published_date,timestamp,open,high,low,close,per_change,traded_quantity,traded_amount,status
2022-06-13,2022-06-13 11:00:00,382.2,382.2,382.2,382.2,0.0,0.25,94.81,0
2022-06-13,2022-06-13 11:01:00,382.2,382.2,382.2,382.2,0.0,0.25,94.81,0
2022-06-13,2022-06-13 11:02:00,382.2,382.2,382.2,382.2,0.0,0.25,94.81,0
2022-06-13,2022-06-13 11:03:00,382.2,382.2,382.2,382.2,0.0,0.25,94.81,0
2022-06-13,2022-06-13 11:04:00,382.2,382.2,382.2,382.2,0.0,0.25,94.81,0
2022-06-13,2022-06-13 11:05:00,382.2,382.2,382.2,382.2,0.0,0.25,94.81,0
2022-06-13,2022-06-13 11:06:00,382.2,382.2,382.2,382.2,0.0,0.25,94.81,0
2022-06-13,2022-06-13 11:07:00,382.2,382.2,382.2,382.2,0.0,0.25,94.81,0
2022-06-13,2022-06-13 11:08:00,382.2,382.2,382.2,382.2,0.0,0.25,94.81,0
2022-06-13,2022-06-13 11:09:00,382.2,382.2,382.2,382.2,0.0,0.25,94.81,0
2022-06-13,2022-06-13 11:10:00,382.2,382.2,382.2,382.2,0.0,0.25,94.81,0
2022-06-13,2022-06-13 11:11:00,382.2,382.2,382.2,382.2,0.0,0.25,94.81,0
2022-06-13,2022-06-13 11:12:00,382.2,382.2,382.2,382.2,0.0,0.25,94.81,0
2022-06-13,2022-06-13 11:13:00,382.2,382.2,382.2,382.2,0.0,0.25,94.81,0
2022-06-13,2022-06-13 11:14:00,382.2,382.2,382.2,382.2,0.0,0.25,94.81,0
2022-06-13,2022-06-13 11:15:00,382.2,382.2,382.2,382.2,0.0,0.25,94.81,0
2022-06-13,2022-06-13 11:16:00,382.2,382.2,382.2,382.2,0.0,0.25,94.81,0
2022-06-13,2022-06-13 11:17:00,382.2,382.2,382.2,382.2,0.0,0.25,94.81,0
2022-06-13,2022-06-13 11:18:00,382.2,382.2,382.2,382.2,0.0,0.25,94.81,0
2022-06-13,2022-06-13 11:19:00,382.2,382.2,382.2,382.2,0.0,0.25,94.81,0
2022-06-13,2022-06-13 11:20:00,382.2,382.2,382.2,382.2,0.0,0.25,94.81,0
2022-06-13,2022-06-13 11:21:00,382.2,382.2,382.2,382.2,0.0,0.25,94.81,0
2022-06-13,2022-06-13 11:22:00,382.2,382.2,382.2,382.2,0.0,0.25,94.81,0
2022-06-13,2022-06-13 11:23:00,382.2,382.2,382.2,382.2,0.0,0.25,94.81,0
2022-06-13,2022-06-13 11:24:00,382.2,382.2,382.2,382.2,0.0,0.25,94.81,0
2022-06-13,2022-06-13 11:25:00,382.2,382.2,382.2,382.2,0.0,0.25,94.81,0
2022-06-13,2022-06-13 11:26:00,382.2,382.2,382.2,382.2,0.0,0.25,94.81,0
2022-06-13,2022-06-13 11:27:00,382.2,382.2,382.2,382.2,0.0,0.25,94.81,0
2022-06-13,2022-06-13 11:28:00,382.2,382.2,382.2,382.2,0.0,0.25,94.81,0
2022-06-13,2022-06-13 11:29:00,382.2,382.2,382.2,382.2,0.0,0.25,94.81,0
2022-06-13,2022-06-13 11:30:00,382.2,382.2,382.2,382.2,0.0,0.25,94.81,0
2022-06-13,2022-06-13 11:31:00,382.2,382.2,382.2,382.2,0.0,0.25,94.81,0
2022-06-13,2022-06-13 11:32:00,382.2,382.2,382.2,382.2,0.0,0.25,94.81,0
2022-06-13,2022-06-13 11:33:00,382.2,382.2,382.2,382.2,0.0,0.25,94.81,0
2022-06-13,2022-06-13 11:34:00,382.2,382.2,382.2,382.2,0.0,0.25,94.81,0
2022-06-13,2022-06-13 11:35:00,382.2,382.2,382.2,382.2,0.0,0.25,94.81,0
2022-06-13,2022-06-13 11:36:00,382.2,382.2,382.2,382.2,0.0,0.25,94.81,0
2022-06-13,2022-06-13 11:37:00,382.2,382.2,382.2,382.2,0.0,0.25,94.81,0
2022-06-13,2022-06-13 11:38:00,382.2,382.2,382.2,382.2,0.0,0.25,94.81,0
2022-06-13,2022-06-13 11:39:00,382.2,382.2,382.2,382.2,0.0,0.25,94.81,0
2022-06-13,2022-06-13 11:40:00,382.2,382.2,382.2,382.2,0.0,0.25,94.81,0
2022-06-13,2022-06-13 11:41:00,382.2,382.2,382.2,382.2,0.0,0.25,94.81,0
2022-06-13,2022-06-13 11:42:00,382.2,382.2,382.2,382.2,0.0,0.25,94.81,0
2022-06-13,2022-06-13 11:43:00,382.2,382.2,382.2,382.2,0.0,0.25,94.81,0
2022-06-13,2022-06-13 11:44:00,382.2,382.2,382.2,382.2,0.0,0.25,94.81,0
2022-06-13,2022-06-13 11:45:00,382.2,382.2,382.2,382.2,0.0,0.25,94.81,0
2022-06-13,2022-06-13 11:46:00,382.2,382.2,382.2,382.2,0.0,0.25,94.81,0
2022-06-13,2022-06-13 11:47:00,382.2,382.2,382.2,382.2,0.0,0.25,94.81,0
2022-06-13,2022-06-13 11:48:00,382.2,382.2,382.2,382.2,0.0,0.25,94.81,0
2022-06-13,2022-06-13 11:49:00,382.2,382.2,382.2,382.2,0.0,0.25,94.81,0
2022-06-13,2022-06-13 11:50:00,382.2,382.2,382.2,382.2,0.0,0.25,94.81,0
2022-06-13,2022-06-13 11:51:00,382.2,382.2,382.2,382.2,0.0,0.25,94.81,0
2022-06-13,2022-06-13 11:52:00,382.2,382.2,382.2,382.2,0.0,0.25,94.81,0
2022-06-13,2022-06-13 11:53:00,382.2,382.2,382.2,382.2,0.0,0.25,94.81,0
2022-06-13,2022-06-13 11:54:00,382.2,382.2,382.2,382.2,0.0,0.25,94.81,0
2022-06-13,2022-06-13 11:55:00,382.2,382.2,382.2,382.2,0.0,0.25,94.81,0
2022-06-13,2022-06-13 11:56:00,382.2,382.2,382.2,382.2,0.0,0.25,94.81,0
2022-06-13,2022-06-13 11:57:00,382.2,382.2,382.2,382.2,0.0,0.25,94.81,0
2022-06-13,2022-06-13 11:58:00,382.2,382.2,382.2,382.2,0.0,0.25,94.81,0
2022-06-13,2022-06-13 11:59:00,382.2,382.2,382.2,382.2,0.0,0.25,94.81,0
2022-06-13,2022-06-13 12:00:00,382.2,382.2,382.2,382.2,0.0,0.25,94.81,0
2022-06-13,2022-06-13 12:01:00,382.2,382.2,382.2,382.2,0.0,0.25,94.81,0
2022-06-13,2022-06-13 12:02:00,382.2,382.2,382.2,382.2,0.0,0.25,94.81,0
2022-06-13,2022-06-13 12:03:00,382.2,382.2,382.2,382.2,0.0,0.25,94.81,0
2022-06-13,2022-06-13 12:04:00,382.2,382.2,382.2,382.2,0.0,0.25,94.81,0
2022-06-13,2022-06-13 12:05:00,382.2,382.2,382.2,382.2,0.0,0.25,94.81,0
2022-06-13,2022-06-13 12:06:00,382.2,382.2,382.2,382.2,0.0,0.25,94.81,0
2022-06-13,2022-06-13 12:07:00,382.2,382.2,382.2,382.2,0.0,0.25,94.81,0
2022-06-13,2022-06-13 12:08:00,382.2,382.2,382.2,382.2,0.0,0.25,94.81,0
2022-06-13,2022-06-13 12:09:00,382.2,382.2,382.2,382.2,0.0,0.25,94.81,0
2022-06-13,2022-06-13 12:10:00,382.2,382.2,382.2,382.2,0.0,0.25,94.81,0
2022-06-13,2022-06-13 12:11:00,382.2,382.2,382.2,382.2,0.0,0.25,94.81,0
2022-06-13,2022-06-13 12:12:00,382.2,382.2,382.2,382.2,0.0,0.25,94.81,0
2022-06-13,2022-06-13 12:13:00,382.2,382.2,382.2,382.2,0.0,0.25,94.81,0
2022-06-13,2022-06-13 12:14:00,382.2,382.2,382.2,382.2,0.0,0.25,94.81,0
2022-06-13,2022-06-13 12:15:00,382.2,382.2,382.2,382.2,0.0,0.25,94.81,0
2022-06-13,2022-06-13 12:16:00,382.2,382.2,382.2,382.2,0.0,0.25,94.81,0
2022-06-13,2022-06-13 12:17:00,382.2,382.2,382.2,382.2,0.0,0.25,94.81,0
2022-06-13,2022-06-13 12:18:00,382.2,382.2,382.2,382.2,0.0,0.25,94.81,0
2022-06-13,2022-06-13 12:19:00,382.2,382.2,382.2,382.2,0.0,0.25,94.81,0
2022-06-13,2022-06-13 12:20:00,382.2,382.2,382.2,382.2,0.0,0.25,94.81,0
2022-06-13,2022-06-13 12:21:00,382.2,382.2,382.2,382.2,0.0,0.25,94.81,0
2022-06-13,2022-06-13 12:22:00,382.2,382.2,382.2,382.2,0.0,0.25,94.81,0
2022-06-13,2022-06-13 12:23:00,382.2,382.2,382.2,382.2,0.0,0.25,94.81,0
2022-06-13,2022-06-13 12:24:00,382.2,382.2,382.2,382.2,0.0,0.25,94.81,0
2022-06-13,2022-06-13 12:25:00,382.2,382.2,382.2,382.2,0.0,0.25,94.81,0
2022-06-13,2022-06-13 12:26:00,382.2,382.2,382.2,382.2,0.0,0.25,94.81,0
2022-06-13,2022-06-13 12:27:00,382.2,382.2,382.2,382.2,0.0,0.25,94.81,0
2022-06-13,2022-06-13 12:28:00,382.2,382.2,382.2,382.2,0.0,0.25,94.81,0
2022-06-13,2022-06-13 12:29:00,382.2,382.2,382.2,382.2,0.0,0.25,94.81,0
2022-06-13,2022-06-13 12:30:00,382.2,382.2,382.2,382.2,0.0,0.25,94.81,0
2022-06-13,2022-06-13 12:31:00,382.2,382.2,382.2,382.2,0.0,0.25,94.81,0
2022-06-13,2022-06-13 12:32:00,382.2,382.2,382.2,382.2,0.0,0.25,94.81,0
2022-06-13,2022-06-13 12:33:00,382.2,382.2,382.2,382.2,0.0,0.25,94.81,0
2022-06-13,2022-06-13 12:34:00,382.2,382.2,382.2,382.2,0.0,0.25,94.81,0
2022-06-13,2022-06-13 12:35:00,382.2,382.2,382.2,382.2,0.0,0.25,94.81,0
2022-06-13,2022-06-13 12:36:00,382.2,382.2,382.2,382.2,0.0,0.25,94.81,0
2022-06-13,2022-06-13 12:37:00,382.2,382.2,382.2,382.2,0.0,0.25,94.81,0
2022-06-13,2022-06-13 12:38:00,382.2,382.2,382.2,382.2,0.0,0.25,94.81,0
2022-06-13,2022-06-13 12:39:00,382.2,382.2,382.2,382.2,0.0,0.25,94.81,0
2022-06-13,2022-06-13 12:40:00,382.2,382.2,382.2,382.2,0.0,0.25,94.81,0
2022-06-13,2022-06-13 12:41:00,382.2,382.2,382.2,382.2,0.0,0.25,94.81,0
2022-06-13,2022-06-13 12:42:00,382.2,382.2,382.2,382.2,0.0,0.25,94.81,0
2022-06-13,2022-06-13 12:43:00,382.2,382.2,382.2,382.2,0.0,0.25,94.81,0
2022-06-13,2022-06-13 12:44:00,382.2,382.2,382.2,382.2,0.0,0.25,94.81,0
2022-06-13,2022-06-13 12:45:00,382.2,382.2,382.2,382.2,0.0,0.25,94.81,0
2022-06-13,2022-06-13 12:46:00,382.2,382.2,382.2,382.2,0.0,0.25,94.81,0
2022-06-13,2022-06-13 12:47:00,382.2,382.2,382.2,382.2,0.0,0.25,94.81,0
2022-06-13,2022-06-13 12:48:00,382.2,382.2,382.2,382.2,0.0,0.25,94.81,0
2022-06-13,2022-06-13 12:49:00,382.2,382.2,382.2,382.2,0.0,0.25,94.81,0
2022-06-13,2022-06-13 12:50:00,382.2,382.2,382.2,382.2,0.0,0.25,94.81,0
2022-06-13,2022-06-13 12:51:00,382.2,382.2,382.2,382.2,0.0,0.25,94.81,0
2022-06-13,2022-06-13 12:52:00,382.2,382.2,382.2,382.2,0.0,0.25,94.81,0
2022-06-13,2022-06-13 12:53:00,382.2,382.2,382.2,382.2,0.0,0.25,94.81,0
2022-06-13,2022-06-13 12:54:00,382.2,382.2,382.2,382.2,0.0,0.25,94.81,0
2022-06-13,2022-06-13 12:55:00,382.2,382.2,382.2,382.2,0.0,0.25,94.81,0
2022-06-13,2022-06-13 12:56:00,382.2,382.2,382.2,382.2,0.0,0.25,94.81,0
2022-06-13,2022-06-13 12:57:00,382.2,382.2,382.2,382.2,0.0,0.25,94.81,0
2022-06-13,2022-06-13 12:58:00,382.2,382.2,382.2,382.2,0.0,0.25,94.81,0
2022-06-13,2022-06-13 12:59:00,382.2,382.2,382.2,382.2,0.0,0.25,94.81,0
2022-06-13,2022-06-13 13:00:00,382.2,382.2,382.2,382.2,0.0,0.25,94.81,0
2022-06-13,2022-06-13 13:01:00,382.2,382.2,382.2,382.2,0.0,0.25,94.81,0
2022-06-13,2022-06-13 13:02:00,382.2,382.2,382.2,382.2,0.0,0.25,94.81,0
2022-06-13,2022-06-13 13:03:00,382.2,382.2,382.2,382.2,0.0,0.25,94.81,0
2022-06-13,2022-06-13 13:04:00,382.2,382.2,382.2,382.2,0.0,0.25,94.81,0
2022-06-13,2022-06-13 13:05:00,382.2,382.2,382.2,382.2,0.0,0.25,94.81,0
2022-06-13,2022-06-13 13:06:00,382.2,382.2,382.2,382.2,0.0,0.25,94.81,0
2022-06-13,2022-06-13 13:07:00,382.2,382.2,382.2,382.2,0.0,0.25,94.81,0
2022-06-13,2022-06-13 13:08:00,382.2,382.2,382.2,382.2,0.0,0.25,94.81,0
2022-06-13,2022-06-13 13:09:00,382.2,382.2,382.2,382.2,0.0,0.25,94.81,0
2022-06-13,2022-06-13 13:10:00,382.2,382.2,382.2,382.2,0.0,0.25,94.81,0
2022-06-13,2022-06-13 13:11:00,382.2,382.2,382.2,382.2,0.0,0.25,94.81,0
2022-06-13,2022-06-13 13:12:00,382.2,382.2,382.2,382.2,0.0,0.25,94.81,0
2022-06-13,2022-06-13 13:13:00,382.2,382.2,382.2,382.2,0.0,0.25,94.81,0
2022-06-13,2022-06-13 13:14:00,382.2,382.2,382.2,382.2,0.0,0.25,94.81,0
2022-06-13,2022-06-13 13:15:00,382.2,382.2,382.2,382.2,0.0,0.25,94.81,0
2022-06-13,2022-06-13 13:16:00,382.2,382.2,382.2,382.2,0.0,0.25,94.81,0
2022-06-13,2022-06-13 13:17:00,382.2,382.2,382.2,382.2,0.0,0.25,94.81,0
2022-06-13,2022-06-13 13:18:00,382.2,382.2,382.2,382.2,0.0,0.25,94.81,0
2022-06-13,2022-06-13 13:19:00,382.2,382.2,382.2,382.2,0.0,0.25,94.81,0
2022-06-13,2022-06-13 13:20:00,382.2,382.2,382.2,382.2,0.0,0.25,94.81,0
2022-06-13,2022-06-13 13:21:00,382.2,382.2,382.2,382.2,0.0,0.25,94.81,0
2022-06-13,2022-06-13 13:22:00,382.2,382.2,382.2,382.2,0.0,0.25,94.81,0
2022-06-13,2022-06-13 13:23:00,382.2,382.2,382.2,382.2,0.0,0.25,94.81,0
2022-06-13,2022-06-13 13:24:00,382.2,382.2,382.2,382.2,0.0,0.25,94.81,0
2022-06-13,2022-06-13 13:25:00,382.2,382.2,382.2,382.2,0.0,0.25,94.81,0
2022-06-13,2022-06-13 13:26:00,382.2,382.2,382.2,382.2,0.0,0.25,94.81,0
2022-06-13,2022-06-13 13:27:00,382.2,382.2,382.2,382.2,0.0,0.25,94.81,0
2022-06-13,2022-06-13 13:28:00,382.2,382.2,382.2,382.2,0.0,0.25,94.81,0
2022-06-13,2022-06-13 13:29:00,382.2,382.2,382.2,382.2,0.0,0.25,94.81,0
2022-06-13,2022-06-13 13:30:00,382.2,382.2,382.2,382.2,0.0,0.25,94.81,0
2022-06-13,2022-06-13 13:31:00,382.2,382.2,382.2,382.2,0.0,0.25,94.81,0
2022-06-13,2022-06-13 13:32:00,382.2,382.2,382.2,382.2,0.0,0.25,94.81,0
2022-06-13,2022-06-13 13:33:00,382.2,382.2,382.2,382.2,0.0,0.25,94.81,0
2022-06-13,2022-06-13 13:34:00,382.2,382.2,382.2,382.2,0.0,0.25,94.81,0
2022-06-13,2022-06-13 13:35:00,382.2,382.2,382.2,382.2,0.0,0.25,94.81,0
2022-06-13,2022-06-13 13:36:00,382.2,382.2,382.2,382.2,0.0,0.25,94.81,0
2022-06-13,2022-06-13 13:37:00,382.2,382.2,382.2,382.2,0.0,0.25,94.81,0
2022-06-13,2022-06-13 13:38:00,382.2,382.2,382.2,382.2,0.0,0.25,94.81,0
2022-06-13,2022-06-13 13:39:00,382.2,382.2,382.2,382.2,0.0,0.25,94.81,0
2022-06-13,2022-06-13 13:40:00,382.2,382.2,382.2,382.2,0.0,0.25,94.81,0
2022-06-13,2022-06-13 13:41:00,382.2,382.2,382.2,382.2,0.0,0.25,94.81,0
2022-06-13,2022-06-13 13:42:00,382.2,382.2,382.2,382.2,0.0,0.25,94.81,0
2022-06-13,2022-06-13 13:43:00,382.2,382.2,382.2,382.2,0.0,0.25,94.81,0
2022-06-13,2022-06-13 13:44:00,382.2,382.2,382.2,382.2,0.0,0.25,94.81,0
2022-06-13,2022-06-13 13:45:00,382.2,382.2,382.2,382.2,0.0,0.25,94.81,0
2022-06-13,2022-06-13 13:46:00,382.2,382.2,382.2,382.2,0.0,0.25,94.81,0
2022-06-13,2022-06-13 13:47:00,382.2,382.2,382.2,382.2,0.0,0.25,94.81,0
2022-06-13,2022-06-13 13:48:00,382.2,382.2,382.2,382.2,0.0,0.25,94.81,0
2022-06-13,2022-06-13 13:49:00,382.2,382.2,382.2,382.2,0.0,0.25,94.81,0
2022-06-13,2022-06-13 13:50:00,382.2,382.2,382.2,382.2,0.0,0.25,94.81,0
2022-06-13,2022-06-13 13:51:00,382.2,382.2,382.2,382.2,0.0,0.25,94.81,0
2022-06-13,2022-06-13 13:52:00,382.2,382.2,382.2,382.2,0.0,0.25,94.81,0
2022-06-13,2022-06-13 13:53:00,382.2,382.2,382.2,382.2,0.0,0.25,94.81,0
2022-06-13,2022-06-13 13:54:00,382.2,382.2,382.2,382.2,0.0,0.25,94.81,0
2022-06-13,2022-06-13 13:55:00,382.2,382.2,382.2,382.2,0.0,0.25,94.81,0
2022-06-13,2022-06-13 13:56:00,382.2,382.2,382.2,382.2,0.0,0.25,94.81,0
2022-06-13,2022-06-13 13:57:00,382.2,382.2,382.2,382.2,0.0,0.25,94.81,0
2022-06-13,2022-06-13 13:58:00,382.2,382.2,382.2,382.2,0.0,0.25,94.81,0
2022-06-13,2022-06-13 13:59:00,382.2,382.2,382.2,382.2,0.0,0.25,94.81,0
2022-06-13,2022-06-13 14:00:00,382.2,382.2,382.2,382.2,0.0,0.25,94.81,0
2022-06-13,2022-06-13 14:01:00,382.2,382.2,382.2,382.2,0.0,0.25,94.81,0
2022-06-13,2022-06-13 14:02:00,382.2,382.2,382.2,382.2,0.0,0.25,94.81,0
2022-06-13,2022-06-13 14:03:00,382.2,382.2,382.2,382.2,0.0,0.25,94.81,0
2022-06-13,2022-06-13 14:04:00,382.2,382.2,382.2,382.2,0.0,0.25,94.81,0
2022-06-13,2022-06-13 14:05:00,382.2,382.2,382.2,382.2,0.0,0.25,94.81,0
2022-06-13,2022-06-13 14:06:00,382.2,382.2,382.2,382.2,0.0,0.25,94.81,0
2022-06-13,2022-06-13 14:07:00,382.2,382.2,382.2,382.2,0.0,0.25,94.81,0
2022-06-13,2022-06-13 14:08:00,382.2,382.2,382.2,382.2,0.0,0.25,94.81,0
2022-06-13,2022-06-13 14:09:00,382.2,382.2,382.2,382.2,0.0,0.25,94.81,0
2022-06-13,2022-06-13 14:10:00,382.2,382.2,382.2,382.2,0.0,0.25,94.81,0
2022-06-13,2022-06-13 14:11:00,382.2,382.2,382.2,382.2,0.0,0.25,94.81,0
2022-06-13,2022-06-13 14:12:00,382.2,382.2,382.2,382.2,0.0,0.25,94.81,0
2022-06-13,2022-06-13 14:13:00,382.2,382.2,382.2,382.2,0.0,0.25,94.81,0
2022-06-13,2022-06-13 14:14:00,382.2,382.2,382.2,382.2,0.0,0.25,94.81,0
2022-06-13,2022-06-13 14:15:00,382.2,382.2,382.2,382.2,0.0,0.25,94.81,0
2022-06-13,2022-06-13 14:16:00,382.2,382.2,382.2,382.2,0.0,0.25,94.81,0
2022-06-13,2022-06-13 14:17:00,382.2,382.2,382.2,382.2,0.0,0.25,94.81,0
2022-06-13,2022-06-13 14:18:00,382.2,382.2,382.2,382.2,0.0,0.25,94.81,0
2022-06-13,2022-06-13 14:19:00,382.2,382.2,382.2,382.2,0.0,0.25,94.81,0
2022-06-13,2022-06-13 14:20:00,382.2,382.2,382.2,382.2,0.0,0.25,94.81,0
2022-06-13,2022-06-13 14:21:00,382.2,382.2,382.2,382.2,0.0,0.25,94.81,0
2022-06-13,2022-06-13 14:22:00,382.2,382.2,382.2,382.2,0.0,0.25,94.81,0
2022-06-13,2022-06-13 14:23:00,382.2,382.2,382.2,382.2,0.0,0.25,94.81,0
2022-06-13,2022-06-13 14:24:00,382.2,382.2,382.2,382.2,0.0,0.25,94.81,0
2022-06-13,2022-06-13 14:25:00,382.2,382.2,382.2,382.2,0.0,0.25,94.81,0
2022-06-13,2022-06-13 14:26:00,382.2,382.2,382.2,382.2,0.0,0.25,94.81,0
2022-06-13,2022-06-13 14:27:00,382.2,382.2,382.2,382.2,0.0,0.25,94.81,0
2022-06-13,2022-06-13 14:28:00,382.2,382.2,382.2,382.2,0.0,0.25,94.81,0
2022-06-13,2022-06-13 14:29:00,382.2,382.2,382.2,382.2,0.0,0.25,94.81,0
2022-06-13,2022-06-13 14:30:00,382.2,382.2,382.2,382.2,0.0,0.25,94.81,0
2022-06-13,2022-06-13 14:31:00,382.2,382.2,382.2,382.2,0.0,0.25,94.81,0
2022-06-13,2022-06-13 14:32:00,382.2,382.2,382.2,382.2,0.0,0.25,94.81,0
2022-06-13,2022-06-13 14:33:00,382.2,382.2,382.2,382.2,0.0,0.25,94.81,0
2022-06-13,2022-06-13 14:34:00,382.2,382.2,382.2,382.2,0.0,0.25,94.81,0
2022-06-13,2022-06-13 14:35:00,382.2,382.2,382.2,382.2,0.0,0.25,94.81,0
2022-06-13,2022-06-13 14:36:00,382.2,382.2,382.2,382.2,0.0,0.25,94.81,0
2022-06-13,2022-06-13 14:37:00,382.2,382.2,382.2,382.2,0.0,0.25,94.81,0
2022-06-13,2022-06-13 14:38:00,382.2,382.2,382.2,382.2,0.0,0.25,94.81,0
2022-06-13,2022-06-13 14:39:00,382.2,382.2,382.2,382.2,0.0,0.25,94.81,0
2022-06-13,2022-06-13 14:40:00,382.2,382.2,382.2,382.2,0.0,0.25,94.81,0
2022-06-13,2022-06-13 14:41:00,382.2,382.2,382.2,382.2,0.0,0.25,94.81,0
2022-06-13,2022-06-13 14:42:00,382.2,382.2,382.2,382.2,0.0,0.25,94.81,0
2022-06-13,2022-06-13 14:43:00,382.2,382.2,382.2,382.2,0.0,0.25,94.81,0
2022-06-13,2022-06-13 14:44:00,382.2,382.2,382.2,382.2,0.0,0.25,94.81,0
2022-06-13,2022-06-13 14:45:00,382.2,382.2,382.2,382.2,0.0,0.25,94.81,0
2022-06-13,2022-06-13 14:46:00,382.2,382.2,382.2,382.2,0.0,0.25,94.81,0
2022-06-13,2022-06-13 14:47:00,382.2,382.2,382.2,382.2,0.0,0.25,94.81,0
2022-06-13,2022-06-13 14:48:00,382.2,382.2,382.2,382.2,0.0,0.25,94.81,0
2022-06-13,2022-06-13 14:49:00,382.2,382.2,382.2,382.2,0.0,0.25,94.81,0
2022-06-13,2022-06-13 14:50:00,382.2,382.2,382.2,382.2,0.0,0.25,94.81,0
2022-06-13,2022-06-13 14:51:00,382.2,382.2,382.2,382.2,0.0,0.25,94.81,0
2022-06-13,2022-06-13 14:52:00,382.2,382.2,382.2,382.2,0.0,0.25,94.81,0
2022-06-13,2022-06-13 14:53:00,382.2,382.2,382.2,382.2,0.0,0.25,94.81,0
2022-06-13,2022-06-13 14:54:00,382.2,382.2,382.2,382.2,0.0,0.25,94.81,0
2022-06-13,2022-06-13 14:55:00,382.2,382.2,382.2,382.2,0.0,0.25,94.81,0
2022-06-13,2022-06-13 14:56:00,382.2,382.2,382.2,382.2,0.0,0.25,94.81,0
2022-06-13,2022-06-13 14:57:00,382.2,382.2,382.2,382.2,0.0,0.25,94.81,0
2022-06-13,2022-06-13 14:58:00,382.2,382.2,382.2,382.2,0.0,0.25,94.81,0
2022-06-13,2022-06-13 14:59:00,382.2,382.2,382.2,382.2,0.0,0.25,94.81,0
2022-06-13,2022-06-13 15:00:00,382.2,382.2,382.2,382.2,0.0,0.25,94.81,0
2022-06-15,2022-06-15 11:00:00,389.8,398.98,389.8,389.93,0.03,0.25,100.03,1
2022-06-15,2022-06-15 11:01:00,389.93,390.06,389.93,390.06,0.03,0.25,100.03,1
2022-06-15,2022-06-15 11:02:00,390.06,390.18,390.06,390.18,0.03,0.25,100.03,1
2022-06-15,2022-06-15 11:03:00,390.18,390.31,390.18,390.31,0.03,0.25,100.03,1
2022-06-15,2022-06-15 11:04:00,390.31,390.44,390.31,390.44,0.03,0.25,100.03,1
2022-06-15,2022-06-15 11:05:00,390.44,390.56,390.44,390.56,0.03,0.25,100.03,1
2022-06-15,2022-06-15 11:06:00,390.56,390.69,390.56,390.69,0.03,0.25,100.03,1
2022-06-15,2022-06-15 11:07:00,390.69,390.82,390.69,390.82,0.03,0.25,100.03,1
2022-06-15,2022-06-15 11:08:00,390.82,390.95,390.82,390.95,0.03,0.25,100.03,1
2022-06-15,2022-06-15 11:09:00,390.95,391.07,390.95,391.07,0.03,0.25,100.03,1
2022-06-15,2022-06-15 11:10:00,391.07,391.2,391.07,391.2,0.03,0.25,100.03,1
2022-06-15,2022-06-15 11:11:00,391.2,391.33,391.2,391.33,0.03,0.25,100.03,1
2022-06-15,2022-06-15 11:12:00,391.33,391.46,391.33,391.46,0.03,0.25,100.03,1
2022-06-15,2022-06-15 11:13:00,391.46,391.59,391.46,391.59,0.03,0.25,100.03,1
2022-06-15,2022-06-15 11:14:00,391.59,391.71,391.59,391.71,0.03,0.25,100.03,1
2022-06-15,2022-06-15 11:15:00,391.71,391.84,391.71,391.84,0.03,0.25,100.03,1
2022-06-15,2022-06-15 11:16:00,391.84,391.97,391.84,391.97,0.03,0.25,100.03,1
2022-06-15,2022-06-15 11:17:00,391.97,392.1,391.97,392.1,0.03,0.25,100.03,1
2022-06-15,2022-06-15 11:18:00,392.1,392.22,392.1,392.22,0.03,0.25,100.03,1
2022-06-15,2022-06-15 11:19:00,392.22,392.35,392.22,392.35,0.03,0.25,100.03,1
2022-06-15,2022-06-15 11:20:00,392.35,392.48,392.35,392.48,0.03,0.25,100.03,1
2022-06-15,2022-06-15 11:21:00,392.48,392.61,392.48,392.61,0.03,0.25,100.03,1
2022-06-15,2022-06-15 11:22:00,392.61,392.73,392.61,392.73,0.03,0.25,100.03,1
2022-06-15,2022-06-15 11:23:00,392.73,392.86,392.73,392.86,0.03,0.25,100.03,1
2022-06-15,2022-06-15 11:24:00,392.86,392.99,392.86,392.99,0.03,0.25,100.03,1
2022-06-15,2022-06-15 11:25:00,392.99,393.12,392.99,393.12,0.03,0.25,100.03,1
2022-06-15,2022-06-15 11:26:00,393.12,393.24,393.12,393.24,0.03,0.25,100.03,1
2022-06-15,2022-06-15 11:27:00,393.24,393.37,393.24,393.37,0.03,0.25,100.03,1
2022-06-15,2022-06-15 11:28:00,393.37,393.5,393.37,393.5,0.03,0.25,100.03,1
2022-06-15,2022-06-15 11:29:00,393.5,393.62,393.5,393.62,0.03,0.25,100.03,1
2022-06-15,2022-06-15 11:30:00,393.62,393.75,393.62,393.75,0.03,0.25,100.03,1
2022-06-15,2022-06-15 11:31:00,393.75,393.88,393.75,393.88,0.03,0.25,100.03,1
2022-06-15,2022-06-15 11:32:00,393.88,394.01,393.88,394.01,0.03,0.25,100.03,1
2022-06-15,2022-06-15 11:33:00,394.01,394.13,394.01,394.13,0.03,0.25,100.03,1
2022-06-15,2022-06-15 11:34:00,394.13,394.26,394.13,394.26,0.03,0.25,100.03,1
2022-06-15,2022-06-15 11:35:00,394.26,394.39,394.26,394.39,0.03,0.25,100.03,1
2022-06-15,2022-06-15 11:36:00,394.39,394.52,394.39,394.52,0.03,0.25,100.03,1
2022-06-15,2022-06-15 11:37:00,394.52,394.64,394.52,394.64,0.03,0.25,100.03,1
2022-06-15,2022-06-15 11:38:00,394.64,394.77,394.64,394.77,0.03,0.25,100.03,1
2022-06-15,2022-06-15 11:39:00,394.77,394.9,394.77,394.9,0.03,0.25,100.03,1
2022-06-15,2022-06-15 11:40:00,394.9,395.03,394.9,395.03,0.03,0.25,100.03,1
2022-06-15,2022-06-15 11:41:00,395.03,395.16,395.03,395.16,0.03,0.25,100.03,1
2022-06-15,2022-06-15 11:42:00,395.16,395.28,395.16,395.28,0.03,0.25,100.03,1
2022-06-15,2022-06-15 11:43:00,395.28,395.41,395.28,395.41,0.03,0.25,100.03,1
2022-06-15,2022-06-15 11:44:00,395.41,395.54,395.41,395.54,0.03,0.25,100.03,1
2022-06-15,2022-06-15 11:45:00,395.54,395.67,395.54,395.67,0.03,0.25,100.03,1
2022-06-15,2022-06-15 11:46:00,395.67,395.79,395.67,395.79,0.03,0.25,100.03,1
2022-06-15,2022-06-15 11:47:00,395.79,395.92,395.79,395.92,0.03,0.25,100.03,1
2022-06-15,2022-06-15 11:48:00,395.92,396.05,395.92,396.05,0.03,0.25,100.03,1
2022-06-15,2022-06-15 11:49:00,396.05,396.18,396.05,396.18,0.03,0.25,100.03,1
2022-06-15,2022-06-15 11:50:00,396.18,396.3,396.18,396.3,0.03,0.25,100.03,1
2022-06-15,2022-06-15 11:51:00,396.3,396.43,396.3,396.43,0.03,0.25,100.03,1
2022-06-15,2022-06-15 11:52:00,396.43,396.56,396.43,396.56,0.03,0.25,100.03,1
2022-06-15,2022-06-15 11:53:00,396.56,396.69,396.56,396.69,0.03,0.25,100.03,1
2022-06-15,2022-06-15 11:54:00,396.69,396.81,396.69,396.81,0.03,0.25,100.03,1
2022-06-15,2022-06-15 11:55:00,396.81,396.94,396.81,396.94,0.03,0.25,100.03,1
2022-06-15,2022-06-15 11:56:00,396.94,397.07,396.94,397.07,0.03,0.25,100.03,1
2022-06-15,2022-06-15 11:57:00,397.07,397.19,397.07,397.19,0.03,0.25,100.03,1
2022-06-15,2022-06-15 11:58:00,397.19,397.32,397.19,397.32,0.03,0.25,100.03,1
2022-06-15,2022-06-15 11:59:00,397.32,397.45,397.32,397.45,0.03,0.25,100.03,1
2022-06-15,2022-06-15 12:00:00,397.45,397.58,397.45,397.58,0.03,0.25,100.03,1
2022-06-15,2022-06-15 12:01:00,397.58,397.7,397.58,397.7,0.03,0.25,100.03,1
2022-06-15,2022-06-15 12:02:00,397.7,397.83,397.7,397.83,0.03,0.25,100.03,1
2022-06-15,2022-06-15 12:03:00,397.83,397.96,397.83,397.96,0.03,0.25,100.03,1
2022-06-15,2022-06-15 12:04:00,397.96,398.09,397.96,398.09,0.03,0.25,100.03,1
2022-06-15,2022-06-15 12:05:00,398.09,398.22,398.09,398.22,0.03,0.25,100.03,1
2022-06-15,2022-06-15 12:06:00,398.22,398.34,398.22,398.34,0.03,0.25,100.03,1
2022-06-15,2022-06-15 12:07:00,398.34,398.47,398.34,398.47,0.03,0.25,100.03,1
2022-06-15,2022-06-15 12:08:00,398.47,398.6,398.47,398.6,0.03,0.25,100.03,1
2022-06-15,2022-06-15 12:09:00,398.6,398.73,398.6,398.73,0.03,0.25,100.03,1
2022-06-15,2022-06-15 12:10:00,398.73,398.85,398.73,398.85,0.03,0.25,100.03,1
2022-06-15,2022-06-15 12:11:00,398.85,398.98,398.85,398.98,0.03,0.25,100.03,1
2022-06-15,2022-06-15 12:12:00,398.98,399.11,398.98,399.11,0.03,0.25,100.03,1
2022-06-15,2022-06-15 12:13:00,399.11,399.24,399.11,399.24,0.03,0.25,100.03,1
2022-06-15,2022-06-15 12:14:00,399.24,399.36,399.24,399.36,0.03,0.25,100.03,1
2022-06-15,2022-06-15 12:15:00,399.36,399.49,399.36,399.49,0.03,0.25,100.03,1
2022-06-15,2022-06-15 12:16:00,399.49,399.62,399.49,399.62,0.03,0.25,100.03,1
2022-06-15,2022-06-15 12:17:00,399.62,399.75,399.62,399.75,0.03,0.25,100.03,1
2022-06-15,2022-06-15 12:18:00,399.75,399.87,399.75,399.87,0.03,0.25,100.03,1
2022-06-15,2022-06-15 12:19:00,399.87,400.0,399.87,400.0,0.03,0.25,100.03,1
2022-06-15,2022-06-15 12:20:00,400.0,400.13,400.0,400.13,0.03,0.25,100.03,1
2022-06-15,2022-06-15 12:21:00,400.13,400.25,400.13,400.25,0.03,0.25,100.03,1
2022-06-15,2022-06-15 12:22:00,400.25,400.38,400.25,400.38,0.03,0.25,100.03,1
2022-06-15,2022-06-15 12:23:00,400.38,400.51,400.38,400.51,0.03,0.25,100.03,1
2022-06-15,2022-06-15 12:24:00,400.51,400.64,400.51,400.64,0.03,0.25,100.03,1
2022-06-15,2022-06-15 12:25:00,400.64,400.76,400.64,400.76,0.03,0.25,100.03,1
2022-06-15,2022-06-15 12:26:00,400.76,400.89,400.76,400.89,0.03,0.25,100.03,1
2022-06-15,2022-06-15 12:27:00,400.89,401.02,400.89,401.02,0.03,0.25,100.03,1
2022-06-15,2022-06-15 12:28:00,401.02,401.15,401.02,401.15,0.03,0.25,100.03,1
2022-06-15,2022-06-15 12:29:00,401.15,401.27,401.15,401.27,0.03,0.25,100.03,1
2022-06-15,2022-06-15 12:30:00,401.27,401.4,401.27,401.4,0.03,0.25,100.03,1
2022-06-15,2022-06-15 12:31:00,401.4,401.53,401.4,401.53,0.03,0.25,100.03,1
2022-06-15,2022-06-15 12:32:00,401.53,401.66,401.53,401.66,0.03,0.25,100.03,1
2022-06-15,2022-06-15 12:33:00,401.66,401.79,401.66,401.79,0.03,0.25,100.03,1
2022-06-15,2022-06-15 12:34:00,401.79,401.91,401.79,401.91,0.03,0.25,100.03,1
2022-06-15,2022-06-15 12:35:00,401.91,402.04,401.91,402.04,0.03,0.25,100.03,1
2022-06-15,2022-06-15 12:36:00,402.04,402.17,402.04,402.17,0.03,0.25,100.03,1
2022-06-15,2022-06-15 12:37:00,402.17,402.3,402.17,402.3,0.03,0.25,100.03,1
2022-06-15,2022-06-15 12:38:00,402.3,402.42,402.3,402.42,0.03,0.25,100.03,1
2022-06-15,2022-06-15 12:39:00,402.42,402.55,402.42,402.55,0.03,0.25,100.03,1
2022-06-15,2022-06-15 12:40:00,402.55,402.68,402.55,402.68,0.03,0.25,100.03,1
2022-06-15,2022-06-15 12:41:00,402.68,402.81,402.68,402.81,0.03,0.25,100.03,1
2022-06-15,2022-06-15 12:42:00,402.81,402.93,402.81,402.93,0.03,0.25,100.03,1
2022-06-15,2022-06-15 12:43:00,402.93,403.06,402.93,403.06,0.03,0.25,100.03,1
2022-06-15,2022-06-15 12:44:00,403.06,403.19,403.06,403.19,0.03,0.25,100.03,1
2022-06-15,2022-06-15 12:45:00,403.19,403.31,403.19,403.31,0.03,0.25,100.03,1
2022-06-15,2022-06-15 12:46:00,403.31,403.44,403.31,403.44,0.03,0.25,100.03,1
2022-06-15,2022-06-15 12:47:00,403.44,403.57,403.44,403.57,0.03,0.25,100.03,1
2022-06-15,2022-06-15 12:48:00,403.57,403.7,403.57,403.7,0.03,0.25,100.03,1
2022-06-15,2022-06-15 12:49:00,403.7,403.82,403.7,403.82,0.03,0.25,100.03,1
2022-06-15,2022-06-15 12:50:00,403.82,403.95,403.82,403.95,0.03,0.25,100.03,1
2022-06-15,2022-06-15 12:51:00,403.95,404.08,403.95,404.08,0.03,0.25,100.03,1
2022-06-15,2022-06-15 12:52:00,404.08,404.21,404.08,404.21,0.03,0.25,100.03,1
2022-06-15,2022-06-15 12:53:00,404.21,404.33,404.21,404.33,0.03,0.25,100.03,1
2022-06-15,2022-06-15 12:54:00,404.33,404.46,404.33,404.46,0.03,0.25,100.03,1
2022-06-15,2022-06-15 12:55:00,404.46,404.59,404.46,404.59,0.03,0.25,100.03,1
2022-06-15,2022-06-15 12:56:00,404.59,404.72,404.59,404.72,0.03,0.25,100.03,1
2022-06-15,2022-06-15 12:57:00,404.72,404.84,404.72,404.84,0.03,0.25,100.03,1
2022-06-15,2022-06-15 12:58:00,404.84,404.97,404.84,404.97,0.03,0.25,100.03,1
2022-06-15,2022-06-15 12:59:00,404.97,405.1,404.97,405.1,0.03,0.25,100.03,1
2022-06-15,2022-06-15 13:00:00,405.1,420.4,389.8,405.23,0.03,0.25,100.03,1
2022-06-15,2022-06-15 13:01:00,405.23,405.36,405.23,405.36,0.03,0.25,100.03,1
2022-06-15,2022-06-15 13:02:00,405.36,405.48,405.36,405.48,0.03,0.25,100.03,1
2022-06-15,2022-06-15 13:03:00,405.48,405.61,405.48,405.61,0.03,0.25,100.03,1
2022-06-15,2022-06-15 13:04:00,405.61,405.74,405.61,405.74,0.03,0.25,100.03,1
2022-06-15,2022-06-15 13:05:00,405.74,405.87,405.74,405.87,0.03,0.25,100.03,1
2022-06-15,2022-06-15 13:06:00,405.87,405.99,405.87,405.99,0.03,0.25,100.03,1
2022-06-15,2022-06-15 13:07:00,405.99,406.12,405.99,406.12,0.03,0.25,100.03,1
2022-06-15,2022-06-15 13:08:00,406.12,406.25,406.12,406.25,0.03,0.25,100.03,1
2022-06-15,2022-06-15 13:09:00,406.25,406.38,406.25,406.38,0.03,0.25,100.03,1
2022-06-15,2022-06-15 13:10:00,406.38,406.5,406.38,406.5,0.03,0.25,100.03,1
2022-06-15,2022-06-15 13:11:00,406.5,406.63,406.5,406.63,0.03,0.25,100.03,1
2022-06-15,2022-06-15 13:12:00,406.63,406.76,406.63,406.76,0.03,0.25,100.03,1
2022-06-15,2022-06-15 13:13:00,406.76,406.88,406.76,406.88,0.03,0.25,100.03,1
2022-06-15,2022-06-15 13:14:00,406.88,407.01,406.88,407.01,0.03,0.25,100.03,1
2022-06-15,2022-06-15 13:15:00,407.01,407.14,407.01,407.14,0.03,0.25,100.03,1
2022-06-15,2022-06-15 13:16:00,407.14,407.27,407.14,407.27,0.03,0.25,100.03,1
2022-06-15,2022-06-15 13:17:00,407.27,407.39,407.27,407.39,0.03,0.25,100.03,1
2022-06-15,2022-06-15 13:18:00,407.39,407.52,407.39,407.52,0.03,0.25,100.03,1
2022-06-15,2022-06-15 13:19:00,407.52,407.65,407.52,407.65,0.03,0.25,100.03,1
2022-06-15,2022-06-15 13:20:00,407.65,407.78,407.65,407.78,0.03,0.25,100.03,1
2022-06-15,2022-06-15 13:21:00,407.78,407.9,407.78,407.9,0.03,0.25,100.03,1
2022-06-15,2022-06-15 13:22:00,407.9,408.03,407.9,408.03,0.03,0.25,100.03,1
2022-06-15,2022-06-15 13:23:00,408.03,408.16,408.03,408.16,0.03,0.25,100.03,1
2022-06-15,2022-06-15 13:24:00,408.16,408.29,408.16,408.29,0.03,0.25,100.03,1
2022-06-15,2022-06-15 13:25:00,408.29,408.41,408.29,408.41,0.03,0.25,100.03,1
2022-06-15,2022-06-15 13:26:00,408.41,408.54,408.41,408.54,0.03,0.25,100.03,1
2022-06-15,2022-06-15 13:27:00,408.54,408.67,408.54,408.67,0.03,0.25,100.03,1
2022-06-15,2022-06-15 13:28:00,408.67,408.8,408.67,408.8,0.03,0.25,100.03,1
2022-06-15,2022-06-15 13:29:00,408.8,408.93,408.8,408.93,0.03,0.25,100.03,1
2022-06-15,2022-06-15 13:30:00,408.93,409.05,408.93,409.05,0.03,0.25,100.03,1
2022-06-15,2022-06-15 13:31:00,409.05,409.18,409.05,409.18,0.03,0.25,100.03,1
2022-06-15,2022-06-15 13:32:00,409.18,409.31,409.18,409.31,0.03,0.25,100.03,1
2022-06-15,2022-06-15 13:33:00,409.31,409.44,409.31,409.44,0.03,0.25,100.03,1
2022-06-15,2022-06-15 13:34:00,409.44,409.56,409.44,409.56,0.03,0.25,100.03,1
2022-06-15,2022-06-15 13:35:00,409.56,409.69,409.56,409.69,0.03,0.25,100.03,1
2022-06-15,2022-06-15 13:36:00,409.69,409.82,409.69,409.82,0.03,0.25,100.03,1
2022-06-15,2022-06-15 13:37:00,409.82,409.94,409.82,409.94,0.03,0.25,100.03,1
2022-06-15,2022-06-15 13:38:00,409.94,410.07,409.94,410.07,0.03,0.25,100.03,1
2022-06-15,2022-06-15 13:39:00,410.07,410.2,410.07,410.2,0.03,0.25,100.03,1
2022-06-15,2022-06-15 13:40:00,410.2,410.33,410.2,410.33,0.03,0.25,100.03,1
2022-06-15,2022-06-15 13:41:00,410.33,410.45,410.33,410.45,0.03,0.25,100.03,1
2022-06-15,2022-06-15 13:42:00,410.45,410.58,410.45,410.58,0.03,0.25,100.03,1
2022-06-15,2022-06-15 13:43:00,410.58,410.71,410.58,410.71,0.03,0.25,100.03,1
2022-06-15,2022-06-15 13:44:00,410.71,410.84,410.71,410.84,0.03,0.25,100.03,1
2022-06-15,2022-06-15 13:45:00,410.84,410.96,410.84,410.96,0.03,0.25,100.03,1
2022-06-15,2022-06-15 13:46:00,410.96,411.09,410.96,411.09,0.03,0.25,100.03,1
2022-06-15,2022-06-15 13:47:00,411.09,411.22,411.09,411.22,0.03,0.25,100.03,1
2022-06-15,2022-06-15 13:48:00,411.22,411.35,411.22,411.35,0.03,0.25,100.03,1
2022-06-15,2022-06-15 13:49:00,411.35,411.47,411.35,411.47,0.03,0.25,100.03,1
2022-06-15,2022-06-15 13:50:00,411.47,411.6,411.47,411.6,0.03,0.25,100.03,1
2022-06-15,2022-06-15 13:51:00,411.6,411.73,411.6,411.73,0.03,0.25,100.03,1
2022-06-15,2022-06-15 13:52:00,411.73,411.86,411.73,411.86,0.03,0.25,100.03,1
2022-06-15,2022-06-15 13:53:00,411.86,411.99,411.86,411.99,0.03,0.25,100.03,1
2022-06-15,2022-06-15 13:54:00,411.99,412.11,411.99,412.11,0.03,0.25,100.03,1
2022-06-15,2022-06-15 13:55:00,412.11,412.24,412.11,412.24,0.03,0.25,100.03,1
2022-06-15,2022-06-15 13:56:00,412.24,412.37,412.24,412.37,0.03,0.25,100.03,1
2022-06-15,2022-06-15 13:57:00,412.37,412.5,412.37,412.5,0.03,0.25,100.03,1
2022-06-15,2022-06-15 13:58:00,412.5,412.62,412.5,412.62,0.03,0.25,100.03,1
2022-06-15,2022-06-15 13:59:00,412.62,412.75,412.62,412.75,0.03,0.25,100.03,1
2022-06-15,2022-06-15 14:00:00,412.75,412.88,412.75,412.88,0.03,0.25,100.03,1
2022-06-15,2022-06-15 14:01:00,412.88,413.0,412.88,413.0,0.03,0.25,100.03,1
2022-06-15,2022-06-15 14:02:00,413.0,413.13,413.0,413.13,0.03,0.25,100.03,1
2022-06-15,2022-06-15 14:03:00,413.13,413.26,413.13,413.26,0.03,0.25,100.03,1
2022-06-15,2022-06-15 14:04:00,413.26,413.39,413.26,413.39,0.03,0.25,100.03,1
2022-06-15,2022-06-15 14:05:00,413.39,413.51,413.39,413.51,0.03,0.25,100.03,1
2022-06-15,2022-06-15 14:06:00,413.51,413.64,413.51,413.64,0.03,0.25,100.03,1
2022-06-15,2022-06-15 14:07:00,413.64,413.77,413.64,413.77,0.03,0.25,100.03,1
2022-06-15,2022-06-15 14:08:00,413.77,413.9,413.77,413.9,0.03,0.25,100.03,1
2022-06-15,2022-06-15 14:09:00,413.9,414.02,413.9,414.02,0.03,0.25,100.03,1
2022-06-15,2022-06-15 14:10:00,414.02,414.15,414.02,414.15,0.03,0.25,100.03,1
2022-06-15,2022-06-15 14:11:00,414.15,414.28,414.15,414.28,0.03,0.25,100.03,1
2022-06-15,2022-06-15 14:12:00,414.28,414.41,414.28,414.41,0.03,0.25,100.03,1
2022-06-15,2022-06-15 14:13:00,414.41,414.53,414.41,414.53,0.03,0.25,100.03,1
2022-06-15,2022-06-15 14:14:00,414.53,414.66,414.53,414.66,0.03,0.25,100.03,1
2022-06-15,2022-06-15 14:15:00,414.66,414.79,414.66,414.79,0.03,0.25,100.03,1
2022-06-15,2022-06-15 14:16:00,414.79,414.92,414.79,414.92,0.03,0.25,100.03,1
2022-06-15,2022-06-15 14:17:00,414.92,415.04,414.92,415.04,0.03,0.25,100.03,1
2022-06-15,2022-06-15 14:18:00,415.04,415.17,415.04,415.17,0.03,0.25,100.03,1
2022-06-15,2022-06-15 14:19:00,415.17,415.3,415.17,415.3,0.03,0.25,100.03,1
2022-06-15,2022-06-15 14:20:00,415.3,415.43,415.3,415.43,0.03,0.25,100.03,1
2022-06-15,2022-06-15 14:21:00,415.43,415.56,415.43,415.56,0.03,0.25,100.03,1
2022-06-15,2022-06-15 14:22:00,415.56,415.68,415.56,415.68,0.03,0.25,100.03,1
2022-06-15,2022-06-15 14:23:00,415.68,415.81,415.68,415.81,0.03,0.25,100.03,1
2022-06-15,2022-06-15 14:24:00,415.81,415.94,415.81,415.94,0.03,0.25,100.03,1
2022-06-15,2022-06-15 14:25:00,415.94,416.06,415.94,416.06,0.03,0.25,100.03,1
2022-06-15,2022-06-15 14:26:00,416.06,416.19,416.06,416.19,0.03,0.25,100.03,1
2022-06-15,2022-06-15 14:27:00,416.19,416.32,416.19,416.32,0.03,0.25,100.03,1
2022-06-15,2022-06-15 14:28:00,416.32,416.45,416.32,416.45,0.03,0.25,100.03,1
2022-06-15,2022-06-15 14:29:00,416.45,416.57,416.45,416.57,0.03,0.25,100.03,1
2022-06-15,2022-06-15 14:30:00,416.57,416.7,416.57,416.7,0.03,0.25,100.03,1
2022-06-15,2022-06-15 14:31:00,416.7,416.83,416.7,416.83,0.03,0.25,100.03,1
2022-06-15,2022-06-15 14:32:00,416.83,416.96,416.83,416.96,0.03,0.25,100.03,1
2022-06-15,2022-06-15 14:33:00,416.96,417.08,416.96,417.08,0.03,0.25,100.03,1
2022-06-15,2022-06-15 14:34:00,417.08,417.21,417.08,417.21,0.03,0.25,100.03,1
2022-06-15,2022-06-15 14:35:00,417.21,417.34,417.21,417.34,0.03,0.25,100.03,1
2022-06-15,2022-06-15 14:36:00,417.34,417.47,417.34,417.47,0.03,0.25,100.03,1
2022-06-15,2022-06-15 14:37:00,417.47,417.59,417.47,417.59,0.03,0.25,100.03,1
2022-06-15,2022-06-15 14:38:00,417.59,417.72,417.59,417.72,0.03,0.25,100.03,1
2022-06-15,2022-06-15 14:39:00,417.72,417.85,417.72,417.85,0.03,0.25,100.03,1
2022-06-15,2022-06-15 14:40:00,417.85,417.98,417.85,417.98,0.03,0.25,100.03,1
2022-06-15,2022-06-15 14:41:00,417.98,418.1,417.98,418.1,0.03,0.25,100.03,1
2022-06-15,2022-06-15 14:42:00,418.1,418.23,418.1,418.23,0.03,0.25,100.03,1
2022-06-15,2022-06-15 14:43:00,418.23,418.36,418.23,418.36,0.03,0.25,100.03,1
2022-06-15,2022-06-15 14:44:00,418.36,418.49,418.36,418.49,0.03,0.25,100.03,1
2022-06-15,2022-06-15 14:45:00,418.49,418.61,418.49,418.61,0.03,0.25,100.03,1
2022-06-15,2022-06-15 14:46:00,418.61,418.74,418.61,418.74,0.03,0.25,100.03,1
2022-06-15,2022-06-15 14:47:00,418.74,418.87,418.74,418.87,0.03,0.25,100.03,1
2022-06-15,2022-06-15 14:48:00,418.87,419.0,418.87,419.0,0.03,0.25,100.03,1
2022-06-15,2022-06-15 14:49:00,419.0,419.12,419.0,419.12,0.03,0.25,100.03,1
2022-06-15,2022-06-15 14:50:00,419.12,419.25,419.12,419.25,0.03,0.25,100.03,1
2022-06-15,2022-06-15 14:51:00,419.25,419.38,419.25,419.38,0.03,0.25,100.03,1
2022-06-15,2022-06-15 14:52:00,419.38,419.51,419.38,419.51,0.03,0.25,100.03,1
2022-06-15,2022-06-15 14:53:00,419.51,419.63,419.51,419.63,0.03,0.25,100.03,1
2022-06-15,2022-06-15 14:54:00,419.63,419.76,419.63,419.76,0.03,0.25,100.03,1
2022-06-15,2022-06-15 14:55:00,419.76,419.89,419.76,419.89,0.03,0.25,100.03,1
2022-06-15,2022-06-15 14:56:00,419.89,420.02,419.89,420.02,0.03,0.25,100.03,1
2022-06-15,2022-06-15 14:57:00,420.02,420.14,420.02,420.14,0.03,0.25,100.03,1
2022-06-15,2022-06-15 14:58:00,420.14,420.27,420.14,420.27,0.03,0.25,100.03,1
2022-06-15,2022-06-15 14:59:00,420.27,420.4,420.27,420.4,0.03,0.25,100.03,1
2022-06-15,2022-06-15 15:00:00,420.4,420.4,389.8,420.4,0.0,0.25,100.03,0
2022-06-17,2022-06-17 11:00:00,428.8,431.35,428.8,428.84,0.01,0.08,35.94,1
2022-06-17,2022-06-17 11:01:00,428.84,428.87,428.84,428.87,0.01,0.08,35.94,1
2022-06-17,2022-06-17 11:02:00,428.87,428.91,428.87,428.91,0.01,0.08,35.94,1
2022-06-17,2022-06-17 11:03:00,428.91,428.94,428.91,428.94,0.01,0.08,35.94,1
2022-06-17,2022-06-17 11:04:00,428.94,428.98,428.94,428.98,0.01,0.08,35.94,1
2022-06-17,2022-06-17 11:05:00,428.98,429.01,428.98,429.01,0.01,0.08,35.94,1
2022-06-17,2022-06-17 11:06:00,429.01,429.05,429.01,429.05,0.01,0.08,35.94,1
2022-06-17,2022-06-17 11:07:00,429.05,429.08,429.05,429.08,0.01,0.08,35.94,1
2022-06-17,2022-06-17 11:08:00,429.08,429.12,429.08,429.12,0.01,0.08,35.94,1
2022-06-17,2022-06-17 11:09:00,429.12,429.15,429.12,429.15,0.01,0.08,35.94,1
2022-06-17,2022-06-17 11:10:00,429.15,429.19,429.15,429.19,0.01,0.08,35.94,1
2022-06-17,2022-06-17 11:11:00,429.19,429.23,429.19,429.23,0.01,0.08,35.94,1
2022-06-17,2022-06-17 11:12:00,429.23,429.26,429.23,429.26,0.01,0.08,35.94,1
2022-06-17,2022-06-17 11:13:00,429.26,429.3,429.26,429.3,0.01,0.08,35.94,1
2022-06-17,2022-06-17 11:14:00,429.3,429.33,429.3,429.33,0.01,0.08,35.94,1
2022-06-17,2022-06-17 11:15:00,429.33,429.37,429.33,429.37,0.01,0.08,35.94,1
2022-06-17,2022-06-17 11:16:00,429.37,429.4,429.37,429.4,0.01,0.08,35.94,1
2022-06-17,2022-06-17 11:17:00,429.4,429.44,429.4,429.44,0.01,0.08,35.94,1
2022-06-17,2022-06-17 11:18:00,429.44,429.47,429.44,429.47,0.01,0.08,35.94,1
2022-06-17,2022-06-17 11:19:00,429.47,429.51,429.47,429.51,0.01,0.08,35.94,1
2022-06-17,2022-06-17 11:20:00,429.51,429.54,429.51,429.54,0.01,0.08,35.94,1
2022-06-17,2022-06-17 11:21:00,429.54,429.58,429.54,429.58,0.01,0.08,35.94,1
2022-06-17,2022-06-17 11:22:00,429.58,429.61,429.58,429.61,0.01,0.08,35.94,1
2022-06-17,2022-06-17 11:23:00,429.61,429.65,429.61,429.65,0.01,0.08,35.94,1
2022-06-17,2022-06-17 11:24:00,429.65,429.69,429.65,429.69,0.01,0.08,35.94,1
2022-06-17,2022-06-17 11:25:00,429.69,429.72,429.69,429.72,0.01,0.08,35.94,1
2022-06-17,2022-06-17 11:26:00,429.72,429.76,429.72,429.76,0.01,0.08,35.94,1
2022-06-17,2022-06-17 11:27:00,429.76,429.79,429.76,429.79,0.01,0.08,35.94,1
2022-06-17,2022-06-17 11:28:00,429.79,429.83,429.79,429.83,0.01,0.08,35.94,1
2022-06-17,2022-06-17 11:29:00,429.83,429.86,429.83,429.86,0.01,0.08,35.94,1
2022-06-17,2022-06-17 11:30:00,429.86,429.9,429.86,429.9,0.01,0.08,35.94,1
2022-06-17,2022-06-17 11:31:00,429.9,429.93,429.9,429.93,0.01,0.08,35.94,1
2022-06-17,2022-06-17 11:32:00,429.93,429.97,429.93,429.97,0.01,0.08,35.94,1
2022-06-17,2022-06-17 11:33:00,429.97,430.0,429.97,430.0,0.01,0.08,35.94,1
2022-06-17,2022-06-17 11:34:00,430.0,430.04,430.0,430.04,0.01,0.08,35.94,1
2022-06-17,2022-06-17 11:35:00,430.04,430.07,430.04,430.07,0.01,0.08,35.94,1
2022-06-17,2022-06-17 11:36:00,430.07,430.11,430.07,430.11,0.01,0.08,35.94,1
2022-06-17,2022-06-17 11:37:00,430.11,430.15,430.11,430.15,0.01,0.08,35.94,1
2022-06-17,2022-06-17 11:38:00,430.15,430.18,430.15,430.18,0.01,0.08,35.94,1
2022-06-17,2022-06-17 11:39:00,430.18,430.22,430.18,430.22,0.01,0.08,35.94,1
2022-06-17,2022-06-17 11:40:00,430.22,430.25,430.22,430.25,0.01,0.08,35.94,1
2022-06-17,2022-06-17 11:41:00,430.25,430.29,430.25,430.29,0.01,0.08,35.94,1
2022-06-17,2022-06-17 11:42:00,430.29,430.32,430.29,430.32,0.01,0.08,35.94,1
2022-06-17,2022-06-17 11:43:00,430.32,430.36,430.32,430.36,0.01,0.08,35.94,1
2022-06-17,2022-06-17 11:44:00,430.36,430.39,430.36,430.39,0.01,0.08,35.94,1
2022-06-17,2022-06-17 11:45:00,430.39,430.43,430.39,430.43,0.01,0.08,35.94,1
2022-06-17,2022-06-17 11:46:00,430.43,430.46,430.43,430.46,0.01,0.08,35.94,1
2022-06-17,2022-06-17 11:47:00,430.46,430.5,430.46,430.5,0.01,0.08,35.94,1
2022-06-17,2022-06-17 11:48:00,430.5,430.54,430.5,430.54,0.01,0.08,35.94,1
2022-06-17,2022-06-17 11:49:00,430.54,430.57,430.54,430.57,0.01,0.08,35.94,1
2022-06-17,2022-06-17 11:50:00,430.57,430.61,430.57,430.61,0.01,0.08,35.94,1
2022-06-17,2022-06-17 11:51:00,430.61,430.64,430.61,430.64,0.01,0.08,35.94,1
2022-06-17,2022-06-17 11:52:00,430.64,430.68,430.64,430.68,0.01,0.08,35.94,1
2022-06-17,2022-06-17 11:53:00,430.68,430.71,430.68,430.71,0.01,0.08,35.94,1
2022-06-17,2022-06-17 11:54:00,430.71,430.75,430.71,430.75,0.01,0.08,35.94,1
2022-06-17,2022-06-17 11:55:00,430.75,430.78,430.75,430.78,0.01,0.08,35.94,1
2022-06-17,2022-06-17 11:56:00,430.78,430.82,430.78,430.82,0.01,0.08,35.94,1
2022-06-17,2022-06-17 11:57:00,430.82,430.85,430.82,430.85,0.01,0.08,35.94,1
2022-06-17,2022-06-17 11:58:00,430.85,430.89,430.85,430.89,0.01,0.08,35.94,1
2022-06-17,2022-06-17 11:59:00,430.89,430.93,430.89,430.93,0.01,0.08,35.94,1
2022-06-17,2022-06-17 12:00:00,430.93,430.96,430.93,430.96,0.01,0.08,35.94,1
2022-06-17,2022-06-17 12:01:00,430.96,431.0,430.96,431.0,0.01,0.08,35.94,1
2022-06-17,2022-06-17 12:02:00,431.0,431.03,431.0,431.03,0.01,0.08,35.94,1
2022-06-17,2022-06-17 12:03:00,431.03,431.07,431.03,431.07,0.01,0.08,35.94,1
2022-06-17,2022-06-17 12:04:00,431.07,431.1,431.07,431.1,0.01,0.08,35.94,1
2022-06-17,2022-06-17 12:05:00,431.1,431.14,431.1,431.14,0.01,0.08,35.94,1
2022-06-17,2022-06-17 12:06:00,431.14,431.17,431.14,431.17,0.01,0.08,35.94,1
2022-06-17,2022-06-17 12:07:00,431.17,431.21,431.17,431.21,0.01,0.08,35.94,1
2022-06-17,2022-06-17 12:08:00,431.21,431.24,431.21,431.24,0.01,0.08,35.94,1
2022-06-17,2022-06-17 12:09:00,431.24,431.28,431.24,431.28,0.01,0.08,35.94,1
2022-06-17,2022-06-17 12:10:00,431.28,431.31,431.28,431.31,0.01,0.08,35.94,1
2022-06-17,2022-06-17 12:11:00,431.31,431.35,431.31,431.35,0.01,0.08,35.94,1
2022-06-17,2022-06-17 12:12:00,431.35,431.39,431.35,431.39,0.01,0.08,35.94,1
2022-06-17,2022-06-17 12:13:00,431.39,431.42,431.39,431.42,0.01,0.08,35.94,1
2022-06-17,2022-06-17 12:14:00,431.42,431.46,431.42,431.46,0.01,0.08,35.94,1
2022-06-17,2022-06-17 12:15:00,431.46,431.49,431.46,431.49,0.01,0.08,35.94,1
2022-06-17,2022-06-17 12:16:00,431.49,431.53,431.49,431.53,0.01,0.08,35.94,1
2022-06-17,2022-06-17 12:17:00,431.53,431.56,431.53,431.56,0.01,0.08,35.94,1
2022-06-17,2022-06-17 12:18:00,431.56,431.6,431.56,431.6,0.01,0.08,35.94,1
2022-06-17,2022-06-17 12:19:00,431.6,431.63,431.6,431.63,0.01,0.08,35.94,1
2022-06-17,2022-06-17 12:20:00,431.63,431.67,431.63,431.67,0.01,0.08,35.94,1
2022-06-17,2022-06-17 12:21:00,431.67,431.7,431.67,431.7,0.01,0.08,35.94,1
2022-06-17,2022-06-17 12:22:00,431.7,431.74,431.7,431.74,0.01,0.08,35.94,1
2022-06-17,2022-06-17 12:23:00,431.74,431.78,431.74,431.78,0.01,0.08,35.94,1
2022-06-17,2022-06-17 12:24:00,431.78,431.81,431.78,431.81,0.01,0.08,35.94,1
2022-06-17,2022-06-17 12:25:00,431.81,431.85,431.81,431.85,0.01,0.08,35.94,1
2022-06-17,2022-06-17 12:26:00,431.85,431.88,431.85,431.88,0.01,0.08,35.94,1
2022-06-17,2022-06-17 12:27:00,431.88,431.92,431.88,431.92,0.01,0.08,35.94,1
2022-06-17,2022-06-17 12:28:00,431.92,431.95,431.92,431.95,0.01,0.08,35.94,1
2022-06-17,2022-06-17 12:29:00,431.95,431.99,431.95,431.99,0.01,0.08,35.94,1
2022-06-17,2022-06-17 12:30:00,431.99,432.02,431.99,432.02,0.01,0.08,35.94,1
2022-06-17,2022-06-17 12:31:00,432.02,432.06,432.02,432.06,0.01,0.08,35.94,1
2022-06-17,2022-06-17 12:32:00,432.06,432.09,432.06,432.09,0.01,0.08,35.94,1
2022-06-17,2022-06-17 12:33:00,432.09,432.13,432.09,432.13,0.01,0.08,35.94,1
2022-06-17,2022-06-17 12:34:00,432.13,432.16,432.13,432.16,0.01,0.08,35.94,1
2022-06-17,2022-06-17 12:35:00,432.16,432.2,432.16,432.2,0.01,0.08,35.94,1
2022-06-17,2022-06-17 12:36:00,432.2,432.24,432.2,432.24,0.01,0.08,35.94,1
2022-06-17,2022-06-17 12:37:00,432.24,432.27,432.24,432.27,0.01,0.08,35.94,1
2022-06-17,2022-06-17 12:38:00,432.27,432.31,432.27,432.31,0.01,0.08,35.94,1
2022-06-17,2022-06-17 12:39:00,432.31,432.34,432.31,432.34,0.01,0.08,35.94,1
2022-06-17,2022-06-17 12:40:00,432.34,432.38,432.34,432.38,0.01,0.08,35.94,1
2022-06-17,2022-06-17 12:41:00,432.38,432.41,432.38,432.41,0.01,0.08,35.94,1
2022-06-17,2022-06-17 12:42:00,432.41,432.45,432.41,432.45,0.01,0.08,35.94,1
2022-06-17,2022-06-17 12:43:00,432.45,432.48,432.45,432.48,0.01,0.08,35.94,1
2022-06-17,2022-06-17 12:44:00,432.48,432.52,432.48,432.52,0.01,0.08,35.94,1
2022-06-17,2022-06-17 12:45:00,432.52,432.55,432.52,432.55,0.01,0.08,35.94,1
2022-06-17,2022-06-17 12:46:00,432.55,432.59,432.55,432.59,0.01,0.08,35.94,1
2022-06-17,2022-06-17 12:47:00,432.59,432.62,432.59,432.62,0.01,0.08,35.94,1
2022-06-17,2022-06-17 12:48:00,432.62,432.66,432.62,432.66,0.01,0.08,35.94,1
2022-06-17,2022-06-17 12:49:00,432.66,432.7,432.66,432.7,0.01,0.08,35.94,1
2022-06-17,2022-06-17 12:50:00,432.7,432.73,432.7,432.73,0.01,0.08,35.94,1
2022-06-17,2022-06-17 12:51:00,432.73,432.77,432.73,432.77,0.01,0.08,35.94,1
2022-06-17,2022-06-17 12:52:00,432.77,432.8,432.77,432.8,0.01,0.08,35.94,1
2022-06-17,2022-06-17 12:53:00,432.8,432.84,432.8,432.84,0.01,0.08,35.94,1
2022-06-17,2022-06-17 12:54:00,432.84,432.87,432.84,432.87,0.01,0.08,35.94,1
2022-06-17,2022-06-17 12:55:00,432.87,432.91,432.87,432.91,0.01,0.08,35.94,1
2022-06-17,2022-06-17 12:56:00,432.91,432.94,432.91,432.94,0.01,0.08,35.94,1
2022-06-17,2022-06-17 12:57:00,432.94,432.98,432.94,432.98,0.01,0.08,35.94,1
2022-06-17,2022-06-17 12:58:00,432.98,433.01,432.98,433.01,0.01,0.08,35.94,1
2022-06-17,2022-06-17 12:59:00,433.01,433.05,433.01,433.05,0.01,0.08,35.94,1
2022-06-17,2022-06-17 13:00:00,433.05,437.3,428.8,433.09,0.01,0.08,35.94,1
2022-06-17,2022-06-17 13:01:00,433.09,433.12,433.09,433.12,0.01,0.08,35.94,1
2022-06-17,2022-06-17 13:02:00,433.12,433.16,433.12,433.16,0.01,0.08,35.94,1
2022-06-17,2022-06-17 13:03:00,433.16,433.19,433.16,433.19,0.01,0.08,35.94,1
2022-06-17,2022-06-17 13:04:00,433.19,433.23,433.19,433.23,0.01,0.08,35.94,1
2022-06-17,2022-06-17 13:05:00,433.23,433.26,433.23,433.26,0.01,0.08,35.94,1
2022-06-17,2022-06-17 13:06:00,433.26,433.3,433.26,433.3,0.01,0.08,35.94,1
2022-06-17,2022-06-17 13:07:00,433.3,433.33,433.3,433.33,0.01,0.08,35.94,1
2022-06-17,2022-06-17 13:08:00,433.33,433.37,433.33,433.37,0.01,0.08,35.94,1
2022-06-17,2022-06-17 13:09:00,433.37,433.4,433.37,433.4,0.01,0.08,35.94,1
2022-06-17,2022-06-17 13:10:00,433.4,433.44,433.4,433.44,0.01,0.08,35.94,1
2022-06-17,2022-06-17 13:11:00,433.44,433.48,433.44,433.48,0.01,0.08,35.94,1
2022-06-17,2022-06-17 13:12:00,433.48,433.51,433.48,433.51,0.01,0.08,35.94,1
2022-06-17,2022-06-17 13:13:00,433.51,433.55,433.51,433.55,0.01,0.08,35.94,1
2022-06-17,2022-06-17 13:14:00,433.55,433.58,433.55,433.58,0.01,0.08,35.94,1
2022-06-17,2022-06-17 13:15:00,433.58,433.62,433.58,433.62,0.01,0.08,35.94,1
2022-06-17,2022-06-17 13:16:00,433.62,433.65,433.62,433.65,0.01,0.08,35.94,1
2022-06-17,2022-06-17 13:17:00,433.65,433.69,433.65,433.69,0.01,0.08,35.94,1
2022-06-17,2022-06-17 13:18:00,433.69,433.72,433.69,433.72,0.01,0.08,35.94,1
2022-06-17,2022-06-17 13:19:00,433.72,433.76,433.72,433.76,0.01,0.08,35.94,1
2022-06-17,2022-06-17 13:20:00,433.76,433.79,433.76,433.79,0.01,0.08,35.94,1
2022-06-17,2022-06-17 13:21:00,433.79,433.83,433.79,433.83,0.01,0.08,35.94,1
2022-06-17,2022-06-17 13:22:00,433.83,433.86,433.83,433.86,0.01,0.08,35.94,1
2022-06-17,2022-06-17 13:23:00,433.86,433.9,433.86,433.9,0.01,0.08,35.94,1
2022-06-17,2022-06-17 13:24:00,433.9,433.94,433.9,433.94,0.01,0.08,35.94,1
2022-06-17,2022-06-17 13:25:00,433.94,433.97,433.94,433.97,0.01,0.08,35.94,1
2022-06-17,2022-06-17 13:26:00,433.97,434.01,433.97,434.01,0.01,0.08,35.94,1
2022-06-17,2022-06-17 13:27:00,434.01,434.04,434.01,434.04,0.01,0.08,35.94,1
2022-06-17,2022-06-17 13:28:00,434.04,434.08,434.04,434.08,0.01,0.08,35.94,1
2022-06-17,2022-06-17 13:29:00,434.08,434.11,434.08,434.11,0.01,0.08,35.94,1
2022-06-17,2022-06-17 13:30:00,434.11,434.15,434.11,434.15,0.01,0.08,35.94,1
2022-06-17,2022-06-17 13:31:00,434.15,434.18,434.15,434.18,0.01,0.08,35.94,1
2022-06-17,2022-06-17 13:32:00,434.18,434.22,434.18,434.22,0.01,0.08,35.94,1
2022-06-17,2022-06-17 13:33:00,434.22,434.25,434.22,434.25,0.01,0.08,35.94,1
2022-06-17,2022-06-17 13:34:00,434.25,434.29,434.25,434.29,0.01,0.08,35.94,1
2022-06-17,2022-06-17 13:35:00,434.29,434.32,434.29,434.32,0.01,0.08,35.94,1
2022-06-17,2022-06-17 13:36:00,434.32,434.36,434.32,434.36,0.01,0.08,35.94,1
2022-06-17,2022-06-17 13:37:00,434.36,434.4,434.36,434.4,0.01,0.08,35.94,1
2022-06-17,2022-06-17 13:38:00,434.4,434.43,434.4,434.43,0.01,0.08,35.94,1
2022-06-17,2022-06-17 13:39:00,434.43,434.47,434.43,434.47,0.01,0.08,35.94,1
2022-06-17,2022-06-17 13:40:00,434.47,434.5,434.47,434.5,0.01,0.08,35.94,1
2022-06-17,2022-06-17 13:41:00,434.5,434.54,434.5,434.54,0.01,0.08,35.94,1
2022-06-17,2022-06-17 13:42:00,434.54,434.57,434.54,434.57,0.01,0.08,35.94,1
2022-06-17,2022-06-17 13:43:00,434.57,434.61,434.57,434.61,0.01,0.08,35.94,1
2022-06-17,2022-06-17 13:44:00,434.61,434.64,434.61,434.64,0.01,0.08,35.94,1
2022-06-17,2022-06-17 13:45:00,434.64,434.68,434.64,434.68,0.01,0.08,35.94,1
2022-06-17,2022-06-17 13:46:00,434.68,434.71,434.68,434.71,0.01,0.08,35.94,1
2022-06-17,2022-06-17 13:47:00,434.71,434.75,434.71,434.75,0.01,0.08,35.94,1
2022-06-17,2022-06-17 13:48:00,434.75,434.79,434.75,434.79,0.01,0.08,35.94,1
2022-06-17,2022-06-17 13:49:00,434.79,434.82,434.79,434.82,0.01,0.08,35.94,1
2022-06-17,2022-06-17 13:50:00,434.82,434.86,434.82,434.86,0.01,0.08,35.94,1
2022-06-17,2022-06-17 13:51:00,434.86,434.89,434.86,434.89,0.01,0.08,35.94,1
2022-06-17,2022-06-17 13:52:00,434.89,434.93,434.89,434.93,0.01,0.08,35.94,1
2022-06-17,2022-06-17 13:53:00,434.93,434.96,434.93,434.96,0.01,0.08,35.94,1
2022-06-17,2022-06-17 13:54:00,434.96,435.0,434.96,435.0,0.01,0.08,35.94,1
2022-06-17,2022-06-17 13:55:00,435.0,435.03,435.0,435.03,0.01,0.08,35.94,1
2022-06-17,2022-06-17 13:56:00,435.03,435.07,435.03,435.07,0.01,0.08,35.94,1
2022-06-17,2022-06-17 13:57:00,435.07,435.1,435.07,435.1,0.01,0.08,35.94,1
2022-06-17,2022-06-17 13:58:00,435.1,435.14,435.1,435.14,0.01,0.08,35.94,1
2022-06-17,2022-06-17 13:59:00,435.14,435.18,435.14,435.18,0.01,0.08,35.94,1
2022-06-17,2022-06-17 14:00:00,435.18,435.21,435.18,435.21,0.01,0.08,35.94,1
2022-06-17,2022-06-17 14:01:00,435.21,435.25,435.21,435.25,0.01,0.08,35.94,1
2022-06-17,2022-06-17 14:02:00,435.25,435.28,435.25,435.28,0.01,0.08,35.94,1
2022-06-17,2022-06-17 14:03:00,435.28,435.32,435.28,435.32,0.01,0.08,35.94,1
2022-06-17,2022-06-17 14:04:00,435.32,435.35,435.32,435.35,0.01,0.08,35.94,1
2022-06-17,2022-06-17 14:05:00,435.35,435.39,435.35,435.39,0.01,0.08,35.94,1
2022-06-17,2022-06-17 14:06:00,435.39,435.42,435.39,435.42,0.01,0.08,35.94,1
2022-06-17,2022-06-17 14:07:00,435.42,435.46,435.42,435.46,0.01,0.08,35.94,1
2022-06-17,2022-06-17 14:08:00,435.46,435.49,435.46,435.49,0.01,0.08,35.94,1
2022-06-17,2022-06-17 14:09:00,435.49,435.53,435.49,435.53,0.01,0.08,35.94,1
2022-06-17,2022-06-17 14:10:00,435.53,435.56,435.53,435.56,0.01,0.08,35.94,1
2022-06-17,2022-06-17 14:11:00,435.56,435.6,435.56,435.6,0.01,0.08,35.94,1
2022-06-17,2022-06-17 14:12:00,435.6,435.64,435.6,435.64,0.01,0.08,35.94,1
2022-06-17,2022-06-17 14:13:00,435.64,435.67,435.64,435.67,0.01,0.08,35.94,1
2022-06-17,2022-06-17 14:14:00,435.67,435.71,435.67,435.71,0.01,0.08,35.94,1
2022-06-17,2022-06-17 14:15:00,435.71,435.74,435.71,435.74,0.01,0.08,35.94,1
2022-06-17,2022-06-17 14:16:00,435.74,435.78,435.74,435.78,0.01,0.08,35.94,1
2022-06-17,2022-06-17 14:17:00,435.78,435.81,435.78,435.81,0.01,0.08,35.94,1
2022-06-17,2022-06-17 14:18:00,435.81,435.85,435.81,435.85,0.01,0.08,35.94,1
2022-06-17,2022-06-17 14:19:00,435.85,435.88,435.85,435.88,0.01,0.08,35.94,1
2022-06-17,2022-06-17 14:20:00,435.88,435.92,435.88,435.92,0.01,0.08,35.94,1
2022-06-17,2022-06-17 14:21:00,435.92,435.95,435.92,435.95,0.01,0.08,35.94,1
2022-06-17,2022-06-17 14:22:00,435.95,435.99,435.95,435.99,0.01,0.08,35.94,1
2022-06-17,2022-06-17 14:23:00,435.99,436.03,435.99,436.03,0.01,0.08,35.94,1
2022-06-17,2022-06-17 14:24:00,436.03,436.06,436.03,436.06,0.01,0.08,35.94,1
2022-06-17,2022-06-17 14:25:00,436.06,436.1,436.06,436.1,0.01,0.08,35.94,1
2022-06-17,2022-06-17 14:26:00,436.1,436.13,436.1,436.13,0.01,0.08,35.94,1
2022-06-17,2022-06-17 14:27:00,436.13,436.17,436.13,436.17,0.01,0.08,35.94,1
2022-06-17,2022-06-17 14:28:00,436.17,436.2,436.17,436.2,0.01,0.08,35.94,1
2022-06-17,2022-06-17 14:29:00,436.2,436.24,436.2,436.24,0.01,0.08,35.94,1
2022-06-17,2022-06-17 14:30:00,436.24,436.27,436.24,436.27,0.01,0.08,35.94,1
2022-06-17,2022-06-17 14:31:00,436.27,436.31,436.27,436.31,0.01,0.08,35.94,1
2022-06-17,2022-06-17 14:32:00,436.31,436.34,436.31,436.34,0.01,0.08,35.94,1
2022-06-17,2022-06-17 14:33:00,436.34,436.38,436.34,436.38,0.01,0.08,35.94,1
2022-06-17,2022-06-17 14:34:00,436.38,436.41,436.38,436.41,0.01,0.08,35.94,1
2022-06-17,2022-06-17 14:35:00,436.41,436.45,436.41,436.45,0.01,0.08,35.94,1
2022-06-17,2022-06-17 14:36:00,436.45,436.49,436.45,436.49,0.01,0.08,35.94,1
2022-06-17,2022-06-17 14:37:00,436.49,436.52,436.49,436.52,0.01,0.08,35.94,1
2022-06-17,2022-06-17 14:38:00,436.52,436.56,436.52,436.56,0.01,0.08,35.94,1
2022-06-17,2022-06-17 14:39:00,436.56,436.59,436.56,436.59,0.01,0.08,35.94,1
2022-06-17,2022-06-17 14:40:00,436.59,436.63,436.59,436.63,0.01,0.08,35.94,1
2022-06-17,2022-06-17 14:41:00,436.63,436.66,436.63,436.66,0.01,0.08,35.94,1
2022-06-17,2022-06-17 14:42:00,436.66,436.7,436.66,436.7,0.01,0.08,35.94,1
2022-06-17,2022-06-17 14:43:00,436.7,436.73,436.7,436.73,0.01,0.08,35.94,1
2022-06-17,2022-06-17 14:44:00,436.73,436.77,436.73,436.77,0.01,0.08,35.94,1
2022-06-17,2022-06-17 14:45:00,436.77,436.8,436.77,436.8,0.01,0.08,35.94,1
2022-06-17,2022-06-17 14:46:00,436.8,436.84,436.8,436.84,0.01,0.08,35.94,1
2022-06-17,2022-06-17 14:47:00,436.84,436.88,436.84,436.88,0.01,0.08,35.94,1
2022-06-17,2022-06-17 14:48:00,436.88,436.91,436.88,436.91,0.01,0.08,35.94,1
2022-06-17,2022-06-17 14:49:00,436.91,436.95,436.91,436.95,0.01,0.08,35.94,1
2022-06-17,2022-06-17 14:50:00,436.95,436.98,436.95,436.98,0.01,0.08,35.94,1
2022-06-17,2022-06-17 14:51:00,436.98,437.02,436.98,437.02,0.01,0.08,35.94,1
2022-06-17,2022-06-17 14:52:00,437.02,437.05,437.02,437.05,0.01,0.08,35.94,1
2022-06-17,2022-06-17 14:53:00,437.05,437.09,437.05,437.09,0.01,0.08,35.94,1
2022-06-17,2022-06-17 14:54:00,437.09,437.12,437.09,437.12,0.01,0.08,35.94,1
2022-06-17,2022-06-17 14:55:00,437.12,437.16,437.12,437.16,0.01,0.08,35.94,1
2022-06-17,2022-06-17 14:56:00,437.16,437.19,437.16,437.19,0.01,0.08,35.94,1
2022-06-17,2022-06-17 14:57:00,437.19,437.23,437.19,437.23,0.01,0.08,35.94,1
2022-06-17,2022-06-17 14:58:00,437.23,437.26,437.23,437.26,0.01,0.08,35.94,1
2022-06-17,2022-06-17 14:59:00,437.26,437.3,437.26,437.3,0.01,0.08,35.94,1
2022-06-17,2022-06-17 15:00:00,437.3,437.3,428.8,437.3,0.0,0.08,35.94,0
2022-06-19,2022-06-19 11:00:00,446.0,448.67,446.0,446.04,0.01,0.12,56.03,1
2022-06-19,2022-06-19 11:01:00,446.04,446.07,446.04,446.07,0.01,0.12,56.03,1
2022-06-19,2022-06-19 11:02:00,446.07,446.11,446.07,446.11,0.01,0.12,56.03,1
2022-06-19,2022-06-19 11:03:00,446.11,446.15,446.11,446.15,0.01,0.12,56.03,1
2022-06-19,2022-06-19 11:04:00,446.15,446.19,446.15,446.19,0.01,0.12,56.03,1
2022-06-19,2022-06-19 11:05:00,446.19,446.22,446.19,446.22,0.01,0.12,56.03,1
2022-06-19,2022-06-19 11:06:00,446.22,446.26,446.22,446.26,0.01,0.12,56.03,1
2022-06-19,2022-06-19 11:07:00,446.26,446.3,446.26,446.3,0.01,0.12,56.03,1
2022-06-19,2022-06-19 11:08:00,446.3,446.33,446.3,446.33,0.01,0.12,56.03,1
2022-06-19,2022-06-19 11:09:00,446.33,446.37,446.33,446.37,0.01,0.12,56.03,1
2022-06-19,2022-06-19 11:10:00,446.37,446.41,446.37,446.41,0.01,0.12,56.03,1
2022-06-19,2022-06-19 11:11:00,446.41,446.44,446.41,446.44,0.01,0.12,56.03,1
2022-06-19,2022-06-19 11:12:00,446.44,446.48,446.44,446.48,0.01,0.12,56.03,1
2022-06-19,2022-06-19 11:13:00,446.48,446.52,446.48,446.52,0.01,0.12,56.03,1
2022-06-19,2022-06-19 11:14:00,446.52,446.56,446.52,446.56,0.01,0.12,56.03,1
2022-06-19,2022-06-19 11:15:00,446.56,446.59,446.56,446.59,0.01,0.12,56.03,1
2022-06-19,2022-06-19 11:16:00,446.59,446.63,446.59,446.63,0.01,0.12,56.03,1
2022-06-19,2022-06-19 11:17:00,446.63,446.67,446.63,446.67,0.01,0.12,56.03,1
2022-06-19,2022-06-19 11:18:00,446.67,446.7,446.67,446.7,0.01,0.12,56.03,1
2022-06-19,2022-06-19 11:19:00,446.7,446.74,446.7,446.74,0.01,0.12,56.03,1
2022-06-19,2022-06-19 11:20:00,446.74,446.78,446.74,446.78,0.01,0.12,56.03,1
2022-06-19,2022-06-19 11:21:00,446.78,446.82,446.78,446.82,0.01,0.12,56.03,1
2022-06-19,2022-06-19 11:22:00,446.82,446.85,446.82,446.85,0.01,0.12,56.03,1
2022-06-19,2022-06-19 11:23:00,446.85,446.89,446.85,446.89,0.01,0.12,56.03,1
2022-06-19,2022-06-19 11:24:00,446.89,446.93,446.89,446.93,0.01,0.12,56.03,1
2022-06-19,2022-06-19 11:25:00,446.93,446.96,446.93,446.96,0.01,0.12,56.03,1
2022-06-19,2022-06-19 11:26:00,446.96,447.0,446.96,447.0,0.01,0.12,56.03,1
2022-06-19,2022-06-19 11:27:00,447.0,447.04,447.0,447.04,0.01,0.12,56.03,1
2022-06-19,2022-06-19 11:28:00,447.04,447.08,447.04,447.08,0.01,0.12,56.03,1
2022-06-19,2022-06-19 11:29:00,447.08,447.11,447.08,447.11,0.01,0.12,56.03,1
2022-06-19,2022-06-19 11:30:00,447.11,447.15,447.11,447.15,0.01,0.12,56.03,1
2022-06-19,2022-06-19 11:31:00,447.15,447.19,447.15,447.19,0.01,0.12,56.03,1
2022-06-19,2022-06-19 11:32:00,447.19,447.22,447.19,447.22,0.01,0.12,56.03,1
2022-06-19,2022-06-19 11:33:00,447.22,447.26,447.22,447.26,0.01,0.12,56.03,1
2022-06-19,2022-06-19 11:34:00,447.26,447.3,447.26,447.3,0.01,0.12,56.03,1
2022-06-19,2022-06-19 11:35:00,447.3,447.33,447.3,447.33,0.01,0.12,56.03,1
2022-06-19,2022-06-19 11:36:00,447.33,447.37,447.33,447.37,0.01,0.12,56.03,1
2022-06-19,2022-06-19 11:37:00,447.37,447.41,447.37,447.41,0.01,0.12,56.03,1
2022-06-19,2022-06-19 11:38:00,447.41,447.45,447.41,447.45,0.01,0.12,56.03,1
2022-06-19,2022-06-19 11:39:00,447.45,447.48,447.45,447.48,0.01,0.12,56.03,1
2022-06-19,2022-06-19 11:40:00,447.48,447.52,447.48,447.52,0.01,0.12,56.03,1
2022-06-19,2022-06-19 11:41:00,447.52,447.56,447.52,447.56,0.01,0.12,56.03,1
2022-06-19,2022-06-19 11:42:00,447.56,447.59,447.56,447.59,0.01,0.12,56.03,1
2022-06-19,2022-06-19 11:43:00,447.59,447.63,447.59,447.63,0.01,0.12,56.03,1
2022-06-19,2022-06-19 11:44:00,447.63,447.67,447.63,447.67,0.01,0.12,56.03,1
2022-06-19,2022-06-19 11:45:00,447.67,447.71,447.67,447.71,0.01,0.12,56.03,1
2022-06-19,2022-06-19 11:46:00,447.71,447.74,447.71,447.74,0.01,0.12,56.03,1
2022-06-19,2022-06-19 11:47:00,447.74,447.78,447.74,447.78,0.01,0.12,56.03,1
2022-06-19,2022-06-19 11:48:00,447.78,447.82,447.78,447.82,0.01,0.12,56.03,1
2022-06-19,2022-06-19 11:49:00,447.82,447.85,447.82,447.85,0.01,0.12,56.03,1
2022-06-19,2022-06-19 11:50:00,447.85,447.89,447.85,447.89,0.01,0.12,56.03,1
2022-06-19,2022-06-19 11:51:00,447.89,447.93,447.89,447.93,0.01,0.12,56.03,1
2022-06-19,2022-06-19 11:52:00,447.93,447.97,447.93,447.97,0.01,0.12,56.03,1
2022-06-19,2022-06-19 11:53:00,447.97,448.0,447.97,448.0,0.01,0.12,56.03,1
2022-06-19,2022-06-19 11:54:00,448.0,448.04,448.0,448.04,0.01,0.12,56.03,1
2022-06-19,2022-06-19 11:55:00,448.04,448.08,448.04,448.08,0.01,0.12,56.03,1
2022-06-19,2022-06-19 11:56:00,448.08,448.11,448.08,448.11,0.01,0.12,56.03,1
2022-06-19,2022-06-19 11:57:00,448.11,448.15,448.11,448.15,0.01,0.12,56.03,1
2022-06-19,2022-06-19 11:58:00,448.15,448.19,448.15,448.19,0.01,0.12,56.03,1
2022-06-19,2022-06-19 11:59:00,448.19,448.23,448.19,448.23,0.01,0.12,56.03,1
2022-06-19,2022-06-19 12:00:00,448.23,448.26,448.23,448.26,0.01,0.12,56.03,1
2022-06-19,2022-06-19 12:01:00,448.26,448.3,448.26,448.3,0.01,0.12,56.03,1
2022-06-19,2022-06-19 12:02:00,448.3,448.34,448.3,448.34,0.01,0.12,56.03,1
2022-06-19,2022-06-19 12:03:00,448.34,448.37,448.34,448.37,0.01,0.12,56.03,1
2022-06-19,2022-06-19 12:04:00,448.37,448.41,448.37,448.41,0.01,0.12,56.03,1
2022-06-19,2022-06-19 12:05:00,448.41,448.45,448.41,448.45,0.01,0.12,56.03,1
2022-06-19,2022-06-19 12:06:00,448.45,448.48,448.45,448.48,0.01,0.12,56.03,1
2022-06-19,2022-06-19 12:07:00,448.48,448.52,448.48,448.52,0.01,0.12,56.03,1
2022-06-19,2022-06-19 12:08:00,448.52,448.56,448.52,448.56,0.01,0.12,56.03,1
2022-06-19,2022-06-19 12:09:00,448.56,448.6,448.56,448.6,0.01,0.12,56.03,1
2022-06-19,2022-06-19 12:10:00,448.6,448.63,448.6,448.63,0.01,0.12,56.03,1
2022-06-19,2022-06-19 12:11:00,448.63,448.67,448.63,448.67,0.01,0.12,56.03,1
2022-06-19,2022-06-19 12:12:00,448.67,448.71,448.67,448.71,0.01,0.12,56.03,1
2022-06-19,2022-06-19 12:13:00,448.71,448.74,448.71,448.74,0.01,0.12,56.03,1
2022-06-19,2022-06-19 12:14:00,448.74,448.78,448.74,448.78,0.01,0.12,56.03,1
2022-06-19,2022-06-19 12:15:00,448.78,448.82,448.78,448.82,0.01,0.12,56.03,1
2022-06-19,2022-06-19 12:16:00,448.82,448.86,448.82,448.86,0.01,0.12,56.03,1
2022-06-19,2022-06-19 12:17:00,448.86,448.89,448.86,448.89,0.01,0.12,56.03,1
2022-06-19,2022-06-19 12:18:00,448.89,448.93,448.89,448.93,0.01,0.12,56.03,1
2022-06-19,2022-06-19 12:19:00,448.93,448.97,448.93,448.97,0.01,0.12,56.03,1
2022-06-19,2022-06-19 12:20:00,448.97,449.0,448.97,449.0,0.01,0.12,56.03,1
2022-06-19,2022-06-19 12:21:00,449.0,449.04,449.0,449.04,0.01,0.12,56.03,1
2022-06-19,2022-06-19 12:22:00,449.04,449.08,449.04,449.08,0.01,0.12,56.03,1
2022-06-19,2022-06-19 12:23:00,449.08,449.12,449.08,449.12,0.01,0.12,56.03,1
2022-06-19,2022-06-19 12:24:00,449.12,449.15,449.12,449.15,0.01,0.12,56.03,1
2022-06-19,2022-06-19 12:25:00,449.15,449.19,449.15,449.19,0.01,0.12,56.03,1
2022-06-19,2022-06-19 12:26:00,449.19,449.23,449.19,449.23,0.01,0.12,56.03,1
2022-06-19,2022-06-19 12:27:00,449.23,449.26,449.23,449.26,0.01,0.12,56.03,1
2022-06-19,2022-06-19 12:28:00,449.26,449.3,449.26,449.3,0.01,0.12,56.03,1
2022-06-19,2022-06-19 12:29:00,449.3,449.34,449.3,449.34,0.01,0.12,56.03,1
2022-06-19,2022-06-19 12:30:00,449.34,449.37,449.34,449.37,0.01,0.12,56.03,1
2022-06-19,2022-06-19 12:31:00,449.37,449.41,449.37,449.41,0.01,0.12,56.03,1
2022-06-19,2022-06-19 12:32:00,449.41,449.45,449.41,449.45,0.01,0.12,56.03,1
2022-06-19,2022-06-19 12:33:00,449.45,449.49,449.45,449.49,0.01,0.12,56.03,1
2022-06-19,2022-06-19 12:34:00,449.49,449.52,449.49,449.52,0.01,0.12,56.03,1
2022-06-19,2022-06-19 12:35:00,449.52,449.56,449.52,449.56,0.01,0.12,56.03,1
2022-06-19,2022-06-19 12:36:00,449.56,449.6,449.56,449.6,0.01,0.12,56.03,1
2022-06-19,2022-06-19 12:37:00,449.6,449.63,449.6,449.63,0.01,0.12,56.03,1
2022-06-19,2022-06-19 12:38:00,449.63,449.67,449.63,449.67,0.01,0.12,56.03,1
2022-06-19,2022-06-19 12:39:00,449.67,449.71,449.67,449.71,0.01,0.12,56.03,1
2022-06-19,2022-06-19 12:40:00,449.71,449.75,449.71,449.75,0.01,0.12,56.03,1
2022-06-19,2022-06-19 12:41:00,449.75,449.78,449.75,449.78,0.01,0.12,56.03,1
2022-06-19,2022-06-19 12:42:00,449.78,449.82,449.78,449.82,0.01,0.12,56.03,1
2022-06-19,2022-06-19 12:43:00,449.82,449.86,449.82,449.86,0.01,0.12,56.03,1
2022-06-19,2022-06-19 12:44:00,449.86,449.89,449.86,449.89,0.01,0.12,56.03,1
2022-06-19,2022-06-19 12:45:00,449.89,449.93,449.89,449.93,0.01,0.12,56.03,1
2022-06-19,2022-06-19 12:46:00,449.93,449.97,449.93,449.97,0.01,0.12,56.03,1
2022-06-19,2022-06-19 12:47:00,449.97,450.0,449.97,450.0,0.01,0.12,56.03,1
2022-06-19,2022-06-19 12:48:00,450.0,450.04,450.0,450.04,0.01,0.12,56.03,1
2022-06-19,2022-06-19 12:49:00,450.04,450.08,450.04,450.08,0.01,0.12,56.03,1
2022-06-19,2022-06-19 12:50:00,450.08,450.12,450.08,450.12,0.01,0.12,56.03,1
2022-06-19,2022-06-19 12:51:00,450.12,450.15,450.12,450.15,0.01,0.12,56.03,1
2022-06-19,2022-06-19 12:52:00,450.15,450.19,450.15,450.19,0.01,0.12,56.03,1
2022-06-19,2022-06-19 12:53:00,450.19,450.23,450.19,450.23,0.01,0.12,56.03,1
2022-06-19,2022-06-19 12:54:00,450.23,450.26,450.23,450.26,0.01,0.12,56.03,1
2022-06-19,2022-06-19 12:55:00,450.26,450.3,450.26,450.3,0.01,0.12,56.03,1
2022-06-19,2022-06-19 12:56:00,450.3,450.34,450.3,450.34,0.01,0.12,56.03,1
2022-06-19,2022-06-19 12:57:00,450.34,450.38,450.34,450.38,0.01,0.12,56.03,1
2022-06-19,2022-06-19 12:58:00,450.38,450.41,450.38,450.41,0.01,0.12,56.03,1
2022-06-19,2022-06-19 12:59:00,450.41,450.45,450.41,450.45,0.01,0.12,56.03,1
2022-06-19,2022-06-19 13:00:00,450.45,454.9,446.0,450.49,0.01,0.12,56.03,1
2022-06-19,2022-06-19 13:01:00,450.49,450.52,450.49,450.52,0.01,0.12,56.03,1
2022-06-19,2022-06-19 13:02:00,450.52,450.56,450.52,450.56,0.01,0.12,56.03,1
2022-06-19,2022-06-19 13:03:00,450.56,450.6,450.56,450.6,0.01,0.12,56.03,1
2022-06-19,2022-06-19 13:04:00,450.6,450.64,450.6,450.64,0.01,0.12,56.03,1
2022-06-19,2022-06-19 13:05:00,450.64,450.67,450.64,450.67,0.01,0.12,56.03,1
2022-06-19,2022-06-19 13:06:00,450.67,450.71,450.67,450.71,0.01,0.12,56.03,1
2022-06-19,2022-06-19 13:07:00,450.71,450.75,450.71,450.75,0.01,0.12,56.03,1
2022-06-19,2022-06-19 13:08:00,450.75,450.78,450.75,450.78,0.01,0.12,56.03,1
2022-06-19,2022-06-19 13:09:00,450.78,450.82,450.78,450.82,0.01,0.12,56.03,1
2022-06-19,2022-06-19 13:10:00,450.82,450.86,450.82,450.86,0.01,0.12,56.03,1
2022-06-19,2022-06-19 13:11:00,450.86,450.89,450.86,450.89,0.01,0.12,56.03,1
2022-06-19,2022-06-19 13:12:00,450.89,450.93,450.89,450.93,0.01,0.12,56.03,1
2022-06-19,2022-06-19 13:13:00,450.93,450.97,450.93,450.97,0.01,0.12,56.03,1
2022-06-19,2022-06-19 13:14:00,450.97,451.01,450.97,451.01,0.01,0.12,56.03,1
2022-06-19,2022-06-19 13:15:00,451.01,451.04,451.01,451.04,0.01,0.12,56.03,1
2022-06-19,2022-06-19 13:16:00,451.04,451.08,451.04,451.08,0.01,0.12,56.03,1
2022-06-19,2022-06-19 13:17:00,451.08,451.12,451.08,451.12,0.01,0.12,56.03,1
2022-06-19,2022-06-19 13:18:00,451.12,451.15,451.12,451.15,0.01,0.12,56.03,1
2022-06-19,2022-06-19 13:19:00,451.15,451.19,451.15,451.19,0.01,0.12,56.03,1
2022-06-19,2022-06-19 13:20:00,451.19,451.23,451.19,451.23,0.01,0.12,56.03,1
2022-06-19,2022-06-19 13:21:00,451.23,451.27,451.23,451.27,0.01,0.12,56.03,1
2022-06-19,2022-06-19 13:22:00,451.27,451.3,451.27,451.3,0.01,0.12,56.03,1
2022-06-19,2022-06-19 13:23:00,451.3,451.34,451.3,451.34,0.01,0.12,56.03,1
2022-06-19,2022-06-19 13:24:00,451.34,451.38,451.34,451.38,0.01,0.12,56.03,1
2022-06-19,2022-06-19 13:25:00,451.38,451.41,451.38,451.41,0.01,0.12,56.03,1
2022-06-19,2022-06-19 13:26:00,451.41,451.45,451.41,451.45,0.01,0.12,56.03,1
2022-06-19,2022-06-19 13:27:00,451.45,451.49,451.45,451.49,0.01,0.12,56.03,1
2022-06-19,2022-06-19 13:28:00,451.49,451.53,451.49,451.53,0.01,0.12,56.03,1
2022-06-19,2022-06-19 13:29:00,451.53,451.56,451.53,451.56,0.01,0.12,56.03,1
2022-06-19,2022-06-19 13:30:00,451.56,451.6,451.56,451.6,0.01,0.12,56.03,1
2022-06-19,2022-06-19 13:31:00,451.6,451.64,451.6,451.64,0.01,0.12,56.03,1
2022-06-19,2022-06-19 13:32:00,451.64,451.67,451.64,451.67,0.01,0.12,56.03,1
2022-06-19,2022-06-19 13:33:00,451.67,451.71,451.67,451.71,0.01,0.12,56.03,1
2022-06-19,2022-06-19 13:34:00,451.71,451.75,451.71,451.75,0.01,0.12,56.03,1
2022-06-19,2022-06-19 13:35:00,451.75,451.78,451.75,451.78,0.01,0.12,56.03,1
2022-06-19,2022-06-19 13:36:00,451.78,451.82,451.78,451.82,0.01,0.12,56.03,1
2022-06-19,2022-06-19 13:37:00,451.82,451.86,451.82,451.86,0.01,0.12,56.03,1
2022-06-19,2022-06-19 13:38:00,451.86,451.9,451.86,451.9,0.01,0.12,56.03,1
2022-06-19,2022-06-19 13:39:00,451.9,451.93,451.9,451.93,0.01,0.12,56.03,1
2022-06-19,2022-06-19 13:40:00,451.93,451.97,451.93,451.97,0.01,0.12,56.03,1
2022-06-19,2022-06-19 13:41:00,451.97,452.01,451.97,452.01,0.01,0.12,56.03,1
2022-06-19,2022-06-19 13:42:00,452.01,452.04,452.01,452.04,0.01,0.12,56.03,1
2022-06-19,2022-06-19 13:43:00,452.04,452.08,452.04,452.08,0.01,0.12,56.03,1
2022-06-19,2022-06-19 13:44:00,452.08,452.12,452.08,452.12,0.01,0.12,56.03,1
2022-06-19,2022-06-19 13:45:00,452.12,452.16,452.12,452.16,0.01,0.12,56.03,1
2022-06-19,2022-06-19 13:46:00,452.16,452.19,452.16,452.19,0.01,0.12,56.03,1
2022-06-19,2022-06-19 13:47:00,452.19,452.23,452.19,452.23,0.01,0.12,56.03,1
2022-06-19,2022-06-19 13:48:00,452.23,452.27,452.23,452.27,0.01,0.12,56.03,1
2022-06-19,2022-06-19 13:49:00,452.27,452.3,452.27,452.3,0.01,0.12,56.03,1
2022-06-19,2022-06-19 13:50:00,452.3,452.34,452.3,452.34,0.01,0.12,56.03,1
2022-06-19,2022-06-19 13:51:00,452.34,452.38,452.34,452.38,0.01,0.12,56.03,1
2022-06-19,2022-06-19 13:52:00,452.38,452.42,452.38,452.42,0.01,0.12,56.03,1
2022-06-19,2022-06-19 13:53:00,452.42,452.45,452.42,452.45,0.01,0.12,56.03,1
2022-06-19,2022-06-19 13:54:00,452.45,452.49,452.45,452.49,0.01,0.12,56.03,1
2022-06-19,2022-06-19 13:55:00,452.49,452.53,452.49,452.53,0.01,0.12,56.03,1
2022-06-19,2022-06-19 13:56:00,452.53,452.56,452.53,452.56,0.01,0.12,56.03,1
2022-06-19,2022-06-19 13:57:00,452.56,452.6,452.56,452.6,0.01,0.12,56.03,1
2022-06-19,2022-06-19 13:58:00,452.6,452.64,452.6,452.64,0.01,0.12,56.03,1
2022-06-19,2022-06-19 13:59:00,452.64,452.67,452.64,452.67,0.01,0.12,56.03,1
2022-06-19,2022-06-19 14:00:00,452.67,452.71,452.67,452.71,0.01,0.12,56.03,1
2022-06-19,2022-06-19 14:01:00,452.71,452.75,452.71,452.75,0.01,0.12,56.03,1
2022-06-19,2022-06-19 14:02:00,452.75,452.79,452.75,452.79,0.01,0.12,56.03,1
2022-06-19,2022-06-19 14:03:00,452.79,452.82,452.79,452.82,0.01,0.12,56.03,1
2022-06-19,2022-06-19 14:04:00,452.82,452.86,452.82,452.86,0.01,0.12,56.03,1
2022-06-19,2022-06-19 14:05:00,452.86,452.9,452.86,452.9,0.01,0.12,56.03,1
2022-06-19,2022-06-19 14:06:00,452.9,452.93,452.9,452.93,0.01,0.12,56.03,1
2022-06-19,2022-06-19 14:07:00,452.93,452.97,452.93,452.97,0.01,0.12,56.03,1
2022-06-19,2022-06-19 14:08:00,452.97,453.01,452.97,453.01,0.01,0.12,56.03,1
2022-06-19,2022-06-19 14:09:00,453.01,453.05,453.01,453.05,0.01,0.12,56.03,1
2022-06-19,2022-06-19 14:10:00,453.05,453.08,453.05,453.08,0.01,0.12,56.03,1
2022-06-19,2022-06-19 14:11:00,453.08,453.12,453.08,453.12,0.01,0.12,56.03,1
2022-06-19,2022-06-19 14:12:00,453.12,453.16,453.12,453.16,0.01,0.12,56.03,1
2022-06-19,2022-06-19 14:13:00,453.16,453.19,453.16,453.19,0.01,0.12,56.03,1
2022-06-19,2022-06-19 14:14:00,453.19,453.23,453.19,453.23,0.01,0.12,56.03,1
2022-06-19,2022-06-19 14:15:00,453.23,453.27,453.23,453.27,0.01,0.12,56.03,1
2022-06-19,2022-06-19 14:16:00,453.27,453.31,453.27,453.31,0.01,0.12,56.03,1
2022-06-19,2022-06-19 14:17:00,453.31,453.34,453.31,453.34,0.01,0.12,56.03,1
2022-06-19,2022-06-19 14:18:00,453.34,453.38,453.34,453.38,0.01,0.12,56.03,1
2022-06-19,2022-06-19 14:19:00,453.38,453.42,453.38,453.42,0.01,0.12,56.03,1
2022-06-19,2022-06-19 14:20:00,453.42,453.45,453.42,453.45,0.01,0.12,56.03,1
2022-06-19,2022-06-19 14:21:00,453.45,453.49,453.45,453.49,0.01,0.12,56.03,1
2022-06-19,2022-06-19 14:22:00,453.49,453.53,453.49,453.53,0.01,0.12,56.03,1
2022-06-19,2022-06-19 14:23:00,453.53,453.56,453.53,453.56,0.01,0.12,56.03,1
2022-06-19,2022-06-19 14:24:00,453.56,453.6,453.56,453.6,0.01,0.12,56.03,1
2022-06-19,2022-06-19 14:25:00,453.6,453.64,453.6,453.64,0.01,0.12,56.03,1
2022-06-19,2022-06-19 14:26:00,453.64,453.68,453.64,453.68,0.01,0.12,56.03,1
2022-06-19,2022-06-19 14:27:00,453.68,453.71,453.68,453.71,0.01,0.12,56.03,1
2022-06-19,2022-06-19 14:28:00,453.71,453.75,453.71,453.75,0.01,0.12,56.03,1
2022-06-19,2022-06-19 14:29:00,453.75,453.79,453.75,453.79,0.01,0.12,56.03,1
2022-06-19,2022-06-19 14:30:00,453.79,453.82,453.79,453.82,0.01,0.12,56.03,1
2022-06-19,2022-06-19 14:31:00,453.82,453.86,453.82,453.86,0.01,0.12,56.03,1
2022-06-19,2022-06-19 14:32:00,453.86,453.9,453.86,453.9,0.01,0.12,56.03,1
2022-06-19,2022-06-19 14:33:00,453.9,453.94,453.9,453.94,0.01,0.12,56.03,1
2022-06-19,2022-06-19 14:34:00,453.94,453.97,453.94,453.97,0.01,0.12,56.03,1
2022-06-19,2022-06-19 14:35:00,453.97,454.01,453.97,454.01,0.01,0.12,56.03,1
2022-06-19,2022-06-19 14:36:00,454.01,454.05,454.01,454.05,0.01,0.12,56.03,1
2022-06-19,2022-06-19 14:37:00,454.05,454.08,454.05,454.08,0.01,0.12,56.03,1
2022-06-19,2022-06-19 14:38:00,454.08,454.12,454.08,454.12,0.01,0.12,56.03,1
2022-06-19,2022-06-19 14:39:00,454.12,454.16,454.12,454.16,0.01,0.12,56.03,1
2022-06-19,2022-06-19 14:40:00,454.16,454.2,454.16,454.2,0.01,0.12,56.03,1
2022-06-19,2022-06-19 14:41:00,454.2,454.23,454.2,454.23,0.01,0.12,56.03,1
2022-06-19,2022-06-19 14:42:00,454.23,454.27,454.23,454.27,0.01,0.12,56.03,1
2022-06-19,2022-06-19 14:43:00,454.27,454.31,454.27,454.31,0.01,0.12,56.03,1
2022-06-19,2022-06-19 14:44:00,454.31,454.34,454.31,454.34,0.01,0.12,56.03,1
2022-06-19,2022-06-19 14:45:00,454.34,454.38,454.34,454.38,0.01,0.12,56.03,1
2022-06-19,2022-06-19 14:46:00,454.38,454.42,454.38,454.42,0.01,0.12,56.03,1
2022-06-19,2022-06-19 14:47:00,454.42,454.45,454.42,454.45,0.01,0.12,56.03,1
2022-06-19,2022-06-19 14:48:00,454.45,454.49,454.45,454.49,0.01,0.12,56.03,1
2022-06-19,2022-06-19 14:49:00,454.49,454.53,454.49,454.53,0.01,0.12,56.03,1
2022-06-19,2022-06-19 14:50:00,454.53,454.57,454.53,454.57,0.01,0.12,56.03,1
2022-06-19,2022-06-19 14:51:00,454.57,454.6,454.57,454.6,0.01,0.12,56.03,1
2022-06-19,2022-06-19 14:52:00,454.6,454.64,454.6,454.64,0.01,0.12,56.03,1
2022-06-19,2022-06-19 14:53:00,454.64,454.68,454.64,454.68,0.01,0.12,56.03,1
2022-06-19,2022-06-19 14:54:00,454.68,454.71,454.68,454.71,0.01,0.12,56.03,1
2022-06-19,2022-06-19 14:55:00,454.71,454.75,454.71,454.75,0.01,0.12,56.03,1
2022-06-19,2022-06-19 14:56:00,454.75,454.79,454.75,454.79,0.01,0.12,56.03,1
2022-06-19,2022-06-19 14:57:00,454.79,454.83,454.79,454.83,0.01,0.12,56.03,1
2022-06-19,2022-06-19 14:58:00,454.83,454.86,454.83,454.86,0.01,0.12,56.03,1
2022-06-19,2022-06-19 14:59:00,454.86,454.9,454.86,454.9,0.01,0.12,56.03,1
2022-06-19,2022-06-19 15:00:00,454.9,454.9,446.0,454.9,0.0,0.12,56.03,0
2022-06-20,2022-06-20 11:00:00,463.9,474.82,463.9,464.05,0.03,0.29,141.6,1
2022-06-20,2022-06-20 11:01:00,464.05,464.2,464.05,464.2,0.03,0.29,141.6,1
2022-06-20,2022-06-20 11:02:00,464.2,464.35,464.2,464.35,0.03,0.29,141.6,1
2022-06-20,2022-06-20 11:03:00,464.35,464.51,464.35,464.51,0.03,0.29,141.6,1
2022-06-20,2022-06-20 11:04:00,464.51,464.66,464.51,464.66,0.03,0.29,141.6,1
2022-06-20,2022-06-20 11:05:00,464.66,464.81,464.66,464.81,0.03,0.29,141.6,1
2022-06-20,2022-06-20 11:06:00,464.81,464.96,464.81,464.96,0.03,0.29,141.6,1
2022-06-20,2022-06-20 11:07:00,464.96,465.11,464.96,465.11,0.03,0.29,141.6,1
2022-06-20,2022-06-20 11:08:00,465.11,465.26,465.11,465.26,0.03,0.29,141.6,1
2022-06-20,2022-06-20 11:09:00,465.26,465.42,465.26,465.42,0.03,0.29,141.6,1
2022-06-20,2022-06-20 11:10:00,465.42,465.57,465.42,465.57,0.03,0.29,141.6,1
2022-06-20,2022-06-20 11:11:00,465.57,465.72,465.57,465.72,0.03,0.29,141.6,1
2022-06-20,2022-06-20 11:12:00,465.72,465.87,465.72,465.87,0.03,0.29,141.6,1
2022-06-20,2022-06-20 11:13:00,465.87,466.02,465.87,466.02,0.03,0.29,141.6,1
2022-06-20,2022-06-20 11:14:00,466.02,466.17,466.02,466.17,0.03,0.29,141.6,1
2022-06-20,2022-06-20 11:15:00,466.17,466.33,466.17,466.33,0.03,0.29,141.6,1
2022-06-20,2022-06-20 11:16:00,466.33,466.48,466.33,466.48,0.03,0.29,141.6,1
2022-06-20,2022-06-20 11:17:00,466.48,466.63,466.48,466.63,0.03,0.29,141.6,1
2022-06-20,2022-06-20 11:18:00,466.63,466.78,466.63,466.78,0.03,0.29,141.6,1
2022-06-20,2022-06-20 11:19:00,466.78,466.93,466.78,466.93,0.03,0.29,141.6,1
2022-06-20,2022-06-20 11:20:00,466.93,467.08,466.93,467.08,0.03,0.29,141.6,1
2022-06-20,2022-06-20 11:21:00,467.08,467.24,467.08,467.24,0.03,0.29,141.6,1
2022-06-20,2022-06-20 11:22:00,467.24,467.39,467.24,467.39,0.03,0.29,141.6,1
2022-06-20,2022-06-20 11:23:00,467.39,467.54,467.39,467.54,0.03,0.29,141.6,1
2022-06-20,2022-06-20 11:24:00,467.54,467.69,467.54,467.69,0.03,0.29,141.6,1
2022-06-20,2022-06-20 11:25:00,467.69,467.84,467.69,467.84,0.03,0.29,141.6,1
2022-06-20,2022-06-20 11:26:00,467.84,468.0,467.84,468.0,0.03,0.29,141.6,1
2022-06-20,2022-06-20 11:27:00,468.0,468.15,468.0,468.15,0.03,0.29,141.6,1
2022-06-20,2022-06-20 11:28:00,468.15,468.3,468.15,468.3,0.03,0.29,141.6,1
2022-06-20,2022-06-20 11:29:00,468.3,468.45,468.3,468.45,0.03,0.29,141.6,1
2022-06-20,2022-06-20 11:30:00,468.45,468.6,468.45,468.6,0.03,0.29,141.6,1
2022-06-20,2022-06-20 11:31:00,468.6,468.75,468.6,468.75,0.03,0.29,141.6,1
2022-06-20,2022-06-20 11:32:00,468.75,468.9,468.75,468.9,0.03,0.29,141.6,1
2022-06-20,2022-06-20 11:33:00,468.9,469.06,468.9,469.06,0.03,0.29,141.6,1
2022-06-20,2022-06-20 11:34:00,469.06,469.21,469.06,469.21,0.03,0.29,141.6,1
2022-06-20,2022-06-20 11:35:00,469.21,469.36,469.21,469.36,0.03,0.29,141.6,1
2022-06-20,2022-06-20 11:36:00,469.36,469.51,469.36,469.51,0.03,0.29,141.6,1
2022-06-20,2022-06-20 11:37:00,469.51,469.66,469.51,469.66,0.03,0.29,141.6,1
2022-06-20,2022-06-20 11:38:00,469.66,469.81,469.66,469.81,0.03,0.29,141.6,1
2022-06-20,2022-06-20 11:39:00,469.81,469.97,469.81,469.97,0.03,0.29,141.6,1
2022-06-20,2022-06-20 11:40:00,469.97,470.12,469.97,470.12,0.03,0.29,141.6,1
2022-06-20,2022-06-20 11:41:00,470.12,470.27,470.12,470.27,0.03,0.29,141.6,1
2022-06-20,2022-06-20 11:42:00,470.27,470.42,470.27,470.42,0.03,0.29,141.6,1
2022-06-20,2022-06-20 11:43:00,470.42,470.57,470.42,470.57,0.03,0.29,141.6,1
2022-06-20,2022-06-20 11:44:00,470.57,470.72,470.57,470.72,0.03,0.29,141.6,1
2022-06-20,2022-06-20 11:45:00,470.72,470.88,470.72,470.88,0.03,0.29,141.6,1
2022-06-20,2022-06-20 11:46:00,470.88,471.03,470.88,471.03,0.03,0.29,141.6,1
2022-06-20,2022-06-20 11:47:00,471.03,471.18,471.03,471.18,0.03,0.29,141.6,1
2022-06-20,2022-06-20 11:48:00,471.18,471.33,471.18,471.33,0.03,0.29,141.6,1
2022-06-20,2022-06-20 11:49:00,471.33,471.48,471.33,471.48,0.03,0.29,141.6,1
2022-06-20,2022-06-20 11:50:00,471.48,471.63,471.48,471.63,0.03,0.29,141.6,1
2022-06-20,2022-06-20 11:51:00,471.63,471.79,471.63,471.79,0.03,0.29,141.6,1
2022-06-20,2022-06-20 11:52:00,471.79,471.94,471.79,471.94,0.03,0.29,141.6,1
2022-06-20,2022-06-20 11:53:00,471.94,472.09,471.94,472.09,0.03,0.29,141.6,1
2022-06-20,2022-06-20 11:54:00,472.09,472.24,472.09,472.24,0.03,0.29,141.6,1
2022-06-20,2022-06-20 11:55:00,472.24,472.39,472.24,472.39,0.03,0.29,141.6,1
2022-06-20,2022-06-20 11:56:00,472.39,472.54,472.39,472.54,0.03,0.29,141.6,1
2022-06-20,2022-06-20 11:57:00,472.54,472.7,472.54,472.7,0.03,0.29,141.6,1
2022-06-20,2022-06-20 11:58:00,472.7,472.85,472.7,472.85,0.03,0.29,141.6,1
2022-06-20,2022-06-20 11:59:00,472.85,473.0,472.85,473.0,0.03,0.29,141.6,1
2022-06-20,2022-06-20 12:00:00,473.0,473.15,473.0,473.15,0.03,0.29,141.6,1
2022-06-20,2022-06-20 12:01:00,473.15,473.3,473.15,473.3,0.03,0.29,141.6,1
2022-06-20,2022-06-20 12:02:00,473.3,473.45,473.3,473.45,0.03,0.29,141.6,1
2022-06-20,2022-06-20 12:03:00,473.45,473.61,473.45,473.61,0.03,0.29,141.6,1
2022-06-20,2022-06-20 12:04:00,473.61,473.76,473.61,473.76,0.03,0.29,141.6,1
2022-06-20,2022-06-20 12:05:00,473.76,473.91,473.76,473.91,0.03,0.29,141.6,1
2022-06-20,2022-06-20 12:06:00,473.91,474.06,473.91,474.06,0.03,0.29,141.6,1
2022-06-20,2022-06-20 12:07:00,474.06,474.21,474.06,474.21,0.03,0.29,141.6,1
2022-06-20,2022-06-20 12:08:00,474.21,474.37,474.21,474.37,0.03,0.29,141.6,1
2022-06-20,2022-06-20 12:09:00,474.37,474.52,474.37,474.52,0.03,0.29,141.6,1
2022-06-20,2022-06-20 12:10:00,474.52,474.67,474.52,474.67,0.03,0.29,141.6,1
2022-06-20,2022-06-20 12:11:00,474.67,474.82,474.67,474.82,0.03,0.29,141.6,1
2022-06-20,2022-06-20 12:12:00,474.82,474.97,474.82,474.97,0.03,0.29,141.6,1
2022-06-20,2022-06-20 12:13:00,474.97,475.12,474.97,475.12,0.03,0.29,141.6,1
2022-06-20,2022-06-20 12:14:00,475.12,475.27,475.12,475.27,0.03,0.29,141.6,1
2022-06-20,2022-06-20 12:15:00,475.27,475.43,475.27,475.43,0.03,0.29,141.6,1
2022-06-20,2022-06-20 12:16:00,475.43,475.58,475.43,475.58,0.03,0.29,141.6,1
2022-06-20,2022-06-20 12:17:00,475.58,475.73,475.58,475.73,0.03,0.29,141.6,1
2022-06-20,2022-06-20 12:18:00,475.73,475.88,475.73,475.88,0.03,0.29,141.6,1
2022-06-20,2022-06-20 12:19:00,475.88,476.03,475.88,476.03,0.03,0.29,141.6,1
2022-06-20,2022-06-20 12:20:00,476.03,476.19,476.03,476.19,0.03,0.29,141.6,1
2022-06-20,2022-06-20 12:21:00,476.19,476.34,476.19,476.34,0.03,0.29,141.6,1
2022-06-20,2022-06-20 12:22:00,476.34,476.49,476.34,476.49,0.03,0.29,141.6,1
2022-06-20,2022-06-20 12:23:00,476.49,476.64,476.49,476.64,0.03,0.29,141.6,1
2022-06-20,2022-06-20 12:24:00,476.64,476.79,476.64,476.79,0.03,0.29,141.6,1
2022-06-20,2022-06-20 12:25:00,476.79,476.94,476.79,476.94,0.03,0.29,141.6,1
2022-06-20,2022-06-20 12:26:00,476.94,477.09,476.94,477.09,0.03,0.29,141.6,1
2022-06-20,2022-06-20 12:27:00,477.09,477.25,477.09,477.25,0.03,0.29,141.6,1
2022-06-20,2022-06-20 12:28:00,477.25,477.4,477.25,477.4,0.03,0.29,141.6,1
2022-06-20,2022-06-20 12:29:00,477.4,477.55,477.4,477.55,0.03,0.29,141.6,1
2022-06-20,2022-06-20 12:30:00,477.55,477.7,477.55,477.7,0.03,0.29,141.6,1
2022-06-20,2022-06-20 12:31:00,477.7,477.85,477.7,477.85,0.03,0.29,141.6,1
2022-06-20,2022-06-20 12:32:00,477.85,478.0,477.85,478.0,0.03,0.29,141.6,1
2022-06-20,2022-06-20 12:33:00,478.0,478.16,478.0,478.16,0.03,0.29,141.6,1
2022-06-20,2022-06-20 12:34:00,478.16,478.31,478.16,478.31,0.03,0.29,141.6,1
2022-06-20,2022-06-20 12:35:00,478.31,478.46,478.31,478.46,0.03,0.29,141.6,1
2022-06-20,2022-06-20 12:36:00,478.46,478.61,478.46,478.61,0.03,0.29,141.6,1
2022-06-20,2022-06-20 12:37:00,478.61,478.76,478.61,478.76,0.03,0.29,141.6,1
2022-06-20,2022-06-20 12:38:00,478.76,478.91,478.76,478.91,0.03,0.29,141.6,1
2022-06-20,2022-06-20 12:39:00,478.91,479.07,478.91,479.07,0.03,0.29,141.6,1
2022-06-20,2022-06-20 12:40:00,479.07,479.22,479.07,479.22,0.03,0.29,141.6,1
2022-06-20,2022-06-20 12:41:00,479.22,479.37,479.22,479.37,0.03,0.29,141.6,1
2022-06-20,2022-06-20 12:42:00,479.37,479.52,479.37,479.52,0.03,0.29,141.6,1
2022-06-20,2022-06-20 12:43:00,479.52,479.67,479.52,479.67,0.03,0.29,141.6,1
2022-06-20,2022-06-20 12:44:00,479.67,479.82,479.67,479.82,0.03,0.29,141.6,1
2022-06-20,2022-06-20 12:45:00,479.82,479.98,479.82,479.98,0.03,0.29,141.6,1
2022-06-20,2022-06-20 12:46:00,479.98,480.13,479.98,480.13,0.03,0.29,141.6,1
2022-06-20,2022-06-20 12:47:00,480.13,480.28,480.13,480.28,0.03,0.29,141.6,1
2022-06-20,2022-06-20 12:48:00,480.28,480.43,480.28,480.43,0.03,0.29,141.6,1
2022-06-20,2022-06-20 12:49:00,480.43,480.58,480.43,480.58,0.03,0.29,141.6,1
2022-06-20,2022-06-20 12:50:00,480.58,480.74,480.58,480.74,0.03,0.29,141.6,1
2022-06-20,2022-06-20 12:51:00,480.74,480.89,480.74,480.89,0.03,0.29,141.6,1
2022-06-20,2022-06-20 12:52:00,480.89,481.04,480.89,481.04,0.03,0.29,141.6,1
2022-06-20,2022-06-20 12:53:00,481.04,481.19,481.04,481.19,0.03,0.29,141.6,1
2022-06-20,2022-06-20 12:54:00,481.19,481.34,481.19,481.34,0.03,0.29,141.6,1
2022-06-20,2022-06-20 12:55:00,481.34,481.49,481.34,481.49,0.03,0.29,141.6,1
2022-06-20,2022-06-20 12:56:00,481.49,481.64,481.49,481.64,0.03,0.29,141.6,1
2022-06-20,2022-06-20 12:57:00,481.64,481.8,481.64,481.8,0.03,0.29,141.6,1
2022-06-20,2022-06-20 12:58:00,481.8,481.95,481.8,481.95,0.03,0.29,141.6,1
2022-06-20,2022-06-20 12:59:00,481.95,482.1,481.95,482.1,0.03,0.29,141.6,1
2022-06-20,2022-06-20 13:00:00,482.1,500.3,463.9,482.25,0.03,0.29,141.6,1
2022-06-20,2022-06-20 13:01:00,482.25,482.4,482.25,482.4,0.03,0.29,141.6,1
2022-06-20,2022-06-20 13:02:00,482.4,482.56,482.4,482.56,0.03,0.29,141.6,1
2022-06-20,2022-06-20 13:03:00,482.56,482.71,482.56,482.71,0.03,0.29,141.6,1
2022-06-20,2022-06-20 13:04:00,482.71,482.86,482.71,482.86,0.03,0.29,141.6,1
2022-06-20,2022-06-20 13:05:00,482.86,483.01,482.86,483.01,0.03,0.29,141.6,1
2022-06-20,2022-06-20 13:06:00,483.01,483.16,483.01,483.16,0.03,0.29,141.6,1
2022-06-20,2022-06-20 13:07:00,483.16,483.31,483.16,483.31,0.03,0.29,141.6,1
2022-06-20,2022-06-20 13:08:00,483.31,483.46,483.31,483.46,0.03,0.29,141.6,1
2022-06-20,2022-06-20 13:09:00,483.46,483.62,483.46,483.62,0.03,0.29,141.6,1
2022-06-20,2022-06-20 13:10:00,483.62,483.77,483.62,483.77,0.03,0.29,141.6,1
2022-06-20,2022-06-20 13:11:00,483.77,483.92,483.77,483.92,0.03,0.29,141.6,1
2022-06-20,2022-06-20 13:12:00,483.92,484.07,483.92,484.07,0.03,0.29,141.6,1
2022-06-20,2022-06-20 13:13:00,484.07,484.22,484.07,484.22,0.03,0.29,141.6,1
2022-06-20,2022-06-20 13:14:00,484.22,484.38,484.22,484.38,0.03,0.29,141.6,1
2022-06-20,2022-06-20 13:15:00,484.38,484.53,484.38,484.53,0.03,0.29,141.6,1
2022-06-20,2022-06-20 13:16:00,484.53,484.68,484.53,484.68,0.03,0.29,141.6,1
2022-06-20,2022-06-20 13:17:00,484.68,484.83,484.68,484.83,0.03,0.29,141.6,1
2022-06-20,2022-06-20 13:18:00,484.83,484.98,484.83,484.98,0.03,0.29,141.6,1
2022-06-20,2022-06-20 13:19:00,484.98,485.13,484.98,485.13,0.03,0.29,141.6,1
2022-06-20,2022-06-20 13:20:00,485.13,485.28,485.13,485.28,0.03,0.29,141.6,1
2022-06-20,2022-06-20 13:21:00,485.28,485.44,485.28,485.44,0.03,0.29,141.6,1
2022-06-20,2022-06-20 13:22:00,485.44,485.59,485.44,485.59,0.03,0.29,141.6,1
2022-06-20,2022-06-20 13:23:00,485.59,485.74,485.59,485.74,0.03,0.29,141.6,1
2022-06-20,2022-06-20 13:24:00,485.74,485.89,485.74,485.89,0.03,0.29,141.6,1
2022-06-20,2022-06-20 13:25:00,485.89,486.04,485.89,486.04,0.03,0.29,141.6,1
2022-06-20,2022-06-20 13:26:00,486.04,486.19,486.04,486.19,0.03,0.29,141.6,1
2022-06-20,2022-06-20 13:27:00,486.19,486.35,486.19,486.35,0.03,0.29,141.6,1
2022-06-20,2022-06-20 13:28:00,486.35,486.5,486.35,486.5,0.03,0.29,141.6,1
2022-06-20,2022-06-20 13:29:00,486.5,486.65,486.5,486.65,0.03,0.29,141.6,1
2022-06-20,2022-06-20 13:30:00,486.65,486.8,486.65,486.8,0.03,0.29,141.6,1
2022-06-20,2022-06-20 13:31:00,486.8,486.95,486.8,486.95,0.03,0.29,141.6,1
2022-06-20,2022-06-20 13:32:00,486.95,487.11,486.95,487.11,0.03,0.29,141.6,1
2022-06-20,2022-06-20 13:33:00,487.11,487.26,487.11,487.26,0.03,0.29,141.6,1
2022-06-20,2022-06-20 13:34:00,487.26,487.41,487.26,487.41,0.03,0.29,141.6,1
2022-06-20,2022-06-20 13:35:00,487.41,487.56,487.41,487.56,0.03,0.29,141.6,1
2022-06-20,2022-06-20 13:36:00,487.56,487.71,487.56,487.71,0.03,0.29,141.6,1
2022-06-20,2022-06-20 13:37:00,487.71,487.86,487.71,487.86,0.03,0.29,141.6,1
2022-06-20,2022-06-20 13:38:00,487.86,488.01,487.86,488.01,0.03,0.29,141.6,1
2022-06-20,2022-06-20 13:39:00,488.01,488.17,488.01,488.17,0.03,0.29,141.6,1
2022-06-20,2022-06-20 13:40:00,488.17,488.32,488.17,488.32,0.03,0.29,141.6,1
2022-06-20,2022-06-20 13:41:00,488.32,488.47,488.32,488.47,0.03,0.29,141.6,1
2022-06-20,2022-06-20 13:42:00,488.47,488.62,488.47,488.62,0.03,0.29,141.6,1
2022-06-20,2022-06-20 13:43:00,488.62,488.77,488.62,488.77,0.03,0.29,141.6,1
2022-06-20,2022-06-20 13:44:00,488.77,488.93,488.77,488.93,0.03,0.29,141.6,1
2022-06-20,2022-06-20 13:45:00,488.93,489.08,488.93,489.08,0.03,0.29,141.6,1
2022-06-20,2022-06-20 13:46:00,489.08,489.23,489.08,489.23,0.03,0.29,141.6,1
2022-06-20,2022-06-20 13:47:00,489.23,489.38,489.23,489.38,0.03,0.29,141.6,1
2022-06-20,2022-06-20 13:48:00,489.38,489.53,489.38,489.53,0.03,0.29,141.6,1
2022-06-20,2022-06-20 13:49:00,489.53,489.68,489.53,489.68,0.03,0.29,141.6,1
2022-06-20,2022-06-20 13:50:00,489.68,489.83,489.68,489.83,0.03,0.29,141.6,1
2022-06-20,2022-06-20 13:51:00,489.83,489.99,489.83,489.99,0.03,0.29,141.6,1
2022-06-20,2022-06-20 13:52:00,489.99,490.14,489.99,490.14,0.03,0.29,141.6,1
2022-06-20,2022-06-20 13:53:00,490.14,490.29,490.14,490.29,0.03,0.29,141.6,1
2022-06-20,2022-06-20 13:54:00,490.29,490.44,490.29,490.44,0.03,0.29,141.6,1
2022-06-20,2022-06-20 13:55:00,490.44,490.59,490.44,490.59,0.03,0.29,141.6,1
2022-06-20,2022-06-20 13:56:00,490.59,490.75,490.59,490.75,0.03,0.29,141.6,1
2022-06-20,2022-06-20 13:57:00,490.75,490.9,490.75,490.9,0.03,0.29,141.6,1
2022-06-20,2022-06-20 13:58:00,490.9,491.05,490.9,491.05,0.03,0.29,141.6,1
2022-06-20,2022-06-20 13:59:00,491.05,491.2,491.05,491.2,0.03,0.29,141.6,1
2022-06-20,2022-06-20 14:00:00,491.2,491.35,491.2,491.35,0.03,0.29,141.6,1
2022-06-20,2022-06-20 14:01:00,491.35,491.5,491.35,491.5,0.03,0.29,141.6,1
2022-06-20,2022-06-20 14:02:00,491.5,491.65,491.5,491.65,0.03,0.29,141.6,1
2022-06-20,2022-06-20 14:03:00,491.65,491.81,491.65,491.81,0.03,0.29,141.6,1
2022-06-20,2022-06-20 14:04:00,491.81,491.96,491.81,491.96,0.03,0.29,141.6,1
2022-06-20,2022-06-20 14:05:00,491.96,492.11,491.96,492.11,0.03,0.29,141.6,1
2022-06-20,2022-06-20 14:06:00,492.11,492.26,492.11,492.26,0.03,0.29,141.6,1
2022-06-20,2022-06-20 14:07:00,492.26,492.41,492.26,492.41,0.03,0.29,141.6,1
2022-06-20,2022-06-20 14:08:00,492.41,492.56,492.41,492.56,0.03,0.29,141.6,1
2022-06-20,2022-06-20 14:09:00,492.56,492.72,492.56,492.72,0.03,0.29,141.6,1
2022-06-20,2022-06-20 14:10:00,492.72,492.87,492.72,492.87,0.03,0.29,141.6,1
2022-06-20,2022-06-20 14:11:00,492.87,493.02,492.87,493.02,0.03,0.29,141.6,1
2022-06-20,2022-06-20 14:12:00,493.02,493.17,493.02,493.17,0.03,0.29,141.6,1
2022-06-20,2022-06-20 14:13:00,493.17,493.32,493.17,493.32,0.03,0.29,141.6,1
2022-06-20,2022-06-20 14:14:00,493.32,493.48,493.32,493.48,0.03,0.29,141.6,1
2022-06-20,2022-06-20 14:15:00,493.48,493.63,493.48,493.63,0.03,0.29,141.6,1
2022-06-20,2022-06-20 14:16:00,493.63,493.78,493.63,493.78,0.03,0.29,141.6,1
2022-06-20,2022-06-20 14:17:00,493.78,493.93,493.78,493.93,0.03,0.29,141.6,1
2022-06-20,2022-06-20 14:18:00,493.93,494.08,493.93,494.08,0.03,0.29,141.6,1
2022-06-20,2022-06-20 14:19:00,494.08,494.23,494.08,494.23,0.03,0.29,141.6,1
2022-06-20,2022-06-20 14:20:00,494.23,494.38,494.23,494.38,0.03,0.29,141.6,1
2022-06-20,2022-06-20 14:21:00,494.38,494.54,494.38,494.54,0.03,0.29,141.6,1
2022-06-20,2022-06-20 14:22:00,494.54,494.69,494.54,494.69,0.03,0.29,141.6,1
2022-06-20,2022-06-20 14:23:00,494.69,494.84,494.69,494.84,0.03,0.29,141.6,1
2022-06-20,2022-06-20 14:24:00,494.84,494.99,494.84,494.99,0.03,0.29,141.6,1
2022-06-20,2022-06-20 14:25:00,494.99,495.14,494.99,495.14,0.03,0.29,141.6,1
2022-06-20,2022-06-20 14:26:00,495.14,495.3,495.14,495.3,0.03,0.29,141.6,1
2022-06-20,2022-06-20 14:27:00,495.3,495.45,495.3,495.45,0.03,0.29,141.6,1
2022-06-20,2022-06-20 14:28:00,495.45,495.6,495.45,495.6,0.03,0.29,141.6,1
2022-06-20,2022-06-20 14:29:00,495.6,495.75,495.6,495.75,0.03,0.29,141.6,1
2022-06-20,2022-06-20 14:30:00,495.75,495.9,495.75,495.9,0.03,0.29,141.6,1
2022-06-20,2022-06-20 14:31:00,495.9,496.05,495.9,496.05,0.03,0.29,141.6,1
2022-06-20,2022-06-20 14:32:00,496.05,496.2,496.05,496.2,0.03,0.29,141.6,1
2022-06-20,2022-06-20 14:33:00,496.2,496.36,496.2,496.36,0.03,0.29,141.6,1
2022-06-20,2022-06-20 14:34:00,496.36,496.51,496.36,496.51,0.03,0.29,141.6,1
2022-06-20,2022-06-20 14:35:00,496.51,496.66,496.51,496.66,0.03,0.29,141.6,1
2022-06-20,2022-06-20 14:36:00,496.66,496.81,496.66,496.81,0.03,0.29,141.6,1
2022-06-20,2022-06-20 14:37:00,496.81,496.96,496.81,496.96,0.03,0.29,141.6,1
2022-06-20,2022-06-20 14:38:00,496.96,497.12,496.96,497.12,0.03,0.29,141.6,1
2022-06-20,2022-06-20 14:39:00,497.12,497.27,497.12,497.27,0.03,0.29,141.6,1
2022-06-20,2022-06-20 14:40:00,497.27,497.42,497.27,497.42,0.03,0.29,141.6,1
2022-06-20,2022-06-20 14:41:00,497.42,497.57,497.42,497.57,0.03,0.29,141.6,1
2022-06-20,2022-06-20 14:42:00,497.57,497.72,497.57,497.72,0.03,0.29,141.6,1
2022-06-20,2022-06-20 14:43:00,497.72,497.87,497.72,497.87,0.03,0.29,141.6,1
2022-06-20,2022-06-20 14:44:00,497.87,498.02,497.87,498.02,0.03,0.29,141.6,1
2022-06-20,2022-06-20 14:45:00,498.02,498.18,498.02,498.18,0.03,0.29,141.6,1
2022-06-20,2022-06-20 14:46:00,498.18,498.33,498.18,498.33,0.03,0.29,141.6,1
2022-06-20,2022-06-20 14:47:00,498.33,498.48,498.33,498.48,0.03,0.29,141.6,1
2022-06-20,2022-06-20 14:48:00,498.48,498.63,498.48,498.63,0.03,0.29,141.6,1
2022-06-20,2022-06-20 14:49:00,498.63,498.78,498.63,498.78,0.03,0.29,141.6,1
2022-06-20,2022-06-20 14:50:00,498.78,498.94,498.78,498.94,0.03,0.29,141.6,1
2022-06-20,2022-06-20 14:51:00,498.94,499.09,498.94,499.09,0.03,0.29,141.6,1
2022-06-20,2022-06-20 14:52:00,499.09,499.24,499.09,499.24,0.03,0.29,141.6,1
2022-06-20,2022-06-20 14:53:00,499.24,499.39,499.24,499.39,0.03,0.29,141.6,1
2022-06-20,2022-06-20 14:54:00,499.39,499.54,499.39,499.54,0.03,0.29,141.6,1
2022-06-20,2022-06-20 14:55:00,499.54,499.69,499.54,499.69,0.03,0.29,141.6,1
2022-06-20,2022-06-20 14:56:00,499.69,499.85,499.69,499.85,0.03,0.29,141.6,1
2022-06-20,2022-06-20 14:57:00,499.85,500.0,499.85,500.0,0.03,0.29,141.6,1
2022-06-20,2022-06-20 14:58:00,500.0,500.15,500.0,500.15,0.03,0.29,141.6,1
2022-06-20,2022-06-20 14:59:00,500.15,500.3,500.15,500.3,0.03,0.29,141.6,1
2022-06-20,2022-06-20 15:00:00,500.3,500.3,463.9,500.3,0.0,0.29,141.6,0
2022-06-21,2022-06-21 11:00:00,510.3,522.3,510.3,510.47,0.03,0.25,130.96,1
2022-06-21,2022-06-21 11:01:00,510.47,510.63,510.47,510.63,0.03,0.25,130.96,1
2022-06-21,2022-06-21 11:02:00,510.63,510.8,510.63,510.8,0.03,0.25,130.96,1
2022-06-21,2022-06-21 11:03:00,510.8,510.97,510.8,510.97,0.03,0.25,130.96,1
2022-06-21,2022-06-21 11:04:00,510.97,511.13,510.97,511.13,0.03,0.25,130.96,1
2022-06-21,2022-06-21 11:05:00,511.13,511.3,511.13,511.3,0.03,0.25,130.96,1
2022-06-21,2022-06-21 11:06:00,511.3,511.47,511.3,511.47,0.03,0.25,130.96,1
2022-06-21,2022-06-21 11:07:00,511.47,511.63,511.47,511.63,0.03,0.25,130.96,1
2022-06-21,2022-06-21 11:08:00,511.63,511.8,511.63,511.8,0.03,0.25,130.96,1
2022-06-21,2022-06-21 11:09:00,511.8,511.97,511.8,511.97,0.03,0.25,130.96,1
2022-06-21,2022-06-21 11:10:00,511.97,512.13,511.97,512.13,0.03,0.25,130.96,1
2022-06-21,2022-06-21 11:11:00,512.13,512.3,512.13,512.3,0.03,0.25,130.96,1
2022-06-21,2022-06-21 11:12:00,512.3,512.47,512.3,512.47,0.03,0.25,130.96,1
2022-06-21,2022-06-21 11:13:00,512.47,512.63,512.47,512.63,0.03,0.25,130.96,1
2022-06-21,2022-06-21 11:14:00,512.63,512.8,512.63,512.8,0.03,0.25,130.96,1
2022-06-21,2022-06-21 11:15:00,512.8,512.97,512.8,512.97,0.03,0.25,130.96,1
2022-06-21,2022-06-21 11:16:00,512.97,513.13,512.97,513.13,0.03,0.25,130.96,1
2022-06-21,2022-06-21 11:17:00,513.13,513.3,513.13,513.3,0.03,0.25,130.96,1
2022-06-21,2022-06-21 11:18:00,513.3,513.47,513.3,513.47,0.03,0.25,130.96,1
2022-06-21,2022-06-21 11:19:00,513.47,513.63,513.47,513.63,0.03,0.25,130.96,1
2022-06-21,2022-06-21 11:20:00,513.63,513.8,513.63,513.8,0.03,0.25,130.96,1
2022-06-21,2022-06-21 11:21:00,513.8,513.97,513.8,513.97,0.03,0.25,130.96,1
2022-06-21,2022-06-21 11:22:00,513.97,514.13,513.97,514.13,0.03,0.25,130.96,1
2022-06-21,2022-06-21 11:23:00,514.13,514.3,514.13,514.3,0.03,0.25,130.96,1
2022-06-21,2022-06-21 11:24:00,514.3,514.47,514.3,514.47,0.03,0.25,130.96,1
2022-06-21,2022-06-21 11:25:00,514.47,514.63,514.47,514.63,0.03,0.25,130.96,1
2022-06-21,2022-06-21 11:26:00,514.63,514.8,514.63,514.8,0.03,0.25,130.96,1
2022-06-21,2022-06-21 11:27:00,514.8,514.97,514.8,514.97,0.03,0.25,130.96,1
2022-06-21,2022-06-21 11:28:00,514.97,515.13,514.97,515.13,0.03,0.25,130.96,1
2022-06-21,2022-06-21 11:29:00,515.13,515.3,515.13,515.3,0.03,0.25,130.96,1
2022-06-21,2022-06-21 11:30:00,515.3,515.47,515.3,515.47,0.03,0.25,130.96,1
2022-06-21,2022-06-21 11:31:00,515.47,515.63,515.47,515.63,0.03,0.25,130.96,1
2022-06-21,2022-06-21 11:32:00,515.63,515.8,515.63,515.8,0.03,0.25,130.96,1
2022-06-21,2022-06-21 11:33:00,515.8,515.97,515.8,515.97,0.03,0.25,130.96,1
2022-06-21,2022-06-21 11:34:00,515.97,516.13,515.97,516.13,0.03,0.25,130.96,1
2022-06-21,2022-06-21 11:35:00,516.13,516.3,516.13,516.3,0.03,0.25,130.96,1
2022-06-21,2022-06-21 11:36:00,516.3,516.47,516.3,516.47,0.03,0.25,130.96,1
2022-06-21,2022-06-21 11:37:00,516.47,516.63,516.47,516.63,0.03,0.25,130.96,1
2022-06-21,2022-06-21 11:38:00,516.63,516.8,516.63,516.8,0.03,0.25,130.96,1
2022-06-21,2022-06-21 11:39:00,516.8,516.97,516.8,516.97,0.03,0.25,130.96,1
2022-06-21,2022-06-21 11:40:00,516.97,517.13,516.97,517.13,0.03,0.25,130.96,1
2022-06-21,2022-06-21 11:41:00,517.13,517.3,517.13,517.3,0.03,0.25,130.96,1
2022-06-21,2022-06-21 11:42:00,517.3,517.47,517.3,517.47,0.03,0.25,130.96,1
2022-06-21,2022-06-21 11:43:00,517.47,517.63,517.47,517.63,0.03,0.25,130.96,1
2022-06-21,2022-06-21 11:44:00,517.63,517.8,517.63,517.8,0.03,0.25,130.96,1
2022-06-21,2022-06-21 11:45:00,517.8,517.97,517.8,517.97,0.03,0.25,130.96,1
2022-06-21,2022-06-21 11:46:00,517.97,518.13,517.97,518.13,0.03,0.25,130.96,1
2022-06-21,2022-06-21 11:47:00,518.13,518.3,518.13,518.3,0.03,0.25,130.96,1
2022-06-21,2022-06-21 11:48:00,518.3,518.47,518.3,518.47,0.03,0.25,130.96,1
2022-06-21,2022-06-21 11:49:00,518.47,518.63,518.47,518.63,0.03,0.25,130.96,1
2022-06-21,2022-06-21 11:50:00,518.63,518.8,518.63,518.8,0.03,0.25,130.96,1
2022-06-21,2022-06-21 11:51:00,518.8,518.97,518.8,518.97,0.03,0.25,130.96,1
2022-06-21,2022-06-21 11:52:00,518.97,519.13,518.97,519.13,0.03,0.25,130.96,1
2022-06-21,2022-06-21 11:53:00,519.13,519.3,519.13,519.3,0.03,0.25,130.96,1
2022-06-21,2022-06-21 11:54:00,519.3,519.47,519.3,519.47,0.03,0.25,130.96,1
2022-06-21,2022-06-21 11:55:00,519.47,519.63,519.47,519.63,0.03,0.25,130.96,1
2022-06-21,2022-06-21 11:56:00,519.63,519.8,519.63,519.8,0.03,0.25,130.96,1
2022-06-21,2022-06-21 11:57:00,519.8,519.97,519.8,519.97,0.03,0.25,130.96,1
2022-06-21,2022-06-21 11:58:00,519.97,520.13,519.97,520.13,0.03,0.25,130.96,1
2022-06-21,2022-06-21 11:59:00,520.13,520.3,520.13,520.3,0.03,0.25,130.96,1
2022-06-21,2022-06-21 12:00:00,520.3,520.47,520.3,520.47,0.03,0.25,130.96,1
2022-06-21,2022-06-21 12:01:00,520.47,520.63,520.47,520.63,0.03,0.25,130.96,1
2022-06-21,2022-06-21 12:02:00,520.63,520.8,520.63,520.8,0.03,0.25,130.96,1
2022-06-21,2022-06-21 12:03:00,520.8,520.97,520.8,520.97,0.03,0.25,130.96,1
2022-06-21,2022-06-21 12:04:00,520.97,521.13,520.97,521.13,0.03,0.25,130.96,1
2022-06-21,2022-06-21 12:05:00,521.13,521.3,521.13,521.3,0.03,0.25,130.96,1
2022-06-21,2022-06-21 12:06:00,521.3,521.47,521.3,521.47,0.03,0.25,130.96,1
2022-06-21,2022-06-21 12:07:00,521.47,521.63,521.47,521.63,0.03,0.25,130.96,1
2022-06-21,2022-06-21 12:08:00,521.63,521.8,521.63,521.8,0.03,0.25,130.96,1
2022-06-21,2022-06-21 12:09:00,521.8,521.97,521.8,521.97,0.03,0.25,130.96,1
2022-06-21,2022-06-21 12:10:00,521.97,522.13,521.97,522.13,0.03,0.25,130.96,1
2022-06-21,2022-06-21 12:11:00,522.13,522.3,522.13,522.3,0.03,0.25,130.96,1
2022-06-21,2022-06-21 12:12:00,522.3,522.47,522.3,522.47,0.03,0.25,130.96,1
2022-06-21,2022-06-21 12:13:00,522.47,522.63,522.47,522.63,0.03,0.25,130.96,1
2022-06-21,2022-06-21 12:14:00,522.63,522.8,522.63,522.8,0.03,0.25,130.96,1
2022-06-21,2022-06-21 12:15:00,522.8,522.97,522.8,522.97,0.03,0.25,130.96,1
2022-06-21,2022-06-21 12:16:00,522.97,523.13,522.97,523.13,0.03,0.25,130.96,1
2022-06-21,2022-06-21 12:17:00,523.13,523.3,523.13,523.3,0.03,0.25,130.96,1
2022-06-21,2022-06-21 12:18:00,523.3,523.47,523.3,523.47,0.03,0.25,130.96,1
2022-06-21,2022-06-21 12:19:00,523.47,523.63,523.47,523.63,0.03,0.25,130.96,1
2022-06-21,2022-06-21 12:20:00,523.63,523.8,523.63,523.8,0.03,0.25,130.96,1
2022-06-21,2022-06-21 12:21:00,523.8,523.97,523.8,523.97,0.03,0.25,130.96,1
2022-06-21,2022-06-21 12:22:00,523.97,524.13,523.97,524.13,0.03,0.25,130.96,1
2022-06-21,2022-06-21 12:23:00,524.13,524.3,524.13,524.3,0.03,0.25,130.96,1
2022-06-21,2022-06-21 12:24:00,524.3,524.47,524.3,524.47,0.03,0.25,130.96,1
2022-06-21,2022-06-21 12:25:00,524.47,524.63,524.47,524.63,0.03,0.25,130.96,1
2022-06-21,2022-06-21 12:26:00,524.63,524.8,524.63,524.8,0.03,0.25,130.96,1
2022-06-21,2022-06-21 12:27:00,524.8,524.97,524.8,524.97,0.03,0.25,130.96,1
2022-06-21,2022-06-21 12:28:00,524.97,525.13,524.97,525.13,0.03,0.25,130.96,1
2022-06-21,2022-06-21 12:29:00,525.13,525.3,525.13,525.3,0.03,0.25,130.96,1
2022-06-21,2022-06-21 12:30:00,525.3,525.47,525.3,525.47,0.03,0.25,130.96,1
2022-06-21,2022-06-21 12:31:00,525.47,525.63,525.47,525.63,0.03,0.25,130.96,1
2022-06-21,2022-06-21 12:32:00,525.63,525.8,525.63,525.8,0.03,0.25,130.96,1
2022-06-21,2022-06-21 12:33:00,525.8,525.97,525.8,525.97,0.03,0.25,130.96,1
2022-06-21,2022-06-21 12:34:00,525.97,526.13,525.97,526.13,0.03,0.25,130.96,1
2022-06-21,2022-06-21 12:35:00,526.13,526.3,526.13,526.3,0.03,0.25,130.96,1
2022-06-21,2022-06-21 12:36:00,526.3,526.47,526.3,526.47,0.03,0.25,130.96,1
2022-06-21,2022-06-21 12:37:00,526.47,526.63,526.47,526.63,0.03,0.25,130.96,1
2022-06-21,2022-06-21 12:38:00,526.63,526.8,526.63,526.8,0.03,0.25,130.96,1
2022-06-21,2022-06-21 12:39:00,526.8,526.97,526.8,526.97,0.03,0.25,130.96,1
2022-06-21,2022-06-21 12:40:00,526.97,527.13,526.97,527.13,0.03,0.25,130.96,1
2022-06-21,2022-06-21 12:41:00,527.13,527.3,527.13,527.3,0.03,0.25,130.96,1
2022-06-21,2022-06-21 12:42:00,527.3,527.47,527.3,527.47,0.03,0.25,130.96,1
2022-06-21,2022-06-21 12:43:00,527.47,527.63,527.47,527.63,0.03,0.25,130.96,1
2022-06-21,2022-06-21 12:44:00,527.63,527.8,527.63,527.8,0.03,0.25,130.96,1
2022-06-21,2022-06-21 12:45:00,527.8,527.97,527.8,527.97,0.03,0.25,130.96,1
2022-06-21,2022-06-21 12:46:00,527.97,528.13,527.97,528.13,0.03,0.25,130.96,1
2022-06-21,2022-06-21 12:47:00,528.13,528.3,528.13,528.3,0.03,0.25,130.96,1
2022-06-21,2022-06-21 12:48:00,528.3,528.47,528.3,528.47,0.03,0.25,130.96,1
2022-06-21,2022-06-21 12:49:00,528.47,528.63,528.47,528.63,0.03,0.25,130.96,1
2022-06-21,2022-06-21 12:50:00,528.63,528.8,528.63,528.8,0.03,0.25,130.96,1
2022-06-21,2022-06-21 12:51:00,528.8,528.97,528.8,528.97,0.03,0.25,130.96,1
2022-06-21,2022-06-21 12:52:00,528.97,529.13,528.97,529.13,0.03,0.25,130.96,1
2022-06-21,2022-06-21 12:53:00,529.13,529.3,529.13,529.3,0.03,0.25,130.96,1
2022-06-21,2022-06-21 12:54:00,529.3,529.47,529.3,529.47,0.03,0.25,130.96,1
2022-06-21,2022-06-21 12:55:00,529.47,529.63,529.47,529.63,0.03,0.25,130.96,1
2022-06-21,2022-06-21 12:56:00,529.63,529.8,529.63,529.8,0.03,0.25,130.96,1
2022-06-21,2022-06-21 12:57:00,529.8,529.97,529.8,529.97,0.03,0.25,130.96,1
2022-06-21,2022-06-21 12:58:00,529.97,530.13,529.97,530.13,0.03,0.25,130.96,1
2022-06-21,2022-06-21 12:59:00,530.13,530.3,530.13,530.3,0.03,0.25,130.96,1
2022-06-21,2022-06-21 13:00:00,530.3,550.3,510.3,530.47,0.03,0.25,130.96,1
2022-06-21,2022-06-21 13:01:00,530.47,530.63,530.47,530.63,0.03,0.25,130.96,1
2022-06-21,2022-06-21 13:02:00,530.63,530.8,530.63,530.8,0.03,0.25,130.96,1
2022-06-21,2022-06-21 13:03:00,530.8,530.97,530.8,530.97,0.03,0.25,130.96,1
2022-06-21,2022-06-21 13:04:00,530.97,531.13,530.97,531.13,0.03,0.25,130.96,1
2022-06-21,2022-06-21 13:05:00,531.13,531.3,531.13,531.3,0.03,0.25,130.96,1
2022-06-21,2022-06-21 13:06:00,531.3,531.47,531.3,531.47,0.03,0.25,130.96,1
2022-06-21,2022-06-21 13:07:00,531.47,531.63,531.47,531.63,0.03,0.25,130.96,1
2022-06-21,2022-06-21 13:08:00,531.63,531.8,531.63,531.8,0.03,0.25,130.96,1
2022-06-21,2022-06-21 13:09:00,531.8,531.97,531.8,531.97,0.03,0.25,130.96,1
2022-06-21,2022-06-21 13:10:00,531.97,532.13,531.97,532.13,0.03,0.25,130.96,1
2022-06-21,2022-06-21 13:11:00,532.13,532.3,532.13,532.3,0.03,0.25,130.96,1
2022-06-21,2022-06-21 13:12:00,532.3,532.47,532.3,532.47,0.03,0.25,130.96,1
2022-06-21,2022-06-21 13:13:00,532.47,532.63,532.47,532.63,0.03,0.25,130.96,1
2022-06-21,2022-06-21 13:14:00,532.63,532.8,532.63,532.8,0.03,0.25,130.96,1
2022-06-21,2022-06-21 13:15:00,532.8,532.97,532.8,532.97,0.03,0.25,130.96,1
2022-06-21,2022-06-21 13:16:00,532.97,533.13,532.97,533.13,0.03,0.25,130.96,1
2022-06-21,2022-06-21 13:17:00,533.13,533.3,533.13,533.3,0.03,0.25,130.96,1
2022-06-21,2022-06-21 13:18:00,533.3,533.47,533.3,533.47,0.03,0.25,130.96,1
2022-06-21,2022-06-21 13:19:00,533.47,533.63,533.47,533.63,0.03,0.25,130.96,1
2022-06-21,2022-06-21 13:20:00,533.63,533.8,533.63,533.8,0.03,0.25,130.96,1
2022-06-21,2022-06-21 13:21:00,533.8,533.97,533.8,533.97,0.03,0.25,130.96,1
2022-06-21,2022-06-21 13:22:00,533.97,534.13,533.97,534.13,0.03,0.25,130.96,1
2022-06-21,2022-06-21 13:23:00,534.13,534.3,534.13,534.3,0.03,0.25,130.96,1
2022-06-21,2022-06-21 13:24:00,534.3,534.47,534.3,534.47,0.03,0.25,130.96,1
2022-06-21,2022-06-21 13:25:00,534.47,534.63,534.47,534.63,0.03,0.25,130.96,1
2022-06-21,2022-06-21 13:26:00,534.63,534.8,534.63,534.8,0.03,0.25,130.96,1
2022-06-21,2022-06-21 13:27:00,534.8,534.97,534.8,534.97,0.03,0.25,130.96,1
2022-06-21,2022-06-21 13:28:00,534.97,535.13,534.97,535.13,0.03,0.25,130.96,1
2022-06-21,2022-06-21 13:29:00,535.13,535.3,535.13,535.3,0.03,0.25,130.96,1
2022-06-21,2022-06-21 13:30:00,535.3,535.47,535.3,535.47,0.03,0.25,130.96,1
2022-06-21,2022-06-21 13:31:00,535.47,535.63,535.47,535.63,0.03,0.25,130.96,1
2022-06-21,2022-06-21 13:32:00,535.63,535.8,535.63,535.8,0.03,0.25,130.96,1
2022-06-21,2022-06-21 13:33:00,535.8,535.97,535.8,535.97,0.03,0.25,130.96,1
2022-06-21,2022-06-21 13:34:00,535.97,536.13,535.97,536.13,0.03,0.25,130.96,1
2022-06-21,2022-06-21 13:35:00,536.13,536.3,536.13,536.3,0.03,0.25,130.96,1
2022-06-21,2022-06-21 13:36:00,536.3,536.47,536.3,536.47,0.03,0.25,130.96,1
2022-06-21,2022-06-21 13:37:00,536.47,536.63,536.47,536.63,0.03,0.25,130.96,1
2022-06-21,2022-06-21 13:38:00,536.63,536.8,536.63,536.8,0.03,0.25,130.96,1
2022-06-21,2022-06-21 13:39:00,536.8,536.97,536.8,536.97,0.03,0.25,130.96,1
2022-06-21,2022-06-21 13:40:00,536.97,537.13,536.97,537.13,0.03,0.25,130.96,1
2022-06-21,2022-06-21 13:41:00,537.13,537.3,537.13,537.3,0.03,0.25,130.96,1
2022-06-21,2022-06-21 13:42:00,537.3,537.47,537.3,537.47,0.03,0.25,130.96,1
2022-06-21,2022-06-21 13:43:00,537.47,537.63,537.47,537.63,0.03,0.25,130.96,1
2022-06-21,2022-06-21 13:44:00,537.63,537.8,537.63,537.8,0.03,0.25,130.96,1
2022-06-21,2022-06-21 13:45:00,537.8,537.97,537.8,537.97,0.03,0.25,130.96,1
2022-06-21,2022-06-21 13:46:00,537.97,538.13,537.97,538.13,0.03,0.25,130.96,1
2022-06-21,2022-06-21 13:47:00,538.13,538.3,538.13,538.3,0.03,0.25,130.96,1
2022-06-21,2022-06-21 13:48:00,538.3,538.47,538.3,538.47,0.03,0.25,130.96,1
2022-06-21,2022-06-21 13:49:00,538.47,538.63,538.47,538.63,0.03,0.25,130.96,1
2022-06-21,2022-06-21 13:50:00,538.63,538.8,538.63,538.8,0.03,0.25,130.96,1
2022-06-21,2022-06-21 13:51:00,538.8,538.97,538.8,538.97,0.03,0.25,130.96,1
2022-06-21,2022-06-21 13:52:00,538.97,539.13,538.97,539.13,0.03,0.25,130.96,1
2022-06-21,2022-06-21 13:53:00,539.13,539.3,539.13,539.3,0.03,0.25,130.96,1
2022-06-21,2022-06-21 13:54:00,539.3,539.47,539.3,539.47,0.03,0.25,130.96,1
2022-06-21,2022-06-21 13:55:00,539.47,539.63,539.47,539.63,0.03,0.25,130.96,1
2022-06-21,2022-06-21 13:56:00,539.63,539.8,539.63,539.8,0.03,0.25,130.96,1
2022-06-21,2022-06-21 13:57:00,539.8,539.97,539.8,539.97,0.03,0.25,130.96,1
2022-06-21,2022-06-21 13:58:00,539.97,540.13,539.97,540.13,0.03,0.25,130.96,1
2022-06-21,2022-06-21 13:59:00,540.13,540.3,540.13,540.3,0.03,0.25,130.96,1
2022-06-21,2022-06-21 14:00:00,540.3,540.47,540.3,540.47,0.03,0.25,130.96,1
2022-06-21,2022-06-21 14:01:00,540.47,540.63,540.47,540.63,0.03,0.25,130.96,1
2022-06-21,2022-06-21 14:02:00,540.63,540.8,540.63,540.8,0.03,0.25,130.96,1
2022-06-21,2022-06-21 14:03:00,540.8,540.97,540.8,540.97,0.03,0.25,130.96,1
2022-06-21,2022-06-21 14:04:00,540.97,541.13,540.97,541.13,0.03,0.25,130.96,1
2022-06-21,2022-06-21 14:05:00,541.13,541.3,541.13,541.3,0.03,0.25,130.96,1
2022-06-21,2022-06-21 14:06:00,541.3,541.47,541.3,541.47,0.03,0.25,130.96,1
2022-06-21,2022-06-21 14:07:00,541.47,541.63,541.47,541.63,0.03,0.25,130.96,1
2022-06-21,2022-06-21 14:08:00,541.63,541.8,541.63,541.8,0.03,0.25,130.96,1
2022-06-21,2022-06-21 14:09:00,541.8,541.97,541.8,541.97,0.03,0.25,130.96,1
2022-06-21,2022-06-21 14:10:00,541.97,542.13,541.97,542.13,0.03,0.25,130.96,1
2022-06-21,2022-06-21 14:11:00,542.13,542.3,542.13,542.3,0.03,0.25,130.96,1
2022-06-21,2022-06-21 14:12:00,542.3,542.47,542.3,542.47,0.03,0.25,130.96,1
2022-06-21,2022-06-21 14:13:00,542.47,542.63,542.47,542.63,0.03,0.25,130.96,1
2022-06-21,2022-06-21 14:14:00,542.63,542.8,542.63,542.8,0.03,0.25,130.96,1
2022-06-21,2022-06-21 14:15:00,542.8,542.97,542.8,542.97,0.03,0.25,130.96,1
2022-06-21,2022-06-21 14:16:00,542.97,543.13,542.97,543.13,0.03,0.25,130.96,1
2022-06-21,2022-06-21 14:17:00,543.13,543.3,543.13,543.3,0.03,0.25,130.96,1
2022-06-21,2022-06-21 14:18:00,543.3,543.47,543.3,543.47,0.03,0.25,130.96,1
2022-06-21,2022-06-21 14:19:00,543.47,543.63,543.47,543.63,0.03,0.25,130.96,1
2022-06-21,2022-06-21 14:20:00,543.63,543.8,543.63,543.8,0.03,0.25,130.96,1
2022-06-21,2022-06-21 14:21:00,543.8,543.97,543.8,543.97,0.03,0.25,130.96,1
2022-06-21,2022-06-21 14:22:00,543.97,544.13,543.97,544.13,0.03,0.25,130.96,1
2022-06-21,2022-06-21 14:23:00,544.13,544.3,544.13,544.3,0.03,0.25,130.96,1
2022-06-21,2022-06-21 14:24:00,544.3,544.47,544.3,544.47,0.03,0.25,130.96,1
2022-06-21,2022-06-21 14:25:00,544.47,544.63,544.47,544.63,0.03,0.25,130.96,1
2022-06-21,2022-06-21 14:26:00,544.63,544.8,544.63,544.8,0.03,0.25,130.96,1
2022-06-21,2022-06-21 14:27:00,544.8,544.97,544.8,544.97,0.03,0.25,130.96,1
2022-06-21,2022-06-21 14:28:00,544.97,545.13,544.97,545.13,0.03,0.25,130.96,1
2022-06-21,2022-06-21 14:29:00,545.13,545.3,545.13,545.3,0.03,0.25,130.96,1
2022-06-21,2022-06-21 14:30:00,545.3,545.47,545.3,545.47,0.03,0.25,130.96,1
2022-06-21,2022-06-21 14:31:00,545.47,545.63,545.47,545.63,0.03,0.25,130.96,1
2022-06-21,2022-06-21 14:32:00,545.63,545.8,545.63,545.8,0.03,0.25,130.96,1
2022-06-21,2022-06-21 14:33:00,545.8,545.97,545.8,545.97,0.03,0.25,130.96,1
2022-06-21,2022-06-21 14:34:00,545.97,546.13,545.97,546.13,0.03,0.25,130.96,1
2022-06-21,2022-06-21 14:35:00,546.13,546.3,546.13,546.3,0.03,0.25,130.96,1
2022-06-21,2022-06-21 14:36:00,546.3,546.47,546.3,546.47,0.03,0.25,130.96,1
2022-06-21,2022-06-21 14:37:00,546.47,546.63,546.47,546.63,0.03,0.25,130.96,1
2022-06-21,2022-06-21 14:38:00,546.63,546.8,546.63,546.8,0.03,0.25,130.96,1
2022-06-21,2022-06-21 14:39:00,546.8,546.97,546.8,546.97,0.03,0.25,130.96,1
2022-06-21,2022-06-21 14:40:00,546.97,547.13,546.97,547.13,0.03,0.25,130.96,1
2022-06-21,2022-06-21 14:41:00,547.13,547.3,547.13,547.3,0.03,0.25,130.96,1
2022-06-21,2022-06-21 14:42:00,547.3,547.47,547.3,547.47,0.03,0.25,130.96,1
2022-06-21,2022-06-21 14:43:00,547.47,547.63,547.47,547.63,0.03,0.25,130.96,1
2022-06-21,2022-06-21 14:44:00,547.63,547.8,547.63,547.8,0.03,0.25,130.96,1
2022-06-21,2022-06-21 14:45:00,547.8,547.97,547.8,547.97,0.03,0.25,130.96,1
2022-06-21,2022-06-21 14:46:00,547.97,548.13,547.97,548.13,0.03,0.25,130.96,1
2022-06-21,2022-06-21 14:47:00,548.13,548.3,548.13,548.3,0.03,0.25,130.96,1
2022-06-21,2022-06-21 14:48:00,548.3,548.47,548.3,548.47,0.03,0.25,130.96,1
2022-06-21,2022-06-21 14:49:00,548.47,548.63,548.47,548.63,0.03,0.25,130.96,1
2022-06-21,2022-06-21 14:50:00,548.63,548.8,548.63,548.8,0.03,0.25,130.96,1
2022-06-21,2022-06-21 14:51:00,548.8,548.97,548.8,548.97,0.03,0.25,130.96,1
2022-06-21,2022-06-21 14:52:00,548.97,549.13,548.97,549.13,0.03,0.25,130.96,1
2022-06-21,2022-06-21 14:53:00,549.13,549.3,549.13,549.3,0.03,0.25,130.96,1
2022-06-21,2022-06-21 14:54:00,549.3,549.47,549.3,549.47,0.03,0.25,130.96,1
2022-06-21,2022-06-21 14:55:00,549.47,549.63,549.47,549.63,0.03,0.25,130.96,1
2022-06-21,2022-06-21 14:56:00,549.63,549.8,549.63,549.8,0.03,0.25,130.96,1
2022-06-21,2022-06-21 14:57:00,549.8,549.97,549.8,549.97,0.03,0.25,130.96,1
2022-06-21,2022-06-21 14:58:00,549.97,550.13,549.97,550.13,0.03,0.25,130.96,1
2022-06-21,2022-06-21 14:59:00,550.13,550.3,550.13,550.3,0.03,0.25,130.96,1
2022-06-21,2022-06-21 15:00:00,550.3,550.3,510.3,550.3,0.0,0.25,130.96,0
2022-06-23,2022-06-23 11:00:00,561.3,574.5,561.3,561.48,0.03,0.21,121.1,1
2022-06-23,2022-06-23 11:01:00,561.48,561.67,561.48,561.67,0.03,0.21,121.1,1
2022-06-23,2022-06-23 11:02:00,561.67,561.85,561.67,561.85,0.03,0.21,121.1,1
2022-06-23,2022-06-23 11:03:00,561.85,562.03,561.85,562.03,0.03,0.21,121.1,1
2022-06-23,2022-06-23 11:04:00,562.03,562.22,562.03,562.22,0.03,0.21,121.1,1
2022-06-23,2022-06-23 11:05:00,562.22,562.4,562.22,562.4,0.03,0.21,121.1,1
2022-06-23,2022-06-23 11:06:00,562.4,562.58,562.4,562.58,0.03,0.21,121.1,1
2022-06-23,2022-06-23 11:07:00,562.58,562.77,562.58,562.77,0.03,0.21,121.1,1
2022-06-23,2022-06-23 11:08:00,562.77,562.95,562.77,562.95,0.03,0.21,121.1,1
2022-06-23,2022-06-23 11:09:00,562.95,563.13,562.95,563.13,0.03,0.21,121.1,1
2022-06-23,2022-06-23 11:10:00,563.13,563.32,563.13,563.32,0.03,0.21,121.1,1
2022-06-23,2022-06-23 11:11:00,563.32,563.5,563.32,563.5,0.03,0.21,121.1,1
2022-06-23,2022-06-23 11:12:00,563.5,563.68,563.5,563.68,0.03,0.21,121.1,1
2022-06-23,2022-06-23 11:13:00,563.68,563.87,563.68,563.87,0.03,0.21,121.1,1
2022-06-23,2022-06-23 11:14:00,563.87,564.05,563.87,564.05,0.03,0.21,121.1,1
2022-06-23,2022-06-23 11:15:00,564.05,564.23,564.05,564.23,0.03,0.21,121.1,1
2022-06-23,2022-06-23 11:16:00,564.23,564.42,564.23,564.42,0.03,0.21,121.1,1
2022-06-23,2022-06-23 11:17:00,564.42,564.6,564.42,564.6,0.03,0.21,121.1,1
2022-06-23,2022-06-23 11:18:00,564.6,564.78,564.6,564.78,0.03,0.21,121.1,1
2022-06-23,2022-06-23 11:19:00,564.78,564.97,564.78,564.97,0.03,0.21,121.1,1
2022-06-23,2022-06-23 11:20:00,564.97,565.15,564.97,565.15,0.03,0.21,121.1,1
2022-06-23,2022-06-23 11:21:00,565.15,565.33,565.15,565.33,0.03,0.21,121.1,1
2022-06-23,2022-06-23 11:22:00,565.33,565.52,565.33,565.52,0.03,0.21,121.1,1
2022-06-23,2022-06-23 11:23:00,565.52,565.7,565.52,565.7,0.03,0.21,121.1,1
2022-06-23,2022-06-23 11:24:00,565.7,565.88,565.7,565.88,0.03,0.21,121.1,1
2022-06-23,2022-06-23 11:25:00,565.88,566.07,565.88,566.07,0.03,0.21,121.1,1
2022-06-23,2022-06-23 11:26:00,566.07,566.25,566.07,566.25,0.03,0.21,121.1,1
2022-06-23,2022-06-23 11:27:00,566.25,566.43,566.25,566.43,0.03,0.21,121.1,1
2022-06-23,2022-06-23 11:28:00,566.43,566.62,566.43,566.62,0.03,0.21,121.1,1
2022-06-23,2022-06-23 11:29:00,566.62,566.8,566.62,566.8,0.03,0.21,121.1,1
2022-06-23,2022-06-23 11:30:00,566.8,566.98,566.8,566.98,0.03,0.21,121.1,1
2022-06-23,2022-06-23 11:31:00,566.98,567.17,566.98,567.17,0.03,0.21,121.1,1
2022-06-23,2022-06-23 11:32:00,567.17,567.35,567.17,567.35,0.03,0.21,121.1,1
2022-06-23,2022-06-23 11:33:00,567.35,567.53,567.35,567.53,0.03,0.21,121.1,1
2022-06-23,2022-06-23 11:34:00,567.53,567.72,567.53,567.72,0.03,0.21,121.1,1
2022-06-23,2022-06-23 11:35:00,567.72,567.9,567.72,567.9,0.03,0.21,121.1,1
2022-06-23,2022-06-23 11:36:00,567.9,568.08,567.9,568.08,0.03,0.21,121.1,1
2022-06-23,2022-06-23 11:37:00,568.08,568.27,568.08,568.27,0.03,0.21,121.1,1
2022-06-23,2022-06-23 11:38:00,568.27,568.45,568.27,568.45,0.03,0.21,121.1,1
2022-06-23,2022-06-23 11:39:00,568.45,568.63,568.45,568.63,0.03,0.21,121.1,1
2022-06-23,2022-06-23 11:40:00,568.63,568.82,568.63,568.82,0.03,0.21,121.1,1
2022-06-23,2022-06-23 11:41:00,568.82,569.0,568.82,569.0,0.03,0.21,121.1,1
2022-06-23,2022-06-23 11:42:00,569.0,569.18,569.0,569.18,0.03,0.21,121.1,1
2022-06-23,2022-06-23 11:43:00,569.18,569.37,569.18,569.37,0.03,0.21,121.1,1
2022-06-23,2022-06-23 11:44:00,569.37,569.55,569.37,569.55,0.03,0.21,121.1,1
2022-06-23,2022-06-23 11:45:00,569.55,569.73,569.55,569.73,0.03,0.21,121.1,1
2022-06-23,2022-06-23 11:46:00,569.73,569.92,569.73,569.92,0.03,0.21,121.1,1
2022-06-23,2022-06-23 11:47:00,569.92,570.1,569.92,570.1,0.03,0.21,121.1,1
2022-06-23,2022-06-23 11:48:00,570.1,570.28,570.1,570.28,0.03,0.21,121.1,1
2022-06-23,2022-06-23 11:49:00,570.28,570.47,570.28,570.47,0.03,0.21,121.1,1
2022-06-23,2022-06-23 11:50:00,570.47,570.65,570.47,570.65,0.03,0.21,121.1,1
2022-06-23,2022-06-23 11:51:00,570.65,570.83,570.65,570.83,0.03,0.21,121.1,1
2022-06-23,2022-06-23 11:52:00,570.83,571.02,570.83,571.02,0.03,0.21,121.1,1
2022-06-23,2022-06-23 11:53:00,571.02,571.2,571.02,571.2,0.03,0.21,121.1,1
2022-06-23,2022-06-23 11:54:00,571.2,571.38,571.2,571.38,0.03,0.21,121.1,1
2022-06-23,2022-06-23 11:55:00,571.38,571.57,571.38,571.57,0.03,0.21,121.1,1
2022-06-23,2022-06-23 11:56:00,571.57,571.75,571.57,571.75,0.03,0.21,121.1,1
2022-06-23,2022-06-23 11:57:00,571.75,571.93,571.75,571.93,0.03,0.21,121.1,1
2022-06-23,2022-06-23 11:58:00,571.93,572.12,571.93,572.12,0.03,0.21,121.1,1
2022-06-23,2022-06-23 11:59:00,572.12,572.3,572.12,572.3,0.03,0.21,121.1,1
2022-06-23,2022-06-23 12:00:00,572.3,572.48,572.3,572.48,0.03,0.21,121.1,1
2022-06-23,2022-06-23 12:01:00,572.48,572.67,572.48,572.67,0.03,0.21,121.1,1
2022-06-23,2022-06-23 12:02:00,572.67,572.85,572.67,572.85,0.03,0.21,121.1,1
2022-06-23,2022-06-23 12:03:00,572.85,573.03,572.85,573.03,0.03,0.21,121.1,1
2022-06-23,2022-06-23 12:04:00,573.03,573.22,573.03,573.22,0.03,0.21,121.1,1
2022-06-23,2022-06-23 12:05:00,573.22,573.4,573.22,573.4,0.03,0.21,121.1,1
2022-06-23,2022-06-23 12:06:00,573.4,573.58,573.4,573.58,0.03,0.21,121.1,1
2022-06-23,2022-06-23 12:07:00,573.58,573.77,573.58,573.77,0.03,0.21,121.1,1
2022-06-23,2022-06-23 12:08:00,573.77,573.95,573.77,573.95,0.03,0.21,121.1,1
2022-06-23,2022-06-23 12:09:00,573.95,574.13,573.95,574.13,0.03,0.21,121.1,1
2022-06-23,2022-06-23 12:10:00,574.13,574.32,574.13,574.32,0.03,0.21,121.1,1
2022-06-23,2022-06-23 12:11:00,574.32,574.5,574.32,574.5,0.03,0.21,121.1,1
2022-06-23,2022-06-23 12:12:00,574.5,574.68,574.5,574.68,0.03,0.21,121.1,1
2022-06-23,2022-06-23 12:13:00,574.68,574.87,574.68,574.87,0.03,0.21,121.1,1
2022-06-23,2022-06-23 12:14:00,574.87,575.05,574.87,575.05,0.03,0.21,121.1,1
2022-06-23,2022-06-23 12:15:00,575.05,575.23,575.05,575.23,0.03,0.21,121.1,1
2022-06-23,2022-06-23 12:16:00,575.23,575.42,575.23,575.42,0.03,0.21,121.1,1
2022-06-23,2022-06-23 12:17:00,575.42,575.6,575.42,575.6,0.03,0.21,121.1,1
2022-06-23,2022-06-23 12:18:00,575.6,575.78,575.6,575.78,0.03,0.21,121.1,1
2022-06-23,2022-06-23 12:19:00,575.78,575.97,575.78,575.97,0.03,0.21,121.1,1
2022-06-23,2022-06-23 12:20:00,575.97,576.15,575.97,576.15,0.03,0.21,121.1,1
2022-06-23,2022-06-23 12:21:00,576.15,576.33,576.15,576.33,0.03,0.21,121.1,1
2022-06-23,2022-06-23 12:22:00,576.33,576.52,576.33,576.52,0.03,0.21,121.1,1
2022-06-23,2022-06-23 12:23:00,576.52,576.7,576.52,576.7,0.03,0.21,121.1,1
2022-06-23,2022-06-23 12:24:00,576.7,576.88,576.7,576.88,0.03,0.21,121.1,1
2022-06-23,2022-06-23 12:25:00,576.88,577.07,576.88,577.07,0.03,0.21,121.1,1
2022-06-23,2022-06-23 12:26:00,577.07,577.25,577.07,577.25,0.03,0.21,121.1,1
2022-06-23,2022-06-23 12:27:00,577.25,577.43,577.25,577.43,0.03,0.21,121.1,1
2022-06-23,2022-06-23 12:28:00,577.43,577.62,577.43,577.62,0.03,0.21,121.1,1
2022-06-23,2022-06-23 12:29:00,577.62,577.8,577.62,577.8,0.03,0.21,121.1,1
2022-06-23,2022-06-23 12:30:00,577.8,577.98,577.8,577.98,0.03,0.21,121.1,1
2022-06-23,2022-06-23 12:31:00,577.98,578.17,577.98,578.17,0.03,0.21,121.1,1
2022-06-23,2022-06-23 12:32:00,578.17,578.35,578.17,578.35,0.03,0.21,121.1,1
2022-06-23,2022-06-23 12:33:00,578.35,578.53,578.35,578.53,0.03,0.21,121.1,1
2022-06-23,2022-06-23 12:34:00,578.53,578.72,578.53,578.72,0.03,0.21,121.1,1
2022-06-23,2022-06-23 12:35:00,578.72,578.9,578.72,578.9,0.03,0.21,121.1,1
2022-06-23,2022-06-23 12:36:00,578.9,579.08,578.9,579.08,0.03,0.21,121.1,1
2022-06-23,2022-06-23 12:37:00,579.08,579.27,579.08,579.27,0.03,0.21,121.1,1
2022-06-23,2022-06-23 12:38:00,579.27,579.45,579.27,579.45,0.03,0.21,121.1,1
2022-06-23,2022-06-23 12:39:00,579.45,579.63,579.45,579.63,0.03,0.21,121.1,1
2022-06-23,2022-06-23 12:40:00,579.63,579.82,579.63,579.82,0.03,0.21,121.1,1
2022-06-23,2022-06-23 12:41:00,579.82,580.0,579.82,580.0,0.03,0.21,121.1,1
2022-06-23,2022-06-23 12:42:00,580.0,580.18,580.0,580.18,0.03,0.21,121.1,1
2022-06-23,2022-06-23 12:43:00,580.18,580.37,580.18,580.37,0.03,0.21,121.1,1
2022-06-23,2022-06-23 12:44:00,580.37,580.55,580.37,580.55,0.03,0.21,121.1,1
2022-06-23,2022-06-23 12:45:00,580.55,580.73,580.55,580.73,0.03,0.21,121.1,1
2022-06-23,2022-06-23 12:46:00,580.73,580.92,580.73,580.92,0.03,0.21,121.1,1
2022-06-23,2022-06-23 12:47:00,580.92,581.1,580.92,581.1,0.03,0.21,121.1,1
2022-06-23,2022-06-23 12:48:00,581.1,581.28,581.1,581.28,0.03,0.21,121.1,1
2022-06-23,2022-06-23 12:49:00,581.28,581.47,581.28,581.47,0.03,0.21,121.1,1
2022-06-23,2022-06-23 12:50:00,581.47,581.65,581.47,581.65,0.03,0.21,121.1,1
2022-06-23,2022-06-23 12:51:00,581.65,581.83,581.65,581.83,0.03,0.21,121.1,1
2022-06-23,2022-06-23 12:52:00,581.83,582.02,581.83,582.02,0.03,0.21,121.1,1
2022-06-23,2022-06-23 12:53:00,582.02,582.2,582.02,582.2,0.03,0.21,121.1,1
2022-06-23,2022-06-23 12:54:00,582.2,582.38,582.2,582.38,0.03,0.21,121.1,1
2022-06-23,2022-06-23 12:55:00,582.38,582.57,582.38,582.57,0.03,0.21,121.1,1
2022-06-23,2022-06-23 12:56:00,582.57,582.75,582.57,582.75,0.03,0.21,121.1,1
2022-06-23,2022-06-23 12:57:00,582.75,582.93,582.75,582.93,0.03,0.21,121.1,1
2022-06-23,2022-06-23 12:58:00,582.93,583.12,582.93,583.12,0.03,0.21,121.1,1
2022-06-23,2022-06-23 12:59:00,583.12,583.3,583.12,583.3,0.03,0.21,121.1,1
2022-06-23,2022-06-23 13:00:00,583.3,605.3,561.3,583.48,0.03,0.21,121.1,1
2022-06-23,2022-06-23 13:01:00,583.48,583.67,583.48,583.67,0.03,0.21,121.1,1
2022-06-23,2022-06-23 13:02:00,583.67,583.85,583.67,583.85,0.03,0.21,121.1,1
2022-06-23,2022-06-23 13:03:00,583.85,584.03,583.85,584.03,0.03,0.21,121.1,1
2022-06-23,2022-06-23 13:04:00,584.03,584.22,584.03,584.22,0.03,0.21,121.1,1
2022-06-23,2022-06-23 13:05:00,584.22,584.4,584.22,584.4,0.03,0.21,121.1,1
2022-06-23,2022-06-23 13:06:00,584.4,584.58,584.4,584.58,0.03,0.21,121.1,1
2022-06-23,2022-06-23 13:07:00,584.58,584.77,584.58,584.77,0.03,0.21,121.1,1
2022-06-23,2022-06-23 13:08:00,584.77,584.95,584.77,584.95,0.03,0.21,121.1,1
2022-06-23,2022-06-23 13:09:00,584.95,585.13,584.95,585.13,0.03,0.21,121.1,1
2022-06-23,2022-06-23 13:10:00,585.13,585.32,585.13,585.32,0.03,0.21,121.1,1
2022-06-23,2022-06-23 13:11:00,585.32,585.5,585.32,585.5,0.03,0.21,121.1,1
2022-06-23,2022-06-23 13:12:00,585.5,585.68,585.5,585.68,0.03,0.21,121.1,1
2022-06-23,2022-06-23 13:13:00,585.68,585.87,585.68,585.87,0.03,0.21,121.1,1
2022-06-23,2022-06-23 13:14:00,585.87,586.05,585.87,586.05,0.03,0.21,121.1,1
2022-06-23,2022-06-23 13:15:00,586.05,586.23,586.05,586.23,0.03,0.21,121.1,1
2022-06-23,2022-06-23 13:16:00,586.23,586.42,586.23,586.42,0.03,0.21,121.1,1
2022-06-23,2022-06-23 13:17:00,586.42,586.6,586.42,586.6,0.03,0.21,121.1,1
2022-06-23,2022-06-23 13:18:00,586.6,586.78,586.6,586.78,0.03,0.21,121.1,1
2022-06-23,2022-06-23 13:19:00,586.78,586.97,586.78,586.97,0.03,0.21,121.1,1
2022-06-23,2022-06-23 13:20:00,586.97,587.15,586.97,587.15,0.03,0.21,121.1,1
2022-06-23,2022-06-23 13:21:00,587.15,587.33,587.15,587.33,0.03,0.21,121.1,1
2022-06-23,2022-06-23 13:22:00,587.33,587.52,587.33,587.52,0.03,0.21,121.1,1
2022-06-23,2022-06-23 13:23:00,587.52,587.7,587.52,587.7,0.03,0.21,121.1,1
2022-06-23,2022-06-23 13:24:00,587.7,587.88,587.7,587.88,0.03,0.21,121.1,1
2022-06-23,2022-06-23 13:25:00,587.88,588.07,587.88,588.07,0.03,0.21,121.1,1
2022-06-23,2022-06-23 13:26:00,588.07,588.25,588.07,588.25,0.03,0.21,121.1,1
2022-06-23,2022-06-23 13:27:00,588.25,588.43,588.25,588.43,0.03,0.21,121.1,1
2022-06-23,2022-06-23 13:28:00,588.43,588.62,588.43,588.62,0.03,0.21,121.1,1
2022-06-23,2022-06-23 13:29:00,588.62,588.8,588.62,588.8,0.03,0.21,121.1,1
2022-06-23,2022-06-23 13:30:00,588.8,588.98,588.8,588.98,0.03,0.21,121.1,1
2022-06-23,2022-06-23 13:31:00,588.98,589.17,588.98,589.17,0.03,0.21,121.1,1
2022-06-23,2022-06-23 13:32:00,589.17,589.35,589.17,589.35,0.03,0.21,121.1,1
2022-06-23,2022-06-23 13:33:00,589.35,589.53,589.35,589.53,0.03,0.21,121.1,1
2022-06-23,2022-06-23 13:34:00,589.53,589.72,589.53,589.72,0.03,0.21,121.1,1
2022-06-23,2022-06-23 13:35:00,589.72,589.9,589.72,589.9,0.03,0.21,121.1,1
2022-06-23,2022-06-23 13:36:00,589.9,590.08,589.9,590.08,0.03,0.21,121.1,1
2022-06-23,2022-06-23 13:37:00,590.08,590.27,590.08,590.27,0.03,0.21,121.1,1
2022-06-23,2022-06-23 13:38:00,590.27,590.45,590.27,590.45,0.03,0.21,121.1,1
2022-06-23,2022-06-23 13:39:00,590.45,590.63,590.45,590.63,0.03,0.21,121.1,1
2022-06-23,2022-06-23 13:40:00,590.63,590.82,590.63,590.82,0.03,0.21,121.1,1
2022-06-23,2022-06-23 13:41:00,590.82,591.0,590.82,591.0,0.03,0.21,121.1,1
2022-06-23,2022-06-23 13:42:00,591.0,591.18,591.0,591.18,0.03,0.21,121.1,1
2022-06-23,2022-06-23 13:43:00,591.18,591.37,591.18,591.37,0.03,0.21,121.1,1
2022-06-23,2022-06-23 13:44:00,591.37,591.55,591.37,591.55,0.03,0.21,121.1,1
2022-06-23,2022-06-23 13:45:00,591.55,591.73,591.55,591.73,0.03,0.21,121.1,1
2022-06-23,2022-06-23 13:46:00,591.73,591.92,591.73,591.92,0.03,0.21,121.1,1
2022-06-23,2022-06-23 13:47:00,591.92,592.1,591.92,592.1,0.03,0.21,121.1,1
2022-06-23,2022-06-23 13:48:00,592.1,592.28,592.1,592.28,0.03,0.21,121.1,1
2022-06-23,2022-06-23 13:49:00,592.28,592.47,592.28,592.47,0.03,0.21,121.1,1
2022-06-23,2022-06-23 13:50:00,592.47,592.65,592.47,592.65,0.03,0.21,121.1,1
2022-06-23,2022-06-23 13:51:00,592.65,592.83,592.65,592.83,0.03,0.21,121.1,1
2022-06-23,2022-06-23 13:52:00,592.83,593.02,592.83,593.02,0.03,0.21,121.1,1
2022-06-23,2022-06-23 13:53:00,593.02,593.2,593.02,593.2,0.03,0.21,121.1,1
2022-06-23,2022-06-23 13:54:00,593.2,593.38,593.2,593.38,0.03,0.21,121.1,1
2022-06-23,2022-06-23 13:55:00,593.38,593.57,593.38,593.57,0.03,0.21,121.1,1
2022-06-23,2022-06-23 13:56:00,593.57,593.75,593.57,593.75,0.03,0.21,121.1,1
2022-06-23,2022-06-23 13:57:00,593.75,593.93,593.75,593.93,0.03,0.21,121.1,1
2022-06-23,2022-06-23 13:58:00,593.93,594.12,593.93,594.12,0.03,0.21,121.1,1
2022-06-23,2022-06-23 13:59:00,594.12,594.3,594.12,594.3,0.03,0.21,121.1,1
2022-06-23,2022-06-23 14:00:00,594.3,594.48,594.3,594.48,0.03,0.21,121.1,1
2022-06-23,2022-06-23 14:01:00,594.48,594.67,594.48,594.67,0.03,0.21,121.1,1
2022-06-23,2022-06-23 14:02:00,594.67,594.85,594.67,594.85,0.03,0.21,121.1,1
2022-06-23,2022-06-23 14:03:00,594.85,595.03,594.85,595.03,0.03,0.21,121.1,1
2022-06-23,2022-06-23 14:04:00,595.03,595.22,595.03,595.22,0.03,0.21,121.1,1
2022-06-23,2022-06-23 14:05:00,595.22,595.4,595.22,595.4,0.03,0.21,121.1,1
2022-06-23,2022-06-23 14:06:00,595.4,595.58,595.4,595.58,0.03,0.21,121.1,1
2022-06-23,2022-06-23 14:07:00,595.58,595.77,595.58,595.77,0.03,0.21,121.1,1
2022-06-23,2022-06-23 14:08:00,595.77,595.95,595.77,595.95,0.03,0.21,121.1,1
2022-06-23,2022-06-23 14:09:00,595.95,596.13,595.95,596.13,0.03,0.21,121.1,1
2022-06-23,2022-06-23 14:10:00,596.13,596.32,596.13,596.32,0.03,0.21,121.1,1
2022-06-23,2022-06-23 14:11:00,596.32,596.5,596.32,596.5,0.03,0.21,121.1,1
2022-06-23,2022-06-23 14:12:00,596.5,596.68,596.5,596.68,0.03,0.21,121.1,1
2022-06-23,2022-06-23 14:13:00,596.68,596.87,596.68,596.87,0.03,0.21,121.1,1
2022-06-23,2022-06-23 14:14:00,596.87,597.05,596.87,597.05,0.03,0.21,121.1,1
2022-06-23,2022-06-23 14:15:00,597.05,597.23,597.05,597.23,0.03,0.21,121.1,1
2022-06-23,2022-06-23 14:16:00,597.23,597.42,597.23,597.42,0.03,0.21,121.1,1
2022-06-23,2022-06-23 14:17:00,597.42,597.6,597.42,597.6,0.03,0.21,121.1,1
2022-06-23,2022-06-23 14:18:00,597.6,597.78,597.6,597.78,0.03,0.21,121.1,1
2022-06-23,2022-06-23 14:19:00,597.78,597.97,597.78,597.97,0.03,0.21,121.1,1
2022-06-23,2022-06-23 14:20:00,597.97,598.15,597.97,598.15,0.03,0.21,121.1,1
2022-06-23,2022-06-23 14:21:00,598.15,598.33,598.15,598.33,0.03,0.21,121.1,1
2022-06-23,2022-06-23 14:22:00,598.33,598.52,598.33,598.52,0.03,0.21,121.1,1
2022-06-23,2022-06-23 14:23:00,598.52,598.7,598.52,598.7,0.03,0.21,121.1,1
2022-06-23,2022-06-23 14:24:00,598.7,598.88,598.7,598.88,0.03,0.21,121.1,1
2022-06-23,2022-06-23 14:25:00,598.88,599.07,598.88,599.07,0.03,0.21,121.1,1
2022-06-23,2022-06-23 14:26:00,599.07,599.25,599.07,599.25,0.03,0.21,121.1,1
2022-06-23,2022-06-23 14:27:00,599.25,599.43,599.25,599.43,0.03,0.21,121.1,1
2022-06-23,2022-06-23 14:28:00,599.43,599.62,599.43,599.62,0.03,0.21,121.1,1
2022-06-23,2022-06-23 14:29:00,599.62,599.8,599.62,599.8,0.03,0.21,121.1,1
2022-06-23,2022-06-23 14:30:00,599.8,599.98,599.8,599.98,0.03,0.21,121.1,1
2022-06-23,2022-06-23 14:31:00,599.98,600.17,599.98,600.17,0.03,0.21,121.1,1
2022-06-23,2022-06-23 14:32:00,600.17,600.35,600.17,600.35,0.03,0.21,121.1,1
2022-06-23,2022-06-23 14:33:00,600.35,600.53,600.35,600.53,0.03,0.21,121.1,1
2022-06-23,2022-06-23 14:34:00,600.53,600.72,600.53,600.72,0.03,0.21,121.1,1
2022-06-23,2022-06-23 14:35:00,600.72,600.9,600.72,600.9,0.03,0.21,121.1,1
2022-06-23,2022-06-23 14:36:00,600.9,601.08,600.9,601.08,0.03,0.21,121.1,1
2022-06-23,2022-06-23 14:37:00,601.08,601.27,601.08,601.27,0.03,0.21,121.1,1
2022-06-23,2022-06-23 14:38:00,601.27,601.45,601.27,601.45,0.03,0.21,121.1,1
2022-06-23,2022-06-23 14:39:00,601.45,601.63,601.45,601.63,0.03,0.21,121.1,1
2022-06-23,2022-06-23 14:40:00,601.63,601.82,601.63,601.82,0.03,0.21,121.1,1
2022-06-23,2022-06-23 14:41:00,601.82,602.0,601.82,602.0,0.03,0.21,121.1,1
2022-06-23,2022-06-23 14:42:00,602.0,602.18,602.0,602.18,0.03,0.21,121.1,1
2022-06-23,2022-06-23 14:43:00,602.18,602.37,602.18,602.37,0.03,0.21,121.1,1
2022-06-23,2022-06-23 14:44:00,602.37,602.55,602.37,602.55,0.03,0.21,121.1,1
2022-06-23,2022-06-23 14:45:00,602.55,602.73,602.55,602.73,0.03,0.21,121.1,1
2022-06-23,2022-06-23 14:46:00,602.73,602.92,602.73,602.92,0.03,0.21,121.1,1
2022-06-23,2022-06-23 14:47:00,602.92,603.1,602.92,603.1,0.03,0.21,121.1,1
2022-06-23,2022-06-23 14:48:00,603.1,603.28,603.1,603.28,0.03,0.21,121.1,1
2022-06-23,2022-06-23 14:49:00,603.28,603.47,603.28,603.47,0.03,0.21,121.1,1
2022-06-23,2022-06-23 14:50:00,603.47,603.65,603.47,603.65,0.03,0.21,121.1,1
2022-06-23,2022-06-23 14:51:00,603.65,603.83,603.65,603.83,0.03,0.21,121.1,1
2022-06-23,2022-06-23 14:52:00,603.83,604.02,603.83,604.02,0.03,0.21,121.1,1
2022-06-23,2022-06-23 14:53:00,604.02,604.2,604.02,604.2,0.03,0.21,121.1,1
2022-06-23,2022-06-23 14:54:00,604.2,604.38,604.2,604.38,0.03,0.21,121.1,1
2022-06-23,2022-06-23 14:55:00,604.38,604.57,604.38,604.57,0.03,0.21,121.1,1
2022-06-23,2022-06-23 14:56:00,604.57,604.75,604.57,604.75,0.03,0.21,121.1,1
2022-06-23,2022-06-23 14:57:00,604.75,604.93,604.75,604.93,0.03,0.21,121.1,1
2022-06-23,2022-06-23 14:58:00,604.93,605.12,604.93,605.12,0.03,0.21,121.1,1
2022-06-23,2022-06-23 14:59:00,605.12,605.3,605.12,605.3,0.03,0.21,121.1,1
2022-06-23,2022-06-23 15:00:00,605.3,605.3,561.3,605.3,0.0,0.21,121.1,0
2022-06-24,2022-06-24 11:00:00,617.4,628.68,617.4,617.56,0.03,0.21,130.3,1
2022-06-24,2022-06-24 11:01:00,617.56,617.71,617.56,617.71,0.02,0.21,130.3,1
2022-06-24,2022-06-24 11:02:00,617.71,617.87,617.71,617.87,0.03,0.21,130.3,1
2022-06-24,2022-06-24 11:03:00,617.87,618.03,617.87,618.03,0.03,0.21,130.3,1
2022-06-24,2022-06-24 11:04:00,618.03,618.18,618.03,618.18,0.02,0.21,130.3,1
2022-06-24,2022-06-24 11:05:00,618.18,618.34,618.18,618.34,0.03,0.21,130.3,1
2022-06-24,2022-06-24 11:06:00,618.34,618.5,618.34,618.5,0.03,0.21,130.3,1
2022-06-24,2022-06-24 11:07:00,618.5,618.65,618.5,618.65,0.02,0.21,130.3,1
2022-06-24,2022-06-24 11:08:00,618.65,618.81,618.65,618.81,0.03,0.21,130.3,1
2022-06-24,2022-06-24 11:09:00,618.81,618.97,618.81,618.97,0.03,0.21,130.3,1
2022-06-24,2022-06-24 11:10:00,618.97,619.12,618.97,619.12,0.02,0.21,130.3,1
2022-06-24,2022-06-24 11:11:00,619.12,619.28,619.12,619.28,0.03,0.21,130.3,1
2022-06-24,2022-06-24 11:12:00,619.28,619.44,619.28,619.44,0.03,0.21,130.3,1
2022-06-24,2022-06-24 11:13:00,619.44,619.59,619.44,619.59,0.02,0.21,130.3,1
2022-06-24,2022-06-24 11:14:00,619.59,619.75,619.59,619.75,0.03,0.21,130.3,1
2022-06-24,2022-06-24 11:15:00,619.75,619.91,619.75,619.91,0.03,0.21,130.3,1
2022-06-24,2022-06-24 11:16:00,619.91,620.06,619.91,620.06,0.02,0.21,130.3,1
2022-06-24,2022-06-24 11:17:00,620.06,620.22,620.06,620.22,0.03,0.21,130.3,1
2022-06-24,2022-06-24 11:18:00,620.22,620.38,620.22,620.38,0.03,0.21,130.3,1
2022-06-24,2022-06-24 11:19:00,620.38,620.53,620.38,620.53,0.02,0.21,130.3,1
2022-06-24,2022-06-24 11:20:00,620.53,620.69,620.53,620.69,0.03,0.21,130.3,1
2022-06-24,2022-06-24 11:21:00,620.69,620.85,620.69,620.85,0.03,0.21,130.3,1
2022-06-24,2022-06-24 11:22:00,620.85,621.0,620.85,621.0,0.02,0.21,130.3,1
2022-06-24,2022-06-24 11:23:00,621.0,621.16,621.0,621.16,0.03,0.21,130.3,1
2022-06-24,2022-06-24 11:24:00,621.16,621.32,621.16,621.32,0.03,0.21,130.3,1
2022-06-24,2022-06-24 11:25:00,621.32,621.47,621.32,621.47,0.02,0.21,130.3,1
2022-06-24,2022-06-24 11:26:00,621.47,621.63,621.47,621.63,0.03,0.21,130.3,1
2022-06-24,2022-06-24 11:27:00,621.63,621.79,621.63,621.79,0.03,0.21,130.3,1
2022-06-24,2022-06-24 11:28:00,621.79,621.94,621.79,621.94,0.02,0.21,130.3,1
2022-06-24,2022-06-24 11:29:00,621.94,622.1,621.94,622.1,0.03,0.21,130.3,1
2022-06-24,2022-06-24 11:30:00,622.1,622.26,622.1,622.26,0.03,0.21,130.3,1
2022-06-24,2022-06-24 11:31:00,622.26,622.41,622.26,622.41,0.02,0.21,130.3,1
2022-06-24,2022-06-24 11:32:00,622.41,622.57,622.41,622.57,0.03,0.21,130.3,1
2022-06-24,2022-06-24 11:33:00,622.57,622.73,622.57,622.73,0.03,0.21,130.3,1
2022-06-24,2022-06-24 11:34:00,622.73,622.88,622.73,622.88,0.02,0.21,130.3,1
2022-06-24,2022-06-24 11:35:00,622.88,623.04,622.88,623.04,0.03,0.21,130.3,1
2022-06-24,2022-06-24 11:36:00,623.04,623.2,623.04,623.2,0.03,0.21,130.3,1
2022-06-24,2022-06-24 11:37:00,623.2,623.35,623.2,623.35,0.02,0.21,130.3,1
2022-06-24,2022-06-24 11:38:00,623.35,623.51,623.35,623.51,0.03,0.21,130.3,1
2022-06-24,2022-06-24 11:39:00,623.51,623.67,623.51,623.67,0.03,0.21,130.3,1
2022-06-24,2022-06-24 11:40:00,623.67,623.82,623.67,623.82,0.02,0.21,130.3,1
2022-06-24,2022-06-24 11:41:00,623.82,623.98,623.82,623.98,0.03,0.21,130.3,1
2022-06-24,2022-06-24 11:42:00,623.98,624.14,623.98,624.14,0.03,0.21,130.3,1
2022-06-24,2022-06-24 11:43:00,624.14,624.29,624.14,624.29,0.02,0.21,130.3,1
2022-06-24,2022-06-24 11:44:00,624.29,624.45,624.29,624.45,0.03,0.21,130.3,1
2022-06-24,2022-06-24 11:45:00,624.45,624.61,624.45,624.61,0.03,0.21,130.3,1
2022-06-24,2022-06-24 11:46:00,624.61,624.76,624.61,624.76,0.02,0.21,130.3,1
2022-06-24,2022-06-24 11:47:00,624.76,624.92,624.76,624.92,0.03,0.21,130.3,1
2022-06-24,2022-06-24 11:48:00,624.92,625.08,624.92,625.08,0.03,0.21,130.3,1
2022-06-24,2022-06-24 11:49:00,625.08,625.23,625.08,625.23,0.02,0.21,130.3,1
2022-06-24,2022-06-24 11:50:00,625.23,625.39,625.23,625.39,0.03,0.21,130.3,1
2022-06-24,2022-06-24 11:51:00,625.39,625.55,625.39,625.55,0.03,0.21,130.3,1
2022-06-24,2022-06-24 11:52:00,625.55,625.7,625.55,625.7,0.02,0.21,130.3,1
2022-06-24,2022-06-24 11:53:00,625.7,625.86,625.7,625.86,0.03,0.21,130.3,1
2022-06-24,2022-06-24 11:54:00,625.86,626.02,625.86,626.02,0.03,0.21,130.3,1
2022-06-24,2022-06-24 11:55:00,626.02,626.17,626.02,626.17,0.02,0.21,130.3,1
2022-06-24,2022-06-24 11:56:00,626.17,626.33,626.17,626.33,0.03,0.21,130.3,1
2022-06-24,2022-06-24 11:57:00,626.33,626.49,626.33,626.49,0.03,0.21,130.3,1
2022-06-24,2022-06-24 11:58:00,626.49,626.64,626.49,626.64,0.02,0.21,130.3,1
2022-06-24,2022-06-24 11:59:00,626.64,626.8,626.64,626.8,0.03,0.21,130.3,1
2022-06-24,2022-06-24 12:00:00,626.8,626.96,626.8,626.96,0.03,0.21,130.3,1
2022-06-24,2022-06-24 12:01:00,626.96,627.11,626.96,627.11,0.02,0.21,130.3,1
2022-06-24,2022-06-24 12:02:00,627.11,627.27,627.11,627.27,0.03,0.21,130.3,1
2022-06-24,2022-06-24 12:03:00,627.27,627.43,627.27,627.43,0.03,0.21,130.3,1
2022-06-24,2022-06-24 12:04:00,627.43,627.58,627.43,627.58,0.02,0.21,130.3,1
2022-06-24,2022-06-24 12:05:00,627.58,627.74,627.58,627.74,0.03,0.21,130.3,1
2022-06-24,2022-06-24 12:06:00,627.74,627.9,627.74,627.9,0.03,0.21,130.3,1
2022-06-24,2022-06-24 12:07:00,627.9,628.05,627.9,628.05,0.02,0.21,130.3,1
2022-06-24,2022-06-24 12:08:00,628.05,628.21,628.05,628.21,0.03,0.21,130.3,1
2022-06-24,2022-06-24 12:09:00,628.21,628.37,628.21,628.37,0.03,0.21,130.3,1
2022-06-24,2022-06-24 12:10:00,628.37,628.52,628.37,628.52,0.02,0.21,130.3,1
2022-06-24,2022-06-24 12:11:00,628.52,628.68,628.52,628.68,0.03,0.21,130.3,1
2022-06-24,2022-06-24 12:12:00,628.68,628.84,628.68,628.84,0.03,0.21,130.3,1
2022-06-24,2022-06-24 12:13:00,628.84,628.99,628.84,628.99,0.02,0.21,130.3,1
2022-06-24,2022-06-24 12:14:00,628.99,629.15,628.99,629.15,0.03,0.21,130.3,1
2022-06-24,2022-06-24 12:15:00,629.15,629.31,629.15,629.31,0.03,0.21,130.3,1
2022-06-24,2022-06-24 12:16:00,629.31,629.46,629.31,629.46,0.02,0.21,130.3,1
2022-06-24,2022-06-24 12:17:00,629.46,629.62,629.46,629.62,0.03,0.21,130.3,1
2022-06-24,2022-06-24 12:18:00,629.62,629.78,629.62,629.78,0.03,0.21,130.3,1
2022-06-24,2022-06-24 12:19:00,629.78,629.93,629.78,629.93,0.02,0.21,130.3,1
2022-06-24,2022-06-24 12:20:00,629.93,630.09,629.93,630.09,0.03,0.21,130.3,1
2022-06-24,2022-06-24 12:21:00,630.09,630.25,630.09,630.25,0.03,0.21,130.3,1
2022-06-24,2022-06-24 12:22:00,630.25,630.4,630.25,630.4,0.02,0.21,130.3,1
2022-06-24,2022-06-24 12:23:00,630.4,630.56,630.4,630.56,0.03,0.21,130.3,1
2022-06-24,2022-06-24 12:24:00,630.56,630.72,630.56,630.72,0.03,0.21,130.3,1
2022-06-24,2022-06-24 12:25:00,630.72,630.87,630.72,630.87,0.02,0.21,130.3,1
2022-06-24,2022-06-24 12:26:00,630.87,631.03,630.87,631.03,0.03,0.21,130.3,1
2022-06-24,2022-06-24 12:27:00,631.03,631.19,631.03,631.19,0.03,0.21,130.3,1
2022-06-24,2022-06-24 12:28:00,631.19,631.34,631.19,631.34,0.02,0.21,130.3,1
2022-06-24,2022-06-24 12:29:00,631.34,631.5,631.34,631.5,0.03,0.21,130.3,1
2022-06-24,2022-06-24 12:30:00,631.5,631.66,631.5,631.66,0.03,0.21,130.3,1
2022-06-24,2022-06-24 12:31:00,631.66,631.81,631.66,631.81,0.02,0.21,130.3,1
2022-06-24,2022-06-24 12:32:00,631.81,631.97,631.81,631.97,0.03,0.21,130.3,1
2022-06-24,2022-06-24 12:33:00,631.97,632.13,631.97,632.13,0.03,0.21,130.3,1
2022-06-24,2022-06-24 12:34:00,632.13,632.28,632.13,632.28,0.02,0.21,130.3,1
2022-06-24,2022-06-24 12:35:00,632.28,632.44,632.28,632.44,0.03,0.21,130.3,1
2022-06-24,2022-06-24 12:36:00,632.44,632.6,632.44,632.6,0.03,0.21,130.3,1
2022-06-24,2022-06-24 12:37:00,632.6,632.75,632.6,632.75,0.02,0.21,130.3,1
2022-06-24,2022-06-24 12:38:00,632.75,632.91,632.75,632.91,0.03,0.21,130.3,1
2022-06-24,2022-06-24 12:39:00,632.91,633.07,632.91,633.07,0.03,0.21,130.3,1
2022-06-24,2022-06-24 12:40:00,633.07,633.22,633.07,633.22,0.02,0.21,130.3,1
2022-06-24,2022-06-24 12:41:00,633.22,633.38,633.22,633.38,0.03,0.21,130.3,1
2022-06-24,2022-06-24 12:42:00,633.38,633.54,633.38,633.54,0.03,0.21,130.3,1
2022-06-24,2022-06-24 12:43:00,633.54,633.69,633.54,633.69,0.02,0.21,130.3,1
2022-06-24,2022-06-24 12:44:00,633.69,633.85,633.69,633.85,0.03,0.21,130.3,1
2022-06-24,2022-06-24 12:45:00,633.85,634.01,633.85,634.01,0.03,0.21,130.3,1
2022-06-24,2022-06-24 12:46:00,634.01,634.16,634.01,634.16,0.02,0.21,130.3,1
2022-06-24,2022-06-24 12:47:00,634.16,634.32,634.16,634.32,0.03,0.21,130.3,1
2022-06-24,2022-06-24 12:48:00,634.32,634.48,634.32,634.48,0.03,0.21,130.3,1
2022-06-24,2022-06-24 12:49:00,634.48,634.63,634.48,634.63,0.02,0.21,130.3,1
2022-06-24,2022-06-24 12:50:00,634.63,634.79,634.63,634.79,0.03,0.21,130.3,1
2022-06-24,2022-06-24 12:51:00,634.79,634.95,634.79,634.95,0.03,0.21,130.3,1
2022-06-24,2022-06-24 12:52:00,634.95,635.1,634.95,635.1,0.02,0.21,130.3,1
2022-06-24,2022-06-24 12:53:00,635.1,635.26,635.1,635.26,0.03,0.21,130.3,1
2022-06-24,2022-06-24 12:54:00,635.26,635.42,635.26,635.42,0.03,0.21,130.3,1
2022-06-24,2022-06-24 12:55:00,635.42,635.57,635.42,635.57,0.02,0.21,130.3,1
2022-06-24,2022-06-24 12:56:00,635.57,635.73,635.57,635.73,0.03,0.21,130.3,1
2022-06-24,2022-06-24 12:57:00,635.73,635.89,635.73,635.89,0.03,0.21,130.3,1
2022-06-24,2022-06-24 12:58:00,635.89,636.04,635.89,636.04,0.02,0.21,130.3,1
2022-06-24,2022-06-24 12:59:00,636.04,636.2,636.04,636.2,0.03,0.21,130.3,1
2022-06-24,2022-06-24 13:00:00,636.2,655.0,617.4,636.36,0.03,0.21,130.3,1
2022-06-24,2022-06-24 13:01:00,636.36,636.51,636.36,636.51,0.02,0.21,130.3,1
2022-06-24,2022-06-24 13:02:00,636.51,636.67,636.51,636.67,0.03,0.21,130.3,1
2022-06-24,2022-06-24 13:03:00,636.67,636.83,636.67,636.83,0.03,0.21,130.3,1
2022-06-24,2022-06-24 13:04:00,636.83,636.98,636.83,636.98,0.02,0.21,130.3,1
2022-06-24,2022-06-24 13:05:00,636.98,637.14,636.98,637.14,0.03,0.21,130.3,1
2022-06-24,2022-06-24 13:06:00,637.14,637.3,637.14,637.3,0.03,0.21,130.3,1
2022-06-24,2022-06-24 13:07:00,637.3,637.45,637.3,637.45,0.02,0.21,130.3,1
2022-06-24,2022-06-24 13:08:00,637.45,637.61,637.45,637.61,0.03,0.21,130.3,1
2022-06-24,2022-06-24 13:09:00,637.61,637.77,637.61,637.77,0.03,0.21,130.3,1
2022-06-24,2022-06-24 13:10:00,637.77,637.92,637.77,637.92,0.02,0.21,130.3,1
2022-06-24,2022-06-24 13:11:00,637.92,638.08,637.92,638.08,0.03,0.21,130.3,1
2022-06-24,2022-06-24 13:12:00,638.08,638.24,638.08,638.24,0.03,0.21,130.3,1
2022-06-24,2022-06-24 13:13:00,638.24,638.39,638.24,638.39,0.02,0.21,130.3,1
2022-06-24,2022-06-24 13:14:00,638.39,638.55,638.39,638.55,0.03,0.21,130.3,1
2022-06-24,2022-06-24 13:15:00,638.55,638.71,638.55,638.71,0.03,0.21,130.3,1
2022-06-24,2022-06-24 13:16:00,638.71,638.86,638.71,638.86,0.02,0.21,130.3,1
2022-06-24,2022-06-24 13:17:00,638.86,639.02,638.86,639.02,0.03,0.21,130.3,1
2022-06-24,2022-06-24 13:18:00,639.02,639.18,639.02,639.18,0.03,0.21,130.3,1
2022-06-24,2022-06-24 13:19:00,639.18,639.33,639.18,639.33,0.02,0.21,130.3,1
2022-06-24,2022-06-24 13:20:00,639.33,639.49,639.33,639.49,0.03,0.21,130.3,1
2022-06-24,2022-06-24 13:21:00,639.49,639.65,639.49,639.65,0.03,0.21,130.3,1
2022-06-24,2022-06-24 13:22:00,639.65,639.8,639.65,639.8,0.02,0.21,130.3,1
2022-06-24,2022-06-24 13:23:00,639.8,639.96,639.8,639.96,0.03,0.21,130.3,1
2022-06-24,2022-06-24 13:24:00,639.96,640.12,639.96,640.12,0.03,0.21,130.3,1
2022-06-24,2022-06-24 13:25:00,640.12,640.27,640.12,640.27,0.02,0.21,130.3,1
2022-06-24,2022-06-24 13:26:00,640.27,640.43,640.27,640.43,0.02,0.21,130.3,1
2022-06-24,2022-06-24 13:27:00,640.43,640.59,640.43,640.59,0.02,0.21,130.3,1
2022-06-24,2022-06-24 13:28:00,640.59,640.74,640.59,640.74,0.02,0.21,130.3,1
2022-06-24,2022-06-24 13:29:00,640.74,640.9,640.74,640.9,0.02,0.21,130.3,1
2022-06-24,2022-06-24 13:30:00,640.9,641.06,640.9,641.06,0.02,0.21,130.3,1
2022-06-24,2022-06-24 13:31:00,641.06,641.21,641.06,641.21,0.02,0.21,130.3,1
2022-06-24,2022-06-24 13:32:00,641.21,641.37,641.21,641.37,0.02,0.21,130.3,1
2022-06-24,2022-06-24 13:33:00,641.37,641.53,641.37,641.53,0.02,0.21,130.3,1
2022-06-24,2022-06-24 13:34:00,641.53,641.68,641.53,641.68,0.02,0.21,130.3,1
2022-06-24,2022-06-24 13:35:00,641.68,641.84,641.68,641.84,0.02,0.21,130.3,1
2022-06-24,2022-06-24 13:36:00,641.84,642.0,641.84,642.0,0.02,0.21,130.3,1
2022-06-24,2022-06-24 13:37:00,642.0,642.15,642.0,642.15,0.02,0.21,130.3,1
2022-06-24,2022-06-24 13:38:00,642.15,642.31,642.15,642.31,0.02,0.21,130.3,1
2022-06-24,2022-06-24 13:39:00,642.31,642.47,642.31,642.47,0.02,0.21,130.3,1
2022-06-24,2022-06-24 13:40:00,642.47,642.62,642.47,642.62,0.02,0.21,130.3,1
2022-06-24,2022-06-24 13:41:00,642.62,642.78,642.62,642.78,0.02,0.21,130.3,1
2022-06-24,2022-06-24 13:42:00,642.78,642.94,642.78,642.94,0.02,0.21,130.3,1
2022-06-24,2022-06-24 13:43:00,642.94,643.09,642.94,643.09,0.02,0.21,130.3,1
2022-06-24,2022-06-24 13:44:00,643.09,643.25,643.09,643.25,0.02,0.21,130.3,1
2022-06-24,2022-06-24 13:45:00,643.25,643.41,643.25,643.41,0.02,0.21,130.3,1
2022-06-24,2022-06-24 13:46:00,643.41,643.56,643.41,643.56,0.02,0.21,130.3,1
2022-06-24,2022-06-24 13:47:00,643.56,643.72,643.56,643.72,0.02,0.21,130.3,1
2022-06-24,2022-06-24 13:48:00,643.72,643.88,643.72,643.88,0.02,0.21,130.3,1
2022-06-24,2022-06-24 13:49:00,643.88,644.03,643.88,644.03,0.02,0.21,130.3,1
2022-06-24,2022-06-24 13:50:00,644.03,644.19,644.03,644.19,0.02,0.21,130.3,1
2022-06-24,2022-06-24 13:51:00,644.19,644.35,644.19,644.35,0.02,0.21,130.3,1
2022-06-24,2022-06-24 13:52:00,644.35,644.5,644.35,644.5,0.02,0.21,130.3,1
2022-06-24,2022-06-24 13:53:00,644.5,644.66,644.5,644.66,0.02,0.21,130.3,1
2022-06-24,2022-06-24 13:54:00,644.66,644.82,644.66,644.82,0.02,0.21,130.3,1
2022-06-24,2022-06-24 13:55:00,644.82,644.97,644.82,644.97,0.02,0.21,130.3,1
2022-06-24,2022-06-24 13:56:00,644.97,645.13,644.97,645.13,0.02,0.21,130.3,1
2022-06-24,2022-06-24 13:57:00,645.13,645.29,645.13,645.29,0.02,0.21,130.3,1
2022-06-24,2022-06-24 13:58:00,645.29,645.44,645.29,645.44,0.02,0.21,130.3,1
2022-06-24,2022-06-24 13:59:00,645.44,645.6,645.44,645.6,0.02,0.21,130.3,1
2022-06-24,2022-06-24 14:00:00,645.6,645.76,645.6,645.76,0.02,0.21,130.3,1
2022-06-24,2022-06-24 14:01:00,645.76,645.91,645.76,645.91,0.02,0.21,130.3,1
2022-06-24,2022-06-24 14:02:00,645.91,646.07,645.91,646.07,0.02,0.21,130.3,1
2022-06-24,2022-06-24 14:03:00,646.07,646.23,646.07,646.23,0.02,0.21,130.3,1
2022-06-24,2022-06-24 14:04:00,646.23,646.38,646.23,646.38,0.02,0.21,130.3,1
2022-06-24,2022-06-24 14:05:00,646.38,646.54,646.38,646.54,0.02,0.21,130.3,1
2022-06-24,2022-06-24 14:06:00,646.54,646.7,646.54,646.7,0.02,0.21,130.3,1
2022-06-24,2022-06-24 14:07:00,646.7,646.85,646.7,646.85,0.02,0.21,130.3,1
2022-06-24,2022-06-24 14:08:00,646.85,647.01,646.85,647.01,0.02,0.21,130.3,1
2022-06-24,2022-06-24 14:09:00,647.01,647.17,647.01,647.17,0.02,0.21,130.3,1
2022-06-24,2022-06-24 14:10:00,647.17,647.32,647.17,647.32,0.02,0.21,130.3,1
2022-06-24,2022-06-24 14:11:00,647.32,647.48,647.32,647.48,0.02,0.21,130.3,1
2022-06-24,2022-06-24 14:12:00,647.48,647.64,647.48,647.64,0.02,0.21,130.3,1
2022-06-24,2022-06-24 14:13:00,647.64,647.79,647.64,647.79,0.02,0.21,130.3,1
2022-06-24,2022-06-24 14:14:00,647.79,647.95,647.79,647.95,0.02,0.21,130.3,1
2022-06-24,2022-06-24 14:15:00,647.95,648.11,647.95,648.11,0.02,0.21,130.3,1
2022-06-24,2022-06-24 14:16:00,648.11,648.26,648.11,648.26,0.02,0.21,130.3,1
2022-06-24,2022-06-24 14:17:00,648.26,648.42,648.26,648.42,0.02,0.21,130.3,1
2022-06-24,2022-06-24 14:18:00,648.42,648.58,648.42,648.58,0.02,0.21,130.3,1
2022-06-24,2022-06-24 14:19:00,648.58,648.73,648.58,648.73,0.02,0.21,130.3,1
2022-06-24,2022-06-24 14:20:00,648.73,648.89,648.73,648.89,0.02,0.21,130.3,1
2022-06-24,2022-06-24 14:21:00,648.89,649.05,648.89,649.05,0.02,0.21,130.3,1
2022-06-24,2022-06-24 14:22:00,649.05,649.2,649.05,649.2,0.02,0.21,130.3,1
2022-06-24,2022-06-24 14:23:00,649.2,649.36,649.2,649.36,0.02,0.21,130.3,1
2022-06-24,2022-06-24 14:24:00,649.36,649.52,649.36,649.52,0.02,0.21,130.3,1
2022-06-24,2022-06-24 14:25:00,649.52,649.67,649.52,649.67,0.02,0.21,130.3,1
2022-06-24,2022-06-24 14:26:00,649.67,649.83,649.67,649.83,0.02,0.21,130.3,1
2022-06-24,2022-06-24 14:27:00,649.83,649.99,649.83,649.99,0.02,0.21,130.3,1
2022-06-24,2022-06-24 14:28:00,649.99,650.14,649.99,650.14,0.02,0.21,130.3,1
2022-06-24,2022-06-24 14:29:00,650.14,650.3,650.14,650.3,0.02,0.21,130.3,1
2022-06-24,2022-06-24 14:30:00,650.3,650.46,650.3,650.46,0.02,0.21,130.3,1
2022-06-24,2022-06-24 14:31:00,650.46,650.61,650.46,650.61,0.02,0.21,130.3,1
2022-06-24,2022-06-24 14:32:00,650.61,650.77,650.61,650.77,0.02,0.21,130.3,1
2022-06-24,2022-06-24 14:33:00,650.77,650.93,650.77,650.93,0.02,0.21,130.3,1
2022-06-24,2022-06-24 14:34:00,650.93,651.08,650.93,651.08,0.02,0.21,130.3,1
2022-06-24,2022-06-24 14:35:00,651.08,651.24,651.08,651.24,0.02,0.21,130.3,1
2022-06-24,2022-06-24 14:36:00,651.24,651.4,651.24,651.4,0.02,0.21,130.3,1
2022-06-24,2022-06-24 14:37:00,651.4,651.55,651.4,651.55,0.02,0.21,130.3,1
2022-06-24,2022-06-24 14:38:00,651.55,651.71,651.55,651.71,0.02,0.21,130.3,1
2022-06-24,2022-06-24 14:39:00,651.71,651.87,651.71,651.87,0.02,0.21,130.3,1
2022-06-24,2022-06-24 14:40:00,651.87,652.02,651.87,652.02,0.02,0.21,130.3,1
2022-06-24,2022-06-24 14:41:00,652.02,652.18,652.02,652.18,0.02,0.21,130.3,1
2022-06-24,2022-06-24 14:42:00,652.18,652.34,652.18,652.34,0.02,0.21,130.3,1
2022-06-24,2022-06-24 14:43:00,652.34,652.49,652.34,652.49,0.02,0.21,130.3,1
2022-06-24,2022-06-24 14:44:00,652.49,652.65,652.49,652.65,0.02,0.21,130.3,1
2022-06-24,2022-06-24 14:45:00,652.65,652.81,652.65,652.81,0.02,0.21,130.3,1
2022-06-24,2022-06-24 14:46:00,652.81,652.96,652.81,652.96,0.02,0.21,130.3,1
2022-06-24,2022-06-24 14:47:00,652.96,653.12,652.96,653.12,0.02,0.21,130.3,1
2022-06-24,2022-06-24 14:48:00,653.12,653.28,653.12,653.28,0.02,0.21,130.3,1
2022-06-24,2022-06-24 14:49:00,653.28,653.43,653.28,653.43,0.02,0.21,130.3,1
2022-06-24,2022-06-24 14:50:00,653.43,653.59,653.43,653.59,0.02,0.21,130.3,1
2022-06-24,2022-06-24 14:51:00,653.59,653.75,653.59,653.75,0.02,0.21,130.3,1
2022-06-24,2022-06-24 14:52:00,653.75,653.9,653.75,653.9,0.02,0.21,130.3,1
2022-06-24,2022-06-24 14:53:00,653.9,654.06,653.9,654.06,0.02,0.21,130.3,1
2022-06-24,2022-06-24 14:54:00,654.06,654.22,654.06,654.22,0.02,0.21,130.3,1
2022-06-24,2022-06-24 14:55:00,654.22,654.37,654.22,654.37,0.02,0.21,130.3,1
2022-06-24,2022-06-24 14:56:00,654.37,654.53,654.37,654.53,0.02,0.21,130.3,1
2022-06-24,2022-06-24 14:57:00,654.53,654.69,654.53,654.69,0.02,0.21,130.3,1
2022-06-24,2022-06-24 14:58:00,654.69,654.84,654.69,654.84,0.02,0.21,130.3,1
2022-06-24,2022-06-24 14:59:00,654.84,655.0,654.84,655.0,0.02,0.21,130.3,1
2022-06-24,2022-06-24 15:00:00,655.0,655.0,617.4,655.0,0.0,0.21,130.3,0
2022-06-26,2022-06-26 11:00:00,668.1,683.82,668.1,668.32,0.03,0.29,203.94,1
2022-06-26,2022-06-26 11:01:00,668.32,668.54,668.32,668.54,0.03,0.29,203.94,1
2022-06-26,2022-06-26 11:02:00,668.54,668.75,668.54,668.75,0.03,0.29,203.94,1
2022-06-26,2022-06-26 11:03:00,668.75,668.97,668.75,668.97,0.03,0.29,203.94,1
2022-06-26,2022-06-26 11:04:00,668.97,669.19,668.97,669.19,0.03,0.29,203.94,1
2022-06-26,2022-06-26 11:05:00,669.19,669.41,669.19,669.41,0.03,0.29,203.94,1
2022-06-26,2022-06-26 11:06:00,669.41,669.63,669.41,669.63,0.03,0.29,203.94,1
2022-06-26,2022-06-26 11:07:00,669.63,669.85,669.63,669.85,0.03,0.29,203.94,1
2022-06-26,2022-06-26 11:08:00,669.85,670.07,669.85,670.07,0.03,0.29,203.94,1
2022-06-26,2022-06-26 11:09:00,670.07,670.28,670.07,670.28,0.03,0.29,203.94,1
2022-06-26,2022-06-26 11:10:00,670.28,670.5,670.28,670.5,0.03,0.29,203.94,1
2022-06-26,2022-06-26 11:11:00,670.5,670.72,670.5,670.72,0.03,0.29,203.94,1
2022-06-26,2022-06-26 11:12:00,670.72,670.94,670.72,670.94,0.03,0.29,203.94,1
2022-06-26,2022-06-26 11:13:00,670.94,671.16,670.94,671.16,0.03,0.29,203.94,1
2022-06-26,2022-06-26 11:14:00,671.16,671.38,671.16,671.38,0.03,0.29,203.94,1
2022-06-26,2022-06-26 11:15:00,671.38,671.59,671.38,671.59,0.03,0.29,203.94,1
2022-06-26,2022-06-26 11:16:00,671.59,671.81,671.59,671.81,0.03,0.29,203.94,1
2022-06-26,2022-06-26 11:17:00,671.81,672.03,671.81,672.03,0.03,0.29,203.94,1
2022-06-26,2022-06-26 11:18:00,672.03,672.25,672.03,672.25,0.03,0.29,203.94,1
2022-06-26,2022-06-26 11:19:00,672.25,672.47,672.25,672.47,0.03,0.29,203.94,1
2022-06-26,2022-06-26 11:20:00,672.47,672.69,672.47,672.69,0.03,0.29,203.94,1
2022-06-26,2022-06-26 11:21:00,672.69,672.9,672.69,672.9,0.03,0.29,203.94,1
2022-06-26,2022-06-26 11:22:00,672.9,673.12,672.9,673.12,0.03,0.29,203.94,1
2022-06-26,2022-06-26 11:23:00,673.12,673.34,673.12,673.34,0.03,0.29,203.94,1
2022-06-26,2022-06-26 11:24:00,673.34,673.56,673.34,673.56,0.03,0.29,203.94,1
2022-06-26,2022-06-26 11:25:00,673.56,673.78,673.56,673.78,0.03,0.29,203.94,1
2022-06-26,2022-06-26 11:26:00,673.78,674.0,673.78,674.0,0.03,0.29,203.94,1
2022-06-26,2022-06-26 11:27:00,674.0,674.21,674.0,674.21,0.03,0.29,203.94,1
2022-06-26,2022-06-26 11:28:00,674.21,674.43,674.21,674.43,0.03,0.29,203.94,1
2022-06-26,2022-06-26 11:29:00,674.43,674.65,674.43,674.65,0.03,0.29,203.94,1
2022-06-26,2022-06-26 11:30:00,674.65,674.87,674.65,674.87,0.03,0.29,203.94,1
2022-06-26,2022-06-26 11:31:00,674.87,675.09,674.87,675.09,0.03,0.29,203.94,1
2022-06-26,2022-06-26 11:32:00,675.09,675.31,675.09,675.31,0.03,0.29,203.94,1
2022-06-26,2022-06-26 11:33:00,675.31,675.52,675.31,675.52,0.03,0.29,203.94,1
2022-06-26,2022-06-26 11:34:00,675.52,675.74,675.52,675.74,0.03,0.29,203.94,1
2022-06-26,2022-06-26 11:35:00,675.74,675.96,675.74,675.96,0.03,0.29,203.94,1
2022-06-26,2022-06-26 11:36:00,675.96,676.18,675.96,676.18,0.03,0.29,203.94,1
2022-06-26,2022-06-26 11:37:00,676.18,676.4,676.18,676.4,0.03,0.29,203.94,1
2022-06-26,2022-06-26 11:38:00,676.4,676.62,676.4,676.62,0.03,0.29,203.94,1
2022-06-26,2022-06-26 11:39:00,676.62,676.83,676.62,676.83,0.03,0.29,203.94,1
2022-06-26,2022-06-26 11:40:00,676.83,677.05,676.83,677.05,0.03,0.29,203.94,1
2022-06-26,2022-06-26 11:41:00,677.05,677.27,677.05,677.27,0.03,0.29,203.94,1
2022-06-26,2022-06-26 11:42:00,677.27,677.49,677.27,677.49,0.03,0.29,203.94,1
2022-06-26,2022-06-26 11:43:00,677.49,677.71,677.49,677.71,0.03,0.29,203.94,1
2022-06-26,2022-06-26 11:44:00,677.71,677.93,677.71,677.93,0.03,0.29,203.94,1
2022-06-26,2022-06-26 11:45:00,677.93,678.14,677.93,678.14,0.03,0.29,203.94,1
2022-06-26,2022-06-26 11:46:00,678.14,678.36,678.14,678.36,0.03,0.29,203.94,1
2022-06-26,2022-06-26 11:47:00,678.36,678.58,678.36,678.58,0.03,0.29,203.94,1
2022-06-26,2022-06-26 11:48:00,678.58,678.8,678.58,678.8,0.03,0.29,203.94,1
2022-06-26,2022-06-26 11:49:00,678.8,679.02,678.8,679.02,0.03,0.29,203.94,1
2022-06-26,2022-06-26 11:50:00,679.02,679.24,679.02,679.24,0.03,0.29,203.94,1
2022-06-26,2022-06-26 11:51:00,679.24,679.45,679.24,679.45,0.03,0.29,203.94,1
2022-06-26,2022-06-26 11:52:00,679.45,679.67,679.45,679.67,0.03,0.29,203.94,1
2022-06-26,2022-06-26 11:53:00,679.67,679.89,679.67,679.89,0.03,0.29,203.94,1
2022-06-26,2022-06-26 11:54:00,679.89,680.11,679.89,680.11,0.03,0.29,203.94,1
2022-06-26,2022-06-26 11:55:00,680.11,680.33,680.11,680.33,0.03,0.29,203.94,1
2022-06-26,2022-06-26 11:56:00,680.33,680.55,680.33,680.55,0.03,0.29,203.94,1
2022-06-26,2022-06-26 11:57:00,680.55,680.76,680.55,680.76,0.03,0.29,203.94,1
2022-06-26,2022-06-26 11:58:00,680.76,680.98,680.76,680.98,0.03,0.29,203.94,1
2022-06-26,2022-06-26 11:59:00,680.98,681.2,680.98,681.2,0.03,0.29,203.94,1
2022-06-26,2022-06-26 12:00:00,681.2,681.42,681.2,681.42,0.03,0.29,203.94,1
2022-06-26,2022-06-26 12:01:00,681.42,681.64,681.42,681.64,0.03,0.29,203.94,1
2022-06-26,2022-06-26 12:02:00,681.64,681.86,681.64,681.86,0.03,0.29,203.94,1
2022-06-26,2022-06-26 12:03:00,681.86,682.07,681.86,682.07,0.03,0.29,203.94,1
2022-06-26,2022-06-26 12:04:00,682.07,682.29,682.07,682.29,0.03,0.29,203.94,1
2022-06-26,2022-06-26 12:05:00,682.29,682.51,682.29,682.51,0.03,0.29,203.94,1
2022-06-26,2022-06-26 12:06:00,682.51,682.73,682.51,682.73,0.03,0.29,203.94,1
2022-06-26,2022-06-26 12:07:00,682.73,682.95,682.73,682.95,0.03,0.29,203.94,1
2022-06-26,2022-06-26 12:08:00,682.95,683.16,682.95,683.16,0.03,0.29,203.94,1
2022-06-26,2022-06-26 12:09:00,683.16,683.38,683.16,683.38,0.03,0.29,203.94,1
2022-06-26,2022-06-26 12:10:00,683.38,683.6,683.38,683.6,0.03,0.29,203.94,1
2022-06-26,2022-06-26 12:11:00,683.6,683.82,683.6,683.82,0.03,0.29,203.94,1
2022-06-26,2022-06-26 12:12:00,683.82,684.04,683.82,684.04,0.03,0.29,203.94,1
2022-06-26,2022-06-26 12:13:00,684.04,684.26,684.04,684.26,0.03,0.29,203.94,1
2022-06-26,2022-06-26 12:14:00,684.26,684.48,684.26,684.48,0.03,0.29,203.94,1
2022-06-26,2022-06-26 12:15:00,684.48,684.69,684.48,684.69,0.03,0.29,203.94,1
2022-06-26,2022-06-26 12:16:00,684.69,684.91,684.69,684.91,0.03,0.29,203.94,1
2022-06-26,2022-06-26 12:17:00,684.91,685.13,684.91,685.13,0.03,0.29,203.94,1
2022-06-26,2022-06-26 12:18:00,685.13,685.35,685.13,685.35,0.03,0.29,203.94,1
2022-06-26,2022-06-26 12:19:00,685.35,685.57,685.35,685.57,0.03,0.29,203.94,1
2022-06-26,2022-06-26 12:20:00,685.57,685.78,685.57,685.78,0.03,0.29,203.94,1
2022-06-26,2022-06-26 12:21:00,685.78,686.0,685.78,686.0,0.03,0.29,203.94,1
2022-06-26,2022-06-26 12:22:00,686.0,686.22,686.0,686.22,0.03,0.29,203.94,1
2022-06-26,2022-06-26 12:23:00,686.22,686.44,686.22,686.44,0.03,0.29,203.94,1
2022-06-26,2022-06-26 12:24:00,686.44,686.66,686.44,686.66,0.03,0.29,203.94,1
2022-06-26,2022-06-26 12:25:00,686.66,686.88,686.66,686.88,0.03,0.29,203.94,1
2022-06-26,2022-06-26 12:26:00,686.88,687.1,686.88,687.1,0.03,0.29,203.94,1
2022-06-26,2022-06-26 12:27:00,687.1,687.31,687.1,687.31,0.03,0.29,203.94,1
2022-06-26,2022-06-26 12:28:00,687.31,687.53,687.31,687.53,0.03,0.29,203.94,1
2022-06-26,2022-06-26 12:29:00,687.53,687.75,687.53,687.75,0.03,0.29,203.94,1
2022-06-26,2022-06-26 12:30:00,687.75,687.97,687.75,687.97,0.03,0.29,203.94,1
2022-06-26,2022-06-26 12:31:00,687.97,688.19,687.97,688.19,0.03,0.29,203.94,1
2022-06-26,2022-06-26 12:32:00,688.19,688.4,688.19,688.4,0.03,0.29,203.94,1
2022-06-26,2022-06-26 12:33:00,688.4,688.62,688.4,688.62,0.03,0.29,203.94,1
2022-06-26,2022-06-26 12:34:00,688.62,688.84,688.62,688.84,0.03,0.29,203.94,1
2022-06-26,2022-06-26 12:35:00,688.84,689.06,688.84,689.06,0.03,0.29,203.94,1
2022-06-26,2022-06-26 12:36:00,689.06,689.28,689.06,689.28,0.03,0.29,203.94,1
2022-06-26,2022-06-26 12:37:00,689.28,689.5,689.28,689.5,0.03,0.29,203.94,1
2022-06-26,2022-06-26 12:38:00,689.5,689.72,689.5,689.72,0.03,0.29,203.94,1
2022-06-26,2022-06-26 12:39:00,689.72,689.93,689.72,689.93,0.03,0.29,203.94,1
2022-06-26,2022-06-26 12:40:00,689.93,690.15,689.93,690.15,0.03,0.29,203.94,1
2022-06-26,2022-06-26 12:41:00,690.15,690.37,690.15,690.37,0.03,0.29,203.94,1
2022-06-26,2022-06-26 12:42:00,690.37,690.59,690.37,690.59,0.03,0.29,203.94,1
2022-06-26,2022-06-26 12:43:00,690.59,690.81,690.59,690.81,0.03,0.29,203.94,1
2022-06-26,2022-06-26 12:44:00,690.81,691.02,690.81,691.02,0.03,0.29,203.94,1
2022-06-26,2022-06-26 12:45:00,691.02,691.24,691.02,691.24,0.03,0.29,203.94,1
2022-06-26,2022-06-26 12:46:00,691.24,691.46,691.24,691.46,0.03,0.29,203.94,1
2022-06-26,2022-06-26 12:47:00,691.46,691.68,691.46,691.68,0.03,0.29,203.94,1
2022-06-26,2022-06-26 12:48:00,691.68,691.9,691.68,691.9,0.03,0.29,203.94,1
2022-06-26,2022-06-26 12:49:00,691.9,692.12,691.9,692.12,0.03,0.29,203.94,1
2022-06-26,2022-06-26 12:50:00,692.12,692.34,692.12,692.34,0.03,0.29,203.94,1
2022-06-26,2022-06-26 12:51:00,692.34,692.55,692.34,692.55,0.03,0.29,203.94,1
2022-06-26,2022-06-26 12:52:00,692.55,692.77,692.55,692.77,0.03,0.29,203.94,1
2022-06-26,2022-06-26 12:53:00,692.77,692.99,692.77,692.99,0.03,0.29,203.94,1
2022-06-26,2022-06-26 12:54:00,692.99,693.21,692.99,693.21,0.03,0.29,203.94,1
2022-06-26,2022-06-26 12:55:00,693.21,693.43,693.21,693.43,0.03,0.29,203.94,1
2022-06-26,2022-06-26 12:56:00,693.43,693.64,693.43,693.64,0.03,0.29,203.94,1
2022-06-26,2022-06-26 12:57:00,693.64,693.86,693.64,693.86,0.03,0.29,203.94,1
2022-06-26,2022-06-26 12:58:00,693.86,694.08,693.86,694.08,0.03,0.29,203.94,1
2022-06-26,2022-06-26 12:59:00,694.08,694.3,694.08,694.3,0.03,0.29,203.94,1
2022-06-26,2022-06-26 13:00:00,694.3,720.5,668.1,694.52,0.03,0.29,203.94,1
2022-06-26,2022-06-26 13:01:00,694.52,694.74,694.52,694.74,0.03,0.29,203.94,1
2022-06-26,2022-06-26 13:02:00,694.74,694.96,694.74,694.96,0.03,0.29,203.94,1
2022-06-26,2022-06-26 13:03:00,694.96,695.17,694.96,695.17,0.03,0.29,203.94,1
2022-06-26,2022-06-26 13:04:00,695.17,695.39,695.17,695.39,0.03,0.29,203.94,1
2022-06-26,2022-06-26 13:05:00,695.39,695.61,695.39,695.61,0.03,0.29,203.94,1
2022-06-26,2022-06-26 13:06:00,695.61,695.83,695.61,695.83,0.03,0.29,203.94,1
2022-06-26,2022-06-26 13:07:00,695.83,696.05,695.83,696.05,0.03,0.29,203.94,1
2022-06-26,2022-06-26 13:08:00,696.05,696.26,696.05,696.26,0.03,0.29,203.94,1
2022-06-26,2022-06-26 13:09:00,696.26,696.48,696.26,696.48,0.03,0.29,203.94,1
2022-06-26,2022-06-26 13:10:00,696.48,696.7,696.48,696.7,0.03,0.29,203.94,1
2022-06-26,2022-06-26 13:11:00,696.7,696.92,696.7,696.92,0.03,0.29,203.94,1
2022-06-26,2022-06-26 13:12:00,696.92,697.14,696.92,697.14,0.03,0.29,203.94,1
2022-06-26,2022-06-26 13:13:00,697.14,697.36,697.14,697.36,0.03,0.29,203.94,1
2022-06-26,2022-06-26 13:14:00,697.36,697.58,697.36,697.58,0.03,0.29,203.94,1
2022-06-26,2022-06-26 13:15:00,697.58,697.79,697.58,697.79,0.03,0.29,203.94,1
2022-06-26,2022-06-26 13:16:00,697.79,698.01,697.79,698.01,0.03,0.29,203.94,1
2022-06-26,2022-06-26 13:17:00,698.01,698.23,698.01,698.23,0.03,0.29,203.94,1
2022-06-26,2022-06-26 13:18:00,698.23,698.45,698.23,698.45,0.03,0.29,203.94,1
2022-06-26,2022-06-26 13:19:00,698.45,698.67,698.45,698.67,0.03,0.29,203.94,1
2022-06-26,2022-06-26 13:20:00,698.67,698.88,698.67,698.88,0.03,0.29,203.94,1
2022-06-26,2022-06-26 13:21:00,698.88,699.1,698.88,699.1,0.03,0.29,203.94,1
2022-06-26,2022-06-26 13:22:00,699.1,699.32,699.1,699.32,0.03,0.29,203.94,1
2022-06-26,2022-06-26 13:23:00,699.32,699.54,699.32,699.54,0.03,0.29,203.94,1
2022-06-26,2022-06-26 13:24:00,699.54,699.76,699.54,699.76,0.03,0.29,203.94,1
2022-06-26,2022-06-26 13:25:00,699.76,699.98,699.76,699.98,0.03,0.29,203.94,1
2022-06-26,2022-06-26 13:26:00,699.98,700.2,699.98,700.2,0.03,0.29,203.94,1
2022-06-26,2022-06-26 13:27:00,700.2,700.41,700.2,700.41,0.03,0.29,203.94,1
2022-06-26,2022-06-26 13:28:00,700.41,700.63,700.41,700.63,0.03,0.29,203.94,1
2022-06-26,2022-06-26 13:29:00,700.63,700.85,700.63,700.85,0.03,0.29,203.94,1
2022-06-26,2022-06-26 13:30:00,700.85,701.07,700.85,701.07,0.03,0.29,203.94,1
2022-06-26,2022-06-26 13:31:00,701.07,701.29,701.07,701.29,0.03,0.29,203.94,1
2022-06-26,2022-06-26 13:32:00,701.29,701.5,701.29,701.5,0.03,0.29,203.94,1
2022-06-26,2022-06-26 13:33:00,701.5,701.72,701.5,701.72,0.03,0.29,203.94,1
2022-06-26,2022-06-26 13:34:00,701.72,701.94,701.72,701.94,0.03,0.29,203.94,1
2022-06-26,2022-06-26 13:35:00,701.94,702.16,701.94,702.16,0.03,0.29,203.94,1
2022-06-26,2022-06-26 13:36:00,702.16,702.38,702.16,702.38,0.03,0.29,203.94,1
2022-06-26,2022-06-26 13:37:00,702.38,702.6,702.38,702.6,0.03,0.29,203.94,1
2022-06-26,2022-06-26 13:38:00,702.6,702.82,702.6,702.82,0.03,0.29,203.94,1
2022-06-26,2022-06-26 13:39:00,702.82,703.03,702.82,703.03,0.03,0.29,203.94,1
2022-06-26,2022-06-26 13:40:00,703.03,703.25,703.03,703.25,0.03,0.29,203.94,1
2022-06-26,2022-06-26 13:41:00,703.25,703.47,703.25,703.47,0.03,0.29,203.94,1
2022-06-26,2022-06-26 13:42:00,703.47,703.69,703.47,703.69,0.03,0.29,203.94,1
2022-06-26,2022-06-26 13:43:00,703.69,703.91,703.69,703.91,0.03,0.29,203.94,1
2022-06-26,2022-06-26 13:44:00,703.91,704.12,703.91,704.12,0.03,0.29,203.94,1
2022-06-26,2022-06-26 13:45:00,704.12,704.34,704.12,704.34,0.03,0.29,203.94,1
2022-06-26,2022-06-26 13:46:00,704.34,704.56,704.34,704.56,0.03,0.29,203.94,1
2022-06-26,2022-06-26 13:47:00,704.56,704.78,704.56,704.78,0.03,0.29,203.94,1
2022-06-26,2022-06-26 13:48:00,704.78,705.0,704.78,705.0,0.03,0.29,203.94,1
2022-06-26,2022-06-26 13:49:00,705.0,705.22,705.0,705.22,0.03,0.29,203.94,1
2022-06-26,2022-06-26 13:50:00,705.22,705.44,705.22,705.44,0.03,0.29,203.94,1
2022-06-26,2022-06-26 13:51:00,705.44,705.65,705.44,705.65,0.03,0.29,203.94,1
2022-06-26,2022-06-26 13:52:00,705.65,705.87,705.65,705.87,0.03,0.29,203.94,1
2022-06-26,2022-06-26 13:53:00,705.87,706.09,705.87,706.09,0.03,0.29,203.94,1
2022-06-26,2022-06-26 13:54:00,706.09,706.31,706.09,706.31,0.03,0.29,203.94,1
2022-06-26,2022-06-26 13:55:00,706.31,706.53,706.31,706.53,0.03,0.29,203.94,1
2022-06-26,2022-06-26 13:56:00,706.53,706.75,706.53,706.75,0.03,0.29,203.94,1
2022-06-26,2022-06-26 13:57:00,706.75,706.96,706.75,706.96,0.03,0.29,203.94,1
2022-06-26,2022-06-26 13:58:00,706.96,707.18,706.96,707.18,0.03,0.29,203.94,1
2022-06-26,2022-06-26 13:59:00,707.18,707.4,707.18,707.4,0.03,0.29,203.94,1
2022-06-26,2022-06-26 14:00:00,707.4,707.62,707.4,707.62,0.03,0.29,203.94,1
2022-06-26,2022-06-26 14:01:00,707.62,707.84,707.62,707.84,0.03,0.29,203.94,1
2022-06-26,2022-06-26 14:02:00,707.84,708.05,707.84,708.05,0.03,0.29,203.94,1
2022-06-26,2022-06-26 14:03:00,708.05,708.27,708.05,708.27,0.03,0.29,203.94,1
2022-06-26,2022-06-26 14:04:00,708.27,708.49,708.27,708.49,0.03,0.29,203.94,1
2022-06-26,2022-06-26 14:05:00,708.49,708.71,708.49,708.71,0.03,0.29,203.94,1
2022-06-26,2022-06-26 14:06:00,708.71,708.93,708.71,708.93,0.03,0.29,203.94,1
2022-06-26,2022-06-26 14:07:00,708.93,709.15,708.93,709.15,0.03,0.29,203.94,1
2022-06-26,2022-06-26 14:08:00,709.15,709.37,709.15,709.37,0.03,0.29,203.94,1
2022-06-26,2022-06-26 14:09:00,709.37,709.58,709.37,709.58,0.03,0.29,203.94,1
2022-06-26,2022-06-26 14:10:00,709.58,709.8,709.58,709.8,0.03,0.29,203.94,1
2022-06-26,2022-06-26 14:11:00,709.8,710.02,709.8,710.02,0.03,0.29,203.94,1
2022-06-26,2022-06-26 14:12:00,710.02,710.24,710.02,710.24,0.03,0.29,203.94,1
2022-06-26,2022-06-26 14:13:00,710.24,710.46,710.24,710.46,0.03,0.29,203.94,1
2022-06-26,2022-06-26 14:14:00,710.46,710.67,710.46,710.67,0.03,0.29,203.94,1
2022-06-26,2022-06-26 14:15:00,710.67,710.89,710.67,710.89,0.03,0.29,203.94,1
2022-06-26,2022-06-26 14:16:00,710.89,711.11,710.89,711.11,0.03,0.29,203.94,1
2022-06-26,2022-06-26 14:17:00,711.11,711.33,711.11,711.33,0.03,0.29,203.94,1
2022-06-26,2022-06-26 14:18:00,711.33,711.55,711.33,711.55,0.03,0.29,203.94,1
2022-06-26,2022-06-26 14:19:00,711.55,711.77,711.55,711.77,0.03,0.29,203.94,1
2022-06-26,2022-06-26 14:20:00,711.77,711.99,711.77,711.99,0.03,0.29,203.94,1
2022-06-26,2022-06-26 14:21:00,711.99,712.2,711.99,712.2,0.03,0.29,203.94,1
2022-06-26,2022-06-26 14:22:00,712.2,712.42,712.2,712.42,0.03,0.29,203.94,1
2022-06-26,2022-06-26 14:23:00,712.42,712.64,712.42,712.64,0.03,0.29,203.94,1
2022-06-26,2022-06-26 14:24:00,712.64,712.86,712.64,712.86,0.03,0.29,203.94,1
2022-06-26,2022-06-26 14:25:00,712.86,713.08,712.86,713.08,0.03,0.29,203.94,1
2022-06-26,2022-06-26 14:26:00,713.08,713.29,713.08,713.29,0.03,0.29,203.94,1
2022-06-26,2022-06-26 14:27:00,713.29,713.51,713.29,713.51,0.03,0.29,203.94,1
2022-06-26,2022-06-26 14:28:00,713.51,713.73,713.51,713.73,0.03,0.29,203.94,1
2022-06-26,2022-06-26 14:29:00,713.73,713.95,713.73,713.95,0.03,0.29,203.94,1
2022-06-26,2022-06-26 14:30:00,713.95,714.17,713.95,714.17,0.03,0.29,203.94,1
2022-06-26,2022-06-26 14:31:00,714.17,714.39,714.17,714.39,0.03,0.29,203.94,1
2022-06-26,2022-06-26 14:32:00,714.39,714.61,714.39,714.61,0.03,0.29,203.94,1
2022-06-26,2022-06-26 14:33:00,714.61,714.82,714.61,714.82,0.03,0.29,203.94,1
2022-06-26,2022-06-26 14:34:00,714.82,715.04,714.82,715.04,0.03,0.29,203.94,1
2022-06-26,2022-06-26 14:35:00,715.04,715.26,715.04,715.26,0.03,0.29,203.94,1
2022-06-26,2022-06-26 14:36:00,715.26,715.48,715.26,715.48,0.03,0.29,203.94,1
2022-06-26,2022-06-26 14:37:00,715.48,715.7,715.48,715.7,0.03,0.29,203.94,1
2022-06-26,2022-06-26 14:38:00,715.7,715.91,715.7,715.91,0.03,0.29,203.94,1
2022-06-26,2022-06-26 14:39:00,715.91,716.13,715.91,716.13,0.03,0.29,203.94,1
2022-06-26,2022-06-26 14:40:00,716.13,716.35,716.13,716.35,0.03,0.29,203.94,1
2022-06-26,2022-06-26 14:41:00,716.35,716.57,716.35,716.57,0.03,0.29,203.94,1
2022-06-26,2022-06-26 14:42:00,716.57,716.79,716.57,716.79,0.03,0.29,203.94,1
2022-06-26,2022-06-26 14:43:00,716.79,717.01,716.79,717.01,0.03,0.29,203.94,1
2022-06-26,2022-06-26 14:44:00,717.01,717.23,717.01,717.23,0.03,0.29,203.94,1
2022-06-26,2022-06-26 14:45:00,717.23,717.44,717.23,717.44,0.03,0.29,203.94,1
2022-06-26,2022-06-26 14:46:00,717.44,717.66,717.44,717.66,0.03,0.29,203.94,1
2022-06-26,2022-06-26 14:47:00,717.66,717.88,717.66,717.88,0.03,0.29,203.94,1
2022-06-26,2022-06-26 14:48:00,717.88,718.1,717.88,718.1,0.03,0.29,203.94,1
2022-06-26,2022-06-26 14:49:00,718.1,718.32,718.1,718.32,0.03,0.29,203.94,1
2022-06-26,2022-06-26 14:50:00,718.32,718.53,718.32,718.53,0.03,0.29,203.94,1
2022-06-26,2022-06-26 14:51:00,718.53,718.75,718.53,718.75,0.03,0.29,203.94,1
2022-06-26,2022-06-26 14:52:00,718.75,718.97,718.75,718.97,0.03,0.29,203.94,1
2022-06-26,2022-06-26 14:53:00,718.97,719.19,718.97,719.19,0.03,0.29,203.94,1
2022-06-26,2022-06-26 14:54:00,719.19,719.41,719.19,719.41,0.03,0.29,203.94,1
2022-06-26,2022-06-26 14:55:00,719.41,719.63,719.41,719.63,0.03,0.29,203.94,1
2022-06-26,2022-06-26 14:56:00,719.63,719.85,719.63,719.85,0.03,0.29,203.94,1
2022-06-26,2022-06-26 14:57:00,719.85,720.06,719.85,720.06,0.03,0.29,203.94,1
2022-06-26,2022-06-26 14:58:00,720.06,720.28,720.06,720.28,0.03,0.29,203.94,1
2022-06-26,2022-06-26 14:59:00,720.28,720.5,720.28,720.5,0.03,0.29,203.94,1
2022-06-26,2022-06-26 15:00:00,720.5,720.5,668.1,720.5,0.0,0.29,203.94,0
2022-06-27,2022-06-27 11:00:00,734.9,752.18,734.9,735.14,0.03,0.29,224.31,1
2022-06-27,2022-06-27 11:01:00,735.14,735.38,735.14,735.38,0.03,0.29,224.31,1
2022-06-27,2022-06-27 11:02:00,735.38,735.62,735.38,735.62,0.03,0.29,224.31,1
2022-06-27,2022-06-27 11:03:00,735.62,735.86,735.62,735.86,0.03,0.29,224.31,1
2022-06-27,2022-06-27 11:04:00,735.86,736.1,735.86,736.1,0.03,0.29,224.31,1
2022-06-27,2022-06-27 11:05:00,736.1,736.34,736.1,736.34,0.03,0.29,224.31,1
2022-06-27,2022-06-27 11:06:00,736.34,736.58,736.34,736.58,0.03,0.29,224.31,1
2022-06-27,2022-06-27 11:07:00,736.58,736.82,736.58,736.82,0.03,0.29,224.31,1
2022-06-27,2022-06-27 11:08:00,736.82,737.06,736.82,737.06,0.03,0.29,224.31,1
2022-06-27,2022-06-27 11:09:00,737.06,737.3,737.06,737.3,0.03,0.29,224.31,1
2022-06-27,2022-06-27 11:10:00,737.3,737.54,737.3,737.54,0.03,0.29,224.31,1
2022-06-27,2022-06-27 11:11:00,737.54,737.78,737.54,737.78,0.03,0.29,224.31,1
2022-06-27,2022-06-27 11:12:00,737.78,738.02,737.78,738.02,0.03,0.29,224.31,1
2022-06-27,2022-06-27 11:13:00,738.02,738.26,738.02,738.26,0.03,0.29,224.31,1
2022-06-27,2022-06-27 11:14:00,738.26,738.5,738.26,738.5,0.03,0.29,224.31,1
2022-06-27,2022-06-27 11:15:00,738.5,738.74,738.5,738.74,0.03,0.29,224.31,1
2022-06-27,2022-06-27 11:16:00,738.74,738.98,738.74,738.98,0.03,0.29,224.31,1
2022-06-27,2022-06-27 11:17:00,738.98,739.22,738.98,739.22,0.03,0.29,224.31,1
2022-06-27,2022-06-27 11:18:00,739.22,739.46,739.22,739.46,0.03,0.29,224.31,1
2022-06-27,2022-06-27 11:19:00,739.46,739.7,739.46,739.7,0.03,0.29,224.31,1
2022-06-27,2022-06-27 11:20:00,739.7,739.94,739.7,739.94,0.03,0.29,224.31,1
2022-06-27,2022-06-27 11:21:00,739.94,740.18,739.94,740.18,0.03,0.29,224.31,1
2022-06-27,2022-06-27 11:22:00,740.18,740.42,740.18,740.42,0.03,0.29,224.31,1
2022-06-27,2022-06-27 11:23:00,740.42,740.66,740.42,740.66,0.03,0.29,224.31,1
2022-06-27,2022-06-27 11:24:00,740.66,740.9,740.66,740.9,0.03,0.29,224.31,1
2022-06-27,2022-06-27 11:25:00,740.9,741.14,740.9,741.14,0.03,0.29,224.31,1
2022-06-27,2022-06-27 11:26:00,741.14,741.38,741.14,741.38,0.03,0.29,224.31,1
2022-06-27,2022-06-27 11:27:00,741.38,741.62,741.38,741.62,0.03,0.29,224.31,1
2022-06-27,2022-06-27 11:28:00,741.62,741.86,741.62,741.86,0.03,0.29,224.31,1
2022-06-27,2022-06-27 11:29:00,741.86,742.1,741.86,742.1,0.03,0.29,224.31,1
2022-06-27,2022-06-27 11:30:00,742.1,742.34,742.1,742.34,0.03,0.29,224.31,1
2022-06-27,2022-06-27 11:31:00,742.34,742.58,742.34,742.58,0.03,0.29,224.31,1
2022-06-27,2022-06-27 11:32:00,742.58,742.82,742.58,742.82,0.03,0.29,224.31,1
2022-06-27,2022-06-27 11:33:00,742.82,743.06,742.82,743.06,0.03,0.29,224.31,1
2022-06-27,2022-06-27 11:34:00,743.06,743.3,743.06,743.3,0.03,0.29,224.31,1
2022-06-27,2022-06-27 11:35:00,743.3,743.54,743.3,743.54,0.03,0.29,224.31,1
2022-06-27,2022-06-27 11:36:00,743.54,743.78,743.54,743.78,0.03,0.29,224.31,1
2022-06-27,2022-06-27 11:37:00,743.78,744.02,743.78,744.02,0.03,0.29,224.31,1
2022-06-27,2022-06-27 11:38:00,744.02,744.26,744.02,744.26,0.03,0.29,224.31,1
2022-06-27,2022-06-27 11:39:00,744.26,744.5,744.26,744.5,0.03,0.29,224.31,1
2022-06-27,2022-06-27 11:40:00,744.5,744.74,744.5,744.74,0.03,0.29,224.31,1
2022-06-27,2022-06-27 11:41:00,744.74,744.98,744.74,744.98,0.03,0.29,224.31,1
2022-06-27,2022-06-27 11:42:00,744.98,745.22,744.98,745.22,0.03,0.29,224.31,1
2022-06-27,2022-06-27 11:43:00,745.22,745.46,745.22,745.46,0.03,0.29,224.31,1
2022-06-27,2022-06-27 11:44:00,745.46,745.7,745.46,745.7,0.03,0.29,224.31,1
2022-06-27,2022-06-27 11:45:00,745.7,745.94,745.7,745.94,0.03,0.29,224.31,1
2022-06-27,2022-06-27 11:46:00,745.94,746.18,745.94,746.18,0.03,0.29,224.31,1
2022-06-27,2022-06-27 11:47:00,746.18,746.42,746.18,746.42,0.03,0.29,224.31,1
2022-06-27,2022-06-27 11:48:00,746.42,746.66,746.42,746.66,0.03,0.29,224.31,1
2022-06-27,2022-06-27 11:49:00,746.66,746.9,746.66,746.9,0.03,0.29,224.31,1
2022-06-27,2022-06-27 11:50:00,746.9,747.14,746.9,747.14,0.03,0.29,224.31,1
2022-06-27,2022-06-27 11:51:00,747.14,747.38,747.14,747.38,0.03,0.29,224.31,1
2022-06-27,2022-06-27 11:52:00,747.38,747.62,747.38,747.62,0.03,0.29,224.31,1
2022-06-27,2022-06-27 11:53:00,747.62,747.86,747.62,747.86,0.03,0.29,224.31,1
2022-06-27,2022-06-27 11:54:00,747.86,748.1,747.86,748.1,0.03,0.29,224.31,1
2022-06-27,2022-06-27 11:55:00,748.1,748.34,748.1,748.34,0.03,0.29,224.31,1
2022-06-27,2022-06-27 11:56:00,748.34,748.58,748.34,748.58,0.03,0.29,224.31,1
2022-06-27,2022-06-27 11:57:00,748.58,748.82,748.58,748.82,0.03,0.29,224.31,1
2022-06-27,2022-06-27 11:58:00,748.82,749.06,748.82,749.06,0.03,0.29,224.31,1
2022-06-27,2022-06-27 11:59:00,749.06,749.3,749.06,749.3,0.03,0.29,224.31,1
2022-06-27,2022-06-27 12:00:00,749.3,749.54,749.3,749.54,0.03,0.29,224.31,1
2022-06-27,2022-06-27 12:01:00,749.54,749.78,749.54,749.78,0.03,0.29,224.31,1
2022-06-27,2022-06-27 12:02:00,749.78,750.02,749.78,750.02,0.03,0.29,224.31,1
2022-06-27,2022-06-27 12:03:00,750.02,750.26,750.02,750.26,0.03,0.29,224.31,1
2022-06-27,2022-06-27 12:04:00,750.26,750.5,750.26,750.5,0.03,0.29,224.31,1
2022-06-27,2022-06-27 12:05:00,750.5,750.74,750.5,750.74,0.03,0.29,224.31,1
2022-06-27,2022-06-27 12:06:00,750.74,750.98,750.74,750.98,0.03,0.29,224.31,1
2022-06-27,2022-06-27 12:07:00,750.98,751.22,750.98,751.22,0.03,0.29,224.31,1
2022-06-27,2022-06-27 12:08:00,751.22,751.46,751.22,751.46,0.03,0.29,224.31,1
2022-06-27,2022-06-27 12:09:00,751.46,751.7,751.46,751.7,0.03,0.29,224.31,1
2022-06-27,2022-06-27 12:10:00,751.7,751.94,751.7,751.94,0.03,0.29,224.31,1
2022-06-27,2022-06-27 12:11:00,751.94,752.18,751.94,752.18,0.03,0.29,224.31,1
2022-06-27,2022-06-27 12:12:00,752.18,752.42,752.18,752.42,0.03,0.29,224.31,1
2022-06-27,2022-06-27 12:13:00,752.42,752.66,752.42,752.66,0.03,0.29,224.31,1
2022-06-27,2022-06-27 12:14:00,752.66,752.9,752.66,752.9,0.03,0.29,224.31,1
2022-06-27,2022-06-27 12:15:00,752.9,753.14,752.9,753.14,0.03,0.29,224.31,1
2022-06-27,2022-06-27 12:16:00,753.14,753.38,753.14,753.38,0.03,0.29,224.31,1
2022-06-27,2022-06-27 12:17:00,753.38,753.62,753.38,753.62,0.03,0.29,224.31,1
2022-06-27,2022-06-27 12:18:00,753.62,753.86,753.62,753.86,0.03,0.29,224.31,1
2022-06-27,2022-06-27 12:19:00,753.86,754.1,753.86,754.1,0.03,0.29,224.31,1
2022-06-27,2022-06-27 12:20:00,754.1,754.34,754.1,754.34,0.03,0.29,224.31,1
2022-06-27,2022-06-27 12:21:00,754.34,754.58,754.34,754.58,0.03,0.29,224.31,1
2022-06-27,2022-06-27 12:22:00,754.58,754.82,754.58,754.82,0.03,0.29,224.31,1
2022-06-27,2022-06-27 12:23:00,754.82,755.06,754.82,755.06,0.03,0.29,224.31,1
2022-06-27,2022-06-27 12:24:00,755.06,755.3,755.06,755.3,0.03,0.29,224.31,1
2022-06-27,2022-06-27 12:25:00,755.3,755.54,755.3,755.54,0.03,0.29,224.31,1
2022-06-27,2022-06-27 12:26:00,755.54,755.78,755.54,755.78,0.03,0.29,224.31,1
2022-06-27,2022-06-27 12:27:00,755.78,756.02,755.78,756.02,0.03,0.29,224.31,1
2022-06-27,2022-06-27 12:28:00,756.02,756.26,756.02,756.26,0.03,0.29,224.31,1
2022-06-27,2022-06-27 12:29:00,756.26,756.5,756.26,756.5,0.03,0.29,224.31,1
2022-06-27,2022-06-27 12:30:00,756.5,756.74,756.5,756.74,0.03,0.29,224.31,1
2022-06-27,2022-06-27 12:31:00,756.74,756.98,756.74,756.98,0.03,0.29,224.31,1
2022-06-27,2022-06-27 12:32:00,756.98,757.22,756.98,757.22,0.03,0.29,224.31,1
2022-06-27,2022-06-27 12:33:00,757.22,757.46,757.22,757.46,0.03,0.29,224.31,1
2022-06-27,2022-06-27 12:34:00,757.46,757.7,757.46,757.7,0.03,0.29,224.31,1
2022-06-27,2022-06-27 12:35:00,757.7,757.94,757.7,757.94,0.03,0.29,224.31,1
2022-06-27,2022-06-27 12:36:00,757.94,758.18,757.94,758.18,0.03,0.29,224.31,1
2022-06-27,2022-06-27 12:37:00,758.18,758.42,758.18,758.42,0.03,0.29,224.31,1
2022-06-27,2022-06-27 12:38:00,758.42,758.66,758.42,758.66,0.03,0.29,224.31,1
2022-06-27,2022-06-27 12:39:00,758.66,758.9,758.66,758.9,0.03,0.29,224.31,1
2022-06-27,2022-06-27 12:40:00,758.9,759.14,758.9,759.14,0.03,0.29,224.31,1
2022-06-27,2022-06-27 12:41:00,759.14,759.38,759.14,759.38,0.03,0.29,224.31,1
2022-06-27,2022-06-27 12:42:00,759.38,759.62,759.38,759.62,0.03,0.29,224.31,1
2022-06-27,2022-06-27 12:43:00,759.62,759.86,759.62,759.86,0.03,0.29,224.31,1
2022-06-27,2022-06-27 12:44:00,759.86,760.1,759.86,760.1,0.03,0.29,224.31,1
2022-06-27,2022-06-27 12:45:00,760.1,760.34,760.1,760.34,0.03,0.29,224.31,1
2022-06-27,2022-06-27 12:46:00,760.34,760.58,760.34,760.58,0.03,0.29,224.31,1
2022-06-27,2022-06-27 12:47:00,760.58,760.82,760.58,760.82,0.03,0.29,224.31,1
2022-06-27,2022-06-27 12:48:00,760.82,761.06,760.82,761.06,0.03,0.29,224.31,1
2022-06-27,2022-06-27 12:49:00,761.06,761.3,761.06,761.3,0.03,0.29,224.31,1
2022-06-27,2022-06-27 12:50:00,761.3,761.54,761.3,761.54,0.03,0.29,224.31,1
2022-06-27,2022-06-27 12:51:00,761.54,761.78,761.54,761.78,0.03,0.29,224.31,1
2022-06-27,2022-06-27 12:52:00,761.78,762.02,761.78,762.02,0.03,0.29,224.31,1
2022-06-27,2022-06-27 12:53:00,762.02,762.26,762.02,762.26,0.03,0.29,224.31,1
2022-06-27,2022-06-27 12:54:00,762.26,762.5,762.26,762.5,0.03,0.29,224.31,1
2022-06-27,2022-06-27 12:55:00,762.5,762.74,762.5,762.74,0.03,0.29,224.31,1
2022-06-27,2022-06-27 12:56:00,762.74,762.98,762.74,762.98,0.03,0.29,224.31,1
2022-06-27,2022-06-27 12:57:00,762.98,763.22,762.98,763.22,0.03,0.29,224.31,1
2022-06-27,2022-06-27 12:58:00,763.22,763.46,763.22,763.46,0.03,0.29,224.31,1
2022-06-27,2022-06-27 12:59:00,763.46,763.7,763.46,763.7,0.03,0.29,224.31,1
2022-06-27,2022-06-27 13:00:00,763.7,792.5,734.9,763.94,0.03,0.29,224.31,1
2022-06-27,2022-06-27 13:01:00,763.94,764.18,763.94,764.18,0.03,0.29,224.31,1
2022-06-27,2022-06-27 13:02:00,764.18,764.42,764.18,764.42,0.03,0.29,224.31,1
2022-06-27,2022-06-27 13:03:00,764.42,764.66,764.42,764.66,0.03,0.29,224.31,1
2022-06-27,2022-06-27 13:04:00,764.66,764.9,764.66,764.9,0.03,0.29,224.31,1
2022-06-27,2022-06-27 13:05:00,764.9,765.14,764.9,765.14,0.03,0.29,224.31,1
2022-06-27,2022-06-27 13:06:00,765.14,765.38,765.14,765.38,0.03,0.29,224.31,1
2022-06-27,2022-06-27 13:07:00,765.38,765.62,765.38,765.62,0.03,0.29,224.31,1
2022-06-27,2022-06-27 13:08:00,765.62,765.86,765.62,765.86,0.03,0.29,224.31,1
2022-06-27,2022-06-27 13:09:00,765.86,766.1,765.86,766.1,0.03,0.29,224.31,1
2022-06-27,2022-06-27 13:10:00,766.1,766.34,766.1,766.34,0.03,0.29,224.31,1
2022-06-27,2022-06-27 13:11:00,766.34,766.58,766.34,766.58,0.03,0.29,224.31,1
2022-06-27,2022-06-27 13:12:00,766.58,766.82,766.58,766.82,0.03,0.29,224.31,1
2022-06-27,2022-06-27 13:13:00,766.82,767.06,766.82,767.06,0.03,0.29,224.31,1
2022-06-27,2022-06-27 13:14:00,767.06,767.3,767.06,767.3,0.03,0.29,224.31,1
2022-06-27,2022-06-27 13:15:00,767.3,767.54,767.3,767.54,0.03,0.29,224.31,1
2022-06-27,2022-06-27 13:16:00,767.54,767.78,767.54,767.78,0.03,0.29,224.31,1
2022-06-27,2022-06-27 13:17:00,767.78,768.02,767.78,768.02,0.03,0.29,224.31,1
2022-06-27,2022-06-27 13:18:00,768.02,768.26,768.02,768.26,0.03,0.29,224.31,1
2022-06-27,2022-06-27 13:19:00,768.26,768.5,768.26,768.5,0.03,0.29,224.31,1
2022-06-27,2022-06-27 13:20:00,768.5,768.74,768.5,768.74,0.03,0.29,224.31,1
2022-06-27,2022-06-27 13:21:00,768.74,768.98,768.74,768.98,0.03,0.29,224.31,1
2022-06-27,2022-06-27 13:22:00,768.98,769.22,768.98,769.22,0.03,0.29,224.31,1
2022-06-27,2022-06-27 13:23:00,769.22,769.46,769.22,769.46,0.03,0.29,224.31,1
2022-06-27,2022-06-27 13:24:00,769.46,769.7,769.46,769.7,0.03,0.29,224.31,1
2022-06-27,2022-06-27 13:25:00,769.7,769.94,769.7,769.94,0.03,0.29,224.31,1
2022-06-27,2022-06-27 13:26:00,769.94,770.18,769.94,770.18,0.03,0.29,224.31,1
2022-06-27,2022-06-27 13:27:00,770.18,770.42,770.18,770.42,0.03,0.29,224.31,1
2022-06-27,2022-06-27 13:28:00,770.42,770.66,770.42,770.66,0.03,0.29,224.31,1
2022-06-27,2022-06-27 13:29:00,770.66,770.9,770.66,770.9,0.03,0.29,224.31,1
2022-06-27,2022-06-27 13:30:00,770.9,771.14,770.9,771.14,0.03,0.29,224.31,1
2022-06-27,2022-06-27 13:31:00,771.14,771.38,771.14,771.38,0.03,0.29,224.31,1
2022-06-27,2022-06-27 13:32:00,771.38,771.62,771.38,771.62,0.03,0.29,224.31,1
2022-06-27,2022-06-27 13:33:00,771.62,771.86,771.62,771.86,0.03,0.29,224.31,1
2022-06-27,2022-06-27 13:34:00,771.86,772.1,771.86,772.1,0.03,0.29,224.31,1
2022-06-27,2022-06-27 13:35:00,772.1,772.34,772.1,772.34,0.03,0.29,224.31,1
2022-06-27,2022-06-27 13:36:00,772.34,772.58,772.34,772.58,0.03,0.29,224.31,1
2022-06-27,2022-06-27 13:37:00,772.58,772.82,772.58,772.82,0.03,0.29,224.31,1
2022-06-27,2022-06-27 13:38:00,772.82,773.06,772.82,773.06,0.03,0.29,224.31,1
2022-06-27,2022-06-27 13:39:00,773.06,773.3,773.06,773.3,0.03,0.29,224.31,1
2022-06-27,2022-06-27 13:40:00,773.3,773.54,773.3,773.54,0.03,0.29,224.31,1
2022-06-27,2022-06-27 13:41:00,773.54,773.78,773.54,773.78,0.03,0.29,224.31,1
2022-06-27,2022-06-27 13:42:00,773.78,774.02,773.78,774.02,0.03,0.29,224.31,1
2022-06-27,2022-06-27 13:43:00,774.02,774.26,774.02,774.26,0.03,0.29,224.31,1
2022-06-27,2022-06-27 13:44:00,774.26,774.5,774.26,774.5,0.03,0.29,224.31,1
2022-06-27,2022-06-27 13:45:00,774.5,774.74,774.5,774.74,0.03,0.29,224.31,1
2022-06-27,2022-06-27 13:46:00,774.74,774.98,774.74,774.98,0.03,0.29,224.31,1
2022-06-27,2022-06-27 13:47:00,774.98,775.22,774.98,775.22,0.03,0.29,224.31,1
2022-06-27,2022-06-27 13:48:00,775.22,775.46,775.22,775.46,0.03,0.29,224.31,1
2022-06-27,2022-06-27 13:49:00,775.46,775.7,775.46,775.7,0.03,0.29,224.31,1
2022-06-27,2022-06-27 13:50:00,775.7,775.94,775.7,775.94,0.03,0.29,224.31,1
2022-06-27,2022-06-27 13:51:00,775.94,776.18,775.94,776.18,0.03,0.29,224.31,1
2022-06-27,2022-06-27 13:52:00,776.18,776.42,776.18,776.42,0.03,0.29,224.31,1
2022-06-27,2022-06-27 13:53:00,776.42,776.66,776.42,776.66,0.03,0.29,224.31,1
2022-06-27,2022-06-27 13:54:00,776.66,776.9,776.66,776.9,0.03,0.29,224.31,1
2022-06-27,2022-06-27 13:55:00,776.9,777.14,776.9,777.14,0.03,0.29,224.31,1
2022-06-27,2022-06-27 13:56:00,777.14,777.38,777.14,777.38,0.03,0.29,224.31,1
2022-06-27,2022-06-27 13:57:00,777.38,777.62,777.38,777.62,0.03,0.29,224.31,1
2022-06-27,2022-06-27 13:58:00,777.62,777.86,777.62,777.86,0.03,0.29,224.31,1
2022-06-27,2022-06-27 13:59:00,777.86,778.1,777.86,778.1,0.03,0.29,224.31,1
2022-06-27,2022-06-27 14:00:00,778.1,778.34,778.1,778.34,0.03,0.29,224.31,1
2022-06-27,2022-06-27 14:01:00,778.34,778.58,778.34,778.58,0.03,0.29,224.31,1
2022-06-27,2022-06-27 14:02:00,778.58,778.82,778.58,778.82,0.03,0.29,224.31,1
2022-06-27,2022-06-27 14:03:00,778.82,779.06,778.82,779.06,0.03,0.29,224.31,1
2022-06-27,2022-06-27 14:04:00,779.06,779.3,779.06,779.3,0.03,0.29,224.31,1
2022-06-27,2022-06-27 14:05:00,779.3,779.54,779.3,779.54,0.03,0.29,224.31,1
2022-06-27,2022-06-27 14:06:00,779.54,779.78,779.54,779.78,0.03,0.29,224.31,1
2022-06-27,2022-06-27 14:07:00,779.78,780.02,779.78,780.02,0.03,0.29,224.31,1
2022-06-27,2022-06-27 14:08:00,780.02,780.26,780.02,780.26,0.03,0.29,224.31,1
2022-06-27,2022-06-27 14:09:00,780.26,780.5,780.26,780.5,0.03,0.29,224.31,1
2022-06-27,2022-06-27 14:10:00,780.5,780.74,780.5,780.74,0.03,0.29,224.31,1
2022-06-27,2022-06-27 14:11:00,780.74,780.98,780.74,780.98,0.03,0.29,224.31,1
2022-06-27,2022-06-27 14:12:00,780.98,781.22,780.98,781.22,0.03,0.29,224.31,1
2022-06-27,2022-06-27 14:13:00,781.22,781.46,781.22,781.46,0.03,0.29,224.31,1
2022-06-27,2022-06-27 14:14:00,781.46,781.7,781.46,781.7,0.03,0.29,224.31,1
2022-06-27,2022-06-27 14:15:00,781.7,781.94,781.7,781.94,0.03,0.29,224.31,1
2022-06-27,2022-06-27 14:16:00,781.94,782.18,781.94,782.18,0.03,0.29,224.31,1
2022-06-27,2022-06-27 14:17:00,782.18,782.42,782.18,782.42,0.03,0.29,224.31,1
2022-06-27,2022-06-27 14:18:00,782.42,782.66,782.42,782.66,0.03,0.29,224.31,1
2022-06-27,2022-06-27 14:19:00,782.66,782.9,782.66,782.9,0.03,0.29,224.31,1
2022-06-27,2022-06-27 14:20:00,782.9,783.14,782.9,783.14,0.03,0.29,224.31,1
2022-06-27,2022-06-27 14:21:00,783.14,783.38,783.14,783.38,0.03,0.29,224.31,1
2022-06-27,2022-06-27 14:22:00,783.38,783.62,783.38,783.62,0.03,0.29,224.31,1
2022-06-27,2022-06-27 14:23:00,783.62,783.86,783.62,783.86,0.03,0.29,224.31,1
2022-06-27,2022-06-27 14:24:00,783.86,784.1,783.86,784.1,0.03,0.29,224.31,1
2022-06-27,2022-06-27 14:25:00,784.1,784.34,784.1,784.34,0.03,0.29,224.31,1
2022-06-27,2022-06-27 14:26:00,784.34,784.58,784.34,784.58,0.03,0.29,224.31,1
2022-06-27,2022-06-27 14:27:00,784.58,784.82,784.58,784.82,0.03,0.29,224.31,1
2022-06-27,2022-06-27 14:28:00,784.82,785.06,784.82,785.06,0.03,0.29,224.31,1
2022-06-27,2022-06-27 14:29:00,785.06,785.3,785.06,785.3,0.03,0.29,224.31,1
2022-06-27,2022-06-27 14:30:00,785.3,785.54,785.3,785.54,0.03,0.29,224.31,1
2022-06-27,2022-06-27 14:31:00,785.54,785.78,785.54,785.78,0.03,0.29,224.31,1
2022-06-27,2022-06-27 14:32:00,785.78,786.02,785.78,786.02,0.03,0.29,224.31,1
2022-06-27,2022-06-27 14:33:00,786.02,786.26,786.02,786.26,0.03,0.29,224.31,1
2022-06-27,2022-06-27 14:34:00,786.26,786.5,786.26,786.5,0.03,0.29,224.31,1
2022-06-27,2022-06-27 14:35:00,786.5,786.74,786.5,786.74,0.03,0.29,224.31,1
2022-06-27,2022-06-27 14:36:00,786.74,786.98,786.74,786.98,0.03,0.29,224.31,1
2022-06-27,2022-06-27 14:37:00,786.98,787.22,786.98,787.22,0.03,0.29,224.31,1
2022-06-27,2022-06-27 14:38:00,787.22,787.46,787.22,787.46,0.03,0.29,224.31,1
2022-06-27,2022-06-27 14:39:00,787.46,787.7,787.46,787.7,0.03,0.29,224.31,1
2022-06-27,2022-06-27 14:40:00,787.7,787.94,787.7,787.94,0.03,0.29,224.31,1
2022-06-27,2022-06-27 14:41:00,787.94,788.18,787.94,788.18,0.03,0.29,224.31,1
2022-06-27,2022-06-27 14:42:00,788.18,788.42,788.18,788.42,0.03,0.29,224.31,1
2022-06-27,2022-06-27 14:43:00,788.42,788.66,788.42,788.66,0.03,0.29,224.31,1
2022-06-27,2022-06-27 14:44:00,788.66,788.9,788.66,788.9,0.03,0.29,224.31,1
2022-06-27,2022-06-27 14:45:00,788.9,789.14,788.9,789.14,0.03,0.29,224.31,1
2022-06-27,2022-06-27 14:46:00,789.14,789.38,789.14,789.38,0.03,0.29,224.31,1
2022-06-27,2022-06-27 14:47:00,789.38,789.62,789.38,789.62,0.03,0.29,224.31,1
2022-06-27,2022-06-27 14:48:00,789.62,789.86,789.62,789.86,0.03,0.29,224.31,1
2022-06-27,2022-06-27 14:49:00,789.86,790.1,789.86,790.1,0.03,0.29,224.31,1
2022-06-27,2022-06-27 14:50:00,790.1,790.34,790.1,790.34,0.03,0.29,224.31,1
2022-06-27,2022-06-27 14:51:00,790.34,790.58,790.34,790.58,0.03,0.29,224.31,1
2022-06-27,2022-06-27 14:52:00,790.58,790.82,790.58,790.82,0.03,0.29,224.31,1
2022-06-27,2022-06-27 14:53:00,790.82,791.06,790.82,791.06,0.03,0.29,224.31,1
2022-06-27,2022-06-27 14:54:00,791.06,791.3,791.06,791.3,0.03,0.29,224.31,1
2022-06-27,2022-06-27 14:55:00,791.3,791.54,791.3,791.54,0.03,0.29,224.31,1
2022-06-27,2022-06-27 14:56:00,791.54,791.78,791.54,791.78,0.03,0.29,224.31,1
2022-06-27,2022-06-27 14:57:00,791.78,792.02,791.78,792.02,0.03,0.29,224.31,1
2022-06-27,2022-06-27 14:58:00,792.02,792.26,792.02,792.26,0.03,0.29,224.31,1
2022-06-27,2022-06-27 14:59:00,792.26,792.5,792.26,792.5,0.03,0.29,224.31,1
2022-06-27,2022-06-27 15:00:00,792.5,792.5,734.9,792.5,0.0,0.29,224.31,0
2022-06-28,2022-06-28 11:00:00,780.0,807.51,780.0,780.38,0.05,0.37,309.04,1
2022-06-28,2022-06-28 11:01:00,780.38,780.76,780.38,780.76,0.05,0.37,309.04,1
2022-06-28,2022-06-28 11:02:00,780.76,781.15,780.76,781.15,0.05,0.37,309.04,1
2022-06-28,2022-06-28 11:03:00,781.15,781.53,781.15,781.53,0.05,0.37,309.04,1
2022-06-28,2022-06-28 11:04:00,781.53,781.91,781.53,781.91,0.05,0.37,309.04,1
2022-06-28,2022-06-28 11:05:00,781.91,782.29,781.91,782.29,0.05,0.37,309.04,1
2022-06-28,2022-06-28 11:06:00,782.29,782.67,782.29,782.67,0.05,0.37,309.04,1
2022-06-28,2022-06-28 11:07:00,782.67,783.06,782.67,783.06,0.05,0.37,309.04,1
2022-06-28,2022-06-28 11:08:00,783.06,783.44,783.06,783.44,0.05,0.37,309.04,1
2022-06-28,2022-06-28 11:09:00,783.44,783.82,783.44,783.82,0.05,0.37,309.04,1
2022-06-28,2022-06-28 11:10:00,783.82,784.2,783.82,784.2,0.05,0.37,309.04,1
2022-06-28,2022-06-28 11:11:00,784.2,784.59,784.2,784.59,0.05,0.37,309.04,1
2022-06-28,2022-06-28 11:12:00,784.59,784.97,784.59,784.97,0.05,0.37,309.04,1
2022-06-28,2022-06-28 11:13:00,784.97,785.35,784.97,785.35,0.05,0.37,309.04,1
2022-06-28,2022-06-28 11:14:00,785.35,785.73,785.35,785.73,0.05,0.37,309.04,1
2022-06-28,2022-06-28 11:15:00,785.73,786.11,785.73,786.11,0.05,0.37,309.04,1
2022-06-28,2022-06-28 11:16:00,786.11,786.5,786.11,786.5,0.05,0.37,309.04,1
2022-06-28,2022-06-28 11:17:00,786.5,786.88,786.5,786.88,0.05,0.37,309.04,1
2022-06-28,2022-06-28 11:18:00,786.88,787.26,786.88,787.26,0.05,0.37,309.04,1
2022-06-28,2022-06-28 11:19:00,787.26,787.64,787.26,787.64,0.05,0.37,309.04,1
2022-06-28,2022-06-28 11:20:00,787.64,788.02,787.64,788.02,0.05,0.37,309.04,1
2022-06-28,2022-06-28 11:21:00,788.02,788.41,788.02,788.41,0.05,0.37,309.04,1
2022-06-28,2022-06-28 11:22:00,788.41,788.79,788.41,788.79,0.05,0.37,309.04,1
2022-06-28,2022-06-28 11:23:00,788.79,789.17,788.79,789.17,0.05,0.37,309.04,1
2022-06-28,2022-06-28 11:24:00,789.17,789.55,789.17,789.55,0.05,0.37,309.04,1
2022-06-28,2022-06-28 11:25:00,789.55,789.93,789.55,789.93,0.05,0.37,309.04,1
2022-06-28,2022-06-28 11:26:00,789.93,790.32,789.93,790.32,0.05,0.37,309.04,1
2022-06-28,2022-06-28 11:27:00,790.32,790.7,790.32,790.7,0.05,0.37,309.04,1
2022-06-28,2022-06-28 11:28:00,790.7,791.08,790.7,791.08,0.05,0.37,309.04,1
2022-06-28,2022-06-28 11:29:00,791.08,791.46,791.08,791.46,0.05,0.37,309.04,1
2022-06-28,2022-06-28 11:30:00,791.46,791.84,791.46,791.84,0.05,0.37,309.04,1
2022-06-28,2022-06-28 11:31:00,791.84,792.23,791.84,792.23,0.05,0.37,309.04,1
2022-06-28,2022-06-28 11:32:00,792.23,792.61,792.23,792.61,0.05,0.37,309.04,1
2022-06-28,2022-06-28 11:33:00,792.61,792.99,792.61,792.99,0.05,0.37,309.04,1
2022-06-28,2022-06-28 11:34:00,792.99,793.37,792.99,793.37,0.05,0.37,309.04,1
2022-06-28,2022-06-28 11:35:00,793.37,793.75,793.37,793.75,0.05,0.37,309.04,1
2022-06-28,2022-06-28 11:36:00,793.75,794.14,793.75,794.14,0.05,0.37,309.04,1
2022-06-28,2022-06-28 11:37:00,794.14,794.52,794.14,794.52,0.05,0.37,309.04,1
2022-06-28,2022-06-28 11:38:00,794.52,794.9,794.52,794.9,0.05,0.37,309.04,1
2022-06-28,2022-06-28 11:39:00,794.9,795.28,794.9,795.28,0.05,0.37,309.04,1
2022-06-28,2022-06-28 11:40:00,795.28,795.67,795.28,795.67,0.05,0.37,309.04,1
2022-06-28,2022-06-28 11:41:00,795.67,796.05,795.67,796.05,0.05,0.37,309.04,1
2022-06-28,2022-06-28 11:42:00,796.05,796.43,796.05,796.43,0.05,0.37,309.04,1
2022-06-28,2022-06-28 11:43:00,796.43,796.81,796.43,796.81,0.05,0.37,309.04,1
2022-06-28,2022-06-28 11:44:00,796.81,797.19,796.81,797.19,0.05,0.37,309.04,1
2022-06-28,2022-06-28 11:45:00,797.19,797.58,797.19,797.58,0.05,0.37,309.04,1
2022-06-28,2022-06-28 11:46:00,797.58,797.96,797.58,797.96,0.05,0.37,309.04,1
2022-06-28,2022-06-28 11:47:00,797.96,798.34,797.96,798.34,0.05,0.37,309.04,1
2022-06-28,2022-06-28 11:48:00,798.34,798.72,798.34,798.72,0.05,0.37,309.04,1
2022-06-28,2022-06-28 11:49:00,798.72,799.1,798.72,799.1,0.05,0.37,309.04,1
2022-06-28,2022-06-28 11:50:00,799.1,799.49,799.1,799.49,0.05,0.37,309.04,1
2022-06-28,2022-06-28 11:51:00,799.49,799.87,799.49,799.87,0.05,0.37,309.04,1
2022-06-28,2022-06-28 11:52:00,799.87,800.25,799.87,800.25,0.05,0.37,309.04,1
2022-06-28,2022-06-28 11:53:00,800.25,800.63,800.25,800.63,0.05,0.37,309.04,1
2022-06-28,2022-06-28 11:54:00,800.63,801.01,800.63,801.01,0.05,0.37,309.04,1
2022-06-28,2022-06-28 11:55:00,801.01,801.4,801.01,801.4,0.05,0.37,309.04,1
2022-06-28,2022-06-28 11:56:00,801.4,801.78,801.4,801.78,0.05,0.37,309.04,1
2022-06-28,2022-06-28 11:57:00,801.78,802.16,801.78,802.16,0.05,0.37,309.04,1
2022-06-28,2022-06-28 11:58:00,802.16,802.54,802.16,802.54,0.05,0.37,309.04,1
2022-06-28,2022-06-28 11:59:00,802.54,802.92,802.54,802.92,0.05,0.37,309.04,1
2022-06-28,2022-06-28 12:00:00,802.92,803.31,802.92,803.31,0.05,0.37,309.04,1
2022-06-28,2022-06-28 12:01:00,803.31,803.69,803.31,803.69,0.05,0.37,309.04,1
2022-06-28,2022-06-28 12:02:00,803.69,804.07,803.69,804.07,0.05,0.37,309.04,1
2022-06-28,2022-06-28 12:03:00,804.07,804.45,804.07,804.45,0.05,0.37,309.04,1
2022-06-28,2022-06-28 12:04:00,804.45,804.84,804.45,804.84,0.05,0.37,309.04,1
2022-06-28,2022-06-28 12:05:00,804.84,805.22,804.84,805.22,0.05,0.37,309.04,1
2022-06-28,2022-06-28 12:06:00,805.22,805.6,805.22,805.6,0.05,0.37,309.04,1
2022-06-28,2022-06-28 12:07:00,805.6,805.98,805.6,805.98,0.05,0.37,309.04,1
2022-06-28,2022-06-28 12:08:00,805.98,806.36,805.98,806.36,0.05,0.37,309.04,1
2022-06-28,2022-06-28 12:09:00,806.36,806.75,806.36,806.75,0.05,0.37,309.04,1
2022-06-28,2022-06-28 12:10:00,806.75,807.13,806.75,807.13,0.05,0.37,309.04,1
2022-06-28,2022-06-28 12:11:00,807.13,807.51,807.13,807.51,0.05,0.37,309.04,1
2022-06-28,2022-06-28 12:12:00,807.51,807.89,807.51,807.89,0.05,0.37,309.04,1
2022-06-28,2022-06-28 12:13:00,807.89,808.27,807.89,808.27,0.05,0.37,309.04,1
2022-06-28,2022-06-28 12:14:00,808.27,808.66,808.27,808.66,0.05,0.37,309.04,1
2022-06-28,2022-06-28 12:15:00,808.66,809.04,808.66,809.04,0.05,0.37,309.04,1
2022-06-28,2022-06-28 12:16:00,809.04,809.42,809.04,809.42,0.05,0.37,309.04,1
2022-06-28,2022-06-28 12:17:00,809.42,809.8,809.42,809.8,0.05,0.37,309.04,1
2022-06-28,2022-06-28 12:18:00,809.8,810.18,809.8,810.18,0.05,0.37,309.04,1
2022-06-28,2022-06-28 12:19:00,810.18,810.57,810.18,810.57,0.05,0.37,309.04,1
2022-06-28,2022-06-28 12:20:00,810.57,810.95,810.57,810.95,0.05,0.37,309.04,1
2022-06-28,2022-06-28 12:21:00,810.95,811.33,810.95,811.33,0.05,0.37,309.04,1
2022-06-28,2022-06-28 12:22:00,811.33,811.71,811.33,811.71,0.05,0.37,309.04,1
2022-06-28,2022-06-28 12:23:00,811.71,812.1,811.71,812.1,0.05,0.37,309.04,1
2022-06-28,2022-06-28 12:24:00,812.1,812.48,812.1,812.48,0.05,0.37,309.04,1
2022-06-28,2022-06-28 12:25:00,812.48,812.86,812.48,812.86,0.05,0.37,309.04,1
2022-06-28,2022-06-28 12:26:00,812.86,813.24,812.86,813.24,0.05,0.37,309.04,1
2022-06-28,2022-06-28 12:27:00,813.24,813.62,813.24,813.62,0.05,0.37,309.04,1
2022-06-28,2022-06-28 12:28:00,813.62,814.01,813.62,814.01,0.05,0.37,309.04,1
2022-06-28,2022-06-28 12:29:00,814.01,814.39,814.01,814.39,0.05,0.37,309.04,1
2022-06-28,2022-06-28 12:30:00,814.39,814.77,814.39,814.77,0.05,0.37,309.04,1
2022-06-28,2022-06-28 12:31:00,814.77,815.15,814.77,815.15,0.05,0.37,309.04,1
2022-06-28,2022-06-28 12:32:00,815.15,815.53,815.15,815.53,0.05,0.37,309.04,1
2022-06-28,2022-06-28 12:33:00,815.53,815.92,815.53,815.92,0.05,0.37,309.04,1
2022-06-28,2022-06-28 12:34:00,815.92,816.3,815.92,816.3,0.05,0.37,309.04,1
2022-06-28,2022-06-28 12:35:00,816.3,816.68,816.3,816.68,0.05,0.37,309.04,1
2022-06-28,2022-06-28 12:36:00,816.68,817.06,816.68,817.06,0.05,0.37,309.04,1
2022-06-28,2022-06-28 12:37:00,817.06,817.44,817.06,817.44,0.05,0.37,309.04,1
2022-06-28,2022-06-28 12:38:00,817.44,817.83,817.44,817.83,0.05,0.37,309.04,1
2022-06-28,2022-06-28 12:39:00,817.83,818.21,817.83,818.21,0.05,0.37,309.04,1
2022-06-28,2022-06-28 12:40:00,818.21,818.59,818.21,818.59,0.05,0.37,309.04,1
2022-06-28,2022-06-28 12:41:00,818.59,818.97,818.59,818.97,0.05,0.37,309.04,1
2022-06-28,2022-06-28 12:42:00,818.97,819.35,818.97,819.35,0.05,0.37,309.04,1
2022-06-28,2022-06-28 12:43:00,819.35,819.74,819.35,819.74,0.05,0.37,309.04,1
2022-06-28,2022-06-28 12:44:00,819.74,820.12,819.74,820.12,0.05,0.37,309.04,1
2022-06-28,2022-06-28 12:45:00,820.12,820.5,820.12,820.5,0.05,0.37,309.04,1
2022-06-28,2022-06-28 12:46:00,820.5,820.88,820.5,820.88,0.05,0.37,309.04,1
2022-06-28,2022-06-28 12:47:00,820.88,821.26,820.88,821.26,0.05,0.37,309.04,1
2022-06-28,2022-06-28 12:48:00,821.26,821.65,821.26,821.65,0.05,0.37,309.04,1
2022-06-28,2022-06-28 12:49:00,821.65,822.03,821.65,822.03,0.05,0.37,309.04,1
2022-06-28,2022-06-28 12:50:00,822.03,822.41,822.03,822.41,0.05,0.37,309.04,1
2022-06-28,2022-06-28 12:51:00,822.41,822.79,822.41,822.79,0.05,0.37,309.04,1
2022-06-28,2022-06-28 12:52:00,822.79,823.18,822.79,823.18,0.05,0.37,309.04,1
2022-06-28,2022-06-28 12:53:00,823.18,823.56,823.18,823.56,0.05,0.37,309.04,1
2022-06-28,2022-06-28 12:54:00,823.56,823.94,823.56,823.94,0.05,0.37,309.04,1
2022-06-28,2022-06-28 12:55:00,823.94,824.32,823.94,824.32,0.05,0.37,309.04,1
2022-06-28,2022-06-28 12:56:00,824.32,824.7,824.32,824.7,0.05,0.37,309.04,1
2022-06-28,2022-06-28 12:57:00,824.7,825.09,824.7,825.09,0.05,0.37,309.04,1
2022-06-28,2022-06-28 12:58:00,825.09,825.47,825.09,825.47,0.05,0.37,309.04,1
2022-06-28,2022-06-28 12:59:00,825.47,825.85,825.47,825.85,0.05,0.37,309.04,1
2022-06-28,2022-06-28 13:00:00,825.85,871.7,780.0,826.23,0.05,0.37,309.04,1
2022-06-28,2022-06-28 13:01:00,826.23,826.61,826.23,826.61,0.05,0.37,309.04,1
2022-06-28,2022-06-28 13:02:00,826.61,827.0,826.61,827.0,0.05,0.37,309.04,1
2022-06-28,2022-06-28 13:03:00,827.0,827.38,827.0,827.38,0.05,0.37,309.04,1
2022-06-28,2022-06-28 13:04:00,827.38,827.76,827.38,827.76,0.05,0.37,309.04,1
2022-06-28,2022-06-28 13:05:00,827.76,828.14,827.76,828.14,0.05,0.37,309.04,1
2022-06-28,2022-06-28 13:06:00,828.14,828.52,828.14,828.52,0.05,0.37,309.04,1
2022-06-28,2022-06-28 13:07:00,828.52,828.91,828.52,828.91,0.05,0.37,309.04,1
2022-06-28,2022-06-28 13:08:00,828.91,829.29,828.91,829.29,0.05,0.37,309.04,1
2022-06-28,2022-06-28 13:09:00,829.29,829.67,829.29,829.67,0.05,0.37,309.04,1
2022-06-28,2022-06-28 13:10:00,829.67,830.05,829.67,830.05,0.05,0.37,309.04,1
2022-06-28,2022-06-28 13:11:00,830.05,830.44,830.05,830.44,0.05,0.37,309.04,1
2022-06-28,2022-06-28 13:12:00,830.44,830.82,830.44,830.82,0.05,0.37,309.04,1
2022-06-28,2022-06-28 13:13:00,830.82,831.2,830.82,831.2,0.05,0.37,309.04,1
2022-06-28,2022-06-28 13:14:00,831.2,831.58,831.2,831.58,0.05,0.37,309.04,1
2022-06-28,2022-06-28 13:15:00,831.58,831.96,831.58,831.96,0.05,0.37,309.04,1
2022-06-28,2022-06-28 13:16:00,831.96,832.35,831.96,832.35,0.05,0.37,309.04,1
2022-06-28,2022-06-28 13:17:00,832.35,832.73,832.35,832.73,0.05,0.37,309.04,1
2022-06-28,2022-06-28 13:18:00,832.73,833.11,832.73,833.11,0.05,0.37,309.04,1
2022-06-28,2022-06-28 13:19:00,833.11,833.49,833.11,833.49,0.05,0.37,309.04,1
2022-06-28,2022-06-28 13:20:00,833.49,833.87,833.49,833.87,0.05,0.37,309.04,1
2022-06-28,2022-06-28 13:21:00,833.87,834.26,833.87,834.26,0.05,0.37,309.04,1
2022-06-28,2022-06-28 13:22:00,834.26,834.64,834.26,834.64,0.05,0.37,309.04,1
2022-06-28,2022-06-28 13:23:00,834.64,835.02,834.64,835.02,0.05,0.37,309.04,1
2022-06-28,2022-06-28 13:24:00,835.02,835.4,835.02,835.4,0.05,0.37,309.04,1
2022-06-28,2022-06-28 13:25:00,835.4,835.78,835.4,835.78,0.05,0.37,309.04,1
2022-06-28,2022-06-28 13:26:00,835.78,836.17,835.78,836.17,0.05,0.37,309.04,1
2022-06-28,2022-06-28 13:27:00,836.17,836.55,836.17,836.55,0.05,0.37,309.04,1
2022-06-28,2022-06-28 13:28:00,836.55,836.93,836.55,836.93,0.05,0.37,309.04,1
2022-06-28,2022-06-28 13:29:00,836.93,837.31,836.93,837.31,0.05,0.37,309.04,1
2022-06-28,2022-06-28 13:30:00,837.31,837.69,837.31,837.69,0.05,0.37,309.04,1
2022-06-28,2022-06-28 13:31:00,837.69,838.08,837.69,838.08,0.05,0.37,309.04,1
2022-06-28,2022-06-28 13:32:00,838.08,838.46,838.08,838.46,0.05,0.37,309.04,1
2022-06-28,2022-06-28 13:33:00,838.46,838.84,838.46,838.84,0.05,0.37,309.04,1
2022-06-28,2022-06-28 13:34:00,838.84,839.22,838.84,839.22,0.05,0.37,309.04,1
2022-06-28,2022-06-28 13:35:00,839.22,839.61,839.22,839.61,0.05,0.37,309.04,1
2022-06-28,2022-06-28 13:36:00,839.61,839.99,839.61,839.99,0.05,0.37,309.04,1
2022-06-28,2022-06-28 13:37:00,839.99,840.37,839.99,840.37,0.05,0.37,309.04,1
2022-06-28,2022-06-28 13:38:00,840.37,840.75,840.37,840.75,0.05,0.37,309.04,1
2022-06-28,2022-06-28 13:39:00,840.75,841.13,840.75,841.13,0.05,0.37,309.04,1
2022-06-28,2022-06-28 13:40:00,841.13,841.52,841.13,841.52,0.05,0.37,309.04,1
2022-06-28,2022-06-28 13:41:00,841.52,841.9,841.52,841.9,0.05,0.37,309.04,1
2022-06-28,2022-06-28 13:42:00,841.9,842.28,841.9,842.28,0.05,0.37,309.04,1
2022-06-28,2022-06-28 13:43:00,842.28,842.66,842.28,842.66,0.05,0.37,309.04,1
2022-06-28,2022-06-28 13:44:00,842.66,843.04,842.66,843.04,0.05,0.37,309.04,1
2022-06-28,2022-06-28 13:45:00,843.04,843.43,843.04,843.43,0.05,0.37,309.04,1
2022-06-28,2022-06-28 13:46:00,843.43,843.81,843.43,843.81,0.05,0.37,309.04,1
2022-06-28,2022-06-28 13:47:00,843.81,844.19,843.81,844.19,0.05,0.37,309.04,1
2022-06-28,2022-06-28 13:48:00,844.19,844.57,844.19,844.57,0.05,0.37,309.04,1
2022-06-28,2022-06-28 13:49:00,844.57,844.95,844.57,844.95,0.04,0.37,309.04,1
2022-06-28,2022-06-28 13:50:00,844.95,845.34,844.95,845.34,0.05,0.37,309.04,1
2022-06-28,2022-06-28 13:51:00,845.34,845.72,845.34,845.72,0.04,0.37,309.04,1
2022-06-28,2022-06-28 13:52:00,845.72,846.1,845.72,846.1,0.04,0.37,309.04,1
2022-06-28,2022-06-28 13:53:00,846.1,846.48,846.1,846.48,0.04,0.37,309.04,1
2022-06-28,2022-06-28 13:54:00,846.48,846.86,846.48,846.86,0.04,0.37,309.04,1
2022-06-28,2022-06-28 13:55:00,846.86,847.25,846.86,847.25,0.05,0.37,309.04,1
2022-06-28,2022-06-28 13:56:00,847.25,847.63,847.25,847.63,0.04,0.37,309.04,1
2022-06-28,2022-06-28 13:57:00,847.63,848.01,847.63,848.01,0.04,0.37,309.04,1
2022-06-28,2022-06-28 13:58:00,848.01,848.39,848.01,848.39,0.04,0.37,309.04,1
2022-06-28,2022-06-28 13:59:00,848.39,848.78,848.39,848.78,0.05,0.37,309.04,1
2022-06-28,2022-06-28 14:00:00,848.78,849.16,848.78,849.16,0.04,0.37,309.04,1
2022-06-28,2022-06-28 14:01:00,849.16,849.54,849.16,849.54,0.04,0.37,309.04,1
2022-06-28,2022-06-28 14:02:00,849.54,849.92,849.54,849.92,0.04,0.37,309.04,1
2022-06-28,2022-06-28 14:03:00,849.92,850.3,849.92,850.3,0.04,0.37,309.04,1
2022-06-28,2022-06-28 14:04:00,850.3,850.69,850.3,850.69,0.05,0.37,309.04,1
2022-06-28,2022-06-28 14:05:00,850.69,851.07,850.69,851.07,0.04,0.37,309.04,1
2022-06-28,2022-06-28 14:06:00,851.07,851.45,851.07,851.45,0.04,0.37,309.04,1
2022-06-28,2022-06-28 14:07:00,851.45,851.83,851.45,851.83,0.04,0.37,309.04,1
2022-06-28,2022-06-28 14:08:00,851.83,852.21,851.83,852.21,0.04,0.37,309.04,1
2022-06-28,2022-06-28 14:09:00,852.21,852.6,852.21,852.6,0.05,0.37,309.04,1
2022-06-28,2022-06-28 14:10:00,852.6,852.98,852.6,852.98,0.04,0.37,309.04,1
2022-06-28,2022-06-28 14:11:00,852.98,853.36,852.98,853.36,0.04,0.37,309.04,1
2022-06-28,2022-06-28 14:12:00,853.36,853.74,853.36,853.74,0.04,0.37,309.04,1
2022-06-28,2022-06-28 14:13:00,853.74,854.12,853.74,854.12,0.04,0.37,309.04,1
2022-06-28,2022-06-28 14:14:00,854.12,854.51,854.12,854.51,0.05,0.37,309.04,1
2022-06-28,2022-06-28 14:15:00,854.51,854.89,854.51,854.89,0.04,0.37,309.04,1
2022-06-28,2022-06-28 14:16:00,854.89,855.27,854.89,855.27,0.04,0.37,309.04,1
2022-06-28,2022-06-28 14:17:00,855.27,855.65,855.27,855.65,0.04,0.37,309.04,1
2022-06-28,2022-06-28 14:18:00,855.65,856.03,855.65,856.03,0.04,0.37,309.04,1
2022-06-28,2022-06-28 14:19:00,856.03,856.42,856.03,856.42,0.05,0.37,309.04,1
2022-06-28,2022-06-28 14:20:00,856.42,856.8,856.42,856.8,0.04,0.37,309.04,1
2022-06-28,2022-06-28 14:21:00,856.8,857.18,856.8,857.18,0.04,0.37,309.04,1
2022-06-28,2022-06-28 14:22:00,857.18,857.56,857.18,857.56,0.04,0.37,309.04,1
2022-06-28,2022-06-28 14:23:00,857.56,857.95,857.56,857.95,0.05,0.37,309.04,1
2022-06-28,2022-06-28 14:24:00,857.95,858.33,857.95,858.33,0.04,0.37,309.04,1
2022-06-28,2022-06-28 14:25:00,858.33,858.71,858.33,858.71,0.04,0.37,309.04,1
2022-06-28,2022-06-28 14:26:00,858.71,859.09,858.71,859.09,0.04,0.37,309.04,1
2022-06-28,2022-06-28 14:27:00,859.09,859.47,859.09,859.47,0.04,0.37,309.04,1
2022-06-28,2022-06-28 14:28:00,859.47,859.86,859.47,859.86,0.05,0.37,309.04,1
2022-06-28,2022-06-28 14:29:00,859.86,860.24,859.86,860.24,0.04,0.37,309.04,1
2022-06-28,2022-06-28 14:30:00,860.24,860.62,860.24,860.62,0.04,0.37,309.04,1
2022-06-28,2022-06-28 14:31:00,860.62,861.0,860.62,861.0,0.04,0.37,309.04,1
2022-06-28,2022-06-28 14:32:00,861.0,861.38,861.0,861.38,0.04,0.37,309.04,1
2022-06-28,2022-06-28 14:33:00,861.38,861.77,861.38,861.77,0.05,0.37,309.04,1
2022-06-28,2022-06-28 14:34:00,861.77,862.15,861.77,862.15,0.04,0.37,309.04,1
2022-06-28,2022-06-28 14:35:00,862.15,862.53,862.15,862.53,0.04,0.37,309.04,1
2022-06-28,2022-06-28 14:36:00,862.53,862.91,862.53,862.91,0.04,0.37,309.04,1
2022-06-28,2022-06-28 14:37:00,862.91,863.29,862.91,863.29,0.04,0.37,309.04,1
2022-06-28,2022-06-28 14:38:00,863.29,863.68,863.29,863.68,0.05,0.37,309.04,1
2022-06-28,2022-06-28 14:39:00,863.68,864.06,863.68,864.06,0.04,0.37,309.04,1
2022-06-28,2022-06-28 14:40:00,864.06,864.44,864.06,864.44,0.04,0.37,309.04,1
2022-06-28,2022-06-28 14:41:00,864.44,864.82,864.44,864.82,0.04,0.37,309.04,1
2022-06-28,2022-06-28 14:42:00,864.82,865.2,864.82,865.2,0.04,0.37,309.04,1
2022-06-28,2022-06-28 14:43:00,865.2,865.59,865.2,865.59,0.05,0.37,309.04,1
2022-06-28,2022-06-28 14:44:00,865.59,865.97,865.59,865.97,0.04,0.37,309.04,1
2022-06-28,2022-06-28 14:45:00,865.97,866.35,865.97,866.35,0.04,0.37,309.04,1
2022-06-28,2022-06-28 14:46:00,866.35,866.73,866.35,866.73,0.04,0.37,309.04,1
2022-06-28,2022-06-28 14:47:00,866.73,867.12,866.73,867.12,0.04,0.37,309.04,1
2022-06-28,2022-06-28 14:48:00,867.12,867.5,867.12,867.5,0.04,0.37,309.04,1
2022-06-28,2022-06-28 14:49:00,867.5,867.88,867.5,867.88,0.04,0.37,309.04,1
2022-06-28,2022-06-28 14:50:00,867.88,868.26,867.88,868.26,0.04,0.37,309.04,1
2022-06-28,2022-06-28 14:51:00,868.26,868.64,868.26,868.64,0.04,0.37,309.04,1
2022-06-28,2022-06-28 14:52:00,868.64,869.03,868.64,869.03,0.04,0.37,309.04,1
2022-06-28,2022-06-28 14:53:00,869.03,869.41,869.03,869.41,0.04,0.37,309.04,1
2022-06-28,2022-06-28 14:54:00,869.41,869.79,869.41,869.79,0.04,0.37,309.04,1
2022-06-28,2022-06-28 14:55:00,869.79,870.17,869.79,870.17,0.04,0.37,309.04,1
2022-06-28,2022-06-28 14:56:00,870.17,870.55,870.17,870.55,0.04,0.37,309.04,1
2022-06-28,2022-06-28 14:57:00,870.55,870.94,870.55,870.94,0.04,0.37,309.04,1
2022-06-28,2022-06-28 14:58:00,870.94,871.32,870.94,871.32,0.04,0.37,309.04,1
2022-06-28,2022-06-28 14:59:00,871.32,871.7,871.32,871.7,0.04,0.37,309.04,1
2022-06-28,2022-06-28 15:00:00,871.7,871.7,780.0,871.7,0.0,0.37,309.04,0
2022-06-29,2022-06-29 11:00:00,889.1,910.01,889.1,889.39,0.03,0.33,311.17,1
2022-06-29,2022-06-29 11:01:00,889.39,889.68,889.39,889.68,0.03,0.33,311.17,1
2022-06-29,2022-06-29 11:02:00,889.68,889.97,889.68,889.97,0.03,0.33,311.17,1
2022-06-29,2022-06-29 11:03:00,889.97,890.26,889.97,890.26,0.03,0.33,311.17,1
2022-06-29,2022-06-29 11:04:00,890.26,890.55,890.26,890.55,0.03,0.33,311.17,1
2022-06-29,2022-06-29 11:05:00,890.55,890.84,890.55,890.84,0.03,0.33,311.17,1
2022-06-29,2022-06-29 11:06:00,890.84,891.13,890.84,891.13,0.03,0.33,311.17,1
2022-06-29,2022-06-29 11:07:00,891.13,891.42,891.13,891.42,0.03,0.33,311.17,1
2022-06-29,2022-06-29 11:08:00,891.42,891.71,891.42,891.71,0.03,0.33,311.17,1
2022-06-29,2022-06-29 11:09:00,891.71,892.0,891.71,892.0,0.03,0.33,311.17,1
2022-06-29,2022-06-29 11:10:00,892.0,892.29,892.0,892.29,0.03,0.33,311.17,1
2022-06-29,2022-06-29 11:11:00,892.29,892.59,892.29,892.59,0.03,0.33,311.17,1
2022-06-29,2022-06-29 11:12:00,892.59,892.88,892.59,892.88,0.03,0.33,311.17,1
2022-06-29,2022-06-29 11:13:00,892.88,893.17,892.88,893.17,0.03,0.33,311.17,1
2022-06-29,2022-06-29 11:14:00,893.17,893.46,893.17,893.46,0.03,0.33,311.17,1
2022-06-29,2022-06-29 11:15:00,893.46,893.75,893.46,893.75,0.03,0.33,311.17,1
2022-06-29,2022-06-29 11:16:00,893.75,894.04,893.75,894.04,0.03,0.33,311.17,1
2022-06-29,2022-06-29 11:17:00,894.04,894.33,894.04,894.33,0.03,0.33,311.17,1
2022-06-29,2022-06-29 11:18:00,894.33,894.62,894.33,894.62,0.03,0.33,311.17,1
2022-06-29,2022-06-29 11:19:00,894.62,894.91,894.62,894.91,0.03,0.33,311.17,1
2022-06-29,2022-06-29 11:20:00,894.91,895.2,894.91,895.2,0.03,0.33,311.17,1
2022-06-29,2022-06-29 11:21:00,895.2,895.49,895.2,895.49,0.03,0.33,311.17,1
2022-06-29,2022-06-29 11:22:00,895.49,895.78,895.49,895.78,0.03,0.33,311.17,1
2022-06-29,2022-06-29 11:23:00,895.78,896.07,895.78,896.07,0.03,0.33,311.17,1
2022-06-29,2022-06-29 11:24:00,896.07,896.36,896.07,896.36,0.03,0.33,311.17,1
2022-06-29,2022-06-29 11:25:00,896.36,896.65,896.36,896.65,0.03,0.33,311.17,1
2022-06-29,2022-06-29 11:26:00,896.65,896.94,896.65,896.94,0.03,0.33,311.17,1
2022-06-29,2022-06-29 11:27:00,896.94,897.23,896.94,897.23,0.03,0.33,311.17,1
2022-06-29,2022-06-29 11:28:00,897.23,897.52,897.23,897.52,0.03,0.33,311.17,1
2022-06-29,2022-06-29 11:29:00,897.52,897.81,897.52,897.81,0.03,0.33,311.17,1
2022-06-29,2022-06-29 11:30:00,897.81,898.1,897.81,898.1,0.03,0.33,311.17,1
2022-06-29,2022-06-29 11:31:00,898.1,898.39,898.1,898.39,0.03,0.33,311.17,1
2022-06-29,2022-06-29 11:32:00,898.39,898.68,898.39,898.68,0.03,0.33,311.17,1
2022-06-29,2022-06-29 11:33:00,898.68,898.97,898.68,898.97,0.03,0.33,311.17,1
2022-06-29,2022-06-29 11:34:00,898.97,899.26,898.97,899.26,0.03,0.33,311.17,1
2022-06-29,2022-06-29 11:35:00,899.26,899.56,899.26,899.56,0.03,0.33,311.17,1
2022-06-29,2022-06-29 11:36:00,899.56,899.85,899.56,899.85,0.03,0.33,311.17,1
2022-06-29,2022-06-29 11:37:00,899.85,900.14,899.85,900.14,0.03,0.33,311.17,1
2022-06-29,2022-06-29 11:38:00,900.14,900.43,900.14,900.43,0.03,0.33,311.17,1
2022-06-29,2022-06-29 11:39:00,900.43,900.72,900.43,900.72,0.03,0.33,311.17,1
2022-06-29,2022-06-29 11:40:00,900.72,901.01,900.72,901.01,0.03,0.33,311.17,1
2022-06-29,2022-06-29 11:41:00,901.01,901.3,901.01,901.3,0.03,0.33,311.17,1
2022-06-29,2022-06-29 11:42:00,901.3,901.59,901.3,901.59,0.03,0.33,311.17,1
2022-06-29,2022-06-29 11:43:00,901.59,901.88,901.59,901.88,0.03,0.33,311.17,1
2022-06-29,2022-06-29 11:44:00,901.88,902.17,901.88,902.17,0.03,0.33,311.17,1
2022-06-29,2022-06-29 11:45:00,902.17,902.46,902.17,902.46,0.03,0.33,311.17,1
2022-06-29,2022-06-29 11:46:00,902.46,902.75,902.46,902.75,0.03,0.33,311.17,1
2022-06-29,2022-06-29 11:47:00,902.75,903.04,902.75,903.04,0.03,0.33,311.17,1
2022-06-29,2022-06-29 11:48:00,903.04,903.33,903.04,903.33,0.03,0.33,311.17,1
2022-06-29,2022-06-29 11:49:00,903.33,903.62,903.33,903.62,0.03,0.33,311.17,1
2022-06-29,2022-06-29 11:50:00,903.62,903.91,903.62,903.91,0.03,0.33,311.17,1
2022-06-29,2022-06-29 11:51:00,903.91,904.2,903.91,904.2,0.03,0.33,311.17,1
2022-06-29,2022-06-29 11:52:00,904.2,904.49,904.2,904.49,0.03,0.33,311.17,1
2022-06-29,2022-06-29 11:53:00,904.49,904.78,904.49,904.78,0.03,0.33,311.17,1
2022-06-29,2022-06-29 11:54:00,904.78,905.07,904.78,905.07,0.03,0.33,311.17,1
2022-06-29,2022-06-29 11:55:00,905.07,905.36,905.07,905.36,0.03,0.33,311.17,1
2022-06-29,2022-06-29 11:56:00,905.36,905.65,905.36,905.65,0.03,0.33,311.17,1
2022-06-29,2022-06-29 11:57:00,905.65,905.94,905.65,905.94,0.03,0.33,311.17,1
2022-06-29,2022-06-29 11:58:00,905.94,906.23,905.94,906.23,0.03,0.33,311.17,1
2022-06-29,2022-06-29 11:59:00,906.23,906.52,906.23,906.52,0.03,0.33,311.17,1
2022-06-29,2022-06-29 12:00:00,906.52,906.82,906.52,906.82,0.03,0.33,311.17,1
2022-06-29,2022-06-29 12:01:00,906.82,907.11,906.82,907.11,0.03,0.33,311.17,1
2022-06-29,2022-06-29 12:02:00,907.11,907.4,907.11,907.4,0.03,0.33,311.17,1
2022-06-29,2022-06-29 12:03:00,907.4,907.69,907.4,907.69,0.03,0.33,311.17,1
2022-06-29,2022-06-29 12:04:00,907.69,907.98,907.69,907.98,0.03,0.33,311.17,1
2022-06-29,2022-06-29 12:05:00,907.98,908.27,907.98,908.27,0.03,0.33,311.17,1
2022-06-29,2022-06-29 12:06:00,908.27,908.56,908.27,908.56,0.03,0.33,311.17,1
2022-06-29,2022-06-29 12:07:00,908.56,908.85,908.56,908.85,0.03,0.33,311.17,1
2022-06-29,2022-06-29 12:08:00,908.85,909.14,908.85,909.14,0.03,0.33,311.17,1
2022-06-29,2022-06-29 12:09:00,909.14,909.43,909.14,909.43,0.03,0.33,311.17,1
2022-06-29,2022-06-29 12:10:00,909.43,909.72,909.43,909.72,0.03,0.33,311.17,1
2022-06-29,2022-06-29 12:11:00,909.72,910.01,909.72,910.01,0.03,0.33,311.17,1
2022-06-29,2022-06-29 12:12:00,910.01,910.3,910.01,910.3,0.03,0.33,311.17,1
2022-06-29,2022-06-29 12:13:00,910.3,910.59,910.3,910.59,0.03,0.33,311.17,1
2022-06-29,2022-06-29 12:14:00,910.59,910.88,910.59,910.88,0.03,0.33,311.17,1
2022-06-29,2022-06-29 12:15:00,910.88,911.17,910.88,911.17,0.03,0.33,311.17,1
2022-06-29,2022-06-29 12:16:00,911.17,911.46,911.17,911.46,0.03,0.33,311.17,1
2022-06-29,2022-06-29 12:17:00,911.46,911.75,911.46,911.75,0.03,0.33,311.17,1
2022-06-29,2022-06-29 12:18:00,911.75,912.04,911.75,912.04,0.03,0.33,311.17,1
2022-06-29,2022-06-29 12:19:00,912.04,912.33,912.04,912.33,0.03,0.33,311.17,1
2022-06-29,2022-06-29 12:20:00,912.33,912.62,912.33,912.62,0.03,0.33,311.17,1
2022-06-29,2022-06-29 12:21:00,912.62,912.91,912.62,912.91,0.03,0.33,311.17,1
2022-06-29,2022-06-29 12:22:00,912.91,913.2,912.91,913.2,0.03,0.33,311.17,1
2022-06-29,2022-06-29 12:23:00,913.2,913.5,913.2,913.5,0.03,0.33,311.17,1
2022-06-29,2022-06-29 12:24:00,913.5,913.79,913.5,913.79,0.03,0.33,311.17,1
2022-06-29,2022-06-29 12:25:00,913.79,914.08,913.79,914.08,0.03,0.33,311.17,1
2022-06-29,2022-06-29 12:26:00,914.08,914.37,914.08,914.37,0.03,0.33,311.17,1
2022-06-29,2022-06-29 12:27:00,914.37,914.66,914.37,914.66,0.03,0.33,311.17,1
2022-06-29,2022-06-29 12:28:00,914.66,914.95,914.66,914.95,0.03,0.33,311.17,1
2022-06-29,2022-06-29 12:29:00,914.95,915.24,914.95,915.24,0.03,0.33,311.17,1
2022-06-29,2022-06-29 12:30:00,915.24,915.53,915.24,915.53,0.03,0.33,311.17,1
2022-06-29,2022-06-29 12:31:00,915.53,915.82,915.53,915.82,0.03,0.33,311.17,1
2022-06-29,2022-06-29 12:32:00,915.82,916.11,915.82,916.11,0.03,0.33,311.17,1
2022-06-29,2022-06-29 12:33:00,916.11,916.4,916.11,916.4,0.03,0.33,311.17,1
2022-06-29,2022-06-29 12:34:00,916.4,916.69,916.4,916.69,0.03,0.33,311.17,1
2022-06-29,2022-06-29 12:35:00,916.69,916.98,916.69,916.98,0.03,0.33,311.17,1
2022-06-29,2022-06-29 12:36:00,916.98,917.27,916.98,917.27,0.03,0.33,311.17,1
2022-06-29,2022-06-29 12:37:00,917.27,917.56,917.27,917.56,0.03,0.33,311.17,1
2022-06-29,2022-06-29 12:38:00,917.56,917.85,917.56,917.85,0.03,0.33,311.17,1
2022-06-29,2022-06-29 12:39:00,917.85,918.14,917.85,918.14,0.03,0.33,311.17,1
2022-06-29,2022-06-29 12:40:00,918.14,918.43,918.14,918.43,0.03,0.33,311.17,1
2022-06-29,2022-06-29 12:41:00,918.43,918.72,918.43,918.72,0.03,0.33,311.17,1
2022-06-29,2022-06-29 12:42:00,918.72,919.01,918.72,919.01,0.03,0.33,311.17,1
2022-06-29,2022-06-29 12:43:00,919.01,919.3,919.01,919.3,0.03,0.33,311.17,1
2022-06-29,2022-06-29 12:44:00,919.3,919.59,919.3,919.59,0.03,0.33,311.17,1
2022-06-29,2022-06-29 12:45:00,919.59,919.88,919.59,919.88,0.03,0.33,311.17,1
2022-06-29,2022-06-29 12:46:00,919.88,920.17,919.88,920.17,0.03,0.33,311.17,1
2022-06-29,2022-06-29 12:47:00,920.17,920.47,920.17,920.47,0.03,0.33,311.17,1
2022-06-29,2022-06-29 12:48:00,920.47,920.76,920.47,920.76,0.03,0.33,311.17,1
2022-06-29,2022-06-29 12:49:00,920.76,921.05,920.76,921.05,0.03,0.33,311.17,1
2022-06-29,2022-06-29 12:50:00,921.05,921.34,921.05,921.34,0.03,0.33,311.17,1
2022-06-29,2022-06-29 12:51:00,921.34,921.63,921.34,921.63,0.03,0.33,311.17,1
2022-06-29,2022-06-29 12:52:00,921.63,921.92,921.63,921.92,0.03,0.33,311.17,1
2022-06-29,2022-06-29 12:53:00,921.92,922.21,921.92,922.21,0.03,0.33,311.17,1
2022-06-29,2022-06-29 12:54:00,922.21,922.5,922.21,922.5,0.03,0.33,311.17,1
2022-06-29,2022-06-29 12:55:00,922.5,922.79,922.5,922.79,0.03,0.33,311.17,1
2022-06-29,2022-06-29 12:56:00,922.79,923.08,922.79,923.08,0.03,0.33,311.17,1
2022-06-29,2022-06-29 12:57:00,923.08,923.37,923.08,923.37,0.03,0.33,311.17,1
2022-06-29,2022-06-29 12:58:00,923.37,923.66,923.37,923.66,0.03,0.33,311.17,1
2022-06-29,2022-06-29 12:59:00,923.66,923.95,923.66,923.95,0.03,0.33,311.17,1
2022-06-29,2022-06-29 13:00:00,923.95,958.8,889.1,924.24,0.03,0.33,311.17,1
2022-06-29,2022-06-29 13:01:00,924.24,924.53,924.24,924.53,0.03,0.33,311.17,1
2022-06-29,2022-06-29 13:02:00,924.53,924.82,924.53,924.82,0.03,0.33,311.17,1
2022-06-29,2022-06-29 13:03:00,924.82,925.11,924.82,925.11,0.03,0.33,311.17,1
2022-06-29,2022-06-29 13:04:00,925.11,925.4,925.11,925.4,0.03,0.33,311.17,1
2022-06-29,2022-06-29 13:05:00,925.4,925.69,925.4,925.69,0.03,0.33,311.17,1
2022-06-29,2022-06-29 13:06:00,925.69,925.98,925.69,925.98,0.03,0.33,311.17,1
2022-06-29,2022-06-29 13:07:00,925.98,926.27,925.98,926.27,0.03,0.33,311.17,1
2022-06-29,2022-06-29 13:08:00,926.27,926.56,926.27,926.56,0.03,0.33,311.17,1
2022-06-29,2022-06-29 13:09:00,926.56,926.85,926.56,926.85,0.03,0.33,311.17,1
2022-06-29,2022-06-29 13:10:00,926.85,927.14,926.85,927.14,0.03,0.33,311.17,1
2022-06-29,2022-06-29 13:11:00,927.14,927.43,927.14,927.43,0.03,0.33,311.17,1
2022-06-29,2022-06-29 13:12:00,927.43,927.73,927.43,927.73,0.03,0.33,311.17,1
2022-06-29,2022-06-29 13:13:00,927.73,928.02,927.73,928.02,0.03,0.33,311.17,1
2022-06-29,2022-06-29 13:14:00,928.02,928.31,928.02,928.31,0.03,0.33,311.17,1
2022-06-29,2022-06-29 13:15:00,928.31,928.6,928.31,928.6,0.03,0.33,311.17,1
2022-06-29,2022-06-29 13:16:00,928.6,928.89,928.6,928.89,0.03,0.33,311.17,1
2022-06-29,2022-06-29 13:17:00,928.89,929.18,928.89,929.18,0.03,0.33,311.17,1
2022-06-29,2022-06-29 13:18:00,929.18,929.47,929.18,929.47,0.03,0.33,311.17,1
2022-06-29,2022-06-29 13:19:00,929.47,929.76,929.47,929.76,0.03,0.33,311.17,1
2022-06-29,2022-06-29 13:20:00,929.76,930.05,929.76,930.05,0.03,0.33,311.17,1
2022-06-29,2022-06-29 13:21:00,930.05,930.34,930.05,930.34,0.03,0.33,311.17,1
2022-06-29,2022-06-29 13:22:00,930.34,930.63,930.34,930.63,0.03,0.33,311.17,1
2022-06-29,2022-06-29 13:23:00,930.63,930.92,930.63,930.92,0.03,0.33,311.17,1
2022-06-29,2022-06-29 13:24:00,930.92,931.21,930.92,931.21,0.03,0.33,311.17,1
2022-06-29,2022-06-29 13:25:00,931.21,931.5,931.21,931.5,0.03,0.33,311.17,1
2022-06-29,2022-06-29 13:26:00,931.5,931.79,931.5,931.79,0.03,0.33,311.17,1
2022-06-29,2022-06-29 13:27:00,931.79,932.08,931.79,932.08,0.03,0.33,311.17,1
2022-06-29,2022-06-29 13:28:00,932.08,932.37,932.08,932.37,0.03,0.33,311.17,1
2022-06-29,2022-06-29 13:29:00,932.37,932.66,932.37,932.66,0.03,0.33,311.17,1
2022-06-29,2022-06-29 13:30:00,932.66,932.95,932.66,932.95,0.03,0.33,311.17,1
2022-06-29,2022-06-29 13:31:00,932.95,933.24,932.95,933.24,0.03,0.33,311.17,1
2022-06-29,2022-06-29 13:32:00,933.24,933.53,933.24,933.53,0.03,0.33,311.17,1
2022-06-29,2022-06-29 13:33:00,933.53,933.82,933.53,933.82,0.03,0.33,311.17,1
2022-06-29,2022-06-29 13:34:00,933.82,934.11,933.82,934.11,0.03,0.33,311.17,1
2022-06-29,2022-06-29 13:35:00,934.11,934.4,934.11,934.4,0.03,0.33,311.17,1
2022-06-29,2022-06-29 13:36:00,934.4,934.7,934.4,934.7,0.03,0.33,311.17,1
2022-06-29,2022-06-29 13:37:00,934.7,934.99,934.7,934.99,0.03,0.33,311.17,1
2022-06-29,2022-06-29 13:38:00,934.99,935.28,934.99,935.28,0.03,0.33,311.17,1
2022-06-29,2022-06-29 13:39:00,935.28,935.57,935.28,935.57,0.03,0.33,311.17,1
2022-06-29,2022-06-29 13:40:00,935.57,935.86,935.57,935.86,0.03,0.33,311.17,1
2022-06-29,2022-06-29 13:41:00,935.86,936.15,935.86,936.15,0.03,0.33,311.17,1
2022-06-29,2022-06-29 13:42:00,936.15,936.44,936.15,936.44,0.03,0.33,311.17,1
2022-06-29,2022-06-29 13:43:00,936.44,936.73,936.44,936.73,0.03,0.33,311.17,1
2022-06-29,2022-06-29 13:44:00,936.73,937.02,936.73,937.02,0.03,0.33,311.17,1
2022-06-29,2022-06-29 13:45:00,937.02,937.31,937.02,937.31,0.03,0.33,311.17,1
2022-06-29,2022-06-29 13:46:00,937.31,937.6,937.31,937.6,0.03,0.33,311.17,1
2022-06-29,2022-06-29 13:47:00,937.6,937.89,937.6,937.89,0.03,0.33,311.17,1
2022-06-29,2022-06-29 13:48:00,937.89,938.18,937.89,938.18,0.03,0.33,311.17,1
2022-06-29,2022-06-29 13:49:00,938.18,938.47,938.18,938.47,0.03,0.33,311.17,1
2022-06-29,2022-06-29 13:50:00,938.47,938.76,938.47,938.76,0.03,0.33,311.17,1
2022-06-29,2022-06-29 13:51:00,938.76,939.05,938.76,939.05,0.03,0.33,311.17,1
2022-06-29,2022-06-29 13:52:00,939.05,939.34,939.05,939.34,0.03,0.33,311.17,1
2022-06-29,2022-06-29 13:53:00,939.34,939.63,939.34,939.63,0.03,0.33,311.17,1
2022-06-29,2022-06-29 13:54:00,939.63,939.92,939.63,939.92,0.03,0.33,311.17,1
2022-06-29,2022-06-29 13:55:00,939.92,940.21,939.92,940.21,0.03,0.33,311.17,1
2022-06-29,2022-06-29 13:56:00,940.21,940.5,940.21,940.5,0.03,0.33,311.17,1
2022-06-29,2022-06-29 13:57:00,940.5,940.79,940.5,940.79,0.03,0.33,311.17,1
2022-06-29,2022-06-29 13:58:00,940.79,941.08,940.79,941.08,0.03,0.33,311.17,1
2022-06-29,2022-06-29 13:59:00,941.08,941.38,941.08,941.38,0.03,0.33,311.17,1
2022-06-29,2022-06-29 14:00:00,941.38,941.67,941.38,941.67,0.03,0.33,311.17,1
2022-06-29,2022-06-29 14:01:00,941.67,941.96,941.67,941.96,0.03,0.33,311.17,1
2022-06-29,2022-06-29 14:02:00,941.96,942.25,941.96,942.25,0.03,0.33,311.17,1
2022-06-29,2022-06-29 14:03:00,942.25,942.54,942.25,942.54,0.03,0.33,311.17,1
2022-06-29,2022-06-29 14:04:00,942.54,942.83,942.54,942.83,0.03,0.33,311.17,1
2022-06-29,2022-06-29 14:05:00,942.83,943.12,942.83,943.12,0.03,0.33,311.17,1
2022-06-29,2022-06-29 14:06:00,943.12,943.41,943.12,943.41,0.03,0.33,311.17,1
2022-06-29,2022-06-29 14:07:00,943.41,943.7,943.41,943.7,0.03,0.33,311.17,1
2022-06-29,2022-06-29 14:08:00,943.7,943.99,943.7,943.99,0.03,0.33,311.17,1
2022-06-29,2022-06-29 14:09:00,943.99,944.28,943.99,944.28,0.03,0.33,311.17,1
2022-06-29,2022-06-29 14:10:00,944.28,944.57,944.28,944.57,0.03,0.33,311.17,1
2022-06-29,2022-06-29 14:11:00,944.57,944.86,944.57,944.86,0.03,0.33,311.17,1
2022-06-29,2022-06-29 14:12:00,944.86,945.15,944.86,945.15,0.03,0.33,311.17,1
2022-06-29,2022-06-29 14:13:00,945.15,945.44,945.15,945.44,0.03,0.33,311.17,1
2022-06-29,2022-06-29 14:14:00,945.44,945.73,945.44,945.73,0.03,0.33,311.17,1
2022-06-29,2022-06-29 14:15:00,945.73,946.02,945.73,946.02,0.03,0.33,311.17,1
2022-06-29,2022-06-29 14:16:00,946.02,946.31,946.02,946.31,0.03,0.33,311.17,1
2022-06-29,2022-06-29 14:17:00,946.31,946.6,946.31,946.6,0.03,0.33,311.17,1
2022-06-29,2022-06-29 14:18:00,946.6,946.89,946.6,946.89,0.03,0.33,311.17,1
2022-06-29,2022-06-29 14:19:00,946.89,947.18,946.89,947.18,0.03,0.33,311.17,1
2022-06-29,2022-06-29 14:20:00,947.18,947.47,947.18,947.47,0.03,0.33,311.17,1
2022-06-29,2022-06-29 14:21:00,947.47,947.76,947.47,947.76,0.03,0.33,311.17,1
2022-06-29,2022-06-29 14:22:00,947.76,948.05,947.76,948.05,0.03,0.33,311.17,1
2022-06-29,2022-06-29 14:23:00,948.05,948.34,948.05,948.34,0.03,0.33,311.17,1
2022-06-29,2022-06-29 14:24:00,948.34,948.64,948.34,948.64,0.03,0.33,311.17,1
2022-06-29,2022-06-29 14:25:00,948.64,948.93,948.64,948.93,0.03,0.33,311.17,1
2022-06-29,2022-06-29 14:26:00,948.93,949.22,948.93,949.22,0.03,0.33,311.17,1
2022-06-29,2022-06-29 14:27:00,949.22,949.51,949.22,949.51,0.03,0.33,311.17,1
2022-06-29,2022-06-29 14:28:00,949.51,949.8,949.51,949.8,0.03,0.33,311.17,1
2022-06-29,2022-06-29 14:29:00,949.8,950.09,949.8,950.09,0.03,0.33,311.17,1
2022-06-29,2022-06-29 14:30:00,950.09,950.38,950.09,950.38,0.03,0.33,311.17,1
2022-06-29,2022-06-29 14:31:00,950.38,950.67,950.38,950.67,0.03,0.33,311.17,1
2022-06-29,2022-06-29 14:32:00,950.67,950.96,950.67,950.96,0.03,0.33,311.17,1
2022-06-29,2022-06-29 14:33:00,950.96,951.25,950.96,951.25,0.03,0.33,311.17,1
2022-06-29,2022-06-29 14:34:00,951.25,951.54,951.25,951.54,0.03,0.33,311.17,1
2022-06-29,2022-06-29 14:35:00,951.54,951.83,951.54,951.83,0.03,0.33,311.17,1
2022-06-29,2022-06-29 14:36:00,951.83,952.12,951.83,952.12,0.03,0.33,311.17,1
2022-06-29,2022-06-29 14:37:00,952.12,952.41,952.12,952.41,0.03,0.33,311.17,1
2022-06-29,2022-06-29 14:38:00,952.41,952.7,952.41,952.7,0.03,0.33,311.17,1
2022-06-29,2022-06-29 14:39:00,952.7,952.99,952.7,952.99,0.03,0.33,311.17,1
2022-06-29,2022-06-29 14:40:00,952.99,953.28,952.99,953.28,0.03,0.33,311.17,1
2022-06-29,2022-06-29 14:41:00,953.28,953.57,953.28,953.57,0.03,0.33,311.17,1
2022-06-29,2022-06-29 14:42:00,953.57,953.86,953.57,953.86,0.03,0.33,311.17,1
2022-06-29,2022-06-29 14:43:00,953.86,954.15,953.86,954.15,0.03,0.33,311.17,1
2022-06-29,2022-06-29 14:44:00,954.15,954.44,954.15,954.44,0.03,0.33,311.17,1
2022-06-29,2022-06-29 14:45:00,954.44,954.73,954.44,954.73,0.03,0.33,311.17,1
2022-06-29,2022-06-29 14:46:00,954.73,955.02,954.73,955.02,0.03,0.33,311.17,1
2022-06-29,2022-06-29 14:47:00,955.02,955.31,955.02,955.31,0.03,0.33,311.17,1
2022-06-29,2022-06-29 14:48:00,955.31,955.61,955.31,955.61,0.03,0.33,311.17,1
2022-06-29,2022-06-29 14:49:00,955.61,955.9,955.61,955.9,0.03,0.33,311.17,1
2022-06-29,2022-06-29 14:50:00,955.9,956.19,955.9,956.19,0.03,0.33,311.17,1
2022-06-29,2022-06-29 14:51:00,956.19,956.48,956.19,956.48,0.03,0.33,311.17,1
2022-06-29,2022-06-29 14:52:00,956.48,956.77,956.48,956.77,0.03,0.33,311.17,1
2022-06-29,2022-06-29 14:53:00,956.77,957.06,956.77,957.06,0.03,0.33,311.17,1
2022-06-29,2022-06-29 14:54:00,957.06,957.35,957.06,957.35,0.03,0.33,311.17,1
2022-06-29,2022-06-29 14:55:00,957.35,957.64,957.35,957.64,0.03,0.33,311.17,1
2022-06-29,2022-06-29 14:56:00,957.64,957.93,957.64,957.93,0.03,0.33,311.17,1
2022-06-29,2022-06-29 14:57:00,957.93,958.22,957.93,958.22,0.03,0.33,311.17,1
2022-06-29,2022-06-29 14:58:00,958.22,958.51,958.22,958.51,0.03,0.33,311.17,1
2022-06-29,2022-06-29 14:59:00,958.51,958.8,958.51,958.8,0.03,0.33,311.17,1
2022-06-29,2022-06-29 15:00:00,958.8,958.8,889.1,958.8,0.0,0.33,311.17,0
2022-06-30,2022-06-30 11:00:00,977.9,1000.91,977.9,978.22,0.03,0.41,429.55,1
2022-06-30,2022-06-30 11:01:00,978.22,978.54,978.22,978.54,0.03,0.41,429.55,1
2022-06-30,2022-06-30 11:02:00,978.54,978.86,978.54,978.86,0.03,0.41,429.55,1
2022-06-30,2022-06-30 11:03:00,978.86,979.18,978.86,979.18,0.03,0.41,429.55,1
2022-06-30,2022-06-30 11:04:00,979.18,979.5,979.18,979.5,0.03,0.41,429.55,1
2022-06-30,2022-06-30 11:05:00,979.5,979.82,979.5,979.82,0.03,0.41,429.55,1
2022-06-30,2022-06-30 11:06:00,979.82,980.14,979.82,980.14,0.03,0.41,429.55,1
2022-06-30,2022-06-30 11:07:00,980.14,980.46,980.14,980.46,0.03,0.41,429.55,1
2022-06-30,2022-06-30 11:08:00,980.46,980.78,980.46,980.78,0.03,0.41,429.55,1
2022-06-30,2022-06-30 11:09:00,980.78,981.1,980.78,981.1,0.03,0.41,429.55,1
2022-06-30,2022-06-30 11:10:00,981.1,981.42,981.1,981.42,0.03,0.41,429.55,1
2022-06-30,2022-06-30 11:11:00,981.42,981.74,981.42,981.74,0.03,0.41,429.55,1
2022-06-30,2022-06-30 11:12:00,981.74,982.05,981.74,982.05,0.03,0.41,429.55,1
2022-06-30,2022-06-30 11:13:00,982.05,982.37,982.05,982.37,0.03,0.41,429.55,1
2022-06-30,2022-06-30 11:14:00,982.37,982.69,982.37,982.69,0.03,0.41,429.55,1
2022-06-30,2022-06-30 11:15:00,982.69,983.01,982.69,983.01,0.03,0.41,429.55,1
2022-06-30,2022-06-30 11:16:00,983.01,983.33,983.01,983.33,0.03,0.41,429.55,1
2022-06-30,2022-06-30 11:17:00,983.33,983.65,983.33,983.65,0.03,0.41,429.55,1
2022-06-30,2022-06-30 11:18:00,983.65,983.97,983.65,983.97,0.03,0.41,429.55,1
2022-06-30,2022-06-30 11:19:00,983.97,984.29,983.97,984.29,0.03,0.41,429.55,1
2022-06-30,2022-06-30 11:20:00,984.29,984.61,984.29,984.61,0.03,0.41,429.55,1
2022-06-30,2022-06-30 11:21:00,984.61,984.93,984.61,984.93,0.03,0.41,429.55,1
2022-06-30,2022-06-30 11:22:00,984.93,985.25,984.93,985.25,0.03,0.41,429.55,1
2022-06-30,2022-06-30 11:23:00,985.25,985.57,985.25,985.57,0.03,0.41,429.55,1
2022-06-30,2022-06-30 11:24:00,985.57,985.89,985.57,985.89,0.03,0.41,429.55,1
2022-06-30,2022-06-30 11:25:00,985.89,986.21,985.89,986.21,0.03,0.41,429.55,1
2022-06-30,2022-06-30 11:26:00,986.21,986.53,986.21,986.53,0.03,0.41,429.55,1
2022-06-30,2022-06-30 11:27:00,986.53,986.85,986.53,986.85,0.03,0.41,429.55,1
2022-06-30,2022-06-30 11:28:00,986.85,987.17,986.85,987.17,0.03,0.41,429.55,1
2022-06-30,2022-06-30 11:29:00,987.17,987.49,987.17,987.49,0.03,0.41,429.55,1
2022-06-30,2022-06-30 11:30:00,987.49,987.81,987.49,987.81,0.03,0.41,429.55,1
2022-06-30,2022-06-30 11:31:00,987.81,988.13,987.81,988.13,0.03,0.41,429.55,1
2022-06-30,2022-06-30 11:32:00,988.13,988.45,988.13,988.45,0.03,0.41,429.55,1
2022-06-30,2022-06-30 11:33:00,988.45,988.77,988.45,988.77,0.03,0.41,429.55,1
2022-06-30,2022-06-30 11:34:00,988.77,989.09,988.77,989.09,0.03,0.41,429.55,1
2022-06-30,2022-06-30 11:35:00,989.09,989.4,989.09,989.4,0.03,0.41,429.55,1
2022-06-30,2022-06-30 11:36:00,989.4,989.72,989.4,989.72,0.03,0.41,429.55,1
2022-06-30,2022-06-30 11:37:00,989.72,990.04,989.72,990.04,0.03,0.41,429.55,1
2022-06-30,2022-06-30 11:38:00,990.04,990.36,990.04,990.36,0.03,0.41,429.55,1
2022-06-30,2022-06-30 11:39:00,990.36,990.68,990.36,990.68,0.03,0.41,429.55,1
2022-06-30,2022-06-30 11:40:00,990.68,991.0,990.68,991.0,0.03,0.41,429.55,1
2022-06-30,2022-06-30 11:41:00,991.0,991.32,991.0,991.32,0.03,0.41,429.55,1
2022-06-30,2022-06-30 11:42:00,991.32,991.64,991.32,991.64,0.03,0.41,429.55,1
2022-06-30,2022-06-30 11:43:00,991.64,991.96,991.64,991.96,0.03,0.41,429.55,1
2022-06-30,2022-06-30 11:44:00,991.96,992.28,991.96,992.28,0.03,0.41,429.55,1
2022-06-30,2022-06-30 11:45:00,992.28,992.6,992.28,992.6,0.03,0.41,429.55,1
2022-06-30,2022-06-30 11:46:00,992.6,992.92,992.6,992.92,0.03,0.41,429.55,1
2022-06-30,2022-06-30 11:47:00,992.92,993.24,992.92,993.24,0.03,0.41,429.55,1
2022-06-30,2022-06-30 11:48:00,993.24,993.56,993.24,993.56,0.03,0.41,429.55,1
2022-06-30,2022-06-30 11:49:00,993.56,993.88,993.56,993.88,0.03,0.41,429.55,1
2022-06-30,2022-06-30 11:50:00,993.88,994.2,993.88,994.2,0.03,0.41,429.55,1
2022-06-30,2022-06-30 11:51:00,994.2,994.52,994.2,994.52,0.03,0.41,429.55,1
2022-06-30,2022-06-30 11:52:00,994.52,994.84,994.52,994.84,0.03,0.41,429.55,1
2022-06-30,2022-06-30 11:53:00,994.84,995.16,994.84,995.16,0.03,0.41,429.55,1
2022-06-30,2022-06-30 11:54:00,995.16,995.48,995.16,995.48,0.03,0.41,429.55,1
2022-06-30,2022-06-30 11:55:00,995.48,995.8,995.48,995.8,0.03,0.41,429.55,1
2022-06-30,2022-06-30 11:56:00,995.8,996.12,995.8,996.12,0.03,0.41,429.55,1
2022-06-30,2022-06-30 11:57:00,996.12,996.44,996.12,996.44,0.03,0.41,429.55,1
2022-06-30,2022-06-30 11:58:00,996.44,996.76,996.44,996.76,0.03,0.41,429.55,1
2022-06-30,2022-06-30 11:59:00,996.76,997.07,996.76,997.07,0.03,0.41,429.55,1
2022-06-30,2022-06-30 12:00:00,997.07,997.39,997.07,997.39,0.03,0.41,429.55,1
2022-06-30,2022-06-30 12:01:00,997.39,997.71,997.39,997.71,0.03,0.41,429.55,1
2022-06-30,2022-06-30 12:02:00,997.71,998.03,997.71,998.03,0.03,0.41,429.55,1
2022-06-30,2022-06-30 12:03:00,998.03,998.35,998.03,998.35,0.03,0.41,429.55,1
2022-06-30,2022-06-30 12:04:00,998.35,998.67,998.35,998.67,0.03,0.41,429.55,1
2022-06-30,2022-06-30 12:05:00,998.67,998.99,998.67,998.99,0.03,0.41,429.55,1
2022-06-30,2022-06-30 12:06:00,998.99,999.31,998.99,999.31,0.03,0.41,429.55,1
2022-06-30,2022-06-30 12:07:00,999.31,999.63,999.31,999.63,0.03,0.41,429.55,1
2022-06-30,2022-06-30 12:08:00,999.63,999.95,999.63,999.95,0.03,0.41,429.55,1
2022-06-30,2022-06-30 12:09:00,999.95,1000.27,999.95,1000.27,0.03,0.41,429.55,1
2022-06-30,2022-06-30 12:10:00,1000.27,1000.59,1000.27,1000.59,0.03,0.41,429.55,1
2022-06-30,2022-06-30 12:11:00,1000.59,1000.91,1000.59,1000.91,0.03,0.41,429.55,1
2022-06-30,2022-06-30 12:12:00,1000.91,1001.23,1000.91,1001.23,0.03,0.41,429.55,1
2022-06-30,2022-06-30 12:13:00,1001.23,1001.55,1001.23,1001.55,0.03,0.41,429.55,1
2022-06-30,2022-06-30 12:14:00,1001.55,1001.87,1001.55,1001.87,0.03,0.41,429.55,1
2022-06-30,2022-06-30 12:15:00,1001.87,1002.19,1001.87,1002.19,0.03,0.41,429.55,1
2022-06-30,2022-06-30 12:16:00,1002.19,1002.51,1002.19,1002.51,0.03,0.41,429.55,1
2022-06-30,2022-06-30 12:17:00,1002.51,1002.83,1002.51,1002.83,0.03,0.41,429.55,1
2022-06-30,2022-06-30 12:18:00,1002.83,1003.15,1002.83,1003.15,0.03,0.41,429.55,1
2022-06-30,2022-06-30 12:19:00,1003.15,1003.47,1003.15,1003.47,0.03,0.41,429.55,1
2022-06-30,2022-06-30 12:20:00,1003.47,1003.79,1003.47,1003.79,0.03,0.41,429.55,1
2022-06-30,2022-06-30 12:21:00,1003.79,1004.11,1003.79,1004.11,0.03,0.41,429.55,1
2022-06-30,2022-06-30 12:22:00,1004.11,1004.43,1004.11,1004.43,0.03,0.41,429.55,1
2022-06-30,2022-06-30 12:23:00,1004.43,1004.75,1004.43,1004.75,0.03,0.41,429.55,1
2022-06-30,2022-06-30 12:24:00,1004.75,1005.06,1004.75,1005.06,0.03,0.41,429.55,1
2022-06-30,2022-06-30 12:25:00,1005.06,1005.38,1005.06,1005.38,0.03,0.41,429.55,1
2022-06-30,2022-06-30 12:26:00,1005.38,1005.7,1005.38,1005.7,0.03,0.41,429.55,1
2022-06-30,2022-06-30 12:27:00,1005.7,1006.02,1005.7,1006.02,0.03,0.41,429.55,1
2022-06-30,2022-06-30 12:28:00,1006.02,1006.34,1006.02,1006.34,0.03,0.41,429.55,1
2022-06-30,2022-06-30 12:29:00,1006.34,1006.66,1006.34,1006.66,0.03,0.41,429.55,1
2022-06-30,2022-06-30 12:30:00,1006.66,1006.98,1006.66,1006.98,0.03,0.41,429.55,1
2022-06-30,2022-06-30 12:31:00,1006.98,1007.3,1006.98,1007.3,0.03,0.41,429.55,1
2022-06-30,2022-06-30 12:32:00,1007.3,1007.62,1007.3,1007.62,0.03,0.41,429.55,1
2022-06-30,2022-06-30 12:33:00,1007.62,1007.94,1007.62,1007.94,0.03,0.41,429.55,1
2022-06-30,2022-06-30 12:34:00,1007.94,1008.26,1007.94,1008.26,0.03,0.41,429.55,1
2022-06-30,2022-06-30 12:35:00,1008.26,1008.58,1008.26,1008.58,0.03,0.41,429.55,1
2022-06-30,2022-06-30 12:36:00,1008.58,1008.9,1008.58,1008.9,0.03,0.41,429.55,1
2022-06-30,2022-06-30 12:37:00,1008.9,1009.22,1008.9,1009.22,0.03,0.41,429.55,1
2022-06-30,2022-06-30 12:38:00,1009.22,1009.54,1009.22,1009.54,0.03,0.41,429.55,1
2022-06-30,2022-06-30 12:39:00,1009.54,1009.86,1009.54,1009.86,0.03,0.41,429.55,1
2022-06-30,2022-06-30 12:40:00,1009.86,1010.18,1009.86,1010.18,0.03,0.41,429.55,1
2022-06-30,2022-06-30 12:41:00,1010.18,1010.5,1010.18,1010.5,0.03,0.41,429.55,1
2022-06-30,2022-06-30 12:42:00,1010.5,1010.82,1010.5,1010.82,0.03,0.41,429.55,1
2022-06-30,2022-06-30 12:43:00,1010.82,1011.14,1010.82,1011.14,0.03,0.41,429.55,1
2022-06-30,2022-06-30 12:44:00,1011.14,1011.46,1011.14,1011.46,0.03,0.41,429.55,1
2022-06-30,2022-06-30 12:45:00,1011.46,1011.78,1011.46,1011.78,0.03,0.41,429.55,1
2022-06-30,2022-06-30 12:46:00,1011.78,1012.1,1011.78,1012.1,0.03,0.41,429.55,1
2022-06-30,2022-06-30 12:47:00,1012.1,1012.41,1012.1,1012.41,0.03,0.41,429.55,1
2022-06-30,2022-06-30 12:48:00,1012.41,1012.73,1012.41,1012.73,0.03,0.41,429.55,1
2022-06-30,2022-06-30 12:49:00,1012.73,1013.05,1012.73,1013.05,0.03,0.41,429.55,1
2022-06-30,2022-06-30 12:50:00,1013.05,1013.37,1013.05,1013.37,0.03,0.41,429.55,1
2022-06-30,2022-06-30 12:51:00,1013.37,1013.69,1013.37,1013.69,0.03,0.41,429.55,1
2022-06-30,2022-06-30 12:52:00,1013.69,1014.01,1013.69,1014.01,0.03,0.41,429.55,1
2022-06-30,2022-06-30 12:53:00,1014.01,1014.33,1014.01,1014.33,0.03,0.41,429.55,1
2022-06-30,2022-06-30 12:54:00,1014.33,1014.65,1014.33,1014.65,0.03,0.41,429.55,1
2022-06-30,2022-06-30 12:55:00,1014.65,1014.97,1014.65,1014.97,0.03,0.41,429.55,1
2022-06-30,2022-06-30 12:56:00,1014.97,1015.29,1014.97,1015.29,0.03,0.41,429.55,1
2022-06-30,2022-06-30 12:57:00,1015.29,1015.61,1015.29,1015.61,0.03,0.41,429.55,1
2022-06-30,2022-06-30 12:58:00,1015.61,1015.93,1015.61,1015.93,0.03,0.41,429.55,1
2022-06-30,2022-06-30 12:59:00,1015.93,1016.25,1015.93,1016.25,0.03,0.41,429.55,1
2022-06-30,2022-06-30 13:00:00,1016.25,1054.6,977.9,1016.57,0.03,0.41,429.55,1
2022-06-30,2022-06-30 13:01:00,1016.57,1016.89,1016.57,1016.89,0.03,0.41,429.55,1
2022-06-30,2022-06-30 13:02:00,1016.89,1017.21,1016.89,1017.21,0.03,0.41,429.55,1
2022-06-30,2022-06-30 13:03:00,1017.21,1017.53,1017.21,1017.53,0.03,0.41,429.55,1
2022-06-30,2022-06-30 13:04:00,1017.53,1017.85,1017.53,1017.85,0.03,0.41,429.55,1
2022-06-30,2022-06-30 13:05:00,1017.85,1018.17,1017.85,1018.17,0.03,0.41,429.55,1
2022-06-30,2022-06-30 13:06:00,1018.17,1018.49,1018.17,1018.49,0.03,0.41,429.55,1
2022-06-30,2022-06-30 13:07:00,1018.49,1018.81,1018.49,1018.81,0.03,0.41,429.55,1
2022-06-30,2022-06-30 13:08:00,1018.81,1019.13,1018.81,1019.13,0.03,0.41,429.55,1
2022-06-30,2022-06-30 13:09:00,1019.13,1019.45,1019.13,1019.45,0.03,0.41,429.55,1
2022-06-30,2022-06-30 13:10:00,1019.45,1019.77,1019.45,1019.77,0.03,0.41,429.55,1
2022-06-30,2022-06-30 13:11:00,1019.77,1020.08,1019.77,1020.08,0.03,0.41,429.55,1
2022-06-30,2022-06-30 13:12:00,1020.08,1020.4,1020.08,1020.4,0.03,0.41,429.55,1
2022-06-30,2022-06-30 13:13:00,1020.4,1020.72,1020.4,1020.72,0.03,0.41,429.55,1
2022-06-30,2022-06-30 13:14:00,1020.72,1021.04,1020.72,1021.04,0.03,0.41,429.55,1
2022-06-30,2022-06-30 13:15:00,1021.04,1021.36,1021.04,1021.36,0.03,0.41,429.55,1
2022-06-30,2022-06-30 13:16:00,1021.36,1021.68,1021.36,1021.68,0.03,0.41,429.55,1
2022-06-30,2022-06-30 13:17:00,1021.68,1022.0,1021.68,1022.0,0.03,0.41,429.55,1
2022-06-30,2022-06-30 13:18:00,1022.0,1022.32,1022.0,1022.32,0.03,0.41,429.55,1
2022-06-30,2022-06-30 13:19:00,1022.32,1022.64,1022.32,1022.64,0.03,0.41,429.55,1
2022-06-30,2022-06-30 13:20:00,1022.64,1022.96,1022.64,1022.96,0.03,0.41,429.55,1
2022-06-30,2022-06-30 13:21:00,1022.96,1023.28,1022.96,1023.28,0.03,0.41,429.55,1
2022-06-30,2022-06-30 13:22:00,1023.28,1023.6,1023.28,1023.6,0.03,0.41,429.55,1
2022-06-30,2022-06-30 13:23:00,1023.6,1023.92,1023.6,1023.92,0.03,0.41,429.55,1
2022-06-30,2022-06-30 13:24:00,1023.92,1024.24,1023.92,1024.24,0.03,0.41,429.55,1
2022-06-30,2022-06-30 13:25:00,1024.24,1024.56,1024.24,1024.56,0.03,0.41,429.55,1
2022-06-30,2022-06-30 13:26:00,1024.56,1024.88,1024.56,1024.88,0.03,0.41,429.55,1
2022-06-30,2022-06-30 13:27:00,1024.88,1025.2,1024.88,1025.2,0.03,0.41,429.55,1
2022-06-30,2022-06-30 13:28:00,1025.2,1025.52,1025.2,1025.52,0.03,0.41,429.55,1
2022-06-30,2022-06-30 13:29:00,1025.52,1025.84,1025.52,1025.84,0.03,0.41,429.55,1
2022-06-30,2022-06-30 13:30:00,1025.84,1026.16,1025.84,1026.16,0.03,0.41,429.55,1
2022-06-30,2022-06-30 13:31:00,1026.16,1026.48,1026.16,1026.48,0.03,0.41,429.55,1
2022-06-30,2022-06-30 13:32:00,1026.48,1026.8,1026.48,1026.8,0.03,0.41,429.55,1
2022-06-30,2022-06-30 13:33:00,1026.8,1027.12,1026.8,1027.12,0.03,0.41,429.55,1
2022-06-30,2022-06-30 13:34:00,1027.12,1027.44,1027.12,1027.44,0.03,0.41,429.55,1
2022-06-30,2022-06-30 13:35:00,1027.44,1027.75,1027.44,1027.75,0.03,0.41,429.55,1
2022-06-30,2022-06-30 13:36:00,1027.75,1028.07,1027.75,1028.07,0.03,0.41,429.55,1
2022-06-30,2022-06-30 13:37:00,1028.07,1028.39,1028.07,1028.39,0.03,0.41,429.55,1
2022-06-30,2022-06-30 13:38:00,1028.39,1028.71,1028.39,1028.71,0.03,0.41,429.55,1
2022-06-30,2022-06-30 13:39:00,1028.71,1029.03,1028.71,1029.03,0.03,0.41,429.55,1
2022-06-30,2022-06-30 13:40:00,1029.03,1029.35,1029.03,1029.35,0.03,0.41,429.55,1
2022-06-30,2022-06-30 13:41:00,1029.35,1029.67,1029.35,1029.67,0.03,0.41,429.55,1
2022-06-30,2022-06-30 13:42:00,1029.67,1029.99,1029.67,1029.99,0.03,0.41,429.55,1
2022-06-30,2022-06-30 13:43:00,1029.99,1030.31,1029.99,1030.31,0.03,0.41,429.55,1
2022-06-30,2022-06-30 13:44:00,1030.31,1030.63,1030.31,1030.63,0.03,0.41,429.55,1
2022-06-30,2022-06-30 13:45:00,1030.63,1030.95,1030.63,1030.95,0.03,0.41,429.55,1
2022-06-30,2022-06-30 13:46:00,1030.95,1031.27,1030.95,1031.27,0.03,0.41,429.55,1
2022-06-30,2022-06-30 13:47:00,1031.27,1031.59,1031.27,1031.59,0.03,0.41,429.55,1
2022-06-30,2022-06-30 13:48:00,1031.59,1031.91,1031.59,1031.91,0.03,0.41,429.55,1
2022-06-30,2022-06-30 13:49:00,1031.91,1032.23,1031.91,1032.23,0.03,0.41,429.55,1
2022-06-30,2022-06-30 13:50:00,1032.23,1032.55,1032.23,1032.55,0.03,0.41,429.55,1
2022-06-30,2022-06-30 13:51:00,1032.55,1032.87,1032.55,1032.87,0.03,0.41,429.55,1
2022-06-30,2022-06-30 13:52:00,1032.87,1033.19,1032.87,1033.19,0.03,0.41,429.55,1
2022-06-30,2022-06-30 13:53:00,1033.19,1033.51,1033.19,1033.51,0.03,0.41,429.55,1
2022-06-30,2022-06-30 13:54:00,1033.51,1033.83,1033.51,1033.83,0.03,0.41,429.55,1
2022-06-30,2022-06-30 13:55:00,1033.83,1034.15,1033.83,1034.15,0.03,0.41,429.55,1
2022-06-30,2022-06-30 13:56:00,1034.15,1034.47,1034.15,1034.47,0.03,0.41,429.55,1
2022-06-30,2022-06-30 13:57:00,1034.47,1034.79,1034.47,1034.79,0.03,0.41,429.55,1
2022-06-30,2022-06-30 13:58:00,1034.79,1035.11,1034.79,1035.11,0.03,0.41,429.55,1
2022-06-30,2022-06-30 13:59:00,1035.11,1035.42,1035.11,1035.42,0.03,0.41,429.55,1
2022-06-30,2022-06-30 14:00:00,1035.42,1035.74,1035.42,1035.74,0.03,0.41,429.55,1
2022-06-30,2022-06-30 14:01:00,1035.74,1036.06,1035.74,1036.06,0.03,0.41,429.55,1
2022-06-30,2022-06-30 14:02:00,1036.06,1036.38,1036.06,1036.38,0.03,0.41,429.55,1
2022-06-30,2022-06-30 14:03:00,1036.38,1036.7,1036.38,1036.7,0.03,0.41,429.55,1
2022-06-30,2022-06-30 14:04:00,1036.7,1037.02,1036.7,1037.02,0.03,0.41,429.55,1
2022-06-30,2022-06-30 14:05:00,1037.02,1037.34,1037.02,1037.34,0.03,0.41,429.55,1
2022-06-30,2022-06-30 14:06:00,1037.34,1037.66,1037.34,1037.66,0.03,0.41,429.55,1
2022-06-30,2022-06-30 14:07:00,1037.66,1037.98,1037.66,1037.98,0.03,0.41,429.55,1
2022-06-30,2022-06-30 14:08:00,1037.98,1038.3,1037.98,1038.3,0.03,0.41,429.55,1
2022-06-30,2022-06-30 14:09:00,1038.3,1038.62,1038.3,1038.62,0.03,0.41,429.55,1
2022-06-30,2022-06-30 14:10:00,1038.62,1038.94,1038.62,1038.94,0.03,0.41,429.55,1
2022-06-30,2022-06-30 14:11:00,1038.94,1039.26,1038.94,1039.26,0.03,0.41,429.55,1
2022-06-30,2022-06-30 14:12:00,1039.26,1039.58,1039.26,1039.58,0.03,0.41,429.55,1
2022-06-30,2022-06-30 14:13:00,1039.58,1039.9,1039.58,1039.9,0.03,0.41,429.55,1
2022-06-30,2022-06-30 14:14:00,1039.9,1040.22,1039.9,1040.22,0.03,0.41,429.55,1
2022-06-30,2022-06-30 14:15:00,1040.22,1040.54,1040.22,1040.54,0.03,0.41,429.55,1
2022-06-30,2022-06-30 14:16:00,1040.54,1040.86,1040.54,1040.86,0.03,0.41,429.55,1
2022-06-30,2022-06-30 14:17:00,1040.86,1041.18,1040.86,1041.18,0.03,0.41,429.55,1
2022-06-30,2022-06-30 14:18:00,1041.18,1041.5,1041.18,1041.5,0.03,0.41,429.55,1
2022-06-30,2022-06-30 14:19:00,1041.5,1041.82,1041.5,1041.82,0.03,0.41,429.55,1
2022-06-30,2022-06-30 14:20:00,1041.82,1042.14,1041.82,1042.14,0.03,0.41,429.55,1
2022-06-30,2022-06-30 14:21:00,1042.14,1042.46,1042.14,1042.46,0.03,0.41,429.55,1
2022-06-30,2022-06-30 14:22:00,1042.46,1042.78,1042.46,1042.78,0.03,0.41,429.55,1
2022-06-30,2022-06-30 14:23:00,1042.78,1043.09,1042.78,1043.09,0.03,0.41,429.55,1
2022-06-30,2022-06-30 14:24:00,1043.09,1043.41,1043.09,1043.41,0.03,0.41,429.55,1
2022-06-30,2022-06-30 14:25:00,1043.41,1043.73,1043.41,1043.73,0.03,0.41,429.55,1
2022-06-30,2022-06-30 14:26:00,1043.73,1044.05,1043.73,1044.05,0.03,0.41,429.55,1
2022-06-30,2022-06-30 14:27:00,1044.05,1044.37,1044.05,1044.37,0.03,0.41,429.55,1
2022-06-30,2022-06-30 14:28:00,1044.37,1044.69,1044.37,1044.69,0.03,0.41,429.55,1
2022-06-30,2022-06-30 14:29:00,1044.69,1045.01,1044.69,1045.01,0.03,0.41,429.55,1
2022-06-30,2022-06-30 14:30:00,1045.01,1045.33,1045.01,1045.33,0.03,0.41,429.55,1
2022-06-30,2022-06-30 14:31:00,1045.33,1045.65,1045.33,1045.65,0.03,0.41,429.55,1
2022-06-30,2022-06-30 14:32:00,1045.65,1045.97,1045.65,1045.97,0.03,0.41,429.55,1
2022-06-30,2022-06-30 14:33:00,1045.97,1046.29,1045.97,1046.29,0.03,0.41,429.55,1
2022-06-30,2022-06-30 14:34:00,1046.29,1046.61,1046.29,1046.61,0.03,0.41,429.55,1
2022-06-30,2022-06-30 14:35:00,1046.61,1046.93,1046.61,1046.93,0.03,0.41,429.55,1
2022-06-30,2022-06-30 14:36:00,1046.93,1047.25,1046.93,1047.25,0.03,0.41,429.55,1
2022-06-30,2022-06-30 14:37:00,1047.25,1047.57,1047.25,1047.57,0.03,0.41,429.55,1
2022-06-30,2022-06-30 14:38:00,1047.57,1047.89,1047.57,1047.89,0.03,0.41,429.55,1
2022-06-30,2022-06-30 14:39:00,1047.89,1048.21,1047.89,1048.21,0.03,0.41,429.55,1
2022-06-30,2022-06-30 14:40:00,1048.21,1048.53,1048.21,1048.53,0.03,0.41,429.55,1
2022-06-30,2022-06-30 14:41:00,1048.53,1048.85,1048.53,1048.85,0.03,0.41,429.55,1
2022-06-30,2022-06-30 14:42:00,1048.85,1049.17,1048.85,1049.17,0.03,0.41,429.55,1
2022-06-30,2022-06-30 14:43:00,1049.17,1049.49,1049.17,1049.49,0.03,0.41,429.55,1
2022-06-30,2022-06-30 14:44:00,1049.49,1049.81,1049.49,1049.81,0.03,0.41,429.55,1
2022-06-30,2022-06-30 14:45:00,1049.81,1050.13,1049.81,1050.13,0.03,0.41,429.55,1
2022-06-30,2022-06-30 14:46:00,1050.13,1050.45,1050.13,1050.45,0.03,0.41,429.55,1
2022-06-30,2022-06-30 14:47:00,1050.45,1050.76,1050.45,1050.76,0.03,0.41,429.55,1
2022-06-30,2022-06-30 14:48:00,1050.76,1051.08,1050.76,1051.08,0.03,0.41,429.55,1
2022-06-30,2022-06-30 14:49:00,1051.08,1051.4,1051.08,1051.4,0.03,0.41,429.55,1
2022-06-30,2022-06-30 14:50:00,1051.4,1051.72,1051.4,1051.72,0.03,0.41,429.55,1
2022-06-30,2022-06-30 14:51:00,1051.72,1052.04,1051.72,1052.04,0.03,0.41,429.55,1
2022-06-30,2022-06-30 14:52:00,1052.04,1052.36,1052.04,1052.36,0.03,0.41,429.55,1
2022-06-30,2022-06-30 14:53:00,1052.36,1052.68,1052.36,1052.68,0.03,0.41,429.55,1
2022-06-30,2022-06-30 14:54:00,1052.68,1053.0,1052.68,1053.0,0.03,0.41,429.55,1
2022-06-30,2022-06-30 14:55:00,1053.0,1053.32,1053.0,1053.32,0.03,0.41,429.55,1
2022-06-30,2022-06-30 14:56:00,1053.32,1053.64,1053.32,1053.64,0.03,0.41,429.55,1
2022-06-30,2022-06-30 14:57:00,1053.64,1053.96,1053.64,1053.96,0.03,0.41,429.55,1
2022-06-30,2022-06-30 14:58:00,1053.96,1054.28,1053.96,1054.28,0.03,0.41,429.55,1
2022-06-30,2022-06-30 14:59:00,1054.28,1054.6,1054.28,1054.6,0.03,0.41,429.55,1
2022-06-30,2022-06-30 15:00:00,1054.6,1054.6,977.9,1054.6,0.0,0.41,429.55,0
2022-07-01,2022-07-01 11:00:00,1075.6,1100.92,1075.6,1075.95,0.03,0.32,352.9,1
2022-07-01,2022-07-01 11:01:00,1075.95,1076.3,1075.95,1076.3,0.03,0.32,352.9,1
2022-07-01,2022-07-01 11:02:00,1076.3,1076.65,1076.3,1076.65,0.03,0.32,352.9,1
2022-07-01,2022-07-01 11:03:00,1076.65,1077.01,1076.65,1077.01,0.03,0.32,352.9,1
2022-07-01,2022-07-01 11:04:00,1077.01,1077.36,1077.01,1077.36,0.03,0.32,352.9,1
2022-07-01,2022-07-01 11:05:00,1077.36,1077.71,1077.36,1077.71,0.03,0.32,352.9,1
2022-07-01,2022-07-01 11:06:00,1077.71,1078.06,1077.71,1078.06,0.03,0.32,352.9,1
2022-07-01,2022-07-01 11:07:00,1078.06,1078.41,1078.06,1078.41,0.03,0.32,352.9,1
2022-07-01,2022-07-01 11:08:00,1078.41,1078.76,1078.41,1078.76,0.03,0.32,352.9,1
2022-07-01,2022-07-01 11:09:00,1078.76,1079.12,1078.76,1079.12,0.03,0.32,352.9,1
2022-07-01,2022-07-01 11:10:00,1079.12,1079.47,1079.12,1079.47,0.03,0.32,352.9,1
2022-07-01,2022-07-01 11:11:00,1079.47,1079.82,1079.47,1079.82,0.03,0.32,352.9,1
2022-07-01,2022-07-01 11:12:00,1079.82,1080.17,1079.82,1080.17,0.03,0.32,352.9,1
2022-07-01,2022-07-01 11:13:00,1080.17,1080.52,1080.17,1080.52,0.03,0.32,352.9,1
2022-07-01,2022-07-01 11:14:00,1080.52,1080.88,1080.52,1080.88,0.03,0.32,352.9,1
2022-07-01,2022-07-01 11:15:00,1080.88,1081.23,1080.88,1081.23,0.03,0.32,352.9,1
2022-07-01,2022-07-01 11:16:00,1081.23,1081.58,1081.23,1081.58,0.03,0.32,352.9,1
2022-07-01,2022-07-01 11:17:00,1081.58,1081.93,1081.58,1081.93,0.03,0.32,352.9,1
2022-07-01,2022-07-01 11:18:00,1081.93,1082.28,1081.93,1082.28,0.03,0.32,352.9,1
2022-07-01,2022-07-01 11:19:00,1082.28,1082.63,1082.28,1082.63,0.03,0.32,352.9,1
2022-07-01,2022-07-01 11:20:00,1082.63,1082.98,1082.63,1082.98,0.03,0.32,352.9,1
2022-07-01,2022-07-01 11:21:00,1082.98,1083.34,1082.98,1083.34,0.03,0.32,352.9,1
2022-07-01,2022-07-01 11:22:00,1083.34,1083.69,1083.34,1083.69,0.03,0.32,352.9,1
2022-07-01,2022-07-01 11:23:00,1083.69,1084.04,1083.69,1084.04,0.03,0.32,352.9,1
2022-07-01,2022-07-01 11:24:00,1084.04,1084.39,1084.04,1084.39,0.03,0.32,352.9,1
2022-07-01,2022-07-01 11:25:00,1084.39,1084.74,1084.39,1084.74,0.03,0.32,352.9,1
2022-07-01,2022-07-01 11:26:00,1084.74,1085.1,1084.74,1085.1,0.03,0.32,352.9,1
2022-07-01,2022-07-01 11:27:00,1085.1,1085.45,1085.1,1085.45,0.03,0.32,352.9,1
2022-07-01,2022-07-01 11:28:00,1085.45,1085.8,1085.45,1085.8,0.03,0.32,352.9,1
2022-07-01,2022-07-01 11:29:00,1085.8,1086.15,1085.8,1086.15,0.03,0.32,352.9,1
2022-07-01,2022-07-01 11:30:00,1086.15,1086.5,1086.15,1086.5,0.03,0.32,352.9,1
2022-07-01,2022-07-01 11:31:00,1086.5,1086.85,1086.5,1086.85,0.03,0.32,352.9,1
2022-07-01,2022-07-01 11:32:00,1086.85,1087.2,1086.85,1087.2,0.03,0.32,352.9,1
2022-07-01,2022-07-01 11:33:00,1087.2,1087.56,1087.2,1087.56,0.03,0.32,352.9,1
2022-07-01,2022-07-01 11:34:00,1087.56,1087.91,1087.56,1087.91,0.03,0.32,352.9,1
2022-07-01,2022-07-01 11:35:00,1087.91,1088.26,1087.91,1088.26,0.03,0.32,352.9,1
2022-07-01,2022-07-01 11:36:00,1088.26,1088.61,1088.26,1088.61,0.03,0.32,352.9,1
2022-07-01,2022-07-01 11:37:00,1088.61,1088.96,1088.61,1088.96,0.03,0.32,352.9,1
2022-07-01,2022-07-01 11:38:00,1088.96,1089.31,1088.96,1089.31,0.03,0.32,352.9,1
2022-07-01,2022-07-01 11:39:00,1089.31,1089.67,1089.31,1089.67,0.03,0.32,352.9,1
2022-07-01,2022-07-01 11:40:00,1089.67,1090.02,1089.67,1090.02,0.03,0.32,352.9,1
2022-07-01,2022-07-01 11:41:00,1090.02,1090.37,1090.02,1090.37,0.03,0.32,352.9,1
2022-07-01,2022-07-01 11:42:00,1090.37,1090.72,1090.37,1090.72,0.03,0.32,352.9,1
2022-07-01,2022-07-01 11:43:00,1090.72,1091.07,1090.72,1091.07,0.03,0.32,352.9,1
2022-07-01,2022-07-01 11:44:00,1091.07,1091.42,1091.07,1091.42,0.03,0.32,352.9,1
2022-07-01,2022-07-01 11:45:00,1091.42,1091.78,1091.42,1091.78,0.03,0.32,352.9,1
2022-07-01,2022-07-01 11:46:00,1091.78,1092.13,1091.78,1092.13,0.03,0.32,352.9,1
2022-07-01,2022-07-01 11:47:00,1092.13,1092.48,1092.13,1092.48,0.03,0.32,352.9,1
2022-07-01,2022-07-01 11:48:00,1092.48,1092.83,1092.48,1092.83,0.03,0.32,352.9,1
2022-07-01,2022-07-01 11:49:00,1092.83,1093.18,1092.83,1093.18,0.03,0.32,352.9,1
2022-07-01,2022-07-01 11:50:00,1093.18,1093.53,1093.18,1093.53,0.03,0.32,352.9,1
2022-07-01,2022-07-01 11:51:00,1093.53,1093.89,1093.53,1093.89,0.03,0.32,352.9,1
2022-07-01,2022-07-01 11:52:00,1093.89,1094.24,1093.89,1094.24,0.03,0.32,352.9,1
2022-07-01,2022-07-01 11:53:00,1094.24,1094.59,1094.24,1094.59,0.03,0.32,352.9,1
2022-07-01,2022-07-01 11:54:00,1094.59,1094.94,1094.59,1094.94,0.03,0.32,352.9,1
2022-07-01,2022-07-01 11:55:00,1094.94,1095.29,1094.94,1095.29,0.03,0.32,352.9,1
2022-07-01,2022-07-01 11:56:00,1095.29,1095.64,1095.29,1095.64,0.03,0.32,352.9,1
2022-07-01,2022-07-01 11:57:00,1095.64,1096.0,1095.64,1096.0,0.03,0.32,352.9,1
2022-07-01,2022-07-01 11:58:00,1096.0,1096.35,1096.0,1096.35,0.03,0.32,352.9,1
2022-07-01,2022-07-01 11:59:00,1096.35,1096.7,1096.35,1096.7,0.03,0.32,352.9,1
2022-07-01,2022-07-01 12:00:00,1096.7,1097.05,1096.7,1097.05,0.03,0.32,352.9,1
2022-07-01,2022-07-01 12:01:00,1097.05,1097.4,1097.05,1097.4,0.03,0.32,352.9,1
2022-07-01,2022-07-01 12:02:00,1097.4,1097.75,1097.4,1097.75,0.03,0.32,352.9,1
2022-07-01,2022-07-01 12:03:00,1097.75,1098.11,1097.75,1098.11,0.03,0.32,352.9,1
2022-07-01,2022-07-01 12:04:00,1098.11,1098.46,1098.11,1098.46,0.03,0.32,352.9,1
2022-07-01,2022-07-01 12:05:00,1098.46,1098.81,1098.46,1098.81,0.03,0.32,352.9,1
2022-07-01,2022-07-01 12:06:00,1098.81,1099.16,1098.81,1099.16,0.03,0.32,352.9,1
2022-07-01,2022-07-01 12:07:00,1099.16,1099.51,1099.16,1099.51,0.03,0.32,352.9,1
2022-07-01,2022-07-01 12:08:00,1099.51,1099.87,1099.51,1099.87,0.03,0.32,352.9,1
2022-07-01,2022-07-01 12:09:00,1099.87,1100.22,1099.87,1100.22,0.03,0.32,352.9,1
2022-07-01,2022-07-01 12:10:00,1100.22,1100.57,1100.22,1100.57,0.03,0.32,352.9,1
2022-07-01,2022-07-01 12:11:00,1100.57,1100.92,1100.57,1100.92,0.03,0.32,352.9,1
2022-07-01,2022-07-01 12:12:00,1100.92,1101.27,1100.92,1101.27,0.03,0.32,352.9,1
2022-07-01,2022-07-01 12:13:00,1101.27,1101.62,1101.27,1101.62,0.03,0.32,352.9,1
2022-07-01,2022-07-01 12:14:00,1101.62,1101.97,1101.62,1101.97,0.03,0.32,352.9,1
2022-07-01,2022-07-01 12:15:00,1101.97,1102.33,1101.97,1102.33,0.03,0.32,352.9,1
2022-07-01,2022-07-01 12:16:00,1102.33,1102.68,1102.33,1102.68,0.03,0.32,352.9,1
2022-07-01,2022-07-01 12:17:00,1102.68,1103.03,1102.68,1103.03,0.03,0.32,352.9,1
2022-07-01,2022-07-01 12:18:00,1103.03,1103.38,1103.03,1103.38,0.03,0.32,352.9,1
2022-07-01,2022-07-01 12:19:00,1103.38,1103.73,1103.38,1103.73,0.03,0.32,352.9,1
2022-07-01,2022-07-01 12:20:00,1103.73,1104.09,1103.73,1104.09,0.03,0.32,352.9,1
2022-07-01,2022-07-01 12:21:00,1104.09,1104.44,1104.09,1104.44,0.03,0.32,352.9,1
2022-07-01,2022-07-01 12:22:00,1104.44,1104.79,1104.44,1104.79,0.03,0.32,352.9,1
2022-07-01,2022-07-01 12:23:00,1104.79,1105.14,1104.79,1105.14,0.03,0.32,352.9,1
2022-07-01,2022-07-01 12:24:00,1105.14,1105.49,1105.14,1105.49,0.03,0.32,352.9,1
2022-07-01,2022-07-01 12:25:00,1105.49,1105.84,1105.49,1105.84,0.03,0.32,352.9,1
2022-07-01,2022-07-01 12:26:00,1105.84,1106.19,1105.84,1106.19,0.03,0.32,352.9,1
2022-07-01,2022-07-01 12:27:00,1106.19,1106.55,1106.19,1106.55,0.03,0.32,352.9,1
2022-07-01,2022-07-01 12:28:00,1106.55,1106.9,1106.55,1106.9,0.03,0.32,352.9,1
2022-07-01,2022-07-01 12:29:00,1106.9,1107.25,1106.9,1107.25,0.03,0.32,352.9,1
2022-07-01,2022-07-01 12:30:00,1107.25,1107.6,1107.25,1107.6,0.03,0.32,352.9,1
2022-07-01,2022-07-01 12:31:00,1107.6,1107.95,1107.6,1107.95,0.03,0.32,352.9,1
2022-07-01,2022-07-01 12:32:00,1107.95,1108.3,1107.95,1108.3,0.03,0.32,352.9,1
2022-07-01,2022-07-01 12:33:00,1108.3,1108.66,1108.3,1108.66,0.03,0.32,352.9,1
2022-07-01,2022-07-01 12:34:00,1108.66,1109.01,1108.66,1109.01,0.03,0.32,352.9,1
2022-07-01,2022-07-01 12:35:00,1109.01,1109.36,1109.01,1109.36,0.03,0.32,352.9,1
2022-07-01,2022-07-01 12:36:00,1109.36,1109.71,1109.36,1109.71,0.03,0.32,352.9,1
2022-07-01,2022-07-01 12:37:00,1109.71,1110.06,1109.71,1110.06,0.03,0.32,352.9,1
2022-07-01,2022-07-01 12:38:00,1110.06,1110.41,1110.06,1110.41,0.03,0.32,352.9,1
2022-07-01,2022-07-01 12:39:00,1110.41,1110.77,1110.41,1110.77,0.03,0.32,352.9,1
2022-07-01,2022-07-01 12:40:00,1110.77,1111.12,1110.77,1111.12,0.03,0.32,352.9,1
2022-07-01,2022-07-01 12:41:00,1111.12,1111.47,1111.12,1111.47,0.03,0.32,352.9,1
2022-07-01,2022-07-01 12:42:00,1111.47,1111.82,1111.47,1111.82,0.03,0.32,352.9,1
2022-07-01,2022-07-01 12:43:00,1111.82,1112.17,1111.82,1112.17,0.03,0.32,352.9,1
2022-07-01,2022-07-01 12:44:00,1112.17,1112.52,1112.17,1112.52,0.03,0.32,352.9,1
2022-07-01,2022-07-01 12:45:00,1112.52,1112.88,1112.52,1112.88,0.03,0.32,352.9,1
2022-07-01,2022-07-01 12:46:00,1112.88,1113.23,1112.88,1113.23,0.03,0.32,352.9,1
2022-07-01,2022-07-01 12:47:00,1113.23,1113.58,1113.23,1113.58,0.03,0.32,352.9,1
2022-07-01,2022-07-01 12:48:00,1113.58,1113.93,1113.58,1113.93,0.03,0.32,352.9,1
2022-07-01,2022-07-01 12:49:00,1113.93,1114.28,1113.93,1114.28,0.03,0.32,352.9,1
2022-07-01,2022-07-01 12:50:00,1114.28,1114.63,1114.28,1114.63,0.03,0.32,352.9,1
2022-07-01,2022-07-01 12:51:00,1114.63,1114.99,1114.63,1114.99,0.03,0.32,352.9,1
2022-07-01,2022-07-01 12:52:00,1114.99,1115.34,1114.99,1115.34,0.03,0.32,352.9,1
2022-07-01,2022-07-01 12:53:00,1115.34,1115.69,1115.34,1115.69,0.03,0.32,352.9,1
2022-07-01,2022-07-01 12:54:00,1115.69,1116.04,1115.69,1116.04,0.03,0.32,352.9,1
2022-07-01,2022-07-01 12:55:00,1116.04,1116.39,1116.04,1116.39,0.03,0.32,352.9,1
2022-07-01,2022-07-01 12:56:00,1116.39,1116.74,1116.39,1116.74,0.03,0.32,352.9,1
2022-07-01,2022-07-01 12:57:00,1116.74,1117.1,1116.74,1117.1,0.03,0.32,352.9,1
2022-07-01,2022-07-01 12:58:00,1117.1,1117.45,1117.1,1117.45,0.03,0.32,352.9,1
2022-07-01,2022-07-01 12:59:00,1117.45,1117.8,1117.45,1117.8,0.03,0.32,352.9,1
2022-07-01,2022-07-01 13:00:00,1117.8,1160.0,1075.6,1118.15,0.03,0.32,352.9,1
2022-07-01,2022-07-01 13:01:00,1118.15,1118.5,1118.15,1118.5,0.03,0.32,352.9,1
2022-07-01,2022-07-01 13:02:00,1118.5,1118.86,1118.5,1118.86,0.03,0.32,352.9,1
2022-07-01,2022-07-01 13:03:00,1118.86,1119.21,1118.86,1119.21,0.03,0.32,352.9,1
2022-07-01,2022-07-01 13:04:00,1119.21,1119.56,1119.21,1119.56,0.03,0.32,352.9,1
2022-07-01,2022-07-01 13:05:00,1119.56,1119.91,1119.56,1119.91,0.03,0.32,352.9,1
2022-07-01,2022-07-01 13:06:00,1119.91,1120.26,1119.91,1120.26,0.03,0.32,352.9,1
2022-07-01,2022-07-01 13:07:00,1120.26,1120.61,1120.26,1120.61,0.03,0.32,352.9,1
2022-07-01,2022-07-01 13:08:00,1120.61,1120.96,1120.61,1120.96,0.03,0.32,352.9,1
2022-07-01,2022-07-01 13:09:00,1120.96,1121.32,1120.96,1121.32,0.03,0.32,352.9,1
2022-07-01,2022-07-01 13:10:00,1121.32,1121.67,1121.32,1121.67,0.03,0.32,352.9,1
2022-07-01,2022-07-01 13:11:00,1121.67,1122.02,1121.67,1122.02,0.03,0.32,352.9,1
2022-07-01,2022-07-01 13:12:00,1122.02,1122.37,1122.02,1122.37,0.03,0.32,352.9,1
2022-07-01,2022-07-01 13:13:00,1122.37,1122.72,1122.37,1122.72,0.03,0.32,352.9,1
2022-07-01,2022-07-01 13:14:00,1122.72,1123.08,1122.72,1123.08,0.03,0.32,352.9,1
2022-07-01,2022-07-01 13:15:00,1123.08,1123.43,1123.08,1123.43,0.03,0.32,352.9,1
2022-07-01,2022-07-01 13:16:00,1123.43,1123.78,1123.43,1123.78,0.03,0.32,352.9,1
2022-07-01,2022-07-01 13:17:00,1123.78,1124.13,1123.78,1124.13,0.03,0.32,352.9,1
2022-07-01,2022-07-01 13:18:00,1124.13,1124.48,1124.13,1124.48,0.03,0.32,352.9,1
2022-07-01,2022-07-01 13:19:00,1124.48,1124.83,1124.48,1124.83,0.03,0.32,352.9,1
2022-07-01,2022-07-01 13:20:00,1124.83,1125.18,1124.83,1125.18,0.03,0.32,352.9,1
2022-07-01,2022-07-01 13:21:00,1125.18,1125.54,1125.18,1125.54,0.03,0.32,352.9,1
2022-07-01,2022-07-01 13:22:00,1125.54,1125.89,1125.54,1125.89,0.03,0.32,352.9,1
2022-07-01,2022-07-01 13:23:00,1125.89,1126.24,1125.89,1126.24,0.03,0.32,352.9,1
2022-07-01,2022-07-01 13:24:00,1126.24,1126.59,1126.24,1126.59,0.03,0.32,352.9,1
2022-07-01,2022-07-01 13:25:00,1126.59,1126.94,1126.59,1126.94,0.03,0.32,352.9,1
2022-07-01,2022-07-01 13:26:00,1126.94,1127.3,1126.94,1127.3,0.03,0.32,352.9,1
2022-07-01,2022-07-01 13:27:00,1127.3,1127.65,1127.3,1127.65,0.03,0.32,352.9,1
2022-07-01,2022-07-01 13:28:00,1127.65,1128.0,1127.65,1128.0,0.03,0.32,352.9,1
2022-07-01,2022-07-01 13:29:00,1128.0,1128.35,1128.0,1128.35,0.03,0.32,352.9,1
2022-07-01,2022-07-01 13:30:00,1128.35,1128.7,1128.35,1128.7,0.03,0.32,352.9,1
2022-07-01,2022-07-01 13:31:00,1128.7,1129.05,1128.7,1129.05,0.03,0.32,352.9,1
2022-07-01,2022-07-01 13:32:00,1129.05,1129.4,1129.05,1129.4,0.03,0.32,352.9,1
2022-07-01,2022-07-01 13:33:00,1129.4,1129.76,1129.4,1129.76,0.03,0.32,352.9,1
2022-07-01,2022-07-01 13:34:00,1129.76,1130.11,1129.76,1130.11,0.03,0.32,352.9,1
2022-07-01,2022-07-01 13:35:00,1130.11,1130.46,1130.11,1130.46,0.03,0.32,352.9,1
2022-07-01,2022-07-01 13:36:00,1130.46,1130.81,1130.46,1130.81,0.03,0.32,352.9,1
2022-07-01,2022-07-01 13:37:00,1130.81,1131.16,1130.81,1131.16,0.03,0.32,352.9,1
2022-07-01,2022-07-01 13:38:00,1131.16,1131.51,1131.16,1131.51,0.03,0.32,352.9,1
2022-07-01,2022-07-01 13:39:00,1131.51,1131.87,1131.51,1131.87,0.03,0.32,352.9,1
2022-07-01,2022-07-01 13:40:00,1131.87,1132.22,1131.87,1132.22,0.03,0.32,352.9,1
2022-07-01,2022-07-01 13:41:00,1132.22,1132.57,1132.22,1132.57,0.03,0.32,352.9,1
2022-07-01,2022-07-01 13:42:00,1132.57,1132.92,1132.57,1132.92,0.03,0.32,352.9,1
2022-07-01,2022-07-01 13:43:00,1132.92,1133.27,1132.92,1133.27,0.03,0.32,352.9,1
2022-07-01,2022-07-01 13:44:00,1133.27,1133.62,1133.27,1133.62,0.03,0.32,352.9,1
2022-07-01,2022-07-01 13:45:00,1133.62,1133.98,1133.62,1133.98,0.03,0.32,352.9,1
2022-07-01,2022-07-01 13:46:00,1133.98,1134.33,1133.98,1134.33,0.03,0.32,352.9,1
2022-07-01,2022-07-01 13:47:00,1134.33,1134.68,1134.33,1134.68,0.03,0.32,352.9,1
2022-07-01,2022-07-01 13:48:00,1134.68,1135.03,1134.68,1135.03,0.03,0.32,352.9,1
2022-07-01,2022-07-01 13:49:00,1135.03,1135.38,1135.03,1135.38,0.03,0.32,352.9,1
2022-07-01,2022-07-01 13:50:00,1135.38,1135.73,1135.38,1135.73,0.03,0.32,352.9,1
2022-07-01,2022-07-01 13:51:00,1135.73,1136.09,1135.73,1136.09,0.03,0.32,352.9,1
2022-07-01,2022-07-01 13:52:00,1136.09,1136.44,1136.09,1136.44,0.03,0.32,352.9,1
2022-07-01,2022-07-01 13:53:00,1136.44,1136.79,1136.44,1136.79,0.03,0.32,352.9,1
2022-07-01,2022-07-01 13:54:00,1136.79,1137.14,1136.79,1137.14,0.03,0.32,352.9,1
2022-07-01,2022-07-01 13:55:00,1137.14,1137.49,1137.14,1137.49,0.03,0.32,352.9,1
2022-07-01,2022-07-01 13:56:00,1137.49,1137.85,1137.49,1137.85,0.03,0.32,352.9,1
2022-07-01,2022-07-01 13:57:00,1137.85,1138.2,1137.85,1138.2,0.03,0.32,352.9,1
2022-07-01,2022-07-01 13:58:00,1138.2,1138.55,1138.2,1138.55,0.03,0.32,352.9,1
2022-07-01,2022-07-01 13:59:00,1138.55,1138.9,1138.55,1138.9,0.03,0.32,352.9,1
2022-07-01,2022-07-01 14:00:00,1138.9,1139.25,1138.9,1139.25,0.03,0.32,352.9,1
2022-07-01,2022-07-01 14:01:00,1139.25,1139.6,1139.25,1139.6,0.03,0.32,352.9,1
2022-07-01,2022-07-01 14:02:00,1139.6,1139.95,1139.6,1139.95,0.03,0.32,352.9,1
2022-07-01,2022-07-01 14:03:00,1139.95,1140.31,1139.95,1140.31,0.03,0.32,352.9,1
2022-07-01,2022-07-01 14:04:00,1140.31,1140.66,1140.31,1140.66,0.03,0.32,352.9,1
2022-07-01,2022-07-01 14:05:00,1140.66,1141.01,1140.66,1141.01,0.03,0.32,352.9,1
2022-07-01,2022-07-01 14:06:00,1141.01,1141.36,1141.01,1141.36,0.03,0.32,352.9,1
2022-07-01,2022-07-01 14:07:00,1141.36,1141.71,1141.36,1141.71,0.03,0.32,352.9,1
2022-07-01,2022-07-01 14:08:00,1141.71,1142.07,1141.71,1142.07,0.03,0.32,352.9,1
2022-07-01,2022-07-01 14:09:00,1142.07,1142.42,1142.07,1142.42,0.03,0.32,352.9,1
2022-07-01,2022-07-01 14:10:00,1142.42,1142.77,1142.42,1142.77,0.03,0.32,352.9,1
2022-07-01,2022-07-01 14:11:00,1142.77,1143.12,1142.77,1143.12,0.03,0.32,352.9,1
2022-07-01,2022-07-01 14:12:00,1143.12,1143.47,1143.12,1143.47,0.03,0.32,352.9,1
2022-07-01,2022-07-01 14:13:00,1143.47,1143.82,1143.47,1143.82,0.03,0.32,352.9,1
2022-07-01,2022-07-01 14:14:00,1143.82,1144.17,1143.82,1144.17,0.03,0.32,352.9,1
2022-07-01,2022-07-01 14:15:00,1144.17,1144.53,1144.17,1144.53,0.03,0.32,352.9,1
2022-07-01,2022-07-01 14:16:00,1144.53,1144.88,1144.53,1144.88,0.03,0.32,352.9,1
2022-07-01,2022-07-01 14:17:00,1144.88,1145.23,1144.88,1145.23,0.03,0.32,352.9,1
2022-07-01,2022-07-01 14:18:00,1145.23,1145.58,1145.23,1145.58,0.03,0.32,352.9,1
2022-07-01,2022-07-01 14:19:00,1145.58,1145.93,1145.58,1145.93,0.03,0.32,352.9,1
2022-07-01,2022-07-01 14:20:00,1145.93,1146.29,1145.93,1146.29,0.03,0.32,352.9,1
2022-07-01,2022-07-01 14:21:00,1146.29,1146.64,1146.29,1146.64,0.03,0.32,352.9,1
2022-07-01,2022-07-01 14:22:00,1146.64,1146.99,1146.64,1146.99,0.03,0.32,352.9,1
2022-07-01,2022-07-01 14:23:00,1146.99,1147.34,1146.99,1147.34,0.03,0.32,352.9,1
2022-07-01,2022-07-01 14:24:00,1147.34,1147.69,1147.34,1147.69,0.03,0.32,352.9,1
2022-07-01,2022-07-01 14:25:00,1147.69,1148.04,1147.69,1148.04,0.03,0.32,352.9,1
2022-07-01,2022-07-01 14:26:00,1148.04,1148.39,1148.04,1148.39,0.03,0.32,352.9,1
2022-07-01,2022-07-01 14:27:00,1148.39,1148.75,1148.39,1148.75,0.03,0.32,352.9,1
2022-07-01,2022-07-01 14:28:00,1148.75,1149.1,1148.75,1149.1,0.03,0.32,352.9,1
2022-07-01,2022-07-01 14:29:00,1149.1,1149.45,1149.1,1149.45,0.03,0.32,352.9,1
2022-07-01,2022-07-01 14:30:00,1149.45,1149.8,1149.45,1149.8,0.03,0.32,352.9,1
2022-07-01,2022-07-01 14:31:00,1149.8,1150.15,1149.8,1150.15,0.03,0.32,352.9,1
2022-07-01,2022-07-01 14:32:00,1150.15,1150.5,1150.15,1150.5,0.03,0.32,352.9,1
2022-07-01,2022-07-01 14:33:00,1150.5,1150.86,1150.5,1150.86,0.03,0.32,352.9,1
2022-07-01,2022-07-01 14:34:00,1150.86,1151.21,1150.86,1151.21,0.03,0.32,352.9,1
2022-07-01,2022-07-01 14:35:00,1151.21,1151.56,1151.21,1151.56,0.03,0.32,352.9,1
2022-07-01,2022-07-01 14:36:00,1151.56,1151.91,1151.56,1151.91,0.03,0.32,352.9,1
2022-07-01,2022-07-01 14:37:00,1151.91,1152.26,1151.91,1152.26,0.03,0.32,352.9,1
2022-07-01,2022-07-01 14:38:00,1152.26,1152.62,1152.26,1152.62,0.03,0.32,352.9,1
2022-07-01,2022-07-01 14:39:00,1152.62,1152.97,1152.62,1152.97,0.03,0.32,352.9,1
2022-07-01,2022-07-01 14:40:00,1152.97,1153.32,1152.97,1153.32,0.03,0.32,352.9,1
2022-07-01,2022-07-01 14:41:00,1153.32,1153.67,1153.32,1153.67,0.03,0.32,352.9,1
2022-07-01,2022-07-01 14:42:00,1153.67,1154.02,1153.67,1154.02,0.03,0.32,352.9,1
2022-07-01,2022-07-01 14:43:00,1154.02,1154.37,1154.02,1154.37,0.03,0.32,352.9,1
2022-07-01,2022-07-01 14:44:00,1154.37,1154.72,1154.37,1154.72,0.03,0.32,352.9,1
2022-07-01,2022-07-01 14:45:00,1154.72,1155.08,1154.72,1155.08,0.03,0.32,352.9,1
2022-07-01,2022-07-01 14:46:00,1155.08,1155.43,1155.08,1155.43,0.03,0.32,352.9,1
2022-07-01,2022-07-01 14:47:00,1155.43,1155.78,1155.43,1155.78,0.03,0.32,352.9,1
2022-07-01,2022-07-01 14:48:00,1155.78,1156.13,1155.78,1156.13,0.03,0.32,352.9,1
2022-07-01,2022-07-01 14:49:00,1156.13,1156.48,1156.13,1156.48,0.03,0.32,352.9,1
2022-07-01,2022-07-01 14:50:00,1156.48,1156.84,1156.48,1156.84,0.03,0.32,352.9,1
2022-07-01,2022-07-01 14:51:00,1156.84,1157.19,1156.84,1157.19,0.03,0.32,352.9,1
2022-07-01,2022-07-01 14:52:00,1157.19,1157.54,1157.19,1157.54,0.03,0.32,352.9,1
2022-07-01,2022-07-01 14:53:00,1157.54,1157.89,1157.54,1157.89,0.03,0.32,352.9,1
2022-07-01,2022-07-01 14:54:00,1157.89,1158.24,1157.89,1158.24,0.03,0.32,352.9,1
2022-07-01,2022-07-01 14:55:00,1158.24,1158.59,1158.24,1158.59,0.03,0.32,352.9,1
2022-07-01,2022-07-01 14:56:00,1158.59,1158.94,1158.59,1158.94,0.03,0.32,352.9,1
2022-07-01,2022-07-01 14:57:00,1158.94,1159.3,1158.94,1159.3,0.03,0.32,352.9,1
2022-07-01,2022-07-01 14:58:00,1159.3,1159.65,1159.3,1159.65,0.03,0.32,352.9,1
2022-07-01,2022-07-01 14:59:00,1159.65,1160.0,1159.65,1160.0,0.03,0.32,352.9,1
2022-07-01,2022-07-01 15:00:00,1160.0,1160.0,1075.6,1160.0,0.0,0.32,352.9,0
2022-07-03,2022-07-03 11:00:00,1183.2,1211.04,1183.2,1183.59,0.03,0.37,455.44,1
2022-07-03,2022-07-03 11:01:00,1183.59,1183.97,1183.59,1183.97,0.03,0.37,455.44,1
2022-07-03,2022-07-03 11:02:00,1183.97,1184.36,1183.97,1184.36,0.03,0.37,455.44,1
2022-07-03,2022-07-03 11:03:00,1184.36,1184.75,1184.36,1184.75,0.03,0.37,455.44,1
2022-07-03,2022-07-03 11:04:00,1184.75,1185.13,1184.75,1185.13,0.03,0.37,455.44,1
2022-07-03,2022-07-03 11:05:00,1185.13,1185.52,1185.13,1185.52,0.03,0.37,455.44,1
2022-07-03,2022-07-03 11:06:00,1185.52,1185.91,1185.52,1185.91,0.03,0.37,455.44,1
2022-07-03,2022-07-03 11:07:00,1185.91,1186.29,1185.91,1186.29,0.03,0.37,455.44,1
2022-07-03,2022-07-03 11:08:00,1186.29,1186.68,1186.29,1186.68,0.03,0.37,455.44,1
2022-07-03,2022-07-03 11:09:00,1186.68,1187.07,1186.68,1187.07,0.03,0.37,455.44,1
2022-07-03,2022-07-03 11:10:00,1187.07,1187.45,1187.07,1187.45,0.03,0.37,455.44,1
2022-07-03,2022-07-03 11:11:00,1187.45,1187.84,1187.45,1187.84,0.03,0.37,455.44,1
2022-07-03,2022-07-03 11:12:00,1187.84,1188.23,1187.84,1188.23,0.03,0.37,455.44,1
2022-07-03,2022-07-03 11:13:00,1188.23,1188.61,1188.23,1188.61,0.03,0.37,455.44,1
2022-07-03,2022-07-03 11:14:00,1188.61,1189.0,1188.61,1189.0,0.03,0.37,455.44,1
2022-07-03,2022-07-03 11:15:00,1189.0,1189.39,1189.0,1189.39,0.03,0.37,455.44,1
2022-07-03,2022-07-03 11:16:00,1189.39,1189.77,1189.39,1189.77,0.03,0.37,455.44,1
2022-07-03,2022-07-03 11:17:00,1189.77,1190.16,1189.77,1190.16,0.03,0.37,455.44,1
2022-07-03,2022-07-03 11:18:00,1190.16,1190.55,1190.16,1190.55,0.03,0.37,455.44,1
2022-07-03,2022-07-03 11:19:00,1190.55,1190.93,1190.55,1190.93,0.03,0.37,455.44,1
2022-07-03,2022-07-03 11:20:00,1190.93,1191.32,1190.93,1191.32,0.03,0.37,455.44,1
2022-07-03,2022-07-03 11:21:00,1191.32,1191.71,1191.32,1191.71,0.03,0.37,455.44,1
2022-07-03,2022-07-03 11:22:00,1191.71,1192.09,1191.71,1192.09,0.03,0.37,455.44,1
2022-07-03,2022-07-03 11:23:00,1192.09,1192.48,1192.09,1192.48,0.03,0.37,455.44,1
2022-07-03,2022-07-03 11:24:00,1192.48,1192.87,1192.48,1192.87,0.03,0.37,455.44,1
2022-07-03,2022-07-03 11:25:00,1192.87,1193.25,1192.87,1193.25,0.03,0.37,455.44,1
2022-07-03,2022-07-03 11:26:00,1193.25,1193.64,1193.25,1193.64,0.03,0.37,455.44,1
2022-07-03,2022-07-03 11:27:00,1193.64,1194.03,1193.64,1194.03,0.03,0.37,455.44,1
2022-07-03,2022-07-03 11:28:00,1194.03,1194.41,1194.03,1194.41,0.03,0.37,455.44,1
2022-07-03,2022-07-03 11:29:00,1194.41,1194.8,1194.41,1194.8,0.03,0.37,455.44,1
2022-07-03,2022-07-03 11:30:00,1194.8,1195.19,1194.8,1195.19,0.03,0.37,455.44,1
2022-07-03,2022-07-03 11:31:00,1195.19,1195.57,1195.19,1195.57,0.03,0.37,455.44,1
2022-07-03,2022-07-03 11:32:00,1195.57,1195.96,1195.57,1195.96,0.03,0.37,455.44,1
2022-07-03,2022-07-03 11:33:00,1195.96,1196.35,1195.96,1196.35,0.03,0.37,455.44,1
2022-07-03,2022-07-03 11:34:00,1196.35,1196.73,1196.35,1196.73,0.03,0.37,455.44,1
2022-07-03,2022-07-03 11:35:00,1196.73,1197.12,1196.73,1197.12,0.03,0.37,455.44,1
2022-07-03,2022-07-03 11:36:00,1197.12,1197.51,1197.12,1197.51,0.03,0.37,455.44,1
2022-07-03,2022-07-03 11:37:00,1197.51,1197.89,1197.51,1197.89,0.03,0.37,455.44,1
2022-07-03,2022-07-03 11:38:00,1197.89,1198.28,1197.89,1198.28,0.03,0.37,455.44,1
2022-07-03,2022-07-03 11:39:00,1198.28,1198.67,1198.28,1198.67,0.03,0.37,455.44,1
2022-07-03,2022-07-03 11:40:00,1198.67,1199.05,1198.67,1199.05,0.03,0.37,455.44,1
2022-07-03,2022-07-03 11:41:00,1199.05,1199.44,1199.05,1199.44,0.03,0.37,455.44,1
2022-07-03,2022-07-03 11:42:00,1199.44,1199.83,1199.44,1199.83,0.03,0.37,455.44,1
2022-07-03,2022-07-03 11:43:00,1199.83,1200.21,1199.83,1200.21,0.03,0.37,455.44,1
2022-07-03,2022-07-03 11:44:00,1200.21,1200.6,1200.21,1200.6,0.03,0.37,455.44,1
2022-07-03,2022-07-03 11:45:00,1200.6,1200.99,1200.6,1200.99,0.03,0.37,455.44,1
2022-07-03,2022-07-03 11:46:00,1200.99,1201.37,1200.99,1201.37,0.03,0.37,455.44,1
2022-07-03,2022-07-03 11:47:00,1201.37,1201.76,1201.37,1201.76,0.03,0.37,455.44,1
2022-07-03,2022-07-03 11:48:00,1201.76,1202.15,1201.76,1202.15,0.03,0.37,455.44,1
2022-07-03,2022-07-03 11:49:00,1202.15,1202.53,1202.15,1202.53,0.03,0.37,455.44,1
2022-07-03,2022-07-03 11:50:00,1202.53,1202.92,1202.53,1202.92,0.03,0.37,455.44,1
2022-07-03,2022-07-03 11:51:00,1202.92,1203.31,1202.92,1203.31,0.03,0.37,455.44,1
2022-07-03,2022-07-03 11:52:00,1203.31,1203.69,1203.31,1203.69,0.03,0.37,455.44,1
2022-07-03,2022-07-03 11:53:00,1203.69,1204.08,1203.69,1204.08,0.03,0.37,455.44,1
2022-07-03,2022-07-03 11:54:00,1204.08,1204.47,1204.08,1204.47,0.03,0.37,455.44,1
2022-07-03,2022-07-03 11:55:00,1204.47,1204.85,1204.47,1204.85,0.03,0.37,455.44,1
2022-07-03,2022-07-03 11:56:00,1204.85,1205.24,1204.85,1205.24,0.03,0.37,455.44,1
2022-07-03,2022-07-03 11:57:00,1205.24,1205.63,1205.24,1205.63,0.03,0.37,455.44,1
2022-07-03,2022-07-03 11:58:00,1205.63,1206.01,1205.63,1206.01,0.03,0.37,455.44,1
2022-07-03,2022-07-03 11:59:00,1206.01,1206.4,1206.01,1206.4,0.03,0.37,455.44,1
2022-07-03,2022-07-03 12:00:00,1206.4,1206.79,1206.4,1206.79,0.03,0.37,455.44,1
2022-07-03,2022-07-03 12:01:00,1206.79,1207.17,1206.79,1207.17,0.03,0.37,455.44,1
2022-07-03,2022-07-03 12:02:00,1207.17,1207.56,1207.17,1207.56,0.03,0.37,455.44,1
2022-07-03,2022-07-03 12:03:00,1207.56,1207.95,1207.56,1207.95,0.03,0.37,455.44,1
2022-07-03,2022-07-03 12:04:00,1207.95,1208.33,1207.95,1208.33,0.03,0.37,455.44,1
2022-07-03,2022-07-03 12:05:00,1208.33,1208.72,1208.33,1208.72,0.03,0.37,455.44,1
2022-07-03,2022-07-03 12:06:00,1208.72,1209.11,1208.72,1209.11,0.03,0.37,455.44,1
2022-07-03,2022-07-03 12:07:00,1209.11,1209.49,1209.11,1209.49,0.03,0.37,455.44,1
2022-07-03,2022-07-03 12:08:00,1209.49,1209.88,1209.49,1209.88,0.03,0.37,455.44,1
2022-07-03,2022-07-03 12:09:00,1209.88,1210.27,1209.88,1210.27,0.03,0.37,455.44,1
2022-07-03,2022-07-03 12:10:00,1210.27,1210.65,1210.27,1210.65,0.03,0.37,455.44,1
2022-07-03,2022-07-03 12:11:00,1210.65,1211.04,1210.65,1211.04,0.03,0.37,455.44,1
2022-07-03,2022-07-03 12:12:00,1211.04,1211.43,1211.04,1211.43,0.03,0.37,455.44,1
2022-07-03,2022-07-03 12:13:00,1211.43,1211.81,1211.43,1211.81,0.03,0.37,455.44,1
2022-07-03,2022-07-03 12:14:00,1211.81,1212.2,1211.81,1212.2,0.03,0.37,455.44,1
2022-07-03,2022-07-03 12:15:00,1212.2,1212.59,1212.2,1212.59,0.03,0.37,455.44,1
2022-07-03,2022-07-03 12:16:00,1212.59,1212.97,1212.59,1212.97,0.03,0.37,455.44,1
2022-07-03,2022-07-03 12:17:00,1212.97,1213.36,1212.97,1213.36,0.03,0.37,455.44,1
2022-07-03,2022-07-03 12:18:00,1213.36,1213.75,1213.36,1213.75,0.03,0.37,455.44,1
2022-07-03,2022-07-03 12:19:00,1213.75,1214.13,1213.75,1214.13,0.03,0.37,455.44,1
2022-07-03,2022-07-03 12:20:00,1214.13,1214.52,1214.13,1214.52,0.03,0.37,455.44,1
2022-07-03,2022-07-03 12:21:00,1214.52,1214.91,1214.52,1214.91,0.03,0.37,455.44,1
2022-07-03,2022-07-03 12:22:00,1214.91,1215.29,1214.91,1215.29,0.03,0.37,455.44,1
2022-07-03,2022-07-03 12:23:00,1215.29,1215.68,1215.29,1215.68,0.03,0.37,455.44,1
2022-07-03,2022-07-03 12:24:00,1215.68,1216.07,1215.68,1216.07,0.03,0.37,455.44,1
2022-07-03,2022-07-03 12:25:00,1216.07,1216.45,1216.07,1216.45,0.03,0.37,455.44,1
2022-07-03,2022-07-03 12:26:00,1216.45,1216.84,1216.45,1216.84,0.03,0.37,455.44,1
2022-07-03,2022-07-03 12:27:00,1216.84,1217.23,1216.84,1217.23,0.03,0.37,455.44,1
2022-07-03,2022-07-03 12:28:00,1217.23,1217.61,1217.23,1217.61,0.03,0.37,455.44,1
2022-07-03,2022-07-03 12:29:00,1217.61,1218.0,1217.61,1218.0,0.03,0.37,455.44,1
2022-07-03,2022-07-03 12:30:00,1218.0,1218.39,1218.0,1218.39,0.03,0.37,455.44,1
2022-07-03,2022-07-03 12:31:00,1218.39,1218.77,1218.39,1218.77,0.03,0.37,455.44,1
2022-07-03,2022-07-03 12:32:00,1218.77,1219.16,1218.77,1219.16,0.03,0.37,455.44,1
2022-07-03,2022-07-03 12:33:00,1219.16,1219.55,1219.16,1219.55,0.03,0.37,455.44,1
2022-07-03,2022-07-03 12:34:00,1219.55,1219.93,1219.55,1219.93,0.03,0.37,455.44,1
2022-07-03,2022-07-03 12:35:00,1219.93,1220.32,1219.93,1220.32,0.03,0.37,455.44,1
2022-07-03,2022-07-03 12:36:00,1220.32,1220.71,1220.32,1220.71,0.03,0.37,455.44,1
2022-07-03,2022-07-03 12:37:00,1220.71,1221.09,1220.71,1221.09,0.03,0.37,455.44,1
2022-07-03,2022-07-03 12:38:00,1221.09,1221.48,1221.09,1221.48,0.03,0.37,455.44,1
2022-07-03,2022-07-03 12:39:00,1221.48,1221.87,1221.48,1221.87,0.03,0.37,455.44,1
2022-07-03,2022-07-03 12:40:00,1221.87,1222.25,1221.87,1222.25,0.03,0.37,455.44,1
2022-07-03,2022-07-03 12:41:00,1222.25,1222.64,1222.25,1222.64,0.03,0.37,455.44,1
2022-07-03,2022-07-03 12:42:00,1222.64,1223.03,1222.64,1223.03,0.03,0.37,455.44,1
2022-07-03,2022-07-03 12:43:00,1223.03,1223.41,1223.03,1223.41,0.03,0.37,455.44,1
2022-07-03,2022-07-03 12:44:00,1223.41,1223.8,1223.41,1223.8,0.03,0.37,455.44,1
2022-07-03,2022-07-03 12:45:00,1223.8,1224.19,1223.8,1224.19,0.03,0.37,455.44,1
2022-07-03,2022-07-03 12:46:00,1224.19,1224.57,1224.19,1224.57,0.03,0.37,455.44,1
2022-07-03,2022-07-03 12:47:00,1224.57,1224.96,1224.57,1224.96,0.03,0.37,455.44,1
2022-07-03,2022-07-03 12:48:00,1224.96,1225.35,1224.96,1225.35,0.03,0.37,455.44,1
2022-07-03,2022-07-03 12:49:00,1225.35,1225.73,1225.35,1225.73,0.03,0.37,455.44,1
2022-07-03,2022-07-03 12:50:00,1225.73,1226.12,1225.73,1226.12,0.03,0.37,455.44,1
2022-07-03,2022-07-03 12:51:00,1226.12,1226.51,1226.12,1226.51,0.03,0.37,455.44,1
2022-07-03,2022-07-03 12:52:00,1226.51,1226.89,1226.51,1226.89,0.03,0.37,455.44,1
2022-07-03,2022-07-03 12:53:00,1226.89,1227.28,1226.89,1227.28,0.03,0.37,455.44,1
2022-07-03,2022-07-03 12:54:00,1227.28,1227.67,1227.28,1227.67,0.03,0.37,455.44,1
2022-07-03,2022-07-03 12:55:00,1227.67,1228.05,1227.67,1228.05,0.03,0.37,455.44,1
2022-07-03,2022-07-03 12:56:00,1228.05,1228.44,1228.05,1228.44,0.03,0.37,455.44,1
2022-07-03,2022-07-03 12:57:00,1228.44,1228.83,1228.44,1228.83,0.03,0.37,455.44,1
2022-07-03,2022-07-03 12:58:00,1228.83,1229.21,1228.83,1229.21,0.03,0.37,455.44,1
2022-07-03,2022-07-03 12:59:00,1229.21,1229.6,1229.21,1229.6,0.03,0.37,455.44,1
2022-07-03,2022-07-03 13:00:00,1229.6,1276.0,1183.2,1229.99,0.03,0.37,455.44,1
2022-07-03,2022-07-03 13:01:00,1229.99,1230.37,1229.99,1230.37,0.03,0.37,455.44,1
2022-07-03,2022-07-03 13:02:00,1230.37,1230.76,1230.37,1230.76,0.03,0.37,455.44,1
2022-07-03,2022-07-03 13:03:00,1230.76,1231.15,1230.76,1231.15,0.03,0.37,455.44,1
2022-07-03,2022-07-03 13:04:00,1231.15,1231.53,1231.15,1231.53,0.03,0.37,455.44,1
2022-07-03,2022-07-03 13:05:00,1231.53,1231.92,1231.53,1231.92,0.03,0.37,455.44,1
2022-07-03,2022-07-03 13:06:00,1231.92,1232.31,1231.92,1232.31,0.03,0.37,455.44,1
2022-07-03,2022-07-03 13:07:00,1232.31,1232.69,1232.31,1232.69,0.03,0.37,455.44,1
2022-07-03,2022-07-03 13:08:00,1232.69,1233.08,1232.69,1233.08,0.03,0.37,455.44,1
2022-07-03,2022-07-03 13:09:00,1233.08,1233.47,1233.08,1233.47,0.03,0.37,455.44,1
2022-07-03,2022-07-03 13:10:00,1233.47,1233.85,1233.47,1233.85,0.03,0.37,455.44,1
2022-07-03,2022-07-03 13:11:00,1233.85,1234.24,1233.85,1234.24,0.03,0.37,455.44,1
2022-07-03,2022-07-03 13:12:00,1234.24,1234.63,1234.24,1234.63,0.03,0.37,455.44,1
2022-07-03,2022-07-03 13:13:00,1234.63,1235.01,1234.63,1235.01,0.03,0.37,455.44,1
2022-07-03,2022-07-03 13:14:00,1235.01,1235.4,1235.01,1235.4,0.03,0.37,455.44,1
2022-07-03,2022-07-03 13:15:00,1235.4,1235.79,1235.4,1235.79,0.03,0.37,455.44,1
2022-07-03,2022-07-03 13:16:00,1235.79,1236.17,1235.79,1236.17,0.03,0.37,455.44,1
2022-07-03,2022-07-03 13:17:00,1236.17,1236.56,1236.17,1236.56,0.03,0.37,455.44,1
2022-07-03,2022-07-03 13:18:00,1236.56,1236.95,1236.56,1236.95,0.03,0.37,455.44,1
2022-07-03,2022-07-03 13:19:00,1236.95,1237.33,1236.95,1237.33,0.03,0.37,455.44,1
2022-07-03,2022-07-03 13:20:00,1237.33,1237.72,1237.33,1237.72,0.03,0.37,455.44,1
2022-07-03,2022-07-03 13:21:00,1237.72,1238.11,1237.72,1238.11,0.03,0.37,455.44,1
2022-07-03,2022-07-03 13:22:00,1238.11,1238.49,1238.11,1238.49,0.03,0.37,455.44,1
2022-07-03,2022-07-03 13:23:00,1238.49,1238.88,1238.49,1238.88,0.03,0.37,455.44,1
2022-07-03,2022-07-03 13:24:00,1238.88,1239.27,1238.88,1239.27,0.03,0.37,455.44,1
2022-07-03,2022-07-03 13:25:00,1239.27,1239.65,1239.27,1239.65,0.03,0.37,455.44,1
2022-07-03,2022-07-03 13:26:00,1239.65,1240.04,1239.65,1240.04,0.03,0.37,455.44,1
2022-07-03,2022-07-03 13:27:00,1240.04,1240.43,1240.04,1240.43,0.03,0.37,455.44,1
2022-07-03,2022-07-03 13:28:00,1240.43,1240.81,1240.43,1240.81,0.03,0.37,455.44,1
2022-07-03,2022-07-03 13:29:00,1240.81,1241.2,1240.81,1241.2,0.03,0.37,455.44,1
2022-07-03,2022-07-03 13:30:00,1241.2,1241.59,1241.2,1241.59,0.03,0.37,455.44,1
2022-07-03,2022-07-03 13:31:00,1241.59,1241.97,1241.59,1241.97,0.03,0.37,455.44,1
2022-07-03,2022-07-03 13:32:00,1241.97,1242.36,1241.97,1242.36,0.03,0.37,455.44,1
2022-07-03,2022-07-03 13:33:00,1242.36,1242.75,1242.36,1242.75,0.03,0.37,455.44,1
2022-07-03,2022-07-03 13:34:00,1242.75,1243.13,1242.75,1243.13,0.03,0.37,455.44,1
2022-07-03,2022-07-03 13:35:00,1243.13,1243.52,1243.13,1243.52,0.03,0.37,455.44,1
2022-07-03,2022-07-03 13:36:00,1243.52,1243.91,1243.52,1243.91,0.03,0.37,455.44,1
2022-07-03,2022-07-03 13:37:00,1243.91,1244.29,1243.91,1244.29,0.03,0.37,455.44,1
2022-07-03,2022-07-03 13:38:00,1244.29,1244.68,1244.29,1244.68,0.03,0.37,455.44,1
2022-07-03,2022-07-03 13:39:00,1244.68,1245.07,1244.68,1245.07,0.03,0.37,455.44,1
2022-07-03,2022-07-03 13:40:00,1245.07,1245.45,1245.07,1245.45,0.03,0.37,455.44,1
2022-07-03,2022-07-03 13:41:00,1245.45,1245.84,1245.45,1245.84,0.03,0.37,455.44,1
2022-07-03,2022-07-03 13:42:00,1245.84,1246.23,1245.84,1246.23,0.03,0.37,455.44,1
2022-07-03,2022-07-03 13:43:00,1246.23,1246.61,1246.23,1246.61,0.03,0.37,455.44,1
2022-07-03,2022-07-03 13:44:00,1246.61,1247.0,1246.61,1247.0,0.03,0.37,455.44,1
2022-07-03,2022-07-03 13:45:00,1247.0,1247.39,1247.0,1247.39,0.03,0.37,455.44,1
2022-07-03,2022-07-03 13:46:00,1247.39,1247.77,1247.39,1247.77,0.03,0.37,455.44,1
2022-07-03,2022-07-03 13:47:00,1247.77,1248.16,1247.77,1248.16,0.03,0.37,455.44,1
2022-07-03,2022-07-03 13:48:00,1248.16,1248.55,1248.16,1248.55,0.03,0.37,455.44,1
2022-07-03,2022-07-03 13:49:00,1248.55,1248.93,1248.55,1248.93,0.03,0.37,455.44,1
2022-07-03,2022-07-03 13:50:00,1248.93,1249.32,1248.93,1249.32,0.03,0.37,455.44,1
2022-07-03,2022-07-03 13:51:00,1249.32,1249.71,1249.32,1249.71,0.03,0.37,455.44,1
2022-07-03,2022-07-03 13:52:00,1249.71,1250.09,1249.71,1250.09,0.03,0.37,455.44,1
2022-07-03,2022-07-03 13:53:00,1250.09,1250.48,1250.09,1250.48,0.03,0.37,455.44,1
2022-07-03,2022-07-03 13:54:00,1250.48,1250.87,1250.48,1250.87,0.03,0.37,455.44,1
2022-07-03,2022-07-03 13:55:00,1250.87,1251.25,1250.87,1251.25,0.03,0.37,455.44,1
2022-07-03,2022-07-03 13:56:00,1251.25,1251.64,1251.25,1251.64,0.03,0.37,455.44,1
2022-07-03,2022-07-03 13:57:00,1251.64,1252.03,1251.64,1252.03,0.03,0.37,455.44,1
2022-07-03,2022-07-03 13:58:00,1252.03,1252.41,1252.03,1252.41,0.03,0.37,455.44,1
2022-07-03,2022-07-03 13:59:00,1252.41,1252.8,1252.41,1252.8,0.03,0.37,455.44,1
2022-07-03,2022-07-03 14:00:00,1252.8,1253.19,1252.8,1253.19,0.03,0.37,455.44,1
2022-07-03,2022-07-03 14:01:00,1253.19,1253.57,1253.19,1253.57,0.03,0.37,455.44,1
2022-07-03,2022-07-03 14:02:00,1253.57,1253.96,1253.57,1253.96,0.03,0.37,455.44,1
2022-07-03,2022-07-03 14:03:00,1253.96,1254.35,1253.96,1254.35,0.03,0.37,455.44,1
2022-07-03,2022-07-03 14:04:00,1254.35,1254.73,1254.35,1254.73,0.03,0.37,455.44,1
2022-07-03,2022-07-03 14:05:00,1254.73,1255.12,1254.73,1255.12,0.03,0.37,455.44,1
2022-07-03,2022-07-03 14:06:00,1255.12,1255.51,1255.12,1255.51,0.03,0.37,455.44,1
2022-07-03,2022-07-03 14:07:00,1255.51,1255.89,1255.51,1255.89,0.03,0.37,455.44,1
2022-07-03,2022-07-03 14:08:00,1255.89,1256.28,1255.89,1256.28,0.03,0.37,455.44,1
2022-07-03,2022-07-03 14:09:00,1256.28,1256.67,1256.28,1256.67,0.03,0.37,455.44,1
2022-07-03,2022-07-03 14:10:00,1256.67,1257.05,1256.67,1257.05,0.03,0.37,455.44,1
2022-07-03,2022-07-03 14:11:00,1257.05,1257.44,1257.05,1257.44,0.03,0.37,455.44,1
2022-07-03,2022-07-03 14:12:00,1257.44,1257.83,1257.44,1257.83,0.03,0.37,455.44,1
2022-07-03,2022-07-03 14:13:00,1257.83,1258.21,1257.83,1258.21,0.03,0.37,455.44,1
2022-07-03,2022-07-03 14:14:00,1258.21,1258.6,1258.21,1258.6,0.03,0.37,455.44,1
2022-07-03,2022-07-03 14:15:00,1258.6,1258.99,1258.6,1258.99,0.03,0.37,455.44,1
2022-07-03,2022-07-03 14:16:00,1258.99,1259.37,1258.99,1259.37,0.03,0.37,455.44,1
2022-07-03,2022-07-03 14:17:00,1259.37,1259.76,1259.37,1259.76,0.03,0.37,455.44,1
2022-07-03,2022-07-03 14:18:00,1259.76,1260.15,1259.76,1260.15,0.03,0.37,455.44,1
2022-07-03,2022-07-03 14:19:00,1260.15,1260.53,1260.15,1260.53,0.03,0.37,455.44,1
2022-07-03,2022-07-03 14:20:00,1260.53,1260.92,1260.53,1260.92,0.03,0.37,455.44,1
2022-07-03,2022-07-03 14:21:00,1260.92,1261.31,1260.92,1261.31,0.03,0.37,455.44,1
2022-07-03,2022-07-03 14:22:00,1261.31,1261.69,1261.31,1261.69,0.03,0.37,455.44,1
2022-07-03,2022-07-03 14:23:00,1261.69,1262.08,1261.69,1262.08,0.03,0.37,455.44,1
2022-07-03,2022-07-03 14:24:00,1262.08,1262.47,1262.08,1262.47,0.03,0.37,455.44,1
2022-07-03,2022-07-03 14:25:00,1262.47,1262.85,1262.47,1262.85,0.03,0.37,455.44,1
2022-07-03,2022-07-03 14:26:00,1262.85,1263.24,1262.85,1263.24,0.03,0.37,455.44,1
2022-07-03,2022-07-03 14:27:00,1263.24,1263.63,1263.24,1263.63,0.03,0.37,455.44,1
2022-07-03,2022-07-03 14:28:00,1263.63,1264.01,1263.63,1264.01,0.03,0.37,455.44,1
2022-07-03,2022-07-03 14:29:00,1264.01,1264.4,1264.01,1264.4,0.03,0.37,455.44,1
2022-07-03,2022-07-03 14:30:00,1264.4,1264.79,1264.4,1264.79,0.03,0.37,455.44,1
2022-07-03,2022-07-03 14:31:00,1264.79,1265.17,1264.79,1265.17,0.03,0.37,455.44,1
2022-07-03,2022-07-03 14:32:00,1265.17,1265.56,1265.17,1265.56,0.03,0.37,455.44,1
2022-07-03,2022-07-03 14:33:00,1265.56,1265.95,1265.56,1265.95,0.03,0.37,455.44,1
2022-07-03,2022-07-03 14:34:00,1265.95,1266.33,1265.95,1266.33,0.03,0.37,455.44,1
2022-07-03,2022-07-03 14:35:00,1266.33,1266.72,1266.33,1266.72,0.03,0.37,455.44,1
2022-07-03,2022-07-03 14:36:00,1266.72,1267.11,1266.72,1267.11,0.03,0.37,455.44,1
2022-07-03,2022-07-03 14:37:00,1267.11,1267.49,1267.11,1267.49,0.03,0.37,455.44,1
2022-07-03,2022-07-03 14:38:00,1267.49,1267.88,1267.49,1267.88,0.03,0.37,455.44,1
2022-07-03,2022-07-03 14:39:00,1267.88,1268.27,1267.88,1268.27,0.03,0.37,455.44,1
2022-07-03,2022-07-03 14:40:00,1268.27,1268.65,1268.27,1268.65,0.03,0.37,455.44,1
2022-07-03,2022-07-03 14:41:00,1268.65,1269.04,1268.65,1269.04,0.03,0.37,455.44,1
2022-07-03,2022-07-03 14:42:00,1269.04,1269.43,1269.04,1269.43,0.03,0.37,455.44,1
2022-07-03,2022-07-03 14:43:00,1269.43,1269.81,1269.43,1269.81,0.03,0.37,455.44,1
2022-07-03,2022-07-03 14:44:00,1269.81,1270.2,1269.81,1270.2,0.03,0.37,455.44,1
2022-07-03,2022-07-03 14:45:00,1270.2,1270.59,1270.2,1270.59,0.03,0.37,455.44,1
2022-07-03,2022-07-03 14:46:00,1270.59,1270.97,1270.59,1270.97,0.03,0.37,455.44,1
2022-07-03,2022-07-03 14:47:00,1270.97,1271.36,1270.97,1271.36,0.03,0.37,455.44,1
2022-07-03,2022-07-03 14:48:00,1271.36,1271.75,1271.36,1271.75,0.03,0.37,455.44,1
2022-07-03,2022-07-03 14:49:00,1271.75,1272.13,1271.75,1272.13,0.03,0.37,455.44,1
2022-07-03,2022-07-03 14:50:00,1272.13,1272.52,1272.13,1272.52,0.03,0.37,455.44,1
2022-07-03,2022-07-03 14:51:00,1272.52,1272.91,1272.52,1272.91,0.03,0.37,455.44,1
2022-07-03,2022-07-03 14:52:00,1272.91,1273.29,1272.91,1273.29,0.03,0.37,455.44,1
2022-07-03,2022-07-03 14:53:00,1273.29,1273.68,1273.29,1273.68,0.03,0.37,455.44,1
2022-07-03,2022-07-03 14:54:00,1273.68,1274.07,1273.68,1274.07,0.03,0.37,455.44,1
2022-07-03,2022-07-03 14:55:00,1274.07,1274.45,1274.07,1274.45,0.03,0.37,455.44,1
2022-07-03,2022-07-03 14:56:00,1274.45,1274.84,1274.45,1274.84,0.03,0.37,455.44,1
2022-07-03,2022-07-03 14:57:00,1274.84,1275.23,1274.84,1275.23,0.03,0.37,455.44,1
2022-07-03,2022-07-03 14:58:00,1275.23,1275.61,1275.23,1275.61,0.03,0.37,455.44,1
2022-07-03,2022-07-03 14:59:00,1275.61,1276.0,1275.61,1276.0,0.03,0.37,455.44,1
2022-07-03,2022-07-03 15:00:00,1276.0,1276.0,1183.2,1276.0,0.0,0.37,455.44,0
2022-07-04,2022-07-04 11:00:00,1301.5,1332.13,1301.5,1301.93,0.03,0.71,976.9,1
2022-07-04,2022-07-04 11:01:00,1301.93,1302.35,1301.93,1302.35,0.03,0.71,976.9,1
2022-07-04,2022-07-04 11:02:00,1302.35,1302.78,1302.35,1302.78,0.03,0.71,976.9,1
2022-07-04,2022-07-04 11:03:00,1302.78,1303.2,1302.78,1303.2,0.03,0.71,976.9,1
2022-07-04,2022-07-04 11:04:00,1303.2,1303.63,1303.2,1303.63,0.03,0.71,976.9,1
2022-07-04,2022-07-04 11:05:00,1303.63,1304.05,1303.63,1304.05,0.03,0.71,976.9,1
2022-07-04,2022-07-04 11:06:00,1304.05,1304.48,1304.05,1304.48,0.03,0.71,976.9,1
2022-07-04,2022-07-04 11:07:00,1304.48,1304.9,1304.48,1304.9,0.03,0.71,976.9,1
2022-07-04,2022-07-04 11:08:00,1304.9,1305.33,1304.9,1305.33,0.03,0.71,976.9,1
2022-07-04,2022-07-04 11:09:00,1305.33,1305.75,1305.33,1305.75,0.03,0.71,976.9,1
2022-07-04,2022-07-04 11:10:00,1305.75,1306.18,1305.75,1306.18,0.03,0.71,976.9,1
2022-07-04,2022-07-04 11:11:00,1306.18,1306.61,1306.18,1306.61,0.03,0.71,976.9,1
2022-07-04,2022-07-04 11:12:00,1306.61,1307.03,1306.61,1307.03,0.03,0.71,976.9,1
2022-07-04,2022-07-04 11:13:00,1307.03,1307.46,1307.03,1307.46,0.03,0.71,976.9,1
2022-07-04,2022-07-04 11:14:00,1307.46,1307.88,1307.46,1307.88,0.03,0.71,976.9,1
2022-07-04,2022-07-04 11:15:00,1307.88,1308.31,1307.88,1308.31,0.03,0.71,976.9,1
2022-07-04,2022-07-04 11:16:00,1308.31,1308.73,1308.31,1308.73,0.03,0.71,976.9,1
2022-07-04,2022-07-04 11:17:00,1308.73,1309.16,1308.73,1309.16,0.03,0.71,976.9,1
2022-07-04,2022-07-04 11:18:00,1309.16,1309.58,1309.16,1309.58,0.03,0.71,976.9,1
2022-07-04,2022-07-04 11:19:00,1309.58,1310.01,1309.58,1310.01,0.03,0.71,976.9,1
2022-07-04,2022-07-04 11:20:00,1310.01,1310.43,1310.01,1310.43,0.03,0.71,976.9,1
2022-07-04,2022-07-04 11:21:00,1310.43,1310.86,1310.43,1310.86,0.03,0.71,976.9,1
2022-07-04,2022-07-04 11:22:00,1310.86,1311.28,1310.86,1311.28,0.03,0.71,976.9,1
2022-07-04,2022-07-04 11:23:00,1311.28,1311.71,1311.28,1311.71,0.03,0.71,976.9,1
2022-07-04,2022-07-04 11:24:00,1311.71,1312.14,1311.71,1312.14,0.03,0.71,976.9,1
2022-07-04,2022-07-04 11:25:00,1312.14,1312.56,1312.14,1312.56,0.03,0.71,976.9,1
2022-07-04,2022-07-04 11:26:00,1312.56,1312.99,1312.56,1312.99,0.03,0.71,976.9,1
2022-07-04,2022-07-04 11:27:00,1312.99,1313.41,1312.99,1313.41,0.03,0.71,976.9,1
2022-07-04,2022-07-04 11:28:00,1313.41,1313.84,1313.41,1313.84,0.03,0.71,976.9,1
2022-07-04,2022-07-04 11:29:00,1313.84,1314.26,1313.84,1314.26,0.03,0.71,976.9,1
2022-07-04,2022-07-04 11:30:00,1314.26,1314.69,1314.26,1314.69,0.03,0.71,976.9,1
2022-07-04,2022-07-04 11:31:00,1314.69,1315.11,1314.69,1315.11,0.03,0.71,976.9,1
2022-07-04,2022-07-04 11:32:00,1315.11,1315.54,1315.11,1315.54,0.03,0.71,976.9,1
2022-07-04,2022-07-04 11:33:00,1315.54,1315.96,1315.54,1315.96,0.03,0.71,976.9,1
2022-07-04,2022-07-04 11:34:00,1315.96,1316.39,1315.96,1316.39,0.03,0.71,976.9,1
2022-07-04,2022-07-04 11:35:00,1316.39,1316.82,1316.39,1316.82,0.03,0.71,976.9,1
2022-07-04,2022-07-04 11:36:00,1316.82,1317.24,1316.82,1317.24,0.03,0.71,976.9,1
2022-07-04,2022-07-04 11:37:00,1317.24,1317.67,1317.24,1317.67,0.03,0.71,976.9,1
2022-07-04,2022-07-04 11:38:00,1317.67,1318.09,1317.67,1318.09,0.03,0.71,976.9,1
2022-07-04,2022-07-04 11:39:00,1318.09,1318.52,1318.09,1318.52,0.03,0.71,976.9,1
2022-07-04,2022-07-04 11:40:00,1318.52,1318.94,1318.52,1318.94,0.03,0.71,976.9,1
2022-07-04,2022-07-04 11:41:00,1318.94,1319.37,1318.94,1319.37,0.03,0.71,976.9,1
2022-07-04,2022-07-04 11:42:00,1319.37,1319.79,1319.37,1319.79,0.03,0.71,976.9,1
2022-07-04,2022-07-04 11:43:00,1319.79,1320.22,1319.79,1320.22,0.03,0.71,976.9,1
2022-07-04,2022-07-04 11:44:00,1320.22,1320.64,1320.22,1320.64,0.03,0.71,976.9,1
2022-07-04,2022-07-04 11:45:00,1320.64,1321.07,1320.64,1321.07,0.03,0.71,976.9,1
2022-07-04,2022-07-04 11:46:00,1321.07,1321.49,1321.07,1321.49,0.03,0.71,976.9,1
2022-07-04,2022-07-04 11:47:00,1321.49,1321.92,1321.49,1321.92,0.03,0.71,976.9,1
2022-07-04,2022-07-04 11:48:00,1321.92,1322.35,1321.92,1322.35,0.03,0.71,976.9,1
2022-07-04,2022-07-04 11:49:00,1322.35,1322.77,1322.35,1322.77,0.03,0.71,976.9,1
2022-07-04,2022-07-04 11:50:00,1322.77,1323.2,1322.77,1323.2,0.03,0.71,976.9,1
2022-07-04,2022-07-04 11:51:00,1323.2,1323.62,1323.2,1323.62,0.03,0.71,976.9,1
2022-07-04,2022-07-04 11:52:00,1323.62,1324.05,1323.62,1324.05,0.03,0.71,976.9,1
2022-07-04,2022-07-04 11:53:00,1324.05,1324.47,1324.05,1324.47,0.03,0.71,976.9,1
2022-07-04,2022-07-04 11:54:00,1324.47,1324.9,1324.47,1324.9,0.03,0.71,976.9,1
2022-07-04,2022-07-04 11:55:00,1324.9,1325.32,1324.9,1325.32,0.03,0.71,976.9,1
2022-07-04,2022-07-04 11:56:00,1325.32,1325.75,1325.32,1325.75,0.03,0.71,976.9,1
2022-07-04,2022-07-04 11:57:00,1325.75,1326.17,1325.75,1326.17,0.03,0.71,976.9,1
2022-07-04,2022-07-04 11:58:00,1326.17,1326.6,1326.17,1326.6,0.03,0.71,976.9,1
2022-07-04,2022-07-04 11:59:00,1326.6,1327.03,1326.6,1327.03,0.03,0.71,976.9,1
2022-07-04,2022-07-04 12:00:00,1327.03,1327.45,1327.03,1327.45,0.03,0.71,976.9,1
2022-07-04,2022-07-04 12:01:00,1327.45,1327.88,1327.45,1327.88,0.03,0.71,976.9,1
2022-07-04,2022-07-04 12:02:00,1327.88,1328.3,1327.88,1328.3,0.03,0.71,976.9,1
2022-07-04,2022-07-04 12:03:00,1328.3,1328.73,1328.3,1328.73,0.03,0.71,976.9,1
2022-07-04,2022-07-04 12:04:00,1328.73,1329.15,1328.73,1329.15,0.03,0.71,976.9,1
2022-07-04,2022-07-04 12:05:00,1329.15,1329.58,1329.15,1329.58,0.03,0.71,976.9,1
2022-07-04,2022-07-04 12:06:00,1329.58,1330.0,1329.58,1330.0,0.03,0.71,976.9,1
2022-07-04,2022-07-04 12:07:00,1330.0,1330.43,1330.0,1330.43,0.03,0.71,976.9,1
2022-07-04,2022-07-04 12:08:00,1330.43,1330.85,1330.43,1330.85,0.03,0.71,976.9,1
2022-07-04,2022-07-04 12:09:00,1330.85,1331.28,1330.85,1331.28,0.03,0.71,976.9,1
2022-07-04,2022-07-04 12:10:00,1331.28,1331.7,1331.28,1331.7,0.03,0.71,976.9,1
2022-07-04,2022-07-04 12:11:00,1331.7,1332.13,1331.7,1332.13,0.03,0.71,976.9,1
2022-07-04,2022-07-04 12:12:00,1332.13,1332.56,1332.13,1332.56,0.03,0.71,976.9,1
2022-07-04,2022-07-04 12:13:00,1332.56,1332.98,1332.56,1332.98,0.03,0.71,976.9,1
2022-07-04,2022-07-04 12:14:00,1332.98,1333.41,1332.98,1333.41,0.03,0.71,976.9,1
2022-07-04,2022-07-04 12:15:00,1333.41,1333.83,1333.41,1333.83,0.03,0.71,976.9,1
2022-07-04,2022-07-04 12:16:00,1333.83,1334.26,1333.83,1334.26,0.03,0.71,976.9,1
2022-07-04,2022-07-04 12:17:00,1334.26,1334.68,1334.26,1334.68,0.03,0.71,976.9,1
2022-07-04,2022-07-04 12:18:00,1334.68,1335.11,1334.68,1335.11,0.03,0.71,976.9,1
2022-07-04,2022-07-04 12:19:00,1335.11,1335.53,1335.11,1335.53,0.03,0.71,976.9,1
2022-07-04,2022-07-04 12:20:00,1335.53,1335.96,1335.53,1335.96,0.03,0.71,976.9,1
2022-07-04,2022-07-04 12:21:00,1335.96,1336.38,1335.96,1336.38,0.03,0.71,976.9,1
2022-07-04,2022-07-04 12:22:00,1336.38,1336.81,1336.38,1336.81,0.03,0.71,976.9,1
2022-07-04,2022-07-04 12:23:00,1336.81,1337.23,1336.81,1337.23,0.03,0.71,976.9,1
2022-07-04,2022-07-04 12:24:00,1337.23,1337.66,1337.23,1337.66,0.03,0.71,976.9,1
2022-07-04,2022-07-04 12:25:00,1337.66,1338.09,1337.66,1338.09,0.03,0.71,976.9,1
2022-07-04,2022-07-04 12:26:00,1338.09,1338.51,1338.09,1338.51,0.03,0.71,976.9,1
2022-07-04,2022-07-04 12:27:00,1338.51,1338.94,1338.51,1338.94,0.03,0.71,976.9,1
2022-07-04,2022-07-04 12:28:00,1338.94,1339.36,1338.94,1339.36,0.03,0.71,976.9,1
2022-07-04,2022-07-04 12:29:00,1339.36,1339.79,1339.36,1339.79,0.03,0.71,976.9,1
2022-07-04,2022-07-04 12:30:00,1339.79,1340.21,1339.79,1340.21,0.03,0.71,976.9,1
2022-07-04,2022-07-04 12:31:00,1340.21,1340.64,1340.21,1340.64,0.03,0.71,976.9,1
2022-07-04,2022-07-04 12:32:00,1340.64,1341.06,1340.64,1341.06,0.03,0.71,976.9,1
2022-07-04,2022-07-04 12:33:00,1341.06,1341.49,1341.06,1341.49,0.03,0.71,976.9,1
2022-07-04,2022-07-04 12:34:00,1341.49,1341.91,1341.49,1341.91,0.03,0.71,976.9,1
2022-07-04,2022-07-04 12:35:00,1341.91,1342.34,1341.91,1342.34,0.03,0.71,976.9,1
2022-07-04,2022-07-04 12:36:00,1342.34,1342.77,1342.34,1342.77,0.03,0.71,976.9,1
2022-07-04,2022-07-04 12:37:00,1342.77,1343.19,1342.77,1343.19,0.03,0.71,976.9,1
2022-07-04,2022-07-04 12:38:00,1343.19,1343.62,1343.19,1343.62,0.03,0.71,976.9,1
2022-07-04,2022-07-04 12:39:00,1343.62,1344.04,1343.62,1344.04,0.03,0.71,976.9,1
2022-07-04,2022-07-04 12:40:00,1344.04,1344.47,1344.04,1344.47,0.03,0.71,976.9,1
2022-07-04,2022-07-04 12:41:00,1344.47,1344.89,1344.47,1344.89,0.03,0.71,976.9,1
2022-07-04,2022-07-04 12:42:00,1344.89,1345.32,1344.89,1345.32,0.03,0.71,976.9,1
2022-07-04,2022-07-04 12:43:00,1345.32,1345.74,1345.32,1345.74,0.03,0.71,976.9,1
2022-07-04,2022-07-04 12:44:00,1345.74,1346.17,1345.74,1346.17,0.03,0.71,976.9,1
2022-07-04,2022-07-04 12:45:00,1346.17,1346.59,1346.17,1346.59,0.03,0.71,976.9,1
2022-07-04,2022-07-04 12:46:00,1346.59,1347.02,1346.59,1347.02,0.03,0.71,976.9,1
2022-07-04,2022-07-04 12:47:00,1347.02,1347.44,1347.02,1347.44,0.03,0.71,976.9,1
2022-07-04,2022-07-04 12:48:00,1347.44,1347.87,1347.44,1347.87,0.03,0.71,976.9,1
2022-07-04,2022-07-04 12:49:00,1347.87,1348.3,1347.87,1348.3,0.03,0.71,976.9,1
2022-07-04,2022-07-04 12:50:00,1348.3,1348.72,1348.3,1348.72,0.03,0.71,976.9,1
2022-07-04,2022-07-04 12:51:00,1348.72,1349.15,1348.72,1349.15,0.03,0.71,976.9,1
2022-07-04,2022-07-04 12:52:00,1349.15,1349.57,1349.15,1349.57,0.03,0.71,976.9,1
2022-07-04,2022-07-04 12:53:00,1349.57,1350.0,1349.57,1350.0,0.03,0.71,976.9,1
2022-07-04,2022-07-04 12:54:00,1350.0,1350.42,1350.0,1350.42,0.03,0.71,976.9,1
2022-07-04,2022-07-04 12:55:00,1350.42,1350.85,1350.42,1350.85,0.03,0.71,976.9,1
2022-07-04,2022-07-04 12:56:00,1350.85,1351.27,1350.85,1351.27,0.03,0.71,976.9,1
2022-07-04,2022-07-04 12:57:00,1351.27,1351.7,1351.27,1351.7,0.03,0.71,976.9,1
2022-07-04,2022-07-04 12:58:00,1351.7,1352.12,1351.7,1352.12,0.03,0.71,976.9,1
2022-07-04,2022-07-04 12:59:00,1352.12,1352.55,1352.12,1352.55,0.03,0.71,976.9,1
2022-07-04,2022-07-04 13:00:00,1352.55,1403.6,1301.5,1352.98,0.03,0.71,976.9,1
2022-07-04,2022-07-04 13:01:00,1352.98,1353.4,1352.98,1353.4,0.03,0.71,976.9,1
2022-07-04,2022-07-04 13:02:00,1353.4,1353.83,1353.4,1353.83,0.03,0.71,976.9,1
2022-07-04,2022-07-04 13:03:00,1353.83,1354.25,1353.83,1354.25,0.03,0.71,976.9,1
2022-07-04,2022-07-04 13:04:00,1354.25,1354.68,1354.25,1354.68,0.03,0.71,976.9,1
2022-07-04,2022-07-04 13:05:00,1354.68,1355.1,1354.68,1355.1,0.03,0.71,976.9,1
2022-07-04,2022-07-04 13:06:00,1355.1,1355.53,1355.1,1355.53,0.03,0.71,976.9,1
2022-07-04,2022-07-04 13:07:00,1355.53,1355.95,1355.53,1355.95,0.03,0.71,976.9,1
2022-07-04,2022-07-04 13:08:00,1355.95,1356.38,1355.95,1356.38,0.03,0.71,976.9,1
2022-07-04,2022-07-04 13:09:00,1356.38,1356.8,1356.38,1356.8,0.03,0.71,976.9,1
2022-07-04,2022-07-04 13:10:00,1356.8,1357.23,1356.8,1357.23,0.03,0.71,976.9,1
2022-07-04,2022-07-04 13:11:00,1357.23,1357.65,1357.23,1357.65,0.03,0.71,976.9,1
2022-07-04,2022-07-04 13:12:00,1357.65,1358.08,1357.65,1358.08,0.03,0.71,976.9,1
2022-07-04,2022-07-04 13:13:00,1358.08,1358.51,1358.08,1358.51,0.03,0.71,976.9,1
2022-07-04,2022-07-04 13:14:00,1358.51,1358.93,1358.51,1358.93,0.03,0.71,976.9,1
2022-07-04,2022-07-04 13:15:00,1358.93,1359.36,1358.93,1359.36,0.03,0.71,976.9,1
2022-07-04,2022-07-04 13:16:00,1359.36,1359.78,1359.36,1359.78,0.03,0.71,976.9,1
2022-07-04,2022-07-04 13:17:00,1359.78,1360.21,1359.78,1360.21,0.03,0.71,976.9,1
2022-07-04,2022-07-04 13:18:00,1360.21,1360.63,1360.21,1360.63,0.03,0.71,976.9,1
2022-07-04,2022-07-04 13:19:00,1360.63,1361.06,1360.63,1361.06,0.03,0.71,976.9,1
2022-07-04,2022-07-04 13:20:00,1361.06,1361.48,1361.06,1361.48,0.03,0.71,976.9,1
2022-07-04,2022-07-04 13:21:00,1361.48,1361.91,1361.48,1361.91,0.03,0.71,976.9,1
2022-07-04,2022-07-04 13:22:00,1361.91,1362.33,1361.91,1362.33,0.03,0.71,976.9,1
2022-07-04,2022-07-04 13:23:00,1362.33,1362.76,1362.33,1362.76,0.03,0.71,976.9,1
2022-07-04,2022-07-04 13:24:00,1362.76,1363.19,1362.76,1363.19,0.03,0.71,976.9,1
2022-07-04,2022-07-04 13:25:00,1363.19,1363.61,1363.19,1363.61,0.03,0.71,976.9,1
2022-07-04,2022-07-04 13:26:00,1363.61,1364.04,1363.61,1364.04,0.03,0.71,976.9,1
2022-07-04,2022-07-04 13:27:00,1364.04,1364.46,1364.04,1364.46,0.03,0.71,976.9,1
2022-07-04,2022-07-04 13:28:00,1364.46,1364.89,1364.46,1364.89,0.03,0.71,976.9,1
2022-07-04,2022-07-04 13:29:00,1364.89,1365.31,1364.89,1365.31,0.03,0.71,976.9,1
2022-07-04,2022-07-04 13:30:00,1365.31,1365.74,1365.31,1365.74,0.03,0.71,976.9,1
2022-07-04,2022-07-04 13:31:00,1365.74,1366.16,1365.74,1366.16,0.03,0.71,976.9,1
2022-07-04,2022-07-04 13:32:00,1366.16,1366.59,1366.16,1366.59,0.03,0.71,976.9,1
2022-07-04,2022-07-04 13:33:00,1366.59,1367.01,1366.59,1367.01,0.03,0.71,976.9,1
2022-07-04,2022-07-04 13:34:00,1367.01,1367.44,1367.01,1367.44,0.03,0.71,976.9,1
2022-07-04,2022-07-04 13:35:00,1367.44,1367.87,1367.44,1367.87,0.03,0.71,976.9,1
2022-07-04,2022-07-04 13:36:00,1367.87,1368.29,1367.87,1368.29,0.03,0.71,976.9,1
2022-07-04,2022-07-04 13:37:00,1368.29,1368.72,1368.29,1368.72,0.03,0.71,976.9,1
2022-07-04,2022-07-04 13:38:00,1368.72,1369.14,1368.72,1369.14,0.03,0.71,976.9,1
2022-07-04,2022-07-04 13:39:00,1369.14,1369.57,1369.14,1369.57,0.03,0.71,976.9,1
2022-07-04,2022-07-04 13:40:00,1369.57,1369.99,1369.57,1369.99,0.03,0.71,976.9,1
2022-07-04,2022-07-04 13:41:00,1369.99,1370.42,1369.99,1370.42,0.03,0.71,976.9,1
2022-07-04,2022-07-04 13:42:00,1370.42,1370.84,1370.42,1370.84,0.03,0.71,976.9,1
2022-07-04,2022-07-04 13:43:00,1370.84,1371.27,1370.84,1371.27,0.03,0.71,976.9,1
2022-07-04,2022-07-04 13:44:00,1371.27,1371.69,1371.27,1371.69,0.03,0.71,976.9,1
2022-07-04,2022-07-04 13:45:00,1371.69,1372.12,1371.69,1372.12,0.03,0.71,976.9,1
2022-07-04,2022-07-04 13:46:00,1372.12,1372.54,1372.12,1372.54,0.03,0.71,976.9,1
2022-07-04,2022-07-04 13:47:00,1372.54,1372.97,1372.54,1372.97,0.03,0.71,976.9,1
2022-07-04,2022-07-04 13:48:00,1372.97,1373.4,1372.97,1373.4,0.03,0.71,976.9,1
2022-07-04,2022-07-04 13:49:00,1373.4,1373.82,1373.4,1373.82,0.03,0.71,976.9,1
2022-07-04,2022-07-04 13:50:00,1373.82,1374.25,1373.82,1374.25,0.03,0.71,976.9,1
2022-07-04,2022-07-04 13:51:00,1374.25,1374.67,1374.25,1374.67,0.03,0.71,976.9,1
2022-07-04,2022-07-04 13:52:00,1374.67,1375.1,1374.67,1375.1,0.03,0.71,976.9,1
2022-07-04,2022-07-04 13:53:00,1375.1,1375.52,1375.1,1375.52,0.03,0.71,976.9,1
2022-07-04,2022-07-04 13:54:00,1375.52,1375.95,1375.52,1375.95,0.03,0.71,976.9,1
2022-07-04,2022-07-04 13:55:00,1375.95,1376.37,1375.95,1376.37,0.03,0.71,976.9,1
2022-07-04,2022-07-04 13:56:00,1376.37,1376.8,1376.37,1376.8,0.03,0.71,976.9,1
2022-07-04,2022-07-04 13:57:00,1376.8,1377.22,1376.8,1377.22,0.03,0.71,976.9,1
2022-07-04,2022-07-04 13:58:00,1377.22,1377.65,1377.22,1377.65,0.03,0.71,976.9,1
2022-07-04,2022-07-04 13:59:00,1377.65,1378.07,1377.65,1378.07,0.03,0.71,976.9,1
2022-07-04,2022-07-04 14:00:00,1378.07,1378.5,1378.07,1378.5,0.03,0.71,976.9,1
2022-07-04,2022-07-04 14:01:00,1378.5,1378.93,1378.5,1378.93,0.03,0.71,976.9,1
2022-07-04,2022-07-04 14:02:00,1378.93,1379.35,1378.93,1379.35,0.03,0.71,976.9,1
2022-07-04,2022-07-04 14:03:00,1379.35,1379.78,1379.35,1379.78,0.03,0.71,976.9,1
2022-07-04,2022-07-04 14:04:00,1379.78,1380.2,1379.78,1380.2,0.03,0.71,976.9,1
2022-07-04,2022-07-04 14:05:00,1380.2,1380.63,1380.2,1380.63,0.03,0.71,976.9,1
2022-07-04,2022-07-04 14:06:00,1380.63,1381.05,1380.63,1381.05,0.03,0.71,976.9,1
2022-07-04,2022-07-04 14:07:00,1381.05,1381.48,1381.05,1381.48,0.03,0.71,976.9,1
2022-07-04,2022-07-04 14:08:00,1381.48,1381.9,1381.48,1381.9,0.03,0.71,976.9,1
2022-07-04,2022-07-04 14:09:00,1381.9,1382.33,1381.9,1382.33,0.03,0.71,976.9,1
2022-07-04,2022-07-04 14:10:00,1382.33,1382.75,1382.33,1382.75,0.03,0.71,976.9,1
2022-07-04,2022-07-04 14:11:00,1382.75,1383.18,1382.75,1383.18,0.03,0.71,976.9,1
2022-07-04,2022-07-04 14:12:00,1383.18,1383.61,1383.18,1383.61,0.03,0.71,976.9,1
2022-07-04,2022-07-04 14:13:00,1383.61,1384.03,1383.61,1384.03,0.03,0.71,976.9,1
2022-07-04,2022-07-04 14:14:00,1384.03,1384.46,1384.03,1384.46,0.03,0.71,976.9,1
2022-07-04,2022-07-04 14:15:00,1384.46,1384.88,1384.46,1384.88,0.03,0.71,976.9,1
2022-07-04,2022-07-04 14:16:00,1384.88,1385.31,1384.88,1385.31,0.03,0.71,976.9,1
2022-07-04,2022-07-04 14:17:00,1385.31,1385.73,1385.31,1385.73,0.03,0.71,976.9,1
2022-07-04,2022-07-04 14:18:00,1385.73,1386.16,1385.73,1386.16,0.03,0.71,976.9,1
2022-07-04,2022-07-04 14:19:00,1386.16,1386.58,1386.16,1386.58,0.03,0.71,976.9,1
2022-07-04,2022-07-04 14:20:00,1386.58,1387.01,1386.58,1387.01,0.03,0.71,976.9,1
2022-07-04,2022-07-04 14:21:00,1387.01,1387.43,1387.01,1387.43,0.03,0.71,976.9,1
2022-07-04,2022-07-04 14:22:00,1387.43,1387.86,1387.43,1387.86,0.03,0.71,976.9,1
2022-07-04,2022-07-04 14:23:00,1387.86,1388.28,1387.86,1388.28,0.03,0.71,976.9,1
2022-07-04,2022-07-04 14:24:00,1388.28,1388.71,1388.28,1388.71,0.03,0.71,976.9,1
2022-07-04,2022-07-04 14:25:00,1388.71,1389.14,1388.71,1389.14,0.03,0.71,976.9,1
2022-07-04,2022-07-04 14:26:00,1389.14,1389.56,1389.14,1389.56,0.03,0.71,976.9,1
2022-07-04,2022-07-04 14:27:00,1389.56,1389.99,1389.56,1389.99,0.03,0.71,976.9,1
2022-07-04,2022-07-04 14:28:00,1389.99,1390.41,1389.99,1390.41,0.03,0.71,976.9,1
2022-07-04,2022-07-04 14:29:00,1390.41,1390.84,1390.41,1390.84,0.03,0.71,976.9,1
2022-07-04,2022-07-04 14:30:00,1390.84,1391.26,1390.84,1391.26,0.03,0.71,976.9,1
2022-07-04,2022-07-04 14:31:00,1391.26,1391.69,1391.26,1391.69,0.03,0.71,976.9,1
2022-07-04,2022-07-04 14:32:00,1391.69,1392.11,1391.69,1392.11,0.03,0.71,976.9,1
2022-07-04,2022-07-04 14:33:00,1392.11,1392.54,1392.11,1392.54,0.03,0.71,976.9,1
2022-07-04,2022-07-04 14:34:00,1392.54,1392.96,1392.54,1392.96,0.03,0.71,976.9,1
2022-07-04,2022-07-04 14:35:00,1392.96,1393.39,1392.96,1393.39,0.03,0.71,976.9,1
2022-07-04,2022-07-04 14:36:00,1393.39,1393.82,1393.39,1393.82,0.03,0.71,976.9,1
2022-07-04,2022-07-04 14:37:00,1393.82,1394.24,1393.82,1394.24,0.03,0.71,976.9,1
2022-07-04,2022-07-04 14:38:00,1394.24,1394.67,1394.24,1394.67,0.03,0.71,976.9,1
2022-07-04,2022-07-04 14:39:00,1394.67,1395.09,1394.67,1395.09,0.03,0.71,976.9,1
2022-07-04,2022-07-04 14:40:00,1395.09,1395.52,1395.09,1395.52,0.03,0.71,976.9,1
2022-07-04,2022-07-04 14:41:00,1395.52,1395.94,1395.52,1395.94,0.03,0.71,976.9,1
2022-07-04,2022-07-04 14:42:00,1395.94,1396.37,1395.94,1396.37,0.03,0.71,976.9,1
2022-07-04,2022-07-04 14:43:00,1396.37,1396.79,1396.37,1396.79,0.03,0.71,976.9,1
2022-07-04,2022-07-04 14:44:00,1396.79,1397.22,1396.79,1397.22,0.03,0.71,976.9,1
2022-07-04,2022-07-04 14:45:00,1397.22,1397.64,1397.22,1397.64,0.03,0.71,976.9,1
2022-07-04,2022-07-04 14:46:00,1397.64,1398.07,1397.64,1398.07,0.03,0.71,976.9,1
2022-07-04,2022-07-04 14:47:00,1398.07,1398.49,1398.07,1398.49,0.03,0.71,976.9,1
2022-07-04,2022-07-04 14:48:00,1398.49,1398.92,1398.49,1398.92,0.03,0.71,976.9,1
2022-07-04,2022-07-04 14:49:00,1398.92,1399.35,1398.92,1399.35,0.03,0.71,976.9,1
2022-07-04,2022-07-04 14:50:00,1399.35,1399.77,1399.35,1399.77,0.03,0.71,976.9,1
2022-07-04,2022-07-04 14:51:00,1399.77,1400.2,1399.77,1400.2,0.03,0.71,976.9,1
2022-07-04,2022-07-04 14:52:00,1400.2,1400.62,1400.2,1400.62,0.03,0.71,976.9,1
2022-07-04,2022-07-04 14:53:00,1400.62,1401.05,1400.62,1401.05,0.03,0.71,976.9,1
2022-07-04,2022-07-04 14:54:00,1401.05,1401.47,1401.05,1401.47,0.03,0.71,976.9,1
2022-07-04,2022-07-04 14:55:00,1401.47,1401.9,1401.47,1401.9,0.03,0.71,976.9,1
2022-07-04,2022-07-04 14:56:00,1401.9,1402.32,1401.9,1402.32,0.03,0.71,976.9,1
2022-07-04,2022-07-04 14:57:00,1402.32,1402.75,1402.32,1402.75,0.03,0.71,976.9,1
2022-07-04,2022-07-04 14:58:00,1402.75,1403.17,1402.75,1403.17,0.03,0.71,976.9,1
2022-07-04,2022-07-04 14:59:00,1403.17,1403.6,1403.17,1403.6,0.03,0.71,976.9,1
2022-07-04,2022-07-04 15:00:00,1403.6,1403.6,1301.5,1403.6,0.0,0.71,976.9,0
2022-07-05,2022-07-05 11:00:00,1431.6,1465.29,1431.6,1432.07,0.03,0.6,910.25,1
2022-07-05,2022-07-05 11:01:00,1432.07,1432.54,1432.07,1432.54,0.03,0.6,910.25,1
2022-07-05,2022-07-05 11:02:00,1432.54,1433.0,1432.54,1433.0,0.03,0.6,910.25,1
2022-07-05,2022-07-05 11:03:00,1433.0,1433.47,1433.0,1433.47,0.03,0.6,910.25,1
2022-07-05,2022-07-05 11:04:00,1433.47,1433.94,1433.47,1433.94,0.03,0.6,910.25,1
2022-07-05,2022-07-05 11:05:00,1433.94,1434.41,1433.94,1434.41,0.03,0.6,910.25,1
2022-07-05,2022-07-05 11:06:00,1434.41,1434.88,1434.41,1434.88,0.03,0.6,910.25,1
2022-07-05,2022-07-05 11:07:00,1434.88,1435.34,1434.88,1435.34,0.03,0.6,910.25,1
2022-07-05,2022-07-05 11:08:00,1435.34,1435.81,1435.34,1435.81,0.03,0.6,910.25,1
2022-07-05,2022-07-05 11:09:00,1435.81,1436.28,1435.81,1436.28,0.03,0.6,910.25,1
2022-07-05,2022-07-05 11:10:00,1436.28,1436.75,1436.28,1436.75,0.03,0.6,910.25,1
2022-07-05,2022-07-05 11:11:00,1436.75,1437.21,1436.75,1437.21,0.03,0.6,910.25,1
2022-07-05,2022-07-05 11:12:00,1437.21,1437.68,1437.21,1437.68,0.03,0.6,910.25,1
2022-07-05,2022-07-05 11:13:00,1437.68,1438.15,1437.68,1438.15,0.03,0.6,910.25,1
2022-07-05,2022-07-05 11:14:00,1438.15,1438.62,1438.15,1438.62,0.03,0.6,910.25,1
2022-07-05,2022-07-05 11:15:00,1438.62,1439.09,1438.62,1439.09,0.03,0.6,910.25,1
2022-07-05,2022-07-05 11:16:00,1439.09,1439.55,1439.09,1439.55,0.03,0.6,910.25,1
2022-07-05,2022-07-05 11:17:00,1439.55,1440.02,1439.55,1440.02,0.03,0.6,910.25,1
2022-07-05,2022-07-05 11:18:00,1440.02,1440.49,1440.02,1440.49,0.03,0.6,910.25,1
2022-07-05,2022-07-05 11:19:00,1440.49,1440.96,1440.49,1440.96,0.03,0.6,910.25,1
2022-07-05,2022-07-05 11:20:00,1440.96,1441.43,1440.96,1441.43,0.03,0.6,910.25,1
2022-07-05,2022-07-05 11:21:00,1441.43,1441.89,1441.43,1441.89,0.03,0.6,910.25,1
2022-07-05,2022-07-05 11:22:00,1441.89,1442.36,1441.89,1442.36,0.03,0.6,910.25,1
2022-07-05,2022-07-05 11:23:00,1442.36,1442.83,1442.36,1442.83,0.03,0.6,910.25,1
2022-07-05,2022-07-05 11:24:00,1442.83,1443.3,1442.83,1443.3,0.03,0.6,910.25,1
2022-07-05,2022-07-05 11:25:00,1443.3,1443.77,1443.3,1443.77,0.03,0.6,910.25,1
2022-07-05,2022-07-05 11:26:00,1443.77,1444.23,1443.77,1444.23,0.03,0.6,910.25,1
2022-07-05,2022-07-05 11:27:00,1444.23,1444.7,1444.23,1444.7,0.03,0.6,910.25,1
2022-07-05,2022-07-05 11:28:00,1444.7,1445.17,1444.7,1445.17,0.03,0.6,910.25,1
2022-07-05,2022-07-05 11:29:00,1445.17,1445.64,1445.17,1445.64,0.03,0.6,910.25,1
2022-07-05,2022-07-05 11:30:00,1445.64,1446.11,1445.64,1446.11,0.03,0.6,910.25,1
2022-07-05,2022-07-05 11:31:00,1446.11,1446.57,1446.11,1446.57,0.03,0.6,910.25,1
2022-07-05,2022-07-05 11:32:00,1446.57,1447.04,1446.57,1447.04,0.03,0.6,910.25,1
2022-07-05,2022-07-05 11:33:00,1447.04,1447.51,1447.04,1447.51,0.03,0.6,910.25,1
2022-07-05,2022-07-05 11:34:00,1447.51,1447.98,1447.51,1447.98,0.03,0.6,910.25,1
2022-07-05,2022-07-05 11:35:00,1447.98,1448.44,1447.98,1448.44,0.03,0.6,910.25,1
2022-07-05,2022-07-05 11:36:00,1448.44,1448.91,1448.44,1448.91,0.03,0.6,910.25,1
2022-07-05,2022-07-05 11:37:00,1448.91,1449.38,1448.91,1449.38,0.03,0.6,910.25,1
2022-07-05,2022-07-05 11:38:00,1449.38,1449.85,1449.38,1449.85,0.03,0.6,910.25,1
2022-07-05,2022-07-05 11:39:00,1449.85,1450.32,1449.85,1450.32,0.03,0.6,910.25,1
2022-07-05,2022-07-05 11:40:00,1450.32,1450.78,1450.32,1450.78,0.03,0.6,910.25,1
2022-07-05,2022-07-05 11:41:00,1450.78,1451.25,1450.78,1451.25,0.03,0.6,910.25,1
2022-07-05,2022-07-05 11:42:00,1451.25,1451.72,1451.25,1451.72,0.03,0.6,910.25,1
2022-07-05,2022-07-05 11:43:00,1451.72,1452.19,1451.72,1452.19,0.03,0.6,910.25,1
2022-07-05,2022-07-05 11:44:00,1452.19,1452.66,1452.19,1452.66,0.03,0.6,910.25,1
2022-07-05,2022-07-05 11:45:00,1452.66,1453.12,1452.66,1453.12,0.03,0.6,910.25,1
2022-07-05,2022-07-05 11:46:00,1453.12,1453.59,1453.12,1453.59,0.03,0.6,910.25,1
2022-07-05,2022-07-05 11:47:00,1453.59,1454.06,1453.59,1454.06,0.03,0.6,910.25,1
2022-07-05,2022-07-05 11:48:00,1454.06,1454.53,1454.06,1454.53,0.03,0.6,910.25,1
2022-07-05,2022-07-05 11:49:00,1454.53,1455.0,1454.53,1455.0,0.03,0.6,910.25,1
2022-07-05,2022-07-05 11:50:00,1455.0,1455.46,1455.0,1455.46,0.03,0.6,910.25,1
2022-07-05,2022-07-05 11:51:00,1455.46,1455.93,1455.46,1455.93,0.03,0.6,910.25,1
2022-07-05,2022-07-05 11:52:00,1455.93,1456.4,1455.93,1456.4,0.03,0.6,910.25,1
2022-07-05,2022-07-05 11:53:00,1456.4,1456.87,1456.4,1456.87,0.03,0.6,910.25,1
2022-07-05,2022-07-05 11:54:00,1456.87,1457.34,1456.87,1457.34,0.03,0.6,910.25,1
2022-07-05,2022-07-05 11:55:00,1457.34,1457.8,1457.34,1457.8,0.03,0.6,910.25,1
2022-07-05,2022-07-05 11:56:00,1457.8,1458.27,1457.8,1458.27,0.03,0.6,910.25,1
2022-07-05,2022-07-05 11:57:00,1458.27,1458.74,1458.27,1458.74,0.03,0.6,910.25,1
2022-07-05,2022-07-05 11:58:00,1458.74,1459.21,1458.74,1459.21,0.03,0.6,910.25,1
2022-07-05,2022-07-05 11:59:00,1459.21,1459.67,1459.21,1459.67,0.03,0.6,910.25,1
2022-07-05,2022-07-05 12:00:00,1459.67,1460.14,1459.67,1460.14,0.03,0.6,910.25,1
2022-07-05,2022-07-05 12:01:00,1460.14,1460.61,1460.14,1460.61,0.03,0.6,910.25,1
2022-07-05,2022-07-05 12:02:00,1460.61,1461.08,1460.61,1461.08,0.03,0.6,910.25,1
2022-07-05,2022-07-05 12:03:00,1461.08,1461.55,1461.08,1461.55,0.03,0.6,910.25,1
2022-07-05,2022-07-05 12:04:00,1461.55,1462.01,1461.55,1462.01,0.03,0.6,910.25,1
2022-07-05,2022-07-05 12:05:00,1462.01,1462.48,1462.01,1462.48,0.03,0.6,910.25,1
2022-07-05,2022-07-05 12:06:00,1462.48,1462.95,1462.48,1462.95,0.03,0.6,910.25,1
2022-07-05,2022-07-05 12:07:00,1462.95,1463.42,1462.95,1463.42,0.03,0.6,910.25,1
2022-07-05,2022-07-05 12:08:00,1463.42,1463.89,1463.42,1463.89,0.03,0.6,910.25,1
2022-07-05,2022-07-05 12:09:00,1463.89,1464.35,1463.89,1464.35,0.03,0.6,910.25,1
2022-07-05,2022-07-05 12:10:00,1464.35,1464.82,1464.35,1464.82,0.03,0.6,910.25,1
2022-07-05,2022-07-05 12:11:00,1464.82,1465.29,1464.82,1465.29,0.03,0.6,910.25,1
2022-07-05,2022-07-05 12:12:00,1465.29,1465.76,1465.29,1465.76,0.03,0.6,910.25,1
2022-07-05,2022-07-05 12:13:00,1465.76,1466.23,1465.76,1466.23,0.03,0.6,910.25,1
2022-07-05,2022-07-05 12:14:00,1466.23,1466.69,1466.23,1466.69,0.03,0.6,910.25,1
2022-07-05,2022-07-05 12:15:00,1466.69,1467.16,1466.69,1467.16,0.03,0.6,910.25,1
2022-07-05,2022-07-05 12:16:00,1467.16,1467.63,1467.16,1467.63,0.03,0.6,910.25,1
2022-07-05,2022-07-05 12:17:00,1467.63,1468.1,1467.63,1468.1,0.03,0.6,910.25,1
2022-07-05,2022-07-05 12:18:00,1468.1,1468.57,1468.1,1468.57,0.03,0.6,910.25,1
2022-07-05,2022-07-05 12:19:00,1468.57,1469.03,1468.57,1469.03,0.03,0.6,910.25,1
2022-07-05,2022-07-05 12:20:00,1469.03,1469.5,1469.03,1469.5,0.03,0.6,910.25,1
2022-07-05,2022-07-05 12:21:00,1469.5,1469.97,1469.5,1469.97,0.03,0.6,910.25,1
2022-07-05,2022-07-05 12:22:00,1469.97,1470.44,1469.97,1470.44,0.03,0.6,910.25,1
2022-07-05,2022-07-05 12:23:00,1470.44,1470.9,1470.44,1470.9,0.03,0.6,910.25,1
2022-07-05,2022-07-05 12:24:00,1470.9,1471.37,1470.9,1471.37,0.03,0.6,910.25,1
2022-07-05,2022-07-05 12:25:00,1471.37,1471.84,1471.37,1471.84,0.03,0.6,910.25,1
2022-07-05,2022-07-05 12:26:00,1471.84,1472.31,1471.84,1472.31,0.03,0.6,910.25,1
2022-07-05,2022-07-05 12:27:00,1472.31,1472.78,1472.31,1472.78,0.03,0.6,910.25,1
2022-07-05,2022-07-05 12:28:00,1472.78,1473.24,1472.78,1473.24,0.03,0.6,910.25,1
2022-07-05,2022-07-05 12:29:00,1473.24,1473.71,1473.24,1473.71,0.03,0.6,910.25,1
2022-07-05,2022-07-05 12:30:00,1473.71,1474.18,1473.71,1474.18,0.03,0.6,910.25,1
2022-07-05,2022-07-05 12:31:00,1474.18,1474.65,1474.18,1474.65,0.03,0.6,910.25,1
2022-07-05,2022-07-05 12:32:00,1474.65,1475.12,1474.65,1475.12,0.03,0.6,910.25,1
2022-07-05,2022-07-05 12:33:00,1475.12,1475.58,1475.12,1475.58,0.03,0.6,910.25,1
2022-07-05,2022-07-05 12:34:00,1475.58,1476.05,1475.58,1476.05,0.03,0.6,910.25,1
2022-07-05,2022-07-05 12:35:00,1476.05,1476.52,1476.05,1476.52,0.03,0.6,910.25,1
2022-07-05,2022-07-05 12:36:00,1476.52,1476.99,1476.52,1476.99,0.03,0.6,910.25,1
2022-07-05,2022-07-05 12:37:00,1476.99,1477.46,1476.99,1477.46,0.03,0.6,910.25,1
2022-07-05,2022-07-05 12:38:00,1477.46,1477.92,1477.46,1477.92,0.03,0.6,910.25,1
2022-07-05,2022-07-05 12:39:00,1477.92,1478.39,1477.92,1478.39,0.03,0.6,910.25,1
2022-07-05,2022-07-05 12:40:00,1478.39,1478.86,1478.39,1478.86,0.03,0.6,910.25,1
2022-07-05,2022-07-05 12:41:00,1478.86,1479.33,1478.86,1479.33,0.03,0.6,910.25,1
2022-07-05,2022-07-05 12:42:00,1479.33,1479.8,1479.33,1479.8,0.03,0.6,910.25,1
2022-07-05,2022-07-05 12:43:00,1479.8,1480.26,1479.8,1480.26,0.03,0.6,910.25,1
2022-07-05,2022-07-05 12:44:00,1480.26,1480.73,1480.26,1480.73,0.03,0.6,910.25,1
2022-07-05,2022-07-05 12:45:00,1480.73,1481.2,1480.73,1481.2,0.03,0.6,910.25,1
2022-07-05,2022-07-05 12:46:00,1481.2,1481.67,1481.2,1481.67,0.03,0.6,910.25,1
2022-07-05,2022-07-05 12:47:00,1481.67,1482.13,1481.67,1482.13,0.03,0.6,910.25,1
2022-07-05,2022-07-05 12:48:00,1482.13,1482.6,1482.13,1482.6,0.03,0.6,910.25,1
2022-07-05,2022-07-05 12:49:00,1482.6,1483.07,1482.6,1483.07,0.03,0.6,910.25,1
2022-07-05,2022-07-05 12:50:00,1483.07,1483.54,1483.07,1483.54,0.03,0.6,910.25,1
2022-07-05,2022-07-05 12:51:00,1483.54,1484.01,1483.54,1484.01,0.03,0.6,910.25,1
2022-07-05,2022-07-05 12:52:00,1484.01,1484.47,1484.01,1484.47,0.03,0.6,910.25,1
2022-07-05,2022-07-05 12:53:00,1484.47,1484.94,1484.47,1484.94,0.03,0.6,910.25,1
2022-07-05,2022-07-05 12:54:00,1484.94,1485.41,1484.94,1485.41,0.03,0.6,910.25,1
2022-07-05,2022-07-05 12:55:00,1485.41,1485.88,1485.41,1485.88,0.03,0.6,910.25,1
2022-07-05,2022-07-05 12:56:00,1485.88,1486.35,1485.88,1486.35,0.03,0.6,910.25,1
2022-07-05,2022-07-05 12:57:00,1486.35,1486.81,1486.35,1486.81,0.03,0.6,910.25,1
2022-07-05,2022-07-05 12:58:00,1486.81,1487.28,1486.81,1487.28,0.03,0.6,910.25,1
2022-07-05,2022-07-05 12:59:00,1487.28,1487.75,1487.28,1487.75,0.03,0.6,910.25,1
2022-07-05,2022-07-05 13:00:00,1487.75,1543.9,1431.6,1488.22,0.03,0.6,910.25,1
2022-07-05,2022-07-05 13:01:00,1488.22,1488.69,1488.22,1488.69,0.03,0.6,910.25,1
2022-07-05,2022-07-05 13:02:00,1488.69,1489.15,1488.69,1489.15,0.03,0.6,910.25,1
2022-07-05,2022-07-05 13:03:00,1489.15,1489.62,1489.15,1489.62,0.03,0.6,910.25,1
2022-07-05,2022-07-05 13:04:00,1489.62,1490.09,1489.62,1490.09,0.03,0.6,910.25,1
2022-07-05,2022-07-05 13:05:00,1490.09,1490.56,1490.09,1490.56,0.03,0.6,910.25,1
2022-07-05,2022-07-05 13:06:00,1490.56,1491.03,1490.56,1491.03,0.03,0.6,910.25,1
2022-07-05,2022-07-05 13:07:00,1491.03,1491.49,1491.03,1491.49,0.03,0.6,910.25,1
2022-07-05,2022-07-05 13:08:00,1491.49,1491.96,1491.49,1491.96,0.03,0.6,910.25,1
2022-07-05,2022-07-05 13:09:00,1491.96,1492.43,1491.96,1492.43,0.03,0.6,910.25,1
2022-07-05,2022-07-05 13:10:00,1492.43,1492.9,1492.43,1492.9,0.03,0.6,910.25,1
2022-07-05,2022-07-05 13:11:00,1492.9,1493.37,1492.9,1493.37,0.03,0.6,910.25,1
2022-07-05,2022-07-05 13:12:00,1493.37,1493.83,1493.37,1493.83,0.03,0.6,910.25,1
2022-07-05,2022-07-05 13:13:00,1493.83,1494.3,1493.83,1494.3,0.03,0.6,910.25,1
2022-07-05,2022-07-05 13:14:00,1494.3,1494.77,1494.3,1494.77,0.03,0.6,910.25,1
2022-07-05,2022-07-05 13:15:00,1494.77,1495.24,1494.77,1495.24,0.03,0.6,910.25,1
2022-07-05,2022-07-05 13:16:00,1495.24,1495.7,1495.24,1495.7,0.03,0.6,910.25,1
2022-07-05,2022-07-05 13:17:00,1495.7,1496.17,1495.7,1496.17,0.03,0.6,910.25,1
2022-07-05,2022-07-05 13:18:00,1496.17,1496.64,1496.17,1496.64,0.03,0.6,910.25,1
2022-07-05,2022-07-05 13:19:00,1496.64,1497.11,1496.64,1497.11,0.03,0.6,910.25,1
2022-07-05,2022-07-05 13:20:00,1497.11,1497.58,1497.11,1497.58,0.03,0.6,910.25,1
2022-07-05,2022-07-05 13:21:00,1497.58,1498.04,1497.58,1498.04,0.03,0.6,910.25,1
2022-07-05,2022-07-05 13:22:00,1498.04,1498.51,1498.04,1498.51,0.03,0.6,910.25,1
2022-07-05,2022-07-05 13:23:00,1498.51,1498.98,1498.51,1498.98,0.03,0.6,910.25,1
2022-07-05,2022-07-05 13:24:00,1498.98,1499.45,1498.98,1499.45,0.03,0.6,910.25,1
2022-07-05,2022-07-05 13:25:00,1499.45,1499.92,1499.45,1499.92,0.03,0.6,910.25,1
2022-07-05,2022-07-05 13:26:00,1499.92,1500.38,1499.92,1500.38,0.03,0.6,910.25,1
2022-07-05,2022-07-05 13:27:00,1500.38,1500.85,1500.38,1500.85,0.03,0.6,910.25,1
2022-07-05,2022-07-05 13:28:00,1500.85,1501.32,1500.85,1501.32,0.03,0.6,910.25,1
2022-07-05,2022-07-05 13:29:00,1501.32,1501.79,1501.32,1501.79,0.03,0.6,910.25,1
2022-07-05,2022-07-05 13:30:00,1501.79,1502.26,1501.79,1502.26,0.03,0.6,910.25,1
2022-07-05,2022-07-05 13:31:00,1502.26,1502.72,1502.26,1502.72,0.03,0.6,910.25,1
2022-07-05,2022-07-05 13:32:00,1502.72,1503.19,1502.72,1503.19,0.03,0.6,910.25,1
2022-07-05,2022-07-05 13:33:00,1503.19,1503.66,1503.19,1503.66,0.03,0.6,910.25,1
2022-07-05,2022-07-05 13:34:00,1503.66,1504.13,1503.66,1504.13,0.03,0.6,910.25,1
2022-07-05,2022-07-05 13:35:00,1504.13,1504.6,1504.13,1504.6,0.03,0.6,910.25,1
2022-07-05,2022-07-05 13:36:00,1504.6,1505.06,1504.6,1505.06,0.03,0.6,910.25,1
2022-07-05,2022-07-05 13:37:00,1505.06,1505.53,1505.06,1505.53,0.03,0.6,910.25,1
2022-07-05,2022-07-05 13:38:00,1505.53,1506.0,1505.53,1506.0,0.03,0.6,910.25,1
2022-07-05,2022-07-05 13:39:00,1506.0,1506.47,1506.0,1506.47,0.03,0.6,910.25,1
2022-07-05,2022-07-05 13:40:00,1506.47,1506.93,1506.47,1506.93,0.03,0.6,910.25,1
2022-07-05,2022-07-05 13:41:00,1506.93,1507.4,1506.93,1507.4,0.03,0.6,910.25,1
2022-07-05,2022-07-05 13:42:00,1507.4,1507.87,1507.4,1507.87,0.03,0.6,910.25,1
2022-07-05,2022-07-05 13:43:00,1507.87,1508.34,1507.87,1508.34,0.03,0.6,910.25,1
2022-07-05,2022-07-05 13:44:00,1508.34,1508.81,1508.34,1508.81,0.03,0.6,910.25,1
2022-07-05,2022-07-05 13:45:00,1508.81,1509.27,1508.81,1509.27,0.03,0.6,910.25,1
2022-07-05,2022-07-05 13:46:00,1509.27,1509.74,1509.27,1509.74,0.03,0.6,910.25,1
2022-07-05,2022-07-05 13:47:00,1509.74,1510.21,1509.74,1510.21,0.03,0.6,910.25,1
2022-07-05,2022-07-05 13:48:00,1510.21,1510.68,1510.21,1510.68,0.03,0.6,910.25,1
2022-07-05,2022-07-05 13:49:00,1510.68,1511.15,1510.68,1511.15,0.03,0.6,910.25,1
2022-07-05,2022-07-05 13:50:00,1511.15,1511.61,1511.15,1511.61,0.03,0.6,910.25,1
2022-07-05,2022-07-05 13:51:00,1511.61,1512.08,1511.61,1512.08,0.03,0.6,910.25,1
2022-07-05,2022-07-05 13:52:00,1512.08,1512.55,1512.08,1512.55,0.03,0.6,910.25,1
2022-07-05,2022-07-05 13:53:00,1512.55,1513.02,1512.55,1513.02,0.03,0.6,910.25,1
2022-07-05,2022-07-05 13:54:00,1513.02,1513.49,1513.02,1513.49,0.03,0.6,910.25,1
2022-07-05,2022-07-05 13:55:00,1513.49,1513.95,1513.49,1513.95,0.03,0.6,910.25,1
2022-07-05,2022-07-05 13:56:00,1513.95,1514.42,1513.95,1514.42,0.03,0.6,910.25,1
2022-07-05,2022-07-05 13:57:00,1514.42,1514.89,1514.42,1514.89,0.03,0.6,910.25,1
2022-07-05,2022-07-05 13:58:00,1514.89,1515.36,1514.89,1515.36,0.03,0.6,910.25,1
2022-07-05,2022-07-05 13:59:00,1515.36,1515.83,1515.36,1515.83,0.03,0.6,910.25,1
2022-07-05,2022-07-05 14:00:00,1515.83,1516.29,1515.83,1516.29,0.03,0.6,910.25,1
2022-07-05,2022-07-05 14:01:00,1516.29,1516.76,1516.29,1516.76,0.03,0.6,910.25,1
2022-07-05,2022-07-05 14:02:00,1516.76,1517.23,1516.76,1517.23,0.03,0.6,910.25,1
2022-07-05,2022-07-05 14:03:00,1517.23,1517.7,1517.23,1517.7,0.03,0.6,910.25,1
2022-07-05,2022-07-05 14:04:00,1517.7,1518.16,1517.7,1518.16,0.03,0.6,910.25,1
2022-07-05,2022-07-05 14:05:00,1518.16,1518.63,1518.16,1518.63,0.03,0.6,910.25,1
2022-07-05,2022-07-05 14:06:00,1518.63,1519.1,1518.63,1519.1,0.03,0.6,910.25,1
2022-07-05,2022-07-05 14:07:00,1519.1,1519.57,1519.1,1519.57,0.03,0.6,910.25,1
2022-07-05,2022-07-05 14:08:00,1519.57,1520.04,1519.57,1520.04,0.03,0.6,910.25,1
2022-07-05,2022-07-05 14:09:00,1520.04,1520.5,1520.04,1520.5,0.03,0.6,910.25,1
2022-07-05,2022-07-05 14:10:00,1520.5,1520.97,1520.5,1520.97,0.03,0.6,910.25,1
2022-07-05,2022-07-05 14:11:00,1520.97,1521.44,1520.97,1521.44,0.03,0.6,910.25,1
2022-07-05,2022-07-05 14:12:00,1521.44,1521.91,1521.44,1521.91,0.03,0.6,910.25,1
2022-07-05,2022-07-05 14:13:00,1521.91,1522.38,1521.91,1522.38,0.03,0.6,910.25,1
2022-07-05,2022-07-05 14:14:00,1522.38,1522.84,1522.38,1522.84,0.03,0.6,910.25,1
2022-07-05,2022-07-05 14:15:00,1522.84,1523.31,1522.84,1523.31,0.03,0.6,910.25,1
2022-07-05,2022-07-05 14:16:00,1523.31,1523.78,1523.31,1523.78,0.03,0.6,910.25,1
2022-07-05,2022-07-05 14:17:00,1523.78,1524.25,1523.78,1524.25,0.03,0.6,910.25,1
2022-07-05,2022-07-05 14:18:00,1524.25,1524.72,1524.25,1524.72,0.03,0.6,910.25,1
2022-07-05,2022-07-05 14:19:00,1524.72,1525.18,1524.72,1525.18,0.03,0.6,910.25,1
2022-07-05,2022-07-05 14:20:00,1525.18,1525.65,1525.18,1525.65,0.03,0.6,910.25,1
2022-07-05,2022-07-05 14:21:00,1525.65,1526.12,1525.65,1526.12,0.03,0.6,910.25,1
2022-07-05,2022-07-05 14:22:00,1526.12,1526.59,1526.12,1526.59,0.03,0.6,910.25,1
2022-07-05,2022-07-05 14:23:00,1526.59,1527.06,1526.59,1527.06,0.03,0.6,910.25,1
2022-07-05,2022-07-05 14:24:00,1527.06,1527.52,1527.06,1527.52,0.03,0.6,910.25,1
2022-07-05,2022-07-05 14:25:00,1527.52,1527.99,1527.52,1527.99,0.03,0.6,910.25,1
2022-07-05,2022-07-05 14:26:00,1527.99,1528.46,1527.99,1528.46,0.03,0.6,910.25,1
2022-07-05,2022-07-05 14:27:00,1528.46,1528.93,1528.46,1528.93,0.03,0.6,910.25,1
2022-07-05,2022-07-05 14:28:00,1528.93,1529.39,1528.93,1529.39,0.03,0.6,910.25,1
2022-07-05,2022-07-05 14:29:00,1529.39,1529.86,1529.39,1529.86,0.03,0.6,910.25,1
2022-07-05,2022-07-05 14:30:00,1529.86,1530.33,1529.86,1530.33,0.03,0.6,910.25,1
2022-07-05,2022-07-05 14:31:00,1530.33,1530.8,1530.33,1530.8,0.03,0.6,910.25,1
2022-07-05,2022-07-05 14:32:00,1530.8,1531.27,1530.8,1531.27,0.03,0.6,910.25,1
2022-07-05,2022-07-05 14:33:00,1531.27,1531.73,1531.27,1531.73,0.03,0.6,910.25,1
2022-07-05,2022-07-05 14:34:00,1531.73,1532.2,1531.73,1532.2,0.03,0.6,910.25,1
2022-07-05,2022-07-05 14:35:00,1532.2,1532.67,1532.2,1532.67,0.03,0.6,910.25,1
2022-07-05,2022-07-05 14:36:00,1532.67,1533.14,1532.67,1533.14,0.03,0.6,910.25,1
2022-07-05,2022-07-05 14:37:00,1533.14,1533.61,1533.14,1533.61,0.03,0.6,910.25,1
2022-07-05,2022-07-05 14:38:00,1533.61,1534.07,1533.61,1534.07,0.03,0.6,910.25,1
2022-07-05,2022-07-05 14:39:00,1534.07,1534.54,1534.07,1534.54,0.03,0.6,910.25,1
2022-07-05,2022-07-05 14:40:00,1534.54,1535.01,1534.54,1535.01,0.03,0.6,910.25,1
2022-07-05,2022-07-05 14:41:00,1535.01,1535.48,1535.01,1535.48,0.03,0.6,910.25,1
2022-07-05,2022-07-05 14:42:00,1535.48,1535.95,1535.48,1535.95,0.03,0.6,910.25,1
2022-07-05,2022-07-05 14:43:00,1535.95,1536.41,1535.95,1536.41,0.03,0.6,910.25,1
2022-07-05,2022-07-05 14:44:00,1536.41,1536.88,1536.41,1536.88,0.03,0.6,910.25,1
2022-07-05,2022-07-05 14:45:00,1536.88,1537.35,1536.88,1537.35,0.03,0.6,910.25,1
2022-07-05,2022-07-05 14:46:00,1537.35,1537.82,1537.35,1537.82,0.03,0.6,910.25,1
2022-07-05,2022-07-05 14:47:00,1537.82,1538.29,1537.82,1538.29,0.03,0.6,910.25,1
2022-07-05,2022-07-05 14:48:00,1538.29,1538.75,1538.29,1538.75,0.03,0.6,910.25,1
2022-07-05,2022-07-05 14:49:00,1538.75,1539.22,1538.75,1539.22,0.03,0.6,910.25,1
2022-07-05,2022-07-05 14:50:00,1539.22,1539.69,1539.22,1539.69,0.03,0.6,910.25,1
2022-07-05,2022-07-05 14:51:00,1539.69,1540.16,1539.69,1540.16,0.03,0.6,910.25,1
2022-07-05,2022-07-05 14:52:00,1540.16,1540.62,1540.16,1540.62,0.03,0.6,910.25,1
2022-07-05,2022-07-05 14:53:00,1540.62,1541.09,1540.62,1541.09,0.03,0.6,910.25,1
2022-07-05,2022-07-05 14:54:00,1541.09,1541.56,1541.09,1541.56,0.03,0.6,910.25,1
2022-07-05,2022-07-05 14:55:00,1541.56,1542.03,1541.56,1542.03,0.03,0.6,910.25,1
2022-07-05,2022-07-05 14:56:00,1542.03,1542.5,1542.03,1542.5,0.03,0.6,910.25,1
2022-07-05,2022-07-05 14:57:00,1542.5,1542.96,1542.5,1542.96,0.03,0.6,910.25,1
2022-07-05,2022-07-05 14:58:00,1542.96,1543.43,1542.96,1543.43,0.03,0.6,910.25,1
2022-07-05,2022-07-05 14:59:00,1543.43,1543.9,1543.43,1543.9,0.03,0.6,910.25,1
2022-07-05,2022-07-05 15:00:00,1543.9,1543.9,1431.6,1543.9,0.0,0.6,910.25,0
2022-07-06,2022-07-06 11:00:00,1574.7,1611.75,1574.7,1575.21,0.03,0.56,928.59,1
2022-07-06,2022-07-06 11:01:00,1575.21,1575.73,1575.21,1575.73,0.03,0.56,928.59,1
2022-07-06,2022-07-06 11:02:00,1575.73,1576.24,1575.73,1576.24,0.03,0.56,928.59,1
2022-07-06,2022-07-06 11:03:00,1576.24,1576.76,1576.24,1576.76,0.03,0.56,928.59,1
2022-07-06,2022-07-06 11:04:00,1576.76,1577.27,1576.76,1577.27,0.03,0.56,928.59,1
2022-07-06,2022-07-06 11:05:00,1577.27,1577.79,1577.27,1577.79,0.03,0.56,928.59,1
2022-07-06,2022-07-06 11:06:00,1577.79,1578.3,1577.79,1578.3,0.03,0.56,928.59,1
2022-07-06,2022-07-06 11:07:00,1578.3,1578.82,1578.3,1578.82,0.03,0.56,928.59,1
2022-07-06,2022-07-06 11:08:00,1578.82,1579.33,1578.82,1579.33,0.03,0.56,928.59,1
2022-07-06,2022-07-06 11:09:00,1579.33,1579.85,1579.33,1579.85,0.03,0.56,928.59,1
2022-07-06,2022-07-06 11:10:00,1579.85,1580.36,1579.85,1580.36,0.03,0.56,928.59,1
2022-07-06,2022-07-06 11:11:00,1580.36,1580.88,1580.36,1580.88,0.03,0.56,928.59,1
2022-07-06,2022-07-06 11:12:00,1580.88,1581.39,1580.88,1581.39,0.03,0.56,928.59,1
2022-07-06,2022-07-06 11:13:00,1581.39,1581.9,1581.39,1581.9,0.03,0.56,928.59,1
2022-07-06,2022-07-06 11:14:00,1581.9,1582.42,1581.9,1582.42,0.03,0.56,928.59,1
2022-07-06,2022-07-06 11:15:00,1582.42,1582.93,1582.42,1582.93,0.03,0.56,928.59,1
2022-07-06,2022-07-06 11:16:00,1582.93,1583.45,1582.93,1583.45,0.03,0.56,928.59,1
2022-07-06,2022-07-06 11:17:00,1583.45,1583.96,1583.45,1583.96,0.03,0.56,928.59,1
2022-07-06,2022-07-06 11:18:00,1583.96,1584.48,1583.96,1584.48,0.03,0.56,928.59,1
2022-07-06,2022-07-06 11:19:00,1584.48,1584.99,1584.48,1584.99,0.03,0.56,928.59,1
2022-07-06,2022-07-06 11:20:00,1584.99,1585.51,1584.99,1585.51,0.03,0.56,928.59,1
2022-07-06,2022-07-06 11:21:00,1585.51,1586.02,1585.51,1586.02,0.03,0.56,928.59,1
2022-07-06,2022-07-06 11:22:00,1586.02,1586.54,1586.02,1586.54,0.03,0.56,928.59,1
2022-07-06,2022-07-06 11:23:00,1586.54,1587.05,1586.54,1587.05,0.03,0.56,928.59,1
2022-07-06,2022-07-06 11:24:00,1587.05,1587.56,1587.05,1587.56,0.03,0.56,928.59,1
2022-07-06,2022-07-06 11:25:00,1587.56,1588.08,1587.56,1588.08,0.03,0.56,928.59,1
2022-07-06,2022-07-06 11:26:00,1588.08,1588.59,1588.08,1588.59,0.03,0.56,928.59,1
2022-07-06,2022-07-06 11:27:00,1588.59,1589.11,1588.59,1589.11,0.03,0.56,928.59,1
2022-07-06,2022-07-06 11:28:00,1589.11,1589.62,1589.11,1589.62,0.03,0.56,928.59,1
2022-07-06,2022-07-06 11:29:00,1589.62,1590.14,1589.62,1590.14,0.03,0.56,928.59,1
2022-07-06,2022-07-06 11:30:00,1590.14,1590.65,1590.14,1590.65,0.03,0.56,928.59,1
2022-07-06,2022-07-06 11:31:00,1590.65,1591.17,1590.65,1591.17,0.03,0.56,928.59,1
2022-07-06,2022-07-06 11:32:00,1591.17,1591.68,1591.17,1591.68,0.03,0.56,928.59,1
2022-07-06,2022-07-06 11:33:00,1591.68,1592.2,1591.68,1592.2,0.03,0.56,928.59,1
2022-07-06,2022-07-06 11:34:00,1592.2,1592.71,1592.2,1592.71,0.03,0.56,928.59,1
2022-07-06,2022-07-06 11:35:00,1592.71,1593.23,1592.71,1593.23,0.03,0.56,928.59,1
2022-07-06,2022-07-06 11:36:00,1593.23,1593.74,1593.23,1593.74,0.03,0.56,928.59,1
2022-07-06,2022-07-06 11:37:00,1593.74,1594.25,1593.74,1594.25,0.03,0.56,928.59,1
2022-07-06,2022-07-06 11:38:00,1594.25,1594.77,1594.25,1594.77,0.03,0.56,928.59,1
2022-07-06,2022-07-06 11:39:00,1594.77,1595.28,1594.77,1595.28,0.03,0.56,928.59,1
2022-07-06,2022-07-06 11:40:00,1595.28,1595.8,1595.28,1595.8,0.03,0.56,928.59,1
2022-07-06,2022-07-06 11:41:00,1595.8,1596.31,1595.8,1596.31,0.03,0.56,928.59,1
2022-07-06,2022-07-06 11:42:00,1596.31,1596.83,1596.31,1596.83,0.03,0.56,928.59,1
2022-07-06,2022-07-06 11:43:00,1596.83,1597.34,1596.83,1597.34,0.03,0.56,928.59,1
2022-07-06,2022-07-06 11:44:00,1597.34,1597.86,1597.34,1597.86,0.03,0.56,928.59,1
2022-07-06,2022-07-06 11:45:00,1597.86,1598.37,1597.86,1598.37,0.03,0.56,928.59,1
2022-07-06,2022-07-06 11:46:00,1598.37,1598.89,1598.37,1598.89,0.03,0.56,928.59,1
2022-07-06,2022-07-06 11:47:00,1598.89,1599.4,1598.89,1599.4,0.03,0.56,928.59,1
2022-07-06,2022-07-06 11:48:00,1599.4,1599.91,1599.4,1599.91,0.03,0.56,928.59,1
2022-07-06,2022-07-06 11:49:00,1599.91,1600.43,1599.91,1600.43,0.03,0.56,928.59,1
2022-07-06,2022-07-06 11:50:00,1600.43,1600.94,1600.43,1600.94,0.03,0.56,928.59,1
2022-07-06,2022-07-06 11:51:00,1600.94,1601.46,1600.94,1601.46,0.03,0.56,928.59,1
2022-07-06,2022-07-06 11:52:00,1601.46,1601.97,1601.46,1601.97,0.03,0.56,928.59,1
2022-07-06,2022-07-06 11:53:00,1601.97,1602.49,1601.97,1602.49,0.03,0.56,928.59,1
2022-07-06,2022-07-06 11:54:00,1602.49,1603.0,1602.49,1603.0,0.03,0.56,928.59,1
2022-07-06,2022-07-06 11:55:00,1603.0,1603.52,1603.0,1603.52,0.03,0.56,928.59,1
2022-07-06,2022-07-06 11:56:00,1603.52,1604.03,1603.52,1604.03,0.03,0.56,928.59,1
2022-07-06,2022-07-06 11:57:00,1604.03,1604.55,1604.03,1604.55,0.03,0.56,928.59,1
2022-07-06,2022-07-06 11:58:00,1604.55,1605.06,1604.55,1605.06,0.03,0.56,928.59,1
2022-07-06,2022-07-06 11:59:00,1605.06,1605.58,1605.06,1605.58,0.03,0.56,928.59,1
2022-07-06,2022-07-06 12:00:00,1605.58,1606.09,1605.58,1606.09,0.03,0.56,928.59,1
2022-07-06,2022-07-06 12:01:00,1606.09,1606.6,1606.09,1606.6,0.03,0.56,928.59,1
2022-07-06,2022-07-06 12:02:00,1606.6,1607.12,1606.6,1607.12,0.03,0.56,928.59,1
2022-07-06,2022-07-06 12:03:00,1607.12,1607.63,1607.12,1607.63,0.03,0.56,928.59,1
2022-07-06,2022-07-06 12:04:00,1607.63,1608.15,1607.63,1608.15,0.03,0.56,928.59,1
2022-07-06,2022-07-06 12:05:00,1608.15,1608.66,1608.15,1608.66,0.03,0.56,928.59,1
2022-07-06,2022-07-06 12:06:00,1608.66,1609.18,1608.66,1609.18,0.03,0.56,928.59,1
2022-07-06,2022-07-06 12:07:00,1609.18,1609.69,1609.18,1609.69,0.03,0.56,928.59,1
2022-07-06,2022-07-06 12:08:00,1609.69,1610.21,1609.69,1610.21,0.03,0.56,928.59,1
2022-07-06,2022-07-06 12:09:00,1610.21,1610.72,1610.21,1610.72,0.03,0.56,928.59,1
2022-07-06,2022-07-06 12:10:00,1610.72,1611.24,1610.72,1611.24,0.03,0.56,928.59,1
2022-07-06,2022-07-06 12:11:00,1611.24,1611.75,1611.24,1611.75,0.03,0.56,928.59,1
2022-07-06,2022-07-06 12:12:00,1611.75,1612.26,1611.75,1612.26,0.03,0.56,928.59,1
2022-07-06,2022-07-06 12:13:00,1612.26,1612.78,1612.26,1612.78,0.03,0.56,928.59,1
2022-07-06,2022-07-06 12:14:00,1612.78,1613.29,1612.78,1613.29,0.03,0.56,928.59,1
2022-07-06,2022-07-06 12:15:00,1613.29,1613.81,1613.29,1613.81,0.03,0.56,928.59,1
2022-07-06,2022-07-06 12:16:00,1613.81,1614.32,1613.81,1614.32,0.03,0.56,928.59,1
2022-07-06,2022-07-06 12:17:00,1614.32,1614.84,1614.32,1614.84,0.03,0.56,928.59,1
2022-07-06,2022-07-06 12:18:00,1614.84,1615.35,1614.84,1615.35,0.03,0.56,928.59,1
2022-07-06,2022-07-06 12:19:00,1615.35,1615.87,1615.35,1615.87,0.03,0.56,928.59,1
2022-07-06,2022-07-06 12:20:00,1615.87,1616.38,1615.87,1616.38,0.03,0.56,928.59,1
2022-07-06,2022-07-06 12:21:00,1616.38,1616.9,1616.38,1616.9,0.03,0.56,928.59,1
2022-07-06,2022-07-06 12:22:00,1616.9,1617.41,1616.9,1617.41,0.03,0.56,928.59,1
2022-07-06,2022-07-06 12:23:00,1617.41,1617.92,1617.41,1617.92,0.03,0.56,928.59,1
2022-07-06,2022-07-06 12:24:00,1617.92,1618.44,1617.92,1618.44,0.03,0.56,928.59,1
2022-07-06,2022-07-06 12:25:00,1618.44,1618.95,1618.44,1618.95,0.03,0.56,928.59,1
2022-07-06,2022-07-06 12:26:00,1618.95,1619.47,1618.95,1619.47,0.03,0.56,928.59,1
2022-07-06,2022-07-06 12:27:00,1619.47,1619.98,1619.47,1619.98,0.03,0.56,928.59,1
2022-07-06,2022-07-06 12:28:00,1619.98,1620.5,1619.98,1620.5,0.03,0.56,928.59,1
2022-07-06,2022-07-06 12:29:00,1620.5,1621.01,1620.5,1621.01,0.03,0.56,928.59,1
2022-07-06,2022-07-06 12:30:00,1621.01,1621.53,1621.01,1621.53,0.03,0.56,928.59,1
2022-07-06,2022-07-06 12:31:00,1621.53,1622.04,1621.53,1622.04,0.03,0.56,928.59,1
2022-07-06,2022-07-06 12:32:00,1622.04,1622.56,1622.04,1622.56,0.03,0.56,928.59,1
2022-07-06,2022-07-06 12:33:00,1622.56,1623.07,1622.56,1623.07,0.03,0.56,928.59,1
2022-07-06,2022-07-06 12:34:00,1623.07,1623.59,1623.07,1623.59,0.03,0.56,928.59,1
2022-07-06,2022-07-06 12:35:00,1623.59,1624.1,1623.59,1624.1,0.03,0.56,928.59,1
2022-07-06,2022-07-06 12:36:00,1624.1,1624.61,1624.1,1624.61,0.03,0.56,928.59,1
2022-07-06,2022-07-06 12:37:00,1624.61,1625.13,1624.61,1625.13,0.03,0.56,928.59,1
2022-07-06,2022-07-06 12:38:00,1625.13,1625.64,1625.13,1625.64,0.03,0.56,928.59,1
2022-07-06,2022-07-06 12:39:00,1625.64,1626.16,1625.64,1626.16,0.03,0.56,928.59,1
2022-07-06,2022-07-06 12:40:00,1626.16,1626.67,1626.16,1626.67,0.03,0.56,928.59,1
2022-07-06,2022-07-06 12:41:00,1626.67,1627.19,1626.67,1627.19,0.03,0.56,928.59,1
2022-07-06,2022-07-06 12:42:00,1627.19,1627.7,1627.19,1627.7,0.03,0.56,928.59,1
2022-07-06,2022-07-06 12:43:00,1627.7,1628.22,1627.7,1628.22,0.03,0.56,928.59,1
2022-07-06,2022-07-06 12:44:00,1628.22,1628.73,1628.22,1628.73,0.03,0.56,928.59,1
2022-07-06,2022-07-06 12:45:00,1628.73,1629.25,1628.73,1629.25,0.03,0.56,928.59,1
2022-07-06,2022-07-06 12:46:00,1629.25,1629.76,1629.25,1629.76,0.03,0.56,928.59,1
2022-07-06,2022-07-06 12:47:00,1629.76,1630.28,1629.76,1630.28,0.03,0.56,928.59,1
2022-07-06,2022-07-06 12:48:00,1630.28,1630.79,1630.28,1630.79,0.03,0.56,928.59,1
2022-07-06,2022-07-06 12:49:00,1630.79,1631.3,1630.79,1631.3,0.03,0.56,928.59,1
2022-07-06,2022-07-06 12:50:00,1631.3,1631.82,1631.3,1631.82,0.03,0.56,928.59,1
2022-07-06,2022-07-06 12:51:00,1631.82,1632.33,1631.82,1632.33,0.03,0.56,928.59,1
2022-07-06,2022-07-06 12:52:00,1632.33,1632.85,1632.33,1632.85,0.03,0.56,928.59,1
2022-07-06,2022-07-06 12:53:00,1632.85,1633.36,1632.85,1633.36,0.03,0.56,928.59,1
2022-07-06,2022-07-06 12:54:00,1633.36,1633.88,1633.36,1633.88,0.03,0.56,928.59,1
2022-07-06,2022-07-06 12:55:00,1633.88,1634.39,1633.88,1634.39,0.03,0.56,928.59,1
2022-07-06,2022-07-06 12:56:00,1634.39,1634.91,1634.39,1634.91,0.03,0.56,928.59,1
2022-07-06,2022-07-06 12:57:00,1634.91,1635.42,1634.91,1635.42,0.03,0.56,928.59,1
2022-07-06,2022-07-06 12:58:00,1635.42,1635.94,1635.42,1635.94,0.03,0.56,928.59,1
2022-07-06,2022-07-06 12:59:00,1635.94,1636.45,1635.94,1636.45,0.03,0.56,928.59,1
2022-07-06,2022-07-06 13:00:00,1636.45,1698.2,1574.7,1636.96,0.03,0.56,928.59,1
2022-07-06,2022-07-06 13:01:00,1636.96,1637.48,1636.96,1637.48,0.03,0.56,928.59,1
2022-07-06,2022-07-06 13:02:00,1637.48,1637.99,1637.48,1637.99,0.03,0.56,928.59,1
2022-07-06,2022-07-06 13:03:00,1637.99,1638.51,1637.99,1638.51,0.03,0.56,928.59,1
2022-07-06,2022-07-06 13:04:00,1638.51,1639.02,1638.51,1639.02,0.03,0.56,928.59,1
2022-07-06,2022-07-06 13:05:00,1639.02,1639.54,1639.02,1639.54,0.03,0.56,928.59,1
2022-07-06,2022-07-06 13:06:00,1639.54,1640.05,1639.54,1640.05,0.03,0.56,928.59,1
2022-07-06,2022-07-06 13:07:00,1640.05,1640.57,1640.05,1640.57,0.03,0.56,928.59,1
2022-07-06,2022-07-06 13:08:00,1640.57,1641.08,1640.57,1641.08,0.03,0.56,928.59,1
2022-07-06,2022-07-06 13:09:00,1641.08,1641.6,1641.08,1641.6,0.03,0.56,928.59,1
2022-07-06,2022-07-06 13:10:00,1641.6,1642.11,1641.6,1642.11,0.03,0.56,928.59,1
2022-07-06,2022-07-06 13:11:00,1642.11,1642.62,1642.11,1642.62,0.03,0.56,928.59,1
2022-07-06,2022-07-06 13:12:00,1642.62,1643.14,1642.62,1643.14,0.03,0.56,928.59,1
2022-07-06,2022-07-06 13:13:00,1643.14,1643.65,1643.14,1643.65,0.03,0.56,928.59,1
2022-07-06,2022-07-06 13:14:00,1643.65,1644.17,1643.65,1644.17,0.03,0.56,928.59,1
2022-07-06,2022-07-06 13:15:00,1644.17,1644.68,1644.17,1644.68,0.03,0.56,928.59,1
2022-07-06,2022-07-06 13:16:00,1644.68,1645.2,1644.68,1645.2,0.03,0.56,928.59,1
2022-07-06,2022-07-06 13:17:00,1645.2,1645.71,1645.2,1645.71,0.03,0.56,928.59,1
2022-07-06,2022-07-06 13:18:00,1645.71,1646.23,1645.71,1646.23,0.03,0.56,928.59,1
2022-07-06,2022-07-06 13:19:00,1646.23,1646.74,1646.23,1646.74,0.03,0.56,928.59,1
2022-07-06,2022-07-06 13:20:00,1646.74,1647.26,1646.74,1647.26,0.03,0.56,928.59,1
2022-07-06,2022-07-06 13:21:00,1647.26,1647.77,1647.26,1647.77,0.03,0.56,928.59,1
2022-07-06,2022-07-06 13:22:00,1647.77,1648.29,1647.77,1648.29,0.03,0.56,928.59,1
2022-07-06,2022-07-06 13:23:00,1648.29,1648.8,1648.29,1648.8,0.03,0.56,928.59,1
2022-07-06,2022-07-06 13:24:00,1648.8,1649.31,1648.8,1649.31,0.03,0.56,928.59,1
2022-07-06,2022-07-06 13:25:00,1649.31,1649.83,1649.31,1649.83,0.03,0.56,928.59,1
2022-07-06,2022-07-06 13:26:00,1649.83,1650.34,1649.83,1650.34,0.03,0.56,928.59,1
2022-07-06,2022-07-06 13:27:00,1650.34,1650.86,1650.34,1650.86,0.03,0.56,928.59,1
2022-07-06,2022-07-06 13:28:00,1650.86,1651.37,1650.86,1651.37,0.03,0.56,928.59,1
2022-07-06,2022-07-06 13:29:00,1651.37,1651.89,1651.37,1651.89,0.03,0.56,928.59,1
2022-07-06,2022-07-06 13:30:00,1651.89,1652.4,1651.89,1652.4,0.03,0.56,928.59,1
2022-07-06,2022-07-06 13:31:00,1652.4,1652.92,1652.4,1652.92,0.03,0.56,928.59,1
2022-07-06,2022-07-06 13:32:00,1652.92,1653.43,1652.92,1653.43,0.03,0.56,928.59,1
2022-07-06,2022-07-06 13:33:00,1653.43,1653.95,1653.43,1653.95,0.03,0.56,928.59,1
2022-07-06,2022-07-06 13:34:00,1653.95,1654.46,1653.95,1654.46,0.03,0.56,928.59,1
2022-07-06,2022-07-06 13:35:00,1654.46,1654.98,1654.46,1654.98,0.03,0.56,928.59,1
2022-07-06,2022-07-06 13:36:00,1654.98,1655.49,1654.98,1655.49,0.03,0.56,928.59,1
2022-07-06,2022-07-06 13:37:00,1655.49,1656.0,1655.49,1656.0,0.03,0.56,928.59,1
2022-07-06,2022-07-06 13:38:00,1656.0,1656.52,1656.0,1656.52,0.03,0.56,928.59,1
2022-07-06,2022-07-06 13:39:00,1656.52,1657.03,1656.52,1657.03,0.03,0.56,928.59,1
2022-07-06,2022-07-06 13:40:00,1657.03,1657.55,1657.03,1657.55,0.03,0.56,928.59,1
2022-07-06,2022-07-06 13:41:00,1657.55,1658.06,1657.55,1658.06,0.03,0.56,928.59,1
2022-07-06,2022-07-06 13:42:00,1658.06,1658.58,1658.06,1658.58,0.03,0.56,928.59,1
2022-07-06,2022-07-06 13:43:00,1658.58,1659.09,1658.58,1659.09,0.03,0.56,928.59,1
2022-07-06,2022-07-06 13:44:00,1659.09,1659.61,1659.09,1659.61,0.03,0.56,928.59,1
2022-07-06,2022-07-06 13:45:00,1659.61,1660.12,1659.61,1660.12,0.03,0.56,928.59,1
2022-07-06,2022-07-06 13:46:00,1660.12,1660.64,1660.12,1660.64,0.03,0.56,928.59,1
2022-07-06,2022-07-06 13:47:00,1660.64,1661.15,1660.64,1661.15,0.03,0.56,928.59,1
2022-07-06,2022-07-06 13:48:00,1661.15,1661.66,1661.15,1661.66,0.03,0.56,928.59,1
2022-07-06,2022-07-06 13:49:00,1661.66,1662.18,1661.66,1662.18,0.03,0.56,928.59,1
2022-07-06,2022-07-06 13:50:00,1662.18,1662.69,1662.18,1662.69,0.03,0.56,928.59,1
2022-07-06,2022-07-06 13:51:00,1662.69,1663.21,1662.69,1663.21,0.03,0.56,928.59,1
2022-07-06,2022-07-06 13:52:00,1663.21,1663.72,1663.21,1663.72,0.03,0.56,928.59,1
2022-07-06,2022-07-06 13:53:00,1663.72,1664.24,1663.72,1664.24,0.03,0.56,928.59,1
2022-07-06,2022-07-06 13:54:00,1664.24,1664.75,1664.24,1664.75,0.03,0.56,928.59,1
2022-07-06,2022-07-06 13:55:00,1664.75,1665.27,1664.75,1665.27,0.03,0.56,928.59,1
2022-07-06,2022-07-06 13:56:00,1665.27,1665.78,1665.27,1665.78,0.03,0.56,928.59,1
2022-07-06,2022-07-06 13:57:00,1665.78,1666.3,1665.78,1666.3,0.03,0.56,928.59,1
2022-07-06,2022-07-06 13:58:00,1666.3,1666.81,1666.3,1666.81,0.03,0.56,928.59,1
2022-07-06,2022-07-06 13:59:00,1666.81,1667.33,1666.81,1667.33,0.03,0.56,928.59,1
2022-07-06,2022-07-06 14:00:00,1667.33,1667.84,1667.33,1667.84,0.03,0.56,928.59,1
2022-07-06,2022-07-06 14:01:00,1667.84,1668.35,1667.84,1668.35,0.03,0.56,928.59,1
2022-07-06,2022-07-06 14:02:00,1668.35,1668.87,1668.35,1668.87,0.03,0.56,928.59,1
2022-07-06,2022-07-06 14:03:00,1668.87,1669.38,1668.87,1669.38,0.03,0.56,928.59,1
2022-07-06,2022-07-06 14:04:00,1669.38,1669.9,1669.38,1669.9,0.03,0.56,928.59,1
2022-07-06,2022-07-06 14:05:00,1669.9,1670.41,1669.9,1670.41,0.03,0.56,928.59,1
2022-07-06,2022-07-06 14:06:00,1670.41,1670.93,1670.41,1670.93,0.03,0.56,928.59,1
2022-07-06,2022-07-06 14:07:00,1670.93,1671.44,1670.93,1671.44,0.03,0.56,928.59,1
2022-07-06,2022-07-06 14:08:00,1671.44,1671.96,1671.44,1671.96,0.03,0.56,928.59,1
2022-07-06,2022-07-06 14:09:00,1671.96,1672.47,1671.96,1672.47,0.03,0.56,928.59,1
2022-07-06,2022-07-06 14:10:00,1672.47,1672.99,1672.47,1672.99,0.03,0.56,928.59,1
2022-07-06,2022-07-06 14:11:00,1672.99,1673.5,1672.99,1673.5,0.03,0.56,928.59,1
2022-07-06,2022-07-06 14:12:00,1673.5,1674.01,1673.5,1674.01,0.03,0.56,928.59,1
2022-07-06,2022-07-06 14:13:00,1674.01,1674.53,1674.01,1674.53,0.03,0.56,928.59,1
2022-07-06,2022-07-06 14:14:00,1674.53,1675.04,1674.53,1675.04,0.03,0.56,928.59,1
2022-07-06,2022-07-06 14:15:00,1675.04,1675.56,1675.04,1675.56,0.03,0.56,928.59,1
2022-07-06,2022-07-06 14:16:00,1675.56,1676.07,1675.56,1676.07,0.03,0.56,928.59,1
2022-07-06,2022-07-06 14:17:00,1676.07,1676.59,1676.07,1676.59,0.03,0.56,928.59,1
2022-07-06,2022-07-06 14:18:00,1676.59,1677.1,1676.59,1677.1,0.03,0.56,928.59,1
2022-07-06,2022-07-06 14:19:00,1677.1,1677.62,1677.1,1677.62,0.03,0.56,928.59,1
2022-07-06,2022-07-06 14:20:00,1677.62,1678.13,1677.62,1678.13,0.03,0.56,928.59,1
2022-07-06,2022-07-06 14:21:00,1678.13,1678.65,1678.13,1678.65,0.03,0.56,928.59,1
2022-07-06,2022-07-06 14:22:00,1678.65,1679.16,1678.65,1679.16,0.03,0.56,928.59,1
2022-07-06,2022-07-06 14:23:00,1679.16,1679.67,1679.16,1679.67,0.03,0.56,928.59,1
2022-07-06,2022-07-06 14:24:00,1679.67,1680.19,1679.67,1680.19,0.03,0.56,928.59,1
2022-07-06,2022-07-06 14:25:00,1680.19,1680.7,1680.19,1680.7,0.03,0.56,928.59,1
2022-07-06,2022-07-06 14:26:00,1680.7,1681.22,1680.7,1681.22,0.03,0.56,928.59,1
2022-07-06,2022-07-06 14:27:00,1681.22,1681.73,1681.22,1681.73,0.03,0.56,928.59,1
2022-07-06,2022-07-06 14:28:00,1681.73,1682.25,1681.73,1682.25,0.03,0.56,928.59,1
2022-07-06,2022-07-06 14:29:00,1682.25,1682.76,1682.25,1682.76,0.03,0.56,928.59,1
2022-07-06,2022-07-06 14:30:00,1682.76,1683.28,1682.76,1683.28,0.03,0.56,928.59,1
2022-07-06,2022-07-06 14:31:00,1683.28,1683.79,1683.28,1683.79,0.03,0.56,928.59,1
2022-07-06,2022-07-06 14:32:00,1683.79,1684.31,1683.79,1684.31,0.03,0.56,928.59,1
2022-07-06,2022-07-06 14:33:00,1684.31,1684.82,1684.31,1684.82,0.03,0.56,928.59,1
2022-07-06,2022-07-06 14:34:00,1684.82,1685.34,1684.82,1685.34,0.03,0.56,928.59,1
2022-07-06,2022-07-06 14:35:00,1685.34,1685.85,1685.34,1685.85,0.03,0.56,928.59,1
2022-07-06,2022-07-06 14:36:00,1685.85,1686.36,1685.85,1686.36,0.03,0.56,928.59,1
2022-07-06,2022-07-06 14:37:00,1686.36,1686.88,1686.36,1686.88,0.03,0.56,928.59,1
2022-07-06,2022-07-06 14:38:00,1686.88,1687.39,1686.88,1687.39,0.03,0.56,928.59,1
2022-07-06,2022-07-06 14:39:00,1687.39,1687.91,1687.39,1687.91,0.03,0.56,928.59,1
2022-07-06,2022-07-06 14:40:00,1687.91,1688.42,1687.91,1688.42,0.03,0.56,928.59,1
2022-07-06,2022-07-06 14:41:00,1688.42,1688.94,1688.42,1688.94,0.03,0.56,928.59,1
2022-07-06,2022-07-06 14:42:00,1688.94,1689.45,1688.94,1689.45,0.03,0.56,928.59,1
2022-07-06,2022-07-06 14:43:00,1689.45,1689.97,1689.45,1689.97,0.03,0.56,928.59,1
2022-07-06,2022-07-06 14:44:00,1689.97,1690.48,1689.97,1690.48,0.03,0.56,928.59,1
2022-07-06,2022-07-06 14:45:00,1690.48,1691.0,1690.48,1691.0,0.03,0.56,928.59,1
2022-07-06,2022-07-06 14:46:00,1691.0,1691.51,1691.0,1691.51,0.03,0.56,928.59,1
2022-07-06,2022-07-06 14:47:00,1691.51,1692.03,1691.51,1692.03,0.03,0.56,928.59,1
2022-07-06,2022-07-06 14:48:00,1692.03,1692.54,1692.03,1692.54,0.03,0.56,928.59,1
2022-07-06,2022-07-06 14:49:00,1692.54,1693.05,1692.54,1693.05,0.03,0.56,928.59,1
2022-07-06,2022-07-06 14:50:00,1693.05,1693.57,1693.05,1693.57,0.03,0.56,928.59,1
2022-07-06,2022-07-06 14:51:00,1693.57,1694.08,1693.57,1694.08,0.03,0.56,928.59,1
2022-07-06,2022-07-06 14:52:00,1694.08,1694.6,1694.08,1694.6,0.03,0.56,928.59,1
2022-07-06,2022-07-06 14:53:00,1694.6,1695.11,1694.6,1695.11,0.03,0.56,928.59,1
2022-07-06,2022-07-06 14:54:00,1695.11,1695.63,1695.11,1695.63,0.03,0.56,928.59,1
2022-07-06,2022-07-06 14:55:00,1695.63,1696.14,1695.63,1696.14,0.03,0.56,928.59,1
2022-07-06,2022-07-06 14:56:00,1696.14,1696.66,1696.14,1696.66,0.03,0.56,928.59,1
2022-07-06,2022-07-06 14:57:00,1696.66,1697.17,1696.66,1697.17,0.03,0.56,928.59,1
2022-07-06,2022-07-06 14:58:00,1697.17,1697.69,1697.17,1697.69,0.03,0.56,928.59,1
2022-07-06,2022-07-06 14:59:00,1697.69,1698.2,1697.69,1698.2,0.03,0.56,928.59,1
2022-07-06,2022-07-06 15:00:00,1698.2,1698.2,1574.7,1698.2,0.0,0.56,928.59,0
2022-12-11,2022-12-11 11:00:00,1732.1,1772.87,1732.1,1732.67,0.03,4.77,8839.47,1
2022-12-11,2022-12-11 11:01:00,1732.67,1733.23,1732.67,1733.23,0.03,4.77,8839.47,1
2022-12-11,2022-12-11 11:02:00,1733.23,1733.8,1733.23,1733.8,0.03,4.77,8839.47,1
2022-12-11,2022-12-11 11:03:00,1733.8,1734.37,1733.8,1734.37,0.03,4.77,8839.47,1
2022-12-11,2022-12-11 11:04:00,1734.37,1734.93,1734.37,1734.93,0.03,4.77,8839.47,1
2022-12-11,2022-12-11 11:05:00,1734.93,1735.5,1734.93,1735.5,0.03,4.77,8839.47,1
2022-12-11,2022-12-11 11:06:00,1735.5,1736.06,1735.5,1736.06,0.03,4.77,8839.47,1
2022-12-11,2022-12-11 11:07:00,1736.06,1736.63,1736.06,1736.63,0.03,4.77,8839.47,1
2022-12-11,2022-12-11 11:08:00,1736.63,1737.2,1736.63,1737.2,0.03,4.77,8839.47,1
2022-12-11,2022-12-11 11:09:00,1737.2,1737.76,1737.2,1737.76,0.03,4.77,8839.47,1
2022-12-11,2022-12-11 11:10:00,1737.76,1738.33,1737.76,1738.33,0.03,4.77,8839.47,1
2022-12-11,2022-12-11 11:11:00,1738.33,1738.89,1738.33,1738.89,0.03,4.77,8839.47,1
2022-12-11,2022-12-11 11:12:00,1738.89,1739.46,1738.89,1739.46,0.03,4.77,8839.47,1
2022-12-11,2022-12-11 11:13:00,1739.46,1740.03,1739.46,1740.03,0.03,4.77,8839.47,1
2022-12-11,2022-12-11 11:14:00,1740.03,1740.59,1740.03,1740.59,0.03,4.77,8839.47,1
2022-12-11,2022-12-11 11:15:00,1740.59,1741.16,1740.59,1741.16,0.03,4.77,8839.47,1
2022-12-11,2022-12-11 11:16:00,1741.16,1741.73,1741.16,1741.73,0.03,4.77,8839.47,1
2022-12-11,2022-12-11 11:17:00,1741.73,1742.29,1741.73,1742.29,0.03,4.77,8839.47,1
2022-12-11,2022-12-11 11:18:00,1742.29,1742.86,1742.29,1742.86,0.03,4.77,8839.47,1
2022-12-11,2022-12-11 11:19:00,1742.86,1743.42,1742.86,1743.42,0.03,4.77,8839.47,1
2022-12-11,2022-12-11 11:20:00,1743.42,1743.99,1743.42,1743.99,0.03,4.77,8839.47,1
2022-12-11,2022-12-11 11:21:00,1743.99,1744.56,1743.99,1744.56,0.03,4.77,8839.47,1
2022-12-11,2022-12-11 11:22:00,1744.56,1745.12,1744.56,1745.12,0.03,4.77,8839.47,1
2022-12-11,2022-12-11 11:23:00,1745.12,1745.69,1745.12,1745.69,0.03,4.77,8839.47,1
2022-12-11,2022-12-11 11:24:00,1745.69,1746.26,1745.69,1746.26,0.03,4.77,8839.47,1
2022-12-11,2022-12-11 11:25:00,1746.26,1746.82,1746.26,1746.82,0.03,4.77,8839.47,1
2022-12-11,2022-12-11 11:26:00,1746.82,1747.39,1746.82,1747.39,0.03,4.77,8839.47,1
2022-12-11,2022-12-11 11:27:00,1747.39,1747.95,1747.39,1747.95,0.03,4.77,8839.47,1
2022-12-11,2022-12-11 11:28:00,1747.95,1748.52,1747.95,1748.52,0.03,4.77,8839.47,1
2022-12-11,2022-12-11 11:29:00,1748.52,1749.09,1748.52,1749.09,0.03,4.77,8839.47,1
2022-12-11,2022-12-11 11:30:00,1749.09,1749.65,1749.09,1749.65,0.03,4.77,8839.47,1
2022-12-11,2022-12-11 11:31:00,1749.65,1750.22,1749.65,1750.22,0.03,4.77,8839.47,1
2022-12-11,2022-12-11 11:32:00,1750.22,1750.79,1750.22,1750.79,0.03,4.77,8839.47,1
2022-12-11,2022-12-11 11:33:00,1750.79,1751.35,1750.79,1751.35,0.03,4.77,8839.47,1
2022-12-11,2022-12-11 11:34:00,1751.35,1751.92,1751.35,1751.92,0.03,4.77,8839.47,1
2022-12-11,2022-12-11 11:35:00,1751.92,1752.48,1751.92,1752.48,0.03,4.77,8839.47,1
2022-12-11,2022-12-11 11:36:00,1752.48,1753.05,1752.48,1753.05,0.03,4.77,8839.47,1
2022-12-11,2022-12-11 11:37:00,1753.05,1753.62,1753.05,1753.62,0.03,4.77,8839.47,1
2022-12-11,2022-12-11 11:38:00,1753.62,1754.18,1753.62,1754.18,0.03,4.77,8839.47,1
2022-12-11,2022-12-11 11:39:00,1754.18,1754.75,1754.18,1754.75,0.03,4.77,8839.47,1
2022-12-11,2022-12-11 11:40:00,1754.75,1755.32,1754.75,1755.32,0.03,4.77,8839.47,1
2022-12-11,2022-12-11 11:41:00,1755.32,1755.88,1755.32,1755.88,0.03,4.77,8839.47,1
2022-12-11,2022-12-11 11:42:00,1755.88,1756.45,1755.88,1756.45,0.03,4.77,8839.47,1
2022-12-11,2022-12-11 11:43:00,1756.45,1757.01,1756.45,1757.01,0.03,4.77,8839.47,1
2022-12-11,2022-12-11 11:44:00,1757.01,1757.58,1757.01,1757.58,0.03,4.77,8839.47,1
2022-12-11,2022-12-11 11:45:00,1757.58,1758.15,1757.58,1758.15,0.03,4.77,8839.47,1
2022-12-11,2022-12-11 11:46:00,1758.15,1758.71,1758.15,1758.71,0.03,4.77,8839.47,1
2022-12-11,2022-12-11 11:47:00,1758.71,1759.28,1758.71,1759.28,0.03,4.77,8839.47,1
2022-12-11,2022-12-11 11:48:00,1759.28,1759.85,1759.28,1759.85,0.03,4.77,8839.47,1
2022-12-11,2022-12-11 11:49:00,1759.85,1760.41,1759.85,1760.41,0.03,4.77,8839.47,1
2022-12-11,2022-12-11 11:50:00,1760.41,1760.98,1760.41,1760.98,0.03,4.77,8839.47,1
2022-12-11,2022-12-11 11:51:00,1760.98,1761.54,1760.98,1761.54,0.03,4.77,8839.47,1
2022-12-11,2022-12-11 11:52:00,1761.54,1762.11,1761.54,1762.11,0.03,4.77,8839.47,1
2022-12-11,2022-12-11 11:53:00,1762.11,1762.68,1762.11,1762.68,0.03,4.77,8839.47,1
2022-12-11,2022-12-11 11:54:00,1762.68,1763.24,1762.68,1763.24,0.03,4.77,8839.47,1
2022-12-11,2022-12-11 11:55:00,1763.24,1763.81,1763.24,1763.81,0.03,4.77,8839.47,1
2022-12-11,2022-12-11 11:56:00,1763.81,1764.38,1763.81,1764.38,0.03,4.77,8839.47,1
2022-12-11,2022-12-11 11:57:00,1764.38,1764.94,1764.38,1764.94,0.03,4.77,8839.47,1
2022-12-11,2022-12-11 11:58:00,1764.94,1765.51,1764.94,1765.51,0.03,4.77,8839.47,1
2022-12-11,2022-12-11 11:59:00,1765.51,1766.07,1765.51,1766.07,0.03,4.77,8839.47,1
2022-12-11,2022-12-11 12:00:00,1766.07,1766.64,1766.07,1766.64,0.03,4.77,8839.47,1
2022-12-11,2022-12-11 12:01:00,1766.64,1767.21,1766.64,1767.21,0.03,4.77,8839.47,1
2022-12-11,2022-12-11 12:02:00,1767.21,1767.77,1767.21,1767.77,0.03,4.77,8839.47,1
2022-12-11,2022-12-11 12:03:00,1767.77,1768.34,1767.77,1768.34,0.03,4.77,8839.47,1
2022-12-11,2022-12-11 12:04:00,1768.34,1768.91,1768.34,1768.91,0.03,4.77,8839.47,1
2022-12-11,2022-12-11 12:05:00,1768.91,1769.47,1768.91,1769.47,0.03,4.77,8839.47,1
2022-12-11,2022-12-11 12:06:00,1769.47,1770.04,1769.47,1770.04,0.03,4.77,8839.47,1
2022-12-11,2022-12-11 12:07:00,1770.04,1770.61,1770.04,1770.61,0.03,4.77,8839.47,1
2022-12-11,2022-12-11 12:08:00,1770.61,1771.17,1770.61,1771.17,0.03,4.77,8839.47,1
2022-12-11,2022-12-11 12:09:00,1771.17,1771.74,1771.17,1771.74,0.03,4.77,8839.47,1
2022-12-11,2022-12-11 12:10:00,1771.74,1772.3,1771.74,1772.3,0.03,4.77,8839.47,1
2022-12-11,2022-12-11 12:11:00,1772.3,1772.87,1772.3,1772.87,0.03,4.77,8839.47,1
2022-12-11,2022-12-11 12:12:00,1772.87,1773.44,1772.87,1773.44,0.03,4.77,8839.47,1
2022-12-11,2022-12-11 12:13:00,1773.44,1774.0,1773.44,1774.0,0.03,4.77,8839.47,1
2022-12-11,2022-12-11 12:14:00,1774.0,1774.57,1774.0,1774.57,0.03,4.77,8839.47,1
2022-12-11,2022-12-11 12:15:00,1774.57,1775.13,1774.57,1775.13,0.03,4.77,8839.47,1
2022-12-11,2022-12-11 12:16:00,1775.13,1775.7,1775.13,1775.7,0.03,4.77,8839.47,1
2022-12-11,2022-12-11 12:17:00,1775.7,1776.27,1775.7,1776.27,0.03,4.77,8839.47,1
2022-12-11,2022-12-11 12:18:00,1776.27,1776.83,1776.27,1776.83,0.03,4.77,8839.47,1
2022-12-11,2022-12-11 12:19:00,1776.83,1777.4,1776.83,1777.4,0.03,4.77,8839.47,1
2022-12-11,2022-12-11 12:20:00,1777.4,1777.97,1777.4,1777.97,0.03,4.77,8839.47,1
2022-12-11,2022-12-11 12:21:00,1777.97,1778.53,1777.97,1778.53,0.03,4.77,8839.47,1
2022-12-11,2022-12-11 12:22:00,1778.53,1779.1,1778.53,1779.1,0.03,4.77,8839.47,1
2022-12-11,2022-12-11 12:23:00,1779.1,1779.66,1779.1,1779.66,0.03,4.77,8839.47,1
2022-12-11,2022-12-11 12:24:00,1779.66,1780.23,1779.66,1780.23,0.03,4.77,8839.47,1
2022-12-11,2022-12-11 12:25:00,1780.23,1780.8,1780.23,1780.8,0.03,4.77,8839.47,1
2022-12-11,2022-12-11 12:26:00,1780.8,1781.36,1780.8,1781.36,0.03,4.77,8839.47,1
2022-12-11,2022-12-11 12:27:00,1781.36,1781.93,1781.36,1781.93,0.03,4.77,8839.47,1
2022-12-11,2022-12-11 12:28:00,1781.93,1782.5,1781.93,1782.5,0.03,4.77,8839.47,1
2022-12-11,2022-12-11 12:29:00,1782.5,1783.06,1782.5,1783.06,0.03,4.77,8839.47,1
2022-12-11,2022-12-11 12:30:00,1783.06,1783.63,1783.06,1783.63,0.03,4.77,8839.47,1
2022-12-11,2022-12-11 12:31:00,1783.63,1784.19,1783.63,1784.19,0.03,4.77,8839.47,1
2022-12-11,2022-12-11 12:32:00,1784.19,1784.76,1784.19,1784.76,0.03,4.77,8839.47,1
2022-12-11,2022-12-11 12:33:00,1784.76,1785.33,1784.76,1785.33,0.03,4.77,8839.47,1
2022-12-11,2022-12-11 12:34:00,1785.33,1785.89,1785.33,1785.89,0.03,4.77,8839.47,1
2022-12-11,2022-12-11 12:35:00,1785.89,1786.46,1785.89,1786.46,0.03,4.77,8839.47,1
2022-12-11,2022-12-11 12:36:00,1786.46,1787.03,1786.46,1787.03,0.03,4.77,8839.47,1
2022-12-11,2022-12-11 12:37:00,1787.03,1787.59,1787.03,1787.59,0.03,4.77,8839.47,1
2022-12-11,2022-12-11 12:38:00,1787.59,1788.16,1787.59,1788.16,0.03,4.77,8839.47,1
2022-12-11,2022-12-11 12:39:00,1788.16,1788.72,1788.16,1788.72,0.03,4.77,8839.47,1
2022-12-11,2022-12-11 12:40:00,1788.72,1789.29,1788.72,1789.29,0.03,4.77,8839.47,1
2022-12-11,2022-12-11 12:41:00,1789.29,1789.86,1789.29,1789.86,0.03,4.77,8839.47,1
2022-12-11,2022-12-11 12:42:00,1789.86,1790.42,1789.86,1790.42,0.03,4.77,8839.47,1
2022-12-11,2022-12-11 12:43:00,1790.42,1790.99,1790.42,1790.99,0.03,4.77,8839.47,1
2022-12-11,2022-12-11 12:44:00,1790.99,1791.56,1790.99,1791.56,0.03,4.77,8839.47,1
2022-12-11,2022-12-11 12:45:00,1791.56,1792.12,1791.56,1792.12,0.03,4.77,8839.47,1
2022-12-11,2022-12-11 12:46:00,1792.12,1792.69,1792.12,1792.69,0.03,4.77,8839.47,1
2022-12-11,2022-12-11 12:47:00,1792.69,1793.25,1792.69,1793.25,0.03,4.77,8839.47,1
2022-12-11,2022-12-11 12:48:00,1793.25,1793.82,1793.25,1793.82,0.03,4.77,8839.47,1
2022-12-11,2022-12-11 12:49:00,1793.82,1794.39,1793.82,1794.39,0.03,4.77,8839.47,1
2022-12-11,2022-12-11 12:50:00,1794.39,1794.95,1794.39,1794.95,0.03,4.77,8839.47,1
2022-12-11,2022-12-11 12:51:00,1794.95,1795.52,1794.95,1795.52,0.03,4.77,8839.47,1
2022-12-11,2022-12-11 12:52:00,1795.52,1796.09,1795.52,1796.09,0.03,4.77,8839.47,1
2022-12-11,2022-12-11 12:53:00,1796.09,1796.65,1796.09,1796.65,0.03,4.77,8839.47,1
2022-12-11,2022-12-11 12:54:00,1796.65,1797.22,1796.65,1797.22,0.03,4.77,8839.47,1
2022-12-11,2022-12-11 12:55:00,1797.22,1797.78,1797.22,1797.78,0.03,4.77,8839.47,1
2022-12-11,2022-12-11 12:56:00,1797.78,1798.35,1797.78,1798.35,0.03,4.77,8839.47,1
2022-12-11,2022-12-11 12:57:00,1798.35,1798.92,1798.35,1798.92,0.03,4.77,8839.47,1
2022-12-11,2022-12-11 12:58:00,1798.92,1799.48,1798.92,1799.48,0.03,4.77,8839.47,1
2022-12-11,2022-12-11 12:59:00,1799.48,1800.05,1799.48,1800.05,0.03,4.77,8839.47,1
2022-12-11,2022-12-11 13:00:00,1800.05,1868.0,1732.1,1800.62,0.03,4.77,8839.47,1
2022-12-11,2022-12-11 13:01:00,1800.62,1801.18,1800.62,1801.18,0.03,4.77,8839.47,1
2022-12-11,2022-12-11 13:02:00,1801.18,1801.75,1801.18,1801.75,0.03,4.77,8839.47,1
2022-12-11,2022-12-11 13:03:00,1801.75,1802.32,1801.75,1802.32,0.03,4.77,8839.47,1
2022-12-11,2022-12-11 13:04:00,1802.32,1802.88,1802.32,1802.88,0.03,4.77,8839.47,1
2022-12-11,2022-12-11 13:05:00,1802.88,1803.45,1802.88,1803.45,0.03,4.77,8839.47,1
2022-12-11,2022-12-11 13:06:00,1803.45,1804.01,1803.45,1804.01,0.03,4.77,8839.47,1
2022-12-11,2022-12-11 13:07:00,1804.01,1804.58,1804.01,1804.58,0.03,4.77,8839.47,1
2022-12-11,2022-12-11 13:08:00,1804.58,1805.15,1804.58,1805.15,0.03,4.77,8839.47,1
2022-12-11,2022-12-11 13:09:00,1805.15,1805.71,1805.15,1805.71,0.03,4.77,8839.47,1
2022-12-11,2022-12-11 13:10:00,1805.71,1806.28,1805.71,1806.28,0.03,4.77,8839.47,1
2022-12-11,2022-12-11 13:11:00,1806.28,1806.85,1806.28,1806.85,0.03,4.77,8839.47,1
2022-12-11,2022-12-11 13:12:00,1806.85,1807.41,1806.85,1807.41,0.03,4.77,8839.47,1
2022-12-11,2022-12-11 13:13:00,1807.41,1807.98,1807.41,1807.98,0.03,4.77,8839.47,1
2022-12-11,2022-12-11 13:14:00,1807.98,1808.54,1807.98,1808.54,0.03,4.77,8839.47,1
2022-12-11,2022-12-11 13:15:00,1808.54,1809.11,1808.54,1809.11,0.03,4.77,8839.47,1
2022-12-11,2022-12-11 13:16:00,1809.11,1809.68,1809.11,1809.68,0.03,4.77,8839.47,1
2022-12-11,2022-12-11 13:17:00,1809.68,1810.24,1809.68,1810.24,0.03,4.77,8839.47,1
2022-12-11,2022-12-11 13:18:00,1810.24,1810.81,1810.24,1810.81,0.03,4.77,8839.47,1
2022-12-11,2022-12-11 13:19:00,1810.81,1811.38,1810.81,1811.38,0.03,4.77,8839.47,1
2022-12-11,2022-12-11 13:20:00,1811.38,1811.94,1811.38,1811.94,0.03,4.77,8839.47,1
2022-12-11,2022-12-11 13:21:00,1811.94,1812.51,1811.94,1812.51,0.03,4.77,8839.47,1
2022-12-11,2022-12-11 13:22:00,1812.51,1813.07,1812.51,1813.07,0.03,4.77,8839.47,1
2022-12-11,2022-12-11 13:23:00,1813.07,1813.64,1813.07,1813.64,0.03,4.77,8839.47,1
2022-12-11,2022-12-11 13:24:00,1813.64,1814.21,1813.64,1814.21,0.03,4.77,8839.47,1
2022-12-11,2022-12-11 13:25:00,1814.21,1814.77,1814.21,1814.77,0.03,4.77,8839.47,1
2022-12-11,2022-12-11 13:26:00,1814.77,1815.34,1814.77,1815.34,0.03,4.77,8839.47,1
2022-12-11,2022-12-11 13:27:00,1815.34,1815.9,1815.34,1815.9,0.03,4.77,8839.47,1
2022-12-11,2022-12-11 13:28:00,1815.9,1816.47,1815.9,1816.47,0.03,4.77,8839.47,1
2022-12-11,2022-12-11 13:29:00,1816.47,1817.04,1816.47,1817.04,0.03,4.77,8839.47,1
2022-12-11,2022-12-11 13:30:00,1817.04,1817.6,1817.04,1817.6,0.03,4.77,8839.47,1
2022-12-11,2022-12-11 13:31:00,1817.6,1818.17,1817.6,1818.17,0.03,4.77,8839.47,1
2022-12-11,2022-12-11 13:32:00,1818.17,1818.74,1818.17,1818.74,0.03,4.77,8839.47,1
2022-12-11,2022-12-11 13:33:00,1818.74,1819.3,1818.74,1819.3,0.03,4.77,8839.47,1
2022-12-11,2022-12-11 13:34:00,1819.3,1819.87,1819.3,1819.87,0.03,4.77,8839.47,1
2022-12-11,2022-12-11 13:35:00,1819.87,1820.43,1819.87,1820.43,0.03,4.77,8839.47,1
2022-12-11,2022-12-11 13:36:00,1820.43,1821.0,1820.43,1821.0,0.03,4.77,8839.47,1
2022-12-11,2022-12-11 13:37:00,1821.0,1821.57,1821.0,1821.57,0.03,4.77,8839.47,1
2022-12-11,2022-12-11 13:38:00,1821.57,1822.13,1821.57,1822.13,0.03,4.77,8839.47,1
2022-12-11,2022-12-11 13:39:00,1822.13,1822.7,1822.13,1822.7,0.03,4.77,8839.47,1
2022-12-11,2022-12-11 13:40:00,1822.7,1823.27,1822.7,1823.27,0.03,4.77,8839.47,1
2022-12-11,2022-12-11 13:41:00,1823.27,1823.83,1823.27,1823.83,0.03,4.77,8839.47,1
2022-12-11,2022-12-11 13:42:00,1823.83,1824.4,1823.83,1824.4,0.03,4.77,8839.47,1
2022-12-11,2022-12-11 13:43:00,1824.4,1824.96,1824.4,1824.96,0.03,4.77,8839.47,1
2022-12-11,2022-12-11 13:44:00,1824.96,1825.53,1824.96,1825.53,0.03,4.77,8839.47,1
2022-12-11,2022-12-11 13:45:00,1825.53,1826.1,1825.53,1826.1,0.03,4.77,8839.47,1
2022-12-11,2022-12-11 13:46:00,1826.1,1826.66,1826.1,1826.66,0.03,4.77,8839.47,1
2022-12-11,2022-12-11 13:47:00,1826.66,1827.23,1826.66,1827.23,0.03,4.77,8839.47,1
2022-12-11,2022-12-11 13:48:00,1827.23,1827.8,1827.23,1827.8,0.03,4.77,8839.47,1
2022-12-11,2022-12-11 13:49:00,1827.8,1828.36,1827.8,1828.36,0.03,4.77,8839.47,1
2022-12-11,2022-12-11 13:50:00,1828.36,1828.93,1828.36,1828.93,0.03,4.77,8839.47,1
2022-12-11,2022-12-11 13:51:00,1828.93,1829.49,1828.93,1829.49,0.03,4.77,8839.47,1
2022-12-11,2022-12-11 13:52:00,1829.49,1830.06,1829.49,1830.06,0.03,4.77,8839.47,1
2022-12-11,2022-12-11 13:53:00,1830.06,1830.63,1830.06,1830.63,0.03,4.77,8839.47,1
2022-12-11,2022-12-11 13:54:00,1830.63,1831.19,1830.63,1831.19,0.03,4.77,8839.47,1
2022-12-11,2022-12-11 13:55:00,1831.19,1831.76,1831.19,1831.76,0.03,4.77,8839.47,1
2022-12-11,2022-12-11 13:56:00,1831.76,1832.33,1831.76,1832.33,0.03,4.77,8839.47,1
2022-12-11,2022-12-11 13:57:00,1832.33,1832.89,1832.33,1832.89,0.03,4.77,8839.47,1
2022-12-11,2022-12-11 13:58:00,1832.89,1833.46,1832.89,1833.46,0.03,4.77,8839.47,1
2022-12-11,2022-12-11 13:59:00,1833.46,1834.03,1833.46,1834.03,0.03,4.77,8839.47,1
2022-12-11,2022-12-11 14:00:00,1834.03,1834.59,1834.03,1834.59,0.03,4.77,8839.47,1
2022-12-11,2022-12-11 14:01:00,1834.59,1835.16,1834.59,1835.16,0.03,4.77,8839.47,1
2022-12-11,2022-12-11 14:02:00,1835.16,1835.72,1835.16,1835.72,0.03,4.77,8839.47,1
2022-12-11,2022-12-11 14:03:00,1835.72,1836.29,1835.72,1836.29,0.03,4.77,8839.47,1
2022-12-11,2022-12-11 14:04:00,1836.29,1836.86,1836.29,1836.86,0.03,4.77,8839.47,1
2022-12-11,2022-12-11 14:05:00,1836.86,1837.42,1836.86,1837.42,0.03,4.77,8839.47,1
2022-12-11,2022-12-11 14:06:00,1837.42,1837.99,1837.42,1837.99,0.03,4.77,8839.47,1
2022-12-11,2022-12-11 14:07:00,1837.99,1838.56,1837.99,1838.56,0.03,4.77,8839.47,1
2022-12-11,2022-12-11 14:08:00,1838.56,1839.12,1838.56,1839.12,0.03,4.77,8839.47,1
2022-12-11,2022-12-11 14:09:00,1839.12,1839.69,1839.12,1839.69,0.03,4.77,8839.47,1
2022-12-11,2022-12-11 14:10:00,1839.69,1840.25,1839.69,1840.25,0.03,4.77,8839.47,1
2022-12-11,2022-12-11 14:11:00,1840.25,1840.82,1840.25,1840.82,0.03,4.77,8839.47,1
2022-12-11,2022-12-11 14:12:00,1840.82,1841.39,1840.82,1841.39,0.03,4.77,8839.47,1
2022-12-11,2022-12-11 14:13:00,1841.39,1841.95,1841.39,1841.95,0.03,4.77,8839.47,1
2022-12-11,2022-12-11 14:14:00,1841.95,1842.52,1841.95,1842.52,0.03,4.77,8839.47,1
2022-12-11,2022-12-11 14:15:00,1842.52,1843.09,1842.52,1843.09,0.03,4.77,8839.47,1
2022-12-11,2022-12-11 14:16:00,1843.09,1843.65,1843.09,1843.65,0.03,4.77,8839.47,1
2022-12-11,2022-12-11 14:17:00,1843.65,1844.22,1843.65,1844.22,0.03,4.77,8839.47,1
2022-12-11,2022-12-11 14:18:00,1844.22,1844.78,1844.22,1844.78,0.03,4.77,8839.47,1
2022-12-11,2022-12-11 14:19:00,1844.78,1845.35,1844.78,1845.35,0.03,4.77,8839.47,1
2022-12-11,2022-12-11 14:20:00,1845.35,1845.92,1845.35,1845.92,0.03,4.77,8839.47,1
2022-12-11,2022-12-11 14:21:00,1845.92,1846.48,1845.92,1846.48,0.03,4.77,8839.47,1
2022-12-11,2022-12-11 14:22:00,1846.48,1847.05,1846.48,1847.05,0.03,4.77,8839.47,1
2022-12-11,2022-12-11 14:23:00,1847.05,1847.62,1847.05,1847.62,0.03,4.77,8839.47,1
2022-12-11,2022-12-11 14:24:00,1847.62,1848.18,1847.62,1848.18,0.03,4.77,8839.47,1
2022-12-11,2022-12-11 14:25:00,1848.18,1848.75,1848.18,1848.75,0.03,4.77,8839.47,1
2022-12-11,2022-12-11 14:26:00,1848.75,1849.31,1848.75,1849.31,0.03,4.77,8839.47,1
2022-12-11,2022-12-11 14:27:00,1849.31,1849.88,1849.31,1849.88,0.03,4.77,8839.47,1
2022-12-11,2022-12-11 14:28:00,1849.88,1850.45,1849.88,1850.45,0.03,4.77,8839.47,1
2022-12-11,2022-12-11 14:29:00,1850.45,1851.01,1850.45,1851.01,0.03,4.77,8839.47,1
2022-12-11,2022-12-11 14:30:00,1851.01,1851.58,1851.01,1851.58,0.03,4.77,8839.47,1
2022-12-11,2022-12-11 14:31:00,1851.58,1852.14,1851.58,1852.14,0.03,4.77,8839.47,1
2022-12-11,2022-12-11 14:32:00,1852.14,1852.71,1852.14,1852.71,0.03,4.77,8839.47,1
2022-12-11,2022-12-11 14:33:00,1852.71,1853.28,1852.71,1853.28,0.03,4.77,8839.47,1
2022-12-11,2022-12-11 14:34:00,1853.28,1853.84,1853.28,1853.84,0.03,4.77,8839.47,1
2022-12-11,2022-12-11 14:35:00,1853.84,1854.41,1853.84,1854.41,0.03,4.77,8839.47,1
2022-12-11,2022-12-11 14:36:00,1854.41,1854.98,1854.41,1854.98,0.03,4.77,8839.47,1
2022-12-11,2022-12-11 14:37:00,1854.98,1855.54,1854.98,1855.54,0.03,4.77,8839.47,1
2022-12-11,2022-12-11 14:38:00,1855.54,1856.11,1855.54,1856.11,0.03,4.77,8839.47,1
2022-12-11,2022-12-11 14:39:00,1856.11,1856.67,1856.11,1856.67,0.03,4.77,8839.47,1
2022-12-11,2022-12-11 14:40:00,1856.67,1857.24,1856.67,1857.24,0.03,4.77,8839.47,1
2022-12-11,2022-12-11 14:41:00,1857.24,1857.81,1857.24,1857.81,0.03,4.77,8839.47,1
2022-12-11,2022-12-11 14:42:00,1857.81,1858.37,1857.81,1858.37,0.03,4.77,8839.47,1
2022-12-11,2022-12-11 14:43:00,1858.37,1858.94,1858.37,1858.94,0.03,4.77,8839.47,1
2022-12-11,2022-12-11 14:44:00,1858.94,1859.51,1858.94,1859.51,0.03,4.77,8839.47,1
2022-12-11,2022-12-11 14:45:00,1859.51,1860.07,1859.51,1860.07,0.03,4.77,8839.47,1
2022-12-11,2022-12-11 14:46:00,1860.07,1860.64,1860.07,1860.64,0.03,4.77,8839.47,1
2022-12-11,2022-12-11 14:47:00,1860.64,1861.2,1860.64,1861.2,0.03,4.77,8839.47,1
2022-12-11,2022-12-11 14:48:00,1861.2,1861.77,1861.2,1861.77,0.03,4.77,8839.47,1
2022-12-11,2022-12-11 14:49:00,1861.77,1862.34,1861.77,1862.34,0.03,4.77,8839.47,1
2022-12-11,2022-12-11 14:50:00,1862.34,1862.9,1862.34,1862.9,0.03,4.77,8839.47,1
2022-12-11,2022-12-11 14:51:00,1862.9,1863.47,1862.9,1863.47,0.03,4.77,8839.47,1
2022-12-11,2022-12-11 14:52:00,1863.47,1864.04,1863.47,1864.04,0.03,4.77,8839.47,1
2022-12-11,2022-12-11 14:53:00,1864.04,1864.6,1864.04,1864.6,0.03,4.77,8839.47,1
2022-12-11,2022-12-11 14:54:00,1864.6,1865.17,1864.6,1865.17,0.03,4.77,8839.47,1
2022-12-11,2022-12-11 14:55:00,1865.17,1865.73,1865.17,1865.73,0.03,4.77,8839.47,1
2022-12-11,2022-12-11 14:56:00,1865.73,1866.3,1865.73,1866.3,0.03,4.77,8839.47,1
2022-12-11,2022-12-11 14:57:00,1866.3,1866.87,1866.3,1866.87,0.03,4.77,8839.47,1
2022-12-11,2022-12-11 14:58:00,1866.87,1867.43,1866.87,1867.43,0.03,4.77,8839.47,1
2022-12-11,2022-12-11 14:59:00,1867.43,1868.0,1867.43,1868.0,0.03,4.77,8839.47,1
2022-12-11,2022-12-11 15:00:00,1868.0,1868.0,1732.1,1868.0,0.0,4.77,8839.47,0
2022-12-12,2022-12-12 11:00:00,1905.0,1949.94,1905.0,1905.62,0.03,6.18,12678.58,1
2022-12-12,2022-12-12 11:01:00,1905.62,1906.25,1905.62,1906.25,0.03,6.18,12678.58,1
2022-12-12,2022-12-12 11:02:00,1906.25,1906.87,1906.25,1906.87,0.03,6.18,12678.58,1
2022-12-12,2022-12-12 11:03:00,1906.87,1907.5,1906.87,1907.5,0.03,6.18,12678.58,1
2022-12-12,2022-12-12 11:04:00,1907.5,1908.12,1907.5,1908.12,0.03,6.18,12678.58,1
2022-12-12,2022-12-12 11:05:00,1908.12,1908.74,1908.12,1908.74,0.03,6.18,12678.58,1
2022-12-12,2022-12-12 11:06:00,1908.74,1909.37,1908.74,1909.37,0.03,6.18,12678.58,1
2022-12-12,2022-12-12 11:07:00,1909.37,1909.99,1909.37,1909.99,0.03,6.18,12678.58,1
2022-12-12,2022-12-12 11:08:00,1909.99,1910.62,1909.99,1910.62,0.03,6.18,12678.58,1
2022-12-12,2022-12-12 11:09:00,1910.62,1911.24,1910.62,1911.24,0.03,6.18,12678.58,1
2022-12-12,2022-12-12 11:10:00,1911.24,1911.87,1911.24,1911.87,0.03,6.18,12678.58,1
2022-12-12,2022-12-12 11:11:00,1911.87,1912.49,1911.87,1912.49,0.03,6.18,12678.58,1
2022-12-12,2022-12-12 11:12:00,1912.49,1913.11,1912.49,1913.11,0.03,6.18,12678.58,1
2022-12-12,2022-12-12 11:13:00,1913.11,1913.74,1913.11,1913.74,0.03,6.18,12678.58,1
2022-12-12,2022-12-12 11:14:00,1913.74,1914.36,1913.74,1914.36,0.03,6.18,12678.58,1
2022-12-12,2022-12-12 11:15:00,1914.36,1914.99,1914.36,1914.99,0.03,6.18,12678.58,1
2022-12-12,2022-12-12 11:16:00,1914.99,1915.61,1914.99,1915.61,0.03,6.18,12678.58,1
2022-12-12,2022-12-12 11:17:00,1915.61,1916.24,1915.61,1916.24,0.03,6.18,12678.58,1
2022-12-12,2022-12-12 11:18:00,1916.24,1916.86,1916.24,1916.86,0.03,6.18,12678.58,1
2022-12-12,2022-12-12 11:19:00,1916.86,1917.48,1916.86,1917.48,0.03,6.18,12678.58,1
2022-12-12,2022-12-12 11:20:00,1917.48,1918.11,1917.48,1918.11,0.03,6.18,12678.58,1
2022-12-12,2022-12-12 11:21:00,1918.11,1918.73,1918.11,1918.73,0.03,6.18,12678.58,1
2022-12-12,2022-12-12 11:22:00,1918.73,1919.36,1918.73,1919.36,0.03,6.18,12678.58,1
2022-12-12,2022-12-12 11:23:00,1919.36,1919.98,1919.36,1919.98,0.03,6.18,12678.58,1
2022-12-12,2022-12-12 11:24:00,1919.98,1920.6,1919.98,1920.6,0.03,6.18,12678.58,1
2022-12-12,2022-12-12 11:25:00,1920.6,1921.23,1920.6,1921.23,0.03,6.18,12678.58,1
2022-12-12,2022-12-12 11:26:00,1921.23,1921.85,1921.23,1921.85,0.03,6.18,12678.58,1
2022-12-12,2022-12-12 11:27:00,1921.85,1922.48,1921.85,1922.48,0.03,6.18,12678.58,1
2022-12-12,2022-12-12 11:28:00,1922.48,1923.1,1922.48,1923.1,0.03,6.18,12678.58,1
2022-12-12,2022-12-12 11:29:00,1923.1,1923.72,1923.1,1923.72,0.03,6.18,12678.58,1
2022-12-12,2022-12-12 11:30:00,1923.72,1924.35,1923.72,1924.35,0.03,6.18,12678.58,1
2022-12-12,2022-12-12 11:31:00,1924.35,1924.97,1924.35,1924.97,0.03,6.18,12678.58,1
2022-12-12,2022-12-12 11:32:00,1924.97,1925.6,1924.97,1925.6,0.03,6.18,12678.58,1
2022-12-12,2022-12-12 11:33:00,1925.6,1926.22,1925.6,1926.22,0.03,6.18,12678.58,1
2022-12-12,2022-12-12 11:34:00,1926.22,1926.85,1926.22,1926.85,0.03,6.18,12678.58,1
2022-12-12,2022-12-12 11:35:00,1926.85,1927.47,1926.85,1927.47,0.03,6.18,12678.58,1
2022-12-12,2022-12-12 11:36:00,1927.47,1928.09,1927.47,1928.09,0.03,6.18,12678.58,1
2022-12-12,2022-12-12 11:37:00,1928.09,1928.72,1928.09,1928.72,0.03,6.18,12678.58,1
2022-12-12,2022-12-12 11:38:00,1928.72,1929.34,1928.72,1929.34,0.03,6.18,12678.58,1
2022-12-12,2022-12-12 11:39:00,1929.34,1929.97,1929.34,1929.97,0.03,6.18,12678.58,1
2022-12-12,2022-12-12 11:40:00,1929.97,1930.59,1929.97,1930.59,0.03,6.18,12678.58,1
2022-12-12,2022-12-12 11:41:00,1930.59,1931.22,1930.59,1931.22,0.03,6.18,12678.58,1
2022-12-12,2022-12-12 11:42:00,1931.22,1931.84,1931.22,1931.84,0.03,6.18,12678.58,1
2022-12-12,2022-12-12 11:43:00,1931.84,1932.46,1931.84,1932.46,0.03,6.18,12678.58,1
2022-12-12,2022-12-12 11:44:00,1932.46,1933.09,1932.46,1933.09,0.03,6.18,12678.58,1
2022-12-12,2022-12-12 11:45:00,1933.09,1933.71,1933.09,1933.71,0.03,6.18,12678.58,1
2022-12-12,2022-12-12 11:46:00,1933.71,1934.34,1933.71,1934.34,0.03,6.18,12678.58,1
2022-12-12,2022-12-12 11:47:00,1934.34,1934.96,1934.34,1934.96,0.03,6.18,12678.58,1
2022-12-12,2022-12-12 11:48:00,1934.96,1935.58,1934.96,1935.58,0.03,6.18,12678.58,1
2022-12-12,2022-12-12 11:49:00,1935.58,1936.21,1935.58,1936.21,0.03,6.18,12678.58,1
2022-12-12,2022-12-12 11:50:00,1936.21,1936.83,1936.21,1936.83,0.03,6.18,12678.58,1
2022-12-12,2022-12-12 11:51:00,1936.83,1937.46,1936.83,1937.46,0.03,6.18,12678.58,1
2022-12-12,2022-12-12 11:52:00,1937.46,1938.08,1937.46,1938.08,0.03,6.18,12678.58,1
2022-12-12,2022-12-12 11:53:00,1938.08,1938.7,1938.08,1938.7,0.03,6.18,12678.58,1
2022-12-12,2022-12-12 11:54:00,1938.7,1939.33,1938.7,1939.33,0.03,6.18,12678.58,1
2022-12-12,2022-12-12 11:55:00,1939.33,1939.95,1939.33,1939.95,0.03,6.18,12678.58,1
2022-12-12,2022-12-12 11:56:00,1939.95,1940.58,1939.95,1940.58,0.03,6.18,12678.58,1
2022-12-12,2022-12-12 11:57:00,1940.58,1941.2,1940.58,1941.2,0.03,6.18,12678.58,1
2022-12-12,2022-12-12 11:58:00,1941.2,1941.83,1941.2,1941.83,0.03,6.18,12678.58,1
2022-12-12,2022-12-12 11:59:00,1941.83,1942.45,1941.83,1942.45,0.03,6.18,12678.58,1
2022-12-12,2022-12-12 12:00:00,1942.45,1943.07,1942.45,1943.07,0.03,6.18,12678.58,1
2022-12-12,2022-12-12 12:01:00,1943.07,1943.7,1943.07,1943.7,0.03,6.18,12678.58,1
2022-12-12,2022-12-12 12:02:00,1943.7,1944.32,1943.7,1944.32,0.03,6.18,12678.58,1
2022-12-12,2022-12-12 12:03:00,1944.32,1944.95,1944.32,1944.95,0.03,6.18,12678.58,1
2022-12-12,2022-12-12 12:04:00,1944.95,1945.57,1944.95,1945.57,0.03,6.18,12678.58,1
2022-12-12,2022-12-12 12:05:00,1945.57,1946.2,1945.57,1946.2,0.03,6.18,12678.58,1
2022-12-12,2022-12-12 12:06:00,1946.2,1946.82,1946.2,1946.82,0.03,6.18,12678.58,1
2022-12-12,2022-12-12 12:07:00,1946.82,1947.44,1946.82,1947.44,0.03,6.18,12678.58,1
2022-12-12,2022-12-12 12:08:00,1947.44,1948.07,1947.44,1948.07,0.03,6.18,12678.58,1
2022-12-12,2022-12-12 12:09:00,1948.07,1948.69,1948.07,1948.69,0.03,6.18,12678.58,1
2022-12-12,2022-12-12 12:10:00,1948.69,1949.32,1948.69,1949.32,0.03,6.18,12678.58,1
2022-12-12,2022-12-12 12:11:00,1949.32,1949.94,1949.32,1949.94,0.03,6.18,12678.58,1
2022-12-12,2022-12-12 12:12:00,1949.94,1950.56,1949.94,1950.56,0.03,6.18,12678.58,1
2022-12-12,2022-12-12 12:13:00,1950.56,1951.19,1950.56,1951.19,0.03,6.18,12678.58,1
2022-12-12,2022-12-12 12:14:00,1951.19,1951.81,1951.19,1951.81,0.03,6.18,12678.58,1
2022-12-12,2022-12-12 12:15:00,1951.81,1952.44,1951.81,1952.44,0.03,6.18,12678.58,1
2022-12-12,2022-12-12 12:16:00,1952.44,1953.06,1952.44,1953.06,0.03,6.18,12678.58,1
2022-12-12,2022-12-12 12:17:00,1953.06,1953.68,1953.06,1953.68,0.03,6.18,12678.58,1
2022-12-12,2022-12-12 12:18:00,1953.68,1954.31,1953.68,1954.31,0.03,6.18,12678.58,1
2022-12-12,2022-12-12 12:19:00,1954.31,1954.93,1954.31,1954.93,0.03,6.18,12678.58,1
2022-12-12,2022-12-12 12:20:00,1954.93,1955.56,1954.93,1955.56,0.03,6.18,12678.58,1
2022-12-12,2022-12-12 12:21:00,1955.56,1956.18,1955.56,1956.18,0.03,6.18,12678.58,1
2022-12-12,2022-12-12 12:22:00,1956.18,1956.81,1956.18,1956.81,0.03,6.18,12678.58,1
2022-12-12,2022-12-12 12:23:00,1956.81,1957.43,1956.81,1957.43,0.03,6.18,12678.58,1
2022-12-12,2022-12-12 12:24:00,1957.43,1958.05,1957.43,1958.05,0.03,6.18,12678.58,1
2022-12-12,2022-12-12 12:25:00,1958.05,1958.68,1958.05,1958.68,0.03,6.18,12678.58,1
2022-12-12,2022-12-12 12:26:00,1958.68,1959.3,1958.68,1959.3,0.03,6.18,12678.58,1
2022-12-12,2022-12-12 12:27:00,1959.3,1959.93,1959.3,1959.93,0.03,6.18,12678.58,1
2022-12-12,2022-12-12 12:28:00,1959.93,1960.55,1959.93,1960.55,0.03,6.18,12678.58,1
2022-12-12,2022-12-12 12:29:00,1960.55,1961.18,1960.55,1961.18,0.03,6.18,12678.58,1
2022-12-12,2022-12-12 12:30:00,1961.18,1961.8,1961.18,1961.8,0.03,6.18,12678.58,1
2022-12-12,2022-12-12 12:31:00,1961.8,1962.42,1961.8,1962.42,0.03,6.18,12678.58,1
2022-12-12,2022-12-12 12:32:00,1962.42,1963.05,1962.42,1963.05,0.03,6.18,12678.58,1
2022-12-12,2022-12-12 12:33:00,1963.05,1963.67,1963.05,1963.67,0.03,6.18,12678.58,1
2022-12-12,2022-12-12 12:34:00,1963.67,1964.3,1963.67,1964.3,0.03,6.18,12678.58,1
2022-12-12,2022-12-12 12:35:00,1964.3,1964.92,1964.3,1964.92,0.03,6.18,12678.58,1
2022-12-12,2022-12-12 12:36:00,1964.92,1965.54,1964.92,1965.54,0.03,6.18,12678.58,1
2022-12-12,2022-12-12 12:37:00,1965.54,1966.17,1965.54,1966.17,0.03,6.18,12678.58,1
2022-12-12,2022-12-12 12:38:00,1966.17,1966.79,1966.17,1966.79,0.03,6.18,12678.58,1
2022-12-12,2022-12-12 12:39:00,1966.79,1967.42,1966.79,1967.42,0.03,6.18,12678.58,1
2022-12-12,2022-12-12 12:40:00,1967.42,1968.04,1967.42,1968.04,0.03,6.18,12678.58,1
2022-12-12,2022-12-12 12:41:00,1968.04,1968.66,1968.04,1968.66,0.03,6.18,12678.58,1
2022-12-12,2022-12-12 12:42:00,1968.66,1969.29,1968.66,1969.29,0.03,6.18,12678.58,1
2022-12-12,2022-12-12 12:43:00,1969.29,1969.91,1969.29,1969.91,0.03,6.18,12678.58,1
2022-12-12,2022-12-12 12:44:00,1969.91,1970.54,1969.91,1970.54,0.03,6.18,12678.58,1
2022-12-12,2022-12-12 12:45:00,1970.54,1971.16,1970.54,1971.16,0.03,6.18,12678.58,1
2022-12-12,2022-12-12 12:46:00,1971.16,1971.79,1971.16,1971.79,0.03,6.18,12678.58,1
2022-12-12,2022-12-12 12:47:00,1971.79,1972.41,1971.79,1972.41,0.03,6.18,12678.58,1
2022-12-12,2022-12-12 12:48:00,1972.41,1973.03,1972.41,1973.03,0.03,6.18,12678.58,1
2022-12-12,2022-12-12 12:49:00,1973.03,1973.66,1973.03,1973.66,0.03,6.18,12678.58,1
2022-12-12,2022-12-12 12:50:00,1973.66,1974.28,1973.66,1974.28,0.03,6.18,12678.58,1
2022-12-12,2022-12-12 12:51:00,1974.28,1974.91,1974.28,1974.91,0.03,6.18,12678.58,1
2022-12-12,2022-12-12 12:52:00,1974.91,1975.53,1974.91,1975.53,0.03,6.18,12678.58,1
2022-12-12,2022-12-12 12:53:00,1975.53,1976.16,1975.53,1976.16,0.03,6.18,12678.58,1
2022-12-12,2022-12-12 12:54:00,1976.16,1976.78,1976.16,1976.78,0.03,6.18,12678.58,1
2022-12-12,2022-12-12 12:55:00,1976.78,1977.4,1976.78,1977.4,0.03,6.18,12678.58,1
2022-12-12,2022-12-12 12:56:00,1977.4,1978.03,1977.4,1978.03,0.03,6.18,12678.58,1
2022-12-12,2022-12-12 12:57:00,1978.03,1978.65,1978.03,1978.65,0.03,6.18,12678.58,1
2022-12-12,2022-12-12 12:58:00,1978.65,1979.28,1978.65,1979.28,0.03,6.18,12678.58,1
2022-12-12,2022-12-12 12:59:00,1979.28,1979.9,1979.28,1979.9,0.03,6.18,12678.58,1
2022-12-12,2022-12-12 13:00:00,1979.9,2054.8,1905.0,1980.52,0.03,6.18,12678.58,1
2022-12-12,2022-12-12 13:01:00,1980.52,1981.15,1980.52,1981.15,0.03,6.18,12678.58,1
2022-12-12,2022-12-12 13:02:00,1981.15,1981.77,1981.15,1981.77,0.03,6.18,12678.58,1
2022-12-12,2022-12-12 13:03:00,1981.77,1982.4,1981.77,1982.4,0.03,6.18,12678.58,1
2022-12-12,2022-12-12 13:04:00,1982.4,1983.02,1982.4,1983.02,0.03,6.18,12678.58,1
2022-12-12,2022-12-12 13:05:00,1983.02,1983.64,1983.02,1983.64,0.03,6.18,12678.58,1
2022-12-12,2022-12-12 13:06:00,1983.64,1984.27,1983.64,1984.27,0.03,6.18,12678.58,1
2022-12-12,2022-12-12 13:07:00,1984.27,1984.89,1984.27,1984.89,0.03,6.18,12678.58,1
2022-12-12,2022-12-12 13:08:00,1984.89,1985.52,1984.89,1985.52,0.03,6.18,12678.58,1
2022-12-12,2022-12-12 13:09:00,1985.52,1986.14,1985.52,1986.14,0.03,6.18,12678.58,1
2022-12-12,2022-12-12 13:10:00,1986.14,1986.77,1986.14,1986.77,0.03,6.18,12678.58,1
2022-12-12,2022-12-12 13:11:00,1986.77,1987.39,1986.77,1987.39,0.03,6.18,12678.58,1
2022-12-12,2022-12-12 13:12:00,1987.39,1988.01,1987.39,1988.01,0.03,6.18,12678.58,1
2022-12-12,2022-12-12 13:13:00,1988.01,1988.64,1988.01,1988.64,0.03,6.18,12678.58,1
2022-12-12,2022-12-12 13:14:00,1988.64,1989.26,1988.64,1989.26,0.03,6.18,12678.58,1
2022-12-12,2022-12-12 13:15:00,1989.26,1989.89,1989.26,1989.89,0.03,6.18,12678.58,1
2022-12-12,2022-12-12 13:16:00,1989.89,1990.51,1989.89,1990.51,0.03,6.18,12678.58,1
2022-12-12,2022-12-12 13:17:00,1990.51,1991.14,1990.51,1991.14,0.03,6.18,12678.58,1
2022-12-12,2022-12-12 13:18:00,1991.14,1991.76,1991.14,1991.76,0.03,6.18,12678.58,1
2022-12-12,2022-12-12 13:19:00,1991.76,1992.38,1991.76,1992.38,0.03,6.18,12678.58,1
2022-12-12,2022-12-12 13:20:00,1992.38,1993.01,1992.38,1993.01,0.03,6.18,12678.58,1
2022-12-12,2022-12-12 13:21:00,1993.01,1993.63,1993.01,1993.63,0.03,6.18,12678.58,1
2022-12-12,2022-12-12 13:22:00,1993.63,1994.26,1993.63,1994.26,0.03,6.18,12678.58,1
2022-12-12,2022-12-12 13:23:00,1994.26,1994.88,1994.26,1994.88,0.03,6.18,12678.58,1
2022-12-12,2022-12-12 13:24:00,1994.88,1995.5,1994.88,1995.5,0.03,6.18,12678.58,1
2022-12-12,2022-12-12 13:25:00,1995.5,1996.13,1995.5,1996.13,0.03,6.18,12678.58,1
2022-12-12,2022-12-12 13:26:00,1996.13,1996.75,1996.13,1996.75,0.03,6.18,12678.58,1
2022-12-12,2022-12-12 13:27:00,1996.75,1997.38,1996.75,1997.38,0.03,6.18,12678.58,1
2022-12-12,2022-12-12 13:28:00,1997.38,1998.0,1997.38,1998.0,0.03,6.18,12678.58,1
2022-12-12,2022-12-12 13:29:00,1998.0,1998.62,1998.0,1998.62,0.03,6.18,12678.58,1
2022-12-12,2022-12-12 13:30:00,1998.62,1999.25,1998.62,1999.25,0.03,6.18,12678.58,1
2022-12-12,2022-12-12 13:31:00,1999.25,1999.87,1999.25,1999.87,0.03,6.18,12678.58,1
2022-12-12,2022-12-12 13:32:00,1999.87,2000.5,1999.87,2000.5,0.03,6.18,12678.58,1
2022-12-12,2022-12-12 13:33:00,2000.5,2001.12,2000.5,2001.12,0.03,6.18,12678.58,1
2022-12-12,2022-12-12 13:34:00,2001.12,2001.75,2001.12,2001.75,0.03,6.18,12678.58,1
2022-12-12,2022-12-12 13:35:00,2001.75,2002.37,2001.75,2002.37,0.03,6.18,12678.58,1
2022-12-12,2022-12-12 13:36:00,2002.37,2002.99,2002.37,2002.99,0.03,6.18,12678.58,1
2022-12-12,2022-12-12 13:37:00,2002.99,2003.62,2002.99,2003.62,0.03,6.18,12678.58,1
2022-12-12,2022-12-12 13:38:00,2003.62,2004.24,2003.62,2004.24,0.03,6.18,12678.58,1
2022-12-12,2022-12-12 13:39:00,2004.24,2004.87,2004.24,2004.87,0.03,6.18,12678.58,1
2022-12-12,2022-12-12 13:40:00,2004.87,2005.49,2004.87,2005.49,0.03,6.18,12678.58,1
2022-12-12,2022-12-12 13:41:00,2005.49,2006.12,2005.49,2006.12,0.03,6.18,12678.58,1
2022-12-12,2022-12-12 13:42:00,2006.12,2006.74,2006.12,2006.74,0.03,6.18,12678.58,1
2022-12-12,2022-12-12 13:43:00,2006.74,2007.36,2006.74,2007.36,0.03,6.18,12678.58,1
2022-12-12,2022-12-12 13:44:00,2007.36,2007.99,2007.36,2007.99,0.03,6.18,12678.58,1
2022-12-12,2022-12-12 13:45:00,2007.99,2008.61,2007.99,2008.61,0.03,6.18,12678.58,1
2022-12-12,2022-12-12 13:46:00,2008.61,2009.24,2008.61,2009.24,0.03,6.18,12678.58,1
2022-12-12,2022-12-12 13:47:00,2009.24,2009.86,2009.24,2009.86,0.03,6.18,12678.58,1
2022-12-12,2022-12-12 13:48:00,2009.86,2010.48,2009.86,2010.48,0.03,6.18,12678.58,1
2022-12-12,2022-12-12 13:49:00,2010.48,2011.11,2010.48,2011.11,0.03,6.18,12678.58,1
2022-12-12,2022-12-12 13:50:00,2011.11,2011.73,2011.11,2011.73,0.03,6.18,12678.58,1
2022-12-12,2022-12-12 13:51:00,2011.73,2012.36,2011.73,2012.36,0.03,6.18,12678.58,1
2022-12-12,2022-12-12 13:52:00,2012.36,2012.98,2012.36,2012.98,0.03,6.18,12678.58,1
2022-12-12,2022-12-12 13:53:00,2012.98,2013.61,2012.98,2013.61,0.03,6.18,12678.58,1
2022-12-12,2022-12-12 13:54:00,2013.61,2014.23,2013.61,2014.23,0.03,6.18,12678.58,1
2022-12-12,2022-12-12 13:55:00,2014.23,2014.85,2014.23,2014.85,0.03,6.18,12678.58,1
2022-12-12,2022-12-12 13:56:00,2014.85,2015.48,2014.85,2015.48,0.03,6.18,12678.58,1
2022-12-12,2022-12-12 13:57:00,2015.48,2016.1,2015.48,2016.1,0.03,6.18,12678.58,1
2022-12-12,2022-12-12 13:58:00,2016.1,2016.73,2016.1,2016.73,0.03,6.18,12678.58,1
2022-12-12,2022-12-12 13:59:00,2016.73,2017.35,2016.73,2017.35,0.03,6.18,12678.58,1
2022-12-12,2022-12-12 14:00:00,2017.35,2017.97,2017.35,2017.97,0.03,6.18,12678.58,1
2022-12-12,2022-12-12 14:01:00,2017.97,2018.6,2017.97,2018.6,0.03,6.18,12678.58,1
2022-12-12,2022-12-12 14:02:00,2018.6,2019.22,2018.6,2019.22,0.03,6.18,12678.58,1
2022-12-12,2022-12-12 14:03:00,2019.22,2019.85,2019.22,2019.85,0.03,6.18,12678.58,1
2022-12-12,2022-12-12 14:04:00,2019.85,2020.47,2019.85,2020.47,0.03,6.18,12678.58,1
2022-12-12,2022-12-12 14:05:00,2020.47,2021.1,2020.47,2021.1,0.03,6.18,12678.58,1
2022-12-12,2022-12-12 14:06:00,2021.1,2021.72,2021.1,2021.72,0.03,6.18,12678.58,1
2022-12-12,2022-12-12 14:07:00,2021.72,2022.34,2021.72,2022.34,0.03,6.18,12678.58,1
2022-12-12,2022-12-12 14:08:00,2022.34,2022.97,2022.34,2022.97,0.03,6.18,12678.58,1
2022-12-12,2022-12-12 14:09:00,2022.97,2023.59,2022.97,2023.59,0.03,6.18,12678.58,1
2022-12-12,2022-12-12 14:10:00,2023.59,2024.22,2023.59,2024.22,0.03,6.18,12678.58,1
2022-12-12,2022-12-12 14:11:00,2024.22,2024.84,2024.22,2024.84,0.03,6.18,12678.58,1
2022-12-12,2022-12-12 14:12:00,2024.84,2025.46,2024.84,2025.46,0.03,6.18,12678.58,1
2022-12-12,2022-12-12 14:13:00,2025.46,2026.09,2025.46,2026.09,0.03,6.18,12678.58,1
2022-12-12,2022-12-12 14:14:00,2026.09,2026.71,2026.09,2026.71,0.03,6.18,12678.58,1
2022-12-12,2022-12-12 14:15:00,2026.71,2027.34,2026.71,2027.34,0.03,6.18,12678.58,1
2022-12-12,2022-12-12 14:16:00,2027.34,2027.96,2027.34,2027.96,0.03,6.18,12678.58,1
2022-12-12,2022-12-12 14:17:00,2027.96,2028.59,2027.96,2028.59,0.03,6.18,12678.58,1
2022-12-12,2022-12-12 14:18:00,2028.59,2029.21,2028.59,2029.21,0.03,6.18,12678.58,1
2022-12-12,2022-12-12 14:19:00,2029.21,2029.83,2029.21,2029.83,0.03,6.18,12678.58,1
2022-12-12,2022-12-12 14:20:00,2029.83,2030.46,2029.83,2030.46,0.03,6.18,12678.58,1
2022-12-12,2022-12-12 14:21:00,2030.46,2031.08,2030.46,2031.08,0.03,6.18,12678.58,1
2022-12-12,2022-12-12 14:22:00,2031.08,2031.71,2031.08,2031.71,0.03,6.18,12678.58,1
2022-12-12,2022-12-12 14:23:00,2031.71,2032.33,2031.71,2032.33,0.03,6.18,12678.58,1
2022-12-12,2022-12-12 14:24:00,2032.33,2032.95,2032.33,2032.95,0.03,6.18,12678.58,1
2022-12-12,2022-12-12 14:25:00,2032.95,2033.58,2032.95,2033.58,0.03,6.18,12678.58,1
2022-12-12,2022-12-12 14:26:00,2033.58,2034.2,2033.58,2034.2,0.03,6.18,12678.58,1
2022-12-12,2022-12-12 14:27:00,2034.2,2034.83,2034.2,2034.83,0.03,6.18,12678.58,1
2022-12-12,2022-12-12 14:28:00,2034.83,2035.45,2034.83,2035.45,0.03,6.18,12678.58,1
2022-12-12,2022-12-12 14:29:00,2035.45,2036.08,2035.45,2036.08,0.03,6.18,12678.58,1
2022-12-12,2022-12-12 14:30:00,2036.08,2036.7,2036.08,2036.7,0.03,6.18,12678.58,1
2022-12-12,2022-12-12 14:31:00,2036.7,2037.32,2036.7,2037.32,0.03,6.18,12678.58,1
2022-12-12,2022-12-12 14:32:00,2037.32,2037.95,2037.32,2037.95,0.03,6.18,12678.58,1
2022-12-12,2022-12-12 14:33:00,2037.95,2038.57,2037.95,2038.57,0.03,6.18,12678.58,1
2022-12-12,2022-12-12 14:34:00,2038.57,2039.2,2038.57,2039.2,0.03,6.18,12678.58,1
2022-12-12,2022-12-12 14:35:00,2039.2,2039.82,2039.2,2039.82,0.03,6.18,12678.58,1
2022-12-12,2022-12-12 14:36:00,2039.82,2040.44,2039.82,2040.44,0.03,6.18,12678.58,1
2022-12-12,2022-12-12 14:37:00,2040.44,2041.07,2040.44,2041.07,0.03,6.18,12678.58,1
2022-12-12,2022-12-12 14:38:00,2041.07,2041.69,2041.07,2041.69,0.03,6.18,12678.58,1
2022-12-12,2022-12-12 14:39:00,2041.69,2042.32,2041.69,2042.32,0.03,6.18,12678.58,1
2022-12-12,2022-12-12 14:40:00,2042.32,2042.94,2042.32,2042.94,0.03,6.18,12678.58,1
2022-12-12,2022-12-12 14:41:00,2042.94,2043.57,2042.94,2043.57,0.03,6.18,12678.58,1
2022-12-12,2022-12-12 14:42:00,2043.57,2044.19,2043.57,2044.19,0.03,6.18,12678.58,1
2022-12-12,2022-12-12 14:43:00,2044.19,2044.81,2044.19,2044.81,0.03,6.18,12678.58,1
2022-12-12,2022-12-12 14:44:00,2044.81,2045.44,2044.81,2045.44,0.03,6.18,12678.58,1
2022-12-12,2022-12-12 14:45:00,2045.44,2046.06,2045.44,2046.06,0.03,6.18,12678.58,1
2022-12-12,2022-12-12 14:46:00,2046.06,2046.69,2046.06,2046.69,0.03,6.18,12678.58,1
2022-12-12,2022-12-12 14:47:00,2046.69,2047.31,2046.69,2047.31,0.03,6.18,12678.58,1
2022-12-12,2022-12-12 14:48:00,2047.31,2047.93,2047.31,2047.93,0.03,6.18,12678.58,1
2022-12-12,2022-12-12 14:49:00,2047.93,2048.56,2047.93,2048.56,0.03,6.18,12678.58,1
2022-12-12,2022-12-12 14:50:00,2048.56,2049.18,2048.56,2049.18,0.03,6.18,12678.58,1
2022-12-12,2022-12-12 14:51:00,2049.18,2049.81,2049.18,2049.81,0.03,6.18,12678.58,1
2022-12-12,2022-12-12 14:52:00,2049.81,2050.43,2049.81,2050.43,0.03,6.18,12678.58,1
2022-12-12,2022-12-12 14:53:00,2050.43,2051.06,2050.43,2051.06,0.03,6.18,12678.58,1
2022-12-12,2022-12-12 14:54:00,2051.06,2051.68,2051.06,2051.68,0.03,6.18,12678.58,1
2022-12-12,2022-12-12 14:55:00,2051.68,2052.3,2051.68,2052.3,0.03,6.18,12678.58,1
2022-12-12,2022-12-12 14:56:00,2052.3,2052.93,2052.3,2052.93,0.03,6.18,12678.58,1
2022-12-12,2022-12-12 14:57:00,2052.93,2053.55,2052.93,2053.55,0.03,6.18,12678.58,1
2022-12-12,2022-12-12 14:58:00,2053.55,2054.18,2053.55,2054.18,0.03,6.18,12678.58,1
2022-12-12,2022-12-12 14:59:00,2054.18,2054.8,2054.18,2054.8,0.03,6.18,12678.58,1
2022-12-12,2022-12-12 15:00:00,2054.8,2054.8,1905.0,2054.8,0.0,6.18,12678.58,0
2022-12-13,2022-12-13 11:00:00,2014.1,2087.93,2014.1,2015.13,0.05,8.38,18899.58,1
2022-12-13,2022-12-13 11:01:00,2015.13,2016.15,2015.13,2016.15,0.05,8.38,18899.58,1
2022-12-13,2022-12-13 11:02:00,2016.15,2017.18,2016.15,2017.18,0.05,8.38,18899.58,1
2022-12-13,2022-12-13 11:03:00,2017.18,2018.2,2017.18,2018.2,0.05,8.38,18899.58,1
2022-12-13,2022-12-13 11:04:00,2018.2,2019.23,2018.2,2019.23,0.05,8.38,18899.58,1
2022-12-13,2022-12-13 11:05:00,2019.23,2020.25,2019.23,2020.25,0.05,8.38,18899.58,1
2022-12-13,2022-12-13 11:06:00,2020.25,2021.28,2020.25,2021.28,0.05,8.38,18899.58,1
2022-12-13,2022-12-13 11:07:00,2021.28,2022.3,2021.28,2022.3,0.05,8.38,18899.58,1
2022-12-13,2022-12-13 11:08:00,2022.3,2023.33,2022.3,2023.33,0.05,8.38,18899.58,1
2022-12-13,2022-12-13 11:09:00,2023.33,2024.35,2023.33,2024.35,0.05,8.38,18899.58,1
2022-12-13,2022-12-13 11:10:00,2024.35,2025.38,2024.35,2025.38,0.05,8.38,18899.58,1
2022-12-13,2022-12-13 11:11:00,2025.38,2026.4,2025.38,2026.4,0.05,8.38,18899.58,1
2022-12-13,2022-12-13 11:12:00,2026.4,2027.43,2026.4,2027.43,0.05,8.38,18899.58,1
2022-12-13,2022-12-13 11:13:00,2027.43,2028.46,2027.43,2028.46,0.05,8.38,18899.58,1
2022-12-13,2022-12-13 11:14:00,2028.46,2029.48,2028.46,2029.48,0.05,8.38,18899.58,1
2022-12-13,2022-12-13 11:15:00,2029.48,2030.51,2029.48,2030.51,0.05,8.38,18899.58,1
2022-12-13,2022-12-13 11:16:00,2030.51,2031.53,2030.51,2031.53,0.05,8.38,18899.58,1
2022-12-13,2022-12-13 11:17:00,2031.53,2032.56,2031.53,2032.56,0.05,8.38,18899.58,1
2022-12-13,2022-12-13 11:18:00,2032.56,2033.58,2032.56,2033.58,0.05,8.38,18899.58,1
2022-12-13,2022-12-13 11:19:00,2033.58,2034.61,2033.58,2034.61,0.05,8.38,18899.58,1
2022-12-13,2022-12-13 11:20:00,2034.61,2035.63,2034.61,2035.63,0.05,8.38,18899.58,1
2022-12-13,2022-12-13 11:21:00,2035.63,2036.66,2035.63,2036.66,0.05,8.38,18899.58,1
2022-12-13,2022-12-13 11:22:00,2036.66,2037.68,2036.66,2037.68,0.05,8.38,18899.58,1
2022-12-13,2022-12-13 11:23:00,2037.68,2038.71,2037.68,2038.71,0.05,8.38,18899.58,1
2022-12-13,2022-12-13 11:24:00,2038.71,2039.74,2038.71,2039.74,0.05,8.38,18899.58,1
2022-12-13,2022-12-13 11:25:00,2039.74,2040.76,2039.74,2040.76,0.05,8.38,18899.58,1
2022-12-13,2022-12-13 11:26:00,2040.76,2041.79,2040.76,2041.79,0.05,8.38,18899.58,1
2022-12-13,2022-12-13 11:27:00,2041.79,2042.81,2041.79,2042.81,0.05,8.38,18899.58,1
2022-12-13,2022-12-13 11:28:00,2042.81,2043.84,2042.81,2043.84,0.05,8.38,18899.58,1
2022-12-13,2022-12-13 11:29:00,2043.84,2044.86,2043.84,2044.86,0.05,8.38,18899.58,1
2022-12-13,2022-12-13 11:30:00,2044.86,2045.89,2044.86,2045.89,0.05,8.38,18899.58,1
2022-12-13,2022-12-13 11:31:00,2045.89,2046.91,2045.89,2046.91,0.05,8.38,18899.58,1
2022-12-13,2022-12-13 11:32:00,2046.91,2047.94,2046.91,2047.94,0.05,8.38,18899.58,1
2022-12-13,2022-12-13 11:33:00,2047.94,2048.96,2047.94,2048.96,0.05,8.38,18899.58,1
2022-12-13,2022-12-13 11:34:00,2048.96,2049.99,2048.96,2049.99,0.05,8.38,18899.58,1
2022-12-13,2022-12-13 11:35:00,2049.99,2051.01,2049.99,2051.01,0.05,8.38,18899.58,1
2022-12-13,2022-12-13 11:36:00,2051.01,2052.04,2051.01,2052.04,0.05,8.38,18899.58,1
2022-12-13,2022-12-13 11:37:00,2052.04,2053.07,2052.04,2053.07,0.05,8.38,18899.58,1
2022-12-13,2022-12-13 11:38:00,2053.07,2054.09,2053.07,2054.09,0.05,8.38,18899.58,1
2022-12-13,2022-12-13 11:39:00,2054.09,2055.12,2054.09,2055.12,0.05,8.38,18899.58,1
2022-12-13,2022-12-13 11:40:00,2055.12,2056.14,2055.12,2056.14,0.05,8.38,18899.58,1
2022-12-13,2022-12-13 11:41:00,2056.14,2057.17,2056.14,2057.17,0.05,8.38,18899.58,1
2022-12-13,2022-12-13 11:42:00,2057.17,2058.19,2057.17,2058.19,0.05,8.38,18899.58,1
2022-12-13,2022-12-13 11:43:00,2058.19,2059.22,2058.19,2059.22,0.05,8.38,18899.58,1
2022-12-13,2022-12-13 11:44:00,2059.22,2060.24,2059.22,2060.24,0.05,8.38,18899.58,1
2022-12-13,2022-12-13 11:45:00,2060.24,2061.27,2060.24,2061.27,0.05,8.38,18899.58,1
2022-12-13,2022-12-13 11:46:00,2061.27,2062.29,2061.27,2062.29,0.05,8.38,18899.58,1
2022-12-13,2022-12-13 11:47:00,2062.29,2063.32,2062.29,2063.32,0.05,8.38,18899.58,1
2022-12-13,2022-12-13 11:48:00,2063.32,2064.35,2063.32,2064.35,0.05,8.38,18899.58,1
2022-12-13,2022-12-13 11:49:00,2064.35,2065.37,2064.35,2065.37,0.05,8.38,18899.58,1
2022-12-13,2022-12-13 11:50:00,2065.37,2066.4,2065.37,2066.4,0.05,8.38,18899.58,1
2022-12-13,2022-12-13 11:51:00,2066.4,2067.42,2066.4,2067.42,0.05,8.38,18899.58,1
2022-12-13,2022-12-13 11:52:00,2067.42,2068.45,2067.42,2068.45,0.05,8.38,18899.58,1
2022-12-13,2022-12-13 11:53:00,2068.45,2069.47,2068.45,2069.47,0.05,8.38,18899.58,1
2022-12-13,2022-12-13 11:54:00,2069.47,2070.5,2069.47,2070.5,0.05,8.38,18899.58,1
2022-12-13,2022-12-13 11:55:00,2070.5,2071.52,2070.5,2071.52,0.05,8.38,18899.58,1
2022-12-13,2022-12-13 11:56:00,2071.52,2072.55,2071.52,2072.55,0.05,8.38,18899.58,1
2022-12-13,2022-12-13 11:57:00,2072.55,2073.57,2072.55,2073.57,0.05,8.38,18899.58,1
2022-12-13,2022-12-13 11:58:00,2073.57,2074.6,2073.57,2074.6,0.05,8.38,18899.58,1
2022-12-13,2022-12-13 11:59:00,2074.6,2075.62,2074.6,2075.62,0.05,8.38,18899.58,1
2022-12-13,2022-12-13 12:00:00,2075.62,2076.65,2075.62,2076.65,0.05,8.38,18899.58,1
2022-12-13,2022-12-13 12:01:00,2076.65,2077.68,2076.65,2077.68,0.05,8.38,18899.58,1
2022-12-13,2022-12-13 12:02:00,2077.68,2078.7,2077.68,2078.7,0.05,8.38,18899.58,1
2022-12-13,2022-12-13 12:03:00,2078.7,2079.73,2078.7,2079.73,0.05,8.38,18899.58,1
2022-12-13,2022-12-13 12:04:00,2079.73,2080.75,2079.73,2080.75,0.05,8.38,18899.58,1
2022-12-13,2022-12-13 12:05:00,2080.75,2081.78,2080.75,2081.78,0.05,8.38,18899.58,1
2022-12-13,2022-12-13 12:06:00,2081.78,2082.8,2081.78,2082.8,0.05,8.38,18899.58,1
2022-12-13,2022-12-13 12:07:00,2082.8,2083.83,2082.8,2083.83,0.05,8.38,18899.58,1
2022-12-13,2022-12-13 12:08:00,2083.83,2084.85,2083.83,2084.85,0.05,8.38,18899.58,1
2022-12-13,2022-12-13 12:09:00,2084.85,2085.88,2084.85,2085.88,0.05,8.38,18899.58,1
2022-12-13,2022-12-13 12:10:00,2085.88,2086.9,2085.88,2086.9,0.05,8.38,18899.58,1
2022-12-13,2022-12-13 12:11:00,2086.9,2087.93,2086.9,2087.93,0.05,8.38,18899.58,1
2022-12-13,2022-12-13 12:12:00,2087.93,2088.96,2087.93,2088.96,0.05,8.38,18899.58,1
2022-12-13,2022-12-13 12:13:00,2088.96,2089.98,2088.96,2089.98,0.05,8.38,18899.58,1
2022-12-13,2022-12-13 12:14:00,2089.98,2091.01,2089.98,2091.01,0.05,8.38,18899.58,1
2022-12-13,2022-12-13 12:15:00,2091.01,2092.03,2091.01,2092.03,0.05,8.38,18899.58,1
2022-12-13,2022-12-13 12:16:00,2092.03,2093.06,2092.03,2093.06,0.05,8.38,18899.58,1
2022-12-13,2022-12-13 12:17:00,2093.06,2094.08,2093.06,2094.08,0.05,8.38,18899.58,1
2022-12-13,2022-12-13 12:18:00,2094.08,2095.11,2094.08,2095.11,0.05,8.38,18899.58,1
2022-12-13,2022-12-13 12:19:00,2095.11,2096.13,2095.11,2096.13,0.05,8.38,18899.58,1
2022-12-13,2022-12-13 12:20:00,2096.13,2097.16,2096.13,2097.16,0.05,8.38,18899.58,1
2022-12-13,2022-12-13 12:21:00,2097.16,2098.18,2097.16,2098.18,0.05,8.38,18899.58,1
2022-12-13,2022-12-13 12:22:00,2098.18,2099.21,2098.18,2099.21,0.05,8.38,18899.58,1
2022-12-13,2022-12-13 12:23:00,2099.21,2100.23,2099.21,2100.23,0.05,8.38,18899.58,1
2022-12-13,2022-12-13 12:24:00,2100.23,2101.26,2100.23,2101.26,0.05,8.38,18899.58,1
2022-12-13,2022-12-13 12:25:00,2101.26,2102.29,2101.26,2102.29,0.05,8.38,18899.58,1
2022-12-13,2022-12-13 12:26:00,2102.29,2103.31,2102.29,2103.31,0.05,8.38,18899.58,1
2022-12-13,2022-12-13 12:27:00,2103.31,2104.34,2103.31,2104.34,0.05,8.38,18899.58,1
2022-12-13,2022-12-13 12:28:00,2104.34,2105.36,2104.34,2105.36,0.05,8.38,18899.58,1
2022-12-13,2022-12-13 12:29:00,2105.36,2106.39,2105.36,2106.39,0.05,8.38,18899.58,1
2022-12-13,2022-12-13 12:30:00,2106.39,2107.41,2106.39,2107.41,0.05,8.38,18899.58,1
2022-12-13,2022-12-13 12:31:00,2107.41,2108.44,2107.41,2108.44,0.05,8.38,18899.58,1
2022-12-13,2022-12-13 12:32:00,2108.44,2109.46,2108.44,2109.46,0.05,8.38,18899.58,1
2022-12-13,2022-12-13 12:33:00,2109.46,2110.49,2109.46,2110.49,0.05,8.38,18899.58,1
2022-12-13,2022-12-13 12:34:00,2110.49,2111.51,2110.49,2111.51,0.05,8.38,18899.58,1
2022-12-13,2022-12-13 12:35:00,2111.51,2112.54,2111.51,2112.54,0.05,8.38,18899.58,1
2022-12-13,2022-12-13 12:36:00,2112.54,2113.57,2112.54,2113.57,0.05,8.38,18899.58,1
2022-12-13,2022-12-13 12:37:00,2113.57,2114.59,2113.57,2114.59,0.05,8.38,18899.58,1
2022-12-13,2022-12-13 12:38:00,2114.59,2115.62,2114.59,2115.62,0.05,8.38,18899.58,1
2022-12-13,2022-12-13 12:39:00,2115.62,2116.64,2115.62,2116.64,0.05,8.38,18899.58,1
2022-12-13,2022-12-13 12:40:00,2116.64,2117.67,2116.64,2117.67,0.05,8.38,18899.58,1
2022-12-13,2022-12-13 12:41:00,2117.67,2118.69,2117.67,2118.69,0.05,8.38,18899.58,1
2022-12-13,2022-12-13 12:42:00,2118.69,2119.72,2118.69,2119.72,0.05,8.38,18899.58,1
2022-12-13,2022-12-13 12:43:00,2119.72,2120.74,2119.72,2120.74,0.05,8.38,18899.58,1
2022-12-13,2022-12-13 12:44:00,2120.74,2121.77,2120.74,2121.77,0.05,8.38,18899.58,1
2022-12-13,2022-12-13 12:45:00,2121.77,2122.79,2121.77,2122.79,0.05,8.38,18899.58,1
2022-12-13,2022-12-13 12:46:00,2122.79,2123.82,2122.79,2123.82,0.05,8.38,18899.58,1
2022-12-13,2022-12-13 12:47:00,2123.82,2124.84,2123.82,2124.84,0.05,8.38,18899.58,1
2022-12-13,2022-12-13 12:48:00,2124.84,2125.87,2124.84,2125.87,0.05,8.38,18899.58,1
2022-12-13,2022-12-13 12:49:00,2125.87,2126.9,2125.87,2126.9,0.05,8.38,18899.58,1
2022-12-13,2022-12-13 12:50:00,2126.9,2127.92,2126.9,2127.92,0.05,8.38,18899.58,1
2022-12-13,2022-12-13 12:51:00,2127.92,2128.95,2127.92,2128.95,0.05,8.38,18899.58,1
2022-12-13,2022-12-13 12:52:00,2128.95,2129.97,2128.95,2129.97,0.05,8.38,18899.58,1
2022-12-13,2022-12-13 12:53:00,2129.97,2131.0,2129.97,2131.0,0.05,8.38,18899.58,1
2022-12-13,2022-12-13 12:54:00,2131.0,2132.02,2131.0,2132.02,0.05,8.38,18899.58,1
2022-12-13,2022-12-13 12:55:00,2132.02,2133.05,2132.02,2133.05,0.05,8.38,18899.58,1
2022-12-13,2022-12-13 12:56:00,2133.05,2134.07,2133.05,2134.07,0.05,8.38,18899.58,1
2022-12-13,2022-12-13 12:57:00,2134.07,2135.1,2134.07,2135.1,0.05,8.38,18899.58,1
2022-12-13,2022-12-13 12:58:00,2135.1,2136.12,2135.1,2136.12,0.05,8.38,18899.58,1
2022-12-13,2022-12-13 12:59:00,2136.12,2137.15,2136.12,2137.15,0.05,8.38,18899.58,1
2022-12-13,2022-12-13 13:00:00,2137.15,2260.2,2014.1,2138.18,0.05,8.38,18899.58,1
2022-12-13,2022-12-13 13:01:00,2138.18,2139.2,2138.18,2139.2,0.05,8.38,18899.58,1
2022-12-13,2022-12-13 13:02:00,2139.2,2140.23,2139.2,2140.23,0.05,8.38,18899.58,1
2022-12-13,2022-12-13 13:03:00,2140.23,2141.25,2140.23,2141.25,0.05,8.38,18899.58,1
2022-12-13,2022-12-13 13:04:00,2141.25,2142.28,2141.25,2142.28,0.05,8.38,18899.58,1
2022-12-13,2022-12-13 13:05:00,2142.28,2143.3,2142.28,2143.3,0.05,8.38,18899.58,1
2022-12-13,2022-12-13 13:06:00,2143.3,2144.33,2143.3,2144.33,0.05,8.38,18899.58,1
2022-12-13,2022-12-13 13:07:00,2144.33,2145.35,2144.33,2145.35,0.05,8.38,18899.58,1
2022-12-13,2022-12-13 13:08:00,2145.35,2146.38,2145.35,2146.38,0.05,8.38,18899.58,1
2022-12-13,2022-12-13 13:09:00,2146.38,2147.4,2146.38,2147.4,0.05,8.38,18899.58,1
2022-12-13,2022-12-13 13:10:00,2147.4,2148.43,2147.4,2148.43,0.05,8.38,18899.58,1
2022-12-13,2022-12-13 13:11:00,2148.43,2149.45,2148.43,2149.45,0.05,8.38,18899.58,1
2022-12-13,2022-12-13 13:12:00,2149.45,2150.48,2149.45,2150.48,0.05,8.38,18899.58,1
2022-12-13,2022-12-13 13:13:00,2150.48,2151.51,2150.48,2151.51,0.05,8.38,18899.58,1
2022-12-13,2022-12-13 13:14:00,2151.51,2152.53,2151.51,2152.53,0.05,8.38,18899.58,1
2022-12-13,2022-12-13 13:15:00,2152.53,2153.56,2152.53,2153.56,0.05,8.38,18899.58,1
2022-12-13,2022-12-13 13:16:00,2153.56,2154.58,2153.56,2154.58,0.05,8.38,18899.58,1
2022-12-13,2022-12-13 13:17:00,2154.58,2155.61,2154.58,2155.61,0.05,8.38,18899.58,1
2022-12-13,2022-12-13 13:18:00,2155.61,2156.63,2155.61,2156.63,0.05,8.38,18899.58,1
2022-12-13,2022-12-13 13:19:00,2156.63,2157.66,2156.63,2157.66,0.05,8.38,18899.58,1
2022-12-13,2022-12-13 13:20:00,2157.66,2158.68,2157.66,2158.68,0.05,8.38,18899.58,1
2022-12-13,2022-12-13 13:21:00,2158.68,2159.71,2158.68,2159.71,0.05,8.38,18899.58,1
2022-12-13,2022-12-13 13:22:00,2159.71,2160.73,2159.71,2160.73,0.05,8.38,18899.58,1
2022-12-13,2022-12-13 13:23:00,2160.73,2161.76,2160.73,2161.76,0.05,8.38,18899.58,1
2022-12-13,2022-12-13 13:24:00,2161.76,2162.79,2161.76,2162.79,0.05,8.38,18899.58,1
2022-12-13,2022-12-13 13:25:00,2162.79,2163.81,2162.79,2163.81,0.05,8.38,18899.58,1
2022-12-13,2022-12-13 13:26:00,2163.81,2164.84,2163.81,2164.84,0.05,8.38,18899.58,1
2022-12-13,2022-12-13 13:27:00,2164.84,2165.86,2164.84,2165.86,0.05,8.38,18899.58,1
2022-12-13,2022-12-13 13:28:00,2165.86,2166.89,2165.86,2166.89,0.05,8.38,18899.58,1
2022-12-13,2022-12-13 13:29:00,2166.89,2167.91,2166.89,2167.91,0.05,8.38,18899.58,1
2022-12-13,2022-12-13 13:30:00,2167.91,2168.94,2167.91,2168.94,0.05,8.38,18899.58,1
2022-12-13,2022-12-13 13:31:00,2168.94,2169.96,2168.94,2169.96,0.05,8.38,18899.58,1
2022-12-13,2022-12-13 13:32:00,2169.96,2170.99,2169.96,2170.99,0.05,8.38,18899.58,1
2022-12-13,2022-12-13 13:33:00,2170.99,2172.01,2170.99,2172.01,0.05,8.38,18899.58,1
2022-12-13,2022-12-13 13:34:00,2172.01,2173.04,2172.01,2173.04,0.05,8.38,18899.58,1
2022-12-13,2022-12-13 13:35:00,2173.04,2174.07,2173.04,2174.07,0.05,8.38,18899.58,1
2022-12-13,2022-12-13 13:36:00,2174.07,2175.09,2174.07,2175.09,0.05,8.38,18899.58,1
2022-12-13,2022-12-13 13:37:00,2175.09,2176.12,2175.09,2176.12,0.05,8.38,18899.58,1
2022-12-13,2022-12-13 13:38:00,2176.12,2177.14,2176.12,2177.14,0.05,8.38,18899.58,1
2022-12-13,2022-12-13 13:39:00,2177.14,2178.17,2177.14,2178.17,0.05,8.38,18899.58,1
2022-12-13,2022-12-13 13:40:00,2178.17,2179.19,2178.17,2179.19,0.05,8.38,18899.58,1
2022-12-13,2022-12-13 13:41:00,2179.19,2180.22,2179.19,2180.22,0.05,8.38,18899.58,1
2022-12-13,2022-12-13 13:42:00,2180.22,2181.24,2180.22,2181.24,0.05,8.38,18899.58,1
2022-12-13,2022-12-13 13:43:00,2181.24,2182.27,2181.24,2182.27,0.05,8.38,18899.58,1
2022-12-13,2022-12-13 13:44:00,2182.27,2183.29,2182.27,2183.29,0.05,8.38,18899.58,1
2022-12-13,2022-12-13 13:45:00,2183.29,2184.32,2183.29,2184.32,0.05,8.38,18899.58,1
2022-12-13,2022-12-13 13:46:00,2184.32,2185.34,2184.32,2185.34,0.05,8.38,18899.58,1
2022-12-13,2022-12-13 13:47:00,2185.34,2186.37,2185.34,2186.37,0.05,8.38,18899.58,1
2022-12-13,2022-12-13 13:48:00,2186.37,2187.4,2186.37,2187.4,0.05,8.38,18899.58,1
2022-12-13,2022-12-13 13:49:00,2187.4,2188.42,2187.4,2188.42,0.05,8.38,18899.58,1
2022-12-13,2022-12-13 13:50:00,2188.42,2189.45,2188.42,2189.45,0.05,8.38,18899.58,1
2022-12-13,2022-12-13 13:51:00,2189.45,2190.47,2189.45,2190.47,0.05,8.38,18899.58,1
2022-12-13,2022-12-13 13:52:00,2190.47,2191.5,2190.47,2191.5,0.05,8.38,18899.58,1
2022-12-13,2022-12-13 13:53:00,2191.5,2192.52,2191.5,2192.52,0.05,8.38,18899.58,1
2022-12-13,2022-12-13 13:54:00,2192.52,2193.55,2192.52,2193.55,0.05,8.38,18899.58,1
2022-12-13,2022-12-13 13:55:00,2193.55,2194.57,2193.55,2194.57,0.05,8.38,18899.58,1
2022-12-13,2022-12-13 13:56:00,2194.57,2195.6,2194.57,2195.6,0.05,8.38,18899.58,1
2022-12-13,2022-12-13 13:57:00,2195.6,2196.62,2195.6,2196.62,0.05,8.38,18899.58,1
2022-12-13,2022-12-13 13:58:00,2196.62,2197.65,2196.62,2197.65,0.05,8.38,18899.58,1
2022-12-13,2022-12-13 13:59:00,2197.65,2198.67,2197.65,2198.67,0.05,8.38,18899.58,1
2022-12-13,2022-12-13 14:00:00,2198.67,2199.7,2198.67,2199.7,0.05,8.38,18899.58,1
2022-12-13,2022-12-13 14:01:00,2199.7,2200.73,2199.7,2200.73,0.05,8.38,18899.58,1
2022-12-13,2022-12-13 14:02:00,2200.73,2201.75,2200.73,2201.75,0.05,8.38,18899.58,1
2022-12-13,2022-12-13 14:03:00,2201.75,2202.78,2201.75,2202.78,0.05,8.38,18899.58,1
2022-12-13,2022-12-13 14:04:00,2202.78,2203.8,2202.78,2203.8,0.05,8.38,18899.58,1
2022-12-13,2022-12-13 14:05:00,2203.8,2204.83,2203.8,2204.83,0.05,8.38,18899.58,1
2022-12-13,2022-12-13 14:06:00,2204.83,2205.85,2204.83,2205.85,0.05,8.38,18899.58,1
2022-12-13,2022-12-13 14:07:00,2205.85,2206.88,2205.85,2206.88,0.05,8.38,18899.58,1
2022-12-13,2022-12-13 14:08:00,2206.88,2207.9,2206.88,2207.9,0.05,8.38,18899.58,1
2022-12-13,2022-12-13 14:09:00,2207.9,2208.93,2207.9,2208.93,0.05,8.38,18899.58,1
2022-12-13,2022-12-13 14:10:00,2208.93,2209.95,2208.93,2209.95,0.05,8.38,18899.58,1
2022-12-13,2022-12-13 14:11:00,2209.95,2210.98,2209.95,2210.98,0.05,8.38,18899.58,1
2022-12-13,2022-12-13 14:12:00,2210.98,2212.01,2210.98,2212.01,0.05,8.38,18899.58,1
2022-12-13,2022-12-13 14:13:00,2212.01,2213.03,2212.01,2213.03,0.05,8.38,18899.58,1
2022-12-13,2022-12-13 14:14:00,2213.03,2214.06,2213.03,2214.06,0.05,8.38,18899.58,1
2022-12-13,2022-12-13 14:15:00,2214.06,2215.08,2214.06,2215.08,0.05,8.38,18899.58,1
2022-12-13,2022-12-13 14:16:00,2215.08,2216.11,2215.08,2216.11,0.05,8.38,18899.58,1
2022-12-13,2022-12-13 14:17:00,2216.11,2217.13,2216.11,2217.13,0.05,8.38,18899.58,1
2022-12-13,2022-12-13 14:18:00,2217.13,2218.16,2217.13,2218.16,0.05,8.38,18899.58,1
2022-12-13,2022-12-13 14:19:00,2218.16,2219.18,2218.16,2219.18,0.05,8.38,18899.58,1
2022-12-13,2022-12-13 14:20:00,2219.18,2220.21,2219.18,2220.21,0.05,8.38,18899.58,1
2022-12-13,2022-12-13 14:21:00,2220.21,2221.23,2220.21,2221.23,0.05,8.38,18899.58,1
2022-12-13,2022-12-13 14:22:00,2221.23,2222.26,2221.23,2222.26,0.05,8.38,18899.58,1
2022-12-13,2022-12-13 14:23:00,2222.26,2223.28,2222.26,2223.28,0.05,8.38,18899.58,1
2022-12-13,2022-12-13 14:24:00,2223.28,2224.31,2223.28,2224.31,0.05,8.38,18899.58,1
2022-12-13,2022-12-13 14:25:00,2224.31,2225.34,2224.31,2225.34,0.05,8.38,18899.58,1
2022-12-13,2022-12-13 14:26:00,2225.34,2226.36,2225.34,2226.36,0.05,8.38,18899.58,1
2022-12-13,2022-12-13 14:27:00,2226.36,2227.39,2226.36,2227.39,0.05,8.38,18899.58,1
2022-12-13,2022-12-13 14:28:00,2227.39,2228.41,2227.39,2228.41,0.05,8.38,18899.58,1
2022-12-13,2022-12-13 14:29:00,2228.41,2229.44,2228.41,2229.44,0.05,8.38,18899.58,1
2022-12-13,2022-12-13 14:30:00,2229.44,2230.46,2229.44,2230.46,0.05,8.38,18899.58,1
2022-12-13,2022-12-13 14:31:00,2230.46,2231.49,2230.46,2231.49,0.05,8.38,18899.58,1
2022-12-13,2022-12-13 14:32:00,2231.49,2232.51,2231.49,2232.51,0.05,8.38,18899.58,1
2022-12-13,2022-12-13 14:33:00,2232.51,2233.54,2232.51,2233.54,0.05,8.38,18899.58,1
2022-12-13,2022-12-13 14:34:00,2233.54,2234.56,2233.54,2234.56,0.05,8.38,18899.58,1
2022-12-13,2022-12-13 14:35:00,2234.56,2235.59,2234.56,2235.59,0.05,8.38,18899.58,1
2022-12-13,2022-12-13 14:36:00,2235.59,2236.62,2235.59,2236.62,0.05,8.38,18899.58,1
2022-12-13,2022-12-13 14:37:00,2236.62,2237.64,2236.62,2237.64,0.05,8.38,18899.58,1
2022-12-13,2022-12-13 14:38:00,2237.64,2238.67,2237.64,2238.67,0.05,8.38,18899.58,1
2022-12-13,2022-12-13 14:39:00,2238.67,2239.69,2238.67,2239.69,0.05,8.38,18899.58,1
2022-12-13,2022-12-13 14:40:00,2239.69,2240.72,2239.69,2240.72,0.05,8.38,18899.58,1
2022-12-13,2022-12-13 14:41:00,2240.72,2241.74,2240.72,2241.74,0.05,8.38,18899.58,1
2022-12-13,2022-12-13 14:42:00,2241.74,2242.77,2241.74,2242.77,0.05,8.38,18899.58,1
2022-12-13,2022-12-13 14:43:00,2242.77,2243.79,2242.77,2243.79,0.05,8.38,18899.58,1
2022-12-13,2022-12-13 14:44:00,2243.79,2244.82,2243.79,2244.82,0.05,8.38,18899.58,1
2022-12-13,2022-12-13 14:45:00,2244.82,2245.84,2244.82,2245.84,0.05,8.38,18899.58,1
2022-12-13,2022-12-13 14:46:00,2245.84,2246.87,2245.84,2246.87,0.05,8.38,18899.58,1
2022-12-13,2022-12-13 14:47:00,2246.87,2247.89,2246.87,2247.89,0.05,8.38,18899.58,1
2022-12-13,2022-12-13 14:48:00,2247.89,2248.92,2247.89,2248.92,0.05,8.38,18899.58,1
2022-12-13,2022-12-13 14:49:00,2248.92,2249.95,2248.92,2249.95,0.05,8.38,18899.58,1
2022-12-13,2022-12-13 14:50:00,2249.95,2250.97,2249.95,2250.97,0.05,8.38,18899.58,1
2022-12-13,2022-12-13 14:51:00,2250.97,2252.0,2250.97,2252.0,0.05,8.38,18899.58,1
2022-12-13,2022-12-13 14:52:00,2252.0,2253.02,2252.0,2253.02,0.05,8.38,18899.58,1
2022-12-13,2022-12-13 14:53:00,2253.02,2254.05,2253.02,2254.05,0.05,8.38,18899.58,1
2022-12-13,2022-12-13 14:54:00,2254.05,2255.07,2254.05,2255.07,0.05,8.38,18899.58,1
2022-12-13,2022-12-13 14:55:00,2255.07,2256.1,2255.07,2256.1,0.05,8.38,18899.58,1
2022-12-13,2022-12-13 14:56:00,2256.1,2257.12,2256.1,2257.12,0.05,8.38,18899.58,1
2022-12-13,2022-12-13 14:57:00,2257.12,2258.15,2257.12,2258.15,0.05,8.38,18899.58,1
2022-12-13,2022-12-13 14:58:00,2258.15,2259.17,2258.15,2259.17,0.05,8.38,18899.58,1
2022-12-13,2022-12-13 14:59:00,2259.17,2260.2,2259.17,2260.2,0.05,8.38,18899.58,1
2022-12-13,2022-12-13 15:00:00,2260.2,2260.2,2014.1,2260.2,0.0,8.38,18899.58,0
2022-12-14,2022-12-14 11:00:00,2305.4,2359.64,2305.4,2306.15,0.03,3.15,7821.92,1
2022-12-14,2022-12-14 11:01:00,2306.15,2306.91,2306.15,2306.91,0.03,3.15,7821.92,1
2022-12-14,2022-12-14 11:02:00,2306.91,2307.66,2306.91,2307.66,0.03,3.15,7821.92,1
2022-12-14,2022-12-14 11:03:00,2307.66,2308.41,2307.66,2308.41,0.03,3.15,7821.92,1
2022-12-14,2022-12-14 11:04:00,2308.41,2309.17,2308.41,2309.17,0.03,3.15,7821.92,1
2022-12-14,2022-12-14 11:05:00,2309.17,2309.92,2309.17,2309.92,0.03,3.15,7821.92,1
2022-12-14,2022-12-14 11:06:00,2309.92,2310.67,2309.92,2310.67,0.03,3.15,7821.92,1
2022-12-14,2022-12-14 11:07:00,2310.67,2311.43,2310.67,2311.43,0.03,3.15,7821.92,1
2022-12-14,2022-12-14 11:08:00,2311.43,2312.18,2311.43,2312.18,0.03,3.15,7821.92,1
2022-12-14,2022-12-14 11:09:00,2312.18,2312.93,2312.18,2312.93,0.03,3.15,7821.92,1
2022-12-14,2022-12-14 11:10:00,2312.93,2313.69,2312.93,2313.69,0.03,3.15,7821.92,1
2022-12-14,2022-12-14 11:11:00,2313.69,2314.44,2313.69,2314.44,0.03,3.15,7821.92,1
2022-12-14,2022-12-14 11:12:00,2314.44,2315.19,2314.44,2315.19,0.03,3.15,7821.92,1
2022-12-14,2022-12-14 11:13:00,2315.19,2315.95,2315.19,2315.95,0.03,3.15,7821.92,1
2022-12-14,2022-12-14 11:14:00,2315.95,2316.7,2315.95,2316.7,0.03,3.15,7821.92,1
2022-12-14,2022-12-14 11:15:00,2316.7,2317.45,2316.7,2317.45,0.03,3.15,7821.92,1
2022-12-14,2022-12-14 11:16:00,2317.45,2318.21,2317.45,2318.21,0.03,3.15,7821.92,1
2022-12-14,2022-12-14 11:17:00,2318.21,2318.96,2318.21,2318.96,0.03,3.15,7821.92,1
2022-12-14,2022-12-14 11:18:00,2318.96,2319.71,2318.96,2319.71,0.03,3.15,7821.92,1
2022-12-14,2022-12-14 11:19:00,2319.71,2320.47,2319.71,2320.47,0.03,3.15,7821.92,1
2022-12-14,2022-12-14 11:20:00,2320.47,2321.22,2320.47,2321.22,0.03,3.15,7821.92,1
2022-12-14,2022-12-14 11:21:00,2321.22,2321.97,2321.22,2321.97,0.03,3.15,7821.92,1
2022-12-14,2022-12-14 11:22:00,2321.97,2322.73,2321.97,2322.73,0.03,3.15,7821.92,1
2022-12-14,2022-12-14 11:23:00,2322.73,2323.48,2322.73,2323.48,0.03,3.15,7821.92,1
2022-12-14,2022-12-14 11:24:00,2323.48,2324.23,2323.48,2324.23,0.03,3.15,7821.92,1
2022-12-14,2022-12-14 11:25:00,2324.23,2324.99,2324.23,2324.99,0.03,3.15,7821.92,1
2022-12-14,2022-12-14 11:26:00,2324.99,2325.74,2324.99,2325.74,0.03,3.15,7821.92,1
2022-12-14,2022-12-14 11:27:00,2325.74,2326.49,2325.74,2326.49,0.03,3.15,7821.92,1
2022-12-14,2022-12-14 11:28:00,2326.49,2327.25,2326.49,2327.25,0.03,3.15,7821.92,1
2022-12-14,2022-12-14 11:29:00,2327.25,2328.0,2327.25,2328.0,0.03,3.15,7821.92,1
2022-12-14,2022-12-14 11:30:00,2328.0,2328.75,2328.0,2328.75,0.03,3.15,7821.92,1
2022-12-14,2022-12-14 11:31:00,2328.75,2329.51,2328.75,2329.51,0.03,3.15,7821.92,1
2022-12-14,2022-12-14 11:32:00,2329.51,2330.26,2329.51,2330.26,0.03,3.15,7821.92,1
2022-12-14,2022-12-14 11:33:00,2330.26,2331.01,2330.26,2331.01,0.03,3.15,7821.92,1
2022-12-14,2022-12-14 11:34:00,2331.01,2331.77,2331.01,2331.77,0.03,3.15,7821.92,1
2022-12-14,2022-12-14 11:35:00,2331.77,2332.52,2331.77,2332.52,0.03,3.15,7821.92,1
2022-12-14,2022-12-14 11:36:00,2332.52,2333.27,2332.52,2333.27,0.03,3.15,7821.92,1
2022-12-14,2022-12-14 11:37:00,2333.27,2334.03,2333.27,2334.03,0.03,3.15,7821.92,1
2022-12-14,2022-12-14 11:38:00,2334.03,2334.78,2334.03,2334.78,0.03,3.15,7821.92,1
2022-12-14,2022-12-14 11:39:00,2334.78,2335.53,2334.78,2335.53,0.03,3.15,7821.92,1
2022-12-14,2022-12-14 11:40:00,2335.53,2336.29,2335.53,2336.29,0.03,3.15,7821.92,1
2022-12-14,2022-12-14 11:41:00,2336.29,2337.04,2336.29,2337.04,0.03,3.15,7821.92,1
2022-12-14,2022-12-14 11:42:00,2337.04,2337.79,2337.04,2337.79,0.03,3.15,7821.92,1
2022-12-14,2022-12-14 11:43:00,2337.79,2338.55,2337.79,2338.55,0.03,3.15,7821.92,1
2022-12-14,2022-12-14 11:44:00,2338.55,2339.3,2338.55,2339.3,0.03,3.15,7821.92,1
2022-12-14,2022-12-14 11:45:00,2339.3,2340.05,2339.3,2340.05,0.03,3.15,7821.92,1
2022-12-14,2022-12-14 11:46:00,2340.05,2340.81,2340.05,2340.81,0.03,3.15,7821.92,1
2022-12-14,2022-12-14 11:47:00,2340.81,2341.56,2340.81,2341.56,0.03,3.15,7821.92,1
2022-12-14,2022-12-14 11:48:00,2341.56,2342.31,2341.56,2342.31,0.03,3.15,7821.92,1
2022-12-14,2022-12-14 11:49:00,2342.31,2343.07,2342.31,2343.07,0.03,3.15,7821.92,1
2022-12-14,2022-12-14 11:50:00,2343.07,2343.82,2343.07,2343.82,0.03,3.15,7821.92,1
2022-12-14,2022-12-14 11:51:00,2343.82,2344.57,2343.82,2344.57,0.03,3.15,7821.92,1
2022-12-14,2022-12-14 11:52:00,2344.57,2345.33,2344.57,2345.33,0.03,3.15,7821.92,1
2022-12-14,2022-12-14 11:53:00,2345.33,2346.08,2345.33,2346.08,0.03,3.15,7821.92,1
2022-12-14,2022-12-14 11:54:00,2346.08,2346.83,2346.08,2346.83,0.03,3.15,7821.92,1
2022-12-14,2022-12-14 11:55:00,2346.83,2347.59,2346.83,2347.59,0.03,3.15,7821.92,1
2022-12-14,2022-12-14 11:56:00,2347.59,2348.34,2347.59,2348.34,0.03,3.15,7821.92,1
2022-12-14,2022-12-14 11:57:00,2348.34,2349.09,2348.34,2349.09,0.03,3.15,7821.92,1
2022-12-14,2022-12-14 11:58:00,2349.09,2349.85,2349.09,2349.85,0.03,3.15,7821.92,1
2022-12-14,2022-12-14 11:59:00,2349.85,2350.6,2349.85,2350.6,0.03,3.15,7821.92,1
2022-12-14,2022-12-14 12:00:00,2350.6,2351.35,2350.6,2351.35,0.03,3.15,7821.92,1
2022-12-14,2022-12-14 12:01:00,2351.35,2352.11,2351.35,2352.11,0.03,3.15,7821.92,1
2022-12-14,2022-12-14 12:02:00,2352.11,2352.86,2352.11,2352.86,0.03,3.15,7821.92,1
2022-12-14,2022-12-14 12:03:00,2352.86,2353.61,2352.86,2353.61,0.03,3.15,7821.92,1
2022-12-14,2022-12-14 12:04:00,2353.61,2354.37,2353.61,2354.37,0.03,3.15,7821.92,1
2022-12-14,2022-12-14 12:05:00,2354.37,2355.12,2354.37,2355.12,0.03,3.15,7821.92,1
2022-12-14,2022-12-14 12:06:00,2355.12,2355.87,2355.12,2355.87,0.03,3.15,7821.92,1
2022-12-14,2022-12-14 12:07:00,2355.87,2356.63,2355.87,2356.63,0.03,3.15,7821.92,1
2022-12-14,2022-12-14 12:08:00,2356.63,2357.38,2356.63,2357.38,0.03,3.15,7821.92,1
2022-12-14,2022-12-14 12:09:00,2357.38,2358.13,2357.38,2358.13,0.03,3.15,7821.92,1
2022-12-14,2022-12-14 12:10:00,2358.13,2358.89,2358.13,2358.89,0.03,3.15,7821.92,1
2022-12-14,2022-12-14 12:11:00,2358.89,2359.64,2358.89,2359.64,0.03,3.15,7821.92,1
2022-12-14,2022-12-14 12:12:00,2359.64,2360.39,2359.64,2360.39,0.03,3.15,7821.92,1
2022-12-14,2022-12-14 12:13:00,2360.39,2361.15,2360.39,2361.15,0.03,3.15,7821.92,1
2022-12-14,2022-12-14 12:14:00,2361.15,2361.9,2361.15,2361.9,0.03,3.15,7821.92,1
2022-12-14,2022-12-14 12:15:00,2361.9,2362.65,2361.9,2362.65,0.03,3.15,7821.92,1
2022-12-14,2022-12-14 12:16:00,2362.65,2363.41,2362.65,2363.41,0.03,3.15,7821.92,1
2022-12-14,2022-12-14 12:17:00,2363.41,2364.16,2363.41,2364.16,0.03,3.15,7821.92,1
2022-12-14,2022-12-14 12:18:00,2364.16,2364.91,2364.16,2364.91,0.03,3.15,7821.92,1
2022-12-14,2022-12-14 12:19:00,2364.91,2365.67,2364.91,2365.67,0.03,3.15,7821.92,1
2022-12-14,2022-12-14 12:20:00,2365.67,2366.42,2365.67,2366.42,0.03,3.15,7821.92,1
2022-12-14,2022-12-14 12:21:00,2366.42,2367.17,2366.42,2367.17,0.03,3.15,7821.92,1
2022-12-14,2022-12-14 12:22:00,2367.17,2367.93,2367.17,2367.93,0.03,3.15,7821.92,1
2022-12-14,2022-12-14 12:23:00,2367.93,2368.68,2367.93,2368.68,0.03,3.15,7821.92,1
2022-12-14,2022-12-14 12:24:00,2368.68,2369.43,2368.68,2369.43,0.03,3.15,7821.92,1
2022-12-14,2022-12-14 12:25:00,2369.43,2370.19,2369.43,2370.19,0.03,3.15,7821.92,1
2022-12-14,2022-12-14 12:26:00,2370.19,2370.94,2370.19,2370.94,0.03,3.15,7821.92,1
2022-12-14,2022-12-14 12:27:00,2370.94,2371.69,2370.94,2371.69,0.03,3.15,7821.92,1
2022-12-14,2022-12-14 12:28:00,2371.69,2372.45,2371.69,2372.45,0.03,3.15,7821.92,1
2022-12-14,2022-12-14 12:29:00,2372.45,2373.2,2372.45,2373.2,0.03,3.15,7821.92,1
2022-12-14,2022-12-14 12:30:00,2373.2,2373.95,2373.2,2373.95,0.03,3.15,7821.92,1
2022-12-14,2022-12-14 12:31:00,2373.95,2374.71,2373.95,2374.71,0.03,3.15,7821.92,1
2022-12-14,2022-12-14 12:32:00,2374.71,2375.46,2374.71,2375.46,0.03,3.15,7821.92,1
2022-12-14,2022-12-14 12:33:00,2375.46,2376.21,2375.46,2376.21,0.03,3.15,7821.92,1
2022-12-14,2022-12-14 12:34:00,2376.21,2376.97,2376.21,2376.97,0.03,3.15,7821.92,1
2022-12-14,2022-12-14 12:35:00,2376.97,2377.72,2376.97,2377.72,0.03,3.15,7821.92,1
2022-12-14,2022-12-14 12:36:00,2377.72,2378.47,2377.72,2378.47,0.03,3.15,7821.92,1
2022-12-14,2022-12-14 12:37:00,2378.47,2379.23,2378.47,2379.23,0.03,3.15,7821.92,1
2022-12-14,2022-12-14 12:38:00,2379.23,2379.98,2379.23,2379.98,0.03,3.15,7821.92,1
2022-12-14,2022-12-14 12:39:00,2379.98,2380.73,2379.98,2380.73,0.03,3.15,7821.92,1
2022-12-14,2022-12-14 12:40:00,2380.73,2381.49,2380.73,2381.49,0.03,3.15,7821.92,1
2022-12-14,2022-12-14 12:41:00,2381.49,2382.24,2381.49,2382.24,0.03,3.15,7821.92,1
2022-12-14,2022-12-14 12:42:00,2382.24,2382.99,2382.24,2382.99,0.03,3.15,7821.92,1
2022-12-14,2022-12-14 12:43:00,2382.99,2383.75,2382.99,2383.75,0.03,3.15,7821.92,1
2022-12-14,2022-12-14 12:44:00,2383.75,2384.5,2383.75,2384.5,0.03,3.15,7821.92,1
2022-12-14,2022-12-14 12:45:00,2384.5,2385.25,2384.5,2385.25,0.03,3.15,7821.92,1
2022-12-14,2022-12-14 12:46:00,2385.25,2386.01,2385.25,2386.01,0.03,3.15,7821.92,1
2022-12-14,2022-12-14 12:47:00,2386.01,2386.76,2386.01,2386.76,0.03,3.15,7821.92,1
2022-12-14,2022-12-14 12:48:00,2386.76,2387.51,2386.76,2387.51,0.03,3.15,7821.92,1
2022-12-14,2022-12-14 12:49:00,2387.51,2388.27,2387.51,2388.27,0.03,3.15,7821.92,1
2022-12-14,2022-12-14 12:50:00,2388.27,2389.02,2388.27,2389.02,0.03,3.15,7821.92,1
2022-12-14,2022-12-14 12:51:00,2389.02,2389.77,2389.02,2389.77,0.03,3.15,7821.92,1
2022-12-14,2022-12-14 12:52:00,2389.77,2390.53,2389.77,2390.53,0.03,3.15,7821.92,1
2022-12-14,2022-12-14 12:53:00,2390.53,2391.28,2390.53,2391.28,0.03,3.15,7821.92,1
2022-12-14,2022-12-14 12:54:00,2391.28,2392.03,2391.28,2392.03,0.03,3.15,7821.92,1
2022-12-14,2022-12-14 12:55:00,2392.03,2392.79,2392.03,2392.79,0.03,3.15,7821.92,1
2022-12-14,2022-12-14 12:56:00,2392.79,2393.54,2392.79,2393.54,0.03,3.15,7821.92,1
2022-12-14,2022-12-14 12:57:00,2393.54,2394.29,2393.54,2394.29,0.03,3.15,7821.92,1
2022-12-14,2022-12-14 12:58:00,2394.29,2395.05,2394.29,2395.05,0.03,3.15,7821.92,1
2022-12-14,2022-12-14 12:59:00,2395.05,2395.8,2395.05,2395.8,0.03,3.15,7821.92,1
2022-12-14,2022-12-14 13:00:00,2395.8,2486.2,2305.4,2396.55,0.03,3.15,7821.92,1
2022-12-14,2022-12-14 13:01:00,2396.55,2397.31,2396.55,2397.31,0.03,3.15,7821.92,1
2022-12-14,2022-12-14 13:02:00,2397.31,2398.06,2397.31,2398.06,0.03,3.15,7821.92,1
2022-12-14,2022-12-14 13:03:00,2398.06,2398.81,2398.06,2398.81,0.03,3.15,7821.92,1
2022-12-14,2022-12-14 13:04:00,2398.81,2399.57,2398.81,2399.57,0.03,3.15,7821.92,1
2022-12-14,2022-12-14 13:05:00,2399.57,2400.32,2399.57,2400.32,0.03,3.15,7821.92,1
2022-12-14,2022-12-14 13:06:00,2400.32,2401.07,2400.32,2401.07,0.03,3.15,7821.92,1
2022-12-14,2022-12-14 13:07:00,2401.07,2401.83,2401.07,2401.83,0.03,3.15,7821.92,1
2022-12-14,2022-12-14 13:08:00,2401.83,2402.58,2401.83,2402.58,0.03,3.15,7821.92,1
2022-12-14,2022-12-14 13:09:00,2402.58,2403.33,2402.58,2403.33,0.03,3.15,7821.92,1
2022-12-14,2022-12-14 13:10:00,2403.33,2404.09,2403.33,2404.09,0.03,3.15,7821.92,1
2022-12-14,2022-12-14 13:11:00,2404.09,2404.84,2404.09,2404.84,0.03,3.15,7821.92,1
2022-12-14,2022-12-14 13:12:00,2404.84,2405.59,2404.84,2405.59,0.03,3.15,7821.92,1
2022-12-14,2022-12-14 13:13:00,2405.59,2406.35,2405.59,2406.35,0.03,3.15,7821.92,1
2022-12-14,2022-12-14 13:14:00,2406.35,2407.1,2406.35,2407.1,0.03,3.15,7821.92,1
2022-12-14,2022-12-14 13:15:00,2407.1,2407.85,2407.1,2407.85,0.03,3.15,7821.92,1
2022-12-14,2022-12-14 13:16:00,2407.85,2408.61,2407.85,2408.61,0.03,3.15,7821.92,1
2022-12-14,2022-12-14 13:17:00,2408.61,2409.36,2408.61,2409.36,0.03,3.15,7821.92,1
2022-12-14,2022-12-14 13:18:00,2409.36,2410.11,2409.36,2410.11,0.03,3.15,7821.92,1
2022-12-14,2022-12-14 13:19:00,2410.11,2410.87,2410.11,2410.87,0.03,3.15,7821.92,1
2022-12-14,2022-12-14 13:20:00,2410.87,2411.62,2410.87,2411.62,0.03,3.15,7821.92,1
2022-12-14,2022-12-14 13:21:00,2411.62,2412.37,2411.62,2412.37,0.03,3.15,7821.92,1
2022-12-14,2022-12-14 13:22:00,2412.37,2413.13,2412.37,2413.13,0.03,3.15,7821.92,1
2022-12-14,2022-12-14 13:23:00,2413.13,2413.88,2413.13,2413.88,0.03,3.15,7821.92,1
2022-12-14,2022-12-14 13:24:00,2413.88,2414.63,2413.88,2414.63,0.03,3.15,7821.92,1
2022-12-14,2022-12-14 13:25:00,2414.63,2415.39,2414.63,2415.39,0.03,3.15,7821.92,1
2022-12-14,2022-12-14 13:26:00,2415.39,2416.14,2415.39,2416.14,0.03,3.15,7821.92,1
2022-12-14,2022-12-14 13:27:00,2416.14,2416.89,2416.14,2416.89,0.03,3.15,7821.92,1
2022-12-14,2022-12-14 13:28:00,2416.89,2417.65,2416.89,2417.65,0.03,3.15,7821.92,1
2022-12-14,2022-12-14 13:29:00,2417.65,2418.4,2417.65,2418.4,0.03,3.15,7821.92,1
2022-12-14,2022-12-14 13:30:00,2418.4,2419.15,2418.4,2419.15,0.03,3.15,7821.92,1
2022-12-14,2022-12-14 13:31:00,2419.15,2419.91,2419.15,2419.91,0.03,3.15,7821.92,1
2022-12-14,2022-12-14 13:32:00,2419.91,2420.66,2419.91,2420.66,0.03,3.15,7821.92,1
2022-12-14,2022-12-14 13:33:00,2420.66,2421.41,2420.66,2421.41,0.03,3.15,7821.92,1
2022-12-14,2022-12-14 13:34:00,2421.41,2422.17,2421.41,2422.17,0.03,3.15,7821.92,1
2022-12-14,2022-12-14 13:35:00,2422.17,2422.92,2422.17,2422.92,0.03,3.15,7821.92,1
2022-12-14,2022-12-14 13:36:00,2422.92,2423.67,2422.92,2423.67,0.03,3.15,7821.92,1
2022-12-14,2022-12-14 13:37:00,2423.67,2424.43,2423.67,2424.43,0.03,3.15,7821.92,1
2022-12-14,2022-12-14 13:38:00,2424.43,2425.18,2424.43,2425.18,0.03,3.15,7821.92,1
2022-12-14,2022-12-14 13:39:00,2425.18,2425.93,2425.18,2425.93,0.03,3.15,7821.92,1
2022-12-14,2022-12-14 13:40:00,2425.93,2426.69,2425.93,2426.69,0.03,3.15,7821.92,1
2022-12-14,2022-12-14 13:41:00,2426.69,2427.44,2426.69,2427.44,0.03,3.15,7821.92,1
2022-12-14,2022-12-14 13:42:00,2427.44,2428.19,2427.44,2428.19,0.03,3.15,7821.92,1
2022-12-14,2022-12-14 13:43:00,2428.19,2428.95,2428.19,2428.95,0.03,3.15,7821.92,1
2022-12-14,2022-12-14 13:44:00,2428.95,2429.7,2428.95,2429.7,0.03,3.15,7821.92,1
2022-12-14,2022-12-14 13:45:00,2429.7,2430.45,2429.7,2430.45,0.03,3.15,7821.92,1
2022-12-14,2022-12-14 13:46:00,2430.45,2431.21,2430.45,2431.21,0.03,3.15,7821.92,1
2022-12-14,2022-12-14 13:47:00,2431.21,2431.96,2431.21,2431.96,0.03,3.15,7821.92,1
2022-12-14,2022-12-14 13:48:00,2431.96,2432.71,2431.96,2432.71,0.03,3.15,7821.92,1
2022-12-14,2022-12-14 13:49:00,2432.71,2433.47,2432.71,2433.47,0.03,3.15,7821.92,1
2022-12-14,2022-12-14 13:50:00,2433.47,2434.22,2433.47,2434.22,0.03,3.15,7821.92,1
2022-12-14,2022-12-14 13:51:00,2434.22,2434.97,2434.22,2434.97,0.03,3.15,7821.92,1
2022-12-14,2022-12-14 13:52:00,2434.97,2435.73,2434.97,2435.73,0.03,3.15,7821.92,1
2022-12-14,2022-12-14 13:53:00,2435.73,2436.48,2435.73,2436.48,0.03,3.15,7821.92,1
2022-12-14,2022-12-14 13:54:00,2436.48,2437.23,2436.48,2437.23,0.03,3.15,7821.92,1
2022-12-14,2022-12-14 13:55:00,2437.23,2437.99,2437.23,2437.99,0.03,3.15,7821.92,1
2022-12-14,2022-12-14 13:56:00,2437.99,2438.74,2437.99,2438.74,0.03,3.15,7821.92,1
2022-12-14,2022-12-14 13:57:00,2438.74,2439.49,2438.74,2439.49,0.03,3.15,7821.92,1
2022-12-14,2022-12-14 13:58:00,2439.49,2440.25,2439.49,2440.25,0.03,3.15,7821.92,1
2022-12-14,2022-12-14 13:59:00,2440.25,2441.0,2440.25,2441.0,0.03,3.15,7821.92,1
2022-12-14,2022-12-14 14:00:00,2441.0,2441.75,2441.0,2441.75,0.03,3.15,7821.92,1
2022-12-14,2022-12-14 14:01:00,2441.75,2442.51,2441.75,2442.51,0.03,3.15,7821.92,1
2022-12-14,2022-12-14 14:02:00,2442.51,2443.26,2442.51,2443.26,0.03,3.15,7821.92,1
2022-12-14,2022-12-14 14:03:00,2443.26,2444.01,2443.26,2444.01,0.03,3.15,7821.92,1
2022-12-14,2022-12-14 14:04:00,2444.01,2444.77,2444.01,2444.77,0.03,3.15,7821.92,1
2022-12-14,2022-12-14 14:05:00,2444.77,2445.52,2444.77,2445.52,0.03,3.15,7821.92,1
2022-12-14,2022-12-14 14:06:00,2445.52,2446.27,2445.52,2446.27,0.03,3.15,7821.92,1
2022-12-14,2022-12-14 14:07:00,2446.27,2447.03,2446.27,2447.03,0.03,3.15,7821.92,1
2022-12-14,2022-12-14 14:08:00,2447.03,2447.78,2447.03,2447.78,0.03,3.15,7821.92,1
2022-12-14,2022-12-14 14:09:00,2447.78,2448.53,2447.78,2448.53,0.03,3.15,7821.92,1
2022-12-14,2022-12-14 14:10:00,2448.53,2449.29,2448.53,2449.29,0.03,3.15,7821.92,1
2022-12-14,2022-12-14 14:11:00,2449.29,2450.04,2449.29,2450.04,0.03,3.15,7821.92,1
2022-12-14,2022-12-14 14:12:00,2450.04,2450.79,2450.04,2450.79,0.03,3.15,7821.92,1
2022-12-14,2022-12-14 14:13:00,2450.79,2451.55,2450.79,2451.55,0.03,3.15,7821.92,1
2022-12-14,2022-12-14 14:14:00,2451.55,2452.3,2451.55,2452.3,0.03,3.15,7821.92,1
2022-12-14,2022-12-14 14:15:00,2452.3,2453.05,2452.3,2453.05,0.03,3.15,7821.92,1
2022-12-14,2022-12-14 14:16:00,2453.05,2453.81,2453.05,2453.81,0.03,3.15,7821.92,1
2022-12-14,2022-12-14 14:17:00,2453.81,2454.56,2453.81,2454.56,0.03,3.15,7821.92,1
2022-12-14,2022-12-14 14:18:00,2454.56,2455.31,2454.56,2455.31,0.03,3.15,7821.92,1
2022-12-14,2022-12-14 14:19:00,2455.31,2456.07,2455.31,2456.07,0.03,3.15,7821.92,1
2022-12-14,2022-12-14 14:20:00,2456.07,2456.82,2456.07,2456.82,0.03,3.15,7821.92,1
2022-12-14,2022-12-14 14:21:00,2456.82,2457.57,2456.82,2457.57,0.03,3.15,7821.92,1
2022-12-14,2022-12-14 14:22:00,2457.57,2458.33,2457.57,2458.33,0.03,3.15,7821.92,1
2022-12-14,2022-12-14 14:23:00,2458.33,2459.08,2458.33,2459.08,0.03,3.15,7821.92,1
2022-12-14,2022-12-14 14:24:00,2459.08,2459.83,2459.08,2459.83,0.03,3.15,7821.92,1
2022-12-14,2022-12-14 14:25:00,2459.83,2460.59,2459.83,2460.59,0.03,3.15,7821.92,1
2022-12-14,2022-12-14 14:26:00,2460.59,2461.34,2460.59,2461.34,0.03,3.15,7821.92,1
2022-12-14,2022-12-14 14:27:00,2461.34,2462.09,2461.34,2462.09,0.03,3.15,7821.92,1
2022-12-14,2022-12-14 14:28:00,2462.09,2462.85,2462.09,2462.85,0.03,3.15,7821.92,1
2022-12-14,2022-12-14 14:29:00,2462.85,2463.6,2462.85,2463.6,0.03,3.15,7821.92,1
2022-12-14,2022-12-14 14:30:00,2463.6,2464.35,2463.6,2464.35,0.03,3.15,7821.92,1
2022-12-14,2022-12-14 14:31:00,2464.35,2465.11,2464.35,2465.11,0.03,3.15,7821.92,1
2022-12-14,2022-12-14 14:32:00,2465.11,2465.86,2465.11,2465.86,0.03,3.15,7821.92,1
2022-12-14,2022-12-14 14:33:00,2465.86,2466.61,2465.86,2466.61,0.03,3.15,7821.92,1
2022-12-14,2022-12-14 14:34:00,2466.61,2467.37,2466.61,2467.37,0.03,3.15,7821.92,1
2022-12-14,2022-12-14 14:35:00,2467.37,2468.12,2467.37,2468.12,0.03,3.15,7821.92,1
2022-12-14,2022-12-14 14:36:00,2468.12,2468.87,2468.12,2468.87,0.03,3.15,7821.92,1
2022-12-14,2022-12-14 14:37:00,2468.87,2469.63,2468.87,2469.63,0.03,3.15,7821.92,1
2022-12-14,2022-12-14 14:38:00,2469.63,2470.38,2469.63,2470.38,0.03,3.15,7821.92,1
2022-12-14,2022-12-14 14:39:00,2470.38,2471.13,2470.38,2471.13,0.03,3.15,7821.92,1
2022-12-14,2022-12-14 14:40:00,2471.13,2471.89,2471.13,2471.89,0.03,3.15,7821.92,1
2022-12-14,2022-12-14 14:41:00,2471.89,2472.64,2471.89,2472.64,0.03,3.15,7821.92,1
2022-12-14,2022-12-14 14:42:00,2472.64,2473.39,2472.64,2473.39,0.03,3.15,7821.92,1
2022-12-14,2022-12-14 14:43:00,2473.39,2474.15,2473.39,2474.15,0.03,3.15,7821.92,1
2022-12-14,2022-12-14 14:44:00,2474.15,2474.9,2474.15,2474.9,0.03,3.15,7821.92,1
2022-12-14,2022-12-14 14:45:00,2474.9,2475.65,2474.9,2475.65,0.03,3.15,7821.92,1
2022-12-14,2022-12-14 14:46:00,2475.65,2476.41,2475.65,2476.41,0.03,3.15,7821.92,1
2022-12-14,2022-12-14 14:47:00,2476.41,2477.16,2476.41,2477.16,0.03,3.15,7821.92,1
2022-12-14,2022-12-14 14:48:00,2477.16,2477.91,2477.16,2477.91,0.03,3.15,7821.92,1
2022-12-14,2022-12-14 14:49:00,2477.91,2478.67,2477.91,2478.67,0.03,3.15,7821.92,1
2022-12-14,2022-12-14 14:50:00,2478.67,2479.42,2478.67,2479.42,0.03,3.15,7821.92,1
2022-12-14,2022-12-14 14:51:00,2479.42,2480.17,2479.42,2480.17,0.03,3.15,7821.92,1
2022-12-14,2022-12-14 14:52:00,2480.17,2480.93,2480.17,2480.93,0.03,3.15,7821.92,1
2022-12-14,2022-12-14 14:53:00,2480.93,2481.68,2480.93,2481.68,0.03,3.15,7821.92,1
2022-12-14,2022-12-14 14:54:00,2481.68,2482.43,2481.68,2482.43,0.03,3.15,7821.92,1
2022-12-14,2022-12-14 14:55:00,2482.43,2483.19,2482.43,2483.19,0.03,3.15,7821.92,1
2022-12-14,2022-12-14 14:56:00,2483.19,2483.94,2483.19,2483.94,0.03,3.15,7821.92,1
2022-12-14,2022-12-14 14:57:00,2483.94,2484.69,2483.94,2484.69,0.03,3.15,7821.92,1
2022-12-14,2022-12-14 14:58:00,2484.69,2485.45,2484.69,2485.45,0.03,3.15,7821.92,1
2022-12-14,2022-12-14 14:59:00,2485.45,2486.2,2485.45,2486.2,0.03,3.15,7821.92,1
2022-12-14,2022-12-14 15:00:00,2486.2,2486.2,2305.4,2486.2,0.0,3.15,7821.92,0
2022-12-15,2022-12-15 11:00:00,2535.9,2595.57,2477.43,2535.35,-0.02,107.44,265535.95,-1
2022-12-15,2022-12-15 11:01:00,2535.35,2535.35,2534.81,2534.81,-0.02,107.44,265535.95,-1
2022-12-15,2022-12-15 11:02:00,2534.81,2534.81,2534.26,2534.26,-0.02,107.44,265535.95,-1
2022-12-15,2022-12-15 11:03:00,2534.26,2534.26,2533.72,2533.72,-0.02,107.44,265535.95,-1
2022-12-15,2022-12-15 11:04:00,2533.72,2533.72,2533.17,2533.17,-0.02,107.44,265535.95,-1
2022-12-15,2022-12-15 11:05:00,2533.17,2533.17,2532.63,2532.63,-0.02,107.44,265535.95,-1
2022-12-15,2022-12-15 11:06:00,2532.63,2532.63,2532.08,2532.08,-0.02,107.44,265535.95,-1
2022-12-15,2022-12-15 11:07:00,2532.08,2532.08,2531.54,2531.54,-0.02,107.44,265535.95,-1
2022-12-15,2022-12-15 11:08:00,2531.54,2531.54,2530.99,2530.99,-0.02,107.44,265535.95,-1
2022-12-15,2022-12-15 11:09:00,2530.99,2530.99,2530.45,2530.45,-0.02,107.44,265535.95,-1
2022-12-15,2022-12-15 11:10:00,2530.45,2530.45,2529.9,2529.9,-0.02,107.44,265535.95,-1
2022-12-15,2022-12-15 11:11:00,2529.9,2529.9,2529.36,2529.36,-0.02,107.44,265535.95,-1
2022-12-15,2022-12-15 11:12:00,2529.36,2529.36,2528.81,2528.81,-0.02,107.44,265535.95,-1
2022-12-15,2022-12-15 11:13:00,2528.81,2528.81,2528.26,2528.26,-0.02,107.44,265535.95,-1
2022-12-15,2022-12-15 11:14:00,2528.26,2528.26,2527.72,2527.72,-0.02,107.44,265535.95,-1
2022-12-15,2022-12-15 11:15:00,2527.72,2527.72,2527.17,2527.17,-0.02,107.44,265535.95,-1
2022-12-15,2022-12-15 11:16:00,2527.17,2527.17,2526.63,2526.63,-0.02,107.44,265535.95,-1
2022-12-15,2022-12-15 11:17:00,2526.63,2526.63,2526.08,2526.08,-0.02,107.44,265535.95,-1
2022-12-15,2022-12-15 11:18:00,2526.08,2526.08,2525.54,2525.54,-0.02,107.44,265535.95,-1
2022-12-15,2022-12-15 11:19:00,2525.54,2525.54,2524.99,2524.99,-0.02,107.44,265535.95,-1
2022-12-15,2022-12-15 11:20:00,2524.99,2524.99,2524.45,2524.45,-0.02,107.44,265535.95,-1
2022-12-15,2022-12-15 11:21:00,2524.45,2524.45,2523.9,2523.9,-0.02,107.44,265535.95,-1
2022-12-15,2022-12-15 11:22:00,2523.9,2523.9,2523.36,2523.36,-0.02,107.44,265535.95,-1
2022-12-15,2022-12-15 11:23:00,2523.36,2523.36,2522.81,2522.81,-0.02,107.44,265535.95,-1
2022-12-15,2022-12-15 11:24:00,2522.81,2522.81,2522.26,2522.26,-0.02,107.44,265535.95,-1
2022-12-15,2022-12-15 11:25:00,2522.26,2522.26,2521.72,2521.72,-0.02,107.44,265535.95,-1
2022-12-15,2022-12-15 11:26:00,2521.72,2521.72,2521.17,2521.17,-0.02,107.44,265535.95,-1
2022-12-15,2022-12-15 11:27:00,2521.17,2521.17,2520.63,2520.63,-0.02,107.44,265535.95,-1
2022-12-15,2022-12-15 11:28:00,2520.63,2520.63,2520.08,2520.08,-0.02,107.44,265535.95,-1
2022-12-15,2022-12-15 11:29:00,2520.08,2520.08,2519.54,2519.54,-0.02,107.44,265535.95,-1
2022-12-15,2022-12-15 11:30:00,2519.54,2519.54,2518.99,2518.99,-0.02,107.44,265535.95,-1
2022-12-15,2022-12-15 11:31:00,2518.99,2518.99,2518.45,2518.45,-0.02,107.44,265535.95,-1
2022-12-15,2022-12-15 11:32:00,2518.45,2518.45,2517.9,2517.9,-0.02,107.44,265535.95,-1
2022-12-15,2022-12-15 11:33:00,2517.9,2517.9,2517.36,2517.36,-0.02,107.44,265535.95,-1
2022-12-15,2022-12-15 11:34:00,2517.36,2517.36,2516.81,2516.81,-0.02,107.44,265535.95,-1
2022-12-15,2022-12-15 11:35:00,2516.81,2516.81,2516.26,2516.26,-0.02,107.44,265535.95,-1
2022-12-15,2022-12-15 11:36:00,2516.26,2516.26,2515.72,2515.72,-0.02,107.44,265535.95,-1
2022-12-15,2022-12-15 11:37:00,2515.72,2515.72,2515.17,2515.17,-0.02,107.44,265535.95,-1
2022-12-15,2022-12-15 11:38:00,2515.17,2515.17,2514.63,2514.63,-0.02,107.44,265535.95,-1
2022-12-15,2022-12-15 11:39:00,2514.63,2514.63,2514.08,2514.08,-0.02,107.44,265535.95,-1
2022-12-15,2022-12-15 11:40:00,2514.08,2514.08,2513.54,2513.54,-0.02,107.44,265535.95,-1
2022-12-15,2022-12-15 11:41:00,2513.54,2513.54,2512.99,2512.99,-0.02,107.44,265535.95,-1
2022-12-15,2022-12-15 11:42:00,2512.99,2512.99,2512.45,2512.45,-0.02,107.44,265535.95,-1
2022-12-15,2022-12-15 11:43:00,2512.45,2512.45,2511.9,2511.9,-0.02,107.44,265535.95,-1
2022-12-15,2022-12-15 11:44:00,2511.9,2511.9,2511.36,2511.36,-0.02,107.44,265535.95,-1
2022-12-15,2022-12-15 11:45:00,2511.36,2511.36,2510.81,2510.81,-0.02,107.44,265535.95,-1
2022-12-15,2022-12-15 11:46:00,2510.81,2510.81,2510.27,2510.27,-0.02,107.44,265535.95,-1
2022-12-15,2022-12-15 11:47:00,2510.27,2510.27,2509.72,2509.72,-0.02,107.44,265535.95,-1
2022-12-15,2022-12-15 11:48:00,2509.72,2509.72,2509.17,2509.17,-0.02,107.44,265535.95,-1
2022-12-15,2022-12-15 11:49:00,2509.17,2509.17,2508.63,2508.63,-0.02,107.44,265535.95,-1
2022-12-15,2022-12-15 11:50:00,2508.63,2508.63,2508.08,2508.08,-0.02,107.44,265535.95,-1
2022-12-15,2022-12-15 11:51:00,2508.08,2508.08,2507.54,2507.54,-0.02,107.44,265535.95,-1
2022-12-15,2022-12-15 11:52:00,2507.54,2507.54,2506.99,2506.99,-0.02,107.44,265535.95,-1
2022-12-15,2022-12-15 11:53:00,2506.99,2506.99,2506.45,2506.45,-0.02,107.44,265535.95,-1
2022-12-15,2022-12-15 11:54:00,2506.45,2506.45,2505.9,2505.9,-0.02,107.44,265535.95,-1
2022-12-15,2022-12-15 11:55:00,2505.9,2505.9,2505.36,2505.36,-0.02,107.44,265535.95,-1
2022-12-15,2022-12-15 11:56:00,2505.36,2505.36,2504.81,2504.81,-0.02,107.44,265535.95,-1
2022-12-15,2022-12-15 11:57:00,2504.81,2504.81,2504.27,2504.27,-0.02,107.44,265535.95,-1
2022-12-15,2022-12-15 11:58:00,2504.27,2504.27,2503.72,2503.72,-0.02,107.44,265535.95,-1
2022-12-15,2022-12-15 11:59:00,2503.72,2503.72,2503.18,2503.18,-0.02,107.44,265535.95,-1
2022-12-15,2022-12-15 12:00:00,2503.18,2503.18,2502.63,2502.63,-0.02,107.44,265535.95,-1
2022-12-15,2022-12-15 12:01:00,2502.63,2502.63,2502.08,2502.08,-0.02,107.44,265535.95,-1
2022-12-15,2022-12-15 12:02:00,2502.08,2502.08,2501.54,2501.54,-0.02,107.44,265535.95,-1
2022-12-15,2022-12-15 12:03:00,2501.54,2501.54,2500.99,2500.99,-0.02,107.44,265535.95,-1
2022-12-15,2022-12-15 12:04:00,2500.99,2500.99,2500.45,2500.45,-0.02,107.44,265535.95,-1
2022-12-15,2022-12-15 12:05:00,2500.45,2500.45,2499.9,2499.9,-0.02,107.44,265535.95,-1
2022-12-15,2022-12-15 12:06:00,2499.9,2499.9,2499.36,2499.36,-0.02,107.44,265535.95,-1
2022-12-15,2022-12-15 12:07:00,2499.36,2499.36,2498.81,2498.81,-0.02,107.44,265535.95,-1
2022-12-15,2022-12-15 12:08:00,2498.81,2498.81,2498.27,2498.27,-0.02,107.44,265535.95,-1
2022-12-15,2022-12-15 12:09:00,2498.27,2498.27,2497.72,2497.72,-0.02,107.44,265535.95,-1
2022-12-15,2022-12-15 12:10:00,2497.72,2497.72,2497.18,2497.18,-0.02,107.44,265535.95,-1
2022-12-15,2022-12-15 12:11:00,2497.18,2497.18,2496.63,2496.63,-0.02,107.44,265535.95,-1
2022-12-15,2022-12-15 12:12:00,2496.63,2496.63,2496.08,2496.08,-0.02,107.44,265535.95,-1
2022-12-15,2022-12-15 12:13:00,2496.08,2496.08,2495.54,2495.54,-0.02,107.44,265535.95,-1
2022-12-15,2022-12-15 12:14:00,2495.54,2495.54,2494.99,2494.99,-0.02,107.44,265535.95,-1
2022-12-15,2022-12-15 12:15:00,2494.99,2494.99,2494.45,2494.45,-0.02,107.44,265535.95,-1
2022-12-15,2022-12-15 12:16:00,2494.45,2494.45,2493.9,2493.9,-0.02,107.44,265535.95,-1
2022-12-15,2022-12-15 12:17:00,2493.9,2493.9,2493.36,2493.36,-0.02,107.44,265535.95,-1
2022-12-15,2022-12-15 12:18:00,2493.36,2493.36,2492.81,2492.81,-0.02,107.44,265535.95,-1
2022-12-15,2022-12-15 12:19:00,2492.81,2492.81,2492.27,2492.27,-0.02,107.44,265535.95,-1
2022-12-15,2022-12-15 12:20:00,2492.27,2492.27,2491.72,2491.72,-0.02,107.44,265535.95,-1
2022-12-15,2022-12-15 12:21:00,2491.72,2491.72,2491.18,2491.18,-0.02,107.44,265535.95,-1
2022-12-15,2022-12-15 12:22:00,2491.18,2491.18,2490.63,2490.63,-0.02,107.44,265535.95,-1
2022-12-15,2022-12-15 12:23:00,2490.63,2490.63,2490.09,2490.09,-0.02,107.44,265535.95,-1
2022-12-15,2022-12-15 12:24:00,2490.09,2490.09,2489.54,2489.54,-0.02,107.44,265535.95,-1
2022-12-15,2022-12-15 12:25:00,2489.54,2489.54,2488.99,2488.99,-0.02,107.44,265535.95,-1
2022-12-15,2022-12-15 12:26:00,2488.99,2488.99,2488.45,2488.45,-0.02,107.44,265535.95,-1
2022-12-15,2022-12-15 12:27:00,2488.45,2488.45,2487.9,2487.9,-0.02,107.44,265535.95,-1
2022-12-15,2022-12-15 12:28:00,2487.9,2487.9,2487.36,2487.36,-0.02,107.44,265535.95,-1
2022-12-15,2022-12-15 12:29:00,2487.36,2487.36,2486.81,2486.81,-0.02,107.44,265535.95,-1
2022-12-15,2022-12-15 12:30:00,2486.81,2486.81,2486.27,2486.27,-0.02,107.44,265535.95,-1
2022-12-15,2022-12-15 12:31:00,2486.27,2486.27,2485.72,2485.72,-0.02,107.44,265535.95,-1
2022-12-15,2022-12-15 12:32:00,2485.72,2485.72,2485.18,2485.18,-0.02,107.44,265535.95,-1
2022-12-15,2022-12-15 12:33:00,2485.18,2485.18,2484.63,2484.63,-0.02,107.44,265535.95,-1
2022-12-15,2022-12-15 12:34:00,2484.63,2484.63,2484.09,2484.09,-0.02,107.44,265535.95,-1
2022-12-15,2022-12-15 12:35:00,2484.09,2484.09,2483.54,2483.54,-0.02,107.44,265535.95,-1
2022-12-15,2022-12-15 12:36:00,2483.54,2483.54,2482.99,2482.99,-0.02,107.44,265535.95,-1
2022-12-15,2022-12-15 12:37:00,2482.99,2482.99,2482.45,2482.45,-0.02,107.44,265535.95,-1
2022-12-15,2022-12-15 12:38:00,2482.45,2482.45,2481.9,2481.9,-0.02,107.44,265535.95,-1
2022-12-15,2022-12-15 12:39:00,2481.9,2481.9,2481.36,2481.36,-0.02,107.44,265535.95,-1
2022-12-15,2022-12-15 12:40:00,2481.36,2481.36,2480.81,2480.81,-0.02,107.44,265535.95,-1
2022-12-15,2022-12-15 12:41:00,2480.81,2480.81,2480.27,2480.27,-0.02,107.44,265535.95,-1
2022-12-15,2022-12-15 12:42:00,2480.27,2480.27,2479.72,2479.72,-0.02,107.44,265535.95,-1
2022-12-15,2022-12-15 12:43:00,2479.72,2479.72,2479.18,2479.18,-0.02,107.44,265535.95,-1
2022-12-15,2022-12-15 12:44:00,2479.18,2479.18,2478.63,2478.63,-0.02,107.44,265535.95,-1
2022-12-15,2022-12-15 12:45:00,2478.63,2478.63,2478.09,2478.09,-0.02,107.44,265535.95,-1
2022-12-15,2022-12-15 12:46:00,2478.09,2478.09,2477.54,2477.54,-0.02,107.44,265535.95,-1
2022-12-15,2022-12-15 12:47:00,2477.54,2477.54,2476.99,2476.99,-0.02,107.44,265535.95,-1
2022-12-15,2022-12-15 12:48:00,2476.99,2476.99,2476.45,2476.45,-0.02,107.44,265535.95,-1
2022-12-15,2022-12-15 12:49:00,2476.45,2476.45,2475.9,2475.9,-0.02,107.44,265535.95,-1
2022-12-15,2022-12-15 12:50:00,2475.9,2475.9,2475.36,2475.36,-0.02,107.44,265535.95,-1
2022-12-15,2022-12-15 12:51:00,2475.36,2475.36,2474.81,2474.81,-0.02,107.44,265535.95,-1
2022-12-15,2022-12-15 12:52:00,2474.81,2474.81,2474.27,2474.27,-0.02,107.44,265535.95,-1
2022-12-15,2022-12-15 12:53:00,2474.27,2474.27,2473.72,2473.72,-0.02,107.44,265535.95,-1
2022-12-15,2022-12-15 12:54:00,2473.72,2473.72,2473.18,2473.18,-0.02,107.44,265535.95,-1
2022-12-15,2022-12-15 12:55:00,2473.18,2473.18,2472.63,2472.63,-0.02,107.44,265535.95,-1
2022-12-15,2022-12-15 12:56:00,2472.63,2472.63,2472.09,2472.09,-0.02,107.44,265535.95,-1
2022-12-15,2022-12-15 12:57:00,2472.09,2472.09,2471.54,2471.54,-0.02,107.44,265535.95,-1
2022-12-15,2022-12-15 12:58:00,2471.54,2471.54,2471.0,2471.0,-0.02,107.44,265535.95,-1
2022-12-15,2022-12-15 12:59:00,2471.0,2471.0,2470.45,2470.45,-0.02,107.44,265535.95,-1
2022-12-15,2022-12-15 13:00:00,2470.45,2734.8,2341.0,2469.9,-0.02,107.44,265535.95,-1
2022-12-15,2022-12-15 13:01:00,2469.9,2469.9,2469.36,2469.36,-0.02,107.44,265535.95,-1
2022-12-15,2022-12-15 13:02:00,2469.36,2469.36,2468.81,2468.81,-0.02,107.44,265535.95,-1
2022-12-15,2022-12-15 13:03:00,2468.81,2468.81,2468.27,2468.27,-0.02,107.44,265535.95,-1
2022-12-15,2022-12-15 13:04:00,2468.27,2468.27,2467.72,2467.72,-0.02,107.44,265535.95,-1
2022-12-15,2022-12-15 13:05:00,2467.72,2467.72,2467.18,2467.18,-0.02,107.44,265535.95,-1
2022-12-15,2022-12-15 13:06:00,2467.18,2467.18,2466.63,2466.63,-0.02,107.44,265535.95,-1
2022-12-15,2022-12-15 13:07:00,2466.63,2466.63,2466.09,2466.09,-0.02,107.44,265535.95,-1
2022-12-15,2022-12-15 13:08:00,2466.09,2466.09,2465.54,2465.54,-0.02,107.44,265535.95,-1
2022-12-15,2022-12-15 13:09:00,2465.54,2465.54,2465.0,2465.0,-0.02,107.44,265535.95,-1
2022-12-15,2022-12-15 13:10:00,2465.0,2465.0,2464.45,2464.45,-0.02,107.44,265535.95,-1
2022-12-15,2022-12-15 13:11:00,2464.45,2464.45,2463.91,2463.91,-0.02,107.44,265535.95,-1
2022-12-15,2022-12-15 13:12:00,2463.91,2463.91,2463.36,2463.36,-0.02,107.44,265535.95,-1
2022-12-15,2022-12-15 13:13:00,2463.36,2463.36,2462.81,2462.81,-0.02,107.44,265535.95,-1
2022-12-15,2022-12-15 13:14:00,2462.81,2462.81,2462.27,2462.27,-0.02,107.44,265535.95,-1
2022-12-15,2022-12-15 13:15:00,2462.27,2462.27,2461.72,2461.72,-0.02,107.44,265535.95,-1
2022-12-15,2022-12-15 13:16:00,2461.72,2461.72,2461.18,2461.18,-0.02,107.44,265535.95,-1
2022-12-15,2022-12-15 13:17:00,2461.18,2461.18,2460.63,2460.63,-0.02,107.44,265535.95,-1
2022-12-15,2022-12-15 13:18:00,2460.63,2460.63,2460.09,2460.09,-0.02,107.44,265535.95,-1
2022-12-15,2022-12-15 13:19:00,2460.09,2460.09,2459.54,2459.54,-0.02,107.44,265535.95,-1
2022-12-15,2022-12-15 13:20:00,2459.54,2459.54,2459.0,2459.0,-0.02,107.44,265535.95,-1
2022-12-15,2022-12-15 13:21:00,2459.0,2459.0,2458.45,2458.45,-0.02,107.44,265535.95,-1
2022-12-15,2022-12-15 13:22:00,2458.45,2458.45,2457.91,2457.91,-0.02,107.44,265535.95,-1
2022-12-15,2022-12-15 13:23:00,2457.91,2457.91,2457.36,2457.36,-0.02,107.44,265535.95,-1
2022-12-15,2022-12-15 13:24:00,2457.36,2457.36,2456.81,2456.81,-0.02,107.44,265535.95,-1
2022-12-15,2022-12-15 13:25:00,2456.81,2456.81,2456.27,2456.27,-0.02,107.44,265535.95,-1
2022-12-15,2022-12-15 13:26:00,2456.27,2456.27,2455.72,2455.72,-0.02,107.44,265535.95,-1
2022-12-15,2022-12-15 13:27:00,2455.72,2455.72,2455.18,2455.18,-0.02,107.44,265535.95,-1
2022-12-15,2022-12-15 13:28:00,2455.18,2455.18,2454.63,2454.63,-0.02,107.44,265535.95,-1
2022-12-15,2022-12-15 13:29:00,2454.63,2454.63,2454.09,2454.09,-0.02,107.44,265535.95,-1
2022-12-15,2022-12-15 13:30:00,2454.09,2454.09,2453.54,2453.54,-0.02,107.44,265535.95,-1
2022-12-15,2022-12-15 13:31:00,2453.54,2453.54,2453.0,2453.0,-0.02,107.44,265535.95,-1
2022-12-15,2022-12-15 13:32:00,2453.0,2453.0,2452.45,2452.45,-0.02,107.44,265535.95,-1
2022-12-15,2022-12-15 13:33:00,2452.45,2452.45,2451.91,2451.91,-0.02,107.44,265535.95,-1
2022-12-15,2022-12-15 13:34:00,2451.91,2451.91,2451.36,2451.36,-0.02,107.44,265535.95,-1
2022-12-15,2022-12-15 13:35:00,2451.36,2451.36,2450.82,2450.82,-0.02,107.44,265535.95,-1
2022-12-15,2022-12-15 13:36:00,2450.82,2450.82,2450.27,2450.27,-0.02,107.44,265535.95,-1
2022-12-15,2022-12-15 13:37:00,2450.27,2450.27,2449.72,2449.72,-0.02,107.44,265535.95,-1
2022-12-15,2022-12-15 13:38:00,2449.72,2449.72,2449.18,2449.18,-0.02,107.44,265535.95,-1
2022-12-15,2022-12-15 13:39:00,2449.18,2449.18,2448.63,2448.63,-0.02,107.44,265535.95,-1
2022-12-15,2022-12-15 13:40:00,2448.63,2448.63,2448.09,2448.09,-0.02,107.44,265535.95,-1
2022-12-15,2022-12-15 13:41:00,2448.09,2448.09,2447.54,2447.54,-0.02,107.44,265535.95,-1
2022-12-15,2022-12-15 13:42:00,2447.54,2447.54,2447.0,2447.0,-0.02,107.44,265535.95,-1
2022-12-15,2022-12-15 13:43:00,2447.0,2447.0,2446.45,2446.45,-0.02,107.44,265535.95,-1
2022-12-15,2022-12-15 13:44:00,2446.45,2446.45,2445.91,2445.91,-0.02,107.44,265535.95,-1
2022-12-15,2022-12-15 13:45:00,2445.91,2445.91,2445.36,2445.36,-0.02,107.44,265535.95,-1
2022-12-15,2022-12-15 13:46:00,2445.36,2445.36,2444.82,2444.82,-0.02,107.44,265535.95,-1
2022-12-15,2022-12-15 13:47:00,2444.82,2444.82,2444.27,2444.27,-0.02,107.44,265535.95,-1
2022-12-15,2022-12-15 13:48:00,2444.27,2444.27,2443.72,2443.72,-0.02,107.44,265535.95,-1
2022-12-15,2022-12-15 13:49:00,2443.72,2443.72,2443.18,2443.18,-0.02,107.44,265535.95,-1
2022-12-15,2022-12-15 13:50:00,2443.18,2443.18,2442.63,2442.63,-0.02,107.44,265535.95,-1
2022-12-15,2022-12-15 13:51:00,2442.63,2442.63,2442.09,2442.09,-0.02,107.44,265535.95,-1
2022-12-15,2022-12-15 13:52:00,2442.09,2442.09,2441.54,2441.54,-0.02,107.44,265535.95,-1
2022-12-15,2022-12-15 13:53:00,2441.54,2441.54,2441.0,2441.0,-0.02,107.44,265535.95,-1
2022-12-15,2022-12-15 13:54:00,2441.0,2441.0,2440.45,2440.45,-0.02,107.44,265535.95,-1
2022-12-15,2022-12-15 13:55:00,2440.45,2440.45,2439.91,2439.91,-0.02,107.44,265535.95,-1
2022-12-15,2022-12-15 13:56:00,2439.91,2439.91,2439.36,2439.36,-0.02,107.44,265535.95,-1
2022-12-15,2022-12-15 13:57:00,2439.36,2439.36,2438.82,2438.82,-0.02,107.44,265535.95,-1
2022-12-15,2022-12-15 13:58:00,2438.82,2438.82,2438.27,2438.27,-0.02,107.44,265535.95,-1
2022-12-15,2022-12-15 13:59:00,2438.27,2438.27,2437.72,2437.72,-0.02,107.44,265535.95,-1
2022-12-15,2022-12-15 14:00:00,2437.72,2437.72,2437.18,2437.18,-0.02,107.44,265535.95,-1
2022-12-15,2022-12-15 14:01:00,2437.18,2437.18,2436.63,2436.63,-0.02,107.44,265535.95,-1
2022-12-15,2022-12-15 14:02:00,2436.63,2436.63,2436.09,2436.09,-0.02,107.44,265535.95,-1
2022-12-15,2022-12-15 14:03:00,2436.09,2436.09,2435.54,2435.54,-0.02,107.44,265535.95,-1
2022-12-15,2022-12-15 14:04:00,2435.54,2435.54,2435.0,2435.0,-0.02,107.44,265535.95,-1
2022-12-15,2022-12-15 14:05:00,2435.0,2435.0,2434.45,2434.45,-0.02,107.44,265535.95,-1
2022-12-15,2022-12-15 14:06:00,2434.45,2434.45,2433.91,2433.91,-0.02,107.44,265535.95,-1
2022-12-15,2022-12-15 14:07:00,2433.91,2433.91,2433.36,2433.36,-0.02,107.44,265535.95,-1
2022-12-15,2022-12-15 14:08:00,2433.36,2433.36,2432.82,2432.82,-0.02,107.44,265535.95,-1
2022-12-15,2022-12-15 14:09:00,2432.82,2432.82,2432.27,2432.27,-0.02,107.44,265535.95,-1
2022-12-15,2022-12-15 14:10:00,2432.27,2432.27,2431.73,2431.73,-0.02,107.44,265535.95,-1
2022-12-15,2022-12-15 14:11:00,2431.73,2431.73,2431.18,2431.18,-0.02,107.44,265535.95,-1
2022-12-15,2022-12-15 14:12:00,2431.18,2431.18,2430.63,2430.63,-0.02,107.44,265535.95,-1
2022-12-15,2022-12-15 14:13:00,2430.63,2430.63,2430.09,2430.09,-0.02,107.44,265535.95,-1
2022-12-15,2022-12-15 14:14:00,2430.09,2430.09,2429.54,2429.54,-0.02,107.44,265535.95,-1
2022-12-15,2022-12-15 14:15:00,2429.54,2429.54,2429.0,2429.0,-0.02,107.44,265535.95,-1
2022-12-15,2022-12-15 14:16:00,2429.0,2429.0,2428.45,2428.45,-0.02,107.44,265535.95,-1
2022-12-15,2022-12-15 14:17:00,2428.45,2428.45,2427.91,2427.91,-0.02,107.44,265535.95,-1
2022-12-15,2022-12-15 14:18:00,2427.91,2427.91,2427.36,2427.36,-0.02,107.44,265535.95,-1
2022-12-15,2022-12-15 14:19:00,2427.36,2427.36,2426.82,2426.82,-0.02,107.44,265535.95,-1
2022-12-15,2022-12-15 14:20:00,2426.82,2426.82,2426.27,2426.27,-0.02,107.44,265535.95,-1
2022-12-15,2022-12-15 14:21:00,2426.27,2426.27,2425.73,2425.73,-0.02,107.44,265535.95,-1
2022-12-15,2022-12-15 14:22:00,2425.73,2425.73,2425.18,2425.18,-0.02,107.44,265535.95,-1
2022-12-15,2022-12-15 14:23:00,2425.18,2425.18,2424.64,2424.64,-0.02,107.44,265535.95,-1
2022-12-15,2022-12-15 14:24:00,2424.64,2424.64,2424.09,2424.09,-0.02,107.44,265535.95,-1
2022-12-15,2022-12-15 14:25:00,2424.09,2424.09,2423.54,2423.54,-0.02,107.44,265535.95,-1
2022-12-15,2022-12-15 14:26:00,2423.54,2423.54,2423.0,2423.0,-0.02,107.44,265535.95,-1
2022-12-15,2022-12-15 14:27:00,2423.0,2423.0,2422.45,2422.45,-0.02,107.44,265535.95,-1
2022-12-15,2022-12-15 14:28:00,2422.45,2422.45,2421.91,2421.91,-0.02,107.44,265535.95,-1
2022-12-15,2022-12-15 14:29:00,2421.91,2421.91,2421.36,2421.36,-0.02,107.44,265535.95,-1
2022-12-15,2022-12-15 14:30:00,2421.36,2421.36,2420.82,2420.82,-0.02,107.44,265535.95,-1
2022-12-15,2022-12-15 14:31:00,2420.82,2420.82,2420.27,2420.27,-0.02,107.44,265535.95,-1
2022-12-15,2022-12-15 14:32:00,2420.27,2420.27,2419.73,2419.73,-0.02,107.44,265535.95,-1
2022-12-15,2022-12-15 14:33:00,2419.73,2419.73,2419.18,2419.18,-0.02,107.44,265535.95,-1
2022-12-15,2022-12-15 14:34:00,2419.18,2419.18,2418.64,2418.64,-0.02,107.44,265535.95,-1
2022-12-15,2022-12-15 14:35:00,2418.64,2418.64,2418.09,2418.09,-0.02,107.44,265535.95,-1
2022-12-15,2022-12-15 14:36:00,2418.09,2418.09,2417.54,2417.54,-0.02,107.44,265535.95,-1
2022-12-15,2022-12-15 14:37:00,2417.54,2417.54,2417.0,2417.0,-0.02,107.44,265535.95,-1
2022-12-15,2022-12-15 14:38:00,2417.0,2417.0,2416.45,2416.45,-0.02,107.44,265535.95,-1
2022-12-15,2022-12-15 14:39:00,2416.45,2416.45,2415.91,2415.91,-0.02,107.44,265535.95,-1
2022-12-15,2022-12-15 14:40:00,2415.91,2415.91,2415.36,2415.36,-0.02,107.44,265535.95,-1
2022-12-15,2022-12-15 14:41:00,2415.36,2415.36,2414.82,2414.82,-0.02,107.44,265535.95,-1
2022-12-15,2022-12-15 14:42:00,2414.82,2414.82,2414.27,2414.27,-0.02,107.44,265535.95,-1
2022-12-15,2022-12-15 14:43:00,2414.27,2414.27,2413.73,2413.73,-0.02,107.44,265535.95,-1
2022-12-15,2022-12-15 14:44:00,2413.73,2413.73,2413.18,2413.18,-0.02,107.44,265535.95,-1
2022-12-15,2022-12-15 14:45:00,2413.18,2413.18,2412.64,2412.64,-0.02,107.44,265535.95,-1
2022-12-15,2022-12-15 14:46:00,2412.64,2412.64,2412.09,2412.09,-0.02,107.44,265535.95,-1
2022-12-15,2022-12-15 14:47:00,2412.09,2412.09,2411.55,2411.55,-0.02,107.44,265535.95,-1
2022-12-15,2022-12-15 14:48:00,2411.55,2411.55,2411.0,2411.0,-0.02,107.44,265535.95,-1
2022-12-15,2022-12-15 14:49:00,2411.0,2411.0,2410.45,2410.45,-0.02,107.44,265535.95,-1
2022-12-15,2022-12-15 14:50:00,2410.45,2410.45,2409.91,2409.91,-0.02,107.44,265535.95,-1
2022-12-15,2022-12-15 14:51:00,2409.91,2409.91,2409.36,2409.36,-0.02,107.44,265535.95,-1
2022-12-15,2022-12-15 14:52:00,2409.36,2409.36,2408.82,2408.82,-0.02,107.44,265535.95,-1
2022-12-15,2022-12-15 14:53:00,2408.82,2408.82,2408.27,2408.27,-0.02,107.44,265535.95,-1
2022-12-15,2022-12-15 14:54:00,2408.27,2408.27,2407.73,2407.73,-0.02,107.44,265535.95,-1
2022-12-15,2022-12-15 14:55:00,2407.73,2407.73,2407.18,2407.18,-0.02,107.44,265535.95,-1
2022-12-15,2022-12-15 14:56:00,2407.18,2407.18,2406.64,2406.64,-0.02,107.44,265535.95,-1
2022-12-15,2022-12-15 14:57:00,2406.64,2406.64,2406.09,2406.09,-0.02,107.44,265535.95,-1
2022-12-15,2022-12-15 14:58:00,2406.09,2406.09,2405.55,2405.55,-0.02,107.44,265535.95,-1
2022-12-15,2022-12-15 14:59:00,2405.55,2405.55,2405.0,2405.0,-0.02,107.44,265535.95,-1
2022-12-15,2022-12-15 15:00:00,2405.0,2734.8,2341.0,2405.0,0.0,107.44,265535.95,0
2022-12-18,2022-12-18 11:00:00,2405.0,2405.0,2384.03,2404.73,-0.01,54.65,129182.56,-1
2022-12-18,2022-12-18 11:01:00,2404.73,2404.73,2404.47,2404.47,-0.01,54.65,129182.56,-1
2022-12-18,2022-12-18 11:02:00,2404.47,2404.47,2404.2,2404.2,-0.01,54.65,129182.56,-1
2022-12-18,2022-12-18 11:03:00,2404.2,2404.2,2403.93,2403.93,-0.01,54.65,129182.56,-1
2022-12-18,2022-12-18 11:04:00,2403.93,2403.93,2403.67,2403.67,-0.01,54.65,129182.56,-1
2022-12-18,2022-12-18 11:05:00,2403.67,2403.67,2403.4,2403.4,-0.01,54.65,129182.56,-1
2022-12-18,2022-12-18 11:06:00,2403.4,2403.4,2403.13,2403.13,-0.01,54.65,129182.56,-1
2022-12-18,2022-12-18 11:07:00,2403.13,2403.13,2402.87,2402.87,-0.01,54.65,129182.56,-1
2022-12-18,2022-12-18 11:08:00,2402.87,2402.87,2402.6,2402.6,-0.01,54.65,129182.56,-1
2022-12-18,2022-12-18 11:09:00,2402.6,2402.6,2402.33,2402.33,-0.01,54.65,129182.56,-1
2022-12-18,2022-12-18 11:10:00,2402.33,2402.33,2402.07,2402.07,-0.01,54.65,129182.56,-1
2022-12-18,2022-12-18 11:11:00,2402.07,2402.07,2401.8,2401.8,-0.01,54.65,129182.56,-1
2022-12-18,2022-12-18 11:12:00,2401.8,2401.8,2401.53,2401.53,-0.01,54.65,129182.56,-1
2022-12-18,2022-12-18 11:13:00,2401.53,2401.53,2401.27,2401.27,-0.01,54.65,129182.56,-1
2022-12-18,2022-12-18 11:14:00,2401.27,2401.27,2401.0,2401.0,-0.01,54.65,129182.56,-1
2022-12-18,2022-12-18 11:15:00,2401.0,2401.0,2400.73,2400.73,-0.01,54.65,129182.56,-1
2022-12-18,2022-12-18 11:16:00,2400.73,2400.73,2400.47,2400.47,-0.01,54.65,129182.56,-1
2022-12-18,2022-12-18 11:17:00,2400.47,2400.47,2400.2,2400.2,-0.01,54.65,129182.56,-1
2022-12-18,2022-12-18 11:18:00,2400.2,2400.2,2399.93,2399.93,-0.01,54.65,129182.56,-1
2022-12-18,2022-12-18 11:19:00,2399.93,2399.93,2399.67,2399.67,-0.01,54.65,129182.56,-1
2022-12-18,2022-12-18 11:20:00,2399.67,2399.67,2399.4,2399.4,-0.01,54.65,129182.56,-1
2022-12-18,2022-12-18 11:21:00,2399.4,2399.4,2399.13,2399.13,-0.01,54.65,129182.56,-1
2022-12-18,2022-12-18 11:22:00,2399.13,2399.13,2398.87,2398.87,-0.01,54.65,129182.56,-1
2022-12-18,2022-12-18 11:23:00,2398.87,2398.87,2398.6,2398.6,-0.01,54.65,129182.56,-1
2022-12-18,2022-12-18 11:24:00,2398.6,2398.6,2398.33,2398.33,-0.01,54.65,129182.56,-1
2022-12-18,2022-12-18 11:25:00,2398.33,2398.33,2398.07,2398.07,-0.01,54.65,129182.56,-1
2022-12-18,2022-12-18 11:26:00,2398.07,2398.07,2397.8,2397.8,-0.01,54.65,129182.56,-1
2022-12-18,2022-12-18 11:27:00,2397.8,2397.8,2397.53,2397.53,-0.01,54.65,129182.56,-1
2022-12-18,2022-12-18 11:28:00,2397.53,2397.53,2397.27,2397.27,-0.01,54.65,129182.56,-1
2022-12-18,2022-12-18 11:29:00,2397.27,2397.27,2397.0,2397.0,-0.01,54.65,129182.56,-1
2022-12-18,2022-12-18 11:30:00,2397.0,2397.0,2396.73,2396.73,-0.01,54.65,129182.56,-1
2022-12-18,2022-12-18 11:31:00,2396.73,2396.73,2396.47,2396.47,-0.01,54.65,129182.56,-1
2022-12-18,2022-12-18 11:32:00,2396.47,2396.47,2396.2,2396.2,-0.01,54.65,129182.56,-1
2022-12-18,2022-12-18 11:33:00,2396.2,2396.2,2395.93,2395.93,-0.01,54.65,129182.56,-1
2022-12-18,2022-12-18 11:34:00,2395.93,2395.93,2395.67,2395.67,-0.01,54.65,129182.56,-1
2022-12-18,2022-12-18 11:35:00,2395.67,2395.67,2395.4,2395.4,-0.01,54.65,129182.56,-1
2022-12-18,2022-12-18 11:36:00,2395.4,2395.4,2395.13,2395.13,-0.01,54.65,129182.56,-1
2022-12-18,2022-12-18 11:37:00,2395.13,2395.13,2394.87,2394.87,-0.01,54.65,129182.56,-1
2022-12-18,2022-12-18 11:38:00,2394.87,2394.87,2394.6,2394.6,-0.01,54.65,129182.56,-1
2022-12-18,2022-12-18 11:39:00,2394.6,2394.6,2394.33,2394.33,-0.01,54.65,129182.56,-1
2022-12-18,2022-12-18 11:40:00,2394.33,2394.33,2394.07,2394.07,-0.01,54.65,129182.56,-1
2022-12-18,2022-12-18 11:41:00,2394.07,2394.07,2393.8,2393.8,-0.01,54.65,129182.56,-1
2022-12-18,2022-12-18 11:42:00,2393.8,2393.8,2393.53,2393.53,-0.01,54.65,129182.56,-1
2022-12-18,2022-12-18 11:43:00,2393.53,2393.53,2393.27,2393.27,-0.01,54.65,129182.56,-1
2022-12-18,2022-12-18 11:44:00,2393.27,2393.27,2393.0,2393.0,-0.01,54.65,129182.56,-1
2022-12-18,2022-12-18 11:45:00,2393.0,2393.0,2392.73,2392.73,-0.01,54.65,129182.56,-1
2022-12-18,2022-12-18 11:46:00,2392.73,2392.73,2392.47,2392.47,-0.01,54.65,129182.56,-1
2022-12-18,2022-12-18 11:47:00,2392.47,2392.47,2392.2,2392.2,-0.01,54.65,129182.56,-1
2022-12-18,2022-12-18 11:48:00,2392.2,2392.2,2391.93,2391.93,-0.01,54.65,129182.56,-1
2022-12-18,2022-12-18 11:49:00,2391.93,2391.93,2391.67,2391.67,-0.01,54.65,129182.56,-1
2022-12-18,2022-12-18 11:50:00,2391.67,2391.67,2391.4,2391.4,-0.01,54.65,129182.56,-1
2022-12-18,2022-12-18 11:51:00,2391.4,2391.4,2391.13,2391.13,-0.01,54.65,129182.56,-1
2022-12-18,2022-12-18 11:52:00,2391.13,2391.13,2390.87,2390.87,-0.01,54.65,129182.56,-1
2022-12-18,2022-12-18 11:53:00,2390.87,2390.87,2390.6,2390.6,-0.01,54.65,129182.56,-1
2022-12-18,2022-12-18 11:54:00,2390.6,2390.6,2390.33,2390.33,-0.01,54.65,129182.56,-1
2022-12-18,2022-12-18 11:55:00,2390.33,2390.33,2390.07,2390.07,-0.01,54.65,129182.56,-1
2022-12-18,2022-12-18 11:56:00,2390.07,2390.07,2389.8,2389.8,-0.01,54.65,129182.56,-1
2022-12-18,2022-12-18 11:57:00,2389.8,2389.8,2389.53,2389.53,-0.01,54.65,129182.56,-1
2022-12-18,2022-12-18 11:58:00,2389.53,2389.53,2389.27,2389.27,-0.01,54.65,129182.56,-1
2022-12-18,2022-12-18 11:59:00,2389.27,2389.27,2389.0,2389.0,-0.01,54.65,129182.56,-1
2022-12-18,2022-12-18 12:00:00,2389.0,2389.0,2388.73,2388.73,-0.01,54.65,129182.56,-1
2022-12-18,2022-12-18 12:01:00,2388.73,2388.73,2388.47,2388.47,-0.01,54.65,129182.56,-1
2022-12-18,2022-12-18 12:02:00,2388.47,2388.47,2388.2,2388.2,-0.01,54.65,129182.56,-1
2022-12-18,2022-12-18 12:03:00,2388.2,2388.2,2387.93,2387.93,-0.01,54.65,129182.56,-1
2022-12-18,2022-12-18 12:04:00,2387.93,2387.93,2387.67,2387.67,-0.01,54.65,129182.56,-1
2022-12-18,2022-12-18 12:05:00,2387.67,2387.67,2387.4,2387.4,-0.01,54.65,129182.56,-1
2022-12-18,2022-12-18 12:06:00,2387.4,2387.4,2387.13,2387.13,-0.01,54.65,129182.56,-1
2022-12-18,2022-12-18 12:07:00,2387.13,2387.13,2386.87,2386.87,-0.01,54.65,129182.56,-1
2022-12-18,2022-12-18 12:08:00,2386.87,2386.87,2386.6,2386.6,-0.01,54.65,129182.56,-1
2022-12-18,2022-12-18 12:09:00,2386.6,2386.6,2386.33,2386.33,-0.01,54.65,129182.56,-1
2022-12-18,2022-12-18 12:10:00,2386.33,2386.33,2386.07,2386.07,-0.01,54.65,129182.56,-1
2022-12-18,2022-12-18 12:11:00,2386.07,2386.07,2385.8,2385.8,-0.01,54.65,129182.56,-1
2022-12-18,2022-12-18 12:12:00,2385.8,2385.8,2385.53,2385.53,-0.01,54.65,129182.56,-1
2022-12-18,2022-12-18 12:13:00,2385.53,2385.53,2385.27,2385.27,-0.01,54.65,129182.56,-1
2022-12-18,2022-12-18 12:14:00,2385.27,2385.27,2385.0,2385.0,-0.01,54.65,129182.56,-1
2022-12-18,2022-12-18 12:15:00,2385.0,2385.0,2384.73,2384.73,-0.01,54.65,129182.56,-1
2022-12-18,2022-12-18 12:16:00,2384.73,2384.73,2384.47,2384.47,-0.01,54.65,129182.56,-1
2022-12-18,2022-12-18 12:17:00,2384.47,2384.47,2384.2,2384.2,-0.01,54.65,129182.56,-1
2022-12-18,2022-12-18 12:18:00,2384.2,2384.2,2383.93,2383.93,-0.01,54.65,129182.56,-1
2022-12-18,2022-12-18 12:19:00,2383.93,2383.93,2383.67,2383.67,-0.01,54.65,129182.56,-1
2022-12-18,2022-12-18 12:20:00,2383.67,2383.67,2383.4,2383.4,-0.01,54.65,129182.56,-1
2022-12-18,2022-12-18 12:21:00,2383.4,2383.4,2383.13,2383.13,-0.01,54.65,129182.56,-1
2022-12-18,2022-12-18 12:22:00,2383.13,2383.13,2382.87,2382.87,-0.01,54.65,129182.56,-1
2022-12-18,2022-12-18 12:23:00,2382.87,2382.87,2382.6,2382.6,-0.01,54.65,129182.56,-1
2022-12-18,2022-12-18 12:24:00,2382.6,2382.6,2382.33,2382.33,-0.01,54.65,129182.56,-1
2022-12-18,2022-12-18 12:25:00,2382.33,2382.33,2382.07,2382.07,-0.01,54.65,129182.56,-1
2022-12-18,2022-12-18 12:26:00,2382.07,2382.07,2381.8,2381.8,-0.01,54.65,129182.56,-1
2022-12-18,2022-12-18 12:27:00,2381.8,2381.8,2381.53,2381.53,-0.01,54.65,129182.56,-1
2022-12-18,2022-12-18 12:28:00,2381.53,2381.53,2381.27,2381.27,-0.01,54.65,129182.56,-1
2022-12-18,2022-12-18 12:29:00,2381.27,2381.27,2381.0,2381.0,-0.01,54.65,129182.56,-1
2022-12-18,2022-12-18 12:30:00,2381.0,2381.0,2380.73,2380.73,-0.01,54.65,129182.56,-1
2022-12-18,2022-12-18 12:31:00,2380.73,2380.73,2380.47,2380.47,-0.01,54.65,129182.56,-1
2022-12-18,2022-12-18 12:32:00,2380.47,2380.47,2380.2,2380.2,-0.01,54.65,129182.56,-1
2022-12-18,2022-12-18 12:33:00,2380.2,2380.2,2379.93,2379.93,-0.01,54.65,129182.56,-1
2022-12-18,2022-12-18 12:34:00,2379.93,2379.93,2379.67,2379.67,-0.01,54.65,129182.56,-1
2022-12-18,2022-12-18 12:35:00,2379.67,2379.67,2379.4,2379.4,-0.01,54.65,129182.56,-1
2022-12-18,2022-12-18 12:36:00,2379.4,2379.4,2379.13,2379.13,-0.01,54.65,129182.56,-1
2022-12-18,2022-12-18 12:37:00,2379.13,2379.13,2378.87,2378.87,-0.01,54.65,129182.56,-1
2022-12-18,2022-12-18 12:38:00,2378.87,2378.87,2378.6,2378.6,-0.01,54.65,129182.56,-1
2022-12-18,2022-12-18 12:39:00,2378.6,2378.6,2378.33,2378.33,-0.01,54.65,129182.56,-1
2022-12-18,2022-12-18 12:40:00,2378.33,2378.33,2378.07,2378.07,-0.01,54.65,129182.56,-1
2022-12-18,2022-12-18 12:41:00,2378.07,2378.07,2377.8,2377.8,-0.01,54.65,129182.56,-1
2022-12-18,2022-12-18 12:42:00,2377.8,2377.8,2377.53,2377.53,-0.01,54.65,129182.56,-1
2022-12-18,2022-12-18 12:43:00,2377.53,2377.53,2377.27,2377.27,-0.01,54.65,129182.56,-1
2022-12-18,2022-12-18 12:44:00,2377.27,2377.27,2377.0,2377.0,-0.01,54.65,129182.56,-1
2022-12-18,2022-12-18 12:45:00,2377.0,2377.0,2376.73,2376.73,-0.01,54.65,129182.56,-1
2022-12-18,2022-12-18 12:46:00,2376.73,2376.73,2376.47,2376.47,-0.01,54.65,129182.56,-1
2022-12-18,2022-12-18 12:47:00,2376.47,2376.47,2376.2,2376.2,-0.01,54.65,129182.56,-1
2022-12-18,2022-12-18 12:48:00,2376.2,2376.2,2375.93,2375.93,-0.01,54.65,129182.56,-1
2022-12-18,2022-12-18 12:49:00,2375.93,2375.93,2375.67,2375.67,-0.01,54.65,129182.56,-1
2022-12-18,2022-12-18 12:50:00,2375.67,2375.67,2375.4,2375.4,-0.01,54.65,129182.56,-1
2022-12-18,2022-12-18 12:51:00,2375.4,2375.4,2375.13,2375.13,-0.01,54.65,129182.56,-1
2022-12-18,2022-12-18 12:52:00,2375.13,2375.13,2374.87,2374.87,-0.01,54.65,129182.56,-1
2022-12-18,2022-12-18 12:53:00,2374.87,2374.87,2374.6,2374.6,-0.01,54.65,129182.56,-1
2022-12-18,2022-12-18 12:54:00,2374.6,2374.6,2374.33,2374.33,-0.01,54.65,129182.56,-1
2022-12-18,2022-12-18 12:55:00,2374.33,2374.33,2374.07,2374.07,-0.01,54.65,129182.56,-1
2022-12-18,2022-12-18 12:56:00,2374.07,2374.07,2373.8,2373.8,-0.01,54.65,129182.56,-1
2022-12-18,2022-12-18 12:57:00,2373.8,2373.8,2373.53,2373.53,-0.01,54.65,129182.56,-1
2022-12-18,2022-12-18 12:58:00,2373.53,2373.53,2373.27,2373.27,-0.01,54.65,129182.56,-1
2022-12-18,2022-12-18 12:59:00,2373.27,2373.27,2373.0,2373.0,-0.01,54.65,129182.56,-1
2022-12-18,2022-12-18 13:00:00,2373.0,2405.0,2335.1,2372.73,-0.01,54.65,129182.56,-1
2022-12-18,2022-12-18 13:01:00,2372.73,2372.73,2372.47,2372.47,-0.01,54.65,129182.56,-1
2022-12-18,2022-12-18 13:02:00,2372.47,2372.47,2372.2,2372.2,-0.01,54.65,129182.56,-1
2022-12-18,2022-12-18 13:03:00,2372.2,2372.2,2371.93,2371.93,-0.01,54.65,129182.56,-1
2022-12-18,2022-12-18 13:04:00,2371.93,2371.93,2371.67,2371.67,-0.01,54.65,129182.56,-1
2022-12-18,2022-12-18 13:05:00,2371.67,2371.67,2371.4,2371.4,-0.01,54.65,129182.56,-1
2022-12-18,2022-12-18 13:06:00,2371.4,2371.4,2371.13,2371.13,-0.01,54.65,129182.56,-1
2022-12-18,2022-12-18 13:07:00,2371.13,2371.13,2370.87,2370.87,-0.01,54.65,129182.56,-1
2022-12-18,2022-12-18 13:08:00,2370.87,2370.87,2370.6,2370.6,-0.01,54.65,129182.56,-1
2022-12-18,2022-12-18 13:09:00,2370.6,2370.6,2370.33,2370.33,-0.01,54.65,129182.56,-1
2022-12-18,2022-12-18 13:10:00,2370.33,2370.33,2370.07,2370.07,-0.01,54.65,129182.56,-1
2022-12-18,2022-12-18 13:11:00,2370.07,2370.07,2369.8,2369.8,-0.01,54.65,129182.56,-1
2022-12-18,2022-12-18 13:12:00,2369.8,2369.8,2369.53,2369.53,-0.01,54.65,129182.56,-1
2022-12-18,2022-12-18 13:13:00,2369.53,2369.53,2369.27,2369.27,-0.01,54.65,129182.56,-1
2022-12-18,2022-12-18 13:14:00,2369.27,2369.27,2369.0,2369.0,-0.01,54.65,129182.56,-1
2022-12-18,2022-12-18 13:15:00,2369.0,2369.0,2368.73,2368.73,-0.01,54.65,129182.56,-1
2022-12-18,2022-12-18 13:16:00,2368.73,2368.73,2368.47,2368.47,-0.01,54.65,129182.56,-1
2022-12-18,2022-12-18 13:17:00,2368.47,2368.47,2368.2,2368.2,-0.01,54.65,129182.56,-1
2022-12-18,2022-12-18 13:18:00,2368.2,2368.2,2367.93,2367.93,-0.01,54.65,129182.56,-1
2022-12-18,2022-12-18 13:19:00,2367.93,2367.93,2367.67,2367.67,-0.01,54.65,129182.56,-1
2022-12-18,2022-12-18 13:20:00,2367.67,2367.67,2367.4,2367.4,-0.01,54.65,129182.56,-1
2022-12-18,2022-12-18 13:21:00,2367.4,2367.4,2367.13,2367.13,-0.01,54.65,129182.56,-1
2022-12-18,2022-12-18 13:22:00,2367.13,2367.13,2366.87,2366.87,-0.01,54.65,129182.56,-1
2022-12-18,2022-12-18 13:23:00,2366.87,2366.87,2366.6,2366.6,-0.01,54.65,129182.56,-1
2022-12-18,2022-12-18 13:24:00,2366.6,2366.6,2366.33,2366.33,-0.01,54.65,129182.56,-1
2022-12-18,2022-12-18 13:25:00,2366.33,2366.33,2366.07,2366.07,-0.01,54.65,129182.56,-1
2022-12-18,2022-12-18 13:26:00,2366.07,2366.07,2365.8,2365.8,-0.01,54.65,129182.56,-1
2022-12-18,2022-12-18 13:27:00,2365.8,2365.8,2365.53,2365.53,-0.01,54.65,129182.56,-1
2022-12-18,2022-12-18 13:28:00,2365.53,2365.53,2365.27,2365.27,-0.01,54.65,129182.56,-1
2022-12-18,2022-12-18 13:29:00,2365.27,2365.27,2365.0,2365.0,-0.01,54.65,129182.56,-1
2022-12-18,2022-12-18 13:30:00,2365.0,2365.0,2364.73,2364.73,-0.01,54.65,129182.56,-1
2022-12-18,2022-12-18 13:31:00,2364.73,2364.73,2364.47,2364.47,-0.01,54.65,129182.56,-1
2022-12-18,2022-12-18 13:32:00,2364.47,2364.47,2364.2,2364.2,-0.01,54.65,129182.56,-1
2022-12-18,2022-12-18 13:33:00,2364.2,2364.2,2363.93,2363.93,-0.01,54.65,129182.56,-1
2022-12-18,2022-12-18 13:34:00,2363.93,2363.93,2363.67,2363.67,-0.01,54.65,129182.56,-1
2022-12-18,2022-12-18 13:35:00,2363.67,2363.67,2363.4,2363.4,-0.01,54.65,129182.56,-1
2022-12-18,2022-12-18 13:36:00,2363.4,2363.4,2363.13,2363.13,-0.01,54.65,129182.56,-1
2022-12-18,2022-12-18 13:37:00,2363.13,2363.13,2362.87,2362.87,-0.01,54.65,129182.56,-1
2022-12-18,2022-12-18 13:38:00,2362.87,2362.87,2362.6,2362.6,-0.01,54.65,129182.56,-1
2022-12-18,2022-12-18 13:39:00,2362.6,2362.6,2362.33,2362.33,-0.01,54.65,129182.56,-1
2022-12-18,2022-12-18 13:40:00,2362.33,2362.33,2362.07,2362.07,-0.01,54.65,129182.56,-1
2022-12-18,2022-12-18 13:41:00,2362.07,2362.07,2361.8,2361.8,-0.01,54.65,129182.56,-1
2022-12-18,2022-12-18 13:42:00,2361.8,2361.8,2361.53,2361.53,-0.01,54.65,129182.56,-1
2022-12-18,2022-12-18 13:43:00,2361.53,2361.53,2361.27,2361.27,-0.01,54.65,129182.56,-1
2022-12-18,2022-12-18 13:44:00,2361.27,2361.27,2361.0,2361.0,-0.01,54.65,129182.56,-1
2022-12-18,2022-12-18 13:45:00,2361.0,2361.0,2360.73,2360.73,-0.01,54.65,129182.56,-1
2022-12-18,2022-12-18 13:46:00,2360.73,2360.73,2360.47,2360.47,-0.01,54.65,129182.56,-1
2022-12-18,2022-12-18 13:47:00,2360.47,2360.47,2360.2,2360.2,-0.01,54.65,129182.56,-1
2022-12-18,2022-12-18 13:48:00,2360.2,2360.2,2359.93,2359.93,-0.01,54.65,129182.56,-1
2022-12-18,2022-12-18 13:49:00,2359.93,2359.93,2359.67,2359.67,-0.01,54.65,129182.56,-1
2022-12-18,2022-12-18 13:50:00,2359.67,2359.67,2359.4,2359.4,-0.01,54.65,129182.56,-1
2022-12-18,2022-12-18 13:51:00,2359.4,2359.4,2359.13,2359.13,-0.01,54.65,129182.56,-1
2022-12-18,2022-12-18 13:52:00,2359.13,2359.13,2358.87,2358.87,-0.01,54.65,129182.56,-1
2022-12-18,2022-12-18 13:53:00,2358.87,2358.87,2358.6,2358.6,-0.01,54.65,129182.56,-1
2022-12-18,2022-12-18 13:54:00,2358.6,2358.6,2358.33,2358.33,-0.01,54.65,129182.56,-1
2022-12-18,2022-12-18 13:55:00,2358.33,2358.33,2358.07,2358.07,-0.01,54.65,129182.56,-1
2022-12-18,2022-12-18 13:56:00,2358.07,2358.07,2357.8,2357.8,-0.01,54.65,129182.56,-1
2022-12-18,2022-12-18 13:57:00,2357.8,2357.8,2357.53,2357.53,-0.01,54.65,129182.56,-1
2022-12-18,2022-12-18 13:58:00,2357.53,2357.53,2357.27,2357.27,-0.01,54.65,129182.56,-1
2022-12-18,2022-12-18 13:59:00,2357.27,2357.27,2357.0,2357.0,-0.01,54.65,129182.56,-1
2022-12-18,2022-12-18 14:00:00,2357.0,2357.0,2356.73,2356.73,-0.01,54.65,129182.56,-1
2022-12-18,2022-12-18 14:01:00,2356.73,2356.73,2356.47,2356.47,-0.01,54.65,129182.56,-1
2022-12-18,2022-12-18 14:02:00,2356.47,2356.47,2356.2,2356.2,-0.01,54.65,129182.56,-1
2022-12-18,2022-12-18 14:03:00,2356.2,2356.2,2355.93,2355.93,-0.01,54.65,129182.56,-1
2022-12-18,2022-12-18 14:04:00,2355.93,2355.93,2355.67,2355.67,-0.01,54.65,129182.56,-1
2022-12-18,2022-12-18 14:05:00,2355.67,2355.67,2355.4,2355.4,-0.01,54.65,129182.56,-1
2022-12-18,2022-12-18 14:06:00,2355.4,2355.4,2355.13,2355.13,-0.01,54.65,129182.56,-1
2022-12-18,2022-12-18 14:07:00,2355.13,2355.13,2354.87,2354.87,-0.01,54.65,129182.56,-1
2022-12-18,2022-12-18 14:08:00,2354.87,2354.87,2354.6,2354.6,-0.01,54.65,129182.56,-1
2022-12-18,2022-12-18 14:09:00,2354.6,2354.6,2354.33,2354.33,-0.01,54.65,129182.56,-1
2022-12-18,2022-12-18 14:10:00,2354.33,2354.33,2354.07,2354.07,-0.01,54.65,129182.56,-1
2022-12-18,2022-12-18 14:11:00,2354.07,2354.07,2353.8,2353.8,-0.01,54.65,129182.56,-1
2022-12-18,2022-12-18 14:12:00,2353.8,2353.8,2353.53,2353.53,-0.01,54.65,129182.56,-1
2022-12-18,2022-12-18 14:13:00,2353.53,2353.53,2353.27,2353.27,-0.01,54.65,129182.56,-1
2022-12-18,2022-12-18 14:14:00,2353.27,2353.27,2353.0,2353.0,-0.01,54.65,129182.56,-1
2022-12-18,2022-12-18 14:15:00,2353.0,2353.0,2352.73,2352.73,-0.01,54.65,129182.56,-1
2022-12-18,2022-12-18 14:16:00,2352.73,2352.73,2352.47,2352.47,-0.01,54.65,129182.56,-1
2022-12-18,2022-12-18 14:17:00,2352.47,2352.47,2352.2,2352.2,-0.01,54.65,129182.56,-1
2022-12-18,2022-12-18 14:18:00,2352.2,2352.2,2351.93,2351.93,-0.01,54.65,129182.56,-1
2022-12-18,2022-12-18 14:19:00,2351.93,2351.93,2351.67,2351.67,-0.01,54.65,129182.56,-1
2022-12-18,2022-12-18 14:20:00,2351.67,2351.67,2351.4,2351.4,-0.01,54.65,129182.56,-1
2022-12-18,2022-12-18 14:21:00,2351.4,2351.4,2351.13,2351.13,-0.01,54.65,129182.56,-1
2022-12-18,2022-12-18 14:22:00,2351.13,2351.13,2350.87,2350.87,-0.01,54.65,129182.56,-1
2022-12-18,2022-12-18 14:23:00,2350.87,2350.87,2350.6,2350.6,-0.01,54.65,129182.56,-1
2022-12-18,2022-12-18 14:24:00,2350.6,2350.6,2350.33,2350.33,-0.01,54.65,129182.56,-1
2022-12-18,2022-12-18 14:25:00,2350.33,2350.33,2350.07,2350.07,-0.01,54.65,129182.56,-1
2022-12-18,2022-12-18 14:26:00,2350.07,2350.07,2349.8,2349.8,-0.01,54.65,129182.56,-1
2022-12-18,2022-12-18 14:27:00,2349.8,2349.8,2349.53,2349.53,-0.01,54.65,129182.56,-1
2022-12-18,2022-12-18 14:28:00,2349.53,2349.53,2349.27,2349.27,-0.01,54.65,129182.56,-1
2022-12-18,2022-12-18 14:29:00,2349.27,2349.27,2349.0,2349.0,-0.01,54.65,129182.56,-1
2022-12-18,2022-12-18 14:30:00,2349.0,2349.0,2348.73,2348.73,-0.01,54.65,129182.56,-1
2022-12-18,2022-12-18 14:31:00,2348.73,2348.73,2348.47,2348.47,-0.01,54.65,129182.56,-1
2022-12-18,2022-12-18 14:32:00,2348.47,2348.47,2348.2,2348.2,-0.01,54.65,129182.56,-1
2022-12-18,2022-12-18 14:33:00,2348.2,2348.2,2347.93,2347.93,-0.01,54.65,129182.56,-1
2022-12-18,2022-12-18 14:34:00,2347.93,2347.93,2347.67,2347.67,-0.01,54.65,129182.56,-1
2022-12-18,2022-12-18 14:35:00,2347.67,2347.67,2347.4,2347.4,-0.01,54.65,129182.56,-1
2022-12-18,2022-12-18 14:36:00,2347.4,2347.4,2347.13,2347.13,-0.01,54.65,129182.56,-1
2022-12-18,2022-12-18 14:37:00,2347.13,2347.13,2346.87,2346.87,-0.01,54.65,129182.56,-1
2022-12-18,2022-12-18 14:38:00,2346.87,2346.87,2346.6,2346.6,-0.01,54.65,129182.56,-1
2022-12-18,2022-12-18 14:39:00,2346.6,2346.6,2346.33,2346.33,-0.01,54.65,129182.56,-1
2022-12-18,2022-12-18 14:40:00,2346.33,2346.33,2346.07,2346.07,-0.01,54.65,129182.56,-1
2022-12-18,2022-12-18 14:41:00,2346.07,2346.07,2345.8,2345.8,-0.01,54.65,129182.56,-1
2022-12-18,2022-12-18 14:42:00,2345.8,2345.8,2345.53,2345.53,-0.01,54.65,129182.56,-1
2022-12-18,2022-12-18 14:43:00,2345.53,2345.53,2345.27,2345.27,-0.01,54.65,129182.56,-1
2022-12-18,2022-12-18 14:44:00,2345.27,2345.27,2345.0,2345.0,-0.01,54.65,129182.56,-1
2022-12-18,2022-12-18 14:45:00,2345.0,2345.0,2344.73,2344.73,-0.01,54.65,129182.56,-1
2022-12-18,2022-12-18 14:46:00,2344.73,2344.73,2344.47,2344.47,-0.01,54.65,129182.56,-1
2022-12-18,2022-12-18 14:47:00,2344.47,2344.47,2344.2,2344.2,-0.01,54.65,129182.56,-1
2022-12-18,2022-12-18 14:48:00,2344.2,2344.2,2343.93,2343.93,-0.01,54.65,129182.56,-1
2022-12-18,2022-12-18 14:49:00,2343.93,2343.93,2343.67,2343.67,-0.01,54.65,129182.56,-1
2022-12-18,2022-12-18 14:50:00,2343.67,2343.67,2343.4,2343.4,-0.01,54.65,129182.56,-1
2022-12-18,2022-12-18 14:51:00,2343.4,2343.4,2343.13,2343.13,-0.01,54.65,129182.56,-1
2022-12-18,2022-12-18 14:52:00,2343.13,2343.13,2342.87,2342.87,-0.01,54.65,129182.56,-1
2022-12-18,2022-12-18 14:53:00,2342.87,2342.87,2342.6,2342.6,-0.01,54.65,129182.56,-1
2022-12-18,2022-12-18 14:54:00,2342.6,2342.6,2342.33,2342.33,-0.01,54.65,129182.56,-1
2022-12-18,2022-12-18 14:55:00,2342.33,2342.33,2342.07,2342.07,-0.01,54.65,129182.56,-1
2022-12-18,2022-12-18 14:56:00,2342.07,2342.07,2341.8,2341.8,-0.01,54.65,129182.56,-1
2022-12-18,2022-12-18 14:57:00,2341.8,2341.8,2341.53,2341.53,-0.01,54.65,129182.56,-1
2022-12-18,2022-12-18 14:58:00,2341.53,2341.53,2341.27,2341.27,-0.01,54.65,129182.56,-1
2022-12-18,2022-12-18 14:59:00,2341.27,2341.27,2341.0,2341.0,-0.01,54.65,129182.56,-1
2022-12-18,2022-12-18 15:00:00,2341.0,2405.0,2335.1,2341.0,0.0,54.65,129182.56,0
2022-12-19,2022-12-19 11:00:00,2341.0,2394.7,2334.1,2341.58,0.02,22.24,52901.86,1
2022-12-19,2022-12-19 11:01:00,2341.58,2342.17,2341.58,2342.17,0.03,22.24,52901.86,1
2022-12-19,2022-12-19 11:02:00,2342.17,2342.75,2342.17,2342.75,0.02,22.24,52901.86,1
2022-12-19,2022-12-19 11:03:00,2342.75,2343.33,2342.75,2343.33,0.02,22.24,52901.86,1
2022-12-19,2022-12-19 11:04:00,2343.33,2343.92,2343.33,2343.92,0.03,22.24,52901.86,1
2022-12-19,2022-12-19 11:05:00,2343.92,2344.5,2343.92,2344.5,0.02,22.24,52901.86,1
2022-12-19,2022-12-19 11:06:00,2344.5,2345.08,2344.5,2345.08,0.02,22.24,52901.86,1
2022-12-19,2022-12-19 11:07:00,2345.08,2345.67,2345.08,2345.67,0.03,22.24,52901.86,1
2022-12-19,2022-12-19 11:08:00,2345.67,2346.25,2345.67,2346.25,0.02,22.24,52901.86,1
2022-12-19,2022-12-19 11:09:00,2346.25,2346.83,2346.25,2346.83,0.02,22.24,52901.86,1
2022-12-19,2022-12-19 11:10:00,2346.83,2347.42,2346.83,2347.42,0.03,22.24,52901.86,1
2022-12-19,2022-12-19 11:11:00,2347.42,2348.0,2347.42,2348.0,0.02,22.24,52901.86,1
2022-12-19,2022-12-19 11:12:00,2348.0,2348.58,2348.0,2348.58,0.02,22.24,52901.86,1
2022-12-19,2022-12-19 11:13:00,2348.58,2349.17,2348.58,2349.17,0.03,22.24,52901.86,1
2022-12-19,2022-12-19 11:14:00,2349.17,2349.75,2349.17,2349.75,0.02,22.24,52901.86,1
2022-12-19,2022-12-19 11:15:00,2349.75,2350.33,2349.75,2350.33,0.02,22.24,52901.86,1
2022-12-19,2022-12-19 11:16:00,2350.33,2350.92,2350.33,2350.92,0.03,22.24,52901.86,1
2022-12-19,2022-12-19 11:17:00,2350.92,2351.5,2350.92,2351.5,0.02,22.24,52901.86,1
2022-12-19,2022-12-19 11:18:00,2351.5,2352.08,2351.5,2352.08,0.02,22.24,52901.86,1
2022-12-19,2022-12-19 11:19:00,2352.08,2352.67,2352.08,2352.67,0.03,22.24,52901.86,1
2022-12-19,2022-12-19 11:20:00,2352.67,2353.25,2352.67,2353.25,0.02,22.24,52901.86,1
2022-12-19,2022-12-19 11:21:00,2353.25,2353.83,2353.25,2353.83,0.02,22.24,52901.86,1
2022-12-19,2022-12-19 11:22:00,2353.83,2354.42,2353.83,2354.42,0.03,22.24,52901.86,1
2022-12-19,2022-12-19 11:23:00,2354.42,2355.0,2354.42,2355.0,0.02,22.24,52901.86,1
2022-12-19,2022-12-19 11:24:00,2355.0,2355.58,2355.0,2355.58,0.02,22.24,52901.86,1
2022-12-19,2022-12-19 11:25:00,2355.58,2356.17,2355.58,2356.17,0.03,22.24,52901.86,1
2022-12-19,2022-12-19 11:26:00,2356.17,2356.75,2356.17,2356.75,0.02,22.24,52901.86,1
2022-12-19,2022-12-19 11:27:00,2356.75,2357.33,2356.75,2357.33,0.02,22.24,52901.86,1
2022-12-19,2022-12-19 11:28:00,2357.33,2357.92,2357.33,2357.92,0.03,22.24,52901.86,1
2022-12-19,2022-12-19 11:29:00,2357.92,2358.5,2357.92,2358.5,0.02,22.24,52901.86,1
2022-12-19,2022-12-19 11:30:00,2358.5,2359.08,2358.5,2359.08,0.02,22.24,52901.86,1
2022-12-19,2022-12-19 11:31:00,2359.08,2359.67,2359.08,2359.67,0.03,22.24,52901.86,1
2022-12-19,2022-12-19 11:32:00,2359.67,2360.25,2359.67,2360.25,0.02,22.24,52901.86,1
2022-12-19,2022-12-19 11:33:00,2360.25,2360.83,2360.25,2360.83,0.02,22.24,52901.86,1
2022-12-19,2022-12-19 11:34:00,2360.83,2361.42,2360.83,2361.42,0.02,22.24,52901.86,1
2022-12-19,2022-12-19 11:35:00,2361.42,2362.0,2361.42,2362.0,0.02,22.24,52901.86,1
2022-12-19,2022-12-19 11:36:00,2362.0,2362.58,2362.0,2362.58,0.02,22.24,52901.86,1
2022-12-19,2022-12-19 11:37:00,2362.58,2363.17,2362.58,2363.17,0.02,22.24,52901.86,1
2022-12-19,2022-12-19 11:38:00,2363.17,2363.75,2363.17,2363.75,0.02,22.24,52901.86,1
2022-12-19,2022-12-19 11:39:00,2363.75,2364.33,2363.75,2364.33,0.02,22.24,52901.86,1
2022-12-19,2022-12-19 11:40:00,2364.33,2364.92,2364.33,2364.92,0.02,22.24,52901.86,1
2022-12-19,2022-12-19 11:41:00,2364.92,2365.5,2364.92,2365.5,0.02,22.24,52901.86,1
2022-12-19,2022-12-19 11:42:00,2365.5,2366.08,2365.5,2366.08,0.02,22.24,52901.86,1
2022-12-19,2022-12-19 11:43:00,2366.08,2366.67,2366.08,2366.67,0.02,22.24,52901.86,1
2022-12-19,2022-12-19 11:44:00,2366.67,2367.25,2366.67,2367.25,0.02,22.24,52901.86,1
2022-12-19,2022-12-19 11:45:00,2367.25,2367.83,2367.25,2367.83,0.02,22.24,52901.86,1
2022-12-19,2022-12-19 11:46:00,2367.83,2368.42,2367.83,2368.42,0.02,22.24,52901.86,1
2022-12-19,2022-12-19 11:47:00,2368.42,2369.0,2368.42,2369.0,0.02,22.24,52901.86,1
2022-12-19,2022-12-19 11:48:00,2369.0,2369.58,2369.0,2369.58,0.02,22.24,52901.86,1
2022-12-19,2022-12-19 11:49:00,2369.58,2370.17,2369.58,2370.17,0.02,22.24,52901.86,1
2022-12-19,2022-12-19 11:50:00,2370.17,2370.75,2370.17,2370.75,0.02,22.24,52901.86,1
2022-12-19,2022-12-19 11:51:00,2370.75,2371.33,2370.75,2371.33,0.02,22.24,52901.86,1
2022-12-19,2022-12-19 11:52:00,2371.33,2371.92,2371.33,2371.92,0.02,22.24,52901.86,1
2022-12-19,2022-12-19 11:53:00,2371.92,2372.5,2371.92,2372.5,0.02,22.24,52901.86,1
2022-12-19,2022-12-19 11:54:00,2372.5,2373.08,2372.5,2373.08,0.02,22.24,52901.86,1
2022-12-19,2022-12-19 11:55:00,2373.08,2373.67,2373.08,2373.67,0.02,22.24,52901.86,1
2022-12-19,2022-12-19 11:56:00,2373.67,2374.25,2373.67,2374.25,0.02,22.24,52901.86,1
2022-12-19,2022-12-19 11:57:00,2374.25,2374.83,2374.25,2374.83,0.02,22.24,52901.86,1
2022-12-19,2022-12-19 11:58:00,2374.83,2375.42,2374.83,2375.42,0.02,22.24,52901.86,1
2022-12-19,2022-12-19 11:59:00,2375.42,2376.0,2375.42,2376.0,0.02,22.24,52901.86,1
2022-12-19,2022-12-19 12:00:00,2376.0,2376.58,2376.0,2376.58,0.02,22.24,52901.86,1
2022-12-19,2022-12-19 12:01:00,2376.58,2377.17,2376.58,2377.17,0.02,22.24,52901.86,1
2022-12-19,2022-12-19 12:02:00,2377.17,2377.75,2377.17,2377.75,0.02,22.24,52901.86,1
2022-12-19,2022-12-19 12:03:00,2377.75,2378.33,2377.75,2378.33,0.02,22.24,52901.86,1
2022-12-19,2022-12-19 12:04:00,2378.33,2378.92,2378.33,2378.92,0.02,22.24,52901.86,1
2022-12-19,2022-12-19 12:05:00,2378.92,2379.5,2378.92,2379.5,0.02,22.24,52901.86,1
2022-12-19,2022-12-19 12:06:00,2379.5,2380.08,2379.5,2380.08,0.02,22.24,52901.86,1
2022-12-19,2022-12-19 12:07:00,2380.08,2380.67,2380.08,2380.67,0.02,22.24,52901.86,1
2022-12-19,2022-12-19 12:08:00,2380.67,2381.25,2380.67,2381.25,0.02,22.24,52901.86,1
2022-12-19,2022-12-19 12:09:00,2381.25,2381.83,2381.25,2381.83,0.02,22.24,52901.86,1
2022-12-19,2022-12-19 12:10:00,2381.83,2382.42,2381.83,2382.42,0.02,22.24,52901.86,1
2022-12-19,2022-12-19 12:11:00,2382.42,2383.0,2382.42,2383.0,0.02,22.24,52901.86,1
2022-12-19,2022-12-19 12:12:00,2383.0,2383.58,2383.0,2383.58,0.02,22.24,52901.86,1
2022-12-19,2022-12-19 12:13:00,2383.58,2384.17,2383.58,2384.17,0.02,22.24,52901.86,1
2022-12-19,2022-12-19 12:14:00,2384.17,2384.75,2384.17,2384.75,0.02,22.24,52901.86,1
2022-12-19,2022-12-19 12:15:00,2384.75,2385.33,2384.75,2385.33,0.02,22.24,52901.86,1
2022-12-19,2022-12-19 12:16:00,2385.33,2385.92,2385.33,2385.92,0.02,22.24,52901.86,1
2022-12-19,2022-12-19 12:17:00,2385.92,2386.5,2385.92,2386.5,0.02,22.24,52901.86,1
2022-12-19,2022-12-19 12:18:00,2386.5,2387.08,2386.5,2387.08,0.02,22.24,52901.86,1
2022-12-19,2022-12-19 12:19:00,2387.08,2387.67,2387.08,2387.67,0.02,22.24,52901.86,1
2022-12-19,2022-12-19 12:20:00,2387.67,2388.25,2387.67,2388.25,0.02,22.24,52901.86,1
2022-12-19,2022-12-19 12:21:00,2388.25,2388.83,2388.25,2388.83,0.02,22.24,52901.86,1
2022-12-19,2022-12-19 12:22:00,2388.83,2389.42,2388.83,2389.42,0.02,22.24,52901.86,1
2022-12-19,2022-12-19 12:23:00,2389.42,2390.0,2389.42,2390.0,0.02,22.24,52901.86,1
2022-12-19,2022-12-19 12:24:00,2390.0,2390.58,2390.0,2390.58,0.02,22.24,52901.86,1
2022-12-19,2022-12-19 12:25:00,2390.58,2391.17,2390.58,2391.17,0.02,22.24,52901.86,1
2022-12-19,2022-12-19 12:26:00,2391.17,2391.75,2391.17,2391.75,0.02,22.24,52901.86,1
2022-12-19,2022-12-19 12:27:00,2391.75,2392.33,2391.75,2392.33,0.02,22.24,52901.86,1
2022-12-19,2022-12-19 12:28:00,2392.33,2392.92,2392.33,2392.92,0.02,22.24,52901.86,1
2022-12-19,2022-12-19 12:29:00,2392.92,2393.5,2392.92,2393.5,0.02,22.24,52901.86,1
2022-12-19,2022-12-19 12:30:00,2393.5,2394.08,2393.5,2394.08,0.02,22.24,52901.86,1
2022-12-19,2022-12-19 12:31:00,2394.08,2394.67,2394.08,2394.67,0.02,22.24,52901.86,1
2022-12-19,2022-12-19 12:32:00,2394.67,2395.25,2394.67,2395.25,0.02,22.24,52901.86,1
2022-12-19,2022-12-19 12:33:00,2395.25,2395.83,2395.25,2395.83,0.02,22.24,52901.86,1
2022-12-19,2022-12-19 12:34:00,2395.83,2396.42,2395.83,2396.42,0.02,22.24,52901.86,1
2022-12-19,2022-12-19 12:35:00,2396.42,2397.0,2396.42,2397.0,0.02,22.24,52901.86,1
2022-12-19,2022-12-19 12:36:00,2397.0,2397.58,2397.0,2397.58,0.02,22.24,52901.86,1
2022-12-19,2022-12-19 12:37:00,2397.58,2398.17,2397.58,2398.17,0.02,22.24,52901.86,1
2022-12-19,2022-12-19 12:38:00,2398.17,2398.75,2398.17,2398.75,0.02,22.24,52901.86,1
2022-12-19,2022-12-19 12:39:00,2398.75,2399.33,2398.75,2399.33,0.02,22.24,52901.86,1
2022-12-19,2022-12-19 12:40:00,2399.33,2399.92,2399.33,2399.92,0.02,22.24,52901.86,1
2022-12-19,2022-12-19 12:41:00,2399.92,2400.5,2399.92,2400.5,0.02,22.24,52901.86,1
2022-12-19,2022-12-19 12:42:00,2400.5,2401.08,2400.5,2401.08,0.02,22.24,52901.86,1
2022-12-19,2022-12-19 12:43:00,2401.08,2401.67,2401.08,2401.67,0.02,22.24,52901.86,1
2022-12-19,2022-12-19 12:44:00,2401.67,2402.25,2401.67,2402.25,0.02,22.24,52901.86,1
2022-12-19,2022-12-19 12:45:00,2402.25,2402.83,2402.25,2402.83,0.02,22.24,52901.86,1
2022-12-19,2022-12-19 12:46:00,2402.83,2403.42,2402.83,2403.42,0.02,22.24,52901.86,1
2022-12-19,2022-12-19 12:47:00,2403.42,2404.0,2403.42,2404.0,0.02,22.24,52901.86,1
2022-12-19,2022-12-19 12:48:00,2404.0,2404.58,2404.0,2404.58,0.02,22.24,52901.86,1
2022-12-19,2022-12-19 12:49:00,2404.58,2405.17,2404.58,2405.17,0.02,22.24,52901.86,1
2022-12-19,2022-12-19 12:50:00,2405.17,2405.75,2405.17,2405.75,0.02,22.24,52901.86,1
2022-12-19,2022-12-19 12:51:00,2405.75,2406.33,2405.75,2406.33,0.02,22.24,52901.86,1
2022-12-19,2022-12-19 12:52:00,2406.33,2406.92,2406.33,2406.92,0.02,22.24,52901.86,1
2022-12-19,2022-12-19 12:53:00,2406.92,2407.5,2406.92,2407.5,0.02,22.24,52901.86,1
2022-12-19,2022-12-19 12:54:00,2407.5,2408.08,2407.5,2408.08,0.02,22.24,52901.86,1
2022-12-19,2022-12-19 12:55:00,2408.08,2408.67,2408.08,2408.67,0.02,22.24,52901.86,1
2022-12-19,2022-12-19 12:56:00,2408.67,2409.25,2408.67,2409.25,0.02,22.24,52901.86,1
2022-12-19,2022-12-19 12:57:00,2409.25,2409.83,2409.25,2409.83,0.02,22.24,52901.86,1
2022-12-19,2022-12-19 12:58:00,2409.83,2410.42,2409.83,2410.42,0.02,22.24,52901.86,1
2022-12-19,2022-12-19 12:59:00,2410.42,2411.0,2410.42,2411.0,0.02,22.24,52901.86,1
2022-12-19,2022-12-19 13:00:00,2411.0,2520.0,2318.0,2411.58,0.02,22.24,52901.86,1
2022-12-19,2022-12-19 13:01:00,2411.58,2412.17,2411.58,2412.17,0.02,22.24,52901.86,1
2022-12-19,2022-12-19 13:02:00,2412.17,2412.75,2412.17,2412.75,0.02,22.24,52901.86,1
2022-12-19,2022-12-19 13:03:00,2412.75,2413.33,2412.75,2413.33,0.02,22.24,52901.86,1
2022-12-19,2022-12-19 13:04:00,2413.33,2413.92,2413.33,2413.92,0.02,22.24,52901.86,1
2022-12-19,2022-12-19 13:05:00,2413.92,2414.5,2413.92,2414.5,0.02,22.24,52901.86,1
2022-12-19,2022-12-19 13:06:00,2414.5,2415.08,2414.5,2415.08,0.02,22.24,52901.86,1
2022-12-19,2022-12-19 13:07:00,2415.08,2415.67,2415.08,2415.67,0.02,22.24,52901.86,1
2022-12-19,2022-12-19 13:08:00,2415.67,2416.25,2415.67,2416.25,0.02,22.24,52901.86,1
2022-12-19,2022-12-19 13:09:00,2416.25,2416.83,2416.25,2416.83,0.02,22.24,52901.86,1
2022-12-19,2022-12-19 13:10:00,2416.83,2417.42,2416.83,2417.42,0.02,22.24,52901.86,1
2022-12-19,2022-12-19 13:11:00,2417.42,2418.0,2417.42,2418.0,0.02,22.24,52901.86,1
2022-12-19,2022-12-19 13:12:00,2418.0,2418.58,2418.0,2418.58,0.02,22.24,52901.86,1
2022-12-19,2022-12-19 13:13:00,2418.58,2419.17,2418.58,2419.17,0.02,22.24,52901.86,1
2022-12-19,2022-12-19 13:14:00,2419.17,2419.75,2419.17,2419.75,0.02,22.24,52901.86,1
2022-12-19,2022-12-19 13:15:00,2419.75,2420.33,2419.75,2420.33,0.02,22.24,52901.86,1
2022-12-19,2022-12-19 13:16:00,2420.33,2420.92,2420.33,2420.92,0.02,22.24,52901.86,1
2022-12-19,2022-12-19 13:17:00,2420.92,2421.5,2420.92,2421.5,0.02,22.24,52901.86,1
2022-12-19,2022-12-19 13:18:00,2421.5,2422.08,2421.5,2422.08,0.02,22.24,52901.86,1
2022-12-19,2022-12-19 13:19:00,2422.08,2422.67,2422.08,2422.67,0.02,22.24,52901.86,1
2022-12-19,2022-12-19 13:20:00,2422.67,2423.25,2422.67,2423.25,0.02,22.24,52901.86,1
2022-12-19,2022-12-19 13:21:00,2423.25,2423.83,2423.25,2423.83,0.02,22.24,52901.86,1
2022-12-19,2022-12-19 13:22:00,2423.83,2424.42,2423.83,2424.42,0.02,22.24,52901.86,1
2022-12-19,2022-12-19 13:23:00,2424.42,2425.0,2424.42,2425.0,0.02,22.24,52901.86,1
2022-12-19,2022-12-19 13:24:00,2425.0,2425.58,2425.0,2425.58,0.02,22.24,52901.86,1
2022-12-19,2022-12-19 13:25:00,2425.58,2426.17,2425.58,2426.17,0.02,22.24,52901.86,1
2022-12-19,2022-12-19 13:26:00,2426.17,2426.75,2426.17,2426.75,0.02,22.24,52901.86,1
2022-12-19,2022-12-19 13:27:00,2426.75,2427.33,2426.75,2427.33,0.02,22.24,52901.86,1
2022-12-19,2022-12-19 13:28:00,2427.33,2427.92,2427.33,2427.92,0.02,22.24,52901.86,1
2022-12-19,2022-12-19 13:29:00,2427.92,2428.5,2427.92,2428.5,0.02,22.24,52901.86,1
2022-12-19,2022-12-19 13:30:00,2428.5,2429.08,2428.5,2429.08,0.02,22.24,52901.86,1
2022-12-19,2022-12-19 13:31:00,2429.08,2429.67,2429.08,2429.67,0.02,22.24,52901.86,1
2022-12-19,2022-12-19 13:32:00,2429.67,2430.25,2429.67,2430.25,0.02,22.24,52901.86,1
2022-12-19,2022-12-19 13:33:00,2430.25,2430.83,2430.25,2430.83,0.02,22.24,52901.86,1
2022-12-19,2022-12-19 13:34:00,2430.83,2431.42,2430.83,2431.42,0.02,22.24,52901.86,1
2022-12-19,2022-12-19 13:35:00,2431.42,2432.0,2431.42,2432.0,0.02,22.24,52901.86,1
2022-12-19,2022-12-19 13:36:00,2432.0,2432.58,2432.0,2432.58,0.02,22.24,52901.86,1
2022-12-19,2022-12-19 13:37:00,2432.58,2433.17,2432.58,2433.17,0.02,22.24,52901.86,1
2022-12-19,2022-12-19 13:38:00,2433.17,2433.75,2433.17,2433.75,0.02,22.24,52901.86,1
2022-12-19,2022-12-19 13:39:00,2433.75,2434.33,2433.75,2434.33,0.02,22.24,52901.86,1
2022-12-19,2022-12-19 13:40:00,2434.33,2434.92,2434.33,2434.92,0.02,22.24,52901.86,1
2022-12-19,2022-12-19 13:41:00,2434.92,2435.5,2434.92,2435.5,0.02,22.24,52901.86,1
2022-12-19,2022-12-19 13:42:00,2435.5,2436.08,2435.5,2436.08,0.02,22.24,52901.86,1
2022-12-19,2022-12-19 13:43:00,2436.08,2436.67,2436.08,2436.67,0.02,22.24,52901.86,1
2022-12-19,2022-12-19 13:44:00,2436.67,2437.25,2436.67,2437.25,0.02,22.24,52901.86,1
2022-12-19,2022-12-19 13:45:00,2437.25,2437.83,2437.25,2437.83,0.02,22.24,52901.86,1
2022-12-19,2022-12-19 13:46:00,2437.83,2438.42,2437.83,2438.42,0.02,22.24,52901.86,1
2022-12-19,2022-12-19 13:47:00,2438.42,2439.0,2438.42,2439.0,0.02,22.24,52901.86,1
2022-12-19,2022-12-19 13:48:00,2439.0,2439.58,2439.0,2439.58,0.02,22.24,52901.86,1
2022-12-19,2022-12-19 13:49:00,2439.58,2440.17,2439.58,2440.17,0.02,22.24,52901.86,1
2022-12-19,2022-12-19 13:50:00,2440.17,2440.75,2440.17,2440.75,0.02,22.24,52901.86,1
2022-12-19,2022-12-19 13:51:00,2440.75,2441.33,2440.75,2441.33,0.02,22.24,52901.86,1
2022-12-19,2022-12-19 13:52:00,2441.33,2441.92,2441.33,2441.92,0.02,22.24,52901.86,1
2022-12-19,2022-12-19 13:53:00,2441.92,2442.5,2441.92,2442.5,0.02,22.24,52901.86,1
2022-12-19,2022-12-19 13:54:00,2442.5,2443.08,2442.5,2443.08,0.02,22.24,52901.86,1
2022-12-19,2022-12-19 13:55:00,2443.08,2443.67,2443.08,2443.67,0.02,22.24,52901.86,1
2022-12-19,2022-12-19 13:56:00,2443.67,2444.25,2443.67,2444.25,0.02,22.24,52901.86,1
2022-12-19,2022-12-19 13:57:00,2444.25,2444.83,2444.25,2444.83,0.02,22.24,52901.86,1
2022-12-19,2022-12-19 13:58:00,2444.83,2445.42,2444.83,2445.42,0.02,22.24,52901.86,1
2022-12-19,2022-12-19 13:59:00,2445.42,2446.0,2445.42,2446.0,0.02,22.24,52901.86,1
2022-12-19,2022-12-19 14:00:00,2446.0,2446.58,2446.0,2446.58,0.02,22.24,52901.86,1
2022-12-19,2022-12-19 14:01:00,2446.58,2447.17,2446.58,2447.17,0.02,22.24,52901.86,1
2022-12-19,2022-12-19 14:02:00,2447.17,2447.75,2447.17,2447.75,0.02,22.24,52901.86,1
2022-12-19,2022-12-19 14:03:00,2447.75,2448.33,2447.75,2448.33,0.02,22.24,52901.86,1
2022-12-19,2022-12-19 14:04:00,2448.33,2448.92,2448.33,2448.92,0.02,22.24,52901.86,1
2022-12-19,2022-12-19 14:05:00,2448.92,2449.5,2448.92,2449.5,0.02,22.24,52901.86,1
2022-12-19,2022-12-19 14:06:00,2449.5,2450.08,2449.5,2450.08,0.02,22.24,52901.86,1
2022-12-19,2022-12-19 14:07:00,2450.08,2450.67,2450.08,2450.67,0.02,22.24,52901.86,1
2022-12-19,2022-12-19 14:08:00,2450.67,2451.25,2450.67,2451.25,0.02,22.24,52901.86,1
2022-12-19,2022-12-19 14:09:00,2451.25,2451.83,2451.25,2451.83,0.02,22.24,52901.86,1
2022-12-19,2022-12-19 14:10:00,2451.83,2452.42,2451.83,2452.42,0.02,22.24,52901.86,1
2022-12-19,2022-12-19 14:11:00,2452.42,2453.0,2452.42,2453.0,0.02,22.24,52901.86,1
2022-12-19,2022-12-19 14:12:00,2453.0,2453.58,2453.0,2453.58,0.02,22.24,52901.86,1
2022-12-19,2022-12-19 14:13:00,2453.58,2454.17,2453.58,2454.17,0.02,22.24,52901.86,1
2022-12-19,2022-12-19 14:14:00,2454.17,2454.75,2454.17,2454.75,0.02,22.24,52901.86,1
2022-12-19,2022-12-19 14:15:00,2454.75,2455.33,2454.75,2455.33,0.02,22.24,52901.86,1
2022-12-19,2022-12-19 14:16:00,2455.33,2455.92,2455.33,2455.92,0.02,22.24,52901.86,1
2022-12-19,2022-12-19 14:17:00,2455.92,2456.5,2455.92,2456.5,0.02,22.24,52901.86,1
2022-12-19,2022-12-19 14:18:00,2456.5,2457.08,2456.5,2457.08,0.02,22.24,52901.86,1
2022-12-19,2022-12-19 14:19:00,2457.08,2457.67,2457.08,2457.67,0.02,22.24,52901.86,1
2022-12-19,2022-12-19 14:20:00,2457.67,2458.25,2457.67,2458.25,0.02,22.24,52901.86,1
2022-12-19,2022-12-19 14:21:00,2458.25,2458.83,2458.25,2458.83,0.02,22.24,52901.86,1
2022-12-19,2022-12-19 14:22:00,2458.83,2459.42,2458.83,2459.42,0.02,22.24,52901.86,1
2022-12-19,2022-12-19 14:23:00,2459.42,2460.0,2459.42,2460.0,0.02,22.24,52901.86,1
2022-12-19,2022-12-19 14:24:00,2460.0,2460.58,2460.0,2460.58,0.02,22.24,52901.86,1
2022-12-19,2022-12-19 14:25:00,2460.58,2461.17,2460.58,2461.17,0.02,22.24,52901.86,1
2022-12-19,2022-12-19 14:26:00,2461.17,2461.75,2461.17,2461.75,0.02,22.24,52901.86,1
2022-12-19,2022-12-19 14:27:00,2461.75,2462.33,2461.75,2462.33,0.02,22.24,52901.86,1
2022-12-19,2022-12-19 14:28:00,2462.33,2462.92,2462.33,2462.92,0.02,22.24,52901.86,1
2022-12-19,2022-12-19 14:29:00,2462.92,2463.5,2462.92,2463.5,0.02,22.24,52901.86,1
2022-12-19,2022-12-19 14:30:00,2463.5,2464.08,2463.5,2464.08,0.02,22.24,52901.86,1
2022-12-19,2022-12-19 14:31:00,2464.08,2464.67,2464.08,2464.67,0.02,22.24,52901.86,1
2022-12-19,2022-12-19 14:32:00,2464.67,2465.25,2464.67,2465.25,0.02,22.24,52901.86,1
2022-12-19,2022-12-19 14:33:00,2465.25,2465.83,2465.25,2465.83,0.02,22.24,52901.86,1
2022-12-19,2022-12-19 14:34:00,2465.83,2466.42,2465.83,2466.42,0.02,22.24,52901.86,1
2022-12-19,2022-12-19 14:35:00,2466.42,2467.0,2466.42,2467.0,0.02,22.24,52901.86,1
2022-12-19,2022-12-19 14:36:00,2467.0,2467.58,2467.0,2467.58,0.02,22.24,52901.86,1
2022-12-19,2022-12-19 14:37:00,2467.58,2468.17,2467.58,2468.17,0.02,22.24,52901.86,1
2022-12-19,2022-12-19 14:38:00,2468.17,2468.75,2468.17,2468.75,0.02,22.24,52901.86,1
2022-12-19,2022-12-19 14:39:00,2468.75,2469.33,2468.75,2469.33,0.02,22.24,52901.86,1
2022-12-19,2022-12-19 14:40:00,2469.33,2469.92,2469.33,2469.92,0.02,22.24,52901.86,1
2022-12-19,2022-12-19 14:41:00,2469.92,2470.5,2469.92,2470.5,0.02,22.24,52901.86,1
2022-12-19,2022-12-19 14:42:00,2470.5,2471.08,2470.5,2471.08,0.02,22.24,52901.86,1
2022-12-19,2022-12-19 14:43:00,2471.08,2471.67,2471.08,2471.67,0.02,22.24,52901.86,1
2022-12-19,2022-12-19 14:44:00,2471.67,2472.25,2471.67,2472.25,0.02,22.24,52901.86,1
2022-12-19,2022-12-19 14:45:00,2472.25,2472.83,2472.25,2472.83,0.02,22.24,52901.86,1
2022-12-19,2022-12-19 14:46:00,2472.83,2473.42,2472.83,2473.42,0.02,22.24,52901.86,1
2022-12-19,2022-12-19 14:47:00,2473.42,2474.0,2473.42,2474.0,0.02,22.24,52901.86,1
2022-12-19,2022-12-19 14:48:00,2474.0,2474.58,2474.0,2474.58,0.02,22.24,52901.86,1
2022-12-19,2022-12-19 14:49:00,2474.58,2475.17,2474.58,2475.17,0.02,22.24,52901.86,1
2022-12-19,2022-12-19 14:50:00,2475.17,2475.75,2475.17,2475.75,0.02,22.24,52901.86,1
2022-12-19,2022-12-19 14:51:00,2475.75,2476.33,2475.75,2476.33,0.02,22.24,52901.86,1
2022-12-19,2022-12-19 14:52:00,2476.33,2476.92,2476.33,2476.92,0.02,22.24,52901.86,1
2022-12-19,2022-12-19 14:53:00,2476.92,2477.5,2476.92,2477.5,0.02,22.24,52901.86,1
2022-12-19,2022-12-19 14:54:00,2477.5,2478.08,2477.5,2478.08,0.02,22.24,52901.86,1
2022-12-19,2022-12-19 14:55:00,2478.08,2478.67,2478.08,2478.67,0.02,22.24,52901.86,1
2022-12-19,2022-12-19 14:56:00,2478.67,2479.25,2478.67,2479.25,0.02,22.24,52901.86,1
2022-12-19,2022-12-19 14:57:00,2479.25,2479.83,2479.25,2479.83,0.02,22.24,52901.86,1
2022-12-19,2022-12-19 14:58:00,2479.83,2480.42,2479.83,2480.42,0.02,22.24,52901.86,1
2022-12-19,2022-12-19 14:59:00,2480.42,2481.0,2480.42,2481.0,0.02,22.24,52901.86,1
2022-12-19,2022-12-19 15:00:00,2481.0,2520.0,2318.0,2481.0,0.0,22.24,52901.86,0
2022-12-20,2022-12-20 11:00:00,2499.0,2566.2,2490.3,2499.71,0.03,36.62,94648.63,1
2022-12-20,2022-12-20 11:01:00,2499.71,2500.43,2499.71,2500.43,0.03,36.62,94648.63,1
2022-12-20,2022-12-20 11:02:00,2500.43,2501.14,2500.43,2501.14,0.03,36.62,94648.63,1
2022-12-20,2022-12-20 11:03:00,2501.14,2501.85,2501.14,2501.85,0.03,36.62,94648.63,1
2022-12-20,2022-12-20 11:04:00,2501.85,2502.56,2501.85,2502.56,0.03,36.62,94648.63,1
2022-12-20,2022-12-20 11:05:00,2502.56,2503.28,2502.56,2503.28,0.03,36.62,94648.63,1
2022-12-20,2022-12-20 11:06:00,2503.28,2503.99,2503.28,2503.99,0.03,36.62,94648.63,1
2022-12-20,2022-12-20 11:07:00,2503.99,2504.7,2503.99,2504.7,0.03,36.62,94648.63,1
2022-12-20,2022-12-20 11:08:00,2504.7,2505.41,2504.7,2505.41,0.03,36.62,94648.63,1
2022-12-20,2022-12-20 11:09:00,2505.41,2506.12,2505.41,2506.12,0.03,36.62,94648.63,1
2022-12-20,2022-12-20 11:10:00,2506.12,2506.84,2506.12,2506.84,0.03,36.62,94648.63,1
2022-12-20,2022-12-20 11:11:00,2506.84,2507.55,2506.84,2507.55,0.03,36.62,94648.63,1
2022-12-20,2022-12-20 11:12:00,2507.55,2508.26,2507.55,2508.26,0.03,36.62,94648.63,1
2022-12-20,2022-12-20 11:13:00,2508.26,2508.97,2508.26,2508.97,0.03,36.62,94648.63,1
2022-12-20,2022-12-20 11:14:00,2508.97,2509.69,2508.97,2509.69,0.03,36.62,94648.63,1
2022-12-20,2022-12-20 11:15:00,2509.69,2510.4,2509.69,2510.4,0.03,36.62,94648.63,1
2022-12-20,2022-12-20 11:16:00,2510.4,2511.11,2510.4,2511.11,0.03,36.62,94648.63,1
2022-12-20,2022-12-20 11:17:00,2511.11,2511.82,2511.11,2511.82,0.03,36.62,94648.63,1
2022-12-20,2022-12-20 11:18:00,2511.82,2512.54,2511.82,2512.54,0.03,36.62,94648.63,1
2022-12-20,2022-12-20 11:19:00,2512.54,2513.25,2512.54,2513.25,0.03,36.62,94648.63,1
2022-12-20,2022-12-20 11:20:00,2513.25,2513.96,2513.25,2513.96,0.03,36.62,94648.63,1
2022-12-20,2022-12-20 11:21:00,2513.96,2514.68,2513.96,2514.68,0.03,36.62,94648.63,1
2022-12-20,2022-12-20 11:22:00,2514.68,2515.39,2514.68,2515.39,0.03,36.62,94648.63,1
2022-12-20,2022-12-20 11:23:00,2515.39,2516.1,2515.39,2516.1,0.03,36.62,94648.63,1
2022-12-20,2022-12-20 11:24:00,2516.1,2516.81,2516.1,2516.81,0.03,36.62,94648.63,1
2022-12-20,2022-12-20 11:25:00,2516.81,2517.53,2516.81,2517.53,0.03,36.62,94648.63,1
2022-12-20,2022-12-20 11:26:00,2517.53,2518.24,2517.53,2518.24,0.03,36.62,94648.63,1
2022-12-20,2022-12-20 11:27:00,2518.24,2518.95,2518.24,2518.95,0.03,36.62,94648.63,1
2022-12-20,2022-12-20 11:28:00,2518.95,2519.66,2518.95,2519.66,0.03,36.62,94648.63,1
2022-12-20,2022-12-20 11:29:00,2519.66,2520.38,2519.66,2520.38,0.03,36.62,94648.63,1
2022-12-20,2022-12-20 11:30:00,2520.38,2521.09,2520.38,2521.09,0.03,36.62,94648.63,1
2022-12-20,2022-12-20 11:31:00,2521.09,2521.8,2521.09,2521.8,0.03,36.62,94648.63,1
2022-12-20,2022-12-20 11:32:00,2521.8,2522.51,2521.8,2522.51,0.03,36.62,94648.63,1
2022-12-20,2022-12-20 11:33:00,2522.51,2523.22,2522.51,2523.22,0.03,36.62,94648.63,1
2022-12-20,2022-12-20 11:34:00,2523.22,2523.94,2523.22,2523.94,0.03,36.62,94648.63,1
2022-12-20,2022-12-20 11:35:00,2523.94,2524.65,2523.94,2524.65,0.03,36.62,94648.63,1
2022-12-20,2022-12-20 11:36:00,2524.65,2525.36,2524.65,2525.36,0.03,36.62,94648.63,1
2022-12-20,2022-12-20 11:37:00,2525.36,2526.07,2525.36,2526.07,0.03,36.62,94648.63,1
2022-12-20,2022-12-20 11:38:00,2526.07,2526.79,2526.07,2526.79,0.03,36.62,94648.63,1
2022-12-20,2022-12-20 11:39:00,2526.79,2527.5,2526.79,2527.5,0.03,36.62,94648.63,1
2022-12-20,2022-12-20 11:40:00,2527.5,2528.21,2527.5,2528.21,0.03,36.62,94648.63,1
2022-12-20,2022-12-20 11:41:00,2528.21,2528.93,2528.21,2528.93,0.03,36.62,94648.63,1
2022-12-20,2022-12-20 11:42:00,2528.93,2529.64,2528.93,2529.64,0.03,36.62,94648.63,1
2022-12-20,2022-12-20 11:43:00,2529.64,2530.35,2529.64,2530.35,0.03,36.62,94648.63,1
2022-12-20,2022-12-20 11:44:00,2530.35,2531.06,2530.35,2531.06,0.03,36.62,94648.63,1
2022-12-20,2022-12-20 11:45:00,2531.06,2531.78,2531.06,2531.78,0.03,36.62,94648.63,1
2022-12-20,2022-12-20 11:46:00,2531.78,2532.49,2531.78,2532.49,0.03,36.62,94648.63,1
2022-12-20,2022-12-20 11:47:00,2532.49,2533.2,2532.49,2533.2,0.03,36.62,94648.63,1
2022-12-20,2022-12-20 11:48:00,2533.2,2533.91,2533.2,2533.91,0.03,36.62,94648.63,1
2022-12-20,2022-12-20 11:49:00,2533.91,2534.62,2533.91,2534.62,0.03,36.62,94648.63,1
2022-12-20,2022-12-20 11:50:00,2534.62,2535.34,2534.62,2535.34,0.03,36.62,94648.63,1
2022-12-20,2022-12-20 11:51:00,2535.34,2536.05,2535.34,2536.05,0.03,36.62,94648.63,1
2022-12-20,2022-12-20 11:52:00,2536.05,2536.76,2536.05,2536.76,0.03,36.62,94648.63,1
2022-12-20,2022-12-20 11:53:00,2536.76,2537.47,2536.76,2537.47,0.03,36.62,94648.63,1
2022-12-20,2022-12-20 11:54:00,2537.47,2538.19,2537.47,2538.19,0.03,36.62,94648.63,1
2022-12-20,2022-12-20 11:55:00,2538.19,2538.9,2538.19,2538.9,0.03,36.62,94648.63,1
2022-12-20,2022-12-20 11:56:00,2538.9,2539.61,2538.9,2539.61,0.03,36.62,94648.63,1
2022-12-20,2022-12-20 11:57:00,2539.61,2540.32,2539.61,2540.32,0.03,36.62,94648.63,1
2022-12-20,2022-12-20 11:58:00,2540.32,2541.04,2540.32,2541.04,0.03,36.62,94648.63,1
2022-12-20,2022-12-20 11:59:00,2541.04,2541.75,2541.04,2541.75,0.03,36.62,94648.63,1
2022-12-20,2022-12-20 12:00:00,2541.75,2542.46,2541.75,2542.46,0.03,36.62,94648.63,1
2022-12-20,2022-12-20 12:01:00,2542.46,2543.18,2542.46,2543.18,0.03,36.62,94648.63,1
2022-12-20,2022-12-20 12:02:00,2543.18,2543.89,2543.18,2543.89,0.03,36.62,94648.63,1
2022-12-20,2022-12-20 12:03:00,2543.89,2544.6,2543.89,2544.6,0.03,36.62,94648.63,1
2022-12-20,2022-12-20 12:04:00,2544.6,2545.31,2544.6,2545.31,0.03,36.62,94648.63,1
2022-12-20,2022-12-20 12:05:00,2545.31,2546.03,2545.31,2546.03,0.03,36.62,94648.63,1
2022-12-20,2022-12-20 12:06:00,2546.03,2546.74,2546.03,2546.74,0.03,36.62,94648.63,1
2022-12-20,2022-12-20 12:07:00,2546.74,2547.45,2546.74,2547.45,0.03,36.62,94648.63,1
2022-12-20,2022-12-20 12:08:00,2547.45,2548.16,2547.45,2548.16,0.03,36.62,94648.63,1
2022-12-20,2022-12-20 12:09:00,2548.16,2548.88,2548.16,2548.88,0.03,36.62,94648.63,1
2022-12-20,2022-12-20 12:10:00,2548.88,2549.59,2548.88,2549.59,0.03,36.62,94648.63,1
2022-12-20,2022-12-20 12:11:00,2549.59,2550.3,2549.59,2550.3,0.03,36.62,94648.63,1
2022-12-20,2022-12-20 12:12:00,2550.3,2551.01,2550.3,2551.01,0.03,36.62,94648.63,1
2022-12-20,2022-12-20 12:13:00,2551.01,2551.72,2551.01,2551.72,0.03,36.62,94648.63,1
2022-12-20,2022-12-20 12:14:00,2551.72,2552.44,2551.72,2552.44,0.03,36.62,94648.63,1
2022-12-20,2022-12-20 12:15:00,2552.44,2553.15,2552.44,2553.15,0.03,36.62,94648.63,1
2022-12-20,2022-12-20 12:16:00,2553.15,2553.86,2553.15,2553.86,0.03,36.62,94648.63,1
2022-12-20,2022-12-20 12:17:00,2553.86,2554.57,2553.86,2554.57,0.03,36.62,94648.63,1
2022-12-20,2022-12-20 12:18:00,2554.57,2555.29,2554.57,2555.29,0.03,36.62,94648.63,1
2022-12-20,2022-12-20 12:19:00,2555.29,2556.0,2555.29,2556.0,0.03,36.62,94648.63,1
2022-12-20,2022-12-20 12:20:00,2556.0,2556.71,2556.0,2556.71,0.03,36.62,94648.63,1
2022-12-20,2022-12-20 12:21:00,2556.71,2557.43,2556.71,2557.43,0.03,36.62,94648.63,1
2022-12-20,2022-12-20 12:22:00,2557.43,2558.14,2557.43,2558.14,0.03,36.62,94648.63,1
2022-12-20,2022-12-20 12:23:00,2558.14,2558.85,2558.14,2558.85,0.03,36.62,94648.63,1
2022-12-20,2022-12-20 12:24:00,2558.85,2559.56,2558.85,2559.56,0.03,36.62,94648.63,1
2022-12-20,2022-12-20 12:25:00,2559.56,2560.28,2559.56,2560.28,0.03,36.62,94648.63,1
2022-12-20,2022-12-20 12:26:00,2560.28,2560.99,2560.28,2560.99,0.03,36.62,94648.63,1
2022-12-20,2022-12-20 12:27:00,2560.99,2561.7,2560.99,2561.7,0.03,36.62,94648.63,1
2022-12-20,2022-12-20 12:28:00,2561.7,2562.41,2561.7,2562.41,0.03,36.62,94648.63,1
2022-12-20,2022-12-20 12:29:00,2562.41,2563.12,2562.41,2563.12,0.03,36.62,94648.63,1
2022-12-20,2022-12-20 12:30:00,2563.12,2563.84,2563.12,2563.84,0.03,36.62,94648.63,1
2022-12-20,2022-12-20 12:31:00,2563.84,2564.55,2563.84,2564.55,0.03,36.62,94648.63,1
2022-12-20,2022-12-20 12:32:00,2564.55,2565.26,2564.55,2565.26,0.03,36.62,94648.63,1
2022-12-20,2022-12-20 12:33:00,2565.26,2565.97,2565.26,2565.97,0.03,36.62,94648.63,1
2022-12-20,2022-12-20 12:34:00,2565.97,2566.69,2565.97,2566.69,0.03,36.62,94648.63,1
2022-12-20,2022-12-20 12:35:00,2566.69,2567.4,2566.69,2567.4,0.03,36.62,94648.63,1
2022-12-20,2022-12-20 12:36:00,2567.4,2568.11,2567.4,2568.11,0.03,36.62,94648.63,1
2022-12-20,2022-12-20 12:37:00,2568.11,2568.82,2568.11,2568.82,0.03,36.62,94648.63,1
2022-12-20,2022-12-20 12:38:00,2568.82,2569.54,2568.82,2569.54,0.03,36.62,94648.63,1
2022-12-20,2022-12-20 12:39:00,2569.54,2570.25,2569.54,2570.25,0.03,36.62,94648.63,1
2022-12-20,2022-12-20 12:40:00,2570.25,2570.96,2570.25,2570.96,0.03,36.62,94648.63,1
2022-12-20,2022-12-20 12:41:00,2570.96,2571.68,2570.96,2571.68,0.03,36.62,94648.63,1
2022-12-20,2022-12-20 12:42:00,2571.68,2572.39,2571.68,2572.39,0.03,36.62,94648.63,1
2022-12-20,2022-12-20 12:43:00,2572.39,2573.1,2572.39,2573.1,0.03,36.62,94648.63,1
2022-12-20,2022-12-20 12:44:00,2573.1,2573.81,2573.1,2573.81,0.03,36.62,94648.63,1
2022-12-20,2022-12-20 12:45:00,2573.81,2574.53,2573.81,2574.53,0.03,36.62,94648.63,1
2022-12-20,2022-12-20 12:46:00,2574.53,2575.24,2574.53,2575.24,0.03,36.62,94648.63,1
2022-12-20,2022-12-20 12:47:00,2575.24,2575.95,2575.24,2575.95,0.03,36.62,94648.63,1
2022-12-20,2022-12-20 12:48:00,2575.95,2576.66,2575.95,2576.66,0.03,36.62,94648.63,1
2022-12-20,2022-12-20 12:49:00,2576.66,2577.38,2576.66,2577.38,0.03,36.62,94648.63,1
2022-12-20,2022-12-20 12:50:00,2577.38,2578.09,2577.38,2578.09,0.03,36.62,94648.63,1
2022-12-20,2022-12-20 12:51:00,2578.09,2578.8,2578.09,2578.8,0.03,36.62,94648.63,1
2022-12-20,2022-12-20 12:52:00,2578.8,2579.51,2578.8,2579.51,0.03,36.62,94648.63,1
2022-12-20,2022-12-20 12:53:00,2579.51,2580.22,2579.51,2580.22,0.03,36.62,94648.63,1
2022-12-20,2022-12-20 12:54:00,2580.22,2580.94,2580.22,2580.94,0.03,36.62,94648.63,1
2022-12-20,2022-12-20 12:55:00,2580.94,2581.65,2580.94,2581.65,0.03,36.62,94648.63,1
2022-12-20,2022-12-20 12:56:00,2581.65,2582.36,2581.65,2582.36,0.03,36.62,94648.63,1
2022-12-20,2022-12-20 12:57:00,2582.36,2583.07,2582.36,2583.07,0.03,36.62,94648.63,1
2022-12-20,2022-12-20 12:58:00,2583.07,2583.79,2583.07,2583.79,0.03,36.62,94648.63,1
2022-12-20,2022-12-20 12:59:00,2583.79,2584.5,2583.79,2584.5,0.03,36.62,94648.63,1
2022-12-20,2022-12-20 13:00:00,2584.5,2723.0,2470.0,2585.21,0.03,36.62,94648.63,1
2022-12-20,2022-12-20 13:01:00,2585.21,2585.93,2585.21,2585.93,0.03,36.62,94648.63,1
2022-12-20,2022-12-20 13:02:00,2585.93,2586.64,2585.93,2586.64,0.03,36.62,94648.63,1
2022-12-20,2022-12-20 13:03:00,2586.64,2587.35,2586.64,2587.35,0.03,36.62,94648.63,1
2022-12-20,2022-12-20 13:04:00,2587.35,2588.06,2587.35,2588.06,0.03,36.62,94648.63,1
2022-12-20,2022-12-20 13:05:00,2588.06,2588.78,2588.06,2588.78,0.03,36.62,94648.63,1
2022-12-20,2022-12-20 13:06:00,2588.78,2589.49,2588.78,2589.49,0.03,36.62,94648.63,1
2022-12-20,2022-12-20 13:07:00,2589.49,2590.2,2589.49,2590.2,0.03,36.62,94648.63,1
2022-12-20,2022-12-20 13:08:00,2590.2,2590.91,2590.2,2590.91,0.03,36.62,94648.63,1
2022-12-20,2022-12-20 13:09:00,2590.91,2591.62,2590.91,2591.62,0.03,36.62,94648.63,1
2022-12-20,2022-12-20 13:10:00,2591.62,2592.34,2591.62,2592.34,0.03,36.62,94648.63,1
2022-12-20,2022-12-20 13:11:00,2592.34,2593.05,2592.34,2593.05,0.03,36.62,94648.63,1
2022-12-20,2022-12-20 13:12:00,2593.05,2593.76,2593.05,2593.76,0.03,36.62,94648.63,1
2022-12-20,2022-12-20 13:13:00,2593.76,2594.47,2593.76,2594.47,0.03,36.62,94648.63,1
2022-12-20,2022-12-20 13:14:00,2594.47,2595.19,2594.47,2595.19,0.03,36.62,94648.63,1
2022-12-20,2022-12-20 13:15:00,2595.19,2595.9,2595.19,2595.9,0.03,36.62,94648.63,1
2022-12-20,2022-12-20 13:16:00,2595.9,2596.61,2595.9,2596.61,0.03,36.62,94648.63,1
2022-12-20,2022-12-20 13:17:00,2596.61,2597.32,2596.61,2597.32,0.03,36.62,94648.63,1
2022-12-20,2022-12-20 13:18:00,2597.32,2598.04,2597.32,2598.04,0.03,36.62,94648.63,1
2022-12-20,2022-12-20 13:19:00,2598.04,2598.75,2598.04,2598.75,0.03,36.62,94648.63,1
2022-12-20,2022-12-20 13:20:00,2598.75,2599.46,2598.75,2599.46,0.03,36.62,94648.63,1
2022-12-20,2022-12-20 13:21:00,2599.46,2600.18,2599.46,2600.18,0.03,36.62,94648.63,1
2022-12-20,2022-12-20 13:22:00,2600.18,2600.89,2600.18,2600.89,0.03,36.62,94648.63,1
2022-12-20,2022-12-20 13:23:00,2600.89,2601.6,2600.89,2601.6,0.03,36.62,94648.63,1
2022-12-20,2022-12-20 13:24:00,2601.6,2602.31,2601.6,2602.31,0.03,36.62,94648.63,1
2022-12-20,2022-12-20 13:25:00,2602.31,2603.03,2602.31,2603.03,0.03,36.62,94648.63,1
2022-12-20,2022-12-20 13:26:00,2603.03,2603.74,2603.03,2603.74,0.03,36.62,94648.63,1
2022-12-20,2022-12-20 13:27:00,2603.74,2604.45,2603.74,2604.45,0.03,36.62,94648.63,1
2022-12-20,2022-12-20 13:28:00,2604.45,2605.16,2604.45,2605.16,0.03,36.62,94648.63,1
2022-12-20,2022-12-20 13:29:00,2605.16,2605.88,2605.16,2605.88,0.03,36.62,94648.63,1
2022-12-20,2022-12-20 13:30:00,2605.88,2606.59,2605.88,2606.59,0.03,36.62,94648.63,1
2022-12-20,2022-12-20 13:31:00,2606.59,2607.3,2606.59,2607.3,0.03,36.62,94648.63,1
2022-12-20,2022-12-20 13:32:00,2607.3,2608.01,2607.3,2608.01,0.03,36.62,94648.63,1
2022-12-20,2022-12-20 13:33:00,2608.01,2608.72,2608.01,2608.72,0.03,36.62,94648.63,1
2022-12-20,2022-12-20 13:34:00,2608.72,2609.44,2608.72,2609.44,0.03,36.62,94648.63,1
2022-12-20,2022-12-20 13:35:00,2609.44,2610.15,2609.44,2610.15,0.03,36.62,94648.63,1
2022-12-20,2022-12-20 13:36:00,2610.15,2610.86,2610.15,2610.86,0.03,36.62,94648.63,1
2022-12-20,2022-12-20 13:37:00,2610.86,2611.57,2610.86,2611.57,0.03,36.62,94648.63,1
2022-12-20,2022-12-20 13:38:00,2611.57,2612.29,2611.57,2612.29,0.03,36.62,94648.63,1
2022-12-20,2022-12-20 13:39:00,2612.29,2613.0,2612.29,2613.0,0.03,36.62,94648.63,1
2022-12-20,2022-12-20 13:40:00,2613.0,2613.71,2613.0,2613.71,0.03,36.62,94648.63,1
2022-12-20,2022-12-20 13:41:00,2613.71,2614.43,2613.71,2614.43,0.03,36.62,94648.63,1
2022-12-20,2022-12-20 13:42:00,2614.43,2615.14,2614.43,2615.14,0.03,36.62,94648.63,1
2022-12-20,2022-12-20 13:43:00,2615.14,2615.85,2615.14,2615.85,0.03,36.62,94648.63,1
2022-12-20,2022-12-20 13:44:00,2615.85,2616.56,2615.85,2616.56,0.03,36.62,94648.63,1
2022-12-20,2022-12-20 13:45:00,2616.56,2617.28,2616.56,2617.28,0.03,36.62,94648.63,1
2022-12-20,2022-12-20 13:46:00,2617.28,2617.99,2617.28,2617.99,0.03,36.62,94648.63,1
2022-12-20,2022-12-20 13:47:00,2617.99,2618.7,2617.99,2618.7,0.03,36.62,94648.63,1
2022-12-20,2022-12-20 13:48:00,2618.7,2619.41,2618.7,2619.41,0.03,36.62,94648.63,1
2022-12-20,2022-12-20 13:49:00,2619.41,2620.12,2619.41,2620.12,0.03,36.62,94648.63,1
2022-12-20,2022-12-20 13:50:00,2620.12,2620.84,2620.12,2620.84,0.03,36.62,94648.63,1
2022-12-20,2022-12-20 13:51:00,2620.84,2621.55,2620.84,2621.55,0.03,36.62,94648.63,1
2022-12-20,2022-12-20 13:52:00,2621.55,2622.26,2621.55,2622.26,0.03,36.62,94648.63,1
2022-12-20,2022-12-20 13:53:00,2622.26,2622.97,2622.26,2622.97,0.03,36.62,94648.63,1
2022-12-20,2022-12-20 13:54:00,2622.97,2623.69,2622.97,2623.69,0.03,36.62,94648.63,1
2022-12-20,2022-12-20 13:55:00,2623.69,2624.4,2623.69,2624.4,0.03,36.62,94648.63,1
2022-12-20,2022-12-20 13:56:00,2624.4,2625.11,2624.4,2625.11,0.03,36.62,94648.63,1
2022-12-20,2022-12-20 13:57:00,2625.11,2625.82,2625.11,2625.82,0.03,36.62,94648.63,1
2022-12-20,2022-12-20 13:58:00,2625.82,2626.54,2625.82,2626.54,0.03,36.62,94648.63,1
2022-12-20,2022-12-20 13:59:00,2626.54,2627.25,2626.54,2627.25,0.03,36.62,94648.63,1
2022-12-20,2022-12-20 14:00:00,2627.25,2627.96,2627.25,2627.96,0.03,36.62,94648.63,1
2022-12-20,2022-12-20 14:01:00,2627.96,2628.68,2627.96,2628.68,0.03,36.62,94648.63,1
2022-12-20,2022-12-20 14:02:00,2628.68,2629.39,2628.68,2629.39,0.03,36.62,94648.63,1
2022-12-20,2022-12-20 14:03:00,2629.39,2630.1,2629.39,2630.1,0.03,36.62,94648.63,1
2022-12-20,2022-12-20 14:04:00,2630.1,2630.81,2630.1,2630.81,0.03,36.62,94648.63,1
2022-12-20,2022-12-20 14:05:00,2630.81,2631.53,2630.81,2631.53,0.03,36.62,94648.63,1
2022-12-20,2022-12-20 14:06:00,2631.53,2632.24,2631.53,2632.24,0.03,36.62,94648.63,1
2022-12-20,2022-12-20 14:07:00,2632.24,2632.95,2632.24,2632.95,0.03,36.62,94648.63,1
2022-12-20,2022-12-20 14:08:00,2632.95,2633.66,2632.95,2633.66,0.03,36.62,94648.63,1
2022-12-20,2022-12-20 14:09:00,2633.66,2634.38,2633.66,2634.38,0.03,36.62,94648.63,1
2022-12-20,2022-12-20 14:10:00,2634.38,2635.09,2634.38,2635.09,0.03,36.62,94648.63,1
2022-12-20,2022-12-20 14:11:00,2635.09,2635.8,2635.09,2635.8,0.03,36.62,94648.63,1
2022-12-20,2022-12-20 14:12:00,2635.8,2636.51,2635.8,2636.51,0.03,36.62,94648.63,1
2022-12-20,2022-12-20 14:13:00,2636.51,2637.22,2636.51,2637.22,0.03,36.62,94648.63,1
2022-12-20,2022-12-20 14:14:00,2637.22,2637.94,2637.22,2637.94,0.03,36.62,94648.63,1
2022-12-20,2022-12-20 14:15:00,2637.94,2638.65,2637.94,2638.65,0.03,36.62,94648.63,1
2022-12-20,2022-12-20 14:16:00,2638.65,2639.36,2638.65,2639.36,0.03,36.62,94648.63,1
2022-12-20,2022-12-20 14:17:00,2639.36,2640.07,2639.36,2640.07,0.03,36.62,94648.63,1
2022-12-20,2022-12-20 14:18:00,2640.07,2640.79,2640.07,2640.79,0.03,36.62,94648.63,1
2022-12-20,2022-12-20 14:19:00,2640.79,2641.5,2640.79,2641.5,0.03,36.62,94648.63,1
2022-12-20,2022-12-20 14:20:00,2641.5,2642.21,2641.5,2642.21,0.03,36.62,94648.63,1
2022-12-20,2022-12-20 14:21:00,2642.21,2642.93,2642.21,2642.93,0.03,36.62,94648.63,1
2022-12-20,2022-12-20 14:22:00,2642.93,2643.64,2642.93,2643.64,0.03,36.62,94648.63,1
2022-12-20,2022-12-20 14:23:00,2643.64,2644.35,2643.64,2644.35,0.03,36.62,94648.63,1
2022-12-20,2022-12-20 14:24:00,2644.35,2645.06,2644.35,2645.06,0.03,36.62,94648.63,1
2022-12-20,2022-12-20 14:25:00,2645.06,2645.78,2645.06,2645.78,0.03,36.62,94648.63,1
2022-12-20,2022-12-20 14:26:00,2645.78,2646.49,2645.78,2646.49,0.03,36.62,94648.63,1
2022-12-20,2022-12-20 14:27:00,2646.49,2647.2,2646.49,2647.2,0.03,36.62,94648.63,1
2022-12-20,2022-12-20 14:28:00,2647.2,2647.91,2647.2,2647.91,0.03,36.62,94648.63,1
2022-12-20,2022-12-20 14:29:00,2647.91,2648.62,2647.91,2648.62,0.03,36.62,94648.63,1
2022-12-20,2022-12-20 14:30:00,2648.62,2649.34,2648.62,2649.34,0.03,36.62,94648.63,1
2022-12-20,2022-12-20 14:31:00,2649.34,2650.05,2649.34,2650.05,0.03,36.62,94648.63,1
2022-12-20,2022-12-20 14:32:00,2650.05,2650.76,2650.05,2650.76,0.03,36.62,94648.63,1
2022-12-20,2022-12-20 14:33:00,2650.76,2651.47,2650.76,2651.47,0.03,36.62,94648.63,1
2022-12-20,2022-12-20 14:34:00,2651.47,2652.19,2651.47,2652.19,0.03,36.62,94648.63,1
2022-12-20,2022-12-20 14:35:00,2652.19,2652.9,2652.19,2652.9,0.03,36.62,94648.63,1
2022-12-20,2022-12-20 14:36:00,2652.9,2653.61,2652.9,2653.61,0.03,36.62,94648.63,1
2022-12-20,2022-12-20 14:37:00,2653.61,2654.32,2653.61,2654.32,0.03,36.62,94648.63,1
2022-12-20,2022-12-20 14:38:00,2654.32,2655.04,2654.32,2655.04,0.03,36.62,94648.63,1
2022-12-20,2022-12-20 14:39:00,2655.04,2655.75,2655.04,2655.75,0.03,36.62,94648.63,1
2022-12-20,2022-12-20 14:40:00,2655.75,2656.46,2655.75,2656.46,0.03,36.62,94648.63,1
2022-12-20,2022-12-20 14:41:00,2656.46,2657.18,2656.46,2657.18,0.03,36.62,94648.63,1
2022-12-20,2022-12-20 14:42:00,2657.18,2657.89,2657.18,2657.89,0.03,36.62,94648.63,1
2022-12-20,2022-12-20 14:43:00,2657.89,2658.6,2657.89,2658.6,0.03,36.62,94648.63,1
2022-12-20,2022-12-20 14:44:00,2658.6,2659.31,2658.6,2659.31,0.03,36.62,94648.63,1
2022-12-20,2022-12-20 14:45:00,2659.31,2660.03,2659.31,2660.03,0.03,36.62,94648.63,1
2022-12-20,2022-12-20 14:46:00,2660.03,2660.74,2660.03,2660.74,0.03,36.62,94648.63,1
2022-12-20,2022-12-20 14:47:00,2660.74,2661.45,2660.74,2661.45,0.03,36.62,94648.63,1
2022-12-20,2022-12-20 14:48:00,2661.45,2662.16,2661.45,2662.16,0.03,36.62,94648.63,1
2022-12-20,2022-12-20 14:49:00,2662.16,2662.88,2662.16,2662.88,0.03,36.62,94648.63,1
2022-12-20,2022-12-20 14:50:00,2662.88,2663.59,2662.88,2663.59,0.03,36.62,94648.63,1
2022-12-20,2022-12-20 14:51:00,2663.59,2664.3,2663.59,2664.3,0.03,36.62,94648.63,1
2022-12-20,2022-12-20 14:52:00,2664.3,2665.01,2664.3,2665.01,0.03,36.62,94648.63,1
2022-12-20,2022-12-20 14:53:00,2665.01,2665.72,2665.01,2665.72,0.03,36.62,94648.63,1
2022-12-20,2022-12-20 14:54:00,2665.72,2666.44,2665.72,2666.44,0.03,36.62,94648.63,1
2022-12-20,2022-12-20 14:55:00,2666.44,2667.15,2666.44,2667.15,0.03,36.62,94648.63,1
2022-12-20,2022-12-20 14:56:00,2667.15,2667.86,2667.15,2667.86,0.03,36.62,94648.63,1
2022-12-20,2022-12-20 14:57:00,2667.86,2668.57,2667.86,2668.57,0.03,36.62,94648.63,1
2022-12-20,2022-12-20 14:58:00,2668.57,2669.29,2668.57,2669.29,0.03,36.62,94648.63,1
2022-12-20,2022-12-20 14:59:00,2669.29,2670.0,2669.29,2670.0,0.03,36.62,94648.63,1
2022-12-20,2022-12-20 15:00:00,2670.0,2723.0,2470.0,2670.0,0.0,36.62,94648.63,0
2022-12-21,2022-12-21 11:00:00,2700.0,2703.0,2675.1,2699.78,-0.01,33.42,88938.53,-1
2022-12-21,2022-12-21 11:01:00,2699.78,2699.78,2699.57,2699.57,-0.01,33.42,88938.53,-1
2022-12-21,2022-12-21 11:02:00,2699.57,2699.57,2699.35,2699.35,-0.01,33.42,88938.53,-1
2022-12-21,2022-12-21 11:03:00,2699.35,2699.35,2699.13,2699.13,-0.01,33.42,88938.53,-1
2022-12-21,2022-12-21 11:04:00,2699.13,2699.13,2698.92,2698.92,-0.01,33.42,88938.53,-1
2022-12-21,2022-12-21 11:05:00,2698.92,2698.92,2698.7,2698.7,-0.01,33.42,88938.53,-1
2022-12-21,2022-12-21 11:06:00,2698.7,2698.7,2698.48,2698.48,-0.01,33.42,88938.53,-1
2022-12-21,2022-12-21 11:07:00,2698.48,2698.48,2698.27,2698.27,-0.01,33.42,88938.53,-1
2022-12-21,2022-12-21 11:08:00,2698.27,2698.27,2698.05,2698.05,-0.01,33.42,88938.53,-1
2022-12-21,2022-12-21 11:09:00,2698.05,2698.05,2697.83,2697.83,-0.01,33.42,88938.53,-1
2022-12-21,2022-12-21 11:10:00,2697.83,2697.83,2697.62,2697.62,-0.01,33.42,88938.53,-1
2022-12-21,2022-12-21 11:11:00,2697.62,2697.62,2697.4,2697.4,-0.01,33.42,88938.53,-1
2022-12-21,2022-12-21 11:12:00,2697.4,2697.4,2697.18,2697.18,-0.01,33.42,88938.53,-1
2022-12-21,2022-12-21 11:13:00,2697.18,2697.18,2696.97,2696.97,-0.01,33.42,88938.53,-1
2022-12-21,2022-12-21 11:14:00,2696.97,2696.97,2696.75,2696.75,-0.01,33.42,88938.53,-1
2022-12-21,2022-12-21 11:15:00,2696.75,2696.75,2696.53,2696.53,-0.01,33.42,88938.53,-1
2022-12-21,2022-12-21 11:16:00,2696.53,2696.53,2696.32,2696.32,-0.01,33.42,88938.53,-1
2022-12-21,2022-12-21 11:17:00,2696.32,2696.32,2696.1,2696.1,-0.01,33.42,88938.53,-1
2022-12-21,2022-12-21 11:18:00,2696.1,2696.1,2695.88,2695.88,-0.01,33.42,88938.53,-1
2022-12-21,2022-12-21 11:19:00,2695.88,2695.88,2695.67,2695.67,-0.01,33.42,88938.53,-1
2022-12-21,2022-12-21 11:20:00,2695.67,2695.67,2695.45,2695.45,-0.01,33.42,88938.53,-1
2022-12-21,2022-12-21 11:21:00,2695.45,2695.45,2695.23,2695.23,-0.01,33.42,88938.53,-1
2022-12-21,2022-12-21 11:22:00,2695.23,2695.23,2695.02,2695.02,-0.01,33.42,88938.53,-1
2022-12-21,2022-12-21 11:23:00,2695.02,2695.02,2694.8,2694.8,-0.01,33.42,88938.53,-1
2022-12-21,2022-12-21 11:24:00,2694.8,2694.8,2694.58,2694.58,-0.01,33.42,88938.53,-1
2022-12-21,2022-12-21 11:25:00,2694.58,2694.58,2694.37,2694.37,-0.01,33.42,88938.53,-1
2022-12-21,2022-12-21 11:26:00,2694.37,2694.37,2694.15,2694.15,-0.01,33.42,88938.53,-1
2022-12-21,2022-12-21 11:27:00,2694.15,2694.15,2693.93,2693.93,-0.01,33.42,88938.53,-1
2022-12-21,2022-12-21 11:28:00,2693.93,2693.93,2693.72,2693.72,-0.01,33.42,88938.53,-1
2022-12-21,2022-12-21 11:29:00,2693.72,2693.72,2693.5,2693.5,-0.01,33.42,88938.53,-1
2022-12-21,2022-12-21 11:30:00,2693.5,2693.5,2693.28,2693.28,-0.01,33.42,88938.53,-1
2022-12-21,2022-12-21 11:31:00,2693.28,2693.28,2693.07,2693.07,-0.01,33.42,88938.53,-1
2022-12-21,2022-12-21 11:32:00,2693.07,2693.07,2692.85,2692.85,-0.01,33.42,88938.53,-1
2022-12-21,2022-12-21 11:33:00,2692.85,2692.85,2692.63,2692.63,-0.01,33.42,88938.53,-1
2022-12-21,2022-12-21 11:34:00,2692.63,2692.63,2692.42,2692.42,-0.01,33.42,88938.53,-1
2022-12-21,2022-12-21 11:35:00,2692.42,2692.42,2692.2,2692.2,-0.01,33.42,88938.53,-1
2022-12-21,2022-12-21 11:36:00,2692.2,2692.2,2691.98,2691.98,-0.01,33.42,88938.53,-1
2022-12-21,2022-12-21 11:37:00,2691.98,2691.98,2691.77,2691.77,-0.01,33.42,88938.53,-1
2022-12-21,2022-12-21 11:38:00,2691.77,2691.77,2691.55,2691.55,-0.01,33.42,88938.53,-1
2022-12-21,2022-12-21 11:39:00,2691.55,2691.55,2691.33,2691.33,-0.01,33.42,88938.53,-1
2022-12-21,2022-12-21 11:40:00,2691.33,2691.33,2691.12,2691.12,-0.01,33.42,88938.53,-1
2022-12-21,2022-12-21 11:41:00,2691.12,2691.12,2690.9,2690.9,-0.01,33.42,88938.53,-1
2022-12-21,2022-12-21 11:42:00,2690.9,2690.9,2690.68,2690.68,-0.01,33.42,88938.53,-1
2022-12-21,2022-12-21 11:43:00,2690.68,2690.68,2690.47,2690.47,-0.01,33.42,88938.53,-1
2022-12-21,2022-12-21 11:44:00,2690.47,2690.47,2690.25,2690.25,-0.01,33.42,88938.53,-1
2022-12-21,2022-12-21 11:45:00,2690.25,2690.25,2690.03,2690.03,-0.01,33.42,88938.53,-1
2022-12-21,2022-12-21 11:46:00,2690.03,2690.03,2689.82,2689.82,-0.01,33.42,88938.53,-1
2022-12-21,2022-12-21 11:47:00,2689.82,2689.82,2689.6,2689.6,-0.01,33.42,88938.53,-1
2022-12-21,2022-12-21 11:48:00,2689.6,2689.6,2689.38,2689.38,-0.01,33.42,88938.53,-1
2022-12-21,2022-12-21 11:49:00,2689.38,2689.38,2689.17,2689.17,-0.01,33.42,88938.53,-1
2022-12-21,2022-12-21 11:50:00,2689.17,2689.17,2688.95,2688.95,-0.01,33.42,88938.53,-1
2022-12-21,2022-12-21 11:51:00,2688.95,2688.95,2688.73,2688.73,-0.01,33.42,88938.53,-1
2022-12-21,2022-12-21 11:52:00,2688.73,2688.73,2688.52,2688.52,-0.01,33.42,88938.53,-1
2022-12-21,2022-12-21 11:53:00,2688.52,2688.52,2688.3,2688.3,-0.01,33.42,88938.53,-1
2022-12-21,2022-12-21 11:54:00,2688.3,2688.3,2688.08,2688.08,-0.01,33.42,88938.53,-1
2022-12-21,2022-12-21 11:55:00,2688.08,2688.08,2687.87,2687.87,-0.01,33.42,88938.53,-1
2022-12-21,2022-12-21 11:56:00,2687.87,2687.87,2687.65,2687.65,-0.01,33.42,88938.53,-1
2022-12-21,2022-12-21 11:57:00,2687.65,2687.65,2687.43,2687.43,-0.01,33.42,88938.53,-1
2022-12-21,2022-12-21 11:58:00,2687.43,2687.43,2687.22,2687.22,-0.01,33.42,88938.53,-1
2022-12-21,2022-12-21 11:59:00,2687.22,2687.22,2687.0,2687.0,-0.01,33.42,88938.53,-1
2022-12-21,2022-12-21 12:00:00,2687.0,2687.0,2686.78,2686.78,-0.01,33.42,88938.53,-1
2022-12-21,2022-12-21 12:01:00,2686.78,2686.78,2686.57,2686.57,-0.01,33.42,88938.53,-1
2022-12-21,2022-12-21 12:02:00,2686.57,2686.57,2686.35,2686.35,-0.01,33.42,88938.53,-1
2022-12-21,2022-12-21 12:03:00,2686.35,2686.35,2686.13,2686.13,-0.01,33.42,88938.53,-1
2022-12-21,2022-12-21 12:04:00,2686.13,2686.13,2685.92,2685.92,-0.01,33.42,88938.53,-1
2022-12-21,2022-12-21 12:05:00,2685.92,2685.92,2685.7,2685.7,-0.01,33.42,88938.53,-1
2022-12-21,2022-12-21 12:06:00,2685.7,2685.7,2685.48,2685.48,-0.01,33.42,88938.53,-1
2022-12-21,2022-12-21 12:07:00,2685.48,2685.48,2685.27,2685.27,-0.01,33.42,88938.53,-1
2022-12-21,2022-12-21 12:08:00,2685.27,2685.27,2685.05,2685.05,-0.01,33.42,88938.53,-1
2022-12-21,2022-12-21 12:09:00,2685.05,2685.05,2684.83,2684.83,-0.01,33.42,88938.53,-1
2022-12-21,2022-12-21 12:10:00,2684.83,2684.83,2684.62,2684.62,-0.01,33.42,88938.53,-1
2022-12-21,2022-12-21 12:11:00,2684.62,2684.62,2684.4,2684.4,-0.01,33.42,88938.53,-1
2022-12-21,2022-12-21 12:12:00,2684.4,2684.4,2684.18,2684.18,-0.01,33.42,88938.53,-1
2022-12-21,2022-12-21 12:13:00,2684.18,2684.18,2683.97,2683.97,-0.01,33.42,88938.53,-1
2022-12-21,2022-12-21 12:14:00,2683.97,2683.97,2683.75,2683.75,-0.01,33.42,88938.53,-1
2022-12-21,2022-12-21 12:15:00,2683.75,2683.75,2683.53,2683.53,-0.01,33.42,88938.53,-1
2022-12-21,2022-12-21 12:16:00,2683.53,2683.53,2683.32,2683.32,-0.01,33.42,88938.53,-1
2022-12-21,2022-12-21 12:17:00,2683.32,2683.32,2683.1,2683.1,-0.01,33.42,88938.53,-1
2022-12-21,2022-12-21 12:18:00,2683.1,2683.1,2682.88,2682.88,-0.01,33.42,88938.53,-1
2022-12-21,2022-12-21 12:19:00,2682.88,2682.88,2682.67,2682.67,-0.01,33.42,88938.53,-1
2022-12-21,2022-12-21 12:20:00,2682.67,2682.67,2682.45,2682.45,-0.01,33.42,88938.53,-1
2022-12-21,2022-12-21 12:21:00,2682.45,2682.45,2682.23,2682.23,-0.01,33.42,88938.53,-1
2022-12-21,2022-12-21 12:22:00,2682.23,2682.23,2682.02,2682.02,-0.01,33.42,88938.53,-1
2022-12-21,2022-12-21 12:23:00,2682.02,2682.02,2681.8,2681.8,-0.01,33.42,88938.53,-1
2022-12-21,2022-12-21 12:24:00,2681.8,2681.8,2681.58,2681.58,-0.01,33.42,88938.53,-1
2022-12-21,2022-12-21 12:25:00,2681.58,2681.58,2681.37,2681.37,-0.01,33.42,88938.53,-1
2022-12-21,2022-12-21 12:26:00,2681.37,2681.37,2681.15,2681.15,-0.01,33.42,88938.53,-1
2022-12-21,2022-12-21 12:27:00,2681.15,2681.15,2680.93,2680.93,-0.01,33.42,88938.53,-1
2022-12-21,2022-12-21 12:28:00,2680.93,2680.93,2680.72,2680.72,-0.01,33.42,88938.53,-1
2022-12-21,2022-12-21 12:29:00,2680.72,2680.72,2680.5,2680.5,-0.01,33.42,88938.53,-1
2022-12-21,2022-12-21 12:30:00,2680.5,2680.5,2680.28,2680.28,-0.01,33.42,88938.53,-1
2022-12-21,2022-12-21 12:31:00,2680.28,2680.28,2680.07,2680.07,-0.01,33.42,88938.53,-1
2022-12-21,2022-12-21 12:32:00,2680.07,2680.07,2679.85,2679.85,-0.01,33.42,88938.53,-1
2022-12-21,2022-12-21 12:33:00,2679.85,2679.85,2679.63,2679.63,-0.01,33.42,88938.53,-1
2022-12-21,2022-12-21 12:34:00,2679.63,2679.63,2679.42,2679.42,-0.01,33.42,88938.53,-1
2022-12-21,2022-12-21 12:35:00,2679.42,2679.42,2679.2,2679.2,-0.01,33.42,88938.53,-1
2022-12-21,2022-12-21 12:36:00,2679.2,2679.2,2678.98,2678.98,-0.01,33.42,88938.53,-1
2022-12-21,2022-12-21 12:37:00,2678.98,2678.98,2678.77,2678.77,-0.01,33.42,88938.53,-1
2022-12-21,2022-12-21 12:38:00,2678.77,2678.77,2678.55,2678.55,-0.01,33.42,88938.53,-1
2022-12-21,2022-12-21 12:39:00,2678.55,2678.55,2678.33,2678.33,-0.01,33.42,88938.53,-1
2022-12-21,2022-12-21 12:40:00,2678.33,2678.33,2678.12,2678.12,-0.01,33.42,88938.53,-1
2022-12-21,2022-12-21 12:41:00,2678.12,2678.12,2677.9,2677.9,-0.01,33.42,88938.53,-1
2022-12-21,2022-12-21 12:42:00,2677.9,2677.9,2677.68,2677.68,-0.01,33.42,88938.53,-1
2022-12-21,2022-12-21 12:43:00,2677.68,2677.68,2677.47,2677.47,-0.01,33.42,88938.53,-1
2022-12-21,2022-12-21 12:44:00,2677.47,2677.47,2677.25,2677.25,-0.01,33.42,88938.53,-1
2022-12-21,2022-12-21 12:45:00,2677.25,2677.25,2677.03,2677.03,-0.01,33.42,88938.53,-1
2022-12-21,2022-12-21 12:46:00,2677.03,2677.03,2676.82,2676.82,-0.01,33.42,88938.53,-1
2022-12-21,2022-12-21 12:47:00,2676.82,2676.82,2676.6,2676.6,-0.01,33.42,88938.53,-1
2022-12-21,2022-12-21 12:48:00,2676.6,2676.6,2676.38,2676.38,-0.01,33.42,88938.53,-1
2022-12-21,2022-12-21 12:49:00,2676.38,2676.38,2676.17,2676.17,-0.01,33.42,88938.53,-1
2022-12-21,2022-12-21 12:50:00,2676.17,2676.17,2675.95,2675.95,-0.01,33.42,88938.53,-1
2022-12-21,2022-12-21 12:51:00,2675.95,2675.95,2675.73,2675.73,-0.01,33.42,88938.53,-1
2022-12-21,2022-12-21 12:52:00,2675.73,2675.73,2675.52,2675.52,-0.01,33.42,88938.53,-1
2022-12-21,2022-12-21 12:53:00,2675.52,2675.52,2675.3,2675.3,-0.01,33.42,88938.53,-1
2022-12-21,2022-12-21 12:54:00,2675.3,2675.3,2675.08,2675.08,-0.01,33.42,88938.53,-1
2022-12-21,2022-12-21 12:55:00,2675.08,2675.08,2674.87,2674.87,-0.01,33.42,88938.53,-1
2022-12-21,2022-12-21 12:56:00,2674.87,2674.87,2674.65,2674.65,-0.01,33.42,88938.53,-1
2022-12-21,2022-12-21 12:57:00,2674.65,2674.65,2674.43,2674.43,-0.01,33.42,88938.53,-1
2022-12-21,2022-12-21 12:58:00,2674.43,2674.43,2674.22,2674.22,-0.01,33.42,88938.53,-1
2022-12-21,2022-12-21 12:59:00,2674.22,2674.22,2674.0,2674.0,-0.01,33.42,88938.53,-1
2022-12-21,2022-12-21 13:00:00,2674.0,2710.0,2617.0,2673.78,-0.01,33.42,88938.53,-1
2022-12-21,2022-12-21 13:01:00,2673.78,2673.78,2673.57,2673.57,-0.01,33.42,88938.53,-1
2022-12-21,2022-12-21 13:02:00,2673.57,2673.57,2673.35,2673.35,-0.01,33.42,88938.53,-1
2022-12-21,2022-12-21 13:03:00,2673.35,2673.35,2673.13,2673.13,-0.01,33.42,88938.53,-1
2022-12-21,2022-12-21 13:04:00,2673.13,2673.13,2672.92,2672.92,-0.01,33.42,88938.53,-1
2022-12-21,2022-12-21 13:05:00,2672.92,2672.92,2672.7,2672.7,-0.01,33.42,88938.53,-1
2022-12-21,2022-12-21 13:06:00,2672.7,2672.7,2672.48,2672.48,-0.01,33.42,88938.53,-1
2022-12-21,2022-12-21 13:07:00,2672.48,2672.48,2672.27,2672.27,-0.01,33.42,88938.53,-1
2022-12-21,2022-12-21 13:08:00,2672.27,2672.27,2672.05,2672.05,-0.01,33.42,88938.53,-1
2022-12-21,2022-12-21 13:09:00,2672.05,2672.05,2671.83,2671.83,-0.01,33.42,88938.53,-1
2022-12-21,2022-12-21 13:10:00,2671.83,2671.83,2671.62,2671.62,-0.01,33.42,88938.53,-1
2022-12-21,2022-12-21 13:11:00,2671.62,2671.62,2671.4,2671.4,-0.01,33.42,88938.53,-1
2022-12-21,2022-12-21 13:12:00,2671.4,2671.4,2671.18,2671.18,-0.01,33.42,88938.53,-1
2022-12-21,2022-12-21 13:13:00,2671.18,2671.18,2670.97,2670.97,-0.01,33.42,88938.53,-1
2022-12-21,2022-12-21 13:14:00,2670.97,2670.97,2670.75,2670.75,-0.01,33.42,88938.53,-1
2022-12-21,2022-12-21 13:15:00,2670.75,2670.75,2670.53,2670.53,-0.01,33.42,88938.53,-1
2022-12-21,2022-12-21 13:16:00,2670.53,2670.53,2670.32,2670.32,-0.01,33.42,88938.53,-1
2022-12-21,2022-12-21 13:17:00,2670.32,2670.32,2670.1,2670.1,-0.01,33.42,88938.53,-1
2022-12-21,2022-12-21 13:18:00,2670.1,2670.1,2669.88,2669.88,-0.01,33.42,88938.53,-1
2022-12-21,2022-12-21 13:19:00,2669.88,2669.88,2669.67,2669.67,-0.01,33.42,88938.53,-1
2022-12-21,2022-12-21 13:20:00,2669.67,2669.67,2669.45,2669.45,-0.01,33.42,88938.53,-1
2022-12-21,2022-12-21 13:21:00,2669.45,2669.45,2669.23,2669.23,-0.01,33.42,88938.53,-1
2022-12-21,2022-12-21 13:22:00,2669.23,2669.23,2669.02,2669.02,-0.01,33.42,88938.53,-1
2022-12-21,2022-12-21 13:23:00,2669.02,2669.02,2668.8,2668.8,-0.01,33.42,88938.53,-1
2022-12-21,2022-12-21 13:24:00,2668.8,2668.8,2668.58,2668.58,-0.01,33.42,88938.53,-1
2022-12-21,2022-12-21 13:25:00,2668.58,2668.58,2668.37,2668.37,-0.01,33.42,88938.53,-1
2022-12-21,2022-12-21 13:26:00,2668.37,2668.37,2668.15,2668.15,-0.01,33.42,88938.53,-1
2022-12-21,2022-12-21 13:27:00,2668.15,2668.15,2667.93,2667.93,-0.01,33.42,88938.53,-1
2022-12-21,2022-12-21 13:28:00,2667.93,2667.93,2667.72,2667.72,-0.01,33.42,88938.53,-1
2022-12-21,2022-12-21 13:29:00,2667.72,2667.72,2667.5,2667.5,-0.01,33.42,88938.53,-1
2022-12-21,2022-12-21 13:30:00,2667.5,2667.5,2667.28,2667.28,-0.01,33.42,88938.53,-1
2022-12-21,2022-12-21 13:31:00,2667.28,2667.28,2667.07,2667.07,-0.01,33.42,88938.53,-1
2022-12-21,2022-12-21 13:32:00,2667.07,2667.07,2666.85,2666.85,-0.01,33.42,88938.53,-1
2022-12-21,2022-12-21 13:33:00,2666.85,2666.85,2666.63,2666.63,-0.01,33.42,88938.53,-1
2022-12-21,2022-12-21 13:34:00,2666.63,2666.63,2666.42,2666.42,-0.01,33.42,88938.53,-1
2022-12-21,2022-12-21 13:35:00,2666.42,2666.42,2666.2,2666.2,-0.01,33.42,88938.53,-1
2022-12-21,2022-12-21 13:36:00,2666.2,2666.2,2665.98,2665.98,-0.01,33.42,88938.53,-1
2022-12-21,2022-12-21 13:37:00,2665.98,2665.98,2665.77,2665.77,-0.01,33.42,88938.53,-1
2022-12-21,2022-12-21 13:38:00,2665.77,2665.77,2665.55,2665.55,-0.01,33.42,88938.53,-1
2022-12-21,2022-12-21 13:39:00,2665.55,2665.55,2665.33,2665.33,-0.01,33.42,88938.53,-1
2022-12-21,2022-12-21 13:40:00,2665.33,2665.33,2665.12,2665.12,-0.01,33.42,88938.53,-1
2022-12-21,2022-12-21 13:41:00,2665.12,2665.12,2664.9,2664.9,-0.01,33.42,88938.53,-1
2022-12-21,2022-12-21 13:42:00,2664.9,2664.9,2664.68,2664.68,-0.01,33.42,88938.53,-1
2022-12-21,2022-12-21 13:43:00,2664.68,2664.68,2664.47,2664.47,-0.01,33.42,88938.53,-1
2022-12-21,2022-12-21 13:44:00,2664.47,2664.47,2664.25,2664.25,-0.01,33.42,88938.53,-1
2022-12-21,2022-12-21 13:45:00,2664.25,2664.25,2664.03,2664.03,-0.01,33.42,88938.53,-1
2022-12-21,2022-12-21 13:46:00,2664.03,2664.03,2663.82,2663.82,-0.01,33.42,88938.53,-1
2022-12-21,2022-12-21 13:47:00,2663.82,2663.82,2663.6,2663.6,-0.01,33.42,88938.53,-1
2022-12-21,2022-12-21 13:48:00,2663.6,2663.6,2663.38,2663.38,-0.01,33.42,88938.53,-1
2022-12-21,2022-12-21 13:49:00,2663.38,2663.38,2663.17,2663.17,-0.01,33.42,88938.53,-1
2022-12-21,2022-12-21 13:50:00,2663.17,2663.17,2662.95,2662.95,-0.01,33.42,88938.53,-1
2022-12-21,2022-12-21 13:51:00,2662.95,2662.95,2662.73,2662.73,-0.01,33.42,88938.53,-1
2022-12-21,2022-12-21 13:52:00,2662.73,2662.73,2662.52,2662.52,-0.01,33.42,88938.53,-1
2022-12-21,2022-12-21 13:53:00,2662.52,2662.52,2662.3,2662.3,-0.01,33.42,88938.53,-1
2022-12-21,2022-12-21 13:54:00,2662.3,2662.3,2662.08,2662.08,-0.01,33.42,88938.53,-1
2022-12-21,2022-12-21 13:55:00,2662.08,2662.08,2661.87,2661.87,-0.01,33.42,88938.53,-1
2022-12-21,2022-12-21 13:56:00,2661.87,2661.87,2661.65,2661.65,-0.01,33.42,88938.53,-1
2022-12-21,2022-12-21 13:57:00,2661.65,2661.65,2661.43,2661.43,-0.01,33.42,88938.53,-1
2022-12-21,2022-12-21 13:58:00,2661.43,2661.43,2661.22,2661.22,-0.01,33.42,88938.53,-1
2022-12-21,2022-12-21 13:59:00,2661.22,2661.22,2661.0,2661.0,-0.01,33.42,88938.53,-1
2022-12-21,2022-12-21 14:00:00,2661.0,2661.0,2660.78,2660.78,-0.01,33.42,88938.53,-1
2022-12-21,2022-12-21 14:01:00,2660.78,2660.78,2660.57,2660.57,-0.01,33.42,88938.53,-1
2022-12-21,2022-12-21 14:02:00,2660.57,2660.57,2660.35,2660.35,-0.01,33.42,88938.53,-1
2022-12-21,2022-12-21 14:03:00,2660.35,2660.35,2660.13,2660.13,-0.01,33.42,88938.53,-1
2022-12-21,2022-12-21 14:04:00,2660.13,2660.13,2659.92,2659.92,-0.01,33.42,88938.53,-1
2022-12-21,2022-12-21 14:05:00,2659.92,2659.92,2659.7,2659.7,-0.01,33.42,88938.53,-1
2022-12-21,2022-12-21 14:06:00,2659.7,2659.7,2659.48,2659.48,-0.01,33.42,88938.53,-1
2022-12-21,2022-12-21 14:07:00,2659.48,2659.48,2659.27,2659.27,-0.01,33.42,88938.53,-1
2022-12-21,2022-12-21 14:08:00,2659.27,2659.27,2659.05,2659.05,-0.01,33.42,88938.53,-1
2022-12-21,2022-12-21 14:09:00,2659.05,2659.05,2658.83,2658.83,-0.01,33.42,88938.53,-1
2022-12-21,2022-12-21 14:10:00,2658.83,2658.83,2658.62,2658.62,-0.01,33.42,88938.53,-1
2022-12-21,2022-12-21 14:11:00,2658.62,2658.62,2658.4,2658.4,-0.01,33.42,88938.53,-1
2022-12-21,2022-12-21 14:12:00,2658.4,2658.4,2658.18,2658.18,-0.01,33.42,88938.53,-1
2022-12-21,2022-12-21 14:13:00,2658.18,2658.18,2657.97,2657.97,-0.01,33.42,88938.53,-1
2022-12-21,2022-12-21 14:14:00,2657.97,2657.97,2657.75,2657.75,-0.01,33.42,88938.53,-1
2022-12-21,2022-12-21 14:15:00,2657.75,2657.75,2657.53,2657.53,-0.01,33.42,88938.53,-1
2022-12-21,2022-12-21 14:16:00,2657.53,2657.53,2657.32,2657.32,-0.01,33.42,88938.53,-1
2022-12-21,2022-12-21 14:17:00,2657.32,2657.32,2657.1,2657.1,-0.01,33.42,88938.53,-1
2022-12-21,2022-12-21 14:18:00,2657.1,2657.1,2656.88,2656.88,-0.01,33.42,88938.53,-1
2022-12-21,2022-12-21 14:19:00,2656.88,2656.88,2656.67,2656.67,-0.01,33.42,88938.53,-1
2022-12-21,2022-12-21 14:20:00,2656.67,2656.67,2656.45,2656.45,-0.01,33.42,88938.53,-1
2022-12-21,2022-12-21 14:21:00,2656.45,2656.45,2656.23,2656.23,-0.01,33.42,88938.53,-1
2022-12-21,2022-12-21 14:22:00,2656.23,2656.23,2656.02,2656.02,-0.01,33.42,88938.53,-1
2022-12-21,2022-12-21 14:23:00,2656.02,2656.02,2655.8,2655.8,-0.01,33.42,88938.53,-1
2022-12-21,2022-12-21 14:24:00,2655.8,2655.8,2655.58,2655.58,-0.01,33.42,88938.53,-1
2022-12-21,2022-12-21 14:25:00,2655.58,2655.58,2655.37,2655.37,-0.01,33.42,88938.53,-1
2022-12-21,2022-12-21 14:26:00,2655.37,2655.37,2655.15,2655.15,-0.01,33.42,88938.53,-1
2022-12-21,2022-12-21 14:27:00,2655.15,2655.15,2654.93,2654.93,-0.01,33.42,88938.53,-1
2022-12-21,2022-12-21 14:28:00,2654.93,2654.93,2654.72,2654.72,-0.01,33.42,88938.53,-1
2022-12-21,2022-12-21 14:29:00,2654.72,2654.72,2654.5,2654.5,-0.01,33.42,88938.53,-1
2022-12-21,2022-12-21 14:30:00,2654.5,2654.5,2654.28,2654.28,-0.01,33.42,88938.53,-1
2022-12-21,2022-12-21 14:31:00,2654.28,2654.28,2654.07,2654.07,-0.01,33.42,88938.53,-1
2022-12-21,2022-12-21 14:32:00,2654.07,2654.07,2653.85,2653.85,-0.01,33.42,88938.53,-1
2022-12-21,2022-12-21 14:33:00,2653.85,2653.85,2653.63,2653.63,-0.01,33.42,88938.53,-1
2022-12-21,2022-12-21 14:34:00,2653.63,2653.63,2653.42,2653.42,-0.01,33.42,88938.53,-1
2022-12-21,2022-12-21 14:35:00,2653.42,2653.42,2653.2,2653.2,-0.01,33.42,88938.53,-1
2022-12-21,2022-12-21 14:36:00,2653.2,2653.2,2652.98,2652.98,-0.01,33.42,88938.53,-1
2022-12-21,2022-12-21 14:37:00,2652.98,2652.98,2652.77,2652.77,-0.01,33.42,88938.53,-1
2022-12-21,2022-12-21 14:38:00,2652.77,2652.77,2652.55,2652.55,-0.01,33.42,88938.53,-1
2022-12-21,2022-12-21 14:39:00,2652.55,2652.55,2652.33,2652.33,-0.01,33.42,88938.53,-1
2022-12-21,2022-12-21 14:40:00,2652.33,2652.33,2652.12,2652.12,-0.01,33.42,88938.53,-1
2022-12-21,2022-12-21 14:41:00,2652.12,2652.12,2651.9,2651.9,-0.01,33.42,88938.53,-1
2022-12-21,2022-12-21 14:42:00,2651.9,2651.9,2651.68,2651.68,-0.01,33.42,88938.53,-1
2022-12-21,2022-12-21 14:43:00,2651.68,2651.68,2651.47,2651.47,-0.01,33.42,88938.53,-1
2022-12-21,2022-12-21 14:44:00,2651.47,2651.47,2651.25,2651.25,-0.01,33.42,88938.53,-1
2022-12-21,2022-12-21 14:45:00,2651.25,2651.25,2651.03,2651.03,-0.01,33.42,88938.53,-1
2022-12-21,2022-12-21 14:46:00,2651.03,2651.03,2650.82,2650.82,-0.01,33.42,88938.53,-1
2022-12-21,2022-12-21 14:47:00,2650.82,2650.82,2650.6,2650.6,-0.01,33.42,88938.53,-1
2022-12-21,2022-12-21 14:48:00,2650.6,2650.6,2650.38,2650.38,-0.01,33.42,88938.53,-1
2022-12-21,2022-12-21 14:49:00,2650.38,2650.38,2650.17,2650.17,-0.01,33.42,88938.53,-1
2022-12-21,2022-12-21 14:50:00,2650.17,2650.17,2649.95,2649.95,-0.01,33.42,88938.53,-1
2022-12-21,2022-12-21 14:51:00,2649.95,2649.95,2649.73,2649.73,-0.01,33.42,88938.53,-1
2022-12-21,2022-12-21 14:52:00,2649.73,2649.73,2649.52,2649.52,-0.01,33.42,88938.53,-1
2022-12-21,2022-12-21 14:53:00,2649.52,2649.52,2649.3,2649.3,-0.01,33.42,88938.53,-1
2022-12-21,2022-12-21 14:54:00,2649.3,2649.3,2649.08,2649.08,-0.01,33.42,88938.53,-1
2022-12-21,2022-12-21 14:55:00,2649.08,2649.08,2648.87,2648.87,-0.01,33.42,88938.53,-1
2022-12-21,2022-12-21 14:56:00,2648.87,2648.87,2648.65,2648.65,-0.01,33.42,88938.53,-1
2022-12-21,2022-12-21 14:57:00,2648.65,2648.65,2648.43,2648.43,-0.01,33.42,88938.53,-1
2022-12-21,2022-12-21 14:58:00,2648.43,2648.43,2648.22,2648.22,-0.01,33.42,88938.53,-1
2022-12-21,2022-12-21 14:59:00,2648.22,2648.22,2648.0,2648.0,-0.01,33.42,88938.53,-1
2022-12-21,2022-12-21 15:00:00,2648.0,2710.0,2617.0,2648.0,0.0,33.42,88938.53,0
2022-12-22,2022-12-22 11:00:00,2680.0,2680.0,2631.4,2679.64,-0.01,23.76,60917.89,-1
2022-12-22,2022-12-22 11:01:00,2679.64,2679.64,2679.28,2679.28,-0.01,23.76,60917.89,-1
2022-12-22,2022-12-22 11:02:00,2679.28,2679.28,2678.91,2678.91,-0.01,23.76,60917.89,-1
2022-12-22,2022-12-22 11:03:00,2678.91,2678.91,2678.55,2678.55,-0.01,23.76,60917.89,-1
2022-12-22,2022-12-22 11:04:00,2678.55,2678.55,2678.19,2678.19,-0.01,23.76,60917.89,-1
2022-12-22,2022-12-22 11:05:00,2678.19,2678.19,2677.82,2677.82,-0.01,23.76,60917.89,-1
2022-12-22,2022-12-22 11:06:00,2677.82,2677.82,2677.46,2677.46,-0.01,23.76,60917.89,-1
2022-12-22,2022-12-22 11:07:00,2677.46,2677.46,2677.1,2677.1,-0.01,23.76,60917.89,-1
2022-12-22,2022-12-22 11:08:00,2677.1,2677.1,2676.74,2676.74,-0.01,23.76,60917.89,-1
2022-12-22,2022-12-22 11:09:00,2676.74,2676.74,2676.38,2676.38,-0.01,23.76,60917.89,-1
2022-12-22,2022-12-22 11:10:00,2676.38,2676.38,2676.01,2676.01,-0.01,23.76,60917.89,-1
2022-12-22,2022-12-22 11:11:00,2676.01,2676.01,2675.65,2675.65,-0.01,23.76,60917.89,-1
2022-12-22,2022-12-22 11:12:00,2675.65,2675.65,2675.29,2675.29,-0.01,23.76,60917.89,-1
2022-12-22,2022-12-22 11:13:00,2675.29,2675.29,2674.93,2674.93,-0.01,23.76,60917.89,-1
2022-12-22,2022-12-22 11:14:00,2674.93,2674.93,2674.56,2674.56,-0.01,23.76,60917.89,-1
2022-12-22,2022-12-22 11:15:00,2674.56,2674.56,2674.2,2674.2,-0.01,23.76,60917.89,-1
2022-12-22,2022-12-22 11:16:00,2674.2,2674.2,2673.84,2673.84,-0.01,23.76,60917.89,-1
2022-12-22,2022-12-22 11:17:00,2673.84,2673.84,2673.47,2673.47,-0.01,23.76,60917.89,-1
2022-12-22,2022-12-22 11:18:00,2673.47,2673.47,2673.11,2673.11,-0.01,23.76,60917.89,-1
2022-12-22,2022-12-22 11:19:00,2673.11,2673.11,2672.75,2672.75,-0.01,23.76,60917.89,-1
2022-12-22,2022-12-22 11:20:00,2672.75,2672.75,2672.39,2672.39,-0.01,23.76,60917.89,-1
2022-12-22,2022-12-22 11:21:00,2672.39,2672.39,2672.03,2672.03,-0.01,23.76,60917.89,-1
2022-12-22,2022-12-22 11:22:00,2672.03,2672.03,2671.66,2671.66,-0.01,23.76,60917.89,-1
2022-12-22,2022-12-22 11:23:00,2671.66,2671.66,2671.3,2671.3,-0.01,23.76,60917.89,-1
2022-12-22,2022-12-22 11:24:00,2671.3,2671.3,2670.94,2670.94,-0.01,23.76,60917.89,-1
2022-12-22,2022-12-22 11:25:00,2670.94,2670.94,2670.57,2670.57,-0.01,23.76,60917.89,-1
2022-12-22,2022-12-22 11:26:00,2670.57,2670.57,2670.21,2670.21,-0.01,23.76,60917.89,-1
2022-12-22,2022-12-22 11:27:00,2670.21,2670.21,2669.85,2669.85,-0.01,23.76,60917.89,-1
2022-12-22,2022-12-22 11:28:00,2669.85,2669.85,2669.49,2669.49,-0.01,23.76,60917.89,-1
2022-12-22,2022-12-22 11:29:00,2669.49,2669.49,2669.12,2669.12,-0.01,23.76,60917.89,-1
2022-12-22,2022-12-22 11:30:00,2669.12,2669.12,2668.76,2668.76,-0.01,23.76,60917.89,-1
2022-12-22,2022-12-22 11:31:00,2668.76,2668.76,2668.4,2668.4,-0.01,23.76,60917.89,-1
2022-12-22,2022-12-22 11:32:00,2668.4,2668.4,2668.04,2668.04,-0.01,23.76,60917.89,-1
2022-12-22,2022-12-22 11:33:00,2668.04,2668.04,2667.68,2667.68,-0.01,23.76,60917.89,-1
2022-12-22,2022-12-22 11:34:00,2667.68,2667.68,2667.31,2667.31,-0.01,23.76,60917.89,-1
2022-12-22,2022-12-22 11:35:00,2667.31,2667.31,2666.95,2666.95,-0.01,23.76,60917.89,-1
2022-12-22,2022-12-22 11:36:00,2666.95,2666.95,2666.59,2666.59,-0.01,23.76,60917.89,-1
2022-12-22,2022-12-22 11:37:00,2666.59,2666.59,2666.22,2666.22,-0.01,23.76,60917.89,-1
2022-12-22,2022-12-22 11:38:00,2666.22,2666.22,2665.86,2665.86,-0.01,23.76,60917.89,-1
2022-12-22,2022-12-22 11:39:00,2665.86,2665.86,2665.5,2665.5,-0.01,23.76,60917.89,-1
2022-12-22,2022-12-22 11:40:00,2665.5,2665.5,2665.14,2665.14,-0.01,23.76,60917.89,-1
2022-12-22,2022-12-22 11:41:00,2665.14,2665.14,2664.78,2664.78,-0.01,23.76,60917.89,-1
2022-12-22,2022-12-22 11:42:00,2664.78,2664.78,2664.41,2664.41,-0.01,23.76,60917.89,-1
2022-12-22,2022-12-22 11:43:00,2664.41,2664.41,2664.05,2664.05,-0.01,23.76,60917.89,-1
2022-12-22,2022-12-22 11:44:00,2664.05,2664.05,2663.69,2663.69,-0.01,23.76,60917.89,-1
2022-12-22,2022-12-22 11:45:00,2663.69,2663.69,2663.32,2663.32,-0.01,23.76,60917.89,-1
2022-12-22,2022-12-22 11:46:00,2663.32,2663.32,2662.96,2662.96,-0.01,23.76,60917.89,-1
2022-12-22,2022-12-22 11:47:00,2662.96,2662.96,2662.6,2662.6,-0.01,23.76,60917.89,-1
2022-12-22,2022-12-22 11:48:00,2662.6,2662.6,2662.24,2662.24,-0.01,23.76,60917.89,-1
2022-12-22,2022-12-22 11:49:00,2662.24,2662.24,2661.88,2661.88,-0.01,23.76,60917.89,-1
2022-12-22,2022-12-22 11:50:00,2661.88,2661.88,2661.51,2661.51,-0.01,23.76,60917.89,-1
2022-12-22,2022-12-22 11:51:00,2661.51,2661.51,2661.15,2661.15,-0.01,23.76,60917.89,-1
2022-12-22,2022-12-22 11:52:00,2661.15,2661.15,2660.79,2660.79,-0.01,23.76,60917.89,-1
2022-12-22,2022-12-22 11:53:00,2660.79,2660.79,2660.43,2660.43,-0.01,23.76,60917.89,-1
2022-12-22,2022-12-22 11:54:00,2660.43,2660.43,2660.06,2660.06,-0.01,23.76,60917.89,-1
2022-12-22,2022-12-22 11:55:00,2660.06,2660.06,2659.7,2659.7,-0.01,23.76,60917.89,-1
2022-12-22,2022-12-22 11:56:00,2659.7,2659.7,2659.34,2659.34,-0.01,23.76,60917.89,-1
2022-12-22,2022-12-22 11:57:00,2659.34,2659.34,2658.97,2658.97,-0.01,23.76,60917.89,-1
2022-12-22,2022-12-22 11:58:00,2658.97,2658.97,2658.61,2658.61,-0.01,23.76,60917.89,-1
2022-12-22,2022-12-22 11:59:00,2658.61,2658.61,2658.25,2658.25,-0.01,23.76,60917.89,-1
2022-12-22,2022-12-22 12:00:00,2658.25,2658.25,2657.89,2657.89,-0.01,23.76,60917.89,-1
2022-12-22,2022-12-22 12:01:00,2657.89,2657.89,2657.53,2657.53,-0.01,23.76,60917.89,-1
2022-12-22,2022-12-22 12:02:00,2657.53,2657.53,2657.16,2657.16,-0.01,23.76,60917.89,-1
2022-12-22,2022-12-22 12:03:00,2657.16,2657.16,2656.8,2656.8,-0.01,23.76,60917.89,-1
2022-12-22,2022-12-22 12:04:00,2656.8,2656.8,2656.44,2656.44,-0.01,23.76,60917.89,-1
2022-12-22,2022-12-22 12:05:00,2656.44,2656.44,2656.07,2656.07,-0.01,23.76,60917.89,-1
2022-12-22,2022-12-22 12:06:00,2656.07,2656.07,2655.71,2655.71,-0.01,23.76,60917.89,-1
2022-12-22,2022-12-22 12:07:00,2655.71,2655.71,2655.35,2655.35,-0.01,23.76,60917.89,-1
2022-12-22,2022-12-22 12:08:00,2655.35,2655.35,2654.99,2654.99,-0.01,23.76,60917.89,-1
2022-12-22,2022-12-22 12:09:00,2654.99,2654.99,2654.62,2654.62,-0.01,23.76,60917.89,-1
2022-12-22,2022-12-22 12:10:00,2654.62,2654.62,2654.26,2654.26,-0.01,23.76,60917.89,-1
2022-12-22,2022-12-22 12:11:00,2654.26,2654.26,2653.9,2653.9,-0.01,23.76,60917.89,-1
2022-12-22,2022-12-22 12:12:00,2653.9,2653.9,2653.54,2653.54,-0.01,23.76,60917.89,-1
2022-12-22,2022-12-22 12:13:00,2653.54,2653.54,2653.18,2653.18,-0.01,23.76,60917.89,-1
2022-12-22,2022-12-22 12:14:00,2653.18,2653.18,2652.81,2652.81,-0.01,23.76,60917.89,-1
2022-12-22,2022-12-22 12:15:00,2652.81,2652.81,2652.45,2652.45,-0.01,23.76,60917.89,-1
2022-12-22,2022-12-22 12:16:00,2652.45,2652.45,2652.09,2652.09,-0.01,23.76,60917.89,-1
2022-12-22,2022-12-22 12:17:00,2652.09,2652.09,2651.72,2651.72,-0.01,23.76,60917.89,-1
2022-12-22,2022-12-22 12:18:00,2651.72,2651.72,2651.36,2651.36,-0.01,23.76,60917.89,-1
2022-12-22,2022-12-22 12:19:00,2651.36,2651.36,2651.0,2651.0,-0.01,23.76,60917.89,-1
2022-12-22,2022-12-22 12:20:00,2651.0,2651.0,2650.64,2650.64,-0.01,23.76,60917.89,-1
2022-12-22,2022-12-22 12:21:00,2650.64,2650.64,2650.28,2650.28,-0.01,23.76,60917.89,-1
2022-12-22,2022-12-22 12:22:00,2650.28,2650.28,2649.91,2649.91,-0.01,23.76,60917.89,-1
2022-12-22,2022-12-22 12:23:00,2649.91,2649.91,2649.55,2649.55,-0.01,23.76,60917.89,-1
2022-12-22,2022-12-22 12:24:00,2649.55,2649.55,2649.19,2649.19,-0.01,23.76,60917.89,-1
2022-12-22,2022-12-22 12:25:00,2649.19,2649.19,2648.82,2648.82,-0.01,23.76,60917.89,-1
2022-12-22,2022-12-22 12:26:00,2648.82,2648.82,2648.46,2648.46,-0.01,23.76,60917.89,-1
2022-12-22,2022-12-22 12:27:00,2648.46,2648.46,2648.1,2648.1,-0.01,23.76,60917.89,-1
2022-12-22,2022-12-22 12:28:00,2648.1,2648.1,2647.74,2647.74,-0.01,23.76,60917.89,-1
2022-12-22,2022-12-22 12:29:00,2647.74,2647.74,2647.38,2647.38,-0.01,23.76,60917.89,-1
2022-12-22,2022-12-22 12:30:00,2647.38,2647.38,2647.01,2647.01,-0.01,23.76,60917.89,-1
2022-12-22,2022-12-22 12:31:00,2647.01,2647.01,2646.65,2646.65,-0.01,23.76,60917.89,-1
2022-12-22,2022-12-22 12:32:00,2646.65,2646.65,2646.29,2646.29,-0.01,23.76,60917.89,-1
2022-12-22,2022-12-22 12:33:00,2646.29,2646.29,2645.93,2645.93,-0.01,23.76,60917.89,-1
2022-12-22,2022-12-22 12:34:00,2645.93,2645.93,2645.56,2645.56,-0.01,23.76,60917.89,-1
2022-12-22,2022-12-22 12:35:00,2645.56,2645.56,2645.2,2645.2,-0.01,23.76,60917.89,-1
2022-12-22,2022-12-22 12:36:00,2645.2,2645.2,2644.84,2644.84,-0.01,23.76,60917.89,-1
2022-12-22,2022-12-22 12:37:00,2644.84,2644.84,2644.47,2644.47,-0.01,23.76,60917.89,-1
2022-12-22,2022-12-22 12:38:00,2644.47,2644.47,2644.11,2644.11,-0.01,23.76,60917.89,-1
2022-12-22,2022-12-22 12:39:00,2644.11,2644.11,2643.75,2643.75,-0.01,23.76,60917.89,-1
2022-12-22,2022-12-22 12:40:00,2643.75,2643.75,2643.39,2643.39,-0.01,23.76,60917.89,-1
2022-12-22,2022-12-22 12:41:00,2643.39,2643.39,2643.03,2643.03,-0.01,23.76,60917.89,-1
2022-12-22,2022-12-22 12:42:00,2643.03,2643.03,2642.66,2642.66,-0.01,23.76,60917.89,-1
2022-12-22,2022-12-22 12:43:00,2642.66,2642.66,2642.3,2642.3,-0.01,23.76,60917.89,-1
2022-12-22,2022-12-22 12:44:00,2642.3,2642.3,2641.94,2641.94,-0.01,23.76,60917.89,-1
2022-12-22,2022-12-22 12:45:00,2641.94,2641.94,2641.57,2641.57,-0.01,23.76,60917.89,-1
2022-12-22,2022-12-22 12:46:00,2641.57,2641.57,2641.21,2641.21,-0.01,23.76,60917.89,-1
2022-12-22,2022-12-22 12:47:00,2641.21,2641.21,2640.85,2640.85,-0.01,23.76,60917.89,-1
2022-12-22,2022-12-22 12:48:00,2640.85,2640.85,2640.49,2640.49,-0.01,23.76,60917.89,-1
2022-12-22,2022-12-22 12:49:00,2640.49,2640.49,2640.12,2640.12,-0.01,23.76,60917.89,-1
2022-12-22,2022-12-22 12:50:00,2640.12,2640.12,2639.76,2639.76,-0.01,23.76,60917.89,-1
2022-12-22,2022-12-22 12:51:00,2639.76,2639.76,2639.4,2639.4,-0.01,23.76,60917.89,-1
2022-12-22,2022-12-22 12:52:00,2639.4,2639.4,2639.04,2639.04,-0.01,23.76,60917.89,-1
2022-12-22,2022-12-22 12:53:00,2639.04,2639.04,2638.68,2638.68,-0.01,23.76,60917.89,-1
2022-12-22,2022-12-22 12:54:00,2638.68,2638.68,2638.31,2638.31,-0.01,23.76,60917.89,-1
2022-12-22,2022-12-22 12:55:00,2638.31,2638.31,2637.95,2637.95,-0.01,23.76,60917.89,-1
2022-12-22,2022-12-22 12:56:00,2637.95,2637.95,2637.59,2637.59,-0.01,23.76,60917.89,-1
2022-12-22,2022-12-22 12:57:00,2637.59,2637.59,2637.22,2637.22,-0.01,23.76,60917.89,-1
2022-12-22,2022-12-22 12:58:00,2637.22,2637.22,2636.86,2636.86,-0.01,23.76,60917.89,-1
2022-12-22,2022-12-22 12:59:00,2636.86,2636.86,2636.5,2636.5,-0.01,23.76,60917.89,-1
2022-12-22,2022-12-22 13:00:00,2636.5,2680.0,2518.0,2636.14,-0.01,23.76,60917.89,-1
2022-12-22,2022-12-22 13:01:00,2636.14,2636.14,2635.78,2635.78,-0.01,23.76,60917.89,-1
2022-12-22,2022-12-22 13:02:00,2635.78,2635.78,2635.41,2635.41,-0.01,23.76,60917.89,-1
2022-12-22,2022-12-22 13:03:00,2635.41,2635.41,2635.05,2635.05,-0.01,23.76,60917.89,-1
2022-12-22,2022-12-22 13:04:00,2635.05,2635.05,2634.69,2634.69,-0.01,23.76,60917.89,-1
2022-12-22,2022-12-22 13:05:00,2634.69,2634.69,2634.32,2634.32,-0.01,23.76,60917.89,-1
2022-12-22,2022-12-22 13:06:00,2634.32,2634.32,2633.96,2633.96,-0.01,23.76,60917.89,-1
2022-12-22,2022-12-22 13:07:00,2633.96,2633.96,2633.6,2633.6,-0.01,23.76,60917.89,-1
2022-12-22,2022-12-22 13:08:00,2633.6,2633.6,2633.24,2633.24,-0.01,23.76,60917.89,-1
2022-12-22,2022-12-22 13:09:00,2633.24,2633.24,2632.88,2632.88,-0.01,23.76,60917.89,-1
2022-12-22,2022-12-22 13:10:00,2632.88,2632.88,2632.51,2632.51,-0.01,23.76,60917.89,-1
2022-12-22,2022-12-22 13:11:00,2632.51,2632.51,2632.15,2632.15,-0.01,23.76,60917.89,-1
2022-12-22,2022-12-22 13:12:00,2632.15,2632.15,2631.79,2631.79,-0.01,23.76,60917.89,-1
2022-12-22,2022-12-22 13:13:00,2631.79,2631.79,2631.43,2631.43,-0.01,23.76,60917.89,-1
2022-12-22,2022-12-22 13:14:00,2631.43,2631.43,2631.06,2631.06,-0.01,23.76,60917.89,-1
2022-12-22,2022-12-22 13:15:00,2631.06,2631.06,2630.7,2630.7,-0.01,23.76,60917.89,-1
2022-12-22,2022-12-22 13:16:00,2630.7,2630.7,2630.34,2630.34,-0.01,23.76,60917.89,-1
2022-12-22,2022-12-22 13:17:00,2630.34,2630.34,2629.97,2629.97,-0.01,23.76,60917.89,-1
2022-12-22,2022-12-22 13:18:00,2629.97,2629.97,2629.61,2629.61,-0.01,23.76,60917.89,-1
2022-12-22,2022-12-22 13:19:00,2629.61,2629.61,2629.25,2629.25,-0.01,23.76,60917.89,-1
2022-12-22,2022-12-22 13:20:00,2629.25,2629.25,2628.89,2628.89,-0.01,23.76,60917.89,-1
2022-12-22,2022-12-22 13:21:00,2628.89,2628.89,2628.53,2628.53,-0.01,23.76,60917.89,-1
2022-12-22,2022-12-22 13:22:00,2628.53,2628.53,2628.16,2628.16,-0.01,23.76,60917.89,-1
2022-12-22,2022-12-22 13:23:00,2628.16,2628.16,2627.8,2627.8,-0.01,23.76,60917.89,-1
2022-12-22,2022-12-22 13:24:00,2627.8,2627.8,2627.44,2627.44,-0.01,23.76,60917.89,-1
2022-12-22,2022-12-22 13:25:00,2627.44,2627.44,2627.07,2627.07,-0.01,23.76,60917.89,-1
2022-12-22,2022-12-22 13:26:00,2627.07,2627.07,2626.71,2626.71,-0.01,23.76,60917.89,-1
2022-12-22,2022-12-22 13:27:00,2626.71,2626.71,2626.35,2626.35,-0.01,23.76,60917.89,-1
2022-12-22,2022-12-22 13:28:00,2626.35,2626.35,2625.99,2625.99,-0.01,23.76,60917.89,-1
2022-12-22,2022-12-22 13:29:00,2625.99,2625.99,2625.62,2625.62,-0.01,23.76,60917.89,-1
2022-12-22,2022-12-22 13:30:00,2625.62,2625.62,2625.26,2625.26,-0.01,23.76,60917.89,-1
2022-12-22,2022-12-22 13:31:00,2625.26,2625.26,2624.9,2624.9,-0.01,23.76,60917.89,-1
2022-12-22,2022-12-22 13:32:00,2624.9,2624.9,2624.54,2624.54,-0.01,23.76,60917.89,-1
2022-12-22,2022-12-22 13:33:00,2624.54,2624.54,2624.18,2624.18,-0.01,23.76,60917.89,-1
2022-12-22,2022-12-22 13:34:00,2624.18,2624.18,2623.81,2623.81,-0.01,23.76,60917.89,-1
2022-12-22,2022-12-22 13:35:00,2623.81,2623.81,2623.45,2623.45,-0.01,23.76,60917.89,-1
2022-12-22,2022-12-22 13:36:00,2623.45,2623.45,2623.09,2623.09,-0.01,23.76,60917.89,-1
2022-12-22,2022-12-22 13:37:00,2623.09,2623.09,2622.72,2622.72,-0.01,23.76,60917.89,-1
2022-12-22,2022-12-22 13:38:00,2622.72,2622.72,2622.36,2622.36,-0.01,23.76,60917.89,-1
2022-12-22,2022-12-22 13:39:00,2622.36,2622.36,2622.0,2622.0,-0.01,23.76,60917.89,-1
2022-12-22,2022-12-22 13:40:00,2622.0,2622.0,2621.64,2621.64,-0.01,23.76,60917.89,-1
2022-12-22,2022-12-22 13:41:00,2621.64,2621.64,2621.28,2621.28,-0.01,23.76,60917.89,-1
2022-12-22,2022-12-22 13:42:00,2621.28,2621.28,2620.91,2620.91,-0.01,23.76,60917.89,-1
2022-12-22,2022-12-22 13:43:00,2620.91,2620.91,2620.55,2620.55,-0.01,23.76,60917.89,-1
2022-12-22,2022-12-22 13:44:00,2620.55,2620.55,2620.19,2620.19,-0.01,23.76,60917.89,-1
2022-12-22,2022-12-22 13:45:00,2620.19,2620.19,2619.82,2619.82,-0.01,23.76,60917.89,-1
2022-12-22,2022-12-22 13:46:00,2619.82,2619.82,2619.46,2619.46,-0.01,23.76,60917.89,-1
2022-12-22,2022-12-22 13:47:00,2619.46,2619.46,2619.1,2619.1,-0.01,23.76,60917.89,-1
2022-12-22,2022-12-22 13:48:00,2619.1,2619.1,2618.74,2618.74,-0.01,23.76,60917.89,-1
2022-12-22,2022-12-22 13:49:00,2618.74,2618.74,2618.38,2618.38,-0.01,23.76,60917.89,-1
2022-12-22,2022-12-22 13:50:00,2618.38,2618.38,2618.01,2618.01,-0.01,23.76,60917.89,-1
2022-12-22,2022-12-22 13:51:00,2618.01,2618.01,2617.65,2617.65,-0.01,23.76,60917.89,-1
2022-12-22,2022-12-22 13:52:00,2617.65,2617.65,2617.29,2617.29,-0.01,23.76,60917.89,-1
2022-12-22,2022-12-22 13:53:00,2617.29,2617.29,2616.93,2616.93,-0.01,23.76,60917.89,-1
2022-12-22,2022-12-22 13:54:00,2616.93,2616.93,2616.56,2616.56,-0.01,23.76,60917.89,-1
2022-12-22,2022-12-22 13:55:00,2616.56,2616.56,2616.2,2616.2,-0.01,23.76,60917.89,-1
2022-12-22,2022-12-22 13:56:00,2616.2,2616.2,2615.84,2615.84,-0.01,23.76,60917.89,-1
2022-12-22,2022-12-22 13:57:00,2615.84,2615.84,2615.47,2615.47,-0.01,23.76,60917.89,-1
2022-12-22,2022-12-22 13:58:00,2615.47,2615.47,2615.11,2615.11,-0.01,23.76,60917.89,-1
2022-12-22,2022-12-22 13:59:00,2615.11,2615.11,2614.75,2614.75,-0.01,23.76,60917.89,-1
2022-12-22,2022-12-22 14:00:00,2614.75,2614.75,2614.39,2614.39,-0.01,23.76,60917.89,-1
2022-12-22,2022-12-22 14:01:00,2614.39,2614.39,2614.03,2614.03,-0.01,23.76,60917.89,-1
2022-12-22,2022-12-22 14:02:00,2614.03,2614.03,2613.66,2613.66,-0.01,23.76,60917.89,-1
2022-12-22,2022-12-22 14:03:00,2613.66,2613.66,2613.3,2613.3,-0.01,23.76,60917.89,-1
2022-12-22,2022-12-22 14:04:00,2613.3,2613.3,2612.94,2612.94,-0.01,23.76,60917.89,-1
2022-12-22,2022-12-22 14:05:00,2612.94,2612.94,2612.57,2612.57,-0.01,23.76,60917.89,-1
2022-12-22,2022-12-22 14:06:00,2612.57,2612.57,2612.21,2612.21,-0.01,23.76,60917.89,-1
2022-12-22,2022-12-22 14:07:00,2612.21,2612.21,2611.85,2611.85,-0.01,23.76,60917.89,-1
2022-12-22,2022-12-22 14:08:00,2611.85,2611.85,2611.49,2611.49,-0.01,23.76,60917.89,-1
2022-12-22,2022-12-22 14:09:00,2611.49,2611.49,2611.12,2611.12,-0.01,23.76,60917.89,-1
2022-12-22,2022-12-22 14:10:00,2611.12,2611.12,2610.76,2610.76,-0.01,23.76,60917.89,-1
2022-12-22,2022-12-22 14:11:00,2610.76,2610.76,2610.4,2610.4,-0.01,23.76,60917.89,-1
2022-12-22,2022-12-22 14:12:00,2610.4,2610.4,2610.04,2610.04,-0.01,23.76,60917.89,-1
2022-12-22,2022-12-22 14:13:00,2610.04,2610.04,2609.68,2609.68,-0.01,23.76,60917.89,-1
2022-12-22,2022-12-22 14:14:00,2609.68,2609.68,2609.31,2609.31,-0.01,23.76,60917.89,-1
2022-12-22,2022-12-22 14:15:00,2609.31,2609.31,2608.95,2608.95,-0.01,23.76,60917.89,-1
2022-12-22,2022-12-22 14:16:00,2608.95,2608.95,2608.59,2608.59,-0.01,23.76,60917.89,-1
2022-12-22,2022-12-22 14:17:00,2608.59,2608.59,2608.22,2608.22,-0.01,23.76,60917.89,-1
2022-12-22,2022-12-22 14:18:00,2608.22,2608.22,2607.86,2607.86,-0.01,23.76,60917.89,-1
2022-12-22,2022-12-22 14:19:00,2607.86,2607.86,2607.5,2607.5,-0.01,23.76,60917.89,-1
2022-12-22,2022-12-22 14:20:00,2607.5,2607.5,2607.14,2607.14,-0.01,23.76,60917.89,-1
2022-12-22,2022-12-22 14:21:00,2607.14,2607.14,2606.78,2606.78,-0.01,23.76,60917.89,-1
2022-12-22,2022-12-22 14:22:00,2606.78,2606.78,2606.41,2606.41,-0.01,23.76,60917.89,-1
2022-12-22,2022-12-22 14:23:00,2606.41,2606.41,2606.05,2606.05,-0.01,23.76,60917.89,-1
2022-12-22,2022-12-22 14:24:00,2606.05,2606.05,2605.69,2605.69,-0.01,23.76,60917.89,-1
2022-12-22,2022-12-22 14:25:00,2605.69,2605.69,2605.32,2605.32,-0.01,23.76,60917.89,-1
2022-12-22,2022-12-22 14:26:00,2605.32,2605.32,2604.96,2604.96,-0.01,23.76,60917.89,-1
2022-12-22,2022-12-22 14:27:00,2604.96,2604.96,2604.6,2604.6,-0.01,23.76,60917.89,-1
2022-12-22,2022-12-22 14:28:00,2604.6,2604.6,2604.24,2604.24,-0.01,23.76,60917.89,-1
2022-12-22,2022-12-22 14:29:00,2604.24,2604.24,2603.88,2603.88,-0.01,23.76,60917.89,-1
2022-12-22,2022-12-22 14:30:00,2603.88,2603.88,2603.51,2603.51,-0.01,23.76,60917.89,-1
2022-12-22,2022-12-22 14:31:00,2603.51,2603.51,2603.15,2603.15,-0.01,23.76,60917.89,-1
2022-12-22,2022-12-22 14:32:00,2603.15,2603.15,2602.79,2602.79,-0.01,23.76,60917.89,-1
2022-12-22,2022-12-22 14:33:00,2602.79,2602.79,2602.43,2602.43,-0.01,23.76,60917.89,-1
2022-12-22,2022-12-22 14:34:00,2602.43,2602.43,2602.06,2602.06,-0.01,23.76,60917.89,-1
2022-12-22,2022-12-22 14:35:00,2602.06,2602.06,2601.7,2601.7,-0.01,23.76,60917.89,-1
2022-12-22,2022-12-22 14:36:00,2601.7,2601.7,2601.34,2601.34,-0.01,23.76,60917.89,-1
2022-12-22,2022-12-22 14:37:00,2601.34,2601.34,2600.97,2600.97,-0.01,23.76,60917.89,-1
2022-12-22,2022-12-22 14:38:00,2600.97,2600.97,2600.61,2600.61,-0.01,23.76,60917.89,-1
2022-12-22,2022-12-22 14:39:00,2600.61,2600.61,2600.25,2600.25,-0.01,23.76,60917.89,-1
2022-12-22,2022-12-22 14:40:00,2600.25,2600.25,2599.89,2599.89,-0.01,23.76,60917.89,-1
2022-12-22,2022-12-22 14:41:00,2599.89,2599.89,2599.53,2599.53,-0.01,23.76,60917.89,-1
2022-12-22,2022-12-22 14:42:00,2599.53,2599.53,2599.16,2599.16,-0.01,23.76,60917.89,-1
2022-12-22,2022-12-22 14:43:00,2599.16,2599.16,2598.8,2598.8,-0.01,23.76,60917.89,-1
2022-12-22,2022-12-22 14:44:00,2598.8,2598.8,2598.44,2598.44,-0.01,23.76,60917.89,-1
2022-12-22,2022-12-22 14:45:00,2598.44,2598.44,2598.07,2598.07,-0.01,23.76,60917.89,-1
2022-12-22,2022-12-22 14:46:00,2598.07,2598.07,2597.71,2597.71,-0.01,23.76,60917.89,-1
2022-12-22,2022-12-22 14:47:00,2597.71,2597.71,2597.35,2597.35,-0.01,23.76,60917.89,-1
2022-12-22,2022-12-22 14:48:00,2597.35,2597.35,2596.99,2596.99,-0.01,23.76,60917.89,-1
2022-12-22,2022-12-22 14:49:00,2596.99,2596.99,2596.62,2596.62,-0.01,23.76,60917.89,-1
2022-12-22,2022-12-22 14:50:00,2596.62,2596.62,2596.26,2596.26,-0.01,23.76,60917.89,-1
2022-12-22,2022-12-22 14:51:00,2596.26,2596.26,2595.9,2595.9,-0.01,23.76,60917.89,-1
2022-12-22,2022-12-22 14:52:00,2595.9,2595.9,2595.54,2595.54,-0.01,23.76,60917.89,-1
2022-12-22,2022-12-22 14:53:00,2595.54,2595.54,2595.18,2595.18,-0.01,23.76,60917.89,-1
2022-12-22,2022-12-22 14:54:00,2595.18,2595.18,2594.81,2594.81,-0.01,23.76,60917.89,-1
2022-12-22,2022-12-22 14:55:00,2594.81,2594.81,2594.45,2594.45,-0.01,23.76,60917.89,-1
2022-12-22,2022-12-22 14:56:00,2594.45,2594.45,2594.09,2594.09,-0.01,23.76,60917.89,-1
2022-12-22,2022-12-22 14:57:00,2594.09,2594.09,2593.72,2593.72,-0.01,23.76,60917.89,-1
2022-12-22,2022-12-22 14:58:00,2593.72,2593.72,2593.36,2593.36,-0.01,23.76,60917.89,-1
2022-12-22,2022-12-22 14:59:00,2593.36,2593.36,2593.0,2593.0,-0.01,23.76,60917.89,-1
2022-12-22,2022-12-22 15:00:00,2593.0,2680.0,2518.0,2593.0,0.0,23.76,60917.89,0
2022-12-26,2022-12-26 11:00:00,2644.0,2644.0,2576.8,2643.28,-0.03,46.25,113718.52,-1
2022-12-26,2022-12-26 11:01:00,2643.28,2643.28,2642.57,2642.57,-0.03,46.25,113718.52,-1
2022-12-26,2022-12-26 11:02:00,2642.57,2642.57,2641.85,2641.85,-0.03,46.25,113718.52,-1
2022-12-26,2022-12-26 11:03:00,2641.85,2641.85,2641.13,2641.13,-0.03,46.25,113718.52,-1
2022-12-26,2022-12-26 11:04:00,2641.13,2641.13,2640.42,2640.42,-0.03,46.25,113718.52,-1
2022-12-26,2022-12-26 11:05:00,2640.42,2640.42,2639.7,2639.7,-0.03,46.25,113718.52,-1
2022-12-26,2022-12-26 11:06:00,2639.7,2639.7,2638.98,2638.98,-0.03,46.25,113718.52,-1
2022-12-26,2022-12-26 11:07:00,2638.98,2638.98,2638.27,2638.27,-0.03,46.25,113718.52,-1
2022-12-26,2022-12-26 11:08:00,2638.27,2638.27,2637.55,2637.55,-0.03,46.25,113718.52,-1
2022-12-26,2022-12-26 11:09:00,2637.55,2637.55,2636.83,2636.83,-0.03,46.25,113718.52,-1
2022-12-26,2022-12-26 11:10:00,2636.83,2636.83,2636.12,2636.12,-0.03,46.25,113718.52,-1
2022-12-26,2022-12-26 11:11:00,2636.12,2636.12,2635.4,2635.4,-0.03,46.25,113718.52,-1
2022-12-26,2022-12-26 11:12:00,2635.4,2635.4,2634.68,2634.68,-0.03,46.25,113718.52,-1
2022-12-26,2022-12-26 11:13:00,2634.68,2634.68,2633.97,2633.97,-0.03,46.25,113718.52,-1
2022-12-26,2022-12-26 11:14:00,2633.97,2633.97,2633.25,2633.25,-0.03,46.25,113718.52,-1
2022-12-26,2022-12-26 11:15:00,2633.25,2633.25,2632.53,2632.53,-0.03,46.25,113718.52,-1
2022-12-26,2022-12-26 11:16:00,2632.53,2632.53,2631.82,2631.82,-0.03,46.25,113718.52,-1
2022-12-26,2022-12-26 11:17:00,2631.82,2631.82,2631.1,2631.1,-0.03,46.25,113718.52,-1
2022-12-26,2022-12-26 11:18:00,2631.1,2631.1,2630.38,2630.38,-0.03,46.25,113718.52,-1
2022-12-26,2022-12-26 11:19:00,2630.38,2630.38,2629.67,2629.67,-0.03,46.25,113718.52,-1
2022-12-26,2022-12-26 11:20:00,2629.67,2629.67,2628.95,2628.95,-0.03,46.25,113718.52,-1
2022-12-26,2022-12-26 11:21:00,2628.95,2628.95,2628.23,2628.23,-0.03,46.25,113718.52,-1
2022-12-26,2022-12-26 11:22:00,2628.23,2628.23,2627.52,2627.52,-0.03,46.25,113718.52,-1
2022-12-26,2022-12-26 11:23:00,2627.52,2627.52,2626.8,2626.8,-0.03,46.25,113718.52,-1
2022-12-26,2022-12-26 11:24:00,2626.8,2626.8,2626.08,2626.08,-0.03,46.25,113718.52,-1
2022-12-26,2022-12-26 11:25:00,2626.08,2626.08,2625.37,2625.37,-0.03,46.25,113718.52,-1
2022-12-26,2022-12-26 11:26:00,2625.37,2625.37,2624.65,2624.65,-0.03,46.25,113718.52,-1
2022-12-26,2022-12-26 11:27:00,2624.65,2624.65,2623.93,2623.93,-0.03,46.25,113718.52,-1
2022-12-26,2022-12-26 11:28:00,2623.93,2623.93,2623.22,2623.22,-0.03,46.25,113718.52,-1
2022-12-26,2022-12-26 11:29:00,2623.22,2623.22,2622.5,2622.5,-0.03,46.25,113718.52,-1
2022-12-26,2022-12-26 11:30:00,2622.5,2622.5,2621.78,2621.78,-0.03,46.25,113718.52,-1
2022-12-26,2022-12-26 11:31:00,2621.78,2621.78,2621.07,2621.07,-0.03,46.25,113718.52,-1
2022-12-26,2022-12-26 11:32:00,2621.07,2621.07,2620.35,2620.35,-0.03,46.25,113718.52,-1
2022-12-26,2022-12-26 11:33:00,2620.35,2620.35,2619.63,2619.63,-0.03,46.25,113718.52,-1
2022-12-26,2022-12-26 11:34:00,2619.63,2619.63,2618.92,2618.92,-0.03,46.25,113718.52,-1
2022-12-26,2022-12-26 11:35:00,2618.92,2618.92,2618.2,2618.2,-0.03,46.25,113718.52,-1
2022-12-26,2022-12-26 11:36:00,2618.2,2618.2,2617.48,2617.48,-0.03,46.25,113718.52,-1
2022-12-26,2022-12-26 11:37:00,2617.48,2617.48,2616.77,2616.77,-0.03,46.25,113718.52,-1
2022-12-26,2022-12-26 11:38:00,2616.77,2616.77,2616.05,2616.05,-0.03,46.25,113718.52,-1
2022-12-26,2022-12-26 11:39:00,2616.05,2616.05,2615.33,2615.33,-0.03,46.25,113718.52,-1
2022-12-26,2022-12-26 11:40:00,2615.33,2615.33,2614.62,2614.62,-0.03,46.25,113718.52,-1
2022-12-26,2022-12-26 11:41:00,2614.62,2614.62,2613.9,2613.9,-0.03,46.25,113718.52,-1
2022-12-26,2022-12-26 11:42:00,2613.9,2613.9,2613.18,2613.18,-0.03,46.25,113718.52,-1
2022-12-26,2022-12-26 11:43:00,2613.18,2613.18,2612.47,2612.47,-0.03,46.25,113718.52,-1
2022-12-26,2022-12-26 11:44:00,2612.47,2612.47,2611.75,2611.75,-0.03,46.25,113718.52,-1
2022-12-26,2022-12-26 11:45:00,2611.75,2611.75,2611.03,2611.03,-0.03,46.25,113718.52,-1
2022-12-26,2022-12-26 11:46:00,2611.03,2611.03,2610.32,2610.32,-0.03,46.25,113718.52,-1
2022-12-26,2022-12-26 11:47:00,2610.32,2610.32,2609.6,2609.6,-0.03,46.25,113718.52,-1
2022-12-26,2022-12-26 11:48:00,2609.6,2609.6,2608.88,2608.88,-0.03,46.25,113718.52,-1
2022-12-26,2022-12-26 11:49:00,2608.88,2608.88,2608.17,2608.17,-0.03,46.25,113718.52,-1
2022-12-26,2022-12-26 11:50:00,2608.17,2608.17,2607.45,2607.45,-0.03,46.25,113718.52,-1
2022-12-26,2022-12-26 11:51:00,2607.45,2607.45,2606.73,2606.73,-0.03,46.25,113718.52,-1
2022-12-26,2022-12-26 11:52:00,2606.73,2606.73,2606.02,2606.02,-0.03,46.25,113718.52,-1
2022-12-26,2022-12-26 11:53:00,2606.02,2606.02,2605.3,2605.3,-0.03,46.25,113718.52,-1
2022-12-26,2022-12-26 11:54:00,2605.3,2605.3,2604.58,2604.58,-0.03,46.25,113718.52,-1
2022-12-26,2022-12-26 11:55:00,2604.58,2604.58,2603.87,2603.87,-0.03,46.25,113718.52,-1
2022-12-26,2022-12-26 11:56:00,2603.87,2603.87,2603.15,2603.15,-0.03,46.25,113718.52,-1
2022-12-26,2022-12-26 11:57:00,2603.15,2603.15,2602.43,2602.43,-0.03,46.25,113718.52,-1
2022-12-26,2022-12-26 11:58:00,2602.43,2602.43,2601.72,2601.72,-0.03,46.25,113718.52,-1
2022-12-26,2022-12-26 11:59:00,2601.72,2601.72,2601.0,2601.0,-0.03,46.25,113718.52,-1
2022-12-26,2022-12-26 12:00:00,2601.0,2601.0,2600.28,2600.28,-0.03,46.25,113718.52,-1
2022-12-26,2022-12-26 12:01:00,2600.28,2600.28,2599.57,2599.57,-0.03,46.25,113718.52,-1
2022-12-26,2022-12-26 12:02:00,2599.57,2599.57,2598.85,2598.85,-0.03,46.25,113718.52,-1
2022-12-26,2022-12-26 12:03:00,2598.85,2598.85,2598.13,2598.13,-0.03,46.25,113718.52,-1
2022-12-26,2022-12-26 12:04:00,2598.13,2598.13,2597.42,2597.42,-0.03,46.25,113718.52,-1
2022-12-26,2022-12-26 12:05:00,2597.42,2597.42,2596.7,2596.7,-0.03,46.25,113718.52,-1
2022-12-26,2022-12-26 12:06:00,2596.7,2596.7,2595.98,2595.98,-0.03,46.25,113718.52,-1
2022-12-26,2022-12-26 12:07:00,2595.98,2595.98,2595.27,2595.27,-0.03,46.25,113718.52,-1
2022-12-26,2022-12-26 12:08:00,2595.27,2595.27,2594.55,2594.55,-0.03,46.25,113718.52,-1
2022-12-26,2022-12-26 12:09:00,2594.55,2594.55,2593.83,2593.83,-0.03,46.25,113718.52,-1
2022-12-26,2022-12-26 12:10:00,2593.83,2593.83,2593.12,2593.12,-0.03,46.25,113718.52,-1
2022-12-26,2022-12-26 12:11:00,2593.12,2593.12,2592.4,2592.4,-0.03,46.25,113718.52,-1
2022-12-26,2022-12-26 12:12:00,2592.4,2592.4,2591.68,2591.68,-0.03,46.25,113718.52,-1
2022-12-26,2022-12-26 12:13:00,2591.68,2591.68,2590.97,2590.97,-0.03,46.25,113718.52,-1
2022-12-26,2022-12-26 12:14:00,2590.97,2590.97,2590.25,2590.25,-0.03,46.25,113718.52,-1
2022-12-26,2022-12-26 12:15:00,2590.25,2590.25,2589.53,2589.53,-0.03,46.25,113718.52,-1
2022-12-26,2022-12-26 12:16:00,2589.53,2589.53,2588.82,2588.82,-0.03,46.25,113718.52,-1
2022-12-26,2022-12-26 12:17:00,2588.82,2588.82,2588.1,2588.1,-0.03,46.25,113718.52,-1
2022-12-26,2022-12-26 12:18:00,2588.1,2588.1,2587.38,2587.38,-0.03,46.25,113718.52,-1
2022-12-26,2022-12-26 12:19:00,2587.38,2587.38,2586.67,2586.67,-0.03,46.25,113718.52,-1
2022-12-26,2022-12-26 12:20:00,2586.67,2586.67,2585.95,2585.95,-0.03,46.25,113718.52,-1
2022-12-26,2022-12-26 12:21:00,2585.95,2585.95,2585.23,2585.23,-0.03,46.25,113718.52,-1
2022-12-26,2022-12-26 12:22:00,2585.23,2585.23,2584.52,2584.52,-0.03,46.25,113718.52,-1
2022-12-26,2022-12-26 12:23:00,2584.52,2584.52,2583.8,2583.8,-0.03,46.25,113718.52,-1
2022-12-26,2022-12-26 12:24:00,2583.8,2583.8,2583.08,2583.08,-0.03,46.25,113718.52,-1
2022-12-26,2022-12-26 12:25:00,2583.08,2583.08,2582.37,2582.37,-0.03,46.25,113718.52,-1
2022-12-26,2022-12-26 12:26:00,2582.37,2582.37,2581.65,2581.65,-0.03,46.25,113718.52,-1
2022-12-26,2022-12-26 12:27:00,2581.65,2581.65,2580.93,2580.93,-0.03,46.25,113718.52,-1
2022-12-26,2022-12-26 12:28:00,2580.93,2580.93,2580.22,2580.22,-0.03,46.25,113718.52,-1
2022-12-26,2022-12-26 12:29:00,2580.22,2580.22,2579.5,2579.5,-0.03,46.25,113718.52,-1
2022-12-26,2022-12-26 12:30:00,2579.5,2579.5,2578.78,2578.78,-0.03,46.25,113718.52,-1
2022-12-26,2022-12-26 12:31:00,2578.78,2578.78,2578.07,2578.07,-0.03,46.25,113718.52,-1
2022-12-26,2022-12-26 12:32:00,2578.07,2578.07,2577.35,2577.35,-0.03,46.25,113718.52,-1
2022-12-26,2022-12-26 12:33:00,2577.35,2577.35,2576.63,2576.63,-0.03,46.25,113718.52,-1
2022-12-26,2022-12-26 12:34:00,2576.63,2576.63,2575.92,2575.92,-0.03,46.25,113718.52,-1
2022-12-26,2022-12-26 12:35:00,2575.92,2575.92,2575.2,2575.2,-0.03,46.25,113718.52,-1
2022-12-26,2022-12-26 12:36:00,2575.2,2575.2,2574.48,2574.48,-0.03,46.25,113718.52,-1
2022-12-26,2022-12-26 12:37:00,2574.48,2574.48,2573.77,2573.77,-0.03,46.25,113718.52,-1
2022-12-26,2022-12-26 12:38:00,2573.77,2573.77,2573.05,2573.05,-0.03,46.25,113718.52,-1
2022-12-26,2022-12-26 12:39:00,2573.05,2573.05,2572.33,2572.33,-0.03,46.25,113718.52,-1
2022-12-26,2022-12-26 12:40:00,2572.33,2572.33,2571.62,2571.62,-0.03,46.25,113718.52,-1
2022-12-26,2022-12-26 12:41:00,2571.62,2571.62,2570.9,2570.9,-0.03,46.25,113718.52,-1
2022-12-26,2022-12-26 12:42:00,2570.9,2570.9,2570.18,2570.18,-0.03,46.25,113718.52,-1
2022-12-26,2022-12-26 12:43:00,2570.18,2570.18,2569.47,2569.47,-0.03,46.25,113718.52,-1
2022-12-26,2022-12-26 12:44:00,2569.47,2569.47,2568.75,2568.75,-0.03,46.25,113718.52,-1
2022-12-26,2022-12-26 12:45:00,2568.75,2568.75,2568.03,2568.03,-0.03,46.25,113718.52,-1
2022-12-26,2022-12-26 12:46:00,2568.03,2568.03,2567.32,2567.32,-0.03,46.25,113718.52,-1
2022-12-26,2022-12-26 12:47:00,2567.32,2567.32,2566.6,2566.6,-0.03,46.25,113718.52,-1
2022-12-26,2022-12-26 12:48:00,2566.6,2566.6,2565.88,2565.88,-0.03,46.25,113718.52,-1
2022-12-26,2022-12-26 12:49:00,2565.88,2565.88,2565.17,2565.17,-0.03,46.25,113718.52,-1
2022-12-26,2022-12-26 12:50:00,2565.17,2565.17,2564.45,2564.45,-0.03,46.25,113718.52,-1
2022-12-26,2022-12-26 12:51:00,2564.45,2564.45,2563.73,2563.73,-0.03,46.25,113718.52,-1
2022-12-26,2022-12-26 12:52:00,2563.73,2563.73,2563.02,2563.02,-0.03,46.25,113718.52,-1
2022-12-26,2022-12-26 12:53:00,2563.02,2563.02,2562.3,2562.3,-0.03,46.25,113718.52,-1
2022-12-26,2022-12-26 12:54:00,2562.3,2562.3,2561.58,2561.58,-0.03,46.25,113718.52,-1
2022-12-26,2022-12-26 12:55:00,2561.58,2561.58,2560.87,2560.87,-0.03,46.25,113718.52,-1
2022-12-26,2022-12-26 12:56:00,2560.87,2560.87,2560.15,2560.15,-0.03,46.25,113718.52,-1
2022-12-26,2022-12-26 12:57:00,2560.15,2560.15,2559.43,2559.43,-0.03,46.25,113718.52,-1
2022-12-26,2022-12-26 12:58:00,2559.43,2559.43,2558.72,2558.72,-0.03,46.25,113718.52,-1
2022-12-26,2022-12-26 12:59:00,2558.72,2558.72,2558.0,2558.0,-0.03,46.25,113718.52,-1
2022-12-26,2022-12-26 13:00:00,2558.0,2644.0,2420.0,2557.28,-0.03,46.25,113718.52,-1
2022-12-26,2022-12-26 13:01:00,2557.28,2557.28,2556.57,2556.57,-0.03,46.25,113718.52,-1
2022-12-26,2022-12-26 13:02:00,2556.57,2556.57,2555.85,2555.85,-0.03,46.25,113718.52,-1
2022-12-26,2022-12-26 13:03:00,2555.85,2555.85,2555.13,2555.13,-0.03,46.25,113718.52,-1
2022-12-26,2022-12-26 13:04:00,2555.13,2555.13,2554.42,2554.42,-0.03,46.25,113718.52,-1
2022-12-26,2022-12-26 13:05:00,2554.42,2554.42,2553.7,2553.7,-0.03,46.25,113718.52,-1
2022-12-26,2022-12-26 13:06:00,2553.7,2553.7,2552.98,2552.98,-0.03,46.25,113718.52,-1
2022-12-26,2022-12-26 13:07:00,2552.98,2552.98,2552.27,2552.27,-0.03,46.25,113718.52,-1
2022-12-26,2022-12-26 13:08:00,2552.27,2552.27,2551.55,2551.55,-0.03,46.25,113718.52,-1
2022-12-26,2022-12-26 13:09:00,2551.55,2551.55,2550.83,2550.83,-0.03,46.25,113718.52,-1
2022-12-26,2022-12-26 13:10:00,2550.83,2550.83,2550.12,2550.12,-0.03,46.25,113718.52,-1
2022-12-26,2022-12-26 13:11:00,2550.12,2550.12,2549.4,2549.4,-0.03,46.25,113718.52,-1
2022-12-26,2022-12-26 13:12:00,2549.4,2549.4,2548.68,2548.68,-0.03,46.25,113718.52,-1
2022-12-26,2022-12-26 13:13:00,2548.68,2548.68,2547.97,2547.97,-0.03,46.25,113718.52,-1
2022-12-26,2022-12-26 13:14:00,2547.97,2547.97,2547.25,2547.25,-0.03,46.25,113718.52,-1
2022-12-26,2022-12-26 13:15:00,2547.25,2547.25,2546.53,2546.53,-0.03,46.25,113718.52,-1
2022-12-26,2022-12-26 13:16:00,2546.53,2546.53,2545.82,2545.82,-0.03,46.25,113718.52,-1
2022-12-26,2022-12-26 13:17:00,2545.82,2545.82,2545.1,2545.1,-0.03,46.25,113718.52,-1
2022-12-26,2022-12-26 13:18:00,2545.1,2545.1,2544.38,2544.38,-0.03,46.25,113718.52,-1
2022-12-26,2022-12-26 13:19:00,2544.38,2544.38,2543.67,2543.67,-0.03,46.25,113718.52,-1
2022-12-26,2022-12-26 13:20:00,2543.67,2543.67,2542.95,2542.95,-0.03,46.25,113718.52,-1
2022-12-26,2022-12-26 13:21:00,2542.95,2542.95,2542.23,2542.23,-0.03,46.25,113718.52,-1
2022-12-26,2022-12-26 13:22:00,2542.23,2542.23,2541.52,2541.52,-0.03,46.25,113718.52,-1
2022-12-26,2022-12-26 13:23:00,2541.52,2541.52,2540.8,2540.8,-0.03,46.25,113718.52,-1
2022-12-26,2022-12-26 13:24:00,2540.8,2540.8,2540.08,2540.08,-0.03,46.25,113718.52,-1
2022-12-26,2022-12-26 13:25:00,2540.08,2540.08,2539.37,2539.37,-0.03,46.25,113718.52,-1
2022-12-26,2022-12-26 13:26:00,2539.37,2539.37,2538.65,2538.65,-0.03,46.25,113718.52,-1
2022-12-26,2022-12-26 13:27:00,2538.65,2538.65,2537.93,2537.93,-0.03,46.25,113718.52,-1
2022-12-26,2022-12-26 13:28:00,2537.93,2537.93,2537.22,2537.22,-0.03,46.25,113718.52,-1
2022-12-26,2022-12-26 13:29:00,2537.22,2537.22,2536.5,2536.5,-0.03,46.25,113718.52,-1
2022-12-26,2022-12-26 13:30:00,2536.5,2536.5,2535.78,2535.78,-0.03,46.25,113718.52,-1
2022-12-26,2022-12-26 13:31:00,2535.78,2535.78,2535.07,2535.07,-0.03,46.25,113718.52,-1
2022-12-26,2022-12-26 13:32:00,2535.07,2535.07,2534.35,2534.35,-0.03,46.25,113718.52,-1
2022-12-26,2022-12-26 13:33:00,2534.35,2534.35,2533.63,2533.63,-0.03,46.25,113718.52,-1
2022-12-26,2022-12-26 13:34:00,2533.63,2533.63,2532.92,2532.92,-0.03,46.25,113718.52,-1
2022-12-26,2022-12-26 13:35:00,2532.92,2532.92,2532.2,2532.2,-0.03,46.25,113718.52,-1
2022-12-26,2022-12-26 13:36:00,2532.2,2532.2,2531.48,2531.48,-0.03,46.25,113718.52,-1
2022-12-26,2022-12-26 13:37:00,2531.48,2531.48,2530.77,2530.77,-0.03,46.25,113718.52,-1
2022-12-26,2022-12-26 13:38:00,2530.77,2530.77,2530.05,2530.05,-0.03,46.25,113718.52,-1
2022-12-26,2022-12-26 13:39:00,2530.05,2530.05,2529.33,2529.33,-0.03,46.25,113718.52,-1
2022-12-26,2022-12-26 13:40:00,2529.33,2529.33,2528.62,2528.62,-0.03,46.25,113718.52,-1
2022-12-26,2022-12-26 13:41:00,2528.62,2528.62,2527.9,2527.9,-0.03,46.25,113718.52,-1
2022-12-26,2022-12-26 13:42:00,2527.9,2527.9,2527.18,2527.18,-0.03,46.25,113718.52,-1
2022-12-26,2022-12-26 13:43:00,2527.18,2527.18,2526.47,2526.47,-0.03,46.25,113718.52,-1
2022-12-26,2022-12-26 13:44:00,2526.47,2526.47,2525.75,2525.75,-0.03,46.25,113718.52,-1
2022-12-26,2022-12-26 13:45:00,2525.75,2525.75,2525.03,2525.03,-0.03,46.25,113718.52,-1
2022-12-26,2022-12-26 13:46:00,2525.03,2525.03,2524.32,2524.32,-0.03,46.25,113718.52,-1
2022-12-26,2022-12-26 13:47:00,2524.32,2524.32,2523.6,2523.6,-0.03,46.25,113718.52,-1
2022-12-26,2022-12-26 13:48:00,2523.6,2523.6,2522.88,2522.88,-0.03,46.25,113718.52,-1
2022-12-26,2022-12-26 13:49:00,2522.88,2522.88,2522.17,2522.17,-0.03,46.25,113718.52,-1
2022-12-26,2022-12-26 13:50:00,2522.17,2522.17,2521.45,2521.45,-0.03,46.25,113718.52,-1
2022-12-26,2022-12-26 13:51:00,2521.45,2521.45,2520.73,2520.73,-0.03,46.25,113718.52,-1
2022-12-26,2022-12-26 13:52:00,2520.73,2520.73,2520.02,2520.02,-0.03,46.25,113718.52,-1
2022-12-26,2022-12-26 13:53:00,2520.02,2520.02,2519.3,2519.3,-0.03,46.25,113718.52,-1
2022-12-26,2022-12-26 13:54:00,2519.3,2519.3,2518.58,2518.58,-0.03,46.25,113718.52,-1
2022-12-26,2022-12-26 13:55:00,2518.58,2518.58,2517.87,2517.87,-0.03,46.25,113718.52,-1
2022-12-26,2022-12-26 13:56:00,2517.87,2517.87,2517.15,2517.15,-0.03,46.25,113718.52,-1
2022-12-26,2022-12-26 13:57:00,2517.15,2517.15,2516.43,2516.43,-0.03,46.25,113718.52,-1
2022-12-26,2022-12-26 13:58:00,2516.43,2516.43,2515.72,2515.72,-0.03,46.25,113718.52,-1
2022-12-26,2022-12-26 13:59:00,2515.72,2515.72,2515.0,2515.0,-0.03,46.25,113718.52,-1
2022-12-26,2022-12-26 14:00:00,2515.0,2515.0,2514.28,2514.28,-0.03,46.25,113718.52,-1
2022-12-26,2022-12-26 14:01:00,2514.28,2514.28,2513.57,2513.57,-0.03,46.25,113718.52,-1
2022-12-26,2022-12-26 14:02:00,2513.57,2513.57,2512.85,2512.85,-0.03,46.25,113718.52,-1
2022-12-26,2022-12-26 14:03:00,2512.85,2512.85,2512.13,2512.13,-0.03,46.25,113718.52,-1
2022-12-26,2022-12-26 14:04:00,2512.13,2512.13,2511.42,2511.42,-0.03,46.25,113718.52,-1
2022-12-26,2022-12-26 14:05:00,2511.42,2511.42,2510.7,2510.7,-0.03,46.25,113718.52,-1
2022-12-26,2022-12-26 14:06:00,2510.7,2510.7,2509.98,2509.98,-0.03,46.25,113718.52,-1
2022-12-26,2022-12-26 14:07:00,2509.98,2509.98,2509.27,2509.27,-0.03,46.25,113718.52,-1
2022-12-26,2022-12-26 14:08:00,2509.27,2509.27,2508.55,2508.55,-0.03,46.25,113718.52,-1
2022-12-26,2022-12-26 14:09:00,2508.55,2508.55,2507.83,2507.83,-0.03,46.25,113718.52,-1
2022-12-26,2022-12-26 14:10:00,2507.83,2507.83,2507.12,2507.12,-0.03,46.25,113718.52,-1
2022-12-26,2022-12-26 14:11:00,2507.12,2507.12,2506.4,2506.4,-0.03,46.25,113718.52,-1
2022-12-26,2022-12-26 14:12:00,2506.4,2506.4,2505.68,2505.68,-0.03,46.25,113718.52,-1
2022-12-26,2022-12-26 14:13:00,2505.68,2505.68,2504.97,2504.97,-0.03,46.25,113718.52,-1
2022-12-26,2022-12-26 14:14:00,2504.97,2504.97,2504.25,2504.25,-0.03,46.25,113718.52,-1
2022-12-26,2022-12-26 14:15:00,2504.25,2504.25,2503.53,2503.53,-0.03,46.25,113718.52,-1
2022-12-26,2022-12-26 14:16:00,2503.53,2503.53,2502.82,2502.82,-0.03,46.25,113718.52,-1
2022-12-26,2022-12-26 14:17:00,2502.82,2502.82,2502.1,2502.1,-0.03,46.25,113718.52,-1
2022-12-26,2022-12-26 14:18:00,2502.1,2502.1,2501.38,2501.38,-0.03,46.25,113718.52,-1
2022-12-26,2022-12-26 14:19:00,2501.38,2501.38,2500.67,2500.67,-0.03,46.25,113718.52,-1
2022-12-26,2022-12-26 14:20:00,2500.67,2500.67,2499.95,2499.95,-0.03,46.25,113718.52,-1
2022-12-26,2022-12-26 14:21:00,2499.95,2499.95,2499.23,2499.23,-0.03,46.25,113718.52,-1
2022-12-26,2022-12-26 14:22:00,2499.23,2499.23,2498.52,2498.52,-0.03,46.25,113718.52,-1
2022-12-26,2022-12-26 14:23:00,2498.52,2498.52,2497.8,2497.8,-0.03,46.25,113718.52,-1
2022-12-26,2022-12-26 14:24:00,2497.8,2497.8,2497.08,2497.08,-0.03,46.25,113718.52,-1
2022-12-26,2022-12-26 14:25:00,2497.08,2497.08,2496.37,2496.37,-0.03,46.25,113718.52,-1
2022-12-26,2022-12-26 14:26:00,2496.37,2496.37,2495.65,2495.65,-0.03,46.25,113718.52,-1
2022-12-26,2022-12-26 14:27:00,2495.65,2495.65,2494.93,2494.93,-0.03,46.25,113718.52,-1
2022-12-26,2022-12-26 14:28:00,2494.93,2494.93,2494.22,2494.22,-0.03,46.25,113718.52,-1
2022-12-26,2022-12-26 14:29:00,2494.22,2494.22,2493.5,2493.5,-0.03,46.25,113718.52,-1
2022-12-26,2022-12-26 14:30:00,2493.5,2493.5,2492.78,2492.78,-0.03,46.25,113718.52,-1
2022-12-26,2022-12-26 14:31:00,2492.78,2492.78,2492.07,2492.07,-0.03,46.25,113718.52,-1
2022-12-26,2022-12-26 14:32:00,2492.07,2492.07,2491.35,2491.35,-0.03,46.25,113718.52,-1
2022-12-26,2022-12-26 14:33:00,2491.35,2491.35,2490.63,2490.63,-0.03,46.25,113718.52,-1
2022-12-26,2022-12-26 14:34:00,2490.63,2490.63,2489.92,2489.92,-0.03,46.25,113718.52,-1
2022-12-26,2022-12-26 14:35:00,2489.92,2489.92,2489.2,2489.2,-0.03,46.25,113718.52,-1
2022-12-26,2022-12-26 14:36:00,2489.2,2489.2,2488.48,2488.48,-0.03,46.25,113718.52,-1
2022-12-26,2022-12-26 14:37:00,2488.48,2488.48,2487.77,2487.77,-0.03,46.25,113718.52,-1
2022-12-26,2022-12-26 14:38:00,2487.77,2487.77,2487.05,2487.05,-0.03,46.25,113718.52,-1
2022-12-26,2022-12-26 14:39:00,2487.05,2487.05,2486.33,2486.33,-0.03,46.25,113718.52,-1
2022-12-26,2022-12-26 14:40:00,2486.33,2486.33,2485.62,2485.62,-0.03,46.25,113718.52,-1
2022-12-26,2022-12-26 14:41:00,2485.62,2485.62,2484.9,2484.9,-0.03,46.25,113718.52,-1
2022-12-26,2022-12-26 14:42:00,2484.9,2484.9,2484.18,2484.18,-0.03,46.25,113718.52,-1
2022-12-26,2022-12-26 14:43:00,2484.18,2484.18,2483.47,2483.47,-0.03,46.25,113718.52,-1
2022-12-26,2022-12-26 14:44:00,2483.47,2483.47,2482.75,2482.75,-0.03,46.25,113718.52,-1
2022-12-26,2022-12-26 14:45:00,2482.75,2482.75,2482.03,2482.03,-0.03,46.25,113718.52,-1
2022-12-26,2022-12-26 14:46:00,2482.03,2482.03,2481.32,2481.32,-0.03,46.25,113718.52,-1
2022-12-26,2022-12-26 14:47:00,2481.32,2481.32,2480.6,2480.6,-0.03,46.25,113718.52,-1
2022-12-26,2022-12-26 14:48:00,2480.6,2480.6,2479.88,2479.88,-0.03,46.25,113718.52,-1
2022-12-26,2022-12-26 14:49:00,2479.88,2479.88,2479.17,2479.17,-0.03,46.25,113718.52,-1
2022-12-26,2022-12-26 14:50:00,2479.17,2479.17,2478.45,2478.45,-0.03,46.25,113718.52,-1
2022-12-26,2022-12-26 14:51:00,2478.45,2478.45,2477.73,2477.73,-0.03,46.25,113718.52,-1
2022-12-26,2022-12-26 14:52:00,2477.73,2477.73,2477.02,2477.02,-0.03,46.25,113718.52,-1
2022-12-26,2022-12-26 14:53:00,2477.02,2477.02,2476.3,2476.3,-0.03,46.25,113718.52,-1
2022-12-26,2022-12-26 14:54:00,2476.3,2476.3,2475.58,2475.58,-0.03,46.25,113718.52,-1
2022-12-26,2022-12-26 14:55:00,2475.58,2475.58,2474.87,2474.87,-0.03,46.25,113718.52,-1
2022-12-26,2022-12-26 14:56:00,2474.87,2474.87,2474.15,2474.15,-0.03,46.25,113718.52,-1
2022-12-26,2022-12-26 14:57:00,2474.15,2474.15,2473.43,2473.43,-0.03,46.25,113718.52,-1
2022-12-26,2022-12-26 14:58:00,2473.43,2473.43,2472.72,2472.72,-0.03,46.25,113718.52,-1
2022-12-26,2022-12-26 14:59:00,2472.72,2472.72,2472.0,2472.0,-0.03,46.25,113718.52,-1
2022-12-26,2022-12-26 15:00:00,2472.0,2644.0,2420.0,2472.0,0.0,46.25,113718.52,0
2022-12-27,2022-12-27 11:00:00,2480.0,2486.0,2462.9,2479.78,-0.01,29.43,71851.22,-1
2022-12-27,2022-12-27 11:01:00,2479.78,2479.78,2479.55,2479.55,-0.01,29.43,71851.22,-1
2022-12-27,2022-12-27 11:02:00,2479.55,2479.55,2479.32,2479.32,-0.01,29.43,71851.22,-1
2022-12-27,2022-12-27 11:03:00,2479.32,2479.32,2479.1,2479.1,-0.01,29.43,71851.22,-1
2022-12-27,2022-12-27 11:04:00,2479.1,2479.1,2478.88,2478.88,-0.01,29.43,71851.22,-1
2022-12-27,2022-12-27 11:05:00,2478.88,2478.88,2478.65,2478.65,-0.01,29.43,71851.22,-1
2022-12-27,2022-12-27 11:06:00,2478.65,2478.65,2478.43,2478.43,-0.01,29.43,71851.22,-1
2022-12-27,2022-12-27 11:07:00,2478.43,2478.43,2478.2,2478.2,-0.01,29.43,71851.22,-1
2022-12-27,2022-12-27 11:08:00,2478.2,2478.2,2477.97,2477.97,-0.01,29.43,71851.22,-1
2022-12-27,2022-12-27 11:09:00,2477.97,2477.97,2477.75,2477.75,-0.01,29.43,71851.22,-1
2022-12-27,2022-12-27 11:10:00,2477.75,2477.75,2477.53,2477.53,-0.01,29.43,71851.22,-1
2022-12-27,2022-12-27 11:11:00,2477.53,2477.53,2477.3,2477.3,-0.01,29.43,71851.22,-1
2022-12-27,2022-12-27 11:12:00,2477.3,2477.3,2477.07,2477.07,-0.01,29.43,71851.22,-1
2022-12-27,2022-12-27 11:13:00,2477.07,2477.07,2476.85,2476.85,-0.01,29.43,71851.22,-1
2022-12-27,2022-12-27 11:14:00,2476.85,2476.85,2476.62,2476.62,-0.01,29.43,71851.22,-1
2022-12-27,2022-12-27 11:15:00,2476.62,2476.62,2476.4,2476.4,-0.01,29.43,71851.22,-1
2022-12-27,2022-12-27 11:16:00,2476.4,2476.4,2476.18,2476.18,-0.01,29.43,71851.22,-1
2022-12-27,2022-12-27 11:17:00,2476.18,2476.18,2475.95,2475.95,-0.01,29.43,71851.22,-1
2022-12-27,2022-12-27 11:18:00,2475.95,2475.95,2475.72,2475.72,-0.01,29.43,71851.22,-1
2022-12-27,2022-12-27 11:19:00,2475.72,2475.72,2475.5,2475.5,-0.01,29.43,71851.22,-1
2022-12-27,2022-12-27 11:20:00,2475.5,2475.5,2475.28,2475.28,-0.01,29.43,71851.22,-1
2022-12-27,2022-12-27 11:21:00,2475.28,2475.28,2475.05,2475.05,-0.01,29.43,71851.22,-1
2022-12-27,2022-12-27 11:22:00,2475.05,2475.05,2474.82,2474.82,-0.01,29.43,71851.22,-1
2022-12-27,2022-12-27 11:23:00,2474.82,2474.82,2474.6,2474.6,-0.01,29.43,71851.22,-1
2022-12-27,2022-12-27 11:24:00,2474.6,2474.6,2474.38,2474.38,-0.01,29.43,71851.22,-1
2022-12-27,2022-12-27 11:25:00,2474.38,2474.38,2474.15,2474.15,-0.01,29.43,71851.22,-1
2022-12-27,2022-12-27 11:26:00,2474.15,2474.15,2473.93,2473.93,-0.01,29.43,71851.22,-1
2022-12-27,2022-12-27 11:27:00,2473.93,2473.93,2473.7,2473.7,-0.01,29.43,71851.22,-1
2022-12-27,2022-12-27 11:28:00,2473.7,2473.7,2473.47,2473.47,-0.01,29.43,71851.22,-1
2022-12-27,2022-12-27 11:29:00,2473.47,2473.47,2473.25,2473.25,-0.01,29.43,71851.22,-1
2022-12-27,2022-12-27 11:30:00,2473.25,2473.25,2473.03,2473.03,-0.01,29.43,71851.22,-1
2022-12-27,2022-12-27 11:31:00,2473.03,2473.03,2472.8,2472.8,-0.01,29.43,71851.22,-1
2022-12-27,2022-12-27 11:32:00,2472.8,2472.8,2472.57,2472.57,-0.01,29.43,71851.22,-1
2022-12-27,2022-12-27 11:33:00,2472.57,2472.57,2472.35,2472.35,-0.01,29.43,71851.22,-1
2022-12-27,2022-12-27 11:34:00,2472.35,2472.35,2472.12,2472.12,-0.01,29.43,71851.22,-1
2022-12-27,2022-12-27 11:35:00,2472.12,2472.12,2471.9,2471.9,-0.01,29.43,71851.22,-1
2022-12-27,2022-12-27 11:36:00,2471.9,2471.9,2471.68,2471.68,-0.01,29.43,71851.22,-1
2022-12-27,2022-12-27 11:37:00,2471.68,2471.68,2471.45,2471.45,-0.01,29.43,71851.22,-1
2022-12-27,2022-12-27 11:38:00,2471.45,2471.45,2471.22,2471.22,-0.01,29.43,71851.22,-1
2022-12-27,2022-12-27 11:39:00,2471.22,2471.22,2471.0,2471.0,-0.01,29.43,71851.22,-1
2022-12-27,2022-12-27 11:40:00,2471.0,2471.0,2470.78,2470.78,-0.01,29.43,71851.22,-1
2022-12-27,2022-12-27 11:41:00,2470.78,2470.78,2470.55,2470.55,-0.01,29.43,71851.22,-1
2022-12-27,2022-12-27 11:42:00,2470.55,2470.55,2470.32,2470.32,-0.01,29.43,71851.22,-1
2022-12-27,2022-12-27 11:43:00,2470.32,2470.32,2470.1,2470.1,-0.01,29.43,71851.22,-1
2022-12-27,2022-12-27 11:44:00,2470.1,2470.1,2469.88,2469.88,-0.01,29.43,71851.22,-1
2022-12-27,2022-12-27 11:45:00,2469.88,2469.88,2469.65,2469.65,-0.01,29.43,71851.22,-1
2022-12-27,2022-12-27 11:46:00,2469.65,2469.65,2469.43,2469.43,-0.01,29.43,71851.22,-1
2022-12-27,2022-12-27 11:47:00,2469.43,2469.43,2469.2,2469.2,-0.01,29.43,71851.22,-1
2022-12-27,2022-12-27 11:48:00,2469.2,2469.2,2468.97,2468.97,-0.01,29.43,71851.22,-1
2022-12-27,2022-12-27 11:49:00,2468.97,2468.97,2468.75,2468.75,-0.01,29.43,71851.22,-1
2022-12-27,2022-12-27 11:50:00,2468.75,2468.75,2468.53,2468.53,-0.01,29.43,71851.22,-1
2022-12-27,2022-12-27 11:51:00,2468.53,2468.53,2468.3,2468.3,-0.01,29.43,71851.22,-1
2022-12-27,2022-12-27 11:52:00,2468.3,2468.3,2468.07,2468.07,-0.01,29.43,71851.22,-1
2022-12-27,2022-12-27 11:53:00,2468.07,2468.07,2467.85,2467.85,-0.01,29.43,71851.22,-1
2022-12-27,2022-12-27 11:54:00,2467.85,2467.85,2467.62,2467.62,-0.01,29.43,71851.22,-1
2022-12-27,2022-12-27 11:55:00,2467.62,2467.62,2467.4,2467.4,-0.01,29.43,71851.22,-1
2022-12-27,2022-12-27 11:56:00,2467.4,2467.4,2467.18,2467.18,-0.01,29.43,71851.22,-1
2022-12-27,2022-12-27 11:57:00,2467.18,2467.18,2466.95,2466.95,-0.01,29.43,71851.22,-1
2022-12-27,2022-12-27 11:58:00,2466.95,2466.95,2466.72,2466.72,-0.01,29.43,71851.22,-1
2022-12-27,2022-12-27 11:59:00,2466.72,2466.72,2466.5,2466.5,-0.01,29.43,71851.22,-1
2022-12-27,2022-12-27 12:00:00,2466.5,2466.5,2466.28,2466.28,-0.01,29.43,71851.22,-1
2022-12-27,2022-12-27 12:01:00,2466.28,2466.28,2466.05,2466.05,-0.01,29.43,71851.22,-1
2022-12-27,2022-12-27 12:02:00,2466.05,2466.05,2465.82,2465.82,-0.01,29.43,71851.22,-1
2022-12-27,2022-12-27 12:03:00,2465.82,2465.82,2465.6,2465.6,-0.01,29.43,71851.22,-1
2022-12-27,2022-12-27 12:04:00,2465.6,2465.6,2465.38,2465.38,-0.01,29.43,71851.22,-1
2022-12-27,2022-12-27 12:05:00,2465.38,2465.38,2465.15,2465.15,-0.01,29.43,71851.22,-1
2022-12-27,2022-12-27 12:06:00,2465.15,2465.15,2464.93,2464.93,-0.01,29.43,71851.22,-1
2022-12-27,2022-12-27 12:07:00,2464.93,2464.93,2464.7,2464.7,-0.01,29.43,71851.22,-1
2022-12-27,2022-12-27 12:08:00,2464.7,2464.7,2464.47,2464.47,-0.01,29.43,71851.22,-1
2022-12-27,2022-12-27 12:09:00,2464.47,2464.47,2464.25,2464.25,-0.01,29.43,71851.22,-1
2022-12-27,2022-12-27 12:10:00,2464.25,2464.25,2464.03,2464.03,-0.01,29.43,71851.22,-1
2022-12-27,2022-12-27 12:11:00,2464.03,2464.03,2463.8,2463.8,-0.01,29.43,71851.22,-1
2022-12-27,2022-12-27 12:12:00,2463.8,2463.8,2463.57,2463.57,-0.01,29.43,71851.22,-1
2022-12-27,2022-12-27 12:13:00,2463.57,2463.57,2463.35,2463.35,-0.01,29.43,71851.22,-1
2022-12-27,2022-12-27 12:14:00,2463.35,2463.35,2463.12,2463.12,-0.01,29.43,71851.22,-1
2022-12-27,2022-12-27 12:15:00,2463.12,2463.12,2462.9,2462.9,-0.01,29.43,71851.22,-1
2022-12-27,2022-12-27 12:16:00,2462.9,2462.9,2462.68,2462.68,-0.01,29.43,71851.22,-1
2022-12-27,2022-12-27 12:17:00,2462.68,2462.68,2462.45,2462.45,-0.01,29.43,71851.22,-1
2022-12-27,2022-12-27 12:18:00,2462.45,2462.45,2462.22,2462.22,-0.01,29.43,71851.22,-1
2022-12-27,2022-12-27 12:19:00,2462.22,2462.22,2462.0,2462.0,-0.01,29.43,71851.22,-1
2022-12-27,2022-12-27 12:20:00,2462.0,2462.0,2461.78,2461.78,-0.01,29.43,71851.22,-1
2022-12-27,2022-12-27 12:21:00,2461.78,2461.78,2461.55,2461.55,-0.01,29.43,71851.22,-1
2022-12-27,2022-12-27 12:22:00,2461.55,2461.55,2461.32,2461.32,-0.01,29.43,71851.22,-1
2022-12-27,2022-12-27 12:23:00,2461.32,2461.32,2461.1,2461.1,-0.01,29.43,71851.22,-1
2022-12-27,2022-12-27 12:24:00,2461.1,2461.1,2460.88,2460.88,-0.01,29.43,71851.22,-1
2022-12-27,2022-12-27 12:25:00,2460.88,2460.88,2460.65,2460.65,-0.01,29.43,71851.22,-1
2022-12-27,2022-12-27 12:26:00,2460.65,2460.65,2460.43,2460.43,-0.01,29.43,71851.22,-1
2022-12-27,2022-12-27 12:27:00,2460.43,2460.43,2460.2,2460.2,-0.01,29.43,71851.22,-1
2022-12-27,2022-12-27 12:28:00,2460.2,2460.2,2459.97,2459.97,-0.01,29.43,71851.22,-1
2022-12-27,2022-12-27 12:29:00,2459.97,2459.97,2459.75,2459.75,-0.01,29.43,71851.22,-1
2022-12-27,2022-12-27 12:30:00,2459.75,2459.75,2459.53,2459.53,-0.01,29.43,71851.22,-1
2022-12-27,2022-12-27 12:31:00,2459.53,2459.53,2459.3,2459.3,-0.01,29.43,71851.22,-1
2022-12-27,2022-12-27 12:32:00,2459.3,2459.3,2459.07,2459.07,-0.01,29.43,71851.22,-1
2022-12-27,2022-12-27 12:33:00,2459.07,2459.07,2458.85,2458.85,-0.01,29.43,71851.22,-1
2022-12-27,2022-12-27 12:34:00,2458.85,2458.85,2458.62,2458.62,-0.01,29.43,71851.22,-1
2022-12-27,2022-12-27 12:35:00,2458.62,2458.62,2458.4,2458.4,-0.01,29.43,71851.22,-1
2022-12-27,2022-12-27 12:36:00,2458.4,2458.4,2458.18,2458.18,-0.01,29.43,71851.22,-1
2022-12-27,2022-12-27 12:37:00,2458.18,2458.18,2457.95,2457.95,-0.01,29.43,71851.22,-1
2022-12-27,2022-12-27 12:38:00,2457.95,2457.95,2457.72,2457.72,-0.01,29.43,71851.22,-1
2022-12-27,2022-12-27 12:39:00,2457.72,2457.72,2457.5,2457.5,-0.01,29.43,71851.22,-1
2022-12-27,2022-12-27 12:40:00,2457.5,2457.5,2457.28,2457.28,-0.01,29.43,71851.22,-1
2022-12-27,2022-12-27 12:41:00,2457.28,2457.28,2457.05,2457.05,-0.01,29.43,71851.22,-1
2022-12-27,2022-12-27 12:42:00,2457.05,2457.05,2456.82,2456.82,-0.01,29.43,71851.22,-1
2022-12-27,2022-12-27 12:43:00,2456.82,2456.82,2456.6,2456.6,-0.01,29.43,71851.22,-1
2022-12-27,2022-12-27 12:44:00,2456.6,2456.6,2456.38,2456.38,-0.01,29.43,71851.22,-1
2022-12-27,2022-12-27 12:45:00,2456.38,2456.38,2456.15,2456.15,-0.01,29.43,71851.22,-1
2022-12-27,2022-12-27 12:46:00,2456.15,2456.15,2455.93,2455.93,-0.01,29.43,71851.22,-1
2022-12-27,2022-12-27 12:47:00,2455.93,2455.93,2455.7,2455.7,-0.01,29.43,71851.22,-1
2022-12-27,2022-12-27 12:48:00,2455.7,2455.7,2455.47,2455.47,-0.01,29.43,71851.22,-1
2022-12-27,2022-12-27 12:49:00,2455.47,2455.47,2455.25,2455.25,-0.01,29.43,71851.22,-1
2022-12-27,2022-12-27 12:50:00,2455.25,2455.25,2455.03,2455.03,-0.01,29.43,71851.22,-1
2022-12-27,2022-12-27 12:51:00,2455.03,2455.03,2454.8,2454.8,-0.01,29.43,71851.22,-1
2022-12-27,2022-12-27 12:52:00,2454.8,2454.8,2454.57,2454.57,-0.01,29.43,71851.22,-1
2022-12-27,2022-12-27 12:53:00,2454.57,2454.57,2454.35,2454.35,-0.01,29.43,71851.22,-1
2022-12-27,2022-12-27 12:54:00,2454.35,2454.35,2454.12,2454.12,-0.01,29.43,71851.22,-1
2022-12-27,2022-12-27 12:55:00,2454.12,2454.12,2453.9,2453.9,-0.01,29.43,71851.22,-1
2022-12-27,2022-12-27 12:56:00,2453.9,2453.9,2453.68,2453.68,-0.01,29.43,71851.22,-1
2022-12-27,2022-12-27 12:57:00,2453.68,2453.68,2453.45,2453.45,-0.01,29.43,71851.22,-1
2022-12-27,2022-12-27 12:58:00,2453.45,2453.45,2453.22,2453.22,-0.01,29.43,71851.22,-1
2022-12-27,2022-12-27 12:59:00,2453.22,2453.22,2453.0,2453.0,-0.01,29.43,71851.22,-1
2022-12-27,2022-12-27 13:00:00,2453.0,2500.0,2423.0,2452.78,-0.01,29.43,71851.22,-1
2022-12-27,2022-12-27 13:01:00,2452.78,2452.78,2452.55,2452.55,-0.01,29.43,71851.22,-1
2022-12-27,2022-12-27 13:02:00,2452.55,2452.55,2452.32,2452.32,-0.01,29.43,71851.22,-1
2022-12-27,2022-12-27 13:03:00,2452.32,2452.32,2452.1,2452.1,-0.01,29.43,71851.22,-1
2022-12-27,2022-12-27 13:04:00,2452.1,2452.1,2451.88,2451.88,-0.01,29.43,71851.22,-1
2022-12-27,2022-12-27 13:05:00,2451.88,2451.88,2451.65,2451.65,-0.01,29.43,71851.22,-1
2022-12-27,2022-12-27 13:06:00,2451.65,2451.65,2451.43,2451.43,-0.01,29.43,71851.22,-1
2022-12-27,2022-12-27 13:07:00,2451.43,2451.43,2451.2,2451.2,-0.01,29.43,71851.22,-1
2022-12-27,2022-12-27 13:08:00,2451.2,2451.2,2450.97,2450.97,-0.01,29.43,71851.22,-1
2022-12-27,2022-12-27 13:09:00,2450.97,2450.97,2450.75,2450.75,-0.01,29.43,71851.22,-1
2022-12-27,2022-12-27 13:10:00,2450.75,2450.75,2450.53,2450.53,-0.01,29.43,71851.22,-1
2022-12-27,2022-12-27 13:11:00,2450.53,2450.53,2450.3,2450.3,-0.01,29.43,71851.22,-1
2022-12-27,2022-12-27 13:12:00,2450.3,2450.3,2450.07,2450.07,-0.01,29.43,71851.22,-1
2022-12-27,2022-12-27 13:13:00,2450.07,2450.07,2449.85,2449.85,-0.01,29.43,71851.22,-1
2022-12-27,2022-12-27 13:14:00,2449.85,2449.85,2449.62,2449.62,-0.01,29.43,71851.22,-1
2022-12-27,2022-12-27 13:15:00,2449.62,2449.62,2449.4,2449.4,-0.01,29.43,71851.22,-1
2022-12-27,2022-12-27 13:16:00,2449.4,2449.4,2449.18,2449.18,-0.01,29.43,71851.22,-1
2022-12-27,2022-12-27 13:17:00,2449.18,2449.18,2448.95,2448.95,-0.01,29.43,71851.22,-1
2022-12-27,2022-12-27 13:18:00,2448.95,2448.95,2448.72,2448.72,-0.01,29.43,71851.22,-1
2022-12-27,2022-12-27 13:19:00,2448.72,2448.72,2448.5,2448.5,-0.01,29.43,71851.22,-1
2022-12-27,2022-12-27 13:20:00,2448.5,2448.5,2448.28,2448.28,-0.01,29.43,71851.22,-1
2022-12-27,2022-12-27 13:21:00,2448.28,2448.28,2448.05,2448.05,-0.01,29.43,71851.22,-1
2022-12-27,2022-12-27 13:22:00,2448.05,2448.05,2447.82,2447.82,-0.01,29.43,71851.22,-1
2022-12-27,2022-12-27 13:23:00,2447.82,2447.82,2447.6,2447.6,-0.01,29.43,71851.22,-1
2022-12-27,2022-12-27 13:24:00,2447.6,2447.6,2447.38,2447.38,-0.01,29.43,71851.22,-1
2022-12-27,2022-12-27 13:25:00,2447.38,2447.38,2447.15,2447.15,-0.01,29.43,71851.22,-1
2022-12-27,2022-12-27 13:26:00,2447.15,2447.15,2446.93,2446.93,-0.01,29.43,71851.22,-1
2022-12-27,2022-12-27 13:27:00,2446.93,2446.93,2446.7,2446.7,-0.01,29.43,71851.22,-1
2022-12-27,2022-12-27 13:28:00,2446.7,2446.7,2446.47,2446.47,-0.01,29.43,71851.22,-1
2022-12-27,2022-12-27 13:29:00,2446.47,2446.47,2446.25,2446.25,-0.01,29.43,71851.22,-1
2022-12-27,2022-12-27 13:30:00,2446.25,2446.25,2446.03,2446.03,-0.01,29.43,71851.22,-1
2022-12-27,2022-12-27 13:31:00,2446.03,2446.03,2445.8,2445.8,-0.01,29.43,71851.22,-1
2022-12-27,2022-12-27 13:32:00,2445.8,2445.8,2445.57,2445.57,-0.01,29.43,71851.22,-1
2022-12-27,2022-12-27 13:33:00,2445.57,2445.57,2445.35,2445.35,-0.01,29.43,71851.22,-1
2022-12-27,2022-12-27 13:34:00,2445.35,2445.35,2445.12,2445.12,-0.01,29.43,71851.22,-1
2022-12-27,2022-12-27 13:35:00,2445.12,2445.12,2444.9,2444.9,-0.01,29.43,71851.22,-1
2022-12-27,2022-12-27 13:36:00,2444.9,2444.9,2444.68,2444.68,-0.01,29.43,71851.22,-1
2022-12-27,2022-12-27 13:37:00,2444.68,2444.68,2444.45,2444.45,-0.01,29.43,71851.22,-1
2022-12-27,2022-12-27 13:38:00,2444.45,2444.45,2444.22,2444.22,-0.01,29.43,71851.22,-1
2022-12-27,2022-12-27 13:39:00,2444.22,2444.22,2444.0,2444.0,-0.01,29.43,71851.22,-1
2022-12-27,2022-12-27 13:40:00,2444.0,2444.0,2443.78,2443.78,-0.01,29.43,71851.22,-1
2022-12-27,2022-12-27 13:41:00,2443.78,2443.78,2443.55,2443.55,-0.01,29.43,71851.22,-1
2022-12-27,2022-12-27 13:42:00,2443.55,2443.55,2443.32,2443.32,-0.01,29.43,71851.22,-1
2022-12-27,2022-12-27 13:43:00,2443.32,2443.32,2443.1,2443.1,-0.01,29.43,71851.22,-1
2022-12-27,2022-12-27 13:44:00,2443.1,2443.1,2442.88,2442.88,-0.01,29.43,71851.22,-1
2022-12-27,2022-12-27 13:45:00,2442.88,2442.88,2442.65,2442.65,-0.01,29.43,71851.22,-1
2022-12-27,2022-12-27 13:46:00,2442.65,2442.65,2442.43,2442.43,-0.01,29.43,71851.22,-1
2022-12-27,2022-12-27 13:47:00,2442.43,2442.43,2442.2,2442.2,-0.01,29.43,71851.22,-1
2022-12-27,2022-12-27 13:48:00,2442.2,2442.2,2441.97,2441.97,-0.01,29.43,71851.22,-1
2022-12-27,2022-12-27 13:49:00,2441.97,2441.97,2441.75,2441.75,-0.01,29.43,71851.22,-1
2022-12-27,2022-12-27 13:50:00,2441.75,2441.75,2441.53,2441.53,-0.01,29.43,71851.22,-1
2022-12-27,2022-12-27 13:51:00,2441.53,2441.53,2441.3,2441.3,-0.01,29.43,71851.22,-1
2022-12-27,2022-12-27 13:52:00,2441.3,2441.3,2441.07,2441.07,-0.01,29.43,71851.22,-1
2022-12-27,2022-12-27 13:53:00,2441.07,2441.07,2440.85,2440.85,-0.01,29.43,71851.22,-1
2022-12-27,2022-12-27 13:54:00,2440.85,2440.85,2440.62,2440.62,-0.01,29.43,71851.22,-1
2022-12-27,2022-12-27 13:55:00,2440.62,2440.62,2440.4,2440.4,-0.01,29.43,71851.22,-1
2022-12-27,2022-12-27 13:56:00,2440.4,2440.4,2440.18,2440.18,-0.01,29.43,71851.22,-1
2022-12-27,2022-12-27 13:57:00,2440.18,2440.18,2439.95,2439.95,-0.01,29.43,71851.22,-1
2022-12-27,2022-12-27 13:58:00,2439.95,2439.95,2439.72,2439.72,-0.01,29.43,71851.22,-1
2022-12-27,2022-12-27 13:59:00,2439.72,2439.72,2439.5,2439.5,-0.01,29.43,71851.22,-1
2022-12-27,2022-12-27 14:00:00,2439.5,2439.5,2439.28,2439.28,-0.01,29.43,71851.22,-1
2022-12-27,2022-12-27 14:01:00,2439.28,2439.28,2439.05,2439.05,-0.01,29.43,71851.22,-1
2022-12-27,2022-12-27 14:02:00,2439.05,2439.05,2438.82,2438.82,-0.01,29.43,71851.22,-1
2022-12-27,2022-12-27 14:03:00,2438.82,2438.82,2438.6,2438.6,-0.01,29.43,71851.22,-1
2022-12-27,2022-12-27 14:04:00,2438.6,2438.6,2438.38,2438.38,-0.01,29.43,71851.22,-1
2022-12-27,2022-12-27 14:05:00,2438.38,2438.38,2438.15,2438.15,-0.01,29.43,71851.22,-1
2022-12-27,2022-12-27 14:06:00,2438.15,2438.15,2437.93,2437.93,-0.01,29.43,71851.22,-1
2022-12-27,2022-12-27 14:07:00,2437.93,2437.93,2437.7,2437.7,-0.01,29.43,71851.22,-1
2022-12-27,2022-12-27 14:08:00,2437.7,2437.7,2437.47,2437.47,-0.01,29.43,71851.22,-1
2022-12-27,2022-12-27 14:09:00,2437.47,2437.47,2437.25,2437.25,-0.01,29.43,71851.22,-1
2022-12-27,2022-12-27 14:10:00,2437.25,2437.25,2437.03,2437.03,-0.01,29.43,71851.22,-1
2022-12-27,2022-12-27 14:11:00,2437.03,2437.03,2436.8,2436.8,-0.01,29.43,71851.22,-1
2022-12-27,2022-12-27 14:12:00,2436.8,2436.8,2436.57,2436.57,-0.01,29.43,71851.22,-1
2022-12-27,2022-12-27 14:13:00,2436.57,2436.57,2436.35,2436.35,-0.01,29.43,71851.22,-1
2022-12-27,2022-12-27 14:14:00,2436.35,2436.35,2436.12,2436.12,-0.01,29.43,71851.22,-1
2022-12-27,2022-12-27 14:15:00,2436.12,2436.12,2435.9,2435.9,-0.01,29.43,71851.22,-1
2022-12-27,2022-12-27 14:16:00,2435.9,2435.9,2435.68,2435.68,-0.01,29.43,71851.22,-1
2022-12-27,2022-12-27 14:17:00,2435.68,2435.68,2435.45,2435.45,-0.01,29.43,71851.22,-1
2022-12-27,2022-12-27 14:18:00,2435.45,2435.45,2435.22,2435.22,-0.01,29.43,71851.22,-1
2022-12-27,2022-12-27 14:19:00,2435.22,2435.22,2435.0,2435.0,-0.01,29.43,71851.22,-1
2022-12-27,2022-12-27 14:20:00,2435.0,2435.0,2434.78,2434.78,-0.01,29.43,71851.22,-1
2022-12-27,2022-12-27 14:21:00,2434.78,2434.78,2434.55,2434.55,-0.01,29.43,71851.22,-1
2022-12-27,2022-12-27 14:22:00,2434.55,2434.55,2434.32,2434.32,-0.01,29.43,71851.22,-1
2022-12-27,2022-12-27 14:23:00,2434.32,2434.32,2434.1,2434.1,-0.01,29.43,71851.22,-1
2022-12-27,2022-12-27 14:24:00,2434.1,2434.1,2433.88,2433.88,-0.01,29.43,71851.22,-1
2022-12-27,2022-12-27 14:25:00,2433.88,2433.88,2433.65,2433.65,-0.01,29.43,71851.22,-1
2022-12-27,2022-12-27 14:26:00,2433.65,2433.65,2433.43,2433.43,-0.01,29.43,71851.22,-1
2022-12-27,2022-12-27 14:27:00,2433.43,2433.43,2433.2,2433.2,-0.01,29.43,71851.22,-1
2022-12-27,2022-12-27 14:28:00,2433.2,2433.2,2432.97,2432.97,-0.01,29.43,71851.22,-1
2022-12-27,2022-12-27 14:29:00,2432.97,2432.97,2432.75,2432.75,-0.01,29.43,71851.22,-1
2022-12-27,2022-12-27 14:30:00,2432.75,2432.75,2432.53,2432.53,-0.01,29.43,71851.22,-1
2022-12-27,2022-12-27 14:31:00,2432.53,2432.53,2432.3,2432.3,-0.01,29.43,71851.22,-1
2022-12-27,2022-12-27 14:32:00,2432.3,2432.3,2432.07,2432.07,-0.01,29.43,71851.22,-1
2022-12-27,2022-12-27 14:33:00,2432.07,2432.07,2431.85,2431.85,-0.01,29.43,71851.22,-1
2022-12-27,2022-12-27 14:34:00,2431.85,2431.85,2431.62,2431.62,-0.01,29.43,71851.22,-1
2022-12-27,2022-12-27 14:35:00,2431.62,2431.62,2431.4,2431.4,-0.01,29.43,71851.22,-1
2022-12-27,2022-12-27 14:36:00,2431.4,2431.4,2431.18,2431.18,-0.01,29.43,71851.22,-1
2022-12-27,2022-12-27 14:37:00,2431.18,2431.18,2430.95,2430.95,-0.01,29.43,71851.22,-1
2022-12-27,2022-12-27 14:38:00,2430.95,2430.95,2430.72,2430.72,-0.01,29.43,71851.22,-1
2022-12-27,2022-12-27 14:39:00,2430.72,2430.72,2430.5,2430.5,-0.01,29.43,71851.22,-1
2022-12-27,2022-12-27 14:40:00,2430.5,2430.5,2430.28,2430.28,-0.01,29.43,71851.22,-1
2022-12-27,2022-12-27 14:41:00,2430.28,2430.28,2430.05,2430.05,-0.01,29.43,71851.22,-1
2022-12-27,2022-12-27 14:42:00,2430.05,2430.05,2429.82,2429.82,-0.01,29.43,71851.22,-1
2022-12-27,2022-12-27 14:43:00,2429.82,2429.82,2429.6,2429.6,-0.01,29.43,71851.22,-1
2022-12-27,2022-12-27 14:44:00,2429.6,2429.6,2429.38,2429.38,-0.01,29.43,71851.22,-1
2022-12-27,2022-12-27 14:45:00,2429.38,2429.38,2429.15,2429.15,-0.01,29.43,71851.22,-1
2022-12-27,2022-12-27 14:46:00,2429.15,2429.15,2428.93,2428.93,-0.01,29.43,71851.22,-1
2022-12-27,2022-12-27 14:47:00,2428.93,2428.93,2428.7,2428.7,-0.01,29.43,71851.22,-1
2022-12-27,2022-12-27 14:48:00,2428.7,2428.7,2428.47,2428.47,-0.01,29.43,71851.22,-1
2022-12-27,2022-12-27 14:49:00,2428.47,2428.47,2428.25,2428.25,-0.01,29.43,71851.22,-1
2022-12-27,2022-12-27 14:50:00,2428.25,2428.25,2428.03,2428.03,-0.01,29.43,71851.22,-1
2022-12-27,2022-12-27 14:51:00,2428.03,2428.03,2427.8,2427.8,-0.01,29.43,71851.22,-1
2022-12-27,2022-12-27 14:52:00,2427.8,2427.8,2427.57,2427.57,-0.01,29.43,71851.22,-1
2022-12-27,2022-12-27 14:53:00,2427.57,2427.57,2427.35,2427.35,-0.01,29.43,71851.22,-1
2022-12-27,2022-12-27 14:54:00,2427.35,2427.35,2427.12,2427.12,-0.01,29.43,71851.22,-1
2022-12-27,2022-12-27 14:55:00,2427.12,2427.12,2426.9,2426.9,-0.01,29.43,71851.22,-1
2022-12-27,2022-12-27 14:56:00,2426.9,2426.9,2426.68,2426.68,-0.01,29.43,71851.22,-1
2022-12-27,2022-12-27 14:57:00,2426.68,2426.68,2426.45,2426.45,-0.01,29.43,71851.22,-1
2022-12-27,2022-12-27 14:58:00,2426.45,2426.45,2426.22,2426.22,-0.01,29.43,71851.22,-1
2022-12-27,2022-12-27 14:59:00,2426.22,2426.22,2426.0,2426.0,-0.01,29.43,71851.22,-1
2022-12-27,2022-12-27 15:00:00,2426.0,2500.0,2423.0,2426.0,0.0,29.43,71851.22,0
2022-12-28,2022-12-28 11:00:00,2380.0,2402.5,2380.0,2380.2,0.01,15.14,36762.95,1
2022-12-28,2022-12-28 11:01:00,2380.2,2380.39,2380.2,2380.39,0.01,15.14,36762.95,1
2022-12-28,2022-12-28 11:02:00,2380.39,2380.59,2380.39,2380.59,0.01,15.14,36762.95,1
2022-12-28,2022-12-28 11:03:00,2380.59,2380.78,2380.59,2380.78,0.01,15.14,36762.95,1
2022-12-28,2022-12-28 11:04:00,2380.78,2380.98,2380.78,2380.98,0.01,15.14,36762.95,1
2022-12-28,2022-12-28 11:05:00,2380.98,2381.18,2380.98,2381.18,0.01,15.14,36762.95,1
2022-12-28,2022-12-28 11:06:00,2381.18,2381.37,2381.18,2381.37,0.01,15.14,36762.95,1
2022-12-28,2022-12-28 11:07:00,2381.37,2381.57,2381.37,2381.57,0.01,15.14,36762.95,1
2022-12-28,2022-12-28 11:08:00,2381.57,2381.76,2381.57,2381.76,0.01,15.14,36762.95,1
2022-12-28,2022-12-28 11:09:00,2381.76,2381.96,2381.76,2381.96,0.01,15.14,36762.95,1
2022-12-28,2022-12-28 11:10:00,2381.96,2382.15,2381.96,2382.15,0.01,15.14,36762.95,1
2022-12-28,2022-12-28 11:11:00,2382.15,2382.35,2382.15,2382.35,0.01,15.14,36762.95,1
2022-12-28,2022-12-28 11:12:00,2382.35,2382.55,2382.35,2382.55,0.01,15.14,36762.95,1
2022-12-28,2022-12-28 11:13:00,2382.55,2382.74,2382.55,2382.74,0.01,15.14,36762.95,1
2022-12-28,2022-12-28 11:14:00,2382.74,2382.94,2382.74,2382.94,0.01,15.14,36762.95,1
2022-12-28,2022-12-28 11:15:00,2382.94,2383.13,2382.94,2383.13,0.01,15.14,36762.95,1
2022-12-28,2022-12-28 11:16:00,2383.13,2383.33,2383.13,2383.33,0.01,15.14,36762.95,1
2022-12-28,2022-12-28 11:17:00,2383.33,2383.53,2383.33,2383.53,0.01,15.14,36762.95,1
2022-12-28,2022-12-28 11:18:00,2383.53,2383.72,2383.53,2383.72,0.01,15.14,36762.95,1
2022-12-28,2022-12-28 11:19:00,2383.72,2383.92,2383.72,2383.92,0.01,15.14,36762.95,1
2022-12-28,2022-12-28 11:20:00,2383.92,2384.11,2383.92,2384.11,0.01,15.14,36762.95,1
2022-12-28,2022-12-28 11:21:00,2384.11,2384.31,2384.11,2384.31,0.01,15.14,36762.95,1
2022-12-28,2022-12-28 11:22:00,2384.31,2384.5,2384.31,2384.5,0.01,15.14,36762.95,1
2022-12-28,2022-12-28 11:23:00,2384.5,2384.7,2384.5,2384.7,0.01,15.14,36762.95,1
2022-12-28,2022-12-28 11:24:00,2384.7,2384.9,2384.7,2384.9,0.01,15.14,36762.95,1
2022-12-28,2022-12-28 11:25:00,2384.9,2385.09,2384.9,2385.09,0.01,15.14,36762.95,1
2022-12-28,2022-12-28 11:26:00,2385.09,2385.29,2385.09,2385.29,0.01,15.14,36762.95,1
2022-12-28,2022-12-28 11:27:00,2385.29,2385.48,2385.29,2385.48,0.01,15.14,36762.95,1
2022-12-28,2022-12-28 11:28:00,2385.48,2385.68,2385.48,2385.68,0.01,15.14,36762.95,1
2022-12-28,2022-12-28 11:29:00,2385.68,2385.88,2385.68,2385.88,0.01,15.14,36762.95,1
2022-12-28,2022-12-28 11:30:00,2385.88,2386.07,2385.88,2386.07,0.01,15.14,36762.95,1
2022-12-28,2022-12-28 11:31:00,2386.07,2386.27,2386.07,2386.27,0.01,15.14,36762.95,1
2022-12-28,2022-12-28 11:32:00,2386.27,2386.46,2386.27,2386.46,0.01,15.14,36762.95,1
2022-12-28,2022-12-28 11:33:00,2386.46,2386.66,2386.46,2386.66,0.01,15.14,36762.95,1
2022-12-28,2022-12-28 11:34:00,2386.66,2386.85,2386.66,2386.85,0.01,15.14,36762.95,1
2022-12-28,2022-12-28 11:35:00,2386.85,2387.05,2386.85,2387.05,0.01,15.14,36762.95,1
2022-12-28,2022-12-28 11:36:00,2387.05,2387.25,2387.05,2387.25,0.01,15.14,36762.95,1
2022-12-28,2022-12-28 11:37:00,2387.25,2387.44,2387.25,2387.44,0.01,15.14,36762.95,1
2022-12-28,2022-12-28 11:38:00,2387.44,2387.64,2387.44,2387.64,0.01,15.14,36762.95,1
2022-12-28,2022-12-28 11:39:00,2387.64,2387.83,2387.64,2387.83,0.01,15.14,36762.95,1
2022-12-28,2022-12-28 11:40:00,2387.83,2388.03,2387.83,2388.03,0.01,15.14,36762.95,1
2022-12-28,2022-12-28 11:41:00,2388.03,2388.22,2388.03,2388.22,0.01,15.14,36762.95,1
2022-12-28,2022-12-28 11:42:00,2388.22,2388.42,2388.22,2388.42,0.01,15.14,36762.95,1
2022-12-28,2022-12-28 11:43:00,2388.42,2388.62,2388.42,2388.62,0.01,15.14,36762.95,1
2022-12-28,2022-12-28 11:44:00,2388.62,2388.81,2388.62,2388.81,0.01,15.14,36762.95,1
2022-12-28,2022-12-28 11:45:00,2388.81,2389.01,2388.81,2389.01,0.01,15.14,36762.95,1
2022-12-28,2022-12-28 11:46:00,2389.01,2389.2,2389.01,2389.2,0.01,15.14,36762.95,1
2022-12-28,2022-12-28 11:47:00,2389.2,2389.4,2389.2,2389.4,0.01,15.14,36762.95,1
2022-12-28,2022-12-28 11:48:00,2389.4,2389.6,2389.4,2389.6,0.01,15.14,36762.95,1
2022-12-28,2022-12-28 11:49:00,2389.6,2389.79,2389.6,2389.79,0.01,15.14,36762.95,1
2022-12-28,2022-12-28 11:50:00,2389.79,2389.99,2389.79,2389.99,0.01,15.14,36762.95,1
2022-12-28,2022-12-28 11:51:00,2389.99,2390.18,2389.99,2390.18,0.01,15.14,36762.95,1
2022-12-28,2022-12-28 11:52:00,2390.18,2390.38,2390.18,2390.38,0.01,15.14,36762.95,1
2022-12-28,2022-12-28 11:53:00,2390.38,2390.57,2390.38,2390.57,0.01,15.14,36762.95,1
2022-12-28,2022-12-28 11:54:00,2390.57,2390.77,2390.57,2390.77,0.01,15.14,36762.95,1
2022-12-28,2022-12-28 11:55:00,2390.77,2390.97,2390.77,2390.97,0.01,15.14,36762.95,1
2022-12-28,2022-12-28 11:56:00,2390.97,2391.16,2390.97,2391.16,0.01,15.14,36762.95,1
2022-12-28,2022-12-28 11:57:00,2391.16,2391.36,2391.16,2391.36,0.01,15.14,36762.95,1
2022-12-28,2022-12-28 11:58:00,2391.36,2391.55,2391.36,2391.55,0.01,15.14,36762.95,1
2022-12-28,2022-12-28 11:59:00,2391.55,2391.75,2391.55,2391.75,0.01,15.14,36762.95,1
2022-12-28,2022-12-28 12:00:00,2391.75,2391.95,2391.75,2391.95,0.01,15.14,36762.95,1
2022-12-28,2022-12-28 12:01:00,2391.95,2392.14,2391.95,2392.14,0.01,15.14,36762.95,1
2022-12-28,2022-12-28 12:02:00,2392.14,2392.34,2392.14,2392.34,0.01,15.14,36762.95,1
2022-12-28,2022-12-28 12:03:00,2392.34,2392.53,2392.34,2392.53,0.01,15.14,36762.95,1
2022-12-28,2022-12-28 12:04:00,2392.53,2392.73,2392.53,2392.73,0.01,15.14,36762.95,1
2022-12-28,2022-12-28 12:05:00,2392.73,2392.93,2392.73,2392.93,0.01,15.14,36762.95,1
2022-12-28,2022-12-28 12:06:00,2392.93,2393.12,2392.93,2393.12,0.01,15.14,36762.95,1
2022-12-28,2022-12-28 12:07:00,2393.12,2393.32,2393.12,2393.32,0.01,15.14,36762.95,1
2022-12-28,2022-12-28 12:08:00,2393.32,2393.51,2393.32,2393.51,0.01,15.14,36762.95,1
2022-12-28,2022-12-28 12:09:00,2393.51,2393.71,2393.51,2393.71,0.01,15.14,36762.95,1
2022-12-28,2022-12-28 12:10:00,2393.71,2393.9,2393.71,2393.9,0.01,15.14,36762.95,1
2022-12-28,2022-12-28 12:11:00,2393.9,2394.1,2393.9,2394.1,0.01,15.14,36762.95,1
2022-12-28,2022-12-28 12:12:00,2394.1,2394.3,2394.1,2394.3,0.01,15.14,36762.95,1
2022-12-28,2022-12-28 12:13:00,2394.3,2394.49,2394.3,2394.49,0.01,15.14,36762.95,1
2022-12-28,2022-12-28 12:14:00,2394.49,2394.69,2394.49,2394.69,0.01,15.14,36762.95,1
2022-12-28,2022-12-28 12:15:00,2394.69,2394.88,2394.69,2394.88,0.01,15.14,36762.95,1
2022-12-28,2022-12-28 12:16:00,2394.88,2395.08,2394.88,2395.08,0.01,15.14,36762.95,1
2022-12-28,2022-12-28 12:17:00,2395.08,2395.28,2395.08,2395.28,0.01,15.14,36762.95,1
2022-12-28,2022-12-28 12:18:00,2395.28,2395.47,2395.28,2395.47,0.01,15.14,36762.95,1
2022-12-28,2022-12-28 12:19:00,2395.47,2395.67,2395.47,2395.67,0.01,15.14,36762.95,1
2022-12-28,2022-12-28 12:20:00,2395.67,2395.86,2395.67,2395.86,0.01,15.14,36762.95,1
2022-12-28,2022-12-28 12:21:00,2395.86,2396.06,2395.86,2396.06,0.01,15.14,36762.95,1
2022-12-28,2022-12-28 12:22:00,2396.06,2396.25,2396.06,2396.25,0.01,15.14,36762.95,1
2022-12-28,2022-12-28 12:23:00,2396.25,2396.45,2396.25,2396.45,0.01,15.14,36762.95,1
2022-12-28,2022-12-28 12:24:00,2396.45,2396.65,2396.45,2396.65,0.01,15.14,36762.95,1
2022-12-28,2022-12-28 12:25:00,2396.65,2396.84,2396.65,2396.84,0.01,15.14,36762.95,1
2022-12-28,2022-12-28 12:26:00,2396.84,2397.04,2396.84,2397.04,0.01,15.14,36762.95,1
2022-12-28,2022-12-28 12:27:00,2397.04,2397.23,2397.04,2397.23,0.01,15.14,36762.95,1
2022-12-28,2022-12-28 12:28:00,2397.23,2397.43,2397.23,2397.43,0.01,15.14,36762.95,1
2022-12-28,2022-12-28 12:29:00,2397.43,2397.62,2397.43,2397.62,0.01,15.14,36762.95,1
2022-12-28,2022-12-28 12:30:00,2397.62,2397.82,2397.62,2397.82,0.01,15.14,36762.95,1
2022-12-28,2022-12-28 12:31:00,2397.82,2398.02,2397.82,2398.02,0.01,15.14,36762.95,1
2022-12-28,2022-12-28 12:32:00,2398.02,2398.21,2398.02,2398.21,0.01,15.14,36762.95,1
2022-12-28,2022-12-28 12:33:00,2398.21,2398.41,2398.21,2398.41,0.01,15.14,36762.95,1
2022-12-28,2022-12-28 12:34:00,2398.41,2398.6,2398.41,2398.6,0.01,15.14,36762.95,1
2022-12-28,2022-12-28 12:35:00,2398.6,2398.8,2398.6,2398.8,0.01,15.14,36762.95,1
2022-12-28,2022-12-28 12:36:00,2398.8,2399.0,2398.8,2399.0,0.01,15.14,36762.95,1
2022-12-28,2022-12-28 12:37:00,2399.0,2399.19,2399.0,2399.19,0.01,15.14,36762.95,1
2022-12-28,2022-12-28 12:38:00,2399.19,2399.39,2399.19,2399.39,0.01,15.14,36762.95,1
2022-12-28,2022-12-28 12:39:00,2399.39,2399.58,2399.39,2399.58,0.01,15.14,36762.95,1
2022-12-28,2022-12-28 12:40:00,2399.58,2399.78,2399.58,2399.78,0.01,15.14,36762.95,1
2022-12-28,2022-12-28 12:41:00,2399.78,2399.97,2399.78,2399.97,0.01,15.14,36762.95,1
2022-12-28,2022-12-28 12:42:00,2399.97,2400.17,2399.97,2400.17,0.01,15.14,36762.95,1
2022-12-28,2022-12-28 12:43:00,2400.17,2400.37,2400.17,2400.37,0.01,15.14,36762.95,1
2022-12-28,2022-12-28 12:44:00,2400.37,2400.56,2400.37,2400.56,0.01,15.14,36762.95,1
2022-12-28,2022-12-28 12:45:00,2400.56,2400.76,2400.56,2400.76,0.01,15.14,36762.95,1
2022-12-28,2022-12-28 12:46:00,2400.76,2400.95,2400.76,2400.95,0.01,15.14,36762.95,1
2022-12-28,2022-12-28 12:47:00,2400.95,2401.15,2400.95,2401.15,0.01,15.14,36762.95,1
2022-12-28,2022-12-28 12:48:00,2401.15,2401.35,2401.15,2401.35,0.01,15.14,36762.95,1
2022-12-28,2022-12-28 12:49:00,2401.35,2401.54,2401.35,2401.54,0.01,15.14,36762.95,1
2022-12-28,2022-12-28 12:50:00,2401.54,2401.74,2401.54,2401.74,0.01,15.14,36762.95,1
2022-12-28,2022-12-28 12:51:00,2401.74,2401.93,2401.74,2401.93,0.01,15.14,36762.95,1
2022-12-28,2022-12-28 12:52:00,2401.93,2402.13,2401.93,2402.13,0.01,15.14,36762.95,1
2022-12-28,2022-12-28 12:53:00,2402.13,2402.32,2402.13,2402.32,0.01,15.14,36762.95,1
2022-12-28,2022-12-28 12:54:00,2402.32,2402.52,2402.32,2402.52,0.01,15.14,36762.95,1
2022-12-28,2022-12-28 12:55:00,2402.52,2402.72,2402.52,2402.72,0.01,15.14,36762.95,1
2022-12-28,2022-12-28 12:56:00,2402.72,2402.91,2402.72,2402.91,0.01,15.14,36762.95,1
2022-12-28,2022-12-28 12:57:00,2402.91,2403.11,2402.91,2403.11,0.01,15.14,36762.95,1
2022-12-28,2022-12-28 12:58:00,2403.11,2403.3,2403.11,2403.3,0.01,15.14,36762.95,1
2022-12-28,2022-12-28 12:59:00,2403.3,2403.5,2403.3,2403.5,0.01,15.14,36762.95,1
2022-12-28,2022-12-28 13:00:00,2403.5,2455.0,2380.0,2403.7,0.01,15.14,36762.95,1
2022-12-28,2022-12-28 13:01:00,2403.7,2403.89,2403.7,2403.89,0.01,15.14,36762.95,1
2022-12-28,2022-12-28 13:02:00,2403.89,2404.09,2403.89,2404.09,0.01,15.14,36762.95,1
2022-12-28,2022-12-28 13:03:00,2404.09,2404.28,2404.09,2404.28,0.01,15.14,36762.95,1
2022-12-28,2022-12-28 13:04:00,2404.28,2404.48,2404.28,2404.48,0.01,15.14,36762.95,1
2022-12-28,2022-12-28 13:05:00,2404.48,2404.68,2404.48,2404.68,0.01,15.14,36762.95,1
2022-12-28,2022-12-28 13:06:00,2404.68,2404.87,2404.68,2404.87,0.01,15.14,36762.95,1
2022-12-28,2022-12-28 13:07:00,2404.87,2405.07,2404.87,2405.07,0.01,15.14,36762.95,1
2022-12-28,2022-12-28 13:08:00,2405.07,2405.26,2405.07,2405.26,0.01,15.14,36762.95,1
2022-12-28,2022-12-28 13:09:00,2405.26,2405.46,2405.26,2405.46,0.01,15.14,36762.95,1
2022-12-28,2022-12-28 13:10:00,2405.46,2405.65,2405.46,2405.65,0.01,15.14,36762.95,1
2022-12-28,2022-12-28 13:11:00,2405.65,2405.85,2405.65,2405.85,0.01,15.14,36762.95,1
2022-12-28,2022-12-28 13:12:00,2405.85,2406.05,2405.85,2406.05,0.01,15.14,36762.95,1
2022-12-28,2022-12-28 13:13:00,2406.05,2406.24,2406.05,2406.24,0.01,15.14,36762.95,1
2022-12-28,2022-12-28 13:14:00,2406.24,2406.44,2406.24,2406.44,0.01,15.14,36762.95,1
2022-12-28,2022-12-28 13:15:00,2406.44,2406.63,2406.44,2406.63,0.01,15.14,36762.95,1
2022-12-28,2022-12-28 13:16:00,2406.63,2406.83,2406.63,2406.83,0.01,15.14,36762.95,1
2022-12-28,2022-12-28 13:17:00,2406.83,2407.03,2406.83,2407.03,0.01,15.14,36762.95,1
2022-12-28,2022-12-28 13:18:00,2407.03,2407.22,2407.03,2407.22,0.01,15.14,36762.95,1
2022-12-28,2022-12-28 13:19:00,2407.22,2407.42,2407.22,2407.42,0.01,15.14,36762.95,1
2022-12-28,2022-12-28 13:20:00,2407.42,2407.61,2407.42,2407.61,0.01,15.14,36762.95,1
2022-12-28,2022-12-28 13:21:00,2407.61,2407.81,2407.61,2407.81,0.01,15.14,36762.95,1
2022-12-28,2022-12-28 13:22:00,2407.81,2408.0,2407.81,2408.0,0.01,15.14,36762.95,1
2022-12-28,2022-12-28 13:23:00,2408.0,2408.2,2408.0,2408.2,0.01,15.14,36762.95,1
2022-12-28,2022-12-28 13:24:00,2408.2,2408.4,2408.2,2408.4,0.01,15.14,36762.95,1
2022-12-28,2022-12-28 13:25:00,2408.4,2408.59,2408.4,2408.59,0.01,15.14,36762.95,1
2022-12-28,2022-12-28 13:26:00,2408.59,2408.79,2408.59,2408.79,0.01,15.14,36762.95,1
2022-12-28,2022-12-28 13:27:00,2408.79,2408.98,2408.79,2408.98,0.01,15.14,36762.95,1
2022-12-28,2022-12-28 13:28:00,2408.98,2409.18,2408.98,2409.18,0.01,15.14,36762.95,1
2022-12-28,2022-12-28 13:29:00,2409.18,2409.38,2409.18,2409.38,0.01,15.14,36762.95,1
2022-12-28,2022-12-28 13:30:00,2409.38,2409.57,2409.38,2409.57,0.01,15.14,36762.95,1
2022-12-28,2022-12-28 13:31:00,2409.57,2409.77,2409.57,2409.77,0.01,15.14,36762.95,1
2022-12-28,2022-12-28 13:32:00,2409.77,2409.96,2409.77,2409.96,0.01,15.14,36762.95,1
2022-12-28,2022-12-28 13:33:00,2409.96,2410.16,2409.96,2410.16,0.01,15.14,36762.95,1
2022-12-28,2022-12-28 13:34:00,2410.16,2410.35,2410.16,2410.35,0.01,15.14,36762.95,1
2022-12-28,2022-12-28 13:35:00,2410.35,2410.55,2410.35,2410.55,0.01,15.14,36762.95,1
2022-12-28,2022-12-28 13:36:00,2410.55,2410.75,2410.55,2410.75,0.01,15.14,36762.95,1
2022-12-28,2022-12-28 13:37:00,2410.75,2410.94,2410.75,2410.94,0.01,15.14,36762.95,1
2022-12-28,2022-12-28 13:38:00,2410.94,2411.14,2410.94,2411.14,0.01,15.14,36762.95,1
2022-12-28,2022-12-28 13:39:00,2411.14,2411.33,2411.14,2411.33,0.01,15.14,36762.95,1
2022-12-28,2022-12-28 13:40:00,2411.33,2411.53,2411.33,2411.53,0.01,15.14,36762.95,1
2022-12-28,2022-12-28 13:41:00,2411.53,2411.72,2411.53,2411.72,0.01,15.14,36762.95,1
2022-12-28,2022-12-28 13:42:00,2411.72,2411.92,2411.72,2411.92,0.01,15.14,36762.95,1
2022-12-28,2022-12-28 13:43:00,2411.92,2412.12,2411.92,2412.12,0.01,15.14,36762.95,1
2022-12-28,2022-12-28 13:44:00,2412.12,2412.31,2412.12,2412.31,0.01,15.14,36762.95,1
2022-12-28,2022-12-28 13:45:00,2412.31,2412.51,2412.31,2412.51,0.01,15.14,36762.95,1
2022-12-28,2022-12-28 13:46:00,2412.51,2412.7,2412.51,2412.7,0.01,15.14,36762.95,1
2022-12-28,2022-12-28 13:47:00,2412.7,2412.9,2412.7,2412.9,0.01,15.14,36762.95,1
2022-12-28,2022-12-28 13:48:00,2412.9,2413.1,2412.9,2413.1,0.01,15.14,36762.95,1
2022-12-28,2022-12-28 13:49:00,2413.1,2413.29,2413.1,2413.29,0.01,15.14,36762.95,1
2022-12-28,2022-12-28 13:50:00,2413.29,2413.49,2413.29,2413.49,0.01,15.14,36762.95,1
2022-12-28,2022-12-28 13:51:00,2413.49,2413.68,2413.49,2413.68,0.01,15.14,36762.95,1
2022-12-28,2022-12-28 13:52:00,2413.68,2413.88,2413.68,2413.88,0.01,15.14,36762.95,1
2022-12-28,2022-12-28 13:53:00,2413.88,2414.07,2413.88,2414.07,0.01,15.14,36762.95,1
2022-12-28,2022-12-28 13:54:00,2414.07,2414.27,2414.07,2414.27,0.01,15.14,36762.95,1
2022-12-28,2022-12-28 13:55:00,2414.27,2414.47,2414.27,2414.47,0.01,15.14,36762.95,1
2022-12-28,2022-12-28 13:56:00,2414.47,2414.66,2414.47,2414.66,0.01,15.14,36762.95,1
2022-12-28,2022-12-28 13:57:00,2414.66,2414.86,2414.66,2414.86,0.01,15.14,36762.95,1
2022-12-28,2022-12-28 13:58:00,2414.86,2415.05,2414.86,2415.05,0.01,15.14,36762.95,1
2022-12-28,2022-12-28 13:59:00,2415.05,2415.25,2415.05,2415.25,0.01,15.14,36762.95,1
2022-12-28,2022-12-28 14:00:00,2415.25,2415.45,2415.25,2415.45,0.01,15.14,36762.95,1
2022-12-28,2022-12-28 14:01:00,2415.45,2415.64,2415.45,2415.64,0.01,15.14,36762.95,1
2022-12-28,2022-12-28 14:02:00,2415.64,2415.84,2415.64,2415.84,0.01,15.14,36762.95,1
2022-12-28,2022-12-28 14:03:00,2415.84,2416.03,2415.84,2416.03,0.01,15.14,36762.95,1
2022-12-28,2022-12-28 14:04:00,2416.03,2416.23,2416.03,2416.23,0.01,15.14,36762.95,1
2022-12-28,2022-12-28 14:05:00,2416.23,2416.43,2416.23,2416.43,0.01,15.14,36762.95,1
2022-12-28,2022-12-28 14:06:00,2416.43,2416.62,2416.43,2416.62,0.01,15.14,36762.95,1
2022-12-28,2022-12-28 14:07:00,2416.62,2416.82,2416.62,2416.82,0.01,15.14,36762.95,1
2022-12-28,2022-12-28 14:08:00,2416.82,2417.01,2416.82,2417.01,0.01,15.14,36762.95,1
2022-12-28,2022-12-28 14:09:00,2417.01,2417.21,2417.01,2417.21,0.01,15.14,36762.95,1
2022-12-28,2022-12-28 14:10:00,2417.21,2417.4,2417.21,2417.4,0.01,15.14,36762.95,1
2022-12-28,2022-12-28 14:11:00,2417.4,2417.6,2417.4,2417.6,0.01,15.14,36762.95,1
2022-12-28,2022-12-28 14:12:00,2417.6,2417.8,2417.6,2417.8,0.01,15.14,36762.95,1
2022-12-28,2022-12-28 14:13:00,2417.8,2417.99,2417.8,2417.99,0.01,15.14,36762.95,1
2022-12-28,2022-12-28 14:14:00,2417.99,2418.19,2417.99,2418.19,0.01,15.14,36762.95,1
2022-12-28,2022-12-28 14:15:00,2418.19,2418.38,2418.19,2418.38,0.01,15.14,36762.95,1
2022-12-28,2022-12-28 14:16:00,2418.38,2418.58,2418.38,2418.58,0.01,15.14,36762.95,1
2022-12-28,2022-12-28 14:17:00,2418.58,2418.78,2418.58,2418.78,0.01,15.14,36762.95,1
2022-12-28,2022-12-28 14:18:00,2418.78,2418.97,2418.78,2418.97,0.01,15.14,36762.95,1
2022-12-28,2022-12-28 14:19:00,2418.97,2419.17,2418.97,2419.17,0.01,15.14,36762.95,1
2022-12-28,2022-12-28 14:20:00,2419.17,2419.36,2419.17,2419.36,0.01,15.14,36762.95,1
2022-12-28,2022-12-28 14:21:00,2419.36,2419.56,2419.36,2419.56,0.01,15.14,36762.95,1
2022-12-28,2022-12-28 14:22:00,2419.56,2419.75,2419.56,2419.75,0.01,15.14,36762.95,1
2022-12-28,2022-12-28 14:23:00,2419.75,2419.95,2419.75,2419.95,0.01,15.14,36762.95,1
2022-12-28,2022-12-28 14:24:00,2419.95,2420.15,2419.95,2420.15,0.01,15.14,36762.95,1
2022-12-28,2022-12-28 14:25:00,2420.15,2420.34,2420.15,2420.34,0.01,15.14,36762.95,1
2022-12-28,2022-12-28 14:26:00,2420.34,2420.54,2420.34,2420.54,0.01,15.14,36762.95,1
2022-12-28,2022-12-28 14:27:00,2420.54,2420.73,2420.54,2420.73,0.01,15.14,36762.95,1
2022-12-28,2022-12-28 14:28:00,2420.73,2420.93,2420.73,2420.93,0.01,15.14,36762.95,1
2022-12-28,2022-12-28 14:29:00,2420.93,2421.12,2420.93,2421.12,0.01,15.14,36762.95,1
2022-12-28,2022-12-28 14:30:00,2421.12,2421.32,2421.12,2421.32,0.01,15.14,36762.95,1
2022-12-28,2022-12-28 14:31:00,2421.32,2421.52,2421.32,2421.52,0.01,15.14,36762.95,1
2022-12-28,2022-12-28 14:32:00,2421.52,2421.71,2421.52,2421.71,0.01,15.14,36762.95,1
2022-12-28,2022-12-28 14:33:00,2421.71,2421.91,2421.71,2421.91,0.01,15.14,36762.95,1
2022-12-28,2022-12-28 14:34:00,2421.91,2422.1,2421.91,2422.1,0.01,15.14,36762.95,1
2022-12-28,2022-12-28 14:35:00,2422.1,2422.3,2422.1,2422.3,0.01,15.14,36762.95,1
2022-12-28,2022-12-28 14:36:00,2422.3,2422.5,2422.3,2422.5,0.01,15.14,36762.95,1
2022-12-28,2022-12-28 14:37:00,2422.5,2422.69,2422.5,2422.69,0.01,15.14,36762.95,1
2022-12-28,2022-12-28 14:38:00,2422.69,2422.89,2422.69,2422.89,0.01,15.14,36762.95,1
2022-12-28,2022-12-28 14:39:00,2422.89,2423.08,2422.89,2423.08,0.01,15.14,36762.95,1
2022-12-28,2022-12-28 14:40:00,2423.08,2423.28,2423.08,2423.28,0.01,15.14,36762.95,1
2022-12-28,2022-12-28 14:41:00,2423.28,2423.47,2423.28,2423.47,0.01,15.14,36762.95,1
2022-12-28,2022-12-28 14:42:00,2423.47,2423.67,2423.47,2423.67,0.01,15.14,36762.95,1
2022-12-28,2022-12-28 14:43:00,2423.67,2423.87,2423.67,2423.87,0.01,15.14,36762.95,1
2022-12-28,2022-12-28 14:44:00,2423.87,2424.06,2423.87,2424.06,0.01,15.14,36762.95,1
2022-12-28,2022-12-28 14:45:00,2424.06,2424.26,2424.06,2424.26,0.01,15.14,36762.95,1
2022-12-28,2022-12-28 14:46:00,2424.26,2424.45,2424.26,2424.45,0.01,15.14,36762.95,1
2022-12-28,2022-12-28 14:47:00,2424.45,2424.65,2424.45,2424.65,0.01,15.14,36762.95,1
2022-12-28,2022-12-28 14:48:00,2424.65,2424.85,2424.65,2424.85,0.01,15.14,36762.95,1
2022-12-28,2022-12-28 14:49:00,2424.85,2425.04,2424.85,2425.04,0.01,15.14,36762.95,1
2022-12-28,2022-12-28 14:50:00,2425.04,2425.24,2425.04,2425.24,0.01,15.14,36762.95,1
2022-12-28,2022-12-28 14:51:00,2425.24,2425.43,2425.24,2425.43,0.01,15.14,36762.95,1
2022-12-28,2022-12-28 14:52:00,2425.43,2425.63,2425.43,2425.63,0.01,15.14,36762.95,1
2022-12-28,2022-12-28 14:53:00,2425.63,2425.82,2425.63,2425.82,0.01,15.14,36762.95,1
2022-12-28,2022-12-28 14:54:00,2425.82,2426.02,2425.82,2426.02,0.01,15.14,36762.95,1
2022-12-28,2022-12-28 14:55:00,2426.02,2426.22,2426.02,2426.22,0.01,15.14,36762.95,1
2022-12-28,2022-12-28 14:56:00,2426.22,2426.41,2426.22,2426.41,0.01,15.14,36762.95,1
2022-12-28,2022-12-28 14:57:00,2426.41,2426.61,2426.41,2426.61,0.01,15.14,36762.95,1
2022-12-28,2022-12-28 14:58:00,2426.61,2426.8,2426.61,2426.8,0.01,15.14,36762.95,1
2022-12-28,2022-12-28 14:59:00,2426.8,2427.0,2426.8,2427.0,0.01,15.14,36762.95,1
2022-12-28,2022-12-28 15:00:00,2427.0,2455.0,2380.0,2427.0,0.0,15.14,36762.95,0
2022-12-29,2022-12-29 11:00:00,2400.0,2414.1,2400.0,2400.17,0.01,10.33,25119.41,1
2022-12-29,2022-12-29 11:01:00,2400.17,2400.33,2400.17,2400.33,0.01,10.33,25119.41,1
2022-12-29,2022-12-29 11:02:00,2400.33,2400.5,2400.33,2400.5,0.01,10.33,25119.41,1
2022-12-29,2022-12-29 11:03:00,2400.5,2400.67,2400.5,2400.67,0.01,10.33,25119.41,1
2022-12-29,2022-12-29 11:04:00,2400.67,2400.83,2400.67,2400.83,0.01,10.33,25119.41,1
2022-12-29,2022-12-29 11:05:00,2400.83,2401.0,2400.83,2401.0,0.01,10.33,25119.41,1
2022-12-29,2022-12-29 11:06:00,2401.0,2401.17,2401.0,2401.17,0.01,10.33,25119.41,1
2022-12-29,2022-12-29 11:07:00,2401.17,2401.33,2401.17,2401.33,0.01,10.33,25119.41,1
2022-12-29,2022-12-29 11:08:00,2401.33,2401.5,2401.33,2401.5,0.01,10.33,25119.41,1
2022-12-29,2022-12-29 11:09:00,2401.5,2401.67,2401.5,2401.67,0.01,10.33,25119.41,1
2022-12-29,2022-12-29 11:10:00,2401.67,2401.83,2401.67,2401.83,0.01,10.33,25119.41,1
2022-12-29,2022-12-29 11:11:00,2401.83,2402.0,2401.83,2402.0,0.01,10.33,25119.41,1
2022-12-29,2022-12-29 11:12:00,2402.0,2402.17,2402.0,2402.17,0.01,10.33,25119.41,1
2022-12-29,2022-12-29 11:13:00,2402.17,2402.33,2402.17,2402.33,0.01,10.33,25119.41,1
2022-12-29,2022-12-29 11:14:00,2402.33,2402.5,2402.33,2402.5,0.01,10.33,25119.41,1
2022-12-29,2022-12-29 11:15:00,2402.5,2402.67,2402.5,2402.67,0.01,10.33,25119.41,1
2022-12-29,2022-12-29 11:16:00,2402.67,2402.83,2402.67,2402.83,0.01,10.33,25119.41,1
2022-12-29,2022-12-29 11:17:00,2402.83,2403.0,2402.83,2403.0,0.01,10.33,25119.41,1
2022-12-29,2022-12-29 11:18:00,2403.0,2403.17,2403.0,2403.17,0.01,10.33,25119.41,1
2022-12-29,2022-12-29 11:19:00,2403.17,2403.33,2403.17,2403.33,0.01,10.33,25119.41,1
2022-12-29,2022-12-29 11:20:00,2403.33,2403.5,2403.33,2403.5,0.01,10.33,25119.41,1
2022-12-29,2022-12-29 11:21:00,2403.5,2403.67,2403.5,2403.67,0.01,10.33,25119.41,1
2022-12-29,2022-12-29 11:22:00,2403.67,2403.83,2403.67,2403.83,0.01,10.33,25119.41,1
2022-12-29,2022-12-29 11:23:00,2403.83,2404.0,2403.83,2404.0,0.01,10.33,25119.41,1
2022-12-29,2022-12-29 11:24:00,2404.0,2404.17,2404.0,2404.17,0.01,10.33,25119.41,1
2022-12-29,2022-12-29 11:25:00,2404.17,2404.33,2404.17,2404.33,0.01,10.33,25119.41,1
2022-12-29,2022-12-29 11:26:00,2404.33,2404.5,2404.33,2404.5,0.01,10.33,25119.41,1
2022-12-29,2022-12-29 11:27:00,2404.5,2404.67,2404.5,2404.67,0.01,10.33,25119.41,1
2022-12-29,2022-12-29 11:28:00,2404.67,2404.83,2404.67,2404.83,0.01,10.33,25119.41,1
2022-12-29,2022-12-29 11:29:00,2404.83,2405.0,2404.83,2405.0,0.01,10.33,25119.41,1
2022-12-29,2022-12-29 11:30:00,2405.0,2405.17,2405.0,2405.17,0.01,10.33,25119.41,1
2022-12-29,2022-12-29 11:31:00,2405.17,2405.33,2405.17,2405.33,0.01,10.33,25119.41,1
2022-12-29,2022-12-29 11:32:00,2405.33,2405.5,2405.33,2405.5,0.01,10.33,25119.41,1
2022-12-29,2022-12-29 11:33:00,2405.5,2405.67,2405.5,2405.67,0.01,10.33,25119.41,1
2022-12-29,2022-12-29 11:34:00,2405.67,2405.83,2405.67,2405.83,0.01,10.33,25119.41,1
2022-12-29,2022-12-29 11:35:00,2405.83,2406.0,2405.83,2406.0,0.01,10.33,25119.41,1
2022-12-29,2022-12-29 11:36:00,2406.0,2406.17,2406.0,2406.17,0.01,10.33,25119.41,1
2022-12-29,2022-12-29 11:37:00,2406.17,2406.33,2406.17,2406.33,0.01,10.33,25119.41,1
2022-12-29,2022-12-29 11:38:00,2406.33,2406.5,2406.33,2406.5,0.01,10.33,25119.41,1
2022-12-29,2022-12-29 11:39:00,2406.5,2406.67,2406.5,2406.67,0.01,10.33,25119.41,1
2022-12-29,2022-12-29 11:40:00,2406.67,2406.83,2406.67,2406.83,0.01,10.33,25119.41,1
2022-12-29,2022-12-29 11:41:00,2406.83,2407.0,2406.83,2407.0,0.01,10.33,25119.41,1
2022-12-29,2022-12-29 11:42:00,2407.0,2407.17,2407.0,2407.17,0.01,10.33,25119.41,1
2022-12-29,2022-12-29 11:43:00,2407.17,2407.33,2407.17,2407.33,0.01,10.33,25119.41,1
2022-12-29,2022-12-29 11:44:00,2407.33,2407.5,2407.33,2407.5,0.01,10.33,25119.41,1
2022-12-29,2022-12-29 11:45:00,2407.5,2407.67,2407.5,2407.67,0.01,10.33,25119.41,1
2022-12-29,2022-12-29 11:46:00,2407.67,2407.83,2407.67,2407.83,0.01,10.33,25119.41,1
2022-12-29,2022-12-29 11:47:00,2407.83,2408.0,2407.83,2408.0,0.01,10.33,25119.41,1
2022-12-29,2022-12-29 11:48:00,2408.0,2408.17,2408.0,2408.17,0.01,10.33,25119.41,1
2022-12-29,2022-12-29 11:49:00,2408.17,2408.33,2408.17,2408.33,0.01,10.33,25119.41,1
2022-12-29,2022-12-29 11:50:00,2408.33,2408.5,2408.33,2408.5,0.01,10.33,25119.41,1
2022-12-29,2022-12-29 11:51:00,2408.5,2408.67,2408.5,2408.67,0.01,10.33,25119.41,1
2022-12-29,2022-12-29 11:52:00,2408.67,2408.83,2408.67,2408.83,0.01,10.33,25119.41,1
2022-12-29,2022-12-29 11:53:00,2408.83,2409.0,2408.83,2409.0,0.01,10.33,25119.41,1
2022-12-29,2022-12-29 11:54:00,2409.0,2409.17,2409.0,2409.17,0.01,10.33,25119.41,1
2022-12-29,2022-12-29 11:55:00,2409.17,2409.33,2409.17,2409.33,0.01,10.33,25119.41,1
2022-12-29,2022-12-29 11:56:00,2409.33,2409.5,2409.33,2409.5,0.01,10.33,25119.41,1
2022-12-29,2022-12-29 11:57:00,2409.5,2409.67,2409.5,2409.67,0.01,10.33,25119.41,1
2022-12-29,2022-12-29 11:58:00,2409.67,2409.83,2409.67,2409.83,0.01,10.33,25119.41,1
2022-12-29,2022-12-29 11:59:00,2409.83,2410.0,2409.83,2410.0,0.01,10.33,25119.41,1
2022-12-29,2022-12-29 12:00:00,2410.0,2410.17,2410.0,2410.17,0.01,10.33,25119.41,1
2022-12-29,2022-12-29 12:01:00,2410.17,2410.33,2410.17,2410.33,0.01,10.33,25119.41,1
2022-12-29,2022-12-29 12:02:00,2410.33,2410.5,2410.33,2410.5,0.01,10.33,25119.41,1
2022-12-29,2022-12-29 12:03:00,2410.5,2410.67,2410.5,2410.67,0.01,10.33,25119.41,1
2022-12-29,2022-12-29 12:04:00,2410.67,2410.83,2410.67,2410.83,0.01,10.33,25119.41,1
2022-12-29,2022-12-29 12:05:00,2410.83,2411.0,2410.83,2411.0,0.01,10.33,25119.41,1
2022-12-29,2022-12-29 12:06:00,2411.0,2411.17,2411.0,2411.17,0.01,10.33,25119.41,1
2022-12-29,2022-12-29 12:07:00,2411.17,2411.33,2411.17,2411.33,0.01,10.33,25119.41,1
2022-12-29,2022-12-29 12:08:00,2411.33,2411.5,2411.33,2411.5,0.01,10.33,25119.41,1
2022-12-29,2022-12-29 12:09:00,2411.5,2411.67,2411.5,2411.67,0.01,10.33,25119.41,1
2022-12-29,2022-12-29 12:10:00,2411.67,2411.83,2411.67,2411.83,0.01,10.33,25119.41,1
2022-12-29,2022-12-29 12:11:00,2411.83,2412.0,2411.83,2412.0,0.01,10.33,25119.41,1
2022-12-29,2022-12-29 12:12:00,2412.0,2412.17,2412.0,2412.17,0.01,10.33,25119.41,1
2022-12-29,2022-12-29 12:13:00,2412.17,2412.33,2412.17,2412.33,0.01,10.33,25119.41,1
2022-12-29,2022-12-29 12:14:00,2412.33,2412.5,2412.33,2412.5,0.01,10.33,25119.41,1
2022-12-29,2022-12-29 12:15:00,2412.5,2412.67,2412.5,2412.67,0.01,10.33,25119.41,1
2022-12-29,2022-12-29 12:16:00,2412.67,2412.83,2412.67,2412.83,0.01,10.33,25119.41,1
2022-12-29,2022-12-29 12:17:00,2412.83,2413.0,2412.83,2413.0,0.01,10.33,25119.41,1
2022-12-29,2022-12-29 12:18:00,2413.0,2413.17,2413.0,2413.17,0.01,10.33,25119.41,1
2022-12-29,2022-12-29 12:19:00,2413.17,2413.33,2413.17,2413.33,0.01,10.33,25119.41,1
2022-12-29,2022-12-29 12:20:00,2413.33,2413.5,2413.33,2413.5,0.01,10.33,25119.41,1
2022-12-29,2022-12-29 12:21:00,2413.5,2413.67,2413.5,2413.67,0.01,10.33,25119.41,1
2022-12-29,2022-12-29 12:22:00,2413.67,2413.83,2413.67,2413.83,0.01,10.33,25119.41,1
2022-12-29,2022-12-29 12:23:00,2413.83,2414.0,2413.83,2414.0,0.01,10.33,25119.41,1
2022-12-29,2022-12-29 12:24:00,2414.0,2414.17,2414.0,2414.17,0.01,10.33,25119.41,1
2022-12-29,2022-12-29 12:25:00,2414.17,2414.33,2414.17,2414.33,0.01,10.33,25119.41,1
2022-12-29,2022-12-29 12:26:00,2414.33,2414.5,2414.33,2414.5,0.01,10.33,25119.41,1
2022-12-29,2022-12-29 12:27:00,2414.5,2414.67,2414.5,2414.67,0.01,10.33,25119.41,1
2022-12-29,2022-12-29 12:28:00,2414.67,2414.83,2414.67,2414.83,0.01,10.33,25119.41,1
2022-12-29,2022-12-29 12:29:00,2414.83,2415.0,2414.83,2415.0,0.01,10.33,25119.41,1
2022-12-29,2022-12-29 12:30:00,2415.0,2415.17,2415.0,2415.17,0.01,10.33,25119.41,1
2022-12-29,2022-12-29 12:31:00,2415.17,2415.33,2415.17,2415.33,0.01,10.33,25119.41,1
2022-12-29,2022-12-29 12:32:00,2415.33,2415.5,2415.33,2415.5,0.01,10.33,25119.41,1
2022-12-29,2022-12-29 12:33:00,2415.5,2415.67,2415.5,2415.67,0.01,10.33,25119.41,1
2022-12-29,2022-12-29 12:34:00,2415.67,2415.83,2415.67,2415.83,0.01,10.33,25119.41,1
2022-12-29,2022-12-29 12:35:00,2415.83,2416.0,2415.83,2416.0,0.01,10.33,25119.41,1
2022-12-29,2022-12-29 12:36:00,2416.0,2416.17,2416.0,2416.17,0.01,10.33,25119.41,1
2022-12-29,2022-12-29 12:37:00,2416.17,2416.33,2416.17,2416.33,0.01,10.33,25119.41,1
2022-12-29,2022-12-29 12:38:00,2416.33,2416.5,2416.33,2416.5,0.01,10.33,25119.41,1
2022-12-29,2022-12-29 12:39:00,2416.5,2416.67,2416.5,2416.67,0.01,10.33,25119.41,1
2022-12-29,2022-12-29 12:40:00,2416.67,2416.83,2416.67,2416.83,0.01,10.33,25119.41,1
2022-12-29,2022-12-29 12:41:00,2416.83,2417.0,2416.83,2417.0,0.01,10.33,25119.41,1
2022-12-29,2022-12-29 12:42:00,2417.0,2417.17,2417.0,2417.17,0.01,10.33,25119.41,1
2022-12-29,2022-12-29 12:43:00,2417.17,2417.33,2417.17,2417.33,0.01,10.33,25119.41,1
2022-12-29,2022-12-29 12:44:00,2417.33,2417.5,2417.33,2417.5,0.01,10.33,25119.41,1
2022-12-29,2022-12-29 12:45:00,2417.5,2417.67,2417.5,2417.67,0.01,10.33,25119.41,1
2022-12-29,2022-12-29 12:46:00,2417.67,2417.83,2417.67,2417.83,0.01,10.33,25119.41,1
2022-12-29,2022-12-29 12:47:00,2417.83,2418.0,2417.83,2418.0,0.01,10.33,25119.41,1
2022-12-29,2022-12-29 12:48:00,2418.0,2418.17,2418.0,2418.17,0.01,10.33,25119.41,1
2022-12-29,2022-12-29 12:49:00,2418.17,2418.33,2418.17,2418.33,0.01,10.33,25119.41,1
2022-12-29,2022-12-29 12:50:00,2418.33,2418.5,2418.33,2418.5,0.01,10.33,25119.41,1
2022-12-29,2022-12-29 12:51:00,2418.5,2418.67,2418.5,2418.67,0.01,10.33,25119.41,1
2022-12-29,2022-12-29 12:52:00,2418.67,2418.83,2418.67,2418.83,0.01,10.33,25119.41,1
2022-12-29,2022-12-29 12:53:00,2418.83,2419.0,2418.83,2419.0,0.01,10.33,25119.41,1
2022-12-29,2022-12-29 12:54:00,2419.0,2419.17,2419.0,2419.17,0.01,10.33,25119.41,1
2022-12-29,2022-12-29 12:55:00,2419.17,2419.33,2419.17,2419.33,0.01,10.33,25119.41,1
2022-12-29,2022-12-29 12:56:00,2419.33,2419.5,2419.33,2419.5,0.01,10.33,25119.41,1
2022-12-29,2022-12-29 12:57:00,2419.5,2419.67,2419.5,2419.67,0.01,10.33,25119.41,1
2022-12-29,2022-12-29 12:58:00,2419.67,2419.83,2419.67,2419.83,0.01,10.33,25119.41,1
2022-12-29,2022-12-29 12:59:00,2419.83,2420.0,2419.83,2420.0,0.01,10.33,25119.41,1
2022-12-29,2022-12-29 13:00:00,2420.0,2447.0,2400.0,2420.17,0.01,10.33,25119.41,1
2022-12-29,2022-12-29 13:01:00,2420.17,2420.33,2420.17,2420.33,0.01,10.33,25119.41,1
2022-12-29,2022-12-29 13:02:00,2420.33,2420.5,2420.33,2420.5,0.01,10.33,25119.41,1
2022-12-29,2022-12-29 13:03:00,2420.5,2420.67,2420.5,2420.67,0.01,10.33,25119.41,1
2022-12-29,2022-12-29 13:04:00,2420.67,2420.83,2420.67,2420.83,0.01,10.33,25119.41,1
2022-12-29,2022-12-29 13:05:00,2420.83,2421.0,2420.83,2421.0,0.01,10.33,25119.41,1
2022-12-29,2022-12-29 13:06:00,2421.0,2421.17,2421.0,2421.17,0.01,10.33,25119.41,1
2022-12-29,2022-12-29 13:07:00,2421.17,2421.33,2421.17,2421.33,0.01,10.33,25119.41,1
2022-12-29,2022-12-29 13:08:00,2421.33,2421.5,2421.33,2421.5,0.01,10.33,25119.41,1
2022-12-29,2022-12-29 13:09:00,2421.5,2421.67,2421.5,2421.67,0.01,10.33,25119.41,1
2022-12-29,2022-12-29 13:10:00,2421.67,2421.83,2421.67,2421.83,0.01,10.33,25119.41,1
2022-12-29,2022-12-29 13:11:00,2421.83,2422.0,2421.83,2422.0,0.01,10.33,25119.41,1
2022-12-29,2022-12-29 13:12:00,2422.0,2422.17,2422.0,2422.17,0.01,10.33,25119.41,1
2022-12-29,2022-12-29 13:13:00,2422.17,2422.33,2422.17,2422.33,0.01,10.33,25119.41,1
2022-12-29,2022-12-29 13:14:00,2422.33,2422.5,2422.33,2422.5,0.01,10.33,25119.41,1
2022-12-29,2022-12-29 13:15:00,2422.5,2422.67,2422.5,2422.67,0.01,10.33,25119.41,1
2022-12-29,2022-12-29 13:16:00,2422.67,2422.83,2422.67,2422.83,0.01,10.33,25119.41,1
2022-12-29,2022-12-29 13:17:00,2422.83,2423.0,2422.83,2423.0,0.01,10.33,25119.41,1
2022-12-29,2022-12-29 13:18:00,2423.0,2423.17,2423.0,2423.17,0.01,10.33,25119.41,1
2022-12-29,2022-12-29 13:19:00,2423.17,2423.33,2423.17,2423.33,0.01,10.33,25119.41,1
2022-12-29,2022-12-29 13:20:00,2423.33,2423.5,2423.33,2423.5,0.01,10.33,25119.41,1
2022-12-29,2022-12-29 13:21:00,2423.5,2423.67,2423.5,2423.67,0.01,10.33,25119.41,1
2022-12-29,2022-12-29 13:22:00,2423.67,2423.83,2423.67,2423.83,0.01,10.33,25119.41,1
2022-12-29,2022-12-29 13:23:00,2423.83,2424.0,2423.83,2424.0,0.01,10.33,25119.41,1
2022-12-29,2022-12-29 13:24:00,2424.0,2424.17,2424.0,2424.17,0.01,10.33,25119.41,1
2022-12-29,2022-12-29 13:25:00,2424.17,2424.33,2424.17,2424.33,0.01,10.33,25119.41,1
2022-12-29,2022-12-29 13:26:00,2424.33,2424.5,2424.33,2424.5,0.01,10.33,25119.41,1
2022-12-29,2022-12-29 13:27:00,2424.5,2424.67,2424.5,2424.67,0.01,10.33,25119.41,1
2022-12-29,2022-12-29 13:28:00,2424.67,2424.83,2424.67,2424.83,0.01,10.33,25119.41,1
2022-12-29,2022-12-29 13:29:00,2424.83,2425.0,2424.83,2425.0,0.01,10.33,25119.41,1
2022-12-29,2022-12-29 13:30:00,2425.0,2425.17,2425.0,2425.17,0.01,10.33,25119.41,1
2022-12-29,2022-12-29 13:31:00,2425.17,2425.33,2425.17,2425.33,0.01,10.33,25119.41,1
2022-12-29,2022-12-29 13:32:00,2425.33,2425.5,2425.33,2425.5,0.01,10.33,25119.41,1
2022-12-29,2022-12-29 13:33:00,2425.5,2425.67,2425.5,2425.67,0.01,10.33,25119.41,1
2022-12-29,2022-12-29 13:34:00,2425.67,2425.83,2425.67,2425.83,0.01,10.33,25119.41,1
2022-12-29,2022-12-29 13:35:00,2425.83,2426.0,2425.83,2426.0,0.01,10.33,25119.41,1
2022-12-29,2022-12-29 13:36:00,2426.0,2426.17,2426.0,2426.17,0.01,10.33,25119.41,1
2022-12-29,2022-12-29 13:37:00,2426.17,2426.33,2426.17,2426.33,0.01,10.33,25119.41,1
2022-12-29,2022-12-29 13:38:00,2426.33,2426.5,2426.33,2426.5,0.01,10.33,25119.41,1
2022-12-29,2022-12-29 13:39:00,2426.5,2426.67,2426.5,2426.67,0.01,10.33,25119.41,1
2022-12-29,2022-12-29 13:40:00,2426.67,2426.83,2426.67,2426.83,0.01,10.33,25119.41,1
2022-12-29,2022-12-29 13:41:00,2426.83,2427.0,2426.83,2427.0,0.01,10.33,25119.41,1
2022-12-29,2022-12-29 13:42:00,2427.0,2427.17,2427.0,2427.17,0.01,10.33,25119.41,1
2022-12-29,2022-12-29 13:43:00,2427.17,2427.33,2427.17,2427.33,0.01,10.33,25119.41,1
2022-12-29,2022-12-29 13:44:00,2427.33,2427.5,2427.33,2427.5,0.01,10.33,25119.41,1
2022-12-29,2022-12-29 13:45:00,2427.5,2427.67,2427.5,2427.67,0.01,10.33,25119.41,1
2022-12-29,2022-12-29 13:46:00,2427.67,2427.83,2427.67,2427.83,0.01,10.33,25119.41,1
2022-12-29,2022-12-29 13:47:00,2427.83,2428.0,2427.83,2428.0,0.01,10.33,25119.41,1
2022-12-29,2022-12-29 13:48:00,2428.0,2428.17,2428.0,2428.17,0.01,10.33,25119.41,1
2022-12-29,2022-12-29 13:49:00,2428.17,2428.33,2428.17,2428.33,0.01,10.33,25119.41,1
2022-12-29,2022-12-29 13:50:00,2428.33,2428.5,2428.33,2428.5,0.01,10.33,25119.41,1
2022-12-29,2022-12-29 13:51:00,2428.5,2428.67,2428.5,2428.67,0.01,10.33,25119.41,1
2022-12-29,2022-12-29 13:52:00,2428.67,2428.83,2428.67,2428.83,0.01,10.33,25119.41,1
2022-12-29,2022-12-29 13:53:00,2428.83,2429.0,2428.83,2429.0,0.01,10.33,25119.41,1
2022-12-29,2022-12-29 13:54:00,2429.0,2429.17,2429.0,2429.17,0.01,10.33,25119.41,1
2022-12-29,2022-12-29 13:55:00,2429.17,2429.33,2429.17,2429.33,0.01,10.33,25119.41,1
2022-12-29,2022-12-29 13:56:00,2429.33,2429.5,2429.33,2429.5,0.01,10.33,25119.41,1
2022-12-29,2022-12-29 13:57:00,2429.5,2429.67,2429.5,2429.67,0.01,10.33,25119.41,1
2022-12-29,2022-12-29 13:58:00,2429.67,2429.83,2429.67,2429.83,0.01,10.33,25119.41,1
2022-12-29,2022-12-29 13:59:00,2429.83,2430.0,2429.83,2430.0,0.01,10.33,25119.41,1
2022-12-29,2022-12-29 14:00:00,2430.0,2430.17,2430.0,2430.17,0.01,10.33,25119.41,1
2022-12-29,2022-12-29 14:01:00,2430.17,2430.33,2430.17,2430.33,0.01,10.33,25119.41,1
2022-12-29,2022-12-29 14:02:00,2430.33,2430.5,2430.33,2430.5,0.01,10.33,25119.41,1
2022-12-29,2022-12-29 14:03:00,2430.5,2430.67,2430.5,2430.67,0.01,10.33,25119.41,1
2022-12-29,2022-12-29 14:04:00,2430.67,2430.83,2430.67,2430.83,0.01,10.33,25119.41,1
2022-12-29,2022-12-29 14:05:00,2430.83,2431.0,2430.83,2431.0,0.01,10.33,25119.41,1
2022-12-29,2022-12-29 14:06:00,2431.0,2431.17,2431.0,2431.17,0.01,10.33,25119.41,1
2022-12-29,2022-12-29 14:07:00,2431.17,2431.33,2431.17,2431.33,0.01,10.33,25119.41,1
2022-12-29,2022-12-29 14:08:00,2431.33,2431.5,2431.33,2431.5,0.01,10.33,25119.41,1
2022-12-29,2022-12-29 14:09:00,2431.5,2431.67,2431.5,2431.67,0.01,10.33,25119.41,1
2022-12-29,2022-12-29 14:10:00,2431.67,2431.83,2431.67,2431.83,0.01,10.33,25119.41,1
2022-12-29,2022-12-29 14:11:00,2431.83,2432.0,2431.83,2432.0,0.01,10.33,25119.41,1
2022-12-29,2022-12-29 14:12:00,2432.0,2432.17,2432.0,2432.17,0.01,10.33,25119.41,1
2022-12-29,2022-12-29 14:13:00,2432.17,2432.33,2432.17,2432.33,0.01,10.33,25119.41,1
2022-12-29,2022-12-29 14:14:00,2432.33,2432.5,2432.33,2432.5,0.01,10.33,25119.41,1
2022-12-29,2022-12-29 14:15:00,2432.5,2432.67,2432.5,2432.67,0.01,10.33,25119.41,1
2022-12-29,2022-12-29 14:16:00,2432.67,2432.83,2432.67,2432.83,0.01,10.33,25119.41,1
2022-12-29,2022-12-29 14:17:00,2432.83,2433.0,2432.83,2433.0,0.01,10.33,25119.41,1
2022-12-29,2022-12-29 14:18:00,2433.0,2433.17,2433.0,2433.17,0.01,10.33,25119.41,1
2022-12-29,2022-12-29 14:19:00,2433.17,2433.33,2433.17,2433.33,0.01,10.33,25119.41,1
2022-12-29,2022-12-29 14:20:00,2433.33,2433.5,2433.33,2433.5,0.01,10.33,25119.41,1
2022-12-29,2022-12-29 14:21:00,2433.5,2433.67,2433.5,2433.67,0.01,10.33,25119.41,1
2022-12-29,2022-12-29 14:22:00,2433.67,2433.83,2433.67,2433.83,0.01,10.33,25119.41,1
2022-12-29,2022-12-29 14:23:00,2433.83,2434.0,2433.83,2434.0,0.01,10.33,25119.41,1
2022-12-29,2022-12-29 14:24:00,2434.0,2434.17,2434.0,2434.17,0.01,10.33,25119.41,1
2022-12-29,2022-12-29 14:25:00,2434.17,2434.33,2434.17,2434.33,0.01,10.33,25119.41,1
2022-12-29,2022-12-29 14:26:00,2434.33,2434.5,2434.33,2434.5,0.01,10.33,25119.41,1
2022-12-29,2022-12-29 14:27:00,2434.5,2434.67,2434.5,2434.67,0.01,10.33,25119.41,1
2022-12-29,2022-12-29 14:28:00,2434.67,2434.83,2434.67,2434.83,0.01,10.33,25119.41,1
2022-12-29,2022-12-29 14:29:00,2434.83,2435.0,2434.83,2435.0,0.01,10.33,25119.41,1
2022-12-29,2022-12-29 14:30:00,2435.0,2435.17,2435.0,2435.17,0.01,10.33,25119.41,1
2022-12-29,2022-12-29 14:31:00,2435.17,2435.33,2435.17,2435.33,0.01,10.33,25119.41,1
2022-12-29,2022-12-29 14:32:00,2435.33,2435.5,2435.33,2435.5,0.01,10.33,25119.41,1
2022-12-29,2022-12-29 14:33:00,2435.5,2435.67,2435.5,2435.67,0.01,10.33,25119.41,1
2022-12-29,2022-12-29 14:34:00,2435.67,2435.83,2435.67,2435.83,0.01,10.33,25119.41,1
2022-12-29,2022-12-29 14:35:00,2435.83,2436.0,2435.83,2436.0,0.01,10.33,25119.41,1
2022-12-29,2022-12-29 14:36:00,2436.0,2436.17,2436.0,2436.17,0.01,10.33,25119.41,1
2022-12-29,2022-12-29 14:37:00,2436.17,2436.33,2436.17,2436.33,0.01,10.33,25119.41,1
2022-12-29,2022-12-29 14:38:00,2436.33,2436.5,2436.33,2436.5,0.01,10.33,25119.41,1
2022-12-29,2022-12-29 14:39:00,2436.5,2436.67,2436.5,2436.67,0.01,10.33,25119.41,1
2022-12-29,2022-12-29 14:40:00,2436.67,2436.83,2436.67,2436.83,0.01,10.33,25119.41,1
2022-12-29,2022-12-29 14:41:00,2436.83,2437.0,2436.83,2437.0,0.01,10.33,25119.41,1
2022-12-29,2022-12-29 14:42:00,2437.0,2437.17,2437.0,2437.17,0.01,10.33,25119.41,1
2022-12-29,2022-12-29 14:43:00,2437.17,2437.33,2437.17,2437.33,0.01,10.33,25119.41,1
2022-12-29,2022-12-29 14:44:00,2437.33,2437.5,2437.33,2437.5,0.01,10.33,25119.41,1
2022-12-29,2022-12-29 14:45:00,2437.5,2437.67,2437.5,2437.67,0.01,10.33,25119.41,1
2022-12-29,2022-12-29 14:46:00,2437.67,2437.83,2437.67,2437.83,0.01,10.33,25119.41,1
2022-12-29,2022-12-29 14:47:00,2437.83,2438.0,2437.83,2438.0,0.01,10.33,25119.41,1
2022-12-29,2022-12-29 14:48:00,2438.0,2438.17,2438.0,2438.17,0.01,10.33,25119.41,1
2022-12-29,2022-12-29 14:49:00,2438.17,2438.33,2438.17,2438.33,0.01,10.33,25119.41,1
2022-12-29,2022-12-29 14:50:00,2438.33,2438.5,2438.33,2438.5,0.01,10.33,25119.41,1
2022-12-29,2022-12-29 14:51:00,2438.5,2438.67,2438.5,2438.67,0.01,10.33,25119.41,1
2022-12-29,2022-12-29 14:52:00,2438.67,2438.83,2438.67,2438.83,0.01,10.33,25119.41,1
2022-12-29,2022-12-29 14:53:00,2438.83,2439.0,2438.83,2439.0,0.01,10.33,25119.41,1
2022-12-29,2022-12-29 14:54:00,2439.0,2439.17,2439.0,2439.17,0.01,10.33,25119.41,1
2022-12-29,2022-12-29 14:55:00,2439.17,2439.33,2439.17,2439.33,0.01,10.33,25119.41,1
2022-12-29,2022-12-29 14:56:00,2439.33,2439.5,2439.33,2439.5,0.01,10.33,25119.41,1
2022-12-29,2022-12-29 14:57:00,2439.5,2439.67,2439.5,2439.67,0.01,10.33,25119.41,1
2022-12-29,2022-12-29 14:58:00,2439.67,2439.83,2439.67,2439.83,0.01,10.33,25119.41,1
2022-12-29,2022-12-29 14:59:00,2439.83,2440.0,2439.83,2440.0,0.01,10.33,25119.41,1
2022-12-29,2022-12-29 15:00:00,2440.0,2447.0,2400.0,2440.0,0.0,10.33,25119.41,0
2023-01-01,2023-01-01 11:00:00,2480.0,2480.0,2453.6,2479.88,-0.0,22.17,54336.93,-1
2023-01-01,2023-01-01 11:01:00,2479.88,2479.88,2479.75,2479.75,-0.01,22.17,54336.93,-1
2023-01-01,2023-01-01 11:02:00,2479.75,2479.75,2479.62,2479.62,-0.01,22.17,54336.93,-1
2023-01-01,2023-01-01 11:03:00,2479.62,2479.62,2479.5,2479.5,-0.0,22.17,54336.93,-1
2023-01-01,2023-01-01 11:04:00,2479.5,2479.5,2479.38,2479.38,-0.0,22.17,54336.93,-1
2023-01-01,2023-01-01 11:05:00,2479.38,2479.38,2479.25,2479.25,-0.01,22.17,54336.93,-1
2023-01-01,2023-01-01 11:06:00,2479.25,2479.25,2479.12,2479.12,-0.01,22.17,54336.93,-1
2023-01-01,2023-01-01 11:07:00,2479.12,2479.12,2479.0,2479.0,-0.0,22.17,54336.93,-1
2023-01-01,2023-01-01 11:08:00,2479.0,2479.0,2478.88,2478.88,-0.0,22.17,54336.93,-1
2023-01-01,2023-01-01 11:09:00,2478.88,2478.88,2478.75,2478.75,-0.01,22.17,54336.93,-1
2023-01-01,2023-01-01 11:10:00,2478.75,2478.75,2478.62,2478.62,-0.01,22.17,54336.93,-1
2023-01-01,2023-01-01 11:11:00,2478.62,2478.62,2478.5,2478.5,-0.0,22.17,54336.93,-1
2023-01-01,2023-01-01 11:12:00,2478.5,2478.5,2478.38,2478.38,-0.0,22.17,54336.93,-1
2023-01-01,2023-01-01 11:13:00,2478.38,2478.38,2478.25,2478.25,-0.01,22.17,54336.93,-1
2023-01-01,2023-01-01 11:14:00,2478.25,2478.25,2478.12,2478.12,-0.01,22.17,54336.93,-1
2023-01-01,2023-01-01 11:15:00,2478.12,2478.12,2478.0,2478.0,-0.0,22.17,54336.93,-1
2023-01-01,2023-01-01 11:16:00,2478.0,2478.0,2477.88,2477.88,-0.0,22.17,54336.93,-1
2023-01-01,2023-01-01 11:17:00,2477.88,2477.88,2477.75,2477.75,-0.01,22.17,54336.93,-1
2023-01-01,2023-01-01 11:18:00,2477.75,2477.75,2477.62,2477.62,-0.01,22.17,54336.93,-1
2023-01-01,2023-01-01 11:19:00,2477.62,2477.62,2477.5,2477.5,-0.0,22.17,54336.93,-1
2023-01-01,2023-01-01 11:20:00,2477.5,2477.5,2477.38,2477.38,-0.0,22.17,54336.93,-1
2023-01-01,2023-01-01 11:21:00,2477.38,2477.38,2477.25,2477.25,-0.01,22.17,54336.93,-1
2023-01-01,2023-01-01 11:22:00,2477.25,2477.25,2477.12,2477.12,-0.01,22.17,54336.93,-1
2023-01-01,2023-01-01 11:23:00,2477.12,2477.12,2477.0,2477.0,-0.0,22.17,54336.93,-1
2023-01-01,2023-01-01 11:24:00,2477.0,2477.0,2476.88,2476.88,-0.0,22.17,54336.93,-1
2023-01-01,2023-01-01 11:25:00,2476.88,2476.88,2476.75,2476.75,-0.01,22.17,54336.93,-1
2023-01-01,2023-01-01 11:26:00,2476.75,2476.75,2476.62,2476.62,-0.01,22.17,54336.93,-1
2023-01-01,2023-01-01 11:27:00,2476.62,2476.62,2476.5,2476.5,-0.0,22.17,54336.93,-1
2023-01-01,2023-01-01 11:28:00,2476.5,2476.5,2476.38,2476.38,-0.0,22.17,54336.93,-1
2023-01-01,2023-01-01 11:29:00,2476.38,2476.38,2476.25,2476.25,-0.01,22.17,54336.93,-1
2023-01-01,2023-01-01 11:30:00,2476.25,2476.25,2476.12,2476.12,-0.01,22.17,54336.93,-1
2023-01-01,2023-01-01 11:31:00,2476.12,2476.12,2476.0,2476.0,-0.0,22.17,54336.93,-1
2023-01-01,2023-01-01 11:32:00,2476.0,2476.0,2475.88,2475.88,-0.0,22.17,54336.93,-1
2023-01-01,2023-01-01 11:33:00,2475.88,2475.88,2475.75,2475.75,-0.01,22.17,54336.93,-1
2023-01-01,2023-01-01 11:34:00,2475.75,2475.75,2475.62,2475.62,-0.01,22.17,54336.93,-1
2023-01-01,2023-01-01 11:35:00,2475.62,2475.62,2475.5,2475.5,-0.0,22.17,54336.93,-1
2023-01-01,2023-01-01 11:36:00,2475.5,2475.5,2475.38,2475.38,-0.0,22.17,54336.93,-1
2023-01-01,2023-01-01 11:37:00,2475.38,2475.38,2475.25,2475.25,-0.01,22.17,54336.93,-1
2023-01-01,2023-01-01 11:38:00,2475.25,2475.25,2475.12,2475.12,-0.01,22.17,54336.93,-1
2023-01-01,2023-01-01 11:39:00,2475.12,2475.12,2475.0,2475.0,-0.0,22.17,54336.93,-1
2023-01-01,2023-01-01 11:40:00,2475.0,2475.0,2474.88,2474.88,-0.0,22.17,54336.93,-1
2023-01-01,2023-01-01 11:41:00,2474.88,2474.88,2474.75,2474.75,-0.01,22.17,54336.93,-1
2023-01-01,2023-01-01 11:42:00,2474.75,2474.75,2474.62,2474.62,-0.01,22.17,54336.93,-1
2023-01-01,2023-01-01 11:43:00,2474.62,2474.62,2474.5,2474.5,-0.0,22.17,54336.93,-1
2023-01-01,2023-01-01 11:44:00,2474.5,2474.5,2474.38,2474.38,-0.0,22.17,54336.93,-1
2023-01-01,2023-01-01 11:45:00,2474.38,2474.38,2474.25,2474.25,-0.01,22.17,54336.93,-1
2023-01-01,2023-01-01 11:46:00,2474.25,2474.25,2474.12,2474.12,-0.01,22.17,54336.93,-1
2023-01-01,2023-01-01 11:47:00,2474.12,2474.12,2474.0,2474.0,-0.0,22.17,54336.93,-1
2023-01-01,2023-01-01 11:48:00,2474.0,2474.0,2473.88,2473.88,-0.0,22.17,54336.93,-1
2023-01-01,2023-01-01 11:49:00,2473.88,2473.88,2473.75,2473.75,-0.01,22.17,54336.93,-1
2023-01-01,2023-01-01 11:50:00,2473.75,2473.75,2473.62,2473.62,-0.01,22.17,54336.93,-1
2023-01-01,2023-01-01 11:51:00,2473.62,2473.62,2473.5,2473.5,-0.0,22.17,54336.93,-1
2023-01-01,2023-01-01 11:52:00,2473.5,2473.5,2473.38,2473.38,-0.0,22.17,54336.93,-1
2023-01-01,2023-01-01 11:53:00,2473.38,2473.38,2473.25,2473.25,-0.01,22.17,54336.93,-1
2023-01-01,2023-01-01 11:54:00,2473.25,2473.25,2473.12,2473.12,-0.01,22.17,54336.93,-1
2023-01-01,2023-01-01 11:55:00,2473.12,2473.12,2473.0,2473.0,-0.0,22.17,54336.93,-1
2023-01-01,2023-01-01 11:56:00,2473.0,2473.0,2472.88,2472.88,-0.0,22.17,54336.93,-1
2023-01-01,2023-01-01 11:57:00,2472.88,2472.88,2472.75,2472.75,-0.01,22.17,54336.93,-1
2023-01-01,2023-01-01 11:58:00,2472.75,2472.75,2472.62,2472.62,-0.01,22.17,54336.93,-1
2023-01-01,2023-01-01 11:59:00,2472.62,2472.62,2472.5,2472.5,-0.0,22.17,54336.93,-1
2023-01-01,2023-01-01 12:00:00,2472.5,2472.5,2472.38,2472.38,-0.0,22.17,54336.93,-1
2023-01-01,2023-01-01 12:01:00,2472.38,2472.38,2472.25,2472.25,-0.01,22.17,54336.93,-1
2023-01-01,2023-01-01 12:02:00,2472.25,2472.25,2472.12,2472.12,-0.01,22.17,54336.93,-1
2023-01-01,2023-01-01 12:03:00,2472.12,2472.12,2472.0,2472.0,-0.0,22.17,54336.93,-1
2023-01-01,2023-01-01 12:04:00,2472.0,2472.0,2471.88,2471.88,-0.0,22.17,54336.93,-1
2023-01-01,2023-01-01 12:05:00,2471.88,2471.88,2471.75,2471.75,-0.01,22.17,54336.93,-1
2023-01-01,2023-01-01 12:06:00,2471.75,2471.75,2471.62,2471.62,-0.01,22.17,54336.93,-1
2023-01-01,2023-01-01 12:07:00,2471.62,2471.62,2471.5,2471.5,-0.0,22.17,54336.93,-1
2023-01-01,2023-01-01 12:08:00,2471.5,2471.5,2471.38,2471.38,-0.0,22.17,54336.93,-1
2023-01-01,2023-01-01 12:09:00,2471.38,2471.38,2471.25,2471.25,-0.01,22.17,54336.93,-1
2023-01-01,2023-01-01 12:10:00,2471.25,2471.25,2471.12,2471.12,-0.01,22.17,54336.93,-1
2023-01-01,2023-01-01 12:11:00,2471.12,2471.12,2471.0,2471.0,-0.0,22.17,54336.93,-1
2023-01-01,2023-01-01 12:12:00,2471.0,2471.0,2470.88,2470.88,-0.0,22.17,54336.93,-1
2023-01-01,2023-01-01 12:13:00,2470.88,2470.88,2470.75,2470.75,-0.01,22.17,54336.93,-1
2023-01-01,2023-01-01 12:14:00,2470.75,2470.75,2470.62,2470.62,-0.01,22.17,54336.93,-1
2023-01-01,2023-01-01 12:15:00,2470.62,2470.62,2470.5,2470.5,-0.0,22.17,54336.93,-1
2023-01-01,2023-01-01 12:16:00,2470.5,2470.5,2470.38,2470.38,-0.0,22.17,54336.93,-1
2023-01-01,2023-01-01 12:17:00,2470.38,2470.38,2470.25,2470.25,-0.01,22.17,54336.93,-1
2023-01-01,2023-01-01 12:18:00,2470.25,2470.25,2470.12,2470.12,-0.01,22.17,54336.93,-1
2023-01-01,2023-01-01 12:19:00,2470.12,2470.12,2470.0,2470.0,-0.0,22.17,54336.93,-1
2023-01-01,2023-01-01 12:20:00,2470.0,2470.0,2469.88,2469.88,-0.0,22.17,54336.93,-1
2023-01-01,2023-01-01 12:21:00,2469.88,2469.88,2469.75,2469.75,-0.01,22.17,54336.93,-1
2023-01-01,2023-01-01 12:22:00,2469.75,2469.75,2469.62,2469.62,-0.01,22.17,54336.93,-1
2023-01-01,2023-01-01 12:23:00,2469.62,2469.62,2469.5,2469.5,-0.0,22.17,54336.93,-1
2023-01-01,2023-01-01 12:24:00,2469.5,2469.5,2469.38,2469.38,-0.0,22.17,54336.93,-1
2023-01-01,2023-01-01 12:25:00,2469.38,2469.38,2469.25,2469.25,-0.01,22.17,54336.93,-1
2023-01-01,2023-01-01 12:26:00,2469.25,2469.25,2469.12,2469.12,-0.01,22.17,54336.93,-1
2023-01-01,2023-01-01 12:27:00,2469.12,2469.12,2469.0,2469.0,-0.0,22.17,54336.93,-1
2023-01-01,2023-01-01 12:28:00,2469.0,2469.0,2468.88,2468.88,-0.0,22.17,54336.93,-1
2023-01-01,2023-01-01 12:29:00,2468.88,2468.88,2468.75,2468.75,-0.01,22.17,54336.93,-1
2023-01-01,2023-01-01 12:30:00,2468.75,2468.75,2468.62,2468.62,-0.01,22.17,54336.93,-1
2023-01-01,2023-01-01 12:31:00,2468.62,2468.62,2468.5,2468.5,-0.0,22.17,54336.93,-1
2023-01-01,2023-01-01 12:32:00,2468.5,2468.5,2468.38,2468.38,-0.0,22.17,54336.93,-1
2023-01-01,2023-01-01 12:33:00,2468.38,2468.38,2468.25,2468.25,-0.01,22.17,54336.93,-1
2023-01-01,2023-01-01 12:34:00,2468.25,2468.25,2468.12,2468.12,-0.01,22.17,54336.93,-1
2023-01-01,2023-01-01 12:35:00,2468.12,2468.12,2468.0,2468.0,-0.0,22.17,54336.93,-1
2023-01-01,2023-01-01 12:36:00,2468.0,2468.0,2467.88,2467.88,-0.0,22.17,54336.93,-1
2023-01-01,2023-01-01 12:37:00,2467.88,2467.88,2467.75,2467.75,-0.01,22.17,54336.93,-1
2023-01-01,2023-01-01 12:38:00,2467.75,2467.75,2467.62,2467.62,-0.01,22.17,54336.93,-1
2023-01-01,2023-01-01 12:39:00,2467.62,2467.62,2467.5,2467.5,-0.0,22.17,54336.93,-1
2023-01-01,2023-01-01 12:40:00,2467.5,2467.5,2467.38,2467.38,-0.0,22.17,54336.93,-1
2023-01-01,2023-01-01 12:41:00,2467.38,2467.38,2467.25,2467.25,-0.01,22.17,54336.93,-1
2023-01-01,2023-01-01 12:42:00,2467.25,2467.25,2467.12,2467.12,-0.01,22.17,54336.93,-1
2023-01-01,2023-01-01 12:43:00,2467.12,2467.12,2467.0,2467.0,-0.0,22.17,54336.93,-1
2023-01-01,2023-01-01 12:44:00,2467.0,2467.0,2466.88,2466.88,-0.0,22.17,54336.93,-1
2023-01-01,2023-01-01 12:45:00,2466.88,2466.88,2466.75,2466.75,-0.01,22.17,54336.93,-1
2023-01-01,2023-01-01 12:46:00,2466.75,2466.75,2466.62,2466.62,-0.01,22.17,54336.93,-1
2023-01-01,2023-01-01 12:47:00,2466.62,2466.62,2466.5,2466.5,-0.0,22.17,54336.93,-1
2023-01-01,2023-01-01 12:48:00,2466.5,2466.5,2466.38,2466.38,-0.0,22.17,54336.93,-1
2023-01-01,2023-01-01 12:49:00,2466.38,2466.38,2466.25,2466.25,-0.01,22.17,54336.93,-1
2023-01-01,2023-01-01 12:50:00,2466.25,2466.25,2466.12,2466.12,-0.01,22.17,54336.93,-1
2023-01-01,2023-01-01 12:51:00,2466.12,2466.12,2466.0,2466.0,-0.0,22.17,54336.93,-1
2023-01-01,2023-01-01 12:52:00,2466.0,2466.0,2465.88,2465.88,-0.0,22.17,54336.93,-1
2023-01-01,2023-01-01 12:53:00,2465.88,2465.88,2465.75,2465.75,-0.01,22.17,54336.93,-1
2023-01-01,2023-01-01 12:54:00,2465.75,2465.75,2465.62,2465.62,-0.01,22.17,54336.93,-1
2023-01-01,2023-01-01 12:55:00,2465.62,2465.62,2465.5,2465.5,-0.0,22.17,54336.93,-1
2023-01-01,2023-01-01 12:56:00,2465.5,2465.5,2465.38,2465.38,-0.0,22.17,54336.93,-1
2023-01-01,2023-01-01 12:57:00,2465.38,2465.38,2465.25,2465.25,-0.01,22.17,54336.93,-1
2023-01-01,2023-01-01 12:58:00,2465.25,2465.25,2465.12,2465.12,-0.01,22.17,54336.93,-1
2023-01-01,2023-01-01 12:59:00,2465.12,2465.12,2465.0,2465.0,-0.0,22.17,54336.93,-1
2023-01-01,2023-01-01 13:00:00,2465.0,2480.0,2392.0,2464.88,-0.0,22.17,54336.93,-1
2023-01-01,2023-01-01 13:01:00,2464.88,2464.88,2464.75,2464.75,-0.01,22.17,54336.93,-1
2023-01-01,2023-01-01 13:02:00,2464.75,2464.75,2464.62,2464.62,-0.01,22.17,54336.93,-1
2023-01-01,2023-01-01 13:03:00,2464.62,2464.62,2464.5,2464.5,-0.0,22.17,54336.93,-1
2023-01-01,2023-01-01 13:04:00,2464.5,2464.5,2464.38,2464.38,-0.0,22.17,54336.93,-1
2023-01-01,2023-01-01 13:05:00,2464.38,2464.38,2464.25,2464.25,-0.01,22.17,54336.93,-1
2023-01-01,2023-01-01 13:06:00,2464.25,2464.25,2464.12,2464.12,-0.01,22.17,54336.93,-1
2023-01-01,2023-01-01 13:07:00,2464.12,2464.12,2464.0,2464.0,-0.0,22.17,54336.93,-1
2023-01-01,2023-01-01 13:08:00,2464.0,2464.0,2463.88,2463.88,-0.0,22.17,54336.93,-1
2023-01-01,2023-01-01 13:09:00,2463.88,2463.88,2463.75,2463.75,-0.01,22.17,54336.93,-1
2023-01-01,2023-01-01 13:10:00,2463.75,2463.75,2463.62,2463.62,-0.01,22.17,54336.93,-1
2023-01-01,2023-01-01 13:11:00,2463.62,2463.62,2463.5,2463.5,-0.0,22.17,54336.93,-1
2023-01-01,2023-01-01 13:12:00,2463.5,2463.5,2463.38,2463.38,-0.0,22.17,54336.93,-1
2023-01-01,2023-01-01 13:13:00,2463.38,2463.38,2463.25,2463.25,-0.01,22.17,54336.93,-1
2023-01-01,2023-01-01 13:14:00,2463.25,2463.25,2463.12,2463.12,-0.01,22.17,54336.93,-1
2023-01-01,2023-01-01 13:15:00,2463.12,2463.12,2463.0,2463.0,-0.0,22.17,54336.93,-1
2023-01-01,2023-01-01 13:16:00,2463.0,2463.0,2462.88,2462.88,-0.0,22.17,54336.93,-1
2023-01-01,2023-01-01 13:17:00,2462.88,2462.88,2462.75,2462.75,-0.01,22.17,54336.93,-1
2023-01-01,2023-01-01 13:18:00,2462.75,2462.75,2462.62,2462.62,-0.01,22.17,54336.93,-1
2023-01-01,2023-01-01 13:19:00,2462.62,2462.62,2462.5,2462.5,-0.0,22.17,54336.93,-1
2023-01-01,2023-01-01 13:20:00,2462.5,2462.5,2462.38,2462.38,-0.0,22.17,54336.93,-1
2023-01-01,2023-01-01 13:21:00,2462.38,2462.38,2462.25,2462.25,-0.01,22.17,54336.93,-1
2023-01-01,2023-01-01 13:22:00,2462.25,2462.25,2462.12,2462.12,-0.01,22.17,54336.93,-1
2023-01-01,2023-01-01 13:23:00,2462.12,2462.12,2462.0,2462.0,-0.0,22.17,54336.93,-1
2023-01-01,2023-01-01 13:24:00,2462.0,2462.0,2461.88,2461.88,-0.0,22.17,54336.93,-1
2023-01-01,2023-01-01 13:25:00,2461.88,2461.88,2461.75,2461.75,-0.01,22.17,54336.93,-1
2023-01-01,2023-01-01 13:26:00,2461.75,2461.75,2461.62,2461.62,-0.01,22.17,54336.93,-1
2023-01-01,2023-01-01 13:27:00,2461.62,2461.62,2461.5,2461.5,-0.0,22.17,54336.93,-1
2023-01-01,2023-01-01 13:28:00,2461.5,2461.5,2461.38,2461.38,-0.0,22.17,54336.93,-1
2023-01-01,2023-01-01 13:29:00,2461.38,2461.38,2461.25,2461.25,-0.01,22.17,54336.93,-1
2023-01-01,2023-01-01 13:30:00,2461.25,2461.25,2461.12,2461.12,-0.01,22.17,54336.93,-1
2023-01-01,2023-01-01 13:31:00,2461.12,2461.12,2461.0,2461.0,-0.0,22.17,54336.93,-1
2023-01-01,2023-01-01 13:32:00,2461.0,2461.0,2460.88,2460.88,-0.0,22.17,54336.93,-1
2023-01-01,2023-01-01 13:33:00,2460.88,2460.88,2460.75,2460.75,-0.01,22.17,54336.93,-1
2023-01-01,2023-01-01 13:34:00,2460.75,2460.75,2460.62,2460.62,-0.01,22.17,54336.93,-1
2023-01-01,2023-01-01 13:35:00,2460.62,2460.62,2460.5,2460.5,-0.0,22.17,54336.93,-1
2023-01-01,2023-01-01 13:36:00,2460.5,2460.5,2460.38,2460.38,-0.0,22.17,54336.93,-1
2023-01-01,2023-01-01 13:37:00,2460.38,2460.38,2460.25,2460.25,-0.01,22.17,54336.93,-1
2023-01-01,2023-01-01 13:38:00,2460.25,2460.25,2460.12,2460.12,-0.01,22.17,54336.93,-1
2023-01-01,2023-01-01 13:39:00,2460.12,2460.12,2460.0,2460.0,-0.0,22.17,54336.93,-1
2023-01-01,2023-01-01 13:40:00,2460.0,2460.0,2459.88,2459.88,-0.0,22.17,54336.93,-1
2023-01-01,2023-01-01 13:41:00,2459.88,2459.88,2459.75,2459.75,-0.01,22.17,54336.93,-1
2023-01-01,2023-01-01 13:42:00,2459.75,2459.75,2459.62,2459.62,-0.01,22.17,54336.93,-1
2023-01-01,2023-01-01 13:43:00,2459.62,2459.62,2459.5,2459.5,-0.0,22.17,54336.93,-1
2023-01-01,2023-01-01 13:44:00,2459.5,2459.5,2459.38,2459.38,-0.0,22.17,54336.93,-1
2023-01-01,2023-01-01 13:45:00,2459.38,2459.38,2459.25,2459.25,-0.01,22.17,54336.93,-1
2023-01-01,2023-01-01 13:46:00,2459.25,2459.25,2459.12,2459.12,-0.01,22.17,54336.93,-1
2023-01-01,2023-01-01 13:47:00,2459.12,2459.12,2459.0,2459.0,-0.0,22.17,54336.93,-1
2023-01-01,2023-01-01 13:48:00,2459.0,2459.0,2458.88,2458.88,-0.0,22.17,54336.93,-1
2023-01-01,2023-01-01 13:49:00,2458.88,2458.88,2458.75,2458.75,-0.01,22.17,54336.93,-1
2023-01-01,2023-01-01 13:50:00,2458.75,2458.75,2458.62,2458.62,-0.01,22.17,54336.93,-1
2023-01-01,2023-01-01 13:51:00,2458.62,2458.62,2458.5,2458.5,-0.0,22.17,54336.93,-1
2023-01-01,2023-01-01 13:52:00,2458.5,2458.5,2458.38,2458.38,-0.0,22.17,54336.93,-1
2023-01-01,2023-01-01 13:53:00,2458.38,2458.38,2458.25,2458.25,-0.01,22.17,54336.93,-1
2023-01-01,2023-01-01 13:54:00,2458.25,2458.25,2458.12,2458.12,-0.01,22.17,54336.93,-1
2023-01-01,2023-01-01 13:55:00,2458.12,2458.12,2458.0,2458.0,-0.0,22.17,54336.93,-1
2023-01-01,2023-01-01 13:56:00,2458.0,2458.0,2457.88,2457.88,-0.0,22.17,54336.93,-1
2023-01-01,2023-01-01 13:57:00,2457.88,2457.88,2457.75,2457.75,-0.01,22.17,54336.93,-1
2023-01-01,2023-01-01 13:58:00,2457.75,2457.75,2457.62,2457.62,-0.01,22.17,54336.93,-1
2023-01-01,2023-01-01 13:59:00,2457.62,2457.62,2457.5,2457.5,-0.0,22.17,54336.93,-1
2023-01-01,2023-01-01 14:00:00,2457.5,2457.5,2457.38,2457.38,-0.0,22.17,54336.93,-1
2023-01-01,2023-01-01 14:01:00,2457.38,2457.38,2457.25,2457.25,-0.01,22.17,54336.93,-1
2023-01-01,2023-01-01 14:02:00,2457.25,2457.25,2457.12,2457.12,-0.01,22.17,54336.93,-1
2023-01-01,2023-01-01 14:03:00,2457.12,2457.12,2457.0,2457.0,-0.0,22.17,54336.93,-1
2023-01-01,2023-01-01 14:04:00,2457.0,2457.0,2456.88,2456.88,-0.0,22.17,54336.93,-1
2023-01-01,2023-01-01 14:05:00,2456.88,2456.88,2456.75,2456.75,-0.01,22.17,54336.93,-1
2023-01-01,2023-01-01 14:06:00,2456.75,2456.75,2456.62,2456.62,-0.01,22.17,54336.93,-1
2023-01-01,2023-01-01 14:07:00,2456.62,2456.62,2456.5,2456.5,-0.0,22.17,54336.93,-1
2023-01-01,2023-01-01 14:08:00,2456.5,2456.5,2456.38,2456.38,-0.0,22.17,54336.93,-1
2023-01-01,2023-01-01 14:09:00,2456.38,2456.38,2456.25,2456.25,-0.01,22.17,54336.93,-1
2023-01-01,2023-01-01 14:10:00,2456.25,2456.25,2456.12,2456.12,-0.01,22.17,54336.93,-1
2023-01-01,2023-01-01 14:11:00,2456.12,2456.12,2456.0,2456.0,-0.0,22.17,54336.93,-1
2023-01-01,2023-01-01 14:12:00,2456.0,2456.0,2455.88,2455.88,-0.0,22.17,54336.93,-1
2023-01-01,2023-01-01 14:13:00,2455.88,2455.88,2455.75,2455.75,-0.01,22.17,54336.93,-1
2023-01-01,2023-01-01 14:14:00,2455.75,2455.75,2455.62,2455.62,-0.01,22.17,54336.93,-1
2023-01-01,2023-01-01 14:15:00,2455.62,2455.62,2455.5,2455.5,-0.0,22.17,54336.93,-1
2023-01-01,2023-01-01 14:16:00,2455.5,2455.5,2455.38,2455.38,-0.0,22.17,54336.93,-1
2023-01-01,2023-01-01 14:17:00,2455.38,2455.38,2455.25,2455.25,-0.01,22.17,54336.93,-1
2023-01-01,2023-01-01 14:18:00,2455.25,2455.25,2455.12,2455.12,-0.01,22.17,54336.93,-1
2023-01-01,2023-01-01 14:19:00,2455.12,2455.12,2455.0,2455.0,-0.0,22.17,54336.93,-1
2023-01-01,2023-01-01 14:20:00,2455.0,2455.0,2454.88,2454.88,-0.0,22.17,54336.93,-1
2023-01-01,2023-01-01 14:21:00,2454.88,2454.88,2454.75,2454.75,-0.01,22.17,54336.93,-1
2023-01-01,2023-01-01 14:22:00,2454.75,2454.75,2454.62,2454.62,-0.01,22.17,54336.93,-1
2023-01-01,2023-01-01 14:23:00,2454.62,2454.62,2454.5,2454.5,-0.0,22.17,54336.93,-1
2023-01-01,2023-01-01 14:24:00,2454.5,2454.5,2454.38,2454.38,-0.0,22.17,54336.93,-1
2023-01-01,2023-01-01 14:25:00,2454.38,2454.38,2454.25,2454.25,-0.01,22.17,54336.93,-1
2023-01-01,2023-01-01 14:26:00,2454.25,2454.25,2454.12,2454.12,-0.01,22.17,54336.93,-1
2023-01-01,2023-01-01 14:27:00,2454.12,2454.12,2454.0,2454.0,-0.0,22.17,54336.93,-1
2023-01-01,2023-01-01 14:28:00,2454.0,2454.0,2453.88,2453.88,-0.0,22.17,54336.93,-1
2023-01-01,2023-01-01 14:29:00,2453.88,2453.88,2453.75,2453.75,-0.01,22.17,54336.93,-1
2023-01-01,2023-01-01 14:30:00,2453.75,2453.75,2453.62,2453.62,-0.01,22.17,54336.93,-1
2023-01-01,2023-01-01 14:31:00,2453.62,2453.62,2453.5,2453.5,-0.0,22.17,54336.93,-1
2023-01-01,2023-01-01 14:32:00,2453.5,2453.5,2453.38,2453.38,-0.0,22.17,54336.93,-1
2023-01-01,2023-01-01 14:33:00,2453.38,2453.38,2453.25,2453.25,-0.01,22.17,54336.93,-1
2023-01-01,2023-01-01 14:34:00,2453.25,2453.25,2453.12,2453.12,-0.01,22.17,54336.93,-1
2023-01-01,2023-01-01 14:35:00,2453.12,2453.12,2453.0,2453.0,-0.0,22.17,54336.93,-1
2023-01-01,2023-01-01 14:36:00,2453.0,2453.0,2452.88,2452.88,-0.0,22.17,54336.93,-1
2023-01-01,2023-01-01 14:37:00,2452.88,2452.88,2452.75,2452.75,-0.01,22.17,54336.93,-1
2023-01-01,2023-01-01 14:38:00,2452.75,2452.75,2452.62,2452.62,-0.01,22.17,54336.93,-1
2023-01-01,2023-01-01 14:39:00,2452.62,2452.62,2452.5,2452.5,-0.0,22.17,54336.93,-1
2023-01-01,2023-01-01 14:40:00,2452.5,2452.5,2452.38,2452.38,-0.0,22.17,54336.93,-1
2023-01-01,2023-01-01 14:41:00,2452.38,2452.38,2452.25,2452.25,-0.01,22.17,54336.93,-1
2023-01-01,2023-01-01 14:42:00,2452.25,2452.25,2452.12,2452.12,-0.01,22.17,54336.93,-1
2023-01-01,2023-01-01 14:43:00,2452.12,2452.12,2452.0,2452.0,-0.0,22.17,54336.93,-1
2023-01-01,2023-01-01 14:44:00,2452.0,2452.0,2451.88,2451.88,-0.0,22.17,54336.93,-1
2023-01-01,2023-01-01 14:45:00,2451.88,2451.88,2451.75,2451.75,-0.01,22.17,54336.93,-1
2023-01-01,2023-01-01 14:46:00,2451.75,2451.75,2451.62,2451.62,-0.01,22.17,54336.93,-1
2023-01-01,2023-01-01 14:47:00,2451.62,2451.62,2451.5,2451.5,-0.0,22.17,54336.93,-1
2023-01-01,2023-01-01 14:48:00,2451.5,2451.5,2451.38,2451.38,-0.0,22.17,54336.93,-1
2023-01-01,2023-01-01 14:49:00,2451.38,2451.38,2451.25,2451.25,-0.01,22.17,54336.93,-1
2023-01-01,2023-01-01 14:50:00,2451.25,2451.25,2451.12,2451.12,-0.01,22.17,54336.93,-1
2023-01-01,2023-01-01 14:51:00,2451.12,2451.12,2451.0,2451.0,-0.0,22.17,54336.93,-1
2023-01-01,2023-01-01 14:52:00,2451.0,2451.0,2450.88,2450.88,-0.0,22.17,54336.93,-1
2023-01-01,2023-01-01 14:53:00,2450.88,2450.88,2450.75,2450.75,-0.01,22.17,54336.93,-1
2023-01-01,2023-01-01 14:54:00,2450.75,2450.75,2450.62,2450.62,-0.01,22.17,54336.93,-1
2023-01-01,2023-01-01 14:55:00,2450.62,2450.62,2450.5,2450.5,-0.0,22.17,54336.93,-1
2023-01-01,2023-01-01 14:56:00,2450.5,2450.5,2450.38,2450.38,-0.0,22.17,54336.93,-1
2023-01-01,2023-01-01 14:57:00,2450.38,2450.38,2450.25,2450.25,-0.01,22.17,54336.93,-1
2023-01-01,2023-01-01 14:58:00,2450.25,2450.25,2450.12,2450.12,-0.01,22.17,54336.93,-1
2023-01-01,2023-01-01 14:59:00,2450.12,2450.12,2450.0,2450.0,-0.0,22.17,54336.93,-1
2023-01-01,2023-01-01 15:00:00,2450.0,2480.0,2392.0,2450.0,0.0,22.17,54336.93,0
2023-01-02,2023-01-02 11:00:00,2460.0,2479.65,2457.03,2460.2,0.01,38.27,95637.7,1
2023-01-02,2023-01-02 11:01:00,2460.2,2460.4,2460.2,2460.4,0.01,38.27,95637.7,1
2023-01-02,2023-01-02 11:02:00,2460.4,2460.6,2460.4,2460.6,0.01,38.27,95637.7,1
2023-01-02,2023-01-02 11:03:00,2460.6,2460.8,2460.6,2460.8,0.01,38.27,95637.7,1
2023-01-02,2023-01-02 11:04:00,2460.8,2461.0,2460.8,2461.0,0.01,38.27,95637.7,1
2023-01-02,2023-01-02 11:05:00,2461.0,2461.2,2461.0,2461.2,0.01,38.27,95637.7,1
2023-01-02,2023-01-02 11:06:00,2461.2,2461.4,2461.2,2461.4,0.01,38.27,95637.7,1
2023-01-02,2023-01-02 11:07:00,2461.4,2461.6,2461.4,2461.6,0.01,38.27,95637.7,1
2023-01-02,2023-01-02 11:08:00,2461.6,2461.8,2461.6,2461.8,0.01,38.27,95637.7,1
2023-01-02,2023-01-02 11:09:00,2461.8,2462.0,2461.8,2462.0,0.01,38.27,95637.7,1
2023-01-02,2023-01-02 11:10:00,2462.0,2462.2,2462.0,2462.2,0.01,38.27,95637.7,1
2023-01-02,2023-01-02 11:11:00,2462.2,2462.4,2462.2,2462.4,0.01,38.27,95637.7,1
2023-01-02,2023-01-02 11:12:00,2462.4,2462.6,2462.4,2462.6,0.01,38.27,95637.7,1
2023-01-02,2023-01-02 11:13:00,2462.6,2462.8,2462.6,2462.8,0.01,38.27,95637.7,1
2023-01-02,2023-01-02 11:14:00,2462.8,2463.0,2462.8,2463.0,0.01,38.27,95637.7,1
2023-01-02,2023-01-02 11:15:00,2463.0,2463.2,2463.0,2463.2,0.01,38.27,95637.7,1
2023-01-02,2023-01-02 11:16:00,2463.2,2463.4,2463.2,2463.4,0.01,38.27,95637.7,1
2023-01-02,2023-01-02 11:17:00,2463.4,2463.6,2463.4,2463.6,0.01,38.27,95637.7,1
2023-01-02,2023-01-02 11:18:00,2463.6,2463.8,2463.6,2463.8,0.01,38.27,95637.7,1
2023-01-02,2023-01-02 11:19:00,2463.8,2464.0,2463.8,2464.0,0.01,38.27,95637.7,1
2023-01-02,2023-01-02 11:20:00,2464.0,2464.2,2464.0,2464.2,0.01,38.27,95637.7,1
2023-01-02,2023-01-02 11:21:00,2464.2,2464.4,2464.2,2464.4,0.01,38.27,95637.7,1
2023-01-02,2023-01-02 11:22:00,2464.4,2464.6,2464.4,2464.6,0.01,38.27,95637.7,1
2023-01-02,2023-01-02 11:23:00,2464.6,2464.8,2464.6,2464.8,0.01,38.27,95637.7,1
2023-01-02,2023-01-02 11:24:00,2464.8,2465.0,2464.8,2465.0,0.01,38.27,95637.7,1
2023-01-02,2023-01-02 11:25:00,2465.0,2465.2,2465.0,2465.2,0.01,38.27,95637.7,1
2023-01-02,2023-01-02 11:26:00,2465.2,2465.4,2465.2,2465.4,0.01,38.27,95637.7,1
2023-01-02,2023-01-02 11:27:00,2465.4,2465.6,2465.4,2465.6,0.01,38.27,95637.7,1
2023-01-02,2023-01-02 11:28:00,2465.6,2465.8,2465.6,2465.8,0.01,38.27,95637.7,1
2023-01-02,2023-01-02 11:29:00,2465.8,2466.0,2465.8,2466.0,0.01,38.27,95637.7,1
2023-01-02,2023-01-02 11:30:00,2466.0,2466.2,2466.0,2466.2,0.01,38.27,95637.7,1
2023-01-02,2023-01-02 11:31:00,2466.2,2466.4,2466.2,2466.4,0.01,38.27,95637.7,1
2023-01-02,2023-01-02 11:32:00,2466.4,2466.6,2466.4,2466.6,0.01,38.27,95637.7,1
2023-01-02,2023-01-02 11:33:00,2466.6,2466.8,2466.6,2466.8,0.01,38.27,95637.7,1
2023-01-02,2023-01-02 11:34:00,2466.8,2467.0,2466.8,2467.0,0.01,38.27,95637.7,1
2023-01-02,2023-01-02 11:35:00,2467.0,2467.2,2467.0,2467.2,0.01,38.27,95637.7,1
2023-01-02,2023-01-02 11:36:00,2467.2,2467.4,2467.2,2467.4,0.01,38.27,95637.7,1
2023-01-02,2023-01-02 11:37:00,2467.4,2467.6,2467.4,2467.6,0.01,38.27,95637.7,1
2023-01-02,2023-01-02 11:38:00,2467.6,2467.8,2467.6,2467.8,0.01,38.27,95637.7,1
2023-01-02,2023-01-02 11:39:00,2467.8,2468.0,2467.8,2468.0,0.01,38.27,95637.7,1
2023-01-02,2023-01-02 11:40:00,2468.0,2468.2,2468.0,2468.2,0.01,38.27,95637.7,1
2023-01-02,2023-01-02 11:41:00,2468.2,2468.4,2468.2,2468.4,0.01,38.27,95637.7,1
2023-01-02,2023-01-02 11:42:00,2468.4,2468.6,2468.4,2468.6,0.01,38.27,95637.7,1
2023-01-02,2023-01-02 11:43:00,2468.6,2468.8,2468.6,2468.8,0.01,38.27,95637.7,1
2023-01-02,2023-01-02 11:44:00,2468.8,2469.0,2468.8,2469.0,0.01,38.27,95637.7,1
2023-01-02,2023-01-02 11:45:00,2469.0,2469.2,2469.0,2469.2,0.01,38.27,95637.7,1
2023-01-02,2023-01-02 11:46:00,2469.2,2469.4,2469.2,2469.4,0.01,38.27,95637.7,1
2023-01-02,2023-01-02 11:47:00,2469.4,2469.6,2469.4,2469.6,0.01,38.27,95637.7,1
2023-01-02,2023-01-02 11:48:00,2469.6,2469.8,2469.6,2469.8,0.01,38.27,95637.7,1
2023-01-02,2023-01-02 11:49:00,2469.8,2470.0,2469.8,2470.0,0.01,38.27,95637.7,1
2023-01-02,2023-01-02 11:50:00,2470.0,2470.2,2470.0,2470.2,0.01,38.27,95637.7,1
2023-01-02,2023-01-02 11:51:00,2470.2,2470.4,2470.2,2470.4,0.01,38.27,95637.7,1
2023-01-02,2023-01-02 11:52:00,2470.4,2470.6,2470.4,2470.6,0.01,38.27,95637.7,1
2023-01-02,2023-01-02 11:53:00,2470.6,2470.8,2470.6,2470.8,0.01,38.27,95637.7,1
2023-01-02,2023-01-02 11:54:00,2470.8,2471.0,2470.8,2471.0,0.01,38.27,95637.7,1
2023-01-02,2023-01-02 11:55:00,2471.0,2471.2,2471.0,2471.2,0.01,38.27,95637.7,1
2023-01-02,2023-01-02 11:56:00,2471.2,2471.4,2471.2,2471.4,0.01,38.27,95637.7,1
2023-01-02,2023-01-02 11:57:00,2471.4,2471.6,2471.4,2471.6,0.01,38.27,95637.7,1
2023-01-02,2023-01-02 11:58:00,2471.6,2471.8,2471.6,2471.8,0.01,38.27,95637.7,1
2023-01-02,2023-01-02 11:59:00,2471.8,2472.0,2471.8,2472.0,0.01,38.27,95637.7,1
2023-01-02,2023-01-02 12:00:00,2472.0,2472.2,2472.0,2472.2,0.01,38.27,95637.7,1
2023-01-02,2023-01-02 12:01:00,2472.2,2472.4,2472.2,2472.4,0.01,38.27,95637.7,1
2023-01-02,2023-01-02 12:02:00,2472.4,2472.6,2472.4,2472.6,0.01,38.27,95637.7,1
2023-01-02,2023-01-02 12:03:00,2472.6,2472.8,2472.6,2472.8,0.01,38.27,95637.7,1
2023-01-02,2023-01-02 12:04:00,2472.8,2473.0,2472.8,2473.0,0.01,38.27,95637.7,1
2023-01-02,2023-01-02 12:05:00,2473.0,2473.2,2473.0,2473.2,0.01,38.27,95637.7,1
2023-01-02,2023-01-02 12:06:00,2473.2,2473.4,2473.2,2473.4,0.01,38.27,95637.7,1
2023-01-02,2023-01-02 12:07:00,2473.4,2473.6,2473.4,2473.6,0.01,38.27,95637.7,1
2023-01-02,2023-01-02 12:08:00,2473.6,2473.8,2473.6,2473.8,0.01,38.27,95637.7,1
2023-01-02,2023-01-02 12:09:00,2473.8,2474.0,2473.8,2474.0,0.01,38.27,95637.7,1
2023-01-02,2023-01-02 12:10:00,2474.0,2474.2,2474.0,2474.2,0.01,38.27,95637.7,1
2023-01-02,2023-01-02 12:11:00,2474.2,2474.4,2474.2,2474.4,0.01,38.27,95637.7,1
2023-01-02,2023-01-02 12:12:00,2474.4,2474.6,2474.4,2474.6,0.01,38.27,95637.7,1
2023-01-02,2023-01-02 12:13:00,2474.6,2474.8,2474.6,2474.8,0.01,38.27,95637.7,1
2023-01-02,2023-01-02 12:14:00,2474.8,2475.0,2474.8,2475.0,0.01,38.27,95637.7,1
2023-01-02,2023-01-02 12:15:00,2475.0,2475.2,2475.0,2475.2,0.01,38.27,95637.7,1
2023-01-02,2023-01-02 12:16:00,2475.2,2475.4,2475.2,2475.4,0.01,38.27,95637.7,1
2023-01-02,2023-01-02 12:17:00,2475.4,2475.6,2475.4,2475.6,0.01,38.27,95637.7,1
2023-01-02,2023-01-02 12:18:00,2475.6,2475.8,2475.6,2475.8,0.01,38.27,95637.7,1
2023-01-02,2023-01-02 12:19:00,2475.8,2476.0,2475.8,2476.0,0.01,38.27,95637.7,1
2023-01-02,2023-01-02 12:20:00,2476.0,2476.2,2476.0,2476.2,0.01,38.27,95637.7,1
2023-01-02,2023-01-02 12:21:00,2476.2,2476.4,2476.2,2476.4,0.01,38.27,95637.7,1
2023-01-02,2023-01-02 12:22:00,2476.4,2476.6,2476.4,2476.6,0.01,38.27,95637.7,1
2023-01-02,2023-01-02 12:23:00,2476.6,2476.8,2476.6,2476.8,0.01,38.27,95637.7,1
2023-01-02,2023-01-02 12:24:00,2476.8,2477.0,2476.8,2477.0,0.01,38.27,95637.7,1
2023-01-02,2023-01-02 12:25:00,2477.0,2477.2,2477.0,2477.2,0.01,38.27,95637.7,1
2023-01-02,2023-01-02 12:26:00,2477.2,2477.4,2477.2,2477.4,0.01,38.27,95637.7,1
2023-01-02,2023-01-02 12:27:00,2477.4,2477.6,2477.4,2477.6,0.01,38.27,95637.7,1
2023-01-02,2023-01-02 12:28:00,2477.6,2477.8,2477.6,2477.8,0.01,38.27,95637.7,1
2023-01-02,2023-01-02 12:29:00,2477.8,2478.0,2477.8,2478.0,0.01,38.27,95637.7,1
2023-01-02,2023-01-02 12:30:00,2478.0,2478.2,2478.0,2478.2,0.01,38.27,95637.7,1
2023-01-02,2023-01-02 12:31:00,2478.2,2478.4,2478.2,2478.4,0.01,38.27,95637.7,1
2023-01-02,2023-01-02 12:32:00,2478.4,2478.6,2478.4,2478.6,0.01,38.27,95637.7,1
2023-01-02,2023-01-02 12:33:00,2478.6,2478.8,2478.6,2478.8,0.01,38.27,95637.7,1
2023-01-02,2023-01-02 12:34:00,2478.8,2479.0,2478.8,2479.0,0.01,38.27,95637.7,1
2023-01-02,2023-01-02 12:35:00,2479.0,2479.2,2479.0,2479.2,0.01,38.27,95637.7,1
2023-01-02,2023-01-02 12:36:00,2479.2,2479.4,2479.2,2479.4,0.01,38.27,95637.7,1
2023-01-02,2023-01-02 12:37:00,2479.4,2479.6,2479.4,2479.6,0.01,38.27,95637.7,1
2023-01-02,2023-01-02 12:38:00,2479.6,2479.8,2479.6,2479.8,0.01,38.27,95637.7,1
2023-01-02,2023-01-02 12:39:00,2479.8,2480.0,2479.8,2480.0,0.01,38.27,95637.7,1
2023-01-02,2023-01-02 12:40:00,2480.0,2480.2,2480.0,2480.2,0.01,38.27,95637.7,1
2023-01-02,2023-01-02 12:41:00,2480.2,2480.4,2480.2,2480.4,0.01,38.27,95637.7,1
2023-01-02,2023-01-02 12:42:00,2480.4,2480.6,2480.4,2480.6,0.01,38.27,95637.7,1
2023-01-02,2023-01-02 12:43:00,2480.6,2480.8,2480.6,2480.8,0.01,38.27,95637.7,1
2023-01-02,2023-01-02 12:44:00,2480.8,2481.0,2480.8,2481.0,0.01,38.27,95637.7,1
2023-01-02,2023-01-02 12:45:00,2481.0,2481.2,2481.0,2481.2,0.01,38.27,95637.7,1
2023-01-02,2023-01-02 12:46:00,2481.2,2481.4,2481.2,2481.4,0.01,38.27,95637.7,1
2023-01-02,2023-01-02 12:47:00,2481.4,2481.6,2481.4,2481.6,0.01,38.27,95637.7,1
2023-01-02,2023-01-02 12:48:00,2481.6,2481.8,2481.6,2481.8,0.01,38.27,95637.7,1
2023-01-02,2023-01-02 12:49:00,2481.8,2482.0,2481.8,2482.0,0.01,38.27,95637.7,1
2023-01-02,2023-01-02 12:50:00,2482.0,2482.2,2482.0,2482.2,0.01,38.27,95637.7,1
2023-01-02,2023-01-02 12:51:00,2482.2,2482.4,2482.2,2482.4,0.01,38.27,95637.7,1
2023-01-02,2023-01-02 12:52:00,2482.4,2482.6,2482.4,2482.6,0.01,38.27,95637.7,1
2023-01-02,2023-01-02 12:53:00,2482.6,2482.8,2482.6,2482.8,0.01,38.27,95637.7,1
2023-01-02,2023-01-02 12:54:00,2482.8,2483.0,2482.8,2483.0,0.01,38.27,95637.7,1
2023-01-02,2023-01-02 12:55:00,2483.0,2483.2,2483.0,2483.2,0.01,38.27,95637.7,1
2023-01-02,2023-01-02 12:56:00,2483.2,2483.4,2483.2,2483.4,0.01,38.27,95637.7,1
2023-01-02,2023-01-02 12:57:00,2483.4,2483.6,2483.4,2483.6,0.01,38.27,95637.7,1
2023-01-02,2023-01-02 12:58:00,2483.6,2483.8,2483.6,2483.8,0.01,38.27,95637.7,1
2023-01-02,2023-01-02 12:59:00,2483.8,2484.0,2483.8,2484.0,0.01,38.27,95637.7,1
2023-01-02,2023-01-02 13:00:00,2484.0,2525.5,2450.1,2484.2,0.01,38.27,95637.7,1
2023-01-02,2023-01-02 13:01:00,2484.2,2484.4,2484.2,2484.4,0.01,38.27,95637.7,1
2023-01-02,2023-01-02 13:02:00,2484.4,2484.6,2484.4,2484.6,0.01,38.27,95637.7,1
2023-01-02,2023-01-02 13:03:00,2484.6,2484.8,2484.6,2484.8,0.01,38.27,95637.7,1
2023-01-02,2023-01-02 13:04:00,2484.8,2485.0,2484.8,2485.0,0.01,38.27,95637.7,1
2023-01-02,2023-01-02 13:05:00,2485.0,2485.2,2485.0,2485.2,0.01,38.27,95637.7,1
2023-01-02,2023-01-02 13:06:00,2485.2,2485.4,2485.2,2485.4,0.01,38.27,95637.7,1
2023-01-02,2023-01-02 13:07:00,2485.4,2485.6,2485.4,2485.6,0.01,38.27,95637.7,1
2023-01-02,2023-01-02 13:08:00,2485.6,2485.8,2485.6,2485.8,0.01,38.27,95637.7,1
2023-01-02,2023-01-02 13:09:00,2485.8,2486.0,2485.8,2486.0,0.01,38.27,95637.7,1
2023-01-02,2023-01-02 13:10:00,2486.0,2486.2,2486.0,2486.2,0.01,38.27,95637.7,1
2023-01-02,2023-01-02 13:11:00,2486.2,2486.4,2486.2,2486.4,0.01,38.27,95637.7,1
2023-01-02,2023-01-02 13:12:00,2486.4,2486.6,2486.4,2486.6,0.01,38.27,95637.7,1
2023-01-02,2023-01-02 13:13:00,2486.6,2486.8,2486.6,2486.8,0.01,38.27,95637.7,1
2023-01-02,2023-01-02 13:14:00,2486.8,2487.0,2486.8,2487.0,0.01,38.27,95637.7,1
2023-01-02,2023-01-02 13:15:00,2487.0,2487.2,2487.0,2487.2,0.01,38.27,95637.7,1
2023-01-02,2023-01-02 13:16:00,2487.2,2487.4,2487.2,2487.4,0.01,38.27,95637.7,1
2023-01-02,2023-01-02 13:17:00,2487.4,2487.6,2487.4,2487.6,0.01,38.27,95637.7,1
2023-01-02,2023-01-02 13:18:00,2487.6,2487.8,2487.6,2487.8,0.01,38.27,95637.7,1
2023-01-02,2023-01-02 13:19:00,2487.8,2488.0,2487.8,2488.0,0.01,38.27,95637.7,1
2023-01-02,2023-01-02 13:20:00,2488.0,2488.2,2488.0,2488.2,0.01,38.27,95637.7,1
2023-01-02,2023-01-02 13:21:00,2488.2,2488.4,2488.2,2488.4,0.01,38.27,95637.7,1
2023-01-02,2023-01-02 13:22:00,2488.4,2488.6,2488.4,2488.6,0.01,38.27,95637.7,1
2023-01-02,2023-01-02 13:23:00,2488.6,2488.8,2488.6,2488.8,0.01,38.27,95637.7,1
2023-01-02,2023-01-02 13:24:00,2488.8,2489.0,2488.8,2489.0,0.01,38.27,95637.7,1
2023-01-02,2023-01-02 13:25:00,2489.0,2489.2,2489.0,2489.2,0.01,38.27,95637.7,1
2023-01-02,2023-01-02 13:26:00,2489.2,2489.4,2489.2,2489.4,0.01,38.27,95637.7,1
2023-01-02,2023-01-02 13:27:00,2489.4,2489.6,2489.4,2489.6,0.01,38.27,95637.7,1
2023-01-02,2023-01-02 13:28:00,2489.6,2489.8,2489.6,2489.8,0.01,38.27,95637.7,1
2023-01-02,2023-01-02 13:29:00,2489.8,2490.0,2489.8,2490.0,0.01,38.27,95637.7,1
2023-01-02,2023-01-02 13:30:00,2490.0,2490.2,2490.0,2490.2,0.01,38.27,95637.7,1
2023-01-02,2023-01-02 13:31:00,2490.2,2490.4,2490.2,2490.4,0.01,38.27,95637.7,1
2023-01-02,2023-01-02 13:32:00,2490.4,2490.6,2490.4,2490.6,0.01,38.27,95637.7,1
2023-01-02,2023-01-02 13:33:00,2490.6,2490.8,2490.6,2490.8,0.01,38.27,95637.7,1
2023-01-02,2023-01-02 13:34:00,2490.8,2491.0,2490.8,2491.0,0.01,38.27,95637.7,1
2023-01-02,2023-01-02 13:35:00,2491.0,2491.2,2491.0,2491.2,0.01,38.27,95637.7,1
2023-01-02,2023-01-02 13:36:00,2491.2,2491.4,2491.2,2491.4,0.01,38.27,95637.7,1
2023-01-02,2023-01-02 13:37:00,2491.4,2491.6,2491.4,2491.6,0.01,38.27,95637.7,1
2023-01-02,2023-01-02 13:38:00,2491.6,2491.8,2491.6,2491.8,0.01,38.27,95637.7,1
2023-01-02,2023-01-02 13:39:00,2491.8,2492.0,2491.8,2492.0,0.01,38.27,95637.7,1
2023-01-02,2023-01-02 13:40:00,2492.0,2492.2,2492.0,2492.2,0.01,38.27,95637.7,1
2023-01-02,2023-01-02 13:41:00,2492.2,2492.4,2492.2,2492.4,0.01,38.27,95637.7,1
2023-01-02,2023-01-02 13:42:00,2492.4,2492.6,2492.4,2492.6,0.01,38.27,95637.7,1
2023-01-02,2023-01-02 13:43:00,2492.6,2492.8,2492.6,2492.8,0.01,38.27,95637.7,1
2023-01-02,2023-01-02 13:44:00,2492.8,2493.0,2492.8,2493.0,0.01,38.27,95637.7,1
2023-01-02,2023-01-02 13:45:00,2493.0,2493.2,2493.0,2493.2,0.01,38.27,95637.7,1
2023-01-02,2023-01-02 13:46:00,2493.2,2493.4,2493.2,2493.4,0.01,38.27,95637.7,1
2023-01-02,2023-01-02 13:47:00,2493.4,2493.6,2493.4,2493.6,0.01,38.27,95637.7,1
2023-01-02,2023-01-02 13:48:00,2493.6,2493.8,2493.6,2493.8,0.01,38.27,95637.7,1
2023-01-02,2023-01-02 13:49:00,2493.8,2494.0,2493.8,2494.0,0.01,38.27,95637.7,1
2023-01-02,2023-01-02 13:50:00,2494.0,2494.2,2494.0,2494.2,0.01,38.27,95637.7,1
2023-01-02,2023-01-02 13:51:00,2494.2,2494.4,2494.2,2494.4,0.01,38.27,95637.7,1
2023-01-02,2023-01-02 13:52:00,2494.4,2494.6,2494.4,2494.6,0.01,38.27,95637.7,1
2023-01-02,2023-01-02 13:53:00,2494.6,2494.8,2494.6,2494.8,0.01,38.27,95637.7,1
2023-01-02,2023-01-02 13:54:00,2494.8,2495.0,2494.8,2495.0,0.01,38.27,95637.7,1
2023-01-02,2023-01-02 13:55:00,2495.0,2495.2,2495.0,2495.2,0.01,38.27,95637.7,1
2023-01-02,2023-01-02 13:56:00,2495.2,2495.4,2495.2,2495.4,0.01,38.27,95637.7,1
2023-01-02,2023-01-02 13:57:00,2495.4,2495.6,2495.4,2495.6,0.01,38.27,95637.7,1
2023-01-02,2023-01-02 13:58:00,2495.6,2495.8,2495.6,2495.8,0.01,38.27,95637.7,1
2023-01-02,2023-01-02 13:59:00,2495.8,2496.0,2495.8,2496.0,0.01,38.27,95637.7,1
2023-01-02,2023-01-02 14:00:00,2496.0,2496.2,2496.0,2496.2,0.01,38.27,95637.7,1
2023-01-02,2023-01-02 14:01:00,2496.2,2496.4,2496.2,2496.4,0.01,38.27,95637.7,1
2023-01-02,2023-01-02 14:02:00,2496.4,2496.6,2496.4,2496.6,0.01,38.27,95637.7,1
2023-01-02,2023-01-02 14:03:00,2496.6,2496.8,2496.6,2496.8,0.01,38.27,95637.7,1
2023-01-02,2023-01-02 14:04:00,2496.8,2497.0,2496.8,2497.0,0.01,38.27,95637.7,1
2023-01-02,2023-01-02 14:05:00,2497.0,2497.2,2497.0,2497.2,0.01,38.27,95637.7,1
2023-01-02,2023-01-02 14:06:00,2497.2,2497.4,2497.2,2497.4,0.01,38.27,95637.7,1
2023-01-02,2023-01-02 14:07:00,2497.4,2497.6,2497.4,2497.6,0.01,38.27,95637.7,1
2023-01-02,2023-01-02 14:08:00,2497.6,2497.8,2497.6,2497.8,0.01,38.27,95637.7,1
2023-01-02,2023-01-02 14:09:00,2497.8,2498.0,2497.8,2498.0,0.01,38.27,95637.7,1
2023-01-02,2023-01-02 14:10:00,2498.0,2498.2,2498.0,2498.2,0.01,38.27,95637.7,1
2023-01-02,2023-01-02 14:11:00,2498.2,2498.4,2498.2,2498.4,0.01,38.27,95637.7,1
2023-01-02,2023-01-02 14:12:00,2498.4,2498.6,2498.4,2498.6,0.01,38.27,95637.7,1
2023-01-02,2023-01-02 14:13:00,2498.6,2498.8,2498.6,2498.8,0.01,38.27,95637.7,1
2023-01-02,2023-01-02 14:14:00,2498.8,2499.0,2498.8,2499.0,0.01,38.27,95637.7,1
2023-01-02,2023-01-02 14:15:00,2499.0,2499.2,2499.0,2499.2,0.01,38.27,95637.7,1
2023-01-02,2023-01-02 14:16:00,2499.2,2499.4,2499.2,2499.4,0.01,38.27,95637.7,1
2023-01-02,2023-01-02 14:17:00,2499.4,2499.6,2499.4,2499.6,0.01,38.27,95637.7,1
2023-01-02,2023-01-02 14:18:00,2499.6,2499.8,2499.6,2499.8,0.01,38.27,95637.7,1
2023-01-02,2023-01-02 14:19:00,2499.8,2500.0,2499.8,2500.0,0.01,38.27,95637.7,1
2023-01-02,2023-01-02 14:20:00,2500.0,2500.2,2500.0,2500.2,0.01,38.27,95637.7,1
2023-01-02,2023-01-02 14:21:00,2500.2,2500.4,2500.2,2500.4,0.01,38.27,95637.7,1
2023-01-02,2023-01-02 14:22:00,2500.4,2500.6,2500.4,2500.6,0.01,38.27,95637.7,1
2023-01-02,2023-01-02 14:23:00,2500.6,2500.8,2500.6,2500.8,0.01,38.27,95637.7,1
2023-01-02,2023-01-02 14:24:00,2500.8,2501.0,2500.8,2501.0,0.01,38.27,95637.7,1
2023-01-02,2023-01-02 14:25:00,2501.0,2501.2,2501.0,2501.2,0.01,38.27,95637.7,1
2023-01-02,2023-01-02 14:26:00,2501.2,2501.4,2501.2,2501.4,0.01,38.27,95637.7,1
2023-01-02,2023-01-02 14:27:00,2501.4,2501.6,2501.4,2501.6,0.01,38.27,95637.7,1
2023-01-02,2023-01-02 14:28:00,2501.6,2501.8,2501.6,2501.8,0.01,38.27,95637.7,1
2023-01-02,2023-01-02 14:29:00,2501.8,2502.0,2501.8,2502.0,0.01,38.27,95637.7,1
2023-01-02,2023-01-02 14:30:00,2502.0,2502.2,2502.0,2502.2,0.01,38.27,95637.7,1
2023-01-02,2023-01-02 14:31:00,2502.2,2502.4,2502.2,2502.4,0.01,38.27,95637.7,1
2023-01-02,2023-01-02 14:32:00,2502.4,2502.6,2502.4,2502.6,0.01,38.27,95637.7,1
2023-01-02,2023-01-02 14:33:00,2502.6,2502.8,2502.6,2502.8,0.01,38.27,95637.7,1
2023-01-02,2023-01-02 14:34:00,2502.8,2503.0,2502.8,2503.0,0.01,38.27,95637.7,1
2023-01-02,2023-01-02 14:35:00,2503.0,2503.2,2503.0,2503.2,0.01,38.27,95637.7,1
2023-01-02,2023-01-02 14:36:00,2503.2,2503.4,2503.2,2503.4,0.01,38.27,95637.7,1
2023-01-02,2023-01-02 14:37:00,2503.4,2503.6,2503.4,2503.6,0.01,38.27,95637.7,1
2023-01-02,2023-01-02 14:38:00,2503.6,2503.8,2503.6,2503.8,0.01,38.27,95637.7,1
2023-01-02,2023-01-02 14:39:00,2503.8,2504.0,2503.8,2504.0,0.01,38.27,95637.7,1
2023-01-02,2023-01-02 14:40:00,2504.0,2504.2,2504.0,2504.2,0.01,38.27,95637.7,1
2023-01-02,2023-01-02 14:41:00,2504.2,2504.4,2504.2,2504.4,0.01,38.27,95637.7,1
2023-01-02,2023-01-02 14:42:00,2504.4,2504.6,2504.4,2504.6,0.01,38.27,95637.7,1
2023-01-02,2023-01-02 14:43:00,2504.6,2504.8,2504.6,2504.8,0.01,38.27,95637.7,1
2023-01-02,2023-01-02 14:44:00,2504.8,2505.0,2504.8,2505.0,0.01,38.27,95637.7,1
2023-01-02,2023-01-02 14:45:00,2505.0,2505.2,2505.0,2505.2,0.01,38.27,95637.7,1
2023-01-02,2023-01-02 14:46:00,2505.2,2505.4,2505.2,2505.4,0.01,38.27,95637.7,1
2023-01-02,2023-01-02 14:47:00,2505.4,2505.6,2505.4,2505.6,0.01,38.27,95637.7,1
2023-01-02,2023-01-02 14:48:00,2505.6,2505.8,2505.6,2505.8,0.01,38.27,95637.7,1
2023-01-02,2023-01-02 14:49:00,2505.8,2506.0,2505.8,2506.0,0.01,38.27,95637.7,1
2023-01-02,2023-01-02 14:50:00,2506.0,2506.2,2506.0,2506.2,0.01,38.27,95637.7,1
2023-01-02,2023-01-02 14:51:00,2506.2,2506.4,2506.2,2506.4,0.01,38.27,95637.7,1
2023-01-02,2023-01-02 14:52:00,2506.4,2506.6,2506.4,2506.6,0.01,38.27,95637.7,1
2023-01-02,2023-01-02 14:53:00,2506.6,2506.8,2506.6,2506.8,0.01,38.27,95637.7,1
2023-01-02,2023-01-02 14:54:00,2506.8,2507.0,2506.8,2507.0,0.01,38.27,95637.7,1
2023-01-02,2023-01-02 14:55:00,2507.0,2507.2,2507.0,2507.2,0.01,38.27,95637.7,1
2023-01-02,2023-01-02 14:56:00,2507.2,2507.4,2507.2,2507.4,0.01,38.27,95637.7,1
2023-01-02,2023-01-02 14:57:00,2507.4,2507.6,2507.4,2507.6,0.01,38.27,95637.7,1
2023-01-02,2023-01-02 14:58:00,2507.6,2507.8,2507.6,2507.8,0.01,38.27,95637.7,1
2023-01-02,2023-01-02 14:59:00,2507.8,2508.0,2507.8,2508.0,0.01,38.27,95637.7,1
2023-01-02,2023-01-02 15:00:00,2508.0,2525.5,2450.1,2508.0,0.0,38.27,95637.7,0
2023-01-03,2023-01-03 11:00:00,1967.8,2003.56,1967.8,1967.93,0.01,33.64,67720.56,1
2023-01-03,2023-01-03 11:01:00,1967.93,1968.07,1967.93,1968.07,0.01,33.64,67720.56,1
2023-01-03,2023-01-03 11:02:00,1968.07,1968.2,1968.07,1968.2,0.01,33.64,67720.56,1
2023-01-03,2023-01-03 11:03:00,1968.2,1968.34,1968.2,1968.34,0.01,33.64,67720.56,1
2023-01-03,2023-01-03 11:04:00,1968.34,1968.47,1968.34,1968.47,0.01,33.64,67720.56,1
2023-01-03,2023-01-03 11:05:00,1968.47,1968.61,1968.47,1968.61,0.01,33.64,67720.56,1
2023-01-03,2023-01-03 11:06:00,1968.61,1968.74,1968.61,1968.74,0.01,33.64,67720.56,1
2023-01-03,2023-01-03 11:07:00,1968.74,1968.87,1968.74,1968.87,0.01,33.64,67720.56,1
2023-01-03,2023-01-03 11:08:00,1968.87,1969.01,1968.87,1969.01,0.01,33.64,67720.56,1
2023-01-03,2023-01-03 11:09:00,1969.01,1969.14,1969.01,1969.14,0.01,33.64,67720.56,1
2023-01-03,2023-01-03 11:10:00,1969.14,1969.28,1969.14,1969.28,0.01,33.64,67720.56,1
2023-01-03,2023-01-03 11:11:00,1969.28,1969.41,1969.28,1969.41,0.01,33.64,67720.56,1
2023-01-03,2023-01-03 11:12:00,1969.41,1969.54,1969.41,1969.54,0.01,33.64,67720.56,1
2023-01-03,2023-01-03 11:13:00,1969.54,1969.68,1969.54,1969.68,0.01,33.64,67720.56,1
2023-01-03,2023-01-03 11:14:00,1969.68,1969.81,1969.68,1969.81,0.01,33.64,67720.56,1
2023-01-03,2023-01-03 11:15:00,1969.81,1969.95,1969.81,1969.95,0.01,33.64,67720.56,1
2023-01-03,2023-01-03 11:16:00,1969.95,1970.08,1969.95,1970.08,0.01,33.64,67720.56,1
2023-01-03,2023-01-03 11:17:00,1970.08,1970.21,1970.08,1970.21,0.01,33.64,67720.56,1
2023-01-03,2023-01-03 11:18:00,1970.21,1970.35,1970.21,1970.35,0.01,33.64,67720.56,1
2023-01-03,2023-01-03 11:19:00,1970.35,1970.48,1970.35,1970.48,0.01,33.64,67720.56,1
2023-01-03,2023-01-03 11:20:00,1970.48,1970.62,1970.48,1970.62,0.01,33.64,67720.56,1
2023-01-03,2023-01-03 11:21:00,1970.62,1970.75,1970.62,1970.75,0.01,33.64,67720.56,1
2023-01-03,2023-01-03 11:22:00,1970.75,1970.89,1970.75,1970.89,0.01,33.64,67720.56,1
2023-01-03,2023-01-03 11:23:00,1970.89,1971.02,1970.89,1971.02,0.01,33.64,67720.56,1
2023-01-03,2023-01-03 11:24:00,1971.02,1971.15,1971.02,1971.15,0.01,33.64,67720.56,1
2023-01-03,2023-01-03 11:25:00,1971.15,1971.29,1971.15,1971.29,0.01,33.64,67720.56,1
2023-01-03,2023-01-03 11:26:00,1971.29,1971.42,1971.29,1971.42,0.01,33.64,67720.56,1
2023-01-03,2023-01-03 11:27:00,1971.42,1971.56,1971.42,1971.56,0.01,33.64,67720.56,1
2023-01-03,2023-01-03 11:28:00,1971.56,1971.69,1971.56,1971.69,0.01,33.64,67720.56,1
2023-01-03,2023-01-03 11:29:00,1971.69,1971.83,1971.69,1971.83,0.01,33.64,67720.56,1
2023-01-03,2023-01-03 11:30:00,1971.83,1971.96,1971.83,1971.96,0.01,33.64,67720.56,1
2023-01-03,2023-01-03 11:31:00,1971.96,1972.09,1971.96,1972.09,0.01,33.64,67720.56,1
2023-01-03,2023-01-03 11:32:00,1972.09,1972.23,1972.09,1972.23,0.01,33.64,67720.56,1
2023-01-03,2023-01-03 11:33:00,1972.23,1972.36,1972.23,1972.36,0.01,33.64,67720.56,1
2023-01-03,2023-01-03 11:34:00,1972.36,1972.5,1972.36,1972.5,0.01,33.64,67720.56,1
2023-01-03,2023-01-03 11:35:00,1972.5,1972.63,1972.5,1972.63,0.01,33.64,67720.56,1
2023-01-03,2023-01-03 11:36:00,1972.63,1972.76,1972.63,1972.76,0.01,33.64,67720.56,1
2023-01-03,2023-01-03 11:37:00,1972.76,1972.9,1972.76,1972.9,0.01,33.64,67720.56,1
2023-01-03,2023-01-03 11:38:00,1972.9,1973.03,1972.9,1973.03,0.01,33.64,67720.56,1
2023-01-03,2023-01-03 11:39:00,1973.03,1973.17,1973.03,1973.17,0.01,33.64,67720.56,1
2023-01-03,2023-01-03 11:40:00,1973.17,1973.3,1973.17,1973.3,0.01,33.64,67720.56,1
2023-01-03,2023-01-03 11:41:00,1973.3,1973.43,1973.3,1973.43,0.01,33.64,67720.56,1
2023-01-03,2023-01-03 11:42:00,1973.43,1973.57,1973.43,1973.57,0.01,33.64,67720.56,1
2023-01-03,2023-01-03 11:43:00,1973.57,1973.7,1973.57,1973.7,0.01,33.64,67720.56,1
2023-01-03,2023-01-03 11:44:00,1973.7,1973.84,1973.7,1973.84,0.01,33.64,67720.56,1
2023-01-03,2023-01-03 11:45:00,1973.84,1973.97,1973.84,1973.97,0.01,33.64,67720.56,1
2023-01-03,2023-01-03 11:46:00,1973.97,1974.11,1973.97,1974.11,0.01,33.64,67720.56,1
2023-01-03,2023-01-03 11:47:00,1974.11,1974.24,1974.11,1974.24,0.01,33.64,67720.56,1
2023-01-03,2023-01-03 11:48:00,1974.24,1974.37,1974.24,1974.37,0.01,33.64,67720.56,1
2023-01-03,2023-01-03 11:49:00,1974.37,1974.51,1974.37,1974.51,0.01,33.64,67720.56,1
2023-01-03,2023-01-03 11:50:00,1974.51,1974.64,1974.51,1974.64,0.01,33.64,67720.56,1
2023-01-03,2023-01-03 11:51:00,1974.64,1974.78,1974.64,1974.78,0.01,33.64,67720.56,1
2023-01-03,2023-01-03 11:52:00,1974.78,1974.91,1974.78,1974.91,0.01,33.64,67720.56,1
2023-01-03,2023-01-03 11:53:00,1974.91,1975.05,1974.91,1975.05,0.01,33.64,67720.56,1
2023-01-03,2023-01-03 11:54:00,1975.05,1975.18,1975.05,1975.18,0.01,33.64,67720.56,1
2023-01-03,2023-01-03 11:55:00,1975.18,1975.31,1975.18,1975.31,0.01,33.64,67720.56,1
2023-01-03,2023-01-03 11:56:00,1975.31,1975.45,1975.31,1975.45,0.01,33.64,67720.56,1
2023-01-03,2023-01-03 11:57:00,1975.45,1975.58,1975.45,1975.58,0.01,33.64,67720.56,1
2023-01-03,2023-01-03 11:58:00,1975.58,1975.72,1975.58,1975.72,0.01,33.64,67720.56,1
2023-01-03,2023-01-03 11:59:00,1975.72,1975.85,1975.72,1975.85,0.01,33.64,67720.56,1
2023-01-03,2023-01-03 12:00:00,1975.85,1975.98,1975.85,1975.98,0.01,33.64,67720.56,1
2023-01-03,2023-01-03 12:01:00,1975.98,1976.12,1975.98,1976.12,0.01,33.64,67720.56,1
2023-01-03,2023-01-03 12:02:00,1976.12,1976.25,1976.12,1976.25,0.01,33.64,67720.56,1
2023-01-03,2023-01-03 12:03:00,1976.25,1976.39,1976.25,1976.39,0.01,33.64,67720.56,1
2023-01-03,2023-01-03 12:04:00,1976.39,1976.52,1976.39,1976.52,0.01,33.64,67720.56,1
2023-01-03,2023-01-03 12:05:00,1976.52,1976.65,1976.52,1976.65,0.01,33.64,67720.56,1
2023-01-03,2023-01-03 12:06:00,1976.65,1976.79,1976.65,1976.79,0.01,33.64,67720.56,1
2023-01-03,2023-01-03 12:07:00,1976.79,1976.92,1976.79,1976.92,0.01,33.64,67720.56,1
2023-01-03,2023-01-03 12:08:00,1976.92,1977.06,1976.92,1977.06,0.01,33.64,67720.56,1
2023-01-03,2023-01-03 12:09:00,1977.06,1977.19,1977.06,1977.19,0.01,33.64,67720.56,1
2023-01-03,2023-01-03 12:10:00,1977.19,1977.33,1977.19,1977.33,0.01,33.64,67720.56,1
2023-01-03,2023-01-03 12:11:00,1977.33,1977.46,1977.33,1977.46,0.01,33.64,67720.56,1
2023-01-03,2023-01-03 12:12:00,1977.46,1977.59,1977.46,1977.59,0.01,33.64,67720.56,1
2023-01-03,2023-01-03 12:13:00,1977.59,1977.73,1977.59,1977.73,0.01,33.64,67720.56,1
2023-01-03,2023-01-03 12:14:00,1977.73,1977.86,1977.73,1977.86,0.01,33.64,67720.56,1
2023-01-03,2023-01-03 12:15:00,1977.86,1978.0,1977.86,1978.0,0.01,33.64,67720.56,1
2023-01-03,2023-01-03 12:16:00,1978.0,1978.13,1978.0,1978.13,0.01,33.64,67720.56,1
2023-01-03,2023-01-03 12:17:00,1978.13,1978.26,1978.13,1978.26,0.01,33.64,67720.56,1
2023-01-03,2023-01-03 12:18:00,1978.26,1978.4,1978.26,1978.4,0.01,33.64,67720.56,1
2023-01-03,2023-01-03 12:19:00,1978.4,1978.53,1978.4,1978.53,0.01,33.64,67720.56,1
2023-01-03,2023-01-03 12:20:00,1978.53,1978.67,1978.53,1978.67,0.01,33.64,67720.56,1
2023-01-03,2023-01-03 12:21:00,1978.67,1978.8,1978.67,1978.8,0.01,33.64,67720.56,1
2023-01-03,2023-01-03 12:22:00,1978.8,1978.94,1978.8,1978.94,0.01,33.64,67720.56,1
2023-01-03,2023-01-03 12:23:00,1978.94,1979.07,1978.94,1979.07,0.01,33.64,67720.56,1
2023-01-03,2023-01-03 12:24:00,1979.07,1979.2,1979.07,1979.2,0.01,33.64,67720.56,1
2023-01-03,2023-01-03 12:25:00,1979.2,1979.34,1979.2,1979.34,0.01,33.64,67720.56,1
2023-01-03,2023-01-03 12:26:00,1979.34,1979.47,1979.34,1979.47,0.01,33.64,67720.56,1
2023-01-03,2023-01-03 12:27:00,1979.47,1979.61,1979.47,1979.61,0.01,33.64,67720.56,1
2023-01-03,2023-01-03 12:28:00,1979.61,1979.74,1979.61,1979.74,0.01,33.64,67720.56,1
2023-01-03,2023-01-03 12:29:00,1979.74,1979.88,1979.74,1979.88,0.01,33.64,67720.56,1
2023-01-03,2023-01-03 12:30:00,1979.88,1980.01,1979.88,1980.01,0.01,33.64,67720.56,1
2023-01-03,2023-01-03 12:31:00,1980.01,1980.14,1980.01,1980.14,0.01,33.64,67720.56,1
2023-01-03,2023-01-03 12:32:00,1980.14,1980.28,1980.14,1980.28,0.01,33.64,67720.56,1
2023-01-03,2023-01-03 12:33:00,1980.28,1980.41,1980.28,1980.41,0.01,33.64,67720.56,1
2023-01-03,2023-01-03 12:34:00,1980.41,1980.55,1980.41,1980.55,0.01,33.64,67720.56,1
2023-01-03,2023-01-03 12:35:00,1980.55,1980.68,1980.55,1980.68,0.01,33.64,67720.56,1
2023-01-03,2023-01-03 12:36:00,1980.68,1980.81,1980.68,1980.81,0.01,33.64,67720.56,1
2023-01-03,2023-01-03 12:37:00,1980.81,1980.95,1980.81,1980.95,0.01,33.64,67720.56,1
2023-01-03,2023-01-03 12:38:00,1980.95,1981.08,1980.95,1981.08,0.01,33.64,67720.56,1
2023-01-03,2023-01-03 12:39:00,1981.08,1981.22,1981.08,1981.22,0.01,33.64,67720.56,1
2023-01-03,2023-01-03 12:40:00,1981.22,1981.35,1981.22,1981.35,0.01,33.64,67720.56,1
2023-01-03,2023-01-03 12:41:00,1981.35,1981.48,1981.35,1981.48,0.01,33.64,67720.56,1
2023-01-03,2023-01-03 12:42:00,1981.48,1981.62,1981.48,1981.62,0.01,33.64,67720.56,1
2023-01-03,2023-01-03 12:43:00,1981.62,1981.75,1981.62,1981.75,0.01,33.64,67720.56,1
2023-01-03,2023-01-03 12:44:00,1981.75,1981.89,1981.75,1981.89,0.01,33.64,67720.56,1
2023-01-03,2023-01-03 12:45:00,1981.89,1982.02,1981.89,1982.02,0.01,33.64,67720.56,1
2023-01-03,2023-01-03 12:46:00,1982.02,1982.16,1982.02,1982.16,0.01,33.64,67720.56,1
2023-01-03,2023-01-03 12:47:00,1982.16,1982.29,1982.16,1982.29,0.01,33.64,67720.56,1
2023-01-03,2023-01-03 12:48:00,1982.29,1982.42,1982.29,1982.42,0.01,33.64,67720.56,1
2023-01-03,2023-01-03 12:49:00,1982.42,1982.56,1982.42,1982.56,0.01,33.64,67720.56,1
2023-01-03,2023-01-03 12:50:00,1982.56,1982.69,1982.56,1982.69,0.01,33.64,67720.56,1
2023-01-03,2023-01-03 12:51:00,1982.69,1982.83,1982.69,1982.83,0.01,33.64,67720.56,1
2023-01-03,2023-01-03 12:52:00,1982.83,1982.96,1982.83,1982.96,0.01,33.64,67720.56,1
2023-01-03,2023-01-03 12:53:00,1982.96,1983.1,1982.96,1983.1,0.01,33.64,67720.56,1
2023-01-03,2023-01-03 12:54:00,1983.1,1983.23,1983.1,1983.23,0.01,33.64,67720.56,1
2023-01-03,2023-01-03 12:55:00,1983.23,1983.36,1983.23,1983.36,0.01,33.64,67720.56,1
2023-01-03,2023-01-03 12:56:00,1983.36,1983.5,1983.36,1983.5,0.01,33.64,67720.56,1
2023-01-03,2023-01-03 12:57:00,1983.5,1983.63,1983.5,1983.63,0.01,33.64,67720.56,1
2023-01-03,2023-01-03 12:58:00,1983.63,1983.77,1983.63,1983.77,0.01,33.64,67720.56,1
2023-01-03,2023-01-03 12:59:00,1983.77,1983.9,1983.77,1983.9,0.01,33.64,67720.56,1
2023-01-03,2023-01-03 13:00:00,1983.9,2087.0,1967.8,1984.03,0.01,33.64,67720.56,1
2023-01-03,2023-01-03 13:01:00,1984.03,1984.17,1984.03,1984.17,0.01,33.64,67720.56,1
2023-01-03,2023-01-03 13:02:00,1984.17,1984.3,1984.17,1984.3,0.01,33.64,67720.56,1
2023-01-03,2023-01-03 13:03:00,1984.3,1984.44,1984.3,1984.44,0.01,33.64,67720.56,1
2023-01-03,2023-01-03 13:04:00,1984.44,1984.57,1984.44,1984.57,0.01,33.64,67720.56,1
2023-01-03,2023-01-03 13:05:00,1984.57,1984.7,1984.57,1984.7,0.01,33.64,67720.56,1
2023-01-03,2023-01-03 13:06:00,1984.7,1984.84,1984.7,1984.84,0.01,33.64,67720.56,1
2023-01-03,2023-01-03 13:07:00,1984.84,1984.97,1984.84,1984.97,0.01,33.64,67720.56,1
2023-01-03,2023-01-03 13:08:00,1984.97,1985.11,1984.97,1985.11,0.01,33.64,67720.56,1
2023-01-03,2023-01-03 13:09:00,1985.11,1985.24,1985.11,1985.24,0.01,33.64,67720.56,1
2023-01-03,2023-01-03 13:10:00,1985.24,1985.38,1985.24,1985.38,0.01,33.64,67720.56,1
2023-01-03,2023-01-03 13:11:00,1985.38,1985.51,1985.38,1985.51,0.01,33.64,67720.56,1
2023-01-03,2023-01-03 13:12:00,1985.51,1985.64,1985.51,1985.64,0.01,33.64,67720.56,1
2023-01-03,2023-01-03 13:13:00,1985.64,1985.78,1985.64,1985.78,0.01,33.64,67720.56,1
2023-01-03,2023-01-03 13:14:00,1985.78,1985.91,1985.78,1985.91,0.01,33.64,67720.56,1
2023-01-03,2023-01-03 13:15:00,1985.91,1986.05,1985.91,1986.05,0.01,33.64,67720.56,1
2023-01-03,2023-01-03 13:16:00,1986.05,1986.18,1986.05,1986.18,0.01,33.64,67720.56,1
2023-01-03,2023-01-03 13:17:00,1986.18,1986.32,1986.18,1986.32,0.01,33.64,67720.56,1
2023-01-03,2023-01-03 13:18:00,1986.32,1986.45,1986.32,1986.45,0.01,33.64,67720.56,1
2023-01-03,2023-01-03 13:19:00,1986.45,1986.58,1986.45,1986.58,0.01,33.64,67720.56,1
2023-01-03,2023-01-03 13:20:00,1986.58,1986.72,1986.58,1986.72,0.01,33.64,67720.56,1
2023-01-03,2023-01-03 13:21:00,1986.72,1986.85,1986.72,1986.85,0.01,33.64,67720.56,1
2023-01-03,2023-01-03 13:22:00,1986.85,1986.99,1986.85,1986.99,0.01,33.64,67720.56,1
2023-01-03,2023-01-03 13:23:00,1986.99,1987.12,1986.99,1987.12,0.01,33.64,67720.56,1
2023-01-03,2023-01-03 13:24:00,1987.12,1987.25,1987.12,1987.25,0.01,33.64,67720.56,1
2023-01-03,2023-01-03 13:25:00,1987.25,1987.39,1987.25,1987.39,0.01,33.64,67720.56,1
2023-01-03,2023-01-03 13:26:00,1987.39,1987.52,1987.39,1987.52,0.01,33.64,67720.56,1
2023-01-03,2023-01-03 13:27:00,1987.52,1987.66,1987.52,1987.66,0.01,33.64,67720.56,1
2023-01-03,2023-01-03 13:28:00,1987.66,1987.79,1987.66,1987.79,0.01,33.64,67720.56,1
2023-01-03,2023-01-03 13:29:00,1987.79,1987.92,1987.79,1987.92,0.01,33.64,67720.56,1
2023-01-03,2023-01-03 13:30:00,1987.92,1988.06,1987.92,1988.06,0.01,33.64,67720.56,1
2023-01-03,2023-01-03 13:31:00,1988.06,1988.19,1988.06,1988.19,0.01,33.64,67720.56,1
2023-01-03,2023-01-03 13:32:00,1988.19,1988.33,1988.19,1988.33,0.01,33.64,67720.56,1
2023-01-03,2023-01-03 13:33:00,1988.33,1988.46,1988.33,1988.46,0.01,33.64,67720.56,1
2023-01-03,2023-01-03 13:34:00,1988.46,1988.6,1988.46,1988.6,0.01,33.64,67720.56,1
2023-01-03,2023-01-03 13:35:00,1988.6,1988.73,1988.6,1988.73,0.01,33.64,67720.56,1
2023-01-03,2023-01-03 13:36:00,1988.73,1988.86,1988.73,1988.86,0.01,33.64,67720.56,1
2023-01-03,2023-01-03 13:37:00,1988.86,1989.0,1988.86,1989.0,0.01,33.64,67720.56,1
2023-01-03,2023-01-03 13:38:00,1989.0,1989.13,1989.0,1989.13,0.01,33.64,67720.56,1
2023-01-03,2023-01-03 13:39:00,1989.13,1989.27,1989.13,1989.27,0.01,33.64,67720.56,1
2023-01-03,2023-01-03 13:40:00,1989.27,1989.4,1989.27,1989.4,0.01,33.64,67720.56,1
2023-01-03,2023-01-03 13:41:00,1989.4,1989.54,1989.4,1989.54,0.01,33.64,67720.56,1
2023-01-03,2023-01-03 13:42:00,1989.54,1989.67,1989.54,1989.67,0.01,33.64,67720.56,1
2023-01-03,2023-01-03 13:43:00,1989.67,1989.8,1989.67,1989.8,0.01,33.64,67720.56,1
2023-01-03,2023-01-03 13:44:00,1989.8,1989.94,1989.8,1989.94,0.01,33.64,67720.56,1
2023-01-03,2023-01-03 13:45:00,1989.94,1990.07,1989.94,1990.07,0.01,33.64,67720.56,1
2023-01-03,2023-01-03 13:46:00,1990.07,1990.21,1990.07,1990.21,0.01,33.64,67720.56,1
2023-01-03,2023-01-03 13:47:00,1990.21,1990.34,1990.21,1990.34,0.01,33.64,67720.56,1
2023-01-03,2023-01-03 13:48:00,1990.34,1990.47,1990.34,1990.47,0.01,33.64,67720.56,1
2023-01-03,2023-01-03 13:49:00,1990.47,1990.61,1990.47,1990.61,0.01,33.64,67720.56,1
2023-01-03,2023-01-03 13:50:00,1990.61,1990.74,1990.61,1990.74,0.01,33.64,67720.56,1
2023-01-03,2023-01-03 13:51:00,1990.74,1990.88,1990.74,1990.88,0.01,33.64,67720.56,1
2023-01-03,2023-01-03 13:52:00,1990.88,1991.01,1990.88,1991.01,0.01,33.64,67720.56,1
2023-01-03,2023-01-03 13:53:00,1991.01,1991.14,1991.01,1991.14,0.01,33.64,67720.56,1
2023-01-03,2023-01-03 13:54:00,1991.14,1991.28,1991.14,1991.28,0.01,33.64,67720.56,1
2023-01-03,2023-01-03 13:55:00,1991.28,1991.41,1991.28,1991.41,0.01,33.64,67720.56,1
2023-01-03,2023-01-03 13:56:00,1991.41,1991.55,1991.41,1991.55,0.01,33.64,67720.56,1
2023-01-03,2023-01-03 13:57:00,1991.55,1991.68,1991.55,1991.68,0.01,33.64,67720.56,1
2023-01-03,2023-01-03 13:58:00,1991.68,1991.82,1991.68,1991.82,0.01,33.64,67720.56,1
2023-01-03,2023-01-03 13:59:00,1991.82,1991.95,1991.82,1991.95,0.01,33.64,67720.56,1
2023-01-03,2023-01-03 14:00:00,1991.95,1992.08,1991.95,1992.08,0.01,33.64,67720.56,1
2023-01-03,2023-01-03 14:01:00,1992.08,1992.22,1992.08,1992.22,0.01,33.64,67720.56,1
2023-01-03,2023-01-03 14:02:00,1992.22,1992.35,1992.22,1992.35,0.01,33.64,67720.56,1
2023-01-03,2023-01-03 14:03:00,1992.35,1992.49,1992.35,1992.49,0.01,33.64,67720.56,1
2023-01-03,2023-01-03 14:04:00,1992.49,1992.62,1992.49,1992.62,0.01,33.64,67720.56,1
2023-01-03,2023-01-03 14:05:00,1992.62,1992.75,1992.62,1992.75,0.01,33.64,67720.56,1
2023-01-03,2023-01-03 14:06:00,1992.75,1992.89,1992.75,1992.89,0.01,33.64,67720.56,1
2023-01-03,2023-01-03 14:07:00,1992.89,1993.02,1992.89,1993.02,0.01,33.64,67720.56,1
2023-01-03,2023-01-03 14:08:00,1993.02,1993.16,1993.02,1993.16,0.01,33.64,67720.56,1
2023-01-03,2023-01-03 14:09:00,1993.16,1993.29,1993.16,1993.29,0.01,33.64,67720.56,1
2023-01-03,2023-01-03 14:10:00,1993.29,1993.43,1993.29,1993.43,0.01,33.64,67720.56,1
2023-01-03,2023-01-03 14:11:00,1993.43,1993.56,1993.43,1993.56,0.01,33.64,67720.56,1
2023-01-03,2023-01-03 14:12:00,1993.56,1993.69,1993.56,1993.69,0.01,33.64,67720.56,1
2023-01-03,2023-01-03 14:13:00,1993.69,1993.83,1993.69,1993.83,0.01,33.64,67720.56,1
2023-01-03,2023-01-03 14:14:00,1993.83,1993.96,1993.83,1993.96,0.01,33.64,67720.56,1
2023-01-03,2023-01-03 14:15:00,1993.96,1994.1,1993.96,1994.1,0.01,33.64,67720.56,1
2023-01-03,2023-01-03 14:16:00,1994.1,1994.23,1994.1,1994.23,0.01,33.64,67720.56,1
2023-01-03,2023-01-03 14:17:00,1994.23,1994.37,1994.23,1994.37,0.01,33.64,67720.56,1
2023-01-03,2023-01-03 14:18:00,1994.37,1994.5,1994.37,1994.5,0.01,33.64,67720.56,1
2023-01-03,2023-01-03 14:19:00,1994.5,1994.63,1994.5,1994.63,0.01,33.64,67720.56,1
2023-01-03,2023-01-03 14:20:00,1994.63,1994.77,1994.63,1994.77,0.01,33.64,67720.56,1
2023-01-03,2023-01-03 14:21:00,1994.77,1994.9,1994.77,1994.9,0.01,33.64,67720.56,1
2023-01-03,2023-01-03 14:22:00,1994.9,1995.04,1994.9,1995.04,0.01,33.64,67720.56,1
2023-01-03,2023-01-03 14:23:00,1995.04,1995.17,1995.04,1995.17,0.01,33.64,67720.56,1
2023-01-03,2023-01-03 14:24:00,1995.17,1995.3,1995.17,1995.3,0.01,33.64,67720.56,1
2023-01-03,2023-01-03 14:25:00,1995.3,1995.44,1995.3,1995.44,0.01,33.64,67720.56,1
2023-01-03,2023-01-03 14:26:00,1995.44,1995.57,1995.44,1995.57,0.01,33.64,67720.56,1
2023-01-03,2023-01-03 14:27:00,1995.57,1995.71,1995.57,1995.71,0.01,33.64,67720.56,1
2023-01-03,2023-01-03 14:28:00,1995.71,1995.84,1995.71,1995.84,0.01,33.64,67720.56,1
2023-01-03,2023-01-03 14:29:00,1995.84,1995.97,1995.84,1995.97,0.01,33.64,67720.56,1
2023-01-03,2023-01-03 14:30:00,1995.97,1996.11,1995.97,1996.11,0.01,33.64,67720.56,1
2023-01-03,2023-01-03 14:31:00,1996.11,1996.24,1996.11,1996.24,0.01,33.64,67720.56,1
2023-01-03,2023-01-03 14:32:00,1996.24,1996.38,1996.24,1996.38,0.01,33.64,67720.56,1
2023-01-03,2023-01-03 14:33:00,1996.38,1996.51,1996.38,1996.51,0.01,33.64,67720.56,1
2023-01-03,2023-01-03 14:34:00,1996.51,1996.65,1996.51,1996.65,0.01,33.64,67720.56,1
2023-01-03,2023-01-03 14:35:00,1996.65,1996.78,1996.65,1996.78,0.01,33.64,67720.56,1
2023-01-03,2023-01-03 14:36:00,1996.78,1996.91,1996.78,1996.91,0.01,33.64,67720.56,1
2023-01-03,2023-01-03 14:37:00,1996.91,1997.05,1996.91,1997.05,0.01,33.64,67720.56,1
2023-01-03,2023-01-03 14:38:00,1997.05,1997.18,1997.05,1997.18,0.01,33.64,67720.56,1
2023-01-03,2023-01-03 14:39:00,1997.18,1997.32,1997.18,1997.32,0.01,33.64,67720.56,1
2023-01-03,2023-01-03 14:40:00,1997.32,1997.45,1997.32,1997.45,0.01,33.64,67720.56,1
2023-01-03,2023-01-03 14:41:00,1997.45,1997.59,1997.45,1997.59,0.01,33.64,67720.56,1
2023-01-03,2023-01-03 14:42:00,1997.59,1997.72,1997.59,1997.72,0.01,33.64,67720.56,1
2023-01-03,2023-01-03 14:43:00,1997.72,1997.85,1997.72,1997.85,0.01,33.64,67720.56,1
2023-01-03,2023-01-03 14:44:00,1997.85,1997.99,1997.85,1997.99,0.01,33.64,67720.56,1
2023-01-03,2023-01-03 14:45:00,1997.99,1998.12,1997.99,1998.12,0.01,33.64,67720.56,1
2023-01-03,2023-01-03 14:46:00,1998.12,1998.26,1998.12,1998.26,0.01,33.64,67720.56,1
2023-01-03,2023-01-03 14:47:00,1998.26,1998.39,1998.26,1998.39,0.01,33.64,67720.56,1
2023-01-03,2023-01-03 14:48:00,1998.39,1998.52,1998.39,1998.52,0.01,33.64,67720.56,1
2023-01-03,2023-01-03 14:49:00,1998.52,1998.66,1998.52,1998.66,0.01,33.64,67720.56,1
2023-01-03,2023-01-03 14:50:00,1998.66,1998.79,1998.66,1998.79,0.01,33.64,67720.56,1
2023-01-03,2023-01-03 14:51:00,1998.79,1998.93,1998.79,1998.93,0.01,33.64,67720.56,1
2023-01-03,2023-01-03 14:52:00,1998.93,1999.06,1998.93,1999.06,0.01,33.64,67720.56,1
2023-01-03,2023-01-03 14:53:00,1999.06,1999.19,1999.06,1999.19,0.01,33.64,67720.56,1
2023-01-03,2023-01-03 14:54:00,1999.19,1999.33,1999.19,1999.33,0.01,33.64,67720.56,1
2023-01-03,2023-01-03 14:55:00,1999.33,1999.46,1999.33,1999.46,0.01,33.64,67720.56,1
2023-01-03,2023-01-03 14:56:00,1999.46,1999.6,1999.46,1999.6,0.01,33.64,67720.56,1
2023-01-03,2023-01-03 14:57:00,1999.6,1999.73,1999.6,1999.73,0.01,33.64,67720.56,1
2023-01-03,2023-01-03 14:58:00,1999.73,1999.87,1999.73,1999.87,0.01,33.64,67720.56,1
2023-01-03,2023-01-03 14:59:00,1999.87,2000.0,1999.87,2000.0,0.01,33.64,67720.56,1
2023-01-03,2023-01-03 15:00:00,2000.0,2087.0,1967.8,2000.0,0.0,33.64,67720.56,0
2023-01-04,2023-01-04 11:00:00,2040.0,2040.0,2021.1,2039.92,-0.0,14.0,28052.43,-1
2023-01-04,2023-01-04 11:01:00,2039.92,2039.92,2039.83,2039.83,-0.0,14.0,28052.43,-1
2023-01-04,2023-01-04 11:02:00,2039.83,2039.83,2039.75,2039.75,-0.0,14.0,28052.43,-1
2023-01-04,2023-01-04 11:03:00,2039.75,2039.75,2039.67,2039.67,-0.0,14.0,28052.43,-1
2023-01-04,2023-01-04 11:04:00,2039.67,2039.67,2039.58,2039.58,-0.0,14.0,28052.43,-1
2023-01-04,2023-01-04 11:05:00,2039.58,2039.58,2039.5,2039.5,-0.0,14.0,28052.43,-1
2023-01-04,2023-01-04 11:06:00,2039.5,2039.5,2039.42,2039.42,-0.0,14.0,28052.43,-1
2023-01-04,2023-01-04 11:07:00,2039.42,2039.42,2039.33,2039.33,-0.0,14.0,28052.43,-1
2023-01-04,2023-01-04 11:08:00,2039.33,2039.33,2039.25,2039.25,-0.0,14.0,28052.43,-1
2023-01-04,2023-01-04 11:09:00,2039.25,2039.25,2039.17,2039.17,-0.0,14.0,28052.43,-1
2023-01-04,2023-01-04 11:10:00,2039.17,2039.17,2039.08,2039.08,-0.0,14.0,28052.43,-1
2023-01-04,2023-01-04 11:11:00,2039.08,2039.08,2039.0,2039.0,-0.0,14.0,28052.43,-1
2023-01-04,2023-01-04 11:12:00,2039.0,2039.0,2038.92,2038.92,-0.0,14.0,28052.43,-1
2023-01-04,2023-01-04 11:13:00,2038.92,2038.92,2038.83,2038.83,-0.0,14.0,28052.43,-1
2023-01-04,2023-01-04 11:14:00,2038.83,2038.83,2038.75,2038.75,-0.0,14.0,28052.43,-1
2023-01-04,2023-01-04 11:15:00,2038.75,2038.75,2038.67,2038.67,-0.0,14.0,28052.43,-1
2023-01-04,2023-01-04 11:16:00,2038.67,2038.67,2038.58,2038.58,-0.0,14.0,28052.43,-1
2023-01-04,2023-01-04 11:17:00,2038.58,2038.58,2038.5,2038.5,-0.0,14.0,28052.43,-1
2023-01-04,2023-01-04 11:18:00,2038.5,2038.5,2038.42,2038.42,-0.0,14.0,28052.43,-1
2023-01-04,2023-01-04 11:19:00,2038.42,2038.42,2038.33,2038.33,-0.0,14.0,28052.43,-1
2023-01-04,2023-01-04 11:20:00,2038.33,2038.33,2038.25,2038.25,-0.0,14.0,28052.43,-1
2023-01-04,2023-01-04 11:21:00,2038.25,2038.25,2038.17,2038.17,-0.0,14.0,28052.43,-1
2023-01-04,2023-01-04 11:22:00,2038.17,2038.17,2038.08,2038.08,-0.0,14.0,28052.43,-1
2023-01-04,2023-01-04 11:23:00,2038.08,2038.08,2038.0,2038.0,-0.0,14.0,28052.43,-1
2023-01-04,2023-01-04 11:24:00,2038.0,2038.0,2037.92,2037.92,-0.0,14.0,28052.43,-1
2023-01-04,2023-01-04 11:25:00,2037.92,2037.92,2037.83,2037.83,-0.0,14.0,28052.43,-1
2023-01-04,2023-01-04 11:26:00,2037.83,2037.83,2037.75,2037.75,-0.0,14.0,28052.43,-1
2023-01-04,2023-01-04 11:27:00,2037.75,2037.75,2037.67,2037.67,-0.0,14.0,28052.43,-1
2023-01-04,2023-01-04 11:28:00,2037.67,2037.67,2037.58,2037.58,-0.0,14.0,28052.43,-1
2023-01-04,2023-01-04 11:29:00,2037.58,2037.58,2037.5,2037.5,-0.0,14.0,28052.43,-1
2023-01-04,2023-01-04 11:30:00,2037.5,2037.5,2037.42,2037.42,-0.0,14.0,28052.43,-1
2023-01-04,2023-01-04 11:31:00,2037.42,2037.42,2037.33,2037.33,-0.0,14.0,28052.43,-1
2023-01-04,2023-01-04 11:32:00,2037.33,2037.33,2037.25,2037.25,-0.0,14.0,28052.43,-1
2023-01-04,2023-01-04 11:33:00,2037.25,2037.25,2037.17,2037.17,-0.0,14.0,28052.43,-1
2023-01-04,2023-01-04 11:34:00,2037.17,2037.17,2037.08,2037.08,-0.0,14.0,28052.43,-1
2023-01-04,2023-01-04 11:35:00,2037.08,2037.08,2037.0,2037.0,-0.0,14.0,28052.43,-1
2023-01-04,2023-01-04 11:36:00,2037.0,2037.0,2036.92,2036.92,-0.0,14.0,28052.43,-1
2023-01-04,2023-01-04 11:37:00,2036.92,2036.92,2036.83,2036.83,-0.0,14.0,28052.43,-1
2023-01-04,2023-01-04 11:38:00,2036.83,2036.83,2036.75,2036.75,-0.0,14.0,28052.43,-1
2023-01-04,2023-01-04 11:39:00,2036.75,2036.75,2036.67,2036.67,-0.0,14.0,28052.43,-1
2023-01-04,2023-01-04 11:40:00,2036.67,2036.67,2036.58,2036.58,-0.0,14.0,28052.43,-1
2023-01-04,2023-01-04 11:41:00,2036.58,2036.58,2036.5,2036.5,-0.0,14.0,28052.43,-1
2023-01-04,2023-01-04 11:42:00,2036.5,2036.5,2036.42,2036.42,-0.0,14.0,28052.43,-1
2023-01-04,2023-01-04 11:43:00,2036.42,2036.42,2036.33,2036.33,-0.0,14.0,28052.43,-1
2023-01-04,2023-01-04 11:44:00,2036.33,2036.33,2036.25,2036.25,-0.0,14.0,28052.43,-1
2023-01-04,2023-01-04 11:45:00,2036.25,2036.25,2036.17,2036.17,-0.0,14.0,28052.43,-1
2023-01-04,2023-01-04 11:46:00,2036.17,2036.17,2036.08,2036.08,-0.0,14.0,28052.43,-1
2023-01-04,2023-01-04 11:47:00,2036.08,2036.08,2036.0,2036.0,-0.0,14.0,28052.43,-1
2023-01-04,2023-01-04 11:48:00,2036.0,2036.0,2035.92,2035.92,-0.0,14.0,28052.43,-1
2023-01-04,2023-01-04 11:49:00,2035.92,2035.92,2035.83,2035.83,-0.0,14.0,28052.43,-1
2023-01-04,2023-01-04 11:50:00,2035.83,2035.83,2035.75,2035.75,-0.0,14.0,28052.43,-1
2023-01-04,2023-01-04 11:51:00,2035.75,2035.75,2035.67,2035.67,-0.0,14.0,28052.43,-1
2023-01-04,2023-01-04 11:52:00,2035.67,2035.67,2035.58,2035.58,-0.0,14.0,28052.43,-1
2023-01-04,2023-01-04 11:53:00,2035.58,2035.58,2035.5,2035.5,-0.0,14.0,28052.43,-1
2023-01-04,2023-01-04 11:54:00,2035.5,2035.5,2035.42,2035.42,-0.0,14.0,28052.43,-1
2023-01-04,2023-01-04 11:55:00,2035.42,2035.42,2035.33,2035.33,-0.0,14.0,28052.43,-1
2023-01-04,2023-01-04 11:56:00,2035.33,2035.33,2035.25,2035.25,-0.0,14.0,28052.43,-1
2023-01-04,2023-01-04 11:57:00,2035.25,2035.25,2035.17,2035.17,-0.0,14.0,28052.43,-1
2023-01-04,2023-01-04 11:58:00,2035.17,2035.17,2035.08,2035.08,-0.0,14.0,28052.43,-1
2023-01-04,2023-01-04 11:59:00,2035.08,2035.08,2035.0,2035.0,-0.0,14.0,28052.43,-1
2023-01-04,2023-01-04 12:00:00,2035.0,2035.0,2034.92,2034.92,-0.0,14.0,28052.43,-1
2023-01-04,2023-01-04 12:01:00,2034.92,2034.92,2034.83,2034.83,-0.0,14.0,28052.43,-1
2023-01-04,2023-01-04 12:02:00,2034.83,2034.83,2034.75,2034.75,-0.0,14.0,28052.43,-1
2023-01-04,2023-01-04 12:03:00,2034.75,2034.75,2034.67,2034.67,-0.0,14.0,28052.43,-1
2023-01-04,2023-01-04 12:04:00,2034.67,2034.67,2034.58,2034.58,-0.0,14.0,28052.43,-1
2023-01-04,2023-01-04 12:05:00,2034.58,2034.58,2034.5,2034.5,-0.0,14.0,28052.43,-1
2023-01-04,2023-01-04 12:06:00,2034.5,2034.5,2034.42,2034.42,-0.0,14.0,28052.43,-1
2023-01-04,2023-01-04 12:07:00,2034.42,2034.42,2034.33,2034.33,-0.0,14.0,28052.43,-1
2023-01-04,2023-01-04 12:08:00,2034.33,2034.33,2034.25,2034.25,-0.0,14.0,28052.43,-1
2023-01-04,2023-01-04 12:09:00,2034.25,2034.25,2034.17,2034.17,-0.0,14.0,28052.43,-1
2023-01-04,2023-01-04 12:10:00,2034.17,2034.17,2034.08,2034.08,-0.0,14.0,28052.43,-1
2023-01-04,2023-01-04 12:11:00,2034.08,2034.08,2034.0,2034.0,-0.0,14.0,28052.43,-1
2023-01-04,2023-01-04 12:12:00,2034.0,2034.0,2033.92,2033.92,-0.0,14.0,28052.43,-1
2023-01-04,2023-01-04 12:13:00,2033.92,2033.92,2033.83,2033.83,-0.0,14.0,28052.43,-1
2023-01-04,2023-01-04 12:14:00,2033.83,2033.83,2033.75,2033.75,-0.0,14.0,28052.43,-1
2023-01-04,2023-01-04 12:15:00,2033.75,2033.75,2033.67,2033.67,-0.0,14.0,28052.43,-1
2023-01-04,2023-01-04 12:16:00,2033.67,2033.67,2033.58,2033.58,-0.0,14.0,28052.43,-1
2023-01-04,2023-01-04 12:17:00,2033.58,2033.58,2033.5,2033.5,-0.0,14.0,28052.43,-1
2023-01-04,2023-01-04 12:18:00,2033.5,2033.5,2033.42,2033.42,-0.0,14.0,28052.43,-1
2023-01-04,2023-01-04 12:19:00,2033.42,2033.42,2033.33,2033.33,-0.0,14.0,28052.43,-1
2023-01-04,2023-01-04 12:20:00,2033.33,2033.33,2033.25,2033.25,-0.0,14.0,28052.43,-1
2023-01-04,2023-01-04 12:21:00,2033.25,2033.25,2033.17,2033.17,-0.0,14.0,28052.43,-1
2023-01-04,2023-01-04 12:22:00,2033.17,2033.17,2033.08,2033.08,-0.0,14.0,28052.43,-1
2023-01-04,2023-01-04 12:23:00,2033.08,2033.08,2033.0,2033.0,-0.0,14.0,28052.43,-1
2023-01-04,2023-01-04 12:24:00,2033.0,2033.0,2032.92,2032.92,-0.0,14.0,28052.43,-1
2023-01-04,2023-01-04 12:25:00,2032.92,2032.92,2032.83,2032.83,-0.0,14.0,28052.43,-1
2023-01-04,2023-01-04 12:26:00,2032.83,2032.83,2032.75,2032.75,-0.0,14.0,28052.43,-1
2023-01-04,2023-01-04 12:27:00,2032.75,2032.75,2032.67,2032.67,-0.0,14.0,28052.43,-1
2023-01-04,2023-01-04 12:28:00,2032.67,2032.67,2032.58,2032.58,-0.0,14.0,28052.43,-1
2023-01-04,2023-01-04 12:29:00,2032.58,2032.58,2032.5,2032.5,-0.0,14.0,28052.43,-1
2023-01-04,2023-01-04 12:30:00,2032.5,2032.5,2032.42,2032.42,-0.0,14.0,28052.43,-1
2023-01-04,2023-01-04 12:31:00,2032.42,2032.42,2032.33,2032.33,-0.0,14.0,28052.43,-1
2023-01-04,2023-01-04 12:32:00,2032.33,2032.33,2032.25,2032.25,-0.0,14.0,28052.43,-1
2023-01-04,2023-01-04 12:33:00,2032.25,2032.25,2032.17,2032.17,-0.0,14.0,28052.43,-1
2023-01-04,2023-01-04 12:34:00,2032.17,2032.17,2032.08,2032.08,-0.0,14.0,28052.43,-1
2023-01-04,2023-01-04 12:35:00,2032.08,2032.08,2032.0,2032.0,-0.0,14.0,28052.43,-1
2023-01-04,2023-01-04 12:36:00,2032.0,2032.0,2031.92,2031.92,-0.0,14.0,28052.43,-1
2023-01-04,2023-01-04 12:37:00,2031.92,2031.92,2031.83,2031.83,-0.0,14.0,28052.43,-1
2023-01-04,2023-01-04 12:38:00,2031.83,2031.83,2031.75,2031.75,-0.0,14.0,28052.43,-1
2023-01-04,2023-01-04 12:39:00,2031.75,2031.75,2031.67,2031.67,-0.0,14.0,28052.43,-1
2023-01-04,2023-01-04 12:40:00,2031.67,2031.67,2031.58,2031.58,-0.0,14.0,28052.43,-1
2023-01-04,2023-01-04 12:41:00,2031.58,2031.58,2031.5,2031.5,-0.0,14.0,28052.43,-1
2023-01-04,2023-01-04 12:42:00,2031.5,2031.5,2031.42,2031.42,-0.0,14.0,28052.43,-1
2023-01-04,2023-01-04 12:43:00,2031.42,2031.42,2031.33,2031.33,-0.0,14.0,28052.43,-1
2023-01-04,2023-01-04 12:44:00,2031.33,2031.33,2031.25,2031.25,-0.0,14.0,28052.43,-1
2023-01-04,2023-01-04 12:45:00,2031.25,2031.25,2031.17,2031.17,-0.0,14.0,28052.43,-1
2023-01-04,2023-01-04 12:46:00,2031.17,2031.17,2031.08,2031.08,-0.0,14.0,28052.43,-1
2023-01-04,2023-01-04 12:47:00,2031.08,2031.08,2031.0,2031.0,-0.0,14.0,28052.43,-1
2023-01-04,2023-01-04 12:48:00,2031.0,2031.0,2030.92,2030.92,-0.0,14.0,28052.43,-1
2023-01-04,2023-01-04 12:49:00,2030.92,2030.92,2030.83,2030.83,-0.0,14.0,28052.43,-1
2023-01-04,2023-01-04 12:50:00,2030.83,2030.83,2030.75,2030.75,-0.0,14.0,28052.43,-1
2023-01-04,2023-01-04 12:51:00,2030.75,2030.75,2030.67,2030.67,-0.0,14.0,28052.43,-1
2023-01-04,2023-01-04 12:52:00,2030.67,2030.67,2030.58,2030.58,-0.0,14.0,28052.43,-1
2023-01-04,2023-01-04 12:53:00,2030.58,2030.58,2030.5,2030.5,-0.0,14.0,28052.43,-1
2023-01-04,2023-01-04 12:54:00,2030.5,2030.5,2030.42,2030.42,-0.0,14.0,28052.43,-1
2023-01-04,2023-01-04 12:55:00,2030.42,2030.42,2030.33,2030.33,-0.0,14.0,28052.43,-1
2023-01-04,2023-01-04 12:56:00,2030.33,2030.33,2030.25,2030.25,-0.0,14.0,28052.43,-1
2023-01-04,2023-01-04 12:57:00,2030.25,2030.25,2030.17,2030.17,-0.0,14.0,28052.43,-1
2023-01-04,2023-01-04 12:58:00,2030.17,2030.17,2030.08,2030.08,-0.0,14.0,28052.43,-1
2023-01-04,2023-01-04 12:59:00,2030.08,2030.08,2030.0,2030.0,-0.0,14.0,28052.43,-1
2023-01-04,2023-01-04 13:00:00,2030.0,2040.0,1977.0,2029.92,-0.0,14.0,28052.43,-1
2023-01-04,2023-01-04 13:01:00,2029.92,2029.92,2029.83,2029.83,-0.0,14.0,28052.43,-1
2023-01-04,2023-01-04 13:02:00,2029.83,2029.83,2029.75,2029.75,-0.0,14.0,28052.43,-1
2023-01-04,2023-01-04 13:03:00,2029.75,2029.75,2029.67,2029.67,-0.0,14.0,28052.43,-1
2023-01-04,2023-01-04 13:04:00,2029.67,2029.67,2029.58,2029.58,-0.0,14.0,28052.43,-1
2023-01-04,2023-01-04 13:05:00,2029.58,2029.58,2029.5,2029.5,-0.0,14.0,28052.43,-1
2023-01-04,2023-01-04 13:06:00,2029.5,2029.5,2029.42,2029.42,-0.0,14.0,28052.43,-1
2023-01-04,2023-01-04 13:07:00,2029.42,2029.42,2029.33,2029.33,-0.0,14.0,28052.43,-1
2023-01-04,2023-01-04 13:08:00,2029.33,2029.33,2029.25,2029.25,-0.0,14.0,28052.43,-1
2023-01-04,2023-01-04 13:09:00,2029.25,2029.25,2029.17,2029.17,-0.0,14.0,28052.43,-1
2023-01-04,2023-01-04 13:10:00,2029.17,2029.17,2029.08,2029.08,-0.0,14.0,28052.43,-1
2023-01-04,2023-01-04 13:11:00,2029.08,2029.08,2029.0,2029.0,-0.0,14.0,28052.43,-1
2023-01-04,2023-01-04 13:12:00,2029.0,2029.0,2028.92,2028.92,-0.0,14.0,28052.43,-1
2023-01-04,2023-01-04 13:13:00,2028.92,2028.92,2028.83,2028.83,-0.0,14.0,28052.43,-1
2023-01-04,2023-01-04 13:14:00,2028.83,2028.83,2028.75,2028.75,-0.0,14.0,28052.43,-1
2023-01-04,2023-01-04 13:15:00,2028.75,2028.75,2028.67,2028.67,-0.0,14.0,28052.43,-1
2023-01-04,2023-01-04 13:16:00,2028.67,2028.67,2028.58,2028.58,-0.0,14.0,28052.43,-1
2023-01-04,2023-01-04 13:17:00,2028.58,2028.58,2028.5,2028.5,-0.0,14.0,28052.43,-1
2023-01-04,2023-01-04 13:18:00,2028.5,2028.5,2028.42,2028.42,-0.0,14.0,28052.43,-1
2023-01-04,2023-01-04 13:19:00,2028.42,2028.42,2028.33,2028.33,-0.0,14.0,28052.43,-1
2023-01-04,2023-01-04 13:20:00,2028.33,2028.33,2028.25,2028.25,-0.0,14.0,28052.43,-1
2023-01-04,2023-01-04 13:21:00,2028.25,2028.25,2028.17,2028.17,-0.0,14.0,28052.43,-1
2023-01-04,2023-01-04 13:22:00,2028.17,2028.17,2028.08,2028.08,-0.0,14.0,28052.43,-1
2023-01-04,2023-01-04 13:23:00,2028.08,2028.08,2028.0,2028.0,-0.0,14.0,28052.43,-1
2023-01-04,2023-01-04 13:24:00,2028.0,2028.0,2027.92,2027.92,-0.0,14.0,28052.43,-1
2023-01-04,2023-01-04 13:25:00,2027.92,2027.92,2027.83,2027.83,-0.0,14.0,28052.43,-1
2023-01-04,2023-01-04 13:26:00,2027.83,2027.83,2027.75,2027.75,-0.0,14.0,28052.43,-1
2023-01-04,2023-01-04 13:27:00,2027.75,2027.75,2027.67,2027.67,-0.0,14.0,28052.43,-1
2023-01-04,2023-01-04 13:28:00,2027.67,2027.67,2027.58,2027.58,-0.0,14.0,28052.43,-1
2023-01-04,2023-01-04 13:29:00,2027.58,2027.58,2027.5,2027.5,-0.0,14.0,28052.43,-1
2023-01-04,2023-01-04 13:30:00,2027.5,2027.5,2027.42,2027.42,-0.0,14.0,28052.43,-1
2023-01-04,2023-01-04 13:31:00,2027.42,2027.42,2027.33,2027.33,-0.0,14.0,28052.43,-1
2023-01-04,2023-01-04 13:32:00,2027.33,2027.33,2027.25,2027.25,-0.0,14.0,28052.43,-1
2023-01-04,2023-01-04 13:33:00,2027.25,2027.25,2027.17,2027.17,-0.0,14.0,28052.43,-1
2023-01-04,2023-01-04 13:34:00,2027.17,2027.17,2027.08,2027.08,-0.0,14.0,28052.43,-1
2023-01-04,2023-01-04 13:35:00,2027.08,2027.08,2027.0,2027.0,-0.0,14.0,28052.43,-1
2023-01-04,2023-01-04 13:36:00,2027.0,2027.0,2026.92,2026.92,-0.0,14.0,28052.43,-1
2023-01-04,2023-01-04 13:37:00,2026.92,2026.92,2026.83,2026.83,-0.0,14.0,28052.43,-1
2023-01-04,2023-01-04 13:38:00,2026.83,2026.83,2026.75,2026.75,-0.0,14.0,28052.43,-1
2023-01-04,2023-01-04 13:39:00,2026.75,2026.75,2026.67,2026.67,-0.0,14.0,28052.43,-1
2023-01-04,2023-01-04 13:40:00,2026.67,2026.67,2026.58,2026.58,-0.0,14.0,28052.43,-1
2023-01-04,2023-01-04 13:41:00,2026.58,2026.58,2026.5,2026.5,-0.0,14.0,28052.43,-1
2023-01-04,2023-01-04 13:42:00,2026.5,2026.5,2026.42,2026.42,-0.0,14.0,28052.43,-1
2023-01-04,2023-01-04 13:43:00,2026.42,2026.42,2026.33,2026.33,-0.0,14.0,28052.43,-1
2023-01-04,2023-01-04 13:44:00,2026.33,2026.33,2026.25,2026.25,-0.0,14.0,28052.43,-1
2023-01-04,2023-01-04 13:45:00,2026.25,2026.25,2026.17,2026.17,-0.0,14.0,28052.43,-1
2023-01-04,2023-01-04 13:46:00,2026.17,2026.17,2026.08,2026.08,-0.0,14.0,28052.43,-1
2023-01-04,2023-01-04 13:47:00,2026.08,2026.08,2026.0,2026.0,-0.0,14.0,28052.43,-1
2023-01-04,2023-01-04 13:48:00,2026.0,2026.0,2025.92,2025.92,-0.0,14.0,28052.43,-1
2023-01-04,2023-01-04 13:49:00,2025.92,2025.92,2025.83,2025.83,-0.0,14.0,28052.43,-1
2023-01-04,2023-01-04 13:50:00,2025.83,2025.83,2025.75,2025.75,-0.0,14.0,28052.43,-1
2023-01-04,2023-01-04 13:51:00,2025.75,2025.75,2025.67,2025.67,-0.0,14.0,28052.43,-1
2023-01-04,2023-01-04 13:52:00,2025.67,2025.67,2025.58,2025.58,-0.0,14.0,28052.43,-1
2023-01-04,2023-01-04 13:53:00,2025.58,2025.58,2025.5,2025.5,-0.0,14.0,28052.43,-1
2023-01-04,2023-01-04 13:54:00,2025.5,2025.5,2025.42,2025.42,-0.0,14.0,28052.43,-1
2023-01-04,2023-01-04 13:55:00,2025.42,2025.42,2025.33,2025.33,-0.0,14.0,28052.43,-1
2023-01-04,2023-01-04 13:56:00,2025.33,2025.33,2025.25,2025.25,-0.0,14.0,28052.43,-1
2023-01-04,2023-01-04 13:57:00,2025.25,2025.25,2025.17,2025.17,-0.0,14.0,28052.43,-1
2023-01-04,2023-01-04 13:58:00,2025.17,2025.17,2025.08,2025.08,-0.0,14.0,28052.43,-1
2023-01-04,2023-01-04 13:59:00,2025.08,2025.08,2025.0,2025.0,-0.0,14.0,28052.43,-1
2023-01-04,2023-01-04 14:00:00,2025.0,2025.0,2024.92,2024.92,-0.0,14.0,28052.43,-1
2023-01-04,2023-01-04 14:01:00,2024.92,2024.92,2024.83,2024.83,-0.0,14.0,28052.43,-1
2023-01-04,2023-01-04 14:02:00,2024.83,2024.83,2024.75,2024.75,-0.0,14.0,28052.43,-1
2023-01-04,2023-01-04 14:03:00,2024.75,2024.75,2024.67,2024.67,-0.0,14.0,28052.43,-1
2023-01-04,2023-01-04 14:04:00,2024.67,2024.67,2024.58,2024.58,-0.0,14.0,28052.43,-1
2023-01-04,2023-01-04 14:05:00,2024.58,2024.58,2024.5,2024.5,-0.0,14.0,28052.43,-1
2023-01-04,2023-01-04 14:06:00,2024.5,2024.5,2024.42,2024.42,-0.0,14.0,28052.43,-1
2023-01-04,2023-01-04 14:07:00,2024.42,2024.42,2024.33,2024.33,-0.0,14.0,28052.43,-1
2023-01-04,2023-01-04 14:08:00,2024.33,2024.33,2024.25,2024.25,-0.0,14.0,28052.43,-1
2023-01-04,2023-01-04 14:09:00,2024.25,2024.25,2024.17,2024.17,-0.0,14.0,28052.43,-1
2023-01-04,2023-01-04 14:10:00,2024.17,2024.17,2024.08,2024.08,-0.0,14.0,28052.43,-1
2023-01-04,2023-01-04 14:11:00,2024.08,2024.08,2024.0,2024.0,-0.0,14.0,28052.43,-1
2023-01-04,2023-01-04 14:12:00,2024.0,2024.0,2023.92,2023.92,-0.0,14.0,28052.43,-1
2023-01-04,2023-01-04 14:13:00,2023.92,2023.92,2023.83,2023.83,-0.0,14.0,28052.43,-1
2023-01-04,2023-01-04 14:14:00,2023.83,2023.83,2023.75,2023.75,-0.0,14.0,28052.43,-1
2023-01-04,2023-01-04 14:15:00,2023.75,2023.75,2023.67,2023.67,-0.0,14.0,28052.43,-1
2023-01-04,2023-01-04 14:16:00,2023.67,2023.67,2023.58,2023.58,-0.0,14.0,28052.43,-1
2023-01-04,2023-01-04 14:17:00,2023.58,2023.58,2023.5,2023.5,-0.0,14.0,28052.43,-1
2023-01-04,2023-01-04 14:18:00,2023.5,2023.5,2023.42,2023.42,-0.0,14.0,28052.43,-1
2023-01-04,2023-01-04 14:19:00,2023.42,2023.42,2023.33,2023.33,-0.0,14.0,28052.43,-1
2023-01-04,2023-01-04 14:20:00,2023.33,2023.33,2023.25,2023.25,-0.0,14.0,28052.43,-1
2023-01-04,2023-01-04 14:21:00,2023.25,2023.25,2023.17,2023.17,-0.0,14.0,28052.43,-1
2023-01-04,2023-01-04 14:22:00,2023.17,2023.17,2023.08,2023.08,-0.0,14.0,28052.43,-1
2023-01-04,2023-01-04 14:23:00,2023.08,2023.08,2023.0,2023.0,-0.0,14.0,28052.43,-1
2023-01-04,2023-01-04 14:24:00,2023.0,2023.0,2022.92,2022.92,-0.0,14.0,28052.43,-1
2023-01-04,2023-01-04 14:25:00,2022.92,2022.92,2022.83,2022.83,-0.0,14.0,28052.43,-1
2023-01-04,2023-01-04 14:26:00,2022.83,2022.83,2022.75,2022.75,-0.0,14.0,28052.43,-1
2023-01-04,2023-01-04 14:27:00,2022.75,2022.75,2022.67,2022.67,-0.0,14.0,28052.43,-1
2023-01-04,2023-01-04 14:28:00,2022.67,2022.67,2022.58,2022.58,-0.0,14.0,28052.43,-1
2023-01-04,2023-01-04 14:29:00,2022.58,2022.58,2022.5,2022.5,-0.0,14.0,28052.43,-1
2023-01-04,2023-01-04 14:30:00,2022.5,2022.5,2022.42,2022.42,-0.0,14.0,28052.43,-1
2023-01-04,2023-01-04 14:31:00,2022.42,2022.42,2022.33,2022.33,-0.0,14.0,28052.43,-1
2023-01-04,2023-01-04 14:32:00,2022.33,2022.33,2022.25,2022.25,-0.0,14.0,28052.43,-1
2023-01-04,2023-01-04 14:33:00,2022.25,2022.25,2022.17,2022.17,-0.0,14.0,28052.43,-1
2023-01-04,2023-01-04 14:34:00,2022.17,2022.17,2022.08,2022.08,-0.0,14.0,28052.43,-1
2023-01-04,2023-01-04 14:35:00,2022.08,2022.08,2022.0,2022.0,-0.0,14.0,28052.43,-1
2023-01-04,2023-01-04 14:36:00,2022.0,2022.0,2021.92,2021.92,-0.0,14.0,28052.43,-1
2023-01-04,2023-01-04 14:37:00,2021.92,2021.92,2021.83,2021.83,-0.0,14.0,28052.43,-1
2023-01-04,2023-01-04 14:38:00,2021.83,2021.83,2021.75,2021.75,-0.0,14.0,28052.43,-1
2023-01-04,2023-01-04 14:39:00,2021.75,2021.75,2021.67,2021.67,-0.0,14.0,28052.43,-1
2023-01-04,2023-01-04 14:40:00,2021.67,2021.67,2021.58,2021.58,-0.0,14.0,28052.43,-1
2023-01-04,2023-01-04 14:41:00,2021.58,2021.58,2021.5,2021.5,-0.0,14.0,28052.43,-1
2023-01-04,2023-01-04 14:42:00,2021.5,2021.5,2021.42,2021.42,-0.0,14.0,28052.43,-1
2023-01-04,2023-01-04 14:43:00,2021.42,2021.42,2021.33,2021.33,-0.0,14.0,28052.43,-1
2023-01-04,2023-01-04 14:44:00,2021.33,2021.33,2021.25,2021.25,-0.0,14.0,28052.43,-1
2023-01-04,2023-01-04 14:45:00,2021.25,2021.25,2021.17,2021.17,-0.0,14.0,28052.43,-1
2023-01-04,2023-01-04 14:46:00,2021.17,2021.17,2021.08,2021.08,-0.0,14.0,28052.43,-1
2023-01-04,2023-01-04 14:47:00,2021.08,2021.08,2021.0,2021.0,-0.0,14.0,28052.43,-1
2023-01-04,2023-01-04 14:48:00,2021.0,2021.0,2020.92,2020.92,-0.0,14.0,28052.43,-1
2023-01-04,2023-01-04 14:49:00,2020.92,2020.92,2020.83,2020.83,-0.0,14.0,28052.43,-1
2023-01-04,2023-01-04 14:50:00,2020.83,2020.83,2020.75,2020.75,-0.0,14.0,28052.43,-1
2023-01-04,2023-01-04 14:51:00,2020.75,2020.75,2020.67,2020.67,-0.0,14.0,28052.43,-1
2023-01-04,2023-01-04 14:52:00,2020.67,2020.67,2020.58,2020.58,-0.0,14.0,28052.43,-1
2023-01-04,2023-01-04 14:53:00,2020.58,2020.58,2020.5,2020.5,-0.0,14.0,28052.43,-1
2023-01-04,2023-01-04 14:54:00,2020.5,2020.5,2020.42,2020.42,-0.0,14.0,28052.43,-1
2023-01-04,2023-01-04 14:55:00,2020.42,2020.42,2020.33,2020.33,-0.0,14.0,28052.43,-1
2023-01-04,2023-01-04 14:56:00,2020.33,2020.33,2020.25,2020.25,-0.0,14.0,28052.43,-1
2023-01-04,2023-01-04 14:57:00,2020.25,2020.25,2020.17,2020.17,-0.0,14.0,28052.43,-1
2023-01-04,2023-01-04 14:58:00,2020.17,2020.17,2020.08,2020.08,-0.0,14.0,28052.43,-1
2023-01-04,2023-01-04 14:59:00,2020.08,2020.08,2020.0,2020.0,-0.0,14.0,28052.43,-1
2023-01-04,2023-01-04 15:00:00,2020.0,2040.0,1977.0,2020.0,0.0,14.0,28052.43,0
2023-01-05,2023-01-05 11:00:00,2050.0,2078.2,2041.3,2050.23,0.01,16.34,33853.61,1
2023-01-05,2023-01-05 11:01:00,2050.23,2050.47,2050.23,2050.47,0.01,16.34,33853.61,1
2023-01-05,2023-01-05 11:02:00,2050.47,2050.7,2050.47,2050.7,0.01,16.34,33853.61,1
2023-01-05,2023-01-05 11:03:00,2050.7,2050.93,2050.7,2050.93,0.01,16.34,33853.61,1
2023-01-05,2023-01-05 11:04:00,2050.93,2051.17,2050.93,2051.17,0.01,16.34,33853.61,1
2023-01-05,2023-01-05 11:05:00,2051.17,2051.4,2051.17,2051.4,0.01,16.34,33853.61,1
2023-01-05,2023-01-05 11:06:00,2051.4,2051.64,2051.4,2051.64,0.01,16.34,33853.61,1
2023-01-05,2023-01-05 11:07:00,2051.64,2051.87,2051.64,2051.87,0.01,16.34,33853.61,1
2023-01-05,2023-01-05 11:08:00,2051.87,2052.1,2051.87,2052.1,0.01,16.34,33853.61,1
2023-01-05,2023-01-05 11:09:00,2052.1,2052.34,2052.1,2052.34,0.01,16.34,33853.61,1
2023-01-05,2023-01-05 11:10:00,2052.34,2052.57,2052.34,2052.57,0.01,16.34,33853.61,1
2023-01-05,2023-01-05 11:11:00,2052.57,2052.8,2052.57,2052.8,0.01,16.34,33853.61,1
2023-01-05,2023-01-05 11:12:00,2052.8,2053.04,2052.8,2053.04,0.01,16.34,33853.61,1
2023-01-05,2023-01-05 11:13:00,2053.04,2053.27,2053.04,2053.27,0.01,16.34,33853.61,1
2023-01-05,2023-01-05 11:14:00,2053.27,2053.51,2053.27,2053.51,0.01,16.34,33853.61,1
2023-01-05,2023-01-05 11:15:00,2053.51,2053.74,2053.51,2053.74,0.01,16.34,33853.61,1
2023-01-05,2023-01-05 11:16:00,2053.74,2053.97,2053.74,2053.97,0.01,16.34,33853.61,1
2023-01-05,2023-01-05 11:17:00,2053.97,2054.21,2053.97,2054.21,0.01,16.34,33853.61,1
2023-01-05,2023-01-05 11:18:00,2054.21,2054.44,2054.21,2054.44,0.01,16.34,33853.61,1
2023-01-05,2023-01-05 11:19:00,2054.44,2054.68,2054.44,2054.68,0.01,16.34,33853.61,1
2023-01-05,2023-01-05 11:20:00,2054.68,2054.91,2054.68,2054.91,0.01,16.34,33853.61,1
2023-01-05,2023-01-05 11:21:00,2054.91,2055.14,2054.91,2055.14,0.01,16.34,33853.61,1
2023-01-05,2023-01-05 11:22:00,2055.14,2055.38,2055.14,2055.38,0.01,16.34,33853.61,1
2023-01-05,2023-01-05 11:23:00,2055.38,2055.61,2055.38,2055.61,0.01,16.34,33853.61,1
2023-01-05,2023-01-05 11:24:00,2055.61,2055.84,2055.61,2055.84,0.01,16.34,33853.61,1
2023-01-05,2023-01-05 11:25:00,2055.84,2056.08,2055.84,2056.08,0.01,16.34,33853.61,1
2023-01-05,2023-01-05 11:26:00,2056.08,2056.31,2056.08,2056.31,0.01,16.34,33853.61,1
2023-01-05,2023-01-05 11:27:00,2056.31,2056.55,2056.31,2056.55,0.01,16.34,33853.61,1
2023-01-05,2023-01-05 11:28:00,2056.55,2056.78,2056.55,2056.78,0.01,16.34,33853.61,1
2023-01-05,2023-01-05 11:29:00,2056.78,2057.01,2056.78,2057.01,0.01,16.34,33853.61,1
2023-01-05,2023-01-05 11:30:00,2057.01,2057.25,2057.01,2057.25,0.01,16.34,33853.61,1
2023-01-05,2023-01-05 11:31:00,2057.25,2057.48,2057.25,2057.48,0.01,16.34,33853.61,1
2023-01-05,2023-01-05 11:32:00,2057.48,2057.71,2057.48,2057.71,0.01,16.34,33853.61,1
2023-01-05,2023-01-05 11:33:00,2057.71,2057.95,2057.71,2057.95,0.01,16.34,33853.61,1
2023-01-05,2023-01-05 11:34:00,2057.95,2058.18,2057.95,2058.18,0.01,16.34,33853.61,1
2023-01-05,2023-01-05 11:35:00,2058.18,2058.41,2058.18,2058.41,0.01,16.34,33853.61,1
2023-01-05,2023-01-05 11:36:00,2058.41,2058.65,2058.41,2058.65,0.01,16.34,33853.61,1
2023-01-05,2023-01-05 11:37:00,2058.65,2058.88,2058.65,2058.88,0.01,16.34,33853.61,1
2023-01-05,2023-01-05 11:38:00,2058.88,2059.12,2058.88,2059.12,0.01,16.34,33853.61,1
2023-01-05,2023-01-05 11:39:00,2059.12,2059.35,2059.12,2059.35,0.01,16.34,33853.61,1
2023-01-05,2023-01-05 11:40:00,2059.35,2059.58,2059.35,2059.58,0.01,16.34,33853.61,1
2023-01-05,2023-01-05 11:41:00,2059.58,2059.82,2059.58,2059.82,0.01,16.34,33853.61,1
2023-01-05,2023-01-05 11:42:00,2059.82,2060.05,2059.82,2060.05,0.01,16.34,33853.61,1
2023-01-05,2023-01-05 11:43:00,2060.05,2060.28,2060.05,2060.28,0.01,16.34,33853.61,1
2023-01-05,2023-01-05 11:44:00,2060.28,2060.52,2060.28,2060.52,0.01,16.34,33853.61,1
2023-01-05,2023-01-05 11:45:00,2060.52,2060.75,2060.52,2060.75,0.01,16.34,33853.61,1
2023-01-05,2023-01-05 11:46:00,2060.75,2060.99,2060.75,2060.99,0.01,16.34,33853.61,1
2023-01-05,2023-01-05 11:47:00,2060.99,2061.22,2060.99,2061.22,0.01,16.34,33853.61,1
2023-01-05,2023-01-05 11:48:00,2061.22,2061.45,2061.22,2061.45,0.01,16.34,33853.61,1
2023-01-05,2023-01-05 11:49:00,2061.45,2061.69,2061.45,2061.69,0.01,16.34,33853.61,1
2023-01-05,2023-01-05 11:50:00,2061.69,2061.92,2061.69,2061.92,0.01,16.34,33853.61,1
2023-01-05,2023-01-05 11:51:00,2061.92,2062.16,2061.92,2062.16,0.01,16.34,33853.61,1
2023-01-05,2023-01-05 11:52:00,2062.16,2062.39,2062.16,2062.39,0.01,16.34,33853.61,1
2023-01-05,2023-01-05 11:53:00,2062.39,2062.62,2062.39,2062.62,0.01,16.34,33853.61,1
2023-01-05,2023-01-05 11:54:00,2062.62,2062.86,2062.62,2062.86,0.01,16.34,33853.61,1
2023-01-05,2023-01-05 11:55:00,2062.86,2063.09,2062.86,2063.09,0.01,16.34,33853.61,1
2023-01-05,2023-01-05 11:56:00,2063.09,2063.32,2063.09,2063.32,0.01,16.34,33853.61,1
2023-01-05,2023-01-05 11:57:00,2063.32,2063.56,2063.32,2063.56,0.01,16.34,33853.61,1
2023-01-05,2023-01-05 11:58:00,2063.56,2063.79,2063.56,2063.79,0.01,16.34,33853.61,1
2023-01-05,2023-01-05 11:59:00,2063.79,2064.03,2063.79,2064.03,0.01,16.34,33853.61,1
2023-01-05,2023-01-05 12:00:00,2064.03,2064.26,2064.03,2064.26,0.01,16.34,33853.61,1
2023-01-05,2023-01-05 12:01:00,2064.26,2064.49,2064.26,2064.49,0.01,16.34,33853.61,1
2023-01-05,2023-01-05 12:02:00,2064.49,2064.73,2064.49,2064.73,0.01,16.34,33853.61,1
2023-01-05,2023-01-05 12:03:00,2064.73,2064.96,2064.73,2064.96,0.01,16.34,33853.61,1
2023-01-05,2023-01-05 12:04:00,2064.96,2065.19,2064.96,2065.19,0.01,16.34,33853.61,1
2023-01-05,2023-01-05 12:05:00,2065.19,2065.43,2065.19,2065.43,0.01,16.34,33853.61,1
2023-01-05,2023-01-05 12:06:00,2065.43,2065.66,2065.43,2065.66,0.01,16.34,33853.61,1
2023-01-05,2023-01-05 12:07:00,2065.66,2065.89,2065.66,2065.89,0.01,16.34,33853.61,1
2023-01-05,2023-01-05 12:08:00,2065.89,2066.13,2065.89,2066.13,0.01,16.34,33853.61,1
2023-01-05,2023-01-05 12:09:00,2066.13,2066.36,2066.13,2066.36,0.01,16.34,33853.61,1
2023-01-05,2023-01-05 12:10:00,2066.36,2066.6,2066.36,2066.6,0.01,16.34,33853.61,1
2023-01-05,2023-01-05 12:11:00,2066.6,2066.83,2066.6,2066.83,0.01,16.34,33853.61,1
2023-01-05,2023-01-05 12:12:00,2066.83,2067.06,2066.83,2067.06,0.01,16.34,33853.61,1
2023-01-05,2023-01-05 12:13:00,2067.06,2067.3,2067.06,2067.3,0.01,16.34,33853.61,1
2023-01-05,2023-01-05 12:14:00,2067.3,2067.53,2067.3,2067.53,0.01,16.34,33853.61,1
2023-01-05,2023-01-05 12:15:00,2067.53,2067.76,2067.53,2067.76,0.01,16.34,33853.61,1
2023-01-05,2023-01-05 12:16:00,2067.76,2068.0,2067.76,2068.0,0.01,16.34,33853.61,1
2023-01-05,2023-01-05 12:17:00,2068.0,2068.23,2068.0,2068.23,0.01,16.34,33853.61,1
2023-01-05,2023-01-05 12:18:00,2068.23,2068.47,2068.23,2068.47,0.01,16.34,33853.61,1
2023-01-05,2023-01-05 12:19:00,2068.47,2068.7,2068.47,2068.7,0.01,16.34,33853.61,1
2023-01-05,2023-01-05 12:20:00,2068.7,2068.93,2068.7,2068.93,0.01,16.34,33853.61,1
2023-01-05,2023-01-05 12:21:00,2068.93,2069.17,2068.93,2069.17,0.01,16.34,33853.61,1
2023-01-05,2023-01-05 12:22:00,2069.17,2069.4,2069.17,2069.4,0.01,16.34,33853.61,1
2023-01-05,2023-01-05 12:23:00,2069.4,2069.63,2069.4,2069.63,0.01,16.34,33853.61,1
2023-01-05,2023-01-05 12:24:00,2069.63,2069.87,2069.63,2069.87,0.01,16.34,33853.61,1
2023-01-05,2023-01-05 12:25:00,2069.87,2070.1,2069.87,2070.1,0.01,16.34,33853.61,1
2023-01-05,2023-01-05 12:26:00,2070.1,2070.34,2070.1,2070.34,0.01,16.34,33853.61,1
2023-01-05,2023-01-05 12:27:00,2070.34,2070.57,2070.34,2070.57,0.01,16.34,33853.61,1
2023-01-05,2023-01-05 12:28:00,2070.57,2070.8,2070.57,2070.8,0.01,16.34,33853.61,1
2023-01-05,2023-01-05 12:29:00,2070.8,2071.04,2070.8,2071.04,0.01,16.34,33853.61,1
2023-01-05,2023-01-05 12:30:00,2071.04,2071.27,2071.04,2071.27,0.01,16.34,33853.61,1
2023-01-05,2023-01-05 12:31:00,2071.27,2071.51,2071.27,2071.51,0.01,16.34,33853.61,1
2023-01-05,2023-01-05 12:32:00,2071.51,2071.74,2071.51,2071.74,0.01,16.34,33853.61,1
2023-01-05,2023-01-05 12:33:00,2071.74,2071.97,2071.74,2071.97,0.01,16.34,33853.61,1
2023-01-05,2023-01-05 12:34:00,2071.97,2072.21,2071.97,2072.21,0.01,16.34,33853.61,1
2023-01-05,2023-01-05 12:35:00,2072.21,2072.44,2072.21,2072.44,0.01,16.34,33853.61,1
2023-01-05,2023-01-05 12:36:00,2072.44,2072.67,2072.44,2072.67,0.01,16.34,33853.61,1
2023-01-05,2023-01-05 12:37:00,2072.67,2072.91,2072.67,2072.91,0.01,16.34,33853.61,1
2023-01-05,2023-01-05 12:38:00,2072.91,2073.14,2072.91,2073.14,0.01,16.34,33853.61,1
2023-01-05,2023-01-05 12:39:00,2073.14,2073.38,2073.14,2073.38,0.01,16.34,33853.61,1
2023-01-05,2023-01-05 12:40:00,2073.38,2073.61,2073.38,2073.61,0.01,16.34,33853.61,1
2023-01-05,2023-01-05 12:41:00,2073.61,2073.84,2073.61,2073.84,0.01,16.34,33853.61,1
2023-01-05,2023-01-05 12:42:00,2073.84,2074.08,2073.84,2074.08,0.01,16.34,33853.61,1
2023-01-05,2023-01-05 12:43:00,2074.08,2074.31,2074.08,2074.31,0.01,16.34,33853.61,1
2023-01-05,2023-01-05 12:44:00,2074.31,2074.54,2074.31,2074.54,0.01,16.34,33853.61,1
2023-01-05,2023-01-05 12:45:00,2074.54,2074.78,2074.54,2074.78,0.01,16.34,33853.61,1
2023-01-05,2023-01-05 12:46:00,2074.78,2075.01,2074.78,2075.01,0.01,16.34,33853.61,1
2023-01-05,2023-01-05 12:47:00,2075.01,2075.24,2075.01,2075.24,0.01,16.34,33853.61,1
2023-01-05,2023-01-05 12:48:00,2075.24,2075.48,2075.24,2075.48,0.01,16.34,33853.61,1
2023-01-05,2023-01-05 12:49:00,2075.48,2075.71,2075.48,2075.71,0.01,16.34,33853.61,1
2023-01-05,2023-01-05 12:50:00,2075.71,2075.95,2075.71,2075.95,0.01,16.34,33853.61,1
2023-01-05,2023-01-05 12:51:00,2075.95,2076.18,2075.95,2076.18,0.01,16.34,33853.61,1
2023-01-05,2023-01-05 12:52:00,2076.18,2076.41,2076.18,2076.41,0.01,16.34,33853.61,1
2023-01-05,2023-01-05 12:53:00,2076.41,2076.65,2076.41,2076.65,0.01,16.34,33853.61,1
2023-01-05,2023-01-05 12:54:00,2076.65,2076.88,2076.65,2076.88,0.01,16.34,33853.61,1
2023-01-05,2023-01-05 12:55:00,2076.88,2077.11,2076.88,2077.11,0.01,16.34,33853.61,1
2023-01-05,2023-01-05 12:56:00,2077.11,2077.35,2077.11,2077.35,0.01,16.34,33853.61,1
2023-01-05,2023-01-05 12:57:00,2077.35,2077.58,2077.35,2077.58,0.01,16.34,33853.61,1
2023-01-05,2023-01-05 12:58:00,2077.58,2077.82,2077.58,2077.82,0.01,16.34,33853.61,1
2023-01-05,2023-01-05 12:59:00,2077.82,2078.05,2077.82,2078.05,0.01,16.34,33853.61,1
2023-01-05,2023-01-05 13:00:00,2078.05,2144.0,2021.0,2078.28,0.01,16.34,33853.61,1
2023-01-05,2023-01-05 13:01:00,2078.28,2078.52,2078.28,2078.52,0.01,16.34,33853.61,1
2023-01-05,2023-01-05 13:02:00,2078.52,2078.75,2078.52,2078.75,0.01,16.34,33853.61,1
2023-01-05,2023-01-05 13:03:00,2078.75,2078.99,2078.75,2078.99,0.01,16.34,33853.61,1
2023-01-05,2023-01-05 13:04:00,2078.99,2079.22,2078.99,2079.22,0.01,16.34,33853.61,1
2023-01-05,2023-01-05 13:05:00,2079.22,2079.45,2079.22,2079.45,0.01,16.34,33853.61,1
2023-01-05,2023-01-05 13:06:00,2079.45,2079.69,2079.45,2079.69,0.01,16.34,33853.61,1
2023-01-05,2023-01-05 13:07:00,2079.69,2079.92,2079.69,2079.92,0.01,16.34,33853.61,1
2023-01-05,2023-01-05 13:08:00,2079.92,2080.15,2079.92,2080.15,0.01,16.34,33853.61,1
2023-01-05,2023-01-05 13:09:00,2080.15,2080.39,2080.15,2080.39,0.01,16.34,33853.61,1
2023-01-05,2023-01-05 13:10:00,2080.39,2080.62,2080.39,2080.62,0.01,16.34,33853.61,1
2023-01-05,2023-01-05 13:11:00,2080.62,2080.86,2080.62,2080.86,0.01,16.34,33853.61,1
2023-01-05,2023-01-05 13:12:00,2080.86,2081.09,2080.86,2081.09,0.01,16.34,33853.61,1
2023-01-05,2023-01-05 13:13:00,2081.09,2081.32,2081.09,2081.32,0.01,16.34,33853.61,1
2023-01-05,2023-01-05 13:14:00,2081.32,2081.56,2081.32,2081.56,0.01,16.34,33853.61,1
2023-01-05,2023-01-05 13:15:00,2081.56,2081.79,2081.56,2081.79,0.01,16.34,33853.61,1
2023-01-05,2023-01-05 13:16:00,2081.79,2082.02,2081.79,2082.02,0.01,16.34,33853.61,1
2023-01-05,2023-01-05 13:17:00,2082.02,2082.26,2082.02,2082.26,0.01,16.34,33853.61,1
2023-01-05,2023-01-05 13:18:00,2082.26,2082.49,2082.26,2082.49,0.01,16.34,33853.61,1
2023-01-05,2023-01-05 13:19:00,2082.49,2082.72,2082.49,2082.72,0.01,16.34,33853.61,1
2023-01-05,2023-01-05 13:20:00,2082.72,2082.96,2082.72,2082.96,0.01,16.34,33853.61,1
2023-01-05,2023-01-05 13:21:00,2082.96,2083.19,2082.96,2083.19,0.01,16.34,33853.61,1
2023-01-05,2023-01-05 13:22:00,2083.19,2083.43,2083.19,2083.43,0.01,16.34,33853.61,1
2023-01-05,2023-01-05 13:23:00,2083.43,2083.66,2083.43,2083.66,0.01,16.34,33853.61,1
2023-01-05,2023-01-05 13:24:00,2083.66,2083.89,2083.66,2083.89,0.01,16.34,33853.61,1
2023-01-05,2023-01-05 13:25:00,2083.89,2084.13,2083.89,2084.13,0.01,16.34,33853.61,1
2023-01-05,2023-01-05 13:26:00,2084.13,2084.36,2084.13,2084.36,0.01,16.34,33853.61,1
2023-01-05,2023-01-05 13:27:00,2084.36,2084.59,2084.36,2084.59,0.01,16.34,33853.61,1
2023-01-05,2023-01-05 13:28:00,2084.59,2084.83,2084.59,2084.83,0.01,16.34,33853.61,1
2023-01-05,2023-01-05 13:29:00,2084.83,2085.06,2084.83,2085.06,0.01,16.34,33853.61,1
2023-01-05,2023-01-05 13:30:00,2085.06,2085.3,2085.06,2085.3,0.01,16.34,33853.61,1
2023-01-05,2023-01-05 13:31:00,2085.3,2085.53,2085.3,2085.53,0.01,16.34,33853.61,1
2023-01-05,2023-01-05 13:32:00,2085.53,2085.76,2085.53,2085.76,0.01,16.34,33853.61,1
2023-01-05,2023-01-05 13:33:00,2085.76,2086.0,2085.76,2086.0,0.01,16.34,33853.61,1
2023-01-05,2023-01-05 13:34:00,2086.0,2086.23,2086.0,2086.23,0.01,16.34,33853.61,1
2023-01-05,2023-01-05 13:35:00,2086.23,2086.47,2086.23,2086.47,0.01,16.34,33853.61,1
2023-01-05,2023-01-05 13:36:00,2086.47,2086.7,2086.47,2086.7,0.01,16.34,33853.61,1
2023-01-05,2023-01-05 13:37:00,2086.7,2086.93,2086.7,2086.93,0.01,16.34,33853.61,1
2023-01-05,2023-01-05 13:38:00,2086.93,2087.17,2086.93,2087.17,0.01,16.34,33853.61,1
2023-01-05,2023-01-05 13:39:00,2087.17,2087.4,2087.17,2087.4,0.01,16.34,33853.61,1
2023-01-05,2023-01-05 13:40:00,2087.4,2087.63,2087.4,2087.63,0.01,16.34,33853.61,1
2023-01-05,2023-01-05 13:41:00,2087.63,2087.87,2087.63,2087.87,0.01,16.34,33853.61,1
2023-01-05,2023-01-05 13:42:00,2087.87,2088.1,2087.87,2088.1,0.01,16.34,33853.61,1
2023-01-05,2023-01-05 13:43:00,2088.1,2088.34,2088.1,2088.34,0.01,16.34,33853.61,1
2023-01-05,2023-01-05 13:44:00,2088.34,2088.57,2088.34,2088.57,0.01,16.34,33853.61,1
2023-01-05,2023-01-05 13:45:00,2088.57,2088.8,2088.57,2088.8,0.01,16.34,33853.61,1
2023-01-05,2023-01-05 13:46:00,2088.8,2089.04,2088.8,2089.04,0.01,16.34,33853.61,1
2023-01-05,2023-01-05 13:47:00,2089.04,2089.27,2089.04,2089.27,0.01,16.34,33853.61,1
2023-01-05,2023-01-05 13:48:00,2089.27,2089.5,2089.27,2089.5,0.01,16.34,33853.61,1
2023-01-05,2023-01-05 13:49:00,2089.5,2089.74,2089.5,2089.74,0.01,16.34,33853.61,1
2023-01-05,2023-01-05 13:50:00,2089.74,2089.97,2089.74,2089.97,0.01,16.34,33853.61,1
2023-01-05,2023-01-05 13:51:00,2089.97,2090.2,2089.97,2090.2,0.01,16.34,33853.61,1
2023-01-05,2023-01-05 13:52:00,2090.2,2090.44,2090.2,2090.44,0.01,16.34,33853.61,1
2023-01-05,2023-01-05 13:53:00,2090.44,2090.67,2090.44,2090.67,0.01,16.34,33853.61,1
2023-01-05,2023-01-05 13:54:00,2090.67,2090.91,2090.67,2090.91,0.01,16.34,33853.61,1
2023-01-05,2023-01-05 13:55:00,2090.91,2091.14,2090.91,2091.14,0.01,16.34,33853.61,1
2023-01-05,2023-01-05 13:56:00,2091.14,2091.37,2091.14,2091.37,0.01,16.34,33853.61,1
2023-01-05,2023-01-05 13:57:00,2091.37,2091.61,2091.37,2091.61,0.01,16.34,33853.61,1
2023-01-05,2023-01-05 13:58:00,2091.61,2091.84,2091.61,2091.84,0.01,16.34,33853.61,1
2023-01-05,2023-01-05 13:59:00,2091.84,2092.07,2091.84,2092.07,0.01,16.34,33853.61,1
2023-01-05,2023-01-05 14:00:00,2092.07,2092.31,2092.07,2092.31,0.01,16.34,33853.61,1
2023-01-05,2023-01-05 14:01:00,2092.31,2092.54,2092.31,2092.54,0.01,16.34,33853.61,1
2023-01-05,2023-01-05 14:02:00,2092.54,2092.78,2092.54,2092.78,0.01,16.34,33853.61,1
2023-01-05,2023-01-05 14:03:00,2092.78,2093.01,2092.78,2093.01,0.01,16.34,33853.61,1
2023-01-05,2023-01-05 14:04:00,2093.01,2093.24,2093.01,2093.24,0.01,16.34,33853.61,1
2023-01-05,2023-01-05 14:05:00,2093.24,2093.48,2093.24,2093.48,0.01,16.34,33853.61,1
2023-01-05,2023-01-05 14:06:00,2093.48,2093.71,2093.48,2093.71,0.01,16.34,33853.61,1
2023-01-05,2023-01-05 14:07:00,2093.71,2093.94,2093.71,2093.94,0.01,16.34,33853.61,1
2023-01-05,2023-01-05 14:08:00,2093.94,2094.18,2093.94,2094.18,0.01,16.34,33853.61,1
2023-01-05,2023-01-05 14:09:00,2094.18,2094.41,2094.18,2094.41,0.01,16.34,33853.61,1
2023-01-05,2023-01-05 14:10:00,2094.41,2094.65,2094.41,2094.65,0.01,16.34,33853.61,1
2023-01-05,2023-01-05 14:11:00,2094.65,2094.88,2094.65,2094.88,0.01,16.34,33853.61,1
2023-01-05,2023-01-05 14:12:00,2094.88,2095.11,2094.88,2095.11,0.01,16.34,33853.61,1
2023-01-05,2023-01-05 14:13:00,2095.11,2095.35,2095.11,2095.35,0.01,16.34,33853.61,1
2023-01-05,2023-01-05 14:14:00,2095.35,2095.58,2095.35,2095.58,0.01,16.34,33853.61,1
2023-01-05,2023-01-05 14:15:00,2095.58,2095.82,2095.58,2095.82,0.01,16.34,33853.61,1
2023-01-05,2023-01-05 14:16:00,2095.82,2096.05,2095.82,2096.05,0.01,16.34,33853.61,1
2023-01-05,2023-01-05 14:17:00,2096.05,2096.28,2096.05,2096.28,0.01,16.34,33853.61,1
2023-01-05,2023-01-05 14:18:00,2096.28,2096.52,2096.28,2096.52,0.01,16.34,33853.61,1
2023-01-05,2023-01-05 14:19:00,2096.52,2096.75,2096.52,2096.75,0.01,16.34,33853.61,1
2023-01-05,2023-01-05 14:20:00,2096.75,2096.98,2096.75,2096.98,0.01,16.34,33853.61,1
2023-01-05,2023-01-05 14:21:00,2096.98,2097.22,2096.98,2097.22,0.01,16.34,33853.61,1
2023-01-05,2023-01-05 14:22:00,2097.22,2097.45,2097.22,2097.45,0.01,16.34,33853.61,1
2023-01-05,2023-01-05 14:23:00,2097.45,2097.68,2097.45,2097.68,0.01,16.34,33853.61,1
2023-01-05,2023-01-05 14:24:00,2097.68,2097.92,2097.68,2097.92,0.01,16.34,33853.61,1
2023-01-05,2023-01-05 14:25:00,2097.92,2098.15,2097.92,2098.15,0.01,16.34,33853.61,1
2023-01-05,2023-01-05 14:26:00,2098.15,2098.39,2098.15,2098.39,0.01,16.34,33853.61,1
2023-01-05,2023-01-05 14:27:00,2098.39,2098.62,2098.39,2098.62,0.01,16.34,33853.61,1
2023-01-05,2023-01-05 14:28:00,2098.62,2098.85,2098.62,2098.85,0.01,16.34,33853.61,1
2023-01-05,2023-01-05 14:29:00,2098.85,2099.09,2098.85,2099.09,0.01,16.34,33853.61,1
2023-01-05,2023-01-05 14:30:00,2099.09,2099.32,2099.09,2099.32,0.01,16.34,33853.61,1
2023-01-05,2023-01-05 14:31:00,2099.32,2099.55,2099.32,2099.55,0.01,16.34,33853.61,1
2023-01-05,2023-01-05 14:32:00,2099.55,2099.79,2099.55,2099.79,0.01,16.34,33853.61,1
2023-01-05,2023-01-05 14:33:00,2099.79,2100.02,2099.79,2100.02,0.01,16.34,33853.61,1
2023-01-05,2023-01-05 14:34:00,2100.02,2100.26,2100.02,2100.26,0.01,16.34,33853.61,1
2023-01-05,2023-01-05 14:35:00,2100.26,2100.49,2100.26,2100.49,0.01,16.34,33853.61,1
2023-01-05,2023-01-05 14:36:00,2100.49,2100.72,2100.49,2100.72,0.01,16.34,33853.61,1
2023-01-05,2023-01-05 14:37:00,2100.72,2100.96,2100.72,2100.96,0.01,16.34,33853.61,1
2023-01-05,2023-01-05 14:38:00,2100.96,2101.19,2100.96,2101.19,0.01,16.34,33853.61,1
2023-01-05,2023-01-05 14:39:00,2101.19,2101.42,2101.19,2101.42,0.01,16.34,33853.61,1
2023-01-05,2023-01-05 14:40:00,2101.42,2101.66,2101.42,2101.66,0.01,16.34,33853.61,1
2023-01-05,2023-01-05 14:41:00,2101.66,2101.89,2101.66,2101.89,0.01,16.34,33853.61,1
2023-01-05,2023-01-05 14:42:00,2101.89,2102.13,2101.89,2102.13,0.01,16.34,33853.61,1
2023-01-05,2023-01-05 14:43:00,2102.13,2102.36,2102.13,2102.36,0.01,16.34,33853.61,1
2023-01-05,2023-01-05 14:44:00,2102.36,2102.59,2102.36,2102.59,0.01,16.34,33853.61,1
2023-01-05,2023-01-05 14:45:00,2102.59,2102.83,2102.59,2102.83,0.01,16.34,33853.61,1
2023-01-05,2023-01-05 14:46:00,2102.83,2103.06,2102.83,2103.06,0.01,16.34,33853.61,1
2023-01-05,2023-01-05 14:47:00,2103.06,2103.3,2103.06,2103.3,0.01,16.34,33853.61,1
2023-01-05,2023-01-05 14:48:00,2103.3,2103.53,2103.3,2103.53,0.01,16.34,33853.61,1
2023-01-05,2023-01-05 14:49:00,2103.53,2103.76,2103.53,2103.76,0.01,16.34,33853.61,1
2023-01-05,2023-01-05 14:50:00,2103.76,2104.0,2103.76,2104.0,0.01,16.34,33853.61,1
2023-01-05,2023-01-05 14:51:00,2104.0,2104.23,2104.0,2104.23,0.01,16.34,33853.61,1
2023-01-05,2023-01-05 14:52:00,2104.23,2104.46,2104.23,2104.46,0.01,16.34,33853.61,1
2023-01-05,2023-01-05 14:53:00,2104.46,2104.7,2104.46,2104.7,0.01,16.34,33853.61,1
2023-01-05,2023-01-05 14:54:00,2104.7,2104.93,2104.7,2104.93,0.01,16.34,33853.61,1
2023-01-05,2023-01-05 14:55:00,2104.93,2105.16,2104.93,2105.16,0.01,16.34,33853.61,1
2023-01-05,2023-01-05 14:56:00,2105.16,2105.4,2105.16,2105.4,0.01,16.34,33853.61,1
2023-01-05,2023-01-05 14:57:00,2105.4,2105.63,2105.4,2105.63,0.01,16.34,33853.61,1
2023-01-05,2023-01-05 14:58:00,2105.63,2105.87,2105.63,2105.87,0.01,16.34,33853.61,1
2023-01-05,2023-01-05 14:59:00,2105.87,2106.1,2105.87,2106.1,0.01,16.34,33853.61,1
2023-01-05,2023-01-05 15:00:00,2106.1,2144.0,2021.0,2106.1,0.0,16.34,33853.61,0
2023-01-08,2023-01-08 11:00:00,2148.0,2148.0,2118.6,2147.6,-0.02,26.36,54931.64,-1
2023-01-08,2023-01-08 11:01:00,2147.6,2147.6,2147.19,2147.19,-0.02,26.36,54931.64,-1
2023-01-08,2023-01-08 11:02:00,2147.19,2147.19,2146.79,2146.79,-0.02,26.36,54931.64,-1
2023-01-08,2023-01-08 11:03:00,2146.79,2146.79,2146.38,2146.38,-0.02,26.36,54931.64,-1
2023-01-08,2023-01-08 11:04:00,2146.38,2146.38,2145.98,2145.98,-0.02,26.36,54931.64,-1
2023-01-08,2023-01-08 11:05:00,2145.98,2145.98,2145.57,2145.57,-0.02,26.36,54931.64,-1
2023-01-08,2023-01-08 11:06:00,2145.57,2145.57,2145.17,2145.17,-0.02,26.36,54931.64,-1
2023-01-08,2023-01-08 11:07:00,2145.17,2145.17,2144.77,2144.77,-0.02,26.36,54931.64,-1
2023-01-08,2023-01-08 11:08:00,2144.77,2144.77,2144.36,2144.36,-0.02,26.36,54931.64,-1
2023-01-08,2023-01-08 11:09:00,2144.36,2144.36,2143.96,2143.96,-0.02,26.36,54931.64,-1
2023-01-08,2023-01-08 11:10:00,2143.96,2143.96,2143.55,2143.55,-0.02,26.36,54931.64,-1
2023-01-08,2023-01-08 11:11:00,2143.55,2143.55,2143.15,2143.15,-0.02,26.36,54931.64,-1
2023-01-08,2023-01-08 11:12:00,2143.15,2143.15,2142.75,2142.75,-0.02,26.36,54931.64,-1
2023-01-08,2023-01-08 11:13:00,2142.75,2142.75,2142.34,2142.34,-0.02,26.36,54931.64,-1
2023-01-08,2023-01-08 11:14:00,2142.34,2142.34,2141.94,2141.94,-0.02,26.36,54931.64,-1
2023-01-08,2023-01-08 11:15:00,2141.94,2141.94,2141.53,2141.53,-0.02,26.36,54931.64,-1
2023-01-08,2023-01-08 11:16:00,2141.53,2141.53,2141.13,2141.13,-0.02,26.36,54931.64,-1
2023-01-08,2023-01-08 11:17:00,2141.13,2141.13,2140.72,2140.72,-0.02,26.36,54931.64,-1
2023-01-08,2023-01-08 11:18:00,2140.72,2140.72,2140.32,2140.32,-0.02,26.36,54931.64,-1
2023-01-08,2023-01-08 11:19:00,2140.32,2140.32,2139.92,2139.92,-0.02,26.36,54931.64,-1
2023-01-08,2023-01-08 11:20:00,2139.92,2139.92,2139.51,2139.51,-0.02,26.36,54931.64,-1
2023-01-08,2023-01-08 11:21:00,2139.51,2139.51,2139.11,2139.11,-0.02,26.36,54931.64,-1
2023-01-08,2023-01-08 11:22:00,2139.11,2139.11,2138.7,2138.7,-0.02,26.36,54931.64,-1
2023-01-08,2023-01-08 11:23:00,2138.7,2138.7,2138.3,2138.3,-0.02,26.36,54931.64,-1
2023-01-08,2023-01-08 11:24:00,2138.3,2138.3,2137.9,2137.9,-0.02,26.36,54931.64,-1
2023-01-08,2023-01-08 11:25:00,2137.9,2137.9,2137.49,2137.49,-0.02,26.36,54931.64,-1
2023-01-08,2023-01-08 11:26:00,2137.49,2137.49,2137.09,2137.09,-0.02,26.36,54931.64,-1
2023-01-08,2023-01-08 11:27:00,2137.09,2137.09,2136.68,2136.68,-0.02,26.36,54931.64,-1
2023-01-08,2023-01-08 11:28:00,2136.68,2136.68,2136.28,2136.28,-0.02,26.36,54931.64,-1
2023-01-08,2023-01-08 11:29:00,2136.28,2136.28,2135.88,2135.88,-0.02,26.36,54931.64,-1
2023-01-08,2023-01-08 11:30:00,2135.88,2135.88,2135.47,2135.47,-0.02,26.36,54931.64,-1
2023-01-08,2023-01-08 11:31:00,2135.47,2135.47,2135.07,2135.07,-0.02,26.36,54931.64,-1
2023-01-08,2023-01-08 11:32:00,2135.07,2135.07,2134.66,2134.66,-0.02,26.36,54931.64,-1
2023-01-08,2023-01-08 11:33:00,2134.66,2134.66,2134.26,2134.26,-0.02,26.36,54931.64,-1
2023-01-08,2023-01-08 11:34:00,2134.26,2134.26,2133.85,2133.85,-0.02,26.36,54931.64,-1
2023-01-08,2023-01-08 11:35:00,2133.85,2133.85,2133.45,2133.45,-0.02,26.36,54931.64,-1
2023-01-08,2023-01-08 11:36:00,2133.45,2133.45,2133.05,2133.05,-0.02,26.36,54931.64,-1
2023-01-08,2023-01-08 11:37:00,2133.05,2133.05,2132.64,2132.64,-0.02,26.36,54931.64,-1
2023-01-08,2023-01-08 11:38:00,2132.64,2132.64,2132.24,2132.24,-0.02,26.36,54931.64,-1
2023-01-08,2023-01-08 11:39:00,2132.24,2132.24,2131.83,2131.83,-0.02,26.36,54931.64,-1
2023-01-08,2023-01-08 11:40:00,2131.83,2131.83,2131.43,2131.43,-0.02,26.36,54931.64,-1
2023-01-08,2023-01-08 11:41:00,2131.43,2131.43,2131.03,2131.03,-0.02,26.36,54931.64,-1
2023-01-08,2023-01-08 11:42:00,2131.03,2131.03,2130.62,2130.62,-0.02,26.36,54931.64,-1
2023-01-08,2023-01-08 11:43:00,2130.62,2130.62,2130.22,2130.22,-0.02,26.36,54931.64,-1
2023-01-08,2023-01-08 11:44:00,2130.22,2130.22,2129.81,2129.81,-0.02,26.36,54931.64,-1
2023-01-08,2023-01-08 11:45:00,2129.81,2129.81,2129.41,2129.41,-0.02,26.36,54931.64,-1
2023-01-08,2023-01-08 11:46:00,2129.41,2129.41,2129.0,2129.0,-0.02,26.36,54931.64,-1
2023-01-08,2023-01-08 11:47:00,2129.0,2129.0,2128.6,2128.6,-0.02,26.36,54931.64,-1
2023-01-08,2023-01-08 11:48:00,2128.6,2128.6,2128.2,2128.2,-0.02,26.36,54931.64,-1
2023-01-08,2023-01-08 11:49:00,2128.2,2128.2,2127.79,2127.79,-0.02,26.36,54931.64,-1
2023-01-08,2023-01-08 11:50:00,2127.79,2127.79,2127.39,2127.39,-0.02,26.36,54931.64,-1
2023-01-08,2023-01-08 11:51:00,2127.39,2127.39,2126.98,2126.98,-0.02,26.36,54931.64,-1
2023-01-08,2023-01-08 11:52:00,2126.98,2126.98,2126.58,2126.58,-0.02,26.36,54931.64,-1
2023-01-08,2023-01-08 11:53:00,2126.58,2126.58,2126.18,2126.18,-0.02,26.36,54931.64,-1
2023-01-08,2023-01-08 11:54:00,2126.18,2126.18,2125.77,2125.77,-0.02,26.36,54931.64,-1
2023-01-08,2023-01-08 11:55:00,2125.77,2125.77,2125.37,2125.37,-0.02,26.36,54931.64,-1
2023-01-08,2023-01-08 11:56:00,2125.37,2125.37,2124.96,2124.96,-0.02,26.36,54931.64,-1
2023-01-08,2023-01-08 11:57:00,2124.96,2124.96,2124.56,2124.56,-0.02,26.36,54931.64,-1
2023-01-08,2023-01-08 11:58:00,2124.56,2124.56,2124.15,2124.15,-0.02,26.36,54931.64,-1
2023-01-08,2023-01-08 11:59:00,2124.15,2124.15,2123.75,2123.75,-0.02,26.36,54931.64,-1
2023-01-08,2023-01-08 12:00:00,2123.75,2123.75,2123.35,2123.35,-0.02,26.36,54931.64,-1
2023-01-08,2023-01-08 12:01:00,2123.35,2123.35,2122.94,2122.94,-0.02,26.36,54931.64,-1
2023-01-08,2023-01-08 12:02:00,2122.94,2122.94,2122.54,2122.54,-0.02,26.36,54931.64,-1
2023-01-08,2023-01-08 12:03:00,2122.54,2122.54,2122.13,2122.13,-0.02,26.36,54931.64,-1
2023-01-08,2023-01-08 12:04:00,2122.13,2122.13,2121.73,2121.73,-0.02,26.36,54931.64,-1
2023-01-08,2023-01-08 12:05:00,2121.73,2121.73,2121.32,2121.32,-0.02,26.36,54931.64,-1
2023-01-08,2023-01-08 12:06:00,2121.32,2121.32,2120.92,2120.92,-0.02,26.36,54931.64,-1
2023-01-08,2023-01-08 12:07:00,2120.92,2120.92,2120.52,2120.52,-0.02,26.36,54931.64,-1
2023-01-08,2023-01-08 12:08:00,2120.52,2120.52,2120.11,2120.11,-0.02,26.36,54931.64,-1
2023-01-08,2023-01-08 12:09:00,2120.11,2120.11,2119.71,2119.71,-0.02,26.36,54931.64,-1
2023-01-08,2023-01-08 12:10:00,2119.71,2119.71,2119.3,2119.3,-0.02,26.36,54931.64,-1
2023-01-08,2023-01-08 12:11:00,2119.3,2119.3,2118.9,2118.9,-0.02,26.36,54931.64,-1
2023-01-08,2023-01-08 12:12:00,2118.9,2118.9,2118.5,2118.5,-0.02,26.36,54931.64,-1
2023-01-08,2023-01-08 12:13:00,2118.5,2118.5,2118.09,2118.09,-0.02,26.36,54931.64,-1
2023-01-08,2023-01-08 12:14:00,2118.09,2118.09,2117.69,2117.69,-0.02,26.36,54931.64,-1
2023-01-08,2023-01-08 12:15:00,2117.69,2117.69,2117.28,2117.28,-0.02,26.36,54931.64,-1
2023-01-08,2023-01-08 12:16:00,2117.28,2117.28,2116.88,2116.88,-0.02,26.36,54931.64,-1
2023-01-08,2023-01-08 12:17:00,2116.88,2116.88,2116.47,2116.47,-0.02,26.36,54931.64,-1
2023-01-08,2023-01-08 12:18:00,2116.47,2116.47,2116.07,2116.07,-0.02,26.36,54931.64,-1
2023-01-08,2023-01-08 12:19:00,2116.07,2116.07,2115.67,2115.67,-0.02,26.36,54931.64,-1
2023-01-08,2023-01-08 12:20:00,2115.67,2115.67,2115.26,2115.26,-0.02,26.36,54931.64,-1
2023-01-08,2023-01-08 12:21:00,2115.26,2115.26,2114.86,2114.86,-0.02,26.36,54931.64,-1
2023-01-08,2023-01-08 12:22:00,2114.86,2114.86,2114.45,2114.45,-0.02,26.36,54931.64,-1
2023-01-08,2023-01-08 12:23:00,2114.45,2114.45,2114.05,2114.05,-0.02,26.36,54931.64,-1
2023-01-08,2023-01-08 12:24:00,2114.05,2114.05,2113.65,2113.65,-0.02,26.36,54931.64,-1
2023-01-08,2023-01-08 12:25:00,2113.65,2113.65,2113.24,2113.24,-0.02,26.36,54931.64,-1
2023-01-08,2023-01-08 12:26:00,2113.24,2113.24,2112.84,2112.84,-0.02,26.36,54931.64,-1
2023-01-08,2023-01-08 12:27:00,2112.84,2112.84,2112.43,2112.43,-0.02,26.36,54931.64,-1
2023-01-08,2023-01-08 12:28:00,2112.43,2112.43,2112.03,2112.03,-0.02,26.36,54931.64,-1
2023-01-08,2023-01-08 12:29:00,2112.03,2112.03,2111.62,2111.62,-0.02,26.36,54931.64,-1
2023-01-08,2023-01-08 12:30:00,2111.62,2111.62,2111.22,2111.22,-0.02,26.36,54931.64,-1
2023-01-08,2023-01-08 12:31:00,2111.22,2111.22,2110.82,2110.82,-0.02,26.36,54931.64,-1
2023-01-08,2023-01-08 12:32:00,2110.82,2110.82,2110.41,2110.41,-0.02,26.36,54931.64,-1
2023-01-08,2023-01-08 12:33:00,2110.41,2110.41,2110.01,2110.01,-0.02,26.36,54931.64,-1
2023-01-08,2023-01-08 12:34:00,2110.01,2110.01,2109.6,2109.6,-0.02,26.36,54931.64,-1
2023-01-08,2023-01-08 12:35:00,2109.6,2109.6,2109.2,2109.2,-0.02,26.36,54931.64,-1
2023-01-08,2023-01-08 12:36:00,2109.2,2109.2,2108.8,2108.8,-0.02,26.36,54931.64,-1
2023-01-08,2023-01-08 12:37:00,2108.8,2108.8,2108.39,2108.39,-0.02,26.36,54931.64,-1
2023-01-08,2023-01-08 12:38:00,2108.39,2108.39,2107.99,2107.99,-0.02,26.36,54931.64,-1
2023-01-08,2023-01-08 12:39:00,2107.99,2107.99,2107.58,2107.58,-0.02,26.36,54931.64,-1
2023-01-08,2023-01-08 12:40:00,2107.58,2107.58,2107.18,2107.18,-0.02,26.36,54931.64,-1
2023-01-08,2023-01-08 12:41:00,2107.18,2107.18,2106.78,2106.78,-0.02,26.36,54931.64,-1
2023-01-08,2023-01-08 12:42:00,2106.78,2106.78,2106.37,2106.37,-0.02,26.36,54931.64,-1
2023-01-08,2023-01-08 12:43:00,2106.37,2106.37,2105.97,2105.97,-0.02,26.36,54931.64,-1
2023-01-08,2023-01-08 12:44:00,2105.97,2105.97,2105.56,2105.56,-0.02,26.36,54931.64,-1
2023-01-08,2023-01-08 12:45:00,2105.56,2105.56,2105.16,2105.16,-0.02,26.36,54931.64,-1
2023-01-08,2023-01-08 12:46:00,2105.16,2105.16,2104.75,2104.75,-0.02,26.36,54931.64,-1
2023-01-08,2023-01-08 12:47:00,2104.75,2104.75,2104.35,2104.35,-0.02,26.36,54931.64,-1
2023-01-08,2023-01-08 12:48:00,2104.35,2104.35,2103.95,2103.95,-0.02,26.36,54931.64,-1
2023-01-08,2023-01-08 12:49:00,2103.95,2103.95,2103.54,2103.54,-0.02,26.36,54931.64,-1
2023-01-08,2023-01-08 12:50:00,2103.54,2103.54,2103.14,2103.14,-0.02,26.36,54931.64,-1
2023-01-08,2023-01-08 12:51:00,2103.14,2103.14,2102.73,2102.73,-0.02,26.36,54931.64,-1
2023-01-08,2023-01-08 12:52:00,2102.73,2102.73,2102.33,2102.33,-0.02,26.36,54931.64,-1
2023-01-08,2023-01-08 12:53:00,2102.33,2102.33,2101.93,2101.93,-0.02,26.36,54931.64,-1
2023-01-08,2023-01-08 12:54:00,2101.93,2101.93,2101.52,2101.52,-0.02,26.36,54931.64,-1
2023-01-08,2023-01-08 12:55:00,2101.52,2101.52,2101.12,2101.12,-0.02,26.36,54931.64,-1
2023-01-08,2023-01-08 12:56:00,2101.12,2101.12,2100.71,2100.71,-0.02,26.36,54931.64,-1
2023-01-08,2023-01-08 12:57:00,2100.71,2100.71,2100.31,2100.31,-0.02,26.36,54931.64,-1
2023-01-08,2023-01-08 12:58:00,2100.31,2100.31,2099.9,2099.9,-0.02,26.36,54931.64,-1
2023-01-08,2023-01-08 12:59:00,2099.9,2099.9,2099.5,2099.5,-0.02,26.36,54931.64,-1
2023-01-08,2023-01-08 13:00:00,2099.5,2148.0,2050.0,2099.1,-0.02,26.36,54931.64,-1
2023-01-08,2023-01-08 13:01:00,2099.1,2099.1,2098.69,2098.69,-0.02,26.36,54931.64,-1
2023-01-08,2023-01-08 13:02:00,2098.69,2098.69,2098.29,2098.29,-0.02,26.36,54931.64,-1
2023-01-08,2023-01-08 13:03:00,2098.29,2098.29,2097.88,2097.88,-0.02,26.36,54931.64,-1
2023-01-08,2023-01-08 13:04:00,2097.88,2097.88,2097.48,2097.48,-0.02,26.36,54931.64,-1
2023-01-08,2023-01-08 13:05:00,2097.48,2097.48,2097.07,2097.07,-0.02,26.36,54931.64,-1
2023-01-08,2023-01-08 13:06:00,2097.07,2097.07,2096.67,2096.67,-0.02,26.36,54931.64,-1
2023-01-08,2023-01-08 13:07:00,2096.67,2096.67,2096.27,2096.27,-0.02,26.36,54931.64,-1
2023-01-08,2023-01-08 13:08:00,2096.27,2096.27,2095.86,2095.86,-0.02,26.36,54931.64,-1
2023-01-08,2023-01-08 13:09:00,2095.86,2095.86,2095.46,2095.46,-0.02,26.36,54931.64,-1
2023-01-08,2023-01-08 13:10:00,2095.46,2095.46,2095.05,2095.05,-0.02,26.36,54931.64,-1
2023-01-08,2023-01-08 13:11:00,2095.05,2095.05,2094.65,2094.65,-0.02,26.36,54931.64,-1
2023-01-08,2023-01-08 13:12:00,2094.65,2094.65,2094.25,2094.25,-0.02,26.36,54931.64,-1
2023-01-08,2023-01-08 13:13:00,2094.25,2094.25,2093.84,2093.84,-0.02,26.36,54931.64,-1
2023-01-08,2023-01-08 13:14:00,2093.84,2093.84,2093.44,2093.44,-0.02,26.36,54931.64,-1
2023-01-08,2023-01-08 13:15:00,2093.44,2093.44,2093.03,2093.03,-0.02,26.36,54931.64,-1
2023-01-08,2023-01-08 13:16:00,2093.03,2093.03,2092.63,2092.63,-0.02,26.36,54931.64,-1
2023-01-08,2023-01-08 13:17:00,2092.63,2092.63,2092.22,2092.22,-0.02,26.36,54931.64,-1
2023-01-08,2023-01-08 13:18:00,2092.22,2092.22,2091.82,2091.82,-0.02,26.36,54931.64,-1
2023-01-08,2023-01-08 13:19:00,2091.82,2091.82,2091.42,2091.42,-0.02,26.36,54931.64,-1
2023-01-08,2023-01-08 13:20:00,2091.42,2091.42,2091.01,2091.01,-0.02,26.36,54931.64,-1
2023-01-08,2023-01-08 13:21:00,2091.01,2091.01,2090.61,2090.61,-0.02,26.36,54931.64,-1
2023-01-08,2023-01-08 13:22:00,2090.61,2090.61,2090.2,2090.2,-0.02,26.36,54931.64,-1
2023-01-08,2023-01-08 13:23:00,2090.2,2090.2,2089.8,2089.8,-0.02,26.36,54931.64,-1
2023-01-08,2023-01-08 13:24:00,2089.8,2089.8,2089.4,2089.4,-0.02,26.36,54931.64,-1
2023-01-08,2023-01-08 13:25:00,2089.4,2089.4,2088.99,2088.99,-0.02,26.36,54931.64,-1
2023-01-08,2023-01-08 13:26:00,2088.99,2088.99,2088.59,2088.59,-0.02,26.36,54931.64,-1
2023-01-08,2023-01-08 13:27:00,2088.59,2088.59,2088.18,2088.18,-0.02,26.36,54931.64,-1
2023-01-08,2023-01-08 13:28:00,2088.18,2088.18,2087.78,2087.78,-0.02,26.36,54931.64,-1
2023-01-08,2023-01-08 13:29:00,2087.78,2087.78,2087.38,2087.38,-0.02,26.36,54931.64,-1
2023-01-08,2023-01-08 13:30:00,2087.38,2087.38,2086.97,2086.97,-0.02,26.36,54931.64,-1
2023-01-08,2023-01-08 13:31:00,2086.97,2086.97,2086.57,2086.57,-0.02,26.36,54931.64,-1
2023-01-08,2023-01-08 13:32:00,2086.57,2086.57,2086.16,2086.16,-0.02,26.36,54931.64,-1
2023-01-08,2023-01-08 13:33:00,2086.16,2086.16,2085.76,2085.76,-0.02,26.36,54931.64,-1
2023-01-08,2023-01-08 13:34:00,2085.76,2085.76,2085.35,2085.35,-0.02,26.36,54931.64,-1
2023-01-08,2023-01-08 13:35:00,2085.35,2085.35,2084.95,2084.95,-0.02,26.36,54931.64,-1
2023-01-08,2023-01-08 13:36:00,2084.95,2084.95,2084.55,2084.55,-0.02,26.36,54931.64,-1
2023-01-08,2023-01-08 13:37:00,2084.55,2084.55,2084.14,2084.14,-0.02,26.36,54931.64,-1
2023-01-08,2023-01-08 13:38:00,2084.14,2084.14,2083.74,2083.74,-0.02,26.36,54931.64,-1
2023-01-08,2023-01-08 13:39:00,2083.74,2083.74,2083.33,2083.33,-0.02,26.36,54931.64,-1
2023-01-08,2023-01-08 13:40:00,2083.33,2083.33,2082.93,2082.93,-0.02,26.36,54931.64,-1
2023-01-08,2023-01-08 13:41:00,2082.93,2082.93,2082.53,2082.53,-0.02,26.36,54931.64,-1
2023-01-08,2023-01-08 13:42:00,2082.53,2082.53,2082.12,2082.12,-0.02,26.36,54931.64,-1
2023-01-08,2023-01-08 13:43:00,2082.12,2082.12,2081.72,2081.72,-0.02,26.36,54931.64,-1
2023-01-08,2023-01-08 13:44:00,2081.72,2081.72,2081.31,2081.31,-0.02,26.36,54931.64,-1
2023-01-08,2023-01-08 13:45:00,2081.31,2081.31,2080.91,2080.91,-0.02,26.36,54931.64,-1
2023-01-08,2023-01-08 13:46:00,2080.91,2080.91,2080.5,2080.5,-0.02,26.36,54931.64,-1
2023-01-08,2023-01-08 13:47:00,2080.5,2080.5,2080.1,2080.1,-0.02,26.36,54931.64,-1
2023-01-08,2023-01-08 13:48:00,2080.1,2080.1,2079.7,2079.7,-0.02,26.36,54931.64,-1
2023-01-08,2023-01-08 13:49:00,2079.7,2079.7,2079.29,2079.29,-0.02,26.36,54931.64,-1
2023-01-08,2023-01-08 13:50:00,2079.29,2079.29,2078.89,2078.89,-0.02,26.36,54931.64,-1
2023-01-08,2023-01-08 13:51:00,2078.89,2078.89,2078.48,2078.48,-0.02,26.36,54931.64,-1
2023-01-08,2023-01-08 13:52:00,2078.48,2078.48,2078.08,2078.08,-0.02,26.36,54931.64,-1
2023-01-08,2023-01-08 13:53:00,2078.08,2078.08,2077.68,2077.68,-0.02,26.36,54931.64,-1
2023-01-08,2023-01-08 13:54:00,2077.68,2077.68,2077.27,2077.27,-0.02,26.36,54931.64,-1
2023-01-08,2023-01-08 13:55:00,2077.27,2077.27,2076.87,2076.87,-0.02,26.36,54931.64,-1
2023-01-08,2023-01-08 13:56:00,2076.87,2076.87,2076.46,2076.46,-0.02,26.36,54931.64,-1
2023-01-08,2023-01-08 13:57:00,2076.46,2076.46,2076.06,2076.06,-0.02,26.36,54931.64,-1
2023-01-08,2023-01-08 13:58:00,2076.06,2076.06,2075.65,2075.65,-0.02,26.36,54931.64,-1
2023-01-08,2023-01-08 13:59:00,2075.65,2075.65,2075.25,2075.25,-0.02,26.36,54931.64,-1
2023-01-08,2023-01-08 14:00:00,2075.25,2075.25,2074.85,2074.85,-0.02,26.36,54931.64,-1
2023-01-08,2023-01-08 14:01:00,2074.85,2074.85,2074.44,2074.44,-0.02,26.36,54931.64,-1
2023-01-08,2023-01-08 14:02:00,2074.44,2074.44,2074.04,2074.04,-0.02,26.36,54931.64,-1
2023-01-08,2023-01-08 14:03:00,2074.04,2074.04,2073.63,2073.63,-0.02,26.36,54931.64,-1
2023-01-08,2023-01-08 14:04:00,2073.63,2073.63,2073.23,2073.23,-0.02,26.36,54931.64,-1
2023-01-08,2023-01-08 14:05:00,2073.23,2073.23,2072.82,2072.82,-0.02,26.36,54931.64,-1
2023-01-08,2023-01-08 14:06:00,2072.82,2072.82,2072.42,2072.42,-0.02,26.36,54931.64,-1
2023-01-08,2023-01-08 14:07:00,2072.42,2072.42,2072.02,2072.02,-0.02,26.36,54931.64,-1
2023-01-08,2023-01-08 14:08:00,2072.02,2072.02,2071.61,2071.61,-0.02,26.36,54931.64,-1
2023-01-08,2023-01-08 14:09:00,2071.61,2071.61,2071.21,2071.21,-0.02,26.36,54931.64,-1
2023-01-08,2023-01-08 14:10:00,2071.21,2071.21,2070.8,2070.8,-0.02,26.36,54931.64,-1
2023-01-08,2023-01-08 14:11:00,2070.8,2070.8,2070.4,2070.4,-0.02,26.36,54931.64,-1
2023-01-08,2023-01-08 14:12:00,2070.4,2070.4,2070.0,2070.0,-0.02,26.36,54931.64,-1
2023-01-08,2023-01-08 14:13:00,2070.0,2070.0,2069.59,2069.59,-0.02,26.36,54931.64,-1
2023-01-08,2023-01-08 14:14:00,2069.59,2069.59,2069.19,2069.19,-0.02,26.36,54931.64,-1
2023-01-08,2023-01-08 14:15:00,2069.19,2069.19,2068.78,2068.78,-0.02,26.36,54931.64,-1
2023-01-08,2023-01-08 14:16:00,2068.78,2068.78,2068.38,2068.38,-0.02,26.36,54931.64,-1
2023-01-08,2023-01-08 14:17:00,2068.38,2068.38,2067.97,2067.97,-0.02,26.36,54931.64,-1
2023-01-08,2023-01-08 14:18:00,2067.97,2067.97,2067.57,2067.57,-0.02,26.36,54931.64,-1
2023-01-08,2023-01-08 14:19:00,2067.57,2067.57,2067.17,2067.17,-0.02,26.36,54931.64,-1
2023-01-08,2023-01-08 14:20:00,2067.17,2067.17,2066.76,2066.76,-0.02,26.36,54931.64,-1
2023-01-08,2023-01-08 14:21:00,2066.76,2066.76,2066.36,2066.36,-0.02,26.36,54931.64,-1
2023-01-08,2023-01-08 14:22:00,2066.36,2066.36,2065.95,2065.95,-0.02,26.36,54931.64,-1
2023-01-08,2023-01-08 14:23:00,2065.95,2065.95,2065.55,2065.55,-0.02,26.36,54931.64,-1
2023-01-08,2023-01-08 14:24:00,2065.55,2065.55,2065.15,2065.15,-0.02,26.36,54931.64,-1
2023-01-08,2023-01-08 14:25:00,2065.15,2065.15,2064.74,2064.74,-0.02,26.36,54931.64,-1
2023-01-08,2023-01-08 14:26:00,2064.74,2064.74,2064.34,2064.34,-0.02,26.36,54931.64,-1
2023-01-08,2023-01-08 14:27:00,2064.34,2064.34,2063.93,2063.93,-0.02,26.36,54931.64,-1
2023-01-08,2023-01-08 14:28:00,2063.93,2063.93,2063.53,2063.53,-0.02,26.36,54931.64,-1
2023-01-08,2023-01-08 14:29:00,2063.53,2063.53,2063.12,2063.12,-0.02,26.36,54931.64,-1
2023-01-08,2023-01-08 14:30:00,2063.12,2063.12,2062.72,2062.72,-0.02,26.36,54931.64,-1
2023-01-08,2023-01-08 14:31:00,2062.72,2062.72,2062.32,2062.32,-0.02,26.36,54931.64,-1
2023-01-08,2023-01-08 14:32:00,2062.32,2062.32,2061.91,2061.91,-0.02,26.36,54931.64,-1
2023-01-08,2023-01-08 14:33:00,2061.91,2061.91,2061.51,2061.51,-0.02,26.36,54931.64,-1
2023-01-08,2023-01-08 14:34:00,2061.51,2061.51,2061.1,2061.1,-0.02,26.36,54931.64,-1
2023-01-08,2023-01-08 14:35:00,2061.1,2061.1,2060.7,2060.7,-0.02,26.36,54931.64,-1
2023-01-08,2023-01-08 14:36:00,2060.7,2060.7,2060.3,2060.3,-0.02,26.36,54931.64,-1
2023-01-08,2023-01-08 14:37:00,2060.3,2060.3,2059.89,2059.89,-0.02,26.36,54931.64,-1
2023-01-08,2023-01-08 14:38:00,2059.89,2059.89,2059.49,2059.49,-0.02,26.36,54931.64,-1
2023-01-08,2023-01-08 14:39:00,2059.49,2059.49,2059.08,2059.08,-0.02,26.36,54931.64,-1
2023-01-08,2023-01-08 14:40:00,2059.08,2059.08,2058.68,2058.68,-0.02,26.36,54931.64,-1
2023-01-08,2023-01-08 14:41:00,2058.68,2058.68,2058.28,2058.28,-0.02,26.36,54931.64,-1
2023-01-08,2023-01-08 14:42:00,2058.28,2058.28,2057.87,2057.87,-0.02,26.36,54931.64,-1
2023-01-08,2023-01-08 14:43:00,2057.87,2057.87,2057.47,2057.47,-0.02,26.36,54931.64,-1
2023-01-08,2023-01-08 14:44:00,2057.47,2057.47,2057.06,2057.06,-0.02,26.36,54931.64,-1
2023-01-08,2023-01-08 14:45:00,2057.06,2057.06,2056.66,2056.66,-0.02,26.36,54931.64,-1
2023-01-08,2023-01-08 14:46:00,2056.66,2056.66,2056.25,2056.25,-0.02,26.36,54931.64,-1
2023-01-08,2023-01-08 14:47:00,2056.25,2056.25,2055.85,2055.85,-0.02,26.36,54931.64,-1
2023-01-08,2023-01-08 14:48:00,2055.85,2055.85,2055.45,2055.45,-0.02,26.36,54931.64,-1
2023-01-08,2023-01-08 14:49:00,2055.45,2055.45,2055.04,2055.04,-0.02,26.36,54931.64,-1
2023-01-08,2023-01-08 14:50:00,2055.04,2055.04,2054.64,2054.64,-0.02,26.36,54931.64,-1
2023-01-08,2023-01-08 14:51:00,2054.64,2054.64,2054.23,2054.23,-0.02,26.36,54931.64,-1
2023-01-08,2023-01-08 14:52:00,2054.23,2054.23,2053.83,2053.83,-0.02,26.36,54931.64,-1
2023-01-08,2023-01-08 14:53:00,2053.83,2053.83,2053.43,2053.43,-0.02,26.36,54931.64,-1
2023-01-08,2023-01-08 14:54:00,2053.43,2053.43,2053.02,2053.02,-0.02,26.36,54931.64,-1
2023-01-08,2023-01-08 14:55:00,2053.02,2053.02,2052.62,2052.62,-0.02,26.36,54931.64,-1
2023-01-08,2023-01-08 14:56:00,2052.62,2052.62,2052.21,2052.21,-0.02,26.36,54931.64,-1
2023-01-08,2023-01-08 14:57:00,2052.21,2052.21,2051.81,2051.81,-0.02,26.36,54931.64,-1
2023-01-08,2023-01-08 14:58:00,2051.81,2051.81,2051.4,2051.4,-0.02,26.36,54931.64,-1
2023-01-08,2023-01-08 14:59:00,2051.4,2051.4,2051.0,2051.0,-0.02,26.36,54931.64,-1
2023-01-08,2023-01-08 15:00:00,2051.0,2148.0,2050.0,2051.0,0.0,26.36,54931.64,0
2023-01-09,2023-01-09 11:00:00,2050.0,2050.0,2039.26,2049.87,-0.01,22.32,45204.29,-1
2023-01-09,2023-01-09 11:01:00,2049.87,2049.87,2049.73,2049.73,-0.01,22.32,45204.29,-1
2023-01-09,2023-01-09 11:02:00,2049.73,2049.73,2049.6,2049.6,-0.01,22.32,45204.29,-1
2023-01-09,2023-01-09 11:03:00,2049.6,2049.6,2049.47,2049.47,-0.01,22.32,45204.29,-1
2023-01-09,2023-01-09 11:04:00,2049.47,2049.47,2049.33,2049.33,-0.01,22.32,45204.29,-1
2023-01-09,2023-01-09 11:05:00,2049.33,2049.33,2049.2,2049.2,-0.01,22.32,45204.29,-1
2023-01-09,2023-01-09 11:06:00,2049.2,2049.2,2049.07,2049.07,-0.01,22.32,45204.29,-1
2023-01-09,2023-01-09 11:07:00,2049.07,2049.07,2048.93,2048.93,-0.01,22.32,45204.29,-1
2023-01-09,2023-01-09 11:08:00,2048.93,2048.93,2048.8,2048.8,-0.01,22.32,45204.29,-1
2023-01-09,2023-01-09 11:09:00,2048.8,2048.8,2048.67,2048.67,-0.01,22.32,45204.29,-1
2023-01-09,2023-01-09 11:10:00,2048.67,2048.67,2048.53,2048.53,-0.01,22.32,45204.29,-1
2023-01-09,2023-01-09 11:11:00,2048.53,2048.53,2048.4,2048.4,-0.01,22.32,45204.29,-1
2023-01-09,2023-01-09 11:12:00,2048.4,2048.4,2048.27,2048.27,-0.01,22.32,45204.29,-1
2023-01-09,2023-01-09 11:13:00,2048.27,2048.27,2048.13,2048.13,-0.01,22.32,45204.29,-1
2023-01-09,2023-01-09 11:14:00,2048.13,2048.13,2048.0,2048.0,-0.01,22.32,45204.29,-1
2023-01-09,2023-01-09 11:15:00,2048.0,2048.0,2047.87,2047.87,-0.01,22.32,45204.29,-1
2023-01-09,2023-01-09 11:16:00,2047.87,2047.87,2047.73,2047.73,-0.01,22.32,45204.29,-1
2023-01-09,2023-01-09 11:17:00,2047.73,2047.73,2047.6,2047.6,-0.01,22.32,45204.29,-1
2023-01-09,2023-01-09 11:18:00,2047.6,2047.6,2047.47,2047.47,-0.01,22.32,45204.29,-1
2023-01-09,2023-01-09 11:19:00,2047.47,2047.47,2047.33,2047.33,-0.01,22.32,45204.29,-1
2023-01-09,2023-01-09 11:20:00,2047.33,2047.33,2047.2,2047.2,-0.01,22.32,45204.29,-1
2023-01-09,2023-01-09 11:21:00,2047.2,2047.2,2047.07,2047.07,-0.01,22.32,45204.29,-1
2023-01-09,2023-01-09 11:22:00,2047.07,2047.07,2046.93,2046.93,-0.01,22.32,45204.29,-1
2023-01-09,2023-01-09 11:23:00,2046.93,2046.93,2046.8,2046.8,-0.01,22.32,45204.29,-1
2023-01-09,2023-01-09 11:24:00,2046.8,2046.8,2046.67,2046.67,-0.01,22.32,45204.29,-1
2023-01-09,2023-01-09 11:25:00,2046.67,2046.67,2046.53,2046.53,-0.01,22.32,45204.29,-1
2023-01-09,2023-01-09 11:26:00,2046.53,2046.53,2046.4,2046.4,-0.01,22.32,45204.29,-1
2023-01-09,2023-01-09 11:27:00,2046.4,2046.4,2046.27,2046.27,-0.01,22.32,45204.29,-1
2023-01-09,2023-01-09 11:28:00,2046.27,2046.27,2046.13,2046.13,-0.01,22.32,45204.29,-1
2023-01-09,2023-01-09 11:29:00,2046.13,2046.13,2046.0,2046.0,-0.01,22.32,45204.29,-1
2023-01-09,2023-01-09 11:30:00,2046.0,2046.0,2045.87,2045.87,-0.01,22.32,45204.29,-1
2023-01-09,2023-01-09 11:31:00,2045.87,2045.87,2045.73,2045.73,-0.01,22.32,45204.29,-1
2023-01-09,2023-01-09 11:32:00,2045.73,2045.73,2045.6,2045.6,-0.01,22.32,45204.29,-1
2023-01-09,2023-01-09 11:33:00,2045.6,2045.6,2045.47,2045.47,-0.01,22.32,45204.29,-1
2023-01-09,2023-01-09 11:34:00,2045.47,2045.47,2045.33,2045.33,-0.01,22.32,45204.29,-1
2023-01-09,2023-01-09 11:35:00,2045.33,2045.33,2045.2,2045.2,-0.01,22.32,45204.29,-1
2023-01-09,2023-01-09 11:36:00,2045.2,2045.2,2045.07,2045.07,-0.01,22.32,45204.29,-1
2023-01-09,2023-01-09 11:37:00,2045.07,2045.07,2044.93,2044.93,-0.01,22.32,45204.29,-1
2023-01-09,2023-01-09 11:38:00,2044.93,2044.93,2044.8,2044.8,-0.01,22.32,45204.29,-1
2023-01-09,2023-01-09 11:39:00,2044.8,2044.8,2044.67,2044.67,-0.01,22.32,45204.29,-1
2023-01-09,2023-01-09 11:40:00,2044.67,2044.67,2044.53,2044.53,-0.01,22.32,45204.29,-1
2023-01-09,2023-01-09 11:41:00,2044.53,2044.53,2044.4,2044.4,-0.01,22.32,45204.29,-1
2023-01-09,2023-01-09 11:42:00,2044.4,2044.4,2044.27,2044.27,-0.01,22.32,45204.29,-1
2023-01-09,2023-01-09 11:43:00,2044.27,2044.27,2044.13,2044.13,-0.01,22.32,45204.29,-1
2023-01-09,2023-01-09 11:44:00,2044.13,2044.13,2044.0,2044.0,-0.01,22.32,45204.29,-1
2023-01-09,2023-01-09 11:45:00,2044.0,2044.0,2043.87,2043.87,-0.01,22.32,45204.29,-1
2023-01-09,2023-01-09 11:46:00,2043.87,2043.87,2043.73,2043.73,-0.01,22.32,45204.29,-1
2023-01-09,2023-01-09 11:47:00,2043.73,2043.73,2043.6,2043.6,-0.01,22.32,45204.29,-1
2023-01-09,2023-01-09 11:48:00,2043.6,2043.6,2043.47,2043.47,-0.01,22.32,45204.29,-1
2023-01-09,2023-01-09 11:49:00,2043.47,2043.47,2043.33,2043.33,-0.01,22.32,45204.29,-1
2023-01-09,2023-01-09 11:50:00,2043.33,2043.33,2043.2,2043.2,-0.01,22.32,45204.29,-1
2023-01-09,2023-01-09 11:51:00,2043.2,2043.2,2043.07,2043.07,-0.01,22.32,45204.29,-1
2023-01-09,2023-01-09 11:52:00,2043.07,2043.07,2042.93,2042.93,-0.01,22.32,45204.29,-1
2023-01-09,2023-01-09 11:53:00,2042.93,2042.93,2042.8,2042.8,-0.01,22.32,45204.29,-1
2023-01-09,2023-01-09 11:54:00,2042.8,2042.8,2042.67,2042.67,-0.01,22.32,45204.29,-1
2023-01-09,2023-01-09 11:55:00,2042.67,2042.67,2042.53,2042.53,-0.01,22.32,45204.29,-1
2023-01-09,2023-01-09 11:56:00,2042.53,2042.53,2042.4,2042.4,-0.01,22.32,45204.29,-1
2023-01-09,2023-01-09 11:57:00,2042.4,2042.4,2042.27,2042.27,-0.01,22.32,45204.29,-1
2023-01-09,2023-01-09 11:58:00,2042.27,2042.27,2042.13,2042.13,-0.01,22.32,45204.29,-1
2023-01-09,2023-01-09 11:59:00,2042.13,2042.13,2042.0,2042.0,-0.01,22.32,45204.29,-1
2023-01-09,2023-01-09 12:00:00,2042.0,2042.0,2041.87,2041.87,-0.01,22.32,45204.29,-1
2023-01-09,2023-01-09 12:01:00,2041.87,2041.87,2041.73,2041.73,-0.01,22.32,45204.29,-1
2023-01-09,2023-01-09 12:02:00,2041.73,2041.73,2041.6,2041.6,-0.01,22.32,45204.29,-1
2023-01-09,2023-01-09 12:03:00,2041.6,2041.6,2041.47,2041.47,-0.01,22.32,45204.29,-1
2023-01-09,2023-01-09 12:04:00,2041.47,2041.47,2041.33,2041.33,-0.01,22.32,45204.29,-1
2023-01-09,2023-01-09 12:05:00,2041.33,2041.33,2041.2,2041.2,-0.01,22.32,45204.29,-1
2023-01-09,2023-01-09 12:06:00,2041.2,2041.2,2041.07,2041.07,-0.01,22.32,45204.29,-1
2023-01-09,2023-01-09 12:07:00,2041.07,2041.07,2040.93,2040.93,-0.01,22.32,45204.29,-1
2023-01-09,2023-01-09 12:08:00,2040.93,2040.93,2040.8,2040.8,-0.01,22.32,45204.29,-1
2023-01-09,2023-01-09 12:09:00,2040.8,2040.8,2040.67,2040.67,-0.01,22.32,45204.29,-1
2023-01-09,2023-01-09 12:10:00,2040.67,2040.67,2040.53,2040.53,-0.01,22.32,45204.29,-1
2023-01-09,2023-01-09 12:11:00,2040.53,2040.53,2040.4,2040.4,-0.01,22.32,45204.29,-1
2023-01-09,2023-01-09 12:12:00,2040.4,2040.4,2040.27,2040.27,-0.01,22.32,45204.29,-1
2023-01-09,2023-01-09 12:13:00,2040.27,2040.27,2040.13,2040.13,-0.01,22.32,45204.29,-1
2023-01-09,2023-01-09 12:14:00,2040.13,2040.13,2040.0,2040.0,-0.01,22.32,45204.29,-1
2023-01-09,2023-01-09 12:15:00,2040.0,2040.0,2039.87,2039.87,-0.01,22.32,45204.29,-1
2023-01-09,2023-01-09 12:16:00,2039.87,2039.87,2039.73,2039.73,-0.01,22.32,45204.29,-1
2023-01-09,2023-01-09 12:17:00,2039.73,2039.73,2039.6,2039.6,-0.01,22.32,45204.29,-1
2023-01-09,2023-01-09 12:18:00,2039.6,2039.6,2039.47,2039.47,-0.01,22.32,45204.29,-1
2023-01-09,2023-01-09 12:19:00,2039.47,2039.47,2039.33,2039.33,-0.01,22.32,45204.29,-1
2023-01-09,2023-01-09 12:20:00,2039.33,2039.33,2039.2,2039.2,-0.01,22.32,45204.29,-1
2023-01-09,2023-01-09 12:21:00,2039.2,2039.2,2039.07,2039.07,-0.01,22.32,45204.29,-1
2023-01-09,2023-01-09 12:22:00,2039.07,2039.07,2038.93,2038.93,-0.01,22.32,45204.29,-1
2023-01-09,2023-01-09 12:23:00,2038.93,2038.93,2038.8,2038.8,-0.01,22.32,45204.29,-1
2023-01-09,2023-01-09 12:24:00,2038.8,2038.8,2038.67,2038.67,-0.01,22.32,45204.29,-1
2023-01-09,2023-01-09 12:25:00,2038.67,2038.67,2038.53,2038.53,-0.01,22.32,45204.29,-1
2023-01-09,2023-01-09 12:26:00,2038.53,2038.53,2038.4,2038.4,-0.01,22.32,45204.29,-1
2023-01-09,2023-01-09 12:27:00,2038.4,2038.4,2038.27,2038.27,-0.01,22.32,45204.29,-1
2023-01-09,2023-01-09 12:28:00,2038.27,2038.27,2038.13,2038.13,-0.01,22.32,45204.29,-1
2023-01-09,2023-01-09 12:29:00,2038.13,2038.13,2038.0,2038.0,-0.01,22.32,45204.29,-1
2023-01-09,2023-01-09 12:30:00,2038.0,2038.0,2037.87,2037.87,-0.01,22.32,45204.29,-1
2023-01-09,2023-01-09 12:31:00,2037.87,2037.87,2037.73,2037.73,-0.01,22.32,45204.29,-1
2023-01-09,2023-01-09 12:32:00,2037.73,2037.73,2037.6,2037.6,-0.01,22.32,45204.29,-1
2023-01-09,2023-01-09 12:33:00,2037.6,2037.6,2037.47,2037.47,-0.01,22.32,45204.29,-1
2023-01-09,2023-01-09 12:34:00,2037.47,2037.47,2037.33,2037.33,-0.01,22.32,45204.29,-1
2023-01-09,2023-01-09 12:35:00,2037.33,2037.33,2037.2,2037.2,-0.01,22.32,45204.29,-1
2023-01-09,2023-01-09 12:36:00,2037.2,2037.2,2037.07,2037.07,-0.01,22.32,45204.29,-1
2023-01-09,2023-01-09 12:37:00,2037.07,2037.07,2036.93,2036.93,-0.01,22.32,45204.29,-1
2023-01-09,2023-01-09 12:38:00,2036.93,2036.93,2036.8,2036.8,-0.01,22.32,45204.29,-1
2023-01-09,2023-01-09 12:39:00,2036.8,2036.8,2036.67,2036.67,-0.01,22.32,45204.29,-1
2023-01-09,2023-01-09 12:40:00,2036.67,2036.67,2036.53,2036.53,-0.01,22.32,45204.29,-1
2023-01-09,2023-01-09 12:41:00,2036.53,2036.53,2036.4,2036.4,-0.01,22.32,45204.29,-1
2023-01-09,2023-01-09 12:42:00,2036.4,2036.4,2036.27,2036.27,-0.01,22.32,45204.29,-1
2023-01-09,2023-01-09 12:43:00,2036.27,2036.27,2036.13,2036.13,-0.01,22.32,45204.29,-1
2023-01-09,2023-01-09 12:44:00,2036.13,2036.13,2036.0,2036.0,-0.01,22.32,45204.29,-1
2023-01-09,2023-01-09 12:45:00,2036.0,2036.0,2035.87,2035.87,-0.01,22.32,45204.29,-1
2023-01-09,2023-01-09 12:46:00,2035.87,2035.87,2035.73,2035.73,-0.01,22.32,45204.29,-1
2023-01-09,2023-01-09 12:47:00,2035.73,2035.73,2035.6,2035.6,-0.01,22.32,45204.29,-1
2023-01-09,2023-01-09 12:48:00,2035.6,2035.6,2035.47,2035.47,-0.01,22.32,45204.29,-1
2023-01-09,2023-01-09 12:49:00,2035.47,2035.47,2035.33,2035.33,-0.01,22.32,45204.29,-1
2023-01-09,2023-01-09 12:50:00,2035.33,2035.33,2035.2,2035.2,-0.01,22.32,45204.29,-1
2023-01-09,2023-01-09 12:51:00,2035.2,2035.2,2035.07,2035.07,-0.01,22.32,45204.29,-1
2023-01-09,2023-01-09 12:52:00,2035.07,2035.07,2034.93,2034.93,-0.01,22.32,45204.29,-1
2023-01-09,2023-01-09 12:53:00,2034.93,2034.93,2034.8,2034.8,-0.01,22.32,45204.29,-1
2023-01-09,2023-01-09 12:54:00,2034.8,2034.8,2034.67,2034.67,-0.01,22.32,45204.29,-1
2023-01-09,2023-01-09 12:55:00,2034.67,2034.67,2034.53,2034.53,-0.01,22.32,45204.29,-1
2023-01-09,2023-01-09 12:56:00,2034.53,2034.53,2034.4,2034.4,-0.01,22.32,45204.29,-1
2023-01-09,2023-01-09 12:57:00,2034.4,2034.4,2034.27,2034.27,-0.01,22.32,45204.29,-1
2023-01-09,2023-01-09 12:58:00,2034.27,2034.27,2034.13,2034.13,-0.01,22.32,45204.29,-1
2023-01-09,2023-01-09 12:59:00,2034.13,2034.13,2034.0,2034.0,-0.01,22.32,45204.29,-1
2023-01-09,2023-01-09 13:00:00,2034.0,2050.0,2014.2,2033.87,-0.01,22.32,45204.29,-1
2023-01-09,2023-01-09 13:01:00,2033.87,2033.87,2033.73,2033.73,-0.01,22.32,45204.29,-1
2023-01-09,2023-01-09 13:02:00,2033.73,2033.73,2033.6,2033.6,-0.01,22.32,45204.29,-1
2023-01-09,2023-01-09 13:03:00,2033.6,2033.6,2033.47,2033.47,-0.01,22.32,45204.29,-1
2023-01-09,2023-01-09 13:04:00,2033.47,2033.47,2033.33,2033.33,-0.01,22.32,45204.29,-1
2023-01-09,2023-01-09 13:05:00,2033.33,2033.33,2033.2,2033.2,-0.01,22.32,45204.29,-1
2023-01-09,2023-01-09 13:06:00,2033.2,2033.2,2033.07,2033.07,-0.01,22.32,45204.29,-1
2023-01-09,2023-01-09 13:07:00,2033.07,2033.07,2032.93,2032.93,-0.01,22.32,45204.29,-1
2023-01-09,2023-01-09 13:08:00,2032.93,2032.93,2032.8,2032.8,-0.01,22.32,45204.29,-1
2023-01-09,2023-01-09 13:09:00,2032.8,2032.8,2032.67,2032.67,-0.01,22.32,45204.29,-1
2023-01-09,2023-01-09 13:10:00,2032.67,2032.67,2032.53,2032.53,-0.01,22.32,45204.29,-1
2023-01-09,2023-01-09 13:11:00,2032.53,2032.53,2032.4,2032.4,-0.01,22.32,45204.29,-1
2023-01-09,2023-01-09 13:12:00,2032.4,2032.4,2032.27,2032.27,-0.01,22.32,45204.29,-1
2023-01-09,2023-01-09 13:13:00,2032.27,2032.27,2032.13,2032.13,-0.01,22.32,45204.29,-1
2023-01-09,2023-01-09 13:14:00,2032.13,2032.13,2032.0,2032.0,-0.01,22.32,45204.29,-1
2023-01-09,2023-01-09 13:15:00,2032.0,2032.0,2031.87,2031.87,-0.01,22.32,45204.29,-1
2023-01-09,2023-01-09 13:16:00,2031.87,2031.87,2031.73,2031.73,-0.01,22.32,45204.29,-1
2023-01-09,2023-01-09 13:17:00,2031.73,2031.73,2031.6,2031.6,-0.01,22.32,45204.29,-1
2023-01-09,2023-01-09 13:18:00,2031.6,2031.6,2031.47,2031.47,-0.01,22.32,45204.29,-1
2023-01-09,2023-01-09 13:19:00,2031.47,2031.47,2031.33,2031.33,-0.01,22.32,45204.29,-1
2023-01-09,2023-01-09 13:20:00,2031.33,2031.33,2031.2,2031.2,-0.01,22.32,45204.29,-1
2023-01-09,2023-01-09 13:21:00,2031.2,2031.2,2031.07,2031.07,-0.01,22.32,45204.29,-1
2023-01-09,2023-01-09 13:22:00,2031.07,2031.07,2030.93,2030.93,-0.01,22.32,45204.29,-1
2023-01-09,2023-01-09 13:23:00,2030.93,2030.93,2030.8,2030.8,-0.01,22.32,45204.29,-1
2023-01-09,2023-01-09 13:24:00,2030.8,2030.8,2030.67,2030.67,-0.01,22.32,45204.29,-1
2023-01-09,2023-01-09 13:25:00,2030.67,2030.67,2030.53,2030.53,-0.01,22.32,45204.29,-1
2023-01-09,2023-01-09 13:26:00,2030.53,2030.53,2030.4,2030.4,-0.01,22.32,45204.29,-1
2023-01-09,2023-01-09 13:27:00,2030.4,2030.4,2030.27,2030.27,-0.01,22.32,45204.29,-1
2023-01-09,2023-01-09 13:28:00,2030.27,2030.27,2030.13,2030.13,-0.01,22.32,45204.29,-1
2023-01-09,2023-01-09 13:29:00,2030.13,2030.13,2030.0,2030.0,-0.01,22.32,45204.29,-1
2023-01-09,2023-01-09 13:30:00,2030.0,2030.0,2029.87,2029.87,-0.01,22.32,45204.29,-1
2023-01-09,2023-01-09 13:31:00,2029.87,2029.87,2029.73,2029.73,-0.01,22.32,45204.29,-1
2023-01-09,2023-01-09 13:32:00,2029.73,2029.73,2029.6,2029.6,-0.01,22.32,45204.29,-1
2023-01-09,2023-01-09 13:33:00,2029.6,2029.6,2029.47,2029.47,-0.01,22.32,45204.29,-1
2023-01-09,2023-01-09 13:34:00,2029.47,2029.47,2029.33,2029.33,-0.01,22.32,45204.29,-1
2023-01-09,2023-01-09 13:35:00,2029.33,2029.33,2029.2,2029.2,-0.01,22.32,45204.29,-1
2023-01-09,2023-01-09 13:36:00,2029.2,2029.2,2029.07,2029.07,-0.01,22.32,45204.29,-1
2023-01-09,2023-01-09 13:37:00,2029.07,2029.07,2028.93,2028.93,-0.01,22.32,45204.29,-1
2023-01-09,2023-01-09 13:38:00,2028.93,2028.93,2028.8,2028.8,-0.01,22.32,45204.29,-1
2023-01-09,2023-01-09 13:39:00,2028.8,2028.8,2028.67,2028.67,-0.01,22.32,45204.29,-1
2023-01-09,2023-01-09 13:40:00,2028.67,2028.67,2028.53,2028.53,-0.01,22.32,45204.29,-1
2023-01-09,2023-01-09 13:41:00,2028.53,2028.53,2028.4,2028.4,-0.01,22.32,45204.29,-1
2023-01-09,2023-01-09 13:42:00,2028.4,2028.4,2028.27,2028.27,-0.01,22.32,45204.29,-1
2023-01-09,2023-01-09 13:43:00,2028.27,2028.27,2028.13,2028.13,-0.01,22.32,45204.29,-1
2023-01-09,2023-01-09 13:44:00,2028.13,2028.13,2028.0,2028.0,-0.01,22.32,45204.29,-1
2023-01-09,2023-01-09 13:45:00,2028.0,2028.0,2027.87,2027.87,-0.01,22.32,45204.29,-1
2023-01-09,2023-01-09 13:46:00,2027.87,2027.87,2027.73,2027.73,-0.01,22.32,45204.29,-1
2023-01-09,2023-01-09 13:47:00,2027.73,2027.73,2027.6,2027.6,-0.01,22.32,45204.29,-1
2023-01-09,2023-01-09 13:48:00,2027.6,2027.6,2027.47,2027.47,-0.01,22.32,45204.29,-1
2023-01-09,2023-01-09 13:49:00,2027.47,2027.47,2027.33,2027.33,-0.01,22.32,45204.29,-1
2023-01-09,2023-01-09 13:50:00,2027.33,2027.33,2027.2,2027.2,-0.01,22.32,45204.29,-1
2023-01-09,2023-01-09 13:51:00,2027.2,2027.2,2027.07,2027.07,-0.01,22.32,45204.29,-1
2023-01-09,2023-01-09 13:52:00,2027.07,2027.07,2026.93,2026.93,-0.01,22.32,45204.29,-1
2023-01-09,2023-01-09 13:53:00,2026.93,2026.93,2026.8,2026.8,-0.01,22.32,45204.29,-1
2023-01-09,2023-01-09 13:54:00,2026.8,2026.8,2026.67,2026.67,-0.01,22.32,45204.29,-1
2023-01-09,2023-01-09 13:55:00,2026.67,2026.67,2026.53,2026.53,-0.01,22.32,45204.29,-1
2023-01-09,2023-01-09 13:56:00,2026.53,2026.53,2026.4,2026.4,-0.01,22.32,45204.29,-1
2023-01-09,2023-01-09 13:57:00,2026.4,2026.4,2026.27,2026.27,-0.01,22.32,45204.29,-1
2023-01-09,2023-01-09 13:58:00,2026.27,2026.27,2026.13,2026.13,-0.01,22.32,45204.29,-1
2023-01-09,2023-01-09 13:59:00,2026.13,2026.13,2026.0,2026.0,-0.01,22.32,45204.29,-1
2023-01-09,2023-01-09 14:00:00,2026.0,2026.0,2025.87,2025.87,-0.01,22.32,45204.29,-1
2023-01-09,2023-01-09 14:01:00,2025.87,2025.87,2025.73,2025.73,-0.01,22.32,45204.29,-1
2023-01-09,2023-01-09 14:02:00,2025.73,2025.73,2025.6,2025.6,-0.01,22.32,45204.29,-1
2023-01-09,2023-01-09 14:03:00,2025.6,2025.6,2025.47,2025.47,-0.01,22.32,45204.29,-1
2023-01-09,2023-01-09 14:04:00,2025.47,2025.47,2025.33,2025.33,-0.01,22.32,45204.29,-1
2023-01-09,2023-01-09 14:05:00,2025.33,2025.33,2025.2,2025.2,-0.01,22.32,45204.29,-1
2023-01-09,2023-01-09 14:06:00,2025.2,2025.2,2025.07,2025.07,-0.01,22.32,45204.29,-1
2023-01-09,2023-01-09 14:07:00,2025.07,2025.07,2024.93,2024.93,-0.01,22.32,45204.29,-1
2023-01-09,2023-01-09 14:08:00,2024.93,2024.93,2024.8,2024.8,-0.01,22.32,45204.29,-1
2023-01-09,2023-01-09 14:09:00,2024.8,2024.8,2024.67,2024.67,-0.01,22.32,45204.29,-1
2023-01-09,2023-01-09 14:10:00,2024.67,2024.67,2024.53,2024.53,-0.01,22.32,45204.29,-1
2023-01-09,2023-01-09 14:11:00,2024.53,2024.53,2024.4,2024.4,-0.01,22.32,45204.29,-1
2023-01-09,2023-01-09 14:12:00,2024.4,2024.4,2024.27,2024.27,-0.01,22.32,45204.29,-1
2023-01-09,2023-01-09 14:13:00,2024.27,2024.27,2024.13,2024.13,-0.01,22.32,45204.29,-1
2023-01-09,2023-01-09 14:14:00,2024.13,2024.13,2024.0,2024.0,-0.01,22.32,45204.29,-1
2023-01-09,2023-01-09 14:15:00,2024.0,2024.0,2023.87,2023.87,-0.01,22.32,45204.29,-1
2023-01-09,2023-01-09 14:16:00,2023.87,2023.87,2023.73,2023.73,-0.01,22.32,45204.29,-1
2023-01-09,2023-01-09 14:17:00,2023.73,2023.73,2023.6,2023.6,-0.01,22.32,45204.29,-1
2023-01-09,2023-01-09 14:18:00,2023.6,2023.6,2023.47,2023.47,-0.01,22.32,45204.29,-1
2023-01-09,2023-01-09 14:19:00,2023.47,2023.47,2023.33,2023.33,-0.01,22.32,45204.29,-1
2023-01-09,2023-01-09 14:20:00,2023.33,2023.33,2023.2,2023.2,-0.01,22.32,45204.29,-1
2023-01-09,2023-01-09 14:21:00,2023.2,2023.2,2023.07,2023.07,-0.01,22.32,45204.29,-1
2023-01-09,2023-01-09 14:22:00,2023.07,2023.07,2022.93,2022.93,-0.01,22.32,45204.29,-1
2023-01-09,2023-01-09 14:23:00,2022.93,2022.93,2022.8,2022.8,-0.01,22.32,45204.29,-1
2023-01-09,2023-01-09 14:24:00,2022.8,2022.8,2022.67,2022.67,-0.01,22.32,45204.29,-1
2023-01-09,2023-01-09 14:25:00,2022.67,2022.67,2022.53,2022.53,-0.01,22.32,45204.29,-1
2023-01-09,2023-01-09 14:26:00,2022.53,2022.53,2022.4,2022.4,-0.01,22.32,45204.29,-1
2023-01-09,2023-01-09 14:27:00,2022.4,2022.4,2022.27,2022.27,-0.01,22.32,45204.29,-1
2023-01-09,2023-01-09 14:28:00,2022.27,2022.27,2022.13,2022.13,-0.01,22.32,45204.29,-1
2023-01-09,2023-01-09 14:29:00,2022.13,2022.13,2022.0,2022.0,-0.01,22.32,45204.29,-1
2023-01-09,2023-01-09 14:30:00,2022.0,2022.0,2021.87,2021.87,-0.01,22.32,45204.29,-1
2023-01-09,2023-01-09 14:31:00,2021.87,2021.87,2021.73,2021.73,-0.01,22.32,45204.29,-1
2023-01-09,2023-01-09 14:32:00,2021.73,2021.73,2021.6,2021.6,-0.01,22.32,45204.29,-1
2023-01-09,2023-01-09 14:33:00,2021.6,2021.6,2021.47,2021.47,-0.01,22.32,45204.29,-1
2023-01-09,2023-01-09 14:34:00,2021.47,2021.47,2021.33,2021.33,-0.01,22.32,45204.29,-1
2023-01-09,2023-01-09 14:35:00,2021.33,2021.33,2021.2,2021.2,-0.01,22.32,45204.29,-1
2023-01-09,2023-01-09 14:36:00,2021.2,2021.2,2021.07,2021.07,-0.01,22.32,45204.29,-1
2023-01-09,2023-01-09 14:37:00,2021.07,2021.07,2020.93,2020.93,-0.01,22.32,45204.29,-1
2023-01-09,2023-01-09 14:38:00,2020.93,2020.93,2020.8,2020.8,-0.01,22.32,45204.29,-1
2023-01-09,2023-01-09 14:39:00,2020.8,2020.8,2020.67,2020.67,-0.01,22.32,45204.29,-1
2023-01-09,2023-01-09 14:40:00,2020.67,2020.67,2020.53,2020.53,-0.01,22.32,45204.29,-1
2023-01-09,2023-01-09 14:41:00,2020.53,2020.53,2020.4,2020.4,-0.01,22.32,45204.29,-1
2023-01-09,2023-01-09 14:42:00,2020.4,2020.4,2020.27,2020.27,-0.01,22.32,45204.29,-1
2023-01-09,2023-01-09 14:43:00,2020.27,2020.27,2020.13,2020.13,-0.01,22.32,45204.29,-1
2023-01-09,2023-01-09 14:44:00,2020.13,2020.13,2020.0,2020.0,-0.01,22.32,45204.29,-1
2023-01-09,2023-01-09 14:45:00,2020.0,2020.0,2019.87,2019.87,-0.01,22.32,45204.29,-1
2023-01-09,2023-01-09 14:46:00,2019.87,2019.87,2019.73,2019.73,-0.01,22.32,45204.29,-1
2023-01-09,2023-01-09 14:47:00,2019.73,2019.73,2019.6,2019.6,-0.01,22.32,45204.29,-1
2023-01-09,2023-01-09 14:48:00,2019.6,2019.6,2019.47,2019.47,-0.01,22.32,45204.29,-1
2023-01-09,2023-01-09 14:49:00,2019.47,2019.47,2019.33,2019.33,-0.01,22.32,45204.29,-1
2023-01-09,2023-01-09 14:50:00,2019.33,2019.33,2019.2,2019.2,-0.01,22.32,45204.29,-1
2023-01-09,2023-01-09 14:51:00,2019.2,2019.2,2019.07,2019.07,-0.01,22.32,45204.29,-1
2023-01-09,2023-01-09 14:52:00,2019.07,2019.07,2018.93,2018.93,-0.01,22.32,45204.29,-1
2023-01-09,2023-01-09 14:53:00,2018.93,2018.93,2018.8,2018.8,-0.01,22.32,45204.29,-1
2023-01-09,2023-01-09 14:54:00,2018.8,2018.8,2018.67,2018.67,-0.01,22.32,45204.29,-1
2023-01-09,2023-01-09 14:55:00,2018.67,2018.67,2018.53,2018.53,-0.01,22.32,45204.29,-1
2023-01-09,2023-01-09 14:56:00,2018.53,2018.53,2018.4,2018.4,-0.01,22.32,45204.29,-1
2023-01-09,2023-01-09 14:57:00,2018.4,2018.4,2018.27,2018.27,-0.01,22.32,45204.29,-1
2023-01-09,2023-01-09 14:58:00,2018.27,2018.27,2018.13,2018.13,-0.01,22.32,45204.29,-1
2023-01-09,2023-01-09 14:59:00,2018.13,2018.13,2018.0,2018.0,-0.01,22.32,45204.29,-1
2023-01-09,2023-01-09 15:00:00,2018.0,2050.0,2014.2,2018.0,0.0,22.32,45204.29,0
2023-01-10,2023-01-10 11:00:00,2057.9,2057.9,2033.03,2057.56,-0.02,25.12,50208.57,-1
2023-01-10,2023-01-10 11:01:00,2057.56,2057.56,2057.22,2057.22,-0.02,25.12,50208.57,-1
2023-01-10,2023-01-10 11:02:00,2057.22,2057.22,2056.88,2056.88,-0.02,25.12,50208.57,-1
2023-01-10,2023-01-10 11:03:00,2056.88,2056.88,2056.54,2056.54,-0.02,25.12,50208.57,-1
2023-01-10,2023-01-10 11:04:00,2056.54,2056.54,2056.19,2056.19,-0.02,25.12,50208.57,-1
2023-01-10,2023-01-10 11:05:00,2056.19,2056.19,2055.85,2055.85,-0.02,25.12,50208.57,-1
2023-01-10,2023-01-10 11:06:00,2055.85,2055.85,2055.51,2055.51,-0.02,25.12,50208.57,-1
2023-01-10,2023-01-10 11:07:00,2055.51,2055.51,2055.17,2055.17,-0.02,25.12,50208.57,-1
2023-01-10,2023-01-10 11:08:00,2055.17,2055.17,2054.83,2054.83,-0.02,25.12,50208.57,-1
2023-01-10,2023-01-10 11:09:00,2054.83,2054.83,2054.49,2054.49,-0.02,25.12,50208.57,-1
2023-01-10,2023-01-10 11:10:00,2054.49,2054.49,2054.15,2054.15,-0.02,25.12,50208.57,-1
2023-01-10,2023-01-10 11:11:00,2054.15,2054.15,2053.81,2053.81,-0.02,25.12,50208.57,-1
2023-01-10,2023-01-10 11:12:00,2053.81,2053.81,2053.46,2053.46,-0.02,25.12,50208.57,-1
2023-01-10,2023-01-10 11:13:00,2053.46,2053.46,2053.12,2053.12,-0.02,25.12,50208.57,-1
2023-01-10,2023-01-10 11:14:00,2053.12,2053.12,2052.78,2052.78,-0.02,25.12,50208.57,-1
2023-01-10,2023-01-10 11:15:00,2052.78,2052.78,2052.44,2052.44,-0.02,25.12,50208.57,-1
2023-01-10,2023-01-10 11:16:00,2052.44,2052.44,2052.1,2052.1,-0.02,25.12,50208.57,-1
2023-01-10,2023-01-10 11:17:00,2052.1,2052.1,2051.76,2051.76,-0.02,25.12,50208.57,-1
2023-01-10,2023-01-10 11:18:00,2051.76,2051.76,2051.42,2051.42,-0.02,25.12,50208.57,-1
2023-01-10,2023-01-10 11:19:00,2051.42,2051.42,2051.08,2051.08,-0.02,25.12,50208.57,-1
2023-01-10,2023-01-10 11:20:00,2051.08,2051.08,2050.73,2050.73,-0.02,25.12,50208.57,-1
2023-01-10,2023-01-10 11:21:00,2050.73,2050.73,2050.39,2050.39,-0.02,25.12,50208.57,-1
2023-01-10,2023-01-10 11:22:00,2050.39,2050.39,2050.05,2050.05,-0.02,25.12,50208.57,-1
2023-01-10,2023-01-10 11:23:00,2050.05,2050.05,2049.71,2049.71,-0.02,25.12,50208.57,-1
2023-01-10,2023-01-10 11:24:00,2049.71,2049.71,2049.37,2049.37,-0.02,25.12,50208.57,-1
2023-01-10,2023-01-10 11:25:00,2049.37,2049.37,2049.03,2049.03,-0.02,25.12,50208.57,-1
2023-01-10,2023-01-10 11:26:00,2049.03,2049.03,2048.69,2048.69,-0.02,25.12,50208.57,-1
2023-01-10,2023-01-10 11:27:00,2048.69,2048.69,2048.35,2048.35,-0.02,25.12,50208.57,-1
2023-01-10,2023-01-10 11:28:00,2048.35,2048.35,2048.0,2048.0,-0.02,25.12,50208.57,-1
2023-01-10,2023-01-10 11:29:00,2048.0,2048.0,2047.66,2047.66,-0.02,25.12,50208.57,-1
2023-01-10,2023-01-10 11:30:00,2047.66,2047.66,2047.32,2047.32,-0.02,25.12,50208.57,-1
2023-01-10,2023-01-10 11:31:00,2047.32,2047.32,2046.98,2046.98,-0.02,25.12,50208.57,-1
2023-01-10,2023-01-10 11:32:00,2046.98,2046.98,2046.64,2046.64,-0.02,25.12,50208.57,-1
2023-01-10,2023-01-10 11:33:00,2046.64,2046.64,2046.3,2046.3,-0.02,25.12,50208.57,-1
2023-01-10,2023-01-10 11:34:00,2046.3,2046.3,2045.96,2045.96,-0.02,25.12,50208.57,-1
2023-01-10,2023-01-10 11:35:00,2045.96,2045.96,2045.62,2045.62,-0.02,25.12,50208.57,-1
2023-01-10,2023-01-10 11:36:00,2045.62,2045.62,2045.27,2045.27,-0.02,25.12,50208.57,-1
2023-01-10,2023-01-10 11:37:00,2045.27,2045.27,2044.93,2044.93,-0.02,25.12,50208.57,-1
2023-01-10,2023-01-10 11:38:00,2044.93,2044.93,2044.59,2044.59,-0.02,25.12,50208.57,-1
2023-01-10,2023-01-10 11:39:00,2044.59,2044.59,2044.25,2044.25,-0.02,25.12,50208.57,-1
2023-01-10,2023-01-10 11:40:00,2044.25,2044.25,2043.91,2043.91,-0.02,25.12,50208.57,-1
2023-01-10,2023-01-10 11:41:00,2043.91,2043.91,2043.57,2043.57,-0.02,25.12,50208.57,-1
2023-01-10,2023-01-10 11:42:00,2043.57,2043.57,2043.23,2043.23,-0.02,25.12,50208.57,-1
2023-01-10,2023-01-10 11:43:00,2043.23,2043.23,2042.88,2042.88,-0.02,25.12,50208.57,-1
2023-01-10,2023-01-10 11:44:00,2042.88,2042.88,2042.54,2042.54,-0.02,25.12,50208.57,-1
2023-01-10,2023-01-10 11:45:00,2042.54,2042.54,2042.2,2042.2,-0.02,25.12,50208.57,-1
2023-01-10,2023-01-10 11:46:00,2042.2,2042.2,2041.86,2041.86,-0.02,25.12,50208.57,-1
2023-01-10,2023-01-10 11:47:00,2041.86,2041.86,2041.52,2041.52,-0.02,25.12,50208.57,-1
2023-01-10,2023-01-10 11:48:00,2041.52,2041.52,2041.18,2041.18,-0.02,25.12,50208.57,-1
2023-01-10,2023-01-10 11:49:00,2041.18,2041.18,2040.84,2040.84,-0.02,25.12,50208.57,-1
2023-01-10,2023-01-10 11:50:00,2040.84,2040.84,2040.5,2040.5,-0.02,25.12,50208.57,-1
2023-01-10,2023-01-10 11:51:00,2040.5,2040.5,2040.15,2040.15,-0.02,25.12,50208.57,-1
2023-01-10,2023-01-10 11:52:00,2040.15,2040.15,2039.81,2039.81,-0.02,25.12,50208.57,-1
2023-01-10,2023-01-10 11:53:00,2039.81,2039.81,2039.47,2039.47,-0.02,25.12,50208.57,-1
2023-01-10,2023-01-10 11:54:00,2039.47,2039.47,2039.13,2039.13,-0.02,25.12,50208.57,-1
2023-01-10,2023-01-10 11:55:00,2039.13,2039.13,2038.79,2038.79,-0.02,25.12,50208.57,-1
2023-01-10,2023-01-10 11:56:00,2038.79,2038.79,2038.45,2038.45,-0.02,25.12,50208.57,-1
2023-01-10,2023-01-10 11:57:00,2038.45,2038.45,2038.11,2038.11,-0.02,25.12,50208.57,-1
2023-01-10,2023-01-10 11:58:00,2038.11,2038.11,2037.77,2037.77,-0.02,25.12,50208.57,-1
2023-01-10,2023-01-10 11:59:00,2037.77,2037.77,2037.43,2037.43,-0.02,25.12,50208.57,-1
2023-01-10,2023-01-10 12:00:00,2037.43,2037.43,2037.08,2037.08,-0.02,25.12,50208.57,-1
2023-01-10,2023-01-10 12:01:00,2037.08,2037.08,2036.74,2036.74,-0.02,25.12,50208.57,-1
2023-01-10,2023-01-10 12:02:00,2036.74,2036.74,2036.4,2036.4,-0.02,25.12,50208.57,-1
2023-01-10,2023-01-10 12:03:00,2036.4,2036.4,2036.06,2036.06,-0.02,25.12,50208.57,-1
2023-01-10,2023-01-10 12:04:00,2036.06,2036.06,2035.72,2035.72,-0.02,25.12,50208.57,-1
2023-01-10,2023-01-10 12:05:00,2035.72,2035.72,2035.38,2035.38,-0.02,25.12,50208.57,-1
2023-01-10,2023-01-10 12:06:00,2035.38,2035.38,2035.04,2035.04,-0.02,25.12,50208.57,-1
2023-01-10,2023-01-10 12:07:00,2035.04,2035.04,2034.7,2034.7,-0.02,25.12,50208.57,-1
2023-01-10,2023-01-10 12:08:00,2034.7,2034.7,2034.35,2034.35,-0.02,25.12,50208.57,-1
2023-01-10,2023-01-10 12:09:00,2034.35,2034.35,2034.01,2034.01,-0.02,25.12,50208.57,-1
2023-01-10,2023-01-10 12:10:00,2034.01,2034.01,2033.67,2033.67,-0.02,25.12,50208.57,-1
2023-01-10,2023-01-10 12:11:00,2033.67,2033.67,2033.33,2033.33,-0.02,25.12,50208.57,-1
2023-01-10,2023-01-10 12:12:00,2033.33,2033.33,2032.99,2032.99,-0.02,25.12,50208.57,-1
2023-01-10,2023-01-10 12:13:00,2032.99,2032.99,2032.65,2032.65,-0.02,25.12,50208.57,-1
2023-01-10,2023-01-10 12:14:00,2032.65,2032.65,2032.31,2032.31,-0.02,25.12,50208.57,-1
2023-01-10,2023-01-10 12:15:00,2032.31,2032.31,2031.97,2031.97,-0.02,25.12,50208.57,-1
2023-01-10,2023-01-10 12:16:00,2031.97,2031.97,2031.62,2031.62,-0.02,25.12,50208.57,-1
2023-01-10,2023-01-10 12:17:00,2031.62,2031.62,2031.28,2031.28,-0.02,25.12,50208.57,-1
2023-01-10,2023-01-10 12:18:00,2031.28,2031.28,2030.94,2030.94,-0.02,25.12,50208.57,-1
2023-01-10,2023-01-10 12:19:00,2030.94,2030.94,2030.6,2030.6,-0.02,25.12,50208.57,-1
2023-01-10,2023-01-10 12:20:00,2030.6,2030.6,2030.26,2030.26,-0.02,25.12,50208.57,-1
2023-01-10,2023-01-10 12:21:00,2030.26,2030.26,2029.92,2029.92,-0.02,25.12,50208.57,-1
2023-01-10,2023-01-10 12:22:00,2029.92,2029.92,2029.58,2029.58,-0.02,25.12,50208.57,-1
2023-01-10,2023-01-10 12:23:00,2029.58,2029.58,2029.24,2029.24,-0.02,25.12,50208.57,-1
2023-01-10,2023-01-10 12:24:00,2029.24,2029.24,2028.89,2028.89,-0.02,25.12,50208.57,-1
2023-01-10,2023-01-10 12:25:00,2028.89,2028.89,2028.55,2028.55,-0.02,25.12,50208.57,-1
2023-01-10,2023-01-10 12:26:00,2028.55,2028.55,2028.21,2028.21,-0.02,25.12,50208.57,-1
2023-01-10,2023-01-10 12:27:00,2028.21,2028.21,2027.87,2027.87,-0.02,25.12,50208.57,-1
2023-01-10,2023-01-10 12:28:00,2027.87,2027.87,2027.53,2027.53,-0.02,25.12,50208.57,-1
2023-01-10,2023-01-10 12:29:00,2027.53,2027.53,2027.19,2027.19,-0.02,25.12,50208.57,-1
2023-01-10,2023-01-10 12:30:00,2027.19,2027.19,2026.85,2026.85,-0.02,25.12,50208.57,-1
2023-01-10,2023-01-10 12:31:00,2026.85,2026.85,2026.51,2026.51,-0.02,25.12,50208.57,-1
2023-01-10,2023-01-10 12:32:00,2026.51,2026.51,2026.16,2026.16,-0.02,25.12,50208.57,-1
2023-01-10,2023-01-10 12:33:00,2026.16,2026.16,2025.82,2025.82,-0.02,25.12,50208.57,-1
2023-01-10,2023-01-10 12:34:00,2025.82,2025.82,2025.48,2025.48,-0.02,25.12,50208.57,-1
2023-01-10,2023-01-10 12:35:00,2025.48,2025.48,2025.14,2025.14,-0.02,25.12,50208.57,-1
2023-01-10,2023-01-10 12:36:00,2025.14,2025.14,2024.8,2024.8,-0.02,25.12,50208.57,-1
2023-01-10,2023-01-10 12:37:00,2024.8,2024.8,2024.46,2024.46,-0.02,25.12,50208.57,-1
2023-01-10,2023-01-10 12:38:00,2024.46,2024.46,2024.12,2024.12,-0.02,25.12,50208.57,-1
2023-01-10,2023-01-10 12:39:00,2024.12,2024.12,2023.78,2023.78,-0.02,25.12,50208.57,-1
2023-01-10,2023-01-10 12:40:00,2023.78,2023.78,2023.43,2023.43,-0.02,25.12,50208.57,-1
2023-01-10,2023-01-10 12:41:00,2023.43,2023.43,2023.09,2023.09,-0.02,25.12,50208.57,-1
2023-01-10,2023-01-10 12:42:00,2023.09,2023.09,2022.75,2022.75,-0.02,25.12,50208.57,-1
2023-01-10,2023-01-10 12:43:00,2022.75,2022.75,2022.41,2022.41,-0.02,25.12,50208.57,-1
2023-01-10,2023-01-10 12:44:00,2022.41,2022.41,2022.07,2022.07,-0.02,25.12,50208.57,-1
2023-01-10,2023-01-10 12:45:00,2022.07,2022.07,2021.73,2021.73,-0.02,25.12,50208.57,-1
2023-01-10,2023-01-10 12:46:00,2021.73,2021.73,2021.39,2021.39,-0.02,25.12,50208.57,-1
2023-01-10,2023-01-10 12:47:00,2021.39,2021.39,2021.05,2021.05,-0.02,25.12,50208.57,-1
2023-01-10,2023-01-10 12:48:00,2021.05,2021.05,2020.7,2020.7,-0.02,25.12,50208.57,-1
2023-01-10,2023-01-10 12:49:00,2020.7,2020.7,2020.36,2020.36,-0.02,25.12,50208.57,-1
2023-01-10,2023-01-10 12:50:00,2020.36,2020.36,2020.02,2020.02,-0.02,25.12,50208.57,-1
2023-01-10,2023-01-10 12:51:00,2020.02,2020.02,2019.68,2019.68,-0.02,25.12,50208.57,-1
2023-01-10,2023-01-10 12:52:00,2019.68,2019.68,2019.34,2019.34,-0.02,25.12,50208.57,-1
2023-01-10,2023-01-10 12:53:00,2019.34,2019.34,2019.0,2019.0,-0.02,25.12,50208.57,-1
2023-01-10,2023-01-10 12:54:00,2019.0,2019.0,2018.66,2018.66,-0.02,25.12,50208.57,-1
2023-01-10,2023-01-10 12:55:00,2018.66,2018.66,2018.32,2018.32,-0.02,25.12,50208.57,-1
2023-01-10,2023-01-10 12:56:00,2018.32,2018.32,2017.97,2017.97,-0.02,25.12,50208.57,-1
2023-01-10,2023-01-10 12:57:00,2017.97,2017.97,2017.63,2017.63,-0.02,25.12,50208.57,-1
2023-01-10,2023-01-10 12:58:00,2017.63,2017.63,2017.29,2017.29,-0.02,25.12,50208.57,-1
2023-01-10,2023-01-10 12:59:00,2017.29,2017.29,2016.95,2016.95,-0.02,25.12,50208.57,-1
2023-01-10,2023-01-10 13:00:00,2016.95,2057.9,1975.0,2016.61,-0.02,25.12,50208.57,-1
2023-01-10,2023-01-10 13:01:00,2016.61,2016.61,2016.27,2016.27,-0.02,25.12,50208.57,-1
2023-01-10,2023-01-10 13:02:00,2016.27,2016.27,2015.93,2015.93,-0.02,25.12,50208.57,-1
2023-01-10,2023-01-10 13:03:00,2015.93,2015.93,2015.59,2015.59,-0.02,25.12,50208.57,-1
2023-01-10,2023-01-10 13:04:00,2015.59,2015.59,2015.24,2015.24,-0.02,25.12,50208.57,-1
2023-01-10,2023-01-10 13:05:00,2015.24,2015.24,2014.9,2014.9,-0.02,25.12,50208.57,-1
2023-01-10,2023-01-10 13:06:00,2014.9,2014.9,2014.56,2014.56,-0.02,25.12,50208.57,-1
2023-01-10,2023-01-10 13:07:00,2014.56,2014.56,2014.22,2014.22,-0.02,25.12,50208.57,-1
2023-01-10,2023-01-10 13:08:00,2014.22,2014.22,2013.88,2013.88,-0.02,25.12,50208.57,-1
2023-01-10,2023-01-10 13:09:00,2013.88,2013.88,2013.54,2013.54,-0.02,25.12,50208.57,-1
2023-01-10,2023-01-10 13:10:00,2013.54,2013.54,2013.2,2013.2,-0.02,25.12,50208.57,-1
2023-01-10,2023-01-10 13:11:00,2013.2,2013.2,2012.86,2012.86,-0.02,25.12,50208.57,-1
2023-01-10,2023-01-10 13:12:00,2012.86,2012.86,2012.51,2012.51,-0.02,25.12,50208.57,-1
2023-01-10,2023-01-10 13:13:00,2012.51,2012.51,2012.17,2012.17,-0.02,25.12,50208.57,-1
2023-01-10,2023-01-10 13:14:00,2012.17,2012.17,2011.83,2011.83,-0.02,25.12,50208.57,-1
2023-01-10,2023-01-10 13:15:00,2011.83,2011.83,2011.49,2011.49,-0.02,25.12,50208.57,-1
2023-01-10,2023-01-10 13:16:00,2011.49,2011.49,2011.15,2011.15,-0.02,25.12,50208.57,-1
2023-01-10,2023-01-10 13:17:00,2011.15,2011.15,2010.81,2010.81,-0.02,25.12,50208.57,-1
2023-01-10,2023-01-10 13:18:00,2010.81,2010.81,2010.47,2010.47,-0.02,25.12,50208.57,-1
2023-01-10,2023-01-10 13:19:00,2010.47,2010.47,2010.12,2010.12,-0.02,25.12,50208.57,-1
2023-01-10,2023-01-10 13:20:00,2010.12,2010.12,2009.78,2009.78,-0.02,25.12,50208.57,-1
2023-01-10,2023-01-10 13:21:00,2009.78,2009.78,2009.44,2009.44,-0.02,25.12,50208.57,-1
2023-01-10,2023-01-10 13:22:00,2009.44,2009.44,2009.1,2009.1,-0.02,25.12,50208.57,-1
2023-01-10,2023-01-10 13:23:00,2009.1,2009.1,2008.76,2008.76,-0.02,25.12,50208.57,-1
2023-01-10,2023-01-10 13:24:00,2008.76,2008.76,2008.42,2008.42,-0.02,25.12,50208.57,-1
2023-01-10,2023-01-10 13:25:00,2008.42,2008.42,2008.08,2008.08,-0.02,25.12,50208.57,-1
2023-01-10,2023-01-10 13:26:00,2008.08,2008.08,2007.74,2007.74,-0.02,25.12,50208.57,-1
2023-01-10,2023-01-10 13:27:00,2007.74,2007.74,2007.39,2007.39,-0.02,25.12,50208.57,-1
2023-01-10,2023-01-10 13:28:00,2007.39,2007.39,2007.05,2007.05,-0.02,25.12,50208.57,-1
2023-01-10,2023-01-10 13:29:00,2007.05,2007.05,2006.71,2006.71,-0.02,25.12,50208.57,-1
2023-01-10,2023-01-10 13:30:00,2006.71,2006.71,2006.37,2006.37,-0.02,25.12,50208.57,-1
2023-01-10,2023-01-10 13:31:00,2006.37,2006.37,2006.03,2006.03,-0.02,25.12,50208.57,-1
2023-01-10,2023-01-10 13:32:00,2006.03,2006.03,2005.69,2005.69,-0.02,25.12,50208.57,-1
2023-01-10,2023-01-10 13:33:00,2005.69,2005.69,2005.35,2005.35,-0.02,25.12,50208.57,-1
2023-01-10,2023-01-10 13:34:00,2005.35,2005.35,2005.01,2005.01,-0.02,25.12,50208.57,-1
2023-01-10,2023-01-10 13:35:00,2005.01,2005.01,2004.66,2004.66,-0.02,25.12,50208.57,-1
2023-01-10,2023-01-10 13:36:00,2004.66,2004.66,2004.32,2004.32,-0.02,25.12,50208.57,-1
2023-01-10,2023-01-10 13:37:00,2004.32,2004.32,2003.98,2003.98,-0.02,25.12,50208.57,-1
2023-01-10,2023-01-10 13:38:00,2003.98,2003.98,2003.64,2003.64,-0.02,25.12,50208.57,-1
2023-01-10,2023-01-10 13:39:00,2003.64,2003.64,2003.3,2003.3,-0.02,25.12,50208.57,-1
2023-01-10,2023-01-10 13:40:00,2003.3,2003.3,2002.96,2002.96,-0.02,25.12,50208.57,-1
2023-01-10,2023-01-10 13:41:00,2002.96,2002.96,2002.62,2002.62,-0.02,25.12,50208.57,-1
2023-01-10,2023-01-10 13:42:00,2002.62,2002.62,2002.28,2002.28,-0.02,25.12,50208.57,-1
2023-01-10,2023-01-10 13:43:00,2002.28,2002.28,2001.93,2001.93,-0.02,25.12,50208.57,-1
2023-01-10,2023-01-10 13:44:00,2001.93,2001.93,2001.59,2001.59,-0.02,25.12,50208.57,-1
2023-01-10,2023-01-10 13:45:00,2001.59,2001.59,2001.25,2001.25,-0.02,25.12,50208.57,-1
2023-01-10,2023-01-10 13:46:00,2001.25,2001.25,2000.91,2000.91,-0.02,25.12,50208.57,-1
2023-01-10,2023-01-10 13:47:00,2000.91,2000.91,2000.57,2000.57,-0.02,25.12,50208.57,-1
2023-01-10,2023-01-10 13:48:00,2000.57,2000.57,2000.23,2000.23,-0.02,25.12,50208.57,-1
2023-01-10,2023-01-10 13:49:00,2000.23,2000.23,1999.89,1999.89,-0.02,25.12,50208.57,-1
2023-01-10,2023-01-10 13:50:00,1999.89,1999.89,1999.55,1999.55,-0.02,25.12,50208.57,-1
2023-01-10,2023-01-10 13:51:00,1999.55,1999.55,1999.2,1999.2,-0.02,25.12,50208.57,-1
2023-01-10,2023-01-10 13:52:00,1999.2,1999.2,1998.86,1998.86,-0.02,25.12,50208.57,-1
2023-01-10,2023-01-10 13:53:00,1998.86,1998.86,1998.52,1998.52,-0.02,25.12,50208.57,-1
2023-01-10,2023-01-10 13:54:00,1998.52,1998.52,1998.18,1998.18,-0.02,25.12,50208.57,-1
2023-01-10,2023-01-10 13:55:00,1998.18,1998.18,1997.84,1997.84,-0.02,25.12,50208.57,-1
2023-01-10,2023-01-10 13:56:00,1997.84,1997.84,1997.5,1997.5,-0.02,25.12,50208.57,-1
2023-01-10,2023-01-10 13:57:00,1997.5,1997.5,1997.16,1997.16,-0.02,25.12,50208.57,-1
2023-01-10,2023-01-10 13:58:00,1997.16,1997.16,1996.82,1996.82,-0.02,25.12,50208.57,-1
2023-01-10,2023-01-10 13:59:00,1996.82,1996.82,1996.47,1996.47,-0.02,25.12,50208.57,-1
2023-01-10,2023-01-10 14:00:00,1996.47,1996.47,1996.13,1996.13,-0.02,25.12,50208.57,-1
2023-01-10,2023-01-10 14:01:00,1996.13,1996.13,1995.79,1995.79,-0.02,25.12,50208.57,-1
2023-01-10,2023-01-10 14:02:00,1995.79,1995.79,1995.45,1995.45,-0.02,25.12,50208.57,-1
2023-01-10,2023-01-10 14:03:00,1995.45,1995.45,1995.11,1995.11,-0.02,25.12,50208.57,-1
2023-01-10,2023-01-10 14:04:00,1995.11,1995.11,1994.77,1994.77,-0.02,25.12,50208.57,-1
2023-01-10,2023-01-10 14:05:00,1994.77,1994.77,1994.43,1994.43,-0.02,25.12,50208.57,-1
2023-01-10,2023-01-10 14:06:00,1994.43,1994.43,1994.09,1994.09,-0.02,25.12,50208.57,-1
2023-01-10,2023-01-10 14:07:00,1994.09,1994.09,1993.75,1993.75,-0.02,25.12,50208.57,-1
2023-01-10,2023-01-10 14:08:00,1993.75,1993.75,1993.4,1993.4,-0.02,25.12,50208.57,-1
2023-01-10,2023-01-10 14:09:00,1993.4,1993.4,1993.06,1993.06,-0.02,25.12,50208.57,-1
2023-01-10,2023-01-10 14:10:00,1993.06,1993.06,1992.72,1992.72,-0.02,25.12,50208.57,-1
2023-01-10,2023-01-10 14:11:00,1992.72,1992.72,1992.38,1992.38,-0.02,25.12,50208.57,-1
2023-01-10,2023-01-10 14:12:00,1992.38,1992.38,1992.04,1992.04,-0.02,25.12,50208.57,-1
2023-01-10,2023-01-10 14:13:00,1992.04,1992.04,1991.7,1991.7,-0.02,25.12,50208.57,-1
2023-01-10,2023-01-10 14:14:00,1991.7,1991.7,1991.36,1991.36,-0.02,25.12,50208.57,-1
2023-01-10,2023-01-10 14:15:00,1991.36,1991.36,1991.02,1991.02,-0.02,25.12,50208.57,-1
2023-01-10,2023-01-10 14:16:00,1991.02,1991.02,1990.67,1990.67,-0.02,25.12,50208.57,-1
2023-01-10,2023-01-10 14:17:00,1990.67,1990.67,1990.33,1990.33,-0.02,25.12,50208.57,-1
2023-01-10,2023-01-10 14:18:00,1990.33,1990.33,1989.99,1989.99,-0.02,25.12,50208.57,-1
2023-01-10,2023-01-10 14:19:00,1989.99,1989.99,1989.65,1989.65,-0.02,25.12,50208.57,-1
2023-01-10,2023-01-10 14:20:00,1989.65,1989.65,1989.31,1989.31,-0.02,25.12,50208.57,-1
2023-01-10,2023-01-10 14:21:00,1989.31,1989.31,1988.97,1988.97,-0.02,25.12,50208.57,-1
2023-01-10,2023-01-10 14:22:00,1988.97,1988.97,1988.63,1988.63,-0.02,25.12,50208.57,-1
2023-01-10,2023-01-10 14:23:00,1988.63,1988.63,1988.29,1988.29,-0.02,25.12,50208.57,-1
2023-01-10,2023-01-10 14:24:00,1988.29,1988.29,1987.94,1987.94,-0.02,25.12,50208.57,-1
2023-01-10,2023-01-10 14:25:00,1987.94,1987.94,1987.6,1987.6,-0.02,25.12,50208.57,-1
2023-01-10,2023-01-10 14:26:00,1987.6,1987.6,1987.26,1987.26,-0.02,25.12,50208.57,-1
2023-01-10,2023-01-10 14:27:00,1987.26,1987.26,1986.92,1986.92,-0.02,25.12,50208.57,-1
2023-01-10,2023-01-10 14:28:00,1986.92,1986.92,1986.58,1986.58,-0.02,25.12,50208.57,-1
2023-01-10,2023-01-10 14:29:00,1986.58,1986.58,1986.24,1986.24,-0.02,25.12,50208.57,-1
2023-01-10,2023-01-10 14:30:00,1986.24,1986.24,1985.9,1985.9,-0.02,25.12,50208.57,-1
2023-01-10,2023-01-10 14:31:00,1985.9,1985.9,1985.56,1985.56,-0.02,25.12,50208.57,-1
2023-01-10,2023-01-10 14:32:00,1985.56,1985.56,1985.21,1985.21,-0.02,25.12,50208.57,-1
2023-01-10,2023-01-10 14:33:00,1985.21,1985.21,1984.87,1984.87,-0.02,25.12,50208.57,-1
2023-01-10,2023-01-10 14:34:00,1984.87,1984.87,1984.53,1984.53,-0.02,25.12,50208.57,-1
2023-01-10,2023-01-10 14:35:00,1984.53,1984.53,1984.19,1984.19,-0.02,25.12,50208.57,-1
2023-01-10,2023-01-10 14:36:00,1984.19,1984.19,1983.85,1983.85,-0.02,25.12,50208.57,-1
2023-01-10,2023-01-10 14:37:00,1983.85,1983.85,1983.51,1983.51,-0.02,25.12,50208.57,-1
2023-01-10,2023-01-10 14:38:00,1983.51,1983.51,1983.17,1983.17,-0.02,25.12,50208.57,-1
2023-01-10,2023-01-10 14:39:00,1983.17,1983.17,1982.83,1982.83,-0.02,25.12,50208.57,-1
2023-01-10,2023-01-10 14:40:00,1982.83,1982.83,1982.48,1982.48,-0.02,25.12,50208.57,-1
2023-01-10,2023-01-10 14:41:00,1982.48,1982.48,1982.14,1982.14,-0.02,25.12,50208.57,-1
2023-01-10,2023-01-10 14:42:00,1982.14,1982.14,1981.8,1981.8,-0.02,25.12,50208.57,-1
2023-01-10,2023-01-10 14:43:00,1981.8,1981.8,1981.46,1981.46,-0.02,25.12,50208.57,-1
2023-01-10,2023-01-10 14:44:00,1981.46,1981.46,1981.12,1981.12,-0.02,25.12,50208.57,-1
2023-01-10,2023-01-10 14:45:00,1981.12,1981.12,1980.78,1980.78,-0.02,25.12,50208.57,-1
2023-01-10,2023-01-10 14:46:00,1980.78,1980.78,1980.44,1980.44,-0.02,25.12,50208.57,-1
2023-01-10,2023-01-10 14:47:00,1980.44,1980.44,1980.1,1980.1,-0.02,25.12,50208.57,-1
2023-01-10,2023-01-10 14:48:00,1980.1,1980.1,1979.75,1979.75,-0.02,25.12,50208.57,-1
2023-01-10,2023-01-10 14:49:00,1979.75,1979.75,1979.41,1979.41,-0.02,25.12,50208.57,-1
2023-01-10,2023-01-10 14:50:00,1979.41,1979.41,1979.07,1979.07,-0.02,25.12,50208.57,-1
2023-01-10,2023-01-10 14:51:00,1979.07,1979.07,1978.73,1978.73,-0.02,25.12,50208.57,-1
2023-01-10,2023-01-10 14:52:00,1978.73,1978.73,1978.39,1978.39,-0.02,25.12,50208.57,-1
2023-01-10,2023-01-10 14:53:00,1978.39,1978.39,1978.05,1978.05,-0.02,25.12,50208.57,-1
2023-01-10,2023-01-10 14:54:00,1978.05,1978.05,1977.71,1977.71,-0.02,25.12,50208.57,-1
2023-01-10,2023-01-10 14:55:00,1977.71,1977.71,1977.37,1977.37,-0.02,25.12,50208.57,-1
2023-01-10,2023-01-10 14:56:00,1977.37,1977.37,1977.02,1977.02,-0.02,25.12,50208.57,-1
2023-01-10,2023-01-10 14:57:00,1977.02,1977.02,1976.68,1976.68,-0.02,25.12,50208.57,-1
2023-01-10,2023-01-10 14:58:00,1976.68,1976.68,1976.34,1976.34,-0.02,25.12,50208.57,-1
2023-01-10,2023-01-10 14:59:00,1976.34,1976.34,1976.0,1976.0,-0.02,25.12,50208.57,-1
2023-01-10,2023-01-10 15:00:00,1976.0,2057.9,1975.0,1976.0,0.0,25.12,50208.57,0
2023-01-12,2023-01-12 11:00:00,2015.5,2016.55,1987.72,2015.2,-0.01,17.88,35119.36,-1
2023-01-12,2023-01-12 11:01:00,2015.2,2015.2,2014.9,2014.9,-0.01,17.88,35119.36,-1
2023-01-12,2023-01-12 11:02:00,2014.9,2014.9,2014.61,2014.61,-0.01,17.88,35119.36,-1
2023-01-12,2023-01-12 11:03:00,2014.61,2014.61,2014.31,2014.31,-0.01,17.88,35119.36,-1
2023-01-12,2023-01-12 11:04:00,2014.31,2014.31,2014.01,2014.01,-0.01,17.88,35119.36,-1
2023-01-12,2023-01-12 11:05:00,2014.01,2014.01,2013.71,2013.71,-0.01,17.88,35119.36,-1
2023-01-12,2023-01-12 11:06:00,2013.71,2013.71,2013.41,2013.41,-0.01,17.88,35119.36,-1
2023-01-12,2023-01-12 11:07:00,2013.41,2013.41,2013.12,2013.12,-0.01,17.88,35119.36,-1
2023-01-12,2023-01-12 11:08:00,2013.12,2013.12,2012.82,2012.82,-0.01,17.88,35119.36,-1
2023-01-12,2023-01-12 11:09:00,2012.82,2012.82,2012.52,2012.52,-0.01,17.88,35119.36,-1
2023-01-12,2023-01-12 11:10:00,2012.52,2012.52,2012.22,2012.22,-0.01,17.88,35119.36,-1
2023-01-12,2023-01-12 11:11:00,2012.22,2012.22,2011.92,2011.92,-0.01,17.88,35119.36,-1
2023-01-12,2023-01-12 11:12:00,2011.92,2011.92,2011.63,2011.63,-0.01,17.88,35119.36,-1
2023-01-12,2023-01-12 11:13:00,2011.63,2011.63,2011.33,2011.33,-0.01,17.88,35119.36,-1
2023-01-12,2023-01-12 11:14:00,2011.33,2011.33,2011.03,2011.03,-0.01,17.88,35119.36,-1
2023-01-12,2023-01-12 11:15:00,2011.03,2011.03,2010.73,2010.73,-0.01,17.88,35119.36,-1
2023-01-12,2023-01-12 11:16:00,2010.73,2010.73,2010.44,2010.44,-0.01,17.88,35119.36,-1
2023-01-12,2023-01-12 11:17:00,2010.44,2010.44,2010.14,2010.14,-0.01,17.88,35119.36,-1
2023-01-12,2023-01-12 11:18:00,2010.14,2010.14,2009.84,2009.84,-0.01,17.88,35119.36,-1
2023-01-12,2023-01-12 11:19:00,2009.84,2009.84,2009.54,2009.54,-0.01,17.88,35119.36,-1
2023-01-12,2023-01-12 11:20:00,2009.54,2009.54,2009.24,2009.24,-0.01,17.88,35119.36,-1
2023-01-12,2023-01-12 11:21:00,2009.24,2009.24,2008.95,2008.95,-0.01,17.88,35119.36,-1
2023-01-12,2023-01-12 11:22:00,2008.95,2008.95,2008.65,2008.65,-0.01,17.88,35119.36,-1
2023-01-12,2023-01-12 11:23:00,2008.65,2008.65,2008.35,2008.35,-0.01,17.88,35119.36,-1
2023-01-12,2023-01-12 11:24:00,2008.35,2008.35,2008.05,2008.05,-0.01,17.88,35119.36,-1
2023-01-12,2023-01-12 11:25:00,2008.05,2008.05,2007.75,2007.75,-0.01,17.88,35119.36,-1
2023-01-12,2023-01-12 11:26:00,2007.75,2007.75,2007.46,2007.46,-0.01,17.88,35119.36,-1
2023-01-12,2023-01-12 11:27:00,2007.46,2007.46,2007.16,2007.16,-0.01,17.88,35119.36,-1
2023-01-12,2023-01-12 11:28:00,2007.16,2007.16,2006.86,2006.86,-0.01,17.88,35119.36,-1
2023-01-12,2023-01-12 11:29:00,2006.86,2006.86,2006.56,2006.56,-0.01,17.88,35119.36,-1
2023-01-12,2023-01-12 11:30:00,2006.56,2006.56,2006.26,2006.26,-0.01,17.88,35119.36,-1
2023-01-12,2023-01-12 11:31:00,2006.26,2006.26,2005.97,2005.97,-0.01,17.88,35119.36,-1
2023-01-12,2023-01-12 11:32:00,2005.97,2005.97,2005.67,2005.67,-0.01,17.88,35119.36,-1
2023-01-12,2023-01-12 11:33:00,2005.67,2005.67,2005.37,2005.37,-0.01,17.88,35119.36,-1
2023-01-12,2023-01-12 11:34:00,2005.37,2005.37,2005.07,2005.07,-0.01,17.88,35119.36,-1
2023-01-12,2023-01-12 11:35:00,2005.07,2005.07,2004.78,2004.78,-0.01,17.88,35119.36,-1
2023-01-12,2023-01-12 11:36:00,2004.78,2004.78,2004.48,2004.48,-0.01,17.88,35119.36,-1
2023-01-12,2023-01-12 11:37:00,2004.48,2004.48,2004.18,2004.18,-0.01,17.88,35119.36,-1
2023-01-12,2023-01-12 11:38:00,2004.18,2004.18,2003.88,2003.88,-0.01,17.88,35119.36,-1
2023-01-12,2023-01-12 11:39:00,2003.88,2003.88,2003.58,2003.58,-0.01,17.88,35119.36,-1
2023-01-12,2023-01-12 11:40:00,2003.58,2003.58,2003.29,2003.29,-0.01,17.88,35119.36,-1
2023-01-12,2023-01-12 11:41:00,2003.29,2003.29,2002.99,2002.99,-0.01,17.88,35119.36,-1
2023-01-12,2023-01-12 11:42:00,2002.99,2002.99,2002.69,2002.69,-0.01,17.88,35119.36,-1
2023-01-12,2023-01-12 11:43:00,2002.69,2002.69,2002.39,2002.39,-0.01,17.88,35119.36,-1
2023-01-12,2023-01-12 11:44:00,2002.39,2002.39,2002.09,2002.09,-0.01,17.88,35119.36,-1
2023-01-12,2023-01-12 11:45:00,2002.09,2002.09,2001.8,2001.8,-0.01,17.88,35119.36,-1
2023-01-12,2023-01-12 11:46:00,2001.8,2001.8,2001.5,2001.5,-0.01,17.88,35119.36,-1
2023-01-12,2023-01-12 11:47:00,2001.5,2001.5,2001.2,2001.2,-0.01,17.88,35119.36,-1
2023-01-12,2023-01-12 11:48:00,2001.2,2001.2,2000.9,2000.9,-0.01,17.88,35119.36,-1
2023-01-12,2023-01-12 11:49:00,2000.9,2000.9,2000.6,2000.6,-0.01,17.88,35119.36,-1
2023-01-12,2023-01-12 11:50:00,2000.6,2000.6,2000.31,2000.31,-0.01,17.88,35119.36,-1
2023-01-12,2023-01-12 11:51:00,2000.31,2000.31,2000.01,2000.01,-0.01,17.88,35119.36,-1
2023-01-12,2023-01-12 11:52:00,2000.01,2000.01,1999.71,1999.71,-0.01,17.88,35119.36,-1
2023-01-12,2023-01-12 11:53:00,1999.71,1999.71,1999.41,1999.41,-0.02,17.88,35119.36,-1
2023-01-12,2023-01-12 11:54:00,1999.41,1999.41,1999.11,1999.11,-0.02,17.88,35119.36,-1
2023-01-12,2023-01-12 11:55:00,1999.11,1999.11,1998.82,1998.82,-0.01,17.88,35119.36,-1
2023-01-12,2023-01-12 11:56:00,1998.82,1998.82,1998.52,1998.52,-0.02,17.88,35119.36,-1
2023-01-12,2023-01-12 11:57:00,1998.52,1998.52,1998.22,1998.22,-0.02,17.88,35119.36,-1
2023-01-12,2023-01-12 11:58:00,1998.22,1998.22,1997.92,1997.92,-0.02,17.88,35119.36,-1
2023-01-12,2023-01-12 11:59:00,1997.92,1997.92,1997.62,1997.62,-0.02,17.88,35119.36,-1
2023-01-12,2023-01-12 12:00:00,1997.62,1997.62,1997.33,1997.33,-0.01,17.88,35119.36,-1
2023-01-12,2023-01-12 12:01:00,1997.33,1997.33,1997.03,1997.03,-0.02,17.88,35119.36,-1
2023-01-12,2023-01-12 12:02:00,1997.03,1997.03,1996.73,1996.73,-0.02,17.88,35119.36,-1
2023-01-12,2023-01-12 12:03:00,1996.73,1996.73,1996.43,1996.43,-0.02,17.88,35119.36,-1
2023-01-12,2023-01-12 12:04:00,1996.43,1996.43,1996.14,1996.14,-0.01,17.88,35119.36,-1
2023-01-12,2023-01-12 12:05:00,1996.14,1996.14,1995.84,1995.84,-0.02,17.88,35119.36,-1
2023-01-12,2023-01-12 12:06:00,1995.84,1995.84,1995.54,1995.54,-0.02,17.88,35119.36,-1
2023-01-12,2023-01-12 12:07:00,1995.54,1995.54,1995.24,1995.24,-0.02,17.88,35119.36,-1
2023-01-12,2023-01-12 12:08:00,1995.24,1995.24,1994.94,1994.94,-0.02,17.88,35119.36,-1
2023-01-12,2023-01-12 12:09:00,1994.94,1994.94,1994.65,1994.65,-0.01,17.88,35119.36,-1
2023-01-12,2023-01-12 12:10:00,1994.65,1994.65,1994.35,1994.35,-0.02,17.88,35119.36,-1
2023-01-12,2023-01-12 12:11:00,1994.35,1994.35,1994.05,1994.05,-0.02,17.88,35119.36,-1
2023-01-12,2023-01-12 12:12:00,1994.05,1994.05,1993.75,1993.75,-0.02,17.88,35119.36,-1
2023-01-12,2023-01-12 12:13:00,1993.75,1993.75,1993.45,1993.45,-0.02,17.88,35119.36,-1
2023-01-12,2023-01-12 12:14:00,1993.45,1993.45,1993.16,1993.16,-0.01,17.88,35119.36,-1
2023-01-12,2023-01-12 12:15:00,1993.16,1993.16,1992.86,1992.86,-0.02,17.88,35119.36,-1
2023-01-12,2023-01-12 12:16:00,1992.86,1992.86,1992.56,1992.56,-0.02,17.88,35119.36,-1
2023-01-12,2023-01-12 12:17:00,1992.56,1992.56,1992.26,1992.26,-0.02,17.88,35119.36,-1
2023-01-12,2023-01-12 12:18:00,1992.26,1992.26,1991.96,1991.96,-0.02,17.88,35119.36,-1
2023-01-12,2023-01-12 12:19:00,1991.96,1991.96,1991.67,1991.67,-0.01,17.88,35119.36,-1
2023-01-12,2023-01-12 12:20:00,1991.67,1991.67,1991.37,1991.37,-0.02,17.88,35119.36,-1
2023-01-12,2023-01-12 12:21:00,1991.37,1991.37,1991.07,1991.07,-0.02,17.88,35119.36,-1
2023-01-12,2023-01-12 12:22:00,1991.07,1991.07,1990.77,1990.77,-0.02,17.88,35119.36,-1
2023-01-12,2023-01-12 12:23:00,1990.77,1990.77,1990.47,1990.47,-0.02,17.88,35119.36,-1
2023-01-12,2023-01-12 12:24:00,1990.47,1990.47,1990.18,1990.18,-0.01,17.88,35119.36,-1
2023-01-12,2023-01-12 12:25:00,1990.18,1990.18,1989.88,1989.88,-0.02,17.88,35119.36,-1
2023-01-12,2023-01-12 12:26:00,1989.88,1989.88,1989.58,1989.58,-0.02,17.88,35119.36,-1
2023-01-12,2023-01-12 12:27:00,1989.58,1989.58,1989.28,1989.28,-0.02,17.88,35119.36,-1
2023-01-12,2023-01-12 12:28:00,1989.28,1989.28,1988.99,1988.99,-0.01,17.88,35119.36,-1
2023-01-12,2023-01-12 12:29:00,1988.99,1988.99,1988.69,1988.69,-0.02,17.88,35119.36,-1
2023-01-12,2023-01-12 12:30:00,1988.69,1988.69,1988.39,1988.39,-0.02,17.88,35119.36,-1
2023-01-12,2023-01-12 12:31:00,1988.39,1988.39,1988.09,1988.09,-0.02,17.88,35119.36,-1
2023-01-12,2023-01-12 12:32:00,1988.09,1988.09,1987.79,1987.79,-0.02,17.88,35119.36,-1
2023-01-12,2023-01-12 12:33:00,1987.79,1987.79,1987.5,1987.5,-0.01,17.88,35119.36,-1
2023-01-12,2023-01-12 12:34:00,1987.5,1987.5,1987.2,1987.2,-0.02,17.88,35119.36,-1
2023-01-12,2023-01-12 12:35:00,1987.2,1987.2,1986.9,1986.9,-0.02,17.88,35119.36,-1
2023-01-12,2023-01-12 12:36:00,1986.9,1986.9,1986.6,1986.6,-0.02,17.88,35119.36,-1
2023-01-12,2023-01-12 12:37:00,1986.6,1986.6,1986.3,1986.3,-0.02,17.88,35119.36,-1
2023-01-12,2023-01-12 12:38:00,1986.3,1986.3,1986.01,1986.01,-0.01,17.88,35119.36,-1
2023-01-12,2023-01-12 12:39:00,1986.01,1986.01,1985.71,1985.71,-0.02,17.88,35119.36,-1
2023-01-12,2023-01-12 12:40:00,1985.71,1985.71,1985.41,1985.41,-0.02,17.88,35119.36,-1
2023-01-12,2023-01-12 12:41:00,1985.41,1985.41,1985.11,1985.11,-0.02,17.88,35119.36,-1
2023-01-12,2023-01-12 12:42:00,1985.11,1985.11,1984.81,1984.81,-0.02,17.88,35119.36,-1
2023-01-12,2023-01-12 12:43:00,1984.81,1984.81,1984.52,1984.52,-0.01,17.88,35119.36,-1
2023-01-12,2023-01-12 12:44:00,1984.52,1984.52,1984.22,1984.22,-0.02,17.88,35119.36,-1
2023-01-12,2023-01-12 12:45:00,1984.22,1984.22,1983.92,1983.92,-0.02,17.88,35119.36,-1
2023-01-12,2023-01-12 12:46:00,1983.92,1983.92,1983.62,1983.62,-0.02,17.88,35119.36,-1
2023-01-12,2023-01-12 12:47:00,1983.62,1983.62,1983.33,1983.33,-0.01,17.88,35119.36,-1
2023-01-12,2023-01-12 12:48:00,1983.33,1983.33,1983.03,1983.03,-0.02,17.88,35119.36,-1
2023-01-12,2023-01-12 12:49:00,1983.03,1983.03,1982.73,1982.73,-0.02,17.88,35119.36,-1
2023-01-12,2023-01-12 12:50:00,1982.73,1982.73,1982.43,1982.43,-0.02,17.88,35119.36,-1
2023-01-12,2023-01-12 12:51:00,1982.43,1982.43,1982.13,1982.13,-0.02,17.88,35119.36,-1
2023-01-12,2023-01-12 12:52:00,1982.13,1982.13,1981.84,1981.84,-0.01,17.88,35119.36,-1
2023-01-12,2023-01-12 12:53:00,1981.84,1981.84,1981.54,1981.54,-0.02,17.88,35119.36,-1
2023-01-12,2023-01-12 12:54:00,1981.54,1981.54,1981.24,1981.24,-0.02,17.88,35119.36,-1
2023-01-12,2023-01-12 12:55:00,1981.24,1981.24,1980.94,1980.94,-0.02,17.88,35119.36,-1
2023-01-12,2023-01-12 12:56:00,1980.94,1980.94,1980.64,1980.64,-0.02,17.88,35119.36,-1
2023-01-12,2023-01-12 12:57:00,1980.64,1980.64,1980.35,1980.35,-0.01,17.88,35119.36,-1
2023-01-12,2023-01-12 12:58:00,1980.35,1980.35,1980.05,1980.05,-0.02,17.88,35119.36,-1
2023-01-12,2023-01-12 12:59:00,1980.05,1980.05,1979.75,1979.75,-0.02,17.88,35119.36,-1
2023-01-12,2023-01-12 13:00:00,1979.75,2019.0,1922.9,1979.45,-0.02,17.88,35119.36,-1
2023-01-12,2023-01-12 13:01:00,1979.45,1979.45,1979.15,1979.15,-0.02,17.88,35119.36,-1
2023-01-12,2023-01-12 13:02:00,1979.15,1979.15,1978.86,1978.86,-0.01,17.88,35119.36,-1
2023-01-12,2023-01-12 13:03:00,1978.86,1978.86,1978.56,1978.56,-0.02,17.88,35119.36,-1
2023-01-12,2023-01-12 13:04:00,1978.56,1978.56,1978.26,1978.26,-0.02,17.88,35119.36,-1
2023-01-12,2023-01-12 13:05:00,1978.26,1978.26,1977.96,1977.96,-0.02,17.88,35119.36,-1
2023-01-12,2023-01-12 13:06:00,1977.96,1977.96,1977.66,1977.66,-0.02,17.88,35119.36,-1
2023-01-12,2023-01-12 13:07:00,1977.66,1977.66,1977.37,1977.37,-0.01,17.88,35119.36,-1
2023-01-12,2023-01-12 13:08:00,1977.37,1977.37,1977.07,1977.07,-0.02,17.88,35119.36,-1
2023-01-12,2023-01-12 13:09:00,1977.07,1977.07,1976.77,1976.77,-0.02,17.88,35119.36,-1
2023-01-12,2023-01-12 13:10:00,1976.77,1976.77,1976.47,1976.47,-0.02,17.88,35119.36,-1
2023-01-12,2023-01-12 13:11:00,1976.47,1976.47,1976.17,1976.17,-0.02,17.88,35119.36,-1
2023-01-12,2023-01-12 13:12:00,1976.17,1976.17,1975.88,1975.88,-0.01,17.88,35119.36,-1
2023-01-12,2023-01-12 13:13:00,1975.88,1975.88,1975.58,1975.58,-0.02,17.88,35119.36,-1
2023-01-12,2023-01-12 13:14:00,1975.58,1975.58,1975.28,1975.28,-0.02,17.88,35119.36,-1
2023-01-12,2023-01-12 13:15:00,1975.28,1975.28,1974.98,1974.98,-0.02,17.88,35119.36,-1
2023-01-12,2023-01-12 13:16:00,1974.98,1974.98,1974.69,1974.69,-0.01,17.88,35119.36,-1
2023-01-12,2023-01-12 13:17:00,1974.69,1974.69,1974.39,1974.39,-0.02,17.88,35119.36,-1
2023-01-12,2023-01-12 13:18:00,1974.39,1974.39,1974.09,1974.09,-0.02,17.88,35119.36,-1
2023-01-12,2023-01-12 13:19:00,1974.09,1974.09,1973.79,1973.79,-0.02,17.88,35119.36,-1
2023-01-12,2023-01-12 13:20:00,1973.79,1973.79,1973.49,1973.49,-0.02,17.88,35119.36,-1
2023-01-12,2023-01-12 13:21:00,1973.49,1973.49,1973.2,1973.2,-0.01,17.88,35119.36,-1
2023-01-12,2023-01-12 13:22:00,1973.2,1973.2,1972.9,1972.9,-0.02,17.88,35119.36,-1
2023-01-12,2023-01-12 13:23:00,1972.9,1972.9,1972.6,1972.6,-0.02,17.88,35119.36,-1
2023-01-12,2023-01-12 13:24:00,1972.6,1972.6,1972.3,1972.3,-0.02,17.88,35119.36,-1
2023-01-12,2023-01-12 13:25:00,1972.3,1972.3,1972.0,1972.0,-0.02,17.88,35119.36,-1
2023-01-12,2023-01-12 13:26:00,1972.0,1972.0,1971.71,1971.71,-0.01,17.88,35119.36,-1
2023-01-12,2023-01-12 13:27:00,1971.71,1971.71,1971.41,1971.41,-0.02,17.88,35119.36,-1
2023-01-12,2023-01-12 13:28:00,1971.41,1971.41,1971.11,1971.11,-0.02,17.88,35119.36,-1
2023-01-12,2023-01-12 13:29:00,1971.11,1971.11,1970.81,1970.81,-0.02,17.88,35119.36,-1
2023-01-12,2023-01-12 13:30:00,1970.81,1970.81,1970.51,1970.51,-0.02,17.88,35119.36,-1
2023-01-12,2023-01-12 13:31:00,1970.51,1970.51,1970.22,1970.22,-0.01,17.88,35119.36,-1
2023-01-12,2023-01-12 13:32:00,1970.22,1970.22,1969.92,1969.92,-0.02,17.88,35119.36,-1
2023-01-12,2023-01-12 13:33:00,1969.92,1969.92,1969.62,1969.62,-0.02,17.88,35119.36,-1
2023-01-12,2023-01-12 13:34:00,1969.62,1969.62,1969.32,1969.32,-0.02,17.88,35119.36,-1
2023-01-12,2023-01-12 13:35:00,1969.32,1969.32,1969.03,1969.03,-0.01,17.88,35119.36,-1
2023-01-12,2023-01-12 13:36:00,1969.03,1969.03,1968.73,1968.73,-0.02,17.88,35119.36,-1
2023-01-12,2023-01-12 13:37:00,1968.73,1968.73,1968.43,1968.43,-0.02,17.88,35119.36,-1
2023-01-12,2023-01-12 13:38:00,1968.43,1968.43,1968.13,1968.13,-0.02,17.88,35119.36,-1
2023-01-12,2023-01-12 13:39:00,1968.13,1968.13,1967.83,1967.83,-0.02,17.88,35119.36,-1
2023-01-12,2023-01-12 13:40:00,1967.83,1967.83,1967.54,1967.54,-0.01,17.88,35119.36,-1
2023-01-12,2023-01-12 13:41:00,1967.54,1967.54,1967.24,1967.24,-0.02,17.88,35119.36,-1
2023-01-12,2023-01-12 13:42:00,1967.24,1967.24,1966.94,1966.94,-0.02,17.88,35119.36,-1
2023-01-12,2023-01-12 13:43:00,1966.94,1966.94,1966.64,1966.64,-0.02,17.88,35119.36,-1
2023-01-12,2023-01-12 13:44:00,1966.64,1966.64,1966.34,1966.34,-0.02,17.88,35119.36,-1
2023-01-12,2023-01-12 13:45:00,1966.34,1966.34,1966.05,1966.05,-0.01,17.88,35119.36,-1
2023-01-12,2023-01-12 13:46:00,1966.05,1966.05,1965.75,1965.75,-0.02,17.88,35119.36,-1
2023-01-12,2023-01-12 13:47:00,1965.75,1965.75,1965.45,1965.45,-0.02,17.88,35119.36,-1
2023-01-12,2023-01-12 13:48:00,1965.45,1965.45,1965.15,1965.15,-0.02,17.88,35119.36,-1
2023-01-12,2023-01-12 13:49:00,1965.15,1965.15,1964.85,1964.85,-0.02,17.88,35119.36,-1
2023-01-12,2023-01-12 13:50:00,1964.85,1964.85,1964.56,1964.56,-0.01,17.88,35119.36,-1
2023-01-12,2023-01-12 13:51:00,1964.56,1964.56,1964.26,1964.26,-0.02,17.88,35119.36,-1
2023-01-12,2023-01-12 13:52:00,1964.26,1964.26,1963.96,1963.96,-0.02,17.88,35119.36,-1
2023-01-12,2023-01-12 13:53:00,1963.96,1963.96,1963.66,1963.66,-0.02,17.88,35119.36,-1
2023-01-12,2023-01-12 13:54:00,1963.66,1963.66,1963.36,1963.36,-0.02,17.88,35119.36,-1
2023-01-12,2023-01-12 13:55:00,1963.36,1963.36,1963.07,1963.07,-0.01,17.88,35119.36,-1
2023-01-12,2023-01-12 13:56:00,1963.07,1963.07,1962.77,1962.77,-0.02,17.88,35119.36,-1
2023-01-12,2023-01-12 13:57:00,1962.77,1962.77,1962.47,1962.47,-0.02,17.88,35119.36,-1
2023-01-12,2023-01-12 13:58:00,1962.47,1962.47,1962.17,1962.17,-0.02,17.88,35119.36,-1
2023-01-12,2023-01-12 13:59:00,1962.17,1962.17,1961.88,1961.88,-0.01,17.88,35119.36,-1
2023-01-12,2023-01-12 14:00:00,1961.88,1961.88,1961.58,1961.58,-0.02,17.88,35119.36,-1
2023-01-12,2023-01-12 14:01:00,1961.58,1961.58,1961.28,1961.28,-0.02,17.88,35119.36,-1
2023-01-12,2023-01-12 14:02:00,1961.28,1961.28,1960.98,1960.98,-0.02,17.88,35119.36,-1
2023-01-12,2023-01-12 14:03:00,1960.98,1960.98,1960.68,1960.68,-0.02,17.88,35119.36,-1
2023-01-12,2023-01-12 14:04:00,1960.68,1960.68,1960.39,1960.39,-0.01,17.88,35119.36,-1
2023-01-12,2023-01-12 14:05:00,1960.39,1960.39,1960.09,1960.09,-0.02,17.88,35119.36,-1
2023-01-12,2023-01-12 14:06:00,1960.09,1960.09,1959.79,1959.79,-0.02,17.88,35119.36,-1
2023-01-12,2023-01-12 14:07:00,1959.79,1959.79,1959.49,1959.49,-0.02,17.88,35119.36,-1
2023-01-12,2023-01-12 14:08:00,1959.49,1959.49,1959.19,1959.19,-0.02,17.88,35119.36,-1
2023-01-12,2023-01-12 14:09:00,1959.19,1959.19,1958.9,1958.9,-0.01,17.88,35119.36,-1
2023-01-12,2023-01-12 14:10:00,1958.9,1958.9,1958.6,1958.6,-0.02,17.88,35119.36,-1
2023-01-12,2023-01-12 14:11:00,1958.6,1958.6,1958.3,1958.3,-0.02,17.88,35119.36,-1
2023-01-12,2023-01-12 14:12:00,1958.3,1958.3,1958.0,1958.0,-0.02,17.88,35119.36,-1
2023-01-12,2023-01-12 14:13:00,1958.0,1958.0,1957.7,1957.7,-0.02,17.88,35119.36,-1
2023-01-12,2023-01-12 14:14:00,1957.7,1957.7,1957.41,1957.41,-0.01,17.88,35119.36,-1
2023-01-12,2023-01-12 14:15:00,1957.41,1957.41,1957.11,1957.11,-0.02,17.88,35119.36,-1
2023-01-12,2023-01-12 14:16:00,1957.11,1957.11,1956.81,1956.81,-0.02,17.88,35119.36,-1
2023-01-12,2023-01-12 14:17:00,1956.81,1956.81,1956.51,1956.51,-0.02,17.88,35119.36,-1
2023-01-12,2023-01-12 14:18:00,1956.51,1956.51,1956.21,1956.21,-0.02,17.88,35119.36,-1
2023-01-12,2023-01-12 14:19:00,1956.21,1956.21,1955.92,1955.92,-0.01,17.88,35119.36,-1
2023-01-12,2023-01-12 14:20:00,1955.92,1955.92,1955.62,1955.62,-0.02,17.88,35119.36,-1
2023-01-12,2023-01-12 14:21:00,1955.62,1955.62,1955.32,1955.32,-0.02,17.88,35119.36,-1
2023-01-12,2023-01-12 14:22:00,1955.32,1955.32,1955.02,1955.02,-0.02,17.88,35119.36,-1
2023-01-12,2023-01-12 14:23:00,1955.02,1955.02,1954.72,1954.72,-0.02,17.88,35119.36,-1
2023-01-12,2023-01-12 14:24:00,1954.72,1954.72,1954.43,1954.43,-0.01,17.88,35119.36,-1
2023-01-12,2023-01-12 14:25:00,1954.43,1954.43,1954.13,1954.13,-0.02,17.88,35119.36,-1
2023-01-12,2023-01-12 14:26:00,1954.13,1954.13,1953.83,1953.83,-0.02,17.88,35119.36,-1
2023-01-12,2023-01-12 14:27:00,1953.83,1953.83,1953.53,1953.53,-0.02,17.88,35119.36,-1
2023-01-12,2023-01-12 14:28:00,1953.53,1953.53,1953.24,1953.24,-0.01,17.88,35119.36,-1
2023-01-12,2023-01-12 14:29:00,1953.24,1953.24,1952.94,1952.94,-0.02,17.88,35119.36,-1
2023-01-12,2023-01-12 14:30:00,1952.94,1952.94,1952.64,1952.64,-0.02,17.88,35119.36,-1
2023-01-12,2023-01-12 14:31:00,1952.64,1952.64,1952.34,1952.34,-0.02,17.88,35119.36,-1
2023-01-12,2023-01-12 14:32:00,1952.34,1952.34,1952.04,1952.04,-0.02,17.88,35119.36,-1
2023-01-12,2023-01-12 14:33:00,1952.04,1952.04,1951.75,1951.75,-0.01,17.88,35119.36,-1
2023-01-12,2023-01-12 14:34:00,1951.75,1951.75,1951.45,1951.45,-0.02,17.88,35119.36,-1
2023-01-12,2023-01-12 14:35:00,1951.45,1951.45,1951.15,1951.15,-0.02,17.88,35119.36,-1
2023-01-12,2023-01-12 14:36:00,1951.15,1951.15,1950.85,1950.85,-0.02,17.88,35119.36,-1
2023-01-12,2023-01-12 14:37:00,1950.85,1950.85,1950.55,1950.55,-0.02,17.88,35119.36,-1
2023-01-12,2023-01-12 14:38:00,1950.55,1950.55,1950.26,1950.26,-0.01,17.88,35119.36,-1
2023-01-12,2023-01-12 14:39:00,1950.26,1950.26,1949.96,1949.96,-0.02,17.88,35119.36,-1
2023-01-12,2023-01-12 14:40:00,1949.96,1949.96,1949.66,1949.66,-0.02,17.88,35119.36,-1
2023-01-12,2023-01-12 14:41:00,1949.66,1949.66,1949.36,1949.36,-0.02,17.88,35119.36,-1
2023-01-12,2023-01-12 14:42:00,1949.36,1949.36,1949.06,1949.06,-0.02,17.88,35119.36,-1
2023-01-12,2023-01-12 14:43:00,1949.06,1949.06,1948.77,1948.77,-0.01,17.88,35119.36,-1
2023-01-12,2023-01-12 14:44:00,1948.77,1948.77,1948.47,1948.47,-0.02,17.88,35119.36,-1
2023-01-12,2023-01-12 14:45:00,1948.47,1948.47,1948.17,1948.17,-0.02,17.88,35119.36,-1
2023-01-12,2023-01-12 14:46:00,1948.17,1948.17,1947.87,1947.87,-0.02,17.88,35119.36,-1
2023-01-12,2023-01-12 14:47:00,1947.87,1947.87,1947.58,1947.58,-0.01,17.88,35119.36,-1
2023-01-12,2023-01-12 14:48:00,1947.58,1947.58,1947.28,1947.28,-0.02,17.88,35119.36,-1
2023-01-12,2023-01-12 14:49:00,1947.28,1947.28,1946.98,1946.98,-0.02,17.88,35119.36,-1
2023-01-12,2023-01-12 14:50:00,1946.98,1946.98,1946.68,1946.68,-0.02,17.88,35119.36,-1
2023-01-12,2023-01-12 14:51:00,1946.68,1946.68,1946.38,1946.38,-0.02,17.88,35119.36,-1
2023-01-12,2023-01-12 14:52:00,1946.38,1946.38,1946.09,1946.09,-0.01,17.88,35119.36,-1
2023-01-12,2023-01-12 14:53:00,1946.09,1946.09,1945.79,1945.79,-0.02,17.88,35119.36,-1
2023-01-12,2023-01-12 14:54:00,1945.79,1945.79,1945.49,1945.49,-0.02,17.88,35119.36,-1
2023-01-12,2023-01-12 14:55:00,1945.49,1945.49,1945.19,1945.19,-0.02,17.88,35119.36,-1
2023-01-12,2023-01-12 14:56:00,1945.19,1945.19,1944.89,1944.89,-0.02,17.88,35119.36,-1
2023-01-12,2023-01-12 14:57:00,1944.89,1944.89,1944.6,1944.6,-0.01,17.88,35119.36,-1
2023-01-12,2023-01-12 14:58:00,1944.6,1944.6,1944.3,1944.3,-0.02,17.88,35119.36,-1
2023-01-12,2023-01-12 14:59:00,1944.3,1944.3,1944.0,1944.0,-0.02,17.88,35119.36,-1
2023-01-12,2023-01-12 15:00:00,1944.0,2019.0,1922.9,1944.0,0.0,17.88,35119.36,0
2023-01-17,2023-01-17 11:00:00,1980.0,1980.0,1959.0,1980.0,0.0,10.28,19895.33,0
2023-01-17,2023-01-17 11:01:00,1980.0,1980.0,1980.0,1980.0,0.0,10.28,19895.33,0
2023-01-17,2023-01-17 11:02:00,1980.0,1980.0,1980.0,1980.0,0.0,10.28,19895.33,0
2023-01-17,2023-01-17 11:03:00,1980.0,1980.0,1980.0,1980.0,0.0,10.28,19895.33,0
2023-01-17,2023-01-17 11:04:00,1980.0,1980.0,1980.0,1980.0,0.0,10.28,19895.33,0
2023-01-17,2023-01-17 11:05:00,1980.0,1980.0,1980.0,1980.0,0.0,10.28,19895.33,0
2023-01-17,2023-01-17 11:06:00,1980.0,1980.0,1980.0,1980.0,0.0,10.28,19895.33,0
2023-01-17,2023-01-17 11:07:00,1980.0,1980.0,1980.0,1980.0,0.0,10.28,19895.33,0
2023-01-17,2023-01-17 11:08:00,1980.0,1980.0,1980.0,1980.0,0.0,10.28,19895.33,0
2023-01-17,2023-01-17 11:09:00,1980.0,1980.0,1980.0,1980.0,0.0,10.28,19895.33,0
2023-01-17,2023-01-17 11:10:00,1980.0,1980.0,1980.0,1980.0,0.0,10.28,19895.33,0
2023-01-17,2023-01-17 11:11:00,1980.0,1980.0,1980.0,1980.0,0.0,10.28,19895.33,0
2023-01-17,2023-01-17 11:12:00,1980.0,1980.0,1980.0,1980.0,0.0,10.28,19895.33,0
2023-01-17,2023-01-17 11:13:00,1980.0,1980.0,1980.0,1980.0,0.0,10.28,19895.33,0
2023-01-17,2023-01-17 11:14:00,1980.0,1980.0,1980.0,1980.0,0.0,10.28,19895.33,0
2023-01-17,2023-01-17 11:15:00,1980.0,1980.0,1980.0,1980.0,0.0,10.28,19895.33,0
2023-01-17,2023-01-17 11:16:00,1980.0,1980.0,1980.0,1980.0,0.0,10.28,19895.33,0
2023-01-17,2023-01-17 11:17:00,1980.0,1980.0,1980.0,1980.0,0.0,10.28,19895.33,0
2023-01-17,2023-01-17 11:18:00,1980.0,1980.0,1980.0,1980.0,0.0,10.28,19895.33,0
2023-01-17,2023-01-17 11:19:00,1980.0,1980.0,1980.0,1980.0,0.0,10.28,19895.33,0
2023-01-17,2023-01-17 11:20:00,1980.0,1980.0,1980.0,1980.0,0.0,10.28,19895.33,0
2023-01-17,2023-01-17 11:21:00,1980.0,1980.0,1980.0,1980.0,0.0,10.28,19895.33,0
2023-01-17,2023-01-17 11:22:00,1980.0,1980.0,1980.0,1980.0,0.0,10.28,19895.33,0
2023-01-17,2023-01-17 11:23:00,1980.0,1980.0,1980.0,1980.0,0.0,10.28,19895.33,0
2023-01-17,2023-01-17 11:24:00,1980.0,1980.0,1980.0,1980.0,0.0,10.28,19895.33,0
2023-01-17,2023-01-17 11:25:00,1980.0,1980.0,1980.0,1980.0,0.0,10.28,19895.33,0
2023-01-17,2023-01-17 11:26:00,1980.0,1980.0,1980.0,1980.0,0.0,10.28,19895.33,0
2023-01-17,2023-01-17 11:27:00,1980.0,1980.0,1980.0,1980.0,0.0,10.28,19895.33,0
2023-01-17,2023-01-17 11:28:00,1980.0,1980.0,1980.0,1980.0,0.0,10.28,19895.33,0
2023-01-17,2023-01-17 11:29:00,1980.0,1980.0,1980.0,1980.0,0.0,10.28,19895.33,0
2023-01-17,2023-01-17 11:30:00,1980.0,1980.0,1980.0,1980.0,0.0,10.28,19895.33,0
2023-01-17,2023-01-17 11:31:00,1980.0,1980.0,1980.0,1980.0,0.0,10.28,19895.33,0
2023-01-17,2023-01-17 11:32:00,1980.0,1980.0,1980.0,1980.0,0.0,10.28,19895.33,0
2023-01-17,2023-01-17 11:33:00,1980.0,1980.0,1980.0,1980.0,0.0,10.28,19895.33,0
2023-01-17,2023-01-17 11:34:00,1980.0,1980.0,1980.0,1980.0,0.0,10.28,19895.33,0
2023-01-17,2023-01-17 11:35:00,1980.0,1980.0,1980.0,1980.0,0.0,10.28,19895.33,0
2023-01-17,2023-01-17 11:36:00,1980.0,1980.0,1980.0,1980.0,0.0,10.28,19895.33,0
2023-01-17,2023-01-17 11:37:00,1980.0,1980.0,1980.0,1980.0,0.0,10.28,19895.33,0
2023-01-17,2023-01-17 11:38:00,1980.0,1980.0,1980.0,1980.0,0.0,10.28,19895.33,0
2023-01-17,2023-01-17 11:39:00,1980.0,1980.0,1980.0,1980.0,0.0,10.28,19895.33,0
2023-01-17,2023-01-17 11:40:00,1980.0,1980.0,1980.0,1980.0,0.0,10.28,19895.33,0
2023-01-17,2023-01-17 11:41:00,1980.0,1980.0,1980.0,1980.0,0.0,10.28,19895.33,0
2023-01-17,2023-01-17 11:42:00,1980.0,1980.0,1980.0,1980.0,0.0,10.28,19895.33,0
2023-01-17,2023-01-17 11:43:00,1980.0,1980.0,1980.0,1980.0,0.0,10.28,19895.33,0
2023-01-17,2023-01-17 11:44:00,1980.0,1980.0,1980.0,1980.0,0.0,10.28,19895.33,0
2023-01-17,2023-01-17 11:45:00,1980.0,1980.0,1980.0,1980.0,0.0,10.28,19895.33,0
2023-01-17,2023-01-17 11:46:00,1980.0,1980.0,1980.0,1980.0,0.0,10.28,19895.33,0
2023-01-17,2023-01-17 11:47:00,1980.0,1980.0,1980.0,1980.0,0.0,10.28,19895.33,0
2023-01-17,2023-01-17 11:48:00,1980.0,1980.0,1980.0,1980.0,0.0,10.28,19895.33,0
2023-01-17,2023-01-17 11:49:00,1980.0,1980.0,1980.0,1980.0,0.0,10.28,19895.33,0
2023-01-17,2023-01-17 11:50:00,1980.0,1980.0,1980.0,1980.0,0.0,10.28,19895.33,0
2023-01-17,2023-01-17 11:51:00,1980.0,1980.0,1980.0,1980.0,0.0,10.28,19895.33,0
2023-01-17,2023-01-17 11:52:00,1980.0,1980.0,1980.0,1980.0,0.0,10.28,19895.33,0
2023-01-17,2023-01-17 11:53:00,1980.0,1980.0,1980.0,1980.0,0.0,10.28,19895.33,0
2023-01-17,2023-01-17 11:54:00,1980.0,1980.0,1980.0,1980.0,0.0,10.28,19895.33,0
2023-01-17,2023-01-17 11:55:00,1980.0,1980.0,1980.0,1980.0,0.0,10.28,19895.33,0
2023-01-17,2023-01-17 11:56:00,1980.0,1980.0,1980.0,1980.0,0.0,10.28,19895.33,0
2023-01-17,2023-01-17 11:57:00,1980.0,1980.0,1980.0,1980.0,0.0,10.28,19895.33,0
2023-01-17,2023-01-17 11:58:00,1980.0,1980.0,1980.0,1980.0,0.0,10.28,19895.33,0
2023-01-17,2023-01-17 11:59:00,1980.0,1980.0,1980.0,1980.0,0.0,10.28,19895.33,0
2023-01-17,2023-01-17 12:00:00,1980.0,1980.0,1980.0,1980.0,0.0,10.28,19895.33,0
2023-01-17,2023-01-17 12:01:00,1980.0,1980.0,1980.0,1980.0,0.0,10.28,19895.33,0
2023-01-17,2023-01-17 12:02:00,1980.0,1980.0,1980.0,1980.0,0.0,10.28,19895.33,0
2023-01-17,2023-01-17 12:03:00,1980.0,1980.0,1980.0,1980.0,0.0,10.28,19895.33,0
2023-01-17,2023-01-17 12:04:00,1980.0,1980.0,1980.0,1980.0,0.0,10.28,19895.33,0
2023-01-17,2023-01-17 12:05:00,1980.0,1980.0,1980.0,1980.0,0.0,10.28,19895.33,0
2023-01-17,2023-01-17 12:06:00,1980.0,1980.0,1980.0,1980.0,0.0,10.28,19895.33,0
2023-01-17,2023-01-17 12:07:00,1980.0,1980.0,1980.0,1980.0,0.0,10.28,19895.33,0
2023-01-17,2023-01-17 12:08:00,1980.0,1980.0,1980.0,1980.0,0.0,10.28,19895.33,0
2023-01-17,2023-01-17 12:09:00,1980.0,1980.0,1980.0,1980.0,0.0,10.28,19895.33,0
2023-01-17,2023-01-17 12:10:00,1980.0,1980.0,1980.0,1980.0,0.0,10.28,19895.33,0
2023-01-17,2023-01-17 12:11:00,1980.0,1980.0,1980.0,1980.0,0.0,10.28,19895.33,0
2023-01-17,2023-01-17 12:12:00,1980.0,1980.0,1980.0,1980.0,0.0,10.28,19895.33,0
2023-01-17,2023-01-17 12:13:00,1980.0,1980.0,1980.0,1980.0,0.0,10.28,19895.33,0
2023-01-17,2023-01-17 12:14:00,1980.0,1980.0,1980.0,1980.0,0.0,10.28,19895.33,0
2023-01-17,2023-01-17 12:15:00,1980.0,1980.0,1980.0,1980.0,0.0,10.28,19895.33,0
2023-01-17,2023-01-17 12:16:00,1980.0,1980.0,1980.0,1980.0,0.0,10.28,19895.33,0
2023-01-17,2023-01-17 12:17:00,1980.0,1980.0,1980.0,1980.0,0.0,10.28,19895.33,0
2023-01-17,2023-01-17 12:18:00,1980.0,1980.0,1980.0,1980.0,0.0,10.28,19895.33,0
2023-01-17,2023-01-17 12:19:00,1980.0,1980.0,1980.0,1980.0,0.0,10.28,19895.33,0
2023-01-17,2023-01-17 12:20:00,1980.0,1980.0,1980.0,1980.0,0.0,10.28,19895.33,0
2023-01-17,2023-01-17 12:21:00,1980.0,1980.0,1980.0,1980.0,0.0,10.28,19895.33,0
2023-01-17,2023-01-17 12:22:00,1980.0,1980.0,1980.0,1980.0,0.0,10.28,19895.33,0
2023-01-17,2023-01-17 12:23:00,1980.0,1980.0,1980.0,1980.0,0.0,10.28,19895.33,0
2023-01-17,2023-01-17 12:24:00,1980.0,1980.0,1980.0,1980.0,0.0,10.28,19895.33,0
2023-01-17,2023-01-17 12:25:00,1980.0,1980.0,1980.0,1980.0,0.0,10.28,19895.33,0
2023-01-17,2023-01-17 12:26:00,1980.0,1980.0,1980.0,1980.0,0.0,10.28,19895.33,0
2023-01-17,2023-01-17 12:27:00,1980.0,1980.0,1980.0,1980.0,0.0,10.28,19895.33,0
2023-01-17,2023-01-17 12:28:00,1980.0,1980.0,1980.0,1980.0,0.0,10.28,19895.33,0
2023-01-17,2023-01-17 12:29:00,1980.0,1980.0,1980.0,1980.0,0.0,10.28,19895.33,0
2023-01-17,2023-01-17 12:30:00,1980.0,1980.0,1980.0,1980.0,0.0,10.28,19895.33,0
2023-01-17,2023-01-17 12:31:00,1980.0,1980.0,1980.0,1980.0,0.0,10.28,19895.33,0
2023-01-17,2023-01-17 12:32:00,1980.0,1980.0,1980.0,1980.0,0.0,10.28,19895.33,0
2023-01-17,2023-01-17 12:33:00,1980.0,1980.0,1980.0,1980.0,0.0,10.28,19895.33,0
2023-01-17,2023-01-17 12:34:00,1980.0,1980.0,1980.0,1980.0,0.0,10.28,19895.33,0
2023-01-17,2023-01-17 12:35:00,1980.0,1980.0,1980.0,1980.0,0.0,10.28,19895.33,0
2023-01-17,2023-01-17 12:36:00,1980.0,1980.0,1980.0,1980.0,0.0,10.28,19895.33,0
2023-01-17,2023-01-17 12:37:00,1980.0,1980.0,1980.0,1980.0,0.0,10.28,19895.33,0
2023-01-17,2023-01-17 12:38:00,1980.0,1980.0,1980.0,1980.0,0.0,10.28,19895.33,0
2023-01-17,2023-01-17 12:39:00,1980.0,1980.0,1980.0,1980.0,0.0,10.28,19895.33,0
2023-01-17,2023-01-17 12:40:00,1980.0,1980.0,1980.0,1980.0,0.0,10.28,19895.33,0
2023-01-17,2023-01-17 12:41:00,1980.0,1980.0,1980.0,1980.0,0.0,10.28,19895.33,0
2023-01-17,2023-01-17 12:42:00,1980.0,1980.0,1980.0,1980.0,0.0,10.28,19895.33,0
2023-01-17,2023-01-17 12:43:00,1980.0,1980.0,1980.0,1980.0,0.0,10.28,19895.33,0
2023-01-17,2023-01-17 12:44:00,1980.0,1980.0,1980.0,1980.0,0.0,10.28,19895.33,0
2023-01-17,2023-01-17 12:45:00,1980.0,1980.0,1980.0,1980.0,0.0,10.28,19895.33,0
2023-01-17,2023-01-17 12:46:00,1980.0,1980.0,1980.0,1980.0,0.0,10.28,19895.33,0
2023-01-17,2023-01-17 12:47:00,1980.0,1980.0,1980.0,1980.0,0.0,10.28,19895.33,0
2023-01-17,2023-01-17 12:48:00,1980.0,1980.0,1980.0,1980.0,0.0,10.28,19895.33,0
2023-01-17,2023-01-17 12:49:00,1980.0,1980.0,1980.0,1980.0,0.0,10.28,19895.33,0
2023-01-17,2023-01-17 12:50:00,1980.0,1980.0,1980.0,1980.0,0.0,10.28,19895.33,0
2023-01-17,2023-01-17 12:51:00,1980.0,1980.0,1980.0,1980.0,0.0,10.28,19895.33,0
2023-01-17,2023-01-17 12:52:00,1980.0,1980.0,1980.0,1980.0,0.0,10.28,19895.33,0
2023-01-17,2023-01-17 12:53:00,1980.0,1980.0,1980.0,1980.0,0.0,10.28,19895.33,0
2023-01-17,2023-01-17 12:54:00,1980.0,1980.0,1980.0,1980.0,0.0,10.28,19895.33,0
2023-01-17,2023-01-17 12:55:00,1980.0,1980.0,1980.0,1980.0,0.0,10.28,19895.33,0
2023-01-17,2023-01-17 12:56:00,1980.0,1980.0,1980.0,1980.0,0.0,10.28,19895.33,0
2023-01-17,2023-01-17 12:57:00,1980.0,1980.0,1980.0,1980.0,0.0,10.28,19895.33,0
2023-01-17,2023-01-17 12:58:00,1980.0,1980.0,1980.0,1980.0,0.0,10.28,19895.33,0
2023-01-17,2023-01-17 12:59:00,1980.0,1980.0,1980.0,1980.0,0.0,10.28,19895.33,0
2023-01-17,2023-01-17 13:00:00,1980.0,1980.0,1910.0,1980.0,0.0,10.28,19895.33,0
2023-01-17,2023-01-17 13:01:00,1980.0,1980.0,1980.0,1980.0,0.0,10.28,19895.33,0
2023-01-17,2023-01-17 13:02:00,1980.0,1980.0,1980.0,1980.0,0.0,10.28,19895.33,0
2023-01-17,2023-01-17 13:03:00,1980.0,1980.0,1980.0,1980.0,0.0,10.28,19895.33,0
2023-01-17,2023-01-17 13:04:00,1980.0,1980.0,1980.0,1980.0,0.0,10.28,19895.33,0
2023-01-17,2023-01-17 13:05:00,1980.0,1980.0,1980.0,1980.0,0.0,10.28,19895.33,0
2023-01-17,2023-01-17 13:06:00,1980.0,1980.0,1980.0,1980.0,0.0,10.28,19895.33,0
2023-01-17,2023-01-17 13:07:00,1980.0,1980.0,1980.0,1980.0,0.0,10.28,19895.33,0
2023-01-17,2023-01-17 13:08:00,1980.0,1980.0,1980.0,1980.0,0.0,10.28,19895.33,0
2023-01-17,2023-01-17 13:09:00,1980.0,1980.0,1980.0,1980.0,0.0,10.28,19895.33,0
2023-01-17,2023-01-17 13:10:00,1980.0,1980.0,1980.0,1980.0,0.0,10.28,19895.33,0
2023-01-17,2023-01-17 13:11:00,1980.0,1980.0,1980.0,1980.0,0.0,10.28,19895.33,0
2023-01-17,2023-01-17 13:12:00,1980.0,1980.0,1980.0,1980.0,0.0,10.28,19895.33,0
2023-01-17,2023-01-17 13:13:00,1980.0,1980.0,1980.0,1980.0,0.0,10.28,19895.33,0
2023-01-17,2023-01-17 13:14:00,1980.0,1980.0,1980.0,1980.0,0.0,10.28,19895.33,0
2023-01-17,2023-01-17 13:15:00,1980.0,1980.0,1980.0,1980.0,0.0,10.28,19895.33,0
2023-01-17,2023-01-17 13:16:00,1980.0,1980.0,1980.0,1980.0,0.0,10.28,19895.33,0
2023-01-17,2023-01-17 13:17:00,1980.0,1980.0,1980.0,1980.0,0.0,10.28,19895.33,0
2023-01-17,2023-01-17 13:18:00,1980.0,1980.0,1980.0,1980.0,0.0,10.28,19895.33,0
2023-01-17,2023-01-17 13:19:00,1980.0,1980.0,1980.0,1980.0,0.0,10.28,19895.33,0
2023-01-17,2023-01-17 13:20:00,1980.0,1980.0,1980.0,1980.0,0.0,10.28,19895.33,0
2023-01-17,2023-01-17 13:21:00,1980.0,1980.0,1980.0,1980.0,0.0,10.28,19895.33,0
2023-01-17,2023-01-17 13:22:00,1980.0,1980.0,1980.0,1980.0,0.0,10.28,19895.33,0
2023-01-17,2023-01-17 13:23:00,1980.0,1980.0,1980.0,1980.0,0.0,10.28,19895.33,0
2023-01-17,2023-01-17 13:24:00,1980.0,1980.0,1980.0,1980.0,0.0,10.28,19895.33,0
2023-01-17,2023-01-17 13:25:00,1980.0,1980.0,1980.0,1980.0,0.0,10.28,19895.33,0
2023-01-17,2023-01-17 13:26:00,1980.0,1980.0,1980.0,1980.0,0.0,10.28,19895.33,0
2023-01-17,2023-01-17 13:27:00,1980.0,1980.0,1980.0,1980.0,0.0,10.28,19895.33,0
2023-01-17,2023-01-17 13:28:00,1980.0,1980.0,1980.0,1980.0,0.0,10.28,19895.33,0
2023-01-17,2023-01-17 13:29:00,1980.0,1980.0,1980.0,1980.0,0.0,10.28,19895.33,0
2023-01-17,2023-01-17 13:30:00,1980.0,1980.0,1980.0,1980.0,0.0,10.28,19895.33,0
2023-01-17,2023-01-17 13:31:00,1980.0,1980.0,1980.0,1980.0,0.0,10.28,19895.33,0
2023-01-17,2023-01-17 13:32:00,1980.0,1980.0,1980.0,1980.0,0.0,10.28,19895.33,0
2023-01-17,2023-01-17 13:33:00,1980.0,1980.0,1980.0,1980.0,0.0,10.28,19895.33,0
2023-01-17,2023-01-17 13:34:00,1980.0,1980.0,1980.0,1980.0,0.0,10.28,19895.33,0
2023-01-17,2023-01-17 13:35:00,1980.0,1980.0,1980.0,1980.0,0.0,10.28,19895.33,0
2023-01-17,2023-01-17 13:36:00,1980.0,1980.0,1980.0,1980.0,0.0,10.28,19895.33,0
2023-01-17,2023-01-17 13:37:00,1980.0,1980.0,1980.0,1980.0,0.0,10.28,19895.33,0
2023-01-17,2023-01-17 13:38:00,1980.0,1980.0,1980.0,1980.0,0.0,10.28,19895.33,0
2023-01-17,2023-01-17 13:39:00,1980.0,1980.0,1980.0,1980.0,0.0,10.28,19895.33,0
2023-01-17,2023-01-17 13:40:00,1980.0,1980.0,1980.0,1980.0,0.0,10.28,19895.33,0
2023-01-17,2023-01-17 13:41:00,1980.0,1980.0,1980.0,1980.0,0.0,10.28,19895.33,0
2023-01-17,2023-01-17 13:42:00,1980.0,1980.0,1980.0,1980.0,0.0,10.28,19895.33,0
2023-01-17,2023-01-17 13:43:00,1980.0,1980.0,1980.0,1980.0,0.0,10.28,19895.33,0
2023-01-17,2023-01-17 13:44:00,1980.0,1980.0,1980.0,1980.0,0.0,10.28,19895.33,0
2023-01-17,2023-01-17 13:45:00,1980.0,1980.0,1980.0,1980.0,0.0,10.28,19895.33,0
2023-01-17,2023-01-17 13:46:00,1980.0,1980.0,1980.0,1980.0,0.0,10.28,19895.33,0
2023-01-17,2023-01-17 13:47:00,1980.0,1980.0,1980.0,1980.0,0.0,10.28,19895.33,0
2023-01-17,2023-01-17 13:48:00,1980.0,1980.0,1980.0,1980.0,0.0,10.28,19895.33,0
2023-01-17,2023-01-17 13:49:00,1980.0,1980.0,1980.0,1980.0,0.0,10.28,19895.33,0
2023-01-17,2023-01-17 13:50:00,1980.0,1980.0,1980.0,1980.0,0.0,10.28,19895.33,0
2023-01-17,2023-01-17 13:51:00,1980.0,1980.0,1980.0,1980.0,0.0,10.28,19895.33,0
2023-01-17,2023-01-17 13:52:00,1980.0,1980.0,1980.0,1980.0,0.0,10.28,19895.33,0
2023-01-17,2023-01-17 13:53:00,1980.0,1980.0,1980.0,1980.0,0.0,10.28,19895.33,0
2023-01-17,2023-01-17 13:54:00,1980.0,1980.0,1980.0,1980.0,0.0,10.28,19895.33,0
2023-01-17,2023-01-17 13:55:00,1980.0,1980.0,1980.0,1980.0,0.0,10.28,19895.33,0
2023-01-17,2023-01-17 13:56:00,1980.0,1980.0,1980.0,1980.0,0.0,10.28,19895.33,0
2023-01-17,2023-01-17 13:57:00,1980.0,1980.0,1980.0,1980.0,0.0,10.28,19895.33,0
2023-01-17,2023-01-17 13:58:00,1980.0,1980.0,1980.0,1980.0,0.0,10.28,19895.33,0
2023-01-17,2023-01-17 13:59:00,1980.0,1980.0,1980.0,1980.0,0.0,10.28,19895.33,0
2023-01-17,2023-01-17 14:00:00,1980.0,1980.0,1980.0,1980.0,0.0,10.28,19895.33,0
2023-01-17,2023-01-17 14:01:00,1980.0,1980.0,1980.0,1980.0,0.0,10.28,19895.33,0
2023-01-17,2023-01-17 14:02:00,1980.0,1980.0,1980.0,1980.0,0.0,10.28,19895.33,0
2023-01-17,2023-01-17 14:03:00,1980.0,1980.0,1980.0,1980.0,0.0,10.28,19895.33,0
2023-01-17,2023-01-17 14:04:00,1980.0,1980.0,1980.0,1980.0,0.0,10.28,19895.33,0
2023-01-17,2023-01-17 14:05:00,1980.0,1980.0,1980.0,1980.0,0.0,10.28,19895.33,0
2023-01-17,2023-01-17 14:06:00,1980.0,1980.0,1980.0,1980.0,0.0,10.28,19895.33,0
2023-01-17,2023-01-17 14:07:00,1980.0,1980.0,1980.0,1980.0,0.0,10.28,19895.33,0
2023-01-17,2023-01-17 14:08:00,1980.0,1980.0,1980.0,1980.0,0.0,10.28,19895.33,0
2023-01-17,2023-01-17 14:09:00,1980.0,1980.0,1980.0,1980.0,0.0,10.28,19895.33,0
2023-01-17,2023-01-17 14:10:00,1980.0,1980.0,1980.0,1980.0,0.0,10.28,19895.33,0
2023-01-17,2023-01-17 14:11:00,1980.0,1980.0,1980.0,1980.0,0.0,10.28,19895.33,0
2023-01-17,2023-01-17 14:12:00,1980.0,1980.0,1980.0,1980.0,0.0,10.28,19895.33,0
2023-01-17,2023-01-17 14:13:00,1980.0,1980.0,1980.0,1980.0,0.0,10.28,19895.33,0
2023-01-17,2023-01-17 14:14:00,1980.0,1980.0,1980.0,1980.0,0.0,10.28,19895.33,0
2023-01-17,2023-01-17 14:15:00,1980.0,1980.0,1980.0,1980.0,0.0,10.28,19895.33,0
2023-01-17,2023-01-17 14:16:00,1980.0,1980.0,1980.0,1980.0,0.0,10.28,19895.33,0
2023-01-17,2023-01-17 14:17:00,1980.0,1980.0,1980.0,1980.0,0.0,10.28,19895.33,0
2023-01-17,2023-01-17 14:18:00,1980.0,1980.0,1980.0,1980.0,0.0,10.28,19895.33,0
2023-01-17,2023-01-17 14:19:00,1980.0,1980.0,1980.0,1980.0,0.0,10.28,19895.33,0
2023-01-17,2023-01-17 14:20:00,1980.0,1980.0,1980.0,1980.0,0.0,10.28,19895.33,0
2023-01-17,2023-01-17 14:21:00,1980.0,1980.0,1980.0,1980.0,0.0,10.28,19895.33,0
2023-01-17,2023-01-17 14:22:00,1980.0,1980.0,1980.0,1980.0,0.0,10.28,19895.33,0
2023-01-17,2023-01-17 14:23:00,1980.0,1980.0,1980.0,1980.0,0.0,10.28,19895.33,0
2023-01-17,2023-01-17 14:24:00,1980.0,1980.0,1980.0,1980.0,0.0,10.28,19895.33,0
2023-01-17,2023-01-17 14:25:00,1980.0,1980.0,1980.0,1980.0,0.0,10.28,19895.33,0
2023-01-17,2023-01-17 14:26:00,1980.0,1980.0,1980.0,1980.0,0.0,10.28,19895.33,0
2023-01-17,2023-01-17 14:27:00,1980.0,1980.0,1980.0,1980.0,0.0,10.28,19895.33,0
2023-01-17,2023-01-17 14:28:00,1980.0,1980.0,1980.0,1980.0,0.0,10.28,19895.33,0
2023-01-17,2023-01-17 14:29:00,1980.0,1980.0,1980.0,1980.0,0.0,10.28,19895.33,0
2023-01-17,2023-01-17 14:30:00,1980.0,1980.0,1980.0,1980.0,0.0,10.28,19895.33,0
2023-01-17,2023-01-17 14:31:00,1980.0,1980.0,1980.0,1980.0,0.0,10.28,19895.33,0
2023-01-17,2023-01-17 14:32:00,1980.0,1980.0,1980.0,1980.0,0.0,10.28,19895.33,0
2023-01-17,2023-01-17 14:33:00,1980.0,1980.0,1980.0,1980.0,0.0,10.28,19895.33,0
2023-01-17,2023-01-17 14:34:00,1980.0,1980.0,1980.0,1980.0,0.0,10.28,19895.33,0
2023-01-17,2023-01-17 14:35:00,1980.0,1980.0,1980.0,1980.0,0.0,10.28,19895.33,0
2023-01-17,2023-01-17 14:36:00,1980.0,1980.0,1980.0,1980.0,0.0,10.28,19895.33,0
2023-01-17,2023-01-17 14:37:00,1980.0,1980.0,1980.0,1980.0,0.0,10.28,19895.33,0
2023-01-17,2023-01-17 14:38:00,1980.0,1980.0,1980.0,1980.0,0.0,10.28,19895.33,0
2023-01-17,2023-01-17 14:39:00,1980.0,1980.0,1980.0,1980.0,0.0,10.28,19895.33,0
2023-01-17,2023-01-17 14:40:00,1980.0,1980.0,1980.0,1980.0,0.0,10.28,19895.33,0
2023-01-17,2023-01-17 14:41:00,1980.0,1980.0,1980.0,1980.0,0.0,10.28,19895.33,0
2023-01-17,2023-01-17 14:42:00,1980.0,1980.0,1980.0,1980.0,0.0,10.28,19895.33,0
2023-01-17,2023-01-17 14:43:00,1980.0,1980.0,1980.0,1980.0,0.0,10.28,19895.33,0
2023-01-17,2023-01-17 14:44:00,1980.0,1980.0,1980.0,1980.0,0.0,10.28,19895.33,0
2023-01-17,2023-01-17 14:45:00,1980.0,1980.0,1980.0,1980.0,0.0,10.28,19895.33,0
2023-01-17,2023-01-17 14:46:00,1980.0,1980.0,1980.0,1980.0,0.0,10.28,19895.33,0
2023-01-17,2023-01-17 14:47:00,1980.0,1980.0,1980.0,1980.0,0.0,10.28,19895.33,0
2023-01-17,2023-01-17 14:48:00,1980.0,1980.0,1980.0,1980.0,0.0,10.28,19895.33,0
2023-01-17,2023-01-17 14:49:00,1980.0,1980.0,1980.0,1980.0,0.0,10.28,19895.33,0
2023-01-17,2023-01-17 14:50:00,1980.0,1980.0,1980.0,1980.0,0.0,10.28,19895.33,0
2023-01-17,2023-01-17 14:51:00,1980.0,1980.0,1980.0,1980.0,0.0,10.28,19895.33,0
2023-01-17,2023-01-17 14:52:00,1980.0,1980.0,1980.0,1980.0,0.0,10.28,19895.33,0
2023-01-17,2023-01-17 14:53:00,1980.0,1980.0,1980.0,1980.0,0.0,10.28,19895.33,0
2023-01-17,2023-01-17 14:54:00,1980.0,1980.0,1980.0,1980.0,0.0,10.28,19895.33,0
2023-01-17,2023-01-17 14:55:00,1980.0,1980.0,1980.0,1980.0,0.0,10.28,19895.33,0
2023-01-17,2023-01-17 14:56:00,1980.0,1980.0,1980.0,1980.0,0.0,10.28,19895.33,0
2023-01-17,2023-01-17 14:57:00,1980.0,1980.0,1980.0,1980.0,0.0,10.28,19895.33,0
2023-01-17,2023-01-17 14:58:00,1980.0,1980.0,1980.0,1980.0,0.0,10.28,19895.33,0
2023-01-17,2023-01-17 14:59:00,1980.0,1980.0,1980.0,1980.0,0.0,10.28,19895.33,0
2023-01-17,2023-01-17 15:00:00,1980.0,1980.0,1910.0,1980.0,0.0,10.28,19895.33,0
2023-01-18,2023-01-18 11:00:00,1985.0,1992.5,1970.0,1984.81,-0.01,6.27,12392.0,-1
2023-01-18,2023-01-18 11:01:00,1984.81,1984.81,1984.62,1984.62,-0.01,6.27,12392.0,-1
2023-01-18,2023-01-18 11:02:00,1984.62,1984.62,1984.44,1984.44,-0.01,6.27,12392.0,-1
2023-01-18,2023-01-18 11:03:00,1984.44,1984.44,1984.25,1984.25,-0.01,6.27,12392.0,-1
2023-01-18,2023-01-18 11:04:00,1984.25,1984.25,1984.06,1984.06,-0.01,6.27,12392.0,-1
2023-01-18,2023-01-18 11:05:00,1984.06,1984.06,1983.88,1983.88,-0.01,6.27,12392.0,-1
2023-01-18,2023-01-18 11:06:00,1983.88,1983.88,1983.69,1983.69,-0.01,6.27,12392.0,-1
2023-01-18,2023-01-18 11:07:00,1983.69,1983.69,1983.5,1983.5,-0.01,6.27,12392.0,-1
2023-01-18,2023-01-18 11:08:00,1983.5,1983.5,1983.31,1983.31,-0.01,6.27,12392.0,-1
2023-01-18,2023-01-18 11:09:00,1983.31,1983.31,1983.12,1983.12,-0.01,6.27,12392.0,-1
2023-01-18,2023-01-18 11:10:00,1983.12,1983.12,1982.94,1982.94,-0.01,6.27,12392.0,-1
2023-01-18,2023-01-18 11:11:00,1982.94,1982.94,1982.75,1982.75,-0.01,6.27,12392.0,-1
2023-01-18,2023-01-18 11:12:00,1982.75,1982.75,1982.56,1982.56,-0.01,6.27,12392.0,-1
2023-01-18,2023-01-18 11:13:00,1982.56,1982.56,1982.38,1982.38,-0.01,6.27,12392.0,-1
2023-01-18,2023-01-18 11:14:00,1982.38,1982.38,1982.19,1982.19,-0.01,6.27,12392.0,-1
2023-01-18,2023-01-18 11:15:00,1982.19,1982.19,1982.0,1982.0,-0.01,6.27,12392.0,-1
2023-01-18,2023-01-18 11:16:00,1982.0,1982.0,1981.81,1981.81,-0.01,6.27,12392.0,-1
2023-01-18,2023-01-18 11:17:00,1981.81,1981.81,1981.62,1981.62,-0.01,6.27,12392.0,-1
2023-01-18,2023-01-18 11:18:00,1981.62,1981.62,1981.44,1981.44,-0.01,6.27,12392.0,-1
2023-01-18,2023-01-18 11:19:00,1981.44,1981.44,1981.25,1981.25,-0.01,6.27,12392.0,-1
2023-01-18,2023-01-18 11:20:00,1981.25,1981.25,1981.06,1981.06,-0.01,6.27,12392.0,-1
2023-01-18,2023-01-18 11:21:00,1981.06,1981.06,1980.88,1980.88,-0.01,6.27,12392.0,-1
2023-01-18,2023-01-18 11:22:00,1980.88,1980.88,1980.69,1980.69,-0.01,6.27,12392.0,-1
2023-01-18,2023-01-18 11:23:00,1980.69,1980.69,1980.5,1980.5,-0.01,6.27,12392.0,-1
2023-01-18,2023-01-18 11:24:00,1980.5,1980.5,1980.31,1980.31,-0.01,6.27,12392.0,-1
2023-01-18,2023-01-18 11:25:00,1980.31,1980.31,1980.12,1980.12,-0.01,6.27,12392.0,-1
2023-01-18,2023-01-18 11:26:00,1980.12,1980.12,1979.94,1979.94,-0.01,6.27,12392.0,-1
2023-01-18,2023-01-18 11:27:00,1979.94,1979.94,1979.75,1979.75,-0.01,6.27,12392.0,-1
2023-01-18,2023-01-18 11:28:00,1979.75,1979.75,1979.56,1979.56,-0.01,6.27,12392.0,-1
2023-01-18,2023-01-18 11:29:00,1979.56,1979.56,1979.38,1979.38,-0.01,6.27,12392.0,-1
2023-01-18,2023-01-18 11:30:00,1979.38,1979.38,1979.19,1979.19,-0.01,6.27,12392.0,-1
2023-01-18,2023-01-18 11:31:00,1979.19,1979.19,1979.0,1979.0,-0.01,6.27,12392.0,-1
2023-01-18,2023-01-18 11:32:00,1979.0,1979.0,1978.81,1978.81,-0.01,6.27,12392.0,-1
2023-01-18,2023-01-18 11:33:00,1978.81,1978.81,1978.62,1978.62,-0.01,6.27,12392.0,-1
2023-01-18,2023-01-18 11:34:00,1978.62,1978.62,1978.44,1978.44,-0.01,6.27,12392.0,-1
2023-01-18,2023-01-18 11:35:00,1978.44,1978.44,1978.25,1978.25,-0.01,6.27,12392.0,-1
2023-01-18,2023-01-18 11:36:00,1978.25,1978.25,1978.06,1978.06,-0.01,6.27,12392.0,-1
2023-01-18,2023-01-18 11:37:00,1978.06,1978.06,1977.88,1977.88,-0.01,6.27,12392.0,-1
2023-01-18,2023-01-18 11:38:00,1977.88,1977.88,1977.69,1977.69,-0.01,6.27,12392.0,-1
2023-01-18,2023-01-18 11:39:00,1977.69,1977.69,1977.5,1977.5,-0.01,6.27,12392.0,-1
2023-01-18,2023-01-18 11:40:00,1977.5,1977.5,1977.31,1977.31,-0.01,6.27,12392.0,-1
2023-01-18,2023-01-18 11:41:00,1977.31,1977.31,1977.12,1977.12,-0.01,6.27,12392.0,-1
2023-01-18,2023-01-18 11:42:00,1977.12,1977.12,1976.94,1976.94,-0.01,6.27,12392.0,-1
2023-01-18,2023-01-18 11:43:00,1976.94,1976.94,1976.75,1976.75,-0.01,6.27,12392.0,-1
2023-01-18,2023-01-18 11:44:00,1976.75,1976.75,1976.56,1976.56,-0.01,6.27,12392.0,-1
2023-01-18,2023-01-18 11:45:00,1976.56,1976.56,1976.38,1976.38,-0.01,6.27,12392.0,-1
2023-01-18,2023-01-18 11:46:00,1976.38,1976.38,1976.19,1976.19,-0.01,6.27,12392.0,-1
2023-01-18,2023-01-18 11:47:00,1976.19,1976.19,1976.0,1976.0,-0.01,6.27,12392.0,-1
2023-01-18,2023-01-18 11:48:00,1976.0,1976.0,1975.81,1975.81,-0.01,6.27,12392.0,-1
2023-01-18,2023-01-18 11:49:00,1975.81,1975.81,1975.62,1975.62,-0.01,6.27,12392.0,-1
2023-01-18,2023-01-18 11:50:00,1975.62,1975.62,1975.44,1975.44,-0.01,6.27,12392.0,-1
2023-01-18,2023-01-18 11:51:00,1975.44,1975.44,1975.25,1975.25,-0.01,6.27,12392.0,-1
2023-01-18,2023-01-18 11:52:00,1975.25,1975.25,1975.06,1975.06,-0.01,6.27,12392.0,-1
2023-01-18,2023-01-18 11:53:00,1975.06,1975.06,1974.88,1974.88,-0.01,6.27,12392.0,-1
2023-01-18,2023-01-18 11:54:00,1974.88,1974.88,1974.69,1974.69,-0.01,6.27,12392.0,-1
2023-01-18,2023-01-18 11:55:00,1974.69,1974.69,1974.5,1974.5,-0.01,6.27,12392.0,-1
2023-01-18,2023-01-18 11:56:00,1974.5,1974.5,1974.31,1974.31,-0.01,6.27,12392.0,-1
2023-01-18,2023-01-18 11:57:00,1974.31,1974.31,1974.12,1974.12,-0.01,6.27,12392.0,-1
2023-01-18,2023-01-18 11:58:00,1974.12,1974.12,1973.94,1973.94,-0.01,6.27,12392.0,-1
2023-01-18,2023-01-18 11:59:00,1973.94,1973.94,1973.75,1973.75,-0.01,6.27,12392.0,-1
2023-01-18,2023-01-18 12:00:00,1973.75,1973.75,1973.56,1973.56,-0.01,6.27,12392.0,-1
2023-01-18,2023-01-18 12:01:00,1973.56,1973.56,1973.38,1973.38,-0.01,6.27,12392.0,-1
2023-01-18,2023-01-18 12:02:00,1973.38,1973.38,1973.19,1973.19,-0.01,6.27,12392.0,-1
2023-01-18,2023-01-18 12:03:00,1973.19,1973.19,1973.0,1973.0,-0.01,6.27,12392.0,-1
2023-01-18,2023-01-18 12:04:00,1973.0,1973.0,1972.81,1972.81,-0.01,6.27,12392.0,-1
2023-01-18,2023-01-18 12:05:00,1972.81,1972.81,1972.62,1972.62,-0.01,6.27,12392.0,-1
2023-01-18,2023-01-18 12:06:00,1972.62,1972.62,1972.44,1972.44,-0.01,6.27,12392.0,-1
2023-01-18,2023-01-18 12:07:00,1972.44,1972.44,1972.25,1972.25,-0.01,6.27,12392.0,-1
2023-01-18,2023-01-18 12:08:00,1972.25,1972.25,1972.06,1972.06,-0.01,6.27,12392.0,-1
2023-01-18,2023-01-18 12:09:00,1972.06,1972.06,1971.88,1971.88,-0.01,6.27,12392.0,-1
2023-01-18,2023-01-18 12:10:00,1971.88,1971.88,1971.69,1971.69,-0.01,6.27,12392.0,-1
2023-01-18,2023-01-18 12:11:00,1971.69,1971.69,1971.5,1971.5,-0.01,6.27,12392.0,-1
2023-01-18,2023-01-18 12:12:00,1971.5,1971.5,1971.31,1971.31,-0.01,6.27,12392.0,-1
2023-01-18,2023-01-18 12:13:00,1971.31,1971.31,1971.12,1971.12,-0.01,6.27,12392.0,-1
2023-01-18,2023-01-18 12:14:00,1971.12,1971.12,1970.94,1970.94,-0.01,6.27,12392.0,-1
2023-01-18,2023-01-18 12:15:00,1970.94,1970.94,1970.75,1970.75,-0.01,6.27,12392.0,-1
2023-01-18,2023-01-18 12:16:00,1970.75,1970.75,1970.56,1970.56,-0.01,6.27,12392.0,-1
2023-01-18,2023-01-18 12:17:00,1970.56,1970.56,1970.38,1970.38,-0.01,6.27,12392.0,-1
2023-01-18,2023-01-18 12:18:00,1970.38,1970.38,1970.19,1970.19,-0.01,6.27,12392.0,-1
2023-01-18,2023-01-18 12:19:00,1970.19,1970.19,1970.0,1970.0,-0.01,6.27,12392.0,-1
2023-01-18,2023-01-18 12:20:00,1970.0,1970.0,1969.81,1969.81,-0.01,6.27,12392.0,-1
2023-01-18,2023-01-18 12:21:00,1969.81,1969.81,1969.62,1969.62,-0.01,6.27,12392.0,-1
2023-01-18,2023-01-18 12:22:00,1969.62,1969.62,1969.44,1969.44,-0.01,6.27,12392.0,-1
2023-01-18,2023-01-18 12:23:00,1969.44,1969.44,1969.25,1969.25,-0.01,6.27,12392.0,-1
2023-01-18,2023-01-18 12:24:00,1969.25,1969.25,1969.06,1969.06,-0.01,6.27,12392.0,-1
2023-01-18,2023-01-18 12:25:00,1969.06,1969.06,1968.88,1968.88,-0.01,6.27,12392.0,-1
2023-01-18,2023-01-18 12:26:00,1968.88,1968.88,1968.69,1968.69,-0.01,6.27,12392.0,-1
2023-01-18,2023-01-18 12:27:00,1968.69,1968.69,1968.5,1968.5,-0.01,6.27,12392.0,-1
2023-01-18,2023-01-18 12:28:00,1968.5,1968.5,1968.31,1968.31,-0.01,6.27,12392.0,-1
2023-01-18,2023-01-18 12:29:00,1968.31,1968.31,1968.12,1968.12,-0.01,6.27,12392.0,-1
2023-01-18,2023-01-18 12:30:00,1968.12,1968.12,1967.94,1967.94,-0.01,6.27,12392.0,-1
2023-01-18,2023-01-18 12:31:00,1967.94,1967.94,1967.75,1967.75,-0.01,6.27,12392.0,-1
2023-01-18,2023-01-18 12:32:00,1967.75,1967.75,1967.56,1967.56,-0.01,6.27,12392.0,-1
2023-01-18,2023-01-18 12:33:00,1967.56,1967.56,1967.38,1967.38,-0.01,6.27,12392.0,-1
2023-01-18,2023-01-18 12:34:00,1967.38,1967.38,1967.19,1967.19,-0.01,6.27,12392.0,-1
2023-01-18,2023-01-18 12:35:00,1967.19,1967.19,1967.0,1967.0,-0.01,6.27,12392.0,-1
2023-01-18,2023-01-18 12:36:00,1967.0,1967.0,1966.81,1966.81,-0.01,6.27,12392.0,-1
2023-01-18,2023-01-18 12:37:00,1966.81,1966.81,1966.62,1966.62,-0.01,6.27,12392.0,-1
2023-01-18,2023-01-18 12:38:00,1966.62,1966.62,1966.44,1966.44,-0.01,6.27,12392.0,-1
2023-01-18,2023-01-18 12:39:00,1966.44,1966.44,1966.25,1966.25,-0.01,6.27,12392.0,-1
2023-01-18,2023-01-18 12:40:00,1966.25,1966.25,1966.06,1966.06,-0.01,6.27,12392.0,-1
2023-01-18,2023-01-18 12:41:00,1966.06,1966.06,1965.88,1965.88,-0.01,6.27,12392.0,-1
2023-01-18,2023-01-18 12:42:00,1965.88,1965.88,1965.69,1965.69,-0.01,6.27,12392.0,-1
2023-01-18,2023-01-18 12:43:00,1965.69,1965.69,1965.5,1965.5,-0.01,6.27,12392.0,-1
2023-01-18,2023-01-18 12:44:00,1965.5,1965.5,1965.31,1965.31,-0.01,6.27,12392.0,-1
2023-01-18,2023-01-18 12:45:00,1965.31,1965.31,1965.12,1965.12,-0.01,6.27,12392.0,-1
2023-01-18,2023-01-18 12:46:00,1965.12,1965.12,1964.94,1964.94,-0.01,6.27,12392.0,-1
2023-01-18,2023-01-18 12:47:00,1964.94,1964.94,1964.75,1964.75,-0.01,6.27,12392.0,-1
2023-01-18,2023-01-18 12:48:00,1964.75,1964.75,1964.56,1964.56,-0.01,6.27,12392.0,-1
2023-01-18,2023-01-18 12:49:00,1964.56,1964.56,1964.38,1964.38,-0.01,6.27,12392.0,-1
2023-01-18,2023-01-18 12:50:00,1964.38,1964.38,1964.19,1964.19,-0.01,6.27,12392.0,-1
2023-01-18,2023-01-18 12:51:00,1964.19,1964.19,1964.0,1964.0,-0.01,6.27,12392.0,-1
2023-01-18,2023-01-18 12:52:00,1964.0,1964.0,1963.81,1963.81,-0.01,6.27,12392.0,-1
2023-01-18,2023-01-18 12:53:00,1963.81,1963.81,1963.62,1963.62,-0.01,6.27,12392.0,-1
2023-01-18,2023-01-18 12:54:00,1963.62,1963.62,1963.44,1963.44,-0.01,6.27,12392.0,-1
2023-01-18,2023-01-18 12:55:00,1963.44,1963.44,1963.25,1963.25,-0.01,6.27,12392.0,-1
2023-01-18,2023-01-18 12:56:00,1963.25,1963.25,1963.06,1963.06,-0.01,6.27,12392.0,-1
2023-01-18,2023-01-18 12:57:00,1963.06,1963.06,1962.88,1962.88,-0.01,6.27,12392.0,-1
2023-01-18,2023-01-18 12:58:00,1962.88,1962.88,1962.69,1962.69,-0.01,6.27,12392.0,-1
2023-01-18,2023-01-18 12:59:00,1962.69,1962.69,1962.5,1962.5,-0.01,6.27,12392.0,-1
2023-01-18,2023-01-18 13:00:00,1962.5,2010.0,1935.0,1962.31,-0.01,6.27,12392.0,-1
2023-01-18,2023-01-18 13:01:00,1962.31,1962.31,1962.12,1962.12,-0.01,6.27,12392.0,-1
2023-01-18,2023-01-18 13:02:00,1962.12,1962.12,1961.94,1961.94,-0.01,6.27,12392.0,-1
2023-01-18,2023-01-18 13:03:00,1961.94,1961.94,1961.75,1961.75,-0.01,6.27,12392.0,-1
2023-01-18,2023-01-18 13:04:00,1961.75,1961.75,1961.56,1961.56,-0.01,6.27,12392.0,-1
2023-01-18,2023-01-18 13:05:00,1961.56,1961.56,1961.38,1961.38,-0.01,6.27,12392.0,-1
2023-01-18,2023-01-18 13:06:00,1961.38,1961.38,1961.19,1961.19,-0.01,6.27,12392.0,-1
2023-01-18,2023-01-18 13:07:00,1961.19,1961.19,1961.0,1961.0,-0.01,6.27,12392.0,-1
2023-01-18,2023-01-18 13:08:00,1961.0,1961.0,1960.81,1960.81,-0.01,6.27,12392.0,-1
2023-01-18,2023-01-18 13:09:00,1960.81,1960.81,1960.62,1960.62,-0.01,6.27,12392.0,-1
2023-01-18,2023-01-18 13:10:00,1960.62,1960.62,1960.44,1960.44,-0.01,6.27,12392.0,-1
2023-01-18,2023-01-18 13:11:00,1960.44,1960.44,1960.25,1960.25,-0.01,6.27,12392.0,-1
2023-01-18,2023-01-18 13:12:00,1960.25,1960.25,1960.06,1960.06,-0.01,6.27,12392.0,-1
2023-01-18,2023-01-18 13:13:00,1960.06,1960.06,1959.88,1959.88,-0.01,6.27,12392.0,-1
2023-01-18,2023-01-18 13:14:00,1959.88,1959.88,1959.69,1959.69,-0.01,6.27,12392.0,-1
2023-01-18,2023-01-18 13:15:00,1959.69,1959.69,1959.5,1959.5,-0.01,6.27,12392.0,-1
2023-01-18,2023-01-18 13:16:00,1959.5,1959.5,1959.31,1959.31,-0.01,6.27,12392.0,-1
2023-01-18,2023-01-18 13:17:00,1959.31,1959.31,1959.12,1959.12,-0.01,6.27,12392.0,-1
2023-01-18,2023-01-18 13:18:00,1959.12,1959.12,1958.94,1958.94,-0.01,6.27,12392.0,-1
2023-01-18,2023-01-18 13:19:00,1958.94,1958.94,1958.75,1958.75,-0.01,6.27,12392.0,-1
2023-01-18,2023-01-18 13:20:00,1958.75,1958.75,1958.56,1958.56,-0.01,6.27,12392.0,-1
2023-01-18,2023-01-18 13:21:00,1958.56,1958.56,1958.38,1958.38,-0.01,6.27,12392.0,-1
2023-01-18,2023-01-18 13:22:00,1958.38,1958.38,1958.19,1958.19,-0.01,6.27,12392.0,-1
2023-01-18,2023-01-18 13:23:00,1958.19,1958.19,1958.0,1958.0,-0.01,6.27,12392.0,-1
2023-01-18,2023-01-18 13:24:00,1958.0,1958.0,1957.81,1957.81,-0.01,6.27,12392.0,-1
2023-01-18,2023-01-18 13:25:00,1957.81,1957.81,1957.62,1957.62,-0.01,6.27,12392.0,-1
2023-01-18,2023-01-18 13:26:00,1957.62,1957.62,1957.44,1957.44,-0.01,6.27,12392.0,-1
2023-01-18,2023-01-18 13:27:00,1957.44,1957.44,1957.25,1957.25,-0.01,6.27,12392.0,-1
2023-01-18,2023-01-18 13:28:00,1957.25,1957.25,1957.06,1957.06,-0.01,6.27,12392.0,-1
2023-01-18,2023-01-18 13:29:00,1957.06,1957.06,1956.88,1956.88,-0.01,6.27,12392.0,-1
2023-01-18,2023-01-18 13:30:00,1956.88,1956.88,1956.69,1956.69,-0.01,6.27,12392.0,-1
2023-01-18,2023-01-18 13:31:00,1956.69,1956.69,1956.5,1956.5,-0.01,6.27,12392.0,-1
2023-01-18,2023-01-18 13:32:00,1956.5,1956.5,1956.31,1956.31,-0.01,6.27,12392.0,-1
2023-01-18,2023-01-18 13:33:00,1956.31,1956.31,1956.12,1956.12,-0.01,6.27,12392.0,-1
2023-01-18,2023-01-18 13:34:00,1956.12,1956.12,1955.94,1955.94,-0.01,6.27,12392.0,-1
2023-01-18,2023-01-18 13:35:00,1955.94,1955.94,1955.75,1955.75,-0.01,6.27,12392.0,-1
2023-01-18,2023-01-18 13:36:00,1955.75,1955.75,1955.56,1955.56,-0.01,6.27,12392.0,-1
2023-01-18,2023-01-18 13:37:00,1955.56,1955.56,1955.38,1955.38,-0.01,6.27,12392.0,-1
2023-01-18,2023-01-18 13:38:00,1955.38,1955.38,1955.19,1955.19,-0.01,6.27,12392.0,-1
2023-01-18,2023-01-18 13:39:00,1955.19,1955.19,1955.0,1955.0,-0.01,6.27,12392.0,-1
2023-01-18,2023-01-18 13:40:00,1955.0,1955.0,1954.81,1954.81,-0.01,6.27,12392.0,-1
2023-01-18,2023-01-18 13:41:00,1954.81,1954.81,1954.62,1954.62,-0.01,6.27,12392.0,-1
2023-01-18,2023-01-18 13:42:00,1954.62,1954.62,1954.44,1954.44,-0.01,6.27,12392.0,-1
2023-01-18,2023-01-18 13:43:00,1954.44,1954.44,1954.25,1954.25,-0.01,6.27,12392.0,-1
2023-01-18,2023-01-18 13:44:00,1954.25,1954.25,1954.06,1954.06,-0.01,6.27,12392.0,-1
2023-01-18,2023-01-18 13:45:00,1954.06,1954.06,1953.88,1953.88,-0.01,6.27,12392.0,-1
2023-01-18,2023-01-18 13:46:00,1953.88,1953.88,1953.69,1953.69,-0.01,6.27,12392.0,-1
2023-01-18,2023-01-18 13:47:00,1953.69,1953.69,1953.5,1953.5,-0.01,6.27,12392.0,-1
2023-01-18,2023-01-18 13:48:00,1953.5,1953.5,1953.31,1953.31,-0.01,6.27,12392.0,-1
2023-01-18,2023-01-18 13:49:00,1953.31,1953.31,1953.12,1953.12,-0.01,6.27,12392.0,-1
2023-01-18,2023-01-18 13:50:00,1953.12,1953.12,1952.94,1952.94,-0.01,6.27,12392.0,-1
2023-01-18,2023-01-18 13:51:00,1952.94,1952.94,1952.75,1952.75,-0.01,6.27,12392.0,-1
2023-01-18,2023-01-18 13:52:00,1952.75,1952.75,1952.56,1952.56,-0.01,6.27,12392.0,-1
2023-01-18,2023-01-18 13:53:00,1952.56,1952.56,1952.38,1952.38,-0.01,6.27,12392.0,-1
2023-01-18,2023-01-18 13:54:00,1952.38,1952.38,1952.19,1952.19,-0.01,6.27,12392.0,-1
2023-01-18,2023-01-18 13:55:00,1952.19,1952.19,1952.0,1952.0,-0.01,6.27,12392.0,-1
2023-01-18,2023-01-18 13:56:00,1952.0,1952.0,1951.81,1951.81,-0.01,6.27,12392.0,-1
2023-01-18,2023-01-18 13:57:00,1951.81,1951.81,1951.62,1951.62,-0.01,6.27,12392.0,-1
2023-01-18,2023-01-18 13:58:00,1951.62,1951.62,1951.44,1951.44,-0.01,6.27,12392.0,-1
2023-01-18,2023-01-18 13:59:00,1951.44,1951.44,1951.25,1951.25,-0.01,6.27,12392.0,-1
2023-01-18,2023-01-18 14:00:00,1951.25,1951.25,1951.06,1951.06,-0.01,6.27,12392.0,-1
2023-01-18,2023-01-18 14:01:00,1951.06,1951.06,1950.88,1950.88,-0.01,6.27,12392.0,-1
2023-01-18,2023-01-18 14:02:00,1950.88,1950.88,1950.69,1950.69,-0.01,6.27,12392.0,-1
2023-01-18,2023-01-18 14:03:00,1950.69,1950.69,1950.5,1950.5,-0.01,6.27,12392.0,-1
2023-01-18,2023-01-18 14:04:00,1950.5,1950.5,1950.31,1950.31,-0.01,6.27,12392.0,-1
2023-01-18,2023-01-18 14:05:00,1950.31,1950.31,1950.12,1950.12,-0.01,6.27,12392.0,-1
2023-01-18,2023-01-18 14:06:00,1950.12,1950.12,1949.94,1949.94,-0.01,6.27,12392.0,-1
2023-01-18,2023-01-18 14:07:00,1949.94,1949.94,1949.75,1949.75,-0.01,6.27,12392.0,-1
2023-01-18,2023-01-18 14:08:00,1949.75,1949.75,1949.56,1949.56,-0.01,6.27,12392.0,-1
2023-01-18,2023-01-18 14:09:00,1949.56,1949.56,1949.38,1949.38,-0.01,6.27,12392.0,-1
2023-01-18,2023-01-18 14:10:00,1949.38,1949.38,1949.19,1949.19,-0.01,6.27,12392.0,-1
2023-01-18,2023-01-18 14:11:00,1949.19,1949.19,1949.0,1949.0,-0.01,6.27,12392.0,-1
2023-01-18,2023-01-18 14:12:00,1949.0,1949.0,1948.81,1948.81,-0.01,6.27,12392.0,-1
2023-01-18,2023-01-18 14:13:00,1948.81,1948.81,1948.62,1948.62,-0.01,6.27,12392.0,-1
2023-01-18,2023-01-18 14:14:00,1948.62,1948.62,1948.44,1948.44,-0.01,6.27,12392.0,-1
2023-01-18,2023-01-18 14:15:00,1948.44,1948.44,1948.25,1948.25,-0.01,6.27,12392.0,-1
2023-01-18,2023-01-18 14:16:00,1948.25,1948.25,1948.06,1948.06,-0.01,6.27,12392.0,-1
2023-01-18,2023-01-18 14:17:00,1948.06,1948.06,1947.88,1947.88,-0.01,6.27,12392.0,-1
2023-01-18,2023-01-18 14:18:00,1947.88,1947.88,1947.69,1947.69,-0.01,6.27,12392.0,-1
2023-01-18,2023-01-18 14:19:00,1947.69,1947.69,1947.5,1947.5,-0.01,6.27,12392.0,-1
2023-01-18,2023-01-18 14:20:00,1947.5,1947.5,1947.31,1947.31,-0.01,6.27,12392.0,-1
2023-01-18,2023-01-18 14:21:00,1947.31,1947.31,1947.12,1947.12,-0.01,6.27,12392.0,-1
2023-01-18,2023-01-18 14:22:00,1947.12,1947.12,1946.94,1946.94,-0.01,6.27,12392.0,-1
2023-01-18,2023-01-18 14:23:00,1946.94,1946.94,1946.75,1946.75,-0.01,6.27,12392.0,-1
2023-01-18,2023-01-18 14:24:00,1946.75,1946.75,1946.56,1946.56,-0.01,6.27,12392.0,-1
2023-01-18,2023-01-18 14:25:00,1946.56,1946.56,1946.38,1946.38,-0.01,6.27,12392.0,-1
2023-01-18,2023-01-18 14:26:00,1946.38,1946.38,1946.19,1946.19,-0.01,6.27,12392.0,-1
2023-01-18,2023-01-18 14:27:00,1946.19,1946.19,1946.0,1946.0,-0.01,6.27,12392.0,-1
2023-01-18,2023-01-18 14:28:00,1946.0,1946.0,1945.81,1945.81,-0.01,6.27,12392.0,-1
2023-01-18,2023-01-18 14:29:00,1945.81,1945.81,1945.62,1945.62,-0.01,6.27,12392.0,-1
2023-01-18,2023-01-18 14:30:00,1945.62,1945.62,1945.44,1945.44,-0.01,6.27,12392.0,-1
2023-01-18,2023-01-18 14:31:00,1945.44,1945.44,1945.25,1945.25,-0.01,6.27,12392.0,-1
2023-01-18,2023-01-18 14:32:00,1945.25,1945.25,1945.06,1945.06,-0.01,6.27,12392.0,-1
2023-01-18,2023-01-18 14:33:00,1945.06,1945.06,1944.88,1944.88,-0.01,6.27,12392.0,-1
2023-01-18,2023-01-18 14:34:00,1944.88,1944.88,1944.69,1944.69,-0.01,6.27,12392.0,-1
2023-01-18,2023-01-18 14:35:00,1944.69,1944.69,1944.5,1944.5,-0.01,6.27,12392.0,-1
2023-01-18,2023-01-18 14:36:00,1944.5,1944.5,1944.31,1944.31,-0.01,6.27,12392.0,-1
2023-01-18,2023-01-18 14:37:00,1944.31,1944.31,1944.12,1944.12,-0.01,6.27,12392.0,-1
2023-01-18,2023-01-18 14:38:00,1944.12,1944.12,1943.94,1943.94,-0.01,6.27,12392.0,-1
2023-01-18,2023-01-18 14:39:00,1943.94,1943.94,1943.75,1943.75,-0.01,6.27,12392.0,-1
2023-01-18,2023-01-18 14:40:00,1943.75,1943.75,1943.56,1943.56,-0.01,6.27,12392.0,-1
2023-01-18,2023-01-18 14:41:00,1943.56,1943.56,1943.38,1943.38,-0.01,6.27,12392.0,-1
2023-01-18,2023-01-18 14:42:00,1943.38,1943.38,1943.19,1943.19,-0.01,6.27,12392.0,-1
2023-01-18,2023-01-18 14:43:00,1943.19,1943.19,1943.0,1943.0,-0.01,6.27,12392.0,-1
2023-01-18,2023-01-18 14:44:00,1943.0,1943.0,1942.81,1942.81,-0.01,6.27,12392.0,-1
2023-01-18,2023-01-18 14:45:00,1942.81,1942.81,1942.62,1942.62,-0.01,6.27,12392.0,-1
2023-01-18,2023-01-18 14:46:00,1942.62,1942.62,1942.44,1942.44,-0.01,6.27,12392.0,-1
2023-01-18,2023-01-18 14:47:00,1942.44,1942.44,1942.25,1942.25,-0.01,6.27,12392.0,-1
2023-01-18,2023-01-18 14:48:00,1942.25,1942.25,1942.06,1942.06,-0.01,6.27,12392.0,-1
2023-01-18,2023-01-18 14:49:00,1942.06,1942.06,1941.88,1941.88,-0.01,6.27,12392.0,-1
2023-01-18,2023-01-18 14:50:00,1941.88,1941.88,1941.69,1941.69,-0.01,6.27,12392.0,-1
2023-01-18,2023-01-18 14:51:00,1941.69,1941.69,1941.5,1941.5,-0.01,6.27,12392.0,-1
2023-01-18,2023-01-18 14:52:00,1941.5,1941.5,1941.31,1941.31,-0.01,6.27,12392.0,-1
2023-01-18,2023-01-18 14:53:00,1941.31,1941.31,1941.12,1941.12,-0.01,6.27,12392.0,-1
2023-01-18,2023-01-18 14:54:00,1941.12,1941.12,1940.94,1940.94,-0.01,6.27,12392.0,-1
2023-01-18,2023-01-18 14:55:00,1940.94,1940.94,1940.75,1940.75,-0.01,6.27,12392.0,-1
2023-01-18,2023-01-18 14:56:00,1940.75,1940.75,1940.56,1940.56,-0.01,6.27,12392.0,-1
2023-01-18,2023-01-18 14:57:00,1940.56,1940.56,1940.38,1940.38,-0.01,6.27,12392.0,-1
2023-01-18,2023-01-18 14:58:00,1940.38,1940.38,1940.19,1940.19,-0.01,6.27,12392.0,-1
2023-01-18,2023-01-18 14:59:00,1940.19,1940.19,1940.0,1940.0,-0.01,6.27,12392.0,-1
2023-01-18,2023-01-18 15:00:00,1940.0,2010.0,1935.0,1940.0,0.0,6.27,12392.0,0
2023-01-19,2023-01-19 11:00:00,1915.0,1922.5,1911.16,1915.0,0.0,4.12,7884.84,0
2023-01-19,2023-01-19 11:01:00,1915.0,1915.0,1915.0,1915.0,0.0,4.12,7884.84,0
2023-01-19,2023-01-19 11:02:00,1915.0,1915.0,1915.0,1915.0,0.0,4.12,7884.84,0
2023-01-19,2023-01-19 11:03:00,1915.0,1915.0,1915.0,1915.0,0.0,4.12,7884.84,0
2023-01-19,2023-01-19 11:04:00,1915.0,1915.0,1915.0,1915.0,0.0,4.12,7884.84,0
2023-01-19,2023-01-19 11:05:00,1915.0,1915.0,1915.0,1915.0,0.0,4.12,7884.84,0
2023-01-19,2023-01-19 11:06:00,1915.0,1915.0,1915.0,1915.0,0.0,4.12,7884.84,0
2023-01-19,2023-01-19 11:07:00,1915.0,1915.0,1915.0,1915.0,0.0,4.12,7884.84,0
2023-01-19,2023-01-19 11:08:00,1915.0,1915.0,1915.0,1915.0,0.0,4.12,7884.84,0
2023-01-19,2023-01-19 11:09:00,1915.0,1915.0,1915.0,1915.0,0.0,4.12,7884.84,0
2023-01-19,2023-01-19 11:10:00,1915.0,1915.0,1915.0,1915.0,0.0,4.12,7884.84,0
2023-01-19,2023-01-19 11:11:00,1915.0,1915.0,1915.0,1915.0,0.0,4.12,7884.84,0
2023-01-19,2023-01-19 11:12:00,1915.0,1915.0,1915.0,1915.0,0.0,4.12,7884.84,0
2023-01-19,2023-01-19 11:13:00,1915.0,1915.0,1915.0,1915.0,0.0,4.12,7884.84,0
2023-01-19,2023-01-19 11:14:00,1915.0,1915.0,1915.0,1915.0,0.0,4.12,7884.84,0
2023-01-19,2023-01-19 11:15:00,1915.0,1915.0,1915.0,1915.0,0.0,4.12,7884.84,0
2023-01-19,2023-01-19 11:16:00,1915.0,1915.0,1915.0,1915.0,0.0,4.12,7884.84,0
2023-01-19,2023-01-19 11:17:00,1915.0,1915.0,1915.0,1915.0,0.0,4.12,7884.84,0
2023-01-19,2023-01-19 11:18:00,1915.0,1915.0,1915.0,1915.0,0.0,4.12,7884.84,0
2023-01-19,2023-01-19 11:19:00,1915.0,1915.0,1915.0,1915.0,0.0,4.12,7884.84,0
2023-01-19,2023-01-19 11:20:00,1915.0,1915.0,1915.0,1915.0,0.0,4.12,7884.84,0
2023-01-19,2023-01-19 11:21:00,1915.0,1915.0,1915.0,1915.0,0.0,4.12,7884.84,0
2023-01-19,2023-01-19 11:22:00,1915.0,1915.0,1915.0,1915.0,0.0,4.12,7884.84,0
2023-01-19,2023-01-19 11:23:00,1915.0,1915.0,1915.0,1915.0,0.0,4.12,7884.84,0
2023-01-19,2023-01-19 11:24:00,1915.0,1915.0,1915.0,1915.0,0.0,4.12,7884.84,0
2023-01-19,2023-01-19 11:25:00,1915.0,1915.0,1915.0,1915.0,0.0,4.12,7884.84,0
2023-01-19,2023-01-19 11:26:00,1915.0,1915.0,1915.0,1915.0,0.0,4.12,7884.84,0
2023-01-19,2023-01-19 11:27:00,1915.0,1915.0,1915.0,1915.0,0.0,4.12,7884.84,0
2023-01-19,2023-01-19 11:28:00,1915.0,1915.0,1915.0,1915.0,0.0,4.12,7884.84,0
2023-01-19,2023-01-19 11:29:00,1915.0,1915.0,1915.0,1915.0,0.0,4.12,7884.84,0
2023-01-19,2023-01-19 11:30:00,1915.0,1915.0,1915.0,1915.0,0.0,4.12,7884.84,0
2023-01-19,2023-01-19 11:31:00,1915.0,1915.0,1915.0,1915.0,0.0,4.12,7884.84,0
2023-01-19,2023-01-19 11:32:00,1915.0,1915.0,1915.0,1915.0,0.0,4.12,7884.84,0
2023-01-19,2023-01-19 11:33:00,1915.0,1915.0,1915.0,1915.0,0.0,4.12,7884.84,0
2023-01-19,2023-01-19 11:34:00,1915.0,1915.0,1915.0,1915.0,0.0,4.12,7884.84,0
2023-01-19,2023-01-19 11:35:00,1915.0,1915.0,1915.0,1915.0,0.0,4.12,7884.84,0
2023-01-19,2023-01-19 11:36:00,1915.0,1915.0,1915.0,1915.0,0.0,4.12,7884.84,0
2023-01-19,2023-01-19 11:37:00,1915.0,1915.0,1915.0,1915.0,0.0,4.12,7884.84,0
2023-01-19,2023-01-19 11:38:00,1915.0,1915.0,1915.0,1915.0,0.0,4.12,7884.84,0
2023-01-19,2023-01-19 11:39:00,1915.0,1915.0,1915.0,1915.0,0.0,4.12,7884.84,0
2023-01-19,2023-01-19 11:40:00,1915.0,1915.0,1915.0,1915.0,0.0,4.12,7884.84,0
2023-01-19,2023-01-19 11:41:00,1915.0,1915.0,1915.0,1915.0,0.0,4.12,7884.84,0
2023-01-19,2023-01-19 11:42:00,1915.0,1915.0,1915.0,1915.0,0.0,4.12,7884.84,0
2023-01-19,2023-01-19 11:43:00,1915.0,1915.0,1915.0,1915.0,0.0,4.12,7884.84,0
2023-01-19,2023-01-19 11:44:00,1915.0,1915.0,1915.0,1915.0,0.0,4.12,7884.84,0
2023-01-19,2023-01-19 11:45:00,1915.0,1915.0,1915.0,1915.0,0.0,4.12,7884.84,0
2023-01-19,2023-01-19 11:46:00,1915.0,1915.0,1915.0,1915.0,0.0,4.12,7884.84,0
2023-01-19,2023-01-19 11:47:00,1915.0,1915.0,1915.0,1915.0,0.0,4.12,7884.84,0
2023-01-19,2023-01-19 11:48:00,1915.0,1915.0,1915.0,1915.0,0.0,4.12,7884.84,0
2023-01-19,2023-01-19 11:49:00,1915.0,1915.0,1915.0,1915.0,0.0,4.12,7884.84,0
2023-01-19,2023-01-19 11:50:00,1915.0,1915.0,1915.0,1915.0,0.0,4.12,7884.84,0
2023-01-19,2023-01-19 11:51:00,1915.0,1915.0,1915.0,1915.0,0.0,4.12,7884.84,0
2023-01-19,2023-01-19 11:52:00,1915.0,1915.0,1915.0,1915.0,0.0,4.12,7884.84,0
2023-01-19,2023-01-19 11:53:00,1915.0,1915.0,1915.0,1915.0,0.0,4.12,7884.84,0
2023-01-19,2023-01-19 11:54:00,1915.0,1915.0,1915.0,1915.0,0.0,4.12,7884.84,0
2023-01-19,2023-01-19 11:55:00,1915.0,1915.0,1915.0,1915.0,0.0,4.12,7884.84,0
2023-01-19,2023-01-19 11:56:00,1915.0,1915.0,1915.0,1915.0,0.0,4.12,7884.84,0
2023-01-19,2023-01-19 11:57:00,1915.0,1915.0,1915.0,1915.0,0.0,4.12,7884.84,0
2023-01-19,2023-01-19 11:58:00,1915.0,1915.0,1915.0,1915.0,0.0,4.12,7884.84,0
2023-01-19,2023-01-19 11:59:00,1915.0,1915.0,1915.0,1915.0,0.0,4.12,7884.84,0
2023-01-19,2023-01-19 12:00:00,1915.0,1915.0,1915.0,1915.0,0.0,4.12,7884.84,0
2023-01-19,2023-01-19 12:01:00,1915.0,1915.0,1915.0,1915.0,0.0,4.12,7884.84,0
2023-01-19,2023-01-19 12:02:00,1915.0,1915.0,1915.0,1915.0,0.0,4.12,7884.84,0
2023-01-19,2023-01-19 12:03:00,1915.0,1915.0,1915.0,1915.0,0.0,4.12,7884.84,0
2023-01-19,2023-01-19 12:04:00,1915.0,1915.0,1915.0,1915.0,0.0,4.12,7884.84,0
2023-01-19,2023-01-19 12:05:00,1915.0,1915.0,1915.0,1915.0,0.0,4.12,7884.84,0
2023-01-19,2023-01-19 12:06:00,1915.0,1915.0,1915.0,1915.0,0.0,4.12,7884.84,0
2023-01-19,2023-01-19 12:07:00,1915.0,1915.0,1915.0,1915.0,0.0,4.12,7884.84,0
2023-01-19,2023-01-19 12:08:00,1915.0,1915.0,1915.0,1915.0,0.0,4.12,7884.84,0
2023-01-19,2023-01-19 12:09:00,1915.0,1915.0,1915.0,1915.0,0.0,4.12,7884.84,0
2023-01-19,2023-01-19 12:10:00,1915.0,1915.0,1915.0,1915.0,0.0,4.12,7884.84,0
2023-01-19,2023-01-19 12:11:00,1915.0,1915.0,1915.0,1915.0,0.0,4.12,7884.84,0
2023-01-19,2023-01-19 12:12:00,1915.0,1915.0,1915.0,1915.0,0.0,4.12,7884.84,0
2023-01-19,2023-01-19 12:13:00,1915.0,1915.0,1915.0,1915.0,0.0,4.12,7884.84,0
2023-01-19,2023-01-19 12:14:00,1915.0,1915.0,1915.0,1915.0,0.0,4.12,7884.84,0
2023-01-19,2023-01-19 12:15:00,1915.0,1915.0,1915.0,1915.0,0.0,4.12,7884.84,0
2023-01-19,2023-01-19 12:16:00,1915.0,1915.0,1915.0,1915.0,0.0,4.12,7884.84,0
2023-01-19,2023-01-19 12:17:00,1915.0,1915.0,1915.0,1915.0,0.0,4.12,7884.84,0
2023-01-19,2023-01-19 12:18:00,1915.0,1915.0,1915.0,1915.0,0.0,4.12,7884.84,0
2023-01-19,2023-01-19 12:19:00,1915.0,1915.0,1915.0,1915.0,0.0,4.12,7884.84,0
2023-01-19,2023-01-19 12:20:00,1915.0,1915.0,1915.0,1915.0,0.0,4.12,7884.84,0
2023-01-19,2023-01-19 12:21:00,1915.0,1915.0,1915.0,1915.0,0.0,4.12,7884.84,0
2023-01-19,2023-01-19 12:22:00,1915.0,1915.0,1915.0,1915.0,0.0,4.12,7884.84,0
2023-01-19,2023-01-19 12:23:00,1915.0,1915.0,1915.0,1915.0,0.0,4.12,7884.84,0
2023-01-19,2023-01-19 12:24:00,1915.0,1915.0,1915.0,1915.0,0.0,4.12,7884.84,0
2023-01-19,2023-01-19 12:25:00,1915.0,1915.0,1915.0,1915.0,0.0,4.12,7884.84,0
2023-01-19,2023-01-19 12:26:00,1915.0,1915.0,1915.0,1915.0,0.0,4.12,7884.84,0
2023-01-19,2023-01-19 12:27:00,1915.0,1915.0,1915.0,1915.0,0.0,4.12,7884.84,0
2023-01-19,2023-01-19 12:28:00,1915.0,1915.0,1915.0,1915.0,0.0,4.12,7884.84,0
2023-01-19,2023-01-19 12:29:00,1915.0,1915.0,1915.0,1915.0,0.0,4.12,7884.84,0
2023-01-19,2023-01-19 12:30:00,1915.0,1915.0,1915.0,1915.0,0.0,4.12,7884.84,0
2023-01-19,2023-01-19 12:31:00,1915.0,1915.0,1915.0,1915.0,0.0,4.12,7884.84,0
2023-01-19,2023-01-19 12:32:00,1915.0,1915.0,1915.0,1915.0,0.0,4.12,7884.84,0
2023-01-19,2023-01-19 12:33:00,1915.0,1915.0,1915.0,1915.0,0.0,4.12,7884.84,0
2023-01-19,2023-01-19 12:34:00,1915.0,1915.0,1915.0,1915.0,0.0,4.12,7884.84,0
2023-01-19,2023-01-19 12:35:00,1915.0,1915.0,1915.0,1915.0,0.0,4.12,7884.84,0
2023-01-19,2023-01-19 12:36:00,1915.0,1915.0,1915.0,1915.0,0.0,4.12,7884.84,0
2023-01-19,2023-01-19 12:37:00,1915.0,1915.0,1915.0,1915.0,0.0,4.12,7884.84,0
2023-01-19,2023-01-19 12:38:00,1915.0,1915.0,1915.0,1915.0,0.0,4.12,7884.84,0
2023-01-19,2023-01-19 12:39:00,1915.0,1915.0,1915.0,1915.0,0.0,4.12,7884.84,0
2023-01-19,2023-01-19 12:40:00,1915.0,1915.0,1915.0,1915.0,0.0,4.12,7884.84,0
2023-01-19,2023-01-19 12:41:00,1915.0,1915.0,1915.0,1915.0,0.0,4.12,7884.84,0
2023-01-19,2023-01-19 12:42:00,1915.0,1915.0,1915.0,1915.0,0.0,4.12,7884.84,0
2023-01-19,2023-01-19 12:43:00,1915.0,1915.0,1915.0,1915.0,0.0,4.12,7884.84,0
2023-01-19,2023-01-19 12:44:00,1915.0,1915.0,1915.0,1915.0,0.0,4.12,7884.84,0
2023-01-19,2023-01-19 12:45:00,1915.0,1915.0,1915.0,1915.0,0.0,4.12,7884.84,0
2023-01-19,2023-01-19 12:46:00,1915.0,1915.0,1915.0,1915.0,0.0,4.12,7884.84,0
2023-01-19,2023-01-19 12:47:00,1915.0,1915.0,1915.0,1915.0,0.0,4.12,7884.84,0
2023-01-19,2023-01-19 12:48:00,1915.0,1915.0,1915.0,1915.0,0.0,4.12,7884.84,0
2023-01-19,2023-01-19 12:49:00,1915.0,1915.0,1915.0,1915.0,0.0,4.12,7884.84,0
2023-01-19,2023-01-19 12:50:00,1915.0,1915.0,1915.0,1915.0,0.0,4.12,7884.84,0
2023-01-19,2023-01-19 12:51:00,1915.0,1915.0,1915.0,1915.0,0.0,4.12,7884.84,0
2023-01-19,2023-01-19 12:52:00,1915.0,1915.0,1915.0,1915.0,0.0,4.12,7884.84,0
2023-01-19,2023-01-19 12:53:00,1915.0,1915.0,1915.0,1915.0,0.0,4.12,7884.84,0
2023-01-19,2023-01-19 12:54:00,1915.0,1915.0,1915.0,1915.0,0.0,4.12,7884.84,0
2023-01-19,2023-01-19 12:55:00,1915.0,1915.0,1915.0,1915.0,0.0,4.12,7884.84,0
2023-01-19,2023-01-19 12:56:00,1915.0,1915.0,1915.0,1915.0,0.0,4.12,7884.84,0
2023-01-19,2023-01-19 12:57:00,1915.0,1915.0,1915.0,1915.0,0.0,4.12,7884.84,0
2023-01-19,2023-01-19 12:58:00,1915.0,1915.0,1915.0,1915.0,0.0,4.12,7884.84,0
2023-01-19,2023-01-19 12:59:00,1915.0,1915.0,1915.0,1915.0,0.0,4.12,7884.84,0
2023-01-19,2023-01-19 13:00:00,1915.0,1940.0,1902.2,1915.0,0.0,4.12,7884.84,0
2023-01-19,2023-01-19 13:01:00,1915.0,1915.0,1915.0,1915.0,0.0,4.12,7884.84,0
2023-01-19,2023-01-19 13:02:00,1915.0,1915.0,1915.0,1915.0,0.0,4.12,7884.84,0
2023-01-19,2023-01-19 13:03:00,1915.0,1915.0,1915.0,1915.0,0.0,4.12,7884.84,0
2023-01-19,2023-01-19 13:04:00,1915.0,1915.0,1915.0,1915.0,0.0,4.12,7884.84,0
2023-01-19,2023-01-19 13:05:00,1915.0,1915.0,1915.0,1915.0,0.0,4.12,7884.84,0
2023-01-19,2023-01-19 13:06:00,1915.0,1915.0,1915.0,1915.0,0.0,4.12,7884.84,0
2023-01-19,2023-01-19 13:07:00,1915.0,1915.0,1915.0,1915.0,0.0,4.12,7884.84,0
2023-01-19,2023-01-19 13:08:00,1915.0,1915.0,1915.0,1915.0,0.0,4.12,7884.84,0
2023-01-19,2023-01-19 13:09:00,1915.0,1915.0,1915.0,1915.0,0.0,4.12,7884.84,0
2023-01-19,2023-01-19 13:10:00,1915.0,1915.0,1915.0,1915.0,0.0,4.12,7884.84,0
2023-01-19,2023-01-19 13:11:00,1915.0,1915.0,1915.0,1915.0,0.0,4.12,7884.84,0
2023-01-19,2023-01-19 13:12:00,1915.0,1915.0,1915.0,1915.0,0.0,4.12,7884.84,0
2023-01-19,2023-01-19 13:13:00,1915.0,1915.0,1915.0,1915.0,0.0,4.12,7884.84,0
2023-01-19,2023-01-19 13:14:00,1915.0,1915.0,1915.0,1915.0,0.0,4.12,7884.84,0
2023-01-19,2023-01-19 13:15:00,1915.0,1915.0,1915.0,1915.0,0.0,4.12,7884.84,0
2023-01-19,2023-01-19 13:16:00,1915.0,1915.0,1915.0,1915.0,0.0,4.12,7884.84,0
2023-01-19,2023-01-19 13:17:00,1915.0,1915.0,1915.0,1915.0,0.0,4.12,7884.84,0
2023-01-19,2023-01-19 13:18:00,1915.0,1915.0,1915.0,1915.0,0.0,4.12,7884.84,0
2023-01-19,2023-01-19 13:19:00,1915.0,1915.0,1915.0,1915.0,0.0,4.12,7884.84,0
2023-01-19,2023-01-19 13:20:00,1915.0,1915.0,1915.0,1915.0,0.0,4.12,7884.84,0
2023-01-19,2023-01-19 13:21:00,1915.0,1915.0,1915.0,1915.0,0.0,4.12,7884.84,0
2023-01-19,2023-01-19 13:22:00,1915.0,1915.0,1915.0,1915.0,0.0,4.12,7884.84,0
2023-01-19,2023-01-19 13:23:00,1915.0,1915.0,1915.0,1915.0,0.0,4.12,7884.84,0
2023-01-19,2023-01-19 13:24:00,1915.0,1915.0,1915.0,1915.0,0.0,4.12,7884.84,0
2023-01-19,2023-01-19 13:25:00,1915.0,1915.0,1915.0,1915.0,0.0,4.12,7884.84,0
2023-01-19,2023-01-19 13:26:00,1915.0,1915.0,1915.0,1915.0,0.0,4.12,7884.84,0
2023-01-19,2023-01-19 13:27:00,1915.0,1915.0,1915.0,1915.0,0.0,4.12,7884.84,0
2023-01-19,2023-01-19 13:28:00,1915.0,1915.0,1915.0,1915.0,0.0,4.12,7884.84,0
2023-01-19,2023-01-19 13:29:00,1915.0,1915.0,1915.0,1915.0,0.0,4.12,7884.84,0
2023-01-19,2023-01-19 13:30:00,1915.0,1915.0,1915.0,1915.0,0.0,4.12,7884.84,0
2023-01-19,2023-01-19 13:31:00,1915.0,1915.0,1915.0,1915.0,0.0,4.12,7884.84,0
2023-01-19,2023-01-19 13:32:00,1915.0,1915.0,1915.0,1915.0,0.0,4.12,7884.84,0
2023-01-19,2023-01-19 13:33:00,1915.0,1915.0,1915.0,1915.0,0.0,4.12,7884.84,0
2023-01-19,2023-01-19 13:34:00,1915.0,1915.0,1915.0,1915.0,0.0,4.12,7884.84,0
2023-01-19,2023-01-19 13:35:00,1915.0,1915.0,1915.0,1915.0,0.0,4.12,7884.84,0
2023-01-19,2023-01-19 13:36:00,1915.0,1915.0,1915.0,1915.0,0.0,4.12,7884.84,0
2023-01-19,2023-01-19 13:37:00,1915.0,1915.0,1915.0,1915.0,0.0,4.12,7884.84,0
2023-01-19,2023-01-19 13:38:00,1915.0,1915.0,1915.0,1915.0,0.0,4.12,7884.84,0
2023-01-19,2023-01-19 13:39:00,1915.0,1915.0,1915.0,1915.0,0.0,4.12,7884.84,0
2023-01-19,2023-01-19 13:40:00,1915.0,1915.0,1915.0,1915.0,0.0,4.12,7884.84,0
2023-01-19,2023-01-19 13:41:00,1915.0,1915.0,1915.0,1915.0,0.0,4.12,7884.84,0
2023-01-19,2023-01-19 13:42:00,1915.0,1915.0,1915.0,1915.0,0.0,4.12,7884.84,0
2023-01-19,2023-01-19 13:43:00,1915.0,1915.0,1915.0,1915.0,0.0,4.12,7884.84,0
2023-01-19,2023-01-19 13:44:00,1915.0,1915.0,1915.0,1915.0,0.0,4.12,7884.84,0
2023-01-19,2023-01-19 13:45:00,1915.0,1915.0,1915.0,1915.0,0.0,4.12,7884.84,0
2023-01-19,2023-01-19 13:46:00,1915.0,1915.0,1915.0,1915.0,0.0,4.12,7884.84,0
2023-01-19,2023-01-19 13:47:00,1915.0,1915.0,1915.0,1915.0,0.0,4.12,7884.84,0
2023-01-19,2023-01-19 13:48:00,1915.0,1915.0,1915.0,1915.0,0.0,4.12,7884.84,0
2023-01-19,2023-01-19 13:49:00,1915.0,1915.0,1915.0,1915.0,0.0,4.12,7884.84,0
2023-01-19,2023-01-19 13:50:00,1915.0,1915.0,1915.0,1915.0,0.0,4.12,7884.84,0
2023-01-19,2023-01-19 13:51:00,1915.0,1915.0,1915.0,1915.0,0.0,4.12,7884.84,0
2023-01-19,2023-01-19 13:52:00,1915.0,1915.0,1915.0,1915.0,0.0,4.12,7884.84,0
2023-01-19,2023-01-19 13:53:00,1915.0,1915.0,1915.0,1915.0,0.0,4.12,7884.84,0
2023-01-19,2023-01-19 13:54:00,1915.0,1915.0,1915.0,1915.0,0.0,4.12,7884.84,0
2023-01-19,2023-01-19 13:55:00,1915.0,1915.0,1915.0,1915.0,0.0,4.12,7884.84,0
2023-01-19,2023-01-19 13:56:00,1915.0,1915.0,1915.0,1915.0,0.0,4.12,7884.84,0
2023-01-19,2023-01-19 13:57:00,1915.0,1915.0,1915.0,1915.0,0.0,4.12,7884.84,0
2023-01-19,2023-01-19 13:58:00,1915.0,1915.0,1915.0,1915.0,0.0,4.12,7884.84,0
2023-01-19,2023-01-19 13:59:00,1915.0,1915.0,1915.0,1915.0,0.0,4.12,7884.84,0
2023-01-19,2023-01-19 14:00:00,1915.0,1915.0,1915.0,1915.0,0.0,4.12,7884.84,0
2023-01-19,2023-01-19 14:01:00,1915.0,1915.0,1915.0,1915.0,0.0,4.12,7884.84,0
2023-01-19,2023-01-19 14:02:00,1915.0,1915.0,1915.0,1915.0,0.0,4.12,7884.84,0
2023-01-19,2023-01-19 14:03:00,1915.0,1915.0,1915.0,1915.0,0.0,4.12,7884.84,0
2023-01-19,2023-01-19 14:04:00,1915.0,1915.0,1915.0,1915.0,0.0,4.12,7884.84,0
2023-01-19,2023-01-19 14:05:00,1915.0,1915.0,1915.0,1915.0,0.0,4.12,7884.84,0
2023-01-19,2023-01-19 14:06:00,1915.0,1915.0,1915.0,1915.0,0.0,4.12,7884.84,0
2023-01-19,2023-01-19 14:07:00,1915.0,1915.0,1915.0,1915.0,0.0,4.12,7884.84,0
2023-01-19,2023-01-19 14:08:00,1915.0,1915.0,1915.0,1915.0,0.0,4.12,7884.84,0
2023-01-19,2023-01-19 14:09:00,1915.0,1915.0,1915.0,1915.0,0.0,4.12,7884.84,0
2023-01-19,2023-01-19 14:10:00,1915.0,1915.0,1915.0,1915.0,0.0,4.12,7884.84,0
2023-01-19,2023-01-19 14:11:00,1915.0,1915.0,1915.0,1915.0,0.0,4.12,7884.84,0
2023-01-19,2023-01-19 14:12:00,1915.0,1915.0,1915.0,1915.0,0.0,4.12,7884.84,0
2023-01-19,2023-01-19 14:13:00,1915.0,1915.0,1915.0,1915.0,0.0,4.12,7884.84,0
2023-01-19,2023-01-19 14:14:00,1915.0,1915.0,1915.0,1915.0,0.0,4.12,7884.84,0
2023-01-19,2023-01-19 14:15:00,1915.0,1915.0,1915.0,1915.0,0.0,4.12,7884.84,0
2023-01-19,2023-01-19 14:16:00,1915.0,1915.0,1915.0,1915.0,0.0,4.12,7884.84,0
2023-01-19,2023-01-19 14:17:00,1915.0,1915.0,1915.0,1915.0,0.0,4.12,7884.84,0
2023-01-19,2023-01-19 14:18:00,1915.0,1915.0,1915.0,1915.0,0.0,4.12,7884.84,0
2023-01-19,2023-01-19 14:19:00,1915.0,1915.0,1915.0,1915.0,0.0,4.12,7884.84,0
2023-01-19,2023-01-19 14:20:00,1915.0,1915.0,1915.0,1915.0,0.0,4.12,7884.84,0
2023-01-19,2023-01-19 14:21:00,1915.0,1915.0,1915.0,1915.0,0.0,4.12,7884.84,0
2023-01-19,2023-01-19 14:22:00,1915.0,1915.0,1915.0,1915.0,0.0,4.12,7884.84,0
2023-01-19,2023-01-19 14:23:00,1915.0,1915.0,1915.0,1915.0,0.0,4.12,7884.84,0
2023-01-19,2023-01-19 14:24:00,1915.0,1915.0,1915.0,1915.0,0.0,4.12,7884.84,0
2023-01-19,2023-01-19 14:25:00,1915.0,1915.0,1915.0,1915.0,0.0,4.12,7884.84,0
2023-01-19,2023-01-19 14:26:00,1915.0,1915.0,1915.0,1915.0,0.0,4.12,7884.84,0
2023-01-19,2023-01-19 14:27:00,1915.0,1915.0,1915.0,1915.0,0.0,4.12,7884.84,0
2023-01-19,2023-01-19 14:28:00,1915.0,1915.0,1915.0,1915.0,0.0,4.12,7884.84,0
2023-01-19,2023-01-19 14:29:00,1915.0,1915.0,1915.0,1915.0,0.0,4.12,7884.84,0
2023-01-19,2023-01-19 14:30:00,1915.0,1915.0,1915.0,1915.0,0.0,4.12,7884.84,0
2023-01-19,2023-01-19 14:31:00,1915.0,1915.0,1915.0,1915.0,0.0,4.12,7884.84,0
2023-01-19,2023-01-19 14:32:00,1915.0,1915.0,1915.0,1915.0,0.0,4.12,7884.84,0
2023-01-19,2023-01-19 14:33:00,1915.0,1915.0,1915.0,1915.0,0.0,4.12,7884.84,0
2023-01-19,2023-01-19 14:34:00,1915.0,1915.0,1915.0,1915.0,0.0,4.12,7884.84,0
2023-01-19,2023-01-19 14:35:00,1915.0,1915.0,1915.0,1915.0,0.0,4.12,7884.84,0
2023-01-19,2023-01-19 14:36:00,1915.0,1915.0,1915.0,1915.0,0.0,4.12,7884.84,0
2023-01-19,2023-01-19 14:37:00,1915.0,1915.0,1915.0,1915.0,0.0,4.12,7884.84,0
2023-01-19,2023-01-19 14:38:00,1915.0,1915.0,1915.0,1915.0,0.0,4.12,7884.84,0
2023-01-19,2023-01-19 14:39:00,1915.0,1915.0,1915.0,1915.0,0.0,4.12,7884.84,0
2023-01-19,2023-01-19 14:40:00,1915.0,1915.0,1915.0,1915.0,0.0,4.12,7884.84,0
2023-01-19,2023-01-19 14:41:00,1915.0,1915.0,1915.0,1915.0,0.0,4.12,7884.84,0
2023-01-19,2023-01-19 14:42:00,1915.0,1915.0,1915.0,1915.0,0.0,4.12,7884.84,0
2023-01-19,2023-01-19 14:43:00,1915.0,1915.0,1915.0,1915.0,0.0,4.12,7884.84,0
2023-01-19,2023-01-19 14:44:00,1915.0,1915.0,1915.0,1915.0,0.0,4.12,7884.84,0
2023-01-19,2023-01-19 14:45:00,1915.0,1915.0,1915.0,1915.0,0.0,4.12,7884.84,0
2023-01-19,2023-01-19 14:46:00,1915.0,1915.0,1915.0,1915.0,0.0,4.12,7884.84,0
2023-01-19,2023-01-19 14:47:00,1915.0,1915.0,1915.0,1915.0,0.0,4.12,7884.84,0
2023-01-19,2023-01-19 14:48:00,1915.0,1915.0,1915.0,1915.0,0.0,4.12,7884.84,0
2023-01-19,2023-01-19 14:49:00,1915.0,1915.0,1915.0,1915.0,0.0,4.12,7884.84,0
2023-01-19,2023-01-19 14:50:00,1915.0,1915.0,1915.0,1915.0,0.0,4.12,7884.84,0
2023-01-19,2023-01-19 14:51:00,1915.0,1915.0,1915.0,1915.0,0.0,4.12,7884.84,0
2023-01-19,2023-01-19 14:52:00,1915.0,1915.0,1915.0,1915.0,0.0,4.12,7884.84,0
2023-01-19,2023-01-19 14:53:00,1915.0,1915.0,1915.0,1915.0,0.0,4.12,7884.84,0
2023-01-19,2023-01-19 14:54:00,1915.0,1915.0,1915.0,1915.0,0.0,4.12,7884.84,0
2023-01-19,2023-01-19 14:55:00,1915.0,1915.0,1915.0,1915.0,0.0,4.12,7884.84,0
2023-01-19,2023-01-19 14:56:00,1915.0,1915.0,1915.0,1915.0,0.0,4.12,7884.84,0
2023-01-19,2023-01-19 14:57:00,1915.0,1915.0,1915.0,1915.0,0.0,4.12,7884.84,0
2023-01-19,2023-01-19 14:58:00,1915.0,1915.0,1915.0,1915.0,0.0,4.12,7884.84,0
2023-01-19,2023-01-19 14:59:00,1915.0,1915.0,1915.0,1915.0,0.0,4.12,7884.84,0
2023-01-19,2023-01-19 15:00:00,1915.0,1940.0,1902.2,1915.0,0.0,4.12,7884.84,0
2023-01-23,2023-01-23 11:00:00,1920.0,1920.3,1911.0,1919.92,-0.0,9.65,18366.67,-1
2023-01-23,2023-01-23 11:01:00,1919.92,1919.92,1919.83,1919.83,-0.0,9.65,18366.67,-1
2023-01-23,2023-01-23 11:02:00,1919.83,1919.83,1919.75,1919.75,-0.0,9.65,18366.67,-1
2023-01-23,2023-01-23 11:03:00,1919.75,1919.75,1919.67,1919.67,-0.0,9.65,18366.67,-1
2023-01-23,2023-01-23 11:04:00,1919.67,1919.67,1919.58,1919.58,-0.0,9.65,18366.67,-1
2023-01-23,2023-01-23 11:05:00,1919.58,1919.58,1919.5,1919.5,-0.0,9.65,18366.67,-1
2023-01-23,2023-01-23 11:06:00,1919.5,1919.5,1919.42,1919.42,-0.0,9.65,18366.67,-1
2023-01-23,2023-01-23 11:07:00,1919.42,1919.42,1919.33,1919.33,-0.0,9.65,18366.67,-1
2023-01-23,2023-01-23 11:08:00,1919.33,1919.33,1919.25,1919.25,-0.0,9.65,18366.67,-1
2023-01-23,2023-01-23 11:09:00,1919.25,1919.25,1919.17,1919.17,-0.0,9.65,18366.67,-1
2023-01-23,2023-01-23 11:10:00,1919.17,1919.17,1919.08,1919.08,-0.0,9.65,18366.67,-1
2023-01-23,2023-01-23 11:11:00,1919.08,1919.08,1919.0,1919.0,-0.0,9.65,18366.67,-1
2023-01-23,2023-01-23 11:12:00,1919.0,1919.0,1918.92,1918.92,-0.0,9.65,18366.67,-1
2023-01-23,2023-01-23 11:13:00,1918.92,1918.92,1918.83,1918.83,-0.0,9.65,18366.67,-1
2023-01-23,2023-01-23 11:14:00,1918.83,1918.83,1918.75,1918.75,-0.0,9.65,18366.67,-1
2023-01-23,2023-01-23 11:15:00,1918.75,1918.75,1918.67,1918.67,-0.0,9.65,18366.67,-1
2023-01-23,2023-01-23 11:16:00,1918.67,1918.67,1918.58,1918.58,-0.0,9.65,18366.67,-1
2023-01-23,2023-01-23 11:17:00,1918.58,1918.58,1918.5,1918.5,-0.0,9.65,18366.67,-1
2023-01-23,2023-01-23 11:18:00,1918.5,1918.5,1918.42,1918.42,-0.0,9.65,18366.67,-1
2023-01-23,2023-01-23 11:19:00,1918.42,1918.42,1918.33,1918.33,-0.0,9.65,18366.67,-1
2023-01-23,2023-01-23 11:20:00,1918.33,1918.33,1918.25,1918.25,-0.0,9.65,18366.67,-1
2023-01-23,2023-01-23 11:21:00,1918.25,1918.25,1918.17,1918.17,-0.0,9.65,18366.67,-1
2023-01-23,2023-01-23 11:22:00,1918.17,1918.17,1918.08,1918.08,-0.0,9.65,18366.67,-1
2023-01-23,2023-01-23 11:23:00,1918.08,1918.08,1918.0,1918.0,-0.0,9.65,18366.67,-1
2023-01-23,2023-01-23 11:24:00,1918.0,1918.0,1917.92,1917.92,-0.0,9.65,18366.67,-1
2023-01-23,2023-01-23 11:25:00,1917.92,1917.92,1917.83,1917.83,-0.0,9.65,18366.67,-1
2023-01-23,2023-01-23 11:26:00,1917.83,1917.83,1917.75,1917.75,-0.0,9.65,18366.67,-1
2023-01-23,2023-01-23 11:27:00,1917.75,1917.75,1917.67,1917.67,-0.0,9.65,18366.67,-1
2023-01-23,2023-01-23 11:28:00,1917.67,1917.67,1917.58,1917.58,-0.0,9.65,18366.67,-1
2023-01-23,2023-01-23 11:29:00,1917.58,1917.58,1917.5,1917.5,-0.0,9.65,18366.67,-1
2023-01-23,2023-01-23 11:30:00,1917.5,1917.5,1917.42,1917.42,-0.0,9.65,18366.67,-1
2023-01-23,2023-01-23 11:31:00,1917.42,1917.42,1917.33,1917.33,-0.0,9.65,18366.67,-1
2023-01-23,2023-01-23 11:32:00,1917.33,1917.33,1917.25,1917.25,-0.0,9.65,18366.67,-1
2023-01-23,2023-01-23 11:33:00,1917.25,1917.25,1917.17,1917.17,-0.0,9.65,18366.67,-1
2023-01-23,2023-01-23 11:34:00,1917.17,1917.17,1917.08,1917.08,-0.0,9.65,18366.67,-1
2023-01-23,2023-01-23 11:35:00,1917.08,1917.08,1917.0,1917.0,-0.0,9.65,18366.67,-1
2023-01-23,2023-01-23 11:36:00,1917.0,1917.0,1916.92,1916.92,-0.0,9.65,18366.67,-1
2023-01-23,2023-01-23 11:37:00,1916.92,1916.92,1916.83,1916.83,-0.0,9.65,18366.67,-1
2023-01-23,2023-01-23 11:38:00,1916.83,1916.83,1916.75,1916.75,-0.0,9.65,18366.67,-1
2023-01-23,2023-01-23 11:39:00,1916.75,1916.75,1916.67,1916.67,-0.0,9.65,18366.67,-1
2023-01-23,2023-01-23 11:40:00,1916.67,1916.67,1916.58,1916.58,-0.0,9.65,18366.67,-1
2023-01-23,2023-01-23 11:41:00,1916.58,1916.58,1916.5,1916.5,-0.0,9.65,18366.67,-1
2023-01-23,2023-01-23 11:42:00,1916.5,1916.5,1916.42,1916.42,-0.0,9.65,18366.67,-1
2023-01-23,2023-01-23 11:43:00,1916.42,1916.42,1916.33,1916.33,-0.0,9.65,18366.67,-1
2023-01-23,2023-01-23 11:44:00,1916.33,1916.33,1916.25,1916.25,-0.0,9.65,18366.67,-1
2023-01-23,2023-01-23 11:45:00,1916.25,1916.25,1916.17,1916.17,-0.0,9.65,18366.67,-1
2023-01-23,2023-01-23 11:46:00,1916.17,1916.17,1916.08,1916.08,-0.0,9.65,18366.67,-1
2023-01-23,2023-01-23 11:47:00,1916.08,1916.08,1916.0,1916.0,-0.0,9.65,18366.67,-1
2023-01-23,2023-01-23 11:48:00,1916.0,1916.0,1915.92,1915.92,-0.0,9.65,18366.67,-1
2023-01-23,2023-01-23 11:49:00,1915.92,1915.92,1915.83,1915.83,-0.0,9.65,18366.67,-1
2023-01-23,2023-01-23 11:50:00,1915.83,1915.83,1915.75,1915.75,-0.0,9.65,18366.67,-1
2023-01-23,2023-01-23 11:51:00,1915.75,1915.75,1915.67,1915.67,-0.0,9.65,18366.67,-1
2023-01-23,2023-01-23 11:52:00,1915.67,1915.67,1915.58,1915.58,-0.0,9.65,18366.67,-1
2023-01-23,2023-01-23 11:53:00,1915.58,1915.58,1915.5,1915.5,-0.0,9.65,18366.67,-1
2023-01-23,2023-01-23 11:54:00,1915.5,1915.5,1915.42,1915.42,-0.0,9.65,18366.67,-1
2023-01-23,2023-01-23 11:55:00,1915.42,1915.42,1915.33,1915.33,-0.0,9.65,18366.67,-1
2023-01-23,2023-01-23 11:56:00,1915.33,1915.33,1915.25,1915.25,-0.0,9.65,18366.67,-1
2023-01-23,2023-01-23 11:57:00,1915.25,1915.25,1915.17,1915.17,-0.0,9.65,18366.67,-1
2023-01-23,2023-01-23 11:58:00,1915.17,1915.17,1915.08,1915.08,-0.0,9.65,18366.67,-1
2023-01-23,2023-01-23 11:59:00,1915.08,1915.08,1915.0,1915.0,-0.0,9.65,18366.67,-1
2023-01-23,2023-01-23 12:00:00,1915.0,1915.0,1914.92,1914.92,-0.0,9.65,18366.67,-1
2023-01-23,2023-01-23 12:01:00,1914.92,1914.92,1914.83,1914.83,-0.0,9.65,18366.67,-1
2023-01-23,2023-01-23 12:02:00,1914.83,1914.83,1914.75,1914.75,-0.0,9.65,18366.67,-1
2023-01-23,2023-01-23 12:03:00,1914.75,1914.75,1914.67,1914.67,-0.0,9.65,18366.67,-1
2023-01-23,2023-01-23 12:04:00,1914.67,1914.67,1914.58,1914.58,-0.0,9.65,18366.67,-1
2023-01-23,2023-01-23 12:05:00,1914.58,1914.58,1914.5,1914.5,-0.0,9.65,18366.67,-1
2023-01-23,2023-01-23 12:06:00,1914.5,1914.5,1914.42,1914.42,-0.0,9.65,18366.67,-1
2023-01-23,2023-01-23 12:07:00,1914.42,1914.42,1914.33,1914.33,-0.0,9.65,18366.67,-1
2023-01-23,2023-01-23 12:08:00,1914.33,1914.33,1914.25,1914.25,-0.0,9.65,18366.67,-1
2023-01-23,2023-01-23 12:09:00,1914.25,1914.25,1914.17,1914.17,-0.0,9.65,18366.67,-1
2023-01-23,2023-01-23 12:10:00,1914.17,1914.17,1914.08,1914.08,-0.0,9.65,18366.67,-1
2023-01-23,2023-01-23 12:11:00,1914.08,1914.08,1914.0,1914.0,-0.0,9.65,18366.67,-1
2023-01-23,2023-01-23 12:12:00,1914.0,1914.0,1913.92,1913.92,-0.0,9.65,18366.67,-1
2023-01-23,2023-01-23 12:13:00,1913.92,1913.92,1913.83,1913.83,-0.0,9.65,18366.67,-1
2023-01-23,2023-01-23 12:14:00,1913.83,1913.83,1913.75,1913.75,-0.0,9.65,18366.67,-1
2023-01-23,2023-01-23 12:15:00,1913.75,1913.75,1913.67,1913.67,-0.0,9.65,18366.67,-1
2023-01-23,2023-01-23 12:16:00,1913.67,1913.67,1913.58,1913.58,-0.0,9.65,18366.67,-1
2023-01-23,2023-01-23 12:17:00,1913.58,1913.58,1913.5,1913.5,-0.0,9.65,18366.67,-1
2023-01-23,2023-01-23 12:18:00,1913.5,1913.5,1913.42,1913.42,-0.0,9.65,18366.67,-1
2023-01-23,2023-01-23 12:19:00,1913.42,1913.42,1913.33,1913.33,-0.0,9.65,18366.67,-1
2023-01-23,2023-01-23 12:20:00,1913.33,1913.33,1913.25,1913.25,-0.0,9.65,18366.67,-1
2023-01-23,2023-01-23 12:21:00,1913.25,1913.25,1913.17,1913.17,-0.0,9.65,18366.67,-1
2023-01-23,2023-01-23 12:22:00,1913.17,1913.17,1913.08,1913.08,-0.0,9.65,18366.67,-1
2023-01-23,2023-01-23 12:23:00,1913.08,1913.08,1913.0,1913.0,-0.0,9.65,18366.67,-1
2023-01-23,2023-01-23 12:24:00,1913.0,1913.0,1912.92,1912.92,-0.0,9.65,18366.67,-1
2023-01-23,2023-01-23 12:25:00,1912.92,1912.92,1912.83,1912.83,-0.0,9.65,18366.67,-1
2023-01-23,2023-01-23 12:26:00,1912.83,1912.83,1912.75,1912.75,-0.0,9.65,18366.67,-1
2023-01-23,2023-01-23 12:27:00,1912.75,1912.75,1912.67,1912.67,-0.0,9.65,18366.67,-1
2023-01-23,2023-01-23 12:28:00,1912.67,1912.67,1912.58,1912.58,-0.0,9.65,18366.67,-1
2023-01-23,2023-01-23 12:29:00,1912.58,1912.58,1912.5,1912.5,-0.0,9.65,18366.67,-1
2023-01-23,2023-01-23 12:30:00,1912.5,1912.5,1912.42,1912.42,-0.0,9.65,18366.67,-1
2023-01-23,2023-01-23 12:31:00,1912.42,1912.42,1912.33,1912.33,-0.0,9.65,18366.67,-1
2023-01-23,2023-01-23 12:32:00,1912.33,1912.33,1912.25,1912.25,-0.0,9.65,18366.67,-1
2023-01-23,2023-01-23 12:33:00,1912.25,1912.25,1912.17,1912.17,-0.0,9.65,18366.67,-1
2023-01-23,2023-01-23 12:34:00,1912.17,1912.17,1912.08,1912.08,-0.0,9.65,18366.67,-1
2023-01-23,2023-01-23 12:35:00,1912.08,1912.08,1912.0,1912.0,-0.0,9.65,18366.67,-1
2023-01-23,2023-01-23 12:36:00,1912.0,1912.0,1911.92,1911.92,-0.0,9.65,18366.67,-1
2023-01-23,2023-01-23 12:37:00,1911.92,1911.92,1911.83,1911.83,-0.0,9.65,18366.67,-1
2023-01-23,2023-01-23 12:38:00,1911.83,1911.83,1911.75,1911.75,-0.0,9.65,18366.67,-1
2023-01-23,2023-01-23 12:39:00,1911.75,1911.75,1911.67,1911.67,-0.0,9.65,18366.67,-1
2023-01-23,2023-01-23 12:40:00,1911.67,1911.67,1911.58,1911.58,-0.0,9.65,18366.67,-1
2023-01-23,2023-01-23 12:41:00,1911.58,1911.58,1911.5,1911.5,-0.0,9.65,18366.67,-1
2023-01-23,2023-01-23 12:42:00,1911.5,1911.5,1911.42,1911.42,-0.0,9.65,18366.67,-1
2023-01-23,2023-01-23 12:43:00,1911.42,1911.42,1911.33,1911.33,-0.0,9.65,18366.67,-1
2023-01-23,2023-01-23 12:44:00,1911.33,1911.33,1911.25,1911.25,-0.0,9.65,18366.67,-1
2023-01-23,2023-01-23 12:45:00,1911.25,1911.25,1911.17,1911.17,-0.0,9.65,18366.67,-1
2023-01-23,2023-01-23 12:46:00,1911.17,1911.17,1911.08,1911.08,-0.0,9.65,18366.67,-1
2023-01-23,2023-01-23 12:47:00,1911.08,1911.08,1911.0,1911.0,-0.0,9.65,18366.67,-1
2023-01-23,2023-01-23 12:48:00,1911.0,1911.0,1910.92,1910.92,-0.0,9.65,18366.67,-1
2023-01-23,2023-01-23 12:49:00,1910.92,1910.92,1910.83,1910.83,-0.0,9.65,18366.67,-1
2023-01-23,2023-01-23 12:50:00,1910.83,1910.83,1910.75,1910.75,-0.0,9.65,18366.67,-1
2023-01-23,2023-01-23 12:51:00,1910.75,1910.75,1910.67,1910.67,-0.0,9.65,18366.67,-1
2023-01-23,2023-01-23 12:52:00,1910.67,1910.67,1910.58,1910.58,-0.0,9.65,18366.67,-1
2023-01-23,2023-01-23 12:53:00,1910.58,1910.58,1910.5,1910.5,-0.0,9.65,18366.67,-1
2023-01-23,2023-01-23 12:54:00,1910.5,1910.5,1910.42,1910.42,-0.0,9.65,18366.67,-1
2023-01-23,2023-01-23 12:55:00,1910.42,1910.42,1910.33,1910.33,-0.0,9.65,18366.67,-1
2023-01-23,2023-01-23 12:56:00,1910.33,1910.33,1910.25,1910.25,-0.0,9.65,18366.67,-1
2023-01-23,2023-01-23 12:57:00,1910.25,1910.25,1910.17,1910.17,-0.0,9.65,18366.67,-1
2023-01-23,2023-01-23 12:58:00,1910.17,1910.17,1910.08,1910.08,-0.0,9.65,18366.67,-1
2023-01-23,2023-01-23 12:59:00,1910.08,1910.08,1910.0,1910.0,-0.0,9.65,18366.67,-1
2023-01-23,2023-01-23 13:00:00,1910.0,1921.0,1890.0,1909.92,-0.0,9.65,18366.67,-1
2023-01-23,2023-01-23 13:01:00,1909.92,1909.92,1909.83,1909.83,-0.0,9.65,18366.67,-1
2023-01-23,2023-01-23 13:02:00,1909.83,1909.83,1909.75,1909.75,-0.0,9.65,18366.67,-1
2023-01-23,2023-01-23 13:03:00,1909.75,1909.75,1909.67,1909.67,-0.0,9.65,18366.67,-1
2023-01-23,2023-01-23 13:04:00,1909.67,1909.67,1909.58,1909.58,-0.0,9.65,18366.67,-1
2023-01-23,2023-01-23 13:05:00,1909.58,1909.58,1909.5,1909.5,-0.0,9.65,18366.67,-1
2023-01-23,2023-01-23 13:06:00,1909.5,1909.5,1909.42,1909.42,-0.0,9.65,18366.67,-1
2023-01-23,2023-01-23 13:07:00,1909.42,1909.42,1909.33,1909.33,-0.0,9.65,18366.67,-1
2023-01-23,2023-01-23 13:08:00,1909.33,1909.33,1909.25,1909.25,-0.0,9.65,18366.67,-1
2023-01-23,2023-01-23 13:09:00,1909.25,1909.25,1909.17,1909.17,-0.0,9.65,18366.67,-1
2023-01-23,2023-01-23 13:10:00,1909.17,1909.17,1909.08,1909.08,-0.0,9.65,18366.67,-1
2023-01-23,2023-01-23 13:11:00,1909.08,1909.08,1909.0,1909.0,-0.0,9.65,18366.67,-1
2023-01-23,2023-01-23 13:12:00,1909.0,1909.0,1908.92,1908.92,-0.0,9.65,18366.67,-1
2023-01-23,2023-01-23 13:13:00,1908.92,1908.92,1908.83,1908.83,-0.0,9.65,18366.67,-1
2023-01-23,2023-01-23 13:14:00,1908.83,1908.83,1908.75,1908.75,-0.0,9.65,18366.67,-1
2023-01-23,2023-01-23 13:15:00,1908.75,1908.75,1908.67,1908.67,-0.0,9.65,18366.67,-1
2023-01-23,2023-01-23 13:16:00,1908.67,1908.67,1908.58,1908.58,-0.0,9.65,18366.67,-1
2023-01-23,2023-01-23 13:17:00,1908.58,1908.58,1908.5,1908.5,-0.0,9.65,18366.67,-1
2023-01-23,2023-01-23 13:18:00,1908.5,1908.5,1908.42,1908.42,-0.0,9.65,18366.67,-1
2023-01-23,2023-01-23 13:19:00,1908.42,1908.42,1908.33,1908.33,-0.0,9.65,18366.67,-1
2023-01-23,2023-01-23 13:20:00,1908.33,1908.33,1908.25,1908.25,-0.0,9.65,18366.67,-1
2023-01-23,2023-01-23 13:21:00,1908.25,1908.25,1908.17,1908.17,-0.0,9.65,18366.67,-1
2023-01-23,2023-01-23 13:22:00,1908.17,1908.17,1908.08,1908.08,-0.0,9.65,18366.67,-1
2023-01-23,2023-01-23 13:23:00,1908.08,1908.08,1908.0,1908.0,-0.0,9.65,18366.67,-1
2023-01-23,2023-01-23 13:24:00,1908.0,1908.0,1907.92,1907.92,-0.0,9.65,18366.67,-1
2023-01-23,2023-01-23 13:25:00,1907.92,1907.92,1907.83,1907.83,-0.0,9.65,18366.67,-1
2023-01-23,2023-01-23 13:26:00,1907.83,1907.83,1907.75,1907.75,-0.0,9.65,18366.67,-1
2023-01-23,2023-01-23 13:27:00,1907.75,1907.75,1907.67,1907.67,-0.0,9.65,18366.67,-1
2023-01-23,2023-01-23 13:28:00,1907.67,1907.67,1907.58,1907.58,-0.0,9.65,18366.67,-1
2023-01-23,2023-01-23 13:29:00,1907.58,1907.58,1907.5,1907.5,-0.0,9.65,18366.67,-1
2023-01-23,2023-01-23 13:30:00,1907.5,1907.5,1907.42,1907.42,-0.0,9.65,18366.67,-1
2023-01-23,2023-01-23 13:31:00,1907.42,1907.42,1907.33,1907.33,-0.0,9.65,18366.67,-1
2023-01-23,2023-01-23 13:32:00,1907.33,1907.33,1907.25,1907.25,-0.0,9.65,18366.67,-1
2023-01-23,2023-01-23 13:33:00,1907.25,1907.25,1907.17,1907.17,-0.0,9.65,18366.67,-1
2023-01-23,2023-01-23 13:34:00,1907.17,1907.17,1907.08,1907.08,-0.0,9.65,18366.67,-1
2023-01-23,2023-01-23 13:35:00,1907.08,1907.08,1907.0,1907.0,-0.0,9.65,18366.67,-1
2023-01-23,2023-01-23 13:36:00,1907.0,1907.0,1906.92,1906.92,-0.0,9.65,18366.67,-1
2023-01-23,2023-01-23 13:37:00,1906.92,1906.92,1906.83,1906.83,-0.0,9.65,18366.67,-1
2023-01-23,2023-01-23 13:38:00,1906.83,1906.83,1906.75,1906.75,-0.0,9.65,18366.67,-1
2023-01-23,2023-01-23 13:39:00,1906.75,1906.75,1906.67,1906.67,-0.0,9.65,18366.67,-1
2023-01-23,2023-01-23 13:40:00,1906.67,1906.67,1906.58,1906.58,-0.0,9.65,18366.67,-1
2023-01-23,2023-01-23 13:41:00,1906.58,1906.58,1906.5,1906.5,-0.0,9.65,18366.67,-1
2023-01-23,2023-01-23 13:42:00,1906.5,1906.5,1906.42,1906.42,-0.0,9.65,18366.67,-1
2023-01-23,2023-01-23 13:43:00,1906.42,1906.42,1906.33,1906.33,-0.0,9.65,18366.67,-1
2023-01-23,2023-01-23 13:44:00,1906.33,1906.33,1906.25,1906.25,-0.0,9.65,18366.67,-1
2023-01-23,2023-01-23 13:45:00,1906.25,1906.25,1906.17,1906.17,-0.0,9.65,18366.67,-1
2023-01-23,2023-01-23 13:46:00,1906.17,1906.17,1906.08,1906.08,-0.0,9.65,18366.67,-1
2023-01-23,2023-01-23 13:47:00,1906.08,1906.08,1906.0,1906.0,-0.0,9.65,18366.67,-1
2023-01-23,2023-01-23 13:48:00,1906.0,1906.0,1905.92,1905.92,-0.0,9.65,18366.67,-1
2023-01-23,2023-01-23 13:49:00,1905.92,1905.92,1905.83,1905.83,-0.0,9.65,18366.67,-1
2023-01-23,2023-01-23 13:50:00,1905.83,1905.83,1905.75,1905.75,-0.0,9.65,18366.67,-1
2023-01-23,2023-01-23 13:51:00,1905.75,1905.75,1905.67,1905.67,-0.0,9.65,18366.67,-1
2023-01-23,2023-01-23 13:52:00,1905.67,1905.67,1905.58,1905.58,-0.0,9.65,18366.67,-1
2023-01-23,2023-01-23 13:53:00,1905.58,1905.58,1905.5,1905.5,-0.0,9.65,18366.67,-1
2023-01-23,2023-01-23 13:54:00,1905.5,1905.5,1905.42,1905.42,-0.0,9.65,18366.67,-1
2023-01-23,2023-01-23 13:55:00,1905.42,1905.42,1905.33,1905.33,-0.0,9.65,18366.67,-1
2023-01-23,2023-01-23 13:56:00,1905.33,1905.33,1905.25,1905.25,-0.0,9.65,18366.67,-1
2023-01-23,2023-01-23 13:57:00,1905.25,1905.25,1905.17,1905.17,-0.0,9.65,18366.67,-1
2023-01-23,2023-01-23 13:58:00,1905.17,1905.17,1905.08,1905.08,-0.0,9.65,18366.67,-1
2023-01-23,2023-01-23 13:59:00,1905.08,1905.08,1905.0,1905.0,-0.0,9.65,18366.67,-1
2023-01-23,2023-01-23 14:00:00,1905.0,1905.0,1904.92,1904.92,-0.0,9.65,18366.67,-1
2023-01-23,2023-01-23 14:01:00,1904.92,1904.92,1904.83,1904.83,-0.0,9.65,18366.67,-1
2023-01-23,2023-01-23 14:02:00,1904.83,1904.83,1904.75,1904.75,-0.0,9.65,18366.67,-1
2023-01-23,2023-01-23 14:03:00,1904.75,1904.75,1904.67,1904.67,-0.0,9.65,18366.67,-1
2023-01-23,2023-01-23 14:04:00,1904.67,1904.67,1904.58,1904.58,-0.0,9.65,18366.67,-1
2023-01-23,2023-01-23 14:05:00,1904.58,1904.58,1904.5,1904.5,-0.0,9.65,18366.67,-1
2023-01-23,2023-01-23 14:06:00,1904.5,1904.5,1904.42,1904.42,-0.0,9.65,18366.67,-1
2023-01-23,2023-01-23 14:07:00,1904.42,1904.42,1904.33,1904.33,-0.0,9.65,18366.67,-1
2023-01-23,2023-01-23 14:08:00,1904.33,1904.33,1904.25,1904.25,-0.0,9.65,18366.67,-1
2023-01-23,2023-01-23 14:09:00,1904.25,1904.25,1904.17,1904.17,-0.0,9.65,18366.67,-1
2023-01-23,2023-01-23 14:10:00,1904.17,1904.17,1904.08,1904.08,-0.0,9.65,18366.67,-1
2023-01-23,2023-01-23 14:11:00,1904.08,1904.08,1904.0,1904.0,-0.0,9.65,18366.67,-1
2023-01-23,2023-01-23 14:12:00,1904.0,1904.0,1903.92,1903.92,-0.0,9.65,18366.67,-1
2023-01-23,2023-01-23 14:13:00,1903.92,1903.92,1903.83,1903.83,-0.0,9.65,18366.67,-1
2023-01-23,2023-01-23 14:14:00,1903.83,1903.83,1903.75,1903.75,-0.0,9.65,18366.67,-1
2023-01-23,2023-01-23 14:15:00,1903.75,1903.75,1903.67,1903.67,-0.0,9.65,18366.67,-1
2023-01-23,2023-01-23 14:16:00,1903.67,1903.67,1903.58,1903.58,-0.0,9.65,18366.67,-1
2023-01-23,2023-01-23 14:17:00,1903.58,1903.58,1903.5,1903.5,-0.0,9.65,18366.67,-1
2023-01-23,2023-01-23 14:18:00,1903.5,1903.5,1903.42,1903.42,-0.0,9.65,18366.67,-1
2023-01-23,2023-01-23 14:19:00,1903.42,1903.42,1903.33,1903.33,-0.0,9.65,18366.67,-1
2023-01-23,2023-01-23 14:20:00,1903.33,1903.33,1903.25,1903.25,-0.0,9.65,18366.67,-1
2023-01-23,2023-01-23 14:21:00,1903.25,1903.25,1903.17,1903.17,-0.0,9.65,18366.67,-1
2023-01-23,2023-01-23 14:22:00,1903.17,1903.17,1903.08,1903.08,-0.0,9.65,18366.67,-1
2023-01-23,2023-01-23 14:23:00,1903.08,1903.08,1903.0,1903.0,-0.0,9.65,18366.67,-1
2023-01-23,2023-01-23 14:24:00,1903.0,1903.0,1902.92,1902.92,-0.0,9.65,18366.67,-1
2023-01-23,2023-01-23 14:25:00,1902.92,1902.92,1902.83,1902.83,-0.0,9.65,18366.67,-1
2023-01-23,2023-01-23 14:26:00,1902.83,1902.83,1902.75,1902.75,-0.0,9.65,18366.67,-1
2023-01-23,2023-01-23 14:27:00,1902.75,1902.75,1902.67,1902.67,-0.0,9.65,18366.67,-1
2023-01-23,2023-01-23 14:28:00,1902.67,1902.67,1902.58,1902.58,-0.0,9.65,18366.67,-1
2023-01-23,2023-01-23 14:29:00,1902.58,1902.58,1902.5,1902.5,-0.0,9.65,18366.67,-1
2023-01-23,2023-01-23 14:30:00,1902.5,1902.5,1902.42,1902.42,-0.0,9.65,18366.67,-1
2023-01-23,2023-01-23 14:31:00,1902.42,1902.42,1902.33,1902.33,-0.0,9.65,18366.67,-1
2023-01-23,2023-01-23 14:32:00,1902.33,1902.33,1902.25,1902.25,-0.0,9.65,18366.67,-1
2023-01-23,2023-01-23 14:33:00,1902.25,1902.25,1902.17,1902.17,-0.0,9.65,18366.67,-1
2023-01-23,2023-01-23 14:34:00,1902.17,1902.17,1902.08,1902.08,-0.0,9.65,18366.67,-1
2023-01-23,2023-01-23 14:35:00,1902.08,1902.08,1902.0,1902.0,-0.0,9.65,18366.67,-1
2023-01-23,2023-01-23 14:36:00,1902.0,1902.0,1901.92,1901.92,-0.0,9.65,18366.67,-1
2023-01-23,2023-01-23 14:37:00,1901.92,1901.92,1901.83,1901.83,-0.0,9.65,18366.67,-1
2023-01-23,2023-01-23 14:38:00,1901.83,1901.83,1901.75,1901.75,-0.0,9.65,18366.67,-1
2023-01-23,2023-01-23 14:39:00,1901.75,1901.75,1901.67,1901.67,-0.0,9.65,18366.67,-1
2023-01-23,2023-01-23 14:40:00,1901.67,1901.67,1901.58,1901.58,-0.0,9.65,18366.67,-1
2023-01-23,2023-01-23 14:41:00,1901.58,1901.58,1901.5,1901.5,-0.0,9.65,18366.67,-1
2023-01-23,2023-01-23 14:42:00,1901.5,1901.5,1901.42,1901.42,-0.0,9.65,18366.67,-1
2023-01-23,2023-01-23 14:43:00,1901.42,1901.42,1901.33,1901.33,-0.0,9.65,18366.67,-1
2023-01-23,2023-01-23 14:44:00,1901.33,1901.33,1901.25,1901.25,-0.0,9.65,18366.67,-1
2023-01-23,2023-01-23 14:45:00,1901.25,1901.25,1901.17,1901.17,-0.0,9.65,18366.67,-1
2023-01-23,2023-01-23 14:46:00,1901.17,1901.17,1901.08,1901.08,-0.0,9.65,18366.67,-1
2023-01-23,2023-01-23 14:47:00,1901.08,1901.08,1901.0,1901.0,-0.0,9.65,18366.67,-1
2023-01-23,2023-01-23 14:48:00,1901.0,1901.0,1900.92,1900.92,-0.0,9.65,18366.67,-1
2023-01-23,2023-01-23 14:49:00,1900.92,1900.92,1900.83,1900.83,-0.0,9.65,18366.67,-1
2023-01-23,2023-01-23 14:50:00,1900.83,1900.83,1900.75,1900.75,-0.0,9.65,18366.67,-1
2023-01-23,2023-01-23 14:51:00,1900.75,1900.75,1900.67,1900.67,-0.0,9.65,18366.67,-1
2023-01-23,2023-01-23 14:52:00,1900.67,1900.67,1900.58,1900.58,-0.0,9.65,18366.67,-1
2023-01-23,2023-01-23 14:53:00,1900.58,1900.58,1900.5,1900.5,-0.0,9.65,18366.67,-1
2023-01-23,2023-01-23 14:54:00,1900.5,1900.5,1900.42,1900.42,-0.0,9.65,18366.67,-1
2023-01-23,2023-01-23 14:55:00,1900.42,1900.42,1900.33,1900.33,-0.0,9.65,18366.67,-1
2023-01-23,2023-01-23 14:56:00,1900.33,1900.33,1900.25,1900.25,-0.0,9.65,18366.67,-1
2023-01-23,2023-01-23 14:57:00,1900.25,1900.25,1900.17,1900.17,-0.0,9.65,18366.67,-1
2023-01-23,2023-01-23 14:58:00,1900.17,1900.17,1900.08,1900.08,-0.0,9.65,18366.67,-1
2023-01-23,2023-01-23 14:59:00,1900.08,1900.08,1900.0,1900.0,-0.0,9.65,18366.67,-1
2023-01-23,2023-01-23 15:00:00,1900.0,1921.0,1890.0,1900.0,0.0,9.65,18366.67,0
2023-01-24,2023-01-24 11:00:00,1880.0,1888.64,1871.0,1880.12,0.01,11.59,21773.58,1
2023-01-24,2023-01-24 11:01:00,1880.12,1880.24,1880.12,1880.24,0.01,11.59,21773.58,1
2023-01-24,2023-01-24 11:02:00,1880.24,1880.36,1880.24,1880.36,0.01,11.59,21773.58,1
2023-01-24,2023-01-24 11:03:00,1880.36,1880.48,1880.36,1880.48,0.01,11.59,21773.58,1
2023-01-24,2023-01-24 11:04:00,1880.48,1880.6,1880.48,1880.6,0.01,11.59,21773.58,1
2023-01-24,2023-01-24 11:05:00,1880.6,1880.72,1880.6,1880.72,0.01,11.59,21773.58,1
2023-01-24,2023-01-24 11:06:00,1880.72,1880.84,1880.72,1880.84,0.01,11.59,21773.58,1
2023-01-24,2023-01-24 11:07:00,1880.84,1880.96,1880.84,1880.96,0.01,11.59,21773.58,1
2023-01-24,2023-01-24 11:08:00,1880.96,1881.08,1880.96,1881.08,0.01,11.59,21773.58,1
2023-01-24,2023-01-24 11:09:00,1881.08,1881.2,1881.08,1881.2,0.01,11.59,21773.58,1
2023-01-24,2023-01-24 11:10:00,1881.2,1881.32,1881.2,1881.32,0.01,11.59,21773.58,1
2023-01-24,2023-01-24 11:11:00,1881.32,1881.44,1881.32,1881.44,0.01,11.59,21773.58,1
2023-01-24,2023-01-24 11:12:00,1881.44,1881.56,1881.44,1881.56,0.01,11.59,21773.58,1
2023-01-24,2023-01-24 11:13:00,1881.56,1881.68,1881.56,1881.68,0.01,11.59,21773.58,1
2023-01-24,2023-01-24 11:14:00,1881.68,1881.8,1881.68,1881.8,0.01,11.59,21773.58,1
2023-01-24,2023-01-24 11:15:00,1881.8,1881.92,1881.8,1881.92,0.01,11.59,21773.58,1
2023-01-24,2023-01-24 11:16:00,1881.92,1882.04,1881.92,1882.04,0.01,11.59,21773.58,1
2023-01-24,2023-01-24 11:17:00,1882.04,1882.16,1882.04,1882.16,0.01,11.59,21773.58,1
2023-01-24,2023-01-24 11:18:00,1882.16,1882.28,1882.16,1882.28,0.01,11.59,21773.58,1
2023-01-24,2023-01-24 11:19:00,1882.28,1882.4,1882.28,1882.4,0.01,11.59,21773.58,1
2023-01-24,2023-01-24 11:20:00,1882.4,1882.52,1882.4,1882.52,0.01,11.59,21773.58,1
2023-01-24,2023-01-24 11:21:00,1882.52,1882.64,1882.52,1882.64,0.01,11.59,21773.58,1
2023-01-24,2023-01-24 11:22:00,1882.64,1882.76,1882.64,1882.76,0.01,11.59,21773.58,1
2023-01-24,2023-01-24 11:23:00,1882.76,1882.88,1882.76,1882.88,0.01,11.59,21773.58,1
2023-01-24,2023-01-24 11:24:00,1882.88,1883.0,1882.88,1883.0,0.01,11.59,21773.58,1
2023-01-24,2023-01-24 11:25:00,1883.0,1883.12,1883.0,1883.12,0.01,11.59,21773.58,1
2023-01-24,2023-01-24 11:26:00,1883.12,1883.24,1883.12,1883.24,0.01,11.59,21773.58,1
2023-01-24,2023-01-24 11:27:00,1883.24,1883.36,1883.24,1883.36,0.01,11.59,21773.58,1
2023-01-24,2023-01-24 11:28:00,1883.36,1883.48,1883.36,1883.48,0.01,11.59,21773.58,1
2023-01-24,2023-01-24 11:29:00,1883.48,1883.6,1883.48,1883.6,0.01,11.59,21773.58,1
2023-01-24,2023-01-24 11:30:00,1883.6,1883.72,1883.6,1883.72,0.01,11.59,21773.58,1
2023-01-24,2023-01-24 11:31:00,1883.72,1883.84,1883.72,1883.84,0.01,11.59,21773.58,1
2023-01-24,2023-01-24 11:32:00,1883.84,1883.96,1883.84,1883.96,0.01,11.59,21773.58,1
2023-01-24,2023-01-24 11:33:00,1883.96,1884.08,1883.96,1884.08,0.01,11.59,21773.58,1
2023-01-24,2023-01-24 11:34:00,1884.08,1884.2,1884.08,1884.2,0.01,11.59,21773.58,1
2023-01-24,2023-01-24 11:35:00,1884.2,1884.32,1884.2,1884.32,0.01,11.59,21773.58,1
2023-01-24,2023-01-24 11:36:00,1884.32,1884.44,1884.32,1884.44,0.01,11.59,21773.58,1
2023-01-24,2023-01-24 11:37:00,1884.44,1884.56,1884.44,1884.56,0.01,11.59,21773.58,1
2023-01-24,2023-01-24 11:38:00,1884.56,1884.68,1884.56,1884.68,0.01,11.59,21773.58,1
2023-01-24,2023-01-24 11:39:00,1884.68,1884.8,1884.68,1884.8,0.01,11.59,21773.58,1
2023-01-24,2023-01-24 11:40:00,1884.8,1884.92,1884.8,1884.92,0.01,11.59,21773.58,1
2023-01-24,2023-01-24 11:41:00,1884.92,1885.04,1884.92,1885.04,0.01,11.59,21773.58,1
2023-01-24,2023-01-24 11:42:00,1885.04,1885.16,1885.04,1885.16,0.01,11.59,21773.58,1
2023-01-24,2023-01-24 11:43:00,1885.16,1885.28,1885.16,1885.28,0.01,11.59,21773.58,1
2023-01-24,2023-01-24 11:44:00,1885.28,1885.4,1885.28,1885.4,0.01,11.59,21773.58,1
2023-01-24,2023-01-24 11:45:00,1885.4,1885.52,1885.4,1885.52,0.01,11.59,21773.58,1
2023-01-24,2023-01-24 11:46:00,1885.52,1885.64,1885.52,1885.64,0.01,11.59,21773.58,1
2023-01-24,2023-01-24 11:47:00,1885.64,1885.76,1885.64,1885.76,0.01,11.59,21773.58,1
2023-01-24,2023-01-24 11:48:00,1885.76,1885.88,1885.76,1885.88,0.01,11.59,21773.58,1
2023-01-24,2023-01-24 11:49:00,1885.88,1886.0,1885.88,1886.0,0.01,11.59,21773.58,1
2023-01-24,2023-01-24 11:50:00,1886.0,1886.12,1886.0,1886.12,0.01,11.59,21773.58,1
2023-01-24,2023-01-24 11:51:00,1886.12,1886.24,1886.12,1886.24,0.01,11.59,21773.58,1
2023-01-24,2023-01-24 11:52:00,1886.24,1886.36,1886.24,1886.36,0.01,11.59,21773.58,1
2023-01-24,2023-01-24 11:53:00,1886.36,1886.48,1886.36,1886.48,0.01,11.59,21773.58,1
2023-01-24,2023-01-24 11:54:00,1886.48,1886.6,1886.48,1886.6,0.01,11.59,21773.58,1
2023-01-24,2023-01-24 11:55:00,1886.6,1886.72,1886.6,1886.72,0.01,11.59,21773.58,1
2023-01-24,2023-01-24 11:56:00,1886.72,1886.84,1886.72,1886.84,0.01,11.59,21773.58,1
2023-01-24,2023-01-24 11:57:00,1886.84,1886.96,1886.84,1886.96,0.01,11.59,21773.58,1
2023-01-24,2023-01-24 11:58:00,1886.96,1887.08,1886.96,1887.08,0.01,11.59,21773.58,1
2023-01-24,2023-01-24 11:59:00,1887.08,1887.2,1887.08,1887.2,0.01,11.59,21773.58,1
2023-01-24,2023-01-24 12:00:00,1887.2,1887.32,1887.2,1887.32,0.01,11.59,21773.58,1
2023-01-24,2023-01-24 12:01:00,1887.32,1887.44,1887.32,1887.44,0.01,11.59,21773.58,1
2023-01-24,2023-01-24 12:02:00,1887.44,1887.56,1887.44,1887.56,0.01,11.59,21773.58,1
2023-01-24,2023-01-24 12:03:00,1887.56,1887.68,1887.56,1887.68,0.01,11.59,21773.58,1
2023-01-24,2023-01-24 12:04:00,1887.68,1887.8,1887.68,1887.8,0.01,11.59,21773.58,1
2023-01-24,2023-01-24 12:05:00,1887.8,1887.92,1887.8,1887.92,0.01,11.59,21773.58,1
2023-01-24,2023-01-24 12:06:00,1887.92,1888.04,1887.92,1888.04,0.01,11.59,21773.58,1
2023-01-24,2023-01-24 12:07:00,1888.04,1888.16,1888.04,1888.16,0.01,11.59,21773.58,1
2023-01-24,2023-01-24 12:08:00,1888.16,1888.28,1888.16,1888.28,0.01,11.59,21773.58,1
2023-01-24,2023-01-24 12:09:00,1888.28,1888.4,1888.28,1888.4,0.01,11.59,21773.58,1
2023-01-24,2023-01-24 12:10:00,1888.4,1888.52,1888.4,1888.52,0.01,11.59,21773.58,1
2023-01-24,2023-01-24 12:11:00,1888.52,1888.64,1888.52,1888.64,0.01,11.59,21773.58,1
2023-01-24,2023-01-24 12:12:00,1888.64,1888.76,1888.64,1888.76,0.01,11.59,21773.58,1
2023-01-24,2023-01-24 12:13:00,1888.76,1888.88,1888.76,1888.88,0.01,11.59,21773.58,1
2023-01-24,2023-01-24 12:14:00,1888.88,1889.0,1888.88,1889.0,0.01,11.59,21773.58,1
2023-01-24,2023-01-24 12:15:00,1889.0,1889.12,1889.0,1889.12,0.01,11.59,21773.58,1
2023-01-24,2023-01-24 12:16:00,1889.12,1889.24,1889.12,1889.24,0.01,11.59,21773.58,1
2023-01-24,2023-01-24 12:17:00,1889.24,1889.36,1889.24,1889.36,0.01,11.59,21773.58,1
2023-01-24,2023-01-24 12:18:00,1889.36,1889.48,1889.36,1889.48,0.01,11.59,21773.58,1
2023-01-24,2023-01-24 12:19:00,1889.48,1889.6,1889.48,1889.6,0.01,11.59,21773.58,1
2023-01-24,2023-01-24 12:20:00,1889.6,1889.72,1889.6,1889.72,0.01,11.59,21773.58,1
2023-01-24,2023-01-24 12:21:00,1889.72,1889.84,1889.72,1889.84,0.01,11.59,21773.58,1
2023-01-24,2023-01-24 12:22:00,1889.84,1889.96,1889.84,1889.96,0.01,11.59,21773.58,1
2023-01-24,2023-01-24 12:23:00,1889.96,1890.08,1889.96,1890.08,0.01,11.59,21773.58,1
2023-01-24,2023-01-24 12:24:00,1890.08,1890.2,1890.08,1890.2,0.01,11.59,21773.58,1
2023-01-24,2023-01-24 12:25:00,1890.2,1890.32,1890.2,1890.32,0.01,11.59,21773.58,1
2023-01-24,2023-01-24 12:26:00,1890.32,1890.44,1890.32,1890.44,0.01,11.59,21773.58,1
2023-01-24,2023-01-24 12:27:00,1890.44,1890.56,1890.44,1890.56,0.01,11.59,21773.58,1
2023-01-24,2023-01-24 12:28:00,1890.56,1890.68,1890.56,1890.68,0.01,11.59,21773.58,1
2023-01-24,2023-01-24 12:29:00,1890.68,1890.8,1890.68,1890.8,0.01,11.59,21773.58,1
2023-01-24,2023-01-24 12:30:00,1890.8,1890.92,1890.8,1890.92,0.01,11.59,21773.58,1
2023-01-24,2023-01-24 12:31:00,1890.92,1891.04,1890.92,1891.04,0.01,11.59,21773.58,1
2023-01-24,2023-01-24 12:32:00,1891.04,1891.16,1891.04,1891.16,0.01,11.59,21773.58,1
2023-01-24,2023-01-24 12:33:00,1891.16,1891.28,1891.16,1891.28,0.01,11.59,21773.58,1
2023-01-24,2023-01-24 12:34:00,1891.28,1891.4,1891.28,1891.4,0.01,11.59,21773.58,1
2023-01-24,2023-01-24 12:35:00,1891.4,1891.52,1891.4,1891.52,0.01,11.59,21773.58,1
2023-01-24,2023-01-24 12:36:00,1891.52,1891.64,1891.52,1891.64,0.01,11.59,21773.58,1
2023-01-24,2023-01-24 12:37:00,1891.64,1891.76,1891.64,1891.76,0.01,11.59,21773.58,1
2023-01-24,2023-01-24 12:38:00,1891.76,1891.88,1891.76,1891.88,0.01,11.59,21773.58,1
2023-01-24,2023-01-24 12:39:00,1891.88,1892.0,1891.88,1892.0,0.01,11.59,21773.58,1
2023-01-24,2023-01-24 12:40:00,1892.0,1892.12,1892.0,1892.12,0.01,11.59,21773.58,1
2023-01-24,2023-01-24 12:41:00,1892.12,1892.24,1892.12,1892.24,0.01,11.59,21773.58,1
2023-01-24,2023-01-24 12:42:00,1892.24,1892.36,1892.24,1892.36,0.01,11.59,21773.58,1
2023-01-24,2023-01-24 12:43:00,1892.36,1892.48,1892.36,1892.48,0.01,11.59,21773.58,1
2023-01-24,2023-01-24 12:44:00,1892.48,1892.6,1892.48,1892.6,0.01,11.59,21773.58,1
2023-01-24,2023-01-24 12:45:00,1892.6,1892.72,1892.6,1892.72,0.01,11.59,21773.58,1
2023-01-24,2023-01-24 12:46:00,1892.72,1892.84,1892.72,1892.84,0.01,11.59,21773.58,1
2023-01-24,2023-01-24 12:47:00,1892.84,1892.96,1892.84,1892.96,0.01,11.59,21773.58,1
2023-01-24,2023-01-24 12:48:00,1892.96,1893.08,1892.96,1893.08,0.01,11.59,21773.58,1
2023-01-24,2023-01-24 12:49:00,1893.08,1893.2,1893.08,1893.2,0.01,11.59,21773.58,1
2023-01-24,2023-01-24 12:50:00,1893.2,1893.32,1893.2,1893.32,0.01,11.59,21773.58,1
2023-01-24,2023-01-24 12:51:00,1893.32,1893.44,1893.32,1893.44,0.01,11.59,21773.58,1
2023-01-24,2023-01-24 12:52:00,1893.44,1893.56,1893.44,1893.56,0.01,11.59,21773.58,1
2023-01-24,2023-01-24 12:53:00,1893.56,1893.68,1893.56,1893.68,0.01,11.59,21773.58,1
2023-01-24,2023-01-24 12:54:00,1893.68,1893.8,1893.68,1893.8,0.01,11.59,21773.58,1
2023-01-24,2023-01-24 12:55:00,1893.8,1893.92,1893.8,1893.92,0.01,11.59,21773.58,1
2023-01-24,2023-01-24 12:56:00,1893.92,1894.04,1893.92,1894.04,0.01,11.59,21773.58,1
2023-01-24,2023-01-24 12:57:00,1894.04,1894.16,1894.04,1894.16,0.01,11.59,21773.58,1
2023-01-24,2023-01-24 12:58:00,1894.16,1894.28,1894.16,1894.28,0.01,11.59,21773.58,1
2023-01-24,2023-01-24 12:59:00,1894.28,1894.4,1894.28,1894.4,0.01,11.59,21773.58,1
2023-01-24,2023-01-24 13:00:00,1894.4,1908.8,1850.0,1894.52,0.01,11.59,21773.58,1
2023-01-24,2023-01-24 13:01:00,1894.52,1894.64,1894.52,1894.64,0.01,11.59,21773.58,1
2023-01-24,2023-01-24 13:02:00,1894.64,1894.76,1894.64,1894.76,0.01,11.59,21773.58,1
2023-01-24,2023-01-24 13:03:00,1894.76,1894.88,1894.76,1894.88,0.01,11.59,21773.58,1
2023-01-24,2023-01-24 13:04:00,1894.88,1895.0,1894.88,1895.0,0.01,11.59,21773.58,1
2023-01-24,2023-01-24 13:05:00,1895.0,1895.12,1895.0,1895.12,0.01,11.59,21773.58,1
2023-01-24,2023-01-24 13:06:00,1895.12,1895.24,1895.12,1895.24,0.01,11.59,21773.58,1
2023-01-24,2023-01-24 13:07:00,1895.24,1895.36,1895.24,1895.36,0.01,11.59,21773.58,1
2023-01-24,2023-01-24 13:08:00,1895.36,1895.48,1895.36,1895.48,0.01,11.59,21773.58,1
2023-01-24,2023-01-24 13:09:00,1895.48,1895.6,1895.48,1895.6,0.01,11.59,21773.58,1
2023-01-24,2023-01-24 13:10:00,1895.6,1895.72,1895.6,1895.72,0.01,11.59,21773.58,1
2023-01-24,2023-01-24 13:11:00,1895.72,1895.84,1895.72,1895.84,0.01,11.59,21773.58,1
2023-01-24,2023-01-24 13:12:00,1895.84,1895.96,1895.84,1895.96,0.01,11.59,21773.58,1
2023-01-24,2023-01-24 13:13:00,1895.96,1896.08,1895.96,1896.08,0.01,11.59,21773.58,1
2023-01-24,2023-01-24 13:14:00,1896.08,1896.2,1896.08,1896.2,0.01,11.59,21773.58,1
2023-01-24,2023-01-24 13:15:00,1896.2,1896.32,1896.2,1896.32,0.01,11.59,21773.58,1
2023-01-24,2023-01-24 13:16:00,1896.32,1896.44,1896.32,1896.44,0.01,11.59,21773.58,1
2023-01-24,2023-01-24 13:17:00,1896.44,1896.56,1896.44,1896.56,0.01,11.59,21773.58,1
2023-01-24,2023-01-24 13:18:00,1896.56,1896.68,1896.56,1896.68,0.01,11.59,21773.58,1
2023-01-24,2023-01-24 13:19:00,1896.68,1896.8,1896.68,1896.8,0.01,11.59,21773.58,1
2023-01-24,2023-01-24 13:20:00,1896.8,1896.92,1896.8,1896.92,0.01,11.59,21773.58,1
2023-01-24,2023-01-24 13:21:00,1896.92,1897.04,1896.92,1897.04,0.01,11.59,21773.58,1
2023-01-24,2023-01-24 13:22:00,1897.04,1897.16,1897.04,1897.16,0.01,11.59,21773.58,1
2023-01-24,2023-01-24 13:23:00,1897.16,1897.28,1897.16,1897.28,0.01,11.59,21773.58,1
2023-01-24,2023-01-24 13:24:00,1897.28,1897.4,1897.28,1897.4,0.01,11.59,21773.58,1
2023-01-24,2023-01-24 13:25:00,1897.4,1897.52,1897.4,1897.52,0.01,11.59,21773.58,1
2023-01-24,2023-01-24 13:26:00,1897.52,1897.64,1897.52,1897.64,0.01,11.59,21773.58,1
2023-01-24,2023-01-24 13:27:00,1897.64,1897.76,1897.64,1897.76,0.01,11.59,21773.58,1
2023-01-24,2023-01-24 13:28:00,1897.76,1897.88,1897.76,1897.88,0.01,11.59,21773.58,1
2023-01-24,2023-01-24 13:29:00,1897.88,1898.0,1897.88,1898.0,0.01,11.59,21773.58,1
2023-01-24,2023-01-24 13:30:00,1898.0,1898.12,1898.0,1898.12,0.01,11.59,21773.58,1
2023-01-24,2023-01-24 13:31:00,1898.12,1898.24,1898.12,1898.24,0.01,11.59,21773.58,1
2023-01-24,2023-01-24 13:32:00,1898.24,1898.36,1898.24,1898.36,0.01,11.59,21773.58,1
2023-01-24,2023-01-24 13:33:00,1898.36,1898.48,1898.36,1898.48,0.01,11.59,21773.58,1
2023-01-24,2023-01-24 13:34:00,1898.48,1898.6,1898.48,1898.6,0.01,11.59,21773.58,1
2023-01-24,2023-01-24 13:35:00,1898.6,1898.72,1898.6,1898.72,0.01,11.59,21773.58,1
2023-01-24,2023-01-24 13:36:00,1898.72,1898.84,1898.72,1898.84,0.01,11.59,21773.58,1
2023-01-24,2023-01-24 13:37:00,1898.84,1898.96,1898.84,1898.96,0.01,11.59,21773.58,1
2023-01-24,2023-01-24 13:38:00,1898.96,1899.08,1898.96,1899.08,0.01,11.59,21773.58,1
2023-01-24,2023-01-24 13:39:00,1899.08,1899.2,1899.08,1899.2,0.01,11.59,21773.58,1
2023-01-24,2023-01-24 13:40:00,1899.2,1899.32,1899.2,1899.32,0.01,11.59,21773.58,1
2023-01-24,2023-01-24 13:41:00,1899.32,1899.44,1899.32,1899.44,0.01,11.59,21773.58,1
2023-01-24,2023-01-24 13:42:00,1899.44,1899.56,1899.44,1899.56,0.01,11.59,21773.58,1
2023-01-24,2023-01-24 13:43:00,1899.56,1899.68,1899.56,1899.68,0.01,11.59,21773.58,1
2023-01-24,2023-01-24 13:44:00,1899.68,1899.8,1899.68,1899.8,0.01,11.59,21773.58,1
2023-01-24,2023-01-24 13:45:00,1899.8,1899.92,1899.8,1899.92,0.01,11.59,21773.58,1
2023-01-24,2023-01-24 13:46:00,1899.92,1900.04,1899.92,1900.04,0.01,11.59,21773.58,1
2023-01-24,2023-01-24 13:47:00,1900.04,1900.16,1900.04,1900.16,0.01,11.59,21773.58,1
2023-01-24,2023-01-24 13:48:00,1900.16,1900.28,1900.16,1900.28,0.01,11.59,21773.58,1
2023-01-24,2023-01-24 13:49:00,1900.28,1900.4,1900.28,1900.4,0.01,11.59,21773.58,1
2023-01-24,2023-01-24 13:50:00,1900.4,1900.52,1900.4,1900.52,0.01,11.59,21773.58,1
2023-01-24,2023-01-24 13:51:00,1900.52,1900.64,1900.52,1900.64,0.01,11.59,21773.58,1
2023-01-24,2023-01-24 13:52:00,1900.64,1900.76,1900.64,1900.76,0.01,11.59,21773.58,1
2023-01-24,2023-01-24 13:53:00,1900.76,1900.88,1900.76,1900.88,0.01,11.59,21773.58,1
2023-01-24,2023-01-24 13:54:00,1900.88,1901.0,1900.88,1901.0,0.01,11.59,21773.58,1
2023-01-24,2023-01-24 13:55:00,1901.0,1901.12,1901.0,1901.12,0.01,11.59,21773.58,1
2023-01-24,2023-01-24 13:56:00,1901.12,1901.24,1901.12,1901.24,0.01,11.59,21773.58,1
2023-01-24,2023-01-24 13:57:00,1901.24,1901.36,1901.24,1901.36,0.01,11.59,21773.58,1
2023-01-24,2023-01-24 13:58:00,1901.36,1901.48,1901.36,1901.48,0.01,11.59,21773.58,1
2023-01-24,2023-01-24 13:59:00,1901.48,1901.6,1901.48,1901.6,0.01,11.59,21773.58,1
2023-01-24,2023-01-24 14:00:00,1901.6,1901.72,1901.6,1901.72,0.01,11.59,21773.58,1
2023-01-24,2023-01-24 14:01:00,1901.72,1901.84,1901.72,1901.84,0.01,11.59,21773.58,1
2023-01-24,2023-01-24 14:02:00,1901.84,1901.96,1901.84,1901.96,0.01,11.59,21773.58,1
2023-01-24,2023-01-24 14:03:00,1901.96,1902.08,1901.96,1902.08,0.01,11.59,21773.58,1
2023-01-24,2023-01-24 14:04:00,1902.08,1902.2,1902.08,1902.2,0.01,11.59,21773.58,1
2023-01-24,2023-01-24 14:05:00,1902.2,1902.32,1902.2,1902.32,0.01,11.59,21773.58,1
2023-01-24,2023-01-24 14:06:00,1902.32,1902.44,1902.32,1902.44,0.01,11.59,21773.58,1
2023-01-24,2023-01-24 14:07:00,1902.44,1902.56,1902.44,1902.56,0.01,11.59,21773.58,1
2023-01-24,2023-01-24 14:08:00,1902.56,1902.68,1902.56,1902.68,0.01,11.59,21773.58,1
2023-01-24,2023-01-24 14:09:00,1902.68,1902.8,1902.68,1902.8,0.01,11.59,21773.58,1
2023-01-24,2023-01-24 14:10:00,1902.8,1902.92,1902.8,1902.92,0.01,11.59,21773.58,1
2023-01-24,2023-01-24 14:11:00,1902.92,1903.04,1902.92,1903.04,0.01,11.59,21773.58,1
2023-01-24,2023-01-24 14:12:00,1903.04,1903.16,1903.04,1903.16,0.01,11.59,21773.58,1
2023-01-24,2023-01-24 14:13:00,1903.16,1903.28,1903.16,1903.28,0.01,11.59,21773.58,1
2023-01-24,2023-01-24 14:14:00,1903.28,1903.4,1903.28,1903.4,0.01,11.59,21773.58,1
2023-01-24,2023-01-24 14:15:00,1903.4,1903.52,1903.4,1903.52,0.01,11.59,21773.58,1
2023-01-24,2023-01-24 14:16:00,1903.52,1903.64,1903.52,1903.64,0.01,11.59,21773.58,1
2023-01-24,2023-01-24 14:17:00,1903.64,1903.76,1903.64,1903.76,0.01,11.59,21773.58,1
2023-01-24,2023-01-24 14:18:00,1903.76,1903.88,1903.76,1903.88,0.01,11.59,21773.58,1
2023-01-24,2023-01-24 14:19:00,1903.88,1904.0,1903.88,1904.0,0.01,11.59,21773.58,1
2023-01-24,2023-01-24 14:20:00,1904.0,1904.12,1904.0,1904.12,0.01,11.59,21773.58,1
2023-01-24,2023-01-24 14:21:00,1904.12,1904.24,1904.12,1904.24,0.01,11.59,21773.58,1
2023-01-24,2023-01-24 14:22:00,1904.24,1904.36,1904.24,1904.36,0.01,11.59,21773.58,1
2023-01-24,2023-01-24 14:23:00,1904.36,1904.48,1904.36,1904.48,0.01,11.59,21773.58,1
2023-01-24,2023-01-24 14:24:00,1904.48,1904.6,1904.48,1904.6,0.01,11.59,21773.58,1
2023-01-24,2023-01-24 14:25:00,1904.6,1904.72,1904.6,1904.72,0.01,11.59,21773.58,1
2023-01-24,2023-01-24 14:26:00,1904.72,1904.84,1904.72,1904.84,0.01,11.59,21773.58,1
2023-01-24,2023-01-24 14:27:00,1904.84,1904.96,1904.84,1904.96,0.01,11.59,21773.58,1
2023-01-24,2023-01-24 14:28:00,1904.96,1905.08,1904.96,1905.08,0.01,11.59,21773.58,1
2023-01-24,2023-01-24 14:29:00,1905.08,1905.2,1905.08,1905.2,0.01,11.59,21773.58,1
2023-01-24,2023-01-24 14:30:00,1905.2,1905.32,1905.2,1905.32,0.01,11.59,21773.58,1
2023-01-24,2023-01-24 14:31:00,1905.32,1905.44,1905.32,1905.44,0.01,11.59,21773.58,1
2023-01-24,2023-01-24 14:32:00,1905.44,1905.56,1905.44,1905.56,0.01,11.59,21773.58,1
2023-01-24,2023-01-24 14:33:00,1905.56,1905.68,1905.56,1905.68,0.01,11.59,21773.58,1
2023-01-24,2023-01-24 14:34:00,1905.68,1905.8,1905.68,1905.8,0.01,11.59,21773.58,1
2023-01-24,2023-01-24 14:35:00,1905.8,1905.92,1905.8,1905.92,0.01,11.59,21773.58,1
2023-01-24,2023-01-24 14:36:00,1905.92,1906.04,1905.92,1906.04,0.01,11.59,21773.58,1
2023-01-24,2023-01-24 14:37:00,1906.04,1906.16,1906.04,1906.16,0.01,11.59,21773.58,1
2023-01-24,2023-01-24 14:38:00,1906.16,1906.28,1906.16,1906.28,0.01,11.59,21773.58,1
2023-01-24,2023-01-24 14:39:00,1906.28,1906.4,1906.28,1906.4,0.01,11.59,21773.58,1
2023-01-24,2023-01-24 14:40:00,1906.4,1906.52,1906.4,1906.52,0.01,11.59,21773.58,1
2023-01-24,2023-01-24 14:41:00,1906.52,1906.64,1906.52,1906.64,0.01,11.59,21773.58,1
2023-01-24,2023-01-24 14:42:00,1906.64,1906.76,1906.64,1906.76,0.01,11.59,21773.58,1
2023-01-24,2023-01-24 14:43:00,1906.76,1906.88,1906.76,1906.88,0.01,11.59,21773.58,1
2023-01-24,2023-01-24 14:44:00,1906.88,1907.0,1906.88,1907.0,0.01,11.59,21773.58,1
2023-01-24,2023-01-24 14:45:00,1907.0,1907.12,1907.0,1907.12,0.01,11.59,21773.58,1
2023-01-24,2023-01-24 14:46:00,1907.12,1907.24,1907.12,1907.24,0.01,11.59,21773.58,1
2023-01-24,2023-01-24 14:47:00,1907.24,1907.36,1907.24,1907.36,0.01,11.59,21773.58,1
2023-01-24,2023-01-24 14:48:00,1907.36,1907.48,1907.36,1907.48,0.01,11.59,21773.58,1
2023-01-24,2023-01-24 14:49:00,1907.48,1907.6,1907.48,1907.6,0.01,11.59,21773.58,1
2023-01-24,2023-01-24 14:50:00,1907.6,1907.72,1907.6,1907.72,0.01,11.59,21773.58,1
2023-01-24,2023-01-24 14:51:00,1907.72,1907.84,1907.72,1907.84,0.01,11.59,21773.58,1
2023-01-24,2023-01-24 14:52:00,1907.84,1907.96,1907.84,1907.96,0.01,11.59,21773.58,1
2023-01-24,2023-01-24 14:53:00,1907.96,1908.08,1907.96,1908.08,0.01,11.59,21773.58,1
2023-01-24,2023-01-24 14:54:00,1908.08,1908.2,1908.08,1908.2,0.01,11.59,21773.58,1
2023-01-24,2023-01-24 14:55:00,1908.2,1908.32,1908.2,1908.32,0.01,11.59,21773.58,1
2023-01-24,2023-01-24 14:56:00,1908.32,1908.44,1908.32,1908.44,0.01,11.59,21773.58,1
2023-01-24,2023-01-24 14:57:00,1908.44,1908.56,1908.44,1908.56,0.01,11.59,21773.58,1
2023-01-24,2023-01-24 14:58:00,1908.56,1908.68,1908.56,1908.68,0.01,11.59,21773.58,1
2023-01-24,2023-01-24 14:59:00,1908.68,1908.8,1908.68,1908.8,0.01,11.59,21773.58,1
2023-01-24,2023-01-24 15:00:00,1908.8,1908.8,1850.0,1908.8,0.0,11.59,21773.58,0
2023-01-25,2023-01-25 11:00:00,1877.0,1889.9,1877.0,1877.08,0.0,4.74,9021.61,1
2023-01-25,2023-01-25 11:01:00,1877.08,1877.16,1877.08,1877.16,0.0,4.74,9021.61,1
2023-01-25,2023-01-25 11:02:00,1877.16,1877.24,1877.16,1877.24,0.0,4.74,9021.61,1
2023-01-25,2023-01-25 11:03:00,1877.24,1877.33,1877.24,1877.33,0.0,4.74,9021.61,1
2023-01-25,2023-01-25 11:04:00,1877.33,1877.41,1877.33,1877.41,0.0,4.74,9021.61,1
2023-01-25,2023-01-25 11:05:00,1877.41,1877.49,1877.41,1877.49,0.0,4.74,9021.61,1
2023-01-25,2023-01-25 11:06:00,1877.49,1877.57,1877.49,1877.57,0.0,4.74,9021.61,1
2023-01-25,2023-01-25 11:07:00,1877.57,1877.65,1877.57,1877.65,0.0,4.74,9021.61,1
2023-01-25,2023-01-25 11:08:00,1877.65,1877.73,1877.65,1877.73,0.0,4.74,9021.61,1
2023-01-25,2023-01-25 11:09:00,1877.73,1877.81,1877.73,1877.81,0.0,4.74,9021.61,1
2023-01-25,2023-01-25 11:10:00,1877.81,1877.89,1877.81,1877.89,0.0,4.74,9021.61,1
2023-01-25,2023-01-25 11:11:00,1877.89,1877.97,1877.89,1877.97,0.0,4.74,9021.61,1
2023-01-25,2023-01-25 11:12:00,1877.97,1878.06,1877.97,1878.06,0.0,4.74,9021.61,1
2023-01-25,2023-01-25 11:13:00,1878.06,1878.14,1878.06,1878.14,0.0,4.74,9021.61,1
2023-01-25,2023-01-25 11:14:00,1878.14,1878.22,1878.14,1878.22,0.0,4.74,9021.61,1
2023-01-25,2023-01-25 11:15:00,1878.22,1878.3,1878.22,1878.3,0.0,4.74,9021.61,1
2023-01-25,2023-01-25 11:16:00,1878.3,1878.38,1878.3,1878.38,0.0,4.74,9021.61,1
2023-01-25,2023-01-25 11:17:00,1878.38,1878.46,1878.38,1878.46,0.0,4.74,9021.61,1
2023-01-25,2023-01-25 11:18:00,1878.46,1878.54,1878.46,1878.54,0.0,4.74,9021.61,1
2023-01-25,2023-01-25 11:19:00,1878.54,1878.62,1878.54,1878.62,0.0,4.74,9021.61,1
2023-01-25,2023-01-25 11:20:00,1878.62,1878.71,1878.62,1878.71,0.0,4.74,9021.61,1
2023-01-25,2023-01-25 11:21:00,1878.71,1878.79,1878.71,1878.79,0.0,4.74,9021.61,1
2023-01-25,2023-01-25 11:22:00,1878.79,1878.87,1878.79,1878.87,0.0,4.74,9021.61,1
2023-01-25,2023-01-25 11:23:00,1878.87,1878.95,1878.87,1878.95,0.0,4.74,9021.61,1
2023-01-25,2023-01-25 11:24:00,1878.95,1879.03,1878.95,1879.03,0.0,4.74,9021.61,1
2023-01-25,2023-01-25 11:25:00,1879.03,1879.11,1879.03,1879.11,0.0,4.74,9021.61,1
2023-01-25,2023-01-25 11:26:00,1879.11,1879.19,1879.11,1879.19,0.0,4.74,9021.61,1
2023-01-25,2023-01-25 11:27:00,1879.19,1879.28,1879.19,1879.28,0.0,4.74,9021.61,1
2023-01-25,2023-01-25 11:28:00,1879.28,1879.36,1879.28,1879.36,0.0,4.74,9021.61,1
2023-01-25,2023-01-25 11:29:00,1879.36,1879.44,1879.36,1879.44,0.0,4.74,9021.61,1
2023-01-25,2023-01-25 11:30:00,1879.44,1879.52,1879.44,1879.52,0.0,4.74,9021.61,1
2023-01-25,2023-01-25 11:31:00,1879.52,1879.6,1879.52,1879.6,0.0,4.74,9021.61,1
2023-01-25,2023-01-25 11:32:00,1879.6,1879.68,1879.6,1879.68,0.0,4.74,9021.61,1
2023-01-25,2023-01-25 11:33:00,1879.68,1879.76,1879.68,1879.76,0.0,4.74,9021.61,1
2023-01-25,2023-01-25 11:34:00,1879.76,1879.84,1879.76,1879.84,0.0,4.74,9021.61,1
2023-01-25,2023-01-25 11:35:00,1879.84,1879.92,1879.84,1879.92,0.0,4.74,9021.61,1
2023-01-25,2023-01-25 11:36:00,1879.92,1880.01,1879.92,1880.01,0.0,4.74,9021.61,1
2023-01-25,2023-01-25 11:37:00,1880.01,1880.09,1880.01,1880.09,0.0,4.74,9021.61,1
2023-01-25,2023-01-25 11:38:00,1880.09,1880.17,1880.09,1880.17,0.0,4.74,9021.61,1
2023-01-25,2023-01-25 11:39:00,1880.17,1880.25,1880.17,1880.25,0.0,4.74,9021.61,1
2023-01-25,2023-01-25 11:40:00,1880.25,1880.33,1880.25,1880.33,0.0,4.74,9021.61,1
2023-01-25,2023-01-25 11:41:00,1880.33,1880.41,1880.33,1880.41,0.0,4.74,9021.61,1
2023-01-25,2023-01-25 11:42:00,1880.41,1880.49,1880.41,1880.49,0.0,4.74,9021.61,1
2023-01-25,2023-01-25 11:43:00,1880.49,1880.58,1880.49,1880.58,0.0,4.74,9021.61,1
2023-01-25,2023-01-25 11:44:00,1880.58,1880.66,1880.58,1880.66,0.0,4.74,9021.61,1
2023-01-25,2023-01-25 11:45:00,1880.66,1880.74,1880.66,1880.74,0.0,4.74,9021.61,1
2023-01-25,2023-01-25 11:46:00,1880.74,1880.82,1880.74,1880.82,0.0,4.74,9021.61,1
2023-01-25,2023-01-25 11:47:00,1880.82,1880.9,1880.82,1880.9,0.0,4.74,9021.61,1
2023-01-25,2023-01-25 11:48:00,1880.9,1880.98,1880.9,1880.98,0.0,4.74,9021.61,1
2023-01-25,2023-01-25 11:49:00,1880.98,1881.06,1880.98,1881.06,0.0,4.74,9021.61,1
2023-01-25,2023-01-25 11:50:00,1881.06,1881.14,1881.06,1881.14,0.0,4.74,9021.61,1
2023-01-25,2023-01-25 11:51:00,1881.14,1881.22,1881.14,1881.22,0.0,4.74,9021.61,1
2023-01-25,2023-01-25 11:52:00,1881.22,1881.31,1881.22,1881.31,0.0,4.74,9021.61,1
2023-01-25,2023-01-25 11:53:00,1881.31,1881.39,1881.31,1881.39,0.0,4.74,9021.61,1
2023-01-25,2023-01-25 11:54:00,1881.39,1881.47,1881.39,1881.47,0.0,4.74,9021.61,1
2023-01-25,2023-01-25 11:55:00,1881.47,1881.55,1881.47,1881.55,0.0,4.74,9021.61,1
2023-01-25,2023-01-25 11:56:00,1881.55,1881.63,1881.55,1881.63,0.0,4.74,9021.61,1
2023-01-25,2023-01-25 11:57:00,1881.63,1881.71,1881.63,1881.71,0.0,4.74,9021.61,1
2023-01-25,2023-01-25 11:58:00,1881.71,1881.79,1881.71,1881.79,0.0,4.74,9021.61,1
2023-01-25,2023-01-25 11:59:00,1881.79,1881.88,1881.79,1881.88,0.0,4.74,9021.61,1
2023-01-25,2023-01-25 12:00:00,1881.88,1881.96,1881.88,1881.96,0.0,4.74,9021.61,1
2023-01-25,2023-01-25 12:01:00,1881.96,1882.04,1881.96,1882.04,0.0,4.74,9021.61,1
2023-01-25,2023-01-25 12:02:00,1882.04,1882.12,1882.04,1882.12,0.0,4.74,9021.61,1
2023-01-25,2023-01-25 12:03:00,1882.12,1882.2,1882.12,1882.2,0.0,4.74,9021.61,1
2023-01-25,2023-01-25 12:04:00,1882.2,1882.28,1882.2,1882.28,0.0,4.74,9021.61,1
2023-01-25,2023-01-25 12:05:00,1882.28,1882.36,1882.28,1882.36,0.0,4.74,9021.61,1
2023-01-25,2023-01-25 12:06:00,1882.36,1882.44,1882.36,1882.44,0.0,4.74,9021.61,1
2023-01-25,2023-01-25 12:07:00,1882.44,1882.53,1882.44,1882.53,0.0,4.74,9021.61,1
2023-01-25,2023-01-25 12:08:00,1882.53,1882.61,1882.53,1882.61,0.0,4.74,9021.61,1
2023-01-25,2023-01-25 12:09:00,1882.61,1882.69,1882.61,1882.69,0.0,4.74,9021.61,1
2023-01-25,2023-01-25 12:10:00,1882.69,1882.77,1882.69,1882.77,0.0,4.74,9021.61,1
2023-01-25,2023-01-25 12:11:00,1882.77,1882.85,1882.77,1882.85,0.0,4.74,9021.61,1
2023-01-25,2023-01-25 12:12:00,1882.85,1882.93,1882.85,1882.93,0.0,4.74,9021.61,1
2023-01-25,2023-01-25 12:13:00,1882.93,1883.01,1882.93,1883.01,0.0,4.74,9021.61,1
2023-01-25,2023-01-25 12:14:00,1883.01,1883.09,1883.01,1883.09,0.0,4.74,9021.61,1
2023-01-25,2023-01-25 12:15:00,1883.09,1883.17,1883.09,1883.17,0.0,4.74,9021.61,1
2023-01-25,2023-01-25 12:16:00,1883.17,1883.26,1883.17,1883.26,0.0,4.74,9021.61,1
2023-01-25,2023-01-25 12:17:00,1883.26,1883.34,1883.26,1883.34,0.0,4.74,9021.61,1
2023-01-25,2023-01-25 12:18:00,1883.34,1883.42,1883.34,1883.42,0.0,4.74,9021.61,1
2023-01-25,2023-01-25 12:19:00,1883.42,1883.5,1883.42,1883.5,0.0,4.74,9021.61,1
2023-01-25,2023-01-25 12:20:00,1883.5,1883.58,1883.5,1883.58,0.0,4.74,9021.61,1
2023-01-25,2023-01-25 12:21:00,1883.58,1883.66,1883.58,1883.66,0.0,4.74,9021.61,1
2023-01-25,2023-01-25 12:22:00,1883.66,1883.74,1883.66,1883.74,0.0,4.74,9021.61,1
2023-01-25,2023-01-25 12:23:00,1883.74,1883.83,1883.74,1883.83,0.0,4.74,9021.61,1
2023-01-25,2023-01-25 12:24:00,1883.83,1883.91,1883.83,1883.91,0.0,4.74,9021.61,1
2023-01-25,2023-01-25 12:25:00,1883.91,1883.99,1883.91,1883.99,0.0,4.74,9021.61,1
2023-01-25,2023-01-25 12:26:00,1883.99,1884.07,1883.99,1884.07,0.0,4.74,9021.61,1
2023-01-25,2023-01-25 12:27:00,1884.07,1884.15,1884.07,1884.15,0.0,4.74,9021.61,1
2023-01-25,2023-01-25 12:28:00,1884.15,1884.23,1884.15,1884.23,0.0,4.74,9021.61,1
2023-01-25,2023-01-25 12:29:00,1884.23,1884.31,1884.23,1884.31,0.0,4.74,9021.61,1
2023-01-25,2023-01-25 12:30:00,1884.31,1884.39,1884.31,1884.39,0.0,4.74,9021.61,1
2023-01-25,2023-01-25 12:31:00,1884.39,1884.47,1884.39,1884.47,0.0,4.74,9021.61,1
2023-01-25,2023-01-25 12:32:00,1884.47,1884.56,1884.47,1884.56,0.0,4.74,9021.61,1
2023-01-25,2023-01-25 12:33:00,1884.56,1884.64,1884.56,1884.64,0.0,4.74,9021.61,1
2023-01-25,2023-01-25 12:34:00,1884.64,1884.72,1884.64,1884.72,0.0,4.74,9021.61,1
2023-01-25,2023-01-25 12:35:00,1884.72,1884.8,1884.72,1884.8,0.0,4.74,9021.61,1
2023-01-25,2023-01-25 12:36:00,1884.8,1884.88,1884.8,1884.88,0.0,4.74,9021.61,1
2023-01-25,2023-01-25 12:37:00,1884.88,1884.96,1884.88,1884.96,0.0,4.74,9021.61,1
2023-01-25,2023-01-25 12:38:00,1884.96,1885.04,1884.96,1885.04,0.0,4.74,9021.61,1
2023-01-25,2023-01-25 12:39:00,1885.04,1885.12,1885.04,1885.12,0.0,4.74,9021.61,1
2023-01-25,2023-01-25 12:40:00,1885.12,1885.21,1885.12,1885.21,0.0,4.74,9021.61,1
2023-01-25,2023-01-25 12:41:00,1885.21,1885.29,1885.21,1885.29,0.0,4.74,9021.61,1
2023-01-25,2023-01-25 12:42:00,1885.29,1885.37,1885.29,1885.37,0.0,4.74,9021.61,1
2023-01-25,2023-01-25 12:43:00,1885.37,1885.45,1885.37,1885.45,0.0,4.74,9021.61,1
2023-01-25,2023-01-25 12:44:00,1885.45,1885.53,1885.45,1885.53,0.0,4.74,9021.61,1
2023-01-25,2023-01-25 12:45:00,1885.53,1885.61,1885.53,1885.61,0.0,4.74,9021.61,1
2023-01-25,2023-01-25 12:46:00,1885.61,1885.69,1885.61,1885.69,0.0,4.74,9021.61,1
2023-01-25,2023-01-25 12:47:00,1885.69,1885.78,1885.69,1885.78,0.0,4.74,9021.61,1
2023-01-25,2023-01-25 12:48:00,1885.78,1885.86,1885.78,1885.86,0.0,4.74,9021.61,1
2023-01-25,2023-01-25 12:49:00,1885.86,1885.94,1885.86,1885.94,0.0,4.74,9021.61,1
2023-01-25,2023-01-25 12:50:00,1885.94,1886.02,1885.94,1886.02,0.0,4.74,9021.61,1
2023-01-25,2023-01-25 12:51:00,1886.02,1886.1,1886.02,1886.1,0.0,4.74,9021.61,1
2023-01-25,2023-01-25 12:52:00,1886.1,1886.18,1886.1,1886.18,0.0,4.74,9021.61,1
2023-01-25,2023-01-25 12:53:00,1886.18,1886.26,1886.18,1886.26,0.0,4.74,9021.61,1
2023-01-25,2023-01-25 12:54:00,1886.26,1886.34,1886.26,1886.34,0.0,4.74,9021.61,1
2023-01-25,2023-01-25 12:55:00,1886.34,1886.42,1886.34,1886.42,0.0,4.74,9021.61,1
2023-01-25,2023-01-25 12:56:00,1886.42,1886.51,1886.42,1886.51,0.0,4.74,9021.61,1
2023-01-25,2023-01-25 12:57:00,1886.51,1886.59,1886.51,1886.59,0.0,4.74,9021.61,1
2023-01-25,2023-01-25 12:58:00,1886.59,1886.67,1886.59,1886.67,0.0,4.74,9021.61,1
2023-01-25,2023-01-25 12:59:00,1886.67,1886.75,1886.67,1886.75,0.0,4.74,9021.61,1
2023-01-25,2023-01-25 13:00:00,1886.75,1920.0,1877.0,1886.83,0.0,4.74,9021.61,1
2023-01-25,2023-01-25 13:01:00,1886.83,1886.91,1886.83,1886.91,0.0,4.74,9021.61,1
2023-01-25,2023-01-25 13:02:00,1886.91,1886.99,1886.91,1886.99,0.0,4.74,9021.61,1
2023-01-25,2023-01-25 13:03:00,1886.99,1887.08,1886.99,1887.08,0.0,4.74,9021.61,1
2023-01-25,2023-01-25 13:04:00,1887.08,1887.16,1887.08,1887.16,0.0,4.74,9021.61,1
2023-01-25,2023-01-25 13:05:00,1887.16,1887.24,1887.16,1887.24,0.0,4.74,9021.61,1
2023-01-25,2023-01-25 13:06:00,1887.24,1887.32,1887.24,1887.32,0.0,4.74,9021.61,1
2023-01-25,2023-01-25 13:07:00,1887.32,1887.4,1887.32,1887.4,0.0,4.74,9021.61,1
2023-01-25,2023-01-25 13:08:00,1887.4,1887.48,1887.4,1887.48,0.0,4.74,9021.61,1
2023-01-25,2023-01-25 13:09:00,1887.48,1887.56,1887.48,1887.56,0.0,4.74,9021.61,1
2023-01-25,2023-01-25 13:10:00,1887.56,1887.64,1887.56,1887.64,0.0,4.74,9021.61,1
2023-01-25,2023-01-25 13:11:00,1887.64,1887.72,1887.64,1887.72,0.0,4.74,9021.61,1
2023-01-25,2023-01-25 13:12:00,1887.72,1887.81,1887.72,1887.81,0.0,4.74,9021.61,1
2023-01-25,2023-01-25 13:13:00,1887.81,1887.89,1887.81,1887.89,0.0,4.74,9021.61,1
2023-01-25,2023-01-25 13:14:00,1887.89,1887.97,1887.89,1887.97,0.0,4.74,9021.61,1
2023-01-25,2023-01-25 13:15:00,1887.97,1888.05,1887.97,1888.05,0.0,4.74,9021.61,1
2023-01-25,2023-01-25 13:16:00,1888.05,1888.13,1888.05,1888.13,0.0,4.74,9021.61,1
2023-01-25,2023-01-25 13:17:00,1888.13,1888.21,1888.13,1888.21,0.0,4.74,9021.61,1
2023-01-25,2023-01-25 13:18:00,1888.21,1888.29,1888.21,1888.29,0.0,4.74,9021.61,1
2023-01-25,2023-01-25 13:19:00,1888.29,1888.38,1888.29,1888.38,0.0,4.74,9021.61,1
2023-01-25,2023-01-25 13:20:00,1888.38,1888.46,1888.38,1888.46,0.0,4.74,9021.61,1
2023-01-25,2023-01-25 13:21:00,1888.46,1888.54,1888.46,1888.54,0.0,4.74,9021.61,1
2023-01-25,2023-01-25 13:22:00,1888.54,1888.62,1888.54,1888.62,0.0,4.74,9021.61,1
2023-01-25,2023-01-25 13:23:00,1888.62,1888.7,1888.62,1888.7,0.0,4.74,9021.61,1
2023-01-25,2023-01-25 13:24:00,1888.7,1888.78,1888.7,1888.78,0.0,4.74,9021.61,1
2023-01-25,2023-01-25 13:25:00,1888.78,1888.86,1888.78,1888.86,0.0,4.74,9021.61,1
2023-01-25,2023-01-25 13:26:00,1888.86,1888.94,1888.86,1888.94,0.0,4.74,9021.61,1
2023-01-25,2023-01-25 13:27:00,1888.94,1889.03,1888.94,1889.03,0.0,4.74,9021.61,1
2023-01-25,2023-01-25 13:28:00,1889.03,1889.11,1889.03,1889.11,0.0,4.74,9021.61,1
2023-01-25,2023-01-25 13:29:00,1889.11,1889.19,1889.11,1889.19,0.0,4.74,9021.61,1
2023-01-25,2023-01-25 13:30:00,1889.19,1889.27,1889.19,1889.27,0.0,4.74,9021.61,1
2023-01-25,2023-01-25 13:31:00,1889.27,1889.35,1889.27,1889.35,0.0,4.74,9021.61,1
2023-01-25,2023-01-25 13:32:00,1889.35,1889.43,1889.35,1889.43,0.0,4.74,9021.61,1
2023-01-25,2023-01-25 13:33:00,1889.43,1889.51,1889.43,1889.51,0.0,4.74,9021.61,1
2023-01-25,2023-01-25 13:34:00,1889.51,1889.59,1889.51,1889.59,0.0,4.74,9021.61,1
2023-01-25,2023-01-25 13:35:00,1889.59,1889.67,1889.59,1889.67,0.0,4.74,9021.61,1
2023-01-25,2023-01-25 13:36:00,1889.67,1889.76,1889.67,1889.76,0.0,4.74,9021.61,1
2023-01-25,2023-01-25 13:37:00,1889.76,1889.84,1889.76,1889.84,0.0,4.74,9021.61,1
2023-01-25,2023-01-25 13:38:00,1889.84,1889.92,1889.84,1889.92,0.0,4.74,9021.61,1
2023-01-25,2023-01-25 13:39:00,1889.92,1890.0,1889.92,1890.0,0.0,4.74,9021.61,1
2023-01-25,2023-01-25 13:40:00,1890.0,1890.08,1890.0,1890.08,0.0,4.74,9021.61,1
2023-01-25,2023-01-25 13:41:00,1890.08,1890.16,1890.08,1890.16,0.0,4.74,9021.61,1
2023-01-25,2023-01-25 13:42:00,1890.16,1890.24,1890.16,1890.24,0.0,4.74,9021.61,1
2023-01-25,2023-01-25 13:43:00,1890.24,1890.33,1890.24,1890.33,0.0,4.74,9021.61,1
2023-01-25,2023-01-25 13:44:00,1890.33,1890.41,1890.33,1890.41,0.0,4.74,9021.61,1
2023-01-25,2023-01-25 13:45:00,1890.41,1890.49,1890.41,1890.49,0.0,4.74,9021.61,1
2023-01-25,2023-01-25 13:46:00,1890.49,1890.57,1890.49,1890.57,0.0,4.74,9021.61,1
2023-01-25,2023-01-25 13:47:00,1890.57,1890.65,1890.57,1890.65,0.0,4.74,9021.61,1
2023-01-25,2023-01-25 13:48:00,1890.65,1890.73,1890.65,1890.73,0.0,4.74,9021.61,1
2023-01-25,2023-01-25 13:49:00,1890.73,1890.81,1890.73,1890.81,0.0,4.74,9021.61,1
2023-01-25,2023-01-25 13:50:00,1890.81,1890.89,1890.81,1890.89,0.0,4.74,9021.61,1
2023-01-25,2023-01-25 13:51:00,1890.89,1890.97,1890.89,1890.97,0.0,4.74,9021.61,1
2023-01-25,2023-01-25 13:52:00,1890.97,1891.06,1890.97,1891.06,0.0,4.74,9021.61,1
2023-01-25,2023-01-25 13:53:00,1891.06,1891.14,1891.06,1891.14,0.0,4.74,9021.61,1
2023-01-25,2023-01-25 13:54:00,1891.14,1891.22,1891.14,1891.22,0.0,4.74,9021.61,1
2023-01-25,2023-01-25 13:55:00,1891.22,1891.3,1891.22,1891.3,0.0,4.74,9021.61,1
2023-01-25,2023-01-25 13:56:00,1891.3,1891.38,1891.3,1891.38,0.0,4.74,9021.61,1
2023-01-25,2023-01-25 13:57:00,1891.38,1891.46,1891.38,1891.46,0.0,4.74,9021.61,1
2023-01-25,2023-01-25 13:58:00,1891.46,1891.54,1891.46,1891.54,0.0,4.74,9021.61,1
2023-01-25,2023-01-25 13:59:00,1891.54,1891.62,1891.54,1891.62,0.0,4.74,9021.61,1
2023-01-25,2023-01-25 14:00:00,1891.62,1891.71,1891.62,1891.71,0.0,4.74,9021.61,1
2023-01-25,2023-01-25 14:01:00,1891.71,1891.79,1891.71,1891.79,0.0,4.74,9021.61,1
2023-01-25,2023-01-25 14:02:00,1891.79,1891.87,1891.79,1891.87,0.0,4.74,9021.61,1
2023-01-25,2023-01-25 14:03:00,1891.87,1891.95,1891.87,1891.95,0.0,4.74,9021.61,1
2023-01-25,2023-01-25 14:04:00,1891.95,1892.03,1891.95,1892.03,0.0,4.74,9021.61,1
2023-01-25,2023-01-25 14:05:00,1892.03,1892.11,1892.03,1892.11,0.0,4.74,9021.61,1
2023-01-25,2023-01-25 14:06:00,1892.11,1892.19,1892.11,1892.19,0.0,4.74,9021.61,1
2023-01-25,2023-01-25 14:07:00,1892.19,1892.28,1892.19,1892.28,0.0,4.74,9021.61,1
2023-01-25,2023-01-25 14:08:00,1892.28,1892.36,1892.28,1892.36,0.0,4.74,9021.61,1
2023-01-25,2023-01-25 14:09:00,1892.36,1892.44,1892.36,1892.44,0.0,4.74,9021.61,1
2023-01-25,2023-01-25 14:10:00,1892.44,1892.52,1892.44,1892.52,0.0,4.74,9021.61,1
2023-01-25,2023-01-25 14:11:00,1892.52,1892.6,1892.52,1892.6,0.0,4.74,9021.61,1
2023-01-25,2023-01-25 14:12:00,1892.6,1892.68,1892.6,1892.68,0.0,4.74,9021.61,1
2023-01-25,2023-01-25 14:13:00,1892.68,1892.76,1892.68,1892.76,0.0,4.74,9021.61,1
2023-01-25,2023-01-25 14:14:00,1892.76,1892.84,1892.76,1892.84,0.0,4.74,9021.61,1
2023-01-25,2023-01-25 14:15:00,1892.84,1892.92,1892.84,1892.92,0.0,4.74,9021.61,1
2023-01-25,2023-01-25 14:16:00,1892.92,1893.01,1892.92,1893.01,0.0,4.74,9021.61,1
2023-01-25,2023-01-25 14:17:00,1893.01,1893.09,1893.01,1893.09,0.0,4.74,9021.61,1
2023-01-25,2023-01-25 14:18:00,1893.09,1893.17,1893.09,1893.17,0.0,4.74,9021.61,1
2023-01-25,2023-01-25 14:19:00,1893.17,1893.25,1893.17,1893.25,0.0,4.74,9021.61,1
2023-01-25,2023-01-25 14:20:00,1893.25,1893.33,1893.25,1893.33,0.0,4.74,9021.61,1
2023-01-25,2023-01-25 14:21:00,1893.33,1893.41,1893.33,1893.41,0.0,4.74,9021.61,1
2023-01-25,2023-01-25 14:22:00,1893.41,1893.49,1893.41,1893.49,0.0,4.74,9021.61,1
2023-01-25,2023-01-25 14:23:00,1893.49,1893.58,1893.49,1893.58,0.0,4.74,9021.61,1
2023-01-25,2023-01-25 14:24:00,1893.58,1893.66,1893.58,1893.66,0.0,4.74,9021.61,1
2023-01-25,2023-01-25 14:25:00,1893.66,1893.74,1893.66,1893.74,0.0,4.74,9021.61,1
2023-01-25,2023-01-25 14:26:00,1893.74,1893.82,1893.74,1893.82,0.0,4.74,9021.61,1
2023-01-25,2023-01-25 14:27:00,1893.82,1893.9,1893.82,1893.9,0.0,4.74,9021.61,1
2023-01-25,2023-01-25 14:28:00,1893.9,1893.98,1893.9,1893.98,0.0,4.74,9021.61,1
2023-01-25,2023-01-25 14:29:00,1893.98,1894.06,1893.98,1894.06,0.0,4.74,9021.61,1
2023-01-25,2023-01-25 14:30:00,1894.06,1894.14,1894.06,1894.14,0.0,4.74,9021.61,1
2023-01-25,2023-01-25 14:31:00,1894.14,1894.22,1894.14,1894.22,0.0,4.74,9021.61,1
2023-01-25,2023-01-25 14:32:00,1894.22,1894.31,1894.22,1894.31,0.0,4.74,9021.61,1
2023-01-25,2023-01-25 14:33:00,1894.31,1894.39,1894.31,1894.39,0.0,4.74,9021.61,1
2023-01-25,2023-01-25 14:34:00,1894.39,1894.47,1894.39,1894.47,0.0,4.74,9021.61,1
2023-01-25,2023-01-25 14:35:00,1894.47,1894.55,1894.47,1894.55,0.0,4.74,9021.61,1
2023-01-25,2023-01-25 14:36:00,1894.55,1894.63,1894.55,1894.63,0.0,4.74,9021.61,1
2023-01-25,2023-01-25 14:37:00,1894.63,1894.71,1894.63,1894.71,0.0,4.74,9021.61,1
2023-01-25,2023-01-25 14:38:00,1894.71,1894.79,1894.71,1894.79,0.0,4.74,9021.61,1
2023-01-25,2023-01-25 14:39:00,1894.79,1894.88,1894.79,1894.88,0.0,4.74,9021.61,1
2023-01-25,2023-01-25 14:40:00,1894.88,1894.96,1894.88,1894.96,0.0,4.74,9021.61,1
2023-01-25,2023-01-25 14:41:00,1894.96,1895.04,1894.96,1895.04,0.0,4.74,9021.61,1
2023-01-25,2023-01-25 14:42:00,1895.04,1895.12,1895.04,1895.12,0.0,4.74,9021.61,1
2023-01-25,2023-01-25 14:43:00,1895.12,1895.2,1895.12,1895.2,0.0,4.74,9021.61,1
2023-01-25,2023-01-25 14:44:00,1895.2,1895.28,1895.2,1895.28,0.0,4.74,9021.61,1
2023-01-25,2023-01-25 14:45:00,1895.28,1895.36,1895.28,1895.36,0.0,4.74,9021.61,1
2023-01-25,2023-01-25 14:46:00,1895.36,1895.44,1895.36,1895.44,0.0,4.74,9021.61,1
2023-01-25,2023-01-25 14:47:00,1895.44,1895.53,1895.44,1895.53,0.0,4.74,9021.61,1
2023-01-25,2023-01-25 14:48:00,1895.53,1895.61,1895.53,1895.61,0.0,4.74,9021.61,1
2023-01-25,2023-01-25 14:49:00,1895.61,1895.69,1895.61,1895.69,0.0,4.74,9021.61,1
2023-01-25,2023-01-25 14:50:00,1895.69,1895.77,1895.69,1895.77,0.0,4.74,9021.61,1
2023-01-25,2023-01-25 14:51:00,1895.77,1895.85,1895.77,1895.85,0.0,4.74,9021.61,1
2023-01-25,2023-01-25 14:52:00,1895.85,1895.93,1895.85,1895.93,0.0,4.74,9021.61,1
2023-01-25,2023-01-25 14:53:00,1895.93,1896.01,1895.93,1896.01,0.0,4.74,9021.61,1
2023-01-25,2023-01-25 14:54:00,1896.01,1896.09,1896.01,1896.09,0.0,4.74,9021.61,1
2023-01-25,2023-01-25 14:55:00,1896.09,1896.17,1896.09,1896.17,0.0,4.74,9021.61,1
2023-01-25,2023-01-25 14:56:00,1896.17,1896.26,1896.17,1896.26,0.0,4.74,9021.61,1
2023-01-25,2023-01-25 14:57:00,1896.26,1896.34,1896.26,1896.34,0.0,4.74,9021.61,1
2023-01-25,2023-01-25 14:58:00,1896.34,1896.42,1896.34,1896.42,0.0,4.74,9021.61,1
2023-01-25,2023-01-25 14:59:00,1896.42,1896.5,1896.42,1896.5,0.0,4.74,9021.61,1
2023-01-25,2023-01-25 15:00:00,1896.5,1920.0,1877.0,1896.5,0.0,4.74,9021.61,0
2023-01-26,2023-01-26 11:00:00,1890.0,1905.6,1890.0,1890.0,0.0,8.96,17138.19,0
2023-01-26,2023-01-26 11:01:00,1890.0,1890.0,1890.0,1890.0,0.0,8.96,17138.19,0
2023-01-26,2023-01-26 11:02:00,1890.0,1890.0,1890.0,1890.0,0.0,8.96,17138.19,0
2023-01-26,2023-01-26 11:03:00,1890.0,1890.01,1890.0,1890.01,0.0,8.96,17138.19,1
2023-01-26,2023-01-26 11:04:00,1890.01,1890.01,1890.01,1890.01,0.0,8.96,17138.19,0
2023-01-26,2023-01-26 11:05:00,1890.01,1890.01,1890.01,1890.01,0.0,8.96,17138.19,0
2023-01-26,2023-01-26 11:06:00,1890.01,1890.01,1890.01,1890.01,0.0,8.96,17138.19,0
2023-01-26,2023-01-26 11:07:00,1890.01,1890.01,1890.01,1890.01,0.0,8.96,17138.19,0
2023-01-26,2023-01-26 11:08:00,1890.01,1890.01,1890.01,1890.01,0.0,8.96,17138.19,0
2023-01-26,2023-01-26 11:09:00,1890.01,1890.01,1890.01,1890.01,0.0,8.96,17138.19,0
2023-01-26,2023-01-26 11:10:00,1890.01,1890.01,1890.01,1890.01,0.0,8.96,17138.19,0
2023-01-26,2023-01-26 11:11:00,1890.01,1890.02,1890.01,1890.02,0.0,8.96,17138.19,1
2023-01-26,2023-01-26 11:12:00,1890.02,1890.02,1890.02,1890.02,0.0,8.96,17138.19,0
2023-01-26,2023-01-26 11:13:00,1890.02,1890.02,1890.02,1890.02,0.0,8.96,17138.19,0
2023-01-26,2023-01-26 11:14:00,1890.02,1890.02,1890.02,1890.02,0.0,8.96,17138.19,0
2023-01-26,2023-01-26 11:15:00,1890.02,1890.02,1890.02,1890.02,0.0,8.96,17138.19,0
2023-01-26,2023-01-26 11:16:00,1890.02,1890.02,1890.02,1890.02,0.0,8.96,17138.19,0
2023-01-26,2023-01-26 11:17:00,1890.02,1890.02,1890.02,1890.02,0.0,8.96,17138.19,0
2023-01-26,2023-01-26 11:18:00,1890.02,1890.02,1890.02,1890.02,0.0,8.96,17138.19,0
2023-01-26,2023-01-26 11:19:00,1890.02,1890.03,1890.02,1890.03,0.0,8.96,17138.19,1
2023-01-26,2023-01-26 11:20:00,1890.03,1890.03,1890.03,1890.03,0.0,8.96,17138.19,0
2023-01-26,2023-01-26 11:21:00,1890.03,1890.03,1890.03,1890.03,0.0,8.96,17138.19,0
2023-01-26,2023-01-26 11:22:00,1890.03,1890.03,1890.03,1890.03,0.0,8.96,17138.19,0
2023-01-26,2023-01-26 11:23:00,1890.03,1890.03,1890.03,1890.03,0.0,8.96,17138.19,0
2023-01-26,2023-01-26 11:24:00,1890.03,1890.03,1890.03,1890.03,0.0,8.96,17138.19,0
2023-01-26,2023-01-26 11:25:00,1890.03,1890.03,1890.03,1890.03,0.0,8.96,17138.19,0
2023-01-26,2023-01-26 11:26:00,1890.03,1890.03,1890.03,1890.03,0.0,8.96,17138.19,0
2023-01-26,2023-01-26 11:27:00,1890.03,1890.04,1890.03,1890.04,0.0,8.96,17138.19,1
2023-01-26,2023-01-26 11:28:00,1890.04,1890.04,1890.04,1890.04,0.0,8.96,17138.19,0
2023-01-26,2023-01-26 11:29:00,1890.04,1890.04,1890.04,1890.04,0.0,8.96,17138.19,0
2023-01-26,2023-01-26 11:30:00,1890.04,1890.04,1890.04,1890.04,0.0,8.96,17138.19,0
2023-01-26,2023-01-26 11:31:00,1890.04,1890.04,1890.04,1890.04,0.0,8.96,17138.19,0
2023-01-26,2023-01-26 11:32:00,1890.04,1890.04,1890.04,1890.04,0.0,8.96,17138.19,0
2023-01-26,2023-01-26 11:33:00,1890.04,1890.04,1890.04,1890.04,0.0,8.96,17138.19,0
2023-01-26,2023-01-26 11:34:00,1890.04,1890.04,1890.04,1890.04,0.0,8.96,17138.19,0
2023-01-26,2023-01-26 11:35:00,1890.04,1890.05,1890.04,1890.05,0.0,8.96,17138.19,1
2023-01-26,2023-01-26 11:36:00,1890.05,1890.05,1890.05,1890.05,0.0,8.96,17138.19,0
2023-01-26,2023-01-26 11:37:00,1890.05,1890.05,1890.05,1890.05,0.0,8.96,17138.19,0
2023-01-26,2023-01-26 11:38:00,1890.05,1890.05,1890.05,1890.05,0.0,8.96,17138.19,0
2023-01-26,2023-01-26 11:39:00,1890.05,1890.05,1890.05,1890.05,0.0,8.96,17138.19,0
2023-01-26,2023-01-26 11:40:00,1890.05,1890.05,1890.05,1890.05,0.0,8.96,17138.19,0
2023-01-26,2023-01-26 11:41:00,1890.05,1890.05,1890.05,1890.05,0.0,8.96,17138.19,0
2023-01-26,2023-01-26 11:42:00,1890.05,1890.05,1890.05,1890.05,0.0,8.96,17138.19,0
2023-01-26,2023-01-26 11:43:00,1890.05,1890.06,1890.05,1890.06,0.0,8.96,17138.19,1
2023-01-26,2023-01-26 11:44:00,1890.06,1890.06,1890.06,1890.06,0.0,8.96,17138.19,0
2023-01-26,2023-01-26 11:45:00,1890.06,1890.06,1890.06,1890.06,0.0,8.96,17138.19,0
2023-01-26,2023-01-26 11:46:00,1890.06,1890.06,1890.06,1890.06,0.0,8.96,17138.19,0
2023-01-26,2023-01-26 11:47:00,1890.06,1890.06,1890.06,1890.06,0.0,8.96,17138.19,0
2023-01-26,2023-01-26 11:48:00,1890.06,1890.06,1890.06,1890.06,0.0,8.96,17138.19,0
2023-01-26,2023-01-26 11:49:00,1890.06,1890.06,1890.06,1890.06,0.0,8.96,17138.19,0
2023-01-26,2023-01-26 11:50:00,1890.06,1890.06,1890.06,1890.06,0.0,8.96,17138.19,0
2023-01-26,2023-01-26 11:51:00,1890.06,1890.07,1890.06,1890.07,0.0,8.96,17138.19,1
2023-01-26,2023-01-26 11:52:00,1890.07,1890.07,1890.07,1890.07,0.0,8.96,17138.19,0
2023-01-26,2023-01-26 11:53:00,1890.07,1890.07,1890.07,1890.07,0.0,8.96,17138.19,0
2023-01-26,2023-01-26 11:54:00,1890.07,1890.07,1890.07,1890.07,0.0,8.96,17138.19,0
2023-01-26,2023-01-26 11:55:00,1890.07,1890.07,1890.07,1890.07,0.0,8.96,17138.19,0
2023-01-26,2023-01-26 11:56:00,1890.07,1890.07,1890.07,1890.07,0.0,8.96,17138.19,0
2023-01-26,2023-01-26 11:57:00,1890.07,1890.07,1890.07,1890.07,0.0,8.96,17138.19,0
2023-01-26,2023-01-26 11:58:00,1890.07,1890.07,1890.07,1890.07,0.0,8.96,17138.19,0
2023-01-26,2023-01-26 11:59:00,1890.07,1890.08,1890.07,1890.08,0.0,8.96,17138.19,1
2023-01-26,2023-01-26 12:00:00,1890.08,1890.08,1890.08,1890.08,0.0,8.96,17138.19,0
2023-01-26,2023-01-26 12:01:00,1890.08,1890.08,1890.08,1890.08,0.0,8.96,17138.19,0
2023-01-26,2023-01-26 12:02:00,1890.08,1890.08,1890.08,1890.08,0.0,8.96,17138.19,0
2023-01-26,2023-01-26 12:03:00,1890.08,1890.08,1890.08,1890.08,0.0,8.96,17138.19,0
2023-01-26,2023-01-26 12:04:00,1890.08,1890.08,1890.08,1890.08,0.0,8.96,17138.19,0
2023-01-26,2023-01-26 12:05:00,1890.08,1890.08,1890.08,1890.08,0.0,8.96,17138.19,0
2023-01-26,2023-01-26 12:06:00,1890.08,1890.08,1890.08,1890.08,0.0,8.96,17138.19,0
2023-01-26,2023-01-26 12:07:00,1890.08,1890.09,1890.08,1890.09,0.0,8.96,17138.19,1
2023-01-26,2023-01-26 12:08:00,1890.09,1890.09,1890.09,1890.09,0.0,8.96,17138.19,0
2023-01-26,2023-01-26 12:09:00,1890.09,1890.09,1890.09,1890.09,0.0,8.96,17138.19,0
2023-01-26,2023-01-26 12:10:00,1890.09,1890.09,1890.09,1890.09,0.0,8.96,17138.19,0
2023-01-26,2023-01-26 12:11:00,1890.09,1890.09,1890.09,1890.09,0.0,8.96,17138.19,0
2023-01-26,2023-01-26 12:12:00,1890.09,1890.09,1890.09,1890.09,0.0,8.96,17138.19,0
2023-01-26,2023-01-26 12:13:00,1890.09,1890.09,1890.09,1890.09,0.0,8.96,17138.19,0
2023-01-26,2023-01-26 12:14:00,1890.09,1890.09,1890.09,1890.09,0.0,8.96,17138.19,0
2023-01-26,2023-01-26 12:15:00,1890.09,1890.1,1890.09,1890.1,0.0,8.96,17138.19,1
2023-01-26,2023-01-26 12:16:00,1890.1,1890.1,1890.1,1890.1,0.0,8.96,17138.19,0
2023-01-26,2023-01-26 12:17:00,1890.1,1890.1,1890.1,1890.1,0.0,8.96,17138.19,0
2023-01-26,2023-01-26 12:18:00,1890.1,1890.1,1890.1,1890.1,0.0,8.96,17138.19,0
2023-01-26,2023-01-26 12:19:00,1890.1,1890.1,1890.1,1890.1,0.0,8.96,17138.19,0
2023-01-26,2023-01-26 12:20:00,1890.1,1890.1,1890.1,1890.1,0.0,8.96,17138.19,0
2023-01-26,2023-01-26 12:21:00,1890.1,1890.1,1890.1,1890.1,0.0,8.96,17138.19,0
2023-01-26,2023-01-26 12:22:00,1890.1,1890.1,1890.1,1890.1,0.0,8.96,17138.19,0
2023-01-26,2023-01-26 12:23:00,1890.1,1890.11,1890.1,1890.11,0.0,8.96,17138.19,1
2023-01-26,2023-01-26 12:24:00,1890.11,1890.11,1890.11,1890.11,0.0,8.96,17138.19,0
2023-01-26,2023-01-26 12:25:00,1890.11,1890.11,1890.11,1890.11,0.0,8.96,17138.19,0
2023-01-26,2023-01-26 12:26:00,1890.11,1890.11,1890.11,1890.11,0.0,8.96,17138.19,0
2023-01-26,2023-01-26 12:27:00,1890.11,1890.11,1890.11,1890.11,0.0,8.96,17138.19,0
2023-01-26,2023-01-26 12:28:00,1890.11,1890.11,1890.11,1890.11,0.0,8.96,17138.19,0
2023-01-26,2023-01-26 12:29:00,1890.11,1890.11,1890.11,1890.11,0.0,8.96,17138.19,0
2023-01-26,2023-01-26 12:30:00,1890.11,1890.11,1890.11,1890.11,0.0,8.96,17138.19,0
2023-01-26,2023-01-26 12:31:00,1890.11,1890.12,1890.11,1890.12,0.0,8.96,17138.19,1
2023-01-26,2023-01-26 12:32:00,1890.12,1890.12,1890.12,1890.12,0.0,8.96,17138.19,0
2023-01-26,2023-01-26 12:33:00,1890.12,1890.12,1890.12,1890.12,0.0,8.96,17138.19,0
2023-01-26,2023-01-26 12:34:00,1890.12,1890.12,1890.12,1890.12,0.0,8.96,17138.19,0
2023-01-26,2023-01-26 12:35:00,1890.12,1890.12,1890.12,1890.12,0.0,8.96,17138.19,0
2023-01-26,2023-01-26 12:36:00,1890.12,1890.12,1890.12,1890.12,0.0,8.96,17138.19,0
2023-01-26,2023-01-26 12:37:00,1890.12,1890.12,1890.12,1890.12,0.0,8.96,17138.19,0
2023-01-26,2023-01-26 12:38:00,1890.12,1890.12,1890.12,1890.12,0.0,8.96,17138.19,0
2023-01-26,2023-01-26 12:39:00,1890.12,1890.12,1890.12,1890.12,0.0,8.96,17138.19,0
2023-01-26,2023-01-26 12:40:00,1890.12,1890.13,1890.12,1890.13,0.0,8.96,17138.19,1
2023-01-26,2023-01-26 12:41:00,1890.13,1890.13,1890.13,1890.13,0.0,8.96,17138.19,0
2023-01-26,2023-01-26 12:42:00,1890.13,1890.13,1890.13,1890.13,0.0,8.96,17138.19,0
2023-01-26,2023-01-26 12:43:00,1890.13,1890.13,1890.13,1890.13,0.0,8.96,17138.19,0
2023-01-26,2023-01-26 12:44:00,1890.13,1890.13,1890.13,1890.13,0.0,8.96,17138.19,0
2023-01-26,2023-01-26 12:45:00,1890.13,1890.13,1890.13,1890.13,0.0,8.96,17138.19,0
2023-01-26,2023-01-26 12:46:00,1890.13,1890.13,1890.13,1890.13,0.0,8.96,17138.19,0
2023-01-26,2023-01-26 12:47:00,1890.13,1890.13,1890.13,1890.13,0.0,8.96,17138.19,0
2023-01-26,2023-01-26 12:48:00,1890.13,1890.14,1890.13,1890.14,0.0,8.96,17138.19,1
2023-01-26,2023-01-26 12:49:00,1890.14,1890.14,1890.14,1890.14,0.0,8.96,17138.19,0
2023-01-26,2023-01-26 12:50:00,1890.14,1890.14,1890.14,1890.14,0.0,8.96,17138.19,0
2023-01-26,2023-01-26 12:51:00,1890.14,1890.14,1890.14,1890.14,0.0,8.96,17138.19,0
2023-01-26,2023-01-26 12:52:00,1890.14,1890.14,1890.14,1890.14,0.0,8.96,17138.19,0
2023-01-26,2023-01-26 12:53:00,1890.14,1890.14,1890.14,1890.14,0.0,8.96,17138.19,0
2023-01-26,2023-01-26 12:54:00,1890.14,1890.14,1890.14,1890.14,0.0,8.96,17138.19,0
2023-01-26,2023-01-26 12:55:00,1890.14,1890.14,1890.14,1890.14,0.0,8.96,17138.19,0
2023-01-26,2023-01-26 12:56:00,1890.14,1890.15,1890.14,1890.15,0.0,8.96,17138.19,1
2023-01-26,2023-01-26 12:57:00,1890.15,1890.15,1890.15,1890.15,0.0,8.96,17138.19,0
2023-01-26,2023-01-26 12:58:00,1890.15,1890.15,1890.15,1890.15,0.0,8.96,17138.19,0
2023-01-26,2023-01-26 12:59:00,1890.15,1890.15,1890.15,1890.15,0.0,8.96,17138.19,0
2023-01-26,2023-01-26 13:00:00,1890.15,1942.0,1890.0,1890.15,0.0,8.96,17138.19,0
2023-01-26,2023-01-26 13:01:00,1890.15,1890.15,1890.15,1890.15,0.0,8.96,17138.19,0
2023-01-26,2023-01-26 13:02:00,1890.15,1890.15,1890.15,1890.15,0.0,8.96,17138.19,0
2023-01-26,2023-01-26 13:03:00,1890.15,1890.15,1890.15,1890.15,0.0,8.96,17138.19,0
2023-01-26,2023-01-26 13:04:00,1890.15,1890.16,1890.15,1890.16,0.0,8.96,17138.19,1
2023-01-26,2023-01-26 13:05:00,1890.16,1890.16,1890.16,1890.16,0.0,8.96,17138.19,0
2023-01-26,2023-01-26 13:06:00,1890.16,1890.16,1890.16,1890.16,0.0,8.96,17138.19,0
2023-01-26,2023-01-26 13:07:00,1890.16,1890.16,1890.16,1890.16,0.0,8.96,17138.19,0
2023-01-26,2023-01-26 13:08:00,1890.16,1890.16,1890.16,1890.16,0.0,8.96,17138.19,0
2023-01-26,2023-01-26 13:09:00,1890.16,1890.16,1890.16,1890.16,0.0,8.96,17138.19,0
2023-01-26,2023-01-26 13:10:00,1890.16,1890.16,1890.16,1890.16,0.0,8.96,17138.19,0
2023-01-26,2023-01-26 13:11:00,1890.16,1890.16,1890.16,1890.16,0.0,8.96,17138.19,0
2023-01-26,2023-01-26 13:12:00,1890.16,1890.17,1890.16,1890.17,0.0,8.96,17138.19,1
2023-01-26,2023-01-26 13:13:00,1890.17,1890.17,1890.17,1890.17,0.0,8.96,17138.19,0
2023-01-26,2023-01-26 13:14:00,1890.17,1890.17,1890.17,1890.17,0.0,8.96,17138.19,0
2023-01-26,2023-01-26 13:15:00,1890.17,1890.17,1890.17,1890.17,0.0,8.96,17138.19,0
2023-01-26,2023-01-26 13:16:00,1890.17,1890.17,1890.17,1890.17,0.0,8.96,17138.19,0
2023-01-26,2023-01-26 13:17:00,1890.17,1890.17,1890.17,1890.17,0.0,8.96,17138.19,0
2023-01-26,2023-01-26 13:18:00,1890.17,1890.17,1890.17,1890.17,0.0,8.96,17138.19,0
2023-01-26,2023-01-26 13:19:00,1890.17,1890.17,1890.17,1890.17,0.0,8.96,17138.19,0
2023-01-26,2023-01-26 13:20:00,1890.17,1890.18,1890.17,1890.18,0.0,8.96,17138.19,1
2023-01-26,2023-01-26 13:21:00,1890.18,1890.18,1890.18,1890.18,0.0,8.96,17138.19,0
2023-01-26,2023-01-26 13:22:00,1890.18,1890.18,1890.18,1890.18,0.0,8.96,17138.19,0
2023-01-26,2023-01-26 13:23:00,1890.18,1890.18,1890.18,1890.18,0.0,8.96,17138.19,0
2023-01-26,2023-01-26 13:24:00,1890.18,1890.18,1890.18,1890.18,0.0,8.96,17138.19,0
2023-01-26,2023-01-26 13:25:00,1890.18,1890.18,1890.18,1890.18,0.0,8.96,17138.19,0
2023-01-26,2023-01-26 13:26:00,1890.18,1890.18,1890.18,1890.18,0.0,8.96,17138.19,0
2023-01-26,2023-01-26 13:27:00,1890.18,1890.18,1890.18,1890.18,0.0,8.96,17138.19,0
2023-01-26,2023-01-26 13:28:00,1890.18,1890.19,1890.18,1890.19,0.0,8.96,17138.19,1
2023-01-26,2023-01-26 13:29:00,1890.19,1890.19,1890.19,1890.19,0.0,8.96,17138.19,0
2023-01-26,2023-01-26 13:30:00,1890.19,1890.19,1890.19,1890.19,0.0,8.96,17138.19,0
2023-01-26,2023-01-26 13:31:00,1890.19,1890.19,1890.19,1890.19,0.0,8.96,17138.19,0
2023-01-26,2023-01-26 13:32:00,1890.19,1890.19,1890.19,1890.19,0.0,8.96,17138.19,0
2023-01-26,2023-01-26 13:33:00,1890.19,1890.19,1890.19,1890.19,0.0,8.96,17138.19,0
2023-01-26,2023-01-26 13:34:00,1890.19,1890.19,1890.19,1890.19,0.0,8.96,17138.19,0
2023-01-26,2023-01-26 13:35:00,1890.19,1890.19,1890.19,1890.19,0.0,8.96,17138.19,0
2023-01-26,2023-01-26 13:36:00,1890.19,1890.2,1890.19,1890.2,0.0,8.96,17138.19,1
2023-01-26,2023-01-26 13:37:00,1890.2,1890.2,1890.2,1890.2,0.0,8.96,17138.19,0
2023-01-26,2023-01-26 13:38:00,1890.2,1890.2,1890.2,1890.2,0.0,8.96,17138.19,0
2023-01-26,2023-01-26 13:39:00,1890.2,1890.2,1890.2,1890.2,0.0,8.96,17138.19,0
2023-01-26,2023-01-26 13:40:00,1890.2,1890.2,1890.2,1890.2,0.0,8.96,17138.19,0
2023-01-26,2023-01-26 13:41:00,1890.2,1890.2,1890.2,1890.2,0.0,8.96,17138.19,0
2023-01-26,2023-01-26 13:42:00,1890.2,1890.2,1890.2,1890.2,0.0,8.96,17138.19,0
2023-01-26,2023-01-26 13:43:00,1890.2,1890.2,1890.2,1890.2,0.0,8.96,17138.19,0
2023-01-26,2023-01-26 13:44:00,1890.2,1890.21,1890.2,1890.21,0.0,8.96,17138.19,1
2023-01-26,2023-01-26 13:45:00,1890.21,1890.21,1890.21,1890.21,0.0,8.96,17138.19,0
2023-01-26,2023-01-26 13:46:00,1890.21,1890.21,1890.21,1890.21,0.0,8.96,17138.19,0
2023-01-26,2023-01-26 13:47:00,1890.21,1890.21,1890.21,1890.21,0.0,8.96,17138.19,0
2023-01-26,2023-01-26 13:48:00,1890.21,1890.21,1890.21,1890.21,0.0,8.96,17138.19,0
2023-01-26,2023-01-26 13:49:00,1890.21,1890.21,1890.21,1890.21,0.0,8.96,17138.19,0
2023-01-26,2023-01-26 13:50:00,1890.21,1890.21,1890.21,1890.21,0.0,8.96,17138.19,0
2023-01-26,2023-01-26 13:51:00,1890.21,1890.21,1890.21,1890.21,0.0,8.96,17138.19,0
2023-01-26,2023-01-26 13:52:00,1890.21,1890.22,1890.21,1890.22,0.0,8.96,17138.19,1
2023-01-26,2023-01-26 13:53:00,1890.22,1890.22,1890.22,1890.22,0.0,8.96,17138.19,0
2023-01-26,2023-01-26 13:54:00,1890.22,1890.22,1890.22,1890.22,0.0,8.96,17138.19,0
2023-01-26,2023-01-26 13:55:00,1890.22,1890.22,1890.22,1890.22,0.0,8.96,17138.19,0
2023-01-26,2023-01-26 13:56:00,1890.22,1890.22,1890.22,1890.22,0.0,8.96,17138.19,0
2023-01-26,2023-01-26 13:57:00,1890.22,1890.22,1890.22,1890.22,0.0,8.96,17138.19,0
2023-01-26,2023-01-26 13:58:00,1890.22,1890.22,1890.22,1890.22,0.0,8.96,17138.19,0
2023-01-26,2023-01-26 13:59:00,1890.22,1890.22,1890.22,1890.22,0.0,8.96,17138.19,0
2023-01-26,2023-01-26 14:00:00,1890.22,1890.23,1890.22,1890.23,0.0,8.96,17138.19,1
2023-01-26,2023-01-26 14:01:00,1890.23,1890.23,1890.23,1890.23,0.0,8.96,17138.19,0
2023-01-26,2023-01-26 14:02:00,1890.23,1890.23,1890.23,1890.23,0.0,8.96,17138.19,0
2023-01-26,2023-01-26 14:03:00,1890.23,1890.23,1890.23,1890.23,0.0,8.96,17138.19,0
2023-01-26,2023-01-26 14:04:00,1890.23,1890.23,1890.23,1890.23,0.0,8.96,17138.19,0
2023-01-26,2023-01-26 14:05:00,1890.23,1890.23,1890.23,1890.23,0.0,8.96,17138.19,0
2023-01-26,2023-01-26 14:06:00,1890.23,1890.23,1890.23,1890.23,0.0,8.96,17138.19,0
2023-01-26,2023-01-26 14:07:00,1890.23,1890.23,1890.23,1890.23,0.0,8.96,17138.19,0
2023-01-26,2023-01-26 14:08:00,1890.23,1890.24,1890.23,1890.24,0.0,8.96,17138.19,1
2023-01-26,2023-01-26 14:09:00,1890.24,1890.24,1890.24,1890.24,0.0,8.96,17138.19,0
2023-01-26,2023-01-26 14:10:00,1890.24,1890.24,1890.24,1890.24,0.0,8.96,17138.19,0
2023-01-26,2023-01-26 14:11:00,1890.24,1890.24,1890.24,1890.24,0.0,8.96,17138.19,0
2023-01-26,2023-01-26 14:12:00,1890.24,1890.24,1890.24,1890.24,0.0,8.96,17138.19,0
2023-01-26,2023-01-26 14:13:00,1890.24,1890.24,1890.24,1890.24,0.0,8.96,17138.19,0
2023-01-26,2023-01-26 14:14:00,1890.24,1890.24,1890.24,1890.24,0.0,8.96,17138.19,0
2023-01-26,2023-01-26 14:15:00,1890.24,1890.24,1890.24,1890.24,0.0,8.96,17138.19,0
2023-01-26,2023-01-26 14:16:00,1890.24,1890.25,1890.24,1890.25,0.0,8.96,17138.19,1
2023-01-26,2023-01-26 14:17:00,1890.25,1890.25,1890.25,1890.25,0.0,8.96,17138.19,0
2023-01-26,2023-01-26 14:18:00,1890.25,1890.25,1890.25,1890.25,0.0,8.96,17138.19,0
2023-01-26,2023-01-26 14:19:00,1890.25,1890.25,1890.25,1890.25,0.0,8.96,17138.19,0
2023-01-26,2023-01-26 14:20:00,1890.25,1890.25,1890.25,1890.25,0.0,8.96,17138.19,0
2023-01-26,2023-01-26 14:21:00,1890.25,1890.25,1890.25,1890.25,0.0,8.96,17138.19,0
2023-01-26,2023-01-26 14:22:00,1890.25,1890.25,1890.25,1890.25,0.0,8.96,17138.19,0
2023-01-26,2023-01-26 14:23:00,1890.25,1890.25,1890.25,1890.25,0.0,8.96,17138.19,0
2023-01-26,2023-01-26 14:24:00,1890.25,1890.26,1890.25,1890.26,0.0,8.96,17138.19,1
2023-01-26,2023-01-26 14:25:00,1890.26,1890.26,1890.26,1890.26,0.0,8.96,17138.19,0
2023-01-26,2023-01-26 14:26:00,1890.26,1890.26,1890.26,1890.26,0.0,8.96,17138.19,0
2023-01-26,2023-01-26 14:27:00,1890.26,1890.26,1890.26,1890.26,0.0,8.96,17138.19,0
2023-01-26,2023-01-26 14:28:00,1890.26,1890.26,1890.26,1890.26,0.0,8.96,17138.19,0
2023-01-26,2023-01-26 14:29:00,1890.26,1890.26,1890.26,1890.26,0.0,8.96,17138.19,0
2023-01-26,2023-01-26 14:30:00,1890.26,1890.26,1890.26,1890.26,0.0,8.96,17138.19,0
2023-01-26,2023-01-26 14:31:00,1890.26,1890.26,1890.26,1890.26,0.0,8.96,17138.19,0
2023-01-26,2023-01-26 14:32:00,1890.26,1890.27,1890.26,1890.27,0.0,8.96,17138.19,1
2023-01-26,2023-01-26 14:33:00,1890.27,1890.27,1890.27,1890.27,0.0,8.96,17138.19,0
2023-01-26,2023-01-26 14:34:00,1890.27,1890.27,1890.27,1890.27,0.0,8.96,17138.19,0
2023-01-26,2023-01-26 14:35:00,1890.27,1890.27,1890.27,1890.27,0.0,8.96,17138.19,0
2023-01-26,2023-01-26 14:36:00,1890.27,1890.27,1890.27,1890.27,0.0,8.96,17138.19,0
2023-01-26,2023-01-26 14:37:00,1890.27,1890.27,1890.27,1890.27,0.0,8.96,17138.19,0
2023-01-26,2023-01-26 14:38:00,1890.27,1890.27,1890.27,1890.27,0.0,8.96,17138.19,0
2023-01-26,2023-01-26 14:39:00,1890.27,1890.27,1890.27,1890.27,0.0,8.96,17138.19,0
2023-01-26,2023-01-26 14:40:00,1890.27,1890.28,1890.27,1890.28,0.0,8.96,17138.19,1
2023-01-26,2023-01-26 14:41:00,1890.28,1890.28,1890.28,1890.28,0.0,8.96,17138.19,0
2023-01-26,2023-01-26 14:42:00,1890.28,1890.28,1890.28,1890.28,0.0,8.96,17138.19,0
2023-01-26,2023-01-26 14:43:00,1890.28,1890.28,1890.28,1890.28,0.0,8.96,17138.19,0
2023-01-26,2023-01-26 14:44:00,1890.28,1890.28,1890.28,1890.28,0.0,8.96,17138.19,0
2023-01-26,2023-01-26 14:45:00,1890.28,1890.28,1890.28,1890.28,0.0,8.96,17138.19,0
2023-01-26,2023-01-26 14:46:00,1890.28,1890.28,1890.28,1890.28,0.0,8.96,17138.19,0
2023-01-26,2023-01-26 14:47:00,1890.28,1890.28,1890.28,1890.28,0.0,8.96,17138.19,0
2023-01-26,2023-01-26 14:48:00,1890.28,1890.29,1890.28,1890.29,0.0,8.96,17138.19,1
2023-01-26,2023-01-26 14:49:00,1890.29,1890.29,1890.29,1890.29,0.0,8.96,17138.19,0
2023-01-26,2023-01-26 14:50:00,1890.29,1890.29,1890.29,1890.29,0.0,8.96,17138.19,0
2023-01-26,2023-01-26 14:51:00,1890.29,1890.29,1890.29,1890.29,0.0,8.96,17138.19,0
2023-01-26,2023-01-26 14:52:00,1890.29,1890.29,1890.29,1890.29,0.0,8.96,17138.19,0
2023-01-26,2023-01-26 14:53:00,1890.29,1890.29,1890.29,1890.29,0.0,8.96,17138.19,0
2023-01-26,2023-01-26 14:54:00,1890.29,1890.29,1890.29,1890.29,0.0,8.96,17138.19,0
2023-01-26,2023-01-26 14:55:00,1890.29,1890.29,1890.29,1890.29,0.0,8.96,17138.19,0
2023-01-26,2023-01-26 14:56:00,1890.29,1890.3,1890.29,1890.3,0.0,8.96,17138.19,1
2023-01-26,2023-01-26 14:57:00,1890.3,1890.3,1890.3,1890.3,0.0,8.96,17138.19,0
2023-01-26,2023-01-26 14:58:00,1890.3,1890.3,1890.3,1890.3,0.0,8.96,17138.19,0
2023-01-26,2023-01-26 14:59:00,1890.3,1890.3,1890.3,1890.3,0.0,8.96,17138.19,0
2023-01-26,2023-01-26 15:00:00,1890.3,1942.0,1890.0,1890.3,0.0,8.96,17138.19,0
2023-01-29,2023-01-29 11:00:00,1863.0,1875.6,1863.0,1863.13,0.01,4.07,7664.14,1
2023-01-29,2023-01-29 11:01:00,1863.13,1863.27,1863.13,1863.27,0.01,4.07,7664.14,1
2023-01-29,2023-01-29 11:02:00,1863.27,1863.4,1863.27,1863.4,0.01,4.07,7664.14,1
2023-01-29,2023-01-29 11:03:00,1863.4,1863.53,1863.4,1863.53,0.01,4.07,7664.14,1
2023-01-29,2023-01-29 11:04:00,1863.53,1863.67,1863.53,1863.67,0.01,4.07,7664.14,1
2023-01-29,2023-01-29 11:05:00,1863.67,1863.8,1863.67,1863.8,0.01,4.07,7664.14,1
2023-01-29,2023-01-29 11:06:00,1863.8,1863.93,1863.8,1863.93,0.01,4.07,7664.14,1
2023-01-29,2023-01-29 11:07:00,1863.93,1864.07,1863.93,1864.07,0.01,4.07,7664.14,1
2023-01-29,2023-01-29 11:08:00,1864.07,1864.2,1864.07,1864.2,0.01,4.07,7664.14,1
2023-01-29,2023-01-29 11:09:00,1864.2,1864.33,1864.2,1864.33,0.01,4.07,7664.14,1
2023-01-29,2023-01-29 11:10:00,1864.33,1864.47,1864.33,1864.47,0.01,4.07,7664.14,1
2023-01-29,2023-01-29 11:11:00,1864.47,1864.6,1864.47,1864.6,0.01,4.07,7664.14,1
2023-01-29,2023-01-29 11:12:00,1864.6,1864.73,1864.6,1864.73,0.01,4.07,7664.14,1
2023-01-29,2023-01-29 11:13:00,1864.73,1864.87,1864.73,1864.87,0.01,4.07,7664.14,1
2023-01-29,2023-01-29 11:14:00,1864.87,1865.0,1864.87,1865.0,0.01,4.07,7664.14,1
2023-01-29,2023-01-29 11:15:00,1865.0,1865.13,1865.0,1865.13,0.01,4.07,7664.14,1
2023-01-29,2023-01-29 11:16:00,1865.13,1865.27,1865.13,1865.27,0.01,4.07,7664.14,1
2023-01-29,2023-01-29 11:17:00,1865.27,1865.4,1865.27,1865.4,0.01,4.07,7664.14,1
2023-01-29,2023-01-29 11:18:00,1865.4,1865.53,1865.4,1865.53,0.01,4.07,7664.14,1
2023-01-29,2023-01-29 11:19:00,1865.53,1865.67,1865.53,1865.67,0.01,4.07,7664.14,1
2023-01-29,2023-01-29 11:20:00,1865.67,1865.8,1865.67,1865.8,0.01,4.07,7664.14,1
2023-01-29,2023-01-29 11:21:00,1865.8,1865.93,1865.8,1865.93,0.01,4.07,7664.14,1
2023-01-29,2023-01-29 11:22:00,1865.93,1866.07,1865.93,1866.07,0.01,4.07,7664.14,1
2023-01-29,2023-01-29 11:23:00,1866.07,1866.2,1866.07,1866.2,0.01,4.07,7664.14,1
2023-01-29,2023-01-29 11:24:00,1866.2,1866.33,1866.2,1866.33,0.01,4.07,7664.14,1
2023-01-29,2023-01-29 11:25:00,1866.33,1866.47,1866.33,1866.47,0.01,4.07,7664.14,1
2023-01-29,2023-01-29 11:26:00,1866.47,1866.6,1866.47,1866.6,0.01,4.07,7664.14,1
2023-01-29,2023-01-29 11:27:00,1866.6,1866.73,1866.6,1866.73,0.01,4.07,7664.14,1
2023-01-29,2023-01-29 11:28:00,1866.73,1866.87,1866.73,1866.87,0.01,4.07,7664.14,1
2023-01-29,2023-01-29 11:29:00,1866.87,1867.0,1866.87,1867.0,0.01,4.07,7664.14,1
2023-01-29,2023-01-29 11:30:00,1867.0,1867.13,1867.0,1867.13,0.01,4.07,7664.14,1
2023-01-29,2023-01-29 11:31:00,1867.13,1867.27,1867.13,1867.27,0.01,4.07,7664.14,1
2023-01-29,2023-01-29 11:32:00,1867.27,1867.4,1867.27,1867.4,0.01,4.07,7664.14,1
2023-01-29,2023-01-29 11:33:00,1867.4,1867.53,1867.4,1867.53,0.01,4.07,7664.14,1
2023-01-29,2023-01-29 11:34:00,1867.53,1867.67,1867.53,1867.67,0.01,4.07,7664.14,1
2023-01-29,2023-01-29 11:35:00,1867.67,1867.8,1867.67,1867.8,0.01,4.07,7664.14,1
2023-01-29,2023-01-29 11:36:00,1867.8,1867.93,1867.8,1867.93,0.01,4.07,7664.14,1
2023-01-29,2023-01-29 11:37:00,1867.93,1868.07,1867.93,1868.07,0.01,4.07,7664.14,1
2023-01-29,2023-01-29 11:38:00,1868.07,1868.2,1868.07,1868.2,0.01,4.07,7664.14,1
2023-01-29,2023-01-29 11:39:00,1868.2,1868.33,1868.2,1868.33,0.01,4.07,7664.14,1
2023-01-29,2023-01-29 11:40:00,1868.33,1868.47,1868.33,1868.47,0.01,4.07,7664.14,1
2023-01-29,2023-01-29 11:41:00,1868.47,1868.6,1868.47,1868.6,0.01,4.07,7664.14,1
2023-01-29,2023-01-29 11:42:00,1868.6,1868.73,1868.6,1868.73,0.01,4.07,7664.14,1
2023-01-29,2023-01-29 11:43:00,1868.73,1868.87,1868.73,1868.87,0.01,4.07,7664.14,1
2023-01-29,2023-01-29 11:44:00,1868.87,1869.0,1868.87,1869.0,0.01,4.07,7664.14,1
2023-01-29,2023-01-29 11:45:00,1869.0,1869.13,1869.0,1869.13,0.01,4.07,7664.14,1
2023-01-29,2023-01-29 11:46:00,1869.13,1869.27,1869.13,1869.27,0.01,4.07,7664.14,1
2023-01-29,2023-01-29 11:47:00,1869.27,1869.4,1869.27,1869.4,0.01,4.07,7664.14,1
2023-01-29,2023-01-29 11:48:00,1869.4,1869.53,1869.4,1869.53,0.01,4.07,7664.14,1
2023-01-29,2023-01-29 11:49:00,1869.53,1869.67,1869.53,1869.67,0.01,4.07,7664.14,1
2023-01-29,2023-01-29 11:50:00,1869.67,1869.8,1869.67,1869.8,0.01,4.07,7664.14,1
2023-01-29,2023-01-29 11:51:00,1869.8,1869.93,1869.8,1869.93,0.01,4.07,7664.14,1
2023-01-29,2023-01-29 11:52:00,1869.93,1870.07,1869.93,1870.07,0.01,4.07,7664.14,1
2023-01-29,2023-01-29 11:53:00,1870.07,1870.2,1870.07,1870.2,0.01,4.07,7664.14,1
2023-01-29,2023-01-29 11:54:00,1870.2,1870.33,1870.2,1870.33,0.01,4.07,7664.14,1
2023-01-29,2023-01-29 11:55:00,1870.33,1870.47,1870.33,1870.47,0.01,4.07,7664.14,1
2023-01-29,2023-01-29 11:56:00,1870.47,1870.6,1870.47,1870.6,0.01,4.07,7664.14,1
2023-01-29,2023-01-29 11:57:00,1870.6,1870.73,1870.6,1870.73,0.01,4.07,7664.14,1
2023-01-29,2023-01-29 11:58:00,1870.73,1870.87,1870.73,1870.87,0.01,4.07,7664.14,1
2023-01-29,2023-01-29 11:59:00,1870.87,1871.0,1870.87,1871.0,0.01,4.07,7664.14,1
2023-01-29,2023-01-29 12:00:00,1871.0,1871.13,1871.0,1871.13,0.01,4.07,7664.14,1
2023-01-29,2023-01-29 12:01:00,1871.13,1871.27,1871.13,1871.27,0.01,4.07,7664.14,1
2023-01-29,2023-01-29 12:02:00,1871.27,1871.4,1871.27,1871.4,0.01,4.07,7664.14,1
2023-01-29,2023-01-29 12:03:00,1871.4,1871.53,1871.4,1871.53,0.01,4.07,7664.14,1
2023-01-29,2023-01-29 12:04:00,1871.53,1871.67,1871.53,1871.67,0.01,4.07,7664.14,1
2023-01-29,2023-01-29 12:05:00,1871.67,1871.8,1871.67,1871.8,0.01,4.07,7664.14,1
2023-01-29,2023-01-29 12:06:00,1871.8,1871.93,1871.8,1871.93,0.01,4.07,7664.14,1
2023-01-29,2023-01-29 12:07:00,1871.93,1872.07,1871.93,1872.07,0.01,4.07,7664.14,1
2023-01-29,2023-01-29 12:08:00,1872.07,1872.2,1872.07,1872.2,0.01,4.07,7664.14,1
2023-01-29,2023-01-29 12:09:00,1872.2,1872.33,1872.2,1872.33,0.01,4.07,7664.14,1
2023-01-29,2023-01-29 12:10:00,1872.33,1872.47,1872.33,1872.47,0.01,4.07,7664.14,1
2023-01-29,2023-01-29 12:11:00,1872.47,1872.6,1872.47,1872.6,0.01,4.07,7664.14,1
2023-01-29,2023-01-29 12:12:00,1872.6,1872.73,1872.6,1872.73,0.01,4.07,7664.14,1
2023-01-29,2023-01-29 12:13:00,1872.73,1872.87,1872.73,1872.87,0.01,4.07,7664.14,1
2023-01-29,2023-01-29 12:14:00,1872.87,1873.0,1872.87,1873.0,0.01,4.07,7664.14,1
2023-01-29,2023-01-29 12:15:00,1873.0,1873.13,1873.0,1873.13,0.01,4.07,7664.14,1
2023-01-29,2023-01-29 12:16:00,1873.13,1873.27,1873.13,1873.27,0.01,4.07,7664.14,1
2023-01-29,2023-01-29 12:17:00,1873.27,1873.4,1873.27,1873.4,0.01,4.07,7664.14,1
2023-01-29,2023-01-29 12:18:00,1873.4,1873.53,1873.4,1873.53,0.01,4.07,7664.14,1
2023-01-29,2023-01-29 12:19:00,1873.53,1873.67,1873.53,1873.67,0.01,4.07,7664.14,1
2023-01-29,2023-01-29 12:20:00,1873.67,1873.8,1873.67,1873.8,0.01,4.07,7664.14,1
2023-01-29,2023-01-29 12:21:00,1873.8,1873.93,1873.8,1873.93,0.01,4.07,7664.14,1
2023-01-29,2023-01-29 12:22:00,1873.93,1874.07,1873.93,1874.07,0.01,4.07,7664.14,1
2023-01-29,2023-01-29 12:23:00,1874.07,1874.2,1874.07,1874.2,0.01,4.07,7664.14,1
2023-01-29,2023-01-29 12:24:00,1874.2,1874.33,1874.2,1874.33,0.01,4.07,7664.14,1
2023-01-29,2023-01-29 12:25:00,1874.33,1874.47,1874.33,1874.47,0.01,4.07,7664.14,1
2023-01-29,2023-01-29 12:26:00,1874.47,1874.6,1874.47,1874.6,0.01,4.07,7664.14,1
2023-01-29,2023-01-29 12:27:00,1874.6,1874.73,1874.6,1874.73,0.01,4.07,7664.14,1
2023-01-29,2023-01-29 12:28:00,1874.73,1874.87,1874.73,1874.87,0.01,4.07,7664.14,1
2023-01-29,2023-01-29 12:29:00,1874.87,1875.0,1874.87,1875.0,0.01,4.07,7664.14,1
2023-01-29,2023-01-29 12:30:00,1875.0,1875.13,1875.0,1875.13,0.01,4.07,7664.14,1
2023-01-29,2023-01-29 12:31:00,1875.13,1875.27,1875.13,1875.27,0.01,4.07,7664.14,1
2023-01-29,2023-01-29 12:32:00,1875.27,1875.4,1875.27,1875.4,0.01,4.07,7664.14,1
2023-01-29,2023-01-29 12:33:00,1875.4,1875.53,1875.4,1875.53,0.01,4.07,7664.14,1
2023-01-29,2023-01-29 12:34:00,1875.53,1875.67,1875.53,1875.67,0.01,4.07,7664.14,1
2023-01-29,2023-01-29 12:35:00,1875.67,1875.8,1875.67,1875.8,0.01,4.07,7664.14,1
2023-01-29,2023-01-29 12:36:00,1875.8,1875.93,1875.8,1875.93,0.01,4.07,7664.14,1
2023-01-29,2023-01-29 12:37:00,1875.93,1876.07,1875.93,1876.07,0.01,4.07,7664.14,1
2023-01-29,2023-01-29 12:38:00,1876.07,1876.2,1876.07,1876.2,0.01,4.07,7664.14,1
2023-01-29,2023-01-29 12:39:00,1876.2,1876.33,1876.2,1876.33,0.01,4.07,7664.14,1
2023-01-29,2023-01-29 12:40:00,1876.33,1876.47,1876.33,1876.47,0.01,4.07,7664.14,1
2023-01-29,2023-01-29 12:41:00,1876.47,1876.6,1876.47,1876.6,0.01,4.07,7664.14,1
2023-01-29,2023-01-29 12:42:00,1876.6,1876.73,1876.6,1876.73,0.01,4.07,7664.14,1
2023-01-29,2023-01-29 12:43:00,1876.73,1876.87,1876.73,1876.87,0.01,4.07,7664.14,1
2023-01-29,2023-01-29 12:44:00,1876.87,1877.0,1876.87,1877.0,0.01,4.07,7664.14,1
2023-01-29,2023-01-29 12:45:00,1877.0,1877.13,1877.0,1877.13,0.01,4.07,7664.14,1
2023-01-29,2023-01-29 12:46:00,1877.13,1877.27,1877.13,1877.27,0.01,4.07,7664.14,1
2023-01-29,2023-01-29 12:47:00,1877.27,1877.4,1877.27,1877.4,0.01,4.07,7664.14,1
2023-01-29,2023-01-29 12:48:00,1877.4,1877.53,1877.4,1877.53,0.01,4.07,7664.14,1
2023-01-29,2023-01-29 12:49:00,1877.53,1877.67,1877.53,1877.67,0.01,4.07,7664.14,1
2023-01-29,2023-01-29 12:50:00,1877.67,1877.8,1877.67,1877.8,0.01,4.07,7664.14,1
2023-01-29,2023-01-29 12:51:00,1877.8,1877.93,1877.8,1877.93,0.01,4.07,7664.14,1
2023-01-29,2023-01-29 12:52:00,1877.93,1878.07,1877.93,1878.07,0.01,4.07,7664.14,1
2023-01-29,2023-01-29 12:53:00,1878.07,1878.2,1878.07,1878.2,0.01,4.07,7664.14,1
2023-01-29,2023-01-29 12:54:00,1878.2,1878.33,1878.2,1878.33,0.01,4.07,7664.14,1
2023-01-29,2023-01-29 12:55:00,1878.33,1878.47,1878.33,1878.47,0.01,4.07,7664.14,1
2023-01-29,2023-01-29 12:56:00,1878.47,1878.6,1878.47,1878.6,0.01,4.07,7664.14,1
2023-01-29,2023-01-29 12:57:00,1878.6,1878.73,1878.6,1878.73,0.01,4.07,7664.14,1
2023-01-29,2023-01-29 12:58:00,1878.73,1878.87,1878.73,1878.87,0.01,4.07,7664.14,1
2023-01-29,2023-01-29 12:59:00,1878.87,1879.0,1878.87,1879.0,0.01,4.07,7664.14,1
2023-01-29,2023-01-29 13:00:00,1879.0,1905.0,1863.0,1879.13,0.01,4.07,7664.14,1
2023-01-29,2023-01-29 13:01:00,1879.13,1879.27,1879.13,1879.27,0.01,4.07,7664.14,1
2023-01-29,2023-01-29 13:02:00,1879.27,1879.4,1879.27,1879.4,0.01,4.07,7664.14,1
2023-01-29,2023-01-29 13:03:00,1879.4,1879.53,1879.4,1879.53,0.01,4.07,7664.14,1
2023-01-29,2023-01-29 13:04:00,1879.53,1879.67,1879.53,1879.67,0.01,4.07,7664.14,1
2023-01-29,2023-01-29 13:05:00,1879.67,1879.8,1879.67,1879.8,0.01,4.07,7664.14,1
2023-01-29,2023-01-29 13:06:00,1879.8,1879.93,1879.8,1879.93,0.01,4.07,7664.14,1
2023-01-29,2023-01-29 13:07:00,1879.93,1880.07,1879.93,1880.07,0.01,4.07,7664.14,1
2023-01-29,2023-01-29 13:08:00,1880.07,1880.2,1880.07,1880.2,0.01,4.07,7664.14,1
2023-01-29,2023-01-29 13:09:00,1880.2,1880.33,1880.2,1880.33,0.01,4.07,7664.14,1
2023-01-29,2023-01-29 13:10:00,1880.33,1880.47,1880.33,1880.47,0.01,4.07,7664.14,1
2023-01-29,2023-01-29 13:11:00,1880.47,1880.6,1880.47,1880.6,0.01,4.07,7664.14,1
2023-01-29,2023-01-29 13:12:00,1880.6,1880.73,1880.6,1880.73,0.01,4.07,7664.14,1
2023-01-29,2023-01-29 13:13:00,1880.73,1880.87,1880.73,1880.87,0.01,4.07,7664.14,1
2023-01-29,2023-01-29 13:14:00,1880.87,1881.0,1880.87,1881.0,0.01,4.07,7664.14,1
2023-01-29,2023-01-29 13:15:00,1881.0,1881.13,1881.0,1881.13,0.01,4.07,7664.14,1
2023-01-29,2023-01-29 13:16:00,1881.13,1881.27,1881.13,1881.27,0.01,4.07,7664.14,1
2023-01-29,2023-01-29 13:17:00,1881.27,1881.4,1881.27,1881.4,0.01,4.07,7664.14,1
2023-01-29,2023-01-29 13:18:00,1881.4,1881.53,1881.4,1881.53,0.01,4.07,7664.14,1
2023-01-29,2023-01-29 13:19:00,1881.53,1881.67,1881.53,1881.67,0.01,4.07,7664.14,1
2023-01-29,2023-01-29 13:20:00,1881.67,1881.8,1881.67,1881.8,0.01,4.07,7664.14,1
2023-01-29,2023-01-29 13:21:00,1881.8,1881.93,1881.8,1881.93,0.01,4.07,7664.14,1
2023-01-29,2023-01-29 13:22:00,1881.93,1882.07,1881.93,1882.07,0.01,4.07,7664.14,1
2023-01-29,2023-01-29 13:23:00,1882.07,1882.2,1882.07,1882.2,0.01,4.07,7664.14,1
2023-01-29,2023-01-29 13:24:00,1882.2,1882.33,1882.2,1882.33,0.01,4.07,7664.14,1
2023-01-29,2023-01-29 13:25:00,1882.33,1882.47,1882.33,1882.47,0.01,4.07,7664.14,1
2023-01-29,2023-01-29 13:26:00,1882.47,1882.6,1882.47,1882.6,0.01,4.07,7664.14,1
2023-01-29,2023-01-29 13:27:00,1882.6,1882.73,1882.6,1882.73,0.01,4.07,7664.14,1
2023-01-29,2023-01-29 13:28:00,1882.73,1882.87,1882.73,1882.87,0.01,4.07,7664.14,1
2023-01-29,2023-01-29 13:29:00,1882.87,1883.0,1882.87,1883.0,0.01,4.07,7664.14,1
2023-01-29,2023-01-29 13:30:00,1883.0,1883.13,1883.0,1883.13,0.01,4.07,7664.14,1
2023-01-29,2023-01-29 13:31:00,1883.13,1883.27,1883.13,1883.27,0.01,4.07,7664.14,1
2023-01-29,2023-01-29 13:32:00,1883.27,1883.4,1883.27,1883.4,0.01,4.07,7664.14,1
2023-01-29,2023-01-29 13:33:00,1883.4,1883.53,1883.4,1883.53,0.01,4.07,7664.14,1
2023-01-29,2023-01-29 13:34:00,1883.53,1883.67,1883.53,1883.67,0.01,4.07,7664.14,1
2023-01-29,2023-01-29 13:35:00,1883.67,1883.8,1883.67,1883.8,0.01,4.07,7664.14,1
2023-01-29,2023-01-29 13:36:00,1883.8,1883.93,1883.8,1883.93,0.01,4.07,7664.14,1
2023-01-29,2023-01-29 13:37:00,1883.93,1884.07,1883.93,1884.07,0.01,4.07,7664.14,1
2023-01-29,2023-01-29 13:38:00,1884.07,1884.2,1884.07,1884.2,0.01,4.07,7664.14,1
2023-01-29,2023-01-29 13:39:00,1884.2,1884.33,1884.2,1884.33,0.01,4.07,7664.14,1
2023-01-29,2023-01-29 13:40:00,1884.33,1884.47,1884.33,1884.47,0.01,4.07,7664.14,1
2023-01-29,2023-01-29 13:41:00,1884.47,1884.6,1884.47,1884.6,0.01,4.07,7664.14,1
2023-01-29,2023-01-29 13:42:00,1884.6,1884.73,1884.6,1884.73,0.01,4.07,7664.14,1
2023-01-29,2023-01-29 13:43:00,1884.73,1884.87,1884.73,1884.87,0.01,4.07,7664.14,1
2023-01-29,2023-01-29 13:44:00,1884.87,1885.0,1884.87,1885.0,0.01,4.07,7664.14,1
2023-01-29,2023-01-29 13:45:00,1885.0,1885.13,1885.0,1885.13,0.01,4.07,7664.14,1
2023-01-29,2023-01-29 13:46:00,1885.13,1885.27,1885.13,1885.27,0.01,4.07,7664.14,1
2023-01-29,2023-01-29 13:47:00,1885.27,1885.4,1885.27,1885.4,0.01,4.07,7664.14,1
2023-01-29,2023-01-29 13:48:00,1885.4,1885.53,1885.4,1885.53,0.01,4.07,7664.14,1
2023-01-29,2023-01-29 13:49:00,1885.53,1885.67,1885.53,1885.67,0.01,4.07,7664.14,1
2023-01-29,2023-01-29 13:50:00,1885.67,1885.8,1885.67,1885.8,0.01,4.07,7664.14,1
2023-01-29,2023-01-29 13:51:00,1885.8,1885.93,1885.8,1885.93,0.01,4.07,7664.14,1
2023-01-29,2023-01-29 13:52:00,1885.93,1886.07,1885.93,1886.07,0.01,4.07,7664.14,1
2023-01-29,2023-01-29 13:53:00,1886.07,1886.2,1886.07,1886.2,0.01,4.07,7664.14,1
2023-01-29,2023-01-29 13:54:00,1886.2,1886.33,1886.2,1886.33,0.01,4.07,7664.14,1
2023-01-29,2023-01-29 13:55:00,1886.33,1886.47,1886.33,1886.47,0.01,4.07,7664.14,1
2023-01-29,2023-01-29 13:56:00,1886.47,1886.6,1886.47,1886.6,0.01,4.07,7664.14,1
2023-01-29,2023-01-29 13:57:00,1886.6,1886.73,1886.6,1886.73,0.01,4.07,7664.14,1
2023-01-29,2023-01-29 13:58:00,1886.73,1886.87,1886.73,1886.87,0.01,4.07,7664.14,1
2023-01-29,2023-01-29 13:59:00,1886.87,1887.0,1886.87,1887.0,0.01,4.07,7664.14,1
2023-01-29,2023-01-29 14:00:00,1887.0,1887.13,1887.0,1887.13,0.01,4.07,7664.14,1
2023-01-29,2023-01-29 14:01:00,1887.13,1887.27,1887.13,1887.27,0.01,4.07,7664.14,1
2023-01-29,2023-01-29 14:02:00,1887.27,1887.4,1887.27,1887.4,0.01,4.07,7664.14,1
2023-01-29,2023-01-29 14:03:00,1887.4,1887.53,1887.4,1887.53,0.01,4.07,7664.14,1
2023-01-29,2023-01-29 14:04:00,1887.53,1887.67,1887.53,1887.67,0.01,4.07,7664.14,1
2023-01-29,2023-01-29 14:05:00,1887.67,1887.8,1887.67,1887.8,0.01,4.07,7664.14,1
2023-01-29,2023-01-29 14:06:00,1887.8,1887.93,1887.8,1887.93,0.01,4.07,7664.14,1
2023-01-29,2023-01-29 14:07:00,1887.93,1888.07,1887.93,1888.07,0.01,4.07,7664.14,1
2023-01-29,2023-01-29 14:08:00,1888.07,1888.2,1888.07,1888.2,0.01,4.07,7664.14,1
2023-01-29,2023-01-29 14:09:00,1888.2,1888.33,1888.2,1888.33,0.01,4.07,7664.14,1
2023-01-29,2023-01-29 14:10:00,1888.33,1888.47,1888.33,1888.47,0.01,4.07,7664.14,1
2023-01-29,2023-01-29 14:11:00,1888.47,1888.6,1888.47,1888.6,0.01,4.07,7664.14,1
2023-01-29,2023-01-29 14:12:00,1888.6,1888.73,1888.6,1888.73,0.01,4.07,7664.14,1
2023-01-29,2023-01-29 14:13:00,1888.73,1888.87,1888.73,1888.87,0.01,4.07,7664.14,1
2023-01-29,2023-01-29 14:14:00,1888.87,1889.0,1888.87,1889.0,0.01,4.07,7664.14,1
2023-01-29,2023-01-29 14:15:00,1889.0,1889.13,1889.0,1889.13,0.01,4.07,7664.14,1
2023-01-29,2023-01-29 14:16:00,1889.13,1889.27,1889.13,1889.27,0.01,4.07,7664.14,1
2023-01-29,2023-01-29 14:17:00,1889.27,1889.4,1889.27,1889.4,0.01,4.07,7664.14,1
2023-01-29,2023-01-29 14:18:00,1889.4,1889.53,1889.4,1889.53,0.01,4.07,7664.14,1
2023-01-29,2023-01-29 14:19:00,1889.53,1889.67,1889.53,1889.67,0.01,4.07,7664.14,1
2023-01-29,2023-01-29 14:20:00,1889.67,1889.8,1889.67,1889.8,0.01,4.07,7664.14,1
2023-01-29,2023-01-29 14:21:00,1889.8,1889.93,1889.8,1889.93,0.01,4.07,7664.14,1
2023-01-29,2023-01-29 14:22:00,1889.93,1890.07,1889.93,1890.07,0.01,4.07,7664.14,1
2023-01-29,2023-01-29 14:23:00,1890.07,1890.2,1890.07,1890.2,0.01,4.07,7664.14,1
2023-01-29,2023-01-29 14:24:00,1890.2,1890.33,1890.2,1890.33,0.01,4.07,7664.14,1
2023-01-29,2023-01-29 14:25:00,1890.33,1890.47,1890.33,1890.47,0.01,4.07,7664.14,1
2023-01-29,2023-01-29 14:26:00,1890.47,1890.6,1890.47,1890.6,0.01,4.07,7664.14,1
2023-01-29,2023-01-29 14:27:00,1890.6,1890.73,1890.6,1890.73,0.01,4.07,7664.14,1
2023-01-29,2023-01-29 14:28:00,1890.73,1890.87,1890.73,1890.87,0.01,4.07,7664.14,1
2023-01-29,2023-01-29 14:29:00,1890.87,1891.0,1890.87,1891.0,0.01,4.07,7664.14,1
2023-01-29,2023-01-29 14:30:00,1891.0,1891.13,1891.0,1891.13,0.01,4.07,7664.14,1
2023-01-29,2023-01-29 14:31:00,1891.13,1891.27,1891.13,1891.27,0.01,4.07,7664.14,1
2023-01-29,2023-01-29 14:32:00,1891.27,1891.4,1891.27,1891.4,0.01,4.07,7664.14,1
2023-01-29,2023-01-29 14:33:00,1891.4,1891.53,1891.4,1891.53,0.01,4.07,7664.14,1
2023-01-29,2023-01-29 14:34:00,1891.53,1891.67,1891.53,1891.67,0.01,4.07,7664.14,1
2023-01-29,2023-01-29 14:35:00,1891.67,1891.8,1891.67,1891.8,0.01,4.07,7664.14,1
2023-01-29,2023-01-29 14:36:00,1891.8,1891.93,1891.8,1891.93,0.01,4.07,7664.14,1
2023-01-29,2023-01-29 14:37:00,1891.93,1892.07,1891.93,1892.07,0.01,4.07,7664.14,1
2023-01-29,2023-01-29 14:38:00,1892.07,1892.2,1892.07,1892.2,0.01,4.07,7664.14,1
2023-01-29,2023-01-29 14:39:00,1892.2,1892.33,1892.2,1892.33,0.01,4.07,7664.14,1
2023-01-29,2023-01-29 14:40:00,1892.33,1892.47,1892.33,1892.47,0.01,4.07,7664.14,1
2023-01-29,2023-01-29 14:41:00,1892.47,1892.6,1892.47,1892.6,0.01,4.07,7664.14,1
2023-01-29,2023-01-29 14:42:00,1892.6,1892.73,1892.6,1892.73,0.01,4.07,7664.14,1
2023-01-29,2023-01-29 14:43:00,1892.73,1892.87,1892.73,1892.87,0.01,4.07,7664.14,1
2023-01-29,2023-01-29 14:44:00,1892.87,1893.0,1892.87,1893.0,0.01,4.07,7664.14,1
2023-01-29,2023-01-29 14:45:00,1893.0,1893.13,1893.0,1893.13,0.01,4.07,7664.14,1
2023-01-29,2023-01-29 14:46:00,1893.13,1893.27,1893.13,1893.27,0.01,4.07,7664.14,1
2023-01-29,2023-01-29 14:47:00,1893.27,1893.4,1893.27,1893.4,0.01,4.07,7664.14,1
2023-01-29,2023-01-29 14:48:00,1893.4,1893.53,1893.4,1893.53,0.01,4.07,7664.14,1
2023-01-29,2023-01-29 14:49:00,1893.53,1893.67,1893.53,1893.67,0.01,4.07,7664.14,1
2023-01-29,2023-01-29 14:50:00,1893.67,1893.8,1893.67,1893.8,0.01,4.07,7664.14,1
2023-01-29,2023-01-29 14:51:00,1893.8,1893.93,1893.8,1893.93,0.01,4.07,7664.14,1
2023-01-29,2023-01-29 14:52:00,1893.93,1894.07,1893.93,1894.07,0.01,4.07,7664.14,1
2023-01-29,2023-01-29 14:53:00,1894.07,1894.2,1894.07,1894.2,0.01,4.07,7664.14,1
2023-01-29,2023-01-29 14:54:00,1894.2,1894.33,1894.2,1894.33,0.01,4.07,7664.14,1
2023-01-29,2023-01-29 14:55:00,1894.33,1894.47,1894.33,1894.47,0.01,4.07,7664.14,1
2023-01-29,2023-01-29 14:56:00,1894.47,1894.6,1894.47,1894.6,0.01,4.07,7664.14,1
2023-01-29,2023-01-29 14:57:00,1894.6,1894.73,1894.6,1894.73,0.01,4.07,7664.14,1
2023-01-29,2023-01-29 14:58:00,1894.73,1894.87,1894.73,1894.87,0.01,4.07,7664.14,1
2023-01-29,2023-01-29 14:59:00,1894.87,1895.0,1894.87,1895.0,0.01,4.07,7664.14,1
2023-01-29,2023-01-29 15:00:00,1895.0,1905.0,1863.0,1895.0,0.0,4.07,7664.14,0
2023-01-30,2023-01-30 11:00:00,1861.0,1866.7,1861.0,1861.03,0.0,8.84,16501.43,1
2023-01-30,2023-01-30 11:01:00,1861.03,1861.05,1861.03,1861.05,0.0,8.84,16501.43,1
2023-01-30,2023-01-30 11:02:00,1861.05,1861.08,1861.05,1861.08,0.0,8.84,16501.43,1
2023-01-30,2023-01-30 11:03:00,1861.08,1861.1,1861.08,1861.1,0.0,8.84,16501.43,1
2023-01-30,2023-01-30 11:04:00,1861.1,1861.12,1861.1,1861.12,0.0,8.84,16501.43,1
2023-01-30,2023-01-30 11:05:00,1861.12,1861.15,1861.12,1861.15,0.0,8.84,16501.43,1
2023-01-30,2023-01-30 11:06:00,1861.15,1861.17,1861.15,1861.17,0.0,8.84,16501.43,1
2023-01-30,2023-01-30 11:07:00,1861.17,1861.2,1861.17,1861.2,0.0,8.84,16501.43,1
2023-01-30,2023-01-30 11:08:00,1861.2,1861.22,1861.2,1861.22,0.0,8.84,16501.43,1
2023-01-30,2023-01-30 11:09:00,1861.22,1861.25,1861.22,1861.25,0.0,8.84,16501.43,1
2023-01-30,2023-01-30 11:10:00,1861.25,1861.28,1861.25,1861.28,0.0,8.84,16501.43,1
2023-01-30,2023-01-30 11:11:00,1861.28,1861.3,1861.28,1861.3,0.0,8.84,16501.43,1
2023-01-30,2023-01-30 11:12:00,1861.3,1861.33,1861.3,1861.33,0.0,8.84,16501.43,1
2023-01-30,2023-01-30 11:13:00,1861.33,1861.35,1861.33,1861.35,0.0,8.84,16501.43,1
2023-01-30,2023-01-30 11:14:00,1861.35,1861.38,1861.35,1861.38,0.0,8.84,16501.43,1
2023-01-30,2023-01-30 11:15:00,1861.38,1861.4,1861.38,1861.4,0.0,8.84,16501.43,1
2023-01-30,2023-01-30 11:16:00,1861.4,1861.42,1861.4,1861.42,0.0,8.84,16501.43,1
2023-01-30,2023-01-30 11:17:00,1861.42,1861.45,1861.42,1861.45,0.0,8.84,16501.43,1
2023-01-30,2023-01-30 11:18:00,1861.45,1861.47,1861.45,1861.47,0.0,8.84,16501.43,1
2023-01-30,2023-01-30 11:19:00,1861.47,1861.5,1861.47,1861.5,0.0,8.84,16501.43,1
2023-01-30,2023-01-30 11:20:00,1861.5,1861.53,1861.5,1861.53,0.0,8.84,16501.43,1
2023-01-30,2023-01-30 11:21:00,1861.53,1861.55,1861.53,1861.55,0.0,8.84,16501.43,1
2023-01-30,2023-01-30 11:22:00,1861.55,1861.58,1861.55,1861.58,0.0,8.84,16501.43,1
2023-01-30,2023-01-30 11:23:00,1861.58,1861.6,1861.58,1861.6,0.0,8.84,16501.43,1
2023-01-30,2023-01-30 11:24:00,1861.6,1861.62,1861.6,1861.62,0.0,8.84,16501.43,1
2023-01-30,2023-01-30 11:25:00,1861.62,1861.65,1861.62,1861.65,0.0,8.84,16501.43,1
2023-01-30,2023-01-30 11:26:00,1861.65,1861.67,1861.65,1861.67,0.0,8.84,16501.43,1
2023-01-30,2023-01-30 11:27:00,1861.67,1861.7,1861.67,1861.7,0.0,8.84,16501.43,1
2023-01-30,2023-01-30 11:28:00,1861.7,1861.72,1861.7,1861.72,0.0,8.84,16501.43,1
2023-01-30,2023-01-30 11:29:00,1861.72,1861.75,1861.72,1861.75,0.0,8.84,16501.43,1
2023-01-30,2023-01-30 11:30:00,1861.75,1861.78,1861.75,1861.78,0.0,8.84,16501.43,1
2023-01-30,2023-01-30 11:31:00,1861.78,1861.8,1861.78,1861.8,0.0,8.84,16501.43,1
2023-01-30,2023-01-30 11:32:00,1861.8,1861.83,1861.8,1861.83,0.0,8.84,16501.43,1
2023-01-30,2023-01-30 11:33:00,1861.83,1861.85,1861.83,1861.85,0.0,8.84,16501.43,1
2023-01-30,2023-01-30 11:34:00,1861.85,1861.88,1861.85,1861.88,0.0,8.84,16501.43,1
2023-01-30,2023-01-30 11:35:00,1861.88,1861.9,1861.88,1861.9,0.0,8.84,16501.43,1
2023-01-30,2023-01-30 11:36:00,1861.9,1861.92,1861.9,1861.92,0.0,8.84,16501.43,1
2023-01-30,2023-01-30 11:37:00,1861.92,1861.95,1861.92,1861.95,0.0,8.84,16501.43,1
2023-01-30,2023-01-30 11:38:00,1861.95,1861.97,1861.95,1861.97,0.0,8.84,16501.43,1
2023-01-30,2023-01-30 11:39:00,1861.97,1862.0,1861.97,1862.0,0.0,8.84,16501.43,1
2023-01-30,2023-01-30 11:40:00,1862.0,1862.03,1862.0,1862.03,0.0,8.84,16501.43,1
2023-01-30,2023-01-30 11:41:00,1862.03,1862.05,1862.03,1862.05,0.0,8.84,16501.43,1
2023-01-30,2023-01-30 11:42:00,1862.05,1862.08,1862.05,1862.08,0.0,8.84,16501.43,1
2023-01-30,2023-01-30 11:43:00,1862.08,1862.1,1862.08,1862.1,0.0,8.84,16501.43,1
2023-01-30,2023-01-30 11:44:00,1862.1,1862.12,1862.1,1862.12,0.0,8.84,16501.43,1
2023-01-30,2023-01-30 11:45:00,1862.12,1862.15,1862.12,1862.15,0.0,8.84,16501.43,1
2023-01-30,2023-01-30 11:46:00,1862.15,1862.17,1862.15,1862.17,0.0,8.84,16501.43,1
2023-01-30,2023-01-30 11:47:00,1862.17,1862.2,1862.17,1862.2,0.0,8.84,16501.43,1
2023-01-30,2023-01-30 11:48:00,1862.2,1862.22,1862.2,1862.22,0.0,8.84,16501.43,1
2023-01-30,2023-01-30 11:49:00,1862.22,1862.25,1862.22,1862.25,0.0,8.84,16501.43,1
2023-01-30,2023-01-30 11:50:00,1862.25,1862.28,1862.25,1862.28,0.0,8.84,16501.43,1
2023-01-30,2023-01-30 11:51:00,1862.28,1862.3,1862.28,1862.3,0.0,8.84,16501.43,1
2023-01-30,2023-01-30 11:52:00,1862.3,1862.33,1862.3,1862.33,0.0,8.84,16501.43,1
2023-01-30,2023-01-30 11:53:00,1862.33,1862.35,1862.33,1862.35,0.0,8.84,16501.43,1
2023-01-30,2023-01-30 11:54:00,1862.35,1862.38,1862.35,1862.38,0.0,8.84,16501.43,1
2023-01-30,2023-01-30 11:55:00,1862.38,1862.4,1862.38,1862.4,0.0,8.84,16501.43,1
2023-01-30,2023-01-30 11:56:00,1862.4,1862.42,1862.4,1862.42,0.0,8.84,16501.43,1
2023-01-30,2023-01-30 11:57:00,1862.42,1862.45,1862.42,1862.45,0.0,8.84,16501.43,1
2023-01-30,2023-01-30 11:58:00,1862.45,1862.47,1862.45,1862.47,0.0,8.84,16501.43,1
2023-01-30,2023-01-30 11:59:00,1862.47,1862.5,1862.47,1862.5,0.0,8.84,16501.43,1
2023-01-30,2023-01-30 12:00:00,1862.5,1862.53,1862.5,1862.53,0.0,8.84,16501.43,1
2023-01-30,2023-01-30 12:01:00,1862.53,1862.55,1862.53,1862.55,0.0,8.84,16501.43,1
2023-01-30,2023-01-30 12:02:00,1862.55,1862.58,1862.55,1862.58,0.0,8.84,16501.43,1
2023-01-30,2023-01-30 12:03:00,1862.58,1862.6,1862.58,1862.6,0.0,8.84,16501.43,1
2023-01-30,2023-01-30 12:04:00,1862.6,1862.62,1862.6,1862.62,0.0,8.84,16501.43,1
2023-01-30,2023-01-30 12:05:00,1862.62,1862.65,1862.62,1862.65,0.0,8.84,16501.43,1
2023-01-30,2023-01-30 12:06:00,1862.65,1862.67,1862.65,1862.67,0.0,8.84,16501.43,1
2023-01-30,2023-01-30 12:07:00,1862.67,1862.7,1862.67,1862.7,0.0,8.84,16501.43,1
2023-01-30,2023-01-30 12:08:00,1862.7,1862.72,1862.7,1862.72,0.0,8.84,16501.43,1
2023-01-30,2023-01-30 12:09:00,1862.72,1862.75,1862.72,1862.75,0.0,8.84,16501.43,1
2023-01-30,2023-01-30 12:10:00,1862.75,1862.78,1862.75,1862.78,0.0,8.84,16501.43,1
2023-01-30,2023-01-30 12:11:00,1862.78,1862.8,1862.78,1862.8,0.0,8.84,16501.43,1
2023-01-30,2023-01-30 12:12:00,1862.8,1862.83,1862.8,1862.83,0.0,8.84,16501.43,1
2023-01-30,2023-01-30 12:13:00,1862.83,1862.85,1862.83,1862.85,0.0,8.84,16501.43,1
2023-01-30,2023-01-30 12:14:00,1862.85,1862.88,1862.85,1862.88,0.0,8.84,16501.43,1
2023-01-30,2023-01-30 12:15:00,1862.88,1862.9,1862.88,1862.9,0.0,8.84,16501.43,1
2023-01-30,2023-01-30 12:16:00,1862.9,1862.92,1862.9,1862.92,0.0,8.84,16501.43,1
2023-01-30,2023-01-30 12:17:00,1862.92,1862.95,1862.92,1862.95,0.0,8.84,16501.43,1
2023-01-30,2023-01-30 12:18:00,1862.95,1862.97,1862.95,1862.97,0.0,8.84,16501.43,1
2023-01-30,2023-01-30 12:19:00,1862.97,1863.0,1862.97,1863.0,0.0,8.84,16501.43,1
2023-01-30,2023-01-30 12:20:00,1863.0,1863.03,1863.0,1863.03,0.0,8.84,16501.43,1
2023-01-30,2023-01-30 12:21:00,1863.03,1863.05,1863.03,1863.05,0.0,8.84,16501.43,1
2023-01-30,2023-01-30 12:22:00,1863.05,1863.08,1863.05,1863.08,0.0,8.84,16501.43,1
2023-01-30,2023-01-30 12:23:00,1863.08,1863.1,1863.08,1863.1,0.0,8.84,16501.43,1
2023-01-30,2023-01-30 12:24:00,1863.1,1863.12,1863.1,1863.12,0.0,8.84,16501.43,1
2023-01-30,2023-01-30 12:25:00,1863.12,1863.15,1863.12,1863.15,0.0,8.84,16501.43,1
2023-01-30,2023-01-30 12:26:00,1863.15,1863.17,1863.15,1863.17,0.0,8.84,16501.43,1
2023-01-30,2023-01-30 12:27:00,1863.17,1863.2,1863.17,1863.2,0.0,8.84,16501.43,1
2023-01-30,2023-01-30 12:28:00,1863.2,1863.22,1863.2,1863.22,0.0,8.84,16501.43,1
2023-01-30,2023-01-30 12:29:00,1863.22,1863.25,1863.22,1863.25,0.0,8.84,16501.43,1
2023-01-30,2023-01-30 12:30:00,1863.25,1863.28,1863.25,1863.28,0.0,8.84,16501.43,1
2023-01-30,2023-01-30 12:31:00,1863.28,1863.3,1863.28,1863.3,0.0,8.84,16501.43,1
2023-01-30,2023-01-30 12:32:00,1863.3,1863.33,1863.3,1863.33,0.0,8.84,16501.43,1
2023-01-30,2023-01-30 12:33:00,1863.33,1863.35,1863.33,1863.35,0.0,8.84,16501.43,1
2023-01-30,2023-01-30 12:34:00,1863.35,1863.38,1863.35,1863.38,0.0,8.84,16501.43,1
2023-01-30,2023-01-30 12:35:00,1863.38,1863.4,1863.38,1863.4,0.0,8.84,16501.43,1
2023-01-30,2023-01-30 12:36:00,1863.4,1863.42,1863.4,1863.42,0.0,8.84,16501.43,1
2023-01-30,2023-01-30 12:37:00,1863.42,1863.45,1863.42,1863.45,0.0,8.84,16501.43,1
2023-01-30,2023-01-30 12:38:00,1863.45,1863.47,1863.45,1863.47,0.0,8.84,16501.43,1
2023-01-30,2023-01-30 12:39:00,1863.47,1863.5,1863.47,1863.5,0.0,8.84,16501.43,1
2023-01-30,2023-01-30 12:40:00,1863.5,1863.53,1863.5,1863.53,0.0,8.84,16501.43,1
2023-01-30,2023-01-30 12:41:00,1863.53,1863.55,1863.53,1863.55,0.0,8.84,16501.43,1
2023-01-30,2023-01-30 12:42:00,1863.55,1863.58,1863.55,1863.58,0.0,8.84,16501.43,1
2023-01-30,2023-01-30 12:43:00,1863.58,1863.6,1863.58,1863.6,0.0,8.84,16501.43,1
2023-01-30,2023-01-30 12:44:00,1863.6,1863.62,1863.6,1863.62,0.0,8.84,16501.43,1
2023-01-30,2023-01-30 12:45:00,1863.62,1863.65,1863.62,1863.65,0.0,8.84,16501.43,1
2023-01-30,2023-01-30 12:46:00,1863.65,1863.67,1863.65,1863.67,0.0,8.84,16501.43,1
2023-01-30,2023-01-30 12:47:00,1863.67,1863.7,1863.67,1863.7,0.0,8.84,16501.43,1
2023-01-30,2023-01-30 12:48:00,1863.7,1863.72,1863.7,1863.72,0.0,8.84,16501.43,1
2023-01-30,2023-01-30 12:49:00,1863.72,1863.75,1863.72,1863.75,0.0,8.84,16501.43,1
2023-01-30,2023-01-30 12:50:00,1863.75,1863.78,1863.75,1863.78,0.0,8.84,16501.43,1
2023-01-30,2023-01-30 12:51:00,1863.78,1863.8,1863.78,1863.8,0.0,8.84,16501.43,1
2023-01-30,2023-01-30 12:52:00,1863.8,1863.83,1863.8,1863.83,0.0,8.84,16501.43,1
2023-01-30,2023-01-30 12:53:00,1863.83,1863.85,1863.83,1863.85,0.0,8.84,16501.43,1
2023-01-30,2023-01-30 12:54:00,1863.85,1863.88,1863.85,1863.88,0.0,8.84,16501.43,1
2023-01-30,2023-01-30 12:55:00,1863.88,1863.9,1863.88,1863.9,0.0,8.84,16501.43,1
2023-01-30,2023-01-30 12:56:00,1863.9,1863.92,1863.9,1863.92,0.0,8.84,16501.43,1
2023-01-30,2023-01-30 12:57:00,1863.92,1863.95,1863.92,1863.95,0.0,8.84,16501.43,1
2023-01-30,2023-01-30 12:58:00,1863.95,1863.97,1863.95,1863.97,0.0,8.84,16501.43,1
2023-01-30,2023-01-30 12:59:00,1863.97,1864.0,1863.97,1864.0,0.0,8.84,16501.43,1
2023-01-30,2023-01-30 13:00:00,1864.0,1880.0,1861.0,1864.03,0.0,8.84,16501.43,1
2023-01-30,2023-01-30 13:01:00,1864.03,1864.05,1864.03,1864.05,0.0,8.84,16501.43,1
2023-01-30,2023-01-30 13:02:00,1864.05,1864.08,1864.05,1864.08,0.0,8.84,16501.43,1
2023-01-30,2023-01-30 13:03:00,1864.08,1864.1,1864.08,1864.1,0.0,8.84,16501.43,1
2023-01-30,2023-01-30 13:04:00,1864.1,1864.12,1864.1,1864.12,0.0,8.84,16501.43,1
2023-01-30,2023-01-30 13:05:00,1864.12,1864.15,1864.12,1864.15,0.0,8.84,16501.43,1
2023-01-30,2023-01-30 13:06:00,1864.15,1864.17,1864.15,1864.17,0.0,8.84,16501.43,1
2023-01-30,2023-01-30 13:07:00,1864.17,1864.2,1864.17,1864.2,0.0,8.84,16501.43,1
2023-01-30,2023-01-30 13:08:00,1864.2,1864.22,1864.2,1864.22,0.0,8.84,16501.43,1
2023-01-30,2023-01-30 13:09:00,1864.22,1864.25,1864.22,1864.25,0.0,8.84,16501.43,1
2023-01-30,2023-01-30 13:10:00,1864.25,1864.28,1864.25,1864.28,0.0,8.84,16501.43,1
2023-01-30,2023-01-30 13:11:00,1864.28,1864.3,1864.28,1864.3,0.0,8.84,16501.43,1
2023-01-30,2023-01-30 13:12:00,1864.3,1864.33,1864.3,1864.33,0.0,8.84,16501.43,1
2023-01-30,2023-01-30 13:13:00,1864.33,1864.35,1864.33,1864.35,0.0,8.84,16501.43,1
2023-01-30,2023-01-30 13:14:00,1864.35,1864.38,1864.35,1864.38,0.0,8.84,16501.43,1
2023-01-30,2023-01-30 13:15:00,1864.38,1864.4,1864.38,1864.4,0.0,8.84,16501.43,1
2023-01-30,2023-01-30 13:16:00,1864.4,1864.42,1864.4,1864.42,0.0,8.84,16501.43,1
2023-01-30,2023-01-30 13:17:00,1864.42,1864.45,1864.42,1864.45,0.0,8.84,16501.43,1
2023-01-30,2023-01-30 13:18:00,1864.45,1864.47,1864.45,1864.47,0.0,8.84,16501.43,1
2023-01-30,2023-01-30 13:19:00,1864.47,1864.5,1864.47,1864.5,0.0,8.84,16501.43,1
2023-01-30,2023-01-30 13:20:00,1864.5,1864.53,1864.5,1864.53,0.0,8.84,16501.43,1
2023-01-30,2023-01-30 13:21:00,1864.53,1864.55,1864.53,1864.55,0.0,8.84,16501.43,1
2023-01-30,2023-01-30 13:22:00,1864.55,1864.58,1864.55,1864.58,0.0,8.84,16501.43,1
2023-01-30,2023-01-30 13:23:00,1864.58,1864.6,1864.58,1864.6,0.0,8.84,16501.43,1
2023-01-30,2023-01-30 13:24:00,1864.6,1864.62,1864.6,1864.62,0.0,8.84,16501.43,1
2023-01-30,2023-01-30 13:25:00,1864.62,1864.65,1864.62,1864.65,0.0,8.84,16501.43,1
2023-01-30,2023-01-30 13:26:00,1864.65,1864.67,1864.65,1864.67,0.0,8.84,16501.43,1
2023-01-30,2023-01-30 13:27:00,1864.67,1864.7,1864.67,1864.7,0.0,8.84,16501.43,1
2023-01-30,2023-01-30 13:28:00,1864.7,1864.72,1864.7,1864.72,0.0,8.84,16501.43,1
2023-01-30,2023-01-30 13:29:00,1864.72,1864.75,1864.72,1864.75,0.0,8.84,16501.43,1
2023-01-30,2023-01-30 13:30:00,1864.75,1864.78,1864.75,1864.78,0.0,8.84,16501.43,1
2023-01-30,2023-01-30 13:31:00,1864.78,1864.8,1864.78,1864.8,0.0,8.84,16501.43,1
2023-01-30,2023-01-30 13:32:00,1864.8,1864.83,1864.8,1864.83,0.0,8.84,16501.43,1
2023-01-30,2023-01-30 13:33:00,1864.83,1864.85,1864.83,1864.85,0.0,8.84,16501.43,1
2023-01-30,2023-01-30 13:34:00,1864.85,1864.88,1864.85,1864.88,0.0,8.84,16501.43,1
2023-01-30,2023-01-30 13:35:00,1864.88,1864.9,1864.88,1864.9,0.0,8.84,16501.43,1
2023-01-30,2023-01-30 13:36:00,1864.9,1864.92,1864.9,1864.92,0.0,8.84,16501.43,1
2023-01-30,2023-01-30 13:37:00,1864.92,1864.95,1864.92,1864.95,0.0,8.84,16501.43,1
2023-01-30,2023-01-30 13:38:00,1864.95,1864.97,1864.95,1864.97,0.0,8.84,16501.43,1
2023-01-30,2023-01-30 13:39:00,1864.97,1865.0,1864.97,1865.0,0.0,8.84,16501.43,1
2023-01-30,2023-01-30 13:40:00,1865.0,1865.03,1865.0,1865.03,0.0,8.84,16501.43,1
2023-01-30,2023-01-30 13:41:00,1865.03,1865.05,1865.03,1865.05,0.0,8.84,16501.43,1
2023-01-30,2023-01-30 13:42:00,1865.05,1865.08,1865.05,1865.08,0.0,8.84,16501.43,1
2023-01-30,2023-01-30 13:43:00,1865.08,1865.1,1865.08,1865.1,0.0,8.84,16501.43,1
2023-01-30,2023-01-30 13:44:00,1865.1,1865.12,1865.1,1865.12,0.0,8.84,16501.43,1
2023-01-30,2023-01-30 13:45:00,1865.12,1865.15,1865.12,1865.15,0.0,8.84,16501.43,1
2023-01-30,2023-01-30 13:46:00,1865.15,1865.17,1865.15,1865.17,0.0,8.84,16501.43,1
2023-01-30,2023-01-30 13:47:00,1865.17,1865.2,1865.17,1865.2,0.0,8.84,16501.43,1
2023-01-30,2023-01-30 13:48:00,1865.2,1865.22,1865.2,1865.22,0.0,8.84,16501.43,1
2023-01-30,2023-01-30 13:49:00,1865.22,1865.25,1865.22,1865.25,0.0,8.84,16501.43,1
2023-01-30,2023-01-30 13:50:00,1865.25,1865.28,1865.25,1865.28,0.0,8.84,16501.43,1
2023-01-30,2023-01-30 13:51:00,1865.28,1865.3,1865.28,1865.3,0.0,8.84,16501.43,1
2023-01-30,2023-01-30 13:52:00,1865.3,1865.33,1865.3,1865.33,0.0,8.84,16501.43,1
2023-01-30,2023-01-30 13:53:00,1865.33,1865.35,1865.33,1865.35,0.0,8.84,16501.43,1
2023-01-30,2023-01-30 13:54:00,1865.35,1865.38,1865.35,1865.38,0.0,8.84,16501.43,1
2023-01-30,2023-01-30 13:55:00,1865.38,1865.4,1865.38,1865.4,0.0,8.84,16501.43,1
2023-01-30,2023-01-30 13:56:00,1865.4,1865.42,1865.4,1865.42,0.0,8.84,16501.43,1
2023-01-30,2023-01-30 13:57:00,1865.42,1865.45,1865.42,1865.45,0.0,8.84,16501.43,1
2023-01-30,2023-01-30 13:58:00,1865.45,1865.47,1865.45,1865.47,0.0,8.84,16501.43,1
2023-01-30,2023-01-30 13:59:00,1865.47,1865.5,1865.47,1865.5,0.0,8.84,16501.43,1
2023-01-30,2023-01-30 14:00:00,1865.5,1865.53,1865.5,1865.53,0.0,8.84,16501.43,1
2023-01-30,2023-01-30 14:01:00,1865.53,1865.55,1865.53,1865.55,0.0,8.84,16501.43,1
2023-01-30,2023-01-30 14:02:00,1865.55,1865.58,1865.55,1865.58,0.0,8.84,16501.43,1
2023-01-30,2023-01-30 14:03:00,1865.58,1865.6,1865.58,1865.6,0.0,8.84,16501.43,1
2023-01-30,2023-01-30 14:04:00,1865.6,1865.62,1865.6,1865.62,0.0,8.84,16501.43,1
2023-01-30,2023-01-30 14:05:00,1865.62,1865.65,1865.62,1865.65,0.0,8.84,16501.43,1
2023-01-30,2023-01-30 14:06:00,1865.65,1865.67,1865.65,1865.67,0.0,8.84,16501.43,1
2023-01-30,2023-01-30 14:07:00,1865.67,1865.7,1865.67,1865.7,0.0,8.84,16501.43,1
2023-01-30,2023-01-30 14:08:00,1865.7,1865.72,1865.7,1865.72,0.0,8.84,16501.43,1
2023-01-30,2023-01-30 14:09:00,1865.72,1865.75,1865.72,1865.75,0.0,8.84,16501.43,1
2023-01-30,2023-01-30 14:10:00,1865.75,1865.78,1865.75,1865.78,0.0,8.84,16501.43,1
2023-01-30,2023-01-30 14:11:00,1865.78,1865.8,1865.78,1865.8,0.0,8.84,16501.43,1
2023-01-30,2023-01-30 14:12:00,1865.8,1865.83,1865.8,1865.83,0.0,8.84,16501.43,1
2023-01-30,2023-01-30 14:13:00,1865.83,1865.85,1865.83,1865.85,0.0,8.84,16501.43,1
2023-01-30,2023-01-30 14:14:00,1865.85,1865.88,1865.85,1865.88,0.0,8.84,16501.43,1
2023-01-30,2023-01-30 14:15:00,1865.88,1865.9,1865.88,1865.9,0.0,8.84,16501.43,1
2023-01-30,2023-01-30 14:16:00,1865.9,1865.92,1865.9,1865.92,0.0,8.84,16501.43,1
2023-01-30,2023-01-30 14:17:00,1865.92,1865.95,1865.92,1865.95,0.0,8.84,16501.43,1
2023-01-30,2023-01-30 14:18:00,1865.95,1865.97,1865.95,1865.97,0.0,8.84,16501.43,1
2023-01-30,2023-01-30 14:19:00,1865.97,1866.0,1865.97,1866.0,0.0,8.84,16501.43,1
2023-01-30,2023-01-30 14:20:00,1866.0,1866.03,1866.0,1866.03,0.0,8.84,16501.43,1
2023-01-30,2023-01-30 14:21:00,1866.03,1866.05,1866.03,1866.05,0.0,8.84,16501.43,1
2023-01-30,2023-01-30 14:22:00,1866.05,1866.08,1866.05,1866.08,0.0,8.84,16501.43,1
2023-01-30,2023-01-30 14:23:00,1866.08,1866.1,1866.08,1866.1,0.0,8.84,16501.43,1
2023-01-30,2023-01-30 14:24:00,1866.1,1866.12,1866.1,1866.12,0.0,8.84,16501.43,1
2023-01-30,2023-01-30 14:25:00,1866.12,1866.15,1866.12,1866.15,0.0,8.84,16501.43,1
2023-01-30,2023-01-30 14:26:00,1866.15,1866.17,1866.15,1866.17,0.0,8.84,16501.43,1
2023-01-30,2023-01-30 14:27:00,1866.17,1866.2,1866.17,1866.2,0.0,8.84,16501.43,1
2023-01-30,2023-01-30 14:28:00,1866.2,1866.22,1866.2,1866.22,0.0,8.84,16501.43,1
2023-01-30,2023-01-30 14:29:00,1866.22,1866.25,1866.22,1866.25,0.0,8.84,16501.43,1
2023-01-30,2023-01-30 14:30:00,1866.25,1866.28,1866.25,1866.28,0.0,8.84,16501.43,1
2023-01-30,2023-01-30 14:31:00,1866.28,1866.3,1866.28,1866.3,0.0,8.84,16501.43,1
2023-01-30,2023-01-30 14:32:00,1866.3,1866.33,1866.3,1866.33,0.0,8.84,16501.43,1
2023-01-30,2023-01-30 14:33:00,1866.33,1866.35,1866.33,1866.35,0.0,8.84,16501.43,1
2023-01-30,2023-01-30 14:34:00,1866.35,1866.38,1866.35,1866.38,0.0,8.84,16501.43,1
2023-01-30,2023-01-30 14:35:00,1866.38,1866.4,1866.38,1866.4,0.0,8.84,16501.43,1
2023-01-30,2023-01-30 14:36:00,1866.4,1866.42,1866.4,1866.42,0.0,8.84,16501.43,1
2023-01-30,2023-01-30 14:37:00,1866.42,1866.45,1866.42,1866.45,0.0,8.84,16501.43,1
2023-01-30,2023-01-30 14:38:00,1866.45,1866.47,1866.45,1866.47,0.0,8.84,16501.43,1
2023-01-30,2023-01-30 14:39:00,1866.47,1866.5,1866.47,1866.5,0.0,8.84,16501.43,1
2023-01-30,2023-01-30 14:40:00,1866.5,1866.53,1866.5,1866.53,0.0,8.84,16501.43,1
2023-01-30,2023-01-30 14:41:00,1866.53,1866.55,1866.53,1866.55,0.0,8.84,16501.43,1
2023-01-30,2023-01-30 14:42:00,1866.55,1866.58,1866.55,1866.58,0.0,8.84,16501.43,1
2023-01-30,2023-01-30 14:43:00,1866.58,1866.6,1866.58,1866.6,0.0,8.84,16501.43,1
2023-01-30,2023-01-30 14:44:00,1866.6,1866.62,1866.6,1866.62,0.0,8.84,16501.43,1
2023-01-30,2023-01-30 14:45:00,1866.62,1866.65,1866.62,1866.65,0.0,8.84,16501.43,1
2023-01-30,2023-01-30 14:46:00,1866.65,1866.67,1866.65,1866.67,0.0,8.84,16501.43,1
2023-01-30,2023-01-30 14:47:00,1866.67,1866.7,1866.67,1866.7,0.0,8.84,16501.43,1
2023-01-30,2023-01-30 14:48:00,1866.7,1866.72,1866.7,1866.72,0.0,8.84,16501.43,1
2023-01-30,2023-01-30 14:49:00,1866.72,1866.75,1866.72,1866.75,0.0,8.84,16501.43,1
2023-01-30,2023-01-30 14:50:00,1866.75,1866.78,1866.75,1866.78,0.0,8.84,16501.43,1
2023-01-30,2023-01-30 14:51:00,1866.78,1866.8,1866.78,1866.8,0.0,8.84,16501.43,1
2023-01-30,2023-01-30 14:52:00,1866.8,1866.83,1866.8,1866.83,0.0,8.84,16501.43,1
2023-01-30,2023-01-30 14:53:00,1866.83,1866.85,1866.83,1866.85,0.0,8.84,16501.43,1
2023-01-30,2023-01-30 14:54:00,1866.85,1866.88,1866.85,1866.88,0.0,8.84,16501.43,1
2023-01-30,2023-01-30 14:55:00,1866.88,1866.9,1866.88,1866.9,0.0,8.84,16501.43,1
2023-01-30,2023-01-30 14:56:00,1866.9,1866.92,1866.9,1866.92,0.0,8.84,16501.43,1
2023-01-30,2023-01-30 14:57:00,1866.92,1866.95,1866.92,1866.95,0.0,8.84,16501.43,1
2023-01-30,2023-01-30 14:58:00,1866.95,1866.97,1866.95,1866.97,0.0,8.84,16501.43,1
2023-01-30,2023-01-30 14:59:00,1866.97,1867.0,1866.97,1867.0,0.0,8.84,16501.43,1
2023-01-30,2023-01-30 15:00:00,1867.0,1880.0,1861.0,1867.0,0.0,8.84,16501.43,0
2023-01-31,2023-01-31 11:00:00,1855.1,1855.1,1847.57,1855.1,0.0,9.49,17448.85,0
2023-01-31,2023-01-31 11:01:00,1855.1,1855.1,1855.1,1855.1,0.0,9.49,17448.85,0
2023-01-31,2023-01-31 11:02:00,1855.1,1855.1,1855.1,1855.1,0.0,9.49,17448.85,0
2023-01-31,2023-01-31 11:03:00,1855.1,1855.1,1855.1,1855.1,0.0,9.49,17448.85,0
2023-01-31,2023-01-31 11:04:00,1855.1,1855.1,1855.1,1855.1,0.0,9.49,17448.85,0
2023-01-31,2023-01-31 11:05:00,1855.1,1855.1,1855.1,1855.1,0.0,9.49,17448.85,0
2023-01-31,2023-01-31 11:06:00,1855.1,1855.1,1855.1,1855.1,0.0,9.49,17448.85,0
2023-01-31,2023-01-31 11:07:00,1855.1,1855.1,1855.1,1855.1,0.0,9.49,17448.85,0
2023-01-31,2023-01-31 11:08:00,1855.1,1855.1,1855.1,1855.1,0.0,9.49,17448.85,0
2023-01-31,2023-01-31 11:09:00,1855.1,1855.1,1855.1,1855.1,0.0,9.49,17448.85,0
2023-01-31,2023-01-31 11:10:00,1855.1,1855.1,1855.1,1855.1,0.0,9.49,17448.85,0
2023-01-31,2023-01-31 11:11:00,1855.1,1855.1,1855.09,1855.09,-0.0,9.49,17448.85,-1
2023-01-31,2023-01-31 11:12:00,1855.09,1855.09,1855.09,1855.09,0.0,9.49,17448.85,0
2023-01-31,2023-01-31 11:13:00,1855.09,1855.09,1855.09,1855.09,0.0,9.49,17448.85,0
2023-01-31,2023-01-31 11:14:00,1855.09,1855.09,1855.09,1855.09,0.0,9.49,17448.85,0
2023-01-31,2023-01-31 11:15:00,1855.09,1855.09,1855.09,1855.09,0.0,9.49,17448.85,0
2023-01-31,2023-01-31 11:16:00,1855.09,1855.09,1855.09,1855.09,0.0,9.49,17448.85,0
2023-01-31,2023-01-31 11:17:00,1855.09,1855.09,1855.09,1855.09,0.0,9.49,17448.85,0
2023-01-31,2023-01-31 11:18:00,1855.09,1855.09,1855.09,1855.09,0.0,9.49,17448.85,0
2023-01-31,2023-01-31 11:19:00,1855.09,1855.09,1855.09,1855.09,0.0,9.49,17448.85,0
2023-01-31,2023-01-31 11:20:00,1855.09,1855.09,1855.09,1855.09,0.0,9.49,17448.85,0
2023-01-31,2023-01-31 11:21:00,1855.09,1855.09,1855.09,1855.09,0.0,9.49,17448.85,0
2023-01-31,2023-01-31 11:22:00,1855.09,1855.09,1855.09,1855.09,0.0,9.49,17448.85,0
2023-01-31,2023-01-31 11:23:00,1855.09,1855.09,1855.09,1855.09,0.0,9.49,17448.85,0
2023-01-31,2023-01-31 11:24:00,1855.09,1855.09,1855.09,1855.09,0.0,9.49,17448.85,0
2023-01-31,2023-01-31 11:25:00,1855.09,1855.09,1855.09,1855.09,0.0,9.49,17448.85,0
2023-01-31,2023-01-31 11:26:00,1855.09,1855.09,1855.09,1855.09,0.0,9.49,17448.85,0
2023-01-31,2023-01-31 11:27:00,1855.09,1855.09,1855.09,1855.09,0.0,9.49,17448.85,0
2023-01-31,2023-01-31 11:28:00,1855.09,1855.09,1855.09,1855.09,0.0,9.49,17448.85,0
2023-01-31,2023-01-31 11:29:00,1855.09,1855.09,1855.09,1855.09,0.0,9.49,17448.85,0
2023-01-31,2023-01-31 11:30:00,1855.09,1855.09,1855.09,1855.09,0.0,9.49,17448.85,0
2023-01-31,2023-01-31 11:31:00,1855.09,1855.09,1855.09,1855.09,0.0,9.49,17448.85,0
2023-01-31,2023-01-31 11:32:00,1855.09,1855.09,1855.09,1855.09,0.0,9.49,17448.85,0
2023-01-31,2023-01-31 11:33:00,1855.09,1855.09,1855.09,1855.09,0.0,9.49,17448.85,0
2023-01-31,2023-01-31 11:34:00,1855.09,1855.09,1855.09,1855.09,0.0,9.49,17448.85,0
2023-01-31,2023-01-31 11:35:00,1855.09,1855.09,1855.09,1855.09,0.0,9.49,17448.85,0
2023-01-31,2023-01-31 11:36:00,1855.09,1855.09,1855.08,1855.08,-0.0,9.49,17448.85,-1
2023-01-31,2023-01-31 11:37:00,1855.08,1855.08,1855.08,1855.08,0.0,9.49,17448.85,0
2023-01-31,2023-01-31 11:38:00,1855.08,1855.08,1855.08,1855.08,0.0,9.49,17448.85,0
2023-01-31,2023-01-31 11:39:00,1855.08,1855.08,1855.08,1855.08,0.0,9.49,17448.85,0
2023-01-31,2023-01-31 11:40:00,1855.08,1855.08,1855.08,1855.08,0.0,9.49,17448.85,0
2023-01-31,2023-01-31 11:41:00,1855.08,1855.08,1855.08,1855.08,0.0,9.49,17448.85,0
2023-01-31,2023-01-31 11:42:00,1855.08,1855.08,1855.08,1855.08,0.0,9.49,17448.85,0
2023-01-31,2023-01-31 11:43:00,1855.08,1855.08,1855.08,1855.08,0.0,9.49,17448.85,0
2023-01-31,2023-01-31 11:44:00,1855.08,1855.08,1855.08,1855.08,0.0,9.49,17448.85,0
2023-01-31,2023-01-31 11:45:00,1855.08,1855.08,1855.08,1855.08,0.0,9.49,17448.85,0
2023-01-31,2023-01-31 11:46:00,1855.08,1855.08,1855.08,1855.08,0.0,9.49,17448.85,0
2023-01-31,2023-01-31 11:47:00,1855.08,1855.08,1855.08,1855.08,0.0,9.49,17448.85,0
2023-01-31,2023-01-31 11:48:00,1855.08,1855.08,1855.08,1855.08,0.0,9.49,17448.85,0
2023-01-31,2023-01-31 11:49:00,1855.08,1855.08,1855.08,1855.08,0.0,9.49,17448.85,0
2023-01-31,2023-01-31 11:50:00,1855.08,1855.08,1855.08,1855.08,0.0,9.49,17448.85,0
2023-01-31,2023-01-31 11:51:00,1855.08,1855.08,1855.08,1855.08,0.0,9.49,17448.85,0
2023-01-31,2023-01-31 11:52:00,1855.08,1855.08,1855.08,1855.08,0.0,9.49,17448.85,0
2023-01-31,2023-01-31 11:53:00,1855.08,1855.08,1855.08,1855.08,0.0,9.49,17448.85,0
2023-01-31,2023-01-31 11:54:00,1855.08,1855.08,1855.08,1855.08,0.0,9.49,17448.85,0
2023-01-31,2023-01-31 11:55:00,1855.08,1855.08,1855.08,1855.08,0.0,9.49,17448.85,0
2023-01-31,2023-01-31 11:56:00,1855.08,1855.08,1855.08,1855.08,0.0,9.49,17448.85,0
2023-01-31,2023-01-31 11:57:00,1855.08,1855.08,1855.08,1855.08,0.0,9.49,17448.85,0
2023-01-31,2023-01-31 11:58:00,1855.08,1855.08,1855.08,1855.08,0.0,9.49,17448.85,0
2023-01-31,2023-01-31 11:59:00,1855.08,1855.08,1855.07,1855.07,-0.0,9.49,17448.85,-1
2023-01-31,2023-01-31 12:00:00,1855.07,1855.07,1855.07,1855.07,0.0,9.49,17448.85,0
2023-01-31,2023-01-31 12:01:00,1855.07,1855.07,1855.07,1855.07,0.0,9.49,17448.85,0
2023-01-31,2023-01-31 12:02:00,1855.07,1855.07,1855.07,1855.07,0.0,9.49,17448.85,0
2023-01-31,2023-01-31 12:03:00,1855.07,1855.07,1855.07,1855.07,0.0,9.49,17448.85,0
2023-01-31,2023-01-31 12:04:00,1855.07,1855.07,1855.07,1855.07,0.0,9.49,17448.85,0
2023-01-31,2023-01-31 12:05:00,1855.07,1855.07,1855.07,1855.07,0.0,9.49,17448.85,0
2023-01-31,2023-01-31 12:06:00,1855.07,1855.07,1855.07,1855.07,0.0,9.49,17448.85,0
2023-01-31,2023-01-31 12:07:00,1855.07,1855.07,1855.07,1855.07,0.0,9.49,17448.85,0
2023-01-31,2023-01-31 12:08:00,1855.07,1855.07,1855.07,1855.07,0.0,9.49,17448.85,0
2023-01-31,2023-01-31 12:09:00,1855.07,1855.07,1855.07,1855.07,0.0,9.49,17448.85,0
2023-01-31,2023-01-31 12:10:00,1855.07,1855.07,1855.07,1855.07,0.0,9.49,17448.85,0
2023-01-31,2023-01-31 12:11:00,1855.07,1855.07,1855.07,1855.07,0.0,9.49,17448.85,0
2023-01-31,2023-01-31 12:12:00,1855.07,1855.07,1855.07,1855.07,0.0,9.49,17448.85,0
2023-01-31,2023-01-31 12:13:00,1855.07,1855.07,1855.07,1855.07,0.0,9.49,17448.85,0
2023-01-31,2023-01-31 12:14:00,1855.07,1855.07,1855.07,1855.07,0.0,9.49,17448.85,0
2023-01-31,2023-01-31 12:15:00,1855.07,1855.07,1855.07,1855.07,0.0,9.49,17448.85,0
2023-01-31,2023-01-31 12:16:00,1855.07,1855.07,1855.07,1855.07,0.0,9.49,17448.85,0
2023-01-31,2023-01-31 12:17:00,1855.07,1855.07,1855.07,1855.07,0.0,9.49,17448.85,0
2023-01-31,2023-01-31 12:18:00,1855.07,1855.07,1855.07,1855.07,0.0,9.49,17448.85,0
2023-01-31,2023-01-31 12:19:00,1855.07,1855.07,1855.07,1855.07,0.0,9.49,17448.85,0
2023-01-31,2023-01-31 12:20:00,1855.07,1855.07,1855.07,1855.07,0.0,9.49,17448.85,0
2023-01-31,2023-01-31 12:21:00,1855.07,1855.07,1855.07,1855.07,0.0,9.49,17448.85,0
2023-01-31,2023-01-31 12:22:00,1855.07,1855.07,1855.07,1855.07,0.0,9.49,17448.85,0
2023-01-31,2023-01-31 12:23:00,1855.07,1855.07,1855.07,1855.07,0.0,9.49,17448.85,0
2023-01-31,2023-01-31 12:24:00,1855.07,1855.07,1855.06,1855.06,-0.0,9.49,17448.85,-1
2023-01-31,2023-01-31 12:25:00,1855.06,1855.06,1855.06,1855.06,0.0,9.49,17448.85,0
2023-01-31,2023-01-31 12:26:00,1855.06,1855.06,1855.06,1855.06,0.0,9.49,17448.85,0
2023-01-31,2023-01-31 12:27:00,1855.06,1855.06,1855.06,1855.06,0.0,9.49,17448.85,0
2023-01-31,2023-01-31 12:28:00,1855.06,1855.06,1855.06,1855.06,0.0,9.49,17448.85,0
2023-01-31,2023-01-31 12:29:00,1855.06,1855.06,1855.06,1855.06,0.0,9.49,17448.85,0
2023-01-31,2023-01-31 12:30:00,1855.06,1855.06,1855.06,1855.06,0.0,9.49,17448.85,0
2023-01-31,2023-01-31 12:31:00,1855.06,1855.06,1855.06,1855.06,0.0,9.49,17448.85,0
2023-01-31,2023-01-31 12:32:00,1855.06,1855.06,1855.06,1855.06,0.0,9.49,17448.85,0
2023-01-31,2023-01-31 12:33:00,1855.06,1855.06,1855.06,1855.06,0.0,9.49,17448.85,0
2023-01-31,2023-01-31 12:34:00,1855.06,1855.06,1855.06,1855.06,0.0,9.49,17448.85,0
2023-01-31,2023-01-31 12:35:00,1855.06,1855.06,1855.06,1855.06,0.0,9.49,17448.85,0
2023-01-31,2023-01-31 12:36:00,1855.06,1855.06,1855.06,1855.06,0.0,9.49,17448.85,0
2023-01-31,2023-01-31 12:37:00,1855.06,1855.06,1855.06,1855.06,0.0,9.49,17448.85,0
2023-01-31,2023-01-31 12:38:00,1855.06,1855.06,1855.06,1855.06,0.0,9.49,17448.85,0
2023-01-31,2023-01-31 12:39:00,1855.06,1855.06,1855.06,1855.06,0.0,9.49,17448.85,0
2023-01-31,2023-01-31 12:40:00,1855.06,1855.06,1855.06,1855.06,0.0,9.49,17448.85,0
2023-01-31,2023-01-31 12:41:00,1855.06,1855.06,1855.06,1855.06,0.0,9.49,17448.85,0
2023-01-31,2023-01-31 12:42:00,1855.06,1855.06,1855.06,1855.06,0.0,9.49,17448.85,0
2023-01-31,2023-01-31 12:43:00,1855.06,1855.06,1855.06,1855.06,0.0,9.49,17448.85,0
2023-01-31,2023-01-31 12:44:00,1855.06,1855.06,1855.06,1855.06,0.0,9.49,17448.85,0
2023-01-31,2023-01-31 12:45:00,1855.06,1855.06,1855.06,1855.06,0.0,9.49,17448.85,0
2023-01-31,2023-01-31 12:46:00,1855.06,1855.06,1855.06,1855.06,0.0,9.49,17448.85,0
2023-01-31,2023-01-31 12:47:00,1855.06,1855.06,1855.05,1855.05,-0.0,9.49,17448.85,-1
2023-01-31,2023-01-31 12:48:00,1855.05,1855.05,1855.05,1855.05,0.0,9.49,17448.85,0
2023-01-31,2023-01-31 12:49:00,1855.05,1855.05,1855.05,1855.05,0.0,9.49,17448.85,0
2023-01-31,2023-01-31 12:50:00,1855.05,1855.05,1855.05,1855.05,0.0,9.49,17448.85,0
2023-01-31,2023-01-31 12:51:00,1855.05,1855.05,1855.05,1855.05,0.0,9.49,17448.85,0
2023-01-31,2023-01-31 12:52:00,1855.05,1855.05,1855.05,1855.05,0.0,9.49,17448.85,0
2023-01-31,2023-01-31 12:53:00,1855.05,1855.05,1855.05,1855.05,0.0,9.49,17448.85,0
2023-01-31,2023-01-31 12:54:00,1855.05,1855.05,1855.05,1855.05,0.0,9.49,17448.85,0
2023-01-31,2023-01-31 12:55:00,1855.05,1855.05,1855.05,1855.05,0.0,9.49,17448.85,0
2023-01-31,2023-01-31 12:56:00,1855.05,1855.05,1855.05,1855.05,0.0,9.49,17448.85,0
2023-01-31,2023-01-31 12:57:00,1855.05,1855.05,1855.05,1855.05,0.0,9.49,17448.85,0
2023-01-31,2023-01-31 12:58:00,1855.05,1855.05,1855.05,1855.05,0.0,9.49,17448.85,0
2023-01-31,2023-01-31 12:59:00,1855.05,1855.05,1855.05,1855.05,0.0,9.49,17448.85,0
2023-01-31,2023-01-31 13:00:00,1855.05,1855.1,1830.0,1855.05,0.0,9.49,17448.85,0
2023-01-31,2023-01-31 13:01:00,1855.05,1855.05,1855.05,1855.05,0.0,9.49,17448.85,0
2023-01-31,2023-01-31 13:02:00,1855.05,1855.05,1855.05,1855.05,0.0,9.49,17448.85,0
2023-01-31,2023-01-31 13:03:00,1855.05,1855.05,1855.05,1855.05,0.0,9.49,17448.85,0
2023-01-31,2023-01-31 13:04:00,1855.05,1855.05,1855.05,1855.05,0.0,9.49,17448.85,0
2023-01-31,2023-01-31 13:05:00,1855.05,1855.05,1855.05,1855.05,0.0,9.49,17448.85,0
2023-01-31,2023-01-31 13:06:00,1855.05,1855.05,1855.05,1855.05,0.0,9.49,17448.85,0
2023-01-31,2023-01-31 13:07:00,1855.05,1855.05,1855.05,1855.05,0.0,9.49,17448.85,0
2023-01-31,2023-01-31 13:08:00,1855.05,1855.05,1855.05,1855.05,0.0,9.49,17448.85,0
2023-01-31,2023-01-31 13:09:00,1855.05,1855.05,1855.05,1855.05,0.0,9.49,17448.85,0
2023-01-31,2023-01-31 13:10:00,1855.05,1855.05,1855.05,1855.05,0.0,9.49,17448.85,0
2023-01-31,2023-01-31 13:11:00,1855.05,1855.05,1855.04,1855.04,-0.0,9.49,17448.85,-1
2023-01-31,2023-01-31 13:12:00,1855.04,1855.04,1855.04,1855.04,0.0,9.49,17448.85,0
2023-01-31,2023-01-31 13:13:00,1855.04,1855.04,1855.04,1855.04,0.0,9.49,17448.85,0
2023-01-31,2023-01-31 13:14:00,1855.04,1855.04,1855.04,1855.04,0.0,9.49,17448.85,0
2023-01-31,2023-01-31 13:15:00,1855.04,1855.04,1855.04,1855.04,0.0,9.49,17448.85,0
2023-01-31,2023-01-31 13:16:00,1855.04,1855.04,1855.04,1855.04,0.0,9.49,17448.85,0
2023-01-31,2023-01-31 13:17:00,1855.04,1855.04,1855.04,1855.04,0.0,9.49,17448.85,0
2023-01-31,2023-01-31 13:18:00,1855.04,1855.04,1855.04,1855.04,0.0,9.49,17448.85,0
2023-01-31,2023-01-31 13:19:00,1855.04,1855.04,1855.04,1855.04,0.0,9.49,17448.85,0
2023-01-31,2023-01-31 13:20:00,1855.04,1855.04,1855.04,1855.04,0.0,9.49,17448.85,0
2023-01-31,2023-01-31 13:21:00,1855.04,1855.04,1855.04,1855.04,0.0,9.49,17448.85,0
2023-01-31,2023-01-31 13:22:00,1855.04,1855.04,1855.04,1855.04,0.0,9.49,17448.85,0
2023-01-31,2023-01-31 13:23:00,1855.04,1855.04,1855.04,1855.04,0.0,9.49,17448.85,0
2023-01-31,2023-01-31 13:24:00,1855.04,1855.04,1855.04,1855.04,0.0,9.49,17448.85,0
2023-01-31,2023-01-31 13:25:00,1855.04,1855.04,1855.04,1855.04,0.0,9.49,17448.85,0
2023-01-31,2023-01-31 13:26:00,1855.04,1855.04,1855.04,1855.04,0.0,9.49,17448.85,0
2023-01-31,2023-01-31 13:27:00,1855.04,1855.04,1855.04,1855.04,0.0,9.49,17448.85,0
2023-01-31,2023-01-31 13:28:00,1855.04,1855.04,1855.04,1855.04,0.0,9.49,17448.85,0
2023-01-31,2023-01-31 13:29:00,1855.04,1855.04,1855.04,1855.04,0.0,9.49,17448.85,0
2023-01-31,2023-01-31 13:30:00,1855.04,1855.04,1855.04,1855.04,0.0,9.49,17448.85,0
2023-01-31,2023-01-31 13:31:00,1855.04,1855.04,1855.04,1855.04,0.0,9.49,17448.85,0
2023-01-31,2023-01-31 13:32:00,1855.04,1855.04,1855.04,1855.04,0.0,9.49,17448.85,0
2023-01-31,2023-01-31 13:33:00,1855.04,1855.04,1855.04,1855.04,0.0,9.49,17448.85,0
2023-01-31,2023-01-31 13:34:00,1855.04,1855.04,1855.04,1855.04,0.0,9.49,17448.85,0
2023-01-31,2023-01-31 13:35:00,1855.04,1855.04,1855.03,1855.03,-0.0,9.49,17448.85,-1
2023-01-31,2023-01-31 13:36:00,1855.03,1855.03,1855.03,1855.03,0.0,9.49,17448.85,0
2023-01-31,2023-01-31 13:37:00,1855.03,1855.03,1855.03,1855.03,0.0,9.49,17448.85,0
2023-01-31,2023-01-31 13:38:00,1855.03,1855.03,1855.03,1855.03,0.0,9.49,17448.85,0
2023-01-31,2023-01-31 13:39:00,1855.03,1855.03,1855.03,1855.03,0.0,9.49,17448.85,0
2023-01-31,2023-01-31 13:40:00,1855.03,1855.03,1855.03,1855.03,0.0,9.49,17448.85,0
2023-01-31,2023-01-31 13:41:00,1855.03,1855.03,1855.03,1855.03,0.0,9.49,17448.85,0
2023-01-31,2023-01-31 13:42:00,1855.03,1855.03,1855.03,1855.03,0.0,9.49,17448.85,0
2023-01-31,2023-01-31 13:43:00,1855.03,1855.03,1855.03,1855.03,0.0,9.49,17448.85,0
2023-01-31,2023-01-31 13:44:00,1855.03,1855.03,1855.03,1855.03,0.0,9.49,17448.85,0
2023-01-31,2023-01-31 13:45:00,1855.03,1855.03,1855.03,1855.03,0.0,9.49,17448.85,0
2023-01-31,2023-01-31 13:46:00,1855.03,1855.03,1855.03,1855.03,0.0,9.49,17448.85,0
2023-01-31,2023-01-31 13:47:00,1855.03,1855.03,1855.03,1855.03,0.0,9.49,17448.85,0
2023-01-31,2023-01-31 13:48:00,1855.03,1855.03,1855.03,1855.03,0.0,9.49,17448.85,0
2023-01-31,2023-01-31 13:49:00,1855.03,1855.03,1855.03,1855.03,0.0,9.49,17448.85,0
2023-01-31,2023-01-31 13:50:00,1855.03,1855.03,1855.03,1855.03,0.0,9.49,17448.85,0
2023-01-31,2023-01-31 13:51:00,1855.03,1855.03,1855.03,1855.03,0.0,9.49,17448.85,0
2023-01-31,2023-01-31 13:52:00,1855.03,1855.03,1855.03,1855.03,0.0,9.49,17448.85,0
2023-01-31,2023-01-31 13:53:00,1855.03,1855.03,1855.03,1855.03,0.0,9.49,17448.85,0
2023-01-31,2023-01-31 13:54:00,1855.03,1855.03,1855.03,1855.03,0.0,9.49,17448.85,0
2023-01-31,2023-01-31 13:55:00,1855.03,1855.03,1855.03,1855.03,0.0,9.49,17448.85,0
2023-01-31,2023-01-31 13:56:00,1855.03,1855.03,1855.03,1855.03,0.0,9.49,17448.85,0
2023-01-31,2023-01-31 13:57:00,1855.03,1855.03,1855.03,1855.03,0.0,9.49,17448.85,0
2023-01-31,2023-01-31 13:58:00,1855.03,1855.03,1855.03,1855.03,0.0,9.49,17448.85,0
2023-01-31,2023-01-31 13:59:00,1855.03,1855.03,1855.03,1855.03,0.0,9.49,17448.85,0
2023-01-31,2023-01-31 14:00:00,1855.03,1855.03,1855.02,1855.02,-0.0,9.49,17448.85,-1
2023-01-31,2023-01-31 14:01:00,1855.02,1855.02,1855.02,1855.02,0.0,9.49,17448.85,0
2023-01-31,2023-01-31 14:02:00,1855.02,1855.02,1855.02,1855.02,0.0,9.49,17448.85,0
2023-01-31,2023-01-31 14:03:00,1855.02,1855.02,1855.02,1855.02,0.0,9.49,17448.85,0
2023-01-31,2023-01-31 14:04:00,1855.02,1855.02,1855.02,1855.02,0.0,9.49,17448.85,0
2023-01-31,2023-01-31 14:05:00,1855.02,1855.02,1855.02,1855.02,0.0,9.49,17448.85,0
2023-01-31,2023-01-31 14:06:00,1855.02,1855.02,1855.02,1855.02,0.0,9.49,17448.85,0
2023-01-31,2023-01-31 14:07:00,1855.02,1855.02,1855.02,1855.02,0.0,9.49,17448.85,0
2023-01-31,2023-01-31 14:08:00,1855.02,1855.02,1855.02,1855.02,0.0,9.49,17448.85,0
2023-01-31,2023-01-31 14:09:00,1855.02,1855.02,1855.02,1855.02,0.0,9.49,17448.85,0
2023-01-31,2023-01-31 14:10:00,1855.02,1855.02,1855.02,1855.02,0.0,9.49,17448.85,0
2023-01-31,2023-01-31 14:11:00,1855.02,1855.02,1855.02,1855.02,0.0,9.49,17448.85,0
2023-01-31,2023-01-31 14:12:00,1855.02,1855.02,1855.02,1855.02,0.0,9.49,17448.85,0
2023-01-31,2023-01-31 14:13:00,1855.02,1855.02,1855.02,1855.02,0.0,9.49,17448.85,0
2023-01-31,2023-01-31 14:14:00,1855.02,1855.02,1855.02,1855.02,0.0,9.49,17448.85,0
2023-01-31,2023-01-31 14:15:00,1855.02,1855.02,1855.02,1855.02,0.0,9.49,17448.85,0
2023-01-31,2023-01-31 14:16:00,1855.02,1855.02,1855.02,1855.02,0.0,9.49,17448.85,0
2023-01-31,2023-01-31 14:17:00,1855.02,1855.02,1855.02,1855.02,0.0,9.49,17448.85,0
2023-01-31,2023-01-31 14:18:00,1855.02,1855.02,1855.02,1855.02,0.0,9.49,17448.85,0
2023-01-31,2023-01-31 14:19:00,1855.02,1855.02,1855.02,1855.02,0.0,9.49,17448.85,0
2023-01-31,2023-01-31 14:20:00,1855.02,1855.02,1855.02,1855.02,0.0,9.49,17448.85,0
2023-01-31,2023-01-31 14:21:00,1855.02,1855.02,1855.02,1855.02,0.0,9.49,17448.85,0
2023-01-31,2023-01-31 14:22:00,1855.02,1855.02,1855.02,1855.02,0.0,9.49,17448.85,0
2023-01-31,2023-01-31 14:23:00,1855.02,1855.02,1855.01,1855.01,-0.0,9.49,17448.85,-1
2023-01-31,2023-01-31 14:24:00,1855.01,1855.01,1855.01,1855.01,0.0,9.49,17448.85,0
2023-01-31,2023-01-31 14:25:00,1855.01,1855.01,1855.01,1855.01,0.0,9.49,17448.85,0
2023-01-31,2023-01-31 14:26:00,1855.01,1855.01,1855.01,1855.01,0.0,9.49,17448.85,0
2023-01-31,2023-01-31 14:27:00,1855.01,1855.01,1855.01,1855.01,0.0,9.49,17448.85,0
2023-01-31,2023-01-31 14:28:00,1855.01,1855.01,1855.01,1855.01,0.0,9.49,17448.85,0
2023-01-31,2023-01-31 14:29:00,1855.01,1855.01,1855.01,1855.01,0.0,9.49,17448.85,0
2023-01-31,2023-01-31 14:30:00,1855.01,1855.01,1855.01,1855.01,0.0,9.49,17448.85,0
2023-01-31,2023-01-31 14:31:00,1855.01,1855.01,1855.01,1855.01,0.0,9.49,17448.85,0
2023-01-31,2023-01-31 14:32:00,1855.01,1855.01,1855.01,1855.01,0.0,9.49,17448.85,0
2023-01-31,2023-01-31 14:33:00,1855.01,1855.01,1855.01,1855.01,0.0,9.49,17448.85,0
2023-01-31,2023-01-31 14:34:00,1855.01,1855.01,1855.01,1855.01,0.0,9.49,17448.85,0
2023-01-31,2023-01-31 14:35:00,1855.01,1855.01,1855.01,1855.01,0.0,9.49,17448.85,0
2023-01-31,2023-01-31 14:36:00,1855.01,1855.01,1855.01,1855.01,0.0,9.49,17448.85,0
2023-01-31,2023-01-31 14:37:00,1855.01,1855.01,1855.01,1855.01,0.0,9.49,17448.85,0
2023-01-31,2023-01-31 14:38:00,1855.01,1855.01,1855.01,1855.01,0.0,9.49,17448.85,0
2023-01-31,2023-01-31 14:39:00,1855.01,1855.01,1855.01,1855.01,0.0,9.49,17448.85,0
2023-01-31,2023-01-31 14:40:00,1855.01,1855.01,1855.01,1855.01,0.0,9.49,17448.85,0
2023-01-31,2023-01-31 14:41:00,1855.01,1855.01,1855.01,1855.01,0.0,9.49,17448.85,0
2023-01-31,2023-01-31 14:42:00,1855.01,1855.01,1855.01,1855.01,0.0,9.49,17448.85,0
2023-01-31,2023-01-31 14:43:00,1855.01,1855.01,1855.01,1855.01,0.0,9.49,17448.85,0
2023-01-31,2023-01-31 14:44:00,1855.01,1855.01,1855.01,1855.01,0.0,9.49,17448.85,0
2023-01-31,2023-01-31 14:45:00,1855.01,1855.01,1855.01,1855.01,0.0,9.49,17448.85,0
2023-01-31,2023-01-31 14:46:00,1855.01,1855.01,1855.01,1855.01,0.0,9.49,17448.85,0
2023-01-31,2023-01-31 14:47:00,1855.01,1855.01,1855.01,1855.01,0.0,9.49,17448.85,0
2023-01-31,2023-01-31 14:48:00,1855.01,1855.01,1855.0,1855.0,-0.0,9.49,17448.85,-1
2023-01-31,2023-01-31 14:49:00,1855.0,1855.0,1855.0,1855.0,0.0,9.49,17448.85,0
2023-01-31,2023-01-31 14:50:00,1855.0,1855.0,1855.0,1855.0,0.0,9.49,17448.85,0
2023-01-31,2023-01-31 14:51:00,1855.0,1855.0,1855.0,1855.0,0.0,9.49,17448.85,0
2023-01-31,2023-01-31 14:52:00,1855.0,1855.0,1855.0,1855.0,0.0,9.49,17448.85,0
2023-01-31,2023-01-31 14:53:00,1855.0,1855.0,1855.0,1855.0,0.0,9.49,17448.85,0
2023-01-31,2023-01-31 14:54:00,1855.0,1855.0,1855.0,1855.0,0.0,9.49,17448.85,0
2023-01-31,2023-01-31 14:55:00,1855.0,1855.0,1855.0,1855.0,0.0,9.49,17448.85,0
2023-01-31,2023-01-31 14:56:00,1855.0,1855.0,1855.0,1855.0,0.0,9.49,17448.85,0
2023-01-31,2023-01-31 14:57:00,1855.0,1855.0,1855.0,1855.0,0.0,9.49,17448.85,0
2023-01-31,2023-01-31 14:58:00,1855.0,1855.0,1855.0,1855.0,0.0,9.49,17448.85,0
2023-01-31,2023-01-31 14:59:00,1855.0,1855.0,1855.0,1855.0,0.0,9.49,17448.85,0
2023-01-31,2023-01-31 15:00:00,1855.0,1855.1,1830.0,1855.0,0.0,9.49,17448.85,0
2023-02-01,2023-02-01 11:00:00,1830.0,1837.5,1828.59,1830.1,0.01,3.26,5974.19,1
2023-02-01,2023-02-01 11:01:00,1830.1,1830.21,1830.1,1830.21,0.01,3.26,5974.19,1
2023-02-01,2023-02-01 11:02:00,1830.21,1830.31,1830.21,1830.31,0.01,3.26,5974.19,1
2023-02-01,2023-02-01 11:03:00,1830.31,1830.42,1830.31,1830.42,0.01,3.26,5974.19,1
2023-02-01,2023-02-01 11:04:00,1830.42,1830.52,1830.42,1830.52,0.01,3.26,5974.19,1
2023-02-01,2023-02-01 11:05:00,1830.52,1830.62,1830.52,1830.62,0.01,3.26,5974.19,1
2023-02-01,2023-02-01 11:06:00,1830.62,1830.73,1830.62,1830.73,0.01,3.26,5974.19,1
2023-02-01,2023-02-01 11:07:00,1830.73,1830.83,1830.73,1830.83,0.01,3.26,5974.19,1
2023-02-01,2023-02-01 11:08:00,1830.83,1830.94,1830.83,1830.94,0.01,3.26,5974.19,1
2023-02-01,2023-02-01 11:09:00,1830.94,1831.04,1830.94,1831.04,0.01,3.26,5974.19,1
2023-02-01,2023-02-01 11:10:00,1831.04,1831.15,1831.04,1831.15,0.01,3.26,5974.19,1
2023-02-01,2023-02-01 11:11:00,1831.15,1831.25,1831.15,1831.25,0.01,3.26,5974.19,1
2023-02-01,2023-02-01 11:12:00,1831.25,1831.35,1831.25,1831.35,0.01,3.26,5974.19,1
2023-02-01,2023-02-01 11:13:00,1831.35,1831.46,1831.35,1831.46,0.01,3.26,5974.19,1
2023-02-01,2023-02-01 11:14:00,1831.46,1831.56,1831.46,1831.56,0.01,3.26,5974.19,1
2023-02-01,2023-02-01 11:15:00,1831.56,1831.67,1831.56,1831.67,0.01,3.26,5974.19,1
2023-02-01,2023-02-01 11:16:00,1831.67,1831.77,1831.67,1831.77,0.01,3.26,5974.19,1
2023-02-01,2023-02-01 11:17:00,1831.77,1831.88,1831.77,1831.88,0.01,3.26,5974.19,1
2023-02-01,2023-02-01 11:18:00,1831.88,1831.98,1831.88,1831.98,0.01,3.26,5974.19,1
2023-02-01,2023-02-01 11:19:00,1831.98,1832.08,1831.98,1832.08,0.01,3.26,5974.19,1
2023-02-01,2023-02-01 11:20:00,1832.08,1832.19,1832.08,1832.19,0.01,3.26,5974.19,1
2023-02-01,2023-02-01 11:21:00,1832.19,1832.29,1832.19,1832.29,0.01,3.26,5974.19,1
2023-02-01,2023-02-01 11:22:00,1832.29,1832.4,1832.29,1832.4,0.01,3.26,5974.19,1
2023-02-01,2023-02-01 11:23:00,1832.4,1832.5,1832.4,1832.5,0.01,3.26,5974.19,1
2023-02-01,2023-02-01 11:24:00,1832.5,1832.6,1832.5,1832.6,0.01,3.26,5974.19,1
2023-02-01,2023-02-01 11:25:00,1832.6,1832.71,1832.6,1832.71,0.01,3.26,5974.19,1
2023-02-01,2023-02-01 11:26:00,1832.71,1832.81,1832.71,1832.81,0.01,3.26,5974.19,1
2023-02-01,2023-02-01 11:27:00,1832.81,1832.92,1832.81,1832.92,0.01,3.26,5974.19,1
2023-02-01,2023-02-01 11:28:00,1832.92,1833.02,1832.92,1833.02,0.01,3.26,5974.19,1
2023-02-01,2023-02-01 11:29:00,1833.02,1833.12,1833.02,1833.12,0.01,3.26,5974.19,1
2023-02-01,2023-02-01 11:30:00,1833.12,1833.23,1833.12,1833.23,0.01,3.26,5974.19,1
2023-02-01,2023-02-01 11:31:00,1833.23,1833.33,1833.23,1833.33,0.01,3.26,5974.19,1
2023-02-01,2023-02-01 11:32:00,1833.33,1833.44,1833.33,1833.44,0.01,3.26,5974.19,1
2023-02-01,2023-02-01 11:33:00,1833.44,1833.54,1833.44,1833.54,0.01,3.26,5974.19,1
2023-02-01,2023-02-01 11:34:00,1833.54,1833.65,1833.54,1833.65,0.01,3.26,5974.19,1
2023-02-01,2023-02-01 11:35:00,1833.65,1833.75,1833.65,1833.75,0.01,3.26,5974.19,1
2023-02-01,2023-02-01 11:36:00,1833.75,1833.85,1833.75,1833.85,0.01,3.26,5974.19,1
2023-02-01,2023-02-01 11:37:00,1833.85,1833.96,1833.85,1833.96,0.01,3.26,5974.19,1
2023-02-01,2023-02-01 11:38:00,1833.96,1834.06,1833.96,1834.06,0.01,3.26,5974.19,1
2023-02-01,2023-02-01 11:39:00,1834.06,1834.17,1834.06,1834.17,0.01,3.26,5974.19,1
2023-02-01,2023-02-01 11:40:00,1834.17,1834.27,1834.17,1834.27,0.01,3.26,5974.19,1
2023-02-01,2023-02-01 11:41:00,1834.27,1834.38,1834.27,1834.38,0.01,3.26,5974.19,1
2023-02-01,2023-02-01 11:42:00,1834.38,1834.48,1834.38,1834.48,0.01,3.26,5974.19,1
2023-02-01,2023-02-01 11:43:00,1834.48,1834.58,1834.48,1834.58,0.01,3.26,5974.19,1
2023-02-01,2023-02-01 11:44:00,1834.58,1834.69,1834.58,1834.69,0.01,3.26,5974.19,1
2023-02-01,2023-02-01 11:45:00,1834.69,1834.79,1834.69,1834.79,0.01,3.26,5974.19,1
2023-02-01,2023-02-01 11:46:00,1834.79,1834.9,1834.79,1834.9,0.01,3.26,5974.19,1
2023-02-01,2023-02-01 11:47:00,1834.9,1835.0,1834.9,1835.0,0.01,3.26,5974.19,1
2023-02-01,2023-02-01 11:48:00,1835.0,1835.1,1835.0,1835.1,0.01,3.26,5974.19,1
2023-02-01,2023-02-01 11:49:00,1835.1,1835.21,1835.1,1835.21,0.01,3.26,5974.19,1
2023-02-01,2023-02-01 11:50:00,1835.21,1835.31,1835.21,1835.31,0.01,3.26,5974.19,1
2023-02-01,2023-02-01 11:51:00,1835.31,1835.42,1835.31,1835.42,0.01,3.26,5974.19,1
2023-02-01,2023-02-01 11:52:00,1835.42,1835.52,1835.42,1835.52,0.01,3.26,5974.19,1
2023-02-01,2023-02-01 11:53:00,1835.52,1835.62,1835.52,1835.62,0.01,3.26,5974.19,1
2023-02-01,2023-02-01 11:54:00,1835.62,1835.73,1835.62,1835.73,0.01,3.26,5974.19,1
2023-02-01,2023-02-01 11:55:00,1835.73,1835.83,1835.73,1835.83,0.01,3.26,5974.19,1
2023-02-01,2023-02-01 11:56:00,1835.83,1835.94,1835.83,1835.94,0.01,3.26,5974.19,1
2023-02-01,2023-02-01 11:57:00,1835.94,1836.04,1835.94,1836.04,0.01,3.26,5974.19,1
2023-02-01,2023-02-01 11:58:00,1836.04,1836.15,1836.04,1836.15,0.01,3.26,5974.19,1
2023-02-01,2023-02-01 11:59:00,1836.15,1836.25,1836.15,1836.25,0.01,3.26,5974.19,1
2023-02-01,2023-02-01 12:00:00,1836.25,1836.35,1836.25,1836.35,0.01,3.26,5974.19,1
2023-02-01,2023-02-01 12:01:00,1836.35,1836.46,1836.35,1836.46,0.01,3.26,5974.19,1
2023-02-01,2023-02-01 12:02:00,1836.46,1836.56,1836.46,1836.56,0.01,3.26,5974.19,1
2023-02-01,2023-02-01 12:03:00,1836.56,1836.67,1836.56,1836.67,0.01,3.26,5974.19,1
2023-02-01,2023-02-01 12:04:00,1836.67,1836.77,1836.67,1836.77,0.01,3.26,5974.19,1
2023-02-01,2023-02-01 12:05:00,1836.77,1836.88,1836.77,1836.88,0.01,3.26,5974.19,1
2023-02-01,2023-02-01 12:06:00,1836.88,1836.98,1836.88,1836.98,0.01,3.26,5974.19,1
2023-02-01,2023-02-01 12:07:00,1836.98,1837.08,1836.98,1837.08,0.01,3.26,5974.19,1
2023-02-01,2023-02-01 12:08:00,1837.08,1837.19,1837.08,1837.19,0.01,3.26,5974.19,1
2023-02-01,2023-02-01 12:09:00,1837.19,1837.29,1837.19,1837.29,0.01,3.26,5974.19,1
2023-02-01,2023-02-01 12:10:00,1837.29,1837.4,1837.29,1837.4,0.01,3.26,5974.19,1
2023-02-01,2023-02-01 12:11:00,1837.4,1837.5,1837.4,1837.5,0.01,3.26,5974.19,1
2023-02-01,2023-02-01 12:12:00,1837.5,1837.6,1837.5,1837.6,0.01,3.26,5974.19,1
2023-02-01,2023-02-01 12:13:00,1837.6,1837.71,1837.6,1837.71,0.01,3.26,5974.19,1
2023-02-01,2023-02-01 12:14:00,1837.71,1837.81,1837.71,1837.81,0.01,3.26,5974.19,1
2023-02-01,2023-02-01 12:15:00,1837.81,1837.92,1837.81,1837.92,0.01,3.26,5974.19,1
2023-02-01,2023-02-01 12:16:00,1837.92,1838.02,1837.92,1838.02,0.01,3.26,5974.19,1
2023-02-01,2023-02-01 12:17:00,1838.02,1838.12,1838.02,1838.12,0.01,3.26,5974.19,1
2023-02-01,2023-02-01 12:18:00,1838.12,1838.23,1838.12,1838.23,0.01,3.26,5974.19,1
2023-02-01,2023-02-01 12:19:00,1838.23,1838.33,1838.23,1838.33,0.01,3.26,5974.19,1
2023-02-01,2023-02-01 12:20:00,1838.33,1838.44,1838.33,1838.44,0.01,3.26,5974.19,1
2023-02-01,2023-02-01 12:21:00,1838.44,1838.54,1838.44,1838.54,0.01,3.26,5974.19,1
2023-02-01,2023-02-01 12:22:00,1838.54,1838.65,1838.54,1838.65,0.01,3.26,5974.19,1
2023-02-01,2023-02-01 12:23:00,1838.65,1838.75,1838.65,1838.75,0.01,3.26,5974.19,1
2023-02-01,2023-02-01 12:24:00,1838.75,1838.85,1838.75,1838.85,0.01,3.26,5974.19,1
2023-02-01,2023-02-01 12:25:00,1838.85,1838.96,1838.85,1838.96,0.01,3.26,5974.19,1
2023-02-01,2023-02-01 12:26:00,1838.96,1839.06,1838.96,1839.06,0.01,3.26,5974.19,1
2023-02-01,2023-02-01 12:27:00,1839.06,1839.17,1839.06,1839.17,0.01,3.26,5974.19,1
2023-02-01,2023-02-01 12:28:00,1839.17,1839.27,1839.17,1839.27,0.01,3.26,5974.19,1
2023-02-01,2023-02-01 12:29:00,1839.27,1839.38,1839.27,1839.38,0.01,3.26,5974.19,1
2023-02-01,2023-02-01 12:30:00,1839.38,1839.48,1839.38,1839.48,0.01,3.26,5974.19,1
2023-02-01,2023-02-01 12:31:00,1839.48,1839.58,1839.48,1839.58,0.01,3.26,5974.19,1
2023-02-01,2023-02-01 12:32:00,1839.58,1839.69,1839.58,1839.69,0.01,3.26,5974.19,1
2023-02-01,2023-02-01 12:33:00,1839.69,1839.79,1839.69,1839.79,0.01,3.26,5974.19,1
2023-02-01,2023-02-01 12:34:00,1839.79,1839.9,1839.79,1839.9,0.01,3.26,5974.19,1
2023-02-01,2023-02-01 12:35:00,1839.9,1840.0,1839.9,1840.0,0.01,3.26,5974.19,1
2023-02-01,2023-02-01 12:36:00,1840.0,1840.1,1840.0,1840.1,0.01,3.26,5974.19,1
2023-02-01,2023-02-01 12:37:00,1840.1,1840.21,1840.1,1840.21,0.01,3.26,5974.19,1
2023-02-01,2023-02-01 12:38:00,1840.21,1840.31,1840.21,1840.31,0.01,3.26,5974.19,1
2023-02-01,2023-02-01 12:39:00,1840.31,1840.42,1840.31,1840.42,0.01,3.26,5974.19,1
2023-02-01,2023-02-01 12:40:00,1840.42,1840.52,1840.42,1840.52,0.01,3.26,5974.19,1
2023-02-01,2023-02-01 12:41:00,1840.52,1840.62,1840.52,1840.62,0.01,3.26,5974.19,1
2023-02-01,2023-02-01 12:42:00,1840.62,1840.73,1840.62,1840.73,0.01,3.26,5974.19,1
2023-02-01,2023-02-01 12:43:00,1840.73,1840.83,1840.73,1840.83,0.01,3.26,5974.19,1
2023-02-01,2023-02-01 12:44:00,1840.83,1840.94,1840.83,1840.94,0.01,3.26,5974.19,1
2023-02-01,2023-02-01 12:45:00,1840.94,1841.04,1840.94,1841.04,0.01,3.26,5974.19,1
2023-02-01,2023-02-01 12:46:00,1841.04,1841.15,1841.04,1841.15,0.01,3.26,5974.19,1
2023-02-01,2023-02-01 12:47:00,1841.15,1841.25,1841.15,1841.25,0.01,3.26,5974.19,1
2023-02-01,2023-02-01 12:48:00,1841.25,1841.35,1841.25,1841.35,0.01,3.26,5974.19,1
2023-02-01,2023-02-01 12:49:00,1841.35,1841.46,1841.35,1841.46,0.01,3.26,5974.19,1
2023-02-01,2023-02-01 12:50:00,1841.46,1841.56,1841.46,1841.56,0.01,3.26,5974.19,1
2023-02-01,2023-02-01 12:51:00,1841.56,1841.67,1841.56,1841.67,0.01,3.26,5974.19,1
2023-02-01,2023-02-01 12:52:00,1841.67,1841.77,1841.67,1841.77,0.01,3.26,5974.19,1
2023-02-01,2023-02-01 12:53:00,1841.77,1841.88,1841.77,1841.88,0.01,3.26,5974.19,1
2023-02-01,2023-02-01 12:54:00,1841.88,1841.98,1841.88,1841.98,0.01,3.26,5974.19,1
2023-02-01,2023-02-01 12:55:00,1841.98,1842.08,1841.98,1842.08,0.01,3.26,5974.19,1
2023-02-01,2023-02-01 12:56:00,1842.08,1842.19,1842.08,1842.19,0.01,3.26,5974.19,1
2023-02-01,2023-02-01 12:57:00,1842.19,1842.29,1842.19,1842.29,0.01,3.26,5974.19,1
2023-02-01,2023-02-01 12:58:00,1842.29,1842.4,1842.29,1842.4,0.01,3.26,5974.19,1
2023-02-01,2023-02-01 12:59:00,1842.4,1842.5,1842.4,1842.5,0.01,3.26,5974.19,1
2023-02-01,2023-02-01 13:00:00,1842.5,1855.0,1825.3,1842.6,0.01,3.26,5974.19,1
2023-02-01,2023-02-01 13:01:00,1842.6,1842.71,1842.6,1842.71,0.01,3.26,5974.19,1
2023-02-01,2023-02-01 13:02:00,1842.71,1842.81,1842.71,1842.81,0.01,3.26,5974.19,1
2023-02-01,2023-02-01 13:03:00,1842.81,1842.92,1842.81,1842.92,0.01,3.26,5974.19,1
2023-02-01,2023-02-01 13:04:00,1842.92,1843.02,1842.92,1843.02,0.01,3.26,5974.19,1
2023-02-01,2023-02-01 13:05:00,1843.02,1843.12,1843.02,1843.12,0.01,3.26,5974.19,1
2023-02-01,2023-02-01 13:06:00,1843.12,1843.23,1843.12,1843.23,0.01,3.26,5974.19,1
2023-02-01,2023-02-01 13:07:00,1843.23,1843.33,1843.23,1843.33,0.01,3.26,5974.19,1
2023-02-01,2023-02-01 13:08:00,1843.33,1843.44,1843.33,1843.44,0.01,3.26,5974.19,1
2023-02-01,2023-02-01 13:09:00,1843.44,1843.54,1843.44,1843.54,0.01,3.26,5974.19,1
2023-02-01,2023-02-01 13:10:00,1843.54,1843.65,1843.54,1843.65,0.01,3.26,5974.19,1
2023-02-01,2023-02-01 13:11:00,1843.65,1843.75,1843.65,1843.75,0.01,3.26,5974.19,1
2023-02-01,2023-02-01 13:12:00,1843.75,1843.85,1843.75,1843.85,0.01,3.26,5974.19,1
2023-02-01,2023-02-01 13:13:00,1843.85,1843.96,1843.85,1843.96,0.01,3.26,5974.19,1
2023-02-01,2023-02-01 13:14:00,1843.96,1844.06,1843.96,1844.06,0.01,3.26,5974.19,1
2023-02-01,2023-02-01 13:15:00,1844.06,1844.17,1844.06,1844.17,0.01,3.26,5974.19,1
2023-02-01,2023-02-01 13:16:00,1844.17,1844.27,1844.17,1844.27,0.01,3.26,5974.19,1
2023-02-01,2023-02-01 13:17:00,1844.27,1844.38,1844.27,1844.38,0.01,3.26,5974.19,1
2023-02-01,2023-02-01 13:18:00,1844.38,1844.48,1844.38,1844.48,0.01,3.26,5974.19,1
2023-02-01,2023-02-01 13:19:00,1844.48,1844.58,1844.48,1844.58,0.01,3.26,5974.19,1
2023-02-01,2023-02-01 13:20:00,1844.58,1844.69,1844.58,1844.69,0.01,3.26,5974.19,1
2023-02-01,2023-02-01 13:21:00,1844.69,1844.79,1844.69,1844.79,0.01,3.26,5974.19,1
2023-02-01,2023-02-01 13:22:00,1844.79,1844.9,1844.79,1844.9,0.01,3.26,5974.19,1
2023-02-01,2023-02-01 13:23:00,1844.9,1845.0,1844.9,1845.0,0.01,3.26,5974.19,1
2023-02-01,2023-02-01 13:24:00,1845.0,1845.1,1845.0,1845.1,0.01,3.26,5974.19,1
2023-02-01,2023-02-01 13:25:00,1845.1,1845.21,1845.1,1845.21,0.01,3.26,5974.19,1
2023-02-01,2023-02-01 13:26:00,1845.21,1845.31,1845.21,1845.31,0.01,3.26,5974.19,1
2023-02-01,2023-02-01 13:27:00,1845.31,1845.42,1845.31,1845.42,0.01,3.26,5974.19,1
2023-02-01,2023-02-01 13:28:00,1845.42,1845.52,1845.42,1845.52,0.01,3.26,5974.19,1
2023-02-01,2023-02-01 13:29:00,1845.52,1845.62,1845.52,1845.62,0.01,3.26,5974.19,1
2023-02-01,2023-02-01 13:30:00,1845.62,1845.73,1845.62,1845.73,0.01,3.26,5974.19,1
2023-02-01,2023-02-01 13:31:00,1845.73,1845.83,1845.73,1845.83,0.01,3.26,5974.19,1
2023-02-01,2023-02-01 13:32:00,1845.83,1845.94,1845.83,1845.94,0.01,3.26,5974.19,1
2023-02-01,2023-02-01 13:33:00,1845.94,1846.04,1845.94,1846.04,0.01,3.26,5974.19,1
2023-02-01,2023-02-01 13:34:00,1846.04,1846.15,1846.04,1846.15,0.01,3.26,5974.19,1
2023-02-01,2023-02-01 13:35:00,1846.15,1846.25,1846.15,1846.25,0.01,3.26,5974.19,1
2023-02-01,2023-02-01 13:36:00,1846.25,1846.35,1846.25,1846.35,0.01,3.26,5974.19,1
2023-02-01,2023-02-01 13:37:00,1846.35,1846.46,1846.35,1846.46,0.01,3.26,5974.19,1
2023-02-01,2023-02-01 13:38:00,1846.46,1846.56,1846.46,1846.56,0.01,3.26,5974.19,1
2023-02-01,2023-02-01 13:39:00,1846.56,1846.67,1846.56,1846.67,0.01,3.26,5974.19,1
2023-02-01,2023-02-01 13:40:00,1846.67,1846.77,1846.67,1846.77,0.01,3.26,5974.19,1
2023-02-01,2023-02-01 13:41:00,1846.77,1846.88,1846.77,1846.88,0.01,3.26,5974.19,1
2023-02-01,2023-02-01 13:42:00,1846.88,1846.98,1846.88,1846.98,0.01,3.26,5974.19,1
2023-02-01,2023-02-01 13:43:00,1846.98,1847.08,1846.98,1847.08,0.01,3.26,5974.19,1
2023-02-01,2023-02-01 13:44:00,1847.08,1847.19,1847.08,1847.19,0.01,3.26,5974.19,1
2023-02-01,2023-02-01 13:45:00,1847.19,1847.29,1847.19,1847.29,0.01,3.26,5974.19,1
2023-02-01,2023-02-01 13:46:00,1847.29,1847.4,1847.29,1847.4,0.01,3.26,5974.19,1
2023-02-01,2023-02-01 13:47:00,1847.4,1847.5,1847.4,1847.5,0.01,3.26,5974.19,1
2023-02-01,2023-02-01 13:48:00,1847.5,1847.6,1847.5,1847.6,0.01,3.26,5974.19,1
2023-02-01,2023-02-01 13:49:00,1847.6,1847.71,1847.6,1847.71,0.01,3.26,5974.19,1
2023-02-01,2023-02-01 13:50:00,1847.71,1847.81,1847.71,1847.81,0.01,3.26,5974.19,1
2023-02-01,2023-02-01 13:51:00,1847.81,1847.92,1847.81,1847.92,0.01,3.26,5974.19,1
2023-02-01,2023-02-01 13:52:00,1847.92,1848.02,1847.92,1848.02,0.01,3.26,5974.19,1
2023-02-01,2023-02-01 13:53:00,1848.02,1848.12,1848.02,1848.12,0.01,3.26,5974.19,1
2023-02-01,2023-02-01 13:54:00,1848.12,1848.23,1848.12,1848.23,0.01,3.26,5974.19,1
2023-02-01,2023-02-01 13:55:00,1848.23,1848.33,1848.23,1848.33,0.01,3.26,5974.19,1
2023-02-01,2023-02-01 13:56:00,1848.33,1848.44,1848.33,1848.44,0.01,3.26,5974.19,1
2023-02-01,2023-02-01 13:57:00,1848.44,1848.54,1848.44,1848.54,0.01,3.26,5974.19,1
2023-02-01,2023-02-01 13:58:00,1848.54,1848.65,1848.54,1848.65,0.01,3.26,5974.19,1
2023-02-01,2023-02-01 13:59:00,1848.65,1848.75,1848.65,1848.75,0.01,3.26,5974.19,1
2023-02-01,2023-02-01 14:00:00,1848.75,1848.85,1848.75,1848.85,0.01,3.26,5974.19,1
2023-02-01,2023-02-01 14:01:00,1848.85,1848.96,1848.85,1848.96,0.01,3.26,5974.19,1
2023-02-01,2023-02-01 14:02:00,1848.96,1849.06,1848.96,1849.06,0.01,3.26,5974.19,1
2023-02-01,2023-02-01 14:03:00,1849.06,1849.17,1849.06,1849.17,0.01,3.26,5974.19,1
2023-02-01,2023-02-01 14:04:00,1849.17,1849.27,1849.17,1849.27,0.01,3.26,5974.19,1
2023-02-01,2023-02-01 14:05:00,1849.27,1849.38,1849.27,1849.38,0.01,3.26,5974.19,1
2023-02-01,2023-02-01 14:06:00,1849.38,1849.48,1849.38,1849.48,0.01,3.26,5974.19,1
2023-02-01,2023-02-01 14:07:00,1849.48,1849.58,1849.48,1849.58,0.01,3.26,5974.19,1
2023-02-01,2023-02-01 14:08:00,1849.58,1849.69,1849.58,1849.69,0.01,3.26,5974.19,1
2023-02-01,2023-02-01 14:09:00,1849.69,1849.79,1849.69,1849.79,0.01,3.26,5974.19,1
2023-02-01,2023-02-01 14:10:00,1849.79,1849.9,1849.79,1849.9,0.01,3.26,5974.19,1
2023-02-01,2023-02-01 14:11:00,1849.9,1850.0,1849.9,1850.0,0.01,3.26,5974.19,1
2023-02-01,2023-02-01 14:12:00,1850.0,1850.1,1850.0,1850.1,0.01,3.26,5974.19,1
2023-02-01,2023-02-01 14:13:00,1850.1,1850.21,1850.1,1850.21,0.01,3.26,5974.19,1
2023-02-01,2023-02-01 14:14:00,1850.21,1850.31,1850.21,1850.31,0.01,3.26,5974.19,1
2023-02-01,2023-02-01 14:15:00,1850.31,1850.42,1850.31,1850.42,0.01,3.26,5974.19,1
2023-02-01,2023-02-01 14:16:00,1850.42,1850.52,1850.42,1850.52,0.01,3.26,5974.19,1
2023-02-01,2023-02-01 14:17:00,1850.52,1850.62,1850.52,1850.62,0.01,3.26,5974.19,1
2023-02-01,2023-02-01 14:18:00,1850.62,1850.73,1850.62,1850.73,0.01,3.26,5974.19,1
2023-02-01,2023-02-01 14:19:00,1850.73,1850.83,1850.73,1850.83,0.01,3.26,5974.19,1
2023-02-01,2023-02-01 14:20:00,1850.83,1850.94,1850.83,1850.94,0.01,3.26,5974.19,1
2023-02-01,2023-02-01 14:21:00,1850.94,1851.04,1850.94,1851.04,0.01,3.26,5974.19,1
2023-02-01,2023-02-01 14:22:00,1851.04,1851.15,1851.04,1851.15,0.01,3.26,5974.19,1
2023-02-01,2023-02-01 14:23:00,1851.15,1851.25,1851.15,1851.25,0.01,3.26,5974.19,1
2023-02-01,2023-02-01 14:24:00,1851.25,1851.35,1851.25,1851.35,0.01,3.26,5974.19,1
2023-02-01,2023-02-01 14:25:00,1851.35,1851.46,1851.35,1851.46,0.01,3.26,5974.19,1
2023-02-01,2023-02-01 14:26:00,1851.46,1851.56,1851.46,1851.56,0.01,3.26,5974.19,1
2023-02-01,2023-02-01 14:27:00,1851.56,1851.67,1851.56,1851.67,0.01,3.26,5974.19,1
2023-02-01,2023-02-01 14:28:00,1851.67,1851.77,1851.67,1851.77,0.01,3.26,5974.19,1
2023-02-01,2023-02-01 14:29:00,1851.77,1851.88,1851.77,1851.88,0.01,3.26,5974.19,1
2023-02-01,2023-02-01 14:30:00,1851.88,1851.98,1851.88,1851.98,0.01,3.26,5974.19,1
2023-02-01,2023-02-01 14:31:00,1851.98,1852.08,1851.98,1852.08,0.01,3.26,5974.19,1
2023-02-01,2023-02-01 14:32:00,1852.08,1852.19,1852.08,1852.19,0.01,3.26,5974.19,1
2023-02-01,2023-02-01 14:33:00,1852.19,1852.29,1852.19,1852.29,0.01,3.26,5974.19,1
2023-02-01,2023-02-01 14:34:00,1852.29,1852.4,1852.29,1852.4,0.01,3.26,5974.19,1
2023-02-01,2023-02-01 14:35:00,1852.4,1852.5,1852.4,1852.5,0.01,3.26,5974.19,1
2023-02-01,2023-02-01 14:36:00,1852.5,1852.6,1852.5,1852.6,0.01,3.26,5974.19,1
2023-02-01,2023-02-01 14:37:00,1852.6,1852.71,1852.6,1852.71,0.01,3.26,5974.19,1
2023-02-01,2023-02-01 14:38:00,1852.71,1852.81,1852.71,1852.81,0.01,3.26,5974.19,1
2023-02-01,2023-02-01 14:39:00,1852.81,1852.92,1852.81,1852.92,0.01,3.26,5974.19,1
2023-02-01,2023-02-01 14:40:00,1852.92,1853.02,1852.92,1853.02,0.01,3.26,5974.19,1
2023-02-01,2023-02-01 14:41:00,1853.02,1853.12,1853.02,1853.12,0.01,3.26,5974.19,1
2023-02-01,2023-02-01 14:42:00,1853.12,1853.23,1853.12,1853.23,0.01,3.26,5974.19,1
2023-02-01,2023-02-01 14:43:00,1853.23,1853.33,1853.23,1853.33,0.01,3.26,5974.19,1
2023-02-01,2023-02-01 14:44:00,1853.33,1853.44,1853.33,1853.44,0.01,3.26,5974.19,1
2023-02-01,2023-02-01 14:45:00,1853.44,1853.54,1853.44,1853.54,0.01,3.26,5974.19,1
2023-02-01,2023-02-01 14:46:00,1853.54,1853.65,1853.54,1853.65,0.01,3.26,5974.19,1
2023-02-01,2023-02-01 14:47:00,1853.65,1853.75,1853.65,1853.75,0.01,3.26,5974.19,1
2023-02-01,2023-02-01 14:48:00,1853.75,1853.85,1853.75,1853.85,0.01,3.26,5974.19,1
2023-02-01,2023-02-01 14:49:00,1853.85,1853.96,1853.85,1853.96,0.01,3.26,5974.19,1
2023-02-01,2023-02-01 14:50:00,1853.96,1854.06,1853.96,1854.06,0.01,3.26,5974.19,1
2023-02-01,2023-02-01 14:51:00,1854.06,1854.17,1854.06,1854.17,0.01,3.26,5974.19,1
2023-02-01,2023-02-01 14:52:00,1854.17,1854.27,1854.17,1854.27,0.01,3.26,5974.19,1
2023-02-01,2023-02-01 14:53:00,1854.27,1854.38,1854.27,1854.38,0.01,3.26,5974.19,1
2023-02-01,2023-02-01 14:54:00,1854.38,1854.48,1854.38,1854.48,0.01,3.26,5974.19,1
2023-02-01,2023-02-01 14:55:00,1854.48,1854.58,1854.48,1854.58,0.01,3.26,5974.19,1
2023-02-01,2023-02-01 14:56:00,1854.58,1854.69,1854.58,1854.69,0.01,3.26,5974.19,1
2023-02-01,2023-02-01 14:57:00,1854.69,1854.79,1854.69,1854.79,0.01,3.26,5974.19,1
2023-02-01,2023-02-01 14:58:00,1854.79,1854.9,1854.79,1854.9,0.01,3.26,5974.19,1
2023-02-01,2023-02-01 14:59:00,1854.9,1855.0,1854.9,1855.0,0.01,3.26,5974.19,1
2023-02-01,2023-02-01 15:00:00,1855.0,1855.0,1825.3,1855.0,0.0,3.26,5974.19,0
2023-02-02,2023-02-02 11:00:00,1818.0,1830.0,1813.56,1817.94,-0.0,5.56,10181.71,-1
2023-02-02,2023-02-02 11:01:00,1817.94,1817.94,1817.88,1817.88,-0.0,5.56,10181.71,-1
2023-02-02,2023-02-02 11:02:00,1817.88,1817.88,1817.83,1817.83,-0.0,5.56,10181.71,-1
2023-02-02,2023-02-02 11:03:00,1817.83,1817.83,1817.77,1817.77,-0.0,5.56,10181.71,-1
2023-02-02,2023-02-02 11:04:00,1817.77,1817.77,1817.71,1817.71,-0.0,5.56,10181.71,-1
2023-02-02,2023-02-02 11:05:00,1817.71,1817.71,1817.65,1817.65,-0.0,5.56,10181.71,-1
2023-02-02,2023-02-02 11:06:00,1817.65,1817.65,1817.59,1817.59,-0.0,5.56,10181.71,-1
2023-02-02,2023-02-02 11:07:00,1817.59,1817.59,1817.53,1817.53,-0.0,5.56,10181.71,-1
2023-02-02,2023-02-02 11:08:00,1817.53,1817.53,1817.47,1817.47,-0.0,5.56,10181.71,-1
2023-02-02,2023-02-02 11:09:00,1817.47,1817.47,1817.42,1817.42,-0.0,5.56,10181.71,-1
2023-02-02,2023-02-02 11:10:00,1817.42,1817.42,1817.36,1817.36,-0.0,5.56,10181.71,-1
2023-02-02,2023-02-02 11:11:00,1817.36,1817.36,1817.3,1817.3,-0.0,5.56,10181.71,-1
2023-02-02,2023-02-02 11:12:00,1817.3,1817.3,1817.24,1817.24,-0.0,5.56,10181.71,-1
2023-02-02,2023-02-02 11:13:00,1817.24,1817.24,1817.18,1817.18,-0.0,5.56,10181.71,-1
2023-02-02,2023-02-02 11:14:00,1817.18,1817.18,1817.12,1817.12,-0.0,5.56,10181.71,-1
2023-02-02,2023-02-02 11:15:00,1817.12,1817.12,1817.07,1817.07,-0.0,5.56,10181.71,-1
2023-02-02,2023-02-02 11:16:00,1817.07,1817.07,1817.01,1817.01,-0.0,5.56,10181.71,-1
2023-02-02,2023-02-02 11:17:00,1817.01,1817.01,1816.95,1816.95,-0.0,5.56,10181.71,-1
2023-02-02,2023-02-02 11:18:00,1816.95,1816.95,1816.89,1816.89,-0.0,5.56,10181.71,-1
2023-02-02,2023-02-02 11:19:00,1816.89,1816.89,1816.83,1816.83,-0.0,5.56,10181.71,-1
2023-02-02,2023-02-02 11:20:00,1816.83,1816.83,1816.78,1816.78,-0.0,5.56,10181.71,-1
2023-02-02,2023-02-02 11:21:00,1816.78,1816.78,1816.72,1816.72,-0.0,5.56,10181.71,-1
2023-02-02,2023-02-02 11:22:00,1816.72,1816.72,1816.66,1816.66,-0.0,5.56,10181.71,-1
2023-02-02,2023-02-02 11:23:00,1816.66,1816.66,1816.6,1816.6,-0.0,5.56,10181.71,-1
2023-02-02,2023-02-02 11:24:00,1816.6,1816.6,1816.54,1816.54,-0.0,5.56,10181.71,-1
2023-02-02,2023-02-02 11:25:00,1816.54,1816.54,1816.48,1816.48,-0.0,5.56,10181.71,-1
2023-02-02,2023-02-02 11:26:00,1816.48,1816.48,1816.42,1816.42,-0.0,5.56,10181.71,-1
2023-02-02,2023-02-02 11:27:00,1816.42,1816.42,1816.37,1816.37,-0.0,5.56,10181.71,-1
2023-02-02,2023-02-02 11:28:00,1816.37,1816.37,1816.31,1816.31,-0.0,5.56,10181.71,-1
2023-02-02,2023-02-02 11:29:00,1816.31,1816.31,1816.25,1816.25,-0.0,5.56,10181.71,-1
2023-02-02,2023-02-02 11:30:00,1816.25,1816.25,1816.19,1816.19,-0.0,5.56,10181.71,-1
2023-02-02,2023-02-02 11:31:00,1816.19,1816.19,1816.13,1816.13,-0.0,5.56,10181.71,-1
2023-02-02,2023-02-02 11:32:00,1816.13,1816.13,1816.08,1816.08,-0.0,5.56,10181.71,-1
2023-02-02,2023-02-02 11:33:00,1816.08,1816.08,1816.02,1816.02,-0.0,5.56,10181.71,-1
2023-02-02,2023-02-02 11:34:00,1816.02,1816.02,1815.96,1815.96,-0.0,5.56,10181.71,-1
2023-02-02,2023-02-02 11:35:00,1815.96,1815.96,1815.9,1815.9,-0.0,5.56,10181.71,-1
2023-02-02,2023-02-02 11:36:00,1815.9,1815.9,1815.84,1815.84,-0.0,5.56,10181.71,-1
2023-02-02,2023-02-02 11:37:00,1815.84,1815.84,1815.78,1815.78,-0.0,5.56,10181.71,-1
2023-02-02,2023-02-02 11:38:00,1815.78,1815.78,1815.72,1815.72,-0.0,5.56,10181.71,-1
2023-02-02,2023-02-02 11:39:00,1815.72,1815.72,1815.67,1815.67,-0.0,5.56,10181.71,-1
2023-02-02,2023-02-02 11:40:00,1815.67,1815.67,1815.61,1815.61,-0.0,5.56,10181.71,-1
2023-02-02,2023-02-02 11:41:00,1815.61,1815.61,1815.55,1815.55,-0.0,5.56,10181.71,-1
2023-02-02,2023-02-02 11:42:00,1815.55,1815.55,1815.49,1815.49,-0.0,5.56,10181.71,-1
2023-02-02,2023-02-02 11:43:00,1815.49,1815.49,1815.43,1815.43,-0.0,5.56,10181.71,-1
2023-02-02,2023-02-02 11:44:00,1815.43,1815.43,1815.38,1815.38,-0.0,5.56,10181.71,-1
2023-02-02,2023-02-02 11:45:00,1815.38,1815.38,1815.32,1815.32,-0.0,5.56,10181.71,-1
2023-02-02,2023-02-02 11:46:00,1815.32,1815.32,1815.26,1815.26,-0.0,5.56,10181.71,-1
2023-02-02,2023-02-02 11:47:00,1815.26,1815.26,1815.2,1815.2,-0.0,5.56,10181.71,-1
2023-02-02,2023-02-02 11:48:00,1815.2,1815.2,1815.14,1815.14,-0.0,5.56,10181.71,-1
2023-02-02,2023-02-02 11:49:00,1815.14,1815.14,1815.08,1815.08,-0.0,5.56,10181.71,-1
2023-02-02,2023-02-02 11:50:00,1815.08,1815.08,1815.03,1815.03,-0.0,5.56,10181.71,-1
2023-02-02,2023-02-02 11:51:00,1815.03,1815.03,1814.97,1814.97,-0.0,5.56,10181.71,-1
2023-02-02,2023-02-02 11:52:00,1814.97,1814.97,1814.91,1814.91,-0.0,5.56,10181.71,-1
2023-02-02,2023-02-02 11:53:00,1814.91,1814.91,1814.85,1814.85,-0.0,5.56,10181.71,-1
2023-02-02,2023-02-02 11:54:00,1814.85,1814.85,1814.79,1814.79,-0.0,5.56,10181.71,-1
2023-02-02,2023-02-02 11:55:00,1814.79,1814.79,1814.73,1814.73,-0.0,5.56,10181.71,-1
2023-02-02,2023-02-02 11:56:00,1814.73,1814.73,1814.67,1814.67,-0.0,5.56,10181.71,-1
2023-02-02,2023-02-02 11:57:00,1814.67,1814.67,1814.62,1814.62,-0.0,5.56,10181.71,-1
2023-02-02,2023-02-02 11:58:00,1814.62,1814.62,1814.56,1814.56,-0.0,5.56,10181.71,-1
2023-02-02,2023-02-02 11:59:00,1814.56,1814.56,1814.5,1814.5,-0.0,5.56,10181.71,-1
2023-02-02,2023-02-02 12:00:00,1814.5,1814.5,1814.44,1814.44,-0.0,5.56,10181.71,-1
2023-02-02,2023-02-02 12:01:00,1814.44,1814.44,1814.38,1814.38,-0.0,5.56,10181.71,-1
2023-02-02,2023-02-02 12:02:00,1814.38,1814.38,1814.33,1814.33,-0.0,5.56,10181.71,-1
2023-02-02,2023-02-02 12:03:00,1814.33,1814.33,1814.27,1814.27,-0.0,5.56,10181.71,-1
2023-02-02,2023-02-02 12:04:00,1814.27,1814.27,1814.21,1814.21,-0.0,5.56,10181.71,-1
2023-02-02,2023-02-02 12:05:00,1814.21,1814.21,1814.15,1814.15,-0.0,5.56,10181.71,-1
2023-02-02,2023-02-02 12:06:00,1814.15,1814.15,1814.09,1814.09,-0.0,5.56,10181.71,-1
2023-02-02,2023-02-02 12:07:00,1814.09,1814.09,1814.03,1814.03,-0.0,5.56,10181.71,-1
2023-02-02,2023-02-02 12:08:00,1814.03,1814.03,1813.97,1813.97,-0.0,5.56,10181.71,-1
2023-02-02,2023-02-02 12:09:00,1813.97,1813.97,1813.92,1813.92,-0.0,5.56,10181.71,-1
2023-02-02,2023-02-02 12:10:00,1813.92,1813.92,1813.86,1813.86,-0.0,5.56,10181.71,-1
2023-02-02,2023-02-02 12:11:00,1813.86,1813.86,1813.8,1813.8,-0.0,5.56,10181.71,-1
2023-02-02,2023-02-02 12:12:00,1813.8,1813.8,1813.74,1813.74,-0.0,5.56,10181.71,-1
2023-02-02,2023-02-02 12:13:00,1813.74,1813.74,1813.68,1813.68,-0.0,5.56,10181.71,-1
2023-02-02,2023-02-02 12:14:00,1813.68,1813.68,1813.62,1813.62,-0.0,5.56,10181.71,-1
2023-02-02,2023-02-02 12:15:00,1813.62,1813.62,1813.57,1813.57,-0.0,5.56,10181.71,-1
2023-02-02,2023-02-02 12:16:00,1813.57,1813.57,1813.51,1813.51,-0.0,5.56,10181.71,-1
2023-02-02,2023-02-02 12:17:00,1813.51,1813.51,1813.45,1813.45,-0.0,5.56,10181.71,-1
2023-02-02,2023-02-02 12:18:00,1813.45,1813.45,1813.39,1813.39,-0.0,5.56,10181.71,-1
2023-02-02,2023-02-02 12:19:00,1813.39,1813.39,1813.33,1813.33,-0.0,5.56,10181.71,-1
2023-02-02,2023-02-02 12:20:00,1813.33,1813.33,1813.28,1813.28,-0.0,5.56,10181.71,-1
2023-02-02,2023-02-02 12:21:00,1813.28,1813.28,1813.22,1813.22,-0.0,5.56,10181.71,-1
2023-02-02,2023-02-02 12:22:00,1813.22,1813.22,1813.16,1813.16,-0.0,5.56,10181.71,-1
2023-02-02,2023-02-02 12:23:00,1813.16,1813.16,1813.1,1813.1,-0.0,5.56,10181.71,-1
2023-02-02,2023-02-02 12:24:00,1813.1,1813.1,1813.04,1813.04,-0.0,5.56,10181.71,-1
2023-02-02,2023-02-02 12:25:00,1813.04,1813.04,1812.98,1812.98,-0.0,5.56,10181.71,-1
2023-02-02,2023-02-02 12:26:00,1812.98,1812.98,1812.92,1812.92,-0.0,5.56,10181.71,-1
2023-02-02,2023-02-02 12:27:00,1812.92,1812.92,1812.87,1812.87,-0.0,5.56,10181.71,-1
2023-02-02,2023-02-02 12:28:00,1812.87,1812.87,1812.81,1812.81,-0.0,5.56,10181.71,-1
2023-02-02,2023-02-02 12:29:00,1812.81,1812.81,1812.75,1812.75,-0.0,5.56,10181.71,-1
2023-02-02,2023-02-02 12:30:00,1812.75,1812.75,1812.69,1812.69,-0.0,5.56,10181.71,-1
2023-02-02,2023-02-02 12:31:00,1812.69,1812.69,1812.63,1812.63,-0.0,5.56,10181.71,-1
2023-02-02,2023-02-02 12:32:00,1812.63,1812.63,1812.58,1812.58,-0.0,5.56,10181.71,-1
2023-02-02,2023-02-02 12:33:00,1812.58,1812.58,1812.52,1812.52,-0.0,5.56,10181.71,-1
2023-02-02,2023-02-02 12:34:00,1812.52,1812.52,1812.46,1812.46,-0.0,5.56,10181.71,-1
2023-02-02,2023-02-02 12:35:00,1812.46,1812.46,1812.4,1812.4,-0.0,5.56,10181.71,-1
2023-02-02,2023-02-02 12:36:00,1812.4,1812.4,1812.34,1812.34,-0.0,5.56,10181.71,-1
2023-02-02,2023-02-02 12:37:00,1812.34,1812.34,1812.28,1812.28,-0.0,5.56,10181.71,-1
2023-02-02,2023-02-02 12:38:00,1812.28,1812.28,1812.22,1812.22,-0.0,5.56,10181.71,-1
2023-02-02,2023-02-02 12:39:00,1812.22,1812.22,1812.17,1812.17,-0.0,5.56,10181.71,-1
2023-02-02,2023-02-02 12:40:00,1812.17,1812.17,1812.11,1812.11,-0.0,5.56,10181.71,-1
2023-02-02,2023-02-02 12:41:00,1812.11,1812.11,1812.05,1812.05,-0.0,5.56,10181.71,-1
2023-02-02,2023-02-02 12:42:00,1812.05,1812.05,1811.99,1811.99,-0.0,5.56,10181.71,-1
2023-02-02,2023-02-02 12:43:00,1811.99,1811.99,1811.93,1811.93,-0.0,5.56,10181.71,-1
2023-02-02,2023-02-02 12:44:00,1811.93,1811.93,1811.88,1811.88,-0.0,5.56,10181.71,-1
2023-02-02,2023-02-02 12:45:00,1811.88,1811.88,1811.82,1811.82,-0.0,5.56,10181.71,-1
2023-02-02,2023-02-02 12:46:00,1811.82,1811.82,1811.76,1811.76,-0.0,5.56,10181.71,-1
2023-02-02,2023-02-02 12:47:00,1811.76,1811.76,1811.7,1811.7,-0.0,5.56,10181.71,-1
2023-02-02,2023-02-02 12:48:00,1811.7,1811.7,1811.64,1811.64,-0.0,5.56,10181.71,-1
2023-02-02,2023-02-02 12:49:00,1811.64,1811.64,1811.58,1811.58,-0.0,5.56,10181.71,-1
2023-02-02,2023-02-02 12:50:00,1811.58,1811.58,1811.53,1811.53,-0.0,5.56,10181.71,-1
2023-02-02,2023-02-02 12:51:00,1811.53,1811.53,1811.47,1811.47,-0.0,5.56,10181.71,-1
2023-02-02,2023-02-02 12:52:00,1811.47,1811.47,1811.41,1811.41,-0.0,5.56,10181.71,-1
2023-02-02,2023-02-02 12:53:00,1811.41,1811.41,1811.35,1811.35,-0.0,5.56,10181.71,-1
2023-02-02,2023-02-02 12:54:00,1811.35,1811.35,1811.29,1811.29,-0.0,5.56,10181.71,-1
2023-02-02,2023-02-02 12:55:00,1811.29,1811.29,1811.23,1811.23,-0.0,5.56,10181.71,-1
2023-02-02,2023-02-02 12:56:00,1811.23,1811.23,1811.17,1811.17,-0.0,5.56,10181.71,-1
2023-02-02,2023-02-02 12:57:00,1811.17,1811.17,1811.12,1811.12,-0.0,5.56,10181.71,-1
2023-02-02,2023-02-02 12:58:00,1811.12,1811.12,1811.06,1811.06,-0.0,5.56,10181.71,-1
2023-02-02,2023-02-02 12:59:00,1811.06,1811.06,1811.0,1811.0,-0.0,5.56,10181.71,-1
2023-02-02,2023-02-02 13:00:00,1811.0,1858.0,1803.2,1810.94,-0.0,5.56,10181.71,-1
2023-02-02,2023-02-02 13:01:00,1810.94,1810.94,1810.88,1810.88,-0.0,5.56,10181.71,-1
2023-02-02,2023-02-02 13:02:00,1810.88,1810.88,1810.83,1810.83,-0.0,5.56,10181.71,-1
2023-02-02,2023-02-02 13:03:00,1810.83,1810.83,1810.77,1810.77,-0.0,5.56,10181.71,-1
2023-02-02,2023-02-02 13:04:00,1810.77,1810.77,1810.71,1810.71,-0.0,5.56,10181.71,-1
2023-02-02,2023-02-02 13:05:00,1810.71,1810.71,1810.65,1810.65,-0.0,5.56,10181.71,-1
2023-02-02,2023-02-02 13:06:00,1810.65,1810.65,1810.59,1810.59,-0.0,5.56,10181.71,-1
2023-02-02,2023-02-02 13:07:00,1810.59,1810.59,1810.53,1810.53,-0.0,5.56,10181.71,-1
2023-02-02,2023-02-02 13:08:00,1810.53,1810.53,1810.47,1810.47,-0.0,5.56,10181.71,-1
2023-02-02,2023-02-02 13:09:00,1810.47,1810.47,1810.42,1810.42,-0.0,5.56,10181.71,-1
2023-02-02,2023-02-02 13:10:00,1810.42,1810.42,1810.36,1810.36,-0.0,5.56,10181.71,-1
2023-02-02,2023-02-02 13:11:00,1810.36,1810.36,1810.3,1810.3,-0.0,5.56,10181.71,-1
2023-02-02,2023-02-02 13:12:00,1810.3,1810.3,1810.24,1810.24,-0.0,5.56,10181.71,-1
2023-02-02,2023-02-02 13:13:00,1810.24,1810.24,1810.18,1810.18,-0.0,5.56,10181.71,-1
2023-02-02,2023-02-02 13:14:00,1810.18,1810.18,1810.12,1810.12,-0.0,5.56,10181.71,-1
2023-02-02,2023-02-02 13:15:00,1810.12,1810.12,1810.07,1810.07,-0.0,5.56,10181.71,-1
2023-02-02,2023-02-02 13:16:00,1810.07,1810.07,1810.01,1810.01,-0.0,5.56,10181.71,-1
2023-02-02,2023-02-02 13:17:00,1810.01,1810.01,1809.95,1809.95,-0.0,5.56,10181.71,-1
2023-02-02,2023-02-02 13:18:00,1809.95,1809.95,1809.89,1809.89,-0.0,5.56,10181.71,-1
2023-02-02,2023-02-02 13:19:00,1809.89,1809.89,1809.83,1809.83,-0.0,5.56,10181.71,-1
2023-02-02,2023-02-02 13:20:00,1809.83,1809.83,1809.78,1809.78,-0.0,5.56,10181.71,-1
2023-02-02,2023-02-02 13:21:00,1809.78,1809.78,1809.72,1809.72,-0.0,5.56,10181.71,-1
2023-02-02,2023-02-02 13:22:00,1809.72,1809.72,1809.66,1809.66,-0.0,5.56,10181.71,-1
2023-02-02,2023-02-02 13:23:00,1809.66,1809.66,1809.6,1809.6,-0.0,5.56,10181.71,-1
2023-02-02,2023-02-02 13:24:00,1809.6,1809.6,1809.54,1809.54,-0.0,5.56,10181.71,-1
2023-02-02,2023-02-02 13:25:00,1809.54,1809.54,1809.48,1809.48,-0.0,5.56,10181.71,-1
2023-02-02,2023-02-02 13:26:00,1809.48,1809.48,1809.42,1809.42,-0.0,5.56,10181.71,-1
2023-02-02,2023-02-02 13:27:00,1809.42,1809.42,1809.37,1809.37,-0.0,5.56,10181.71,-1
2023-02-02,2023-02-02 13:28:00,1809.37,1809.37,1809.31,1809.31,-0.0,5.56,10181.71,-1
2023-02-02,2023-02-02 13:29:00,1809.31,1809.31,1809.25,1809.25,-0.0,5.56,10181.71,-1
2023-02-02,2023-02-02 13:30:00,1809.25,1809.25,1809.19,1809.19,-0.0,5.56,10181.71,-1
2023-02-02,2023-02-02 13:31:00,1809.19,1809.19,1809.13,1809.13,-0.0,5.56,10181.71,-1
2023-02-02,2023-02-02 13:32:00,1809.13,1809.13,1809.08,1809.08,-0.0,5.56,10181.71,-1
2023-02-02,2023-02-02 13:33:00,1809.08,1809.08,1809.02,1809.02,-0.0,5.56,10181.71,-1
2023-02-02,2023-02-02 13:34:00,1809.02,1809.02,1808.96,1808.96,-0.0,5.56,10181.71,-1
2023-02-02,2023-02-02 13:35:00,1808.96,1808.96,1808.9,1808.9,-0.0,5.56,10181.71,-1
2023-02-02,2023-02-02 13:36:00,1808.9,1808.9,1808.84,1808.84,-0.0,5.56,10181.71,-1
2023-02-02,2023-02-02 13:37:00,1808.84,1808.84,1808.78,1808.78,-0.0,5.56,10181.71,-1
2023-02-02,2023-02-02 13:38:00,1808.78,1808.78,1808.72,1808.72,-0.0,5.56,10181.71,-1
2023-02-02,2023-02-02 13:39:00,1808.72,1808.72,1808.67,1808.67,-0.0,5.56,10181.71,-1
2023-02-02,2023-02-02 13:40:00,1808.67,1808.67,1808.61,1808.61,-0.0,5.56,10181.71,-1
2023-02-02,2023-02-02 13:41:00,1808.61,1808.61,1808.55,1808.55,-0.0,5.56,10181.71,-1
2023-02-02,2023-02-02 13:42:00,1808.55,1808.55,1808.49,1808.49,-0.0,5.56,10181.71,-1
2023-02-02,2023-02-02 13:43:00,1808.49,1808.49,1808.43,1808.43,-0.0,5.56,10181.71,-1
2023-02-02,2023-02-02 13:44:00,1808.43,1808.43,1808.38,1808.38,-0.0,5.56,10181.71,-1
2023-02-02,2023-02-02 13:45:00,1808.38,1808.38,1808.32,1808.32,-0.0,5.56,10181.71,-1
2023-02-02,2023-02-02 13:46:00,1808.32,1808.32,1808.26,1808.26,-0.0,5.56,10181.71,-1
2023-02-02,2023-02-02 13:47:00,1808.26,1808.26,1808.2,1808.2,-0.0,5.56,10181.71,-1
2023-02-02,2023-02-02 13:48:00,1808.2,1808.2,1808.14,1808.14,-0.0,5.56,10181.71,-1
2023-02-02,2023-02-02 13:49:00,1808.14,1808.14,1808.08,1808.08,-0.0,5.56,10181.71,-1
2023-02-02,2023-02-02 13:50:00,1808.08,1808.08,1808.03,1808.03,-0.0,5.56,10181.71,-1
2023-02-02,2023-02-02 13:51:00,1808.03,1808.03,1807.97,1807.97,-0.0,5.56,10181.71,-1
2023-02-02,2023-02-02 13:52:00,1807.97,1807.97,1807.91,1807.91,-0.0,5.56,10181.71,-1
2023-02-02,2023-02-02 13:53:00,1807.91,1807.91,1807.85,1807.85,-0.0,5.56,10181.71,-1
2023-02-02,2023-02-02 13:54:00,1807.85,1807.85,1807.79,1807.79,-0.0,5.56,10181.71,-1
2023-02-02,2023-02-02 13:55:00,1807.79,1807.79,1807.73,1807.73,-0.0,5.56,10181.71,-1
2023-02-02,2023-02-02 13:56:00,1807.73,1807.73,1807.67,1807.67,-0.0,5.56,10181.71,-1
2023-02-02,2023-02-02 13:57:00,1807.67,1807.67,1807.62,1807.62,-0.0,5.56,10181.71,-1
2023-02-02,2023-02-02 13:58:00,1807.62,1807.62,1807.56,1807.56,-0.0,5.56,10181.71,-1
2023-02-02,2023-02-02 13:59:00,1807.56,1807.56,1807.5,1807.5,-0.0,5.56,10181.71,-1
2023-02-02,2023-02-02 14:00:00,1807.5,1807.5,1807.44,1807.44,-0.0,5.56,10181.71,-1
2023-02-02,2023-02-02 14:01:00,1807.44,1807.44,1807.38,1807.38,-0.0,5.56,10181.71,-1
2023-02-02,2023-02-02 14:02:00,1807.38,1807.38,1807.33,1807.33,-0.0,5.56,10181.71,-1
2023-02-02,2023-02-02 14:03:00,1807.33,1807.33,1807.27,1807.27,-0.0,5.56,10181.71,-1
2023-02-02,2023-02-02 14:04:00,1807.27,1807.27,1807.21,1807.21,-0.0,5.56,10181.71,-1
2023-02-02,2023-02-02 14:05:00,1807.21,1807.21,1807.15,1807.15,-0.0,5.56,10181.71,-1
2023-02-02,2023-02-02 14:06:00,1807.15,1807.15,1807.09,1807.09,-0.0,5.56,10181.71,-1
2023-02-02,2023-02-02 14:07:00,1807.09,1807.09,1807.03,1807.03,-0.0,5.56,10181.71,-1
2023-02-02,2023-02-02 14:08:00,1807.03,1807.03,1806.97,1806.97,-0.0,5.56,10181.71,-1
2023-02-02,2023-02-02 14:09:00,1806.97,1806.97,1806.92,1806.92,-0.0,5.56,10181.71,-1
2023-02-02,2023-02-02 14:10:00,1806.92,1806.92,1806.86,1806.86,-0.0,5.56,10181.71,-1
2023-02-02,2023-02-02 14:11:00,1806.86,1806.86,1806.8,1806.8,-0.0,5.56,10181.71,-1
2023-02-02,2023-02-02 14:12:00,1806.8,1806.8,1806.74,1806.74,-0.0,5.56,10181.71,-1
2023-02-02,2023-02-02 14:13:00,1806.74,1806.74,1806.68,1806.68,-0.0,5.56,10181.71,-1
2023-02-02,2023-02-02 14:14:00,1806.68,1806.68,1806.62,1806.62,-0.0,5.56,10181.71,-1
2023-02-02,2023-02-02 14:15:00,1806.62,1806.62,1806.57,1806.57,-0.0,5.56,10181.71,-1
2023-02-02,2023-02-02 14:16:00,1806.57,1806.57,1806.51,1806.51,-0.0,5.56,10181.71,-1
2023-02-02,2023-02-02 14:17:00,1806.51,1806.51,1806.45,1806.45,-0.0,5.56,10181.71,-1
2023-02-02,2023-02-02 14:18:00,1806.45,1806.45,1806.39,1806.39,-0.0,5.56,10181.71,-1
2023-02-02,2023-02-02 14:19:00,1806.39,1806.39,1806.33,1806.33,-0.0,5.56,10181.71,-1
2023-02-02,2023-02-02 14:20:00,1806.33,1806.33,1806.28,1806.28,-0.0,5.56,10181.71,-1
2023-02-02,2023-02-02 14:21:00,1806.28,1806.28,1806.22,1806.22,-0.0,5.56,10181.71,-1
2023-02-02,2023-02-02 14:22:00,1806.22,1806.22,1806.16,1806.16,-0.0,5.56,10181.71,-1
2023-02-02,2023-02-02 14:23:00,1806.16,1806.16,1806.1,1806.1,-0.0,5.56,10181.71,-1
2023-02-02,2023-02-02 14:24:00,1806.1,1806.1,1806.04,1806.04,-0.0,5.56,10181.71,-1
2023-02-02,2023-02-02 14:25:00,1806.04,1806.04,1805.98,1805.98,-0.0,5.56,10181.71,-1
2023-02-02,2023-02-02 14:26:00,1805.98,1805.98,1805.92,1805.92,-0.0,5.56,10181.71,-1
2023-02-02,2023-02-02 14:27:00,1805.92,1805.92,1805.87,1805.87,-0.0,5.56,10181.71,-1
2023-02-02,2023-02-02 14:28:00,1805.87,1805.87,1805.81,1805.81,-0.0,5.56,10181.71,-1
2023-02-02,2023-02-02 14:29:00,1805.81,1805.81,1805.75,1805.75,-0.0,5.56,10181.71,-1
2023-02-02,2023-02-02 14:30:00,1805.75,1805.75,1805.69,1805.69,-0.0,5.56,10181.71,-1
2023-02-02,2023-02-02 14:31:00,1805.69,1805.69,1805.63,1805.63,-0.0,5.56,10181.71,-1
2023-02-02,2023-02-02 14:32:00,1805.63,1805.63,1805.58,1805.58,-0.0,5.56,10181.71,-1
2023-02-02,2023-02-02 14:33:00,1805.58,1805.58,1805.52,1805.52,-0.0,5.56,10181.71,-1
2023-02-02,2023-02-02 14:34:00,1805.52,1805.52,1805.46,1805.46,-0.0,5.56,10181.71,-1
2023-02-02,2023-02-02 14:35:00,1805.46,1805.46,1805.4,1805.4,-0.0,5.56,10181.71,-1
2023-02-02,2023-02-02 14:36:00,1805.4,1805.4,1805.34,1805.34,-0.0,5.56,10181.71,-1
2023-02-02,2023-02-02 14:37:00,1805.34,1805.34,1805.28,1805.28,-0.0,5.56,10181.71,-1
2023-02-02,2023-02-02 14:38:00,1805.28,1805.28,1805.22,1805.22,-0.0,5.56,10181.71,-1
2023-02-02,2023-02-02 14:39:00,1805.22,1805.22,1805.17,1805.17,-0.0,5.56,10181.71,-1
2023-02-02,2023-02-02 14:40:00,1805.17,1805.17,1805.11,1805.11,-0.0,5.56,10181.71,-1
2023-02-02,2023-02-02 14:41:00,1805.11,1805.11,1805.05,1805.05,-0.0,5.56,10181.71,-1
2023-02-02,2023-02-02 14:42:00,1805.05,1805.05,1804.99,1804.99,-0.0,5.56,10181.71,-1
2023-02-02,2023-02-02 14:43:00,1804.99,1804.99,1804.93,1804.93,-0.0,5.56,10181.71,-1
2023-02-02,2023-02-02 14:44:00,1804.93,1804.93,1804.88,1804.88,-0.0,5.56,10181.71,-1
2023-02-02,2023-02-02 14:45:00,1804.88,1804.88,1804.82,1804.82,-0.0,5.56,10181.71,-1
2023-02-02,2023-02-02 14:46:00,1804.82,1804.82,1804.76,1804.76,-0.0,5.56,10181.71,-1
2023-02-02,2023-02-02 14:47:00,1804.76,1804.76,1804.7,1804.7,-0.0,5.56,10181.71,-1
2023-02-02,2023-02-02 14:48:00,1804.7,1804.7,1804.64,1804.64,-0.0,5.56,10181.71,-1
2023-02-02,2023-02-02 14:49:00,1804.64,1804.64,1804.58,1804.58,-0.0,5.56,10181.71,-1
2023-02-02,2023-02-02 14:50:00,1804.58,1804.58,1804.53,1804.53,-0.0,5.56,10181.71,-1
2023-02-02,2023-02-02 14:51:00,1804.53,1804.53,1804.47,1804.47,-0.0,5.56,10181.71,-1
2023-02-02,2023-02-02 14:52:00,1804.47,1804.47,1804.41,1804.41,-0.0,5.56,10181.71,-1
2023-02-02,2023-02-02 14:53:00,1804.41,1804.41,1804.35,1804.35,-0.0,5.56,10181.71,-1
2023-02-02,2023-02-02 14:54:00,1804.35,1804.35,1804.29,1804.29,-0.0,5.56,10181.71,-1
2023-02-02,2023-02-02 14:55:00,1804.29,1804.29,1804.23,1804.23,-0.0,5.56,10181.71,-1
2023-02-02,2023-02-02 14:56:00,1804.23,1804.23,1804.17,1804.17,-0.0,5.56,10181.71,-1
2023-02-02,2023-02-02 14:57:00,1804.17,1804.17,1804.12,1804.12,-0.0,5.56,10181.71,-1
2023-02-02,2023-02-02 14:58:00,1804.12,1804.12,1804.06,1804.06,-0.0,5.56,10181.71,-1
2023-02-02,2023-02-02 14:59:00,1804.06,1804.06,1804.0,1804.0,-0.0,5.56,10181.71,-1
2023-02-02,2023-02-02 15:00:00,1804.0,1858.0,1803.2,1804.0,0.0,5.56,10181.71,0
2023-02-05,2023-02-05 11:00:00,1804.0,1810.3,1799.8,1804.0,0.0,5.73,10381.02,0
2023-02-05,2023-02-05 11:01:00,1804.0,1804.01,1804.0,1804.01,0.0,5.73,10381.02,1
2023-02-05,2023-02-05 11:02:00,1804.01,1804.01,1804.01,1804.01,0.0,5.73,10381.02,0
2023-02-05,2023-02-05 11:03:00,1804.01,1804.02,1804.01,1804.02,0.0,5.73,10381.02,1
2023-02-05,2023-02-05 11:04:00,1804.02,1804.02,1804.02,1804.02,0.0,5.73,10381.02,0
2023-02-05,2023-02-05 11:05:00,1804.02,1804.03,1804.02,1804.03,0.0,5.73,10381.02,1
2023-02-05,2023-02-05 11:06:00,1804.03,1804.03,1804.03,1804.03,0.0,5.73,10381.02,0
2023-02-05,2023-02-05 11:07:00,1804.03,1804.03,1804.03,1804.03,0.0,5.73,10381.02,0
2023-02-05,2023-02-05 11:08:00,1804.03,1804.04,1804.03,1804.04,0.0,5.73,10381.02,1
2023-02-05,2023-02-05 11:09:00,1804.04,1804.04,1804.04,1804.04,0.0,5.73,10381.02,0
2023-02-05,2023-02-05 11:10:00,1804.04,1804.05,1804.04,1804.05,0.0,5.73,10381.02,1
2023-02-05,2023-02-05 11:11:00,1804.05,1804.05,1804.05,1804.05,0.0,5.73,10381.02,0
2023-02-05,2023-02-05 11:12:00,1804.05,1804.05,1804.05,1804.05,0.0,5.73,10381.02,0
2023-02-05,2023-02-05 11:13:00,1804.05,1804.06,1804.05,1804.06,0.0,5.73,10381.02,1
2023-02-05,2023-02-05 11:14:00,1804.06,1804.06,1804.06,1804.06,0.0,5.73,10381.02,0
2023-02-05,2023-02-05 11:15:00,1804.06,1804.07,1804.06,1804.07,0.0,5.73,10381.02,1
2023-02-05,2023-02-05 11:16:00,1804.07,1804.07,1804.07,1804.07,0.0,5.73,10381.02,0
2023-02-05,2023-02-05 11:17:00,1804.07,1804.08,1804.07,1804.08,0.0,5.73,10381.02,1
2023-02-05,2023-02-05 11:18:00,1804.08,1804.08,1804.08,1804.08,0.0,5.73,10381.02,0
2023-02-05,2023-02-05 11:19:00,1804.08,1804.08,1804.08,1804.08,0.0,5.73,10381.02,0
2023-02-05,2023-02-05 11:20:00,1804.08,1804.09,1804.08,1804.09,0.0,5.73,10381.02,1
2023-02-05,2023-02-05 11:21:00,1804.09,1804.09,1804.09,1804.09,0.0,5.73,10381.02,0
2023-02-05,2023-02-05 11:22:00,1804.09,1804.1,1804.09,1804.1,0.0,5.73,10381.02,1
2023-02-05,2023-02-05 11:23:00,1804.1,1804.1,1804.1,1804.1,0.0,5.73,10381.02,0
2023-02-05,2023-02-05 11:24:00,1804.1,1804.1,1804.1,1804.1,0.0,5.73,10381.02,0
2023-02-05,2023-02-05 11:25:00,1804.1,1804.11,1804.1,1804.11,0.0,5.73,10381.02,1
2023-02-05,2023-02-05 11:26:00,1804.11,1804.11,1804.11,1804.11,0.0,5.73,10381.02,0
2023-02-05,2023-02-05 11:27:00,1804.11,1804.12,1804.11,1804.12,0.0,5.73,10381.02,1
2023-02-05,2023-02-05 11:28:00,1804.12,1804.12,1804.12,1804.12,0.0,5.73,10381.02,0
2023-02-05,2023-02-05 11:29:00,1804.12,1804.12,1804.12,1804.12,0.0,5.73,10381.02,0
2023-02-05,2023-02-05 11:30:00,1804.12,1804.13,1804.12,1804.13,0.0,5.73,10381.02,1
2023-02-05,2023-02-05 11:31:00,1804.13,1804.13,1804.13,1804.13,0.0,5.73,10381.02,0
2023-02-05,2023-02-05 11:32:00,1804.13,1804.14,1804.13,1804.14,0.0,5.73,10381.02,1
2023-02-05,2023-02-05 11:33:00,1804.14,1804.14,1804.14,1804.14,0.0,5.73,10381.02,0
2023-02-05,2023-02-05 11:34:00,1804.14,1804.15,1804.14,1804.15,0.0,5.73,10381.02,1
2023-02-05,2023-02-05 11:35:00,1804.15,1804.15,1804.15,1804.15,0.0,5.73,10381.02,0
2023-02-05,2023-02-05 11:36:00,1804.15,1804.15,1804.15,1804.15,0.0,5.73,10381.02,0
2023-02-05,2023-02-05 11:37:00,1804.15,1804.16,1804.15,1804.16,0.0,5.73,10381.02,1
2023-02-05,2023-02-05 11:38:00,1804.16,1804.16,1804.16,1804.16,0.0,5.73,10381.02,0
2023-02-05,2023-02-05 11:39:00,1804.16,1804.17,1804.16,1804.17,0.0,5.73,10381.02,1
2023-02-05,2023-02-05 11:40:00,1804.17,1804.17,1804.17,1804.17,0.0,5.73,10381.02,0
2023-02-05,2023-02-05 11:41:00,1804.17,1804.17,1804.17,1804.17,0.0,5.73,10381.02,0
2023-02-05,2023-02-05 11:42:00,1804.17,1804.18,1804.17,1804.18,0.0,5.73,10381.02,1
2023-02-05,2023-02-05 11:43:00,1804.18,1804.18,1804.18,1804.18,0.0,5.73,10381.02,0
2023-02-05,2023-02-05 11:44:00,1804.18,1804.19,1804.18,1804.19,0.0,5.73,10381.02,1
2023-02-05,2023-02-05 11:45:00,1804.19,1804.19,1804.19,1804.19,0.0,5.73,10381.02,0
2023-02-05,2023-02-05 11:46:00,1804.19,1804.2,1804.19,1804.2,0.0,5.73,10381.02,1
2023-02-05,2023-02-05 11:47:00,1804.2,1804.2,1804.2,1804.2,0.0,5.73,10381.02,0
2023-02-05,2023-02-05 11:48:00,1804.2,1804.2,1804.2,1804.2,0.0,5.73,10381.02,0
2023-02-05,2023-02-05 11:49:00,1804.2,1804.21,1804.2,1804.21,0.0,5.73,10381.02,1
2023-02-05,2023-02-05 11:50:00,1804.21,1804.21,1804.21,1804.21,0.0,5.73,10381.02,0
2023-02-05,2023-02-05 11:51:00,1804.21,1804.22,1804.21,1804.22,0.0,5.73,10381.02,1
2023-02-05,2023-02-05 11:52:00,1804.22,1804.22,1804.22,1804.22,0.0,5.73,10381.02,0
2023-02-05,2023-02-05 11:53:00,1804.22,1804.22,1804.22,1804.22,0.0,5.73,10381.02,0
2023-02-05,2023-02-05 11:54:00,1804.22,1804.23,1804.22,1804.23,0.0,5.73,10381.02,1
2023-02-05,2023-02-05 11:55:00,1804.23,1804.23,1804.23,1804.23,0.0,5.73,10381.02,0
2023-02-05,2023-02-05 11:56:00,1804.23,1804.24,1804.23,1804.24,0.0,5.73,10381.02,1
2023-02-05,2023-02-05 11:57:00,1804.24,1804.24,1804.24,1804.24,0.0,5.73,10381.02,0
2023-02-05,2023-02-05 11:58:00,1804.24,1804.25,1804.24,1804.25,0.0,5.73,10381.02,1
2023-02-05,2023-02-05 11:59:00,1804.25,1804.25,1804.25,1804.25,0.0,5.73,10381.02,0
2023-02-05,2023-02-05 12:00:00,1804.25,1804.25,1804.25,1804.25,0.0,5.73,10381.02,0
2023-02-05,2023-02-05 12:01:00,1804.25,1804.26,1804.25,1804.26,0.0,5.73,10381.02,1
2023-02-05,2023-02-05 12:02:00,1804.26,1804.26,1804.26,1804.26,0.0,5.73,10381.02,0
2023-02-05,2023-02-05 12:03:00,1804.26,1804.27,1804.26,1804.27,0.0,5.73,10381.02,1
2023-02-05,2023-02-05 12:04:00,1804.27,1804.27,1804.27,1804.27,0.0,5.73,10381.02,0
2023-02-05,2023-02-05 12:05:00,1804.27,1804.28,1804.27,1804.28,0.0,5.73,10381.02,1
2023-02-05,2023-02-05 12:06:00,1804.28,1804.28,1804.28,1804.28,0.0,5.73,10381.02,0
2023-02-05,2023-02-05 12:07:00,1804.28,1804.28,1804.28,1804.28,0.0,5.73,10381.02,0
2023-02-05,2023-02-05 12:08:00,1804.28,1804.29,1804.28,1804.29,0.0,5.73,10381.02,1
2023-02-05,2023-02-05 12:09:00,1804.29,1804.29,1804.29,1804.29,0.0,5.73,10381.02,0
2023-02-05,2023-02-05 12:10:00,1804.29,1804.3,1804.29,1804.3,0.0,5.73,10381.02,1
2023-02-05,2023-02-05 12:11:00,1804.3,1804.3,1804.3,1804.3,0.0,5.73,10381.02,0
2023-02-05,2023-02-05 12:12:00,1804.3,1804.3,1804.3,1804.3,0.0,5.73,10381.02,0
2023-02-05,2023-02-05 12:13:00,1804.3,1804.31,1804.3,1804.31,0.0,5.73,10381.02,1
2023-02-05,2023-02-05 12:14:00,1804.31,1804.31,1804.31,1804.31,0.0,5.73,10381.02,0
2023-02-05,2023-02-05 12:15:00,1804.31,1804.32,1804.31,1804.32,0.0,5.73,10381.02,1
2023-02-05,2023-02-05 12:16:00,1804.32,1804.32,1804.32,1804.32,0.0,5.73,10381.02,0
2023-02-05,2023-02-05 12:17:00,1804.32,1804.33,1804.32,1804.33,0.0,5.73,10381.02,1
2023-02-05,2023-02-05 12:18:00,1804.33,1804.33,1804.33,1804.33,0.0,5.73,10381.02,0
2023-02-05,2023-02-05 12:19:00,1804.33,1804.33,1804.33,1804.33,0.0,5.73,10381.02,0
2023-02-05,2023-02-05 12:20:00,1804.33,1804.34,1804.33,1804.34,0.0,5.73,10381.02,1
2023-02-05,2023-02-05 12:21:00,1804.34,1804.34,1804.34,1804.34,0.0,5.73,10381.02,0
2023-02-05,2023-02-05 12:22:00,1804.34,1804.35,1804.34,1804.35,0.0,5.73,10381.02,1
2023-02-05,2023-02-05 12:23:00,1804.35,1804.35,1804.35,1804.35,0.0,5.73,10381.02,0
2023-02-05,2023-02-05 12:24:00,1804.35,1804.35,1804.35,1804.35,0.0,5.73,10381.02,0
2023-02-05,2023-02-05 12:25:00,1804.35,1804.36,1804.35,1804.36,0.0,5.73,10381.02,1
2023-02-05,2023-02-05 12:26:00,1804.36,1804.36,1804.36,1804.36,0.0,5.73,10381.02,0
2023-02-05,2023-02-05 12:27:00,1804.36,1804.37,1804.36,1804.37,0.0,5.73,10381.02,1
2023-02-05,2023-02-05 12:28:00,1804.37,1804.37,1804.37,1804.37,0.0,5.73,10381.02,0
2023-02-05,2023-02-05 12:29:00,1804.37,1804.38,1804.37,1804.38,0.0,5.73,10381.02,1
2023-02-05,2023-02-05 12:30:00,1804.38,1804.38,1804.38,1804.38,0.0,5.73,10381.02,0
2023-02-05,2023-02-05 12:31:00,1804.38,1804.38,1804.38,1804.38,0.0,5.73,10381.02,0
2023-02-05,2023-02-05 12:32:00,1804.38,1804.39,1804.38,1804.39,0.0,5.73,10381.02,1
2023-02-05,2023-02-05 12:33:00,1804.39,1804.39,1804.39,1804.39,0.0,5.73,10381.02,0
2023-02-05,2023-02-05 12:34:00,1804.39,1804.4,1804.39,1804.4,0.0,5.73,10381.02,1
2023-02-05,2023-02-05 12:35:00,1804.4,1804.4,1804.4,1804.4,0.0,5.73,10381.02,0
2023-02-05,2023-02-05 12:36:00,1804.4,1804.4,1804.4,1804.4,0.0,5.73,10381.02,0
2023-02-05,2023-02-05 12:37:00,1804.4,1804.41,1804.4,1804.41,0.0,5.73,10381.02,1
2023-02-05,2023-02-05 12:38:00,1804.41,1804.41,1804.41,1804.41,0.0,5.73,10381.02,0
2023-02-05,2023-02-05 12:39:00,1804.41,1804.42,1804.41,1804.42,0.0,5.73,10381.02,1
2023-02-05,2023-02-05 12:40:00,1804.42,1804.42,1804.42,1804.42,0.0,5.73,10381.02,0
2023-02-05,2023-02-05 12:41:00,1804.42,1804.42,1804.42,1804.42,0.0,5.73,10381.02,0
2023-02-05,2023-02-05 12:42:00,1804.42,1804.43,1804.42,1804.43,0.0,5.73,10381.02,1
2023-02-05,2023-02-05 12:43:00,1804.43,1804.43,1804.43,1804.43,0.0,5.73,10381.02,0
2023-02-05,2023-02-05 12:44:00,1804.43,1804.44,1804.43,1804.44,0.0,5.73,10381.02,1
2023-02-05,2023-02-05 12:45:00,1804.44,1804.44,1804.44,1804.44,0.0,5.73,10381.02,0
2023-02-05,2023-02-05 12:46:00,1804.44,1804.45,1804.44,1804.45,0.0,5.73,10381.02,1
2023-02-05,2023-02-05 12:47:00,1804.45,1804.45,1804.45,1804.45,0.0,5.73,10381.02,0
2023-02-05,2023-02-05 12:48:00,1804.45,1804.45,1804.45,1804.45,0.0,5.73,10381.02,0
2023-02-05,2023-02-05 12:49:00,1804.45,1804.46,1804.45,1804.46,0.0,5.73,10381.02,1
2023-02-05,2023-02-05 12:50:00,1804.46,1804.46,1804.46,1804.46,0.0,5.73,10381.02,0
2023-02-05,2023-02-05 12:51:00,1804.46,1804.47,1804.46,1804.47,0.0,5.73,10381.02,1
2023-02-05,2023-02-05 12:52:00,1804.47,1804.47,1804.47,1804.47,0.0,5.73,10381.02,0
2023-02-05,2023-02-05 12:53:00,1804.47,1804.47,1804.47,1804.47,0.0,5.73,10381.02,0
2023-02-05,2023-02-05 12:54:00,1804.47,1804.48,1804.47,1804.48,0.0,5.73,10381.02,1
2023-02-05,2023-02-05 12:55:00,1804.48,1804.48,1804.48,1804.48,0.0,5.73,10381.02,0
2023-02-05,2023-02-05 12:56:00,1804.48,1804.49,1804.48,1804.49,0.0,5.73,10381.02,1
2023-02-05,2023-02-05 12:57:00,1804.49,1804.49,1804.49,1804.49,0.0,5.73,10381.02,0
2023-02-05,2023-02-05 12:58:00,1804.49,1804.5,1804.49,1804.5,0.0,5.73,10381.02,1
2023-02-05,2023-02-05 12:59:00,1804.5,1804.5,1804.5,1804.5,0.0,5.73,10381.02,0
2023-02-05,2023-02-05 13:00:00,1804.5,1825.0,1790.0,1804.5,0.0,5.73,10381.02,0
2023-02-05,2023-02-05 13:01:00,1804.5,1804.51,1804.5,1804.51,0.0,5.73,10381.02,1
2023-02-05,2023-02-05 13:02:00,1804.51,1804.51,1804.51,1804.51,0.0,5.73,10381.02,0
2023-02-05,2023-02-05 13:03:00,1804.51,1804.52,1804.51,1804.52,0.0,5.73,10381.02,1
2023-02-05,2023-02-05 13:04:00,1804.52,1804.52,1804.52,1804.52,0.0,5.73,10381.02,0
2023-02-05,2023-02-05 13:05:00,1804.52,1804.53,1804.52,1804.53,0.0,5.73,10381.02,1
2023-02-05,2023-02-05 13:06:00,1804.53,1804.53,1804.53,1804.53,0.0,5.73,10381.02,0
2023-02-05,2023-02-05 13:07:00,1804.53,1804.53,1804.53,1804.53,0.0,5.73,10381.02,0
2023-02-05,2023-02-05 13:08:00,1804.53,1804.54,1804.53,1804.54,0.0,5.73,10381.02,1
2023-02-05,2023-02-05 13:09:00,1804.54,1804.54,1804.54,1804.54,0.0,5.73,10381.02,0
2023-02-05,2023-02-05 13:10:00,1804.54,1804.55,1804.54,1804.55,0.0,5.73,10381.02,1
2023-02-05,2023-02-05 13:11:00,1804.55,1804.55,1804.55,1804.55,0.0,5.73,10381.02,0
2023-02-05,2023-02-05 13:12:00,1804.55,1804.55,1804.55,1804.55,0.0,5.73,10381.02,0
2023-02-05,2023-02-05 13:13:00,1804.55,1804.56,1804.55,1804.56,0.0,5.73,10381.02,1
2023-02-05,2023-02-05 13:14:00,1804.56,1804.56,1804.56,1804.56,0.0,5.73,10381.02,0
2023-02-05,2023-02-05 13:15:00,1804.56,1804.57,1804.56,1804.57,0.0,5.73,10381.02,1
2023-02-05,2023-02-05 13:16:00,1804.57,1804.57,1804.57,1804.57,0.0,5.73,10381.02,0
2023-02-05,2023-02-05 13:17:00,1804.57,1804.58,1804.57,1804.58,0.0,5.73,10381.02,1
2023-02-05,2023-02-05 13:18:00,1804.58,1804.58,1804.58,1804.58,0.0,5.73,10381.02,0
2023-02-05,2023-02-05 13:19:00,1804.58,1804.58,1804.58,1804.58,0.0,5.73,10381.02,0
2023-02-05,2023-02-05 13:20:00,1804.58,1804.59,1804.58,1804.59,0.0,5.73,10381.02,1
2023-02-05,2023-02-05 13:21:00,1804.59,1804.59,1804.59,1804.59,0.0,5.73,10381.02,0
2023-02-05,2023-02-05 13:22:00,1804.59,1804.6,1804.59,1804.6,0.0,5.73,10381.02,1
2023-02-05,2023-02-05 13:23:00,1804.6,1804.6,1804.6,1804.6,0.0,5.73,10381.02,0
2023-02-05,2023-02-05 13:24:00,1804.6,1804.6,1804.6,1804.6,0.0,5.73,10381.02,0
2023-02-05,2023-02-05 13:25:00,1804.6,1804.61,1804.6,1804.61,0.0,5.73,10381.02,1
2023-02-05,2023-02-05 13:26:00,1804.61,1804.61,1804.61,1804.61,0.0,5.73,10381.02,0
2023-02-05,2023-02-05 13:27:00,1804.61,1804.62,1804.61,1804.62,0.0,5.73,10381.02,1
2023-02-05,2023-02-05 13:28:00,1804.62,1804.62,1804.62,1804.62,0.0,5.73,10381.02,0
2023-02-05,2023-02-05 13:29:00,1804.62,1804.62,1804.62,1804.62,0.0,5.73,10381.02,0
2023-02-05,2023-02-05 13:30:00,1804.62,1804.63,1804.62,1804.63,0.0,5.73,10381.02,1
2023-02-05,2023-02-05 13:31:00,1804.63,1804.63,1804.63,1804.63,0.0,5.73,10381.02,0
2023-02-05,2023-02-05 13:32:00,1804.63,1804.64,1804.63,1804.64,0.0,5.73,10381.02,1
2023-02-05,2023-02-05 13:33:00,1804.64,1804.64,1804.64,1804.64,0.0,5.73,10381.02,0
2023-02-05,2023-02-05 13:34:00,1804.64,1804.65,1804.64,1804.65,0.0,5.73,10381.02,1
2023-02-05,2023-02-05 13:35:00,1804.65,1804.65,1804.65,1804.65,0.0,5.73,10381.02,0
2023-02-05,2023-02-05 13:36:00,1804.65,1804.65,1804.65,1804.65,0.0,5.73,10381.02,0
2023-02-05,2023-02-05 13:37:00,1804.65,1804.66,1804.65,1804.66,0.0,5.73,10381.02,1
2023-02-05,2023-02-05 13:38:00,1804.66,1804.66,1804.66,1804.66,0.0,5.73,10381.02,0
2023-02-05,2023-02-05 13:39:00,1804.66,1804.67,1804.66,1804.67,0.0,5.73,10381.02,1
2023-02-05,2023-02-05 13:40:00,1804.67,1804.67,1804.67,1804.67,0.0,5.73,10381.02,0
2023-02-05,2023-02-05 13:41:00,1804.67,1804.67,1804.67,1804.67,0.0,5.73,10381.02,0
2023-02-05,2023-02-05 13:42:00,1804.67,1804.68,1804.67,1804.68,0.0,5.73,10381.02,1
2023-02-05,2023-02-05 13:43:00,1804.68,1804.68,1804.68,1804.68,0.0,5.73,10381.02,0
2023-02-05,2023-02-05 13:44:00,1804.68,1804.69,1804.68,1804.69,0.0,5.73,10381.02,1
2023-02-05,2023-02-05 13:45:00,1804.69,1804.69,1804.69,1804.69,0.0,5.73,10381.02,0
2023-02-05,2023-02-05 13:46:00,1804.69,1804.7,1804.69,1804.7,0.0,5.73,10381.02,1
2023-02-05,2023-02-05 13:47:00,1804.7,1804.7,1804.7,1804.7,0.0,5.73,10381.02,0
2023-02-05,2023-02-05 13:48:00,1804.7,1804.7,1804.7,1804.7,0.0,5.73,10381.02,0
2023-02-05,2023-02-05 13:49:00,1804.7,1804.71,1804.7,1804.71,0.0,5.73,10381.02,1
2023-02-05,2023-02-05 13:50:00,1804.71,1804.71,1804.71,1804.71,0.0,5.73,10381.02,0
2023-02-05,2023-02-05 13:51:00,1804.71,1804.72,1804.71,1804.72,0.0,5.73,10381.02,1
2023-02-05,2023-02-05 13:52:00,1804.72,1804.72,1804.72,1804.72,0.0,5.73,10381.02,0
2023-02-05,2023-02-05 13:53:00,1804.72,1804.72,1804.72,1804.72,0.0,5.73,10381.02,0
2023-02-05,2023-02-05 13:54:00,1804.72,1804.73,1804.72,1804.73,0.0,5.73,10381.02,1
2023-02-05,2023-02-05 13:55:00,1804.73,1804.73,1804.73,1804.73,0.0,5.73,10381.02,0
2023-02-05,2023-02-05 13:56:00,1804.73,1804.74,1804.73,1804.74,0.0,5.73,10381.02,1
2023-02-05,2023-02-05 13:57:00,1804.74,1804.74,1804.74,1804.74,0.0,5.73,10381.02,0
2023-02-05,2023-02-05 13:58:00,1804.74,1804.75,1804.74,1804.75,0.0,5.73,10381.02,1
2023-02-05,2023-02-05 13:59:00,1804.75,1804.75,1804.75,1804.75,0.0,5.73,10381.02,0
2023-02-05,2023-02-05 14:00:00,1804.75,1804.75,1804.75,1804.75,0.0,5.73,10381.02,0
2023-02-05,2023-02-05 14:01:00,1804.75,1804.76,1804.75,1804.76,0.0,5.73,10381.02,1
2023-02-05,2023-02-05 14:02:00,1804.76,1804.76,1804.76,1804.76,0.0,5.73,10381.02,0
2023-02-05,2023-02-05 14:03:00,1804.76,1804.77,1804.76,1804.77,0.0,5.73,10381.02,1
2023-02-05,2023-02-05 14:04:00,1804.77,1804.77,1804.77,1804.77,0.0,5.73,10381.02,0
2023-02-05,2023-02-05 14:05:00,1804.77,1804.78,1804.77,1804.78,0.0,5.73,10381.02,1
2023-02-05,2023-02-05 14:06:00,1804.78,1804.78,1804.78,1804.78,0.0,5.73,10381.02,0
2023-02-05,2023-02-05 14:07:00,1804.78,1804.78,1804.78,1804.78,0.0,5.73,10381.02,0
2023-02-05,2023-02-05 14:08:00,1804.78,1804.79,1804.78,1804.79,0.0,5.73,10381.02,1
2023-02-05,2023-02-05 14:09:00,1804.79,1804.79,1804.79,1804.79,0.0,5.73,10381.02,0
2023-02-05,2023-02-05 14:10:00,1804.79,1804.8,1804.79,1804.8,0.0,5.73,10381.02,1
2023-02-05,2023-02-05 14:11:00,1804.8,1804.8,1804.8,1804.8,0.0,5.73,10381.02,0
2023-02-05,2023-02-05 14:12:00,1804.8,1804.8,1804.8,1804.8,0.0,5.73,10381.02,0
2023-02-05,2023-02-05 14:13:00,1804.8,1804.81,1804.8,1804.81,0.0,5.73,10381.02,1
2023-02-05,2023-02-05 14:14:00,1804.81,1804.81,1804.81,1804.81,0.0,5.73,10381.02,0
2023-02-05,2023-02-05 14:15:00,1804.81,1804.82,1804.81,1804.82,0.0,5.73,10381.02,1
2023-02-05,2023-02-05 14:16:00,1804.82,1804.82,1804.82,1804.82,0.0,5.73,10381.02,0
2023-02-05,2023-02-05 14:17:00,1804.82,1804.83,1804.82,1804.83,0.0,5.73,10381.02,1
2023-02-05,2023-02-05 14:18:00,1804.83,1804.83,1804.83,1804.83,0.0,5.73,10381.02,0
2023-02-05,2023-02-05 14:19:00,1804.83,1804.83,1804.83,1804.83,0.0,5.73,10381.02,0
2023-02-05,2023-02-05 14:20:00,1804.83,1804.84,1804.83,1804.84,0.0,5.73,10381.02,1
2023-02-05,2023-02-05 14:21:00,1804.84,1804.84,1804.84,1804.84,0.0,5.73,10381.02,0
2023-02-05,2023-02-05 14:22:00,1804.84,1804.85,1804.84,1804.85,0.0,5.73,10381.02,1
2023-02-05,2023-02-05 14:23:00,1804.85,1804.85,1804.85,1804.85,0.0,5.73,10381.02,0
2023-02-05,2023-02-05 14:24:00,1804.85,1804.85,1804.85,1804.85,0.0,5.73,10381.02,0
2023-02-05,2023-02-05 14:25:00,1804.85,1804.86,1804.85,1804.86,0.0,5.73,10381.02,1
2023-02-05,2023-02-05 14:26:00,1804.86,1804.86,1804.86,1804.86,0.0,5.73,10381.02,0
2023-02-05,2023-02-05 14:27:00,1804.86,1804.87,1804.86,1804.87,0.0,5.73,10381.02,1
2023-02-05,2023-02-05 14:28:00,1804.87,1804.87,1804.87,1804.87,0.0,5.73,10381.02,0
2023-02-05,2023-02-05 14:29:00,1804.87,1804.88,1804.87,1804.88,0.0,5.73,10381.02,1
2023-02-05,2023-02-05 14:30:00,1804.88,1804.88,1804.88,1804.88,0.0,5.73,10381.02,0
2023-02-05,2023-02-05 14:31:00,1804.88,1804.88,1804.88,1804.88,0.0,5.73,10381.02,0
2023-02-05,2023-02-05 14:32:00,1804.88,1804.89,1804.88,1804.89,0.0,5.73,10381.02,1
2023-02-05,2023-02-05 14:33:00,1804.89,1804.89,1804.89,1804.89,0.0,5.73,10381.02,0
2023-02-05,2023-02-05 14:34:00,1804.89,1804.9,1804.89,1804.9,0.0,5.73,10381.02,1
2023-02-05,2023-02-05 14:35:00,1804.9,1804.9,1804.9,1804.9,0.0,5.73,10381.02,0
2023-02-05,2023-02-05 14:36:00,1804.9,1804.9,1804.9,1804.9,0.0,5.73,10381.02,0
2023-02-05,2023-02-05 14:37:00,1804.9,1804.91,1804.9,1804.91,0.0,5.73,10381.02,1
2023-02-05,2023-02-05 14:38:00,1804.91,1804.91,1804.91,1804.91,0.0,5.73,10381.02,0
2023-02-05,2023-02-05 14:39:00,1804.91,1804.92,1804.91,1804.92,0.0,5.73,10381.02,1
2023-02-05,2023-02-05 14:40:00,1804.92,1804.92,1804.92,1804.92,0.0,5.73,10381.02,0
2023-02-05,2023-02-05 14:41:00,1804.92,1804.92,1804.92,1804.92,0.0,5.73,10381.02,0
2023-02-05,2023-02-05 14:42:00,1804.92,1804.93,1804.92,1804.93,0.0,5.73,10381.02,1
2023-02-05,2023-02-05 14:43:00,1804.93,1804.93,1804.93,1804.93,0.0,5.73,10381.02,0
2023-02-05,2023-02-05 14:44:00,1804.93,1804.94,1804.93,1804.94,0.0,5.73,10381.02,1
2023-02-05,2023-02-05 14:45:00,1804.94,1804.94,1804.94,1804.94,0.0,5.73,10381.02,0
2023-02-05,2023-02-05 14:46:00,1804.94,1804.95,1804.94,1804.95,0.0,5.73,10381.02,1
2023-02-05,2023-02-05 14:47:00,1804.95,1804.95,1804.95,1804.95,0.0,5.73,10381.02,0
2023-02-05,2023-02-05 14:48:00,1804.95,1804.95,1804.95,1804.95,0.0,5.73,10381.02,0
2023-02-05,2023-02-05 14:49:00,1804.95,1804.96,1804.95,1804.96,0.0,5.73,10381.02,1
2023-02-05,2023-02-05 14:50:00,1804.96,1804.96,1804.96,1804.96,0.0,5.73,10381.02,0
2023-02-05,2023-02-05 14:51:00,1804.96,1804.97,1804.96,1804.97,0.0,5.73,10381.02,1
2023-02-05,2023-02-05 14:52:00,1804.97,1804.97,1804.97,1804.97,0.0,5.73,10381.02,0
2023-02-05,2023-02-05 14:53:00,1804.97,1804.97,1804.97,1804.97,0.0,5.73,10381.02,0
2023-02-05,2023-02-05 14:54:00,1804.97,1804.98,1804.97,1804.98,0.0,5.73,10381.02,1
2023-02-05,2023-02-05 14:55:00,1804.98,1804.98,1804.98,1804.98,0.0,5.73,10381.02,0
2023-02-05,2023-02-05 14:56:00,1804.98,1804.99,1804.98,1804.99,0.0,5.73,10381.02,1
2023-02-05,2023-02-05 14:57:00,1804.99,1804.99,1804.99,1804.99,0.0,5.73,10381.02,0
2023-02-05,2023-02-05 14:58:00,1804.99,1805.0,1804.99,1805.0,0.0,5.73,10381.02,1
2023-02-05,2023-02-05 14:59:00,1805.0,1805.0,1805.0,1805.0,0.0,5.73,10381.02,0
2023-02-05,2023-02-05 15:00:00,1805.0,1825.0,1790.0,1805.0,0.0,5.73,10381.02,0
2023-02-06,2023-02-06 11:00:00,1800.0,1806.3,1795.8,1800.03,0.0,4.6,8287.88,1
2023-02-06,2023-02-06 11:01:00,1800.03,1800.05,1800.03,1800.05,0.0,4.6,8287.88,1
2023-02-06,2023-02-06 11:02:00,1800.05,1800.08,1800.05,1800.08,0.0,4.6,8287.88,1
2023-02-06,2023-02-06 11:03:00,1800.08,1800.1,1800.08,1800.1,0.0,4.6,8287.88,1
2023-02-06,2023-02-06 11:04:00,1800.1,1800.12,1800.1,1800.12,0.0,4.6,8287.88,1
2023-02-06,2023-02-06 11:05:00,1800.12,1800.15,1800.12,1800.15,0.0,4.6,8287.88,1
2023-02-06,2023-02-06 11:06:00,1800.15,1800.17,1800.15,1800.17,0.0,4.6,8287.88,1
2023-02-06,2023-02-06 11:07:00,1800.17,1800.2,1800.17,1800.2,0.0,4.6,8287.88,1
2023-02-06,2023-02-06 11:08:00,1800.2,1800.22,1800.2,1800.22,0.0,4.6,8287.88,1
2023-02-06,2023-02-06 11:09:00,1800.22,1800.25,1800.22,1800.25,0.0,4.6,8287.88,1
2023-02-06,2023-02-06 11:10:00,1800.25,1800.28,1800.25,1800.28,0.0,4.6,8287.88,1
2023-02-06,2023-02-06 11:11:00,1800.28,1800.3,1800.28,1800.3,0.0,4.6,8287.88,1
2023-02-06,2023-02-06 11:12:00,1800.3,1800.33,1800.3,1800.33,0.0,4.6,8287.88,1
2023-02-06,2023-02-06 11:13:00,1800.33,1800.35,1800.33,1800.35,0.0,4.6,8287.88,1
2023-02-06,2023-02-06 11:14:00,1800.35,1800.38,1800.35,1800.38,0.0,4.6,8287.88,1
2023-02-06,2023-02-06 11:15:00,1800.38,1800.4,1800.38,1800.4,0.0,4.6,8287.88,1
2023-02-06,2023-02-06 11:16:00,1800.4,1800.42,1800.4,1800.42,0.0,4.6,8287.88,1
2023-02-06,2023-02-06 11:17:00,1800.42,1800.45,1800.42,1800.45,0.0,4.6,8287.88,1
2023-02-06,2023-02-06 11:18:00,1800.45,1800.47,1800.45,1800.47,0.0,4.6,8287.88,1
2023-02-06,2023-02-06 11:19:00,1800.47,1800.5,1800.47,1800.5,0.0,4.6,8287.88,1
2023-02-06,2023-02-06 11:20:00,1800.5,1800.53,1800.5,1800.53,0.0,4.6,8287.88,1
2023-02-06,2023-02-06 11:21:00,1800.53,1800.55,1800.53,1800.55,0.0,4.6,8287.88,1
2023-02-06,2023-02-06 11:22:00,1800.55,1800.58,1800.55,1800.58,0.0,4.6,8287.88,1
2023-02-06,2023-02-06 11:23:00,1800.58,1800.6,1800.58,1800.6,0.0,4.6,8287.88,1
2023-02-06,2023-02-06 11:24:00,1800.6,1800.62,1800.6,1800.62,0.0,4.6,8287.88,1
2023-02-06,2023-02-06 11:25:00,1800.62,1800.65,1800.62,1800.65,0.0,4.6,8287.88,1
2023-02-06,2023-02-06 11:26:00,1800.65,1800.67,1800.65,1800.67,0.0,4.6,8287.88,1
2023-02-06,2023-02-06 11:27:00,1800.67,1800.7,1800.67,1800.7,0.0,4.6,8287.88,1
2023-02-06,2023-02-06 11:28:00,1800.7,1800.72,1800.7,1800.72,0.0,4.6,8287.88,1
2023-02-06,2023-02-06 11:29:00,1800.72,1800.75,1800.72,1800.75,0.0,4.6,8287.88,1
2023-02-06,2023-02-06 11:30:00,1800.75,1800.78,1800.75,1800.78,0.0,4.6,8287.88,1
2023-02-06,2023-02-06 11:31:00,1800.78,1800.8,1800.78,1800.8,0.0,4.6,8287.88,1
2023-02-06,2023-02-06 11:32:00,1800.8,1800.83,1800.8,1800.83,0.0,4.6,8287.88,1
2023-02-06,2023-02-06 11:33:00,1800.83,1800.85,1800.83,1800.85,0.0,4.6,8287.88,1
2023-02-06,2023-02-06 11:34:00,1800.85,1800.88,1800.85,1800.88,0.0,4.6,8287.88,1
2023-02-06,2023-02-06 11:35:00,1800.88,1800.9,1800.88,1800.9,0.0,4.6,8287.88,1
2023-02-06,2023-02-06 11:36:00,1800.9,1800.92,1800.9,1800.92,0.0,4.6,8287.88,1
2023-02-06,2023-02-06 11:37:00,1800.92,1800.95,1800.92,1800.95,0.0,4.6,8287.88,1
2023-02-06,2023-02-06 11:38:00,1800.95,1800.97,1800.95,1800.97,0.0,4.6,8287.88,1
2023-02-06,2023-02-06 11:39:00,1800.97,1801.0,1800.97,1801.0,0.0,4.6,8287.88,1
2023-02-06,2023-02-06 11:40:00,1801.0,1801.03,1801.0,1801.03,0.0,4.6,8287.88,1
2023-02-06,2023-02-06 11:41:00,1801.03,1801.05,1801.03,1801.05,0.0,4.6,8287.88,1
2023-02-06,2023-02-06 11:42:00,1801.05,1801.08,1801.05,1801.08,0.0,4.6,8287.88,1
2023-02-06,2023-02-06 11:43:00,1801.08,1801.1,1801.08,1801.1,0.0,4.6,8287.88,1
2023-02-06,2023-02-06 11:44:00,1801.1,1801.12,1801.1,1801.12,0.0,4.6,8287.88,1
2023-02-06,2023-02-06 11:45:00,1801.12,1801.15,1801.12,1801.15,0.0,4.6,8287.88,1
2023-02-06,2023-02-06 11:46:00,1801.15,1801.17,1801.15,1801.17,0.0,4.6,8287.88,1
2023-02-06,2023-02-06 11:47:00,1801.17,1801.2,1801.17,1801.2,0.0,4.6,8287.88,1
2023-02-06,2023-02-06 11:48:00,1801.2,1801.22,1801.2,1801.22,0.0,4.6,8287.88,1
2023-02-06,2023-02-06 11:49:00,1801.22,1801.25,1801.22,1801.25,0.0,4.6,8287.88,1
2023-02-06,2023-02-06 11:50:00,1801.25,1801.28,1801.25,1801.28,0.0,4.6,8287.88,1
2023-02-06,2023-02-06 11:51:00,1801.28,1801.3,1801.28,1801.3,0.0,4.6,8287.88,1
2023-02-06,2023-02-06 11:52:00,1801.3,1801.33,1801.3,1801.33,0.0,4.6,8287.88,1
2023-02-06,2023-02-06 11:53:00,1801.33,1801.35,1801.33,1801.35,0.0,4.6,8287.88,1
2023-02-06,2023-02-06 11:54:00,1801.35,1801.38,1801.35,1801.38,0.0,4.6,8287.88,1
2023-02-06,2023-02-06 11:55:00,1801.38,1801.4,1801.38,1801.4,0.0,4.6,8287.88,1
2023-02-06,2023-02-06 11:56:00,1801.4,1801.42,1801.4,1801.42,0.0,4.6,8287.88,1
2023-02-06,2023-02-06 11:57:00,1801.42,1801.45,1801.42,1801.45,0.0,4.6,8287.88,1
2023-02-06,2023-02-06 11:58:00,1801.45,1801.47,1801.45,1801.47,0.0,4.6,8287.88,1
2023-02-06,2023-02-06 11:59:00,1801.47,1801.5,1801.47,1801.5,0.0,4.6,8287.88,1
2023-02-06,2023-02-06 12:00:00,1801.5,1801.53,1801.5,1801.53,0.0,4.6,8287.88,1
2023-02-06,2023-02-06 12:01:00,1801.53,1801.55,1801.53,1801.55,0.0,4.6,8287.88,1
2023-02-06,2023-02-06 12:02:00,1801.55,1801.58,1801.55,1801.58,0.0,4.6,8287.88,1
2023-02-06,2023-02-06 12:03:00,1801.58,1801.6,1801.58,1801.6,0.0,4.6,8287.88,1
2023-02-06,2023-02-06 12:04:00,1801.6,1801.62,1801.6,1801.62,0.0,4.6,8287.88,1
2023-02-06,2023-02-06 12:05:00,1801.62,1801.65,1801.62,1801.65,0.0,4.6,8287.88,1
2023-02-06,2023-02-06 12:06:00,1801.65,1801.67,1801.65,1801.67,0.0,4.6,8287.88,1
2023-02-06,2023-02-06 12:07:00,1801.67,1801.7,1801.67,1801.7,0.0,4.6,8287.88,1
2023-02-06,2023-02-06 12:08:00,1801.7,1801.72,1801.7,1801.72,0.0,4.6,8287.88,1
2023-02-06,2023-02-06 12:09:00,1801.72,1801.75,1801.72,1801.75,0.0,4.6,8287.88,1
2023-02-06,2023-02-06 12:10:00,1801.75,1801.78,1801.75,1801.78,0.0,4.6,8287.88,1
2023-02-06,2023-02-06 12:11:00,1801.78,1801.8,1801.78,1801.8,0.0,4.6,8287.88,1
2023-02-06,2023-02-06 12:12:00,1801.8,1801.83,1801.8,1801.83,0.0,4.6,8287.88,1
2023-02-06,2023-02-06 12:13:00,1801.83,1801.85,1801.83,1801.85,0.0,4.6,8287.88,1
2023-02-06,2023-02-06 12:14:00,1801.85,1801.88,1801.85,1801.88,0.0,4.6,8287.88,1
2023-02-06,2023-02-06 12:15:00,1801.88,1801.9,1801.88,1801.9,0.0,4.6,8287.88,1
2023-02-06,2023-02-06 12:16:00,1801.9,1801.92,1801.9,1801.92,0.0,4.6,8287.88,1
2023-02-06,2023-02-06 12:17:00,1801.92,1801.95,1801.92,1801.95,0.0,4.6,8287.88,1
2023-02-06,2023-02-06 12:18:00,1801.95,1801.97,1801.95,1801.97,0.0,4.6,8287.88,1
2023-02-06,2023-02-06 12:19:00,1801.97,1802.0,1801.97,1802.0,0.0,4.6,8287.88,1
2023-02-06,2023-02-06 12:20:00,1802.0,1802.03,1802.0,1802.03,0.0,4.6,8287.88,1
2023-02-06,2023-02-06 12:21:00,1802.03,1802.05,1802.03,1802.05,0.0,4.6,8287.88,1
2023-02-06,2023-02-06 12:22:00,1802.05,1802.08,1802.05,1802.08,0.0,4.6,8287.88,1
2023-02-06,2023-02-06 12:23:00,1802.08,1802.1,1802.08,1802.1,0.0,4.6,8287.88,1
2023-02-06,2023-02-06 12:24:00,1802.1,1802.12,1802.1,1802.12,0.0,4.6,8287.88,1
2023-02-06,2023-02-06 12:25:00,1802.12,1802.15,1802.12,1802.15,0.0,4.6,8287.88,1
2023-02-06,2023-02-06 12:26:00,1802.15,1802.17,1802.15,1802.17,0.0,4.6,8287.88,1
2023-02-06,2023-02-06 12:27:00,1802.17,1802.2,1802.17,1802.2,0.0,4.6,8287.88,1
2023-02-06,2023-02-06 12:28:00,1802.2,1802.22,1802.2,1802.22,0.0,4.6,8287.88,1
2023-02-06,2023-02-06 12:29:00,1802.22,1802.25,1802.22,1802.25,0.0,4.6,8287.88,1
2023-02-06,2023-02-06 12:30:00,1802.25,1802.28,1802.25,1802.28,0.0,4.6,8287.88,1
2023-02-06,2023-02-06 12:31:00,1802.28,1802.3,1802.28,1802.3,0.0,4.6,8287.88,1
2023-02-06,2023-02-06 12:32:00,1802.3,1802.33,1802.3,1802.33,0.0,4.6,8287.88,1
2023-02-06,2023-02-06 12:33:00,1802.33,1802.35,1802.33,1802.35,0.0,4.6,8287.88,1
2023-02-06,2023-02-06 12:34:00,1802.35,1802.38,1802.35,1802.38,0.0,4.6,8287.88,1
2023-02-06,2023-02-06 12:35:00,1802.38,1802.4,1802.38,1802.4,0.0,4.6,8287.88,1
2023-02-06,2023-02-06 12:36:00,1802.4,1802.42,1802.4,1802.42,0.0,4.6,8287.88,1
2023-02-06,2023-02-06 12:37:00,1802.42,1802.45,1802.42,1802.45,0.0,4.6,8287.88,1
2023-02-06,2023-02-06 12:38:00,1802.45,1802.47,1802.45,1802.47,0.0,4.6,8287.88,1
2023-02-06,2023-02-06 12:39:00,1802.47,1802.5,1802.47,1802.5,0.0,4.6,8287.88,1
2023-02-06,2023-02-06 12:40:00,1802.5,1802.53,1802.5,1802.53,0.0,4.6,8287.88,1
2023-02-06,2023-02-06 12:41:00,1802.53,1802.55,1802.53,1802.55,0.0,4.6,8287.88,1
2023-02-06,2023-02-06 12:42:00,1802.55,1802.58,1802.55,1802.58,0.0,4.6,8287.88,1
2023-02-06,2023-02-06 12:43:00,1802.58,1802.6,1802.58,1802.6,0.0,4.6,8287.88,1
2023-02-06,2023-02-06 12:44:00,1802.6,1802.62,1802.6,1802.62,0.0,4.6,8287.88,1
2023-02-06,2023-02-06 12:45:00,1802.62,1802.65,1802.62,1802.65,0.0,4.6,8287.88,1
2023-02-06,2023-02-06 12:46:00,1802.65,1802.67,1802.65,1802.67,0.0,4.6,8287.88,1
2023-02-06,2023-02-06 12:47:00,1802.67,1802.7,1802.67,1802.7,0.0,4.6,8287.88,1
2023-02-06,2023-02-06 12:48:00,1802.7,1802.72,1802.7,1802.72,0.0,4.6,8287.88,1
2023-02-06,2023-02-06 12:49:00,1802.72,1802.75,1802.72,1802.75,0.0,4.6,8287.88,1
2023-02-06,2023-02-06 12:50:00,1802.75,1802.78,1802.75,1802.78,0.0,4.6,8287.88,1
2023-02-06,2023-02-06 12:51:00,1802.78,1802.8,1802.78,1802.8,0.0,4.6,8287.88,1
2023-02-06,2023-02-06 12:52:00,1802.8,1802.83,1802.8,1802.83,0.0,4.6,8287.88,1
2023-02-06,2023-02-06 12:53:00,1802.83,1802.85,1802.83,1802.85,0.0,4.6,8287.88,1
2023-02-06,2023-02-06 12:54:00,1802.85,1802.88,1802.85,1802.88,0.0,4.6,8287.88,1
2023-02-06,2023-02-06 12:55:00,1802.88,1802.9,1802.88,1802.9,0.0,4.6,8287.88,1
2023-02-06,2023-02-06 12:56:00,1802.9,1802.92,1802.9,1802.92,0.0,4.6,8287.88,1
2023-02-06,2023-02-06 12:57:00,1802.92,1802.95,1802.92,1802.95,0.0,4.6,8287.88,1
2023-02-06,2023-02-06 12:58:00,1802.95,1802.97,1802.95,1802.97,0.0,4.6,8287.88,1
2023-02-06,2023-02-06 12:59:00,1802.97,1803.0,1802.97,1803.0,0.0,4.6,8287.88,1
2023-02-06,2023-02-06 13:00:00,1803.0,1821.0,1786.0,1803.03,0.0,4.6,8287.88,1
2023-02-06,2023-02-06 13:01:00,1803.03,1803.05,1803.03,1803.05,0.0,4.6,8287.88,1
2023-02-06,2023-02-06 13:02:00,1803.05,1803.08,1803.05,1803.08,0.0,4.6,8287.88,1
2023-02-06,2023-02-06 13:03:00,1803.08,1803.1,1803.08,1803.1,0.0,4.6,8287.88,1
2023-02-06,2023-02-06 13:04:00,1803.1,1803.12,1803.1,1803.12,0.0,4.6,8287.88,1
2023-02-06,2023-02-06 13:05:00,1803.12,1803.15,1803.12,1803.15,0.0,4.6,8287.88,1
2023-02-06,2023-02-06 13:06:00,1803.15,1803.17,1803.15,1803.17,0.0,4.6,8287.88,1
2023-02-06,2023-02-06 13:07:00,1803.17,1803.2,1803.17,1803.2,0.0,4.6,8287.88,1
2023-02-06,2023-02-06 13:08:00,1803.2,1803.22,1803.2,1803.22,0.0,4.6,8287.88,1
2023-02-06,2023-02-06 13:09:00,1803.22,1803.25,1803.22,1803.25,0.0,4.6,8287.88,1
2023-02-06,2023-02-06 13:10:00,1803.25,1803.28,1803.25,1803.28,0.0,4.6,8287.88,1
2023-02-06,2023-02-06 13:11:00,1803.28,1803.3,1803.28,1803.3,0.0,4.6,8287.88,1
2023-02-06,2023-02-06 13:12:00,1803.3,1803.33,1803.3,1803.33,0.0,4.6,8287.88,1
2023-02-06,2023-02-06 13:13:00,1803.33,1803.35,1803.33,1803.35,0.0,4.6,8287.88,1
2023-02-06,2023-02-06 13:14:00,1803.35,1803.38,1803.35,1803.38,0.0,4.6,8287.88,1
2023-02-06,2023-02-06 13:15:00,1803.38,1803.4,1803.38,1803.4,0.0,4.6,8287.88,1
2023-02-06,2023-02-06 13:16:00,1803.4,1803.42,1803.4,1803.42,0.0,4.6,8287.88,1
2023-02-06,2023-02-06 13:17:00,1803.42,1803.45,1803.42,1803.45,0.0,4.6,8287.88,1
2023-02-06,2023-02-06 13:18:00,1803.45,1803.47,1803.45,1803.47,0.0,4.6,8287.88,1
2023-02-06,2023-02-06 13:19:00,1803.47,1803.5,1803.47,1803.5,0.0,4.6,8287.88,1
2023-02-06,2023-02-06 13:20:00,1803.5,1803.53,1803.5,1803.53,0.0,4.6,8287.88,1
2023-02-06,2023-02-06 13:21:00,1803.53,1803.55,1803.53,1803.55,0.0,4.6,8287.88,1
2023-02-06,2023-02-06 13:22:00,1803.55,1803.58,1803.55,1803.58,0.0,4.6,8287.88,1
2023-02-06,2023-02-06 13:23:00,1803.58,1803.6,1803.58,1803.6,0.0,4.6,8287.88,1
2023-02-06,2023-02-06 13:24:00,1803.6,1803.62,1803.6,1803.62,0.0,4.6,8287.88,1
2023-02-06,2023-02-06 13:25:00,1803.62,1803.65,1803.62,1803.65,0.0,4.6,8287.88,1
2023-02-06,2023-02-06 13:26:00,1803.65,1803.67,1803.65,1803.67,0.0,4.6,8287.88,1
2023-02-06,2023-02-06 13:27:00,1803.67,1803.7,1803.67,1803.7,0.0,4.6,8287.88,1
2023-02-06,2023-02-06 13:28:00,1803.7,1803.72,1803.7,1803.72,0.0,4.6,8287.88,1
2023-02-06,2023-02-06 13:29:00,1803.72,1803.75,1803.72,1803.75,0.0,4.6,8287.88,1
2023-02-06,2023-02-06 13:30:00,1803.75,1803.78,1803.75,1803.78,0.0,4.6,8287.88,1
2023-02-06,2023-02-06 13:31:00,1803.78,1803.8,1803.78,1803.8,0.0,4.6,8287.88,1
2023-02-06,2023-02-06 13:32:00,1803.8,1803.83,1803.8,1803.83,0.0,4.6,8287.88,1
2023-02-06,2023-02-06 13:33:00,1803.83,1803.85,1803.83,1803.85,0.0,4.6,8287.88,1
2023-02-06,2023-02-06 13:34:00,1803.85,1803.88,1803.85,1803.88,0.0,4.6,8287.88,1
2023-02-06,2023-02-06 13:35:00,1803.88,1803.9,1803.88,1803.9,0.0,4.6,8287.88,1
2023-02-06,2023-02-06 13:36:00,1803.9,1803.92,1803.9,1803.92,0.0,4.6,8287.88,1
2023-02-06,2023-02-06 13:37:00,1803.92,1803.95,1803.92,1803.95,0.0,4.6,8287.88,1
2023-02-06,2023-02-06 13:38:00,1803.95,1803.97,1803.95,1803.97,0.0,4.6,8287.88,1
2023-02-06,2023-02-06 13:39:00,1803.97,1804.0,1803.97,1804.0,0.0,4.6,8287.88,1
2023-02-06,2023-02-06 13:40:00,1804.0,1804.03,1804.0,1804.03,0.0,4.6,8287.88,1
2023-02-06,2023-02-06 13:41:00,1804.03,1804.05,1804.03,1804.05,0.0,4.6,8287.88,1
2023-02-06,2023-02-06 13:42:00,1804.05,1804.08,1804.05,1804.08,0.0,4.6,8287.88,1
2023-02-06,2023-02-06 13:43:00,1804.08,1804.1,1804.08,1804.1,0.0,4.6,8287.88,1
2023-02-06,2023-02-06 13:44:00,1804.1,1804.12,1804.1,1804.12,0.0,4.6,8287.88,1
2023-02-06,2023-02-06 13:45:00,1804.12,1804.15,1804.12,1804.15,0.0,4.6,8287.88,1
2023-02-06,2023-02-06 13:46:00,1804.15,1804.17,1804.15,1804.17,0.0,4.6,8287.88,1
2023-02-06,2023-02-06 13:47:00,1804.17,1804.2,1804.17,1804.2,0.0,4.6,8287.88,1
2023-02-06,2023-02-06 13:48:00,1804.2,1804.22,1804.2,1804.22,0.0,4.6,8287.88,1
2023-02-06,2023-02-06 13:49:00,1804.22,1804.25,1804.22,1804.25,0.0,4.6,8287.88,1
2023-02-06,2023-02-06 13:50:00,1804.25,1804.28,1804.25,1804.28,0.0,4.6,8287.88,1
2023-02-06,2023-02-06 13:51:00,1804.28,1804.3,1804.28,1804.3,0.0,4.6,8287.88,1
2023-02-06,2023-02-06 13:52:00,1804.3,1804.33,1804.3,1804.33,0.0,4.6,8287.88,1
2023-02-06,2023-02-06 13:53:00,1804.33,1804.35,1804.33,1804.35,0.0,4.6,8287.88,1
2023-02-06,2023-02-06 13:54:00,1804.35,1804.38,1804.35,1804.38,0.0,4.6,8287.88,1
2023-02-06,2023-02-06 13:55:00,1804.38,1804.4,1804.38,1804.4,0.0,4.6,8287.88,1
2023-02-06,2023-02-06 13:56:00,1804.4,1804.42,1804.4,1804.42,0.0,4.6,8287.88,1
2023-02-06,2023-02-06 13:57:00,1804.42,1804.45,1804.42,1804.45,0.0,4.6,8287.88,1
2023-02-06,2023-02-06 13:58:00,1804.45,1804.47,1804.45,1804.47,0.0,4.6,8287.88,1
2023-02-06,2023-02-06 13:59:00,1804.47,1804.5,1804.47,1804.5,0.0,4.6,8287.88,1
2023-02-06,2023-02-06 14:00:00,1804.5,1804.53,1804.5,1804.53,0.0,4.6,8287.88,1
2023-02-06,2023-02-06 14:01:00,1804.53,1804.55,1804.53,1804.55,0.0,4.6,8287.88,1
2023-02-06,2023-02-06 14:02:00,1804.55,1804.58,1804.55,1804.58,0.0,4.6,8287.88,1
2023-02-06,2023-02-06 14:03:00,1804.58,1804.6,1804.58,1804.6,0.0,4.6,8287.88,1
2023-02-06,2023-02-06 14:04:00,1804.6,1804.62,1804.6,1804.62,0.0,4.6,8287.88,1
2023-02-06,2023-02-06 14:05:00,1804.62,1804.65,1804.62,1804.65,0.0,4.6,8287.88,1
2023-02-06,2023-02-06 14:06:00,1804.65,1804.67,1804.65,1804.67,0.0,4.6,8287.88,1
2023-02-06,2023-02-06 14:07:00,1804.67,1804.7,1804.67,1804.7,0.0,4.6,8287.88,1
2023-02-06,2023-02-06 14:08:00,1804.7,1804.72,1804.7,1804.72,0.0,4.6,8287.88,1
2023-02-06,2023-02-06 14:09:00,1804.72,1804.75,1804.72,1804.75,0.0,4.6,8287.88,1
2023-02-06,2023-02-06 14:10:00,1804.75,1804.78,1804.75,1804.78,0.0,4.6,8287.88,1
2023-02-06,2023-02-06 14:11:00,1804.78,1804.8,1804.78,1804.8,0.0,4.6,8287.88,1
2023-02-06,2023-02-06 14:12:00,1804.8,1804.83,1804.8,1804.83,0.0,4.6,8287.88,1
2023-02-06,2023-02-06 14:13:00,1804.83,1804.85,1804.83,1804.85,0.0,4.6,8287.88,1
2023-02-06,2023-02-06 14:14:00,1804.85,1804.88,1804.85,1804.88,0.0,4.6,8287.88,1
2023-02-06,2023-02-06 14:15:00,1804.88,1804.9,1804.88,1804.9,0.0,4.6,8287.88,1
2023-02-06,2023-02-06 14:16:00,1804.9,1804.92,1804.9,1804.92,0.0,4.6,8287.88,1
2023-02-06,2023-02-06 14:17:00,1804.92,1804.95,1804.92,1804.95,0.0,4.6,8287.88,1
2023-02-06,2023-02-06 14:18:00,1804.95,1804.97,1804.95,1804.97,0.0,4.6,8287.88,1
2023-02-06,2023-02-06 14:19:00,1804.97,1805.0,1804.97,1805.0,0.0,4.6,8287.88,1
2023-02-06,2023-02-06 14:20:00,1805.0,1805.03,1805.0,1805.03,0.0,4.6,8287.88,1
2023-02-06,2023-02-06 14:21:00,1805.03,1805.05,1805.03,1805.05,0.0,4.6,8287.88,1
2023-02-06,2023-02-06 14:22:00,1805.05,1805.08,1805.05,1805.08,0.0,4.6,8287.88,1
2023-02-06,2023-02-06 14:23:00,1805.08,1805.1,1805.08,1805.1,0.0,4.6,8287.88,1
2023-02-06,2023-02-06 14:24:00,1805.1,1805.12,1805.1,1805.12,0.0,4.6,8287.88,1
2023-02-06,2023-02-06 14:25:00,1805.12,1805.15,1805.12,1805.15,0.0,4.6,8287.88,1
2023-02-06,2023-02-06 14:26:00,1805.15,1805.17,1805.15,1805.17,0.0,4.6,8287.88,1
2023-02-06,2023-02-06 14:27:00,1805.17,1805.2,1805.17,1805.2,0.0,4.6,8287.88,1
2023-02-06,2023-02-06 14:28:00,1805.2,1805.22,1805.2,1805.22,0.0,4.6,8287.88,1
2023-02-06,2023-02-06 14:29:00,1805.22,1805.25,1805.22,1805.25,0.0,4.6,8287.88,1
2023-02-06,2023-02-06 14:30:00,1805.25,1805.28,1805.25,1805.28,0.0,4.6,8287.88,1
2023-02-06,2023-02-06 14:31:00,1805.28,1805.3,1805.28,1805.3,0.0,4.6,8287.88,1
2023-02-06,2023-02-06 14:32:00,1805.3,1805.33,1805.3,1805.33,0.0,4.6,8287.88,1
2023-02-06,2023-02-06 14:33:00,1805.33,1805.35,1805.33,1805.35,0.0,4.6,8287.88,1
2023-02-06,2023-02-06 14:34:00,1805.35,1805.38,1805.35,1805.38,0.0,4.6,8287.88,1
2023-02-06,2023-02-06 14:35:00,1805.38,1805.4,1805.38,1805.4,0.0,4.6,8287.88,1
2023-02-06,2023-02-06 14:36:00,1805.4,1805.42,1805.4,1805.42,0.0,4.6,8287.88,1
2023-02-06,2023-02-06 14:37:00,1805.42,1805.45,1805.42,1805.45,0.0,4.6,8287.88,1
2023-02-06,2023-02-06 14:38:00,1805.45,1805.47,1805.45,1805.47,0.0,4.6,8287.88,1
2023-02-06,2023-02-06 14:39:00,1805.47,1805.5,1805.47,1805.5,0.0,4.6,8287.88,1
2023-02-06,2023-02-06 14:40:00,1805.5,1805.53,1805.5,1805.53,0.0,4.6,8287.88,1
2023-02-06,2023-02-06 14:41:00,1805.53,1805.55,1805.53,1805.55,0.0,4.6,8287.88,1
2023-02-06,2023-02-06 14:42:00,1805.55,1805.58,1805.55,1805.58,0.0,4.6,8287.88,1
2023-02-06,2023-02-06 14:43:00,1805.58,1805.6,1805.58,1805.6,0.0,4.6,8287.88,1
2023-02-06,2023-02-06 14:44:00,1805.6,1805.62,1805.6,1805.62,0.0,4.6,8287.88,1
2023-02-06,2023-02-06 14:45:00,1805.62,1805.65,1805.62,1805.65,0.0,4.6,8287.88,1
2023-02-06,2023-02-06 14:46:00,1805.65,1805.67,1805.65,1805.67,0.0,4.6,8287.88,1
2023-02-06,2023-02-06 14:47:00,1805.67,1805.7,1805.67,1805.7,0.0,4.6,8287.88,1
2023-02-06,2023-02-06 14:48:00,1805.7,1805.72,1805.7,1805.72,0.0,4.6,8287.88,1
2023-02-06,2023-02-06 14:49:00,1805.72,1805.75,1805.72,1805.75,0.0,4.6,8287.88,1
2023-02-06,2023-02-06 14:50:00,1805.75,1805.78,1805.75,1805.78,0.0,4.6,8287.88,1
2023-02-06,2023-02-06 14:51:00,1805.78,1805.8,1805.78,1805.8,0.0,4.6,8287.88,1
2023-02-06,2023-02-06 14:52:00,1805.8,1805.83,1805.8,1805.83,0.0,4.6,8287.88,1
2023-02-06,2023-02-06 14:53:00,1805.83,1805.85,1805.83,1805.85,0.0,4.6,8287.88,1
2023-02-06,2023-02-06 14:54:00,1805.85,1805.88,1805.85,1805.88,0.0,4.6,8287.88,1
2023-02-06,2023-02-06 14:55:00,1805.88,1805.9,1805.88,1805.9,0.0,4.6,8287.88,1
2023-02-06,2023-02-06 14:56:00,1805.9,1805.92,1805.9,1805.92,0.0,4.6,8287.88,1
2023-02-06,2023-02-06 14:57:00,1805.92,1805.95,1805.92,1805.95,0.0,4.6,8287.88,1
2023-02-06,2023-02-06 14:58:00,1805.95,1805.97,1805.95,1805.97,0.0,4.6,8287.88,1
2023-02-06,2023-02-06 14:59:00,1805.97,1806.0,1805.97,1806.0,0.0,4.6,8287.88,1
2023-02-06,2023-02-06 15:00:00,1806.0,1821.0,1786.0,1806.0,0.0,4.6,8287.88,0
2023-02-07,2023-02-07 11:00:00,1800.0,1824.9,1798.5,1800.35,0.02,10.77,19759.77,1
2023-02-07,2023-02-07 11:01:00,1800.35,1800.69,1800.35,1800.69,0.02,10.77,19759.77,1
2023-02-07,2023-02-07 11:02:00,1800.69,1801.04,1800.69,1801.04,0.02,10.77,19759.77,1
2023-02-07,2023-02-07 11:03:00,1801.04,1801.38,1801.04,1801.38,0.02,10.77,19759.77,1
2023-02-07,2023-02-07 11:04:00,1801.38,1801.73,1801.38,1801.73,0.02,10.77,19759.77,1
2023-02-07,2023-02-07 11:05:00,1801.73,1802.08,1801.73,1802.08,0.02,10.77,19759.77,1
2023-02-07,2023-02-07 11:06:00,1802.08,1802.42,1802.08,1802.42,0.02,10.77,19759.77,1
2023-02-07,2023-02-07 11:07:00,1802.42,1802.77,1802.42,1802.77,0.02,10.77,19759.77,1
2023-02-07,2023-02-07 11:08:00,1802.77,1803.11,1802.77,1803.11,0.02,10.77,19759.77,1
2023-02-07,2023-02-07 11:09:00,1803.11,1803.46,1803.11,1803.46,0.02,10.77,19759.77,1
2023-02-07,2023-02-07 11:10:00,1803.46,1803.8,1803.46,1803.8,0.02,10.77,19759.77,1
2023-02-07,2023-02-07 11:11:00,1803.8,1804.15,1803.8,1804.15,0.02,10.77,19759.77,1
2023-02-07,2023-02-07 11:12:00,1804.15,1804.5,1804.15,1804.5,0.02,10.77,19759.77,1
2023-02-07,2023-02-07 11:13:00,1804.5,1804.84,1804.5,1804.84,0.02,10.77,19759.77,1
2023-02-07,2023-02-07 11:14:00,1804.84,1805.19,1804.84,1805.19,0.02,10.77,19759.77,1
2023-02-07,2023-02-07 11:15:00,1805.19,1805.53,1805.19,1805.53,0.02,10.77,19759.77,1
2023-02-07,2023-02-07 11:16:00,1805.53,1805.88,1805.53,1805.88,0.02,10.77,19759.77,1
2023-02-07,2023-02-07 11:17:00,1805.88,1806.22,1805.88,1806.22,0.02,10.77,19759.77,1
2023-02-07,2023-02-07 11:18:00,1806.22,1806.57,1806.22,1806.57,0.02,10.77,19759.77,1
2023-02-07,2023-02-07 11:19:00,1806.57,1806.92,1806.57,1806.92,0.02,10.77,19759.77,1
2023-02-07,2023-02-07 11:20:00,1806.92,1807.26,1806.92,1807.26,0.02,10.77,19759.77,1
2023-02-07,2023-02-07 11:21:00,1807.26,1807.61,1807.26,1807.61,0.02,10.77,19759.77,1
2023-02-07,2023-02-07 11:22:00,1807.61,1807.95,1807.61,1807.95,0.02,10.77,19759.77,1
2023-02-07,2023-02-07 11:23:00,1807.95,1808.3,1807.95,1808.3,0.02,10.77,19759.77,1
2023-02-07,2023-02-07 11:24:00,1808.3,1808.65,1808.3,1808.65,0.02,10.77,19759.77,1
2023-02-07,2023-02-07 11:25:00,1808.65,1808.99,1808.65,1808.99,0.02,10.77,19759.77,1
2023-02-07,2023-02-07 11:26:00,1808.99,1809.34,1808.99,1809.34,0.02,10.77,19759.77,1
2023-02-07,2023-02-07 11:27:00,1809.34,1809.68,1809.34,1809.68,0.02,10.77,19759.77,1
2023-02-07,2023-02-07 11:28:00,1809.68,1810.03,1809.68,1810.03,0.02,10.77,19759.77,1
2023-02-07,2023-02-07 11:29:00,1810.03,1810.38,1810.03,1810.38,0.02,10.77,19759.77,1
2023-02-07,2023-02-07 11:30:00,1810.38,1810.72,1810.38,1810.72,0.02,10.77,19759.77,1
2023-02-07,2023-02-07 11:31:00,1810.72,1811.07,1810.72,1811.07,0.02,10.77,19759.77,1
2023-02-07,2023-02-07 11:32:00,1811.07,1811.41,1811.07,1811.41,0.02,10.77,19759.77,1
2023-02-07,2023-02-07 11:33:00,1811.41,1811.76,1811.41,1811.76,0.02,10.77,19759.77,1
2023-02-07,2023-02-07 11:34:00,1811.76,1812.1,1811.76,1812.1,0.02,10.77,19759.77,1
2023-02-07,2023-02-07 11:35:00,1812.1,1812.45,1812.1,1812.45,0.02,10.77,19759.77,1
2023-02-07,2023-02-07 11:36:00,1812.45,1812.8,1812.45,1812.8,0.02,10.77,19759.77,1
2023-02-07,2023-02-07 11:37:00,1812.8,1813.14,1812.8,1813.14,0.02,10.77,19759.77,1
2023-02-07,2023-02-07 11:38:00,1813.14,1813.49,1813.14,1813.49,0.02,10.77,19759.77,1
2023-02-07,2023-02-07 11:39:00,1813.49,1813.83,1813.49,1813.83,0.02,10.77,19759.77,1
2023-02-07,2023-02-07 11:40:00,1813.83,1814.18,1813.83,1814.18,0.02,10.77,19759.77,1
2023-02-07,2023-02-07 11:41:00,1814.18,1814.53,1814.18,1814.53,0.02,10.77,19759.77,1
2023-02-07,2023-02-07 11:42:00,1814.53,1814.87,1814.53,1814.87,0.02,10.77,19759.77,1
2023-02-07,2023-02-07 11:43:00,1814.87,1815.22,1814.87,1815.22,0.02,10.77,19759.77,1
2023-02-07,2023-02-07 11:44:00,1815.22,1815.56,1815.22,1815.56,0.02,10.77,19759.77,1
2023-02-07,2023-02-07 11:45:00,1815.56,1815.91,1815.56,1815.91,0.02,10.77,19759.77,1
2023-02-07,2023-02-07 11:46:00,1815.91,1816.25,1815.91,1816.25,0.02,10.77,19759.77,1
2023-02-07,2023-02-07 11:47:00,1816.25,1816.6,1816.25,1816.6,0.02,10.77,19759.77,1
2023-02-07,2023-02-07 11:48:00,1816.6,1816.95,1816.6,1816.95,0.02,10.77,19759.77,1
2023-02-07,2023-02-07 11:49:00,1816.95,1817.29,1816.95,1817.29,0.02,10.77,19759.77,1
2023-02-07,2023-02-07 11:50:00,1817.29,1817.64,1817.29,1817.64,0.02,10.77,19759.77,1
2023-02-07,2023-02-07 11:51:00,1817.64,1817.98,1817.64,1817.98,0.02,10.77,19759.77,1
2023-02-07,2023-02-07 11:52:00,1817.98,1818.33,1817.98,1818.33,0.02,10.77,19759.77,1
2023-02-07,2023-02-07 11:53:00,1818.33,1818.67,1818.33,1818.67,0.02,10.77,19759.77,1
2023-02-07,2023-02-07 11:54:00,1818.67,1819.02,1818.67,1819.02,0.02,10.77,19759.77,1
2023-02-07,2023-02-07 11:55:00,1819.02,1819.37,1819.02,1819.37,0.02,10.77,19759.77,1
2023-02-07,2023-02-07 11:56:00,1819.37,1819.71,1819.37,1819.71,0.02,10.77,19759.77,1
2023-02-07,2023-02-07 11:57:00,1819.71,1820.06,1819.71,1820.06,0.02,10.77,19759.77,1
2023-02-07,2023-02-07 11:58:00,1820.06,1820.4,1820.06,1820.4,0.02,10.77,19759.77,1
2023-02-07,2023-02-07 11:59:00,1820.4,1820.75,1820.4,1820.75,0.02,10.77,19759.77,1
2023-02-07,2023-02-07 12:00:00,1820.75,1821.1,1820.75,1821.1,0.02,10.77,19759.77,1
2023-02-07,2023-02-07 12:01:00,1821.1,1821.44,1821.1,1821.44,0.02,10.77,19759.77,1
2023-02-07,2023-02-07 12:02:00,1821.44,1821.79,1821.44,1821.79,0.02,10.77,19759.77,1
2023-02-07,2023-02-07 12:03:00,1821.79,1822.13,1821.79,1822.13,0.02,10.77,19759.77,1
2023-02-07,2023-02-07 12:04:00,1822.13,1822.48,1822.13,1822.48,0.02,10.77,19759.77,1
2023-02-07,2023-02-07 12:05:00,1822.48,1822.83,1822.48,1822.83,0.02,10.77,19759.77,1
2023-02-07,2023-02-07 12:06:00,1822.83,1823.17,1822.83,1823.17,0.02,10.77,19759.77,1
2023-02-07,2023-02-07 12:07:00,1823.17,1823.52,1823.17,1823.52,0.02,10.77,19759.77,1
2023-02-07,2023-02-07 12:08:00,1823.52,1823.86,1823.52,1823.86,0.02,10.77,19759.77,1
2023-02-07,2023-02-07 12:09:00,1823.86,1824.21,1823.86,1824.21,0.02,10.77,19759.77,1
2023-02-07,2023-02-07 12:10:00,1824.21,1824.55,1824.21,1824.55,0.02,10.77,19759.77,1
2023-02-07,2023-02-07 12:11:00,1824.55,1824.9,1824.55,1824.9,0.02,10.77,19759.77,1
2023-02-07,2023-02-07 12:12:00,1824.9,1825.25,1824.9,1825.25,0.02,10.77,19759.77,1
2023-02-07,2023-02-07 12:13:00,1825.25,1825.59,1825.25,1825.59,0.02,10.77,19759.77,1
2023-02-07,2023-02-07 12:14:00,1825.59,1825.94,1825.59,1825.94,0.02,10.77,19759.77,1
2023-02-07,2023-02-07 12:15:00,1825.94,1826.28,1825.94,1826.28,0.02,10.77,19759.77,1
2023-02-07,2023-02-07 12:16:00,1826.28,1826.63,1826.28,1826.63,0.02,10.77,19759.77,1
2023-02-07,2023-02-07 12:17:00,1826.63,1826.97,1826.63,1826.97,0.02,10.77,19759.77,1
2023-02-07,2023-02-07 12:18:00,1826.97,1827.32,1826.97,1827.32,0.02,10.77,19759.77,1
2023-02-07,2023-02-07 12:19:00,1827.32,1827.67,1827.32,1827.67,0.02,10.77,19759.77,1
2023-02-07,2023-02-07 12:20:00,1827.67,1828.01,1827.67,1828.01,0.02,10.77,19759.77,1
2023-02-07,2023-02-07 12:21:00,1828.01,1828.36,1828.01,1828.36,0.02,10.77,19759.77,1
2023-02-07,2023-02-07 12:22:00,1828.36,1828.7,1828.36,1828.7,0.02,10.77,19759.77,1
2023-02-07,2023-02-07 12:23:00,1828.7,1829.05,1828.7,1829.05,0.02,10.77,19759.77,1
2023-02-07,2023-02-07 12:24:00,1829.05,1829.4,1829.05,1829.4,0.02,10.77,19759.77,1
2023-02-07,2023-02-07 12:25:00,1829.4,1829.74,1829.4,1829.74,0.02,10.77,19759.77,1
2023-02-07,2023-02-07 12:26:00,1829.74,1830.09,1829.74,1830.09,0.02,10.77,19759.77,1
2023-02-07,2023-02-07 12:27:00,1830.09,1830.43,1830.09,1830.43,0.02,10.77,19759.77,1
2023-02-07,2023-02-07 12:28:00,1830.43,1830.78,1830.43,1830.78,0.02,10.77,19759.77,1
2023-02-07,2023-02-07 12:29:00,1830.78,1831.12,1830.78,1831.12,0.02,10.77,19759.77,1
2023-02-07,2023-02-07 12:30:00,1831.12,1831.47,1831.12,1831.47,0.02,10.77,19759.77,1
2023-02-07,2023-02-07 12:31:00,1831.47,1831.82,1831.47,1831.82,0.02,10.77,19759.77,1
2023-02-07,2023-02-07 12:32:00,1831.82,1832.16,1831.82,1832.16,0.02,10.77,19759.77,1
2023-02-07,2023-02-07 12:33:00,1832.16,1832.51,1832.16,1832.51,0.02,10.77,19759.77,1
2023-02-07,2023-02-07 12:34:00,1832.51,1832.85,1832.51,1832.85,0.02,10.77,19759.77,1
2023-02-07,2023-02-07 12:35:00,1832.85,1833.2,1832.85,1833.2,0.02,10.77,19759.77,1
2023-02-07,2023-02-07 12:36:00,1833.2,1833.55,1833.2,1833.55,0.02,10.77,19759.77,1
2023-02-07,2023-02-07 12:37:00,1833.55,1833.89,1833.55,1833.89,0.02,10.77,19759.77,1
2023-02-07,2023-02-07 12:38:00,1833.89,1834.24,1833.89,1834.24,0.02,10.77,19759.77,1
2023-02-07,2023-02-07 12:39:00,1834.24,1834.58,1834.24,1834.58,0.02,10.77,19759.77,1
2023-02-07,2023-02-07 12:40:00,1834.58,1834.93,1834.58,1834.93,0.02,10.77,19759.77,1
2023-02-07,2023-02-07 12:41:00,1834.93,1835.28,1834.93,1835.28,0.02,10.77,19759.77,1
2023-02-07,2023-02-07 12:42:00,1835.28,1835.62,1835.28,1835.62,0.02,10.77,19759.77,1
2023-02-07,2023-02-07 12:43:00,1835.62,1835.97,1835.62,1835.97,0.02,10.77,19759.77,1
2023-02-07,2023-02-07 12:44:00,1835.97,1836.31,1835.97,1836.31,0.02,10.77,19759.77,1
2023-02-07,2023-02-07 12:45:00,1836.31,1836.66,1836.31,1836.66,0.02,10.77,19759.77,1
2023-02-07,2023-02-07 12:46:00,1836.66,1837.0,1836.66,1837.0,0.02,10.77,19759.77,1
2023-02-07,2023-02-07 12:47:00,1837.0,1837.35,1837.0,1837.35,0.02,10.77,19759.77,1
2023-02-07,2023-02-07 12:48:00,1837.35,1837.7,1837.35,1837.7,0.02,10.77,19759.77,1
2023-02-07,2023-02-07 12:49:00,1837.7,1838.04,1837.7,1838.04,0.02,10.77,19759.77,1
2023-02-07,2023-02-07 12:50:00,1838.04,1838.39,1838.04,1838.39,0.02,10.77,19759.77,1
2023-02-07,2023-02-07 12:51:00,1838.39,1838.73,1838.39,1838.73,0.02,10.77,19759.77,1
2023-02-07,2023-02-07 12:52:00,1838.73,1839.08,1838.73,1839.08,0.02,10.77,19759.77,1
2023-02-07,2023-02-07 12:53:00,1839.08,1839.42,1839.08,1839.42,0.02,10.77,19759.77,1
2023-02-07,2023-02-07 12:54:00,1839.42,1839.77,1839.42,1839.77,0.02,10.77,19759.77,1
2023-02-07,2023-02-07 12:55:00,1839.77,1840.12,1839.77,1840.12,0.02,10.77,19759.77,1
2023-02-07,2023-02-07 12:56:00,1840.12,1840.46,1840.12,1840.46,0.02,10.77,19759.77,1
2023-02-07,2023-02-07 12:57:00,1840.46,1840.81,1840.46,1840.81,0.02,10.77,19759.77,1
2023-02-07,2023-02-07 12:58:00,1840.81,1841.15,1840.81,1841.15,0.02,10.77,19759.77,1
2023-02-07,2023-02-07 12:59:00,1841.15,1841.5,1841.15,1841.5,0.02,10.77,19759.77,1
2023-02-07,2023-02-07 13:00:00,1841.5,1883.0,1795.0,1841.85,0.02,10.77,19759.77,1
2023-02-07,2023-02-07 13:01:00,1841.85,1842.19,1841.85,1842.19,0.02,10.77,19759.77,1
2023-02-07,2023-02-07 13:02:00,1842.19,1842.54,1842.19,1842.54,0.02,10.77,19759.77,1
2023-02-07,2023-02-07 13:03:00,1842.54,1842.88,1842.54,1842.88,0.02,10.77,19759.77,1
2023-02-07,2023-02-07 13:04:00,1842.88,1843.23,1842.88,1843.23,0.02,10.77,19759.77,1
2023-02-07,2023-02-07 13:05:00,1843.23,1843.58,1843.23,1843.58,0.02,10.77,19759.77,1
2023-02-07,2023-02-07 13:06:00,1843.58,1843.92,1843.58,1843.92,0.02,10.77,19759.77,1
2023-02-07,2023-02-07 13:07:00,1843.92,1844.27,1843.92,1844.27,0.02,10.77,19759.77,1
2023-02-07,2023-02-07 13:08:00,1844.27,1844.61,1844.27,1844.61,0.02,10.77,19759.77,1
2023-02-07,2023-02-07 13:09:00,1844.61,1844.96,1844.61,1844.96,0.02,10.77,19759.77,1
2023-02-07,2023-02-07 13:10:00,1844.96,1845.3,1844.96,1845.3,0.02,10.77,19759.77,1
2023-02-07,2023-02-07 13:11:00,1845.3,1845.65,1845.3,1845.65,0.02,10.77,19759.77,1
2023-02-07,2023-02-07 13:12:00,1845.65,1846.0,1845.65,1846.0,0.02,10.77,19759.77,1
2023-02-07,2023-02-07 13:13:00,1846.0,1846.34,1846.0,1846.34,0.02,10.77,19759.77,1
2023-02-07,2023-02-07 13:14:00,1846.34,1846.69,1846.34,1846.69,0.02,10.77,19759.77,1
2023-02-07,2023-02-07 13:15:00,1846.69,1847.03,1846.69,1847.03,0.02,10.77,19759.77,1
2023-02-07,2023-02-07 13:16:00,1847.03,1847.38,1847.03,1847.38,0.02,10.77,19759.77,1
2023-02-07,2023-02-07 13:17:00,1847.38,1847.72,1847.38,1847.72,0.02,10.77,19759.77,1
2023-02-07,2023-02-07 13:18:00,1847.72,1848.07,1847.72,1848.07,0.02,10.77,19759.77,1
2023-02-07,2023-02-07 13:19:00,1848.07,1848.42,1848.07,1848.42,0.02,10.77,19759.77,1
2023-02-07,2023-02-07 13:20:00,1848.42,1848.76,1848.42,1848.76,0.02,10.77,19759.77,1
2023-02-07,2023-02-07 13:21:00,1848.76,1849.11,1848.76,1849.11,0.02,10.77,19759.77,1
2023-02-07,2023-02-07 13:22:00,1849.11,1849.45,1849.11,1849.45,0.02,10.77,19759.77,1
2023-02-07,2023-02-07 13:23:00,1849.45,1849.8,1849.45,1849.8,0.02,10.77,19759.77,1
2023-02-07,2023-02-07 13:24:00,1849.8,1850.15,1849.8,1850.15,0.02,10.77,19759.77,1
2023-02-07,2023-02-07 13:25:00,1850.15,1850.49,1850.15,1850.49,0.02,10.77,19759.77,1
2023-02-07,2023-02-07 13:26:00,1850.49,1850.84,1850.49,1850.84,0.02,10.77,19759.77,1
2023-02-07,2023-02-07 13:27:00,1850.84,1851.18,1850.84,1851.18,0.02,10.77,19759.77,1
2023-02-07,2023-02-07 13:28:00,1851.18,1851.53,1851.18,1851.53,0.02,10.77,19759.77,1
2023-02-07,2023-02-07 13:29:00,1851.53,1851.88,1851.53,1851.88,0.02,10.77,19759.77,1
2023-02-07,2023-02-07 13:30:00,1851.88,1852.22,1851.88,1852.22,0.02,10.77,19759.77,1
2023-02-07,2023-02-07 13:31:00,1852.22,1852.57,1852.22,1852.57,0.02,10.77,19759.77,1
2023-02-07,2023-02-07 13:32:00,1852.57,1852.91,1852.57,1852.91,0.02,10.77,19759.77,1
2023-02-07,2023-02-07 13:33:00,1852.91,1853.26,1852.91,1853.26,0.02,10.77,19759.77,1
2023-02-07,2023-02-07 13:34:00,1853.26,1853.6,1853.26,1853.6,0.02,10.77,19759.77,1
2023-02-07,2023-02-07 13:35:00,1853.6,1853.95,1853.6,1853.95,0.02,10.77,19759.77,1
2023-02-07,2023-02-07 13:36:00,1853.95,1854.3,1853.95,1854.3,0.02,10.77,19759.77,1
2023-02-07,2023-02-07 13:37:00,1854.3,1854.64,1854.3,1854.64,0.02,10.77,19759.77,1
2023-02-07,2023-02-07 13:38:00,1854.64,1854.99,1854.64,1854.99,0.02,10.77,19759.77,1
2023-02-07,2023-02-07 13:39:00,1854.99,1855.33,1854.99,1855.33,0.02,10.77,19759.77,1
2023-02-07,2023-02-07 13:40:00,1855.33,1855.68,1855.33,1855.68,0.02,10.77,19759.77,1
2023-02-07,2023-02-07 13:41:00,1855.68,1856.03,1855.68,1856.03,0.02,10.77,19759.77,1
2023-02-07,2023-02-07 13:42:00,1856.03,1856.37,1856.03,1856.37,0.02,10.77,19759.77,1
2023-02-07,2023-02-07 13:43:00,1856.37,1856.72,1856.37,1856.72,0.02,10.77,19759.77,1
2023-02-07,2023-02-07 13:44:00,1856.72,1857.06,1856.72,1857.06,0.02,10.77,19759.77,1
2023-02-07,2023-02-07 13:45:00,1857.06,1857.41,1857.06,1857.41,0.02,10.77,19759.77,1
2023-02-07,2023-02-07 13:46:00,1857.41,1857.75,1857.41,1857.75,0.02,10.77,19759.77,1
2023-02-07,2023-02-07 13:47:00,1857.75,1858.1,1857.75,1858.1,0.02,10.77,19759.77,1
2023-02-07,2023-02-07 13:48:00,1858.1,1858.45,1858.1,1858.45,0.02,10.77,19759.77,1
2023-02-07,2023-02-07 13:49:00,1858.45,1858.79,1858.45,1858.79,0.02,10.77,19759.77,1
2023-02-07,2023-02-07 13:50:00,1858.79,1859.14,1858.79,1859.14,0.02,10.77,19759.77,1
2023-02-07,2023-02-07 13:51:00,1859.14,1859.48,1859.14,1859.48,0.02,10.77,19759.77,1
2023-02-07,2023-02-07 13:52:00,1859.48,1859.83,1859.48,1859.83,0.02,10.77,19759.77,1
2023-02-07,2023-02-07 13:53:00,1859.83,1860.17,1859.83,1860.17,0.02,10.77,19759.77,1
2023-02-07,2023-02-07 13:54:00,1860.17,1860.52,1860.17,1860.52,0.02,10.77,19759.77,1
2023-02-07,2023-02-07 13:55:00,1860.52,1860.87,1860.52,1860.87,0.02,10.77,19759.77,1
2023-02-07,2023-02-07 13:56:00,1860.87,1861.21,1860.87,1861.21,0.02,10.77,19759.77,1
2023-02-07,2023-02-07 13:57:00,1861.21,1861.56,1861.21,1861.56,0.02,10.77,19759.77,1
2023-02-07,2023-02-07 13:58:00,1861.56,1861.9,1861.56,1861.9,0.02,10.77,19759.77,1
2023-02-07,2023-02-07 13:59:00,1861.9,1862.25,1861.9,1862.25,0.02,10.77,19759.77,1
2023-02-07,2023-02-07 14:00:00,1862.25,1862.6,1862.25,1862.6,0.02,10.77,19759.77,1
2023-02-07,2023-02-07 14:01:00,1862.6,1862.94,1862.6,1862.94,0.02,10.77,19759.77,1
2023-02-07,2023-02-07 14:02:00,1862.94,1863.29,1862.94,1863.29,0.02,10.77,19759.77,1
2023-02-07,2023-02-07 14:03:00,1863.29,1863.63,1863.29,1863.63,0.02,10.77,19759.77,1
2023-02-07,2023-02-07 14:04:00,1863.63,1863.98,1863.63,1863.98,0.02,10.77,19759.77,1
2023-02-07,2023-02-07 14:05:00,1863.98,1864.33,1863.98,1864.33,0.02,10.77,19759.77,1
2023-02-07,2023-02-07 14:06:00,1864.33,1864.67,1864.33,1864.67,0.02,10.77,19759.77,1
2023-02-07,2023-02-07 14:07:00,1864.67,1865.02,1864.67,1865.02,0.02,10.77,19759.77,1
2023-02-07,2023-02-07 14:08:00,1865.02,1865.36,1865.02,1865.36,0.02,10.77,19759.77,1
2023-02-07,2023-02-07 14:09:00,1865.36,1865.71,1865.36,1865.71,0.02,10.77,19759.77,1
2023-02-07,2023-02-07 14:10:00,1865.71,1866.05,1865.71,1866.05,0.02,10.77,19759.77,1
2023-02-07,2023-02-07 14:11:00,1866.05,1866.4,1866.05,1866.4,0.02,10.77,19759.77,1
2023-02-07,2023-02-07 14:12:00,1866.4,1866.75,1866.4,1866.75,0.02,10.77,19759.77,1
2023-02-07,2023-02-07 14:13:00,1866.75,1867.09,1866.75,1867.09,0.02,10.77,19759.77,1
2023-02-07,2023-02-07 14:14:00,1867.09,1867.44,1867.09,1867.44,0.02,10.77,19759.77,1
2023-02-07,2023-02-07 14:15:00,1867.44,1867.78,1867.44,1867.78,0.02,10.77,19759.77,1
2023-02-07,2023-02-07 14:16:00,1867.78,1868.13,1867.78,1868.13,0.02,10.77,19759.77,1
2023-02-07,2023-02-07 14:17:00,1868.13,1868.47,1868.13,1868.47,0.02,10.77,19759.77,1
2023-02-07,2023-02-07 14:18:00,1868.47,1868.82,1868.47,1868.82,0.02,10.77,19759.77,1
2023-02-07,2023-02-07 14:19:00,1868.82,1869.17,1868.82,1869.17,0.02,10.77,19759.77,1
2023-02-07,2023-02-07 14:20:00,1869.17,1869.51,1869.17,1869.51,0.02,10.77,19759.77,1
2023-02-07,2023-02-07 14:21:00,1869.51,1869.86,1869.51,1869.86,0.02,10.77,19759.77,1
2023-02-07,2023-02-07 14:22:00,1869.86,1870.2,1869.86,1870.2,0.02,10.77,19759.77,1
2023-02-07,2023-02-07 14:23:00,1870.2,1870.55,1870.2,1870.55,0.02,10.77,19759.77,1
2023-02-07,2023-02-07 14:24:00,1870.55,1870.9,1870.55,1870.9,0.02,10.77,19759.77,1
2023-02-07,2023-02-07 14:25:00,1870.9,1871.24,1870.9,1871.24,0.02,10.77,19759.77,1
2023-02-07,2023-02-07 14:26:00,1871.24,1871.59,1871.24,1871.59,0.02,10.77,19759.77,1
2023-02-07,2023-02-07 14:27:00,1871.59,1871.93,1871.59,1871.93,0.02,10.77,19759.77,1
2023-02-07,2023-02-07 14:28:00,1871.93,1872.28,1871.93,1872.28,0.02,10.77,19759.77,1
2023-02-07,2023-02-07 14:29:00,1872.28,1872.62,1872.28,1872.62,0.02,10.77,19759.77,1
2023-02-07,2023-02-07 14:30:00,1872.62,1872.97,1872.62,1872.97,0.02,10.77,19759.77,1
2023-02-07,2023-02-07 14:31:00,1872.97,1873.32,1872.97,1873.32,0.02,10.77,19759.77,1
2023-02-07,2023-02-07 14:32:00,1873.32,1873.66,1873.32,1873.66,0.02,10.77,19759.77,1
2023-02-07,2023-02-07 14:33:00,1873.66,1874.01,1873.66,1874.01,0.02,10.77,19759.77,1
2023-02-07,2023-02-07 14:34:00,1874.01,1874.35,1874.01,1874.35,0.02,10.77,19759.77,1
2023-02-07,2023-02-07 14:35:00,1874.35,1874.7,1874.35,1874.7,0.02,10.77,19759.77,1
2023-02-07,2023-02-07 14:36:00,1874.7,1875.05,1874.7,1875.05,0.02,10.77,19759.77,1
2023-02-07,2023-02-07 14:37:00,1875.05,1875.39,1875.05,1875.39,0.02,10.77,19759.77,1
2023-02-07,2023-02-07 14:38:00,1875.39,1875.74,1875.39,1875.74,0.02,10.77,19759.77,1
2023-02-07,2023-02-07 14:39:00,1875.74,1876.08,1875.74,1876.08,0.02,10.77,19759.77,1
2023-02-07,2023-02-07 14:40:00,1876.08,1876.43,1876.08,1876.43,0.02,10.77,19759.77,1
2023-02-07,2023-02-07 14:41:00,1876.43,1876.78,1876.43,1876.78,0.02,10.77,19759.77,1
2023-02-07,2023-02-07 14:42:00,1876.78,1877.12,1876.78,1877.12,0.02,10.77,19759.77,1
2023-02-07,2023-02-07 14:43:00,1877.12,1877.47,1877.12,1877.47,0.02,10.77,19759.77,1
2023-02-07,2023-02-07 14:44:00,1877.47,1877.81,1877.47,1877.81,0.02,10.77,19759.77,1
2023-02-07,2023-02-07 14:45:00,1877.81,1878.16,1877.81,1878.16,0.02,10.77,19759.77,1
2023-02-07,2023-02-07 14:46:00,1878.16,1878.5,1878.16,1878.5,0.02,10.77,19759.77,1
2023-02-07,2023-02-07 14:47:00,1878.5,1878.85,1878.5,1878.85,0.02,10.77,19759.77,1
2023-02-07,2023-02-07 14:48:00,1878.85,1879.2,1878.85,1879.2,0.02,10.77,19759.77,1
2023-02-07,2023-02-07 14:49:00,1879.2,1879.54,1879.2,1879.54,0.02,10.77,19759.77,1
2023-02-07,2023-02-07 14:50:00,1879.54,1879.89,1879.54,1879.89,0.02,10.77,19759.77,1
2023-02-07,2023-02-07 14:51:00,1879.89,1880.23,1879.89,1880.23,0.02,10.77,19759.77,1
2023-02-07,2023-02-07 14:52:00,1880.23,1880.58,1880.23,1880.58,0.02,10.77,19759.77,1
2023-02-07,2023-02-07 14:53:00,1880.58,1880.92,1880.58,1880.92,0.02,10.77,19759.77,1
2023-02-07,2023-02-07 14:54:00,1880.92,1881.27,1880.92,1881.27,0.02,10.77,19759.77,1
2023-02-07,2023-02-07 14:55:00,1881.27,1881.62,1881.27,1881.62,0.02,10.77,19759.77,1
2023-02-07,2023-02-07 14:56:00,1881.62,1881.96,1881.62,1881.96,0.02,10.77,19759.77,1
2023-02-07,2023-02-07 14:57:00,1881.96,1882.31,1881.96,1882.31,0.02,10.77,19759.77,1
2023-02-07,2023-02-07 14:58:00,1882.31,1882.65,1882.31,1882.65,0.02,10.77,19759.77,1
2023-02-07,2023-02-07 14:59:00,1882.65,1883.0,1882.65,1883.0,0.02,10.77,19759.77,1
2023-02-07,2023-02-07 15:00:00,1883.0,1883.0,1795.0,1883.0,0.0,10.77,19759.77,0
2023-02-08,2023-02-08 11:00:00,1899.0,1899.0,1881.33,1898.89,-0.01,4.1,7640.95,-1
2023-02-08,2023-02-08 11:01:00,1898.89,1898.89,1898.78,1898.78,-0.01,4.1,7640.95,-1
2023-02-08,2023-02-08 11:02:00,1898.78,1898.78,1898.67,1898.67,-0.01,4.1,7640.95,-1
2023-02-08,2023-02-08 11:03:00,1898.67,1898.67,1898.57,1898.57,-0.01,4.1,7640.95,-1
2023-02-08,2023-02-08 11:04:00,1898.57,1898.57,1898.46,1898.46,-0.01,4.1,7640.95,-1
2023-02-08,2023-02-08 11:05:00,1898.46,1898.46,1898.35,1898.35,-0.01,4.1,7640.95,-1
2023-02-08,2023-02-08 11:06:00,1898.35,1898.35,1898.24,1898.24,-0.01,4.1,7640.95,-1
2023-02-08,2023-02-08 11:07:00,1898.24,1898.24,1898.13,1898.13,-0.01,4.1,7640.95,-1
2023-02-08,2023-02-08 11:08:00,1898.13,1898.13,1898.03,1898.03,-0.01,4.1,7640.95,-1
2023-02-08,2023-02-08 11:09:00,1898.03,1898.03,1897.92,1897.92,-0.01,4.1,7640.95,-1
2023-02-08,2023-02-08 11:10:00,1897.92,1897.92,1897.81,1897.81,-0.01,4.1,7640.95,-1
2023-02-08,2023-02-08 11:11:00,1897.81,1897.81,1897.7,1897.7,-0.01,4.1,7640.95,-1
2023-02-08,2023-02-08 11:12:00,1897.7,1897.7,1897.59,1897.59,-0.01,4.1,7640.95,-1
2023-02-08,2023-02-08 11:13:00,1897.59,1897.59,1897.48,1897.48,-0.01,4.1,7640.95,-1
2023-02-08,2023-02-08 11:14:00,1897.48,1897.48,1897.38,1897.38,-0.01,4.1,7640.95,-1
2023-02-08,2023-02-08 11:15:00,1897.38,1897.38,1897.27,1897.27,-0.01,4.1,7640.95,-1
2023-02-08,2023-02-08 11:16:00,1897.27,1897.27,1897.16,1897.16,-0.01,4.1,7640.95,-1
2023-02-08,2023-02-08 11:17:00,1897.16,1897.16,1897.05,1897.05,-0.01,4.1,7640.95,-1
2023-02-08,2023-02-08 11:18:00,1897.05,1897.05,1896.94,1896.94,-0.01,4.1,7640.95,-1
2023-02-08,2023-02-08 11:19:00,1896.94,1896.94,1896.83,1896.83,-0.01,4.1,7640.95,-1
2023-02-08,2023-02-08 11:20:00,1896.83,1896.83,1896.72,1896.72,-0.01,4.1,7640.95,-1
2023-02-08,2023-02-08 11:21:00,1896.72,1896.72,1896.62,1896.62,-0.01,4.1,7640.95,-1
2023-02-08,2023-02-08 11:22:00,1896.62,1896.62,1896.51,1896.51,-0.01,4.1,7640.95,-1
2023-02-08,2023-02-08 11:23:00,1896.51,1896.51,1896.4,1896.4,-0.01,4.1,7640.95,-1
2023-02-08,2023-02-08 11:24:00,1896.4,1896.4,1896.29,1896.29,-0.01,4.1,7640.95,-1
2023-02-08,2023-02-08 11:25:00,1896.29,1896.29,1896.18,1896.18,-0.01,4.1,7640.95,-1
2023-02-08,2023-02-08 11:26:00,1896.18,1896.18,1896.08,1896.08,-0.01,4.1,7640.95,-1
2023-02-08,2023-02-08 11:27:00,1896.08,1896.08,1895.97,1895.97,-0.01,4.1,7640.95,-1
2023-02-08,2023-02-08 11:28:00,1895.97,1895.97,1895.86,1895.86,-0.01,4.1,7640.95,-1
2023-02-08,2023-02-08 11:29:00,1895.86,1895.86,1895.75,1895.75,-0.01,4.1,7640.95,-1
2023-02-08,2023-02-08 11:30:00,1895.75,1895.75,1895.64,1895.64,-0.01,4.1,7640.95,-1
2023-02-08,2023-02-08 11:31:00,1895.64,1895.64,1895.53,1895.53,-0.01,4.1,7640.95,-1
2023-02-08,2023-02-08 11:32:00,1895.53,1895.53,1895.42,1895.42,-0.01,4.1,7640.95,-1
2023-02-08,2023-02-08 11:33:00,1895.42,1895.42,1895.32,1895.32,-0.01,4.1,7640.95,-1
2023-02-08,2023-02-08 11:34:00,1895.32,1895.32,1895.21,1895.21,-0.01,4.1,7640.95,-1
2023-02-08,2023-02-08 11:35:00,1895.21,1895.21,1895.1,1895.1,-0.01,4.1,7640.95,-1
2023-02-08,2023-02-08 11:36:00,1895.1,1895.1,1894.99,1894.99,-0.01,4.1,7640.95,-1
2023-02-08,2023-02-08 11:37:00,1894.99,1894.99,1894.88,1894.88,-0.01,4.1,7640.95,-1
2023-02-08,2023-02-08 11:38:00,1894.88,1894.88,1894.78,1894.78,-0.01,4.1,7640.95,-1
2023-02-08,2023-02-08 11:39:00,1894.78,1894.78,1894.67,1894.67,-0.01,4.1,7640.95,-1
2023-02-08,2023-02-08 11:40:00,1894.67,1894.67,1894.56,1894.56,-0.01,4.1,7640.95,-1
2023-02-08,2023-02-08 11:41:00,1894.56,1894.56,1894.45,1894.45,-0.01,4.1,7640.95,-1
2023-02-08,2023-02-08 11:42:00,1894.45,1894.45,1894.34,1894.34,-0.01,4.1,7640.95,-1
2023-02-08,2023-02-08 11:43:00,1894.34,1894.34,1894.23,1894.23,-0.01,4.1,7640.95,-1
2023-02-08,2023-02-08 11:44:00,1894.23,1894.23,1894.12,1894.12,-0.01,4.1,7640.95,-1
2023-02-08,2023-02-08 11:45:00,1894.12,1894.12,1894.02,1894.02,-0.01,4.1,7640.95,-1
2023-02-08,2023-02-08 11:46:00,1894.02,1894.02,1893.91,1893.91,-0.01,4.1,7640.95,-1
2023-02-08,2023-02-08 11:47:00,1893.91,1893.91,1893.8,1893.8,-0.01,4.1,7640.95,-1
2023-02-08,2023-02-08 11:48:00,1893.8,1893.8,1893.69,1893.69,-0.01,4.1,7640.95,-1
2023-02-08,2023-02-08 11:49:00,1893.69,1893.69,1893.58,1893.58,-0.01,4.1,7640.95,-1
2023-02-08,2023-02-08 11:50:00,1893.58,1893.58,1893.47,1893.47,-0.01,4.1,7640.95,-1
2023-02-08,2023-02-08 11:51:00,1893.47,1893.47,1893.37,1893.37,-0.01,4.1,7640.95,-1
2023-02-08,2023-02-08 11:52:00,1893.37,1893.37,1893.26,1893.26,-0.01,4.1,7640.95,-1
2023-02-08,2023-02-08 11:53:00,1893.26,1893.26,1893.15,1893.15,-0.01,4.1,7640.95,-1
2023-02-08,2023-02-08 11:54:00,1893.15,1893.15,1893.04,1893.04,-0.01,4.1,7640.95,-1
2023-02-08,2023-02-08 11:55:00,1893.04,1893.04,1892.93,1892.93,-0.01,4.1,7640.95,-1
2023-02-08,2023-02-08 11:56:00,1892.93,1892.93,1892.83,1892.83,-0.01,4.1,7640.95,-1
2023-02-08,2023-02-08 11:57:00,1892.83,1892.83,1892.72,1892.72,-0.01,4.1,7640.95,-1
2023-02-08,2023-02-08 11:58:00,1892.72,1892.72,1892.61,1892.61,-0.01,4.1,7640.95,-1
2023-02-08,2023-02-08 11:59:00,1892.61,1892.61,1892.5,1892.5,-0.01,4.1,7640.95,-1
2023-02-08,2023-02-08 12:00:00,1892.5,1892.5,1892.39,1892.39,-0.01,4.1,7640.95,-1
2023-02-08,2023-02-08 12:01:00,1892.39,1892.39,1892.28,1892.28,-0.01,4.1,7640.95,-1
2023-02-08,2023-02-08 12:02:00,1892.28,1892.28,1892.17,1892.17,-0.01,4.1,7640.95,-1
2023-02-08,2023-02-08 12:03:00,1892.17,1892.17,1892.07,1892.07,-0.01,4.1,7640.95,-1
2023-02-08,2023-02-08 12:04:00,1892.07,1892.07,1891.96,1891.96,-0.01,4.1,7640.95,-1
2023-02-08,2023-02-08 12:05:00,1891.96,1891.96,1891.85,1891.85,-0.01,4.1,7640.95,-1
2023-02-08,2023-02-08 12:06:00,1891.85,1891.85,1891.74,1891.74,-0.01,4.1,7640.95,-1
2023-02-08,2023-02-08 12:07:00,1891.74,1891.74,1891.63,1891.63,-0.01,4.1,7640.95,-1
2023-02-08,2023-02-08 12:08:00,1891.63,1891.63,1891.53,1891.53,-0.01,4.1,7640.95,-1
2023-02-08,2023-02-08 12:09:00,1891.53,1891.53,1891.42,1891.42,-0.01,4.1,7640.95,-1
2023-02-08,2023-02-08 12:10:00,1891.42,1891.42,1891.31,1891.31,-0.01,4.1,7640.95,-1
2023-02-08,2023-02-08 12:11:00,1891.31,1891.31,1891.2,1891.2,-0.01,4.1,7640.95,-1
2023-02-08,2023-02-08 12:12:00,1891.2,1891.2,1891.09,1891.09,-0.01,4.1,7640.95,-1
2023-02-08,2023-02-08 12:13:00,1891.09,1891.09,1890.98,1890.98,-0.01,4.1,7640.95,-1
2023-02-08,2023-02-08 12:14:00,1890.98,1890.98,1890.88,1890.88,-0.01,4.1,7640.95,-1
2023-02-08,2023-02-08 12:15:00,1890.88,1890.88,1890.77,1890.77,-0.01,4.1,7640.95,-1
2023-02-08,2023-02-08 12:16:00,1890.77,1890.77,1890.66,1890.66,-0.01,4.1,7640.95,-1
2023-02-08,2023-02-08 12:17:00,1890.66,1890.66,1890.55,1890.55,-0.01,4.1,7640.95,-1
2023-02-08,2023-02-08 12:18:00,1890.55,1890.55,1890.44,1890.44,-0.01,4.1,7640.95,-1
2023-02-08,2023-02-08 12:19:00,1890.44,1890.44,1890.33,1890.33,-0.01,4.1,7640.95,-1
2023-02-08,2023-02-08 12:20:00,1890.33,1890.33,1890.22,1890.22,-0.01,4.1,7640.95,-1
2023-02-08,2023-02-08 12:21:00,1890.22,1890.22,1890.12,1890.12,-0.01,4.1,7640.95,-1
2023-02-08,2023-02-08 12:22:00,1890.12,1890.12,1890.01,1890.01,-0.01,4.1,7640.95,-1
2023-02-08,2023-02-08 12:23:00,1890.01,1890.01,1889.9,1889.9,-0.01,4.1,7640.95,-1
2023-02-08,2023-02-08 12:24:00,1889.9,1889.9,1889.79,1889.79,-0.01,4.1,7640.95,-1
2023-02-08,2023-02-08 12:25:00,1889.79,1889.79,1889.68,1889.68,-0.01,4.1,7640.95,-1
2023-02-08,2023-02-08 12:26:00,1889.68,1889.68,1889.58,1889.58,-0.01,4.1,7640.95,-1
2023-02-08,2023-02-08 12:27:00,1889.58,1889.58,1889.47,1889.47,-0.01,4.1,7640.95,-1
2023-02-08,2023-02-08 12:28:00,1889.47,1889.47,1889.36,1889.36,-0.01,4.1,7640.95,-1
2023-02-08,2023-02-08 12:29:00,1889.36,1889.36,1889.25,1889.25,-0.01,4.1,7640.95,-1
2023-02-08,2023-02-08 12:30:00,1889.25,1889.25,1889.14,1889.14,-0.01,4.1,7640.95,-1
2023-02-08,2023-02-08 12:31:00,1889.14,1889.14,1889.03,1889.03,-0.01,4.1,7640.95,-1
2023-02-08,2023-02-08 12:32:00,1889.03,1889.03,1888.92,1888.92,-0.01,4.1,7640.95,-1
2023-02-08,2023-02-08 12:33:00,1888.92,1888.92,1888.82,1888.82,-0.01,4.1,7640.95,-1
2023-02-08,2023-02-08 12:34:00,1888.82,1888.82,1888.71,1888.71,-0.01,4.1,7640.95,-1
2023-02-08,2023-02-08 12:35:00,1888.71,1888.71,1888.6,1888.6,-0.01,4.1,7640.95,-1
2023-02-08,2023-02-08 12:36:00,1888.6,1888.6,1888.49,1888.49,-0.01,4.1,7640.95,-1
2023-02-08,2023-02-08 12:37:00,1888.49,1888.49,1888.38,1888.38,-0.01,4.1,7640.95,-1
2023-02-08,2023-02-08 12:38:00,1888.38,1888.38,1888.28,1888.28,-0.01,4.1,7640.95,-1
2023-02-08,2023-02-08 12:39:00,1888.28,1888.28,1888.17,1888.17,-0.01,4.1,7640.95,-1
2023-02-08,2023-02-08 12:40:00,1888.17,1888.17,1888.06,1888.06,-0.01,4.1,7640.95,-1
2023-02-08,2023-02-08 12:41:00,1888.06,1888.06,1887.95,1887.95,-0.01,4.1,7640.95,-1
2023-02-08,2023-02-08 12:42:00,1887.95,1887.95,1887.84,1887.84,-0.01,4.1,7640.95,-1
2023-02-08,2023-02-08 12:43:00,1887.84,1887.84,1887.73,1887.73,-0.01,4.1,7640.95,-1
2023-02-08,2023-02-08 12:44:00,1887.73,1887.73,1887.62,1887.62,-0.01,4.1,7640.95,-1
2023-02-08,2023-02-08 12:45:00,1887.62,1887.62,1887.52,1887.52,-0.01,4.1,7640.95,-1
2023-02-08,2023-02-08 12:46:00,1887.52,1887.52,1887.41,1887.41,-0.01,4.1,7640.95,-1
2023-02-08,2023-02-08 12:47:00,1887.41,1887.41,1887.3,1887.3,-0.01,4.1,7640.95,-1
2023-02-08,2023-02-08 12:48:00,1887.3,1887.3,1887.19,1887.19,-0.01,4.1,7640.95,-1
2023-02-08,2023-02-08 12:49:00,1887.19,1887.19,1887.08,1887.08,-0.01,4.1,7640.95,-1
2023-02-08,2023-02-08 12:50:00,1887.08,1887.08,1886.97,1886.97,-0.01,4.1,7640.95,-1
2023-02-08,2023-02-08 12:51:00,1886.97,1886.97,1886.87,1886.87,-0.01,4.1,7640.95,-1
2023-02-08,2023-02-08 12:52:00,1886.87,1886.87,1886.76,1886.76,-0.01,4.1,7640.95,-1
2023-02-08,2023-02-08 12:53:00,1886.76,1886.76,1886.65,1886.65,-0.01,4.1,7640.95,-1
2023-02-08,2023-02-08 12:54:00,1886.65,1886.65,1886.54,1886.54,-0.01,4.1,7640.95,-1
2023-02-08,2023-02-08 12:55:00,1886.54,1886.54,1886.43,1886.43,-0.01,4.1,7640.95,-1
2023-02-08,2023-02-08 12:56:00,1886.43,1886.43,1886.33,1886.33,-0.01,4.1,7640.95,-1
2023-02-08,2023-02-08 12:57:00,1886.33,1886.33,1886.22,1886.22,-0.01,4.1,7640.95,-1
2023-02-08,2023-02-08 12:58:00,1886.22,1886.22,1886.11,1886.11,-0.01,4.1,7640.95,-1
2023-02-08,2023-02-08 12:59:00,1886.11,1886.11,1886.0,1886.0,-0.01,4.1,7640.95,-1
2023-02-08,2023-02-08 13:00:00,1886.0,1899.0,1840.1,1885.89,-0.01,4.1,7640.95,-1
2023-02-08,2023-02-08 13:01:00,1885.89,1885.89,1885.78,1885.78,-0.01,4.1,7640.95,-1
2023-02-08,2023-02-08 13:02:00,1885.78,1885.78,1885.67,1885.67,-0.01,4.1,7640.95,-1
2023-02-08,2023-02-08 13:03:00,1885.67,1885.67,1885.57,1885.57,-0.01,4.1,7640.95,-1
2023-02-08,2023-02-08 13:04:00,1885.57,1885.57,1885.46,1885.46,-0.01,4.1,7640.95,-1
2023-02-08,2023-02-08 13:05:00,1885.46,1885.46,1885.35,1885.35,-0.01,4.1,7640.95,-1
2023-02-08,2023-02-08 13:06:00,1885.35,1885.35,1885.24,1885.24,-0.01,4.1,7640.95,-1
2023-02-08,2023-02-08 13:07:00,1885.24,1885.24,1885.13,1885.13,-0.01,4.1,7640.95,-1
2023-02-08,2023-02-08 13:08:00,1885.13,1885.13,1885.03,1885.03,-0.01,4.1,7640.95,-1
2023-02-08,2023-02-08 13:09:00,1885.03,1885.03,1884.92,1884.92,-0.01,4.1,7640.95,-1
2023-02-08,2023-02-08 13:10:00,1884.92,1884.92,1884.81,1884.81,-0.01,4.1,7640.95,-1
2023-02-08,2023-02-08 13:11:00,1884.81,1884.81,1884.7,1884.7,-0.01,4.1,7640.95,-1
2023-02-08,2023-02-08 13:12:00,1884.7,1884.7,1884.59,1884.59,-0.01,4.1,7640.95,-1
2023-02-08,2023-02-08 13:13:00,1884.59,1884.59,1884.48,1884.48,-0.01,4.1,7640.95,-1
2023-02-08,2023-02-08 13:14:00,1884.48,1884.48,1884.38,1884.38,-0.01,4.1,7640.95,-1
2023-02-08,2023-02-08 13:15:00,1884.38,1884.38,1884.27,1884.27,-0.01,4.1,7640.95,-1
2023-02-08,2023-02-08 13:16:00,1884.27,1884.27,1884.16,1884.16,-0.01,4.1,7640.95,-1
2023-02-08,2023-02-08 13:17:00,1884.16,1884.16,1884.05,1884.05,-0.01,4.1,7640.95,-1
2023-02-08,2023-02-08 13:18:00,1884.05,1884.05,1883.94,1883.94,-0.01,4.1,7640.95,-1
2023-02-08,2023-02-08 13:19:00,1883.94,1883.94,1883.83,1883.83,-0.01,4.1,7640.95,-1
2023-02-08,2023-02-08 13:20:00,1883.83,1883.83,1883.72,1883.72,-0.01,4.1,7640.95,-1
2023-02-08,2023-02-08 13:21:00,1883.72,1883.72,1883.62,1883.62,-0.01,4.1,7640.95,-1
2023-02-08,2023-02-08 13:22:00,1883.62,1883.62,1883.51,1883.51,-0.01,4.1,7640.95,-1
2023-02-08,2023-02-08 13:23:00,1883.51,1883.51,1883.4,1883.4,-0.01,4.1,7640.95,-1
2023-02-08,2023-02-08 13:24:00,1883.4,1883.4,1883.29,1883.29,-0.01,4.1,7640.95,-1
2023-02-08,2023-02-08 13:25:00,1883.29,1883.29,1883.18,1883.18,-0.01,4.1,7640.95,-1
2023-02-08,2023-02-08 13:26:00,1883.18,1883.18,1883.08,1883.08,-0.01,4.1,7640.95,-1
2023-02-08,2023-02-08 13:27:00,1883.08,1883.08,1882.97,1882.97,-0.01,4.1,7640.95,-1
2023-02-08,2023-02-08 13:28:00,1882.97,1882.97,1882.86,1882.86,-0.01,4.1,7640.95,-1
2023-02-08,2023-02-08 13:29:00,1882.86,1882.86,1882.75,1882.75,-0.01,4.1,7640.95,-1
2023-02-08,2023-02-08 13:30:00,1882.75,1882.75,1882.64,1882.64,-0.01,4.1,7640.95,-1
2023-02-08,2023-02-08 13:31:00,1882.64,1882.64,1882.53,1882.53,-0.01,4.1,7640.95,-1
2023-02-08,2023-02-08 13:32:00,1882.53,1882.53,1882.42,1882.42,-0.01,4.1,7640.95,-1
2023-02-08,2023-02-08 13:33:00,1882.42,1882.42,1882.32,1882.32,-0.01,4.1,7640.95,-1
2023-02-08,2023-02-08 13:34:00,1882.32,1882.32,1882.21,1882.21,-0.01,4.1,7640.95,-1
2023-02-08,2023-02-08 13:35:00,1882.21,1882.21,1882.1,1882.1,-0.01,4.1,7640.95,-1
2023-02-08,2023-02-08 13:36:00,1882.1,1882.1,1881.99,1881.99,-0.01,4.1,7640.95,-1
2023-02-08,2023-02-08 13:37:00,1881.99,1881.99,1881.88,1881.88,-0.01,4.1,7640.95,-1
2023-02-08,2023-02-08 13:38:00,1881.88,1881.88,1881.78,1881.78,-0.01,4.1,7640.95,-1
2023-02-08,2023-02-08 13:39:00,1881.78,1881.78,1881.67,1881.67,-0.01,4.1,7640.95,-1
2023-02-08,2023-02-08 13:40:00,1881.67,1881.67,1881.56,1881.56,-0.01,4.1,7640.95,-1
2023-02-08,2023-02-08 13:41:00,1881.56,1881.56,1881.45,1881.45,-0.01,4.1,7640.95,-1
2023-02-08,2023-02-08 13:42:00,1881.45,1881.45,1881.34,1881.34,-0.01,4.1,7640.95,-1
2023-02-08,2023-02-08 13:43:00,1881.34,1881.34,1881.23,1881.23,-0.01,4.1,7640.95,-1
2023-02-08,2023-02-08 13:44:00,1881.23,1881.23,1881.12,1881.12,-0.01,4.1,7640.95,-1
2023-02-08,2023-02-08 13:45:00,1881.12,1881.12,1881.02,1881.02,-0.01,4.1,7640.95,-1
2023-02-08,2023-02-08 13:46:00,1881.02,1881.02,1880.91,1880.91,-0.01,4.1,7640.95,-1
2023-02-08,2023-02-08 13:47:00,1880.91,1880.91,1880.8,1880.8,-0.01,4.1,7640.95,-1
2023-02-08,2023-02-08 13:48:00,1880.8,1880.8,1880.69,1880.69,-0.01,4.1,7640.95,-1
2023-02-08,2023-02-08 13:49:00,1880.69,1880.69,1880.58,1880.58,-0.01,4.1,7640.95,-1
2023-02-08,2023-02-08 13:50:00,1880.58,1880.58,1880.47,1880.47,-0.01,4.1,7640.95,-1
2023-02-08,2023-02-08 13:51:00,1880.47,1880.47,1880.37,1880.37,-0.01,4.1,7640.95,-1
2023-02-08,2023-02-08 13:52:00,1880.37,1880.37,1880.26,1880.26,-0.01,4.1,7640.95,-1
2023-02-08,2023-02-08 13:53:00,1880.26,1880.26,1880.15,1880.15,-0.01,4.1,7640.95,-1
2023-02-08,2023-02-08 13:54:00,1880.15,1880.15,1880.04,1880.04,-0.01,4.1,7640.95,-1
2023-02-08,2023-02-08 13:55:00,1880.04,1880.04,1879.93,1879.93,-0.01,4.1,7640.95,-1
2023-02-08,2023-02-08 13:56:00,1879.93,1879.93,1879.83,1879.83,-0.01,4.1,7640.95,-1
2023-02-08,2023-02-08 13:57:00,1879.83,1879.83,1879.72,1879.72,-0.01,4.1,7640.95,-1
2023-02-08,2023-02-08 13:58:00,1879.72,1879.72,1879.61,1879.61,-0.01,4.1,7640.95,-1
2023-02-08,2023-02-08 13:59:00,1879.61,1879.61,1879.5,1879.5,-0.01,4.1,7640.95,-1
2023-02-08,2023-02-08 14:00:00,1879.5,1879.5,1879.39,1879.39,-0.01,4.1,7640.95,-1
2023-02-08,2023-02-08 14:01:00,1879.39,1879.39,1879.28,1879.28,-0.01,4.1,7640.95,-1
2023-02-08,2023-02-08 14:02:00,1879.28,1879.28,1879.17,1879.17,-0.01,4.1,7640.95,-1
2023-02-08,2023-02-08 14:03:00,1879.17,1879.17,1879.07,1879.07,-0.01,4.1,7640.95,-1
2023-02-08,2023-02-08 14:04:00,1879.07,1879.07,1878.96,1878.96,-0.01,4.1,7640.95,-1
2023-02-08,2023-02-08 14:05:00,1878.96,1878.96,1878.85,1878.85,-0.01,4.1,7640.95,-1
2023-02-08,2023-02-08 14:06:00,1878.85,1878.85,1878.74,1878.74,-0.01,4.1,7640.95,-1
2023-02-08,2023-02-08 14:07:00,1878.74,1878.74,1878.63,1878.63,-0.01,4.1,7640.95,-1
2023-02-08,2023-02-08 14:08:00,1878.63,1878.63,1878.53,1878.53,-0.01,4.1,7640.95,-1
2023-02-08,2023-02-08 14:09:00,1878.53,1878.53,1878.42,1878.42,-0.01,4.1,7640.95,-1
2023-02-08,2023-02-08 14:10:00,1878.42,1878.42,1878.31,1878.31,-0.01,4.1,7640.95,-1
2023-02-08,2023-02-08 14:11:00,1878.31,1878.31,1878.2,1878.2,-0.01,4.1,7640.95,-1
2023-02-08,2023-02-08 14:12:00,1878.2,1878.2,1878.09,1878.09,-0.01,4.1,7640.95,-1
2023-02-08,2023-02-08 14:13:00,1878.09,1878.09,1877.98,1877.98,-0.01,4.1,7640.95,-1
2023-02-08,2023-02-08 14:14:00,1877.98,1877.98,1877.88,1877.88,-0.01,4.1,7640.95,-1
2023-02-08,2023-02-08 14:15:00,1877.88,1877.88,1877.77,1877.77,-0.01,4.1,7640.95,-1
2023-02-08,2023-02-08 14:16:00,1877.77,1877.77,1877.66,1877.66,-0.01,4.1,7640.95,-1
2023-02-08,2023-02-08 14:17:00,1877.66,1877.66,1877.55,1877.55,-0.01,4.1,7640.95,-1
2023-02-08,2023-02-08 14:18:00,1877.55,1877.55,1877.44,1877.44,-0.01,4.1,7640.95,-1
2023-02-08,2023-02-08 14:19:00,1877.44,1877.44,1877.33,1877.33,-0.01,4.1,7640.95,-1
2023-02-08,2023-02-08 14:20:00,1877.33,1877.33,1877.22,1877.22,-0.01,4.1,7640.95,-1
2023-02-08,2023-02-08 14:21:00,1877.22,1877.22,1877.12,1877.12,-0.01,4.1,7640.95,-1
2023-02-08,2023-02-08 14:22:00,1877.12,1877.12,1877.01,1877.01,-0.01,4.1,7640.95,-1
2023-02-08,2023-02-08 14:23:00,1877.01,1877.01,1876.9,1876.9,-0.01,4.1,7640.95,-1
2023-02-08,2023-02-08 14:24:00,1876.9,1876.9,1876.79,1876.79,-0.01,4.1,7640.95,-1
2023-02-08,2023-02-08 14:25:00,1876.79,1876.79,1876.68,1876.68,-0.01,4.1,7640.95,-1
2023-02-08,2023-02-08 14:26:00,1876.68,1876.68,1876.58,1876.58,-0.01,4.1,7640.95,-1
2023-02-08,2023-02-08 14:27:00,1876.58,1876.58,1876.47,1876.47,-0.01,4.1,7640.95,-1
2023-02-08,2023-02-08 14:28:00,1876.47,1876.47,1876.36,1876.36,-0.01,4.1,7640.95,-1
2023-02-08,2023-02-08 14:29:00,1876.36,1876.36,1876.25,1876.25,-0.01,4.1,7640.95,-1
2023-02-08,2023-02-08 14:30:00,1876.25,1876.25,1876.14,1876.14,-0.01,4.1,7640.95,-1
2023-02-08,2023-02-08 14:31:00,1876.14,1876.14,1876.03,1876.03,-0.01,4.1,7640.95,-1
2023-02-08,2023-02-08 14:32:00,1876.03,1876.03,1875.92,1875.92,-0.01,4.1,7640.95,-1
2023-02-08,2023-02-08 14:33:00,1875.92,1875.92,1875.82,1875.82,-0.01,4.1,7640.95,-1
2023-02-08,2023-02-08 14:34:00,1875.82,1875.82,1875.71,1875.71,-0.01,4.1,7640.95,-1
2023-02-08,2023-02-08 14:35:00,1875.71,1875.71,1875.6,1875.6,-0.01,4.1,7640.95,-1
2023-02-08,2023-02-08 14:36:00,1875.6,1875.6,1875.49,1875.49,-0.01,4.1,7640.95,-1
2023-02-08,2023-02-08 14:37:00,1875.49,1875.49,1875.38,1875.38,-0.01,4.1,7640.95,-1
2023-02-08,2023-02-08 14:38:00,1875.38,1875.38,1875.28,1875.28,-0.01,4.1,7640.95,-1
2023-02-08,2023-02-08 14:39:00,1875.28,1875.28,1875.17,1875.17,-0.01,4.1,7640.95,-1
2023-02-08,2023-02-08 14:40:00,1875.17,1875.17,1875.06,1875.06,-0.01,4.1,7640.95,-1
2023-02-08,2023-02-08 14:41:00,1875.06,1875.06,1874.95,1874.95,-0.01,4.1,7640.95,-1
2023-02-08,2023-02-08 14:42:00,1874.95,1874.95,1874.84,1874.84,-0.01,4.1,7640.95,-1
2023-02-08,2023-02-08 14:43:00,1874.84,1874.84,1874.73,1874.73,-0.01,4.1,7640.95,-1
2023-02-08,2023-02-08 14:44:00,1874.73,1874.73,1874.62,1874.62,-0.01,4.1,7640.95,-1
2023-02-08,2023-02-08 14:45:00,1874.62,1874.62,1874.52,1874.52,-0.01,4.1,7640.95,-1
2023-02-08,2023-02-08 14:46:00,1874.52,1874.52,1874.41,1874.41,-0.01,4.1,7640.95,-1
2023-02-08,2023-02-08 14:47:00,1874.41,1874.41,1874.3,1874.3,-0.01,4.1,7640.95,-1
2023-02-08,2023-02-08 14:48:00,1874.3,1874.3,1874.19,1874.19,-0.01,4.1,7640.95,-1
2023-02-08,2023-02-08 14:49:00,1874.19,1874.19,1874.08,1874.08,-0.01,4.1,7640.95,-1
2023-02-08,2023-02-08 14:50:00,1874.08,1874.08,1873.97,1873.97,-0.01,4.1,7640.95,-1
2023-02-08,2023-02-08 14:51:00,1873.97,1873.97,1873.87,1873.87,-0.01,4.1,7640.95,-1
2023-02-08,2023-02-08 14:52:00,1873.87,1873.87,1873.76,1873.76,-0.01,4.1,7640.95,-1
2023-02-08,2023-02-08 14:53:00,1873.76,1873.76,1873.65,1873.65,-0.01,4.1,7640.95,-1
2023-02-08,2023-02-08 14:54:00,1873.65,1873.65,1873.54,1873.54,-0.01,4.1,7640.95,-1
2023-02-08,2023-02-08 14:55:00,1873.54,1873.54,1873.43,1873.43,-0.01,4.1,7640.95,-1
2023-02-08,2023-02-08 14:56:00,1873.43,1873.43,1873.33,1873.33,-0.01,4.1,7640.95,-1
2023-02-08,2023-02-08 14:57:00,1873.33,1873.33,1873.22,1873.22,-0.01,4.1,7640.95,-1
2023-02-08,2023-02-08 14:58:00,1873.22,1873.22,1873.11,1873.11,-0.01,4.1,7640.95,-1
2023-02-08,2023-02-08 14:59:00,1873.11,1873.11,1873.0,1873.0,-0.01,4.1,7640.95,-1
2023-02-08,2023-02-08 15:00:00,1873.0,1899.0,1840.1,1873.0,0.0,4.1,7640.95,0
2023-02-09,2023-02-09 11:00:00,1840.1,1861.07,1838.57,1840.22,0.01,3.44,6407.52,1
2023-02-09,2023-02-09 11:01:00,1840.22,1840.35,1840.22,1840.35,0.01,3.44,6407.52,1
2023-02-09,2023-02-09 11:02:00,1840.35,1840.47,1840.35,1840.47,0.01,3.44,6407.52,1
2023-02-09,2023-02-09 11:03:00,1840.47,1840.6,1840.47,1840.6,0.01,3.44,6407.52,1
2023-02-09,2023-02-09 11:04:00,1840.6,1840.72,1840.6,1840.72,0.01,3.44,6407.52,1
2023-02-09,2023-02-09 11:05:00,1840.72,1840.85,1840.72,1840.85,0.01,3.44,6407.52,1
2023-02-09,2023-02-09 11:06:00,1840.85,1840.97,1840.85,1840.97,0.01,3.44,6407.52,1
2023-02-09,2023-02-09 11:07:00,1840.97,1841.1,1840.97,1841.1,0.01,3.44,6407.52,1
2023-02-09,2023-02-09 11:08:00,1841.1,1841.22,1841.1,1841.22,0.01,3.44,6407.52,1
2023-02-09,2023-02-09 11:09:00,1841.22,1841.35,1841.22,1841.35,0.01,3.44,6407.52,1
2023-02-09,2023-02-09 11:10:00,1841.35,1841.47,1841.35,1841.47,0.01,3.44,6407.52,1
2023-02-09,2023-02-09 11:11:00,1841.47,1841.59,1841.47,1841.59,0.01,3.44,6407.52,1
2023-02-09,2023-02-09 11:12:00,1841.59,1841.72,1841.59,1841.72,0.01,3.44,6407.52,1
2023-02-09,2023-02-09 11:13:00,1841.72,1841.84,1841.72,1841.84,0.01,3.44,6407.52,1
2023-02-09,2023-02-09 11:14:00,1841.84,1841.97,1841.84,1841.97,0.01,3.44,6407.52,1
2023-02-09,2023-02-09 11:15:00,1841.97,1842.09,1841.97,1842.09,0.01,3.44,6407.52,1
2023-02-09,2023-02-09 11:16:00,1842.09,1842.22,1842.09,1842.22,0.01,3.44,6407.52,1
2023-02-09,2023-02-09 11:17:00,1842.22,1842.34,1842.22,1842.34,0.01,3.44,6407.52,1
2023-02-09,2023-02-09 11:18:00,1842.34,1842.47,1842.34,1842.47,0.01,3.44,6407.52,1
2023-02-09,2023-02-09 11:19:00,1842.47,1842.59,1842.47,1842.59,0.01,3.44,6407.52,1
2023-02-09,2023-02-09 11:20:00,1842.59,1842.72,1842.59,1842.72,0.01,3.44,6407.52,1
2023-02-09,2023-02-09 11:21:00,1842.72,1842.84,1842.72,1842.84,0.01,3.44,6407.52,1
2023-02-09,2023-02-09 11:22:00,1842.84,1842.97,1842.84,1842.97,0.01,3.44,6407.52,1
2023-02-09,2023-02-09 11:23:00,1842.97,1843.09,1842.97,1843.09,0.01,3.44,6407.52,1
2023-02-09,2023-02-09 11:24:00,1843.09,1843.21,1843.09,1843.21,0.01,3.44,6407.52,1
2023-02-09,2023-02-09 11:25:00,1843.21,1843.34,1843.21,1843.34,0.01,3.44,6407.52,1
2023-02-09,2023-02-09 11:26:00,1843.34,1843.46,1843.34,1843.46,0.01,3.44,6407.52,1
2023-02-09,2023-02-09 11:27:00,1843.46,1843.59,1843.46,1843.59,0.01,3.44,6407.52,1
2023-02-09,2023-02-09 11:28:00,1843.59,1843.71,1843.59,1843.71,0.01,3.44,6407.52,1
2023-02-09,2023-02-09 11:29:00,1843.71,1843.84,1843.71,1843.84,0.01,3.44,6407.52,1
2023-02-09,2023-02-09 11:30:00,1843.84,1843.96,1843.84,1843.96,0.01,3.44,6407.52,1
2023-02-09,2023-02-09 11:31:00,1843.96,1844.09,1843.96,1844.09,0.01,3.44,6407.52,1
2023-02-09,2023-02-09 11:32:00,1844.09,1844.21,1844.09,1844.21,0.01,3.44,6407.52,1
2023-02-09,2023-02-09 11:33:00,1844.21,1844.34,1844.21,1844.34,0.01,3.44,6407.52,1
2023-02-09,2023-02-09 11:34:00,1844.34,1844.46,1844.34,1844.46,0.01,3.44,6407.52,1
2023-02-09,2023-02-09 11:35:00,1844.46,1844.59,1844.46,1844.59,0.01,3.44,6407.52,1
2023-02-09,2023-02-09 11:36:00,1844.59,1844.71,1844.59,1844.71,0.01,3.44,6407.52,1
2023-02-09,2023-02-09 11:37:00,1844.71,1844.83,1844.71,1844.83,0.01,3.44,6407.52,1
2023-02-09,2023-02-09 11:38:00,1844.83,1844.96,1844.83,1844.96,0.01,3.44,6407.52,1
2023-02-09,2023-02-09 11:39:00,1844.96,1845.08,1844.96,1845.08,0.01,3.44,6407.52,1
2023-02-09,2023-02-09 11:40:00,1845.08,1845.21,1845.08,1845.21,0.01,3.44,6407.52,1
2023-02-09,2023-02-09 11:41:00,1845.21,1845.33,1845.21,1845.33,0.01,3.44,6407.52,1
2023-02-09,2023-02-09 11:42:00,1845.33,1845.46,1845.33,1845.46,0.01,3.44,6407.52,1
2023-02-09,2023-02-09 11:43:00,1845.46,1845.58,1845.46,1845.58,0.01,3.44,6407.52,1
2023-02-09,2023-02-09 11:44:00,1845.58,1845.71,1845.58,1845.71,0.01,3.44,6407.52,1
2023-02-09,2023-02-09 11:45:00,1845.71,1845.83,1845.71,1845.83,0.01,3.44,6407.52,1
2023-02-09,2023-02-09 11:46:00,1845.83,1845.96,1845.83,1845.96,0.01,3.44,6407.52,1
2023-02-09,2023-02-09 11:47:00,1845.96,1846.08,1845.96,1846.08,0.01,3.44,6407.52,1
2023-02-09,2023-02-09 11:48:00,1846.08,1846.2,1846.08,1846.2,0.01,3.44,6407.52,1
2023-02-09,2023-02-09 11:49:00,1846.2,1846.33,1846.2,1846.33,0.01,3.44,6407.52,1
2023-02-09,2023-02-09 11:50:00,1846.33,1846.45,1846.33,1846.45,0.01,3.44,6407.52,1
2023-02-09,2023-02-09 11:51:00,1846.45,1846.58,1846.45,1846.58,0.01,3.44,6407.52,1
2023-02-09,2023-02-09 11:52:00,1846.58,1846.7,1846.58,1846.7,0.01,3.44,6407.52,1
2023-02-09,2023-02-09 11:53:00,1846.7,1846.83,1846.7,1846.83,0.01,3.44,6407.52,1
2023-02-09,2023-02-09 11:54:00,1846.83,1846.95,1846.83,1846.95,0.01,3.44,6407.52,1
2023-02-09,2023-02-09 11:55:00,1846.95,1847.08,1846.95,1847.08,0.01,3.44,6407.52,1
2023-02-09,2023-02-09 11:56:00,1847.08,1847.2,1847.08,1847.2,0.01,3.44,6407.52,1
2023-02-09,2023-02-09 11:57:00,1847.2,1847.33,1847.2,1847.33,0.01,3.44,6407.52,1
2023-02-09,2023-02-09 11:58:00,1847.33,1847.45,1847.33,1847.45,0.01,3.44,6407.52,1
2023-02-09,2023-02-09 11:59:00,1847.45,1847.57,1847.45,1847.57,0.01,3.44,6407.52,1
2023-02-09,2023-02-09 12:00:00,1847.57,1847.7,1847.57,1847.7,0.01,3.44,6407.52,1
2023-02-09,2023-02-09 12:01:00,1847.7,1847.82,1847.7,1847.82,0.01,3.44,6407.52,1
2023-02-09,2023-02-09 12:02:00,1847.82,1847.95,1847.82,1847.95,0.01,3.44,6407.52,1
2023-02-09,2023-02-09 12:03:00,1847.95,1848.07,1847.95,1848.07,0.01,3.44,6407.52,1
2023-02-09,2023-02-09 12:04:00,1848.07,1848.2,1848.07,1848.2,0.01,3.44,6407.52,1
2023-02-09,2023-02-09 12:05:00,1848.2,1848.32,1848.2,1848.32,0.01,3.44,6407.52,1
2023-02-09,2023-02-09 12:06:00,1848.32,1848.45,1848.32,1848.45,0.01,3.44,6407.52,1
2023-02-09,2023-02-09 12:07:00,1848.45,1848.57,1848.45,1848.57,0.01,3.44,6407.52,1
2023-02-09,2023-02-09 12:08:00,1848.57,1848.7,1848.57,1848.7,0.01,3.44,6407.52,1
2023-02-09,2023-02-09 12:09:00,1848.7,1848.82,1848.7,1848.82,0.01,3.44,6407.52,1
2023-02-09,2023-02-09 12:10:00,1848.82,1848.95,1848.82,1848.95,0.01,3.44,6407.52,1
2023-02-09,2023-02-09 12:11:00,1848.95,1849.07,1848.95,1849.07,0.01,3.44,6407.52,1
2023-02-09,2023-02-09 12:12:00,1849.07,1849.19,1849.07,1849.19,0.01,3.44,6407.52,1
2023-02-09,2023-02-09 12:13:00,1849.19,1849.32,1849.19,1849.32,0.01,3.44,6407.52,1
2023-02-09,2023-02-09 12:14:00,1849.32,1849.44,1849.32,1849.44,0.01,3.44,6407.52,1
2023-02-09,2023-02-09 12:15:00,1849.44,1849.57,1849.44,1849.57,0.01,3.44,6407.52,1
2023-02-09,2023-02-09 12:16:00,1849.57,1849.69,1849.57,1849.69,0.01,3.44,6407.52,1
2023-02-09,2023-02-09 12:17:00,1849.69,1849.82,1849.69,1849.82,0.01,3.44,6407.52,1
2023-02-09,2023-02-09 12:18:00,1849.82,1849.94,1849.82,1849.94,0.01,3.44,6407.52,1
2023-02-09,2023-02-09 12:19:00,1849.94,1850.07,1849.94,1850.07,0.01,3.44,6407.52,1
2023-02-09,2023-02-09 12:20:00,1850.07,1850.19,1850.07,1850.19,0.01,3.44,6407.52,1
2023-02-09,2023-02-09 12:21:00,1850.19,1850.32,1850.19,1850.32,0.01,3.44,6407.52,1
2023-02-09,2023-02-09 12:22:00,1850.32,1850.44,1850.32,1850.44,0.01,3.44,6407.52,1
2023-02-09,2023-02-09 12:23:00,1850.44,1850.57,1850.44,1850.57,0.01,3.44,6407.52,1
2023-02-09,2023-02-09 12:24:00,1850.57,1850.69,1850.57,1850.69,0.01,3.44,6407.52,1
2023-02-09,2023-02-09 12:25:00,1850.69,1850.81,1850.69,1850.81,0.01,3.44,6407.52,1
2023-02-09,2023-02-09 12:26:00,1850.81,1850.94,1850.81,1850.94,0.01,3.44,6407.52,1
2023-02-09,2023-02-09 12:27:00,1850.94,1851.06,1850.94,1851.06,0.01,3.44,6407.52,1
2023-02-09,2023-02-09 12:28:00,1851.06,1851.19,1851.06,1851.19,0.01,3.44,6407.52,1
2023-02-09,2023-02-09 12:29:00,1851.19,1851.31,1851.19,1851.31,0.01,3.44,6407.52,1
2023-02-09,2023-02-09 12:30:00,1851.31,1851.44,1851.31,1851.44,0.01,3.44,6407.52,1
2023-02-09,2023-02-09 12:31:00,1851.44,1851.56,1851.44,1851.56,0.01,3.44,6407.52,1
2023-02-09,2023-02-09 12:32:00,1851.56,1851.69,1851.56,1851.69,0.01,3.44,6407.52,1
2023-02-09,2023-02-09 12:33:00,1851.69,1851.81,1851.69,1851.81,0.01,3.44,6407.52,1
2023-02-09,2023-02-09 12:34:00,1851.81,1851.94,1851.81,1851.94,0.01,3.44,6407.52,1
2023-02-09,2023-02-09 12:35:00,1851.94,1852.06,1851.94,1852.06,0.01,3.44,6407.52,1
2023-02-09,2023-02-09 12:36:00,1852.06,1852.18,1852.06,1852.18,0.01,3.44,6407.52,1
2023-02-09,2023-02-09 12:37:00,1852.18,1852.31,1852.18,1852.31,0.01,3.44,6407.52,1
2023-02-09,2023-02-09 12:38:00,1852.31,1852.43,1852.31,1852.43,0.01,3.44,6407.52,1
2023-02-09,2023-02-09 12:39:00,1852.43,1852.56,1852.43,1852.56,0.01,3.44,6407.52,1
2023-02-09,2023-02-09 12:40:00,1852.56,1852.68,1852.56,1852.68,0.01,3.44,6407.52,1
2023-02-09,2023-02-09 12:41:00,1852.68,1852.81,1852.68,1852.81,0.01,3.44,6407.52,1
2023-02-09,2023-02-09 12:42:00,1852.81,1852.93,1852.81,1852.93,0.01,3.44,6407.52,1
2023-02-09,2023-02-09 12:43:00,1852.93,1853.06,1852.93,1853.06,0.01,3.44,6407.52,1
2023-02-09,2023-02-09 12:44:00,1853.06,1853.18,1853.06,1853.18,0.01,3.44,6407.52,1
2023-02-09,2023-02-09 12:45:00,1853.18,1853.31,1853.18,1853.31,0.01,3.44,6407.52,1
2023-02-09,2023-02-09 12:46:00,1853.31,1853.43,1853.31,1853.43,0.01,3.44,6407.52,1
2023-02-09,2023-02-09 12:47:00,1853.43,1853.55,1853.43,1853.55,0.01,3.44,6407.52,1
2023-02-09,2023-02-09 12:48:00,1853.55,1853.68,1853.55,1853.68,0.01,3.44,6407.52,1
2023-02-09,2023-02-09 12:49:00,1853.68,1853.8,1853.68,1853.8,0.01,3.44,6407.52,1
2023-02-09,2023-02-09 12:50:00,1853.8,1853.93,1853.8,1853.93,0.01,3.44,6407.52,1
2023-02-09,2023-02-09 12:51:00,1853.93,1854.05,1853.93,1854.05,0.01,3.44,6407.52,1
2023-02-09,2023-02-09 12:52:00,1854.05,1854.18,1854.05,1854.18,0.01,3.44,6407.52,1
2023-02-09,2023-02-09 12:53:00,1854.18,1854.3,1854.18,1854.3,0.01,3.44,6407.52,1
2023-02-09,2023-02-09 12:54:00,1854.3,1854.43,1854.3,1854.43,0.01,3.44,6407.52,1
2023-02-09,2023-02-09 12:55:00,1854.43,1854.55,1854.43,1854.55,0.01,3.44,6407.52,1
2023-02-09,2023-02-09 12:56:00,1854.55,1854.68,1854.55,1854.68,0.01,3.44,6407.52,1
2023-02-09,2023-02-09 12:57:00,1854.68,1854.8,1854.68,1854.8,0.01,3.44,6407.52,1
2023-02-09,2023-02-09 12:58:00,1854.8,1854.93,1854.8,1854.93,0.01,3.44,6407.52,1
2023-02-09,2023-02-09 12:59:00,1854.93,1855.05,1854.93,1855.05,0.01,3.44,6407.52,1
2023-02-09,2023-02-09 13:00:00,1855.05,1910.0,1835.0,1855.17,0.01,3.44,6407.52,1
2023-02-09,2023-02-09 13:01:00,1855.17,1855.3,1855.17,1855.3,0.01,3.44,6407.52,1
2023-02-09,2023-02-09 13:02:00,1855.3,1855.42,1855.3,1855.42,0.01,3.44,6407.52,1
2023-02-09,2023-02-09 13:03:00,1855.42,1855.55,1855.42,1855.55,0.01,3.44,6407.52,1
2023-02-09,2023-02-09 13:04:00,1855.55,1855.67,1855.55,1855.67,0.01,3.44,6407.52,1
2023-02-09,2023-02-09 13:05:00,1855.67,1855.8,1855.67,1855.8,0.01,3.44,6407.52,1
2023-02-09,2023-02-09 13:06:00,1855.8,1855.92,1855.8,1855.92,0.01,3.44,6407.52,1
2023-02-09,2023-02-09 13:07:00,1855.92,1856.05,1855.92,1856.05,0.01,3.44,6407.52,1
2023-02-09,2023-02-09 13:08:00,1856.05,1856.17,1856.05,1856.17,0.01,3.44,6407.52,1
2023-02-09,2023-02-09 13:09:00,1856.17,1856.3,1856.17,1856.3,0.01,3.44,6407.52,1
2023-02-09,2023-02-09 13:10:00,1856.3,1856.42,1856.3,1856.42,0.01,3.44,6407.52,1
2023-02-09,2023-02-09 13:11:00,1856.42,1856.55,1856.42,1856.55,0.01,3.44,6407.52,1
2023-02-09,2023-02-09 13:12:00,1856.55,1856.67,1856.55,1856.67,0.01,3.44,6407.52,1
2023-02-09,2023-02-09 13:13:00,1856.67,1856.79,1856.67,1856.79,0.01,3.44,6407.52,1
2023-02-09,2023-02-09 13:14:00,1856.79,1856.92,1856.79,1856.92,0.01,3.44,6407.52,1
2023-02-09,2023-02-09 13:15:00,1856.92,1857.04,1856.92,1857.04,0.01,3.44,6407.52,1
2023-02-09,2023-02-09 13:16:00,1857.04,1857.17,1857.04,1857.17,0.01,3.44,6407.52,1
2023-02-09,2023-02-09 13:17:00,1857.17,1857.29,1857.17,1857.29,0.01,3.44,6407.52,1
2023-02-09,2023-02-09 13:18:00,1857.29,1857.42,1857.29,1857.42,0.01,3.44,6407.52,1
2023-02-09,2023-02-09 13:19:00,1857.42,1857.54,1857.42,1857.54,0.01,3.44,6407.52,1
2023-02-09,2023-02-09 13:20:00,1857.54,1857.67,1857.54,1857.67,0.01,3.44,6407.52,1
2023-02-09,2023-02-09 13:21:00,1857.67,1857.79,1857.67,1857.79,0.01,3.44,6407.52,1
2023-02-09,2023-02-09 13:22:00,1857.79,1857.92,1857.79,1857.92,0.01,3.44,6407.52,1
2023-02-09,2023-02-09 13:23:00,1857.92,1858.04,1857.92,1858.04,0.01,3.44,6407.52,1
2023-02-09,2023-02-09 13:24:00,1858.04,1858.16,1858.04,1858.16,0.01,3.44,6407.52,1
2023-02-09,2023-02-09 13:25:00,1858.16,1858.29,1858.16,1858.29,0.01,3.44,6407.52,1
2023-02-09,2023-02-09 13:26:00,1858.29,1858.41,1858.29,1858.41,0.01,3.44,6407.52,1
2023-02-09,2023-02-09 13:27:00,1858.41,1858.54,1858.41,1858.54,0.01,3.44,6407.52,1
2023-02-09,2023-02-09 13:28:00,1858.54,1858.66,1858.54,1858.66,0.01,3.44,6407.52,1
2023-02-09,2023-02-09 13:29:00,1858.66,1858.79,1858.66,1858.79,0.01,3.44,6407.52,1
2023-02-09,2023-02-09 13:30:00,1858.79,1858.91,1858.79,1858.91,0.01,3.44,6407.52,1
2023-02-09,2023-02-09 13:31:00,1858.91,1859.04,1858.91,1859.04,0.01,3.44,6407.52,1
2023-02-09,2023-02-09 13:32:00,1859.04,1859.16,1859.04,1859.16,0.01,3.44,6407.52,1
2023-02-09,2023-02-09 13:33:00,1859.16,1859.29,1859.16,1859.29,0.01,3.44,6407.52,1
2023-02-09,2023-02-09 13:34:00,1859.29,1859.41,1859.29,1859.41,0.01,3.44,6407.52,1
2023-02-09,2023-02-09 13:35:00,1859.41,1859.53,1859.41,1859.53,0.01,3.44,6407.52,1
2023-02-09,2023-02-09 13:36:00,1859.53,1859.66,1859.53,1859.66,0.01,3.44,6407.52,1
2023-02-09,2023-02-09 13:37:00,1859.66,1859.78,1859.66,1859.78,0.01,3.44,6407.52,1
2023-02-09,2023-02-09 13:38:00,1859.78,1859.91,1859.78,1859.91,0.01,3.44,6407.52,1
2023-02-09,2023-02-09 13:39:00,1859.91,1860.03,1859.91,1860.03,0.01,3.44,6407.52,1
2023-02-09,2023-02-09 13:40:00,1860.03,1860.16,1860.03,1860.16,0.01,3.44,6407.52,1
2023-02-09,2023-02-09 13:41:00,1860.16,1860.28,1860.16,1860.28,0.01,3.44,6407.52,1
2023-02-09,2023-02-09 13:42:00,1860.28,1860.41,1860.28,1860.41,0.01,3.44,6407.52,1
2023-02-09,2023-02-09 13:43:00,1860.41,1860.53,1860.41,1860.53,0.01,3.44,6407.52,1
2023-02-09,2023-02-09 13:44:00,1860.53,1860.66,1860.53,1860.66,0.01,3.44,6407.52,1
2023-02-09,2023-02-09 13:45:00,1860.66,1860.78,1860.66,1860.78,0.01,3.44,6407.52,1
2023-02-09,2023-02-09 13:46:00,1860.78,1860.91,1860.78,1860.91,0.01,3.44,6407.52,1
2023-02-09,2023-02-09 13:47:00,1860.91,1861.03,1860.91,1861.03,0.01,3.44,6407.52,1
2023-02-09,2023-02-09 13:48:00,1861.03,1861.15,1861.03,1861.15,0.01,3.44,6407.52,1
2023-02-09,2023-02-09 13:49:00,1861.15,1861.28,1861.15,1861.28,0.01,3.44,6407.52,1
2023-02-09,2023-02-09 13:50:00,1861.28,1861.4,1861.28,1861.4,0.01,3.44,6407.52,1
2023-02-09,2023-02-09 13:51:00,1861.4,1861.53,1861.4,1861.53,0.01,3.44,6407.52,1
2023-02-09,2023-02-09 13:52:00,1861.53,1861.65,1861.53,1861.65,0.01,3.44,6407.52,1
2023-02-09,2023-02-09 13:53:00,1861.65,1861.78,1861.65,1861.78,0.01,3.44,6407.52,1
2023-02-09,2023-02-09 13:54:00,1861.78,1861.9,1861.78,1861.9,0.01,3.44,6407.52,1
2023-02-09,2023-02-09 13:55:00,1861.9,1862.03,1861.9,1862.03,0.01,3.44,6407.52,1
2023-02-09,2023-02-09 13:56:00,1862.03,1862.15,1862.03,1862.15,0.01,3.44,6407.52,1
2023-02-09,2023-02-09 13:57:00,1862.15,1862.28,1862.15,1862.28,0.01,3.44,6407.52,1
2023-02-09,2023-02-09 13:58:00,1862.28,1862.4,1862.28,1862.4,0.01,3.44,6407.52,1
2023-02-09,2023-02-09 13:59:00,1862.4,1862.53,1862.4,1862.53,0.01,3.44,6407.52,1
2023-02-09,2023-02-09 14:00:00,1862.53,1862.65,1862.53,1862.65,0.01,3.44,6407.52,1
2023-02-09,2023-02-09 14:01:00,1862.65,1862.77,1862.65,1862.77,0.01,3.44,6407.52,1
2023-02-09,2023-02-09 14:02:00,1862.77,1862.9,1862.77,1862.9,0.01,3.44,6407.52,1
2023-02-09,2023-02-09 14:03:00,1862.9,1863.02,1862.9,1863.02,0.01,3.44,6407.52,1
2023-02-09,2023-02-09 14:04:00,1863.02,1863.15,1863.02,1863.15,0.01,3.44,6407.52,1
2023-02-09,2023-02-09 14:05:00,1863.15,1863.27,1863.15,1863.27,0.01,3.44,6407.52,1
2023-02-09,2023-02-09 14:06:00,1863.27,1863.4,1863.27,1863.4,0.01,3.44,6407.52,1
2023-02-09,2023-02-09 14:07:00,1863.4,1863.52,1863.4,1863.52,0.01,3.44,6407.52,1
2023-02-09,2023-02-09 14:08:00,1863.52,1863.65,1863.52,1863.65,0.01,3.44,6407.52,1
2023-02-09,2023-02-09 14:09:00,1863.65,1863.77,1863.65,1863.77,0.01,3.44,6407.52,1
2023-02-09,2023-02-09 14:10:00,1863.77,1863.9,1863.77,1863.9,0.01,3.44,6407.52,1
2023-02-09,2023-02-09 14:11:00,1863.9,1864.02,1863.9,1864.02,0.01,3.44,6407.52,1
2023-02-09,2023-02-09 14:12:00,1864.02,1864.14,1864.02,1864.14,0.01,3.44,6407.52,1
2023-02-09,2023-02-09 14:13:00,1864.14,1864.27,1864.14,1864.27,0.01,3.44,6407.52,1
2023-02-09,2023-02-09 14:14:00,1864.27,1864.39,1864.27,1864.39,0.01,3.44,6407.52,1
2023-02-09,2023-02-09 14:15:00,1864.39,1864.52,1864.39,1864.52,0.01,3.44,6407.52,1
2023-02-09,2023-02-09 14:16:00,1864.52,1864.64,1864.52,1864.64,0.01,3.44,6407.52,1
2023-02-09,2023-02-09 14:17:00,1864.64,1864.77,1864.64,1864.77,0.01,3.44,6407.52,1
2023-02-09,2023-02-09 14:18:00,1864.77,1864.89,1864.77,1864.89,0.01,3.44,6407.52,1
2023-02-09,2023-02-09 14:19:00,1864.89,1865.02,1864.89,1865.02,0.01,3.44,6407.52,1
2023-02-09,2023-02-09 14:20:00,1865.02,1865.14,1865.02,1865.14,0.01,3.44,6407.52,1
2023-02-09,2023-02-09 14:21:00,1865.14,1865.27,1865.14,1865.27,0.01,3.44,6407.52,1
2023-02-09,2023-02-09 14:22:00,1865.27,1865.39,1865.27,1865.39,0.01,3.44,6407.52,1
2023-02-09,2023-02-09 14:23:00,1865.39,1865.51,1865.39,1865.51,0.01,3.44,6407.52,1
2023-02-09,2023-02-09 14:24:00,1865.51,1865.64,1865.51,1865.64,0.01,3.44,6407.52,1
2023-02-09,2023-02-09 14:25:00,1865.64,1865.76,1865.64,1865.76,0.01,3.44,6407.52,1
2023-02-09,2023-02-09 14:26:00,1865.76,1865.89,1865.76,1865.89,0.01,3.44,6407.52,1
2023-02-09,2023-02-09 14:27:00,1865.89,1866.01,1865.89,1866.01,0.01,3.44,6407.52,1
2023-02-09,2023-02-09 14:28:00,1866.01,1866.14,1866.01,1866.14,0.01,3.44,6407.52,1
2023-02-09,2023-02-09 14:29:00,1866.14,1866.26,1866.14,1866.26,0.01,3.44,6407.52,1
2023-02-09,2023-02-09 14:30:00,1866.26,1866.39,1866.26,1866.39,0.01,3.44,6407.52,1
2023-02-09,2023-02-09 14:31:00,1866.39,1866.51,1866.39,1866.51,0.01,3.44,6407.52,1
2023-02-09,2023-02-09 14:32:00,1866.51,1866.64,1866.51,1866.64,0.01,3.44,6407.52,1
2023-02-09,2023-02-09 14:33:00,1866.64,1866.76,1866.64,1866.76,0.01,3.44,6407.52,1
2023-02-09,2023-02-09 14:34:00,1866.76,1866.89,1866.76,1866.89,0.01,3.44,6407.52,1
2023-02-09,2023-02-09 14:35:00,1866.89,1867.01,1866.89,1867.01,0.01,3.44,6407.52,1
2023-02-09,2023-02-09 14:36:00,1867.01,1867.13,1867.01,1867.13,0.01,3.44,6407.52,1
2023-02-09,2023-02-09 14:37:00,1867.13,1867.26,1867.13,1867.26,0.01,3.44,6407.52,1
2023-02-09,2023-02-09 14:38:00,1867.26,1867.38,1867.26,1867.38,0.01,3.44,6407.52,1
2023-02-09,2023-02-09 14:39:00,1867.38,1867.51,1867.38,1867.51,0.01,3.44,6407.52,1
2023-02-09,2023-02-09 14:40:00,1867.51,1867.63,1867.51,1867.63,0.01,3.44,6407.52,1
2023-02-09,2023-02-09 14:41:00,1867.63,1867.76,1867.63,1867.76,0.01,3.44,6407.52,1
2023-02-09,2023-02-09 14:42:00,1867.76,1867.88,1867.76,1867.88,0.01,3.44,6407.52,1
2023-02-09,2023-02-09 14:43:00,1867.88,1868.01,1867.88,1868.01,0.01,3.44,6407.52,1
2023-02-09,2023-02-09 14:44:00,1868.01,1868.13,1868.01,1868.13,0.01,3.44,6407.52,1
2023-02-09,2023-02-09 14:45:00,1868.13,1868.26,1868.13,1868.26,0.01,3.44,6407.52,1
2023-02-09,2023-02-09 14:46:00,1868.26,1868.38,1868.26,1868.38,0.01,3.44,6407.52,1
2023-02-09,2023-02-09 14:47:00,1868.38,1868.51,1868.38,1868.51,0.01,3.44,6407.52,1
2023-02-09,2023-02-09 14:48:00,1868.51,1868.63,1868.51,1868.63,0.01,3.44,6407.52,1
2023-02-09,2023-02-09 14:49:00,1868.63,1868.75,1868.63,1868.75,0.01,3.44,6407.52,1
2023-02-09,2023-02-09 14:50:00,1868.75,1868.88,1868.75,1868.88,0.01,3.44,6407.52,1
2023-02-09,2023-02-09 14:51:00,1868.88,1869.0,1868.88,1869.0,0.01,3.44,6407.52,1
2023-02-09,2023-02-09 14:52:00,1869.0,1869.13,1869.0,1869.13,0.01,3.44,6407.52,1
2023-02-09,2023-02-09 14:53:00,1869.13,1869.25,1869.13,1869.25,0.01,3.44,6407.52,1
2023-02-09,2023-02-09 14:54:00,1869.25,1869.38,1869.25,1869.38,0.01,3.44,6407.52,1
2023-02-09,2023-02-09 14:55:00,1869.38,1869.5,1869.38,1869.5,0.01,3.44,6407.52,1
2023-02-09,2023-02-09 14:56:00,1869.5,1869.63,1869.5,1869.63,0.01,3.44,6407.52,1
2023-02-09,2023-02-09 14:57:00,1869.63,1869.75,1869.63,1869.75,0.01,3.44,6407.52,1
2023-02-09,2023-02-09 14:58:00,1869.75,1869.88,1869.75,1869.88,0.01,3.44,6407.52,1
2023-02-09,2023-02-09 14:59:00,1869.88,1870.0,1869.88,1870.0,0.01,3.44,6407.52,1
2023-02-09,2023-02-09 15:00:00,1870.0,1910.0,1835.0,1870.0,0.0,3.44,6407.52,0
2023-02-12,2023-02-12 11:00:00,1869.9,1869.9,1850.76,1869.73,-0.01,3.65,6649.64,-1
2023-02-12,2023-02-12 11:01:00,1869.73,1869.73,1869.56,1869.56,-0.01,3.65,6649.64,-1
2023-02-12,2023-02-12 11:02:00,1869.56,1869.56,1869.39,1869.39,-0.01,3.65,6649.64,-1
2023-02-12,2023-02-12 11:03:00,1869.39,1869.39,1869.22,1869.22,-0.01,3.65,6649.64,-1
2023-02-12,2023-02-12 11:04:00,1869.22,1869.22,1869.05,1869.05,-0.01,3.65,6649.64,-1
2023-02-12,2023-02-12 11:05:00,1869.05,1869.05,1868.88,1868.88,-0.01,3.65,6649.64,-1
2023-02-12,2023-02-12 11:06:00,1868.88,1868.88,1868.71,1868.71,-0.01,3.65,6649.64,-1
2023-02-12,2023-02-12 11:07:00,1868.71,1868.71,1868.54,1868.54,-0.01,3.65,6649.64,-1
2023-02-12,2023-02-12 11:08:00,1868.54,1868.54,1868.37,1868.37,-0.01,3.65,6649.64,-1
2023-02-12,2023-02-12 11:09:00,1868.37,1868.37,1868.2,1868.2,-0.01,3.65,6649.64,-1
2023-02-12,2023-02-12 11:10:00,1868.2,1868.2,1868.03,1868.03,-0.01,3.65,6649.64,-1
2023-02-12,2023-02-12 11:11:00,1868.03,1868.03,1867.86,1867.86,-0.01,3.65,6649.64,-1
2023-02-12,2023-02-12 11:12:00,1867.86,1867.86,1867.68,1867.68,-0.01,3.65,6649.64,-1
2023-02-12,2023-02-12 11:13:00,1867.68,1867.68,1867.51,1867.51,-0.01,3.65,6649.64,-1
2023-02-12,2023-02-12 11:14:00,1867.51,1867.51,1867.34,1867.34,-0.01,3.65,6649.64,-1
2023-02-12,2023-02-12 11:15:00,1867.34,1867.34,1867.17,1867.17,-0.01,3.65,6649.64,-1
2023-02-12,2023-02-12 11:16:00,1867.17,1867.17,1867.0,1867.0,-0.01,3.65,6649.64,-1
2023-02-12,2023-02-12 11:17:00,1867.0,1867.0,1866.83,1866.83,-0.01,3.65,6649.64,-1
2023-02-12,2023-02-12 11:18:00,1866.83,1866.83,1866.66,1866.66,-0.01,3.65,6649.64,-1
2023-02-12,2023-02-12 11:19:00,1866.66,1866.66,1866.49,1866.49,-0.01,3.65,6649.64,-1
2023-02-12,2023-02-12 11:20:00,1866.49,1866.49,1866.32,1866.32,-0.01,3.65,6649.64,-1
2023-02-12,2023-02-12 11:21:00,1866.32,1866.32,1866.15,1866.15,-0.01,3.65,6649.64,-1
2023-02-12,2023-02-12 11:22:00,1866.15,1866.15,1865.98,1865.98,-0.01,3.65,6649.64,-1
2023-02-12,2023-02-12 11:23:00,1865.98,1865.98,1865.81,1865.81,-0.01,3.65,6649.64,-1
2023-02-12,2023-02-12 11:24:00,1865.81,1865.81,1865.64,1865.64,-0.01,3.65,6649.64,-1
2023-02-12,2023-02-12 11:25:00,1865.64,1865.64,1865.47,1865.47,-0.01,3.65,6649.64,-1
2023-02-12,2023-02-12 11:26:00,1865.47,1865.47,1865.3,1865.3,-0.01,3.65,6649.64,-1
2023-02-12,2023-02-12 11:27:00,1865.3,1865.3,1865.13,1865.13,-0.01,3.65,6649.64,-1
2023-02-12,2023-02-12 11:28:00,1865.13,1865.13,1864.96,1864.96,-0.01,3.65,6649.64,-1
2023-02-12,2023-02-12 11:29:00,1864.96,1864.96,1864.79,1864.79,-0.01,3.65,6649.64,-1
2023-02-12,2023-02-12 11:30:00,1864.79,1864.79,1864.62,1864.62,-0.01,3.65,6649.64,-1
2023-02-12,2023-02-12 11:31:00,1864.62,1864.62,1864.45,1864.45,-0.01,3.65,6649.64,-1
2023-02-12,2023-02-12 11:32:00,1864.45,1864.45,1864.28,1864.28,-0.01,3.65,6649.64,-1
2023-02-12,2023-02-12 11:33:00,1864.28,1864.28,1864.11,1864.11,-0.01,3.65,6649.64,-1
2023-02-12,2023-02-12 11:34:00,1864.11,1864.11,1863.94,1863.94,-0.01,3.65,6649.64,-1
2023-02-12,2023-02-12 11:35:00,1863.94,1863.94,1863.77,1863.77,-0.01,3.65,6649.64,-1
2023-02-12,2023-02-12 11:36:00,1863.77,1863.77,1863.59,1863.59,-0.01,3.65,6649.64,-1
2023-02-12,2023-02-12 11:37:00,1863.59,1863.59,1863.42,1863.42,-0.01,3.65,6649.64,-1
2023-02-12,2023-02-12 11:38:00,1863.42,1863.42,1863.25,1863.25,-0.01,3.65,6649.64,-1
2023-02-12,2023-02-12 11:39:00,1863.25,1863.25,1863.08,1863.08,-0.01,3.65,6649.64,-1
2023-02-12,2023-02-12 11:40:00,1863.08,1863.08,1862.91,1862.91,-0.01,3.65,6649.64,-1
2023-02-12,2023-02-12 11:41:00,1862.91,1862.91,1862.74,1862.74,-0.01,3.65,6649.64,-1
2023-02-12,2023-02-12 11:42:00,1862.74,1862.74,1862.57,1862.57,-0.01,3.65,6649.64,-1
2023-02-12,2023-02-12 11:43:00,1862.57,1862.57,1862.4,1862.4,-0.01,3.65,6649.64,-1
2023-02-12,2023-02-12 11:44:00,1862.4,1862.4,1862.23,1862.23,-0.01,3.65,6649.64,-1
2023-02-12,2023-02-12 11:45:00,1862.23,1862.23,1862.06,1862.06,-0.01,3.65,6649.64,-1
2023-02-12,2023-02-12 11:46:00,1862.06,1862.06,1861.89,1861.89,-0.01,3.65,6649.64,-1
2023-02-12,2023-02-12 11:47:00,1861.89,1861.89,1861.72,1861.72,-0.01,3.65,6649.64,-1
2023-02-12,2023-02-12 11:48:00,1861.72,1861.72,1861.55,1861.55,-0.01,3.65,6649.64,-1
2023-02-12,2023-02-12 11:49:00,1861.55,1861.55,1861.38,1861.38,-0.01,3.65,6649.64,-1
2023-02-12,2023-02-12 11:50:00,1861.38,1861.38,1861.21,1861.21,-0.01,3.65,6649.64,-1
2023-02-12,2023-02-12 11:51:00,1861.21,1861.21,1861.04,1861.04,-0.01,3.65,6649.64,-1
2023-02-12,2023-02-12 11:52:00,1861.04,1861.04,1860.87,1860.87,-0.01,3.65,6649.64,-1
2023-02-12,2023-02-12 11:53:00,1860.87,1860.87,1860.7,1860.7,-0.01,3.65,6649.64,-1
2023-02-12,2023-02-12 11:54:00,1860.7,1860.7,1860.53,1860.53,-0.01,3.65,6649.64,-1
2023-02-12,2023-02-12 11:55:00,1860.53,1860.53,1860.36,1860.36,-0.01,3.65,6649.64,-1
2023-02-12,2023-02-12 11:56:00,1860.36,1860.36,1860.19,1860.19,-0.01,3.65,6649.64,-1
2023-02-12,2023-02-12 11:57:00,1860.19,1860.19,1860.02,1860.02,-0.01,3.65,6649.64,-1
2023-02-12,2023-02-12 11:58:00,1860.02,1860.02,1859.85,1859.85,-0.01,3.65,6649.64,-1
2023-02-12,2023-02-12 11:59:00,1859.85,1859.85,1859.68,1859.68,-0.01,3.65,6649.64,-1
2023-02-12,2023-02-12 12:00:00,1859.68,1859.68,1859.5,1859.5,-0.01,3.65,6649.64,-1
2023-02-12,2023-02-12 12:01:00,1859.5,1859.5,1859.33,1859.33,-0.01,3.65,6649.64,-1
2023-02-12,2023-02-12 12:02:00,1859.33,1859.33,1859.16,1859.16,-0.01,3.65,6649.64,-1
2023-02-12,2023-02-12 12:03:00,1859.16,1859.16,1858.99,1858.99,-0.01,3.65,6649.64,-1
2023-02-12,2023-02-12 12:04:00,1858.99,1858.99,1858.82,1858.82,-0.01,3.65,6649.64,-1
2023-02-12,2023-02-12 12:05:00,1858.82,1858.82,1858.65,1858.65,-0.01,3.65,6649.64,-1
2023-02-12,2023-02-12 12:06:00,1858.65,1858.65,1858.48,1858.48,-0.01,3.65,6649.64,-1
2023-02-12,2023-02-12 12:07:00,1858.48,1858.48,1858.31,1858.31,-0.01,3.65,6649.64,-1
2023-02-12,2023-02-12 12:08:00,1858.31,1858.31,1858.14,1858.14,-0.01,3.65,6649.64,-1
2023-02-12,2023-02-12 12:09:00,1858.14,1858.14,1857.97,1857.97,-0.01,3.65,6649.64,-1
2023-02-12,2023-02-12 12:10:00,1857.97,1857.97,1857.8,1857.8,-0.01,3.65,6649.64,-1
2023-02-12,2023-02-12 12:11:00,1857.8,1857.8,1857.63,1857.63,-0.01,3.65,6649.64,-1
2023-02-12,2023-02-12 12:12:00,1857.63,1857.63,1857.46,1857.46,-0.01,3.65,6649.64,-1
2023-02-12,2023-02-12 12:13:00,1857.46,1857.46,1857.29,1857.29,-0.01,3.65,6649.64,-1
2023-02-12,2023-02-12 12:14:00,1857.29,1857.29,1857.12,1857.12,-0.01,3.65,6649.64,-1
2023-02-12,2023-02-12 12:15:00,1857.12,1857.12,1856.95,1856.95,-0.01,3.65,6649.64,-1
2023-02-12,2023-02-12 12:16:00,1856.95,1856.95,1856.78,1856.78,-0.01,3.65,6649.64,-1
2023-02-12,2023-02-12 12:17:00,1856.78,1856.78,1856.61,1856.61,-0.01,3.65,6649.64,-1
2023-02-12,2023-02-12 12:18:00,1856.61,1856.61,1856.44,1856.44,-0.01,3.65,6649.64,-1
2023-02-12,2023-02-12 12:19:00,1856.44,1856.44,1856.27,1856.27,-0.01,3.65,6649.64,-1
2023-02-12,2023-02-12 12:20:00,1856.27,1856.27,1856.1,1856.1,-0.01,3.65,6649.64,-1
2023-02-12,2023-02-12 12:21:00,1856.1,1856.1,1855.93,1855.93,-0.01,3.65,6649.64,-1
2023-02-12,2023-02-12 12:22:00,1855.93,1855.93,1855.76,1855.76,-0.01,3.65,6649.64,-1
2023-02-12,2023-02-12 12:23:00,1855.76,1855.76,1855.59,1855.59,-0.01,3.65,6649.64,-1
2023-02-12,2023-02-12 12:24:00,1855.59,1855.59,1855.41,1855.41,-0.01,3.65,6649.64,-1
2023-02-12,2023-02-12 12:25:00,1855.41,1855.41,1855.24,1855.24,-0.01,3.65,6649.64,-1
2023-02-12,2023-02-12 12:26:00,1855.24,1855.24,1855.07,1855.07,-0.01,3.65,6649.64,-1
2023-02-12,2023-02-12 12:27:00,1855.07,1855.07,1854.9,1854.9,-0.01,3.65,6649.64,-1
2023-02-12,2023-02-12 12:28:00,1854.9,1854.9,1854.73,1854.73,-0.01,3.65,6649.64,-1
2023-02-12,2023-02-12 12:29:00,1854.73,1854.73,1854.56,1854.56,-0.01,3.65,6649.64,-1
2023-02-12,2023-02-12 12:30:00,1854.56,1854.56,1854.39,1854.39,-0.01,3.65,6649.64,-1
2023-02-12,2023-02-12 12:31:00,1854.39,1854.39,1854.22,1854.22,-0.01,3.65,6649.64,-1
2023-02-12,2023-02-12 12:32:00,1854.22,1854.22,1854.05,1854.05,-0.01,3.65,6649.64,-1
2023-02-12,2023-02-12 12:33:00,1854.05,1854.05,1853.88,1853.88,-0.01,3.65,6649.64,-1
2023-02-12,2023-02-12 12:34:00,1853.88,1853.88,1853.71,1853.71,-0.01,3.65,6649.64,-1
2023-02-12,2023-02-12 12:35:00,1853.71,1853.71,1853.54,1853.54,-0.01,3.65,6649.64,-1
2023-02-12,2023-02-12 12:36:00,1853.54,1853.54,1853.37,1853.37,-0.01,3.65,6649.64,-1
2023-02-12,2023-02-12 12:37:00,1853.37,1853.37,1853.2,1853.2,-0.01,3.65,6649.64,-1
2023-02-12,2023-02-12 12:38:00,1853.2,1853.2,1853.03,1853.03,-0.01,3.65,6649.64,-1
2023-02-12,2023-02-12 12:39:00,1853.03,1853.03,1852.86,1852.86,-0.01,3.65,6649.64,-1
2023-02-12,2023-02-12 12:40:00,1852.86,1852.86,1852.69,1852.69,-0.01,3.65,6649.64,-1
2023-02-12,2023-02-12 12:41:00,1852.69,1852.69,1852.52,1852.52,-0.01,3.65,6649.64,-1
2023-02-12,2023-02-12 12:42:00,1852.52,1852.52,1852.35,1852.35,-0.01,3.65,6649.64,-1
2023-02-12,2023-02-12 12:43:00,1852.35,1852.35,1852.18,1852.18,-0.01,3.65,6649.64,-1
2023-02-12,2023-02-12 12:44:00,1852.18,1852.18,1852.01,1852.01,-0.01,3.65,6649.64,-1
2023-02-12,2023-02-12 12:45:00,1852.01,1852.01,1851.84,1851.84,-0.01,3.65,6649.64,-1
2023-02-12,2023-02-12 12:46:00,1851.84,1851.84,1851.67,1851.67,-0.01,3.65,6649.64,-1
2023-02-12,2023-02-12 12:47:00,1851.67,1851.67,1851.5,1851.5,-0.01,3.65,6649.64,-1
2023-02-12,2023-02-12 12:48:00,1851.5,1851.5,1851.32,1851.32,-0.01,3.65,6649.64,-1
2023-02-12,2023-02-12 12:49:00,1851.32,1851.32,1851.15,1851.15,-0.01,3.65,6649.64,-1
2023-02-12,2023-02-12 12:50:00,1851.15,1851.15,1850.98,1850.98,-0.01,3.65,6649.64,-1
2023-02-12,2023-02-12 12:51:00,1850.98,1850.98,1850.81,1850.81,-0.01,3.65,6649.64,-1
2023-02-12,2023-02-12 12:52:00,1850.81,1850.81,1850.64,1850.64,-0.01,3.65,6649.64,-1
2023-02-12,2023-02-12 12:53:00,1850.64,1850.64,1850.47,1850.47,-0.01,3.65,6649.64,-1
2023-02-12,2023-02-12 12:54:00,1850.47,1850.47,1850.3,1850.3,-0.01,3.65,6649.64,-1
2023-02-12,2023-02-12 12:55:00,1850.3,1850.3,1850.13,1850.13,-0.01,3.65,6649.64,-1
2023-02-12,2023-02-12 12:56:00,1850.13,1850.13,1849.96,1849.96,-0.01,3.65,6649.64,-1
2023-02-12,2023-02-12 12:57:00,1849.96,1849.96,1849.79,1849.79,-0.01,3.65,6649.64,-1
2023-02-12,2023-02-12 12:58:00,1849.79,1849.79,1849.62,1849.62,-0.01,3.65,6649.64,-1
2023-02-12,2023-02-12 12:59:00,1849.62,1849.62,1849.45,1849.45,-0.01,3.65,6649.64,-1
2023-02-12,2023-02-12 13:00:00,1849.45,1869.9,1806.1,1849.28,-0.01,3.65,6649.64,-1
2023-02-12,2023-02-12 13:01:00,1849.28,1849.28,1849.11,1849.11,-0.01,3.65,6649.64,-1
2023-02-12,2023-02-12 13:02:00,1849.11,1849.11,1848.94,1848.94,-0.01,3.65,6649.64,-1
2023-02-12,2023-02-12 13:03:00,1848.94,1848.94,1848.77,1848.77,-0.01,3.65,6649.64,-1
2023-02-12,2023-02-12 13:04:00,1848.77,1848.77,1848.6,1848.6,-0.01,3.65,6649.64,-1
2023-02-12,2023-02-12 13:05:00,1848.6,1848.6,1848.43,1848.43,-0.01,3.65,6649.64,-1
2023-02-12,2023-02-12 13:06:00,1848.43,1848.43,1848.26,1848.26,-0.01,3.65,6649.64,-1
2023-02-12,2023-02-12 13:07:00,1848.26,1848.26,1848.09,1848.09,-0.01,3.65,6649.64,-1
2023-02-12,2023-02-12 13:08:00,1848.09,1848.09,1847.92,1847.92,-0.01,3.65,6649.64,-1
2023-02-12,2023-02-12 13:09:00,1847.92,1847.92,1847.75,1847.75,-0.01,3.65,6649.64,-1
2023-02-12,2023-02-12 13:10:00,1847.75,1847.75,1847.58,1847.58,-0.01,3.65,6649.64,-1
2023-02-12,2023-02-12 13:11:00,1847.58,1847.58,1847.4,1847.4,-0.01,3.65,6649.64,-1
2023-02-12,2023-02-12 13:12:00,1847.4,1847.4,1847.23,1847.23,-0.01,3.65,6649.64,-1
2023-02-12,2023-02-12 13:13:00,1847.23,1847.23,1847.06,1847.06,-0.01,3.65,6649.64,-1
2023-02-12,2023-02-12 13:14:00,1847.06,1847.06,1846.89,1846.89,-0.01,3.65,6649.64,-1
2023-02-12,2023-02-12 13:15:00,1846.89,1846.89,1846.72,1846.72,-0.01,3.65,6649.64,-1
2023-02-12,2023-02-12 13:16:00,1846.72,1846.72,1846.55,1846.55,-0.01,3.65,6649.64,-1
2023-02-12,2023-02-12 13:17:00,1846.55,1846.55,1846.38,1846.38,-0.01,3.65,6649.64,-1
2023-02-12,2023-02-12 13:18:00,1846.38,1846.38,1846.21,1846.21,-0.01,3.65,6649.64,-1
2023-02-12,2023-02-12 13:19:00,1846.21,1846.21,1846.04,1846.04,-0.01,3.65,6649.64,-1
2023-02-12,2023-02-12 13:20:00,1846.04,1846.04,1845.87,1845.87,-0.01,3.65,6649.64,-1
2023-02-12,2023-02-12 13:21:00,1845.87,1845.87,1845.7,1845.7,-0.01,3.65,6649.64,-1
2023-02-12,2023-02-12 13:22:00,1845.7,1845.7,1845.53,1845.53,-0.01,3.65,6649.64,-1
2023-02-12,2023-02-12 13:23:00,1845.53,1845.53,1845.36,1845.36,-0.01,3.65,6649.64,-1
2023-02-12,2023-02-12 13:24:00,1845.36,1845.36,1845.19,1845.19,-0.01,3.65,6649.64,-1
2023-02-12,2023-02-12 13:25:00,1845.19,1845.19,1845.02,1845.02,-0.01,3.65,6649.64,-1
2023-02-12,2023-02-12 13:26:00,1845.02,1845.02,1844.85,1844.85,-0.01,3.65,6649.64,-1
2023-02-12,2023-02-12 13:27:00,1844.85,1844.85,1844.68,1844.68,-0.01,3.65,6649.64,-1
2023-02-12,2023-02-12 13:28:00,1844.68,1844.68,1844.51,1844.51,-0.01,3.65,6649.64,-1
2023-02-12,2023-02-12 13:29:00,1844.51,1844.51,1844.34,1844.34,-0.01,3.65,6649.64,-1
2023-02-12,2023-02-12 13:30:00,1844.34,1844.34,1844.17,1844.17,-0.01,3.65,6649.64,-1
2023-02-12,2023-02-12 13:31:00,1844.17,1844.17,1844.0,1844.0,-0.01,3.65,6649.64,-1
2023-02-12,2023-02-12 13:32:00,1844.0,1844.0,1843.83,1843.83,-0.01,3.65,6649.64,-1
2023-02-12,2023-02-12 13:33:00,1843.83,1843.83,1843.66,1843.66,-0.01,3.65,6649.64,-1
2023-02-12,2023-02-12 13:34:00,1843.66,1843.66,1843.49,1843.49,-0.01,3.65,6649.64,-1
2023-02-12,2023-02-12 13:35:00,1843.49,1843.49,1843.32,1843.32,-0.01,3.65,6649.64,-1
2023-02-12,2023-02-12 13:36:00,1843.32,1843.32,1843.14,1843.14,-0.01,3.65,6649.64,-1
2023-02-12,2023-02-12 13:37:00,1843.14,1843.14,1842.97,1842.97,-0.01,3.65,6649.64,-1
2023-02-12,2023-02-12 13:38:00,1842.97,1842.97,1842.8,1842.8,-0.01,3.65,6649.64,-1
2023-02-12,2023-02-12 13:39:00,1842.8,1842.8,1842.63,1842.63,-0.01,3.65,6649.64,-1
2023-02-12,2023-02-12 13:40:00,1842.63,1842.63,1842.46,1842.46,-0.01,3.65,6649.64,-1
2023-02-12,2023-02-12 13:41:00,1842.46,1842.46,1842.29,1842.29,-0.01,3.65,6649.64,-1
2023-02-12,2023-02-12 13:42:00,1842.29,1842.29,1842.12,1842.12,-0.01,3.65,6649.64,-1
2023-02-12,2023-02-12 13:43:00,1842.12,1842.12,1841.95,1841.95,-0.01,3.65,6649.64,-1
2023-02-12,2023-02-12 13:44:00,1841.95,1841.95,1841.78,1841.78,-0.01,3.65,6649.64,-1
2023-02-12,2023-02-12 13:45:00,1841.78,1841.78,1841.61,1841.61,-0.01,3.65,6649.64,-1
2023-02-12,2023-02-12 13:46:00,1841.61,1841.61,1841.44,1841.44,-0.01,3.65,6649.64,-1
2023-02-12,2023-02-12 13:47:00,1841.44,1841.44,1841.27,1841.27,-0.01,3.65,6649.64,-1
2023-02-12,2023-02-12 13:48:00,1841.27,1841.27,1841.1,1841.1,-0.01,3.65,6649.64,-1
2023-02-12,2023-02-12 13:49:00,1841.1,1841.1,1840.93,1840.93,-0.01,3.65,6649.64,-1
2023-02-12,2023-02-12 13:50:00,1840.93,1840.93,1840.76,1840.76,-0.01,3.65,6649.64,-1
2023-02-12,2023-02-12 13:51:00,1840.76,1840.76,1840.59,1840.59,-0.01,3.65,6649.64,-1
2023-02-12,2023-02-12 13:52:00,1840.59,1840.59,1840.42,1840.42,-0.01,3.65,6649.64,-1
2023-02-12,2023-02-12 13:53:00,1840.42,1840.42,1840.25,1840.25,-0.01,3.65,6649.64,-1
2023-02-12,2023-02-12 13:54:00,1840.25,1840.25,1840.08,1840.08,-0.01,3.65,6649.64,-1
2023-02-12,2023-02-12 13:55:00,1840.08,1840.08,1839.91,1839.91,-0.01,3.65,6649.64,-1
2023-02-12,2023-02-12 13:56:00,1839.91,1839.91,1839.74,1839.74,-0.01,3.65,6649.64,-1
2023-02-12,2023-02-12 13:57:00,1839.74,1839.74,1839.57,1839.57,-0.01,3.65,6649.64,-1
2023-02-12,2023-02-12 13:58:00,1839.57,1839.57,1839.4,1839.4,-0.01,3.65,6649.64,-1
2023-02-12,2023-02-12 13:59:00,1839.4,1839.4,1839.22,1839.22,-0.01,3.65,6649.64,-1
2023-02-12,2023-02-12 14:00:00,1839.22,1839.22,1839.05,1839.05,-0.01,3.65,6649.64,-1
2023-02-12,2023-02-12 14:01:00,1839.05,1839.05,1838.88,1838.88,-0.01,3.65,6649.64,-1
2023-02-12,2023-02-12 14:02:00,1838.88,1838.88,1838.71,1838.71,-0.01,3.65,6649.64,-1
2023-02-12,2023-02-12 14:03:00,1838.71,1838.71,1838.54,1838.54,-0.01,3.65,6649.64,-1
2023-02-12,2023-02-12 14:04:00,1838.54,1838.54,1838.37,1838.37,-0.01,3.65,6649.64,-1
2023-02-12,2023-02-12 14:05:00,1838.37,1838.37,1838.2,1838.2,-0.01,3.65,6649.64,-1
2023-02-12,2023-02-12 14:06:00,1838.2,1838.2,1838.03,1838.03,-0.01,3.65,6649.64,-1
2023-02-12,2023-02-12 14:07:00,1838.03,1838.03,1837.86,1837.86,-0.01,3.65,6649.64,-1
2023-02-12,2023-02-12 14:08:00,1837.86,1837.86,1837.69,1837.69,-0.01,3.65,6649.64,-1
2023-02-12,2023-02-12 14:09:00,1837.69,1837.69,1837.52,1837.52,-0.01,3.65,6649.64,-1
2023-02-12,2023-02-12 14:10:00,1837.52,1837.52,1837.35,1837.35,-0.01,3.65,6649.64,-1
2023-02-12,2023-02-12 14:11:00,1837.35,1837.35,1837.18,1837.18,-0.01,3.65,6649.64,-1
2023-02-12,2023-02-12 14:12:00,1837.18,1837.18,1837.01,1837.01,-0.01,3.65,6649.64,-1
2023-02-12,2023-02-12 14:13:00,1837.01,1837.01,1836.84,1836.84,-0.01,3.65,6649.64,-1
2023-02-12,2023-02-12 14:14:00,1836.84,1836.84,1836.67,1836.67,-0.01,3.65,6649.64,-1
2023-02-12,2023-02-12 14:15:00,1836.67,1836.67,1836.5,1836.5,-0.01,3.65,6649.64,-1
2023-02-12,2023-02-12 14:16:00,1836.5,1836.5,1836.33,1836.33,-0.01,3.65,6649.64,-1
2023-02-12,2023-02-12 14:17:00,1836.33,1836.33,1836.16,1836.16,-0.01,3.65,6649.64,-1
2023-02-12,2023-02-12 14:18:00,1836.16,1836.16,1835.99,1835.99,-0.01,3.65,6649.64,-1
2023-02-12,2023-02-12 14:19:00,1835.99,1835.99,1835.82,1835.82,-0.01,3.65,6649.64,-1
2023-02-12,2023-02-12 14:20:00,1835.82,1835.82,1835.65,1835.65,-0.01,3.65,6649.64,-1
2023-02-12,2023-02-12 14:21:00,1835.65,1835.65,1835.48,1835.48,-0.01,3.65,6649.64,-1
2023-02-12,2023-02-12 14:22:00,1835.48,1835.48,1835.31,1835.31,-0.01,3.65,6649.64,-1
2023-02-12,2023-02-12 14:23:00,1835.31,1835.31,1835.13,1835.13,-0.01,3.65,6649.64,-1
2023-02-12,2023-02-12 14:24:00,1835.13,1835.13,1834.96,1834.96,-0.01,3.65,6649.64,-1
2023-02-12,2023-02-12 14:25:00,1834.96,1834.96,1834.79,1834.79,-0.01,3.65,6649.64,-1
2023-02-12,2023-02-12 14:26:00,1834.79,1834.79,1834.62,1834.62,-0.01,3.65,6649.64,-1
2023-02-12,2023-02-12 14:27:00,1834.62,1834.62,1834.45,1834.45,-0.01,3.65,6649.64,-1
2023-02-12,2023-02-12 14:28:00,1834.45,1834.45,1834.28,1834.28,-0.01,3.65,6649.64,-1
2023-02-12,2023-02-12 14:29:00,1834.28,1834.28,1834.11,1834.11,-0.01,3.65,6649.64,-1
2023-02-12,2023-02-12 14:30:00,1834.11,1834.11,1833.94,1833.94,-0.01,3.65,6649.64,-1
2023-02-12,2023-02-12 14:31:00,1833.94,1833.94,1833.77,1833.77,-0.01,3.65,6649.64,-1
2023-02-12,2023-02-12 14:32:00,1833.77,1833.77,1833.6,1833.6,-0.01,3.65,6649.64,-1
2023-02-12,2023-02-12 14:33:00,1833.6,1833.6,1833.43,1833.43,-0.01,3.65,6649.64,-1
2023-02-12,2023-02-12 14:34:00,1833.43,1833.43,1833.26,1833.26,-0.01,3.65,6649.64,-1
2023-02-12,2023-02-12 14:35:00,1833.26,1833.26,1833.09,1833.09,-0.01,3.65,6649.64,-1
2023-02-12,2023-02-12 14:36:00,1833.09,1833.09,1832.92,1832.92,-0.01,3.65,6649.64,-1
2023-02-12,2023-02-12 14:37:00,1832.92,1832.92,1832.75,1832.75,-0.01,3.65,6649.64,-1
2023-02-12,2023-02-12 14:38:00,1832.75,1832.75,1832.58,1832.58,-0.01,3.65,6649.64,-1
2023-02-12,2023-02-12 14:39:00,1832.58,1832.58,1832.41,1832.41,-0.01,3.65,6649.64,-1
2023-02-12,2023-02-12 14:40:00,1832.41,1832.41,1832.24,1832.24,-0.01,3.65,6649.64,-1
2023-02-12,2023-02-12 14:41:00,1832.24,1832.24,1832.07,1832.07,-0.01,3.65,6649.64,-1
2023-02-12,2023-02-12 14:42:00,1832.07,1832.07,1831.9,1831.9,-0.01,3.65,6649.64,-1
2023-02-12,2023-02-12 14:43:00,1831.9,1831.9,1831.73,1831.73,-0.01,3.65,6649.64,-1
2023-02-12,2023-02-12 14:44:00,1831.73,1831.73,1831.56,1831.56,-0.01,3.65,6649.64,-1
2023-02-12,2023-02-12 14:45:00,1831.56,1831.56,1831.39,1831.39,-0.01,3.65,6649.64,-1
2023-02-12,2023-02-12 14:46:00,1831.39,1831.39,1831.22,1831.22,-0.01,3.65,6649.64,-1
2023-02-12,2023-02-12 14:47:00,1831.22,1831.22,1831.05,1831.05,-0.01,3.65,6649.64,-1
2023-02-12,2023-02-12 14:48:00,1831.05,1831.05,1830.87,1830.87,-0.01,3.65,6649.64,-1
2023-02-12,2023-02-12 14:49:00,1830.87,1830.87,1830.7,1830.7,-0.01,3.65,6649.64,-1
2023-02-12,2023-02-12 14:50:00,1830.7,1830.7,1830.53,1830.53,-0.01,3.65,6649.64,-1
2023-02-12,2023-02-12 14:51:00,1830.53,1830.53,1830.36,1830.36,-0.01,3.65,6649.64,-1
2023-02-12,2023-02-12 14:52:00,1830.36,1830.36,1830.19,1830.19,-0.01,3.65,6649.64,-1
2023-02-12,2023-02-12 14:53:00,1830.19,1830.19,1830.02,1830.02,-0.01,3.65,6649.64,-1
2023-02-12,2023-02-12 14:54:00,1830.02,1830.02,1829.85,1829.85,-0.01,3.65,6649.64,-1
2023-02-12,2023-02-12 14:55:00,1829.85,1829.85,1829.68,1829.68,-0.01,3.65,6649.64,-1
2023-02-12,2023-02-12 14:56:00,1829.68,1829.68,1829.51,1829.51,-0.01,3.65,6649.64,-1
2023-02-12,2023-02-12 14:57:00,1829.51,1829.51,1829.34,1829.34,-0.01,3.65,6649.64,-1
2023-02-12,2023-02-12 14:58:00,1829.34,1829.34,1829.17,1829.17,-0.01,3.65,6649.64,-1
2023-02-12,2023-02-12 14:59:00,1829.17,1829.17,1829.0,1829.0,-0.01,3.65,6649.64,-1
2023-02-12,2023-02-12 15:00:00,1829.0,1869.9,1806.1,1829.0,0.0,3.65,6649.64,0
2023-02-14,2023-02-14 11:00:00,1800.0,1809.0,1800.0,1800.06,0.0,2.82,5131.48,1
2023-02-14,2023-02-14 11:01:00,1800.06,1800.12,1800.06,1800.12,0.0,2.82,5131.48,1
2023-02-14,2023-02-14 11:02:00,1800.12,1800.19,1800.12,1800.19,0.0,2.82,5131.48,1
2023-02-14,2023-02-14 11:03:00,1800.19,1800.25,1800.19,1800.25,0.0,2.82,5131.48,1
2023-02-14,2023-02-14 11:04:00,1800.25,1800.31,1800.25,1800.31,0.0,2.82,5131.48,1
2023-02-14,2023-02-14 11:05:00,1800.31,1800.38,1800.31,1800.38,0.0,2.82,5131.48,1
2023-02-14,2023-02-14 11:06:00,1800.38,1800.44,1800.38,1800.44,0.0,2.82,5131.48,1
2023-02-14,2023-02-14 11:07:00,1800.44,1800.5,1800.44,1800.5,0.0,2.82,5131.48,1
2023-02-14,2023-02-14 11:08:00,1800.5,1800.56,1800.5,1800.56,0.0,2.82,5131.48,1
2023-02-14,2023-02-14 11:09:00,1800.56,1800.62,1800.56,1800.62,0.0,2.82,5131.48,1
2023-02-14,2023-02-14 11:10:00,1800.62,1800.69,1800.62,1800.69,0.0,2.82,5131.48,1
2023-02-14,2023-02-14 11:11:00,1800.69,1800.75,1800.69,1800.75,0.0,2.82,5131.48,1
2023-02-14,2023-02-14 11:12:00,1800.75,1800.81,1800.75,1800.81,0.0,2.82,5131.48,1
2023-02-14,2023-02-14 11:13:00,1800.81,1800.88,1800.81,1800.88,0.0,2.82,5131.48,1
2023-02-14,2023-02-14 11:14:00,1800.88,1800.94,1800.88,1800.94,0.0,2.82,5131.48,1
2023-02-14,2023-02-14 11:15:00,1800.94,1801.0,1800.94,1801.0,0.0,2.82,5131.48,1
2023-02-14,2023-02-14 11:16:00,1801.0,1801.06,1801.0,1801.06,0.0,2.82,5131.48,1
2023-02-14,2023-02-14 11:17:00,1801.06,1801.12,1801.06,1801.12,0.0,2.82,5131.48,1
2023-02-14,2023-02-14 11:18:00,1801.12,1801.19,1801.12,1801.19,0.0,2.82,5131.48,1
2023-02-14,2023-02-14 11:19:00,1801.19,1801.25,1801.19,1801.25,0.0,2.82,5131.48,1
2023-02-14,2023-02-14 11:20:00,1801.25,1801.31,1801.25,1801.31,0.0,2.82,5131.48,1
2023-02-14,2023-02-14 11:21:00,1801.31,1801.38,1801.31,1801.38,0.0,2.82,5131.48,1
2023-02-14,2023-02-14 11:22:00,1801.38,1801.44,1801.38,1801.44,0.0,2.82,5131.48,1
2023-02-14,2023-02-14 11:23:00,1801.44,1801.5,1801.44,1801.5,0.0,2.82,5131.48,1
2023-02-14,2023-02-14 11:24:00,1801.5,1801.56,1801.5,1801.56,0.0,2.82,5131.48,1
2023-02-14,2023-02-14 11:25:00,1801.56,1801.62,1801.56,1801.62,0.0,2.82,5131.48,1
2023-02-14,2023-02-14 11:26:00,1801.62,1801.69,1801.62,1801.69,0.0,2.82,5131.48,1
2023-02-14,2023-02-14 11:27:00,1801.69,1801.75,1801.69,1801.75,0.0,2.82,5131.48,1
2023-02-14,2023-02-14 11:28:00,1801.75,1801.81,1801.75,1801.81,0.0,2.82,5131.48,1
2023-02-14,2023-02-14 11:29:00,1801.81,1801.88,1801.81,1801.88,0.0,2.82,5131.48,1
2023-02-14,2023-02-14 11:30:00,1801.88,1801.94,1801.88,1801.94,0.0,2.82,5131.48,1
2023-02-14,2023-02-14 11:31:00,1801.94,1802.0,1801.94,1802.0,0.0,2.82,5131.48,1
2023-02-14,2023-02-14 11:32:00,1802.0,1802.06,1802.0,1802.06,0.0,2.82,5131.48,1
2023-02-14,2023-02-14 11:33:00,1802.06,1802.12,1802.06,1802.12,0.0,2.82,5131.48,1
2023-02-14,2023-02-14 11:34:00,1802.12,1802.19,1802.12,1802.19,0.0,2.82,5131.48,1
2023-02-14,2023-02-14 11:35:00,1802.19,1802.25,1802.19,1802.25,0.0,2.82,5131.48,1
2023-02-14,2023-02-14 11:36:00,1802.25,1802.31,1802.25,1802.31,0.0,2.82,5131.48,1
2023-02-14,2023-02-14 11:37:00,1802.31,1802.38,1802.31,1802.38,0.0,2.82,5131.48,1
2023-02-14,2023-02-14 11:38:00,1802.38,1802.44,1802.38,1802.44,0.0,2.82,5131.48,1
2023-02-14,2023-02-14 11:39:00,1802.44,1802.5,1802.44,1802.5,0.0,2.82,5131.48,1
2023-02-14,2023-02-14 11:40:00,1802.5,1802.56,1802.5,1802.56,0.0,2.82,5131.48,1
2023-02-14,2023-02-14 11:41:00,1802.56,1802.62,1802.56,1802.62,0.0,2.82,5131.48,1
2023-02-14,2023-02-14 11:42:00,1802.62,1802.69,1802.62,1802.69,0.0,2.82,5131.48,1
2023-02-14,2023-02-14 11:43:00,1802.69,1802.75,1802.69,1802.75,0.0,2.82,5131.48,1
2023-02-14,2023-02-14 11:44:00,1802.75,1802.81,1802.75,1802.81,0.0,2.82,5131.48,1
2023-02-14,2023-02-14 11:45:00,1802.81,1802.88,1802.81,1802.88,0.0,2.82,5131.48,1
2023-02-14,2023-02-14 11:46:00,1802.88,1802.94,1802.88,1802.94,0.0,2.82,5131.48,1
2023-02-14,2023-02-14 11:47:00,1802.94,1803.0,1802.94,1803.0,0.0,2.82,5131.48,1
2023-02-14,2023-02-14 11:48:00,1803.0,1803.06,1803.0,1803.06,0.0,2.82,5131.48,1
2023-02-14,2023-02-14 11:49:00,1803.06,1803.12,1803.06,1803.12,0.0,2.82,5131.48,1
2023-02-14,2023-02-14 11:50:00,1803.12,1803.19,1803.12,1803.19,0.0,2.82,5131.48,1
2023-02-14,2023-02-14 11:51:00,1803.19,1803.25,1803.19,1803.25,0.0,2.82,5131.48,1
2023-02-14,2023-02-14 11:52:00,1803.25,1803.31,1803.25,1803.31,0.0,2.82,5131.48,1
2023-02-14,2023-02-14 11:53:00,1803.31,1803.38,1803.31,1803.38,0.0,2.82,5131.48,1
2023-02-14,2023-02-14 11:54:00,1803.38,1803.44,1803.38,1803.44,0.0,2.82,5131.48,1
2023-02-14,2023-02-14 11:55:00,1803.44,1803.5,1803.44,1803.5,0.0,2.82,5131.48,1
2023-02-14,2023-02-14 11:56:00,1803.5,1803.56,1803.5,1803.56,0.0,2.82,5131.48,1
2023-02-14,2023-02-14 11:57:00,1803.56,1803.62,1803.56,1803.62,0.0,2.82,5131.48,1
2023-02-14,2023-02-14 11:58:00,1803.62,1803.69,1803.62,1803.69,0.0,2.82,5131.48,1
2023-02-14,2023-02-14 11:59:00,1803.69,1803.75,1803.69,1803.75,0.0,2.82,5131.48,1
2023-02-14,2023-02-14 12:00:00,1803.75,1803.81,1803.75,1803.81,0.0,2.82,5131.48,1
2023-02-14,2023-02-14 12:01:00,1803.81,1803.88,1803.81,1803.88,0.0,2.82,5131.48,1
2023-02-14,2023-02-14 12:02:00,1803.88,1803.94,1803.88,1803.94,0.0,2.82,5131.48,1
2023-02-14,2023-02-14 12:03:00,1803.94,1804.0,1803.94,1804.0,0.0,2.82,5131.48,1
2023-02-14,2023-02-14 12:04:00,1804.0,1804.06,1804.0,1804.06,0.0,2.82,5131.48,1
2023-02-14,2023-02-14 12:05:00,1804.06,1804.12,1804.06,1804.12,0.0,2.82,5131.48,1
2023-02-14,2023-02-14 12:06:00,1804.12,1804.19,1804.12,1804.19,0.0,2.82,5131.48,1
2023-02-14,2023-02-14 12:07:00,1804.19,1804.25,1804.19,1804.25,0.0,2.82,5131.48,1
2023-02-14,2023-02-14 12:08:00,1804.25,1804.31,1804.25,1804.31,0.0,2.82,5131.48,1
2023-02-14,2023-02-14 12:09:00,1804.31,1804.38,1804.31,1804.38,0.0,2.82,5131.48,1
2023-02-14,2023-02-14 12:10:00,1804.38,1804.44,1804.38,1804.44,0.0,2.82,5131.48,1
2023-02-14,2023-02-14 12:11:00,1804.44,1804.5,1804.44,1804.5,0.0,2.82,5131.48,1
2023-02-14,2023-02-14 12:12:00,1804.5,1804.56,1804.5,1804.56,0.0,2.82,5131.48,1
2023-02-14,2023-02-14 12:13:00,1804.56,1804.62,1804.56,1804.62,0.0,2.82,5131.48,1
2023-02-14,2023-02-14 12:14:00,1804.62,1804.69,1804.62,1804.69,0.0,2.82,5131.48,1
2023-02-14,2023-02-14 12:15:00,1804.69,1804.75,1804.69,1804.75,0.0,2.82,5131.48,1
2023-02-14,2023-02-14 12:16:00,1804.75,1804.81,1804.75,1804.81,0.0,2.82,5131.48,1
2023-02-14,2023-02-14 12:17:00,1804.81,1804.88,1804.81,1804.88,0.0,2.82,5131.48,1
2023-02-14,2023-02-14 12:18:00,1804.88,1804.94,1804.88,1804.94,0.0,2.82,5131.48,1
2023-02-14,2023-02-14 12:19:00,1804.94,1805.0,1804.94,1805.0,0.0,2.82,5131.48,1
2023-02-14,2023-02-14 12:20:00,1805.0,1805.06,1805.0,1805.06,0.0,2.82,5131.48,1
2023-02-14,2023-02-14 12:21:00,1805.06,1805.12,1805.06,1805.12,0.0,2.82,5131.48,1
2023-02-14,2023-02-14 12:22:00,1805.12,1805.19,1805.12,1805.19,0.0,2.82,5131.48,1
2023-02-14,2023-02-14 12:23:00,1805.19,1805.25,1805.19,1805.25,0.0,2.82,5131.48,1
2023-02-14,2023-02-14 12:24:00,1805.25,1805.31,1805.25,1805.31,0.0,2.82,5131.48,1
2023-02-14,2023-02-14 12:25:00,1805.31,1805.38,1805.31,1805.38,0.0,2.82,5131.48,1
2023-02-14,2023-02-14 12:26:00,1805.38,1805.44,1805.38,1805.44,0.0,2.82,5131.48,1
2023-02-14,2023-02-14 12:27:00,1805.44,1805.5,1805.44,1805.5,0.0,2.82,5131.48,1
2023-02-14,2023-02-14 12:28:00,1805.5,1805.56,1805.5,1805.56,0.0,2.82,5131.48,1
2023-02-14,2023-02-14 12:29:00,1805.56,1805.62,1805.56,1805.62,0.0,2.82,5131.48,1
2023-02-14,2023-02-14 12:30:00,1805.62,1805.69,1805.62,1805.69,0.0,2.82,5131.48,1
2023-02-14,2023-02-14 12:31:00,1805.69,1805.75,1805.69,1805.75,0.0,2.82,5131.48,1
2023-02-14,2023-02-14 12:32:00,1805.75,1805.81,1805.75,1805.81,0.0,2.82,5131.48,1
2023-02-14,2023-02-14 12:33:00,1805.81,1805.88,1805.81,1805.88,0.0,2.82,5131.48,1
2023-02-14,2023-02-14 12:34:00,1805.88,1805.94,1805.88,1805.94,0.0,2.82,5131.48,1
2023-02-14,2023-02-14 12:35:00,1805.94,1806.0,1805.94,1806.0,0.0,2.82,5131.48,1
2023-02-14,2023-02-14 12:36:00,1806.0,1806.06,1806.0,1806.06,0.0,2.82,5131.48,1
2023-02-14,2023-02-14 12:37:00,1806.06,1806.12,1806.06,1806.12,0.0,2.82,5131.48,1
2023-02-14,2023-02-14 12:38:00,1806.12,1806.19,1806.12,1806.19,0.0,2.82,5131.48,1
2023-02-14,2023-02-14 12:39:00,1806.19,1806.25,1806.19,1806.25,0.0,2.82,5131.48,1
2023-02-14,2023-02-14 12:40:00,1806.25,1806.31,1806.25,1806.31,0.0,2.82,5131.48,1
2023-02-14,2023-02-14 12:41:00,1806.31,1806.38,1806.31,1806.38,0.0,2.82,5131.48,1
2023-02-14,2023-02-14 12:42:00,1806.38,1806.44,1806.38,1806.44,0.0,2.82,5131.48,1
2023-02-14,2023-02-14 12:43:00,1806.44,1806.5,1806.44,1806.5,0.0,2.82,5131.48,1
2023-02-14,2023-02-14 12:44:00,1806.5,1806.56,1806.5,1806.56,0.0,2.82,5131.48,1
2023-02-14,2023-02-14 12:45:00,1806.56,1806.62,1806.56,1806.62,0.0,2.82,5131.48,1
2023-02-14,2023-02-14 12:46:00,1806.62,1806.69,1806.62,1806.69,0.0,2.82,5131.48,1
2023-02-14,2023-02-14 12:47:00,1806.69,1806.75,1806.69,1806.75,0.0,2.82,5131.48,1
2023-02-14,2023-02-14 12:48:00,1806.75,1806.81,1806.75,1806.81,0.0,2.82,5131.48,1
2023-02-14,2023-02-14 12:49:00,1806.81,1806.88,1806.81,1806.88,0.0,2.82,5131.48,1
2023-02-14,2023-02-14 12:50:00,1806.88,1806.94,1806.88,1806.94,0.0,2.82,5131.48,1
2023-02-14,2023-02-14 12:51:00,1806.94,1807.0,1806.94,1807.0,0.0,2.82,5131.48,1
2023-02-14,2023-02-14 12:52:00,1807.0,1807.06,1807.0,1807.06,0.0,2.82,5131.48,1
2023-02-14,2023-02-14 12:53:00,1807.06,1807.12,1807.06,1807.12,0.0,2.82,5131.48,1
2023-02-14,2023-02-14 12:54:00,1807.12,1807.19,1807.12,1807.19,0.0,2.82,5131.48,1
2023-02-14,2023-02-14 12:55:00,1807.19,1807.25,1807.19,1807.25,0.0,2.82,5131.48,1
2023-02-14,2023-02-14 12:56:00,1807.25,1807.31,1807.25,1807.31,0.0,2.82,5131.48,1
2023-02-14,2023-02-14 12:57:00,1807.31,1807.38,1807.31,1807.38,0.0,2.82,5131.48,1
2023-02-14,2023-02-14 12:58:00,1807.38,1807.44,1807.38,1807.44,0.0,2.82,5131.48,1
2023-02-14,2023-02-14 12:59:00,1807.44,1807.5,1807.44,1807.5,0.0,2.82,5131.48,1
2023-02-14,2023-02-14 13:00:00,1807.5,1830.0,1800.0,1807.56,0.0,2.82,5131.48,1
2023-02-14,2023-02-14 13:01:00,1807.56,1807.62,1807.56,1807.62,0.0,2.82,5131.48,1
2023-02-14,2023-02-14 13:02:00,1807.62,1807.69,1807.62,1807.69,0.0,2.82,5131.48,1
2023-02-14,2023-02-14 13:03:00,1807.69,1807.75,1807.69,1807.75,0.0,2.82,5131.48,1
2023-02-14,2023-02-14 13:04:00,1807.75,1807.81,1807.75,1807.81,0.0,2.82,5131.48,1
2023-02-14,2023-02-14 13:05:00,1807.81,1807.88,1807.81,1807.88,0.0,2.82,5131.48,1
2023-02-14,2023-02-14 13:06:00,1807.88,1807.94,1807.88,1807.94,0.0,2.82,5131.48,1
2023-02-14,2023-02-14 13:07:00,1807.94,1808.0,1807.94,1808.0,0.0,2.82,5131.48,1
2023-02-14,2023-02-14 13:08:00,1808.0,1808.06,1808.0,1808.06,0.0,2.82,5131.48,1
2023-02-14,2023-02-14 13:09:00,1808.06,1808.12,1808.06,1808.12,0.0,2.82,5131.48,1
2023-02-14,2023-02-14 13:10:00,1808.12,1808.19,1808.12,1808.19,0.0,2.82,5131.48,1
2023-02-14,2023-02-14 13:11:00,1808.19,1808.25,1808.19,1808.25,0.0,2.82,5131.48,1
2023-02-14,2023-02-14 13:12:00,1808.25,1808.31,1808.25,1808.31,0.0,2.82,5131.48,1
2023-02-14,2023-02-14 13:13:00,1808.31,1808.38,1808.31,1808.38,0.0,2.82,5131.48,1
2023-02-14,2023-02-14 13:14:00,1808.38,1808.44,1808.38,1808.44,0.0,2.82,5131.48,1
2023-02-14,2023-02-14 13:15:00,1808.44,1808.5,1808.44,1808.5,0.0,2.82,5131.48,1
2023-02-14,2023-02-14 13:16:00,1808.5,1808.56,1808.5,1808.56,0.0,2.82,5131.48,1
2023-02-14,2023-02-14 13:17:00,1808.56,1808.62,1808.56,1808.62,0.0,2.82,5131.48,1
2023-02-14,2023-02-14 13:18:00,1808.62,1808.69,1808.62,1808.69,0.0,2.82,5131.48,1
2023-02-14,2023-02-14 13:19:00,1808.69,1808.75,1808.69,1808.75,0.0,2.82,5131.48,1
2023-02-14,2023-02-14 13:20:00,1808.75,1808.81,1808.75,1808.81,0.0,2.82,5131.48,1
2023-02-14,2023-02-14 13:21:00,1808.81,1808.88,1808.81,1808.88,0.0,2.82,5131.48,1
2023-02-14,2023-02-14 13:22:00,1808.88,1808.94,1808.88,1808.94,0.0,2.82,5131.48,1
2023-02-14,2023-02-14 13:23:00,1808.94,1809.0,1808.94,1809.0,0.0,2.82,5131.48,1
2023-02-14,2023-02-14 13:24:00,1809.0,1809.06,1809.0,1809.06,0.0,2.82,5131.48,1
2023-02-14,2023-02-14 13:25:00,1809.06,1809.12,1809.06,1809.12,0.0,2.82,5131.48,1
2023-02-14,2023-02-14 13:26:00,1809.12,1809.19,1809.12,1809.19,0.0,2.82,5131.48,1
2023-02-14,2023-02-14 13:27:00,1809.19,1809.25,1809.19,1809.25,0.0,2.82,5131.48,1
2023-02-14,2023-02-14 13:28:00,1809.25,1809.31,1809.25,1809.31,0.0,2.82,5131.48,1
2023-02-14,2023-02-14 13:29:00,1809.31,1809.38,1809.31,1809.38,0.0,2.82,5131.48,1
2023-02-14,2023-02-14 13:30:00,1809.38,1809.44,1809.38,1809.44,0.0,2.82,5131.48,1
2023-02-14,2023-02-14 13:31:00,1809.44,1809.5,1809.44,1809.5,0.0,2.82,5131.48,1
2023-02-14,2023-02-14 13:32:00,1809.5,1809.56,1809.5,1809.56,0.0,2.82,5131.48,1
2023-02-14,2023-02-14 13:33:00,1809.56,1809.62,1809.56,1809.62,0.0,2.82,5131.48,1
2023-02-14,2023-02-14 13:34:00,1809.62,1809.69,1809.62,1809.69,0.0,2.82,5131.48,1
2023-02-14,2023-02-14 13:35:00,1809.69,1809.75,1809.69,1809.75,0.0,2.82,5131.48,1
2023-02-14,2023-02-14 13:36:00,1809.75,1809.81,1809.75,1809.81,0.0,2.82,5131.48,1
2023-02-14,2023-02-14 13:37:00,1809.81,1809.88,1809.81,1809.88,0.0,2.82,5131.48,1
2023-02-14,2023-02-14 13:38:00,1809.88,1809.94,1809.88,1809.94,0.0,2.82,5131.48,1
2023-02-14,2023-02-14 13:39:00,1809.94,1810.0,1809.94,1810.0,0.0,2.82,5131.48,1
2023-02-14,2023-02-14 13:40:00,1810.0,1810.06,1810.0,1810.06,0.0,2.82,5131.48,1
2023-02-14,2023-02-14 13:41:00,1810.06,1810.12,1810.06,1810.12,0.0,2.82,5131.48,1
2023-02-14,2023-02-14 13:42:00,1810.12,1810.19,1810.12,1810.19,0.0,2.82,5131.48,1
2023-02-14,2023-02-14 13:43:00,1810.19,1810.25,1810.19,1810.25,0.0,2.82,5131.48,1
2023-02-14,2023-02-14 13:44:00,1810.25,1810.31,1810.25,1810.31,0.0,2.82,5131.48,1
2023-02-14,2023-02-14 13:45:00,1810.31,1810.38,1810.31,1810.38,0.0,2.82,5131.48,1
2023-02-14,2023-02-14 13:46:00,1810.38,1810.44,1810.38,1810.44,0.0,2.82,5131.48,1
2023-02-14,2023-02-14 13:47:00,1810.44,1810.5,1810.44,1810.5,0.0,2.82,5131.48,1
2023-02-14,2023-02-14 13:48:00,1810.5,1810.56,1810.5,1810.56,0.0,2.82,5131.48,1
2023-02-14,2023-02-14 13:49:00,1810.56,1810.62,1810.56,1810.62,0.0,2.82,5131.48,1
2023-02-14,2023-02-14 13:50:00,1810.62,1810.69,1810.62,1810.69,0.0,2.82,5131.48,1
2023-02-14,2023-02-14 13:51:00,1810.69,1810.75,1810.69,1810.75,0.0,2.82,5131.48,1
2023-02-14,2023-02-14 13:52:00,1810.75,1810.81,1810.75,1810.81,0.0,2.82,5131.48,1
2023-02-14,2023-02-14 13:53:00,1810.81,1810.88,1810.81,1810.88,0.0,2.82,5131.48,1
2023-02-14,2023-02-14 13:54:00,1810.88,1810.94,1810.88,1810.94,0.0,2.82,5131.48,1
2023-02-14,2023-02-14 13:55:00,1810.94,1811.0,1810.94,1811.0,0.0,2.82,5131.48,1
2023-02-14,2023-02-14 13:56:00,1811.0,1811.06,1811.0,1811.06,0.0,2.82,5131.48,1
2023-02-14,2023-02-14 13:57:00,1811.06,1811.12,1811.06,1811.12,0.0,2.82,5131.48,1
2023-02-14,2023-02-14 13:58:00,1811.12,1811.19,1811.12,1811.19,0.0,2.82,5131.48,1
2023-02-14,2023-02-14 13:59:00,1811.19,1811.25,1811.19,1811.25,0.0,2.82,5131.48,1
2023-02-14,2023-02-14 14:00:00,1811.25,1811.31,1811.25,1811.31,0.0,2.82,5131.48,1
2023-02-14,2023-02-14 14:01:00,1811.31,1811.38,1811.31,1811.38,0.0,2.82,5131.48,1
2023-02-14,2023-02-14 14:02:00,1811.38,1811.44,1811.38,1811.44,0.0,2.82,5131.48,1
2023-02-14,2023-02-14 14:03:00,1811.44,1811.5,1811.44,1811.5,0.0,2.82,5131.48,1
2023-02-14,2023-02-14 14:04:00,1811.5,1811.56,1811.5,1811.56,0.0,2.82,5131.48,1
2023-02-14,2023-02-14 14:05:00,1811.56,1811.62,1811.56,1811.62,0.0,2.82,5131.48,1
2023-02-14,2023-02-14 14:06:00,1811.62,1811.69,1811.62,1811.69,0.0,2.82,5131.48,1
2023-02-14,2023-02-14 14:07:00,1811.69,1811.75,1811.69,1811.75,0.0,2.82,5131.48,1
2023-02-14,2023-02-14 14:08:00,1811.75,1811.81,1811.75,1811.81,0.0,2.82,5131.48,1
2023-02-14,2023-02-14 14:09:00,1811.81,1811.88,1811.81,1811.88,0.0,2.82,5131.48,1
2023-02-14,2023-02-14 14:10:00,1811.88,1811.94,1811.88,1811.94,0.0,2.82,5131.48,1
2023-02-14,2023-02-14 14:11:00,1811.94,1812.0,1811.94,1812.0,0.0,2.82,5131.48,1
2023-02-14,2023-02-14 14:12:00,1812.0,1812.06,1812.0,1812.06,0.0,2.82,5131.48,1
2023-02-14,2023-02-14 14:13:00,1812.06,1812.12,1812.06,1812.12,0.0,2.82,5131.48,1
2023-02-14,2023-02-14 14:14:00,1812.12,1812.19,1812.12,1812.19,0.0,2.82,5131.48,1
2023-02-14,2023-02-14 14:15:00,1812.19,1812.25,1812.19,1812.25,0.0,2.82,5131.48,1
2023-02-14,2023-02-14 14:16:00,1812.25,1812.31,1812.25,1812.31,0.0,2.82,5131.48,1
2023-02-14,2023-02-14 14:17:00,1812.31,1812.38,1812.31,1812.38,0.0,2.82,5131.48,1
2023-02-14,2023-02-14 14:18:00,1812.38,1812.44,1812.38,1812.44,0.0,2.82,5131.48,1
2023-02-14,2023-02-14 14:19:00,1812.44,1812.5,1812.44,1812.5,0.0,2.82,5131.48,1
2023-02-14,2023-02-14 14:20:00,1812.5,1812.56,1812.5,1812.56,0.0,2.82,5131.48,1
2023-02-14,2023-02-14 14:21:00,1812.56,1812.62,1812.56,1812.62,0.0,2.82,5131.48,1
2023-02-14,2023-02-14 14:22:00,1812.62,1812.69,1812.62,1812.69,0.0,2.82,5131.48,1
2023-02-14,2023-02-14 14:23:00,1812.69,1812.75,1812.69,1812.75,0.0,2.82,5131.48,1
2023-02-14,2023-02-14 14:24:00,1812.75,1812.81,1812.75,1812.81,0.0,2.82,5131.48,1
2023-02-14,2023-02-14 14:25:00,1812.81,1812.88,1812.81,1812.88,0.0,2.82,5131.48,1
2023-02-14,2023-02-14 14:26:00,1812.88,1812.94,1812.88,1812.94,0.0,2.82,5131.48,1
2023-02-14,2023-02-14 14:27:00,1812.94,1813.0,1812.94,1813.0,0.0,2.82,5131.48,1
2023-02-14,2023-02-14 14:28:00,1813.0,1813.06,1813.0,1813.06,0.0,2.82,5131.48,1
2023-02-14,2023-02-14 14:29:00,1813.06,1813.12,1813.06,1813.12,0.0,2.82,5131.48,1
2023-02-14,2023-02-14 14:30:00,1813.12,1813.19,1813.12,1813.19,0.0,2.82,5131.48,1
2023-02-14,2023-02-14 14:31:00,1813.19,1813.25,1813.19,1813.25,0.0,2.82,5131.48,1
2023-02-14,2023-02-14 14:32:00,1813.25,1813.31,1813.25,1813.31,0.0,2.82,5131.48,1
2023-02-14,2023-02-14 14:33:00,1813.31,1813.38,1813.31,1813.38,0.0,2.82,5131.48,1
2023-02-14,2023-02-14 14:34:00,1813.38,1813.44,1813.38,1813.44,0.0,2.82,5131.48,1
2023-02-14,2023-02-14 14:35:00,1813.44,1813.5,1813.44,1813.5,0.0,2.82,5131.48,1
2023-02-14,2023-02-14 14:36:00,1813.5,1813.56,1813.5,1813.56,0.0,2.82,5131.48,1
2023-02-14,2023-02-14 14:37:00,1813.56,1813.62,1813.56,1813.62,0.0,2.82,5131.48,1
2023-02-14,2023-02-14 14:38:00,1813.62,1813.69,1813.62,1813.69,0.0,2.82,5131.48,1
2023-02-14,2023-02-14 14:39:00,1813.69,1813.75,1813.69,1813.75,0.0,2.82,5131.48,1
2023-02-14,2023-02-14 14:40:00,1813.75,1813.81,1813.75,1813.81,0.0,2.82,5131.48,1
2023-02-14,2023-02-14 14:41:00,1813.81,1813.88,1813.81,1813.88,0.0,2.82,5131.48,1
2023-02-14,2023-02-14 14:42:00,1813.88,1813.94,1813.88,1813.94,0.0,2.82,5131.48,1
2023-02-14,2023-02-14 14:43:00,1813.94,1814.0,1813.94,1814.0,0.0,2.82,5131.48,1
2023-02-14,2023-02-14 14:44:00,1814.0,1814.06,1814.0,1814.06,0.0,2.82,5131.48,1
2023-02-14,2023-02-14 14:45:00,1814.06,1814.12,1814.06,1814.12,0.0,2.82,5131.48,1
2023-02-14,2023-02-14 14:46:00,1814.12,1814.19,1814.12,1814.19,0.0,2.82,5131.48,1
2023-02-14,2023-02-14 14:47:00,1814.19,1814.25,1814.19,1814.25,0.0,2.82,5131.48,1
2023-02-14,2023-02-14 14:48:00,1814.25,1814.31,1814.25,1814.31,0.0,2.82,5131.48,1
2023-02-14,2023-02-14 14:49:00,1814.31,1814.38,1814.31,1814.38,0.0,2.82,5131.48,1
2023-02-14,2023-02-14 14:50:00,1814.38,1814.44,1814.38,1814.44,0.0,2.82,5131.48,1
2023-02-14,2023-02-14 14:51:00,1814.44,1814.5,1814.44,1814.5,0.0,2.82,5131.48,1
2023-02-14,2023-02-14 14:52:00,1814.5,1814.56,1814.5,1814.56,0.0,2.82,5131.48,1
2023-02-14,2023-02-14 14:53:00,1814.56,1814.62,1814.56,1814.62,0.0,2.82,5131.48,1
2023-02-14,2023-02-14 14:54:00,1814.62,1814.69,1814.62,1814.69,0.0,2.82,5131.48,1
2023-02-14,2023-02-14 14:55:00,1814.69,1814.75,1814.69,1814.75,0.0,2.82,5131.48,1
2023-02-14,2023-02-14 14:56:00,1814.75,1814.81,1814.75,1814.81,0.0,2.82,5131.48,1
2023-02-14,2023-02-14 14:57:00,1814.81,1814.88,1814.81,1814.88,0.0,2.82,5131.48,1
2023-02-14,2023-02-14 14:58:00,1814.88,1814.94,1814.88,1814.94,0.0,2.82,5131.48,1
2023-02-14,2023-02-14 14:59:00,1814.94,1815.0,1814.94,1815.0,0.0,2.82,5131.48,1
2023-02-14,2023-02-14 15:00:00,1815.0,1830.0,1800.0,1815.0,0.0,2.82,5131.48,0
2023-02-15,2023-02-15 11:00:00,1780.0,1792.87,1780.0,1780.17,0.01,2.82,5097.59,1
2023-02-15,2023-02-15 11:01:00,1780.17,1780.33,1780.17,1780.33,0.01,2.82,5097.59,1
2023-02-15,2023-02-15 11:02:00,1780.33,1780.5,1780.33,1780.5,0.01,2.82,5097.59,1
2023-02-15,2023-02-15 11:03:00,1780.5,1780.67,1780.5,1780.67,0.01,2.82,5097.59,1
2023-02-15,2023-02-15 11:04:00,1780.67,1780.83,1780.67,1780.83,0.01,2.82,5097.59,1
2023-02-15,2023-02-15 11:05:00,1780.83,1781.0,1780.83,1781.0,0.01,2.82,5097.59,1
2023-02-15,2023-02-15 11:06:00,1781.0,1781.17,1781.0,1781.17,0.01,2.82,5097.59,1
2023-02-15,2023-02-15 11:07:00,1781.17,1781.33,1781.17,1781.33,0.01,2.82,5097.59,1
2023-02-15,2023-02-15 11:08:00,1781.33,1781.5,1781.33,1781.5,0.01,2.82,5097.59,1
2023-02-15,2023-02-15 11:09:00,1781.5,1781.67,1781.5,1781.67,0.01,2.82,5097.59,1
2023-02-15,2023-02-15 11:10:00,1781.67,1781.83,1781.67,1781.83,0.01,2.82,5097.59,1
2023-02-15,2023-02-15 11:11:00,1781.83,1782.0,1781.83,1782.0,0.01,2.82,5097.59,1
2023-02-15,2023-02-15 11:12:00,1782.0,1782.17,1782.0,1782.17,0.01,2.82,5097.59,1
2023-02-15,2023-02-15 11:13:00,1782.17,1782.33,1782.17,1782.33,0.01,2.82,5097.59,1
2023-02-15,2023-02-15 11:14:00,1782.33,1782.5,1782.33,1782.5,0.01,2.82,5097.59,1
2023-02-15,2023-02-15 11:15:00,1782.5,1782.67,1782.5,1782.67,0.01,2.82,5097.59,1
2023-02-15,2023-02-15 11:16:00,1782.67,1782.83,1782.67,1782.83,0.01,2.82,5097.59,1
2023-02-15,2023-02-15 11:17:00,1782.83,1783.0,1782.83,1783.0,0.01,2.82,5097.59,1
2023-02-15,2023-02-15 11:18:00,1783.0,1783.17,1783.0,1783.17,0.01,2.82,5097.59,1
2023-02-15,2023-02-15 11:19:00,1783.17,1783.33,1783.17,1783.33,0.01,2.82,5097.59,1
2023-02-15,2023-02-15 11:20:00,1783.33,1783.5,1783.33,1783.5,0.01,2.82,5097.59,1
2023-02-15,2023-02-15 11:21:00,1783.5,1783.67,1783.5,1783.67,0.01,2.82,5097.59,1
2023-02-15,2023-02-15 11:22:00,1783.67,1783.83,1783.67,1783.83,0.01,2.82,5097.59,1
2023-02-15,2023-02-15 11:23:00,1783.83,1784.0,1783.83,1784.0,0.01,2.82,5097.59,1
2023-02-15,2023-02-15 11:24:00,1784.0,1784.17,1784.0,1784.17,0.01,2.82,5097.59,1
2023-02-15,2023-02-15 11:25:00,1784.17,1784.33,1784.17,1784.33,0.01,2.82,5097.59,1
2023-02-15,2023-02-15 11:26:00,1784.33,1784.5,1784.33,1784.5,0.01,2.82,5097.59,1
2023-02-15,2023-02-15 11:27:00,1784.5,1784.67,1784.5,1784.67,0.01,2.82,5097.59,1
2023-02-15,2023-02-15 11:28:00,1784.67,1784.83,1784.67,1784.83,0.01,2.82,5097.59,1
2023-02-15,2023-02-15 11:29:00,1784.83,1785.0,1784.83,1785.0,0.01,2.82,5097.59,1
2023-02-15,2023-02-15 11:30:00,1785.0,1785.17,1785.0,1785.17,0.01,2.82,5097.59,1
2023-02-15,2023-02-15 11:31:00,1785.17,1785.33,1785.17,1785.33,0.01,2.82,5097.59,1
2023-02-15,2023-02-15 11:32:00,1785.33,1785.5,1785.33,1785.5,0.01,2.82,5097.59,1
2023-02-15,2023-02-15 11:33:00,1785.5,1785.67,1785.5,1785.67,0.01,2.82,5097.59,1
2023-02-15,2023-02-15 11:34:00,1785.67,1785.83,1785.67,1785.83,0.01,2.82,5097.59,1
2023-02-15,2023-02-15 11:35:00,1785.83,1786.0,1785.83,1786.0,0.01,2.82,5097.59,1
2023-02-15,2023-02-15 11:36:00,1786.0,1786.17,1786.0,1786.17,0.01,2.82,5097.59,1
2023-02-15,2023-02-15 11:37:00,1786.17,1786.33,1786.17,1786.33,0.01,2.82,5097.59,1
2023-02-15,2023-02-15 11:38:00,1786.33,1786.5,1786.33,1786.5,0.01,2.82,5097.59,1
2023-02-15,2023-02-15 11:39:00,1786.5,1786.67,1786.5,1786.67,0.01,2.82,5097.59,1
2023-02-15,2023-02-15 11:40:00,1786.67,1786.83,1786.67,1786.83,0.01,2.82,5097.59,1
2023-02-15,2023-02-15 11:41:00,1786.83,1787.0,1786.83,1787.0,0.01,2.82,5097.59,1
2023-02-15,2023-02-15 11:42:00,1787.0,1787.17,1787.0,1787.17,0.01,2.82,5097.59,1
2023-02-15,2023-02-15 11:43:00,1787.17,1787.33,1787.17,1787.33,0.01,2.82,5097.59,1
2023-02-15,2023-02-15 11:44:00,1787.33,1787.5,1787.33,1787.5,0.01,2.82,5097.59,1
2023-02-15,2023-02-15 11:45:00,1787.5,1787.67,1787.5,1787.67,0.01,2.82,5097.59,1
2023-02-15,2023-02-15 11:46:00,1787.67,1787.83,1787.67,1787.83,0.01,2.82,5097.59,1
2023-02-15,2023-02-15 11:47:00,1787.83,1788.0,1787.83,1788.0,0.01,2.82,5097.59,1
2023-02-15,2023-02-15 11:48:00,1788.0,1788.17,1788.0,1788.17,0.01,2.82,5097.59,1
2023-02-15,2023-02-15 11:49:00,1788.17,1788.33,1788.17,1788.33,0.01,2.82,5097.59,1
2023-02-15,2023-02-15 11:50:00,1788.33,1788.5,1788.33,1788.5,0.01,2.82,5097.59,1
2023-02-15,2023-02-15 11:51:00,1788.5,1788.67,1788.5,1788.67,0.01,2.82,5097.59,1
2023-02-15,2023-02-15 11:52:00,1788.67,1788.83,1788.67,1788.83,0.01,2.82,5097.59,1
2023-02-15,2023-02-15 11:53:00,1788.83,1789.0,1788.83,1789.0,0.01,2.82,5097.59,1
2023-02-15,2023-02-15 11:54:00,1789.0,1789.17,1789.0,1789.17,0.01,2.82,5097.59,1
2023-02-15,2023-02-15 11:55:00,1789.17,1789.33,1789.17,1789.33,0.01,2.82,5097.59,1
2023-02-15,2023-02-15 11:56:00,1789.33,1789.5,1789.33,1789.5,0.01,2.82,5097.59,1
2023-02-15,2023-02-15 11:57:00,1789.5,1789.67,1789.5,1789.67,0.01,2.82,5097.59,1
2023-02-15,2023-02-15 11:58:00,1789.67,1789.83,1789.67,1789.83,0.01,2.82,5097.59,1
2023-02-15,2023-02-15 11:59:00,1789.83,1790.0,1789.83,1790.0,0.01,2.82,5097.59,1
2023-02-15,2023-02-15 12:00:00,1790.0,1790.17,1790.0,1790.17,0.01,2.82,5097.59,1
2023-02-15,2023-02-15 12:01:00,1790.17,1790.33,1790.17,1790.33,0.01,2.82,5097.59,1
2023-02-15,2023-02-15 12:02:00,1790.33,1790.5,1790.33,1790.5,0.01,2.82,5097.59,1
2023-02-15,2023-02-15 12:03:00,1790.5,1790.67,1790.5,1790.67,0.01,2.82,5097.59,1
2023-02-15,2023-02-15 12:04:00,1790.67,1790.83,1790.67,1790.83,0.01,2.82,5097.59,1
2023-02-15,2023-02-15 12:05:00,1790.83,1791.0,1790.83,1791.0,0.01,2.82,5097.59,1
2023-02-15,2023-02-15 12:06:00,1791.0,1791.17,1791.0,1791.17,0.01,2.82,5097.59,1
2023-02-15,2023-02-15 12:07:00,1791.17,1791.33,1791.17,1791.33,0.01,2.82,5097.59,1
2023-02-15,2023-02-15 12:08:00,1791.33,1791.5,1791.33,1791.5,0.01,2.82,5097.59,1
2023-02-15,2023-02-15 12:09:00,1791.5,1791.67,1791.5,1791.67,0.01,2.82,5097.59,1
2023-02-15,2023-02-15 12:10:00,1791.67,1791.83,1791.67,1791.83,0.01,2.82,5097.59,1
2023-02-15,2023-02-15 12:11:00,1791.83,1792.0,1791.83,1792.0,0.01,2.82,5097.59,1
2023-02-15,2023-02-15 12:12:00,1792.0,1792.17,1792.0,1792.17,0.01,2.82,5097.59,1
2023-02-15,2023-02-15 12:13:00,1792.17,1792.33,1792.17,1792.33,0.01,2.82,5097.59,1
2023-02-15,2023-02-15 12:14:00,1792.33,1792.5,1792.33,1792.5,0.01,2.82,5097.59,1
2023-02-15,2023-02-15 12:15:00,1792.5,1792.67,1792.5,1792.67,0.01,2.82,5097.59,1
2023-02-15,2023-02-15 12:16:00,1792.67,1792.83,1792.67,1792.83,0.01,2.82,5097.59,1
2023-02-15,2023-02-15 12:17:00,1792.83,1793.0,1792.83,1793.0,0.01,2.82,5097.59,1
2023-02-15,2023-02-15 12:18:00,1793.0,1793.17,1793.0,1793.17,0.01,2.82,5097.59,1
2023-02-15,2023-02-15 12:19:00,1793.17,1793.33,1793.17,1793.33,0.01,2.82,5097.59,1
2023-02-15,2023-02-15 12:20:00,1793.33,1793.5,1793.33,1793.5,0.01,2.82,5097.59,1
2023-02-15,2023-02-15 12:21:00,1793.5,1793.67,1793.5,1793.67,0.01,2.82,5097.59,1
2023-02-15,2023-02-15 12:22:00,1793.67,1793.83,1793.67,1793.83,0.01,2.82,5097.59,1
2023-02-15,2023-02-15 12:23:00,1793.83,1794.0,1793.83,1794.0,0.01,2.82,5097.59,1
2023-02-15,2023-02-15 12:24:00,1794.0,1794.17,1794.0,1794.17,0.01,2.82,5097.59,1
2023-02-15,2023-02-15 12:25:00,1794.17,1794.33,1794.17,1794.33,0.01,2.82,5097.59,1
2023-02-15,2023-02-15 12:26:00,1794.33,1794.5,1794.33,1794.5,0.01,2.82,5097.59,1
2023-02-15,2023-02-15 12:27:00,1794.5,1794.67,1794.5,1794.67,0.01,2.82,5097.59,1
2023-02-15,2023-02-15 12:28:00,1794.67,1794.83,1794.67,1794.83,0.01,2.82,5097.59,1
2023-02-15,2023-02-15 12:29:00,1794.83,1795.0,1794.83,1795.0,0.01,2.82,5097.59,1
2023-02-15,2023-02-15 12:30:00,1795.0,1795.17,1795.0,1795.17,0.01,2.82,5097.59,1
2023-02-15,2023-02-15 12:31:00,1795.17,1795.33,1795.17,1795.33,0.01,2.82,5097.59,1
2023-02-15,2023-02-15 12:32:00,1795.33,1795.5,1795.33,1795.5,0.01,2.82,5097.59,1
2023-02-15,2023-02-15 12:33:00,1795.5,1795.67,1795.5,1795.67,0.01,2.82,5097.59,1
2023-02-15,2023-02-15 12:34:00,1795.67,1795.83,1795.67,1795.83,0.01,2.82,5097.59,1
2023-02-15,2023-02-15 12:35:00,1795.83,1796.0,1795.83,1796.0,0.01,2.82,5097.59,1
2023-02-15,2023-02-15 12:36:00,1796.0,1796.17,1796.0,1796.17,0.01,2.82,5097.59,1
2023-02-15,2023-02-15 12:37:00,1796.17,1796.33,1796.17,1796.33,0.01,2.82,5097.59,1
2023-02-15,2023-02-15 12:38:00,1796.33,1796.5,1796.33,1796.5,0.01,2.82,5097.59,1
2023-02-15,2023-02-15 12:39:00,1796.5,1796.67,1796.5,1796.67,0.01,2.82,5097.59,1
2023-02-15,2023-02-15 12:40:00,1796.67,1796.83,1796.67,1796.83,0.01,2.82,5097.59,1
2023-02-15,2023-02-15 12:41:00,1796.83,1797.0,1796.83,1797.0,0.01,2.82,5097.59,1
2023-02-15,2023-02-15 12:42:00,1797.0,1797.17,1797.0,1797.17,0.01,2.82,5097.59,1
2023-02-15,2023-02-15 12:43:00,1797.17,1797.33,1797.17,1797.33,0.01,2.82,5097.59,1
2023-02-15,2023-02-15 12:44:00,1797.33,1797.5,1797.33,1797.5,0.01,2.82,5097.59,1
2023-02-15,2023-02-15 12:45:00,1797.5,1797.67,1797.5,1797.67,0.01,2.82,5097.59,1
2023-02-15,2023-02-15 12:46:00,1797.67,1797.83,1797.67,1797.83,0.01,2.82,5097.59,1
2023-02-15,2023-02-15 12:47:00,1797.83,1798.0,1797.83,1798.0,0.01,2.82,5097.59,1
2023-02-15,2023-02-15 12:48:00,1798.0,1798.17,1798.0,1798.17,0.01,2.82,5097.59,1
2023-02-15,2023-02-15 12:49:00,1798.17,1798.33,1798.17,1798.33,0.01,2.82,5097.59,1
2023-02-15,2023-02-15 12:50:00,1798.33,1798.5,1798.33,1798.5,0.01,2.82,5097.59,1
2023-02-15,2023-02-15 12:51:00,1798.5,1798.67,1798.5,1798.67,0.01,2.82,5097.59,1
2023-02-15,2023-02-15 12:52:00,1798.67,1798.83,1798.67,1798.83,0.01,2.82,5097.59,1
2023-02-15,2023-02-15 12:53:00,1798.83,1799.0,1798.83,1799.0,0.01,2.82,5097.59,1
2023-02-15,2023-02-15 12:54:00,1799.0,1799.17,1799.0,1799.17,0.01,2.82,5097.59,1
2023-02-15,2023-02-15 12:55:00,1799.17,1799.33,1799.17,1799.33,0.01,2.82,5097.59,1
2023-02-15,2023-02-15 12:56:00,1799.33,1799.5,1799.33,1799.5,0.01,2.82,5097.59,1
2023-02-15,2023-02-15 12:57:00,1799.5,1799.67,1799.5,1799.67,0.01,2.82,5097.59,1
2023-02-15,2023-02-15 12:58:00,1799.67,1799.83,1799.67,1799.83,0.01,2.82,5097.59,1
2023-02-15,2023-02-15 12:59:00,1799.83,1800.0,1799.83,1800.0,0.01,2.82,5097.59,1
2023-02-15,2023-02-15 13:00:00,1800.0,1822.9,1780.0,1800.17,0.01,2.82,5097.59,1
2023-02-15,2023-02-15 13:01:00,1800.17,1800.33,1800.17,1800.33,0.01,2.82,5097.59,1
2023-02-15,2023-02-15 13:02:00,1800.33,1800.5,1800.33,1800.5,0.01,2.82,5097.59,1
2023-02-15,2023-02-15 13:03:00,1800.5,1800.67,1800.5,1800.67,0.01,2.82,5097.59,1
2023-02-15,2023-02-15 13:04:00,1800.67,1800.83,1800.67,1800.83,0.01,2.82,5097.59,1
2023-02-15,2023-02-15 13:05:00,1800.83,1801.0,1800.83,1801.0,0.01,2.82,5097.59,1
2023-02-15,2023-02-15 13:06:00,1801.0,1801.17,1801.0,1801.17,0.01,2.82,5097.59,1
2023-02-15,2023-02-15 13:07:00,1801.17,1801.33,1801.17,1801.33,0.01,2.82,5097.59,1
2023-02-15,2023-02-15 13:08:00,1801.33,1801.5,1801.33,1801.5,0.01,2.82,5097.59,1
2023-02-15,2023-02-15 13:09:00,1801.5,1801.67,1801.5,1801.67,0.01,2.82,5097.59,1
2023-02-15,2023-02-15 13:10:00,1801.67,1801.83,1801.67,1801.83,0.01,2.82,5097.59,1
2023-02-15,2023-02-15 13:11:00,1801.83,1802.0,1801.83,1802.0,0.01,2.82,5097.59,1
2023-02-15,2023-02-15 13:12:00,1802.0,1802.17,1802.0,1802.17,0.01,2.82,5097.59,1
2023-02-15,2023-02-15 13:13:00,1802.17,1802.33,1802.17,1802.33,0.01,2.82,5097.59,1
2023-02-15,2023-02-15 13:14:00,1802.33,1802.5,1802.33,1802.5,0.01,2.82,5097.59,1
2023-02-15,2023-02-15 13:15:00,1802.5,1802.67,1802.5,1802.67,0.01,2.82,5097.59,1
2023-02-15,2023-02-15 13:16:00,1802.67,1802.83,1802.67,1802.83,0.01,2.82,5097.59,1
2023-02-15,2023-02-15 13:17:00,1802.83,1803.0,1802.83,1803.0,0.01,2.82,5097.59,1
2023-02-15,2023-02-15 13:18:00,1803.0,1803.17,1803.0,1803.17,0.01,2.82,5097.59,1
2023-02-15,2023-02-15 13:19:00,1803.17,1803.33,1803.17,1803.33,0.01,2.82,5097.59,1
2023-02-15,2023-02-15 13:20:00,1803.33,1803.5,1803.33,1803.5,0.01,2.82,5097.59,1
2023-02-15,2023-02-15 13:21:00,1803.5,1803.67,1803.5,1803.67,0.01,2.82,5097.59,1
2023-02-15,2023-02-15 13:22:00,1803.67,1803.83,1803.67,1803.83,0.01,2.82,5097.59,1
2023-02-15,2023-02-15 13:23:00,1803.83,1804.0,1803.83,1804.0,0.01,2.82,5097.59,1
2023-02-15,2023-02-15 13:24:00,1804.0,1804.17,1804.0,1804.17,0.01,2.82,5097.59,1
2023-02-15,2023-02-15 13:25:00,1804.17,1804.33,1804.17,1804.33,0.01,2.82,5097.59,1
2023-02-15,2023-02-15 13:26:00,1804.33,1804.5,1804.33,1804.5,0.01,2.82,5097.59,1
2023-02-15,2023-02-15 13:27:00,1804.5,1804.67,1804.5,1804.67,0.01,2.82,5097.59,1
2023-02-15,2023-02-15 13:28:00,1804.67,1804.83,1804.67,1804.83,0.01,2.82,5097.59,1
2023-02-15,2023-02-15 13:29:00,1804.83,1805.0,1804.83,1805.0,0.01,2.82,5097.59,1
2023-02-15,2023-02-15 13:30:00,1805.0,1805.17,1805.0,1805.17,0.01,2.82,5097.59,1
2023-02-15,2023-02-15 13:31:00,1805.17,1805.33,1805.17,1805.33,0.01,2.82,5097.59,1
2023-02-15,2023-02-15 13:32:00,1805.33,1805.5,1805.33,1805.5,0.01,2.82,5097.59,1
2023-02-15,2023-02-15 13:33:00,1805.5,1805.67,1805.5,1805.67,0.01,2.82,5097.59,1
2023-02-15,2023-02-15 13:34:00,1805.67,1805.83,1805.67,1805.83,0.01,2.82,5097.59,1
2023-02-15,2023-02-15 13:35:00,1805.83,1806.0,1805.83,1806.0,0.01,2.82,5097.59,1
2023-02-15,2023-02-15 13:36:00,1806.0,1806.17,1806.0,1806.17,0.01,2.82,5097.59,1
2023-02-15,2023-02-15 13:37:00,1806.17,1806.33,1806.17,1806.33,0.01,2.82,5097.59,1
2023-02-15,2023-02-15 13:38:00,1806.33,1806.5,1806.33,1806.5,0.01,2.82,5097.59,1
2023-02-15,2023-02-15 13:39:00,1806.5,1806.67,1806.5,1806.67,0.01,2.82,5097.59,1
2023-02-15,2023-02-15 13:40:00,1806.67,1806.83,1806.67,1806.83,0.01,2.82,5097.59,1
2023-02-15,2023-02-15 13:41:00,1806.83,1807.0,1806.83,1807.0,0.01,2.82,5097.59,1
2023-02-15,2023-02-15 13:42:00,1807.0,1807.17,1807.0,1807.17,0.01,2.82,5097.59,1
2023-02-15,2023-02-15 13:43:00,1807.17,1807.33,1807.17,1807.33,0.01,2.82,5097.59,1
2023-02-15,2023-02-15 13:44:00,1807.33,1807.5,1807.33,1807.5,0.01,2.82,5097.59,1
2023-02-15,2023-02-15 13:45:00,1807.5,1807.67,1807.5,1807.67,0.01,2.82,5097.59,1
2023-02-15,2023-02-15 13:46:00,1807.67,1807.83,1807.67,1807.83,0.01,2.82,5097.59,1
2023-02-15,2023-02-15 13:47:00,1807.83,1808.0,1807.83,1808.0,0.01,2.82,5097.59,1
2023-02-15,2023-02-15 13:48:00,1808.0,1808.17,1808.0,1808.17,0.01,2.82,5097.59,1
2023-02-15,2023-02-15 13:49:00,1808.17,1808.33,1808.17,1808.33,0.01,2.82,5097.59,1
2023-02-15,2023-02-15 13:50:00,1808.33,1808.5,1808.33,1808.5,0.01,2.82,5097.59,1
2023-02-15,2023-02-15 13:51:00,1808.5,1808.67,1808.5,1808.67,0.01,2.82,5097.59,1
2023-02-15,2023-02-15 13:52:00,1808.67,1808.83,1808.67,1808.83,0.01,2.82,5097.59,1
2023-02-15,2023-02-15 13:53:00,1808.83,1809.0,1808.83,1809.0,0.01,2.82,5097.59,1
2023-02-15,2023-02-15 13:54:00,1809.0,1809.17,1809.0,1809.17,0.01,2.82,5097.59,1
2023-02-15,2023-02-15 13:55:00,1809.17,1809.33,1809.17,1809.33,0.01,2.82,5097.59,1
2023-02-15,2023-02-15 13:56:00,1809.33,1809.5,1809.33,1809.5,0.01,2.82,5097.59,1
2023-02-15,2023-02-15 13:57:00,1809.5,1809.67,1809.5,1809.67,0.01,2.82,5097.59,1
2023-02-15,2023-02-15 13:58:00,1809.67,1809.83,1809.67,1809.83,0.01,2.82,5097.59,1
2023-02-15,2023-02-15 13:59:00,1809.83,1810.0,1809.83,1810.0,0.01,2.82,5097.59,1
2023-02-15,2023-02-15 14:00:00,1810.0,1810.17,1810.0,1810.17,0.01,2.82,5097.59,1
2023-02-15,2023-02-15 14:01:00,1810.17,1810.33,1810.17,1810.33,0.01,2.82,5097.59,1
2023-02-15,2023-02-15 14:02:00,1810.33,1810.5,1810.33,1810.5,0.01,2.82,5097.59,1
2023-02-15,2023-02-15 14:03:00,1810.5,1810.67,1810.5,1810.67,0.01,2.82,5097.59,1
2023-02-15,2023-02-15 14:04:00,1810.67,1810.83,1810.67,1810.83,0.01,2.82,5097.59,1
2023-02-15,2023-02-15 14:05:00,1810.83,1811.0,1810.83,1811.0,0.01,2.82,5097.59,1
2023-02-15,2023-02-15 14:06:00,1811.0,1811.17,1811.0,1811.17,0.01,2.82,5097.59,1
2023-02-15,2023-02-15 14:07:00,1811.17,1811.33,1811.17,1811.33,0.01,2.82,5097.59,1
2023-02-15,2023-02-15 14:08:00,1811.33,1811.5,1811.33,1811.5,0.01,2.82,5097.59,1
2023-02-15,2023-02-15 14:09:00,1811.5,1811.67,1811.5,1811.67,0.01,2.82,5097.59,1
2023-02-15,2023-02-15 14:10:00,1811.67,1811.83,1811.67,1811.83,0.01,2.82,5097.59,1
2023-02-15,2023-02-15 14:11:00,1811.83,1812.0,1811.83,1812.0,0.01,2.82,5097.59,1
2023-02-15,2023-02-15 14:12:00,1812.0,1812.17,1812.0,1812.17,0.01,2.82,5097.59,1
2023-02-15,2023-02-15 14:13:00,1812.17,1812.33,1812.17,1812.33,0.01,2.82,5097.59,1
2023-02-15,2023-02-15 14:14:00,1812.33,1812.5,1812.33,1812.5,0.01,2.82,5097.59,1
2023-02-15,2023-02-15 14:15:00,1812.5,1812.67,1812.5,1812.67,0.01,2.82,5097.59,1
2023-02-15,2023-02-15 14:16:00,1812.67,1812.83,1812.67,1812.83,0.01,2.82,5097.59,1
2023-02-15,2023-02-15 14:17:00,1812.83,1813.0,1812.83,1813.0,0.01,2.82,5097.59,1
2023-02-15,2023-02-15 14:18:00,1813.0,1813.17,1813.0,1813.17,0.01,2.82,5097.59,1
2023-02-15,2023-02-15 14:19:00,1813.17,1813.33,1813.17,1813.33,0.01,2.82,5097.59,1
2023-02-15,2023-02-15 14:20:00,1813.33,1813.5,1813.33,1813.5,0.01,2.82,5097.59,1
2023-02-15,2023-02-15 14:21:00,1813.5,1813.67,1813.5,1813.67,0.01,2.82,5097.59,1
2023-02-15,2023-02-15 14:22:00,1813.67,1813.83,1813.67,1813.83,0.01,2.82,5097.59,1
2023-02-15,2023-02-15 14:23:00,1813.83,1814.0,1813.83,1814.0,0.01,2.82,5097.59,1
2023-02-15,2023-02-15 14:24:00,1814.0,1814.17,1814.0,1814.17,0.01,2.82,5097.59,1
2023-02-15,2023-02-15 14:25:00,1814.17,1814.33,1814.17,1814.33,0.01,2.82,5097.59,1
2023-02-15,2023-02-15 14:26:00,1814.33,1814.5,1814.33,1814.5,0.01,2.82,5097.59,1
2023-02-15,2023-02-15 14:27:00,1814.5,1814.67,1814.5,1814.67,0.01,2.82,5097.59,1
2023-02-15,2023-02-15 14:28:00,1814.67,1814.83,1814.67,1814.83,0.01,2.82,5097.59,1
2023-02-15,2023-02-15 14:29:00,1814.83,1815.0,1814.83,1815.0,0.01,2.82,5097.59,1
2023-02-15,2023-02-15 14:30:00,1815.0,1815.17,1815.0,1815.17,0.01,2.82,5097.59,1
2023-02-15,2023-02-15 14:31:00,1815.17,1815.33,1815.17,1815.33,0.01,2.82,5097.59,1
2023-02-15,2023-02-15 14:32:00,1815.33,1815.5,1815.33,1815.5,0.01,2.82,5097.59,1
2023-02-15,2023-02-15 14:33:00,1815.5,1815.67,1815.5,1815.67,0.01,2.82,5097.59,1
2023-02-15,2023-02-15 14:34:00,1815.67,1815.83,1815.67,1815.83,0.01,2.82,5097.59,1
2023-02-15,2023-02-15 14:35:00,1815.83,1816.0,1815.83,1816.0,0.01,2.82,5097.59,1
2023-02-15,2023-02-15 14:36:00,1816.0,1816.17,1816.0,1816.17,0.01,2.82,5097.59,1
2023-02-15,2023-02-15 14:37:00,1816.17,1816.33,1816.17,1816.33,0.01,2.82,5097.59,1
2023-02-15,2023-02-15 14:38:00,1816.33,1816.5,1816.33,1816.5,0.01,2.82,5097.59,1
2023-02-15,2023-02-15 14:39:00,1816.5,1816.67,1816.5,1816.67,0.01,2.82,5097.59,1
2023-02-15,2023-02-15 14:40:00,1816.67,1816.83,1816.67,1816.83,0.01,2.82,5097.59,1
2023-02-15,2023-02-15 14:41:00,1816.83,1817.0,1816.83,1817.0,0.01,2.82,5097.59,1
2023-02-15,2023-02-15 14:42:00,1817.0,1817.17,1817.0,1817.17,0.01,2.82,5097.59,1
2023-02-15,2023-02-15 14:43:00,1817.17,1817.33,1817.17,1817.33,0.01,2.82,5097.59,1
2023-02-15,2023-02-15 14:44:00,1817.33,1817.5,1817.33,1817.5,0.01,2.82,5097.59,1
2023-02-15,2023-02-15 14:45:00,1817.5,1817.67,1817.5,1817.67,0.01,2.82,5097.59,1
2023-02-15,2023-02-15 14:46:00,1817.67,1817.83,1817.67,1817.83,0.01,2.82,5097.59,1
2023-02-15,2023-02-15 14:47:00,1817.83,1818.0,1817.83,1818.0,0.01,2.82,5097.59,1
2023-02-15,2023-02-15 14:48:00,1818.0,1818.17,1818.0,1818.17,0.01,2.82,5097.59,1
2023-02-15,2023-02-15 14:49:00,1818.17,1818.33,1818.17,1818.33,0.01,2.82,5097.59,1
2023-02-15,2023-02-15 14:50:00,1818.33,1818.5,1818.33,1818.5,0.01,2.82,5097.59,1
2023-02-15,2023-02-15 14:51:00,1818.5,1818.67,1818.5,1818.67,0.01,2.82,5097.59,1
2023-02-15,2023-02-15 14:52:00,1818.67,1818.83,1818.67,1818.83,0.01,2.82,5097.59,1
2023-02-15,2023-02-15 14:53:00,1818.83,1819.0,1818.83,1819.0,0.01,2.82,5097.59,1
2023-02-15,2023-02-15 14:54:00,1819.0,1819.17,1819.0,1819.17,0.01,2.82,5097.59,1
2023-02-15,2023-02-15 14:55:00,1819.17,1819.33,1819.17,1819.33,0.01,2.82,5097.59,1
2023-02-15,2023-02-15 14:56:00,1819.33,1819.5,1819.33,1819.5,0.01,2.82,5097.59,1
2023-02-15,2023-02-15 14:57:00,1819.5,1819.67,1819.5,1819.67,0.01,2.82,5097.59,1
2023-02-15,2023-02-15 14:58:00,1819.67,1819.83,1819.67,1819.83,0.01,2.82,5097.59,1
2023-02-15,2023-02-15 14:59:00,1819.83,1820.0,1819.83,1820.0,0.01,2.82,5097.59,1
2023-02-15,2023-02-15 15:00:00,1820.0,1822.9,1780.0,1820.0,0.0,2.82,5097.59,0
2023-02-16,2023-02-16 11:00:00,1785.1,1797.37,1785.1,1785.16,0.0,5.01,9031.33,1
2023-02-16,2023-02-16 11:01:00,1785.16,1785.22,1785.16,1785.22,0.0,5.01,9031.33,1
2023-02-16,2023-02-16 11:02:00,1785.22,1785.29,1785.22,1785.29,0.0,5.01,9031.33,1
2023-02-16,2023-02-16 11:03:00,1785.29,1785.35,1785.29,1785.35,0.0,5.01,9031.33,1
2023-02-16,2023-02-16 11:04:00,1785.35,1785.41,1785.35,1785.41,0.0,5.01,9031.33,1
2023-02-16,2023-02-16 11:05:00,1785.41,1785.47,1785.41,1785.47,0.0,5.01,9031.33,1
2023-02-16,2023-02-16 11:06:00,1785.47,1785.53,1785.47,1785.53,0.0,5.01,9031.33,1
2023-02-16,2023-02-16 11:07:00,1785.53,1785.6,1785.53,1785.6,0.0,5.01,9031.33,1
2023-02-16,2023-02-16 11:08:00,1785.6,1785.66,1785.6,1785.66,0.0,5.01,9031.33,1
2023-02-16,2023-02-16 11:09:00,1785.66,1785.72,1785.66,1785.72,0.0,5.01,9031.33,1
2023-02-16,2023-02-16 11:10:00,1785.72,1785.78,1785.72,1785.78,0.0,5.01,9031.33,1
2023-02-16,2023-02-16 11:11:00,1785.78,1785.84,1785.78,1785.84,0.0,5.01,9031.33,1
2023-02-16,2023-02-16 11:12:00,1785.84,1785.91,1785.84,1785.91,0.0,5.01,9031.33,1
2023-02-16,2023-02-16 11:13:00,1785.91,1785.97,1785.91,1785.97,0.0,5.01,9031.33,1
2023-02-16,2023-02-16 11:14:00,1785.97,1786.03,1785.97,1786.03,0.0,5.01,9031.33,1
2023-02-16,2023-02-16 11:15:00,1786.03,1786.09,1786.03,1786.09,0.0,5.01,9031.33,1
2023-02-16,2023-02-16 11:16:00,1786.09,1786.16,1786.09,1786.16,0.0,5.01,9031.33,1
2023-02-16,2023-02-16 11:17:00,1786.16,1786.22,1786.16,1786.22,0.0,5.01,9031.33,1
2023-02-16,2023-02-16 11:18:00,1786.22,1786.28,1786.22,1786.28,0.0,5.01,9031.33,1
2023-02-16,2023-02-16 11:19:00,1786.28,1786.34,1786.28,1786.34,0.0,5.01,9031.33,1
2023-02-16,2023-02-16 11:20:00,1786.34,1786.4,1786.34,1786.4,0.0,5.01,9031.33,1
2023-02-16,2023-02-16 11:21:00,1786.4,1786.47,1786.4,1786.47,0.0,5.01,9031.33,1
2023-02-16,2023-02-16 11:22:00,1786.47,1786.53,1786.47,1786.53,0.0,5.01,9031.33,1
2023-02-16,2023-02-16 11:23:00,1786.53,1786.59,1786.53,1786.59,0.0,5.01,9031.33,1
2023-02-16,2023-02-16 11:24:00,1786.59,1786.65,1786.59,1786.65,0.0,5.01,9031.33,1
2023-02-16,2023-02-16 11:25:00,1786.65,1786.71,1786.65,1786.71,0.0,5.01,9031.33,1
2023-02-16,2023-02-16 11:26:00,1786.71,1786.78,1786.71,1786.78,0.0,5.01,9031.33,1
2023-02-16,2023-02-16 11:27:00,1786.78,1786.84,1786.78,1786.84,0.0,5.01,9031.33,1
2023-02-16,2023-02-16 11:28:00,1786.84,1786.9,1786.84,1786.9,0.0,5.01,9031.33,1
2023-02-16,2023-02-16 11:29:00,1786.9,1786.96,1786.9,1786.96,0.0,5.01,9031.33,1
2023-02-16,2023-02-16 11:30:00,1786.96,1787.02,1786.96,1787.02,0.0,5.01,9031.33,1
2023-02-16,2023-02-16 11:31:00,1787.02,1787.09,1787.02,1787.09,0.0,5.01,9031.33,1
2023-02-16,2023-02-16 11:32:00,1787.09,1787.15,1787.09,1787.15,0.0,5.01,9031.33,1
2023-02-16,2023-02-16 11:33:00,1787.15,1787.21,1787.15,1787.21,0.0,5.01,9031.33,1
2023-02-16,2023-02-16 11:34:00,1787.21,1787.27,1787.21,1787.27,0.0,5.01,9031.33,1
2023-02-16,2023-02-16 11:35:00,1787.27,1787.34,1787.27,1787.34,0.0,5.01,9031.33,1
2023-02-16,2023-02-16 11:36:00,1787.34,1787.4,1787.34,1787.4,0.0,5.01,9031.33,1
2023-02-16,2023-02-16 11:37:00,1787.4,1787.46,1787.4,1787.46,0.0,5.01,9031.33,1
2023-02-16,2023-02-16 11:38:00,1787.46,1787.52,1787.46,1787.52,0.0,5.01,9031.33,1
2023-02-16,2023-02-16 11:39:00,1787.52,1787.58,1787.52,1787.58,0.0,5.01,9031.33,1
2023-02-16,2023-02-16 11:40:00,1787.58,1787.65,1787.58,1787.65,0.0,5.01,9031.33,1
2023-02-16,2023-02-16 11:41:00,1787.65,1787.71,1787.65,1787.71,0.0,5.01,9031.33,1
2023-02-16,2023-02-16 11:42:00,1787.71,1787.77,1787.71,1787.77,0.0,5.01,9031.33,1
2023-02-16,2023-02-16 11:43:00,1787.77,1787.83,1787.77,1787.83,0.0,5.01,9031.33,1
2023-02-16,2023-02-16 11:44:00,1787.83,1787.89,1787.83,1787.89,0.0,5.01,9031.33,1
2023-02-16,2023-02-16 11:45:00,1787.89,1787.96,1787.89,1787.96,0.0,5.01,9031.33,1
2023-02-16,2023-02-16 11:46:00,1787.96,1788.02,1787.96,1788.02,0.0,5.01,9031.33,1
2023-02-16,2023-02-16 11:47:00,1788.02,1788.08,1788.02,1788.08,0.0,5.01,9031.33,1
2023-02-16,2023-02-16 11:48:00,1788.08,1788.14,1788.08,1788.14,0.0,5.01,9031.33,1
2023-02-16,2023-02-16 11:49:00,1788.14,1788.2,1788.14,1788.2,0.0,5.01,9031.33,1
2023-02-16,2023-02-16 11:50:00,1788.2,1788.27,1788.2,1788.27,0.0,5.01,9031.33,1
2023-02-16,2023-02-16 11:51:00,1788.27,1788.33,1788.27,1788.33,0.0,5.01,9031.33,1
2023-02-16,2023-02-16 11:52:00,1788.33,1788.39,1788.33,1788.39,0.0,5.01,9031.33,1
2023-02-16,2023-02-16 11:53:00,1788.39,1788.45,1788.39,1788.45,0.0,5.01,9031.33,1
2023-02-16,2023-02-16 11:54:00,1788.45,1788.51,1788.45,1788.51,0.0,5.01,9031.33,1
2023-02-16,2023-02-16 11:55:00,1788.51,1788.58,1788.51,1788.58,0.0,5.01,9031.33,1
2023-02-16,2023-02-16 11:56:00,1788.58,1788.64,1788.58,1788.64,0.0,5.01,9031.33,1
2023-02-16,2023-02-16 11:57:00,1788.64,1788.7,1788.64,1788.7,0.0,5.01,9031.33,1
2023-02-16,2023-02-16 11:58:00,1788.7,1788.76,1788.7,1788.76,0.0,5.01,9031.33,1
2023-02-16,2023-02-16 11:59:00,1788.76,1788.82,1788.76,1788.82,0.0,5.01,9031.33,1
2023-02-16,2023-02-16 12:00:00,1788.82,1788.89,1788.82,1788.89,0.0,5.01,9031.33,1
2023-02-16,2023-02-16 12:01:00,1788.89,1788.95,1788.89,1788.95,0.0,5.01,9031.33,1
2023-02-16,2023-02-16 12:02:00,1788.95,1789.01,1788.95,1789.01,0.0,5.01,9031.33,1
2023-02-16,2023-02-16 12:03:00,1789.01,1789.07,1789.01,1789.07,0.0,5.01,9031.33,1
2023-02-16,2023-02-16 12:04:00,1789.07,1789.14,1789.07,1789.14,0.0,5.01,9031.33,1
2023-02-16,2023-02-16 12:05:00,1789.14,1789.2,1789.14,1789.2,0.0,5.01,9031.33,1
2023-02-16,2023-02-16 12:06:00,1789.2,1789.26,1789.2,1789.26,0.0,5.01,9031.33,1
2023-02-16,2023-02-16 12:07:00,1789.26,1789.32,1789.26,1789.32,0.0,5.01,9031.33,1
2023-02-16,2023-02-16 12:08:00,1789.32,1789.38,1789.32,1789.38,0.0,5.01,9031.33,1
2023-02-16,2023-02-16 12:09:00,1789.38,1789.45,1789.38,1789.45,0.0,5.01,9031.33,1
2023-02-16,2023-02-16 12:10:00,1789.45,1789.51,1789.45,1789.51,0.0,5.01,9031.33,1
2023-02-16,2023-02-16 12:11:00,1789.51,1789.57,1789.51,1789.57,0.0,5.01,9031.33,1
2023-02-16,2023-02-16 12:12:00,1789.57,1789.63,1789.57,1789.63,0.0,5.01,9031.33,1
2023-02-16,2023-02-16 12:13:00,1789.63,1789.69,1789.63,1789.69,0.0,5.01,9031.33,1
2023-02-16,2023-02-16 12:14:00,1789.69,1789.76,1789.69,1789.76,0.0,5.01,9031.33,1
2023-02-16,2023-02-16 12:15:00,1789.76,1789.82,1789.76,1789.82,0.0,5.01,9031.33,1
2023-02-16,2023-02-16 12:16:00,1789.82,1789.88,1789.82,1789.88,0.0,5.01,9031.33,1
2023-02-16,2023-02-16 12:17:00,1789.88,1789.94,1789.88,1789.94,0.0,5.01,9031.33,1
2023-02-16,2023-02-16 12:18:00,1789.94,1790.0,1789.94,1790.0,0.0,5.01,9031.33,1
2023-02-16,2023-02-16 12:19:00,1790.0,1790.07,1790.0,1790.07,0.0,5.01,9031.33,1
2023-02-16,2023-02-16 12:20:00,1790.07,1790.13,1790.07,1790.13,0.0,5.01,9031.33,1
2023-02-16,2023-02-16 12:21:00,1790.13,1790.19,1790.13,1790.19,0.0,5.01,9031.33,1
2023-02-16,2023-02-16 12:22:00,1790.19,1790.25,1790.19,1790.25,0.0,5.01,9031.33,1
2023-02-16,2023-02-16 12:23:00,1790.25,1790.32,1790.25,1790.32,0.0,5.01,9031.33,1
2023-02-16,2023-02-16 12:24:00,1790.32,1790.38,1790.32,1790.38,0.0,5.01,9031.33,1
2023-02-16,2023-02-16 12:25:00,1790.38,1790.44,1790.38,1790.44,0.0,5.01,9031.33,1
2023-02-16,2023-02-16 12:26:00,1790.44,1790.5,1790.44,1790.5,0.0,5.01,9031.33,1
2023-02-16,2023-02-16 12:27:00,1790.5,1790.56,1790.5,1790.56,0.0,5.01,9031.33,1
2023-02-16,2023-02-16 12:28:00,1790.56,1790.63,1790.56,1790.63,0.0,5.01,9031.33,1
2023-02-16,2023-02-16 12:29:00,1790.63,1790.69,1790.63,1790.69,0.0,5.01,9031.33,1
2023-02-16,2023-02-16 12:30:00,1790.69,1790.75,1790.69,1790.75,0.0,5.01,9031.33,1
2023-02-16,2023-02-16 12:31:00,1790.75,1790.81,1790.75,1790.81,0.0,5.01,9031.33,1
2023-02-16,2023-02-16 12:32:00,1790.81,1790.87,1790.81,1790.87,0.0,5.01,9031.33,1
2023-02-16,2023-02-16 12:33:00,1790.87,1790.94,1790.87,1790.94,0.0,5.01,9031.33,1
2023-02-16,2023-02-16 12:34:00,1790.94,1791.0,1790.94,1791.0,0.0,5.01,9031.33,1
2023-02-16,2023-02-16 12:35:00,1791.0,1791.06,1791.0,1791.06,0.0,5.01,9031.33,1
2023-02-16,2023-02-16 12:36:00,1791.06,1791.12,1791.06,1791.12,0.0,5.01,9031.33,1
2023-02-16,2023-02-16 12:37:00,1791.12,1791.18,1791.12,1791.18,0.0,5.01,9031.33,1
2023-02-16,2023-02-16 12:38:00,1791.18,1791.25,1791.18,1791.25,0.0,5.01,9031.33,1
2023-02-16,2023-02-16 12:39:00,1791.25,1791.31,1791.25,1791.31,0.0,5.01,9031.33,1
2023-02-16,2023-02-16 12:40:00,1791.31,1791.37,1791.31,1791.37,0.0,5.01,9031.33,1
2023-02-16,2023-02-16 12:41:00,1791.37,1791.43,1791.37,1791.43,0.0,5.01,9031.33,1
2023-02-16,2023-02-16 12:42:00,1791.43,1791.49,1791.43,1791.49,0.0,5.01,9031.33,1
2023-02-16,2023-02-16 12:43:00,1791.49,1791.56,1791.49,1791.56,0.0,5.01,9031.33,1
2023-02-16,2023-02-16 12:44:00,1791.56,1791.62,1791.56,1791.62,0.0,5.01,9031.33,1
2023-02-16,2023-02-16 12:45:00,1791.62,1791.68,1791.62,1791.68,0.0,5.01,9031.33,1
2023-02-16,2023-02-16 12:46:00,1791.68,1791.74,1791.68,1791.74,0.0,5.01,9031.33,1
2023-02-16,2023-02-16 12:47:00,1791.74,1791.8,1791.74,1791.8,0.0,5.01,9031.33,1
2023-02-16,2023-02-16 12:48:00,1791.8,1791.87,1791.8,1791.87,0.0,5.01,9031.33,1
2023-02-16,2023-02-16 12:49:00,1791.87,1791.93,1791.87,1791.93,0.0,5.01,9031.33,1
2023-02-16,2023-02-16 12:50:00,1791.93,1791.99,1791.93,1791.99,0.0,5.01,9031.33,1
2023-02-16,2023-02-16 12:51:00,1791.99,1792.05,1791.99,1792.05,0.0,5.01,9031.33,1
2023-02-16,2023-02-16 12:52:00,1792.05,1792.12,1792.05,1792.12,0.0,5.01,9031.33,1
2023-02-16,2023-02-16 12:53:00,1792.12,1792.18,1792.12,1792.18,0.0,5.01,9031.33,1
2023-02-16,2023-02-16 12:54:00,1792.18,1792.24,1792.18,1792.24,0.0,5.01,9031.33,1
2023-02-16,2023-02-16 12:55:00,1792.24,1792.3,1792.24,1792.3,0.0,5.01,9031.33,1
2023-02-16,2023-02-16 12:56:00,1792.3,1792.36,1792.3,1792.36,0.0,5.01,9031.33,1
2023-02-16,2023-02-16 12:57:00,1792.36,1792.43,1792.36,1792.43,0.0,5.01,9031.33,1
2023-02-16,2023-02-16 12:58:00,1792.43,1792.49,1792.43,1792.49,0.0,5.01,9031.33,1
2023-02-16,2023-02-16 12:59:00,1792.49,1792.55,1792.49,1792.55,0.0,5.01,9031.33,1
2023-02-16,2023-02-16 13:00:00,1792.55,1826.0,1785.1,1792.61,0.0,5.01,9031.33,1
2023-02-16,2023-02-16 13:01:00,1792.61,1792.67,1792.61,1792.67,0.0,5.01,9031.33,1
2023-02-16,2023-02-16 13:02:00,1792.67,1792.74,1792.67,1792.74,0.0,5.01,9031.33,1
2023-02-16,2023-02-16 13:03:00,1792.74,1792.8,1792.74,1792.8,0.0,5.01,9031.33,1
2023-02-16,2023-02-16 13:04:00,1792.8,1792.86,1792.8,1792.86,0.0,5.01,9031.33,1
2023-02-16,2023-02-16 13:05:00,1792.86,1792.92,1792.86,1792.92,0.0,5.01,9031.33,1
2023-02-16,2023-02-16 13:06:00,1792.92,1792.98,1792.92,1792.98,0.0,5.01,9031.33,1
2023-02-16,2023-02-16 13:07:00,1792.98,1793.05,1792.98,1793.05,0.0,5.01,9031.33,1
2023-02-16,2023-02-16 13:08:00,1793.05,1793.11,1793.05,1793.11,0.0,5.01,9031.33,1
2023-02-16,2023-02-16 13:09:00,1793.11,1793.17,1793.11,1793.17,0.0,5.01,9031.33,1
2023-02-16,2023-02-16 13:10:00,1793.17,1793.23,1793.17,1793.23,0.0,5.01,9031.33,1
2023-02-16,2023-02-16 13:11:00,1793.23,1793.3,1793.23,1793.3,0.0,5.01,9031.33,1
2023-02-16,2023-02-16 13:12:00,1793.3,1793.36,1793.3,1793.36,0.0,5.01,9031.33,1
2023-02-16,2023-02-16 13:13:00,1793.36,1793.42,1793.36,1793.42,0.0,5.01,9031.33,1
2023-02-16,2023-02-16 13:14:00,1793.42,1793.48,1793.42,1793.48,0.0,5.01,9031.33,1
2023-02-16,2023-02-16 13:15:00,1793.48,1793.54,1793.48,1793.54,0.0,5.01,9031.33,1
2023-02-16,2023-02-16 13:16:00,1793.54,1793.61,1793.54,1793.61,0.0,5.01,9031.33,1
2023-02-16,2023-02-16 13:17:00,1793.61,1793.67,1793.61,1793.67,0.0,5.01,9031.33,1
2023-02-16,2023-02-16 13:18:00,1793.67,1793.73,1793.67,1793.73,0.0,5.01,9031.33,1
2023-02-16,2023-02-16 13:19:00,1793.73,1793.79,1793.73,1793.79,0.0,5.01,9031.33,1
2023-02-16,2023-02-16 13:20:00,1793.79,1793.85,1793.79,1793.85,0.0,5.01,9031.33,1
2023-02-16,2023-02-16 13:21:00,1793.85,1793.92,1793.85,1793.92,0.0,5.01,9031.33,1
2023-02-16,2023-02-16 13:22:00,1793.92,1793.98,1793.92,1793.98,0.0,5.01,9031.33,1
2023-02-16,2023-02-16 13:23:00,1793.98,1794.04,1793.98,1794.04,0.0,5.01,9031.33,1
2023-02-16,2023-02-16 13:24:00,1794.04,1794.1,1794.04,1794.1,0.0,5.01,9031.33,1
2023-02-16,2023-02-16 13:25:00,1794.1,1794.16,1794.1,1794.16,0.0,5.01,9031.33,1
2023-02-16,2023-02-16 13:26:00,1794.16,1794.23,1794.16,1794.23,0.0,5.01,9031.33,1
2023-02-16,2023-02-16 13:27:00,1794.23,1794.29,1794.23,1794.29,0.0,5.01,9031.33,1
2023-02-16,2023-02-16 13:28:00,1794.29,1794.35,1794.29,1794.35,0.0,5.01,9031.33,1
2023-02-16,2023-02-16 13:29:00,1794.35,1794.41,1794.35,1794.41,0.0,5.01,9031.33,1
2023-02-16,2023-02-16 13:30:00,1794.41,1794.47,1794.41,1794.47,0.0,5.01,9031.33,1
2023-02-16,2023-02-16 13:31:00,1794.47,1794.54,1794.47,1794.54,0.0,5.01,9031.33,1
2023-02-16,2023-02-16 13:32:00,1794.54,1794.6,1794.54,1794.6,0.0,5.01,9031.33,1
2023-02-16,2023-02-16 13:33:00,1794.6,1794.66,1794.6,1794.66,0.0,5.01,9031.33,1
2023-02-16,2023-02-16 13:34:00,1794.66,1794.72,1794.66,1794.72,0.0,5.01,9031.33,1
2023-02-16,2023-02-16 13:35:00,1794.72,1794.78,1794.72,1794.78,0.0,5.01,9031.33,1
2023-02-16,2023-02-16 13:36:00,1794.78,1794.85,1794.78,1794.85,0.0,5.01,9031.33,1
2023-02-16,2023-02-16 13:37:00,1794.85,1794.91,1794.85,1794.91,0.0,5.01,9031.33,1
2023-02-16,2023-02-16 13:38:00,1794.91,1794.97,1794.91,1794.97,0.0,5.01,9031.33,1
2023-02-16,2023-02-16 13:39:00,1794.97,1795.03,1794.97,1795.03,0.0,5.01,9031.33,1
2023-02-16,2023-02-16 13:40:00,1795.03,1795.1,1795.03,1795.1,0.0,5.01,9031.33,1
2023-02-16,2023-02-16 13:41:00,1795.1,1795.16,1795.1,1795.16,0.0,5.01,9031.33,1
2023-02-16,2023-02-16 13:42:00,1795.16,1795.22,1795.16,1795.22,0.0,5.01,9031.33,1
2023-02-16,2023-02-16 13:43:00,1795.22,1795.28,1795.22,1795.28,0.0,5.01,9031.33,1
2023-02-16,2023-02-16 13:44:00,1795.28,1795.34,1795.28,1795.34,0.0,5.01,9031.33,1
2023-02-16,2023-02-16 13:45:00,1795.34,1795.41,1795.34,1795.41,0.0,5.01,9031.33,1
2023-02-16,2023-02-16 13:46:00,1795.41,1795.47,1795.41,1795.47,0.0,5.01,9031.33,1
2023-02-16,2023-02-16 13:47:00,1795.47,1795.53,1795.47,1795.53,0.0,5.01,9031.33,1
2023-02-16,2023-02-16 13:48:00,1795.53,1795.59,1795.53,1795.59,0.0,5.01,9031.33,1
2023-02-16,2023-02-16 13:49:00,1795.59,1795.65,1795.59,1795.65,0.0,5.01,9031.33,1
2023-02-16,2023-02-16 13:50:00,1795.65,1795.72,1795.65,1795.72,0.0,5.01,9031.33,1
2023-02-16,2023-02-16 13:51:00,1795.72,1795.78,1795.72,1795.78,0.0,5.01,9031.33,1
2023-02-16,2023-02-16 13:52:00,1795.78,1795.84,1795.78,1795.84,0.0,5.01,9031.33,1
2023-02-16,2023-02-16 13:53:00,1795.84,1795.9,1795.84,1795.9,0.0,5.01,9031.33,1
2023-02-16,2023-02-16 13:54:00,1795.9,1795.96,1795.9,1795.96,0.0,5.01,9031.33,1
2023-02-16,2023-02-16 13:55:00,1795.96,1796.03,1795.96,1796.03,0.0,5.01,9031.33,1
2023-02-16,2023-02-16 13:56:00,1796.03,1796.09,1796.03,1796.09,0.0,5.01,9031.33,1
2023-02-16,2023-02-16 13:57:00,1796.09,1796.15,1796.09,1796.15,0.0,5.01,9031.33,1
2023-02-16,2023-02-16 13:58:00,1796.15,1796.21,1796.15,1796.21,0.0,5.01,9031.33,1
2023-02-16,2023-02-16 13:59:00,1796.21,1796.28,1796.21,1796.28,0.0,5.01,9031.33,1
2023-02-16,2023-02-16 14:00:00,1796.28,1796.34,1796.28,1796.34,0.0,5.01,9031.33,1
2023-02-16,2023-02-16 14:01:00,1796.34,1796.4,1796.34,1796.4,0.0,5.01,9031.33,1
2023-02-16,2023-02-16 14:02:00,1796.4,1796.46,1796.4,1796.46,0.0,5.01,9031.33,1
2023-02-16,2023-02-16 14:03:00,1796.46,1796.52,1796.46,1796.52,0.0,5.01,9031.33,1
2023-02-16,2023-02-16 14:04:00,1796.52,1796.59,1796.52,1796.59,0.0,5.01,9031.33,1
2023-02-16,2023-02-16 14:05:00,1796.59,1796.65,1796.59,1796.65,0.0,5.01,9031.33,1
2023-02-16,2023-02-16 14:06:00,1796.65,1796.71,1796.65,1796.71,0.0,5.01,9031.33,1
2023-02-16,2023-02-16 14:07:00,1796.71,1796.77,1796.71,1796.77,0.0,5.01,9031.33,1
2023-02-16,2023-02-16 14:08:00,1796.77,1796.83,1796.77,1796.83,0.0,5.01,9031.33,1
2023-02-16,2023-02-16 14:09:00,1796.83,1796.9,1796.83,1796.9,0.0,5.01,9031.33,1
2023-02-16,2023-02-16 14:10:00,1796.9,1796.96,1796.9,1796.96,0.0,5.01,9031.33,1
2023-02-16,2023-02-16 14:11:00,1796.96,1797.02,1796.96,1797.02,0.0,5.01,9031.33,1
2023-02-16,2023-02-16 14:12:00,1797.02,1797.08,1797.02,1797.08,0.0,5.01,9031.33,1
2023-02-16,2023-02-16 14:13:00,1797.08,1797.14,1797.08,1797.14,0.0,5.01,9031.33,1
2023-02-16,2023-02-16 14:14:00,1797.14,1797.21,1797.14,1797.21,0.0,5.01,9031.33,1
2023-02-16,2023-02-16 14:15:00,1797.21,1797.27,1797.21,1797.27,0.0,5.01,9031.33,1
2023-02-16,2023-02-16 14:16:00,1797.27,1797.33,1797.27,1797.33,0.0,5.01,9031.33,1
2023-02-16,2023-02-16 14:17:00,1797.33,1797.39,1797.33,1797.39,0.0,5.01,9031.33,1
2023-02-16,2023-02-16 14:18:00,1797.39,1797.45,1797.39,1797.45,0.0,5.01,9031.33,1
2023-02-16,2023-02-16 14:19:00,1797.45,1797.52,1797.45,1797.52,0.0,5.01,9031.33,1
2023-02-16,2023-02-16 14:20:00,1797.52,1797.58,1797.52,1797.58,0.0,5.01,9031.33,1
2023-02-16,2023-02-16 14:21:00,1797.58,1797.64,1797.58,1797.64,0.0,5.01,9031.33,1
2023-02-16,2023-02-16 14:22:00,1797.64,1797.7,1797.64,1797.7,0.0,5.01,9031.33,1
2023-02-16,2023-02-16 14:23:00,1797.7,1797.76,1797.7,1797.76,0.0,5.01,9031.33,1
2023-02-16,2023-02-16 14:24:00,1797.76,1797.83,1797.76,1797.83,0.0,5.01,9031.33,1
2023-02-16,2023-02-16 14:25:00,1797.83,1797.89,1797.83,1797.89,0.0,5.01,9031.33,1
2023-02-16,2023-02-16 14:26:00,1797.89,1797.95,1797.89,1797.95,0.0,5.01,9031.33,1
2023-02-16,2023-02-16 14:27:00,1797.95,1798.01,1797.95,1798.01,0.0,5.01,9031.33,1
2023-02-16,2023-02-16 14:28:00,1798.01,1798.08,1798.01,1798.08,0.0,5.01,9031.33,1
2023-02-16,2023-02-16 14:29:00,1798.08,1798.14,1798.08,1798.14,0.0,5.01,9031.33,1
2023-02-16,2023-02-16 14:30:00,1798.14,1798.2,1798.14,1798.2,0.0,5.01,9031.33,1
2023-02-16,2023-02-16 14:31:00,1798.2,1798.26,1798.2,1798.26,0.0,5.01,9031.33,1
2023-02-16,2023-02-16 14:32:00,1798.26,1798.32,1798.26,1798.32,0.0,5.01,9031.33,1
2023-02-16,2023-02-16 14:33:00,1798.32,1798.39,1798.32,1798.39,0.0,5.01,9031.33,1
2023-02-16,2023-02-16 14:34:00,1798.39,1798.45,1798.39,1798.45,0.0,5.01,9031.33,1
2023-02-16,2023-02-16 14:35:00,1798.45,1798.51,1798.45,1798.51,0.0,5.01,9031.33,1
2023-02-16,2023-02-16 14:36:00,1798.51,1798.57,1798.51,1798.57,0.0,5.01,9031.33,1
2023-02-16,2023-02-16 14:37:00,1798.57,1798.63,1798.57,1798.63,0.0,5.01,9031.33,1
2023-02-16,2023-02-16 14:38:00,1798.63,1798.7,1798.63,1798.7,0.0,5.01,9031.33,1
2023-02-16,2023-02-16 14:39:00,1798.7,1798.76,1798.7,1798.76,0.0,5.01,9031.33,1
2023-02-16,2023-02-16 14:40:00,1798.76,1798.82,1798.76,1798.82,0.0,5.01,9031.33,1
2023-02-16,2023-02-16 14:41:00,1798.82,1798.88,1798.82,1798.88,0.0,5.01,9031.33,1
2023-02-16,2023-02-16 14:42:00,1798.88,1798.94,1798.88,1798.94,0.0,5.01,9031.33,1
2023-02-16,2023-02-16 14:43:00,1798.94,1799.01,1798.94,1799.01,0.0,5.01,9031.33,1
2023-02-16,2023-02-16 14:44:00,1799.01,1799.07,1799.01,1799.07,0.0,5.01,9031.33,1
2023-02-16,2023-02-16 14:45:00,1799.07,1799.13,1799.07,1799.13,0.0,5.01,9031.33,1
2023-02-16,2023-02-16 14:46:00,1799.13,1799.19,1799.13,1799.19,0.0,5.01,9031.33,1
2023-02-16,2023-02-16 14:47:00,1799.19,1799.26,1799.19,1799.26,0.0,5.01,9031.33,1
2023-02-16,2023-02-16 14:48:00,1799.26,1799.32,1799.26,1799.32,0.0,5.01,9031.33,1
2023-02-16,2023-02-16 14:49:00,1799.32,1799.38,1799.32,1799.38,0.0,5.01,9031.33,1
2023-02-16,2023-02-16 14:50:00,1799.38,1799.44,1799.38,1799.44,0.0,5.01,9031.33,1
2023-02-16,2023-02-16 14:51:00,1799.44,1799.5,1799.44,1799.5,0.0,5.01,9031.33,1
2023-02-16,2023-02-16 14:52:00,1799.5,1799.57,1799.5,1799.57,0.0,5.01,9031.33,1
2023-02-16,2023-02-16 14:53:00,1799.57,1799.63,1799.57,1799.63,0.0,5.01,9031.33,1
2023-02-16,2023-02-16 14:54:00,1799.63,1799.69,1799.63,1799.69,0.0,5.01,9031.33,1
2023-02-16,2023-02-16 14:55:00,1799.69,1799.75,1799.69,1799.75,0.0,5.01,9031.33,1
2023-02-16,2023-02-16 14:56:00,1799.75,1799.81,1799.75,1799.81,0.0,5.01,9031.33,1
2023-02-16,2023-02-16 14:57:00,1799.81,1799.88,1799.81,1799.88,0.0,5.01,9031.33,1
2023-02-16,2023-02-16 14:58:00,1799.88,1799.94,1799.88,1799.94,0.0,5.01,9031.33,1
2023-02-16,2023-02-16 14:59:00,1799.94,1800.0,1799.94,1800.0,0.0,5.01,9031.33,1
2023-02-16,2023-02-16 15:00:00,1800.0,1826.0,1785.1,1800.0,0.0,5.01,9031.33,0
2023-02-20,2023-02-20 11:00:00,1800.0,1800.0,1782.0,1799.95,-0.0,5.78,10250.22,-1
2023-02-20,2023-02-20 11:01:00,1799.95,1799.95,1799.91,1799.91,-0.0,5.78,10250.22,-1
2023-02-20,2023-02-20 11:02:00,1799.91,1799.91,1799.86,1799.86,-0.0,5.78,10250.22,-1
2023-02-20,2023-02-20 11:03:00,1799.86,1799.86,1799.82,1799.82,-0.0,5.78,10250.22,-1
2023-02-20,2023-02-20 11:04:00,1799.82,1799.82,1799.77,1799.77,-0.0,5.78,10250.22,-1
2023-02-20,2023-02-20 11:05:00,1799.77,1799.77,1799.72,1799.72,-0.0,5.78,10250.22,-1
2023-02-20,2023-02-20 11:06:00,1799.72,1799.72,1799.68,1799.68,-0.0,5.78,10250.22,-1
2023-02-20,2023-02-20 11:07:00,1799.68,1799.68,1799.63,1799.63,-0.0,5.78,10250.22,-1
2023-02-20,2023-02-20 11:08:00,1799.63,1799.63,1799.59,1799.59,-0.0,5.78,10250.22,-1
2023-02-20,2023-02-20 11:09:00,1799.59,1799.59,1799.54,1799.54,-0.0,5.78,10250.22,-1
2023-02-20,2023-02-20 11:10:00,1799.54,1799.54,1799.5,1799.5,-0.0,5.78,10250.22,-1
2023-02-20,2023-02-20 11:11:00,1799.5,1799.5,1799.45,1799.45,-0.0,5.78,10250.22,-1
2023-02-20,2023-02-20 11:12:00,1799.45,1799.45,1799.4,1799.4,-0.0,5.78,10250.22,-1
2023-02-20,2023-02-20 11:13:00,1799.4,1799.4,1799.36,1799.36,-0.0,5.78,10250.22,-1
2023-02-20,2023-02-20 11:14:00,1799.36,1799.36,1799.31,1799.31,-0.0,5.78,10250.22,-1
2023-02-20,2023-02-20 11:15:00,1799.31,1799.31,1799.27,1799.27,-0.0,5.78,10250.22,-1
2023-02-20,2023-02-20 11:16:00,1799.27,1799.27,1799.22,1799.22,-0.0,5.78,10250.22,-1
2023-02-20,2023-02-20 11:17:00,1799.22,1799.22,1799.17,1799.17,-0.0,5.78,10250.22,-1
2023-02-20,2023-02-20 11:18:00,1799.17,1799.17,1799.13,1799.13,-0.0,5.78,10250.22,-1
2023-02-20,2023-02-20 11:19:00,1799.13,1799.13,1799.08,1799.08,-0.0,5.78,10250.22,-1
2023-02-20,2023-02-20 11:20:00,1799.08,1799.08,1799.04,1799.04,-0.0,5.78,10250.22,-1
2023-02-20,2023-02-20 11:21:00,1799.04,1799.04,1798.99,1798.99,-0.0,5.78,10250.22,-1
2023-02-20,2023-02-20 11:22:00,1798.99,1798.99,1798.95,1798.95,-0.0,5.78,10250.22,-1
2023-02-20,2023-02-20 11:23:00,1798.95,1798.95,1798.9,1798.9,-0.0,5.78,10250.22,-1
2023-02-20,2023-02-20 11:24:00,1798.9,1798.9,1798.85,1798.85,-0.0,5.78,10250.22,-1
2023-02-20,2023-02-20 11:25:00,1798.85,1798.85,1798.81,1798.81,-0.0,5.78,10250.22,-1
2023-02-20,2023-02-20 11:26:00,1798.81,1798.81,1798.76,1798.76,-0.0,5.78,10250.22,-1
2023-02-20,2023-02-20 11:27:00,1798.76,1798.76,1798.72,1798.72,-0.0,5.78,10250.22,-1
2023-02-20,2023-02-20 11:28:00,1798.72,1798.72,1798.67,1798.67,-0.0,5.78,10250.22,-1
2023-02-20,2023-02-20 11:29:00,1798.67,1798.67,1798.62,1798.62,-0.0,5.78,10250.22,-1
2023-02-20,2023-02-20 11:30:00,1798.62,1798.62,1798.58,1798.58,-0.0,5.78,10250.22,-1
2023-02-20,2023-02-20 11:31:00,1798.58,1798.58,1798.53,1798.53,-0.0,5.78,10250.22,-1
2023-02-20,2023-02-20 11:32:00,1798.53,1798.53,1798.49,1798.49,-0.0,5.78,10250.22,-1
2023-02-20,2023-02-20 11:33:00,1798.49,1798.49,1798.44,1798.44,-0.0,5.78,10250.22,-1
2023-02-20,2023-02-20 11:34:00,1798.44,1798.44,1798.4,1798.4,-0.0,5.78,10250.22,-1
2023-02-20,2023-02-20 11:35:00,1798.4,1798.4,1798.35,1798.35,-0.0,5.78,10250.22,-1
2023-02-20,2023-02-20 11:36:00,1798.35,1798.35,1798.3,1798.3,-0.0,5.78,10250.22,-1
2023-02-20,2023-02-20 11:37:00,1798.3,1798.3,1798.26,1798.26,-0.0,5.78,10250.22,-1
2023-02-20,2023-02-20 11:38:00,1798.26,1798.26,1798.21,1798.21,-0.0,5.78,10250.22,-1
2023-02-20,2023-02-20 11:39:00,1798.21,1798.21,1798.17,1798.17,-0.0,5.78,10250.22,-1
2023-02-20,2023-02-20 11:40:00,1798.17,1798.17,1798.12,1798.12,-0.0,5.78,10250.22,-1
2023-02-20,2023-02-20 11:41:00,1798.12,1798.12,1798.08,1798.08,-0.0,5.78,10250.22,-1
2023-02-20,2023-02-20 11:42:00,1798.08,1798.08,1798.03,1798.03,-0.0,5.78,10250.22,-1
2023-02-20,2023-02-20 11:43:00,1798.03,1798.03,1797.98,1797.98,-0.0,5.78,10250.22,-1
2023-02-20,2023-02-20 11:44:00,1797.98,1797.98,1797.94,1797.94,-0.0,5.78,10250.22,-1
2023-02-20,2023-02-20 11:45:00,1797.94,1797.94,1797.89,1797.89,-0.0,5.78,10250.22,-1
2023-02-20,2023-02-20 11:46:00,1797.89,1797.89,1797.85,1797.85,-0.0,5.78,10250.22,-1
2023-02-20,2023-02-20 11:47:00,1797.85,1797.85,1797.8,1797.8,-0.0,5.78,10250.22,-1
2023-02-20,2023-02-20 11:48:00,1797.8,1797.8,1797.75,1797.75,-0.0,5.78,10250.22,-1
2023-02-20,2023-02-20 11:49:00,1797.75,1797.75,1797.71,1797.71,-0.0,5.78,10250.22,-1
2023-02-20,2023-02-20 11:50:00,1797.71,1797.71,1797.66,1797.66,-0.0,5.78,10250.22,-1
2023-02-20,2023-02-20 11:51:00,1797.66,1797.66,1797.62,1797.62,-0.0,5.78,10250.22,-1
2023-02-20,2023-02-20 11:52:00,1797.62,1797.62,1797.57,1797.57,-0.0,5.78,10250.22,-1
2023-02-20,2023-02-20 11:53:00,1797.57,1797.57,1797.53,1797.53,-0.0,5.78,10250.22,-1
2023-02-20,2023-02-20 11:54:00,1797.53,1797.53,1797.48,1797.48,-0.0,5.78,10250.22,-1
2023-02-20,2023-02-20 11:55:00,1797.48,1797.48,1797.43,1797.43,-0.0,5.78,10250.22,-1
2023-02-20,2023-02-20 11:56:00,1797.43,1797.43,1797.39,1797.39,-0.0,5.78,10250.22,-1
2023-02-20,2023-02-20 11:57:00,1797.39,1797.39,1797.34,1797.34,-0.0,5.78,10250.22,-1
2023-02-20,2023-02-20 11:58:00,1797.34,1797.34,1797.3,1797.3,-0.0,5.78,10250.22,-1
2023-02-20,2023-02-20 11:59:00,1797.3,1797.3,1797.25,1797.25,-0.0,5.78,10250.22,-1
2023-02-20,2023-02-20 12:00:00,1797.25,1797.25,1797.2,1797.2,-0.0,5.78,10250.22,-1
2023-02-20,2023-02-20 12:01:00,1797.2,1797.2,1797.16,1797.16,-0.0,5.78,10250.22,-1
2023-02-20,2023-02-20 12:02:00,1797.16,1797.16,1797.11,1797.11,-0.0,5.78,10250.22,-1
2023-02-20,2023-02-20 12:03:00,1797.11,1797.11,1797.07,1797.07,-0.0,5.78,10250.22,-1
2023-02-20,2023-02-20 12:04:00,1797.07,1797.07,1797.02,1797.02,-0.0,5.78,10250.22,-1
2023-02-20,2023-02-20 12:05:00,1797.02,1797.02,1796.97,1796.97,-0.0,5.78,10250.22,-1
2023-02-20,2023-02-20 12:06:00,1796.97,1796.97,1796.93,1796.93,-0.0,5.78,10250.22,-1
2023-02-20,2023-02-20 12:07:00,1796.93,1796.93,1796.88,1796.88,-0.0,5.78,10250.22,-1
2023-02-20,2023-02-20 12:08:00,1796.88,1796.88,1796.84,1796.84,-0.0,5.78,10250.22,-1
2023-02-20,2023-02-20 12:09:00,1796.84,1796.84,1796.79,1796.79,-0.0,5.78,10250.22,-1
2023-02-20,2023-02-20 12:10:00,1796.79,1796.79,1796.75,1796.75,-0.0,5.78,10250.22,-1
2023-02-20,2023-02-20 12:11:00,1796.75,1796.75,1796.7,1796.7,-0.0,5.78,10250.22,-1
2023-02-20,2023-02-20 12:12:00,1796.7,1796.7,1796.65,1796.65,-0.0,5.78,10250.22,-1
2023-02-20,2023-02-20 12:13:00,1796.65,1796.65,1796.61,1796.61,-0.0,5.78,10250.22,-1
2023-02-20,2023-02-20 12:14:00,1796.61,1796.61,1796.56,1796.56,-0.0,5.78,10250.22,-1
2023-02-20,2023-02-20 12:15:00,1796.56,1796.56,1796.52,1796.52,-0.0,5.78,10250.22,-1
2023-02-20,2023-02-20 12:16:00,1796.52,1796.52,1796.47,1796.47,-0.0,5.78,10250.22,-1
2023-02-20,2023-02-20 12:17:00,1796.47,1796.47,1796.42,1796.42,-0.0,5.78,10250.22,-1
2023-02-20,2023-02-20 12:18:00,1796.42,1796.42,1796.38,1796.38,-0.0,5.78,10250.22,-1
2023-02-20,2023-02-20 12:19:00,1796.38,1796.38,1796.33,1796.33,-0.0,5.78,10250.22,-1
2023-02-20,2023-02-20 12:20:00,1796.33,1796.33,1796.29,1796.29,-0.0,5.78,10250.22,-1
2023-02-20,2023-02-20 12:21:00,1796.29,1796.29,1796.24,1796.24,-0.0,5.78,10250.22,-1
2023-02-20,2023-02-20 12:22:00,1796.24,1796.24,1796.2,1796.2,-0.0,5.78,10250.22,-1
2023-02-20,2023-02-20 12:23:00,1796.2,1796.2,1796.15,1796.15,-0.0,5.78,10250.22,-1
2023-02-20,2023-02-20 12:24:00,1796.15,1796.15,1796.1,1796.1,-0.0,5.78,10250.22,-1
2023-02-20,2023-02-20 12:25:00,1796.1,1796.1,1796.06,1796.06,-0.0,5.78,10250.22,-1
2023-02-20,2023-02-20 12:26:00,1796.06,1796.06,1796.01,1796.01,-0.0,5.78,10250.22,-1
2023-02-20,2023-02-20 12:27:00,1796.01,1796.01,1795.97,1795.97,-0.0,5.78,10250.22,-1
2023-02-20,2023-02-20 12:28:00,1795.97,1795.97,1795.92,1795.92,-0.0,5.78,10250.22,-1
2023-02-20,2023-02-20 12:29:00,1795.92,1795.92,1795.88,1795.88,-0.0,5.78,10250.22,-1
2023-02-20,2023-02-20 12:30:00,1795.88,1795.88,1795.83,1795.83,-0.0,5.78,10250.22,-1
2023-02-20,2023-02-20 12:31:00,1795.83,1795.83,1795.78,1795.78,-0.0,5.78,10250.22,-1
2023-02-20,2023-02-20 12:32:00,1795.78,1795.78,1795.74,1795.74,-0.0,5.78,10250.22,-1
2023-02-20,2023-02-20 12:33:00,1795.74,1795.74,1795.69,1795.69,-0.0,5.78,10250.22,-1
2023-02-20,2023-02-20 12:34:00,1795.69,1795.69,1795.65,1795.65,-0.0,5.78,10250.22,-1
2023-02-20,2023-02-20 12:35:00,1795.65,1795.65,1795.6,1795.6,-0.0,5.78,10250.22,-1
2023-02-20,2023-02-20 12:36:00,1795.6,1795.6,1795.55,1795.55,-0.0,5.78,10250.22,-1
2023-02-20,2023-02-20 12:37:00,1795.55,1795.55,1795.51,1795.51,-0.0,5.78,10250.22,-1
2023-02-20,2023-02-20 12:38:00,1795.51,1795.51,1795.46,1795.46,-0.0,5.78,10250.22,-1
2023-02-20,2023-02-20 12:39:00,1795.46,1795.46,1795.42,1795.42,-0.0,5.78,10250.22,-1
2023-02-20,2023-02-20 12:40:00,1795.42,1795.42,1795.37,1795.37,-0.0,5.78,10250.22,-1
2023-02-20,2023-02-20 12:41:00,1795.37,1795.37,1795.33,1795.33,-0.0,5.78,10250.22,-1
2023-02-20,2023-02-20 12:42:00,1795.33,1795.33,1795.28,1795.28,-0.0,5.78,10250.22,-1
2023-02-20,2023-02-20 12:43:00,1795.28,1795.28,1795.23,1795.23,-0.0,5.78,10250.22,-1
2023-02-20,2023-02-20 12:44:00,1795.23,1795.23,1795.19,1795.19,-0.0,5.78,10250.22,-1
2023-02-20,2023-02-20 12:45:00,1795.19,1795.19,1795.14,1795.14,-0.0,5.78,10250.22,-1
2023-02-20,2023-02-20 12:46:00,1795.14,1795.14,1795.1,1795.1,-0.0,5.78,10250.22,-1
2023-02-20,2023-02-20 12:47:00,1795.1,1795.1,1795.05,1795.05,-0.0,5.78,10250.22,-1
2023-02-20,2023-02-20 12:48:00,1795.05,1795.05,1795.0,1795.0,-0.0,5.78,10250.22,-1
2023-02-20,2023-02-20 12:49:00,1795.0,1795.0,1794.96,1794.96,-0.0,5.78,10250.22,-1
2023-02-20,2023-02-20 12:50:00,1794.96,1794.96,1794.91,1794.91,-0.0,5.78,10250.22,-1
2023-02-20,2023-02-20 12:51:00,1794.91,1794.91,1794.87,1794.87,-0.0,5.78,10250.22,-1
2023-02-20,2023-02-20 12:52:00,1794.87,1794.87,1794.82,1794.82,-0.0,5.78,10250.22,-1
2023-02-20,2023-02-20 12:53:00,1794.82,1794.82,1794.78,1794.78,-0.0,5.78,10250.22,-1
2023-02-20,2023-02-20 12:54:00,1794.78,1794.78,1794.73,1794.73,-0.0,5.78,10250.22,-1
2023-02-20,2023-02-20 12:55:00,1794.73,1794.73,1794.68,1794.68,-0.0,5.78,10250.22,-1
2023-02-20,2023-02-20 12:56:00,1794.68,1794.68,1794.64,1794.64,-0.0,5.78,10250.22,-1
2023-02-20,2023-02-20 12:57:00,1794.64,1794.64,1794.59,1794.59,-0.0,5.78,10250.22,-1
2023-02-20,2023-02-20 12:58:00,1794.59,1794.59,1794.55,1794.55,-0.0,5.78,10250.22,-1
2023-02-20,2023-02-20 12:59:00,1794.55,1794.55,1794.5,1794.5,-0.0,5.78,10250.22,-1
2023-02-20,2023-02-20 13:00:00,1794.5,1800.0,1740.0,1794.45,-0.0,5.78,10250.22,-1
2023-02-20,2023-02-20 13:01:00,1794.45,1794.45,1794.41,1794.41,-0.0,5.78,10250.22,-1
2023-02-20,2023-02-20 13:02:00,1794.41,1794.41,1794.36,1794.36,-0.0,5.78,10250.22,-1
2023-02-20,2023-02-20 13:03:00,1794.36,1794.36,1794.32,1794.32,-0.0,5.78,10250.22,-1
2023-02-20,2023-02-20 13:04:00,1794.32,1794.32,1794.27,1794.27,-0.0,5.78,10250.22,-1
2023-02-20,2023-02-20 13:05:00,1794.27,1794.27,1794.22,1794.22,-0.0,5.78,10250.22,-1
2023-02-20,2023-02-20 13:06:00,1794.22,1794.22,1794.18,1794.18,-0.0,5.78,10250.22,-1
2023-02-20,2023-02-20 13:07:00,1794.18,1794.18,1794.13,1794.13,-0.0,5.78,10250.22,-1
2023-02-20,2023-02-20 13:08:00,1794.13,1794.13,1794.09,1794.09,-0.0,5.78,10250.22,-1
2023-02-20,2023-02-20 13:09:00,1794.09,1794.09,1794.04,1794.04,-0.0,5.78,10250.22,-1
2023-02-20,2023-02-20 13:10:00,1794.04,1794.04,1794.0,1794.0,-0.0,5.78,10250.22,-1
2023-02-20,2023-02-20 13:11:00,1794.0,1794.0,1793.95,1793.95,-0.0,5.78,10250.22,-1
2023-02-20,2023-02-20 13:12:00,1793.95,1793.95,1793.9,1793.9,-0.0,5.78,10250.22,-1
2023-02-20,2023-02-20 13:13:00,1793.9,1793.9,1793.86,1793.86,-0.0,5.78,10250.22,-1
2023-02-20,2023-02-20 13:14:00,1793.86,1793.86,1793.81,1793.81,-0.0,5.78,10250.22,-1
2023-02-20,2023-02-20 13:15:00,1793.81,1793.81,1793.77,1793.77,-0.0,5.78,10250.22,-1
2023-02-20,2023-02-20 13:16:00,1793.77,1793.77,1793.72,1793.72,-0.0,5.78,10250.22,-1
2023-02-20,2023-02-20 13:17:00,1793.72,1793.72,1793.67,1793.67,-0.0,5.78,10250.22,-1
2023-02-20,2023-02-20 13:18:00,1793.67,1793.67,1793.63,1793.63,-0.0,5.78,10250.22,-1
2023-02-20,2023-02-20 13:19:00,1793.63,1793.63,1793.58,1793.58,-0.0,5.78,10250.22,-1
2023-02-20,2023-02-20 13:20:00,1793.58,1793.58,1793.54,1793.54,-0.0,5.78,10250.22,-1
2023-02-20,2023-02-20 13:21:00,1793.54,1793.54,1793.49,1793.49,-0.0,5.78,10250.22,-1
2023-02-20,2023-02-20 13:22:00,1793.49,1793.49,1793.45,1793.45,-0.0,5.78,10250.22,-1
2023-02-20,2023-02-20 13:23:00,1793.45,1793.45,1793.4,1793.4,-0.0,5.78,10250.22,-1
2023-02-20,2023-02-20 13:24:00,1793.4,1793.4,1793.35,1793.35,-0.0,5.78,10250.22,-1
2023-02-20,2023-02-20 13:25:00,1793.35,1793.35,1793.31,1793.31,-0.0,5.78,10250.22,-1
2023-02-20,2023-02-20 13:26:00,1793.31,1793.31,1793.26,1793.26,-0.0,5.78,10250.22,-1
2023-02-20,2023-02-20 13:27:00,1793.26,1793.26,1793.22,1793.22,-0.0,5.78,10250.22,-1
2023-02-20,2023-02-20 13:28:00,1793.22,1793.22,1793.17,1793.17,-0.0,5.78,10250.22,-1
2023-02-20,2023-02-20 13:29:00,1793.17,1793.17,1793.12,1793.12,-0.0,5.78,10250.22,-1
2023-02-20,2023-02-20 13:30:00,1793.12,1793.12,1793.08,1793.08,-0.0,5.78,10250.22,-1
2023-02-20,2023-02-20 13:31:00,1793.08,1793.08,1793.03,1793.03,-0.0,5.78,10250.22,-1
2023-02-20,2023-02-20 13:32:00,1793.03,1793.03,1792.99,1792.99,-0.0,5.78,10250.22,-1
2023-02-20,2023-02-20 13:33:00,1792.99,1792.99,1792.94,1792.94,-0.0,5.78,10250.22,-1
2023-02-20,2023-02-20 13:34:00,1792.94,1792.94,1792.9,1792.9,-0.0,5.78,10250.22,-1
2023-02-20,2023-02-20 13:35:00,1792.9,1792.9,1792.85,1792.85,-0.0,5.78,10250.22,-1
2023-02-20,2023-02-20 13:36:00,1792.85,1792.85,1792.8,1792.8,-0.0,5.78,10250.22,-1
2023-02-20,2023-02-20 13:37:00,1792.8,1792.8,1792.76,1792.76,-0.0,5.78,10250.22,-1
2023-02-20,2023-02-20 13:38:00,1792.76,1792.76,1792.71,1792.71,-0.0,5.78,10250.22,-1
2023-02-20,2023-02-20 13:39:00,1792.71,1792.71,1792.67,1792.67,-0.0,5.78,10250.22,-1
2023-02-20,2023-02-20 13:40:00,1792.67,1792.67,1792.62,1792.62,-0.0,5.78,10250.22,-1
2023-02-20,2023-02-20 13:41:00,1792.62,1792.62,1792.58,1792.58,-0.0,5.78,10250.22,-1
2023-02-20,2023-02-20 13:42:00,1792.58,1792.58,1792.53,1792.53,-0.0,5.78,10250.22,-1
2023-02-20,2023-02-20 13:43:00,1792.53,1792.53,1792.48,1792.48,-0.0,5.78,10250.22,-1
2023-02-20,2023-02-20 13:44:00,1792.48,1792.48,1792.44,1792.44,-0.0,5.78,10250.22,-1
2023-02-20,2023-02-20 13:45:00,1792.44,1792.44,1792.39,1792.39,-0.0,5.78,10250.22,-1
2023-02-20,2023-02-20 13:46:00,1792.39,1792.39,1792.35,1792.35,-0.0,5.78,10250.22,-1
2023-02-20,2023-02-20 13:47:00,1792.35,1792.35,1792.3,1792.3,-0.0,5.78,10250.22,-1
2023-02-20,2023-02-20 13:48:00,1792.3,1792.3,1792.25,1792.25,-0.0,5.78,10250.22,-1
2023-02-20,2023-02-20 13:49:00,1792.25,1792.25,1792.21,1792.21,-0.0,5.78,10250.22,-1
2023-02-20,2023-02-20 13:50:00,1792.21,1792.21,1792.16,1792.16,-0.0,5.78,10250.22,-1
2023-02-20,2023-02-20 13:51:00,1792.16,1792.16,1792.12,1792.12,-0.0,5.78,10250.22,-1
2023-02-20,2023-02-20 13:52:00,1792.12,1792.12,1792.07,1792.07,-0.0,5.78,10250.22,-1
2023-02-20,2023-02-20 13:53:00,1792.07,1792.07,1792.03,1792.03,-0.0,5.78,10250.22,-1
2023-02-20,2023-02-20 13:54:00,1792.03,1792.03,1791.98,1791.98,-0.0,5.78,10250.22,-1
2023-02-20,2023-02-20 13:55:00,1791.98,1791.98,1791.93,1791.93,-0.0,5.78,10250.22,-1
2023-02-20,2023-02-20 13:56:00,1791.93,1791.93,1791.89,1791.89,-0.0,5.78,10250.22,-1
2023-02-20,2023-02-20 13:57:00,1791.89,1791.89,1791.84,1791.84,-0.0,5.78,10250.22,-1
2023-02-20,2023-02-20 13:58:00,1791.84,1791.84,1791.8,1791.8,-0.0,5.78,10250.22,-1
2023-02-20,2023-02-20 13:59:00,1791.8,1791.8,1791.75,1791.75,-0.0,5.78,10250.22,-1
2023-02-20,2023-02-20 14:00:00,1791.75,1791.75,1791.7,1791.7,-0.0,5.78,10250.22,-1
2023-02-20,2023-02-20 14:01:00,1791.7,1791.7,1791.66,1791.66,-0.0,5.78,10250.22,-1
2023-02-20,2023-02-20 14:02:00,1791.66,1791.66,1791.61,1791.61,-0.0,5.78,10250.22,-1
2023-02-20,2023-02-20 14:03:00,1791.61,1791.61,1791.57,1791.57,-0.0,5.78,10250.22,-1
2023-02-20,2023-02-20 14:04:00,1791.57,1791.57,1791.52,1791.52,-0.0,5.78,10250.22,-1
2023-02-20,2023-02-20 14:05:00,1791.52,1791.52,1791.47,1791.47,-0.0,5.78,10250.22,-1
2023-02-20,2023-02-20 14:06:00,1791.47,1791.47,1791.43,1791.43,-0.0,5.78,10250.22,-1
2023-02-20,2023-02-20 14:07:00,1791.43,1791.43,1791.38,1791.38,-0.0,5.78,10250.22,-1
2023-02-20,2023-02-20 14:08:00,1791.38,1791.38,1791.34,1791.34,-0.0,5.78,10250.22,-1
2023-02-20,2023-02-20 14:09:00,1791.34,1791.34,1791.29,1791.29,-0.0,5.78,10250.22,-1
2023-02-20,2023-02-20 14:10:00,1791.29,1791.29,1791.25,1791.25,-0.0,5.78,10250.22,-1
2023-02-20,2023-02-20 14:11:00,1791.25,1791.25,1791.2,1791.2,-0.0,5.78,10250.22,-1
2023-02-20,2023-02-20 14:12:00,1791.2,1791.2,1791.15,1791.15,-0.0,5.78,10250.22,-1
2023-02-20,2023-02-20 14:13:00,1791.15,1791.15,1791.11,1791.11,-0.0,5.78,10250.22,-1
2023-02-20,2023-02-20 14:14:00,1791.11,1791.11,1791.06,1791.06,-0.0,5.78,10250.22,-1
2023-02-20,2023-02-20 14:15:00,1791.06,1791.06,1791.02,1791.02,-0.0,5.78,10250.22,-1
2023-02-20,2023-02-20 14:16:00,1791.02,1791.02,1790.97,1790.97,-0.0,5.78,10250.22,-1
2023-02-20,2023-02-20 14:17:00,1790.97,1790.97,1790.92,1790.92,-0.0,5.78,10250.22,-1
2023-02-20,2023-02-20 14:18:00,1790.92,1790.92,1790.88,1790.88,-0.0,5.78,10250.22,-1
2023-02-20,2023-02-20 14:19:00,1790.88,1790.88,1790.83,1790.83,-0.0,5.78,10250.22,-1
2023-02-20,2023-02-20 14:20:00,1790.83,1790.83,1790.79,1790.79,-0.0,5.78,10250.22,-1
2023-02-20,2023-02-20 14:21:00,1790.79,1790.79,1790.74,1790.74,-0.0,5.78,10250.22,-1
2023-02-20,2023-02-20 14:22:00,1790.74,1790.74,1790.7,1790.7,-0.0,5.78,10250.22,-1
2023-02-20,2023-02-20 14:23:00,1790.7,1790.7,1790.65,1790.65,-0.0,5.78,10250.22,-1
2023-02-20,2023-02-20 14:24:00,1790.65,1790.65,1790.6,1790.6,-0.0,5.78,10250.22,-1
2023-02-20,2023-02-20 14:25:00,1790.6,1790.6,1790.56,1790.56,-0.0,5.78,10250.22,-1
2023-02-20,2023-02-20 14:26:00,1790.56,1790.56,1790.51,1790.51,-0.0,5.78,10250.22,-1
2023-02-20,2023-02-20 14:27:00,1790.51,1790.51,1790.47,1790.47,-0.0,5.78,10250.22,-1
2023-02-20,2023-02-20 14:28:00,1790.47,1790.47,1790.42,1790.42,-0.0,5.78,10250.22,-1
2023-02-20,2023-02-20 14:29:00,1790.42,1790.42,1790.38,1790.38,-0.0,5.78,10250.22,-1
2023-02-20,2023-02-20 14:30:00,1790.38,1790.38,1790.33,1790.33,-0.0,5.78,10250.22,-1
2023-02-20,2023-02-20 14:31:00,1790.33,1790.33,1790.28,1790.28,-0.0,5.78,10250.22,-1
2023-02-20,2023-02-20 14:32:00,1790.28,1790.28,1790.24,1790.24,-0.0,5.78,10250.22,-1
2023-02-20,2023-02-20 14:33:00,1790.24,1790.24,1790.19,1790.19,-0.0,5.78,10250.22,-1
2023-02-20,2023-02-20 14:34:00,1790.19,1790.19,1790.15,1790.15,-0.0,5.78,10250.22,-1
2023-02-20,2023-02-20 14:35:00,1790.15,1790.15,1790.1,1790.1,-0.0,5.78,10250.22,-1
2023-02-20,2023-02-20 14:36:00,1790.1,1790.1,1790.05,1790.05,-0.0,5.78,10250.22,-1
2023-02-20,2023-02-20 14:37:00,1790.05,1790.05,1790.01,1790.01,-0.0,5.78,10250.22,-1
2023-02-20,2023-02-20 14:38:00,1790.01,1790.01,1789.96,1789.96,-0.0,5.78,10250.22,-1
2023-02-20,2023-02-20 14:39:00,1789.96,1789.96,1789.92,1789.92,-0.0,5.78,10250.22,-1
2023-02-20,2023-02-20 14:40:00,1789.92,1789.92,1789.87,1789.87,-0.0,5.78,10250.22,-1
2023-02-20,2023-02-20 14:41:00,1789.87,1789.87,1789.83,1789.83,-0.0,5.78,10250.22,-1
2023-02-20,2023-02-20 14:42:00,1789.83,1789.83,1789.78,1789.78,-0.0,5.78,10250.22,-1
2023-02-20,2023-02-20 14:43:00,1789.78,1789.78,1789.73,1789.73,-0.0,5.78,10250.22,-1
2023-02-20,2023-02-20 14:44:00,1789.73,1789.73,1789.69,1789.69,-0.0,5.78,10250.22,-1
2023-02-20,2023-02-20 14:45:00,1789.69,1789.69,1789.64,1789.64,-0.0,5.78,10250.22,-1
2023-02-20,2023-02-20 14:46:00,1789.64,1789.64,1789.6,1789.6,-0.0,5.78,10250.22,-1
2023-02-20,2023-02-20 14:47:00,1789.6,1789.6,1789.55,1789.55,-0.0,5.78,10250.22,-1
2023-02-20,2023-02-20 14:48:00,1789.55,1789.55,1789.5,1789.5,-0.0,5.78,10250.22,-1
2023-02-20,2023-02-20 14:49:00,1789.5,1789.5,1789.46,1789.46,-0.0,5.78,10250.22,-1
2023-02-20,2023-02-20 14:50:00,1789.46,1789.46,1789.41,1789.41,-0.0,5.78,10250.22,-1
2023-02-20,2023-02-20 14:51:00,1789.41,1789.41,1789.37,1789.37,-0.0,5.78,10250.22,-1
2023-02-20,2023-02-20 14:52:00,1789.37,1789.37,1789.32,1789.32,-0.0,5.78,10250.22,-1
2023-02-20,2023-02-20 14:53:00,1789.32,1789.32,1789.28,1789.28,-0.0,5.78,10250.22,-1
2023-02-20,2023-02-20 14:54:00,1789.28,1789.28,1789.23,1789.23,-0.0,5.78,10250.22,-1
2023-02-20,2023-02-20 14:55:00,1789.23,1789.23,1789.18,1789.18,-0.0,5.78,10250.22,-1
2023-02-20,2023-02-20 14:56:00,1789.18,1789.18,1789.14,1789.14,-0.0,5.78,10250.22,-1
2023-02-20,2023-02-20 14:57:00,1789.14,1789.14,1789.09,1789.09,-0.0,5.78,10250.22,-1
2023-02-20,2023-02-20 14:58:00,1789.09,1789.09,1789.05,1789.05,-0.0,5.78,10250.22,-1
2023-02-20,2023-02-20 14:59:00,1789.05,1789.05,1789.0,1789.0,-0.0,5.78,10250.22,-1
2023-02-20,2023-02-20 15:00:00,1789.0,1800.0,1740.0,1789.0,0.0,5.78,10250.22,0
2023-02-22,2023-02-22 11:00:00,1780.0,1793.35,1762.33,1780.19,0.01,7.78,13564.2,1
2023-02-22,2023-02-22 11:01:00,1780.19,1780.37,1780.19,1780.37,0.01,7.78,13564.2,1
2023-02-22,2023-02-22 11:02:00,1780.37,1780.56,1780.37,1780.56,0.01,7.78,13564.2,1
2023-02-22,2023-02-22 11:03:00,1780.56,1780.74,1780.56,1780.74,0.01,7.78,13564.2,1
2023-02-22,2023-02-22 11:04:00,1780.74,1780.93,1780.74,1780.93,0.01,7.78,13564.2,1
2023-02-22,2023-02-22 11:05:00,1780.93,1781.11,1780.93,1781.11,0.01,7.78,13564.2,1
2023-02-22,2023-02-22 11:06:00,1781.11,1781.3,1781.11,1781.3,0.01,7.78,13564.2,1
2023-02-22,2023-02-22 11:07:00,1781.3,1781.48,1781.3,1781.48,0.01,7.78,13564.2,1
2023-02-22,2023-02-22 11:08:00,1781.48,1781.67,1781.48,1781.67,0.01,7.78,13564.2,1
2023-02-22,2023-02-22 11:09:00,1781.67,1781.85,1781.67,1781.85,0.01,7.78,13564.2,1
2023-02-22,2023-02-22 11:10:00,1781.85,1782.04,1781.85,1782.04,0.01,7.78,13564.2,1
2023-02-22,2023-02-22 11:11:00,1782.04,1782.22,1782.04,1782.22,0.01,7.78,13564.2,1
2023-02-22,2023-02-22 11:12:00,1782.22,1782.41,1782.22,1782.41,0.01,7.78,13564.2,1
2023-02-22,2023-02-22 11:13:00,1782.41,1782.6,1782.41,1782.6,0.01,7.78,13564.2,1
2023-02-22,2023-02-22 11:14:00,1782.6,1782.78,1782.6,1782.78,0.01,7.78,13564.2,1
2023-02-22,2023-02-22 11:15:00,1782.78,1782.97,1782.78,1782.97,0.01,7.78,13564.2,1
2023-02-22,2023-02-22 11:16:00,1782.97,1783.15,1782.97,1783.15,0.01,7.78,13564.2,1
2023-02-22,2023-02-22 11:17:00,1783.15,1783.34,1783.15,1783.34,0.01,7.78,13564.2,1
2023-02-22,2023-02-22 11:18:00,1783.34,1783.52,1783.34,1783.52,0.01,7.78,13564.2,1
2023-02-22,2023-02-22 11:19:00,1783.52,1783.71,1783.52,1783.71,0.01,7.78,13564.2,1
2023-02-22,2023-02-22 11:20:00,1783.71,1783.89,1783.71,1783.89,0.01,7.78,13564.2,1
2023-02-22,2023-02-22 11:21:00,1783.89,1784.08,1783.89,1784.08,0.01,7.78,13564.2,1
2023-02-22,2023-02-22 11:22:00,1784.08,1784.26,1784.08,1784.26,0.01,7.78,13564.2,1
2023-02-22,2023-02-22 11:23:00,1784.26,1784.45,1784.26,1784.45,0.01,7.78,13564.2,1
2023-02-22,2023-02-22 11:24:00,1784.45,1784.64,1784.45,1784.64,0.01,7.78,13564.2,1
2023-02-22,2023-02-22 11:25:00,1784.64,1784.82,1784.64,1784.82,0.01,7.78,13564.2,1
2023-02-22,2023-02-22 11:26:00,1784.82,1785.01,1784.82,1785.01,0.01,7.78,13564.2,1
2023-02-22,2023-02-22 11:27:00,1785.01,1785.19,1785.01,1785.19,0.01,7.78,13564.2,1
2023-02-22,2023-02-22 11:28:00,1785.19,1785.38,1785.19,1785.38,0.01,7.78,13564.2,1
2023-02-22,2023-02-22 11:29:00,1785.38,1785.56,1785.38,1785.56,0.01,7.78,13564.2,1
2023-02-22,2023-02-22 11:30:00,1785.56,1785.75,1785.56,1785.75,0.01,7.78,13564.2,1
2023-02-22,2023-02-22 11:31:00,1785.75,1785.93,1785.75,1785.93,0.01,7.78,13564.2,1
2023-02-22,2023-02-22 11:32:00,1785.93,1786.12,1785.93,1786.12,0.01,7.78,13564.2,1
2023-02-22,2023-02-22 11:33:00,1786.12,1786.3,1786.12,1786.3,0.01,7.78,13564.2,1
2023-02-22,2023-02-22 11:34:00,1786.3,1786.49,1786.3,1786.49,0.01,7.78,13564.2,1
2023-02-22,2023-02-22 11:35:00,1786.49,1786.67,1786.49,1786.67,0.01,7.78,13564.2,1
2023-02-22,2023-02-22 11:36:00,1786.67,1786.86,1786.67,1786.86,0.01,7.78,13564.2,1
2023-02-22,2023-02-22 11:37:00,1786.86,1787.05,1786.86,1787.05,0.01,7.78,13564.2,1
2023-02-22,2023-02-22 11:38:00,1787.05,1787.23,1787.05,1787.23,0.01,7.78,13564.2,1
2023-02-22,2023-02-22 11:39:00,1787.23,1787.42,1787.23,1787.42,0.01,7.78,13564.2,1
2023-02-22,2023-02-22 11:40:00,1787.42,1787.6,1787.42,1787.6,0.01,7.78,13564.2,1
2023-02-22,2023-02-22 11:41:00,1787.6,1787.79,1787.6,1787.79,0.01,7.78,13564.2,1
2023-02-22,2023-02-22 11:42:00,1787.79,1787.97,1787.79,1787.97,0.01,7.78,13564.2,1
2023-02-22,2023-02-22 11:43:00,1787.97,1788.16,1787.97,1788.16,0.01,7.78,13564.2,1
2023-02-22,2023-02-22 11:44:00,1788.16,1788.34,1788.16,1788.34,0.01,7.78,13564.2,1
2023-02-22,2023-02-22 11:45:00,1788.34,1788.53,1788.34,1788.53,0.01,7.78,13564.2,1
2023-02-22,2023-02-22 11:46:00,1788.53,1788.71,1788.53,1788.71,0.01,7.78,13564.2,1
2023-02-22,2023-02-22 11:47:00,1788.71,1788.9,1788.71,1788.9,0.01,7.78,13564.2,1
2023-02-22,2023-02-22 11:48:00,1788.9,1789.09,1788.9,1789.09,0.01,7.78,13564.2,1
2023-02-22,2023-02-22 11:49:00,1789.09,1789.27,1789.09,1789.27,0.01,7.78,13564.2,1
2023-02-22,2023-02-22 11:50:00,1789.27,1789.46,1789.27,1789.46,0.01,7.78,13564.2,1
2023-02-22,2023-02-22 11:51:00,1789.46,1789.64,1789.46,1789.64,0.01,7.78,13564.2,1
2023-02-22,2023-02-22 11:52:00,1789.64,1789.83,1789.64,1789.83,0.01,7.78,13564.2,1
2023-02-22,2023-02-22 11:53:00,1789.83,1790.01,1789.83,1790.01,0.01,7.78,13564.2,1
2023-02-22,2023-02-22 11:54:00,1790.01,1790.2,1790.01,1790.2,0.01,7.78,13564.2,1
2023-02-22,2023-02-22 11:55:00,1790.2,1790.38,1790.2,1790.38,0.01,7.78,13564.2,1
2023-02-22,2023-02-22 11:56:00,1790.38,1790.57,1790.38,1790.57,0.01,7.78,13564.2,1
2023-02-22,2023-02-22 11:57:00,1790.57,1790.75,1790.57,1790.75,0.01,7.78,13564.2,1
2023-02-22,2023-02-22 11:58:00,1790.75,1790.94,1790.75,1790.94,0.01,7.78,13564.2,1
2023-02-22,2023-02-22 11:59:00,1790.94,1791.12,1790.94,1791.12,0.01,7.78,13564.2,1
2023-02-22,2023-02-22 12:00:00,1791.12,1791.31,1791.12,1791.31,0.01,7.78,13564.2,1
2023-02-22,2023-02-22 12:01:00,1791.31,1791.5,1791.31,1791.5,0.01,7.78,13564.2,1
2023-02-22,2023-02-22 12:02:00,1791.5,1791.68,1791.5,1791.68,0.01,7.78,13564.2,1
2023-02-22,2023-02-22 12:03:00,1791.68,1791.87,1791.68,1791.87,0.01,7.78,13564.2,1
2023-02-22,2023-02-22 12:04:00,1791.87,1792.05,1791.87,1792.05,0.01,7.78,13564.2,1
2023-02-22,2023-02-22 12:05:00,1792.05,1792.24,1792.05,1792.24,0.01,7.78,13564.2,1
2023-02-22,2023-02-22 12:06:00,1792.24,1792.42,1792.24,1792.42,0.01,7.78,13564.2,1
2023-02-22,2023-02-22 12:07:00,1792.42,1792.61,1792.42,1792.61,0.01,7.78,13564.2,1
2023-02-22,2023-02-22 12:08:00,1792.61,1792.79,1792.61,1792.79,0.01,7.78,13564.2,1
2023-02-22,2023-02-22 12:09:00,1792.79,1792.98,1792.79,1792.98,0.01,7.78,13564.2,1
2023-02-22,2023-02-22 12:10:00,1792.98,1793.16,1792.98,1793.16,0.01,7.78,13564.2,1
2023-02-22,2023-02-22 12:11:00,1793.16,1793.35,1793.16,1793.35,0.01,7.78,13564.2,1
2023-02-22,2023-02-22 12:12:00,1793.35,1793.54,1793.35,1793.54,0.01,7.78,13564.2,1
2023-02-22,2023-02-22 12:13:00,1793.54,1793.72,1793.54,1793.72,0.01,7.78,13564.2,1
2023-02-22,2023-02-22 12:14:00,1793.72,1793.91,1793.72,1793.91,0.01,7.78,13564.2,1
2023-02-22,2023-02-22 12:15:00,1793.91,1794.09,1793.91,1794.09,0.01,7.78,13564.2,1
2023-02-22,2023-02-22 12:16:00,1794.09,1794.28,1794.09,1794.28,0.01,7.78,13564.2,1
2023-02-22,2023-02-22 12:17:00,1794.28,1794.46,1794.28,1794.46,0.01,7.78,13564.2,1
2023-02-22,2023-02-22 12:18:00,1794.46,1794.65,1794.46,1794.65,0.01,7.78,13564.2,1
2023-02-22,2023-02-22 12:19:00,1794.65,1794.83,1794.65,1794.83,0.01,7.78,13564.2,1
2023-02-22,2023-02-22 12:20:00,1794.83,1795.02,1794.83,1795.02,0.01,7.78,13564.2,1
2023-02-22,2023-02-22 12:21:00,1795.02,1795.2,1795.02,1795.2,0.01,7.78,13564.2,1
2023-02-22,2023-02-22 12:22:00,1795.2,1795.39,1795.2,1795.39,0.01,7.78,13564.2,1
2023-02-22,2023-02-22 12:23:00,1795.39,1795.58,1795.39,1795.58,0.01,7.78,13564.2,1
2023-02-22,2023-02-22 12:24:00,1795.58,1795.76,1795.58,1795.76,0.01,7.78,13564.2,1
2023-02-22,2023-02-22 12:25:00,1795.76,1795.95,1795.76,1795.95,0.01,7.78,13564.2,1
2023-02-22,2023-02-22 12:26:00,1795.95,1796.13,1795.95,1796.13,0.01,7.78,13564.2,1
2023-02-22,2023-02-22 12:27:00,1796.13,1796.32,1796.13,1796.32,0.01,7.78,13564.2,1
2023-02-22,2023-02-22 12:28:00,1796.32,1796.5,1796.32,1796.5,0.01,7.78,13564.2,1
2023-02-22,2023-02-22 12:29:00,1796.5,1796.69,1796.5,1796.69,0.01,7.78,13564.2,1
2023-02-22,2023-02-22 12:30:00,1796.69,1796.87,1796.69,1796.87,0.01,7.78,13564.2,1
2023-02-22,2023-02-22 12:31:00,1796.87,1797.06,1796.87,1797.06,0.01,7.78,13564.2,1
2023-02-22,2023-02-22 12:32:00,1797.06,1797.24,1797.06,1797.24,0.01,7.78,13564.2,1
2023-02-22,2023-02-22 12:33:00,1797.24,1797.43,1797.24,1797.43,0.01,7.78,13564.2,1
2023-02-22,2023-02-22 12:34:00,1797.43,1797.61,1797.43,1797.61,0.01,7.78,13564.2,1
2023-02-22,2023-02-22 12:35:00,1797.61,1797.8,1797.61,1797.8,0.01,7.78,13564.2,1
2023-02-22,2023-02-22 12:36:00,1797.8,1797.99,1797.8,1797.99,0.01,7.78,13564.2,1
2023-02-22,2023-02-22 12:37:00,1797.99,1798.17,1797.99,1798.17,0.01,7.78,13564.2,1
2023-02-22,2023-02-22 12:38:00,1798.17,1798.36,1798.17,1798.36,0.01,7.78,13564.2,1
2023-02-22,2023-02-22 12:39:00,1798.36,1798.54,1798.36,1798.54,0.01,7.78,13564.2,1
2023-02-22,2023-02-22 12:40:00,1798.54,1798.73,1798.54,1798.73,0.01,7.78,13564.2,1
2023-02-22,2023-02-22 12:41:00,1798.73,1798.91,1798.73,1798.91,0.01,7.78,13564.2,1
2023-02-22,2023-02-22 12:42:00,1798.91,1799.1,1798.91,1799.1,0.01,7.78,13564.2,1
2023-02-22,2023-02-22 12:43:00,1799.1,1799.28,1799.1,1799.28,0.01,7.78,13564.2,1
2023-02-22,2023-02-22 12:44:00,1799.28,1799.47,1799.28,1799.47,0.01,7.78,13564.2,1
2023-02-22,2023-02-22 12:45:00,1799.47,1799.65,1799.47,1799.65,0.01,7.78,13564.2,1
2023-02-22,2023-02-22 12:46:00,1799.65,1799.84,1799.65,1799.84,0.01,7.78,13564.2,1
2023-02-22,2023-02-22 12:47:00,1799.84,1800.03,1799.84,1800.03,0.01,7.78,13564.2,1
2023-02-22,2023-02-22 12:48:00,1800.03,1800.21,1800.03,1800.21,0.01,7.78,13564.2,1
2023-02-22,2023-02-22 12:49:00,1800.21,1800.4,1800.21,1800.4,0.01,7.78,13564.2,1
2023-02-22,2023-02-22 12:50:00,1800.4,1800.58,1800.4,1800.58,0.01,7.78,13564.2,1
2023-02-22,2023-02-22 12:51:00,1800.58,1800.77,1800.58,1800.77,0.01,7.78,13564.2,1
2023-02-22,2023-02-22 12:52:00,1800.77,1800.95,1800.77,1800.95,0.01,7.78,13564.2,1
2023-02-22,2023-02-22 12:53:00,1800.95,1801.14,1800.95,1801.14,0.01,7.78,13564.2,1
2023-02-22,2023-02-22 12:54:00,1801.14,1801.32,1801.14,1801.32,0.01,7.78,13564.2,1
2023-02-22,2023-02-22 12:55:00,1801.32,1801.51,1801.32,1801.51,0.01,7.78,13564.2,1
2023-02-22,2023-02-22 12:56:00,1801.51,1801.69,1801.51,1801.69,0.01,7.78,13564.2,1
2023-02-22,2023-02-22 12:57:00,1801.69,1801.88,1801.69,1801.88,0.01,7.78,13564.2,1
2023-02-22,2023-02-22 12:58:00,1801.88,1802.06,1801.88,1802.06,0.01,7.78,13564.2,1
2023-02-22,2023-02-22 12:59:00,1802.06,1802.25,1802.06,1802.25,0.01,7.78,13564.2,1
2023-02-22,2023-02-22 13:00:00,1802.25,1824.5,1721.1,1802.44,0.01,7.78,13564.2,1
2023-02-22,2023-02-22 13:01:00,1802.44,1802.62,1802.44,1802.62,0.01,7.78,13564.2,1
2023-02-22,2023-02-22 13:02:00,1802.62,1802.81,1802.62,1802.81,0.01,7.78,13564.2,1
2023-02-22,2023-02-22 13:03:00,1802.81,1802.99,1802.81,1802.99,0.01,7.78,13564.2,1
2023-02-22,2023-02-22 13:04:00,1802.99,1803.18,1802.99,1803.18,0.01,7.78,13564.2,1
2023-02-22,2023-02-22 13:05:00,1803.18,1803.36,1803.18,1803.36,0.01,7.78,13564.2,1
2023-02-22,2023-02-22 13:06:00,1803.36,1803.55,1803.36,1803.55,0.01,7.78,13564.2,1
2023-02-22,2023-02-22 13:07:00,1803.55,1803.73,1803.55,1803.73,0.01,7.78,13564.2,1
2023-02-22,2023-02-22 13:08:00,1803.73,1803.92,1803.73,1803.92,0.01,7.78,13564.2,1
2023-02-22,2023-02-22 13:09:00,1803.92,1804.1,1803.92,1804.1,0.01,7.78,13564.2,1
2023-02-22,2023-02-22 13:10:00,1804.1,1804.29,1804.1,1804.29,0.01,7.78,13564.2,1
2023-02-22,2023-02-22 13:11:00,1804.29,1804.47,1804.29,1804.47,0.01,7.78,13564.2,1
2023-02-22,2023-02-22 13:12:00,1804.47,1804.66,1804.47,1804.66,0.01,7.78,13564.2,1
2023-02-22,2023-02-22 13:13:00,1804.66,1804.85,1804.66,1804.85,0.01,7.78,13564.2,1
2023-02-22,2023-02-22 13:14:00,1804.85,1805.03,1804.85,1805.03,0.01,7.78,13564.2,1
2023-02-22,2023-02-22 13:15:00,1805.03,1805.22,1805.03,1805.22,0.01,7.78,13564.2,1
2023-02-22,2023-02-22 13:16:00,1805.22,1805.4,1805.22,1805.4,0.01,7.78,13564.2,1
2023-02-22,2023-02-22 13:17:00,1805.4,1805.59,1805.4,1805.59,0.01,7.78,13564.2,1
2023-02-22,2023-02-22 13:18:00,1805.59,1805.77,1805.59,1805.77,0.01,7.78,13564.2,1
2023-02-22,2023-02-22 13:19:00,1805.77,1805.96,1805.77,1805.96,0.01,7.78,13564.2,1
2023-02-22,2023-02-22 13:20:00,1805.96,1806.14,1805.96,1806.14,0.01,7.78,13564.2,1
2023-02-22,2023-02-22 13:21:00,1806.14,1806.33,1806.14,1806.33,0.01,7.78,13564.2,1
2023-02-22,2023-02-22 13:22:00,1806.33,1806.51,1806.33,1806.51,0.01,7.78,13564.2,1
2023-02-22,2023-02-22 13:23:00,1806.51,1806.7,1806.51,1806.7,0.01,7.78,13564.2,1
2023-02-22,2023-02-22 13:24:00,1806.7,1806.89,1806.7,1806.89,0.01,7.78,13564.2,1
2023-02-22,2023-02-22 13:25:00,1806.89,1807.07,1806.89,1807.07,0.01,7.78,13564.2,1
2023-02-22,2023-02-22 13:26:00,1807.07,1807.26,1807.07,1807.26,0.01,7.78,13564.2,1
2023-02-22,2023-02-22 13:27:00,1807.26,1807.44,1807.26,1807.44,0.01,7.78,13564.2,1
2023-02-22,2023-02-22 13:28:00,1807.44,1807.63,1807.44,1807.63,0.01,7.78,13564.2,1
2023-02-22,2023-02-22 13:29:00,1807.63,1807.81,1807.63,1807.81,0.01,7.78,13564.2,1
2023-02-22,2023-02-22 13:30:00,1807.81,1808.0,1807.81,1808.0,0.01,7.78,13564.2,1
2023-02-22,2023-02-22 13:31:00,1808.0,1808.18,1808.0,1808.18,0.01,7.78,13564.2,1
2023-02-22,2023-02-22 13:32:00,1808.18,1808.37,1808.18,1808.37,0.01,7.78,13564.2,1
2023-02-22,2023-02-22 13:33:00,1808.37,1808.55,1808.37,1808.55,0.01,7.78,13564.2,1
2023-02-22,2023-02-22 13:34:00,1808.55,1808.74,1808.55,1808.74,0.01,7.78,13564.2,1
2023-02-22,2023-02-22 13:35:00,1808.74,1808.92,1808.74,1808.92,0.01,7.78,13564.2,1
2023-02-22,2023-02-22 13:36:00,1808.92,1809.11,1808.92,1809.11,0.01,7.78,13564.2,1
2023-02-22,2023-02-22 13:37:00,1809.11,1809.3,1809.11,1809.3,0.01,7.78,13564.2,1
2023-02-22,2023-02-22 13:38:00,1809.3,1809.48,1809.3,1809.48,0.01,7.78,13564.2,1
2023-02-22,2023-02-22 13:39:00,1809.48,1809.67,1809.48,1809.67,0.01,7.78,13564.2,1
2023-02-22,2023-02-22 13:40:00,1809.67,1809.85,1809.67,1809.85,0.01,7.78,13564.2,1
2023-02-22,2023-02-22 13:41:00,1809.85,1810.04,1809.85,1810.04,0.01,7.78,13564.2,1
2023-02-22,2023-02-22 13:42:00,1810.04,1810.22,1810.04,1810.22,0.01,7.78,13564.2,1
2023-02-22,2023-02-22 13:43:00,1810.22,1810.41,1810.22,1810.41,0.01,7.78,13564.2,1
2023-02-22,2023-02-22 13:44:00,1810.41,1810.59,1810.41,1810.59,0.01,7.78,13564.2,1
2023-02-22,2023-02-22 13:45:00,1810.59,1810.78,1810.59,1810.78,0.01,7.78,13564.2,1
2023-02-22,2023-02-22 13:46:00,1810.78,1810.96,1810.78,1810.96,0.01,7.78,13564.2,1
2023-02-22,2023-02-22 13:47:00,1810.96,1811.15,1810.96,1811.15,0.01,7.78,13564.2,1
2023-02-22,2023-02-22 13:48:00,1811.15,1811.34,1811.15,1811.34,0.01,7.78,13564.2,1
2023-02-22,2023-02-22 13:49:00,1811.34,1811.52,1811.34,1811.52,0.01,7.78,13564.2,1
2023-02-22,2023-02-22 13:50:00,1811.52,1811.71,1811.52,1811.71,0.01,7.78,13564.2,1
2023-02-22,2023-02-22 13:51:00,1811.71,1811.89,1811.71,1811.89,0.01,7.78,13564.2,1
2023-02-22,2023-02-22 13:52:00,1811.89,1812.08,1811.89,1812.08,0.01,7.78,13564.2,1
2023-02-22,2023-02-22 13:53:00,1812.08,1812.26,1812.08,1812.26,0.01,7.78,13564.2,1
2023-02-22,2023-02-22 13:54:00,1812.26,1812.45,1812.26,1812.45,0.01,7.78,13564.2,1
2023-02-22,2023-02-22 13:55:00,1812.45,1812.63,1812.45,1812.63,0.01,7.78,13564.2,1
2023-02-22,2023-02-22 13:56:00,1812.63,1812.82,1812.63,1812.82,0.01,7.78,13564.2,1
2023-02-22,2023-02-22 13:57:00,1812.82,1813.0,1812.82,1813.0,0.01,7.78,13564.2,1
2023-02-22,2023-02-22 13:58:00,1813.0,1813.19,1813.0,1813.19,0.01,7.78,13564.2,1
2023-02-22,2023-02-22 13:59:00,1813.19,1813.38,1813.19,1813.38,0.01,7.78,13564.2,1
2023-02-22,2023-02-22 14:00:00,1813.38,1813.56,1813.38,1813.56,0.01,7.78,13564.2,1
2023-02-22,2023-02-22 14:01:00,1813.56,1813.75,1813.56,1813.75,0.01,7.78,13564.2,1
2023-02-22,2023-02-22 14:02:00,1813.75,1813.93,1813.75,1813.93,0.01,7.78,13564.2,1
2023-02-22,2023-02-22 14:03:00,1813.93,1814.12,1813.93,1814.12,0.01,7.78,13564.2,1
2023-02-22,2023-02-22 14:04:00,1814.12,1814.3,1814.12,1814.3,0.01,7.78,13564.2,1
2023-02-22,2023-02-22 14:05:00,1814.3,1814.49,1814.3,1814.49,0.01,7.78,13564.2,1
2023-02-22,2023-02-22 14:06:00,1814.49,1814.67,1814.49,1814.67,0.01,7.78,13564.2,1
2023-02-22,2023-02-22 14:07:00,1814.67,1814.86,1814.67,1814.86,0.01,7.78,13564.2,1
2023-02-22,2023-02-22 14:08:00,1814.86,1815.04,1814.86,1815.04,0.01,7.78,13564.2,1
2023-02-22,2023-02-22 14:09:00,1815.04,1815.23,1815.04,1815.23,0.01,7.78,13564.2,1
2023-02-22,2023-02-22 14:10:00,1815.23,1815.41,1815.23,1815.41,0.01,7.78,13564.2,1
2023-02-22,2023-02-22 14:11:00,1815.41,1815.6,1815.41,1815.6,0.01,7.78,13564.2,1
2023-02-22,2023-02-22 14:12:00,1815.6,1815.79,1815.6,1815.79,0.01,7.78,13564.2,1
2023-02-22,2023-02-22 14:13:00,1815.79,1815.97,1815.79,1815.97,0.01,7.78,13564.2,1
2023-02-22,2023-02-22 14:14:00,1815.97,1816.16,1815.97,1816.16,0.01,7.78,13564.2,1
2023-02-22,2023-02-22 14:15:00,1816.16,1816.34,1816.16,1816.34,0.01,7.78,13564.2,1
2023-02-22,2023-02-22 14:16:00,1816.34,1816.53,1816.34,1816.53,0.01,7.78,13564.2,1
2023-02-22,2023-02-22 14:17:00,1816.53,1816.71,1816.53,1816.71,0.01,7.78,13564.2,1
2023-02-22,2023-02-22 14:18:00,1816.71,1816.9,1816.71,1816.9,0.01,7.78,13564.2,1
2023-02-22,2023-02-22 14:19:00,1816.9,1817.08,1816.9,1817.08,0.01,7.78,13564.2,1
2023-02-22,2023-02-22 14:20:00,1817.08,1817.27,1817.08,1817.27,0.01,7.78,13564.2,1
2023-02-22,2023-02-22 14:21:00,1817.27,1817.45,1817.27,1817.45,0.01,7.78,13564.2,1
2023-02-22,2023-02-22 14:22:00,1817.45,1817.64,1817.45,1817.64,0.01,7.78,13564.2,1
2023-02-22,2023-02-22 14:23:00,1817.64,1817.83,1817.64,1817.83,0.01,7.78,13564.2,1
2023-02-22,2023-02-22 14:24:00,1817.83,1818.01,1817.83,1818.01,0.01,7.78,13564.2,1
2023-02-22,2023-02-22 14:25:00,1818.01,1818.2,1818.01,1818.2,0.01,7.78,13564.2,1
2023-02-22,2023-02-22 14:26:00,1818.2,1818.38,1818.2,1818.38,0.01,7.78,13564.2,1
2023-02-22,2023-02-22 14:27:00,1818.38,1818.57,1818.38,1818.57,0.01,7.78,13564.2,1
2023-02-22,2023-02-22 14:28:00,1818.57,1818.75,1818.57,1818.75,0.01,7.78,13564.2,1
2023-02-22,2023-02-22 14:29:00,1818.75,1818.94,1818.75,1818.94,0.01,7.78,13564.2,1
2023-02-22,2023-02-22 14:30:00,1818.94,1819.12,1818.94,1819.12,0.01,7.78,13564.2,1
2023-02-22,2023-02-22 14:31:00,1819.12,1819.31,1819.12,1819.31,0.01,7.78,13564.2,1
2023-02-22,2023-02-22 14:32:00,1819.31,1819.49,1819.31,1819.49,0.01,7.78,13564.2,1
2023-02-22,2023-02-22 14:33:00,1819.49,1819.68,1819.49,1819.68,0.01,7.78,13564.2,1
2023-02-22,2023-02-22 14:34:00,1819.68,1819.86,1819.68,1819.86,0.01,7.78,13564.2,1
2023-02-22,2023-02-22 14:35:00,1819.86,1820.05,1819.86,1820.05,0.01,7.78,13564.2,1
2023-02-22,2023-02-22 14:36:00,1820.05,1820.24,1820.05,1820.24,0.01,7.78,13564.2,1
2023-02-22,2023-02-22 14:37:00,1820.24,1820.42,1820.24,1820.42,0.01,7.78,13564.2,1
2023-02-22,2023-02-22 14:38:00,1820.42,1820.61,1820.42,1820.61,0.01,7.78,13564.2,1
2023-02-22,2023-02-22 14:39:00,1820.61,1820.79,1820.61,1820.79,0.01,7.78,13564.2,1
2023-02-22,2023-02-22 14:40:00,1820.79,1820.98,1820.79,1820.98,0.01,7.78,13564.2,1
2023-02-22,2023-02-22 14:41:00,1820.98,1821.16,1820.98,1821.16,0.01,7.78,13564.2,1
2023-02-22,2023-02-22 14:42:00,1821.16,1821.35,1821.16,1821.35,0.01,7.78,13564.2,1
2023-02-22,2023-02-22 14:43:00,1821.35,1821.53,1821.35,1821.53,0.01,7.78,13564.2,1
2023-02-22,2023-02-22 14:44:00,1821.53,1821.72,1821.53,1821.72,0.01,7.78,13564.2,1
2023-02-22,2023-02-22 14:45:00,1821.72,1821.9,1821.72,1821.9,0.01,7.78,13564.2,1
2023-02-22,2023-02-22 14:46:00,1821.9,1822.09,1821.9,1822.09,0.01,7.78,13564.2,1
2023-02-22,2023-02-22 14:47:00,1822.09,1822.28,1822.09,1822.28,0.01,7.78,13564.2,1
2023-02-22,2023-02-22 14:48:00,1822.28,1822.46,1822.28,1822.46,0.01,7.78,13564.2,1
2023-02-22,2023-02-22 14:49:00,1822.46,1822.65,1822.46,1822.65,0.01,7.78,13564.2,1
2023-02-22,2023-02-22 14:50:00,1822.65,1822.83,1822.65,1822.83,0.01,7.78,13564.2,1
2023-02-22,2023-02-22 14:51:00,1822.83,1823.02,1822.83,1823.02,0.01,7.78,13564.2,1
2023-02-22,2023-02-22 14:52:00,1823.02,1823.2,1823.02,1823.2,0.01,7.78,13564.2,1
2023-02-22,2023-02-22 14:53:00,1823.2,1823.39,1823.2,1823.39,0.01,7.78,13564.2,1
2023-02-22,2023-02-22 14:54:00,1823.39,1823.57,1823.39,1823.57,0.01,7.78,13564.2,1
2023-02-22,2023-02-22 14:55:00,1823.57,1823.76,1823.57,1823.76,0.01,7.78,13564.2,1
2023-02-22,2023-02-22 14:56:00,1823.76,1823.94,1823.76,1823.94,0.01,7.78,13564.2,1
2023-02-22,2023-02-22 14:57:00,1823.94,1824.13,1823.94,1824.13,0.01,7.78,13564.2,1
2023-02-22,2023-02-22 14:58:00,1824.13,1824.31,1824.13,1824.31,0.01,7.78,13564.2,1
2023-02-22,2023-02-22 14:59:00,1824.31,1824.5,1824.31,1824.5,0.01,7.78,13564.2,1
2023-02-22,2023-02-22 15:00:00,1824.5,1824.5,1721.1,1824.5,0.0,7.78,13564.2,0
2023-02-23,2023-02-23 11:00:00,1788.1,1788.1,1744.3,1787.49,-0.03,3.39,5592.4,-1
2023-02-23,2023-02-23 11:01:00,1787.49,1787.49,1786.88,1786.88,-0.03,3.39,5592.4,-1
2023-02-23,2023-02-23 11:02:00,1786.88,1786.88,1786.27,1786.27,-0.03,3.39,5592.4,-1
2023-02-23,2023-02-23 11:03:00,1786.27,1786.27,1785.67,1785.67,-0.03,3.39,5592.4,-1
2023-02-23,2023-02-23 11:04:00,1785.67,1785.67,1785.06,1785.06,-0.03,3.39,5592.4,-1
2023-02-23,2023-02-23 11:05:00,1785.06,1785.06,1784.45,1784.45,-0.03,3.39,5592.4,-1
2023-02-23,2023-02-23 11:06:00,1784.45,1784.45,1783.84,1783.84,-0.03,3.39,5592.4,-1
2023-02-23,2023-02-23 11:07:00,1783.84,1783.84,1783.23,1783.23,-0.03,3.39,5592.4,-1
2023-02-23,2023-02-23 11:08:00,1783.23,1783.23,1782.62,1782.62,-0.03,3.39,5592.4,-1
2023-02-23,2023-02-23 11:09:00,1782.62,1782.62,1782.02,1782.02,-0.03,3.39,5592.4,-1
2023-02-23,2023-02-23 11:10:00,1782.02,1782.02,1781.41,1781.41,-0.03,3.39,5592.4,-1
2023-02-23,2023-02-23 11:11:00,1781.41,1781.41,1780.8,1780.8,-0.03,3.39,5592.4,-1
2023-02-23,2023-02-23 11:12:00,1780.8,1780.8,1780.19,1780.19,-0.03,3.39,5592.4,-1
2023-02-23,2023-02-23 11:13:00,1780.19,1780.19,1779.58,1779.58,-0.03,3.39,5592.4,-1
2023-02-23,2023-02-23 11:14:00,1779.58,1779.58,1778.97,1778.97,-0.03,3.39,5592.4,-1
2023-02-23,2023-02-23 11:15:00,1778.97,1778.97,1778.37,1778.37,-0.03,3.39,5592.4,-1
2023-02-23,2023-02-23 11:16:00,1778.37,1778.37,1777.76,1777.76,-0.03,3.39,5592.4,-1
2023-02-23,2023-02-23 11:17:00,1777.76,1777.76,1777.15,1777.15,-0.03,3.39,5592.4,-1
2023-02-23,2023-02-23 11:18:00,1777.15,1777.15,1776.54,1776.54,-0.03,3.39,5592.4,-1
2023-02-23,2023-02-23 11:19:00,1776.54,1776.54,1775.93,1775.93,-0.03,3.39,5592.4,-1
2023-02-23,2023-02-23 11:20:00,1775.93,1775.93,1775.32,1775.32,-0.03,3.39,5592.4,-1
2023-02-23,2023-02-23 11:21:00,1775.32,1775.32,1774.72,1774.72,-0.03,3.39,5592.4,-1
2023-02-23,2023-02-23 11:22:00,1774.72,1774.72,1774.11,1774.11,-0.03,3.39,5592.4,-1
2023-02-23,2023-02-23 11:23:00,1774.11,1774.11,1773.5,1773.5,-0.03,3.39,5592.4,-1
2023-02-23,2023-02-23 11:24:00,1773.5,1773.5,1772.89,1772.89,-0.03,3.39,5592.4,-1
2023-02-23,2023-02-23 11:25:00,1772.89,1772.89,1772.28,1772.28,-0.03,3.39,5592.4,-1
2023-02-23,2023-02-23 11:26:00,1772.28,1772.28,1771.67,1771.67,-0.03,3.39,5592.4,-1
2023-02-23,2023-02-23 11:27:00,1771.67,1771.67,1771.07,1771.07,-0.03,3.39,5592.4,-1
2023-02-23,2023-02-23 11:28:00,1771.07,1771.07,1770.46,1770.46,-0.03,3.39,5592.4,-1
2023-02-23,2023-02-23 11:29:00,1770.46,1770.46,1769.85,1769.85,-0.03,3.39,5592.4,-1
2023-02-23,2023-02-23 11:30:00,1769.85,1769.85,1769.24,1769.24,-0.03,3.39,5592.4,-1
2023-02-23,2023-02-23 11:31:00,1769.24,1769.24,1768.63,1768.63,-0.03,3.39,5592.4,-1
2023-02-23,2023-02-23 11:32:00,1768.63,1768.63,1768.02,1768.02,-0.03,3.39,5592.4,-1
2023-02-23,2023-02-23 11:33:00,1768.02,1768.02,1767.42,1767.42,-0.03,3.39,5592.4,-1
2023-02-23,2023-02-23 11:34:00,1767.42,1767.42,1766.81,1766.81,-0.03,3.39,5592.4,-1
2023-02-23,2023-02-23 11:35:00,1766.81,1766.81,1766.2,1766.2,-0.03,3.39,5592.4,-1
2023-02-23,2023-02-23 11:36:00,1766.2,1766.2,1765.59,1765.59,-0.03,3.39,5592.4,-1
2023-02-23,2023-02-23 11:37:00,1765.59,1765.59,1764.98,1764.98,-0.03,3.39,5592.4,-1
2023-02-23,2023-02-23 11:38:00,1764.98,1764.98,1764.38,1764.38,-0.03,3.39,5592.4,-1
2023-02-23,2023-02-23 11:39:00,1764.38,1764.38,1763.77,1763.77,-0.03,3.39,5592.4,-1
2023-02-23,2023-02-23 11:40:00,1763.77,1763.77,1763.16,1763.16,-0.03,3.39,5592.4,-1
2023-02-23,2023-02-23 11:41:00,1763.16,1763.16,1762.55,1762.55,-0.03,3.39,5592.4,-1
2023-02-23,2023-02-23 11:42:00,1762.55,1762.55,1761.94,1761.94,-0.03,3.39,5592.4,-1
2023-02-23,2023-02-23 11:43:00,1761.94,1761.94,1761.33,1761.33,-0.03,3.39,5592.4,-1
2023-02-23,2023-02-23 11:44:00,1761.33,1761.33,1760.72,1760.72,-0.03,3.39,5592.4,-1
2023-02-23,2023-02-23 11:45:00,1760.72,1760.72,1760.12,1760.12,-0.03,3.39,5592.4,-1
2023-02-23,2023-02-23 11:46:00,1760.12,1760.12,1759.51,1759.51,-0.03,3.39,5592.4,-1
2023-02-23,2023-02-23 11:47:00,1759.51,1759.51,1758.9,1758.9,-0.03,3.39,5592.4,-1
2023-02-23,2023-02-23 11:48:00,1758.9,1758.9,1758.29,1758.29,-0.03,3.39,5592.4,-1
2023-02-23,2023-02-23 11:49:00,1758.29,1758.29,1757.68,1757.68,-0.03,3.39,5592.4,-1
2023-02-23,2023-02-23 11:50:00,1757.68,1757.68,1757.07,1757.07,-0.03,3.39,5592.4,-1
2023-02-23,2023-02-23 11:51:00,1757.07,1757.07,1756.47,1756.47,-0.03,3.39,5592.4,-1
2023-02-23,2023-02-23 11:52:00,1756.47,1756.47,1755.86,1755.86,-0.03,3.39,5592.4,-1
2023-02-23,2023-02-23 11:53:00,1755.86,1755.86,1755.25,1755.25,-0.03,3.39,5592.4,-1
2023-02-23,2023-02-23 11:54:00,1755.25,1755.25,1754.64,1754.64,-0.03,3.39,5592.4,-1
2023-02-23,2023-02-23 11:55:00,1754.64,1754.64,1754.03,1754.03,-0.03,3.39,5592.4,-1
2023-02-23,2023-02-23 11:56:00,1754.03,1754.03,1753.42,1753.42,-0.03,3.39,5592.4,-1
2023-02-23,2023-02-23 11:57:00,1753.42,1753.42,1752.82,1752.82,-0.03,3.39,5592.4,-1
2023-02-23,2023-02-23 11:58:00,1752.82,1752.82,1752.21,1752.21,-0.03,3.39,5592.4,-1
2023-02-23,2023-02-23 11:59:00,1752.21,1752.21,1751.6,1751.6,-0.03,3.39,5592.4,-1
2023-02-23,2023-02-23 12:00:00,1751.6,1751.6,1750.99,1750.99,-0.03,3.39,5592.4,-1
2023-02-23,2023-02-23 12:01:00,1750.99,1750.99,1750.38,1750.38,-0.03,3.39,5592.4,-1
2023-02-23,2023-02-23 12:02:00,1750.38,1750.38,1749.77,1749.77,-0.03,3.39,5592.4,-1
2023-02-23,2023-02-23 12:03:00,1749.77,1749.77,1749.17,1749.17,-0.03,3.39,5592.4,-1
2023-02-23,2023-02-23 12:04:00,1749.17,1749.17,1748.56,1748.56,-0.03,3.39,5592.4,-1
2023-02-23,2023-02-23 12:05:00,1748.56,1748.56,1747.95,1747.95,-0.03,3.39,5592.4,-1
2023-02-23,2023-02-23 12:06:00,1747.95,1747.95,1747.34,1747.34,-0.03,3.39,5592.4,-1
2023-02-23,2023-02-23 12:07:00,1747.34,1747.34,1746.73,1746.73,-0.03,3.39,5592.4,-1
2023-02-23,2023-02-23 12:08:00,1746.73,1746.73,1746.12,1746.12,-0.03,3.39,5592.4,-1
2023-02-23,2023-02-23 12:09:00,1746.12,1746.12,1745.52,1745.52,-0.03,3.39,5592.4,-1
2023-02-23,2023-02-23 12:10:00,1745.52,1745.52,1744.91,1744.91,-0.03,3.39,5592.4,-1
2023-02-23,2023-02-23 12:11:00,1744.91,1744.91,1744.3,1744.3,-0.03,3.39,5592.4,-1
2023-02-23,2023-02-23 12:12:00,1744.3,1744.3,1743.69,1743.69,-0.03,3.39,5592.4,-1
2023-02-23,2023-02-23 12:13:00,1743.69,1743.69,1743.08,1743.08,-0.03,3.39,5592.4,-1
2023-02-23,2023-02-23 12:14:00,1743.08,1743.08,1742.47,1742.47,-0.03,3.39,5592.4,-1
2023-02-23,2023-02-23 12:15:00,1742.47,1742.47,1741.87,1741.87,-0.03,3.39,5592.4,-1
2023-02-23,2023-02-23 12:16:00,1741.87,1741.87,1741.26,1741.26,-0.04,3.39,5592.4,-1
2023-02-23,2023-02-23 12:17:00,1741.26,1741.26,1740.65,1740.65,-0.04,3.39,5592.4,-1
2023-02-23,2023-02-23 12:18:00,1740.65,1740.65,1740.04,1740.04,-0.04,3.39,5592.4,-1
2023-02-23,2023-02-23 12:19:00,1740.04,1740.04,1739.43,1739.43,-0.04,3.39,5592.4,-1
2023-02-23,2023-02-23 12:20:00,1739.43,1739.43,1738.82,1738.82,-0.04,3.39,5592.4,-1
2023-02-23,2023-02-23 12:21:00,1738.82,1738.82,1738.22,1738.22,-0.03,3.39,5592.4,-1
2023-02-23,2023-02-23 12:22:00,1738.22,1738.22,1737.61,1737.61,-0.04,3.39,5592.4,-1
2023-02-23,2023-02-23 12:23:00,1737.61,1737.61,1737.0,1737.0,-0.04,3.39,5592.4,-1
2023-02-23,2023-02-23 12:24:00,1737.0,1737.0,1736.39,1736.39,-0.04,3.39,5592.4,-1
2023-02-23,2023-02-23 12:25:00,1736.39,1736.39,1735.78,1735.78,-0.04,3.39,5592.4,-1
2023-02-23,2023-02-23 12:26:00,1735.78,1735.78,1735.17,1735.17,-0.04,3.39,5592.4,-1
2023-02-23,2023-02-23 12:27:00,1735.17,1735.17,1734.57,1734.57,-0.03,3.39,5592.4,-1
2023-02-23,2023-02-23 12:28:00,1734.57,1734.57,1733.96,1733.96,-0.04,3.39,5592.4,-1
2023-02-23,2023-02-23 12:29:00,1733.96,1733.96,1733.35,1733.35,-0.04,3.39,5592.4,-1
2023-02-23,2023-02-23 12:30:00,1733.35,1733.35,1732.74,1732.74,-0.04,3.39,5592.4,-1
2023-02-23,2023-02-23 12:31:00,1732.74,1732.74,1732.13,1732.13,-0.04,3.39,5592.4,-1
2023-02-23,2023-02-23 12:32:00,1732.13,1732.13,1731.52,1731.52,-0.04,3.39,5592.4,-1
2023-02-23,2023-02-23 12:33:00,1731.52,1731.52,1730.92,1730.92,-0.03,3.39,5592.4,-1
2023-02-23,2023-02-23 12:34:00,1730.92,1730.92,1730.31,1730.31,-0.04,3.39,5592.4,-1
2023-02-23,2023-02-23 12:35:00,1730.31,1730.31,1729.7,1729.7,-0.04,3.39,5592.4,-1
2023-02-23,2023-02-23 12:36:00,1729.7,1729.7,1729.09,1729.09,-0.04,3.39,5592.4,-1
2023-02-23,2023-02-23 12:37:00,1729.09,1729.09,1728.48,1728.48,-0.04,3.39,5592.4,-1
2023-02-23,2023-02-23 12:38:00,1728.48,1728.48,1727.88,1727.88,-0.03,3.39,5592.4,-1
2023-02-23,2023-02-23 12:39:00,1727.88,1727.88,1727.27,1727.27,-0.04,3.39,5592.4,-1
2023-02-23,2023-02-23 12:40:00,1727.27,1727.27,1726.66,1726.66,-0.04,3.39,5592.4,-1
2023-02-23,2023-02-23 12:41:00,1726.66,1726.66,1726.05,1726.05,-0.04,3.39,5592.4,-1
2023-02-23,2023-02-23 12:42:00,1726.05,1726.05,1725.44,1725.44,-0.04,3.39,5592.4,-1
2023-02-23,2023-02-23 12:43:00,1725.44,1725.44,1724.83,1724.83,-0.04,3.39,5592.4,-1
2023-02-23,2023-02-23 12:44:00,1724.83,1724.83,1724.22,1724.22,-0.04,3.39,5592.4,-1
2023-02-23,2023-02-23 12:45:00,1724.22,1724.22,1723.62,1723.62,-0.03,3.39,5592.4,-1
2023-02-23,2023-02-23 12:46:00,1723.62,1723.62,1723.01,1723.01,-0.04,3.39,5592.4,-1
2023-02-23,2023-02-23 12:47:00,1723.01,1723.01,1722.4,1722.4,-0.04,3.39,5592.4,-1
2023-02-23,2023-02-23 12:48:00,1722.4,1722.4,1721.79,1721.79,-0.04,3.39,5592.4,-1
2023-02-23,2023-02-23 12:49:00,1721.79,1721.79,1721.18,1721.18,-0.04,3.39,5592.4,-1
2023-02-23,2023-02-23 12:50:00,1721.18,1721.18,1720.57,1720.57,-0.04,3.39,5592.4,-1
2023-02-23,2023-02-23 12:51:00,1720.57,1720.57,1719.97,1719.97,-0.03,3.39,5592.4,-1
2023-02-23,2023-02-23 12:52:00,1719.97,1719.97,1719.36,1719.36,-0.04,3.39,5592.4,-1
2023-02-23,2023-02-23 12:53:00,1719.36,1719.36,1718.75,1718.75,-0.04,3.39,5592.4,-1
2023-02-23,2023-02-23 12:54:00,1718.75,1718.75,1718.14,1718.14,-0.04,3.39,5592.4,-1
2023-02-23,2023-02-23 12:55:00,1718.14,1718.14,1717.53,1717.53,-0.04,3.39,5592.4,-1
2023-02-23,2023-02-23 12:56:00,1717.53,1717.53,1716.92,1716.92,-0.04,3.39,5592.4,-1
2023-02-23,2023-02-23 12:57:00,1716.92,1716.92,1716.32,1716.32,-0.03,3.39,5592.4,-1
2023-02-23,2023-02-23 12:58:00,1716.32,1716.32,1715.71,1715.71,-0.04,3.39,5592.4,-1
2023-02-23,2023-02-23 12:59:00,1715.71,1715.71,1715.1,1715.1,-0.04,3.39,5592.4,-1
2023-02-23,2023-02-23 13:00:00,1715.1,1788.1,1642.1,1714.49,-0.04,3.39,5592.4,-1
2023-02-23,2023-02-23 13:01:00,1714.49,1714.49,1713.88,1713.88,-0.04,3.39,5592.4,-1
2023-02-23,2023-02-23 13:02:00,1713.88,1713.88,1713.27,1713.27,-0.04,3.39,5592.4,-1
2023-02-23,2023-02-23 13:03:00,1713.27,1713.27,1712.67,1712.67,-0.04,3.39,5592.4,-1
2023-02-23,2023-02-23 13:04:00,1712.67,1712.67,1712.06,1712.06,-0.04,3.39,5592.4,-1
2023-02-23,2023-02-23 13:05:00,1712.06,1712.06,1711.45,1711.45,-0.04,3.39,5592.4,-1
2023-02-23,2023-02-23 13:06:00,1711.45,1711.45,1710.84,1710.84,-0.04,3.39,5592.4,-1
2023-02-23,2023-02-23 13:07:00,1710.84,1710.84,1710.23,1710.23,-0.04,3.39,5592.4,-1
2023-02-23,2023-02-23 13:08:00,1710.23,1710.23,1709.62,1709.62,-0.04,3.39,5592.4,-1
2023-02-23,2023-02-23 13:09:00,1709.62,1709.62,1709.02,1709.02,-0.04,3.39,5592.4,-1
2023-02-23,2023-02-23 13:10:00,1709.02,1709.02,1708.41,1708.41,-0.04,3.39,5592.4,-1
2023-02-23,2023-02-23 13:11:00,1708.41,1708.41,1707.8,1707.8,-0.04,3.39,5592.4,-1
2023-02-23,2023-02-23 13:12:00,1707.8,1707.8,1707.19,1707.19,-0.04,3.39,5592.4,-1
2023-02-23,2023-02-23 13:13:00,1707.19,1707.19,1706.58,1706.58,-0.04,3.39,5592.4,-1
2023-02-23,2023-02-23 13:14:00,1706.58,1706.58,1705.97,1705.97,-0.04,3.39,5592.4,-1
2023-02-23,2023-02-23 13:15:00,1705.97,1705.97,1705.37,1705.37,-0.04,3.39,5592.4,-1
2023-02-23,2023-02-23 13:16:00,1705.37,1705.37,1704.76,1704.76,-0.04,3.39,5592.4,-1
2023-02-23,2023-02-23 13:17:00,1704.76,1704.76,1704.15,1704.15,-0.04,3.39,5592.4,-1
2023-02-23,2023-02-23 13:18:00,1704.15,1704.15,1703.54,1703.54,-0.04,3.39,5592.4,-1
2023-02-23,2023-02-23 13:19:00,1703.54,1703.54,1702.93,1702.93,-0.04,3.39,5592.4,-1
2023-02-23,2023-02-23 13:20:00,1702.93,1702.93,1702.32,1702.32,-0.04,3.39,5592.4,-1
2023-02-23,2023-02-23 13:21:00,1702.32,1702.32,1701.72,1701.72,-0.04,3.39,5592.4,-1
2023-02-23,2023-02-23 13:22:00,1701.72,1701.72,1701.11,1701.11,-0.04,3.39,5592.4,-1
2023-02-23,2023-02-23 13:23:00,1701.11,1701.11,1700.5,1700.5,-0.04,3.39,5592.4,-1
2023-02-23,2023-02-23 13:24:00,1700.5,1700.5,1699.89,1699.89,-0.04,3.39,5592.4,-1
2023-02-23,2023-02-23 13:25:00,1699.89,1699.89,1699.28,1699.28,-0.04,3.39,5592.4,-1
2023-02-23,2023-02-23 13:26:00,1699.28,1699.28,1698.67,1698.67,-0.04,3.39,5592.4,-1
2023-02-23,2023-02-23 13:27:00,1698.67,1698.67,1698.07,1698.07,-0.04,3.39,5592.4,-1
2023-02-23,2023-02-23 13:28:00,1698.07,1698.07,1697.46,1697.46,-0.04,3.39,5592.4,-1
2023-02-23,2023-02-23 13:29:00,1697.46,1697.46,1696.85,1696.85,-0.04,3.39,5592.4,-1
2023-02-23,2023-02-23 13:30:00,1696.85,1696.85,1696.24,1696.24,-0.04,3.39,5592.4,-1
2023-02-23,2023-02-23 13:31:00,1696.24,1696.24,1695.63,1695.63,-0.04,3.39,5592.4,-1
2023-02-23,2023-02-23 13:32:00,1695.63,1695.63,1695.02,1695.02,-0.04,3.39,5592.4,-1
2023-02-23,2023-02-23 13:33:00,1695.02,1695.02,1694.42,1694.42,-0.04,3.39,5592.4,-1
2023-02-23,2023-02-23 13:34:00,1694.42,1694.42,1693.81,1693.81,-0.04,3.39,5592.4,-1
2023-02-23,2023-02-23 13:35:00,1693.81,1693.81,1693.2,1693.2,-0.04,3.39,5592.4,-1
2023-02-23,2023-02-23 13:36:00,1693.2,1693.2,1692.59,1692.59,-0.04,3.39,5592.4,-1
2023-02-23,2023-02-23 13:37:00,1692.59,1692.59,1691.98,1691.98,-0.04,3.39,5592.4,-1
2023-02-23,2023-02-23 13:38:00,1691.98,1691.98,1691.38,1691.38,-0.04,3.39,5592.4,-1
2023-02-23,2023-02-23 13:39:00,1691.38,1691.38,1690.77,1690.77,-0.04,3.39,5592.4,-1
2023-02-23,2023-02-23 13:40:00,1690.77,1690.77,1690.16,1690.16,-0.04,3.39,5592.4,-1
2023-02-23,2023-02-23 13:41:00,1690.16,1690.16,1689.55,1689.55,-0.04,3.39,5592.4,-1
2023-02-23,2023-02-23 13:42:00,1689.55,1689.55,1688.94,1688.94,-0.04,3.39,5592.4,-1
2023-02-23,2023-02-23 13:43:00,1688.94,1688.94,1688.33,1688.33,-0.04,3.39,5592.4,-1
2023-02-23,2023-02-23 13:44:00,1688.33,1688.33,1687.72,1687.72,-0.04,3.39,5592.4,-1
2023-02-23,2023-02-23 13:45:00,1687.72,1687.72,1687.12,1687.12,-0.04,3.39,5592.4,-1
2023-02-23,2023-02-23 13:46:00,1687.12,1687.12,1686.51,1686.51,-0.04,3.39,5592.4,-1
2023-02-23,2023-02-23 13:47:00,1686.51,1686.51,1685.9,1685.9,-0.04,3.39,5592.4,-1
2023-02-23,2023-02-23 13:48:00,1685.9,1685.9,1685.29,1685.29,-0.04,3.39,5592.4,-1
2023-02-23,2023-02-23 13:49:00,1685.29,1685.29,1684.68,1684.68,-0.04,3.39,5592.4,-1
2023-02-23,2023-02-23 13:50:00,1684.68,1684.68,1684.07,1684.07,-0.04,3.39,5592.4,-1
2023-02-23,2023-02-23 13:51:00,1684.07,1684.07,1683.47,1683.47,-0.04,3.39,5592.4,-1
2023-02-23,2023-02-23 13:52:00,1683.47,1683.47,1682.86,1682.86,-0.04,3.39,5592.4,-1
2023-02-23,2023-02-23 13:53:00,1682.86,1682.86,1682.25,1682.25,-0.04,3.39,5592.4,-1
2023-02-23,2023-02-23 13:54:00,1682.25,1682.25,1681.64,1681.64,-0.04,3.39,5592.4,-1
2023-02-23,2023-02-23 13:55:00,1681.64,1681.64,1681.03,1681.03,-0.04,3.39,5592.4,-1
2023-02-23,2023-02-23 13:56:00,1681.03,1681.03,1680.42,1680.42,-0.04,3.39,5592.4,-1
2023-02-23,2023-02-23 13:57:00,1680.42,1680.42,1679.82,1679.82,-0.04,3.39,5592.4,-1
2023-02-23,2023-02-23 13:58:00,1679.82,1679.82,1679.21,1679.21,-0.04,3.39,5592.4,-1
2023-02-23,2023-02-23 13:59:00,1679.21,1679.21,1678.6,1678.6,-0.04,3.39,5592.4,-1
2023-02-23,2023-02-23 14:00:00,1678.6,1678.6,1677.99,1677.99,-0.04,3.39,5592.4,-1
2023-02-23,2023-02-23 14:01:00,1677.99,1677.99,1677.38,1677.38,-0.04,3.39,5592.4,-1
2023-02-23,2023-02-23 14:02:00,1677.38,1677.38,1676.77,1676.77,-0.04,3.39,5592.4,-1
2023-02-23,2023-02-23 14:03:00,1676.77,1676.77,1676.17,1676.17,-0.04,3.39,5592.4,-1
2023-02-23,2023-02-23 14:04:00,1676.17,1676.17,1675.56,1675.56,-0.04,3.39,5592.4,-1
2023-02-23,2023-02-23 14:05:00,1675.56,1675.56,1674.95,1674.95,-0.04,3.39,5592.4,-1
2023-02-23,2023-02-23 14:06:00,1674.95,1674.95,1674.34,1674.34,-0.04,3.39,5592.4,-1
2023-02-23,2023-02-23 14:07:00,1674.34,1674.34,1673.73,1673.73,-0.04,3.39,5592.4,-1
2023-02-23,2023-02-23 14:08:00,1673.73,1673.73,1673.12,1673.12,-0.04,3.39,5592.4,-1
2023-02-23,2023-02-23 14:09:00,1673.12,1673.12,1672.52,1672.52,-0.04,3.39,5592.4,-1
2023-02-23,2023-02-23 14:10:00,1672.52,1672.52,1671.91,1671.91,-0.04,3.39,5592.4,-1
2023-02-23,2023-02-23 14:11:00,1671.91,1671.91,1671.3,1671.3,-0.04,3.39,5592.4,-1
2023-02-23,2023-02-23 14:12:00,1671.3,1671.3,1670.69,1670.69,-0.04,3.39,5592.4,-1
2023-02-23,2023-02-23 14:13:00,1670.69,1670.69,1670.08,1670.08,-0.04,3.39,5592.4,-1
2023-02-23,2023-02-23 14:14:00,1670.08,1670.08,1669.47,1669.47,-0.04,3.39,5592.4,-1
2023-02-23,2023-02-23 14:15:00,1669.47,1669.47,1668.87,1668.87,-0.04,3.39,5592.4,-1
2023-02-23,2023-02-23 14:16:00,1668.87,1668.87,1668.26,1668.26,-0.04,3.39,5592.4,-1
2023-02-23,2023-02-23 14:17:00,1668.26,1668.26,1667.65,1667.65,-0.04,3.39,5592.4,-1
2023-02-23,2023-02-23 14:18:00,1667.65,1667.65,1667.04,1667.04,-0.04,3.39,5592.4,-1
2023-02-23,2023-02-23 14:19:00,1667.04,1667.04,1666.43,1666.43,-0.04,3.39,5592.4,-1
2023-02-23,2023-02-23 14:20:00,1666.43,1666.43,1665.82,1665.82,-0.04,3.39,5592.4,-1
2023-02-23,2023-02-23 14:21:00,1665.82,1665.82,1665.22,1665.22,-0.04,3.39,5592.4,-1
2023-02-23,2023-02-23 14:22:00,1665.22,1665.22,1664.61,1664.61,-0.04,3.39,5592.4,-1
2023-02-23,2023-02-23 14:23:00,1664.61,1664.61,1664.0,1664.0,-0.04,3.39,5592.4,-1
2023-02-23,2023-02-23 14:24:00,1664.0,1664.0,1663.39,1663.39,-0.04,3.39,5592.4,-1
2023-02-23,2023-02-23 14:25:00,1663.39,1663.39,1662.78,1662.78,-0.04,3.39,5592.4,-1
2023-02-23,2023-02-23 14:26:00,1662.78,1662.78,1662.17,1662.17,-0.04,3.39,5592.4,-1
2023-02-23,2023-02-23 14:27:00,1662.17,1662.17,1661.57,1661.57,-0.04,3.39,5592.4,-1
2023-02-23,2023-02-23 14:28:00,1661.57,1661.57,1660.96,1660.96,-0.04,3.39,5592.4,-1
2023-02-23,2023-02-23 14:29:00,1660.96,1660.96,1660.35,1660.35,-0.04,3.39,5592.4,-1
2023-02-23,2023-02-23 14:30:00,1660.35,1660.35,1659.74,1659.74,-0.04,3.39,5592.4,-1
2023-02-23,2023-02-23 14:31:00,1659.74,1659.74,1659.13,1659.13,-0.04,3.39,5592.4,-1
2023-02-23,2023-02-23 14:32:00,1659.13,1659.13,1658.52,1658.52,-0.04,3.39,5592.4,-1
2023-02-23,2023-02-23 14:33:00,1658.52,1658.52,1657.92,1657.92,-0.04,3.39,5592.4,-1
2023-02-23,2023-02-23 14:34:00,1657.92,1657.92,1657.31,1657.31,-0.04,3.39,5592.4,-1
2023-02-23,2023-02-23 14:35:00,1657.31,1657.31,1656.7,1656.7,-0.04,3.39,5592.4,-1
2023-02-23,2023-02-23 14:36:00,1656.7,1656.7,1656.09,1656.09,-0.04,3.39,5592.4,-1
2023-02-23,2023-02-23 14:37:00,1656.09,1656.09,1655.48,1655.48,-0.04,3.39,5592.4,-1
2023-02-23,2023-02-23 14:38:00,1655.48,1655.48,1654.88,1654.88,-0.04,3.39,5592.4,-1
2023-02-23,2023-02-23 14:39:00,1654.88,1654.88,1654.27,1654.27,-0.04,3.39,5592.4,-1
2023-02-23,2023-02-23 14:40:00,1654.27,1654.27,1653.66,1653.66,-0.04,3.39,5592.4,-1
2023-02-23,2023-02-23 14:41:00,1653.66,1653.66,1653.05,1653.05,-0.04,3.39,5592.4,-1
2023-02-23,2023-02-23 14:42:00,1653.05,1653.05,1652.44,1652.44,-0.04,3.39,5592.4,-1
2023-02-23,2023-02-23 14:43:00,1652.44,1652.44,1651.83,1651.83,-0.04,3.39,5592.4,-1
2023-02-23,2023-02-23 14:44:00,1651.83,1651.83,1651.22,1651.22,-0.04,3.39,5592.4,-1
2023-02-23,2023-02-23 14:45:00,1651.22,1651.22,1650.62,1650.62,-0.04,3.39,5592.4,-1
2023-02-23,2023-02-23 14:46:00,1650.62,1650.62,1650.01,1650.01,-0.04,3.39,5592.4,-1
2023-02-23,2023-02-23 14:47:00,1650.01,1650.01,1649.4,1649.4,-0.04,3.39,5592.4,-1
2023-02-23,2023-02-23 14:48:00,1649.4,1649.4,1648.79,1648.79,-0.04,3.39,5592.4,-1
2023-02-23,2023-02-23 14:49:00,1648.79,1648.79,1648.18,1648.18,-0.04,3.39,5592.4,-1
2023-02-23,2023-02-23 14:50:00,1648.18,1648.18,1647.57,1647.57,-0.04,3.39,5592.4,-1
2023-02-23,2023-02-23 14:51:00,1647.57,1647.57,1646.97,1646.97,-0.04,3.39,5592.4,-1
2023-02-23,2023-02-23 14:52:00,1646.97,1646.97,1646.36,1646.36,-0.04,3.39,5592.4,-1
2023-02-23,2023-02-23 14:53:00,1646.36,1646.36,1645.75,1645.75,-0.04,3.39,5592.4,-1
2023-02-23,2023-02-23 14:54:00,1645.75,1645.75,1645.14,1645.14,-0.04,3.39,5592.4,-1
2023-02-23,2023-02-23 14:55:00,1645.14,1645.14,1644.53,1644.53,-0.04,3.39,5592.4,-1
2023-02-23,2023-02-23 14:56:00,1644.53,1644.53,1643.92,1643.92,-0.04,3.39,5592.4,-1
2023-02-23,2023-02-23 14:57:00,1643.92,1643.92,1643.32,1643.32,-0.04,3.39,5592.4,-1
2023-02-23,2023-02-23 14:58:00,1643.32,1643.32,1642.71,1642.71,-0.04,3.39,5592.4,-1
2023-02-23,2023-02-23 14:59:00,1642.71,1642.71,1642.1,1642.1,-0.04,3.39,5592.4,-1
2023-02-23,2023-02-23 15:00:00,1642.1,1788.1,1642.1,1642.1,0.0,3.39,5592.4,0
2023-02-26,2023-02-26 11:00:00,1609.3,1633.51,1569.88,1609.64,0.02,21.22,32326.6,1
2023-02-26,2023-02-26 11:01:00,1609.64,1609.97,1609.64,1609.97,0.02,21.22,32326.6,1
2023-02-26,2023-02-26 11:02:00,1609.97,1610.31,1609.97,1610.31,0.02,21.22,32326.6,1
2023-02-26,2023-02-26 11:03:00,1610.31,1610.64,1610.31,1610.64,0.02,21.22,32326.6,1
2023-02-26,2023-02-26 11:04:00,1610.64,1610.98,1610.64,1610.98,0.02,21.22,32326.6,1
2023-02-26,2023-02-26 11:05:00,1610.98,1611.32,1610.98,1611.32,0.02,21.22,32326.6,1
2023-02-26,2023-02-26 11:06:00,1611.32,1611.65,1611.32,1611.65,0.02,21.22,32326.6,1
2023-02-26,2023-02-26 11:07:00,1611.65,1611.99,1611.65,1611.99,0.02,21.22,32326.6,1
2023-02-26,2023-02-26 11:08:00,1611.99,1612.33,1611.99,1612.33,0.02,21.22,32326.6,1
2023-02-26,2023-02-26 11:09:00,1612.33,1612.66,1612.33,1612.66,0.02,21.22,32326.6,1
2023-02-26,2023-02-26 11:10:00,1612.66,1613.0,1612.66,1613.0,0.02,21.22,32326.6,1
2023-02-26,2023-02-26 11:11:00,1613.0,1613.34,1613.0,1613.34,0.02,21.22,32326.6,1
2023-02-26,2023-02-26 11:12:00,1613.34,1613.67,1613.34,1613.67,0.02,21.22,32326.6,1
2023-02-26,2023-02-26 11:13:00,1613.67,1614.01,1613.67,1614.01,0.02,21.22,32326.6,1
2023-02-26,2023-02-26 11:14:00,1614.01,1614.34,1614.01,1614.34,0.02,21.22,32326.6,1
2023-02-26,2023-02-26 11:15:00,1614.34,1614.68,1614.34,1614.68,0.02,21.22,32326.6,1
2023-02-26,2023-02-26 11:16:00,1614.68,1615.02,1614.68,1615.02,0.02,21.22,32326.6,1
2023-02-26,2023-02-26 11:17:00,1615.02,1615.35,1615.02,1615.35,0.02,21.22,32326.6,1
2023-02-26,2023-02-26 11:18:00,1615.35,1615.69,1615.35,1615.69,0.02,21.22,32326.6,1
2023-02-26,2023-02-26 11:19:00,1615.69,1616.02,1615.69,1616.02,0.02,21.22,32326.6,1
2023-02-26,2023-02-26 11:20:00,1616.02,1616.36,1616.02,1616.36,0.02,21.22,32326.6,1
2023-02-26,2023-02-26 11:21:00,1616.36,1616.7,1616.36,1616.7,0.02,21.22,32326.6,1
2023-02-26,2023-02-26 11:22:00,1616.7,1617.03,1616.7,1617.03,0.02,21.22,32326.6,1
2023-02-26,2023-02-26 11:23:00,1617.03,1617.37,1617.03,1617.37,0.02,21.22,32326.6,1
2023-02-26,2023-02-26 11:24:00,1617.37,1617.71,1617.37,1617.71,0.02,21.22,32326.6,1
2023-02-26,2023-02-26 11:25:00,1617.71,1618.04,1617.71,1618.04,0.02,21.22,32326.6,1
2023-02-26,2023-02-26 11:26:00,1618.04,1618.38,1618.04,1618.38,0.02,21.22,32326.6,1
2023-02-26,2023-02-26 11:27:00,1618.38,1618.71,1618.38,1618.71,0.02,21.22,32326.6,1
2023-02-26,2023-02-26 11:28:00,1618.71,1619.05,1618.71,1619.05,0.02,21.22,32326.6,1
2023-02-26,2023-02-26 11:29:00,1619.05,1619.39,1619.05,1619.39,0.02,21.22,32326.6,1
2023-02-26,2023-02-26 11:30:00,1619.39,1619.72,1619.39,1619.72,0.02,21.22,32326.6,1
2023-02-26,2023-02-26 11:31:00,1619.72,1620.06,1619.72,1620.06,0.02,21.22,32326.6,1
2023-02-26,2023-02-26 11:32:00,1620.06,1620.4,1620.06,1620.4,0.02,21.22,32326.6,1
2023-02-26,2023-02-26 11:33:00,1620.4,1620.73,1620.4,1620.73,0.02,21.22,32326.6,1
2023-02-26,2023-02-26 11:34:00,1620.73,1621.07,1620.73,1621.07,0.02,21.22,32326.6,1
2023-02-26,2023-02-26 11:35:00,1621.07,1621.4,1621.07,1621.4,0.02,21.22,32326.6,1
2023-02-26,2023-02-26 11:36:00,1621.4,1621.74,1621.4,1621.74,0.02,21.22,32326.6,1
2023-02-26,2023-02-26 11:37:00,1621.74,1622.08,1621.74,1622.08,0.02,21.22,32326.6,1
2023-02-26,2023-02-26 11:38:00,1622.08,1622.41,1622.08,1622.41,0.02,21.22,32326.6,1
2023-02-26,2023-02-26 11:39:00,1622.41,1622.75,1622.41,1622.75,0.02,21.22,32326.6,1
2023-02-26,2023-02-26 11:40:00,1622.75,1623.09,1622.75,1623.09,0.02,21.22,32326.6,1
2023-02-26,2023-02-26 11:41:00,1623.09,1623.42,1623.09,1623.42,0.02,21.22,32326.6,1
2023-02-26,2023-02-26 11:42:00,1623.42,1623.76,1623.42,1623.76,0.02,21.22,32326.6,1
2023-02-26,2023-02-26 11:43:00,1623.76,1624.1,1623.76,1624.1,0.02,21.22,32326.6,1
2023-02-26,2023-02-26 11:44:00,1624.1,1624.43,1624.1,1624.43,0.02,21.22,32326.6,1
2023-02-26,2023-02-26 11:45:00,1624.43,1624.77,1624.43,1624.77,0.02,21.22,32326.6,1
2023-02-26,2023-02-26 11:46:00,1624.77,1625.1,1624.77,1625.1,0.02,21.22,32326.6,1
2023-02-26,2023-02-26 11:47:00,1625.1,1625.44,1625.1,1625.44,0.02,21.22,32326.6,1
2023-02-26,2023-02-26 11:48:00,1625.44,1625.78,1625.44,1625.78,0.02,21.22,32326.6,1
2023-02-26,2023-02-26 11:49:00,1625.78,1626.11,1625.78,1626.11,0.02,21.22,32326.6,1
2023-02-26,2023-02-26 11:50:00,1626.11,1626.45,1626.11,1626.45,0.02,21.22,32326.6,1
2023-02-26,2023-02-26 11:51:00,1626.45,1626.78,1626.45,1626.78,0.02,21.22,32326.6,1
2023-02-26,2023-02-26 11:52:00,1626.78,1627.12,1626.78,1627.12,0.02,21.22,32326.6,1
2023-02-26,2023-02-26 11:53:00,1627.12,1627.46,1627.12,1627.46,0.02,21.22,32326.6,1
2023-02-26,2023-02-26 11:54:00,1627.46,1627.79,1627.46,1627.79,0.02,21.22,32326.6,1
2023-02-26,2023-02-26 11:55:00,1627.79,1628.13,1627.79,1628.13,0.02,21.22,32326.6,1
2023-02-26,2023-02-26 11:56:00,1628.13,1628.47,1628.13,1628.47,0.02,21.22,32326.6,1
2023-02-26,2023-02-26 11:57:00,1628.47,1628.8,1628.47,1628.8,0.02,21.22,32326.6,1
2023-02-26,2023-02-26 11:58:00,1628.8,1629.14,1628.8,1629.14,0.02,21.22,32326.6,1
2023-02-26,2023-02-26 11:59:00,1629.14,1629.47,1629.14,1629.47,0.02,21.22,32326.6,1
2023-02-26,2023-02-26 12:00:00,1629.47,1629.81,1629.47,1629.81,0.02,21.22,32326.6,1
2023-02-26,2023-02-26 12:01:00,1629.81,1630.15,1629.81,1630.15,0.02,21.22,32326.6,1
2023-02-26,2023-02-26 12:02:00,1630.15,1630.48,1630.15,1630.48,0.02,21.22,32326.6,1
2023-02-26,2023-02-26 12:03:00,1630.48,1630.82,1630.48,1630.82,0.02,21.22,32326.6,1
2023-02-26,2023-02-26 12:04:00,1630.82,1631.16,1630.82,1631.16,0.02,21.22,32326.6,1
2023-02-26,2023-02-26 12:05:00,1631.16,1631.49,1631.16,1631.49,0.02,21.22,32326.6,1
2023-02-26,2023-02-26 12:06:00,1631.49,1631.83,1631.49,1631.83,0.02,21.22,32326.6,1
2023-02-26,2023-02-26 12:07:00,1631.83,1632.16,1631.83,1632.16,0.02,21.22,32326.6,1
2023-02-26,2023-02-26 12:08:00,1632.16,1632.5,1632.16,1632.5,0.02,21.22,32326.6,1
2023-02-26,2023-02-26 12:09:00,1632.5,1632.84,1632.5,1632.84,0.02,21.22,32326.6,1
2023-02-26,2023-02-26 12:10:00,1632.84,1633.17,1632.84,1633.17,0.02,21.22,32326.6,1
2023-02-26,2023-02-26 12:11:00,1633.17,1633.51,1633.17,1633.51,0.02,21.22,32326.6,1
2023-02-26,2023-02-26 12:12:00,1633.51,1633.85,1633.51,1633.85,0.02,21.22,32326.6,1
2023-02-26,2023-02-26 12:13:00,1633.85,1634.18,1633.85,1634.18,0.02,21.22,32326.6,1
2023-02-26,2023-02-26 12:14:00,1634.18,1634.52,1634.18,1634.52,0.02,21.22,32326.6,1
2023-02-26,2023-02-26 12:15:00,1634.52,1634.86,1634.52,1634.86,0.02,21.22,32326.6,1
2023-02-26,2023-02-26 12:16:00,1634.86,1635.19,1634.86,1635.19,0.02,21.22,32326.6,1
2023-02-26,2023-02-26 12:17:00,1635.19,1635.53,1635.19,1635.53,0.02,21.22,32326.6,1
2023-02-26,2023-02-26 12:18:00,1635.53,1635.86,1635.53,1635.86,0.02,21.22,32326.6,1
2023-02-26,2023-02-26 12:19:00,1635.86,1636.2,1635.86,1636.2,0.02,21.22,32326.6,1
2023-02-26,2023-02-26 12:20:00,1636.2,1636.54,1636.2,1636.54,0.02,21.22,32326.6,1
2023-02-26,2023-02-26 12:21:00,1636.54,1636.87,1636.54,1636.87,0.02,21.22,32326.6,1
2023-02-26,2023-02-26 12:22:00,1636.87,1637.21,1636.87,1637.21,0.02,21.22,32326.6,1
2023-02-26,2023-02-26 12:23:00,1637.21,1637.55,1637.21,1637.55,0.02,21.22,32326.6,1
2023-02-26,2023-02-26 12:24:00,1637.55,1637.88,1637.55,1637.88,0.02,21.22,32326.6,1
2023-02-26,2023-02-26 12:25:00,1637.88,1638.22,1637.88,1638.22,0.02,21.22,32326.6,1
2023-02-26,2023-02-26 12:26:00,1638.22,1638.55,1638.22,1638.55,0.02,21.22,32326.6,1
2023-02-26,2023-02-26 12:27:00,1638.55,1638.89,1638.55,1638.89,0.02,21.22,32326.6,1
2023-02-26,2023-02-26 12:28:00,1638.89,1639.23,1638.89,1639.23,0.02,21.22,32326.6,1
2023-02-26,2023-02-26 12:29:00,1639.23,1639.56,1639.23,1639.56,0.02,21.22,32326.6,1
2023-02-26,2023-02-26 12:30:00,1639.56,1639.9,1639.56,1639.9,0.02,21.22,32326.6,1
2023-02-26,2023-02-26 12:31:00,1639.9,1640.23,1639.9,1640.23,0.02,21.22,32326.6,1
2023-02-26,2023-02-26 12:32:00,1640.23,1640.57,1640.23,1640.57,0.02,21.22,32326.6,1
2023-02-26,2023-02-26 12:33:00,1640.57,1640.91,1640.57,1640.91,0.02,21.22,32326.6,1
2023-02-26,2023-02-26 12:34:00,1640.91,1641.24,1640.91,1641.24,0.02,21.22,32326.6,1
2023-02-26,2023-02-26 12:35:00,1641.24,1641.58,1641.24,1641.58,0.02,21.22,32326.6,1
2023-02-26,2023-02-26 12:36:00,1641.58,1641.92,1641.58,1641.92,0.02,21.22,32326.6,1
2023-02-26,2023-02-26 12:37:00,1641.92,1642.25,1641.92,1642.25,0.02,21.22,32326.6,1
2023-02-26,2023-02-26 12:38:00,1642.25,1642.59,1642.25,1642.59,0.02,21.22,32326.6,1
2023-02-26,2023-02-26 12:39:00,1642.59,1642.92,1642.59,1642.92,0.02,21.22,32326.6,1
2023-02-26,2023-02-26 12:40:00,1642.92,1643.26,1642.92,1643.26,0.02,21.22,32326.6,1
2023-02-26,2023-02-26 12:41:00,1643.26,1643.6,1643.26,1643.6,0.02,21.22,32326.6,1
2023-02-26,2023-02-26 12:42:00,1643.6,1643.93,1643.6,1643.93,0.02,21.22,32326.6,1
2023-02-26,2023-02-26 12:43:00,1643.93,1644.27,1643.93,1644.27,0.02,21.22,32326.6,1
2023-02-26,2023-02-26 12:44:00,1644.27,1644.61,1644.27,1644.61,0.02,21.22,32326.6,1
2023-02-26,2023-02-26 12:45:00,1644.61,1644.94,1644.61,1644.94,0.02,21.22,32326.6,1
2023-02-26,2023-02-26 12:46:00,1644.94,1645.28,1644.94,1645.28,0.02,21.22,32326.6,1
2023-02-26,2023-02-26 12:47:00,1645.28,1645.62,1645.28,1645.62,0.02,21.22,32326.6,1
2023-02-26,2023-02-26 12:48:00,1645.62,1645.95,1645.62,1645.95,0.02,21.22,32326.6,1
2023-02-26,2023-02-26 12:49:00,1645.95,1646.29,1645.95,1646.29,0.02,21.22,32326.6,1
2023-02-26,2023-02-26 12:50:00,1646.29,1646.62,1646.29,1646.62,0.02,21.22,32326.6,1
2023-02-26,2023-02-26 12:51:00,1646.62,1646.96,1646.62,1646.96,0.02,21.22,32326.6,1
2023-02-26,2023-02-26 12:52:00,1646.96,1647.3,1646.96,1647.3,0.02,21.22,32326.6,1
2023-02-26,2023-02-26 12:53:00,1647.3,1647.63,1647.3,1647.63,0.02,21.22,32326.6,1
2023-02-26,2023-02-26 12:54:00,1647.63,1647.97,1647.63,1647.97,0.02,21.22,32326.6,1
2023-02-26,2023-02-26 12:55:00,1647.97,1648.31,1647.97,1648.31,0.02,21.22,32326.6,1
2023-02-26,2023-02-26 12:56:00,1648.31,1648.64,1648.31,1648.64,0.02,21.22,32326.6,1
2023-02-26,2023-02-26 12:57:00,1648.64,1648.98,1648.64,1648.98,0.02,21.22,32326.6,1
2023-02-26,2023-02-26 12:58:00,1648.98,1649.31,1648.98,1649.31,0.02,21.22,32326.6,1
2023-02-26,2023-02-26 12:59:00,1649.31,1649.65,1649.31,1649.65,0.02,21.22,32326.6,1
2023-02-26,2023-02-26 13:00:00,1649.65,1690.0,1477.9,1649.99,0.02,21.22,32326.6,1
2023-02-26,2023-02-26 13:01:00,1649.99,1650.32,1649.99,1650.32,0.02,21.22,32326.6,1
2023-02-26,2023-02-26 13:02:00,1650.32,1650.66,1650.32,1650.66,0.02,21.22,32326.6,1
2023-02-26,2023-02-26 13:03:00,1650.66,1650.99,1650.66,1650.99,0.02,21.22,32326.6,1
2023-02-26,2023-02-26 13:04:00,1650.99,1651.33,1650.99,1651.33,0.02,21.22,32326.6,1
2023-02-26,2023-02-26 13:05:00,1651.33,1651.67,1651.33,1651.67,0.02,21.22,32326.6,1
2023-02-26,2023-02-26 13:06:00,1651.67,1652.0,1651.67,1652.0,0.02,21.22,32326.6,1
2023-02-26,2023-02-26 13:07:00,1652.0,1652.34,1652.0,1652.34,0.02,21.22,32326.6,1
2023-02-26,2023-02-26 13:08:00,1652.34,1652.68,1652.34,1652.68,0.02,21.22,32326.6,1
2023-02-26,2023-02-26 13:09:00,1652.68,1653.01,1652.68,1653.01,0.02,21.22,32326.6,1
2023-02-26,2023-02-26 13:10:00,1653.01,1653.35,1653.01,1653.35,0.02,21.22,32326.6,1
2023-02-26,2023-02-26 13:11:00,1653.35,1653.68,1653.35,1653.68,0.02,21.22,32326.6,1
2023-02-26,2023-02-26 13:12:00,1653.68,1654.02,1653.68,1654.02,0.02,21.22,32326.6,1
2023-02-26,2023-02-26 13:13:00,1654.02,1654.36,1654.02,1654.36,0.02,21.22,32326.6,1
2023-02-26,2023-02-26 13:14:00,1654.36,1654.69,1654.36,1654.69,0.02,21.22,32326.6,1
2023-02-26,2023-02-26 13:15:00,1654.69,1655.03,1654.69,1655.03,0.02,21.22,32326.6,1
2023-02-26,2023-02-26 13:16:00,1655.03,1655.37,1655.03,1655.37,0.02,21.22,32326.6,1
2023-02-26,2023-02-26 13:17:00,1655.37,1655.7,1655.37,1655.7,0.02,21.22,32326.6,1
2023-02-26,2023-02-26 13:18:00,1655.7,1656.04,1655.7,1656.04,0.02,21.22,32326.6,1
2023-02-26,2023-02-26 13:19:00,1656.04,1656.38,1656.04,1656.38,0.02,21.22,32326.6,1
2023-02-26,2023-02-26 13:20:00,1656.38,1656.71,1656.38,1656.71,0.02,21.22,32326.6,1
2023-02-26,2023-02-26 13:21:00,1656.71,1657.05,1656.71,1657.05,0.02,21.22,32326.6,1
2023-02-26,2023-02-26 13:22:00,1657.05,1657.38,1657.05,1657.38,0.02,21.22,32326.6,1
2023-02-26,2023-02-26 13:23:00,1657.38,1657.72,1657.38,1657.72,0.02,21.22,32326.6,1
2023-02-26,2023-02-26 13:24:00,1657.72,1658.06,1657.72,1658.06,0.02,21.22,32326.6,1
2023-02-26,2023-02-26 13:25:00,1658.06,1658.39,1658.06,1658.39,0.02,21.22,32326.6,1
2023-02-26,2023-02-26 13:26:00,1658.39,1658.73,1658.39,1658.73,0.02,21.22,32326.6,1
2023-02-26,2023-02-26 13:27:00,1658.73,1659.07,1658.73,1659.07,0.02,21.22,32326.6,1
2023-02-26,2023-02-26 13:28:00,1659.07,1659.4,1659.07,1659.4,0.02,21.22,32326.6,1
2023-02-26,2023-02-26 13:29:00,1659.4,1659.74,1659.4,1659.74,0.02,21.22,32326.6,1
2023-02-26,2023-02-26 13:30:00,1659.74,1660.07,1659.74,1660.07,0.02,21.22,32326.6,1
2023-02-26,2023-02-26 13:31:00,1660.07,1660.41,1660.07,1660.41,0.02,21.22,32326.6,1
2023-02-26,2023-02-26 13:32:00,1660.41,1660.75,1660.41,1660.75,0.02,21.22,32326.6,1
2023-02-26,2023-02-26 13:33:00,1660.75,1661.08,1660.75,1661.08,0.02,21.22,32326.6,1
2023-02-26,2023-02-26 13:34:00,1661.08,1661.42,1661.08,1661.42,0.02,21.22,32326.6,1
2023-02-26,2023-02-26 13:35:00,1661.42,1661.75,1661.42,1661.75,0.02,21.22,32326.6,1
2023-02-26,2023-02-26 13:36:00,1661.75,1662.09,1661.75,1662.09,0.02,21.22,32326.6,1
2023-02-26,2023-02-26 13:37:00,1662.09,1662.43,1662.09,1662.43,0.02,21.22,32326.6,1
2023-02-26,2023-02-26 13:38:00,1662.43,1662.76,1662.43,1662.76,0.02,21.22,32326.6,1
2023-02-26,2023-02-26 13:39:00,1662.76,1663.1,1662.76,1663.1,0.02,21.22,32326.6,1
2023-02-26,2023-02-26 13:40:00,1663.1,1663.44,1663.1,1663.44,0.02,21.22,32326.6,1
2023-02-26,2023-02-26 13:41:00,1663.44,1663.77,1663.44,1663.77,0.02,21.22,32326.6,1
2023-02-26,2023-02-26 13:42:00,1663.77,1664.11,1663.77,1664.11,0.02,21.22,32326.6,1
2023-02-26,2023-02-26 13:43:00,1664.11,1664.44,1664.11,1664.44,0.02,21.22,32326.6,1
2023-02-26,2023-02-26 13:44:00,1664.44,1664.78,1664.44,1664.78,0.02,21.22,32326.6,1
2023-02-26,2023-02-26 13:45:00,1664.78,1665.12,1664.78,1665.12,0.02,21.22,32326.6,1
2023-02-26,2023-02-26 13:46:00,1665.12,1665.45,1665.12,1665.45,0.02,21.22,32326.6,1
2023-02-26,2023-02-26 13:47:00,1665.45,1665.79,1665.45,1665.79,0.02,21.22,32326.6,1
2023-02-26,2023-02-26 13:48:00,1665.79,1666.13,1665.79,1666.13,0.02,21.22,32326.6,1
2023-02-26,2023-02-26 13:49:00,1666.13,1666.46,1666.13,1666.46,0.02,21.22,32326.6,1
2023-02-26,2023-02-26 13:50:00,1666.46,1666.8,1666.46,1666.8,0.02,21.22,32326.6,1
2023-02-26,2023-02-26 13:51:00,1666.8,1667.13,1666.8,1667.13,0.02,21.22,32326.6,1
2023-02-26,2023-02-26 13:52:00,1667.13,1667.47,1667.13,1667.47,0.02,21.22,32326.6,1
2023-02-26,2023-02-26 13:53:00,1667.47,1667.81,1667.47,1667.81,0.02,21.22,32326.6,1
2023-02-26,2023-02-26 13:54:00,1667.81,1668.14,1667.81,1668.14,0.02,21.22,32326.6,1
2023-02-26,2023-02-26 13:55:00,1668.14,1668.48,1668.14,1668.48,0.02,21.22,32326.6,1
2023-02-26,2023-02-26 13:56:00,1668.48,1668.82,1668.48,1668.82,0.02,21.22,32326.6,1
2023-02-26,2023-02-26 13:57:00,1668.82,1669.15,1668.82,1669.15,0.02,21.22,32326.6,1
2023-02-26,2023-02-26 13:58:00,1669.15,1669.49,1669.15,1669.49,0.02,21.22,32326.6,1
2023-02-26,2023-02-26 13:59:00,1669.49,1669.83,1669.49,1669.83,0.02,21.22,32326.6,1
2023-02-26,2023-02-26 14:00:00,1669.83,1670.16,1669.83,1670.16,0.02,21.22,32326.6,1
2023-02-26,2023-02-26 14:01:00,1670.16,1670.5,1670.16,1670.5,0.02,21.22,32326.6,1
2023-02-26,2023-02-26 14:02:00,1670.5,1670.83,1670.5,1670.83,0.02,21.22,32326.6,1
2023-02-26,2023-02-26 14:03:00,1670.83,1671.17,1670.83,1671.17,0.02,21.22,32326.6,1
2023-02-26,2023-02-26 14:04:00,1671.17,1671.51,1671.17,1671.51,0.02,21.22,32326.6,1
2023-02-26,2023-02-26 14:05:00,1671.51,1671.84,1671.51,1671.84,0.02,21.22,32326.6,1
2023-02-26,2023-02-26 14:06:00,1671.84,1672.18,1671.84,1672.18,0.02,21.22,32326.6,1
2023-02-26,2023-02-26 14:07:00,1672.18,1672.51,1672.18,1672.51,0.02,21.22,32326.6,1
2023-02-26,2023-02-26 14:08:00,1672.51,1672.85,1672.51,1672.85,0.02,21.22,32326.6,1
2023-02-26,2023-02-26 14:09:00,1672.85,1673.19,1672.85,1673.19,0.02,21.22,32326.6,1
2023-02-26,2023-02-26 14:10:00,1673.19,1673.52,1673.19,1673.52,0.02,21.22,32326.6,1
2023-02-26,2023-02-26 14:11:00,1673.52,1673.86,1673.52,1673.86,0.02,21.22,32326.6,1
2023-02-26,2023-02-26 14:12:00,1673.86,1674.2,1673.86,1674.2,0.02,21.22,32326.6,1
2023-02-26,2023-02-26 14:13:00,1674.2,1674.53,1674.2,1674.53,0.02,21.22,32326.6,1
2023-02-26,2023-02-26 14:14:00,1674.53,1674.87,1674.53,1674.87,0.02,21.22,32326.6,1
2023-02-26,2023-02-26 14:15:00,1674.87,1675.2,1674.87,1675.2,0.02,21.22,32326.6,1
2023-02-26,2023-02-26 14:16:00,1675.2,1675.54,1675.2,1675.54,0.02,21.22,32326.6,1
2023-02-26,2023-02-26 14:17:00,1675.54,1675.88,1675.54,1675.88,0.02,21.22,32326.6,1
2023-02-26,2023-02-26 14:18:00,1675.88,1676.21,1675.88,1676.21,0.02,21.22,32326.6,1
2023-02-26,2023-02-26 14:19:00,1676.21,1676.55,1676.21,1676.55,0.02,21.22,32326.6,1
2023-02-26,2023-02-26 14:20:00,1676.55,1676.89,1676.55,1676.89,0.02,21.22,32326.6,1
2023-02-26,2023-02-26 14:21:00,1676.89,1677.22,1676.89,1677.22,0.02,21.22,32326.6,1
2023-02-26,2023-02-26 14:22:00,1677.22,1677.56,1677.22,1677.56,0.02,21.22,32326.6,1
2023-02-26,2023-02-26 14:23:00,1677.56,1677.89,1677.56,1677.89,0.02,21.22,32326.6,1
2023-02-26,2023-02-26 14:24:00,1677.89,1678.23,1677.89,1678.23,0.02,21.22,32326.6,1
2023-02-26,2023-02-26 14:25:00,1678.23,1678.57,1678.23,1678.57,0.02,21.22,32326.6,1
2023-02-26,2023-02-26 14:26:00,1678.57,1678.9,1678.57,1678.9,0.02,21.22,32326.6,1
2023-02-26,2023-02-26 14:27:00,1678.9,1679.24,1678.9,1679.24,0.02,21.22,32326.6,1
2023-02-26,2023-02-26 14:28:00,1679.24,1679.58,1679.24,1679.58,0.02,21.22,32326.6,1
2023-02-26,2023-02-26 14:29:00,1679.58,1679.91,1679.58,1679.91,0.02,21.22,32326.6,1
2023-02-26,2023-02-26 14:30:00,1679.91,1680.25,1679.91,1680.25,0.02,21.22,32326.6,1
2023-02-26,2023-02-26 14:31:00,1680.25,1680.59,1680.25,1680.59,0.02,21.22,32326.6,1
2023-02-26,2023-02-26 14:32:00,1680.59,1680.92,1680.59,1680.92,0.02,21.22,32326.6,1
2023-02-26,2023-02-26 14:33:00,1680.92,1681.26,1680.92,1681.26,0.02,21.22,32326.6,1
2023-02-26,2023-02-26 14:34:00,1681.26,1681.59,1681.26,1681.59,0.02,21.22,32326.6,1
2023-02-26,2023-02-26 14:35:00,1681.59,1681.93,1681.59,1681.93,0.02,21.22,32326.6,1
2023-02-26,2023-02-26 14:36:00,1681.93,1682.27,1681.93,1682.27,0.02,21.22,32326.6,1
2023-02-26,2023-02-26 14:37:00,1682.27,1682.6,1682.27,1682.6,0.02,21.22,32326.6,1
2023-02-26,2023-02-26 14:38:00,1682.6,1682.94,1682.6,1682.94,0.02,21.22,32326.6,1
2023-02-26,2023-02-26 14:39:00,1682.94,1683.28,1682.94,1683.28,0.02,21.22,32326.6,1
2023-02-26,2023-02-26 14:40:00,1683.28,1683.61,1683.28,1683.61,0.02,21.22,32326.6,1
2023-02-26,2023-02-26 14:41:00,1683.61,1683.95,1683.61,1683.95,0.02,21.22,32326.6,1
2023-02-26,2023-02-26 14:42:00,1683.95,1684.28,1683.95,1684.28,0.02,21.22,32326.6,1
2023-02-26,2023-02-26 14:43:00,1684.28,1684.62,1684.28,1684.62,0.02,21.22,32326.6,1
2023-02-26,2023-02-26 14:44:00,1684.62,1684.96,1684.62,1684.96,0.02,21.22,32326.6,1
2023-02-26,2023-02-26 14:45:00,1684.96,1685.29,1684.96,1685.29,0.02,21.22,32326.6,1
2023-02-26,2023-02-26 14:46:00,1685.29,1685.63,1685.29,1685.63,0.02,21.22,32326.6,1
2023-02-26,2023-02-26 14:47:00,1685.63,1685.96,1685.63,1685.96,0.02,21.22,32326.6,1
2023-02-26,2023-02-26 14:48:00,1685.96,1686.3,1685.96,1686.3,0.02,21.22,32326.6,1
2023-02-26,2023-02-26 14:49:00,1686.3,1686.64,1686.3,1686.64,0.02,21.22,32326.6,1
2023-02-26,2023-02-26 14:50:00,1686.64,1686.97,1686.64,1686.97,0.02,21.22,32326.6,1
2023-02-26,2023-02-26 14:51:00,1686.97,1687.31,1686.97,1687.31,0.02,21.22,32326.6,1
2023-02-26,2023-02-26 14:52:00,1687.31,1687.65,1687.31,1687.65,0.02,21.22,32326.6,1
2023-02-26,2023-02-26 14:53:00,1687.65,1687.98,1687.65,1687.98,0.02,21.22,32326.6,1
2023-02-26,2023-02-26 14:54:00,1687.98,1688.32,1687.98,1688.32,0.02,21.22,32326.6,1
2023-02-26,2023-02-26 14:55:00,1688.32,1688.65,1688.32,1688.65,0.02,21.22,32326.6,1
2023-02-26,2023-02-26 14:56:00,1688.65,1688.99,1688.65,1688.99,0.02,21.22,32326.6,1
2023-02-26,2023-02-26 14:57:00,1688.99,1689.33,1688.99,1689.33,0.02,21.22,32326.6,1
2023-02-26,2023-02-26 14:58:00,1689.33,1689.66,1689.33,1689.66,0.02,21.22,32326.6,1
2023-02-26,2023-02-26 14:59:00,1689.66,1690.0,1689.66,1690.0,0.02,21.22,32326.6,1
2023-02-26,2023-02-26 15:00:00,1690.0,1690.0,1477.9,1690.0,0.0,21.22,32326.6,0
2023-02-27,2023-02-27 11:00:00,1690.0,1690.0,1654.3,1689.62,-0.02,7.44,12068.43,-1
2023-02-27,2023-02-27 11:01:00,1689.62,1689.62,1689.25,1689.25,-0.02,7.44,12068.43,-1
2023-02-27,2023-02-27 11:02:00,1689.25,1689.25,1688.88,1688.88,-0.02,7.44,12068.43,-1
2023-02-27,2023-02-27 11:03:00,1688.88,1688.88,1688.5,1688.5,-0.02,7.44,12068.43,-1
2023-02-27,2023-02-27 11:04:00,1688.5,1688.5,1688.12,1688.12,-0.02,7.44,12068.43,-1
2023-02-27,2023-02-27 11:05:00,1688.12,1688.12,1687.75,1687.75,-0.02,7.44,12068.43,-1
2023-02-27,2023-02-27 11:06:00,1687.75,1687.75,1687.38,1687.38,-0.02,7.44,12068.43,-1
2023-02-27,2023-02-27 11:07:00,1687.38,1687.38,1687.0,1687.0,-0.02,7.44,12068.43,-1
2023-02-27,2023-02-27 11:08:00,1687.0,1687.0,1686.62,1686.62,-0.02,7.44,12068.43,-1
2023-02-27,2023-02-27 11:09:00,1686.62,1686.62,1686.25,1686.25,-0.02,7.44,12068.43,-1
2023-02-27,2023-02-27 11:10:00,1686.25,1686.25,1685.88,1685.88,-0.02,7.44,12068.43,-1
2023-02-27,2023-02-27 11:11:00,1685.88,1685.88,1685.5,1685.5,-0.02,7.44,12068.43,-1
2023-02-27,2023-02-27 11:12:00,1685.5,1685.5,1685.12,1685.12,-0.02,7.44,12068.43,-1
2023-02-27,2023-02-27 11:13:00,1685.12,1685.12,1684.75,1684.75,-0.02,7.44,12068.43,-1
2023-02-27,2023-02-27 11:14:00,1684.75,1684.75,1684.38,1684.38,-0.02,7.44,12068.43,-1
2023-02-27,2023-02-27 11:15:00,1684.38,1684.38,1684.0,1684.0,-0.02,7.44,12068.43,-1
2023-02-27,2023-02-27 11:16:00,1684.0,1684.0,1683.62,1683.62,-0.02,7.44,12068.43,-1
2023-02-27,2023-02-27 11:17:00,1683.62,1683.62,1683.25,1683.25,-0.02,7.44,12068.43,-1
2023-02-27,2023-02-27 11:18:00,1683.25,1683.25,1682.88,1682.88,-0.02,7.44,12068.43,-1
2023-02-27,2023-02-27 11:19:00,1682.88,1682.88,1682.5,1682.5,-0.02,7.44,12068.43,-1
2023-02-27,2023-02-27 11:20:00,1682.5,1682.5,1682.12,1682.12,-0.02,7.44,12068.43,-1
2023-02-27,2023-02-27 11:21:00,1682.12,1682.12,1681.75,1681.75,-0.02,7.44,12068.43,-1
2023-02-27,2023-02-27 11:22:00,1681.75,1681.75,1681.38,1681.38,-0.02,7.44,12068.43,-1
2023-02-27,2023-02-27 11:23:00,1681.38,1681.38,1681.0,1681.0,-0.02,7.44,12068.43,-1
2023-02-27,2023-02-27 11:24:00,1681.0,1681.0,1680.62,1680.62,-0.02,7.44,12068.43,-1
2023-02-27,2023-02-27 11:25:00,1680.62,1680.62,1680.25,1680.25,-0.02,7.44,12068.43,-1
2023-02-27,2023-02-27 11:26:00,1680.25,1680.25,1679.88,1679.88,-0.02,7.44,12068.43,-1
2023-02-27,2023-02-27 11:27:00,1679.88,1679.88,1679.5,1679.5,-0.02,7.44,12068.43,-1
2023-02-27,2023-02-27 11:28:00,1679.5,1679.5,1679.12,1679.12,-0.02,7.44,12068.43,-1
2023-02-27,2023-02-27 11:29:00,1679.12,1679.12,1678.75,1678.75,-0.02,7.44,12068.43,-1
2023-02-27,2023-02-27 11:30:00,1678.75,1678.75,1678.38,1678.38,-0.02,7.44,12068.43,-1
2023-02-27,2023-02-27 11:31:00,1678.38,1678.38,1678.0,1678.0,-0.02,7.44,12068.43,-1
2023-02-27,2023-02-27 11:32:00,1678.0,1678.0,1677.62,1677.62,-0.02,7.44,12068.43,-1
2023-02-27,2023-02-27 11:33:00,1677.62,1677.62,1677.25,1677.25,-0.02,7.44,12068.43,-1
2023-02-27,2023-02-27 11:34:00,1677.25,1677.25,1676.88,1676.88,-0.02,7.44,12068.43,-1
2023-02-27,2023-02-27 11:35:00,1676.88,1676.88,1676.5,1676.5,-0.02,7.44,12068.43,-1
2023-02-27,2023-02-27 11:36:00,1676.5,1676.5,1676.12,1676.12,-0.02,7.44,12068.43,-1
2023-02-27,2023-02-27 11:37:00,1676.12,1676.12,1675.75,1675.75,-0.02,7.44,12068.43,-1
2023-02-27,2023-02-27 11:38:00,1675.75,1675.75,1675.38,1675.38,-0.02,7.44,12068.43,-1
2023-02-27,2023-02-27 11:39:00,1675.38,1675.38,1675.0,1675.0,-0.02,7.44,12068.43,-1
2023-02-27,2023-02-27 11:40:00,1675.0,1675.0,1674.62,1674.62,-0.02,7.44,12068.43,-1
2023-02-27,2023-02-27 11:41:00,1674.62,1674.62,1674.25,1674.25,-0.02,7.44,12068.43,-1
2023-02-27,2023-02-27 11:42:00,1674.25,1674.25,1673.88,1673.88,-0.02,7.44,12068.43,-1
2023-02-27,2023-02-27 11:43:00,1673.88,1673.88,1673.5,1673.5,-0.02,7.44,12068.43,-1
2023-02-27,2023-02-27 11:44:00,1673.5,1673.5,1673.12,1673.12,-0.02,7.44,12068.43,-1
2023-02-27,2023-02-27 11:45:00,1673.12,1673.12,1672.75,1672.75,-0.02,7.44,12068.43,-1
2023-02-27,2023-02-27 11:46:00,1672.75,1672.75,1672.38,1672.38,-0.02,7.44,12068.43,-1
2023-02-27,2023-02-27 11:47:00,1672.38,1672.38,1672.0,1672.0,-0.02,7.44,12068.43,-1
2023-02-27,2023-02-27 11:48:00,1672.0,1672.0,1671.62,1671.62,-0.02,7.44,12068.43,-1
2023-02-27,2023-02-27 11:49:00,1671.62,1671.62,1671.25,1671.25,-0.02,7.44,12068.43,-1
2023-02-27,2023-02-27 11:50:00,1671.25,1671.25,1670.88,1670.88,-0.02,7.44,12068.43,-1
2023-02-27,2023-02-27 11:51:00,1670.88,1670.88,1670.5,1670.5,-0.02,7.44,12068.43,-1
2023-02-27,2023-02-27 11:52:00,1670.5,1670.5,1670.12,1670.12,-0.02,7.44,12068.43,-1
2023-02-27,2023-02-27 11:53:00,1670.12,1670.12,1669.75,1669.75,-0.02,7.44,12068.43,-1
2023-02-27,2023-02-27 11:54:00,1669.75,1669.75,1669.38,1669.38,-0.02,7.44,12068.43,-1
2023-02-27,2023-02-27 11:55:00,1669.38,1669.38,1669.0,1669.0,-0.02,7.44,12068.43,-1
2023-02-27,2023-02-27 11:56:00,1669.0,1669.0,1668.62,1668.62,-0.02,7.44,12068.43,-1
2023-02-27,2023-02-27 11:57:00,1668.62,1668.62,1668.25,1668.25,-0.02,7.44,12068.43,-1
2023-02-27,2023-02-27 11:58:00,1668.25,1668.25,1667.88,1667.88,-0.02,7.44,12068.43,-1
2023-02-27,2023-02-27 11:59:00,1667.88,1667.88,1667.5,1667.5,-0.02,7.44,12068.43,-1
2023-02-27,2023-02-27 12:00:00,1667.5,1667.5,1667.12,1667.12,-0.02,7.44,12068.43,-1
2023-02-27,2023-02-27 12:01:00,1667.12,1667.12,1666.75,1666.75,-0.02,7.44,12068.43,-1
2023-02-27,2023-02-27 12:02:00,1666.75,1666.75,1666.38,1666.38,-0.02,7.44,12068.43,-1
2023-02-27,2023-02-27 12:03:00,1666.38,1666.38,1666.0,1666.0,-0.02,7.44,12068.43,-1
2023-02-27,2023-02-27 12:04:00,1666.0,1666.0,1665.62,1665.62,-0.02,7.44,12068.43,-1
2023-02-27,2023-02-27 12:05:00,1665.62,1665.62,1665.25,1665.25,-0.02,7.44,12068.43,-1
2023-02-27,2023-02-27 12:06:00,1665.25,1665.25,1664.88,1664.88,-0.02,7.44,12068.43,-1
2023-02-27,2023-02-27 12:07:00,1664.88,1664.88,1664.5,1664.5,-0.02,7.44,12068.43,-1
2023-02-27,2023-02-27 12:08:00,1664.5,1664.5,1664.12,1664.12,-0.02,7.44,12068.43,-1
2023-02-27,2023-02-27 12:09:00,1664.12,1664.12,1663.75,1663.75,-0.02,7.44,12068.43,-1
2023-02-27,2023-02-27 12:10:00,1663.75,1663.75,1663.38,1663.38,-0.02,7.44,12068.43,-1
2023-02-27,2023-02-27 12:11:00,1663.38,1663.38,1663.0,1663.0,-0.02,7.44,12068.43,-1
2023-02-27,2023-02-27 12:12:00,1663.0,1663.0,1662.62,1662.62,-0.02,7.44,12068.43,-1
2023-02-27,2023-02-27 12:13:00,1662.62,1662.62,1662.25,1662.25,-0.02,7.44,12068.43,-1
2023-02-27,2023-02-27 12:14:00,1662.25,1662.25,1661.88,1661.88,-0.02,7.44,12068.43,-1
2023-02-27,2023-02-27 12:15:00,1661.88,1661.88,1661.5,1661.5,-0.02,7.44,12068.43,-1
2023-02-27,2023-02-27 12:16:00,1661.5,1661.5,1661.12,1661.12,-0.02,7.44,12068.43,-1
2023-02-27,2023-02-27 12:17:00,1661.12,1661.12,1660.75,1660.75,-0.02,7.44,12068.43,-1
2023-02-27,2023-02-27 12:18:00,1660.75,1660.75,1660.38,1660.38,-0.02,7.44,12068.43,-1
2023-02-27,2023-02-27 12:19:00,1660.38,1660.38,1660.0,1660.0,-0.02,7.44,12068.43,-1
2023-02-27,2023-02-27 12:20:00,1660.0,1660.0,1659.62,1659.62,-0.02,7.44,12068.43,-1
2023-02-27,2023-02-27 12:21:00,1659.62,1659.62,1659.25,1659.25,-0.02,7.44,12068.43,-1
2023-02-27,2023-02-27 12:22:00,1659.25,1659.25,1658.88,1658.88,-0.02,7.44,12068.43,-1
2023-02-27,2023-02-27 12:23:00,1658.88,1658.88,1658.5,1658.5,-0.02,7.44,12068.43,-1
2023-02-27,2023-02-27 12:24:00,1658.5,1658.5,1658.12,1658.12,-0.02,7.44,12068.43,-1
2023-02-27,2023-02-27 12:25:00,1658.12,1658.12,1657.75,1657.75,-0.02,7.44,12068.43,-1
2023-02-27,2023-02-27 12:26:00,1657.75,1657.75,1657.38,1657.38,-0.02,7.44,12068.43,-1
2023-02-27,2023-02-27 12:27:00,1657.38,1657.38,1657.0,1657.0,-0.02,7.44,12068.43,-1
2023-02-27,2023-02-27 12:28:00,1657.0,1657.0,1656.62,1656.62,-0.02,7.44,12068.43,-1
2023-02-27,2023-02-27 12:29:00,1656.62,1656.62,1656.25,1656.25,-0.02,7.44,12068.43,-1
2023-02-27,2023-02-27 12:30:00,1656.25,1656.25,1655.88,1655.88,-0.02,7.44,12068.43,-1
2023-02-27,2023-02-27 12:31:00,1655.88,1655.88,1655.5,1655.5,-0.02,7.44,12068.43,-1
2023-02-27,2023-02-27 12:32:00,1655.5,1655.5,1655.12,1655.12,-0.02,7.44,12068.43,-1
2023-02-27,2023-02-27 12:33:00,1655.12,1655.12,1654.75,1654.75,-0.02,7.44,12068.43,-1
2023-02-27,2023-02-27 12:34:00,1654.75,1654.75,1654.38,1654.38,-0.02,7.44,12068.43,-1
2023-02-27,2023-02-27 12:35:00,1654.38,1654.38,1654.0,1654.0,-0.02,7.44,12068.43,-1
2023-02-27,2023-02-27 12:36:00,1654.0,1654.0,1653.62,1653.62,-0.02,7.44,12068.43,-1
2023-02-27,2023-02-27 12:37:00,1653.62,1653.62,1653.25,1653.25,-0.02,7.44,12068.43,-1
2023-02-27,2023-02-27 12:38:00,1653.25,1653.25,1652.88,1652.88,-0.02,7.44,12068.43,-1
2023-02-27,2023-02-27 12:39:00,1652.88,1652.88,1652.5,1652.5,-0.02,7.44,12068.43,-1
2023-02-27,2023-02-27 12:40:00,1652.5,1652.5,1652.12,1652.12,-0.02,7.44,12068.43,-1
2023-02-27,2023-02-27 12:41:00,1652.12,1652.12,1651.75,1651.75,-0.02,7.44,12068.43,-1
2023-02-27,2023-02-27 12:42:00,1651.75,1651.75,1651.38,1651.38,-0.02,7.44,12068.43,-1
2023-02-27,2023-02-27 12:43:00,1651.38,1651.38,1651.0,1651.0,-0.02,7.44,12068.43,-1
2023-02-27,2023-02-27 12:44:00,1651.0,1651.0,1650.62,1650.62,-0.02,7.44,12068.43,-1
2023-02-27,2023-02-27 12:45:00,1650.62,1650.62,1650.25,1650.25,-0.02,7.44,12068.43,-1
2023-02-27,2023-02-27 12:46:00,1650.25,1650.25,1649.88,1649.88,-0.02,7.44,12068.43,-1
2023-02-27,2023-02-27 12:47:00,1649.88,1649.88,1649.5,1649.5,-0.02,7.44,12068.43,-1
2023-02-27,2023-02-27 12:48:00,1649.5,1649.5,1649.12,1649.12,-0.02,7.44,12068.43,-1
2023-02-27,2023-02-27 12:49:00,1649.12,1649.12,1648.75,1648.75,-0.02,7.44,12068.43,-1
2023-02-27,2023-02-27 12:50:00,1648.75,1648.75,1648.38,1648.38,-0.02,7.44,12068.43,-1
2023-02-27,2023-02-27 12:51:00,1648.38,1648.38,1648.0,1648.0,-0.02,7.44,12068.43,-1
2023-02-27,2023-02-27 12:52:00,1648.0,1648.0,1647.62,1647.62,-0.02,7.44,12068.43,-1
2023-02-27,2023-02-27 12:53:00,1647.62,1647.62,1647.25,1647.25,-0.02,7.44,12068.43,-1
2023-02-27,2023-02-27 12:54:00,1647.25,1647.25,1646.88,1646.88,-0.02,7.44,12068.43,-1
2023-02-27,2023-02-27 12:55:00,1646.88,1646.88,1646.5,1646.5,-0.02,7.44,12068.43,-1
2023-02-27,2023-02-27 12:56:00,1646.5,1646.5,1646.12,1646.12,-0.02,7.44,12068.43,-1
2023-02-27,2023-02-27 12:57:00,1646.12,1646.12,1645.75,1645.75,-0.02,7.44,12068.43,-1
2023-02-27,2023-02-27 12:58:00,1645.75,1645.75,1645.38,1645.38,-0.02,7.44,12068.43,-1
2023-02-27,2023-02-27 12:59:00,1645.38,1645.38,1645.0,1645.0,-0.02,7.44,12068.43,-1
2023-02-27,2023-02-27 13:00:00,1645.0,1690.0,1571.0,1644.62,-0.02,7.44,12068.43,-1
2023-02-27,2023-02-27 13:01:00,1644.62,1644.62,1644.25,1644.25,-0.02,7.44,12068.43,-1
2023-02-27,2023-02-27 13:02:00,1644.25,1644.25,1643.88,1643.88,-0.02,7.44,12068.43,-1
2023-02-27,2023-02-27 13:03:00,1643.88,1643.88,1643.5,1643.5,-0.02,7.44,12068.43,-1
2023-02-27,2023-02-27 13:04:00,1643.5,1643.5,1643.12,1643.12,-0.02,7.44,12068.43,-1
2023-02-27,2023-02-27 13:05:00,1643.12,1643.12,1642.75,1642.75,-0.02,7.44,12068.43,-1
2023-02-27,2023-02-27 13:06:00,1642.75,1642.75,1642.38,1642.38,-0.02,7.44,12068.43,-1
2023-02-27,2023-02-27 13:07:00,1642.38,1642.38,1642.0,1642.0,-0.02,7.44,12068.43,-1
2023-02-27,2023-02-27 13:08:00,1642.0,1642.0,1641.62,1641.62,-0.02,7.44,12068.43,-1
2023-02-27,2023-02-27 13:09:00,1641.62,1641.62,1641.25,1641.25,-0.02,7.44,12068.43,-1
2023-02-27,2023-02-27 13:10:00,1641.25,1641.25,1640.88,1640.88,-0.02,7.44,12068.43,-1
2023-02-27,2023-02-27 13:11:00,1640.88,1640.88,1640.5,1640.5,-0.02,7.44,12068.43,-1
2023-02-27,2023-02-27 13:12:00,1640.5,1640.5,1640.12,1640.12,-0.02,7.44,12068.43,-1
2023-02-27,2023-02-27 13:13:00,1640.12,1640.12,1639.75,1639.75,-0.02,7.44,12068.43,-1
2023-02-27,2023-02-27 13:14:00,1639.75,1639.75,1639.38,1639.38,-0.02,7.44,12068.43,-1
2023-02-27,2023-02-27 13:15:00,1639.38,1639.38,1639.0,1639.0,-0.02,7.44,12068.43,-1
2023-02-27,2023-02-27 13:16:00,1639.0,1639.0,1638.62,1638.62,-0.02,7.44,12068.43,-1
2023-02-27,2023-02-27 13:17:00,1638.62,1638.62,1638.25,1638.25,-0.02,7.44,12068.43,-1
2023-02-27,2023-02-27 13:18:00,1638.25,1638.25,1637.88,1637.88,-0.02,7.44,12068.43,-1
2023-02-27,2023-02-27 13:19:00,1637.88,1637.88,1637.5,1637.5,-0.02,7.44,12068.43,-1
2023-02-27,2023-02-27 13:20:00,1637.5,1637.5,1637.12,1637.12,-0.02,7.44,12068.43,-1
2023-02-27,2023-02-27 13:21:00,1637.12,1637.12,1636.75,1636.75,-0.02,7.44,12068.43,-1
2023-02-27,2023-02-27 13:22:00,1636.75,1636.75,1636.38,1636.38,-0.02,7.44,12068.43,-1
2023-02-27,2023-02-27 13:23:00,1636.38,1636.38,1636.0,1636.0,-0.02,7.44,12068.43,-1
2023-02-27,2023-02-27 13:24:00,1636.0,1636.0,1635.62,1635.62,-0.02,7.44,12068.43,-1
2023-02-27,2023-02-27 13:25:00,1635.62,1635.62,1635.25,1635.25,-0.02,7.44,12068.43,-1
2023-02-27,2023-02-27 13:26:00,1635.25,1635.25,1634.88,1634.88,-0.02,7.44,12068.43,-1
2023-02-27,2023-02-27 13:27:00,1634.88,1634.88,1634.5,1634.5,-0.02,7.44,12068.43,-1
2023-02-27,2023-02-27 13:28:00,1634.5,1634.5,1634.12,1634.12,-0.02,7.44,12068.43,-1
2023-02-27,2023-02-27 13:29:00,1634.12,1634.12,1633.75,1633.75,-0.02,7.44,12068.43,-1
2023-02-27,2023-02-27 13:30:00,1633.75,1633.75,1633.38,1633.38,-0.02,7.44,12068.43,-1
2023-02-27,2023-02-27 13:31:00,1633.38,1633.38,1633.0,1633.0,-0.02,7.44,12068.43,-1
2023-02-27,2023-02-27 13:32:00,1633.0,1633.0,1632.62,1632.62,-0.02,7.44,12068.43,-1
2023-02-27,2023-02-27 13:33:00,1632.62,1632.62,1632.25,1632.25,-0.02,7.44,12068.43,-1
2023-02-27,2023-02-27 13:34:00,1632.25,1632.25,1631.88,1631.88,-0.02,7.44,12068.43,-1
2023-02-27,2023-02-27 13:35:00,1631.88,1631.88,1631.5,1631.5,-0.02,7.44,12068.43,-1
2023-02-27,2023-02-27 13:36:00,1631.5,1631.5,1631.12,1631.12,-0.02,7.44,12068.43,-1
2023-02-27,2023-02-27 13:37:00,1631.12,1631.12,1630.75,1630.75,-0.02,7.44,12068.43,-1
2023-02-27,2023-02-27 13:38:00,1630.75,1630.75,1630.38,1630.38,-0.02,7.44,12068.43,-1
2023-02-27,2023-02-27 13:39:00,1630.38,1630.38,1630.0,1630.0,-0.02,7.44,12068.43,-1
2023-02-27,2023-02-27 13:40:00,1630.0,1630.0,1629.62,1629.62,-0.02,7.44,12068.43,-1
2023-02-27,2023-02-27 13:41:00,1629.62,1629.62,1629.25,1629.25,-0.02,7.44,12068.43,-1
2023-02-27,2023-02-27 13:42:00,1629.25,1629.25,1628.88,1628.88,-0.02,7.44,12068.43,-1
2023-02-27,2023-02-27 13:43:00,1628.88,1628.88,1628.5,1628.5,-0.02,7.44,12068.43,-1
2023-02-27,2023-02-27 13:44:00,1628.5,1628.5,1628.12,1628.12,-0.02,7.44,12068.43,-1
2023-02-27,2023-02-27 13:45:00,1628.12,1628.12,1627.75,1627.75,-0.02,7.44,12068.43,-1
2023-02-27,2023-02-27 13:46:00,1627.75,1627.75,1627.38,1627.38,-0.02,7.44,12068.43,-1
2023-02-27,2023-02-27 13:47:00,1627.38,1627.38,1627.0,1627.0,-0.02,7.44,12068.43,-1
2023-02-27,2023-02-27 13:48:00,1627.0,1627.0,1626.62,1626.62,-0.02,7.44,12068.43,-1
2023-02-27,2023-02-27 13:49:00,1626.62,1626.62,1626.25,1626.25,-0.02,7.44,12068.43,-1
2023-02-27,2023-02-27 13:50:00,1626.25,1626.25,1625.88,1625.88,-0.02,7.44,12068.43,-1
2023-02-27,2023-02-27 13:51:00,1625.88,1625.88,1625.5,1625.5,-0.02,7.44,12068.43,-1
2023-02-27,2023-02-27 13:52:00,1625.5,1625.5,1625.12,1625.12,-0.02,7.44,12068.43,-1
2023-02-27,2023-02-27 13:53:00,1625.12,1625.12,1624.75,1624.75,-0.02,7.44,12068.43,-1
2023-02-27,2023-02-27 13:54:00,1624.75,1624.75,1624.38,1624.38,-0.02,7.44,12068.43,-1
2023-02-27,2023-02-27 13:55:00,1624.38,1624.38,1624.0,1624.0,-0.02,7.44,12068.43,-1
2023-02-27,2023-02-27 13:56:00,1624.0,1624.0,1623.62,1623.62,-0.02,7.44,12068.43,-1
2023-02-27,2023-02-27 13:57:00,1623.62,1623.62,1623.25,1623.25,-0.02,7.44,12068.43,-1
2023-02-27,2023-02-27 13:58:00,1623.25,1623.25,1622.88,1622.88,-0.02,7.44,12068.43,-1
2023-02-27,2023-02-27 13:59:00,1622.88,1622.88,1622.5,1622.5,-0.02,7.44,12068.43,-1
2023-02-27,2023-02-27 14:00:00,1622.5,1622.5,1622.12,1622.12,-0.02,7.44,12068.43,-1
2023-02-27,2023-02-27 14:01:00,1622.12,1622.12,1621.75,1621.75,-0.02,7.44,12068.43,-1
2023-02-27,2023-02-27 14:02:00,1621.75,1621.75,1621.38,1621.38,-0.02,7.44,12068.43,-1
2023-02-27,2023-02-27 14:03:00,1621.38,1621.38,1621.0,1621.0,-0.02,7.44,12068.43,-1
2023-02-27,2023-02-27 14:04:00,1621.0,1621.0,1620.62,1620.62,-0.02,7.44,12068.43,-1
2023-02-27,2023-02-27 14:05:00,1620.62,1620.62,1620.25,1620.25,-0.02,7.44,12068.43,-1
2023-02-27,2023-02-27 14:06:00,1620.25,1620.25,1619.88,1619.88,-0.02,7.44,12068.43,-1
2023-02-27,2023-02-27 14:07:00,1619.88,1619.88,1619.5,1619.5,-0.02,7.44,12068.43,-1
2023-02-27,2023-02-27 14:08:00,1619.5,1619.5,1619.12,1619.12,-0.02,7.44,12068.43,-1
2023-02-27,2023-02-27 14:09:00,1619.12,1619.12,1618.75,1618.75,-0.02,7.44,12068.43,-1
2023-02-27,2023-02-27 14:10:00,1618.75,1618.75,1618.38,1618.38,-0.02,7.44,12068.43,-1
2023-02-27,2023-02-27 14:11:00,1618.38,1618.38,1618.0,1618.0,-0.02,7.44,12068.43,-1
2023-02-27,2023-02-27 14:12:00,1618.0,1618.0,1617.62,1617.62,-0.02,7.44,12068.43,-1
2023-02-27,2023-02-27 14:13:00,1617.62,1617.62,1617.25,1617.25,-0.02,7.44,12068.43,-1
2023-02-27,2023-02-27 14:14:00,1617.25,1617.25,1616.88,1616.88,-0.02,7.44,12068.43,-1
2023-02-27,2023-02-27 14:15:00,1616.88,1616.88,1616.5,1616.5,-0.02,7.44,12068.43,-1
2023-02-27,2023-02-27 14:16:00,1616.5,1616.5,1616.12,1616.12,-0.02,7.44,12068.43,-1
2023-02-27,2023-02-27 14:17:00,1616.12,1616.12,1615.75,1615.75,-0.02,7.44,12068.43,-1
2023-02-27,2023-02-27 14:18:00,1615.75,1615.75,1615.38,1615.38,-0.02,7.44,12068.43,-1
2023-02-27,2023-02-27 14:19:00,1615.38,1615.38,1615.0,1615.0,-0.02,7.44,12068.43,-1
2023-02-27,2023-02-27 14:20:00,1615.0,1615.0,1614.62,1614.62,-0.02,7.44,12068.43,-1
2023-02-27,2023-02-27 14:21:00,1614.62,1614.62,1614.25,1614.25,-0.02,7.44,12068.43,-1
2023-02-27,2023-02-27 14:22:00,1614.25,1614.25,1613.88,1613.88,-0.02,7.44,12068.43,-1
2023-02-27,2023-02-27 14:23:00,1613.88,1613.88,1613.5,1613.5,-0.02,7.44,12068.43,-1
2023-02-27,2023-02-27 14:24:00,1613.5,1613.5,1613.12,1613.12,-0.02,7.44,12068.43,-1
2023-02-27,2023-02-27 14:25:00,1613.12,1613.12,1612.75,1612.75,-0.02,7.44,12068.43,-1
2023-02-27,2023-02-27 14:26:00,1612.75,1612.75,1612.38,1612.38,-0.02,7.44,12068.43,-1
2023-02-27,2023-02-27 14:27:00,1612.38,1612.38,1612.0,1612.0,-0.02,7.44,12068.43,-1
2023-02-27,2023-02-27 14:28:00,1612.0,1612.0,1611.62,1611.62,-0.02,7.44,12068.43,-1
2023-02-27,2023-02-27 14:29:00,1611.62,1611.62,1611.25,1611.25,-0.02,7.44,12068.43,-1
2023-02-27,2023-02-27 14:30:00,1611.25,1611.25,1610.88,1610.88,-0.02,7.44,12068.43,-1
2023-02-27,2023-02-27 14:31:00,1610.88,1610.88,1610.5,1610.5,-0.02,7.44,12068.43,-1
2023-02-27,2023-02-27 14:32:00,1610.5,1610.5,1610.12,1610.12,-0.02,7.44,12068.43,-1
2023-02-27,2023-02-27 14:33:00,1610.12,1610.12,1609.75,1609.75,-0.02,7.44,12068.43,-1
2023-02-27,2023-02-27 14:34:00,1609.75,1609.75,1609.38,1609.38,-0.02,7.44,12068.43,-1
2023-02-27,2023-02-27 14:35:00,1609.38,1609.38,1609.0,1609.0,-0.02,7.44,12068.43,-1
2023-02-27,2023-02-27 14:36:00,1609.0,1609.0,1608.62,1608.62,-0.02,7.44,12068.43,-1
2023-02-27,2023-02-27 14:37:00,1608.62,1608.62,1608.25,1608.25,-0.02,7.44,12068.43,-1
2023-02-27,2023-02-27 14:38:00,1608.25,1608.25,1607.88,1607.88,-0.02,7.44,12068.43,-1
2023-02-27,2023-02-27 14:39:00,1607.88,1607.88,1607.5,1607.5,-0.02,7.44,12068.43,-1
2023-02-27,2023-02-27 14:40:00,1607.5,1607.5,1607.12,1607.12,-0.02,7.44,12068.43,-1
2023-02-27,2023-02-27 14:41:00,1607.12,1607.12,1606.75,1606.75,-0.02,7.44,12068.43,-1
2023-02-27,2023-02-27 14:42:00,1606.75,1606.75,1606.38,1606.38,-0.02,7.44,12068.43,-1
2023-02-27,2023-02-27 14:43:00,1606.38,1606.38,1606.0,1606.0,-0.02,7.44,12068.43,-1
2023-02-27,2023-02-27 14:44:00,1606.0,1606.0,1605.62,1605.62,-0.02,7.44,12068.43,-1
2023-02-27,2023-02-27 14:45:00,1605.62,1605.62,1605.25,1605.25,-0.02,7.44,12068.43,-1
2023-02-27,2023-02-27 14:46:00,1605.25,1605.25,1604.88,1604.88,-0.02,7.44,12068.43,-1
2023-02-27,2023-02-27 14:47:00,1604.88,1604.88,1604.5,1604.5,-0.02,7.44,12068.43,-1
2023-02-27,2023-02-27 14:48:00,1604.5,1604.5,1604.12,1604.12,-0.02,7.44,12068.43,-1
2023-02-27,2023-02-27 14:49:00,1604.12,1604.12,1603.75,1603.75,-0.02,7.44,12068.43,-1
2023-02-27,2023-02-27 14:50:00,1603.75,1603.75,1603.38,1603.38,-0.02,7.44,12068.43,-1
2023-02-27,2023-02-27 14:51:00,1603.38,1603.38,1603.0,1603.0,-0.02,7.44,12068.43,-1
2023-02-27,2023-02-27 14:52:00,1603.0,1603.0,1602.62,1602.62,-0.02,7.44,12068.43,-1
2023-02-27,2023-02-27 14:53:00,1602.62,1602.62,1602.25,1602.25,-0.02,7.44,12068.43,-1
2023-02-27,2023-02-27 14:54:00,1602.25,1602.25,1601.88,1601.88,-0.02,7.44,12068.43,-1
2023-02-27,2023-02-27 14:55:00,1601.88,1601.88,1601.5,1601.5,-0.02,7.44,12068.43,-1
2023-02-27,2023-02-27 14:56:00,1601.5,1601.5,1601.12,1601.12,-0.02,7.44,12068.43,-1
2023-02-27,2023-02-27 14:57:00,1601.12,1601.12,1600.75,1600.75,-0.02,7.44,12068.43,-1
2023-02-27,2023-02-27 14:58:00,1600.75,1600.75,1600.38,1600.38,-0.02,7.44,12068.43,-1
2023-02-27,2023-02-27 14:59:00,1600.38,1600.38,1600.0,1600.0,-0.02,7.44,12068.43,-1
2023-02-27,2023-02-27 15:00:00,1600.0,1690.0,1571.0,1600.0,0.0,7.44,12068.43,0
2023-02-28,2023-02-28 11:00:00,1570.1,1588.67,1551.17,1570.36,0.02,7.78,12041.74,1
2023-02-28,2023-02-28 11:01:00,1570.36,1570.62,1570.36,1570.62,0.02,7.78,12041.74,1
2023-02-28,2023-02-28 11:02:00,1570.62,1570.87,1570.62,1570.87,0.02,7.78,12041.74,1
2023-02-28,2023-02-28 11:03:00,1570.87,1571.13,1570.87,1571.13,0.02,7.78,12041.74,1
2023-02-28,2023-02-28 11:04:00,1571.13,1571.39,1571.13,1571.39,0.02,7.78,12041.74,1
2023-02-28,2023-02-28 11:05:00,1571.39,1571.65,1571.39,1571.65,0.02,7.78,12041.74,1
2023-02-28,2023-02-28 11:06:00,1571.65,1571.91,1571.65,1571.91,0.02,7.78,12041.74,1
2023-02-28,2023-02-28 11:07:00,1571.91,1572.16,1571.91,1572.16,0.02,7.78,12041.74,1
2023-02-28,2023-02-28 11:08:00,1572.16,1572.42,1572.16,1572.42,0.02,7.78,12041.74,1
2023-02-28,2023-02-28 11:09:00,1572.42,1572.68,1572.42,1572.68,0.02,7.78,12041.74,1
2023-02-28,2023-02-28 11:10:00,1572.68,1572.94,1572.68,1572.94,0.02,7.78,12041.74,1
2023-02-28,2023-02-28 11:11:00,1572.94,1573.19,1572.94,1573.19,0.02,7.78,12041.74,1
2023-02-28,2023-02-28 11:12:00,1573.19,1573.45,1573.19,1573.45,0.02,7.78,12041.74,1
2023-02-28,2023-02-28 11:13:00,1573.45,1573.71,1573.45,1573.71,0.02,7.78,12041.74,1
2023-02-28,2023-02-28 11:14:00,1573.71,1573.97,1573.71,1573.97,0.02,7.78,12041.74,1
2023-02-28,2023-02-28 11:15:00,1573.97,1574.23,1573.97,1574.23,0.02,7.78,12041.74,1
2023-02-28,2023-02-28 11:16:00,1574.23,1574.48,1574.23,1574.48,0.02,7.78,12041.74,1
2023-02-28,2023-02-28 11:17:00,1574.48,1574.74,1574.48,1574.74,0.02,7.78,12041.74,1
2023-02-28,2023-02-28 11:18:00,1574.74,1575.0,1574.74,1575.0,0.02,7.78,12041.74,1
2023-02-28,2023-02-28 11:19:00,1575.0,1575.26,1575.0,1575.26,0.02,7.78,12041.74,1
2023-02-28,2023-02-28 11:20:00,1575.26,1575.52,1575.26,1575.52,0.02,7.78,12041.74,1
2023-02-28,2023-02-28 11:21:00,1575.52,1575.77,1575.52,1575.77,0.02,7.78,12041.74,1
2023-02-28,2023-02-28 11:22:00,1575.77,1576.03,1575.77,1576.03,0.02,7.78,12041.74,1
2023-02-28,2023-02-28 11:23:00,1576.03,1576.29,1576.03,1576.29,0.02,7.78,12041.74,1
2023-02-28,2023-02-28 11:24:00,1576.29,1576.55,1576.29,1576.55,0.02,7.78,12041.74,1
2023-02-28,2023-02-28 11:25:00,1576.55,1576.81,1576.55,1576.81,0.02,7.78,12041.74,1
2023-02-28,2023-02-28 11:26:00,1576.81,1577.06,1576.81,1577.06,0.02,7.78,12041.74,1
2023-02-28,2023-02-28 11:27:00,1577.06,1577.32,1577.06,1577.32,0.02,7.78,12041.74,1
2023-02-28,2023-02-28 11:28:00,1577.32,1577.58,1577.32,1577.58,0.02,7.78,12041.74,1
2023-02-28,2023-02-28 11:29:00,1577.58,1577.84,1577.58,1577.84,0.02,7.78,12041.74,1
2023-02-28,2023-02-28 11:30:00,1577.84,1578.1,1577.84,1578.1,0.02,7.78,12041.74,1
2023-02-28,2023-02-28 11:31:00,1578.1,1578.35,1578.1,1578.35,0.02,7.78,12041.74,1
2023-02-28,2023-02-28 11:32:00,1578.35,1578.61,1578.35,1578.61,0.02,7.78,12041.74,1
2023-02-28,2023-02-28 11:33:00,1578.61,1578.87,1578.61,1578.87,0.02,7.78,12041.74,1
2023-02-28,2023-02-28 11:34:00,1578.87,1579.13,1578.87,1579.13,0.02,7.78,12041.74,1
2023-02-28,2023-02-28 11:35:00,1579.13,1579.38,1579.13,1579.38,0.02,7.78,12041.74,1
2023-02-28,2023-02-28 11:36:00,1579.38,1579.64,1579.38,1579.64,0.02,7.78,12041.74,1
2023-02-28,2023-02-28 11:37:00,1579.64,1579.9,1579.64,1579.9,0.02,7.78,12041.74,1
2023-02-28,2023-02-28 11:38:00,1579.9,1580.16,1579.9,1580.16,0.02,7.78,12041.74,1
2023-02-28,2023-02-28 11:39:00,1580.16,1580.42,1580.16,1580.42,0.02,7.78,12041.74,1
2023-02-28,2023-02-28 11:40:00,1580.42,1580.67,1580.42,1580.67,0.02,7.78,12041.74,1
2023-02-28,2023-02-28 11:41:00,1580.67,1580.93,1580.67,1580.93,0.02,7.78,12041.74,1
2023-02-28,2023-02-28 11:42:00,1580.93,1581.19,1580.93,1581.19,0.02,7.78,12041.74,1
2023-02-28,2023-02-28 11:43:00,1581.19,1581.45,1581.19,1581.45,0.02,7.78,12041.74,1
2023-02-28,2023-02-28 11:44:00,1581.45,1581.71,1581.45,1581.71,0.02,7.78,12041.74,1
2023-02-28,2023-02-28 11:45:00,1581.71,1581.96,1581.71,1581.96,0.02,7.78,12041.74,1
2023-02-28,2023-02-28 11:46:00,1581.96,1582.22,1581.96,1582.22,0.02,7.78,12041.74,1
2023-02-28,2023-02-28 11:47:00,1582.22,1582.48,1582.22,1582.48,0.02,7.78,12041.74,1
2023-02-28,2023-02-28 11:48:00,1582.48,1582.74,1582.48,1582.74,0.02,7.78,12041.74,1
2023-02-28,2023-02-28 11:49:00,1582.74,1583.0,1582.74,1583.0,0.02,7.78,12041.74,1
2023-02-28,2023-02-28 11:50:00,1583.0,1583.25,1583.0,1583.25,0.02,7.78,12041.74,1
2023-02-28,2023-02-28 11:51:00,1583.25,1583.51,1583.25,1583.51,0.02,7.78,12041.74,1
2023-02-28,2023-02-28 11:52:00,1583.51,1583.77,1583.51,1583.77,0.02,7.78,12041.74,1
2023-02-28,2023-02-28 11:53:00,1583.77,1584.03,1583.77,1584.03,0.02,7.78,12041.74,1
2023-02-28,2023-02-28 11:54:00,1584.03,1584.29,1584.03,1584.29,0.02,7.78,12041.74,1
2023-02-28,2023-02-28 11:55:00,1584.29,1584.54,1584.29,1584.54,0.02,7.78,12041.74,1
2023-02-28,2023-02-28 11:56:00,1584.54,1584.8,1584.54,1584.8,0.02,7.78,12041.74,1
2023-02-28,2023-02-28 11:57:00,1584.8,1585.06,1584.8,1585.06,0.02,7.78,12041.74,1
2023-02-28,2023-02-28 11:58:00,1585.06,1585.32,1585.06,1585.32,0.02,7.78,12041.74,1
2023-02-28,2023-02-28 11:59:00,1585.32,1585.57,1585.32,1585.57,0.02,7.78,12041.74,1
2023-02-28,2023-02-28 12:00:00,1585.57,1585.83,1585.57,1585.83,0.02,7.78,12041.74,1
2023-02-28,2023-02-28 12:01:00,1585.83,1586.09,1585.83,1586.09,0.02,7.78,12041.74,1
2023-02-28,2023-02-28 12:02:00,1586.09,1586.35,1586.09,1586.35,0.02,7.78,12041.74,1
2023-02-28,2023-02-28 12:03:00,1586.35,1586.61,1586.35,1586.61,0.02,7.78,12041.74,1
2023-02-28,2023-02-28 12:04:00,1586.61,1586.86,1586.61,1586.86,0.02,7.78,12041.74,1
2023-02-28,2023-02-28 12:05:00,1586.86,1587.12,1586.86,1587.12,0.02,7.78,12041.74,1
2023-02-28,2023-02-28 12:06:00,1587.12,1587.38,1587.12,1587.38,0.02,7.78,12041.74,1
2023-02-28,2023-02-28 12:07:00,1587.38,1587.64,1587.38,1587.64,0.02,7.78,12041.74,1
2023-02-28,2023-02-28 12:08:00,1587.64,1587.9,1587.64,1587.9,0.02,7.78,12041.74,1
2023-02-28,2023-02-28 12:09:00,1587.9,1588.15,1587.9,1588.15,0.02,7.78,12041.74,1
2023-02-28,2023-02-28 12:10:00,1588.15,1588.41,1588.15,1588.41,0.02,7.78,12041.74,1
2023-02-28,2023-02-28 12:11:00,1588.41,1588.67,1588.41,1588.67,0.02,7.78,12041.74,1
2023-02-28,2023-02-28 12:12:00,1588.67,1588.93,1588.67,1588.93,0.02,7.78,12041.74,1
2023-02-28,2023-02-28 12:13:00,1588.93,1589.19,1588.93,1589.19,0.02,7.78,12041.74,1
2023-02-28,2023-02-28 12:14:00,1589.19,1589.44,1589.19,1589.44,0.02,7.78,12041.74,1
2023-02-28,2023-02-28 12:15:00,1589.44,1589.7,1589.44,1589.7,0.02,7.78,12041.74,1
2023-02-28,2023-02-28 12:16:00,1589.7,1589.96,1589.7,1589.96,0.02,7.78,12041.74,1
2023-02-28,2023-02-28 12:17:00,1589.96,1590.22,1589.96,1590.22,0.02,7.78,12041.74,1
2023-02-28,2023-02-28 12:18:00,1590.22,1590.48,1590.22,1590.48,0.02,7.78,12041.74,1
2023-02-28,2023-02-28 12:19:00,1590.48,1590.73,1590.48,1590.73,0.02,7.78,12041.74,1
2023-02-28,2023-02-28 12:20:00,1590.73,1590.99,1590.73,1590.99,0.02,7.78,12041.74,1
2023-02-28,2023-02-28 12:21:00,1590.99,1591.25,1590.99,1591.25,0.02,7.78,12041.74,1
2023-02-28,2023-02-28 12:22:00,1591.25,1591.51,1591.25,1591.51,0.02,7.78,12041.74,1
2023-02-28,2023-02-28 12:23:00,1591.51,1591.76,1591.51,1591.76,0.02,7.78,12041.74,1
2023-02-28,2023-02-28 12:24:00,1591.76,1592.02,1591.76,1592.02,0.02,7.78,12041.74,1
2023-02-28,2023-02-28 12:25:00,1592.02,1592.28,1592.02,1592.28,0.02,7.78,12041.74,1
2023-02-28,2023-02-28 12:26:00,1592.28,1592.54,1592.28,1592.54,0.02,7.78,12041.74,1
2023-02-28,2023-02-28 12:27:00,1592.54,1592.8,1592.54,1592.8,0.02,7.78,12041.74,1
2023-02-28,2023-02-28 12:28:00,1592.8,1593.05,1592.8,1593.05,0.02,7.78,12041.74,1
2023-02-28,2023-02-28 12:29:00,1593.05,1593.31,1593.05,1593.31,0.02,7.78,12041.74,1
2023-02-28,2023-02-28 12:30:00,1593.31,1593.57,1593.31,1593.57,0.02,7.78,12041.74,1
2023-02-28,2023-02-28 12:31:00,1593.57,1593.83,1593.57,1593.83,0.02,7.78,12041.74,1
2023-02-28,2023-02-28 12:32:00,1593.83,1594.09,1593.83,1594.09,0.02,7.78,12041.74,1
2023-02-28,2023-02-28 12:33:00,1594.09,1594.34,1594.09,1594.34,0.02,7.78,12041.74,1
2023-02-28,2023-02-28 12:34:00,1594.34,1594.6,1594.34,1594.6,0.02,7.78,12041.74,1
2023-02-28,2023-02-28 12:35:00,1594.6,1594.86,1594.6,1594.86,0.02,7.78,12041.74,1
2023-02-28,2023-02-28 12:36:00,1594.86,1595.12,1594.86,1595.12,0.02,7.78,12041.74,1
2023-02-28,2023-02-28 12:37:00,1595.12,1595.38,1595.12,1595.38,0.02,7.78,12041.74,1
2023-02-28,2023-02-28 12:38:00,1595.38,1595.63,1595.38,1595.63,0.02,7.78,12041.74,1
2023-02-28,2023-02-28 12:39:00,1595.63,1595.89,1595.63,1595.89,0.02,7.78,12041.74,1
2023-02-28,2023-02-28 12:40:00,1595.89,1596.15,1595.89,1596.15,0.02,7.78,12041.74,1
2023-02-28,2023-02-28 12:41:00,1596.15,1596.41,1596.15,1596.41,0.02,7.78,12041.74,1
2023-02-28,2023-02-28 12:42:00,1596.41,1596.67,1596.41,1596.67,0.02,7.78,12041.74,1
2023-02-28,2023-02-28 12:43:00,1596.67,1596.92,1596.67,1596.92,0.02,7.78,12041.74,1
2023-02-28,2023-02-28 12:44:00,1596.92,1597.18,1596.92,1597.18,0.02,7.78,12041.74,1
2023-02-28,2023-02-28 12:45:00,1597.18,1597.44,1597.18,1597.44,0.02,7.78,12041.74,1
2023-02-28,2023-02-28 12:46:00,1597.44,1597.7,1597.44,1597.7,0.02,7.78,12041.74,1
2023-02-28,2023-02-28 12:47:00,1597.7,1597.95,1597.7,1597.95,0.02,7.78,12041.74,1
2023-02-28,2023-02-28 12:48:00,1597.95,1598.21,1597.95,1598.21,0.02,7.78,12041.74,1
2023-02-28,2023-02-28 12:49:00,1598.21,1598.47,1598.21,1598.47,0.02,7.78,12041.74,1
2023-02-28,2023-02-28 12:50:00,1598.47,1598.73,1598.47,1598.73,0.02,7.78,12041.74,1
2023-02-28,2023-02-28 12:51:00,1598.73,1598.99,1598.73,1598.99,0.02,7.78,12041.74,1
2023-02-28,2023-02-28 12:52:00,1598.99,1599.24,1598.99,1599.24,0.02,7.78,12041.74,1
2023-02-28,2023-02-28 12:53:00,1599.24,1599.5,1599.24,1599.5,0.02,7.78,12041.74,1
2023-02-28,2023-02-28 12:54:00,1599.5,1599.76,1599.5,1599.76,0.02,7.78,12041.74,1
2023-02-28,2023-02-28 12:55:00,1599.76,1600.02,1599.76,1600.02,0.02,7.78,12041.74,1
2023-02-28,2023-02-28 12:56:00,1600.02,1600.28,1600.02,1600.28,0.02,7.78,12041.74,1
2023-02-28,2023-02-28 12:57:00,1600.28,1600.53,1600.28,1600.53,0.02,7.78,12041.74,1
2023-02-28,2023-02-28 12:58:00,1600.53,1600.79,1600.53,1600.79,0.02,7.78,12041.74,1
2023-02-28,2023-02-28 12:59:00,1600.79,1601.05,1600.79,1601.05,0.02,7.78,12041.74,1
2023-02-28,2023-02-28 13:00:00,1601.05,1632.0,1507.0,1601.31,0.02,7.78,12041.74,1
2023-02-28,2023-02-28 13:01:00,1601.31,1601.57,1601.31,1601.57,0.02,7.78,12041.74,1
2023-02-28,2023-02-28 13:02:00,1601.57,1601.82,1601.57,1601.82,0.02,7.78,12041.74,1
2023-02-28,2023-02-28 13:03:00,1601.82,1602.08,1601.82,1602.08,0.02,7.78,12041.74,1
2023-02-28,2023-02-28 13:04:00,1602.08,1602.34,1602.08,1602.34,0.02,7.78,12041.74,1
2023-02-28,2023-02-28 13:05:00,1602.34,1602.6,1602.34,1602.6,0.02,7.78,12041.74,1
2023-02-28,2023-02-28 13:06:00,1602.6,1602.86,1602.6,1602.86,0.02,7.78,12041.74,1
2023-02-28,2023-02-28 13:07:00,1602.86,1603.11,1602.86,1603.11,0.02,7.78,12041.74,1
2023-02-28,2023-02-28 13:08:00,1603.11,1603.37,1603.11,1603.37,0.02,7.78,12041.74,1
2023-02-28,2023-02-28 13:09:00,1603.37,1603.63,1603.37,1603.63,0.02,7.78,12041.74,1
2023-02-28,2023-02-28 13:10:00,1603.63,1603.89,1603.63,1603.89,0.02,7.78,12041.74,1
2023-02-28,2023-02-28 13:11:00,1603.89,1604.14,1603.89,1604.14,0.02,7.78,12041.74,1
2023-02-28,2023-02-28 13:12:00,1604.14,1604.4,1604.14,1604.4,0.02,7.78,12041.74,1
2023-02-28,2023-02-28 13:13:00,1604.4,1604.66,1604.4,1604.66,0.02,7.78,12041.74,1
2023-02-28,2023-02-28 13:14:00,1604.66,1604.92,1604.66,1604.92,0.02,7.78,12041.74,1
2023-02-28,2023-02-28 13:15:00,1604.92,1605.18,1604.92,1605.18,0.02,7.78,12041.74,1
2023-02-28,2023-02-28 13:16:00,1605.18,1605.43,1605.18,1605.43,0.02,7.78,12041.74,1
2023-02-28,2023-02-28 13:17:00,1605.43,1605.69,1605.43,1605.69,0.02,7.78,12041.74,1
2023-02-28,2023-02-28 13:18:00,1605.69,1605.95,1605.69,1605.95,0.02,7.78,12041.74,1
2023-02-28,2023-02-28 13:19:00,1605.95,1606.21,1605.95,1606.21,0.02,7.78,12041.74,1
2023-02-28,2023-02-28 13:20:00,1606.21,1606.47,1606.21,1606.47,0.02,7.78,12041.74,1
2023-02-28,2023-02-28 13:21:00,1606.47,1606.72,1606.47,1606.72,0.02,7.78,12041.74,1
2023-02-28,2023-02-28 13:22:00,1606.72,1606.98,1606.72,1606.98,0.02,7.78,12041.74,1
2023-02-28,2023-02-28 13:23:00,1606.98,1607.24,1606.98,1607.24,0.02,7.78,12041.74,1
2023-02-28,2023-02-28 13:24:00,1607.24,1607.5,1607.24,1607.5,0.02,7.78,12041.74,1
2023-02-28,2023-02-28 13:25:00,1607.5,1607.76,1607.5,1607.76,0.02,7.78,12041.74,1
2023-02-28,2023-02-28 13:26:00,1607.76,1608.01,1607.76,1608.01,0.02,7.78,12041.74,1
2023-02-28,2023-02-28 13:27:00,1608.01,1608.27,1608.01,1608.27,0.02,7.78,12041.74,1
2023-02-28,2023-02-28 13:28:00,1608.27,1608.53,1608.27,1608.53,0.02,7.78,12041.74,1
2023-02-28,2023-02-28 13:29:00,1608.53,1608.79,1608.53,1608.79,0.02,7.78,12041.74,1
2023-02-28,2023-02-28 13:30:00,1608.79,1609.05,1608.79,1609.05,0.02,7.78,12041.74,1
2023-02-28,2023-02-28 13:31:00,1609.05,1609.3,1609.05,1609.3,0.02,7.78,12041.74,1
2023-02-28,2023-02-28 13:32:00,1609.3,1609.56,1609.3,1609.56,0.02,7.78,12041.74,1
2023-02-28,2023-02-28 13:33:00,1609.56,1609.82,1609.56,1609.82,0.02,7.78,12041.74,1
2023-02-28,2023-02-28 13:34:00,1609.82,1610.08,1609.82,1610.08,0.02,7.78,12041.74,1
2023-02-28,2023-02-28 13:35:00,1610.08,1610.34,1610.08,1610.34,0.02,7.78,12041.74,1
2023-02-28,2023-02-28 13:36:00,1610.34,1610.59,1610.34,1610.59,0.02,7.78,12041.74,1
2023-02-28,2023-02-28 13:37:00,1610.59,1610.85,1610.59,1610.85,0.02,7.78,12041.74,1
2023-02-28,2023-02-28 13:38:00,1610.85,1611.11,1610.85,1611.11,0.02,7.78,12041.74,1
2023-02-28,2023-02-28 13:39:00,1611.11,1611.37,1611.11,1611.37,0.02,7.78,12041.74,1
2023-02-28,2023-02-28 13:40:00,1611.37,1611.62,1611.37,1611.62,0.02,7.78,12041.74,1
2023-02-28,2023-02-28 13:41:00,1611.62,1611.88,1611.62,1611.88,0.02,7.78,12041.74,1
2023-02-28,2023-02-28 13:42:00,1611.88,1612.14,1611.88,1612.14,0.02,7.78,12041.74,1
2023-02-28,2023-02-28 13:43:00,1612.14,1612.4,1612.14,1612.4,0.02,7.78,12041.74,1
2023-02-28,2023-02-28 13:44:00,1612.4,1612.66,1612.4,1612.66,0.02,7.78,12041.74,1
2023-02-28,2023-02-28 13:45:00,1612.66,1612.91,1612.66,1612.91,0.02,7.78,12041.74,1
2023-02-28,2023-02-28 13:46:00,1612.91,1613.17,1612.91,1613.17,0.02,7.78,12041.74,1
2023-02-28,2023-02-28 13:47:00,1613.17,1613.43,1613.17,1613.43,0.02,7.78,12041.74,1
2023-02-28,2023-02-28 13:48:00,1613.43,1613.69,1613.43,1613.69,0.02,7.78,12041.74,1
2023-02-28,2023-02-28 13:49:00,1613.69,1613.95,1613.69,1613.95,0.02,7.78,12041.74,1
2023-02-28,2023-02-28 13:50:00,1613.95,1614.2,1613.95,1614.2,0.02,7.78,12041.74,1
2023-02-28,2023-02-28 13:51:00,1614.2,1614.46,1614.2,1614.46,0.02,7.78,12041.74,1
2023-02-28,2023-02-28 13:52:00,1614.46,1614.72,1614.46,1614.72,0.02,7.78,12041.74,1
2023-02-28,2023-02-28 13:53:00,1614.72,1614.98,1614.72,1614.98,0.02,7.78,12041.74,1
2023-02-28,2023-02-28 13:54:00,1614.98,1615.24,1614.98,1615.24,0.02,7.78,12041.74,1
2023-02-28,2023-02-28 13:55:00,1615.24,1615.49,1615.24,1615.49,0.02,7.78,12041.74,1
2023-02-28,2023-02-28 13:56:00,1615.49,1615.75,1615.49,1615.75,0.02,7.78,12041.74,1
2023-02-28,2023-02-28 13:57:00,1615.75,1616.01,1615.75,1616.01,0.02,7.78,12041.74,1
2023-02-28,2023-02-28 13:58:00,1616.01,1616.27,1616.01,1616.27,0.02,7.78,12041.74,1
2023-02-28,2023-02-28 13:59:00,1616.27,1616.53,1616.27,1616.53,0.02,7.78,12041.74,1
2023-02-28,2023-02-28 14:00:00,1616.53,1616.78,1616.53,1616.78,0.02,7.78,12041.74,1
2023-02-28,2023-02-28 14:01:00,1616.78,1617.04,1616.78,1617.04,0.02,7.78,12041.74,1
2023-02-28,2023-02-28 14:02:00,1617.04,1617.3,1617.04,1617.3,0.02,7.78,12041.74,1
2023-02-28,2023-02-28 14:03:00,1617.3,1617.56,1617.3,1617.56,0.02,7.78,12041.74,1
2023-02-28,2023-02-28 14:04:00,1617.56,1617.81,1617.56,1617.81,0.02,7.78,12041.74,1
2023-02-28,2023-02-28 14:05:00,1617.81,1618.07,1617.81,1618.07,0.02,7.78,12041.74,1
2023-02-28,2023-02-28 14:06:00,1618.07,1618.33,1618.07,1618.33,0.02,7.78,12041.74,1
2023-02-28,2023-02-28 14:07:00,1618.33,1618.59,1618.33,1618.59,0.02,7.78,12041.74,1
2023-02-28,2023-02-28 14:08:00,1618.59,1618.85,1618.59,1618.85,0.02,7.78,12041.74,1
2023-02-28,2023-02-28 14:09:00,1618.85,1619.1,1618.85,1619.1,0.02,7.78,12041.74,1
2023-02-28,2023-02-28 14:10:00,1619.1,1619.36,1619.1,1619.36,0.02,7.78,12041.74,1
2023-02-28,2023-02-28 14:11:00,1619.36,1619.62,1619.36,1619.62,0.02,7.78,12041.74,1
2023-02-28,2023-02-28 14:12:00,1619.62,1619.88,1619.62,1619.88,0.02,7.78,12041.74,1
2023-02-28,2023-02-28 14:13:00,1619.88,1620.14,1619.88,1620.14,0.02,7.78,12041.74,1
2023-02-28,2023-02-28 14:14:00,1620.14,1620.39,1620.14,1620.39,0.02,7.78,12041.74,1
2023-02-28,2023-02-28 14:15:00,1620.39,1620.65,1620.39,1620.65,0.02,7.78,12041.74,1
2023-02-28,2023-02-28 14:16:00,1620.65,1620.91,1620.65,1620.91,0.02,7.78,12041.74,1
2023-02-28,2023-02-28 14:17:00,1620.91,1621.17,1620.91,1621.17,0.02,7.78,12041.74,1
2023-02-28,2023-02-28 14:18:00,1621.17,1621.43,1621.17,1621.43,0.02,7.78,12041.74,1
2023-02-28,2023-02-28 14:19:00,1621.43,1621.68,1621.43,1621.68,0.02,7.78,12041.74,1
2023-02-28,2023-02-28 14:20:00,1621.68,1621.94,1621.68,1621.94,0.02,7.78,12041.74,1
2023-02-28,2023-02-28 14:21:00,1621.94,1622.2,1621.94,1622.2,0.02,7.78,12041.74,1
2023-02-28,2023-02-28 14:22:00,1622.2,1622.46,1622.2,1622.46,0.02,7.78,12041.74,1
2023-02-28,2023-02-28 14:23:00,1622.46,1622.71,1622.46,1622.71,0.02,7.78,12041.74,1
2023-02-28,2023-02-28 14:24:00,1622.71,1622.97,1622.71,1622.97,0.02,7.78,12041.74,1
2023-02-28,2023-02-28 14:25:00,1622.97,1623.23,1622.97,1623.23,0.02,7.78,12041.74,1
2023-02-28,2023-02-28 14:26:00,1623.23,1623.49,1623.23,1623.49,0.02,7.78,12041.74,1
2023-02-28,2023-02-28 14:27:00,1623.49,1623.75,1623.49,1623.75,0.02,7.78,12041.74,1
2023-02-28,2023-02-28 14:28:00,1623.75,1624.0,1623.75,1624.0,0.02,7.78,12041.74,1
2023-02-28,2023-02-28 14:29:00,1624.0,1624.26,1624.0,1624.26,0.02,7.78,12041.74,1
2023-02-28,2023-02-28 14:30:00,1624.26,1624.52,1624.26,1624.52,0.02,7.78,12041.74,1
2023-02-28,2023-02-28 14:31:00,1624.52,1624.78,1624.52,1624.78,0.02,7.78,12041.74,1
2023-02-28,2023-02-28 14:32:00,1624.78,1625.04,1624.78,1625.04,0.02,7.78,12041.74,1
2023-02-28,2023-02-28 14:33:00,1625.04,1625.29,1625.04,1625.29,0.02,7.78,12041.74,1
2023-02-28,2023-02-28 14:34:00,1625.29,1625.55,1625.29,1625.55,0.02,7.78,12041.74,1
2023-02-28,2023-02-28 14:35:00,1625.55,1625.81,1625.55,1625.81,0.02,7.78,12041.74,1
2023-02-28,2023-02-28 14:36:00,1625.81,1626.07,1625.81,1626.07,0.02,7.78,12041.74,1
2023-02-28,2023-02-28 14:37:00,1626.07,1626.33,1626.07,1626.33,0.02,7.78,12041.74,1
2023-02-28,2023-02-28 14:38:00,1626.33,1626.58,1626.33,1626.58,0.02,7.78,12041.74,1
2023-02-28,2023-02-28 14:39:00,1626.58,1626.84,1626.58,1626.84,0.02,7.78,12041.74,1
2023-02-28,2023-02-28 14:40:00,1626.84,1627.1,1626.84,1627.1,0.02,7.78,12041.74,1
2023-02-28,2023-02-28 14:41:00,1627.1,1627.36,1627.1,1627.36,0.02,7.78,12041.74,1
2023-02-28,2023-02-28 14:42:00,1627.36,1627.62,1627.36,1627.62,0.02,7.78,12041.74,1
2023-02-28,2023-02-28 14:43:00,1627.62,1627.87,1627.62,1627.87,0.02,7.78,12041.74,1
2023-02-28,2023-02-28 14:44:00,1627.87,1628.13,1627.87,1628.13,0.02,7.78,12041.74,1
2023-02-28,2023-02-28 14:45:00,1628.13,1628.39,1628.13,1628.39,0.02,7.78,12041.74,1
2023-02-28,2023-02-28 14:46:00,1628.39,1628.65,1628.39,1628.65,0.02,7.78,12041.74,1
2023-02-28,2023-02-28 14:47:00,1628.65,1628.9,1628.65,1628.9,0.02,7.78,12041.74,1
2023-02-28,2023-02-28 14:48:00,1628.9,1629.16,1628.9,1629.16,0.02,7.78,12041.74,1
2023-02-28,2023-02-28 14:49:00,1629.16,1629.42,1629.16,1629.42,0.02,7.78,12041.74,1
2023-02-28,2023-02-28 14:50:00,1629.42,1629.68,1629.42,1629.68,0.02,7.78,12041.74,1
2023-02-28,2023-02-28 14:51:00,1629.68,1629.94,1629.68,1629.94,0.02,7.78,12041.74,1
2023-02-28,2023-02-28 14:52:00,1629.94,1630.19,1629.94,1630.19,0.02,7.78,12041.74,1
2023-02-28,2023-02-28 14:53:00,1630.19,1630.45,1630.19,1630.45,0.02,7.78,12041.74,1
2023-02-28,2023-02-28 14:54:00,1630.45,1630.71,1630.45,1630.71,0.02,7.78,12041.74,1
2023-02-28,2023-02-28 14:55:00,1630.71,1630.97,1630.71,1630.97,0.02,7.78,12041.74,1
2023-02-28,2023-02-28 14:56:00,1630.97,1631.23,1630.97,1631.23,0.02,7.78,12041.74,1
2023-02-28,2023-02-28 14:57:00,1631.23,1631.48,1631.23,1631.48,0.02,7.78,12041.74,1
2023-02-28,2023-02-28 14:58:00,1631.48,1631.74,1631.48,1631.74,0.02,7.78,12041.74,1
2023-02-28,2023-02-28 14:59:00,1631.74,1632.0,1631.74,1632.0,0.02,7.78,12041.74,1
2023-02-28,2023-02-28 15:00:00,1632.0,1632.0,1507.0,1632.0,0.0,7.78,12041.74,0
2023-03-01,2023-03-01 11:00:00,1599.4,1599.4,1572.58,1599.14,-0.02,9.4,14402.86,-1
2023-03-01,2023-03-01 11:01:00,1599.14,1599.14,1598.89,1598.89,-0.02,9.4,14402.86,-1
2023-03-01,2023-03-01 11:02:00,1598.89,1598.89,1598.63,1598.63,-0.02,9.4,14402.86,-1
2023-03-01,2023-03-01 11:03:00,1598.63,1598.63,1598.38,1598.38,-0.02,9.4,14402.86,-1
2023-03-01,2023-03-01 11:04:00,1598.38,1598.38,1598.12,1598.12,-0.02,9.4,14402.86,-1
2023-03-01,2023-03-01 11:05:00,1598.12,1598.12,1597.87,1597.87,-0.02,9.4,14402.86,-1
2023-03-01,2023-03-01 11:06:00,1597.87,1597.87,1597.61,1597.61,-0.02,9.4,14402.86,-1
2023-03-01,2023-03-01 11:07:00,1597.61,1597.61,1597.35,1597.35,-0.02,9.4,14402.86,-1
2023-03-01,2023-03-01 11:08:00,1597.35,1597.35,1597.1,1597.1,-0.02,9.4,14402.86,-1
2023-03-01,2023-03-01 11:09:00,1597.1,1597.1,1596.84,1596.84,-0.02,9.4,14402.86,-1
2023-03-01,2023-03-01 11:10:00,1596.84,1596.84,1596.59,1596.59,-0.02,9.4,14402.86,-1
2023-03-01,2023-03-01 11:11:00,1596.59,1596.59,1596.33,1596.33,-0.02,9.4,14402.86,-1
2023-03-01,2023-03-01 11:12:00,1596.33,1596.33,1596.07,1596.07,-0.02,9.4,14402.86,-1
2023-03-01,2023-03-01 11:13:00,1596.07,1596.07,1595.82,1595.82,-0.02,9.4,14402.86,-1
2023-03-01,2023-03-01 11:14:00,1595.82,1595.82,1595.56,1595.56,-0.02,9.4,14402.86,-1
2023-03-01,2023-03-01 11:15:00,1595.56,1595.56,1595.31,1595.31,-0.02,9.4,14402.86,-1
2023-03-01,2023-03-01 11:16:00,1595.31,1595.31,1595.05,1595.05,-0.02,9.4,14402.86,-1
2023-03-01,2023-03-01 11:17:00,1595.05,1595.05,1594.8,1594.8,-0.02,9.4,14402.86,-1
2023-03-01,2023-03-01 11:18:00,1594.8,1594.8,1594.54,1594.54,-0.02,9.4,14402.86,-1
2023-03-01,2023-03-01 11:19:00,1594.54,1594.54,1594.28,1594.28,-0.02,9.4,14402.86,-1
2023-03-01,2023-03-01 11:20:00,1594.28,1594.28,1594.03,1594.03,-0.02,9.4,14402.86,-1
2023-03-01,2023-03-01 11:21:00,1594.03,1594.03,1593.77,1593.77,-0.02,9.4,14402.86,-1
2023-03-01,2023-03-01 11:22:00,1593.77,1593.77,1593.52,1593.52,-0.02,9.4,14402.86,-1
2023-03-01,2023-03-01 11:23:00,1593.52,1593.52,1593.26,1593.26,-0.02,9.4,14402.86,-1
2023-03-01,2023-03-01 11:24:00,1593.26,1593.26,1593.0,1593.0,-0.02,9.4,14402.86,-1
2023-03-01,2023-03-01 11:25:00,1593.0,1593.0,1592.75,1592.75,-0.02,9.4,14402.86,-1
2023-03-01,2023-03-01 11:26:00,1592.75,1592.75,1592.49,1592.49,-0.02,9.4,14402.86,-1
2023-03-01,2023-03-01 11:27:00,1592.49,1592.49,1592.24,1592.24,-0.02,9.4,14402.86,-1
2023-03-01,2023-03-01 11:28:00,1592.24,1592.24,1591.98,1591.98,-0.02,9.4,14402.86,-1
2023-03-01,2023-03-01 11:29:00,1591.98,1591.98,1591.73,1591.73,-0.02,9.4,14402.86,-1
2023-03-01,2023-03-01 11:30:00,1591.73,1591.73,1591.47,1591.47,-0.02,9.4,14402.86,-1
2023-03-01,2023-03-01 11:31:00,1591.47,1591.47,1591.21,1591.21,-0.02,9.4,14402.86,-1
2023-03-01,2023-03-01 11:32:00,1591.21,1591.21,1590.96,1590.96,-0.02,9.4,14402.86,-1
2023-03-01,2023-03-01 11:33:00,1590.96,1590.96,1590.7,1590.7,-0.02,9.4,14402.86,-1
2023-03-01,2023-03-01 11:34:00,1590.7,1590.7,1590.45,1590.45,-0.02,9.4,14402.86,-1
2023-03-01,2023-03-01 11:35:00,1590.45,1590.45,1590.19,1590.19,-0.02,9.4,14402.86,-1
2023-03-01,2023-03-01 11:36:00,1590.19,1590.19,1589.93,1589.93,-0.02,9.4,14402.86,-1
2023-03-01,2023-03-01 11:37:00,1589.93,1589.93,1589.68,1589.68,-0.02,9.4,14402.86,-1
2023-03-01,2023-03-01 11:38:00,1589.68,1589.68,1589.42,1589.42,-0.02,9.4,14402.86,-1
2023-03-01,2023-03-01 11:39:00,1589.42,1589.42,1589.17,1589.17,-0.02,9.4,14402.86,-1
2023-03-01,2023-03-01 11:40:00,1589.17,1589.17,1588.91,1588.91,-0.02,9.4,14402.86,-1
2023-03-01,2023-03-01 11:41:00,1588.91,1588.91,1588.65,1588.65,-0.02,9.4,14402.86,-1
2023-03-01,2023-03-01 11:42:00,1588.65,1588.65,1588.4,1588.4,-0.02,9.4,14402.86,-1
2023-03-01,2023-03-01 11:43:00,1588.4,1588.4,1588.14,1588.14,-0.02,9.4,14402.86,-1
2023-03-01,2023-03-01 11:44:00,1588.14,1588.14,1587.89,1587.89,-0.02,9.4,14402.86,-1
2023-03-01,2023-03-01 11:45:00,1587.89,1587.89,1587.63,1587.63,-0.02,9.4,14402.86,-1
2023-03-01,2023-03-01 11:46:00,1587.63,1587.63,1587.38,1587.38,-0.02,9.4,14402.86,-1
2023-03-01,2023-03-01 11:47:00,1587.38,1587.38,1587.12,1587.12,-0.02,9.4,14402.86,-1
2023-03-01,2023-03-01 11:48:00,1587.12,1587.12,1586.86,1586.86,-0.02,9.4,14402.86,-1
2023-03-01,2023-03-01 11:49:00,1586.86,1586.86,1586.61,1586.61,-0.02,9.4,14402.86,-1
2023-03-01,2023-03-01 11:50:00,1586.61,1586.61,1586.35,1586.35,-0.02,9.4,14402.86,-1
2023-03-01,2023-03-01 11:51:00,1586.35,1586.35,1586.1,1586.1,-0.02,9.4,14402.86,-1
2023-03-01,2023-03-01 11:52:00,1586.1,1586.1,1585.84,1585.84,-0.02,9.4,14402.86,-1
2023-03-01,2023-03-01 11:53:00,1585.84,1585.84,1585.59,1585.59,-0.02,9.4,14402.86,-1
2023-03-01,2023-03-01 11:54:00,1585.59,1585.59,1585.33,1585.33,-0.02,9.4,14402.86,-1
2023-03-01,2023-03-01 11:55:00,1585.33,1585.33,1585.07,1585.07,-0.02,9.4,14402.86,-1
2023-03-01,2023-03-01 11:56:00,1585.07,1585.07,1584.82,1584.82,-0.02,9.4,14402.86,-1
2023-03-01,2023-03-01 11:57:00,1584.82,1584.82,1584.56,1584.56,-0.02,9.4,14402.86,-1
2023-03-01,2023-03-01 11:58:00,1584.56,1584.56,1584.31,1584.31,-0.02,9.4,14402.86,-1
2023-03-01,2023-03-01 11:59:00,1584.31,1584.31,1584.05,1584.05,-0.02,9.4,14402.86,-1
2023-03-01,2023-03-01 12:00:00,1584.05,1584.05,1583.79,1583.79,-0.02,9.4,14402.86,-1
2023-03-01,2023-03-01 12:01:00,1583.79,1583.79,1583.54,1583.54,-0.02,9.4,14402.86,-1
2023-03-01,2023-03-01 12:02:00,1583.54,1583.54,1583.28,1583.28,-0.02,9.4,14402.86,-1
2023-03-01,2023-03-01 12:03:00,1583.28,1583.28,1583.03,1583.03,-0.02,9.4,14402.86,-1
2023-03-01,2023-03-01 12:04:00,1583.03,1583.03,1582.77,1582.77,-0.02,9.4,14402.86,-1
2023-03-01,2023-03-01 12:05:00,1582.77,1582.77,1582.52,1582.52,-0.02,9.4,14402.86,-1
2023-03-01,2023-03-01 12:06:00,1582.52,1582.52,1582.26,1582.26,-0.02,9.4,14402.86,-1
2023-03-01,2023-03-01 12:07:00,1582.26,1582.26,1582.0,1582.0,-0.02,9.4,14402.86,-1
2023-03-01,2023-03-01 12:08:00,1582.0,1582.0,1581.75,1581.75,-0.02,9.4,14402.86,-1
2023-03-01,2023-03-01 12:09:00,1581.75,1581.75,1581.49,1581.49,-0.02,9.4,14402.86,-1
2023-03-01,2023-03-01 12:10:00,1581.49,1581.49,1581.24,1581.24,-0.02,9.4,14402.86,-1
2023-03-01,2023-03-01 12:11:00,1581.24,1581.24,1580.98,1580.98,-0.02,9.4,14402.86,-1
2023-03-01,2023-03-01 12:12:00,1580.98,1580.98,1580.72,1580.72,-0.02,9.4,14402.86,-1
2023-03-01,2023-03-01 12:13:00,1580.72,1580.72,1580.47,1580.47,-0.02,9.4,14402.86,-1
2023-03-01,2023-03-01 12:14:00,1580.47,1580.47,1580.21,1580.21,-0.02,9.4,14402.86,-1
2023-03-01,2023-03-01 12:15:00,1580.21,1580.21,1579.96,1579.96,-0.02,9.4,14402.86,-1
2023-03-01,2023-03-01 12:16:00,1579.96,1579.96,1579.7,1579.7,-0.02,9.4,14402.86,-1
2023-03-01,2023-03-01 12:17:00,1579.7,1579.7,1579.45,1579.45,-0.02,9.4,14402.86,-1
2023-03-01,2023-03-01 12:18:00,1579.45,1579.45,1579.19,1579.19,-0.02,9.4,14402.86,-1
2023-03-01,2023-03-01 12:19:00,1579.19,1579.19,1578.93,1578.93,-0.02,9.4,14402.86,-1
2023-03-01,2023-03-01 12:20:00,1578.93,1578.93,1578.68,1578.68,-0.02,9.4,14402.86,-1
2023-03-01,2023-03-01 12:21:00,1578.68,1578.68,1578.42,1578.42,-0.02,9.4,14402.86,-1
2023-03-01,2023-03-01 12:22:00,1578.42,1578.42,1578.17,1578.17,-0.02,9.4,14402.86,-1
2023-03-01,2023-03-01 12:23:00,1578.17,1578.17,1577.91,1577.91,-0.02,9.4,14402.86,-1
2023-03-01,2023-03-01 12:24:00,1577.91,1577.91,1577.65,1577.65,-0.02,9.4,14402.86,-1
2023-03-01,2023-03-01 12:25:00,1577.65,1577.65,1577.4,1577.4,-0.02,9.4,14402.86,-1
2023-03-01,2023-03-01 12:26:00,1577.4,1577.4,1577.14,1577.14,-0.02,9.4,14402.86,-1
2023-03-01,2023-03-01 12:27:00,1577.14,1577.14,1576.89,1576.89,-0.02,9.4,14402.86,-1
2023-03-01,2023-03-01 12:28:00,1576.89,1576.89,1576.63,1576.63,-0.02,9.4,14402.86,-1
2023-03-01,2023-03-01 12:29:00,1576.63,1576.63,1576.38,1576.38,-0.02,9.4,14402.86,-1
2023-03-01,2023-03-01 12:30:00,1576.38,1576.38,1576.12,1576.12,-0.02,9.4,14402.86,-1
2023-03-01,2023-03-01 12:31:00,1576.12,1576.12,1575.86,1575.86,-0.02,9.4,14402.86,-1
2023-03-01,2023-03-01 12:32:00,1575.86,1575.86,1575.61,1575.61,-0.02,9.4,14402.86,-1
2023-03-01,2023-03-01 12:33:00,1575.61,1575.61,1575.35,1575.35,-0.02,9.4,14402.86,-1
2023-03-01,2023-03-01 12:34:00,1575.35,1575.35,1575.1,1575.1,-0.02,9.4,14402.86,-1
2023-03-01,2023-03-01 12:35:00,1575.1,1575.1,1574.84,1574.84,-0.02,9.4,14402.86,-1
2023-03-01,2023-03-01 12:36:00,1574.84,1574.84,1574.58,1574.58,-0.02,9.4,14402.86,-1
2023-03-01,2023-03-01 12:37:00,1574.58,1574.58,1574.33,1574.33,-0.02,9.4,14402.86,-1
2023-03-01,2023-03-01 12:38:00,1574.33,1574.33,1574.07,1574.07,-0.02,9.4,14402.86,-1
2023-03-01,2023-03-01 12:39:00,1574.07,1574.07,1573.82,1573.82,-0.02,9.4,14402.86,-1
2023-03-01,2023-03-01 12:40:00,1573.82,1573.82,1573.56,1573.56,-0.02,9.4,14402.86,-1
2023-03-01,2023-03-01 12:41:00,1573.56,1573.56,1573.31,1573.31,-0.02,9.4,14402.86,-1
2023-03-01,2023-03-01 12:42:00,1573.31,1573.31,1573.05,1573.05,-0.02,9.4,14402.86,-1
2023-03-01,2023-03-01 12:43:00,1573.05,1573.05,1572.79,1572.79,-0.02,9.4,14402.86,-1
2023-03-01,2023-03-01 12:44:00,1572.79,1572.79,1572.54,1572.54,-0.02,9.4,14402.86,-1
2023-03-01,2023-03-01 12:45:00,1572.54,1572.54,1572.28,1572.28,-0.02,9.4,14402.86,-1
2023-03-01,2023-03-01 12:46:00,1572.28,1572.28,1572.03,1572.03,-0.02,9.4,14402.86,-1
2023-03-01,2023-03-01 12:47:00,1572.03,1572.03,1571.77,1571.77,-0.02,9.4,14402.86,-1
2023-03-01,2023-03-01 12:48:00,1571.77,1571.77,1571.51,1571.51,-0.02,9.4,14402.86,-1
2023-03-01,2023-03-01 12:49:00,1571.51,1571.51,1571.26,1571.26,-0.02,9.4,14402.86,-1
2023-03-01,2023-03-01 12:50:00,1571.26,1571.26,1571.0,1571.0,-0.02,9.4,14402.86,-1
2023-03-01,2023-03-01 12:51:00,1571.0,1571.0,1570.75,1570.75,-0.02,9.4,14402.86,-1
2023-03-01,2023-03-01 12:52:00,1570.75,1570.75,1570.49,1570.49,-0.02,9.4,14402.86,-1
2023-03-01,2023-03-01 12:53:00,1570.49,1570.49,1570.24,1570.24,-0.02,9.4,14402.86,-1
2023-03-01,2023-03-01 12:54:00,1570.24,1570.24,1569.98,1569.98,-0.02,9.4,14402.86,-1
2023-03-01,2023-03-01 12:55:00,1569.98,1569.98,1569.72,1569.72,-0.02,9.4,14402.86,-1
2023-03-01,2023-03-01 12:56:00,1569.72,1569.72,1569.47,1569.47,-0.02,9.4,14402.86,-1
2023-03-01,2023-03-01 12:57:00,1569.47,1569.47,1569.21,1569.21,-0.02,9.4,14402.86,-1
2023-03-01,2023-03-01 12:58:00,1569.21,1569.21,1568.96,1568.96,-0.02,9.4,14402.86,-1
2023-03-01,2023-03-01 12:59:00,1568.96,1568.96,1568.7,1568.7,-0.02,9.4,14402.86,-1
2023-03-01,2023-03-01 13:00:00,1568.7,1599.4,1510.0,1568.44,-0.02,9.4,14402.86,-1
2023-03-01,2023-03-01 13:01:00,1568.44,1568.44,1568.19,1568.19,-0.02,9.4,14402.86,-1
2023-03-01,2023-03-01 13:02:00,1568.19,1568.19,1567.93,1567.93,-0.02,9.4,14402.86,-1
2023-03-01,2023-03-01 13:03:00,1567.93,1567.93,1567.68,1567.68,-0.02,9.4,14402.86,-1
2023-03-01,2023-03-01 13:04:00,1567.68,1567.68,1567.42,1567.42,-0.02,9.4,14402.86,-1
2023-03-01,2023-03-01 13:05:00,1567.42,1567.42,1567.16,1567.16,-0.02,9.4,14402.86,-1
2023-03-01,2023-03-01 13:06:00,1567.16,1567.16,1566.91,1566.91,-0.02,9.4,14402.86,-1
2023-03-01,2023-03-01 13:07:00,1566.91,1566.91,1566.65,1566.65,-0.02,9.4,14402.86,-1
2023-03-01,2023-03-01 13:08:00,1566.65,1566.65,1566.4,1566.4,-0.02,9.4,14402.86,-1
2023-03-01,2023-03-01 13:09:00,1566.4,1566.4,1566.14,1566.14,-0.02,9.4,14402.86,-1
2023-03-01,2023-03-01 13:10:00,1566.14,1566.14,1565.89,1565.89,-0.02,9.4,14402.86,-1
2023-03-01,2023-03-01 13:11:00,1565.89,1565.89,1565.63,1565.63,-0.02,9.4,14402.86,-1
2023-03-01,2023-03-01 13:12:00,1565.63,1565.63,1565.37,1565.37,-0.02,9.4,14402.86,-1
2023-03-01,2023-03-01 13:13:00,1565.37,1565.37,1565.12,1565.12,-0.02,9.4,14402.86,-1
2023-03-01,2023-03-01 13:14:00,1565.12,1565.12,1564.86,1564.86,-0.02,9.4,14402.86,-1
2023-03-01,2023-03-01 13:15:00,1564.86,1564.86,1564.61,1564.61,-0.02,9.4,14402.86,-1
2023-03-01,2023-03-01 13:16:00,1564.61,1564.61,1564.35,1564.35,-0.02,9.4,14402.86,-1
2023-03-01,2023-03-01 13:17:00,1564.35,1564.35,1564.1,1564.1,-0.02,9.4,14402.86,-1
2023-03-01,2023-03-01 13:18:00,1564.1,1564.1,1563.84,1563.84,-0.02,9.4,14402.86,-1
2023-03-01,2023-03-01 13:19:00,1563.84,1563.84,1563.58,1563.58,-0.02,9.4,14402.86,-1
2023-03-01,2023-03-01 13:20:00,1563.58,1563.58,1563.33,1563.33,-0.02,9.4,14402.86,-1
2023-03-01,2023-03-01 13:21:00,1563.33,1563.33,1563.07,1563.07,-0.02,9.4,14402.86,-1
2023-03-01,2023-03-01 13:22:00,1563.07,1563.07,1562.82,1562.82,-0.02,9.4,14402.86,-1
2023-03-01,2023-03-01 13:23:00,1562.82,1562.82,1562.56,1562.56,-0.02,9.4,14402.86,-1
2023-03-01,2023-03-01 13:24:00,1562.56,1562.56,1562.3,1562.3,-0.02,9.4,14402.86,-1
2023-03-01,2023-03-01 13:25:00,1562.3,1562.3,1562.05,1562.05,-0.02,9.4,14402.86,-1
2023-03-01,2023-03-01 13:26:00,1562.05,1562.05,1561.79,1561.79,-0.02,9.4,14402.86,-1
2023-03-01,2023-03-01 13:27:00,1561.79,1561.79,1561.54,1561.54,-0.02,9.4,14402.86,-1
2023-03-01,2023-03-01 13:28:00,1561.54,1561.54,1561.28,1561.28,-0.02,9.4,14402.86,-1
2023-03-01,2023-03-01 13:29:00,1561.28,1561.28,1561.03,1561.03,-0.02,9.4,14402.86,-1
2023-03-01,2023-03-01 13:30:00,1561.03,1561.03,1560.77,1560.77,-0.02,9.4,14402.86,-1
2023-03-01,2023-03-01 13:31:00,1560.77,1560.77,1560.51,1560.51,-0.02,9.4,14402.86,-1
2023-03-01,2023-03-01 13:32:00,1560.51,1560.51,1560.26,1560.26,-0.02,9.4,14402.86,-1
2023-03-01,2023-03-01 13:33:00,1560.26,1560.26,1560.0,1560.0,-0.02,9.4,14402.86,-1
2023-03-01,2023-03-01 13:34:00,1560.0,1560.0,1559.75,1559.75,-0.02,9.4,14402.86,-1
2023-03-01,2023-03-01 13:35:00,1559.75,1559.75,1559.49,1559.49,-0.02,9.4,14402.86,-1
2023-03-01,2023-03-01 13:36:00,1559.49,1559.49,1559.23,1559.23,-0.02,9.4,14402.86,-1
2023-03-01,2023-03-01 13:37:00,1559.23,1559.23,1558.98,1558.98,-0.02,9.4,14402.86,-1
2023-03-01,2023-03-01 13:38:00,1558.98,1558.98,1558.72,1558.72,-0.02,9.4,14402.86,-1
2023-03-01,2023-03-01 13:39:00,1558.72,1558.72,1558.47,1558.47,-0.02,9.4,14402.86,-1
2023-03-01,2023-03-01 13:40:00,1558.47,1558.47,1558.21,1558.21,-0.02,9.4,14402.86,-1
2023-03-01,2023-03-01 13:41:00,1558.21,1558.21,1557.95,1557.95,-0.02,9.4,14402.86,-1
2023-03-01,2023-03-01 13:42:00,1557.95,1557.95,1557.7,1557.7,-0.02,9.4,14402.86,-1
2023-03-01,2023-03-01 13:43:00,1557.7,1557.7,1557.44,1557.44,-0.02,9.4,14402.86,-1
2023-03-01,2023-03-01 13:44:00,1557.44,1557.44,1557.19,1557.19,-0.02,9.4,14402.86,-1
2023-03-01,2023-03-01 13:45:00,1557.19,1557.19,1556.93,1556.93,-0.02,9.4,14402.86,-1
2023-03-01,2023-03-01 13:46:00,1556.93,1556.93,1556.68,1556.68,-0.02,9.4,14402.86,-1
2023-03-01,2023-03-01 13:47:00,1556.68,1556.68,1556.42,1556.42,-0.02,9.4,14402.86,-1
2023-03-01,2023-03-01 13:48:00,1556.42,1556.42,1556.16,1556.16,-0.02,9.4,14402.86,-1
2023-03-01,2023-03-01 13:49:00,1556.16,1556.16,1555.91,1555.91,-0.02,9.4,14402.86,-1
2023-03-01,2023-03-01 13:50:00,1555.91,1555.91,1555.65,1555.65,-0.02,9.4,14402.86,-1
2023-03-01,2023-03-01 13:51:00,1555.65,1555.65,1555.4,1555.4,-0.02,9.4,14402.86,-1
2023-03-01,2023-03-01 13:52:00,1555.4,1555.4,1555.14,1555.14,-0.02,9.4,14402.86,-1
2023-03-01,2023-03-01 13:53:00,1555.14,1555.14,1554.88,1554.88,-0.02,9.4,14402.86,-1
2023-03-01,2023-03-01 13:54:00,1554.88,1554.88,1554.63,1554.63,-0.02,9.4,14402.86,-1
2023-03-01,2023-03-01 13:55:00,1554.63,1554.63,1554.37,1554.37,-0.02,9.4,14402.86,-1
2023-03-01,2023-03-01 13:56:00,1554.37,1554.37,1554.12,1554.12,-0.02,9.4,14402.86,-1
2023-03-01,2023-03-01 13:57:00,1554.12,1554.12,1553.86,1553.86,-0.02,9.4,14402.86,-1
2023-03-01,2023-03-01 13:58:00,1553.86,1553.86,1553.61,1553.61,-0.02,9.4,14402.86,-1
2023-03-01,2023-03-01 13:59:00,1553.61,1553.61,1553.35,1553.35,-0.02,9.4,14402.86,-1
2023-03-01,2023-03-01 14:00:00,1553.35,1553.35,1553.09,1553.09,-0.02,9.4,14402.86,-1
2023-03-01,2023-03-01 14:01:00,1553.09,1553.09,1552.84,1552.84,-0.02,9.4,14402.86,-1
2023-03-01,2023-03-01 14:02:00,1552.84,1552.84,1552.58,1552.58,-0.02,9.4,14402.86,-1
2023-03-01,2023-03-01 14:03:00,1552.58,1552.58,1552.33,1552.33,-0.02,9.4,14402.86,-1
2023-03-01,2023-03-01 14:04:00,1552.33,1552.33,1552.07,1552.07,-0.02,9.4,14402.86,-1
2023-03-01,2023-03-01 14:05:00,1552.07,1552.07,1551.82,1551.82,-0.02,9.4,14402.86,-1
2023-03-01,2023-03-01 14:06:00,1551.82,1551.82,1551.56,1551.56,-0.02,9.4,14402.86,-1
2023-03-01,2023-03-01 14:07:00,1551.56,1551.56,1551.3,1551.3,-0.02,9.4,14402.86,-1
2023-03-01,2023-03-01 14:08:00,1551.3,1551.3,1551.05,1551.05,-0.02,9.4,14402.86,-1
2023-03-01,2023-03-01 14:09:00,1551.05,1551.05,1550.79,1550.79,-0.02,9.4,14402.86,-1
2023-03-01,2023-03-01 14:10:00,1550.79,1550.79,1550.54,1550.54,-0.02,9.4,14402.86,-1
2023-03-01,2023-03-01 14:11:00,1550.54,1550.54,1550.28,1550.28,-0.02,9.4,14402.86,-1
2023-03-01,2023-03-01 14:12:00,1550.28,1550.28,1550.02,1550.02,-0.02,9.4,14402.86,-1
2023-03-01,2023-03-01 14:13:00,1550.02,1550.02,1549.77,1549.77,-0.02,9.4,14402.86,-1
2023-03-01,2023-03-01 14:14:00,1549.77,1549.77,1549.51,1549.51,-0.02,9.4,14402.86,-1
2023-03-01,2023-03-01 14:15:00,1549.51,1549.51,1549.26,1549.26,-0.02,9.4,14402.86,-1
2023-03-01,2023-03-01 14:16:00,1549.26,1549.26,1549.0,1549.0,-0.02,9.4,14402.86,-1
2023-03-01,2023-03-01 14:17:00,1549.0,1549.0,1548.75,1548.75,-0.02,9.4,14402.86,-1
2023-03-01,2023-03-01 14:18:00,1548.75,1548.75,1548.49,1548.49,-0.02,9.4,14402.86,-1
2023-03-01,2023-03-01 14:19:00,1548.49,1548.49,1548.23,1548.23,-0.02,9.4,14402.86,-1
2023-03-01,2023-03-01 14:20:00,1548.23,1548.23,1547.98,1547.98,-0.02,9.4,14402.86,-1
2023-03-01,2023-03-01 14:21:00,1547.98,1547.98,1547.72,1547.72,-0.02,9.4,14402.86,-1
2023-03-01,2023-03-01 14:22:00,1547.72,1547.72,1547.47,1547.47,-0.02,9.4,14402.86,-1
2023-03-01,2023-03-01 14:23:00,1547.47,1547.47,1547.21,1547.21,-0.02,9.4,14402.86,-1
2023-03-01,2023-03-01 14:24:00,1547.21,1547.21,1546.95,1546.95,-0.02,9.4,14402.86,-1
2023-03-01,2023-03-01 14:25:00,1546.95,1546.95,1546.7,1546.7,-0.02,9.4,14402.86,-1
2023-03-01,2023-03-01 14:26:00,1546.7,1546.7,1546.44,1546.44,-0.02,9.4,14402.86,-1
2023-03-01,2023-03-01 14:27:00,1546.44,1546.44,1546.19,1546.19,-0.02,9.4,14402.86,-1
2023-03-01,2023-03-01 14:28:00,1546.19,1546.19,1545.93,1545.93,-0.02,9.4,14402.86,-1
2023-03-01,2023-03-01 14:29:00,1545.93,1545.93,1545.67,1545.67,-0.02,9.4,14402.86,-1
2023-03-01,2023-03-01 14:30:00,1545.67,1545.67,1545.42,1545.42,-0.02,9.4,14402.86,-1
2023-03-01,2023-03-01 14:31:00,1545.42,1545.42,1545.16,1545.16,-0.02,9.4,14402.86,-1
2023-03-01,2023-03-01 14:32:00,1545.16,1545.16,1544.91,1544.91,-0.02,9.4,14402.86,-1
2023-03-01,2023-03-01 14:33:00,1544.91,1544.91,1544.65,1544.65,-0.02,9.4,14402.86,-1
2023-03-01,2023-03-01 14:34:00,1544.65,1544.65,1544.4,1544.4,-0.02,9.4,14402.86,-1
2023-03-01,2023-03-01 14:35:00,1544.4,1544.4,1544.14,1544.14,-0.02,9.4,14402.86,-1
2023-03-01,2023-03-01 14:36:00,1544.14,1544.14,1543.88,1543.88,-0.02,9.4,14402.86,-1
2023-03-01,2023-03-01 14:37:00,1543.88,1543.88,1543.63,1543.63,-0.02,9.4,14402.86,-1
2023-03-01,2023-03-01 14:38:00,1543.63,1543.63,1543.37,1543.37,-0.02,9.4,14402.86,-1
2023-03-01,2023-03-01 14:39:00,1543.37,1543.37,1543.12,1543.12,-0.02,9.4,14402.86,-1
2023-03-01,2023-03-01 14:40:00,1543.12,1543.12,1542.86,1542.86,-0.02,9.4,14402.86,-1
2023-03-01,2023-03-01 14:41:00,1542.86,1542.86,1542.61,1542.61,-0.02,9.4,14402.86,-1
2023-03-01,2023-03-01 14:42:00,1542.61,1542.61,1542.35,1542.35,-0.02,9.4,14402.86,-1
2023-03-01,2023-03-01 14:43:00,1542.35,1542.35,1542.09,1542.09,-0.02,9.4,14402.86,-1
2023-03-01,2023-03-01 14:44:00,1542.09,1542.09,1541.84,1541.84,-0.02,9.4,14402.86,-1
2023-03-01,2023-03-01 14:45:00,1541.84,1541.84,1541.58,1541.58,-0.02,9.4,14402.86,-1
2023-03-01,2023-03-01 14:46:00,1541.58,1541.58,1541.33,1541.33,-0.02,9.4,14402.86,-1
2023-03-01,2023-03-01 14:47:00,1541.33,1541.33,1541.07,1541.07,-0.02,9.4,14402.86,-1
2023-03-01,2023-03-01 14:48:00,1541.07,1541.07,1540.81,1540.81,-0.02,9.4,14402.86,-1
2023-03-01,2023-03-01 14:49:00,1540.81,1540.81,1540.56,1540.56,-0.02,9.4,14402.86,-1
2023-03-01,2023-03-01 14:50:00,1540.56,1540.56,1540.3,1540.3,-0.02,9.4,14402.86,-1
2023-03-01,2023-03-01 14:51:00,1540.3,1540.3,1540.05,1540.05,-0.02,9.4,14402.86,-1
2023-03-01,2023-03-01 14:52:00,1540.05,1540.05,1539.79,1539.79,-0.02,9.4,14402.86,-1
2023-03-01,2023-03-01 14:53:00,1539.79,1539.79,1539.54,1539.54,-0.02,9.4,14402.86,-1
2023-03-01,2023-03-01 14:54:00,1539.54,1539.54,1539.28,1539.28,-0.02,9.4,14402.86,-1
2023-03-01,2023-03-01 14:55:00,1539.28,1539.28,1539.02,1539.02,-0.02,9.4,14402.86,-1
2023-03-01,2023-03-01 14:56:00,1539.02,1539.02,1538.77,1538.77,-0.02,9.4,14402.86,-1
2023-03-01,2023-03-01 14:57:00,1538.77,1538.77,1538.51,1538.51,-0.02,9.4,14402.86,-1
2023-03-01,2023-03-01 14:58:00,1538.51,1538.51,1538.26,1538.26,-0.02,9.4,14402.86,-1
2023-03-01,2023-03-01 14:59:00,1538.26,1538.26,1538.0,1538.0,-0.02,9.4,14402.86,-1
2023-03-01,2023-03-01 15:00:00,1538.0,1599.4,1510.0,1538.0,0.0,9.4,14402.86,0
2023-03-02,2023-03-02 11:00:00,1508.0,1517.0,1499.42,1507.9,-0.01,3.65,5441.71,-1
2023-03-02,2023-03-02 11:01:00,1507.9,1507.9,1507.79,1507.79,-0.01,3.65,5441.71,-1
2023-03-02,2023-03-02 11:02:00,1507.79,1507.79,1507.69,1507.69,-0.01,3.65,5441.71,-1
2023-03-02,2023-03-02 11:03:00,1507.69,1507.69,1507.58,1507.58,-0.01,3.65,5441.71,-1
2023-03-02,2023-03-02 11:04:00,1507.58,1507.58,1507.48,1507.48,-0.01,3.65,5441.71,-1
2023-03-02,2023-03-02 11:05:00,1507.48,1507.48,1507.38,1507.38,-0.01,3.65,5441.71,-1
2023-03-02,2023-03-02 11:06:00,1507.38,1507.38,1507.27,1507.27,-0.01,3.65,5441.71,-1
2023-03-02,2023-03-02 11:07:00,1507.27,1507.27,1507.17,1507.17,-0.01,3.65,5441.71,-1
2023-03-02,2023-03-02 11:08:00,1507.17,1507.17,1507.06,1507.06,-0.01,3.65,5441.71,-1
2023-03-02,2023-03-02 11:09:00,1507.06,1507.06,1506.96,1506.96,-0.01,3.65,5441.71,-1
2023-03-02,2023-03-02 11:10:00,1506.96,1506.96,1506.85,1506.85,-0.01,3.65,5441.71,-1
2023-03-02,2023-03-02 11:11:00,1506.85,1506.85,1506.75,1506.75,-0.01,3.65,5441.71,-1
2023-03-02,2023-03-02 11:12:00,1506.75,1506.75,1506.65,1506.65,-0.01,3.65,5441.71,-1
2023-03-02,2023-03-02 11:13:00,1506.65,1506.65,1506.54,1506.54,-0.01,3.65,5441.71,-1
2023-03-02,2023-03-02 11:14:00,1506.54,1506.54,1506.44,1506.44,-0.01,3.65,5441.71,-1
2023-03-02,2023-03-02 11:15:00,1506.44,1506.44,1506.33,1506.33,-0.01,3.65,5441.71,-1
2023-03-02,2023-03-02 11:16:00,1506.33,1506.33,1506.23,1506.23,-0.01,3.65,5441.71,-1
2023-03-02,2023-03-02 11:17:00,1506.23,1506.23,1506.12,1506.12,-0.01,3.65,5441.71,-1
2023-03-02,2023-03-02 11:18:00,1506.12,1506.12,1506.02,1506.02,-0.01,3.65,5441.71,-1
2023-03-02,2023-03-02 11:19:00,1506.02,1506.02,1505.92,1505.92,-0.01,3.65,5441.71,-1
2023-03-02,2023-03-02 11:20:00,1505.92,1505.92,1505.81,1505.81,-0.01,3.65,5441.71,-1
2023-03-02,2023-03-02 11:21:00,1505.81,1505.81,1505.71,1505.71,-0.01,3.65,5441.71,-1
2023-03-02,2023-03-02 11:22:00,1505.71,1505.71,1505.6,1505.6,-0.01,3.65,5441.71,-1
2023-03-02,2023-03-02 11:23:00,1505.6,1505.6,1505.5,1505.5,-0.01,3.65,5441.71,-1
2023-03-02,2023-03-02 11:24:00,1505.5,1505.5,1505.4,1505.4,-0.01,3.65,5441.71,-1
2023-03-02,2023-03-02 11:25:00,1505.4,1505.4,1505.29,1505.29,-0.01,3.65,5441.71,-1
2023-03-02,2023-03-02 11:26:00,1505.29,1505.29,1505.19,1505.19,-0.01,3.65,5441.71,-1
2023-03-02,2023-03-02 11:27:00,1505.19,1505.19,1505.08,1505.08,-0.01,3.65,5441.71,-1
2023-03-02,2023-03-02 11:28:00,1505.08,1505.08,1504.98,1504.98,-0.01,3.65,5441.71,-1
2023-03-02,2023-03-02 11:29:00,1504.98,1504.98,1504.88,1504.88,-0.01,3.65,5441.71,-1
2023-03-02,2023-03-02 11:30:00,1504.88,1504.88,1504.77,1504.77,-0.01,3.65,5441.71,-1
2023-03-02,2023-03-02 11:31:00,1504.77,1504.77,1504.67,1504.67,-0.01,3.65,5441.71,-1
2023-03-02,2023-03-02 11:32:00,1504.67,1504.67,1504.56,1504.56,-0.01,3.65,5441.71,-1
2023-03-02,2023-03-02 11:33:00,1504.56,1504.56,1504.46,1504.46,-0.01,3.65,5441.71,-1
2023-03-02,2023-03-02 11:34:00,1504.46,1504.46,1504.35,1504.35,-0.01,3.65,5441.71,-1
2023-03-02,2023-03-02 11:35:00,1504.35,1504.35,1504.25,1504.25,-0.01,3.65,5441.71,-1
2023-03-02,2023-03-02 11:36:00,1504.25,1504.25,1504.15,1504.15,-0.01,3.65,5441.71,-1
2023-03-02,2023-03-02 11:37:00,1504.15,1504.15,1504.04,1504.04,-0.01,3.65,5441.71,-1
2023-03-02,2023-03-02 11:38:00,1504.04,1504.04,1503.94,1503.94,-0.01,3.65,5441.71,-1
2023-03-02,2023-03-02 11:39:00,1503.94,1503.94,1503.83,1503.83,-0.01,3.65,5441.71,-1
2023-03-02,2023-03-02 11:40:00,1503.83,1503.83,1503.73,1503.73,-0.01,3.65,5441.71,-1
2023-03-02,2023-03-02 11:41:00,1503.73,1503.73,1503.62,1503.62,-0.01,3.65,5441.71,-1
2023-03-02,2023-03-02 11:42:00,1503.62,1503.62,1503.52,1503.52,-0.01,3.65,5441.71,-1
2023-03-02,2023-03-02 11:43:00,1503.52,1503.52,1503.42,1503.42,-0.01,3.65,5441.71,-1
2023-03-02,2023-03-02 11:44:00,1503.42,1503.42,1503.31,1503.31,-0.01,3.65,5441.71,-1
2023-03-02,2023-03-02 11:45:00,1503.31,1503.31,1503.21,1503.21,-0.01,3.65,5441.71,-1
2023-03-02,2023-03-02 11:46:00,1503.21,1503.21,1503.1,1503.1,-0.01,3.65,5441.71,-1
2023-03-02,2023-03-02 11:47:00,1503.1,1503.1,1503.0,1503.0,-0.01,3.65,5441.71,-1
2023-03-02,2023-03-02 11:48:00,1503.0,1503.0,1502.9,1502.9,-0.01,3.65,5441.71,-1
2023-03-02,2023-03-02 11:49:00,1502.9,1502.9,1502.79,1502.79,-0.01,3.65,5441.71,-1
2023-03-02,2023-03-02 11:50:00,1502.79,1502.79,1502.69,1502.69,-0.01,3.65,5441.71,-1
2023-03-02,2023-03-02 11:51:00,1502.69,1502.69,1502.58,1502.58,-0.01,3.65,5441.71,-1
2023-03-02,2023-03-02 11:52:00,1502.58,1502.58,1502.48,1502.48,-0.01,3.65,5441.71,-1
2023-03-02,2023-03-02 11:53:00,1502.48,1502.48,1502.38,1502.38,-0.01,3.65,5441.71,-1
2023-03-02,2023-03-02 11:54:00,1502.38,1502.38,1502.27,1502.27,-0.01,3.65,5441.71,-1
2023-03-02,2023-03-02 11:55:00,1502.27,1502.27,1502.17,1502.17,-0.01,3.65,5441.71,-1
2023-03-02,2023-03-02 11:56:00,1502.17,1502.17,1502.06,1502.06,-0.01,3.65,5441.71,-1
2023-03-02,2023-03-02 11:57:00,1502.06,1502.06,1501.96,1501.96,-0.01,3.65,5441.71,-1
2023-03-02,2023-03-02 11:58:00,1501.96,1501.96,1501.85,1501.85,-0.01,3.65,5441.71,-1
2023-03-02,2023-03-02 11:59:00,1501.85,1501.85,1501.75,1501.75,-0.01,3.65,5441.71,-1
2023-03-02,2023-03-02 12:00:00,1501.75,1501.75,1501.65,1501.65,-0.01,3.65,5441.71,-1
2023-03-02,2023-03-02 12:01:00,1501.65,1501.65,1501.54,1501.54,-0.01,3.65,5441.71,-1
2023-03-02,2023-03-02 12:02:00,1501.54,1501.54,1501.44,1501.44,-0.01,3.65,5441.71,-1
2023-03-02,2023-03-02 12:03:00,1501.44,1501.44,1501.33,1501.33,-0.01,3.65,5441.71,-1
2023-03-02,2023-03-02 12:04:00,1501.33,1501.33,1501.23,1501.23,-0.01,3.65,5441.71,-1
2023-03-02,2023-03-02 12:05:00,1501.23,1501.23,1501.12,1501.12,-0.01,3.65,5441.71,-1
2023-03-02,2023-03-02 12:06:00,1501.12,1501.12,1501.02,1501.02,-0.01,3.65,5441.71,-1
2023-03-02,2023-03-02 12:07:00,1501.02,1501.02,1500.92,1500.92,-0.01,3.65,5441.71,-1
2023-03-02,2023-03-02 12:08:00,1500.92,1500.92,1500.81,1500.81,-0.01,3.65,5441.71,-1
2023-03-02,2023-03-02 12:09:00,1500.81,1500.81,1500.71,1500.71,-0.01,3.65,5441.71,-1
2023-03-02,2023-03-02 12:10:00,1500.71,1500.71,1500.6,1500.6,-0.01,3.65,5441.71,-1
2023-03-02,2023-03-02 12:11:00,1500.6,1500.6,1500.5,1500.5,-0.01,3.65,5441.71,-1
2023-03-02,2023-03-02 12:12:00,1500.5,1500.5,1500.4,1500.4,-0.01,3.65,5441.71,-1
2023-03-02,2023-03-02 12:13:00,1500.4,1500.4,1500.29,1500.29,-0.01,3.65,5441.71,-1
2023-03-02,2023-03-02 12:14:00,1500.29,1500.29,1500.19,1500.19,-0.01,3.65,5441.71,-1
2023-03-02,2023-03-02 12:15:00,1500.19,1500.19,1500.08,1500.08,-0.01,3.65,5441.71,-1
2023-03-02,2023-03-02 12:16:00,1500.08,1500.08,1499.98,1499.98,-0.01,3.65,5441.71,-1
2023-03-02,2023-03-02 12:17:00,1499.98,1499.98,1499.88,1499.88,-0.01,3.65,5441.71,-1
2023-03-02,2023-03-02 12:18:00,1499.88,1499.88,1499.77,1499.77,-0.01,3.65,5441.71,-1
2023-03-02,2023-03-02 12:19:00,1499.77,1499.77,1499.67,1499.67,-0.01,3.65,5441.71,-1
2023-03-02,2023-03-02 12:20:00,1499.67,1499.67,1499.56,1499.56,-0.01,3.65,5441.71,-1
2023-03-02,2023-03-02 12:21:00,1499.56,1499.56,1499.46,1499.46,-0.01,3.65,5441.71,-1
2023-03-02,2023-03-02 12:22:00,1499.46,1499.46,1499.35,1499.35,-0.01,3.65,5441.71,-1
2023-03-02,2023-03-02 12:23:00,1499.35,1499.35,1499.25,1499.25,-0.01,3.65,5441.71,-1
2023-03-02,2023-03-02 12:24:00,1499.25,1499.25,1499.15,1499.15,-0.01,3.65,5441.71,-1
2023-03-02,2023-03-02 12:25:00,1499.15,1499.15,1499.04,1499.04,-0.01,3.65,5441.71,-1
2023-03-02,2023-03-02 12:26:00,1499.04,1499.04,1498.94,1498.94,-0.01,3.65,5441.71,-1
2023-03-02,2023-03-02 12:27:00,1498.94,1498.94,1498.83,1498.83,-0.01,3.65,5441.71,-1
2023-03-02,2023-03-02 12:28:00,1498.83,1498.83,1498.73,1498.73,-0.01,3.65,5441.71,-1
2023-03-02,2023-03-02 12:29:00,1498.73,1498.73,1498.62,1498.62,-0.01,3.65,5441.71,-1
2023-03-02,2023-03-02 12:30:00,1498.62,1498.62,1498.52,1498.52,-0.01,3.65,5441.71,-1
2023-03-02,2023-03-02 12:31:00,1498.52,1498.52,1498.42,1498.42,-0.01,3.65,5441.71,-1
2023-03-02,2023-03-02 12:32:00,1498.42,1498.42,1498.31,1498.31,-0.01,3.65,5441.71,-1
2023-03-02,2023-03-02 12:33:00,1498.31,1498.31,1498.21,1498.21,-0.01,3.65,5441.71,-1
2023-03-02,2023-03-02 12:34:00,1498.21,1498.21,1498.1,1498.1,-0.01,3.65,5441.71,-1
2023-03-02,2023-03-02 12:35:00,1498.1,1498.1,1498.0,1498.0,-0.01,3.65,5441.71,-1
2023-03-02,2023-03-02 12:36:00,1498.0,1498.0,1497.9,1497.9,-0.01,3.65,5441.71,-1
2023-03-02,2023-03-02 12:37:00,1497.9,1497.9,1497.79,1497.79,-0.01,3.65,5441.71,-1
2023-03-02,2023-03-02 12:38:00,1497.79,1497.79,1497.69,1497.69,-0.01,3.65,5441.71,-1
2023-03-02,2023-03-02 12:39:00,1497.69,1497.69,1497.58,1497.58,-0.01,3.65,5441.71,-1
2023-03-02,2023-03-02 12:40:00,1497.58,1497.58,1497.48,1497.48,-0.01,3.65,5441.71,-1
2023-03-02,2023-03-02 12:41:00,1497.48,1497.48,1497.38,1497.38,-0.01,3.65,5441.71,-1
2023-03-02,2023-03-02 12:42:00,1497.38,1497.38,1497.27,1497.27,-0.01,3.65,5441.71,-1
2023-03-02,2023-03-02 12:43:00,1497.27,1497.27,1497.17,1497.17,-0.01,3.65,5441.71,-1
2023-03-02,2023-03-02 12:44:00,1497.17,1497.17,1497.06,1497.06,-0.01,3.65,5441.71,-1
2023-03-02,2023-03-02 12:45:00,1497.06,1497.06,1496.96,1496.96,-0.01,3.65,5441.71,-1
2023-03-02,2023-03-02 12:46:00,1496.96,1496.96,1496.85,1496.85,-0.01,3.65,5441.71,-1
2023-03-02,2023-03-02 12:47:00,1496.85,1496.85,1496.75,1496.75,-0.01,3.65,5441.71,-1
2023-03-02,2023-03-02 12:48:00,1496.75,1496.75,1496.65,1496.65,-0.01,3.65,5441.71,-1
2023-03-02,2023-03-02 12:49:00,1496.65,1496.65,1496.54,1496.54,-0.01,3.65,5441.71,-1
2023-03-02,2023-03-02 12:50:00,1496.54,1496.54,1496.44,1496.44,-0.01,3.65,5441.71,-1
2023-03-02,2023-03-02 12:51:00,1496.44,1496.44,1496.33,1496.33,-0.01,3.65,5441.71,-1
2023-03-02,2023-03-02 12:52:00,1496.33,1496.33,1496.23,1496.23,-0.01,3.65,5441.71,-1
2023-03-02,2023-03-02 12:53:00,1496.23,1496.23,1496.12,1496.12,-0.01,3.65,5441.71,-1
2023-03-02,2023-03-02 12:54:00,1496.12,1496.12,1496.02,1496.02,-0.01,3.65,5441.71,-1
2023-03-02,2023-03-02 12:55:00,1496.02,1496.02,1495.92,1495.92,-0.01,3.65,5441.71,-1
2023-03-02,2023-03-02 12:56:00,1495.92,1495.92,1495.81,1495.81,-0.01,3.65,5441.71,-1
2023-03-02,2023-03-02 12:57:00,1495.81,1495.81,1495.71,1495.71,-0.01,3.65,5441.71,-1
2023-03-02,2023-03-02 12:58:00,1495.71,1495.71,1495.6,1495.6,-0.01,3.65,5441.71,-1
2023-03-02,2023-03-02 12:59:00,1495.6,1495.6,1495.5,1495.5,-0.01,3.65,5441.71,-1
2023-03-02,2023-03-02 13:00:00,1495.5,1538.0,1479.4,1495.4,-0.01,3.65,5441.71,-1
2023-03-02,2023-03-02 13:01:00,1495.4,1495.4,1495.29,1495.29,-0.01,3.65,5441.71,-1
2023-03-02,2023-03-02 13:02:00,1495.29,1495.29,1495.19,1495.19,-0.01,3.65,5441.71,-1
2023-03-02,2023-03-02 13:03:00,1495.19,1495.19,1495.08,1495.08,-0.01,3.65,5441.71,-1
2023-03-02,2023-03-02 13:04:00,1495.08,1495.08,1494.98,1494.98,-0.01,3.65,5441.71,-1
2023-03-02,2023-03-02 13:05:00,1494.98,1494.98,1494.88,1494.88,-0.01,3.65,5441.71,-1
2023-03-02,2023-03-02 13:06:00,1494.88,1494.88,1494.77,1494.77,-0.01,3.65,5441.71,-1
2023-03-02,2023-03-02 13:07:00,1494.77,1494.77,1494.67,1494.67,-0.01,3.65,5441.71,-1
2023-03-02,2023-03-02 13:08:00,1494.67,1494.67,1494.56,1494.56,-0.01,3.65,5441.71,-1
2023-03-02,2023-03-02 13:09:00,1494.56,1494.56,1494.46,1494.46,-0.01,3.65,5441.71,-1
2023-03-02,2023-03-02 13:10:00,1494.46,1494.46,1494.35,1494.35,-0.01,3.65,5441.71,-1
2023-03-02,2023-03-02 13:11:00,1494.35,1494.35,1494.25,1494.25,-0.01,3.65,5441.71,-1
2023-03-02,2023-03-02 13:12:00,1494.25,1494.25,1494.15,1494.15,-0.01,3.65,5441.71,-1
2023-03-02,2023-03-02 13:13:00,1494.15,1494.15,1494.04,1494.04,-0.01,3.65,5441.71,-1
2023-03-02,2023-03-02 13:14:00,1494.04,1494.04,1493.94,1493.94,-0.01,3.65,5441.71,-1
2023-03-02,2023-03-02 13:15:00,1493.94,1493.94,1493.83,1493.83,-0.01,3.65,5441.71,-1
2023-03-02,2023-03-02 13:16:00,1493.83,1493.83,1493.73,1493.73,-0.01,3.65,5441.71,-1
2023-03-02,2023-03-02 13:17:00,1493.73,1493.73,1493.62,1493.62,-0.01,3.65,5441.71,-1
2023-03-02,2023-03-02 13:18:00,1493.62,1493.62,1493.52,1493.52,-0.01,3.65,5441.71,-1
2023-03-02,2023-03-02 13:19:00,1493.52,1493.52,1493.42,1493.42,-0.01,3.65,5441.71,-1
2023-03-02,2023-03-02 13:20:00,1493.42,1493.42,1493.31,1493.31,-0.01,3.65,5441.71,-1
2023-03-02,2023-03-02 13:21:00,1493.31,1493.31,1493.21,1493.21,-0.01,3.65,5441.71,-1
2023-03-02,2023-03-02 13:22:00,1493.21,1493.21,1493.1,1493.1,-0.01,3.65,5441.71,-1
2023-03-02,2023-03-02 13:23:00,1493.1,1493.1,1493.0,1493.0,-0.01,3.65,5441.71,-1
2023-03-02,2023-03-02 13:24:00,1493.0,1493.0,1492.9,1492.9,-0.01,3.65,5441.71,-1
2023-03-02,2023-03-02 13:25:00,1492.9,1492.9,1492.79,1492.79,-0.01,3.65,5441.71,-1
2023-03-02,2023-03-02 13:26:00,1492.79,1492.79,1492.69,1492.69,-0.01,3.65,5441.71,-1
2023-03-02,2023-03-02 13:27:00,1492.69,1492.69,1492.58,1492.58,-0.01,3.65,5441.71,-1
2023-03-02,2023-03-02 13:28:00,1492.58,1492.58,1492.48,1492.48,-0.01,3.65,5441.71,-1
2023-03-02,2023-03-02 13:29:00,1492.48,1492.48,1492.38,1492.38,-0.01,3.65,5441.71,-1
2023-03-02,2023-03-02 13:30:00,1492.38,1492.38,1492.27,1492.27,-0.01,3.65,5441.71,-1
2023-03-02,2023-03-02 13:31:00,1492.27,1492.27,1492.17,1492.17,-0.01,3.65,5441.71,-1
2023-03-02,2023-03-02 13:32:00,1492.17,1492.17,1492.06,1492.06,-0.01,3.65,5441.71,-1
2023-03-02,2023-03-02 13:33:00,1492.06,1492.06,1491.96,1491.96,-0.01,3.65,5441.71,-1
2023-03-02,2023-03-02 13:34:00,1491.96,1491.96,1491.85,1491.85,-0.01,3.65,5441.71,-1
2023-03-02,2023-03-02 13:35:00,1491.85,1491.85,1491.75,1491.75,-0.01,3.65,5441.71,-1
2023-03-02,2023-03-02 13:36:00,1491.75,1491.75,1491.65,1491.65,-0.01,3.65,5441.71,-1
2023-03-02,2023-03-02 13:37:00,1491.65,1491.65,1491.54,1491.54,-0.01,3.65,5441.71,-1
2023-03-02,2023-03-02 13:38:00,1491.54,1491.54,1491.44,1491.44,-0.01,3.65,5441.71,-1
2023-03-02,2023-03-02 13:39:00,1491.44,1491.44,1491.33,1491.33,-0.01,3.65,5441.71,-1
2023-03-02,2023-03-02 13:40:00,1491.33,1491.33,1491.23,1491.23,-0.01,3.65,5441.71,-1
2023-03-02,2023-03-02 13:41:00,1491.23,1491.23,1491.12,1491.12,-0.01,3.65,5441.71,-1
2023-03-02,2023-03-02 13:42:00,1491.12,1491.12,1491.02,1491.02,-0.01,3.65,5441.71,-1
2023-03-02,2023-03-02 13:43:00,1491.02,1491.02,1490.92,1490.92,-0.01,3.65,5441.71,-1
2023-03-02,2023-03-02 13:44:00,1490.92,1490.92,1490.81,1490.81,-0.01,3.65,5441.71,-1
2023-03-02,2023-03-02 13:45:00,1490.81,1490.81,1490.71,1490.71,-0.01,3.65,5441.71,-1
2023-03-02,2023-03-02 13:46:00,1490.71,1490.71,1490.6,1490.6,-0.01,3.65,5441.71,-1
2023-03-02,2023-03-02 13:47:00,1490.6,1490.6,1490.5,1490.5,-0.01,3.65,5441.71,-1
2023-03-02,2023-03-02 13:48:00,1490.5,1490.5,1490.4,1490.4,-0.01,3.65,5441.71,-1
2023-03-02,2023-03-02 13:49:00,1490.4,1490.4,1490.29,1490.29,-0.01,3.65,5441.71,-1
2023-03-02,2023-03-02 13:50:00,1490.29,1490.29,1490.19,1490.19,-0.01,3.65,5441.71,-1
2023-03-02,2023-03-02 13:51:00,1490.19,1490.19,1490.08,1490.08,-0.01,3.65,5441.71,-1
2023-03-02,2023-03-02 13:52:00,1490.08,1490.08,1489.98,1489.98,-0.01,3.65,5441.71,-1
2023-03-02,2023-03-02 13:53:00,1489.98,1489.98,1489.88,1489.88,-0.01,3.65,5441.71,-1
2023-03-02,2023-03-02 13:54:00,1489.88,1489.88,1489.77,1489.77,-0.01,3.65,5441.71,-1
2023-03-02,2023-03-02 13:55:00,1489.77,1489.77,1489.67,1489.67,-0.01,3.65,5441.71,-1
2023-03-02,2023-03-02 13:56:00,1489.67,1489.67,1489.56,1489.56,-0.01,3.65,5441.71,-1
2023-03-02,2023-03-02 13:57:00,1489.56,1489.56,1489.46,1489.46,-0.01,3.65,5441.71,-1
2023-03-02,2023-03-02 13:58:00,1489.46,1489.46,1489.35,1489.35,-0.01,3.65,5441.71,-1
2023-03-02,2023-03-02 13:59:00,1489.35,1489.35,1489.25,1489.25,-0.01,3.65,5441.71,-1
2023-03-02,2023-03-02 14:00:00,1489.25,1489.25,1489.15,1489.15,-0.01,3.65,5441.71,-1
2023-03-02,2023-03-02 14:01:00,1489.15,1489.15,1489.04,1489.04,-0.01,3.65,5441.71,-1
2023-03-02,2023-03-02 14:02:00,1489.04,1489.04,1488.94,1488.94,-0.01,3.65,5441.71,-1
2023-03-02,2023-03-02 14:03:00,1488.94,1488.94,1488.83,1488.83,-0.01,3.65,5441.71,-1
2023-03-02,2023-03-02 14:04:00,1488.83,1488.83,1488.73,1488.73,-0.01,3.65,5441.71,-1
2023-03-02,2023-03-02 14:05:00,1488.73,1488.73,1488.62,1488.62,-0.01,3.65,5441.71,-1
2023-03-02,2023-03-02 14:06:00,1488.62,1488.62,1488.52,1488.52,-0.01,3.65,5441.71,-1
2023-03-02,2023-03-02 14:07:00,1488.52,1488.52,1488.42,1488.42,-0.01,3.65,5441.71,-1
2023-03-02,2023-03-02 14:08:00,1488.42,1488.42,1488.31,1488.31,-0.01,3.65,5441.71,-1
2023-03-02,2023-03-02 14:09:00,1488.31,1488.31,1488.21,1488.21,-0.01,3.65,5441.71,-1
2023-03-02,2023-03-02 14:10:00,1488.21,1488.21,1488.1,1488.1,-0.01,3.65,5441.71,-1
2023-03-02,2023-03-02 14:11:00,1488.1,1488.1,1488.0,1488.0,-0.01,3.65,5441.71,-1
2023-03-02,2023-03-02 14:12:00,1488.0,1488.0,1487.9,1487.9,-0.01,3.65,5441.71,-1
2023-03-02,2023-03-02 14:13:00,1487.9,1487.9,1487.79,1487.79,-0.01,3.65,5441.71,-1
2023-03-02,2023-03-02 14:14:00,1487.79,1487.79,1487.69,1487.69,-0.01,3.65,5441.71,-1
2023-03-02,2023-03-02 14:15:00,1487.69,1487.69,1487.58,1487.58,-0.01,3.65,5441.71,-1
2023-03-02,2023-03-02 14:16:00,1487.58,1487.58,1487.48,1487.48,-0.01,3.65,5441.71,-1
2023-03-02,2023-03-02 14:17:00,1487.48,1487.48,1487.38,1487.38,-0.01,3.65,5441.71,-1
2023-03-02,2023-03-02 14:18:00,1487.38,1487.38,1487.27,1487.27,-0.01,3.65,5441.71,-1
2023-03-02,2023-03-02 14:19:00,1487.27,1487.27,1487.17,1487.17,-0.01,3.65,5441.71,-1
2023-03-02,2023-03-02 14:20:00,1487.17,1487.17,1487.06,1487.06,-0.01,3.65,5441.71,-1
2023-03-02,2023-03-02 14:21:00,1487.06,1487.06,1486.96,1486.96,-0.01,3.65,5441.71,-1
2023-03-02,2023-03-02 14:22:00,1486.96,1486.96,1486.85,1486.85,-0.01,3.65,5441.71,-1
2023-03-02,2023-03-02 14:23:00,1486.85,1486.85,1486.75,1486.75,-0.01,3.65,5441.71,-1
2023-03-02,2023-03-02 14:24:00,1486.75,1486.75,1486.65,1486.65,-0.01,3.65,5441.71,-1
2023-03-02,2023-03-02 14:25:00,1486.65,1486.65,1486.54,1486.54,-0.01,3.65,5441.71,-1
2023-03-02,2023-03-02 14:26:00,1486.54,1486.54,1486.44,1486.44,-0.01,3.65,5441.71,-1
2023-03-02,2023-03-02 14:27:00,1486.44,1486.44,1486.33,1486.33,-0.01,3.65,5441.71,-1
2023-03-02,2023-03-02 14:28:00,1486.33,1486.33,1486.23,1486.23,-0.01,3.65,5441.71,-1
2023-03-02,2023-03-02 14:29:00,1486.23,1486.23,1486.12,1486.12,-0.01,3.65,5441.71,-1
2023-03-02,2023-03-02 14:30:00,1486.12,1486.12,1486.02,1486.02,-0.01,3.65,5441.71,-1
2023-03-02,2023-03-02 14:31:00,1486.02,1486.02,1485.92,1485.92,-0.01,3.65,5441.71,-1
2023-03-02,2023-03-02 14:32:00,1485.92,1485.92,1485.81,1485.81,-0.01,3.65,5441.71,-1
2023-03-02,2023-03-02 14:33:00,1485.81,1485.81,1485.71,1485.71,-0.01,3.65,5441.71,-1
2023-03-02,2023-03-02 14:34:00,1485.71,1485.71,1485.6,1485.6,-0.01,3.65,5441.71,-1
2023-03-02,2023-03-02 14:35:00,1485.6,1485.6,1485.5,1485.5,-0.01,3.65,5441.71,-1
2023-03-02,2023-03-02 14:36:00,1485.5,1485.5,1485.4,1485.4,-0.01,3.65,5441.71,-1
2023-03-02,2023-03-02 14:37:00,1485.4,1485.4,1485.29,1485.29,-0.01,3.65,5441.71,-1
2023-03-02,2023-03-02 14:38:00,1485.29,1485.29,1485.19,1485.19,-0.01,3.65,5441.71,-1
2023-03-02,2023-03-02 14:39:00,1485.19,1485.19,1485.08,1485.08,-0.01,3.65,5441.71,-1
2023-03-02,2023-03-02 14:40:00,1485.08,1485.08,1484.98,1484.98,-0.01,3.65,5441.71,-1
2023-03-02,2023-03-02 14:41:00,1484.98,1484.98,1484.88,1484.88,-0.01,3.65,5441.71,-1
2023-03-02,2023-03-02 14:42:00,1484.88,1484.88,1484.77,1484.77,-0.01,3.65,5441.71,-1
2023-03-02,2023-03-02 14:43:00,1484.77,1484.77,1484.67,1484.67,-0.01,3.65,5441.71,-1
2023-03-02,2023-03-02 14:44:00,1484.67,1484.67,1484.56,1484.56,-0.01,3.65,5441.71,-1
2023-03-02,2023-03-02 14:45:00,1484.56,1484.56,1484.46,1484.46,-0.01,3.65,5441.71,-1
2023-03-02,2023-03-02 14:46:00,1484.46,1484.46,1484.35,1484.35,-0.01,3.65,5441.71,-1
2023-03-02,2023-03-02 14:47:00,1484.35,1484.35,1484.25,1484.25,-0.01,3.65,5441.71,-1
2023-03-02,2023-03-02 14:48:00,1484.25,1484.25,1484.15,1484.15,-0.01,3.65,5441.71,-1
2023-03-02,2023-03-02 14:49:00,1484.15,1484.15,1484.04,1484.04,-0.01,3.65,5441.71,-1
2023-03-02,2023-03-02 14:50:00,1484.04,1484.04,1483.94,1483.94,-0.01,3.65,5441.71,-1
2023-03-02,2023-03-02 14:51:00,1483.94,1483.94,1483.83,1483.83,-0.01,3.65,5441.71,-1
2023-03-02,2023-03-02 14:52:00,1483.83,1483.83,1483.73,1483.73,-0.01,3.65,5441.71,-1
2023-03-02,2023-03-02 14:53:00,1483.73,1483.73,1483.62,1483.62,-0.01,3.65,5441.71,-1
2023-03-02,2023-03-02 14:54:00,1483.62,1483.62,1483.52,1483.52,-0.01,3.65,5441.71,-1
2023-03-02,2023-03-02 14:55:00,1483.52,1483.52,1483.42,1483.42,-0.01,3.65,5441.71,-1
2023-03-02,2023-03-02 14:56:00,1483.42,1483.42,1483.31,1483.31,-0.01,3.65,5441.71,-1
2023-03-02,2023-03-02 14:57:00,1483.31,1483.31,1483.21,1483.21,-0.01,3.65,5441.71,-1
2023-03-02,2023-03-02 14:58:00,1483.21,1483.21,1483.1,1483.1,-0.01,3.65,5441.71,-1
2023-03-02,2023-03-02 14:59:00,1483.1,1483.1,1483.0,1483.0,-0.01,3.65,5441.71,-1
2023-03-02,2023-03-02 15:00:00,1483.0,1538.0,1479.4,1483.0,0.0,3.65,5441.71,0
2023-03-05,2023-03-05 11:00:00,1465.0,1465.0,1442.5,1464.76,-0.02,4.18,5919.72,-1
2023-03-05,2023-03-05 11:01:00,1464.76,1464.76,1464.53,1464.53,-0.02,4.18,5919.72,-1
2023-03-05,2023-03-05 11:02:00,1464.53,1464.53,1464.29,1464.29,-0.02,4.18,5919.72,-1
2023-03-05,2023-03-05 11:03:00,1464.29,1464.29,1464.05,1464.05,-0.02,4.18,5919.72,-1
2023-03-05,2023-03-05 11:04:00,1464.05,1464.05,1463.81,1463.81,-0.02,4.18,5919.72,-1
2023-03-05,2023-03-05 11:05:00,1463.81,1463.81,1463.58,1463.58,-0.02,4.18,5919.72,-1
2023-03-05,2023-03-05 11:06:00,1463.58,1463.58,1463.34,1463.34,-0.02,4.18,5919.72,-1
2023-03-05,2023-03-05 11:07:00,1463.34,1463.34,1463.1,1463.1,-0.02,4.18,5919.72,-1
2023-03-05,2023-03-05 11:08:00,1463.1,1463.1,1462.86,1462.86,-0.02,4.18,5919.72,-1
2023-03-05,2023-03-05 11:09:00,1462.86,1462.86,1462.62,1462.62,-0.02,4.18,5919.72,-1
2023-03-05,2023-03-05 11:10:00,1462.62,1462.62,1462.39,1462.39,-0.02,4.18,5919.72,-1
2023-03-05,2023-03-05 11:11:00,1462.39,1462.39,1462.15,1462.15,-0.02,4.18,5919.72,-1
2023-03-05,2023-03-05 11:12:00,1462.15,1462.15,1461.91,1461.91,-0.02,4.18,5919.72,-1
2023-03-05,2023-03-05 11:13:00,1461.91,1461.91,1461.67,1461.67,-0.02,4.18,5919.72,-1
2023-03-05,2023-03-05 11:14:00,1461.67,1461.67,1461.44,1461.44,-0.02,4.18,5919.72,-1
2023-03-05,2023-03-05 11:15:00,1461.44,1461.44,1461.2,1461.2,-0.02,4.18,5919.72,-1
2023-03-05,2023-03-05 11:16:00,1461.2,1461.2,1460.96,1460.96,-0.02,4.18,5919.72,-1
2023-03-05,2023-03-05 11:17:00,1460.96,1460.96,1460.72,1460.72,-0.02,4.18,5919.72,-1
2023-03-05,2023-03-05 11:18:00,1460.72,1460.72,1460.49,1460.49,-0.02,4.18,5919.72,-1
2023-03-05,2023-03-05 11:19:00,1460.49,1460.49,1460.25,1460.25,-0.02,4.18,5919.72,-1
2023-03-05,2023-03-05 11:20:00,1460.25,1460.25,1460.01,1460.01,-0.02,4.18,5919.72,-1
2023-03-05,2023-03-05 11:21:00,1460.01,1460.01,1459.78,1459.78,-0.02,4.18,5919.72,-1
2023-03-05,2023-03-05 11:22:00,1459.78,1459.78,1459.54,1459.54,-0.02,4.18,5919.72,-1
2023-03-05,2023-03-05 11:23:00,1459.54,1459.54,1459.3,1459.3,-0.02,4.18,5919.72,-1
2023-03-05,2023-03-05 11:24:00,1459.3,1459.3,1459.06,1459.06,-0.02,4.18,5919.72,-1
2023-03-05,2023-03-05 11:25:00,1459.06,1459.06,1458.83,1458.83,-0.02,4.18,5919.72,-1
2023-03-05,2023-03-05 11:26:00,1458.83,1458.83,1458.59,1458.59,-0.02,4.18,5919.72,-1
2023-03-05,2023-03-05 11:27:00,1458.59,1458.59,1458.35,1458.35,-0.02,4.18,5919.72,-1
2023-03-05,2023-03-05 11:28:00,1458.35,1458.35,1458.11,1458.11,-0.02,4.18,5919.72,-1
2023-03-05,2023-03-05 11:29:00,1458.11,1458.11,1457.88,1457.88,-0.02,4.18,5919.72,-1
2023-03-05,2023-03-05 11:30:00,1457.88,1457.88,1457.64,1457.64,-0.02,4.18,5919.72,-1
2023-03-05,2023-03-05 11:31:00,1457.64,1457.64,1457.4,1457.4,-0.02,4.18,5919.72,-1
2023-03-05,2023-03-05 11:32:00,1457.4,1457.4,1457.16,1457.16,-0.02,4.18,5919.72,-1
2023-03-05,2023-03-05 11:33:00,1457.16,1457.16,1456.92,1456.92,-0.02,4.18,5919.72,-1
2023-03-05,2023-03-05 11:34:00,1456.92,1456.92,1456.69,1456.69,-0.02,4.18,5919.72,-1
2023-03-05,2023-03-05 11:35:00,1456.69,1456.69,1456.45,1456.45,-0.02,4.18,5919.72,-1
2023-03-05,2023-03-05 11:36:00,1456.45,1456.45,1456.21,1456.21,-0.02,4.18,5919.72,-1
2023-03-05,2023-03-05 11:37:00,1456.21,1456.21,1455.97,1455.97,-0.02,4.18,5919.72,-1
2023-03-05,2023-03-05 11:38:00,1455.97,1455.97,1455.74,1455.74,-0.02,4.18,5919.72,-1
2023-03-05,2023-03-05 11:39:00,1455.74,1455.74,1455.5,1455.5,-0.02,4.18,5919.72,-1
2023-03-05,2023-03-05 11:40:00,1455.5,1455.5,1455.26,1455.26,-0.02,4.18,5919.72,-1
2023-03-05,2023-03-05 11:41:00,1455.26,1455.26,1455.03,1455.03,-0.02,4.18,5919.72,-1
2023-03-05,2023-03-05 11:42:00,1455.03,1455.03,1454.79,1454.79,-0.02,4.18,5919.72,-1
2023-03-05,2023-03-05 11:43:00,1454.79,1454.79,1454.55,1454.55,-0.02,4.18,5919.72,-1
2023-03-05,2023-03-05 11:44:00,1454.55,1454.55,1454.31,1454.31,-0.02,4.18,5919.72,-1
2023-03-05,2023-03-05 11:45:00,1454.31,1454.31,1454.08,1454.08,-0.02,4.18,5919.72,-1
2023-03-05,2023-03-05 11:46:00,1454.08,1454.08,1453.84,1453.84,-0.02,4.18,5919.72,-1
2023-03-05,2023-03-05 11:47:00,1453.84,1453.84,1453.6,1453.6,-0.02,4.18,5919.72,-1
2023-03-05,2023-03-05 11:48:00,1453.6,1453.6,1453.36,1453.36,-0.02,4.18,5919.72,-1
2023-03-05,2023-03-05 11:49:00,1453.36,1453.36,1453.12,1453.12,-0.02,4.18,5919.72,-1
2023-03-05,2023-03-05 11:50:00,1453.12,1453.12,1452.89,1452.89,-0.02,4.18,5919.72,-1
2023-03-05,2023-03-05 11:51:00,1452.89,1452.89,1452.65,1452.65,-0.02,4.18,5919.72,-1
2023-03-05,2023-03-05 11:52:00,1452.65,1452.65,1452.41,1452.41,-0.02,4.18,5919.72,-1
2023-03-05,2023-03-05 11:53:00,1452.41,1452.41,1452.17,1452.17,-0.02,4.18,5919.72,-1
2023-03-05,2023-03-05 11:54:00,1452.17,1452.17,1451.94,1451.94,-0.02,4.18,5919.72,-1
2023-03-05,2023-03-05 11:55:00,1451.94,1451.94,1451.7,1451.7,-0.02,4.18,5919.72,-1
2023-03-05,2023-03-05 11:56:00,1451.7,1451.7,1451.46,1451.46,-0.02,4.18,5919.72,-1
2023-03-05,2023-03-05 11:57:00,1451.46,1451.46,1451.22,1451.22,-0.02,4.18,5919.72,-1
2023-03-05,2023-03-05 11:58:00,1451.22,1451.22,1450.99,1450.99,-0.02,4.18,5919.72,-1
2023-03-05,2023-03-05 11:59:00,1450.99,1450.99,1450.75,1450.75,-0.02,4.18,5919.72,-1
2023-03-05,2023-03-05 12:00:00,1450.75,1450.75,1450.51,1450.51,-0.02,4.18,5919.72,-1
2023-03-05,2023-03-05 12:01:00,1450.51,1450.51,1450.28,1450.28,-0.02,4.18,5919.72,-1
2023-03-05,2023-03-05 12:02:00,1450.28,1450.28,1450.04,1450.04,-0.02,4.18,5919.72,-1
2023-03-05,2023-03-05 12:03:00,1450.04,1450.04,1449.8,1449.8,-0.02,4.18,5919.72,-1
2023-03-05,2023-03-05 12:04:00,1449.8,1449.8,1449.56,1449.56,-0.02,4.18,5919.72,-1
2023-03-05,2023-03-05 12:05:00,1449.56,1449.56,1449.33,1449.33,-0.02,4.18,5919.72,-1
2023-03-05,2023-03-05 12:06:00,1449.33,1449.33,1449.09,1449.09,-0.02,4.18,5919.72,-1
2023-03-05,2023-03-05 12:07:00,1449.09,1449.09,1448.85,1448.85,-0.02,4.18,5919.72,-1
2023-03-05,2023-03-05 12:08:00,1448.85,1448.85,1448.61,1448.61,-0.02,4.18,5919.72,-1
2023-03-05,2023-03-05 12:09:00,1448.61,1448.61,1448.38,1448.38,-0.02,4.18,5919.72,-1
2023-03-05,2023-03-05 12:10:00,1448.38,1448.38,1448.14,1448.14,-0.02,4.18,5919.72,-1
2023-03-05,2023-03-05 12:11:00,1448.14,1448.14,1447.9,1447.9,-0.02,4.18,5919.72,-1
2023-03-05,2023-03-05 12:12:00,1447.9,1447.9,1447.66,1447.66,-0.02,4.18,5919.72,-1
2023-03-05,2023-03-05 12:13:00,1447.66,1447.66,1447.42,1447.42,-0.02,4.18,5919.72,-1
2023-03-05,2023-03-05 12:14:00,1447.42,1447.42,1447.19,1447.19,-0.02,4.18,5919.72,-1
2023-03-05,2023-03-05 12:15:00,1447.19,1447.19,1446.95,1446.95,-0.02,4.18,5919.72,-1
2023-03-05,2023-03-05 12:16:00,1446.95,1446.95,1446.71,1446.71,-0.02,4.18,5919.72,-1
2023-03-05,2023-03-05 12:17:00,1446.71,1446.71,1446.47,1446.47,-0.02,4.18,5919.72,-1
2023-03-05,2023-03-05 12:18:00,1446.47,1446.47,1446.24,1446.24,-0.02,4.18,5919.72,-1
2023-03-05,2023-03-05 12:19:00,1446.24,1446.24,1446.0,1446.0,-0.02,4.18,5919.72,-1
2023-03-05,2023-03-05 12:20:00,1446.0,1446.0,1445.76,1445.76,-0.02,4.18,5919.72,-1
2023-03-05,2023-03-05 12:21:00,1445.76,1445.76,1445.53,1445.53,-0.02,4.18,5919.72,-1
2023-03-05,2023-03-05 12:22:00,1445.53,1445.53,1445.29,1445.29,-0.02,4.18,5919.72,-1
2023-03-05,2023-03-05 12:23:00,1445.29,1445.29,1445.05,1445.05,-0.02,4.18,5919.72,-1
2023-03-05,2023-03-05 12:24:00,1445.05,1445.05,1444.81,1444.81,-0.02,4.18,5919.72,-1
2023-03-05,2023-03-05 12:25:00,1444.81,1444.81,1444.58,1444.58,-0.02,4.18,5919.72,-1
2023-03-05,2023-03-05 12:26:00,1444.58,1444.58,1444.34,1444.34,-0.02,4.18,5919.72,-1
2023-03-05,2023-03-05 12:27:00,1444.34,1444.34,1444.1,1444.1,-0.02,4.18,5919.72,-1
2023-03-05,2023-03-05 12:28:00,1444.1,1444.1,1443.86,1443.86,-0.02,4.18,5919.72,-1
2023-03-05,2023-03-05 12:29:00,1443.86,1443.86,1443.62,1443.62,-0.02,4.18,5919.72,-1
2023-03-05,2023-03-05 12:30:00,1443.62,1443.62,1443.39,1443.39,-0.02,4.18,5919.72,-1
2023-03-05,2023-03-05 12:31:00,1443.39,1443.39,1443.15,1443.15,-0.02,4.18,5919.72,-1
2023-03-05,2023-03-05 12:32:00,1443.15,1443.15,1442.91,1442.91,-0.02,4.18,5919.72,-1
2023-03-05,2023-03-05 12:33:00,1442.91,1442.91,1442.67,1442.67,-0.02,4.18,5919.72,-1
2023-03-05,2023-03-05 12:34:00,1442.67,1442.67,1442.44,1442.44,-0.02,4.18,5919.72,-1
2023-03-05,2023-03-05 12:35:00,1442.44,1442.44,1442.2,1442.2,-0.02,4.18,5919.72,-1
2023-03-05,2023-03-05 12:36:00,1442.2,1442.2,1441.96,1441.96,-0.02,4.18,5919.72,-1
2023-03-05,2023-03-05 12:37:00,1441.96,1441.96,1441.72,1441.72,-0.02,4.18,5919.72,-1
2023-03-05,2023-03-05 12:38:00,1441.72,1441.72,1441.49,1441.49,-0.02,4.18,5919.72,-1
2023-03-05,2023-03-05 12:39:00,1441.49,1441.49,1441.25,1441.25,-0.02,4.18,5919.72,-1
2023-03-05,2023-03-05 12:40:00,1441.25,1441.25,1441.01,1441.01,-0.02,4.18,5919.72,-1
2023-03-05,2023-03-05 12:41:00,1441.01,1441.01,1440.78,1440.78,-0.02,4.18,5919.72,-1
2023-03-05,2023-03-05 12:42:00,1440.78,1440.78,1440.54,1440.54,-0.02,4.18,5919.72,-1
2023-03-05,2023-03-05 12:43:00,1440.54,1440.54,1440.3,1440.3,-0.02,4.18,5919.72,-1
2023-03-05,2023-03-05 12:44:00,1440.3,1440.3,1440.06,1440.06,-0.02,4.18,5919.72,-1
2023-03-05,2023-03-05 12:45:00,1440.06,1440.06,1439.83,1439.83,-0.02,4.18,5919.72,-1
2023-03-05,2023-03-05 12:46:00,1439.83,1439.83,1439.59,1439.59,-0.02,4.18,5919.72,-1
2023-03-05,2023-03-05 12:47:00,1439.59,1439.59,1439.35,1439.35,-0.02,4.18,5919.72,-1
2023-03-05,2023-03-05 12:48:00,1439.35,1439.35,1439.11,1439.11,-0.02,4.18,5919.72,-1
2023-03-05,2023-03-05 12:49:00,1439.11,1439.11,1438.88,1438.88,-0.02,4.18,5919.72,-1
2023-03-05,2023-03-05 12:50:00,1438.88,1438.88,1438.64,1438.64,-0.02,4.18,5919.72,-1
2023-03-05,2023-03-05 12:51:00,1438.64,1438.64,1438.4,1438.4,-0.02,4.18,5919.72,-1
2023-03-05,2023-03-05 12:52:00,1438.4,1438.4,1438.16,1438.16,-0.02,4.18,5919.72,-1
2023-03-05,2023-03-05 12:53:00,1438.16,1438.16,1437.92,1437.92,-0.02,4.18,5919.72,-1
2023-03-05,2023-03-05 12:54:00,1437.92,1437.92,1437.69,1437.69,-0.02,4.18,5919.72,-1
2023-03-05,2023-03-05 12:55:00,1437.69,1437.69,1437.45,1437.45,-0.02,4.18,5919.72,-1
2023-03-05,2023-03-05 12:56:00,1437.45,1437.45,1437.21,1437.21,-0.02,4.18,5919.72,-1
2023-03-05,2023-03-05 12:57:00,1437.21,1437.21,1436.97,1436.97,-0.02,4.18,5919.72,-1
2023-03-05,2023-03-05 12:58:00,1436.97,1436.97,1436.74,1436.74,-0.02,4.18,5919.72,-1
2023-03-05,2023-03-05 12:59:00,1436.74,1436.74,1436.5,1436.5,-0.02,4.18,5919.72,-1
2023-03-05,2023-03-05 13:00:00,1436.5,1465.0,1390.0,1436.26,-0.02,4.18,5919.72,-1
2023-03-05,2023-03-05 13:01:00,1436.26,1436.26,1436.03,1436.03,-0.02,4.18,5919.72,-1
2023-03-05,2023-03-05 13:02:00,1436.03,1436.03,1435.79,1435.79,-0.02,4.18,5919.72,-1
2023-03-05,2023-03-05 13:03:00,1435.79,1435.79,1435.55,1435.55,-0.02,4.18,5919.72,-1
2023-03-05,2023-03-05 13:04:00,1435.55,1435.55,1435.31,1435.31,-0.02,4.18,5919.72,-1
2023-03-05,2023-03-05 13:05:00,1435.31,1435.31,1435.08,1435.08,-0.02,4.18,5919.72,-1
2023-03-05,2023-03-05 13:06:00,1435.08,1435.08,1434.84,1434.84,-0.02,4.18,5919.72,-1
2023-03-05,2023-03-05 13:07:00,1434.84,1434.84,1434.6,1434.6,-0.02,4.18,5919.72,-1
2023-03-05,2023-03-05 13:08:00,1434.6,1434.6,1434.36,1434.36,-0.02,4.18,5919.72,-1
2023-03-05,2023-03-05 13:09:00,1434.36,1434.36,1434.12,1434.12,-0.02,4.18,5919.72,-1
2023-03-05,2023-03-05 13:10:00,1434.12,1434.12,1433.89,1433.89,-0.02,4.18,5919.72,-1
2023-03-05,2023-03-05 13:11:00,1433.89,1433.89,1433.65,1433.65,-0.02,4.18,5919.72,-1
2023-03-05,2023-03-05 13:12:00,1433.65,1433.65,1433.41,1433.41,-0.02,4.18,5919.72,-1
2023-03-05,2023-03-05 13:13:00,1433.41,1433.41,1433.17,1433.17,-0.02,4.18,5919.72,-1
2023-03-05,2023-03-05 13:14:00,1433.17,1433.17,1432.94,1432.94,-0.02,4.18,5919.72,-1
2023-03-05,2023-03-05 13:15:00,1432.94,1432.94,1432.7,1432.7,-0.02,4.18,5919.72,-1
2023-03-05,2023-03-05 13:16:00,1432.7,1432.7,1432.46,1432.46,-0.02,4.18,5919.72,-1
2023-03-05,2023-03-05 13:17:00,1432.46,1432.46,1432.22,1432.22,-0.02,4.18,5919.72,-1
2023-03-05,2023-03-05 13:18:00,1432.22,1432.22,1431.99,1431.99,-0.02,4.18,5919.72,-1
2023-03-05,2023-03-05 13:19:00,1431.99,1431.99,1431.75,1431.75,-0.02,4.18,5919.72,-1
2023-03-05,2023-03-05 13:20:00,1431.75,1431.75,1431.51,1431.51,-0.02,4.18,5919.72,-1
2023-03-05,2023-03-05 13:21:00,1431.51,1431.51,1431.28,1431.28,-0.02,4.18,5919.72,-1
2023-03-05,2023-03-05 13:22:00,1431.28,1431.28,1431.04,1431.04,-0.02,4.18,5919.72,-1
2023-03-05,2023-03-05 13:23:00,1431.04,1431.04,1430.8,1430.8,-0.02,4.18,5919.72,-1
2023-03-05,2023-03-05 13:24:00,1430.8,1430.8,1430.56,1430.56,-0.02,4.18,5919.72,-1
2023-03-05,2023-03-05 13:25:00,1430.56,1430.56,1430.33,1430.33,-0.02,4.18,5919.72,-1
2023-03-05,2023-03-05 13:26:00,1430.33,1430.33,1430.09,1430.09,-0.02,4.18,5919.72,-1
2023-03-05,2023-03-05 13:27:00,1430.09,1430.09,1429.85,1429.85,-0.02,4.18,5919.72,-1
2023-03-05,2023-03-05 13:28:00,1429.85,1429.85,1429.61,1429.61,-0.02,4.18,5919.72,-1
2023-03-05,2023-03-05 13:29:00,1429.61,1429.61,1429.38,1429.38,-0.02,4.18,5919.72,-1
2023-03-05,2023-03-05 13:30:00,1429.38,1429.38,1429.14,1429.14,-0.02,4.18,5919.72,-1
2023-03-05,2023-03-05 13:31:00,1429.14,1429.14,1428.9,1428.9,-0.02,4.18,5919.72,-1
2023-03-05,2023-03-05 13:32:00,1428.9,1428.9,1428.66,1428.66,-0.02,4.18,5919.72,-1
2023-03-05,2023-03-05 13:33:00,1428.66,1428.66,1428.42,1428.42,-0.02,4.18,5919.72,-1
2023-03-05,2023-03-05 13:34:00,1428.42,1428.42,1428.19,1428.19,-0.02,4.18,5919.72,-1
2023-03-05,2023-03-05 13:35:00,1428.19,1428.19,1427.95,1427.95,-0.02,4.18,5919.72,-1
2023-03-05,2023-03-05 13:36:00,1427.95,1427.95,1427.71,1427.71,-0.02,4.18,5919.72,-1
2023-03-05,2023-03-05 13:37:00,1427.71,1427.71,1427.47,1427.47,-0.02,4.18,5919.72,-1
2023-03-05,2023-03-05 13:38:00,1427.47,1427.47,1427.24,1427.24,-0.02,4.18,5919.72,-1
2023-03-05,2023-03-05 13:39:00,1427.24,1427.24,1427.0,1427.0,-0.02,4.18,5919.72,-1
2023-03-05,2023-03-05 13:40:00,1427.0,1427.0,1426.76,1426.76,-0.02,4.18,5919.72,-1
2023-03-05,2023-03-05 13:41:00,1426.76,1426.76,1426.53,1426.53,-0.02,4.18,5919.72,-1
2023-03-05,2023-03-05 13:42:00,1426.53,1426.53,1426.29,1426.29,-0.02,4.18,5919.72,-1
2023-03-05,2023-03-05 13:43:00,1426.29,1426.29,1426.05,1426.05,-0.02,4.18,5919.72,-1
2023-03-05,2023-03-05 13:44:00,1426.05,1426.05,1425.81,1425.81,-0.02,4.18,5919.72,-1
2023-03-05,2023-03-05 13:45:00,1425.81,1425.81,1425.58,1425.58,-0.02,4.18,5919.72,-1
2023-03-05,2023-03-05 13:46:00,1425.58,1425.58,1425.34,1425.34,-0.02,4.18,5919.72,-1
2023-03-05,2023-03-05 13:47:00,1425.34,1425.34,1425.1,1425.1,-0.02,4.18,5919.72,-1
2023-03-05,2023-03-05 13:48:00,1425.1,1425.1,1424.86,1424.86,-0.02,4.18,5919.72,-1
2023-03-05,2023-03-05 13:49:00,1424.86,1424.86,1424.62,1424.62,-0.02,4.18,5919.72,-1
2023-03-05,2023-03-05 13:50:00,1424.62,1424.62,1424.39,1424.39,-0.02,4.18,5919.72,-1
2023-03-05,2023-03-05 13:51:00,1424.39,1424.39,1424.15,1424.15,-0.02,4.18,5919.72,-1
2023-03-05,2023-03-05 13:52:00,1424.15,1424.15,1423.91,1423.91,-0.02,4.18,5919.72,-1
2023-03-05,2023-03-05 13:53:00,1423.91,1423.91,1423.67,1423.67,-0.02,4.18,5919.72,-1
2023-03-05,2023-03-05 13:54:00,1423.67,1423.67,1423.44,1423.44,-0.02,4.18,5919.72,-1
2023-03-05,2023-03-05 13:55:00,1423.44,1423.44,1423.2,1423.2,-0.02,4.18,5919.72,-1
2023-03-05,2023-03-05 13:56:00,1423.2,1423.2,1422.96,1422.96,-0.02,4.18,5919.72,-1
2023-03-05,2023-03-05 13:57:00,1422.96,1422.96,1422.72,1422.72,-0.02,4.18,5919.72,-1
2023-03-05,2023-03-05 13:58:00,1422.72,1422.72,1422.49,1422.49,-0.02,4.18,5919.72,-1
2023-03-05,2023-03-05 13:59:00,1422.49,1422.49,1422.25,1422.25,-0.02,4.18,5919.72,-1
2023-03-05,2023-03-05 14:00:00,1422.25,1422.25,1422.01,1422.01,-0.02,4.18,5919.72,-1
2023-03-05,2023-03-05 14:01:00,1422.01,1422.01,1421.78,1421.78,-0.02,4.18,5919.72,-1
2023-03-05,2023-03-05 14:02:00,1421.78,1421.78,1421.54,1421.54,-0.02,4.18,5919.72,-1
2023-03-05,2023-03-05 14:03:00,1421.54,1421.54,1421.3,1421.3,-0.02,4.18,5919.72,-1
2023-03-05,2023-03-05 14:04:00,1421.3,1421.3,1421.06,1421.06,-0.02,4.18,5919.72,-1
2023-03-05,2023-03-05 14:05:00,1421.06,1421.06,1420.83,1420.83,-0.02,4.18,5919.72,-1
2023-03-05,2023-03-05 14:06:00,1420.83,1420.83,1420.59,1420.59,-0.02,4.18,5919.72,-1
2023-03-05,2023-03-05 14:07:00,1420.59,1420.59,1420.35,1420.35,-0.02,4.18,5919.72,-1
2023-03-05,2023-03-05 14:08:00,1420.35,1420.35,1420.11,1420.11,-0.02,4.18,5919.72,-1
2023-03-05,2023-03-05 14:09:00,1420.11,1420.11,1419.88,1419.88,-0.02,4.18,5919.72,-1
2023-03-05,2023-03-05 14:10:00,1419.88,1419.88,1419.64,1419.64,-0.02,4.18,5919.72,-1
2023-03-05,2023-03-05 14:11:00,1419.64,1419.64,1419.4,1419.4,-0.02,4.18,5919.72,-1
2023-03-05,2023-03-05 14:12:00,1419.4,1419.4,1419.16,1419.16,-0.02,4.18,5919.72,-1
2023-03-05,2023-03-05 14:13:00,1419.16,1419.16,1418.92,1418.92,-0.02,4.18,5919.72,-1
2023-03-05,2023-03-05 14:14:00,1418.92,1418.92,1418.69,1418.69,-0.02,4.18,5919.72,-1
2023-03-05,2023-03-05 14:15:00,1418.69,1418.69,1418.45,1418.45,-0.02,4.18,5919.72,-1
2023-03-05,2023-03-05 14:16:00,1418.45,1418.45,1418.21,1418.21,-0.02,4.18,5919.72,-1
2023-03-05,2023-03-05 14:17:00,1418.21,1418.21,1417.97,1417.97,-0.02,4.18,5919.72,-1
2023-03-05,2023-03-05 14:18:00,1417.97,1417.97,1417.74,1417.74,-0.02,4.18,5919.72,-1
2023-03-05,2023-03-05 14:19:00,1417.74,1417.74,1417.5,1417.5,-0.02,4.18,5919.72,-1
2023-03-05,2023-03-05 14:20:00,1417.5,1417.5,1417.26,1417.26,-0.02,4.18,5919.72,-1
2023-03-05,2023-03-05 14:21:00,1417.26,1417.26,1417.03,1417.03,-0.02,4.18,5919.72,-1
2023-03-05,2023-03-05 14:22:00,1417.03,1417.03,1416.79,1416.79,-0.02,4.18,5919.72,-1
2023-03-05,2023-03-05 14:23:00,1416.79,1416.79,1416.55,1416.55,-0.02,4.18,5919.72,-1
2023-03-05,2023-03-05 14:24:00,1416.55,1416.55,1416.31,1416.31,-0.02,4.18,5919.72,-1
2023-03-05,2023-03-05 14:25:00,1416.31,1416.31,1416.08,1416.08,-0.02,4.18,5919.72,-1
2023-03-05,2023-03-05 14:26:00,1416.08,1416.08,1415.84,1415.84,-0.02,4.18,5919.72,-1
2023-03-05,2023-03-05 14:27:00,1415.84,1415.84,1415.6,1415.6,-0.02,4.18,5919.72,-1
2023-03-05,2023-03-05 14:28:00,1415.6,1415.6,1415.36,1415.36,-0.02,4.18,5919.72,-1
2023-03-05,2023-03-05 14:29:00,1415.36,1415.36,1415.12,1415.12,-0.02,4.18,5919.72,-1
2023-03-05,2023-03-05 14:30:00,1415.12,1415.12,1414.89,1414.89,-0.02,4.18,5919.72,-1
2023-03-05,2023-03-05 14:31:00,1414.89,1414.89,1414.65,1414.65,-0.02,4.18,5919.72,-1
2023-03-05,2023-03-05 14:32:00,1414.65,1414.65,1414.41,1414.41,-0.02,4.18,5919.72,-1
2023-03-05,2023-03-05 14:33:00,1414.41,1414.41,1414.17,1414.17,-0.02,4.18,5919.72,-1
2023-03-05,2023-03-05 14:34:00,1414.17,1414.17,1413.94,1413.94,-0.02,4.18,5919.72,-1
2023-03-05,2023-03-05 14:35:00,1413.94,1413.94,1413.7,1413.7,-0.02,4.18,5919.72,-1
2023-03-05,2023-03-05 14:36:00,1413.7,1413.7,1413.46,1413.46,-0.02,4.18,5919.72,-1
2023-03-05,2023-03-05 14:37:00,1413.46,1413.46,1413.22,1413.22,-0.02,4.18,5919.72,-1
2023-03-05,2023-03-05 14:38:00,1413.22,1413.22,1412.99,1412.99,-0.02,4.18,5919.72,-1
2023-03-05,2023-03-05 14:39:00,1412.99,1412.99,1412.75,1412.75,-0.02,4.18,5919.72,-1
2023-03-05,2023-03-05 14:40:00,1412.75,1412.75,1412.51,1412.51,-0.02,4.18,5919.72,-1
2023-03-05,2023-03-05 14:41:00,1412.51,1412.51,1412.28,1412.28,-0.02,4.18,5919.72,-1
2023-03-05,2023-03-05 14:42:00,1412.28,1412.28,1412.04,1412.04,-0.02,4.18,5919.72,-1
2023-03-05,2023-03-05 14:43:00,1412.04,1412.04,1411.8,1411.8,-0.02,4.18,5919.72,-1
2023-03-05,2023-03-05 14:44:00,1411.8,1411.8,1411.56,1411.56,-0.02,4.18,5919.72,-1
2023-03-05,2023-03-05 14:45:00,1411.56,1411.56,1411.33,1411.33,-0.02,4.18,5919.72,-1
2023-03-05,2023-03-05 14:46:00,1411.33,1411.33,1411.09,1411.09,-0.02,4.18,5919.72,-1
2023-03-05,2023-03-05 14:47:00,1411.09,1411.09,1410.85,1410.85,-0.02,4.18,5919.72,-1
2023-03-05,2023-03-05 14:48:00,1410.85,1410.85,1410.61,1410.61,-0.02,4.18,5919.72,-1
2023-03-05,2023-03-05 14:49:00,1410.61,1410.61,1410.38,1410.38,-0.02,4.18,5919.72,-1
2023-03-05,2023-03-05 14:50:00,1410.38,1410.38,1410.14,1410.14,-0.02,4.18,5919.72,-1
2023-03-05,2023-03-05 14:51:00,1410.14,1410.14,1409.9,1409.9,-0.02,4.18,5919.72,-1
2023-03-05,2023-03-05 14:52:00,1409.9,1409.9,1409.66,1409.66,-0.02,4.18,5919.72,-1
2023-03-05,2023-03-05 14:53:00,1409.66,1409.66,1409.42,1409.42,-0.02,4.18,5919.72,-1
2023-03-05,2023-03-05 14:54:00,1409.42,1409.42,1409.19,1409.19,-0.02,4.18,5919.72,-1
2023-03-05,2023-03-05 14:55:00,1409.19,1409.19,1408.95,1408.95,-0.02,4.18,5919.72,-1
2023-03-05,2023-03-05 14:56:00,1408.95,1408.95,1408.71,1408.71,-0.02,4.18,5919.72,-1
2023-03-05,2023-03-05 14:57:00,1408.71,1408.71,1408.47,1408.47,-0.02,4.18,5919.72,-1
2023-03-05,2023-03-05 14:58:00,1408.47,1408.47,1408.24,1408.24,-0.02,4.18,5919.72,-1
2023-03-05,2023-03-05 14:59:00,1408.24,1408.24,1408.0,1408.0,-0.02,4.18,5919.72,-1
2023-03-05,2023-03-05 15:00:00,1408.0,1465.0,1390.0,1408.0,0.0,4.18,5919.72,0
2023-03-07,2023-03-07 11:00:00,1380.1,1388.47,1366.57,1379.91,-0.01,11.94,16294.74,-1
2023-03-07,2023-03-07 11:01:00,1379.91,1379.91,1379.72,1379.72,-0.01,11.94,16294.74,-1
2023-03-07,2023-03-07 11:02:00,1379.72,1379.72,1379.54,1379.54,-0.01,11.94,16294.74,-1
2023-03-07,2023-03-07 11:03:00,1379.54,1379.54,1379.35,1379.35,-0.01,11.94,16294.74,-1
2023-03-07,2023-03-07 11:04:00,1379.35,1379.35,1379.16,1379.16,-0.01,11.94,16294.74,-1
2023-03-07,2023-03-07 11:05:00,1379.16,1379.16,1378.97,1378.97,-0.01,11.94,16294.74,-1
2023-03-07,2023-03-07 11:06:00,1378.97,1378.97,1378.78,1378.78,-0.01,11.94,16294.74,-1
2023-03-07,2023-03-07 11:07:00,1378.78,1378.78,1378.6,1378.6,-0.01,11.94,16294.74,-1
2023-03-07,2023-03-07 11:08:00,1378.6,1378.6,1378.41,1378.41,-0.01,11.94,16294.74,-1
2023-03-07,2023-03-07 11:09:00,1378.41,1378.41,1378.22,1378.22,-0.01,11.94,16294.74,-1
2023-03-07,2023-03-07 11:10:00,1378.22,1378.22,1378.03,1378.03,-0.01,11.94,16294.74,-1
2023-03-07,2023-03-07 11:11:00,1378.03,1378.03,1377.84,1377.84,-0.01,11.94,16294.74,-1
2023-03-07,2023-03-07 11:12:00,1377.84,1377.84,1377.66,1377.66,-0.01,11.94,16294.74,-1
2023-03-07,2023-03-07 11:13:00,1377.66,1377.66,1377.47,1377.47,-0.01,11.94,16294.74,-1
2023-03-07,2023-03-07 11:14:00,1377.47,1377.47,1377.28,1377.28,-0.01,11.94,16294.74,-1
2023-03-07,2023-03-07 11:15:00,1377.28,1377.28,1377.09,1377.09,-0.01,11.94,16294.74,-1
2023-03-07,2023-03-07 11:16:00,1377.09,1377.09,1376.91,1376.91,-0.01,11.94,16294.74,-1
2023-03-07,2023-03-07 11:17:00,1376.91,1376.91,1376.72,1376.72,-0.01,11.94,16294.74,-1
2023-03-07,2023-03-07 11:18:00,1376.72,1376.72,1376.53,1376.53,-0.01,11.94,16294.74,-1
2023-03-07,2023-03-07 11:19:00,1376.53,1376.53,1376.34,1376.34,-0.01,11.94,16294.74,-1
2023-03-07,2023-03-07 11:20:00,1376.34,1376.34,1376.15,1376.15,-0.01,11.94,16294.74,-1
2023-03-07,2023-03-07 11:21:00,1376.15,1376.15,1375.97,1375.97,-0.01,11.94,16294.74,-1
2023-03-07,2023-03-07 11:22:00,1375.97,1375.97,1375.78,1375.78,-0.01,11.94,16294.74,-1
2023-03-07,2023-03-07 11:23:00,1375.78,1375.78,1375.59,1375.59,-0.01,11.94,16294.74,-1
2023-03-07,2023-03-07 11:24:00,1375.59,1375.59,1375.4,1375.4,-0.01,11.94,16294.74,-1
2023-03-07,2023-03-07 11:25:00,1375.4,1375.4,1375.21,1375.21,-0.01,11.94,16294.74,-1
2023-03-07,2023-03-07 11:26:00,1375.21,1375.21,1375.03,1375.03,-0.01,11.94,16294.74,-1
2023-03-07,2023-03-07 11:27:00,1375.03,1375.03,1374.84,1374.84,-0.01,11.94,16294.74,-1
2023-03-07,2023-03-07 11:28:00,1374.84,1374.84,1374.65,1374.65,-0.01,11.94,16294.74,-1
2023-03-07,2023-03-07 11:29:00,1374.65,1374.65,1374.46,1374.46,-0.01,11.94,16294.74,-1
2023-03-07,2023-03-07 11:30:00,1374.46,1374.46,1374.27,1374.27,-0.01,11.94,16294.74,-1
2023-03-07,2023-03-07 11:31:00,1374.27,1374.27,1374.09,1374.09,-0.01,11.94,16294.74,-1
2023-03-07,2023-03-07 11:32:00,1374.09,1374.09,1373.9,1373.9,-0.01,11.94,16294.74,-1
2023-03-07,2023-03-07 11:33:00,1373.9,1373.9,1373.71,1373.71,-0.01,11.94,16294.74,-1
2023-03-07,2023-03-07 11:34:00,1373.71,1373.71,1373.52,1373.52,-0.01,11.94,16294.74,-1
2023-03-07,2023-03-07 11:35:00,1373.52,1373.52,1373.34,1373.34,-0.01,11.94,16294.74,-1
2023-03-07,2023-03-07 11:36:00,1373.34,1373.34,1373.15,1373.15,-0.01,11.94,16294.74,-1
2023-03-07,2023-03-07 11:37:00,1373.15,1373.15,1372.96,1372.96,-0.01,11.94,16294.74,-1
2023-03-07,2023-03-07 11:38:00,1372.96,1372.96,1372.77,1372.77,-0.01,11.94,16294.74,-1
2023-03-07,2023-03-07 11:39:00,1372.77,1372.77,1372.58,1372.58,-0.01,11.94,16294.74,-1
2023-03-07,2023-03-07 11:40:00,1372.58,1372.58,1372.4,1372.4,-0.01,11.94,16294.74,-1
2023-03-07,2023-03-07 11:41:00,1372.4,1372.4,1372.21,1372.21,-0.01,11.94,16294.74,-1
2023-03-07,2023-03-07 11:42:00,1372.21,1372.21,1372.02,1372.02,-0.01,11.94,16294.74,-1
2023-03-07,2023-03-07 11:43:00,1372.02,1372.02,1371.83,1371.83,-0.01,11.94,16294.74,-1
2023-03-07,2023-03-07 11:44:00,1371.83,1371.83,1371.64,1371.64,-0.01,11.94,16294.74,-1
2023-03-07,2023-03-07 11:45:00,1371.64,1371.64,1371.46,1371.46,-0.01,11.94,16294.74,-1
2023-03-07,2023-03-07 11:46:00,1371.46,1371.46,1371.27,1371.27,-0.01,11.94,16294.74,-1
2023-03-07,2023-03-07 11:47:00,1371.27,1371.27,1371.08,1371.08,-0.01,11.94,16294.74,-1
2023-03-07,2023-03-07 11:48:00,1371.08,1371.08,1370.89,1370.89,-0.01,11.94,16294.74,-1
2023-03-07,2023-03-07 11:49:00,1370.89,1370.89,1370.7,1370.7,-0.01,11.94,16294.74,-1
2023-03-07,2023-03-07 11:50:00,1370.7,1370.7,1370.52,1370.52,-0.01,11.94,16294.74,-1
2023-03-07,2023-03-07 11:51:00,1370.52,1370.52,1370.33,1370.33,-0.01,11.94,16294.74,-1
2023-03-07,2023-03-07 11:52:00,1370.33,1370.33,1370.14,1370.14,-0.01,11.94,16294.74,-1
2023-03-07,2023-03-07 11:53:00,1370.14,1370.14,1369.95,1369.95,-0.01,11.94,16294.74,-1
2023-03-07,2023-03-07 11:54:00,1369.95,1369.95,1369.76,1369.76,-0.01,11.94,16294.74,-1
2023-03-07,2023-03-07 11:55:00,1369.76,1369.76,1369.58,1369.58,-0.01,11.94,16294.74,-1
2023-03-07,2023-03-07 11:56:00,1369.58,1369.58,1369.39,1369.39,-0.01,11.94,16294.74,-1
2023-03-07,2023-03-07 11:57:00,1369.39,1369.39,1369.2,1369.2,-0.01,11.94,16294.74,-1
2023-03-07,2023-03-07 11:58:00,1369.2,1369.2,1369.01,1369.01,-0.01,11.94,16294.74,-1
2023-03-07,2023-03-07 11:59:00,1369.01,1369.01,1368.82,1368.82,-0.01,11.94,16294.74,-1
2023-03-07,2023-03-07 12:00:00,1368.82,1368.82,1368.64,1368.64,-0.01,11.94,16294.74,-1
2023-03-07,2023-03-07 12:01:00,1368.64,1368.64,1368.45,1368.45,-0.01,11.94,16294.74,-1
2023-03-07,2023-03-07 12:02:00,1368.45,1368.45,1368.26,1368.26,-0.01,11.94,16294.74,-1
2023-03-07,2023-03-07 12:03:00,1368.26,1368.26,1368.07,1368.07,-0.01,11.94,16294.74,-1
2023-03-07,2023-03-07 12:04:00,1368.07,1368.07,1367.89,1367.89,-0.01,11.94,16294.74,-1
2023-03-07,2023-03-07 12:05:00,1367.89,1367.89,1367.7,1367.7,-0.01,11.94,16294.74,-1
2023-03-07,2023-03-07 12:06:00,1367.7,1367.7,1367.51,1367.51,-0.01,11.94,16294.74,-1
2023-03-07,2023-03-07 12:07:00,1367.51,1367.51,1367.32,1367.32,-0.01,11.94,16294.74,-1
2023-03-07,2023-03-07 12:08:00,1367.32,1367.32,1367.13,1367.13,-0.01,11.94,16294.74,-1
2023-03-07,2023-03-07 12:09:00,1367.13,1367.13,1366.95,1366.95,-0.01,11.94,16294.74,-1
2023-03-07,2023-03-07 12:10:00,1366.95,1366.95,1366.76,1366.76,-0.01,11.94,16294.74,-1
2023-03-07,2023-03-07 12:11:00,1366.76,1366.76,1366.57,1366.57,-0.01,11.94,16294.74,-1
2023-03-07,2023-03-07 12:12:00,1366.57,1366.57,1366.38,1366.38,-0.01,11.94,16294.74,-1
2023-03-07,2023-03-07 12:13:00,1366.38,1366.38,1366.19,1366.19,-0.01,11.94,16294.74,-1
2023-03-07,2023-03-07 12:14:00,1366.19,1366.19,1366.01,1366.01,-0.01,11.94,16294.74,-1
2023-03-07,2023-03-07 12:15:00,1366.01,1366.01,1365.82,1365.82,-0.01,11.94,16294.74,-1
2023-03-07,2023-03-07 12:16:00,1365.82,1365.82,1365.63,1365.63,-0.01,11.94,16294.74,-1
2023-03-07,2023-03-07 12:17:00,1365.63,1365.63,1365.44,1365.44,-0.01,11.94,16294.74,-1
2023-03-07,2023-03-07 12:18:00,1365.44,1365.44,1365.25,1365.25,-0.01,11.94,16294.74,-1
2023-03-07,2023-03-07 12:19:00,1365.25,1365.25,1365.07,1365.07,-0.01,11.94,16294.74,-1
2023-03-07,2023-03-07 12:20:00,1365.07,1365.07,1364.88,1364.88,-0.01,11.94,16294.74,-1
2023-03-07,2023-03-07 12:21:00,1364.88,1364.88,1364.69,1364.69,-0.01,11.94,16294.74,-1
2023-03-07,2023-03-07 12:22:00,1364.69,1364.69,1364.5,1364.5,-0.01,11.94,16294.74,-1
2023-03-07,2023-03-07 12:23:00,1364.5,1364.5,1364.32,1364.32,-0.01,11.94,16294.74,-1
2023-03-07,2023-03-07 12:24:00,1364.32,1364.32,1364.13,1364.13,-0.01,11.94,16294.74,-1
2023-03-07,2023-03-07 12:25:00,1364.13,1364.13,1363.94,1363.94,-0.01,11.94,16294.74,-1
2023-03-07,2023-03-07 12:26:00,1363.94,1363.94,1363.75,1363.75,-0.01,11.94,16294.74,-1
2023-03-07,2023-03-07 12:27:00,1363.75,1363.75,1363.56,1363.56,-0.01,11.94,16294.74,-1
2023-03-07,2023-03-07 12:28:00,1363.56,1363.56,1363.38,1363.38,-0.01,11.94,16294.74,-1
2023-03-07,2023-03-07 12:29:00,1363.38,1363.38,1363.19,1363.19,-0.01,11.94,16294.74,-1
2023-03-07,2023-03-07 12:30:00,1363.19,1363.19,1363.0,1363.0,-0.01,11.94,16294.74,-1
2023-03-07,2023-03-07 12:31:00,1363.0,1363.0,1362.81,1362.81,-0.01,11.94,16294.74,-1
2023-03-07,2023-03-07 12:32:00,1362.81,1362.81,1362.62,1362.62,-0.01,11.94,16294.74,-1
2023-03-07,2023-03-07 12:33:00,1362.62,1362.62,1362.44,1362.44,-0.01,11.94,16294.74,-1
2023-03-07,2023-03-07 12:34:00,1362.44,1362.44,1362.25,1362.25,-0.01,11.94,16294.74,-1
2023-03-07,2023-03-07 12:35:00,1362.25,1362.25,1362.06,1362.06,-0.01,11.94,16294.74,-1
2023-03-07,2023-03-07 12:36:00,1362.06,1362.06,1361.87,1361.87,-0.01,11.94,16294.74,-1
2023-03-07,2023-03-07 12:37:00,1361.87,1361.87,1361.68,1361.68,-0.01,11.94,16294.74,-1
2023-03-07,2023-03-07 12:38:00,1361.68,1361.68,1361.5,1361.5,-0.01,11.94,16294.74,-1
2023-03-07,2023-03-07 12:39:00,1361.5,1361.5,1361.31,1361.31,-0.01,11.94,16294.74,-1
2023-03-07,2023-03-07 12:40:00,1361.31,1361.31,1361.12,1361.12,-0.01,11.94,16294.74,-1
2023-03-07,2023-03-07 12:41:00,1361.12,1361.12,1360.93,1360.93,-0.01,11.94,16294.74,-1
2023-03-07,2023-03-07 12:42:00,1360.93,1360.93,1360.74,1360.74,-0.01,11.94,16294.74,-1
2023-03-07,2023-03-07 12:43:00,1360.74,1360.74,1360.56,1360.56,-0.01,11.94,16294.74,-1
2023-03-07,2023-03-07 12:44:00,1360.56,1360.56,1360.37,1360.37,-0.01,11.94,16294.74,-1
2023-03-07,2023-03-07 12:45:00,1360.37,1360.37,1360.18,1360.18,-0.01,11.94,16294.74,-1
2023-03-07,2023-03-07 12:46:00,1360.18,1360.18,1359.99,1359.99,-0.01,11.94,16294.74,-1
2023-03-07,2023-03-07 12:47:00,1359.99,1359.99,1359.8,1359.8,-0.01,11.94,16294.74,-1
2023-03-07,2023-03-07 12:48:00,1359.8,1359.8,1359.62,1359.62,-0.01,11.94,16294.74,-1
2023-03-07,2023-03-07 12:49:00,1359.62,1359.62,1359.43,1359.43,-0.01,11.94,16294.74,-1
2023-03-07,2023-03-07 12:50:00,1359.43,1359.43,1359.24,1359.24,-0.01,11.94,16294.74,-1
2023-03-07,2023-03-07 12:51:00,1359.24,1359.24,1359.05,1359.05,-0.01,11.94,16294.74,-1
2023-03-07,2023-03-07 12:52:00,1359.05,1359.05,1358.87,1358.87,-0.01,11.94,16294.74,-1
2023-03-07,2023-03-07 12:53:00,1358.87,1358.87,1358.68,1358.68,-0.01,11.94,16294.74,-1
2023-03-07,2023-03-07 12:54:00,1358.68,1358.68,1358.49,1358.49,-0.01,11.94,16294.74,-1
2023-03-07,2023-03-07 12:55:00,1358.49,1358.49,1358.3,1358.3,-0.01,11.94,16294.74,-1
2023-03-07,2023-03-07 12:56:00,1358.3,1358.3,1358.11,1358.11,-0.01,11.94,16294.74,-1
2023-03-07,2023-03-07 12:57:00,1358.11,1358.11,1357.93,1357.93,-0.01,11.94,16294.74,-1
2023-03-07,2023-03-07 12:58:00,1357.93,1357.93,1357.74,1357.74,-0.01,11.94,16294.74,-1
2023-03-07,2023-03-07 12:59:00,1357.74,1357.74,1357.55,1357.55,-0.01,11.94,16294.74,-1
2023-03-07,2023-03-07 13:00:00,1357.55,1408.0,1335.0,1357.36,-0.01,11.94,16294.74,-1
2023-03-07,2023-03-07 13:01:00,1357.36,1357.36,1357.17,1357.17,-0.01,11.94,16294.74,-1
2023-03-07,2023-03-07 13:02:00,1357.17,1357.17,1356.99,1356.99,-0.01,11.94,16294.74,-1
2023-03-07,2023-03-07 13:03:00,1356.99,1356.99,1356.8,1356.8,-0.01,11.94,16294.74,-1
2023-03-07,2023-03-07 13:04:00,1356.8,1356.8,1356.61,1356.61,-0.01,11.94,16294.74,-1
2023-03-07,2023-03-07 13:05:00,1356.61,1356.61,1356.42,1356.42,-0.01,11.94,16294.74,-1
2023-03-07,2023-03-07 13:06:00,1356.42,1356.42,1356.23,1356.23,-0.01,11.94,16294.74,-1
2023-03-07,2023-03-07 13:07:00,1356.23,1356.23,1356.05,1356.05,-0.01,11.94,16294.74,-1
2023-03-07,2023-03-07 13:08:00,1356.05,1356.05,1355.86,1355.86,-0.01,11.94,16294.74,-1
2023-03-07,2023-03-07 13:09:00,1355.86,1355.86,1355.67,1355.67,-0.01,11.94,16294.74,-1
2023-03-07,2023-03-07 13:10:00,1355.67,1355.67,1355.48,1355.48,-0.01,11.94,16294.74,-1
2023-03-07,2023-03-07 13:11:00,1355.48,1355.48,1355.29,1355.29,-0.01,11.94,16294.74,-1
2023-03-07,2023-03-07 13:12:00,1355.29,1355.29,1355.11,1355.11,-0.01,11.94,16294.74,-1
2023-03-07,2023-03-07 13:13:00,1355.11,1355.11,1354.92,1354.92,-0.01,11.94,16294.74,-1
2023-03-07,2023-03-07 13:14:00,1354.92,1354.92,1354.73,1354.73,-0.01,11.94,16294.74,-1
2023-03-07,2023-03-07 13:15:00,1354.73,1354.73,1354.54,1354.54,-0.01,11.94,16294.74,-1
2023-03-07,2023-03-07 13:16:00,1354.54,1354.54,1354.36,1354.36,-0.01,11.94,16294.74,-1
2023-03-07,2023-03-07 13:17:00,1354.36,1354.36,1354.17,1354.17,-0.01,11.94,16294.74,-1
2023-03-07,2023-03-07 13:18:00,1354.17,1354.17,1353.98,1353.98,-0.01,11.94,16294.74,-1
2023-03-07,2023-03-07 13:19:00,1353.98,1353.98,1353.79,1353.79,-0.01,11.94,16294.74,-1
2023-03-07,2023-03-07 13:20:00,1353.79,1353.79,1353.6,1353.6,-0.01,11.94,16294.74,-1
2023-03-07,2023-03-07 13:21:00,1353.6,1353.6,1353.42,1353.42,-0.01,11.94,16294.74,-1
2023-03-07,2023-03-07 13:22:00,1353.42,1353.42,1353.23,1353.23,-0.01,11.94,16294.74,-1
2023-03-07,2023-03-07 13:23:00,1353.23,1353.23,1353.04,1353.04,-0.01,11.94,16294.74,-1
2023-03-07,2023-03-07 13:24:00,1353.04,1353.04,1352.85,1352.85,-0.01,11.94,16294.74,-1
2023-03-07,2023-03-07 13:25:00,1352.85,1352.85,1352.66,1352.66,-0.01,11.94,16294.74,-1
2023-03-07,2023-03-07 13:26:00,1352.66,1352.66,1352.48,1352.48,-0.01,11.94,16294.74,-1
2023-03-07,2023-03-07 13:27:00,1352.48,1352.48,1352.29,1352.29,-0.01,11.94,16294.74,-1
2023-03-07,2023-03-07 13:28:00,1352.29,1352.29,1352.1,1352.1,-0.01,11.94,16294.74,-1
2023-03-07,2023-03-07 13:29:00,1352.1,1352.1,1351.91,1351.91,-0.01,11.94,16294.74,-1
2023-03-07,2023-03-07 13:30:00,1351.91,1351.91,1351.72,1351.72,-0.01,11.94,16294.74,-1
2023-03-07,2023-03-07 13:31:00,1351.72,1351.72,1351.54,1351.54,-0.01,11.94,16294.74,-1
2023-03-07,2023-03-07 13:32:00,1351.54,1351.54,1351.35,1351.35,-0.01,11.94,16294.74,-1
2023-03-07,2023-03-07 13:33:00,1351.35,1351.35,1351.16,1351.16,-0.01,11.94,16294.74,-1
2023-03-07,2023-03-07 13:34:00,1351.16,1351.16,1350.97,1350.97,-0.01,11.94,16294.74,-1
2023-03-07,2023-03-07 13:35:00,1350.97,1350.97,1350.78,1350.78,-0.01,11.94,16294.74,-1
2023-03-07,2023-03-07 13:36:00,1350.78,1350.78,1350.6,1350.6,-0.01,11.94,16294.74,-1
2023-03-07,2023-03-07 13:37:00,1350.6,1350.6,1350.41,1350.41,-0.01,11.94,16294.74,-1
2023-03-07,2023-03-07 13:38:00,1350.41,1350.41,1350.22,1350.22,-0.01,11.94,16294.74,-1
2023-03-07,2023-03-07 13:39:00,1350.22,1350.22,1350.03,1350.03,-0.01,11.94,16294.74,-1
2023-03-07,2023-03-07 13:40:00,1350.03,1350.03,1349.85,1349.85,-0.01,11.94,16294.74,-1
2023-03-07,2023-03-07 13:41:00,1349.85,1349.85,1349.66,1349.66,-0.01,11.94,16294.74,-1
2023-03-07,2023-03-07 13:42:00,1349.66,1349.66,1349.47,1349.47,-0.01,11.94,16294.74,-1
2023-03-07,2023-03-07 13:43:00,1349.47,1349.47,1349.28,1349.28,-0.01,11.94,16294.74,-1
2023-03-07,2023-03-07 13:44:00,1349.28,1349.28,1349.09,1349.09,-0.01,11.94,16294.74,-1
2023-03-07,2023-03-07 13:45:00,1349.09,1349.09,1348.91,1348.91,-0.01,11.94,16294.74,-1
2023-03-07,2023-03-07 13:46:00,1348.91,1348.91,1348.72,1348.72,-0.01,11.94,16294.74,-1
2023-03-07,2023-03-07 13:47:00,1348.72,1348.72,1348.53,1348.53,-0.01,11.94,16294.74,-1
2023-03-07,2023-03-07 13:48:00,1348.53,1348.53,1348.34,1348.34,-0.01,11.94,16294.74,-1
2023-03-07,2023-03-07 13:49:00,1348.34,1348.34,1348.15,1348.15,-0.01,11.94,16294.74,-1
2023-03-07,2023-03-07 13:50:00,1348.15,1348.15,1347.97,1347.97,-0.01,11.94,16294.74,-1
2023-03-07,2023-03-07 13:51:00,1347.97,1347.97,1347.78,1347.78,-0.01,11.94,16294.74,-1
2023-03-07,2023-03-07 13:52:00,1347.78,1347.78,1347.59,1347.59,-0.01,11.94,16294.74,-1
2023-03-07,2023-03-07 13:53:00,1347.59,1347.59,1347.4,1347.4,-0.01,11.94,16294.74,-1
2023-03-07,2023-03-07 13:54:00,1347.4,1347.4,1347.21,1347.21,-0.01,11.94,16294.74,-1
2023-03-07,2023-03-07 13:55:00,1347.21,1347.21,1347.03,1347.03,-0.01,11.94,16294.74,-1
2023-03-07,2023-03-07 13:56:00,1347.03,1347.03,1346.84,1346.84,-0.01,11.94,16294.74,-1
2023-03-07,2023-03-07 13:57:00,1346.84,1346.84,1346.65,1346.65,-0.01,11.94,16294.74,-1
2023-03-07,2023-03-07 13:58:00,1346.65,1346.65,1346.46,1346.46,-0.01,11.94,16294.74,-1
2023-03-07,2023-03-07 13:59:00,1346.46,1346.46,1346.28,1346.28,-0.01,11.94,16294.74,-1
2023-03-07,2023-03-07 14:00:00,1346.28,1346.28,1346.09,1346.09,-0.01,11.94,16294.74,-1
2023-03-07,2023-03-07 14:01:00,1346.09,1346.09,1345.9,1345.9,-0.01,11.94,16294.74,-1
2023-03-07,2023-03-07 14:02:00,1345.9,1345.9,1345.71,1345.71,-0.01,11.94,16294.74,-1
2023-03-07,2023-03-07 14:03:00,1345.71,1345.71,1345.52,1345.52,-0.01,11.94,16294.74,-1
2023-03-07,2023-03-07 14:04:00,1345.52,1345.52,1345.34,1345.34,-0.01,11.94,16294.74,-1
2023-03-07,2023-03-07 14:05:00,1345.34,1345.34,1345.15,1345.15,-0.01,11.94,16294.74,-1
2023-03-07,2023-03-07 14:06:00,1345.15,1345.15,1344.96,1344.96,-0.01,11.94,16294.74,-1
2023-03-07,2023-03-07 14:07:00,1344.96,1344.96,1344.77,1344.77,-0.01,11.94,16294.74,-1
2023-03-07,2023-03-07 14:08:00,1344.77,1344.77,1344.58,1344.58,-0.01,11.94,16294.74,-1
2023-03-07,2023-03-07 14:09:00,1344.58,1344.58,1344.4,1344.4,-0.01,11.94,16294.74,-1
2023-03-07,2023-03-07 14:10:00,1344.4,1344.4,1344.21,1344.21,-0.01,11.94,16294.74,-1
2023-03-07,2023-03-07 14:11:00,1344.21,1344.21,1344.02,1344.02,-0.01,11.94,16294.74,-1
2023-03-07,2023-03-07 14:12:00,1344.02,1344.02,1343.83,1343.83,-0.01,11.94,16294.74,-1
2023-03-07,2023-03-07 14:13:00,1343.83,1343.83,1343.64,1343.64,-0.01,11.94,16294.74,-1
2023-03-07,2023-03-07 14:14:00,1343.64,1343.64,1343.46,1343.46,-0.01,11.94,16294.74,-1
2023-03-07,2023-03-07 14:15:00,1343.46,1343.46,1343.27,1343.27,-0.01,11.94,16294.74,-1
2023-03-07,2023-03-07 14:16:00,1343.27,1343.27,1343.08,1343.08,-0.01,11.94,16294.74,-1
2023-03-07,2023-03-07 14:17:00,1343.08,1343.08,1342.89,1342.89,-0.01,11.94,16294.74,-1
2023-03-07,2023-03-07 14:18:00,1342.89,1342.89,1342.7,1342.7,-0.01,11.94,16294.74,-1
2023-03-07,2023-03-07 14:19:00,1342.7,1342.7,1342.52,1342.52,-0.01,11.94,16294.74,-1
2023-03-07,2023-03-07 14:20:00,1342.52,1342.52,1342.33,1342.33,-0.01,11.94,16294.74,-1
2023-03-07,2023-03-07 14:21:00,1342.33,1342.33,1342.14,1342.14,-0.01,11.94,16294.74,-1
2023-03-07,2023-03-07 14:22:00,1342.14,1342.14,1341.95,1341.95,-0.01,11.94,16294.74,-1
2023-03-07,2023-03-07 14:23:00,1341.95,1341.95,1341.76,1341.76,-0.01,11.94,16294.74,-1
2023-03-07,2023-03-07 14:24:00,1341.76,1341.76,1341.58,1341.58,-0.01,11.94,16294.74,-1
2023-03-07,2023-03-07 14:25:00,1341.58,1341.58,1341.39,1341.39,-0.01,11.94,16294.74,-1
2023-03-07,2023-03-07 14:26:00,1341.39,1341.39,1341.2,1341.2,-0.01,11.94,16294.74,-1
2023-03-07,2023-03-07 14:27:00,1341.2,1341.2,1341.01,1341.01,-0.01,11.94,16294.74,-1
2023-03-07,2023-03-07 14:28:00,1341.01,1341.01,1340.83,1340.83,-0.01,11.94,16294.74,-1
2023-03-07,2023-03-07 14:29:00,1340.83,1340.83,1340.64,1340.64,-0.01,11.94,16294.74,-1
2023-03-07,2023-03-07 14:30:00,1340.64,1340.64,1340.45,1340.45,-0.01,11.94,16294.74,-1
2023-03-07,2023-03-07 14:31:00,1340.45,1340.45,1340.26,1340.26,-0.01,11.94,16294.74,-1
2023-03-07,2023-03-07 14:32:00,1340.26,1340.26,1340.07,1340.07,-0.01,11.94,16294.74,-1
2023-03-07,2023-03-07 14:33:00,1340.07,1340.07,1339.89,1339.89,-0.01,11.94,16294.74,-1
2023-03-07,2023-03-07 14:34:00,1339.89,1339.89,1339.7,1339.7,-0.01,11.94,16294.74,-1
2023-03-07,2023-03-07 14:35:00,1339.7,1339.7,1339.51,1339.51,-0.01,11.94,16294.74,-1
2023-03-07,2023-03-07 14:36:00,1339.51,1339.51,1339.32,1339.32,-0.01,11.94,16294.74,-1
2023-03-07,2023-03-07 14:37:00,1339.32,1339.32,1339.13,1339.13,-0.01,11.94,16294.74,-1
2023-03-07,2023-03-07 14:38:00,1339.13,1339.13,1338.95,1338.95,-0.01,11.94,16294.74,-1
2023-03-07,2023-03-07 14:39:00,1338.95,1338.95,1338.76,1338.76,-0.01,11.94,16294.74,-1
2023-03-07,2023-03-07 14:40:00,1338.76,1338.76,1338.57,1338.57,-0.01,11.94,16294.74,-1
2023-03-07,2023-03-07 14:41:00,1338.57,1338.57,1338.38,1338.38,-0.01,11.94,16294.74,-1
2023-03-07,2023-03-07 14:42:00,1338.38,1338.38,1338.19,1338.19,-0.01,11.94,16294.74,-1
2023-03-07,2023-03-07 14:43:00,1338.19,1338.19,1338.01,1338.01,-0.01,11.94,16294.74,-1
2023-03-07,2023-03-07 14:44:00,1338.01,1338.01,1337.82,1337.82,-0.01,11.94,16294.74,-1
2023-03-07,2023-03-07 14:45:00,1337.82,1337.82,1337.63,1337.63,-0.01,11.94,16294.74,-1
2023-03-07,2023-03-07 14:46:00,1337.63,1337.63,1337.44,1337.44,-0.01,11.94,16294.74,-1
2023-03-07,2023-03-07 14:47:00,1337.44,1337.44,1337.26,1337.26,-0.01,11.94,16294.74,-1
2023-03-07,2023-03-07 14:48:00,1337.26,1337.26,1337.07,1337.07,-0.01,11.94,16294.74,-1
2023-03-07,2023-03-07 14:49:00,1337.07,1337.07,1336.88,1336.88,-0.01,11.94,16294.74,-1
2023-03-07,2023-03-07 14:50:00,1336.88,1336.88,1336.69,1336.69,-0.01,11.94,16294.74,-1
2023-03-07,2023-03-07 14:51:00,1336.69,1336.69,1336.5,1336.5,-0.01,11.94,16294.74,-1
2023-03-07,2023-03-07 14:52:00,1336.5,1336.5,1336.32,1336.32,-0.01,11.94,16294.74,-1
2023-03-07,2023-03-07 14:53:00,1336.32,1336.32,1336.13,1336.13,-0.01,11.94,16294.74,-1
2023-03-07,2023-03-07 14:54:00,1336.13,1336.13,1335.94,1335.94,-0.01,11.94,16294.74,-1
2023-03-07,2023-03-07 14:55:00,1335.94,1335.94,1335.75,1335.75,-0.01,11.94,16294.74,-1
2023-03-07,2023-03-07 14:56:00,1335.75,1335.75,1335.56,1335.56,-0.01,11.94,16294.74,-1
2023-03-07,2023-03-07 14:57:00,1335.56,1335.56,1335.38,1335.38,-0.01,11.94,16294.74,-1
2023-03-07,2023-03-07 14:58:00,1335.38,1335.38,1335.19,1335.19,-0.01,11.94,16294.74,-1
2023-03-07,2023-03-07 14:59:00,1335.19,1335.19,1335.0,1335.0,-0.01,11.94,16294.74,-1
2023-03-07,2023-03-07 15:00:00,1335.0,1408.0,1335.0,1335.0,0.0,11.94,16294.74,0
2023-03-09,2023-03-09 11:00:00,1335.0,1349.97,1335.0,1335.12,0.01,4.89,6662.41,1
2023-03-09,2023-03-09 11:01:00,1335.12,1335.25,1335.12,1335.25,0.01,4.89,6662.41,1
2023-03-09,2023-03-09 11:02:00,1335.25,1335.38,1335.25,1335.38,0.01,4.89,6662.41,1
2023-03-09,2023-03-09 11:03:00,1335.38,1335.5,1335.38,1335.5,0.01,4.89,6662.41,1
2023-03-09,2023-03-09 11:04:00,1335.5,1335.62,1335.5,1335.62,0.01,4.89,6662.41,1
2023-03-09,2023-03-09 11:05:00,1335.62,1335.75,1335.62,1335.75,0.01,4.89,6662.41,1
2023-03-09,2023-03-09 11:06:00,1335.75,1335.88,1335.75,1335.88,0.01,4.89,6662.41,1
2023-03-09,2023-03-09 11:07:00,1335.88,1336.0,1335.88,1336.0,0.01,4.89,6662.41,1
2023-03-09,2023-03-09 11:08:00,1336.0,1336.12,1336.0,1336.12,0.01,4.89,6662.41,1
2023-03-09,2023-03-09 11:09:00,1336.12,1336.25,1336.12,1336.25,0.01,4.89,6662.41,1
2023-03-09,2023-03-09 11:10:00,1336.25,1336.38,1336.25,1336.38,0.01,4.89,6662.41,1
2023-03-09,2023-03-09 11:11:00,1336.38,1336.5,1336.38,1336.5,0.01,4.89,6662.41,1
2023-03-09,2023-03-09 11:12:00,1336.5,1336.62,1336.5,1336.62,0.01,4.89,6662.41,1
2023-03-09,2023-03-09 11:13:00,1336.62,1336.75,1336.62,1336.75,0.01,4.89,6662.41,1
2023-03-09,2023-03-09 11:14:00,1336.75,1336.88,1336.75,1336.88,0.01,4.89,6662.41,1
2023-03-09,2023-03-09 11:15:00,1336.88,1337.0,1336.88,1337.0,0.01,4.89,6662.41,1
2023-03-09,2023-03-09 11:16:00,1337.0,1337.12,1337.0,1337.12,0.01,4.89,6662.41,1
2023-03-09,2023-03-09 11:17:00,1337.12,1337.25,1337.12,1337.25,0.01,4.89,6662.41,1
2023-03-09,2023-03-09 11:18:00,1337.25,1337.38,1337.25,1337.38,0.01,4.89,6662.41,1
2023-03-09,2023-03-09 11:19:00,1337.38,1337.5,1337.38,1337.5,0.01,4.89,6662.41,1
2023-03-09,2023-03-09 11:20:00,1337.5,1337.62,1337.5,1337.62,0.01,4.89,6662.41,1
2023-03-09,2023-03-09 11:21:00,1337.62,1337.75,1337.62,1337.75,0.01,4.89,6662.41,1
2023-03-09,2023-03-09 11:22:00,1337.75,1337.88,1337.75,1337.88,0.01,4.89,6662.41,1
2023-03-09,2023-03-09 11:23:00,1337.88,1338.0,1337.88,1338.0,0.01,4.89,6662.41,1
2023-03-09,2023-03-09 11:24:00,1338.0,1338.12,1338.0,1338.12,0.01,4.89,6662.41,1
2023-03-09,2023-03-09 11:25:00,1338.12,1338.25,1338.12,1338.25,0.01,4.89,6662.41,1
2023-03-09,2023-03-09 11:26:00,1338.25,1338.38,1338.25,1338.38,0.01,4.89,6662.41,1
2023-03-09,2023-03-09 11:27:00,1338.38,1338.5,1338.38,1338.5,0.01,4.89,6662.41,1
2023-03-09,2023-03-09 11:28:00,1338.5,1338.62,1338.5,1338.62,0.01,4.89,6662.41,1
2023-03-09,2023-03-09 11:29:00,1338.62,1338.75,1338.62,1338.75,0.01,4.89,6662.41,1
2023-03-09,2023-03-09 11:30:00,1338.75,1338.88,1338.75,1338.88,0.01,4.89,6662.41,1
2023-03-09,2023-03-09 11:31:00,1338.88,1339.0,1338.88,1339.0,0.01,4.89,6662.41,1
2023-03-09,2023-03-09 11:32:00,1339.0,1339.12,1339.0,1339.12,0.01,4.89,6662.41,1
2023-03-09,2023-03-09 11:33:00,1339.12,1339.25,1339.12,1339.25,0.01,4.89,6662.41,1
2023-03-09,2023-03-09 11:34:00,1339.25,1339.38,1339.25,1339.38,0.01,4.89,6662.41,1
2023-03-09,2023-03-09 11:35:00,1339.38,1339.5,1339.38,1339.5,0.01,4.89,6662.41,1
2023-03-09,2023-03-09 11:36:00,1339.5,1339.62,1339.5,1339.62,0.01,4.89,6662.41,1
2023-03-09,2023-03-09 11:37:00,1339.62,1339.75,1339.62,1339.75,0.01,4.89,6662.41,1
2023-03-09,2023-03-09 11:38:00,1339.75,1339.88,1339.75,1339.88,0.01,4.89,6662.41,1
2023-03-09,2023-03-09 11:39:00,1339.88,1340.0,1339.88,1340.0,0.01,4.89,6662.41,1
2023-03-09,2023-03-09 11:40:00,1340.0,1340.12,1340.0,1340.12,0.01,4.89,6662.41,1
2023-03-09,2023-03-09 11:41:00,1340.12,1340.25,1340.12,1340.25,0.01,4.89,6662.41,1
2023-03-09,2023-03-09 11:42:00,1340.25,1340.38,1340.25,1340.38,0.01,4.89,6662.41,1
2023-03-09,2023-03-09 11:43:00,1340.38,1340.5,1340.38,1340.5,0.01,4.89,6662.41,1
2023-03-09,2023-03-09 11:44:00,1340.5,1340.62,1340.5,1340.62,0.01,4.89,6662.41,1
2023-03-09,2023-03-09 11:45:00,1340.62,1340.75,1340.62,1340.75,0.01,4.89,6662.41,1
2023-03-09,2023-03-09 11:46:00,1340.75,1340.88,1340.75,1340.88,0.01,4.89,6662.41,1
2023-03-09,2023-03-09 11:47:00,1340.88,1341.0,1340.88,1341.0,0.01,4.89,6662.41,1
2023-03-09,2023-03-09 11:48:00,1341.0,1341.12,1341.0,1341.12,0.01,4.89,6662.41,1
2023-03-09,2023-03-09 11:49:00,1341.12,1341.25,1341.12,1341.25,0.01,4.89,6662.41,1
2023-03-09,2023-03-09 11:50:00,1341.25,1341.38,1341.25,1341.38,0.01,4.89,6662.41,1
2023-03-09,2023-03-09 11:51:00,1341.38,1341.5,1341.38,1341.5,0.01,4.89,6662.41,1
2023-03-09,2023-03-09 11:52:00,1341.5,1341.62,1341.5,1341.62,0.01,4.89,6662.41,1
2023-03-09,2023-03-09 11:53:00,1341.62,1341.75,1341.62,1341.75,0.01,4.89,6662.41,1
2023-03-09,2023-03-09 11:54:00,1341.75,1341.88,1341.75,1341.88,0.01,4.89,6662.41,1
2023-03-09,2023-03-09 11:55:00,1341.88,1342.0,1341.88,1342.0,0.01,4.89,6662.41,1
2023-03-09,2023-03-09 11:56:00,1342.0,1342.12,1342.0,1342.12,0.01,4.89,6662.41,1
2023-03-09,2023-03-09 11:57:00,1342.12,1342.25,1342.12,1342.25,0.01,4.89,6662.41,1
2023-03-09,2023-03-09 11:58:00,1342.25,1342.38,1342.25,1342.38,0.01,4.89,6662.41,1
2023-03-09,2023-03-09 11:59:00,1342.38,1342.5,1342.38,1342.5,0.01,4.89,6662.41,1
2023-03-09,2023-03-09 12:00:00,1342.5,1342.62,1342.5,1342.62,0.01,4.89,6662.41,1
2023-03-09,2023-03-09 12:01:00,1342.62,1342.75,1342.62,1342.75,0.01,4.89,6662.41,1
2023-03-09,2023-03-09 12:02:00,1342.75,1342.88,1342.75,1342.88,0.01,4.89,6662.41,1
2023-03-09,2023-03-09 12:03:00,1342.88,1343.0,1342.88,1343.0,0.01,4.89,6662.41,1
2023-03-09,2023-03-09 12:04:00,1343.0,1343.12,1343.0,1343.12,0.01,4.89,6662.41,1
2023-03-09,2023-03-09 12:05:00,1343.12,1343.25,1343.12,1343.25,0.01,4.89,6662.41,1
2023-03-09,2023-03-09 12:06:00,1343.25,1343.38,1343.25,1343.38,0.01,4.89,6662.41,1
2023-03-09,2023-03-09 12:07:00,1343.38,1343.5,1343.38,1343.5,0.01,4.89,6662.41,1
2023-03-09,2023-03-09 12:08:00,1343.5,1343.62,1343.5,1343.62,0.01,4.89,6662.41,1
2023-03-09,2023-03-09 12:09:00,1343.62,1343.75,1343.62,1343.75,0.01,4.89,6662.41,1
2023-03-09,2023-03-09 12:10:00,1343.75,1343.88,1343.75,1343.88,0.01,4.89,6662.41,1
2023-03-09,2023-03-09 12:11:00,1343.88,1344.0,1343.88,1344.0,0.01,4.89,6662.41,1
2023-03-09,2023-03-09 12:12:00,1344.0,1344.12,1344.0,1344.12,0.01,4.89,6662.41,1
2023-03-09,2023-03-09 12:13:00,1344.12,1344.25,1344.12,1344.25,0.01,4.89,6662.41,1
2023-03-09,2023-03-09 12:14:00,1344.25,1344.38,1344.25,1344.38,0.01,4.89,6662.41,1
2023-03-09,2023-03-09 12:15:00,1344.38,1344.5,1344.38,1344.5,0.01,4.89,6662.41,1
2023-03-09,2023-03-09 12:16:00,1344.5,1344.62,1344.5,1344.62,0.01,4.89,6662.41,1
2023-03-09,2023-03-09 12:17:00,1344.62,1344.75,1344.62,1344.75,0.01,4.89,6662.41,1
2023-03-09,2023-03-09 12:18:00,1344.75,1344.88,1344.75,1344.88,0.01,4.89,6662.41,1
2023-03-09,2023-03-09 12:19:00,1344.88,1345.0,1344.88,1345.0,0.01,4.89,6662.41,1
2023-03-09,2023-03-09 12:20:00,1345.0,1345.12,1345.0,1345.12,0.01,4.89,6662.41,1
2023-03-09,2023-03-09 12:21:00,1345.12,1345.25,1345.12,1345.25,0.01,4.89,6662.41,1
2023-03-09,2023-03-09 12:22:00,1345.25,1345.38,1345.25,1345.38,0.01,4.89,6662.41,1
2023-03-09,2023-03-09 12:23:00,1345.38,1345.5,1345.38,1345.5,0.01,4.89,6662.41,1
2023-03-09,2023-03-09 12:24:00,1345.5,1345.62,1345.5,1345.62,0.01,4.89,6662.41,1
2023-03-09,2023-03-09 12:25:00,1345.62,1345.75,1345.62,1345.75,0.01,4.89,6662.41,1
2023-03-09,2023-03-09 12:26:00,1345.75,1345.88,1345.75,1345.88,0.01,4.89,6662.41,1
2023-03-09,2023-03-09 12:27:00,1345.88,1346.0,1345.88,1346.0,0.01,4.89,6662.41,1
2023-03-09,2023-03-09 12:28:00,1346.0,1346.12,1346.0,1346.12,0.01,4.89,6662.41,1
2023-03-09,2023-03-09 12:29:00,1346.12,1346.25,1346.12,1346.25,0.01,4.89,6662.41,1
2023-03-09,2023-03-09 12:30:00,1346.25,1346.38,1346.25,1346.38,0.01,4.89,6662.41,1
2023-03-09,2023-03-09 12:31:00,1346.38,1346.5,1346.38,1346.5,0.01,4.89,6662.41,1
2023-03-09,2023-03-09 12:32:00,1346.5,1346.62,1346.5,1346.62,0.01,4.89,6662.41,1
2023-03-09,2023-03-09 12:33:00,1346.62,1346.75,1346.62,1346.75,0.01,4.89,6662.41,1
2023-03-09,2023-03-09 12:34:00,1346.75,1346.88,1346.75,1346.88,0.01,4.89,6662.41,1
2023-03-09,2023-03-09 12:35:00,1346.88,1347.0,1346.88,1347.0,0.01,4.89,6662.41,1
2023-03-09,2023-03-09 12:36:00,1347.0,1347.12,1347.0,1347.12,0.01,4.89,6662.41,1
2023-03-09,2023-03-09 12:37:00,1347.12,1347.25,1347.12,1347.25,0.01,4.89,6662.41,1
2023-03-09,2023-03-09 12:38:00,1347.25,1347.38,1347.25,1347.38,0.01,4.89,6662.41,1
2023-03-09,2023-03-09 12:39:00,1347.38,1347.5,1347.38,1347.5,0.01,4.89,6662.41,1
2023-03-09,2023-03-09 12:40:00,1347.5,1347.62,1347.5,1347.62,0.01,4.89,6662.41,1
2023-03-09,2023-03-09 12:41:00,1347.62,1347.75,1347.62,1347.75,0.01,4.89,6662.41,1
2023-03-09,2023-03-09 12:42:00,1347.75,1347.88,1347.75,1347.88,0.01,4.89,6662.41,1
2023-03-09,2023-03-09 12:43:00,1347.88,1348.0,1347.88,1348.0,0.01,4.89,6662.41,1
2023-03-09,2023-03-09 12:44:00,1348.0,1348.12,1348.0,1348.12,0.01,4.89,6662.41,1
2023-03-09,2023-03-09 12:45:00,1348.12,1348.25,1348.12,1348.25,0.01,4.89,6662.41,1
2023-03-09,2023-03-09 12:46:00,1348.25,1348.38,1348.25,1348.38,0.01,4.89,6662.41,1
2023-03-09,2023-03-09 12:47:00,1348.38,1348.5,1348.38,1348.5,0.01,4.89,6662.41,1
2023-03-09,2023-03-09 12:48:00,1348.5,1348.62,1348.5,1348.62,0.01,4.89,6662.41,1
2023-03-09,2023-03-09 12:49:00,1348.62,1348.75,1348.62,1348.75,0.01,4.89,6662.41,1
2023-03-09,2023-03-09 12:50:00,1348.75,1348.88,1348.75,1348.88,0.01,4.89,6662.41,1
2023-03-09,2023-03-09 12:51:00,1348.88,1349.0,1348.88,1349.0,0.01,4.89,6662.41,1
2023-03-09,2023-03-09 12:52:00,1349.0,1349.12,1349.0,1349.12,0.01,4.89,6662.41,1
2023-03-09,2023-03-09 12:53:00,1349.12,1349.25,1349.12,1349.25,0.01,4.89,6662.41,1
2023-03-09,2023-03-09 12:54:00,1349.25,1349.38,1349.25,1349.38,0.01,4.89,6662.41,1
2023-03-09,2023-03-09 12:55:00,1349.38,1349.5,1349.38,1349.5,0.01,4.89,6662.41,1
2023-03-09,2023-03-09 12:56:00,1349.5,1349.62,1349.5,1349.62,0.01,4.89,6662.41,1
2023-03-09,2023-03-09 12:57:00,1349.62,1349.75,1349.62,1349.75,0.01,4.89,6662.41,1
2023-03-09,2023-03-09 12:58:00,1349.75,1349.88,1349.75,1349.88,0.01,4.89,6662.41,1
2023-03-09,2023-03-09 12:59:00,1349.88,1350.0,1349.88,1350.0,0.01,4.89,6662.41,1
2023-03-09,2023-03-09 13:00:00,1350.0,1384.9,1335.0,1350.12,0.01,4.89,6662.41,1
2023-03-09,2023-03-09 13:01:00,1350.12,1350.25,1350.12,1350.25,0.01,4.89,6662.41,1
2023-03-09,2023-03-09 13:02:00,1350.25,1350.38,1350.25,1350.38,0.01,4.89,6662.41,1
2023-03-09,2023-03-09 13:03:00,1350.38,1350.5,1350.38,1350.5,0.01,4.89,6662.41,1
2023-03-09,2023-03-09 13:04:00,1350.5,1350.62,1350.5,1350.62,0.01,4.89,6662.41,1
2023-03-09,2023-03-09 13:05:00,1350.62,1350.75,1350.62,1350.75,0.01,4.89,6662.41,1
2023-03-09,2023-03-09 13:06:00,1350.75,1350.88,1350.75,1350.88,0.01,4.89,6662.41,1
2023-03-09,2023-03-09 13:07:00,1350.88,1351.0,1350.88,1351.0,0.01,4.89,6662.41,1
2023-03-09,2023-03-09 13:08:00,1351.0,1351.12,1351.0,1351.12,0.01,4.89,6662.41,1
2023-03-09,2023-03-09 13:09:00,1351.12,1351.25,1351.12,1351.25,0.01,4.89,6662.41,1
2023-03-09,2023-03-09 13:10:00,1351.25,1351.38,1351.25,1351.38,0.01,4.89,6662.41,1
2023-03-09,2023-03-09 13:11:00,1351.38,1351.5,1351.38,1351.5,0.01,4.89,6662.41,1
2023-03-09,2023-03-09 13:12:00,1351.5,1351.62,1351.5,1351.62,0.01,4.89,6662.41,1
2023-03-09,2023-03-09 13:13:00,1351.62,1351.75,1351.62,1351.75,0.01,4.89,6662.41,1
2023-03-09,2023-03-09 13:14:00,1351.75,1351.88,1351.75,1351.88,0.01,4.89,6662.41,1
2023-03-09,2023-03-09 13:15:00,1351.88,1352.0,1351.88,1352.0,0.01,4.89,6662.41,1
2023-03-09,2023-03-09 13:16:00,1352.0,1352.12,1352.0,1352.12,0.01,4.89,6662.41,1
2023-03-09,2023-03-09 13:17:00,1352.12,1352.25,1352.12,1352.25,0.01,4.89,6662.41,1
2023-03-09,2023-03-09 13:18:00,1352.25,1352.38,1352.25,1352.38,0.01,4.89,6662.41,1
2023-03-09,2023-03-09 13:19:00,1352.38,1352.5,1352.38,1352.5,0.01,4.89,6662.41,1
2023-03-09,2023-03-09 13:20:00,1352.5,1352.62,1352.5,1352.62,0.01,4.89,6662.41,1
2023-03-09,2023-03-09 13:21:00,1352.62,1352.75,1352.62,1352.75,0.01,4.89,6662.41,1
2023-03-09,2023-03-09 13:22:00,1352.75,1352.88,1352.75,1352.88,0.01,4.89,6662.41,1
2023-03-09,2023-03-09 13:23:00,1352.88,1353.0,1352.88,1353.0,0.01,4.89,6662.41,1
2023-03-09,2023-03-09 13:24:00,1353.0,1353.12,1353.0,1353.12,0.01,4.89,6662.41,1
2023-03-09,2023-03-09 13:25:00,1353.12,1353.25,1353.12,1353.25,0.01,4.89,6662.41,1
2023-03-09,2023-03-09 13:26:00,1353.25,1353.38,1353.25,1353.38,0.01,4.89,6662.41,1
2023-03-09,2023-03-09 13:27:00,1353.38,1353.5,1353.38,1353.5,0.01,4.89,6662.41,1
2023-03-09,2023-03-09 13:28:00,1353.5,1353.62,1353.5,1353.62,0.01,4.89,6662.41,1
2023-03-09,2023-03-09 13:29:00,1353.62,1353.75,1353.62,1353.75,0.01,4.89,6662.41,1
2023-03-09,2023-03-09 13:30:00,1353.75,1353.88,1353.75,1353.88,0.01,4.89,6662.41,1
2023-03-09,2023-03-09 13:31:00,1353.88,1354.0,1353.88,1354.0,0.01,4.89,6662.41,1
2023-03-09,2023-03-09 13:32:00,1354.0,1354.12,1354.0,1354.12,0.01,4.89,6662.41,1
2023-03-09,2023-03-09 13:33:00,1354.12,1354.25,1354.12,1354.25,0.01,4.89,6662.41,1
2023-03-09,2023-03-09 13:34:00,1354.25,1354.38,1354.25,1354.38,0.01,4.89,6662.41,1
2023-03-09,2023-03-09 13:35:00,1354.38,1354.5,1354.38,1354.5,0.01,4.89,6662.41,1
2023-03-09,2023-03-09 13:36:00,1354.5,1354.62,1354.5,1354.62,0.01,4.89,6662.41,1
2023-03-09,2023-03-09 13:37:00,1354.62,1354.75,1354.62,1354.75,0.01,4.89,6662.41,1
2023-03-09,2023-03-09 13:38:00,1354.75,1354.88,1354.75,1354.88,0.01,4.89,6662.41,1
2023-03-09,2023-03-09 13:39:00,1354.88,1355.0,1354.88,1355.0,0.01,4.89,6662.41,1
2023-03-09,2023-03-09 13:40:00,1355.0,1355.12,1355.0,1355.12,0.01,4.89,6662.41,1
2023-03-09,2023-03-09 13:41:00,1355.12,1355.25,1355.12,1355.25,0.01,4.89,6662.41,1
2023-03-09,2023-03-09 13:42:00,1355.25,1355.38,1355.25,1355.38,0.01,4.89,6662.41,1
2023-03-09,2023-03-09 13:43:00,1355.38,1355.5,1355.38,1355.5,0.01,4.89,6662.41,1
2023-03-09,2023-03-09 13:44:00,1355.5,1355.62,1355.5,1355.62,0.01,4.89,6662.41,1
2023-03-09,2023-03-09 13:45:00,1355.62,1355.75,1355.62,1355.75,0.01,4.89,6662.41,1
2023-03-09,2023-03-09 13:46:00,1355.75,1355.88,1355.75,1355.88,0.01,4.89,6662.41,1
2023-03-09,2023-03-09 13:47:00,1355.88,1356.0,1355.88,1356.0,0.01,4.89,6662.41,1
2023-03-09,2023-03-09 13:48:00,1356.0,1356.12,1356.0,1356.12,0.01,4.89,6662.41,1
2023-03-09,2023-03-09 13:49:00,1356.12,1356.25,1356.12,1356.25,0.01,4.89,6662.41,1
2023-03-09,2023-03-09 13:50:00,1356.25,1356.38,1356.25,1356.38,0.01,4.89,6662.41,1
2023-03-09,2023-03-09 13:51:00,1356.38,1356.5,1356.38,1356.5,0.01,4.89,6662.41,1
2023-03-09,2023-03-09 13:52:00,1356.5,1356.62,1356.5,1356.62,0.01,4.89,6662.41,1
2023-03-09,2023-03-09 13:53:00,1356.62,1356.75,1356.62,1356.75,0.01,4.89,6662.41,1
2023-03-09,2023-03-09 13:54:00,1356.75,1356.88,1356.75,1356.88,0.01,4.89,6662.41,1
2023-03-09,2023-03-09 13:55:00,1356.88,1357.0,1356.88,1357.0,0.01,4.89,6662.41,1
2023-03-09,2023-03-09 13:56:00,1357.0,1357.12,1357.0,1357.12,0.01,4.89,6662.41,1
2023-03-09,2023-03-09 13:57:00,1357.12,1357.25,1357.12,1357.25,0.01,4.89,6662.41,1
2023-03-09,2023-03-09 13:58:00,1357.25,1357.38,1357.25,1357.38,0.01,4.89,6662.41,1
2023-03-09,2023-03-09 13:59:00,1357.38,1357.5,1357.38,1357.5,0.01,4.89,6662.41,1
2023-03-09,2023-03-09 14:00:00,1357.5,1357.62,1357.5,1357.62,0.01,4.89,6662.41,1
2023-03-09,2023-03-09 14:01:00,1357.62,1357.75,1357.62,1357.75,0.01,4.89,6662.41,1
2023-03-09,2023-03-09 14:02:00,1357.75,1357.88,1357.75,1357.88,0.01,4.89,6662.41,1
2023-03-09,2023-03-09 14:03:00,1357.88,1358.0,1357.88,1358.0,0.01,4.89,6662.41,1
2023-03-09,2023-03-09 14:04:00,1358.0,1358.12,1358.0,1358.12,0.01,4.89,6662.41,1
2023-03-09,2023-03-09 14:05:00,1358.12,1358.25,1358.12,1358.25,0.01,4.89,6662.41,1
2023-03-09,2023-03-09 14:06:00,1358.25,1358.38,1358.25,1358.38,0.01,4.89,6662.41,1
2023-03-09,2023-03-09 14:07:00,1358.38,1358.5,1358.38,1358.5,0.01,4.89,6662.41,1
2023-03-09,2023-03-09 14:08:00,1358.5,1358.62,1358.5,1358.62,0.01,4.89,6662.41,1
2023-03-09,2023-03-09 14:09:00,1358.62,1358.75,1358.62,1358.75,0.01,4.89,6662.41,1
2023-03-09,2023-03-09 14:10:00,1358.75,1358.88,1358.75,1358.88,0.01,4.89,6662.41,1
2023-03-09,2023-03-09 14:11:00,1358.88,1359.0,1358.88,1359.0,0.01,4.89,6662.41,1
2023-03-09,2023-03-09 14:12:00,1359.0,1359.12,1359.0,1359.12,0.01,4.89,6662.41,1
2023-03-09,2023-03-09 14:13:00,1359.12,1359.25,1359.12,1359.25,0.01,4.89,6662.41,1
2023-03-09,2023-03-09 14:14:00,1359.25,1359.38,1359.25,1359.38,0.01,4.89,6662.41,1
2023-03-09,2023-03-09 14:15:00,1359.38,1359.5,1359.38,1359.5,0.01,4.89,6662.41,1
2023-03-09,2023-03-09 14:16:00,1359.5,1359.62,1359.5,1359.62,0.01,4.89,6662.41,1
2023-03-09,2023-03-09 14:17:00,1359.62,1359.75,1359.62,1359.75,0.01,4.89,6662.41,1
2023-03-09,2023-03-09 14:18:00,1359.75,1359.88,1359.75,1359.88,0.01,4.89,6662.41,1
2023-03-09,2023-03-09 14:19:00,1359.88,1360.0,1359.88,1360.0,0.01,4.89,6662.41,1
2023-03-09,2023-03-09 14:20:00,1360.0,1360.12,1360.0,1360.12,0.01,4.89,6662.41,1
2023-03-09,2023-03-09 14:21:00,1360.12,1360.25,1360.12,1360.25,0.01,4.89,6662.41,1
2023-03-09,2023-03-09 14:22:00,1360.25,1360.38,1360.25,1360.38,0.01,4.89,6662.41,1
2023-03-09,2023-03-09 14:23:00,1360.38,1360.5,1360.38,1360.5,0.01,4.89,6662.41,1
2023-03-09,2023-03-09 14:24:00,1360.5,1360.62,1360.5,1360.62,0.01,4.89,6662.41,1
2023-03-09,2023-03-09 14:25:00,1360.62,1360.75,1360.62,1360.75,0.01,4.89,6662.41,1
2023-03-09,2023-03-09 14:26:00,1360.75,1360.88,1360.75,1360.88,0.01,4.89,6662.41,1
2023-03-09,2023-03-09 14:27:00,1360.88,1361.0,1360.88,1361.0,0.01,4.89,6662.41,1
2023-03-09,2023-03-09 14:28:00,1361.0,1361.12,1361.0,1361.12,0.01,4.89,6662.41,1
2023-03-09,2023-03-09 14:29:00,1361.12,1361.25,1361.12,1361.25,0.01,4.89,6662.41,1
2023-03-09,2023-03-09 14:30:00,1361.25,1361.38,1361.25,1361.38,0.01,4.89,6662.41,1
2023-03-09,2023-03-09 14:31:00,1361.38,1361.5,1361.38,1361.5,0.01,4.89,6662.41,1
2023-03-09,2023-03-09 14:32:00,1361.5,1361.62,1361.5,1361.62,0.01,4.89,6662.41,1
2023-03-09,2023-03-09 14:33:00,1361.62,1361.75,1361.62,1361.75,0.01,4.89,6662.41,1
2023-03-09,2023-03-09 14:34:00,1361.75,1361.88,1361.75,1361.88,0.01,4.89,6662.41,1
2023-03-09,2023-03-09 14:35:00,1361.88,1362.0,1361.88,1362.0,0.01,4.89,6662.41,1
2023-03-09,2023-03-09 14:36:00,1362.0,1362.12,1362.0,1362.12,0.01,4.89,6662.41,1
2023-03-09,2023-03-09 14:37:00,1362.12,1362.25,1362.12,1362.25,0.01,4.89,6662.41,1
2023-03-09,2023-03-09 14:38:00,1362.25,1362.38,1362.25,1362.38,0.01,4.89,6662.41,1
2023-03-09,2023-03-09 14:39:00,1362.38,1362.5,1362.38,1362.5,0.01,4.89,6662.41,1
2023-03-09,2023-03-09 14:40:00,1362.5,1362.62,1362.5,1362.62,0.01,4.89,6662.41,1
2023-03-09,2023-03-09 14:41:00,1362.62,1362.75,1362.62,1362.75,0.01,4.89,6662.41,1
2023-03-09,2023-03-09 14:42:00,1362.75,1362.88,1362.75,1362.88,0.01,4.89,6662.41,1
2023-03-09,2023-03-09 14:43:00,1362.88,1363.0,1362.88,1363.0,0.01,4.89,6662.41,1
2023-03-09,2023-03-09 14:44:00,1363.0,1363.12,1363.0,1363.12,0.01,4.89,6662.41,1
2023-03-09,2023-03-09 14:45:00,1363.12,1363.25,1363.12,1363.25,0.01,4.89,6662.41,1
2023-03-09,2023-03-09 14:46:00,1363.25,1363.38,1363.25,1363.38,0.01,4.89,6662.41,1
2023-03-09,2023-03-09 14:47:00,1363.38,1363.5,1363.38,1363.5,0.01,4.89,6662.41,1
2023-03-09,2023-03-09 14:48:00,1363.5,1363.62,1363.5,1363.62,0.01,4.89,6662.41,1
2023-03-09,2023-03-09 14:49:00,1363.62,1363.75,1363.62,1363.75,0.01,4.89,6662.41,1
2023-03-09,2023-03-09 14:50:00,1363.75,1363.88,1363.75,1363.88,0.01,4.89,6662.41,1
2023-03-09,2023-03-09 14:51:00,1363.88,1364.0,1363.88,1364.0,0.01,4.89,6662.41,1
2023-03-09,2023-03-09 14:52:00,1364.0,1364.12,1364.0,1364.12,0.01,4.89,6662.41,1
2023-03-09,2023-03-09 14:53:00,1364.12,1364.25,1364.12,1364.25,0.01,4.89,6662.41,1
2023-03-09,2023-03-09 14:54:00,1364.25,1364.38,1364.25,1364.38,0.01,4.89,6662.41,1
2023-03-09,2023-03-09 14:55:00,1364.38,1364.5,1364.38,1364.5,0.01,4.89,6662.41,1
2023-03-09,2023-03-09 14:56:00,1364.5,1364.62,1364.5,1364.62,0.01,4.89,6662.41,1
2023-03-09,2023-03-09 14:57:00,1364.62,1364.75,1364.62,1364.75,0.01,4.89,6662.41,1
2023-03-09,2023-03-09 14:58:00,1364.75,1364.88,1364.75,1364.88,0.01,4.89,6662.41,1
2023-03-09,2023-03-09 14:59:00,1364.88,1365.0,1364.88,1365.0,0.01,4.89,6662.41,1
2023-03-09,2023-03-09 15:00:00,1365.0,1384.9,1335.0,1365.0,0.0,4.89,6662.41,0
2023-03-12,2023-03-12 11:00:00,1345.2,1358.34,1345.2,1345.35,0.01,5.28,7255.68,1
2023-03-12,2023-03-12 11:01:00,1345.35,1345.49,1345.35,1345.49,0.01,5.28,7255.68,1
2023-03-12,2023-03-12 11:02:00,1345.49,1345.63,1345.49,1345.63,0.01,5.28,7255.68,1
2023-03-12,2023-03-12 11:03:00,1345.63,1345.78,1345.63,1345.78,0.01,5.28,7255.68,1
2023-03-12,2023-03-12 11:04:00,1345.78,1345.92,1345.78,1345.92,0.01,5.28,7255.68,1
2023-03-12,2023-03-12 11:05:00,1345.92,1346.07,1345.92,1346.07,0.01,5.28,7255.68,1
2023-03-12,2023-03-12 11:06:00,1346.07,1346.22,1346.07,1346.22,0.01,5.28,7255.68,1
2023-03-12,2023-03-12 11:07:00,1346.22,1346.36,1346.22,1346.36,0.01,5.28,7255.68,1
2023-03-12,2023-03-12 11:08:00,1346.36,1346.51,1346.36,1346.51,0.01,5.28,7255.68,1
2023-03-12,2023-03-12 11:09:00,1346.51,1346.65,1346.51,1346.65,0.01,5.28,7255.68,1
2023-03-12,2023-03-12 11:10:00,1346.65,1346.8,1346.65,1346.8,0.01,5.28,7255.68,1
2023-03-12,2023-03-12 11:11:00,1346.8,1346.94,1346.8,1346.94,0.01,5.28,7255.68,1
2023-03-12,2023-03-12 11:12:00,1346.94,1347.09,1346.94,1347.09,0.01,5.28,7255.68,1
2023-03-12,2023-03-12 11:13:00,1347.09,1347.23,1347.09,1347.23,0.01,5.28,7255.68,1
2023-03-12,2023-03-12 11:14:00,1347.23,1347.38,1347.23,1347.38,0.01,5.28,7255.68,1
2023-03-12,2023-03-12 11:15:00,1347.38,1347.52,1347.38,1347.52,0.01,5.28,7255.68,1
2023-03-12,2023-03-12 11:16:00,1347.52,1347.66,1347.52,1347.66,0.01,5.28,7255.68,1
2023-03-12,2023-03-12 11:17:00,1347.66,1347.81,1347.66,1347.81,0.01,5.28,7255.68,1
2023-03-12,2023-03-12 11:18:00,1347.81,1347.96,1347.81,1347.96,0.01,5.28,7255.68,1
2023-03-12,2023-03-12 11:19:00,1347.96,1348.1,1347.96,1348.1,0.01,5.28,7255.68,1
2023-03-12,2023-03-12 11:20:00,1348.1,1348.25,1348.1,1348.25,0.01,5.28,7255.68,1
2023-03-12,2023-03-12 11:21:00,1348.25,1348.39,1348.25,1348.39,0.01,5.28,7255.68,1
2023-03-12,2023-03-12 11:22:00,1348.39,1348.54,1348.39,1348.54,0.01,5.28,7255.68,1
2023-03-12,2023-03-12 11:23:00,1348.54,1348.68,1348.54,1348.68,0.01,5.28,7255.68,1
2023-03-12,2023-03-12 11:24:00,1348.68,1348.83,1348.68,1348.83,0.01,5.28,7255.68,1
2023-03-12,2023-03-12 11:25:00,1348.83,1348.97,1348.83,1348.97,0.01,5.28,7255.68,1
2023-03-12,2023-03-12 11:26:00,1348.97,1349.12,1348.97,1349.12,0.01,5.28,7255.68,1
2023-03-12,2023-03-12 11:27:00,1349.12,1349.26,1349.12,1349.26,0.01,5.28,7255.68,1
2023-03-12,2023-03-12 11:28:00,1349.26,1349.4,1349.26,1349.4,0.01,5.28,7255.68,1
2023-03-12,2023-03-12 11:29:00,1349.4,1349.55,1349.4,1349.55,0.01,5.28,7255.68,1
2023-03-12,2023-03-12 11:30:00,1349.55,1349.69,1349.55,1349.69,0.01,5.28,7255.68,1
2023-03-12,2023-03-12 11:31:00,1349.69,1349.84,1349.69,1349.84,0.01,5.28,7255.68,1
2023-03-12,2023-03-12 11:32:00,1349.84,1349.99,1349.84,1349.99,0.01,5.28,7255.68,1
2023-03-12,2023-03-12 11:33:00,1349.99,1350.13,1349.99,1350.13,0.01,5.28,7255.68,1
2023-03-12,2023-03-12 11:34:00,1350.13,1350.28,1350.13,1350.28,0.01,5.28,7255.68,1
2023-03-12,2023-03-12 11:35:00,1350.28,1350.42,1350.28,1350.42,0.01,5.28,7255.68,1
2023-03-12,2023-03-12 11:36:00,1350.42,1350.57,1350.42,1350.57,0.01,5.28,7255.68,1
2023-03-12,2023-03-12 11:37:00,1350.57,1350.71,1350.57,1350.71,0.01,5.28,7255.68,1
2023-03-12,2023-03-12 11:38:00,1350.71,1350.86,1350.71,1350.86,0.01,5.28,7255.68,1
2023-03-12,2023-03-12 11:39:00,1350.86,1351.0,1350.86,1351.0,0.01,5.28,7255.68,1
2023-03-12,2023-03-12 11:40:00,1351.0,1351.14,1351.0,1351.14,0.01,5.28,7255.68,1
2023-03-12,2023-03-12 11:41:00,1351.14,1351.29,1351.14,1351.29,0.01,5.28,7255.68,1
2023-03-12,2023-03-12 11:42:00,1351.29,1351.43,1351.29,1351.43,0.01,5.28,7255.68,1
2023-03-12,2023-03-12 11:43:00,1351.43,1351.58,1351.43,1351.58,0.01,5.28,7255.68,1
2023-03-12,2023-03-12 11:44:00,1351.58,1351.73,1351.58,1351.73,0.01,5.28,7255.68,1
2023-03-12,2023-03-12 11:45:00,1351.73,1351.87,1351.73,1351.87,0.01,5.28,7255.68,1
2023-03-12,2023-03-12 11:46:00,1351.87,1352.02,1351.87,1352.02,0.01,5.28,7255.68,1
2023-03-12,2023-03-12 11:47:00,1352.02,1352.16,1352.02,1352.16,0.01,5.28,7255.68,1
2023-03-12,2023-03-12 11:48:00,1352.16,1352.31,1352.16,1352.31,0.01,5.28,7255.68,1
2023-03-12,2023-03-12 11:49:00,1352.31,1352.45,1352.31,1352.45,0.01,5.28,7255.68,1
2023-03-12,2023-03-12 11:50:00,1352.45,1352.6,1352.45,1352.6,0.01,5.28,7255.68,1
2023-03-12,2023-03-12 11:51:00,1352.6,1352.74,1352.6,1352.74,0.01,5.28,7255.68,1
2023-03-12,2023-03-12 11:52:00,1352.74,1352.88,1352.74,1352.88,0.01,5.28,7255.68,1
2023-03-12,2023-03-12 11:53:00,1352.88,1353.03,1352.88,1353.03,0.01,5.28,7255.68,1
2023-03-12,2023-03-12 11:54:00,1353.03,1353.17,1353.03,1353.17,0.01,5.28,7255.68,1
2023-03-12,2023-03-12 11:55:00,1353.17,1353.32,1353.17,1353.32,0.01,5.28,7255.68,1
2023-03-12,2023-03-12 11:56:00,1353.32,1353.47,1353.32,1353.47,0.01,5.28,7255.68,1
2023-03-12,2023-03-12 11:57:00,1353.47,1353.61,1353.47,1353.61,0.01,5.28,7255.68,1
2023-03-12,2023-03-12 11:58:00,1353.61,1353.76,1353.61,1353.76,0.01,5.28,7255.68,1
2023-03-12,2023-03-12 11:59:00,1353.76,1353.9,1353.76,1353.9,0.01,5.28,7255.68,1
2023-03-12,2023-03-12 12:00:00,1353.9,1354.05,1353.9,1354.05,0.01,5.28,7255.68,1
2023-03-12,2023-03-12 12:01:00,1354.05,1354.19,1354.05,1354.19,0.01,5.28,7255.68,1
2023-03-12,2023-03-12 12:02:00,1354.19,1354.34,1354.19,1354.34,0.01,5.28,7255.68,1
2023-03-12,2023-03-12 12:03:00,1354.34,1354.48,1354.34,1354.48,0.01,5.28,7255.68,1
2023-03-12,2023-03-12 12:04:00,1354.48,1354.62,1354.48,1354.62,0.01,5.28,7255.68,1
2023-03-12,2023-03-12 12:05:00,1354.62,1354.77,1354.62,1354.77,0.01,5.28,7255.68,1
2023-03-12,2023-03-12 12:06:00,1354.77,1354.91,1354.77,1354.91,0.01,5.28,7255.68,1
2023-03-12,2023-03-12 12:07:00,1354.91,1355.06,1354.91,1355.06,0.01,5.28,7255.68,1
2023-03-12,2023-03-12 12:08:00,1355.06,1355.2,1355.06,1355.2,0.01,5.28,7255.68,1
2023-03-12,2023-03-12 12:09:00,1355.2,1355.35,1355.2,1355.35,0.01,5.28,7255.68,1
2023-03-12,2023-03-12 12:10:00,1355.35,1355.5,1355.35,1355.5,0.01,5.28,7255.68,1
2023-03-12,2023-03-12 12:11:00,1355.5,1355.64,1355.5,1355.64,0.01,5.28,7255.68,1
2023-03-12,2023-03-12 12:12:00,1355.64,1355.79,1355.64,1355.79,0.01,5.28,7255.68,1
2023-03-12,2023-03-12 12:13:00,1355.79,1355.93,1355.79,1355.93,0.01,5.28,7255.68,1
2023-03-12,2023-03-12 12:14:00,1355.93,1356.08,1355.93,1356.08,0.01,5.28,7255.68,1
2023-03-12,2023-03-12 12:15:00,1356.08,1356.22,1356.08,1356.22,0.01,5.28,7255.68,1
2023-03-12,2023-03-12 12:16:00,1356.22,1356.37,1356.22,1356.37,0.01,5.28,7255.68,1
2023-03-12,2023-03-12 12:17:00,1356.37,1356.51,1356.37,1356.51,0.01,5.28,7255.68,1
2023-03-12,2023-03-12 12:18:00,1356.51,1356.65,1356.51,1356.65,0.01,5.28,7255.68,1
2023-03-12,2023-03-12 12:19:00,1356.65,1356.8,1356.65,1356.8,0.01,5.28,7255.68,1
2023-03-12,2023-03-12 12:20:00,1356.8,1356.94,1356.8,1356.94,0.01,5.28,7255.68,1
2023-03-12,2023-03-12 12:21:00,1356.94,1357.09,1356.94,1357.09,0.01,5.28,7255.68,1
2023-03-12,2023-03-12 12:22:00,1357.09,1357.24,1357.09,1357.24,0.01,5.28,7255.68,1
2023-03-12,2023-03-12 12:23:00,1357.24,1357.38,1357.24,1357.38,0.01,5.28,7255.68,1
2023-03-12,2023-03-12 12:24:00,1357.38,1357.53,1357.38,1357.53,0.01,5.28,7255.68,1
2023-03-12,2023-03-12 12:25:00,1357.53,1357.67,1357.53,1357.67,0.01,5.28,7255.68,1
2023-03-12,2023-03-12 12:26:00,1357.67,1357.82,1357.67,1357.82,0.01,5.28,7255.68,1
2023-03-12,2023-03-12 12:27:00,1357.82,1357.96,1357.82,1357.96,0.01,5.28,7255.68,1
2023-03-12,2023-03-12 12:28:00,1357.96,1358.11,1357.96,1358.11,0.01,5.28,7255.68,1
2023-03-12,2023-03-12 12:29:00,1358.11,1358.25,1358.11,1358.25,0.01,5.28,7255.68,1
2023-03-12,2023-03-12 12:30:00,1358.25,1358.39,1358.25,1358.39,0.01,5.28,7255.68,1
2023-03-12,2023-03-12 12:31:00,1358.39,1358.54,1358.39,1358.54,0.01,5.28,7255.68,1
2023-03-12,2023-03-12 12:32:00,1358.54,1358.68,1358.54,1358.68,0.01,5.28,7255.68,1
2023-03-12,2023-03-12 12:33:00,1358.68,1358.83,1358.68,1358.83,0.01,5.28,7255.68,1
2023-03-12,2023-03-12 12:34:00,1358.83,1358.98,1358.83,1358.98,0.01,5.28,7255.68,1
2023-03-12,2023-03-12 12:35:00,1358.98,1359.12,1358.98,1359.12,0.01,5.28,7255.68,1
2023-03-12,2023-03-12 12:36:00,1359.12,1359.27,1359.12,1359.27,0.01,5.28,7255.68,1
2023-03-12,2023-03-12 12:37:00,1359.27,1359.41,1359.27,1359.41,0.01,5.28,7255.68,1
2023-03-12,2023-03-12 12:38:00,1359.41,1359.56,1359.41,1359.56,0.01,5.28,7255.68,1
2023-03-12,2023-03-12 12:39:00,1359.56,1359.7,1359.56,1359.7,0.01,5.28,7255.68,1
2023-03-12,2023-03-12 12:40:00,1359.7,1359.85,1359.7,1359.85,0.01,5.28,7255.68,1
2023-03-12,2023-03-12 12:41:00,1359.85,1359.99,1359.85,1359.99,0.01,5.28,7255.68,1
2023-03-12,2023-03-12 12:42:00,1359.99,1360.13,1359.99,1360.13,0.01,5.28,7255.68,1
2023-03-12,2023-03-12 12:43:00,1360.13,1360.28,1360.13,1360.28,0.01,5.28,7255.68,1
2023-03-12,2023-03-12 12:44:00,1360.28,1360.42,1360.28,1360.42,0.01,5.28,7255.68,1
2023-03-12,2023-03-12 12:45:00,1360.42,1360.57,1360.42,1360.57,0.01,5.28,7255.68,1
2023-03-12,2023-03-12 12:46:00,1360.57,1360.71,1360.57,1360.71,0.01,5.28,7255.68,1
2023-03-12,2023-03-12 12:47:00,1360.71,1360.86,1360.71,1360.86,0.01,5.28,7255.68,1
2023-03-12,2023-03-12 12:48:00,1360.86,1361.01,1360.86,1361.01,0.01,5.28,7255.68,1
2023-03-12,2023-03-12 12:49:00,1361.01,1361.15,1361.01,1361.15,0.01,5.28,7255.68,1
2023-03-12,2023-03-12 12:50:00,1361.15,1361.3,1361.15,1361.3,0.01,5.28,7255.68,1
2023-03-12,2023-03-12 12:51:00,1361.3,1361.44,1361.3,1361.44,0.01,5.28,7255.68,1
2023-03-12,2023-03-12 12:52:00,1361.44,1361.59,1361.44,1361.59,0.01,5.28,7255.68,1
2023-03-12,2023-03-12 12:53:00,1361.59,1361.73,1361.59,1361.73,0.01,5.28,7255.68,1
2023-03-12,2023-03-12 12:54:00,1361.73,1361.88,1361.73,1361.88,0.01,5.28,7255.68,1
2023-03-12,2023-03-12 12:55:00,1361.88,1362.02,1361.88,1362.02,0.01,5.28,7255.68,1
2023-03-12,2023-03-12 12:56:00,1362.02,1362.16,1362.02,1362.16,0.01,5.28,7255.68,1
2023-03-12,2023-03-12 12:57:00,1362.16,1362.31,1362.16,1362.31,0.01,5.28,7255.68,1
2023-03-12,2023-03-12 12:58:00,1362.31,1362.45,1362.31,1362.45,0.01,5.28,7255.68,1
2023-03-12,2023-03-12 12:59:00,1362.45,1362.6,1362.45,1362.6,0.01,5.28,7255.68,1
2023-03-12,2023-03-12 13:00:00,1362.6,1389.0,1345.2,1362.75,0.01,5.28,7255.68,1
2023-03-12,2023-03-12 13:01:00,1362.75,1362.89,1362.75,1362.89,0.01,5.28,7255.68,1
2023-03-12,2023-03-12 13:02:00,1362.89,1363.04,1362.89,1363.04,0.01,5.28,7255.68,1
2023-03-12,2023-03-12 13:03:00,1363.04,1363.18,1363.04,1363.18,0.01,5.28,7255.68,1
2023-03-12,2023-03-12 13:04:00,1363.18,1363.33,1363.18,1363.33,0.01,5.28,7255.68,1
2023-03-12,2023-03-12 13:05:00,1363.33,1363.47,1363.33,1363.47,0.01,5.28,7255.68,1
2023-03-12,2023-03-12 13:06:00,1363.47,1363.62,1363.47,1363.62,0.01,5.28,7255.68,1
2023-03-12,2023-03-12 13:07:00,1363.62,1363.76,1363.62,1363.76,0.01,5.28,7255.68,1
2023-03-12,2023-03-12 13:08:00,1363.76,1363.9,1363.76,1363.9,0.01,5.28,7255.68,1
2023-03-12,2023-03-12 13:09:00,1363.9,1364.05,1363.9,1364.05,0.01,5.28,7255.68,1
2023-03-12,2023-03-12 13:10:00,1364.05,1364.19,1364.05,1364.19,0.01,5.28,7255.68,1
2023-03-12,2023-03-12 13:11:00,1364.19,1364.34,1364.19,1364.34,0.01,5.28,7255.68,1
2023-03-12,2023-03-12 13:12:00,1364.34,1364.49,1364.34,1364.49,0.01,5.28,7255.68,1
2023-03-12,2023-03-12 13:13:00,1364.49,1364.63,1364.49,1364.63,0.01,5.28,7255.68,1
2023-03-12,2023-03-12 13:14:00,1364.63,1364.78,1364.63,1364.78,0.01,5.28,7255.68,1
2023-03-12,2023-03-12 13:15:00,1364.78,1364.92,1364.78,1364.92,0.01,5.28,7255.68,1
2023-03-12,2023-03-12 13:16:00,1364.92,1365.07,1364.92,1365.07,0.01,5.28,7255.68,1
2023-03-12,2023-03-12 13:17:00,1365.07,1365.21,1365.07,1365.21,0.01,5.28,7255.68,1
2023-03-12,2023-03-12 13:18:00,1365.21,1365.36,1365.21,1365.36,0.01,5.28,7255.68,1
2023-03-12,2023-03-12 13:19:00,1365.36,1365.5,1365.36,1365.5,0.01,5.28,7255.68,1
2023-03-12,2023-03-12 13:20:00,1365.5,1365.64,1365.5,1365.64,0.01,5.28,7255.68,1
2023-03-12,2023-03-12 13:21:00,1365.64,1365.79,1365.64,1365.79,0.01,5.28,7255.68,1
2023-03-12,2023-03-12 13:22:00,1365.79,1365.93,1365.79,1365.93,0.01,5.28,7255.68,1
2023-03-12,2023-03-12 13:23:00,1365.93,1366.08,1365.93,1366.08,0.01,5.28,7255.68,1
2023-03-12,2023-03-12 13:24:00,1366.08,1366.22,1366.08,1366.22,0.01,5.28,7255.68,1
2023-03-12,2023-03-12 13:25:00,1366.22,1366.37,1366.22,1366.37,0.01,5.28,7255.68,1
2023-03-12,2023-03-12 13:26:00,1366.37,1366.52,1366.37,1366.52,0.01,5.28,7255.68,1
2023-03-12,2023-03-12 13:27:00,1366.52,1366.66,1366.52,1366.66,0.01,5.28,7255.68,1
2023-03-12,2023-03-12 13:28:00,1366.66,1366.81,1366.66,1366.81,0.01,5.28,7255.68,1
2023-03-12,2023-03-12 13:29:00,1366.81,1366.95,1366.81,1366.95,0.01,5.28,7255.68,1
2023-03-12,2023-03-12 13:30:00,1366.95,1367.1,1366.95,1367.1,0.01,5.28,7255.68,1
2023-03-12,2023-03-12 13:31:00,1367.1,1367.24,1367.1,1367.24,0.01,5.28,7255.68,1
2023-03-12,2023-03-12 13:32:00,1367.24,1367.38,1367.24,1367.38,0.01,5.28,7255.68,1
2023-03-12,2023-03-12 13:33:00,1367.38,1367.53,1367.38,1367.53,0.01,5.28,7255.68,1
2023-03-12,2023-03-12 13:34:00,1367.53,1367.67,1367.53,1367.67,0.01,5.28,7255.68,1
2023-03-12,2023-03-12 13:35:00,1367.67,1367.82,1367.67,1367.82,0.01,5.28,7255.68,1
2023-03-12,2023-03-12 13:36:00,1367.82,1367.96,1367.82,1367.96,0.01,5.28,7255.68,1
2023-03-12,2023-03-12 13:37:00,1367.96,1368.11,1367.96,1368.11,0.01,5.28,7255.68,1
2023-03-12,2023-03-12 13:38:00,1368.11,1368.26,1368.11,1368.26,0.01,5.28,7255.68,1
2023-03-12,2023-03-12 13:39:00,1368.26,1368.4,1368.26,1368.4,0.01,5.28,7255.68,1
2023-03-12,2023-03-12 13:40:00,1368.4,1368.55,1368.4,1368.55,0.01,5.28,7255.68,1
2023-03-12,2023-03-12 13:41:00,1368.55,1368.69,1368.55,1368.69,0.01,5.28,7255.68,1
2023-03-12,2023-03-12 13:42:00,1368.69,1368.84,1368.69,1368.84,0.01,5.28,7255.68,1
2023-03-12,2023-03-12 13:43:00,1368.84,1368.98,1368.84,1368.98,0.01,5.28,7255.68,1
2023-03-12,2023-03-12 13:44:00,1368.98,1369.12,1368.98,1369.12,0.01,5.28,7255.68,1
2023-03-12,2023-03-12 13:45:00,1369.12,1369.27,1369.12,1369.27,0.01,5.28,7255.68,1
2023-03-12,2023-03-12 13:46:00,1369.27,1369.41,1369.27,1369.41,0.01,5.28,7255.68,1
2023-03-12,2023-03-12 13:47:00,1369.41,1369.56,1369.41,1369.56,0.01,5.28,7255.68,1
2023-03-12,2023-03-12 13:48:00,1369.56,1369.7,1369.56,1369.7,0.01,5.28,7255.68,1
2023-03-12,2023-03-12 13:49:00,1369.7,1369.85,1369.7,1369.85,0.01,5.28,7255.68,1
2023-03-12,2023-03-12 13:50:00,1369.85,1370.0,1369.85,1370.0,0.01,5.28,7255.68,1
2023-03-12,2023-03-12 13:51:00,1370.0,1370.14,1370.0,1370.14,0.01,5.28,7255.68,1
2023-03-12,2023-03-12 13:52:00,1370.14,1370.29,1370.14,1370.29,0.01,5.28,7255.68,1
2023-03-12,2023-03-12 13:53:00,1370.29,1370.43,1370.29,1370.43,0.01,5.28,7255.68,1
2023-03-12,2023-03-12 13:54:00,1370.43,1370.58,1370.43,1370.58,0.01,5.28,7255.68,1
2023-03-12,2023-03-12 13:55:00,1370.58,1370.72,1370.58,1370.72,0.01,5.28,7255.68,1
2023-03-12,2023-03-12 13:56:00,1370.72,1370.87,1370.72,1370.87,0.01,5.28,7255.68,1
2023-03-12,2023-03-12 13:57:00,1370.87,1371.01,1370.87,1371.01,0.01,5.28,7255.68,1
2023-03-12,2023-03-12 13:58:00,1371.01,1371.15,1371.01,1371.15,0.01,5.28,7255.68,1
2023-03-12,2023-03-12 13:59:00,1371.15,1371.3,1371.15,1371.3,0.01,5.28,7255.68,1
2023-03-12,2023-03-12 14:00:00,1371.3,1371.44,1371.3,1371.44,0.01,5.28,7255.68,1
2023-03-12,2023-03-12 14:01:00,1371.44,1371.59,1371.44,1371.59,0.01,5.28,7255.68,1
2023-03-12,2023-03-12 14:02:00,1371.59,1371.73,1371.59,1371.73,0.01,5.28,7255.68,1
2023-03-12,2023-03-12 14:03:00,1371.73,1371.88,1371.73,1371.88,0.01,5.28,7255.68,1
2023-03-12,2023-03-12 14:04:00,1371.88,1372.03,1371.88,1372.03,0.01,5.28,7255.68,1
2023-03-12,2023-03-12 14:05:00,1372.03,1372.17,1372.03,1372.17,0.01,5.28,7255.68,1
2023-03-12,2023-03-12 14:06:00,1372.17,1372.32,1372.17,1372.32,0.01,5.28,7255.68,1
2023-03-12,2023-03-12 14:07:00,1372.32,1372.46,1372.32,1372.46,0.01,5.28,7255.68,1
2023-03-12,2023-03-12 14:08:00,1372.46,1372.61,1372.46,1372.61,0.01,5.28,7255.68,1
2023-03-12,2023-03-12 14:09:00,1372.61,1372.75,1372.61,1372.75,0.01,5.28,7255.68,1
2023-03-12,2023-03-12 14:10:00,1372.75,1372.89,1372.75,1372.89,0.01,5.28,7255.68,1
2023-03-12,2023-03-12 14:11:00,1372.89,1373.04,1372.89,1373.04,0.01,5.28,7255.68,1
2023-03-12,2023-03-12 14:12:00,1373.04,1373.18,1373.04,1373.18,0.01,5.28,7255.68,1
2023-03-12,2023-03-12 14:13:00,1373.18,1373.33,1373.18,1373.33,0.01,5.28,7255.68,1
2023-03-12,2023-03-12 14:14:00,1373.33,1373.47,1373.33,1373.47,0.01,5.28,7255.68,1
2023-03-12,2023-03-12 14:15:00,1373.47,1373.62,1373.47,1373.62,0.01,5.28,7255.68,1
2023-03-12,2023-03-12 14:16:00,1373.62,1373.77,1373.62,1373.77,0.01,5.28,7255.68,1
2023-03-12,2023-03-12 14:17:00,1373.77,1373.91,1373.77,1373.91,0.01,5.28,7255.68,1
2023-03-12,2023-03-12 14:18:00,1373.91,1374.06,1373.91,1374.06,0.01,5.28,7255.68,1
2023-03-12,2023-03-12 14:19:00,1374.06,1374.2,1374.06,1374.2,0.01,5.28,7255.68,1
2023-03-12,2023-03-12 14:20:00,1374.2,1374.35,1374.2,1374.35,0.01,5.28,7255.68,1
2023-03-12,2023-03-12 14:21:00,1374.35,1374.49,1374.35,1374.49,0.01,5.28,7255.68,1
2023-03-12,2023-03-12 14:22:00,1374.49,1374.63,1374.49,1374.63,0.01,5.28,7255.68,1
2023-03-12,2023-03-12 14:23:00,1374.63,1374.78,1374.63,1374.78,0.01,5.28,7255.68,1
2023-03-12,2023-03-12 14:24:00,1374.78,1374.92,1374.78,1374.92,0.01,5.28,7255.68,1
2023-03-12,2023-03-12 14:25:00,1374.92,1375.07,1374.92,1375.07,0.01,5.28,7255.68,1
2023-03-12,2023-03-12 14:26:00,1375.07,1375.21,1375.07,1375.21,0.01,5.28,7255.68,1
2023-03-12,2023-03-12 14:27:00,1375.21,1375.36,1375.21,1375.36,0.01,5.28,7255.68,1
2023-03-12,2023-03-12 14:28:00,1375.36,1375.51,1375.36,1375.51,0.01,5.28,7255.68,1
2023-03-12,2023-03-12 14:29:00,1375.51,1375.65,1375.51,1375.65,0.01,5.28,7255.68,1
2023-03-12,2023-03-12 14:30:00,1375.65,1375.8,1375.65,1375.8,0.01,5.28,7255.68,1
2023-03-12,2023-03-12 14:31:00,1375.8,1375.94,1375.8,1375.94,0.01,5.28,7255.68,1
2023-03-12,2023-03-12 14:32:00,1375.94,1376.09,1375.94,1376.09,0.01,5.28,7255.68,1
2023-03-12,2023-03-12 14:33:00,1376.09,1376.23,1376.09,1376.23,0.01,5.28,7255.68,1
2023-03-12,2023-03-12 14:34:00,1376.23,1376.38,1376.23,1376.38,0.01,5.28,7255.68,1
2023-03-12,2023-03-12 14:35:00,1376.38,1376.52,1376.38,1376.52,0.01,5.28,7255.68,1
2023-03-12,2023-03-12 14:36:00,1376.52,1376.66,1376.52,1376.66,0.01,5.28,7255.68,1
2023-03-12,2023-03-12 14:37:00,1376.66,1376.81,1376.66,1376.81,0.01,5.28,7255.68,1
2023-03-12,2023-03-12 14:38:00,1376.81,1376.95,1376.81,1376.95,0.01,5.28,7255.68,1
2023-03-12,2023-03-12 14:39:00,1376.95,1377.1,1376.95,1377.1,0.01,5.28,7255.68,1
2023-03-12,2023-03-12 14:40:00,1377.1,1377.24,1377.1,1377.24,0.01,5.28,7255.68,1
2023-03-12,2023-03-12 14:41:00,1377.24,1377.39,1377.24,1377.39,0.01,5.28,7255.68,1
2023-03-12,2023-03-12 14:42:00,1377.39,1377.54,1377.39,1377.54,0.01,5.28,7255.68,1
2023-03-12,2023-03-12 14:43:00,1377.54,1377.68,1377.54,1377.68,0.01,5.28,7255.68,1
2023-03-12,2023-03-12 14:44:00,1377.68,1377.83,1377.68,1377.83,0.01,5.28,7255.68,1
2023-03-12,2023-03-12 14:45:00,1377.83,1377.97,1377.83,1377.97,0.01,5.28,7255.68,1
2023-03-12,2023-03-12 14:46:00,1377.97,1378.12,1377.97,1378.12,0.01,5.28,7255.68,1
2023-03-12,2023-03-12 14:47:00,1378.12,1378.26,1378.12,1378.26,0.01,5.28,7255.68,1
2023-03-12,2023-03-12 14:48:00,1378.26,1378.4,1378.26,1378.4,0.01,5.28,7255.68,1
2023-03-12,2023-03-12 14:49:00,1378.4,1378.55,1378.4,1378.55,0.01,5.28,7255.68,1
2023-03-12,2023-03-12 14:50:00,1378.55,1378.69,1378.55,1378.69,0.01,5.28,7255.68,1
2023-03-12,2023-03-12 14:51:00,1378.69,1378.84,1378.69,1378.84,0.01,5.28,7255.68,1
2023-03-12,2023-03-12 14:52:00,1378.84,1378.98,1378.84,1378.98,0.01,5.28,7255.68,1
2023-03-12,2023-03-12 14:53:00,1378.98,1379.13,1378.98,1379.13,0.01,5.28,7255.68,1
2023-03-12,2023-03-12 14:54:00,1379.13,1379.28,1379.13,1379.28,0.01,5.28,7255.68,1
2023-03-12,2023-03-12 14:55:00,1379.28,1379.42,1379.28,1379.42,0.01,5.28,7255.68,1
2023-03-12,2023-03-12 14:56:00,1379.42,1379.57,1379.42,1379.57,0.01,5.28,7255.68,1
2023-03-12,2023-03-12 14:57:00,1379.57,1379.71,1379.57,1379.71,0.01,5.28,7255.68,1
2023-03-12,2023-03-12 14:58:00,1379.71,1379.86,1379.71,1379.86,0.01,5.28,7255.68,1
2023-03-12,2023-03-12 14:59:00,1379.86,1380.0,1379.86,1380.0,0.01,5.28,7255.68,1
2023-03-12,2023-03-12 15:00:00,1380.0,1389.0,1345.2,1380.0,0.0,5.28,7255.68,0
2023-03-13,2023-03-13 11:00:00,1380.0,1380.0,1353.3,1379.85,-0.01,13.14,17381.63,-1
2023-03-13,2023-03-13 11:01:00,1379.85,1379.85,1379.71,1379.71,-0.01,13.14,17381.63,-1
2023-03-13,2023-03-13 11:02:00,1379.71,1379.71,1379.56,1379.56,-0.01,13.14,17381.63,-1
2023-03-13,2023-03-13 11:03:00,1379.56,1379.56,1379.42,1379.42,-0.01,13.14,17381.63,-1
2023-03-13,2023-03-13 11:04:00,1379.42,1379.42,1379.27,1379.27,-0.01,13.14,17381.63,-1
2023-03-13,2023-03-13 11:05:00,1379.27,1379.27,1379.12,1379.12,-0.01,13.14,17381.63,-1
2023-03-13,2023-03-13 11:06:00,1379.12,1379.12,1378.98,1378.98,-0.01,13.14,17381.63,-1
2023-03-13,2023-03-13 11:07:00,1378.98,1378.98,1378.83,1378.83,-0.01,13.14,17381.63,-1
2023-03-13,2023-03-13 11:08:00,1378.83,1378.83,1378.69,1378.69,-0.01,13.14,17381.63,-1
2023-03-13,2023-03-13 11:09:00,1378.69,1378.69,1378.54,1378.54,-0.01,13.14,17381.63,-1
2023-03-13,2023-03-13 11:10:00,1378.54,1378.54,1378.4,1378.4,-0.01,13.14,17381.63,-1
2023-03-13,2023-03-13 11:11:00,1378.4,1378.4,1378.25,1378.25,-0.01,13.14,17381.63,-1
2023-03-13,2023-03-13 11:12:00,1378.25,1378.25,1378.1,1378.1,-0.01,13.14,17381.63,-1
2023-03-13,2023-03-13 11:13:00,1378.1,1378.1,1377.96,1377.96,-0.01,13.14,17381.63,-1
2023-03-13,2023-03-13 11:14:00,1377.96,1377.96,1377.81,1377.81,-0.01,13.14,17381.63,-1
2023-03-13,2023-03-13 11:15:00,1377.81,1377.81,1377.67,1377.67,-0.01,13.14,17381.63,-1
2023-03-13,2023-03-13 11:16:00,1377.67,1377.67,1377.52,1377.52,-0.01,13.14,17381.63,-1
2023-03-13,2023-03-13 11:17:00,1377.52,1377.52,1377.38,1377.38,-0.01,13.14,17381.63,-1
2023-03-13,2023-03-13 11:18:00,1377.38,1377.38,1377.23,1377.23,-0.01,13.14,17381.63,-1
2023-03-13,2023-03-13 11:19:00,1377.23,1377.23,1377.08,1377.08,-0.01,13.14,17381.63,-1
2023-03-13,2023-03-13 11:20:00,1377.08,1377.08,1376.94,1376.94,-0.01,13.14,17381.63,-1
2023-03-13,2023-03-13 11:21:00,1376.94,1376.94,1376.79,1376.79,-0.01,13.14,17381.63,-1
2023-03-13,2023-03-13 11:22:00,1376.79,1376.79,1376.65,1376.65,-0.01,13.14,17381.63,-1
2023-03-13,2023-03-13 11:23:00,1376.65,1376.65,1376.5,1376.5,-0.01,13.14,17381.63,-1
2023-03-13,2023-03-13 11:24:00,1376.5,1376.5,1376.35,1376.35,-0.01,13.14,17381.63,-1
2023-03-13,2023-03-13 11:25:00,1376.35,1376.35,1376.21,1376.21,-0.01,13.14,17381.63,-1
2023-03-13,2023-03-13 11:26:00,1376.21,1376.21,1376.06,1376.06,-0.01,13.14,17381.63,-1
2023-03-13,2023-03-13 11:27:00,1376.06,1376.06,1375.92,1375.92,-0.01,13.14,17381.63,-1
2023-03-13,2023-03-13 11:28:00,1375.92,1375.92,1375.77,1375.77,-0.01,13.14,17381.63,-1
2023-03-13,2023-03-13 11:29:00,1375.77,1375.77,1375.62,1375.62,-0.01,13.14,17381.63,-1
2023-03-13,2023-03-13 11:30:00,1375.62,1375.62,1375.48,1375.48,-0.01,13.14,17381.63,-1
2023-03-13,2023-03-13 11:31:00,1375.48,1375.48,1375.33,1375.33,-0.01,13.14,17381.63,-1
2023-03-13,2023-03-13 11:32:00,1375.33,1375.33,1375.19,1375.19,-0.01,13.14,17381.63,-1
2023-03-13,2023-03-13 11:33:00,1375.19,1375.19,1375.04,1375.04,-0.01,13.14,17381.63,-1
2023-03-13,2023-03-13 11:34:00,1375.04,1375.04,1374.9,1374.9,-0.01,13.14,17381.63,-1
2023-03-13,2023-03-13 11:35:00,1374.9,1374.9,1374.75,1374.75,-0.01,13.14,17381.63,-1
2023-03-13,2023-03-13 11:36:00,1374.75,1374.75,1374.6,1374.6,-0.01,13.14,17381.63,-1
2023-03-13,2023-03-13 11:37:00,1374.6,1374.6,1374.46,1374.46,-0.01,13.14,17381.63,-1
2023-03-13,2023-03-13 11:38:00,1374.46,1374.46,1374.31,1374.31,-0.01,13.14,17381.63,-1
2023-03-13,2023-03-13 11:39:00,1374.31,1374.31,1374.17,1374.17,-0.01,13.14,17381.63,-1
2023-03-13,2023-03-13 11:40:00,1374.17,1374.17,1374.02,1374.02,-0.01,13.14,17381.63,-1
2023-03-13,2023-03-13 11:41:00,1374.02,1374.02,1373.88,1373.88,-0.01,13.14,17381.63,-1
2023-03-13,2023-03-13 11:42:00,1373.88,1373.88,1373.73,1373.73,-0.01,13.14,17381.63,-1
2023-03-13,2023-03-13 11:43:00,1373.73,1373.73,1373.58,1373.58,-0.01,13.14,17381.63,-1
2023-03-13,2023-03-13 11:44:00,1373.58,1373.58,1373.44,1373.44,-0.01,13.14,17381.63,-1
2023-03-13,2023-03-13 11:45:00,1373.44,1373.44,1373.29,1373.29,-0.01,13.14,17381.63,-1
2023-03-13,2023-03-13 11:46:00,1373.29,1373.29,1373.15,1373.15,-0.01,13.14,17381.63,-1
2023-03-13,2023-03-13 11:47:00,1373.15,1373.15,1373.0,1373.0,-0.01,13.14,17381.63,-1
2023-03-13,2023-03-13 11:48:00,1373.0,1373.0,1372.85,1372.85,-0.01,13.14,17381.63,-1
2023-03-13,2023-03-13 11:49:00,1372.85,1372.85,1372.71,1372.71,-0.01,13.14,17381.63,-1
2023-03-13,2023-03-13 11:50:00,1372.71,1372.71,1372.56,1372.56,-0.01,13.14,17381.63,-1
2023-03-13,2023-03-13 11:51:00,1372.56,1372.56,1372.42,1372.42,-0.01,13.14,17381.63,-1
2023-03-13,2023-03-13 11:52:00,1372.42,1372.42,1372.27,1372.27,-0.01,13.14,17381.63,-1
2023-03-13,2023-03-13 11:53:00,1372.27,1372.27,1372.12,1372.12,-0.01,13.14,17381.63,-1
2023-03-13,2023-03-13 11:54:00,1372.12,1372.12,1371.98,1371.98,-0.01,13.14,17381.63,-1
2023-03-13,2023-03-13 11:55:00,1371.98,1371.98,1371.83,1371.83,-0.01,13.14,17381.63,-1
2023-03-13,2023-03-13 11:56:00,1371.83,1371.83,1371.69,1371.69,-0.01,13.14,17381.63,-1
2023-03-13,2023-03-13 11:57:00,1371.69,1371.69,1371.54,1371.54,-0.01,13.14,17381.63,-1
2023-03-13,2023-03-13 11:58:00,1371.54,1371.54,1371.4,1371.4,-0.01,13.14,17381.63,-1
2023-03-13,2023-03-13 11:59:00,1371.4,1371.4,1371.25,1371.25,-0.01,13.14,17381.63,-1
2023-03-13,2023-03-13 12:00:00,1371.25,1371.25,1371.1,1371.1,-0.01,13.14,17381.63,-1
2023-03-13,2023-03-13 12:01:00,1371.1,1371.1,1370.96,1370.96,-0.01,13.14,17381.63,-1
2023-03-13,2023-03-13 12:02:00,1370.96,1370.96,1370.81,1370.81,-0.01,13.14,17381.63,-1
2023-03-13,2023-03-13 12:03:00,1370.81,1370.81,1370.67,1370.67,-0.01,13.14,17381.63,-1
2023-03-13,2023-03-13 12:04:00,1370.67,1370.67,1370.52,1370.52,-0.01,13.14,17381.63,-1
2023-03-13,2023-03-13 12:05:00,1370.52,1370.52,1370.38,1370.38,-0.01,13.14,17381.63,-1
2023-03-13,2023-03-13 12:06:00,1370.38,1370.38,1370.23,1370.23,-0.01,13.14,17381.63,-1
2023-03-13,2023-03-13 12:07:00,1370.23,1370.23,1370.08,1370.08,-0.01,13.14,17381.63,-1
2023-03-13,2023-03-13 12:08:00,1370.08,1370.08,1369.94,1369.94,-0.01,13.14,17381.63,-1
2023-03-13,2023-03-13 12:09:00,1369.94,1369.94,1369.79,1369.79,-0.01,13.14,17381.63,-1
2023-03-13,2023-03-13 12:10:00,1369.79,1369.79,1369.65,1369.65,-0.01,13.14,17381.63,-1
2023-03-13,2023-03-13 12:11:00,1369.65,1369.65,1369.5,1369.5,-0.01,13.14,17381.63,-1
2023-03-13,2023-03-13 12:12:00,1369.5,1369.5,1369.35,1369.35,-0.01,13.14,17381.63,-1
2023-03-13,2023-03-13 12:13:00,1369.35,1369.35,1369.21,1369.21,-0.01,13.14,17381.63,-1
2023-03-13,2023-03-13 12:14:00,1369.21,1369.21,1369.06,1369.06,-0.01,13.14,17381.63,-1
2023-03-13,2023-03-13 12:15:00,1369.06,1369.06,1368.92,1368.92,-0.01,13.14,17381.63,-1
2023-03-13,2023-03-13 12:16:00,1368.92,1368.92,1368.77,1368.77,-0.01,13.14,17381.63,-1
2023-03-13,2023-03-13 12:17:00,1368.77,1368.77,1368.62,1368.62,-0.01,13.14,17381.63,-1
2023-03-13,2023-03-13 12:18:00,1368.62,1368.62,1368.48,1368.48,-0.01,13.14,17381.63,-1
2023-03-13,2023-03-13 12:19:00,1368.48,1368.48,1368.33,1368.33,-0.01,13.14,17381.63,-1
2023-03-13,2023-03-13 12:20:00,1368.33,1368.33,1368.19,1368.19,-0.01,13.14,17381.63,-1
2023-03-13,2023-03-13 12:21:00,1368.19,1368.19,1368.04,1368.04,-0.01,13.14,17381.63,-1
2023-03-13,2023-03-13 12:22:00,1368.04,1368.04,1367.9,1367.9,-0.01,13.14,17381.63,-1
2023-03-13,2023-03-13 12:23:00,1367.9,1367.9,1367.75,1367.75,-0.01,13.14,17381.63,-1
2023-03-13,2023-03-13 12:24:00,1367.75,1367.75,1367.6,1367.6,-0.01,13.14,17381.63,-1
2023-03-13,2023-03-13 12:25:00,1367.6,1367.6,1367.46,1367.46,-0.01,13.14,17381.63,-1
2023-03-13,2023-03-13 12:26:00,1367.46,1367.46,1367.31,1367.31,-0.01,13.14,17381.63,-1
2023-03-13,2023-03-13 12:27:00,1367.31,1367.31,1367.17,1367.17,-0.01,13.14,17381.63,-1
2023-03-13,2023-03-13 12:28:00,1367.17,1367.17,1367.02,1367.02,-0.01,13.14,17381.63,-1
2023-03-13,2023-03-13 12:29:00,1367.02,1367.02,1366.88,1366.88,-0.01,13.14,17381.63,-1
2023-03-13,2023-03-13 12:30:00,1366.88,1366.88,1366.73,1366.73,-0.01,13.14,17381.63,-1
2023-03-13,2023-03-13 12:31:00,1366.73,1366.73,1366.58,1366.58,-0.01,13.14,17381.63,-1
2023-03-13,2023-03-13 12:32:00,1366.58,1366.58,1366.44,1366.44,-0.01,13.14,17381.63,-1
2023-03-13,2023-03-13 12:33:00,1366.44,1366.44,1366.29,1366.29,-0.01,13.14,17381.63,-1
2023-03-13,2023-03-13 12:34:00,1366.29,1366.29,1366.15,1366.15,-0.01,13.14,17381.63,-1
2023-03-13,2023-03-13 12:35:00,1366.15,1366.15,1366.0,1366.0,-0.01,13.14,17381.63,-1
2023-03-13,2023-03-13 12:36:00,1366.0,1366.0,1365.85,1365.85,-0.01,13.14,17381.63,-1
2023-03-13,2023-03-13 12:37:00,1365.85,1365.85,1365.71,1365.71,-0.01,13.14,17381.63,-1
2023-03-13,2023-03-13 12:38:00,1365.71,1365.71,1365.56,1365.56,-0.01,13.14,17381.63,-1
2023-03-13,2023-03-13 12:39:00,1365.56,1365.56,1365.42,1365.42,-0.01,13.14,17381.63,-1
2023-03-13,2023-03-13 12:40:00,1365.42,1365.42,1365.27,1365.27,-0.01,13.14,17381.63,-1
2023-03-13,2023-03-13 12:41:00,1365.27,1365.27,1365.12,1365.12,-0.01,13.14,17381.63,-1
2023-03-13,2023-03-13 12:42:00,1365.12,1365.12,1364.98,1364.98,-0.01,13.14,17381.63,-1
2023-03-13,2023-03-13 12:43:00,1364.98,1364.98,1364.83,1364.83,-0.01,13.14,17381.63,-1
2023-03-13,2023-03-13 12:44:00,1364.83,1364.83,1364.69,1364.69,-0.01,13.14,17381.63,-1
2023-03-13,2023-03-13 12:45:00,1364.69,1364.69,1364.54,1364.54,-0.01,13.14,17381.63,-1
2023-03-13,2023-03-13 12:46:00,1364.54,1364.54,1364.4,1364.4,-0.01,13.14,17381.63,-1
2023-03-13,2023-03-13 12:47:00,1364.4,1364.4,1364.25,1364.25,-0.01,13.14,17381.63,-1
2023-03-13,2023-03-13 12:48:00,1364.25,1364.25,1364.1,1364.1,-0.01,13.14,17381.63,-1
2023-03-13,2023-03-13 12:49:00,1364.1,1364.1,1363.96,1363.96,-0.01,13.14,17381.63,-1
2023-03-13,2023-03-13 12:50:00,1363.96,1363.96,1363.81,1363.81,-0.01,13.14,17381.63,-1
2023-03-13,2023-03-13 12:51:00,1363.81,1363.81,1363.67,1363.67,-0.01,13.14,17381.63,-1
2023-03-13,2023-03-13 12:52:00,1363.67,1363.67,1363.52,1363.52,-0.01,13.14,17381.63,-1
2023-03-13,2023-03-13 12:53:00,1363.52,1363.52,1363.38,1363.38,-0.01,13.14,17381.63,-1
2023-03-13,2023-03-13 12:54:00,1363.38,1363.38,1363.23,1363.23,-0.01,13.14,17381.63,-1
2023-03-13,2023-03-13 12:55:00,1363.23,1363.23,1363.08,1363.08,-0.01,13.14,17381.63,-1
2023-03-13,2023-03-13 12:56:00,1363.08,1363.08,1362.94,1362.94,-0.01,13.14,17381.63,-1
2023-03-13,2023-03-13 12:57:00,1362.94,1362.94,1362.79,1362.79,-0.01,13.14,17381.63,-1
2023-03-13,2023-03-13 12:58:00,1362.79,1362.79,1362.65,1362.65,-0.01,13.14,17381.63,-1
2023-03-13,2023-03-13 12:59:00,1362.65,1362.65,1362.5,1362.5,-0.01,13.14,17381.63,-1
2023-03-13,2023-03-13 13:00:00,1362.5,1380.0,1291.0,1362.35,-0.01,13.14,17381.63,-1
2023-03-13,2023-03-13 13:01:00,1362.35,1362.35,1362.21,1362.21,-0.01,13.14,17381.63,-1
2023-03-13,2023-03-13 13:02:00,1362.21,1362.21,1362.06,1362.06,-0.01,13.14,17381.63,-1
2023-03-13,2023-03-13 13:03:00,1362.06,1362.06,1361.92,1361.92,-0.01,13.14,17381.63,-1
2023-03-13,2023-03-13 13:04:00,1361.92,1361.92,1361.77,1361.77,-0.01,13.14,17381.63,-1
2023-03-13,2023-03-13 13:05:00,1361.77,1361.77,1361.62,1361.62,-0.01,13.14,17381.63,-1
2023-03-13,2023-03-13 13:06:00,1361.62,1361.62,1361.48,1361.48,-0.01,13.14,17381.63,-1
2023-03-13,2023-03-13 13:07:00,1361.48,1361.48,1361.33,1361.33,-0.01,13.14,17381.63,-1
2023-03-13,2023-03-13 13:08:00,1361.33,1361.33,1361.19,1361.19,-0.01,13.14,17381.63,-1
2023-03-13,2023-03-13 13:09:00,1361.19,1361.19,1361.04,1361.04,-0.01,13.14,17381.63,-1
2023-03-13,2023-03-13 13:10:00,1361.04,1361.04,1360.9,1360.9,-0.01,13.14,17381.63,-1
2023-03-13,2023-03-13 13:11:00,1360.9,1360.9,1360.75,1360.75,-0.01,13.14,17381.63,-1
2023-03-13,2023-03-13 13:12:00,1360.75,1360.75,1360.6,1360.6,-0.01,13.14,17381.63,-1
2023-03-13,2023-03-13 13:13:00,1360.6,1360.6,1360.46,1360.46,-0.01,13.14,17381.63,-1
2023-03-13,2023-03-13 13:14:00,1360.46,1360.46,1360.31,1360.31,-0.01,13.14,17381.63,-1
2023-03-13,2023-03-13 13:15:00,1360.31,1360.31,1360.17,1360.17,-0.01,13.14,17381.63,-1
2023-03-13,2023-03-13 13:16:00,1360.17,1360.17,1360.02,1360.02,-0.01,13.14,17381.63,-1
2023-03-13,2023-03-13 13:17:00,1360.02,1360.02,1359.88,1359.88,-0.01,13.14,17381.63,-1
2023-03-13,2023-03-13 13:18:00,1359.88,1359.88,1359.73,1359.73,-0.01,13.14,17381.63,-1
2023-03-13,2023-03-13 13:19:00,1359.73,1359.73,1359.58,1359.58,-0.01,13.14,17381.63,-1
2023-03-13,2023-03-13 13:20:00,1359.58,1359.58,1359.44,1359.44,-0.01,13.14,17381.63,-1
2023-03-13,2023-03-13 13:21:00,1359.44,1359.44,1359.29,1359.29,-0.01,13.14,17381.63,-1
2023-03-13,2023-03-13 13:22:00,1359.29,1359.29,1359.15,1359.15,-0.01,13.14,17381.63,-1
2023-03-13,2023-03-13 13:23:00,1359.15,1359.15,1359.0,1359.0,-0.01,13.14,17381.63,-1
2023-03-13,2023-03-13 13:24:00,1359.0,1359.0,1358.85,1358.85,-0.01,13.14,17381.63,-1
2023-03-13,2023-03-13 13:25:00,1358.85,1358.85,1358.71,1358.71,-0.01,13.14,17381.63,-1
2023-03-13,2023-03-13 13:26:00,1358.71,1358.71,1358.56,1358.56,-0.01,13.14,17381.63,-1
2023-03-13,2023-03-13 13:27:00,1358.56,1358.56,1358.42,1358.42,-0.01,13.14,17381.63,-1
2023-03-13,2023-03-13 13:28:00,1358.42,1358.42,1358.27,1358.27,-0.01,13.14,17381.63,-1
2023-03-13,2023-03-13 13:29:00,1358.27,1358.27,1358.12,1358.12,-0.01,13.14,17381.63,-1
2023-03-13,2023-03-13 13:30:00,1358.12,1358.12,1357.98,1357.98,-0.01,13.14,17381.63,-1
2023-03-13,2023-03-13 13:31:00,1357.98,1357.98,1357.83,1357.83,-0.01,13.14,17381.63,-1
2023-03-13,2023-03-13 13:32:00,1357.83,1357.83,1357.69,1357.69,-0.01,13.14,17381.63,-1
2023-03-13,2023-03-13 13:33:00,1357.69,1357.69,1357.54,1357.54,-0.01,13.14,17381.63,-1
2023-03-13,2023-03-13 13:34:00,1357.54,1357.54,1357.4,1357.4,-0.01,13.14,17381.63,-1
2023-03-13,2023-03-13 13:35:00,1357.4,1357.4,1357.25,1357.25,-0.01,13.14,17381.63,-1
2023-03-13,2023-03-13 13:36:00,1357.25,1357.25,1357.1,1357.1,-0.01,13.14,17381.63,-1
2023-03-13,2023-03-13 13:37:00,1357.1,1357.1,1356.96,1356.96,-0.01,13.14,17381.63,-1
2023-03-13,2023-03-13 13:38:00,1356.96,1356.96,1356.81,1356.81,-0.01,13.14,17381.63,-1
2023-03-13,2023-03-13 13:39:00,1356.81,1356.81,1356.67,1356.67,-0.01,13.14,17381.63,-1
2023-03-13,2023-03-13 13:40:00,1356.67,1356.67,1356.52,1356.52,-0.01,13.14,17381.63,-1
2023-03-13,2023-03-13 13:41:00,1356.52,1356.52,1356.38,1356.38,-0.01,13.14,17381.63,-1
2023-03-13,2023-03-13 13:42:00,1356.38,1356.38,1356.23,1356.23,-0.01,13.14,17381.63,-1
2023-03-13,2023-03-13 13:43:00,1356.23,1356.23,1356.08,1356.08,-0.01,13.14,17381.63,-1
2023-03-13,2023-03-13 13:44:00,1356.08,1356.08,1355.94,1355.94,-0.01,13.14,17381.63,-1
2023-03-13,2023-03-13 13:45:00,1355.94,1355.94,1355.79,1355.79,-0.01,13.14,17381.63,-1
2023-03-13,2023-03-13 13:46:00,1355.79,1355.79,1355.65,1355.65,-0.01,13.14,17381.63,-1
2023-03-13,2023-03-13 13:47:00,1355.65,1355.65,1355.5,1355.5,-0.01,13.14,17381.63,-1
2023-03-13,2023-03-13 13:48:00,1355.5,1355.5,1355.35,1355.35,-0.01,13.14,17381.63,-1
2023-03-13,2023-03-13 13:49:00,1355.35,1355.35,1355.21,1355.21,-0.01,13.14,17381.63,-1
2023-03-13,2023-03-13 13:50:00,1355.21,1355.21,1355.06,1355.06,-0.01,13.14,17381.63,-1
2023-03-13,2023-03-13 13:51:00,1355.06,1355.06,1354.92,1354.92,-0.01,13.14,17381.63,-1
2023-03-13,2023-03-13 13:52:00,1354.92,1354.92,1354.77,1354.77,-0.01,13.14,17381.63,-1
2023-03-13,2023-03-13 13:53:00,1354.77,1354.77,1354.62,1354.62,-0.01,13.14,17381.63,-1
2023-03-13,2023-03-13 13:54:00,1354.62,1354.62,1354.48,1354.48,-0.01,13.14,17381.63,-1
2023-03-13,2023-03-13 13:55:00,1354.48,1354.48,1354.33,1354.33,-0.01,13.14,17381.63,-1
2023-03-13,2023-03-13 13:56:00,1354.33,1354.33,1354.19,1354.19,-0.01,13.14,17381.63,-1
2023-03-13,2023-03-13 13:57:00,1354.19,1354.19,1354.04,1354.04,-0.01,13.14,17381.63,-1
2023-03-13,2023-03-13 13:58:00,1354.04,1354.04,1353.9,1353.9,-0.01,13.14,17381.63,-1
2023-03-13,2023-03-13 13:59:00,1353.9,1353.9,1353.75,1353.75,-0.01,13.14,17381.63,-1
2023-03-13,2023-03-13 14:00:00,1353.75,1353.75,1353.6,1353.6,-0.01,13.14,17381.63,-1
2023-03-13,2023-03-13 14:01:00,1353.6,1353.6,1353.46,1353.46,-0.01,13.14,17381.63,-1
2023-03-13,2023-03-13 14:02:00,1353.46,1353.46,1353.31,1353.31,-0.01,13.14,17381.63,-1
2023-03-13,2023-03-13 14:03:00,1353.31,1353.31,1353.17,1353.17,-0.01,13.14,17381.63,-1
2023-03-13,2023-03-13 14:04:00,1353.17,1353.17,1353.02,1353.02,-0.01,13.14,17381.63,-1
2023-03-13,2023-03-13 14:05:00,1353.02,1353.02,1352.88,1352.88,-0.01,13.14,17381.63,-1
2023-03-13,2023-03-13 14:06:00,1352.88,1352.88,1352.73,1352.73,-0.01,13.14,17381.63,-1
2023-03-13,2023-03-13 14:07:00,1352.73,1352.73,1352.58,1352.58,-0.01,13.14,17381.63,-1
2023-03-13,2023-03-13 14:08:00,1352.58,1352.58,1352.44,1352.44,-0.01,13.14,17381.63,-1
2023-03-13,2023-03-13 14:09:00,1352.44,1352.44,1352.29,1352.29,-0.01,13.14,17381.63,-1
2023-03-13,2023-03-13 14:10:00,1352.29,1352.29,1352.15,1352.15,-0.01,13.14,17381.63,-1
2023-03-13,2023-03-13 14:11:00,1352.15,1352.15,1352.0,1352.0,-0.01,13.14,17381.63,-1
2023-03-13,2023-03-13 14:12:00,1352.0,1352.0,1351.85,1351.85,-0.01,13.14,17381.63,-1
2023-03-13,2023-03-13 14:13:00,1351.85,1351.85,1351.71,1351.71,-0.01,13.14,17381.63,-1
2023-03-13,2023-03-13 14:14:00,1351.71,1351.71,1351.56,1351.56,-0.01,13.14,17381.63,-1
2023-03-13,2023-03-13 14:15:00,1351.56,1351.56,1351.42,1351.42,-0.01,13.14,17381.63,-1
2023-03-13,2023-03-13 14:16:00,1351.42,1351.42,1351.27,1351.27,-0.01,13.14,17381.63,-1
2023-03-13,2023-03-13 14:17:00,1351.27,1351.27,1351.12,1351.12,-0.01,13.14,17381.63,-1
2023-03-13,2023-03-13 14:18:00,1351.12,1351.12,1350.98,1350.98,-0.01,13.14,17381.63,-1
2023-03-13,2023-03-13 14:19:00,1350.98,1350.98,1350.83,1350.83,-0.01,13.14,17381.63,-1
2023-03-13,2023-03-13 14:20:00,1350.83,1350.83,1350.69,1350.69,-0.01,13.14,17381.63,-1
2023-03-13,2023-03-13 14:21:00,1350.69,1350.69,1350.54,1350.54,-0.01,13.14,17381.63,-1
2023-03-13,2023-03-13 14:22:00,1350.54,1350.54,1350.4,1350.4,-0.01,13.14,17381.63,-1
2023-03-13,2023-03-13 14:23:00,1350.4,1350.4,1350.25,1350.25,-0.01,13.14,17381.63,-1
2023-03-13,2023-03-13 14:24:00,1350.25,1350.25,1350.1,1350.1,-0.01,13.14,17381.63,-1
2023-03-13,2023-03-13 14:25:00,1350.1,1350.1,1349.96,1349.96,-0.01,13.14,17381.63,-1
2023-03-13,2023-03-13 14:26:00,1349.96,1349.96,1349.81,1349.81,-0.01,13.14,17381.63,-1
2023-03-13,2023-03-13 14:27:00,1349.81,1349.81,1349.67,1349.67,-0.01,13.14,17381.63,-1
2023-03-13,2023-03-13 14:28:00,1349.67,1349.67,1349.52,1349.52,-0.01,13.14,17381.63,-1
2023-03-13,2023-03-13 14:29:00,1349.52,1349.52,1349.38,1349.38,-0.01,13.14,17381.63,-1
2023-03-13,2023-03-13 14:30:00,1349.38,1349.38,1349.23,1349.23,-0.01,13.14,17381.63,-1
2023-03-13,2023-03-13 14:31:00,1349.23,1349.23,1349.08,1349.08,-0.01,13.14,17381.63,-1
2023-03-13,2023-03-13 14:32:00,1349.08,1349.08,1348.94,1348.94,-0.01,13.14,17381.63,-1
2023-03-13,2023-03-13 14:33:00,1348.94,1348.94,1348.79,1348.79,-0.01,13.14,17381.63,-1
2023-03-13,2023-03-13 14:34:00,1348.79,1348.79,1348.65,1348.65,-0.01,13.14,17381.63,-1
2023-03-13,2023-03-13 14:35:00,1348.65,1348.65,1348.5,1348.5,-0.01,13.14,17381.63,-1
2023-03-13,2023-03-13 14:36:00,1348.5,1348.5,1348.35,1348.35,-0.01,13.14,17381.63,-1
2023-03-13,2023-03-13 14:37:00,1348.35,1348.35,1348.21,1348.21,-0.01,13.14,17381.63,-1
2023-03-13,2023-03-13 14:38:00,1348.21,1348.21,1348.06,1348.06,-0.01,13.14,17381.63,-1
2023-03-13,2023-03-13 14:39:00,1348.06,1348.06,1347.92,1347.92,-0.01,13.14,17381.63,-1
2023-03-13,2023-03-13 14:40:00,1347.92,1347.92,1347.77,1347.77,-0.01,13.14,17381.63,-1
2023-03-13,2023-03-13 14:41:00,1347.77,1347.77,1347.62,1347.62,-0.01,13.14,17381.63,-1
2023-03-13,2023-03-13 14:42:00,1347.62,1347.62,1347.48,1347.48,-0.01,13.14,17381.63,-1
2023-03-13,2023-03-13 14:43:00,1347.48,1347.48,1347.33,1347.33,-0.01,13.14,17381.63,-1
2023-03-13,2023-03-13 14:44:00,1347.33,1347.33,1347.19,1347.19,-0.01,13.14,17381.63,-1
2023-03-13,2023-03-13 14:45:00,1347.19,1347.19,1347.04,1347.04,-0.01,13.14,17381.63,-1
2023-03-13,2023-03-13 14:46:00,1347.04,1347.04,1346.9,1346.9,-0.01,13.14,17381.63,-1
2023-03-13,2023-03-13 14:47:00,1346.9,1346.9,1346.75,1346.75,-0.01,13.14,17381.63,-1
2023-03-13,2023-03-13 14:48:00,1346.75,1346.75,1346.6,1346.6,-0.01,13.14,17381.63,-1
2023-03-13,2023-03-13 14:49:00,1346.6,1346.6,1346.46,1346.46,-0.01,13.14,17381.63,-1
2023-03-13,2023-03-13 14:50:00,1346.46,1346.46,1346.31,1346.31,-0.01,13.14,17381.63,-1
2023-03-13,2023-03-13 14:51:00,1346.31,1346.31,1346.17,1346.17,-0.01,13.14,17381.63,-1
2023-03-13,2023-03-13 14:52:00,1346.17,1346.17,1346.02,1346.02,-0.01,13.14,17381.63,-1
2023-03-13,2023-03-13 14:53:00,1346.02,1346.02,1345.88,1345.88,-0.01,13.14,17381.63,-1
2023-03-13,2023-03-13 14:54:00,1345.88,1345.88,1345.73,1345.73,-0.01,13.14,17381.63,-1
2023-03-13,2023-03-13 14:55:00,1345.73,1345.73,1345.58,1345.58,-0.01,13.14,17381.63,-1
2023-03-13,2023-03-13 14:56:00,1345.58,1345.58,1345.44,1345.44,-0.01,13.14,17381.63,-1
2023-03-13,2023-03-13 14:57:00,1345.44,1345.44,1345.29,1345.29,-0.01,13.14,17381.63,-1
2023-03-13,2023-03-13 14:58:00,1345.29,1345.29,1345.15,1345.15,-0.01,13.14,17381.63,-1
2023-03-13,2023-03-13 14:59:00,1345.15,1345.15,1345.0,1345.0,-0.01,13.14,17381.63,-1
2023-03-13,2023-03-13 15:00:00,1345.0,1380.0,1291.0,1345.0,0.0,13.14,17381.63,0
2023-07-03,2023-07-03 11:00:00,1195.0,1223.2,1195.0,1195.39,0.03,6.69,8542.62,1
2023-07-03,2023-07-03 11:01:00,1195.39,1195.78,1195.39,1195.78,0.03,6.69,8542.62,1
2023-07-03,2023-07-03 11:02:00,1195.78,1196.17,1195.78,1196.17,0.03,6.69,8542.62,1
2023-07-03,2023-07-03 11:03:00,1196.17,1196.57,1196.17,1196.57,0.03,6.69,8542.62,1
2023-07-03,2023-07-03 11:04:00,1196.57,1196.96,1196.57,1196.96,0.03,6.69,8542.62,1
2023-07-03,2023-07-03 11:05:00,1196.96,1197.35,1196.96,1197.35,0.03,6.69,8542.62,1
2023-07-03,2023-07-03 11:06:00,1197.35,1197.74,1197.35,1197.74,0.03,6.69,8542.62,1
2023-07-03,2023-07-03 11:07:00,1197.74,1198.13,1197.74,1198.13,0.03,6.69,8542.62,1
2023-07-03,2023-07-03 11:08:00,1198.13,1198.53,1198.13,1198.53,0.03,6.69,8542.62,1
2023-07-03,2023-07-03 11:09:00,1198.53,1198.92,1198.53,1198.92,0.03,6.69,8542.62,1
2023-07-03,2023-07-03 11:10:00,1198.92,1199.31,1198.92,1199.31,0.03,6.69,8542.62,1
2023-07-03,2023-07-03 11:11:00,1199.31,1199.7,1199.31,1199.7,0.03,6.69,8542.62,1
2023-07-03,2023-07-03 11:12:00,1199.7,1200.09,1199.7,1200.09,0.03,6.69,8542.62,1
2023-07-03,2023-07-03 11:13:00,1200.09,1200.48,1200.09,1200.48,0.03,6.69,8542.62,1
2023-07-03,2023-07-03 11:14:00,1200.48,1200.88,1200.48,1200.88,0.03,6.69,8542.62,1
2023-07-03,2023-07-03 11:15:00,1200.88,1201.27,1200.88,1201.27,0.03,6.69,8542.62,1
2023-07-03,2023-07-03 11:16:00,1201.27,1201.66,1201.27,1201.66,0.03,6.69,8542.62,1
2023-07-03,2023-07-03 11:17:00,1201.66,1202.05,1201.66,1202.05,0.03,6.69,8542.62,1
2023-07-03,2023-07-03 11:18:00,1202.05,1202.44,1202.05,1202.44,0.03,6.69,8542.62,1
2023-07-03,2023-07-03 11:19:00,1202.44,1202.83,1202.44,1202.83,0.03,6.69,8542.62,1
2023-07-03,2023-07-03 11:20:00,1202.83,1203.22,1202.83,1203.22,0.03,6.69,8542.62,1
2023-07-03,2023-07-03 11:21:00,1203.22,1203.62,1203.22,1203.62,0.03,6.69,8542.62,1
2023-07-03,2023-07-03 11:22:00,1203.62,1204.01,1203.62,1204.01,0.03,6.69,8542.62,1
2023-07-03,2023-07-03 11:23:00,1204.01,1204.4,1204.01,1204.4,0.03,6.69,8542.62,1
2023-07-03,2023-07-03 11:24:00,1204.4,1204.79,1204.4,1204.79,0.03,6.69,8542.62,1
2023-07-03,2023-07-03 11:25:00,1204.79,1205.18,1204.79,1205.18,0.03,6.69,8542.62,1
2023-07-03,2023-07-03 11:26:00,1205.18,1205.58,1205.18,1205.58,0.03,6.69,8542.62,1
2023-07-03,2023-07-03 11:27:00,1205.58,1205.97,1205.58,1205.97,0.03,6.69,8542.62,1
2023-07-03,2023-07-03 11:28:00,1205.97,1206.36,1205.97,1206.36,0.03,6.69,8542.62,1
2023-07-03,2023-07-03 11:29:00,1206.36,1206.75,1206.36,1206.75,0.03,6.69,8542.62,1
2023-07-03,2023-07-03 11:30:00,1206.75,1207.14,1206.75,1207.14,0.03,6.69,8542.62,1
2023-07-03,2023-07-03 11:31:00,1207.14,1207.53,1207.14,1207.53,0.03,6.69,8542.62,1
2023-07-03,2023-07-03 11:32:00,1207.53,1207.92,1207.53,1207.92,0.03,6.69,8542.62,1
2023-07-03,2023-07-03 11:33:00,1207.92,1208.32,1207.92,1208.32,0.03,6.69,8542.62,1
2023-07-03,2023-07-03 11:34:00,1208.32,1208.71,1208.32,1208.71,0.03,6.69,8542.62,1
2023-07-03,2023-07-03 11:35:00,1208.71,1209.1,1208.71,1209.1,0.03,6.69,8542.62,1
2023-07-03,2023-07-03 11:36:00,1209.1,1209.49,1209.1,1209.49,0.03,6.69,8542.62,1
2023-07-03,2023-07-03 11:37:00,1209.49,1209.88,1209.49,1209.88,0.03,6.69,8542.62,1
2023-07-03,2023-07-03 11:38:00,1209.88,1210.28,1209.88,1210.28,0.03,6.69,8542.62,1
2023-07-03,2023-07-03 11:39:00,1210.28,1210.67,1210.28,1210.67,0.03,6.69,8542.62,1
2023-07-03,2023-07-03 11:40:00,1210.67,1211.06,1210.67,1211.06,0.03,6.69,8542.62,1
2023-07-03,2023-07-03 11:41:00,1211.06,1211.45,1211.06,1211.45,0.03,6.69,8542.62,1
2023-07-03,2023-07-03 11:42:00,1211.45,1211.84,1211.45,1211.84,0.03,6.69,8542.62,1
2023-07-03,2023-07-03 11:43:00,1211.84,1212.23,1211.84,1212.23,0.03,6.69,8542.62,1
2023-07-03,2023-07-03 11:44:00,1212.23,1212.62,1212.23,1212.62,0.03,6.69,8542.62,1
2023-07-03,2023-07-03 11:45:00,1212.62,1213.02,1212.62,1213.02,0.03,6.69,8542.62,1
2023-07-03,2023-07-03 11:46:00,1213.02,1213.41,1213.02,1213.41,0.03,6.69,8542.62,1
2023-07-03,2023-07-03 11:47:00,1213.41,1213.8,1213.41,1213.8,0.03,6.69,8542.62,1
2023-07-03,2023-07-03 11:48:00,1213.8,1214.19,1213.8,1214.19,0.03,6.69,8542.62,1
2023-07-03,2023-07-03 11:49:00,1214.19,1214.58,1214.19,1214.58,0.03,6.69,8542.62,1
2023-07-03,2023-07-03 11:50:00,1214.58,1214.97,1214.58,1214.97,0.03,6.69,8542.62,1
2023-07-03,2023-07-03 11:51:00,1214.97,1215.37,1214.97,1215.37,0.03,6.69,8542.62,1
2023-07-03,2023-07-03 11:52:00,1215.37,1215.76,1215.37,1215.76,0.03,6.69,8542.62,1
2023-07-03,2023-07-03 11:53:00,1215.76,1216.15,1215.76,1216.15,0.03,6.69,8542.62,1
2023-07-03,2023-07-03 11:54:00,1216.15,1216.54,1216.15,1216.54,0.03,6.69,8542.62,1
2023-07-03,2023-07-03 11:55:00,1216.54,1216.93,1216.54,1216.93,0.03,6.69,8542.62,1
2023-07-03,2023-07-03 11:56:00,1216.93,1217.33,1216.93,1217.33,0.03,6.69,8542.62,1
2023-07-03,2023-07-03 11:57:00,1217.33,1217.72,1217.33,1217.72,0.03,6.69,8542.62,1
2023-07-03,2023-07-03 11:58:00,1217.72,1218.11,1217.72,1218.11,0.03,6.69,8542.62,1
2023-07-03,2023-07-03 11:59:00,1218.11,1218.5,1218.11,1218.5,0.03,6.69,8542.62,1
2023-07-03,2023-07-03 12:00:00,1218.5,1218.89,1218.5,1218.89,0.03,6.69,8542.62,1
2023-07-03,2023-07-03 12:01:00,1218.89,1219.28,1218.89,1219.28,0.03,6.69,8542.62,1
2023-07-03,2023-07-03 12:02:00,1219.28,1219.67,1219.28,1219.67,0.03,6.69,8542.62,1
2023-07-03,2023-07-03 12:03:00,1219.67,1220.07,1219.67,1220.07,0.03,6.69,8542.62,1
2023-07-03,2023-07-03 12:04:00,1220.07,1220.46,1220.07,1220.46,0.03,6.69,8542.62,1
2023-07-03,2023-07-03 12:05:00,1220.46,1220.85,1220.46,1220.85,0.03,6.69,8542.62,1
2023-07-03,2023-07-03 12:06:00,1220.85,1221.24,1220.85,1221.24,0.03,6.69,8542.62,1
2023-07-03,2023-07-03 12:07:00,1221.24,1221.63,1221.24,1221.63,0.03,6.69,8542.62,1
2023-07-03,2023-07-03 12:08:00,1221.63,1222.03,1221.63,1222.03,0.03,6.69,8542.62,1
2023-07-03,2023-07-03 12:09:00,1222.03,1222.42,1222.03,1222.42,0.03,6.69,8542.62,1
2023-07-03,2023-07-03 12:10:00,1222.42,1222.81,1222.42,1222.81,0.03,6.69,8542.62,1
2023-07-03,2023-07-03 12:11:00,1222.81,1223.2,1222.81,1223.2,0.03,6.69,8542.62,1
2023-07-03,2023-07-03 12:12:00,1223.2,1223.59,1223.2,1223.59,0.03,6.69,8542.62,1
2023-07-03,2023-07-03 12:13:00,1223.59,1223.98,1223.59,1223.98,0.03,6.69,8542.62,1
2023-07-03,2023-07-03 12:14:00,1223.98,1224.38,1223.98,1224.38,0.03,6.69,8542.62,1
2023-07-03,2023-07-03 12:15:00,1224.38,1224.77,1224.38,1224.77,0.03,6.69,8542.62,1
2023-07-03,2023-07-03 12:16:00,1224.77,1225.16,1224.77,1225.16,0.03,6.69,8542.62,1
2023-07-03,2023-07-03 12:17:00,1225.16,1225.55,1225.16,1225.55,0.03,6.69,8542.62,1
2023-07-03,2023-07-03 12:18:00,1225.55,1225.94,1225.55,1225.94,0.03,6.69,8542.62,1
2023-07-03,2023-07-03 12:19:00,1225.94,1226.33,1225.94,1226.33,0.03,6.69,8542.62,1
2023-07-03,2023-07-03 12:20:00,1226.33,1226.72,1226.33,1226.72,0.03,6.69,8542.62,1
2023-07-03,2023-07-03 12:21:00,1226.72,1227.12,1226.72,1227.12,0.03,6.69,8542.62,1
2023-07-03,2023-07-03 12:22:00,1227.12,1227.51,1227.12,1227.51,0.03,6.69,8542.62,1
2023-07-03,2023-07-03 12:23:00,1227.51,1227.9,1227.51,1227.9,0.03,6.69,8542.62,1
2023-07-03,2023-07-03 12:24:00,1227.9,1228.29,1227.9,1228.29,0.03,6.69,8542.62,1
2023-07-03,2023-07-03 12:25:00,1228.29,1228.68,1228.29,1228.68,0.03,6.69,8542.62,1
2023-07-03,2023-07-03 12:26:00,1228.68,1229.08,1228.68,1229.08,0.03,6.69,8542.62,1
2023-07-03,2023-07-03 12:27:00,1229.08,1229.47,1229.08,1229.47,0.03,6.69,8542.62,1
2023-07-03,2023-07-03 12:28:00,1229.47,1229.86,1229.47,1229.86,0.03,6.69,8542.62,1
2023-07-03,2023-07-03 12:29:00,1229.86,1230.25,1229.86,1230.25,0.03,6.69,8542.62,1
2023-07-03,2023-07-03 12:30:00,1230.25,1230.64,1230.25,1230.64,0.03,6.69,8542.62,1
2023-07-03,2023-07-03 12:31:00,1230.64,1231.03,1230.64,1231.03,0.03,6.69,8542.62,1
2023-07-03,2023-07-03 12:32:00,1231.03,1231.42,1231.03,1231.42,0.03,6.69,8542.62,1
2023-07-03,2023-07-03 12:33:00,1231.42,1231.82,1231.42,1231.82,0.03,6.69,8542.62,1
2023-07-03,2023-07-03 12:34:00,1231.82,1232.21,1231.82,1232.21,0.03,6.69,8542.62,1
2023-07-03,2023-07-03 12:35:00,1232.21,1232.6,1232.21,1232.6,0.03,6.69,8542.62,1
2023-07-03,2023-07-03 12:36:00,1232.6,1232.99,1232.6,1232.99,0.03,6.69,8542.62,1
2023-07-03,2023-07-03 12:37:00,1232.99,1233.38,1232.99,1233.38,0.03,6.69,8542.62,1
2023-07-03,2023-07-03 12:38:00,1233.38,1233.78,1233.38,1233.78,0.03,6.69,8542.62,1
2023-07-03,2023-07-03 12:39:00,1233.78,1234.17,1233.78,1234.17,0.03,6.69,8542.62,1
2023-07-03,2023-07-03 12:40:00,1234.17,1234.56,1234.17,1234.56,0.03,6.69,8542.62,1
2023-07-03,2023-07-03 12:41:00,1234.56,1234.95,1234.56,1234.95,0.03,6.69,8542.62,1
2023-07-03,2023-07-03 12:42:00,1234.95,1235.34,1234.95,1235.34,0.03,6.69,8542.62,1
2023-07-03,2023-07-03 12:43:00,1235.34,1235.73,1235.34,1235.73,0.03,6.69,8542.62,1
2023-07-03,2023-07-03 12:44:00,1235.73,1236.12,1235.73,1236.12,0.03,6.69,8542.62,1
2023-07-03,2023-07-03 12:45:00,1236.12,1236.52,1236.12,1236.52,0.03,6.69,8542.62,1
2023-07-03,2023-07-03 12:46:00,1236.52,1236.91,1236.52,1236.91,0.03,6.69,8542.62,1
2023-07-03,2023-07-03 12:47:00,1236.91,1237.3,1236.91,1237.3,0.03,6.69,8542.62,1
2023-07-03,2023-07-03 12:48:00,1237.3,1237.69,1237.3,1237.69,0.03,6.69,8542.62,1
2023-07-03,2023-07-03 12:49:00,1237.69,1238.08,1237.69,1238.08,0.03,6.69,8542.62,1
2023-07-03,2023-07-03 12:50:00,1238.08,1238.47,1238.08,1238.47,0.03,6.69,8542.62,1
2023-07-03,2023-07-03 12:51:00,1238.47,1238.87,1238.47,1238.87,0.03,6.69,8542.62,1
2023-07-03,2023-07-03 12:52:00,1238.87,1239.26,1238.87,1239.26,0.03,6.69,8542.62,1
2023-07-03,2023-07-03 12:53:00,1239.26,1239.65,1239.26,1239.65,0.03,6.69,8542.62,1
2023-07-03,2023-07-03 12:54:00,1239.65,1240.04,1239.65,1240.04,0.03,6.69,8542.62,1
2023-07-03,2023-07-03 12:55:00,1240.04,1240.43,1240.04,1240.43,0.03,6.69,8542.62,1
2023-07-03,2023-07-03 12:56:00,1240.43,1240.83,1240.43,1240.83,0.03,6.69,8542.62,1
2023-07-03,2023-07-03 12:57:00,1240.83,1241.22,1240.83,1241.22,0.03,6.69,8542.62,1
2023-07-03,2023-07-03 12:58:00,1241.22,1241.61,1241.22,1241.61,0.03,6.69,8542.62,1
2023-07-03,2023-07-03 12:59:00,1241.61,1242.0,1241.61,1242.0,0.03,6.69,8542.62,1
2023-07-03,2023-07-03 13:00:00,1242.0,1289.0,1195.0,1242.39,0.03,6.69,8542.62,1
2023-07-03,2023-07-03 13:01:00,1242.39,1242.78,1242.39,1242.78,0.03,6.69,8542.62,1
2023-07-03,2023-07-03 13:02:00,1242.78,1243.17,1242.78,1243.17,0.03,6.69,8542.62,1
2023-07-03,2023-07-03 13:03:00,1243.17,1243.57,1243.17,1243.57,0.03,6.69,8542.62,1
2023-07-03,2023-07-03 13:04:00,1243.57,1243.96,1243.57,1243.96,0.03,6.69,8542.62,1
2023-07-03,2023-07-03 13:05:00,1243.96,1244.35,1243.96,1244.35,0.03,6.69,8542.62,1
2023-07-03,2023-07-03 13:06:00,1244.35,1244.74,1244.35,1244.74,0.03,6.69,8542.62,1
2023-07-03,2023-07-03 13:07:00,1244.74,1245.13,1244.74,1245.13,0.03,6.69,8542.62,1
2023-07-03,2023-07-03 13:08:00,1245.13,1245.53,1245.13,1245.53,0.03,6.69,8542.62,1
2023-07-03,2023-07-03 13:09:00,1245.53,1245.92,1245.53,1245.92,0.03,6.69,8542.62,1
2023-07-03,2023-07-03 13:10:00,1245.92,1246.31,1245.92,1246.31,0.03,6.69,8542.62,1
2023-07-03,2023-07-03 13:11:00,1246.31,1246.7,1246.31,1246.7,0.03,6.69,8542.62,1
2023-07-03,2023-07-03 13:12:00,1246.7,1247.09,1246.7,1247.09,0.03,6.69,8542.62,1
2023-07-03,2023-07-03 13:13:00,1247.09,1247.48,1247.09,1247.48,0.03,6.69,8542.62,1
2023-07-03,2023-07-03 13:14:00,1247.48,1247.88,1247.48,1247.88,0.03,6.69,8542.62,1
2023-07-03,2023-07-03 13:15:00,1247.88,1248.27,1247.88,1248.27,0.03,6.69,8542.62,1
2023-07-03,2023-07-03 13:16:00,1248.27,1248.66,1248.27,1248.66,0.03,6.69,8542.62,1
2023-07-03,2023-07-03 13:17:00,1248.66,1249.05,1248.66,1249.05,0.03,6.69,8542.62,1
2023-07-03,2023-07-03 13:18:00,1249.05,1249.44,1249.05,1249.44,0.03,6.69,8542.62,1
2023-07-03,2023-07-03 13:19:00,1249.44,1249.83,1249.44,1249.83,0.03,6.69,8542.62,1
2023-07-03,2023-07-03 13:20:00,1249.83,1250.22,1249.83,1250.22,0.03,6.69,8542.62,1
2023-07-03,2023-07-03 13:21:00,1250.22,1250.62,1250.22,1250.62,0.03,6.69,8542.62,1
2023-07-03,2023-07-03 13:22:00,1250.62,1251.01,1250.62,1251.01,0.03,6.69,8542.62,1
2023-07-03,2023-07-03 13:23:00,1251.01,1251.4,1251.01,1251.4,0.03,6.69,8542.62,1
2023-07-03,2023-07-03 13:24:00,1251.4,1251.79,1251.4,1251.79,0.03,6.69,8542.62,1
2023-07-03,2023-07-03 13:25:00,1251.79,1252.18,1251.79,1252.18,0.03,6.69,8542.62,1
2023-07-03,2023-07-03 13:26:00,1252.18,1252.58,1252.18,1252.58,0.03,6.69,8542.62,1
2023-07-03,2023-07-03 13:27:00,1252.58,1252.97,1252.58,1252.97,0.03,6.69,8542.62,1
2023-07-03,2023-07-03 13:28:00,1252.97,1253.36,1252.97,1253.36,0.03,6.69,8542.62,1
2023-07-03,2023-07-03 13:29:00,1253.36,1253.75,1253.36,1253.75,0.03,6.69,8542.62,1
2023-07-03,2023-07-03 13:30:00,1253.75,1254.14,1253.75,1254.14,0.03,6.69,8542.62,1
2023-07-03,2023-07-03 13:31:00,1254.14,1254.53,1254.14,1254.53,0.03,6.69,8542.62,1
2023-07-03,2023-07-03 13:32:00,1254.53,1254.92,1254.53,1254.92,0.03,6.69,8542.62,1
2023-07-03,2023-07-03 13:33:00,1254.92,1255.32,1254.92,1255.32,0.03,6.69,8542.62,1
2023-07-03,2023-07-03 13:34:00,1255.32,1255.71,1255.32,1255.71,0.03,6.69,8542.62,1
2023-07-03,2023-07-03 13:35:00,1255.71,1256.1,1255.71,1256.1,0.03,6.69,8542.62,1
2023-07-03,2023-07-03 13:36:00,1256.1,1256.49,1256.1,1256.49,0.03,6.69,8542.62,1
2023-07-03,2023-07-03 13:37:00,1256.49,1256.88,1256.49,1256.88,0.03,6.69,8542.62,1
2023-07-03,2023-07-03 13:38:00,1256.88,1257.28,1256.88,1257.28,0.03,6.69,8542.62,1
2023-07-03,2023-07-03 13:39:00,1257.28,1257.67,1257.28,1257.67,0.03,6.69,8542.62,1
2023-07-03,2023-07-03 13:40:00,1257.67,1258.06,1257.67,1258.06,0.03,6.69,8542.62,1
2023-07-03,2023-07-03 13:41:00,1258.06,1258.45,1258.06,1258.45,0.03,6.69,8542.62,1
2023-07-03,2023-07-03 13:42:00,1258.45,1258.84,1258.45,1258.84,0.03,6.69,8542.62,1
2023-07-03,2023-07-03 13:43:00,1258.84,1259.23,1258.84,1259.23,0.03,6.69,8542.62,1
2023-07-03,2023-07-03 13:44:00,1259.23,1259.62,1259.23,1259.62,0.03,6.69,8542.62,1
2023-07-03,2023-07-03 13:45:00,1259.62,1260.02,1259.62,1260.02,0.03,6.69,8542.62,1
2023-07-03,2023-07-03 13:46:00,1260.02,1260.41,1260.02,1260.41,0.03,6.69,8542.62,1
2023-07-03,2023-07-03 13:47:00,1260.41,1260.8,1260.41,1260.8,0.03,6.69,8542.62,1
2023-07-03,2023-07-03 13:48:00,1260.8,1261.19,1260.8,1261.19,0.03,6.69,8542.62,1
2023-07-03,2023-07-03 13:49:00,1261.19,1261.58,1261.19,1261.58,0.03,6.69,8542.62,1
2023-07-03,2023-07-03 13:50:00,1261.58,1261.97,1261.58,1261.97,0.03,6.69,8542.62,1
2023-07-03,2023-07-03 13:51:00,1261.97,1262.37,1261.97,1262.37,0.03,6.69,8542.62,1
2023-07-03,2023-07-03 13:52:00,1262.37,1262.76,1262.37,1262.76,0.03,6.69,8542.62,1
2023-07-03,2023-07-03 13:53:00,1262.76,1263.15,1262.76,1263.15,0.03,6.69,8542.62,1
2023-07-03,2023-07-03 13:54:00,1263.15,1263.54,1263.15,1263.54,0.03,6.69,8542.62,1
2023-07-03,2023-07-03 13:55:00,1263.54,1263.93,1263.54,1263.93,0.03,6.69,8542.62,1
2023-07-03,2023-07-03 13:56:00,1263.93,1264.33,1263.93,1264.33,0.03,6.69,8542.62,1
2023-07-03,2023-07-03 13:57:00,1264.33,1264.72,1264.33,1264.72,0.03,6.69,8542.62,1
2023-07-03,2023-07-03 13:58:00,1264.72,1265.11,1264.72,1265.11,0.03,6.69,8542.62,1
2023-07-03,2023-07-03 13:59:00,1265.11,1265.5,1265.11,1265.5,0.03,6.69,8542.62,1
2023-07-03,2023-07-03 14:00:00,1265.5,1265.89,1265.5,1265.89,0.03,6.69,8542.62,1
2023-07-03,2023-07-03 14:01:00,1265.89,1266.28,1265.89,1266.28,0.03,6.69,8542.62,1
2023-07-03,2023-07-03 14:02:00,1266.28,1266.67,1266.28,1266.67,0.03,6.69,8542.62,1
2023-07-03,2023-07-03 14:03:00,1266.67,1267.07,1266.67,1267.07,0.03,6.69,8542.62,1
2023-07-03,2023-07-03 14:04:00,1267.07,1267.46,1267.07,1267.46,0.03,6.69,8542.62,1
2023-07-03,2023-07-03 14:05:00,1267.46,1267.85,1267.46,1267.85,0.03,6.69,8542.62,1
2023-07-03,2023-07-03 14:06:00,1267.85,1268.24,1267.85,1268.24,0.03,6.69,8542.62,1
2023-07-03,2023-07-03 14:07:00,1268.24,1268.63,1268.24,1268.63,0.03,6.69,8542.62,1
2023-07-03,2023-07-03 14:08:00,1268.63,1269.03,1268.63,1269.03,0.03,6.69,8542.62,1
2023-07-03,2023-07-03 14:09:00,1269.03,1269.42,1269.03,1269.42,0.03,6.69,8542.62,1
2023-07-03,2023-07-03 14:10:00,1269.42,1269.81,1269.42,1269.81,0.03,6.69,8542.62,1
2023-07-03,2023-07-03 14:11:00,1269.81,1270.2,1269.81,1270.2,0.03,6.69,8542.62,1
2023-07-03,2023-07-03 14:12:00,1270.2,1270.59,1270.2,1270.59,0.03,6.69,8542.62,1
2023-07-03,2023-07-03 14:13:00,1270.59,1270.98,1270.59,1270.98,0.03,6.69,8542.62,1
2023-07-03,2023-07-03 14:14:00,1270.98,1271.38,1270.98,1271.38,0.03,6.69,8542.62,1
2023-07-03,2023-07-03 14:15:00,1271.38,1271.77,1271.38,1271.77,0.03,6.69,8542.62,1
2023-07-03,2023-07-03 14:16:00,1271.77,1272.16,1271.77,1272.16,0.03,6.69,8542.62,1
2023-07-03,2023-07-03 14:17:00,1272.16,1272.55,1272.16,1272.55,0.03,6.69,8542.62,1
2023-07-03,2023-07-03 14:18:00,1272.55,1272.94,1272.55,1272.94,0.03,6.69,8542.62,1
2023-07-03,2023-07-03 14:19:00,1272.94,1273.33,1272.94,1273.33,0.03,6.69,8542.62,1
2023-07-03,2023-07-03 14:20:00,1273.33,1273.72,1273.33,1273.72,0.03,6.69,8542.62,1
2023-07-03,2023-07-03 14:21:00,1273.72,1274.12,1273.72,1274.12,0.03,6.69,8542.62,1
2023-07-03,2023-07-03 14:22:00,1274.12,1274.51,1274.12,1274.51,0.03,6.69,8542.62,1
2023-07-03,2023-07-03 14:23:00,1274.51,1274.9,1274.51,1274.9,0.03,6.69,8542.62,1
2023-07-03,2023-07-03 14:24:00,1274.9,1275.29,1274.9,1275.29,0.03,6.69,8542.62,1
2023-07-03,2023-07-03 14:25:00,1275.29,1275.68,1275.29,1275.68,0.03,6.69,8542.62,1
2023-07-03,2023-07-03 14:26:00,1275.68,1276.08,1275.68,1276.08,0.03,6.69,8542.62,1
2023-07-03,2023-07-03 14:27:00,1276.08,1276.47,1276.08,1276.47,0.03,6.69,8542.62,1
2023-07-03,2023-07-03 14:28:00,1276.47,1276.86,1276.47,1276.86,0.03,6.69,8542.62,1
2023-07-03,2023-07-03 14:29:00,1276.86,1277.25,1276.86,1277.25,0.03,6.69,8542.62,1
2023-07-03,2023-07-03 14:30:00,1277.25,1277.64,1277.25,1277.64,0.03,6.69,8542.62,1
2023-07-03,2023-07-03 14:31:00,1277.64,1278.03,1277.64,1278.03,0.03,6.69,8542.62,1
2023-07-03,2023-07-03 14:32:00,1278.03,1278.42,1278.03,1278.42,0.03,6.69,8542.62,1
2023-07-03,2023-07-03 14:33:00,1278.42,1278.82,1278.42,1278.82,0.03,6.69,8542.62,1
2023-07-03,2023-07-03 14:34:00,1278.82,1279.21,1278.82,1279.21,0.03,6.69,8542.62,1
2023-07-03,2023-07-03 14:35:00,1279.21,1279.6,1279.21,1279.6,0.03,6.69,8542.62,1
2023-07-03,2023-07-03 14:36:00,1279.6,1279.99,1279.6,1279.99,0.03,6.69,8542.62,1
2023-07-03,2023-07-03 14:37:00,1279.99,1280.38,1279.99,1280.38,0.03,6.69,8542.62,1
2023-07-03,2023-07-03 14:38:00,1280.38,1280.78,1280.38,1280.78,0.03,6.69,8542.62,1
2023-07-03,2023-07-03 14:39:00,1280.78,1281.17,1280.78,1281.17,0.03,6.69,8542.62,1
2023-07-03,2023-07-03 14:40:00,1281.17,1281.56,1281.17,1281.56,0.03,6.69,8542.62,1
2023-07-03,2023-07-03 14:41:00,1281.56,1281.95,1281.56,1281.95,0.03,6.69,8542.62,1
2023-07-03,2023-07-03 14:42:00,1281.95,1282.34,1281.95,1282.34,0.03,6.69,8542.62,1
2023-07-03,2023-07-03 14:43:00,1282.34,1282.73,1282.34,1282.73,0.03,6.69,8542.62,1
2023-07-03,2023-07-03 14:44:00,1282.73,1283.12,1282.73,1283.12,0.03,6.69,8542.62,1
2023-07-03,2023-07-03 14:45:00,1283.12,1283.52,1283.12,1283.52,0.03,6.69,8542.62,1
2023-07-03,2023-07-03 14:46:00,1283.52,1283.91,1283.52,1283.91,0.03,6.69,8542.62,1
2023-07-03,2023-07-03 14:47:00,1283.91,1284.3,1283.91,1284.3,0.03,6.69,8542.62,1
2023-07-03,2023-07-03 14:48:00,1284.3,1284.69,1284.3,1284.69,0.03,6.69,8542.62,1
2023-07-03,2023-07-03 14:49:00,1284.69,1285.08,1284.69,1285.08,0.03,6.69,8542.62,1
2023-07-03,2023-07-03 14:50:00,1285.08,1285.47,1285.08,1285.47,0.03,6.69,8542.62,1
2023-07-03,2023-07-03 14:51:00,1285.47,1285.87,1285.47,1285.87,0.03,6.69,8542.62,1
2023-07-03,2023-07-03 14:52:00,1285.87,1286.26,1285.87,1286.26,0.03,6.69,8542.62,1
2023-07-03,2023-07-03 14:53:00,1286.26,1286.65,1286.26,1286.65,0.03,6.69,8542.62,1
2023-07-03,2023-07-03 14:54:00,1286.65,1287.04,1286.65,1287.04,0.03,6.69,8542.62,1
2023-07-03,2023-07-03 14:55:00,1287.04,1287.43,1287.04,1287.43,0.03,6.69,8542.62,1
2023-07-03,2023-07-03 14:56:00,1287.43,1287.83,1287.43,1287.83,0.03,6.69,8542.62,1
2023-07-03,2023-07-03 14:57:00,1287.83,1288.22,1287.83,1288.22,0.03,6.69,8542.62,1
2023-07-03,2023-07-03 14:58:00,1288.22,1288.61,1288.22,1288.61,0.03,6.69,8542.62,1
2023-07-03,2023-07-03 14:59:00,1288.61,1289.0,1288.61,1289.0,0.03,6.69,8542.62,1
2023-07-03,2023-07-03 15:00:00,1289.0,1289.0,1195.0,1289.0,0.0,6.69,8542.62,0
2023-07-04,2023-07-04 11:00:00,1314.7,1345.66,1303.45,1314.56,-0.01,75.07,101308.53,-1
2023-07-04,2023-07-04 11:01:00,1314.56,1314.56,1314.41,1314.41,-0.01,75.07,101308.53,-1
2023-07-04,2023-07-04 11:02:00,1314.41,1314.41,1314.27,1314.27,-0.01,75.07,101308.53,-1
2023-07-04,2023-07-04 11:03:00,1314.27,1314.27,1314.12,1314.12,-0.01,75.07,101308.53,-1
2023-07-04,2023-07-04 11:04:00,1314.12,1314.12,1313.98,1313.98,-0.01,75.07,101308.53,-1
2023-07-04,2023-07-04 11:05:00,1313.98,1313.98,1313.83,1313.83,-0.01,75.07,101308.53,-1
2023-07-04,2023-07-04 11:06:00,1313.83,1313.83,1313.69,1313.69,-0.01,75.07,101308.53,-1
2023-07-04,2023-07-04 11:07:00,1313.69,1313.69,1313.54,1313.54,-0.01,75.07,101308.53,-1
2023-07-04,2023-07-04 11:08:00,1313.54,1313.54,1313.4,1313.4,-0.01,75.07,101308.53,-1
2023-07-04,2023-07-04 11:09:00,1313.4,1313.4,1313.25,1313.25,-0.01,75.07,101308.53,-1
2023-07-04,2023-07-04 11:10:00,1313.25,1313.25,1313.11,1313.11,-0.01,75.07,101308.53,-1
2023-07-04,2023-07-04 11:11:00,1313.11,1313.11,1312.97,1312.97,-0.01,75.07,101308.53,-1
2023-07-04,2023-07-04 11:12:00,1312.97,1312.97,1312.82,1312.82,-0.01,75.07,101308.53,-1
2023-07-04,2023-07-04 11:13:00,1312.82,1312.82,1312.68,1312.68,-0.01,75.07,101308.53,-1
2023-07-04,2023-07-04 11:14:00,1312.68,1312.68,1312.53,1312.53,-0.01,75.07,101308.53,-1
2023-07-04,2023-07-04 11:15:00,1312.53,1312.53,1312.39,1312.39,-0.01,75.07,101308.53,-1
2023-07-04,2023-07-04 11:16:00,1312.39,1312.39,1312.24,1312.24,-0.01,75.07,101308.53,-1
2023-07-04,2023-07-04 11:17:00,1312.24,1312.24,1312.1,1312.1,-0.01,75.07,101308.53,-1
2023-07-04,2023-07-04 11:18:00,1312.1,1312.1,1311.95,1311.95,-0.01,75.07,101308.53,-1
2023-07-04,2023-07-04 11:19:00,1311.95,1311.95,1311.81,1311.81,-0.01,75.07,101308.53,-1
2023-07-04,2023-07-04 11:20:00,1311.81,1311.81,1311.66,1311.66,-0.01,75.07,101308.53,-1
2023-07-04,2023-07-04 11:21:00,1311.66,1311.66,1311.52,1311.52,-0.01,75.07,101308.53,-1
2023-07-04,2023-07-04 11:22:00,1311.52,1311.52,1311.37,1311.37,-0.01,75.07,101308.53,-1
2023-07-04,2023-07-04 11:23:00,1311.37,1311.37,1311.23,1311.23,-0.01,75.07,101308.53,-1
2023-07-04,2023-07-04 11:24:00,1311.23,1311.23,1311.09,1311.09,-0.01,75.07,101308.53,-1
2023-07-04,2023-07-04 11:25:00,1311.09,1311.09,1310.94,1310.94,-0.01,75.07,101308.53,-1
2023-07-04,2023-07-04 11:26:00,1310.94,1310.94,1310.8,1310.8,-0.01,75.07,101308.53,-1
2023-07-04,2023-07-04 11:27:00,1310.8,1310.8,1310.65,1310.65,-0.01,75.07,101308.53,-1
2023-07-04,2023-07-04 11:28:00,1310.65,1310.65,1310.51,1310.51,-0.01,75.07,101308.53,-1
2023-07-04,2023-07-04 11:29:00,1310.51,1310.51,1310.36,1310.36,-0.01,75.07,101308.53,-1
2023-07-04,2023-07-04 11:30:00,1310.36,1310.36,1310.22,1310.22,-0.01,75.07,101308.53,-1
2023-07-04,2023-07-04 11:31:00,1310.22,1310.22,1310.07,1310.07,-0.01,75.07,101308.53,-1
2023-07-04,2023-07-04 11:32:00,1310.07,1310.07,1309.93,1309.93,-0.01,75.07,101308.53,-1
2023-07-04,2023-07-04 11:33:00,1309.93,1309.93,1309.78,1309.78,-0.01,75.07,101308.53,-1
2023-07-04,2023-07-04 11:34:00,1309.78,1309.78,1309.64,1309.64,-0.01,75.07,101308.53,-1
2023-07-04,2023-07-04 11:35:00,1309.64,1309.64,1309.5,1309.5,-0.01,75.07,101308.53,-1
2023-07-04,2023-07-04 11:36:00,1309.5,1309.5,1309.35,1309.35,-0.01,75.07,101308.53,-1
2023-07-04,2023-07-04 11:37:00,1309.35,1309.35,1309.21,1309.21,-0.01,75.07,101308.53,-1
2023-07-04,2023-07-04 11:38:00,1309.21,1309.21,1309.06,1309.06,-0.01,75.07,101308.53,-1
2023-07-04,2023-07-04 11:39:00,1309.06,1309.06,1308.92,1308.92,-0.01,75.07,101308.53,-1
2023-07-04,2023-07-04 11:40:00,1308.92,1308.92,1308.77,1308.77,-0.01,75.07,101308.53,-1
2023-07-04,2023-07-04 11:41:00,1308.77,1308.77,1308.63,1308.63,-0.01,75.07,101308.53,-1
2023-07-04,2023-07-04 11:42:00,1308.63,1308.63,1308.48,1308.48,-0.01,75.07,101308.53,-1
2023-07-04,2023-07-04 11:43:00,1308.48,1308.48,1308.34,1308.34,-0.01,75.07,101308.53,-1
2023-07-04,2023-07-04 11:44:00,1308.34,1308.34,1308.19,1308.19,-0.01,75.07,101308.53,-1
2023-07-04,2023-07-04 11:45:00,1308.19,1308.19,1308.05,1308.05,-0.01,75.07,101308.53,-1
2023-07-04,2023-07-04 11:46:00,1308.05,1308.05,1307.9,1307.9,-0.01,75.07,101308.53,-1
2023-07-04,2023-07-04 11:47:00,1307.9,1307.9,1307.76,1307.76,-0.01,75.07,101308.53,-1
2023-07-04,2023-07-04 11:48:00,1307.76,1307.76,1307.62,1307.62,-0.01,75.07,101308.53,-1
2023-07-04,2023-07-04 11:49:00,1307.62,1307.62,1307.47,1307.47,-0.01,75.07,101308.53,-1
2023-07-04,2023-07-04 11:50:00,1307.47,1307.47,1307.33,1307.33,-0.01,75.07,101308.53,-1
2023-07-04,2023-07-04 11:51:00,1307.33,1307.33,1307.18,1307.18,-0.01,75.07,101308.53,-1
2023-07-04,2023-07-04 11:52:00,1307.18,1307.18,1307.04,1307.04,-0.01,75.07,101308.53,-1
2023-07-04,2023-07-04 11:53:00,1307.04,1307.04,1306.89,1306.89,-0.01,75.07,101308.53,-1
2023-07-04,2023-07-04 11:54:00,1306.89,1306.89,1306.75,1306.75,-0.01,75.07,101308.53,-1
2023-07-04,2023-07-04 11:55:00,1306.75,1306.75,1306.6,1306.6,-0.01,75.07,101308.53,-1
2023-07-04,2023-07-04 11:56:00,1306.6,1306.6,1306.46,1306.46,-0.01,75.07,101308.53,-1
2023-07-04,2023-07-04 11:57:00,1306.46,1306.46,1306.31,1306.31,-0.01,75.07,101308.53,-1
2023-07-04,2023-07-04 11:58:00,1306.31,1306.31,1306.17,1306.17,-0.01,75.07,101308.53,-1
2023-07-04,2023-07-04 11:59:00,1306.17,1306.17,1306.03,1306.03,-0.01,75.07,101308.53,-1
2023-07-04,2023-07-04 12:00:00,1306.03,1306.03,1305.88,1305.88,-0.01,75.07,101308.53,-1
2023-07-04,2023-07-04 12:01:00,1305.88,1305.88,1305.74,1305.74,-0.01,75.07,101308.53,-1
2023-07-04,2023-07-04 12:02:00,1305.74,1305.74,1305.59,1305.59,-0.01,75.07,101308.53,-1
2023-07-04,2023-07-04 12:03:00,1305.59,1305.59,1305.45,1305.45,-0.01,75.07,101308.53,-1
2023-07-04,2023-07-04 12:04:00,1305.45,1305.45,1305.3,1305.3,-0.01,75.07,101308.53,-1
2023-07-04,2023-07-04 12:05:00,1305.3,1305.3,1305.16,1305.16,-0.01,75.07,101308.53,-1
2023-07-04,2023-07-04 12:06:00,1305.16,1305.16,1305.01,1305.01,-0.01,75.07,101308.53,-1
2023-07-04,2023-07-04 12:07:00,1305.01,1305.01,1304.87,1304.87,-0.01,75.07,101308.53,-1
2023-07-04,2023-07-04 12:08:00,1304.87,1304.87,1304.72,1304.72,-0.01,75.07,101308.53,-1
2023-07-04,2023-07-04 12:09:00,1304.72,1304.72,1304.58,1304.58,-0.01,75.07,101308.53,-1
2023-07-04,2023-07-04 12:10:00,1304.58,1304.58,1304.43,1304.43,-0.01,75.07,101308.53,-1
2023-07-04,2023-07-04 12:11:00,1304.43,1304.43,1304.29,1304.29,-0.01,75.07,101308.53,-1
2023-07-04,2023-07-04 12:12:00,1304.29,1304.29,1304.15,1304.15,-0.01,75.07,101308.53,-1
2023-07-04,2023-07-04 12:13:00,1304.15,1304.15,1304.0,1304.0,-0.01,75.07,101308.53,-1
2023-07-04,2023-07-04 12:14:00,1304.0,1304.0,1303.86,1303.86,-0.01,75.07,101308.53,-1
2023-07-04,2023-07-04 12:15:00,1303.86,1303.86,1303.71,1303.71,-0.01,75.07,101308.53,-1
2023-07-04,2023-07-04 12:16:00,1303.71,1303.71,1303.57,1303.57,-0.01,75.07,101308.53,-1
2023-07-04,2023-07-04 12:17:00,1303.57,1303.57,1303.42,1303.42,-0.01,75.07,101308.53,-1
2023-07-04,2023-07-04 12:18:00,1303.42,1303.42,1303.28,1303.28,-0.01,75.07,101308.53,-1
2023-07-04,2023-07-04 12:19:00,1303.28,1303.28,1303.13,1303.13,-0.01,75.07,101308.53,-1
2023-07-04,2023-07-04 12:20:00,1303.13,1303.13,1302.99,1302.99,-0.01,75.07,101308.53,-1
2023-07-04,2023-07-04 12:21:00,1302.99,1302.99,1302.84,1302.84,-0.01,75.07,101308.53,-1
2023-07-04,2023-07-04 12:22:00,1302.84,1302.84,1302.7,1302.7,-0.01,75.07,101308.53,-1
2023-07-04,2023-07-04 12:23:00,1302.7,1302.7,1302.56,1302.56,-0.01,75.07,101308.53,-1
2023-07-04,2023-07-04 12:24:00,1302.56,1302.56,1302.41,1302.41,-0.01,75.07,101308.53,-1
2023-07-04,2023-07-04 12:25:00,1302.41,1302.41,1302.27,1302.27,-0.01,75.07,101308.53,-1
2023-07-04,2023-07-04 12:26:00,1302.27,1302.27,1302.12,1302.12,-0.01,75.07,101308.53,-1
2023-07-04,2023-07-04 12:27:00,1302.12,1302.12,1301.98,1301.98,-0.01,75.07,101308.53,-1
2023-07-04,2023-07-04 12:28:00,1301.98,1301.98,1301.83,1301.83,-0.01,75.07,101308.53,-1
2023-07-04,2023-07-04 12:29:00,1301.83,1301.83,1301.69,1301.69,-0.01,75.07,101308.53,-1
2023-07-04,2023-07-04 12:30:00,1301.69,1301.69,1301.54,1301.54,-0.01,75.07,101308.53,-1
2023-07-04,2023-07-04 12:31:00,1301.54,1301.54,1301.4,1301.4,-0.01,75.07,101308.53,-1
2023-07-04,2023-07-04 12:32:00,1301.4,1301.4,1301.25,1301.25,-0.01,75.07,101308.53,-1
2023-07-04,2023-07-04 12:33:00,1301.25,1301.25,1301.11,1301.11,-0.01,75.07,101308.53,-1
2023-07-04,2023-07-04 12:34:00,1301.11,1301.11,1300.96,1300.96,-0.01,75.07,101308.53,-1
2023-07-04,2023-07-04 12:35:00,1300.96,1300.96,1300.82,1300.82,-0.01,75.07,101308.53,-1
2023-07-04,2023-07-04 12:36:00,1300.82,1300.82,1300.68,1300.68,-0.01,75.07,101308.53,-1
2023-07-04,2023-07-04 12:37:00,1300.68,1300.68,1300.53,1300.53,-0.01,75.07,101308.53,-1
2023-07-04,2023-07-04 12:38:00,1300.53,1300.53,1300.39,1300.39,-0.01,75.07,101308.53,-1
2023-07-04,2023-07-04 12:39:00,1300.39,1300.39,1300.24,1300.24,-0.01,75.07,101308.53,-1
2023-07-04,2023-07-04 12:40:00,1300.24,1300.24,1300.1,1300.1,-0.01,75.07,101308.53,-1
2023-07-04,2023-07-04 12:41:00,1300.1,1300.1,1299.95,1299.95,-0.01,75.07,101308.53,-1
2023-07-04,2023-07-04 12:42:00,1299.95,1299.95,1299.81,1299.81,-0.01,75.07,101308.53,-1
2023-07-04,2023-07-04 12:43:00,1299.81,1299.81,1299.66,1299.66,-0.01,75.07,101308.53,-1
2023-07-04,2023-07-04 12:44:00,1299.66,1299.66,1299.52,1299.52,-0.01,75.07,101308.53,-1
2023-07-04,2023-07-04 12:45:00,1299.52,1299.52,1299.37,1299.37,-0.01,75.07,101308.53,-1
2023-07-04,2023-07-04 12:46:00,1299.37,1299.37,1299.23,1299.23,-0.01,75.07,101308.53,-1
2023-07-04,2023-07-04 12:47:00,1299.23,1299.23,1299.09,1299.09,-0.01,75.07,101308.53,-1
2023-07-04,2023-07-04 12:48:00,1299.09,1299.09,1298.94,1298.94,-0.01,75.07,101308.53,-1
2023-07-04,2023-07-04 12:49:00,1298.94,1298.94,1298.8,1298.8,-0.01,75.07,101308.53,-1
2023-07-04,2023-07-04 12:50:00,1298.8,1298.8,1298.65,1298.65,-0.01,75.07,101308.53,-1
2023-07-04,2023-07-04 12:51:00,1298.65,1298.65,1298.51,1298.51,-0.01,75.07,101308.53,-1
2023-07-04,2023-07-04 12:52:00,1298.51,1298.51,1298.36,1298.36,-0.01,75.07,101308.53,-1
2023-07-04,2023-07-04 12:53:00,1298.36,1298.36,1298.22,1298.22,-0.01,75.07,101308.53,-1
2023-07-04,2023-07-04 12:54:00,1298.22,1298.22,1298.07,1298.07,-0.01,75.07,101308.53,-1
2023-07-04,2023-07-04 12:55:00,1298.07,1298.07,1297.93,1297.93,-0.01,75.07,101308.53,-1
2023-07-04,2023-07-04 12:56:00,1297.93,1297.93,1297.78,1297.78,-0.01,75.07,101308.53,-1
2023-07-04,2023-07-04 12:57:00,1297.78,1297.78,1297.64,1297.64,-0.01,75.07,101308.53,-1
2023-07-04,2023-07-04 12:58:00,1297.64,1297.64,1297.49,1297.49,-0.01,75.07,101308.53,-1
2023-07-04,2023-07-04 12:59:00,1297.49,1297.49,1297.35,1297.35,-0.01,75.07,101308.53,-1
2023-07-04,2023-07-04 13:00:00,1297.35,1417.9,1277.2,1297.21,-0.01,75.07,101308.53,-1
2023-07-04,2023-07-04 13:01:00,1297.21,1297.21,1297.06,1297.06,-0.01,75.07,101308.53,-1
2023-07-04,2023-07-04 13:02:00,1297.06,1297.06,1296.92,1296.92,-0.01,75.07,101308.53,-1
2023-07-04,2023-07-04 13:03:00,1296.92,1296.92,1296.77,1296.77,-0.01,75.07,101308.53,-1
2023-07-04,2023-07-04 13:04:00,1296.77,1296.77,1296.63,1296.63,-0.01,75.07,101308.53,-1
2023-07-04,2023-07-04 13:05:00,1296.63,1296.63,1296.48,1296.48,-0.01,75.07,101308.53,-1
2023-07-04,2023-07-04 13:06:00,1296.48,1296.48,1296.34,1296.34,-0.01,75.07,101308.53,-1
2023-07-04,2023-07-04 13:07:00,1296.34,1296.34,1296.19,1296.19,-0.01,75.07,101308.53,-1
2023-07-04,2023-07-04 13:08:00,1296.19,1296.19,1296.05,1296.05,-0.01,75.07,101308.53,-1
2023-07-04,2023-07-04 13:09:00,1296.05,1296.05,1295.9,1295.9,-0.01,75.07,101308.53,-1
2023-07-04,2023-07-04 13:10:00,1295.9,1295.9,1295.76,1295.76,-0.01,75.07,101308.53,-1
2023-07-04,2023-07-04 13:11:00,1295.76,1295.76,1295.62,1295.62,-0.01,75.07,101308.53,-1
2023-07-04,2023-07-04 13:12:00,1295.62,1295.62,1295.47,1295.47,-0.01,75.07,101308.53,-1
2023-07-04,2023-07-04 13:13:00,1295.47,1295.47,1295.33,1295.33,-0.01,75.07,101308.53,-1
2023-07-04,2023-07-04 13:14:00,1295.33,1295.33,1295.18,1295.18,-0.01,75.07,101308.53,-1
2023-07-04,2023-07-04 13:15:00,1295.18,1295.18,1295.04,1295.04,-0.01,75.07,101308.53,-1
2023-07-04,2023-07-04 13:16:00,1295.04,1295.04,1294.89,1294.89,-0.01,75.07,101308.53,-1
2023-07-04,2023-07-04 13:17:00,1294.89,1294.89,1294.75,1294.75,-0.01,75.07,101308.53,-1
2023-07-04,2023-07-04 13:18:00,1294.75,1294.75,1294.6,1294.6,-0.01,75.07,101308.53,-1
2023-07-04,2023-07-04 13:19:00,1294.6,1294.6,1294.46,1294.46,-0.01,75.07,101308.53,-1
2023-07-04,2023-07-04 13:20:00,1294.46,1294.46,1294.31,1294.31,-0.01,75.07,101308.53,-1
2023-07-04,2023-07-04 13:21:00,1294.31,1294.31,1294.17,1294.17,-0.01,75.07,101308.53,-1
2023-07-04,2023-07-04 13:22:00,1294.17,1294.17,1294.02,1294.02,-0.01,75.07,101308.53,-1
2023-07-04,2023-07-04 13:23:00,1294.02,1294.02,1293.88,1293.88,-0.01,75.07,101308.53,-1
2023-07-04,2023-07-04 13:24:00,1293.88,1293.88,1293.74,1293.74,-0.01,75.07,101308.53,-1
2023-07-04,2023-07-04 13:25:00,1293.74,1293.74,1293.59,1293.59,-0.01,75.07,101308.53,-1
2023-07-04,2023-07-04 13:26:00,1293.59,1293.59,1293.45,1293.45,-0.01,75.07,101308.53,-1
2023-07-04,2023-07-04 13:27:00,1293.45,1293.45,1293.3,1293.3,-0.01,75.07,101308.53,-1
2023-07-04,2023-07-04 13:28:00,1293.3,1293.3,1293.16,1293.16,-0.01,75.07,101308.53,-1
2023-07-04,2023-07-04 13:29:00,1293.16,1293.16,1293.01,1293.01,-0.01,75.07,101308.53,-1
2023-07-04,2023-07-04 13:30:00,1293.01,1293.01,1292.87,1292.87,-0.01,75.07,101308.53,-1
2023-07-04,2023-07-04 13:31:00,1292.87,1292.87,1292.72,1292.72,-0.01,75.07,101308.53,-1
2023-07-04,2023-07-04 13:32:00,1292.72,1292.72,1292.58,1292.58,-0.01,75.07,101308.53,-1
2023-07-04,2023-07-04 13:33:00,1292.58,1292.58,1292.43,1292.43,-0.01,75.07,101308.53,-1
2023-07-04,2023-07-04 13:34:00,1292.43,1292.43,1292.29,1292.29,-0.01,75.07,101308.53,-1
2023-07-04,2023-07-04 13:35:00,1292.29,1292.29,1292.14,1292.14,-0.01,75.07,101308.53,-1
2023-07-04,2023-07-04 13:36:00,1292.14,1292.14,1292.0,1292.0,-0.01,75.07,101308.53,-1
2023-07-04,2023-07-04 13:37:00,1292.0,1292.0,1291.86,1291.86,-0.01,75.07,101308.53,-1
2023-07-04,2023-07-04 13:38:00,1291.86,1291.86,1291.71,1291.71,-0.01,75.07,101308.53,-1
2023-07-04,2023-07-04 13:39:00,1291.71,1291.71,1291.57,1291.57,-0.01,75.07,101308.53,-1
2023-07-04,2023-07-04 13:40:00,1291.57,1291.57,1291.42,1291.42,-0.01,75.07,101308.53,-1
2023-07-04,2023-07-04 13:41:00,1291.42,1291.42,1291.28,1291.28,-0.01,75.07,101308.53,-1
2023-07-04,2023-07-04 13:42:00,1291.28,1291.28,1291.13,1291.13,-0.01,75.07,101308.53,-1
2023-07-04,2023-07-04 13:43:00,1291.13,1291.13,1290.99,1290.99,-0.01,75.07,101308.53,-1
2023-07-04,2023-07-04 13:44:00,1290.99,1290.99,1290.84,1290.84,-0.01,75.07,101308.53,-1
2023-07-04,2023-07-04 13:45:00,1290.84,1290.84,1290.7,1290.7,-0.01,75.07,101308.53,-1
2023-07-04,2023-07-04 13:46:00,1290.7,1290.7,1290.55,1290.55,-0.01,75.07,101308.53,-1
2023-07-04,2023-07-04 13:47:00,1290.55,1290.55,1290.41,1290.41,-0.01,75.07,101308.53,-1
2023-07-04,2023-07-04 13:48:00,1290.41,1290.41,1290.27,1290.27,-0.01,75.07,101308.53,-1
2023-07-04,2023-07-04 13:49:00,1290.27,1290.27,1290.12,1290.12,-0.01,75.07,101308.53,-1
2023-07-04,2023-07-04 13:50:00,1290.12,1290.12,1289.98,1289.98,-0.01,75.07,101308.53,-1
2023-07-04,2023-07-04 13:51:00,1289.98,1289.98,1289.83,1289.83,-0.01,75.07,101308.53,-1
2023-07-04,2023-07-04 13:52:00,1289.83,1289.83,1289.69,1289.69,-0.01,75.07,101308.53,-1
2023-07-04,2023-07-04 13:53:00,1289.69,1289.69,1289.54,1289.54,-0.01,75.07,101308.53,-1
2023-07-04,2023-07-04 13:54:00,1289.54,1289.54,1289.4,1289.4,-0.01,75.07,101308.53,-1
2023-07-04,2023-07-04 13:55:00,1289.4,1289.4,1289.25,1289.25,-0.01,75.07,101308.53,-1
2023-07-04,2023-07-04 13:56:00,1289.25,1289.25,1289.11,1289.11,-0.01,75.07,101308.53,-1
2023-07-04,2023-07-04 13:57:00,1289.11,1289.11,1288.96,1288.96,-0.01,75.07,101308.53,-1
2023-07-04,2023-07-04 13:58:00,1288.96,1288.96,1288.82,1288.82,-0.01,75.07,101308.53,-1
2023-07-04,2023-07-04 13:59:00,1288.82,1288.82,1288.67,1288.67,-0.01,75.07,101308.53,-1
2023-07-04,2023-07-04 14:00:00,1288.67,1288.67,1288.53,1288.53,-0.01,75.07,101308.53,-1
2023-07-04,2023-07-04 14:01:00,1288.53,1288.53,1288.39,1288.39,-0.01,75.07,101308.53,-1
2023-07-04,2023-07-04 14:02:00,1288.39,1288.39,1288.24,1288.24,-0.01,75.07,101308.53,-1
2023-07-04,2023-07-04 14:03:00,1288.24,1288.24,1288.1,1288.1,-0.01,75.07,101308.53,-1
2023-07-04,2023-07-04 14:04:00,1288.1,1288.1,1287.95,1287.95,-0.01,75.07,101308.53,-1
2023-07-04,2023-07-04 14:05:00,1287.95,1287.95,1287.81,1287.81,-0.01,75.07,101308.53,-1
2023-07-04,2023-07-04 14:06:00,1287.81,1287.81,1287.66,1287.66,-0.01,75.07,101308.53,-1
2023-07-04,2023-07-04 14:07:00,1287.66,1287.66,1287.52,1287.52,-0.01,75.07,101308.53,-1
2023-07-04,2023-07-04 14:08:00,1287.52,1287.52,1287.37,1287.37,-0.01,75.07,101308.53,-1
2023-07-04,2023-07-04 14:09:00,1287.37,1287.37,1287.23,1287.23,-0.01,75.07,101308.53,-1
2023-07-04,2023-07-04 14:10:00,1287.23,1287.23,1287.08,1287.08,-0.01,75.07,101308.53,-1
2023-07-04,2023-07-04 14:11:00,1287.08,1287.08,1286.94,1286.94,-0.01,75.07,101308.53,-1
2023-07-04,2023-07-04 14:12:00,1286.94,1286.94,1286.8,1286.8,-0.01,75.07,101308.53,-1
2023-07-04,2023-07-04 14:13:00,1286.8,1286.8,1286.65,1286.65,-0.01,75.07,101308.53,-1
2023-07-04,2023-07-04 14:14:00,1286.65,1286.65,1286.51,1286.51,-0.01,75.07,101308.53,-1
2023-07-04,2023-07-04 14:15:00,1286.51,1286.51,1286.36,1286.36,-0.01,75.07,101308.53,-1
2023-07-04,2023-07-04 14:16:00,1286.36,1286.36,1286.22,1286.22,-0.01,75.07,101308.53,-1
2023-07-04,2023-07-04 14:17:00,1286.22,1286.22,1286.07,1286.07,-0.01,75.07,101308.53,-1
2023-07-04,2023-07-04 14:18:00,1286.07,1286.07,1285.93,1285.93,-0.01,75.07,101308.53,-1
2023-07-04,2023-07-04 14:19:00,1285.93,1285.93,1285.78,1285.78,-0.01,75.07,101308.53,-1
2023-07-04,2023-07-04 14:20:00,1285.78,1285.78,1285.64,1285.64,-0.01,75.07,101308.53,-1
2023-07-04,2023-07-04 14:21:00,1285.64,1285.64,1285.49,1285.49,-0.01,75.07,101308.53,-1
2023-07-04,2023-07-04 14:22:00,1285.49,1285.49,1285.35,1285.35,-0.01,75.07,101308.53,-1
2023-07-04,2023-07-04 14:23:00,1285.35,1285.35,1285.2,1285.2,-0.01,75.07,101308.53,-1
2023-07-04,2023-07-04 14:24:00,1285.2,1285.2,1285.06,1285.06,-0.01,75.07,101308.53,-1
2023-07-04,2023-07-04 14:25:00,1285.06,1285.06,1284.92,1284.92,-0.01,75.07,101308.53,-1
2023-07-04,2023-07-04 14:26:00,1284.92,1284.92,1284.77,1284.77,-0.01,75.07,101308.53,-1
2023-07-04,2023-07-04 14:27:00,1284.77,1284.77,1284.63,1284.63,-0.01,75.07,101308.53,-1
2023-07-04,2023-07-04 14:28:00,1284.63,1284.63,1284.48,1284.48,-0.01,75.07,101308.53,-1
2023-07-04,2023-07-04 14:29:00,1284.48,1284.48,1284.34,1284.34,-0.01,75.07,101308.53,-1
2023-07-04,2023-07-04 14:30:00,1284.34,1284.34,1284.19,1284.19,-0.01,75.07,101308.53,-1
2023-07-04,2023-07-04 14:31:00,1284.19,1284.19,1284.05,1284.05,-0.01,75.07,101308.53,-1
2023-07-04,2023-07-04 14:32:00,1284.05,1284.05,1283.9,1283.9,-0.01,75.07,101308.53,-1
2023-07-04,2023-07-04 14:33:00,1283.9,1283.9,1283.76,1283.76,-0.01,75.07,101308.53,-1
2023-07-04,2023-07-04 14:34:00,1283.76,1283.76,1283.61,1283.61,-0.01,75.07,101308.53,-1
2023-07-04,2023-07-04 14:35:00,1283.61,1283.61,1283.47,1283.47,-0.01,75.07,101308.53,-1
2023-07-04,2023-07-04 14:36:00,1283.47,1283.47,1283.33,1283.33,-0.01,75.07,101308.53,-1
2023-07-04,2023-07-04 14:37:00,1283.33,1283.33,1283.18,1283.18,-0.01,75.07,101308.53,-1
2023-07-04,2023-07-04 14:38:00,1283.18,1283.18,1283.04,1283.04,-0.01,75.07,101308.53,-1
2023-07-04,2023-07-04 14:39:00,1283.04,1283.04,1282.89,1282.89,-0.01,75.07,101308.53,-1
2023-07-04,2023-07-04 14:40:00,1282.89,1282.89,1282.75,1282.75,-0.01,75.07,101308.53,-1
2023-07-04,2023-07-04 14:41:00,1282.75,1282.75,1282.6,1282.6,-0.01,75.07,101308.53,-1
2023-07-04,2023-07-04 14:42:00,1282.6,1282.6,1282.46,1282.46,-0.01,75.07,101308.53,-1
2023-07-04,2023-07-04 14:43:00,1282.46,1282.46,1282.31,1282.31,-0.01,75.07,101308.53,-1
2023-07-04,2023-07-04 14:44:00,1282.31,1282.31,1282.17,1282.17,-0.01,75.07,101308.53,-1
2023-07-04,2023-07-04 14:45:00,1282.17,1282.17,1282.02,1282.02,-0.01,75.07,101308.53,-1
2023-07-04,2023-07-04 14:46:00,1282.02,1282.02,1281.88,1281.88,-0.01,75.07,101308.53,-1
2023-07-04,2023-07-04 14:47:00,1281.88,1281.88,1281.73,1281.73,-0.01,75.07,101308.53,-1
2023-07-04,2023-07-04 14:48:00,1281.73,1281.73,1281.59,1281.59,-0.01,75.07,101308.53,-1
2023-07-04,2023-07-04 14:49:00,1281.59,1281.59,1281.45,1281.45,-0.01,75.07,101308.53,-1
2023-07-04,2023-07-04 14:50:00,1281.45,1281.45,1281.3,1281.3,-0.01,75.07,101308.53,-1
2023-07-04,2023-07-04 14:51:00,1281.3,1281.3,1281.16,1281.16,-0.01,75.07,101308.53,-1
2023-07-04,2023-07-04 14:52:00,1281.16,1281.16,1281.01,1281.01,-0.01,75.07,101308.53,-1
2023-07-04,2023-07-04 14:53:00,1281.01,1281.01,1280.87,1280.87,-0.01,75.07,101308.53,-1
2023-07-04,2023-07-04 14:54:00,1280.87,1280.87,1280.72,1280.72,-0.01,75.07,101308.53,-1
2023-07-04,2023-07-04 14:55:00,1280.72,1280.72,1280.58,1280.58,-0.01,75.07,101308.53,-1
2023-07-04,2023-07-04 14:56:00,1280.58,1280.58,1280.43,1280.43,-0.01,75.07,101308.53,-1
2023-07-04,2023-07-04 14:57:00,1280.43,1280.43,1280.29,1280.29,-0.01,75.07,101308.53,-1
2023-07-04,2023-07-04 14:58:00,1280.29,1280.29,1280.14,1280.14,-0.01,75.07,101308.53,-1
2023-07-04,2023-07-04 14:59:00,1280.14,1280.14,1280.0,1280.0,-0.01,75.07,101308.53,-1
2023-07-04,2023-07-04 15:00:00,1280.0,1417.9,1277.2,1280.0,0.0,75.07,101308.53,0
2023-07-05,2023-07-05 11:00:00,1270.0,1274.5,1247.5,1269.72,-0.02,24.27,29951.72,-1
2023-07-05,2023-07-05 11:01:00,1269.72,1269.72,1269.43,1269.43,-0.02,24.27,29951.72,-1
2023-07-05,2023-07-05 11:02:00,1269.43,1269.43,1269.15,1269.15,-0.02,24.27,29951.72,-1
2023-07-05,2023-07-05 11:03:00,1269.15,1269.15,1268.87,1268.87,-0.02,24.27,29951.72,-1
2023-07-05,2023-07-05 11:04:00,1268.87,1268.87,1268.58,1268.58,-0.02,24.27,29951.72,-1
2023-07-05,2023-07-05 11:05:00,1268.58,1268.58,1268.3,1268.3,-0.02,24.27,29951.72,-1
2023-07-05,2023-07-05 11:06:00,1268.3,1268.3,1268.02,1268.02,-0.02,24.27,29951.72,-1
2023-07-05,2023-07-05 11:07:00,1268.02,1268.02,1267.73,1267.73,-0.02,24.27,29951.72,-1
2023-07-05,2023-07-05 11:08:00,1267.73,1267.73,1267.45,1267.45,-0.02,24.27,29951.72,-1
2023-07-05,2023-07-05 11:09:00,1267.45,1267.45,1267.17,1267.17,-0.02,24.27,29951.72,-1
2023-07-05,2023-07-05 11:10:00,1267.17,1267.17,1266.88,1266.88,-0.02,24.27,29951.72,-1
2023-07-05,2023-07-05 11:11:00,1266.88,1266.88,1266.6,1266.6,-0.02,24.27,29951.72,-1
2023-07-05,2023-07-05 11:12:00,1266.6,1266.6,1266.32,1266.32,-0.02,24.27,29951.72,-1
2023-07-05,2023-07-05 11:13:00,1266.32,1266.32,1266.03,1266.03,-0.02,24.27,29951.72,-1
2023-07-05,2023-07-05 11:14:00,1266.03,1266.03,1265.75,1265.75,-0.02,24.27,29951.72,-1
2023-07-05,2023-07-05 11:15:00,1265.75,1265.75,1265.47,1265.47,-0.02,24.27,29951.72,-1
2023-07-05,2023-07-05 11:16:00,1265.47,1265.47,1265.18,1265.18,-0.02,24.27,29951.72,-1
2023-07-05,2023-07-05 11:17:00,1265.18,1265.18,1264.9,1264.9,-0.02,24.27,29951.72,-1
2023-07-05,2023-07-05 11:18:00,1264.9,1264.9,1264.62,1264.62,-0.02,24.27,29951.72,-1
2023-07-05,2023-07-05 11:19:00,1264.62,1264.62,1264.33,1264.33,-0.02,24.27,29951.72,-1
2023-07-05,2023-07-05 11:20:00,1264.33,1264.33,1264.05,1264.05,-0.02,24.27,29951.72,-1
2023-07-05,2023-07-05 11:21:00,1264.05,1264.05,1263.77,1263.77,-0.02,24.27,29951.72,-1
2023-07-05,2023-07-05 11:22:00,1263.77,1263.77,1263.48,1263.48,-0.02,24.27,29951.72,-1
2023-07-05,2023-07-05 11:23:00,1263.48,1263.48,1263.2,1263.2,-0.02,24.27,29951.72,-1
2023-07-05,2023-07-05 11:24:00,1263.2,1263.2,1262.92,1262.92,-0.02,24.27,29951.72,-1
2023-07-05,2023-07-05 11:25:00,1262.92,1262.92,1262.63,1262.63,-0.02,24.27,29951.72,-1
2023-07-05,2023-07-05 11:26:00,1262.63,1262.63,1262.35,1262.35,-0.02,24.27,29951.72,-1
2023-07-05,2023-07-05 11:27:00,1262.35,1262.35,1262.07,1262.07,-0.02,24.27,29951.72,-1
2023-07-05,2023-07-05 11:28:00,1262.07,1262.07,1261.78,1261.78,-0.02,24.27,29951.72,-1
2023-07-05,2023-07-05 11:29:00,1261.78,1261.78,1261.5,1261.5,-0.02,24.27,29951.72,-1
2023-07-05,2023-07-05 11:30:00,1261.5,1261.5,1261.22,1261.22,-0.02,24.27,29951.72,-1
2023-07-05,2023-07-05 11:31:00,1261.22,1261.22,1260.93,1260.93,-0.02,24.27,29951.72,-1
2023-07-05,2023-07-05 11:32:00,1260.93,1260.93,1260.65,1260.65,-0.02,24.27,29951.72,-1
2023-07-05,2023-07-05 11:33:00,1260.65,1260.65,1260.37,1260.37,-0.02,24.27,29951.72,-1
2023-07-05,2023-07-05 11:34:00,1260.37,1260.37,1260.08,1260.08,-0.02,24.27,29951.72,-1
2023-07-05,2023-07-05 11:35:00,1260.08,1260.08,1259.8,1259.8,-0.02,24.27,29951.72,-1
2023-07-05,2023-07-05 11:36:00,1259.8,1259.8,1259.52,1259.52,-0.02,24.27,29951.72,-1
2023-07-05,2023-07-05 11:37:00,1259.52,1259.52,1259.23,1259.23,-0.02,24.27,29951.72,-1
2023-07-05,2023-07-05 11:38:00,1259.23,1259.23,1258.95,1258.95,-0.02,24.27,29951.72,-1
2023-07-05,2023-07-05 11:39:00,1258.95,1258.95,1258.67,1258.67,-0.02,24.27,29951.72,-1
2023-07-05,2023-07-05 11:40:00,1258.67,1258.67,1258.38,1258.38,-0.02,24.27,29951.72,-1
2023-07-05,2023-07-05 11:41:00,1258.38,1258.38,1258.1,1258.1,-0.02,24.27,29951.72,-1
2023-07-05,2023-07-05 11:42:00,1258.1,1258.1,1257.82,1257.82,-0.02,24.27,29951.72,-1
2023-07-05,2023-07-05 11:43:00,1257.82,1257.82,1257.53,1257.53,-0.02,24.27,29951.72,-1
2023-07-05,2023-07-05 11:44:00,1257.53,1257.53,1257.25,1257.25,-0.02,24.27,29951.72,-1
2023-07-05,2023-07-05 11:45:00,1257.25,1257.25,1256.97,1256.97,-0.02,24.27,29951.72,-1
2023-07-05,2023-07-05 11:46:00,1256.97,1256.97,1256.68,1256.68,-0.02,24.27,29951.72,-1
2023-07-05,2023-07-05 11:47:00,1256.68,1256.68,1256.4,1256.4,-0.02,24.27,29951.72,-1
2023-07-05,2023-07-05 11:48:00,1256.4,1256.4,1256.12,1256.12,-0.02,24.27,29951.72,-1
2023-07-05,2023-07-05 11:49:00,1256.12,1256.12,1255.83,1255.83,-0.02,24.27,29951.72,-1
2023-07-05,2023-07-05 11:50:00,1255.83,1255.83,1255.55,1255.55,-0.02,24.27,29951.72,-1
2023-07-05,2023-07-05 11:51:00,1255.55,1255.55,1255.27,1255.27,-0.02,24.27,29951.72,-1
2023-07-05,2023-07-05 11:52:00,1255.27,1255.27,1254.98,1254.98,-0.02,24.27,29951.72,-1
2023-07-05,2023-07-05 11:53:00,1254.98,1254.98,1254.7,1254.7,-0.02,24.27,29951.72,-1
2023-07-05,2023-07-05 11:54:00,1254.7,1254.7,1254.42,1254.42,-0.02,24.27,29951.72,-1
2023-07-05,2023-07-05 11:55:00,1254.42,1254.42,1254.13,1254.13,-0.02,24.27,29951.72,-1
2023-07-05,2023-07-05 11:56:00,1254.13,1254.13,1253.85,1253.85,-0.02,24.27,29951.72,-1
2023-07-05,2023-07-05 11:57:00,1253.85,1253.85,1253.57,1253.57,-0.02,24.27,29951.72,-1
2023-07-05,2023-07-05 11:58:00,1253.57,1253.57,1253.28,1253.28,-0.02,24.27,29951.72,-1
2023-07-05,2023-07-05 11:59:00,1253.28,1253.28,1253.0,1253.0,-0.02,24.27,29951.72,-1
2023-07-05,2023-07-05 12:00:00,1253.0,1253.0,1252.72,1252.72,-0.02,24.27,29951.72,-1
2023-07-05,2023-07-05 12:01:00,1252.72,1252.72,1252.43,1252.43,-0.02,24.27,29951.72,-1
2023-07-05,2023-07-05 12:02:00,1252.43,1252.43,1252.15,1252.15,-0.02,24.27,29951.72,-1
2023-07-05,2023-07-05 12:03:00,1252.15,1252.15,1251.87,1251.87,-0.02,24.27,29951.72,-1
2023-07-05,2023-07-05 12:04:00,1251.87,1251.87,1251.58,1251.58,-0.02,24.27,29951.72,-1
2023-07-05,2023-07-05 12:05:00,1251.58,1251.58,1251.3,1251.3,-0.02,24.27,29951.72,-1
2023-07-05,2023-07-05 12:06:00,1251.3,1251.3,1251.02,1251.02,-0.02,24.27,29951.72,-1
2023-07-05,2023-07-05 12:07:00,1251.02,1251.02,1250.73,1250.73,-0.02,24.27,29951.72,-1
2023-07-05,2023-07-05 12:08:00,1250.73,1250.73,1250.45,1250.45,-0.02,24.27,29951.72,-1
2023-07-05,2023-07-05 12:09:00,1250.45,1250.45,1250.17,1250.17,-0.02,24.27,29951.72,-1
2023-07-05,2023-07-05 12:10:00,1250.17,1250.17,1249.88,1249.88,-0.02,24.27,29951.72,-1
2023-07-05,2023-07-05 12:11:00,1249.88,1249.88,1249.6,1249.6,-0.02,24.27,29951.72,-1
2023-07-05,2023-07-05 12:12:00,1249.6,1249.6,1249.32,1249.32,-0.02,24.27,29951.72,-1
2023-07-05,2023-07-05 12:13:00,1249.32,1249.32,1249.03,1249.03,-0.02,24.27,29951.72,-1
2023-07-05,2023-07-05 12:14:00,1249.03,1249.03,1248.75,1248.75,-0.02,24.27,29951.72,-1
2023-07-05,2023-07-05 12:15:00,1248.75,1248.75,1248.47,1248.47,-0.02,24.27,29951.72,-1
2023-07-05,2023-07-05 12:16:00,1248.47,1248.47,1248.18,1248.18,-0.02,24.27,29951.72,-1
2023-07-05,2023-07-05 12:17:00,1248.18,1248.18,1247.9,1247.9,-0.02,24.27,29951.72,-1
2023-07-05,2023-07-05 12:18:00,1247.9,1247.9,1247.62,1247.62,-0.02,24.27,29951.72,-1
2023-07-05,2023-07-05 12:19:00,1247.62,1247.62,1247.33,1247.33,-0.02,24.27,29951.72,-1
2023-07-05,2023-07-05 12:20:00,1247.33,1247.33,1247.05,1247.05,-0.02,24.27,29951.72,-1
2023-07-05,2023-07-05 12:21:00,1247.05,1247.05,1246.77,1246.77,-0.02,24.27,29951.72,-1
2023-07-05,2023-07-05 12:22:00,1246.77,1246.77,1246.48,1246.48,-0.02,24.27,29951.72,-1
2023-07-05,2023-07-05 12:23:00,1246.48,1246.48,1246.2,1246.2,-0.02,24.27,29951.72,-1
2023-07-05,2023-07-05 12:24:00,1246.2,1246.2,1245.92,1245.92,-0.02,24.27,29951.72,-1
2023-07-05,2023-07-05 12:25:00,1245.92,1245.92,1245.63,1245.63,-0.02,24.27,29951.72,-1
2023-07-05,2023-07-05 12:26:00,1245.63,1245.63,1245.35,1245.35,-0.02,24.27,29951.72,-1
2023-07-05,2023-07-05 12:27:00,1245.35,1245.35,1245.07,1245.07,-0.02,24.27,29951.72,-1
2023-07-05,2023-07-05 12:28:00,1245.07,1245.07,1244.78,1244.78,-0.02,24.27,29951.72,-1
2023-07-05,2023-07-05 12:29:00,1244.78,1244.78,1244.5,1244.5,-0.02,24.27,29951.72,-1
2023-07-05,2023-07-05 12:30:00,1244.5,1244.5,1244.22,1244.22,-0.02,24.27,29951.72,-1
2023-07-05,2023-07-05 12:31:00,1244.22,1244.22,1243.93,1243.93,-0.02,24.27,29951.72,-1
2023-07-05,2023-07-05 12:32:00,1243.93,1243.93,1243.65,1243.65,-0.02,24.27,29951.72,-1
2023-07-05,2023-07-05 12:33:00,1243.65,1243.65,1243.37,1243.37,-0.02,24.27,29951.72,-1
2023-07-05,2023-07-05 12:34:00,1243.37,1243.37,1243.08,1243.08,-0.02,24.27,29951.72,-1
2023-07-05,2023-07-05 12:35:00,1243.08,1243.08,1242.8,1242.8,-0.02,24.27,29951.72,-1
2023-07-05,2023-07-05 12:36:00,1242.8,1242.8,1242.52,1242.52,-0.02,24.27,29951.72,-1
2023-07-05,2023-07-05 12:37:00,1242.52,1242.52,1242.23,1242.23,-0.02,24.27,29951.72,-1
2023-07-05,2023-07-05 12:38:00,1242.23,1242.23,1241.95,1241.95,-0.02,24.27,29951.72,-1
2023-07-05,2023-07-05 12:39:00,1241.95,1241.95,1241.67,1241.67,-0.02,24.27,29951.72,-1
2023-07-05,2023-07-05 12:40:00,1241.67,1241.67,1241.38,1241.38,-0.02,24.27,29951.72,-1
2023-07-05,2023-07-05 12:41:00,1241.38,1241.38,1241.1,1241.1,-0.02,24.27,29951.72,-1
2023-07-05,2023-07-05 12:42:00,1241.1,1241.1,1240.82,1240.82,-0.02,24.27,29951.72,-1
2023-07-05,2023-07-05 12:43:00,1240.82,1240.82,1240.53,1240.53,-0.02,24.27,29951.72,-1
2023-07-05,2023-07-05 12:44:00,1240.53,1240.53,1240.25,1240.25,-0.02,24.27,29951.72,-1
2023-07-05,2023-07-05 12:45:00,1240.25,1240.25,1239.97,1239.97,-0.02,24.27,29951.72,-1
2023-07-05,2023-07-05 12:46:00,1239.97,1239.97,1239.68,1239.68,-0.02,24.27,29951.72,-1
2023-07-05,2023-07-05 12:47:00,1239.68,1239.68,1239.4,1239.4,-0.02,24.27,29951.72,-1
2023-07-05,2023-07-05 12:48:00,1239.4,1239.4,1239.12,1239.12,-0.02,24.27,29951.72,-1
2023-07-05,2023-07-05 12:49:00,1239.12,1239.12,1238.83,1238.83,-0.02,24.27,29951.72,-1
2023-07-05,2023-07-05 12:50:00,1238.83,1238.83,1238.55,1238.55,-0.02,24.27,29951.72,-1
2023-07-05,2023-07-05 12:51:00,1238.55,1238.55,1238.27,1238.27,-0.02,24.27,29951.72,-1
2023-07-05,2023-07-05 12:52:00,1238.27,1238.27,1237.98,1237.98,-0.02,24.27,29951.72,-1
2023-07-05,2023-07-05 12:53:00,1237.98,1237.98,1237.7,1237.7,-0.02,24.27,29951.72,-1
2023-07-05,2023-07-05 12:54:00,1237.7,1237.7,1237.42,1237.42,-0.02,24.27,29951.72,-1
2023-07-05,2023-07-05 12:55:00,1237.42,1237.42,1237.13,1237.13,-0.02,24.27,29951.72,-1
2023-07-05,2023-07-05 12:56:00,1237.13,1237.13,1236.85,1236.85,-0.02,24.27,29951.72,-1
2023-07-05,2023-07-05 12:57:00,1236.85,1236.85,1236.57,1236.57,-0.02,24.27,29951.72,-1
2023-07-05,2023-07-05 12:58:00,1236.57,1236.57,1236.28,1236.28,-0.02,24.27,29951.72,-1
2023-07-05,2023-07-05 12:59:00,1236.28,1236.28,1236.0,1236.0,-0.02,24.27,29951.72,-1
2023-07-05,2023-07-05 13:00:00,1236.0,1285.0,1195.0,1235.72,-0.02,24.27,29951.72,-1
2023-07-05,2023-07-05 13:01:00,1235.72,1235.72,1235.43,1235.43,-0.02,24.27,29951.72,-1
2023-07-05,2023-07-05 13:02:00,1235.43,1235.43,1235.15,1235.15,-0.02,24.27,29951.72,-1
2023-07-05,2023-07-05 13:03:00,1235.15,1235.15,1234.87,1234.87,-0.02,24.27,29951.72,-1
2023-07-05,2023-07-05 13:04:00,1234.87,1234.87,1234.58,1234.58,-0.02,24.27,29951.72,-1
2023-07-05,2023-07-05 13:05:00,1234.58,1234.58,1234.3,1234.3,-0.02,24.27,29951.72,-1
2023-07-05,2023-07-05 13:06:00,1234.3,1234.3,1234.02,1234.02,-0.02,24.27,29951.72,-1
2023-07-05,2023-07-05 13:07:00,1234.02,1234.02,1233.73,1233.73,-0.02,24.27,29951.72,-1
2023-07-05,2023-07-05 13:08:00,1233.73,1233.73,1233.45,1233.45,-0.02,24.27,29951.72,-1
2023-07-05,2023-07-05 13:09:00,1233.45,1233.45,1233.17,1233.17,-0.02,24.27,29951.72,-1
2023-07-05,2023-07-05 13:10:00,1233.17,1233.17,1232.88,1232.88,-0.02,24.27,29951.72,-1
2023-07-05,2023-07-05 13:11:00,1232.88,1232.88,1232.6,1232.6,-0.02,24.27,29951.72,-1
2023-07-05,2023-07-05 13:12:00,1232.6,1232.6,1232.32,1232.32,-0.02,24.27,29951.72,-1
2023-07-05,2023-07-05 13:13:00,1232.32,1232.32,1232.03,1232.03,-0.02,24.27,29951.72,-1
2023-07-05,2023-07-05 13:14:00,1232.03,1232.03,1231.75,1231.75,-0.02,24.27,29951.72,-1
2023-07-05,2023-07-05 13:15:00,1231.75,1231.75,1231.47,1231.47,-0.02,24.27,29951.72,-1
2023-07-05,2023-07-05 13:16:00,1231.47,1231.47,1231.18,1231.18,-0.02,24.27,29951.72,-1
2023-07-05,2023-07-05 13:17:00,1231.18,1231.18,1230.9,1230.9,-0.02,24.27,29951.72,-1
2023-07-05,2023-07-05 13:18:00,1230.9,1230.9,1230.62,1230.62,-0.02,24.27,29951.72,-1
2023-07-05,2023-07-05 13:19:00,1230.62,1230.62,1230.33,1230.33,-0.02,24.27,29951.72,-1
2023-07-05,2023-07-05 13:20:00,1230.33,1230.33,1230.05,1230.05,-0.02,24.27,29951.72,-1
2023-07-05,2023-07-05 13:21:00,1230.05,1230.05,1229.77,1229.77,-0.02,24.27,29951.72,-1
2023-07-05,2023-07-05 13:22:00,1229.77,1229.77,1229.48,1229.48,-0.02,24.27,29951.72,-1
2023-07-05,2023-07-05 13:23:00,1229.48,1229.48,1229.2,1229.2,-0.02,24.27,29951.72,-1
2023-07-05,2023-07-05 13:24:00,1229.2,1229.2,1228.92,1228.92,-0.02,24.27,29951.72,-1
2023-07-05,2023-07-05 13:25:00,1228.92,1228.92,1228.63,1228.63,-0.02,24.27,29951.72,-1
2023-07-05,2023-07-05 13:26:00,1228.63,1228.63,1228.35,1228.35,-0.02,24.27,29951.72,-1
2023-07-05,2023-07-05 13:27:00,1228.35,1228.35,1228.07,1228.07,-0.02,24.27,29951.72,-1
2023-07-05,2023-07-05 13:28:00,1228.07,1228.07,1227.78,1227.78,-0.02,24.27,29951.72,-1
2023-07-05,2023-07-05 13:29:00,1227.78,1227.78,1227.5,1227.5,-0.02,24.27,29951.72,-1
2023-07-05,2023-07-05 13:30:00,1227.5,1227.5,1227.22,1227.22,-0.02,24.27,29951.72,-1
2023-07-05,2023-07-05 13:31:00,1227.22,1227.22,1226.93,1226.93,-0.02,24.27,29951.72,-1
2023-07-05,2023-07-05 13:32:00,1226.93,1226.93,1226.65,1226.65,-0.02,24.27,29951.72,-1
2023-07-05,2023-07-05 13:33:00,1226.65,1226.65,1226.37,1226.37,-0.02,24.27,29951.72,-1
2023-07-05,2023-07-05 13:34:00,1226.37,1226.37,1226.08,1226.08,-0.02,24.27,29951.72,-1
2023-07-05,2023-07-05 13:35:00,1226.08,1226.08,1225.8,1225.8,-0.02,24.27,29951.72,-1
2023-07-05,2023-07-05 13:36:00,1225.8,1225.8,1225.52,1225.52,-0.02,24.27,29951.72,-1
2023-07-05,2023-07-05 13:37:00,1225.52,1225.52,1225.23,1225.23,-0.02,24.27,29951.72,-1
2023-07-05,2023-07-05 13:38:00,1225.23,1225.23,1224.95,1224.95,-0.02,24.27,29951.72,-1
2023-07-05,2023-07-05 13:39:00,1224.95,1224.95,1224.67,1224.67,-0.02,24.27,29951.72,-1
2023-07-05,2023-07-05 13:40:00,1224.67,1224.67,1224.38,1224.38,-0.02,24.27,29951.72,-1
2023-07-05,2023-07-05 13:41:00,1224.38,1224.38,1224.1,1224.1,-0.02,24.27,29951.72,-1
2023-07-05,2023-07-05 13:42:00,1224.1,1224.1,1223.82,1223.82,-0.02,24.27,29951.72,-1
2023-07-05,2023-07-05 13:43:00,1223.82,1223.82,1223.53,1223.53,-0.02,24.27,29951.72,-1
2023-07-05,2023-07-05 13:44:00,1223.53,1223.53,1223.25,1223.25,-0.02,24.27,29951.72,-1
2023-07-05,2023-07-05 13:45:00,1223.25,1223.25,1222.97,1222.97,-0.02,24.27,29951.72,-1
2023-07-05,2023-07-05 13:46:00,1222.97,1222.97,1222.68,1222.68,-0.02,24.27,29951.72,-1
2023-07-05,2023-07-05 13:47:00,1222.68,1222.68,1222.4,1222.4,-0.02,24.27,29951.72,-1
2023-07-05,2023-07-05 13:48:00,1222.4,1222.4,1222.12,1222.12,-0.02,24.27,29951.72,-1
2023-07-05,2023-07-05 13:49:00,1222.12,1222.12,1221.83,1221.83,-0.02,24.27,29951.72,-1
2023-07-05,2023-07-05 13:50:00,1221.83,1221.83,1221.55,1221.55,-0.02,24.27,29951.72,-1
2023-07-05,2023-07-05 13:51:00,1221.55,1221.55,1221.27,1221.27,-0.02,24.27,29951.72,-1
2023-07-05,2023-07-05 13:52:00,1221.27,1221.27,1220.98,1220.98,-0.02,24.27,29951.72,-1
2023-07-05,2023-07-05 13:53:00,1220.98,1220.98,1220.7,1220.7,-0.02,24.27,29951.72,-1
2023-07-05,2023-07-05 13:54:00,1220.7,1220.7,1220.42,1220.42,-0.02,24.27,29951.72,-1
2023-07-05,2023-07-05 13:55:00,1220.42,1220.42,1220.13,1220.13,-0.02,24.27,29951.72,-1
2023-07-05,2023-07-05 13:56:00,1220.13,1220.13,1219.85,1219.85,-0.02,24.27,29951.72,-1
2023-07-05,2023-07-05 13:57:00,1219.85,1219.85,1219.57,1219.57,-0.02,24.27,29951.72,-1
2023-07-05,2023-07-05 13:58:00,1219.57,1219.57,1219.28,1219.28,-0.02,24.27,29951.72,-1
2023-07-05,2023-07-05 13:59:00,1219.28,1219.28,1219.0,1219.0,-0.02,24.27,29951.72,-1
2023-07-05,2023-07-05 14:00:00,1219.0,1219.0,1218.72,1218.72,-0.02,24.27,29951.72,-1
2023-07-05,2023-07-05 14:01:00,1218.72,1218.72,1218.43,1218.43,-0.02,24.27,29951.72,-1
2023-07-05,2023-07-05 14:02:00,1218.43,1218.43,1218.15,1218.15,-0.02,24.27,29951.72,-1
2023-07-05,2023-07-05 14:03:00,1218.15,1218.15,1217.87,1217.87,-0.02,24.27,29951.72,-1
2023-07-05,2023-07-05 14:04:00,1217.87,1217.87,1217.58,1217.58,-0.02,24.27,29951.72,-1
2023-07-05,2023-07-05 14:05:00,1217.58,1217.58,1217.3,1217.3,-0.02,24.27,29951.72,-1
2023-07-05,2023-07-05 14:06:00,1217.3,1217.3,1217.02,1217.02,-0.02,24.27,29951.72,-1
2023-07-05,2023-07-05 14:07:00,1217.02,1217.02,1216.73,1216.73,-0.02,24.27,29951.72,-1
2023-07-05,2023-07-05 14:08:00,1216.73,1216.73,1216.45,1216.45,-0.02,24.27,29951.72,-1
2023-07-05,2023-07-05 14:09:00,1216.45,1216.45,1216.17,1216.17,-0.02,24.27,29951.72,-1
2023-07-05,2023-07-05 14:10:00,1216.17,1216.17,1215.88,1215.88,-0.02,24.27,29951.72,-1
2023-07-05,2023-07-05 14:11:00,1215.88,1215.88,1215.6,1215.6,-0.02,24.27,29951.72,-1
2023-07-05,2023-07-05 14:12:00,1215.6,1215.6,1215.32,1215.32,-0.02,24.27,29951.72,-1
2023-07-05,2023-07-05 14:13:00,1215.32,1215.32,1215.03,1215.03,-0.02,24.27,29951.72,-1
2023-07-05,2023-07-05 14:14:00,1215.03,1215.03,1214.75,1214.75,-0.02,24.27,29951.72,-1
2023-07-05,2023-07-05 14:15:00,1214.75,1214.75,1214.47,1214.47,-0.02,24.27,29951.72,-1
2023-07-05,2023-07-05 14:16:00,1214.47,1214.47,1214.18,1214.18,-0.02,24.27,29951.72,-1
2023-07-05,2023-07-05 14:17:00,1214.18,1214.18,1213.9,1213.9,-0.02,24.27,29951.72,-1
2023-07-05,2023-07-05 14:18:00,1213.9,1213.9,1213.62,1213.62,-0.02,24.27,29951.72,-1
2023-07-05,2023-07-05 14:19:00,1213.62,1213.62,1213.33,1213.33,-0.02,24.27,29951.72,-1
2023-07-05,2023-07-05 14:20:00,1213.33,1213.33,1213.05,1213.05,-0.02,24.27,29951.72,-1
2023-07-05,2023-07-05 14:21:00,1213.05,1213.05,1212.77,1212.77,-0.02,24.27,29951.72,-1
2023-07-05,2023-07-05 14:22:00,1212.77,1212.77,1212.48,1212.48,-0.02,24.27,29951.72,-1
2023-07-05,2023-07-05 14:23:00,1212.48,1212.48,1212.2,1212.2,-0.02,24.27,29951.72,-1
2023-07-05,2023-07-05 14:24:00,1212.2,1212.2,1211.92,1211.92,-0.02,24.27,29951.72,-1
2023-07-05,2023-07-05 14:25:00,1211.92,1211.92,1211.63,1211.63,-0.02,24.27,29951.72,-1
2023-07-05,2023-07-05 14:26:00,1211.63,1211.63,1211.35,1211.35,-0.02,24.27,29951.72,-1
2023-07-05,2023-07-05 14:27:00,1211.35,1211.35,1211.07,1211.07,-0.02,24.27,29951.72,-1
2023-07-05,2023-07-05 14:28:00,1211.07,1211.07,1210.78,1210.78,-0.02,24.27,29951.72,-1
2023-07-05,2023-07-05 14:29:00,1210.78,1210.78,1210.5,1210.5,-0.02,24.27,29951.72,-1
2023-07-05,2023-07-05 14:30:00,1210.5,1210.5,1210.22,1210.22,-0.02,24.27,29951.72,-1
2023-07-05,2023-07-05 14:31:00,1210.22,1210.22,1209.93,1209.93,-0.02,24.27,29951.72,-1
2023-07-05,2023-07-05 14:32:00,1209.93,1209.93,1209.65,1209.65,-0.02,24.27,29951.72,-1
2023-07-05,2023-07-05 14:33:00,1209.65,1209.65,1209.37,1209.37,-0.02,24.27,29951.72,-1
2023-07-05,2023-07-05 14:34:00,1209.37,1209.37,1209.08,1209.08,-0.02,24.27,29951.72,-1
2023-07-05,2023-07-05 14:35:00,1209.08,1209.08,1208.8,1208.8,-0.02,24.27,29951.72,-1
2023-07-05,2023-07-05 14:36:00,1208.8,1208.8,1208.52,1208.52,-0.02,24.27,29951.72,-1
2023-07-05,2023-07-05 14:37:00,1208.52,1208.52,1208.23,1208.23,-0.02,24.27,29951.72,-1
2023-07-05,2023-07-05 14:38:00,1208.23,1208.23,1207.95,1207.95,-0.02,24.27,29951.72,-1
2023-07-05,2023-07-05 14:39:00,1207.95,1207.95,1207.67,1207.67,-0.02,24.27,29951.72,-1
2023-07-05,2023-07-05 14:40:00,1207.67,1207.67,1207.38,1207.38,-0.02,24.27,29951.72,-1
2023-07-05,2023-07-05 14:41:00,1207.38,1207.38,1207.1,1207.1,-0.02,24.27,29951.72,-1
2023-07-05,2023-07-05 14:42:00,1207.1,1207.1,1206.82,1206.82,-0.02,24.27,29951.72,-1
2023-07-05,2023-07-05 14:43:00,1206.82,1206.82,1206.53,1206.53,-0.02,24.27,29951.72,-1
2023-07-05,2023-07-05 14:44:00,1206.53,1206.53,1206.25,1206.25,-0.02,24.27,29951.72,-1
2023-07-05,2023-07-05 14:45:00,1206.25,1206.25,1205.97,1205.97,-0.02,24.27,29951.72,-1
2023-07-05,2023-07-05 14:46:00,1205.97,1205.97,1205.68,1205.68,-0.02,24.27,29951.72,-1
2023-07-05,2023-07-05 14:47:00,1205.68,1205.68,1205.4,1205.4,-0.02,24.27,29951.72,-1
2023-07-05,2023-07-05 14:48:00,1205.4,1205.4,1205.12,1205.12,-0.02,24.27,29951.72,-1
2023-07-05,2023-07-05 14:49:00,1205.12,1205.12,1204.83,1204.83,-0.02,24.27,29951.72,-1
2023-07-05,2023-07-05 14:50:00,1204.83,1204.83,1204.55,1204.55,-0.02,24.27,29951.72,-1
2023-07-05,2023-07-05 14:51:00,1204.55,1204.55,1204.27,1204.27,-0.02,24.27,29951.72,-1
2023-07-05,2023-07-05 14:52:00,1204.27,1204.27,1203.98,1203.98,-0.02,24.27,29951.72,-1
2023-07-05,2023-07-05 14:53:00,1203.98,1203.98,1203.7,1203.7,-0.02,24.27,29951.72,-1
2023-07-05,2023-07-05 14:54:00,1203.7,1203.7,1203.42,1203.42,-0.02,24.27,29951.72,-1
2023-07-05,2023-07-05 14:55:00,1203.42,1203.42,1203.13,1203.13,-0.02,24.27,29951.72,-1
2023-07-05,2023-07-05 14:56:00,1203.13,1203.13,1202.85,1202.85,-0.02,24.27,29951.72,-1
2023-07-05,2023-07-05 14:57:00,1202.85,1202.85,1202.57,1202.57,-0.02,24.27,29951.72,-1
2023-07-05,2023-07-05 14:58:00,1202.57,1202.57,1202.28,1202.28,-0.02,24.27,29951.72,-1
2023-07-05,2023-07-05 14:59:00,1202.28,1202.28,1202.0,1202.0,-0.02,24.27,29951.72,-1
2023-07-05,2023-07-05 15:00:00,1202.0,1285.0,1195.0,1202.0,0.0,24.27,29951.72,0
2023-07-06,2023-07-06 11:00:00,1185.0,1191.0,1183.8,1185.06,0.01,19.61,23368.05,1
2023-07-06,2023-07-06 11:01:00,1185.06,1185.12,1185.06,1185.12,0.01,19.61,23368.05,1
2023-07-06,2023-07-06 11:02:00,1185.12,1185.19,1185.12,1185.19,0.01,19.61,23368.05,1
2023-07-06,2023-07-06 11:03:00,1185.19,1185.25,1185.19,1185.25,0.01,19.61,23368.05,1
2023-07-06,2023-07-06 11:04:00,1185.25,1185.31,1185.25,1185.31,0.01,19.61,23368.05,1
2023-07-06,2023-07-06 11:05:00,1185.31,1185.37,1185.31,1185.37,0.01,19.61,23368.05,1
2023-07-06,2023-07-06 11:06:00,1185.37,1185.43,1185.37,1185.43,0.01,19.61,23368.05,1
2023-07-06,2023-07-06 11:07:00,1185.43,1185.5,1185.43,1185.5,0.01,19.61,23368.05,1
2023-07-06,2023-07-06 11:08:00,1185.5,1185.56,1185.5,1185.56,0.01,19.61,23368.05,1
2023-07-06,2023-07-06 11:09:00,1185.56,1185.62,1185.56,1185.62,0.01,19.61,23368.05,1
2023-07-06,2023-07-06 11:10:00,1185.62,1185.68,1185.62,1185.68,0.01,19.61,23368.05,1
2023-07-06,2023-07-06 11:11:00,1185.68,1185.74,1185.68,1185.74,0.01,19.61,23368.05,1
2023-07-06,2023-07-06 11:12:00,1185.74,1185.81,1185.74,1185.81,0.01,19.61,23368.05,1
2023-07-06,2023-07-06 11:13:00,1185.81,1185.87,1185.81,1185.87,0.01,19.61,23368.05,1
2023-07-06,2023-07-06 11:14:00,1185.87,1185.93,1185.87,1185.93,0.01,19.61,23368.05,1
2023-07-06,2023-07-06 11:15:00,1185.93,1185.99,1185.93,1185.99,0.01,19.61,23368.05,1
2023-07-06,2023-07-06 11:16:00,1185.99,1186.06,1185.99,1186.06,0.01,19.61,23368.05,1
2023-07-06,2023-07-06 11:17:00,1186.06,1186.12,1186.06,1186.12,0.01,19.61,23368.05,1
2023-07-06,2023-07-06 11:18:00,1186.12,1186.18,1186.12,1186.18,0.01,19.61,23368.05,1
2023-07-06,2023-07-06 11:19:00,1186.18,1186.24,1186.18,1186.24,0.01,19.61,23368.05,1
2023-07-06,2023-07-06 11:20:00,1186.24,1186.3,1186.24,1186.3,0.01,19.61,23368.05,1
2023-07-06,2023-07-06 11:21:00,1186.3,1186.37,1186.3,1186.37,0.01,19.61,23368.05,1
2023-07-06,2023-07-06 11:22:00,1186.37,1186.43,1186.37,1186.43,0.01,19.61,23368.05,1
2023-07-06,2023-07-06 11:23:00,1186.43,1186.49,1186.43,1186.49,0.01,19.61,23368.05,1
2023-07-06,2023-07-06 11:24:00,1186.49,1186.55,1186.49,1186.55,0.01,19.61,23368.05,1
2023-07-06,2023-07-06 11:25:00,1186.55,1186.61,1186.55,1186.61,0.01,19.61,23368.05,1
2023-07-06,2023-07-06 11:26:00,1186.61,1186.68,1186.61,1186.68,0.01,19.61,23368.05,1
2023-07-06,2023-07-06 11:27:00,1186.68,1186.74,1186.68,1186.74,0.01,19.61,23368.05,1
2023-07-06,2023-07-06 11:28:00,1186.74,1186.8,1186.74,1186.8,0.01,19.61,23368.05,1
2023-07-06,2023-07-06 11:29:00,1186.8,1186.86,1186.8,1186.86,0.01,19.61,23368.05,1
2023-07-06,2023-07-06 11:30:00,1186.86,1186.92,1186.86,1186.92,0.01,19.61,23368.05,1
2023-07-06,2023-07-06 11:31:00,1186.92,1186.99,1186.92,1186.99,0.01,19.61,23368.05,1
2023-07-06,2023-07-06 11:32:00,1186.99,1187.05,1186.99,1187.05,0.01,19.61,23368.05,1
2023-07-06,2023-07-06 11:33:00,1187.05,1187.11,1187.05,1187.11,0.01,19.61,23368.05,1
2023-07-06,2023-07-06 11:34:00,1187.11,1187.17,1187.11,1187.17,0.01,19.61,23368.05,1
2023-07-06,2023-07-06 11:35:00,1187.17,1187.24,1187.17,1187.24,0.01,19.61,23368.05,1
2023-07-06,2023-07-06 11:36:00,1187.24,1187.3,1187.24,1187.3,0.01,19.61,23368.05,1
2023-07-06,2023-07-06 11:37:00,1187.3,1187.36,1187.3,1187.36,0.01,19.61,23368.05,1
2023-07-06,2023-07-06 11:38:00,1187.36,1187.42,1187.36,1187.42,0.01,19.61,23368.05,1
2023-07-06,2023-07-06 11:39:00,1187.42,1187.48,1187.42,1187.48,0.01,19.61,23368.05,1
2023-07-06,2023-07-06 11:40:00,1187.48,1187.55,1187.48,1187.55,0.01,19.61,23368.05,1
2023-07-06,2023-07-06 11:41:00,1187.55,1187.61,1187.55,1187.61,0.01,19.61,23368.05,1
2023-07-06,2023-07-06 11:42:00,1187.61,1187.67,1187.61,1187.67,0.01,19.61,23368.05,1
2023-07-06,2023-07-06 11:43:00,1187.67,1187.73,1187.67,1187.73,0.01,19.61,23368.05,1
2023-07-06,2023-07-06 11:44:00,1187.73,1187.79,1187.73,1187.79,0.01,19.61,23368.05,1
2023-07-06,2023-07-06 11:45:00,1187.79,1187.86,1187.79,1187.86,0.01,19.61,23368.05,1
2023-07-06,2023-07-06 11:46:00,1187.86,1187.92,1187.86,1187.92,0.01,19.61,23368.05,1
2023-07-06,2023-07-06 11:47:00,1187.92,1187.98,1187.92,1187.98,0.01,19.61,23368.05,1
2023-07-06,2023-07-06 11:48:00,1187.98,1188.04,1187.98,1188.04,0.01,19.61,23368.05,1
2023-07-06,2023-07-06 11:49:00,1188.04,1188.1,1188.04,1188.1,0.01,19.61,23368.05,1
2023-07-06,2023-07-06 11:50:00,1188.1,1188.17,1188.1,1188.17,0.01,19.61,23368.05,1
2023-07-06,2023-07-06 11:51:00,1188.17,1188.23,1188.17,1188.23,0.01,19.61,23368.05,1
2023-07-06,2023-07-06 11:52:00,1188.23,1188.29,1188.23,1188.29,0.01,19.61,23368.05,1
2023-07-06,2023-07-06 11:53:00,1188.29,1188.35,1188.29,1188.35,0.01,19.61,23368.05,1
2023-07-06,2023-07-06 11:54:00,1188.35,1188.41,1188.35,1188.41,0.01,19.61,23368.05,1
2023-07-06,2023-07-06 11:55:00,1188.41,1188.48,1188.41,1188.48,0.01,19.61,23368.05,1
2023-07-06,2023-07-06 11:56:00,1188.48,1188.54,1188.48,1188.54,0.01,19.61,23368.05,1
2023-07-06,2023-07-06 11:57:00,1188.54,1188.6,1188.54,1188.6,0.01,19.61,23368.05,1
2023-07-06,2023-07-06 11:58:00,1188.6,1188.66,1188.6,1188.66,0.01,19.61,23368.05,1
2023-07-06,2023-07-06 11:59:00,1188.66,1188.72,1188.66,1188.72,0.01,19.61,23368.05,1
2023-07-06,2023-07-06 12:00:00,1188.72,1188.79,1188.72,1188.79,0.01,19.61,23368.05,1
2023-07-06,2023-07-06 12:01:00,1188.79,1188.85,1188.79,1188.85,0.01,19.61,23368.05,1
2023-07-06,2023-07-06 12:02:00,1188.85,1188.91,1188.85,1188.91,0.01,19.61,23368.05,1
2023-07-06,2023-07-06 12:03:00,1188.91,1188.97,1188.91,1188.97,0.01,19.61,23368.05,1
2023-07-06,2023-07-06 12:04:00,1188.97,1189.04,1188.97,1189.04,0.01,19.61,23368.05,1
2023-07-06,2023-07-06 12:05:00,1189.04,1189.1,1189.04,1189.1,0.01,19.61,23368.05,1
2023-07-06,2023-07-06 12:06:00,1189.1,1189.16,1189.1,1189.16,0.01,19.61,23368.05,1
2023-07-06,2023-07-06 12:07:00,1189.16,1189.22,1189.16,1189.22,0.01,19.61,23368.05,1
2023-07-06,2023-07-06 12:08:00,1189.22,1189.28,1189.22,1189.28,0.01,19.61,23368.05,1
2023-07-06,2023-07-06 12:09:00,1189.28,1189.35,1189.28,1189.35,0.01,19.61,23368.05,1
2023-07-06,2023-07-06 12:10:00,1189.35,1189.41,1189.35,1189.41,0.01,19.61,23368.05,1
2023-07-06,2023-07-06 12:11:00,1189.41,1189.47,1189.41,1189.47,0.01,19.61,23368.05,1
2023-07-06,2023-07-06 12:12:00,1189.47,1189.53,1189.47,1189.53,0.01,19.61,23368.05,1
2023-07-06,2023-07-06 12:13:00,1189.53,1189.59,1189.53,1189.59,0.01,19.61,23368.05,1
2023-07-06,2023-07-06 12:14:00,1189.59,1189.66,1189.59,1189.66,0.01,19.61,23368.05,1
2023-07-06,2023-07-06 12:15:00,1189.66,1189.72,1189.66,1189.72,0.01,19.61,23368.05,1
2023-07-06,2023-07-06 12:16:00,1189.72,1189.78,1189.72,1189.78,0.01,19.61,23368.05,1
2023-07-06,2023-07-06 12:17:00,1189.78,1189.84,1189.78,1189.84,0.01,19.61,23368.05,1
2023-07-06,2023-07-06 12:18:00,1189.84,1189.9,1189.84,1189.9,0.01,19.61,23368.05,1
2023-07-06,2023-07-06 12:19:00,1189.9,1189.97,1189.9,1189.97,0.01,19.61,23368.05,1
2023-07-06,2023-07-06 12:20:00,1189.97,1190.03,1189.97,1190.03,0.01,19.61,23368.05,1
2023-07-06,2023-07-06 12:21:00,1190.03,1190.09,1190.03,1190.09,0.01,19.61,23368.05,1
2023-07-06,2023-07-06 12:22:00,1190.09,1190.15,1190.09,1190.15,0.01,19.61,23368.05,1
2023-07-06,2023-07-06 12:23:00,1190.15,1190.22,1190.15,1190.22,0.01,19.61,23368.05,1
2023-07-06,2023-07-06 12:24:00,1190.22,1190.28,1190.22,1190.28,0.01,19.61,23368.05,1
2023-07-06,2023-07-06 12:25:00,1190.28,1190.34,1190.28,1190.34,0.01,19.61,23368.05,1
2023-07-06,2023-07-06 12:26:00,1190.34,1190.4,1190.34,1190.4,0.01,19.61,23368.05,1
2023-07-06,2023-07-06 12:27:00,1190.4,1190.46,1190.4,1190.46,0.01,19.61,23368.05,1
2023-07-06,2023-07-06 12:28:00,1190.46,1190.53,1190.46,1190.53,0.01,19.61,23368.05,1
2023-07-06,2023-07-06 12:29:00,1190.53,1190.59,1190.53,1190.59,0.01,19.61,23368.05,1
2023-07-06,2023-07-06 12:30:00,1190.59,1190.65,1190.59,1190.65,0.01,19.61,23368.05,1
2023-07-06,2023-07-06 12:31:00,1190.65,1190.71,1190.65,1190.71,0.01,19.61,23368.05,1
2023-07-06,2023-07-06 12:32:00,1190.71,1190.77,1190.71,1190.77,0.01,19.61,23368.05,1
2023-07-06,2023-07-06 12:33:00,1190.77,1190.84,1190.77,1190.84,0.01,19.61,23368.05,1
2023-07-06,2023-07-06 12:34:00,1190.84,1190.9,1190.84,1190.9,0.01,19.61,23368.05,1
2023-07-06,2023-07-06 12:35:00,1190.9,1190.96,1190.9,1190.96,0.01,19.61,23368.05,1
2023-07-06,2023-07-06 12:36:00,1190.96,1191.02,1190.96,1191.02,0.01,19.61,23368.05,1
2023-07-06,2023-07-06 12:37:00,1191.02,1191.08,1191.02,1191.08,0.01,19.61,23368.05,1
2023-07-06,2023-07-06 12:38:00,1191.08,1191.15,1191.08,1191.15,0.01,19.61,23368.05,1
2023-07-06,2023-07-06 12:39:00,1191.15,1191.21,1191.15,1191.21,0.01,19.61,23368.05,1
2023-07-06,2023-07-06 12:40:00,1191.21,1191.27,1191.21,1191.27,0.01,19.61,23368.05,1
2023-07-06,2023-07-06 12:41:00,1191.27,1191.33,1191.27,1191.33,0.01,19.61,23368.05,1
2023-07-06,2023-07-06 12:42:00,1191.33,1191.39,1191.33,1191.39,0.01,19.61,23368.05,1
2023-07-06,2023-07-06 12:43:00,1191.39,1191.46,1191.39,1191.46,0.01,19.61,23368.05,1
2023-07-06,2023-07-06 12:44:00,1191.46,1191.52,1191.46,1191.52,0.01,19.61,23368.05,1
2023-07-06,2023-07-06 12:45:00,1191.52,1191.58,1191.52,1191.58,0.01,19.61,23368.05,1
2023-07-06,2023-07-06 12:46:00,1191.58,1191.64,1191.58,1191.64,0.01,19.61,23368.05,1
2023-07-06,2023-07-06 12:47:00,1191.64,1191.7,1191.64,1191.7,0.01,19.61,23368.05,1
2023-07-06,2023-07-06 12:48:00,1191.7,1191.77,1191.7,1191.77,0.01,19.61,23368.05,1
2023-07-06,2023-07-06 12:49:00,1191.77,1191.83,1191.77,1191.83,0.01,19.61,23368.05,1
2023-07-06,2023-07-06 12:50:00,1191.83,1191.89,1191.83,1191.89,0.01,19.61,23368.05,1
2023-07-06,2023-07-06 12:51:00,1191.89,1191.95,1191.89,1191.95,0.01,19.61,23368.05,1
2023-07-06,2023-07-06 12:52:00,1191.95,1192.02,1191.95,1192.02,0.01,19.61,23368.05,1
2023-07-06,2023-07-06 12:53:00,1192.02,1192.08,1192.02,1192.08,0.01,19.61,23368.05,1
2023-07-06,2023-07-06 12:54:00,1192.08,1192.14,1192.08,1192.14,0.01,19.61,23368.05,1
2023-07-06,2023-07-06 12:55:00,1192.14,1192.2,1192.14,1192.2,0.01,19.61,23368.05,1
2023-07-06,2023-07-06 12:56:00,1192.2,1192.26,1192.2,1192.26,0.01,19.61,23368.05,1
2023-07-06,2023-07-06 12:57:00,1192.26,1192.33,1192.26,1192.33,0.01,19.61,23368.05,1
2023-07-06,2023-07-06 12:58:00,1192.33,1192.39,1192.33,1192.39,0.01,19.61,23368.05,1
2023-07-06,2023-07-06 12:59:00,1192.39,1192.45,1192.39,1192.45,0.01,19.61,23368.05,1
2023-07-06,2023-07-06 13:00:00,1192.45,1205.0,1181.0,1192.51,0.01,19.61,23368.05,1
2023-07-06,2023-07-06 13:01:00,1192.51,1192.57,1192.51,1192.57,0.01,19.61,23368.05,1
2023-07-06,2023-07-06 13:02:00,1192.57,1192.64,1192.57,1192.64,0.01,19.61,23368.05,1
2023-07-06,2023-07-06 13:03:00,1192.64,1192.7,1192.64,1192.7,0.01,19.61,23368.05,1
2023-07-06,2023-07-06 13:04:00,1192.7,1192.76,1192.7,1192.76,0.01,19.61,23368.05,1
2023-07-06,2023-07-06 13:05:00,1192.76,1192.82,1192.76,1192.82,0.01,19.61,23368.05,1
2023-07-06,2023-07-06 13:06:00,1192.82,1192.88,1192.82,1192.88,0.01,19.61,23368.05,1
2023-07-06,2023-07-06 13:07:00,1192.88,1192.95,1192.88,1192.95,0.01,19.61,23368.05,1
2023-07-06,2023-07-06 13:08:00,1192.95,1193.01,1192.95,1193.01,0.01,19.61,23368.05,1
2023-07-06,2023-07-06 13:09:00,1193.01,1193.07,1193.01,1193.07,0.01,19.61,23368.05,1
2023-07-06,2023-07-06 13:10:00,1193.07,1193.13,1193.07,1193.13,0.01,19.61,23368.05,1
2023-07-06,2023-07-06 13:11:00,1193.13,1193.2,1193.13,1193.2,0.01,19.61,23368.05,1
2023-07-06,2023-07-06 13:12:00,1193.2,1193.26,1193.2,1193.26,0.01,19.61,23368.05,1
2023-07-06,2023-07-06 13:13:00,1193.26,1193.32,1193.26,1193.32,0.01,19.61,23368.05,1
2023-07-06,2023-07-06 13:14:00,1193.32,1193.38,1193.32,1193.38,0.01,19.61,23368.05,1
2023-07-06,2023-07-06 13:15:00,1193.38,1193.44,1193.38,1193.44,0.01,19.61,23368.05,1
2023-07-06,2023-07-06 13:16:00,1193.44,1193.51,1193.44,1193.51,0.01,19.61,23368.05,1
2023-07-06,2023-07-06 13:17:00,1193.51,1193.57,1193.51,1193.57,0.01,19.61,23368.05,1
2023-07-06,2023-07-06 13:18:00,1193.57,1193.63,1193.57,1193.63,0.01,19.61,23368.05,1
2023-07-06,2023-07-06 13:19:00,1193.63,1193.69,1193.63,1193.69,0.01,19.61,23368.05,1
2023-07-06,2023-07-06 13:20:00,1193.69,1193.75,1193.69,1193.75,0.01,19.61,23368.05,1
2023-07-06,2023-07-06 13:21:00,1193.75,1193.82,1193.75,1193.82,0.01,19.61,23368.05,1
2023-07-06,2023-07-06 13:22:00,1193.82,1193.88,1193.82,1193.88,0.01,19.61,23368.05,1
2023-07-06,2023-07-06 13:23:00,1193.88,1193.94,1193.88,1193.94,0.01,19.61,23368.05,1
2023-07-06,2023-07-06 13:24:00,1193.94,1194.0,1193.94,1194.0,0.01,19.61,23368.05,1
2023-07-06,2023-07-06 13:25:00,1194.0,1194.06,1194.0,1194.06,0.01,19.61,23368.05,1
2023-07-06,2023-07-06 13:26:00,1194.06,1194.13,1194.06,1194.13,0.01,19.61,23368.05,1
2023-07-06,2023-07-06 13:27:00,1194.13,1194.19,1194.13,1194.19,0.01,19.61,23368.05,1
2023-07-06,2023-07-06 13:28:00,1194.19,1194.25,1194.19,1194.25,0.01,19.61,23368.05,1
2023-07-06,2023-07-06 13:29:00,1194.25,1194.31,1194.25,1194.31,0.01,19.61,23368.05,1
2023-07-06,2023-07-06 13:30:00,1194.31,1194.37,1194.31,1194.37,0.01,19.61,23368.05,1
2023-07-06,2023-07-06 13:31:00,1194.37,1194.44,1194.37,1194.44,0.01,19.61,23368.05,1
2023-07-06,2023-07-06 13:32:00,1194.44,1194.5,1194.44,1194.5,0.01,19.61,23368.05,1
2023-07-06,2023-07-06 13:33:00,1194.5,1194.56,1194.5,1194.56,0.01,19.61,23368.05,1
2023-07-06,2023-07-06 13:34:00,1194.56,1194.62,1194.56,1194.62,0.01,19.61,23368.05,1
2023-07-06,2023-07-06 13:35:00,1194.62,1194.68,1194.62,1194.68,0.01,19.61,23368.05,1
2023-07-06,2023-07-06 13:36:00,1194.68,1194.75,1194.68,1194.75,0.01,19.61,23368.05,1
2023-07-06,2023-07-06 13:37:00,1194.75,1194.81,1194.75,1194.81,0.01,19.61,23368.05,1
2023-07-06,2023-07-06 13:38:00,1194.81,1194.87,1194.81,1194.87,0.01,19.61,23368.05,1
2023-07-06,2023-07-06 13:39:00,1194.87,1194.93,1194.87,1194.93,0.01,19.61,23368.05,1
2023-07-06,2023-07-06 13:40:00,1194.93,1195.0,1194.93,1195.0,0.01,19.61,23368.05,1
2023-07-06,2023-07-06 13:41:00,1195.0,1195.06,1195.0,1195.06,0.01,19.61,23368.05,1
2023-07-06,2023-07-06 13:42:00,1195.06,1195.12,1195.06,1195.12,0.01,19.61,23368.05,1
2023-07-06,2023-07-06 13:43:00,1195.12,1195.18,1195.12,1195.18,0.01,19.61,23368.05,1
2023-07-06,2023-07-06 13:44:00,1195.18,1195.24,1195.18,1195.24,0.01,19.61,23368.05,1
2023-07-06,2023-07-06 13:45:00,1195.24,1195.31,1195.24,1195.31,0.01,19.61,23368.05,1
2023-07-06,2023-07-06 13:46:00,1195.31,1195.37,1195.31,1195.37,0.01,19.61,23368.05,1
2023-07-06,2023-07-06 13:47:00,1195.37,1195.43,1195.37,1195.43,0.01,19.61,23368.05,1
2023-07-06,2023-07-06 13:48:00,1195.43,1195.49,1195.43,1195.49,0.01,19.61,23368.05,1
2023-07-06,2023-07-06 13:49:00,1195.49,1195.55,1195.49,1195.55,0.01,19.61,23368.05,1
2023-07-06,2023-07-06 13:50:00,1195.55,1195.62,1195.55,1195.62,0.01,19.61,23368.05,1
2023-07-06,2023-07-06 13:51:00,1195.62,1195.68,1195.62,1195.68,0.01,19.61,23368.05,1
2023-07-06,2023-07-06 13:52:00,1195.68,1195.74,1195.68,1195.74,0.01,19.61,23368.05,1
2023-07-06,2023-07-06 13:53:00,1195.74,1195.8,1195.74,1195.8,0.01,19.61,23368.05,1
2023-07-06,2023-07-06 13:54:00,1195.8,1195.86,1195.8,1195.86,0.01,19.61,23368.05,1
2023-07-06,2023-07-06 13:55:00,1195.86,1195.93,1195.86,1195.93,0.01,19.61,23368.05,1
2023-07-06,2023-07-06 13:56:00,1195.93,1195.99,1195.93,1195.99,0.01,19.61,23368.05,1
2023-07-06,2023-07-06 13:57:00,1195.99,1196.05,1195.99,1196.05,0.01,19.61,23368.05,1
2023-07-06,2023-07-06 13:58:00,1196.05,1196.11,1196.05,1196.11,0.01,19.61,23368.05,1
2023-07-06,2023-07-06 13:59:00,1196.11,1196.18,1196.11,1196.18,0.01,19.61,23368.05,1
2023-07-06,2023-07-06 14:00:00,1196.18,1196.24,1196.18,1196.24,0.01,19.61,23368.05,1
2023-07-06,2023-07-06 14:01:00,1196.24,1196.3,1196.24,1196.3,0.01,19.61,23368.05,1
2023-07-06,2023-07-06 14:02:00,1196.3,1196.36,1196.3,1196.36,0.01,19.61,23368.05,1
2023-07-06,2023-07-06 14:03:00,1196.36,1196.42,1196.36,1196.42,0.01,19.61,23368.05,1
2023-07-06,2023-07-06 14:04:00,1196.42,1196.49,1196.42,1196.49,0.01,19.61,23368.05,1
2023-07-06,2023-07-06 14:05:00,1196.49,1196.55,1196.49,1196.55,0.01,19.61,23368.05,1
2023-07-06,2023-07-06 14:06:00,1196.55,1196.61,1196.55,1196.61,0.01,19.61,23368.05,1
2023-07-06,2023-07-06 14:07:00,1196.61,1196.67,1196.61,1196.67,0.01,19.61,23368.05,1
2023-07-06,2023-07-06 14:08:00,1196.67,1196.73,1196.67,1196.73,0.01,19.61,23368.05,1
2023-07-06,2023-07-06 14:09:00,1196.73,1196.8,1196.73,1196.8,0.01,19.61,23368.05,1
2023-07-06,2023-07-06 14:10:00,1196.8,1196.86,1196.8,1196.86,0.01,19.61,23368.05,1
2023-07-06,2023-07-06 14:11:00,1196.86,1196.92,1196.86,1196.92,0.01,19.61,23368.05,1
2023-07-06,2023-07-06 14:12:00,1196.92,1196.98,1196.92,1196.98,0.01,19.61,23368.05,1
2023-07-06,2023-07-06 14:13:00,1196.98,1197.04,1196.98,1197.04,0.01,19.61,23368.05,1
2023-07-06,2023-07-06 14:14:00,1197.04,1197.11,1197.04,1197.11,0.01,19.61,23368.05,1
2023-07-06,2023-07-06 14:15:00,1197.11,1197.17,1197.11,1197.17,0.01,19.61,23368.05,1
2023-07-06,2023-07-06 14:16:00,1197.17,1197.23,1197.17,1197.23,0.01,19.61,23368.05,1
2023-07-06,2023-07-06 14:17:00,1197.23,1197.29,1197.23,1197.29,0.01,19.61,23368.05,1
2023-07-06,2023-07-06 14:18:00,1197.29,1197.35,1197.29,1197.35,0.01,19.61,23368.05,1
2023-07-06,2023-07-06 14:19:00,1197.35,1197.42,1197.35,1197.42,0.01,19.61,23368.05,1
2023-07-06,2023-07-06 14:20:00,1197.42,1197.48,1197.42,1197.48,0.01,19.61,23368.05,1
2023-07-06,2023-07-06 14:21:00,1197.48,1197.54,1197.48,1197.54,0.01,19.61,23368.05,1
2023-07-06,2023-07-06 14:22:00,1197.54,1197.6,1197.54,1197.6,0.01,19.61,23368.05,1
2023-07-06,2023-07-06 14:23:00,1197.6,1197.66,1197.6,1197.66,0.01,19.61,23368.05,1
2023-07-06,2023-07-06 14:24:00,1197.66,1197.73,1197.66,1197.73,0.01,19.61,23368.05,1
2023-07-06,2023-07-06 14:25:00,1197.73,1197.79,1197.73,1197.79,0.01,19.61,23368.05,1
2023-07-06,2023-07-06 14:26:00,1197.79,1197.85,1197.79,1197.85,0.01,19.61,23368.05,1
2023-07-06,2023-07-06 14:27:00,1197.85,1197.91,1197.85,1197.91,0.01,19.61,23368.05,1
2023-07-06,2023-07-06 14:28:00,1197.91,1197.98,1197.91,1197.98,0.01,19.61,23368.05,1
2023-07-06,2023-07-06 14:29:00,1197.98,1198.04,1197.98,1198.04,0.01,19.61,23368.05,1
2023-07-06,2023-07-06 14:30:00,1198.04,1198.1,1198.04,1198.1,0.01,19.61,23368.05,1
2023-07-06,2023-07-06 14:31:00,1198.1,1198.16,1198.1,1198.16,0.01,19.61,23368.05,1
2023-07-06,2023-07-06 14:32:00,1198.16,1198.22,1198.16,1198.22,0.01,19.61,23368.05,1
2023-07-06,2023-07-06 14:33:00,1198.22,1198.29,1198.22,1198.29,0.01,19.61,23368.05,1
2023-07-06,2023-07-06 14:34:00,1198.29,1198.35,1198.29,1198.35,0.01,19.61,23368.05,1
2023-07-06,2023-07-06 14:35:00,1198.35,1198.41,1198.35,1198.41,0.01,19.61,23368.05,1
2023-07-06,2023-07-06 14:36:00,1198.41,1198.47,1198.41,1198.47,0.01,19.61,23368.05,1
2023-07-06,2023-07-06 14:37:00,1198.47,1198.53,1198.47,1198.53,0.01,19.61,23368.05,1
2023-07-06,2023-07-06 14:38:00,1198.53,1198.6,1198.53,1198.6,0.01,19.61,23368.05,1
2023-07-06,2023-07-06 14:39:00,1198.6,1198.66,1198.6,1198.66,0.01,19.61,23368.05,1
2023-07-06,2023-07-06 14:40:00,1198.66,1198.72,1198.66,1198.72,0.01,19.61,23368.05,1
2023-07-06,2023-07-06 14:41:00,1198.72,1198.78,1198.72,1198.78,0.01,19.61,23368.05,1
2023-07-06,2023-07-06 14:42:00,1198.78,1198.84,1198.78,1198.84,0.01,19.61,23368.05,1
2023-07-06,2023-07-06 14:43:00,1198.84,1198.91,1198.84,1198.91,0.01,19.61,23368.05,1
2023-07-06,2023-07-06 14:44:00,1198.91,1198.97,1198.91,1198.97,0.01,19.61,23368.05,1
2023-07-06,2023-07-06 14:45:00,1198.97,1199.03,1198.97,1199.03,0.01,19.61,23368.05,1
2023-07-06,2023-07-06 14:46:00,1199.03,1199.09,1199.03,1199.09,0.01,19.61,23368.05,1
2023-07-06,2023-07-06 14:47:00,1199.09,1199.16,1199.09,1199.16,0.01,19.61,23368.05,1
2023-07-06,2023-07-06 14:48:00,1199.16,1199.22,1199.16,1199.22,0.01,19.61,23368.05,1
2023-07-06,2023-07-06 14:49:00,1199.22,1199.28,1199.22,1199.28,0.01,19.61,23368.05,1
2023-07-06,2023-07-06 14:50:00,1199.28,1199.34,1199.28,1199.34,0.01,19.61,23368.05,1
2023-07-06,2023-07-06 14:51:00,1199.34,1199.4,1199.34,1199.4,0.01,19.61,23368.05,1
2023-07-06,2023-07-06 14:52:00,1199.4,1199.47,1199.4,1199.47,0.01,19.61,23368.05,1
2023-07-06,2023-07-06 14:53:00,1199.47,1199.53,1199.47,1199.53,0.01,19.61,23368.05,1
2023-07-06,2023-07-06 14:54:00,1199.53,1199.59,1199.53,1199.59,0.01,19.61,23368.05,1
2023-07-06,2023-07-06 14:55:00,1199.59,1199.65,1199.59,1199.65,0.01,19.61,23368.05,1
2023-07-06,2023-07-06 14:56:00,1199.65,1199.71,1199.65,1199.71,0.01,19.61,23368.05,1
2023-07-06,2023-07-06 14:57:00,1199.71,1199.78,1199.71,1199.78,0.01,19.61,23368.05,1
2023-07-06,2023-07-06 14:58:00,1199.78,1199.84,1199.78,1199.84,0.01,19.61,23368.05,1
2023-07-06,2023-07-06 14:59:00,1199.84,1199.9,1199.84,1199.9,0.01,19.61,23368.05,1
2023-07-06,2023-07-06 15:00:00,1199.9,1205.0,1181.0,1199.9,0.0,19.61,23368.05,0
2023-07-09,2023-07-09 11:00:00,1200.0,1201.8,1192.5,1199.96,-0.0,15.91,18903.9,-1
2023-07-09,2023-07-09 11:01:00,1199.96,1199.96,1199.92,1199.92,-0.0,15.91,18903.9,-1
2023-07-09,2023-07-09 11:02:00,1199.92,1199.92,1199.88,1199.88,-0.0,15.91,18903.9,-1
2023-07-09,2023-07-09 11:03:00,1199.88,1199.88,1199.83,1199.83,-0.0,15.91,18903.9,-1
2023-07-09,2023-07-09 11:04:00,1199.83,1199.83,1199.79,1199.79,-0.0,15.91,18903.9,-1
2023-07-09,2023-07-09 11:05:00,1199.79,1199.79,1199.75,1199.75,-0.0,15.91,18903.9,-1
2023-07-09,2023-07-09 11:06:00,1199.75,1199.75,1199.71,1199.71,-0.0,15.91,18903.9,-1
2023-07-09,2023-07-09 11:07:00,1199.71,1199.71,1199.67,1199.67,-0.0,15.91,18903.9,-1
2023-07-09,2023-07-09 11:08:00,1199.67,1199.67,1199.62,1199.62,-0.0,15.91,18903.9,-1
2023-07-09,2023-07-09 11:09:00,1199.62,1199.62,1199.58,1199.58,-0.0,15.91,18903.9,-1
2023-07-09,2023-07-09 11:10:00,1199.58,1199.58,1199.54,1199.54,-0.0,15.91,18903.9,-1
2023-07-09,2023-07-09 11:11:00,1199.54,1199.54,1199.5,1199.5,-0.0,15.91,18903.9,-1
2023-07-09,2023-07-09 11:12:00,1199.5,1199.5,1199.46,1199.46,-0.0,15.91,18903.9,-1
2023-07-09,2023-07-09 11:13:00,1199.46,1199.46,1199.42,1199.42,-0.0,15.91,18903.9,-1
2023-07-09,2023-07-09 11:14:00,1199.42,1199.42,1199.38,1199.38,-0.0,15.91,18903.9,-1
2023-07-09,2023-07-09 11:15:00,1199.38,1199.38,1199.33,1199.33,-0.0,15.91,18903.9,-1
2023-07-09,2023-07-09 11:16:00,1199.33,1199.33,1199.29,1199.29,-0.0,15.91,18903.9,-1
2023-07-09,2023-07-09 11:17:00,1199.29,1199.29,1199.25,1199.25,-0.0,15.91,18903.9,-1
2023-07-09,2023-07-09 11:18:00,1199.25,1199.25,1199.21,1199.21,-0.0,15.91,18903.9,-1
2023-07-09,2023-07-09 11:19:00,1199.21,1199.21,1199.17,1199.17,-0.0,15.91,18903.9,-1
2023-07-09,2023-07-09 11:20:00,1199.17,1199.17,1199.12,1199.12,-0.0,15.91,18903.9,-1
2023-07-09,2023-07-09 11:21:00,1199.12,1199.12,1199.08,1199.08,-0.0,15.91,18903.9,-1
2023-07-09,2023-07-09 11:22:00,1199.08,1199.08,1199.04,1199.04,-0.0,15.91,18903.9,-1
2023-07-09,2023-07-09 11:23:00,1199.04,1199.04,1199.0,1199.0,-0.0,15.91,18903.9,-1
2023-07-09,2023-07-09 11:24:00,1199.0,1199.0,1198.96,1198.96,-0.0,15.91,18903.9,-1
2023-07-09,2023-07-09 11:25:00,1198.96,1198.96,1198.92,1198.92,-0.0,15.91,18903.9,-1
2023-07-09,2023-07-09 11:26:00,1198.92,1198.92,1198.88,1198.88,-0.0,15.91,18903.9,-1
2023-07-09,2023-07-09 11:27:00,1198.88,1198.88,1198.83,1198.83,-0.0,15.91,18903.9,-1
2023-07-09,2023-07-09 11:28:00,1198.83,1198.83,1198.79,1198.79,-0.0,15.91,18903.9,-1
2023-07-09,2023-07-09 11:29:00,1198.79,1198.79,1198.75,1198.75,-0.0,15.91,18903.9,-1
2023-07-09,2023-07-09 11:30:00,1198.75,1198.75,1198.71,1198.71,-0.0,15.91,18903.9,-1
2023-07-09,2023-07-09 11:31:00,1198.71,1198.71,1198.67,1198.67,-0.0,15.91,18903.9,-1
2023-07-09,2023-07-09 11:32:00,1198.67,1198.67,1198.62,1198.62,-0.0,15.91,18903.9,-1
2023-07-09,2023-07-09 11:33:00,1198.62,1198.62,1198.58,1198.58,-0.0,15.91,18903.9,-1
2023-07-09,2023-07-09 11:34:00,1198.58,1198.58,1198.54,1198.54,-0.0,15.91,18903.9,-1
2023-07-09,2023-07-09 11:35:00,1198.54,1198.54,1198.5,1198.5,-0.0,15.91,18903.9,-1
2023-07-09,2023-07-09 11:36:00,1198.5,1198.5,1198.46,1198.46,-0.0,15.91,18903.9,-1
2023-07-09,2023-07-09 11:37:00,1198.46,1198.46,1198.42,1198.42,-0.0,15.91,18903.9,-1
2023-07-09,2023-07-09 11:38:00,1198.42,1198.42,1198.38,1198.38,-0.0,15.91,18903.9,-1
2023-07-09,2023-07-09 11:39:00,1198.38,1198.38,1198.33,1198.33,-0.0,15.91,18903.9,-1
2023-07-09,2023-07-09 11:40:00,1198.33,1198.33,1198.29,1198.29,-0.0,15.91,18903.9,-1
2023-07-09,2023-07-09 11:41:00,1198.29,1198.29,1198.25,1198.25,-0.0,15.91,18903.9,-1
2023-07-09,2023-07-09 11:42:00,1198.25,1198.25,1198.21,1198.21,-0.0,15.91,18903.9,-1
2023-07-09,2023-07-09 11:43:00,1198.21,1198.21,1198.17,1198.17,-0.0,15.91,18903.9,-1
2023-07-09,2023-07-09 11:44:00,1198.17,1198.17,1198.12,1198.12,-0.0,15.91,18903.9,-1
2023-07-09,2023-07-09 11:45:00,1198.12,1198.12,1198.08,1198.08,-0.0,15.91,18903.9,-1
2023-07-09,2023-07-09 11:46:00,1198.08,1198.08,1198.04,1198.04,-0.0,15.91,18903.9,-1
2023-07-09,2023-07-09 11:47:00,1198.04,1198.04,1198.0,1198.0,-0.0,15.91,18903.9,-1
2023-07-09,2023-07-09 11:48:00,1198.0,1198.0,1197.96,1197.96,-0.0,15.91,18903.9,-1
2023-07-09,2023-07-09 11:49:00,1197.96,1197.96,1197.92,1197.92,-0.0,15.91,18903.9,-1
2023-07-09,2023-07-09 11:50:00,1197.92,1197.92,1197.88,1197.88,-0.0,15.91,18903.9,-1
2023-07-09,2023-07-09 11:51:00,1197.88,1197.88,1197.83,1197.83,-0.0,15.91,18903.9,-1
2023-07-09,2023-07-09 11:52:00,1197.83,1197.83,1197.79,1197.79,-0.0,15.91,18903.9,-1
2023-07-09,2023-07-09 11:53:00,1197.79,1197.79,1197.75,1197.75,-0.0,15.91,18903.9,-1
2023-07-09,2023-07-09 11:54:00,1197.75,1197.75,1197.71,1197.71,-0.0,15.91,18903.9,-1
2023-07-09,2023-07-09 11:55:00,1197.71,1197.71,1197.67,1197.67,-0.0,15.91,18903.9,-1
2023-07-09,2023-07-09 11:56:00,1197.67,1197.67,1197.62,1197.62,-0.0,15.91,18903.9,-1
2023-07-09,2023-07-09 11:57:00,1197.62,1197.62,1197.58,1197.58,-0.0,15.91,18903.9,-1
2023-07-09,2023-07-09 11:58:00,1197.58,1197.58,1197.54,1197.54,-0.0,15.91,18903.9,-1
2023-07-09,2023-07-09 11:59:00,1197.54,1197.54,1197.5,1197.5,-0.0,15.91,18903.9,-1
2023-07-09,2023-07-09 12:00:00,1197.5,1197.5,1197.46,1197.46,-0.0,15.91,18903.9,-1
2023-07-09,2023-07-09 12:01:00,1197.46,1197.46,1197.42,1197.42,-0.0,15.91,18903.9,-1
2023-07-09,2023-07-09 12:02:00,1197.42,1197.42,1197.38,1197.38,-0.0,15.91,18903.9,-1
2023-07-09,2023-07-09 12:03:00,1197.38,1197.38,1197.33,1197.33,-0.0,15.91,18903.9,-1
2023-07-09,2023-07-09 12:04:00,1197.33,1197.33,1197.29,1197.29,-0.0,15.91,18903.9,-1
2023-07-09,2023-07-09 12:05:00,1197.29,1197.29,1197.25,1197.25,-0.0,15.91,18903.9,-1
2023-07-09,2023-07-09 12:06:00,1197.25,1197.25,1197.21,1197.21,-0.0,15.91,18903.9,-1
2023-07-09,2023-07-09 12:07:00,1197.21,1197.21,1197.17,1197.17,-0.0,15.91,18903.9,-1
2023-07-09,2023-07-09 12:08:00,1197.17,1197.17,1197.12,1197.12,-0.0,15.91,18903.9,-1
2023-07-09,2023-07-09 12:09:00,1197.12,1197.12,1197.08,1197.08,-0.0,15.91,18903.9,-1
2023-07-09,2023-07-09 12:10:00,1197.08,1197.08,1197.04,1197.04,-0.0,15.91,18903.9,-1
2023-07-09,2023-07-09 12:11:00,1197.04,1197.04,1197.0,1197.0,-0.0,15.91,18903.9,-1
2023-07-09,2023-07-09 12:12:00,1197.0,1197.0,1196.96,1196.96,-0.0,15.91,18903.9,-1
2023-07-09,2023-07-09 12:13:00,1196.96,1196.96,1196.92,1196.92,-0.0,15.91,18903.9,-1
2023-07-09,2023-07-09 12:14:00,1196.92,1196.92,1196.88,1196.88,-0.0,15.91,18903.9,-1
2023-07-09,2023-07-09 12:15:00,1196.88,1196.88,1196.83,1196.83,-0.0,15.91,18903.9,-1
2023-07-09,2023-07-09 12:16:00,1196.83,1196.83,1196.79,1196.79,-0.0,15.91,18903.9,-1
2023-07-09,2023-07-09 12:17:00,1196.79,1196.79,1196.75,1196.75,-0.0,15.91,18903.9,-1
2023-07-09,2023-07-09 12:18:00,1196.75,1196.75,1196.71,1196.71,-0.0,15.91,18903.9,-1
2023-07-09,2023-07-09 12:19:00,1196.71,1196.71,1196.67,1196.67,-0.0,15.91,18903.9,-1
2023-07-09,2023-07-09 12:20:00,1196.67,1196.67,1196.62,1196.62,-0.0,15.91,18903.9,-1
2023-07-09,2023-07-09 12:21:00,1196.62,1196.62,1196.58,1196.58,-0.0,15.91,18903.9,-1
2023-07-09,2023-07-09 12:22:00,1196.58,1196.58,1196.54,1196.54,-0.0,15.91,18903.9,-1
2023-07-09,2023-07-09 12:23:00,1196.54,1196.54,1196.5,1196.5,-0.0,15.91,18903.9,-1
2023-07-09,2023-07-09 12:24:00,1196.5,1196.5,1196.46,1196.46,-0.0,15.91,18903.9,-1
2023-07-09,2023-07-09 12:25:00,1196.46,1196.46,1196.42,1196.42,-0.0,15.91,18903.9,-1
2023-07-09,2023-07-09 12:26:00,1196.42,1196.42,1196.38,1196.38,-0.0,15.91,18903.9,-1
2023-07-09,2023-07-09 12:27:00,1196.38,1196.38,1196.33,1196.33,-0.0,15.91,18903.9,-1
2023-07-09,2023-07-09 12:28:00,1196.33,1196.33,1196.29,1196.29,-0.0,15.91,18903.9,-1
2023-07-09,2023-07-09 12:29:00,1196.29,1196.29,1196.25,1196.25,-0.0,15.91,18903.9,-1
2023-07-09,2023-07-09 12:30:00,1196.25,1196.25,1196.21,1196.21,-0.0,15.91,18903.9,-1
2023-07-09,2023-07-09 12:31:00,1196.21,1196.21,1196.17,1196.17,-0.0,15.91,18903.9,-1
2023-07-09,2023-07-09 12:32:00,1196.17,1196.17,1196.12,1196.12,-0.0,15.91,18903.9,-1
2023-07-09,2023-07-09 12:33:00,1196.12,1196.12,1196.08,1196.08,-0.0,15.91,18903.9,-1
2023-07-09,2023-07-09 12:34:00,1196.08,1196.08,1196.04,1196.04,-0.0,15.91,18903.9,-1
2023-07-09,2023-07-09 12:35:00,1196.04,1196.04,1196.0,1196.0,-0.0,15.91,18903.9,-1
2023-07-09,2023-07-09 12:36:00,1196.0,1196.0,1195.96,1195.96,-0.0,15.91,18903.9,-1
2023-07-09,2023-07-09 12:37:00,1195.96,1195.96,1195.92,1195.92,-0.0,15.91,18903.9,-1
2023-07-09,2023-07-09 12:38:00,1195.92,1195.92,1195.88,1195.88,-0.0,15.91,18903.9,-1
2023-07-09,2023-07-09 12:39:00,1195.88,1195.88,1195.83,1195.83,-0.0,15.91,18903.9,-1
2023-07-09,2023-07-09 12:40:00,1195.83,1195.83,1195.79,1195.79,-0.0,15.91,18903.9,-1
2023-07-09,2023-07-09 12:41:00,1195.79,1195.79,1195.75,1195.75,-0.0,15.91,18903.9,-1
2023-07-09,2023-07-09 12:42:00,1195.75,1195.75,1195.71,1195.71,-0.0,15.91,18903.9,-1
2023-07-09,2023-07-09 12:43:00,1195.71,1195.71,1195.67,1195.67,-0.0,15.91,18903.9,-1
2023-07-09,2023-07-09 12:44:00,1195.67,1195.67,1195.62,1195.62,-0.0,15.91,18903.9,-1
2023-07-09,2023-07-09 12:45:00,1195.62,1195.62,1195.58,1195.58,-0.0,15.91,18903.9,-1
2023-07-09,2023-07-09 12:46:00,1195.58,1195.58,1195.54,1195.54,-0.0,15.91,18903.9,-1
2023-07-09,2023-07-09 12:47:00,1195.54,1195.54,1195.5,1195.5,-0.0,15.91,18903.9,-1
2023-07-09,2023-07-09 12:48:00,1195.5,1195.5,1195.46,1195.46,-0.0,15.91,18903.9,-1
2023-07-09,2023-07-09 12:49:00,1195.46,1195.46,1195.42,1195.42,-0.0,15.91,18903.9,-1
2023-07-09,2023-07-09 12:50:00,1195.42,1195.42,1195.38,1195.38,-0.0,15.91,18903.9,-1
2023-07-09,2023-07-09 12:51:00,1195.38,1195.38,1195.33,1195.33,-0.0,15.91,18903.9,-1
2023-07-09,2023-07-09 12:52:00,1195.33,1195.33,1195.29,1195.29,-0.0,15.91,18903.9,-1
2023-07-09,2023-07-09 12:53:00,1195.29,1195.29,1195.25,1195.25,-0.0,15.91,18903.9,-1
2023-07-09,2023-07-09 12:54:00,1195.25,1195.25,1195.21,1195.21,-0.0,15.91,18903.9,-1
2023-07-09,2023-07-09 12:55:00,1195.21,1195.21,1195.17,1195.17,-0.0,15.91,18903.9,-1
2023-07-09,2023-07-09 12:56:00,1195.17,1195.17,1195.12,1195.12,-0.0,15.91,18903.9,-1
2023-07-09,2023-07-09 12:57:00,1195.12,1195.12,1195.08,1195.08,-0.0,15.91,18903.9,-1
2023-07-09,2023-07-09 12:58:00,1195.08,1195.08,1195.04,1195.04,-0.0,15.91,18903.9,-1
2023-07-09,2023-07-09 12:59:00,1195.04,1195.04,1195.0,1195.0,-0.0,15.91,18903.9,-1
2023-07-09,2023-07-09 13:00:00,1195.0,1206.0,1175.0,1194.96,-0.0,15.91,18903.9,-1
2023-07-09,2023-07-09 13:01:00,1194.96,1194.96,1194.92,1194.92,-0.0,15.91,18903.9,-1
2023-07-09,2023-07-09 13:02:00,1194.92,1194.92,1194.88,1194.88,-0.0,15.91,18903.9,-1
2023-07-09,2023-07-09 13:03:00,1194.88,1194.88,1194.83,1194.83,-0.0,15.91,18903.9,-1
2023-07-09,2023-07-09 13:04:00,1194.83,1194.83,1194.79,1194.79,-0.0,15.91,18903.9,-1
2023-07-09,2023-07-09 13:05:00,1194.79,1194.79,1194.75,1194.75,-0.0,15.91,18903.9,-1
2023-07-09,2023-07-09 13:06:00,1194.75,1194.75,1194.71,1194.71,-0.0,15.91,18903.9,-1
2023-07-09,2023-07-09 13:07:00,1194.71,1194.71,1194.67,1194.67,-0.0,15.91,18903.9,-1
2023-07-09,2023-07-09 13:08:00,1194.67,1194.67,1194.62,1194.62,-0.0,15.91,18903.9,-1
2023-07-09,2023-07-09 13:09:00,1194.62,1194.62,1194.58,1194.58,-0.0,15.91,18903.9,-1
2023-07-09,2023-07-09 13:10:00,1194.58,1194.58,1194.54,1194.54,-0.0,15.91,18903.9,-1
2023-07-09,2023-07-09 13:11:00,1194.54,1194.54,1194.5,1194.5,-0.0,15.91,18903.9,-1
2023-07-09,2023-07-09 13:12:00,1194.5,1194.5,1194.46,1194.46,-0.0,15.91,18903.9,-1
2023-07-09,2023-07-09 13:13:00,1194.46,1194.46,1194.42,1194.42,-0.0,15.91,18903.9,-1
2023-07-09,2023-07-09 13:14:00,1194.42,1194.42,1194.38,1194.38,-0.0,15.91,18903.9,-1
2023-07-09,2023-07-09 13:15:00,1194.38,1194.38,1194.33,1194.33,-0.0,15.91,18903.9,-1
2023-07-09,2023-07-09 13:16:00,1194.33,1194.33,1194.29,1194.29,-0.0,15.91,18903.9,-1
2023-07-09,2023-07-09 13:17:00,1194.29,1194.29,1194.25,1194.25,-0.0,15.91,18903.9,-1
2023-07-09,2023-07-09 13:18:00,1194.25,1194.25,1194.21,1194.21,-0.0,15.91,18903.9,-1
2023-07-09,2023-07-09 13:19:00,1194.21,1194.21,1194.17,1194.17,-0.0,15.91,18903.9,-1
2023-07-09,2023-07-09 13:20:00,1194.17,1194.17,1194.12,1194.12,-0.0,15.91,18903.9,-1
2023-07-09,2023-07-09 13:21:00,1194.12,1194.12,1194.08,1194.08,-0.0,15.91,18903.9,-1
2023-07-09,2023-07-09 13:22:00,1194.08,1194.08,1194.04,1194.04,-0.0,15.91,18903.9,-1
2023-07-09,2023-07-09 13:23:00,1194.04,1194.04,1194.0,1194.0,-0.0,15.91,18903.9,-1
2023-07-09,2023-07-09 13:24:00,1194.0,1194.0,1193.96,1193.96,-0.0,15.91,18903.9,-1
2023-07-09,2023-07-09 13:25:00,1193.96,1193.96,1193.92,1193.92,-0.0,15.91,18903.9,-1
2023-07-09,2023-07-09 13:26:00,1193.92,1193.92,1193.88,1193.88,-0.0,15.91,18903.9,-1
2023-07-09,2023-07-09 13:27:00,1193.88,1193.88,1193.83,1193.83,-0.0,15.91,18903.9,-1
2023-07-09,2023-07-09 13:28:00,1193.83,1193.83,1193.79,1193.79,-0.0,15.91,18903.9,-1
2023-07-09,2023-07-09 13:29:00,1193.79,1193.79,1193.75,1193.75,-0.0,15.91,18903.9,-1
2023-07-09,2023-07-09 13:30:00,1193.75,1193.75,1193.71,1193.71,-0.0,15.91,18903.9,-1
2023-07-09,2023-07-09 13:31:00,1193.71,1193.71,1193.67,1193.67,-0.0,15.91,18903.9,-1
2023-07-09,2023-07-09 13:32:00,1193.67,1193.67,1193.62,1193.62,-0.0,15.91,18903.9,-1
2023-07-09,2023-07-09 13:33:00,1193.62,1193.62,1193.58,1193.58,-0.0,15.91,18903.9,-1
2023-07-09,2023-07-09 13:34:00,1193.58,1193.58,1193.54,1193.54,-0.0,15.91,18903.9,-1
2023-07-09,2023-07-09 13:35:00,1193.54,1193.54,1193.5,1193.5,-0.0,15.91,18903.9,-1
2023-07-09,2023-07-09 13:36:00,1193.5,1193.5,1193.46,1193.46,-0.0,15.91,18903.9,-1
2023-07-09,2023-07-09 13:37:00,1193.46,1193.46,1193.42,1193.42,-0.0,15.91,18903.9,-1
2023-07-09,2023-07-09 13:38:00,1193.42,1193.42,1193.38,1193.38,-0.0,15.91,18903.9,-1
2023-07-09,2023-07-09 13:39:00,1193.38,1193.38,1193.33,1193.33,-0.0,15.91,18903.9,-1
2023-07-09,2023-07-09 13:40:00,1193.33,1193.33,1193.29,1193.29,-0.0,15.91,18903.9,-1
2023-07-09,2023-07-09 13:41:00,1193.29,1193.29,1193.25,1193.25,-0.0,15.91,18903.9,-1
2023-07-09,2023-07-09 13:42:00,1193.25,1193.25,1193.21,1193.21,-0.0,15.91,18903.9,-1
2023-07-09,2023-07-09 13:43:00,1193.21,1193.21,1193.17,1193.17,-0.0,15.91,18903.9,-1
2023-07-09,2023-07-09 13:44:00,1193.17,1193.17,1193.12,1193.12,-0.0,15.91,18903.9,-1
2023-07-09,2023-07-09 13:45:00,1193.12,1193.12,1193.08,1193.08,-0.0,15.91,18903.9,-1
2023-07-09,2023-07-09 13:46:00,1193.08,1193.08,1193.04,1193.04,-0.0,15.91,18903.9,-1
2023-07-09,2023-07-09 13:47:00,1193.04,1193.04,1193.0,1193.0,-0.0,15.91,18903.9,-1
2023-07-09,2023-07-09 13:48:00,1193.0,1193.0,1192.96,1192.96,-0.0,15.91,18903.9,-1
2023-07-09,2023-07-09 13:49:00,1192.96,1192.96,1192.92,1192.92,-0.0,15.91,18903.9,-1
2023-07-09,2023-07-09 13:50:00,1192.92,1192.92,1192.88,1192.88,-0.0,15.91,18903.9,-1
2023-07-09,2023-07-09 13:51:00,1192.88,1192.88,1192.83,1192.83,-0.0,15.91,18903.9,-1
2023-07-09,2023-07-09 13:52:00,1192.83,1192.83,1192.79,1192.79,-0.0,15.91,18903.9,-1
2023-07-09,2023-07-09 13:53:00,1192.79,1192.79,1192.75,1192.75,-0.0,15.91,18903.9,-1
2023-07-09,2023-07-09 13:54:00,1192.75,1192.75,1192.71,1192.71,-0.0,15.91,18903.9,-1
2023-07-09,2023-07-09 13:55:00,1192.71,1192.71,1192.67,1192.67,-0.0,15.91,18903.9,-1
2023-07-09,2023-07-09 13:56:00,1192.67,1192.67,1192.62,1192.62,-0.0,15.91,18903.9,-1
2023-07-09,2023-07-09 13:57:00,1192.62,1192.62,1192.58,1192.58,-0.0,15.91,18903.9,-1
2023-07-09,2023-07-09 13:58:00,1192.58,1192.58,1192.54,1192.54,-0.0,15.91,18903.9,-1
2023-07-09,2023-07-09 13:59:00,1192.54,1192.54,1192.5,1192.5,-0.0,15.91,18903.9,-1
2023-07-09,2023-07-09 14:00:00,1192.5,1192.5,1192.46,1192.46,-0.0,15.91,18903.9,-1
2023-07-09,2023-07-09 14:01:00,1192.46,1192.46,1192.42,1192.42,-0.0,15.91,18903.9,-1
2023-07-09,2023-07-09 14:02:00,1192.42,1192.42,1192.38,1192.38,-0.0,15.91,18903.9,-1
2023-07-09,2023-07-09 14:03:00,1192.38,1192.38,1192.33,1192.33,-0.0,15.91,18903.9,-1
2023-07-09,2023-07-09 14:04:00,1192.33,1192.33,1192.29,1192.29,-0.0,15.91,18903.9,-1
2023-07-09,2023-07-09 14:05:00,1192.29,1192.29,1192.25,1192.25,-0.0,15.91,18903.9,-1
2023-07-09,2023-07-09 14:06:00,1192.25,1192.25,1192.21,1192.21,-0.0,15.91,18903.9,-1
2023-07-09,2023-07-09 14:07:00,1192.21,1192.21,1192.17,1192.17,-0.0,15.91,18903.9,-1
2023-07-09,2023-07-09 14:08:00,1192.17,1192.17,1192.12,1192.12,-0.0,15.91,18903.9,-1
2023-07-09,2023-07-09 14:09:00,1192.12,1192.12,1192.08,1192.08,-0.0,15.91,18903.9,-1
2023-07-09,2023-07-09 14:10:00,1192.08,1192.08,1192.04,1192.04,-0.0,15.91,18903.9,-1
2023-07-09,2023-07-09 14:11:00,1192.04,1192.04,1192.0,1192.0,-0.0,15.91,18903.9,-1
2023-07-09,2023-07-09 14:12:00,1192.0,1192.0,1191.96,1191.96,-0.0,15.91,18903.9,-1
2023-07-09,2023-07-09 14:13:00,1191.96,1191.96,1191.92,1191.92,-0.0,15.91,18903.9,-1
2023-07-09,2023-07-09 14:14:00,1191.92,1191.92,1191.88,1191.88,-0.0,15.91,18903.9,-1
2023-07-09,2023-07-09 14:15:00,1191.88,1191.88,1191.83,1191.83,-0.0,15.91,18903.9,-1
2023-07-09,2023-07-09 14:16:00,1191.83,1191.83,1191.79,1191.79,-0.0,15.91,18903.9,-1
2023-07-09,2023-07-09 14:17:00,1191.79,1191.79,1191.75,1191.75,-0.0,15.91,18903.9,-1
2023-07-09,2023-07-09 14:18:00,1191.75,1191.75,1191.71,1191.71,-0.0,15.91,18903.9,-1
2023-07-09,2023-07-09 14:19:00,1191.71,1191.71,1191.67,1191.67,-0.0,15.91,18903.9,-1
2023-07-09,2023-07-09 14:20:00,1191.67,1191.67,1191.62,1191.62,-0.0,15.91,18903.9,-1
2023-07-09,2023-07-09 14:21:00,1191.62,1191.62,1191.58,1191.58,-0.0,15.91,18903.9,-1
2023-07-09,2023-07-09 14:22:00,1191.58,1191.58,1191.54,1191.54,-0.0,15.91,18903.9,-1
2023-07-09,2023-07-09 14:23:00,1191.54,1191.54,1191.5,1191.5,-0.0,15.91,18903.9,-1
2023-07-09,2023-07-09 14:24:00,1191.5,1191.5,1191.46,1191.46,-0.0,15.91,18903.9,-1
2023-07-09,2023-07-09 14:25:00,1191.46,1191.46,1191.42,1191.42,-0.0,15.91,18903.9,-1
2023-07-09,2023-07-09 14:26:00,1191.42,1191.42,1191.38,1191.38,-0.0,15.91,18903.9,-1
2023-07-09,2023-07-09 14:27:00,1191.38,1191.38,1191.33,1191.33,-0.0,15.91,18903.9,-1
2023-07-09,2023-07-09 14:28:00,1191.33,1191.33,1191.29,1191.29,-0.0,15.91,18903.9,-1
2023-07-09,2023-07-09 14:29:00,1191.29,1191.29,1191.25,1191.25,-0.0,15.91,18903.9,-1
2023-07-09,2023-07-09 14:30:00,1191.25,1191.25,1191.21,1191.21,-0.0,15.91,18903.9,-1
2023-07-09,2023-07-09 14:31:00,1191.21,1191.21,1191.17,1191.17,-0.0,15.91,18903.9,-1
2023-07-09,2023-07-09 14:32:00,1191.17,1191.17,1191.12,1191.12,-0.0,15.91,18903.9,-1
2023-07-09,2023-07-09 14:33:00,1191.12,1191.12,1191.08,1191.08,-0.0,15.91,18903.9,-1
2023-07-09,2023-07-09 14:34:00,1191.08,1191.08,1191.04,1191.04,-0.0,15.91,18903.9,-1
2023-07-09,2023-07-09 14:35:00,1191.04,1191.04,1191.0,1191.0,-0.0,15.91,18903.9,-1
2023-07-09,2023-07-09 14:36:00,1191.0,1191.0,1190.96,1190.96,-0.0,15.91,18903.9,-1
2023-07-09,2023-07-09 14:37:00,1190.96,1190.96,1190.92,1190.92,-0.0,15.91,18903.9,-1
2023-07-09,2023-07-09 14:38:00,1190.92,1190.92,1190.88,1190.88,-0.0,15.91,18903.9,-1
2023-07-09,2023-07-09 14:39:00,1190.88,1190.88,1190.83,1190.83,-0.0,15.91,18903.9,-1
2023-07-09,2023-07-09 14:40:00,1190.83,1190.83,1190.79,1190.79,-0.0,15.91,18903.9,-1
2023-07-09,2023-07-09 14:41:00,1190.79,1190.79,1190.75,1190.75,-0.0,15.91,18903.9,-1
2023-07-09,2023-07-09 14:42:00,1190.75,1190.75,1190.71,1190.71,-0.0,15.91,18903.9,-1
2023-07-09,2023-07-09 14:43:00,1190.71,1190.71,1190.67,1190.67,-0.0,15.91,18903.9,-1
2023-07-09,2023-07-09 14:44:00,1190.67,1190.67,1190.62,1190.62,-0.0,15.91,18903.9,-1
2023-07-09,2023-07-09 14:45:00,1190.62,1190.62,1190.58,1190.58,-0.0,15.91,18903.9,-1
2023-07-09,2023-07-09 14:46:00,1190.58,1190.58,1190.54,1190.54,-0.0,15.91,18903.9,-1
2023-07-09,2023-07-09 14:47:00,1190.54,1190.54,1190.5,1190.5,-0.0,15.91,18903.9,-1
2023-07-09,2023-07-09 14:48:00,1190.5,1190.5,1190.46,1190.46,-0.0,15.91,18903.9,-1
2023-07-09,2023-07-09 14:49:00,1190.46,1190.46,1190.42,1190.42,-0.0,15.91,18903.9,-1
2023-07-09,2023-07-09 14:50:00,1190.42,1190.42,1190.38,1190.38,-0.0,15.91,18903.9,-1
2023-07-09,2023-07-09 14:51:00,1190.38,1190.38,1190.33,1190.33,-0.0,15.91,18903.9,-1
2023-07-09,2023-07-09 14:52:00,1190.33,1190.33,1190.29,1190.29,-0.0,15.91,18903.9,-1
2023-07-09,2023-07-09 14:53:00,1190.29,1190.29,1190.25,1190.25,-0.0,15.91,18903.9,-1
2023-07-09,2023-07-09 14:54:00,1190.25,1190.25,1190.21,1190.21,-0.0,15.91,18903.9,-1
2023-07-09,2023-07-09 14:55:00,1190.21,1190.21,1190.17,1190.17,-0.0,15.91,18903.9,-1
2023-07-09,2023-07-09 14:56:00,1190.17,1190.17,1190.12,1190.12,-0.0,15.91,18903.9,-1
2023-07-09,2023-07-09 14:57:00,1190.12,1190.12,1190.08,1190.08,-0.0,15.91,18903.9,-1
2023-07-09,2023-07-09 14:58:00,1190.08,1190.08,1190.04,1190.04,-0.0,15.91,18903.9,-1
2023-07-09,2023-07-09 14:59:00,1190.04,1190.04,1190.0,1190.0,-0.0,15.91,18903.9,-1
2023-07-09,2023-07-09 15:00:00,1190.0,1206.0,1175.0,1190.0,0.0,15.91,18903.9,0
2023-07-10,2023-07-10 11:00:00,1168.0,1179.1,1168.0,1168.09,0.01,18.98,22678.13,1
2023-07-10,2023-07-10 11:01:00,1168.09,1168.18,1168.09,1168.18,0.01,18.98,22678.13,1
2023-07-10,2023-07-10 11:02:00,1168.18,1168.28,1168.18,1168.28,0.01,18.98,22678.13,1
2023-07-10,2023-07-10 11:03:00,1168.28,1168.37,1168.28,1168.37,0.01,18.98,22678.13,1
2023-07-10,2023-07-10 11:04:00,1168.37,1168.46,1168.37,1168.46,0.01,18.98,22678.13,1
2023-07-10,2023-07-10 11:05:00,1168.46,1168.55,1168.46,1168.55,0.01,18.98,22678.13,1
2023-07-10,2023-07-10 11:06:00,1168.55,1168.64,1168.55,1168.64,0.01,18.98,22678.13,1
2023-07-10,2023-07-10 11:07:00,1168.64,1168.73,1168.64,1168.73,0.01,18.98,22678.13,1
2023-07-10,2023-07-10 11:08:00,1168.73,1168.83,1168.73,1168.83,0.01,18.98,22678.13,1
2023-07-10,2023-07-10 11:09:00,1168.83,1168.92,1168.83,1168.92,0.01,18.98,22678.13,1
2023-07-10,2023-07-10 11:10:00,1168.92,1169.01,1168.92,1169.01,0.01,18.98,22678.13,1
2023-07-10,2023-07-10 11:11:00,1169.01,1169.1,1169.01,1169.1,0.01,18.98,22678.13,1
2023-07-10,2023-07-10 11:12:00,1169.1,1169.19,1169.1,1169.19,0.01,18.98,22678.13,1
2023-07-10,2023-07-10 11:13:00,1169.19,1169.28,1169.19,1169.28,0.01,18.98,22678.13,1
2023-07-10,2023-07-10 11:14:00,1169.28,1169.38,1169.28,1169.38,0.01,18.98,22678.13,1
2023-07-10,2023-07-10 11:15:00,1169.38,1169.47,1169.38,1169.47,0.01,18.98,22678.13,1
2023-07-10,2023-07-10 11:16:00,1169.47,1169.56,1169.47,1169.56,0.01,18.98,22678.13,1
2023-07-10,2023-07-10 11:17:00,1169.56,1169.65,1169.56,1169.65,0.01,18.98,22678.13,1
2023-07-10,2023-07-10 11:18:00,1169.65,1169.74,1169.65,1169.74,0.01,18.98,22678.13,1
2023-07-10,2023-07-10 11:19:00,1169.74,1169.83,1169.74,1169.83,0.01,18.98,22678.13,1
2023-07-10,2023-07-10 11:20:00,1169.83,1169.92,1169.83,1169.92,0.01,18.98,22678.13,1
2023-07-10,2023-07-10 11:21:00,1169.92,1170.02,1169.92,1170.02,0.01,18.98,22678.13,1
2023-07-10,2023-07-10 11:22:00,1170.02,1170.11,1170.02,1170.11,0.01,18.98,22678.13,1
2023-07-10,2023-07-10 11:23:00,1170.11,1170.2,1170.11,1170.2,0.01,18.98,22678.13,1
2023-07-10,2023-07-10 11:24:00,1170.2,1170.29,1170.2,1170.29,0.01,18.98,22678.13,1
2023-07-10,2023-07-10 11:25:00,1170.29,1170.38,1170.29,1170.38,0.01,18.98,22678.13,1
2023-07-10,2023-07-10 11:26:00,1170.38,1170.47,1170.38,1170.47,0.01,18.98,22678.13,1
2023-07-10,2023-07-10 11:27:00,1170.47,1170.57,1170.47,1170.57,0.01,18.98,22678.13,1
2023-07-10,2023-07-10 11:28:00,1170.57,1170.66,1170.57,1170.66,0.01,18.98,22678.13,1
2023-07-10,2023-07-10 11:29:00,1170.66,1170.75,1170.66,1170.75,0.01,18.98,22678.13,1
2023-07-10,2023-07-10 11:30:00,1170.75,1170.84,1170.75,1170.84,0.01,18.98,22678.13,1
2023-07-10,2023-07-10 11:31:00,1170.84,1170.93,1170.84,1170.93,0.01,18.98,22678.13,1
2023-07-10,2023-07-10 11:32:00,1170.93,1171.03,1170.93,1171.03,0.01,18.98,22678.13,1
2023-07-10,2023-07-10 11:33:00,1171.03,1171.12,1171.03,1171.12,0.01,18.98,22678.13,1
2023-07-10,2023-07-10 11:34:00,1171.12,1171.21,1171.12,1171.21,0.01,18.98,22678.13,1
2023-07-10,2023-07-10 11:35:00,1171.21,1171.3,1171.21,1171.3,0.01,18.98,22678.13,1
2023-07-10,2023-07-10 11:36:00,1171.3,1171.39,1171.3,1171.39,0.01,18.98,22678.13,1
2023-07-10,2023-07-10 11:37:00,1171.39,1171.48,1171.39,1171.48,0.01,18.98,22678.13,1
2023-07-10,2023-07-10 11:38:00,1171.48,1171.58,1171.48,1171.58,0.01,18.98,22678.13,1
2023-07-10,2023-07-10 11:39:00,1171.58,1171.67,1171.58,1171.67,0.01,18.98,22678.13,1
2023-07-10,2023-07-10 11:40:00,1171.67,1171.76,1171.67,1171.76,0.01,18.98,22678.13,1
2023-07-10,2023-07-10 11:41:00,1171.76,1171.85,1171.76,1171.85,0.01,18.98,22678.13,1
2023-07-10,2023-07-10 11:42:00,1171.85,1171.94,1171.85,1171.94,0.01,18.98,22678.13,1
2023-07-10,2023-07-10 11:43:00,1171.94,1172.03,1171.94,1172.03,0.01,18.98,22678.13,1
2023-07-10,2023-07-10 11:44:00,1172.03,1172.12,1172.03,1172.12,0.01,18.98,22678.13,1
2023-07-10,2023-07-10 11:45:00,1172.12,1172.22,1172.12,1172.22,0.01,18.98,22678.13,1
2023-07-10,2023-07-10 11:46:00,1172.22,1172.31,1172.22,1172.31,0.01,18.98,22678.13,1
2023-07-10,2023-07-10 11:47:00,1172.31,1172.4,1172.31,1172.4,0.01,18.98,22678.13,1
2023-07-10,2023-07-10 11:48:00,1172.4,1172.49,1172.4,1172.49,0.01,18.98,22678.13,1
2023-07-10,2023-07-10 11:49:00,1172.49,1172.58,1172.49,1172.58,0.01,18.98,22678.13,1
2023-07-10,2023-07-10 11:50:00,1172.58,1172.67,1172.58,1172.67,0.01,18.98,22678.13,1
2023-07-10,2023-07-10 11:51:00,1172.67,1172.77,1172.67,1172.77,0.01,18.98,22678.13,1
2023-07-10,2023-07-10 11:52:00,1172.77,1172.86,1172.77,1172.86,0.01,18.98,22678.13,1
2023-07-10,2023-07-10 11:53:00,1172.86,1172.95,1172.86,1172.95,0.01,18.98,22678.13,1
2023-07-10,2023-07-10 11:54:00,1172.95,1173.04,1172.95,1173.04,0.01,18.98,22678.13,1
2023-07-10,2023-07-10 11:55:00,1173.04,1173.13,1173.04,1173.13,0.01,18.98,22678.13,1
2023-07-10,2023-07-10 11:56:00,1173.13,1173.22,1173.13,1173.22,0.01,18.98,22678.13,1
2023-07-10,2023-07-10 11:57:00,1173.22,1173.32,1173.22,1173.32,0.01,18.98,22678.13,1
2023-07-10,2023-07-10 11:58:00,1173.32,1173.41,1173.32,1173.41,0.01,18.98,22678.13,1
2023-07-10,2023-07-10 11:59:00,1173.41,1173.5,1173.41,1173.5,0.01,18.98,22678.13,1
2023-07-10,2023-07-10 12:00:00,1173.5,1173.59,1173.5,1173.59,0.01,18.98,22678.13,1
2023-07-10,2023-07-10 12:01:00,1173.59,1173.68,1173.59,1173.68,0.01,18.98,22678.13,1
2023-07-10,2023-07-10 12:02:00,1173.68,1173.78,1173.68,1173.78,0.01,18.98,22678.13,1
2023-07-10,2023-07-10 12:03:00,1173.78,1173.87,1173.78,1173.87,0.01,18.98,22678.13,1
2023-07-10,2023-07-10 12:04:00,1173.87,1173.96,1173.87,1173.96,0.01,18.98,22678.13,1
2023-07-10,2023-07-10 12:05:00,1173.96,1174.05,1173.96,1174.05,0.01,18.98,22678.13,1
2023-07-10,2023-07-10 12:06:00,1174.05,1174.14,1174.05,1174.14,0.01,18.98,22678.13,1
2023-07-10,2023-07-10 12:07:00,1174.14,1174.23,1174.14,1174.23,0.01,18.98,22678.13,1
2023-07-10,2023-07-10 12:08:00,1174.23,1174.33,1174.23,1174.33,0.01,18.98,22678.13,1
2023-07-10,2023-07-10 12:09:00,1174.33,1174.42,1174.33,1174.42,0.01,18.98,22678.13,1
2023-07-10,2023-07-10 12:10:00,1174.42,1174.51,1174.42,1174.51,0.01,18.98,22678.13,1
2023-07-10,2023-07-10 12:11:00,1174.51,1174.6,1174.51,1174.6,0.01,18.98,22678.13,1
2023-07-10,2023-07-10 12:12:00,1174.6,1174.69,1174.6,1174.69,0.01,18.98,22678.13,1
2023-07-10,2023-07-10 12:13:00,1174.69,1174.78,1174.69,1174.78,0.01,18.98,22678.13,1
2023-07-10,2023-07-10 12:14:00,1174.78,1174.88,1174.78,1174.88,0.01,18.98,22678.13,1
2023-07-10,2023-07-10 12:15:00,1174.88,1174.97,1174.88,1174.97,0.01,18.98,22678.13,1
2023-07-10,2023-07-10 12:16:00,1174.97,1175.06,1174.97,1175.06,0.01,18.98,22678.13,1
2023-07-10,2023-07-10 12:17:00,1175.06,1175.15,1175.06,1175.15,0.01,18.98,22678.13,1
2023-07-10,2023-07-10 12:18:00,1175.15,1175.24,1175.15,1175.24,0.01,18.98,22678.13,1
2023-07-10,2023-07-10 12:19:00,1175.24,1175.33,1175.24,1175.33,0.01,18.98,22678.13,1
2023-07-10,2023-07-10 12:20:00,1175.33,1175.42,1175.33,1175.42,0.01,18.98,22678.13,1
2023-07-10,2023-07-10 12:21:00,1175.42,1175.52,1175.42,1175.52,0.01,18.98,22678.13,1
2023-07-10,2023-07-10 12:22:00,1175.52,1175.61,1175.52,1175.61,0.01,18.98,22678.13,1
2023-07-10,2023-07-10 12:23:00,1175.61,1175.7,1175.61,1175.7,0.01,18.98,22678.13,1
2023-07-10,2023-07-10 12:24:00,1175.7,1175.79,1175.7,1175.79,0.01,18.98,22678.13,1
2023-07-10,2023-07-10 12:25:00,1175.79,1175.88,1175.79,1175.88,0.01,18.98,22678.13,1
2023-07-10,2023-07-10 12:26:00,1175.88,1175.97,1175.88,1175.97,0.01,18.98,22678.13,1
2023-07-10,2023-07-10 12:27:00,1175.97,1176.07,1175.97,1176.07,0.01,18.98,22678.13,1
2023-07-10,2023-07-10 12:28:00,1176.07,1176.16,1176.07,1176.16,0.01,18.98,22678.13,1
2023-07-10,2023-07-10 12:29:00,1176.16,1176.25,1176.16,1176.25,0.01,18.98,22678.13,1
2023-07-10,2023-07-10 12:30:00,1176.25,1176.34,1176.25,1176.34,0.01,18.98,22678.13,1
2023-07-10,2023-07-10 12:31:00,1176.34,1176.43,1176.34,1176.43,0.01,18.98,22678.13,1
2023-07-10,2023-07-10 12:32:00,1176.43,1176.53,1176.43,1176.53,0.01,18.98,22678.13,1
2023-07-10,2023-07-10 12:33:00,1176.53,1176.62,1176.53,1176.62,0.01,18.98,22678.13,1
2023-07-10,2023-07-10 12:34:00,1176.62,1176.71,1176.62,1176.71,0.01,18.98,22678.13,1
2023-07-10,2023-07-10 12:35:00,1176.71,1176.8,1176.71,1176.8,0.01,18.98,22678.13,1
2023-07-10,2023-07-10 12:36:00,1176.8,1176.89,1176.8,1176.89,0.01,18.98,22678.13,1
2023-07-10,2023-07-10 12:37:00,1176.89,1176.98,1176.89,1176.98,0.01,18.98,22678.13,1
2023-07-10,2023-07-10 12:38:00,1176.98,1177.08,1176.98,1177.08,0.01,18.98,22678.13,1
2023-07-10,2023-07-10 12:39:00,1177.08,1177.17,1177.08,1177.17,0.01,18.98,22678.13,1
2023-07-10,2023-07-10 12:40:00,1177.17,1177.26,1177.17,1177.26,0.01,18.98,22678.13,1
2023-07-10,2023-07-10 12:41:00,1177.26,1177.35,1177.26,1177.35,0.01,18.98,22678.13,1
2023-07-10,2023-07-10 12:42:00,1177.35,1177.44,1177.35,1177.44,0.01,18.98,22678.13,1
2023-07-10,2023-07-10 12:43:00,1177.44,1177.53,1177.44,1177.53,0.01,18.98,22678.13,1
2023-07-10,2023-07-10 12:44:00,1177.53,1177.62,1177.53,1177.62,0.01,18.98,22678.13,1
2023-07-10,2023-07-10 12:45:00,1177.62,1177.72,1177.62,1177.72,0.01,18.98,22678.13,1
2023-07-10,2023-07-10 12:46:00,1177.72,1177.81,1177.72,1177.81,0.01,18.98,22678.13,1
2023-07-10,2023-07-10 12:47:00,1177.81,1177.9,1177.81,1177.9,0.01,18.98,22678.13,1
2023-07-10,2023-07-10 12:48:00,1177.9,1177.99,1177.9,1177.99,0.01,18.98,22678.13,1
2023-07-10,2023-07-10 12:49:00,1177.99,1178.08,1177.99,1178.08,0.01,18.98,22678.13,1
2023-07-10,2023-07-10 12:50:00,1178.08,1178.17,1178.08,1178.17,0.01,18.98,22678.13,1
2023-07-10,2023-07-10 12:51:00,1178.17,1178.27,1178.17,1178.27,0.01,18.98,22678.13,1
2023-07-10,2023-07-10 12:52:00,1178.27,1178.36,1178.27,1178.36,0.01,18.98,22678.13,1
2023-07-10,2023-07-10 12:53:00,1178.36,1178.45,1178.36,1178.45,0.01,18.98,22678.13,1
2023-07-10,2023-07-10 12:54:00,1178.45,1178.54,1178.45,1178.54,0.01,18.98,22678.13,1
2023-07-10,2023-07-10 12:55:00,1178.54,1178.63,1178.54,1178.63,0.01,18.98,22678.13,1
2023-07-10,2023-07-10 12:56:00,1178.63,1178.72,1178.63,1178.72,0.01,18.98,22678.13,1
2023-07-10,2023-07-10 12:57:00,1178.72,1178.82,1178.72,1178.82,0.01,18.98,22678.13,1
2023-07-10,2023-07-10 12:58:00,1178.82,1178.91,1178.82,1178.91,0.01,18.98,22678.13,1
2023-07-10,2023-07-10 12:59:00,1178.91,1179.0,1178.91,1179.0,0.01,18.98,22678.13,1
2023-07-10,2023-07-10 13:00:00,1179.0,1205.0,1168.0,1179.09,0.01,18.98,22678.13,1
2023-07-10,2023-07-10 13:01:00,1179.09,1179.18,1179.09,1179.18,0.01,18.98,22678.13,1
2023-07-10,2023-07-10 13:02:00,1179.18,1179.28,1179.18,1179.28,0.01,18.98,22678.13,1
2023-07-10,2023-07-10 13:03:00,1179.28,1179.37,1179.28,1179.37,0.01,18.98,22678.13,1
2023-07-10,2023-07-10 13:04:00,1179.37,1179.46,1179.37,1179.46,0.01,18.98,22678.13,1
2023-07-10,2023-07-10 13:05:00,1179.46,1179.55,1179.46,1179.55,0.01,18.98,22678.13,1
2023-07-10,2023-07-10 13:06:00,1179.55,1179.64,1179.55,1179.64,0.01,18.98,22678.13,1
2023-07-10,2023-07-10 13:07:00,1179.64,1179.73,1179.64,1179.73,0.01,18.98,22678.13,1
2023-07-10,2023-07-10 13:08:00,1179.73,1179.83,1179.73,1179.83,0.01,18.98,22678.13,1
2023-07-10,2023-07-10 13:09:00,1179.83,1179.92,1179.83,1179.92,0.01,18.98,22678.13,1
2023-07-10,2023-07-10 13:10:00,1179.92,1180.01,1179.92,1180.01,0.01,18.98,22678.13,1
2023-07-10,2023-07-10 13:11:00,1180.01,1180.1,1180.01,1180.1,0.01,18.98,22678.13,1
2023-07-10,2023-07-10 13:12:00,1180.1,1180.19,1180.1,1180.19,0.01,18.98,22678.13,1
2023-07-10,2023-07-10 13:13:00,1180.19,1180.28,1180.19,1180.28,0.01,18.98,22678.13,1
2023-07-10,2023-07-10 13:14:00,1180.28,1180.38,1180.28,1180.38,0.01,18.98,22678.13,1
2023-07-10,2023-07-10 13:15:00,1180.38,1180.47,1180.38,1180.47,0.01,18.98,22678.13,1
2023-07-10,2023-07-10 13:16:00,1180.47,1180.56,1180.47,1180.56,0.01,18.98,22678.13,1
2023-07-10,2023-07-10 13:17:00,1180.56,1180.65,1180.56,1180.65,0.01,18.98,22678.13,1
2023-07-10,2023-07-10 13:18:00,1180.65,1180.74,1180.65,1180.74,0.01,18.98,22678.13,1
2023-07-10,2023-07-10 13:19:00,1180.74,1180.83,1180.74,1180.83,0.01,18.98,22678.13,1
2023-07-10,2023-07-10 13:20:00,1180.83,1180.92,1180.83,1180.92,0.01,18.98,22678.13,1
2023-07-10,2023-07-10 13:21:00,1180.92,1181.02,1180.92,1181.02,0.01,18.98,22678.13,1
2023-07-10,2023-07-10 13:22:00,1181.02,1181.11,1181.02,1181.11,0.01,18.98,22678.13,1
2023-07-10,2023-07-10 13:23:00,1181.11,1181.2,1181.11,1181.2,0.01,18.98,22678.13,1
2023-07-10,2023-07-10 13:24:00,1181.2,1181.29,1181.2,1181.29,0.01,18.98,22678.13,1
2023-07-10,2023-07-10 13:25:00,1181.29,1181.38,1181.29,1181.38,0.01,18.98,22678.13,1
2023-07-10,2023-07-10 13:26:00,1181.38,1181.47,1181.38,1181.47,0.01,18.98,22678.13,1
2023-07-10,2023-07-10 13:27:00,1181.47,1181.57,1181.47,1181.57,0.01,18.98,22678.13,1
2023-07-10,2023-07-10 13:28:00,1181.57,1181.66,1181.57,1181.66,0.01,18.98,22678.13,1
2023-07-10,2023-07-10 13:29:00,1181.66,1181.75,1181.66,1181.75,0.01,18.98,22678.13,1
2023-07-10,2023-07-10 13:30:00,1181.75,1181.84,1181.75,1181.84,0.01,18.98,22678.13,1
2023-07-10,2023-07-10 13:31:00,1181.84,1181.93,1181.84,1181.93,0.01,18.98,22678.13,1
2023-07-10,2023-07-10 13:32:00,1181.93,1182.03,1181.93,1182.03,0.01,18.98,22678.13,1
2023-07-10,2023-07-10 13:33:00,1182.03,1182.12,1182.03,1182.12,0.01,18.98,22678.13,1
2023-07-10,2023-07-10 13:34:00,1182.12,1182.21,1182.12,1182.21,0.01,18.98,22678.13,1
2023-07-10,2023-07-10 13:35:00,1182.21,1182.3,1182.21,1182.3,0.01,18.98,22678.13,1
2023-07-10,2023-07-10 13:36:00,1182.3,1182.39,1182.3,1182.39,0.01,18.98,22678.13,1
2023-07-10,2023-07-10 13:37:00,1182.39,1182.48,1182.39,1182.48,0.01,18.98,22678.13,1
2023-07-10,2023-07-10 13:38:00,1182.48,1182.58,1182.48,1182.58,0.01,18.98,22678.13,1
2023-07-10,2023-07-10 13:39:00,1182.58,1182.67,1182.58,1182.67,0.01,18.98,22678.13,1
2023-07-10,2023-07-10 13:40:00,1182.67,1182.76,1182.67,1182.76,0.01,18.98,22678.13,1
2023-07-10,2023-07-10 13:41:00,1182.76,1182.85,1182.76,1182.85,0.01,18.98,22678.13,1
2023-07-10,2023-07-10 13:42:00,1182.85,1182.94,1182.85,1182.94,0.01,18.98,22678.13,1
2023-07-10,2023-07-10 13:43:00,1182.94,1183.03,1182.94,1183.03,0.01,18.98,22678.13,1
2023-07-10,2023-07-10 13:44:00,1183.03,1183.12,1183.03,1183.12,0.01,18.98,22678.13,1
2023-07-10,2023-07-10 13:45:00,1183.12,1183.22,1183.12,1183.22,0.01,18.98,22678.13,1
2023-07-10,2023-07-10 13:46:00,1183.22,1183.31,1183.22,1183.31,0.01,18.98,22678.13,1
2023-07-10,2023-07-10 13:47:00,1183.31,1183.4,1183.31,1183.4,0.01,18.98,22678.13,1
2023-07-10,2023-07-10 13:48:00,1183.4,1183.49,1183.4,1183.49,0.01,18.98,22678.13,1
2023-07-10,2023-07-10 13:49:00,1183.49,1183.58,1183.49,1183.58,0.01,18.98,22678.13,1
2023-07-10,2023-07-10 13:50:00,1183.58,1183.67,1183.58,1183.67,0.01,18.98,22678.13,1
2023-07-10,2023-07-10 13:51:00,1183.67,1183.77,1183.67,1183.77,0.01,18.98,22678.13,1
2023-07-10,2023-07-10 13:52:00,1183.77,1183.86,1183.77,1183.86,0.01,18.98,22678.13,1
2023-07-10,2023-07-10 13:53:00,1183.86,1183.95,1183.86,1183.95,0.01,18.98,22678.13,1
2023-07-10,2023-07-10 13:54:00,1183.95,1184.04,1183.95,1184.04,0.01,18.98,22678.13,1
2023-07-10,2023-07-10 13:55:00,1184.04,1184.13,1184.04,1184.13,0.01,18.98,22678.13,1
2023-07-10,2023-07-10 13:56:00,1184.13,1184.22,1184.13,1184.22,0.01,18.98,22678.13,1
2023-07-10,2023-07-10 13:57:00,1184.22,1184.32,1184.22,1184.32,0.01,18.98,22678.13,1
2023-07-10,2023-07-10 13:58:00,1184.32,1184.41,1184.32,1184.41,0.01,18.98,22678.13,1
2023-07-10,2023-07-10 13:59:00,1184.41,1184.5,1184.41,1184.5,0.01,18.98,22678.13,1
2023-07-10,2023-07-10 14:00:00,1184.5,1184.59,1184.5,1184.59,0.01,18.98,22678.13,1
2023-07-10,2023-07-10 14:01:00,1184.59,1184.68,1184.59,1184.68,0.01,18.98,22678.13,1
2023-07-10,2023-07-10 14:02:00,1184.68,1184.78,1184.68,1184.78,0.01,18.98,22678.13,1
2023-07-10,2023-07-10 14:03:00,1184.78,1184.87,1184.78,1184.87,0.01,18.98,22678.13,1
2023-07-10,2023-07-10 14:04:00,1184.87,1184.96,1184.87,1184.96,0.01,18.98,22678.13,1
2023-07-10,2023-07-10 14:05:00,1184.96,1185.05,1184.96,1185.05,0.01,18.98,22678.13,1
2023-07-10,2023-07-10 14:06:00,1185.05,1185.14,1185.05,1185.14,0.01,18.98,22678.13,1
2023-07-10,2023-07-10 14:07:00,1185.14,1185.23,1185.14,1185.23,0.01,18.98,22678.13,1
2023-07-10,2023-07-10 14:08:00,1185.23,1185.33,1185.23,1185.33,0.01,18.98,22678.13,1
2023-07-10,2023-07-10 14:09:00,1185.33,1185.42,1185.33,1185.42,0.01,18.98,22678.13,1
2023-07-10,2023-07-10 14:10:00,1185.42,1185.51,1185.42,1185.51,0.01,18.98,22678.13,1
2023-07-10,2023-07-10 14:11:00,1185.51,1185.6,1185.51,1185.6,0.01,18.98,22678.13,1
2023-07-10,2023-07-10 14:12:00,1185.6,1185.69,1185.6,1185.69,0.01,18.98,22678.13,1
2023-07-10,2023-07-10 14:13:00,1185.69,1185.78,1185.69,1185.78,0.01,18.98,22678.13,1
2023-07-10,2023-07-10 14:14:00,1185.78,1185.88,1185.78,1185.88,0.01,18.98,22678.13,1
2023-07-10,2023-07-10 14:15:00,1185.88,1185.97,1185.88,1185.97,0.01,18.98,22678.13,1
2023-07-10,2023-07-10 14:16:00,1185.97,1186.06,1185.97,1186.06,0.01,18.98,22678.13,1
2023-07-10,2023-07-10 14:17:00,1186.06,1186.15,1186.06,1186.15,0.01,18.98,22678.13,1
2023-07-10,2023-07-10 14:18:00,1186.15,1186.24,1186.15,1186.24,0.01,18.98,22678.13,1
2023-07-10,2023-07-10 14:19:00,1186.24,1186.33,1186.24,1186.33,0.01,18.98,22678.13,1
2023-07-10,2023-07-10 14:20:00,1186.33,1186.42,1186.33,1186.42,0.01,18.98,22678.13,1
2023-07-10,2023-07-10 14:21:00,1186.42,1186.52,1186.42,1186.52,0.01,18.98,22678.13,1
2023-07-10,2023-07-10 14:22:00,1186.52,1186.61,1186.52,1186.61,0.01,18.98,22678.13,1
2023-07-10,2023-07-10 14:23:00,1186.61,1186.7,1186.61,1186.7,0.01,18.98,22678.13,1
2023-07-10,2023-07-10 14:24:00,1186.7,1186.79,1186.7,1186.79,0.01,18.98,22678.13,1
2023-07-10,2023-07-10 14:25:00,1186.79,1186.88,1186.79,1186.88,0.01,18.98,22678.13,1
2023-07-10,2023-07-10 14:26:00,1186.88,1186.97,1186.88,1186.97,0.01,18.98,22678.13,1
2023-07-10,2023-07-10 14:27:00,1186.97,1187.07,1186.97,1187.07,0.01,18.98,22678.13,1
2023-07-10,2023-07-10 14:28:00,1187.07,1187.16,1187.07,1187.16,0.01,18.98,22678.13,1
2023-07-10,2023-07-10 14:29:00,1187.16,1187.25,1187.16,1187.25,0.01,18.98,22678.13,1
2023-07-10,2023-07-10 14:30:00,1187.25,1187.34,1187.25,1187.34,0.01,18.98,22678.13,1
2023-07-10,2023-07-10 14:31:00,1187.34,1187.43,1187.34,1187.43,0.01,18.98,22678.13,1
2023-07-10,2023-07-10 14:32:00,1187.43,1187.53,1187.43,1187.53,0.01,18.98,22678.13,1
2023-07-10,2023-07-10 14:33:00,1187.53,1187.62,1187.53,1187.62,0.01,18.98,22678.13,1
2023-07-10,2023-07-10 14:34:00,1187.62,1187.71,1187.62,1187.71,0.01,18.98,22678.13,1
2023-07-10,2023-07-10 14:35:00,1187.71,1187.8,1187.71,1187.8,0.01,18.98,22678.13,1
2023-07-10,2023-07-10 14:36:00,1187.8,1187.89,1187.8,1187.89,0.01,18.98,22678.13,1
2023-07-10,2023-07-10 14:37:00,1187.89,1187.98,1187.89,1187.98,0.01,18.98,22678.13,1
2023-07-10,2023-07-10 14:38:00,1187.98,1188.08,1187.98,1188.08,0.01,18.98,22678.13,1
2023-07-10,2023-07-10 14:39:00,1188.08,1188.17,1188.08,1188.17,0.01,18.98,22678.13,1
2023-07-10,2023-07-10 14:40:00,1188.17,1188.26,1188.17,1188.26,0.01,18.98,22678.13,1
2023-07-10,2023-07-10 14:41:00,1188.26,1188.35,1188.26,1188.35,0.01,18.98,22678.13,1
2023-07-10,2023-07-10 14:42:00,1188.35,1188.44,1188.35,1188.44,0.01,18.98,22678.13,1
2023-07-10,2023-07-10 14:43:00,1188.44,1188.53,1188.44,1188.53,0.01,18.98,22678.13,1
2023-07-10,2023-07-10 14:44:00,1188.53,1188.62,1188.53,1188.62,0.01,18.98,22678.13,1
2023-07-10,2023-07-10 14:45:00,1188.62,1188.72,1188.62,1188.72,0.01,18.98,22678.13,1
2023-07-10,2023-07-10 14:46:00,1188.72,1188.81,1188.72,1188.81,0.01,18.98,22678.13,1
2023-07-10,2023-07-10 14:47:00,1188.81,1188.9,1188.81,1188.9,0.01,18.98,22678.13,1
2023-07-10,2023-07-10 14:48:00,1188.9,1188.99,1188.9,1188.99,0.01,18.98,22678.13,1
2023-07-10,2023-07-10 14:49:00,1188.99,1189.08,1188.99,1189.08,0.01,18.98,22678.13,1
2023-07-10,2023-07-10 14:50:00,1189.08,1189.17,1189.08,1189.17,0.01,18.98,22678.13,1
2023-07-10,2023-07-10 14:51:00,1189.17,1189.27,1189.17,1189.27,0.01,18.98,22678.13,1
2023-07-10,2023-07-10 14:52:00,1189.27,1189.36,1189.27,1189.36,0.01,18.98,22678.13,1
2023-07-10,2023-07-10 14:53:00,1189.36,1189.45,1189.36,1189.45,0.01,18.98,22678.13,1
2023-07-10,2023-07-10 14:54:00,1189.45,1189.54,1189.45,1189.54,0.01,18.98,22678.13,1
2023-07-10,2023-07-10 14:55:00,1189.54,1189.63,1189.54,1189.63,0.01,18.98,22678.13,1
2023-07-10,2023-07-10 14:56:00,1189.63,1189.72,1189.63,1189.72,0.01,18.98,22678.13,1
2023-07-10,2023-07-10 14:57:00,1189.72,1189.82,1189.72,1189.82,0.01,18.98,22678.13,1
2023-07-10,2023-07-10 14:58:00,1189.82,1189.91,1189.82,1189.91,0.01,18.98,22678.13,1
2023-07-10,2023-07-10 14:59:00,1189.91,1190.0,1189.91,1190.0,0.01,18.98,22678.13,1
2023-07-10,2023-07-10 15:00:00,1190.0,1205.0,1168.0,1190.0,0.0,18.98,22678.13,0
2023-07-11,2023-07-11 11:00:00,1175.4,1186.92,1175.28,1175.44,0.0,12.83,15226.39,1
2023-07-11,2023-07-11 11:01:00,1175.44,1175.49,1175.44,1175.49,0.0,12.83,15226.39,1
2023-07-11,2023-07-11 11:02:00,1175.49,1175.53,1175.49,1175.53,0.0,12.83,15226.39,1
2023-07-11,2023-07-11 11:03:00,1175.53,1175.58,1175.53,1175.58,0.0,12.83,15226.39,1
2023-07-11,2023-07-11 11:04:00,1175.58,1175.62,1175.58,1175.62,0.0,12.83,15226.39,1
2023-07-11,2023-07-11 11:05:00,1175.62,1175.67,1175.62,1175.67,0.0,12.83,15226.39,1
2023-07-11,2023-07-11 11:06:00,1175.67,1175.71,1175.67,1175.71,0.0,12.83,15226.39,1
2023-07-11,2023-07-11 11:07:00,1175.71,1175.75,1175.71,1175.75,0.0,12.83,15226.39,1
2023-07-11,2023-07-11 11:08:00,1175.75,1175.8,1175.75,1175.8,0.0,12.83,15226.39,1
2023-07-11,2023-07-11 11:09:00,1175.8,1175.84,1175.8,1175.84,0.0,12.83,15226.39,1
2023-07-11,2023-07-11 11:10:00,1175.84,1175.89,1175.84,1175.89,0.0,12.83,15226.39,1
2023-07-11,2023-07-11 11:11:00,1175.89,1175.93,1175.89,1175.93,0.0,12.83,15226.39,1
2023-07-11,2023-07-11 11:12:00,1175.93,1175.97,1175.93,1175.97,0.0,12.83,15226.39,1
2023-07-11,2023-07-11 11:13:00,1175.97,1176.02,1175.97,1176.02,0.0,12.83,15226.39,1
2023-07-11,2023-07-11 11:14:00,1176.02,1176.06,1176.02,1176.06,0.0,12.83,15226.39,1
2023-07-11,2023-07-11 11:15:00,1176.06,1176.11,1176.06,1176.11,0.0,12.83,15226.39,1
2023-07-11,2023-07-11 11:16:00,1176.11,1176.15,1176.11,1176.15,0.0,12.83,15226.39,1
2023-07-11,2023-07-11 11:17:00,1176.15,1176.2,1176.15,1176.2,0.0,12.83,15226.39,1
2023-07-11,2023-07-11 11:18:00,1176.2,1176.24,1176.2,1176.24,0.0,12.83,15226.39,1
2023-07-11,2023-07-11 11:19:00,1176.24,1176.28,1176.24,1176.28,0.0,12.83,15226.39,1
2023-07-11,2023-07-11 11:20:00,1176.28,1176.33,1176.28,1176.33,0.0,12.83,15226.39,1
2023-07-11,2023-07-11 11:21:00,1176.33,1176.37,1176.33,1176.37,0.0,12.83,15226.39,1
2023-07-11,2023-07-11 11:22:00,1176.37,1176.42,1176.37,1176.42,0.0,12.83,15226.39,1
2023-07-11,2023-07-11 11:23:00,1176.42,1176.46,1176.42,1176.46,0.0,12.83,15226.39,1
2023-07-11,2023-07-11 11:24:00,1176.46,1176.5,1176.46,1176.5,0.0,12.83,15226.39,1
2023-07-11,2023-07-11 11:25:00,1176.5,1176.55,1176.5,1176.55,0.0,12.83,15226.39,1
2023-07-11,2023-07-11 11:26:00,1176.55,1176.59,1176.55,1176.59,0.0,12.83,15226.39,1
2023-07-11,2023-07-11 11:27:00,1176.59,1176.64,1176.59,1176.64,0.0,12.83,15226.39,1
2023-07-11,2023-07-11 11:28:00,1176.64,1176.68,1176.64,1176.68,0.0,12.83,15226.39,1
2023-07-11,2023-07-11 11:29:00,1176.68,1176.73,1176.68,1176.73,0.0,12.83,15226.39,1
2023-07-11,2023-07-11 11:30:00,1176.73,1176.77,1176.73,1176.77,0.0,12.83,15226.39,1
2023-07-11,2023-07-11 11:31:00,1176.77,1176.81,1176.77,1176.81,0.0,12.83,15226.39,1
2023-07-11,2023-07-11 11:32:00,1176.81,1176.86,1176.81,1176.86,0.0,12.83,15226.39,1
2023-07-11,2023-07-11 11:33:00,1176.86,1176.9,1176.86,1176.9,0.0,12.83,15226.39,1
2023-07-11,2023-07-11 11:34:00,1176.9,1176.95,1176.9,1176.95,0.0,12.83,15226.39,1
2023-07-11,2023-07-11 11:35:00,1176.95,1176.99,1176.95,1176.99,0.0,12.83,15226.39,1
2023-07-11,2023-07-11 11:36:00,1176.99,1177.03,1176.99,1177.03,0.0,12.83,15226.39,1
2023-07-11,2023-07-11 11:37:00,1177.03,1177.08,1177.03,1177.08,0.0,12.83,15226.39,1
2023-07-11,2023-07-11 11:38:00,1177.08,1177.12,1177.08,1177.12,0.0,12.83,15226.39,1
2023-07-11,2023-07-11 11:39:00,1177.12,1177.17,1177.12,1177.17,0.0,12.83,15226.39,1
2023-07-11,2023-07-11 11:40:00,1177.17,1177.21,1177.17,1177.21,0.0,12.83,15226.39,1
2023-07-11,2023-07-11 11:41:00,1177.21,1177.26,1177.21,1177.26,0.0,12.83,15226.39,1
2023-07-11,2023-07-11 11:42:00,1177.26,1177.3,1177.26,1177.3,0.0,12.83,15226.39,1
2023-07-11,2023-07-11 11:43:00,1177.3,1177.34,1177.3,1177.34,0.0,12.83,15226.39,1
2023-07-11,2023-07-11 11:44:00,1177.34,1177.39,1177.34,1177.39,0.0,12.83,15226.39,1
2023-07-11,2023-07-11 11:45:00,1177.39,1177.43,1177.39,1177.43,0.0,12.83,15226.39,1
2023-07-11,2023-07-11 11:46:00,1177.43,1177.48,1177.43,1177.48,0.0,12.83,15226.39,1
2023-07-11,2023-07-11 11:47:00,1177.48,1177.52,1177.48,1177.52,0.0,12.83,15226.39,1
2023-07-11,2023-07-11 11:48:00,1177.52,1177.56,1177.52,1177.56,0.0,12.83,15226.39,1
2023-07-11,2023-07-11 11:49:00,1177.56,1177.61,1177.56,1177.61,0.0,12.83,15226.39,1
2023-07-11,2023-07-11 11:50:00,1177.61,1177.65,1177.61,1177.65,0.0,12.83,15226.39,1
2023-07-11,2023-07-11 11:51:00,1177.65,1177.7,1177.65,1177.7,0.0,12.83,15226.39,1
2023-07-11,2023-07-11 11:52:00,1177.7,1177.74,1177.7,1177.74,0.0,12.83,15226.39,1
2023-07-11,2023-07-11 11:53:00,1177.74,1177.79,1177.74,1177.79,0.0,12.83,15226.39,1
2023-07-11,2023-07-11 11:54:00,1177.79,1177.83,1177.79,1177.83,0.0,12.83,15226.39,1
2023-07-11,2023-07-11 11:55:00,1177.83,1177.87,1177.83,1177.87,0.0,12.83,15226.39,1
2023-07-11,2023-07-11 11:56:00,1177.87,1177.92,1177.87,1177.92,0.0,12.83,15226.39,1
2023-07-11,2023-07-11 11:57:00,1177.92,1177.96,1177.92,1177.96,0.0,12.83,15226.39,1
2023-07-11,2023-07-11 11:58:00,1177.96,1178.01,1177.96,1178.01,0.0,12.83,15226.39,1
2023-07-11,2023-07-11 11:59:00,1178.01,1178.05,1178.01,1178.05,0.0,12.83,15226.39,1
2023-07-11,2023-07-11 12:00:00,1178.05,1178.09,1178.05,1178.09,0.0,12.83,15226.39,1
2023-07-11,2023-07-11 12:01:00,1178.09,1178.14,1178.09,1178.14,0.0,12.83,15226.39,1
2023-07-11,2023-07-11 12:02:00,1178.14,1178.18,1178.14,1178.18,0.0,12.83,15226.39,1
2023-07-11,2023-07-11 12:03:00,1178.18,1178.23,1178.18,1178.23,0.0,12.83,15226.39,1
2023-07-11,2023-07-11 12:04:00,1178.23,1178.27,1178.23,1178.27,0.0,12.83,15226.39,1
2023-07-11,2023-07-11 12:05:00,1178.27,1178.32,1178.27,1178.32,0.0,12.83,15226.39,1
2023-07-11,2023-07-11 12:06:00,1178.32,1178.36,1178.32,1178.36,0.0,12.83,15226.39,1
2023-07-11,2023-07-11 12:07:00,1178.36,1178.4,1178.36,1178.4,0.0,12.83,15226.39,1
2023-07-11,2023-07-11 12:08:00,1178.4,1178.45,1178.4,1178.45,0.0,12.83,15226.39,1
2023-07-11,2023-07-11 12:09:00,1178.45,1178.49,1178.45,1178.49,0.0,12.83,15226.39,1
2023-07-11,2023-07-11 12:10:00,1178.49,1178.54,1178.49,1178.54,0.0,12.83,15226.39,1
2023-07-11,2023-07-11 12:11:00,1178.54,1178.58,1178.54,1178.58,0.0,12.83,15226.39,1
2023-07-11,2023-07-11 12:12:00,1178.58,1178.62,1178.58,1178.62,0.0,12.83,15226.39,1
2023-07-11,2023-07-11 12:13:00,1178.62,1178.67,1178.62,1178.67,0.0,12.83,15226.39,1
2023-07-11,2023-07-11 12:14:00,1178.67,1178.71,1178.67,1178.71,0.0,12.83,15226.39,1
2023-07-11,2023-07-11 12:15:00,1178.71,1178.76,1178.71,1178.76,0.0,12.83,15226.39,1
2023-07-11,2023-07-11 12:16:00,1178.76,1178.8,1178.76,1178.8,0.0,12.83,15226.39,1
2023-07-11,2023-07-11 12:17:00,1178.8,1178.85,1178.8,1178.85,0.0,12.83,15226.39,1
2023-07-11,2023-07-11 12:18:00,1178.85,1178.89,1178.85,1178.89,0.0,12.83,15226.39,1
2023-07-11,2023-07-11 12:19:00,1178.89,1178.93,1178.89,1178.93,0.0,12.83,15226.39,1
2023-07-11,2023-07-11 12:20:00,1178.93,1178.98,1178.93,1178.98,0.0,12.83,15226.39,1
2023-07-11,2023-07-11 12:21:00,1178.98,1179.02,1178.98,1179.02,0.0,12.83,15226.39,1
2023-07-11,2023-07-11 12:22:00,1179.02,1179.07,1179.02,1179.07,0.0,12.83,15226.39,1
2023-07-11,2023-07-11 12:23:00,1179.07,1179.11,1179.07,1179.11,0.0,12.83,15226.39,1
2023-07-11,2023-07-11 12:24:00,1179.11,1179.15,1179.11,1179.15,0.0,12.83,15226.39,1
2023-07-11,2023-07-11 12:25:00,1179.15,1179.2,1179.15,1179.2,0.0,12.83,15226.39,1
2023-07-11,2023-07-11 12:26:00,1179.2,1179.24,1179.2,1179.24,0.0,12.83,15226.39,1
2023-07-11,2023-07-11 12:27:00,1179.24,1179.29,1179.24,1179.29,0.0,12.83,15226.39,1
2023-07-11,2023-07-11 12:28:00,1179.29,1179.33,1179.29,1179.33,0.0,12.83,15226.39,1
2023-07-11,2023-07-11 12:29:00,1179.33,1179.38,1179.33,1179.38,0.0,12.83,15226.39,1
2023-07-11,2023-07-11 12:30:00,1179.38,1179.42,1179.38,1179.42,0.0,12.83,15226.39,1
2023-07-11,2023-07-11 12:31:00,1179.42,1179.46,1179.42,1179.46,0.0,12.83,15226.39,1
2023-07-11,2023-07-11 12:32:00,1179.46,1179.51,1179.46,1179.51,0.0,12.83,15226.39,1
2023-07-11,2023-07-11 12:33:00,1179.51,1179.55,1179.51,1179.55,0.0,12.83,15226.39,1
2023-07-11,2023-07-11 12:34:00,1179.55,1179.6,1179.55,1179.6,0.0,12.83,15226.39,1
2023-07-11,2023-07-11 12:35:00,1179.6,1179.64,1179.6,1179.64,0.0,12.83,15226.39,1
2023-07-11,2023-07-11 12:36:00,1179.64,1179.68,1179.64,1179.68,0.0,12.83,15226.39,1
2023-07-11,2023-07-11 12:37:00,1179.68,1179.73,1179.68,1179.73,0.0,12.83,15226.39,1
2023-07-11,2023-07-11 12:38:00,1179.73,1179.77,1179.73,1179.77,0.0,12.83,15226.39,1
2023-07-11,2023-07-11 12:39:00,1179.77,1179.82,1179.77,1179.82,0.0,12.83,15226.39,1
2023-07-11,2023-07-11 12:40:00,1179.82,1179.86,1179.82,1179.86,0.0,12.83,15226.39,1
2023-07-11,2023-07-11 12:41:00,1179.86,1179.9,1179.86,1179.9,0.0,12.83,15226.39,1
2023-07-11,2023-07-11 12:42:00,1179.9,1179.95,1179.9,1179.95,0.0,12.83,15226.39,1
2023-07-11,2023-07-11 12:43:00,1179.95,1179.99,1179.95,1179.99,0.0,12.83,15226.39,1
2023-07-11,2023-07-11 12:44:00,1179.99,1180.04,1179.99,1180.04,0.0,12.83,15226.39,1
2023-07-11,2023-07-11 12:45:00,1180.04,1180.08,1180.04,1180.08,0.0,12.83,15226.39,1
2023-07-11,2023-07-11 12:46:00,1180.08,1180.13,1180.08,1180.13,0.0,12.83,15226.39,1
2023-07-11,2023-07-11 12:47:00,1180.13,1180.17,1180.13,1180.17,0.0,12.83,15226.39,1
2023-07-11,2023-07-11 12:48:00,1180.17,1180.21,1180.17,1180.21,0.0,12.83,15226.39,1
2023-07-11,2023-07-11 12:49:00,1180.21,1180.26,1180.21,1180.26,0.0,12.83,15226.39,1
2023-07-11,2023-07-11 12:50:00,1180.26,1180.3,1180.26,1180.3,0.0,12.83,15226.39,1
2023-07-11,2023-07-11 12:51:00,1180.3,1180.35,1180.3,1180.35,0.0,12.83,15226.39,1
2023-07-11,2023-07-11 12:52:00,1180.35,1180.39,1180.35,1180.39,0.0,12.83,15226.39,1
2023-07-11,2023-07-11 12:53:00,1180.39,1180.43,1180.39,1180.43,0.0,12.83,15226.39,1
2023-07-11,2023-07-11 12:54:00,1180.43,1180.48,1180.43,1180.48,0.0,12.83,15226.39,1
2023-07-11,2023-07-11 12:55:00,1180.48,1180.52,1180.48,1180.52,0.0,12.83,15226.39,1
2023-07-11,2023-07-11 12:56:00,1180.52,1180.57,1180.52,1180.57,0.0,12.83,15226.39,1
2023-07-11,2023-07-11 12:57:00,1180.57,1180.61,1180.57,1180.61,0.0,12.83,15226.39,1
2023-07-11,2023-07-11 12:58:00,1180.61,1180.66,1180.61,1180.66,0.0,12.83,15226.39,1
2023-07-11,2023-07-11 12:59:00,1180.66,1180.7,1180.66,1180.7,0.0,12.83,15226.39,1
2023-07-11,2023-07-11 13:00:00,1180.7,1213.8,1175.0,1180.74,0.0,12.83,15226.39,1
2023-07-11,2023-07-11 13:01:00,1180.74,1180.79,1180.74,1180.79,0.0,12.83,15226.39,1
2023-07-11,2023-07-11 13:02:00,1180.79,1180.83,1180.79,1180.83,0.0,12.83,15226.39,1
2023-07-11,2023-07-11 13:03:00,1180.83,1180.88,1180.83,1180.88,0.0,12.83,15226.39,1
2023-07-11,2023-07-11 13:04:00,1180.88,1180.92,1180.88,1180.92,0.0,12.83,15226.39,1
2023-07-11,2023-07-11 13:05:00,1180.92,1180.97,1180.92,1180.97,0.0,12.83,15226.39,1
2023-07-11,2023-07-11 13:06:00,1180.97,1181.01,1180.97,1181.01,0.0,12.83,15226.39,1
2023-07-11,2023-07-11 13:07:00,1181.01,1181.05,1181.01,1181.05,0.0,12.83,15226.39,1
2023-07-11,2023-07-11 13:08:00,1181.05,1181.1,1181.05,1181.1,0.0,12.83,15226.39,1
2023-07-11,2023-07-11 13:09:00,1181.1,1181.14,1181.1,1181.14,0.0,12.83,15226.39,1
2023-07-11,2023-07-11 13:10:00,1181.14,1181.19,1181.14,1181.19,0.0,12.83,15226.39,1
2023-07-11,2023-07-11 13:11:00,1181.19,1181.23,1181.19,1181.23,0.0,12.83,15226.39,1
2023-07-11,2023-07-11 13:12:00,1181.23,1181.27,1181.23,1181.27,0.0,12.83,15226.39,1
2023-07-11,2023-07-11 13:13:00,1181.27,1181.32,1181.27,1181.32,0.0,12.83,15226.39,1
2023-07-11,2023-07-11 13:14:00,1181.32,1181.36,1181.32,1181.36,0.0,12.83,15226.39,1
2023-07-11,2023-07-11 13:15:00,1181.36,1181.41,1181.36,1181.41,0.0,12.83,15226.39,1
2023-07-11,2023-07-11 13:16:00,1181.41,1181.45,1181.41,1181.45,0.0,12.83,15226.39,1
2023-07-11,2023-07-11 13:17:00,1181.45,1181.5,1181.45,1181.5,0.0,12.83,15226.39,1
2023-07-11,2023-07-11 13:18:00,1181.5,1181.54,1181.5,1181.54,0.0,12.83,15226.39,1
2023-07-11,2023-07-11 13:19:00,1181.54,1181.58,1181.54,1181.58,0.0,12.83,15226.39,1
2023-07-11,2023-07-11 13:20:00,1181.58,1181.63,1181.58,1181.63,0.0,12.83,15226.39,1
2023-07-11,2023-07-11 13:21:00,1181.63,1181.67,1181.63,1181.67,0.0,12.83,15226.39,1
2023-07-11,2023-07-11 13:22:00,1181.67,1181.72,1181.67,1181.72,0.0,12.83,15226.39,1
2023-07-11,2023-07-11 13:23:00,1181.72,1181.76,1181.72,1181.76,0.0,12.83,15226.39,1
2023-07-11,2023-07-11 13:24:00,1181.76,1181.8,1181.76,1181.8,0.0,12.83,15226.39,1
2023-07-11,2023-07-11 13:25:00,1181.8,1181.85,1181.8,1181.85,0.0,12.83,15226.39,1
2023-07-11,2023-07-11 13:26:00,1181.85,1181.89,1181.85,1181.89,0.0,12.83,15226.39,1
2023-07-11,2023-07-11 13:27:00,1181.89,1181.94,1181.89,1181.94,0.0,12.83,15226.39,1
2023-07-11,2023-07-11 13:28:00,1181.94,1181.98,1181.94,1181.98,0.0,12.83,15226.39,1
2023-07-11,2023-07-11 13:29:00,1181.98,1182.03,1181.98,1182.03,0.0,12.83,15226.39,1
2023-07-11,2023-07-11 13:30:00,1182.03,1182.07,1182.03,1182.07,0.0,12.83,15226.39,1
2023-07-11,2023-07-11 13:31:00,1182.07,1182.11,1182.07,1182.11,0.0,12.83,15226.39,1
2023-07-11,2023-07-11 13:32:00,1182.11,1182.16,1182.11,1182.16,0.0,12.83,15226.39,1
2023-07-11,2023-07-11 13:33:00,1182.16,1182.2,1182.16,1182.2,0.0,12.83,15226.39,1
2023-07-11,2023-07-11 13:34:00,1182.2,1182.25,1182.2,1182.25,0.0,12.83,15226.39,1
2023-07-11,2023-07-11 13:35:00,1182.25,1182.29,1182.25,1182.29,0.0,12.83,15226.39,1
2023-07-11,2023-07-11 13:36:00,1182.29,1182.33,1182.29,1182.33,0.0,12.83,15226.39,1
2023-07-11,2023-07-11 13:37:00,1182.33,1182.38,1182.33,1182.38,0.0,12.83,15226.39,1
2023-07-11,2023-07-11 13:38:00,1182.38,1182.42,1182.38,1182.42,0.0,12.83,15226.39,1
2023-07-11,2023-07-11 13:39:00,1182.42,1182.47,1182.42,1182.47,0.0,12.83,15226.39,1
2023-07-11,2023-07-11 13:40:00,1182.47,1182.51,1182.47,1182.51,0.0,12.83,15226.39,1
2023-07-11,2023-07-11 13:41:00,1182.51,1182.56,1182.51,1182.56,0.0,12.83,15226.39,1
2023-07-11,2023-07-11 13:42:00,1182.56,1182.6,1182.56,1182.6,0.0,12.83,15226.39,1
2023-07-11,2023-07-11 13:43:00,1182.6,1182.64,1182.6,1182.64,0.0,12.83,15226.39,1
2023-07-11,2023-07-11 13:44:00,1182.64,1182.69,1182.64,1182.69,0.0,12.83,15226.39,1
2023-07-11,2023-07-11 13:45:00,1182.69,1182.73,1182.69,1182.73,0.0,12.83,15226.39,1
2023-07-11,2023-07-11 13:46:00,1182.73,1182.78,1182.73,1182.78,0.0,12.83,15226.39,1
2023-07-11,2023-07-11 13:47:00,1182.78,1182.82,1182.78,1182.82,0.0,12.83,15226.39,1
2023-07-11,2023-07-11 13:48:00,1182.82,1182.86,1182.82,1182.86,0.0,12.83,15226.39,1
2023-07-11,2023-07-11 13:49:00,1182.86,1182.91,1182.86,1182.91,0.0,12.83,15226.39,1
2023-07-11,2023-07-11 13:50:00,1182.91,1182.95,1182.91,1182.95,0.0,12.83,15226.39,1
2023-07-11,2023-07-11 13:51:00,1182.95,1183.0,1182.95,1183.0,0.0,12.83,15226.39,1
2023-07-11,2023-07-11 13:52:00,1183.0,1183.04,1183.0,1183.04,0.0,12.83,15226.39,1
2023-07-11,2023-07-11 13:53:00,1183.04,1183.09,1183.04,1183.09,0.0,12.83,15226.39,1
2023-07-11,2023-07-11 13:54:00,1183.09,1183.13,1183.09,1183.13,0.0,12.83,15226.39,1
2023-07-11,2023-07-11 13:55:00,1183.13,1183.17,1183.13,1183.17,0.0,12.83,15226.39,1
2023-07-11,2023-07-11 13:56:00,1183.17,1183.22,1183.17,1183.22,0.0,12.83,15226.39,1
2023-07-11,2023-07-11 13:57:00,1183.22,1183.26,1183.22,1183.26,0.0,12.83,15226.39,1
2023-07-11,2023-07-11 13:58:00,1183.26,1183.31,1183.26,1183.31,0.0,12.83,15226.39,1
2023-07-11,2023-07-11 13:59:00,1183.31,1183.35,1183.31,1183.35,0.0,12.83,15226.39,1
2023-07-11,2023-07-11 14:00:00,1183.35,1183.39,1183.35,1183.39,0.0,12.83,15226.39,1
2023-07-11,2023-07-11 14:01:00,1183.39,1183.44,1183.39,1183.44,0.0,12.83,15226.39,1
2023-07-11,2023-07-11 14:02:00,1183.44,1183.48,1183.44,1183.48,0.0,12.83,15226.39,1
2023-07-11,2023-07-11 14:03:00,1183.48,1183.53,1183.48,1183.53,0.0,12.83,15226.39,1
2023-07-11,2023-07-11 14:04:00,1183.53,1183.57,1183.53,1183.57,0.0,12.83,15226.39,1
2023-07-11,2023-07-11 14:05:00,1183.57,1183.62,1183.57,1183.62,0.0,12.83,15226.39,1
2023-07-11,2023-07-11 14:06:00,1183.62,1183.66,1183.62,1183.66,0.0,12.83,15226.39,1
2023-07-11,2023-07-11 14:07:00,1183.66,1183.7,1183.66,1183.7,0.0,12.83,15226.39,1
2023-07-11,2023-07-11 14:08:00,1183.7,1183.75,1183.7,1183.75,0.0,12.83,15226.39,1
2023-07-11,2023-07-11 14:09:00,1183.75,1183.79,1183.75,1183.79,0.0,12.83,15226.39,1
2023-07-11,2023-07-11 14:10:00,1183.79,1183.84,1183.79,1183.84,0.0,12.83,15226.39,1
2023-07-11,2023-07-11 14:11:00,1183.84,1183.88,1183.84,1183.88,0.0,12.83,15226.39,1
2023-07-11,2023-07-11 14:12:00,1183.88,1183.92,1183.88,1183.92,0.0,12.83,15226.39,1
2023-07-11,2023-07-11 14:13:00,1183.92,1183.97,1183.92,1183.97,0.0,12.83,15226.39,1
2023-07-11,2023-07-11 14:14:00,1183.97,1184.01,1183.97,1184.01,0.0,12.83,15226.39,1
2023-07-11,2023-07-11 14:15:00,1184.01,1184.06,1184.01,1184.06,0.0,12.83,15226.39,1
2023-07-11,2023-07-11 14:16:00,1184.06,1184.1,1184.06,1184.1,0.0,12.83,15226.39,1
2023-07-11,2023-07-11 14:17:00,1184.1,1184.14,1184.1,1184.14,0.0,12.83,15226.39,1
2023-07-11,2023-07-11 14:18:00,1184.14,1184.19,1184.14,1184.19,0.0,12.83,15226.39,1
2023-07-11,2023-07-11 14:19:00,1184.19,1184.23,1184.19,1184.23,0.0,12.83,15226.39,1
2023-07-11,2023-07-11 14:20:00,1184.23,1184.28,1184.23,1184.28,0.0,12.83,15226.39,1
2023-07-11,2023-07-11 14:21:00,1184.28,1184.32,1184.28,1184.32,0.0,12.83,15226.39,1
2023-07-11,2023-07-11 14:22:00,1184.32,1184.37,1184.32,1184.37,0.0,12.83,15226.39,1
2023-07-11,2023-07-11 14:23:00,1184.37,1184.41,1184.37,1184.41,0.0,12.83,15226.39,1
2023-07-11,2023-07-11 14:24:00,1184.41,1184.45,1184.41,1184.45,0.0,12.83,15226.39,1
2023-07-11,2023-07-11 14:25:00,1184.45,1184.5,1184.45,1184.5,0.0,12.83,15226.39,1
2023-07-11,2023-07-11 14:26:00,1184.5,1184.54,1184.5,1184.54,0.0,12.83,15226.39,1
2023-07-11,2023-07-11 14:27:00,1184.54,1184.59,1184.54,1184.59,0.0,12.83,15226.39,1
2023-07-11,2023-07-11 14:28:00,1184.59,1184.63,1184.59,1184.63,0.0,12.83,15226.39,1
2023-07-11,2023-07-11 14:29:00,1184.63,1184.67,1184.63,1184.67,0.0,12.83,15226.39,1
2023-07-11,2023-07-11 14:30:00,1184.67,1184.72,1184.67,1184.72,0.0,12.83,15226.39,1
2023-07-11,2023-07-11 14:31:00,1184.72,1184.76,1184.72,1184.76,0.0,12.83,15226.39,1
2023-07-11,2023-07-11 14:32:00,1184.76,1184.81,1184.76,1184.81,0.0,12.83,15226.39,1
2023-07-11,2023-07-11 14:33:00,1184.81,1184.85,1184.81,1184.85,0.0,12.83,15226.39,1
2023-07-11,2023-07-11 14:34:00,1184.85,1184.9,1184.85,1184.9,0.0,12.83,15226.39,1
2023-07-11,2023-07-11 14:35:00,1184.9,1184.94,1184.9,1184.94,0.0,12.83,15226.39,1
2023-07-11,2023-07-11 14:36:00,1184.94,1184.98,1184.94,1184.98,0.0,12.83,15226.39,1
2023-07-11,2023-07-11 14:37:00,1184.98,1185.03,1184.98,1185.03,0.0,12.83,15226.39,1
2023-07-11,2023-07-11 14:38:00,1185.03,1185.07,1185.03,1185.07,0.0,12.83,15226.39,1
2023-07-11,2023-07-11 14:39:00,1185.07,1185.12,1185.07,1185.12,0.0,12.83,15226.39,1
2023-07-11,2023-07-11 14:40:00,1185.12,1185.16,1185.12,1185.16,0.0,12.83,15226.39,1
2023-07-11,2023-07-11 14:41:00,1185.16,1185.2,1185.16,1185.2,0.0,12.83,15226.39,1
2023-07-11,2023-07-11 14:42:00,1185.2,1185.25,1185.2,1185.25,0.0,12.83,15226.39,1
2023-07-11,2023-07-11 14:43:00,1185.25,1185.29,1185.25,1185.29,0.0,12.83,15226.39,1
2023-07-11,2023-07-11 14:44:00,1185.29,1185.34,1185.29,1185.34,0.0,12.83,15226.39,1
2023-07-11,2023-07-11 14:45:00,1185.34,1185.38,1185.34,1185.38,0.0,12.83,15226.39,1
2023-07-11,2023-07-11 14:46:00,1185.38,1185.43,1185.38,1185.43,0.0,12.83,15226.39,1
2023-07-11,2023-07-11 14:47:00,1185.43,1185.47,1185.43,1185.47,0.0,12.83,15226.39,1
2023-07-11,2023-07-11 14:48:00,1185.47,1185.51,1185.47,1185.51,0.0,12.83,15226.39,1
2023-07-11,2023-07-11 14:49:00,1185.51,1185.56,1185.51,1185.56,0.0,12.83,15226.39,1
2023-07-11,2023-07-11 14:50:00,1185.56,1185.6,1185.56,1185.6,0.0,12.83,15226.39,1
2023-07-11,2023-07-11 14:51:00,1185.6,1185.65,1185.6,1185.65,0.0,12.83,15226.39,1
2023-07-11,2023-07-11 14:52:00,1185.65,1185.69,1185.65,1185.69,0.0,12.83,15226.39,1
2023-07-11,2023-07-11 14:53:00,1185.69,1185.73,1185.69,1185.73,0.0,12.83,15226.39,1
2023-07-11,2023-07-11 14:54:00,1185.73,1185.78,1185.73,1185.78,0.0,12.83,15226.39,1
2023-07-11,2023-07-11 14:55:00,1185.78,1185.82,1185.78,1185.82,0.0,12.83,15226.39,1
2023-07-11,2023-07-11 14:56:00,1185.82,1185.87,1185.82,1185.87,0.0,12.83,15226.39,1
2023-07-11,2023-07-11 14:57:00,1185.87,1185.91,1185.87,1185.91,0.0,12.83,15226.39,1
2023-07-11,2023-07-11 14:58:00,1185.91,1185.96,1185.91,1185.96,0.0,12.83,15226.39,1
2023-07-11,2023-07-11 14:59:00,1185.96,1186.0,1185.96,1186.0,0.0,12.83,15226.39,1
2023-07-11,2023-07-11 15:00:00,1186.0,1213.8,1175.0,1186.0,0.0,12.83,15226.39,0
2023-07-12,2023-07-12 11:00:00,1186.0,1221.58,1181.26,1186.49,0.04,34.09,42638.0,1
2023-07-12,2023-07-12 11:01:00,1186.49,1186.99,1186.49,1186.99,0.04,34.09,42638.0,1
2023-07-12,2023-07-12 11:02:00,1186.99,1187.48,1186.99,1187.48,0.04,34.09,42638.0,1
2023-07-12,2023-07-12 11:03:00,1187.48,1187.98,1187.48,1187.98,0.04,34.09,42638.0,1
2023-07-12,2023-07-12 11:04:00,1187.98,1188.47,1187.98,1188.47,0.04,34.09,42638.0,1
2023-07-12,2023-07-12 11:05:00,1188.47,1188.96,1188.47,1188.96,0.04,34.09,42638.0,1
2023-07-12,2023-07-12 11:06:00,1188.96,1189.46,1188.96,1189.46,0.04,34.09,42638.0,1
2023-07-12,2023-07-12 11:07:00,1189.46,1189.95,1189.46,1189.95,0.04,34.09,42638.0,1
2023-07-12,2023-07-12 11:08:00,1189.95,1190.45,1189.95,1190.45,0.04,34.09,42638.0,1
2023-07-12,2023-07-12 11:09:00,1190.45,1190.94,1190.45,1190.94,0.04,34.09,42638.0,1
2023-07-12,2023-07-12 11:10:00,1190.94,1191.44,1190.94,1191.44,0.04,34.09,42638.0,1
2023-07-12,2023-07-12 11:11:00,1191.44,1191.93,1191.44,1191.93,0.04,34.09,42638.0,1
2023-07-12,2023-07-12 11:12:00,1191.93,1192.42,1191.93,1192.42,0.04,34.09,42638.0,1
2023-07-12,2023-07-12 11:13:00,1192.42,1192.92,1192.42,1192.92,0.04,34.09,42638.0,1
2023-07-12,2023-07-12 11:14:00,1192.92,1193.41,1192.92,1193.41,0.04,34.09,42638.0,1
2023-07-12,2023-07-12 11:15:00,1193.41,1193.91,1193.41,1193.91,0.04,34.09,42638.0,1
2023-07-12,2023-07-12 11:16:00,1193.91,1194.4,1193.91,1194.4,0.04,34.09,42638.0,1
2023-07-12,2023-07-12 11:17:00,1194.4,1194.89,1194.4,1194.89,0.04,34.09,42638.0,1
2023-07-12,2023-07-12 11:18:00,1194.89,1195.39,1194.89,1195.39,0.04,34.09,42638.0,1
2023-07-12,2023-07-12 11:19:00,1195.39,1195.88,1195.39,1195.88,0.04,34.09,42638.0,1
2023-07-12,2023-07-12 11:20:00,1195.88,1196.38,1195.88,1196.38,0.04,34.09,42638.0,1
2023-07-12,2023-07-12 11:21:00,1196.38,1196.87,1196.38,1196.87,0.04,34.09,42638.0,1
2023-07-12,2023-07-12 11:22:00,1196.87,1197.37,1196.87,1197.37,0.04,34.09,42638.0,1
2023-07-12,2023-07-12 11:23:00,1197.37,1197.86,1197.37,1197.86,0.04,34.09,42638.0,1
2023-07-12,2023-07-12 11:24:00,1197.86,1198.35,1197.86,1198.35,0.04,34.09,42638.0,1
2023-07-12,2023-07-12 11:25:00,1198.35,1198.85,1198.35,1198.85,0.04,34.09,42638.0,1
2023-07-12,2023-07-12 11:26:00,1198.85,1199.34,1198.85,1199.34,0.04,34.09,42638.0,1
2023-07-12,2023-07-12 11:27:00,1199.34,1199.84,1199.34,1199.84,0.04,34.09,42638.0,1
2023-07-12,2023-07-12 11:28:00,1199.84,1200.33,1199.84,1200.33,0.04,34.09,42638.0,1
2023-07-12,2023-07-12 11:29:00,1200.33,1200.83,1200.33,1200.83,0.04,34.09,42638.0,1
2023-07-12,2023-07-12 11:30:00,1200.83,1201.32,1200.83,1201.32,0.04,34.09,42638.0,1
2023-07-12,2023-07-12 11:31:00,1201.32,1201.81,1201.32,1201.81,0.04,34.09,42638.0,1
2023-07-12,2023-07-12 11:32:00,1201.81,1202.31,1201.81,1202.31,0.04,34.09,42638.0,1
2023-07-12,2023-07-12 11:33:00,1202.31,1202.8,1202.31,1202.8,0.04,34.09,42638.0,1
2023-07-12,2023-07-12 11:34:00,1202.8,1203.3,1202.8,1203.3,0.04,34.09,42638.0,1
2023-07-12,2023-07-12 11:35:00,1203.3,1203.79,1203.3,1203.79,0.04,34.09,42638.0,1
2023-07-12,2023-07-12 11:36:00,1203.79,1204.28,1203.79,1204.28,0.04,34.09,42638.0,1
2023-07-12,2023-07-12 11:37:00,1204.28,1204.78,1204.28,1204.78,0.04,34.09,42638.0,1
2023-07-12,2023-07-12 11:38:00,1204.78,1205.27,1204.78,1205.27,0.04,34.09,42638.0,1
2023-07-12,2023-07-12 11:39:00,1205.27,1205.77,1205.27,1205.77,0.04,34.09,42638.0,1
2023-07-12,2023-07-12 11:40:00,1205.77,1206.26,1205.77,1206.26,0.04,34.09,42638.0,1
2023-07-12,2023-07-12 11:41:00,1206.26,1206.75,1206.26,1206.75,0.04,34.09,42638.0,1
2023-07-12,2023-07-12 11:42:00,1206.75,1207.25,1206.75,1207.25,0.04,34.09,42638.0,1
2023-07-12,2023-07-12 11:43:00,1207.25,1207.74,1207.25,1207.74,0.04,34.09,42638.0,1
2023-07-12,2023-07-12 11:44:00,1207.74,1208.24,1207.74,1208.24,0.04,34.09,42638.0,1
2023-07-12,2023-07-12 11:45:00,1208.24,1208.73,1208.24,1208.73,0.04,34.09,42638.0,1
2023-07-12,2023-07-12 11:46:00,1208.73,1209.23,1208.73,1209.23,0.04,34.09,42638.0,1
2023-07-12,2023-07-12 11:47:00,1209.23,1209.72,1209.23,1209.72,0.04,34.09,42638.0,1
2023-07-12,2023-07-12 11:48:00,1209.72,1210.21,1209.72,1210.21,0.04,34.09,42638.0,1
2023-07-12,2023-07-12 11:49:00,1210.21,1210.71,1210.21,1210.71,0.04,34.09,42638.0,1
2023-07-12,2023-07-12 11:50:00,1210.71,1211.2,1210.71,1211.2,0.04,34.09,42638.0,1
2023-07-12,2023-07-12 11:51:00,1211.2,1211.7,1211.2,1211.7,0.04,34.09,42638.0,1
2023-07-12,2023-07-12 11:52:00,1211.7,1212.19,1211.7,1212.19,0.04,34.09,42638.0,1
2023-07-12,2023-07-12 11:53:00,1212.19,1212.68,1212.19,1212.68,0.04,34.09,42638.0,1
2023-07-12,2023-07-12 11:54:00,1212.68,1213.18,1212.68,1213.18,0.04,34.09,42638.0,1
2023-07-12,2023-07-12 11:55:00,1213.18,1213.67,1213.18,1213.67,0.04,34.09,42638.0,1
2023-07-12,2023-07-12 11:56:00,1213.67,1214.17,1213.67,1214.17,0.04,34.09,42638.0,1
2023-07-12,2023-07-12 11:57:00,1214.17,1214.66,1214.17,1214.66,0.04,34.09,42638.0,1
2023-07-12,2023-07-12 11:58:00,1214.66,1215.16,1214.66,1215.16,0.04,34.09,42638.0,1
2023-07-12,2023-07-12 11:59:00,1215.16,1215.65,1215.16,1215.65,0.04,34.09,42638.0,1
2023-07-12,2023-07-12 12:00:00,1215.65,1216.14,1215.65,1216.14,0.04,34.09,42638.0,1
2023-07-12,2023-07-12 12:01:00,1216.14,1216.64,1216.14,1216.64,0.04,34.09,42638.0,1
2023-07-12,2023-07-12 12:02:00,1216.64,1217.13,1216.64,1217.13,0.04,34.09,42638.0,1
2023-07-12,2023-07-12 12:03:00,1217.13,1217.63,1217.13,1217.63,0.04,34.09,42638.0,1
2023-07-12,2023-07-12 12:04:00,1217.63,1218.12,1217.63,1218.12,0.04,34.09,42638.0,1
2023-07-12,2023-07-12 12:05:00,1218.12,1218.62,1218.12,1218.62,0.04,34.09,42638.0,1
2023-07-12,2023-07-12 12:06:00,1218.62,1219.11,1218.62,1219.11,0.04,34.09,42638.0,1
2023-07-12,2023-07-12 12:07:00,1219.11,1219.6,1219.11,1219.6,0.04,34.09,42638.0,1
2023-07-12,2023-07-12 12:08:00,1219.6,1220.1,1219.6,1220.1,0.04,34.09,42638.0,1
2023-07-12,2023-07-12 12:09:00,1220.1,1220.59,1220.1,1220.59,0.04,34.09,42638.0,1
2023-07-12,2023-07-12 12:10:00,1220.59,1221.09,1220.59,1221.09,0.04,34.09,42638.0,1
2023-07-12,2023-07-12 12:11:00,1221.09,1221.58,1221.09,1221.58,0.04,34.09,42638.0,1
2023-07-12,2023-07-12 12:12:00,1221.58,1222.07,1221.58,1222.07,0.04,34.09,42638.0,1
2023-07-12,2023-07-12 12:13:00,1222.07,1222.57,1222.07,1222.57,0.04,34.09,42638.0,1
2023-07-12,2023-07-12 12:14:00,1222.57,1223.06,1222.57,1223.06,0.04,34.09,42638.0,1
2023-07-12,2023-07-12 12:15:00,1223.06,1223.56,1223.06,1223.56,0.04,34.09,42638.0,1
2023-07-12,2023-07-12 12:16:00,1223.56,1224.05,1223.56,1224.05,0.04,34.09,42638.0,1
2023-07-12,2023-07-12 12:17:00,1224.05,1224.55,1224.05,1224.55,0.04,34.09,42638.0,1
2023-07-12,2023-07-12 12:18:00,1224.55,1225.04,1224.55,1225.04,0.04,34.09,42638.0,1
2023-07-12,2023-07-12 12:19:00,1225.04,1225.53,1225.04,1225.53,0.04,34.09,42638.0,1
2023-07-12,2023-07-12 12:20:00,1225.53,1226.03,1225.53,1226.03,0.04,34.09,42638.0,1
2023-07-12,2023-07-12 12:21:00,1226.03,1226.52,1226.03,1226.52,0.04,34.09,42638.0,1
2023-07-12,2023-07-12 12:22:00,1226.52,1227.02,1226.52,1227.02,0.04,34.09,42638.0,1
2023-07-12,2023-07-12 12:23:00,1227.02,1227.51,1227.02,1227.51,0.04,34.09,42638.0,1
2023-07-12,2023-07-12 12:24:00,1227.51,1228.0,1227.51,1228.0,0.04,34.09,42638.0,1
2023-07-12,2023-07-12 12:25:00,1228.0,1228.5,1228.0,1228.5,0.04,34.09,42638.0,1
2023-07-12,2023-07-12 12:26:00,1228.5,1228.99,1228.5,1228.99,0.04,34.09,42638.0,1
2023-07-12,2023-07-12 12:27:00,1228.99,1229.49,1228.99,1229.49,0.04,34.09,42638.0,1
2023-07-12,2023-07-12 12:28:00,1229.49,1229.98,1229.49,1229.98,0.04,34.09,42638.0,1
2023-07-12,2023-07-12 12:29:00,1229.98,1230.47,1229.98,1230.47,0.04,34.09,42638.0,1
2023-07-12,2023-07-12 12:30:00,1230.47,1230.97,1230.47,1230.97,0.04,34.09,42638.0,1
2023-07-12,2023-07-12 12:31:00,1230.97,1231.46,1230.97,1231.46,0.04,34.09,42638.0,1
2023-07-12,2023-07-12 12:32:00,1231.46,1231.96,1231.46,1231.96,0.04,34.09,42638.0,1
2023-07-12,2023-07-12 12:33:00,1231.96,1232.45,1231.96,1232.45,0.04,34.09,42638.0,1
2023-07-12,2023-07-12 12:34:00,1232.45,1232.95,1232.45,1232.95,0.04,34.09,42638.0,1
2023-07-12,2023-07-12 12:35:00,1232.95,1233.44,1232.95,1233.44,0.04,34.09,42638.0,1
2023-07-12,2023-07-12 12:36:00,1233.44,1233.93,1233.44,1233.93,0.04,34.09,42638.0,1
2023-07-12,2023-07-12 12:37:00,1233.93,1234.43,1233.93,1234.43,0.04,34.09,42638.0,1
2023-07-12,2023-07-12 12:38:00,1234.43,1234.92,1234.43,1234.92,0.04,34.09,42638.0,1
2023-07-12,2023-07-12 12:39:00,1234.92,1235.42,1234.92,1235.42,0.04,34.09,42638.0,1
2023-07-12,2023-07-12 12:40:00,1235.42,1235.91,1235.42,1235.91,0.04,34.09,42638.0,1
2023-07-12,2023-07-12 12:41:00,1235.91,1236.4,1235.91,1236.4,0.04,34.09,42638.0,1
2023-07-12,2023-07-12 12:42:00,1236.4,1236.9,1236.4,1236.9,0.04,34.09,42638.0,1
2023-07-12,2023-07-12 12:43:00,1236.9,1237.39,1236.9,1237.39,0.04,34.09,42638.0,1
2023-07-12,2023-07-12 12:44:00,1237.39,1237.89,1237.39,1237.89,0.04,34.09,42638.0,1
2023-07-12,2023-07-12 12:45:00,1237.89,1238.38,1237.89,1238.38,0.04,34.09,42638.0,1
2023-07-12,2023-07-12 12:46:00,1238.38,1238.88,1238.38,1238.88,0.04,34.09,42638.0,1
2023-07-12,2023-07-12 12:47:00,1238.88,1239.37,1238.88,1239.37,0.04,34.09,42638.0,1
2023-07-12,2023-07-12 12:48:00,1239.37,1239.86,1239.37,1239.86,0.04,34.09,42638.0,1
2023-07-12,2023-07-12 12:49:00,1239.86,1240.36,1239.86,1240.36,0.04,34.09,42638.0,1
2023-07-12,2023-07-12 12:50:00,1240.36,1240.85,1240.36,1240.85,0.04,34.09,42638.0,1
2023-07-12,2023-07-12 12:51:00,1240.85,1241.35,1240.85,1241.35,0.04,34.09,42638.0,1
2023-07-12,2023-07-12 12:52:00,1241.35,1241.84,1241.35,1241.84,0.04,34.09,42638.0,1
2023-07-12,2023-07-12 12:53:00,1241.84,1242.34,1241.84,1242.34,0.04,34.09,42638.0,1
2023-07-12,2023-07-12 12:54:00,1242.34,1242.83,1242.34,1242.83,0.04,34.09,42638.0,1
2023-07-12,2023-07-12 12:55:00,1242.83,1243.32,1242.83,1243.32,0.04,34.09,42638.0,1
2023-07-12,2023-07-12 12:56:00,1243.32,1243.82,1243.32,1243.82,0.04,34.09,42638.0,1
2023-07-12,2023-07-12 12:57:00,1243.82,1244.31,1243.82,1244.31,0.04,34.09,42638.0,1
2023-07-12,2023-07-12 12:58:00,1244.31,1244.81,1244.31,1244.81,0.04,34.09,42638.0,1
2023-07-12,2023-07-12 12:59:00,1244.81,1245.3,1244.81,1245.3,0.04,34.09,42638.0,1
2023-07-12,2023-07-12 13:00:00,1245.3,1304.6,1170.2,1245.79,0.04,34.09,42638.0,1
2023-07-12,2023-07-12 13:01:00,1245.79,1246.29,1245.79,1246.29,0.04,34.09,42638.0,1
2023-07-12,2023-07-12 13:02:00,1246.29,1246.78,1246.29,1246.78,0.04,34.09,42638.0,1
2023-07-12,2023-07-12 13:03:00,1246.78,1247.28,1246.78,1247.28,0.04,34.09,42638.0,1
2023-07-12,2023-07-12 13:04:00,1247.28,1247.77,1247.28,1247.77,0.04,34.09,42638.0,1
2023-07-12,2023-07-12 13:05:00,1247.77,1248.26,1247.77,1248.26,0.04,34.09,42638.0,1
2023-07-12,2023-07-12 13:06:00,1248.26,1248.76,1248.26,1248.76,0.04,34.09,42638.0,1
2023-07-12,2023-07-12 13:07:00,1248.76,1249.25,1248.76,1249.25,0.04,34.09,42638.0,1
2023-07-12,2023-07-12 13:08:00,1249.25,1249.75,1249.25,1249.75,0.04,34.09,42638.0,1
2023-07-12,2023-07-12 13:09:00,1249.75,1250.24,1249.75,1250.24,0.04,34.09,42638.0,1
2023-07-12,2023-07-12 13:10:00,1250.24,1250.74,1250.24,1250.74,0.04,34.09,42638.0,1
2023-07-12,2023-07-12 13:11:00,1250.74,1251.23,1250.74,1251.23,0.04,34.09,42638.0,1
2023-07-12,2023-07-12 13:12:00,1251.23,1251.72,1251.23,1251.72,0.04,34.09,42638.0,1
2023-07-12,2023-07-12 13:13:00,1251.72,1252.22,1251.72,1252.22,0.04,34.09,42638.0,1
2023-07-12,2023-07-12 13:14:00,1252.22,1252.71,1252.22,1252.71,0.04,34.09,42638.0,1
2023-07-12,2023-07-12 13:15:00,1252.71,1253.21,1252.71,1253.21,0.04,34.09,42638.0,1
2023-07-12,2023-07-12 13:16:00,1253.21,1253.7,1253.21,1253.7,0.04,34.09,42638.0,1
2023-07-12,2023-07-12 13:17:00,1253.7,1254.19,1253.7,1254.19,0.04,34.09,42638.0,1
2023-07-12,2023-07-12 13:18:00,1254.19,1254.69,1254.19,1254.69,0.04,34.09,42638.0,1
2023-07-12,2023-07-12 13:19:00,1254.69,1255.18,1254.69,1255.18,0.04,34.09,42638.0,1
2023-07-12,2023-07-12 13:20:00,1255.18,1255.68,1255.18,1255.68,0.04,34.09,42638.0,1
2023-07-12,2023-07-12 13:21:00,1255.68,1256.17,1255.68,1256.17,0.04,34.09,42638.0,1
2023-07-12,2023-07-12 13:22:00,1256.17,1256.67,1256.17,1256.67,0.04,34.09,42638.0,1
2023-07-12,2023-07-12 13:23:00,1256.67,1257.16,1256.67,1257.16,0.04,34.09,42638.0,1
2023-07-12,2023-07-12 13:24:00,1257.16,1257.65,1257.16,1257.65,0.04,34.09,42638.0,1
2023-07-12,2023-07-12 13:25:00,1257.65,1258.15,1257.65,1258.15,0.04,34.09,42638.0,1
2023-07-12,2023-07-12 13:26:00,1258.15,1258.64,1258.15,1258.64,0.04,34.09,42638.0,1
2023-07-12,2023-07-12 13:27:00,1258.64,1259.14,1258.64,1259.14,0.04,34.09,42638.0,1
2023-07-12,2023-07-12 13:28:00,1259.14,1259.63,1259.14,1259.63,0.04,34.09,42638.0,1
2023-07-12,2023-07-12 13:29:00,1259.63,1260.12,1259.63,1260.12,0.04,34.09,42638.0,1
2023-07-12,2023-07-12 13:30:00,1260.12,1260.62,1260.12,1260.62,0.04,34.09,42638.0,1
2023-07-12,2023-07-12 13:31:00,1260.62,1261.11,1260.62,1261.11,0.04,34.09,42638.0,1
2023-07-12,2023-07-12 13:32:00,1261.11,1261.61,1261.11,1261.61,0.04,34.09,42638.0,1
2023-07-12,2023-07-12 13:33:00,1261.61,1262.1,1261.61,1262.1,0.04,34.09,42638.0,1
2023-07-12,2023-07-12 13:34:00,1262.1,1262.6,1262.1,1262.6,0.04,34.09,42638.0,1
2023-07-12,2023-07-12 13:35:00,1262.6,1263.09,1262.6,1263.09,0.04,34.09,42638.0,1
2023-07-12,2023-07-12 13:36:00,1263.09,1263.58,1263.09,1263.58,0.04,34.09,42638.0,1
2023-07-12,2023-07-12 13:37:00,1263.58,1264.08,1263.58,1264.08,0.04,34.09,42638.0,1
2023-07-12,2023-07-12 13:38:00,1264.08,1264.57,1264.08,1264.57,0.04,34.09,42638.0,1
2023-07-12,2023-07-12 13:39:00,1264.57,1265.07,1264.57,1265.07,0.04,34.09,42638.0,1
2023-07-12,2023-07-12 13:40:00,1265.07,1265.56,1265.07,1265.56,0.04,34.09,42638.0,1
2023-07-12,2023-07-12 13:41:00,1265.56,1266.05,1265.56,1266.05,0.04,34.09,42638.0,1
2023-07-12,2023-07-12 13:42:00,1266.05,1266.55,1266.05,1266.55,0.04,34.09,42638.0,1
2023-07-12,2023-07-12 13:43:00,1266.55,1267.04,1266.55,1267.04,0.04,34.09,42638.0,1
2023-07-12,2023-07-12 13:44:00,1267.04,1267.54,1267.04,1267.54,0.04,34.09,42638.0,1
2023-07-12,2023-07-12 13:45:00,1267.54,1268.03,1267.54,1268.03,0.04,34.09,42638.0,1
2023-07-12,2023-07-12 13:46:00,1268.03,1268.53,1268.03,1268.53,0.04,34.09,42638.0,1
2023-07-12,2023-07-12 13:47:00,1268.53,1269.02,1268.53,1269.02,0.04,34.09,42638.0,1
2023-07-12,2023-07-12 13:48:00,1269.02,1269.51,1269.02,1269.51,0.04,34.09,42638.0,1
2023-07-12,2023-07-12 13:49:00,1269.51,1270.01,1269.51,1270.01,0.04,34.09,42638.0,1
2023-07-12,2023-07-12 13:50:00,1270.01,1270.5,1270.01,1270.5,0.04,34.09,42638.0,1
2023-07-12,2023-07-12 13:51:00,1270.5,1271.0,1270.5,1271.0,0.04,34.09,42638.0,1
2023-07-12,2023-07-12 13:52:00,1271.0,1271.49,1271.0,1271.49,0.04,34.09,42638.0,1
2023-07-12,2023-07-12 13:53:00,1271.49,1271.98,1271.49,1271.98,0.04,34.09,42638.0,1
2023-07-12,2023-07-12 13:54:00,1271.98,1272.48,1271.98,1272.48,0.04,34.09,42638.0,1
2023-07-12,2023-07-12 13:55:00,1272.48,1272.97,1272.48,1272.97,0.04,34.09,42638.0,1
2023-07-12,2023-07-12 13:56:00,1272.97,1273.47,1272.97,1273.47,0.04,34.09,42638.0,1
2023-07-12,2023-07-12 13:57:00,1273.47,1273.96,1273.47,1273.96,0.04,34.09,42638.0,1
2023-07-12,2023-07-12 13:58:00,1273.96,1274.46,1273.96,1274.46,0.04,34.09,42638.0,1
2023-07-12,2023-07-12 13:59:00,1274.46,1274.95,1274.46,1274.95,0.04,34.09,42638.0,1
2023-07-12,2023-07-12 14:00:00,1274.95,1275.44,1274.95,1275.44,0.04,34.09,42638.0,1
2023-07-12,2023-07-12 14:01:00,1275.44,1275.94,1275.44,1275.94,0.04,34.09,42638.0,1
2023-07-12,2023-07-12 14:02:00,1275.94,1276.43,1275.94,1276.43,0.04,34.09,42638.0,1
2023-07-12,2023-07-12 14:03:00,1276.43,1276.93,1276.43,1276.93,0.04,34.09,42638.0,1
2023-07-12,2023-07-12 14:04:00,1276.93,1277.42,1276.93,1277.42,0.04,34.09,42638.0,1
2023-07-12,2023-07-12 14:05:00,1277.42,1277.91,1277.42,1277.91,0.04,34.09,42638.0,1
2023-07-12,2023-07-12 14:06:00,1277.91,1278.41,1277.91,1278.41,0.04,34.09,42638.0,1
2023-07-12,2023-07-12 14:07:00,1278.41,1278.9,1278.41,1278.9,0.04,34.09,42638.0,1
2023-07-12,2023-07-12 14:08:00,1278.9,1279.4,1278.9,1279.4,0.04,34.09,42638.0,1
2023-07-12,2023-07-12 14:09:00,1279.4,1279.89,1279.4,1279.89,0.04,34.09,42638.0,1
2023-07-12,2023-07-12 14:10:00,1279.89,1280.39,1279.89,1280.39,0.04,34.09,42638.0,1
2023-07-12,2023-07-12 14:11:00,1280.39,1280.88,1280.39,1280.88,0.04,34.09,42638.0,1
2023-07-12,2023-07-12 14:12:00,1280.88,1281.37,1280.88,1281.37,0.04,34.09,42638.0,1
2023-07-12,2023-07-12 14:13:00,1281.37,1281.87,1281.37,1281.87,0.04,34.09,42638.0,1
2023-07-12,2023-07-12 14:14:00,1281.87,1282.36,1281.87,1282.36,0.04,34.09,42638.0,1
2023-07-12,2023-07-12 14:15:00,1282.36,1282.86,1282.36,1282.86,0.04,34.09,42638.0,1
2023-07-12,2023-07-12 14:16:00,1282.86,1283.35,1282.86,1283.35,0.04,34.09,42638.0,1
2023-07-12,2023-07-12 14:17:00,1283.35,1283.84,1283.35,1283.84,0.04,34.09,42638.0,1
2023-07-12,2023-07-12 14:18:00,1283.84,1284.34,1283.84,1284.34,0.04,34.09,42638.0,1
2023-07-12,2023-07-12 14:19:00,1284.34,1284.83,1284.34,1284.83,0.04,34.09,42638.0,1
2023-07-12,2023-07-12 14:20:00,1284.83,1285.33,1284.83,1285.33,0.04,34.09,42638.0,1
2023-07-12,2023-07-12 14:21:00,1285.33,1285.82,1285.33,1285.82,0.04,34.09,42638.0,1
2023-07-12,2023-07-12 14:22:00,1285.82,1286.32,1285.82,1286.32,0.04,34.09,42638.0,1
2023-07-12,2023-07-12 14:23:00,1286.32,1286.81,1286.32,1286.81,0.04,34.09,42638.0,1
2023-07-12,2023-07-12 14:24:00,1286.81,1287.3,1286.81,1287.3,0.04,34.09,42638.0,1
2023-07-12,2023-07-12 14:25:00,1287.3,1287.8,1287.3,1287.8,0.04,34.09,42638.0,1
2023-07-12,2023-07-12 14:26:00,1287.8,1288.29,1287.8,1288.29,0.04,34.09,42638.0,1
2023-07-12,2023-07-12 14:27:00,1288.29,1288.79,1288.29,1288.79,0.04,34.09,42638.0,1
2023-07-12,2023-07-12 14:28:00,1288.79,1289.28,1288.79,1289.28,0.04,34.09,42638.0,1
2023-07-12,2023-07-12 14:29:00,1289.28,1289.77,1289.28,1289.77,0.04,34.09,42638.0,1
2023-07-12,2023-07-12 14:30:00,1289.77,1290.27,1289.77,1290.27,0.04,34.09,42638.0,1
2023-07-12,2023-07-12 14:31:00,1290.27,1290.76,1290.27,1290.76,0.04,34.09,42638.0,1
2023-07-12,2023-07-12 14:32:00,1290.76,1291.26,1290.76,1291.26,0.04,34.09,42638.0,1
2023-07-12,2023-07-12 14:33:00,1291.26,1291.75,1291.26,1291.75,0.04,34.09,42638.0,1
2023-07-12,2023-07-12 14:34:00,1291.75,1292.25,1291.75,1292.25,0.04,34.09,42638.0,1
2023-07-12,2023-07-12 14:35:00,1292.25,1292.74,1292.25,1292.74,0.04,34.09,42638.0,1
2023-07-12,2023-07-12 14:36:00,1292.74,1293.23,1292.74,1293.23,0.04,34.09,42638.0,1
2023-07-12,2023-07-12 14:37:00,1293.23,1293.73,1293.23,1293.73,0.04,34.09,42638.0,1
2023-07-12,2023-07-12 14:38:00,1293.73,1294.22,1293.73,1294.22,0.04,34.09,42638.0,1
2023-07-12,2023-07-12 14:39:00,1294.22,1294.72,1294.22,1294.72,0.04,34.09,42638.0,1
2023-07-12,2023-07-12 14:40:00,1294.72,1295.21,1294.72,1295.21,0.04,34.09,42638.0,1
2023-07-12,2023-07-12 14:41:00,1295.21,1295.7,1295.21,1295.7,0.04,34.09,42638.0,1
2023-07-12,2023-07-12 14:42:00,1295.7,1296.2,1295.7,1296.2,0.04,34.09,42638.0,1
2023-07-12,2023-07-12 14:43:00,1296.2,1296.69,1296.2,1296.69,0.04,34.09,42638.0,1
2023-07-12,2023-07-12 14:44:00,1296.69,1297.19,1296.69,1297.19,0.04,34.09,42638.0,1
2023-07-12,2023-07-12 14:45:00,1297.19,1297.68,1297.19,1297.68,0.04,34.09,42638.0,1
2023-07-12,2023-07-12 14:46:00,1297.68,1298.18,1297.68,1298.18,0.04,34.09,42638.0,1
2023-07-12,2023-07-12 14:47:00,1298.18,1298.67,1298.18,1298.67,0.04,34.09,42638.0,1
2023-07-12,2023-07-12 14:48:00,1298.67,1299.16,1298.67,1299.16,0.04,34.09,42638.0,1
2023-07-12,2023-07-12 14:49:00,1299.16,1299.66,1299.16,1299.66,0.04,34.09,42638.0,1
2023-07-12,2023-07-12 14:50:00,1299.66,1300.15,1299.66,1300.15,0.04,34.09,42638.0,1
2023-07-12,2023-07-12 14:51:00,1300.15,1300.65,1300.15,1300.65,0.04,34.09,42638.0,1
2023-07-12,2023-07-12 14:52:00,1300.65,1301.14,1300.65,1301.14,0.04,34.09,42638.0,1
2023-07-12,2023-07-12 14:53:00,1301.14,1301.63,1301.14,1301.63,0.04,34.09,42638.0,1
2023-07-12,2023-07-12 14:54:00,1301.63,1302.13,1301.63,1302.13,0.04,34.09,42638.0,1
2023-07-12,2023-07-12 14:55:00,1302.13,1302.62,1302.13,1302.62,0.04,34.09,42638.0,1
2023-07-12,2023-07-12 14:56:00,1302.62,1303.12,1302.62,1303.12,0.04,34.09,42638.0,1
2023-07-12,2023-07-12 14:57:00,1303.12,1303.61,1303.12,1303.61,0.04,34.09,42638.0,1
2023-07-12,2023-07-12 14:58:00,1303.61,1304.11,1303.61,1304.11,0.04,34.09,42638.0,1
2023-07-12,2023-07-12 14:59:00,1304.11,1304.6,1304.11,1304.6,0.04,34.09,42638.0,1
2023-07-12,2023-07-12 15:00:00,1304.6,1304.6,1170.2,1304.6,0.0,34.09,42638.0,0
2023-07-13,2023-07-13 11:00:00,1305.0,1317.3,1296.6,1305.1,0.01,39.61,52056.09,1
2023-07-13,2023-07-13 11:01:00,1305.1,1305.21,1305.1,1305.21,0.01,39.61,52056.09,1
2023-07-13,2023-07-13 11:02:00,1305.21,1305.31,1305.21,1305.31,0.01,39.61,52056.09,1
2023-07-13,2023-07-13 11:03:00,1305.31,1305.42,1305.31,1305.42,0.01,39.61,52056.09,1
2023-07-13,2023-07-13 11:04:00,1305.42,1305.52,1305.42,1305.52,0.01,39.61,52056.09,1
2023-07-13,2023-07-13 11:05:00,1305.52,1305.62,1305.52,1305.62,0.01,39.61,52056.09,1
2023-07-13,2023-07-13 11:06:00,1305.62,1305.73,1305.62,1305.73,0.01,39.61,52056.09,1
2023-07-13,2023-07-13 11:07:00,1305.73,1305.83,1305.73,1305.83,0.01,39.61,52056.09,1
2023-07-13,2023-07-13 11:08:00,1305.83,1305.94,1305.83,1305.94,0.01,39.61,52056.09,1
2023-07-13,2023-07-13 11:09:00,1305.94,1306.04,1305.94,1306.04,0.01,39.61,52056.09,1
2023-07-13,2023-07-13 11:10:00,1306.04,1306.15,1306.04,1306.15,0.01,39.61,52056.09,1
2023-07-13,2023-07-13 11:11:00,1306.15,1306.25,1306.15,1306.25,0.01,39.61,52056.09,1
2023-07-13,2023-07-13 11:12:00,1306.25,1306.35,1306.25,1306.35,0.01,39.61,52056.09,1
2023-07-13,2023-07-13 11:13:00,1306.35,1306.46,1306.35,1306.46,0.01,39.61,52056.09,1
2023-07-13,2023-07-13 11:14:00,1306.46,1306.56,1306.46,1306.56,0.01,39.61,52056.09,1
2023-07-13,2023-07-13 11:15:00,1306.56,1306.67,1306.56,1306.67,0.01,39.61,52056.09,1
2023-07-13,2023-07-13 11:16:00,1306.67,1306.77,1306.67,1306.77,0.01,39.61,52056.09,1
2023-07-13,2023-07-13 11:17:00,1306.77,1306.88,1306.77,1306.88,0.01,39.61,52056.09,1
2023-07-13,2023-07-13 11:18:00,1306.88,1306.98,1306.88,1306.98,0.01,39.61,52056.09,1
2023-07-13,2023-07-13 11:19:00,1306.98,1307.08,1306.98,1307.08,0.01,39.61,52056.09,1
2023-07-13,2023-07-13 11:20:00,1307.08,1307.19,1307.08,1307.19,0.01,39.61,52056.09,1
2023-07-13,2023-07-13 11:21:00,1307.19,1307.29,1307.19,1307.29,0.01,39.61,52056.09,1
2023-07-13,2023-07-13 11:22:00,1307.29,1307.4,1307.29,1307.4,0.01,39.61,52056.09,1
2023-07-13,2023-07-13 11:23:00,1307.4,1307.5,1307.4,1307.5,0.01,39.61,52056.09,1
2023-07-13,2023-07-13 11:24:00,1307.5,1307.6,1307.5,1307.6,0.01,39.61,52056.09,1
2023-07-13,2023-07-13 11:25:00,1307.6,1307.71,1307.6,1307.71,0.01,39.61,52056.09,1
2023-07-13,2023-07-13 11:26:00,1307.71,1307.81,1307.71,1307.81,0.01,39.61,52056.09,1
2023-07-13,2023-07-13 11:27:00,1307.81,1307.92,1307.81,1307.92,0.01,39.61,52056.09,1
2023-07-13,2023-07-13 11:28:00,1307.92,1308.02,1307.92,1308.02,0.01,39.61,52056.09,1
2023-07-13,2023-07-13 11:29:00,1308.02,1308.12,1308.02,1308.12,0.01,39.61,52056.09,1
2023-07-13,2023-07-13 11:30:00,1308.12,1308.23,1308.12,1308.23,0.01,39.61,52056.09,1
2023-07-13,2023-07-13 11:31:00,1308.23,1308.33,1308.23,1308.33,0.01,39.61,52056.09,1
2023-07-13,2023-07-13 11:32:00,1308.33,1308.44,1308.33,1308.44,0.01,39.61,52056.09,1
2023-07-13,2023-07-13 11:33:00,1308.44,1308.54,1308.44,1308.54,0.01,39.61,52056.09,1
2023-07-13,2023-07-13 11:34:00,1308.54,1308.65,1308.54,1308.65,0.01,39.61,52056.09,1
2023-07-13,2023-07-13 11:35:00,1308.65,1308.75,1308.65,1308.75,0.01,39.61,52056.09,1
2023-07-13,2023-07-13 11:36:00,1308.75,1308.85,1308.75,1308.85,0.01,39.61,52056.09,1
2023-07-13,2023-07-13 11:37:00,1308.85,1308.96,1308.85,1308.96,0.01,39.61,52056.09,1
2023-07-13,2023-07-13 11:38:00,1308.96,1309.06,1308.96,1309.06,0.01,39.61,52056.09,1
2023-07-13,2023-07-13 11:39:00,1309.06,1309.17,1309.06,1309.17,0.01,39.61,52056.09,1
2023-07-13,2023-07-13 11:40:00,1309.17,1309.27,1309.17,1309.27,0.01,39.61,52056.09,1
2023-07-13,2023-07-13 11:41:00,1309.27,1309.38,1309.27,1309.38,0.01,39.61,52056.09,1
2023-07-13,2023-07-13 11:42:00,1309.38,1309.48,1309.38,1309.48,0.01,39.61,52056.09,1
2023-07-13,2023-07-13 11:43:00,1309.48,1309.58,1309.48,1309.58,0.01,39.61,52056.09,1
2023-07-13,2023-07-13 11:44:00,1309.58,1309.69,1309.58,1309.69,0.01,39.61,52056.09,1
2023-07-13,2023-07-13 11:45:00,1309.69,1309.79,1309.69,1309.79,0.01,39.61,52056.09,1
2023-07-13,2023-07-13 11:46:00,1309.79,1309.9,1309.79,1309.9,0.01,39.61,52056.09,1
2023-07-13,2023-07-13 11:47:00,1309.9,1310.0,1309.9,1310.0,0.01,39.61,52056.09,1
2023-07-13,2023-07-13 11:48:00,1310.0,1310.1,1310.0,1310.1,0.01,39.61,52056.09,1
2023-07-13,2023-07-13 11:49:00,1310.1,1310.21,1310.1,1310.21,0.01,39.61,52056.09,1
2023-07-13,2023-07-13 11:50:00,1310.21,1310.31,1310.21,1310.31,0.01,39.61,52056.09,1
2023-07-13,2023-07-13 11:51:00,1310.31,1310.42,1310.31,1310.42,0.01,39.61,52056.09,1
2023-07-13,2023-07-13 11:52:00,1310.42,1310.52,1310.42,1310.52,0.01,39.61,52056.09,1
2023-07-13,2023-07-13 11:53:00,1310.52,1310.62,1310.52,1310.62,0.01,39.61,52056.09,1
2023-07-13,2023-07-13 11:54:00,1310.62,1310.73,1310.62,1310.73,0.01,39.61,52056.09,1
2023-07-13,2023-07-13 11:55:00,1310.73,1310.83,1310.73,1310.83,0.01,39.61,52056.09,1
2023-07-13,2023-07-13 11:56:00,1310.83,1310.94,1310.83,1310.94,0.01,39.61,52056.09,1
2023-07-13,2023-07-13 11:57:00,1310.94,1311.04,1310.94,1311.04,0.01,39.61,52056.09,1
2023-07-13,2023-07-13 11:58:00,1311.04,1311.15,1311.04,1311.15,0.01,39.61,52056.09,1
2023-07-13,2023-07-13 11:59:00,1311.15,1311.25,1311.15,1311.25,0.01,39.61,52056.09,1
2023-07-13,2023-07-13 12:00:00,1311.25,1311.35,1311.25,1311.35,0.01,39.61,52056.09,1
2023-07-13,2023-07-13 12:01:00,1311.35,1311.46,1311.35,1311.46,0.01,39.61,52056.09,1
2023-07-13,2023-07-13 12:02:00,1311.46,1311.56,1311.46,1311.56,0.01,39.61,52056.09,1
2023-07-13,2023-07-13 12:03:00,1311.56,1311.67,1311.56,1311.67,0.01,39.61,52056.09,1
2023-07-13,2023-07-13 12:04:00,1311.67,1311.77,1311.67,1311.77,0.01,39.61,52056.09,1
2023-07-13,2023-07-13 12:05:00,1311.77,1311.88,1311.77,1311.88,0.01,39.61,52056.09,1
2023-07-13,2023-07-13 12:06:00,1311.88,1311.98,1311.88,1311.98,0.01,39.61,52056.09,1
2023-07-13,2023-07-13 12:07:00,1311.98,1312.08,1311.98,1312.08,0.01,39.61,52056.09,1
2023-07-13,2023-07-13 12:08:00,1312.08,1312.19,1312.08,1312.19,0.01,39.61,52056.09,1
2023-07-13,2023-07-13 12:09:00,1312.19,1312.29,1312.19,1312.29,0.01,39.61,52056.09,1
2023-07-13,2023-07-13 12:10:00,1312.29,1312.4,1312.29,1312.4,0.01,39.61,52056.09,1
2023-07-13,2023-07-13 12:11:00,1312.4,1312.5,1312.4,1312.5,0.01,39.61,52056.09,1
2023-07-13,2023-07-13 12:12:00,1312.5,1312.6,1312.5,1312.6,0.01,39.61,52056.09,1
2023-07-13,2023-07-13 12:13:00,1312.6,1312.71,1312.6,1312.71,0.01,39.61,52056.09,1
2023-07-13,2023-07-13 12:14:00,1312.71,1312.81,1312.71,1312.81,0.01,39.61,52056.09,1
2023-07-13,2023-07-13 12:15:00,1312.81,1312.92,1312.81,1312.92,0.01,39.61,52056.09,1
2023-07-13,2023-07-13 12:16:00,1312.92,1313.02,1312.92,1313.02,0.01,39.61,52056.09,1
2023-07-13,2023-07-13 12:17:00,1313.02,1313.12,1313.02,1313.12,0.01,39.61,52056.09,1
2023-07-13,2023-07-13 12:18:00,1313.12,1313.23,1313.12,1313.23,0.01,39.61,52056.09,1
2023-07-13,2023-07-13 12:19:00,1313.23,1313.33,1313.23,1313.33,0.01,39.61,52056.09,1
2023-07-13,2023-07-13 12:20:00,1313.33,1313.44,1313.33,1313.44,0.01,39.61,52056.09,1
2023-07-13,2023-07-13 12:21:00,1313.44,1313.54,1313.44,1313.54,0.01,39.61,52056.09,1
2023-07-13,2023-07-13 12:22:00,1313.54,1313.65,1313.54,1313.65,0.01,39.61,52056.09,1
2023-07-13,2023-07-13 12:23:00,1313.65,1313.75,1313.65,1313.75,0.01,39.61,52056.09,1
2023-07-13,2023-07-13 12:24:00,1313.75,1313.85,1313.75,1313.85,0.01,39.61,52056.09,1
2023-07-13,2023-07-13 12:25:00,1313.85,1313.96,1313.85,1313.96,0.01,39.61,52056.09,1
2023-07-13,2023-07-13 12:26:00,1313.96,1314.06,1313.96,1314.06,0.01,39.61,52056.09,1
2023-07-13,2023-07-13 12:27:00,1314.06,1314.17,1314.06,1314.17,0.01,39.61,52056.09,1
2023-07-13,2023-07-13 12:28:00,1314.17,1314.27,1314.17,1314.27,0.01,39.61,52056.09,1
2023-07-13,2023-07-13 12:29:00,1314.27,1314.38,1314.27,1314.38,0.01,39.61,52056.09,1
2023-07-13,2023-07-13 12:30:00,1314.38,1314.48,1314.38,1314.48,0.01,39.61,52056.09,1
2023-07-13,2023-07-13 12:31:00,1314.48,1314.58,1314.48,1314.58,0.01,39.61,52056.09,1
2023-07-13,2023-07-13 12:32:00,1314.58,1314.69,1314.58,1314.69,0.01,39.61,52056.09,1
2023-07-13,2023-07-13 12:33:00,1314.69,1314.79,1314.69,1314.79,0.01,39.61,52056.09,1
2023-07-13,2023-07-13 12:34:00,1314.79,1314.9,1314.79,1314.9,0.01,39.61,52056.09,1
2023-07-13,2023-07-13 12:35:00,1314.9,1315.0,1314.9,1315.0,0.01,39.61,52056.09,1
2023-07-13,2023-07-13 12:36:00,1315.0,1315.1,1315.0,1315.1,0.01,39.61,52056.09,1
2023-07-13,2023-07-13 12:37:00,1315.1,1315.21,1315.1,1315.21,0.01,39.61,52056.09,1
2023-07-13,2023-07-13 12:38:00,1315.21,1315.31,1315.21,1315.31,0.01,39.61,52056.09,1
2023-07-13,2023-07-13 12:39:00,1315.31,1315.42,1315.31,1315.42,0.01,39.61,52056.09,1
2023-07-13,2023-07-13 12:40:00,1315.42,1315.52,1315.42,1315.52,0.01,39.61,52056.09,1
2023-07-13,2023-07-13 12:41:00,1315.52,1315.62,1315.52,1315.62,0.01,39.61,52056.09,1
2023-07-13,2023-07-13 12:42:00,1315.62,1315.73,1315.62,1315.73,0.01,39.61,52056.09,1
2023-07-13,2023-07-13 12:43:00,1315.73,1315.83,1315.73,1315.83,0.01,39.61,52056.09,1
2023-07-13,2023-07-13 12:44:00,1315.83,1315.94,1315.83,1315.94,0.01,39.61,52056.09,1
2023-07-13,2023-07-13 12:45:00,1315.94,1316.04,1315.94,1316.04,0.01,39.61,52056.09,1
2023-07-13,2023-07-13 12:46:00,1316.04,1316.15,1316.04,1316.15,0.01,39.61,52056.09,1
2023-07-13,2023-07-13 12:47:00,1316.15,1316.25,1316.15,1316.25,0.01,39.61,52056.09,1
2023-07-13,2023-07-13 12:48:00,1316.25,1316.35,1316.25,1316.35,0.01,39.61,52056.09,1
2023-07-13,2023-07-13 12:49:00,1316.35,1316.46,1316.35,1316.46,0.01,39.61,52056.09,1
2023-07-13,2023-07-13 12:50:00,1316.46,1316.56,1316.46,1316.56,0.01,39.61,52056.09,1
2023-07-13,2023-07-13 12:51:00,1316.56,1316.67,1316.56,1316.67,0.01,39.61,52056.09,1
2023-07-13,2023-07-13 12:52:00,1316.67,1316.77,1316.67,1316.77,0.01,39.61,52056.09,1
2023-07-13,2023-07-13 12:53:00,1316.77,1316.88,1316.77,1316.88,0.01,39.61,52056.09,1
2023-07-13,2023-07-13 12:54:00,1316.88,1316.98,1316.88,1316.98,0.01,39.61,52056.09,1
2023-07-13,2023-07-13 12:55:00,1316.98,1317.08,1316.98,1317.08,0.01,39.61,52056.09,1
2023-07-13,2023-07-13 12:56:00,1317.08,1317.19,1317.08,1317.19,0.01,39.61,52056.09,1
2023-07-13,2023-07-13 12:57:00,1317.19,1317.29,1317.19,1317.29,0.01,39.61,52056.09,1
2023-07-13,2023-07-13 12:58:00,1317.29,1317.4,1317.29,1317.4,0.01,39.61,52056.09,1
2023-07-13,2023-07-13 12:59:00,1317.4,1317.5,1317.4,1317.5,0.01,39.61,52056.09,1
2023-07-13,2023-07-13 13:00:00,1317.5,1346.0,1277.0,1317.6,0.01,39.61,52056.09,1
2023-07-13,2023-07-13 13:01:00,1317.6,1317.71,1317.6,1317.71,0.01,39.61,52056.09,1
2023-07-13,2023-07-13 13:02:00,1317.71,1317.81,1317.71,1317.81,0.01,39.61,52056.09,1
2023-07-13,2023-07-13 13:03:00,1317.81,1317.92,1317.81,1317.92,0.01,39.61,52056.09,1
2023-07-13,2023-07-13 13:04:00,1317.92,1318.02,1317.92,1318.02,0.01,39.61,52056.09,1
2023-07-13,2023-07-13 13:05:00,1318.02,1318.12,1318.02,1318.12,0.01,39.61,52056.09,1
2023-07-13,2023-07-13 13:06:00,1318.12,1318.23,1318.12,1318.23,0.01,39.61,52056.09,1
2023-07-13,2023-07-13 13:07:00,1318.23,1318.33,1318.23,1318.33,0.01,39.61,52056.09,1
2023-07-13,2023-07-13 13:08:00,1318.33,1318.44,1318.33,1318.44,0.01,39.61,52056.09,1
2023-07-13,2023-07-13 13:09:00,1318.44,1318.54,1318.44,1318.54,0.01,39.61,52056.09,1
2023-07-13,2023-07-13 13:10:00,1318.54,1318.65,1318.54,1318.65,0.01,39.61,52056.09,1
2023-07-13,2023-07-13 13:11:00,1318.65,1318.75,1318.65,1318.75,0.01,39.61,52056.09,1
2023-07-13,2023-07-13 13:12:00,1318.75,1318.85,1318.75,1318.85,0.01,39.61,52056.09,1
2023-07-13,2023-07-13 13:13:00,1318.85,1318.96,1318.85,1318.96,0.01,39.61,52056.09,1
2023-07-13,2023-07-13 13:14:00,1318.96,1319.06,1318.96,1319.06,0.01,39.61,52056.09,1
2023-07-13,2023-07-13 13:15:00,1319.06,1319.17,1319.06,1319.17,0.01,39.61,52056.09,1
2023-07-13,2023-07-13 13:16:00,1319.17,1319.27,1319.17,1319.27,0.01,39.61,52056.09,1
2023-07-13,2023-07-13 13:17:00,1319.27,1319.38,1319.27,1319.38,0.01,39.61,52056.09,1
2023-07-13,2023-07-13 13:18:00,1319.38,1319.48,1319.38,1319.48,0.01,39.61,52056.09,1
2023-07-13,2023-07-13 13:19:00,1319.48,1319.58,1319.48,1319.58,0.01,39.61,52056.09,1
2023-07-13,2023-07-13 13:20:00,1319.58,1319.69,1319.58,1319.69,0.01,39.61,52056.09,1
2023-07-13,2023-07-13 13:21:00,1319.69,1319.79,1319.69,1319.79,0.01,39.61,52056.09,1
2023-07-13,2023-07-13 13:22:00,1319.79,1319.9,1319.79,1319.9,0.01,39.61,52056.09,1
2023-07-13,2023-07-13 13:23:00,1319.9,1320.0,1319.9,1320.0,0.01,39.61,52056.09,1
2023-07-13,2023-07-13 13:24:00,1320.0,1320.1,1320.0,1320.1,0.01,39.61,52056.09,1
2023-07-13,2023-07-13 13:25:00,1320.1,1320.21,1320.1,1320.21,0.01,39.61,52056.09,1
2023-07-13,2023-07-13 13:26:00,1320.21,1320.31,1320.21,1320.31,0.01,39.61,52056.09,1
2023-07-13,2023-07-13 13:27:00,1320.31,1320.42,1320.31,1320.42,0.01,39.61,52056.09,1
2023-07-13,2023-07-13 13:28:00,1320.42,1320.52,1320.42,1320.52,0.01,39.61,52056.09,1
2023-07-13,2023-07-13 13:29:00,1320.52,1320.62,1320.52,1320.62,0.01,39.61,52056.09,1
2023-07-13,2023-07-13 13:30:00,1320.62,1320.73,1320.62,1320.73,0.01,39.61,52056.09,1
2023-07-13,2023-07-13 13:31:00,1320.73,1320.83,1320.73,1320.83,0.01,39.61,52056.09,1
2023-07-13,2023-07-13 13:32:00,1320.83,1320.94,1320.83,1320.94,0.01,39.61,52056.09,1
2023-07-13,2023-07-13 13:33:00,1320.94,1321.04,1320.94,1321.04,0.01,39.61,52056.09,1
2023-07-13,2023-07-13 13:34:00,1321.04,1321.15,1321.04,1321.15,0.01,39.61,52056.09,1
2023-07-13,2023-07-13 13:35:00,1321.15,1321.25,1321.15,1321.25,0.01,39.61,52056.09,1
2023-07-13,2023-07-13 13:36:00,1321.25,1321.35,1321.25,1321.35,0.01,39.61,52056.09,1
2023-07-13,2023-07-13 13:37:00,1321.35,1321.46,1321.35,1321.46,0.01,39.61,52056.09,1
2023-07-13,2023-07-13 13:38:00,1321.46,1321.56,1321.46,1321.56,0.01,39.61,52056.09,1
2023-07-13,2023-07-13 13:39:00,1321.56,1321.67,1321.56,1321.67,0.01,39.61,52056.09,1
2023-07-13,2023-07-13 13:40:00,1321.67,1321.77,1321.67,1321.77,0.01,39.61,52056.09,1
2023-07-13,2023-07-13 13:41:00,1321.77,1321.88,1321.77,1321.88,0.01,39.61,52056.09,1
2023-07-13,2023-07-13 13:42:00,1321.88,1321.98,1321.88,1321.98,0.01,39.61,52056.09,1
2023-07-13,2023-07-13 13:43:00,1321.98,1322.08,1321.98,1322.08,0.01,39.61,52056.09,1
2023-07-13,2023-07-13 13:44:00,1322.08,1322.19,1322.08,1322.19,0.01,39.61,52056.09,1
2023-07-13,2023-07-13 13:45:00,1322.19,1322.29,1322.19,1322.29,0.01,39.61,52056.09,1
2023-07-13,2023-07-13 13:46:00,1322.29,1322.4,1322.29,1322.4,0.01,39.61,52056.09,1
2023-07-13,2023-07-13 13:47:00,1322.4,1322.5,1322.4,1322.5,0.01,39.61,52056.09,1
2023-07-13,2023-07-13 13:48:00,1322.5,1322.6,1322.5,1322.6,0.01,39.61,52056.09,1
2023-07-13,2023-07-13 13:49:00,1322.6,1322.71,1322.6,1322.71,0.01,39.61,52056.09,1
2023-07-13,2023-07-13 13:50:00,1322.71,1322.81,1322.71,1322.81,0.01,39.61,52056.09,1
2023-07-13,2023-07-13 13:51:00,1322.81,1322.92,1322.81,1322.92,0.01,39.61,52056.09,1
2023-07-13,2023-07-13 13:52:00,1322.92,1323.02,1322.92,1323.02,0.01,39.61,52056.09,1
2023-07-13,2023-07-13 13:53:00,1323.02,1323.12,1323.02,1323.12,0.01,39.61,52056.09,1
2023-07-13,2023-07-13 13:54:00,1323.12,1323.23,1323.12,1323.23,0.01,39.61,52056.09,1
2023-07-13,2023-07-13 13:55:00,1323.23,1323.33,1323.23,1323.33,0.01,39.61,52056.09,1
2023-07-13,2023-07-13 13:56:00,1323.33,1323.44,1323.33,1323.44,0.01,39.61,52056.09,1
2023-07-13,2023-07-13 13:57:00,1323.44,1323.54,1323.44,1323.54,0.01,39.61,52056.09,1
2023-07-13,2023-07-13 13:58:00,1323.54,1323.65,1323.54,1323.65,0.01,39.61,52056.09,1
2023-07-13,2023-07-13 13:59:00,1323.65,1323.75,1323.65,1323.75,0.01,39.61,52056.09,1
2023-07-13,2023-07-13 14:00:00,1323.75,1323.85,1323.75,1323.85,0.01,39.61,52056.09,1
2023-07-13,2023-07-13 14:01:00,1323.85,1323.96,1323.85,1323.96,0.01,39.61,52056.09,1
2023-07-13,2023-07-13 14:02:00,1323.96,1324.06,1323.96,1324.06,0.01,39.61,52056.09,1
2023-07-13,2023-07-13 14:03:00,1324.06,1324.17,1324.06,1324.17,0.01,39.61,52056.09,1
2023-07-13,2023-07-13 14:04:00,1324.17,1324.27,1324.17,1324.27,0.01,39.61,52056.09,1
2023-07-13,2023-07-13 14:05:00,1324.27,1324.38,1324.27,1324.38,0.01,39.61,52056.09,1
2023-07-13,2023-07-13 14:06:00,1324.38,1324.48,1324.38,1324.48,0.01,39.61,52056.09,1
2023-07-13,2023-07-13 14:07:00,1324.48,1324.58,1324.48,1324.58,0.01,39.61,52056.09,1
2023-07-13,2023-07-13 14:08:00,1324.58,1324.69,1324.58,1324.69,0.01,39.61,52056.09,1
2023-07-13,2023-07-13 14:09:00,1324.69,1324.79,1324.69,1324.79,0.01,39.61,52056.09,1
2023-07-13,2023-07-13 14:10:00,1324.79,1324.9,1324.79,1324.9,0.01,39.61,52056.09,1
2023-07-13,2023-07-13 14:11:00,1324.9,1325.0,1324.9,1325.0,0.01,39.61,52056.09,1
2023-07-13,2023-07-13 14:12:00,1325.0,1325.1,1325.0,1325.1,0.01,39.61,52056.09,1
2023-07-13,2023-07-13 14:13:00,1325.1,1325.21,1325.1,1325.21,0.01,39.61,52056.09,1
2023-07-13,2023-07-13 14:14:00,1325.21,1325.31,1325.21,1325.31,0.01,39.61,52056.09,1
2023-07-13,2023-07-13 14:15:00,1325.31,1325.42,1325.31,1325.42,0.01,39.61,52056.09,1
2023-07-13,2023-07-13 14:16:00,1325.42,1325.52,1325.42,1325.52,0.01,39.61,52056.09,1
2023-07-13,2023-07-13 14:17:00,1325.52,1325.62,1325.52,1325.62,0.01,39.61,52056.09,1
2023-07-13,2023-07-13 14:18:00,1325.62,1325.73,1325.62,1325.73,0.01,39.61,52056.09,1
2023-07-13,2023-07-13 14:19:00,1325.73,1325.83,1325.73,1325.83,0.01,39.61,52056.09,1
2023-07-13,2023-07-13 14:20:00,1325.83,1325.94,1325.83,1325.94,0.01,39.61,52056.09,1
2023-07-13,2023-07-13 14:21:00,1325.94,1326.04,1325.94,1326.04,0.01,39.61,52056.09,1
2023-07-13,2023-07-13 14:22:00,1326.04,1326.15,1326.04,1326.15,0.01,39.61,52056.09,1
2023-07-13,2023-07-13 14:23:00,1326.15,1326.25,1326.15,1326.25,0.01,39.61,52056.09,1
2023-07-13,2023-07-13 14:24:00,1326.25,1326.35,1326.25,1326.35,0.01,39.61,52056.09,1
2023-07-13,2023-07-13 14:25:00,1326.35,1326.46,1326.35,1326.46,0.01,39.61,52056.09,1
2023-07-13,2023-07-13 14:26:00,1326.46,1326.56,1326.46,1326.56,0.01,39.61,52056.09,1
2023-07-13,2023-07-13 14:27:00,1326.56,1326.67,1326.56,1326.67,0.01,39.61,52056.09,1
2023-07-13,2023-07-13 14:28:00,1326.67,1326.77,1326.67,1326.77,0.01,39.61,52056.09,1
2023-07-13,2023-07-13 14:29:00,1326.77,1326.88,1326.77,1326.88,0.01,39.61,52056.09,1
2023-07-13,2023-07-13 14:30:00,1326.88,1326.98,1326.88,1326.98,0.01,39.61,52056.09,1
2023-07-13,2023-07-13 14:31:00,1326.98,1327.08,1326.98,1327.08,0.01,39.61,52056.09,1
2023-07-13,2023-07-13 14:32:00,1327.08,1327.19,1327.08,1327.19,0.01,39.61,52056.09,1
2023-07-13,2023-07-13 14:33:00,1327.19,1327.29,1327.19,1327.29,0.01,39.61,52056.09,1
2023-07-13,2023-07-13 14:34:00,1327.29,1327.4,1327.29,1327.4,0.01,39.61,52056.09,1
2023-07-13,2023-07-13 14:35:00,1327.4,1327.5,1327.4,1327.5,0.01,39.61,52056.09,1
2023-07-13,2023-07-13 14:36:00,1327.5,1327.6,1327.5,1327.6,0.01,39.61,52056.09,1
2023-07-13,2023-07-13 14:37:00,1327.6,1327.71,1327.6,1327.71,0.01,39.61,52056.09,1
2023-07-13,2023-07-13 14:38:00,1327.71,1327.81,1327.71,1327.81,0.01,39.61,52056.09,1
2023-07-13,2023-07-13 14:39:00,1327.81,1327.92,1327.81,1327.92,0.01,39.61,52056.09,1
2023-07-13,2023-07-13 14:40:00,1327.92,1328.02,1327.92,1328.02,0.01,39.61,52056.09,1
2023-07-13,2023-07-13 14:41:00,1328.02,1328.12,1328.02,1328.12,0.01,39.61,52056.09,1
2023-07-13,2023-07-13 14:42:00,1328.12,1328.23,1328.12,1328.23,0.01,39.61,52056.09,1
2023-07-13,2023-07-13 14:43:00,1328.23,1328.33,1328.23,1328.33,0.01,39.61,52056.09,1
2023-07-13,2023-07-13 14:44:00,1328.33,1328.44,1328.33,1328.44,0.01,39.61,52056.09,1
2023-07-13,2023-07-13 14:45:00,1328.44,1328.54,1328.44,1328.54,0.01,39.61,52056.09,1
2023-07-13,2023-07-13 14:46:00,1328.54,1328.65,1328.54,1328.65,0.01,39.61,52056.09,1
2023-07-13,2023-07-13 14:47:00,1328.65,1328.75,1328.65,1328.75,0.01,39.61,52056.09,1
2023-07-13,2023-07-13 14:48:00,1328.75,1328.85,1328.75,1328.85,0.01,39.61,52056.09,1
2023-07-13,2023-07-13 14:49:00,1328.85,1328.96,1328.85,1328.96,0.01,39.61,52056.09,1
2023-07-13,2023-07-13 14:50:00,1328.96,1329.06,1328.96,1329.06,0.01,39.61,52056.09,1
2023-07-13,2023-07-13 14:51:00,1329.06,1329.17,1329.06,1329.17,0.01,39.61,52056.09,1
2023-07-13,2023-07-13 14:52:00,1329.17,1329.27,1329.17,1329.27,0.01,39.61,52056.09,1
2023-07-13,2023-07-13 14:53:00,1329.27,1329.38,1329.27,1329.38,0.01,39.61,52056.09,1
2023-07-13,2023-07-13 14:54:00,1329.38,1329.48,1329.38,1329.48,0.01,39.61,52056.09,1
2023-07-13,2023-07-13 14:55:00,1329.48,1329.58,1329.48,1329.58,0.01,39.61,52056.09,1
2023-07-13,2023-07-13 14:56:00,1329.58,1329.69,1329.58,1329.69,0.01,39.61,52056.09,1
2023-07-13,2023-07-13 14:57:00,1329.69,1329.79,1329.69,1329.79,0.01,39.61,52056.09,1
2023-07-13,2023-07-13 14:58:00,1329.79,1329.9,1329.79,1329.9,0.01,39.61,52056.09,1
2023-07-13,2023-07-13 14:59:00,1329.9,1330.0,1329.9,1330.0,0.01,39.61,52056.09,1
2023-07-13,2023-07-13 15:00:00,1330.0,1346.0,1277.0,1330.0,0.0,39.61,52056.09,0
2023-07-16,2023-07-16 11:00:00,1310.1,1340.07,1304.16,1310.52,0.03,32.16,43434.38,1
2023-07-16,2023-07-16 11:01:00,1310.52,1310.93,1310.52,1310.93,0.03,32.16,43434.38,1
2023-07-16,2023-07-16 11:02:00,1310.93,1311.35,1310.93,1311.35,0.03,32.16,43434.38,1
2023-07-16,2023-07-16 11:03:00,1311.35,1311.76,1311.35,1311.76,0.03,32.16,43434.38,1
2023-07-16,2023-07-16 11:04:00,1311.76,1312.18,1311.76,1312.18,0.03,32.16,43434.38,1
2023-07-16,2023-07-16 11:05:00,1312.18,1312.6,1312.18,1312.6,0.03,32.16,43434.38,1
2023-07-16,2023-07-16 11:06:00,1312.6,1313.01,1312.6,1313.01,0.03,32.16,43434.38,1
2023-07-16,2023-07-16 11:07:00,1313.01,1313.43,1313.01,1313.43,0.03,32.16,43434.38,1
2023-07-16,2023-07-16 11:08:00,1313.43,1313.85,1313.43,1313.85,0.03,32.16,43434.38,1
2023-07-16,2023-07-16 11:09:00,1313.85,1314.26,1313.85,1314.26,0.03,32.16,43434.38,1
2023-07-16,2023-07-16 11:10:00,1314.26,1314.68,1314.26,1314.68,0.03,32.16,43434.38,1
2023-07-16,2023-07-16 11:11:00,1314.68,1315.09,1314.68,1315.09,0.03,32.16,43434.38,1
2023-07-16,2023-07-16 11:12:00,1315.09,1315.51,1315.09,1315.51,0.03,32.16,43434.38,1
2023-07-16,2023-07-16 11:13:00,1315.51,1315.93,1315.51,1315.93,0.03,32.16,43434.38,1
2023-07-16,2023-07-16 11:14:00,1315.93,1316.34,1315.93,1316.34,0.03,32.16,43434.38,1
2023-07-16,2023-07-16 11:15:00,1316.34,1316.76,1316.34,1316.76,0.03,32.16,43434.38,1
2023-07-16,2023-07-16 11:16:00,1316.76,1317.18,1316.76,1317.18,0.03,32.16,43434.38,1
2023-07-16,2023-07-16 11:17:00,1317.18,1317.59,1317.18,1317.59,0.03,32.16,43434.38,1
2023-07-16,2023-07-16 11:18:00,1317.59,1318.01,1317.59,1318.01,0.03,32.16,43434.38,1
2023-07-16,2023-07-16 11:19:00,1318.01,1318.42,1318.01,1318.42,0.03,32.16,43434.38,1
2023-07-16,2023-07-16 11:20:00,1318.42,1318.84,1318.42,1318.84,0.03,32.16,43434.38,1
2023-07-16,2023-07-16 11:21:00,1318.84,1319.26,1318.84,1319.26,0.03,32.16,43434.38,1
2023-07-16,2023-07-16 11:22:00,1319.26,1319.67,1319.26,1319.67,0.03,32.16,43434.38,1
2023-07-16,2023-07-16 11:23:00,1319.67,1320.09,1319.67,1320.09,0.03,32.16,43434.38,1
2023-07-16,2023-07-16 11:24:00,1320.09,1320.51,1320.09,1320.51,0.03,32.16,43434.38,1
2023-07-16,2023-07-16 11:25:00,1320.51,1320.92,1320.51,1320.92,0.03,32.16,43434.38,1
2023-07-16,2023-07-16 11:26:00,1320.92,1321.34,1320.92,1321.34,0.03,32.16,43434.38,1
2023-07-16,2023-07-16 11:27:00,1321.34,1321.75,1321.34,1321.75,0.03,32.16,43434.38,1
2023-07-16,2023-07-16 11:28:00,1321.75,1322.17,1321.75,1322.17,0.03,32.16,43434.38,1
2023-07-16,2023-07-16 11:29:00,1322.17,1322.59,1322.17,1322.59,0.03,32.16,43434.38,1
2023-07-16,2023-07-16 11:30:00,1322.59,1323.0,1322.59,1323.0,0.03,32.16,43434.38,1
2023-07-16,2023-07-16 11:31:00,1323.0,1323.42,1323.0,1323.42,0.03,32.16,43434.38,1
2023-07-16,2023-07-16 11:32:00,1323.42,1323.84,1323.42,1323.84,0.03,32.16,43434.38,1
2023-07-16,2023-07-16 11:33:00,1323.84,1324.25,1323.84,1324.25,0.03,32.16,43434.38,1
2023-07-16,2023-07-16 11:34:00,1324.25,1324.67,1324.25,1324.67,0.03,32.16,43434.38,1
2023-07-16,2023-07-16 11:35:00,1324.67,1325.09,1324.67,1325.09,0.03,32.16,43434.38,1
2023-07-16,2023-07-16 11:36:00,1325.09,1325.5,1325.09,1325.5,0.03,32.16,43434.38,1
2023-07-16,2023-07-16 11:37:00,1325.5,1325.92,1325.5,1325.92,0.03,32.16,43434.38,1
2023-07-16,2023-07-16 11:38:00,1325.92,1326.33,1325.92,1326.33,0.03,32.16,43434.38,1
2023-07-16,2023-07-16 11:39:00,1326.33,1326.75,1326.33,1326.75,0.03,32.16,43434.38,1
2023-07-16,2023-07-16 11:40:00,1326.75,1327.17,1326.75,1327.17,0.03,32.16,43434.38,1
2023-07-16,2023-07-16 11:41:00,1327.17,1327.58,1327.17,1327.58,0.03,32.16,43434.38,1
2023-07-16,2023-07-16 11:42:00,1327.58,1328.0,1327.58,1328.0,0.03,32.16,43434.38,1
2023-07-16,2023-07-16 11:43:00,1328.0,1328.41,1328.0,1328.41,0.03,32.16,43434.38,1
2023-07-16,2023-07-16 11:44:00,1328.41,1328.83,1328.41,1328.83,0.03,32.16,43434.38,1
2023-07-16,2023-07-16 11:45:00,1328.83,1329.25,1328.83,1329.25,0.03,32.16,43434.38,1
2023-07-16,2023-07-16 11:46:00,1329.25,1329.66,1329.25,1329.66,0.03,32.16,43434.38,1
2023-07-16,2023-07-16 11:47:00,1329.66,1330.08,1329.66,1330.08,0.03,32.16,43434.38,1
2023-07-16,2023-07-16 11:48:00,1330.08,1330.5,1330.08,1330.5,0.03,32.16,43434.38,1
2023-07-16,2023-07-16 11:49:00,1330.5,1330.91,1330.5,1330.91,0.03,32.16,43434.38,1
2023-07-16,2023-07-16 11:50:00,1330.91,1331.33,1330.91,1331.33,0.03,32.16,43434.38,1
2023-07-16,2023-07-16 11:51:00,1331.33,1331.74,1331.33,1331.74,0.03,32.16,43434.38,1
2023-07-16,2023-07-16 11:52:00,1331.74,1332.16,1331.74,1332.16,0.03,32.16,43434.38,1
2023-07-16,2023-07-16 11:53:00,1332.16,1332.58,1332.16,1332.58,0.03,32.16,43434.38,1
2023-07-16,2023-07-16 11:54:00,1332.58,1332.99,1332.58,1332.99,0.03,32.16,43434.38,1
2023-07-16,2023-07-16 11:55:00,1332.99,1333.41,1332.99,1333.41,0.03,32.16,43434.38,1
2023-07-16,2023-07-16 11:56:00,1333.41,1333.83,1333.41,1333.83,0.03,32.16,43434.38,1
2023-07-16,2023-07-16 11:57:00,1333.83,1334.24,1333.83,1334.24,0.03,32.16,43434.38,1
2023-07-16,2023-07-16 11:58:00,1334.24,1334.66,1334.24,1334.66,0.03,32.16,43434.38,1
2023-07-16,2023-07-16 11:59:00,1334.66,1335.07,1334.66,1335.07,0.03,32.16,43434.38,1
2023-07-16,2023-07-16 12:00:00,1335.07,1335.49,1335.07,1335.49,0.03,32.16,43434.38,1
2023-07-16,2023-07-16 12:01:00,1335.49,1335.91,1335.49,1335.91,0.03,32.16,43434.38,1
2023-07-16,2023-07-16 12:02:00,1335.91,1336.32,1335.91,1336.32,0.03,32.16,43434.38,1
2023-07-16,2023-07-16 12:03:00,1336.32,1336.74,1336.32,1336.74,0.03,32.16,43434.38,1
2023-07-16,2023-07-16 12:04:00,1336.74,1337.16,1336.74,1337.16,0.03,32.16,43434.38,1
2023-07-16,2023-07-16 12:05:00,1337.16,1337.57,1337.16,1337.57,0.03,32.16,43434.38,1
2023-07-16,2023-07-16 12:06:00,1337.57,1337.99,1337.57,1337.99,0.03,32.16,43434.38,1
2023-07-16,2023-07-16 12:07:00,1337.99,1338.4,1337.99,1338.4,0.03,32.16,43434.38,1
2023-07-16,2023-07-16 12:08:00,1338.4,1338.82,1338.4,1338.82,0.03,32.16,43434.38,1
2023-07-16,2023-07-16 12:09:00,1338.82,1339.24,1338.82,1339.24,0.03,32.16,43434.38,1
2023-07-16,2023-07-16 12:10:00,1339.24,1339.65,1339.24,1339.65,0.03,32.16,43434.38,1
2023-07-16,2023-07-16 12:11:00,1339.65,1340.07,1339.65,1340.07,0.03,32.16,43434.38,1
2023-07-16,2023-07-16 12:12:00,1340.07,1340.49,1340.07,1340.49,0.03,32.16,43434.38,1
2023-07-16,2023-07-16 12:13:00,1340.49,1340.9,1340.49,1340.9,0.03,32.16,43434.38,1
2023-07-16,2023-07-16 12:14:00,1340.9,1341.32,1340.9,1341.32,0.03,32.16,43434.38,1
2023-07-16,2023-07-16 12:15:00,1341.32,1341.73,1341.32,1341.73,0.03,32.16,43434.38,1
2023-07-16,2023-07-16 12:16:00,1341.73,1342.15,1341.73,1342.15,0.03,32.16,43434.38,1
2023-07-16,2023-07-16 12:17:00,1342.15,1342.57,1342.15,1342.57,0.03,32.16,43434.38,1
2023-07-16,2023-07-16 12:18:00,1342.57,1342.98,1342.57,1342.98,0.03,32.16,43434.38,1
2023-07-16,2023-07-16 12:19:00,1342.98,1343.4,1342.98,1343.4,0.03,32.16,43434.38,1
2023-07-16,2023-07-16 12:20:00,1343.4,1343.82,1343.4,1343.82,0.03,32.16,43434.38,1
2023-07-16,2023-07-16 12:21:00,1343.82,1344.23,1343.82,1344.23,0.03,32.16,43434.38,1
2023-07-16,2023-07-16 12:22:00,1344.23,1344.65,1344.23,1344.65,0.03,32.16,43434.38,1
2023-07-16,2023-07-16 12:23:00,1344.65,1345.07,1344.65,1345.07,0.03,32.16,43434.38,1
2023-07-16,2023-07-16 12:24:00,1345.07,1345.48,1345.07,1345.48,0.03,32.16,43434.38,1
2023-07-16,2023-07-16 12:25:00,1345.48,1345.9,1345.48,1345.9,0.03,32.16,43434.38,1
2023-07-16,2023-07-16 12:26:00,1345.9,1346.31,1345.9,1346.31,0.03,32.16,43434.38,1
2023-07-16,2023-07-16 12:27:00,1346.31,1346.73,1346.31,1346.73,0.03,32.16,43434.38,1
2023-07-16,2023-07-16 12:28:00,1346.73,1347.15,1346.73,1347.15,0.03,32.16,43434.38,1
2023-07-16,2023-07-16 12:29:00,1347.15,1347.56,1347.15,1347.56,0.03,32.16,43434.38,1
2023-07-16,2023-07-16 12:30:00,1347.56,1347.98,1347.56,1347.98,0.03,32.16,43434.38,1
2023-07-16,2023-07-16 12:31:00,1347.98,1348.39,1347.98,1348.39,0.03,32.16,43434.38,1
2023-07-16,2023-07-16 12:32:00,1348.39,1348.81,1348.39,1348.81,0.03,32.16,43434.38,1
2023-07-16,2023-07-16 12:33:00,1348.81,1349.23,1348.81,1349.23,0.03,32.16,43434.38,1
2023-07-16,2023-07-16 12:34:00,1349.23,1349.64,1349.23,1349.64,0.03,32.16,43434.38,1
2023-07-16,2023-07-16 12:35:00,1349.64,1350.06,1349.64,1350.06,0.03,32.16,43434.38,1
2023-07-16,2023-07-16 12:36:00,1350.06,1350.48,1350.06,1350.48,0.03,32.16,43434.38,1
2023-07-16,2023-07-16 12:37:00,1350.48,1350.89,1350.48,1350.89,0.03,32.16,43434.38,1
2023-07-16,2023-07-16 12:38:00,1350.89,1351.31,1350.89,1351.31,0.03,32.16,43434.38,1
2023-07-16,2023-07-16 12:39:00,1351.31,1351.72,1351.31,1351.72,0.03,32.16,43434.38,1
2023-07-16,2023-07-16 12:40:00,1351.72,1352.14,1351.72,1352.14,0.03,32.16,43434.38,1
2023-07-16,2023-07-16 12:41:00,1352.14,1352.56,1352.14,1352.56,0.03,32.16,43434.38,1
2023-07-16,2023-07-16 12:42:00,1352.56,1352.97,1352.56,1352.97,0.03,32.16,43434.38,1
2023-07-16,2023-07-16 12:43:00,1352.97,1353.39,1352.97,1353.39,0.03,32.16,43434.38,1
2023-07-16,2023-07-16 12:44:00,1353.39,1353.81,1353.39,1353.81,0.03,32.16,43434.38,1
2023-07-16,2023-07-16 12:45:00,1353.81,1354.22,1353.81,1354.22,0.03,32.16,43434.38,1
2023-07-16,2023-07-16 12:46:00,1354.22,1354.64,1354.22,1354.64,0.03,32.16,43434.38,1
2023-07-16,2023-07-16 12:47:00,1354.64,1355.05,1354.64,1355.05,0.03,32.16,43434.38,1
2023-07-16,2023-07-16 12:48:00,1355.05,1355.47,1355.05,1355.47,0.03,32.16,43434.38,1
2023-07-16,2023-07-16 12:49:00,1355.47,1355.89,1355.47,1355.89,0.03,32.16,43434.38,1
2023-07-16,2023-07-16 12:50:00,1355.89,1356.3,1355.89,1356.3,0.03,32.16,43434.38,1
2023-07-16,2023-07-16 12:51:00,1356.3,1356.72,1356.3,1356.72,0.03,32.16,43434.38,1
2023-07-16,2023-07-16 12:52:00,1356.72,1357.14,1356.72,1357.14,0.03,32.16,43434.38,1
2023-07-16,2023-07-16 12:53:00,1357.14,1357.55,1357.14,1357.55,0.03,32.16,43434.38,1
2023-07-16,2023-07-16 12:54:00,1357.55,1357.97,1357.55,1357.97,0.03,32.16,43434.38,1
2023-07-16,2023-07-16 12:55:00,1357.97,1358.38,1357.97,1358.38,0.03,32.16,43434.38,1
2023-07-16,2023-07-16 12:56:00,1358.38,1358.8,1358.38,1358.8,0.03,32.16,43434.38,1
2023-07-16,2023-07-16 12:57:00,1358.8,1359.22,1358.8,1359.22,0.03,32.16,43434.38,1
2023-07-16,2023-07-16 12:58:00,1359.22,1359.63,1359.22,1359.63,0.03,32.16,43434.38,1
2023-07-16,2023-07-16 12:59:00,1359.63,1360.05,1359.63,1360.05,0.03,32.16,43434.38,1
2023-07-16,2023-07-16 13:00:00,1360.05,1410.0,1290.3,1360.47,0.03,32.16,43434.38,1
2023-07-16,2023-07-16 13:01:00,1360.47,1360.88,1360.47,1360.88,0.03,32.16,43434.38,1
2023-07-16,2023-07-16 13:02:00,1360.88,1361.3,1360.88,1361.3,0.03,32.16,43434.38,1
2023-07-16,2023-07-16 13:03:00,1361.3,1361.71,1361.3,1361.71,0.03,32.16,43434.38,1
2023-07-16,2023-07-16 13:04:00,1361.71,1362.13,1361.71,1362.13,0.03,32.16,43434.38,1
2023-07-16,2023-07-16 13:05:00,1362.13,1362.55,1362.13,1362.55,0.03,32.16,43434.38,1
2023-07-16,2023-07-16 13:06:00,1362.55,1362.96,1362.55,1362.96,0.03,32.16,43434.38,1
2023-07-16,2023-07-16 13:07:00,1362.96,1363.38,1362.96,1363.38,0.03,32.16,43434.38,1
2023-07-16,2023-07-16 13:08:00,1363.38,1363.8,1363.38,1363.8,0.03,32.16,43434.38,1
2023-07-16,2023-07-16 13:09:00,1363.8,1364.21,1363.8,1364.21,0.03,32.16,43434.38,1
2023-07-16,2023-07-16 13:10:00,1364.21,1364.63,1364.21,1364.63,0.03,32.16,43434.38,1
2023-07-16,2023-07-16 13:11:00,1364.63,1365.05,1364.63,1365.05,0.03,32.16,43434.38,1
2023-07-16,2023-07-16 13:12:00,1365.05,1365.46,1365.05,1365.46,0.03,32.16,43434.38,1
2023-07-16,2023-07-16 13:13:00,1365.46,1365.88,1365.46,1365.88,0.03,32.16,43434.38,1
2023-07-16,2023-07-16 13:14:00,1365.88,1366.29,1365.88,1366.29,0.03,32.16,43434.38,1
2023-07-16,2023-07-16 13:15:00,1366.29,1366.71,1366.29,1366.71,0.03,32.16,43434.38,1
2023-07-16,2023-07-16 13:16:00,1366.71,1367.13,1366.71,1367.13,0.03,32.16,43434.38,1
2023-07-16,2023-07-16 13:17:00,1367.13,1367.54,1367.13,1367.54,0.03,32.16,43434.38,1
2023-07-16,2023-07-16 13:18:00,1367.54,1367.96,1367.54,1367.96,0.03,32.16,43434.38,1
2023-07-16,2023-07-16 13:19:00,1367.96,1368.38,1367.96,1368.38,0.03,32.16,43434.38,1
2023-07-16,2023-07-16 13:20:00,1368.38,1368.79,1368.38,1368.79,0.03,32.16,43434.38,1
2023-07-16,2023-07-16 13:21:00,1368.79,1369.21,1368.79,1369.21,0.03,32.16,43434.38,1
2023-07-16,2023-07-16 13:22:00,1369.21,1369.62,1369.21,1369.62,0.03,32.16,43434.38,1
2023-07-16,2023-07-16 13:23:00,1369.62,1370.04,1369.62,1370.04,0.03,32.16,43434.38,1
2023-07-16,2023-07-16 13:24:00,1370.04,1370.46,1370.04,1370.46,0.03,32.16,43434.38,1
2023-07-16,2023-07-16 13:25:00,1370.46,1370.87,1370.46,1370.87,0.03,32.16,43434.38,1
2023-07-16,2023-07-16 13:26:00,1370.87,1371.29,1370.87,1371.29,0.03,32.16,43434.38,1
2023-07-16,2023-07-16 13:27:00,1371.29,1371.7,1371.29,1371.7,0.03,32.16,43434.38,1
2023-07-16,2023-07-16 13:28:00,1371.7,1372.12,1371.7,1372.12,0.03,32.16,43434.38,1
2023-07-16,2023-07-16 13:29:00,1372.12,1372.54,1372.12,1372.54,0.03,32.16,43434.38,1
2023-07-16,2023-07-16 13:30:00,1372.54,1372.95,1372.54,1372.95,0.03,32.16,43434.38,1
2023-07-16,2023-07-16 13:31:00,1372.95,1373.37,1372.95,1373.37,0.03,32.16,43434.38,1
2023-07-16,2023-07-16 13:32:00,1373.37,1373.79,1373.37,1373.79,0.03,32.16,43434.38,1
2023-07-16,2023-07-16 13:33:00,1373.79,1374.2,1373.79,1374.2,0.03,32.16,43434.38,1
2023-07-16,2023-07-16 13:34:00,1374.2,1374.62,1374.2,1374.62,0.03,32.16,43434.38,1
2023-07-16,2023-07-16 13:35:00,1374.62,1375.03,1374.62,1375.03,0.03,32.16,43434.38,1
2023-07-16,2023-07-16 13:36:00,1375.03,1375.45,1375.03,1375.45,0.03,32.16,43434.38,1
2023-07-16,2023-07-16 13:37:00,1375.45,1375.87,1375.45,1375.87,0.03,32.16,43434.38,1
2023-07-16,2023-07-16 13:38:00,1375.87,1376.28,1375.87,1376.28,0.03,32.16,43434.38,1
2023-07-16,2023-07-16 13:39:00,1376.28,1376.7,1376.28,1376.7,0.03,32.16,43434.38,1
2023-07-16,2023-07-16 13:40:00,1376.7,1377.12,1376.7,1377.12,0.03,32.16,43434.38,1
2023-07-16,2023-07-16 13:41:00,1377.12,1377.53,1377.12,1377.53,0.03,32.16,43434.38,1
2023-07-16,2023-07-16 13:42:00,1377.53,1377.95,1377.53,1377.95,0.03,32.16,43434.38,1
2023-07-16,2023-07-16 13:43:00,1377.95,1378.37,1377.95,1378.37,0.03,32.16,43434.38,1
2023-07-16,2023-07-16 13:44:00,1378.37,1378.78,1378.37,1378.78,0.03,32.16,43434.38,1
2023-07-16,2023-07-16 13:45:00,1378.78,1379.2,1378.78,1379.2,0.03,32.16,43434.38,1
2023-07-16,2023-07-16 13:46:00,1379.2,1379.61,1379.2,1379.61,0.03,32.16,43434.38,1
2023-07-16,2023-07-16 13:47:00,1379.61,1380.03,1379.61,1380.03,0.03,32.16,43434.38,1
2023-07-16,2023-07-16 13:48:00,1380.03,1380.45,1380.03,1380.45,0.03,32.16,43434.38,1
2023-07-16,2023-07-16 13:49:00,1380.45,1380.86,1380.45,1380.86,0.03,32.16,43434.38,1
2023-07-16,2023-07-16 13:50:00,1380.86,1381.28,1380.86,1381.28,0.03,32.16,43434.38,1
2023-07-16,2023-07-16 13:51:00,1381.28,1381.69,1381.28,1381.69,0.03,32.16,43434.38,1
2023-07-16,2023-07-16 13:52:00,1381.69,1382.11,1381.69,1382.11,0.03,32.16,43434.38,1
2023-07-16,2023-07-16 13:53:00,1382.11,1382.53,1382.11,1382.53,0.03,32.16,43434.38,1
2023-07-16,2023-07-16 13:54:00,1382.53,1382.94,1382.53,1382.94,0.03,32.16,43434.38,1
2023-07-16,2023-07-16 13:55:00,1382.94,1383.36,1382.94,1383.36,0.03,32.16,43434.38,1
2023-07-16,2023-07-16 13:56:00,1383.36,1383.78,1383.36,1383.78,0.03,32.16,43434.38,1
2023-07-16,2023-07-16 13:57:00,1383.78,1384.19,1383.78,1384.19,0.03,32.16,43434.38,1
2023-07-16,2023-07-16 13:58:00,1384.19,1384.61,1384.19,1384.61,0.03,32.16,43434.38,1
2023-07-16,2023-07-16 13:59:00,1384.61,1385.03,1384.61,1385.03,0.03,32.16,43434.38,1
2023-07-16,2023-07-16 14:00:00,1385.03,1385.44,1385.03,1385.44,0.03,32.16,43434.38,1
2023-07-16,2023-07-16 14:01:00,1385.44,1385.86,1385.44,1385.86,0.03,32.16,43434.38,1
2023-07-16,2023-07-16 14:02:00,1385.86,1386.27,1385.86,1386.27,0.03,32.16,43434.38,1
2023-07-16,2023-07-16 14:03:00,1386.27,1386.69,1386.27,1386.69,0.03,32.16,43434.38,1
2023-07-16,2023-07-16 14:04:00,1386.69,1387.11,1386.69,1387.11,0.03,32.16,43434.38,1
2023-07-16,2023-07-16 14:05:00,1387.11,1387.52,1387.11,1387.52,0.03,32.16,43434.38,1
2023-07-16,2023-07-16 14:06:00,1387.52,1387.94,1387.52,1387.94,0.03,32.16,43434.38,1
2023-07-16,2023-07-16 14:07:00,1387.94,1388.36,1387.94,1388.36,0.03,32.16,43434.38,1
2023-07-16,2023-07-16 14:08:00,1388.36,1388.77,1388.36,1388.77,0.03,32.16,43434.38,1
2023-07-16,2023-07-16 14:09:00,1388.77,1389.19,1388.77,1389.19,0.03,32.16,43434.38,1
2023-07-16,2023-07-16 14:10:00,1389.19,1389.6,1389.19,1389.6,0.03,32.16,43434.38,1
2023-07-16,2023-07-16 14:11:00,1389.6,1390.02,1389.6,1390.02,0.03,32.16,43434.38,1
2023-07-16,2023-07-16 14:12:00,1390.02,1390.44,1390.02,1390.44,0.03,32.16,43434.38,1
2023-07-16,2023-07-16 14:13:00,1390.44,1390.85,1390.44,1390.85,0.03,32.16,43434.38,1
2023-07-16,2023-07-16 14:14:00,1390.85,1391.27,1390.85,1391.27,0.03,32.16,43434.38,1
2023-07-16,2023-07-16 14:15:00,1391.27,1391.68,1391.27,1391.68,0.03,32.16,43434.38,1
2023-07-16,2023-07-16 14:16:00,1391.68,1392.1,1391.68,1392.1,0.03,32.16,43434.38,1
2023-07-16,2023-07-16 14:17:00,1392.1,1392.52,1392.1,1392.52,0.03,32.16,43434.38,1
2023-07-16,2023-07-16 14:18:00,1392.52,1392.93,1392.52,1392.93,0.03,32.16,43434.38,1
2023-07-16,2023-07-16 14:19:00,1392.93,1393.35,1392.93,1393.35,0.03,32.16,43434.38,1
2023-07-16,2023-07-16 14:20:00,1393.35,1393.77,1393.35,1393.77,0.03,32.16,43434.38,1
2023-07-16,2023-07-16 14:21:00,1393.77,1394.18,1393.77,1394.18,0.03,32.16,43434.38,1
2023-07-16,2023-07-16 14:22:00,1394.18,1394.6,1394.18,1394.6,0.03,32.16,43434.38,1
2023-07-16,2023-07-16 14:23:00,1394.6,1395.01,1394.6,1395.01,0.03,32.16,43434.38,1
2023-07-16,2023-07-16 14:24:00,1395.01,1395.43,1395.01,1395.43,0.03,32.16,43434.38,1
2023-07-16,2023-07-16 14:25:00,1395.43,1395.85,1395.43,1395.85,0.03,32.16,43434.38,1
2023-07-16,2023-07-16 14:26:00,1395.85,1396.26,1395.85,1396.26,0.03,32.16,43434.38,1
2023-07-16,2023-07-16 14:27:00,1396.26,1396.68,1396.26,1396.68,0.03,32.16,43434.38,1
2023-07-16,2023-07-16 14:28:00,1396.68,1397.1,1396.68,1397.1,0.03,32.16,43434.38,1
2023-07-16,2023-07-16 14:29:00,1397.1,1397.51,1397.1,1397.51,0.03,32.16,43434.38,1
2023-07-16,2023-07-16 14:30:00,1397.51,1397.93,1397.51,1397.93,0.03,32.16,43434.38,1
2023-07-16,2023-07-16 14:31:00,1397.93,1398.35,1397.93,1398.35,0.03,32.16,43434.38,1
2023-07-16,2023-07-16 14:32:00,1398.35,1398.76,1398.35,1398.76,0.03,32.16,43434.38,1
2023-07-16,2023-07-16 14:33:00,1398.76,1399.18,1398.76,1399.18,0.03,32.16,43434.38,1
2023-07-16,2023-07-16 14:34:00,1399.18,1399.59,1399.18,1399.59,0.03,32.16,43434.38,1
2023-07-16,2023-07-16 14:35:00,1399.59,1400.01,1399.59,1400.01,0.03,32.16,43434.38,1
2023-07-16,2023-07-16 14:36:00,1400.01,1400.43,1400.01,1400.43,0.03,32.16,43434.38,1
2023-07-16,2023-07-16 14:37:00,1400.43,1400.84,1400.43,1400.84,0.03,32.16,43434.38,1
2023-07-16,2023-07-16 14:38:00,1400.84,1401.26,1400.84,1401.26,0.03,32.16,43434.38,1
2023-07-16,2023-07-16 14:39:00,1401.26,1401.67,1401.26,1401.67,0.03,32.16,43434.38,1
2023-07-16,2023-07-16 14:40:00,1401.67,1402.09,1401.67,1402.09,0.03,32.16,43434.38,1
2023-07-16,2023-07-16 14:41:00,1402.09,1402.51,1402.09,1402.51,0.03,32.16,43434.38,1
2023-07-16,2023-07-16 14:42:00,1402.51,1402.92,1402.51,1402.92,0.03,32.16,43434.38,1
2023-07-16,2023-07-16 14:43:00,1402.92,1403.34,1402.92,1403.34,0.03,32.16,43434.38,1
2023-07-16,2023-07-16 14:44:00,1403.34,1403.76,1403.34,1403.76,0.03,32.16,43434.38,1
2023-07-16,2023-07-16 14:45:00,1403.76,1404.17,1403.76,1404.17,0.03,32.16,43434.38,1
2023-07-16,2023-07-16 14:46:00,1404.17,1404.59,1404.17,1404.59,0.03,32.16,43434.38,1
2023-07-16,2023-07-16 14:47:00,1404.59,1405.01,1404.59,1405.01,0.03,32.16,43434.38,1
2023-07-16,2023-07-16 14:48:00,1405.01,1405.42,1405.01,1405.42,0.03,32.16,43434.38,1
2023-07-16,2023-07-16 14:49:00,1405.42,1405.84,1405.42,1405.84,0.03,32.16,43434.38,1
2023-07-16,2023-07-16 14:50:00,1405.84,1406.25,1405.84,1406.25,0.03,32.16,43434.38,1
2023-07-16,2023-07-16 14:51:00,1406.25,1406.67,1406.25,1406.67,0.03,32.16,43434.38,1
2023-07-16,2023-07-16 14:52:00,1406.67,1407.09,1406.67,1407.09,0.03,32.16,43434.38,1
2023-07-16,2023-07-16 14:53:00,1407.09,1407.5,1407.09,1407.5,0.03,32.16,43434.38,1
2023-07-16,2023-07-16 14:54:00,1407.5,1407.92,1407.5,1407.92,0.03,32.16,43434.38,1
2023-07-16,2023-07-16 14:55:00,1407.92,1408.34,1407.92,1408.34,0.03,32.16,43434.38,1
2023-07-16,2023-07-16 14:56:00,1408.34,1408.75,1408.34,1408.75,0.03,32.16,43434.38,1
2023-07-16,2023-07-16 14:57:00,1408.75,1409.17,1408.75,1409.17,0.03,32.16,43434.38,1
2023-07-16,2023-07-16 14:58:00,1409.17,1409.58,1409.17,1409.58,0.03,32.16,43434.38,1
2023-07-16,2023-07-16 14:59:00,1409.58,1410.0,1409.58,1410.0,0.03,32.16,43434.38,1
2023-07-16,2023-07-16 15:00:00,1410.0,1410.0,1290.3,1410.0,0.0,32.16,43434.38,0
2023-07-17,2023-07-17 11:00:00,1381.8,1423.26,1377.09,1382.33,0.04,41.86,59935.61,1
2023-07-17,2023-07-17 11:01:00,1382.33,1382.87,1382.33,1382.87,0.04,41.86,59935.61,1
2023-07-17,2023-07-17 11:02:00,1382.87,1383.4,1382.87,1383.4,0.04,41.86,59935.61,1
2023-07-17,2023-07-17 11:03:00,1383.4,1383.94,1383.4,1383.94,0.04,41.86,59935.61,1
2023-07-17,2023-07-17 11:04:00,1383.94,1384.47,1383.94,1384.47,0.04,41.86,59935.61,1
2023-07-17,2023-07-17 11:05:00,1384.47,1385.0,1384.47,1385.0,0.04,41.86,59935.61,1
2023-07-17,2023-07-17 11:06:00,1385.0,1385.54,1385.0,1385.54,0.04,41.86,59935.61,1
2023-07-17,2023-07-17 11:07:00,1385.54,1386.07,1385.54,1386.07,0.04,41.86,59935.61,1
2023-07-17,2023-07-17 11:08:00,1386.07,1386.61,1386.07,1386.61,0.04,41.86,59935.61,1
2023-07-17,2023-07-17 11:09:00,1386.61,1387.14,1386.61,1387.14,0.04,41.86,59935.61,1
2023-07-17,2023-07-17 11:10:00,1387.14,1387.68,1387.14,1387.68,0.04,41.86,59935.61,1
2023-07-17,2023-07-17 11:11:00,1387.68,1388.21,1387.68,1388.21,0.04,41.86,59935.61,1
2023-07-17,2023-07-17 11:12:00,1388.21,1388.74,1388.21,1388.74,0.04,41.86,59935.61,1
2023-07-17,2023-07-17 11:13:00,1388.74,1389.28,1388.74,1389.28,0.04,41.86,59935.61,1
2023-07-17,2023-07-17 11:14:00,1389.28,1389.81,1389.28,1389.81,0.04,41.86,59935.61,1
2023-07-17,2023-07-17 11:15:00,1389.81,1390.35,1389.81,1390.35,0.04,41.86,59935.61,1
2023-07-17,2023-07-17 11:16:00,1390.35,1390.88,1390.35,1390.88,0.04,41.86,59935.61,1
2023-07-17,2023-07-17 11:17:00,1390.88,1391.41,1390.88,1391.41,0.04,41.86,59935.61,1
2023-07-17,2023-07-17 11:18:00,1391.41,1391.95,1391.41,1391.95,0.04,41.86,59935.61,1
2023-07-17,2023-07-17 11:19:00,1391.95,1392.48,1391.95,1392.48,0.04,41.86,59935.61,1
2023-07-17,2023-07-17 11:20:00,1392.48,1393.02,1392.48,1393.02,0.04,41.86,59935.61,1
2023-07-17,2023-07-17 11:21:00,1393.02,1393.55,1393.02,1393.55,0.04,41.86,59935.61,1
2023-07-17,2023-07-17 11:22:00,1393.55,1394.09,1393.55,1394.09,0.04,41.86,59935.61,1
2023-07-17,2023-07-17 11:23:00,1394.09,1394.62,1394.09,1394.62,0.04,41.86,59935.61,1
2023-07-17,2023-07-17 11:24:00,1394.62,1395.15,1394.62,1395.15,0.04,41.86,59935.61,1
2023-07-17,2023-07-17 11:25:00,1395.15,1395.69,1395.15,1395.69,0.04,41.86,59935.61,1
2023-07-17,2023-07-17 11:26:00,1395.69,1396.22,1395.69,1396.22,0.04,41.86,59935.61,1
2023-07-17,2023-07-17 11:27:00,1396.22,1396.76,1396.22,1396.76,0.04,41.86,59935.61,1
2023-07-17,2023-07-17 11:28:00,1396.76,1397.29,1396.76,1397.29,0.04,41.86,59935.61,1
2023-07-17,2023-07-17 11:29:00,1397.29,1397.83,1397.29,1397.83,0.04,41.86,59935.61,1
2023-07-17,2023-07-17 11:30:00,1397.83,1398.36,1397.83,1398.36,0.04,41.86,59935.61,1
2023-07-17,2023-07-17 11:31:00,1398.36,1398.89,1398.36,1398.89,0.04,41.86,59935.61,1
2023-07-17,2023-07-17 11:32:00,1398.89,1399.43,1398.89,1399.43,0.04,41.86,59935.61,1
2023-07-17,2023-07-17 11:33:00,1399.43,1399.96,1399.43,1399.96,0.04,41.86,59935.61,1
2023-07-17,2023-07-17 11:34:00,1399.96,1400.5,1399.96,1400.5,0.04,41.86,59935.61,1
2023-07-17,2023-07-17 11:35:00,1400.5,1401.03,1400.5,1401.03,0.04,41.86,59935.61,1
2023-07-17,2023-07-17 11:36:00,1401.03,1401.56,1401.03,1401.56,0.04,41.86,59935.61,1
2023-07-17,2023-07-17 11:37:00,1401.56,1402.1,1401.56,1402.1,0.04,41.86,59935.61,1
2023-07-17,2023-07-17 11:38:00,1402.1,1402.63,1402.1,1402.63,0.04,41.86,59935.61,1
2023-07-17,2023-07-17 11:39:00,1402.63,1403.17,1402.63,1403.17,0.04,41.86,59935.61,1
2023-07-17,2023-07-17 11:40:00,1403.17,1403.7,1403.17,1403.7,0.04,41.86,59935.61,1
2023-07-17,2023-07-17 11:41:00,1403.7,1404.23,1403.7,1404.23,0.04,41.86,59935.61,1
2023-07-17,2023-07-17 11:42:00,1404.23,1404.77,1404.23,1404.77,0.04,41.86,59935.61,1
2023-07-17,2023-07-17 11:43:00,1404.77,1405.3,1404.77,1405.3,0.04,41.86,59935.61,1
2023-07-17,2023-07-17 11:44:00,1405.3,1405.84,1405.3,1405.84,0.04,41.86,59935.61,1
2023-07-17,2023-07-17 11:45:00,1405.84,1406.37,1405.84,1406.37,0.04,41.86,59935.61,1
2023-07-17,2023-07-17 11:46:00,1406.37,1406.91,1406.37,1406.91,0.04,41.86,59935.61,1
2023-07-17,2023-07-17 11:47:00,1406.91,1407.44,1406.91,1407.44,0.04,41.86,59935.61,1
2023-07-17,2023-07-17 11:48:00,1407.44,1407.97,1407.44,1407.97,0.04,41.86,59935.61,1
2023-07-17,2023-07-17 11:49:00,1407.97,1408.51,1407.97,1408.51,0.04,41.86,59935.61,1
2023-07-17,2023-07-17 11:50:00,1408.51,1409.04,1408.51,1409.04,0.04,41.86,59935.61,1
2023-07-17,2023-07-17 11:51:00,1409.04,1409.58,1409.04,1409.58,0.04,41.86,59935.61,1
2023-07-17,2023-07-17 11:52:00,1409.58,1410.11,1409.58,1410.11,0.04,41.86,59935.61,1
2023-07-17,2023-07-17 11:53:00,1410.11,1410.64,1410.11,1410.64,0.04,41.86,59935.61,1
2023-07-17,2023-07-17 11:54:00,1410.64,1411.18,1410.64,1411.18,0.04,41.86,59935.61,1
2023-07-17,2023-07-17 11:55:00,1411.18,1411.71,1411.18,1411.71,0.04,41.86,59935.61,1
2023-07-17,2023-07-17 11:56:00,1411.71,1412.25,1411.71,1412.25,0.04,41.86,59935.61,1
2023-07-17,2023-07-17 11:57:00,1412.25,1412.78,1412.25,1412.78,0.04,41.86,59935.61,1
2023-07-17,2023-07-17 11:58:00,1412.78,1413.32,1412.78,1413.32,0.04,41.86,59935.61,1
2023-07-17,2023-07-17 11:59:00,1413.32,1413.85,1413.32,1413.85,0.04,41.86,59935.61,1
2023-07-17,2023-07-17 12:00:00,1413.85,1414.38,1413.85,1414.38,0.04,41.86,59935.61,1
2023-07-17,2023-07-17 12:01:00,1414.38,1414.92,1414.38,1414.92,0.04,41.86,59935.61,1
2023-07-17,2023-07-17 12:02:00,1414.92,1415.45,1414.92,1415.45,0.04,41.86,59935.61,1
2023-07-17,2023-07-17 12:03:00,1415.45,1415.99,1415.45,1415.99,0.04,41.86,59935.61,1
2023-07-17,2023-07-17 12:04:00,1415.99,1416.52,1415.99,1416.52,0.04,41.86,59935.61,1
2023-07-17,2023-07-17 12:05:00,1416.52,1417.06,1416.52,1417.06,0.04,41.86,59935.61,1
2023-07-17,2023-07-17 12:06:00,1417.06,1417.59,1417.06,1417.59,0.04,41.86,59935.61,1
2023-07-17,2023-07-17 12:07:00,1417.59,1418.12,1417.59,1418.12,0.04,41.86,59935.61,1
2023-07-17,2023-07-17 12:08:00,1418.12,1418.66,1418.12,1418.66,0.04,41.86,59935.61,1
2023-07-17,2023-07-17 12:09:00,1418.66,1419.19,1418.66,1419.19,0.04,41.86,59935.61,1
2023-07-17,2023-07-17 12:10:00,1419.19,1419.73,1419.19,1419.73,0.04,41.86,59935.61,1
2023-07-17,2023-07-17 12:11:00,1419.73,1420.26,1419.73,1420.26,0.04,41.86,59935.61,1
2023-07-17,2023-07-17 12:12:00,1420.26,1420.79,1420.26,1420.79,0.04,41.86,59935.61,1
2023-07-17,2023-07-17 12:13:00,1420.79,1421.33,1420.79,1421.33,0.04,41.86,59935.61,1
2023-07-17,2023-07-17 12:14:00,1421.33,1421.86,1421.33,1421.86,0.04,41.86,59935.61,1
2023-07-17,2023-07-17 12:15:00,1421.86,1422.4,1421.86,1422.4,0.04,41.86,59935.61,1
2023-07-17,2023-07-17 12:16:00,1422.4,1422.93,1422.4,1422.93,0.04,41.86,59935.61,1
2023-07-17,2023-07-17 12:17:00,1422.93,1423.46,1422.93,1423.46,0.04,41.86,59935.61,1
2023-07-17,2023-07-17 12:18:00,1423.46,1424.0,1423.46,1424.0,0.04,41.86,59935.61,1
2023-07-17,2023-07-17 12:19:00,1424.0,1424.53,1424.0,1424.53,0.04,41.86,59935.61,1
2023-07-17,2023-07-17 12:20:00,1424.53,1425.07,1424.53,1425.07,0.04,41.86,59935.61,1
2023-07-17,2023-07-17 12:21:00,1425.07,1425.6,1425.07,1425.6,0.04,41.86,59935.61,1
2023-07-17,2023-07-17 12:22:00,1425.6,1426.14,1425.6,1426.14,0.04,41.86,59935.61,1
2023-07-17,2023-07-17 12:23:00,1426.14,1426.67,1426.14,1426.67,0.04,41.86,59935.61,1
2023-07-17,2023-07-17 12:24:00,1426.67,1427.2,1426.67,1427.2,0.04,41.86,59935.61,1
2023-07-17,2023-07-17 12:25:00,1427.2,1427.74,1427.2,1427.74,0.04,41.86,59935.61,1
2023-07-17,2023-07-17 12:26:00,1427.74,1428.27,1427.74,1428.27,0.04,41.86,59935.61,1
2023-07-17,2023-07-17 12:27:00,1428.27,1428.81,1428.27,1428.81,0.04,41.86,59935.61,1
2023-07-17,2023-07-17 12:28:00,1428.81,1429.34,1428.81,1429.34,0.04,41.86,59935.61,1
2023-07-17,2023-07-17 12:29:00,1429.34,1429.88,1429.34,1429.88,0.04,41.86,59935.61,1
2023-07-17,2023-07-17 12:30:00,1429.88,1430.41,1429.88,1430.41,0.04,41.86,59935.61,1
2023-07-17,2023-07-17 12:31:00,1430.41,1430.94,1430.41,1430.94,0.04,41.86,59935.61,1
2023-07-17,2023-07-17 12:32:00,1430.94,1431.48,1430.94,1431.48,0.04,41.86,59935.61,1
2023-07-17,2023-07-17 12:33:00,1431.48,1432.01,1431.48,1432.01,0.04,41.86,59935.61,1
2023-07-17,2023-07-17 12:34:00,1432.01,1432.55,1432.01,1432.55,0.04,41.86,59935.61,1
2023-07-17,2023-07-17 12:35:00,1432.55,1433.08,1432.55,1433.08,0.04,41.86,59935.61,1
2023-07-17,2023-07-17 12:36:00,1433.08,1433.61,1433.08,1433.61,0.04,41.86,59935.61,1
2023-07-17,2023-07-17 12:37:00,1433.61,1434.15,1433.61,1434.15,0.04,41.86,59935.61,1
2023-07-17,2023-07-17 12:38:00,1434.15,1434.68,1434.15,1434.68,0.04,41.86,59935.61,1
2023-07-17,2023-07-17 12:39:00,1434.68,1435.22,1434.68,1435.22,0.04,41.86,59935.61,1
2023-07-17,2023-07-17 12:40:00,1435.22,1435.75,1435.22,1435.75,0.04,41.86,59935.61,1
2023-07-17,2023-07-17 12:41:00,1435.75,1436.29,1435.75,1436.29,0.04,41.86,59935.61,1
2023-07-17,2023-07-17 12:42:00,1436.29,1436.82,1436.29,1436.82,0.04,41.86,59935.61,1
2023-07-17,2023-07-17 12:43:00,1436.82,1437.35,1436.82,1437.35,0.04,41.86,59935.61,1
2023-07-17,2023-07-17 12:44:00,1437.35,1437.89,1437.35,1437.89,0.04,41.86,59935.61,1
2023-07-17,2023-07-17 12:45:00,1437.89,1438.42,1437.89,1438.42,0.04,41.86,59935.61,1
2023-07-17,2023-07-17 12:46:00,1438.42,1438.96,1438.42,1438.96,0.04,41.86,59935.61,1
2023-07-17,2023-07-17 12:47:00,1438.96,1439.49,1438.96,1439.49,0.04,41.86,59935.61,1
2023-07-17,2023-07-17 12:48:00,1439.49,1440.02,1439.49,1440.02,0.04,41.86,59935.61,1
2023-07-17,2023-07-17 12:49:00,1440.02,1440.56,1440.02,1440.56,0.04,41.86,59935.61,1
2023-07-17,2023-07-17 12:50:00,1440.56,1441.09,1440.56,1441.09,0.04,41.86,59935.61,1
2023-07-17,2023-07-17 12:51:00,1441.09,1441.63,1441.09,1441.63,0.04,41.86,59935.61,1
2023-07-17,2023-07-17 12:52:00,1441.63,1442.16,1441.63,1442.16,0.04,41.86,59935.61,1
2023-07-17,2023-07-17 12:53:00,1442.16,1442.69,1442.16,1442.69,0.04,41.86,59935.61,1
2023-07-17,2023-07-17 12:54:00,1442.69,1443.23,1442.69,1443.23,0.04,41.86,59935.61,1
2023-07-17,2023-07-17 12:55:00,1443.23,1443.76,1443.23,1443.76,0.04,41.86,59935.61,1
2023-07-17,2023-07-17 12:56:00,1443.76,1444.3,1443.76,1444.3,0.04,41.86,59935.61,1
2023-07-17,2023-07-17 12:57:00,1444.3,1444.83,1444.3,1444.83,0.04,41.86,59935.61,1
2023-07-17,2023-07-17 12:58:00,1444.83,1445.37,1444.83,1445.37,0.04,41.86,59935.61,1
2023-07-17,2023-07-17 12:59:00,1445.37,1445.9,1445.37,1445.9,0.04,41.86,59935.61,1
2023-07-17,2023-07-17 13:00:00,1445.9,1520.0,1366.1,1446.43,0.04,41.86,59935.61,1
2023-07-17,2023-07-17 13:01:00,1446.43,1446.97,1446.43,1446.97,0.04,41.86,59935.61,1
2023-07-17,2023-07-17 13:02:00,1446.97,1447.5,1446.97,1447.5,0.04,41.86,59935.61,1
2023-07-17,2023-07-17 13:03:00,1447.5,1448.04,1447.5,1448.04,0.04,41.86,59935.61,1
2023-07-17,2023-07-17 13:04:00,1448.04,1448.57,1448.04,1448.57,0.04,41.86,59935.61,1
2023-07-17,2023-07-17 13:05:00,1448.57,1449.11,1448.57,1449.11,0.04,41.86,59935.61,1
2023-07-17,2023-07-17 13:06:00,1449.11,1449.64,1449.11,1449.64,0.04,41.86,59935.61,1
2023-07-17,2023-07-17 13:07:00,1449.64,1450.17,1449.64,1450.17,0.04,41.86,59935.61,1
2023-07-17,2023-07-17 13:08:00,1450.17,1450.71,1450.17,1450.71,0.04,41.86,59935.61,1
2023-07-17,2023-07-17 13:09:00,1450.71,1451.24,1450.71,1451.24,0.04,41.86,59935.61,1
2023-07-17,2023-07-17 13:10:00,1451.24,1451.78,1451.24,1451.78,0.04,41.86,59935.61,1
2023-07-17,2023-07-17 13:11:00,1451.78,1452.31,1451.78,1452.31,0.04,41.86,59935.61,1
2023-07-17,2023-07-17 13:12:00,1452.31,1452.84,1452.31,1452.84,0.04,41.86,59935.61,1
2023-07-17,2023-07-17 13:13:00,1452.84,1453.38,1452.84,1453.38,0.04,41.86,59935.61,1
2023-07-17,2023-07-17 13:14:00,1453.38,1453.91,1453.38,1453.91,0.04,41.86,59935.61,1
2023-07-17,2023-07-17 13:15:00,1453.91,1454.45,1453.91,1454.45,0.04,41.86,59935.61,1
2023-07-17,2023-07-17 13:16:00,1454.45,1454.98,1454.45,1454.98,0.04,41.86,59935.61,1
2023-07-17,2023-07-17 13:17:00,1454.98,1455.51,1454.98,1455.51,0.04,41.86,59935.61,1
2023-07-17,2023-07-17 13:18:00,1455.51,1456.05,1455.51,1456.05,0.04,41.86,59935.61,1
2023-07-17,2023-07-17 13:19:00,1456.05,1456.58,1456.05,1456.58,0.04,41.86,59935.61,1
2023-07-17,2023-07-17 13:20:00,1456.58,1457.12,1456.58,1457.12,0.04,41.86,59935.61,1
2023-07-17,2023-07-17 13:21:00,1457.12,1457.65,1457.12,1457.65,0.04,41.86,59935.61,1
2023-07-17,2023-07-17 13:22:00,1457.65,1458.19,1457.65,1458.19,0.04,41.86,59935.61,1
2023-07-17,2023-07-17 13:23:00,1458.19,1458.72,1458.19,1458.72,0.04,41.86,59935.61,1
2023-07-17,2023-07-17 13:24:00,1458.72,1459.25,1458.72,1459.25,0.04,41.86,59935.61,1
2023-07-17,2023-07-17 13:25:00,1459.25,1459.79,1459.25,1459.79,0.04,41.86,59935.61,1
2023-07-17,2023-07-17 13:26:00,1459.79,1460.32,1459.79,1460.32,0.04,41.86,59935.61,1
2023-07-17,2023-07-17 13:27:00,1460.32,1460.86,1460.32,1460.86,0.04,41.86,59935.61,1
2023-07-17,2023-07-17 13:28:00,1460.86,1461.39,1460.86,1461.39,0.04,41.86,59935.61,1
2023-07-17,2023-07-17 13:29:00,1461.39,1461.92,1461.39,1461.92,0.04,41.86,59935.61,1
2023-07-17,2023-07-17 13:30:00,1461.92,1462.46,1461.92,1462.46,0.04,41.86,59935.61,1
2023-07-17,2023-07-17 13:31:00,1462.46,1462.99,1462.46,1462.99,0.04,41.86,59935.61,1
2023-07-17,2023-07-17 13:32:00,1462.99,1463.53,1462.99,1463.53,0.04,41.86,59935.61,1
2023-07-17,2023-07-17 13:33:00,1463.53,1464.06,1463.53,1464.06,0.04,41.86,59935.61,1
2023-07-17,2023-07-17 13:34:00,1464.06,1464.6,1464.06,1464.6,0.04,41.86,59935.61,1
2023-07-17,2023-07-17 13:35:00,1464.6,1465.13,1464.6,1465.13,0.04,41.86,59935.61,1
2023-07-17,2023-07-17 13:36:00,1465.13,1465.66,1465.13,1465.66,0.04,41.86,59935.61,1
2023-07-17,2023-07-17 13:37:00,1465.66,1466.2,1465.66,1466.2,0.04,41.86,59935.61,1
2023-07-17,2023-07-17 13:38:00,1466.2,1466.73,1466.2,1466.73,0.04,41.86,59935.61,1
2023-07-17,2023-07-17 13:39:00,1466.73,1467.27,1466.73,1467.27,0.04,41.86,59935.61,1
2023-07-17,2023-07-17 13:40:00,1467.27,1467.8,1467.27,1467.8,0.04,41.86,59935.61,1
2023-07-17,2023-07-17 13:41:00,1467.8,1468.34,1467.8,1468.34,0.04,41.86,59935.61,1
2023-07-17,2023-07-17 13:42:00,1468.34,1468.87,1468.34,1468.87,0.04,41.86,59935.61,1
2023-07-17,2023-07-17 13:43:00,1468.87,1469.4,1468.87,1469.4,0.04,41.86,59935.61,1
2023-07-17,2023-07-17 13:44:00,1469.4,1469.94,1469.4,1469.94,0.04,41.86,59935.61,1
2023-07-17,2023-07-17 13:45:00,1469.94,1470.47,1469.94,1470.47,0.04,41.86,59935.61,1
2023-07-17,2023-07-17 13:46:00,1470.47,1471.01,1470.47,1471.01,0.04,41.86,59935.61,1
2023-07-17,2023-07-17 13:47:00,1471.01,1471.54,1471.01,1471.54,0.04,41.86,59935.61,1
2023-07-17,2023-07-17 13:48:00,1471.54,1472.07,1471.54,1472.07,0.04,41.86,59935.61,1
2023-07-17,2023-07-17 13:49:00,1472.07,1472.61,1472.07,1472.61,0.04,41.86,59935.61,1
2023-07-17,2023-07-17 13:50:00,1472.61,1473.14,1472.61,1473.14,0.04,41.86,59935.61,1
2023-07-17,2023-07-17 13:51:00,1473.14,1473.68,1473.14,1473.68,0.04,41.86,59935.61,1
2023-07-17,2023-07-17 13:52:00,1473.68,1474.21,1473.68,1474.21,0.04,41.86,59935.61,1
2023-07-17,2023-07-17 13:53:00,1474.21,1474.74,1474.21,1474.74,0.04,41.86,59935.61,1
2023-07-17,2023-07-17 13:54:00,1474.74,1475.28,1474.74,1475.28,0.04,41.86,59935.61,1
2023-07-17,2023-07-17 13:55:00,1475.28,1475.81,1475.28,1475.81,0.04,41.86,59935.61,1
2023-07-17,2023-07-17 13:56:00,1475.81,1476.35,1475.81,1476.35,0.04,41.86,59935.61,1
2023-07-17,2023-07-17 13:57:00,1476.35,1476.88,1476.35,1476.88,0.04,41.86,59935.61,1
2023-07-17,2023-07-17 13:58:00,1476.88,1477.42,1476.88,1477.42,0.04,41.86,59935.61,1
2023-07-17,2023-07-17 13:59:00,1477.42,1477.95,1477.42,1477.95,0.04,41.86,59935.61,1
2023-07-17,2023-07-17 14:00:00,1477.95,1478.48,1477.95,1478.48,0.04,41.86,59935.61,1
2023-07-17,2023-07-17 14:01:00,1478.48,1479.02,1478.48,1479.02,0.04,41.86,59935.61,1
2023-07-17,2023-07-17 14:02:00,1479.02,1479.55,1479.02,1479.55,0.04,41.86,59935.61,1
2023-07-17,2023-07-17 14:03:00,1479.55,1480.09,1479.55,1480.09,0.04,41.86,59935.61,1
2023-07-17,2023-07-17 14:04:00,1480.09,1480.62,1480.09,1480.62,0.04,41.86,59935.61,1
2023-07-17,2023-07-17 14:05:00,1480.62,1481.15,1480.62,1481.15,0.04,41.86,59935.61,1
2023-07-17,2023-07-17 14:06:00,1481.15,1481.69,1481.15,1481.69,0.04,41.86,59935.61,1
2023-07-17,2023-07-17 14:07:00,1481.69,1482.22,1481.69,1482.22,0.04,41.86,59935.61,1
2023-07-17,2023-07-17 14:08:00,1482.22,1482.76,1482.22,1482.76,0.04,41.86,59935.61,1
2023-07-17,2023-07-17 14:09:00,1482.76,1483.29,1482.76,1483.29,0.04,41.86,59935.61,1
2023-07-17,2023-07-17 14:10:00,1483.29,1483.83,1483.29,1483.83,0.04,41.86,59935.61,1
2023-07-17,2023-07-17 14:11:00,1483.83,1484.36,1483.83,1484.36,0.04,41.86,59935.61,1
2023-07-17,2023-07-17 14:12:00,1484.36,1484.89,1484.36,1484.89,0.04,41.86,59935.61,1
2023-07-17,2023-07-17 14:13:00,1484.89,1485.43,1484.89,1485.43,0.04,41.86,59935.61,1
2023-07-17,2023-07-17 14:14:00,1485.43,1485.96,1485.43,1485.96,0.04,41.86,59935.61,1
2023-07-17,2023-07-17 14:15:00,1485.96,1486.5,1485.96,1486.5,0.04,41.86,59935.61,1
2023-07-17,2023-07-17 14:16:00,1486.5,1487.03,1486.5,1487.03,0.04,41.86,59935.61,1
2023-07-17,2023-07-17 14:17:00,1487.03,1487.57,1487.03,1487.57,0.04,41.86,59935.61,1
2023-07-17,2023-07-17 14:18:00,1487.57,1488.1,1487.57,1488.1,0.04,41.86,59935.61,1
2023-07-17,2023-07-17 14:19:00,1488.1,1488.63,1488.1,1488.63,0.04,41.86,59935.61,1
2023-07-17,2023-07-17 14:20:00,1488.63,1489.17,1488.63,1489.17,0.04,41.86,59935.61,1
2023-07-17,2023-07-17 14:21:00,1489.17,1489.7,1489.17,1489.7,0.04,41.86,59935.61,1
2023-07-17,2023-07-17 14:22:00,1489.7,1490.24,1489.7,1490.24,0.04,41.86,59935.61,1
2023-07-17,2023-07-17 14:23:00,1490.24,1490.77,1490.24,1490.77,0.04,41.86,59935.61,1
2023-07-17,2023-07-17 14:24:00,1490.77,1491.3,1490.77,1491.3,0.04,41.86,59935.61,1
2023-07-17,2023-07-17 14:25:00,1491.3,1491.84,1491.3,1491.84,0.04,41.86,59935.61,1
2023-07-17,2023-07-17 14:26:00,1491.84,1492.37,1491.84,1492.37,0.04,41.86,59935.61,1
2023-07-17,2023-07-17 14:27:00,1492.37,1492.91,1492.37,1492.91,0.04,41.86,59935.61,1
2023-07-17,2023-07-17 14:28:00,1492.91,1493.44,1492.91,1493.44,0.04,41.86,59935.61,1
2023-07-17,2023-07-17 14:29:00,1493.44,1493.97,1493.44,1493.97,0.04,41.86,59935.61,1
2023-07-17,2023-07-17 14:30:00,1493.97,1494.51,1493.97,1494.51,0.04,41.86,59935.61,1
2023-07-17,2023-07-17 14:31:00,1494.51,1495.04,1494.51,1495.04,0.04,41.86,59935.61,1
2023-07-17,2023-07-17 14:32:00,1495.04,1495.58,1495.04,1495.58,0.04,41.86,59935.61,1
2023-07-17,2023-07-17 14:33:00,1495.58,1496.11,1495.58,1496.11,0.04,41.86,59935.61,1
2023-07-17,2023-07-17 14:34:00,1496.11,1496.65,1496.11,1496.65,0.04,41.86,59935.61,1
2023-07-17,2023-07-17 14:35:00,1496.65,1497.18,1496.65,1497.18,0.04,41.86,59935.61,1
2023-07-17,2023-07-17 14:36:00,1497.18,1497.71,1497.18,1497.71,0.04,41.86,59935.61,1
2023-07-17,2023-07-17 14:37:00,1497.71,1498.25,1497.71,1498.25,0.04,41.86,59935.61,1
2023-07-17,2023-07-17 14:38:00,1498.25,1498.78,1498.25,1498.78,0.04,41.86,59935.61,1
2023-07-17,2023-07-17 14:39:00,1498.78,1499.32,1498.78,1499.32,0.04,41.86,59935.61,1
2023-07-17,2023-07-17 14:40:00,1499.32,1499.85,1499.32,1499.85,0.04,41.86,59935.61,1
2023-07-17,2023-07-17 14:41:00,1499.85,1500.38,1499.85,1500.38,0.04,41.86,59935.61,1
2023-07-17,2023-07-17 14:42:00,1500.38,1500.92,1500.38,1500.92,0.04,41.86,59935.61,1
2023-07-17,2023-07-17 14:43:00,1500.92,1501.45,1500.92,1501.45,0.04,41.86,59935.61,1
2023-07-17,2023-07-17 14:44:00,1501.45,1501.99,1501.45,1501.99,0.04,41.86,59935.61,1
2023-07-17,2023-07-17 14:45:00,1501.99,1502.52,1501.99,1502.52,0.04,41.86,59935.61,1
2023-07-17,2023-07-17 14:46:00,1502.52,1503.06,1502.52,1503.06,0.04,41.86,59935.61,1
2023-07-17,2023-07-17 14:47:00,1503.06,1503.59,1503.06,1503.59,0.04,41.86,59935.61,1
2023-07-17,2023-07-17 14:48:00,1503.59,1504.12,1503.59,1504.12,0.04,41.86,59935.61,1
2023-07-17,2023-07-17 14:49:00,1504.12,1504.66,1504.12,1504.66,0.04,41.86,59935.61,1
2023-07-17,2023-07-17 14:50:00,1504.66,1505.19,1504.66,1505.19,0.04,41.86,59935.61,1
2023-07-17,2023-07-17 14:51:00,1505.19,1505.73,1505.19,1505.73,0.04,41.86,59935.61,1
2023-07-17,2023-07-17 14:52:00,1505.73,1506.26,1505.73,1506.26,0.04,41.86,59935.61,1
2023-07-17,2023-07-17 14:53:00,1506.26,1506.8,1506.26,1506.8,0.04,41.86,59935.61,1
2023-07-17,2023-07-17 14:54:00,1506.8,1507.33,1506.8,1507.33,0.04,41.86,59935.61,1
2023-07-17,2023-07-17 14:55:00,1507.33,1507.86,1507.33,1507.86,0.04,41.86,59935.61,1
2023-07-17,2023-07-17 14:56:00,1507.86,1508.4,1507.86,1508.4,0.04,41.86,59935.61,1
2023-07-17,2023-07-17 14:57:00,1508.4,1508.93,1508.4,1508.93,0.04,41.86,59935.61,1
2023-07-17,2023-07-17 14:58:00,1508.93,1509.47,1508.93,1509.47,0.04,41.86,59935.61,1
2023-07-17,2023-07-17 14:59:00,1509.47,1510.0,1509.47,1510.0,0.04,41.86,59935.61,1
2023-07-17,2023-07-17 15:00:00,1510.0,1520.0,1366.1,1510.0,0.0,41.86,59935.61,0
2023-07-18,2023-07-18 11:00:00,1540.2,1546.14,1501.5,1539.91,-0.02,43.3,62672.2,-1
2023-07-18,2023-07-18 11:01:00,1539.91,1539.91,1539.62,1539.62,-0.02,43.3,62672.2,-1
2023-07-18,2023-07-18 11:02:00,1539.62,1539.62,1539.32,1539.32,-0.02,43.3,62672.2,-1
2023-07-18,2023-07-18 11:03:00,1539.32,1539.32,1539.03,1539.03,-0.02,43.3,62672.2,-1
2023-07-18,2023-07-18 11:04:00,1539.03,1539.03,1538.74,1538.74,-0.02,43.3,62672.2,-1
2023-07-18,2023-07-18 11:05:00,1538.74,1538.74,1538.44,1538.44,-0.02,43.3,62672.2,-1
2023-07-18,2023-07-18 11:06:00,1538.44,1538.44,1538.15,1538.15,-0.02,43.3,62672.2,-1
2023-07-18,2023-07-18 11:07:00,1538.15,1538.15,1537.86,1537.86,-0.02,43.3,62672.2,-1
2023-07-18,2023-07-18 11:08:00,1537.86,1537.86,1537.57,1537.57,-0.02,43.3,62672.2,-1
2023-07-18,2023-07-18 11:09:00,1537.57,1537.57,1537.28,1537.28,-0.02,43.3,62672.2,-1
2023-07-18,2023-07-18 11:10:00,1537.28,1537.28,1536.98,1536.98,-0.02,43.3,62672.2,-1
2023-07-18,2023-07-18 11:11:00,1536.98,1536.98,1536.69,1536.69,-0.02,43.3,62672.2,-1
2023-07-18,2023-07-18 11:12:00,1536.69,1536.69,1536.4,1536.4,-0.02,43.3,62672.2,-1
2023-07-18,2023-07-18 11:13:00,1536.4,1536.4,1536.11,1536.11,-0.02,43.3,62672.2,-1
2023-07-18,2023-07-18 11:14:00,1536.11,1536.11,1535.81,1535.81,-0.02,43.3,62672.2,-1
2023-07-18,2023-07-18 11:15:00,1535.81,1535.81,1535.52,1535.52,-0.02,43.3,62672.2,-1
2023-07-18,2023-07-18 11:16:00,1535.52,1535.52,1535.23,1535.23,-0.02,43.3,62672.2,-1
2023-07-18,2023-07-18 11:17:00,1535.23,1535.23,1534.93,1534.93,-0.02,43.3,62672.2,-1
2023-07-18,2023-07-18 11:18:00,1534.93,1534.93,1534.64,1534.64,-0.02,43.3,62672.2,-1
2023-07-18,2023-07-18 11:19:00,1534.64,1534.64,1534.35,1534.35,-0.02,43.3,62672.2,-1
2023-07-18,2023-07-18 11:20:00,1534.35,1534.35,1534.06,1534.06,-0.02,43.3,62672.2,-1
2023-07-18,2023-07-18 11:21:00,1534.06,1534.06,1533.77,1533.77,-0.02,43.3,62672.2,-1
2023-07-18,2023-07-18 11:22:00,1533.77,1533.77,1533.47,1533.47,-0.02,43.3,62672.2,-1
2023-07-18,2023-07-18 11:23:00,1533.47,1533.47,1533.18,1533.18,-0.02,43.3,62672.2,-1
2023-07-18,2023-07-18 11:24:00,1533.18,1533.18,1532.89,1532.89,-0.02,43.3,62672.2,-1
2023-07-18,2023-07-18 11:25:00,1532.89,1532.89,1532.6,1532.6,-0.02,43.3,62672.2,-1
2023-07-18,2023-07-18 11:26:00,1532.6,1532.6,1532.3,1532.3,-0.02,43.3,62672.2,-1
2023-07-18,2023-07-18 11:27:00,1532.3,1532.3,1532.01,1532.01,-0.02,43.3,62672.2,-1
2023-07-18,2023-07-18 11:28:00,1532.01,1532.01,1531.72,1531.72,-0.02,43.3,62672.2,-1
2023-07-18,2023-07-18 11:29:00,1531.72,1531.72,1531.42,1531.42,-0.02,43.3,62672.2,-1
2023-07-18,2023-07-18 11:30:00,1531.42,1531.42,1531.13,1531.13,-0.02,43.3,62672.2,-1
2023-07-18,2023-07-18 11:31:00,1531.13,1531.13,1530.84,1530.84,-0.02,43.3,62672.2,-1
2023-07-18,2023-07-18 11:32:00,1530.84,1530.84,1530.55,1530.55,-0.02,43.3,62672.2,-1
2023-07-18,2023-07-18 11:33:00,1530.55,1530.55,1530.26,1530.26,-0.02,43.3,62672.2,-1
2023-07-18,2023-07-18 11:34:00,1530.26,1530.26,1529.96,1529.96,-0.02,43.3,62672.2,-1
2023-07-18,2023-07-18 11:35:00,1529.96,1529.96,1529.67,1529.67,-0.02,43.3,62672.2,-1
2023-07-18,2023-07-18 11:36:00,1529.67,1529.67,1529.38,1529.38,-0.02,43.3,62672.2,-1
2023-07-18,2023-07-18 11:37:00,1529.38,1529.38,1529.09,1529.09,-0.02,43.3,62672.2,-1
2023-07-18,2023-07-18 11:38:00,1529.09,1529.09,1528.79,1528.79,-0.02,43.3,62672.2,-1
2023-07-18,2023-07-18 11:39:00,1528.79,1528.79,1528.5,1528.5,-0.02,43.3,62672.2,-1
2023-07-18,2023-07-18 11:40:00,1528.5,1528.5,1528.21,1528.21,-0.02,43.3,62672.2,-1
2023-07-18,2023-07-18 11:41:00,1528.21,1528.21,1527.91,1527.91,-0.02,43.3,62672.2,-1
2023-07-18,2023-07-18 11:42:00,1527.91,1527.91,1527.62,1527.62,-0.02,43.3,62672.2,-1
2023-07-18,2023-07-18 11:43:00,1527.62,1527.62,1527.33,1527.33,-0.02,43.3,62672.2,-1
2023-07-18,2023-07-18 11:44:00,1527.33,1527.33,1527.04,1527.04,-0.02,43.3,62672.2,-1
2023-07-18,2023-07-18 11:45:00,1527.04,1527.04,1526.75,1526.75,-0.02,43.3,62672.2,-1
2023-07-18,2023-07-18 11:46:00,1526.75,1526.75,1526.45,1526.45,-0.02,43.3,62672.2,-1
2023-07-18,2023-07-18 11:47:00,1526.45,1526.45,1526.16,1526.16,-0.02,43.3,62672.2,-1
2023-07-18,2023-07-18 11:48:00,1526.16,1526.16,1525.87,1525.87,-0.02,43.3,62672.2,-1
2023-07-18,2023-07-18 11:49:00,1525.87,1525.87,1525.58,1525.58,-0.02,43.3,62672.2,-1
2023-07-18,2023-07-18 11:50:00,1525.58,1525.58,1525.28,1525.28,-0.02,43.3,62672.2,-1
2023-07-18,2023-07-18 11:51:00,1525.28,1525.28,1524.99,1524.99,-0.02,43.3,62672.2,-1
2023-07-18,2023-07-18 11:52:00,1524.99,1524.99,1524.7,1524.7,-0.02,43.3,62672.2,-1
2023-07-18,2023-07-18 11:53:00,1524.7,1524.7,1524.4,1524.4,-0.02,43.3,62672.2,-1
2023-07-18,2023-07-18 11:54:00,1524.4,1524.4,1524.11,1524.11,-0.02,43.3,62672.2,-1
2023-07-18,2023-07-18 11:55:00,1524.11,1524.11,1523.82,1523.82,-0.02,43.3,62672.2,-1
2023-07-18,2023-07-18 11:56:00,1523.82,1523.82,1523.53,1523.53,-0.02,43.3,62672.2,-1
2023-07-18,2023-07-18 11:57:00,1523.53,1523.53,1523.24,1523.24,-0.02,43.3,62672.2,-1
2023-07-18,2023-07-18 11:58:00,1523.24,1523.24,1522.94,1522.94,-0.02,43.3,62672.2,-1
2023-07-18,2023-07-18 11:59:00,1522.94,1522.94,1522.65,1522.65,-0.02,43.3,62672.2,-1
2023-07-18,2023-07-18 12:00:00,1522.65,1522.65,1522.36,1522.36,-0.02,43.3,62672.2,-1
2023-07-18,2023-07-18 12:01:00,1522.36,1522.36,1522.07,1522.07,-0.02,43.3,62672.2,-1
2023-07-18,2023-07-18 12:02:00,1522.07,1522.07,1521.77,1521.77,-0.02,43.3,62672.2,-1
2023-07-18,2023-07-18 12:03:00,1521.77,1521.77,1521.48,1521.48,-0.02,43.3,62672.2,-1
2023-07-18,2023-07-18 12:04:00,1521.48,1521.48,1521.19,1521.19,-0.02,43.3,62672.2,-1
2023-07-18,2023-07-18 12:05:00,1521.19,1521.19,1520.89,1520.89,-0.02,43.3,62672.2,-1
2023-07-18,2023-07-18 12:06:00,1520.89,1520.89,1520.6,1520.6,-0.02,43.3,62672.2,-1
2023-07-18,2023-07-18 12:07:00,1520.6,1520.6,1520.31,1520.31,-0.02,43.3,62672.2,-1
2023-07-18,2023-07-18 12:08:00,1520.31,1520.31,1520.02,1520.02,-0.02,43.3,62672.2,-1
2023-07-18,2023-07-18 12:09:00,1520.02,1520.02,1519.73,1519.73,-0.02,43.3,62672.2,-1
2023-07-18,2023-07-18 12:10:00,1519.73,1519.73,1519.43,1519.43,-0.02,43.3,62672.2,-1
2023-07-18,2023-07-18 12:11:00,1519.43,1519.43,1519.14,1519.14,-0.02,43.3,62672.2,-1
2023-07-18,2023-07-18 12:12:00,1519.14,1519.14,1518.85,1518.85,-0.02,43.3,62672.2,-1
2023-07-18,2023-07-18 12:13:00,1518.85,1518.85,1518.56,1518.56,-0.02,43.3,62672.2,-1
2023-07-18,2023-07-18 12:14:00,1518.56,1518.56,1518.26,1518.26,-0.02,43.3,62672.2,-1
2023-07-18,2023-07-18 12:15:00,1518.26,1518.26,1517.97,1517.97,-0.02,43.3,62672.2,-1
2023-07-18,2023-07-18 12:16:00,1517.97,1517.97,1517.68,1517.68,-0.02,43.3,62672.2,-1
2023-07-18,2023-07-18 12:17:00,1517.68,1517.68,1517.38,1517.38,-0.02,43.3,62672.2,-1
2023-07-18,2023-07-18 12:18:00,1517.38,1517.38,1517.09,1517.09,-0.02,43.3,62672.2,-1
2023-07-18,2023-07-18 12:19:00,1517.09,1517.09,1516.8,1516.8,-0.02,43.3,62672.2,-1
2023-07-18,2023-07-18 12:20:00,1516.8,1516.8,1516.51,1516.51,-0.02,43.3,62672.2,-1
2023-07-18,2023-07-18 12:21:00,1516.51,1516.51,1516.21,1516.21,-0.02,43.3,62672.2,-1
2023-07-18,2023-07-18 12:22:00,1516.21,1516.21,1515.92,1515.92,-0.02,43.3,62672.2,-1
2023-07-18,2023-07-18 12:23:00,1515.92,1515.92,1515.63,1515.63,-0.02,43.3,62672.2,-1
2023-07-18,2023-07-18 12:24:00,1515.63,1515.63,1515.34,1515.34,-0.02,43.3,62672.2,-1
2023-07-18,2023-07-18 12:25:00,1515.34,1515.34,1515.05,1515.05,-0.02,43.3,62672.2,-1
2023-07-18,2023-07-18 12:26:00,1515.05,1515.05,1514.75,1514.75,-0.02,43.3,62672.2,-1
2023-07-18,2023-07-18 12:27:00,1514.75,1514.75,1514.46,1514.46,-0.02,43.3,62672.2,-1
2023-07-18,2023-07-18 12:28:00,1514.46,1514.46,1514.17,1514.17,-0.02,43.3,62672.2,-1
2023-07-18,2023-07-18 12:29:00,1514.17,1514.17,1513.88,1513.88,-0.02,43.3,62672.2,-1
2023-07-18,2023-07-18 12:30:00,1513.88,1513.88,1513.58,1513.58,-0.02,43.3,62672.2,-1
2023-07-18,2023-07-18 12:31:00,1513.58,1513.58,1513.29,1513.29,-0.02,43.3,62672.2,-1
2023-07-18,2023-07-18 12:32:00,1513.29,1513.29,1513.0,1513.0,-0.02,43.3,62672.2,-1
2023-07-18,2023-07-18 12:33:00,1513.0,1513.0,1512.7,1512.7,-0.02,43.3,62672.2,-1
2023-07-18,2023-07-18 12:34:00,1512.7,1512.7,1512.41,1512.41,-0.02,43.3,62672.2,-1
2023-07-18,2023-07-18 12:35:00,1512.41,1512.41,1512.12,1512.12,-0.02,43.3,62672.2,-1
2023-07-18,2023-07-18 12:36:00,1512.12,1512.12,1511.83,1511.83,-0.02,43.3,62672.2,-1
2023-07-18,2023-07-18 12:37:00,1511.83,1511.83,1511.54,1511.54,-0.02,43.3,62672.2,-1
2023-07-18,2023-07-18 12:38:00,1511.54,1511.54,1511.24,1511.24,-0.02,43.3,62672.2,-1
2023-07-18,2023-07-18 12:39:00,1511.24,1511.24,1510.95,1510.95,-0.02,43.3,62672.2,-1
2023-07-18,2023-07-18 12:40:00,1510.95,1510.95,1510.66,1510.66,-0.02,43.3,62672.2,-1
2023-07-18,2023-07-18 12:41:00,1510.66,1510.66,1510.37,1510.37,-0.02,43.3,62672.2,-1
2023-07-18,2023-07-18 12:42:00,1510.37,1510.37,1510.07,1510.07,-0.02,43.3,62672.2,-1
2023-07-18,2023-07-18 12:43:00,1510.07,1510.07,1509.78,1509.78,-0.02,43.3,62672.2,-1
2023-07-18,2023-07-18 12:44:00,1509.78,1509.78,1509.49,1509.49,-0.02,43.3,62672.2,-1
2023-07-18,2023-07-18 12:45:00,1509.49,1509.49,1509.19,1509.19,-0.02,43.3,62672.2,-1
2023-07-18,2023-07-18 12:46:00,1509.19,1509.19,1508.9,1508.9,-0.02,43.3,62672.2,-1
2023-07-18,2023-07-18 12:47:00,1508.9,1508.9,1508.61,1508.61,-0.02,43.3,62672.2,-1
2023-07-18,2023-07-18 12:48:00,1508.61,1508.61,1508.32,1508.32,-0.02,43.3,62672.2,-1
2023-07-18,2023-07-18 12:49:00,1508.32,1508.32,1508.03,1508.03,-0.02,43.3,62672.2,-1
2023-07-18,2023-07-18 12:50:00,1508.03,1508.03,1507.73,1507.73,-0.02,43.3,62672.2,-1
2023-07-18,2023-07-18 12:51:00,1507.73,1507.73,1507.44,1507.44,-0.02,43.3,62672.2,-1
2023-07-18,2023-07-18 12:52:00,1507.44,1507.44,1507.15,1507.15,-0.02,43.3,62672.2,-1
2023-07-18,2023-07-18 12:53:00,1507.15,1507.15,1506.86,1506.86,-0.02,43.3,62672.2,-1
2023-07-18,2023-07-18 12:54:00,1506.86,1506.86,1506.56,1506.56,-0.02,43.3,62672.2,-1
2023-07-18,2023-07-18 12:55:00,1506.56,1506.56,1506.27,1506.27,-0.02,43.3,62672.2,-1
2023-07-18,2023-07-18 12:56:00,1506.27,1506.27,1505.98,1505.98,-0.02,43.3,62672.2,-1
2023-07-18,2023-07-18 12:57:00,1505.98,1505.98,1505.68,1505.68,-0.02,43.3,62672.2,-1
2023-07-18,2023-07-18 12:58:00,1505.68,1505.68,1505.39,1505.39,-0.02,43.3,62672.2,-1
2023-07-18,2023-07-18 12:59:00,1505.39,1505.39,1505.1,1505.1,-0.02,43.3,62672.2,-1
2023-07-18,2023-07-18 13:00:00,1505.1,1560.0,1411.2,1504.81,-0.02,43.3,62672.2,-1
2023-07-18,2023-07-18 13:01:00,1504.81,1504.81,1504.52,1504.52,-0.02,43.3,62672.2,-1
2023-07-18,2023-07-18 13:02:00,1504.52,1504.52,1504.22,1504.22,-0.02,43.3,62672.2,-1
2023-07-18,2023-07-18 13:03:00,1504.22,1504.22,1503.93,1503.93,-0.02,43.3,62672.2,-1
2023-07-18,2023-07-18 13:04:00,1503.93,1503.93,1503.64,1503.64,-0.02,43.3,62672.2,-1
2023-07-18,2023-07-18 13:05:00,1503.64,1503.64,1503.35,1503.35,-0.02,43.3,62672.2,-1
2023-07-18,2023-07-18 13:06:00,1503.35,1503.35,1503.05,1503.05,-0.02,43.3,62672.2,-1
2023-07-18,2023-07-18 13:07:00,1503.05,1503.05,1502.76,1502.76,-0.02,43.3,62672.2,-1
2023-07-18,2023-07-18 13:08:00,1502.76,1502.76,1502.47,1502.47,-0.02,43.3,62672.2,-1
2023-07-18,2023-07-18 13:09:00,1502.47,1502.47,1502.17,1502.17,-0.02,43.3,62672.2,-1
2023-07-18,2023-07-18 13:10:00,1502.17,1502.17,1501.88,1501.88,-0.02,43.3,62672.2,-1
2023-07-18,2023-07-18 13:11:00,1501.88,1501.88,1501.59,1501.59,-0.02,43.3,62672.2,-1
2023-07-18,2023-07-18 13:12:00,1501.59,1501.59,1501.3,1501.3,-0.02,43.3,62672.2,-1
2023-07-18,2023-07-18 13:13:00,1501.3,1501.3,1501.01,1501.01,-0.02,43.3,62672.2,-1
2023-07-18,2023-07-18 13:14:00,1501.01,1501.01,1500.71,1500.71,-0.02,43.3,62672.2,-1
2023-07-18,2023-07-18 13:15:00,1500.71,1500.71,1500.42,1500.42,-0.02,43.3,62672.2,-1
2023-07-18,2023-07-18 13:16:00,1500.42,1500.42,1500.13,1500.13,-0.02,43.3,62672.2,-1
2023-07-18,2023-07-18 13:17:00,1500.13,1500.13,1499.84,1499.84,-0.02,43.3,62672.2,-1
2023-07-18,2023-07-18 13:18:00,1499.84,1499.84,1499.54,1499.54,-0.02,43.3,62672.2,-1
2023-07-18,2023-07-18 13:19:00,1499.54,1499.54,1499.25,1499.25,-0.02,43.3,62672.2,-1
2023-07-18,2023-07-18 13:20:00,1499.25,1499.25,1498.96,1498.96,-0.02,43.3,62672.2,-1
2023-07-18,2023-07-18 13:21:00,1498.96,1498.96,1498.66,1498.66,-0.02,43.3,62672.2,-1
2023-07-18,2023-07-18 13:22:00,1498.66,1498.66,1498.37,1498.37,-0.02,43.3,62672.2,-1
2023-07-18,2023-07-18 13:23:00,1498.37,1498.37,1498.08,1498.08,-0.02,43.3,62672.2,-1
2023-07-18,2023-07-18 13:24:00,1498.08,1498.08,1497.79,1497.79,-0.02,43.3,62672.2,-1
2023-07-18,2023-07-18 13:25:00,1497.79,1497.79,1497.5,1497.5,-0.02,43.3,62672.2,-1
2023-07-18,2023-07-18 13:26:00,1497.5,1497.5,1497.2,1497.2,-0.02,43.3,62672.2,-1
2023-07-18,2023-07-18 13:27:00,1497.2,1497.2,1496.91,1496.91,-0.02,43.3,62672.2,-1
2023-07-18,2023-07-18 13:28:00,1496.91,1496.91,1496.62,1496.62,-0.02,43.3,62672.2,-1
2023-07-18,2023-07-18 13:29:00,1496.62,1496.62,1496.33,1496.33,-0.02,43.3,62672.2,-1
2023-07-18,2023-07-18 13:30:00,1496.33,1496.33,1496.03,1496.03,-0.02,43.3,62672.2,-1
2023-07-18,2023-07-18 13:31:00,1496.03,1496.03,1495.74,1495.74,-0.02,43.3,62672.2,-1
2023-07-18,2023-07-18 13:32:00,1495.74,1495.74,1495.45,1495.45,-0.02,43.3,62672.2,-1
2023-07-18,2023-07-18 13:33:00,1495.45,1495.45,1495.15,1495.15,-0.02,43.3,62672.2,-1
2023-07-18,2023-07-18 13:34:00,1495.15,1495.15,1494.86,1494.86,-0.02,43.3,62672.2,-1
2023-07-18,2023-07-18 13:35:00,1494.86,1494.86,1494.57,1494.57,-0.02,43.3,62672.2,-1
2023-07-18,2023-07-18 13:36:00,1494.57,1494.57,1494.28,1494.28,-0.02,43.3,62672.2,-1
2023-07-18,2023-07-18 13:37:00,1494.28,1494.28,1493.99,1493.99,-0.02,43.3,62672.2,-1
2023-07-18,2023-07-18 13:38:00,1493.99,1493.99,1493.69,1493.69,-0.02,43.3,62672.2,-1
2023-07-18,2023-07-18 13:39:00,1493.69,1493.69,1493.4,1493.4,-0.02,43.3,62672.2,-1
2023-07-18,2023-07-18 13:40:00,1493.4,1493.4,1493.11,1493.11,-0.02,43.3,62672.2,-1
2023-07-18,2023-07-18 13:41:00,1493.11,1493.11,1492.82,1492.82,-0.02,43.3,62672.2,-1
2023-07-18,2023-07-18 13:42:00,1492.82,1492.82,1492.52,1492.52,-0.02,43.3,62672.2,-1
2023-07-18,2023-07-18 13:43:00,1492.52,1492.52,1492.23,1492.23,-0.02,43.3,62672.2,-1
2023-07-18,2023-07-18 13:44:00,1492.23,1492.23,1491.94,1491.94,-0.02,43.3,62672.2,-1
2023-07-18,2023-07-18 13:45:00,1491.94,1491.94,1491.64,1491.64,-0.02,43.3,62672.2,-1
2023-07-18,2023-07-18 13:46:00,1491.64,1491.64,1491.35,1491.35,-0.02,43.3,62672.2,-1
2023-07-18,2023-07-18 13:47:00,1491.35,1491.35,1491.06,1491.06,-0.02,43.3,62672.2,-1
2023-07-18,2023-07-18 13:48:00,1491.06,1491.06,1490.77,1490.77,-0.02,43.3,62672.2,-1
2023-07-18,2023-07-18 13:49:00,1490.77,1490.77,1490.47,1490.47,-0.02,43.3,62672.2,-1
2023-07-18,2023-07-18 13:50:00,1490.47,1490.47,1490.18,1490.18,-0.02,43.3,62672.2,-1
2023-07-18,2023-07-18 13:51:00,1490.18,1490.18,1489.89,1489.89,-0.02,43.3,62672.2,-1
2023-07-18,2023-07-18 13:52:00,1489.89,1489.89,1489.6,1489.6,-0.02,43.3,62672.2,-1
2023-07-18,2023-07-18 13:53:00,1489.6,1489.6,1489.31,1489.31,-0.02,43.3,62672.2,-1
2023-07-18,2023-07-18 13:54:00,1489.31,1489.31,1489.01,1489.01,-0.02,43.3,62672.2,-1
2023-07-18,2023-07-18 13:55:00,1489.01,1489.01,1488.72,1488.72,-0.02,43.3,62672.2,-1
2023-07-18,2023-07-18 13:56:00,1488.72,1488.72,1488.43,1488.43,-0.02,43.3,62672.2,-1
2023-07-18,2023-07-18 13:57:00,1488.43,1488.43,1488.13,1488.13,-0.02,43.3,62672.2,-1
2023-07-18,2023-07-18 13:58:00,1488.13,1488.13,1487.84,1487.84,-0.02,43.3,62672.2,-1
2023-07-18,2023-07-18 13:59:00,1487.84,1487.84,1487.55,1487.55,-0.02,43.3,62672.2,-1
2023-07-18,2023-07-18 14:00:00,1487.55,1487.55,1487.26,1487.26,-0.02,43.3,62672.2,-1
2023-07-18,2023-07-18 14:01:00,1487.26,1487.26,1486.96,1486.96,-0.02,43.3,62672.2,-1
2023-07-18,2023-07-18 14:02:00,1486.96,1486.96,1486.67,1486.67,-0.02,43.3,62672.2,-1
2023-07-18,2023-07-18 14:03:00,1486.67,1486.67,1486.38,1486.38,-0.02,43.3,62672.2,-1
2023-07-18,2023-07-18 14:04:00,1486.38,1486.38,1486.09,1486.09,-0.02,43.3,62672.2,-1
2023-07-18,2023-07-18 14:05:00,1486.09,1486.09,1485.8,1485.8,-0.02,43.3,62672.2,-1
2023-07-18,2023-07-18 14:06:00,1485.8,1485.8,1485.5,1485.5,-0.02,43.3,62672.2,-1
2023-07-18,2023-07-18 14:07:00,1485.5,1485.5,1485.21,1485.21,-0.02,43.3,62672.2,-1
2023-07-18,2023-07-18 14:08:00,1485.21,1485.21,1484.92,1484.92,-0.02,43.3,62672.2,-1
2023-07-18,2023-07-18 14:09:00,1484.92,1484.92,1484.62,1484.62,-0.02,43.3,62672.2,-1
2023-07-18,2023-07-18 14:10:00,1484.62,1484.62,1484.33,1484.33,-0.02,43.3,62672.2,-1
2023-07-18,2023-07-18 14:11:00,1484.33,1484.33,1484.04,1484.04,-0.02,43.3,62672.2,-1
2023-07-18,2023-07-18 14:12:00,1484.04,1484.04,1483.75,1483.75,-0.02,43.3,62672.2,-1
2023-07-18,2023-07-18 14:13:00,1483.75,1483.75,1483.45,1483.45,-0.02,43.3,62672.2,-1
2023-07-18,2023-07-18 14:14:00,1483.45,1483.45,1483.16,1483.16,-0.02,43.3,62672.2,-1
2023-07-18,2023-07-18 14:15:00,1483.16,1483.16,1482.87,1482.87,-0.02,43.3,62672.2,-1
2023-07-18,2023-07-18 14:16:00,1482.87,1482.87,1482.58,1482.58,-0.02,43.3,62672.2,-1
2023-07-18,2023-07-18 14:17:00,1482.58,1482.58,1482.29,1482.29,-0.02,43.3,62672.2,-1
2023-07-18,2023-07-18 14:18:00,1482.29,1482.29,1481.99,1481.99,-0.02,43.3,62672.2,-1
2023-07-18,2023-07-18 14:19:00,1481.99,1481.99,1481.7,1481.7,-0.02,43.3,62672.2,-1
2023-07-18,2023-07-18 14:20:00,1481.7,1481.7,1481.41,1481.41,-0.02,43.3,62672.2,-1
2023-07-18,2023-07-18 14:21:00,1481.41,1481.41,1481.12,1481.12,-0.02,43.3,62672.2,-1
2023-07-18,2023-07-18 14:22:00,1481.12,1481.12,1480.82,1480.82,-0.02,43.3,62672.2,-1
2023-07-18,2023-07-18 14:23:00,1480.82,1480.82,1480.53,1480.53,-0.02,43.3,62672.2,-1
2023-07-18,2023-07-18 14:24:00,1480.53,1480.53,1480.24,1480.24,-0.02,43.3,62672.2,-1
2023-07-18,2023-07-18 14:25:00,1480.24,1480.24,1479.94,1479.94,-0.02,43.3,62672.2,-1
2023-07-18,2023-07-18 14:26:00,1479.94,1479.94,1479.65,1479.65,-0.02,43.3,62672.2,-1
2023-07-18,2023-07-18 14:27:00,1479.65,1479.65,1479.36,1479.36,-0.02,43.3,62672.2,-1
2023-07-18,2023-07-18 14:28:00,1479.36,1479.36,1479.07,1479.07,-0.02,43.3,62672.2,-1
2023-07-18,2023-07-18 14:29:00,1479.07,1479.07,1478.78,1478.78,-0.02,43.3,62672.2,-1
2023-07-18,2023-07-18 14:30:00,1478.78,1478.78,1478.48,1478.48,-0.02,43.3,62672.2,-1
2023-07-18,2023-07-18 14:31:00,1478.48,1478.48,1478.19,1478.19,-0.02,43.3,62672.2,-1
2023-07-18,2023-07-18 14:32:00,1478.19,1478.19,1477.9,1477.9,-0.02,43.3,62672.2,-1
2023-07-18,2023-07-18 14:33:00,1477.9,1477.9,1477.61,1477.61,-0.02,43.3,62672.2,-1
2023-07-18,2023-07-18 14:34:00,1477.61,1477.61,1477.31,1477.31,-0.02,43.3,62672.2,-1
2023-07-18,2023-07-18 14:35:00,1477.31,1477.31,1477.02,1477.02,-0.02,43.3,62672.2,-1
2023-07-18,2023-07-18 14:36:00,1477.02,1477.02,1476.73,1476.73,-0.02,43.3,62672.2,-1
2023-07-18,2023-07-18 14:37:00,1476.73,1476.73,1476.43,1476.43,-0.02,43.3,62672.2,-1
2023-07-18,2023-07-18 14:38:00,1476.43,1476.43,1476.14,1476.14,-0.02,43.3,62672.2,-1
2023-07-18,2023-07-18 14:39:00,1476.14,1476.14,1475.85,1475.85,-0.02,43.3,62672.2,-1
2023-07-18,2023-07-18 14:40:00,1475.85,1475.85,1475.56,1475.56,-0.02,43.3,62672.2,-1
2023-07-18,2023-07-18 14:41:00,1475.56,1475.56,1475.27,1475.27,-0.02,43.3,62672.2,-1
2023-07-18,2023-07-18 14:42:00,1475.27,1475.27,1474.97,1474.97,-0.02,43.3,62672.2,-1
2023-07-18,2023-07-18 14:43:00,1474.97,1474.97,1474.68,1474.68,-0.02,43.3,62672.2,-1
2023-07-18,2023-07-18 14:44:00,1474.68,1474.68,1474.39,1474.39,-0.02,43.3,62672.2,-1
2023-07-18,2023-07-18 14:45:00,1474.39,1474.39,1474.1,1474.1,-0.02,43.3,62672.2,-1
2023-07-18,2023-07-18 14:46:00,1474.1,1474.1,1473.8,1473.8,-0.02,43.3,62672.2,-1
2023-07-18,2023-07-18 14:47:00,1473.8,1473.8,1473.51,1473.51,-0.02,43.3,62672.2,-1
2023-07-18,2023-07-18 14:48:00,1473.51,1473.51,1473.22,1473.22,-0.02,43.3,62672.2,-1
2023-07-18,2023-07-18 14:49:00,1473.22,1473.22,1472.92,1472.92,-0.02,43.3,62672.2,-1
2023-07-18,2023-07-18 14:50:00,1472.92,1472.92,1472.63,1472.63,-0.02,43.3,62672.2,-1
2023-07-18,2023-07-18 14:51:00,1472.63,1472.63,1472.34,1472.34,-0.02,43.3,62672.2,-1
2023-07-18,2023-07-18 14:52:00,1472.34,1472.34,1472.05,1472.05,-0.02,43.3,62672.2,-1
2023-07-18,2023-07-18 14:53:00,1472.05,1472.05,1471.76,1471.76,-0.02,43.3,62672.2,-1
2023-07-18,2023-07-18 14:54:00,1471.76,1471.76,1471.46,1471.46,-0.02,43.3,62672.2,-1
2023-07-18,2023-07-18 14:55:00,1471.46,1471.46,1471.17,1471.17,-0.02,43.3,62672.2,-1
2023-07-18,2023-07-18 14:56:00,1471.17,1471.17,1470.88,1470.88,-0.02,43.3,62672.2,-1
2023-07-18,2023-07-18 14:57:00,1470.88,1470.88,1470.59,1470.59,-0.02,43.3,62672.2,-1
2023-07-18,2023-07-18 14:58:00,1470.59,1470.59,1470.29,1470.29,-0.02,43.3,62672.2,-1
2023-07-18,2023-07-18 14:59:00,1470.29,1470.29,1470.0,1470.0,-0.02,43.3,62672.2,-1
2023-07-18,2023-07-18 15:00:00,1470.0,1560.0,1411.2,1470.0,0.0,43.3,62672.2,0
2023-07-19,2023-07-19 11:00:00,1440.6,1443.42,1423.92,1440.63,0.0,19.87,28420.52,1
2023-07-19,2023-07-19 11:01:00,1440.63,1440.66,1440.63,1440.66,0.0,19.87,28420.52,1
2023-07-19,2023-07-19 11:02:00,1440.66,1440.69,1440.66,1440.69,0.0,19.87,28420.52,1
2023-07-19,2023-07-19 11:03:00,1440.69,1440.72,1440.69,1440.72,0.0,19.87,28420.52,1
2023-07-19,2023-07-19 11:04:00,1440.72,1440.75,1440.72,1440.75,0.0,19.87,28420.52,1
2023-07-19,2023-07-19 11:05:00,1440.75,1440.78,1440.75,1440.78,0.0,19.87,28420.52,1
2023-07-19,2023-07-19 11:06:00,1440.78,1440.82,1440.78,1440.82,0.0,19.87,28420.52,1
2023-07-19,2023-07-19 11:07:00,1440.82,1440.85,1440.82,1440.85,0.0,19.87,28420.52,1
2023-07-19,2023-07-19 11:08:00,1440.85,1440.88,1440.85,1440.88,0.0,19.87,28420.52,1
2023-07-19,2023-07-19 11:09:00,1440.88,1440.91,1440.88,1440.91,0.0,19.87,28420.52,1
2023-07-19,2023-07-19 11:10:00,1440.91,1440.94,1440.91,1440.94,0.0,19.87,28420.52,1
2023-07-19,2023-07-19 11:11:00,1440.94,1440.97,1440.94,1440.97,0.0,19.87,28420.52,1
2023-07-19,2023-07-19 11:12:00,1440.97,1441.0,1440.97,1441.0,0.0,19.87,28420.52,1
2023-07-19,2023-07-19 11:13:00,1441.0,1441.03,1441.0,1441.03,0.0,19.87,28420.52,1
2023-07-19,2023-07-19 11:14:00,1441.03,1441.06,1441.03,1441.06,0.0,19.87,28420.52,1
2023-07-19,2023-07-19 11:15:00,1441.06,1441.09,1441.06,1441.09,0.0,19.87,28420.52,1
2023-07-19,2023-07-19 11:16:00,1441.09,1441.12,1441.09,1441.12,0.0,19.87,28420.52,1
2023-07-19,2023-07-19 11:17:00,1441.12,1441.15,1441.12,1441.15,0.0,19.87,28420.52,1
2023-07-19,2023-07-19 11:18:00,1441.15,1441.19,1441.15,1441.19,0.0,19.87,28420.52,1
2023-07-19,2023-07-19 11:19:00,1441.19,1441.22,1441.19,1441.22,0.0,19.87,28420.52,1
2023-07-19,2023-07-19 11:20:00,1441.22,1441.25,1441.22,1441.25,0.0,19.87,28420.52,1
2023-07-19,2023-07-19 11:21:00,1441.25,1441.28,1441.25,1441.28,0.0,19.87,28420.52,1
2023-07-19,2023-07-19 11:22:00,1441.28,1441.31,1441.28,1441.31,0.0,19.87,28420.52,1
2023-07-19,2023-07-19 11:23:00,1441.31,1441.34,1441.31,1441.34,0.0,19.87,28420.52,1
2023-07-19,2023-07-19 11:24:00,1441.34,1441.37,1441.34,1441.37,0.0,19.87,28420.52,1
2023-07-19,2023-07-19 11:25:00,1441.37,1441.4,1441.37,1441.4,0.0,19.87,28420.52,1
2023-07-19,2023-07-19 11:26:00,1441.4,1441.43,1441.4,1441.43,0.0,19.87,28420.52,1
2023-07-19,2023-07-19 11:27:00,1441.43,1441.46,1441.43,1441.46,0.0,19.87,28420.52,1
2023-07-19,2023-07-19 11:28:00,1441.46,1441.49,1441.46,1441.49,0.0,19.87,28420.52,1
2023-07-19,2023-07-19 11:29:00,1441.49,1441.52,1441.49,1441.52,0.0,19.87,28420.52,1
2023-07-19,2023-07-19 11:30:00,1441.52,1441.56,1441.52,1441.56,0.0,19.87,28420.52,1
2023-07-19,2023-07-19 11:31:00,1441.56,1441.59,1441.56,1441.59,0.0,19.87,28420.52,1
2023-07-19,2023-07-19 11:32:00,1441.59,1441.62,1441.59,1441.62,0.0,19.87,28420.52,1
2023-07-19,2023-07-19 11:33:00,1441.62,1441.65,1441.62,1441.65,0.0,19.87,28420.52,1
2023-07-19,2023-07-19 11:34:00,1441.65,1441.68,1441.65,1441.68,0.0,19.87,28420.52,1
2023-07-19,2023-07-19 11:35:00,1441.68,1441.71,1441.68,1441.71,0.0,19.87,28420.52,1
2023-07-19,2023-07-19 11:36:00,1441.71,1441.74,1441.71,1441.74,0.0,19.87,28420.52,1
2023-07-19,2023-07-19 11:37:00,1441.74,1441.77,1441.74,1441.77,0.0,19.87,28420.52,1
2023-07-19,2023-07-19 11:38:00,1441.77,1441.8,1441.77,1441.8,0.0,19.87,28420.52,1
2023-07-19,2023-07-19 11:39:00,1441.8,1441.83,1441.8,1441.83,0.0,19.87,28420.52,1
2023-07-19,2023-07-19 11:40:00,1441.83,1441.86,1441.83,1441.86,0.0,19.87,28420.52,1
2023-07-19,2023-07-19 11:41:00,1441.86,1441.89,1441.86,1441.89,0.0,19.87,28420.52,1
2023-07-19,2023-07-19 11:42:00,1441.89,1441.93,1441.89,1441.93,0.0,19.87,28420.52,1
2023-07-19,2023-07-19 11:43:00,1441.93,1441.96,1441.93,1441.96,0.0,19.87,28420.52,1
2023-07-19,2023-07-19 11:44:00,1441.96,1441.99,1441.96,1441.99,0.0,19.87,28420.52,1
2023-07-19,2023-07-19 11:45:00,1441.99,1442.02,1441.99,1442.02,0.0,19.87,28420.52,1
2023-07-19,2023-07-19 11:46:00,1442.02,1442.05,1442.02,1442.05,0.0,19.87,28420.52,1
2023-07-19,2023-07-19 11:47:00,1442.05,1442.08,1442.05,1442.08,0.0,19.87,28420.52,1
2023-07-19,2023-07-19 11:48:00,1442.08,1442.11,1442.08,1442.11,0.0,19.87,28420.52,1
2023-07-19,2023-07-19 11:49:00,1442.11,1442.14,1442.11,1442.14,0.0,19.87,28420.52,1
2023-07-19,2023-07-19 11:50:00,1442.14,1442.17,1442.14,1442.17,0.0,19.87,28420.52,1
2023-07-19,2023-07-19 11:51:00,1442.17,1442.2,1442.17,1442.2,0.0,19.87,28420.52,1
2023-07-19,2023-07-19 11:52:00,1442.2,1442.23,1442.2,1442.23,0.0,19.87,28420.52,1
2023-07-19,2023-07-19 11:53:00,1442.23,1442.26,1442.23,1442.26,0.0,19.87,28420.52,1
2023-07-19,2023-07-19 11:54:00,1442.26,1442.3,1442.26,1442.3,0.0,19.87,28420.52,1
2023-07-19,2023-07-19 11:55:00,1442.3,1442.33,1442.3,1442.33,0.0,19.87,28420.52,1
2023-07-19,2023-07-19 11:56:00,1442.33,1442.36,1442.33,1442.36,0.0,19.87,28420.52,1
2023-07-19,2023-07-19 11:57:00,1442.36,1442.39,1442.36,1442.39,0.0,19.87,28420.52,1
2023-07-19,2023-07-19 11:58:00,1442.39,1442.42,1442.39,1442.42,0.0,19.87,28420.52,1
2023-07-19,2023-07-19 11:59:00,1442.42,1442.45,1442.42,1442.45,0.0,19.87,28420.52,1
2023-07-19,2023-07-19 12:00:00,1442.45,1442.48,1442.45,1442.48,0.0,19.87,28420.52,1
2023-07-19,2023-07-19 12:01:00,1442.48,1442.51,1442.48,1442.51,0.0,19.87,28420.52,1
2023-07-19,2023-07-19 12:02:00,1442.51,1442.54,1442.51,1442.54,0.0,19.87,28420.52,1
2023-07-19,2023-07-19 12:03:00,1442.54,1442.57,1442.54,1442.57,0.0,19.87,28420.52,1
2023-07-19,2023-07-19 12:04:00,1442.57,1442.6,1442.57,1442.6,0.0,19.87,28420.52,1
2023-07-19,2023-07-19 12:05:00,1442.6,1442.63,1442.6,1442.63,0.0,19.87,28420.52,1
2023-07-19,2023-07-19 12:06:00,1442.63,1442.67,1442.63,1442.67,0.0,19.87,28420.52,1
2023-07-19,2023-07-19 12:07:00,1442.67,1442.7,1442.67,1442.7,0.0,19.87,28420.52,1
2023-07-19,2023-07-19 12:08:00,1442.7,1442.73,1442.7,1442.73,0.0,19.87,28420.52,1
2023-07-19,2023-07-19 12:09:00,1442.73,1442.76,1442.73,1442.76,0.0,19.87,28420.52,1
2023-07-19,2023-07-19 12:10:00,1442.76,1442.79,1442.76,1442.79,0.0,19.87,28420.52,1
2023-07-19,2023-07-19 12:11:00,1442.79,1442.82,1442.79,1442.82,0.0,19.87,28420.52,1
2023-07-19,2023-07-19 12:12:00,1442.82,1442.85,1442.82,1442.85,0.0,19.87,28420.52,1
2023-07-19,2023-07-19 12:13:00,1442.85,1442.88,1442.85,1442.88,0.0,19.87,28420.52,1
2023-07-19,2023-07-19 12:14:00,1442.88,1442.91,1442.88,1442.91,0.0,19.87,28420.52,1
2023-07-19,2023-07-19 12:15:00,1442.91,1442.94,1442.91,1442.94,0.0,19.87,28420.52,1
2023-07-19,2023-07-19 12:16:00,1442.94,1442.97,1442.94,1442.97,0.0,19.87,28420.52,1
2023-07-19,2023-07-19 12:17:00,1442.97,1443.0,1442.97,1443.0,0.0,19.87,28420.52,1
2023-07-19,2023-07-19 12:18:00,1443.0,1443.04,1443.0,1443.04,0.0,19.87,28420.52,1
2023-07-19,2023-07-19 12:19:00,1443.04,1443.07,1443.04,1443.07,0.0,19.87,28420.52,1
2023-07-19,2023-07-19 12:20:00,1443.07,1443.1,1443.07,1443.1,0.0,19.87,28420.52,1
2023-07-19,2023-07-19 12:21:00,1443.1,1443.13,1443.1,1443.13,0.0,19.87,28420.52,1
2023-07-19,2023-07-19 12:22:00,1443.13,1443.16,1443.13,1443.16,0.0,19.87,28420.52,1
2023-07-19,2023-07-19 12:23:00,1443.16,1443.19,1443.16,1443.19,0.0,19.87,28420.52,1
2023-07-19,2023-07-19 12:24:00,1443.19,1443.22,1443.19,1443.22,0.0,19.87,28420.52,1
2023-07-19,2023-07-19 12:25:00,1443.22,1443.25,1443.22,1443.25,0.0,19.87,28420.52,1
2023-07-19,2023-07-19 12:26:00,1443.25,1443.28,1443.25,1443.28,0.0,19.87,28420.52,1
2023-07-19,2023-07-19 12:27:00,1443.28,1443.31,1443.28,1443.31,0.0,19.87,28420.52,1
2023-07-19,2023-07-19 12:28:00,1443.31,1443.34,1443.31,1443.34,0.0,19.87,28420.52,1
2023-07-19,2023-07-19 12:29:00,1443.34,1443.38,1443.34,1443.38,0.0,19.87,28420.52,1
2023-07-19,2023-07-19 12:30:00,1443.38,1443.41,1443.38,1443.41,0.0,19.87,28420.52,1
2023-07-19,2023-07-19 12:31:00,1443.41,1443.44,1443.41,1443.44,0.0,19.87,28420.52,1
2023-07-19,2023-07-19 12:32:00,1443.44,1443.47,1443.44,1443.47,0.0,19.87,28420.52,1
2023-07-19,2023-07-19 12:33:00,1443.47,1443.5,1443.47,1443.5,0.0,19.87,28420.52,1
2023-07-19,2023-07-19 12:34:00,1443.5,1443.53,1443.5,1443.53,0.0,19.87,28420.52,1
2023-07-19,2023-07-19 12:35:00,1443.53,1443.56,1443.53,1443.56,0.0,19.87,28420.52,1
2023-07-19,2023-07-19 12:36:00,1443.56,1443.59,1443.56,1443.59,0.0,19.87,28420.52,1
2023-07-19,2023-07-19 12:37:00,1443.59,1443.62,1443.59,1443.62,0.0,19.87,28420.52,1
2023-07-19,2023-07-19 12:38:00,1443.62,1443.65,1443.62,1443.65,0.0,19.87,28420.52,1
2023-07-19,2023-07-19 12:39:00,1443.65,1443.68,1443.65,1443.68,0.0,19.87,28420.52,1
2023-07-19,2023-07-19 12:40:00,1443.68,1443.71,1443.68,1443.71,0.0,19.87,28420.52,1
2023-07-19,2023-07-19 12:41:00,1443.71,1443.74,1443.71,1443.74,0.0,19.87,28420.52,1
2023-07-19,2023-07-19 12:42:00,1443.74,1443.78,1443.74,1443.78,0.0,19.87,28420.52,1
2023-07-19,2023-07-19 12:43:00,1443.78,1443.81,1443.78,1443.81,0.0,19.87,28420.52,1
2023-07-19,2023-07-19 12:44:00,1443.81,1443.84,1443.81,1443.84,0.0,19.87,28420.52,1
2023-07-19,2023-07-19 12:45:00,1443.84,1443.87,1443.84,1443.87,0.0,19.87,28420.52,1
2023-07-19,2023-07-19 12:46:00,1443.87,1443.9,1443.87,1443.9,0.0,19.87,28420.52,1
2023-07-19,2023-07-19 12:47:00,1443.9,1443.93,1443.9,1443.93,0.0,19.87,28420.52,1
2023-07-19,2023-07-19 12:48:00,1443.93,1443.96,1443.93,1443.96,0.0,19.87,28420.52,1
2023-07-19,2023-07-19 12:49:00,1443.96,1443.99,1443.96,1443.99,0.0,19.87,28420.52,1
2023-07-19,2023-07-19 12:50:00,1443.99,1444.02,1443.99,1444.02,0.0,19.87,28420.52,1
2023-07-19,2023-07-19 12:51:00,1444.02,1444.05,1444.02,1444.05,0.0,19.87,28420.52,1
2023-07-19,2023-07-19 12:52:00,1444.05,1444.08,1444.05,1444.08,0.0,19.87,28420.52,1
2023-07-19,2023-07-19 12:53:00,1444.08,1444.12,1444.08,1444.12,0.0,19.87,28420.52,1
2023-07-19,2023-07-19 12:54:00,1444.12,1444.15,1444.12,1444.15,0.0,19.87,28420.52,1
2023-07-19,2023-07-19 12:55:00,1444.15,1444.18,1444.15,1444.18,0.0,19.87,28420.52,1
2023-07-19,2023-07-19 12:56:00,1444.18,1444.21,1444.18,1444.21,0.0,19.87,28420.52,1
2023-07-19,2023-07-19 12:57:00,1444.21,1444.24,1444.21,1444.24,0.0,19.87,28420.52,1
2023-07-19,2023-07-19 12:58:00,1444.24,1444.27,1444.24,1444.27,0.0,19.87,28420.52,1
2023-07-19,2023-07-19 12:59:00,1444.27,1444.3,1444.27,1444.3,0.0,19.87,28420.52,1
2023-07-19,2023-07-19 13:00:00,1444.3,1450.0,1385.0,1444.33,0.0,19.87,28420.52,1
2023-07-19,2023-07-19 13:01:00,1444.33,1444.36,1444.33,1444.36,0.0,19.87,28420.52,1
2023-07-19,2023-07-19 13:02:00,1444.36,1444.39,1444.36,1444.39,0.0,19.87,28420.52,1
2023-07-19,2023-07-19 13:03:00,1444.39,1444.42,1444.39,1444.42,0.0,19.87,28420.52,1
2023-07-19,2023-07-19 13:04:00,1444.42,1444.45,1444.42,1444.45,0.0,19.87,28420.52,1
2023-07-19,2023-07-19 13:05:00,1444.45,1444.48,1444.45,1444.48,0.0,19.87,28420.52,1
2023-07-19,2023-07-19 13:06:00,1444.48,1444.52,1444.48,1444.52,0.0,19.87,28420.52,1
2023-07-19,2023-07-19 13:07:00,1444.52,1444.55,1444.52,1444.55,0.0,19.87,28420.52,1
2023-07-19,2023-07-19 13:08:00,1444.55,1444.58,1444.55,1444.58,0.0,19.87,28420.52,1
2023-07-19,2023-07-19 13:09:00,1444.58,1444.61,1444.58,1444.61,0.0,19.87,28420.52,1
2023-07-19,2023-07-19 13:10:00,1444.61,1444.64,1444.61,1444.64,0.0,19.87,28420.52,1
2023-07-19,2023-07-19 13:11:00,1444.64,1444.67,1444.64,1444.67,0.0,19.87,28420.52,1
2023-07-19,2023-07-19 13:12:00,1444.67,1444.7,1444.67,1444.7,0.0,19.87,28420.52,1
2023-07-19,2023-07-19 13:13:00,1444.7,1444.73,1444.7,1444.73,0.0,19.87,28420.52,1
2023-07-19,2023-07-19 13:14:00,1444.73,1444.76,1444.73,1444.76,0.0,19.87,28420.52,1
2023-07-19,2023-07-19 13:15:00,1444.76,1444.79,1444.76,1444.79,0.0,19.87,28420.52,1
2023-07-19,2023-07-19 13:16:00,1444.79,1444.82,1444.79,1444.82,0.0,19.87,28420.52,1
2023-07-19,2023-07-19 13:17:00,1444.82,1444.86,1444.82,1444.86,0.0,19.87,28420.52,1
2023-07-19,2023-07-19 13:18:00,1444.86,1444.89,1444.86,1444.89,0.0,19.87,28420.52,1
2023-07-19,2023-07-19 13:19:00,1444.89,1444.92,1444.89,1444.92,0.0,19.87,28420.52,1
2023-07-19,2023-07-19 13:20:00,1444.92,1444.95,1444.92,1444.95,0.0,19.87,28420.52,1
2023-07-19,2023-07-19 13:21:00,1444.95,1444.98,1444.95,1444.98,0.0,19.87,28420.52,1
2023-07-19,2023-07-19 13:22:00,1444.98,1445.01,1444.98,1445.01,0.0,19.87,28420.52,1
2023-07-19,2023-07-19 13:23:00,1445.01,1445.04,1445.01,1445.04,0.0,19.87,28420.52,1
2023-07-19,2023-07-19 13:24:00,1445.04,1445.07,1445.04,1445.07,0.0,19.87,28420.52,1
2023-07-19,2023-07-19 13:25:00,1445.07,1445.1,1445.07,1445.1,0.0,19.87,28420.52,1
2023-07-19,2023-07-19 13:26:00,1445.1,1445.13,1445.1,1445.13,0.0,19.87,28420.52,1
2023-07-19,2023-07-19 13:27:00,1445.13,1445.16,1445.13,1445.16,0.0,19.87,28420.52,1
2023-07-19,2023-07-19 13:28:00,1445.16,1445.19,1445.16,1445.19,0.0,19.87,28420.52,1
2023-07-19,2023-07-19 13:29:00,1445.19,1445.22,1445.19,1445.22,0.0,19.87,28420.52,1
2023-07-19,2023-07-19 13:30:00,1445.22,1445.26,1445.22,1445.26,0.0,19.87,28420.52,1
2023-07-19,2023-07-19 13:31:00,1445.26,1445.29,1445.26,1445.29,0.0,19.87,28420.52,1
2023-07-19,2023-07-19 13:32:00,1445.29,1445.32,1445.29,1445.32,0.0,19.87,28420.52,1
2023-07-19,2023-07-19 13:33:00,1445.32,1445.35,1445.32,1445.35,0.0,19.87,28420.52,1
2023-07-19,2023-07-19 13:34:00,1445.35,1445.38,1445.35,1445.38,0.0,19.87,28420.52,1
2023-07-19,2023-07-19 13:35:00,1445.38,1445.41,1445.38,1445.41,0.0,19.87,28420.52,1
2023-07-19,2023-07-19 13:36:00,1445.41,1445.44,1445.41,1445.44,0.0,19.87,28420.52,1
2023-07-19,2023-07-19 13:37:00,1445.44,1445.47,1445.44,1445.47,0.0,19.87,28420.52,1
2023-07-19,2023-07-19 13:38:00,1445.47,1445.5,1445.47,1445.5,0.0,19.87,28420.52,1
2023-07-19,2023-07-19 13:39:00,1445.5,1445.53,1445.5,1445.53,0.0,19.87,28420.52,1
2023-07-19,2023-07-19 13:40:00,1445.53,1445.56,1445.53,1445.56,0.0,19.87,28420.52,1
2023-07-19,2023-07-19 13:41:00,1445.56,1445.6,1445.56,1445.6,0.0,19.87,28420.52,1
2023-07-19,2023-07-19 13:42:00,1445.6,1445.63,1445.6,1445.63,0.0,19.87,28420.52,1
2023-07-19,2023-07-19 13:43:00,1445.63,1445.66,1445.63,1445.66,0.0,19.87,28420.52,1
2023-07-19,2023-07-19 13:44:00,1445.66,1445.69,1445.66,1445.69,0.0,19.87,28420.52,1
2023-07-19,2023-07-19 13:45:00,1445.69,1445.72,1445.69,1445.72,0.0,19.87,28420.52,1
2023-07-19,2023-07-19 13:46:00,1445.72,1445.75,1445.72,1445.75,0.0,19.87,28420.52,1
2023-07-19,2023-07-19 13:47:00,1445.75,1445.78,1445.75,1445.78,0.0,19.87,28420.52,1
2023-07-19,2023-07-19 13:48:00,1445.78,1445.81,1445.78,1445.81,0.0,19.87,28420.52,1
2023-07-19,2023-07-19 13:49:00,1445.81,1445.84,1445.81,1445.84,0.0,19.87,28420.52,1
2023-07-19,2023-07-19 13:50:00,1445.84,1445.87,1445.84,1445.87,0.0,19.87,28420.52,1
2023-07-19,2023-07-19 13:51:00,1445.87,1445.9,1445.87,1445.9,0.0,19.87,28420.52,1
2023-07-19,2023-07-19 13:52:00,1445.9,1445.93,1445.9,1445.93,0.0,19.87,28420.52,1
2023-07-19,2023-07-19 13:53:00,1445.93,1445.96,1445.93,1445.96,0.0,19.87,28420.52,1
2023-07-19,2023-07-19 13:54:00,1445.96,1446.0,1445.96,1446.0,0.0,19.87,28420.52,1
2023-07-19,2023-07-19 13:55:00,1446.0,1446.03,1446.0,1446.03,0.0,19.87,28420.52,1
2023-07-19,2023-07-19 13:56:00,1446.03,1446.06,1446.03,1446.06,0.0,19.87,28420.52,1
2023-07-19,2023-07-19 13:57:00,1446.06,1446.09,1446.06,1446.09,0.0,19.87,28420.52,1
2023-07-19,2023-07-19 13:58:00,1446.09,1446.12,1446.09,1446.12,0.0,19.87,28420.52,1
2023-07-19,2023-07-19 13:59:00,1446.12,1446.15,1446.12,1446.15,0.0,19.87,28420.52,1
2023-07-19,2023-07-19 14:00:00,1446.15,1446.18,1446.15,1446.18,0.0,19.87,28420.52,1
2023-07-19,2023-07-19 14:01:00,1446.18,1446.21,1446.18,1446.21,0.0,19.87,28420.52,1
2023-07-19,2023-07-19 14:02:00,1446.21,1446.24,1446.21,1446.24,0.0,19.87,28420.52,1
2023-07-19,2023-07-19 14:03:00,1446.24,1446.27,1446.24,1446.27,0.0,19.87,28420.52,1
2023-07-19,2023-07-19 14:04:00,1446.27,1446.3,1446.27,1446.3,0.0,19.87,28420.52,1
2023-07-19,2023-07-19 14:05:00,1446.3,1446.34,1446.3,1446.34,0.0,19.87,28420.52,1
2023-07-19,2023-07-19 14:06:00,1446.34,1446.37,1446.34,1446.37,0.0,19.87,28420.52,1
2023-07-19,2023-07-19 14:07:00,1446.37,1446.4,1446.37,1446.4,0.0,19.87,28420.52,1
2023-07-19,2023-07-19 14:08:00,1446.4,1446.43,1446.4,1446.43,0.0,19.87,28420.52,1
2023-07-19,2023-07-19 14:09:00,1446.43,1446.46,1446.43,1446.46,0.0,19.87,28420.52,1
2023-07-19,2023-07-19 14:10:00,1446.46,1446.49,1446.46,1446.49,0.0,19.87,28420.52,1
2023-07-19,2023-07-19 14:11:00,1446.49,1446.52,1446.49,1446.52,0.0,19.87,28420.52,1
2023-07-19,2023-07-19 14:12:00,1446.52,1446.55,1446.52,1446.55,0.0,19.87,28420.52,1
2023-07-19,2023-07-19 14:13:00,1446.55,1446.58,1446.55,1446.58,0.0,19.87,28420.52,1
2023-07-19,2023-07-19 14:14:00,1446.58,1446.61,1446.58,1446.61,0.0,19.87,28420.52,1
2023-07-19,2023-07-19 14:15:00,1446.61,1446.64,1446.61,1446.64,0.0,19.87,28420.52,1
2023-07-19,2023-07-19 14:16:00,1446.64,1446.67,1446.64,1446.67,0.0,19.87,28420.52,1
2023-07-19,2023-07-19 14:17:00,1446.67,1446.7,1446.67,1446.7,0.0,19.87,28420.52,1
2023-07-19,2023-07-19 14:18:00,1446.7,1446.74,1446.7,1446.74,0.0,19.87,28420.52,1
2023-07-19,2023-07-19 14:19:00,1446.74,1446.77,1446.74,1446.77,0.0,19.87,28420.52,1
2023-07-19,2023-07-19 14:20:00,1446.77,1446.8,1446.77,1446.8,0.0,19.87,28420.52,1
2023-07-19,2023-07-19 14:21:00,1446.8,1446.83,1446.8,1446.83,0.0,19.87,28420.52,1
2023-07-19,2023-07-19 14:22:00,1446.83,1446.86,1446.83,1446.86,0.0,19.87,28420.52,1
2023-07-19,2023-07-19 14:23:00,1446.86,1446.89,1446.86,1446.89,0.0,19.87,28420.52,1
2023-07-19,2023-07-19 14:24:00,1446.89,1446.92,1446.89,1446.92,0.0,19.87,28420.52,1
2023-07-19,2023-07-19 14:25:00,1446.92,1446.95,1446.92,1446.95,0.0,19.87,28420.52,1
2023-07-19,2023-07-19 14:26:00,1446.95,1446.98,1446.95,1446.98,0.0,19.87,28420.52,1
2023-07-19,2023-07-19 14:27:00,1446.98,1447.01,1446.98,1447.01,0.0,19.87,28420.52,1
2023-07-19,2023-07-19 14:28:00,1447.01,1447.04,1447.01,1447.04,0.0,19.87,28420.52,1
2023-07-19,2023-07-19 14:29:00,1447.04,1447.08,1447.04,1447.08,0.0,19.87,28420.52,1
2023-07-19,2023-07-19 14:30:00,1447.08,1447.11,1447.08,1447.11,0.0,19.87,28420.52,1
2023-07-19,2023-07-19 14:31:00,1447.11,1447.14,1447.11,1447.14,0.0,19.87,28420.52,1
2023-07-19,2023-07-19 14:32:00,1447.14,1447.17,1447.14,1447.17,0.0,19.87,28420.52,1
2023-07-19,2023-07-19 14:33:00,1447.17,1447.2,1447.17,1447.2,0.0,19.87,28420.52,1
2023-07-19,2023-07-19 14:34:00,1447.2,1447.23,1447.2,1447.23,0.0,19.87,28420.52,1
2023-07-19,2023-07-19 14:35:00,1447.23,1447.26,1447.23,1447.26,0.0,19.87,28420.52,1
2023-07-19,2023-07-19 14:36:00,1447.26,1447.29,1447.26,1447.29,0.0,19.87,28420.52,1
2023-07-19,2023-07-19 14:37:00,1447.29,1447.32,1447.29,1447.32,0.0,19.87,28420.52,1
2023-07-19,2023-07-19 14:38:00,1447.32,1447.35,1447.32,1447.35,0.0,19.87,28420.52,1
2023-07-19,2023-07-19 14:39:00,1447.35,1447.38,1447.35,1447.38,0.0,19.87,28420.52,1
2023-07-19,2023-07-19 14:40:00,1447.38,1447.41,1447.38,1447.41,0.0,19.87,28420.52,1
2023-07-19,2023-07-19 14:41:00,1447.41,1447.44,1447.41,1447.44,0.0,19.87,28420.52,1
2023-07-19,2023-07-19 14:42:00,1447.44,1447.48,1447.44,1447.48,0.0,19.87,28420.52,1
2023-07-19,2023-07-19 14:43:00,1447.48,1447.51,1447.48,1447.51,0.0,19.87,28420.52,1
2023-07-19,2023-07-19 14:44:00,1447.51,1447.54,1447.51,1447.54,0.0,19.87,28420.52,1
2023-07-19,2023-07-19 14:45:00,1447.54,1447.57,1447.54,1447.57,0.0,19.87,28420.52,1
2023-07-19,2023-07-19 14:46:00,1447.57,1447.6,1447.57,1447.6,0.0,19.87,28420.52,1
2023-07-19,2023-07-19 14:47:00,1447.6,1447.63,1447.6,1447.63,0.0,19.87,28420.52,1
2023-07-19,2023-07-19 14:48:00,1447.63,1447.66,1447.63,1447.66,0.0,19.87,28420.52,1
2023-07-19,2023-07-19 14:49:00,1447.66,1447.69,1447.66,1447.69,0.0,19.87,28420.52,1
2023-07-19,2023-07-19 14:50:00,1447.69,1447.72,1447.69,1447.72,0.0,19.87,28420.52,1
2023-07-19,2023-07-19 14:51:00,1447.72,1447.75,1447.72,1447.75,0.0,19.87,28420.52,1
2023-07-19,2023-07-19 14:52:00,1447.75,1447.78,1447.75,1447.78,0.0,19.87,28420.52,1
2023-07-19,2023-07-19 14:53:00,1447.78,1447.82,1447.78,1447.82,0.0,19.87,28420.52,1
2023-07-19,2023-07-19 14:54:00,1447.82,1447.85,1447.82,1447.85,0.0,19.87,28420.52,1
2023-07-19,2023-07-19 14:55:00,1447.85,1447.88,1447.85,1447.88,0.0,19.87,28420.52,1
2023-07-19,2023-07-19 14:56:00,1447.88,1447.91,1447.88,1447.91,0.0,19.87,28420.52,1
2023-07-19,2023-07-19 14:57:00,1447.91,1447.94,1447.91,1447.94,0.0,19.87,28420.52,1
2023-07-19,2023-07-19 14:58:00,1447.94,1447.97,1447.94,1447.97,0.0,19.87,28420.52,1
2023-07-19,2023-07-19 14:59:00,1447.97,1448.0,1447.97,1448.0,0.0,19.87,28420.52,1
2023-07-19,2023-07-19 15:00:00,1448.0,1450.0,1385.0,1448.0,0.0,19.87,28420.52,0
2023-07-20,2023-07-20 11:00:00,1469.0,1477.76,1448.3,1469.12,0.01,20.65,29305.42,1
2023-07-20,2023-07-20 11:01:00,1469.12,1469.23,1469.12,1469.23,0.01,20.65,29305.42,1
2023-07-20,2023-07-20 11:02:00,1469.23,1469.35,1469.23,1469.35,0.01,20.65,29305.42,1
2023-07-20,2023-07-20 11:03:00,1469.35,1469.47,1469.35,1469.47,0.01,20.65,29305.42,1
2023-07-20,2023-07-20 11:04:00,1469.47,1469.58,1469.47,1469.58,0.01,20.65,29305.42,1
2023-07-20,2023-07-20 11:05:00,1469.58,1469.7,1469.58,1469.7,0.01,20.65,29305.42,1
2023-07-20,2023-07-20 11:06:00,1469.7,1469.82,1469.7,1469.82,0.01,20.65,29305.42,1
2023-07-20,2023-07-20 11:07:00,1469.82,1469.93,1469.82,1469.93,0.01,20.65,29305.42,1
2023-07-20,2023-07-20 11:08:00,1469.93,1470.05,1469.93,1470.05,0.01,20.65,29305.42,1
2023-07-20,2023-07-20 11:09:00,1470.05,1470.17,1470.05,1470.17,0.01,20.65,29305.42,1
2023-07-20,2023-07-20 11:10:00,1470.17,1470.28,1470.17,1470.28,0.01,20.65,29305.42,1
2023-07-20,2023-07-20 11:11:00,1470.28,1470.4,1470.28,1470.4,0.01,20.65,29305.42,1
2023-07-20,2023-07-20 11:12:00,1470.4,1470.52,1470.4,1470.52,0.01,20.65,29305.42,1
2023-07-20,2023-07-20 11:13:00,1470.52,1470.63,1470.52,1470.63,0.01,20.65,29305.42,1
2023-07-20,2023-07-20 11:14:00,1470.63,1470.75,1470.63,1470.75,0.01,20.65,29305.42,1
2023-07-20,2023-07-20 11:15:00,1470.75,1470.87,1470.75,1470.87,0.01,20.65,29305.42,1
2023-07-20,2023-07-20 11:16:00,1470.87,1470.98,1470.87,1470.98,0.01,20.65,29305.42,1
2023-07-20,2023-07-20 11:17:00,1470.98,1471.1,1470.98,1471.1,0.01,20.65,29305.42,1
2023-07-20,2023-07-20 11:18:00,1471.1,1471.22,1471.1,1471.22,0.01,20.65,29305.42,1
2023-07-20,2023-07-20 11:19:00,1471.22,1471.33,1471.22,1471.33,0.01,20.65,29305.42,1
2023-07-20,2023-07-20 11:20:00,1471.33,1471.45,1471.33,1471.45,0.01,20.65,29305.42,1
2023-07-20,2023-07-20 11:21:00,1471.45,1471.57,1471.45,1471.57,0.01,20.65,29305.42,1
2023-07-20,2023-07-20 11:22:00,1471.57,1471.68,1471.57,1471.68,0.01,20.65,29305.42,1
2023-07-20,2023-07-20 11:23:00,1471.68,1471.8,1471.68,1471.8,0.01,20.65,29305.42,1
2023-07-20,2023-07-20 11:24:00,1471.8,1471.92,1471.8,1471.92,0.01,20.65,29305.42,1
2023-07-20,2023-07-20 11:25:00,1471.92,1472.03,1471.92,1472.03,0.01,20.65,29305.42,1
2023-07-20,2023-07-20 11:26:00,1472.03,1472.15,1472.03,1472.15,0.01,20.65,29305.42,1
2023-07-20,2023-07-20 11:27:00,1472.15,1472.27,1472.15,1472.27,0.01,20.65,29305.42,1
2023-07-20,2023-07-20 11:28:00,1472.27,1472.38,1472.27,1472.38,0.01,20.65,29305.42,1
2023-07-20,2023-07-20 11:29:00,1472.38,1472.5,1472.38,1472.5,0.01,20.65,29305.42,1
2023-07-20,2023-07-20 11:30:00,1472.5,1472.62,1472.5,1472.62,0.01,20.65,29305.42,1
2023-07-20,2023-07-20 11:31:00,1472.62,1472.73,1472.62,1472.73,0.01,20.65,29305.42,1
2023-07-20,2023-07-20 11:32:00,1472.73,1472.85,1472.73,1472.85,0.01,20.65,29305.42,1
2023-07-20,2023-07-20 11:33:00,1472.85,1472.97,1472.85,1472.97,0.01,20.65,29305.42,1
2023-07-20,2023-07-20 11:34:00,1472.97,1473.08,1472.97,1473.08,0.01,20.65,29305.42,1
2023-07-20,2023-07-20 11:35:00,1473.08,1473.2,1473.08,1473.2,0.01,20.65,29305.42,1
2023-07-20,2023-07-20 11:36:00,1473.2,1473.32,1473.2,1473.32,0.01,20.65,29305.42,1
2023-07-20,2023-07-20 11:37:00,1473.32,1473.43,1473.32,1473.43,0.01,20.65,29305.42,1
2023-07-20,2023-07-20 11:38:00,1473.43,1473.55,1473.43,1473.55,0.01,20.65,29305.42,1
2023-07-20,2023-07-20 11:39:00,1473.55,1473.67,1473.55,1473.67,0.01,20.65,29305.42,1
2023-07-20,2023-07-20 11:40:00,1473.67,1473.78,1473.67,1473.78,0.01,20.65,29305.42,1
2023-07-20,2023-07-20 11:41:00,1473.78,1473.9,1473.78,1473.9,0.01,20.65,29305.42,1
2023-07-20,2023-07-20 11:42:00,1473.9,1474.02,1473.9,1474.02,0.01,20.65,29305.42,1
2023-07-20,2023-07-20 11:43:00,1474.02,1474.13,1474.02,1474.13,0.01,20.65,29305.42,1
2023-07-20,2023-07-20 11:44:00,1474.13,1474.25,1474.13,1474.25,0.01,20.65,29305.42,1
2023-07-20,2023-07-20 11:45:00,1474.25,1474.37,1474.25,1474.37,0.01,20.65,29305.42,1
2023-07-20,2023-07-20 11:46:00,1474.37,1474.48,1474.37,1474.48,0.01,20.65,29305.42,1
2023-07-20,2023-07-20 11:47:00,1474.48,1474.6,1474.48,1474.6,0.01,20.65,29305.42,1
2023-07-20,2023-07-20 11:48:00,1474.6,1474.72,1474.6,1474.72,0.01,20.65,29305.42,1
2023-07-20,2023-07-20 11:49:00,1474.72,1474.83,1474.72,1474.83,0.01,20.65,29305.42,1
2023-07-20,2023-07-20 11:50:00,1474.83,1474.95,1474.83,1474.95,0.01,20.65,29305.42,1
2023-07-20,2023-07-20 11:51:00,1474.95,1475.07,1474.95,1475.07,0.01,20.65,29305.42,1
2023-07-20,2023-07-20 11:52:00,1475.07,1475.18,1475.07,1475.18,0.01,20.65,29305.42,1
2023-07-20,2023-07-20 11:53:00,1475.18,1475.3,1475.18,1475.3,0.01,20.65,29305.42,1
2023-07-20,2023-07-20 11:54:00,1475.3,1475.42,1475.3,1475.42,0.01,20.65,29305.42,1
2023-07-20,2023-07-20 11:55:00,1475.42,1475.53,1475.42,1475.53,0.01,20.65,29305.42,1
2023-07-20,2023-07-20 11:56:00,1475.53,1475.65,1475.53,1475.65,0.01,20.65,29305.42,1
2023-07-20,2023-07-20 11:57:00,1475.65,1475.77,1475.65,1475.77,0.01,20.65,29305.42,1
2023-07-20,2023-07-20 11:58:00,1475.77,1475.88,1475.77,1475.88,0.01,20.65,29305.42,1
2023-07-20,2023-07-20 11:59:00,1475.88,1476.0,1475.88,1476.0,0.01,20.65,29305.42,1
2023-07-20,2023-07-20 12:00:00,1476.0,1476.12,1476.0,1476.12,0.01,20.65,29305.42,1
2023-07-20,2023-07-20 12:01:00,1476.12,1476.23,1476.12,1476.23,0.01,20.65,29305.42,1
2023-07-20,2023-07-20 12:02:00,1476.23,1476.35,1476.23,1476.35,0.01,20.65,29305.42,1
2023-07-20,2023-07-20 12:03:00,1476.35,1476.47,1476.35,1476.47,0.01,20.65,29305.42,1
2023-07-20,2023-07-20 12:04:00,1476.47,1476.58,1476.47,1476.58,0.01,20.65,29305.42,1
2023-07-20,2023-07-20 12:05:00,1476.58,1476.7,1476.58,1476.7,0.01,20.65,29305.42,1
2023-07-20,2023-07-20 12:06:00,1476.7,1476.82,1476.7,1476.82,0.01,20.65,29305.42,1
2023-07-20,2023-07-20 12:07:00,1476.82,1476.93,1476.82,1476.93,0.01,20.65,29305.42,1
2023-07-20,2023-07-20 12:08:00,1476.93,1477.05,1476.93,1477.05,0.01,20.65,29305.42,1
2023-07-20,2023-07-20 12:09:00,1477.05,1477.17,1477.05,1477.17,0.01,20.65,29305.42,1
2023-07-20,2023-07-20 12:10:00,1477.17,1477.28,1477.17,1477.28,0.01,20.65,29305.42,1
2023-07-20,2023-07-20 12:11:00,1477.28,1477.4,1477.28,1477.4,0.01,20.65,29305.42,1
2023-07-20,2023-07-20 12:12:00,1477.4,1477.52,1477.4,1477.52,0.01,20.65,29305.42,1
2023-07-20,2023-07-20 12:13:00,1477.52,1477.63,1477.52,1477.63,0.01,20.65,29305.42,1
2023-07-20,2023-07-20 12:14:00,1477.63,1477.75,1477.63,1477.75,0.01,20.65,29305.42,1
2023-07-20,2023-07-20 12:15:00,1477.75,1477.87,1477.75,1477.87,0.01,20.65,29305.42,1
2023-07-20,2023-07-20 12:16:00,1477.87,1477.98,1477.87,1477.98,0.01,20.65,29305.42,1
2023-07-20,2023-07-20 12:17:00,1477.98,1478.1,1477.98,1478.1,0.01,20.65,29305.42,1
2023-07-20,2023-07-20 12:18:00,1478.1,1478.22,1478.1,1478.22,0.01,20.65,29305.42,1
2023-07-20,2023-07-20 12:19:00,1478.22,1478.33,1478.22,1478.33,0.01,20.65,29305.42,1
2023-07-20,2023-07-20 12:20:00,1478.33,1478.45,1478.33,1478.45,0.01,20.65,29305.42,1
2023-07-20,2023-07-20 12:21:00,1478.45,1478.57,1478.45,1478.57,0.01,20.65,29305.42,1
2023-07-20,2023-07-20 12:22:00,1478.57,1478.68,1478.57,1478.68,0.01,20.65,29305.42,1
2023-07-20,2023-07-20 12:23:00,1478.68,1478.8,1478.68,1478.8,0.01,20.65,29305.42,1
2023-07-20,2023-07-20 12:24:00,1478.8,1478.92,1478.8,1478.92,0.01,20.65,29305.42,1
2023-07-20,2023-07-20 12:25:00,1478.92,1479.03,1478.92,1479.03,0.01,20.65,29305.42,1
2023-07-20,2023-07-20 12:26:00,1479.03,1479.15,1479.03,1479.15,0.01,20.65,29305.42,1
2023-07-20,2023-07-20 12:27:00,1479.15,1479.27,1479.15,1479.27,0.01,20.65,29305.42,1
2023-07-20,2023-07-20 12:28:00,1479.27,1479.38,1479.27,1479.38,0.01,20.65,29305.42,1
2023-07-20,2023-07-20 12:29:00,1479.38,1479.5,1479.38,1479.5,0.01,20.65,29305.42,1
2023-07-20,2023-07-20 12:30:00,1479.5,1479.62,1479.5,1479.62,0.01,20.65,29305.42,1
2023-07-20,2023-07-20 12:31:00,1479.62,1479.73,1479.62,1479.73,0.01,20.65,29305.42,1
2023-07-20,2023-07-20 12:32:00,1479.73,1479.85,1479.73,1479.85,0.01,20.65,29305.42,1
2023-07-20,2023-07-20 12:33:00,1479.85,1479.97,1479.85,1479.97,0.01,20.65,29305.42,1
2023-07-20,2023-07-20 12:34:00,1479.97,1480.08,1479.97,1480.08,0.01,20.65,29305.42,1
2023-07-20,2023-07-20 12:35:00,1480.08,1480.2,1480.08,1480.2,0.01,20.65,29305.42,1
2023-07-20,2023-07-20 12:36:00,1480.2,1480.32,1480.2,1480.32,0.01,20.65,29305.42,1
2023-07-20,2023-07-20 12:37:00,1480.32,1480.43,1480.32,1480.43,0.01,20.65,29305.42,1
2023-07-20,2023-07-20 12:38:00,1480.43,1480.55,1480.43,1480.55,0.01,20.65,29305.42,1
2023-07-20,2023-07-20 12:39:00,1480.55,1480.67,1480.55,1480.67,0.01,20.65,29305.42,1
2023-07-20,2023-07-20 12:40:00,1480.67,1480.78,1480.67,1480.78,0.01,20.65,29305.42,1
2023-07-20,2023-07-20 12:41:00,1480.78,1480.9,1480.78,1480.9,0.01,20.65,29305.42,1
2023-07-20,2023-07-20 12:42:00,1480.9,1481.02,1480.9,1481.02,0.01,20.65,29305.42,1
2023-07-20,2023-07-20 12:43:00,1481.02,1481.13,1481.02,1481.13,0.01,20.65,29305.42,1
2023-07-20,2023-07-20 12:44:00,1481.13,1481.25,1481.13,1481.25,0.01,20.65,29305.42,1
2023-07-20,2023-07-20 12:45:00,1481.25,1481.37,1481.25,1481.37,0.01,20.65,29305.42,1
2023-07-20,2023-07-20 12:46:00,1481.37,1481.48,1481.37,1481.48,0.01,20.65,29305.42,1
2023-07-20,2023-07-20 12:47:00,1481.48,1481.6,1481.48,1481.6,0.01,20.65,29305.42,1
2023-07-20,2023-07-20 12:48:00,1481.6,1481.72,1481.6,1481.72,0.01,20.65,29305.42,1
2023-07-20,2023-07-20 12:49:00,1481.72,1481.83,1481.72,1481.83,0.01,20.65,29305.42,1
2023-07-20,2023-07-20 12:50:00,1481.83,1481.95,1481.83,1481.95,0.01,20.65,29305.42,1
2023-07-20,2023-07-20 12:51:00,1481.95,1482.07,1481.95,1482.07,0.01,20.65,29305.42,1
2023-07-20,2023-07-20 12:52:00,1482.07,1482.18,1482.07,1482.18,0.01,20.65,29305.42,1
2023-07-20,2023-07-20 12:53:00,1482.18,1482.3,1482.18,1482.3,0.01,20.65,29305.42,1
2023-07-20,2023-07-20 12:54:00,1482.3,1482.42,1482.3,1482.42,0.01,20.65,29305.42,1
2023-07-20,2023-07-20 12:55:00,1482.42,1482.53,1482.42,1482.53,0.01,20.65,29305.42,1
2023-07-20,2023-07-20 12:56:00,1482.53,1482.65,1482.53,1482.65,0.01,20.65,29305.42,1
2023-07-20,2023-07-20 12:57:00,1482.65,1482.77,1482.65,1482.77,0.01,20.65,29305.42,1
2023-07-20,2023-07-20 12:58:00,1482.77,1482.88,1482.77,1482.88,0.01,20.65,29305.42,1
2023-07-20,2023-07-20 12:59:00,1482.88,1483.0,1482.88,1483.0,0.01,20.65,29305.42,1
2023-07-20,2023-07-20 13:00:00,1483.0,1498.2,1400.0,1483.12,0.01,20.65,29305.42,1
2023-07-20,2023-07-20 13:01:00,1483.12,1483.23,1483.12,1483.23,0.01,20.65,29305.42,1
2023-07-20,2023-07-20 13:02:00,1483.23,1483.35,1483.23,1483.35,0.01,20.65,29305.42,1
2023-07-20,2023-07-20 13:03:00,1483.35,1483.47,1483.35,1483.47,0.01,20.65,29305.42,1
2023-07-20,2023-07-20 13:04:00,1483.47,1483.58,1483.47,1483.58,0.01,20.65,29305.42,1
2023-07-20,2023-07-20 13:05:00,1483.58,1483.7,1483.58,1483.7,0.01,20.65,29305.42,1
2023-07-20,2023-07-20 13:06:00,1483.7,1483.82,1483.7,1483.82,0.01,20.65,29305.42,1
2023-07-20,2023-07-20 13:07:00,1483.82,1483.93,1483.82,1483.93,0.01,20.65,29305.42,1
2023-07-20,2023-07-20 13:08:00,1483.93,1484.05,1483.93,1484.05,0.01,20.65,29305.42,1
2023-07-20,2023-07-20 13:09:00,1484.05,1484.17,1484.05,1484.17,0.01,20.65,29305.42,1
2023-07-20,2023-07-20 13:10:00,1484.17,1484.28,1484.17,1484.28,0.01,20.65,29305.42,1
2023-07-20,2023-07-20 13:11:00,1484.28,1484.4,1484.28,1484.4,0.01,20.65,29305.42,1
2023-07-20,2023-07-20 13:12:00,1484.4,1484.52,1484.4,1484.52,0.01,20.65,29305.42,1
2023-07-20,2023-07-20 13:13:00,1484.52,1484.63,1484.52,1484.63,0.01,20.65,29305.42,1
2023-07-20,2023-07-20 13:14:00,1484.63,1484.75,1484.63,1484.75,0.01,20.65,29305.42,1
2023-07-20,2023-07-20 13:15:00,1484.75,1484.87,1484.75,1484.87,0.01,20.65,29305.42,1
2023-07-20,2023-07-20 13:16:00,1484.87,1484.98,1484.87,1484.98,0.01,20.65,29305.42,1
2023-07-20,2023-07-20 13:17:00,1484.98,1485.1,1484.98,1485.1,0.01,20.65,29305.42,1
2023-07-20,2023-07-20 13:18:00,1485.1,1485.22,1485.1,1485.22,0.01,20.65,29305.42,1
2023-07-20,2023-07-20 13:19:00,1485.22,1485.33,1485.22,1485.33,0.01,20.65,29305.42,1
2023-07-20,2023-07-20 13:20:00,1485.33,1485.45,1485.33,1485.45,0.01,20.65,29305.42,1
2023-07-20,2023-07-20 13:21:00,1485.45,1485.57,1485.45,1485.57,0.01,20.65,29305.42,1
2023-07-20,2023-07-20 13:22:00,1485.57,1485.68,1485.57,1485.68,0.01,20.65,29305.42,1
2023-07-20,2023-07-20 13:23:00,1485.68,1485.8,1485.68,1485.8,0.01,20.65,29305.42,1
2023-07-20,2023-07-20 13:24:00,1485.8,1485.92,1485.8,1485.92,0.01,20.65,29305.42,1
2023-07-20,2023-07-20 13:25:00,1485.92,1486.03,1485.92,1486.03,0.01,20.65,29305.42,1
2023-07-20,2023-07-20 13:26:00,1486.03,1486.15,1486.03,1486.15,0.01,20.65,29305.42,1
2023-07-20,2023-07-20 13:27:00,1486.15,1486.27,1486.15,1486.27,0.01,20.65,29305.42,1
2023-07-20,2023-07-20 13:28:00,1486.27,1486.38,1486.27,1486.38,0.01,20.65,29305.42,1
2023-07-20,2023-07-20 13:29:00,1486.38,1486.5,1486.38,1486.5,0.01,20.65,29305.42,1
2023-07-20,2023-07-20 13:30:00,1486.5,1486.62,1486.5,1486.62,0.01,20.65,29305.42,1
2023-07-20,2023-07-20 13:31:00,1486.62,1486.73,1486.62,1486.73,0.01,20.65,29305.42,1
2023-07-20,2023-07-20 13:32:00,1486.73,1486.85,1486.73,1486.85,0.01,20.65,29305.42,1
2023-07-20,2023-07-20 13:33:00,1486.85,1486.97,1486.85,1486.97,0.01,20.65,29305.42,1
2023-07-20,2023-07-20 13:34:00,1486.97,1487.08,1486.97,1487.08,0.01,20.65,29305.42,1
2023-07-20,2023-07-20 13:35:00,1487.08,1487.2,1487.08,1487.2,0.01,20.65,29305.42,1
2023-07-20,2023-07-20 13:36:00,1487.2,1487.32,1487.2,1487.32,0.01,20.65,29305.42,1
2023-07-20,2023-07-20 13:37:00,1487.32,1487.43,1487.32,1487.43,0.01,20.65,29305.42,1
2023-07-20,2023-07-20 13:38:00,1487.43,1487.55,1487.43,1487.55,0.01,20.65,29305.42,1
2023-07-20,2023-07-20 13:39:00,1487.55,1487.67,1487.55,1487.67,0.01,20.65,29305.42,1
2023-07-20,2023-07-20 13:40:00,1487.67,1487.78,1487.67,1487.78,0.01,20.65,29305.42,1
2023-07-20,2023-07-20 13:41:00,1487.78,1487.9,1487.78,1487.9,0.01,20.65,29305.42,1
2023-07-20,2023-07-20 13:42:00,1487.9,1488.02,1487.9,1488.02,0.01,20.65,29305.42,1
2023-07-20,2023-07-20 13:43:00,1488.02,1488.13,1488.02,1488.13,0.01,20.65,29305.42,1
2023-07-20,2023-07-20 13:44:00,1488.13,1488.25,1488.13,1488.25,0.01,20.65,29305.42,1
2023-07-20,2023-07-20 13:45:00,1488.25,1488.37,1488.25,1488.37,0.01,20.65,29305.42,1
2023-07-20,2023-07-20 13:46:00,1488.37,1488.48,1488.37,1488.48,0.01,20.65,29305.42,1
2023-07-20,2023-07-20 13:47:00,1488.48,1488.6,1488.48,1488.6,0.01,20.65,29305.42,1
2023-07-20,2023-07-20 13:48:00,1488.6,1488.72,1488.6,1488.72,0.01,20.65,29305.42,1
2023-07-20,2023-07-20 13:49:00,1488.72,1488.83,1488.72,1488.83,0.01,20.65,29305.42,1
2023-07-20,2023-07-20 13:50:00,1488.83,1488.95,1488.83,1488.95,0.01,20.65,29305.42,1
2023-07-20,2023-07-20 13:51:00,1488.95,1489.07,1488.95,1489.07,0.01,20.65,29305.42,1
2023-07-20,2023-07-20 13:52:00,1489.07,1489.18,1489.07,1489.18,0.01,20.65,29305.42,1
2023-07-20,2023-07-20 13:53:00,1489.18,1489.3,1489.18,1489.3,0.01,20.65,29305.42,1
2023-07-20,2023-07-20 13:54:00,1489.3,1489.42,1489.3,1489.42,0.01,20.65,29305.42,1
2023-07-20,2023-07-20 13:55:00,1489.42,1489.53,1489.42,1489.53,0.01,20.65,29305.42,1
2023-07-20,2023-07-20 13:56:00,1489.53,1489.65,1489.53,1489.65,0.01,20.65,29305.42,1
2023-07-20,2023-07-20 13:57:00,1489.65,1489.77,1489.65,1489.77,0.01,20.65,29305.42,1
2023-07-20,2023-07-20 13:58:00,1489.77,1489.88,1489.77,1489.88,0.01,20.65,29305.42,1
2023-07-20,2023-07-20 13:59:00,1489.88,1490.0,1489.88,1490.0,0.01,20.65,29305.42,1
2023-07-20,2023-07-20 14:00:00,1490.0,1490.12,1490.0,1490.12,0.01,20.65,29305.42,1
2023-07-20,2023-07-20 14:01:00,1490.12,1490.23,1490.12,1490.23,0.01,20.65,29305.42,1
2023-07-20,2023-07-20 14:02:00,1490.23,1490.35,1490.23,1490.35,0.01,20.65,29305.42,1
2023-07-20,2023-07-20 14:03:00,1490.35,1490.47,1490.35,1490.47,0.01,20.65,29305.42,1
2023-07-20,2023-07-20 14:04:00,1490.47,1490.58,1490.47,1490.58,0.01,20.65,29305.42,1
2023-07-20,2023-07-20 14:05:00,1490.58,1490.7,1490.58,1490.7,0.01,20.65,29305.42,1
2023-07-20,2023-07-20 14:06:00,1490.7,1490.82,1490.7,1490.82,0.01,20.65,29305.42,1
2023-07-20,2023-07-20 14:07:00,1490.82,1490.93,1490.82,1490.93,0.01,20.65,29305.42,1
2023-07-20,2023-07-20 14:08:00,1490.93,1491.05,1490.93,1491.05,0.01,20.65,29305.42,1
2023-07-20,2023-07-20 14:09:00,1491.05,1491.17,1491.05,1491.17,0.01,20.65,29305.42,1
2023-07-20,2023-07-20 14:10:00,1491.17,1491.28,1491.17,1491.28,0.01,20.65,29305.42,1
2023-07-20,2023-07-20 14:11:00,1491.28,1491.4,1491.28,1491.4,0.01,20.65,29305.42,1
2023-07-20,2023-07-20 14:12:00,1491.4,1491.52,1491.4,1491.52,0.01,20.65,29305.42,1
2023-07-20,2023-07-20 14:13:00,1491.52,1491.63,1491.52,1491.63,0.01,20.65,29305.42,1
2023-07-20,2023-07-20 14:14:00,1491.63,1491.75,1491.63,1491.75,0.01,20.65,29305.42,1
2023-07-20,2023-07-20 14:15:00,1491.75,1491.87,1491.75,1491.87,0.01,20.65,29305.42,1
2023-07-20,2023-07-20 14:16:00,1491.87,1491.98,1491.87,1491.98,0.01,20.65,29305.42,1
2023-07-20,2023-07-20 14:17:00,1491.98,1492.1,1491.98,1492.1,0.01,20.65,29305.42,1
2023-07-20,2023-07-20 14:18:00,1492.1,1492.22,1492.1,1492.22,0.01,20.65,29305.42,1
2023-07-20,2023-07-20 14:19:00,1492.22,1492.33,1492.22,1492.33,0.01,20.65,29305.42,1
2023-07-20,2023-07-20 14:20:00,1492.33,1492.45,1492.33,1492.45,0.01,20.65,29305.42,1
2023-07-20,2023-07-20 14:21:00,1492.45,1492.57,1492.45,1492.57,0.01,20.65,29305.42,1
2023-07-20,2023-07-20 14:22:00,1492.57,1492.68,1492.57,1492.68,0.01,20.65,29305.42,1
2023-07-20,2023-07-20 14:23:00,1492.68,1492.8,1492.68,1492.8,0.01,20.65,29305.42,1
2023-07-20,2023-07-20 14:24:00,1492.8,1492.92,1492.8,1492.92,0.01,20.65,29305.42,1
2023-07-20,2023-07-20 14:25:00,1492.92,1493.03,1492.92,1493.03,0.01,20.65,29305.42,1
2023-07-20,2023-07-20 14:26:00,1493.03,1493.15,1493.03,1493.15,0.01,20.65,29305.42,1
2023-07-20,2023-07-20 14:27:00,1493.15,1493.27,1493.15,1493.27,0.01,20.65,29305.42,1
2023-07-20,2023-07-20 14:28:00,1493.27,1493.38,1493.27,1493.38,0.01,20.65,29305.42,1
2023-07-20,2023-07-20 14:29:00,1493.38,1493.5,1493.38,1493.5,0.01,20.65,29305.42,1
2023-07-20,2023-07-20 14:30:00,1493.5,1493.62,1493.5,1493.62,0.01,20.65,29305.42,1
2023-07-20,2023-07-20 14:31:00,1493.62,1493.73,1493.62,1493.73,0.01,20.65,29305.42,1
2023-07-20,2023-07-20 14:32:00,1493.73,1493.85,1493.73,1493.85,0.01,20.65,29305.42,1
2023-07-20,2023-07-20 14:33:00,1493.85,1493.97,1493.85,1493.97,0.01,20.65,29305.42,1
2023-07-20,2023-07-20 14:34:00,1493.97,1494.08,1493.97,1494.08,0.01,20.65,29305.42,1
2023-07-20,2023-07-20 14:35:00,1494.08,1494.2,1494.08,1494.2,0.01,20.65,29305.42,1
2023-07-20,2023-07-20 14:36:00,1494.2,1494.32,1494.2,1494.32,0.01,20.65,29305.42,1
2023-07-20,2023-07-20 14:37:00,1494.32,1494.43,1494.32,1494.43,0.01,20.65,29305.42,1
2023-07-20,2023-07-20 14:38:00,1494.43,1494.55,1494.43,1494.55,0.01,20.65,29305.42,1
2023-07-20,2023-07-20 14:39:00,1494.55,1494.67,1494.55,1494.67,0.01,20.65,29305.42,1
2023-07-20,2023-07-20 14:40:00,1494.67,1494.78,1494.67,1494.78,0.01,20.65,29305.42,1
2023-07-20,2023-07-20 14:41:00,1494.78,1494.9,1494.78,1494.9,0.01,20.65,29305.42,1
2023-07-20,2023-07-20 14:42:00,1494.9,1495.02,1494.9,1495.02,0.01,20.65,29305.42,1
2023-07-20,2023-07-20 14:43:00,1495.02,1495.13,1495.02,1495.13,0.01,20.65,29305.42,1
2023-07-20,2023-07-20 14:44:00,1495.13,1495.25,1495.13,1495.25,0.01,20.65,29305.42,1
2023-07-20,2023-07-20 14:45:00,1495.25,1495.37,1495.25,1495.37,0.01,20.65,29305.42,1
2023-07-20,2023-07-20 14:46:00,1495.37,1495.48,1495.37,1495.48,0.01,20.65,29305.42,1
2023-07-20,2023-07-20 14:47:00,1495.48,1495.6,1495.48,1495.6,0.01,20.65,29305.42,1
2023-07-20,2023-07-20 14:48:00,1495.6,1495.72,1495.6,1495.72,0.01,20.65,29305.42,1
2023-07-20,2023-07-20 14:49:00,1495.72,1495.83,1495.72,1495.83,0.01,20.65,29305.42,1
2023-07-20,2023-07-20 14:50:00,1495.83,1495.95,1495.83,1495.95,0.01,20.65,29305.42,1
2023-07-20,2023-07-20 14:51:00,1495.95,1496.07,1495.95,1496.07,0.01,20.65,29305.42,1
2023-07-20,2023-07-20 14:52:00,1496.07,1496.18,1496.07,1496.18,0.01,20.65,29305.42,1
2023-07-20,2023-07-20 14:53:00,1496.18,1496.3,1496.18,1496.3,0.01,20.65,29305.42,1
2023-07-20,2023-07-20 14:54:00,1496.3,1496.42,1496.3,1496.42,0.01,20.65,29305.42,1
2023-07-20,2023-07-20 14:55:00,1496.42,1496.53,1496.42,1496.53,0.01,20.65,29305.42,1
2023-07-20,2023-07-20 14:56:00,1496.53,1496.65,1496.53,1496.65,0.01,20.65,29305.42,1
2023-07-20,2023-07-20 14:57:00,1496.65,1496.77,1496.65,1496.77,0.01,20.65,29305.42,1
2023-07-20,2023-07-20 14:58:00,1496.77,1496.88,1496.77,1496.88,0.01,20.65,29305.42,1
2023-07-20,2023-07-20 14:59:00,1496.88,1497.0,1496.88,1497.0,0.01,20.65,29305.42,1
2023-07-20,2023-07-20 15:00:00,1497.0,1498.2,1400.0,1497.0,0.0,20.65,29305.42,0
2023-07-23,2023-07-23 11:00:00,1468.0,1479.85,1456.93,1468.12,0.01,24.9,36555.25,1
2023-07-23,2023-07-23 11:01:00,1468.12,1468.25,1468.12,1468.25,0.01,24.9,36555.25,1
2023-07-23,2023-07-23 11:02:00,1468.25,1468.38,1468.25,1468.38,0.01,24.9,36555.25,1
2023-07-23,2023-07-23 11:03:00,1468.38,1468.5,1468.38,1468.5,0.01,24.9,36555.25,1
2023-07-23,2023-07-23 11:04:00,1468.5,1468.62,1468.5,1468.62,0.01,24.9,36555.25,1
2023-07-23,2023-07-23 11:05:00,1468.62,1468.75,1468.62,1468.75,0.01,24.9,36555.25,1
2023-07-23,2023-07-23 11:06:00,1468.75,1468.88,1468.75,1468.88,0.01,24.9,36555.25,1
2023-07-23,2023-07-23 11:07:00,1468.88,1469.0,1468.88,1469.0,0.01,24.9,36555.25,1
2023-07-23,2023-07-23 11:08:00,1469.0,1469.12,1469.0,1469.12,0.01,24.9,36555.25,1
2023-07-23,2023-07-23 11:09:00,1469.12,1469.25,1469.12,1469.25,0.01,24.9,36555.25,1
2023-07-23,2023-07-23 11:10:00,1469.25,1469.38,1469.25,1469.38,0.01,24.9,36555.25,1
2023-07-23,2023-07-23 11:11:00,1469.38,1469.5,1469.38,1469.5,0.01,24.9,36555.25,1
2023-07-23,2023-07-23 11:12:00,1469.5,1469.62,1469.5,1469.62,0.01,24.9,36555.25,1
2023-07-23,2023-07-23 11:13:00,1469.62,1469.75,1469.62,1469.75,0.01,24.9,36555.25,1
2023-07-23,2023-07-23 11:14:00,1469.75,1469.88,1469.75,1469.88,0.01,24.9,36555.25,1
2023-07-23,2023-07-23 11:15:00,1469.88,1470.0,1469.88,1470.0,0.01,24.9,36555.25,1
2023-07-23,2023-07-23 11:16:00,1470.0,1470.12,1470.0,1470.12,0.01,24.9,36555.25,1
2023-07-23,2023-07-23 11:17:00,1470.12,1470.25,1470.12,1470.25,0.01,24.9,36555.25,1
2023-07-23,2023-07-23 11:18:00,1470.25,1470.38,1470.25,1470.38,0.01,24.9,36555.25,1
2023-07-23,2023-07-23 11:19:00,1470.38,1470.5,1470.38,1470.5,0.01,24.9,36555.25,1
2023-07-23,2023-07-23 11:20:00,1470.5,1470.62,1470.5,1470.62,0.01,24.9,36555.25,1
2023-07-23,2023-07-23 11:21:00,1470.62,1470.75,1470.62,1470.75,0.01,24.9,36555.25,1
2023-07-23,2023-07-23 11:22:00,1470.75,1470.88,1470.75,1470.88,0.01,24.9,36555.25,1
2023-07-23,2023-07-23 11:23:00,1470.88,1471.0,1470.88,1471.0,0.01,24.9,36555.25,1
2023-07-23,2023-07-23 11:24:00,1471.0,1471.12,1471.0,1471.12,0.01,24.9,36555.25,1
2023-07-23,2023-07-23 11:25:00,1471.12,1471.25,1471.12,1471.25,0.01,24.9,36555.25,1
2023-07-23,2023-07-23 11:26:00,1471.25,1471.38,1471.25,1471.38,0.01,24.9,36555.25,1
2023-07-23,2023-07-23 11:27:00,1471.38,1471.5,1471.38,1471.5,0.01,24.9,36555.25,1
2023-07-23,2023-07-23 11:28:00,1471.5,1471.62,1471.5,1471.62,0.01,24.9,36555.25,1
2023-07-23,2023-07-23 11:29:00,1471.62,1471.75,1471.62,1471.75,0.01,24.9,36555.25,1
2023-07-23,2023-07-23 11:30:00,1471.75,1471.88,1471.75,1471.88,0.01,24.9,36555.25,1
2023-07-23,2023-07-23 11:31:00,1471.88,1472.0,1471.88,1472.0,0.01,24.9,36555.25,1
2023-07-23,2023-07-23 11:32:00,1472.0,1472.12,1472.0,1472.12,0.01,24.9,36555.25,1
2023-07-23,2023-07-23 11:33:00,1472.12,1472.25,1472.12,1472.25,0.01,24.9,36555.25,1
2023-07-23,2023-07-23 11:34:00,1472.25,1472.38,1472.25,1472.38,0.01,24.9,36555.25,1
2023-07-23,2023-07-23 11:35:00,1472.38,1472.5,1472.38,1472.5,0.01,24.9,36555.25,1
2023-07-23,2023-07-23 11:36:00,1472.5,1472.62,1472.5,1472.62,0.01,24.9,36555.25,1
2023-07-23,2023-07-23 11:37:00,1472.62,1472.75,1472.62,1472.75,0.01,24.9,36555.25,1
2023-07-23,2023-07-23 11:38:00,1472.75,1472.88,1472.75,1472.88,0.01,24.9,36555.25,1
2023-07-23,2023-07-23 11:39:00,1472.88,1473.0,1472.88,1473.0,0.01,24.9,36555.25,1
2023-07-23,2023-07-23 11:40:00,1473.0,1473.12,1473.0,1473.12,0.01,24.9,36555.25,1
2023-07-23,2023-07-23 11:41:00,1473.12,1473.25,1473.12,1473.25,0.01,24.9,36555.25,1
2023-07-23,2023-07-23 11:42:00,1473.25,1473.38,1473.25,1473.38,0.01,24.9,36555.25,1
2023-07-23,2023-07-23 11:43:00,1473.38,1473.5,1473.38,1473.5,0.01,24.9,36555.25,1
2023-07-23,2023-07-23 11:44:00,1473.5,1473.62,1473.5,1473.62,0.01,24.9,36555.25,1
2023-07-23,2023-07-23 11:45:00,1473.62,1473.75,1473.62,1473.75,0.01,24.9,36555.25,1
2023-07-23,2023-07-23 11:46:00,1473.75,1473.88,1473.75,1473.88,0.01,24.9,36555.25,1
2023-07-23,2023-07-23 11:47:00,1473.88,1474.0,1473.88,1474.0,0.01,24.9,36555.25,1
2023-07-23,2023-07-23 11:48:00,1474.0,1474.12,1474.0,1474.12,0.01,24.9,36555.25,1
2023-07-23,2023-07-23 11:49:00,1474.12,1474.25,1474.12,1474.25,0.01,24.9,36555.25,1
2023-07-23,2023-07-23 11:50:00,1474.25,1474.38,1474.25,1474.38,0.01,24.9,36555.25,1
2023-07-23,2023-07-23 11:51:00,1474.38,1474.5,1474.38,1474.5,0.01,24.9,36555.25,1
2023-07-23,2023-07-23 11:52:00,1474.5,1474.62,1474.5,1474.62,0.01,24.9,36555.25,1
2023-07-23,2023-07-23 11:53:00,1474.62,1474.75,1474.62,1474.75,0.01,24.9,36555.25,1
2023-07-23,2023-07-23 11:54:00,1474.75,1474.88,1474.75,1474.88,0.01,24.9,36555.25,1
2023-07-23,2023-07-23 11:55:00,1474.88,1475.0,1474.88,1475.0,0.01,24.9,36555.25,1
2023-07-23,2023-07-23 11:56:00,1475.0,1475.12,1475.0,1475.12,0.01,24.9,36555.25,1
2023-07-23,2023-07-23 11:57:00,1475.12,1475.25,1475.12,1475.25,0.01,24.9,36555.25,1
2023-07-23,2023-07-23 11:58:00,1475.25,1475.38,1475.25,1475.38,0.01,24.9,36555.25,1
2023-07-23,2023-07-23 11:59:00,1475.38,1475.5,1475.38,1475.5,0.01,24.9,36555.25,1
2023-07-23,2023-07-23 12:00:00,1475.5,1475.62,1475.5,1475.62,0.01,24.9,36555.25,1
2023-07-23,2023-07-23 12:01:00,1475.62,1475.75,1475.62,1475.75,0.01,24.9,36555.25,1
2023-07-23,2023-07-23 12:02:00,1475.75,1475.88,1475.75,1475.88,0.01,24.9,36555.25,1
2023-07-23,2023-07-23 12:03:00,1475.88,1476.0,1475.88,1476.0,0.01,24.9,36555.25,1
2023-07-23,2023-07-23 12:04:00,1476.0,1476.12,1476.0,1476.12,0.01,24.9,36555.25,1
2023-07-23,2023-07-23 12:05:00,1476.12,1476.25,1476.12,1476.25,0.01,24.9,36555.25,1
2023-07-23,2023-07-23 12:06:00,1476.25,1476.38,1476.25,1476.38,0.01,24.9,36555.25,1
2023-07-23,2023-07-23 12:07:00,1476.38,1476.5,1476.38,1476.5,0.01,24.9,36555.25,1
2023-07-23,2023-07-23 12:08:00,1476.5,1476.62,1476.5,1476.62,0.01,24.9,36555.25,1
2023-07-23,2023-07-23 12:09:00,1476.62,1476.75,1476.62,1476.75,0.01,24.9,36555.25,1
2023-07-23,2023-07-23 12:10:00,1476.75,1476.88,1476.75,1476.88,0.01,24.9,36555.25,1
2023-07-23,2023-07-23 12:11:00,1476.88,1477.0,1476.88,1477.0,0.01,24.9,36555.25,1
2023-07-23,2023-07-23 12:12:00,1477.0,1477.12,1477.0,1477.12,0.01,24.9,36555.25,1
2023-07-23,2023-07-23 12:13:00,1477.12,1477.25,1477.12,1477.25,0.01,24.9,36555.25,1
2023-07-23,2023-07-23 12:14:00,1477.25,1477.38,1477.25,1477.38,0.01,24.9,36555.25,1
2023-07-23,2023-07-23 12:15:00,1477.38,1477.5,1477.38,1477.5,0.01,24.9,36555.25,1
2023-07-23,2023-07-23 12:16:00,1477.5,1477.62,1477.5,1477.62,0.01,24.9,36555.25,1
2023-07-23,2023-07-23 12:17:00,1477.62,1477.75,1477.62,1477.75,0.01,24.9,36555.25,1
2023-07-23,2023-07-23 12:18:00,1477.75,1477.88,1477.75,1477.88,0.01,24.9,36555.25,1
2023-07-23,2023-07-23 12:19:00,1477.88,1478.0,1477.88,1478.0,0.01,24.9,36555.25,1
2023-07-23,2023-07-23 12:20:00,1478.0,1478.12,1478.0,1478.12,0.01,24.9,36555.25,1
2023-07-23,2023-07-23 12:21:00,1478.12,1478.25,1478.12,1478.25,0.01,24.9,36555.25,1
2023-07-23,2023-07-23 12:22:00,1478.25,1478.38,1478.25,1478.38,0.01,24.9,36555.25,1
2023-07-23,2023-07-23 12:23:00,1478.38,1478.5,1478.38,1478.5,0.01,24.9,36555.25,1
2023-07-23,2023-07-23 12:24:00,1478.5,1478.62,1478.5,1478.62,0.01,24.9,36555.25,1
2023-07-23,2023-07-23 12:25:00,1478.62,1478.75,1478.62,1478.75,0.01,24.9,36555.25,1
2023-07-23,2023-07-23 12:26:00,1478.75,1478.88,1478.75,1478.88,0.01,24.9,36555.25,1
2023-07-23,2023-07-23 12:27:00,1478.88,1479.0,1478.88,1479.0,0.01,24.9,36555.25,1
2023-07-23,2023-07-23 12:28:00,1479.0,1479.12,1479.0,1479.12,0.01,24.9,36555.25,1
2023-07-23,2023-07-23 12:29:00,1479.12,1479.25,1479.12,1479.25,0.01,24.9,36555.25,1
2023-07-23,2023-07-23 12:30:00,1479.25,1479.38,1479.25,1479.38,0.01,24.9,36555.25,1
2023-07-23,2023-07-23 12:31:00,1479.38,1479.5,1479.38,1479.5,0.01,24.9,36555.25,1
2023-07-23,2023-07-23 12:32:00,1479.5,1479.62,1479.5,1479.62,0.01,24.9,36555.25,1
2023-07-23,2023-07-23 12:33:00,1479.62,1479.75,1479.62,1479.75,0.01,24.9,36555.25,1
2023-07-23,2023-07-23 12:34:00,1479.75,1479.88,1479.75,1479.88,0.01,24.9,36555.25,1
2023-07-23,2023-07-23 12:35:00,1479.88,1480.0,1479.88,1480.0,0.01,24.9,36555.25,1
2023-07-23,2023-07-23 12:36:00,1480.0,1480.12,1480.0,1480.12,0.01,24.9,36555.25,1
2023-07-23,2023-07-23 12:37:00,1480.12,1480.25,1480.12,1480.25,0.01,24.9,36555.25,1
2023-07-23,2023-07-23 12:38:00,1480.25,1480.38,1480.25,1480.38,0.01,24.9,36555.25,1
2023-07-23,2023-07-23 12:39:00,1480.38,1480.5,1480.38,1480.5,0.01,24.9,36555.25,1
2023-07-23,2023-07-23 12:40:00,1480.5,1480.62,1480.5,1480.62,0.01,24.9,36555.25,1
2023-07-23,2023-07-23 12:41:00,1480.62,1480.75,1480.62,1480.75,0.01,24.9,36555.25,1
2023-07-23,2023-07-23 12:42:00,1480.75,1480.88,1480.75,1480.88,0.01,24.9,36555.25,1
2023-07-23,2023-07-23 12:43:00,1480.88,1481.0,1480.88,1481.0,0.01,24.9,36555.25,1
2023-07-23,2023-07-23 12:44:00,1481.0,1481.12,1481.0,1481.12,0.01,24.9,36555.25,1
2023-07-23,2023-07-23 12:45:00,1481.12,1481.25,1481.12,1481.25,0.01,24.9,36555.25,1
2023-07-23,2023-07-23 12:46:00,1481.25,1481.38,1481.25,1481.38,0.01,24.9,36555.25,1
2023-07-23,2023-07-23 12:47:00,1481.38,1481.5,1481.38,1481.5,0.01,24.9,36555.25,1
2023-07-23,2023-07-23 12:48:00,1481.5,1481.62,1481.5,1481.62,0.01,24.9,36555.25,1
2023-07-23,2023-07-23 12:49:00,1481.62,1481.75,1481.62,1481.75,0.01,24.9,36555.25,1
2023-07-23,2023-07-23 12:50:00,1481.75,1481.88,1481.75,1481.88,0.01,24.9,36555.25,1
2023-07-23,2023-07-23 12:51:00,1481.88,1482.0,1481.88,1482.0,0.01,24.9,36555.25,1
2023-07-23,2023-07-23 12:52:00,1482.0,1482.12,1482.0,1482.12,0.01,24.9,36555.25,1
2023-07-23,2023-07-23 12:53:00,1482.12,1482.25,1482.12,1482.25,0.01,24.9,36555.25,1
2023-07-23,2023-07-23 12:54:00,1482.25,1482.38,1482.25,1482.38,0.01,24.9,36555.25,1
2023-07-23,2023-07-23 12:55:00,1482.38,1482.5,1482.38,1482.5,0.01,24.9,36555.25,1
2023-07-23,2023-07-23 12:56:00,1482.5,1482.62,1482.5,1482.62,0.01,24.9,36555.25,1
2023-07-23,2023-07-23 12:57:00,1482.62,1482.75,1482.62,1482.75,0.01,24.9,36555.25,1
2023-07-23,2023-07-23 12:58:00,1482.75,1482.88,1482.75,1482.88,0.01,24.9,36555.25,1
2023-07-23,2023-07-23 12:59:00,1482.88,1483.0,1482.88,1483.0,0.01,24.9,36555.25,1
2023-07-23,2023-07-23 13:00:00,1483.0,1507.5,1431.1,1483.12,0.01,24.9,36555.25,1
2023-07-23,2023-07-23 13:01:00,1483.12,1483.25,1483.12,1483.25,0.01,24.9,36555.25,1
2023-07-23,2023-07-23 13:02:00,1483.25,1483.38,1483.25,1483.38,0.01,24.9,36555.25,1
2023-07-23,2023-07-23 13:03:00,1483.38,1483.5,1483.38,1483.5,0.01,24.9,36555.25,1
2023-07-23,2023-07-23 13:04:00,1483.5,1483.62,1483.5,1483.62,0.01,24.9,36555.25,1
2023-07-23,2023-07-23 13:05:00,1483.62,1483.75,1483.62,1483.75,0.01,24.9,36555.25,1
2023-07-23,2023-07-23 13:06:00,1483.75,1483.88,1483.75,1483.88,0.01,24.9,36555.25,1
2023-07-23,2023-07-23 13:07:00,1483.88,1484.0,1483.88,1484.0,0.01,24.9,36555.25,1
2023-07-23,2023-07-23 13:08:00,1484.0,1484.12,1484.0,1484.12,0.01,24.9,36555.25,1
2023-07-23,2023-07-23 13:09:00,1484.12,1484.25,1484.12,1484.25,0.01,24.9,36555.25,1
2023-07-23,2023-07-23 13:10:00,1484.25,1484.38,1484.25,1484.38,0.01,24.9,36555.25,1
2023-07-23,2023-07-23 13:11:00,1484.38,1484.5,1484.38,1484.5,0.01,24.9,36555.25,1
2023-07-23,2023-07-23 13:12:00,1484.5,1484.62,1484.5,1484.62,0.01,24.9,36555.25,1
2023-07-23,2023-07-23 13:13:00,1484.62,1484.75,1484.62,1484.75,0.01,24.9,36555.25,1
2023-07-23,2023-07-23 13:14:00,1484.75,1484.88,1484.75,1484.88,0.01,24.9,36555.25,1
2023-07-23,2023-07-23 13:15:00,1484.88,1485.0,1484.88,1485.0,0.01,24.9,36555.25,1
2023-07-23,2023-07-23 13:16:00,1485.0,1485.12,1485.0,1485.12,0.01,24.9,36555.25,1
2023-07-23,2023-07-23 13:17:00,1485.12,1485.25,1485.12,1485.25,0.01,24.9,36555.25,1
2023-07-23,2023-07-23 13:18:00,1485.25,1485.38,1485.25,1485.38,0.01,24.9,36555.25,1
2023-07-23,2023-07-23 13:19:00,1485.38,1485.5,1485.38,1485.5,0.01,24.9,36555.25,1
2023-07-23,2023-07-23 13:20:00,1485.5,1485.62,1485.5,1485.62,0.01,24.9,36555.25,1
2023-07-23,2023-07-23 13:21:00,1485.62,1485.75,1485.62,1485.75,0.01,24.9,36555.25,1
2023-07-23,2023-07-23 13:22:00,1485.75,1485.88,1485.75,1485.88,0.01,24.9,36555.25,1
2023-07-23,2023-07-23 13:23:00,1485.88,1486.0,1485.88,1486.0,0.01,24.9,36555.25,1
2023-07-23,2023-07-23 13:24:00,1486.0,1486.12,1486.0,1486.12,0.01,24.9,36555.25,1
2023-07-23,2023-07-23 13:25:00,1486.12,1486.25,1486.12,1486.25,0.01,24.9,36555.25,1
2023-07-23,2023-07-23 13:26:00,1486.25,1486.38,1486.25,1486.38,0.01,24.9,36555.25,1
2023-07-23,2023-07-23 13:27:00,1486.38,1486.5,1486.38,1486.5,0.01,24.9,36555.25,1
2023-07-23,2023-07-23 13:28:00,1486.5,1486.62,1486.5,1486.62,0.01,24.9,36555.25,1
2023-07-23,2023-07-23 13:29:00,1486.62,1486.75,1486.62,1486.75,0.01,24.9,36555.25,1
2023-07-23,2023-07-23 13:30:00,1486.75,1486.88,1486.75,1486.88,0.01,24.9,36555.25,1
2023-07-23,2023-07-23 13:31:00,1486.88,1487.0,1486.88,1487.0,0.01,24.9,36555.25,1
2023-07-23,2023-07-23 13:32:00,1487.0,1487.12,1487.0,1487.12,0.01,24.9,36555.25,1
2023-07-23,2023-07-23 13:33:00,1487.12,1487.25,1487.12,1487.25,0.01,24.9,36555.25,1
2023-07-23,2023-07-23 13:34:00,1487.25,1487.38,1487.25,1487.38,0.01,24.9,36555.25,1
2023-07-23,2023-07-23 13:35:00,1487.38,1487.5,1487.38,1487.5,0.01,24.9,36555.25,1
2023-07-23,2023-07-23 13:36:00,1487.5,1487.62,1487.5,1487.62,0.01,24.9,36555.25,1
2023-07-23,2023-07-23 13:37:00,1487.62,1487.75,1487.62,1487.75,0.01,24.9,36555.25,1
2023-07-23,2023-07-23 13:38:00,1487.75,1487.88,1487.75,1487.88,0.01,24.9,36555.25,1
2023-07-23,2023-07-23 13:39:00,1487.88,1488.0,1487.88,1488.0,0.01,24.9,36555.25,1
2023-07-23,2023-07-23 13:40:00,1488.0,1488.12,1488.0,1488.12,0.01,24.9,36555.25,1
2023-07-23,2023-07-23 13:41:00,1488.12,1488.25,1488.12,1488.25,0.01,24.9,36555.25,1
2023-07-23,2023-07-23 13:42:00,1488.25,1488.38,1488.25,1488.38,0.01,24.9,36555.25,1
2023-07-23,2023-07-23 13:43:00,1488.38,1488.5,1488.38,1488.5,0.01,24.9,36555.25,1
2023-07-23,2023-07-23 13:44:00,1488.5,1488.62,1488.5,1488.62,0.01,24.9,36555.25,1
2023-07-23,2023-07-23 13:45:00,1488.62,1488.75,1488.62,1488.75,0.01,24.9,36555.25,1
2023-07-23,2023-07-23 13:46:00,1488.75,1488.88,1488.75,1488.88,0.01,24.9,36555.25,1
2023-07-23,2023-07-23 13:47:00,1488.88,1489.0,1488.88,1489.0,0.01,24.9,36555.25,1
2023-07-23,2023-07-23 13:48:00,1489.0,1489.12,1489.0,1489.12,0.01,24.9,36555.25,1
2023-07-23,2023-07-23 13:49:00,1489.12,1489.25,1489.12,1489.25,0.01,24.9,36555.25,1
2023-07-23,2023-07-23 13:50:00,1489.25,1489.38,1489.25,1489.38,0.01,24.9,36555.25,1
2023-07-23,2023-07-23 13:51:00,1489.38,1489.5,1489.38,1489.5,0.01,24.9,36555.25,1
2023-07-23,2023-07-23 13:52:00,1489.5,1489.62,1489.5,1489.62,0.01,24.9,36555.25,1
2023-07-23,2023-07-23 13:53:00,1489.62,1489.75,1489.62,1489.75,0.01,24.9,36555.25,1
2023-07-23,2023-07-23 13:54:00,1489.75,1489.88,1489.75,1489.88,0.01,24.9,36555.25,1
2023-07-23,2023-07-23 13:55:00,1489.88,1490.0,1489.88,1490.0,0.01,24.9,36555.25,1
2023-07-23,2023-07-23 13:56:00,1490.0,1490.12,1490.0,1490.12,0.01,24.9,36555.25,1
2023-07-23,2023-07-23 13:57:00,1490.12,1490.25,1490.12,1490.25,0.01,24.9,36555.25,1
2023-07-23,2023-07-23 13:58:00,1490.25,1490.38,1490.25,1490.38,0.01,24.9,36555.25,1
2023-07-23,2023-07-23 13:59:00,1490.38,1490.5,1490.38,1490.5,0.01,24.9,36555.25,1
2023-07-23,2023-07-23 14:00:00,1490.5,1490.62,1490.5,1490.62,0.01,24.9,36555.25,1
2023-07-23,2023-07-23 14:01:00,1490.62,1490.75,1490.62,1490.75,0.01,24.9,36555.25,1
2023-07-23,2023-07-23 14:02:00,1490.75,1490.88,1490.75,1490.88,0.01,24.9,36555.25,1
2023-07-23,2023-07-23 14:03:00,1490.88,1491.0,1490.88,1491.0,0.01,24.9,36555.25,1
2023-07-23,2023-07-23 14:04:00,1491.0,1491.12,1491.0,1491.12,0.01,24.9,36555.25,1
2023-07-23,2023-07-23 14:05:00,1491.12,1491.25,1491.12,1491.25,0.01,24.9,36555.25,1
2023-07-23,2023-07-23 14:06:00,1491.25,1491.38,1491.25,1491.38,0.01,24.9,36555.25,1
2023-07-23,2023-07-23 14:07:00,1491.38,1491.5,1491.38,1491.5,0.01,24.9,36555.25,1
2023-07-23,2023-07-23 14:08:00,1491.5,1491.62,1491.5,1491.62,0.01,24.9,36555.25,1
2023-07-23,2023-07-23 14:09:00,1491.62,1491.75,1491.62,1491.75,0.01,24.9,36555.25,1
2023-07-23,2023-07-23 14:10:00,1491.75,1491.88,1491.75,1491.88,0.01,24.9,36555.25,1
2023-07-23,2023-07-23 14:11:00,1491.88,1492.0,1491.88,1492.0,0.01,24.9,36555.25,1
2023-07-23,2023-07-23 14:12:00,1492.0,1492.12,1492.0,1492.12,0.01,24.9,36555.25,1
2023-07-23,2023-07-23 14:13:00,1492.12,1492.25,1492.12,1492.25,0.01,24.9,36555.25,1
2023-07-23,2023-07-23 14:14:00,1492.25,1492.38,1492.25,1492.38,0.01,24.9,36555.25,1
2023-07-23,2023-07-23 14:15:00,1492.38,1492.5,1492.38,1492.5,0.01,24.9,36555.25,1
2023-07-23,2023-07-23 14:16:00,1492.5,1492.62,1492.5,1492.62,0.01,24.9,36555.25,1
2023-07-23,2023-07-23 14:17:00,1492.62,1492.75,1492.62,1492.75,0.01,24.9,36555.25,1
2023-07-23,2023-07-23 14:18:00,1492.75,1492.88,1492.75,1492.88,0.01,24.9,36555.25,1
2023-07-23,2023-07-23 14:19:00,1492.88,1493.0,1492.88,1493.0,0.01,24.9,36555.25,1
2023-07-23,2023-07-23 14:20:00,1493.0,1493.12,1493.0,1493.12,0.01,24.9,36555.25,1
2023-07-23,2023-07-23 14:21:00,1493.12,1493.25,1493.12,1493.25,0.01,24.9,36555.25,1
2023-07-23,2023-07-23 14:22:00,1493.25,1493.38,1493.25,1493.38,0.01,24.9,36555.25,1
2023-07-23,2023-07-23 14:23:00,1493.38,1493.5,1493.38,1493.5,0.01,24.9,36555.25,1
2023-07-23,2023-07-23 14:24:00,1493.5,1493.62,1493.5,1493.62,0.01,24.9,36555.25,1
2023-07-23,2023-07-23 14:25:00,1493.62,1493.75,1493.62,1493.75,0.01,24.9,36555.25,1
2023-07-23,2023-07-23 14:26:00,1493.75,1493.88,1493.75,1493.88,0.01,24.9,36555.25,1
2023-07-23,2023-07-23 14:27:00,1493.88,1494.0,1493.88,1494.0,0.01,24.9,36555.25,1
2023-07-23,2023-07-23 14:28:00,1494.0,1494.12,1494.0,1494.12,0.01,24.9,36555.25,1
2023-07-23,2023-07-23 14:29:00,1494.12,1494.25,1494.12,1494.25,0.01,24.9,36555.25,1
2023-07-23,2023-07-23 14:30:00,1494.25,1494.38,1494.25,1494.38,0.01,24.9,36555.25,1
2023-07-23,2023-07-23 14:31:00,1494.38,1494.5,1494.38,1494.5,0.01,24.9,36555.25,1
2023-07-23,2023-07-23 14:32:00,1494.5,1494.62,1494.5,1494.62,0.01,24.9,36555.25,1
2023-07-23,2023-07-23 14:33:00,1494.62,1494.75,1494.62,1494.75,0.01,24.9,36555.25,1
2023-07-23,2023-07-23 14:34:00,1494.75,1494.88,1494.75,1494.88,0.01,24.9,36555.25,1
2023-07-23,2023-07-23 14:35:00,1494.88,1495.0,1494.88,1495.0,0.01,24.9,36555.25,1
2023-07-23,2023-07-23 14:36:00,1495.0,1495.12,1495.0,1495.12,0.01,24.9,36555.25,1
2023-07-23,2023-07-23 14:37:00,1495.12,1495.25,1495.12,1495.25,0.01,24.9,36555.25,1
2023-07-23,2023-07-23 14:38:00,1495.25,1495.38,1495.25,1495.38,0.01,24.9,36555.25,1
2023-07-23,2023-07-23 14:39:00,1495.38,1495.5,1495.38,1495.5,0.01,24.9,36555.25,1
2023-07-23,2023-07-23 14:40:00,1495.5,1495.62,1495.5,1495.62,0.01,24.9,36555.25,1
2023-07-23,2023-07-23 14:41:00,1495.62,1495.75,1495.62,1495.75,0.01,24.9,36555.25,1
2023-07-23,2023-07-23 14:42:00,1495.75,1495.88,1495.75,1495.88,0.01,24.9,36555.25,1
2023-07-23,2023-07-23 14:43:00,1495.88,1496.0,1495.88,1496.0,0.01,24.9,36555.25,1
2023-07-23,2023-07-23 14:44:00,1496.0,1496.12,1496.0,1496.12,0.01,24.9,36555.25,1
2023-07-23,2023-07-23 14:45:00,1496.12,1496.25,1496.12,1496.25,0.01,24.9,36555.25,1
2023-07-23,2023-07-23 14:46:00,1496.25,1496.38,1496.25,1496.38,0.01,24.9,36555.25,1
2023-07-23,2023-07-23 14:47:00,1496.38,1496.5,1496.38,1496.5,0.01,24.9,36555.25,1
2023-07-23,2023-07-23 14:48:00,1496.5,1496.62,1496.5,1496.62,0.01,24.9,36555.25,1
2023-07-23,2023-07-23 14:49:00,1496.62,1496.75,1496.62,1496.75,0.01,24.9,36555.25,1
2023-07-23,2023-07-23 14:50:00,1496.75,1496.88,1496.75,1496.88,0.01,24.9,36555.25,1
2023-07-23,2023-07-23 14:51:00,1496.88,1497.0,1496.88,1497.0,0.01,24.9,36555.25,1
2023-07-23,2023-07-23 14:52:00,1497.0,1497.12,1497.0,1497.12,0.01,24.9,36555.25,1
2023-07-23,2023-07-23 14:53:00,1497.12,1497.25,1497.12,1497.25,0.01,24.9,36555.25,1
2023-07-23,2023-07-23 14:54:00,1497.25,1497.38,1497.25,1497.38,0.01,24.9,36555.25,1
2023-07-23,2023-07-23 14:55:00,1497.38,1497.5,1497.38,1497.5,0.01,24.9,36555.25,1
2023-07-23,2023-07-23 14:56:00,1497.5,1497.62,1497.5,1497.62,0.01,24.9,36555.25,1
2023-07-23,2023-07-23 14:57:00,1497.62,1497.75,1497.62,1497.75,0.01,24.9,36555.25,1
2023-07-23,2023-07-23 14:58:00,1497.75,1497.88,1497.75,1497.88,0.01,24.9,36555.25,1
2023-07-23,2023-07-23 14:59:00,1497.88,1498.0,1497.88,1498.0,0.01,24.9,36555.25,1
2023-07-23,2023-07-23 15:00:00,1498.0,1507.5,1431.1,1498.0,0.0,24.9,36555.25,0
2023-07-24,2023-07-24 11:00:00,1527.9,1527.9,1495.83,1527.58,-0.02,20.67,29784.64,-1
2023-07-24,2023-07-24 11:01:00,1527.58,1527.58,1527.25,1527.25,-0.02,20.67,29784.64,-1
2023-07-24,2023-07-24 11:02:00,1527.25,1527.25,1526.93,1526.93,-0.02,20.67,29784.64,-1
2023-07-24,2023-07-24 11:03:00,1526.93,1526.93,1526.6,1526.6,-0.02,20.67,29784.64,-1
2023-07-24,2023-07-24 11:04:00,1526.6,1526.6,1526.28,1526.28,-0.02,20.67,29784.64,-1
2023-07-24,2023-07-24 11:05:00,1526.28,1526.28,1525.95,1525.95,-0.02,20.67,29784.64,-1
2023-07-24,2023-07-24 11:06:00,1525.95,1525.95,1525.63,1525.63,-0.02,20.67,29784.64,-1
2023-07-24,2023-07-24 11:07:00,1525.63,1525.63,1525.3,1525.3,-0.02,20.67,29784.64,-1
2023-07-24,2023-07-24 11:08:00,1525.3,1525.3,1524.98,1524.98,-0.02,20.67,29784.64,-1
2023-07-24,2023-07-24 11:09:00,1524.98,1524.98,1524.65,1524.65,-0.02,20.67,29784.64,-1
2023-07-24,2023-07-24 11:10:00,1524.65,1524.65,1524.33,1524.33,-0.02,20.67,29784.64,-1
2023-07-24,2023-07-24 11:11:00,1524.33,1524.33,1524.01,1524.01,-0.02,20.67,29784.64,-1
2023-07-24,2023-07-24 11:12:00,1524.01,1524.01,1523.68,1523.68,-0.02,20.67,29784.64,-1
2023-07-24,2023-07-24 11:13:00,1523.68,1523.68,1523.36,1523.36,-0.02,20.67,29784.64,-1
2023-07-24,2023-07-24 11:14:00,1523.36,1523.36,1523.03,1523.03,-0.02,20.67,29784.64,-1
2023-07-24,2023-07-24 11:15:00,1523.03,1523.03,1522.71,1522.71,-0.02,20.67,29784.64,-1
2023-07-24,2023-07-24 11:16:00,1522.71,1522.71,1522.38,1522.38,-0.02,20.67,29784.64,-1
2023-07-24,2023-07-24 11:17:00,1522.38,1522.38,1522.06,1522.06,-0.02,20.67,29784.64,-1
2023-07-24,2023-07-24 11:18:00,1522.06,1522.06,1521.73,1521.73,-0.02,20.67,29784.64,-1
2023-07-24,2023-07-24 11:19:00,1521.73,1521.73,1521.41,1521.41,-0.02,20.67,29784.64,-1
2023-07-24,2023-07-24 11:20:00,1521.41,1521.41,1521.08,1521.08,-0.02,20.67,29784.64,-1
2023-07-24,2023-07-24 11:21:00,1521.08,1521.08,1520.76,1520.76,-0.02,20.67,29784.64,-1
2023-07-24,2023-07-24 11:22:00,1520.76,1520.76,1520.43,1520.43,-0.02,20.67,29784.64,-1
2023-07-24,2023-07-24 11:23:00,1520.43,1520.43,1520.11,1520.11,-0.02,20.67,29784.64,-1
2023-07-24,2023-07-24 11:24:00,1520.11,1520.11,1519.79,1519.79,-0.02,20.67,29784.64,-1
2023-07-24,2023-07-24 11:25:00,1519.79,1519.79,1519.46,1519.46,-0.02,20.67,29784.64,-1
2023-07-24,2023-07-24 11:26:00,1519.46,1519.46,1519.14,1519.14,-0.02,20.67,29784.64,-1
2023-07-24,2023-07-24 11:27:00,1519.14,1519.14,1518.81,1518.81,-0.02,20.67,29784.64,-1
2023-07-24,2023-07-24 11:28:00,1518.81,1518.81,1518.49,1518.49,-0.02,20.67,29784.64,-1
2023-07-24,2023-07-24 11:29:00,1518.49,1518.49,1518.16,1518.16,-0.02,20.67,29784.64,-1
2023-07-24,2023-07-24 11:30:00,1518.16,1518.16,1517.84,1517.84,-0.02,20.67,29784.64,-1
2023-07-24,2023-07-24 11:31:00,1517.84,1517.84,1517.51,1517.51,-0.02,20.67,29784.64,-1
2023-07-24,2023-07-24 11:32:00,1517.51,1517.51,1517.19,1517.19,-0.02,20.67,29784.64,-1
2023-07-24,2023-07-24 11:33:00,1517.19,1517.19,1516.86,1516.86,-0.02,20.67,29784.64,-1
2023-07-24,2023-07-24 11:34:00,1516.86,1516.86,1516.54,1516.54,-0.02,20.67,29784.64,-1
2023-07-24,2023-07-24 11:35:00,1516.54,1516.54,1516.22,1516.22,-0.02,20.67,29784.64,-1
2023-07-24,2023-07-24 11:36:00,1516.22,1516.22,1515.89,1515.89,-0.02,20.67,29784.64,-1
2023-07-24,2023-07-24 11:37:00,1515.89,1515.89,1515.57,1515.57,-0.02,20.67,29784.64,-1
2023-07-24,2023-07-24 11:38:00,1515.57,1515.57,1515.24,1515.24,-0.02,20.67,29784.64,-1
2023-07-24,2023-07-24 11:39:00,1515.24,1515.24,1514.92,1514.92,-0.02,20.67,29784.64,-1
2023-07-24,2023-07-24 11:40:00,1514.92,1514.92,1514.59,1514.59,-0.02,20.67,29784.64,-1
2023-07-24,2023-07-24 11:41:00,1514.59,1514.59,1514.27,1514.27,-0.02,20.67,29784.64,-1
2023-07-24,2023-07-24 11:42:00,1514.27,1514.27,1513.94,1513.94,-0.02,20.67,29784.64,-1
2023-07-24,2023-07-24 11:43:00,1513.94,1513.94,1513.62,1513.62,-0.02,20.67,29784.64,-1
2023-07-24,2023-07-24 11:44:00,1513.62,1513.62,1513.29,1513.29,-0.02,20.67,29784.64,-1
2023-07-24,2023-07-24 11:45:00,1513.29,1513.29,1512.97,1512.97,-0.02,20.67,29784.64,-1
2023-07-24,2023-07-24 11:46:00,1512.97,1512.97,1512.64,1512.64,-0.02,20.67,29784.64,-1
2023-07-24,2023-07-24 11:47:00,1512.64,1512.64,1512.32,1512.32,-0.02,20.67,29784.64,-1
2023-07-24,2023-07-24 11:48:00,1512.32,1512.32,1512.0,1512.0,-0.02,20.67,29784.64,-1
2023-07-24,2023-07-24 11:49:00,1512.0,1512.0,1511.67,1511.67,-0.02,20.67,29784.64,-1
2023-07-24,2023-07-24 11:50:00,1511.67,1511.67,1511.35,1511.35,-0.02,20.67,29784.64,-1
2023-07-24,2023-07-24 11:51:00,1511.35,1511.35,1511.02,1511.02,-0.02,20.67,29784.64,-1
2023-07-24,2023-07-24 11:52:00,1511.02,1511.02,1510.7,1510.7,-0.02,20.67,29784.64,-1
2023-07-24,2023-07-24 11:53:00,1510.7,1510.7,1510.37,1510.37,-0.02,20.67,29784.64,-1
2023-07-24,2023-07-24 11:54:00,1510.37,1510.37,1510.05,1510.05,-0.02,20.67,29784.64,-1
2023-07-24,2023-07-24 11:55:00,1510.05,1510.05,1509.72,1509.72,-0.02,20.67,29784.64,-1
2023-07-24,2023-07-24 11:56:00,1509.72,1509.72,1509.4,1509.4,-0.02,20.67,29784.64,-1
2023-07-24,2023-07-24 11:57:00,1509.4,1509.4,1509.07,1509.07,-0.02,20.67,29784.64,-1
2023-07-24,2023-07-24 11:58:00,1509.07,1509.07,1508.75,1508.75,-0.02,20.67,29784.64,-1
2023-07-24,2023-07-24 11:59:00,1508.75,1508.75,1508.43,1508.43,-0.02,20.67,29784.64,-1
2023-07-24,2023-07-24 12:00:00,1508.43,1508.43,1508.1,1508.1,-0.02,20.67,29784.64,-1
2023-07-24,2023-07-24 12:01:00,1508.1,1508.1,1507.78,1507.78,-0.02,20.67,29784.64,-1
2023-07-24,2023-07-24 12:02:00,1507.78,1507.78,1507.45,1507.45,-0.02,20.67,29784.64,-1
2023-07-24,2023-07-24 12:03:00,1507.45,1507.45,1507.13,1507.13,-0.02,20.67,29784.64,-1
2023-07-24,2023-07-24 12:04:00,1507.13,1507.13,1506.8,1506.8,-0.02,20.67,29784.64,-1
2023-07-24,2023-07-24 12:05:00,1506.8,1506.8,1506.48,1506.48,-0.02,20.67,29784.64,-1
2023-07-24,2023-07-24 12:06:00,1506.48,1506.48,1506.15,1506.15,-0.02,20.67,29784.64,-1
2023-07-24,2023-07-24 12:07:00,1506.15,1506.15,1505.83,1505.83,-0.02,20.67,29784.64,-1
2023-07-24,2023-07-24 12:08:00,1505.83,1505.83,1505.5,1505.5,-0.02,20.67,29784.64,-1
2023-07-24,2023-07-24 12:09:00,1505.5,1505.5,1505.18,1505.18,-0.02,20.67,29784.64,-1
2023-07-24,2023-07-24 12:10:00,1505.18,1505.18,1504.85,1504.85,-0.02,20.67,29784.64,-1
2023-07-24,2023-07-24 12:11:00,1504.85,1504.85,1504.53,1504.53,-0.02,20.67,29784.64,-1
2023-07-24,2023-07-24 12:12:00,1504.53,1504.53,1504.21,1504.21,-0.02,20.67,29784.64,-1
2023-07-24,2023-07-24 12:13:00,1504.21,1504.21,1503.88,1503.88,-0.02,20.67,29784.64,-1
2023-07-24,2023-07-24 12:14:00,1503.88,1503.88,1503.56,1503.56,-0.02,20.67,29784.64,-1
2023-07-24,2023-07-24 12:15:00,1503.56,1503.56,1503.23,1503.23,-0.02,20.67,29784.64,-1
2023-07-24,2023-07-24 12:16:00,1503.23,1503.23,1502.91,1502.91,-0.02,20.67,29784.64,-1
2023-07-24,2023-07-24 12:17:00,1502.91,1502.91,1502.58,1502.58,-0.02,20.67,29784.64,-1
2023-07-24,2023-07-24 12:18:00,1502.58,1502.58,1502.26,1502.26,-0.02,20.67,29784.64,-1
2023-07-24,2023-07-24 12:19:00,1502.26,1502.26,1501.93,1501.93,-0.02,20.67,29784.64,-1
2023-07-24,2023-07-24 12:20:00,1501.93,1501.93,1501.61,1501.61,-0.02,20.67,29784.64,-1
2023-07-24,2023-07-24 12:21:00,1501.61,1501.61,1501.28,1501.28,-0.02,20.67,29784.64,-1
2023-07-24,2023-07-24 12:22:00,1501.28,1501.28,1500.96,1500.96,-0.02,20.67,29784.64,-1
2023-07-24,2023-07-24 12:23:00,1500.96,1500.96,1500.63,1500.63,-0.02,20.67,29784.64,-1
2023-07-24,2023-07-24 12:24:00,1500.63,1500.63,1500.31,1500.31,-0.02,20.67,29784.64,-1
2023-07-24,2023-07-24 12:25:00,1500.31,1500.31,1499.99,1499.99,-0.02,20.67,29784.64,-1
2023-07-24,2023-07-24 12:26:00,1499.99,1499.99,1499.66,1499.66,-0.02,20.67,29784.64,-1
2023-07-24,2023-07-24 12:27:00,1499.66,1499.66,1499.34,1499.34,-0.02,20.67,29784.64,-1
2023-07-24,2023-07-24 12:28:00,1499.34,1499.34,1499.01,1499.01,-0.02,20.67,29784.64,-1
2023-07-24,2023-07-24 12:29:00,1499.01,1499.01,1498.69,1498.69,-0.02,20.67,29784.64,-1
2023-07-24,2023-07-24 12:30:00,1498.69,1498.69,1498.36,1498.36,-0.02,20.67,29784.64,-1
2023-07-24,2023-07-24 12:31:00,1498.36,1498.36,1498.04,1498.04,-0.02,20.67,29784.64,-1
2023-07-24,2023-07-24 12:32:00,1498.04,1498.04,1497.71,1497.71,-0.02,20.67,29784.64,-1
2023-07-24,2023-07-24 12:33:00,1497.71,1497.71,1497.39,1497.39,-0.02,20.67,29784.64,-1
2023-07-24,2023-07-24 12:34:00,1497.39,1497.39,1497.06,1497.06,-0.02,20.67,29784.64,-1
2023-07-24,2023-07-24 12:35:00,1497.06,1497.06,1496.74,1496.74,-0.02,20.67,29784.64,-1
2023-07-24,2023-07-24 12:36:00,1496.74,1496.74,1496.42,1496.42,-0.02,20.67,29784.64,-1
2023-07-24,2023-07-24 12:37:00,1496.42,1496.42,1496.09,1496.09,-0.02,20.67,29784.64,-1
2023-07-24,2023-07-24 12:38:00,1496.09,1496.09,1495.77,1495.77,-0.02,20.67,29784.64,-1
2023-07-24,2023-07-24 12:39:00,1495.77,1495.77,1495.44,1495.44,-0.02,20.67,29784.64,-1
2023-07-24,2023-07-24 12:40:00,1495.44,1495.44,1495.12,1495.12,-0.02,20.67,29784.64,-1
2023-07-24,2023-07-24 12:41:00,1495.12,1495.12,1494.79,1494.79,-0.02,20.67,29784.64,-1
2023-07-24,2023-07-24 12:42:00,1494.79,1494.79,1494.47,1494.47,-0.02,20.67,29784.64,-1
2023-07-24,2023-07-24 12:43:00,1494.47,1494.47,1494.14,1494.14,-0.02,20.67,29784.64,-1
2023-07-24,2023-07-24 12:44:00,1494.14,1494.14,1493.82,1493.82,-0.02,20.67,29784.64,-1
2023-07-24,2023-07-24 12:45:00,1493.82,1493.82,1493.49,1493.49,-0.02,20.67,29784.64,-1
2023-07-24,2023-07-24 12:46:00,1493.49,1493.49,1493.17,1493.17,-0.02,20.67,29784.64,-1
2023-07-24,2023-07-24 12:47:00,1493.17,1493.17,1492.85,1492.85,-0.02,20.67,29784.64,-1
2023-07-24,2023-07-24 12:48:00,1492.85,1492.85,1492.52,1492.52,-0.02,20.67,29784.64,-1
2023-07-24,2023-07-24 12:49:00,1492.52,1492.52,1492.2,1492.2,-0.02,20.67,29784.64,-1
2023-07-24,2023-07-24 12:50:00,1492.2,1492.2,1491.87,1491.87,-0.02,20.67,29784.64,-1
2023-07-24,2023-07-24 12:51:00,1491.87,1491.87,1491.55,1491.55,-0.02,20.67,29784.64,-1
2023-07-24,2023-07-24 12:52:00,1491.55,1491.55,1491.22,1491.22,-0.02,20.67,29784.64,-1
2023-07-24,2023-07-24 12:53:00,1491.22,1491.22,1490.9,1490.9,-0.02,20.67,29784.64,-1
2023-07-24,2023-07-24 12:54:00,1490.9,1490.9,1490.57,1490.57,-0.02,20.67,29784.64,-1
2023-07-24,2023-07-24 12:55:00,1490.57,1490.57,1490.25,1490.25,-0.02,20.67,29784.64,-1
2023-07-24,2023-07-24 12:56:00,1490.25,1490.25,1489.92,1489.92,-0.02,20.67,29784.64,-1
2023-07-24,2023-07-24 12:57:00,1489.92,1489.92,1489.6,1489.6,-0.02,20.67,29784.64,-1
2023-07-24,2023-07-24 12:58:00,1489.6,1489.6,1489.27,1489.27,-0.02,20.67,29784.64,-1
2023-07-24,2023-07-24 12:59:00,1489.27,1489.27,1488.95,1488.95,-0.02,20.67,29784.64,-1
2023-07-24,2023-07-24 13:00:00,1488.95,1527.9,1421.0,1488.63,-0.02,20.67,29784.64,-1
2023-07-24,2023-07-24 13:01:00,1488.63,1488.63,1488.3,1488.3,-0.02,20.67,29784.64,-1
2023-07-24,2023-07-24 13:02:00,1488.3,1488.3,1487.98,1487.98,-0.02,20.67,29784.64,-1
2023-07-24,2023-07-24 13:03:00,1487.98,1487.98,1487.65,1487.65,-0.02,20.67,29784.64,-1
2023-07-24,2023-07-24 13:04:00,1487.65,1487.65,1487.33,1487.33,-0.02,20.67,29784.64,-1
2023-07-24,2023-07-24 13:05:00,1487.33,1487.33,1487.0,1487.0,-0.02,20.67,29784.64,-1
2023-07-24,2023-07-24 13:06:00,1487.0,1487.0,1486.68,1486.68,-0.02,20.67,29784.64,-1
2023-07-24,2023-07-24 13:07:00,1486.68,1486.68,1486.35,1486.35,-0.02,20.67,29784.64,-1
2023-07-24,2023-07-24 13:08:00,1486.35,1486.35,1486.03,1486.03,-0.02,20.67,29784.64,-1
2023-07-24,2023-07-24 13:09:00,1486.03,1486.03,1485.7,1485.7,-0.02,20.67,29784.64,-1
2023-07-24,2023-07-24 13:10:00,1485.7,1485.7,1485.38,1485.38,-0.02,20.67,29784.64,-1
2023-07-24,2023-07-24 13:11:00,1485.38,1485.38,1485.06,1485.06,-0.02,20.67,29784.64,-1
2023-07-24,2023-07-24 13:12:00,1485.06,1485.06,1484.73,1484.73,-0.02,20.67,29784.64,-1
2023-07-24,2023-07-24 13:13:00,1484.73,1484.73,1484.41,1484.41,-0.02,20.67,29784.64,-1
2023-07-24,2023-07-24 13:14:00,1484.41,1484.41,1484.08,1484.08,-0.02,20.67,29784.64,-1
2023-07-24,2023-07-24 13:15:00,1484.08,1484.08,1483.76,1483.76,-0.02,20.67,29784.64,-1
2023-07-24,2023-07-24 13:16:00,1483.76,1483.76,1483.43,1483.43,-0.02,20.67,29784.64,-1
2023-07-24,2023-07-24 13:17:00,1483.43,1483.43,1483.11,1483.11,-0.02,20.67,29784.64,-1
2023-07-24,2023-07-24 13:18:00,1483.11,1483.11,1482.78,1482.78,-0.02,20.67,29784.64,-1
2023-07-24,2023-07-24 13:19:00,1482.78,1482.78,1482.46,1482.46,-0.02,20.67,29784.64,-1
2023-07-24,2023-07-24 13:20:00,1482.46,1482.46,1482.13,1482.13,-0.02,20.67,29784.64,-1
2023-07-24,2023-07-24 13:21:00,1482.13,1482.13,1481.81,1481.81,-0.02,20.67,29784.64,-1
2023-07-24,2023-07-24 13:22:00,1481.81,1481.81,1481.48,1481.48,-0.02,20.67,29784.64,-1
2023-07-24,2023-07-24 13:23:00,1481.48,1481.48,1481.16,1481.16,-0.02,20.67,29784.64,-1
2023-07-24,2023-07-24 13:24:00,1481.16,1481.16,1480.84,1480.84,-0.02,20.67,29784.64,-1
2023-07-24,2023-07-24 13:25:00,1480.84,1480.84,1480.51,1480.51,-0.02,20.67,29784.64,-1
2023-07-24,2023-07-24 13:26:00,1480.51,1480.51,1480.19,1480.19,-0.02,20.67,29784.64,-1
2023-07-24,2023-07-24 13:27:00,1480.19,1480.19,1479.86,1479.86,-0.02,20.67,29784.64,-1
2023-07-24,2023-07-24 13:28:00,1479.86,1479.86,1479.54,1479.54,-0.02,20.67,29784.64,-1
2023-07-24,2023-07-24 13:29:00,1479.54,1479.54,1479.21,1479.21,-0.02,20.67,29784.64,-1
2023-07-24,2023-07-24 13:30:00,1479.21,1479.21,1478.89,1478.89,-0.02,20.67,29784.64,-1
2023-07-24,2023-07-24 13:31:00,1478.89,1478.89,1478.56,1478.56,-0.02,20.67,29784.64,-1
2023-07-24,2023-07-24 13:32:00,1478.56,1478.56,1478.24,1478.24,-0.02,20.67,29784.64,-1
2023-07-24,2023-07-24 13:33:00,1478.24,1478.24,1477.91,1477.91,-0.02,20.67,29784.64,-1
2023-07-24,2023-07-24 13:34:00,1477.91,1477.91,1477.59,1477.59,-0.02,20.67,29784.64,-1
2023-07-24,2023-07-24 13:35:00,1477.59,1477.59,1477.27,1477.27,-0.02,20.67,29784.64,-1
2023-07-24,2023-07-24 13:36:00,1477.27,1477.27,1476.94,1476.94,-0.02,20.67,29784.64,-1
2023-07-24,2023-07-24 13:37:00,1476.94,1476.94,1476.62,1476.62,-0.02,20.67,29784.64,-1
2023-07-24,2023-07-24 13:38:00,1476.62,1476.62,1476.29,1476.29,-0.02,20.67,29784.64,-1
2023-07-24,2023-07-24 13:39:00,1476.29,1476.29,1475.97,1475.97,-0.02,20.67,29784.64,-1
2023-07-24,2023-07-24 13:40:00,1475.97,1475.97,1475.64,1475.64,-0.02,20.67,29784.64,-1
2023-07-24,2023-07-24 13:41:00,1475.64,1475.64,1475.32,1475.32,-0.02,20.67,29784.64,-1
2023-07-24,2023-07-24 13:42:00,1475.32,1475.32,1474.99,1474.99,-0.02,20.67,29784.64,-1
2023-07-24,2023-07-24 13:43:00,1474.99,1474.99,1474.67,1474.67,-0.02,20.67,29784.64,-1
2023-07-24,2023-07-24 13:44:00,1474.67,1474.67,1474.34,1474.34,-0.02,20.67,29784.64,-1
2023-07-24,2023-07-24 13:45:00,1474.34,1474.34,1474.02,1474.02,-0.02,20.67,29784.64,-1
2023-07-24,2023-07-24 13:46:00,1474.02,1474.02,1473.69,1473.69,-0.02,20.67,29784.64,-1
2023-07-24,2023-07-24 13:47:00,1473.69,1473.69,1473.37,1473.37,-0.02,20.67,29784.64,-1
2023-07-24,2023-07-24 13:48:00,1473.37,1473.37,1473.05,1473.05,-0.02,20.67,29784.64,-1
2023-07-24,2023-07-24 13:49:00,1473.05,1473.05,1472.72,1472.72,-0.02,20.67,29784.64,-1
2023-07-24,2023-07-24 13:50:00,1472.72,1472.72,1472.4,1472.4,-0.02,20.67,29784.64,-1
2023-07-24,2023-07-24 13:51:00,1472.4,1472.4,1472.07,1472.07,-0.02,20.67,29784.64,-1
2023-07-24,2023-07-24 13:52:00,1472.07,1472.07,1471.75,1471.75,-0.02,20.67,29784.64,-1
2023-07-24,2023-07-24 13:53:00,1471.75,1471.75,1471.42,1471.42,-0.02,20.67,29784.64,-1
2023-07-24,2023-07-24 13:54:00,1471.42,1471.42,1471.1,1471.1,-0.02,20.67,29784.64,-1
2023-07-24,2023-07-24 13:55:00,1471.1,1471.1,1470.77,1470.77,-0.02,20.67,29784.64,-1
2023-07-24,2023-07-24 13:56:00,1470.77,1470.77,1470.45,1470.45,-0.02,20.67,29784.64,-1
2023-07-24,2023-07-24 13:57:00,1470.45,1470.45,1470.12,1470.12,-0.02,20.67,29784.64,-1
2023-07-24,2023-07-24 13:58:00,1470.12,1470.12,1469.8,1469.8,-0.02,20.67,29784.64,-1
2023-07-24,2023-07-24 13:59:00,1469.8,1469.8,1469.47,1469.47,-0.02,20.67,29784.64,-1
2023-07-24,2023-07-24 14:00:00,1469.47,1469.47,1469.15,1469.15,-0.02,20.67,29784.64,-1
2023-07-24,2023-07-24 14:01:00,1469.15,1469.15,1468.83,1468.83,-0.02,20.67,29784.64,-1
2023-07-24,2023-07-24 14:02:00,1468.83,1468.83,1468.5,1468.5,-0.02,20.67,29784.64,-1
2023-07-24,2023-07-24 14:03:00,1468.5,1468.5,1468.18,1468.18,-0.02,20.67,29784.64,-1
2023-07-24,2023-07-24 14:04:00,1468.18,1468.18,1467.85,1467.85,-0.02,20.67,29784.64,-1
2023-07-24,2023-07-24 14:05:00,1467.85,1467.85,1467.53,1467.53,-0.02,20.67,29784.64,-1
2023-07-24,2023-07-24 14:06:00,1467.53,1467.53,1467.2,1467.2,-0.02,20.67,29784.64,-1
2023-07-24,2023-07-24 14:07:00,1467.2,1467.2,1466.88,1466.88,-0.02,20.67,29784.64,-1
2023-07-24,2023-07-24 14:08:00,1466.88,1466.88,1466.55,1466.55,-0.02,20.67,29784.64,-1
2023-07-24,2023-07-24 14:09:00,1466.55,1466.55,1466.23,1466.23,-0.02,20.67,29784.64,-1
2023-07-24,2023-07-24 14:10:00,1466.23,1466.23,1465.9,1465.9,-0.02,20.67,29784.64,-1
2023-07-24,2023-07-24 14:11:00,1465.9,1465.9,1465.58,1465.58,-0.02,20.67,29784.64,-1
2023-07-24,2023-07-24 14:12:00,1465.58,1465.58,1465.26,1465.26,-0.02,20.67,29784.64,-1
2023-07-24,2023-07-24 14:13:00,1465.26,1465.26,1464.93,1464.93,-0.02,20.67,29784.64,-1
2023-07-24,2023-07-24 14:14:00,1464.93,1464.93,1464.61,1464.61,-0.02,20.67,29784.64,-1
2023-07-24,2023-07-24 14:15:00,1464.61,1464.61,1464.28,1464.28,-0.02,20.67,29784.64,-1
2023-07-24,2023-07-24 14:16:00,1464.28,1464.28,1463.96,1463.96,-0.02,20.67,29784.64,-1
2023-07-24,2023-07-24 14:17:00,1463.96,1463.96,1463.63,1463.63,-0.02,20.67,29784.64,-1
2023-07-24,2023-07-24 14:18:00,1463.63,1463.63,1463.31,1463.31,-0.02,20.67,29784.64,-1
2023-07-24,2023-07-24 14:19:00,1463.31,1463.31,1462.98,1462.98,-0.02,20.67,29784.64,-1
2023-07-24,2023-07-24 14:20:00,1462.98,1462.98,1462.66,1462.66,-0.02,20.67,29784.64,-1
2023-07-24,2023-07-24 14:21:00,1462.66,1462.66,1462.33,1462.33,-0.02,20.67,29784.64,-1
2023-07-24,2023-07-24 14:22:00,1462.33,1462.33,1462.01,1462.01,-0.02,20.67,29784.64,-1
2023-07-24,2023-07-24 14:23:00,1462.01,1462.01,1461.68,1461.68,-0.02,20.67,29784.64,-1
2023-07-24,2023-07-24 14:24:00,1461.68,1461.68,1461.36,1461.36,-0.02,20.67,29784.64,-1
2023-07-24,2023-07-24 14:25:00,1461.36,1461.36,1461.04,1461.04,-0.02,20.67,29784.64,-1
2023-07-24,2023-07-24 14:26:00,1461.04,1461.04,1460.71,1460.71,-0.02,20.67,29784.64,-1
2023-07-24,2023-07-24 14:27:00,1460.71,1460.71,1460.39,1460.39,-0.02,20.67,29784.64,-1
2023-07-24,2023-07-24 14:28:00,1460.39,1460.39,1460.06,1460.06,-0.02,20.67,29784.64,-1
2023-07-24,2023-07-24 14:29:00,1460.06,1460.06,1459.74,1459.74,-0.02,20.67,29784.64,-1
2023-07-24,2023-07-24 14:30:00,1459.74,1459.74,1459.41,1459.41,-0.02,20.67,29784.64,-1
2023-07-24,2023-07-24 14:31:00,1459.41,1459.41,1459.09,1459.09,-0.02,20.67,29784.64,-1
2023-07-24,2023-07-24 14:32:00,1459.09,1459.09,1458.76,1458.76,-0.02,20.67,29784.64,-1
2023-07-24,2023-07-24 14:33:00,1458.76,1458.76,1458.44,1458.44,-0.02,20.67,29784.64,-1
2023-07-24,2023-07-24 14:34:00,1458.44,1458.44,1458.11,1458.11,-0.02,20.67,29784.64,-1
2023-07-24,2023-07-24 14:35:00,1458.11,1458.11,1457.79,1457.79,-0.02,20.67,29784.64,-1
2023-07-24,2023-07-24 14:36:00,1457.79,1457.79,1457.47,1457.47,-0.02,20.67,29784.64,-1
2023-07-24,2023-07-24 14:37:00,1457.47,1457.47,1457.14,1457.14,-0.02,20.67,29784.64,-1
2023-07-24,2023-07-24 14:38:00,1457.14,1457.14,1456.82,1456.82,-0.02,20.67,29784.64,-1
2023-07-24,2023-07-24 14:39:00,1456.82,1456.82,1456.49,1456.49,-0.02,20.67,29784.64,-1
2023-07-24,2023-07-24 14:40:00,1456.49,1456.49,1456.17,1456.17,-0.02,20.67,29784.64,-1
2023-07-24,2023-07-24 14:41:00,1456.17,1456.17,1455.84,1455.84,-0.02,20.67,29784.64,-1
2023-07-24,2023-07-24 14:42:00,1455.84,1455.84,1455.52,1455.52,-0.02,20.67,29784.64,-1
2023-07-24,2023-07-24 14:43:00,1455.52,1455.52,1455.19,1455.19,-0.02,20.67,29784.64,-1
2023-07-24,2023-07-24 14:44:00,1455.19,1455.19,1454.87,1454.87,-0.02,20.67,29784.64,-1
2023-07-24,2023-07-24 14:45:00,1454.87,1454.87,1454.54,1454.54,-0.02,20.67,29784.64,-1
2023-07-24,2023-07-24 14:46:00,1454.54,1454.54,1454.22,1454.22,-0.02,20.67,29784.64,-1
2023-07-24,2023-07-24 14:47:00,1454.22,1454.22,1453.89,1453.89,-0.02,20.67,29784.64,-1
2023-07-24,2023-07-24 14:48:00,1453.89,1453.89,1453.57,1453.57,-0.02,20.67,29784.64,-1
2023-07-24,2023-07-24 14:49:00,1453.57,1453.57,1453.25,1453.25,-0.02,20.67,29784.64,-1
2023-07-24,2023-07-24 14:50:00,1453.25,1453.25,1452.92,1452.92,-0.02,20.67,29784.64,-1
2023-07-24,2023-07-24 14:51:00,1452.92,1452.92,1452.6,1452.6,-0.02,20.67,29784.64,-1
2023-07-24,2023-07-24 14:52:00,1452.6,1452.6,1452.27,1452.27,-0.02,20.67,29784.64,-1
2023-07-24,2023-07-24 14:53:00,1452.27,1452.27,1451.95,1451.95,-0.02,20.67,29784.64,-1
2023-07-24,2023-07-24 14:54:00,1451.95,1451.95,1451.62,1451.62,-0.02,20.67,29784.64,-1
2023-07-24,2023-07-24 14:55:00,1451.62,1451.62,1451.3,1451.3,-0.02,20.67,29784.64,-1
2023-07-24,2023-07-24 14:56:00,1451.3,1451.3,1450.97,1450.97,-0.02,20.67,29784.64,-1
2023-07-24,2023-07-24 14:57:00,1450.97,1450.97,1450.65,1450.65,-0.02,20.67,29784.64,-1
2023-07-24,2023-07-24 14:58:00,1450.65,1450.65,1450.32,1450.32,-0.02,20.67,29784.64,-1
2023-07-24,2023-07-24 14:59:00,1450.32,1450.32,1450.0,1450.0,-0.02,20.67,29784.64,-1
2023-07-24,2023-07-24 15:00:00,1450.0,1527.9,1421.0,1450.0,0.0,20.67,29784.64,0
2023-07-25,2023-07-25 11:00:00,1479.0,1479.0,1455.3,1478.78,-0.01,14.35,20229.84,-1
2023-07-25,2023-07-25 11:01:00,1478.78,1478.78,1478.55,1478.55,-0.02,14.35,20229.84,-1
2023-07-25,2023-07-25 11:02:00,1478.55,1478.55,1478.33,1478.33,-0.01,14.35,20229.84,-1
2023-07-25,2023-07-25 11:03:00,1478.33,1478.33,1478.1,1478.1,-0.02,14.35,20229.84,-1
2023-07-25,2023-07-25 11:04:00,1478.1,1478.1,1477.88,1477.88,-0.01,14.35,20229.84,-1
2023-07-25,2023-07-25 11:05:00,1477.88,1477.88,1477.65,1477.65,-0.02,14.35,20229.84,-1
2023-07-25,2023-07-25 11:06:00,1477.65,1477.65,1477.42,1477.42,-0.02,14.35,20229.84,-1
2023-07-25,2023-07-25 11:07:00,1477.42,1477.42,1477.2,1477.2,-0.01,14.35,20229.84,-1
2023-07-25,2023-07-25 11:08:00,1477.2,1477.2,1476.97,1476.97,-0.02,14.35,20229.84,-1
2023-07-25,2023-07-25 11:09:00,1476.97,1476.97,1476.75,1476.75,-0.01,14.35,20229.84,-1
2023-07-25,2023-07-25 11:10:00,1476.75,1476.75,1476.53,1476.53,-0.01,14.35,20229.84,-1
2023-07-25,2023-07-25 11:11:00,1476.53,1476.53,1476.3,1476.3,-0.02,14.35,20229.84,-1
2023-07-25,2023-07-25 11:12:00,1476.3,1476.3,1476.08,1476.08,-0.01,14.35,20229.84,-1
2023-07-25,2023-07-25 11:13:00,1476.08,1476.08,1475.85,1475.85,-0.02,14.35,20229.84,-1
2023-07-25,2023-07-25 11:14:00,1475.85,1475.85,1475.62,1475.62,-0.02,14.35,20229.84,-1
2023-07-25,2023-07-25 11:15:00,1475.62,1475.62,1475.4,1475.4,-0.01,14.35,20229.84,-1
2023-07-25,2023-07-25 11:16:00,1475.4,1475.4,1475.17,1475.17,-0.02,14.35,20229.84,-1
2023-07-25,2023-07-25 11:17:00,1475.17,1475.17,1474.95,1474.95,-0.01,14.35,20229.84,-1
2023-07-25,2023-07-25 11:18:00,1474.95,1474.95,1474.72,1474.72,-0.02,14.35,20229.84,-1
2023-07-25,2023-07-25 11:19:00,1474.72,1474.72,1474.5,1474.5,-0.01,14.35,20229.84,-1
2023-07-25,2023-07-25 11:20:00,1474.5,1474.5,1474.28,1474.28,-0.01,14.35,20229.84,-1
2023-07-25,2023-07-25 11:21:00,1474.28,1474.28,1474.05,1474.05,-0.02,14.35,20229.84,-1
2023-07-25,2023-07-25 11:22:00,1474.05,1474.05,1473.83,1473.83,-0.01,14.35,20229.84,-1
2023-07-25,2023-07-25 11:23:00,1473.83,1473.83,1473.6,1473.6,-0.02,14.35,20229.84,-1
2023-07-25,2023-07-25 11:24:00,1473.6,1473.6,1473.38,1473.38,-0.01,14.35,20229.84,-1
2023-07-25,2023-07-25 11:25:00,1473.38,1473.38,1473.15,1473.15,-0.02,14.35,20229.84,-1
2023-07-25,2023-07-25 11:26:00,1473.15,1473.15,1472.92,1472.92,-0.02,14.35,20229.84,-1
2023-07-25,2023-07-25 11:27:00,1472.92,1472.92,1472.7,1472.7,-0.01,14.35,20229.84,-1
2023-07-25,2023-07-25 11:28:00,1472.7,1472.7,1472.47,1472.47,-0.02,14.35,20229.84,-1
2023-07-25,2023-07-25 11:29:00,1472.47,1472.47,1472.25,1472.25,-0.01,14.35,20229.84,-1
2023-07-25,2023-07-25 11:30:00,1472.25,1472.25,1472.03,1472.03,-0.01,14.35,20229.84,-1
2023-07-25,2023-07-25 11:31:00,1472.03,1472.03,1471.8,1471.8,-0.02,14.35,20229.84,-1
2023-07-25,2023-07-25 11:32:00,1471.8,1471.8,1471.58,1471.58,-0.01,14.35,20229.84,-1
2023-07-25,2023-07-25 11:33:00,1471.58,1471.58,1471.35,1471.35,-0.02,14.35,20229.84,-1
2023-07-25,2023-07-25 11:34:00,1471.35,1471.35,1471.12,1471.12,-0.02,14.35,20229.84,-1
2023-07-25,2023-07-25 11:35:00,1471.12,1471.12,1470.9,1470.9,-0.01,14.35,20229.84,-1
2023-07-25,2023-07-25 11:36:00,1470.9,1470.9,1470.67,1470.67,-0.02,14.35,20229.84,-1
2023-07-25,2023-07-25 11:37:00,1470.67,1470.67,1470.45,1470.45,-0.01,14.35,20229.84,-1
2023-07-25,2023-07-25 11:38:00,1470.45,1470.45,1470.22,1470.22,-0.02,14.35,20229.84,-1
2023-07-25,2023-07-25 11:39:00,1470.22,1470.22,1470.0,1470.0,-0.01,14.35,20229.84,-1
2023-07-25,2023-07-25 11:40:00,1470.0,1470.0,1469.78,1469.78,-0.01,14.35,20229.84,-1
2023-07-25,2023-07-25 11:41:00,1469.78,1469.78,1469.55,1469.55,-0.02,14.35,20229.84,-1
2023-07-25,2023-07-25 11:42:00,1469.55,1469.55,1469.33,1469.33,-0.01,14.35,20229.84,-1
2023-07-25,2023-07-25 11:43:00,1469.33,1469.33,1469.1,1469.1,-0.02,14.35,20229.84,-1
2023-07-25,2023-07-25 11:44:00,1469.1,1469.1,1468.88,1468.88,-0.01,14.35,20229.84,-1
2023-07-25,2023-07-25 11:45:00,1468.88,1468.88,1468.65,1468.65,-0.02,14.35,20229.84,-1
2023-07-25,2023-07-25 11:46:00,1468.65,1468.65,1468.42,1468.42,-0.02,14.35,20229.84,-1
2023-07-25,2023-07-25 11:47:00,1468.42,1468.42,1468.2,1468.2,-0.01,14.35,20229.84,-1
2023-07-25,2023-07-25 11:48:00,1468.2,1468.2,1467.97,1467.97,-0.02,14.35,20229.84,-1
2023-07-25,2023-07-25 11:49:00,1467.97,1467.97,1467.75,1467.75,-0.01,14.35,20229.84,-1
2023-07-25,2023-07-25 11:50:00,1467.75,1467.75,1467.53,1467.53,-0.01,14.35,20229.84,-1
2023-07-25,2023-07-25 11:51:00,1467.53,1467.53,1467.3,1467.3,-0.02,14.35,20229.84,-1
2023-07-25,2023-07-25 11:52:00,1467.3,1467.3,1467.08,1467.08,-0.01,14.35,20229.84,-1
2023-07-25,2023-07-25 11:53:00,1467.08,1467.08,1466.85,1466.85,-0.02,14.35,20229.84,-1
2023-07-25,2023-07-25 11:54:00,1466.85,1466.85,1466.62,1466.62,-0.02,14.35,20229.84,-1
2023-07-25,2023-07-25 11:55:00,1466.62,1466.62,1466.4,1466.4,-0.02,14.35,20229.84,-1
2023-07-25,2023-07-25 11:56:00,1466.4,1466.4,1466.17,1466.17,-0.02,14.35,20229.84,-1
2023-07-25,2023-07-25 11:57:00,1466.17,1466.17,1465.95,1465.95,-0.02,14.35,20229.84,-1
2023-07-25,2023-07-25 11:58:00,1465.95,1465.95,1465.72,1465.72,-0.02,14.35,20229.84,-1
2023-07-25,2023-07-25 11:59:00,1465.72,1465.72,1465.5,1465.5,-0.02,14.35,20229.84,-1
2023-07-25,2023-07-25 12:00:00,1465.5,1465.5,1465.28,1465.28,-0.02,14.35,20229.84,-1
2023-07-25,2023-07-25 12:01:00,1465.28,1465.28,1465.05,1465.05,-0.02,14.35,20229.84,-1
2023-07-25,2023-07-25 12:02:00,1465.05,1465.05,1464.83,1464.83,-0.02,14.35,20229.84,-1
2023-07-25,2023-07-25 12:03:00,1464.83,1464.83,1464.6,1464.6,-0.02,14.35,20229.84,-1
2023-07-25,2023-07-25 12:04:00,1464.6,1464.6,1464.38,1464.38,-0.02,14.35,20229.84,-1
2023-07-25,2023-07-25 12:05:00,1464.38,1464.38,1464.15,1464.15,-0.02,14.35,20229.84,-1
2023-07-25,2023-07-25 12:06:00,1464.15,1464.15,1463.92,1463.92,-0.02,14.35,20229.84,-1
2023-07-25,2023-07-25 12:07:00,1463.92,1463.92,1463.7,1463.7,-0.02,14.35,20229.84,-1
2023-07-25,2023-07-25 12:08:00,1463.7,1463.7,1463.47,1463.47,-0.02,14.35,20229.84,-1
2023-07-25,2023-07-25 12:09:00,1463.47,1463.47,1463.25,1463.25,-0.02,14.35,20229.84,-1
2023-07-25,2023-07-25 12:10:00,1463.25,1463.25,1463.03,1463.03,-0.02,14.35,20229.84,-1
2023-07-25,2023-07-25 12:11:00,1463.03,1463.03,1462.8,1462.8,-0.02,14.35,20229.84,-1
2023-07-25,2023-07-25 12:12:00,1462.8,1462.8,1462.58,1462.58,-0.02,14.35,20229.84,-1
2023-07-25,2023-07-25 12:13:00,1462.58,1462.58,1462.35,1462.35,-0.02,14.35,20229.84,-1
2023-07-25,2023-07-25 12:14:00,1462.35,1462.35,1462.12,1462.12,-0.02,14.35,20229.84,-1
2023-07-25,2023-07-25 12:15:00,1462.12,1462.12,1461.9,1461.9,-0.02,14.35,20229.84,-1
2023-07-25,2023-07-25 12:16:00,1461.9,1461.9,1461.67,1461.67,-0.02,14.35,20229.84,-1
2023-07-25,2023-07-25 12:17:00,1461.67,1461.67,1461.45,1461.45,-0.02,14.35,20229.84,-1
2023-07-25,2023-07-25 12:18:00,1461.45,1461.45,1461.22,1461.22,-0.02,14.35,20229.84,-1
2023-07-25,2023-07-25 12:19:00,1461.22,1461.22,1461.0,1461.0,-0.02,14.35,20229.84,-1
2023-07-25,2023-07-25 12:20:00,1461.0,1461.0,1460.78,1460.78,-0.02,14.35,20229.84,-1
2023-07-25,2023-07-25 12:21:00,1460.78,1460.78,1460.55,1460.55,-0.02,14.35,20229.84,-1
2023-07-25,2023-07-25 12:22:00,1460.55,1460.55,1460.33,1460.33,-0.02,14.35,20229.84,-1
2023-07-25,2023-07-25 12:23:00,1460.33,1460.33,1460.1,1460.1,-0.02,14.35,20229.84,-1
2023-07-25,2023-07-25 12:24:00,1460.1,1460.1,1459.88,1459.88,-0.02,14.35,20229.84,-1
2023-07-25,2023-07-25 12:25:00,1459.88,1459.88,1459.65,1459.65,-0.02,14.35,20229.84,-1
2023-07-25,2023-07-25 12:26:00,1459.65,1459.65,1459.42,1459.42,-0.02,14.35,20229.84,-1
2023-07-25,2023-07-25 12:27:00,1459.42,1459.42,1459.2,1459.2,-0.02,14.35,20229.84,-1
2023-07-25,2023-07-25 12:28:00,1459.2,1459.2,1458.97,1458.97,-0.02,14.35,20229.84,-1
2023-07-25,2023-07-25 12:29:00,1458.97,1458.97,1458.75,1458.75,-0.02,14.35,20229.84,-1
2023-07-25,2023-07-25 12:30:00,1458.75,1458.75,1458.53,1458.53,-0.02,14.35,20229.84,-1
2023-07-25,2023-07-25 12:31:00,1458.53,1458.53,1458.3,1458.3,-0.02,14.35,20229.84,-1
2023-07-25,2023-07-25 12:32:00,1458.3,1458.3,1458.08,1458.08,-0.02,14.35,20229.84,-1
2023-07-25,2023-07-25 12:33:00,1458.08,1458.08,1457.85,1457.85,-0.02,14.35,20229.84,-1
2023-07-25,2023-07-25 12:34:00,1457.85,1457.85,1457.62,1457.62,-0.02,14.35,20229.84,-1
2023-07-25,2023-07-25 12:35:00,1457.62,1457.62,1457.4,1457.4,-0.02,14.35,20229.84,-1
2023-07-25,2023-07-25 12:36:00,1457.4,1457.4,1457.17,1457.17,-0.02,14.35,20229.84,-1
2023-07-25,2023-07-25 12:37:00,1457.17,1457.17,1456.95,1456.95,-0.02,14.35,20229.84,-1
2023-07-25,2023-07-25 12:38:00,1456.95,1456.95,1456.72,1456.72,-0.02,14.35,20229.84,-1
2023-07-25,2023-07-25 12:39:00,1456.72,1456.72,1456.5,1456.5,-0.02,14.35,20229.84,-1
2023-07-25,2023-07-25 12:40:00,1456.5,1456.5,1456.28,1456.28,-0.02,14.35,20229.84,-1
2023-07-25,2023-07-25 12:41:00,1456.28,1456.28,1456.05,1456.05,-0.02,14.35,20229.84,-1
2023-07-25,2023-07-25 12:42:00,1456.05,1456.05,1455.83,1455.83,-0.02,14.35,20229.84,-1
2023-07-25,2023-07-25 12:43:00,1455.83,1455.83,1455.6,1455.6,-0.02,14.35,20229.84,-1
2023-07-25,2023-07-25 12:44:00,1455.6,1455.6,1455.38,1455.38,-0.02,14.35,20229.84,-1
2023-07-25,2023-07-25 12:45:00,1455.38,1455.38,1455.15,1455.15,-0.02,14.35,20229.84,-1
2023-07-25,2023-07-25 12:46:00,1455.15,1455.15,1454.92,1454.92,-0.02,14.35,20229.84,-1
2023-07-25,2023-07-25 12:47:00,1454.92,1454.92,1454.7,1454.7,-0.02,14.35,20229.84,-1
2023-07-25,2023-07-25 12:48:00,1454.7,1454.7,1454.47,1454.47,-0.02,14.35,20229.84,-1
2023-07-25,2023-07-25 12:49:00,1454.47,1454.47,1454.25,1454.25,-0.02,14.35,20229.84,-1
2023-07-25,2023-07-25 12:50:00,1454.25,1454.25,1454.03,1454.03,-0.02,14.35,20229.84,-1
2023-07-25,2023-07-25 12:51:00,1454.03,1454.03,1453.8,1453.8,-0.02,14.35,20229.84,-1
2023-07-25,2023-07-25 12:52:00,1453.8,1453.8,1453.58,1453.58,-0.02,14.35,20229.84,-1
2023-07-25,2023-07-25 12:53:00,1453.58,1453.58,1453.35,1453.35,-0.02,14.35,20229.84,-1
2023-07-25,2023-07-25 12:54:00,1453.35,1453.35,1453.12,1453.12,-0.02,14.35,20229.84,-1
2023-07-25,2023-07-25 12:55:00,1453.12,1453.12,1452.9,1452.9,-0.02,14.35,20229.84,-1
2023-07-25,2023-07-25 12:56:00,1452.9,1452.9,1452.67,1452.67,-0.02,14.35,20229.84,-1
2023-07-25,2023-07-25 12:57:00,1452.67,1452.67,1452.45,1452.45,-0.02,14.35,20229.84,-1
2023-07-25,2023-07-25 12:58:00,1452.45,1452.45,1452.22,1452.22,-0.02,14.35,20229.84,-1
2023-07-25,2023-07-25 12:59:00,1452.22,1452.22,1452.0,1452.0,-0.02,14.35,20229.84,-1
2023-07-25,2023-07-25 13:00:00,1452.0,1479.0,1400.0,1451.78,-0.02,14.35,20229.84,-1
2023-07-25,2023-07-25 13:01:00,1451.78,1451.78,1451.55,1451.55,-0.02,14.35,20229.84,-1
2023-07-25,2023-07-25 13:02:00,1451.55,1451.55,1451.33,1451.33,-0.02,14.35,20229.84,-1
2023-07-25,2023-07-25 13:03:00,1451.33,1451.33,1451.1,1451.1,-0.02,14.35,20229.84,-1
2023-07-25,2023-07-25 13:04:00,1451.1,1451.1,1450.88,1450.88,-0.02,14.35,20229.84,-1
2023-07-25,2023-07-25 13:05:00,1450.88,1450.88,1450.65,1450.65,-0.02,14.35,20229.84,-1
2023-07-25,2023-07-25 13:06:00,1450.65,1450.65,1450.42,1450.42,-0.02,14.35,20229.84,-1
2023-07-25,2023-07-25 13:07:00,1450.42,1450.42,1450.2,1450.2,-0.02,14.35,20229.84,-1
2023-07-25,2023-07-25 13:08:00,1450.2,1450.2,1449.97,1449.97,-0.02,14.35,20229.84,-1
2023-07-25,2023-07-25 13:09:00,1449.97,1449.97,1449.75,1449.75,-0.02,14.35,20229.84,-1
2023-07-25,2023-07-25 13:10:00,1449.75,1449.75,1449.53,1449.53,-0.02,14.35,20229.84,-1
2023-07-25,2023-07-25 13:11:00,1449.53,1449.53,1449.3,1449.3,-0.02,14.35,20229.84,-1
2023-07-25,2023-07-25 13:12:00,1449.3,1449.3,1449.08,1449.08,-0.02,14.35,20229.84,-1
2023-07-25,2023-07-25 13:13:00,1449.08,1449.08,1448.85,1448.85,-0.02,14.35,20229.84,-1
2023-07-25,2023-07-25 13:14:00,1448.85,1448.85,1448.62,1448.62,-0.02,14.35,20229.84,-1
2023-07-25,2023-07-25 13:15:00,1448.62,1448.62,1448.4,1448.4,-0.02,14.35,20229.84,-1
2023-07-25,2023-07-25 13:16:00,1448.4,1448.4,1448.17,1448.17,-0.02,14.35,20229.84,-1
2023-07-25,2023-07-25 13:17:00,1448.17,1448.17,1447.95,1447.95,-0.02,14.35,20229.84,-1
2023-07-25,2023-07-25 13:18:00,1447.95,1447.95,1447.72,1447.72,-0.02,14.35,20229.84,-1
2023-07-25,2023-07-25 13:19:00,1447.72,1447.72,1447.5,1447.5,-0.02,14.35,20229.84,-1
2023-07-25,2023-07-25 13:20:00,1447.5,1447.5,1447.28,1447.28,-0.02,14.35,20229.84,-1
2023-07-25,2023-07-25 13:21:00,1447.28,1447.28,1447.05,1447.05,-0.02,14.35,20229.84,-1
2023-07-25,2023-07-25 13:22:00,1447.05,1447.05,1446.83,1446.83,-0.02,14.35,20229.84,-1
2023-07-25,2023-07-25 13:23:00,1446.83,1446.83,1446.6,1446.6,-0.02,14.35,20229.84,-1
2023-07-25,2023-07-25 13:24:00,1446.6,1446.6,1446.38,1446.38,-0.02,14.35,20229.84,-1
2023-07-25,2023-07-25 13:25:00,1446.38,1446.38,1446.15,1446.15,-0.02,14.35,20229.84,-1
2023-07-25,2023-07-25 13:26:00,1446.15,1446.15,1445.92,1445.92,-0.02,14.35,20229.84,-1
2023-07-25,2023-07-25 13:27:00,1445.92,1445.92,1445.7,1445.7,-0.02,14.35,20229.84,-1
2023-07-25,2023-07-25 13:28:00,1445.7,1445.7,1445.47,1445.47,-0.02,14.35,20229.84,-1
2023-07-25,2023-07-25 13:29:00,1445.47,1445.47,1445.25,1445.25,-0.02,14.35,20229.84,-1
2023-07-25,2023-07-25 13:30:00,1445.25,1445.25,1445.03,1445.03,-0.02,14.35,20229.84,-1
2023-07-25,2023-07-25 13:31:00,1445.03,1445.03,1444.8,1444.8,-0.02,14.35,20229.84,-1
2023-07-25,2023-07-25 13:32:00,1444.8,1444.8,1444.58,1444.58,-0.02,14.35,20229.84,-1
2023-07-25,2023-07-25 13:33:00,1444.58,1444.58,1444.35,1444.35,-0.02,14.35,20229.84,-1
2023-07-25,2023-07-25 13:34:00,1444.35,1444.35,1444.12,1444.12,-0.02,14.35,20229.84,-1
2023-07-25,2023-07-25 13:35:00,1444.12,1444.12,1443.9,1443.9,-0.02,14.35,20229.84,-1
2023-07-25,2023-07-25 13:36:00,1443.9,1443.9,1443.67,1443.67,-0.02,14.35,20229.84,-1
2023-07-25,2023-07-25 13:37:00,1443.67,1443.67,1443.45,1443.45,-0.02,14.35,20229.84,-1
2023-07-25,2023-07-25 13:38:00,1443.45,1443.45,1443.22,1443.22,-0.02,14.35,20229.84,-1
2023-07-25,2023-07-25 13:39:00,1443.22,1443.22,1443.0,1443.0,-0.02,14.35,20229.84,-1
2023-07-25,2023-07-25 13:40:00,1443.0,1443.0,1442.78,1442.78,-0.02,14.35,20229.84,-1
2023-07-25,2023-07-25 13:41:00,1442.78,1442.78,1442.55,1442.55,-0.02,14.35,20229.84,-1
2023-07-25,2023-07-25 13:42:00,1442.55,1442.55,1442.33,1442.33,-0.02,14.35,20229.84,-1
2023-07-25,2023-07-25 13:43:00,1442.33,1442.33,1442.1,1442.1,-0.02,14.35,20229.84,-1
2023-07-25,2023-07-25 13:44:00,1442.1,1442.1,1441.88,1441.88,-0.02,14.35,20229.84,-1
2023-07-25,2023-07-25 13:45:00,1441.88,1441.88,1441.65,1441.65,-0.02,14.35,20229.84,-1
2023-07-25,2023-07-25 13:46:00,1441.65,1441.65,1441.42,1441.42,-0.02,14.35,20229.84,-1
2023-07-25,2023-07-25 13:47:00,1441.42,1441.42,1441.2,1441.2,-0.02,14.35,20229.84,-1
2023-07-25,2023-07-25 13:48:00,1441.2,1441.2,1440.97,1440.97,-0.02,14.35,20229.84,-1
2023-07-25,2023-07-25 13:49:00,1440.97,1440.97,1440.75,1440.75,-0.02,14.35,20229.84,-1
2023-07-25,2023-07-25 13:50:00,1440.75,1440.75,1440.53,1440.53,-0.02,14.35,20229.84,-1
2023-07-25,2023-07-25 13:51:00,1440.53,1440.53,1440.3,1440.3,-0.02,14.35,20229.84,-1
2023-07-25,2023-07-25 13:52:00,1440.3,1440.3,1440.08,1440.08,-0.02,14.35,20229.84,-1
2023-07-25,2023-07-25 13:53:00,1440.08,1440.08,1439.85,1439.85,-0.02,14.35,20229.84,-1
2023-07-25,2023-07-25 13:54:00,1439.85,1439.85,1439.62,1439.62,-0.02,14.35,20229.84,-1
2023-07-25,2023-07-25 13:55:00,1439.62,1439.62,1439.4,1439.4,-0.02,14.35,20229.84,-1
2023-07-25,2023-07-25 13:56:00,1439.4,1439.4,1439.17,1439.17,-0.02,14.35,20229.84,-1
2023-07-25,2023-07-25 13:57:00,1439.17,1439.17,1438.95,1438.95,-0.02,14.35,20229.84,-1
2023-07-25,2023-07-25 13:58:00,1438.95,1438.95,1438.72,1438.72,-0.02,14.35,20229.84,-1
2023-07-25,2023-07-25 13:59:00,1438.72,1438.72,1438.5,1438.5,-0.02,14.35,20229.84,-1
2023-07-25,2023-07-25 14:00:00,1438.5,1438.5,1438.28,1438.28,-0.02,14.35,20229.84,-1
2023-07-25,2023-07-25 14:01:00,1438.28,1438.28,1438.05,1438.05,-0.02,14.35,20229.84,-1
2023-07-25,2023-07-25 14:02:00,1438.05,1438.05,1437.83,1437.83,-0.02,14.35,20229.84,-1
2023-07-25,2023-07-25 14:03:00,1437.83,1437.83,1437.6,1437.6,-0.02,14.35,20229.84,-1
2023-07-25,2023-07-25 14:04:00,1437.6,1437.6,1437.38,1437.38,-0.02,14.35,20229.84,-1
2023-07-25,2023-07-25 14:05:00,1437.38,1437.38,1437.15,1437.15,-0.02,14.35,20229.84,-1
2023-07-25,2023-07-25 14:06:00,1437.15,1437.15,1436.92,1436.92,-0.02,14.35,20229.84,-1
2023-07-25,2023-07-25 14:07:00,1436.92,1436.92,1436.7,1436.7,-0.02,14.35,20229.84,-1
2023-07-25,2023-07-25 14:08:00,1436.7,1436.7,1436.47,1436.47,-0.02,14.35,20229.84,-1
2023-07-25,2023-07-25 14:09:00,1436.47,1436.47,1436.25,1436.25,-0.02,14.35,20229.84,-1
2023-07-25,2023-07-25 14:10:00,1436.25,1436.25,1436.03,1436.03,-0.02,14.35,20229.84,-1
2023-07-25,2023-07-25 14:11:00,1436.03,1436.03,1435.8,1435.8,-0.02,14.35,20229.84,-1
2023-07-25,2023-07-25 14:12:00,1435.8,1435.8,1435.58,1435.58,-0.02,14.35,20229.84,-1
2023-07-25,2023-07-25 14:13:00,1435.58,1435.58,1435.35,1435.35,-0.02,14.35,20229.84,-1
2023-07-25,2023-07-25 14:14:00,1435.35,1435.35,1435.12,1435.12,-0.02,14.35,20229.84,-1
2023-07-25,2023-07-25 14:15:00,1435.12,1435.12,1434.9,1434.9,-0.02,14.35,20229.84,-1
2023-07-25,2023-07-25 14:16:00,1434.9,1434.9,1434.67,1434.67,-0.02,14.35,20229.84,-1
2023-07-25,2023-07-25 14:17:00,1434.67,1434.67,1434.45,1434.45,-0.02,14.35,20229.84,-1
2023-07-25,2023-07-25 14:18:00,1434.45,1434.45,1434.22,1434.22,-0.02,14.35,20229.84,-1
2023-07-25,2023-07-25 14:19:00,1434.22,1434.22,1434.0,1434.0,-0.02,14.35,20229.84,-1
2023-07-25,2023-07-25 14:20:00,1434.0,1434.0,1433.78,1433.78,-0.02,14.35,20229.84,-1
2023-07-25,2023-07-25 14:21:00,1433.78,1433.78,1433.55,1433.55,-0.02,14.35,20229.84,-1
2023-07-25,2023-07-25 14:22:00,1433.55,1433.55,1433.33,1433.33,-0.02,14.35,20229.84,-1
2023-07-25,2023-07-25 14:23:00,1433.33,1433.33,1433.1,1433.1,-0.02,14.35,20229.84,-1
2023-07-25,2023-07-25 14:24:00,1433.1,1433.1,1432.88,1432.88,-0.02,14.35,20229.84,-1
2023-07-25,2023-07-25 14:25:00,1432.88,1432.88,1432.65,1432.65,-0.02,14.35,20229.84,-1
2023-07-25,2023-07-25 14:26:00,1432.65,1432.65,1432.42,1432.42,-0.02,14.35,20229.84,-1
2023-07-25,2023-07-25 14:27:00,1432.42,1432.42,1432.2,1432.2,-0.02,14.35,20229.84,-1
2023-07-25,2023-07-25 14:28:00,1432.2,1432.2,1431.97,1431.97,-0.02,14.35,20229.84,-1
2023-07-25,2023-07-25 14:29:00,1431.97,1431.97,1431.75,1431.75,-0.02,14.35,20229.84,-1
2023-07-25,2023-07-25 14:30:00,1431.75,1431.75,1431.53,1431.53,-0.02,14.35,20229.84,-1
2023-07-25,2023-07-25 14:31:00,1431.53,1431.53,1431.3,1431.3,-0.02,14.35,20229.84,-1
2023-07-25,2023-07-25 14:32:00,1431.3,1431.3,1431.08,1431.08,-0.02,14.35,20229.84,-1
2023-07-25,2023-07-25 14:33:00,1431.08,1431.08,1430.85,1430.85,-0.02,14.35,20229.84,-1
2023-07-25,2023-07-25 14:34:00,1430.85,1430.85,1430.62,1430.62,-0.02,14.35,20229.84,-1
2023-07-25,2023-07-25 14:35:00,1430.62,1430.62,1430.4,1430.4,-0.02,14.35,20229.84,-1
2023-07-25,2023-07-25 14:36:00,1430.4,1430.4,1430.17,1430.17,-0.02,14.35,20229.84,-1
2023-07-25,2023-07-25 14:37:00,1430.17,1430.17,1429.95,1429.95,-0.02,14.35,20229.84,-1
2023-07-25,2023-07-25 14:38:00,1429.95,1429.95,1429.72,1429.72,-0.02,14.35,20229.84,-1
2023-07-25,2023-07-25 14:39:00,1429.72,1429.72,1429.5,1429.5,-0.02,14.35,20229.84,-1
2023-07-25,2023-07-25 14:40:00,1429.5,1429.5,1429.28,1429.28,-0.02,14.35,20229.84,-1
2023-07-25,2023-07-25 14:41:00,1429.28,1429.28,1429.05,1429.05,-0.02,14.35,20229.84,-1
2023-07-25,2023-07-25 14:42:00,1429.05,1429.05,1428.83,1428.83,-0.02,14.35,20229.84,-1
2023-07-25,2023-07-25 14:43:00,1428.83,1428.83,1428.6,1428.6,-0.02,14.35,20229.84,-1
2023-07-25,2023-07-25 14:44:00,1428.6,1428.6,1428.38,1428.38,-0.02,14.35,20229.84,-1
2023-07-25,2023-07-25 14:45:00,1428.38,1428.38,1428.15,1428.15,-0.02,14.35,20229.84,-1
2023-07-25,2023-07-25 14:46:00,1428.15,1428.15,1427.92,1427.92,-0.02,14.35,20229.84,-1
2023-07-25,2023-07-25 14:47:00,1427.92,1427.92,1427.7,1427.7,-0.02,14.35,20229.84,-1
2023-07-25,2023-07-25 14:48:00,1427.7,1427.7,1427.47,1427.47,-0.02,14.35,20229.84,-1
2023-07-25,2023-07-25 14:49:00,1427.47,1427.47,1427.25,1427.25,-0.02,14.35,20229.84,-1
2023-07-25,2023-07-25 14:50:00,1427.25,1427.25,1427.03,1427.03,-0.02,14.35,20229.84,-1
2023-07-25,2023-07-25 14:51:00,1427.03,1427.03,1426.8,1426.8,-0.02,14.35,20229.84,-1
2023-07-25,2023-07-25 14:52:00,1426.8,1426.8,1426.58,1426.58,-0.02,14.35,20229.84,-1
2023-07-25,2023-07-25 14:53:00,1426.58,1426.58,1426.35,1426.35,-0.02,14.35,20229.84,-1
2023-07-25,2023-07-25 14:54:00,1426.35,1426.35,1426.12,1426.12,-0.02,14.35,20229.84,-1
2023-07-25,2023-07-25 14:55:00,1426.12,1426.12,1425.9,1425.9,-0.02,14.35,20229.84,-1
2023-07-25,2023-07-25 14:56:00,1425.9,1425.9,1425.67,1425.67,-0.02,14.35,20229.84,-1
2023-07-25,2023-07-25 14:57:00,1425.67,1425.67,1425.45,1425.45,-0.02,14.35,20229.84,-1
2023-07-25,2023-07-25 14:58:00,1425.45,1425.45,1425.22,1425.22,-0.02,14.35,20229.84,-1
2023-07-25,2023-07-25 14:59:00,1425.22,1425.22,1425.0,1425.0,-0.02,14.35,20229.84,-1
2023-07-25,2023-07-25 15:00:00,1425.0,1479.0,1400.0,1425.0,0.0,14.35,20229.84,0
2023-07-26,2023-07-26 11:00:00,1425.0,1425.0,1413.0,1424.83,-0.01,9.45,13180.18,-1
2023-07-26,2023-07-26 11:01:00,1424.83,1424.83,1424.67,1424.67,-0.01,9.45,13180.18,-1
2023-07-26,2023-07-26 11:02:00,1424.67,1424.67,1424.5,1424.5,-0.01,9.45,13180.18,-1
2023-07-26,2023-07-26 11:03:00,1424.5,1424.5,1424.33,1424.33,-0.01,9.45,13180.18,-1
2023-07-26,2023-07-26 11:04:00,1424.33,1424.33,1424.17,1424.17,-0.01,9.45,13180.18,-1
2023-07-26,2023-07-26 11:05:00,1424.17,1424.17,1424.0,1424.0,-0.01,9.45,13180.18,-1
2023-07-26,2023-07-26 11:06:00,1424.0,1424.0,1423.83,1423.83,-0.01,9.45,13180.18,-1
2023-07-26,2023-07-26 11:07:00,1423.83,1423.83,1423.67,1423.67,-0.01,9.45,13180.18,-1
2023-07-26,2023-07-26 11:08:00,1423.67,1423.67,1423.5,1423.5,-0.01,9.45,13180.18,-1
2023-07-26,2023-07-26 11:09:00,1423.5,1423.5,1423.33,1423.33,-0.01,9.45,13180.18,-1
2023-07-26,2023-07-26 11:10:00,1423.33,1423.33,1423.17,1423.17,-0.01,9.45,13180.18,-1
2023-07-26,2023-07-26 11:11:00,1423.17,1423.17,1423.0,1423.0,-0.01,9.45,13180.18,-1
2023-07-26,2023-07-26 11:12:00,1423.0,1423.0,1422.83,1422.83,-0.01,9.45,13180.18,-1
2023-07-26,2023-07-26 11:13:00,1422.83,1422.83,1422.67,1422.67,-0.01,9.45,13180.18,-1
2023-07-26,2023-07-26 11:14:00,1422.67,1422.67,1422.5,1422.5,-0.01,9.45,13180.18,-1
2023-07-26,2023-07-26 11:15:00,1422.5,1422.5,1422.33,1422.33,-0.01,9.45,13180.18,-1
2023-07-26,2023-07-26 11:16:00,1422.33,1422.33,1422.17,1422.17,-0.01,9.45,13180.18,-1
2023-07-26,2023-07-26 11:17:00,1422.17,1422.17,1422.0,1422.0,-0.01,9.45,13180.18,-1
2023-07-26,2023-07-26 11:18:00,1422.0,1422.0,1421.83,1421.83,-0.01,9.45,13180.18,-1
2023-07-26,2023-07-26 11:19:00,1421.83,1421.83,1421.67,1421.67,-0.01,9.45,13180.18,-1
2023-07-26,2023-07-26 11:20:00,1421.67,1421.67,1421.5,1421.5,-0.01,9.45,13180.18,-1
2023-07-26,2023-07-26 11:21:00,1421.5,1421.5,1421.33,1421.33,-0.01,9.45,13180.18,-1
2023-07-26,2023-07-26 11:22:00,1421.33,1421.33,1421.17,1421.17,-0.01,9.45,13180.18,-1
2023-07-26,2023-07-26 11:23:00,1421.17,1421.17,1421.0,1421.0,-0.01,9.45,13180.18,-1
2023-07-26,2023-07-26 11:24:00,1421.0,1421.0,1420.83,1420.83,-0.01,9.45,13180.18,-1
2023-07-26,2023-07-26 11:25:00,1420.83,1420.83,1420.67,1420.67,-0.01,9.45,13180.18,-1
2023-07-26,2023-07-26 11:26:00,1420.67,1420.67,1420.5,1420.5,-0.01,9.45,13180.18,-1
2023-07-26,2023-07-26 11:27:00,1420.5,1420.5,1420.33,1420.33,-0.01,9.45,13180.18,-1
2023-07-26,2023-07-26 11:28:00,1420.33,1420.33,1420.17,1420.17,-0.01,9.45,13180.18,-1
2023-07-26,2023-07-26 11:29:00,1420.17,1420.17,1420.0,1420.0,-0.01,9.45,13180.18,-1
2023-07-26,2023-07-26 11:30:00,1420.0,1420.0,1419.83,1419.83,-0.01,9.45,13180.18,-1
2023-07-26,2023-07-26 11:31:00,1419.83,1419.83,1419.67,1419.67,-0.01,9.45,13180.18,-1
2023-07-26,2023-07-26 11:32:00,1419.67,1419.67,1419.5,1419.5,-0.01,9.45,13180.18,-1
2023-07-26,2023-07-26 11:33:00,1419.5,1419.5,1419.33,1419.33,-0.01,9.45,13180.18,-1
2023-07-26,2023-07-26 11:34:00,1419.33,1419.33,1419.17,1419.17,-0.01,9.45,13180.18,-1
2023-07-26,2023-07-26 11:35:00,1419.17,1419.17,1419.0,1419.0,-0.01,9.45,13180.18,-1
2023-07-26,2023-07-26 11:36:00,1419.0,1419.0,1418.83,1418.83,-0.01,9.45,13180.18,-1
2023-07-26,2023-07-26 11:37:00,1418.83,1418.83,1418.67,1418.67,-0.01,9.45,13180.18,-1
2023-07-26,2023-07-26 11:38:00,1418.67,1418.67,1418.5,1418.5,-0.01,9.45,13180.18,-1
2023-07-26,2023-07-26 11:39:00,1418.5,1418.5,1418.33,1418.33,-0.01,9.45,13180.18,-1
2023-07-26,2023-07-26 11:40:00,1418.33,1418.33,1418.17,1418.17,-0.01,9.45,13180.18,-1
2023-07-26,2023-07-26 11:41:00,1418.17,1418.17,1418.0,1418.0,-0.01,9.45,13180.18,-1
2023-07-26,2023-07-26 11:42:00,1418.0,1418.0,1417.83,1417.83,-0.01,9.45,13180.18,-1
2023-07-26,2023-07-26 11:43:00,1417.83,1417.83,1417.67,1417.67,-0.01,9.45,13180.18,-1
2023-07-26,2023-07-26 11:44:00,1417.67,1417.67,1417.5,1417.5,-0.01,9.45,13180.18,-1
2023-07-26,2023-07-26 11:45:00,1417.5,1417.5,1417.33,1417.33,-0.01,9.45,13180.18,-1
2023-07-26,2023-07-26 11:46:00,1417.33,1417.33,1417.17,1417.17,-0.01,9.45,13180.18,-1
2023-07-26,2023-07-26 11:47:00,1417.17,1417.17,1417.0,1417.0,-0.01,9.45,13180.18,-1
2023-07-26,2023-07-26 11:48:00,1417.0,1417.0,1416.83,1416.83,-0.01,9.45,13180.18,-1
2023-07-26,2023-07-26 11:49:00,1416.83,1416.83,1416.67,1416.67,-0.01,9.45,13180.18,-1
2023-07-26,2023-07-26 11:50:00,1416.67,1416.67,1416.5,1416.5,-0.01,9.45,13180.18,-1
2023-07-26,2023-07-26 11:51:00,1416.5,1416.5,1416.33,1416.33,-0.01,9.45,13180.18,-1
2023-07-26,2023-07-26 11:52:00,1416.33,1416.33,1416.17,1416.17,-0.01,9.45,13180.18,-1
2023-07-26,2023-07-26 11:53:00,1416.17,1416.17,1416.0,1416.0,-0.01,9.45,13180.18,-1
2023-07-26,2023-07-26 11:54:00,1416.0,1416.0,1415.83,1415.83,-0.01,9.45,13180.18,-1
2023-07-26,2023-07-26 11:55:00,1415.83,1415.83,1415.67,1415.67,-0.01,9.45,13180.18,-1
2023-07-26,2023-07-26 11:56:00,1415.67,1415.67,1415.5,1415.5,-0.01,9.45,13180.18,-1
2023-07-26,2023-07-26 11:57:00,1415.5,1415.5,1415.33,1415.33,-0.01,9.45,13180.18,-1
2023-07-26,2023-07-26 11:58:00,1415.33,1415.33,1415.17,1415.17,-0.01,9.45,13180.18,-1
2023-07-26,2023-07-26 11:59:00,1415.17,1415.17,1415.0,1415.0,-0.01,9.45,13180.18,-1
2023-07-26,2023-07-26 12:00:00,1415.0,1415.0,1414.83,1414.83,-0.01,9.45,13180.18,-1
2023-07-26,2023-07-26 12:01:00,1414.83,1414.83,1414.67,1414.67,-0.01,9.45,13180.18,-1
2023-07-26,2023-07-26 12:02:00,1414.67,1414.67,1414.5,1414.5,-0.01,9.45,13180.18,-1
2023-07-26,2023-07-26 12:03:00,1414.5,1414.5,1414.33,1414.33,-0.01,9.45,13180.18,-1
2023-07-26,2023-07-26 12:04:00,1414.33,1414.33,1414.17,1414.17,-0.01,9.45,13180.18,-1
2023-07-26,2023-07-26 12:05:00,1414.17,1414.17,1414.0,1414.0,-0.01,9.45,13180.18,-1
2023-07-26,2023-07-26 12:06:00,1414.0,1414.0,1413.83,1413.83,-0.01,9.45,13180.18,-1
2023-07-26,2023-07-26 12:07:00,1413.83,1413.83,1413.67,1413.67,-0.01,9.45,13180.18,-1
2023-07-26,2023-07-26 12:08:00,1413.67,1413.67,1413.5,1413.5,-0.01,9.45,13180.18,-1
2023-07-26,2023-07-26 12:09:00,1413.5,1413.5,1413.33,1413.33,-0.01,9.45,13180.18,-1
2023-07-26,2023-07-26 12:10:00,1413.33,1413.33,1413.17,1413.17,-0.01,9.45,13180.18,-1
2023-07-26,2023-07-26 12:11:00,1413.17,1413.17,1413.0,1413.0,-0.01,9.45,13180.18,-1
2023-07-26,2023-07-26 12:12:00,1413.0,1413.0,1412.83,1412.83,-0.01,9.45,13180.18,-1
2023-07-26,2023-07-26 12:13:00,1412.83,1412.83,1412.67,1412.67,-0.01,9.45,13180.18,-1
2023-07-26,2023-07-26 12:14:00,1412.67,1412.67,1412.5,1412.5,-0.01,9.45,13180.18,-1
2023-07-26,2023-07-26 12:15:00,1412.5,1412.5,1412.33,1412.33,-0.01,9.45,13180.18,-1
2023-07-26,2023-07-26 12:16:00,1412.33,1412.33,1412.17,1412.17,-0.01,9.45,13180.18,-1
2023-07-26,2023-07-26 12:17:00,1412.17,1412.17,1412.0,1412.0,-0.01,9.45,13180.18,-1
2023-07-26,2023-07-26 12:18:00,1412.0,1412.0,1411.83,1411.83,-0.01,9.45,13180.18,-1
2023-07-26,2023-07-26 12:19:00,1411.83,1411.83,1411.67,1411.67,-0.01,9.45,13180.18,-1
2023-07-26,2023-07-26 12:20:00,1411.67,1411.67,1411.5,1411.5,-0.01,9.45,13180.18,-1
2023-07-26,2023-07-26 12:21:00,1411.5,1411.5,1411.33,1411.33,-0.01,9.45,13180.18,-1
2023-07-26,2023-07-26 12:22:00,1411.33,1411.33,1411.17,1411.17,-0.01,9.45,13180.18,-1
2023-07-26,2023-07-26 12:23:00,1411.17,1411.17,1411.0,1411.0,-0.01,9.45,13180.18,-1
2023-07-26,2023-07-26 12:24:00,1411.0,1411.0,1410.83,1410.83,-0.01,9.45,13180.18,-1
2023-07-26,2023-07-26 12:25:00,1410.83,1410.83,1410.67,1410.67,-0.01,9.45,13180.18,-1
2023-07-26,2023-07-26 12:26:00,1410.67,1410.67,1410.5,1410.5,-0.01,9.45,13180.18,-1
2023-07-26,2023-07-26 12:27:00,1410.5,1410.5,1410.33,1410.33,-0.01,9.45,13180.18,-1
2023-07-26,2023-07-26 12:28:00,1410.33,1410.33,1410.17,1410.17,-0.01,9.45,13180.18,-1
2023-07-26,2023-07-26 12:29:00,1410.17,1410.17,1410.0,1410.0,-0.01,9.45,13180.18,-1
2023-07-26,2023-07-26 12:30:00,1410.0,1410.0,1409.83,1409.83,-0.01,9.45,13180.18,-1
2023-07-26,2023-07-26 12:31:00,1409.83,1409.83,1409.67,1409.67,-0.01,9.45,13180.18,-1
2023-07-26,2023-07-26 12:32:00,1409.67,1409.67,1409.5,1409.5,-0.01,9.45,13180.18,-1
2023-07-26,2023-07-26 12:33:00,1409.5,1409.5,1409.33,1409.33,-0.01,9.45,13180.18,-1
2023-07-26,2023-07-26 12:34:00,1409.33,1409.33,1409.17,1409.17,-0.01,9.45,13180.18,-1
2023-07-26,2023-07-26 12:35:00,1409.17,1409.17,1409.0,1409.0,-0.01,9.45,13180.18,-1
2023-07-26,2023-07-26 12:36:00,1409.0,1409.0,1408.83,1408.83,-0.01,9.45,13180.18,-1
2023-07-26,2023-07-26 12:37:00,1408.83,1408.83,1408.67,1408.67,-0.01,9.45,13180.18,-1
2023-07-26,2023-07-26 12:38:00,1408.67,1408.67,1408.5,1408.5,-0.01,9.45,13180.18,-1
2023-07-26,2023-07-26 12:39:00,1408.5,1408.5,1408.33,1408.33,-0.01,9.45,13180.18,-1
2023-07-26,2023-07-26 12:40:00,1408.33,1408.33,1408.17,1408.17,-0.01,9.45,13180.18,-1
2023-07-26,2023-07-26 12:41:00,1408.17,1408.17,1408.0,1408.0,-0.01,9.45,13180.18,-1
2023-07-26,2023-07-26 12:42:00,1408.0,1408.0,1407.83,1407.83,-0.01,9.45,13180.18,-1
2023-07-26,2023-07-26 12:43:00,1407.83,1407.83,1407.67,1407.67,-0.01,9.45,13180.18,-1
2023-07-26,2023-07-26 12:44:00,1407.67,1407.67,1407.5,1407.5,-0.01,9.45,13180.18,-1
2023-07-26,2023-07-26 12:45:00,1407.5,1407.5,1407.33,1407.33,-0.01,9.45,13180.18,-1
2023-07-26,2023-07-26 12:46:00,1407.33,1407.33,1407.17,1407.17,-0.01,9.45,13180.18,-1
2023-07-26,2023-07-26 12:47:00,1407.17,1407.17,1407.0,1407.0,-0.01,9.45,13180.18,-1
2023-07-26,2023-07-26 12:48:00,1407.0,1407.0,1406.83,1406.83,-0.01,9.45,13180.18,-1
2023-07-26,2023-07-26 12:49:00,1406.83,1406.83,1406.67,1406.67,-0.01,9.45,13180.18,-1
2023-07-26,2023-07-26 12:50:00,1406.67,1406.67,1406.5,1406.5,-0.01,9.45,13180.18,-1
2023-07-26,2023-07-26 12:51:00,1406.5,1406.5,1406.33,1406.33,-0.01,9.45,13180.18,-1
2023-07-26,2023-07-26 12:52:00,1406.33,1406.33,1406.17,1406.17,-0.01,9.45,13180.18,-1
2023-07-26,2023-07-26 12:53:00,1406.17,1406.17,1406.0,1406.0,-0.01,9.45,13180.18,-1
2023-07-26,2023-07-26 12:54:00,1406.0,1406.0,1405.83,1405.83,-0.01,9.45,13180.18,-1
2023-07-26,2023-07-26 12:55:00,1405.83,1405.83,1405.67,1405.67,-0.01,9.45,13180.18,-1
2023-07-26,2023-07-26 12:56:00,1405.67,1405.67,1405.5,1405.5,-0.01,9.45,13180.18,-1
2023-07-26,2023-07-26 12:57:00,1405.5,1405.5,1405.33,1405.33,-0.01,9.45,13180.18,-1
2023-07-26,2023-07-26 12:58:00,1405.33,1405.33,1405.17,1405.17,-0.01,9.45,13180.18,-1
2023-07-26,2023-07-26 12:59:00,1405.17,1405.17,1405.0,1405.0,-0.01,9.45,13180.18,-1
2023-07-26,2023-07-26 13:00:00,1405.0,1425.0,1385.0,1404.83,-0.01,9.45,13180.18,-1
2023-07-26,2023-07-26 13:01:00,1404.83,1404.83,1404.67,1404.67,-0.01,9.45,13180.18,-1
2023-07-26,2023-07-26 13:02:00,1404.67,1404.67,1404.5,1404.5,-0.01,9.45,13180.18,-1
2023-07-26,2023-07-26 13:03:00,1404.5,1404.5,1404.33,1404.33,-0.01,9.45,13180.18,-1
2023-07-26,2023-07-26 13:04:00,1404.33,1404.33,1404.17,1404.17,-0.01,9.45,13180.18,-1
2023-07-26,2023-07-26 13:05:00,1404.17,1404.17,1404.0,1404.0,-0.01,9.45,13180.18,-1
2023-07-26,2023-07-26 13:06:00,1404.0,1404.0,1403.83,1403.83,-0.01,9.45,13180.18,-1
2023-07-26,2023-07-26 13:07:00,1403.83,1403.83,1403.67,1403.67,-0.01,9.45,13180.18,-1
2023-07-26,2023-07-26 13:08:00,1403.67,1403.67,1403.5,1403.5,-0.01,9.45,13180.18,-1
2023-07-26,2023-07-26 13:09:00,1403.5,1403.5,1403.33,1403.33,-0.01,9.45,13180.18,-1
2023-07-26,2023-07-26 13:10:00,1403.33,1403.33,1403.17,1403.17,-0.01,9.45,13180.18,-1
2023-07-26,2023-07-26 13:11:00,1403.17,1403.17,1403.0,1403.0,-0.01,9.45,13180.18,-1
2023-07-26,2023-07-26 13:12:00,1403.0,1403.0,1402.83,1402.83,-0.01,9.45,13180.18,-1
2023-07-26,2023-07-26 13:13:00,1402.83,1402.83,1402.67,1402.67,-0.01,9.45,13180.18,-1
2023-07-26,2023-07-26 13:14:00,1402.67,1402.67,1402.5,1402.5,-0.01,9.45,13180.18,-1
2023-07-26,2023-07-26 13:15:00,1402.5,1402.5,1402.33,1402.33,-0.01,9.45,13180.18,-1
2023-07-26,2023-07-26 13:16:00,1402.33,1402.33,1402.17,1402.17,-0.01,9.45,13180.18,-1
2023-07-26,2023-07-26 13:17:00,1402.17,1402.17,1402.0,1402.0,-0.01,9.45,13180.18,-1
2023-07-26,2023-07-26 13:18:00,1402.0,1402.0,1401.83,1401.83,-0.01,9.45,13180.18,-1
2023-07-26,2023-07-26 13:19:00,1401.83,1401.83,1401.67,1401.67,-0.01,9.45,13180.18,-1
2023-07-26,2023-07-26 13:20:00,1401.67,1401.67,1401.5,1401.5,-0.01,9.45,13180.18,-1
2023-07-26,2023-07-26 13:21:00,1401.5,1401.5,1401.33,1401.33,-0.01,9.45,13180.18,-1
2023-07-26,2023-07-26 13:22:00,1401.33,1401.33,1401.17,1401.17,-0.01,9.45,13180.18,-1
2023-07-26,2023-07-26 13:23:00,1401.17,1401.17,1401.0,1401.0,-0.01,9.45,13180.18,-1
2023-07-26,2023-07-26 13:24:00,1401.0,1401.0,1400.83,1400.83,-0.01,9.45,13180.18,-1
2023-07-26,2023-07-26 13:25:00,1400.83,1400.83,1400.67,1400.67,-0.01,9.45,13180.18,-1
2023-07-26,2023-07-26 13:26:00,1400.67,1400.67,1400.5,1400.5,-0.01,9.45,13180.18,-1
2023-07-26,2023-07-26 13:27:00,1400.5,1400.5,1400.33,1400.33,-0.01,9.45,13180.18,-1
2023-07-26,2023-07-26 13:28:00,1400.33,1400.33,1400.17,1400.17,-0.01,9.45,13180.18,-1
2023-07-26,2023-07-26 13:29:00,1400.17,1400.17,1400.0,1400.0,-0.01,9.45,13180.18,-1
2023-07-26,2023-07-26 13:30:00,1400.0,1400.0,1399.83,1399.83,-0.01,9.45,13180.18,-1
2023-07-26,2023-07-26 13:31:00,1399.83,1399.83,1399.67,1399.67,-0.01,9.45,13180.18,-1
2023-07-26,2023-07-26 13:32:00,1399.67,1399.67,1399.5,1399.5,-0.01,9.45,13180.18,-1
2023-07-26,2023-07-26 13:33:00,1399.5,1399.5,1399.33,1399.33,-0.01,9.45,13180.18,-1
2023-07-26,2023-07-26 13:34:00,1399.33,1399.33,1399.17,1399.17,-0.01,9.45,13180.18,-1
2023-07-26,2023-07-26 13:35:00,1399.17,1399.17,1399.0,1399.0,-0.01,9.45,13180.18,-1
2023-07-26,2023-07-26 13:36:00,1399.0,1399.0,1398.83,1398.83,-0.01,9.45,13180.18,-1
2023-07-26,2023-07-26 13:37:00,1398.83,1398.83,1398.67,1398.67,-0.01,9.45,13180.18,-1
2023-07-26,2023-07-26 13:38:00,1398.67,1398.67,1398.5,1398.5,-0.01,9.45,13180.18,-1
2023-07-26,2023-07-26 13:39:00,1398.5,1398.5,1398.33,1398.33,-0.01,9.45,13180.18,-1
2023-07-26,2023-07-26 13:40:00,1398.33,1398.33,1398.17,1398.17,-0.01,9.45,13180.18,-1
2023-07-26,2023-07-26 13:41:00,1398.17,1398.17,1398.0,1398.0,-0.01,9.45,13180.18,-1
2023-07-26,2023-07-26 13:42:00,1398.0,1398.0,1397.83,1397.83,-0.01,9.45,13180.18,-1
2023-07-26,2023-07-26 13:43:00,1397.83,1397.83,1397.67,1397.67,-0.01,9.45,13180.18,-1
2023-07-26,2023-07-26 13:44:00,1397.67,1397.67,1397.5,1397.5,-0.01,9.45,13180.18,-1
2023-07-26,2023-07-26 13:45:00,1397.5,1397.5,1397.33,1397.33,-0.01,9.45,13180.18,-1
2023-07-26,2023-07-26 13:46:00,1397.33,1397.33,1397.17,1397.17,-0.01,9.45,13180.18,-1
2023-07-26,2023-07-26 13:47:00,1397.17,1397.17,1397.0,1397.0,-0.01,9.45,13180.18,-1
2023-07-26,2023-07-26 13:48:00,1397.0,1397.0,1396.83,1396.83,-0.01,9.45,13180.18,-1
2023-07-26,2023-07-26 13:49:00,1396.83,1396.83,1396.67,1396.67,-0.01,9.45,13180.18,-1
2023-07-26,2023-07-26 13:50:00,1396.67,1396.67,1396.5,1396.5,-0.01,9.45,13180.18,-1
2023-07-26,2023-07-26 13:51:00,1396.5,1396.5,1396.33,1396.33,-0.01,9.45,13180.18,-1
2023-07-26,2023-07-26 13:52:00,1396.33,1396.33,1396.17,1396.17,-0.01,9.45,13180.18,-1
2023-07-26,2023-07-26 13:53:00,1396.17,1396.17,1396.0,1396.0,-0.01,9.45,13180.18,-1
2023-07-26,2023-07-26 13:54:00,1396.0,1396.0,1395.83,1395.83,-0.01,9.45,13180.18,-1
2023-07-26,2023-07-26 13:55:00,1395.83,1395.83,1395.67,1395.67,-0.01,9.45,13180.18,-1
2023-07-26,2023-07-26 13:56:00,1395.67,1395.67,1395.5,1395.5,-0.01,9.45,13180.18,-1
2023-07-26,2023-07-26 13:57:00,1395.5,1395.5,1395.33,1395.33,-0.01,9.45,13180.18,-1
2023-07-26,2023-07-26 13:58:00,1395.33,1395.33,1395.17,1395.17,-0.01,9.45,13180.18,-1
2023-07-26,2023-07-26 13:59:00,1395.17,1395.17,1395.0,1395.0,-0.01,9.45,13180.18,-1
2023-07-26,2023-07-26 14:00:00,1395.0,1395.0,1394.83,1394.83,-0.01,9.45,13180.18,-1
2023-07-26,2023-07-26 14:01:00,1394.83,1394.83,1394.67,1394.67,-0.01,9.45,13180.18,-1
2023-07-26,2023-07-26 14:02:00,1394.67,1394.67,1394.5,1394.5,-0.01,9.45,13180.18,-1
2023-07-26,2023-07-26 14:03:00,1394.5,1394.5,1394.33,1394.33,-0.01,9.45,13180.18,-1
2023-07-26,2023-07-26 14:04:00,1394.33,1394.33,1394.17,1394.17,-0.01,9.45,13180.18,-1
2023-07-26,2023-07-26 14:05:00,1394.17,1394.17,1394.0,1394.0,-0.01,9.45,13180.18,-1
2023-07-26,2023-07-26 14:06:00,1394.0,1394.0,1393.83,1393.83,-0.01,9.45,13180.18,-1
2023-07-26,2023-07-26 14:07:00,1393.83,1393.83,1393.67,1393.67,-0.01,9.45,13180.18,-1
2023-07-26,2023-07-26 14:08:00,1393.67,1393.67,1393.5,1393.5,-0.01,9.45,13180.18,-1
2023-07-26,2023-07-26 14:09:00,1393.5,1393.5,1393.33,1393.33,-0.01,9.45,13180.18,-1
2023-07-26,2023-07-26 14:10:00,1393.33,1393.33,1393.17,1393.17,-0.01,9.45,13180.18,-1
2023-07-26,2023-07-26 14:11:00,1393.17,1393.17,1393.0,1393.0,-0.01,9.45,13180.18,-1
2023-07-26,2023-07-26 14:12:00,1393.0,1393.0,1392.83,1392.83,-0.01,9.45,13180.18,-1
2023-07-26,2023-07-26 14:13:00,1392.83,1392.83,1392.67,1392.67,-0.01,9.45,13180.18,-1
2023-07-26,2023-07-26 14:14:00,1392.67,1392.67,1392.5,1392.5,-0.01,9.45,13180.18,-1
2023-07-26,2023-07-26 14:15:00,1392.5,1392.5,1392.33,1392.33,-0.01,9.45,13180.18,-1
2023-07-26,2023-07-26 14:16:00,1392.33,1392.33,1392.17,1392.17,-0.01,9.45,13180.18,-1
2023-07-26,2023-07-26 14:17:00,1392.17,1392.17,1392.0,1392.0,-0.01,9.45,13180.18,-1
2023-07-26,2023-07-26 14:18:00,1392.0,1392.0,1391.83,1391.83,-0.01,9.45,13180.18,-1
2023-07-26,2023-07-26 14:19:00,1391.83,1391.83,1391.67,1391.67,-0.01,9.45,13180.18,-1
2023-07-26,2023-07-26 14:20:00,1391.67,1391.67,1391.5,1391.5,-0.01,9.45,13180.18,-1
2023-07-26,2023-07-26 14:21:00,1391.5,1391.5,1391.33,1391.33,-0.01,9.45,13180.18,-1
2023-07-26,2023-07-26 14:22:00,1391.33,1391.33,1391.17,1391.17,-0.01,9.45,13180.18,-1
2023-07-26,2023-07-26 14:23:00,1391.17,1391.17,1391.0,1391.0,-0.01,9.45,13180.18,-1
2023-07-26,2023-07-26 14:24:00,1391.0,1391.0,1390.83,1390.83,-0.01,9.45,13180.18,-1
2023-07-26,2023-07-26 14:25:00,1390.83,1390.83,1390.67,1390.67,-0.01,9.45,13180.18,-1
2023-07-26,2023-07-26 14:26:00,1390.67,1390.67,1390.5,1390.5,-0.01,9.45,13180.18,-1
2023-07-26,2023-07-26 14:27:00,1390.5,1390.5,1390.33,1390.33,-0.01,9.45,13180.18,-1
2023-07-26,2023-07-26 14:28:00,1390.33,1390.33,1390.17,1390.17,-0.01,9.45,13180.18,-1
2023-07-26,2023-07-26 14:29:00,1390.17,1390.17,1390.0,1390.0,-0.01,9.45,13180.18,-1
2023-07-26,2023-07-26 14:30:00,1390.0,1390.0,1389.83,1389.83,-0.01,9.45,13180.18,-1
2023-07-26,2023-07-26 14:31:00,1389.83,1389.83,1389.67,1389.67,-0.01,9.45,13180.18,-1
2023-07-26,2023-07-26 14:32:00,1389.67,1389.67,1389.5,1389.5,-0.01,9.45,13180.18,-1
2023-07-26,2023-07-26 14:33:00,1389.5,1389.5,1389.33,1389.33,-0.01,9.45,13180.18,-1
2023-07-26,2023-07-26 14:34:00,1389.33,1389.33,1389.17,1389.17,-0.01,9.45,13180.18,-1
2023-07-26,2023-07-26 14:35:00,1389.17,1389.17,1389.0,1389.0,-0.01,9.45,13180.18,-1
2023-07-26,2023-07-26 14:36:00,1389.0,1389.0,1388.83,1388.83,-0.01,9.45,13180.18,-1
2023-07-26,2023-07-26 14:37:00,1388.83,1388.83,1388.67,1388.67,-0.01,9.45,13180.18,-1
2023-07-26,2023-07-26 14:38:00,1388.67,1388.67,1388.5,1388.5,-0.01,9.45,13180.18,-1
2023-07-26,2023-07-26 14:39:00,1388.5,1388.5,1388.33,1388.33,-0.01,9.45,13180.18,-1
2023-07-26,2023-07-26 14:40:00,1388.33,1388.33,1388.17,1388.17,-0.01,9.45,13180.18,-1
2023-07-26,2023-07-26 14:41:00,1388.17,1388.17,1388.0,1388.0,-0.01,9.45,13180.18,-1
2023-07-26,2023-07-26 14:42:00,1388.0,1388.0,1387.83,1387.83,-0.01,9.45,13180.18,-1
2023-07-26,2023-07-26 14:43:00,1387.83,1387.83,1387.67,1387.67,-0.01,9.45,13180.18,-1
2023-07-26,2023-07-26 14:44:00,1387.67,1387.67,1387.5,1387.5,-0.01,9.45,13180.18,-1
2023-07-26,2023-07-26 14:45:00,1387.5,1387.5,1387.33,1387.33,-0.01,9.45,13180.18,-1
2023-07-26,2023-07-26 14:46:00,1387.33,1387.33,1387.17,1387.17,-0.01,9.45,13180.18,-1
2023-07-26,2023-07-26 14:47:00,1387.17,1387.17,1387.0,1387.0,-0.01,9.45,13180.18,-1
2023-07-26,2023-07-26 14:48:00,1387.0,1387.0,1386.83,1386.83,-0.01,9.45,13180.18,-1
2023-07-26,2023-07-26 14:49:00,1386.83,1386.83,1386.67,1386.67,-0.01,9.45,13180.18,-1
2023-07-26,2023-07-26 14:50:00,1386.67,1386.67,1386.5,1386.5,-0.01,9.45,13180.18,-1
2023-07-26,2023-07-26 14:51:00,1386.5,1386.5,1386.33,1386.33,-0.01,9.45,13180.18,-1
2023-07-26,2023-07-26 14:52:00,1386.33,1386.33,1386.17,1386.17,-0.01,9.45,13180.18,-1
2023-07-26,2023-07-26 14:53:00,1386.17,1386.17,1386.0,1386.0,-0.01,9.45,13180.18,-1
2023-07-26,2023-07-26 14:54:00,1386.0,1386.0,1385.83,1385.83,-0.01,9.45,13180.18,-1
2023-07-26,2023-07-26 14:55:00,1385.83,1385.83,1385.67,1385.67,-0.01,9.45,13180.18,-1
2023-07-26,2023-07-26 14:56:00,1385.67,1385.67,1385.5,1385.5,-0.01,9.45,13180.18,-1
2023-07-26,2023-07-26 14:57:00,1385.5,1385.5,1385.33,1385.33,-0.01,9.45,13180.18,-1
2023-07-26,2023-07-26 14:58:00,1385.33,1385.33,1385.17,1385.17,-0.01,9.45,13180.18,-1
2023-07-26,2023-07-26 14:59:00,1385.17,1385.17,1385.0,1385.0,-0.01,9.45,13180.18,-1
2023-07-26,2023-07-26 15:00:00,1385.0,1425.0,1385.0,1385.0,0.0,9.45,13180.18,0
2023-07-27,2023-07-27 11:00:00,1400.0,1400.0,1382.0,1399.79,-0.02,13.69,18501.69,-1
2023-07-27,2023-07-27 11:01:00,1399.79,1399.79,1399.58,1399.58,-0.02,13.69,18501.69,-1
2023-07-27,2023-07-27 11:02:00,1399.58,1399.58,1399.38,1399.38,-0.01,13.69,18501.69,-1
2023-07-27,2023-07-27 11:03:00,1399.38,1399.38,1399.17,1399.17,-0.02,13.69,18501.69,-1
2023-07-27,2023-07-27 11:04:00,1399.17,1399.17,1398.96,1398.96,-0.02,13.69,18501.69,-1
2023-07-27,2023-07-27 11:05:00,1398.96,1398.96,1398.75,1398.75,-0.02,13.69,18501.69,-1
2023-07-27,2023-07-27 11:06:00,1398.75,1398.75,1398.54,1398.54,-0.02,13.69,18501.69,-1
2023-07-27,2023-07-27 11:07:00,1398.54,1398.54,1398.33,1398.33,-0.02,13.69,18501.69,-1
2023-07-27,2023-07-27 11:08:00,1398.33,1398.33,1398.12,1398.12,-0.02,13.69,18501.69,-1
2023-07-27,2023-07-27 11:09:00,1398.12,1398.12,1397.92,1397.92,-0.01,13.69,18501.69,-1
2023-07-27,2023-07-27 11:10:00,1397.92,1397.92,1397.71,1397.71,-0.02,13.69,18501.69,-1
2023-07-27,2023-07-27 11:11:00,1397.71,1397.71,1397.5,1397.5,-0.02,13.69,18501.69,-1
2023-07-27,2023-07-27 11:12:00,1397.5,1397.5,1397.29,1397.29,-0.02,13.69,18501.69,-1
2023-07-27,2023-07-27 11:13:00,1397.29,1397.29,1397.08,1397.08,-0.02,13.69,18501.69,-1
2023-07-27,2023-07-27 11:14:00,1397.08,1397.08,1396.88,1396.88,-0.01,13.69,18501.69,-1
2023-07-27,2023-07-27 11:15:00,1396.88,1396.88,1396.67,1396.67,-0.02,13.69,18501.69,-1
2023-07-27,2023-07-27 11:16:00,1396.67,1396.67,1396.46,1396.46,-0.02,13.69,18501.69,-1
2023-07-27,2023-07-27 11:17:00,1396.46,1396.46,1396.25,1396.25,-0.02,13.69,18501.69,-1
2023-07-27,2023-07-27 11:18:00,1396.25,1396.25,1396.04,1396.04,-0.02,13.69,18501.69,-1
2023-07-27,2023-07-27 11:19:00,1396.04,1396.04,1395.83,1395.83,-0.02,13.69,18501.69,-1
2023-07-27,2023-07-27 11:20:00,1395.83,1395.83,1395.62,1395.62,-0.02,13.69,18501.69,-1
2023-07-27,2023-07-27 11:21:00,1395.62,1395.62,1395.42,1395.42,-0.01,13.69,18501.69,-1
2023-07-27,2023-07-27 11:22:00,1395.42,1395.42,1395.21,1395.21,-0.02,13.69,18501.69,-1
2023-07-27,2023-07-27 11:23:00,1395.21,1395.21,1395.0,1395.0,-0.02,13.69,18501.69,-1
2023-07-27,2023-07-27 11:24:00,1395.0,1395.0,1394.79,1394.79,-0.02,13.69,18501.69,-1
2023-07-27,2023-07-27 11:25:00,1394.79,1394.79,1394.58,1394.58,-0.02,13.69,18501.69,-1
2023-07-27,2023-07-27 11:26:00,1394.58,1394.58,1394.38,1394.38,-0.01,13.69,18501.69,-1
2023-07-27,2023-07-27 11:27:00,1394.38,1394.38,1394.17,1394.17,-0.02,13.69,18501.69,-1
2023-07-27,2023-07-27 11:28:00,1394.17,1394.17,1393.96,1393.96,-0.02,13.69,18501.69,-1
2023-07-27,2023-07-27 11:29:00,1393.96,1393.96,1393.75,1393.75,-0.02,13.69,18501.69,-1
2023-07-27,2023-07-27 11:30:00,1393.75,1393.75,1393.54,1393.54,-0.02,13.69,18501.69,-1
2023-07-27,2023-07-27 11:31:00,1393.54,1393.54,1393.33,1393.33,-0.02,13.69,18501.69,-1
2023-07-27,2023-07-27 11:32:00,1393.33,1393.33,1393.12,1393.12,-0.02,13.69,18501.69,-1
2023-07-27,2023-07-27 11:33:00,1393.12,1393.12,1392.92,1392.92,-0.01,13.69,18501.69,-1
2023-07-27,2023-07-27 11:34:00,1392.92,1392.92,1392.71,1392.71,-0.02,13.69,18501.69,-1
2023-07-27,2023-07-27 11:35:00,1392.71,1392.71,1392.5,1392.5,-0.02,13.69,18501.69,-1
2023-07-27,2023-07-27 11:36:00,1392.5,1392.5,1392.29,1392.29,-0.02,13.69,18501.69,-1
2023-07-27,2023-07-27 11:37:00,1392.29,1392.29,1392.08,1392.08,-0.02,13.69,18501.69,-1
2023-07-27,2023-07-27 11:38:00,1392.08,1392.08,1391.88,1391.88,-0.01,13.69,18501.69,-1
2023-07-27,2023-07-27 11:39:00,1391.88,1391.88,1391.67,1391.67,-0.02,13.69,18501.69,-1
2023-07-27,2023-07-27 11:40:00,1391.67,1391.67,1391.46,1391.46,-0.02,13.69,18501.69,-1
2023-07-27,2023-07-27 11:41:00,1391.46,1391.46,1391.25,1391.25,-0.02,13.69,18501.69,-1
2023-07-27,2023-07-27 11:42:00,1391.25,1391.25,1391.04,1391.04,-0.02,13.69,18501.69,-1
2023-07-27,2023-07-27 11:43:00,1391.04,1391.04,1390.83,1390.83,-0.02,13.69,18501.69,-1
2023-07-27,2023-07-27 11:44:00,1390.83,1390.83,1390.62,1390.62,-0.02,13.69,18501.69,-1
2023-07-27,2023-07-27 11:45:00,1390.62,1390.62,1390.42,1390.42,-0.01,13.69,18501.69,-1
2023-07-27,2023-07-27 11:46:00,1390.42,1390.42,1390.21,1390.21,-0.02,13.69,18501.69,-1
2023-07-27,2023-07-27 11:47:00,1390.21,1390.21,1390.0,1390.0,-0.02,13.69,18501.69,-1
2023-07-27,2023-07-27 11:48:00,1390.0,1390.0,1389.79,1389.79,-0.02,13.69,18501.69,-1
2023-07-27,2023-07-27 11:49:00,1389.79,1389.79,1389.58,1389.58,-0.02,13.69,18501.69,-1
2023-07-27,2023-07-27 11:50:00,1389.58,1389.58,1389.38,1389.38,-0.01,13.69,18501.69,-1
2023-07-27,2023-07-27 11:51:00,1389.38,1389.38,1389.17,1389.17,-0.02,13.69,18501.69,-1
2023-07-27,2023-07-27 11:52:00,1389.17,1389.17,1388.96,1388.96,-0.02,13.69,18501.69,-1
2023-07-27,2023-07-27 11:53:00,1388.96,1388.96,1388.75,1388.75,-0.02,13.69,18501.69,-1
2023-07-27,2023-07-27 11:54:00,1388.75,1388.75,1388.54,1388.54,-0.02,13.69,18501.69,-1
2023-07-27,2023-07-27 11:55:00,1388.54,1388.54,1388.33,1388.33,-0.02,13.69,18501.69,-1
2023-07-27,2023-07-27 11:56:00,1388.33,1388.33,1388.12,1388.12,-0.02,13.69,18501.69,-1
2023-07-27,2023-07-27 11:57:00,1388.12,1388.12,1387.92,1387.92,-0.01,13.69,18501.69,-1
2023-07-27,2023-07-27 11:58:00,1387.92,1387.92,1387.71,1387.71,-0.02,13.69,18501.69,-1
2023-07-27,2023-07-27 11:59:00,1387.71,1387.71,1387.5,1387.5,-0.02,13.69,18501.69,-1
2023-07-27,2023-07-27 12:00:00,1387.5,1387.5,1387.29,1387.29,-0.02,13.69,18501.69,-1
2023-07-27,2023-07-27 12:01:00,1387.29,1387.29,1387.08,1387.08,-0.02,13.69,18501.69,-1
2023-07-27,2023-07-27 12:02:00,1387.08,1387.08,1386.88,1386.88,-0.01,13.69,18501.69,-1
2023-07-27,2023-07-27 12:03:00,1386.88,1386.88,1386.67,1386.67,-0.02,13.69,18501.69,-1
2023-07-27,2023-07-27 12:04:00,1386.67,1386.67,1386.46,1386.46,-0.02,13.69,18501.69,-1
2023-07-27,2023-07-27 12:05:00,1386.46,1386.46,1386.25,1386.25,-0.02,13.69,18501.69,-1
2023-07-27,2023-07-27 12:06:00,1386.25,1386.25,1386.04,1386.04,-0.02,13.69,18501.69,-1
2023-07-27,2023-07-27 12:07:00,1386.04,1386.04,1385.83,1385.83,-0.02,13.69,18501.69,-1
2023-07-27,2023-07-27 12:08:00,1385.83,1385.83,1385.62,1385.62,-0.02,13.69,18501.69,-1
2023-07-27,2023-07-27 12:09:00,1385.62,1385.62,1385.42,1385.42,-0.01,13.69,18501.69,-1
2023-07-27,2023-07-27 12:10:00,1385.42,1385.42,1385.21,1385.21,-0.02,13.69,18501.69,-1
2023-07-27,2023-07-27 12:11:00,1385.21,1385.21,1385.0,1385.0,-0.02,13.69,18501.69,-1
2023-07-27,2023-07-27 12:12:00,1385.0,1385.0,1384.79,1384.79,-0.02,13.69,18501.69,-1
2023-07-27,2023-07-27 12:13:00,1384.79,1384.79,1384.58,1384.58,-0.02,13.69,18501.69,-1
2023-07-27,2023-07-27 12:14:00,1384.58,1384.58,1384.38,1384.38,-0.01,13.69,18501.69,-1
2023-07-27,2023-07-27 12:15:00,1384.38,1384.38,1384.17,1384.17,-0.02,13.69,18501.69,-1
2023-07-27,2023-07-27 12:16:00,1384.17,1384.17,1383.96,1383.96,-0.02,13.69,18501.69,-1
2023-07-27,2023-07-27 12:17:00,1383.96,1383.96,1383.75,1383.75,-0.02,13.69,18501.69,-1
2023-07-27,2023-07-27 12:18:00,1383.75,1383.75,1383.54,1383.54,-0.02,13.69,18501.69,-1
2023-07-27,2023-07-27 12:19:00,1383.54,1383.54,1383.33,1383.33,-0.02,13.69,18501.69,-1
2023-07-27,2023-07-27 12:20:00,1383.33,1383.33,1383.12,1383.12,-0.02,13.69,18501.69,-1
2023-07-27,2023-07-27 12:21:00,1383.12,1383.12,1382.92,1382.92,-0.01,13.69,18501.69,-1
2023-07-27,2023-07-27 12:22:00,1382.92,1382.92,1382.71,1382.71,-0.02,13.69,18501.69,-1
2023-07-27,2023-07-27 12:23:00,1382.71,1382.71,1382.5,1382.5,-0.02,13.69,18501.69,-1
2023-07-27,2023-07-27 12:24:00,1382.5,1382.5,1382.29,1382.29,-0.02,13.69,18501.69,-1
2023-07-27,2023-07-27 12:25:00,1382.29,1382.29,1382.08,1382.08,-0.02,13.69,18501.69,-1
2023-07-27,2023-07-27 12:26:00,1382.08,1382.08,1381.88,1381.88,-0.01,13.69,18501.69,-1
2023-07-27,2023-07-27 12:27:00,1381.88,1381.88,1381.67,1381.67,-0.02,13.69,18501.69,-1
2023-07-27,2023-07-27 12:28:00,1381.67,1381.67,1381.46,1381.46,-0.02,13.69,18501.69,-1
2023-07-27,2023-07-27 12:29:00,1381.46,1381.46,1381.25,1381.25,-0.02,13.69,18501.69,-1
2023-07-27,2023-07-27 12:30:00,1381.25,1381.25,1381.04,1381.04,-0.02,13.69,18501.69,-1
2023-07-27,2023-07-27 12:31:00,1381.04,1381.04,1380.83,1380.83,-0.02,13.69,18501.69,-1
2023-07-27,2023-07-27 12:32:00,1380.83,1380.83,1380.62,1380.62,-0.02,13.69,18501.69,-1
2023-07-27,2023-07-27 12:33:00,1380.62,1380.62,1380.42,1380.42,-0.01,13.69,18501.69,-1
2023-07-27,2023-07-27 12:34:00,1380.42,1380.42,1380.21,1380.21,-0.02,13.69,18501.69,-1
2023-07-27,2023-07-27 12:35:00,1380.21,1380.21,1380.0,1380.0,-0.02,13.69,18501.69,-1
2023-07-27,2023-07-27 12:36:00,1380.0,1380.0,1379.79,1379.79,-0.02,13.69,18501.69,-1
2023-07-27,2023-07-27 12:37:00,1379.79,1379.79,1379.58,1379.58,-0.02,13.69,18501.69,-1
2023-07-27,2023-07-27 12:38:00,1379.58,1379.58,1379.38,1379.38,-0.01,13.69,18501.69,-1
2023-07-27,2023-07-27 12:39:00,1379.38,1379.38,1379.17,1379.17,-0.02,13.69,18501.69,-1
2023-07-27,2023-07-27 12:40:00,1379.17,1379.17,1378.96,1378.96,-0.02,13.69,18501.69,-1
2023-07-27,2023-07-27 12:41:00,1378.96,1378.96,1378.75,1378.75,-0.02,13.69,18501.69,-1
2023-07-27,2023-07-27 12:42:00,1378.75,1378.75,1378.54,1378.54,-0.02,13.69,18501.69,-1
2023-07-27,2023-07-27 12:43:00,1378.54,1378.54,1378.33,1378.33,-0.02,13.69,18501.69,-1
2023-07-27,2023-07-27 12:44:00,1378.33,1378.33,1378.12,1378.12,-0.02,13.69,18501.69,-1
2023-07-27,2023-07-27 12:45:00,1378.12,1378.12,1377.92,1377.92,-0.01,13.69,18501.69,-1
2023-07-27,2023-07-27 12:46:00,1377.92,1377.92,1377.71,1377.71,-0.02,13.69,18501.69,-1
2023-07-27,2023-07-27 12:47:00,1377.71,1377.71,1377.5,1377.5,-0.02,13.69,18501.69,-1
2023-07-27,2023-07-27 12:48:00,1377.5,1377.5,1377.29,1377.29,-0.02,13.69,18501.69,-1
2023-07-27,2023-07-27 12:49:00,1377.29,1377.29,1377.08,1377.08,-0.02,13.69,18501.69,-1
2023-07-27,2023-07-27 12:50:00,1377.08,1377.08,1376.88,1376.88,-0.01,13.69,18501.69,-1
2023-07-27,2023-07-27 12:51:00,1376.88,1376.88,1376.67,1376.67,-0.02,13.69,18501.69,-1
2023-07-27,2023-07-27 12:52:00,1376.67,1376.67,1376.46,1376.46,-0.02,13.69,18501.69,-1
2023-07-27,2023-07-27 12:53:00,1376.46,1376.46,1376.25,1376.25,-0.02,13.69,18501.69,-1
2023-07-27,2023-07-27 12:54:00,1376.25,1376.25,1376.04,1376.04,-0.02,13.69,18501.69,-1
2023-07-27,2023-07-27 12:55:00,1376.04,1376.04,1375.83,1375.83,-0.02,13.69,18501.69,-1
2023-07-27,2023-07-27 12:56:00,1375.83,1375.83,1375.62,1375.62,-0.02,13.69,18501.69,-1
2023-07-27,2023-07-27 12:57:00,1375.62,1375.62,1375.42,1375.42,-0.01,13.69,18501.69,-1
2023-07-27,2023-07-27 12:58:00,1375.42,1375.42,1375.21,1375.21,-0.02,13.69,18501.69,-1
2023-07-27,2023-07-27 12:59:00,1375.21,1375.21,1375.0,1375.0,-0.02,13.69,18501.69,-1
2023-07-27,2023-07-27 13:00:00,1375.0,1400.0,1340.0,1374.79,-0.02,13.69,18501.69,-1
2023-07-27,2023-07-27 13:01:00,1374.79,1374.79,1374.58,1374.58,-0.02,13.69,18501.69,-1
2023-07-27,2023-07-27 13:02:00,1374.58,1374.58,1374.38,1374.38,-0.01,13.69,18501.69,-1
2023-07-27,2023-07-27 13:03:00,1374.38,1374.38,1374.17,1374.17,-0.02,13.69,18501.69,-1
2023-07-27,2023-07-27 13:04:00,1374.17,1374.17,1373.96,1373.96,-0.02,13.69,18501.69,-1
2023-07-27,2023-07-27 13:05:00,1373.96,1373.96,1373.75,1373.75,-0.02,13.69,18501.69,-1
2023-07-27,2023-07-27 13:06:00,1373.75,1373.75,1373.54,1373.54,-0.02,13.69,18501.69,-1
2023-07-27,2023-07-27 13:07:00,1373.54,1373.54,1373.33,1373.33,-0.02,13.69,18501.69,-1
2023-07-27,2023-07-27 13:08:00,1373.33,1373.33,1373.12,1373.12,-0.02,13.69,18501.69,-1
2023-07-27,2023-07-27 13:09:00,1373.12,1373.12,1372.92,1372.92,-0.01,13.69,18501.69,-1
2023-07-27,2023-07-27 13:10:00,1372.92,1372.92,1372.71,1372.71,-0.02,13.69,18501.69,-1
2023-07-27,2023-07-27 13:11:00,1372.71,1372.71,1372.5,1372.5,-0.02,13.69,18501.69,-1
2023-07-27,2023-07-27 13:12:00,1372.5,1372.5,1372.29,1372.29,-0.02,13.69,18501.69,-1
2023-07-27,2023-07-27 13:13:00,1372.29,1372.29,1372.08,1372.08,-0.02,13.69,18501.69,-1
2023-07-27,2023-07-27 13:14:00,1372.08,1372.08,1371.88,1371.88,-0.01,13.69,18501.69,-1
2023-07-27,2023-07-27 13:15:00,1371.88,1371.88,1371.67,1371.67,-0.02,13.69,18501.69,-1
2023-07-27,2023-07-27 13:16:00,1371.67,1371.67,1371.46,1371.46,-0.02,13.69,18501.69,-1
2023-07-27,2023-07-27 13:17:00,1371.46,1371.46,1371.25,1371.25,-0.02,13.69,18501.69,-1
2023-07-27,2023-07-27 13:18:00,1371.25,1371.25,1371.04,1371.04,-0.02,13.69,18501.69,-1
2023-07-27,2023-07-27 13:19:00,1371.04,1371.04,1370.83,1370.83,-0.02,13.69,18501.69,-1
2023-07-27,2023-07-27 13:20:00,1370.83,1370.83,1370.62,1370.62,-0.02,13.69,18501.69,-1
2023-07-27,2023-07-27 13:21:00,1370.62,1370.62,1370.42,1370.42,-0.01,13.69,18501.69,-1
2023-07-27,2023-07-27 13:22:00,1370.42,1370.42,1370.21,1370.21,-0.02,13.69,18501.69,-1
2023-07-27,2023-07-27 13:23:00,1370.21,1370.21,1370.0,1370.0,-0.02,13.69,18501.69,-1
2023-07-27,2023-07-27 13:24:00,1370.0,1370.0,1369.79,1369.79,-0.02,13.69,18501.69,-1
2023-07-27,2023-07-27 13:25:00,1369.79,1369.79,1369.58,1369.58,-0.02,13.69,18501.69,-1
2023-07-27,2023-07-27 13:26:00,1369.58,1369.58,1369.38,1369.38,-0.01,13.69,18501.69,-1
2023-07-27,2023-07-27 13:27:00,1369.38,1369.38,1369.17,1369.17,-0.02,13.69,18501.69,-1
2023-07-27,2023-07-27 13:28:00,1369.17,1369.17,1368.96,1368.96,-0.02,13.69,18501.69,-1
2023-07-27,2023-07-27 13:29:00,1368.96,1368.96,1368.75,1368.75,-0.02,13.69,18501.69,-1
2023-07-27,2023-07-27 13:30:00,1368.75,1368.75,1368.54,1368.54,-0.02,13.69,18501.69,-1
2023-07-27,2023-07-27 13:31:00,1368.54,1368.54,1368.33,1368.33,-0.02,13.69,18501.69,-1
2023-07-27,2023-07-27 13:32:00,1368.33,1368.33,1368.12,1368.12,-0.02,13.69,18501.69,-1
2023-07-27,2023-07-27 13:33:00,1368.12,1368.12,1367.92,1367.92,-0.01,13.69,18501.69,-1
2023-07-27,2023-07-27 13:34:00,1367.92,1367.92,1367.71,1367.71,-0.02,13.69,18501.69,-1
2023-07-27,2023-07-27 13:35:00,1367.71,1367.71,1367.5,1367.5,-0.02,13.69,18501.69,-1
2023-07-27,2023-07-27 13:36:00,1367.5,1367.5,1367.29,1367.29,-0.02,13.69,18501.69,-1
2023-07-27,2023-07-27 13:37:00,1367.29,1367.29,1367.08,1367.08,-0.02,13.69,18501.69,-1
2023-07-27,2023-07-27 13:38:00,1367.08,1367.08,1366.88,1366.88,-0.01,13.69,18501.69,-1
2023-07-27,2023-07-27 13:39:00,1366.88,1366.88,1366.67,1366.67,-0.02,13.69,18501.69,-1
2023-07-27,2023-07-27 13:40:00,1366.67,1366.67,1366.46,1366.46,-0.02,13.69,18501.69,-1
2023-07-27,2023-07-27 13:41:00,1366.46,1366.46,1366.25,1366.25,-0.02,13.69,18501.69,-1
2023-07-27,2023-07-27 13:42:00,1366.25,1366.25,1366.04,1366.04,-0.02,13.69,18501.69,-1
2023-07-27,2023-07-27 13:43:00,1366.04,1366.04,1365.83,1365.83,-0.02,13.69,18501.69,-1
2023-07-27,2023-07-27 13:44:00,1365.83,1365.83,1365.62,1365.62,-0.02,13.69,18501.69,-1
2023-07-27,2023-07-27 13:45:00,1365.62,1365.62,1365.42,1365.42,-0.01,13.69,18501.69,-1
2023-07-27,2023-07-27 13:46:00,1365.42,1365.42,1365.21,1365.21,-0.02,13.69,18501.69,-1
2023-07-27,2023-07-27 13:47:00,1365.21,1365.21,1365.0,1365.0,-0.02,13.69,18501.69,-1
2023-07-27,2023-07-27 13:48:00,1365.0,1365.0,1364.79,1364.79,-0.02,13.69,18501.69,-1
2023-07-27,2023-07-27 13:49:00,1364.79,1364.79,1364.58,1364.58,-0.02,13.69,18501.69,-1
2023-07-27,2023-07-27 13:50:00,1364.58,1364.58,1364.38,1364.38,-0.01,13.69,18501.69,-1
2023-07-27,2023-07-27 13:51:00,1364.38,1364.38,1364.17,1364.17,-0.02,13.69,18501.69,-1
2023-07-27,2023-07-27 13:52:00,1364.17,1364.17,1363.96,1363.96,-0.02,13.69,18501.69,-1
2023-07-27,2023-07-27 13:53:00,1363.96,1363.96,1363.75,1363.75,-0.02,13.69,18501.69,-1
2023-07-27,2023-07-27 13:54:00,1363.75,1363.75,1363.54,1363.54,-0.02,13.69,18501.69,-1
2023-07-27,2023-07-27 13:55:00,1363.54,1363.54,1363.33,1363.33,-0.02,13.69,18501.69,-1
2023-07-27,2023-07-27 13:56:00,1363.33,1363.33,1363.12,1363.12,-0.02,13.69,18501.69,-1
2023-07-27,2023-07-27 13:57:00,1363.12,1363.12,1362.92,1362.92,-0.01,13.69,18501.69,-1
2023-07-27,2023-07-27 13:58:00,1362.92,1362.92,1362.71,1362.71,-0.02,13.69,18501.69,-1
2023-07-27,2023-07-27 13:59:00,1362.71,1362.71,1362.5,1362.5,-0.02,13.69,18501.69,-1
2023-07-27,2023-07-27 14:00:00,1362.5,1362.5,1362.29,1362.29,-0.02,13.69,18501.69,-1
2023-07-27,2023-07-27 14:01:00,1362.29,1362.29,1362.08,1362.08,-0.02,13.69,18501.69,-1
2023-07-27,2023-07-27 14:02:00,1362.08,1362.08,1361.88,1361.88,-0.01,13.69,18501.69,-1
2023-07-27,2023-07-27 14:03:00,1361.88,1361.88,1361.67,1361.67,-0.02,13.69,18501.69,-1
2023-07-27,2023-07-27 14:04:00,1361.67,1361.67,1361.46,1361.46,-0.02,13.69,18501.69,-1
2023-07-27,2023-07-27 14:05:00,1361.46,1361.46,1361.25,1361.25,-0.02,13.69,18501.69,-1
2023-07-27,2023-07-27 14:06:00,1361.25,1361.25,1361.04,1361.04,-0.02,13.69,18501.69,-1
2023-07-27,2023-07-27 14:07:00,1361.04,1361.04,1360.83,1360.83,-0.02,13.69,18501.69,-1
2023-07-27,2023-07-27 14:08:00,1360.83,1360.83,1360.62,1360.62,-0.02,13.69,18501.69,-1
2023-07-27,2023-07-27 14:09:00,1360.62,1360.62,1360.42,1360.42,-0.01,13.69,18501.69,-1
2023-07-27,2023-07-27 14:10:00,1360.42,1360.42,1360.21,1360.21,-0.02,13.69,18501.69,-1
2023-07-27,2023-07-27 14:11:00,1360.21,1360.21,1360.0,1360.0,-0.02,13.69,18501.69,-1
2023-07-27,2023-07-27 14:12:00,1360.0,1360.0,1359.79,1359.79,-0.02,13.69,18501.69,-1
2023-07-27,2023-07-27 14:13:00,1359.79,1359.79,1359.58,1359.58,-0.02,13.69,18501.69,-1
2023-07-27,2023-07-27 14:14:00,1359.58,1359.58,1359.38,1359.38,-0.01,13.69,18501.69,-1
2023-07-27,2023-07-27 14:15:00,1359.38,1359.38,1359.17,1359.17,-0.02,13.69,18501.69,-1
2023-07-27,2023-07-27 14:16:00,1359.17,1359.17,1358.96,1358.96,-0.02,13.69,18501.69,-1
2023-07-27,2023-07-27 14:17:00,1358.96,1358.96,1358.75,1358.75,-0.02,13.69,18501.69,-1
2023-07-27,2023-07-27 14:18:00,1358.75,1358.75,1358.54,1358.54,-0.02,13.69,18501.69,-1
2023-07-27,2023-07-27 14:19:00,1358.54,1358.54,1358.33,1358.33,-0.02,13.69,18501.69,-1
2023-07-27,2023-07-27 14:20:00,1358.33,1358.33,1358.12,1358.12,-0.02,13.69,18501.69,-1
2023-07-27,2023-07-27 14:21:00,1358.12,1358.12,1357.92,1357.92,-0.01,13.69,18501.69,-1
2023-07-27,2023-07-27 14:22:00,1357.92,1357.92,1357.71,1357.71,-0.02,13.69,18501.69,-1
2023-07-27,2023-07-27 14:23:00,1357.71,1357.71,1357.5,1357.5,-0.02,13.69,18501.69,-1
2023-07-27,2023-07-27 14:24:00,1357.5,1357.5,1357.29,1357.29,-0.02,13.69,18501.69,-1
2023-07-27,2023-07-27 14:25:00,1357.29,1357.29,1357.08,1357.08,-0.02,13.69,18501.69,-1
2023-07-27,2023-07-27 14:26:00,1357.08,1357.08,1356.88,1356.88,-0.01,13.69,18501.69,-1
2023-07-27,2023-07-27 14:27:00,1356.88,1356.88,1356.67,1356.67,-0.02,13.69,18501.69,-1
2023-07-27,2023-07-27 14:28:00,1356.67,1356.67,1356.46,1356.46,-0.02,13.69,18501.69,-1
2023-07-27,2023-07-27 14:29:00,1356.46,1356.46,1356.25,1356.25,-0.02,13.69,18501.69,-1
2023-07-27,2023-07-27 14:30:00,1356.25,1356.25,1356.04,1356.04,-0.02,13.69,18501.69,-1
2023-07-27,2023-07-27 14:31:00,1356.04,1356.04,1355.83,1355.83,-0.02,13.69,18501.69,-1
2023-07-27,2023-07-27 14:32:00,1355.83,1355.83,1355.62,1355.62,-0.02,13.69,18501.69,-1
2023-07-27,2023-07-27 14:33:00,1355.62,1355.62,1355.42,1355.42,-0.01,13.69,18501.69,-1
2023-07-27,2023-07-27 14:34:00,1355.42,1355.42,1355.21,1355.21,-0.02,13.69,18501.69,-1
2023-07-27,2023-07-27 14:35:00,1355.21,1355.21,1355.0,1355.0,-0.02,13.69,18501.69,-1
2023-07-27,2023-07-27 14:36:00,1355.0,1355.0,1354.79,1354.79,-0.02,13.69,18501.69,-1
2023-07-27,2023-07-27 14:37:00,1354.79,1354.79,1354.58,1354.58,-0.02,13.69,18501.69,-1
2023-07-27,2023-07-27 14:38:00,1354.58,1354.58,1354.38,1354.38,-0.01,13.69,18501.69,-1
2023-07-27,2023-07-27 14:39:00,1354.38,1354.38,1354.17,1354.17,-0.02,13.69,18501.69,-1
2023-07-27,2023-07-27 14:40:00,1354.17,1354.17,1353.96,1353.96,-0.02,13.69,18501.69,-1
2023-07-27,2023-07-27 14:41:00,1353.96,1353.96,1353.75,1353.75,-0.02,13.69,18501.69,-1
2023-07-27,2023-07-27 14:42:00,1353.75,1353.75,1353.54,1353.54,-0.02,13.69,18501.69,-1
2023-07-27,2023-07-27 14:43:00,1353.54,1353.54,1353.33,1353.33,-0.02,13.69,18501.69,-1
2023-07-27,2023-07-27 14:44:00,1353.33,1353.33,1353.12,1353.12,-0.02,13.69,18501.69,-1
2023-07-27,2023-07-27 14:45:00,1353.12,1353.12,1352.92,1352.92,-0.01,13.69,18501.69,-1
2023-07-27,2023-07-27 14:46:00,1352.92,1352.92,1352.71,1352.71,-0.02,13.69,18501.69,-1
2023-07-27,2023-07-27 14:47:00,1352.71,1352.71,1352.5,1352.5,-0.02,13.69,18501.69,-1
2023-07-27,2023-07-27 14:48:00,1352.5,1352.5,1352.29,1352.29,-0.02,13.69,18501.69,-1
2023-07-27,2023-07-27 14:49:00,1352.29,1352.29,1352.08,1352.08,-0.02,13.69,18501.69,-1
2023-07-27,2023-07-27 14:50:00,1352.08,1352.08,1351.88,1351.88,-0.01,13.69,18501.69,-1
2023-07-27,2023-07-27 14:51:00,1351.88,1351.88,1351.67,1351.67,-0.02,13.69,18501.69,-1
2023-07-27,2023-07-27 14:52:00,1351.67,1351.67,1351.46,1351.46,-0.02,13.69,18501.69,-1
2023-07-27,2023-07-27 14:53:00,1351.46,1351.46,1351.25,1351.25,-0.02,13.69,18501.69,-1
2023-07-27,2023-07-27 14:54:00,1351.25,1351.25,1351.04,1351.04,-0.02,13.69,18501.69,-1
2023-07-27,2023-07-27 14:55:00,1351.04,1351.04,1350.83,1350.83,-0.02,13.69,18501.69,-1
2023-07-27,2023-07-27 14:56:00,1350.83,1350.83,1350.62,1350.62,-0.02,13.69,18501.69,-1
2023-07-27,2023-07-27 14:57:00,1350.62,1350.62,1350.42,1350.42,-0.01,13.69,18501.69,-1
2023-07-27,2023-07-27 14:58:00,1350.42,1350.42,1350.21,1350.21,-0.02,13.69,18501.69,-1
2023-07-27,2023-07-27 14:59:00,1350.21,1350.21,1350.0,1350.0,-0.02,13.69,18501.69,-1
2023-07-27,2023-07-27 15:00:00,1350.0,1400.0,1340.0,1350.0,0.0,13.69,18501.69,0
2023-07-30,2023-07-30 11:00:00,1350.0,1353.0,1337.49,1349.96,-0.0,9.12,12049.12,-1
2023-07-30,2023-07-30 11:01:00,1349.96,1349.96,1349.92,1349.92,-0.0,9.12,12049.12,-1
2023-07-30,2023-07-30 11:02:00,1349.92,1349.92,1349.89,1349.89,-0.0,9.12,12049.12,-1
2023-07-30,2023-07-30 11:03:00,1349.89,1349.89,1349.85,1349.85,-0.0,9.12,12049.12,-1
2023-07-30,2023-07-30 11:04:00,1349.85,1349.85,1349.81,1349.81,-0.0,9.12,12049.12,-1
2023-07-30,2023-07-30 11:05:00,1349.81,1349.81,1349.78,1349.78,-0.0,9.12,12049.12,-1
2023-07-30,2023-07-30 11:06:00,1349.78,1349.78,1349.74,1349.74,-0.0,9.12,12049.12,-1
2023-07-30,2023-07-30 11:07:00,1349.74,1349.74,1349.7,1349.7,-0.0,9.12,12049.12,-1
2023-07-30,2023-07-30 11:08:00,1349.7,1349.7,1349.66,1349.66,-0.0,9.12,12049.12,-1
2023-07-30,2023-07-30 11:09:00,1349.66,1349.66,1349.62,1349.62,-0.0,9.12,12049.12,-1
2023-07-30,2023-07-30 11:10:00,1349.62,1349.62,1349.59,1349.59,-0.0,9.12,12049.12,-1
2023-07-30,2023-07-30 11:11:00,1349.59,1349.59,1349.55,1349.55,-0.0,9.12,12049.12,-1
2023-07-30,2023-07-30 11:12:00,1349.55,1349.55,1349.51,1349.51,-0.0,9.12,12049.12,-1
2023-07-30,2023-07-30 11:13:00,1349.51,1349.51,1349.47,1349.47,-0.0,9.12,12049.12,-1
2023-07-30,2023-07-30 11:14:00,1349.47,1349.47,1349.44,1349.44,-0.0,9.12,12049.12,-1
2023-07-30,2023-07-30 11:15:00,1349.44,1349.44,1349.4,1349.4,-0.0,9.12,12049.12,-1
2023-07-30,2023-07-30 11:16:00,1349.4,1349.4,1349.36,1349.36,-0.0,9.12,12049.12,-1
2023-07-30,2023-07-30 11:17:00,1349.36,1349.36,1349.33,1349.33,-0.0,9.12,12049.12,-1
2023-07-30,2023-07-30 11:18:00,1349.33,1349.33,1349.29,1349.29,-0.0,9.12,12049.12,-1
2023-07-30,2023-07-30 11:19:00,1349.29,1349.29,1349.25,1349.25,-0.0,9.12,12049.12,-1
2023-07-30,2023-07-30 11:20:00,1349.25,1349.25,1349.21,1349.21,-0.0,9.12,12049.12,-1
2023-07-30,2023-07-30 11:21:00,1349.21,1349.21,1349.17,1349.17,-0.0,9.12,12049.12,-1
2023-07-30,2023-07-30 11:22:00,1349.17,1349.17,1349.14,1349.14,-0.0,9.12,12049.12,-1
2023-07-30,2023-07-30 11:23:00,1349.14,1349.14,1349.1,1349.1,-0.0,9.12,12049.12,-1
2023-07-30,2023-07-30 11:24:00,1349.1,1349.1,1349.06,1349.06,-0.0,9.12,12049.12,-1
2023-07-30,2023-07-30 11:25:00,1349.06,1349.06,1349.03,1349.03,-0.0,9.12,12049.12,-1
2023-07-30,2023-07-30 11:26:00,1349.03,1349.03,1348.99,1348.99,-0.0,9.12,12049.12,-1
2023-07-30,2023-07-30 11:27:00,1348.99,1348.99,1348.95,1348.95,-0.0,9.12,12049.12,-1
2023-07-30,2023-07-30 11:28:00,1348.95,1348.95,1348.91,1348.91,-0.0,9.12,12049.12,-1
2023-07-30,2023-07-30 11:29:00,1348.91,1348.91,1348.88,1348.88,-0.0,9.12,12049.12,-1
2023-07-30,2023-07-30 11:30:00,1348.88,1348.88,1348.84,1348.84,-0.0,9.12,12049.12,-1
2023-07-30,2023-07-30 11:31:00,1348.84,1348.84,1348.8,1348.8,-0.0,9.12,12049.12,-1
2023-07-30,2023-07-30 11:32:00,1348.8,1348.8,1348.76,1348.76,-0.0,9.12,12049.12,-1
2023-07-30,2023-07-30 11:33:00,1348.76,1348.76,1348.72,1348.72,-0.0,9.12,12049.12,-1
2023-07-30,2023-07-30 11:34:00,1348.72,1348.72,1348.69,1348.69,-0.0,9.12,12049.12,-1
2023-07-30,2023-07-30 11:35:00,1348.69,1348.69,1348.65,1348.65,-0.0,9.12,12049.12,-1
2023-07-30,2023-07-30 11:36:00,1348.65,1348.65,1348.61,1348.61,-0.0,9.12,12049.12,-1
2023-07-30,2023-07-30 11:37:00,1348.61,1348.61,1348.58,1348.58,-0.0,9.12,12049.12,-1
2023-07-30,2023-07-30 11:38:00,1348.58,1348.58,1348.54,1348.54,-0.0,9.12,12049.12,-1
2023-07-30,2023-07-30 11:39:00,1348.54,1348.54,1348.5,1348.5,-0.0,9.12,12049.12,-1
2023-07-30,2023-07-30 11:40:00,1348.5,1348.5,1348.46,1348.46,-0.0,9.12,12049.12,-1
2023-07-30,2023-07-30 11:41:00,1348.46,1348.46,1348.42,1348.42,-0.0,9.12,12049.12,-1
2023-07-30,2023-07-30 11:42:00,1348.42,1348.42,1348.39,1348.39,-0.0,9.12,12049.12,-1
2023-07-30,2023-07-30 11:43:00,1348.39,1348.39,1348.35,1348.35,-0.0,9.12,12049.12,-1
2023-07-30,2023-07-30 11:44:00,1348.35,1348.35,1348.31,1348.31,-0.0,9.12,12049.12,-1
2023-07-30,2023-07-30 11:45:00,1348.31,1348.31,1348.28,1348.28,-0.0,9.12,12049.12,-1
2023-07-30,2023-07-30 11:46:00,1348.28,1348.28,1348.24,1348.24,-0.0,9.12,12049.12,-1
2023-07-30,2023-07-30 11:47:00,1348.24,1348.24,1348.2,1348.2,-0.0,9.12,12049.12,-1
2023-07-30,2023-07-30 11:48:00,1348.2,1348.2,1348.16,1348.16,-0.0,9.12,12049.12,-1
2023-07-30,2023-07-30 11:49:00,1348.16,1348.16,1348.12,1348.12,-0.0,9.12,12049.12,-1
2023-07-30,2023-07-30 11:50:00,1348.12,1348.12,1348.09,1348.09,-0.0,9.12,12049.12,-1
2023-07-30,2023-07-30 11:51:00,1348.09,1348.09,1348.05,1348.05,-0.0,9.12,12049.12,-1
2023-07-30,2023-07-30 11:52:00,1348.05,1348.05,1348.01,1348.01,-0.0,9.12,12049.12,-1
2023-07-30,2023-07-30 11:53:00,1348.01,1348.01,1347.97,1347.97,-0.0,9.12,12049.12,-1
2023-07-30,2023-07-30 11:54:00,1347.97,1347.97,1347.94,1347.94,-0.0,9.12,12049.12,-1
2023-07-30,2023-07-30 11:55:00,1347.94,1347.94,1347.9,1347.9,-0.0,9.12,12049.12,-1
2023-07-30,2023-07-30 11:56:00,1347.9,1347.9,1347.86,1347.86,-0.0,9.12,12049.12,-1
2023-07-30,2023-07-30 11:57:00,1347.86,1347.86,1347.83,1347.83,-0.0,9.12,12049.12,-1
2023-07-30,2023-07-30 11:58:00,1347.83,1347.83,1347.79,1347.79,-0.0,9.12,12049.12,-1
2023-07-30,2023-07-30 11:59:00,1347.79,1347.79,1347.75,1347.75,-0.0,9.12,12049.12,-1
2023-07-30,2023-07-30 12:00:00,1347.75,1347.75,1347.71,1347.71,-0.0,9.12,12049.12,-1
2023-07-30,2023-07-30 12:01:00,1347.71,1347.71,1347.67,1347.67,-0.0,9.12,12049.12,-1
2023-07-30,2023-07-30 12:02:00,1347.67,1347.67,1347.64,1347.64,-0.0,9.12,12049.12,-1
2023-07-30,2023-07-30 12:03:00,1347.64,1347.64,1347.6,1347.6,-0.0,9.12,12049.12,-1
2023-07-30,2023-07-30 12:04:00,1347.6,1347.6,1347.56,1347.56,-0.0,9.12,12049.12,-1
2023-07-30,2023-07-30 12:05:00,1347.56,1347.56,1347.53,1347.53,-0.0,9.12,12049.12,-1
2023-07-30,2023-07-30 12:06:00,1347.53,1347.53,1347.49,1347.49,-0.0,9.12,12049.12,-1
2023-07-30,2023-07-30 12:07:00,1347.49,1347.49,1347.45,1347.45,-0.0,9.12,12049.12,-1
2023-07-30,2023-07-30 12:08:00,1347.45,1347.45,1347.41,1347.41,-0.0,9.12,12049.12,-1
2023-07-30,2023-07-30 12:09:00,1347.41,1347.41,1347.38,1347.38,-0.0,9.12,12049.12,-1
2023-07-30,2023-07-30 12:10:00,1347.38,1347.38,1347.34,1347.34,-0.0,9.12,12049.12,-1
2023-07-30,2023-07-30 12:11:00,1347.34,1347.34,1347.3,1347.3,-0.0,9.12,12049.12,-1
2023-07-30,2023-07-30 12:12:00,1347.3,1347.3,1347.26,1347.26,-0.0,9.12,12049.12,-1
2023-07-30,2023-07-30 12:13:00,1347.26,1347.26,1347.22,1347.22,-0.0,9.12,12049.12,-1
2023-07-30,2023-07-30 12:14:00,1347.22,1347.22,1347.19,1347.19,-0.0,9.12,12049.12,-1
2023-07-30,2023-07-30 12:15:00,1347.19,1347.19,1347.15,1347.15,-0.0,9.12,12049.12,-1
2023-07-30,2023-07-30 12:16:00,1347.15,1347.15,1347.11,1347.11,-0.0,9.12,12049.12,-1
2023-07-30,2023-07-30 12:17:00,1347.11,1347.11,1347.08,1347.08,-0.0,9.12,12049.12,-1
2023-07-30,2023-07-30 12:18:00,1347.08,1347.08,1347.04,1347.04,-0.0,9.12,12049.12,-1
2023-07-30,2023-07-30 12:19:00,1347.04,1347.04,1347.0,1347.0,-0.0,9.12,12049.12,-1
2023-07-30,2023-07-30 12:20:00,1347.0,1347.0,1346.96,1346.96,-0.0,9.12,12049.12,-1
2023-07-30,2023-07-30 12:21:00,1346.96,1346.96,1346.92,1346.92,-0.0,9.12,12049.12,-1
2023-07-30,2023-07-30 12:22:00,1346.92,1346.92,1346.89,1346.89,-0.0,9.12,12049.12,-1
2023-07-30,2023-07-30 12:23:00,1346.89,1346.89,1346.85,1346.85,-0.0,9.12,12049.12,-1
2023-07-30,2023-07-30 12:24:00,1346.85,1346.85,1346.81,1346.81,-0.0,9.12,12049.12,-1
2023-07-30,2023-07-30 12:25:00,1346.81,1346.81,1346.78,1346.78,-0.0,9.12,12049.12,-1
2023-07-30,2023-07-30 12:26:00,1346.78,1346.78,1346.74,1346.74,-0.0,9.12,12049.12,-1
2023-07-30,2023-07-30 12:27:00,1346.74,1346.74,1346.7,1346.7,-0.0,9.12,12049.12,-1
2023-07-30,2023-07-30 12:28:00,1346.7,1346.7,1346.66,1346.66,-0.0,9.12,12049.12,-1
2023-07-30,2023-07-30 12:29:00,1346.66,1346.66,1346.62,1346.62,-0.0,9.12,12049.12,-1
2023-07-30,2023-07-30 12:30:00,1346.62,1346.62,1346.59,1346.59,-0.0,9.12,12049.12,-1
2023-07-30,2023-07-30 12:31:00,1346.59,1346.59,1346.55,1346.55,-0.0,9.12,12049.12,-1
2023-07-30,2023-07-30 12:32:00,1346.55,1346.55,1346.51,1346.51,-0.0,9.12,12049.12,-1
2023-07-30,2023-07-30 12:33:00,1346.51,1346.51,1346.47,1346.47,-0.0,9.12,12049.12,-1
2023-07-30,2023-07-30 12:34:00,1346.47,1346.47,1346.44,1346.44,-0.0,9.12,12049.12,-1
2023-07-30,2023-07-30 12:35:00,1346.44,1346.44,1346.4,1346.4,-0.0,9.12,12049.12,-1
2023-07-30,2023-07-30 12:36:00,1346.4,1346.4,1346.36,1346.36,-0.0,9.12,12049.12,-1
2023-07-30,2023-07-30 12:37:00,1346.36,1346.36,1346.33,1346.33,-0.0,9.12,12049.12,-1
2023-07-30,2023-07-30 12:38:00,1346.33,1346.33,1346.29,1346.29,-0.0,9.12,12049.12,-1
2023-07-30,2023-07-30 12:39:00,1346.29,1346.29,1346.25,1346.25,-0.0,9.12,12049.12,-1
2023-07-30,2023-07-30 12:40:00,1346.25,1346.25,1346.21,1346.21,-0.0,9.12,12049.12,-1
2023-07-30,2023-07-30 12:41:00,1346.21,1346.21,1346.17,1346.17,-0.0,9.12,12049.12,-1
2023-07-30,2023-07-30 12:42:00,1346.17,1346.17,1346.14,1346.14,-0.0,9.12,12049.12,-1
2023-07-30,2023-07-30 12:43:00,1346.14,1346.14,1346.1,1346.1,-0.0,9.12,12049.12,-1
2023-07-30,2023-07-30 12:44:00,1346.1,1346.1,1346.06,1346.06,-0.0,9.12,12049.12,-1
2023-07-30,2023-07-30 12:45:00,1346.06,1346.06,1346.03,1346.03,-0.0,9.12,12049.12,-1
2023-07-30,2023-07-30 12:46:00,1346.03,1346.03,1345.99,1345.99,-0.0,9.12,12049.12,-1
2023-07-30,2023-07-30 12:47:00,1345.99,1345.99,1345.95,1345.95,-0.0,9.12,12049.12,-1
2023-07-30,2023-07-30 12:48:00,1345.95,1345.95,1345.91,1345.91,-0.0,9.12,12049.12,-1
2023-07-30,2023-07-30 12:49:00,1345.91,1345.91,1345.88,1345.88,-0.0,9.12,12049.12,-1
2023-07-30,2023-07-30 12:50:00,1345.88,1345.88,1345.84,1345.84,-0.0,9.12,12049.12,-1
2023-07-30,2023-07-30 12:51:00,1345.84,1345.84,1345.8,1345.8,-0.0,9.12,12049.12,-1
2023-07-30,2023-07-30 12:52:00,1345.8,1345.8,1345.76,1345.76,-0.0,9.12,12049.12,-1
2023-07-30,2023-07-30 12:53:00,1345.76,1345.76,1345.72,1345.72,-0.0,9.12,12049.12,-1
2023-07-30,2023-07-30 12:54:00,1345.72,1345.72,1345.69,1345.69,-0.0,9.12,12049.12,-1
2023-07-30,2023-07-30 12:55:00,1345.69,1345.69,1345.65,1345.65,-0.0,9.12,12049.12,-1
2023-07-30,2023-07-30 12:56:00,1345.65,1345.65,1345.61,1345.61,-0.0,9.12,12049.12,-1
2023-07-30,2023-07-30 12:57:00,1345.61,1345.61,1345.58,1345.58,-0.0,9.12,12049.12,-1
2023-07-30,2023-07-30 12:58:00,1345.58,1345.58,1345.54,1345.54,-0.0,9.12,12049.12,-1
2023-07-30,2023-07-30 12:59:00,1345.54,1345.54,1345.5,1345.5,-0.0,9.12,12049.12,-1
2023-07-30,2023-07-30 13:00:00,1345.5,1360.0,1308.3,1345.46,-0.0,9.12,12049.12,-1
2023-07-30,2023-07-30 13:01:00,1345.46,1345.46,1345.42,1345.42,-0.0,9.12,12049.12,-1
2023-07-30,2023-07-30 13:02:00,1345.42,1345.42,1345.39,1345.39,-0.0,9.12,12049.12,-1
2023-07-30,2023-07-30 13:03:00,1345.39,1345.39,1345.35,1345.35,-0.0,9.12,12049.12,-1
2023-07-30,2023-07-30 13:04:00,1345.35,1345.35,1345.31,1345.31,-0.0,9.12,12049.12,-1
2023-07-30,2023-07-30 13:05:00,1345.31,1345.31,1345.28,1345.28,-0.0,9.12,12049.12,-1
2023-07-30,2023-07-30 13:06:00,1345.28,1345.28,1345.24,1345.24,-0.0,9.12,12049.12,-1
2023-07-30,2023-07-30 13:07:00,1345.24,1345.24,1345.2,1345.2,-0.0,9.12,12049.12,-1
2023-07-30,2023-07-30 13:08:00,1345.2,1345.2,1345.16,1345.16,-0.0,9.12,12049.12,-1
2023-07-30,2023-07-30 13:09:00,1345.16,1345.16,1345.12,1345.12,-0.0,9.12,12049.12,-1
2023-07-30,2023-07-30 13:10:00,1345.12,1345.12,1345.09,1345.09,-0.0,9.12,12049.12,-1
2023-07-30,2023-07-30 13:11:00,1345.09,1345.09,1345.05,1345.05,-0.0,9.12,12049.12,-1
2023-07-30,2023-07-30 13:12:00,1345.05,1345.05,1345.01,1345.01,-0.0,9.12,12049.12,-1
2023-07-30,2023-07-30 13:13:00,1345.01,1345.01,1344.97,1344.97,-0.0,9.12,12049.12,-1
2023-07-30,2023-07-30 13:14:00,1344.97,1344.97,1344.94,1344.94,-0.0,9.12,12049.12,-1
2023-07-30,2023-07-30 13:15:00,1344.94,1344.94,1344.9,1344.9,-0.0,9.12,12049.12,-1
2023-07-30,2023-07-30 13:16:00,1344.9,1344.9,1344.86,1344.86,-0.0,9.12,12049.12,-1
2023-07-30,2023-07-30 13:17:00,1344.86,1344.86,1344.83,1344.83,-0.0,9.12,12049.12,-1
2023-07-30,2023-07-30 13:18:00,1344.83,1344.83,1344.79,1344.79,-0.0,9.12,12049.12,-1
2023-07-30,2023-07-30 13:19:00,1344.79,1344.79,1344.75,1344.75,-0.0,9.12,12049.12,-1
2023-07-30,2023-07-30 13:20:00,1344.75,1344.75,1344.71,1344.71,-0.0,9.12,12049.12,-1
2023-07-30,2023-07-30 13:21:00,1344.71,1344.71,1344.67,1344.67,-0.0,9.12,12049.12,-1
2023-07-30,2023-07-30 13:22:00,1344.67,1344.67,1344.64,1344.64,-0.0,9.12,12049.12,-1
2023-07-30,2023-07-30 13:23:00,1344.64,1344.64,1344.6,1344.6,-0.0,9.12,12049.12,-1
2023-07-30,2023-07-30 13:24:00,1344.6,1344.6,1344.56,1344.56,-0.0,9.12,12049.12,-1
2023-07-30,2023-07-30 13:25:00,1344.56,1344.56,1344.53,1344.53,-0.0,9.12,12049.12,-1
2023-07-30,2023-07-30 13:26:00,1344.53,1344.53,1344.49,1344.49,-0.0,9.12,12049.12,-1
2023-07-30,2023-07-30 13:27:00,1344.49,1344.49,1344.45,1344.45,-0.0,9.12,12049.12,-1
2023-07-30,2023-07-30 13:28:00,1344.45,1344.45,1344.41,1344.41,-0.0,9.12,12049.12,-1
2023-07-30,2023-07-30 13:29:00,1344.41,1344.41,1344.38,1344.38,-0.0,9.12,12049.12,-1
2023-07-30,2023-07-30 13:30:00,1344.38,1344.38,1344.34,1344.34,-0.0,9.12,12049.12,-1
2023-07-30,2023-07-30 13:31:00,1344.34,1344.34,1344.3,1344.3,-0.0,9.12,12049.12,-1
2023-07-30,2023-07-30 13:32:00,1344.3,1344.3,1344.26,1344.26,-0.0,9.12,12049.12,-1
2023-07-30,2023-07-30 13:33:00,1344.26,1344.26,1344.22,1344.22,-0.0,9.12,12049.12,-1
2023-07-30,2023-07-30 13:34:00,1344.22,1344.22,1344.19,1344.19,-0.0,9.12,12049.12,-1
2023-07-30,2023-07-30 13:35:00,1344.19,1344.19,1344.15,1344.15,-0.0,9.12,12049.12,-1
2023-07-30,2023-07-30 13:36:00,1344.15,1344.15,1344.11,1344.11,-0.0,9.12,12049.12,-1
2023-07-30,2023-07-30 13:37:00,1344.11,1344.11,1344.08,1344.08,-0.0,9.12,12049.12,-1
2023-07-30,2023-07-30 13:38:00,1344.08,1344.08,1344.04,1344.04,-0.0,9.12,12049.12,-1
2023-07-30,2023-07-30 13:39:00,1344.04,1344.04,1344.0,1344.0,-0.0,9.12,12049.12,-1
2023-07-30,2023-07-30 13:40:00,1344.0,1344.0,1343.96,1343.96,-0.0,9.12,12049.12,-1
2023-07-30,2023-07-30 13:41:00,1343.96,1343.96,1343.92,1343.92,-0.0,9.12,12049.12,-1
2023-07-30,2023-07-30 13:42:00,1343.92,1343.92,1343.89,1343.89,-0.0,9.12,12049.12,-1
2023-07-30,2023-07-30 13:43:00,1343.89,1343.89,1343.85,1343.85,-0.0,9.12,12049.12,-1
2023-07-30,2023-07-30 13:44:00,1343.85,1343.85,1343.81,1343.81,-0.0,9.12,12049.12,-1
2023-07-30,2023-07-30 13:45:00,1343.81,1343.81,1343.78,1343.78,-0.0,9.12,12049.12,-1
2023-07-30,2023-07-30 13:46:00,1343.78,1343.78,1343.74,1343.74,-0.0,9.12,12049.12,-1
2023-07-30,2023-07-30 13:47:00,1343.74,1343.74,1343.7,1343.7,-0.0,9.12,12049.12,-1
2023-07-30,2023-07-30 13:48:00,1343.7,1343.7,1343.66,1343.66,-0.0,9.12,12049.12,-1
2023-07-30,2023-07-30 13:49:00,1343.66,1343.66,1343.62,1343.62,-0.0,9.12,12049.12,-1
2023-07-30,2023-07-30 13:50:00,1343.62,1343.62,1343.59,1343.59,-0.0,9.12,12049.12,-1
2023-07-30,2023-07-30 13:51:00,1343.59,1343.59,1343.55,1343.55,-0.0,9.12,12049.12,-1
2023-07-30,2023-07-30 13:52:00,1343.55,1343.55,1343.51,1343.51,-0.0,9.12,12049.12,-1
2023-07-30,2023-07-30 13:53:00,1343.51,1343.51,1343.47,1343.47,-0.0,9.12,12049.12,-1
2023-07-30,2023-07-30 13:54:00,1343.47,1343.47,1343.44,1343.44,-0.0,9.12,12049.12,-1
2023-07-30,2023-07-30 13:55:00,1343.44,1343.44,1343.4,1343.4,-0.0,9.12,12049.12,-1
2023-07-30,2023-07-30 13:56:00,1343.4,1343.4,1343.36,1343.36,-0.0,9.12,12049.12,-1
2023-07-30,2023-07-30 13:57:00,1343.36,1343.36,1343.33,1343.33,-0.0,9.12,12049.12,-1
2023-07-30,2023-07-30 13:58:00,1343.33,1343.33,1343.29,1343.29,-0.0,9.12,12049.12,-1
2023-07-30,2023-07-30 13:59:00,1343.29,1343.29,1343.25,1343.25,-0.0,9.12,12049.12,-1
2023-07-30,2023-07-30 14:00:00,1343.25,1343.25,1343.21,1343.21,-0.0,9.12,12049.12,-1
2023-07-30,2023-07-30 14:01:00,1343.21,1343.21,1343.17,1343.17,-0.0,9.12,12049.12,-1
2023-07-30,2023-07-30 14:02:00,1343.17,1343.17,1343.14,1343.14,-0.0,9.12,12049.12,-1
2023-07-30,2023-07-30 14:03:00,1343.14,1343.14,1343.1,1343.1,-0.0,9.12,12049.12,-1
2023-07-30,2023-07-30 14:04:00,1343.1,1343.1,1343.06,1343.06,-0.0,9.12,12049.12,-1
2023-07-30,2023-07-30 14:05:00,1343.06,1343.06,1343.03,1343.03,-0.0,9.12,12049.12,-1
2023-07-30,2023-07-30 14:06:00,1343.03,1343.03,1342.99,1342.99,-0.0,9.12,12049.12,-1
2023-07-30,2023-07-30 14:07:00,1342.99,1342.99,1342.95,1342.95,-0.0,9.12,12049.12,-1
2023-07-30,2023-07-30 14:08:00,1342.95,1342.95,1342.91,1342.91,-0.0,9.12,12049.12,-1
2023-07-30,2023-07-30 14:09:00,1342.91,1342.91,1342.88,1342.88,-0.0,9.12,12049.12,-1
2023-07-30,2023-07-30 14:10:00,1342.88,1342.88,1342.84,1342.84,-0.0,9.12,12049.12,-1
2023-07-30,2023-07-30 14:11:00,1342.84,1342.84,1342.8,1342.8,-0.0,9.12,12049.12,-1
2023-07-30,2023-07-30 14:12:00,1342.8,1342.8,1342.76,1342.76,-0.0,9.12,12049.12,-1
2023-07-30,2023-07-30 14:13:00,1342.76,1342.76,1342.72,1342.72,-0.0,9.12,12049.12,-1
2023-07-30,2023-07-30 14:14:00,1342.72,1342.72,1342.69,1342.69,-0.0,9.12,12049.12,-1
2023-07-30,2023-07-30 14:15:00,1342.69,1342.69,1342.65,1342.65,-0.0,9.12,12049.12,-1
2023-07-30,2023-07-30 14:16:00,1342.65,1342.65,1342.61,1342.61,-0.0,9.12,12049.12,-1
2023-07-30,2023-07-30 14:17:00,1342.61,1342.61,1342.58,1342.58,-0.0,9.12,12049.12,-1
2023-07-30,2023-07-30 14:18:00,1342.58,1342.58,1342.54,1342.54,-0.0,9.12,12049.12,-1
2023-07-30,2023-07-30 14:19:00,1342.54,1342.54,1342.5,1342.5,-0.0,9.12,12049.12,-1
2023-07-30,2023-07-30 14:20:00,1342.5,1342.5,1342.46,1342.46,-0.0,9.12,12049.12,-1
2023-07-30,2023-07-30 14:21:00,1342.46,1342.46,1342.42,1342.42,-0.0,9.12,12049.12,-1
2023-07-30,2023-07-30 14:22:00,1342.42,1342.42,1342.39,1342.39,-0.0,9.12,12049.12,-1
2023-07-30,2023-07-30 14:23:00,1342.39,1342.39,1342.35,1342.35,-0.0,9.12,12049.12,-1
2023-07-30,2023-07-30 14:24:00,1342.35,1342.35,1342.31,1342.31,-0.0,9.12,12049.12,-1
2023-07-30,2023-07-30 14:25:00,1342.31,1342.31,1342.28,1342.28,-0.0,9.12,12049.12,-1
2023-07-30,2023-07-30 14:26:00,1342.28,1342.28,1342.24,1342.24,-0.0,9.12,12049.12,-1
2023-07-30,2023-07-30 14:27:00,1342.24,1342.24,1342.2,1342.2,-0.0,9.12,12049.12,-1
2023-07-30,2023-07-30 14:28:00,1342.2,1342.2,1342.16,1342.16,-0.0,9.12,12049.12,-1
2023-07-30,2023-07-30 14:29:00,1342.16,1342.16,1342.12,1342.12,-0.0,9.12,12049.12,-1
2023-07-30,2023-07-30 14:30:00,1342.12,1342.12,1342.09,1342.09,-0.0,9.12,12049.12,-1
2023-07-30,2023-07-30 14:31:00,1342.09,1342.09,1342.05,1342.05,-0.0,9.12,12049.12,-1
2023-07-30,2023-07-30 14:32:00,1342.05,1342.05,1342.01,1342.01,-0.0,9.12,12049.12,-1
2023-07-30,2023-07-30 14:33:00,1342.01,1342.01,1341.97,1341.97,-0.0,9.12,12049.12,-1
2023-07-30,2023-07-30 14:34:00,1341.97,1341.97,1341.94,1341.94,-0.0,9.12,12049.12,-1
2023-07-30,2023-07-30 14:35:00,1341.94,1341.94,1341.9,1341.9,-0.0,9.12,12049.12,-1
2023-07-30,2023-07-30 14:36:00,1341.9,1341.9,1341.86,1341.86,-0.0,9.12,12049.12,-1
2023-07-30,2023-07-30 14:37:00,1341.86,1341.86,1341.83,1341.83,-0.0,9.12,12049.12,-1
2023-07-30,2023-07-30 14:38:00,1341.83,1341.83,1341.79,1341.79,-0.0,9.12,12049.12,-1
2023-07-30,2023-07-30 14:39:00,1341.79,1341.79,1341.75,1341.75,-0.0,9.12,12049.12,-1
2023-07-30,2023-07-30 14:40:00,1341.75,1341.75,1341.71,1341.71,-0.0,9.12,12049.12,-1
2023-07-30,2023-07-30 14:41:00,1341.71,1341.71,1341.67,1341.67,-0.0,9.12,12049.12,-1
2023-07-30,2023-07-30 14:42:00,1341.67,1341.67,1341.64,1341.64,-0.0,9.12,12049.12,-1
2023-07-30,2023-07-30 14:43:00,1341.64,1341.64,1341.6,1341.6,-0.0,9.12,12049.12,-1
2023-07-30,2023-07-30 14:44:00,1341.6,1341.6,1341.56,1341.56,-0.0,9.12,12049.12,-1
2023-07-30,2023-07-30 14:45:00,1341.56,1341.56,1341.53,1341.53,-0.0,9.12,12049.12,-1
2023-07-30,2023-07-30 14:46:00,1341.53,1341.53,1341.49,1341.49,-0.0,9.12,12049.12,-1
2023-07-30,2023-07-30 14:47:00,1341.49,1341.49,1341.45,1341.45,-0.0,9.12,12049.12,-1
2023-07-30,2023-07-30 14:48:00,1341.45,1341.45,1341.41,1341.41,-0.0,9.12,12049.12,-1
2023-07-30,2023-07-30 14:49:00,1341.41,1341.41,1341.38,1341.38,-0.0,9.12,12049.12,-1
2023-07-30,2023-07-30 14:50:00,1341.38,1341.38,1341.34,1341.34,-0.0,9.12,12049.12,-1
2023-07-30,2023-07-30 14:51:00,1341.34,1341.34,1341.3,1341.3,-0.0,9.12,12049.12,-1
2023-07-30,2023-07-30 14:52:00,1341.3,1341.3,1341.26,1341.26,-0.0,9.12,12049.12,-1
2023-07-30,2023-07-30 14:53:00,1341.26,1341.26,1341.22,1341.22,-0.0,9.12,12049.12,-1
2023-07-30,2023-07-30 14:54:00,1341.22,1341.22,1341.19,1341.19,-0.0,9.12,12049.12,-1
2023-07-30,2023-07-30 14:55:00,1341.19,1341.19,1341.15,1341.15,-0.0,9.12,12049.12,-1
2023-07-30,2023-07-30 14:56:00,1341.15,1341.15,1341.11,1341.11,-0.0,9.12,12049.12,-1
2023-07-30,2023-07-30 14:57:00,1341.11,1341.11,1341.08,1341.08,-0.0,9.12,12049.12,-1
2023-07-30,2023-07-30 14:58:00,1341.08,1341.08,1341.04,1341.04,-0.0,9.12,12049.12,-1
2023-07-30,2023-07-30 14:59:00,1341.04,1341.04,1341.0,1341.0,-0.0,9.12,12049.12,-1
2023-07-30,2023-07-30 15:00:00,1341.0,1360.0,1308.3,1341.0,0.0,9.12,12049.12,0
2023-07-31,2023-07-31 11:00:00,1367.8,1367.8,1351.42,1367.64,-0.01,9.64,12769.32,-1
2023-07-31,2023-07-31 11:01:00,1367.64,1367.64,1367.48,1367.48,-0.01,9.64,12769.32,-1
2023-07-31,2023-07-31 11:02:00,1367.48,1367.48,1367.31,1367.31,-0.01,9.64,12769.32,-1
2023-07-31,2023-07-31 11:03:00,1367.31,1367.31,1367.15,1367.15,-0.01,9.64,12769.32,-1
2023-07-31,2023-07-31 11:04:00,1367.15,1367.15,1366.99,1366.99,-0.01,9.64,12769.32,-1
2023-07-31,2023-07-31 11:05:00,1366.99,1366.99,1366.83,1366.83,-0.01,9.64,12769.32,-1
2023-07-31,2023-07-31 11:06:00,1366.83,1366.83,1366.67,1366.67,-0.01,9.64,12769.32,-1
2023-07-31,2023-07-31 11:07:00,1366.67,1366.67,1366.5,1366.5,-0.01,9.64,12769.32,-1
2023-07-31,2023-07-31 11:08:00,1366.5,1366.5,1366.34,1366.34,-0.01,9.64,12769.32,-1
2023-07-31,2023-07-31 11:09:00,1366.34,1366.34,1366.18,1366.18,-0.01,9.64,12769.32,-1
2023-07-31,2023-07-31 11:10:00,1366.18,1366.18,1366.02,1366.02,-0.01,9.64,12769.32,-1
2023-07-31,2023-07-31 11:11:00,1366.02,1366.02,1365.86,1365.86,-0.01,9.64,12769.32,-1
2023-07-31,2023-07-31 11:12:00,1365.86,1365.86,1365.69,1365.69,-0.01,9.64,12769.32,-1
2023-07-31,2023-07-31 11:13:00,1365.69,1365.69,1365.53,1365.53,-0.01,9.64,12769.32,-1
2023-07-31,2023-07-31 11:14:00,1365.53,1365.53,1365.37,1365.37,-0.01,9.64,12769.32,-1
2023-07-31,2023-07-31 11:15:00,1365.37,1365.37,1365.21,1365.21,-0.01,9.64,12769.32,-1
2023-07-31,2023-07-31 11:16:00,1365.21,1365.21,1365.04,1365.04,-0.01,9.64,12769.32,-1
2023-07-31,2023-07-31 11:17:00,1365.04,1365.04,1364.88,1364.88,-0.01,9.64,12769.32,-1
2023-07-31,2023-07-31 11:18:00,1364.88,1364.88,1364.72,1364.72,-0.01,9.64,12769.32,-1
2023-07-31,2023-07-31 11:19:00,1364.72,1364.72,1364.56,1364.56,-0.01,9.64,12769.32,-1
2023-07-31,2023-07-31 11:20:00,1364.56,1364.56,1364.4,1364.4,-0.01,9.64,12769.32,-1
2023-07-31,2023-07-31 11:21:00,1364.4,1364.4,1364.23,1364.23,-0.01,9.64,12769.32,-1
2023-07-31,2023-07-31 11:22:00,1364.23,1364.23,1364.07,1364.07,-0.01,9.64,12769.32,-1
2023-07-31,2023-07-31 11:23:00,1364.07,1364.07,1363.91,1363.91,-0.01,9.64,12769.32,-1
2023-07-31,2023-07-31 11:24:00,1363.91,1363.91,1363.75,1363.75,-0.01,9.64,12769.32,-1
2023-07-31,2023-07-31 11:25:00,1363.75,1363.75,1363.59,1363.59,-0.01,9.64,12769.32,-1
2023-07-31,2023-07-31 11:26:00,1363.59,1363.59,1363.42,1363.42,-0.01,9.64,12769.32,-1
2023-07-31,2023-07-31 11:27:00,1363.42,1363.42,1363.26,1363.26,-0.01,9.64,12769.32,-1
2023-07-31,2023-07-31 11:28:00,1363.26,1363.26,1363.1,1363.1,-0.01,9.64,12769.32,-1
2023-07-31,2023-07-31 11:29:00,1363.1,1363.1,1362.94,1362.94,-0.01,9.64,12769.32,-1
2023-07-31,2023-07-31 11:30:00,1362.94,1362.94,1362.78,1362.78,-0.01,9.64,12769.32,-1
2023-07-31,2023-07-31 11:31:00,1362.78,1362.78,1362.61,1362.61,-0.01,9.64,12769.32,-1
2023-07-31,2023-07-31 11:32:00,1362.61,1362.61,1362.45,1362.45,-0.01,9.64,12769.32,-1
2023-07-31,2023-07-31 11:33:00,1362.45,1362.45,1362.29,1362.29,-0.01,9.64,12769.32,-1
2023-07-31,2023-07-31 11:34:00,1362.29,1362.29,1362.13,1362.13,-0.01,9.64,12769.32,-1
2023-07-31,2023-07-31 11:35:00,1362.13,1362.13,1361.96,1361.96,-0.01,9.64,12769.32,-1
2023-07-31,2023-07-31 11:36:00,1361.96,1361.96,1361.8,1361.8,-0.01,9.64,12769.32,-1
2023-07-31,2023-07-31 11:37:00,1361.8,1361.8,1361.64,1361.64,-0.01,9.64,12769.32,-1
2023-07-31,2023-07-31 11:38:00,1361.64,1361.64,1361.48,1361.48,-0.01,9.64,12769.32,-1
2023-07-31,2023-07-31 11:39:00,1361.48,1361.48,1361.32,1361.32,-0.01,9.64,12769.32,-1
2023-07-31,2023-07-31 11:40:00,1361.32,1361.32,1361.15,1361.15,-0.01,9.64,12769.32,-1
2023-07-31,2023-07-31 11:41:00,1361.15,1361.15,1360.99,1360.99,-0.01,9.64,12769.32,-1
2023-07-31,2023-07-31 11:42:00,1360.99,1360.99,1360.83,1360.83,-0.01,9.64,12769.32,-1
2023-07-31,2023-07-31 11:43:00,1360.83,1360.83,1360.67,1360.67,-0.01,9.64,12769.32,-1
2023-07-31,2023-07-31 11:44:00,1360.67,1360.67,1360.51,1360.51,-0.01,9.64,12769.32,-1
2023-07-31,2023-07-31 11:45:00,1360.51,1360.51,1360.34,1360.34,-0.01,9.64,12769.32,-1
2023-07-31,2023-07-31 11:46:00,1360.34,1360.34,1360.18,1360.18,-0.01,9.64,12769.32,-1
2023-07-31,2023-07-31 11:47:00,1360.18,1360.18,1360.02,1360.02,-0.01,9.64,12769.32,-1
2023-07-31,2023-07-31 11:48:00,1360.02,1360.02,1359.86,1359.86,-0.01,9.64,12769.32,-1
2023-07-31,2023-07-31 11:49:00,1359.86,1359.86,1359.7,1359.7,-0.01,9.64,12769.32,-1
2023-07-31,2023-07-31 11:50:00,1359.7,1359.7,1359.53,1359.53,-0.01,9.64,12769.32,-1
2023-07-31,2023-07-31 11:51:00,1359.53,1359.53,1359.37,1359.37,-0.01,9.64,12769.32,-1
2023-07-31,2023-07-31 11:52:00,1359.37,1359.37,1359.21,1359.21,-0.01,9.64,12769.32,-1
2023-07-31,2023-07-31 11:53:00,1359.21,1359.21,1359.05,1359.05,-0.01,9.64,12769.32,-1
2023-07-31,2023-07-31 11:54:00,1359.05,1359.05,1358.89,1358.89,-0.01,9.64,12769.32,-1
2023-07-31,2023-07-31 11:55:00,1358.89,1358.89,1358.72,1358.72,-0.01,9.64,12769.32,-1
2023-07-31,2023-07-31 11:56:00,1358.72,1358.72,1358.56,1358.56,-0.01,9.64,12769.32,-1
2023-07-31,2023-07-31 11:57:00,1358.56,1358.56,1358.4,1358.4,-0.01,9.64,12769.32,-1
2023-07-31,2023-07-31 11:58:00,1358.4,1358.4,1358.24,1358.24,-0.01,9.64,12769.32,-1
2023-07-31,2023-07-31 11:59:00,1358.24,1358.24,1358.08,1358.08,-0.01,9.64,12769.32,-1
2023-07-31,2023-07-31 12:00:00,1358.08,1358.08,1357.91,1357.91,-0.01,9.64,12769.32,-1
2023-07-31,2023-07-31 12:01:00,1357.91,1357.91,1357.75,1357.75,-0.01,9.64,12769.32,-1
2023-07-31,2023-07-31 12:02:00,1357.75,1357.75,1357.59,1357.59,-0.01,9.64,12769.32,-1
2023-07-31,2023-07-31 12:03:00,1357.59,1357.59,1357.43,1357.43,-0.01,9.64,12769.32,-1
2023-07-31,2023-07-31 12:04:00,1357.43,1357.43,1357.26,1357.26,-0.01,9.64,12769.32,-1
2023-07-31,2023-07-31 12:05:00,1357.26,1357.26,1357.1,1357.1,-0.01,9.64,12769.32,-1
2023-07-31,2023-07-31 12:06:00,1357.1,1357.1,1356.94,1356.94,-0.01,9.64,12769.32,-1
2023-07-31,2023-07-31 12:07:00,1356.94,1356.94,1356.78,1356.78,-0.01,9.64,12769.32,-1
2023-07-31,2023-07-31 12:08:00,1356.78,1356.78,1356.62,1356.62,-0.01,9.64,12769.32,-1
2023-07-31,2023-07-31 12:09:00,1356.62,1356.62,1356.45,1356.45,-0.01,9.64,12769.32,-1
2023-07-31,2023-07-31 12:10:00,1356.45,1356.45,1356.29,1356.29,-0.01,9.64,12769.32,-1
2023-07-31,2023-07-31 12:11:00,1356.29,1356.29,1356.13,1356.13,-0.01,9.64,12769.32,-1
2023-07-31,2023-07-31 12:12:00,1356.13,1356.13,1355.97,1355.97,-0.01,9.64,12769.32,-1
2023-07-31,2023-07-31 12:13:00,1355.97,1355.97,1355.81,1355.81,-0.01,9.64,12769.32,-1
2023-07-31,2023-07-31 12:14:00,1355.81,1355.81,1355.64,1355.64,-0.01,9.64,12769.32,-1
2023-07-31,2023-07-31 12:15:00,1355.64,1355.64,1355.48,1355.48,-0.01,9.64,12769.32,-1
2023-07-31,2023-07-31 12:16:00,1355.48,1355.48,1355.32,1355.32,-0.01,9.64,12769.32,-1
2023-07-31,2023-07-31 12:17:00,1355.32,1355.32,1355.16,1355.16,-0.01,9.64,12769.32,-1
2023-07-31,2023-07-31 12:18:00,1355.16,1355.16,1355.0,1355.0,-0.01,9.64,12769.32,-1
2023-07-31,2023-07-31 12:19:00,1355.0,1355.0,1354.83,1354.83,-0.01,9.64,12769.32,-1
2023-07-31,2023-07-31 12:20:00,1354.83,1354.83,1354.67,1354.67,-0.01,9.64,12769.32,-1
2023-07-31,2023-07-31 12:21:00,1354.67,1354.67,1354.51,1354.51,-0.01,9.64,12769.32,-1
2023-07-31,2023-07-31 12:22:00,1354.51,1354.51,1354.35,1354.35,-0.01,9.64,12769.32,-1
2023-07-31,2023-07-31 12:23:00,1354.35,1354.35,1354.18,1354.18,-0.01,9.64,12769.32,-1
2023-07-31,2023-07-31 12:24:00,1354.18,1354.18,1354.02,1354.02,-0.01,9.64,12769.32,-1
2023-07-31,2023-07-31 12:25:00,1354.02,1354.02,1353.86,1353.86,-0.01,9.64,12769.32,-1
2023-07-31,2023-07-31 12:26:00,1353.86,1353.86,1353.7,1353.7,-0.01,9.64,12769.32,-1
2023-07-31,2023-07-31 12:27:00,1353.7,1353.7,1353.54,1353.54,-0.01,9.64,12769.32,-1
2023-07-31,2023-07-31 12:28:00,1353.54,1353.54,1353.37,1353.37,-0.01,9.64,12769.32,-1
2023-07-31,2023-07-31 12:29:00,1353.37,1353.37,1353.21,1353.21,-0.01,9.64,12769.32,-1
2023-07-31,2023-07-31 12:30:00,1353.21,1353.21,1353.05,1353.05,-0.01,9.64,12769.32,-1
2023-07-31,2023-07-31 12:31:00,1353.05,1353.05,1352.89,1352.89,-0.01,9.64,12769.32,-1
2023-07-31,2023-07-31 12:32:00,1352.89,1352.89,1352.73,1352.73,-0.01,9.64,12769.32,-1
2023-07-31,2023-07-31 12:33:00,1352.73,1352.73,1352.56,1352.56,-0.01,9.64,12769.32,-1
2023-07-31,2023-07-31 12:34:00,1352.56,1352.56,1352.4,1352.4,-0.01,9.64,12769.32,-1
2023-07-31,2023-07-31 12:35:00,1352.4,1352.4,1352.24,1352.24,-0.01,9.64,12769.32,-1
2023-07-31,2023-07-31 12:36:00,1352.24,1352.24,1352.08,1352.08,-0.01,9.64,12769.32,-1
2023-07-31,2023-07-31 12:37:00,1352.08,1352.08,1351.92,1351.92,-0.01,9.64,12769.32,-1
2023-07-31,2023-07-31 12:38:00,1351.92,1351.92,1351.75,1351.75,-0.01,9.64,12769.32,-1
2023-07-31,2023-07-31 12:39:00,1351.75,1351.75,1351.59,1351.59,-0.01,9.64,12769.32,-1
2023-07-31,2023-07-31 12:40:00,1351.59,1351.59,1351.43,1351.43,-0.01,9.64,12769.32,-1
2023-07-31,2023-07-31 12:41:00,1351.43,1351.43,1351.27,1351.27,-0.01,9.64,12769.32,-1
2023-07-31,2023-07-31 12:42:00,1351.27,1351.27,1351.11,1351.11,-0.01,9.64,12769.32,-1
2023-07-31,2023-07-31 12:43:00,1351.11,1351.11,1350.94,1350.94,-0.01,9.64,12769.32,-1
2023-07-31,2023-07-31 12:44:00,1350.94,1350.94,1350.78,1350.78,-0.01,9.64,12769.32,-1
2023-07-31,2023-07-31 12:45:00,1350.78,1350.78,1350.62,1350.62,-0.01,9.64,12769.32,-1
2023-07-31,2023-07-31 12:46:00,1350.62,1350.62,1350.46,1350.46,-0.01,9.64,12769.32,-1
2023-07-31,2023-07-31 12:47:00,1350.46,1350.46,1350.3,1350.3,-0.01,9.64,12769.32,-1
2023-07-31,2023-07-31 12:48:00,1350.3,1350.3,1350.13,1350.13,-0.01,9.64,12769.32,-1
2023-07-31,2023-07-31 12:49:00,1350.13,1350.13,1349.97,1349.97,-0.01,9.64,12769.32,-1
2023-07-31,2023-07-31 12:50:00,1349.97,1349.97,1349.81,1349.81,-0.01,9.64,12769.32,-1
2023-07-31,2023-07-31 12:51:00,1349.81,1349.81,1349.65,1349.65,-0.01,9.64,12769.32,-1
2023-07-31,2023-07-31 12:52:00,1349.65,1349.65,1349.48,1349.48,-0.01,9.64,12769.32,-1
2023-07-31,2023-07-31 12:53:00,1349.48,1349.48,1349.32,1349.32,-0.01,9.64,12769.32,-1
2023-07-31,2023-07-31 12:54:00,1349.32,1349.32,1349.16,1349.16,-0.01,9.64,12769.32,-1
2023-07-31,2023-07-31 12:55:00,1349.16,1349.16,1349.0,1349.0,-0.01,9.64,12769.32,-1
2023-07-31,2023-07-31 12:56:00,1349.0,1349.0,1348.84,1348.84,-0.01,9.64,12769.32,-1
2023-07-31,2023-07-31 12:57:00,1348.84,1348.84,1348.67,1348.67,-0.01,9.64,12769.32,-1
2023-07-31,2023-07-31 12:58:00,1348.67,1348.67,1348.51,1348.51,-0.01,9.64,12769.32,-1
2023-07-31,2023-07-31 12:59:00,1348.51,1348.51,1348.35,1348.35,-0.01,9.64,12769.32,-1
2023-07-31,2023-07-31 13:00:00,1348.35,1367.8,1313.2,1348.19,-0.01,9.64,12769.32,-1
2023-07-31,2023-07-31 13:01:00,1348.19,1348.19,1348.03,1348.03,-0.01,9.64,12769.32,-1
2023-07-31,2023-07-31 13:02:00,1348.03,1348.03,1347.86,1347.86,-0.01,9.64,12769.32,-1
2023-07-31,2023-07-31 13:03:00,1347.86,1347.86,1347.7,1347.7,-0.01,9.64,12769.32,-1
2023-07-31,2023-07-31 13:04:00,1347.7,1347.7,1347.54,1347.54,-0.01,9.64,12769.32,-1
2023-07-31,2023-07-31 13:05:00,1347.54,1347.54,1347.38,1347.38,-0.01,9.64,12769.32,-1
2023-07-31,2023-07-31 13:06:00,1347.38,1347.38,1347.22,1347.22,-0.01,9.64,12769.32,-1
2023-07-31,2023-07-31 13:07:00,1347.22,1347.22,1347.05,1347.05,-0.01,9.64,12769.32,-1
2023-07-31,2023-07-31 13:08:00,1347.05,1347.05,1346.89,1346.89,-0.01,9.64,12769.32,-1
2023-07-31,2023-07-31 13:09:00,1346.89,1346.89,1346.73,1346.73,-0.01,9.64,12769.32,-1
2023-07-31,2023-07-31 13:10:00,1346.73,1346.73,1346.57,1346.57,-0.01,9.64,12769.32,-1
2023-07-31,2023-07-31 13:11:00,1346.57,1346.57,1346.4,1346.4,-0.01,9.64,12769.32,-1
2023-07-31,2023-07-31 13:12:00,1346.4,1346.4,1346.24,1346.24,-0.01,9.64,12769.32,-1
2023-07-31,2023-07-31 13:13:00,1346.24,1346.24,1346.08,1346.08,-0.01,9.64,12769.32,-1
2023-07-31,2023-07-31 13:14:00,1346.08,1346.08,1345.92,1345.92,-0.01,9.64,12769.32,-1
2023-07-31,2023-07-31 13:15:00,1345.92,1345.92,1345.76,1345.76,-0.01,9.64,12769.32,-1
2023-07-31,2023-07-31 13:16:00,1345.76,1345.76,1345.59,1345.59,-0.01,9.64,12769.32,-1
2023-07-31,2023-07-31 13:17:00,1345.59,1345.59,1345.43,1345.43,-0.01,9.64,12769.32,-1
2023-07-31,2023-07-31 13:18:00,1345.43,1345.43,1345.27,1345.27,-0.01,9.64,12769.32,-1
2023-07-31,2023-07-31 13:19:00,1345.27,1345.27,1345.11,1345.11,-0.01,9.64,12769.32,-1
2023-07-31,2023-07-31 13:20:00,1345.11,1345.11,1344.95,1344.95,-0.01,9.64,12769.32,-1
2023-07-31,2023-07-31 13:21:00,1344.95,1344.95,1344.78,1344.78,-0.01,9.64,12769.32,-1
2023-07-31,2023-07-31 13:22:00,1344.78,1344.78,1344.62,1344.62,-0.01,9.64,12769.32,-1
2023-07-31,2023-07-31 13:23:00,1344.62,1344.62,1344.46,1344.46,-0.01,9.64,12769.32,-1
2023-07-31,2023-07-31 13:24:00,1344.46,1344.46,1344.3,1344.3,-0.01,9.64,12769.32,-1
2023-07-31,2023-07-31 13:25:00,1344.3,1344.3,1344.14,1344.14,-0.01,9.64,12769.32,-1
2023-07-31,2023-07-31 13:26:00,1344.14,1344.14,1343.97,1343.97,-0.01,9.64,12769.32,-1
2023-07-31,2023-07-31 13:27:00,1343.97,1343.97,1343.81,1343.81,-0.01,9.64,12769.32,-1
2023-07-31,2023-07-31 13:28:00,1343.81,1343.81,1343.65,1343.65,-0.01,9.64,12769.32,-1
2023-07-31,2023-07-31 13:29:00,1343.65,1343.65,1343.49,1343.49,-0.01,9.64,12769.32,-1
2023-07-31,2023-07-31 13:30:00,1343.49,1343.49,1343.33,1343.33,-0.01,9.64,12769.32,-1
2023-07-31,2023-07-31 13:31:00,1343.33,1343.33,1343.16,1343.16,-0.01,9.64,12769.32,-1
2023-07-31,2023-07-31 13:32:00,1343.16,1343.16,1343.0,1343.0,-0.01,9.64,12769.32,-1
2023-07-31,2023-07-31 13:33:00,1343.0,1343.0,1342.84,1342.84,-0.01,9.64,12769.32,-1
2023-07-31,2023-07-31 13:34:00,1342.84,1342.84,1342.68,1342.68,-0.01,9.64,12769.32,-1
2023-07-31,2023-07-31 13:35:00,1342.68,1342.68,1342.52,1342.52,-0.01,9.64,12769.32,-1
2023-07-31,2023-07-31 13:36:00,1342.52,1342.52,1342.35,1342.35,-0.01,9.64,12769.32,-1
2023-07-31,2023-07-31 13:37:00,1342.35,1342.35,1342.19,1342.19,-0.01,9.64,12769.32,-1
2023-07-31,2023-07-31 13:38:00,1342.19,1342.19,1342.03,1342.03,-0.01,9.64,12769.32,-1
2023-07-31,2023-07-31 13:39:00,1342.03,1342.03,1341.87,1341.87,-0.01,9.64,12769.32,-1
2023-07-31,2023-07-31 13:40:00,1341.87,1341.87,1341.7,1341.7,-0.01,9.64,12769.32,-1
2023-07-31,2023-07-31 13:41:00,1341.7,1341.7,1341.54,1341.54,-0.01,9.64,12769.32,-1
2023-07-31,2023-07-31 13:42:00,1341.54,1341.54,1341.38,1341.38,-0.01,9.64,12769.32,-1
2023-07-31,2023-07-31 13:43:00,1341.38,1341.38,1341.22,1341.22,-0.01,9.64,12769.32,-1
2023-07-31,2023-07-31 13:44:00,1341.22,1341.22,1341.06,1341.06,-0.01,9.64,12769.32,-1
2023-07-31,2023-07-31 13:45:00,1341.06,1341.06,1340.89,1340.89,-0.01,9.64,12769.32,-1
2023-07-31,2023-07-31 13:46:00,1340.89,1340.89,1340.73,1340.73,-0.01,9.64,12769.32,-1
2023-07-31,2023-07-31 13:47:00,1340.73,1340.73,1340.57,1340.57,-0.01,9.64,12769.32,-1
2023-07-31,2023-07-31 13:48:00,1340.57,1340.57,1340.41,1340.41,-0.01,9.64,12769.32,-1
2023-07-31,2023-07-31 13:49:00,1340.41,1340.41,1340.25,1340.25,-0.01,9.64,12769.32,-1
2023-07-31,2023-07-31 13:50:00,1340.25,1340.25,1340.08,1340.08,-0.01,9.64,12769.32,-1
2023-07-31,2023-07-31 13:51:00,1340.08,1340.08,1339.92,1339.92,-0.01,9.64,12769.32,-1
2023-07-31,2023-07-31 13:52:00,1339.92,1339.92,1339.76,1339.76,-0.01,9.64,12769.32,-1
2023-07-31,2023-07-31 13:53:00,1339.76,1339.76,1339.6,1339.6,-0.01,9.64,12769.32,-1
2023-07-31,2023-07-31 13:54:00,1339.6,1339.6,1339.44,1339.44,-0.01,9.64,12769.32,-1
2023-07-31,2023-07-31 13:55:00,1339.44,1339.44,1339.27,1339.27,-0.01,9.64,12769.32,-1
2023-07-31,2023-07-31 13:56:00,1339.27,1339.27,1339.11,1339.11,-0.01,9.64,12769.32,-1
2023-07-31,2023-07-31 13:57:00,1339.11,1339.11,1338.95,1338.95,-0.01,9.64,12769.32,-1
2023-07-31,2023-07-31 13:58:00,1338.95,1338.95,1338.79,1338.79,-0.01,9.64,12769.32,-1
2023-07-31,2023-07-31 13:59:00,1338.79,1338.79,1338.62,1338.62,-0.01,9.64,12769.32,-1
2023-07-31,2023-07-31 14:00:00,1338.62,1338.62,1338.46,1338.46,-0.01,9.64,12769.32,-1
2023-07-31,2023-07-31 14:01:00,1338.46,1338.46,1338.3,1338.3,-0.01,9.64,12769.32,-1
2023-07-31,2023-07-31 14:02:00,1338.3,1338.3,1338.14,1338.14,-0.01,9.64,12769.32,-1
2023-07-31,2023-07-31 14:03:00,1338.14,1338.14,1337.98,1337.98,-0.01,9.64,12769.32,-1
2023-07-31,2023-07-31 14:04:00,1337.98,1337.98,1337.81,1337.81,-0.01,9.64,12769.32,-1
2023-07-31,2023-07-31 14:05:00,1337.81,1337.81,1337.65,1337.65,-0.01,9.64,12769.32,-1
2023-07-31,2023-07-31 14:06:00,1337.65,1337.65,1337.49,1337.49,-0.01,9.64,12769.32,-1
2023-07-31,2023-07-31 14:07:00,1337.49,1337.49,1337.33,1337.33,-0.01,9.64,12769.32,-1
2023-07-31,2023-07-31 14:08:00,1337.33,1337.33,1337.17,1337.17,-0.01,9.64,12769.32,-1
2023-07-31,2023-07-31 14:09:00,1337.17,1337.17,1337.0,1337.0,-0.01,9.64,12769.32,-1
2023-07-31,2023-07-31 14:10:00,1337.0,1337.0,1336.84,1336.84,-0.01,9.64,12769.32,-1
2023-07-31,2023-07-31 14:11:00,1336.84,1336.84,1336.68,1336.68,-0.01,9.64,12769.32,-1
2023-07-31,2023-07-31 14:12:00,1336.68,1336.68,1336.52,1336.52,-0.01,9.64,12769.32,-1
2023-07-31,2023-07-31 14:13:00,1336.52,1336.52,1336.36,1336.36,-0.01,9.64,12769.32,-1
2023-07-31,2023-07-31 14:14:00,1336.36,1336.36,1336.19,1336.19,-0.01,9.64,12769.32,-1
2023-07-31,2023-07-31 14:15:00,1336.19,1336.19,1336.03,1336.03,-0.01,9.64,12769.32,-1
2023-07-31,2023-07-31 14:16:00,1336.03,1336.03,1335.87,1335.87,-0.01,9.64,12769.32,-1
2023-07-31,2023-07-31 14:17:00,1335.87,1335.87,1335.71,1335.71,-0.01,9.64,12769.32,-1
2023-07-31,2023-07-31 14:18:00,1335.71,1335.71,1335.55,1335.55,-0.01,9.64,12769.32,-1
2023-07-31,2023-07-31 14:19:00,1335.55,1335.55,1335.38,1335.38,-0.01,9.64,12769.32,-1
2023-07-31,2023-07-31 14:20:00,1335.38,1335.38,1335.22,1335.22,-0.01,9.64,12769.32,-1
2023-07-31,2023-07-31 14:21:00,1335.22,1335.22,1335.06,1335.06,-0.01,9.64,12769.32,-1
2023-07-31,2023-07-31 14:22:00,1335.06,1335.06,1334.9,1334.9,-0.01,9.64,12769.32,-1
2023-07-31,2023-07-31 14:23:00,1334.9,1334.9,1334.74,1334.74,-0.01,9.64,12769.32,-1
2023-07-31,2023-07-31 14:24:00,1334.74,1334.74,1334.57,1334.57,-0.01,9.64,12769.32,-1
2023-07-31,2023-07-31 14:25:00,1334.57,1334.57,1334.41,1334.41,-0.01,9.64,12769.32,-1
2023-07-31,2023-07-31 14:26:00,1334.41,1334.41,1334.25,1334.25,-0.01,9.64,12769.32,-1
2023-07-31,2023-07-31 14:27:00,1334.25,1334.25,1334.09,1334.09,-0.01,9.64,12769.32,-1
2023-07-31,2023-07-31 14:28:00,1334.09,1334.09,1333.92,1333.92,-0.01,9.64,12769.32,-1
2023-07-31,2023-07-31 14:29:00,1333.92,1333.92,1333.76,1333.76,-0.01,9.64,12769.32,-1
2023-07-31,2023-07-31 14:30:00,1333.76,1333.76,1333.6,1333.6,-0.01,9.64,12769.32,-1
2023-07-31,2023-07-31 14:31:00,1333.6,1333.6,1333.44,1333.44,-0.01,9.64,12769.32,-1
2023-07-31,2023-07-31 14:32:00,1333.44,1333.44,1333.28,1333.28,-0.01,9.64,12769.32,-1
2023-07-31,2023-07-31 14:33:00,1333.28,1333.28,1333.11,1333.11,-0.01,9.64,12769.32,-1
2023-07-31,2023-07-31 14:34:00,1333.11,1333.11,1332.95,1332.95,-0.01,9.64,12769.32,-1
2023-07-31,2023-07-31 14:35:00,1332.95,1332.95,1332.79,1332.79,-0.01,9.64,12769.32,-1
2023-07-31,2023-07-31 14:36:00,1332.79,1332.79,1332.63,1332.63,-0.01,9.64,12769.32,-1
2023-07-31,2023-07-31 14:37:00,1332.63,1332.63,1332.47,1332.47,-0.01,9.64,12769.32,-1
2023-07-31,2023-07-31 14:38:00,1332.47,1332.47,1332.3,1332.3,-0.01,9.64,12769.32,-1
2023-07-31,2023-07-31 14:39:00,1332.3,1332.3,1332.14,1332.14,-0.01,9.64,12769.32,-1
2023-07-31,2023-07-31 14:40:00,1332.14,1332.14,1331.98,1331.98,-0.01,9.64,12769.32,-1
2023-07-31,2023-07-31 14:41:00,1331.98,1331.98,1331.82,1331.82,-0.01,9.64,12769.32,-1
2023-07-31,2023-07-31 14:42:00,1331.82,1331.82,1331.66,1331.66,-0.01,9.64,12769.32,-1
2023-07-31,2023-07-31 14:43:00,1331.66,1331.66,1331.49,1331.49,-0.01,9.64,12769.32,-1
2023-07-31,2023-07-31 14:44:00,1331.49,1331.49,1331.33,1331.33,-0.01,9.64,12769.32,-1
2023-07-31,2023-07-31 14:45:00,1331.33,1331.33,1331.17,1331.17,-0.01,9.64,12769.32,-1
2023-07-31,2023-07-31 14:46:00,1331.17,1331.17,1331.01,1331.01,-0.01,9.64,12769.32,-1
2023-07-31,2023-07-31 14:47:00,1331.01,1331.01,1330.85,1330.85,-0.01,9.64,12769.32,-1
2023-07-31,2023-07-31 14:48:00,1330.85,1330.85,1330.68,1330.68,-0.01,9.64,12769.32,-1
2023-07-31,2023-07-31 14:49:00,1330.68,1330.68,1330.52,1330.52,-0.01,9.64,12769.32,-1
2023-07-31,2023-07-31 14:50:00,1330.52,1330.52,1330.36,1330.36,-0.01,9.64,12769.32,-1
2023-07-31,2023-07-31 14:51:00,1330.36,1330.36,1330.2,1330.2,-0.01,9.64,12769.32,-1
2023-07-31,2023-07-31 14:52:00,1330.2,1330.2,1330.03,1330.03,-0.01,9.64,12769.32,-1
2023-07-31,2023-07-31 14:53:00,1330.03,1330.03,1329.87,1329.87,-0.01,9.64,12769.32,-1
2023-07-31,2023-07-31 14:54:00,1329.87,1329.87,1329.71,1329.71,-0.01,9.64,12769.32,-1
2023-07-31,2023-07-31 14:55:00,1329.71,1329.71,1329.55,1329.55,-0.01,9.64,12769.32,-1
2023-07-31,2023-07-31 14:56:00,1329.55,1329.55,1329.39,1329.39,-0.01,9.64,12769.32,-1
2023-07-31,2023-07-31 14:57:00,1329.39,1329.39,1329.22,1329.22,-0.01,9.64,12769.32,-1
2023-07-31,2023-07-31 14:58:00,1329.22,1329.22,1329.06,1329.06,-0.01,9.64,12769.32,-1
2023-07-31,2023-07-31 14:59:00,1329.06,1329.06,1328.9,1328.9,-0.01,9.64,12769.32,-1
2023-07-31,2023-07-31 15:00:00,1328.9,1367.8,1313.2,1328.9,0.0,9.64,12769.32,0
2023-08-01,2023-08-01 11:00:00,1305.0,1314.0,1288.5,1304.96,-0.0,17.16,22106.22,-1
2023-08-01,2023-08-01 11:01:00,1304.96,1304.96,1304.92,1304.92,-0.0,17.16,22106.22,-1
2023-08-01,2023-08-01 11:02:00,1304.92,1304.92,1304.88,1304.88,-0.0,17.16,22106.22,-1
2023-08-01,2023-08-01 11:03:00,1304.88,1304.88,1304.83,1304.83,-0.0,17.16,22106.22,-1
2023-08-01,2023-08-01 11:04:00,1304.83,1304.83,1304.79,1304.79,-0.0,17.16,22106.22,-1
2023-08-01,2023-08-01 11:05:00,1304.79,1304.79,1304.75,1304.75,-0.0,17.16,22106.22,-1
2023-08-01,2023-08-01 11:06:00,1304.75,1304.75,1304.71,1304.71,-0.0,17.16,22106.22,-1
2023-08-01,2023-08-01 11:07:00,1304.71,1304.71,1304.67,1304.67,-0.0,17.16,22106.22,-1
2023-08-01,2023-08-01 11:08:00,1304.67,1304.67,1304.62,1304.62,-0.0,17.16,22106.22,-1
2023-08-01,2023-08-01 11:09:00,1304.62,1304.62,1304.58,1304.58,-0.0,17.16,22106.22,-1
2023-08-01,2023-08-01 11:10:00,1304.58,1304.58,1304.54,1304.54,-0.0,17.16,22106.22,-1
2023-08-01,2023-08-01 11:11:00,1304.54,1304.54,1304.5,1304.5,-0.0,17.16,22106.22,-1
2023-08-01,2023-08-01 11:12:00,1304.5,1304.5,1304.46,1304.46,-0.0,17.16,22106.22,-1
2023-08-01,2023-08-01 11:13:00,1304.46,1304.46,1304.42,1304.42,-0.0,17.16,22106.22,-1
2023-08-01,2023-08-01 11:14:00,1304.42,1304.42,1304.38,1304.38,-0.0,17.16,22106.22,-1
2023-08-01,2023-08-01 11:15:00,1304.38,1304.38,1304.33,1304.33,-0.0,17.16,22106.22,-1
2023-08-01,2023-08-01 11:16:00,1304.33,1304.33,1304.29,1304.29,-0.0,17.16,22106.22,-1
2023-08-01,2023-08-01 11:17:00,1304.29,1304.29,1304.25,1304.25,-0.0,17.16,22106.22,-1
2023-08-01,2023-08-01 11:18:00,1304.25,1304.25,1304.21,1304.21,-0.0,17.16,22106.22,-1
2023-08-01,2023-08-01 11:19:00,1304.21,1304.21,1304.17,1304.17,-0.0,17.16,22106.22,-1
2023-08-01,2023-08-01 11:20:00,1304.17,1304.17,1304.12,1304.12,-0.0,17.16,22106.22,-1
2023-08-01,2023-08-01 11:21:00,1304.12,1304.12,1304.08,1304.08,-0.0,17.16,22106.22,-1
2023-08-01,2023-08-01 11:22:00,1304.08,1304.08,1304.04,1304.04,-0.0,17.16,22106.22,-1
2023-08-01,2023-08-01 11:23:00,1304.04,1304.04,1304.0,1304.0,-0.0,17.16,22106.22,-1
2023-08-01,2023-08-01 11:24:00,1304.0,1304.0,1303.96,1303.96,-0.0,17.16,22106.22,-1
2023-08-01,2023-08-01 11:25:00,1303.96,1303.96,1303.92,1303.92,-0.0,17.16,22106.22,-1
2023-08-01,2023-08-01 11:26:00,1303.92,1303.92,1303.88,1303.88,-0.0,17.16,22106.22,-1
2023-08-01,2023-08-01 11:27:00,1303.88,1303.88,1303.83,1303.83,-0.0,17.16,22106.22,-1
2023-08-01,2023-08-01 11:28:00,1303.83,1303.83,1303.79,1303.79,-0.0,17.16,22106.22,-1
2023-08-01,2023-08-01 11:29:00,1303.79,1303.79,1303.75,1303.75,-0.0,17.16,22106.22,-1
2023-08-01,2023-08-01 11:30:00,1303.75,1303.75,1303.71,1303.71,-0.0,17.16,22106.22,-1
2023-08-01,2023-08-01 11:31:00,1303.71,1303.71,1303.67,1303.67,-0.0,17.16,22106.22,-1
2023-08-01,2023-08-01 11:32:00,1303.67,1303.67,1303.62,1303.62,-0.0,17.16,22106.22,-1
2023-08-01,2023-08-01 11:33:00,1303.62,1303.62,1303.58,1303.58,-0.0,17.16,22106.22,-1
2023-08-01,2023-08-01 11:34:00,1303.58,1303.58,1303.54,1303.54,-0.0,17.16,22106.22,-1
2023-08-01,2023-08-01 11:35:00,1303.54,1303.54,1303.5,1303.5,-0.0,17.16,22106.22,-1
2023-08-01,2023-08-01 11:36:00,1303.5,1303.5,1303.46,1303.46,-0.0,17.16,22106.22,-1
2023-08-01,2023-08-01 11:37:00,1303.46,1303.46,1303.42,1303.42,-0.0,17.16,22106.22,-1
2023-08-01,2023-08-01 11:38:00,1303.42,1303.42,1303.38,1303.38,-0.0,17.16,22106.22,-1
2023-08-01,2023-08-01 11:39:00,1303.38,1303.38,1303.33,1303.33,-0.0,17.16,22106.22,-1
2023-08-01,2023-08-01 11:40:00,1303.33,1303.33,1303.29,1303.29,-0.0,17.16,22106.22,-1
2023-08-01,2023-08-01 11:41:00,1303.29,1303.29,1303.25,1303.25,-0.0,17.16,22106.22,-1
2023-08-01,2023-08-01 11:42:00,1303.25,1303.25,1303.21,1303.21,-0.0,17.16,22106.22,-1
2023-08-01,2023-08-01 11:43:00,1303.21,1303.21,1303.17,1303.17,-0.0,17.16,22106.22,-1
2023-08-01,2023-08-01 11:44:00,1303.17,1303.17,1303.12,1303.12,-0.0,17.16,22106.22,-1
2023-08-01,2023-08-01 11:45:00,1303.12,1303.12,1303.08,1303.08,-0.0,17.16,22106.22,-1
2023-08-01,2023-08-01 11:46:00,1303.08,1303.08,1303.04,1303.04,-0.0,17.16,22106.22,-1
2023-08-01,2023-08-01 11:47:00,1303.04,1303.04,1303.0,1303.0,-0.0,17.16,22106.22,-1
2023-08-01,2023-08-01 11:48:00,1303.0,1303.0,1302.96,1302.96,-0.0,17.16,22106.22,-1
2023-08-01,2023-08-01 11:49:00,1302.96,1302.96,1302.92,1302.92,-0.0,17.16,22106.22,-1
2023-08-01,2023-08-01 11:50:00,1302.92,1302.92,1302.88,1302.88,-0.0,17.16,22106.22,-1
2023-08-01,2023-08-01 11:51:00,1302.88,1302.88,1302.83,1302.83,-0.0,17.16,22106.22,-1
2023-08-01,2023-08-01 11:52:00,1302.83,1302.83,1302.79,1302.79,-0.0,17.16,22106.22,-1
2023-08-01,2023-08-01 11:53:00,1302.79,1302.79,1302.75,1302.75,-0.0,17.16,22106.22,-1
2023-08-01,2023-08-01 11:54:00,1302.75,1302.75,1302.71,1302.71,-0.0,17.16,22106.22,-1
2023-08-01,2023-08-01 11:55:00,1302.71,1302.71,1302.67,1302.67,-0.0,17.16,22106.22,-1
2023-08-01,2023-08-01 11:56:00,1302.67,1302.67,1302.62,1302.62,-0.0,17.16,22106.22,-1
2023-08-01,2023-08-01 11:57:00,1302.62,1302.62,1302.58,1302.58,-0.0,17.16,22106.22,-1
2023-08-01,2023-08-01 11:58:00,1302.58,1302.58,1302.54,1302.54,-0.0,17.16,22106.22,-1
2023-08-01,2023-08-01 11:59:00,1302.54,1302.54,1302.5,1302.5,-0.0,17.16,22106.22,-1
2023-08-01,2023-08-01 12:00:00,1302.5,1302.5,1302.46,1302.46,-0.0,17.16,22106.22,-1
2023-08-01,2023-08-01 12:01:00,1302.46,1302.46,1302.42,1302.42,-0.0,17.16,22106.22,-1
2023-08-01,2023-08-01 12:02:00,1302.42,1302.42,1302.38,1302.38,-0.0,17.16,22106.22,-1
2023-08-01,2023-08-01 12:03:00,1302.38,1302.38,1302.33,1302.33,-0.0,17.16,22106.22,-1
2023-08-01,2023-08-01 12:04:00,1302.33,1302.33,1302.29,1302.29,-0.0,17.16,22106.22,-1
2023-08-01,2023-08-01 12:05:00,1302.29,1302.29,1302.25,1302.25,-0.0,17.16,22106.22,-1
2023-08-01,2023-08-01 12:06:00,1302.25,1302.25,1302.21,1302.21,-0.0,17.16,22106.22,-1
2023-08-01,2023-08-01 12:07:00,1302.21,1302.21,1302.17,1302.17,-0.0,17.16,22106.22,-1
2023-08-01,2023-08-01 12:08:00,1302.17,1302.17,1302.12,1302.12,-0.0,17.16,22106.22,-1
2023-08-01,2023-08-01 12:09:00,1302.12,1302.12,1302.08,1302.08,-0.0,17.16,22106.22,-1
2023-08-01,2023-08-01 12:10:00,1302.08,1302.08,1302.04,1302.04,-0.0,17.16,22106.22,-1
2023-08-01,2023-08-01 12:11:00,1302.04,1302.04,1302.0,1302.0,-0.0,17.16,22106.22,-1
2023-08-01,2023-08-01 12:12:00,1302.0,1302.0,1301.96,1301.96,-0.0,17.16,22106.22,-1
2023-08-01,2023-08-01 12:13:00,1301.96,1301.96,1301.92,1301.92,-0.0,17.16,22106.22,-1
2023-08-01,2023-08-01 12:14:00,1301.92,1301.92,1301.88,1301.88,-0.0,17.16,22106.22,-1
2023-08-01,2023-08-01 12:15:00,1301.88,1301.88,1301.83,1301.83,-0.0,17.16,22106.22,-1
2023-08-01,2023-08-01 12:16:00,1301.83,1301.83,1301.79,1301.79,-0.0,17.16,22106.22,-1
2023-08-01,2023-08-01 12:17:00,1301.79,1301.79,1301.75,1301.75,-0.0,17.16,22106.22,-1
2023-08-01,2023-08-01 12:18:00,1301.75,1301.75,1301.71,1301.71,-0.0,17.16,22106.22,-1
2023-08-01,2023-08-01 12:19:00,1301.71,1301.71,1301.67,1301.67,-0.0,17.16,22106.22,-1
2023-08-01,2023-08-01 12:20:00,1301.67,1301.67,1301.62,1301.62,-0.0,17.16,22106.22,-1
2023-08-01,2023-08-01 12:21:00,1301.62,1301.62,1301.58,1301.58,-0.0,17.16,22106.22,-1
2023-08-01,2023-08-01 12:22:00,1301.58,1301.58,1301.54,1301.54,-0.0,17.16,22106.22,-1
2023-08-01,2023-08-01 12:23:00,1301.54,1301.54,1301.5,1301.5,-0.0,17.16,22106.22,-1
2023-08-01,2023-08-01 12:24:00,1301.5,1301.5,1301.46,1301.46,-0.0,17.16,22106.22,-1
2023-08-01,2023-08-01 12:25:00,1301.46,1301.46,1301.42,1301.42,-0.0,17.16,22106.22,-1
2023-08-01,2023-08-01 12:26:00,1301.42,1301.42,1301.38,1301.38,-0.0,17.16,22106.22,-1
2023-08-01,2023-08-01 12:27:00,1301.38,1301.38,1301.33,1301.33,-0.0,17.16,22106.22,-1
2023-08-01,2023-08-01 12:28:00,1301.33,1301.33,1301.29,1301.29,-0.0,17.16,22106.22,-1
2023-08-01,2023-08-01 12:29:00,1301.29,1301.29,1301.25,1301.25,-0.0,17.16,22106.22,-1
2023-08-01,2023-08-01 12:30:00,1301.25,1301.25,1301.21,1301.21,-0.0,17.16,22106.22,-1
2023-08-01,2023-08-01 12:31:00,1301.21,1301.21,1301.17,1301.17,-0.0,17.16,22106.22,-1
2023-08-01,2023-08-01 12:32:00,1301.17,1301.17,1301.12,1301.12,-0.0,17.16,22106.22,-1
2023-08-01,2023-08-01 12:33:00,1301.12,1301.12,1301.08,1301.08,-0.0,17.16,22106.22,-1
2023-08-01,2023-08-01 12:34:00,1301.08,1301.08,1301.04,1301.04,-0.0,17.16,22106.22,-1
2023-08-01,2023-08-01 12:35:00,1301.04,1301.04,1301.0,1301.0,-0.0,17.16,22106.22,-1
2023-08-01,2023-08-01 12:36:00,1301.0,1301.0,1300.96,1300.96,-0.0,17.16,22106.22,-1
2023-08-01,2023-08-01 12:37:00,1300.96,1300.96,1300.92,1300.92,-0.0,17.16,22106.22,-1
2023-08-01,2023-08-01 12:38:00,1300.92,1300.92,1300.88,1300.88,-0.0,17.16,22106.22,-1
2023-08-01,2023-08-01 12:39:00,1300.88,1300.88,1300.83,1300.83,-0.0,17.16,22106.22,-1
2023-08-01,2023-08-01 12:40:00,1300.83,1300.83,1300.79,1300.79,-0.0,17.16,22106.22,-1
2023-08-01,2023-08-01 12:41:00,1300.79,1300.79,1300.75,1300.75,-0.0,17.16,22106.22,-1
2023-08-01,2023-08-01 12:42:00,1300.75,1300.75,1300.71,1300.71,-0.0,17.16,22106.22,-1
2023-08-01,2023-08-01 12:43:00,1300.71,1300.71,1300.67,1300.67,-0.0,17.16,22106.22,-1
2023-08-01,2023-08-01 12:44:00,1300.67,1300.67,1300.62,1300.62,-0.0,17.16,22106.22,-1
2023-08-01,2023-08-01 12:45:00,1300.62,1300.62,1300.58,1300.58,-0.0,17.16,22106.22,-1
2023-08-01,2023-08-01 12:46:00,1300.58,1300.58,1300.54,1300.54,-0.0,17.16,22106.22,-1
2023-08-01,2023-08-01 12:47:00,1300.54,1300.54,1300.5,1300.5,-0.0,17.16,22106.22,-1
2023-08-01,2023-08-01 12:48:00,1300.5,1300.5,1300.46,1300.46,-0.0,17.16,22106.22,-1
2023-08-01,2023-08-01 12:49:00,1300.46,1300.46,1300.42,1300.42,-0.0,17.16,22106.22,-1
2023-08-01,2023-08-01 12:50:00,1300.42,1300.42,1300.38,1300.38,-0.0,17.16,22106.22,-1
2023-08-01,2023-08-01 12:51:00,1300.38,1300.38,1300.33,1300.33,-0.0,17.16,22106.22,-1
2023-08-01,2023-08-01 12:52:00,1300.33,1300.33,1300.29,1300.29,-0.0,17.16,22106.22,-1
2023-08-01,2023-08-01 12:53:00,1300.29,1300.29,1300.25,1300.25,-0.0,17.16,22106.22,-1
2023-08-01,2023-08-01 12:54:00,1300.25,1300.25,1300.21,1300.21,-0.0,17.16,22106.22,-1
2023-08-01,2023-08-01 12:55:00,1300.21,1300.21,1300.17,1300.17,-0.0,17.16,22106.22,-1
2023-08-01,2023-08-01 12:56:00,1300.17,1300.17,1300.12,1300.12,-0.0,17.16,22106.22,-1
2023-08-01,2023-08-01 12:57:00,1300.12,1300.12,1300.08,1300.08,-0.0,17.16,22106.22,-1
2023-08-01,2023-08-01 12:58:00,1300.08,1300.08,1300.04,1300.04,-0.0,17.16,22106.22,-1
2023-08-01,2023-08-01 12:59:00,1300.04,1300.04,1300.0,1300.0,-0.0,17.16,22106.22,-1
2023-08-01,2023-08-01 13:00:00,1300.0,1335.0,1250.0,1299.96,-0.0,17.16,22106.22,-1
2023-08-01,2023-08-01 13:01:00,1299.96,1299.96,1299.92,1299.92,-0.0,17.16,22106.22,-1
2023-08-01,2023-08-01 13:02:00,1299.92,1299.92,1299.88,1299.88,-0.0,17.16,22106.22,-1
2023-08-01,2023-08-01 13:03:00,1299.88,1299.88,1299.83,1299.83,-0.0,17.16,22106.22,-1
2023-08-01,2023-08-01 13:04:00,1299.83,1299.83,1299.79,1299.79,-0.0,17.16,22106.22,-1
2023-08-01,2023-08-01 13:05:00,1299.79,1299.79,1299.75,1299.75,-0.0,17.16,22106.22,-1
2023-08-01,2023-08-01 13:06:00,1299.75,1299.75,1299.71,1299.71,-0.0,17.16,22106.22,-1
2023-08-01,2023-08-01 13:07:00,1299.71,1299.71,1299.67,1299.67,-0.0,17.16,22106.22,-1
2023-08-01,2023-08-01 13:08:00,1299.67,1299.67,1299.62,1299.62,-0.0,17.16,22106.22,-1
2023-08-01,2023-08-01 13:09:00,1299.62,1299.62,1299.58,1299.58,-0.0,17.16,22106.22,-1
2023-08-01,2023-08-01 13:10:00,1299.58,1299.58,1299.54,1299.54,-0.0,17.16,22106.22,-1
2023-08-01,2023-08-01 13:11:00,1299.54,1299.54,1299.5,1299.5,-0.0,17.16,22106.22,-1
2023-08-01,2023-08-01 13:12:00,1299.5,1299.5,1299.46,1299.46,-0.0,17.16,22106.22,-1
2023-08-01,2023-08-01 13:13:00,1299.46,1299.46,1299.42,1299.42,-0.0,17.16,22106.22,-1
2023-08-01,2023-08-01 13:14:00,1299.42,1299.42,1299.38,1299.38,-0.0,17.16,22106.22,-1
2023-08-01,2023-08-01 13:15:00,1299.38,1299.38,1299.33,1299.33,-0.0,17.16,22106.22,-1
2023-08-01,2023-08-01 13:16:00,1299.33,1299.33,1299.29,1299.29,-0.0,17.16,22106.22,-1
2023-08-01,2023-08-01 13:17:00,1299.29,1299.29,1299.25,1299.25,-0.0,17.16,22106.22,-1
2023-08-01,2023-08-01 13:18:00,1299.25,1299.25,1299.21,1299.21,-0.0,17.16,22106.22,-1
2023-08-01,2023-08-01 13:19:00,1299.21,1299.21,1299.17,1299.17,-0.0,17.16,22106.22,-1
2023-08-01,2023-08-01 13:20:00,1299.17,1299.17,1299.12,1299.12,-0.0,17.16,22106.22,-1
2023-08-01,2023-08-01 13:21:00,1299.12,1299.12,1299.08,1299.08,-0.0,17.16,22106.22,-1
2023-08-01,2023-08-01 13:22:00,1299.08,1299.08,1299.04,1299.04,-0.0,17.16,22106.22,-1
2023-08-01,2023-08-01 13:23:00,1299.04,1299.04,1299.0,1299.0,-0.0,17.16,22106.22,-1
2023-08-01,2023-08-01 13:24:00,1299.0,1299.0,1298.96,1298.96,-0.0,17.16,22106.22,-1
2023-08-01,2023-08-01 13:25:00,1298.96,1298.96,1298.92,1298.92,-0.0,17.16,22106.22,-1
2023-08-01,2023-08-01 13:26:00,1298.92,1298.92,1298.88,1298.88,-0.0,17.16,22106.22,-1
2023-08-01,2023-08-01 13:27:00,1298.88,1298.88,1298.83,1298.83,-0.0,17.16,22106.22,-1
2023-08-01,2023-08-01 13:28:00,1298.83,1298.83,1298.79,1298.79,-0.0,17.16,22106.22,-1
2023-08-01,2023-08-01 13:29:00,1298.79,1298.79,1298.75,1298.75,-0.0,17.16,22106.22,-1
2023-08-01,2023-08-01 13:30:00,1298.75,1298.75,1298.71,1298.71,-0.0,17.16,22106.22,-1
2023-08-01,2023-08-01 13:31:00,1298.71,1298.71,1298.67,1298.67,-0.0,17.16,22106.22,-1
2023-08-01,2023-08-01 13:32:00,1298.67,1298.67,1298.62,1298.62,-0.0,17.16,22106.22,-1
2023-08-01,2023-08-01 13:33:00,1298.62,1298.62,1298.58,1298.58,-0.0,17.16,22106.22,-1
2023-08-01,2023-08-01 13:34:00,1298.58,1298.58,1298.54,1298.54,-0.0,17.16,22106.22,-1
2023-08-01,2023-08-01 13:35:00,1298.54,1298.54,1298.5,1298.5,-0.0,17.16,22106.22,-1
2023-08-01,2023-08-01 13:36:00,1298.5,1298.5,1298.46,1298.46,-0.0,17.16,22106.22,-1
2023-08-01,2023-08-01 13:37:00,1298.46,1298.46,1298.42,1298.42,-0.0,17.16,22106.22,-1
2023-08-01,2023-08-01 13:38:00,1298.42,1298.42,1298.38,1298.38,-0.0,17.16,22106.22,-1
2023-08-01,2023-08-01 13:39:00,1298.38,1298.38,1298.33,1298.33,-0.0,17.16,22106.22,-1
2023-08-01,2023-08-01 13:40:00,1298.33,1298.33,1298.29,1298.29,-0.0,17.16,22106.22,-1
2023-08-01,2023-08-01 13:41:00,1298.29,1298.29,1298.25,1298.25,-0.0,17.16,22106.22,-1
2023-08-01,2023-08-01 13:42:00,1298.25,1298.25,1298.21,1298.21,-0.0,17.16,22106.22,-1
2023-08-01,2023-08-01 13:43:00,1298.21,1298.21,1298.17,1298.17,-0.0,17.16,22106.22,-1
2023-08-01,2023-08-01 13:44:00,1298.17,1298.17,1298.12,1298.12,-0.0,17.16,22106.22,-1
2023-08-01,2023-08-01 13:45:00,1298.12,1298.12,1298.08,1298.08,-0.0,17.16,22106.22,-1
2023-08-01,2023-08-01 13:46:00,1298.08,1298.08,1298.04,1298.04,-0.0,17.16,22106.22,-1
2023-08-01,2023-08-01 13:47:00,1298.04,1298.04,1298.0,1298.0,-0.0,17.16,22106.22,-1
2023-08-01,2023-08-01 13:48:00,1298.0,1298.0,1297.96,1297.96,-0.0,17.16,22106.22,-1
2023-08-01,2023-08-01 13:49:00,1297.96,1297.96,1297.92,1297.92,-0.0,17.16,22106.22,-1
2023-08-01,2023-08-01 13:50:00,1297.92,1297.92,1297.88,1297.88,-0.0,17.16,22106.22,-1
2023-08-01,2023-08-01 13:51:00,1297.88,1297.88,1297.83,1297.83,-0.0,17.16,22106.22,-1
2023-08-01,2023-08-01 13:52:00,1297.83,1297.83,1297.79,1297.79,-0.0,17.16,22106.22,-1
2023-08-01,2023-08-01 13:53:00,1297.79,1297.79,1297.75,1297.75,-0.0,17.16,22106.22,-1
2023-08-01,2023-08-01 13:54:00,1297.75,1297.75,1297.71,1297.71,-0.0,17.16,22106.22,-1
2023-08-01,2023-08-01 13:55:00,1297.71,1297.71,1297.67,1297.67,-0.0,17.16,22106.22,-1
2023-08-01,2023-08-01 13:56:00,1297.67,1297.67,1297.62,1297.62,-0.0,17.16,22106.22,-1
2023-08-01,2023-08-01 13:57:00,1297.62,1297.62,1297.58,1297.58,-0.0,17.16,22106.22,-1
2023-08-01,2023-08-01 13:58:00,1297.58,1297.58,1297.54,1297.54,-0.0,17.16,22106.22,-1
2023-08-01,2023-08-01 13:59:00,1297.54,1297.54,1297.5,1297.5,-0.0,17.16,22106.22,-1
2023-08-01,2023-08-01 14:00:00,1297.5,1297.5,1297.46,1297.46,-0.0,17.16,22106.22,-1
2023-08-01,2023-08-01 14:01:00,1297.46,1297.46,1297.42,1297.42,-0.0,17.16,22106.22,-1
2023-08-01,2023-08-01 14:02:00,1297.42,1297.42,1297.38,1297.38,-0.0,17.16,22106.22,-1
2023-08-01,2023-08-01 14:03:00,1297.38,1297.38,1297.33,1297.33,-0.0,17.16,22106.22,-1
2023-08-01,2023-08-01 14:04:00,1297.33,1297.33,1297.29,1297.29,-0.0,17.16,22106.22,-1
2023-08-01,2023-08-01 14:05:00,1297.29,1297.29,1297.25,1297.25,-0.0,17.16,22106.22,-1
2023-08-01,2023-08-01 14:06:00,1297.25,1297.25,1297.21,1297.21,-0.0,17.16,22106.22,-1
2023-08-01,2023-08-01 14:07:00,1297.21,1297.21,1297.17,1297.17,-0.0,17.16,22106.22,-1
2023-08-01,2023-08-01 14:08:00,1297.17,1297.17,1297.12,1297.12,-0.0,17.16,22106.22,-1
2023-08-01,2023-08-01 14:09:00,1297.12,1297.12,1297.08,1297.08,-0.0,17.16,22106.22,-1
2023-08-01,2023-08-01 14:10:00,1297.08,1297.08,1297.04,1297.04,-0.0,17.16,22106.22,-1
2023-08-01,2023-08-01 14:11:00,1297.04,1297.04,1297.0,1297.0,-0.0,17.16,22106.22,-1
2023-08-01,2023-08-01 14:12:00,1297.0,1297.0,1296.96,1296.96,-0.0,17.16,22106.22,-1
2023-08-01,2023-08-01 14:13:00,1296.96,1296.96,1296.92,1296.92,-0.0,17.16,22106.22,-1
2023-08-01,2023-08-01 14:14:00,1296.92,1296.92,1296.88,1296.88,-0.0,17.16,22106.22,-1
2023-08-01,2023-08-01 14:15:00,1296.88,1296.88,1296.83,1296.83,-0.0,17.16,22106.22,-1
2023-08-01,2023-08-01 14:16:00,1296.83,1296.83,1296.79,1296.79,-0.0,17.16,22106.22,-1
2023-08-01,2023-08-01 14:17:00,1296.79,1296.79,1296.75,1296.75,-0.0,17.16,22106.22,-1
2023-08-01,2023-08-01 14:18:00,1296.75,1296.75,1296.71,1296.71,-0.0,17.16,22106.22,-1
2023-08-01,2023-08-01 14:19:00,1296.71,1296.71,1296.67,1296.67,-0.0,17.16,22106.22,-1
2023-08-01,2023-08-01 14:20:00,1296.67,1296.67,1296.62,1296.62,-0.0,17.16,22106.22,-1
2023-08-01,2023-08-01 14:21:00,1296.62,1296.62,1296.58,1296.58,-0.0,17.16,22106.22,-1
2023-08-01,2023-08-01 14:22:00,1296.58,1296.58,1296.54,1296.54,-0.0,17.16,22106.22,-1
2023-08-01,2023-08-01 14:23:00,1296.54,1296.54,1296.5,1296.5,-0.0,17.16,22106.22,-1
2023-08-01,2023-08-01 14:24:00,1296.5,1296.5,1296.46,1296.46,-0.0,17.16,22106.22,-1
2023-08-01,2023-08-01 14:25:00,1296.46,1296.46,1296.42,1296.42,-0.0,17.16,22106.22,-1
2023-08-01,2023-08-01 14:26:00,1296.42,1296.42,1296.38,1296.38,-0.0,17.16,22106.22,-1
2023-08-01,2023-08-01 14:27:00,1296.38,1296.38,1296.33,1296.33,-0.0,17.16,22106.22,-1
2023-08-01,2023-08-01 14:28:00,1296.33,1296.33,1296.29,1296.29,-0.0,17.16,22106.22,-1
2023-08-01,2023-08-01 14:29:00,1296.29,1296.29,1296.25,1296.25,-0.0,17.16,22106.22,-1
2023-08-01,2023-08-01 14:30:00,1296.25,1296.25,1296.21,1296.21,-0.0,17.16,22106.22,-1
2023-08-01,2023-08-01 14:31:00,1296.21,1296.21,1296.17,1296.17,-0.0,17.16,22106.22,-1
2023-08-01,2023-08-01 14:32:00,1296.17,1296.17,1296.12,1296.12,-0.0,17.16,22106.22,-1
2023-08-01,2023-08-01 14:33:00,1296.12,1296.12,1296.08,1296.08,-0.0,17.16,22106.22,-1
2023-08-01,2023-08-01 14:34:00,1296.08,1296.08,1296.04,1296.04,-0.0,17.16,22106.22,-1
2023-08-01,2023-08-01 14:35:00,1296.04,1296.04,1296.0,1296.0,-0.0,17.16,22106.22,-1
2023-08-01,2023-08-01 14:36:00,1296.0,1296.0,1295.96,1295.96,-0.0,17.16,22106.22,-1
2023-08-01,2023-08-01 14:37:00,1295.96,1295.96,1295.92,1295.92,-0.0,17.16,22106.22,-1
2023-08-01,2023-08-01 14:38:00,1295.92,1295.92,1295.88,1295.88,-0.0,17.16,22106.22,-1
2023-08-01,2023-08-01 14:39:00,1295.88,1295.88,1295.83,1295.83,-0.0,17.16,22106.22,-1
2023-08-01,2023-08-01 14:40:00,1295.83,1295.83,1295.79,1295.79,-0.0,17.16,22106.22,-1
2023-08-01,2023-08-01 14:41:00,1295.79,1295.79,1295.75,1295.75,-0.0,17.16,22106.22,-1
2023-08-01,2023-08-01 14:42:00,1295.75,1295.75,1295.71,1295.71,-0.0,17.16,22106.22,-1
2023-08-01,2023-08-01 14:43:00,1295.71,1295.71,1295.67,1295.67,-0.0,17.16,22106.22,-1
2023-08-01,2023-08-01 14:44:00,1295.67,1295.67,1295.62,1295.62,-0.0,17.16,22106.22,-1
2023-08-01,2023-08-01 14:45:00,1295.62,1295.62,1295.58,1295.58,-0.0,17.16,22106.22,-1
2023-08-01,2023-08-01 14:46:00,1295.58,1295.58,1295.54,1295.54,-0.0,17.16,22106.22,-1
2023-08-01,2023-08-01 14:47:00,1295.54,1295.54,1295.5,1295.5,-0.0,17.16,22106.22,-1
2023-08-01,2023-08-01 14:48:00,1295.5,1295.5,1295.46,1295.46,-0.0,17.16,22106.22,-1
2023-08-01,2023-08-01 14:49:00,1295.46,1295.46,1295.42,1295.42,-0.0,17.16,22106.22,-1
2023-08-01,2023-08-01 14:50:00,1295.42,1295.42,1295.38,1295.38,-0.0,17.16,22106.22,-1
2023-08-01,2023-08-01 14:51:00,1295.38,1295.38,1295.33,1295.33,-0.0,17.16,22106.22,-1
2023-08-01,2023-08-01 14:52:00,1295.33,1295.33,1295.29,1295.29,-0.0,17.16,22106.22,-1
2023-08-01,2023-08-01 14:53:00,1295.29,1295.29,1295.25,1295.25,-0.0,17.16,22106.22,-1
2023-08-01,2023-08-01 14:54:00,1295.25,1295.25,1295.21,1295.21,-0.0,17.16,22106.22,-1
2023-08-01,2023-08-01 14:55:00,1295.21,1295.21,1295.17,1295.17,-0.0,17.16,22106.22,-1
2023-08-01,2023-08-01 14:56:00,1295.17,1295.17,1295.12,1295.12,-0.0,17.16,22106.22,-1
2023-08-01,2023-08-01 14:57:00,1295.12,1295.12,1295.08,1295.08,-0.0,17.16,22106.22,-1
2023-08-01,2023-08-01 14:58:00,1295.08,1295.08,1295.04,1295.04,-0.0,17.16,22106.22,-1
2023-08-01,2023-08-01 14:59:00,1295.04,1295.04,1295.0,1295.0,-0.0,17.16,22106.22,-1
2023-08-01,2023-08-01 15:00:00,1295.0,1335.0,1250.0,1295.0,0.0,17.16,22106.22,0
2023-08-02,2023-08-02 11:00:00,1309.9,1309.9,1296.43,1309.82,-0.01,6.04,7727.36,-1
2023-08-02,2023-08-02 11:01:00,1309.82,1309.82,1309.73,1309.73,-0.01,6.04,7727.36,-1
2023-08-02,2023-08-02 11:02:00,1309.73,1309.73,1309.65,1309.65,-0.01,6.04,7727.36,-1
2023-08-02,2023-08-02 11:03:00,1309.65,1309.65,1309.57,1309.57,-0.01,6.04,7727.36,-1
2023-08-02,2023-08-02 11:04:00,1309.57,1309.57,1309.49,1309.49,-0.01,6.04,7727.36,-1
2023-08-02,2023-08-02 11:05:00,1309.49,1309.49,1309.4,1309.4,-0.01,6.04,7727.36,-1
2023-08-02,2023-08-02 11:06:00,1309.4,1309.4,1309.32,1309.32,-0.01,6.04,7727.36,-1
2023-08-02,2023-08-02 11:07:00,1309.32,1309.32,1309.24,1309.24,-0.01,6.04,7727.36,-1
2023-08-02,2023-08-02 11:08:00,1309.24,1309.24,1309.15,1309.15,-0.01,6.04,7727.36,-1
2023-08-02,2023-08-02 11:09:00,1309.15,1309.15,1309.07,1309.07,-0.01,6.04,7727.36,-1
2023-08-02,2023-08-02 11:10:00,1309.07,1309.07,1308.99,1308.99,-0.01,6.04,7727.36,-1
2023-08-02,2023-08-02 11:11:00,1308.99,1308.99,1308.91,1308.91,-0.01,6.04,7727.36,-1
2023-08-02,2023-08-02 11:12:00,1308.91,1308.91,1308.82,1308.82,-0.01,6.04,7727.36,-1
2023-08-02,2023-08-02 11:13:00,1308.82,1308.82,1308.74,1308.74,-0.01,6.04,7727.36,-1
2023-08-02,2023-08-02 11:14:00,1308.74,1308.74,1308.66,1308.66,-0.01,6.04,7727.36,-1
2023-08-02,2023-08-02 11:15:00,1308.66,1308.66,1308.57,1308.57,-0.01,6.04,7727.36,-1
2023-08-02,2023-08-02 11:16:00,1308.57,1308.57,1308.49,1308.49,-0.01,6.04,7727.36,-1
2023-08-02,2023-08-02 11:17:00,1308.49,1308.49,1308.41,1308.41,-0.01,6.04,7727.36,-1
2023-08-02,2023-08-02 11:18:00,1308.41,1308.41,1308.32,1308.32,-0.01,6.04,7727.36,-1
2023-08-02,2023-08-02 11:19:00,1308.32,1308.32,1308.24,1308.24,-0.01,6.04,7727.36,-1
2023-08-02,2023-08-02 11:20:00,1308.24,1308.24,1308.16,1308.16,-0.01,6.04,7727.36,-1
2023-08-02,2023-08-02 11:21:00,1308.16,1308.16,1308.08,1308.08,-0.01,6.04,7727.36,-1
2023-08-02,2023-08-02 11:22:00,1308.08,1308.08,1307.99,1307.99,-0.01,6.04,7727.36,-1
2023-08-02,2023-08-02 11:23:00,1307.99,1307.99,1307.91,1307.91,-0.01,6.04,7727.36,-1
2023-08-02,2023-08-02 11:24:00,1307.91,1307.91,1307.83,1307.83,-0.01,6.04,7727.36,-1
2023-08-02,2023-08-02 11:25:00,1307.83,1307.83,1307.74,1307.74,-0.01,6.04,7727.36,-1
2023-08-02,2023-08-02 11:26:00,1307.74,1307.74,1307.66,1307.66,-0.01,6.04,7727.36,-1
2023-08-02,2023-08-02 11:27:00,1307.66,1307.66,1307.58,1307.58,-0.01,6.04,7727.36,-1
2023-08-02,2023-08-02 11:28:00,1307.58,1307.58,1307.5,1307.5,-0.01,6.04,7727.36,-1
2023-08-02,2023-08-02 11:29:00,1307.5,1307.5,1307.41,1307.41,-0.01,6.04,7727.36,-1
2023-08-02,2023-08-02 11:30:00,1307.41,1307.41,1307.33,1307.33,-0.01,6.04,7727.36,-1
2023-08-02,2023-08-02 11:31:00,1307.33,1307.33,1307.25,1307.25,-0.01,6.04,7727.36,-1
2023-08-02,2023-08-02 11:32:00,1307.25,1307.25,1307.16,1307.16,-0.01,6.04,7727.36,-1
2023-08-02,2023-08-02 11:33:00,1307.16,1307.16,1307.08,1307.08,-0.01,6.04,7727.36,-1
2023-08-02,2023-08-02 11:34:00,1307.08,1307.08,1307.0,1307.0,-0.01,6.04,7727.36,-1
2023-08-02,2023-08-02 11:35:00,1307.0,1307.0,1306.91,1306.91,-0.01,6.04,7727.36,-1
2023-08-02,2023-08-02 11:36:00,1306.91,1306.91,1306.83,1306.83,-0.01,6.04,7727.36,-1
2023-08-02,2023-08-02 11:37:00,1306.83,1306.83,1306.75,1306.75,-0.01,6.04,7727.36,-1
2023-08-02,2023-08-02 11:38:00,1306.75,1306.75,1306.67,1306.67,-0.01,6.04,7727.36,-1
2023-08-02,2023-08-02 11:39:00,1306.67,1306.67,1306.58,1306.58,-0.01,6.04,7727.36,-1
2023-08-02,2023-08-02 11:40:00,1306.58,1306.58,1306.5,1306.5,-0.01,6.04,7727.36,-1
2023-08-02,2023-08-02 11:41:00,1306.5,1306.5,1306.42,1306.42,-0.01,6.04,7727.36,-1
2023-08-02,2023-08-02 11:42:00,1306.42,1306.42,1306.33,1306.33,-0.01,6.04,7727.36,-1
2023-08-02,2023-08-02 11:43:00,1306.33,1306.33,1306.25,1306.25,-0.01,6.04,7727.36,-1
2023-08-02,2023-08-02 11:44:00,1306.25,1306.25,1306.17,1306.17,-0.01,6.04,7727.36,-1
2023-08-02,2023-08-02 11:45:00,1306.17,1306.17,1306.09,1306.09,-0.01,6.04,7727.36,-1
2023-08-02,2023-08-02 11:46:00,1306.09,1306.09,1306.0,1306.0,-0.01,6.04,7727.36,-1
2023-08-02,2023-08-02 11:47:00,1306.0,1306.0,1305.92,1305.92,-0.01,6.04,7727.36,-1
2023-08-02,2023-08-02 11:48:00,1305.92,1305.92,1305.84,1305.84,-0.01,6.04,7727.36,-1
2023-08-02,2023-08-02 11:49:00,1305.84,1305.84,1305.75,1305.75,-0.01,6.04,7727.36,-1
2023-08-02,2023-08-02 11:50:00,1305.75,1305.75,1305.67,1305.67,-0.01,6.04,7727.36,-1
2023-08-02,2023-08-02 11:51:00,1305.67,1305.67,1305.59,1305.59,-0.01,6.04,7727.36,-1
2023-08-02,2023-08-02 11:52:00,1305.59,1305.59,1305.51,1305.51,-0.01,6.04,7727.36,-1
2023-08-02,2023-08-02 11:53:00,1305.51,1305.51,1305.42,1305.42,-0.01,6.04,7727.36,-1
2023-08-02,2023-08-02 11:54:00,1305.42,1305.42,1305.34,1305.34,-0.01,6.04,7727.36,-1
2023-08-02,2023-08-02 11:55:00,1305.34,1305.34,1305.26,1305.26,-0.01,6.04,7727.36,-1
2023-08-02,2023-08-02 11:56:00,1305.26,1305.26,1305.17,1305.17,-0.01,6.04,7727.36,-1
2023-08-02,2023-08-02 11:57:00,1305.17,1305.17,1305.09,1305.09,-0.01,6.04,7727.36,-1
2023-08-02,2023-08-02 11:58:00,1305.09,1305.09,1305.01,1305.01,-0.01,6.04,7727.36,-1
2023-08-02,2023-08-02 11:59:00,1305.01,1305.01,1304.93,1304.93,-0.01,6.04,7727.36,-1
2023-08-02,2023-08-02 12:00:00,1304.93,1304.93,1304.84,1304.84,-0.01,6.04,7727.36,-1
2023-08-02,2023-08-02 12:01:00,1304.84,1304.84,1304.76,1304.76,-0.01,6.04,7727.36,-1
2023-08-02,2023-08-02 12:02:00,1304.76,1304.76,1304.68,1304.68,-0.01,6.04,7727.36,-1
2023-08-02,2023-08-02 12:03:00,1304.68,1304.68,1304.59,1304.59,-0.01,6.04,7727.36,-1
2023-08-02,2023-08-02 12:04:00,1304.59,1304.59,1304.51,1304.51,-0.01,6.04,7727.36,-1
2023-08-02,2023-08-02 12:05:00,1304.51,1304.51,1304.43,1304.43,-0.01,6.04,7727.36,-1
2023-08-02,2023-08-02 12:06:00,1304.43,1304.43,1304.34,1304.34,-0.01,6.04,7727.36,-1
2023-08-02,2023-08-02 12:07:00,1304.34,1304.34,1304.26,1304.26,-0.01,6.04,7727.36,-1
2023-08-02,2023-08-02 12:08:00,1304.26,1304.26,1304.18,1304.18,-0.01,6.04,7727.36,-1
2023-08-02,2023-08-02 12:09:00,1304.18,1304.18,1304.1,1304.1,-0.01,6.04,7727.36,-1
2023-08-02,2023-08-02 12:10:00,1304.1,1304.1,1304.01,1304.01,-0.01,6.04,7727.36,-1
2023-08-02,2023-08-02 12:11:00,1304.01,1304.01,1303.93,1303.93,-0.01,6.04,7727.36,-1
2023-08-02,2023-08-02 12:12:00,1303.93,1303.93,1303.85,1303.85,-0.01,6.04,7727.36,-1
2023-08-02,2023-08-02 12:13:00,1303.85,1303.85,1303.76,1303.76,-0.01,6.04,7727.36,-1
2023-08-02,2023-08-02 12:14:00,1303.76,1303.76,1303.68,1303.68,-0.01,6.04,7727.36,-1
2023-08-02,2023-08-02 12:15:00,1303.68,1303.68,1303.6,1303.6,-0.01,6.04,7727.36,-1
2023-08-02,2023-08-02 12:16:00,1303.6,1303.6,1303.52,1303.52,-0.01,6.04,7727.36,-1
2023-08-02,2023-08-02 12:17:00,1303.52,1303.52,1303.43,1303.43,-0.01,6.04,7727.36,-1
2023-08-02,2023-08-02 12:18:00,1303.43,1303.43,1303.35,1303.35,-0.01,6.04,7727.36,-1
2023-08-02,2023-08-02 12:19:00,1303.35,1303.35,1303.27,1303.27,-0.01,6.04,7727.36,-1
2023-08-02,2023-08-02 12:20:00,1303.27,1303.27,1303.18,1303.18,-0.01,6.04,7727.36,-1
2023-08-02,2023-08-02 12:21:00,1303.18,1303.18,1303.1,1303.1,-0.01,6.04,7727.36,-1
2023-08-02,2023-08-02 12:22:00,1303.1,1303.1,1303.02,1303.02,-0.01,6.04,7727.36,-1
2023-08-02,2023-08-02 12:23:00,1303.02,1303.02,1302.93,1302.93,-0.01,6.04,7727.36,-1
2023-08-02,2023-08-02 12:24:00,1302.93,1302.93,1302.85,1302.85,-0.01,6.04,7727.36,-1
2023-08-02,2023-08-02 12:25:00,1302.85,1302.85,1302.77,1302.77,-0.01,6.04,7727.36,-1
2023-08-02,2023-08-02 12:26:00,1302.77,1302.77,1302.69,1302.69,-0.01,6.04,7727.36,-1
2023-08-02,2023-08-02 12:27:00,1302.69,1302.69,1302.6,1302.6,-0.01,6.04,7727.36,-1
2023-08-02,2023-08-02 12:28:00,1302.6,1302.6,1302.52,1302.52,-0.01,6.04,7727.36,-1
2023-08-02,2023-08-02 12:29:00,1302.52,1302.52,1302.44,1302.44,-0.01,6.04,7727.36,-1
2023-08-02,2023-08-02 12:30:00,1302.44,1302.44,1302.35,1302.35,-0.01,6.04,7727.36,-1
2023-08-02,2023-08-02 12:31:00,1302.35,1302.35,1302.27,1302.27,-0.01,6.04,7727.36,-1
2023-08-02,2023-08-02 12:32:00,1302.27,1302.27,1302.19,1302.19,-0.01,6.04,7727.36,-1
2023-08-02,2023-08-02 12:33:00,1302.19,1302.19,1302.11,1302.11,-0.01,6.04,7727.36,-1
2023-08-02,2023-08-02 12:34:00,1302.11,1302.11,1302.02,1302.02,-0.01,6.04,7727.36,-1
2023-08-02,2023-08-02 12:35:00,1302.02,1302.02,1301.94,1301.94,-0.01,6.04,7727.36,-1
2023-08-02,2023-08-02 12:36:00,1301.94,1301.94,1301.86,1301.86,-0.01,6.04,7727.36,-1
2023-08-02,2023-08-02 12:37:00,1301.86,1301.86,1301.77,1301.77,-0.01,6.04,7727.36,-1
2023-08-02,2023-08-02 12:38:00,1301.77,1301.77,1301.69,1301.69,-0.01,6.04,7727.36,-1
2023-08-02,2023-08-02 12:39:00,1301.69,1301.69,1301.61,1301.61,-0.01,6.04,7727.36,-1
2023-08-02,2023-08-02 12:40:00,1301.61,1301.61,1301.53,1301.53,-0.01,6.04,7727.36,-1
2023-08-02,2023-08-02 12:41:00,1301.53,1301.53,1301.44,1301.44,-0.01,6.04,7727.36,-1
2023-08-02,2023-08-02 12:42:00,1301.44,1301.44,1301.36,1301.36,-0.01,6.04,7727.36,-1
2023-08-02,2023-08-02 12:43:00,1301.36,1301.36,1301.28,1301.28,-0.01,6.04,7727.36,-1
2023-08-02,2023-08-02 12:44:00,1301.28,1301.28,1301.19,1301.19,-0.01,6.04,7727.36,-1
2023-08-02,2023-08-02 12:45:00,1301.19,1301.19,1301.11,1301.11,-0.01,6.04,7727.36,-1
2023-08-02,2023-08-02 12:46:00,1301.11,1301.11,1301.03,1301.03,-0.01,6.04,7727.36,-1
2023-08-02,2023-08-02 12:47:00,1301.03,1301.03,1300.95,1300.95,-0.01,6.04,7727.36,-1
2023-08-02,2023-08-02 12:48:00,1300.95,1300.95,1300.86,1300.86,-0.01,6.04,7727.36,-1
2023-08-02,2023-08-02 12:49:00,1300.86,1300.86,1300.78,1300.78,-0.01,6.04,7727.36,-1
2023-08-02,2023-08-02 12:50:00,1300.78,1300.78,1300.7,1300.7,-0.01,6.04,7727.36,-1
2023-08-02,2023-08-02 12:51:00,1300.7,1300.7,1300.61,1300.61,-0.01,6.04,7727.36,-1
2023-08-02,2023-08-02 12:52:00,1300.61,1300.61,1300.53,1300.53,-0.01,6.04,7727.36,-1
2023-08-02,2023-08-02 12:53:00,1300.53,1300.53,1300.45,1300.45,-0.01,6.04,7727.36,-1
2023-08-02,2023-08-02 12:54:00,1300.45,1300.45,1300.36,1300.36,-0.01,6.04,7727.36,-1
2023-08-02,2023-08-02 12:55:00,1300.36,1300.36,1300.28,1300.28,-0.01,6.04,7727.36,-1
2023-08-02,2023-08-02 12:56:00,1300.28,1300.28,1300.2,1300.2,-0.01,6.04,7727.36,-1
2023-08-02,2023-08-02 12:57:00,1300.2,1300.2,1300.12,1300.12,-0.01,6.04,7727.36,-1
2023-08-02,2023-08-02 12:58:00,1300.12,1300.12,1300.03,1300.03,-0.01,6.04,7727.36,-1
2023-08-02,2023-08-02 12:59:00,1300.03,1300.03,1299.95,1299.95,-0.01,6.04,7727.36,-1
2023-08-02,2023-08-02 13:00:00,1299.95,1309.9,1265.0,1299.87,-0.01,6.04,7727.36,-1
2023-08-02,2023-08-02 13:01:00,1299.87,1299.87,1299.78,1299.78,-0.01,6.04,7727.36,-1
2023-08-02,2023-08-02 13:02:00,1299.78,1299.78,1299.7,1299.7,-0.01,6.04,7727.36,-1
2023-08-02,2023-08-02 13:03:00,1299.7,1299.7,1299.62,1299.62,-0.01,6.04,7727.36,-1
2023-08-02,2023-08-02 13:04:00,1299.62,1299.62,1299.54,1299.54,-0.01,6.04,7727.36,-1
2023-08-02,2023-08-02 13:05:00,1299.54,1299.54,1299.45,1299.45,-0.01,6.04,7727.36,-1
2023-08-02,2023-08-02 13:06:00,1299.45,1299.45,1299.37,1299.37,-0.01,6.04,7727.36,-1
2023-08-02,2023-08-02 13:07:00,1299.37,1299.37,1299.29,1299.29,-0.01,6.04,7727.36,-1
2023-08-02,2023-08-02 13:08:00,1299.29,1299.29,1299.2,1299.2,-0.01,6.04,7727.36,-1
2023-08-02,2023-08-02 13:09:00,1299.2,1299.2,1299.12,1299.12,-0.01,6.04,7727.36,-1
2023-08-02,2023-08-02 13:10:00,1299.12,1299.12,1299.04,1299.04,-0.01,6.04,7727.36,-1
2023-08-02,2023-08-02 13:11:00,1299.04,1299.04,1298.95,1298.95,-0.01,6.04,7727.36,-1
2023-08-02,2023-08-02 13:12:00,1298.95,1298.95,1298.87,1298.87,-0.01,6.04,7727.36,-1
2023-08-02,2023-08-02 13:13:00,1298.87,1298.87,1298.79,1298.79,-0.01,6.04,7727.36,-1
2023-08-02,2023-08-02 13:14:00,1298.79,1298.79,1298.71,1298.71,-0.01,6.04,7727.36,-1
2023-08-02,2023-08-02 13:15:00,1298.71,1298.71,1298.62,1298.62,-0.01,6.04,7727.36,-1
2023-08-02,2023-08-02 13:16:00,1298.62,1298.62,1298.54,1298.54,-0.01,6.04,7727.36,-1
2023-08-02,2023-08-02 13:17:00,1298.54,1298.54,1298.46,1298.46,-0.01,6.04,7727.36,-1
2023-08-02,2023-08-02 13:18:00,1298.46,1298.46,1298.37,1298.37,-0.01,6.04,7727.36,-1
2023-08-02,2023-08-02 13:19:00,1298.37,1298.37,1298.29,1298.29,-0.01,6.04,7727.36,-1
2023-08-02,2023-08-02 13:20:00,1298.29,1298.29,1298.21,1298.21,-0.01,6.04,7727.36,-1
2023-08-02,2023-08-02 13:21:00,1298.21,1298.21,1298.13,1298.13,-0.01,6.04,7727.36,-1
2023-08-02,2023-08-02 13:22:00,1298.13,1298.13,1298.04,1298.04,-0.01,6.04,7727.36,-1
2023-08-02,2023-08-02 13:23:00,1298.04,1298.04,1297.96,1297.96,-0.01,6.04,7727.36,-1
2023-08-02,2023-08-02 13:24:00,1297.96,1297.96,1297.88,1297.88,-0.01,6.04,7727.36,-1
2023-08-02,2023-08-02 13:25:00,1297.88,1297.88,1297.79,1297.79,-0.01,6.04,7727.36,-1
2023-08-02,2023-08-02 13:26:00,1297.79,1297.79,1297.71,1297.71,-0.01,6.04,7727.36,-1
2023-08-02,2023-08-02 13:27:00,1297.71,1297.71,1297.63,1297.63,-0.01,6.04,7727.36,-1
2023-08-02,2023-08-02 13:28:00,1297.63,1297.63,1297.55,1297.55,-0.01,6.04,7727.36,-1
2023-08-02,2023-08-02 13:29:00,1297.55,1297.55,1297.46,1297.46,-0.01,6.04,7727.36,-1
2023-08-02,2023-08-02 13:30:00,1297.46,1297.46,1297.38,1297.38,-0.01,6.04,7727.36,-1
2023-08-02,2023-08-02 13:31:00,1297.38,1297.38,1297.3,1297.3,-0.01,6.04,7727.36,-1
2023-08-02,2023-08-02 13:32:00,1297.3,1297.3,1297.21,1297.21,-0.01,6.04,7727.36,-1
2023-08-02,2023-08-02 13:33:00,1297.21,1297.21,1297.13,1297.13,-0.01,6.04,7727.36,-1
2023-08-02,2023-08-02 13:34:00,1297.13,1297.13,1297.05,1297.05,-0.01,6.04,7727.36,-1
2023-08-02,2023-08-02 13:35:00,1297.05,1297.05,1296.97,1296.97,-0.01,6.04,7727.36,-1
2023-08-02,2023-08-02 13:36:00,1296.97,1296.97,1296.88,1296.88,-0.01,6.04,7727.36,-1
2023-08-02,2023-08-02 13:37:00,1296.88,1296.88,1296.8,1296.8,-0.01,6.04,7727.36,-1
2023-08-02,2023-08-02 13:38:00,1296.8,1296.8,1296.72,1296.72,-0.01,6.04,7727.36,-1
2023-08-02,2023-08-02 13:39:00,1296.72,1296.72,1296.63,1296.63,-0.01,6.04,7727.36,-1
2023-08-02,2023-08-02 13:40:00,1296.63,1296.63,1296.55,1296.55,-0.01,6.04,7727.36,-1
2023-08-02,2023-08-02 13:41:00,1296.55,1296.55,1296.47,1296.47,-0.01,6.04,7727.36,-1
2023-08-02,2023-08-02 13:42:00,1296.47,1296.47,1296.38,1296.38,-0.01,6.04,7727.36,-1
2023-08-02,2023-08-02 13:43:00,1296.38,1296.38,1296.3,1296.3,-0.01,6.04,7727.36,-1
2023-08-02,2023-08-02 13:44:00,1296.3,1296.3,1296.22,1296.22,-0.01,6.04,7727.36,-1
2023-08-02,2023-08-02 13:45:00,1296.22,1296.22,1296.14,1296.14,-0.01,6.04,7727.36,-1
2023-08-02,2023-08-02 13:46:00,1296.14,1296.14,1296.05,1296.05,-0.01,6.04,7727.36,-1
2023-08-02,2023-08-02 13:47:00,1296.05,1296.05,1295.97,1295.97,-0.01,6.04,7727.36,-1
2023-08-02,2023-08-02 13:48:00,1295.97,1295.97,1295.89,1295.89,-0.01,6.04,7727.36,-1
2023-08-02,2023-08-02 13:49:00,1295.89,1295.89,1295.8,1295.8,-0.01,6.04,7727.36,-1
2023-08-02,2023-08-02 13:50:00,1295.8,1295.8,1295.72,1295.72,-0.01,6.04,7727.36,-1
2023-08-02,2023-08-02 13:51:00,1295.72,1295.72,1295.64,1295.64,-0.01,6.04,7727.36,-1
2023-08-02,2023-08-02 13:52:00,1295.64,1295.64,1295.56,1295.56,-0.01,6.04,7727.36,-1
2023-08-02,2023-08-02 13:53:00,1295.56,1295.56,1295.47,1295.47,-0.01,6.04,7727.36,-1
2023-08-02,2023-08-02 13:54:00,1295.47,1295.47,1295.39,1295.39,-0.01,6.04,7727.36,-1
2023-08-02,2023-08-02 13:55:00,1295.39,1295.39,1295.31,1295.31,-0.01,6.04,7727.36,-1
2023-08-02,2023-08-02 13:56:00,1295.31,1295.31,1295.22,1295.22,-0.01,6.04,7727.36,-1
2023-08-02,2023-08-02 13:57:00,1295.22,1295.22,1295.14,1295.14,-0.01,6.04,7727.36,-1
2023-08-02,2023-08-02 13:58:00,1295.14,1295.14,1295.06,1295.06,-0.01,6.04,7727.36,-1
2023-08-02,2023-08-02 13:59:00,1295.06,1295.06,1294.97,1294.97,-0.01,6.04,7727.36,-1
2023-08-02,2023-08-02 14:00:00,1294.97,1294.97,1294.89,1294.89,-0.01,6.04,7727.36,-1
2023-08-02,2023-08-02 14:01:00,1294.89,1294.89,1294.81,1294.81,-0.01,6.04,7727.36,-1
2023-08-02,2023-08-02 14:02:00,1294.81,1294.81,1294.73,1294.73,-0.01,6.04,7727.36,-1
2023-08-02,2023-08-02 14:03:00,1294.73,1294.73,1294.64,1294.64,-0.01,6.04,7727.36,-1
2023-08-02,2023-08-02 14:04:00,1294.64,1294.64,1294.56,1294.56,-0.01,6.04,7727.36,-1
2023-08-02,2023-08-02 14:05:00,1294.56,1294.56,1294.48,1294.48,-0.01,6.04,7727.36,-1
2023-08-02,2023-08-02 14:06:00,1294.48,1294.48,1294.39,1294.39,-0.01,6.04,7727.36,-1
2023-08-02,2023-08-02 14:07:00,1294.39,1294.39,1294.31,1294.31,-0.01,6.04,7727.36,-1
2023-08-02,2023-08-02 14:08:00,1294.31,1294.31,1294.23,1294.23,-0.01,6.04,7727.36,-1
2023-08-02,2023-08-02 14:09:00,1294.23,1294.23,1294.15,1294.15,-0.01,6.04,7727.36,-1
2023-08-02,2023-08-02 14:10:00,1294.15,1294.15,1294.06,1294.06,-0.01,6.04,7727.36,-1
2023-08-02,2023-08-02 14:11:00,1294.06,1294.06,1293.98,1293.98,-0.01,6.04,7727.36,-1
2023-08-02,2023-08-02 14:12:00,1293.98,1293.98,1293.9,1293.9,-0.01,6.04,7727.36,-1
2023-08-02,2023-08-02 14:13:00,1293.9,1293.9,1293.81,1293.81,-0.01,6.04,7727.36,-1
2023-08-02,2023-08-02 14:14:00,1293.81,1293.81,1293.73,1293.73,-0.01,6.04,7727.36,-1
2023-08-02,2023-08-02 14:15:00,1293.73,1293.73,1293.65,1293.65,-0.01,6.04,7727.36,-1
2023-08-02,2023-08-02 14:16:00,1293.65,1293.65,1293.57,1293.57,-0.01,6.04,7727.36,-1
2023-08-02,2023-08-02 14:17:00,1293.57,1293.57,1293.48,1293.48,-0.01,6.04,7727.36,-1
2023-08-02,2023-08-02 14:18:00,1293.48,1293.48,1293.4,1293.4,-0.01,6.04,7727.36,-1
2023-08-02,2023-08-02 14:19:00,1293.4,1293.4,1293.32,1293.32,-0.01,6.04,7727.36,-1
2023-08-02,2023-08-02 14:20:00,1293.32,1293.32,1293.23,1293.23,-0.01,6.04,7727.36,-1
2023-08-02,2023-08-02 14:21:00,1293.23,1293.23,1293.15,1293.15,-0.01,6.04,7727.36,-1
2023-08-02,2023-08-02 14:22:00,1293.15,1293.15,1293.07,1293.07,-0.01,6.04,7727.36,-1
2023-08-02,2023-08-02 14:23:00,1293.07,1293.07,1292.99,1292.99,-0.01,6.04,7727.36,-1
2023-08-02,2023-08-02 14:24:00,1292.99,1292.99,1292.9,1292.9,-0.01,6.04,7727.36,-1
2023-08-02,2023-08-02 14:25:00,1292.9,1292.9,1292.82,1292.82,-0.01,6.04,7727.36,-1
2023-08-02,2023-08-02 14:26:00,1292.82,1292.82,1292.74,1292.74,-0.01,6.04,7727.36,-1
2023-08-02,2023-08-02 14:27:00,1292.74,1292.74,1292.65,1292.65,-0.01,6.04,7727.36,-1
2023-08-02,2023-08-02 14:28:00,1292.65,1292.65,1292.57,1292.57,-0.01,6.04,7727.36,-1
2023-08-02,2023-08-02 14:29:00,1292.57,1292.57,1292.49,1292.49,-0.01,6.04,7727.36,-1
2023-08-02,2023-08-02 14:30:00,1292.49,1292.49,1292.4,1292.4,-0.01,6.04,7727.36,-1
2023-08-02,2023-08-02 14:31:00,1292.4,1292.4,1292.32,1292.32,-0.01,6.04,7727.36,-1
2023-08-02,2023-08-02 14:32:00,1292.32,1292.32,1292.24,1292.24,-0.01,6.04,7727.36,-1
2023-08-02,2023-08-02 14:33:00,1292.24,1292.24,1292.16,1292.16,-0.01,6.04,7727.36,-1
2023-08-02,2023-08-02 14:34:00,1292.16,1292.16,1292.07,1292.07,-0.01,6.04,7727.36,-1
2023-08-02,2023-08-02 14:35:00,1292.07,1292.07,1291.99,1291.99,-0.01,6.04,7727.36,-1
2023-08-02,2023-08-02 14:36:00,1291.99,1291.99,1291.91,1291.91,-0.01,6.04,7727.36,-1
2023-08-02,2023-08-02 14:37:00,1291.91,1291.91,1291.82,1291.82,-0.01,6.04,7727.36,-1
2023-08-02,2023-08-02 14:38:00,1291.82,1291.82,1291.74,1291.74,-0.01,6.04,7727.36,-1
2023-08-02,2023-08-02 14:39:00,1291.74,1291.74,1291.66,1291.66,-0.01,6.04,7727.36,-1
2023-08-02,2023-08-02 14:40:00,1291.66,1291.66,1291.58,1291.58,-0.01,6.04,7727.36,-1
2023-08-02,2023-08-02 14:41:00,1291.58,1291.58,1291.49,1291.49,-0.01,6.04,7727.36,-1
2023-08-02,2023-08-02 14:42:00,1291.49,1291.49,1291.41,1291.41,-0.01,6.04,7727.36,-1
2023-08-02,2023-08-02 14:43:00,1291.41,1291.41,1291.33,1291.33,-0.01,6.04,7727.36,-1
2023-08-02,2023-08-02 14:44:00,1291.33,1291.33,1291.24,1291.24,-0.01,6.04,7727.36,-1
2023-08-02,2023-08-02 14:45:00,1291.24,1291.24,1291.16,1291.16,-0.01,6.04,7727.36,-1
2023-08-02,2023-08-02 14:46:00,1291.16,1291.16,1291.08,1291.08,-0.01,6.04,7727.36,-1
2023-08-02,2023-08-02 14:47:00,1291.08,1291.08,1290.99,1290.99,-0.01,6.04,7727.36,-1
2023-08-02,2023-08-02 14:48:00,1290.99,1290.99,1290.91,1290.91,-0.01,6.04,7727.36,-1
2023-08-02,2023-08-02 14:49:00,1290.91,1290.91,1290.83,1290.83,-0.01,6.04,7727.36,-1
2023-08-02,2023-08-02 14:50:00,1290.83,1290.83,1290.75,1290.75,-0.01,6.04,7727.36,-1
2023-08-02,2023-08-02 14:51:00,1290.75,1290.75,1290.66,1290.66,-0.01,6.04,7727.36,-1
2023-08-02,2023-08-02 14:52:00,1290.66,1290.66,1290.58,1290.58,-0.01,6.04,7727.36,-1
2023-08-02,2023-08-02 14:53:00,1290.58,1290.58,1290.5,1290.5,-0.01,6.04,7727.36,-1
2023-08-02,2023-08-02 14:54:00,1290.5,1290.5,1290.41,1290.41,-0.01,6.04,7727.36,-1
2023-08-02,2023-08-02 14:55:00,1290.41,1290.41,1290.33,1290.33,-0.01,6.04,7727.36,-1
2023-08-02,2023-08-02 14:56:00,1290.33,1290.33,1290.25,1290.25,-0.01,6.04,7727.36,-1
2023-08-02,2023-08-02 14:57:00,1290.25,1290.25,1290.17,1290.17,-0.01,6.04,7727.36,-1
2023-08-02,2023-08-02 14:58:00,1290.17,1290.17,1290.08,1290.08,-0.01,6.04,7727.36,-1
2023-08-02,2023-08-02 14:59:00,1290.08,1290.08,1290.0,1290.0,-0.01,6.04,7727.36,-1
2023-08-02,2023-08-02 15:00:00,1290.0,1309.9,1265.0,1290.0,0.0,6.04,7727.36,0
2023-08-03,2023-08-03 11:00:00,1315.8,1315.8,1300.59,1315.61,-0.01,6.05,7742.28,-1
2023-08-03,2023-08-03 11:01:00,1315.61,1315.61,1315.42,1315.42,-0.01,6.05,7742.28,-1
2023-08-03,2023-08-03 11:02:00,1315.42,1315.42,1315.23,1315.23,-0.01,6.05,7742.28,-1
2023-08-03,2023-08-03 11:03:00,1315.23,1315.23,1315.04,1315.04,-0.01,6.05,7742.28,-1
2023-08-03,2023-08-03 11:04:00,1315.04,1315.04,1314.85,1314.85,-0.01,6.05,7742.28,-1
2023-08-03,2023-08-03 11:05:00,1314.85,1314.85,1314.65,1314.65,-0.02,6.05,7742.28,-1
2023-08-03,2023-08-03 11:06:00,1314.65,1314.65,1314.46,1314.46,-0.01,6.05,7742.28,-1
2023-08-03,2023-08-03 11:07:00,1314.46,1314.46,1314.27,1314.27,-0.01,6.05,7742.28,-1
2023-08-03,2023-08-03 11:08:00,1314.27,1314.27,1314.08,1314.08,-0.01,6.05,7742.28,-1
2023-08-03,2023-08-03 11:09:00,1314.08,1314.08,1313.89,1313.89,-0.01,6.05,7742.28,-1
2023-08-03,2023-08-03 11:10:00,1313.89,1313.89,1313.7,1313.7,-0.01,6.05,7742.28,-1
2023-08-03,2023-08-03 11:11:00,1313.7,1313.7,1313.51,1313.51,-0.01,6.05,7742.28,-1
2023-08-03,2023-08-03 11:12:00,1313.51,1313.51,1313.32,1313.32,-0.01,6.05,7742.28,-1
2023-08-03,2023-08-03 11:13:00,1313.32,1313.32,1313.13,1313.13,-0.01,6.05,7742.28,-1
2023-08-03,2023-08-03 11:14:00,1313.13,1313.13,1312.94,1312.94,-0.01,6.05,7742.28,-1
2023-08-03,2023-08-03 11:15:00,1312.94,1312.94,1312.75,1312.75,-0.01,6.05,7742.28,-1
2023-08-03,2023-08-03 11:16:00,1312.75,1312.75,1312.56,1312.56,-0.01,6.05,7742.28,-1
2023-08-03,2023-08-03 11:17:00,1312.56,1312.56,1312.37,1312.37,-0.01,6.05,7742.28,-1
2023-08-03,2023-08-03 11:18:00,1312.37,1312.37,1312.17,1312.17,-0.02,6.05,7742.28,-1
2023-08-03,2023-08-03 11:19:00,1312.17,1312.17,1311.98,1311.98,-0.01,6.05,7742.28,-1
2023-08-03,2023-08-03 11:20:00,1311.98,1311.98,1311.79,1311.79,-0.01,6.05,7742.28,-1
2023-08-03,2023-08-03 11:21:00,1311.79,1311.79,1311.6,1311.6,-0.01,6.05,7742.28,-1
2023-08-03,2023-08-03 11:22:00,1311.6,1311.6,1311.41,1311.41,-0.01,6.05,7742.28,-1
2023-08-03,2023-08-03 11:23:00,1311.41,1311.41,1311.22,1311.22,-0.01,6.05,7742.28,-1
2023-08-03,2023-08-03 11:24:00,1311.22,1311.22,1311.03,1311.03,-0.01,6.05,7742.28,-1
2023-08-03,2023-08-03 11:25:00,1311.03,1311.03,1310.84,1310.84,-0.01,6.05,7742.28,-1
2023-08-03,2023-08-03 11:26:00,1310.84,1310.84,1310.65,1310.65,-0.01,6.05,7742.28,-1
2023-08-03,2023-08-03 11:27:00,1310.65,1310.65,1310.46,1310.46,-0.01,6.05,7742.28,-1
2023-08-03,2023-08-03 11:28:00,1310.46,1310.46,1310.27,1310.27,-0.01,6.05,7742.28,-1
2023-08-03,2023-08-03 11:29:00,1310.27,1310.27,1310.08,1310.08,-0.01,6.05,7742.28,-1
2023-08-03,2023-08-03 11:30:00,1310.08,1310.08,1309.88,1309.88,-0.02,6.05,7742.28,-1
2023-08-03,2023-08-03 11:31:00,1309.88,1309.88,1309.69,1309.69,-0.01,6.05,7742.28,-1
2023-08-03,2023-08-03 11:32:00,1309.69,1309.69,1309.5,1309.5,-0.01,6.05,7742.28,-1
2023-08-03,2023-08-03 11:33:00,1309.5,1309.5,1309.31,1309.31,-0.01,6.05,7742.28,-1
2023-08-03,2023-08-03 11:34:00,1309.31,1309.31,1309.12,1309.12,-0.01,6.05,7742.28,-1
2023-08-03,2023-08-03 11:35:00,1309.12,1309.12,1308.93,1308.93,-0.01,6.05,7742.28,-1
2023-08-03,2023-08-03 11:36:00,1308.93,1308.93,1308.74,1308.74,-0.01,6.05,7742.28,-1
2023-08-03,2023-08-03 11:37:00,1308.74,1308.74,1308.55,1308.55,-0.01,6.05,7742.28,-1
2023-08-03,2023-08-03 11:38:00,1308.55,1308.55,1308.36,1308.36,-0.01,6.05,7742.28,-1
2023-08-03,2023-08-03 11:39:00,1308.36,1308.36,1308.17,1308.17,-0.01,6.05,7742.28,-1
2023-08-03,2023-08-03 11:40:00,1308.17,1308.17,1307.98,1307.98,-0.01,6.05,7742.28,-1
2023-08-03,2023-08-03 11:41:00,1307.98,1307.98,1307.78,1307.78,-0.02,6.05,7742.28,-1
2023-08-03,2023-08-03 11:42:00,1307.78,1307.78,1307.59,1307.59,-0.01,6.05,7742.28,-1
2023-08-03,2023-08-03 11:43:00,1307.59,1307.59,1307.4,1307.4,-0.01,6.05,7742.28,-1
2023-08-03,2023-08-03 11:44:00,1307.4,1307.4,1307.21,1307.21,-0.01,6.05,7742.28,-1
2023-08-03,2023-08-03 11:45:00,1307.21,1307.21,1307.02,1307.02,-0.01,6.05,7742.28,-1
2023-08-03,2023-08-03 11:46:00,1307.02,1307.02,1306.83,1306.83,-0.01,6.05,7742.28,-1
2023-08-03,2023-08-03 11:47:00,1306.83,1306.83,1306.64,1306.64,-0.01,6.05,7742.28,-1
2023-08-03,2023-08-03 11:48:00,1306.64,1306.64,1306.45,1306.45,-0.01,6.05,7742.28,-1
2023-08-03,2023-08-03 11:49:00,1306.45,1306.45,1306.26,1306.26,-0.01,6.05,7742.28,-1
2023-08-03,2023-08-03 11:50:00,1306.26,1306.26,1306.07,1306.07,-0.01,6.05,7742.28,-1
2023-08-03,2023-08-03 11:51:00,1306.07,1306.07,1305.88,1305.88,-0.01,6.05,7742.28,-1
2023-08-03,2023-08-03 11:52:00,1305.88,1305.88,1305.69,1305.69,-0.01,6.05,7742.28,-1
2023-08-03,2023-08-03 11:53:00,1305.69,1305.69,1305.49,1305.49,-0.02,6.05,7742.28,-1
2023-08-03,2023-08-03 11:54:00,1305.49,1305.49,1305.3,1305.3,-0.01,6.05,7742.28,-1
2023-08-03,2023-08-03 11:55:00,1305.3,1305.3,1305.11,1305.11,-0.01,6.05,7742.28,-1
2023-08-03,2023-08-03 11:56:00,1305.11,1305.11,1304.92,1304.92,-0.01,6.05,7742.28,-1
2023-08-03,2023-08-03 11:57:00,1304.92,1304.92,1304.73,1304.73,-0.01,6.05,7742.28,-1
2023-08-03,2023-08-03 11:58:00,1304.73,1304.73,1304.54,1304.54,-0.01,6.05,7742.28,-1
2023-08-03,2023-08-03 11:59:00,1304.54,1304.54,1304.35,1304.35,-0.01,6.05,7742.28,-1
2023-08-03,2023-08-03 12:00:00,1304.35,1304.35,1304.16,1304.16,-0.01,6.05,7742.28,-1
2023-08-03,2023-08-03 12:01:00,1304.16,1304.16,1303.97,1303.97,-0.01,6.05,7742.28,-1
2023-08-03,2023-08-03 12:02:00,1303.97,1303.97,1303.78,1303.78,-0.01,6.05,7742.28,-1
2023-08-03,2023-08-03 12:03:00,1303.78,1303.78,1303.59,1303.59,-0.01,6.05,7742.28,-1
2023-08-03,2023-08-03 12:04:00,1303.59,1303.59,1303.4,1303.4,-0.01,6.05,7742.28,-1
2023-08-03,2023-08-03 12:05:00,1303.4,1303.4,1303.2,1303.2,-0.02,6.05,7742.28,-1
2023-08-03,2023-08-03 12:06:00,1303.2,1303.2,1303.01,1303.01,-0.01,6.05,7742.28,-1
2023-08-03,2023-08-03 12:07:00,1303.01,1303.01,1302.82,1302.82,-0.01,6.05,7742.28,-1
2023-08-03,2023-08-03 12:08:00,1302.82,1302.82,1302.63,1302.63,-0.01,6.05,7742.28,-1
2023-08-03,2023-08-03 12:09:00,1302.63,1302.63,1302.44,1302.44,-0.01,6.05,7742.28,-1
2023-08-03,2023-08-03 12:10:00,1302.44,1302.44,1302.25,1302.25,-0.01,6.05,7742.28,-1
2023-08-03,2023-08-03 12:11:00,1302.25,1302.25,1302.06,1302.06,-0.01,6.05,7742.28,-1
2023-08-03,2023-08-03 12:12:00,1302.06,1302.06,1301.87,1301.87,-0.01,6.05,7742.28,-1
2023-08-03,2023-08-03 12:13:00,1301.87,1301.87,1301.68,1301.68,-0.01,6.05,7742.28,-1
2023-08-03,2023-08-03 12:14:00,1301.68,1301.68,1301.49,1301.49,-0.01,6.05,7742.28,-1
2023-08-03,2023-08-03 12:15:00,1301.49,1301.49,1301.3,1301.3,-0.01,6.05,7742.28,-1
2023-08-03,2023-08-03 12:16:00,1301.3,1301.3,1301.11,1301.11,-0.01,6.05,7742.28,-1
2023-08-03,2023-08-03 12:17:00,1301.11,1301.11,1300.91,1300.91,-0.02,6.05,7742.28,-1
2023-08-03,2023-08-03 12:18:00,1300.91,1300.91,1300.72,1300.72,-0.01,6.05,7742.28,-1
2023-08-03,2023-08-03 12:19:00,1300.72,1300.72,1300.53,1300.53,-0.01,6.05,7742.28,-1
2023-08-03,2023-08-03 12:20:00,1300.53,1300.53,1300.34,1300.34,-0.01,6.05,7742.28,-1
2023-08-03,2023-08-03 12:21:00,1300.34,1300.34,1300.15,1300.15,-0.01,6.05,7742.28,-1
2023-08-03,2023-08-03 12:22:00,1300.15,1300.15,1299.96,1299.96,-0.01,6.05,7742.28,-1
2023-08-03,2023-08-03 12:23:00,1299.96,1299.96,1299.77,1299.77,-0.01,6.05,7742.28,-1
2023-08-03,2023-08-03 12:24:00,1299.77,1299.77,1299.58,1299.58,-0.01,6.05,7742.28,-1
2023-08-03,2023-08-03 12:25:00,1299.58,1299.58,1299.39,1299.39,-0.01,6.05,7742.28,-1
2023-08-03,2023-08-03 12:26:00,1299.39,1299.39,1299.2,1299.2,-0.01,6.05,7742.28,-1
2023-08-03,2023-08-03 12:27:00,1299.2,1299.2,1299.01,1299.01,-0.01,6.05,7742.28,-1
2023-08-03,2023-08-03 12:28:00,1299.01,1299.01,1298.82,1298.82,-0.01,6.05,7742.28,-1
2023-08-03,2023-08-03 12:29:00,1298.82,1298.82,1298.62,1298.62,-0.02,6.05,7742.28,-1
2023-08-03,2023-08-03 12:30:00,1298.62,1298.62,1298.43,1298.43,-0.01,6.05,7742.28,-1
2023-08-03,2023-08-03 12:31:00,1298.43,1298.43,1298.24,1298.24,-0.01,6.05,7742.28,-1
2023-08-03,2023-08-03 12:32:00,1298.24,1298.24,1298.05,1298.05,-0.01,6.05,7742.28,-1
2023-08-03,2023-08-03 12:33:00,1298.05,1298.05,1297.86,1297.86,-0.01,6.05,7742.28,-1
2023-08-03,2023-08-03 12:34:00,1297.86,1297.86,1297.67,1297.67,-0.01,6.05,7742.28,-1
2023-08-03,2023-08-03 12:35:00,1297.67,1297.67,1297.48,1297.48,-0.01,6.05,7742.28,-1
2023-08-03,2023-08-03 12:36:00,1297.48,1297.48,1297.29,1297.29,-0.01,6.05,7742.28,-1
2023-08-03,2023-08-03 12:37:00,1297.29,1297.29,1297.1,1297.1,-0.01,6.05,7742.28,-1
2023-08-03,2023-08-03 12:38:00,1297.1,1297.1,1296.91,1296.91,-0.01,6.05,7742.28,-1
2023-08-03,2023-08-03 12:39:00,1296.91,1296.91,1296.72,1296.72,-0.01,6.05,7742.28,-1
2023-08-03,2023-08-03 12:40:00,1296.72,1296.72,1296.53,1296.53,-0.01,6.05,7742.28,-1
2023-08-03,2023-08-03 12:41:00,1296.53,1296.53,1296.34,1296.34,-0.01,6.05,7742.28,-1
2023-08-03,2023-08-03 12:42:00,1296.34,1296.34,1296.14,1296.14,-0.02,6.05,7742.28,-1
2023-08-03,2023-08-03 12:43:00,1296.14,1296.14,1295.95,1295.95,-0.01,6.05,7742.28,-1
2023-08-03,2023-08-03 12:44:00,1295.95,1295.95,1295.76,1295.76,-0.01,6.05,7742.28,-1
2023-08-03,2023-08-03 12:45:00,1295.76,1295.76,1295.57,1295.57,-0.01,6.05,7742.28,-1
2023-08-03,2023-08-03 12:46:00,1295.57,1295.57,1295.38,1295.38,-0.01,6.05,7742.28,-1
2023-08-03,2023-08-03 12:47:00,1295.38,1295.38,1295.19,1295.19,-0.01,6.05,7742.28,-1
2023-08-03,2023-08-03 12:48:00,1295.19,1295.19,1295.0,1295.0,-0.01,6.05,7742.28,-1
2023-08-03,2023-08-03 12:49:00,1295.0,1295.0,1294.81,1294.81,-0.01,6.05,7742.28,-1
2023-08-03,2023-08-03 12:50:00,1294.81,1294.81,1294.62,1294.62,-0.01,6.05,7742.28,-1
2023-08-03,2023-08-03 12:51:00,1294.62,1294.62,1294.43,1294.43,-0.01,6.05,7742.28,-1
2023-08-03,2023-08-03 12:52:00,1294.43,1294.43,1294.24,1294.24,-0.01,6.05,7742.28,-1
2023-08-03,2023-08-03 12:53:00,1294.24,1294.24,1294.05,1294.05,-0.01,6.05,7742.28,-1
2023-08-03,2023-08-03 12:54:00,1294.05,1294.05,1293.85,1293.85,-0.02,6.05,7742.28,-1
2023-08-03,2023-08-03 12:55:00,1293.85,1293.85,1293.66,1293.66,-0.01,6.05,7742.28,-1
2023-08-03,2023-08-03 12:56:00,1293.66,1293.66,1293.47,1293.47,-0.01,6.05,7742.28,-1
2023-08-03,2023-08-03 12:57:00,1293.47,1293.47,1293.28,1293.28,-0.01,6.05,7742.28,-1
2023-08-03,2023-08-03 12:58:00,1293.28,1293.28,1293.09,1293.09,-0.01,6.05,7742.28,-1
2023-08-03,2023-08-03 12:59:00,1293.09,1293.09,1292.9,1292.9,-0.01,6.05,7742.28,-1
2023-08-03,2023-08-03 13:00:00,1292.9,1315.8,1265.1,1292.71,-0.01,6.05,7742.28,-1
2023-08-03,2023-08-03 13:01:00,1292.71,1292.71,1292.52,1292.52,-0.01,6.05,7742.28,-1
2023-08-03,2023-08-03 13:02:00,1292.52,1292.52,1292.33,1292.33,-0.01,6.05,7742.28,-1
2023-08-03,2023-08-03 13:03:00,1292.33,1292.33,1292.14,1292.14,-0.01,6.05,7742.28,-1
2023-08-03,2023-08-03 13:04:00,1292.14,1292.14,1291.95,1291.95,-0.01,6.05,7742.28,-1
2023-08-03,2023-08-03 13:05:00,1291.95,1291.95,1291.75,1291.75,-0.02,6.05,7742.28,-1
2023-08-03,2023-08-03 13:06:00,1291.75,1291.75,1291.56,1291.56,-0.01,6.05,7742.28,-1
2023-08-03,2023-08-03 13:07:00,1291.56,1291.56,1291.37,1291.37,-0.01,6.05,7742.28,-1
2023-08-03,2023-08-03 13:08:00,1291.37,1291.37,1291.18,1291.18,-0.01,6.05,7742.28,-1
2023-08-03,2023-08-03 13:09:00,1291.18,1291.18,1290.99,1290.99,-0.01,6.05,7742.28,-1
2023-08-03,2023-08-03 13:10:00,1290.99,1290.99,1290.8,1290.8,-0.01,6.05,7742.28,-1
2023-08-03,2023-08-03 13:11:00,1290.8,1290.8,1290.61,1290.61,-0.01,6.05,7742.28,-1
2023-08-03,2023-08-03 13:12:00,1290.61,1290.61,1290.42,1290.42,-0.01,6.05,7742.28,-1
2023-08-03,2023-08-03 13:13:00,1290.42,1290.42,1290.23,1290.23,-0.01,6.05,7742.28,-1
2023-08-03,2023-08-03 13:14:00,1290.23,1290.23,1290.04,1290.04,-0.01,6.05,7742.28,-1
2023-08-03,2023-08-03 13:15:00,1290.04,1290.04,1289.85,1289.85,-0.01,6.05,7742.28,-1
2023-08-03,2023-08-03 13:16:00,1289.85,1289.85,1289.66,1289.66,-0.01,6.05,7742.28,-1
2023-08-03,2023-08-03 13:17:00,1289.66,1289.66,1289.46,1289.46,-0.02,6.05,7742.28,-1
2023-08-03,2023-08-03 13:18:00,1289.46,1289.46,1289.27,1289.27,-0.01,6.05,7742.28,-1
2023-08-03,2023-08-03 13:19:00,1289.27,1289.27,1289.08,1289.08,-0.01,6.05,7742.28,-1
2023-08-03,2023-08-03 13:20:00,1289.08,1289.08,1288.89,1288.89,-0.01,6.05,7742.28,-1
2023-08-03,2023-08-03 13:21:00,1288.89,1288.89,1288.7,1288.7,-0.01,6.05,7742.28,-1
2023-08-03,2023-08-03 13:22:00,1288.7,1288.7,1288.51,1288.51,-0.01,6.05,7742.28,-1
2023-08-03,2023-08-03 13:23:00,1288.51,1288.51,1288.32,1288.32,-0.01,6.05,7742.28,-1
2023-08-03,2023-08-03 13:24:00,1288.32,1288.32,1288.13,1288.13,-0.01,6.05,7742.28,-1
2023-08-03,2023-08-03 13:25:00,1288.13,1288.13,1287.94,1287.94,-0.01,6.05,7742.28,-1
2023-08-03,2023-08-03 13:26:00,1287.94,1287.94,1287.75,1287.75,-0.01,6.05,7742.28,-1
2023-08-03,2023-08-03 13:27:00,1287.75,1287.75,1287.56,1287.56,-0.01,6.05,7742.28,-1
2023-08-03,2023-08-03 13:28:00,1287.56,1287.56,1287.37,1287.37,-0.01,6.05,7742.28,-1
2023-08-03,2023-08-03 13:29:00,1287.37,1287.37,1287.17,1287.17,-0.02,6.05,7742.28,-1
2023-08-03,2023-08-03 13:30:00,1287.17,1287.17,1286.98,1286.98,-0.01,6.05,7742.28,-1
2023-08-03,2023-08-03 13:31:00,1286.98,1286.98,1286.79,1286.79,-0.01,6.05,7742.28,-1
2023-08-03,2023-08-03 13:32:00,1286.79,1286.79,1286.6,1286.6,-0.01,6.05,7742.28,-1
2023-08-03,2023-08-03 13:33:00,1286.6,1286.6,1286.41,1286.41,-0.01,6.05,7742.28,-1
2023-08-03,2023-08-03 13:34:00,1286.41,1286.41,1286.22,1286.22,-0.01,6.05,7742.28,-1
2023-08-03,2023-08-03 13:35:00,1286.22,1286.22,1286.03,1286.03,-0.01,6.05,7742.28,-1
2023-08-03,2023-08-03 13:36:00,1286.03,1286.03,1285.84,1285.84,-0.01,6.05,7742.28,-1
2023-08-03,2023-08-03 13:37:00,1285.84,1285.84,1285.65,1285.65,-0.01,6.05,7742.28,-1
2023-08-03,2023-08-03 13:38:00,1285.65,1285.65,1285.46,1285.46,-0.01,6.05,7742.28,-1
2023-08-03,2023-08-03 13:39:00,1285.46,1285.46,1285.27,1285.27,-0.01,6.05,7742.28,-1
2023-08-03,2023-08-03 13:40:00,1285.27,1285.27,1285.08,1285.08,-0.01,6.05,7742.28,-1
2023-08-03,2023-08-03 13:41:00,1285.08,1285.08,1284.88,1284.88,-0.02,6.05,7742.28,-1
2023-08-03,2023-08-03 13:42:00,1284.88,1284.88,1284.69,1284.69,-0.01,6.05,7742.28,-1
2023-08-03,2023-08-03 13:43:00,1284.69,1284.69,1284.5,1284.5,-0.01,6.05,7742.28,-1
2023-08-03,2023-08-03 13:44:00,1284.5,1284.5,1284.31,1284.31,-0.01,6.05,7742.28,-1
2023-08-03,2023-08-03 13:45:00,1284.31,1284.31,1284.12,1284.12,-0.01,6.05,7742.28,-1
2023-08-03,2023-08-03 13:46:00,1284.12,1284.12,1283.93,1283.93,-0.01,6.05,7742.28,-1
2023-08-03,2023-08-03 13:47:00,1283.93,1283.93,1283.74,1283.74,-0.01,6.05,7742.28,-1
2023-08-03,2023-08-03 13:48:00,1283.74,1283.74,1283.55,1283.55,-0.01,6.05,7742.28,-1
2023-08-03,2023-08-03 13:49:00,1283.55,1283.55,1283.36,1283.36,-0.01,6.05,7742.28,-1
2023-08-03,2023-08-03 13:50:00,1283.36,1283.36,1283.17,1283.17,-0.01,6.05,7742.28,-1
2023-08-03,2023-08-03 13:51:00,1283.17,1283.17,1282.98,1282.98,-0.01,6.05,7742.28,-1
2023-08-03,2023-08-03 13:52:00,1282.98,1282.98,1282.79,1282.79,-0.01,6.05,7742.28,-1
2023-08-03,2023-08-03 13:53:00,1282.79,1282.79,1282.6,1282.6,-0.01,6.05,7742.28,-1
2023-08-03,2023-08-03 13:54:00,1282.6,1282.6,1282.4,1282.4,-0.02,6.05,7742.28,-1
2023-08-03,2023-08-03 13:55:00,1282.4,1282.4,1282.21,1282.21,-0.01,6.05,7742.28,-1
2023-08-03,2023-08-03 13:56:00,1282.21,1282.21,1282.02,1282.02,-0.01,6.05,7742.28,-1
2023-08-03,2023-08-03 13:57:00,1282.02,1282.02,1281.83,1281.83,-0.01,6.05,7742.28,-1
2023-08-03,2023-08-03 13:58:00,1281.83,1281.83,1281.64,1281.64,-0.01,6.05,7742.28,-1
2023-08-03,2023-08-03 13:59:00,1281.64,1281.64,1281.45,1281.45,-0.01,6.05,7742.28,-1
2023-08-03,2023-08-03 14:00:00,1281.45,1281.45,1281.26,1281.26,-0.01,6.05,7742.28,-1
2023-08-03,2023-08-03 14:01:00,1281.26,1281.26,1281.07,1281.07,-0.01,6.05,7742.28,-1
2023-08-03,2023-08-03 14:02:00,1281.07,1281.07,1280.88,1280.88,-0.01,6.05,7742.28,-1
2023-08-03,2023-08-03 14:03:00,1280.88,1280.88,1280.69,1280.69,-0.01,6.05,7742.28,-1
2023-08-03,2023-08-03 14:04:00,1280.69,1280.69,1280.5,1280.5,-0.01,6.05,7742.28,-1
2023-08-03,2023-08-03 14:05:00,1280.5,1280.5,1280.31,1280.31,-0.01,6.05,7742.28,-1
2023-08-03,2023-08-03 14:06:00,1280.31,1280.31,1280.11,1280.11,-0.02,6.05,7742.28,-1
2023-08-03,2023-08-03 14:07:00,1280.11,1280.11,1279.92,1279.92,-0.01,6.05,7742.28,-1
2023-08-03,2023-08-03 14:08:00,1279.92,1279.92,1279.73,1279.73,-0.01,6.05,7742.28,-1
2023-08-03,2023-08-03 14:09:00,1279.73,1279.73,1279.54,1279.54,-0.01,6.05,7742.28,-1
2023-08-03,2023-08-03 14:10:00,1279.54,1279.54,1279.35,1279.35,-0.01,6.05,7742.28,-1
2023-08-03,2023-08-03 14:11:00,1279.35,1279.35,1279.16,1279.16,-0.01,6.05,7742.28,-1
2023-08-03,2023-08-03 14:12:00,1279.16,1279.16,1278.97,1278.97,-0.01,6.05,7742.28,-1
2023-08-03,2023-08-03 14:13:00,1278.97,1278.97,1278.78,1278.78,-0.01,6.05,7742.28,-1
2023-08-03,2023-08-03 14:14:00,1278.78,1278.78,1278.59,1278.59,-0.01,6.05,7742.28,-1
2023-08-03,2023-08-03 14:15:00,1278.59,1278.59,1278.4,1278.4,-0.01,6.05,7742.28,-1
2023-08-03,2023-08-03 14:16:00,1278.4,1278.4,1278.21,1278.21,-0.01,6.05,7742.28,-1
2023-08-03,2023-08-03 14:17:00,1278.21,1278.21,1278.02,1278.02,-0.01,6.05,7742.28,-1
2023-08-03,2023-08-03 14:18:00,1278.02,1278.02,1277.82,1277.82,-0.02,6.05,7742.28,-1
2023-08-03,2023-08-03 14:19:00,1277.82,1277.82,1277.63,1277.63,-0.01,6.05,7742.28,-1
2023-08-03,2023-08-03 14:20:00,1277.63,1277.63,1277.44,1277.44,-0.01,6.05,7742.28,-1
2023-08-03,2023-08-03 14:21:00,1277.44,1277.44,1277.25,1277.25,-0.01,6.05,7742.28,-1
2023-08-03,2023-08-03 14:22:00,1277.25,1277.25,1277.06,1277.06,-0.01,6.05,7742.28,-1
2023-08-03,2023-08-03 14:23:00,1277.06,1277.06,1276.87,1276.87,-0.01,6.05,7742.28,-1
2023-08-03,2023-08-03 14:24:00,1276.87,1276.87,1276.68,1276.68,-0.01,6.05,7742.28,-1
2023-08-03,2023-08-03 14:25:00,1276.68,1276.68,1276.49,1276.49,-0.01,6.05,7742.28,-1
2023-08-03,2023-08-03 14:26:00,1276.49,1276.49,1276.3,1276.3,-0.01,6.05,7742.28,-1
2023-08-03,2023-08-03 14:27:00,1276.3,1276.3,1276.11,1276.11,-0.01,6.05,7742.28,-1
2023-08-03,2023-08-03 14:28:00,1276.11,1276.11,1275.92,1275.92,-0.01,6.05,7742.28,-1
2023-08-03,2023-08-03 14:29:00,1275.92,1275.92,1275.72,1275.72,-0.02,6.05,7742.28,-1
2023-08-03,2023-08-03 14:30:00,1275.72,1275.72,1275.53,1275.53,-0.01,6.05,7742.28,-1
2023-08-03,2023-08-03 14:31:00,1275.53,1275.53,1275.34,1275.34,-0.01,6.05,7742.28,-1
2023-08-03,2023-08-03 14:32:00,1275.34,1275.34,1275.15,1275.15,-0.01,6.05,7742.28,-1
2023-08-03,2023-08-03 14:33:00,1275.15,1275.15,1274.96,1274.96,-0.01,6.05,7742.28,-1
2023-08-03,2023-08-03 14:34:00,1274.96,1274.96,1274.77,1274.77,-0.01,6.05,7742.28,-1
2023-08-03,2023-08-03 14:35:00,1274.77,1274.77,1274.58,1274.58,-0.01,6.05,7742.28,-1
2023-08-03,2023-08-03 14:36:00,1274.58,1274.58,1274.39,1274.39,-0.01,6.05,7742.28,-1
2023-08-03,2023-08-03 14:37:00,1274.39,1274.39,1274.2,1274.2,-0.01,6.05,7742.28,-1
2023-08-03,2023-08-03 14:38:00,1274.2,1274.2,1274.01,1274.01,-0.01,6.05,7742.28,-1
2023-08-03,2023-08-03 14:39:00,1274.01,1274.01,1273.82,1273.82,-0.01,6.05,7742.28,-1
2023-08-03,2023-08-03 14:40:00,1273.82,1273.82,1273.63,1273.63,-0.01,6.05,7742.28,-1
2023-08-03,2023-08-03 14:41:00,1273.63,1273.63,1273.43,1273.43,-0.02,6.05,7742.28,-1
2023-08-03,2023-08-03 14:42:00,1273.43,1273.43,1273.24,1273.24,-0.01,6.05,7742.28,-1
2023-08-03,2023-08-03 14:43:00,1273.24,1273.24,1273.05,1273.05,-0.01,6.05,7742.28,-1
2023-08-03,2023-08-03 14:44:00,1273.05,1273.05,1272.86,1272.86,-0.01,6.05,7742.28,-1
2023-08-03,2023-08-03 14:45:00,1272.86,1272.86,1272.67,1272.67,-0.01,6.05,7742.28,-1
2023-08-03,2023-08-03 14:46:00,1272.67,1272.67,1272.48,1272.48,-0.01,6.05,7742.28,-1
2023-08-03,2023-08-03 14:47:00,1272.48,1272.48,1272.29,1272.29,-0.01,6.05,7742.28,-1
2023-08-03,2023-08-03 14:48:00,1272.29,1272.29,1272.1,1272.1,-0.01,6.05,7742.28,-1
2023-08-03,2023-08-03 14:49:00,1272.1,1272.1,1271.91,1271.91,-0.01,6.05,7742.28,-1
2023-08-03,2023-08-03 14:50:00,1271.91,1271.91,1271.72,1271.72,-0.01,6.05,7742.28,-1
2023-08-03,2023-08-03 14:51:00,1271.72,1271.72,1271.53,1271.53,-0.01,6.05,7742.28,-1
2023-08-03,2023-08-03 14:52:00,1271.53,1271.53,1271.34,1271.34,-0.01,6.05,7742.28,-1
2023-08-03,2023-08-03 14:53:00,1271.34,1271.34,1271.14,1271.14,-0.02,6.05,7742.28,-1
2023-08-03,2023-08-03 14:54:00,1271.14,1271.14,1270.95,1270.95,-0.01,6.05,7742.28,-1
2023-08-03,2023-08-03 14:55:00,1270.95,1270.95,1270.76,1270.76,-0.01,6.05,7742.28,-1
2023-08-03,2023-08-03 14:56:00,1270.76,1270.76,1270.57,1270.57,-0.01,6.05,7742.28,-1
2023-08-03,2023-08-03 14:57:00,1270.57,1270.57,1270.38,1270.38,-0.01,6.05,7742.28,-1
2023-08-03,2023-08-03 14:58:00,1270.38,1270.38,1270.19,1270.19,-0.01,6.05,7742.28,-1
2023-08-03,2023-08-03 14:59:00,1270.19,1270.19,1270.0,1270.0,-0.01,6.05,7742.28,-1
2023-08-03,2023-08-03 15:00:00,1270.0,1315.8,1265.1,1270.0,0.0,6.05,7742.28,0
2023-08-06,2023-08-06 11:00:00,1265.0,1265.03,1241.48,1264.78,-0.02,19.16,23492.08,-1
2023-08-06,2023-08-06 11:01:00,1264.78,1264.78,1264.56,1264.56,-0.02,19.16,23492.08,-1
2023-08-06,2023-08-06 11:02:00,1264.56,1264.56,1264.34,1264.34,-0.02,19.16,23492.08,-1
2023-08-06,2023-08-06 11:03:00,1264.34,1264.34,1264.12,1264.12,-0.02,19.16,23492.08,-1
2023-08-06,2023-08-06 11:04:00,1264.12,1264.12,1263.9,1263.9,-0.02,19.16,23492.08,-1
2023-08-06,2023-08-06 11:05:00,1263.9,1263.9,1263.67,1263.67,-0.02,19.16,23492.08,-1
2023-08-06,2023-08-06 11:06:00,1263.67,1263.67,1263.45,1263.45,-0.02,19.16,23492.08,-1
2023-08-06,2023-08-06 11:07:00,1263.45,1263.45,1263.23,1263.23,-0.02,19.16,23492.08,-1
2023-08-06,2023-08-06 11:08:00,1263.23,1263.23,1263.01,1263.01,-0.02,19.16,23492.08,-1
2023-08-06,2023-08-06 11:09:00,1263.01,1263.01,1262.79,1262.79,-0.02,19.16,23492.08,-1
2023-08-06,2023-08-06 11:10:00,1262.79,1262.79,1262.57,1262.57,-0.02,19.16,23492.08,-1
2023-08-06,2023-08-06 11:11:00,1262.57,1262.57,1262.35,1262.35,-0.02,19.16,23492.08,-1
2023-08-06,2023-08-06 11:12:00,1262.35,1262.35,1262.13,1262.13,-0.02,19.16,23492.08,-1
2023-08-06,2023-08-06 11:13:00,1262.13,1262.13,1261.91,1261.91,-0.02,19.16,23492.08,-1
2023-08-06,2023-08-06 11:14:00,1261.91,1261.91,1261.69,1261.69,-0.02,19.16,23492.08,-1
2023-08-06,2023-08-06 11:15:00,1261.69,1261.69,1261.47,1261.47,-0.02,19.16,23492.08,-1
2023-08-06,2023-08-06 11:16:00,1261.47,1261.47,1261.25,1261.25,-0.02,19.16,23492.08,-1
2023-08-06,2023-08-06 11:17:00,1261.25,1261.25,1261.03,1261.03,-0.02,19.16,23492.08,-1
2023-08-06,2023-08-06 11:18:00,1261.03,1261.03,1260.8,1260.8,-0.02,19.16,23492.08,-1
2023-08-06,2023-08-06 11:19:00,1260.8,1260.8,1260.58,1260.58,-0.02,19.16,23492.08,-1
2023-08-06,2023-08-06 11:20:00,1260.58,1260.58,1260.36,1260.36,-0.02,19.16,23492.08,-1
2023-08-06,2023-08-06 11:21:00,1260.36,1260.36,1260.14,1260.14,-0.02,19.16,23492.08,-1
2023-08-06,2023-08-06 11:22:00,1260.14,1260.14,1259.92,1259.92,-0.02,19.16,23492.08,-1
2023-08-06,2023-08-06 11:23:00,1259.92,1259.92,1259.7,1259.7,-0.02,19.16,23492.08,-1
2023-08-06,2023-08-06 11:24:00,1259.7,1259.7,1259.48,1259.48,-0.02,19.16,23492.08,-1
2023-08-06,2023-08-06 11:25:00,1259.48,1259.48,1259.26,1259.26,-0.02,19.16,23492.08,-1
2023-08-06,2023-08-06 11:26:00,1259.26,1259.26,1259.04,1259.04,-0.02,19.16,23492.08,-1
2023-08-06,2023-08-06 11:27:00,1259.04,1259.04,1258.82,1258.82,-0.02,19.16,23492.08,-1
2023-08-06,2023-08-06 11:28:00,1258.82,1258.82,1258.6,1258.6,-0.02,19.16,23492.08,-1
2023-08-06,2023-08-06 11:29:00,1258.6,1258.6,1258.38,1258.38,-0.02,19.16,23492.08,-1
2023-08-06,2023-08-06 11:30:00,1258.38,1258.38,1258.15,1258.15,-0.02,19.16,23492.08,-1
2023-08-06,2023-08-06 11:31:00,1258.15,1258.15,1257.93,1257.93,-0.02,19.16,23492.08,-1
2023-08-06,2023-08-06 11:32:00,1257.93,1257.93,1257.71,1257.71,-0.02,19.16,23492.08,-1
2023-08-06,2023-08-06 11:33:00,1257.71,1257.71,1257.49,1257.49,-0.02,19.16,23492.08,-1
2023-08-06,2023-08-06 11:34:00,1257.49,1257.49,1257.27,1257.27,-0.02,19.16,23492.08,-1
2023-08-06,2023-08-06 11:35:00,1257.27,1257.27,1257.05,1257.05,-0.02,19.16,23492.08,-1
2023-08-06,2023-08-06 11:36:00,1257.05,1257.05,1256.83,1256.83,-0.02,19.16,23492.08,-1
2023-08-06,2023-08-06 11:37:00,1256.83,1256.83,1256.61,1256.61,-0.02,19.16,23492.08,-1
2023-08-06,2023-08-06 11:38:00,1256.61,1256.61,1256.39,1256.39,-0.02,19.16,23492.08,-1
2023-08-06,2023-08-06 11:39:00,1256.39,1256.39,1256.17,1256.17,-0.02,19.16,23492.08,-1
2023-08-06,2023-08-06 11:40:00,1256.17,1256.17,1255.95,1255.95,-0.02,19.16,23492.08,-1
2023-08-06,2023-08-06 11:41:00,1255.95,1255.95,1255.72,1255.72,-0.02,19.16,23492.08,-1
2023-08-06,2023-08-06 11:42:00,1255.72,1255.72,1255.5,1255.5,-0.02,19.16,23492.08,-1
2023-08-06,2023-08-06 11:43:00,1255.5,1255.5,1255.28,1255.28,-0.02,19.16,23492.08,-1
2023-08-06,2023-08-06 11:44:00,1255.28,1255.28,1255.06,1255.06,-0.02,19.16,23492.08,-1
2023-08-06,2023-08-06 11:45:00,1255.06,1255.06,1254.84,1254.84,-0.02,19.16,23492.08,-1
2023-08-06,2023-08-06 11:46:00,1254.84,1254.84,1254.62,1254.62,-0.02,19.16,23492.08,-1
2023-08-06,2023-08-06 11:47:00,1254.62,1254.62,1254.4,1254.4,-0.02,19.16,23492.08,-1
2023-08-06,2023-08-06 11:48:00,1254.4,1254.4,1254.18,1254.18,-0.02,19.16,23492.08,-1
2023-08-06,2023-08-06 11:49:00,1254.18,1254.18,1253.96,1253.96,-0.02,19.16,23492.08,-1
2023-08-06,2023-08-06 11:50:00,1253.96,1253.96,1253.74,1253.74,-0.02,19.16,23492.08,-1
2023-08-06,2023-08-06 11:51:00,1253.74,1253.74,1253.52,1253.52,-0.02,19.16,23492.08,-1
2023-08-06,2023-08-06 11:52:00,1253.52,1253.52,1253.3,1253.3,-0.02,19.16,23492.08,-1
2023-08-06,2023-08-06 11:53:00,1253.3,1253.3,1253.08,1253.08,-0.02,19.16,23492.08,-1
2023-08-06,2023-08-06 11:54:00,1253.08,1253.08,1252.85,1252.85,-0.02,19.16,23492.08,-1
2023-08-06,2023-08-06 11:55:00,1252.85,1252.85,1252.63,1252.63,-0.02,19.16,23492.08,-1
2023-08-06,2023-08-06 11:56:00,1252.63,1252.63,1252.41,1252.41,-0.02,19.16,23492.08,-1
2023-08-06,2023-08-06 11:57:00,1252.41,1252.41,1252.19,1252.19,-0.02,19.16,23492.08,-1
2023-08-06,2023-08-06 11:58:00,1252.19,1252.19,1251.97,1251.97,-0.02,19.16,23492.08,-1
2023-08-06,2023-08-06 11:59:00,1251.97,1251.97,1251.75,1251.75,-0.02,19.16,23492.08,-1
2023-08-06,2023-08-06 12:00:00,1251.75,1251.75,1251.53,1251.53,-0.02,19.16,23492.08,-1
2023-08-06,2023-08-06 12:01:00,1251.53,1251.53,1251.31,1251.31,-0.02,19.16,23492.08,-1
2023-08-06,2023-08-06 12:02:00,1251.31,1251.31,1251.09,1251.09,-0.02,19.16,23492.08,-1
2023-08-06,2023-08-06 12:03:00,1251.09,1251.09,1250.87,1250.87,-0.02,19.16,23492.08,-1
2023-08-06,2023-08-06 12:04:00,1250.87,1250.87,1250.65,1250.65,-0.02,19.16,23492.08,-1
2023-08-06,2023-08-06 12:05:00,1250.65,1250.65,1250.42,1250.42,-0.02,19.16,23492.08,-1
2023-08-06,2023-08-06 12:06:00,1250.42,1250.42,1250.2,1250.2,-0.02,19.16,23492.08,-1
2023-08-06,2023-08-06 12:07:00,1250.2,1250.2,1249.98,1249.98,-0.02,19.16,23492.08,-1
2023-08-06,2023-08-06 12:08:00,1249.98,1249.98,1249.76,1249.76,-0.02,19.16,23492.08,-1
2023-08-06,2023-08-06 12:09:00,1249.76,1249.76,1249.54,1249.54,-0.02,19.16,23492.08,-1
2023-08-06,2023-08-06 12:10:00,1249.54,1249.54,1249.32,1249.32,-0.02,19.16,23492.08,-1
2023-08-06,2023-08-06 12:11:00,1249.32,1249.32,1249.1,1249.1,-0.02,19.16,23492.08,-1
2023-08-06,2023-08-06 12:12:00,1249.1,1249.1,1248.88,1248.88,-0.02,19.16,23492.08,-1
2023-08-06,2023-08-06 12:13:00,1248.88,1248.88,1248.66,1248.66,-0.02,19.16,23492.08,-1
2023-08-06,2023-08-06 12:14:00,1248.66,1248.66,1248.44,1248.44,-0.02,19.16,23492.08,-1
2023-08-06,2023-08-06 12:15:00,1248.44,1248.44,1248.22,1248.22,-0.02,19.16,23492.08,-1
2023-08-06,2023-08-06 12:16:00,1248.22,1248.22,1248.0,1248.0,-0.02,19.16,23492.08,-1
2023-08-06,2023-08-06 12:17:00,1248.0,1248.0,1247.78,1247.78,-0.02,19.16,23492.08,-1
2023-08-06,2023-08-06 12:18:00,1247.78,1247.78,1247.55,1247.55,-0.02,19.16,23492.08,-1
2023-08-06,2023-08-06 12:19:00,1247.55,1247.55,1247.33,1247.33,-0.02,19.16,23492.08,-1
2023-08-06,2023-08-06 12:20:00,1247.33,1247.33,1247.11,1247.11,-0.02,19.16,23492.08,-1
2023-08-06,2023-08-06 12:21:00,1247.11,1247.11,1246.89,1246.89,-0.02,19.16,23492.08,-1
2023-08-06,2023-08-06 12:22:00,1246.89,1246.89,1246.67,1246.67,-0.02,19.16,23492.08,-1
2023-08-06,2023-08-06 12:23:00,1246.67,1246.67,1246.45,1246.45,-0.02,19.16,23492.08,-1
2023-08-06,2023-08-06 12:24:00,1246.45,1246.45,1246.23,1246.23,-0.02,19.16,23492.08,-1
2023-08-06,2023-08-06 12:25:00,1246.23,1246.23,1246.01,1246.01,-0.02,19.16,23492.08,-1
2023-08-06,2023-08-06 12:26:00,1246.01,1246.01,1245.79,1245.79,-0.02,19.16,23492.08,-1
2023-08-06,2023-08-06 12:27:00,1245.79,1245.79,1245.57,1245.57,-0.02,19.16,23492.08,-1
2023-08-06,2023-08-06 12:28:00,1245.57,1245.57,1245.35,1245.35,-0.02,19.16,23492.08,-1
2023-08-06,2023-08-06 12:29:00,1245.35,1245.35,1245.12,1245.12,-0.02,19.16,23492.08,-1
2023-08-06,2023-08-06 12:30:00,1245.12,1245.12,1244.9,1244.9,-0.02,19.16,23492.08,-1
2023-08-06,2023-08-06 12:31:00,1244.9,1244.9,1244.68,1244.68,-0.02,19.16,23492.08,-1
2023-08-06,2023-08-06 12:32:00,1244.68,1244.68,1244.46,1244.46,-0.02,19.16,23492.08,-1
2023-08-06,2023-08-06 12:33:00,1244.46,1244.46,1244.24,1244.24,-0.02,19.16,23492.08,-1
2023-08-06,2023-08-06 12:34:00,1244.24,1244.24,1244.02,1244.02,-0.02,19.16,23492.08,-1
2023-08-06,2023-08-06 12:35:00,1244.02,1244.02,1243.8,1243.8,-0.02,19.16,23492.08,-1
2023-08-06,2023-08-06 12:36:00,1243.8,1243.8,1243.58,1243.58,-0.02,19.16,23492.08,-1
2023-08-06,2023-08-06 12:37:00,1243.58,1243.58,1243.36,1243.36,-0.02,19.16,23492.08,-1
2023-08-06,2023-08-06 12:38:00,1243.36,1243.36,1243.14,1243.14,-0.02,19.16,23492.08,-1
2023-08-06,2023-08-06 12:39:00,1243.14,1243.14,1242.92,1242.92,-0.02,19.16,23492.08,-1
2023-08-06,2023-08-06 12:40:00,1242.92,1242.92,1242.7,1242.7,-0.02,19.16,23492.08,-1
2023-08-06,2023-08-06 12:41:00,1242.7,1242.7,1242.47,1242.47,-0.02,19.16,23492.08,-1
2023-08-06,2023-08-06 12:42:00,1242.47,1242.47,1242.25,1242.25,-0.02,19.16,23492.08,-1
2023-08-06,2023-08-06 12:43:00,1242.25,1242.25,1242.03,1242.03,-0.02,19.16,23492.08,-1
2023-08-06,2023-08-06 12:44:00,1242.03,1242.03,1241.81,1241.81,-0.02,19.16,23492.08,-1
2023-08-06,2023-08-06 12:45:00,1241.81,1241.81,1241.59,1241.59,-0.02,19.16,23492.08,-1
2023-08-06,2023-08-06 12:46:00,1241.59,1241.59,1241.37,1241.37,-0.02,19.16,23492.08,-1
2023-08-06,2023-08-06 12:47:00,1241.37,1241.37,1241.15,1241.15,-0.02,19.16,23492.08,-1
2023-08-06,2023-08-06 12:48:00,1241.15,1241.15,1240.93,1240.93,-0.02,19.16,23492.08,-1
2023-08-06,2023-08-06 12:49:00,1240.93,1240.93,1240.71,1240.71,-0.02,19.16,23492.08,-1
2023-08-06,2023-08-06 12:50:00,1240.71,1240.71,1240.49,1240.49,-0.02,19.16,23492.08,-1
2023-08-06,2023-08-06 12:51:00,1240.49,1240.49,1240.27,1240.27,-0.02,19.16,23492.08,-1
2023-08-06,2023-08-06 12:52:00,1240.27,1240.27,1240.05,1240.05,-0.02,19.16,23492.08,-1
2023-08-06,2023-08-06 12:53:00,1240.05,1240.05,1239.83,1239.83,-0.02,19.16,23492.08,-1
2023-08-06,2023-08-06 12:54:00,1239.83,1239.83,1239.6,1239.6,-0.02,19.16,23492.08,-1
2023-08-06,2023-08-06 12:55:00,1239.6,1239.6,1239.38,1239.38,-0.02,19.16,23492.08,-1
2023-08-06,2023-08-06 12:56:00,1239.38,1239.38,1239.16,1239.16,-0.02,19.16,23492.08,-1
2023-08-06,2023-08-06 12:57:00,1239.16,1239.16,1238.94,1238.94,-0.02,19.16,23492.08,-1
2023-08-06,2023-08-06 12:58:00,1238.94,1238.94,1238.72,1238.72,-0.02,19.16,23492.08,-1
2023-08-06,2023-08-06 12:59:00,1238.72,1238.72,1238.5,1238.5,-0.02,19.16,23492.08,-1
2023-08-06,2023-08-06 13:00:00,1238.5,1265.1,1186.6,1238.28,-0.02,19.16,23492.08,-1
2023-08-06,2023-08-06 13:01:00,1238.28,1238.28,1238.06,1238.06,-0.02,19.16,23492.08,-1
2023-08-06,2023-08-06 13:02:00,1238.06,1238.06,1237.84,1237.84,-0.02,19.16,23492.08,-1
2023-08-06,2023-08-06 13:03:00,1237.84,1237.84,1237.62,1237.62,-0.02,19.16,23492.08,-1
2023-08-06,2023-08-06 13:04:00,1237.62,1237.62,1237.4,1237.4,-0.02,19.16,23492.08,-1
2023-08-06,2023-08-06 13:05:00,1237.4,1237.4,1237.17,1237.17,-0.02,19.16,23492.08,-1
2023-08-06,2023-08-06 13:06:00,1237.17,1237.17,1236.95,1236.95,-0.02,19.16,23492.08,-1
2023-08-06,2023-08-06 13:07:00,1236.95,1236.95,1236.73,1236.73,-0.02,19.16,23492.08,-1
2023-08-06,2023-08-06 13:08:00,1236.73,1236.73,1236.51,1236.51,-0.02,19.16,23492.08,-1
2023-08-06,2023-08-06 13:09:00,1236.51,1236.51,1236.29,1236.29,-0.02,19.16,23492.08,-1
2023-08-06,2023-08-06 13:10:00,1236.29,1236.29,1236.07,1236.07,-0.02,19.16,23492.08,-1
2023-08-06,2023-08-06 13:11:00,1236.07,1236.07,1235.85,1235.85,-0.02,19.16,23492.08,-1
2023-08-06,2023-08-06 13:12:00,1235.85,1235.85,1235.63,1235.63,-0.02,19.16,23492.08,-1
2023-08-06,2023-08-06 13:13:00,1235.63,1235.63,1235.41,1235.41,-0.02,19.16,23492.08,-1
2023-08-06,2023-08-06 13:14:00,1235.41,1235.41,1235.19,1235.19,-0.02,19.16,23492.08,-1
2023-08-06,2023-08-06 13:15:00,1235.19,1235.19,1234.97,1234.97,-0.02,19.16,23492.08,-1
2023-08-06,2023-08-06 13:16:00,1234.97,1234.97,1234.75,1234.75,-0.02,19.16,23492.08,-1
2023-08-06,2023-08-06 13:17:00,1234.75,1234.75,1234.53,1234.53,-0.02,19.16,23492.08,-1
2023-08-06,2023-08-06 13:18:00,1234.53,1234.53,1234.3,1234.3,-0.02,19.16,23492.08,-1
2023-08-06,2023-08-06 13:19:00,1234.3,1234.3,1234.08,1234.08,-0.02,19.16,23492.08,-1
2023-08-06,2023-08-06 13:20:00,1234.08,1234.08,1233.86,1233.86,-0.02,19.16,23492.08,-1
2023-08-06,2023-08-06 13:21:00,1233.86,1233.86,1233.64,1233.64,-0.02,19.16,23492.08,-1
2023-08-06,2023-08-06 13:22:00,1233.64,1233.64,1233.42,1233.42,-0.02,19.16,23492.08,-1
2023-08-06,2023-08-06 13:23:00,1233.42,1233.42,1233.2,1233.2,-0.02,19.16,23492.08,-1
2023-08-06,2023-08-06 13:24:00,1233.2,1233.2,1232.98,1232.98,-0.02,19.16,23492.08,-1
2023-08-06,2023-08-06 13:25:00,1232.98,1232.98,1232.76,1232.76,-0.02,19.16,23492.08,-1
2023-08-06,2023-08-06 13:26:00,1232.76,1232.76,1232.54,1232.54,-0.02,19.16,23492.08,-1
2023-08-06,2023-08-06 13:27:00,1232.54,1232.54,1232.32,1232.32,-0.02,19.16,23492.08,-1
2023-08-06,2023-08-06 13:28:00,1232.32,1232.32,1232.1,1232.1,-0.02,19.16,23492.08,-1
2023-08-06,2023-08-06 13:29:00,1232.1,1232.1,1231.88,1231.88,-0.02,19.16,23492.08,-1
2023-08-06,2023-08-06 13:30:00,1231.88,1231.88,1231.65,1231.65,-0.02,19.16,23492.08,-1
2023-08-06,2023-08-06 13:31:00,1231.65,1231.65,1231.43,1231.43,-0.02,19.16,23492.08,-1
2023-08-06,2023-08-06 13:32:00,1231.43,1231.43,1231.21,1231.21,-0.02,19.16,23492.08,-1
2023-08-06,2023-08-06 13:33:00,1231.21,1231.21,1230.99,1230.99,-0.02,19.16,23492.08,-1
2023-08-06,2023-08-06 13:34:00,1230.99,1230.99,1230.77,1230.77,-0.02,19.16,23492.08,-1
2023-08-06,2023-08-06 13:35:00,1230.77,1230.77,1230.55,1230.55,-0.02,19.16,23492.08,-1
2023-08-06,2023-08-06 13:36:00,1230.55,1230.55,1230.33,1230.33,-0.02,19.16,23492.08,-1
2023-08-06,2023-08-06 13:37:00,1230.33,1230.33,1230.11,1230.11,-0.02,19.16,23492.08,-1
2023-08-06,2023-08-06 13:38:00,1230.11,1230.11,1229.89,1229.89,-0.02,19.16,23492.08,-1
2023-08-06,2023-08-06 13:39:00,1229.89,1229.89,1229.67,1229.67,-0.02,19.16,23492.08,-1
2023-08-06,2023-08-06 13:40:00,1229.67,1229.67,1229.45,1229.45,-0.02,19.16,23492.08,-1
2023-08-06,2023-08-06 13:41:00,1229.45,1229.45,1229.22,1229.22,-0.02,19.16,23492.08,-1
2023-08-06,2023-08-06 13:42:00,1229.22,1229.22,1229.0,1229.0,-0.02,19.16,23492.08,-1
2023-08-06,2023-08-06 13:43:00,1229.0,1229.0,1228.78,1228.78,-0.02,19.16,23492.08,-1
2023-08-06,2023-08-06 13:44:00,1228.78,1228.78,1228.56,1228.56,-0.02,19.16,23492.08,-1
2023-08-06,2023-08-06 13:45:00,1228.56,1228.56,1228.34,1228.34,-0.02,19.16,23492.08,-1
2023-08-06,2023-08-06 13:46:00,1228.34,1228.34,1228.12,1228.12,-0.02,19.16,23492.08,-1
2023-08-06,2023-08-06 13:47:00,1228.12,1228.12,1227.9,1227.9,-0.02,19.16,23492.08,-1
2023-08-06,2023-08-06 13:48:00,1227.9,1227.9,1227.68,1227.68,-0.02,19.16,23492.08,-1
2023-08-06,2023-08-06 13:49:00,1227.68,1227.68,1227.46,1227.46,-0.02,19.16,23492.08,-1
2023-08-06,2023-08-06 13:50:00,1227.46,1227.46,1227.24,1227.24,-0.02,19.16,23492.08,-1
2023-08-06,2023-08-06 13:51:00,1227.24,1227.24,1227.02,1227.02,-0.02,19.16,23492.08,-1
2023-08-06,2023-08-06 13:52:00,1227.02,1227.02,1226.8,1226.8,-0.02,19.16,23492.08,-1
2023-08-06,2023-08-06 13:53:00,1226.8,1226.8,1226.58,1226.58,-0.02,19.16,23492.08,-1
2023-08-06,2023-08-06 13:54:00,1226.58,1226.58,1226.35,1226.35,-0.02,19.16,23492.08,-1
2023-08-06,2023-08-06 13:55:00,1226.35,1226.35,1226.13,1226.13,-0.02,19.16,23492.08,-1
2023-08-06,2023-08-06 13:56:00,1226.13,1226.13,1225.91,1225.91,-0.02,19.16,23492.08,-1
2023-08-06,2023-08-06 13:57:00,1225.91,1225.91,1225.69,1225.69,-0.02,19.16,23492.08,-1
2023-08-06,2023-08-06 13:58:00,1225.69,1225.69,1225.47,1225.47,-0.02,19.16,23492.08,-1
2023-08-06,2023-08-06 13:59:00,1225.47,1225.47,1225.25,1225.25,-0.02,19.16,23492.08,-1
2023-08-06,2023-08-06 14:00:00,1225.25,1225.25,1225.03,1225.03,-0.02,19.16,23492.08,-1
2023-08-06,2023-08-06 14:01:00,1225.03,1225.03,1224.81,1224.81,-0.02,19.16,23492.08,-1
2023-08-06,2023-08-06 14:02:00,1224.81,1224.81,1224.59,1224.59,-0.02,19.16,23492.08,-1
2023-08-06,2023-08-06 14:03:00,1224.59,1224.59,1224.37,1224.37,-0.02,19.16,23492.08,-1
2023-08-06,2023-08-06 14:04:00,1224.37,1224.37,1224.15,1224.15,-0.02,19.16,23492.08,-1
2023-08-06,2023-08-06 14:05:00,1224.15,1224.15,1223.92,1223.92,-0.02,19.16,23492.08,-1
2023-08-06,2023-08-06 14:06:00,1223.92,1223.92,1223.7,1223.7,-0.02,19.16,23492.08,-1
2023-08-06,2023-08-06 14:07:00,1223.7,1223.7,1223.48,1223.48,-0.02,19.16,23492.08,-1
2023-08-06,2023-08-06 14:08:00,1223.48,1223.48,1223.26,1223.26,-0.02,19.16,23492.08,-1
2023-08-06,2023-08-06 14:09:00,1223.26,1223.26,1223.04,1223.04,-0.02,19.16,23492.08,-1
2023-08-06,2023-08-06 14:10:00,1223.04,1223.04,1222.82,1222.82,-0.02,19.16,23492.08,-1
2023-08-06,2023-08-06 14:11:00,1222.82,1222.82,1222.6,1222.6,-0.02,19.16,23492.08,-1
2023-08-06,2023-08-06 14:12:00,1222.6,1222.6,1222.38,1222.38,-0.02,19.16,23492.08,-1
2023-08-06,2023-08-06 14:13:00,1222.38,1222.38,1222.16,1222.16,-0.02,19.16,23492.08,-1
2023-08-06,2023-08-06 14:14:00,1222.16,1222.16,1221.94,1221.94,-0.02,19.16,23492.08,-1
2023-08-06,2023-08-06 14:15:00,1221.94,1221.94,1221.72,1221.72,-0.02,19.16,23492.08,-1
2023-08-06,2023-08-06 14:16:00,1221.72,1221.72,1221.5,1221.5,-0.02,19.16,23492.08,-1
2023-08-06,2023-08-06 14:17:00,1221.5,1221.5,1221.28,1221.28,-0.02,19.16,23492.08,-1
2023-08-06,2023-08-06 14:18:00,1221.28,1221.28,1221.05,1221.05,-0.02,19.16,23492.08,-1
2023-08-06,2023-08-06 14:19:00,1221.05,1221.05,1220.83,1220.83,-0.02,19.16,23492.08,-1
2023-08-06,2023-08-06 14:20:00,1220.83,1220.83,1220.61,1220.61,-0.02,19.16,23492.08,-1
2023-08-06,2023-08-06 14:21:00,1220.61,1220.61,1220.39,1220.39,-0.02,19.16,23492.08,-1
2023-08-06,2023-08-06 14:22:00,1220.39,1220.39,1220.17,1220.17,-0.02,19.16,23492.08,-1
2023-08-06,2023-08-06 14:23:00,1220.17,1220.17,1219.95,1219.95,-0.02,19.16,23492.08,-1
2023-08-06,2023-08-06 14:24:00,1219.95,1219.95,1219.73,1219.73,-0.02,19.16,23492.08,-1
2023-08-06,2023-08-06 14:25:00,1219.73,1219.73,1219.51,1219.51,-0.02,19.16,23492.08,-1
2023-08-06,2023-08-06 14:26:00,1219.51,1219.51,1219.29,1219.29,-0.02,19.16,23492.08,-1
2023-08-06,2023-08-06 14:27:00,1219.29,1219.29,1219.07,1219.07,-0.02,19.16,23492.08,-1
2023-08-06,2023-08-06 14:28:00,1219.07,1219.07,1218.85,1218.85,-0.02,19.16,23492.08,-1
2023-08-06,2023-08-06 14:29:00,1218.85,1218.85,1218.62,1218.62,-0.02,19.16,23492.08,-1
2023-08-06,2023-08-06 14:30:00,1218.62,1218.62,1218.4,1218.4,-0.02,19.16,23492.08,-1
2023-08-06,2023-08-06 14:31:00,1218.4,1218.4,1218.18,1218.18,-0.02,19.16,23492.08,-1
2023-08-06,2023-08-06 14:32:00,1218.18,1218.18,1217.96,1217.96,-0.02,19.16,23492.08,-1
2023-08-06,2023-08-06 14:33:00,1217.96,1217.96,1217.74,1217.74,-0.02,19.16,23492.08,-1
2023-08-06,2023-08-06 14:34:00,1217.74,1217.74,1217.52,1217.52,-0.02,19.16,23492.08,-1
2023-08-06,2023-08-06 14:35:00,1217.52,1217.52,1217.3,1217.3,-0.02,19.16,23492.08,-1
2023-08-06,2023-08-06 14:36:00,1217.3,1217.3,1217.08,1217.08,-0.02,19.16,23492.08,-1
2023-08-06,2023-08-06 14:37:00,1217.08,1217.08,1216.86,1216.86,-0.02,19.16,23492.08,-1
2023-08-06,2023-08-06 14:38:00,1216.86,1216.86,1216.64,1216.64,-0.02,19.16,23492.08,-1
2023-08-06,2023-08-06 14:39:00,1216.64,1216.64,1216.42,1216.42,-0.02,19.16,23492.08,-1
2023-08-06,2023-08-06 14:40:00,1216.42,1216.42,1216.2,1216.2,-0.02,19.16,23492.08,-1
2023-08-06,2023-08-06 14:41:00,1216.2,1216.2,1215.97,1215.97,-0.02,19.16,23492.08,-1
2023-08-06,2023-08-06 14:42:00,1215.97,1215.97,1215.75,1215.75,-0.02,19.16,23492.08,-1
2023-08-06,2023-08-06 14:43:00,1215.75,1215.75,1215.53,1215.53,-0.02,19.16,23492.08,-1
2023-08-06,2023-08-06 14:44:00,1215.53,1215.53,1215.31,1215.31,-0.02,19.16,23492.08,-1
2023-08-06,2023-08-06 14:45:00,1215.31,1215.31,1215.09,1215.09,-0.02,19.16,23492.08,-1
2023-08-06,2023-08-06 14:46:00,1215.09,1215.09,1214.87,1214.87,-0.02,19.16,23492.08,-1
2023-08-06,2023-08-06 14:47:00,1214.87,1214.87,1214.65,1214.65,-0.02,19.16,23492.08,-1
2023-08-06,2023-08-06 14:48:00,1214.65,1214.65,1214.43,1214.43,-0.02,19.16,23492.08,-1
2023-08-06,2023-08-06 14:49:00,1214.43,1214.43,1214.21,1214.21,-0.02,19.16,23492.08,-1
2023-08-06,2023-08-06 14:50:00,1214.21,1214.21,1213.99,1213.99,-0.02,19.16,23492.08,-1
2023-08-06,2023-08-06 14:51:00,1213.99,1213.99,1213.77,1213.77,-0.02,19.16,23492.08,-1
2023-08-06,2023-08-06 14:52:00,1213.77,1213.77,1213.55,1213.55,-0.02,19.16,23492.08,-1
2023-08-06,2023-08-06 14:53:00,1213.55,1213.55,1213.33,1213.33,-0.02,19.16,23492.08,-1
2023-08-06,2023-08-06 14:54:00,1213.33,1213.33,1213.1,1213.1,-0.02,19.16,23492.08,-1
2023-08-06,2023-08-06 14:55:00,1213.1,1213.1,1212.88,1212.88,-0.02,19.16,23492.08,-1
2023-08-06,2023-08-06 14:56:00,1212.88,1212.88,1212.66,1212.66,-0.02,19.16,23492.08,-1
2023-08-06,2023-08-06 14:57:00,1212.66,1212.66,1212.44,1212.44,-0.02,19.16,23492.08,-1
2023-08-06,2023-08-06 14:58:00,1212.44,1212.44,1212.22,1212.22,-0.02,19.16,23492.08,-1
2023-08-06,2023-08-06 14:59:00,1212.22,1212.22,1212.0,1212.0,-0.02,19.16,23492.08,-1
2023-08-06,2023-08-06 15:00:00,1212.0,1265.1,1186.6,1212.0,0.0,19.16,23492.08,0
2023-08-07,2023-08-07 11:00:00,1200.0,1212.0,1200.0,1200.08,0.01,10.88,13182.71,1
2023-08-07,2023-08-07 11:01:00,1200.08,1200.17,1200.08,1200.17,0.01,10.88,13182.71,1
2023-08-07,2023-08-07 11:02:00,1200.17,1200.25,1200.17,1200.25,0.01,10.88,13182.71,1
2023-08-07,2023-08-07 11:03:00,1200.25,1200.33,1200.25,1200.33,0.01,10.88,13182.71,1
2023-08-07,2023-08-07 11:04:00,1200.33,1200.41,1200.33,1200.41,0.01,10.88,13182.71,1
2023-08-07,2023-08-07 11:05:00,1200.41,1200.5,1200.41,1200.5,0.01,10.88,13182.71,1
2023-08-07,2023-08-07 11:06:00,1200.5,1200.58,1200.5,1200.58,0.01,10.88,13182.71,1
2023-08-07,2023-08-07 11:07:00,1200.58,1200.66,1200.58,1200.66,0.01,10.88,13182.71,1
2023-08-07,2023-08-07 11:08:00,1200.66,1200.75,1200.66,1200.75,0.01,10.88,13182.71,1
2023-08-07,2023-08-07 11:09:00,1200.75,1200.83,1200.75,1200.83,0.01,10.88,13182.71,1
2023-08-07,2023-08-07 11:10:00,1200.83,1200.91,1200.83,1200.91,0.01,10.88,13182.71,1
2023-08-07,2023-08-07 11:11:00,1200.91,1200.99,1200.91,1200.99,0.01,10.88,13182.71,1
2023-08-07,2023-08-07 11:12:00,1200.99,1201.08,1200.99,1201.08,0.01,10.88,13182.71,1
2023-08-07,2023-08-07 11:13:00,1201.08,1201.16,1201.08,1201.16,0.01,10.88,13182.71,1
2023-08-07,2023-08-07 11:14:00,1201.16,1201.24,1201.16,1201.24,0.01,10.88,13182.71,1
2023-08-07,2023-08-07 11:15:00,1201.24,1201.33,1201.24,1201.33,0.01,10.88,13182.71,1
2023-08-07,2023-08-07 11:16:00,1201.33,1201.41,1201.33,1201.41,0.01,10.88,13182.71,1
2023-08-07,2023-08-07 11:17:00,1201.41,1201.49,1201.41,1201.49,0.01,10.88,13182.71,1
2023-08-07,2023-08-07 11:18:00,1201.49,1201.58,1201.49,1201.58,0.01,10.88,13182.71,1
2023-08-07,2023-08-07 11:19:00,1201.58,1201.66,1201.58,1201.66,0.01,10.88,13182.71,1
2023-08-07,2023-08-07 11:20:00,1201.66,1201.74,1201.66,1201.74,0.01,10.88,13182.71,1
2023-08-07,2023-08-07 11:21:00,1201.74,1201.82,1201.74,1201.82,0.01,10.88,13182.71,1
2023-08-07,2023-08-07 11:22:00,1201.82,1201.91,1201.82,1201.91,0.01,10.88,13182.71,1
2023-08-07,2023-08-07 11:23:00,1201.91,1201.99,1201.91,1201.99,0.01,10.88,13182.71,1
2023-08-07,2023-08-07 11:24:00,1201.99,1202.07,1201.99,1202.07,0.01,10.88,13182.71,1
2023-08-07,2023-08-07 11:25:00,1202.07,1202.16,1202.07,1202.16,0.01,10.88,13182.71,1
2023-08-07,2023-08-07 11:26:00,1202.16,1202.24,1202.16,1202.24,0.01,10.88,13182.71,1
2023-08-07,2023-08-07 11:27:00,1202.24,1202.32,1202.24,1202.32,0.01,10.88,13182.71,1
2023-08-07,2023-08-07 11:28:00,1202.32,1202.4,1202.32,1202.4,0.01,10.88,13182.71,1
2023-08-07,2023-08-07 11:29:00,1202.4,1202.49,1202.4,1202.49,0.01,10.88,13182.71,1
2023-08-07,2023-08-07 11:30:00,1202.49,1202.57,1202.49,1202.57,0.01,10.88,13182.71,1
2023-08-07,2023-08-07 11:31:00,1202.57,1202.65,1202.57,1202.65,0.01,10.88,13182.71,1
2023-08-07,2023-08-07 11:32:00,1202.65,1202.74,1202.65,1202.74,0.01,10.88,13182.71,1
2023-08-07,2023-08-07 11:33:00,1202.74,1202.82,1202.74,1202.82,0.01,10.88,13182.71,1
2023-08-07,2023-08-07 11:34:00,1202.82,1202.9,1202.82,1202.9,0.01,10.88,13182.71,1
2023-08-07,2023-08-07 11:35:00,1202.9,1202.99,1202.9,1202.99,0.01,10.88,13182.71,1
2023-08-07,2023-08-07 11:36:00,1202.99,1203.07,1202.99,1203.07,0.01,10.88,13182.71,1
2023-08-07,2023-08-07 11:37:00,1203.07,1203.15,1203.07,1203.15,0.01,10.88,13182.71,1
2023-08-07,2023-08-07 11:38:00,1203.15,1203.23,1203.15,1203.23,0.01,10.88,13182.71,1
2023-08-07,2023-08-07 11:39:00,1203.23,1203.32,1203.23,1203.32,0.01,10.88,13182.71,1
2023-08-07,2023-08-07 11:40:00,1203.32,1203.4,1203.32,1203.4,0.01,10.88,13182.71,1
2023-08-07,2023-08-07 11:41:00,1203.4,1203.48,1203.4,1203.48,0.01,10.88,13182.71,1
2023-08-07,2023-08-07 11:42:00,1203.48,1203.57,1203.48,1203.57,0.01,10.88,13182.71,1
2023-08-07,2023-08-07 11:43:00,1203.57,1203.65,1203.57,1203.65,0.01,10.88,13182.71,1
2023-08-07,2023-08-07 11:44:00,1203.65,1203.73,1203.65,1203.73,0.01,10.88,13182.71,1
2023-08-07,2023-08-07 11:45:00,1203.73,1203.81,1203.73,1203.81,0.01,10.88,13182.71,1
2023-08-07,2023-08-07 11:46:00,1203.81,1203.9,1203.81,1203.9,0.01,10.88,13182.71,1
2023-08-07,2023-08-07 11:47:00,1203.9,1203.98,1203.9,1203.98,0.01,10.88,13182.71,1
2023-08-07,2023-08-07 11:48:00,1203.98,1204.06,1203.98,1204.06,0.01,10.88,13182.71,1
2023-08-07,2023-08-07 11:49:00,1204.06,1204.15,1204.06,1204.15,0.01,10.88,13182.71,1
2023-08-07,2023-08-07 11:50:00,1204.15,1204.23,1204.15,1204.23,0.01,10.88,13182.71,1
2023-08-07,2023-08-07 11:51:00,1204.23,1204.31,1204.23,1204.31,0.01,10.88,13182.71,1
2023-08-07,2023-08-07 11:52:00,1204.31,1204.39,1204.31,1204.39,0.01,10.88,13182.71,1
2023-08-07,2023-08-07 11:53:00,1204.39,1204.48,1204.39,1204.48,0.01,10.88,13182.71,1
2023-08-07,2023-08-07 11:54:00,1204.48,1204.56,1204.48,1204.56,0.01,10.88,13182.71,1
2023-08-07,2023-08-07 11:55:00,1204.56,1204.64,1204.56,1204.64,0.01,10.88,13182.71,1
2023-08-07,2023-08-07 11:56:00,1204.64,1204.73,1204.64,1204.73,0.01,10.88,13182.71,1
2023-08-07,2023-08-07 11:57:00,1204.73,1204.81,1204.73,1204.81,0.01,10.88,13182.71,1
2023-08-07,2023-08-07 11:58:00,1204.81,1204.89,1204.81,1204.89,0.01,10.88,13182.71,1
2023-08-07,2023-08-07 11:59:00,1204.89,1204.97,1204.89,1204.97,0.01,10.88,13182.71,1
2023-08-07,2023-08-07 12:00:00,1204.97,1205.06,1204.97,1205.06,0.01,10.88,13182.71,1
2023-08-07,2023-08-07 12:01:00,1205.06,1205.14,1205.06,1205.14,0.01,10.88,13182.71,1
2023-08-07,2023-08-07 12:02:00,1205.14,1205.22,1205.14,1205.22,0.01,10.88,13182.71,1
2023-08-07,2023-08-07 12:03:00,1205.22,1205.31,1205.22,1205.31,0.01,10.88,13182.71,1
2023-08-07,2023-08-07 12:04:00,1205.31,1205.39,1205.31,1205.39,0.01,10.88,13182.71,1
2023-08-07,2023-08-07 12:05:00,1205.39,1205.47,1205.39,1205.47,0.01,10.88,13182.71,1
2023-08-07,2023-08-07 12:06:00,1205.47,1205.56,1205.47,1205.56,0.01,10.88,13182.71,1
2023-08-07,2023-08-07 12:07:00,1205.56,1205.64,1205.56,1205.64,0.01,10.88,13182.71,1
2023-08-07,2023-08-07 12:08:00,1205.64,1205.72,1205.64,1205.72,0.01,10.88,13182.71,1
2023-08-07,2023-08-07 12:09:00,1205.72,1205.8,1205.72,1205.8,0.01,10.88,13182.71,1
2023-08-07,2023-08-07 12:10:00,1205.8,1205.89,1205.8,1205.89,0.01,10.88,13182.71,1
2023-08-07,2023-08-07 12:11:00,1205.89,1205.97,1205.89,1205.97,0.01,10.88,13182.71,1
2023-08-07,2023-08-07 12:12:00,1205.97,1206.05,1205.97,1206.05,0.01,10.88,13182.71,1
2023-08-07,2023-08-07 12:13:00,1206.05,1206.14,1206.05,1206.14,0.01,10.88,13182.71,1
2023-08-07,2023-08-07 12:14:00,1206.14,1206.22,1206.14,1206.22,0.01,10.88,13182.71,1
2023-08-07,2023-08-07 12:15:00,1206.22,1206.3,1206.22,1206.3,0.01,10.88,13182.71,1
2023-08-07,2023-08-07 12:16:00,1206.3,1206.38,1206.3,1206.38,0.01,10.88,13182.71,1
2023-08-07,2023-08-07 12:17:00,1206.38,1206.47,1206.38,1206.47,0.01,10.88,13182.71,1
2023-08-07,2023-08-07 12:18:00,1206.47,1206.55,1206.47,1206.55,0.01,10.88,13182.71,1
2023-08-07,2023-08-07 12:19:00,1206.55,1206.63,1206.55,1206.63,0.01,10.88,13182.71,1
2023-08-07,2023-08-07 12:20:00,1206.63,1206.72,1206.63,1206.72,0.01,10.88,13182.71,1
2023-08-07,2023-08-07 12:21:00,1206.72,1206.8,1206.72,1206.8,0.01,10.88,13182.71,1
2023-08-07,2023-08-07 12:22:00,1206.8,1206.88,1206.8,1206.88,0.01,10.88,13182.71,1
2023-08-07,2023-08-07 12:23:00,1206.88,1206.97,1206.88,1206.97,0.01,10.88,13182.71,1
2023-08-07,2023-08-07 12:24:00,1206.97,1207.05,1206.97,1207.05,0.01,10.88,13182.71,1
2023-08-07,2023-08-07 12:25:00,1207.05,1207.13,1207.05,1207.13,0.01,10.88,13182.71,1
2023-08-07,2023-08-07 12:26:00,1207.13,1207.21,1207.13,1207.21,0.01,10.88,13182.71,1
2023-08-07,2023-08-07 12:27:00,1207.21,1207.3,1207.21,1207.3,0.01,10.88,13182.71,1
2023-08-07,2023-08-07 12:28:00,1207.3,1207.38,1207.3,1207.38,0.01,10.88,13182.71,1
2023-08-07,2023-08-07 12:29:00,1207.38,1207.46,1207.38,1207.46,0.01,10.88,13182.71,1
2023-08-07,2023-08-07 12:30:00,1207.46,1207.55,1207.46,1207.55,0.01,10.88,13182.71,1
2023-08-07,2023-08-07 12:31:00,1207.55,1207.63,1207.55,1207.63,0.01,10.88,13182.71,1
2023-08-07,2023-08-07 12:32:00,1207.63,1207.71,1207.63,1207.71,0.01,10.88,13182.71,1
2023-08-07,2023-08-07 12:33:00,1207.71,1207.79,1207.71,1207.79,0.01,10.88,13182.71,1
2023-08-07,2023-08-07 12:34:00,1207.79,1207.88,1207.79,1207.88,0.01,10.88,13182.71,1
2023-08-07,2023-08-07 12:35:00,1207.88,1207.96,1207.88,1207.96,0.01,10.88,13182.71,1
2023-08-07,2023-08-07 12:36:00,1207.96,1208.04,1207.96,1208.04,0.01,10.88,13182.71,1
2023-08-07,2023-08-07 12:37:00,1208.04,1208.13,1208.04,1208.13,0.01,10.88,13182.71,1
2023-08-07,2023-08-07 12:38:00,1208.13,1208.21,1208.13,1208.21,0.01,10.88,13182.71,1
2023-08-07,2023-08-07 12:39:00,1208.21,1208.29,1208.21,1208.29,0.01,10.88,13182.71,1
2023-08-07,2023-08-07 12:40:00,1208.29,1208.37,1208.29,1208.37,0.01,10.88,13182.71,1
2023-08-07,2023-08-07 12:41:00,1208.37,1208.46,1208.37,1208.46,0.01,10.88,13182.71,1
2023-08-07,2023-08-07 12:42:00,1208.46,1208.54,1208.46,1208.54,0.01,10.88,13182.71,1
2023-08-07,2023-08-07 12:43:00,1208.54,1208.62,1208.54,1208.62,0.01,10.88,13182.71,1
2023-08-07,2023-08-07 12:44:00,1208.62,1208.71,1208.62,1208.71,0.01,10.88,13182.71,1
2023-08-07,2023-08-07 12:45:00,1208.71,1208.79,1208.71,1208.79,0.01,10.88,13182.71,1
2023-08-07,2023-08-07 12:46:00,1208.79,1208.87,1208.79,1208.87,0.01,10.88,13182.71,1
2023-08-07,2023-08-07 12:47:00,1208.87,1208.95,1208.87,1208.95,0.01,10.88,13182.71,1
2023-08-07,2023-08-07 12:48:00,1208.95,1209.04,1208.95,1209.04,0.01,10.88,13182.71,1
2023-08-07,2023-08-07 12:49:00,1209.04,1209.12,1209.04,1209.12,0.01,10.88,13182.71,1
2023-08-07,2023-08-07 12:50:00,1209.12,1209.2,1209.12,1209.2,0.01,10.88,13182.71,1
2023-08-07,2023-08-07 12:51:00,1209.2,1209.29,1209.2,1209.29,0.01,10.88,13182.71,1
2023-08-07,2023-08-07 12:52:00,1209.29,1209.37,1209.29,1209.37,0.01,10.88,13182.71,1
2023-08-07,2023-08-07 12:53:00,1209.37,1209.45,1209.37,1209.45,0.01,10.88,13182.71,1
2023-08-07,2023-08-07 12:54:00,1209.45,1209.54,1209.45,1209.54,0.01,10.88,13182.71,1
2023-08-07,2023-08-07 12:55:00,1209.54,1209.62,1209.54,1209.62,0.01,10.88,13182.71,1
2023-08-07,2023-08-07 12:56:00,1209.62,1209.7,1209.62,1209.7,0.01,10.88,13182.71,1
2023-08-07,2023-08-07 12:57:00,1209.7,1209.78,1209.7,1209.78,0.01,10.88,13182.71,1
2023-08-07,2023-08-07 12:58:00,1209.78,1209.87,1209.78,1209.87,0.01,10.88,13182.71,1
2023-08-07,2023-08-07 12:59:00,1209.87,1209.95,1209.87,1209.95,0.01,10.88,13182.71,1
2023-08-07,2023-08-07 13:00:00,1209.95,1240.0,1200.0,1210.03,0.01,10.88,13182.71,1
2023-08-07,2023-08-07 13:01:00,1210.03,1210.12,1210.03,1210.12,0.01,10.88,13182.71,1
2023-08-07,2023-08-07 13:02:00,1210.12,1210.2,1210.12,1210.2,0.01,10.88,13182.71,1
2023-08-07,2023-08-07 13:03:00,1210.2,1210.28,1210.2,1210.28,0.01,10.88,13182.71,1
2023-08-07,2023-08-07 13:04:00,1210.28,1210.36,1210.28,1210.36,0.01,10.88,13182.71,1
2023-08-07,2023-08-07 13:05:00,1210.36,1210.45,1210.36,1210.45,0.01,10.88,13182.71,1
2023-08-07,2023-08-07 13:06:00,1210.45,1210.53,1210.45,1210.53,0.01,10.88,13182.71,1
2023-08-07,2023-08-07 13:07:00,1210.53,1210.61,1210.53,1210.61,0.01,10.88,13182.71,1
2023-08-07,2023-08-07 13:08:00,1210.61,1210.7,1210.61,1210.7,0.01,10.88,13182.71,1
2023-08-07,2023-08-07 13:09:00,1210.7,1210.78,1210.7,1210.78,0.01,10.88,13182.71,1
2023-08-07,2023-08-07 13:10:00,1210.78,1210.86,1210.78,1210.86,0.01,10.88,13182.71,1
2023-08-07,2023-08-07 13:11:00,1210.86,1210.95,1210.86,1210.95,0.01,10.88,13182.71,1
2023-08-07,2023-08-07 13:12:00,1210.95,1211.03,1210.95,1211.03,0.01,10.88,13182.71,1
2023-08-07,2023-08-07 13:13:00,1211.03,1211.11,1211.03,1211.11,0.01,10.88,13182.71,1
2023-08-07,2023-08-07 13:14:00,1211.11,1211.19,1211.11,1211.19,0.01,10.88,13182.71,1
2023-08-07,2023-08-07 13:15:00,1211.19,1211.28,1211.19,1211.28,0.01,10.88,13182.71,1
2023-08-07,2023-08-07 13:16:00,1211.28,1211.36,1211.28,1211.36,0.01,10.88,13182.71,1
2023-08-07,2023-08-07 13:17:00,1211.36,1211.44,1211.36,1211.44,0.01,10.88,13182.71,1
2023-08-07,2023-08-07 13:18:00,1211.44,1211.53,1211.44,1211.53,0.01,10.88,13182.71,1
2023-08-07,2023-08-07 13:19:00,1211.53,1211.61,1211.53,1211.61,0.01,10.88,13182.71,1
2023-08-07,2023-08-07 13:20:00,1211.61,1211.69,1211.61,1211.69,0.01,10.88,13182.71,1
2023-08-07,2023-08-07 13:21:00,1211.69,1211.77,1211.69,1211.77,0.01,10.88,13182.71,1
2023-08-07,2023-08-07 13:22:00,1211.77,1211.86,1211.77,1211.86,0.01,10.88,13182.71,1
2023-08-07,2023-08-07 13:23:00,1211.86,1211.94,1211.86,1211.94,0.01,10.88,13182.71,1
2023-08-07,2023-08-07 13:24:00,1211.94,1212.02,1211.94,1212.02,0.01,10.88,13182.71,1
2023-08-07,2023-08-07 13:25:00,1212.02,1212.11,1212.02,1212.11,0.01,10.88,13182.71,1
2023-08-07,2023-08-07 13:26:00,1212.11,1212.19,1212.11,1212.19,0.01,10.88,13182.71,1
2023-08-07,2023-08-07 13:27:00,1212.19,1212.27,1212.19,1212.27,0.01,10.88,13182.71,1
2023-08-07,2023-08-07 13:28:00,1212.27,1212.35,1212.27,1212.35,0.01,10.88,13182.71,1
2023-08-07,2023-08-07 13:29:00,1212.35,1212.44,1212.35,1212.44,0.01,10.88,13182.71,1
2023-08-07,2023-08-07 13:30:00,1212.44,1212.52,1212.44,1212.52,0.01,10.88,13182.71,1
2023-08-07,2023-08-07 13:31:00,1212.52,1212.6,1212.52,1212.6,0.01,10.88,13182.71,1
2023-08-07,2023-08-07 13:32:00,1212.6,1212.69,1212.6,1212.69,0.01,10.88,13182.71,1
2023-08-07,2023-08-07 13:33:00,1212.69,1212.77,1212.69,1212.77,0.01,10.88,13182.71,1
2023-08-07,2023-08-07 13:34:00,1212.77,1212.85,1212.77,1212.85,0.01,10.88,13182.71,1
2023-08-07,2023-08-07 13:35:00,1212.85,1212.93,1212.85,1212.93,0.01,10.88,13182.71,1
2023-08-07,2023-08-07 13:36:00,1212.93,1213.02,1212.93,1213.02,0.01,10.88,13182.71,1
2023-08-07,2023-08-07 13:37:00,1213.02,1213.1,1213.02,1213.1,0.01,10.88,13182.71,1
2023-08-07,2023-08-07 13:38:00,1213.1,1213.18,1213.1,1213.18,0.01,10.88,13182.71,1
2023-08-07,2023-08-07 13:39:00,1213.18,1213.27,1213.18,1213.27,0.01,10.88,13182.71,1
2023-08-07,2023-08-07 13:40:00,1213.27,1213.35,1213.27,1213.35,0.01,10.88,13182.71,1
2023-08-07,2023-08-07 13:41:00,1213.35,1213.43,1213.35,1213.43,0.01,10.88,13182.71,1
2023-08-07,2023-08-07 13:42:00,1213.43,1213.52,1213.43,1213.52,0.01,10.88,13182.71,1
2023-08-07,2023-08-07 13:43:00,1213.52,1213.6,1213.52,1213.6,0.01,10.88,13182.71,1
2023-08-07,2023-08-07 13:44:00,1213.6,1213.68,1213.6,1213.68,0.01,10.88,13182.71,1
2023-08-07,2023-08-07 13:45:00,1213.68,1213.76,1213.68,1213.76,0.01,10.88,13182.71,1
2023-08-07,2023-08-07 13:46:00,1213.76,1213.85,1213.76,1213.85,0.01,10.88,13182.71,1
2023-08-07,2023-08-07 13:47:00,1213.85,1213.93,1213.85,1213.93,0.01,10.88,13182.71,1
2023-08-07,2023-08-07 13:48:00,1213.93,1214.01,1213.93,1214.01,0.01,10.88,13182.71,1
2023-08-07,2023-08-07 13:49:00,1214.01,1214.1,1214.01,1214.1,0.01,10.88,13182.71,1
2023-08-07,2023-08-07 13:50:00,1214.1,1214.18,1214.1,1214.18,0.01,10.88,13182.71,1
2023-08-07,2023-08-07 13:51:00,1214.18,1214.26,1214.18,1214.26,0.01,10.88,13182.71,1
2023-08-07,2023-08-07 13:52:00,1214.26,1214.34,1214.26,1214.34,0.01,10.88,13182.71,1
2023-08-07,2023-08-07 13:53:00,1214.34,1214.43,1214.34,1214.43,0.01,10.88,13182.71,1
2023-08-07,2023-08-07 13:54:00,1214.43,1214.51,1214.43,1214.51,0.01,10.88,13182.71,1
2023-08-07,2023-08-07 13:55:00,1214.51,1214.59,1214.51,1214.59,0.01,10.88,13182.71,1
2023-08-07,2023-08-07 13:56:00,1214.59,1214.68,1214.59,1214.68,0.01,10.88,13182.71,1
2023-08-07,2023-08-07 13:57:00,1214.68,1214.76,1214.68,1214.76,0.01,10.88,13182.71,1
2023-08-07,2023-08-07 13:58:00,1214.76,1214.84,1214.76,1214.84,0.01,10.88,13182.71,1
2023-08-07,2023-08-07 13:59:00,1214.84,1214.93,1214.84,1214.93,0.01,10.88,13182.71,1
2023-08-07,2023-08-07 14:00:00,1214.93,1215.01,1214.93,1215.01,0.01,10.88,13182.71,1
2023-08-07,2023-08-07 14:01:00,1215.01,1215.09,1215.01,1215.09,0.01,10.88,13182.71,1
2023-08-07,2023-08-07 14:02:00,1215.09,1215.17,1215.09,1215.17,0.01,10.88,13182.71,1
2023-08-07,2023-08-07 14:03:00,1215.17,1215.26,1215.17,1215.26,0.01,10.88,13182.71,1
2023-08-07,2023-08-07 14:04:00,1215.26,1215.34,1215.26,1215.34,0.01,10.88,13182.71,1
2023-08-07,2023-08-07 14:05:00,1215.34,1215.42,1215.34,1215.42,0.01,10.88,13182.71,1
2023-08-07,2023-08-07 14:06:00,1215.42,1215.51,1215.42,1215.51,0.01,10.88,13182.71,1
2023-08-07,2023-08-07 14:07:00,1215.51,1215.59,1215.51,1215.59,0.01,10.88,13182.71,1
2023-08-07,2023-08-07 14:08:00,1215.59,1215.67,1215.59,1215.67,0.01,10.88,13182.71,1
2023-08-07,2023-08-07 14:09:00,1215.67,1215.75,1215.67,1215.75,0.01,10.88,13182.71,1
2023-08-07,2023-08-07 14:10:00,1215.75,1215.84,1215.75,1215.84,0.01,10.88,13182.71,1
2023-08-07,2023-08-07 14:11:00,1215.84,1215.92,1215.84,1215.92,0.01,10.88,13182.71,1
2023-08-07,2023-08-07 14:12:00,1215.92,1216.0,1215.92,1216.0,0.01,10.88,13182.71,1
2023-08-07,2023-08-07 14:13:00,1216.0,1216.09,1216.0,1216.09,0.01,10.88,13182.71,1
2023-08-07,2023-08-07 14:14:00,1216.09,1216.17,1216.09,1216.17,0.01,10.88,13182.71,1
2023-08-07,2023-08-07 14:15:00,1216.17,1216.25,1216.17,1216.25,0.01,10.88,13182.71,1
2023-08-07,2023-08-07 14:16:00,1216.25,1216.33,1216.25,1216.33,0.01,10.88,13182.71,1
2023-08-07,2023-08-07 14:17:00,1216.33,1216.42,1216.33,1216.42,0.01,10.88,13182.71,1
2023-08-07,2023-08-07 14:18:00,1216.42,1216.5,1216.42,1216.5,0.01,10.88,13182.71,1
2023-08-07,2023-08-07 14:19:00,1216.5,1216.58,1216.5,1216.58,0.01,10.88,13182.71,1
2023-08-07,2023-08-07 14:20:00,1216.58,1216.67,1216.58,1216.67,0.01,10.88,13182.71,1
2023-08-07,2023-08-07 14:21:00,1216.67,1216.75,1216.67,1216.75,0.01,10.88,13182.71,1
2023-08-07,2023-08-07 14:22:00,1216.75,1216.83,1216.75,1216.83,0.01,10.88,13182.71,1
2023-08-07,2023-08-07 14:23:00,1216.83,1216.91,1216.83,1216.91,0.01,10.88,13182.71,1
2023-08-07,2023-08-07 14:24:00,1216.91,1217.0,1216.91,1217.0,0.01,10.88,13182.71,1
2023-08-07,2023-08-07 14:25:00,1217.0,1217.08,1217.0,1217.08,0.01,10.88,13182.71,1
2023-08-07,2023-08-07 14:26:00,1217.08,1217.16,1217.08,1217.16,0.01,10.88,13182.71,1
2023-08-07,2023-08-07 14:27:00,1217.16,1217.25,1217.16,1217.25,0.01,10.88,13182.71,1
2023-08-07,2023-08-07 14:28:00,1217.25,1217.33,1217.25,1217.33,0.01,10.88,13182.71,1
2023-08-07,2023-08-07 14:29:00,1217.33,1217.41,1217.33,1217.41,0.01,10.88,13182.71,1
2023-08-07,2023-08-07 14:30:00,1217.41,1217.5,1217.41,1217.5,0.01,10.88,13182.71,1
2023-08-07,2023-08-07 14:31:00,1217.5,1217.58,1217.5,1217.58,0.01,10.88,13182.71,1
2023-08-07,2023-08-07 14:32:00,1217.58,1217.66,1217.58,1217.66,0.01,10.88,13182.71,1
2023-08-07,2023-08-07 14:33:00,1217.66,1217.74,1217.66,1217.74,0.01,10.88,13182.71,1
2023-08-07,2023-08-07 14:34:00,1217.74,1217.83,1217.74,1217.83,0.01,10.88,13182.71,1
2023-08-07,2023-08-07 14:35:00,1217.83,1217.91,1217.83,1217.91,0.01,10.88,13182.71,1
2023-08-07,2023-08-07 14:36:00,1217.91,1217.99,1217.91,1217.99,0.01,10.88,13182.71,1
2023-08-07,2023-08-07 14:37:00,1217.99,1218.08,1217.99,1218.08,0.01,10.88,13182.71,1
2023-08-07,2023-08-07 14:38:00,1218.08,1218.16,1218.08,1218.16,0.01,10.88,13182.71,1
2023-08-07,2023-08-07 14:39:00,1218.16,1218.24,1218.16,1218.24,0.01,10.88,13182.71,1
2023-08-07,2023-08-07 14:40:00,1218.24,1218.32,1218.24,1218.32,0.01,10.88,13182.71,1
2023-08-07,2023-08-07 14:41:00,1218.32,1218.41,1218.32,1218.41,0.01,10.88,13182.71,1
2023-08-07,2023-08-07 14:42:00,1218.41,1218.49,1218.41,1218.49,0.01,10.88,13182.71,1
2023-08-07,2023-08-07 14:43:00,1218.49,1218.57,1218.49,1218.57,0.01,10.88,13182.71,1
2023-08-07,2023-08-07 14:44:00,1218.57,1218.66,1218.57,1218.66,0.01,10.88,13182.71,1
2023-08-07,2023-08-07 14:45:00,1218.66,1218.74,1218.66,1218.74,0.01,10.88,13182.71,1
2023-08-07,2023-08-07 14:46:00,1218.74,1218.82,1218.74,1218.82,0.01,10.88,13182.71,1
2023-08-07,2023-08-07 14:47:00,1218.82,1218.91,1218.82,1218.91,0.01,10.88,13182.71,1
2023-08-07,2023-08-07 14:48:00,1218.91,1218.99,1218.91,1218.99,0.01,10.88,13182.71,1
2023-08-07,2023-08-07 14:49:00,1218.99,1219.07,1218.99,1219.07,0.01,10.88,13182.71,1
2023-08-07,2023-08-07 14:50:00,1219.07,1219.15,1219.07,1219.15,0.01,10.88,13182.71,1
2023-08-07,2023-08-07 14:51:00,1219.15,1219.24,1219.15,1219.24,0.01,10.88,13182.71,1
2023-08-07,2023-08-07 14:52:00,1219.24,1219.32,1219.24,1219.32,0.01,10.88,13182.71,1
2023-08-07,2023-08-07 14:53:00,1219.32,1219.4,1219.32,1219.4,0.01,10.88,13182.71,1
2023-08-07,2023-08-07 14:54:00,1219.4,1219.49,1219.4,1219.49,0.01,10.88,13182.71,1
2023-08-07,2023-08-07 14:55:00,1219.49,1219.57,1219.49,1219.57,0.01,10.88,13182.71,1
2023-08-07,2023-08-07 14:56:00,1219.57,1219.65,1219.57,1219.65,0.01,10.88,13182.71,1
2023-08-07,2023-08-07 14:57:00,1219.65,1219.73,1219.65,1219.73,0.01,10.88,13182.71,1
2023-08-07,2023-08-07 14:58:00,1219.73,1219.82,1219.73,1219.82,0.01,10.88,13182.71,1
2023-08-07,2023-08-07 14:59:00,1219.82,1219.9,1219.82,1219.9,0.01,10.88,13182.71,1
2023-08-07,2023-08-07 15:00:00,1219.9,1240.0,1200.0,1219.9,0.0,10.88,13182.71,0
2023-08-08,2023-08-08 11:00:00,1215.0,1228.8,1205.7,1215.14,0.01,9.47,11405.25,1
2023-08-08,2023-08-08 11:01:00,1215.14,1215.29,1215.14,1215.29,0.01,9.47,11405.25,1
2023-08-08,2023-08-08 11:02:00,1215.29,1215.43,1215.29,1215.43,0.01,9.47,11405.25,1
2023-08-08,2023-08-08 11:03:00,1215.43,1215.58,1215.43,1215.58,0.01,9.47,11405.25,1
2023-08-08,2023-08-08 11:04:00,1215.58,1215.72,1215.58,1215.72,0.01,9.47,11405.25,1
2023-08-08,2023-08-08 11:05:00,1215.72,1215.86,1215.72,1215.86,0.01,9.47,11405.25,1
2023-08-08,2023-08-08 11:06:00,1215.86,1216.01,1215.86,1216.01,0.01,9.47,11405.25,1
2023-08-08,2023-08-08 11:07:00,1216.01,1216.15,1216.01,1216.15,0.01,9.47,11405.25,1
2023-08-08,2023-08-08 11:08:00,1216.15,1216.29,1216.15,1216.29,0.01,9.47,11405.25,1
2023-08-08,2023-08-08 11:09:00,1216.29,1216.44,1216.29,1216.44,0.01,9.47,11405.25,1
2023-08-08,2023-08-08 11:10:00,1216.44,1216.58,1216.44,1216.58,0.01,9.47,11405.25,1
2023-08-08,2023-08-08 11:11:00,1216.58,1216.72,1216.58,1216.72,0.01,9.47,11405.25,1
2023-08-08,2023-08-08 11:12:00,1216.72,1216.87,1216.72,1216.87,0.01,9.47,11405.25,1
2023-08-08,2023-08-08 11:13:00,1216.87,1217.01,1216.87,1217.01,0.01,9.47,11405.25,1
2023-08-08,2023-08-08 11:14:00,1217.01,1217.16,1217.01,1217.16,0.01,9.47,11405.25,1
2023-08-08,2023-08-08 11:15:00,1217.16,1217.3,1217.16,1217.3,0.01,9.47,11405.25,1
2023-08-08,2023-08-08 11:16:00,1217.3,1217.44,1217.3,1217.44,0.01,9.47,11405.25,1
2023-08-08,2023-08-08 11:17:00,1217.44,1217.59,1217.44,1217.59,0.01,9.47,11405.25,1
2023-08-08,2023-08-08 11:18:00,1217.59,1217.73,1217.59,1217.73,0.01,9.47,11405.25,1
2023-08-08,2023-08-08 11:19:00,1217.73,1217.88,1217.73,1217.88,0.01,9.47,11405.25,1
2023-08-08,2023-08-08 11:20:00,1217.88,1218.02,1217.88,1218.02,0.01,9.47,11405.25,1
2023-08-08,2023-08-08 11:21:00,1218.02,1218.16,1218.02,1218.16,0.01,9.47,11405.25,1
2023-08-08,2023-08-08 11:22:00,1218.16,1218.31,1218.16,1218.31,0.01,9.47,11405.25,1
2023-08-08,2023-08-08 11:23:00,1218.31,1218.45,1218.31,1218.45,0.01,9.47,11405.25,1
2023-08-08,2023-08-08 11:24:00,1218.45,1218.59,1218.45,1218.59,0.01,9.47,11405.25,1
2023-08-08,2023-08-08 11:25:00,1218.59,1218.74,1218.59,1218.74,0.01,9.47,11405.25,1
2023-08-08,2023-08-08 11:26:00,1218.74,1218.88,1218.74,1218.88,0.01,9.47,11405.25,1
2023-08-08,2023-08-08 11:27:00,1218.88,1219.03,1218.88,1219.03,0.01,9.47,11405.25,1
2023-08-08,2023-08-08 11:28:00,1219.03,1219.17,1219.03,1219.17,0.01,9.47,11405.25,1
2023-08-08,2023-08-08 11:29:00,1219.17,1219.31,1219.17,1219.31,0.01,9.47,11405.25,1
2023-08-08,2023-08-08 11:30:00,1219.31,1219.46,1219.31,1219.46,0.01,9.47,11405.25,1
2023-08-08,2023-08-08 11:31:00,1219.46,1219.6,1219.46,1219.6,0.01,9.47,11405.25,1
2023-08-08,2023-08-08 11:32:00,1219.6,1219.74,1219.6,1219.74,0.01,9.47,11405.25,1
2023-08-08,2023-08-08 11:33:00,1219.74,1219.89,1219.74,1219.89,0.01,9.47,11405.25,1
2023-08-08,2023-08-08 11:34:00,1219.89,1220.03,1219.89,1220.03,0.01,9.47,11405.25,1
2023-08-08,2023-08-08 11:35:00,1220.03,1220.17,1220.03,1220.17,0.01,9.47,11405.25,1
2023-08-08,2023-08-08 11:36:00,1220.17,1220.32,1220.17,1220.32,0.01,9.47,11405.25,1
2023-08-08,2023-08-08 11:37:00,1220.32,1220.46,1220.32,1220.46,0.01,9.47,11405.25,1
2023-08-08,2023-08-08 11:38:00,1220.46,1220.61,1220.46,1220.61,0.01,9.47,11405.25,1
2023-08-08,2023-08-08 11:39:00,1220.61,1220.75,1220.61,1220.75,0.01,9.47,11405.25,1
2023-08-08,2023-08-08 11:40:00,1220.75,1220.89,1220.75,1220.89,0.01,9.47,11405.25,1
2023-08-08,2023-08-08 11:41:00,1220.89,1221.04,1220.89,1221.04,0.01,9.47,11405.25,1
2023-08-08,2023-08-08 11:42:00,1221.04,1221.18,1221.04,1221.18,0.01,9.47,11405.25,1
2023-08-08,2023-08-08 11:43:00,1221.18,1221.33,1221.18,1221.33,0.01,9.47,11405.25,1
2023-08-08,2023-08-08 11:44:00,1221.33,1221.47,1221.33,1221.47,0.01,9.47,11405.25,1
2023-08-08,2023-08-08 11:45:00,1221.47,1221.61,1221.47,1221.61,0.01,9.47,11405.25,1
2023-08-08,2023-08-08 11:46:00,1221.61,1221.76,1221.61,1221.76,0.01,9.47,11405.25,1
2023-08-08,2023-08-08 11:47:00,1221.76,1221.9,1221.76,1221.9,0.01,9.47,11405.25,1
2023-08-08,2023-08-08 11:48:00,1221.9,1222.04,1221.9,1222.04,0.01,9.47,11405.25,1
2023-08-08,2023-08-08 11:49:00,1222.04,1222.19,1222.04,1222.19,0.01,9.47,11405.25,1
2023-08-08,2023-08-08 11:50:00,1222.19,1222.33,1222.19,1222.33,0.01,9.47,11405.25,1
2023-08-08,2023-08-08 11:51:00,1222.33,1222.47,1222.33,1222.47,0.01,9.47,11405.25,1
2023-08-08,2023-08-08 11:52:00,1222.47,1222.62,1222.47,1222.62,0.01,9.47,11405.25,1
2023-08-08,2023-08-08 11:53:00,1222.62,1222.76,1222.62,1222.76,0.01,9.47,11405.25,1
2023-08-08,2023-08-08 11:54:00,1222.76,1222.91,1222.76,1222.91,0.01,9.47,11405.25,1
2023-08-08,2023-08-08 11:55:00,1222.91,1223.05,1222.91,1223.05,0.01,9.47,11405.25,1
2023-08-08,2023-08-08 11:56:00,1223.05,1223.19,1223.05,1223.19,0.01,9.47,11405.25,1
2023-08-08,2023-08-08 11:57:00,1223.19,1223.34,1223.19,1223.34,0.01,9.47,11405.25,1
2023-08-08,2023-08-08 11:58:00,1223.34,1223.48,1223.34,1223.48,0.01,9.47,11405.25,1
2023-08-08,2023-08-08 11:59:00,1223.48,1223.62,1223.48,1223.62,0.01,9.47,11405.25,1
2023-08-08,2023-08-08 12:00:00,1223.62,1223.77,1223.62,1223.77,0.01,9.47,11405.25,1
2023-08-08,2023-08-08 12:01:00,1223.77,1223.91,1223.77,1223.91,0.01,9.47,11405.25,1
2023-08-08,2023-08-08 12:02:00,1223.91,1224.06,1223.91,1224.06,0.01,9.47,11405.25,1
2023-08-08,2023-08-08 12:03:00,1224.06,1224.2,1224.06,1224.2,0.01,9.47,11405.25,1
2023-08-08,2023-08-08 12:04:00,1224.2,1224.34,1224.2,1224.34,0.01,9.47,11405.25,1
2023-08-08,2023-08-08 12:05:00,1224.34,1224.49,1224.34,1224.49,0.01,9.47,11405.25,1
2023-08-08,2023-08-08 12:06:00,1224.49,1224.63,1224.49,1224.63,0.01,9.47,11405.25,1
2023-08-08,2023-08-08 12:07:00,1224.63,1224.78,1224.63,1224.78,0.01,9.47,11405.25,1
2023-08-08,2023-08-08 12:08:00,1224.78,1224.92,1224.78,1224.92,0.01,9.47,11405.25,1
2023-08-08,2023-08-08 12:09:00,1224.92,1225.06,1224.92,1225.06,0.01,9.47,11405.25,1
2023-08-08,2023-08-08 12:10:00,1225.06,1225.21,1225.06,1225.21,0.01,9.47,11405.25,1
2023-08-08,2023-08-08 12:11:00,1225.21,1225.35,1225.21,1225.35,0.01,9.47,11405.25,1
2023-08-08,2023-08-08 12:12:00,1225.35,1225.49,1225.35,1225.49,0.01,9.47,11405.25,1
2023-08-08,2023-08-08 12:13:00,1225.49,1225.64,1225.49,1225.64,0.01,9.47,11405.25,1
2023-08-08,2023-08-08 12:14:00,1225.64,1225.78,1225.64,1225.78,0.01,9.47,11405.25,1
2023-08-08,2023-08-08 12:15:00,1225.78,1225.92,1225.78,1225.92,0.01,9.47,11405.25,1
2023-08-08,2023-08-08 12:16:00,1225.92,1226.07,1225.92,1226.07,0.01,9.47,11405.25,1
2023-08-08,2023-08-08 12:17:00,1226.07,1226.21,1226.07,1226.21,0.01,9.47,11405.25,1
2023-08-08,2023-08-08 12:18:00,1226.21,1226.36,1226.21,1226.36,0.01,9.47,11405.25,1
2023-08-08,2023-08-08 12:19:00,1226.36,1226.5,1226.36,1226.5,0.01,9.47,11405.25,1
2023-08-08,2023-08-08 12:20:00,1226.5,1226.64,1226.5,1226.64,0.01,9.47,11405.25,1
2023-08-08,2023-08-08 12:21:00,1226.64,1226.79,1226.64,1226.79,0.01,9.47,11405.25,1
2023-08-08,2023-08-08 12:22:00,1226.79,1226.93,1226.79,1226.93,0.01,9.47,11405.25,1
2023-08-08,2023-08-08 12:23:00,1226.93,1227.08,1226.93,1227.08,0.01,9.47,11405.25,1
2023-08-08,2023-08-08 12:24:00,1227.08,1227.22,1227.08,1227.22,0.01,9.47,11405.25,1
2023-08-08,2023-08-08 12:25:00,1227.22,1227.36,1227.22,1227.36,0.01,9.47,11405.25,1
2023-08-08,2023-08-08 12:26:00,1227.36,1227.51,1227.36,1227.51,0.01,9.47,11405.25,1
2023-08-08,2023-08-08 12:27:00,1227.51,1227.65,1227.51,1227.65,0.01,9.47,11405.25,1
2023-08-08,2023-08-08 12:28:00,1227.65,1227.79,1227.65,1227.79,0.01,9.47,11405.25,1
2023-08-08,2023-08-08 12:29:00,1227.79,1227.94,1227.79,1227.94,0.01,9.47,11405.25,1
2023-08-08,2023-08-08 12:30:00,1227.94,1228.08,1227.94,1228.08,0.01,9.47,11405.25,1
2023-08-08,2023-08-08 12:31:00,1228.08,1228.22,1228.08,1228.22,0.01,9.47,11405.25,1
2023-08-08,2023-08-08 12:32:00,1228.22,1228.37,1228.22,1228.37,0.01,9.47,11405.25,1
2023-08-08,2023-08-08 12:33:00,1228.37,1228.51,1228.37,1228.51,0.01,9.47,11405.25,1
2023-08-08,2023-08-08 12:34:00,1228.51,1228.66,1228.51,1228.66,0.01,9.47,11405.25,1
2023-08-08,2023-08-08 12:35:00,1228.66,1228.8,1228.66,1228.8,0.01,9.47,11405.25,1
2023-08-08,2023-08-08 12:36:00,1228.8,1228.94,1228.8,1228.94,0.01,9.47,11405.25,1
2023-08-08,2023-08-08 12:37:00,1228.94,1229.09,1228.94,1229.09,0.01,9.47,11405.25,1
2023-08-08,2023-08-08 12:38:00,1229.09,1229.23,1229.09,1229.23,0.01,9.47,11405.25,1
2023-08-08,2023-08-08 12:39:00,1229.23,1229.38,1229.23,1229.38,0.01,9.47,11405.25,1
2023-08-08,2023-08-08 12:40:00,1229.38,1229.52,1229.38,1229.52,0.01,9.47,11405.25,1
2023-08-08,2023-08-08 12:41:00,1229.52,1229.66,1229.52,1229.66,0.01,9.47,11405.25,1
2023-08-08,2023-08-08 12:42:00,1229.66,1229.81,1229.66,1229.81,0.01,9.47,11405.25,1
2023-08-08,2023-08-08 12:43:00,1229.81,1229.95,1229.81,1229.95,0.01,9.47,11405.25,1
2023-08-08,2023-08-08 12:44:00,1229.95,1230.09,1229.95,1230.09,0.01,9.47,11405.25,1
2023-08-08,2023-08-08 12:45:00,1230.09,1230.24,1230.09,1230.24,0.01,9.47,11405.25,1
2023-08-08,2023-08-08 12:46:00,1230.24,1230.38,1230.24,1230.38,0.01,9.47,11405.25,1
2023-08-08,2023-08-08 12:47:00,1230.38,1230.53,1230.38,1230.53,0.01,9.47,11405.25,1
2023-08-08,2023-08-08 12:48:00,1230.53,1230.67,1230.53,1230.67,0.01,9.47,11405.25,1
2023-08-08,2023-08-08 12:49:00,1230.67,1230.81,1230.67,1230.81,0.01,9.47,11405.25,1
2023-08-08,2023-08-08 12:50:00,1230.81,1230.96,1230.81,1230.96,0.01,9.47,11405.25,1
2023-08-08,2023-08-08 12:51:00,1230.96,1231.1,1230.96,1231.1,0.01,9.47,11405.25,1
2023-08-08,2023-08-08 12:52:00,1231.1,1231.24,1231.1,1231.24,0.01,9.47,11405.25,1
2023-08-08,2023-08-08 12:53:00,1231.24,1231.39,1231.24,1231.39,0.01,9.47,11405.25,1
2023-08-08,2023-08-08 12:54:00,1231.39,1231.53,1231.39,1231.53,0.01,9.47,11405.25,1
2023-08-08,2023-08-08 12:55:00,1231.53,1231.67,1231.53,1231.67,0.01,9.47,11405.25,1
2023-08-08,2023-08-08 12:56:00,1231.67,1231.82,1231.67,1231.82,0.01,9.47,11405.25,1
2023-08-08,2023-08-08 12:57:00,1231.82,1231.96,1231.82,1231.96,0.01,9.47,11405.25,1
2023-08-08,2023-08-08 12:58:00,1231.96,1232.11,1231.96,1232.11,0.01,9.47,11405.25,1
2023-08-08,2023-08-08 12:59:00,1232.11,1232.25,1232.11,1232.25,0.01,9.47,11405.25,1
2023-08-08,2023-08-08 13:00:00,1232.25,1261.0,1184.0,1232.39,0.01,9.47,11405.25,1
2023-08-08,2023-08-08 13:01:00,1232.39,1232.54,1232.39,1232.54,0.01,9.47,11405.25,1
2023-08-08,2023-08-08 13:02:00,1232.54,1232.68,1232.54,1232.68,0.01,9.47,11405.25,1
2023-08-08,2023-08-08 13:03:00,1232.68,1232.83,1232.68,1232.83,0.01,9.47,11405.25,1
2023-08-08,2023-08-08 13:04:00,1232.83,1232.97,1232.83,1232.97,0.01,9.47,11405.25,1
2023-08-08,2023-08-08 13:05:00,1232.97,1233.11,1232.97,1233.11,0.01,9.47,11405.25,1
2023-08-08,2023-08-08 13:06:00,1233.11,1233.26,1233.11,1233.26,0.01,9.47,11405.25,1
2023-08-08,2023-08-08 13:07:00,1233.26,1233.4,1233.26,1233.4,0.01,9.47,11405.25,1
2023-08-08,2023-08-08 13:08:00,1233.4,1233.54,1233.4,1233.54,0.01,9.47,11405.25,1
2023-08-08,2023-08-08 13:09:00,1233.54,1233.69,1233.54,1233.69,0.01,9.47,11405.25,1
2023-08-08,2023-08-08 13:10:00,1233.69,1233.83,1233.69,1233.83,0.01,9.47,11405.25,1
2023-08-08,2023-08-08 13:11:00,1233.83,1233.97,1233.83,1233.97,0.01,9.47,11405.25,1
2023-08-08,2023-08-08 13:12:00,1233.97,1234.12,1233.97,1234.12,0.01,9.47,11405.25,1
2023-08-08,2023-08-08 13:13:00,1234.12,1234.26,1234.12,1234.26,0.01,9.47,11405.25,1
2023-08-08,2023-08-08 13:14:00,1234.26,1234.41,1234.26,1234.41,0.01,9.47,11405.25,1
2023-08-08,2023-08-08 13:15:00,1234.41,1234.55,1234.41,1234.55,0.01,9.47,11405.25,1
2023-08-08,2023-08-08 13:16:00,1234.55,1234.69,1234.55,1234.69,0.01,9.47,11405.25,1
2023-08-08,2023-08-08 13:17:00,1234.69,1234.84,1234.69,1234.84,0.01,9.47,11405.25,1
2023-08-08,2023-08-08 13:18:00,1234.84,1234.98,1234.84,1234.98,0.01,9.47,11405.25,1
2023-08-08,2023-08-08 13:19:00,1234.98,1235.12,1234.98,1235.12,0.01,9.47,11405.25,1
2023-08-08,2023-08-08 13:20:00,1235.12,1235.27,1235.12,1235.27,0.01,9.47,11405.25,1
2023-08-08,2023-08-08 13:21:00,1235.27,1235.41,1235.27,1235.41,0.01,9.47,11405.25,1
2023-08-08,2023-08-08 13:22:00,1235.41,1235.56,1235.41,1235.56,0.01,9.47,11405.25,1
2023-08-08,2023-08-08 13:23:00,1235.56,1235.7,1235.56,1235.7,0.01,9.47,11405.25,1
2023-08-08,2023-08-08 13:24:00,1235.7,1235.84,1235.7,1235.84,0.01,9.47,11405.25,1
2023-08-08,2023-08-08 13:25:00,1235.84,1235.99,1235.84,1235.99,0.01,9.47,11405.25,1
2023-08-08,2023-08-08 13:26:00,1235.99,1236.13,1235.99,1236.13,0.01,9.47,11405.25,1
2023-08-08,2023-08-08 13:27:00,1236.13,1236.28,1236.13,1236.28,0.01,9.47,11405.25,1
2023-08-08,2023-08-08 13:28:00,1236.28,1236.42,1236.28,1236.42,0.01,9.47,11405.25,1
2023-08-08,2023-08-08 13:29:00,1236.42,1236.56,1236.42,1236.56,0.01,9.47,11405.25,1
2023-08-08,2023-08-08 13:30:00,1236.56,1236.71,1236.56,1236.71,0.01,9.47,11405.25,1
2023-08-08,2023-08-08 13:31:00,1236.71,1236.85,1236.71,1236.85,0.01,9.47,11405.25,1
2023-08-08,2023-08-08 13:32:00,1236.85,1236.99,1236.85,1236.99,0.01,9.47,11405.25,1
2023-08-08,2023-08-08 13:33:00,1236.99,1237.14,1236.99,1237.14,0.01,9.47,11405.25,1
2023-08-08,2023-08-08 13:34:00,1237.14,1237.28,1237.14,1237.28,0.01,9.47,11405.25,1
2023-08-08,2023-08-08 13:35:00,1237.28,1237.42,1237.28,1237.42,0.01,9.47,11405.25,1
2023-08-08,2023-08-08 13:36:00,1237.42,1237.57,1237.42,1237.57,0.01,9.47,11405.25,1
2023-08-08,2023-08-08 13:37:00,1237.57,1237.71,1237.57,1237.71,0.01,9.47,11405.25,1
2023-08-08,2023-08-08 13:38:00,1237.71,1237.86,1237.71,1237.86,0.01,9.47,11405.25,1
2023-08-08,2023-08-08 13:39:00,1237.86,1238.0,1237.86,1238.0,0.01,9.47,11405.25,1
2023-08-08,2023-08-08 13:40:00,1238.0,1238.14,1238.0,1238.14,0.01,9.47,11405.25,1
2023-08-08,2023-08-08 13:41:00,1238.14,1238.29,1238.14,1238.29,0.01,9.47,11405.25,1
2023-08-08,2023-08-08 13:42:00,1238.29,1238.43,1238.29,1238.43,0.01,9.47,11405.25,1
2023-08-08,2023-08-08 13:43:00,1238.43,1238.58,1238.43,1238.58,0.01,9.47,11405.25,1
2023-08-08,2023-08-08 13:44:00,1238.58,1238.72,1238.58,1238.72,0.01,9.47,11405.25,1
2023-08-08,2023-08-08 13:45:00,1238.72,1238.86,1238.72,1238.86,0.01,9.47,11405.25,1
2023-08-08,2023-08-08 13:46:00,1238.86,1239.01,1238.86,1239.01,0.01,9.47,11405.25,1
2023-08-08,2023-08-08 13:47:00,1239.01,1239.15,1239.01,1239.15,0.01,9.47,11405.25,1
2023-08-08,2023-08-08 13:48:00,1239.15,1239.29,1239.15,1239.29,0.01,9.47,11405.25,1
2023-08-08,2023-08-08 13:49:00,1239.29,1239.44,1239.29,1239.44,0.01,9.47,11405.25,1
2023-08-08,2023-08-08 13:50:00,1239.44,1239.58,1239.44,1239.58,0.01,9.47,11405.25,1
2023-08-08,2023-08-08 13:51:00,1239.58,1239.72,1239.58,1239.72,0.01,9.47,11405.25,1
2023-08-08,2023-08-08 13:52:00,1239.72,1239.87,1239.72,1239.87,0.01,9.47,11405.25,1
2023-08-08,2023-08-08 13:53:00,1239.87,1240.01,1239.87,1240.01,0.01,9.47,11405.25,1
2023-08-08,2023-08-08 13:54:00,1240.01,1240.16,1240.01,1240.16,0.01,9.47,11405.25,1
2023-08-08,2023-08-08 13:55:00,1240.16,1240.3,1240.16,1240.3,0.01,9.47,11405.25,1
2023-08-08,2023-08-08 13:56:00,1240.3,1240.44,1240.3,1240.44,0.01,9.47,11405.25,1
2023-08-08,2023-08-08 13:57:00,1240.44,1240.59,1240.44,1240.59,0.01,9.47,11405.25,1
2023-08-08,2023-08-08 13:58:00,1240.59,1240.73,1240.59,1240.73,0.01,9.47,11405.25,1
2023-08-08,2023-08-08 13:59:00,1240.73,1240.88,1240.73,1240.88,0.01,9.47,11405.25,1
2023-08-08,2023-08-08 14:00:00,1240.88,1241.02,1240.88,1241.02,0.01,9.47,11405.25,1
2023-08-08,2023-08-08 14:01:00,1241.02,1241.16,1241.02,1241.16,0.01,9.47,11405.25,1
2023-08-08,2023-08-08 14:02:00,1241.16,1241.31,1241.16,1241.31,0.01,9.47,11405.25,1
2023-08-08,2023-08-08 14:03:00,1241.31,1241.45,1241.31,1241.45,0.01,9.47,11405.25,1
2023-08-08,2023-08-08 14:04:00,1241.45,1241.59,1241.45,1241.59,0.01,9.47,11405.25,1
2023-08-08,2023-08-08 14:05:00,1241.59,1241.74,1241.59,1241.74,0.01,9.47,11405.25,1
2023-08-08,2023-08-08 14:06:00,1241.74,1241.88,1241.74,1241.88,0.01,9.47,11405.25,1
2023-08-08,2023-08-08 14:07:00,1241.88,1242.03,1241.88,1242.03,0.01,9.47,11405.25,1
2023-08-08,2023-08-08 14:08:00,1242.03,1242.17,1242.03,1242.17,0.01,9.47,11405.25,1
2023-08-08,2023-08-08 14:09:00,1242.17,1242.31,1242.17,1242.31,0.01,9.47,11405.25,1
2023-08-08,2023-08-08 14:10:00,1242.31,1242.46,1242.31,1242.46,0.01,9.47,11405.25,1
2023-08-08,2023-08-08 14:11:00,1242.46,1242.6,1242.46,1242.6,0.01,9.47,11405.25,1
2023-08-08,2023-08-08 14:12:00,1242.6,1242.74,1242.6,1242.74,0.01,9.47,11405.25,1
2023-08-08,2023-08-08 14:13:00,1242.74,1242.89,1242.74,1242.89,0.01,9.47,11405.25,1
2023-08-08,2023-08-08 14:14:00,1242.89,1243.03,1242.89,1243.03,0.01,9.47,11405.25,1
2023-08-08,2023-08-08 14:15:00,1243.03,1243.17,1243.03,1243.17,0.01,9.47,11405.25,1
2023-08-08,2023-08-08 14:16:00,1243.17,1243.32,1243.17,1243.32,0.01,9.47,11405.25,1
2023-08-08,2023-08-08 14:17:00,1243.32,1243.46,1243.32,1243.46,0.01,9.47,11405.25,1
2023-08-08,2023-08-08 14:18:00,1243.46,1243.61,1243.46,1243.61,0.01,9.47,11405.25,1
2023-08-08,2023-08-08 14:19:00,1243.61,1243.75,1243.61,1243.75,0.01,9.47,11405.25,1
2023-08-08,2023-08-08 14:20:00,1243.75,1243.89,1243.75,1243.89,0.01,9.47,11405.25,1
2023-08-08,2023-08-08 14:21:00,1243.89,1244.04,1243.89,1244.04,0.01,9.47,11405.25,1
2023-08-08,2023-08-08 14:22:00,1244.04,1244.18,1244.04,1244.18,0.01,9.47,11405.25,1
2023-08-08,2023-08-08 14:23:00,1244.18,1244.33,1244.18,1244.33,0.01,9.47,11405.25,1
2023-08-08,2023-08-08 14:24:00,1244.33,1244.47,1244.33,1244.47,0.01,9.47,11405.25,1
2023-08-08,2023-08-08 14:25:00,1244.47,1244.61,1244.47,1244.61,0.01,9.47,11405.25,1
2023-08-08,2023-08-08 14:26:00,1244.61,1244.76,1244.61,1244.76,0.01,9.47,11405.25,1
2023-08-08,2023-08-08 14:27:00,1244.76,1244.9,1244.76,1244.9,0.01,9.47,11405.25,1
2023-08-08,2023-08-08 14:28:00,1244.9,1245.04,1244.9,1245.04,0.01,9.47,11405.25,1
2023-08-08,2023-08-08 14:29:00,1245.04,1245.19,1245.04,1245.19,0.01,9.47,11405.25,1
2023-08-08,2023-08-08 14:30:00,1245.19,1245.33,1245.19,1245.33,0.01,9.47,11405.25,1
2023-08-08,2023-08-08 14:31:00,1245.33,1245.47,1245.33,1245.47,0.01,9.47,11405.25,1
2023-08-08,2023-08-08 14:32:00,1245.47,1245.62,1245.47,1245.62,0.01,9.47,11405.25,1
2023-08-08,2023-08-08 14:33:00,1245.62,1245.76,1245.62,1245.76,0.01,9.47,11405.25,1
2023-08-08,2023-08-08 14:34:00,1245.76,1245.91,1245.76,1245.91,0.01,9.47,11405.25,1
2023-08-08,2023-08-08 14:35:00,1245.91,1246.05,1245.91,1246.05,0.01,9.47,11405.25,1
2023-08-08,2023-08-08 14:36:00,1246.05,1246.19,1246.05,1246.19,0.01,9.47,11405.25,1
2023-08-08,2023-08-08 14:37:00,1246.19,1246.34,1246.19,1246.34,0.01,9.47,11405.25,1
2023-08-08,2023-08-08 14:38:00,1246.34,1246.48,1246.34,1246.48,0.01,9.47,11405.25,1
2023-08-08,2023-08-08 14:39:00,1246.48,1246.62,1246.48,1246.62,0.01,9.47,11405.25,1
2023-08-08,2023-08-08 14:40:00,1246.62,1246.77,1246.62,1246.77,0.01,9.47,11405.25,1
2023-08-08,2023-08-08 14:41:00,1246.77,1246.91,1246.77,1246.91,0.01,9.47,11405.25,1
2023-08-08,2023-08-08 14:42:00,1246.91,1247.06,1246.91,1247.06,0.01,9.47,11405.25,1
2023-08-08,2023-08-08 14:43:00,1247.06,1247.2,1247.06,1247.2,0.01,9.47,11405.25,1
2023-08-08,2023-08-08 14:44:00,1247.2,1247.34,1247.2,1247.34,0.01,9.47,11405.25,1
2023-08-08,2023-08-08 14:45:00,1247.34,1247.49,1247.34,1247.49,0.01,9.47,11405.25,1
2023-08-08,2023-08-08 14:46:00,1247.49,1247.63,1247.49,1247.63,0.01,9.47,11405.25,1
2023-08-08,2023-08-08 14:47:00,1247.63,1247.78,1247.63,1247.78,0.01,9.47,11405.25,1
2023-08-08,2023-08-08 14:48:00,1247.78,1247.92,1247.78,1247.92,0.01,9.47,11405.25,1
2023-08-08,2023-08-08 14:49:00,1247.92,1248.06,1247.92,1248.06,0.01,9.47,11405.25,1
2023-08-08,2023-08-08 14:50:00,1248.06,1248.21,1248.06,1248.21,0.01,9.47,11405.25,1
2023-08-08,2023-08-08 14:51:00,1248.21,1248.35,1248.21,1248.35,0.01,9.47,11405.25,1
2023-08-08,2023-08-08 14:52:00,1248.35,1248.49,1248.35,1248.49,0.01,9.47,11405.25,1
2023-08-08,2023-08-08 14:53:00,1248.49,1248.64,1248.49,1248.64,0.01,9.47,11405.25,1
2023-08-08,2023-08-08 14:54:00,1248.64,1248.78,1248.64,1248.78,0.01,9.47,11405.25,1
2023-08-08,2023-08-08 14:55:00,1248.78,1248.92,1248.78,1248.92,0.01,9.47,11405.25,1
2023-08-08,2023-08-08 14:56:00,1248.92,1249.07,1248.92,1249.07,0.01,9.47,11405.25,1
2023-08-08,2023-08-08 14:57:00,1249.07,1249.21,1249.07,1249.21,0.01,9.47,11405.25,1
2023-08-08,2023-08-08 14:58:00,1249.21,1249.36,1249.21,1249.36,0.01,9.47,11405.25,1
2023-08-08,2023-08-08 14:59:00,1249.36,1249.5,1249.36,1249.5,0.01,9.47,11405.25,1
2023-08-08,2023-08-08 15:00:00,1249.5,1261.0,1184.0,1249.5,0.0,9.47,11405.25,0
2023-08-09,2023-08-09 11:00:00,1224.6,1226.22,1215.99,1224.61,0.0,10.63,12841.3,1
2023-08-09,2023-08-09 11:01:00,1224.61,1224.62,1224.61,1224.62,0.0,10.63,12841.3,1
2023-08-09,2023-08-09 11:02:00,1224.62,1224.64,1224.62,1224.64,0.0,10.63,12841.3,1
2023-08-09,2023-08-09 11:03:00,1224.64,1224.65,1224.64,1224.65,0.0,10.63,12841.3,1
2023-08-09,2023-08-09 11:04:00,1224.65,1224.66,1224.65,1224.66,0.0,10.63,12841.3,1
2023-08-09,2023-08-09 11:05:00,1224.66,1224.67,1224.66,1224.67,0.0,10.63,12841.3,1
2023-08-09,2023-08-09 11:06:00,1224.67,1224.68,1224.67,1224.68,0.0,10.63,12841.3,1
2023-08-09,2023-08-09 11:07:00,1224.68,1224.7,1224.68,1224.7,0.0,10.63,12841.3,1
2023-08-09,2023-08-09 11:08:00,1224.7,1224.71,1224.7,1224.71,0.0,10.63,12841.3,1
2023-08-09,2023-08-09 11:09:00,1224.71,1224.72,1224.71,1224.72,0.0,10.63,12841.3,1
2023-08-09,2023-08-09 11:10:00,1224.72,1224.73,1224.72,1224.73,0.0,10.63,12841.3,1
2023-08-09,2023-08-09 11:11:00,1224.73,1224.74,1224.73,1224.74,0.0,10.63,12841.3,1
2023-08-09,2023-08-09 11:12:00,1224.74,1224.76,1224.74,1224.76,0.0,10.63,12841.3,1
2023-08-09,2023-08-09 11:13:00,1224.76,1224.77,1224.76,1224.77,0.0,10.63,12841.3,1
2023-08-09,2023-08-09 11:14:00,1224.77,1224.78,1224.77,1224.78,0.0,10.63,12841.3,1
2023-08-09,2023-08-09 11:15:00,1224.78,1224.79,1224.78,1224.79,0.0,10.63,12841.3,1
2023-08-09,2023-08-09 11:16:00,1224.79,1224.81,1224.79,1224.81,0.0,10.63,12841.3,1
2023-08-09,2023-08-09 11:17:00,1224.81,1224.82,1224.81,1224.82,0.0,10.63,12841.3,1
2023-08-09,2023-08-09 11:18:00,1224.82,1224.83,1224.82,1224.83,0.0,10.63,12841.3,1
2023-08-09,2023-08-09 11:19:00,1224.83,1224.84,1224.83,1224.84,0.0,10.63,12841.3,1
2023-08-09,2023-08-09 11:20:00,1224.84,1224.85,1224.84,1224.85,0.0,10.63,12841.3,1
2023-08-09,2023-08-09 11:21:00,1224.85,1224.87,1224.85,1224.87,0.0,10.63,12841.3,1
2023-08-09,2023-08-09 11:22:00,1224.87,1224.88,1224.87,1224.88,0.0,10.63,12841.3,1
2023-08-09,2023-08-09 11:23:00,1224.88,1224.89,1224.88,1224.89,0.0,10.63,12841.3,1
2023-08-09,2023-08-09 11:24:00,1224.89,1224.9,1224.89,1224.9,0.0,10.63,12841.3,1
2023-08-09,2023-08-09 11:25:00,1224.9,1224.91,1224.9,1224.91,0.0,10.63,12841.3,1
2023-08-09,2023-08-09 11:26:00,1224.91,1224.93,1224.91,1224.93,0.0,10.63,12841.3,1
2023-08-09,2023-08-09 11:27:00,1224.93,1224.94,1224.93,1224.94,0.0,10.63,12841.3,1
2023-08-09,2023-08-09 11:28:00,1224.94,1224.95,1224.94,1224.95,0.0,10.63,12841.3,1
2023-08-09,2023-08-09 11:29:00,1224.95,1224.96,1224.95,1224.96,0.0,10.63,12841.3,1
2023-08-09,2023-08-09 11:30:00,1224.96,1224.97,1224.96,1224.97,0.0,10.63,12841.3,1
2023-08-09,2023-08-09 11:31:00,1224.97,1224.99,1224.97,1224.99,0.0,10.63,12841.3,1
2023-08-09,2023-08-09 11:32:00,1224.99,1225.0,1224.99,1225.0,0.0,10.63,12841.3,1
2023-08-09,2023-08-09 11:33:00,1225.0,1225.01,1225.0,1225.01,0.0,10.63,12841.3,1
2023-08-09,2023-08-09 11:34:00,1225.01,1225.02,1225.01,1225.02,0.0,10.63,12841.3,1
2023-08-09,2023-08-09 11:35:00,1225.02,1225.03,1225.02,1225.03,0.0,10.63,12841.3,1
2023-08-09,2023-08-09 11:36:00,1225.03,1225.05,1225.03,1225.05,0.0,10.63,12841.3,1
2023-08-09,2023-08-09 11:37:00,1225.05,1225.06,1225.05,1225.06,0.0,10.63,12841.3,1
2023-08-09,2023-08-09 11:38:00,1225.06,1225.07,1225.06,1225.07,0.0,10.63,12841.3,1
2023-08-09,2023-08-09 11:39:00,1225.07,1225.08,1225.07,1225.08,0.0,10.63,12841.3,1
2023-08-09,2023-08-09 11:40:00,1225.08,1225.1,1225.08,1225.1,0.0,10.63,12841.3,1
2023-08-09,2023-08-09 11:41:00,1225.1,1225.11,1225.1,1225.11,0.0,10.63,12841.3,1
2023-08-09,2023-08-09 11:42:00,1225.11,1225.12,1225.11,1225.12,0.0,10.63,12841.3,1
2023-08-09,2023-08-09 11:43:00,1225.12,1225.13,1225.12,1225.13,0.0,10.63,12841.3,1
2023-08-09,2023-08-09 11:44:00,1225.13,1225.14,1225.13,1225.14,0.0,10.63,12841.3,1
2023-08-09,2023-08-09 11:45:00,1225.14,1225.16,1225.14,1225.16,0.0,10.63,12841.3,1
2023-08-09,2023-08-09 11:46:00,1225.16,1225.17,1225.16,1225.17,0.0,10.63,12841.3,1
2023-08-09,2023-08-09 11:47:00,1225.17,1225.18,1225.17,1225.18,0.0,10.63,12841.3,1
2023-08-09,2023-08-09 11:48:00,1225.18,1225.19,1225.18,1225.19,0.0,10.63,12841.3,1
2023-08-09,2023-08-09 11:49:00,1225.19,1225.2,1225.19,1225.2,0.0,10.63,12841.3,1
2023-08-09,2023-08-09 11:50:00,1225.2,1225.22,1225.2,1225.22,0.0,10.63,12841.3,1
2023-08-09,2023-08-09 11:51:00,1225.22,1225.23,1225.22,1225.23,0.0,10.63,12841.3,1
2023-08-09,2023-08-09 11:52:00,1225.23,1225.24,1225.23,1225.24,0.0,10.63,12841.3,1
2023-08-09,2023-08-09 11:53:00,1225.24,1225.25,1225.24,1225.25,0.0,10.63,12841.3,1
2023-08-09,2023-08-09 11:54:00,1225.25,1225.26,1225.25,1225.26,0.0,10.63,12841.3,1
2023-08-09,2023-08-09 11:55:00,1225.26,1225.28,1225.26,1225.28,0.0,10.63,12841.3,1
2023-08-09,2023-08-09 11:56:00,1225.28,1225.29,1225.28,1225.29,0.0,10.63,12841.3,1
2023-08-09,2023-08-09 11:57:00,1225.29,1225.3,1225.29,1225.3,0.0,10.63,12841.3,1
2023-08-09,2023-08-09 11:58:00,1225.3,1225.31,1225.3,1225.31,0.0,10.63,12841.3,1
2023-08-09,2023-08-09 11:59:00,1225.31,1225.32,1225.31,1225.32,0.0,10.63,12841.3,1
2023-08-09,2023-08-09 12:00:00,1225.32,1225.34,1225.32,1225.34,0.0,10.63,12841.3,1
2023-08-09,2023-08-09 12:01:00,1225.34,1225.35,1225.34,1225.35,0.0,10.63,12841.3,1
2023-08-09,2023-08-09 12:02:00,1225.35,1225.36,1225.35,1225.36,0.0,10.63,12841.3,1
2023-08-09,2023-08-09 12:03:00,1225.36,1225.37,1225.36,1225.37,0.0,10.63,12841.3,1
2023-08-09,2023-08-09 12:04:00,1225.37,1225.39,1225.37,1225.39,0.0,10.63,12841.3,1
2023-08-09,2023-08-09 12:05:00,1225.39,1225.4,1225.39,1225.4,0.0,10.63,12841.3,1
2023-08-09,2023-08-09 12:06:00,1225.4,1225.41,1225.4,1225.41,0.0,10.63,12841.3,1
2023-08-09,2023-08-09 12:07:00,1225.41,1225.42,1225.41,1225.42,0.0,10.63,12841.3,1
2023-08-09,2023-08-09 12:08:00,1225.42,1225.43,1225.42,1225.43,0.0,10.63,12841.3,1
2023-08-09,2023-08-09 12:09:00,1225.43,1225.45,1225.43,1225.45,0.0,10.63,12841.3,1
2023-08-09,2023-08-09 12:10:00,1225.45,1225.46,1225.45,1225.46,0.0,10.63,12841.3,1
2023-08-09,2023-08-09 12:11:00,1225.46,1225.47,1225.46,1225.47,0.0,10.63,12841.3,1
2023-08-09,2023-08-09 12:12:00,1225.47,1225.48,1225.47,1225.48,0.0,10.63,12841.3,1
2023-08-09,2023-08-09 12:13:00,1225.48,1225.49,1225.48,1225.49,0.0,10.63,12841.3,1
2023-08-09,2023-08-09 12:14:00,1225.49,1225.51,1225.49,1225.51,0.0,10.63,12841.3,1
2023-08-09,2023-08-09 12:15:00,1225.51,1225.52,1225.51,1225.52,0.0,10.63,12841.3,1
2023-08-09,2023-08-09 12:16:00,1225.52,1225.53,1225.52,1225.53,0.0,10.63,12841.3,1
2023-08-09,2023-08-09 12:17:00,1225.53,1225.54,1225.53,1225.54,0.0,10.63,12841.3,1
2023-08-09,2023-08-09 12:18:00,1225.54,1225.55,1225.54,1225.55,0.0,10.63,12841.3,1
2023-08-09,2023-08-09 12:19:00,1225.55,1225.57,1225.55,1225.57,0.0,10.63,12841.3,1
2023-08-09,2023-08-09 12:20:00,1225.57,1225.58,1225.57,1225.58,0.0,10.63,12841.3,1
2023-08-09,2023-08-09 12:21:00,1225.58,1225.59,1225.58,1225.59,0.0,10.63,12841.3,1
2023-08-09,2023-08-09 12:22:00,1225.59,1225.6,1225.59,1225.6,0.0,10.63,12841.3,1
2023-08-09,2023-08-09 12:23:00,1225.6,1225.62,1225.6,1225.62,0.0,10.63,12841.3,1
2023-08-09,2023-08-09 12:24:00,1225.62,1225.63,1225.62,1225.63,0.0,10.63,12841.3,1
2023-08-09,2023-08-09 12:25:00,1225.63,1225.64,1225.63,1225.64,0.0,10.63,12841.3,1
2023-08-09,2023-08-09 12:26:00,1225.64,1225.65,1225.64,1225.65,0.0,10.63,12841.3,1
2023-08-09,2023-08-09 12:27:00,1225.65,1225.66,1225.65,1225.66,0.0,10.63,12841.3,1
2023-08-09,2023-08-09 12:28:00,1225.66,1225.68,1225.66,1225.68,0.0,10.63,12841.3,1
2023-08-09,2023-08-09 12:29:00,1225.68,1225.69,1225.68,1225.69,0.0,10.63,12841.3,1
2023-08-09,2023-08-09 12:30:00,1225.69,1225.7,1225.69,1225.7,0.0,10.63,12841.3,1
2023-08-09,2023-08-09 12:31:00,1225.7,1225.71,1225.7,1225.71,0.0,10.63,12841.3,1
2023-08-09,2023-08-09 12:32:00,1225.71,1225.72,1225.71,1225.72,0.0,10.63,12841.3,1
2023-08-09,2023-08-09 12:33:00,1225.72,1225.74,1225.72,1225.74,0.0,10.63,12841.3,1
2023-08-09,2023-08-09 12:34:00,1225.74,1225.75,1225.74,1225.75,0.0,10.63,12841.3,1
2023-08-09,2023-08-09 12:35:00,1225.75,1225.76,1225.75,1225.76,0.0,10.63,12841.3,1
2023-08-09,2023-08-09 12:36:00,1225.76,1225.77,1225.76,1225.77,0.0,10.63,12841.3,1
2023-08-09,2023-08-09 12:37:00,1225.77,1225.78,1225.77,1225.78,0.0,10.63,12841.3,1
2023-08-09,2023-08-09 12:38:00,1225.78,1225.8,1225.78,1225.8,0.0,10.63,12841.3,1
2023-08-09,2023-08-09 12:39:00,1225.8,1225.81,1225.8,1225.81,0.0,10.63,12841.3,1
2023-08-09,2023-08-09 12:40:00,1225.81,1225.82,1225.81,1225.82,0.0,10.63,12841.3,1
2023-08-09,2023-08-09 12:41:00,1225.82,1225.83,1225.82,1225.83,0.0,10.63,12841.3,1
2023-08-09,2023-08-09 12:42:00,1225.83,1225.84,1225.83,1225.84,0.0,10.63,12841.3,1
2023-08-09,2023-08-09 12:43:00,1225.84,1225.86,1225.84,1225.86,0.0,10.63,12841.3,1
2023-08-09,2023-08-09 12:44:00,1225.86,1225.87,1225.86,1225.87,0.0,10.63,12841.3,1
2023-08-09,2023-08-09 12:45:00,1225.87,1225.88,1225.87,1225.88,0.0,10.63,12841.3,1
2023-08-09,2023-08-09 12:46:00,1225.88,1225.89,1225.88,1225.89,0.0,10.63,12841.3,1
2023-08-09,2023-08-09 12:47:00,1225.89,1225.9,1225.89,1225.9,0.0,10.63,12841.3,1
2023-08-09,2023-08-09 12:48:00,1225.9,1225.92,1225.9,1225.92,0.0,10.63,12841.3,1
2023-08-09,2023-08-09 12:49:00,1225.92,1225.93,1225.92,1225.93,0.0,10.63,12841.3,1
2023-08-09,2023-08-09 12:50:00,1225.93,1225.94,1225.93,1225.94,0.0,10.63,12841.3,1
2023-08-09,2023-08-09 12:51:00,1225.94,1225.95,1225.94,1225.95,0.0,10.63,12841.3,1
2023-08-09,2023-08-09 12:52:00,1225.95,1225.97,1225.95,1225.97,0.0,10.63,12841.3,1
2023-08-09,2023-08-09 12:53:00,1225.97,1225.98,1225.97,1225.98,0.0,10.63,12841.3,1
2023-08-09,2023-08-09 12:54:00,1225.98,1225.99,1225.98,1225.99,0.0,10.63,12841.3,1
2023-08-09,2023-08-09 12:55:00,1225.99,1226.0,1225.99,1226.0,0.0,10.63,12841.3,1
2023-08-09,2023-08-09 12:56:00,1226.0,1226.01,1226.0,1226.01,0.0,10.63,12841.3,1
2023-08-09,2023-08-09 12:57:00,1226.01,1226.03,1226.01,1226.03,0.0,10.63,12841.3,1
2023-08-09,2023-08-09 12:58:00,1226.03,1226.04,1226.03,1226.04,0.0,10.63,12841.3,1
2023-08-09,2023-08-09 12:59:00,1226.04,1226.05,1226.04,1226.05,0.0,10.63,12841.3,1
2023-08-09,2023-08-09 13:00:00,1226.05,1230.0,1195.9,1226.06,0.0,10.63,12841.3,1
2023-08-09,2023-08-09 13:01:00,1226.06,1226.07,1226.06,1226.07,0.0,10.63,12841.3,1
2023-08-09,2023-08-09 13:02:00,1226.07,1226.09,1226.07,1226.09,0.0,10.63,12841.3,1
2023-08-09,2023-08-09 13:03:00,1226.09,1226.1,1226.09,1226.1,0.0,10.63,12841.3,1
2023-08-09,2023-08-09 13:04:00,1226.1,1226.11,1226.1,1226.11,0.0,10.63,12841.3,1
2023-08-09,2023-08-09 13:05:00,1226.11,1226.12,1226.11,1226.12,0.0,10.63,12841.3,1
2023-08-09,2023-08-09 13:06:00,1226.12,1226.13,1226.12,1226.13,0.0,10.63,12841.3,1
2023-08-09,2023-08-09 13:07:00,1226.13,1226.15,1226.13,1226.15,0.0,10.63,12841.3,1
2023-08-09,2023-08-09 13:08:00,1226.15,1226.16,1226.15,1226.16,0.0,10.63,12841.3,1
2023-08-09,2023-08-09 13:09:00,1226.16,1226.17,1226.16,1226.17,0.0,10.63,12841.3,1
2023-08-09,2023-08-09 13:10:00,1226.17,1226.18,1226.17,1226.18,0.0,10.63,12841.3,1
2023-08-09,2023-08-09 13:11:00,1226.18,1226.19,1226.18,1226.19,0.0,10.63,12841.3,1
2023-08-09,2023-08-09 13:12:00,1226.19,1226.21,1226.19,1226.21,0.0,10.63,12841.3,1
2023-08-09,2023-08-09 13:13:00,1226.21,1226.22,1226.21,1226.22,0.0,10.63,12841.3,1
2023-08-09,2023-08-09 13:14:00,1226.22,1226.23,1226.22,1226.23,0.0,10.63,12841.3,1
2023-08-09,2023-08-09 13:15:00,1226.23,1226.24,1226.23,1226.24,0.0,10.63,12841.3,1
2023-08-09,2023-08-09 13:16:00,1226.24,1226.26,1226.24,1226.26,0.0,10.63,12841.3,1
2023-08-09,2023-08-09 13:17:00,1226.26,1226.27,1226.26,1226.27,0.0,10.63,12841.3,1
2023-08-09,2023-08-09 13:18:00,1226.27,1226.28,1226.27,1226.28,0.0,10.63,12841.3,1
2023-08-09,2023-08-09 13:19:00,1226.28,1226.29,1226.28,1226.29,0.0,10.63,12841.3,1
2023-08-09,2023-08-09 13:20:00,1226.29,1226.3,1226.29,1226.3,0.0,10.63,12841.3,1
2023-08-09,2023-08-09 13:21:00,1226.3,1226.32,1226.3,1226.32,0.0,10.63,12841.3,1
2023-08-09,2023-08-09 13:22:00,1226.32,1226.33,1226.32,1226.33,0.0,10.63,12841.3,1
2023-08-09,2023-08-09 13:23:00,1226.33,1226.34,1226.33,1226.34,0.0,10.63,12841.3,1
2023-08-09,2023-08-09 13:24:00,1226.34,1226.35,1226.34,1226.35,0.0,10.63,12841.3,1
2023-08-09,2023-08-09 13:25:00,1226.35,1226.36,1226.35,1226.36,0.0,10.63,12841.3,1
2023-08-09,2023-08-09 13:26:00,1226.36,1226.38,1226.36,1226.38,0.0,10.63,12841.3,1
2023-08-09,2023-08-09 13:27:00,1226.38,1226.39,1226.38,1226.39,0.0,10.63,12841.3,1
2023-08-09,2023-08-09 13:28:00,1226.39,1226.4,1226.39,1226.4,0.0,10.63,12841.3,1
2023-08-09,2023-08-09 13:29:00,1226.4,1226.41,1226.4,1226.41,0.0,10.63,12841.3,1
2023-08-09,2023-08-09 13:30:00,1226.41,1226.42,1226.41,1226.42,0.0,10.63,12841.3,1
2023-08-09,2023-08-09 13:31:00,1226.42,1226.44,1226.42,1226.44,0.0,10.63,12841.3,1
2023-08-09,2023-08-09 13:32:00,1226.44,1226.45,1226.44,1226.45,0.0,10.63,12841.3,1
2023-08-09,2023-08-09 13:33:00,1226.45,1226.46,1226.45,1226.46,0.0,10.63,12841.3,1
2023-08-09,2023-08-09 13:34:00,1226.46,1226.47,1226.46,1226.47,0.0,10.63,12841.3,1
2023-08-09,2023-08-09 13:35:00,1226.47,1226.48,1226.47,1226.48,0.0,10.63,12841.3,1
2023-08-09,2023-08-09 13:36:00,1226.48,1226.5,1226.48,1226.5,0.0,10.63,12841.3,1
2023-08-09,2023-08-09 13:37:00,1226.5,1226.51,1226.5,1226.51,0.0,10.63,12841.3,1
2023-08-09,2023-08-09 13:38:00,1226.51,1226.52,1226.51,1226.52,0.0,10.63,12841.3,1
2023-08-09,2023-08-09 13:39:00,1226.52,1226.53,1226.52,1226.53,0.0,10.63,12841.3,1
2023-08-09,2023-08-09 13:40:00,1226.53,1226.55,1226.53,1226.55,0.0,10.63,12841.3,1
2023-08-09,2023-08-09 13:41:00,1226.55,1226.56,1226.55,1226.56,0.0,10.63,12841.3,1
2023-08-09,2023-08-09 13:42:00,1226.56,1226.57,1226.56,1226.57,0.0,10.63,12841.3,1
2023-08-09,2023-08-09 13:43:00,1226.57,1226.58,1226.57,1226.58,0.0,10.63,12841.3,1
2023-08-09,2023-08-09 13:44:00,1226.58,1226.59,1226.58,1226.59,0.0,10.63,12841.3,1
2023-08-09,2023-08-09 13:45:00,1226.59,1226.61,1226.59,1226.61,0.0,10.63,12841.3,1
2023-08-09,2023-08-09 13:46:00,1226.61,1226.62,1226.61,1226.62,0.0,10.63,12841.3,1
2023-08-09,2023-08-09 13:47:00,1226.62,1226.63,1226.62,1226.63,0.0,10.63,12841.3,1
2023-08-09,2023-08-09 13:48:00,1226.63,1226.64,1226.63,1226.64,0.0,10.63,12841.3,1
2023-08-09,2023-08-09 13:49:00,1226.64,1226.65,1226.64,1226.65,0.0,10.63,12841.3,1
2023-08-09,2023-08-09 13:50:00,1226.65,1226.67,1226.65,1226.67,0.0,10.63,12841.3,1
2023-08-09,2023-08-09 13:51:00,1226.67,1226.68,1226.67,1226.68,0.0,10.63,12841.3,1
2023-08-09,2023-08-09 13:52:00,1226.68,1226.69,1226.68,1226.69,0.0,10.63,12841.3,1
2023-08-09,2023-08-09 13:53:00,1226.69,1226.7,1226.69,1226.7,0.0,10.63,12841.3,1
2023-08-09,2023-08-09 13:54:00,1226.7,1226.71,1226.7,1226.71,0.0,10.63,12841.3,1
2023-08-09,2023-08-09 13:55:00,1226.71,1226.73,1226.71,1226.73,0.0,10.63,12841.3,1
2023-08-09,2023-08-09 13:56:00,1226.73,1226.74,1226.73,1226.74,0.0,10.63,12841.3,1
2023-08-09,2023-08-09 13:57:00,1226.74,1226.75,1226.74,1226.75,0.0,10.63,12841.3,1
2023-08-09,2023-08-09 13:58:00,1226.75,1226.76,1226.75,1226.76,0.0,10.63,12841.3,1
2023-08-09,2023-08-09 13:59:00,1226.76,1226.78,1226.76,1226.78,0.0,10.63,12841.3,1
2023-08-09,2023-08-09 14:00:00,1226.78,1226.79,1226.78,1226.79,0.0,10.63,12841.3,1
2023-08-09,2023-08-09 14:01:00,1226.79,1226.8,1226.79,1226.8,0.0,10.63,12841.3,1
2023-08-09,2023-08-09 14:02:00,1226.8,1226.81,1226.8,1226.81,0.0,10.63,12841.3,1
2023-08-09,2023-08-09 14:03:00,1226.81,1226.82,1226.81,1226.82,0.0,10.63,12841.3,1
2023-08-09,2023-08-09 14:04:00,1226.82,1226.84,1226.82,1226.84,0.0,10.63,12841.3,1
2023-08-09,2023-08-09 14:05:00,1226.84,1226.85,1226.84,1226.85,0.0,10.63,12841.3,1
2023-08-09,2023-08-09 14:06:00,1226.85,1226.86,1226.85,1226.86,0.0,10.63,12841.3,1
2023-08-09,2023-08-09 14:07:00,1226.86,1226.87,1226.86,1226.87,0.0,10.63,12841.3,1
2023-08-09,2023-08-09 14:08:00,1226.87,1226.88,1226.87,1226.88,0.0,10.63,12841.3,1
2023-08-09,2023-08-09 14:09:00,1226.88,1226.9,1226.88,1226.9,0.0,10.63,12841.3,1
2023-08-09,2023-08-09 14:10:00,1226.9,1226.91,1226.9,1226.91,0.0,10.63,12841.3,1
2023-08-09,2023-08-09 14:11:00,1226.91,1226.92,1226.91,1226.92,0.0,10.63,12841.3,1
2023-08-09,2023-08-09 14:12:00,1226.92,1226.93,1226.92,1226.93,0.0,10.63,12841.3,1
2023-08-09,2023-08-09 14:13:00,1226.93,1226.94,1226.93,1226.94,0.0,10.63,12841.3,1
2023-08-09,2023-08-09 14:14:00,1226.94,1226.96,1226.94,1226.96,0.0,10.63,12841.3,1
2023-08-09,2023-08-09 14:15:00,1226.96,1226.97,1226.96,1226.97,0.0,10.63,12841.3,1
2023-08-09,2023-08-09 14:16:00,1226.97,1226.98,1226.97,1226.98,0.0,10.63,12841.3,1
2023-08-09,2023-08-09 14:17:00,1226.98,1226.99,1226.98,1226.99,0.0,10.63,12841.3,1
2023-08-09,2023-08-09 14:18:00,1226.99,1227.0,1226.99,1227.0,0.0,10.63,12841.3,1
2023-08-09,2023-08-09 14:19:00,1227.0,1227.02,1227.0,1227.02,0.0,10.63,12841.3,1
2023-08-09,2023-08-09 14:20:00,1227.02,1227.03,1227.02,1227.03,0.0,10.63,12841.3,1
2023-08-09,2023-08-09 14:21:00,1227.03,1227.04,1227.03,1227.04,0.0,10.63,12841.3,1
2023-08-09,2023-08-09 14:22:00,1227.04,1227.05,1227.04,1227.05,0.0,10.63,12841.3,1
2023-08-09,2023-08-09 14:23:00,1227.05,1227.07,1227.05,1227.07,0.0,10.63,12841.3,1
2023-08-09,2023-08-09 14:24:00,1227.07,1227.08,1227.07,1227.08,0.0,10.63,12841.3,1
2023-08-09,2023-08-09 14:25:00,1227.08,1227.09,1227.08,1227.09,0.0,10.63,12841.3,1
2023-08-09,2023-08-09 14:26:00,1227.09,1227.1,1227.09,1227.1,0.0,10.63,12841.3,1
2023-08-09,2023-08-09 14:27:00,1227.1,1227.11,1227.1,1227.11,0.0,10.63,12841.3,1
2023-08-09,2023-08-09 14:28:00,1227.11,1227.13,1227.11,1227.13,0.0,10.63,12841.3,1
2023-08-09,2023-08-09 14:29:00,1227.13,1227.14,1227.13,1227.14,0.0,10.63,12841.3,1
2023-08-09,2023-08-09 14:30:00,1227.14,1227.15,1227.14,1227.15,0.0,10.63,12841.3,1
2023-08-09,2023-08-09 14:31:00,1227.15,1227.16,1227.15,1227.16,0.0,10.63,12841.3,1
2023-08-09,2023-08-09 14:32:00,1227.16,1227.17,1227.16,1227.17,0.0,10.63,12841.3,1
2023-08-09,2023-08-09 14:33:00,1227.17,1227.19,1227.17,1227.19,0.0,10.63,12841.3,1
2023-08-09,2023-08-09 14:34:00,1227.19,1227.2,1227.19,1227.2,0.0,10.63,12841.3,1
2023-08-09,2023-08-09 14:35:00,1227.2,1227.21,1227.2,1227.21,0.0,10.63,12841.3,1
2023-08-09,2023-08-09 14:36:00,1227.21,1227.22,1227.21,1227.22,0.0,10.63,12841.3,1
2023-08-09,2023-08-09 14:37:00,1227.22,1227.23,1227.22,1227.23,0.0,10.63,12841.3,1
2023-08-09,2023-08-09 14:38:00,1227.23,1227.25,1227.23,1227.25,0.0,10.63,12841.3,1
2023-08-09,2023-08-09 14:39:00,1227.25,1227.26,1227.25,1227.26,0.0,10.63,12841.3,1
2023-08-09,2023-08-09 14:40:00,1227.26,1227.27,1227.26,1227.27,0.0,10.63,12841.3,1
2023-08-09,2023-08-09 14:41:00,1227.27,1227.28,1227.27,1227.28,0.0,10.63,12841.3,1
2023-08-09,2023-08-09 14:42:00,1227.28,1227.29,1227.28,1227.29,0.0,10.63,12841.3,1
2023-08-09,2023-08-09 14:43:00,1227.29,1227.31,1227.29,1227.31,0.0,10.63,12841.3,1
2023-08-09,2023-08-09 14:44:00,1227.31,1227.32,1227.31,1227.32,0.0,10.63,12841.3,1
2023-08-09,2023-08-09 14:45:00,1227.32,1227.33,1227.32,1227.33,0.0,10.63,12841.3,1
2023-08-09,2023-08-09 14:46:00,1227.33,1227.34,1227.33,1227.34,0.0,10.63,12841.3,1
2023-08-09,2023-08-09 14:47:00,1227.34,1227.36,1227.34,1227.36,0.0,10.63,12841.3,1
2023-08-09,2023-08-09 14:48:00,1227.36,1227.37,1227.36,1227.37,0.0,10.63,12841.3,1
2023-08-09,2023-08-09 14:49:00,1227.37,1227.38,1227.37,1227.38,0.0,10.63,12841.3,1
2023-08-09,2023-08-09 14:50:00,1227.38,1227.39,1227.38,1227.39,0.0,10.63,12841.3,1
2023-08-09,2023-08-09 14:51:00,1227.39,1227.4,1227.39,1227.4,0.0,10.63,12841.3,1
2023-08-09,2023-08-09 14:52:00,1227.4,1227.42,1227.4,1227.42,0.0,10.63,12841.3,1
2023-08-09,2023-08-09 14:53:00,1227.42,1227.43,1227.42,1227.43,0.0,10.63,12841.3,1
2023-08-09,2023-08-09 14:54:00,1227.43,1227.44,1227.43,1227.44,0.0,10.63,12841.3,1
2023-08-09,2023-08-09 14:55:00,1227.44,1227.45,1227.44,1227.45,0.0,10.63,12841.3,1
2023-08-09,2023-08-09 14:56:00,1227.45,1227.46,1227.45,1227.46,0.0,10.63,12841.3,1
2023-08-09,2023-08-09 14:57:00,1227.46,1227.48,1227.46,1227.48,0.0,10.63,12841.3,1
2023-08-09,2023-08-09 14:58:00,1227.48,1227.49,1227.48,1227.49,0.0,10.63,12841.3,1
2023-08-09,2023-08-09 14:59:00,1227.49,1227.5,1227.49,1227.5,0.0,10.63,12841.3,1
2023-08-09,2023-08-09 15:00:00,1227.5,1230.0,1195.9,1227.5,0.0,10.63,12841.3,0
2023-08-10,2023-08-10 11:00:00,1244.4,1244.4,1231.08,1244.26,-0.01,10.86,13236.19,-1
2023-08-10,2023-08-10 11:01:00,1244.26,1244.26,1244.12,1244.12,-0.01,10.86,13236.19,-1
2023-08-10,2023-08-10 11:02:00,1244.12,1244.12,1243.98,1243.98,-0.01,10.86,13236.19,-1
2023-08-10,2023-08-10 11:03:00,1243.98,1243.98,1243.84,1243.84,-0.01,10.86,13236.19,-1
2023-08-10,2023-08-10 11:04:00,1243.84,1243.84,1243.7,1243.7,-0.01,10.86,13236.19,-1
2023-08-10,2023-08-10 11:05:00,1243.7,1243.7,1243.57,1243.57,-0.01,10.86,13236.19,-1
2023-08-10,2023-08-10 11:06:00,1243.57,1243.57,1243.43,1243.43,-0.01,10.86,13236.19,-1
2023-08-10,2023-08-10 11:07:00,1243.43,1243.43,1243.29,1243.29,-0.01,10.86,13236.19,-1
2023-08-10,2023-08-10 11:08:00,1243.29,1243.29,1243.15,1243.15,-0.01,10.86,13236.19,-1
2023-08-10,2023-08-10 11:09:00,1243.15,1243.15,1243.01,1243.01,-0.01,10.86,13236.19,-1
2023-08-10,2023-08-10 11:10:00,1243.01,1243.01,1242.87,1242.87,-0.01,10.86,13236.19,-1
2023-08-10,2023-08-10 11:11:00,1242.87,1242.87,1242.73,1242.73,-0.01,10.86,13236.19,-1
2023-08-10,2023-08-10 11:12:00,1242.73,1242.73,1242.59,1242.59,-0.01,10.86,13236.19,-1
2023-08-10,2023-08-10 11:13:00,1242.59,1242.59,1242.45,1242.45,-0.01,10.86,13236.19,-1
2023-08-10,2023-08-10 11:14:00,1242.45,1242.45,1242.31,1242.31,-0.01,10.86,13236.19,-1
2023-08-10,2023-08-10 11:15:00,1242.31,1242.31,1242.17,1242.17,-0.01,10.86,13236.19,-1
2023-08-10,2023-08-10 11:16:00,1242.17,1242.17,1242.03,1242.03,-0.01,10.86,13236.19,-1
2023-08-10,2023-08-10 11:17:00,1242.03,1242.03,1241.89,1241.89,-0.01,10.86,13236.19,-1
2023-08-10,2023-08-10 11:18:00,1241.89,1241.89,1241.76,1241.76,-0.01,10.86,13236.19,-1
2023-08-10,2023-08-10 11:19:00,1241.76,1241.76,1241.62,1241.62,-0.01,10.86,13236.19,-1
2023-08-10,2023-08-10 11:20:00,1241.62,1241.62,1241.48,1241.48,-0.01,10.86,13236.19,-1
2023-08-10,2023-08-10 11:21:00,1241.48,1241.48,1241.34,1241.34,-0.01,10.86,13236.19,-1
2023-08-10,2023-08-10 11:22:00,1241.34,1241.34,1241.2,1241.2,-0.01,10.86,13236.19,-1
2023-08-10,2023-08-10 11:23:00,1241.2,1241.2,1241.06,1241.06,-0.01,10.86,13236.19,-1
2023-08-10,2023-08-10 11:24:00,1241.06,1241.06,1240.92,1240.92,-0.01,10.86,13236.19,-1
2023-08-10,2023-08-10 11:25:00,1240.92,1240.92,1240.78,1240.78,-0.01,10.86,13236.19,-1
2023-08-10,2023-08-10 11:26:00,1240.78,1240.78,1240.64,1240.64,-0.01,10.86,13236.19,-1
2023-08-10,2023-08-10 11:27:00,1240.64,1240.64,1240.5,1240.5,-0.01,10.86,13236.19,-1
2023-08-10,2023-08-10 11:28:00,1240.5,1240.5,1240.36,1240.36,-0.01,10.86,13236.19,-1
2023-08-10,2023-08-10 11:29:00,1240.36,1240.36,1240.23,1240.23,-0.01,10.86,13236.19,-1
2023-08-10,2023-08-10 11:30:00,1240.23,1240.23,1240.09,1240.09,-0.01,10.86,13236.19,-1
2023-08-10,2023-08-10 11:31:00,1240.09,1240.09,1239.95,1239.95,-0.01,10.86,13236.19,-1
2023-08-10,2023-08-10 11:32:00,1239.95,1239.95,1239.81,1239.81,-0.01,10.86,13236.19,-1
2023-08-10,2023-08-10 11:33:00,1239.81,1239.81,1239.67,1239.67,-0.01,10.86,13236.19,-1
2023-08-10,2023-08-10 11:34:00,1239.67,1239.67,1239.53,1239.53,-0.01,10.86,13236.19,-1
2023-08-10,2023-08-10 11:35:00,1239.53,1239.53,1239.39,1239.39,-0.01,10.86,13236.19,-1
2023-08-10,2023-08-10 11:36:00,1239.39,1239.39,1239.25,1239.25,-0.01,10.86,13236.19,-1
2023-08-10,2023-08-10 11:37:00,1239.25,1239.25,1239.11,1239.11,-0.01,10.86,13236.19,-1
2023-08-10,2023-08-10 11:38:00,1239.11,1239.11,1238.97,1238.97,-0.01,10.86,13236.19,-1
2023-08-10,2023-08-10 11:39:00,1238.97,1238.97,1238.83,1238.83,-0.01,10.86,13236.19,-1
2023-08-10,2023-08-10 11:40:00,1238.83,1238.83,1238.69,1238.69,-0.01,10.86,13236.19,-1
2023-08-10,2023-08-10 11:41:00,1238.69,1238.69,1238.56,1238.56,-0.01,10.86,13236.19,-1
2023-08-10,2023-08-10 11:42:00,1238.56,1238.56,1238.42,1238.42,-0.01,10.86,13236.19,-1
2023-08-10,2023-08-10 11:43:00,1238.42,1238.42,1238.28,1238.28,-0.01,10.86,13236.19,-1
2023-08-10,2023-08-10 11:44:00,1238.28,1238.28,1238.14,1238.14,-0.01,10.86,13236.19,-1
2023-08-10,2023-08-10 11:45:00,1238.14,1238.14,1238.0,1238.0,-0.01,10.86,13236.19,-1
2023-08-10,2023-08-10 11:46:00,1238.0,1238.0,1237.86,1237.86,-0.01,10.86,13236.19,-1
2023-08-10,2023-08-10 11:47:00,1237.86,1237.86,1237.72,1237.72,-0.01,10.86,13236.19,-1
2023-08-10,2023-08-10 11:48:00,1237.72,1237.72,1237.58,1237.58,-0.01,10.86,13236.19,-1
2023-08-10,2023-08-10 11:49:00,1237.58,1237.58,1237.44,1237.44,-0.01,10.86,13236.19,-1
2023-08-10,2023-08-10 11:50:00,1237.44,1237.44,1237.3,1237.3,-0.01,10.86,13236.19,-1
2023-08-10,2023-08-10 11:51:00,1237.3,1237.3,1237.16,1237.16,-0.01,10.86,13236.19,-1
2023-08-10,2023-08-10 11:52:00,1237.16,1237.16,1237.02,1237.02,-0.01,10.86,13236.19,-1
2023-08-10,2023-08-10 11:53:00,1237.02,1237.02,1236.88,1236.88,-0.01,10.86,13236.19,-1
2023-08-10,2023-08-10 11:54:00,1236.88,1236.88,1236.75,1236.75,-0.01,10.86,13236.19,-1
2023-08-10,2023-08-10 11:55:00,1236.75,1236.75,1236.61,1236.61,-0.01,10.86,13236.19,-1
2023-08-10,2023-08-10 11:56:00,1236.61,1236.61,1236.47,1236.47,-0.01,10.86,13236.19,-1
2023-08-10,2023-08-10 11:57:00,1236.47,1236.47,1236.33,1236.33,-0.01,10.86,13236.19,-1
2023-08-10,2023-08-10 11:58:00,1236.33,1236.33,1236.19,1236.19,-0.01,10.86,13236.19,-1
2023-08-10,2023-08-10 11:59:00,1236.19,1236.19,1236.05,1236.05,-0.01,10.86,13236.19,-1
2023-08-10,2023-08-10 12:00:00,1236.05,1236.05,1235.91,1235.91,-0.01,10.86,13236.19,-1
2023-08-10,2023-08-10 12:01:00,1235.91,1235.91,1235.77,1235.77,-0.01,10.86,13236.19,-1
2023-08-10,2023-08-10 12:02:00,1235.77,1235.77,1235.63,1235.63,-0.01,10.86,13236.19,-1
2023-08-10,2023-08-10 12:03:00,1235.63,1235.63,1235.49,1235.49,-0.01,10.86,13236.19,-1
2023-08-10,2023-08-10 12:04:00,1235.49,1235.49,1235.35,1235.35,-0.01,10.86,13236.19,-1
2023-08-10,2023-08-10 12:05:00,1235.35,1235.35,1235.22,1235.22,-0.01,10.86,13236.19,-1
2023-08-10,2023-08-10 12:06:00,1235.22,1235.22,1235.08,1235.08,-0.01,10.86,13236.19,-1
2023-08-10,2023-08-10 12:07:00,1235.08,1235.08,1234.94,1234.94,-0.01,10.86,13236.19,-1
2023-08-10,2023-08-10 12:08:00,1234.94,1234.94,1234.8,1234.8,-0.01,10.86,13236.19,-1
2023-08-10,2023-08-10 12:09:00,1234.8,1234.8,1234.66,1234.66,-0.01,10.86,13236.19,-1
2023-08-10,2023-08-10 12:10:00,1234.66,1234.66,1234.52,1234.52,-0.01,10.86,13236.19,-1
2023-08-10,2023-08-10 12:11:00,1234.52,1234.52,1234.38,1234.38,-0.01,10.86,13236.19,-1
2023-08-10,2023-08-10 12:12:00,1234.38,1234.38,1234.24,1234.24,-0.01,10.86,13236.19,-1
2023-08-10,2023-08-10 12:13:00,1234.24,1234.24,1234.1,1234.1,-0.01,10.86,13236.19,-1
2023-08-10,2023-08-10 12:14:00,1234.1,1234.1,1233.96,1233.96,-0.01,10.86,13236.19,-1
2023-08-10,2023-08-10 12:15:00,1233.96,1233.96,1233.82,1233.82,-0.01,10.86,13236.19,-1
2023-08-10,2023-08-10 12:16:00,1233.82,1233.82,1233.68,1233.68,-0.01,10.86,13236.19,-1
2023-08-10,2023-08-10 12:17:00,1233.68,1233.68,1233.55,1233.55,-0.01,10.86,13236.19,-1
2023-08-10,2023-08-10 12:18:00,1233.55,1233.55,1233.41,1233.41,-0.01,10.86,13236.19,-1
2023-08-10,2023-08-10 12:19:00,1233.41,1233.41,1233.27,1233.27,-0.01,10.86,13236.19,-1
2023-08-10,2023-08-10 12:20:00,1233.27,1233.27,1233.13,1233.13,-0.01,10.86,13236.19,-1
2023-08-10,2023-08-10 12:21:00,1233.13,1233.13,1232.99,1232.99,-0.01,10.86,13236.19,-1
2023-08-10,2023-08-10 12:22:00,1232.99,1232.99,1232.85,1232.85,-0.01,10.86,13236.19,-1
2023-08-10,2023-08-10 12:23:00,1232.85,1232.85,1232.71,1232.71,-0.01,10.86,13236.19,-1
2023-08-10,2023-08-10 12:24:00,1232.71,1232.71,1232.57,1232.57,-0.01,10.86,13236.19,-1
2023-08-10,2023-08-10 12:25:00,1232.57,1232.57,1232.43,1232.43,-0.01,10.86,13236.19,-1
2023-08-10,2023-08-10 12:26:00,1232.43,1232.43,1232.29,1232.29,-0.01,10.86,13236.19,-1
2023-08-10,2023-08-10 12:27:00,1232.29,1232.29,1232.15,1232.15,-0.01,10.86,13236.19,-1
2023-08-10,2023-08-10 12:28:00,1232.15,1232.15,1232.01,1232.01,-0.01,10.86,13236.19,-1
2023-08-10,2023-08-10 12:29:00,1232.01,1232.01,1231.88,1231.88,-0.01,10.86,13236.19,-1
2023-08-10,2023-08-10 12:30:00,1231.88,1231.88,1231.74,1231.74,-0.01,10.86,13236.19,-1
2023-08-10,2023-08-10 12:31:00,1231.74,1231.74,1231.6,1231.6,-0.01,10.86,13236.19,-1
2023-08-10,2023-08-10 12:32:00,1231.6,1231.6,1231.46,1231.46,-0.01,10.86,13236.19,-1
2023-08-10,2023-08-10 12:33:00,1231.46,1231.46,1231.32,1231.32,-0.01,10.86,13236.19,-1
2023-08-10,2023-08-10 12:34:00,1231.32,1231.32,1231.18,1231.18,-0.01,10.86,13236.19,-1
2023-08-10,2023-08-10 12:35:00,1231.18,1231.18,1231.04,1231.04,-0.01,10.86,13236.19,-1
2023-08-10,2023-08-10 12:36:00,1231.04,1231.04,1230.9,1230.9,-0.01,10.86,13236.19,-1
2023-08-10,2023-08-10 12:37:00,1230.9,1230.9,1230.76,1230.76,-0.01,10.86,13236.19,-1
2023-08-10,2023-08-10 12:38:00,1230.76,1230.76,1230.62,1230.62,-0.01,10.86,13236.19,-1
2023-08-10,2023-08-10 12:39:00,1230.62,1230.62,1230.48,1230.48,-0.01,10.86,13236.19,-1
2023-08-10,2023-08-10 12:40:00,1230.48,1230.48,1230.34,1230.34,-0.01,10.86,13236.19,-1
2023-08-10,2023-08-10 12:41:00,1230.34,1230.34,1230.21,1230.21,-0.01,10.86,13236.19,-1
2023-08-10,2023-08-10 12:42:00,1230.21,1230.21,1230.07,1230.07,-0.01,10.86,13236.19,-1
2023-08-10,2023-08-10 12:43:00,1230.07,1230.07,1229.93,1229.93,-0.01,10.86,13236.19,-1
2023-08-10,2023-08-10 12:44:00,1229.93,1229.93,1229.79,1229.79,-0.01,10.86,13236.19,-1
2023-08-10,2023-08-10 12:45:00,1229.79,1229.79,1229.65,1229.65,-0.01,10.86,13236.19,-1
2023-08-10,2023-08-10 12:46:00,1229.65,1229.65,1229.51,1229.51,-0.01,10.86,13236.19,-1
2023-08-10,2023-08-10 12:47:00,1229.51,1229.51,1229.37,1229.37,-0.01,10.86,13236.19,-1
2023-08-10,2023-08-10 12:48:00,1229.37,1229.37,1229.23,1229.23,-0.01,10.86,13236.19,-1
2023-08-10,2023-08-10 12:49:00,1229.23,1229.23,1229.09,1229.09,-0.01,10.86,13236.19,-1
2023-08-10,2023-08-10 12:50:00,1229.09,1229.09,1228.95,1228.95,-0.01,10.86,13236.19,-1
2023-08-10,2023-08-10 12:51:00,1228.95,1228.95,1228.81,1228.81,-0.01,10.86,13236.19,-1
2023-08-10,2023-08-10 12:52:00,1228.81,1228.81,1228.67,1228.67,-0.01,10.86,13236.19,-1
2023-08-10,2023-08-10 12:53:00,1228.67,1228.67,1228.54,1228.54,-0.01,10.86,13236.19,-1
2023-08-10,2023-08-10 12:54:00,1228.54,1228.54,1228.4,1228.4,-0.01,10.86,13236.19,-1
2023-08-10,2023-08-10 12:55:00,1228.4,1228.4,1228.26,1228.26,-0.01,10.86,13236.19,-1
2023-08-10,2023-08-10 12:56:00,1228.26,1228.26,1228.12,1228.12,-0.01,10.86,13236.19,-1
2023-08-10,2023-08-10 12:57:00,1228.12,1228.12,1227.98,1227.98,-0.01,10.86,13236.19,-1
2023-08-10,2023-08-10 12:58:00,1227.98,1227.98,1227.84,1227.84,-0.01,10.86,13236.19,-1
2023-08-10,2023-08-10 12:59:00,1227.84,1227.84,1227.7,1227.7,-0.01,10.86,13236.19,-1
2023-08-10,2023-08-10 13:00:00,1227.7,1244.4,1200.0,1227.56,-0.01,10.86,13236.19,-1
2023-08-10,2023-08-10 13:01:00,1227.56,1227.56,1227.42,1227.42,-0.01,10.86,13236.19,-1
2023-08-10,2023-08-10 13:02:00,1227.42,1227.42,1227.28,1227.28,-0.01,10.86,13236.19,-1
2023-08-10,2023-08-10 13:03:00,1227.28,1227.28,1227.14,1227.14,-0.01,10.86,13236.19,-1
2023-08-10,2023-08-10 13:04:00,1227.14,1227.14,1227.0,1227.0,-0.01,10.86,13236.19,-1
2023-08-10,2023-08-10 13:05:00,1227.0,1227.0,1226.87,1226.87,-0.01,10.86,13236.19,-1
2023-08-10,2023-08-10 13:06:00,1226.87,1226.87,1226.73,1226.73,-0.01,10.86,13236.19,-1
2023-08-10,2023-08-10 13:07:00,1226.73,1226.73,1226.59,1226.59,-0.01,10.86,13236.19,-1
2023-08-10,2023-08-10 13:08:00,1226.59,1226.59,1226.45,1226.45,-0.01,10.86,13236.19,-1
2023-08-10,2023-08-10 13:09:00,1226.45,1226.45,1226.31,1226.31,-0.01,10.86,13236.19,-1
2023-08-10,2023-08-10 13:10:00,1226.31,1226.31,1226.17,1226.17,-0.01,10.86,13236.19,-1
2023-08-10,2023-08-10 13:11:00,1226.17,1226.17,1226.03,1226.03,-0.01,10.86,13236.19,-1
2023-08-10,2023-08-10 13:12:00,1226.03,1226.03,1225.89,1225.89,-0.01,10.86,13236.19,-1
2023-08-10,2023-08-10 13:13:00,1225.89,1225.89,1225.75,1225.75,-0.01,10.86,13236.19,-1
2023-08-10,2023-08-10 13:14:00,1225.75,1225.75,1225.61,1225.61,-0.01,10.86,13236.19,-1
2023-08-10,2023-08-10 13:15:00,1225.61,1225.61,1225.47,1225.47,-0.01,10.86,13236.19,-1
2023-08-10,2023-08-10 13:16:00,1225.47,1225.47,1225.33,1225.33,-0.01,10.86,13236.19,-1
2023-08-10,2023-08-10 13:17:00,1225.33,1225.33,1225.19,1225.19,-0.01,10.86,13236.19,-1
2023-08-10,2023-08-10 13:18:00,1225.19,1225.19,1225.06,1225.06,-0.01,10.86,13236.19,-1
2023-08-10,2023-08-10 13:19:00,1225.06,1225.06,1224.92,1224.92,-0.01,10.86,13236.19,-1
2023-08-10,2023-08-10 13:20:00,1224.92,1224.92,1224.78,1224.78,-0.01,10.86,13236.19,-1
2023-08-10,2023-08-10 13:21:00,1224.78,1224.78,1224.64,1224.64,-0.01,10.86,13236.19,-1
2023-08-10,2023-08-10 13:22:00,1224.64,1224.64,1224.5,1224.5,-0.01,10.86,13236.19,-1
2023-08-10,2023-08-10 13:23:00,1224.5,1224.5,1224.36,1224.36,-0.01,10.86,13236.19,-1
2023-08-10,2023-08-10 13:24:00,1224.36,1224.36,1224.22,1224.22,-0.01,10.86,13236.19,-1
2023-08-10,2023-08-10 13:25:00,1224.22,1224.22,1224.08,1224.08,-0.01,10.86,13236.19,-1
2023-08-10,2023-08-10 13:26:00,1224.08,1224.08,1223.94,1223.94,-0.01,10.86,13236.19,-1
2023-08-10,2023-08-10 13:27:00,1223.94,1223.94,1223.8,1223.8,-0.01,10.86,13236.19,-1
2023-08-10,2023-08-10 13:28:00,1223.8,1223.8,1223.66,1223.66,-0.01,10.86,13236.19,-1
2023-08-10,2023-08-10 13:29:00,1223.66,1223.66,1223.53,1223.53,-0.01,10.86,13236.19,-1
2023-08-10,2023-08-10 13:30:00,1223.53,1223.53,1223.39,1223.39,-0.01,10.86,13236.19,-1
2023-08-10,2023-08-10 13:31:00,1223.39,1223.39,1223.25,1223.25,-0.01,10.86,13236.19,-1
2023-08-10,2023-08-10 13:32:00,1223.25,1223.25,1223.11,1223.11,-0.01,10.86,13236.19,-1
2023-08-10,2023-08-10 13:33:00,1223.11,1223.11,1222.97,1222.97,-0.01,10.86,13236.19,-1
2023-08-10,2023-08-10 13:34:00,1222.97,1222.97,1222.83,1222.83,-0.01,10.86,13236.19,-1
2023-08-10,2023-08-10 13:35:00,1222.83,1222.83,1222.69,1222.69,-0.01,10.86,13236.19,-1
2023-08-10,2023-08-10 13:36:00,1222.69,1222.69,1222.55,1222.55,-0.01,10.86,13236.19,-1
2023-08-10,2023-08-10 13:37:00,1222.55,1222.55,1222.41,1222.41,-0.01,10.86,13236.19,-1
2023-08-10,2023-08-10 13:38:00,1222.41,1222.41,1222.27,1222.27,-0.01,10.86,13236.19,-1
2023-08-10,2023-08-10 13:39:00,1222.27,1222.27,1222.13,1222.13,-0.01,10.86,13236.19,-1
2023-08-10,2023-08-10 13:40:00,1222.13,1222.13,1221.99,1221.99,-0.01,10.86,13236.19,-1
2023-08-10,2023-08-10 13:41:00,1221.99,1221.99,1221.86,1221.86,-0.01,10.86,13236.19,-1
2023-08-10,2023-08-10 13:42:00,1221.86,1221.86,1221.72,1221.72,-0.01,10.86,13236.19,-1
2023-08-10,2023-08-10 13:43:00,1221.72,1221.72,1221.58,1221.58,-0.01,10.86,13236.19,-1
2023-08-10,2023-08-10 13:44:00,1221.58,1221.58,1221.44,1221.44,-0.01,10.86,13236.19,-1
2023-08-10,2023-08-10 13:45:00,1221.44,1221.44,1221.3,1221.3,-0.01,10.86,13236.19,-1
2023-08-10,2023-08-10 13:46:00,1221.3,1221.3,1221.16,1221.16,-0.01,10.86,13236.19,-1
2023-08-10,2023-08-10 13:47:00,1221.16,1221.16,1221.02,1221.02,-0.01,10.86,13236.19,-1
2023-08-10,2023-08-10 13:48:00,1221.02,1221.02,1220.88,1220.88,-0.01,10.86,13236.19,-1
2023-08-10,2023-08-10 13:49:00,1220.88,1220.88,1220.74,1220.74,-0.01,10.86,13236.19,-1
2023-08-10,2023-08-10 13:50:00,1220.74,1220.74,1220.6,1220.6,-0.01,10.86,13236.19,-1
2023-08-10,2023-08-10 13:51:00,1220.6,1220.6,1220.46,1220.46,-0.01,10.86,13236.19,-1
2023-08-10,2023-08-10 13:52:00,1220.46,1220.46,1220.32,1220.32,-0.01,10.86,13236.19,-1
2023-08-10,2023-08-10 13:53:00,1220.32,1220.32,1220.18,1220.18,-0.01,10.86,13236.19,-1
2023-08-10,2023-08-10 13:54:00,1220.18,1220.18,1220.05,1220.05,-0.01,10.86,13236.19,-1
2023-08-10,2023-08-10 13:55:00,1220.05,1220.05,1219.91,1219.91,-0.01,10.86,13236.19,-1
2023-08-10,2023-08-10 13:56:00,1219.91,1219.91,1219.77,1219.77,-0.01,10.86,13236.19,-1
2023-08-10,2023-08-10 13:57:00,1219.77,1219.77,1219.63,1219.63,-0.01,10.86,13236.19,-1
2023-08-10,2023-08-10 13:58:00,1219.63,1219.63,1219.49,1219.49,-0.01,10.86,13236.19,-1
2023-08-10,2023-08-10 13:59:00,1219.49,1219.49,1219.35,1219.35,-0.01,10.86,13236.19,-1
2023-08-10,2023-08-10 14:00:00,1219.35,1219.35,1219.21,1219.21,-0.01,10.86,13236.19,-1
2023-08-10,2023-08-10 14:01:00,1219.21,1219.21,1219.07,1219.07,-0.01,10.86,13236.19,-1
2023-08-10,2023-08-10 14:02:00,1219.07,1219.07,1218.93,1218.93,-0.01,10.86,13236.19,-1
2023-08-10,2023-08-10 14:03:00,1218.93,1218.93,1218.79,1218.79,-0.01,10.86,13236.19,-1
2023-08-10,2023-08-10 14:04:00,1218.79,1218.79,1218.65,1218.65,-0.01,10.86,13236.19,-1
2023-08-10,2023-08-10 14:05:00,1218.65,1218.65,1218.52,1218.52,-0.01,10.86,13236.19,-1
2023-08-10,2023-08-10 14:06:00,1218.52,1218.52,1218.38,1218.38,-0.01,10.86,13236.19,-1
2023-08-10,2023-08-10 14:07:00,1218.38,1218.38,1218.24,1218.24,-0.01,10.86,13236.19,-1
2023-08-10,2023-08-10 14:08:00,1218.24,1218.24,1218.1,1218.1,-0.01,10.86,13236.19,-1
2023-08-10,2023-08-10 14:09:00,1218.1,1218.1,1217.96,1217.96,-0.01,10.86,13236.19,-1
2023-08-10,2023-08-10 14:10:00,1217.96,1217.96,1217.82,1217.82,-0.01,10.86,13236.19,-1
2023-08-10,2023-08-10 14:11:00,1217.82,1217.82,1217.68,1217.68,-0.01,10.86,13236.19,-1
2023-08-10,2023-08-10 14:12:00,1217.68,1217.68,1217.54,1217.54,-0.01,10.86,13236.19,-1
2023-08-10,2023-08-10 14:13:00,1217.54,1217.54,1217.4,1217.4,-0.01,10.86,13236.19,-1
2023-08-10,2023-08-10 14:14:00,1217.4,1217.4,1217.26,1217.26,-0.01,10.86,13236.19,-1
2023-08-10,2023-08-10 14:15:00,1217.26,1217.26,1217.12,1217.12,-0.01,10.86,13236.19,-1
2023-08-10,2023-08-10 14:16:00,1217.12,1217.12,1216.98,1216.98,-0.01,10.86,13236.19,-1
2023-08-10,2023-08-10 14:17:00,1216.98,1216.98,1216.85,1216.85,-0.01,10.86,13236.19,-1
2023-08-10,2023-08-10 14:18:00,1216.85,1216.85,1216.71,1216.71,-0.01,10.86,13236.19,-1
2023-08-10,2023-08-10 14:19:00,1216.71,1216.71,1216.57,1216.57,-0.01,10.86,13236.19,-1
2023-08-10,2023-08-10 14:20:00,1216.57,1216.57,1216.43,1216.43,-0.01,10.86,13236.19,-1
2023-08-10,2023-08-10 14:21:00,1216.43,1216.43,1216.29,1216.29,-0.01,10.86,13236.19,-1
2023-08-10,2023-08-10 14:22:00,1216.29,1216.29,1216.15,1216.15,-0.01,10.86,13236.19,-1
2023-08-10,2023-08-10 14:23:00,1216.15,1216.15,1216.01,1216.01,-0.01,10.86,13236.19,-1
2023-08-10,2023-08-10 14:24:00,1216.01,1216.01,1215.87,1215.87,-0.01,10.86,13236.19,-1
2023-08-10,2023-08-10 14:25:00,1215.87,1215.87,1215.73,1215.73,-0.01,10.86,13236.19,-1
2023-08-10,2023-08-10 14:26:00,1215.73,1215.73,1215.59,1215.59,-0.01,10.86,13236.19,-1
2023-08-10,2023-08-10 14:27:00,1215.59,1215.59,1215.45,1215.45,-0.01,10.86,13236.19,-1
2023-08-10,2023-08-10 14:28:00,1215.45,1215.45,1215.31,1215.31,-0.01,10.86,13236.19,-1
2023-08-10,2023-08-10 14:29:00,1215.31,1215.31,1215.17,1215.17,-0.01,10.86,13236.19,-1
2023-08-10,2023-08-10 14:30:00,1215.17,1215.17,1215.04,1215.04,-0.01,10.86,13236.19,-1
2023-08-10,2023-08-10 14:31:00,1215.04,1215.04,1214.9,1214.9,-0.01,10.86,13236.19,-1
2023-08-10,2023-08-10 14:32:00,1214.9,1214.9,1214.76,1214.76,-0.01,10.86,13236.19,-1
2023-08-10,2023-08-10 14:33:00,1214.76,1214.76,1214.62,1214.62,-0.01,10.86,13236.19,-1
2023-08-10,2023-08-10 14:34:00,1214.62,1214.62,1214.48,1214.48,-0.01,10.86,13236.19,-1
2023-08-10,2023-08-10 14:35:00,1214.48,1214.48,1214.34,1214.34,-0.01,10.86,13236.19,-1
2023-08-10,2023-08-10 14:36:00,1214.34,1214.34,1214.2,1214.2,-0.01,10.86,13236.19,-1
2023-08-10,2023-08-10 14:37:00,1214.2,1214.2,1214.06,1214.06,-0.01,10.86,13236.19,-1
2023-08-10,2023-08-10 14:38:00,1214.06,1214.06,1213.92,1213.92,-0.01,10.86,13236.19,-1
2023-08-10,2023-08-10 14:39:00,1213.92,1213.92,1213.78,1213.78,-0.01,10.86,13236.19,-1
2023-08-10,2023-08-10 14:40:00,1213.78,1213.78,1213.64,1213.64,-0.01,10.86,13236.19,-1
2023-08-10,2023-08-10 14:41:00,1213.64,1213.64,1213.51,1213.51,-0.01,10.86,13236.19,-1
2023-08-10,2023-08-10 14:42:00,1213.51,1213.51,1213.37,1213.37,-0.01,10.86,13236.19,-1
2023-08-10,2023-08-10 14:43:00,1213.37,1213.37,1213.23,1213.23,-0.01,10.86,13236.19,-1
2023-08-10,2023-08-10 14:44:00,1213.23,1213.23,1213.09,1213.09,-0.01,10.86,13236.19,-1
2023-08-10,2023-08-10 14:45:00,1213.09,1213.09,1212.95,1212.95,-0.01,10.86,13236.19,-1
2023-08-10,2023-08-10 14:46:00,1212.95,1212.95,1212.81,1212.81,-0.01,10.86,13236.19,-1
2023-08-10,2023-08-10 14:47:00,1212.81,1212.81,1212.67,1212.67,-0.01,10.86,13236.19,-1
2023-08-10,2023-08-10 14:48:00,1212.67,1212.67,1212.53,1212.53,-0.01,10.86,13236.19,-1
2023-08-10,2023-08-10 14:49:00,1212.53,1212.53,1212.39,1212.39,-0.01,10.86,13236.19,-1
2023-08-10,2023-08-10 14:50:00,1212.39,1212.39,1212.25,1212.25,-0.01,10.86,13236.19,-1
2023-08-10,2023-08-10 14:51:00,1212.25,1212.25,1212.11,1212.11,-0.01,10.86,13236.19,-1
2023-08-10,2023-08-10 14:52:00,1212.11,1212.11,1211.97,1211.97,-0.01,10.86,13236.19,-1
2023-08-10,2023-08-10 14:53:00,1211.97,1211.97,1211.84,1211.84,-0.01,10.86,13236.19,-1
2023-08-10,2023-08-10 14:54:00,1211.84,1211.84,1211.7,1211.7,-0.01,10.86,13236.19,-1
2023-08-10,2023-08-10 14:55:00,1211.7,1211.7,1211.56,1211.56,-0.01,10.86,13236.19,-1
2023-08-10,2023-08-10 14:56:00,1211.56,1211.56,1211.42,1211.42,-0.01,10.86,13236.19,-1
2023-08-10,2023-08-10 14:57:00,1211.42,1211.42,1211.28,1211.28,-0.01,10.86,13236.19,-1
2023-08-10,2023-08-10 14:58:00,1211.28,1211.28,1211.14,1211.14,-0.01,10.86,13236.19,-1
2023-08-10,2023-08-10 14:59:00,1211.14,1211.14,1211.0,1211.0,-0.01,10.86,13236.19,-1
2023-08-10,2023-08-10 15:00:00,1211.0,1244.4,1200.0,1211.0,0.0,10.86,13236.19,0
2023-08-13,2023-08-13 11:00:00,1234.0,1234.0,1221.43,1233.9,-0.01,5.8,6976.6,-1
2023-08-13,2023-08-13 11:01:00,1233.9,1233.9,1233.8,1233.8,-0.01,5.8,6976.6,-1
2023-08-13,2023-08-13 11:02:00,1233.8,1233.8,1233.7,1233.7,-0.01,5.8,6976.6,-1
2023-08-13,2023-08-13 11:03:00,1233.7,1233.7,1233.6,1233.6,-0.01,5.8,6976.6,-1
2023-08-13,2023-08-13 11:04:00,1233.6,1233.6,1233.5,1233.5,-0.01,5.8,6976.6,-1
2023-08-13,2023-08-13 11:05:00,1233.5,1233.5,1233.4,1233.4,-0.01,5.8,6976.6,-1
2023-08-13,2023-08-13 11:06:00,1233.4,1233.4,1233.3,1233.3,-0.01,5.8,6976.6,-1
2023-08-13,2023-08-13 11:07:00,1233.3,1233.3,1233.2,1233.2,-0.01,5.8,6976.6,-1
2023-08-13,2023-08-13 11:08:00,1233.2,1233.2,1233.1,1233.1,-0.01,5.8,6976.6,-1
2023-08-13,2023-08-13 11:09:00,1233.1,1233.1,1233.0,1233.0,-0.01,5.8,6976.6,-1
2023-08-13,2023-08-13 11:10:00,1233.0,1233.0,1232.9,1232.9,-0.01,5.8,6976.6,-1
2023-08-13,2023-08-13 11:11:00,1232.9,1232.9,1232.8,1232.8,-0.01,5.8,6976.6,-1
2023-08-13,2023-08-13 11:12:00,1232.8,1232.8,1232.7,1232.7,-0.01,5.8,6976.6,-1
2023-08-13,2023-08-13 11:13:00,1232.7,1232.7,1232.6,1232.6,-0.01,5.8,6976.6,-1
2023-08-13,2023-08-13 11:14:00,1232.6,1232.6,1232.5,1232.5,-0.01,5.8,6976.6,-1
2023-08-13,2023-08-13 11:15:00,1232.5,1232.5,1232.4,1232.4,-0.01,5.8,6976.6,-1
2023-08-13,2023-08-13 11:16:00,1232.4,1232.4,1232.3,1232.3,-0.01,5.8,6976.6,-1
2023-08-13,2023-08-13 11:17:00,1232.3,1232.3,1232.2,1232.2,-0.01,5.8,6976.6,-1
2023-08-13,2023-08-13 11:18:00,1232.2,1232.2,1232.1,1232.1,-0.01,5.8,6976.6,-1
2023-08-13,2023-08-13 11:19:00,1232.1,1232.1,1232.0,1232.0,-0.01,5.8,6976.6,-1
2023-08-13,2023-08-13 11:20:00,1232.0,1232.0,1231.9,1231.9,-0.01,5.8,6976.6,-1
2023-08-13,2023-08-13 11:21:00,1231.9,1231.9,1231.8,1231.8,-0.01,5.8,6976.6,-1
2023-08-13,2023-08-13 11:22:00,1231.8,1231.8,1231.7,1231.7,-0.01,5.8,6976.6,-1
2023-08-13,2023-08-13 11:23:00,1231.7,1231.7,1231.6,1231.6,-0.01,5.8,6976.6,-1
2023-08-13,2023-08-13 11:24:00,1231.6,1231.6,1231.5,1231.5,-0.01,5.8,6976.6,-1
2023-08-13,2023-08-13 11:25:00,1231.5,1231.5,1231.4,1231.4,-0.01,5.8,6976.6,-1
2023-08-13,2023-08-13 11:26:00,1231.4,1231.4,1231.3,1231.3,-0.01,5.8,6976.6,-1
2023-08-13,2023-08-13 11:27:00,1231.3,1231.3,1231.2,1231.2,-0.01,5.8,6976.6,-1
2023-08-13,2023-08-13 11:28:00,1231.2,1231.2,1231.1,1231.1,-0.01,5.8,6976.6,-1
2023-08-13,2023-08-13 11:29:00,1231.1,1231.1,1231.0,1231.0,-0.01,5.8,6976.6,-1
2023-08-13,2023-08-13 11:30:00,1231.0,1231.0,1230.9,1230.9,-0.01,5.8,6976.6,-1
2023-08-13,2023-08-13 11:31:00,1230.9,1230.9,1230.8,1230.8,-0.01,5.8,6976.6,-1
2023-08-13,2023-08-13 11:32:00,1230.8,1230.8,1230.7,1230.7,-0.01,5.8,6976.6,-1
2023-08-13,2023-08-13 11:33:00,1230.7,1230.7,1230.6,1230.6,-0.01,5.8,6976.6,-1
2023-08-13,2023-08-13 11:34:00,1230.6,1230.6,1230.5,1230.5,-0.01,5.8,6976.6,-1
2023-08-13,2023-08-13 11:35:00,1230.5,1230.5,1230.4,1230.4,-0.01,5.8,6976.6,-1
2023-08-13,2023-08-13 11:36:00,1230.4,1230.4,1230.3,1230.3,-0.01,5.8,6976.6,-1
2023-08-13,2023-08-13 11:37:00,1230.3,1230.3,1230.2,1230.2,-0.01,5.8,6976.6,-1
2023-08-13,2023-08-13 11:38:00,1230.2,1230.2,1230.1,1230.1,-0.01,5.8,6976.6,-1
2023-08-13,2023-08-13 11:39:00,1230.1,1230.1,1230.0,1230.0,-0.01,5.8,6976.6,-1
2023-08-13,2023-08-13 11:40:00,1230.0,1230.0,1229.9,1229.9,-0.01,5.8,6976.6,-1
2023-08-13,2023-08-13 11:41:00,1229.9,1229.9,1229.8,1229.8,-0.01,5.8,6976.6,-1
2023-08-13,2023-08-13 11:42:00,1229.8,1229.8,1229.7,1229.7,-0.01,5.8,6976.6,-1
2023-08-13,2023-08-13 11:43:00,1229.7,1229.7,1229.6,1229.6,-0.01,5.8,6976.6,-1
2023-08-13,2023-08-13 11:44:00,1229.6,1229.6,1229.5,1229.5,-0.01,5.8,6976.6,-1
2023-08-13,2023-08-13 11:45:00,1229.5,1229.5,1229.4,1229.4,-0.01,5.8,6976.6,-1
2023-08-13,2023-08-13 11:46:00,1229.4,1229.4,1229.3,1229.3,-0.01,5.8,6976.6,-1
2023-08-13,2023-08-13 11:47:00,1229.3,1229.3,1229.2,1229.2,-0.01,5.8,6976.6,-1
2023-08-13,2023-08-13 11:48:00,1229.2,1229.2,1229.1,1229.1,-0.01,5.8,6976.6,-1
2023-08-13,2023-08-13 11:49:00,1229.1,1229.1,1229.0,1229.0,-0.01,5.8,6976.6,-1
2023-08-13,2023-08-13 11:50:00,1229.0,1229.0,1228.9,1228.9,-0.01,5.8,6976.6,-1
2023-08-13,2023-08-13 11:51:00,1228.9,1228.9,1228.8,1228.8,-0.01,5.8,6976.6,-1
2023-08-13,2023-08-13 11:52:00,1228.8,1228.8,1228.7,1228.7,-0.01,5.8,6976.6,-1
2023-08-13,2023-08-13 11:53:00,1228.7,1228.7,1228.6,1228.6,-0.01,5.8,6976.6,-1
2023-08-13,2023-08-13 11:54:00,1228.6,1228.6,1228.5,1228.5,-0.01,5.8,6976.6,-1
2023-08-13,2023-08-13 11:55:00,1228.5,1228.5,1228.4,1228.4,-0.01,5.8,6976.6,-1
2023-08-13,2023-08-13 11:56:00,1228.4,1228.4,1228.3,1228.3,-0.01,5.8,6976.6,-1
2023-08-13,2023-08-13 11:57:00,1228.3,1228.3,1228.2,1228.2,-0.01,5.8,6976.6,-1
2023-08-13,2023-08-13 11:58:00,1228.2,1228.2,1228.1,1228.1,-0.01,5.8,6976.6,-1
2023-08-13,2023-08-13 11:59:00,1228.1,1228.1,1228.0,1228.0,-0.01,5.8,6976.6,-1
2023-08-13,2023-08-13 12:00:00,1228.0,1228.0,1227.9,1227.9,-0.01,5.8,6976.6,-1
2023-08-13,2023-08-13 12:01:00,1227.9,1227.9,1227.8,1227.8,-0.01,5.8,6976.6,-1
2023-08-13,2023-08-13 12:02:00,1227.8,1227.8,1227.7,1227.7,-0.01,5.8,6976.6,-1
2023-08-13,2023-08-13 12:03:00,1227.7,1227.7,1227.6,1227.6,-0.01,5.8,6976.6,-1
2023-08-13,2023-08-13 12:04:00,1227.6,1227.6,1227.5,1227.5,-0.01,5.8,6976.6,-1
2023-08-13,2023-08-13 12:05:00,1227.5,1227.5,1227.4,1227.4,-0.01,5.8,6976.6,-1
2023-08-13,2023-08-13 12:06:00,1227.4,1227.4,1227.3,1227.3,-0.01,5.8,6976.6,-1
2023-08-13,2023-08-13 12:07:00,1227.3,1227.3,1227.2,1227.2,-0.01,5.8,6976.6,-1
2023-08-13,2023-08-13 12:08:00,1227.2,1227.2,1227.1,1227.1,-0.01,5.8,6976.6,-1
2023-08-13,2023-08-13 12:09:00,1227.1,1227.1,1227.0,1227.0,-0.01,5.8,6976.6,-1
2023-08-13,2023-08-13 12:10:00,1227.0,1227.0,1226.9,1226.9,-0.01,5.8,6976.6,-1
2023-08-13,2023-08-13 12:11:00,1226.9,1226.9,1226.8,1226.8,-0.01,5.8,6976.6,-1
2023-08-13,2023-08-13 12:12:00,1226.8,1226.8,1226.7,1226.7,-0.01,5.8,6976.6,-1
2023-08-13,2023-08-13 12:13:00,1226.7,1226.7,1226.6,1226.6,-0.01,5.8,6976.6,-1
2023-08-13,2023-08-13 12:14:00,1226.6,1226.6,1226.5,1226.5,-0.01,5.8,6976.6,-1
2023-08-13,2023-08-13 12:15:00,1226.5,1226.5,1226.4,1226.4,-0.01,5.8,6976.6,-1
2023-08-13,2023-08-13 12:16:00,1226.4,1226.4,1226.3,1226.3,-0.01,5.8,6976.6,-1
2023-08-13,2023-08-13 12:17:00,1226.3,1226.3,1226.2,1226.2,-0.01,5.8,6976.6,-1
2023-08-13,2023-08-13 12:18:00,1226.2,1226.2,1226.1,1226.1,-0.01,5.8,6976.6,-1
2023-08-13,2023-08-13 12:19:00,1226.1,1226.1,1226.0,1226.0,-0.01,5.8,6976.6,-1
2023-08-13,2023-08-13 12:20:00,1226.0,1226.0,1225.9,1225.9,-0.01,5.8,6976.6,-1
2023-08-13,2023-08-13 12:21:00,1225.9,1225.9,1225.8,1225.8,-0.01,5.8,6976.6,-1
2023-08-13,2023-08-13 12:22:00,1225.8,1225.8,1225.7,1225.7,-0.01,5.8,6976.6,-1
2023-08-13,2023-08-13 12:23:00,1225.7,1225.7,1225.6,1225.6,-0.01,5.8,6976.6,-1
2023-08-13,2023-08-13 12:24:00,1225.6,1225.6,1225.5,1225.5,-0.01,5.8,6976.6,-1
2023-08-13,2023-08-13 12:25:00,1225.5,1225.5,1225.4,1225.4,-0.01,5.8,6976.6,-1
2023-08-13,2023-08-13 12:26:00,1225.4,1225.4,1225.3,1225.3,-0.01,5.8,6976.6,-1
2023-08-13,2023-08-13 12:27:00,1225.3,1225.3,1225.2,1225.2,-0.01,5.8,6976.6,-1
2023-08-13,2023-08-13 12:28:00,1225.2,1225.2,1225.1,1225.1,-0.01,5.8,6976.6,-1
2023-08-13,2023-08-13 12:29:00,1225.1,1225.1,1225.0,1225.0,-0.01,5.8,6976.6,-1
2023-08-13,2023-08-13 12:30:00,1225.0,1225.0,1224.9,1224.9,-0.01,5.8,6976.6,-1
2023-08-13,2023-08-13 12:31:00,1224.9,1224.9,1224.8,1224.8,-0.01,5.8,6976.6,-1
2023-08-13,2023-08-13 12:32:00,1224.8,1224.8,1224.7,1224.7,-0.01,5.8,6976.6,-1
2023-08-13,2023-08-13 12:33:00,1224.7,1224.7,1224.6,1224.6,-0.01,5.8,6976.6,-1
2023-08-13,2023-08-13 12:34:00,1224.6,1224.6,1224.5,1224.5,-0.01,5.8,6976.6,-1
2023-08-13,2023-08-13 12:35:00,1224.5,1224.5,1224.4,1224.4,-0.01,5.8,6976.6,-1
2023-08-13,2023-08-13 12:36:00,1224.4,1224.4,1224.3,1224.3,-0.01,5.8,6976.6,-1
2023-08-13,2023-08-13 12:37:00,1224.3,1224.3,1224.2,1224.2,-0.01,5.8,6976.6,-1
2023-08-13,2023-08-13 12:38:00,1224.2,1224.2,1224.1,1224.1,-0.01,5.8,6976.6,-1
2023-08-13,2023-08-13 12:39:00,1224.1,1224.1,1224.0,1224.0,-0.01,5.8,6976.6,-1
2023-08-13,2023-08-13 12:40:00,1224.0,1224.0,1223.9,1223.9,-0.01,5.8,6976.6,-1
2023-08-13,2023-08-13 12:41:00,1223.9,1223.9,1223.8,1223.8,-0.01,5.8,6976.6,-1
2023-08-13,2023-08-13 12:42:00,1223.8,1223.8,1223.7,1223.7,-0.01,5.8,6976.6,-1
2023-08-13,2023-08-13 12:43:00,1223.7,1223.7,1223.6,1223.6,-0.01,5.8,6976.6,-1
2023-08-13,2023-08-13 12:44:00,1223.6,1223.6,1223.5,1223.5,-0.01,5.8,6976.6,-1
2023-08-13,2023-08-13 12:45:00,1223.5,1223.5,1223.4,1223.4,-0.01,5.8,6976.6,-1
2023-08-13,2023-08-13 12:46:00,1223.4,1223.4,1223.3,1223.3,-0.01,5.8,6976.6,-1
2023-08-13,2023-08-13 12:47:00,1223.3,1223.3,1223.2,1223.2,-0.01,5.8,6976.6,-1
2023-08-13,2023-08-13 12:48:00,1223.2,1223.2,1223.1,1223.1,-0.01,5.8,6976.6,-1
2023-08-13,2023-08-13 12:49:00,1223.1,1223.1,1223.0,1223.0,-0.01,5.8,6976.6,-1
2023-08-13,2023-08-13 12:50:00,1223.0,1223.0,1222.9,1222.9,-0.01,5.8,6976.6,-1
2023-08-13,2023-08-13 12:51:00,1222.9,1222.9,1222.8,1222.8,-0.01,5.8,6976.6,-1
2023-08-13,2023-08-13 12:52:00,1222.8,1222.8,1222.7,1222.7,-0.01,5.8,6976.6,-1
2023-08-13,2023-08-13 12:53:00,1222.7,1222.7,1222.6,1222.6,-0.01,5.8,6976.6,-1
2023-08-13,2023-08-13 12:54:00,1222.6,1222.6,1222.5,1222.5,-0.01,5.8,6976.6,-1
2023-08-13,2023-08-13 12:55:00,1222.5,1222.5,1222.4,1222.4,-0.01,5.8,6976.6,-1
2023-08-13,2023-08-13 12:56:00,1222.4,1222.4,1222.3,1222.3,-0.01,5.8,6976.6,-1
2023-08-13,2023-08-13 12:57:00,1222.3,1222.3,1222.2,1222.2,-0.01,5.8,6976.6,-1
2023-08-13,2023-08-13 12:58:00,1222.2,1222.2,1222.1,1222.1,-0.01,5.8,6976.6,-1
2023-08-13,2023-08-13 12:59:00,1222.1,1222.1,1222.0,1222.0,-0.01,5.8,6976.6,-1
2023-08-13,2023-08-13 13:00:00,1222.0,1234.0,1192.1,1221.9,-0.01,5.8,6976.6,-1
2023-08-13,2023-08-13 13:01:00,1221.9,1221.9,1221.8,1221.8,-0.01,5.8,6976.6,-1
2023-08-13,2023-08-13 13:02:00,1221.8,1221.8,1221.7,1221.7,-0.01,5.8,6976.6,-1
2023-08-13,2023-08-13 13:03:00,1221.7,1221.7,1221.6,1221.6,-0.01,5.8,6976.6,-1
2023-08-13,2023-08-13 13:04:00,1221.6,1221.6,1221.5,1221.5,-0.01,5.8,6976.6,-1
2023-08-13,2023-08-13 13:05:00,1221.5,1221.5,1221.4,1221.4,-0.01,5.8,6976.6,-1
2023-08-13,2023-08-13 13:06:00,1221.4,1221.4,1221.3,1221.3,-0.01,5.8,6976.6,-1
2023-08-13,2023-08-13 13:07:00,1221.3,1221.3,1221.2,1221.2,-0.01,5.8,6976.6,-1
2023-08-13,2023-08-13 13:08:00,1221.2,1221.2,1221.1,1221.1,-0.01,5.8,6976.6,-1
2023-08-13,2023-08-13 13:09:00,1221.1,1221.1,1221.0,1221.0,-0.01,5.8,6976.6,-1
2023-08-13,2023-08-13 13:10:00,1221.0,1221.0,1220.9,1220.9,-0.01,5.8,6976.6,-1
2023-08-13,2023-08-13 13:11:00,1220.9,1220.9,1220.8,1220.8,-0.01,5.8,6976.6,-1
2023-08-13,2023-08-13 13:12:00,1220.8,1220.8,1220.7,1220.7,-0.01,5.8,6976.6,-1
2023-08-13,2023-08-13 13:13:00,1220.7,1220.7,1220.6,1220.6,-0.01,5.8,6976.6,-1
2023-08-13,2023-08-13 13:14:00,1220.6,1220.6,1220.5,1220.5,-0.01,5.8,6976.6,-1
2023-08-13,2023-08-13 13:15:00,1220.5,1220.5,1220.4,1220.4,-0.01,5.8,6976.6,-1
2023-08-13,2023-08-13 13:16:00,1220.4,1220.4,1220.3,1220.3,-0.01,5.8,6976.6,-1
2023-08-13,2023-08-13 13:17:00,1220.3,1220.3,1220.2,1220.2,-0.01,5.8,6976.6,-1
2023-08-13,2023-08-13 13:18:00,1220.2,1220.2,1220.1,1220.1,-0.01,5.8,6976.6,-1
2023-08-13,2023-08-13 13:19:00,1220.1,1220.1,1220.0,1220.0,-0.01,5.8,6976.6,-1
2023-08-13,2023-08-13 13:20:00,1220.0,1220.0,1219.9,1219.9,-0.01,5.8,6976.6,-1
2023-08-13,2023-08-13 13:21:00,1219.9,1219.9,1219.8,1219.8,-0.01,5.8,6976.6,-1
2023-08-13,2023-08-13 13:22:00,1219.8,1219.8,1219.7,1219.7,-0.01,5.8,6976.6,-1
2023-08-13,2023-08-13 13:23:00,1219.7,1219.7,1219.6,1219.6,-0.01,5.8,6976.6,-1
2023-08-13,2023-08-13 13:24:00,1219.6,1219.6,1219.5,1219.5,-0.01,5.8,6976.6,-1
2023-08-13,2023-08-13 13:25:00,1219.5,1219.5,1219.4,1219.4,-0.01,5.8,6976.6,-1
2023-08-13,2023-08-13 13:26:00,1219.4,1219.4,1219.3,1219.3,-0.01,5.8,6976.6,-1
2023-08-13,2023-08-13 13:27:00,1219.3,1219.3,1219.2,1219.2,-0.01,5.8,6976.6,-1
2023-08-13,2023-08-13 13:28:00,1219.2,1219.2,1219.1,1219.1,-0.01,5.8,6976.6,-1
2023-08-13,2023-08-13 13:29:00,1219.1,1219.1,1219.0,1219.0,-0.01,5.8,6976.6,-1
2023-08-13,2023-08-13 13:30:00,1219.0,1219.0,1218.9,1218.9,-0.01,5.8,6976.6,-1
2023-08-13,2023-08-13 13:31:00,1218.9,1218.9,1218.8,1218.8,-0.01,5.8,6976.6,-1
2023-08-13,2023-08-13 13:32:00,1218.8,1218.8,1218.7,1218.7,-0.01,5.8,6976.6,-1
2023-08-13,2023-08-13 13:33:00,1218.7,1218.7,1218.6,1218.6,-0.01,5.8,6976.6,-1
2023-08-13,2023-08-13 13:34:00,1218.6,1218.6,1218.5,1218.5,-0.01,5.8,6976.6,-1
2023-08-13,2023-08-13 13:35:00,1218.5,1218.5,1218.4,1218.4,-0.01,5.8,6976.6,-1
2023-08-13,2023-08-13 13:36:00,1218.4,1218.4,1218.3,1218.3,-0.01,5.8,6976.6,-1
2023-08-13,2023-08-13 13:37:00,1218.3,1218.3,1218.2,1218.2,-0.01,5.8,6976.6,-1
2023-08-13,2023-08-13 13:38:00,1218.2,1218.2,1218.1,1218.1,-0.01,5.8,6976.6,-1
2023-08-13,2023-08-13 13:39:00,1218.1,1218.1,1218.0,1218.0,-0.01,5.8,6976.6,-1
2023-08-13,2023-08-13 13:40:00,1218.0,1218.0,1217.9,1217.9,-0.01,5.8,6976.6,-1
2023-08-13,2023-08-13 13:41:00,1217.9,1217.9,1217.8,1217.8,-0.01,5.8,6976.6,-1
2023-08-13,2023-08-13 13:42:00,1217.8,1217.8,1217.7,1217.7,-0.01,5.8,6976.6,-1
2023-08-13,2023-08-13 13:43:00,1217.7,1217.7,1217.6,1217.6,-0.01,5.8,6976.6,-1
2023-08-13,2023-08-13 13:44:00,1217.6,1217.6,1217.5,1217.5,-0.01,5.8,6976.6,-1
2023-08-13,2023-08-13 13:45:00,1217.5,1217.5,1217.4,1217.4,-0.01,5.8,6976.6,-1
2023-08-13,2023-08-13 13:46:00,1217.4,1217.4,1217.3,1217.3,-0.01,5.8,6976.6,-1
2023-08-13,2023-08-13 13:47:00,1217.3,1217.3,1217.2,1217.2,-0.01,5.8,6976.6,-1
2023-08-13,2023-08-13 13:48:00,1217.2,1217.2,1217.1,1217.1,-0.01,5.8,6976.6,-1
2023-08-13,2023-08-13 13:49:00,1217.1,1217.1,1217.0,1217.0,-0.01,5.8,6976.6,-1
2023-08-13,2023-08-13 13:50:00,1217.0,1217.0,1216.9,1216.9,-0.01,5.8,6976.6,-1
2023-08-13,2023-08-13 13:51:00,1216.9,1216.9,1216.8,1216.8,-0.01,5.8,6976.6,-1
2023-08-13,2023-08-13 13:52:00,1216.8,1216.8,1216.7,1216.7,-0.01,5.8,6976.6,-1
2023-08-13,2023-08-13 13:53:00,1216.7,1216.7,1216.6,1216.6,-0.01,5.8,6976.6,-1
2023-08-13,2023-08-13 13:54:00,1216.6,1216.6,1216.5,1216.5,-0.01,5.8,6976.6,-1
2023-08-13,2023-08-13 13:55:00,1216.5,1216.5,1216.4,1216.4,-0.01,5.8,6976.6,-1
2023-08-13,2023-08-13 13:56:00,1216.4,1216.4,1216.3,1216.3,-0.01,5.8,6976.6,-1
2023-08-13,2023-08-13 13:57:00,1216.3,1216.3,1216.2,1216.2,-0.01,5.8,6976.6,-1
2023-08-13,2023-08-13 13:58:00,1216.2,1216.2,1216.1,1216.1,-0.01,5.8,6976.6,-1
2023-08-13,2023-08-13 13:59:00,1216.1,1216.1,1216.0,1216.0,-0.01,5.8,6976.6,-1
2023-08-13,2023-08-13 14:00:00,1216.0,1216.0,1215.9,1215.9,-0.01,5.8,6976.6,-1
2023-08-13,2023-08-13 14:01:00,1215.9,1215.9,1215.8,1215.8,-0.01,5.8,6976.6,-1
2023-08-13,2023-08-13 14:02:00,1215.8,1215.8,1215.7,1215.7,-0.01,5.8,6976.6,-1
2023-08-13,2023-08-13 14:03:00,1215.7,1215.7,1215.6,1215.6,-0.01,5.8,6976.6,-1
2023-08-13,2023-08-13 14:04:00,1215.6,1215.6,1215.5,1215.5,-0.01,5.8,6976.6,-1
2023-08-13,2023-08-13 14:05:00,1215.5,1215.5,1215.4,1215.4,-0.01,5.8,6976.6,-1
2023-08-13,2023-08-13 14:06:00,1215.4,1215.4,1215.3,1215.3,-0.01,5.8,6976.6,-1
2023-08-13,2023-08-13 14:07:00,1215.3,1215.3,1215.2,1215.2,-0.01,5.8,6976.6,-1
2023-08-13,2023-08-13 14:08:00,1215.2,1215.2,1215.1,1215.1,-0.01,5.8,6976.6,-1
2023-08-13,2023-08-13 14:09:00,1215.1,1215.1,1215.0,1215.0,-0.01,5.8,6976.6,-1
2023-08-13,2023-08-13 14:10:00,1215.0,1215.0,1214.9,1214.9,-0.01,5.8,6976.6,-1
2023-08-13,2023-08-13 14:11:00,1214.9,1214.9,1214.8,1214.8,-0.01,5.8,6976.6,-1
2023-08-13,2023-08-13 14:12:00,1214.8,1214.8,1214.7,1214.7,-0.01,5.8,6976.6,-1
2023-08-13,2023-08-13 14:13:00,1214.7,1214.7,1214.6,1214.6,-0.01,5.8,6976.6,-1
2023-08-13,2023-08-13 14:14:00,1214.6,1214.6,1214.5,1214.5,-0.01,5.8,6976.6,-1
2023-08-13,2023-08-13 14:15:00,1214.5,1214.5,1214.4,1214.4,-0.01,5.8,6976.6,-1
2023-08-13,2023-08-13 14:16:00,1214.4,1214.4,1214.3,1214.3,-0.01,5.8,6976.6,-1
2023-08-13,2023-08-13 14:17:00,1214.3,1214.3,1214.2,1214.2,-0.01,5.8,6976.6,-1
2023-08-13,2023-08-13 14:18:00,1214.2,1214.2,1214.1,1214.1,-0.01,5.8,6976.6,-1
2023-08-13,2023-08-13 14:19:00,1214.1,1214.1,1214.0,1214.0,-0.01,5.8,6976.6,-1
2023-08-13,2023-08-13 14:20:00,1214.0,1214.0,1213.9,1213.9,-0.01,5.8,6976.6,-1
2023-08-13,2023-08-13 14:21:00,1213.9,1213.9,1213.8,1213.8,-0.01,5.8,6976.6,-1
2023-08-13,2023-08-13 14:22:00,1213.8,1213.8,1213.7,1213.7,-0.01,5.8,6976.6,-1
2023-08-13,2023-08-13 14:23:00,1213.7,1213.7,1213.6,1213.6,-0.01,5.8,6976.6,-1
2023-08-13,2023-08-13 14:24:00,1213.6,1213.6,1213.5,1213.5,-0.01,5.8,6976.6,-1
2023-08-13,2023-08-13 14:25:00,1213.5,1213.5,1213.4,1213.4,-0.01,5.8,6976.6,-1
2023-08-13,2023-08-13 14:26:00,1213.4,1213.4,1213.3,1213.3,-0.01,5.8,6976.6,-1
2023-08-13,2023-08-13 14:27:00,1213.3,1213.3,1213.2,1213.2,-0.01,5.8,6976.6,-1
2023-08-13,2023-08-13 14:28:00,1213.2,1213.2,1213.1,1213.1,-0.01,5.8,6976.6,-1
2023-08-13,2023-08-13 14:29:00,1213.1,1213.1,1213.0,1213.0,-0.01,5.8,6976.6,-1
2023-08-13,2023-08-13 14:30:00,1213.0,1213.0,1212.9,1212.9,-0.01,5.8,6976.6,-1
2023-08-13,2023-08-13 14:31:00,1212.9,1212.9,1212.8,1212.8,-0.01,5.8,6976.6,-1
2023-08-13,2023-08-13 14:32:00,1212.8,1212.8,1212.7,1212.7,-0.01,5.8,6976.6,-1
2023-08-13,2023-08-13 14:33:00,1212.7,1212.7,1212.6,1212.6,-0.01,5.8,6976.6,-1
2023-08-13,2023-08-13 14:34:00,1212.6,1212.6,1212.5,1212.5,-0.01,5.8,6976.6,-1
2023-08-13,2023-08-13 14:35:00,1212.5,1212.5,1212.4,1212.4,-0.01,5.8,6976.6,-1
2023-08-13,2023-08-13 14:36:00,1212.4,1212.4,1212.3,1212.3,-0.01,5.8,6976.6,-1
2023-08-13,2023-08-13 14:37:00,1212.3,1212.3,1212.2,1212.2,-0.01,5.8,6976.6,-1
2023-08-13,2023-08-13 14:38:00,1212.2,1212.2,1212.1,1212.1,-0.01,5.8,6976.6,-1
2023-08-13,2023-08-13 14:39:00,1212.1,1212.1,1212.0,1212.0,-0.01,5.8,6976.6,-1
2023-08-13,2023-08-13 14:40:00,1212.0,1212.0,1211.9,1211.9,-0.01,5.8,6976.6,-1
2023-08-13,2023-08-13 14:41:00,1211.9,1211.9,1211.8,1211.8,-0.01,5.8,6976.6,-1
2023-08-13,2023-08-13 14:42:00,1211.8,1211.8,1211.7,1211.7,-0.01,5.8,6976.6,-1
2023-08-13,2023-08-13 14:43:00,1211.7,1211.7,1211.6,1211.6,-0.01,5.8,6976.6,-1
2023-08-13,2023-08-13 14:44:00,1211.6,1211.6,1211.5,1211.5,-0.01,5.8,6976.6,-1
2023-08-13,2023-08-13 14:45:00,1211.5,1211.5,1211.4,1211.4,-0.01,5.8,6976.6,-1
2023-08-13,2023-08-13 14:46:00,1211.4,1211.4,1211.3,1211.3,-0.01,5.8,6976.6,-1
2023-08-13,2023-08-13 14:47:00,1211.3,1211.3,1211.2,1211.2,-0.01,5.8,6976.6,-1
2023-08-13,2023-08-13 14:48:00,1211.2,1211.2,1211.1,1211.1,-0.01,5.8,6976.6,-1
2023-08-13,2023-08-13 14:49:00,1211.1,1211.1,1211.0,1211.0,-0.01,5.8,6976.6,-1
2023-08-13,2023-08-13 14:50:00,1211.0,1211.0,1210.9,1210.9,-0.01,5.8,6976.6,-1
2023-08-13,2023-08-13 14:51:00,1210.9,1210.9,1210.8,1210.8,-0.01,5.8,6976.6,-1
2023-08-13,2023-08-13 14:52:00,1210.8,1210.8,1210.7,1210.7,-0.01,5.8,6976.6,-1
2023-08-13,2023-08-13 14:53:00,1210.7,1210.7,1210.6,1210.6,-0.01,5.8,6976.6,-1
2023-08-13,2023-08-13 14:54:00,1210.6,1210.6,1210.5,1210.5,-0.01,5.8,6976.6,-1
2023-08-13,2023-08-13 14:55:00,1210.5,1210.5,1210.4,1210.4,-0.01,5.8,6976.6,-1
2023-08-13,2023-08-13 14:56:00,1210.4,1210.4,1210.3,1210.3,-0.01,5.8,6976.6,-1
2023-08-13,2023-08-13 14:57:00,1210.3,1210.3,1210.2,1210.2,-0.01,5.8,6976.6,-1
2023-08-13,2023-08-13 14:58:00,1210.2,1210.2,1210.1,1210.1,-0.01,5.8,6976.6,-1
2023-08-13,2023-08-13 14:59:00,1210.1,1210.1,1210.0,1210.0,-0.01,5.8,6976.6,-1
2023-08-13,2023-08-13 15:00:00,1210.0,1234.0,1192.1,1210.0,0.0,5.8,6976.6,0
2023-08-14,2023-08-14 11:00:00,1234.2,1256.34,1219.74,1234.47,0.02,16.17,19695.33,1
2023-08-14,2023-08-14 11:01:00,1234.47,1234.75,1234.47,1234.75,0.02,16.17,19695.33,1
2023-08-14,2023-08-14 11:02:00,1234.75,1235.02,1234.75,1235.02,0.02,16.17,19695.33,1
2023-08-14,2023-08-14 11:03:00,1235.02,1235.3,1235.02,1235.3,0.02,16.17,19695.33,1
2023-08-14,2023-08-14 11:04:00,1235.3,1235.57,1235.3,1235.57,0.02,16.17,19695.33,1
2023-08-14,2023-08-14 11:05:00,1235.57,1235.85,1235.57,1235.85,0.02,16.17,19695.33,1
2023-08-14,2023-08-14 11:06:00,1235.85,1236.12,1235.85,1236.12,0.02,16.17,19695.33,1
2023-08-14,2023-08-14 11:07:00,1236.12,1236.39,1236.12,1236.39,0.02,16.17,19695.33,1
2023-08-14,2023-08-14 11:08:00,1236.39,1236.67,1236.39,1236.67,0.02,16.17,19695.33,1
2023-08-14,2023-08-14 11:09:00,1236.67,1236.94,1236.67,1236.94,0.02,16.17,19695.33,1
2023-08-14,2023-08-14 11:10:00,1236.94,1237.22,1236.94,1237.22,0.02,16.17,19695.33,1
2023-08-14,2023-08-14 11:11:00,1237.22,1237.49,1237.22,1237.49,0.02,16.17,19695.33,1
2023-08-14,2023-08-14 11:12:00,1237.49,1237.76,1237.49,1237.76,0.02,16.17,19695.33,1
2023-08-14,2023-08-14 11:13:00,1237.76,1238.04,1237.76,1238.04,0.02,16.17,19695.33,1
2023-08-14,2023-08-14 11:14:00,1238.04,1238.31,1238.04,1238.31,0.02,16.17,19695.33,1
2023-08-14,2023-08-14 11:15:00,1238.31,1238.59,1238.31,1238.59,0.02,16.17,19695.33,1
2023-08-14,2023-08-14 11:16:00,1238.59,1238.86,1238.59,1238.86,0.02,16.17,19695.33,1
2023-08-14,2023-08-14 11:17:00,1238.86,1239.13,1238.86,1239.13,0.02,16.17,19695.33,1
2023-08-14,2023-08-14 11:18:00,1239.13,1239.41,1239.13,1239.41,0.02,16.17,19695.33,1
2023-08-14,2023-08-14 11:19:00,1239.41,1239.68,1239.41,1239.68,0.02,16.17,19695.33,1
2023-08-14,2023-08-14 11:20:00,1239.68,1239.96,1239.68,1239.96,0.02,16.17,19695.33,1
2023-08-14,2023-08-14 11:21:00,1239.96,1240.23,1239.96,1240.23,0.02,16.17,19695.33,1
2023-08-14,2023-08-14 11:22:00,1240.23,1240.51,1240.23,1240.51,0.02,16.17,19695.33,1
2023-08-14,2023-08-14 11:23:00,1240.51,1240.78,1240.51,1240.78,0.02,16.17,19695.33,1
2023-08-14,2023-08-14 11:24:00,1240.78,1241.05,1240.78,1241.05,0.02,16.17,19695.33,1
2023-08-14,2023-08-14 11:25:00,1241.05,1241.33,1241.05,1241.33,0.02,16.17,19695.33,1
2023-08-14,2023-08-14 11:26:00,1241.33,1241.6,1241.33,1241.6,0.02,16.17,19695.33,1
2023-08-14,2023-08-14 11:27:00,1241.6,1241.88,1241.6,1241.88,0.02,16.17,19695.33,1
2023-08-14,2023-08-14 11:28:00,1241.88,1242.15,1241.88,1242.15,0.02,16.17,19695.33,1
2023-08-14,2023-08-14 11:29:00,1242.15,1242.42,1242.15,1242.42,0.02,16.17,19695.33,1
2023-08-14,2023-08-14 11:30:00,1242.42,1242.7,1242.42,1242.7,0.02,16.17,19695.33,1
2023-08-14,2023-08-14 11:31:00,1242.7,1242.97,1242.7,1242.97,0.02,16.17,19695.33,1
2023-08-14,2023-08-14 11:32:00,1242.97,1243.25,1242.97,1243.25,0.02,16.17,19695.33,1
2023-08-14,2023-08-14 11:33:00,1243.25,1243.52,1243.25,1243.52,0.02,16.17,19695.33,1
2023-08-14,2023-08-14 11:34:00,1243.52,1243.8,1243.52,1243.8,0.02,16.17,19695.33,1
2023-08-14,2023-08-14 11:35:00,1243.8,1244.07,1243.8,1244.07,0.02,16.17,19695.33,1
2023-08-14,2023-08-14 11:36:00,1244.07,1244.34,1244.07,1244.34,0.02,16.17,19695.33,1
2023-08-14,2023-08-14 11:37:00,1244.34,1244.62,1244.34,1244.62,0.02,16.17,19695.33,1
2023-08-14,2023-08-14 11:38:00,1244.62,1244.89,1244.62,1244.89,0.02,16.17,19695.33,1
2023-08-14,2023-08-14 11:39:00,1244.89,1245.17,1244.89,1245.17,0.02,16.17,19695.33,1
2023-08-14,2023-08-14 11:40:00,1245.17,1245.44,1245.17,1245.44,0.02,16.17,19695.33,1
2023-08-14,2023-08-14 11:41:00,1245.44,1245.72,1245.44,1245.72,0.02,16.17,19695.33,1
2023-08-14,2023-08-14 11:42:00,1245.72,1245.99,1245.72,1245.99,0.02,16.17,19695.33,1
2023-08-14,2023-08-14 11:43:00,1245.99,1246.26,1245.99,1246.26,0.02,16.17,19695.33,1
2023-08-14,2023-08-14 11:44:00,1246.26,1246.54,1246.26,1246.54,0.02,16.17,19695.33,1
2023-08-14,2023-08-14 11:45:00,1246.54,1246.81,1246.54,1246.81,0.02,16.17,19695.33,1
2023-08-14,2023-08-14 11:46:00,1246.81,1247.09,1246.81,1247.09,0.02,16.17,19695.33,1
2023-08-14,2023-08-14 11:47:00,1247.09,1247.36,1247.09,1247.36,0.02,16.17,19695.33,1
2023-08-14,2023-08-14 11:48:00,1247.36,1247.63,1247.36,1247.63,0.02,16.17,19695.33,1
2023-08-14,2023-08-14 11:49:00,1247.63,1247.91,1247.63,1247.91,0.02,16.17,19695.33,1
2023-08-14,2023-08-14 11:50:00,1247.91,1248.18,1247.91,1248.18,0.02,16.17,19695.33,1
2023-08-14,2023-08-14 11:51:00,1248.18,1248.46,1248.18,1248.46,0.02,16.17,19695.33,1
2023-08-14,2023-08-14 11:52:00,1248.46,1248.73,1248.46,1248.73,0.02,16.17,19695.33,1
2023-08-14,2023-08-14 11:53:00,1248.73,1249.01,1248.73,1249.01,0.02,16.17,19695.33,1
2023-08-14,2023-08-14 11:54:00,1249.01,1249.28,1249.01,1249.28,0.02,16.17,19695.33,1
2023-08-14,2023-08-14 11:55:00,1249.28,1249.55,1249.28,1249.55,0.02,16.17,19695.33,1
2023-08-14,2023-08-14 11:56:00,1249.55,1249.83,1249.55,1249.83,0.02,16.17,19695.33,1
2023-08-14,2023-08-14 11:57:00,1249.83,1250.1,1249.83,1250.1,0.02,16.17,19695.33,1
2023-08-14,2023-08-14 11:58:00,1250.1,1250.38,1250.1,1250.38,0.02,16.17,19695.33,1
2023-08-14,2023-08-14 11:59:00,1250.38,1250.65,1250.38,1250.65,0.02,16.17,19695.33,1
2023-08-14,2023-08-14 12:00:00,1250.65,1250.92,1250.65,1250.92,0.02,16.17,19695.33,1
2023-08-14,2023-08-14 12:01:00,1250.92,1251.2,1250.92,1251.2,0.02,16.17,19695.33,1
2023-08-14,2023-08-14 12:02:00,1251.2,1251.47,1251.2,1251.47,0.02,16.17,19695.33,1
2023-08-14,2023-08-14 12:03:00,1251.47,1251.75,1251.47,1251.75,0.02,16.17,19695.33,1
2023-08-14,2023-08-14 12:04:00,1251.75,1252.02,1251.75,1252.02,0.02,16.17,19695.33,1
2023-08-14,2023-08-14 12:05:00,1252.02,1252.3,1252.02,1252.3,0.02,16.17,19695.33,1
2023-08-14,2023-08-14 12:06:00,1252.3,1252.57,1252.3,1252.57,0.02,16.17,19695.33,1
2023-08-14,2023-08-14 12:07:00,1252.57,1252.84,1252.57,1252.84,0.02,16.17,19695.33,1
2023-08-14,2023-08-14 12:08:00,1252.84,1253.12,1252.84,1253.12,0.02,16.17,19695.33,1
2023-08-14,2023-08-14 12:09:00,1253.12,1253.39,1253.12,1253.39,0.02,16.17,19695.33,1
2023-08-14,2023-08-14 12:10:00,1253.39,1253.67,1253.39,1253.67,0.02,16.17,19695.33,1
2023-08-14,2023-08-14 12:11:00,1253.67,1253.94,1253.67,1253.94,0.02,16.17,19695.33,1
2023-08-14,2023-08-14 12:12:00,1253.94,1254.21,1253.94,1254.21,0.02,16.17,19695.33,1
2023-08-14,2023-08-14 12:13:00,1254.21,1254.49,1254.21,1254.49,0.02,16.17,19695.33,1
2023-08-14,2023-08-14 12:14:00,1254.49,1254.76,1254.49,1254.76,0.02,16.17,19695.33,1
2023-08-14,2023-08-14 12:15:00,1254.76,1255.04,1254.76,1255.04,0.02,16.17,19695.33,1
2023-08-14,2023-08-14 12:16:00,1255.04,1255.31,1255.04,1255.31,0.02,16.17,19695.33,1
2023-08-14,2023-08-14 12:17:00,1255.31,1255.59,1255.31,1255.59,0.02,16.17,19695.33,1
2023-08-14,2023-08-14 12:18:00,1255.59,1255.86,1255.59,1255.86,0.02,16.17,19695.33,1
2023-08-14,2023-08-14 12:19:00,1255.86,1256.13,1255.86,1256.13,0.02,16.17,19695.33,1
2023-08-14,2023-08-14 12:20:00,1256.13,1256.41,1256.13,1256.41,0.02,16.17,19695.33,1
2023-08-14,2023-08-14 12:21:00,1256.41,1256.68,1256.41,1256.68,0.02,16.17,19695.33,1
2023-08-14,2023-08-14 12:22:00,1256.68,1256.96,1256.68,1256.96,0.02,16.17,19695.33,1
2023-08-14,2023-08-14 12:23:00,1256.96,1257.23,1256.96,1257.23,0.02,16.17,19695.33,1
2023-08-14,2023-08-14 12:24:00,1257.23,1257.5,1257.23,1257.5,0.02,16.17,19695.33,1
2023-08-14,2023-08-14 12:25:00,1257.5,1257.78,1257.5,1257.78,0.02,16.17,19695.33,1
2023-08-14,2023-08-14 12:26:00,1257.78,1258.05,1257.78,1258.05,0.02,16.17,19695.33,1
2023-08-14,2023-08-14 12:27:00,1258.05,1258.33,1258.05,1258.33,0.02,16.17,19695.33,1
2023-08-14,2023-08-14 12:28:00,1258.33,1258.6,1258.33,1258.6,0.02,16.17,19695.33,1
2023-08-14,2023-08-14 12:29:00,1258.6,1258.88,1258.6,1258.88,0.02,16.17,19695.33,1
2023-08-14,2023-08-14 12:30:00,1258.88,1259.15,1258.88,1259.15,0.02,16.17,19695.33,1
2023-08-14,2023-08-14 12:31:00,1259.15,1259.42,1259.15,1259.42,0.02,16.17,19695.33,1
2023-08-14,2023-08-14 12:32:00,1259.42,1259.7,1259.42,1259.7,0.02,16.17,19695.33,1
2023-08-14,2023-08-14 12:33:00,1259.7,1259.97,1259.7,1259.97,0.02,16.17,19695.33,1
2023-08-14,2023-08-14 12:34:00,1259.97,1260.25,1259.97,1260.25,0.02,16.17,19695.33,1
2023-08-14,2023-08-14 12:35:00,1260.25,1260.52,1260.25,1260.52,0.02,16.17,19695.33,1
2023-08-14,2023-08-14 12:36:00,1260.52,1260.79,1260.52,1260.79,0.02,16.17,19695.33,1
2023-08-14,2023-08-14 12:37:00,1260.79,1261.07,1260.79,1261.07,0.02,16.17,19695.33,1
2023-08-14,2023-08-14 12:38:00,1261.07,1261.34,1261.07,1261.34,0.02,16.17,19695.33,1
2023-08-14,2023-08-14 12:39:00,1261.34,1261.62,1261.34,1261.62,0.02,16.17,19695.33,1
2023-08-14,2023-08-14 12:40:00,1261.62,1261.89,1261.62,1261.89,0.02,16.17,19695.33,1
2023-08-14,2023-08-14 12:41:00,1261.89,1262.16,1261.89,1262.16,0.02,16.17,19695.33,1
2023-08-14,2023-08-14 12:42:00,1262.16,1262.44,1262.16,1262.44,0.02,16.17,19695.33,1
2023-08-14,2023-08-14 12:43:00,1262.44,1262.71,1262.44,1262.71,0.02,16.17,19695.33,1
2023-08-14,2023-08-14 12:44:00,1262.71,1262.99,1262.71,1262.99,0.02,16.17,19695.33,1
2023-08-14,2023-08-14 12:45:00,1262.99,1263.26,1262.99,1263.26,0.02,16.17,19695.33,1
2023-08-14,2023-08-14 12:46:00,1263.26,1263.54,1263.26,1263.54,0.02,16.17,19695.33,1
2023-08-14,2023-08-14 12:47:00,1263.54,1263.81,1263.54,1263.81,0.02,16.17,19695.33,1
2023-08-14,2023-08-14 12:48:00,1263.81,1264.08,1263.81,1264.08,0.02,16.17,19695.33,1
2023-08-14,2023-08-14 12:49:00,1264.08,1264.36,1264.08,1264.36,0.02,16.17,19695.33,1
2023-08-14,2023-08-14 12:50:00,1264.36,1264.63,1264.36,1264.63,0.02,16.17,19695.33,1
2023-08-14,2023-08-14 12:51:00,1264.63,1264.91,1264.63,1264.91,0.02,16.17,19695.33,1
2023-08-14,2023-08-14 12:52:00,1264.91,1265.18,1264.91,1265.18,0.02,16.17,19695.33,1
2023-08-14,2023-08-14 12:53:00,1265.18,1265.45,1265.18,1265.45,0.02,16.17,19695.33,1
2023-08-14,2023-08-14 12:54:00,1265.45,1265.73,1265.45,1265.73,0.02,16.17,19695.33,1
2023-08-14,2023-08-14 12:55:00,1265.73,1266.0,1265.73,1266.0,0.02,16.17,19695.33,1
2023-08-14,2023-08-14 12:56:00,1266.0,1266.28,1266.0,1266.28,0.02,16.17,19695.33,1
2023-08-14,2023-08-14 12:57:00,1266.28,1266.55,1266.28,1266.55,0.02,16.17,19695.33,1
2023-08-14,2023-08-14 12:58:00,1266.55,1266.83,1266.55,1266.83,0.02,16.17,19695.33,1
2023-08-14,2023-08-14 12:59:00,1266.83,1267.1,1266.83,1267.1,0.02,16.17,19695.33,1
2023-08-14,2023-08-14 13:00:00,1267.1,1308.0,1186.0,1267.37,0.02,16.17,19695.33,1
2023-08-14,2023-08-14 13:01:00,1267.37,1267.65,1267.37,1267.65,0.02,16.17,19695.33,1
2023-08-14,2023-08-14 13:02:00,1267.65,1267.92,1267.65,1267.92,0.02,16.17,19695.33,1
2023-08-14,2023-08-14 13:03:00,1267.92,1268.2,1267.92,1268.2,0.02,16.17,19695.33,1
2023-08-14,2023-08-14 13:04:00,1268.2,1268.47,1268.2,1268.47,0.02,16.17,19695.33,1
2023-08-14,2023-08-14 13:05:00,1268.47,1268.75,1268.47,1268.75,0.02,16.17,19695.33,1
2023-08-14,2023-08-14 13:06:00,1268.75,1269.02,1268.75,1269.02,0.02,16.17,19695.33,1
2023-08-14,2023-08-14 13:07:00,1269.02,1269.29,1269.02,1269.29,0.02,16.17,19695.33,1
2023-08-14,2023-08-14 13:08:00,1269.29,1269.57,1269.29,1269.57,0.02,16.17,19695.33,1
2023-08-14,2023-08-14 13:09:00,1269.57,1269.84,1269.57,1269.84,0.02,16.17,19695.33,1
2023-08-14,2023-08-14 13:10:00,1269.84,1270.12,1269.84,1270.12,0.02,16.17,19695.33,1
2023-08-14,2023-08-14 13:11:00,1270.12,1270.39,1270.12,1270.39,0.02,16.17,19695.33,1
2023-08-14,2023-08-14 13:12:00,1270.39,1270.66,1270.39,1270.66,0.02,16.17,19695.33,1
2023-08-14,2023-08-14 13:13:00,1270.66,1270.94,1270.66,1270.94,0.02,16.17,19695.33,1
2023-08-14,2023-08-14 13:14:00,1270.94,1271.21,1270.94,1271.21,0.02,16.17,19695.33,1
2023-08-14,2023-08-14 13:15:00,1271.21,1271.49,1271.21,1271.49,0.02,16.17,19695.33,1
2023-08-14,2023-08-14 13:16:00,1271.49,1271.76,1271.49,1271.76,0.02,16.17,19695.33,1
2023-08-14,2023-08-14 13:17:00,1271.76,1272.04,1271.76,1272.04,0.02,16.17,19695.33,1
2023-08-14,2023-08-14 13:18:00,1272.04,1272.31,1272.04,1272.31,0.02,16.17,19695.33,1
2023-08-14,2023-08-14 13:19:00,1272.31,1272.58,1272.31,1272.58,0.02,16.17,19695.33,1
2023-08-14,2023-08-14 13:20:00,1272.58,1272.86,1272.58,1272.86,0.02,16.17,19695.33,1
2023-08-14,2023-08-14 13:21:00,1272.86,1273.13,1272.86,1273.13,0.02,16.17,19695.33,1
2023-08-14,2023-08-14 13:22:00,1273.13,1273.41,1273.13,1273.41,0.02,16.17,19695.33,1
2023-08-14,2023-08-14 13:23:00,1273.41,1273.68,1273.41,1273.68,0.02,16.17,19695.33,1
2023-08-14,2023-08-14 13:24:00,1273.68,1273.95,1273.68,1273.95,0.02,16.17,19695.33,1
2023-08-14,2023-08-14 13:25:00,1273.95,1274.23,1273.95,1274.23,0.02,16.17,19695.33,1
2023-08-14,2023-08-14 13:26:00,1274.23,1274.5,1274.23,1274.5,0.02,16.17,19695.33,1
2023-08-14,2023-08-14 13:27:00,1274.5,1274.78,1274.5,1274.78,0.02,16.17,19695.33,1
2023-08-14,2023-08-14 13:28:00,1274.78,1275.05,1274.78,1275.05,0.02,16.17,19695.33,1
2023-08-14,2023-08-14 13:29:00,1275.05,1275.33,1275.05,1275.33,0.02,16.17,19695.33,1
2023-08-14,2023-08-14 13:30:00,1275.33,1275.6,1275.33,1275.6,0.02,16.17,19695.33,1
2023-08-14,2023-08-14 13:31:00,1275.6,1275.87,1275.6,1275.87,0.02,16.17,19695.33,1
2023-08-14,2023-08-14 13:32:00,1275.87,1276.15,1275.87,1276.15,0.02,16.17,19695.33,1
2023-08-14,2023-08-14 13:33:00,1276.15,1276.42,1276.15,1276.42,0.02,16.17,19695.33,1
2023-08-14,2023-08-14 13:34:00,1276.42,1276.7,1276.42,1276.7,0.02,16.17,19695.33,1
2023-08-14,2023-08-14 13:35:00,1276.7,1276.97,1276.7,1276.97,0.02,16.17,19695.33,1
2023-08-14,2023-08-14 13:36:00,1276.97,1277.24,1276.97,1277.24,0.02,16.17,19695.33,1
2023-08-14,2023-08-14 13:37:00,1277.24,1277.52,1277.24,1277.52,0.02,16.17,19695.33,1
2023-08-14,2023-08-14 13:38:00,1277.52,1277.79,1277.52,1277.79,0.02,16.17,19695.33,1
2023-08-14,2023-08-14 13:39:00,1277.79,1278.07,1277.79,1278.07,0.02,16.17,19695.33,1
2023-08-14,2023-08-14 13:40:00,1278.07,1278.34,1278.07,1278.34,0.02,16.17,19695.33,1
2023-08-14,2023-08-14 13:41:00,1278.34,1278.62,1278.34,1278.62,0.02,16.17,19695.33,1
2023-08-14,2023-08-14 13:42:00,1278.62,1278.89,1278.62,1278.89,0.02,16.17,19695.33,1
2023-08-14,2023-08-14 13:43:00,1278.89,1279.16,1278.89,1279.16,0.02,16.17,19695.33,1
2023-08-14,2023-08-14 13:44:00,1279.16,1279.44,1279.16,1279.44,0.02,16.17,19695.33,1
2023-08-14,2023-08-14 13:45:00,1279.44,1279.71,1279.44,1279.71,0.02,16.17,19695.33,1
2023-08-14,2023-08-14 13:46:00,1279.71,1279.99,1279.71,1279.99,0.02,16.17,19695.33,1
2023-08-14,2023-08-14 13:47:00,1279.99,1280.26,1279.99,1280.26,0.02,16.17,19695.33,1
2023-08-14,2023-08-14 13:48:00,1280.26,1280.53,1280.26,1280.53,0.02,16.17,19695.33,1
2023-08-14,2023-08-14 13:49:00,1280.53,1280.81,1280.53,1280.81,0.02,16.17,19695.33,1
2023-08-14,2023-08-14 13:50:00,1280.81,1281.08,1280.81,1281.08,0.02,16.17,19695.33,1
2023-08-14,2023-08-14 13:51:00,1281.08,1281.36,1281.08,1281.36,0.02,16.17,19695.33,1
2023-08-14,2023-08-14 13:52:00,1281.36,1281.63,1281.36,1281.63,0.02,16.17,19695.33,1
2023-08-14,2023-08-14 13:53:00,1281.63,1281.9,1281.63,1281.9,0.02,16.17,19695.33,1
2023-08-14,2023-08-14 13:54:00,1281.9,1282.18,1281.9,1282.18,0.02,16.17,19695.33,1
2023-08-14,2023-08-14 13:55:00,1282.18,1282.45,1282.18,1282.45,0.02,16.17,19695.33,1
2023-08-14,2023-08-14 13:56:00,1282.45,1282.73,1282.45,1282.73,0.02,16.17,19695.33,1
2023-08-14,2023-08-14 13:57:00,1282.73,1283.0,1282.73,1283.0,0.02,16.17,19695.33,1
2023-08-14,2023-08-14 13:58:00,1283.0,1283.28,1283.0,1283.28,0.02,16.17,19695.33,1
2023-08-14,2023-08-14 13:59:00,1283.28,1283.55,1283.28,1283.55,0.02,16.17,19695.33,1
2023-08-14,2023-08-14 14:00:00,1283.55,1283.82,1283.55,1283.82,0.02,16.17,19695.33,1
2023-08-14,2023-08-14 14:01:00,1283.82,1284.1,1283.82,1284.1,0.02,16.17,19695.33,1
2023-08-14,2023-08-14 14:02:00,1284.1,1284.37,1284.1,1284.37,0.02,16.17,19695.33,1
2023-08-14,2023-08-14 14:03:00,1284.37,1284.65,1284.37,1284.65,0.02,16.17,19695.33,1
2023-08-14,2023-08-14 14:04:00,1284.65,1284.92,1284.65,1284.92,0.02,16.17,19695.33,1
2023-08-14,2023-08-14 14:05:00,1284.92,1285.19,1284.92,1285.19,0.02,16.17,19695.33,1
2023-08-14,2023-08-14 14:06:00,1285.19,1285.47,1285.19,1285.47,0.02,16.17,19695.33,1
2023-08-14,2023-08-14 14:07:00,1285.47,1285.74,1285.47,1285.74,0.02,16.17,19695.33,1
2023-08-14,2023-08-14 14:08:00,1285.74,1286.02,1285.74,1286.02,0.02,16.17,19695.33,1
2023-08-14,2023-08-14 14:09:00,1286.02,1286.29,1286.02,1286.29,0.02,16.17,19695.33,1
2023-08-14,2023-08-14 14:10:00,1286.29,1286.57,1286.29,1286.57,0.02,16.17,19695.33,1
2023-08-14,2023-08-14 14:11:00,1286.57,1286.84,1286.57,1286.84,0.02,16.17,19695.33,1
2023-08-14,2023-08-14 14:12:00,1286.84,1287.11,1286.84,1287.11,0.02,16.17,19695.33,1
2023-08-14,2023-08-14 14:13:00,1287.11,1287.39,1287.11,1287.39,0.02,16.17,19695.33,1
2023-08-14,2023-08-14 14:14:00,1287.39,1287.66,1287.39,1287.66,0.02,16.17,19695.33,1
2023-08-14,2023-08-14 14:15:00,1287.66,1287.94,1287.66,1287.94,0.02,16.17,19695.33,1
2023-08-14,2023-08-14 14:16:00,1287.94,1288.21,1287.94,1288.21,0.02,16.17,19695.33,1
2023-08-14,2023-08-14 14:17:00,1288.21,1288.48,1288.21,1288.48,0.02,16.17,19695.33,1
2023-08-14,2023-08-14 14:18:00,1288.48,1288.76,1288.48,1288.76,0.02,16.17,19695.33,1
2023-08-14,2023-08-14 14:19:00,1288.76,1289.03,1288.76,1289.03,0.02,16.17,19695.33,1
2023-08-14,2023-08-14 14:20:00,1289.03,1289.31,1289.03,1289.31,0.02,16.17,19695.33,1
2023-08-14,2023-08-14 14:21:00,1289.31,1289.58,1289.31,1289.58,0.02,16.17,19695.33,1
2023-08-14,2023-08-14 14:22:00,1289.58,1289.86,1289.58,1289.86,0.02,16.17,19695.33,1
2023-08-14,2023-08-14 14:23:00,1289.86,1290.13,1289.86,1290.13,0.02,16.17,19695.33,1
2023-08-14,2023-08-14 14:24:00,1290.13,1290.4,1290.13,1290.4,0.02,16.17,19695.33,1
2023-08-14,2023-08-14 14:25:00,1290.4,1290.68,1290.4,1290.68,0.02,16.17,19695.33,1
2023-08-14,2023-08-14 14:26:00,1290.68,1290.95,1290.68,1290.95,0.02,16.17,19695.33,1
2023-08-14,2023-08-14 14:27:00,1290.95,1291.23,1290.95,1291.23,0.02,16.17,19695.33,1
2023-08-14,2023-08-14 14:28:00,1291.23,1291.5,1291.23,1291.5,0.02,16.17,19695.33,1
2023-08-14,2023-08-14 14:29:00,1291.5,1291.78,1291.5,1291.78,0.02,16.17,19695.33,1
2023-08-14,2023-08-14 14:30:00,1291.78,1292.05,1291.78,1292.05,0.02,16.17,19695.33,1
2023-08-14,2023-08-14 14:31:00,1292.05,1292.32,1292.05,1292.32,0.02,16.17,19695.33,1
2023-08-14,2023-08-14 14:32:00,1292.32,1292.6,1292.32,1292.6,0.02,16.17,19695.33,1
2023-08-14,2023-08-14 14:33:00,1292.6,1292.87,1292.6,1292.87,0.02,16.17,19695.33,1
2023-08-14,2023-08-14 14:34:00,1292.87,1293.15,1292.87,1293.15,0.02,16.17,19695.33,1
2023-08-14,2023-08-14 14:35:00,1293.15,1293.42,1293.15,1293.42,0.02,16.17,19695.33,1
2023-08-14,2023-08-14 14:36:00,1293.42,1293.69,1293.42,1293.69,0.02,16.17,19695.33,1
2023-08-14,2023-08-14 14:37:00,1293.69,1293.97,1293.69,1293.97,0.02,16.17,19695.33,1
2023-08-14,2023-08-14 14:38:00,1293.97,1294.24,1293.97,1294.24,0.02,16.17,19695.33,1
2023-08-14,2023-08-14 14:39:00,1294.24,1294.52,1294.24,1294.52,0.02,16.17,19695.33,1
2023-08-14,2023-08-14 14:40:00,1294.52,1294.79,1294.52,1294.79,0.02,16.17,19695.33,1
2023-08-14,2023-08-14 14:41:00,1294.79,1295.07,1294.79,1295.07,0.02,16.17,19695.33,1
2023-08-14,2023-08-14 14:42:00,1295.07,1295.34,1295.07,1295.34,0.02,16.17,19695.33,1
2023-08-14,2023-08-14 14:43:00,1295.34,1295.61,1295.34,1295.61,0.02,16.17,19695.33,1
2023-08-14,2023-08-14 14:44:00,1295.61,1295.89,1295.61,1295.89,0.02,16.17,19695.33,1
2023-08-14,2023-08-14 14:45:00,1295.89,1296.16,1295.89,1296.16,0.02,16.17,19695.33,1
2023-08-14,2023-08-14 14:46:00,1296.16,1296.44,1296.16,1296.44,0.02,16.17,19695.33,1
2023-08-14,2023-08-14 14:47:00,1296.44,1296.71,1296.44,1296.71,0.02,16.17,19695.33,1
2023-08-14,2023-08-14 14:48:00,1296.71,1296.98,1296.71,1296.98,0.02,16.17,19695.33,1
2023-08-14,2023-08-14 14:49:00,1296.98,1297.26,1296.98,1297.26,0.02,16.17,19695.33,1
2023-08-14,2023-08-14 14:50:00,1297.26,1297.53,1297.26,1297.53,0.02,16.17,19695.33,1
2023-08-14,2023-08-14 14:51:00,1297.53,1297.81,1297.53,1297.81,0.02,16.17,19695.33,1
2023-08-14,2023-08-14 14:52:00,1297.81,1298.08,1297.81,1298.08,0.02,16.17,19695.33,1
2023-08-14,2023-08-14 14:53:00,1298.08,1298.36,1298.08,1298.36,0.02,16.17,19695.33,1
2023-08-14,2023-08-14 14:54:00,1298.36,1298.63,1298.36,1298.63,0.02,16.17,19695.33,1
2023-08-14,2023-08-14 14:55:00,1298.63,1298.9,1298.63,1298.9,0.02,16.17,19695.33,1
2023-08-14,2023-08-14 14:56:00,1298.9,1299.18,1298.9,1299.18,0.02,16.17,19695.33,1
2023-08-14,2023-08-14 14:57:00,1299.18,1299.45,1299.18,1299.45,0.02,16.17,19695.33,1
2023-08-14,2023-08-14 14:58:00,1299.45,1299.73,1299.45,1299.73,0.02,16.17,19695.33,1
2023-08-14,2023-08-14 14:59:00,1299.73,1300.0,1299.73,1300.0,0.02,16.17,19695.33,1
2023-08-14,2023-08-14 15:00:00,1300.0,1308.0,1186.0,1300.0,0.0,16.17,19695.33,0
2023-08-15,2023-08-15 11:00:00,1275.0,1275.0,1256.13,1274.88,-0.01,11.27,13885.55,-1
2023-08-15,2023-08-15 11:01:00,1274.88,1274.88,1274.75,1274.75,-0.01,11.27,13885.55,-1
2023-08-15,2023-08-15 11:02:00,1274.75,1274.75,1274.62,1274.62,-0.01,11.27,13885.55,-1
2023-08-15,2023-08-15 11:03:00,1274.62,1274.62,1274.5,1274.5,-0.01,11.27,13885.55,-1
2023-08-15,2023-08-15 11:04:00,1274.5,1274.5,1274.38,1274.38,-0.01,11.27,13885.55,-1
2023-08-15,2023-08-15 11:05:00,1274.38,1274.38,1274.25,1274.25,-0.01,11.27,13885.55,-1
2023-08-15,2023-08-15 11:06:00,1274.25,1274.25,1274.12,1274.12,-0.01,11.27,13885.55,-1
2023-08-15,2023-08-15 11:07:00,1274.12,1274.12,1274.0,1274.0,-0.01,11.27,13885.55,-1
2023-08-15,2023-08-15 11:08:00,1274.0,1274.0,1273.88,1273.88,-0.01,11.27,13885.55,-1
2023-08-15,2023-08-15 11:09:00,1273.88,1273.88,1273.75,1273.75,-0.01,11.27,13885.55,-1
2023-08-15,2023-08-15 11:10:00,1273.75,1273.75,1273.62,1273.62,-0.01,11.27,13885.55,-1
2023-08-15,2023-08-15 11:11:00,1273.62,1273.62,1273.5,1273.5,-0.01,11.27,13885.55,-1
2023-08-15,2023-08-15 11:12:00,1273.5,1273.5,1273.38,1273.38,-0.01,11.27,13885.55,-1
2023-08-15,2023-08-15 11:13:00,1273.38,1273.38,1273.25,1273.25,-0.01,11.27,13885.55,-1
2023-08-15,2023-08-15 11:14:00,1273.25,1273.25,1273.12,1273.12,-0.01,11.27,13885.55,-1
2023-08-15,2023-08-15 11:15:00,1273.12,1273.12,1273.0,1273.0,-0.01,11.27,13885.55,-1
2023-08-15,2023-08-15 11:16:00,1273.0,1273.0,1272.88,1272.88,-0.01,11.27,13885.55,-1
2023-08-15,2023-08-15 11:17:00,1272.88,1272.88,1272.75,1272.75,-0.01,11.27,13885.55,-1
2023-08-15,2023-08-15 11:18:00,1272.75,1272.75,1272.62,1272.62,-0.01,11.27,13885.55,-1
2023-08-15,2023-08-15 11:19:00,1272.62,1272.62,1272.5,1272.5,-0.01,11.27,13885.55,-1
2023-08-15,2023-08-15 11:20:00,1272.5,1272.5,1272.38,1272.38,-0.01,11.27,13885.55,-1
2023-08-15,2023-08-15 11:21:00,1272.38,1272.38,1272.25,1272.25,-0.01,11.27,13885.55,-1
2023-08-15,2023-08-15 11:22:00,1272.25,1272.25,1272.12,1272.12,-0.01,11.27,13885.55,-1
2023-08-15,2023-08-15 11:23:00,1272.12,1272.12,1272.0,1272.0,-0.01,11.27,13885.55,-1
2023-08-15,2023-08-15 11:24:00,1272.0,1272.0,1271.88,1271.88,-0.01,11.27,13885.55,-1
2023-08-15,2023-08-15 11:25:00,1271.88,1271.88,1271.75,1271.75,-0.01,11.27,13885.55,-1
2023-08-15,2023-08-15 11:26:00,1271.75,1271.75,1271.62,1271.62,-0.01,11.27,13885.55,-1
2023-08-15,2023-08-15 11:27:00,1271.62,1271.62,1271.5,1271.5,-0.01,11.27,13885.55,-1
2023-08-15,2023-08-15 11:28:00,1271.5,1271.5,1271.38,1271.38,-0.01,11.27,13885.55,-1
2023-08-15,2023-08-15 11:29:00,1271.38,1271.38,1271.25,1271.25,-0.01,11.27,13885.55,-1
2023-08-15,2023-08-15 11:30:00,1271.25,1271.25,1271.12,1271.12,-0.01,11.27,13885.55,-1
2023-08-15,2023-08-15 11:31:00,1271.12,1271.12,1271.0,1271.0,-0.01,11.27,13885.55,-1
2023-08-15,2023-08-15 11:32:00,1271.0,1271.0,1270.88,1270.88,-0.01,11.27,13885.55,-1
2023-08-15,2023-08-15 11:33:00,1270.88,1270.88,1270.75,1270.75,-0.01,11.27,13885.55,-1
2023-08-15,2023-08-15 11:34:00,1270.75,1270.75,1270.62,1270.62,-0.01,11.27,13885.55,-1
2023-08-15,2023-08-15 11:35:00,1270.62,1270.62,1270.5,1270.5,-0.01,11.27,13885.55,-1
2023-08-15,2023-08-15 11:36:00,1270.5,1270.5,1270.38,1270.38,-0.01,11.27,13885.55,-1
2023-08-15,2023-08-15 11:37:00,1270.38,1270.38,1270.25,1270.25,-0.01,11.27,13885.55,-1
2023-08-15,2023-08-15 11:38:00,1270.25,1270.25,1270.12,1270.12,-0.01,11.27,13885.55,-1
2023-08-15,2023-08-15 11:39:00,1270.12,1270.12,1270.0,1270.0,-0.01,11.27,13885.55,-1
2023-08-15,2023-08-15 11:40:00,1270.0,1270.0,1269.88,1269.88,-0.01,11.27,13885.55,-1
2023-08-15,2023-08-15 11:41:00,1269.88,1269.88,1269.75,1269.75,-0.01,11.27,13885.55,-1
2023-08-15,2023-08-15 11:42:00,1269.75,1269.75,1269.62,1269.62,-0.01,11.27,13885.55,-1
2023-08-15,2023-08-15 11:43:00,1269.62,1269.62,1269.5,1269.5,-0.01,11.27,13885.55,-1
2023-08-15,2023-08-15 11:44:00,1269.5,1269.5,1269.38,1269.38,-0.01,11.27,13885.55,-1
2023-08-15,2023-08-15 11:45:00,1269.38,1269.38,1269.25,1269.25,-0.01,11.27,13885.55,-1
2023-08-15,2023-08-15 11:46:00,1269.25,1269.25,1269.12,1269.12,-0.01,11.27,13885.55,-1
2023-08-15,2023-08-15 11:47:00,1269.12,1269.12,1269.0,1269.0,-0.01,11.27,13885.55,-1
2023-08-15,2023-08-15 11:48:00,1269.0,1269.0,1268.88,1268.88,-0.01,11.27,13885.55,-1
2023-08-15,2023-08-15 11:49:00,1268.88,1268.88,1268.75,1268.75,-0.01,11.27,13885.55,-1
2023-08-15,2023-08-15 11:50:00,1268.75,1268.75,1268.62,1268.62,-0.01,11.27,13885.55,-1
2023-08-15,2023-08-15 11:51:00,1268.62,1268.62,1268.5,1268.5,-0.01,11.27,13885.55,-1
2023-08-15,2023-08-15 11:52:00,1268.5,1268.5,1268.38,1268.38,-0.01,11.27,13885.55,-1
2023-08-15,2023-08-15 11:53:00,1268.38,1268.38,1268.25,1268.25,-0.01,11.27,13885.55,-1
2023-08-15,2023-08-15 11:54:00,1268.25,1268.25,1268.12,1268.12,-0.01,11.27,13885.55,-1
2023-08-15,2023-08-15 11:55:00,1268.12,1268.12,1268.0,1268.0,-0.01,11.27,13885.55,-1
2023-08-15,2023-08-15 11:56:00,1268.0,1268.0,1267.88,1267.88,-0.01,11.27,13885.55,-1
2023-08-15,2023-08-15 11:57:00,1267.88,1267.88,1267.75,1267.75,-0.01,11.27,13885.55,-1
2023-08-15,2023-08-15 11:58:00,1267.75,1267.75,1267.62,1267.62,-0.01,11.27,13885.55,-1
2023-08-15,2023-08-15 11:59:00,1267.62,1267.62,1267.5,1267.5,-0.01,11.27,13885.55,-1
2023-08-15,2023-08-15 12:00:00,1267.5,1267.5,1267.38,1267.38,-0.01,11.27,13885.55,-1
2023-08-15,2023-08-15 12:01:00,1267.38,1267.38,1267.25,1267.25,-0.01,11.27,13885.55,-1
2023-08-15,2023-08-15 12:02:00,1267.25,1267.25,1267.12,1267.12,-0.01,11.27,13885.55,-1
2023-08-15,2023-08-15 12:03:00,1267.12,1267.12,1267.0,1267.0,-0.01,11.27,13885.55,-1
2023-08-15,2023-08-15 12:04:00,1267.0,1267.0,1266.88,1266.88,-0.01,11.27,13885.55,-1
2023-08-15,2023-08-15 12:05:00,1266.88,1266.88,1266.75,1266.75,-0.01,11.27,13885.55,-1
2023-08-15,2023-08-15 12:06:00,1266.75,1266.75,1266.62,1266.62,-0.01,11.27,13885.55,-1
2023-08-15,2023-08-15 12:07:00,1266.62,1266.62,1266.5,1266.5,-0.01,11.27,13885.55,-1
2023-08-15,2023-08-15 12:08:00,1266.5,1266.5,1266.38,1266.38,-0.01,11.27,13885.55,-1
2023-08-15,2023-08-15 12:09:00,1266.38,1266.38,1266.25,1266.25,-0.01,11.27,13885.55,-1
2023-08-15,2023-08-15 12:10:00,1266.25,1266.25,1266.12,1266.12,-0.01,11.27,13885.55,-1
2023-08-15,2023-08-15 12:11:00,1266.12,1266.12,1266.0,1266.0,-0.01,11.27,13885.55,-1
2023-08-15,2023-08-15 12:12:00,1266.0,1266.0,1265.88,1265.88,-0.01,11.27,13885.55,-1
2023-08-15,2023-08-15 12:13:00,1265.88,1265.88,1265.75,1265.75,-0.01,11.27,13885.55,-1
2023-08-15,2023-08-15 12:14:00,1265.75,1265.75,1265.62,1265.62,-0.01,11.27,13885.55,-1
2023-08-15,2023-08-15 12:15:00,1265.62,1265.62,1265.5,1265.5,-0.01,11.27,13885.55,-1
2023-08-15,2023-08-15 12:16:00,1265.5,1265.5,1265.38,1265.38,-0.01,11.27,13885.55,-1
2023-08-15,2023-08-15 12:17:00,1265.38,1265.38,1265.25,1265.25,-0.01,11.27,13885.55,-1
2023-08-15,2023-08-15 12:18:00,1265.25,1265.25,1265.12,1265.12,-0.01,11.27,13885.55,-1
2023-08-15,2023-08-15 12:19:00,1265.12,1265.12,1265.0,1265.0,-0.01,11.27,13885.55,-1
2023-08-15,2023-08-15 12:20:00,1265.0,1265.0,1264.88,1264.88,-0.01,11.27,13885.55,-1
2023-08-15,2023-08-15 12:21:00,1264.88,1264.88,1264.75,1264.75,-0.01,11.27,13885.55,-1
2023-08-15,2023-08-15 12:22:00,1264.75,1264.75,1264.62,1264.62,-0.01,11.27,13885.55,-1
2023-08-15,2023-08-15 12:23:00,1264.62,1264.62,1264.5,1264.5,-0.01,11.27,13885.55,-1
2023-08-15,2023-08-15 12:24:00,1264.5,1264.5,1264.38,1264.38,-0.01,11.27,13885.55,-1
2023-08-15,2023-08-15 12:25:00,1264.38,1264.38,1264.25,1264.25,-0.01,11.27,13885.55,-1
2023-08-15,2023-08-15 12:26:00,1264.25,1264.25,1264.12,1264.12,-0.01,11.27,13885.55,-1
2023-08-15,2023-08-15 12:27:00,1264.12,1264.12,1264.0,1264.0,-0.01,11.27,13885.55,-1
2023-08-15,2023-08-15 12:28:00,1264.0,1264.0,1263.88,1263.88,-0.01,11.27,13885.55,-1
2023-08-15,2023-08-15 12:29:00,1263.88,1263.88,1263.75,1263.75,-0.01,11.27,13885.55,-1
2023-08-15,2023-08-15 12:30:00,1263.75,1263.75,1263.62,1263.62,-0.01,11.27,13885.55,-1
2023-08-15,2023-08-15 12:31:00,1263.62,1263.62,1263.5,1263.5,-0.01,11.27,13885.55,-1
2023-08-15,2023-08-15 12:32:00,1263.5,1263.5,1263.38,1263.38,-0.01,11.27,13885.55,-1
2023-08-15,2023-08-15 12:33:00,1263.38,1263.38,1263.25,1263.25,-0.01,11.27,13885.55,-1
2023-08-15,2023-08-15 12:34:00,1263.25,1263.25,1263.12,1263.12,-0.01,11.27,13885.55,-1
2023-08-15,2023-08-15 12:35:00,1263.12,1263.12,1263.0,1263.0,-0.01,11.27,13885.55,-1
2023-08-15,2023-08-15 12:36:00,1263.0,1263.0,1262.88,1262.88,-0.01,11.27,13885.55,-1
2023-08-15,2023-08-15 12:37:00,1262.88,1262.88,1262.75,1262.75,-0.01,11.27,13885.55,-1
2023-08-15,2023-08-15 12:38:00,1262.75,1262.75,1262.62,1262.62,-0.01,11.27,13885.55,-1
2023-08-15,2023-08-15 12:39:00,1262.62,1262.62,1262.5,1262.5,-0.01,11.27,13885.55,-1
2023-08-15,2023-08-15 12:40:00,1262.5,1262.5,1262.38,1262.38,-0.01,11.27,13885.55,-1
2023-08-15,2023-08-15 12:41:00,1262.38,1262.38,1262.25,1262.25,-0.01,11.27,13885.55,-1
2023-08-15,2023-08-15 12:42:00,1262.25,1262.25,1262.12,1262.12,-0.01,11.27,13885.55,-1
2023-08-15,2023-08-15 12:43:00,1262.12,1262.12,1262.0,1262.0,-0.01,11.27,13885.55,-1
2023-08-15,2023-08-15 12:44:00,1262.0,1262.0,1261.88,1261.88,-0.01,11.27,13885.55,-1
2023-08-15,2023-08-15 12:45:00,1261.88,1261.88,1261.75,1261.75,-0.01,11.27,13885.55,-1
2023-08-15,2023-08-15 12:46:00,1261.75,1261.75,1261.62,1261.62,-0.01,11.27,13885.55,-1
2023-08-15,2023-08-15 12:47:00,1261.62,1261.62,1261.5,1261.5,-0.01,11.27,13885.55,-1
2023-08-15,2023-08-15 12:48:00,1261.5,1261.5,1261.38,1261.38,-0.01,11.27,13885.55,-1
2023-08-15,2023-08-15 12:49:00,1261.38,1261.38,1261.25,1261.25,-0.01,11.27,13885.55,-1
2023-08-15,2023-08-15 12:50:00,1261.25,1261.25,1261.12,1261.12,-0.01,11.27,13885.55,-1
2023-08-15,2023-08-15 12:51:00,1261.12,1261.12,1261.0,1261.0,-0.01,11.27,13885.55,-1
2023-08-15,2023-08-15 12:52:00,1261.0,1261.0,1260.88,1260.88,-0.01,11.27,13885.55,-1
2023-08-15,2023-08-15 12:53:00,1260.88,1260.88,1260.75,1260.75,-0.01,11.27,13885.55,-1
2023-08-15,2023-08-15 12:54:00,1260.75,1260.75,1260.62,1260.62,-0.01,11.27,13885.55,-1
2023-08-15,2023-08-15 12:55:00,1260.62,1260.62,1260.5,1260.5,-0.01,11.27,13885.55,-1
2023-08-15,2023-08-15 12:56:00,1260.5,1260.5,1260.38,1260.38,-0.01,11.27,13885.55,-1
2023-08-15,2023-08-15 12:57:00,1260.38,1260.38,1260.25,1260.25,-0.01,11.27,13885.55,-1
2023-08-15,2023-08-15 12:58:00,1260.25,1260.25,1260.12,1260.12,-0.01,11.27,13885.55,-1
2023-08-15,2023-08-15 12:59:00,1260.12,1260.12,1260.0,1260.0,-0.01,11.27,13885.55,-1
2023-08-15,2023-08-15 13:00:00,1260.0,1275.0,1212.1,1259.88,-0.01,11.27,13885.55,-1
2023-08-15,2023-08-15 13:01:00,1259.88,1259.88,1259.75,1259.75,-0.01,11.27,13885.55,-1
2023-08-15,2023-08-15 13:02:00,1259.75,1259.75,1259.62,1259.62,-0.01,11.27,13885.55,-1
2023-08-15,2023-08-15 13:03:00,1259.62,1259.62,1259.5,1259.5,-0.01,11.27,13885.55,-1
2023-08-15,2023-08-15 13:04:00,1259.5,1259.5,1259.38,1259.38,-0.01,11.27,13885.55,-1
2023-08-15,2023-08-15 13:05:00,1259.38,1259.38,1259.25,1259.25,-0.01,11.27,13885.55,-1
2023-08-15,2023-08-15 13:06:00,1259.25,1259.25,1259.12,1259.12,-0.01,11.27,13885.55,-1
2023-08-15,2023-08-15 13:07:00,1259.12,1259.12,1259.0,1259.0,-0.01,11.27,13885.55,-1
2023-08-15,2023-08-15 13:08:00,1259.0,1259.0,1258.88,1258.88,-0.01,11.27,13885.55,-1
2023-08-15,2023-08-15 13:09:00,1258.88,1258.88,1258.75,1258.75,-0.01,11.27,13885.55,-1
2023-08-15,2023-08-15 13:10:00,1258.75,1258.75,1258.62,1258.62,-0.01,11.27,13885.55,-1
2023-08-15,2023-08-15 13:11:00,1258.62,1258.62,1258.5,1258.5,-0.01,11.27,13885.55,-1
2023-08-15,2023-08-15 13:12:00,1258.5,1258.5,1258.38,1258.38,-0.01,11.27,13885.55,-1
2023-08-15,2023-08-15 13:13:00,1258.38,1258.38,1258.25,1258.25,-0.01,11.27,13885.55,-1
2023-08-15,2023-08-15 13:14:00,1258.25,1258.25,1258.12,1258.12,-0.01,11.27,13885.55,-1
2023-08-15,2023-08-15 13:15:00,1258.12,1258.12,1258.0,1258.0,-0.01,11.27,13885.55,-1
2023-08-15,2023-08-15 13:16:00,1258.0,1258.0,1257.88,1257.88,-0.01,11.27,13885.55,-1
2023-08-15,2023-08-15 13:17:00,1257.88,1257.88,1257.75,1257.75,-0.01,11.27,13885.55,-1
2023-08-15,2023-08-15 13:18:00,1257.75,1257.75,1257.62,1257.62,-0.01,11.27,13885.55,-1
2023-08-15,2023-08-15 13:19:00,1257.62,1257.62,1257.5,1257.5,-0.01,11.27,13885.55,-1
2023-08-15,2023-08-15 13:20:00,1257.5,1257.5,1257.38,1257.38,-0.01,11.27,13885.55,-1
2023-08-15,2023-08-15 13:21:00,1257.38,1257.38,1257.25,1257.25,-0.01,11.27,13885.55,-1
2023-08-15,2023-08-15 13:22:00,1257.25,1257.25,1257.12,1257.12,-0.01,11.27,13885.55,-1
2023-08-15,2023-08-15 13:23:00,1257.12,1257.12,1257.0,1257.0,-0.01,11.27,13885.55,-1
2023-08-15,2023-08-15 13:24:00,1257.0,1257.0,1256.88,1256.88,-0.01,11.27,13885.55,-1
2023-08-15,2023-08-15 13:25:00,1256.88,1256.88,1256.75,1256.75,-0.01,11.27,13885.55,-1
2023-08-15,2023-08-15 13:26:00,1256.75,1256.75,1256.62,1256.62,-0.01,11.27,13885.55,-1
2023-08-15,2023-08-15 13:27:00,1256.62,1256.62,1256.5,1256.5,-0.01,11.27,13885.55,-1
2023-08-15,2023-08-15 13:28:00,1256.5,1256.5,1256.38,1256.38,-0.01,11.27,13885.55,-1
2023-08-15,2023-08-15 13:29:00,1256.38,1256.38,1256.25,1256.25,-0.01,11.27,13885.55,-1
2023-08-15,2023-08-15 13:30:00,1256.25,1256.25,1256.12,1256.12,-0.01,11.27,13885.55,-1
2023-08-15,2023-08-15 13:31:00,1256.12,1256.12,1256.0,1256.0,-0.01,11.27,13885.55,-1
2023-08-15,2023-08-15 13:32:00,1256.0,1256.0,1255.88,1255.88,-0.01,11.27,13885.55,-1
2023-08-15,2023-08-15 13:33:00,1255.88,1255.88,1255.75,1255.75,-0.01,11.27,13885.55,-1
2023-08-15,2023-08-15 13:34:00,1255.75,1255.75,1255.62,1255.62,-0.01,11.27,13885.55,-1
2023-08-15,2023-08-15 13:35:00,1255.62,1255.62,1255.5,1255.5,-0.01,11.27,13885.55,-1
2023-08-15,2023-08-15 13:36:00,1255.5,1255.5,1255.38,1255.38,-0.01,11.27,13885.55,-1
2023-08-15,2023-08-15 13:37:00,1255.38,1255.38,1255.25,1255.25,-0.01,11.27,13885.55,-1
2023-08-15,2023-08-15 13:38:00,1255.25,1255.25,1255.12,1255.12,-0.01,11.27,13885.55,-1
2023-08-15,2023-08-15 13:39:00,1255.12,1255.12,1255.0,1255.0,-0.01,11.27,13885.55,-1
2023-08-15,2023-08-15 13:40:00,1255.0,1255.0,1254.88,1254.88,-0.01,11.27,13885.55,-1
2023-08-15,2023-08-15 13:41:00,1254.88,1254.88,1254.75,1254.75,-0.01,11.27,13885.55,-1
2023-08-15,2023-08-15 13:42:00,1254.75,1254.75,1254.62,1254.62,-0.01,11.27,13885.55,-1
2023-08-15,2023-08-15 13:43:00,1254.62,1254.62,1254.5,1254.5,-0.01,11.27,13885.55,-1
2023-08-15,2023-08-15 13:44:00,1254.5,1254.5,1254.38,1254.38,-0.01,11.27,13885.55,-1
2023-08-15,2023-08-15 13:45:00,1254.38,1254.38,1254.25,1254.25,-0.01,11.27,13885.55,-1
2023-08-15,2023-08-15 13:46:00,1254.25,1254.25,1254.12,1254.12,-0.01,11.27,13885.55,-1
2023-08-15,2023-08-15 13:47:00,1254.12,1254.12,1254.0,1254.0,-0.01,11.27,13885.55,-1
2023-08-15,2023-08-15 13:48:00,1254.0,1254.0,1253.88,1253.88,-0.01,11.27,13885.55,-1
2023-08-15,2023-08-15 13:49:00,1253.88,1253.88,1253.75,1253.75,-0.01,11.27,13885.55,-1
2023-08-15,2023-08-15 13:50:00,1253.75,1253.75,1253.62,1253.62,-0.01,11.27,13885.55,-1
2023-08-15,2023-08-15 13:51:00,1253.62,1253.62,1253.5,1253.5,-0.01,11.27,13885.55,-1
2023-08-15,2023-08-15 13:52:00,1253.5,1253.5,1253.38,1253.38,-0.01,11.27,13885.55,-1
2023-08-15,2023-08-15 13:53:00,1253.38,1253.38,1253.25,1253.25,-0.01,11.27,13885.55,-1
2023-08-15,2023-08-15 13:54:00,1253.25,1253.25,1253.12,1253.12,-0.01,11.27,13885.55,-1
2023-08-15,2023-08-15 13:55:00,1253.12,1253.12,1253.0,1253.0,-0.01,11.27,13885.55,-1
2023-08-15,2023-08-15 13:56:00,1253.0,1253.0,1252.88,1252.88,-0.01,11.27,13885.55,-1
2023-08-15,2023-08-15 13:57:00,1252.88,1252.88,1252.75,1252.75,-0.01,11.27,13885.55,-1
2023-08-15,2023-08-15 13:58:00,1252.75,1252.75,1252.62,1252.62,-0.01,11.27,13885.55,-1
2023-08-15,2023-08-15 13:59:00,1252.62,1252.62,1252.5,1252.5,-0.01,11.27,13885.55,-1
2023-08-15,2023-08-15 14:00:00,1252.5,1252.5,1252.38,1252.38,-0.01,11.27,13885.55,-1
2023-08-15,2023-08-15 14:01:00,1252.38,1252.38,1252.25,1252.25,-0.01,11.27,13885.55,-1
2023-08-15,2023-08-15 14:02:00,1252.25,1252.25,1252.12,1252.12,-0.01,11.27,13885.55,-1
2023-08-15,2023-08-15 14:03:00,1252.12,1252.12,1252.0,1252.0,-0.01,11.27,13885.55,-1
2023-08-15,2023-08-15 14:04:00,1252.0,1252.0,1251.88,1251.88,-0.01,11.27,13885.55,-1
2023-08-15,2023-08-15 14:05:00,1251.88,1251.88,1251.75,1251.75,-0.01,11.27,13885.55,-1
2023-08-15,2023-08-15 14:06:00,1251.75,1251.75,1251.62,1251.62,-0.01,11.27,13885.55,-1
2023-08-15,2023-08-15 14:07:00,1251.62,1251.62,1251.5,1251.5,-0.01,11.27,13885.55,-1
2023-08-15,2023-08-15 14:08:00,1251.5,1251.5,1251.38,1251.38,-0.01,11.27,13885.55,-1
2023-08-15,2023-08-15 14:09:00,1251.38,1251.38,1251.25,1251.25,-0.01,11.27,13885.55,-1
2023-08-15,2023-08-15 14:10:00,1251.25,1251.25,1251.12,1251.12,-0.01,11.27,13885.55,-1
2023-08-15,2023-08-15 14:11:00,1251.12,1251.12,1251.0,1251.0,-0.01,11.27,13885.55,-1
2023-08-15,2023-08-15 14:12:00,1251.0,1251.0,1250.88,1250.88,-0.01,11.27,13885.55,-1
2023-08-15,2023-08-15 14:13:00,1250.88,1250.88,1250.75,1250.75,-0.01,11.27,13885.55,-1
2023-08-15,2023-08-15 14:14:00,1250.75,1250.75,1250.62,1250.62,-0.01,11.27,13885.55,-1
2023-08-15,2023-08-15 14:15:00,1250.62,1250.62,1250.5,1250.5,-0.01,11.27,13885.55,-1
2023-08-15,2023-08-15 14:16:00,1250.5,1250.5,1250.38,1250.38,-0.01,11.27,13885.55,-1
2023-08-15,2023-08-15 14:17:00,1250.38,1250.38,1250.25,1250.25,-0.01,11.27,13885.55,-1
2023-08-15,2023-08-15 14:18:00,1250.25,1250.25,1250.12,1250.12,-0.01,11.27,13885.55,-1
2023-08-15,2023-08-15 14:19:00,1250.12,1250.12,1250.0,1250.0,-0.01,11.27,13885.55,-1
2023-08-15,2023-08-15 14:20:00,1250.0,1250.0,1249.88,1249.88,-0.01,11.27,13885.55,-1
2023-08-15,2023-08-15 14:21:00,1249.88,1249.88,1249.75,1249.75,-0.01,11.27,13885.55,-1
2023-08-15,2023-08-15 14:22:00,1249.75,1249.75,1249.62,1249.62,-0.01,11.27,13885.55,-1
2023-08-15,2023-08-15 14:23:00,1249.62,1249.62,1249.5,1249.5,-0.01,11.27,13885.55,-1
2023-08-15,2023-08-15 14:24:00,1249.5,1249.5,1249.38,1249.38,-0.01,11.27,13885.55,-1
2023-08-15,2023-08-15 14:25:00,1249.38,1249.38,1249.25,1249.25,-0.01,11.27,13885.55,-1
2023-08-15,2023-08-15 14:26:00,1249.25,1249.25,1249.12,1249.12,-0.01,11.27,13885.55,-1
2023-08-15,2023-08-15 14:27:00,1249.12,1249.12,1249.0,1249.0,-0.01,11.27,13885.55,-1
2023-08-15,2023-08-15 14:28:00,1249.0,1249.0,1248.88,1248.88,-0.01,11.27,13885.55,-1
2023-08-15,2023-08-15 14:29:00,1248.88,1248.88,1248.75,1248.75,-0.01,11.27,13885.55,-1
2023-08-15,2023-08-15 14:30:00,1248.75,1248.75,1248.62,1248.62,-0.01,11.27,13885.55,-1
2023-08-15,2023-08-15 14:31:00,1248.62,1248.62,1248.5,1248.5,-0.01,11.27,13885.55,-1
2023-08-15,2023-08-15 14:32:00,1248.5,1248.5,1248.38,1248.38,-0.01,11.27,13885.55,-1
2023-08-15,2023-08-15 14:33:00,1248.38,1248.38,1248.25,1248.25,-0.01,11.27,13885.55,-1
2023-08-15,2023-08-15 14:34:00,1248.25,1248.25,1248.12,1248.12,-0.01,11.27,13885.55,-1
2023-08-15,2023-08-15 14:35:00,1248.12,1248.12,1248.0,1248.0,-0.01,11.27,13885.55,-1
2023-08-15,2023-08-15 14:36:00,1248.0,1248.0,1247.88,1247.88,-0.01,11.27,13885.55,-1
2023-08-15,2023-08-15 14:37:00,1247.88,1247.88,1247.75,1247.75,-0.01,11.27,13885.55,-1
2023-08-15,2023-08-15 14:38:00,1247.75,1247.75,1247.62,1247.62,-0.01,11.27,13885.55,-1
2023-08-15,2023-08-15 14:39:00,1247.62,1247.62,1247.5,1247.5,-0.01,11.27,13885.55,-1
2023-08-15,2023-08-15 14:40:00,1247.5,1247.5,1247.38,1247.38,-0.01,11.27,13885.55,-1
2023-08-15,2023-08-15 14:41:00,1247.38,1247.38,1247.25,1247.25,-0.01,11.27,13885.55,-1
2023-08-15,2023-08-15 14:42:00,1247.25,1247.25,1247.12,1247.12,-0.01,11.27,13885.55,-1
2023-08-15,2023-08-15 14:43:00,1247.12,1247.12,1247.0,1247.0,-0.01,11.27,13885.55,-1
2023-08-15,2023-08-15 14:44:00,1247.0,1247.0,1246.88,1246.88,-0.01,11.27,13885.55,-1
2023-08-15,2023-08-15 14:45:00,1246.88,1246.88,1246.75,1246.75,-0.01,11.27,13885.55,-1
2023-08-15,2023-08-15 14:46:00,1246.75,1246.75,1246.62,1246.62,-0.01,11.27,13885.55,-1
2023-08-15,2023-08-15 14:47:00,1246.62,1246.62,1246.5,1246.5,-0.01,11.27,13885.55,-1
2023-08-15,2023-08-15 14:48:00,1246.5,1246.5,1246.38,1246.38,-0.01,11.27,13885.55,-1
2023-08-15,2023-08-15 14:49:00,1246.38,1246.38,1246.25,1246.25,-0.01,11.27,13885.55,-1
2023-08-15,2023-08-15 14:50:00,1246.25,1246.25,1246.12,1246.12,-0.01,11.27,13885.55,-1
2023-08-15,2023-08-15 14:51:00,1246.12,1246.12,1246.0,1246.0,-0.01,11.27,13885.55,-1
2023-08-15,2023-08-15 14:52:00,1246.0,1246.0,1245.88,1245.88,-0.01,11.27,13885.55,-1
2023-08-15,2023-08-15 14:53:00,1245.88,1245.88,1245.75,1245.75,-0.01,11.27,13885.55,-1
2023-08-15,2023-08-15 14:54:00,1245.75,1245.75,1245.62,1245.62,-0.01,11.27,13885.55,-1
2023-08-15,2023-08-15 14:55:00,1245.62,1245.62,1245.5,1245.5,-0.01,11.27,13885.55,-1
2023-08-15,2023-08-15 14:56:00,1245.5,1245.5,1245.38,1245.38,-0.01,11.27,13885.55,-1
2023-08-15,2023-08-15 14:57:00,1245.38,1245.38,1245.25,1245.25,-0.01,11.27,13885.55,-1
2023-08-15,2023-08-15 14:58:00,1245.25,1245.25,1245.12,1245.12,-0.01,11.27,13885.55,-1
2023-08-15,2023-08-15 14:59:00,1245.12,1245.12,1245.0,1245.0,-0.01,11.27,13885.55,-1
2023-08-15,2023-08-15 15:00:00,1245.0,1275.0,1212.1,1245.0,0.0,11.27,13885.55,0
2023-08-16,2023-08-16 11:00:00,1220.1,1230.87,1213.77,1220.07,-0.0,3.07,3726.45,-1
2023-08-16,2023-08-16 11:01:00,1220.07,1220.07,1220.05,1220.05,-0.0,3.07,3726.45,-1
2023-08-16,2023-08-16 11:02:00,1220.05,1220.05,1220.02,1220.02,-0.0,3.07,3726.45,-1
2023-08-16,2023-08-16 11:03:00,1220.02,1220.02,1220.0,1220.0,-0.0,3.07,3726.45,-1
2023-08-16,2023-08-16 11:04:00,1220.0,1220.0,1219.97,1219.97,-0.0,3.07,3726.45,-1
2023-08-16,2023-08-16 11:05:00,1219.97,1219.97,1219.95,1219.95,-0.0,3.07,3726.45,-1
2023-08-16,2023-08-16 11:06:00,1219.95,1219.95,1219.92,1219.92,-0.0,3.07,3726.45,-1
2023-08-16,2023-08-16 11:07:00,1219.92,1219.92,1219.9,1219.9,-0.0,3.07,3726.45,-1
2023-08-16,2023-08-16 11:08:00,1219.9,1219.9,1219.87,1219.87,-0.0,3.07,3726.45,-1
2023-08-16,2023-08-16 11:09:00,1219.87,1219.87,1219.85,1219.85,-0.0,3.07,3726.45,-1
2023-08-16,2023-08-16 11:10:00,1219.85,1219.85,1219.82,1219.82,-0.0,3.07,3726.45,-1
2023-08-16,2023-08-16 11:11:00,1219.82,1219.82,1219.79,1219.79,-0.0,3.07,3726.45,-1
2023-08-16,2023-08-16 11:12:00,1219.79,1219.79,1219.77,1219.77,-0.0,3.07,3726.45,-1
2023-08-16,2023-08-16 11:13:00,1219.77,1219.77,1219.74,1219.74,-0.0,3.07,3726.45,-1
2023-08-16,2023-08-16 11:14:00,1219.74,1219.74,1219.72,1219.72,-0.0,3.07,3726.45,-1
2023-08-16,2023-08-16 11:15:00,1219.72,1219.72,1219.69,1219.69,-0.0,3.07,3726.45,-1
2023-08-16,2023-08-16 11:16:00,1219.69,1219.69,1219.67,1219.67,-0.0,3.07,3726.45,-1
2023-08-16,2023-08-16 11:17:00,1219.67,1219.67,1219.64,1219.64,-0.0,3.07,3726.45,-1
2023-08-16,2023-08-16 11:18:00,1219.64,1219.64,1219.62,1219.62,-0.0,3.07,3726.45,-1
2023-08-16,2023-08-16 11:19:00,1219.62,1219.62,1219.59,1219.59,-0.0,3.07,3726.45,-1
2023-08-16,2023-08-16 11:20:00,1219.59,1219.59,1219.57,1219.57,-0.0,3.07,3726.45,-1
2023-08-16,2023-08-16 11:21:00,1219.57,1219.57,1219.54,1219.54,-0.0,3.07,3726.45,-1
2023-08-16,2023-08-16 11:22:00,1219.54,1219.54,1219.52,1219.52,-0.0,3.07,3726.45,-1
2023-08-16,2023-08-16 11:23:00,1219.52,1219.52,1219.49,1219.49,-0.0,3.07,3726.45,-1
2023-08-16,2023-08-16 11:24:00,1219.49,1219.49,1219.46,1219.46,-0.0,3.07,3726.45,-1
2023-08-16,2023-08-16 11:25:00,1219.46,1219.46,1219.44,1219.44,-0.0,3.07,3726.45,-1
2023-08-16,2023-08-16 11:26:00,1219.44,1219.44,1219.41,1219.41,-0.0,3.07,3726.45,-1
2023-08-16,2023-08-16 11:27:00,1219.41,1219.41,1219.39,1219.39,-0.0,3.07,3726.45,-1
2023-08-16,2023-08-16 11:28:00,1219.39,1219.39,1219.36,1219.36,-0.0,3.07,3726.45,-1
2023-08-16,2023-08-16 11:29:00,1219.36,1219.36,1219.34,1219.34,-0.0,3.07,3726.45,-1
2023-08-16,2023-08-16 11:30:00,1219.34,1219.34,1219.31,1219.31,-0.0,3.07,3726.45,-1
2023-08-16,2023-08-16 11:31:00,1219.31,1219.31,1219.29,1219.29,-0.0,3.07,3726.45,-1
2023-08-16,2023-08-16 11:32:00,1219.29,1219.29,1219.26,1219.26,-0.0,3.07,3726.45,-1
2023-08-16,2023-08-16 11:33:00,1219.26,1219.26,1219.24,1219.24,-0.0,3.07,3726.45,-1
2023-08-16,2023-08-16 11:34:00,1219.24,1219.24,1219.21,1219.21,-0.0,3.07,3726.45,-1
2023-08-16,2023-08-16 11:35:00,1219.21,1219.21,1219.18,1219.18,-0.0,3.07,3726.45,-1
2023-08-16,2023-08-16 11:36:00,1219.18,1219.18,1219.16,1219.16,-0.0,3.07,3726.45,-1
2023-08-16,2023-08-16 11:37:00,1219.16,1219.16,1219.13,1219.13,-0.0,3.07,3726.45,-1
2023-08-16,2023-08-16 11:38:00,1219.13,1219.13,1219.11,1219.11,-0.0,3.07,3726.45,-1
2023-08-16,2023-08-16 11:39:00,1219.11,1219.11,1219.08,1219.08,-0.0,3.07,3726.45,-1
2023-08-16,2023-08-16 11:40:00,1219.08,1219.08,1219.06,1219.06,-0.0,3.07,3726.45,-1
2023-08-16,2023-08-16 11:41:00,1219.06,1219.06,1219.03,1219.03,-0.0,3.07,3726.45,-1
2023-08-16,2023-08-16 11:42:00,1219.03,1219.03,1219.01,1219.01,-0.0,3.07,3726.45,-1
2023-08-16,2023-08-16 11:43:00,1219.01,1219.01,1218.98,1218.98,-0.0,3.07,3726.45,-1
2023-08-16,2023-08-16 11:44:00,1218.98,1218.98,1218.96,1218.96,-0.0,3.07,3726.45,-1
2023-08-16,2023-08-16 11:45:00,1218.96,1218.96,1218.93,1218.93,-0.0,3.07,3726.45,-1
2023-08-16,2023-08-16 11:46:00,1218.93,1218.93,1218.91,1218.91,-0.0,3.07,3726.45,-1
2023-08-16,2023-08-16 11:47:00,1218.91,1218.91,1218.88,1218.88,-0.0,3.07,3726.45,-1
2023-08-16,2023-08-16 11:48:00,1218.88,1218.88,1218.85,1218.85,-0.0,3.07,3726.45,-1
2023-08-16,2023-08-16 11:49:00,1218.85,1218.85,1218.83,1218.83,-0.0,3.07,3726.45,-1
2023-08-16,2023-08-16 11:50:00,1218.83,1218.83,1218.8,1218.8,-0.0,3.07,3726.45,-1
2023-08-16,2023-08-16 11:51:00,1218.8,1218.8,1218.78,1218.78,-0.0,3.07,3726.45,-1
2023-08-16,2023-08-16 11:52:00,1218.78,1218.78,1218.75,1218.75,-0.0,3.07,3726.45,-1
2023-08-16,2023-08-16 11:53:00,1218.75,1218.75,1218.73,1218.73,-0.0,3.07,3726.45,-1
2023-08-16,2023-08-16 11:54:00,1218.73,1218.73,1218.7,1218.7,-0.0,3.07,3726.45,-1
2023-08-16,2023-08-16 11:55:00,1218.7,1218.7,1218.68,1218.68,-0.0,3.07,3726.45,-1
2023-08-16,2023-08-16 11:56:00,1218.68,1218.68,1218.65,1218.65,-0.0,3.07,3726.45,-1
2023-08-16,2023-08-16 11:57:00,1218.65,1218.65,1218.63,1218.63,-0.0,3.07,3726.45,-1
2023-08-16,2023-08-16 11:58:00,1218.63,1218.63,1218.6,1218.6,-0.0,3.07,3726.45,-1
2023-08-16,2023-08-16 11:59:00,1218.6,1218.6,1218.57,1218.57,-0.0,3.07,3726.45,-1
2023-08-16,2023-08-16 12:00:00,1218.57,1218.57,1218.55,1218.55,-0.0,3.07,3726.45,-1
2023-08-16,2023-08-16 12:01:00,1218.55,1218.55,1218.52,1218.52,-0.0,3.07,3726.45,-1
2023-08-16,2023-08-16 12:02:00,1218.52,1218.52,1218.5,1218.5,-0.0,3.07,3726.45,-1
2023-08-16,2023-08-16 12:03:00,1218.5,1218.5,1218.47,1218.47,-0.0,3.07,3726.45,-1
2023-08-16,2023-08-16 12:04:00,1218.47,1218.47,1218.45,1218.45,-0.0,3.07,3726.45,-1
2023-08-16,2023-08-16 12:05:00,1218.45,1218.45,1218.42,1218.42,-0.0,3.07,3726.45,-1
2023-08-16,2023-08-16 12:06:00,1218.42,1218.42,1218.4,1218.4,-0.0,3.07,3726.45,-1
2023-08-16,2023-08-16 12:07:00,1218.4,1218.4,1218.37,1218.37,-0.0,3.07,3726.45,-1
2023-08-16,2023-08-16 12:08:00,1218.37,1218.37,1218.35,1218.35,-0.0,3.07,3726.45,-1
2023-08-16,2023-08-16 12:09:00,1218.35,1218.35,1218.32,1218.32,-0.0,3.07,3726.45,-1
2023-08-16,2023-08-16 12:10:00,1218.32,1218.32,1218.3,1218.3,-0.0,3.07,3726.45,-1
2023-08-16,2023-08-16 12:11:00,1218.3,1218.3,1218.27,1218.27,-0.0,3.07,3726.45,-1
2023-08-16,2023-08-16 12:12:00,1218.27,1218.27,1218.24,1218.24,-0.0,3.07,3726.45,-1
2023-08-16,2023-08-16 12:13:00,1218.24,1218.24,1218.22,1218.22,-0.0,3.07,3726.45,-1
2023-08-16,2023-08-16 12:14:00,1218.22,1218.22,1218.19,1218.19,-0.0,3.07,3726.45,-1
2023-08-16,2023-08-16 12:15:00,1218.19,1218.19,1218.17,1218.17,-0.0,3.07,3726.45,-1
2023-08-16,2023-08-16 12:16:00,1218.17,1218.17,1218.14,1218.14,-0.0,3.07,3726.45,-1
2023-08-16,2023-08-16 12:17:00,1218.14,1218.14,1218.12,1218.12,-0.0,3.07,3726.45,-1
2023-08-16,2023-08-16 12:18:00,1218.12,1218.12,1218.09,1218.09,-0.0,3.07,3726.45,-1
2023-08-16,2023-08-16 12:19:00,1218.09,1218.09,1218.07,1218.07,-0.0,3.07,3726.45,-1
2023-08-16,2023-08-16 12:20:00,1218.07,1218.07,1218.04,1218.04,-0.0,3.07,3726.45,-1
2023-08-16,2023-08-16 12:21:00,1218.04,1218.04,1218.02,1218.02,-0.0,3.07,3726.45,-1
2023-08-16,2023-08-16 12:22:00,1218.02,1218.02,1217.99,1217.99,-0.0,3.07,3726.45,-1
2023-08-16,2023-08-16 12:23:00,1217.99,1217.99,1217.96,1217.96,-0.0,3.07,3726.45,-1
2023-08-16,2023-08-16 12:24:00,1217.96,1217.96,1217.94,1217.94,-0.0,3.07,3726.45,-1
2023-08-16,2023-08-16 12:25:00,1217.94,1217.94,1217.91,1217.91,-0.0,3.07,3726.45,-1
2023-08-16,2023-08-16 12:26:00,1217.91,1217.91,1217.89,1217.89,-0.0,3.07,3726.45,-1
2023-08-16,2023-08-16 12:27:00,1217.89,1217.89,1217.86,1217.86,-0.0,3.07,3726.45,-1
2023-08-16,2023-08-16 12:28:00,1217.86,1217.86,1217.84,1217.84,-0.0,3.07,3726.45,-1
2023-08-16,2023-08-16 12:29:00,1217.84,1217.84,1217.81,1217.81,-0.0,3.07,3726.45,-1
2023-08-16,2023-08-16 12:30:00,1217.81,1217.81,1217.79,1217.79,-0.0,3.07,3726.45,-1
2023-08-16,2023-08-16 12:31:00,1217.79,1217.79,1217.76,1217.76,-0.0,3.07,3726.45,-1
2023-08-16,2023-08-16 12:32:00,1217.76,1217.76,1217.74,1217.74,-0.0,3.07,3726.45,-1
2023-08-16,2023-08-16 12:33:00,1217.74,1217.74,1217.71,1217.71,-0.0,3.07,3726.45,-1
2023-08-16,2023-08-16 12:34:00,1217.71,1217.71,1217.69,1217.69,-0.0,3.07,3726.45,-1
2023-08-16,2023-08-16 12:35:00,1217.69,1217.69,1217.66,1217.66,-0.0,3.07,3726.45,-1
2023-08-16,2023-08-16 12:36:00,1217.66,1217.66,1217.63,1217.63,-0.0,3.07,3726.45,-1
2023-08-16,2023-08-16 12:37:00,1217.63,1217.63,1217.61,1217.61,-0.0,3.07,3726.45,-1
2023-08-16,2023-08-16 12:38:00,1217.61,1217.61,1217.58,1217.58,-0.0,3.07,3726.45,-1
2023-08-16,2023-08-16 12:39:00,1217.58,1217.58,1217.56,1217.56,-0.0,3.07,3726.45,-1
2023-08-16,2023-08-16 12:40:00,1217.56,1217.56,1217.53,1217.53,-0.0,3.07,3726.45,-1
2023-08-16,2023-08-16 12:41:00,1217.53,1217.53,1217.51,1217.51,-0.0,3.07,3726.45,-1
2023-08-16,2023-08-16 12:42:00,1217.51,1217.51,1217.48,1217.48,-0.0,3.07,3726.45,-1
2023-08-16,2023-08-16 12:43:00,1217.48,1217.48,1217.46,1217.46,-0.0,3.07,3726.45,-1
2023-08-16,2023-08-16 12:44:00,1217.46,1217.46,1217.43,1217.43,-0.0,3.07,3726.45,-1
2023-08-16,2023-08-16 12:45:00,1217.43,1217.43,1217.41,1217.41,-0.0,3.07,3726.45,-1
2023-08-16,2023-08-16 12:46:00,1217.41,1217.41,1217.38,1217.38,-0.0,3.07,3726.45,-1
2023-08-16,2023-08-16 12:47:00,1217.38,1217.38,1217.36,1217.36,-0.0,3.07,3726.45,-1
2023-08-16,2023-08-16 12:48:00,1217.36,1217.36,1217.33,1217.33,-0.0,3.07,3726.45,-1
2023-08-16,2023-08-16 12:49:00,1217.33,1217.33,1217.3,1217.3,-0.0,3.07,3726.45,-1
2023-08-16,2023-08-16 12:50:00,1217.3,1217.3,1217.28,1217.28,-0.0,3.07,3726.45,-1
2023-08-16,2023-08-16 12:51:00,1217.28,1217.28,1217.25,1217.25,-0.0,3.07,3726.45,-1
2023-08-16,2023-08-16 12:52:00,1217.25,1217.25,1217.23,1217.23,-0.0,3.07,3726.45,-1
2023-08-16,2023-08-16 12:53:00,1217.23,1217.23,1217.2,1217.2,-0.0,3.07,3726.45,-1
2023-08-16,2023-08-16 12:54:00,1217.2,1217.2,1217.18,1217.18,-0.0,3.07,3726.45,-1
2023-08-16,2023-08-16 12:55:00,1217.18,1217.18,1217.15,1217.15,-0.0,3.07,3726.45,-1
2023-08-16,2023-08-16 12:56:00,1217.15,1217.15,1217.13,1217.13,-0.0,3.07,3726.45,-1
2023-08-16,2023-08-16 12:57:00,1217.13,1217.13,1217.1,1217.1,-0.0,3.07,3726.45,-1
2023-08-16,2023-08-16 12:58:00,1217.1,1217.1,1217.08,1217.08,-0.0,3.07,3726.45,-1
2023-08-16,2023-08-16 12:59:00,1217.08,1217.08,1217.05,1217.05,-0.0,3.07,3726.45,-1
2023-08-16,2023-08-16 13:00:00,1217.05,1256.0,1199.0,1217.02,-0.0,3.07,3726.45,-1
2023-08-16,2023-08-16 13:01:00,1217.02,1217.02,1217.0,1217.0,-0.0,3.07,3726.45,-1
2023-08-16,2023-08-16 13:02:00,1217.0,1217.0,1216.97,1216.97,-0.0,3.07,3726.45,-1
2023-08-16,2023-08-16 13:03:00,1216.97,1216.97,1216.95,1216.95,-0.0,3.07,3726.45,-1
2023-08-16,2023-08-16 13:04:00,1216.95,1216.95,1216.92,1216.92,-0.0,3.07,3726.45,-1
2023-08-16,2023-08-16 13:05:00,1216.92,1216.92,1216.9,1216.9,-0.0,3.07,3726.45,-1
2023-08-16,2023-08-16 13:06:00,1216.9,1216.9,1216.87,1216.87,-0.0,3.07,3726.45,-1
2023-08-16,2023-08-16 13:07:00,1216.87,1216.87,1216.85,1216.85,-0.0,3.07,3726.45,-1
2023-08-16,2023-08-16 13:08:00,1216.85,1216.85,1216.82,1216.82,-0.0,3.07,3726.45,-1
2023-08-16,2023-08-16 13:09:00,1216.82,1216.82,1216.8,1216.8,-0.0,3.07,3726.45,-1
2023-08-16,2023-08-16 13:10:00,1216.8,1216.8,1216.77,1216.77,-0.0,3.07,3726.45,-1
2023-08-16,2023-08-16 13:11:00,1216.77,1216.77,1216.74,1216.74,-0.0,3.07,3726.45,-1
2023-08-16,2023-08-16 13:12:00,1216.74,1216.74,1216.72,1216.72,-0.0,3.07,3726.45,-1
2023-08-16,2023-08-16 13:13:00,1216.72,1216.72,1216.69,1216.69,-0.0,3.07,3726.45,-1
2023-08-16,2023-08-16 13:14:00,1216.69,1216.69,1216.67,1216.67,-0.0,3.07,3726.45,-1
2023-08-16,2023-08-16 13:15:00,1216.67,1216.67,1216.64,1216.64,-0.0,3.07,3726.45,-1
2023-08-16,2023-08-16 13:16:00,1216.64,1216.64,1216.62,1216.62,-0.0,3.07,3726.45,-1
2023-08-16,2023-08-16 13:17:00,1216.62,1216.62,1216.59,1216.59,-0.0,3.07,3726.45,-1
2023-08-16,2023-08-16 13:18:00,1216.59,1216.59,1216.57,1216.57,-0.0,3.07,3726.45,-1
2023-08-16,2023-08-16 13:19:00,1216.57,1216.57,1216.54,1216.54,-0.0,3.07,3726.45,-1
2023-08-16,2023-08-16 13:20:00,1216.54,1216.54,1216.52,1216.52,-0.0,3.07,3726.45,-1
2023-08-16,2023-08-16 13:21:00,1216.52,1216.52,1216.49,1216.49,-0.0,3.07,3726.45,-1
2023-08-16,2023-08-16 13:22:00,1216.49,1216.49,1216.47,1216.47,-0.0,3.07,3726.45,-1
2023-08-16,2023-08-16 13:23:00,1216.47,1216.47,1216.44,1216.44,-0.0,3.07,3726.45,-1
2023-08-16,2023-08-16 13:24:00,1216.44,1216.44,1216.41,1216.41,-0.0,3.07,3726.45,-1
2023-08-16,2023-08-16 13:25:00,1216.41,1216.41,1216.39,1216.39,-0.0,3.07,3726.45,-1
2023-08-16,2023-08-16 13:26:00,1216.39,1216.39,1216.36,1216.36,-0.0,3.07,3726.45,-1
2023-08-16,2023-08-16 13:27:00,1216.36,1216.36,1216.34,1216.34,-0.0,3.07,3726.45,-1
2023-08-16,2023-08-16 13:28:00,1216.34,1216.34,1216.31,1216.31,-0.0,3.07,3726.45,-1
2023-08-16,2023-08-16 13:29:00,1216.31,1216.31,1216.29,1216.29,-0.0,3.07,3726.45,-1
2023-08-16,2023-08-16 13:30:00,1216.29,1216.29,1216.26,1216.26,-0.0,3.07,3726.45,-1
2023-08-16,2023-08-16 13:31:00,1216.26,1216.26,1216.24,1216.24,-0.0,3.07,3726.45,-1
2023-08-16,2023-08-16 13:32:00,1216.24,1216.24,1216.21,1216.21,-0.0,3.07,3726.45,-1
2023-08-16,2023-08-16 13:33:00,1216.21,1216.21,1216.19,1216.19,-0.0,3.07,3726.45,-1
2023-08-16,2023-08-16 13:34:00,1216.19,1216.19,1216.16,1216.16,-0.0,3.07,3726.45,-1
2023-08-16,2023-08-16 13:35:00,1216.16,1216.16,1216.13,1216.13,-0.0,3.07,3726.45,-1
2023-08-16,2023-08-16 13:36:00,1216.13,1216.13,1216.11,1216.11,-0.0,3.07,3726.45,-1
2023-08-16,2023-08-16 13:37:00,1216.11,1216.11,1216.08,1216.08,-0.0,3.07,3726.45,-1
2023-08-16,2023-08-16 13:38:00,1216.08,1216.08,1216.06,1216.06,-0.0,3.07,3726.45,-1
2023-08-16,2023-08-16 13:39:00,1216.06,1216.06,1216.03,1216.03,-0.0,3.07,3726.45,-1
2023-08-16,2023-08-16 13:40:00,1216.03,1216.03,1216.01,1216.01,-0.0,3.07,3726.45,-1
2023-08-16,2023-08-16 13:41:00,1216.01,1216.01,1215.98,1215.98,-0.0,3.07,3726.45,-1
2023-08-16,2023-08-16 13:42:00,1215.98,1215.98,1215.96,1215.96,-0.0,3.07,3726.45,-1
2023-08-16,2023-08-16 13:43:00,1215.96,1215.96,1215.93,1215.93,-0.0,3.07,3726.45,-1
2023-08-16,2023-08-16 13:44:00,1215.93,1215.93,1215.91,1215.91,-0.0,3.07,3726.45,-1
2023-08-16,2023-08-16 13:45:00,1215.91,1215.91,1215.88,1215.88,-0.0,3.07,3726.45,-1
2023-08-16,2023-08-16 13:46:00,1215.88,1215.88,1215.86,1215.86,-0.0,3.07,3726.45,-1
2023-08-16,2023-08-16 13:47:00,1215.86,1215.86,1215.83,1215.83,-0.0,3.07,3726.45,-1
2023-08-16,2023-08-16 13:48:00,1215.83,1215.83,1215.8,1215.8,-0.0,3.07,3726.45,-1
2023-08-16,2023-08-16 13:49:00,1215.8,1215.8,1215.78,1215.78,-0.0,3.07,3726.45,-1
2023-08-16,2023-08-16 13:50:00,1215.78,1215.78,1215.75,1215.75,-0.0,3.07,3726.45,-1
2023-08-16,2023-08-16 13:51:00,1215.75,1215.75,1215.73,1215.73,-0.0,3.07,3726.45,-1
2023-08-16,2023-08-16 13:52:00,1215.73,1215.73,1215.7,1215.7,-0.0,3.07,3726.45,-1
2023-08-16,2023-08-16 13:53:00,1215.7,1215.7,1215.68,1215.68,-0.0,3.07,3726.45,-1
2023-08-16,2023-08-16 13:54:00,1215.68,1215.68,1215.65,1215.65,-0.0,3.07,3726.45,-1
2023-08-16,2023-08-16 13:55:00,1215.65,1215.65,1215.63,1215.63,-0.0,3.07,3726.45,-1
2023-08-16,2023-08-16 13:56:00,1215.63,1215.63,1215.6,1215.6,-0.0,3.07,3726.45,-1
2023-08-16,2023-08-16 13:57:00,1215.6,1215.6,1215.58,1215.58,-0.0,3.07,3726.45,-1
2023-08-16,2023-08-16 13:58:00,1215.58,1215.58,1215.55,1215.55,-0.0,3.07,3726.45,-1
2023-08-16,2023-08-16 13:59:00,1215.55,1215.55,1215.53,1215.53,-0.0,3.07,3726.45,-1
2023-08-16,2023-08-16 14:00:00,1215.53,1215.53,1215.5,1215.5,-0.0,3.07,3726.45,-1
2023-08-16,2023-08-16 14:01:00,1215.5,1215.5,1215.47,1215.47,-0.0,3.07,3726.45,-1
2023-08-16,2023-08-16 14:02:00,1215.47,1215.47,1215.45,1215.45,-0.0,3.07,3726.45,-1
2023-08-16,2023-08-16 14:03:00,1215.45,1215.45,1215.42,1215.42,-0.0,3.07,3726.45,-1
2023-08-16,2023-08-16 14:04:00,1215.42,1215.42,1215.4,1215.4,-0.0,3.07,3726.45,-1
2023-08-16,2023-08-16 14:05:00,1215.4,1215.4,1215.37,1215.37,-0.0,3.07,3726.45,-1
2023-08-16,2023-08-16 14:06:00,1215.37,1215.37,1215.35,1215.35,-0.0,3.07,3726.45,-1
2023-08-16,2023-08-16 14:07:00,1215.35,1215.35,1215.32,1215.32,-0.0,3.07,3726.45,-1
2023-08-16,2023-08-16 14:08:00,1215.32,1215.32,1215.3,1215.3,-0.0,3.07,3726.45,-1
2023-08-16,2023-08-16 14:09:00,1215.3,1215.3,1215.27,1215.27,-0.0,3.07,3726.45,-1
2023-08-16,2023-08-16 14:10:00,1215.27,1215.27,1215.25,1215.25,-0.0,3.07,3726.45,-1
2023-08-16,2023-08-16 14:11:00,1215.25,1215.25,1215.22,1215.22,-0.0,3.07,3726.45,-1
2023-08-16,2023-08-16 14:12:00,1215.22,1215.22,1215.19,1215.19,-0.0,3.07,3726.45,-1
2023-08-16,2023-08-16 14:13:00,1215.19,1215.19,1215.17,1215.17,-0.0,3.07,3726.45,-1
2023-08-16,2023-08-16 14:14:00,1215.17,1215.17,1215.14,1215.14,-0.0,3.07,3726.45,-1
2023-08-16,2023-08-16 14:15:00,1215.14,1215.14,1215.12,1215.12,-0.0,3.07,3726.45,-1
2023-08-16,2023-08-16 14:16:00,1215.12,1215.12,1215.09,1215.09,-0.0,3.07,3726.45,-1
2023-08-16,2023-08-16 14:17:00,1215.09,1215.09,1215.07,1215.07,-0.0,3.07,3726.45,-1
2023-08-16,2023-08-16 14:18:00,1215.07,1215.07,1215.04,1215.04,-0.0,3.07,3726.45,-1
2023-08-16,2023-08-16 14:19:00,1215.04,1215.04,1215.02,1215.02,-0.0,3.07,3726.45,-1
2023-08-16,2023-08-16 14:20:00,1215.02,1215.02,1214.99,1214.99,-0.0,3.07,3726.45,-1
2023-08-16,2023-08-16 14:21:00,1214.99,1214.99,1214.97,1214.97,-0.0,3.07,3726.45,-1
2023-08-16,2023-08-16 14:22:00,1214.97,1214.97,1214.94,1214.94,-0.0,3.07,3726.45,-1
2023-08-16,2023-08-16 14:23:00,1214.94,1214.94,1214.91,1214.91,-0.0,3.07,3726.45,-1
2023-08-16,2023-08-16 14:24:00,1214.91,1214.91,1214.89,1214.89,-0.0,3.07,3726.45,-1
2023-08-16,2023-08-16 14:25:00,1214.89,1214.89,1214.86,1214.86,-0.0,3.07,3726.45,-1
2023-08-16,2023-08-16 14:26:00,1214.86,1214.86,1214.84,1214.84,-0.0,3.07,3726.45,-1
2023-08-16,2023-08-16 14:27:00,1214.84,1214.84,1214.81,1214.81,-0.0,3.07,3726.45,-1
2023-08-16,2023-08-16 14:28:00,1214.81,1214.81,1214.79,1214.79,-0.0,3.07,3726.45,-1
2023-08-16,2023-08-16 14:29:00,1214.79,1214.79,1214.76,1214.76,-0.0,3.07,3726.45,-1
2023-08-16,2023-08-16 14:30:00,1214.76,1214.76,1214.74,1214.74,-0.0,3.07,3726.45,-1
2023-08-16,2023-08-16 14:31:00,1214.74,1214.74,1214.71,1214.71,-0.0,3.07,3726.45,-1
2023-08-16,2023-08-16 14:32:00,1214.71,1214.71,1214.69,1214.69,-0.0,3.07,3726.45,-1
2023-08-16,2023-08-16 14:33:00,1214.69,1214.69,1214.66,1214.66,-0.0,3.07,3726.45,-1
2023-08-16,2023-08-16 14:34:00,1214.66,1214.66,1214.64,1214.64,-0.0,3.07,3726.45,-1
2023-08-16,2023-08-16 14:35:00,1214.64,1214.64,1214.61,1214.61,-0.0,3.07,3726.45,-1
2023-08-16,2023-08-16 14:36:00,1214.61,1214.61,1214.58,1214.58,-0.0,3.07,3726.45,-1
2023-08-16,2023-08-16 14:37:00,1214.58,1214.58,1214.56,1214.56,-0.0,3.07,3726.45,-1
2023-08-16,2023-08-16 14:38:00,1214.56,1214.56,1214.53,1214.53,-0.0,3.07,3726.45,-1
2023-08-16,2023-08-16 14:39:00,1214.53,1214.53,1214.51,1214.51,-0.0,3.07,3726.45,-1
2023-08-16,2023-08-16 14:40:00,1214.51,1214.51,1214.48,1214.48,-0.0,3.07,3726.45,-1
2023-08-16,2023-08-16 14:41:00,1214.48,1214.48,1214.46,1214.46,-0.0,3.07,3726.45,-1
2023-08-16,2023-08-16 14:42:00,1214.46,1214.46,1214.43,1214.43,-0.0,3.07,3726.45,-1
2023-08-16,2023-08-16 14:43:00,1214.43,1214.43,1214.41,1214.41,-0.0,3.07,3726.45,-1
2023-08-16,2023-08-16 14:44:00,1214.41,1214.41,1214.38,1214.38,-0.0,3.07,3726.45,-1
2023-08-16,2023-08-16 14:45:00,1214.38,1214.38,1214.36,1214.36,-0.0,3.07,3726.45,-1
2023-08-16,2023-08-16 14:46:00,1214.36,1214.36,1214.33,1214.33,-0.0,3.07,3726.45,-1
2023-08-16,2023-08-16 14:47:00,1214.33,1214.33,1214.31,1214.31,-0.0,3.07,3726.45,-1
2023-08-16,2023-08-16 14:48:00,1214.31,1214.31,1214.28,1214.28,-0.0,3.07,3726.45,-1
2023-08-16,2023-08-16 14:49:00,1214.28,1214.28,1214.25,1214.25,-0.0,3.07,3726.45,-1
2023-08-16,2023-08-16 14:50:00,1214.25,1214.25,1214.23,1214.23,-0.0,3.07,3726.45,-1
2023-08-16,2023-08-16 14:51:00,1214.23,1214.23,1214.2,1214.2,-0.0,3.07,3726.45,-1
2023-08-16,2023-08-16 14:52:00,1214.2,1214.2,1214.18,1214.18,-0.0,3.07,3726.45,-1
2023-08-16,2023-08-16 14:53:00,1214.18,1214.18,1214.15,1214.15,-0.0,3.07,3726.45,-1
2023-08-16,2023-08-16 14:54:00,1214.15,1214.15,1214.13,1214.13,-0.0,3.07,3726.45,-1
2023-08-16,2023-08-16 14:55:00,1214.13,1214.13,1214.1,1214.1,-0.0,3.07,3726.45,-1
2023-08-16,2023-08-16 14:56:00,1214.1,1214.1,1214.08,1214.08,-0.0,3.07,3726.45,-1
2023-08-16,2023-08-16 14:57:00,1214.08,1214.08,1214.05,1214.05,-0.0,3.07,3726.45,-1
2023-08-16,2023-08-16 14:58:00,1214.05,1214.05,1214.03,1214.03,-0.0,3.07,3726.45,-1
2023-08-16,2023-08-16 14:59:00,1214.03,1214.03,1214.0,1214.0,-0.0,3.07,3726.45,-1
2023-08-16,2023-08-16 15:00:00,1214.0,1256.0,1199.0,1214.0,0.0,3.07,3726.45,0
2023-08-17,2023-08-17 11:00:00,1238.2,1238.2,1223.74,1238.0,-0.02,7.73,9268.76,-1
2023-08-17,2023-08-17 11:01:00,1238.0,1238.0,1237.81,1237.81,-0.02,7.73,9268.76,-1
2023-08-17,2023-08-17 11:02:00,1237.81,1237.81,1237.61,1237.61,-0.02,7.73,9268.76,-1
2023-08-17,2023-08-17 11:03:00,1237.61,1237.61,1237.41,1237.41,-0.02,7.73,9268.76,-1
2023-08-17,2023-08-17 11:04:00,1237.41,1237.41,1237.22,1237.22,-0.02,7.73,9268.76,-1
2023-08-17,2023-08-17 11:05:00,1237.22,1237.22,1237.02,1237.02,-0.02,7.73,9268.76,-1
2023-08-17,2023-08-17 11:06:00,1237.02,1237.02,1236.82,1236.82,-0.02,7.73,9268.76,-1
2023-08-17,2023-08-17 11:07:00,1236.82,1236.82,1236.63,1236.63,-0.02,7.73,9268.76,-1
2023-08-17,2023-08-17 11:08:00,1236.63,1236.63,1236.43,1236.43,-0.02,7.73,9268.76,-1
2023-08-17,2023-08-17 11:09:00,1236.43,1236.43,1236.23,1236.23,-0.02,7.73,9268.76,-1
2023-08-17,2023-08-17 11:10:00,1236.23,1236.23,1236.04,1236.04,-0.02,7.73,9268.76,-1
2023-08-17,2023-08-17 11:11:00,1236.04,1236.04,1235.84,1235.84,-0.02,7.73,9268.76,-1
2023-08-17,2023-08-17 11:12:00,1235.84,1235.84,1235.64,1235.64,-0.02,7.73,9268.76,-1
2023-08-17,2023-08-17 11:13:00,1235.64,1235.64,1235.45,1235.45,-0.02,7.73,9268.76,-1
2023-08-17,2023-08-17 11:14:00,1235.45,1235.45,1235.25,1235.25,-0.02,7.73,9268.76,-1
2023-08-17,2023-08-17 11:15:00,1235.25,1235.25,1235.05,1235.05,-0.02,7.73,9268.76,-1
2023-08-17,2023-08-17 11:16:00,1235.05,1235.05,1234.86,1234.86,-0.02,7.73,9268.76,-1
2023-08-17,2023-08-17 11:17:00,1234.86,1234.86,1234.66,1234.66,-0.02,7.73,9268.76,-1
2023-08-17,2023-08-17 11:18:00,1234.66,1234.66,1234.46,1234.46,-0.02,7.73,9268.76,-1
2023-08-17,2023-08-17 11:19:00,1234.46,1234.46,1234.27,1234.27,-0.02,7.73,9268.76,-1
2023-08-17,2023-08-17 11:20:00,1234.27,1234.27,1234.07,1234.07,-0.02,7.73,9268.76,-1
2023-08-17,2023-08-17 11:21:00,1234.07,1234.07,1233.87,1233.87,-0.02,7.73,9268.76,-1
2023-08-17,2023-08-17 11:22:00,1233.87,1233.87,1233.68,1233.68,-0.02,7.73,9268.76,-1
2023-08-17,2023-08-17 11:23:00,1233.68,1233.68,1233.48,1233.48,-0.02,7.73,9268.76,-1
2023-08-17,2023-08-17 11:24:00,1233.48,1233.48,1233.28,1233.28,-0.02,7.73,9268.76,-1
2023-08-17,2023-08-17 11:25:00,1233.28,1233.28,1233.09,1233.09,-0.02,7.73,9268.76,-1
2023-08-17,2023-08-17 11:26:00,1233.09,1233.09,1232.89,1232.89,-0.02,7.73,9268.76,-1
2023-08-17,2023-08-17 11:27:00,1232.89,1232.89,1232.69,1232.69,-0.02,7.73,9268.76,-1
2023-08-17,2023-08-17 11:28:00,1232.69,1232.69,1232.5,1232.5,-0.02,7.73,9268.76,-1
2023-08-17,2023-08-17 11:29:00,1232.5,1232.5,1232.3,1232.3,-0.02,7.73,9268.76,-1
2023-08-17,2023-08-17 11:30:00,1232.3,1232.3,1232.1,1232.1,-0.02,7.73,9268.76,-1
2023-08-17,2023-08-17 11:31:00,1232.1,1232.1,1231.91,1231.91,-0.02,7.73,9268.76,-1
2023-08-17,2023-08-17 11:32:00,1231.91,1231.91,1231.71,1231.71,-0.02,7.73,9268.76,-1
2023-08-17,2023-08-17 11:33:00,1231.71,1231.71,1231.51,1231.51,-0.02,7.73,9268.76,-1
2023-08-17,2023-08-17 11:34:00,1231.51,1231.51,1231.32,1231.32,-0.02,7.73,9268.76,-1
2023-08-17,2023-08-17 11:35:00,1231.32,1231.32,1231.12,1231.12,-0.02,7.73,9268.76,-1
2023-08-17,2023-08-17 11:36:00,1231.12,1231.12,1230.92,1230.92,-0.02,7.73,9268.76,-1
2023-08-17,2023-08-17 11:37:00,1230.92,1230.92,1230.73,1230.73,-0.02,7.73,9268.76,-1
2023-08-17,2023-08-17 11:38:00,1230.73,1230.73,1230.53,1230.53,-0.02,7.73,9268.76,-1
2023-08-17,2023-08-17 11:39:00,1230.53,1230.53,1230.33,1230.33,-0.02,7.73,9268.76,-1
2023-08-17,2023-08-17 11:40:00,1230.33,1230.33,1230.14,1230.14,-0.02,7.73,9268.76,-1
2023-08-17,2023-08-17 11:41:00,1230.14,1230.14,1229.94,1229.94,-0.02,7.73,9268.76,-1
2023-08-17,2023-08-17 11:42:00,1229.94,1229.94,1229.74,1229.74,-0.02,7.73,9268.76,-1
2023-08-17,2023-08-17 11:43:00,1229.74,1229.74,1229.55,1229.55,-0.02,7.73,9268.76,-1
2023-08-17,2023-08-17 11:44:00,1229.55,1229.55,1229.35,1229.35,-0.02,7.73,9268.76,-1
2023-08-17,2023-08-17 11:45:00,1229.35,1229.35,1229.15,1229.15,-0.02,7.73,9268.76,-1
2023-08-17,2023-08-17 11:46:00,1229.15,1229.15,1228.96,1228.96,-0.02,7.73,9268.76,-1
2023-08-17,2023-08-17 11:47:00,1228.96,1228.96,1228.76,1228.76,-0.02,7.73,9268.76,-1
2023-08-17,2023-08-17 11:48:00,1228.76,1228.76,1228.56,1228.56,-0.02,7.73,9268.76,-1
2023-08-17,2023-08-17 11:49:00,1228.56,1228.56,1228.37,1228.37,-0.02,7.73,9268.76,-1
2023-08-17,2023-08-17 11:50:00,1228.37,1228.37,1228.17,1228.17,-0.02,7.73,9268.76,-1
2023-08-17,2023-08-17 11:51:00,1228.17,1228.17,1227.97,1227.97,-0.02,7.73,9268.76,-1
2023-08-17,2023-08-17 11:52:00,1227.97,1227.97,1227.78,1227.78,-0.02,7.73,9268.76,-1
2023-08-17,2023-08-17 11:53:00,1227.78,1227.78,1227.58,1227.58,-0.02,7.73,9268.76,-1
2023-08-17,2023-08-17 11:54:00,1227.58,1227.58,1227.38,1227.38,-0.02,7.73,9268.76,-1
2023-08-17,2023-08-17 11:55:00,1227.38,1227.38,1227.19,1227.19,-0.02,7.73,9268.76,-1
2023-08-17,2023-08-17 11:56:00,1227.19,1227.19,1226.99,1226.99,-0.02,7.73,9268.76,-1
2023-08-17,2023-08-17 11:57:00,1226.99,1226.99,1226.79,1226.79,-0.02,7.73,9268.76,-1
2023-08-17,2023-08-17 11:58:00,1226.79,1226.79,1226.6,1226.6,-0.02,7.73,9268.76,-1
2023-08-17,2023-08-17 11:59:00,1226.6,1226.6,1226.4,1226.4,-0.02,7.73,9268.76,-1
2023-08-17,2023-08-17 12:00:00,1226.4,1226.4,1226.2,1226.2,-0.02,7.73,9268.76,-1
2023-08-17,2023-08-17 12:01:00,1226.2,1226.2,1226.01,1226.01,-0.02,7.73,9268.76,-1
2023-08-17,2023-08-17 12:02:00,1226.01,1226.01,1225.81,1225.81,-0.02,7.73,9268.76,-1
2023-08-17,2023-08-17 12:03:00,1225.81,1225.81,1225.61,1225.61,-0.02,7.73,9268.76,-1
2023-08-17,2023-08-17 12:04:00,1225.61,1225.61,1225.42,1225.42,-0.02,7.73,9268.76,-1
2023-08-17,2023-08-17 12:05:00,1225.42,1225.42,1225.22,1225.22,-0.02,7.73,9268.76,-1
2023-08-17,2023-08-17 12:06:00,1225.22,1225.22,1225.02,1225.02,-0.02,7.73,9268.76,-1
2023-08-17,2023-08-17 12:07:00,1225.02,1225.02,1224.83,1224.83,-0.02,7.73,9268.76,-1
2023-08-17,2023-08-17 12:08:00,1224.83,1224.83,1224.63,1224.63,-0.02,7.73,9268.76,-1
2023-08-17,2023-08-17 12:09:00,1224.63,1224.63,1224.43,1224.43,-0.02,7.73,9268.76,-1
2023-08-17,2023-08-17 12:10:00,1224.43,1224.43,1224.24,1224.24,-0.02,7.73,9268.76,-1
2023-08-17,2023-08-17 12:11:00,1224.24,1224.24,1224.04,1224.04,-0.02,7.73,9268.76,-1
2023-08-17,2023-08-17 12:12:00,1224.04,1224.04,1223.84,1223.84,-0.02,7.73,9268.76,-1
2023-08-17,2023-08-17 12:13:00,1223.84,1223.84,1223.65,1223.65,-0.02,7.73,9268.76,-1
2023-08-17,2023-08-17 12:14:00,1223.65,1223.65,1223.45,1223.45,-0.02,7.73,9268.76,-1
2023-08-17,2023-08-17 12:15:00,1223.45,1223.45,1223.25,1223.25,-0.02,7.73,9268.76,-1
2023-08-17,2023-08-17 12:16:00,1223.25,1223.25,1223.06,1223.06,-0.02,7.73,9268.76,-1
2023-08-17,2023-08-17 12:17:00,1223.06,1223.06,1222.86,1222.86,-0.02,7.73,9268.76,-1
2023-08-17,2023-08-17 12:18:00,1222.86,1222.86,1222.66,1222.66,-0.02,7.73,9268.76,-1
2023-08-17,2023-08-17 12:19:00,1222.66,1222.66,1222.47,1222.47,-0.02,7.73,9268.76,-1
2023-08-17,2023-08-17 12:20:00,1222.47,1222.47,1222.27,1222.27,-0.02,7.73,9268.76,-1
2023-08-17,2023-08-17 12:21:00,1222.27,1222.27,1222.07,1222.07,-0.02,7.73,9268.76,-1
2023-08-17,2023-08-17 12:22:00,1222.07,1222.07,1221.88,1221.88,-0.02,7.73,9268.76,-1
2023-08-17,2023-08-17 12:23:00,1221.88,1221.88,1221.68,1221.68,-0.02,7.73,9268.76,-1
2023-08-17,2023-08-17 12:24:00,1221.68,1221.68,1221.48,1221.48,-0.02,7.73,9268.76,-1
2023-08-17,2023-08-17 12:25:00,1221.48,1221.48,1221.29,1221.29,-0.02,7.73,9268.76,-1
2023-08-17,2023-08-17 12:26:00,1221.29,1221.29,1221.09,1221.09,-0.02,7.73,9268.76,-1
2023-08-17,2023-08-17 12:27:00,1221.09,1221.09,1220.89,1220.89,-0.02,7.73,9268.76,-1
2023-08-17,2023-08-17 12:28:00,1220.89,1220.89,1220.7,1220.7,-0.02,7.73,9268.76,-1
2023-08-17,2023-08-17 12:29:00,1220.7,1220.7,1220.5,1220.5,-0.02,7.73,9268.76,-1
2023-08-17,2023-08-17 12:30:00,1220.5,1220.5,1220.3,1220.3,-0.02,7.73,9268.76,-1
2023-08-17,2023-08-17 12:31:00,1220.3,1220.3,1220.11,1220.11,-0.02,7.73,9268.76,-1
2023-08-17,2023-08-17 12:32:00,1220.11,1220.11,1219.91,1219.91,-0.02,7.73,9268.76,-1
2023-08-17,2023-08-17 12:33:00,1219.91,1219.91,1219.71,1219.71,-0.02,7.73,9268.76,-1
2023-08-17,2023-08-17 12:34:00,1219.71,1219.71,1219.52,1219.52,-0.02,7.73,9268.76,-1
2023-08-17,2023-08-17 12:35:00,1219.52,1219.52,1219.32,1219.32,-0.02,7.73,9268.76,-1
2023-08-17,2023-08-17 12:36:00,1219.32,1219.32,1219.12,1219.12,-0.02,7.73,9268.76,-1
2023-08-17,2023-08-17 12:37:00,1219.12,1219.12,1218.93,1218.93,-0.02,7.73,9268.76,-1
2023-08-17,2023-08-17 12:38:00,1218.93,1218.93,1218.73,1218.73,-0.02,7.73,9268.76,-1
2023-08-17,2023-08-17 12:39:00,1218.73,1218.73,1218.53,1218.53,-0.02,7.73,9268.76,-1
2023-08-17,2023-08-17 12:40:00,1218.53,1218.53,1218.34,1218.34,-0.02,7.73,9268.76,-1
2023-08-17,2023-08-17 12:41:00,1218.34,1218.34,1218.14,1218.14,-0.02,7.73,9268.76,-1
2023-08-17,2023-08-17 12:42:00,1218.14,1218.14,1217.94,1217.94,-0.02,7.73,9268.76,-1
2023-08-17,2023-08-17 12:43:00,1217.94,1217.94,1217.75,1217.75,-0.02,7.73,9268.76,-1
2023-08-17,2023-08-17 12:44:00,1217.75,1217.75,1217.55,1217.55,-0.02,7.73,9268.76,-1
2023-08-17,2023-08-17 12:45:00,1217.55,1217.55,1217.35,1217.35,-0.02,7.73,9268.76,-1
2023-08-17,2023-08-17 12:46:00,1217.35,1217.35,1217.16,1217.16,-0.02,7.73,9268.76,-1
2023-08-17,2023-08-17 12:47:00,1217.16,1217.16,1216.96,1216.96,-0.02,7.73,9268.76,-1
2023-08-17,2023-08-17 12:48:00,1216.96,1216.96,1216.76,1216.76,-0.02,7.73,9268.76,-1
2023-08-17,2023-08-17 12:49:00,1216.76,1216.76,1216.57,1216.57,-0.02,7.73,9268.76,-1
2023-08-17,2023-08-17 12:50:00,1216.57,1216.57,1216.37,1216.37,-0.02,7.73,9268.76,-1
2023-08-17,2023-08-17 12:51:00,1216.37,1216.37,1216.17,1216.17,-0.02,7.73,9268.76,-1
2023-08-17,2023-08-17 12:52:00,1216.17,1216.17,1215.98,1215.98,-0.02,7.73,9268.76,-1
2023-08-17,2023-08-17 12:53:00,1215.98,1215.98,1215.78,1215.78,-0.02,7.73,9268.76,-1
2023-08-17,2023-08-17 12:54:00,1215.78,1215.78,1215.58,1215.58,-0.02,7.73,9268.76,-1
2023-08-17,2023-08-17 12:55:00,1215.58,1215.58,1215.39,1215.39,-0.02,7.73,9268.76,-1
2023-08-17,2023-08-17 12:56:00,1215.39,1215.39,1215.19,1215.19,-0.02,7.73,9268.76,-1
2023-08-17,2023-08-17 12:57:00,1215.19,1215.19,1214.99,1214.99,-0.02,7.73,9268.76,-1
2023-08-17,2023-08-17 12:58:00,1214.99,1214.99,1214.8,1214.8,-0.02,7.73,9268.76,-1
2023-08-17,2023-08-17 12:59:00,1214.8,1214.8,1214.6,1214.6,-0.02,7.73,9268.76,-1
2023-08-17,2023-08-17 13:00:00,1214.6,1238.2,1190.0,1214.4,-0.02,7.73,9268.76,-1
2023-08-17,2023-08-17 13:01:00,1214.4,1214.4,1214.21,1214.21,-0.02,7.73,9268.76,-1
2023-08-17,2023-08-17 13:02:00,1214.21,1214.21,1214.01,1214.01,-0.02,7.73,9268.76,-1
2023-08-17,2023-08-17 13:03:00,1214.01,1214.01,1213.81,1213.81,-0.02,7.73,9268.76,-1
2023-08-17,2023-08-17 13:04:00,1213.81,1213.81,1213.62,1213.62,-0.02,7.73,9268.76,-1
2023-08-17,2023-08-17 13:05:00,1213.62,1213.62,1213.42,1213.42,-0.02,7.73,9268.76,-1
2023-08-17,2023-08-17 13:06:00,1213.42,1213.42,1213.22,1213.22,-0.02,7.73,9268.76,-1
2023-08-17,2023-08-17 13:07:00,1213.22,1213.22,1213.03,1213.03,-0.02,7.73,9268.76,-1
2023-08-17,2023-08-17 13:08:00,1213.03,1213.03,1212.83,1212.83,-0.02,7.73,9268.76,-1
2023-08-17,2023-08-17 13:09:00,1212.83,1212.83,1212.63,1212.63,-0.02,7.73,9268.76,-1
2023-08-17,2023-08-17 13:10:00,1212.63,1212.63,1212.44,1212.44,-0.02,7.73,9268.76,-1
2023-08-17,2023-08-17 13:11:00,1212.44,1212.44,1212.24,1212.24,-0.02,7.73,9268.76,-1
2023-08-17,2023-08-17 13:12:00,1212.24,1212.24,1212.04,1212.04,-0.02,7.73,9268.76,-1
2023-08-17,2023-08-17 13:13:00,1212.04,1212.04,1211.85,1211.85,-0.02,7.73,9268.76,-1
2023-08-17,2023-08-17 13:14:00,1211.85,1211.85,1211.65,1211.65,-0.02,7.73,9268.76,-1
2023-08-17,2023-08-17 13:15:00,1211.65,1211.65,1211.45,1211.45,-0.02,7.73,9268.76,-1
2023-08-17,2023-08-17 13:16:00,1211.45,1211.45,1211.26,1211.26,-0.02,7.73,9268.76,-1
2023-08-17,2023-08-17 13:17:00,1211.26,1211.26,1211.06,1211.06,-0.02,7.73,9268.76,-1
2023-08-17,2023-08-17 13:18:00,1211.06,1211.06,1210.86,1210.86,-0.02,7.73,9268.76,-1
2023-08-17,2023-08-17 13:19:00,1210.86,1210.86,1210.67,1210.67,-0.02,7.73,9268.76,-1
2023-08-17,2023-08-17 13:20:00,1210.67,1210.67,1210.47,1210.47,-0.02,7.73,9268.76,-1
2023-08-17,2023-08-17 13:21:00,1210.47,1210.47,1210.27,1210.27,-0.02,7.73,9268.76,-1
2023-08-17,2023-08-17 13:22:00,1210.27,1210.27,1210.08,1210.08,-0.02,7.73,9268.76,-1
2023-08-17,2023-08-17 13:23:00,1210.08,1210.08,1209.88,1209.88,-0.02,7.73,9268.76,-1
2023-08-17,2023-08-17 13:24:00,1209.88,1209.88,1209.68,1209.68,-0.02,7.73,9268.76,-1
2023-08-17,2023-08-17 13:25:00,1209.68,1209.68,1209.49,1209.49,-0.02,7.73,9268.76,-1
2023-08-17,2023-08-17 13:26:00,1209.49,1209.49,1209.29,1209.29,-0.02,7.73,9268.76,-1
2023-08-17,2023-08-17 13:27:00,1209.29,1209.29,1209.09,1209.09,-0.02,7.73,9268.76,-1
2023-08-17,2023-08-17 13:28:00,1209.09,1209.09,1208.9,1208.9,-0.02,7.73,9268.76,-1
2023-08-17,2023-08-17 13:29:00,1208.9,1208.9,1208.7,1208.7,-0.02,7.73,9268.76,-1
2023-08-17,2023-08-17 13:30:00,1208.7,1208.7,1208.5,1208.5,-0.02,7.73,9268.76,-1
2023-08-17,2023-08-17 13:31:00,1208.5,1208.5,1208.31,1208.31,-0.02,7.73,9268.76,-1
2023-08-17,2023-08-17 13:32:00,1208.31,1208.31,1208.11,1208.11,-0.02,7.73,9268.76,-1
2023-08-17,2023-08-17 13:33:00,1208.11,1208.11,1207.91,1207.91,-0.02,7.73,9268.76,-1
2023-08-17,2023-08-17 13:34:00,1207.91,1207.91,1207.72,1207.72,-0.02,7.73,9268.76,-1
2023-08-17,2023-08-17 13:35:00,1207.72,1207.72,1207.52,1207.52,-0.02,7.73,9268.76,-1
2023-08-17,2023-08-17 13:36:00,1207.52,1207.52,1207.32,1207.32,-0.02,7.73,9268.76,-1
2023-08-17,2023-08-17 13:37:00,1207.32,1207.32,1207.13,1207.13,-0.02,7.73,9268.76,-1
2023-08-17,2023-08-17 13:38:00,1207.13,1207.13,1206.93,1206.93,-0.02,7.73,9268.76,-1
2023-08-17,2023-08-17 13:39:00,1206.93,1206.93,1206.73,1206.73,-0.02,7.73,9268.76,-1
2023-08-17,2023-08-17 13:40:00,1206.73,1206.73,1206.54,1206.54,-0.02,7.73,9268.76,-1
2023-08-17,2023-08-17 13:41:00,1206.54,1206.54,1206.34,1206.34,-0.02,7.73,9268.76,-1
2023-08-17,2023-08-17 13:42:00,1206.34,1206.34,1206.14,1206.14,-0.02,7.73,9268.76,-1
2023-08-17,2023-08-17 13:43:00,1206.14,1206.14,1205.95,1205.95,-0.02,7.73,9268.76,-1
2023-08-17,2023-08-17 13:44:00,1205.95,1205.95,1205.75,1205.75,-0.02,7.73,9268.76,-1
2023-08-17,2023-08-17 13:45:00,1205.75,1205.75,1205.55,1205.55,-0.02,7.73,9268.76,-1
2023-08-17,2023-08-17 13:46:00,1205.55,1205.55,1205.36,1205.36,-0.02,7.73,9268.76,-1
2023-08-17,2023-08-17 13:47:00,1205.36,1205.36,1205.16,1205.16,-0.02,7.73,9268.76,-1
2023-08-17,2023-08-17 13:48:00,1205.16,1205.16,1204.96,1204.96,-0.02,7.73,9268.76,-1
2023-08-17,2023-08-17 13:49:00,1204.96,1204.96,1204.77,1204.77,-0.02,7.73,9268.76,-1
2023-08-17,2023-08-17 13:50:00,1204.77,1204.77,1204.57,1204.57,-0.02,7.73,9268.76,-1
2023-08-17,2023-08-17 13:51:00,1204.57,1204.57,1204.37,1204.37,-0.02,7.73,9268.76,-1
2023-08-17,2023-08-17 13:52:00,1204.37,1204.37,1204.18,1204.18,-0.02,7.73,9268.76,-1
2023-08-17,2023-08-17 13:53:00,1204.18,1204.18,1203.98,1203.98,-0.02,7.73,9268.76,-1
2023-08-17,2023-08-17 13:54:00,1203.98,1203.98,1203.78,1203.78,-0.02,7.73,9268.76,-1
2023-08-17,2023-08-17 13:55:00,1203.78,1203.78,1203.59,1203.59,-0.02,7.73,9268.76,-1
2023-08-17,2023-08-17 13:56:00,1203.59,1203.59,1203.39,1203.39,-0.02,7.73,9268.76,-1
2023-08-17,2023-08-17 13:57:00,1203.39,1203.39,1203.19,1203.19,-0.02,7.73,9268.76,-1
2023-08-17,2023-08-17 13:58:00,1203.19,1203.19,1203.0,1203.0,-0.02,7.73,9268.76,-1
2023-08-17,2023-08-17 13:59:00,1203.0,1203.0,1202.8,1202.8,-0.02,7.73,9268.76,-1
2023-08-17,2023-08-17 14:00:00,1202.8,1202.8,1202.6,1202.6,-0.02,7.73,9268.76,-1
2023-08-17,2023-08-17 14:01:00,1202.6,1202.6,1202.41,1202.41,-0.02,7.73,9268.76,-1
2023-08-17,2023-08-17 14:02:00,1202.41,1202.41,1202.21,1202.21,-0.02,7.73,9268.76,-1
2023-08-17,2023-08-17 14:03:00,1202.21,1202.21,1202.01,1202.01,-0.02,7.73,9268.76,-1
2023-08-17,2023-08-17 14:04:00,1202.01,1202.01,1201.82,1201.82,-0.02,7.73,9268.76,-1
2023-08-17,2023-08-17 14:05:00,1201.82,1201.82,1201.62,1201.62,-0.02,7.73,9268.76,-1
2023-08-17,2023-08-17 14:06:00,1201.62,1201.62,1201.42,1201.42,-0.02,7.73,9268.76,-1
2023-08-17,2023-08-17 14:07:00,1201.42,1201.42,1201.23,1201.23,-0.02,7.73,9268.76,-1
2023-08-17,2023-08-17 14:08:00,1201.23,1201.23,1201.03,1201.03,-0.02,7.73,9268.76,-1
2023-08-17,2023-08-17 14:09:00,1201.03,1201.03,1200.83,1200.83,-0.02,7.73,9268.76,-1
2023-08-17,2023-08-17 14:10:00,1200.83,1200.83,1200.64,1200.64,-0.02,7.73,9268.76,-1
2023-08-17,2023-08-17 14:11:00,1200.64,1200.64,1200.44,1200.44,-0.02,7.73,9268.76,-1
2023-08-17,2023-08-17 14:12:00,1200.44,1200.44,1200.24,1200.24,-0.02,7.73,9268.76,-1
2023-08-17,2023-08-17 14:13:00,1200.24,1200.24,1200.05,1200.05,-0.02,7.73,9268.76,-1
2023-08-17,2023-08-17 14:14:00,1200.05,1200.05,1199.85,1199.85,-0.02,7.73,9268.76,-1
2023-08-17,2023-08-17 14:15:00,1199.85,1199.85,1199.65,1199.65,-0.02,7.73,9268.76,-1
2023-08-17,2023-08-17 14:16:00,1199.65,1199.65,1199.46,1199.46,-0.02,7.73,9268.76,-1
2023-08-17,2023-08-17 14:17:00,1199.46,1199.46,1199.26,1199.26,-0.02,7.73,9268.76,-1
2023-08-17,2023-08-17 14:18:00,1199.26,1199.26,1199.06,1199.06,-0.02,7.73,9268.76,-1
2023-08-17,2023-08-17 14:19:00,1199.06,1199.06,1198.87,1198.87,-0.02,7.73,9268.76,-1
2023-08-17,2023-08-17 14:20:00,1198.87,1198.87,1198.67,1198.67,-0.02,7.73,9268.76,-1
2023-08-17,2023-08-17 14:21:00,1198.67,1198.67,1198.47,1198.47,-0.02,7.73,9268.76,-1
2023-08-17,2023-08-17 14:22:00,1198.47,1198.47,1198.28,1198.28,-0.02,7.73,9268.76,-1
2023-08-17,2023-08-17 14:23:00,1198.28,1198.28,1198.08,1198.08,-0.02,7.73,9268.76,-1
2023-08-17,2023-08-17 14:24:00,1198.08,1198.08,1197.88,1197.88,-0.02,7.73,9268.76,-1
2023-08-17,2023-08-17 14:25:00,1197.88,1197.88,1197.69,1197.69,-0.02,7.73,9268.76,-1
2023-08-17,2023-08-17 14:26:00,1197.69,1197.69,1197.49,1197.49,-0.02,7.73,9268.76,-1
2023-08-17,2023-08-17 14:27:00,1197.49,1197.49,1197.29,1197.29,-0.02,7.73,9268.76,-1
2023-08-17,2023-08-17 14:28:00,1197.29,1197.29,1197.1,1197.1,-0.02,7.73,9268.76,-1
2023-08-17,2023-08-17 14:29:00,1197.1,1197.1,1196.9,1196.9,-0.02,7.73,9268.76,-1
2023-08-17,2023-08-17 14:30:00,1196.9,1196.9,1196.7,1196.7,-0.02,7.73,9268.76,-1
2023-08-17,2023-08-17 14:31:00,1196.7,1196.7,1196.51,1196.51,-0.02,7.73,9268.76,-1
2023-08-17,2023-08-17 14:32:00,1196.51,1196.51,1196.31,1196.31,-0.02,7.73,9268.76,-1
2023-08-17,2023-08-17 14:33:00,1196.31,1196.31,1196.11,1196.11,-0.02,7.73,9268.76,-1
2023-08-17,2023-08-17 14:34:00,1196.11,1196.11,1195.92,1195.92,-0.02,7.73,9268.76,-1
2023-08-17,2023-08-17 14:35:00,1195.92,1195.92,1195.72,1195.72,-0.02,7.73,9268.76,-1
2023-08-17,2023-08-17 14:36:00,1195.72,1195.72,1195.52,1195.52,-0.02,7.73,9268.76,-1
2023-08-17,2023-08-17 14:37:00,1195.52,1195.52,1195.33,1195.33,-0.02,7.73,9268.76,-1
2023-08-17,2023-08-17 14:38:00,1195.33,1195.33,1195.13,1195.13,-0.02,7.73,9268.76,-1
2023-08-17,2023-08-17 14:39:00,1195.13,1195.13,1194.93,1194.93,-0.02,7.73,9268.76,-1
2023-08-17,2023-08-17 14:40:00,1194.93,1194.93,1194.74,1194.74,-0.02,7.73,9268.76,-1
2023-08-17,2023-08-17 14:41:00,1194.74,1194.74,1194.54,1194.54,-0.02,7.73,9268.76,-1
2023-08-17,2023-08-17 14:42:00,1194.54,1194.54,1194.34,1194.34,-0.02,7.73,9268.76,-1
2023-08-17,2023-08-17 14:43:00,1194.34,1194.34,1194.15,1194.15,-0.02,7.73,9268.76,-1
2023-08-17,2023-08-17 14:44:00,1194.15,1194.15,1193.95,1193.95,-0.02,7.73,9268.76,-1
2023-08-17,2023-08-17 14:45:00,1193.95,1193.95,1193.75,1193.75,-0.02,7.73,9268.76,-1
2023-08-17,2023-08-17 14:46:00,1193.75,1193.75,1193.56,1193.56,-0.02,7.73,9268.76,-1
2023-08-17,2023-08-17 14:47:00,1193.56,1193.56,1193.36,1193.36,-0.02,7.73,9268.76,-1
2023-08-17,2023-08-17 14:48:00,1193.36,1193.36,1193.16,1193.16,-0.02,7.73,9268.76,-1
2023-08-17,2023-08-17 14:49:00,1193.16,1193.16,1192.97,1192.97,-0.02,7.73,9268.76,-1
2023-08-17,2023-08-17 14:50:00,1192.97,1192.97,1192.77,1192.77,-0.02,7.73,9268.76,-1
2023-08-17,2023-08-17 14:51:00,1192.77,1192.77,1192.57,1192.57,-0.02,7.73,9268.76,-1
2023-08-17,2023-08-17 14:52:00,1192.57,1192.57,1192.38,1192.38,-0.02,7.73,9268.76,-1
2023-08-17,2023-08-17 14:53:00,1192.38,1192.38,1192.18,1192.18,-0.02,7.73,9268.76,-1
2023-08-17,2023-08-17 14:54:00,1192.18,1192.18,1191.98,1191.98,-0.02,7.73,9268.76,-1
2023-08-17,2023-08-17 14:55:00,1191.98,1191.98,1191.79,1191.79,-0.02,7.73,9268.76,-1
2023-08-17,2023-08-17 14:56:00,1191.79,1191.79,1191.59,1191.59,-0.02,7.73,9268.76,-1
2023-08-17,2023-08-17 14:57:00,1191.59,1191.59,1191.39,1191.39,-0.02,7.73,9268.76,-1
2023-08-17,2023-08-17 14:58:00,1191.39,1191.39,1191.2,1191.2,-0.02,7.73,9268.76,-1
2023-08-17,2023-08-17 14:59:00,1191.2,1191.2,1191.0,1191.0,-0.02,7.73,9268.76,-1
2023-08-17,2023-08-17 15:00:00,1191.0,1238.2,1190.0,1191.0,0.0,7.73,9268.76,0
2023-08-20,2023-08-20 11:00:00,1192.0,1197.4,1184.8,1191.9,-0.01,12.59,14909.94,-1
2023-08-20,2023-08-20 11:01:00,1191.9,1191.9,1191.8,1191.8,-0.01,12.59,14909.94,-1
2023-08-20,2023-08-20 11:02:00,1191.8,1191.8,1191.7,1191.7,-0.01,12.59,14909.94,-1
2023-08-20,2023-08-20 11:03:00,1191.7,1191.7,1191.6,1191.6,-0.01,12.59,14909.94,-1
2023-08-20,2023-08-20 11:04:00,1191.6,1191.6,1191.5,1191.5,-0.01,12.59,14909.94,-1
2023-08-20,2023-08-20 11:05:00,1191.5,1191.5,1191.4,1191.4,-0.01,12.59,14909.94,-1
2023-08-20,2023-08-20 11:06:00,1191.4,1191.4,1191.3,1191.3,-0.01,12.59,14909.94,-1
2023-08-20,2023-08-20 11:07:00,1191.3,1191.3,1191.2,1191.2,-0.01,12.59,14909.94,-1
2023-08-20,2023-08-20 11:08:00,1191.2,1191.2,1191.1,1191.1,-0.01,12.59,14909.94,-1
2023-08-20,2023-08-20 11:09:00,1191.1,1191.1,1191.0,1191.0,-0.01,12.59,14909.94,-1
2023-08-20,2023-08-20 11:10:00,1191.0,1191.0,1190.9,1190.9,-0.01,12.59,14909.94,-1
2023-08-20,2023-08-20 11:11:00,1190.9,1190.9,1190.8,1190.8,-0.01,12.59,14909.94,-1
2023-08-20,2023-08-20 11:12:00,1190.8,1190.8,1190.7,1190.7,-0.01,12.59,14909.94,-1
2023-08-20,2023-08-20 11:13:00,1190.7,1190.7,1190.6,1190.6,-0.01,12.59,14909.94,-1
2023-08-20,2023-08-20 11:14:00,1190.6,1190.6,1190.5,1190.5,-0.01,12.59,14909.94,-1
2023-08-20,2023-08-20 11:15:00,1190.5,1190.5,1190.4,1190.4,-0.01,12.59,14909.94,-1
2023-08-20,2023-08-20 11:16:00,1190.4,1190.4,1190.3,1190.3,-0.01,12.59,14909.94,-1
2023-08-20,2023-08-20 11:17:00,1190.3,1190.3,1190.2,1190.2,-0.01,12.59,14909.94,-1
2023-08-20,2023-08-20 11:18:00,1190.2,1190.2,1190.1,1190.1,-0.01,12.59,14909.94,-1
2023-08-20,2023-08-20 11:19:00,1190.1,1190.1,1190.0,1190.0,-0.01,12.59,14909.94,-1
2023-08-20,2023-08-20 11:20:00,1190.0,1190.0,1189.9,1189.9,-0.01,12.59,14909.94,-1
2023-08-20,2023-08-20 11:21:00,1189.9,1189.9,1189.8,1189.8,-0.01,12.59,14909.94,-1
2023-08-20,2023-08-20 11:22:00,1189.8,1189.8,1189.7,1189.7,-0.01,12.59,14909.94,-1
2023-08-20,2023-08-20 11:23:00,1189.7,1189.7,1189.6,1189.6,-0.01,12.59,14909.94,-1
2023-08-20,2023-08-20 11:24:00,1189.6,1189.6,1189.5,1189.5,-0.01,12.59,14909.94,-1
2023-08-20,2023-08-20 11:25:00,1189.5,1189.5,1189.4,1189.4,-0.01,12.59,14909.94,-1
2023-08-20,2023-08-20 11:26:00,1189.4,1189.4,1189.3,1189.3,-0.01,12.59,14909.94,-1
2023-08-20,2023-08-20 11:27:00,1189.3,1189.3,1189.2,1189.2,-0.01,12.59,14909.94,-1
2023-08-20,2023-08-20 11:28:00,1189.2,1189.2,1189.1,1189.1,-0.01,12.59,14909.94,-1
2023-08-20,2023-08-20 11:29:00,1189.1,1189.1,1189.0,1189.0,-0.01,12.59,14909.94,-1
2023-08-20,2023-08-20 11:30:00,1189.0,1189.0,1188.9,1188.9,-0.01,12.59,14909.94,-1
2023-08-20,2023-08-20 11:31:00,1188.9,1188.9,1188.8,1188.8,-0.01,12.59,14909.94,-1
2023-08-20,2023-08-20 11:32:00,1188.8,1188.8,1188.7,1188.7,-0.01,12.59,14909.94,-1
2023-08-20,2023-08-20 11:33:00,1188.7,1188.7,1188.6,1188.6,-0.01,12.59,14909.94,-1
2023-08-20,2023-08-20 11:34:00,1188.6,1188.6,1188.5,1188.5,-0.01,12.59,14909.94,-1
2023-08-20,2023-08-20 11:35:00,1188.5,1188.5,1188.4,1188.4,-0.01,12.59,14909.94,-1
2023-08-20,2023-08-20 11:36:00,1188.4,1188.4,1188.3,1188.3,-0.01,12.59,14909.94,-1
2023-08-20,2023-08-20 11:37:00,1188.3,1188.3,1188.2,1188.2,-0.01,12.59,14909.94,-1
2023-08-20,2023-08-20 11:38:00,1188.2,1188.2,1188.1,1188.1,-0.01,12.59,14909.94,-1
2023-08-20,2023-08-20 11:39:00,1188.1,1188.1,1188.0,1188.0,-0.01,12.59,14909.94,-1
2023-08-20,2023-08-20 11:40:00,1188.0,1188.0,1187.9,1187.9,-0.01,12.59,14909.94,-1
2023-08-20,2023-08-20 11:41:00,1187.9,1187.9,1187.8,1187.8,-0.01,12.59,14909.94,-1
2023-08-20,2023-08-20 11:42:00,1187.8,1187.8,1187.7,1187.7,-0.01,12.59,14909.94,-1
2023-08-20,2023-08-20 11:43:00,1187.7,1187.7,1187.6,1187.6,-0.01,12.59,14909.94,-1
2023-08-20,2023-08-20 11:44:00,1187.6,1187.6,1187.5,1187.5,-0.01,12.59,14909.94,-1
2023-08-20,2023-08-20 11:45:00,1187.5,1187.5,1187.4,1187.4,-0.01,12.59,14909.94,-1
2023-08-20,2023-08-20 11:46:00,1187.4,1187.4,1187.3,1187.3,-0.01,12.59,14909.94,-1
2023-08-20,2023-08-20 11:47:00,1187.3,1187.3,1187.2,1187.2,-0.01,12.59,14909.94,-1
2023-08-20,2023-08-20 11:48:00,1187.2,1187.2,1187.1,1187.1,-0.01,12.59,14909.94,-1
2023-08-20,2023-08-20 11:49:00,1187.1,1187.1,1187.0,1187.0,-0.01,12.59,14909.94,-1
2023-08-20,2023-08-20 11:50:00,1187.0,1187.0,1186.9,1186.9,-0.01,12.59,14909.94,-1
2023-08-20,2023-08-20 11:51:00,1186.9,1186.9,1186.8,1186.8,-0.01,12.59,14909.94,-1
2023-08-20,2023-08-20 11:52:00,1186.8,1186.8,1186.7,1186.7,-0.01,12.59,14909.94,-1
2023-08-20,2023-08-20 11:53:00,1186.7,1186.7,1186.6,1186.6,-0.01,12.59,14909.94,-1
2023-08-20,2023-08-20 11:54:00,1186.6,1186.6,1186.5,1186.5,-0.01,12.59,14909.94,-1
2023-08-20,2023-08-20 11:55:00,1186.5,1186.5,1186.4,1186.4,-0.01,12.59,14909.94,-1
2023-08-20,2023-08-20 11:56:00,1186.4,1186.4,1186.3,1186.3,-0.01,12.59,14909.94,-1
2023-08-20,2023-08-20 11:57:00,1186.3,1186.3,1186.2,1186.2,-0.01,12.59,14909.94,-1
2023-08-20,2023-08-20 11:58:00,1186.2,1186.2,1186.1,1186.1,-0.01,12.59,14909.94,-1
2023-08-20,2023-08-20 11:59:00,1186.1,1186.1,1186.0,1186.0,-0.01,12.59,14909.94,-1
2023-08-20,2023-08-20 12:00:00,1186.0,1186.0,1185.9,1185.9,-0.01,12.59,14909.94,-1
2023-08-20,2023-08-20 12:01:00,1185.9,1185.9,1185.8,1185.8,-0.01,12.59,14909.94,-1
2023-08-20,2023-08-20 12:02:00,1185.8,1185.8,1185.7,1185.7,-0.01,12.59,14909.94,-1
2023-08-20,2023-08-20 12:03:00,1185.7,1185.7,1185.6,1185.6,-0.01,12.59,14909.94,-1
2023-08-20,2023-08-20 12:04:00,1185.6,1185.6,1185.5,1185.5,-0.01,12.59,14909.94,-1
2023-08-20,2023-08-20 12:05:00,1185.5,1185.5,1185.4,1185.4,-0.01,12.59,14909.94,-1
2023-08-20,2023-08-20 12:06:00,1185.4,1185.4,1185.3,1185.3,-0.01,12.59,14909.94,-1
2023-08-20,2023-08-20 12:07:00,1185.3,1185.3,1185.2,1185.2,-0.01,12.59,14909.94,-1
2023-08-20,2023-08-20 12:08:00,1185.2,1185.2,1185.1,1185.1,-0.01,12.59,14909.94,-1
2023-08-20,2023-08-20 12:09:00,1185.1,1185.1,1185.0,1185.0,-0.01,12.59,14909.94,-1
2023-08-20,2023-08-20 12:10:00,1185.0,1185.0,1184.9,1184.9,-0.01,12.59,14909.94,-1
2023-08-20,2023-08-20 12:11:00,1184.9,1184.9,1184.8,1184.8,-0.01,12.59,14909.94,-1
2023-08-20,2023-08-20 12:12:00,1184.8,1184.8,1184.7,1184.7,-0.01,12.59,14909.94,-1
2023-08-20,2023-08-20 12:13:00,1184.7,1184.7,1184.6,1184.6,-0.01,12.59,14909.94,-1
2023-08-20,2023-08-20 12:14:00,1184.6,1184.6,1184.5,1184.5,-0.01,12.59,14909.94,-1
2023-08-20,2023-08-20 12:15:00,1184.5,1184.5,1184.4,1184.4,-0.01,12.59,14909.94,-1
2023-08-20,2023-08-20 12:16:00,1184.4,1184.4,1184.3,1184.3,-0.01,12.59,14909.94,-1
2023-08-20,2023-08-20 12:17:00,1184.3,1184.3,1184.2,1184.2,-0.01,12.59,14909.94,-1
2023-08-20,2023-08-20 12:18:00,1184.2,1184.2,1184.1,1184.1,-0.01,12.59,14909.94,-1
2023-08-20,2023-08-20 12:19:00,1184.1,1184.1,1184.0,1184.0,-0.01,12.59,14909.94,-1
2023-08-20,2023-08-20 12:20:00,1184.0,1184.0,1183.9,1183.9,-0.01,12.59,14909.94,-1
2023-08-20,2023-08-20 12:21:00,1183.9,1183.9,1183.8,1183.8,-0.01,12.59,14909.94,-1
2023-08-20,2023-08-20 12:22:00,1183.8,1183.8,1183.7,1183.7,-0.01,12.59,14909.94,-1
2023-08-20,2023-08-20 12:23:00,1183.7,1183.7,1183.6,1183.6,-0.01,12.59,14909.94,-1
2023-08-20,2023-08-20 12:24:00,1183.6,1183.6,1183.5,1183.5,-0.01,12.59,14909.94,-1
2023-08-20,2023-08-20 12:25:00,1183.5,1183.5,1183.4,1183.4,-0.01,12.59,14909.94,-1
2023-08-20,2023-08-20 12:26:00,1183.4,1183.4,1183.3,1183.3,-0.01,12.59,14909.94,-1
2023-08-20,2023-08-20 12:27:00,1183.3,1183.3,1183.2,1183.2,-0.01,12.59,14909.94,-1
2023-08-20,2023-08-20 12:28:00,1183.2,1183.2,1183.1,1183.1,-0.01,12.59,14909.94,-1
2023-08-20,2023-08-20 12:29:00,1183.1,1183.1,1183.0,1183.0,-0.01,12.59,14909.94,-1
2023-08-20,2023-08-20 12:30:00,1183.0,1183.0,1182.9,1182.9,-0.01,12.59,14909.94,-1
2023-08-20,2023-08-20 12:31:00,1182.9,1182.9,1182.8,1182.8,-0.01,12.59,14909.94,-1
2023-08-20,2023-08-20 12:32:00,1182.8,1182.8,1182.7,1182.7,-0.01,12.59,14909.94,-1
2023-08-20,2023-08-20 12:33:00,1182.7,1182.7,1182.6,1182.6,-0.01,12.59,14909.94,-1
2023-08-20,2023-08-20 12:34:00,1182.6,1182.6,1182.5,1182.5,-0.01,12.59,14909.94,-1
2023-08-20,2023-08-20 12:35:00,1182.5,1182.5,1182.4,1182.4,-0.01,12.59,14909.94,-1
2023-08-20,2023-08-20 12:36:00,1182.4,1182.4,1182.3,1182.3,-0.01,12.59,14909.94,-1
2023-08-20,2023-08-20 12:37:00,1182.3,1182.3,1182.2,1182.2,-0.01,12.59,14909.94,-1
2023-08-20,2023-08-20 12:38:00,1182.2,1182.2,1182.1,1182.1,-0.01,12.59,14909.94,-1
2023-08-20,2023-08-20 12:39:00,1182.1,1182.1,1182.0,1182.0,-0.01,12.59,14909.94,-1
2023-08-20,2023-08-20 12:40:00,1182.0,1182.0,1181.9,1181.9,-0.01,12.59,14909.94,-1
2023-08-20,2023-08-20 12:41:00,1181.9,1181.9,1181.8,1181.8,-0.01,12.59,14909.94,-1
2023-08-20,2023-08-20 12:42:00,1181.8,1181.8,1181.7,1181.7,-0.01,12.59,14909.94,-1
2023-08-20,2023-08-20 12:43:00,1181.7,1181.7,1181.6,1181.6,-0.01,12.59,14909.94,-1
2023-08-20,2023-08-20 12:44:00,1181.6,1181.6,1181.5,1181.5,-0.01,12.59,14909.94,-1
2023-08-20,2023-08-20 12:45:00,1181.5,1181.5,1181.4,1181.4,-0.01,12.59,14909.94,-1
2023-08-20,2023-08-20 12:46:00,1181.4,1181.4,1181.3,1181.3,-0.01,12.59,14909.94,-1
2023-08-20,2023-08-20 12:47:00,1181.3,1181.3,1181.2,1181.2,-0.01,12.59,14909.94,-1
2023-08-20,2023-08-20 12:48:00,1181.2,1181.2,1181.1,1181.1,-0.01,12.59,14909.94,-1
2023-08-20,2023-08-20 12:49:00,1181.1,1181.1,1181.0,1181.0,-0.01,12.59,14909.94,-1
2023-08-20,2023-08-20 12:50:00,1181.0,1181.0,1180.9,1180.9,-0.01,12.59,14909.94,-1
2023-08-20,2023-08-20 12:51:00,1180.9,1180.9,1180.8,1180.8,-0.01,12.59,14909.94,-1
2023-08-20,2023-08-20 12:52:00,1180.8,1180.8,1180.7,1180.7,-0.01,12.59,14909.94,-1
2023-08-20,2023-08-20 12:53:00,1180.7,1180.7,1180.6,1180.6,-0.01,12.59,14909.94,-1
2023-08-20,2023-08-20 12:54:00,1180.6,1180.6,1180.5,1180.5,-0.01,12.59,14909.94,-1
2023-08-20,2023-08-20 12:55:00,1180.5,1180.5,1180.4,1180.4,-0.01,12.59,14909.94,-1
2023-08-20,2023-08-20 12:56:00,1180.4,1180.4,1180.3,1180.3,-0.01,12.59,14909.94,-1
2023-08-20,2023-08-20 12:57:00,1180.3,1180.3,1180.2,1180.2,-0.01,12.59,14909.94,-1
2023-08-20,2023-08-20 12:58:00,1180.2,1180.2,1180.1,1180.1,-0.01,12.59,14909.94,-1
2023-08-20,2023-08-20 12:59:00,1180.1,1180.1,1180.0,1180.0,-0.01,12.59,14909.94,-1
2023-08-20,2023-08-20 13:00:00,1180.0,1210.0,1168.0,1179.9,-0.01,12.59,14909.94,-1
2023-08-20,2023-08-20 13:01:00,1179.9,1179.9,1179.8,1179.8,-0.01,12.59,14909.94,-1
2023-08-20,2023-08-20 13:02:00,1179.8,1179.8,1179.7,1179.7,-0.01,12.59,14909.94,-1
2023-08-20,2023-08-20 13:03:00,1179.7,1179.7,1179.6,1179.6,-0.01,12.59,14909.94,-1
2023-08-20,2023-08-20 13:04:00,1179.6,1179.6,1179.5,1179.5,-0.01,12.59,14909.94,-1
2023-08-20,2023-08-20 13:05:00,1179.5,1179.5,1179.4,1179.4,-0.01,12.59,14909.94,-1
2023-08-20,2023-08-20 13:06:00,1179.4,1179.4,1179.3,1179.3,-0.01,12.59,14909.94,-1
2023-08-20,2023-08-20 13:07:00,1179.3,1179.3,1179.2,1179.2,-0.01,12.59,14909.94,-1
2023-08-20,2023-08-20 13:08:00,1179.2,1179.2,1179.1,1179.1,-0.01,12.59,14909.94,-1
2023-08-20,2023-08-20 13:09:00,1179.1,1179.1,1179.0,1179.0,-0.01,12.59,14909.94,-1
2023-08-20,2023-08-20 13:10:00,1179.0,1179.0,1178.9,1178.9,-0.01,12.59,14909.94,-1
2023-08-20,2023-08-20 13:11:00,1178.9,1178.9,1178.8,1178.8,-0.01,12.59,14909.94,-1
2023-08-20,2023-08-20 13:12:00,1178.8,1178.8,1178.7,1178.7,-0.01,12.59,14909.94,-1
2023-08-20,2023-08-20 13:13:00,1178.7,1178.7,1178.6,1178.6,-0.01,12.59,14909.94,-1
2023-08-20,2023-08-20 13:14:00,1178.6,1178.6,1178.5,1178.5,-0.01,12.59,14909.94,-1
2023-08-20,2023-08-20 13:15:00,1178.5,1178.5,1178.4,1178.4,-0.01,12.59,14909.94,-1
2023-08-20,2023-08-20 13:16:00,1178.4,1178.4,1178.3,1178.3,-0.01,12.59,14909.94,-1
2023-08-20,2023-08-20 13:17:00,1178.3,1178.3,1178.2,1178.2,-0.01,12.59,14909.94,-1
2023-08-20,2023-08-20 13:18:00,1178.2,1178.2,1178.1,1178.1,-0.01,12.59,14909.94,-1
2023-08-20,2023-08-20 13:19:00,1178.1,1178.1,1178.0,1178.0,-0.01,12.59,14909.94,-1
2023-08-20,2023-08-20 13:20:00,1178.0,1178.0,1177.9,1177.9,-0.01,12.59,14909.94,-1
2023-08-20,2023-08-20 13:21:00,1177.9,1177.9,1177.8,1177.8,-0.01,12.59,14909.94,-1
2023-08-20,2023-08-20 13:22:00,1177.8,1177.8,1177.7,1177.7,-0.01,12.59,14909.94,-1
2023-08-20,2023-08-20 13:23:00,1177.7,1177.7,1177.6,1177.6,-0.01,12.59,14909.94,-1
2023-08-20,2023-08-20 13:24:00,1177.6,1177.6,1177.5,1177.5,-0.01,12.59,14909.94,-1
2023-08-20,2023-08-20 13:25:00,1177.5,1177.5,1177.4,1177.4,-0.01,12.59,14909.94,-1
2023-08-20,2023-08-20 13:26:00,1177.4,1177.4,1177.3,1177.3,-0.01,12.59,14909.94,-1
2023-08-20,2023-08-20 13:27:00,1177.3,1177.3,1177.2,1177.2,-0.01,12.59,14909.94,-1
2023-08-20,2023-08-20 13:28:00,1177.2,1177.2,1177.1,1177.1,-0.01,12.59,14909.94,-1
2023-08-20,2023-08-20 13:29:00,1177.1,1177.1,1177.0,1177.0,-0.01,12.59,14909.94,-1
2023-08-20,2023-08-20 13:30:00,1177.0,1177.0,1176.9,1176.9,-0.01,12.59,14909.94,-1
2023-08-20,2023-08-20 13:31:00,1176.9,1176.9,1176.8,1176.8,-0.01,12.59,14909.94,-1
2023-08-20,2023-08-20 13:32:00,1176.8,1176.8,1176.7,1176.7,-0.01,12.59,14909.94,-1
2023-08-20,2023-08-20 13:33:00,1176.7,1176.7,1176.6,1176.6,-0.01,12.59,14909.94,-1
2023-08-20,2023-08-20 13:34:00,1176.6,1176.6,1176.5,1176.5,-0.01,12.59,14909.94,-1
2023-08-20,2023-08-20 13:35:00,1176.5,1176.5,1176.4,1176.4,-0.01,12.59,14909.94,-1
2023-08-20,2023-08-20 13:36:00,1176.4,1176.4,1176.3,1176.3,-0.01,12.59,14909.94,-1
2023-08-20,2023-08-20 13:37:00,1176.3,1176.3,1176.2,1176.2,-0.01,12.59,14909.94,-1
2023-08-20,2023-08-20 13:38:00,1176.2,1176.2,1176.1,1176.1,-0.01,12.59,14909.94,-1
2023-08-20,2023-08-20 13:39:00,1176.1,1176.1,1176.0,1176.0,-0.01,12.59,14909.94,-1
2023-08-20,2023-08-20 13:40:00,1176.0,1176.0,1175.9,1175.9,-0.01,12.59,14909.94,-1
2023-08-20,2023-08-20 13:41:00,1175.9,1175.9,1175.8,1175.8,-0.01,12.59,14909.94,-1
2023-08-20,2023-08-20 13:42:00,1175.8,1175.8,1175.7,1175.7,-0.01,12.59,14909.94,-1
2023-08-20,2023-08-20 13:43:00,1175.7,1175.7,1175.6,1175.6,-0.01,12.59,14909.94,-1
2023-08-20,2023-08-20 13:44:00,1175.6,1175.6,1175.5,1175.5,-0.01,12.59,14909.94,-1
2023-08-20,2023-08-20 13:45:00,1175.5,1175.5,1175.4,1175.4,-0.01,12.59,14909.94,-1
2023-08-20,2023-08-20 13:46:00,1175.4,1175.4,1175.3,1175.3,-0.01,12.59,14909.94,-1
2023-08-20,2023-08-20 13:47:00,1175.3,1175.3,1175.2,1175.2,-0.01,12.59,14909.94,-1
2023-08-20,2023-08-20 13:48:00,1175.2,1175.2,1175.1,1175.1,-0.01,12.59,14909.94,-1
2023-08-20,2023-08-20 13:49:00,1175.1,1175.1,1175.0,1175.0,-0.01,12.59,14909.94,-1
2023-08-20,2023-08-20 13:50:00,1175.0,1175.0,1174.9,1174.9,-0.01,12.59,14909.94,-1
2023-08-20,2023-08-20 13:51:00,1174.9,1174.9,1174.8,1174.8,-0.01,12.59,14909.94,-1
2023-08-20,2023-08-20 13:52:00,1174.8,1174.8,1174.7,1174.7,-0.01,12.59,14909.94,-1
2023-08-20,2023-08-20 13:53:00,1174.7,1174.7,1174.6,1174.6,-0.01,12.59,14909.94,-1
2023-08-20,2023-08-20 13:54:00,1174.6,1174.6,1174.5,1174.5,-0.01,12.59,14909.94,-1
2023-08-20,2023-08-20 13:55:00,1174.5,1174.5,1174.4,1174.4,-0.01,12.59,14909.94,-1
2023-08-20,2023-08-20 13:56:00,1174.4,1174.4,1174.3,1174.3,-0.01,12.59,14909.94,-1
2023-08-20,2023-08-20 13:57:00,1174.3,1174.3,1174.2,1174.2,-0.01,12.59,14909.94,-1
2023-08-20,2023-08-20 13:58:00,1174.2,1174.2,1174.1,1174.1,-0.01,12.59,14909.94,-1
2023-08-20,2023-08-20 13:59:00,1174.1,1174.1,1174.0,1174.0,-0.01,12.59,14909.94,-1
2023-08-20,2023-08-20 14:00:00,1174.0,1174.0,1173.9,1173.9,-0.01,12.59,14909.94,-1
2023-08-20,2023-08-20 14:01:00,1173.9,1173.9,1173.8,1173.8,-0.01,12.59,14909.94,-1
2023-08-20,2023-08-20 14:02:00,1173.8,1173.8,1173.7,1173.7,-0.01,12.59,14909.94,-1
2023-08-20,2023-08-20 14:03:00,1173.7,1173.7,1173.6,1173.6,-0.01,12.59,14909.94,-1
2023-08-20,2023-08-20 14:04:00,1173.6,1173.6,1173.5,1173.5,-0.01,12.59,14909.94,-1
2023-08-20,2023-08-20 14:05:00,1173.5,1173.5,1173.4,1173.4,-0.01,12.59,14909.94,-1
2023-08-20,2023-08-20 14:06:00,1173.4,1173.4,1173.3,1173.3,-0.01,12.59,14909.94,-1
2023-08-20,2023-08-20 14:07:00,1173.3,1173.3,1173.2,1173.2,-0.01,12.59,14909.94,-1
2023-08-20,2023-08-20 14:08:00,1173.2,1173.2,1173.1,1173.1,-0.01,12.59,14909.94,-1
2023-08-20,2023-08-20 14:09:00,1173.1,1173.1,1173.0,1173.0,-0.01,12.59,14909.94,-1
2023-08-20,2023-08-20 14:10:00,1173.0,1173.0,1172.9,1172.9,-0.01,12.59,14909.94,-1
2023-08-20,2023-08-20 14:11:00,1172.9,1172.9,1172.8,1172.8,-0.01,12.59,14909.94,-1
2023-08-20,2023-08-20 14:12:00,1172.8,1172.8,1172.7,1172.7,-0.01,12.59,14909.94,-1
2023-08-20,2023-08-20 14:13:00,1172.7,1172.7,1172.6,1172.6,-0.01,12.59,14909.94,-1
2023-08-20,2023-08-20 14:14:00,1172.6,1172.6,1172.5,1172.5,-0.01,12.59,14909.94,-1
2023-08-20,2023-08-20 14:15:00,1172.5,1172.5,1172.4,1172.4,-0.01,12.59,14909.94,-1
2023-08-20,2023-08-20 14:16:00,1172.4,1172.4,1172.3,1172.3,-0.01,12.59,14909.94,-1
2023-08-20,2023-08-20 14:17:00,1172.3,1172.3,1172.2,1172.2,-0.01,12.59,14909.94,-1
2023-08-20,2023-08-20 14:18:00,1172.2,1172.2,1172.1,1172.1,-0.01,12.59,14909.94,-1
2023-08-20,2023-08-20 14:19:00,1172.1,1172.1,1172.0,1172.0,-0.01,12.59,14909.94,-1
2023-08-20,2023-08-20 14:20:00,1172.0,1172.0,1171.9,1171.9,-0.01,12.59,14909.94,-1
2023-08-20,2023-08-20 14:21:00,1171.9,1171.9,1171.8,1171.8,-0.01,12.59,14909.94,-1
2023-08-20,2023-08-20 14:22:00,1171.8,1171.8,1171.7,1171.7,-0.01,12.59,14909.94,-1
2023-08-20,2023-08-20 14:23:00,1171.7,1171.7,1171.6,1171.6,-0.01,12.59,14909.94,-1
2023-08-20,2023-08-20 14:24:00,1171.6,1171.6,1171.5,1171.5,-0.01,12.59,14909.94,-1
2023-08-20,2023-08-20 14:25:00,1171.5,1171.5,1171.4,1171.4,-0.01,12.59,14909.94,-1
2023-08-20,2023-08-20 14:26:00,1171.4,1171.4,1171.3,1171.3,-0.01,12.59,14909.94,-1
2023-08-20,2023-08-20 14:27:00,1171.3,1171.3,1171.2,1171.2,-0.01,12.59,14909.94,-1
2023-08-20,2023-08-20 14:28:00,1171.2,1171.2,1171.1,1171.1,-0.01,12.59,14909.94,-1
2023-08-20,2023-08-20 14:29:00,1171.1,1171.1,1171.0,1171.0,-0.01,12.59,14909.94,-1
2023-08-20,2023-08-20 14:30:00,1171.0,1171.0,1170.9,1170.9,-0.01,12.59,14909.94,-1
2023-08-20,2023-08-20 14:31:00,1170.9,1170.9,1170.8,1170.8,-0.01,12.59,14909.94,-1
2023-08-20,2023-08-20 14:32:00,1170.8,1170.8,1170.7,1170.7,-0.01,12.59,14909.94,-1
2023-08-20,2023-08-20 14:33:00,1170.7,1170.7,1170.6,1170.6,-0.01,12.59,14909.94,-1
2023-08-20,2023-08-20 14:34:00,1170.6,1170.6,1170.5,1170.5,-0.01,12.59,14909.94,-1
2023-08-20,2023-08-20 14:35:00,1170.5,1170.5,1170.4,1170.4,-0.01,12.59,14909.94,-1
2023-08-20,2023-08-20 14:36:00,1170.4,1170.4,1170.3,1170.3,-0.01,12.59,14909.94,-1
2023-08-20,2023-08-20 14:37:00,1170.3,1170.3,1170.2,1170.2,-0.01,12.59,14909.94,-1
2023-08-20,2023-08-20 14:38:00,1170.2,1170.2,1170.1,1170.1,-0.01,12.59,14909.94,-1
2023-08-20,2023-08-20 14:39:00,1170.1,1170.1,1170.0,1170.0,-0.01,12.59,14909.94,-1
2023-08-20,2023-08-20 14:40:00,1170.0,1170.0,1169.9,1169.9,-0.01,12.59,14909.94,-1
2023-08-20,2023-08-20 14:41:00,1169.9,1169.9,1169.8,1169.8,-0.01,12.59,14909.94,-1
2023-08-20,2023-08-20 14:42:00,1169.8,1169.8,1169.7,1169.7,-0.01,12.59,14909.94,-1
2023-08-20,2023-08-20 14:43:00,1169.7,1169.7,1169.6,1169.6,-0.01,12.59,14909.94,-1
2023-08-20,2023-08-20 14:44:00,1169.6,1169.6,1169.5,1169.5,-0.01,12.59,14909.94,-1
2023-08-20,2023-08-20 14:45:00,1169.5,1169.5,1169.4,1169.4,-0.01,12.59,14909.94,-1
2023-08-20,2023-08-20 14:46:00,1169.4,1169.4,1169.3,1169.3,-0.01,12.59,14909.94,-1
2023-08-20,2023-08-20 14:47:00,1169.3,1169.3,1169.2,1169.2,-0.01,12.59,14909.94,-1
2023-08-20,2023-08-20 14:48:00,1169.2,1169.2,1169.1,1169.1,-0.01,12.59,14909.94,-1
2023-08-20,2023-08-20 14:49:00,1169.1,1169.1,1169.0,1169.0,-0.01,12.59,14909.94,-1
2023-08-20,2023-08-20 14:50:00,1169.0,1169.0,1168.9,1168.9,-0.01,12.59,14909.94,-1
2023-08-20,2023-08-20 14:51:00,1168.9,1168.9,1168.8,1168.8,-0.01,12.59,14909.94,-1
2023-08-20,2023-08-20 14:52:00,1168.8,1168.8,1168.7,1168.7,-0.01,12.59,14909.94,-1
2023-08-20,2023-08-20 14:53:00,1168.7,1168.7,1168.6,1168.6,-0.01,12.59,14909.94,-1
2023-08-20,2023-08-20 14:54:00,1168.6,1168.6,1168.5,1168.5,-0.01,12.59,14909.94,-1
2023-08-20,2023-08-20 14:55:00,1168.5,1168.5,1168.4,1168.4,-0.01,12.59,14909.94,-1
2023-08-20,2023-08-20 14:56:00,1168.4,1168.4,1168.3,1168.3,-0.01,12.59,14909.94,-1
2023-08-20,2023-08-20 14:57:00,1168.3,1168.3,1168.2,1168.2,-0.01,12.59,14909.94,-1
2023-08-20,2023-08-20 14:58:00,1168.2,1168.2,1168.1,1168.1,-0.01,12.59,14909.94,-1
2023-08-20,2023-08-20 14:59:00,1168.1,1168.1,1168.0,1168.0,-0.01,12.59,14909.94,-1
2023-08-20,2023-08-20 15:00:00,1168.0,1210.0,1168.0,1168.0,0.0,12.59,14909.94,0
2023-08-21,2023-08-21 11:00:00,1168.0,1174.6,1162.9,1168.08,0.01,10.9,12714.29,1
2023-08-21,2023-08-21 11:01:00,1168.08,1168.17,1168.08,1168.17,0.01,10.9,12714.29,1
2023-08-21,2023-08-21 11:02:00,1168.17,1168.25,1168.17,1168.25,0.01,10.9,12714.29,1
2023-08-21,2023-08-21 11:03:00,1168.25,1168.33,1168.25,1168.33,0.01,10.9,12714.29,1
2023-08-21,2023-08-21 11:04:00,1168.33,1168.42,1168.33,1168.42,0.01,10.9,12714.29,1
2023-08-21,2023-08-21 11:05:00,1168.42,1168.5,1168.42,1168.5,0.01,10.9,12714.29,1
2023-08-21,2023-08-21 11:06:00,1168.5,1168.58,1168.5,1168.58,0.01,10.9,12714.29,1
2023-08-21,2023-08-21 11:07:00,1168.58,1168.67,1168.58,1168.67,0.01,10.9,12714.29,1
2023-08-21,2023-08-21 11:08:00,1168.67,1168.75,1168.67,1168.75,0.01,10.9,12714.29,1
2023-08-21,2023-08-21 11:09:00,1168.75,1168.83,1168.75,1168.83,0.01,10.9,12714.29,1
2023-08-21,2023-08-21 11:10:00,1168.83,1168.92,1168.83,1168.92,0.01,10.9,12714.29,1
2023-08-21,2023-08-21 11:11:00,1168.92,1169.0,1168.92,1169.0,0.01,10.9,12714.29,1
2023-08-21,2023-08-21 11:12:00,1169.0,1169.08,1169.0,1169.08,0.01,10.9,12714.29,1
2023-08-21,2023-08-21 11:13:00,1169.08,1169.17,1169.08,1169.17,0.01,10.9,12714.29,1
2023-08-21,2023-08-21 11:14:00,1169.17,1169.25,1169.17,1169.25,0.01,10.9,12714.29,1
2023-08-21,2023-08-21 11:15:00,1169.25,1169.33,1169.25,1169.33,0.01,10.9,12714.29,1
2023-08-21,2023-08-21 11:16:00,1169.33,1169.42,1169.33,1169.42,0.01,10.9,12714.29,1
2023-08-21,2023-08-21 11:17:00,1169.42,1169.5,1169.42,1169.5,0.01,10.9,12714.29,1
2023-08-21,2023-08-21 11:18:00,1169.5,1169.58,1169.5,1169.58,0.01,10.9,12714.29,1
2023-08-21,2023-08-21 11:19:00,1169.58,1169.67,1169.58,1169.67,0.01,10.9,12714.29,1
2023-08-21,2023-08-21 11:20:00,1169.67,1169.75,1169.67,1169.75,0.01,10.9,12714.29,1
2023-08-21,2023-08-21 11:21:00,1169.75,1169.83,1169.75,1169.83,0.01,10.9,12714.29,1
2023-08-21,2023-08-21 11:22:00,1169.83,1169.92,1169.83,1169.92,0.01,10.9,12714.29,1
2023-08-21,2023-08-21 11:23:00,1169.92,1170.0,1169.92,1170.0,0.01,10.9,12714.29,1
2023-08-21,2023-08-21 11:24:00,1170.0,1170.08,1170.0,1170.08,0.01,10.9,12714.29,1
2023-08-21,2023-08-21 11:25:00,1170.08,1170.17,1170.08,1170.17,0.01,10.9,12714.29,1
2023-08-21,2023-08-21 11:26:00,1170.17,1170.25,1170.17,1170.25,0.01,10.9,12714.29,1
2023-08-21,2023-08-21 11:27:00,1170.25,1170.33,1170.25,1170.33,0.01,10.9,12714.29,1
2023-08-21,2023-08-21 11:28:00,1170.33,1170.42,1170.33,1170.42,0.01,10.9,12714.29,1
2023-08-21,2023-08-21 11:29:00,1170.42,1170.5,1170.42,1170.5,0.01,10.9,12714.29,1
2023-08-21,2023-08-21 11:30:00,1170.5,1170.58,1170.5,1170.58,0.01,10.9,12714.29,1
2023-08-21,2023-08-21 11:31:00,1170.58,1170.67,1170.58,1170.67,0.01,10.9,12714.29,1
2023-08-21,2023-08-21 11:32:00,1170.67,1170.75,1170.67,1170.75,0.01,10.9,12714.29,1
2023-08-21,2023-08-21 11:33:00,1170.75,1170.83,1170.75,1170.83,0.01,10.9,12714.29,1
2023-08-21,2023-08-21 11:34:00,1170.83,1170.92,1170.83,1170.92,0.01,10.9,12714.29,1
2023-08-21,2023-08-21 11:35:00,1170.92,1171.0,1170.92,1171.0,0.01,10.9,12714.29,1
2023-08-21,2023-08-21 11:36:00,1171.0,1171.08,1171.0,1171.08,0.01,10.9,12714.29,1
2023-08-21,2023-08-21 11:37:00,1171.08,1171.17,1171.08,1171.17,0.01,10.9,12714.29,1
2023-08-21,2023-08-21 11:38:00,1171.17,1171.25,1171.17,1171.25,0.01,10.9,12714.29,1
2023-08-21,2023-08-21 11:39:00,1171.25,1171.33,1171.25,1171.33,0.01,10.9,12714.29,1
2023-08-21,2023-08-21 11:40:00,1171.33,1171.42,1171.33,1171.42,0.01,10.9,12714.29,1
2023-08-21,2023-08-21 11:41:00,1171.42,1171.5,1171.42,1171.5,0.01,10.9,12714.29,1
2023-08-21,2023-08-21 11:42:00,1171.5,1171.58,1171.5,1171.58,0.01,10.9,12714.29,1
2023-08-21,2023-08-21 11:43:00,1171.58,1171.67,1171.58,1171.67,0.01,10.9,12714.29,1
2023-08-21,2023-08-21 11:44:00,1171.67,1171.75,1171.67,1171.75,0.01,10.9,12714.29,1
2023-08-21,2023-08-21 11:45:00,1171.75,1171.83,1171.75,1171.83,0.01,10.9,12714.29,1
2023-08-21,2023-08-21 11:46:00,1171.83,1171.92,1171.83,1171.92,0.01,10.9,12714.29,1
2023-08-21,2023-08-21 11:47:00,1171.92,1172.0,1171.92,1172.0,0.01,10.9,12714.29,1
2023-08-21,2023-08-21 11:48:00,1172.0,1172.08,1172.0,1172.08,0.01,10.9,12714.29,1
2023-08-21,2023-08-21 11:49:00,1172.08,1172.17,1172.08,1172.17,0.01,10.9,12714.29,1
2023-08-21,2023-08-21 11:50:00,1172.17,1172.25,1172.17,1172.25,0.01,10.9,12714.29,1
2023-08-21,2023-08-21 11:51:00,1172.25,1172.33,1172.25,1172.33,0.01,10.9,12714.29,1
2023-08-21,2023-08-21 11:52:00,1172.33,1172.42,1172.33,1172.42,0.01,10.9,12714.29,1
2023-08-21,2023-08-21 11:53:00,1172.42,1172.5,1172.42,1172.5,0.01,10.9,12714.29,1
2023-08-21,2023-08-21 11:54:00,1172.5,1172.58,1172.5,1172.58,0.01,10.9,12714.29,1
2023-08-21,2023-08-21 11:55:00,1172.58,1172.67,1172.58,1172.67,0.01,10.9,12714.29,1
2023-08-21,2023-08-21 11:56:00,1172.67,1172.75,1172.67,1172.75,0.01,10.9,12714.29,1
2023-08-21,2023-08-21 11:57:00,1172.75,1172.83,1172.75,1172.83,0.01,10.9,12714.29,1
2023-08-21,2023-08-21 11:58:00,1172.83,1172.92,1172.83,1172.92,0.01,10.9,12714.29,1
2023-08-21,2023-08-21 11:59:00,1172.92,1173.0,1172.92,1173.0,0.01,10.9,12714.29,1
2023-08-21,2023-08-21 12:00:00,1173.0,1173.08,1173.0,1173.08,0.01,10.9,12714.29,1
2023-08-21,2023-08-21 12:01:00,1173.08,1173.17,1173.08,1173.17,0.01,10.9,12714.29,1
2023-08-21,2023-08-21 12:02:00,1173.17,1173.25,1173.17,1173.25,0.01,10.9,12714.29,1
2023-08-21,2023-08-21 12:03:00,1173.25,1173.33,1173.25,1173.33,0.01,10.9,12714.29,1
2023-08-21,2023-08-21 12:04:00,1173.33,1173.42,1173.33,1173.42,0.01,10.9,12714.29,1
2023-08-21,2023-08-21 12:05:00,1173.42,1173.5,1173.42,1173.5,0.01,10.9,12714.29,1
2023-08-21,2023-08-21 12:06:00,1173.5,1173.58,1173.5,1173.58,0.01,10.9,12714.29,1
2023-08-21,2023-08-21 12:07:00,1173.58,1173.67,1173.58,1173.67,0.01,10.9,12714.29,1
2023-08-21,2023-08-21 12:08:00,1173.67,1173.75,1173.67,1173.75,0.01,10.9,12714.29,1
2023-08-21,2023-08-21 12:09:00,1173.75,1173.83,1173.75,1173.83,0.01,10.9,12714.29,1
2023-08-21,2023-08-21 12:10:00,1173.83,1173.92,1173.83,1173.92,0.01,10.9,12714.29,1
2023-08-21,2023-08-21 12:11:00,1173.92,1174.0,1173.92,1174.0,0.01,10.9,12714.29,1
2023-08-21,2023-08-21 12:12:00,1174.0,1174.08,1174.0,1174.08,0.01,10.9,12714.29,1
2023-08-21,2023-08-21 12:13:00,1174.08,1174.17,1174.08,1174.17,0.01,10.9,12714.29,1
2023-08-21,2023-08-21 12:14:00,1174.17,1174.25,1174.17,1174.25,0.01,10.9,12714.29,1
2023-08-21,2023-08-21 12:15:00,1174.25,1174.33,1174.25,1174.33,0.01,10.9,12714.29,1
2023-08-21,2023-08-21 12:16:00,1174.33,1174.42,1174.33,1174.42,0.01,10.9,12714.29,1
2023-08-21,2023-08-21 12:17:00,1174.42,1174.5,1174.42,1174.5,0.01,10.9,12714.29,1
2023-08-21,2023-08-21 12:18:00,1174.5,1174.58,1174.5,1174.58,0.01,10.9,12714.29,1
2023-08-21,2023-08-21 12:19:00,1174.58,1174.67,1174.58,1174.67,0.01,10.9,12714.29,1
2023-08-21,2023-08-21 12:20:00,1174.67,1174.75,1174.67,1174.75,0.01,10.9,12714.29,1
2023-08-21,2023-08-21 12:21:00,1174.75,1174.83,1174.75,1174.83,0.01,10.9,12714.29,1
2023-08-21,2023-08-21 12:22:00,1174.83,1174.92,1174.83,1174.92,0.01,10.9,12714.29,1
2023-08-21,2023-08-21 12:23:00,1174.92,1175.0,1174.92,1175.0,0.01,10.9,12714.29,1
2023-08-21,2023-08-21 12:24:00,1175.0,1175.08,1175.0,1175.08,0.01,10.9,12714.29,1
2023-08-21,2023-08-21 12:25:00,1175.08,1175.17,1175.08,1175.17,0.01,10.9,12714.29,1
2023-08-21,2023-08-21 12:26:00,1175.17,1175.25,1175.17,1175.25,0.01,10.9,12714.29,1
2023-08-21,2023-08-21 12:27:00,1175.25,1175.33,1175.25,1175.33,0.01,10.9,12714.29,1
2023-08-21,2023-08-21 12:28:00,1175.33,1175.42,1175.33,1175.42,0.01,10.9,12714.29,1
2023-08-21,2023-08-21 12:29:00,1175.42,1175.5,1175.42,1175.5,0.01,10.9,12714.29,1
2023-08-21,2023-08-21 12:30:00,1175.5,1175.58,1175.5,1175.58,0.01,10.9,12714.29,1
2023-08-21,2023-08-21 12:31:00,1175.58,1175.67,1175.58,1175.67,0.01,10.9,12714.29,1
2023-08-21,2023-08-21 12:32:00,1175.67,1175.75,1175.67,1175.75,0.01,10.9,12714.29,1
2023-08-21,2023-08-21 12:33:00,1175.75,1175.83,1175.75,1175.83,0.01,10.9,12714.29,1
2023-08-21,2023-08-21 12:34:00,1175.83,1175.92,1175.83,1175.92,0.01,10.9,12714.29,1
2023-08-21,2023-08-21 12:35:00,1175.92,1176.0,1175.92,1176.0,0.01,10.9,12714.29,1
2023-08-21,2023-08-21 12:36:00,1176.0,1176.08,1176.0,1176.08,0.01,10.9,12714.29,1
2023-08-21,2023-08-21 12:37:00,1176.08,1176.17,1176.08,1176.17,0.01,10.9,12714.29,1
2023-08-21,2023-08-21 12:38:00,1176.17,1176.25,1176.17,1176.25,0.01,10.9,12714.29,1
2023-08-21,2023-08-21 12:39:00,1176.25,1176.33,1176.25,1176.33,0.01,10.9,12714.29,1
2023-08-21,2023-08-21 12:40:00,1176.33,1176.42,1176.33,1176.42,0.01,10.9,12714.29,1
2023-08-21,2023-08-21 12:41:00,1176.42,1176.5,1176.42,1176.5,0.01,10.9,12714.29,1
2023-08-21,2023-08-21 12:42:00,1176.5,1176.58,1176.5,1176.58,0.01,10.9,12714.29,1
2023-08-21,2023-08-21 12:43:00,1176.58,1176.67,1176.58,1176.67,0.01,10.9,12714.29,1
2023-08-21,2023-08-21 12:44:00,1176.67,1176.75,1176.67,1176.75,0.01,10.9,12714.29,1
2023-08-21,2023-08-21 12:45:00,1176.75,1176.83,1176.75,1176.83,0.01,10.9,12714.29,1
2023-08-21,2023-08-21 12:46:00,1176.83,1176.92,1176.83,1176.92,0.01,10.9,12714.29,1
2023-08-21,2023-08-21 12:47:00,1176.92,1177.0,1176.92,1177.0,0.01,10.9,12714.29,1
2023-08-21,2023-08-21 12:48:00,1177.0,1177.08,1177.0,1177.08,0.01,10.9,12714.29,1
2023-08-21,2023-08-21 12:49:00,1177.08,1177.17,1177.08,1177.17,0.01,10.9,12714.29,1
2023-08-21,2023-08-21 12:50:00,1177.17,1177.25,1177.17,1177.25,0.01,10.9,12714.29,1
2023-08-21,2023-08-21 12:51:00,1177.25,1177.33,1177.25,1177.33,0.01,10.9,12714.29,1
2023-08-21,2023-08-21 12:52:00,1177.33,1177.42,1177.33,1177.42,0.01,10.9,12714.29,1
2023-08-21,2023-08-21 12:53:00,1177.42,1177.5,1177.42,1177.5,0.01,10.9,12714.29,1
2023-08-21,2023-08-21 12:54:00,1177.5,1177.58,1177.5,1177.58,0.01,10.9,12714.29,1
2023-08-21,2023-08-21 12:55:00,1177.58,1177.67,1177.58,1177.67,0.01,10.9,12714.29,1
2023-08-21,2023-08-21 12:56:00,1177.67,1177.75,1177.67,1177.75,0.01,10.9,12714.29,1
2023-08-21,2023-08-21 12:57:00,1177.75,1177.83,1177.75,1177.83,0.01,10.9,12714.29,1
2023-08-21,2023-08-21 12:58:00,1177.83,1177.92,1177.83,1177.92,0.01,10.9,12714.29,1
2023-08-21,2023-08-21 12:59:00,1177.92,1178.0,1177.92,1178.0,0.01,10.9,12714.29,1
2023-08-21,2023-08-21 13:00:00,1178.0,1190.0,1151.0,1178.08,0.01,10.9,12714.29,1
2023-08-21,2023-08-21 13:01:00,1178.08,1178.17,1178.08,1178.17,0.01,10.9,12714.29,1
2023-08-21,2023-08-21 13:02:00,1178.17,1178.25,1178.17,1178.25,0.01,10.9,12714.29,1
2023-08-21,2023-08-21 13:03:00,1178.25,1178.33,1178.25,1178.33,0.01,10.9,12714.29,1
2023-08-21,2023-08-21 13:04:00,1178.33,1178.42,1178.33,1178.42,0.01,10.9,12714.29,1
2023-08-21,2023-08-21 13:05:00,1178.42,1178.5,1178.42,1178.5,0.01,10.9,12714.29,1
2023-08-21,2023-08-21 13:06:00,1178.5,1178.58,1178.5,1178.58,0.01,10.9,12714.29,1
2023-08-21,2023-08-21 13:07:00,1178.58,1178.67,1178.58,1178.67,0.01,10.9,12714.29,1
2023-08-21,2023-08-21 13:08:00,1178.67,1178.75,1178.67,1178.75,0.01,10.9,12714.29,1
2023-08-21,2023-08-21 13:09:00,1178.75,1178.83,1178.75,1178.83,0.01,10.9,12714.29,1
2023-08-21,2023-08-21 13:10:00,1178.83,1178.92,1178.83,1178.92,0.01,10.9,12714.29,1
2023-08-21,2023-08-21 13:11:00,1178.92,1179.0,1178.92,1179.0,0.01,10.9,12714.29,1
2023-08-21,2023-08-21 13:12:00,1179.0,1179.08,1179.0,1179.08,0.01,10.9,12714.29,1
2023-08-21,2023-08-21 13:13:00,1179.08,1179.17,1179.08,1179.17,0.01,10.9,12714.29,1
2023-08-21,2023-08-21 13:14:00,1179.17,1179.25,1179.17,1179.25,0.01,10.9,12714.29,1
2023-08-21,2023-08-21 13:15:00,1179.25,1179.33,1179.25,1179.33,0.01,10.9,12714.29,1
2023-08-21,2023-08-21 13:16:00,1179.33,1179.42,1179.33,1179.42,0.01,10.9,12714.29,1
2023-08-21,2023-08-21 13:17:00,1179.42,1179.5,1179.42,1179.5,0.01,10.9,12714.29,1
2023-08-21,2023-08-21 13:18:00,1179.5,1179.58,1179.5,1179.58,0.01,10.9,12714.29,1
2023-08-21,2023-08-21 13:19:00,1179.58,1179.67,1179.58,1179.67,0.01,10.9,12714.29,1
2023-08-21,2023-08-21 13:20:00,1179.67,1179.75,1179.67,1179.75,0.01,10.9,12714.29,1
2023-08-21,2023-08-21 13:21:00,1179.75,1179.83,1179.75,1179.83,0.01,10.9,12714.29,1
2023-08-21,2023-08-21 13:22:00,1179.83,1179.92,1179.83,1179.92,0.01,10.9,12714.29,1
2023-08-21,2023-08-21 13:23:00,1179.92,1180.0,1179.92,1180.0,0.01,10.9,12714.29,1
2023-08-21,2023-08-21 13:24:00,1180.0,1180.08,1180.0,1180.08,0.01,10.9,12714.29,1
2023-08-21,2023-08-21 13:25:00,1180.08,1180.17,1180.08,1180.17,0.01,10.9,12714.29,1
2023-08-21,2023-08-21 13:26:00,1180.17,1180.25,1180.17,1180.25,0.01,10.9,12714.29,1
2023-08-21,2023-08-21 13:27:00,1180.25,1180.33,1180.25,1180.33,0.01,10.9,12714.29,1
2023-08-21,2023-08-21 13:28:00,1180.33,1180.42,1180.33,1180.42,0.01,10.9,12714.29,1
2023-08-21,2023-08-21 13:29:00,1180.42,1180.5,1180.42,1180.5,0.01,10.9,12714.29,1
2023-08-21,2023-08-21 13:30:00,1180.5,1180.58,1180.5,1180.58,0.01,10.9,12714.29,1
2023-08-21,2023-08-21 13:31:00,1180.58,1180.67,1180.58,1180.67,0.01,10.9,12714.29,1
2023-08-21,2023-08-21 13:32:00,1180.67,1180.75,1180.67,1180.75,0.01,10.9,12714.29,1
2023-08-21,2023-08-21 13:33:00,1180.75,1180.83,1180.75,1180.83,0.01,10.9,12714.29,1
2023-08-21,2023-08-21 13:34:00,1180.83,1180.92,1180.83,1180.92,0.01,10.9,12714.29,1
2023-08-21,2023-08-21 13:35:00,1180.92,1181.0,1180.92,1181.0,0.01,10.9,12714.29,1
2023-08-21,2023-08-21 13:36:00,1181.0,1181.08,1181.0,1181.08,0.01,10.9,12714.29,1
2023-08-21,2023-08-21 13:37:00,1181.08,1181.17,1181.08,1181.17,0.01,10.9,12714.29,1
2023-08-21,2023-08-21 13:38:00,1181.17,1181.25,1181.17,1181.25,0.01,10.9,12714.29,1
2023-08-21,2023-08-21 13:39:00,1181.25,1181.33,1181.25,1181.33,0.01,10.9,12714.29,1
2023-08-21,2023-08-21 13:40:00,1181.33,1181.42,1181.33,1181.42,0.01,10.9,12714.29,1
2023-08-21,2023-08-21 13:41:00,1181.42,1181.5,1181.42,1181.5,0.01,10.9,12714.29,1
2023-08-21,2023-08-21 13:42:00,1181.5,1181.58,1181.5,1181.58,0.01,10.9,12714.29,1
2023-08-21,2023-08-21 13:43:00,1181.58,1181.67,1181.58,1181.67,0.01,10.9,12714.29,1
2023-08-21,2023-08-21 13:44:00,1181.67,1181.75,1181.67,1181.75,0.01,10.9,12714.29,1
2023-08-21,2023-08-21 13:45:00,1181.75,1181.83,1181.75,1181.83,0.01,10.9,12714.29,1
2023-08-21,2023-08-21 13:46:00,1181.83,1181.92,1181.83,1181.92,0.01,10.9,12714.29,1
2023-08-21,2023-08-21 13:47:00,1181.92,1182.0,1181.92,1182.0,0.01,10.9,12714.29,1
2023-08-21,2023-08-21 13:48:00,1182.0,1182.08,1182.0,1182.08,0.01,10.9,12714.29,1
2023-08-21,2023-08-21 13:49:00,1182.08,1182.17,1182.08,1182.17,0.01,10.9,12714.29,1
2023-08-21,2023-08-21 13:50:00,1182.17,1182.25,1182.17,1182.25,0.01,10.9,12714.29,1
2023-08-21,2023-08-21 13:51:00,1182.25,1182.33,1182.25,1182.33,0.01,10.9,12714.29,1
2023-08-21,2023-08-21 13:52:00,1182.33,1182.42,1182.33,1182.42,0.01,10.9,12714.29,1
2023-08-21,2023-08-21 13:53:00,1182.42,1182.5,1182.42,1182.5,0.01,10.9,12714.29,1
2023-08-21,2023-08-21 13:54:00,1182.5,1182.58,1182.5,1182.58,0.01,10.9,12714.29,1
2023-08-21,2023-08-21 13:55:00,1182.58,1182.67,1182.58,1182.67,0.01,10.9,12714.29,1
2023-08-21,2023-08-21 13:56:00,1182.67,1182.75,1182.67,1182.75,0.01,10.9,12714.29,1
2023-08-21,2023-08-21 13:57:00,1182.75,1182.83,1182.75,1182.83,0.01,10.9,12714.29,1
2023-08-21,2023-08-21 13:58:00,1182.83,1182.92,1182.83,1182.92,0.01,10.9,12714.29,1
2023-08-21,2023-08-21 13:59:00,1182.92,1183.0,1182.92,1183.0,0.01,10.9,12714.29,1
2023-08-21,2023-08-21 14:00:00,1183.0,1183.08,1183.0,1183.08,0.01,10.9,12714.29,1
2023-08-21,2023-08-21 14:01:00,1183.08,1183.17,1183.08,1183.17,0.01,10.9,12714.29,1
2023-08-21,2023-08-21 14:02:00,1183.17,1183.25,1183.17,1183.25,0.01,10.9,12714.29,1
2023-08-21,2023-08-21 14:03:00,1183.25,1183.33,1183.25,1183.33,0.01,10.9,12714.29,1
2023-08-21,2023-08-21 14:04:00,1183.33,1183.42,1183.33,1183.42,0.01,10.9,12714.29,1
2023-08-21,2023-08-21 14:05:00,1183.42,1183.5,1183.42,1183.5,0.01,10.9,12714.29,1
2023-08-21,2023-08-21 14:06:00,1183.5,1183.58,1183.5,1183.58,0.01,10.9,12714.29,1
2023-08-21,2023-08-21 14:07:00,1183.58,1183.67,1183.58,1183.67,0.01,10.9,12714.29,1
2023-08-21,2023-08-21 14:08:00,1183.67,1183.75,1183.67,1183.75,0.01,10.9,12714.29,1
2023-08-21,2023-08-21 14:09:00,1183.75,1183.83,1183.75,1183.83,0.01,10.9,12714.29,1
2023-08-21,2023-08-21 14:10:00,1183.83,1183.92,1183.83,1183.92,0.01,10.9,12714.29,1
2023-08-21,2023-08-21 14:11:00,1183.92,1184.0,1183.92,1184.0,0.01,10.9,12714.29,1
2023-08-21,2023-08-21 14:12:00,1184.0,1184.08,1184.0,1184.08,0.01,10.9,12714.29,1
2023-08-21,2023-08-21 14:13:00,1184.08,1184.17,1184.08,1184.17,0.01,10.9,12714.29,1
2023-08-21,2023-08-21 14:14:00,1184.17,1184.25,1184.17,1184.25,0.01,10.9,12714.29,1
2023-08-21,2023-08-21 14:15:00,1184.25,1184.33,1184.25,1184.33,0.01,10.9,12714.29,1
2023-08-21,2023-08-21 14:16:00,1184.33,1184.42,1184.33,1184.42,0.01,10.9,12714.29,1
2023-08-21,2023-08-21 14:17:00,1184.42,1184.5,1184.42,1184.5,0.01,10.9,12714.29,1
2023-08-21,2023-08-21 14:18:00,1184.5,1184.58,1184.5,1184.58,0.01,10.9,12714.29,1
2023-08-21,2023-08-21 14:19:00,1184.58,1184.67,1184.58,1184.67,0.01,10.9,12714.29,1
2023-08-21,2023-08-21 14:20:00,1184.67,1184.75,1184.67,1184.75,0.01,10.9,12714.29,1
2023-08-21,2023-08-21 14:21:00,1184.75,1184.83,1184.75,1184.83,0.01,10.9,12714.29,1
2023-08-21,2023-08-21 14:22:00,1184.83,1184.92,1184.83,1184.92,0.01,10.9,12714.29,1
2023-08-21,2023-08-21 14:23:00,1184.92,1185.0,1184.92,1185.0,0.01,10.9,12714.29,1
2023-08-21,2023-08-21 14:24:00,1185.0,1185.08,1185.0,1185.08,0.01,10.9,12714.29,1
2023-08-21,2023-08-21 14:25:00,1185.08,1185.17,1185.08,1185.17,0.01,10.9,12714.29,1
2023-08-21,2023-08-21 14:26:00,1185.17,1185.25,1185.17,1185.25,0.01,10.9,12714.29,1
2023-08-21,2023-08-21 14:27:00,1185.25,1185.33,1185.25,1185.33,0.01,10.9,12714.29,1
2023-08-21,2023-08-21 14:28:00,1185.33,1185.42,1185.33,1185.42,0.01,10.9,12714.29,1
2023-08-21,2023-08-21 14:29:00,1185.42,1185.5,1185.42,1185.5,0.01,10.9,12714.29,1
2023-08-21,2023-08-21 14:30:00,1185.5,1185.58,1185.5,1185.58,0.01,10.9,12714.29,1
2023-08-21,2023-08-21 14:31:00,1185.58,1185.67,1185.58,1185.67,0.01,10.9,12714.29,1
2023-08-21,2023-08-21 14:32:00,1185.67,1185.75,1185.67,1185.75,0.01,10.9,12714.29,1
2023-08-21,2023-08-21 14:33:00,1185.75,1185.83,1185.75,1185.83,0.01,10.9,12714.29,1
2023-08-21,2023-08-21 14:34:00,1185.83,1185.92,1185.83,1185.92,0.01,10.9,12714.29,1
2023-08-21,2023-08-21 14:35:00,1185.92,1186.0,1185.92,1186.0,0.01,10.9,12714.29,1
2023-08-21,2023-08-21 14:36:00,1186.0,1186.08,1186.0,1186.08,0.01,10.9,12714.29,1
2023-08-21,2023-08-21 14:37:00,1186.08,1186.17,1186.08,1186.17,0.01,10.9,12714.29,1
2023-08-21,2023-08-21 14:38:00,1186.17,1186.25,1186.17,1186.25,0.01,10.9,12714.29,1
2023-08-21,2023-08-21 14:39:00,1186.25,1186.33,1186.25,1186.33,0.01,10.9,12714.29,1
2023-08-21,2023-08-21 14:40:00,1186.33,1186.42,1186.33,1186.42,0.01,10.9,12714.29,1
2023-08-21,2023-08-21 14:41:00,1186.42,1186.5,1186.42,1186.5,0.01,10.9,12714.29,1
2023-08-21,2023-08-21 14:42:00,1186.5,1186.58,1186.5,1186.58,0.01,10.9,12714.29,1
2023-08-21,2023-08-21 14:43:00,1186.58,1186.67,1186.58,1186.67,0.01,10.9,12714.29,1
2023-08-21,2023-08-21 14:44:00,1186.67,1186.75,1186.67,1186.75,0.01,10.9,12714.29,1
2023-08-21,2023-08-21 14:45:00,1186.75,1186.83,1186.75,1186.83,0.01,10.9,12714.29,1
2023-08-21,2023-08-21 14:46:00,1186.83,1186.92,1186.83,1186.92,0.01,10.9,12714.29,1
2023-08-21,2023-08-21 14:47:00,1186.92,1187.0,1186.92,1187.0,0.01,10.9,12714.29,1
2023-08-21,2023-08-21 14:48:00,1187.0,1187.08,1187.0,1187.08,0.01,10.9,12714.29,1
2023-08-21,2023-08-21 14:49:00,1187.08,1187.17,1187.08,1187.17,0.01,10.9,12714.29,1
2023-08-21,2023-08-21 14:50:00,1187.17,1187.25,1187.17,1187.25,0.01,10.9,12714.29,1
2023-08-21,2023-08-21 14:51:00,1187.25,1187.33,1187.25,1187.33,0.01,10.9,12714.29,1
2023-08-21,2023-08-21 14:52:00,1187.33,1187.42,1187.33,1187.42,0.01,10.9,12714.29,1
2023-08-21,2023-08-21 14:53:00,1187.42,1187.5,1187.42,1187.5,0.01,10.9,12714.29,1
2023-08-21,2023-08-21 14:54:00,1187.5,1187.58,1187.5,1187.58,0.01,10.9,12714.29,1
2023-08-21,2023-08-21 14:55:00,1187.58,1187.67,1187.58,1187.67,0.01,10.9,12714.29,1
2023-08-21,2023-08-21 14:56:00,1187.67,1187.75,1187.67,1187.75,0.01,10.9,12714.29,1
2023-08-21,2023-08-21 14:57:00,1187.75,1187.83,1187.75,1187.83,0.01,10.9,12714.29,1
2023-08-21,2023-08-21 14:58:00,1187.83,1187.92,1187.83,1187.92,0.01,10.9,12714.29,1
2023-08-21,2023-08-21 14:59:00,1187.92,1188.0,1187.92,1188.0,0.01,10.9,12714.29,1
2023-08-21,2023-08-21 15:00:00,1188.0,1190.0,1151.0,1188.0,0.0,10.9,12714.29,0
2023-08-22,2023-08-22 11:00:00,1190.0,1195.7,1178.33,1190.0,0.0,5.93,6981.62,0
2023-08-22,2023-08-22 11:01:00,1190.0,1190.0,1190.0,1190.0,0.0,5.93,6981.62,0
2023-08-22,2023-08-22 11:02:00,1190.0,1190.0,1190.0,1190.0,0.0,5.93,6981.62,0
2023-08-22,2023-08-22 11:03:00,1190.0,1190.0,1190.0,1190.0,0.0,5.93,6981.62,0
2023-08-22,2023-08-22 11:04:00,1190.0,1190.0,1190.0,1190.0,0.0,5.93,6981.62,0
2023-08-22,2023-08-22 11:05:00,1190.0,1190.0,1190.0,1190.0,0.0,5.93,6981.62,0
2023-08-22,2023-08-22 11:06:00,1190.0,1190.0,1190.0,1190.0,0.0,5.93,6981.62,0
2023-08-22,2023-08-22 11:07:00,1190.0,1190.0,1190.0,1190.0,0.0,5.93,6981.62,0
2023-08-22,2023-08-22 11:08:00,1190.0,1190.0,1190.0,1190.0,0.0,5.93,6981.62,0
2023-08-22,2023-08-22 11:09:00,1190.0,1190.0,1190.0,1190.0,0.0,5.93,6981.62,0
2023-08-22,2023-08-22 11:10:00,1190.0,1190.0,1190.0,1190.0,0.0,5.93,6981.62,0
2023-08-22,2023-08-22 11:11:00,1190.0,1190.0,1190.0,1190.0,0.0,5.93,6981.62,0
2023-08-22,2023-08-22 11:12:00,1190.0,1190.0,1190.0,1190.0,0.0,5.93,6981.62,0
2023-08-22,2023-08-22 11:13:00,1190.0,1190.0,1190.0,1190.0,0.0,5.93,6981.62,0
2023-08-22,2023-08-22 11:14:00,1190.0,1190.0,1190.0,1190.0,0.0,5.93,6981.62,0
2023-08-22,2023-08-22 11:15:00,1190.0,1190.0,1190.0,1190.0,0.0,5.93,6981.62,0
2023-08-22,2023-08-22 11:16:00,1190.0,1190.0,1190.0,1190.0,0.0,5.93,6981.62,0
2023-08-22,2023-08-22 11:17:00,1190.0,1190.0,1190.0,1190.0,0.0,5.93,6981.62,0
2023-08-22,2023-08-22 11:18:00,1190.0,1190.0,1190.0,1190.0,0.0,5.93,6981.62,0
2023-08-22,2023-08-22 11:19:00,1190.0,1190.0,1190.0,1190.0,0.0,5.93,6981.62,0
2023-08-22,2023-08-22 11:20:00,1190.0,1190.0,1190.0,1190.0,0.0,5.93,6981.62,0
2023-08-22,2023-08-22 11:21:00,1190.0,1190.0,1190.0,1190.0,0.0,5.93,6981.62,0
2023-08-22,2023-08-22 11:22:00,1190.0,1190.0,1190.0,1190.0,0.0,5.93,6981.62,0
2023-08-22,2023-08-22 11:23:00,1190.0,1190.0,1190.0,1190.0,0.0,5.93,6981.62,0
2023-08-22,2023-08-22 11:24:00,1190.0,1190.0,1190.0,1190.0,0.0,5.93,6981.62,0
2023-08-22,2023-08-22 11:25:00,1190.0,1190.0,1190.0,1190.0,0.0,5.93,6981.62,0
2023-08-22,2023-08-22 11:26:00,1190.0,1190.0,1190.0,1190.0,0.0,5.93,6981.62,0
2023-08-22,2023-08-22 11:27:00,1190.0,1190.0,1190.0,1190.0,0.0,5.93,6981.62,0
2023-08-22,2023-08-22 11:28:00,1190.0,1190.0,1190.0,1190.0,0.0,5.93,6981.62,0
2023-08-22,2023-08-22 11:29:00,1190.0,1190.0,1190.0,1190.0,0.0,5.93,6981.62,0
2023-08-22,2023-08-22 11:30:00,1190.0,1190.0,1190.0,1190.0,0.0,5.93,6981.62,0
2023-08-22,2023-08-22 11:31:00,1190.0,1190.0,1190.0,1190.0,0.0,5.93,6981.62,0
2023-08-22,2023-08-22 11:32:00,1190.0,1190.0,1190.0,1190.0,0.0,5.93,6981.62,0
2023-08-22,2023-08-22 11:33:00,1190.0,1190.0,1190.0,1190.0,0.0,5.93,6981.62,0
2023-08-22,2023-08-22 11:34:00,1190.0,1190.0,1190.0,1190.0,0.0,5.93,6981.62,0
2023-08-22,2023-08-22 11:35:00,1190.0,1190.0,1190.0,1190.0,0.0,5.93,6981.62,0
2023-08-22,2023-08-22 11:36:00,1190.0,1190.0,1190.0,1190.0,0.0,5.93,6981.62,0
2023-08-22,2023-08-22 11:37:00,1190.0,1190.0,1190.0,1190.0,0.0,5.93,6981.62,0
2023-08-22,2023-08-22 11:38:00,1190.0,1190.0,1190.0,1190.0,0.0,5.93,6981.62,0
2023-08-22,2023-08-22 11:39:00,1190.0,1190.0,1190.0,1190.0,0.0,5.93,6981.62,0
2023-08-22,2023-08-22 11:40:00,1190.0,1190.0,1190.0,1190.0,0.0,5.93,6981.62,0
2023-08-22,2023-08-22 11:41:00,1190.0,1190.0,1190.0,1190.0,0.0,5.93,6981.62,0
2023-08-22,2023-08-22 11:42:00,1190.0,1190.0,1190.0,1190.0,0.0,5.93,6981.62,0
2023-08-22,2023-08-22 11:43:00,1190.0,1190.0,1190.0,1190.0,0.0,5.93,6981.62,0
2023-08-22,2023-08-22 11:44:00,1190.0,1190.0,1190.0,1190.0,0.0,5.93,6981.62,0
2023-08-22,2023-08-22 11:45:00,1190.0,1190.0,1190.0,1190.0,0.0,5.93,6981.62,0
2023-08-22,2023-08-22 11:46:00,1190.0,1190.0,1190.0,1190.0,0.0,5.93,6981.62,0
2023-08-22,2023-08-22 11:47:00,1190.0,1190.0,1190.0,1190.0,0.0,5.93,6981.62,0
2023-08-22,2023-08-22 11:48:00,1190.0,1190.0,1190.0,1190.0,0.0,5.93,6981.62,0
2023-08-22,2023-08-22 11:49:00,1190.0,1190.0,1190.0,1190.0,0.0,5.93,6981.62,0
2023-08-22,2023-08-22 11:50:00,1190.0,1190.0,1190.0,1190.0,0.0,5.93,6981.62,0
2023-08-22,2023-08-22 11:51:00,1190.0,1190.0,1190.0,1190.0,0.0,5.93,6981.62,0
2023-08-22,2023-08-22 11:52:00,1190.0,1190.0,1190.0,1190.0,0.0,5.93,6981.62,0
2023-08-22,2023-08-22 11:53:00,1190.0,1190.0,1190.0,1190.0,0.0,5.93,6981.62,0
2023-08-22,2023-08-22 11:54:00,1190.0,1190.0,1190.0,1190.0,0.0,5.93,6981.62,0
2023-08-22,2023-08-22 11:55:00,1190.0,1190.0,1190.0,1190.0,0.0,5.93,6981.62,0
2023-08-22,2023-08-22 11:56:00,1190.0,1190.0,1190.0,1190.0,0.0,5.93,6981.62,0
2023-08-22,2023-08-22 11:57:00,1190.0,1190.0,1190.0,1190.0,0.0,5.93,6981.62,0
2023-08-22,2023-08-22 11:58:00,1190.0,1190.0,1190.0,1190.0,0.0,5.93,6981.62,0
2023-08-22,2023-08-22 11:59:00,1190.0,1190.0,1190.0,1190.0,0.0,5.93,6981.62,0
2023-08-22,2023-08-22 12:00:00,1190.0,1190.0,1190.0,1190.0,0.0,5.93,6981.62,0
2023-08-22,2023-08-22 12:01:00,1190.0,1190.0,1190.0,1190.0,0.0,5.93,6981.62,0
2023-08-22,2023-08-22 12:02:00,1190.0,1190.0,1190.0,1190.0,0.0,5.93,6981.62,0
2023-08-22,2023-08-22 12:03:00,1190.0,1190.0,1190.0,1190.0,0.0,5.93,6981.62,0
2023-08-22,2023-08-22 12:04:00,1190.0,1190.0,1190.0,1190.0,0.0,5.93,6981.62,0
2023-08-22,2023-08-22 12:05:00,1190.0,1190.0,1190.0,1190.0,0.0,5.93,6981.62,0
2023-08-22,2023-08-22 12:06:00,1190.0,1190.0,1190.0,1190.0,0.0,5.93,6981.62,0
2023-08-22,2023-08-22 12:07:00,1190.0,1190.0,1190.0,1190.0,0.0,5.93,6981.62,0
2023-08-22,2023-08-22 12:08:00,1190.0,1190.0,1190.0,1190.0,0.0,5.93,6981.62,0
2023-08-22,2023-08-22 12:09:00,1190.0,1190.0,1190.0,1190.0,0.0,5.93,6981.62,0
2023-08-22,2023-08-22 12:10:00,1190.0,1190.0,1190.0,1190.0,0.0,5.93,6981.62,0
2023-08-22,2023-08-22 12:11:00,1190.0,1190.0,1190.0,1190.0,0.0,5.93,6981.62,0
2023-08-22,2023-08-22 12:12:00,1190.0,1190.0,1190.0,1190.0,0.0,5.93,6981.62,0
2023-08-22,2023-08-22 12:13:00,1190.0,1190.0,1190.0,1190.0,0.0,5.93,6981.62,0
2023-08-22,2023-08-22 12:14:00,1190.0,1190.0,1190.0,1190.0,0.0,5.93,6981.62,0
2023-08-22,2023-08-22 12:15:00,1190.0,1190.0,1190.0,1190.0,0.0,5.93,6981.62,0
2023-08-22,2023-08-22 12:16:00,1190.0,1190.0,1190.0,1190.0,0.0,5.93,6981.62,0
2023-08-22,2023-08-22 12:17:00,1190.0,1190.0,1190.0,1190.0,0.0,5.93,6981.62,0
2023-08-22,2023-08-22 12:18:00,1190.0,1190.0,1190.0,1190.0,0.0,5.93,6981.62,0
2023-08-22,2023-08-22 12:19:00,1190.0,1190.0,1190.0,1190.0,0.0,5.93,6981.62,0
2023-08-22,2023-08-22 12:20:00,1190.0,1190.0,1190.0,1190.0,0.0,5.93,6981.62,0
2023-08-22,2023-08-22 12:21:00,1190.0,1190.0,1190.0,1190.0,0.0,5.93,6981.62,0
2023-08-22,2023-08-22 12:22:00,1190.0,1190.0,1190.0,1190.0,0.0,5.93,6981.62,0
2023-08-22,2023-08-22 12:23:00,1190.0,1190.0,1190.0,1190.0,0.0,5.93,6981.62,0
2023-08-22,2023-08-22 12:24:00,1190.0,1190.0,1190.0,1190.0,0.0,5.93,6981.62,0
2023-08-22,2023-08-22 12:25:00,1190.0,1190.0,1190.0,1190.0,0.0,5.93,6981.62,0
2023-08-22,2023-08-22 12:26:00,1190.0,1190.0,1190.0,1190.0,0.0,5.93,6981.62,0
2023-08-22,2023-08-22 12:27:00,1190.0,1190.0,1190.0,1190.0,0.0,5.93,6981.62,0
2023-08-22,2023-08-22 12:28:00,1190.0,1190.0,1190.0,1190.0,0.0,5.93,6981.62,0
2023-08-22,2023-08-22 12:29:00,1190.0,1190.0,1190.0,1190.0,0.0,5.93,6981.62,0
2023-08-22,2023-08-22 12:30:00,1190.0,1190.0,1190.0,1190.0,0.0,5.93,6981.62,0
2023-08-22,2023-08-22 12:31:00,1190.0,1190.0,1190.0,1190.0,0.0,5.93,6981.62,0
2023-08-22,2023-08-22 12:32:00,1190.0,1190.0,1190.0,1190.0,0.0,5.93,6981.62,0
2023-08-22,2023-08-22 12:33:00,1190.0,1190.0,1190.0,1190.0,0.0,5.93,6981.62,0
2023-08-22,2023-08-22 12:34:00,1190.0,1190.0,1190.0,1190.0,0.0,5.93,6981.62,0
2023-08-22,2023-08-22 12:35:00,1190.0,1190.0,1190.0,1190.0,0.0,5.93,6981.62,0
2023-08-22,2023-08-22 12:36:00,1190.0,1190.0,1190.0,1190.0,0.0,5.93,6981.62,0
2023-08-22,2023-08-22 12:37:00,1190.0,1190.0,1190.0,1190.0,0.0,5.93,6981.62,0
2023-08-22,2023-08-22 12:38:00,1190.0,1190.0,1190.0,1190.0,0.0,5.93,6981.62,0
2023-08-22,2023-08-22 12:39:00,1190.0,1190.0,1190.0,1190.0,0.0,5.93,6981.62,0
2023-08-22,2023-08-22 12:40:00,1190.0,1190.0,1190.0,1190.0,0.0,5.93,6981.62,0
2023-08-22,2023-08-22 12:41:00,1190.0,1190.0,1190.0,1190.0,0.0,5.93,6981.62,0
2023-08-22,2023-08-22 12:42:00,1190.0,1190.0,1190.0,1190.0,0.0,5.93,6981.62,0
2023-08-22,2023-08-22 12:43:00,1190.0,1190.0,1190.0,1190.0,0.0,5.93,6981.62,0
2023-08-22,2023-08-22 12:44:00,1190.0,1190.0,1190.0,1190.0,0.0,5.93,6981.62,0
2023-08-22,2023-08-22 12:45:00,1190.0,1190.0,1190.0,1190.0,0.0,5.93,6981.62,0
2023-08-22,2023-08-22 12:46:00,1190.0,1190.0,1190.0,1190.0,0.0,5.93,6981.62,0
2023-08-22,2023-08-22 12:47:00,1190.0,1190.0,1190.0,1190.0,0.0,5.93,6981.62,0
2023-08-22,2023-08-22 12:48:00,1190.0,1190.0,1190.0,1190.0,0.0,5.93,6981.62,0
2023-08-22,2023-08-22 12:49:00,1190.0,1190.0,1190.0,1190.0,0.0,5.93,6981.62,0
2023-08-22,2023-08-22 12:50:00,1190.0,1190.0,1190.0,1190.0,0.0,5.93,6981.62,0
2023-08-22,2023-08-22 12:51:00,1190.0,1190.0,1190.0,1190.0,0.0,5.93,6981.62,0
2023-08-22,2023-08-22 12:52:00,1190.0,1190.0,1190.0,1190.0,0.0,5.93,6981.62,0
2023-08-22,2023-08-22 12:53:00,1190.0,1190.0,1190.0,1190.0,0.0,5.93,6981.62,0
2023-08-22,2023-08-22 12:54:00,1190.0,1190.0,1190.0,1190.0,0.0,5.93,6981.62,0
2023-08-22,2023-08-22 12:55:00,1190.0,1190.0,1190.0,1190.0,0.0,5.93,6981.62,0
2023-08-22,2023-08-22 12:56:00,1190.0,1190.0,1190.0,1190.0,0.0,5.93,6981.62,0
2023-08-22,2023-08-22 12:57:00,1190.0,1190.0,1190.0,1190.0,0.0,5.93,6981.62,0
2023-08-22,2023-08-22 12:58:00,1190.0,1190.0,1190.0,1190.0,0.0,5.93,6981.62,0
2023-08-22,2023-08-22 12:59:00,1190.0,1190.0,1190.0,1190.0,0.0,5.93,6981.62,0
2023-08-22,2023-08-22 13:00:00,1190.0,1209.0,1151.1,1190.0,0.0,5.93,6981.62,0
2023-08-22,2023-08-22 13:01:00,1190.0,1190.0,1190.0,1190.0,0.0,5.93,6981.62,0
2023-08-22,2023-08-22 13:02:00,1190.0,1190.0,1190.0,1190.0,0.0,5.93,6981.62,0
2023-08-22,2023-08-22 13:03:00,1190.0,1190.0,1190.0,1190.0,0.0,5.93,6981.62,0
2023-08-22,2023-08-22 13:04:00,1190.0,1190.0,1190.0,1190.0,0.0,5.93,6981.62,0
2023-08-22,2023-08-22 13:05:00,1190.0,1190.0,1190.0,1190.0,0.0,5.93,6981.62,0
2023-08-22,2023-08-22 13:06:00,1190.0,1190.0,1190.0,1190.0,0.0,5.93,6981.62,0
2023-08-22,2023-08-22 13:07:00,1190.0,1190.0,1190.0,1190.0,0.0,5.93,6981.62,0
2023-08-22,2023-08-22 13:08:00,1190.0,1190.0,1190.0,1190.0,0.0,5.93,6981.62,0
2023-08-22,2023-08-22 13:09:00,1190.0,1190.0,1190.0,1190.0,0.0,5.93,6981.62,0
2023-08-22,2023-08-22 13:10:00,1190.0,1190.0,1190.0,1190.0,0.0,5.93,6981.62,0
2023-08-22,2023-08-22 13:11:00,1190.0,1190.0,1190.0,1190.0,0.0,5.93,6981.62,0
2023-08-22,2023-08-22 13:12:00,1190.0,1190.0,1190.0,1190.0,0.0,5.93,6981.62,0
2023-08-22,2023-08-22 13:13:00,1190.0,1190.0,1190.0,1190.0,0.0,5.93,6981.62,0
2023-08-22,2023-08-22 13:14:00,1190.0,1190.0,1190.0,1190.0,0.0,5.93,6981.62,0
2023-08-22,2023-08-22 13:15:00,1190.0,1190.0,1190.0,1190.0,0.0,5.93,6981.62,0
2023-08-22,2023-08-22 13:16:00,1190.0,1190.0,1190.0,1190.0,0.0,5.93,6981.62,0
2023-08-22,2023-08-22 13:17:00,1190.0,1190.0,1190.0,1190.0,0.0,5.93,6981.62,0
2023-08-22,2023-08-22 13:18:00,1190.0,1190.0,1190.0,1190.0,0.0,5.93,6981.62,0
2023-08-22,2023-08-22 13:19:00,1190.0,1190.0,1190.0,1190.0,0.0,5.93,6981.62,0
2023-08-22,2023-08-22 13:20:00,1190.0,1190.0,1190.0,1190.0,0.0,5.93,6981.62,0
2023-08-22,2023-08-22 13:21:00,1190.0,1190.0,1190.0,1190.0,0.0,5.93,6981.62,0
2023-08-22,2023-08-22 13:22:00,1190.0,1190.0,1190.0,1190.0,0.0,5.93,6981.62,0
2023-08-22,2023-08-22 13:23:00,1190.0,1190.0,1190.0,1190.0,0.0,5.93,6981.62,0
2023-08-22,2023-08-22 13:24:00,1190.0,1190.0,1190.0,1190.0,0.0,5.93,6981.62,0
2023-08-22,2023-08-22 13:25:00,1190.0,1190.0,1190.0,1190.0,0.0,5.93,6981.62,0
2023-08-22,2023-08-22 13:26:00,1190.0,1190.0,1190.0,1190.0,0.0,5.93,6981.62,0
2023-08-22,2023-08-22 13:27:00,1190.0,1190.0,1190.0,1190.0,0.0,5.93,6981.62,0
2023-08-22,2023-08-22 13:28:00,1190.0,1190.0,1190.0,1190.0,0.0,5.93,6981.62,0
2023-08-22,2023-08-22 13:29:00,1190.0,1190.0,1190.0,1190.0,0.0,5.93,6981.62,0
2023-08-22,2023-08-22 13:30:00,1190.0,1190.0,1190.0,1190.0,0.0,5.93,6981.62,0
2023-08-22,2023-08-22 13:31:00,1190.0,1190.0,1190.0,1190.0,0.0,5.93,6981.62,0
2023-08-22,2023-08-22 13:32:00,1190.0,1190.0,1190.0,1190.0,0.0,5.93,6981.62,0
2023-08-22,2023-08-22 13:33:00,1190.0,1190.0,1190.0,1190.0,0.0,5.93,6981.62,0
2023-08-22,2023-08-22 13:34:00,1190.0,1190.0,1190.0,1190.0,0.0,5.93,6981.62,0
2023-08-22,2023-08-22 13:35:00,1190.0,1190.0,1190.0,1190.0,0.0,5.93,6981.62,0
2023-08-22,2023-08-22 13:36:00,1190.0,1190.0,1190.0,1190.0,0.0,5.93,6981.62,0
2023-08-22,2023-08-22 13:37:00,1190.0,1190.0,1190.0,1190.0,0.0,5.93,6981.62,0
2023-08-22,2023-08-22 13:38:00,1190.0,1190.0,1190.0,1190.0,0.0,5.93,6981.62,0
2023-08-22,2023-08-22 13:39:00,1190.0,1190.0,1190.0,1190.0,0.0,5.93,6981.62,0
2023-08-22,2023-08-22 13:40:00,1190.0,1190.0,1190.0,1190.0,0.0,5.93,6981.62,0
2023-08-22,2023-08-22 13:41:00,1190.0,1190.0,1190.0,1190.0,0.0,5.93,6981.62,0
2023-08-22,2023-08-22 13:42:00,1190.0,1190.0,1190.0,1190.0,0.0,5.93,6981.62,0
2023-08-22,2023-08-22 13:43:00,1190.0,1190.0,1190.0,1190.0,0.0,5.93,6981.62,0
2023-08-22,2023-08-22 13:44:00,1190.0,1190.0,1190.0,1190.0,0.0,5.93,6981.62,0
2023-08-22,2023-08-22 13:45:00,1190.0,1190.0,1190.0,1190.0,0.0,5.93,6981.62,0
2023-08-22,2023-08-22 13:46:00,1190.0,1190.0,1190.0,1190.0,0.0,5.93,6981.62,0
2023-08-22,2023-08-22 13:47:00,1190.0,1190.0,1190.0,1190.0,0.0,5.93,6981.62,0
2023-08-22,2023-08-22 13:48:00,1190.0,1190.0,1190.0,1190.0,0.0,5.93,6981.62,0
2023-08-22,2023-08-22 13:49:00,1190.0,1190.0,1190.0,1190.0,0.0,5.93,6981.62,0
2023-08-22,2023-08-22 13:50:00,1190.0,1190.0,1190.0,1190.0,0.0,5.93,6981.62,0
2023-08-22,2023-08-22 13:51:00,1190.0,1190.0,1190.0,1190.0,0.0,5.93,6981.62,0
2023-08-22,2023-08-22 13:52:00,1190.0,1190.0,1190.0,1190.0,0.0,5.93,6981.62,0
2023-08-22,2023-08-22 13:53:00,1190.0,1190.0,1190.0,1190.0,0.0,5.93,6981.62,0
2023-08-22,2023-08-22 13:54:00,1190.0,1190.0,1190.0,1190.0,0.0,5.93,6981.62,0
2023-08-22,2023-08-22 13:55:00,1190.0,1190.0,1190.0,1190.0,0.0,5.93,6981.62,0
2023-08-22,2023-08-22 13:56:00,1190.0,1190.0,1190.0,1190.0,0.0,5.93,6981.62,0
2023-08-22,2023-08-22 13:57:00,1190.0,1190.0,1190.0,1190.0,0.0,5.93,6981.62,0
2023-08-22,2023-08-22 13:58:00,1190.0,1190.0,1190.0,1190.0,0.0,5.93,6981.62,0
2023-08-22,2023-08-22 13:59:00,1190.0,1190.0,1190.0,1190.0,0.0,5.93,6981.62,0
2023-08-22,2023-08-22 14:00:00,1190.0,1190.0,1190.0,1190.0,0.0,5.93,6981.62,0
2023-08-22,2023-08-22 14:01:00,1190.0,1190.0,1190.0,1190.0,0.0,5.93,6981.62,0
2023-08-22,2023-08-22 14:02:00,1190.0,1190.0,1190.0,1190.0,0.0,5.93,6981.62,0
2023-08-22,2023-08-22 14:03:00,1190.0,1190.0,1190.0,1190.0,0.0,5.93,6981.62,0
2023-08-22,2023-08-22 14:04:00,1190.0,1190.0,1190.0,1190.0,0.0,5.93,6981.62,0
2023-08-22,2023-08-22 14:05:00,1190.0,1190.0,1190.0,1190.0,0.0,5.93,6981.62,0
2023-08-22,2023-08-22 14:06:00,1190.0,1190.0,1190.0,1190.0,0.0,5.93,6981.62,0
2023-08-22,2023-08-22 14:07:00,1190.0,1190.0,1190.0,1190.0,0.0,5.93,6981.62,0
2023-08-22,2023-08-22 14:08:00,1190.0,1190.0,1190.0,1190.0,0.0,5.93,6981.62,0
2023-08-22,2023-08-22 14:09:00,1190.0,1190.0,1190.0,1190.0,0.0,5.93,6981.62,0
2023-08-22,2023-08-22 14:10:00,1190.0,1190.0,1190.0,1190.0,0.0,5.93,6981.62,0
2023-08-22,2023-08-22 14:11:00,1190.0,1190.0,1190.0,1190.0,0.0,5.93,6981.62,0
2023-08-22,2023-08-22 14:12:00,1190.0,1190.0,1190.0,1190.0,0.0,5.93,6981.62,0
2023-08-22,2023-08-22 14:13:00,1190.0,1190.0,1190.0,1190.0,0.0,5.93,6981.62,0
2023-08-22,2023-08-22 14:14:00,1190.0,1190.0,1190.0,1190.0,0.0,5.93,6981.62,0
2023-08-22,2023-08-22 14:15:00,1190.0,1190.0,1190.0,1190.0,0.0,5.93,6981.62,0
2023-08-22,2023-08-22 14:16:00,1190.0,1190.0,1190.0,1190.0,0.0,5.93,6981.62,0
2023-08-22,2023-08-22 14:17:00,1190.0,1190.0,1190.0,1190.0,0.0,5.93,6981.62,0
2023-08-22,2023-08-22 14:18:00,1190.0,1190.0,1190.0,1190.0,0.0,5.93,6981.62,0
2023-08-22,2023-08-22 14:19:00,1190.0,1190.0,1190.0,1190.0,0.0,5.93,6981.62,0
2023-08-22,2023-08-22 14:20:00,1190.0,1190.0,1190.0,1190.0,0.0,5.93,6981.62,0
2023-08-22,2023-08-22 14:21:00,1190.0,1190.0,1190.0,1190.0,0.0,5.93,6981.62,0
2023-08-22,2023-08-22 14:22:00,1190.0,1190.0,1190.0,1190.0,0.0,5.93,6981.62,0
2023-08-22,2023-08-22 14:23:00,1190.0,1190.0,1190.0,1190.0,0.0,5.93,6981.62,0
2023-08-22,2023-08-22 14:24:00,1190.0,1190.0,1190.0,1190.0,0.0,5.93,6981.62,0
2023-08-22,2023-08-22 14:25:00,1190.0,1190.0,1190.0,1190.0,0.0,5.93,6981.62,0
2023-08-22,2023-08-22 14:26:00,1190.0,1190.0,1190.0,1190.0,0.0,5.93,6981.62,0
2023-08-22,2023-08-22 14:27:00,1190.0,1190.0,1190.0,1190.0,0.0,5.93,6981.62,0
2023-08-22,2023-08-22 14:28:00,1190.0,1190.0,1190.0,1190.0,0.0,5.93,6981.62,0
2023-08-22,2023-08-22 14:29:00,1190.0,1190.0,1190.0,1190.0,0.0,5.93,6981.62,0
2023-08-22,2023-08-22 14:30:00,1190.0,1190.0,1190.0,1190.0,0.0,5.93,6981.62,0
2023-08-22,2023-08-22 14:31:00,1190.0,1190.0,1190.0,1190.0,0.0,5.93,6981.62,0
2023-08-22,2023-08-22 14:32:00,1190.0,1190.0,1190.0,1190.0,0.0,5.93,6981.62,0
2023-08-22,2023-08-22 14:33:00,1190.0,1190.0,1190.0,1190.0,0.0,5.93,6981.62,0
2023-08-22,2023-08-22 14:34:00,1190.0,1190.0,1190.0,1190.0,0.0,5.93,6981.62,0
2023-08-22,2023-08-22 14:35:00,1190.0,1190.0,1190.0,1190.0,0.0,5.93,6981.62,0
2023-08-22,2023-08-22 14:36:00,1190.0,1190.0,1190.0,1190.0,0.0,5.93,6981.62,0
2023-08-22,2023-08-22 14:37:00,1190.0,1190.0,1190.0,1190.0,0.0,5.93,6981.62,0
2023-08-22,2023-08-22 14:38:00,1190.0,1190.0,1190.0,1190.0,0.0,5.93,6981.62,0
2023-08-22,2023-08-22 14:39:00,1190.0,1190.0,1190.0,1190.0,0.0,5.93,6981.62,0
2023-08-22,2023-08-22 14:40:00,1190.0,1190.0,1190.0,1190.0,0.0,5.93,6981.62,0
2023-08-22,2023-08-22 14:41:00,1190.0,1190.0,1190.0,1190.0,0.0,5.93,6981.62,0
2023-08-22,2023-08-22 14:42:00,1190.0,1190.0,1190.0,1190.0,0.0,5.93,6981.62,0
2023-08-22,2023-08-22 14:43:00,1190.0,1190.0,1190.0,1190.0,0.0,5.93,6981.62,0
2023-08-22,2023-08-22 14:44:00,1190.0,1190.0,1190.0,1190.0,0.0,5.93,6981.62,0
2023-08-22,2023-08-22 14:45:00,1190.0,1190.0,1190.0,1190.0,0.0,5.93,6981.62,0
2023-08-22,2023-08-22 14:46:00,1190.0,1190.0,1190.0,1190.0,0.0,5.93,6981.62,0
2023-08-22,2023-08-22 14:47:00,1190.0,1190.0,1190.0,1190.0,0.0,5.93,6981.62,0
2023-08-22,2023-08-22 14:48:00,1190.0,1190.0,1190.0,1190.0,0.0,5.93,6981.62,0
2023-08-22,2023-08-22 14:49:00,1190.0,1190.0,1190.0,1190.0,0.0,5.93,6981.62,0
2023-08-22,2023-08-22 14:50:00,1190.0,1190.0,1190.0,1190.0,0.0,5.93,6981.62,0
2023-08-22,2023-08-22 14:51:00,1190.0,1190.0,1190.0,1190.0,0.0,5.93,6981.62,0
2023-08-22,2023-08-22 14:52:00,1190.0,1190.0,1190.0,1190.0,0.0,5.93,6981.62,0
2023-08-22,2023-08-22 14:53:00,1190.0,1190.0,1190.0,1190.0,0.0,5.93,6981.62,0
2023-08-22,2023-08-22 14:54:00,1190.0,1190.0,1190.0,1190.0,0.0,5.93,6981.62,0
2023-08-22,2023-08-22 14:55:00,1190.0,1190.0,1190.0,1190.0,0.0,5.93,6981.62,0
2023-08-22,2023-08-22 14:56:00,1190.0,1190.0,1190.0,1190.0,0.0,5.93,6981.62,0
2023-08-22,2023-08-22 14:57:00,1190.0,1190.0,1190.0,1190.0,0.0,5.93,6981.62,0
2023-08-22,2023-08-22 14:58:00,1190.0,1190.0,1190.0,1190.0,0.0,5.93,6981.62,0
2023-08-22,2023-08-22 14:59:00,1190.0,1190.0,1190.0,1190.0,0.0,5.93,6981.62,0
2023-08-22,2023-08-22 15:00:00,1190.0,1209.0,1151.1,1190.0,0.0,5.93,6981.62,0
2023-08-23,2023-08-23 11:00:00,1207.5,1207.5,1196.25,1207.47,-0.0,6.49,7722.89,-1
2023-08-23,2023-08-23 11:01:00,1207.47,1207.47,1207.44,1207.44,-0.0,6.49,7722.89,-1
2023-08-23,2023-08-23 11:02:00,1207.44,1207.44,1207.4,1207.4,-0.0,6.49,7722.89,-1
2023-08-23,2023-08-23 11:03:00,1207.4,1207.4,1207.37,1207.37,-0.0,6.49,7722.89,-1
2023-08-23,2023-08-23 11:04:00,1207.37,1207.37,1207.34,1207.34,-0.0,6.49,7722.89,-1
2023-08-23,2023-08-23 11:05:00,1207.34,1207.34,1207.31,1207.31,-0.0,6.49,7722.89,-1
2023-08-23,2023-08-23 11:06:00,1207.31,1207.31,1207.28,1207.28,-0.0,6.49,7722.89,-1
2023-08-23,2023-08-23 11:07:00,1207.28,1207.28,1207.25,1207.25,-0.0,6.49,7722.89,-1
2023-08-23,2023-08-23 11:08:00,1207.25,1207.25,1207.21,1207.21,-0.0,6.49,7722.89,-1
2023-08-23,2023-08-23 11:09:00,1207.21,1207.21,1207.18,1207.18,-0.0,6.49,7722.89,-1
2023-08-23,2023-08-23 11:10:00,1207.18,1207.18,1207.15,1207.15,-0.0,6.49,7722.89,-1
2023-08-23,2023-08-23 11:11:00,1207.15,1207.15,1207.12,1207.12,-0.0,6.49,7722.89,-1
2023-08-23,2023-08-23 11:12:00,1207.12,1207.12,1207.09,1207.09,-0.0,6.49,7722.89,-1
2023-08-23,2023-08-23 11:13:00,1207.09,1207.09,1207.06,1207.06,-0.0,6.49,7722.89,-1
2023-08-23,2023-08-23 11:14:00,1207.06,1207.06,1207.03,1207.03,-0.0,6.49,7722.89,-1
2023-08-23,2023-08-23 11:15:00,1207.03,1207.03,1206.99,1206.99,-0.0,6.49,7722.89,-1
2023-08-23,2023-08-23 11:16:00,1206.99,1206.99,1206.96,1206.96,-0.0,6.49,7722.89,-1
2023-08-23,2023-08-23 11:17:00,1206.96,1206.96,1206.93,1206.93,-0.0,6.49,7722.89,-1
2023-08-23,2023-08-23 11:18:00,1206.93,1206.93,1206.9,1206.9,-0.0,6.49,7722.89,-1
2023-08-23,2023-08-23 11:19:00,1206.9,1206.9,1206.87,1206.87,-0.0,6.49,7722.89,-1
2023-08-23,2023-08-23 11:20:00,1206.87,1206.87,1206.84,1206.84,-0.0,6.49,7722.89,-1
2023-08-23,2023-08-23 11:21:00,1206.84,1206.84,1206.8,1206.8,-0.0,6.49,7722.89,-1
2023-08-23,2023-08-23 11:22:00,1206.8,1206.8,1206.77,1206.77,-0.0,6.49,7722.89,-1
2023-08-23,2023-08-23 11:23:00,1206.77,1206.77,1206.74,1206.74,-0.0,6.49,7722.89,-1
2023-08-23,2023-08-23 11:24:00,1206.74,1206.74,1206.71,1206.71,-0.0,6.49,7722.89,-1
2023-08-23,2023-08-23 11:25:00,1206.71,1206.71,1206.68,1206.68,-0.0,6.49,7722.89,-1
2023-08-23,2023-08-23 11:26:00,1206.68,1206.68,1206.64,1206.64,-0.0,6.49,7722.89,-1
2023-08-23,2023-08-23 11:27:00,1206.64,1206.64,1206.61,1206.61,-0.0,6.49,7722.89,-1
2023-08-23,2023-08-23 11:28:00,1206.61,1206.61,1206.58,1206.58,-0.0,6.49,7722.89,-1
2023-08-23,2023-08-23 11:29:00,1206.58,1206.58,1206.55,1206.55,-0.0,6.49,7722.89,-1
2023-08-23,2023-08-23 11:30:00,1206.55,1206.55,1206.52,1206.52,-0.0,6.49,7722.89,-1
2023-08-23,2023-08-23 11:31:00,1206.52,1206.52,1206.49,1206.49,-0.0,6.49,7722.89,-1
2023-08-23,2023-08-23 11:32:00,1206.49,1206.49,1206.45,1206.45,-0.0,6.49,7722.89,-1
2023-08-23,2023-08-23 11:33:00,1206.45,1206.45,1206.42,1206.42,-0.0,6.49,7722.89,-1
2023-08-23,2023-08-23 11:34:00,1206.42,1206.42,1206.39,1206.39,-0.0,6.49,7722.89,-1
2023-08-23,2023-08-23 11:35:00,1206.39,1206.39,1206.36,1206.36,-0.0,6.49,7722.89,-1
2023-08-23,2023-08-23 11:36:00,1206.36,1206.36,1206.33,1206.33,-0.0,6.49,7722.89,-1
2023-08-23,2023-08-23 11:37:00,1206.33,1206.33,1206.3,1206.3,-0.0,6.49,7722.89,-1
2023-08-23,2023-08-23 11:38:00,1206.3,1206.3,1206.27,1206.27,-0.0,6.49,7722.89,-1
2023-08-23,2023-08-23 11:39:00,1206.27,1206.27,1206.23,1206.23,-0.0,6.49,7722.89,-1
2023-08-23,2023-08-23 11:40:00,1206.23,1206.23,1206.2,1206.2,-0.0,6.49,7722.89,-1
2023-08-23,2023-08-23 11:41:00,1206.2,1206.2,1206.17,1206.17,-0.0,6.49,7722.89,-1
2023-08-23,2023-08-23 11:42:00,1206.17,1206.17,1206.14,1206.14,-0.0,6.49,7722.89,-1
2023-08-23,2023-08-23 11:43:00,1206.14,1206.14,1206.11,1206.11,-0.0,6.49,7722.89,-1
2023-08-23,2023-08-23 11:44:00,1206.11,1206.11,1206.08,1206.08,-0.0,6.49,7722.89,-1
2023-08-23,2023-08-23 11:45:00,1206.08,1206.08,1206.04,1206.04,-0.0,6.49,7722.89,-1
2023-08-23,2023-08-23 11:46:00,1206.04,1206.04,1206.01,1206.01,-0.0,6.49,7722.89,-1
2023-08-23,2023-08-23 11:47:00,1206.01,1206.01,1205.98,1205.98,-0.0,6.49,7722.89,-1
2023-08-23,2023-08-23 11:48:00,1205.98,1205.98,1205.95,1205.95,-0.0,6.49,7722.89,-1
2023-08-23,2023-08-23 11:49:00,1205.95,1205.95,1205.92,1205.92,-0.0,6.49,7722.89,-1
2023-08-23,2023-08-23 11:50:00,1205.92,1205.92,1205.88,1205.88,-0.0,6.49,7722.89,-1
2023-08-23,2023-08-23 11:51:00,1205.88,1205.88,1205.85,1205.85,-0.0,6.49,7722.89,-1
2023-08-23,2023-08-23 11:52:00,1205.85,1205.85,1205.82,1205.82,-0.0,6.49,7722.89,-1
2023-08-23,2023-08-23 11:53:00,1205.82,1205.82,1205.79,1205.79,-0.0,6.49,7722.89,-1
2023-08-23,2023-08-23 11:54:00,1205.79,1205.79,1205.76,1205.76,-0.0,6.49,7722.89,-1
2023-08-23,2023-08-23 11:55:00,1205.76,1205.76,1205.73,1205.73,-0.0,6.49,7722.89,-1
2023-08-23,2023-08-23 11:56:00,1205.73,1205.73,1205.69,1205.69,-0.0,6.49,7722.89,-1
2023-08-23,2023-08-23 11:57:00,1205.69,1205.69,1205.66,1205.66,-0.0,6.49,7722.89,-1
2023-08-23,2023-08-23 11:58:00,1205.66,1205.66,1205.63,1205.63,-0.0,6.49,7722.89,-1
2023-08-23,2023-08-23 11:59:00,1205.63,1205.63,1205.6,1205.6,-0.0,6.49,7722.89,-1
2023-08-23,2023-08-23 12:00:00,1205.6,1205.6,1205.57,1205.57,-0.0,6.49,7722.89,-1
2023-08-23,2023-08-23 12:01:00,1205.57,1205.57,1205.54,1205.54,-0.0,6.49,7722.89,-1
2023-08-23,2023-08-23 12:02:00,1205.54,1205.54,1205.51,1205.51,-0.0,6.49,7722.89,-1
2023-08-23,2023-08-23 12:03:00,1205.51,1205.51,1205.47,1205.47,-0.0,6.49,7722.89,-1
2023-08-23,2023-08-23 12:04:00,1205.47,1205.47,1205.44,1205.44,-0.0,6.49,7722.89,-1
2023-08-23,2023-08-23 12:05:00,1205.44,1205.44,1205.41,1205.41,-0.0,6.49,7722.89,-1
2023-08-23,2023-08-23 12:06:00,1205.41,1205.41,1205.38,1205.38,-0.0,6.49,7722.89,-1
2023-08-23,2023-08-23 12:07:00,1205.38,1205.38,1205.35,1205.35,-0.0,6.49,7722.89,-1
2023-08-23,2023-08-23 12:08:00,1205.35,1205.35,1205.32,1205.32,-0.0,6.49,7722.89,-1
2023-08-23,2023-08-23 12:09:00,1205.32,1205.32,1205.28,1205.28,-0.0,6.49,7722.89,-1
2023-08-23,2023-08-23 12:10:00,1205.28,1205.28,1205.25,1205.25,-0.0,6.49,7722.89,-1
2023-08-23,2023-08-23 12:11:00,1205.25,1205.25,1205.22,1205.22,-0.0,6.49,7722.89,-1
2023-08-23,2023-08-23 12:12:00,1205.22,1205.22,1205.19,1205.19,-0.0,6.49,7722.89,-1
2023-08-23,2023-08-23 12:13:00,1205.19,1205.19,1205.16,1205.16,-0.0,6.49,7722.89,-1
2023-08-23,2023-08-23 12:14:00,1205.16,1205.16,1205.12,1205.12,-0.0,6.49,7722.89,-1
2023-08-23,2023-08-23 12:15:00,1205.12,1205.12,1205.09,1205.09,-0.0,6.49,7722.89,-1
2023-08-23,2023-08-23 12:16:00,1205.09,1205.09,1205.06,1205.06,-0.0,6.49,7722.89,-1
2023-08-23,2023-08-23 12:17:00,1205.06,1205.06,1205.03,1205.03,-0.0,6.49,7722.89,-1
2023-08-23,2023-08-23 12:18:00,1205.03,1205.03,1205.0,1205.0,-0.0,6.49,7722.89,-1
2023-08-23,2023-08-23 12:19:00,1205.0,1205.0,1204.97,1204.97,-0.0,6.49,7722.89,-1
2023-08-23,2023-08-23 12:20:00,1204.97,1204.97,1204.93,1204.93,-0.0,6.49,7722.89,-1
2023-08-23,2023-08-23 12:21:00,1204.93,1204.93,1204.9,1204.9,-0.0,6.49,7722.89,-1
2023-08-23,2023-08-23 12:22:00,1204.9,1204.9,1204.87,1204.87,-0.0,6.49,7722.89,-1
2023-08-23,2023-08-23 12:23:00,1204.87,1204.87,1204.84,1204.84,-0.0,6.49,7722.89,-1
2023-08-23,2023-08-23 12:24:00,1204.84,1204.84,1204.81,1204.81,-0.0,6.49,7722.89,-1
2023-08-23,2023-08-23 12:25:00,1204.81,1204.81,1204.78,1204.78,-0.0,6.49,7722.89,-1
2023-08-23,2023-08-23 12:26:00,1204.78,1204.78,1204.75,1204.75,-0.0,6.49,7722.89,-1
2023-08-23,2023-08-23 12:27:00,1204.75,1204.75,1204.71,1204.71,-0.0,6.49,7722.89,-1
2023-08-23,2023-08-23 12:28:00,1204.71,1204.71,1204.68,1204.68,-0.0,6.49,7722.89,-1
2023-08-23,2023-08-23 12:29:00,1204.68,1204.68,1204.65,1204.65,-0.0,6.49,7722.89,-1
2023-08-23,2023-08-23 12:30:00,1204.65,1204.65,1204.62,1204.62,-0.0,6.49,7722.89,-1
2023-08-23,2023-08-23 12:31:00,1204.62,1204.62,1204.59,1204.59,-0.0,6.49,7722.89,-1
2023-08-23,2023-08-23 12:32:00,1204.59,1204.59,1204.56,1204.56,-0.0,6.49,7722.89,-1
2023-08-23,2023-08-23 12:33:00,1204.56,1204.56,1204.52,1204.52,-0.0,6.49,7722.89,-1
2023-08-23,2023-08-23 12:34:00,1204.52,1204.52,1204.49,1204.49,-0.0,6.49,7722.89,-1
2023-08-23,2023-08-23 12:35:00,1204.49,1204.49,1204.46,1204.46,-0.0,6.49,7722.89,-1
2023-08-23,2023-08-23 12:36:00,1204.46,1204.46,1204.43,1204.43,-0.0,6.49,7722.89,-1
2023-08-23,2023-08-23 12:37:00,1204.43,1204.43,1204.4,1204.4,-0.0,6.49,7722.89,-1
2023-08-23,2023-08-23 12:38:00,1204.4,1204.4,1204.37,1204.37,-0.0,6.49,7722.89,-1
2023-08-23,2023-08-23 12:39:00,1204.37,1204.37,1204.33,1204.33,-0.0,6.49,7722.89,-1
2023-08-23,2023-08-23 12:40:00,1204.33,1204.33,1204.3,1204.3,-0.0,6.49,7722.89,-1
2023-08-23,2023-08-23 12:41:00,1204.3,1204.3,1204.27,1204.27,-0.0,6.49,7722.89,-1
2023-08-23,2023-08-23 12:42:00,1204.27,1204.27,1204.24,1204.24,-0.0,6.49,7722.89,-1
2023-08-23,2023-08-23 12:43:00,1204.24,1204.24,1204.21,1204.21,-0.0,6.49,7722.89,-1
2023-08-23,2023-08-23 12:44:00,1204.21,1204.21,1204.17,1204.17,-0.0,6.49,7722.89,-1
2023-08-23,2023-08-23 12:45:00,1204.17,1204.17,1204.14,1204.14,-0.0,6.49,7722.89,-1
2023-08-23,2023-08-23 12:46:00,1204.14,1204.14,1204.11,1204.11,-0.0,6.49,7722.89,-1
2023-08-23,2023-08-23 12:47:00,1204.11,1204.11,1204.08,1204.08,-0.0,6.49,7722.89,-1
2023-08-23,2023-08-23 12:48:00,1204.08,1204.08,1204.05,1204.05,-0.0,6.49,7722.89,-1
2023-08-23,2023-08-23 12:49:00,1204.05,1204.05,1204.02,1204.02,-0.0,6.49,7722.89,-1
2023-08-23,2023-08-23 12:50:00,1204.02,1204.02,1203.99,1203.99,-0.0,6.49,7722.89,-1
2023-08-23,2023-08-23 12:51:00,1203.99,1203.99,1203.95,1203.95,-0.0,6.49,7722.89,-1
2023-08-23,2023-08-23 12:52:00,1203.95,1203.95,1203.92,1203.92,-0.0,6.49,7722.89,-1
2023-08-23,2023-08-23 12:53:00,1203.92,1203.92,1203.89,1203.89,-0.0,6.49,7722.89,-1
2023-08-23,2023-08-23 12:54:00,1203.89,1203.89,1203.86,1203.86,-0.0,6.49,7722.89,-1
2023-08-23,2023-08-23 12:55:00,1203.86,1203.86,1203.83,1203.83,-0.0,6.49,7722.89,-1
2023-08-23,2023-08-23 12:56:00,1203.83,1203.83,1203.8,1203.8,-0.0,6.49,7722.89,-1
2023-08-23,2023-08-23 12:57:00,1203.8,1203.8,1203.76,1203.76,-0.0,6.49,7722.89,-1
2023-08-23,2023-08-23 12:58:00,1203.76,1203.76,1203.73,1203.73,-0.0,6.49,7722.89,-1
2023-08-23,2023-08-23 12:59:00,1203.73,1203.73,1203.7,1203.7,-0.0,6.49,7722.89,-1
2023-08-23,2023-08-23 13:00:00,1203.7,1207.5,1170.0,1203.67,-0.0,6.49,7722.89,-1
2023-08-23,2023-08-23 13:01:00,1203.67,1203.67,1203.64,1203.64,-0.0,6.49,7722.89,-1
2023-08-23,2023-08-23 13:02:00,1203.64,1203.64,1203.61,1203.61,-0.0,6.49,7722.89,-1
2023-08-23,2023-08-23 13:03:00,1203.61,1203.61,1203.57,1203.57,-0.0,6.49,7722.89,-1
2023-08-23,2023-08-23 13:04:00,1203.57,1203.57,1203.54,1203.54,-0.0,6.49,7722.89,-1
2023-08-23,2023-08-23 13:05:00,1203.54,1203.54,1203.51,1203.51,-0.0,6.49,7722.89,-1
2023-08-23,2023-08-23 13:06:00,1203.51,1203.51,1203.48,1203.48,-0.0,6.49,7722.89,-1
2023-08-23,2023-08-23 13:07:00,1203.48,1203.48,1203.45,1203.45,-0.0,6.49,7722.89,-1
2023-08-23,2023-08-23 13:08:00,1203.45,1203.45,1203.41,1203.41,-0.0,6.49,7722.89,-1
2023-08-23,2023-08-23 13:09:00,1203.41,1203.41,1203.38,1203.38,-0.0,6.49,7722.89,-1
2023-08-23,2023-08-23 13:10:00,1203.38,1203.38,1203.35,1203.35,-0.0,6.49,7722.89,-1
2023-08-23,2023-08-23 13:11:00,1203.35,1203.35,1203.32,1203.32,-0.0,6.49,7722.89,-1
2023-08-23,2023-08-23 13:12:00,1203.32,1203.32,1203.29,1203.29,-0.0,6.49,7722.89,-1
2023-08-23,2023-08-23 13:13:00,1203.29,1203.29,1203.26,1203.26,-0.0,6.49,7722.89,-1
2023-08-23,2023-08-23 13:14:00,1203.26,1203.26,1203.23,1203.23,-0.0,6.49,7722.89,-1
2023-08-23,2023-08-23 13:15:00,1203.23,1203.23,1203.19,1203.19,-0.0,6.49,7722.89,-1
2023-08-23,2023-08-23 13:16:00,1203.19,1203.19,1203.16,1203.16,-0.0,6.49,7722.89,-1
2023-08-23,2023-08-23 13:17:00,1203.16,1203.16,1203.13,1203.13,-0.0,6.49,7722.89,-1
2023-08-23,2023-08-23 13:18:00,1203.13,1203.13,1203.1,1203.1,-0.0,6.49,7722.89,-1
2023-08-23,2023-08-23 13:19:00,1203.1,1203.1,1203.07,1203.07,-0.0,6.49,7722.89,-1
2023-08-23,2023-08-23 13:20:00,1203.07,1203.07,1203.04,1203.04,-0.0,6.49,7722.89,-1
2023-08-23,2023-08-23 13:21:00,1203.04,1203.04,1203.0,1203.0,-0.0,6.49,7722.89,-1
2023-08-23,2023-08-23 13:22:00,1203.0,1203.0,1202.97,1202.97,-0.0,6.49,7722.89,-1
2023-08-23,2023-08-23 13:23:00,1202.97,1202.97,1202.94,1202.94,-0.0,6.49,7722.89,-1
2023-08-23,2023-08-23 13:24:00,1202.94,1202.94,1202.91,1202.91,-0.0,6.49,7722.89,-1
2023-08-23,2023-08-23 13:25:00,1202.91,1202.91,1202.88,1202.88,-0.0,6.49,7722.89,-1
2023-08-23,2023-08-23 13:26:00,1202.88,1202.88,1202.85,1202.85,-0.0,6.49,7722.89,-1
2023-08-23,2023-08-23 13:27:00,1202.85,1202.85,1202.81,1202.81,-0.0,6.49,7722.89,-1
2023-08-23,2023-08-23 13:28:00,1202.81,1202.81,1202.78,1202.78,-0.0,6.49,7722.89,-1
2023-08-23,2023-08-23 13:29:00,1202.78,1202.78,1202.75,1202.75,-0.0,6.49,7722.89,-1
2023-08-23,2023-08-23 13:30:00,1202.75,1202.75,1202.72,1202.72,-0.0,6.49,7722.89,-1
2023-08-23,2023-08-23 13:31:00,1202.72,1202.72,1202.69,1202.69,-0.0,6.49,7722.89,-1
2023-08-23,2023-08-23 13:32:00,1202.69,1202.69,1202.65,1202.65,-0.0,6.49,7722.89,-1
2023-08-23,2023-08-23 13:33:00,1202.65,1202.65,1202.62,1202.62,-0.0,6.49,7722.89,-1
2023-08-23,2023-08-23 13:34:00,1202.62,1202.62,1202.59,1202.59,-0.0,6.49,7722.89,-1
2023-08-23,2023-08-23 13:35:00,1202.59,1202.59,1202.56,1202.56,-0.0,6.49,7722.89,-1
2023-08-23,2023-08-23 13:36:00,1202.56,1202.56,1202.53,1202.53,-0.0,6.49,7722.89,-1
2023-08-23,2023-08-23 13:37:00,1202.53,1202.53,1202.5,1202.5,-0.0,6.49,7722.89,-1
2023-08-23,2023-08-23 13:38:00,1202.5,1202.5,1202.47,1202.47,-0.0,6.49,7722.89,-1
2023-08-23,2023-08-23 13:39:00,1202.47,1202.47,1202.43,1202.43,-0.0,6.49,7722.89,-1
2023-08-23,2023-08-23 13:40:00,1202.43,1202.43,1202.4,1202.4,-0.0,6.49,7722.89,-1
2023-08-23,2023-08-23 13:41:00,1202.4,1202.4,1202.37,1202.37,-0.0,6.49,7722.89,-1
2023-08-23,2023-08-23 13:42:00,1202.37,1202.37,1202.34,1202.34,-0.0,6.49,7722.89,-1
2023-08-23,2023-08-23 13:43:00,1202.34,1202.34,1202.31,1202.31,-0.0,6.49,7722.89,-1
2023-08-23,2023-08-23 13:44:00,1202.31,1202.31,1202.28,1202.28,-0.0,6.49,7722.89,-1
2023-08-23,2023-08-23 13:45:00,1202.28,1202.28,1202.24,1202.24,-0.0,6.49,7722.89,-1
2023-08-23,2023-08-23 13:46:00,1202.24,1202.24,1202.21,1202.21,-0.0,6.49,7722.89,-1
2023-08-23,2023-08-23 13:47:00,1202.21,1202.21,1202.18,1202.18,-0.0,6.49,7722.89,-1
2023-08-23,2023-08-23 13:48:00,1202.18,1202.18,1202.15,1202.15,-0.0,6.49,7722.89,-1
2023-08-23,2023-08-23 13:49:00,1202.15,1202.15,1202.12,1202.12,-0.0,6.49,7722.89,-1
2023-08-23,2023-08-23 13:50:00,1202.12,1202.12,1202.09,1202.09,-0.0,6.49,7722.89,-1
2023-08-23,2023-08-23 13:51:00,1202.09,1202.09,1202.05,1202.05,-0.0,6.49,7722.89,-1
2023-08-23,2023-08-23 13:52:00,1202.05,1202.05,1202.02,1202.02,-0.0,6.49,7722.89,-1
2023-08-23,2023-08-23 13:53:00,1202.02,1202.02,1201.99,1201.99,-0.0,6.49,7722.89,-1
2023-08-23,2023-08-23 13:54:00,1201.99,1201.99,1201.96,1201.96,-0.0,6.49,7722.89,-1
2023-08-23,2023-08-23 13:55:00,1201.96,1201.96,1201.93,1201.93,-0.0,6.49,7722.89,-1
2023-08-23,2023-08-23 13:56:00,1201.93,1201.93,1201.89,1201.89,-0.0,6.49,7722.89,-1
2023-08-23,2023-08-23 13:57:00,1201.89,1201.89,1201.86,1201.86,-0.0,6.49,7722.89,-1
2023-08-23,2023-08-23 13:58:00,1201.86,1201.86,1201.83,1201.83,-0.0,6.49,7722.89,-1
2023-08-23,2023-08-23 13:59:00,1201.83,1201.83,1201.8,1201.8,-0.0,6.49,7722.89,-1
2023-08-23,2023-08-23 14:00:00,1201.8,1201.8,1201.77,1201.77,-0.0,6.49,7722.89,-1
2023-08-23,2023-08-23 14:01:00,1201.77,1201.77,1201.74,1201.74,-0.0,6.49,7722.89,-1
2023-08-23,2023-08-23 14:02:00,1201.74,1201.74,1201.71,1201.71,-0.0,6.49,7722.89,-1
2023-08-23,2023-08-23 14:03:00,1201.71,1201.71,1201.67,1201.67,-0.0,6.49,7722.89,-1
2023-08-23,2023-08-23 14:04:00,1201.67,1201.67,1201.64,1201.64,-0.0,6.49,7722.89,-1
2023-08-23,2023-08-23 14:05:00,1201.64,1201.64,1201.61,1201.61,-0.0,6.49,7722.89,-1
2023-08-23,2023-08-23 14:06:00,1201.61,1201.61,1201.58,1201.58,-0.0,6.49,7722.89,-1
2023-08-23,2023-08-23 14:07:00,1201.58,1201.58,1201.55,1201.55,-0.0,6.49,7722.89,-1
2023-08-23,2023-08-23 14:08:00,1201.55,1201.55,1201.52,1201.52,-0.0,6.49,7722.89,-1
2023-08-23,2023-08-23 14:09:00,1201.52,1201.52,1201.48,1201.48,-0.0,6.49,7722.89,-1
2023-08-23,2023-08-23 14:10:00,1201.48,1201.48,1201.45,1201.45,-0.0,6.49,7722.89,-1
2023-08-23,2023-08-23 14:11:00,1201.45,1201.45,1201.42,1201.42,-0.0,6.49,7722.89,-1
2023-08-23,2023-08-23 14:12:00,1201.42,1201.42,1201.39,1201.39,-0.0,6.49,7722.89,-1
2023-08-23,2023-08-23 14:13:00,1201.39,1201.39,1201.36,1201.36,-0.0,6.49,7722.89,-1
2023-08-23,2023-08-23 14:14:00,1201.36,1201.36,1201.33,1201.33,-0.0,6.49,7722.89,-1
2023-08-23,2023-08-23 14:15:00,1201.33,1201.33,1201.29,1201.29,-0.0,6.49,7722.89,-1
2023-08-23,2023-08-23 14:16:00,1201.29,1201.29,1201.26,1201.26,-0.0,6.49,7722.89,-1
2023-08-23,2023-08-23 14:17:00,1201.26,1201.26,1201.23,1201.23,-0.0,6.49,7722.89,-1
2023-08-23,2023-08-23 14:18:00,1201.23,1201.23,1201.2,1201.2,-0.0,6.49,7722.89,-1
2023-08-23,2023-08-23 14:19:00,1201.2,1201.2,1201.17,1201.17,-0.0,6.49,7722.89,-1
2023-08-23,2023-08-23 14:20:00,1201.17,1201.17,1201.13,1201.13,-0.0,6.49,7722.89,-1
2023-08-23,2023-08-23 14:21:00,1201.13,1201.13,1201.1,1201.1,-0.0,6.49,7722.89,-1
2023-08-23,2023-08-23 14:22:00,1201.1,1201.1,1201.07,1201.07,-0.0,6.49,7722.89,-1
2023-08-23,2023-08-23 14:23:00,1201.07,1201.07,1201.04,1201.04,-0.0,6.49,7722.89,-1
2023-08-23,2023-08-23 14:24:00,1201.04,1201.04,1201.01,1201.01,-0.0,6.49,7722.89,-1
2023-08-23,2023-08-23 14:25:00,1201.01,1201.01,1200.98,1200.98,-0.0,6.49,7722.89,-1
2023-08-23,2023-08-23 14:26:00,1200.98,1200.98,1200.95,1200.95,-0.0,6.49,7722.89,-1
2023-08-23,2023-08-23 14:27:00,1200.95,1200.95,1200.91,1200.91,-0.0,6.49,7722.89,-1
2023-08-23,2023-08-23 14:28:00,1200.91,1200.91,1200.88,1200.88,-0.0,6.49,7722.89,-1
2023-08-23,2023-08-23 14:29:00,1200.88,1200.88,1200.85,1200.85,-0.0,6.49,7722.89,-1
2023-08-23,2023-08-23 14:30:00,1200.85,1200.85,1200.82,1200.82,-0.0,6.49,7722.89,-1
2023-08-23,2023-08-23 14:31:00,1200.82,1200.82,1200.79,1200.79,-0.0,6.49,7722.89,-1
2023-08-23,2023-08-23 14:32:00,1200.79,1200.79,1200.76,1200.76,-0.0,6.49,7722.89,-1
2023-08-23,2023-08-23 14:33:00,1200.76,1200.76,1200.72,1200.72,-0.0,6.49,7722.89,-1
2023-08-23,2023-08-23 14:34:00,1200.72,1200.72,1200.69,1200.69,-0.0,6.49,7722.89,-1
2023-08-23,2023-08-23 14:35:00,1200.69,1200.69,1200.66,1200.66,-0.0,6.49,7722.89,-1
2023-08-23,2023-08-23 14:36:00,1200.66,1200.66,1200.63,1200.63,-0.0,6.49,7722.89,-1
2023-08-23,2023-08-23 14:37:00,1200.63,1200.63,1200.6,1200.6,-0.0,6.49,7722.89,-1
2023-08-23,2023-08-23 14:38:00,1200.6,1200.6,1200.57,1200.57,-0.0,6.49,7722.89,-1
2023-08-23,2023-08-23 14:39:00,1200.57,1200.57,1200.53,1200.53,-0.0,6.49,7722.89,-1
2023-08-23,2023-08-23 14:40:00,1200.53,1200.53,1200.5,1200.5,-0.0,6.49,7722.89,-1
2023-08-23,2023-08-23 14:41:00,1200.5,1200.5,1200.47,1200.47,-0.0,6.49,7722.89,-1
2023-08-23,2023-08-23 14:42:00,1200.47,1200.47,1200.44,1200.44,-0.0,6.49,7722.89,-1
2023-08-23,2023-08-23 14:43:00,1200.44,1200.44,1200.41,1200.41,-0.0,6.49,7722.89,-1
2023-08-23,2023-08-23 14:44:00,1200.41,1200.41,1200.38,1200.38,-0.0,6.49,7722.89,-1
2023-08-23,2023-08-23 14:45:00,1200.38,1200.38,1200.34,1200.34,-0.0,6.49,7722.89,-1
2023-08-23,2023-08-23 14:46:00,1200.34,1200.34,1200.31,1200.31,-0.0,6.49,7722.89,-1
2023-08-23,2023-08-23 14:47:00,1200.31,1200.31,1200.28,1200.28,-0.0,6.49,7722.89,-1
2023-08-23,2023-08-23 14:48:00,1200.28,1200.28,1200.25,1200.25,-0.0,6.49,7722.89,-1
2023-08-23,2023-08-23 14:49:00,1200.25,1200.25,1200.22,1200.22,-0.0,6.49,7722.89,-1
2023-08-23,2023-08-23 14:50:00,1200.22,1200.22,1200.19,1200.19,-0.0,6.49,7722.89,-1
2023-08-23,2023-08-23 14:51:00,1200.19,1200.19,1200.15,1200.15,-0.0,6.49,7722.89,-1
2023-08-23,2023-08-23 14:52:00,1200.15,1200.15,1200.12,1200.12,-0.0,6.49,7722.89,-1
2023-08-23,2023-08-23 14:53:00,1200.12,1200.12,1200.09,1200.09,-0.0,6.49,7722.89,-1
2023-08-23,2023-08-23 14:54:00,1200.09,1200.09,1200.06,1200.06,-0.0,6.49,7722.89,-1
2023-08-23,2023-08-23 14:55:00,1200.06,1200.06,1200.03,1200.03,-0.0,6.49,7722.89,-1
2023-08-23,2023-08-23 14:56:00,1200.03,1200.03,1200.0,1200.0,-0.0,6.49,7722.89,-1
2023-08-23,2023-08-23 14:57:00,1200.0,1200.0,1199.96,1199.96,-0.0,6.49,7722.89,-1
2023-08-23,2023-08-23 14:58:00,1199.96,1199.96,1199.93,1199.93,-0.0,6.49,7722.89,-1
2023-08-23,2023-08-23 14:59:00,1199.93,1199.93,1199.9,1199.9,-0.0,6.49,7722.89,-1
2023-08-23,2023-08-23 15:00:00,1199.9,1207.5,1170.0,1199.9,0.0,6.49,7722.89,0
2023-08-24,2023-08-24 11:00:00,1180.0,1185.97,1176.4,1180.08,0.01,10.93,12961.41,1
2023-08-24,2023-08-24 11:01:00,1180.08,1180.17,1180.08,1180.17,0.01,10.93,12961.41,1
2023-08-24,2023-08-24 11:02:00,1180.17,1180.25,1180.17,1180.25,0.01,10.93,12961.41,1
2023-08-24,2023-08-24 11:03:00,1180.25,1180.33,1180.25,1180.33,0.01,10.93,12961.41,1
2023-08-24,2023-08-24 11:04:00,1180.33,1180.41,1180.33,1180.41,0.01,10.93,12961.41,1
2023-08-24,2023-08-24 11:05:00,1180.41,1180.5,1180.41,1180.5,0.01,10.93,12961.41,1
2023-08-24,2023-08-24 11:06:00,1180.5,1180.58,1180.5,1180.58,0.01,10.93,12961.41,1
2023-08-24,2023-08-24 11:07:00,1180.58,1180.66,1180.58,1180.66,0.01,10.93,12961.41,1
2023-08-24,2023-08-24 11:08:00,1180.66,1180.75,1180.66,1180.75,0.01,10.93,12961.41,1
2023-08-24,2023-08-24 11:09:00,1180.75,1180.83,1180.75,1180.83,0.01,10.93,12961.41,1
2023-08-24,2023-08-24 11:10:00,1180.83,1180.91,1180.83,1180.91,0.01,10.93,12961.41,1
2023-08-24,2023-08-24 11:11:00,1180.91,1180.99,1180.91,1180.99,0.01,10.93,12961.41,1
2023-08-24,2023-08-24 11:12:00,1180.99,1181.08,1180.99,1181.08,0.01,10.93,12961.41,1
2023-08-24,2023-08-24 11:13:00,1181.08,1181.16,1181.08,1181.16,0.01,10.93,12961.41,1
2023-08-24,2023-08-24 11:14:00,1181.16,1181.24,1181.16,1181.24,0.01,10.93,12961.41,1
2023-08-24,2023-08-24 11:15:00,1181.24,1181.33,1181.24,1181.33,0.01,10.93,12961.41,1
2023-08-24,2023-08-24 11:16:00,1181.33,1181.41,1181.33,1181.41,0.01,10.93,12961.41,1
2023-08-24,2023-08-24 11:17:00,1181.41,1181.49,1181.41,1181.49,0.01,10.93,12961.41,1
2023-08-24,2023-08-24 11:18:00,1181.49,1181.58,1181.49,1181.58,0.01,10.93,12961.41,1
2023-08-24,2023-08-24 11:19:00,1181.58,1181.66,1181.58,1181.66,0.01,10.93,12961.41,1
2023-08-24,2023-08-24 11:20:00,1181.66,1181.74,1181.66,1181.74,0.01,10.93,12961.41,1
2023-08-24,2023-08-24 11:21:00,1181.74,1181.82,1181.74,1181.82,0.01,10.93,12961.41,1
2023-08-24,2023-08-24 11:22:00,1181.82,1181.91,1181.82,1181.91,0.01,10.93,12961.41,1
2023-08-24,2023-08-24 11:23:00,1181.91,1181.99,1181.91,1181.99,0.01,10.93,12961.41,1
2023-08-24,2023-08-24 11:24:00,1181.99,1182.07,1181.99,1182.07,0.01,10.93,12961.41,1
2023-08-24,2023-08-24 11:25:00,1182.07,1182.16,1182.07,1182.16,0.01,10.93,12961.41,1
2023-08-24,2023-08-24 11:26:00,1182.16,1182.24,1182.16,1182.24,0.01,10.93,12961.41,1
2023-08-24,2023-08-24 11:27:00,1182.24,1182.32,1182.24,1182.32,0.01,10.93,12961.41,1
2023-08-24,2023-08-24 11:28:00,1182.32,1182.4,1182.32,1182.4,0.01,10.93,12961.41,1
2023-08-24,2023-08-24 11:29:00,1182.4,1182.49,1182.4,1182.49,0.01,10.93,12961.41,1
2023-08-24,2023-08-24 11:30:00,1182.49,1182.57,1182.49,1182.57,0.01,10.93,12961.41,1
2023-08-24,2023-08-24 11:31:00,1182.57,1182.65,1182.57,1182.65,0.01,10.93,12961.41,1
2023-08-24,2023-08-24 11:32:00,1182.65,1182.74,1182.65,1182.74,0.01,10.93,12961.41,1
2023-08-24,2023-08-24 11:33:00,1182.74,1182.82,1182.74,1182.82,0.01,10.93,12961.41,1
2023-08-24,2023-08-24 11:34:00,1182.82,1182.9,1182.82,1182.9,0.01,10.93,12961.41,1
2023-08-24,2023-08-24 11:35:00,1182.9,1182.99,1182.9,1182.99,0.01,10.93,12961.41,1
2023-08-24,2023-08-24 11:36:00,1182.99,1183.07,1182.99,1183.07,0.01,10.93,12961.41,1
2023-08-24,2023-08-24 11:37:00,1183.07,1183.15,1183.07,1183.15,0.01,10.93,12961.41,1
2023-08-24,2023-08-24 11:38:00,1183.15,1183.23,1183.15,1183.23,0.01,10.93,12961.41,1
2023-08-24,2023-08-24 11:39:00,1183.23,1183.32,1183.23,1183.32,0.01,10.93,12961.41,1
2023-08-24,2023-08-24 11:40:00,1183.32,1183.4,1183.32,1183.4,0.01,10.93,12961.41,1
2023-08-24,2023-08-24 11:41:00,1183.4,1183.48,1183.4,1183.48,0.01,10.93,12961.41,1
2023-08-24,2023-08-24 11:42:00,1183.48,1183.57,1183.48,1183.57,0.01,10.93,12961.41,1
2023-08-24,2023-08-24 11:43:00,1183.57,1183.65,1183.57,1183.65,0.01,10.93,12961.41,1
2023-08-24,2023-08-24 11:44:00,1183.65,1183.73,1183.65,1183.73,0.01,10.93,12961.41,1
2023-08-24,2023-08-24 11:45:00,1183.73,1183.81,1183.73,1183.81,0.01,10.93,12961.41,1
2023-08-24,2023-08-24 11:46:00,1183.81,1183.9,1183.81,1183.9,0.01,10.93,12961.41,1
2023-08-24,2023-08-24 11:47:00,1183.9,1183.98,1183.9,1183.98,0.01,10.93,12961.41,1
2023-08-24,2023-08-24 11:48:00,1183.98,1184.06,1183.98,1184.06,0.01,10.93,12961.41,1
2023-08-24,2023-08-24 11:49:00,1184.06,1184.15,1184.06,1184.15,0.01,10.93,12961.41,1
2023-08-24,2023-08-24 11:50:00,1184.15,1184.23,1184.15,1184.23,0.01,10.93,12961.41,1
2023-08-24,2023-08-24 11:51:00,1184.23,1184.31,1184.23,1184.31,0.01,10.93,12961.41,1
2023-08-24,2023-08-24 11:52:00,1184.31,1184.39,1184.31,1184.39,0.01,10.93,12961.41,1
2023-08-24,2023-08-24 11:53:00,1184.39,1184.48,1184.39,1184.48,0.01,10.93,12961.41,1
2023-08-24,2023-08-24 11:54:00,1184.48,1184.56,1184.48,1184.56,0.01,10.93,12961.41,1
2023-08-24,2023-08-24 11:55:00,1184.56,1184.64,1184.56,1184.64,0.01,10.93,12961.41,1
2023-08-24,2023-08-24 11:56:00,1184.64,1184.73,1184.64,1184.73,0.01,10.93,12961.41,1
2023-08-24,2023-08-24 11:57:00,1184.73,1184.81,1184.73,1184.81,0.01,10.93,12961.41,1
2023-08-24,2023-08-24 11:58:00,1184.81,1184.89,1184.81,1184.89,0.01,10.93,12961.41,1
2023-08-24,2023-08-24 11:59:00,1184.89,1184.97,1184.89,1184.97,0.01,10.93,12961.41,1
2023-08-24,2023-08-24 12:00:00,1184.97,1185.06,1184.97,1185.06,0.01,10.93,12961.41,1
2023-08-24,2023-08-24 12:01:00,1185.06,1185.14,1185.06,1185.14,0.01,10.93,12961.41,1
2023-08-24,2023-08-24 12:02:00,1185.14,1185.22,1185.14,1185.22,0.01,10.93,12961.41,1
2023-08-24,2023-08-24 12:03:00,1185.22,1185.31,1185.22,1185.31,0.01,10.93,12961.41,1
2023-08-24,2023-08-24 12:04:00,1185.31,1185.39,1185.31,1185.39,0.01,10.93,12961.41,1
2023-08-24,2023-08-24 12:05:00,1185.39,1185.47,1185.39,1185.47,0.01,10.93,12961.41,1
2023-08-24,2023-08-24 12:06:00,1185.47,1185.56,1185.47,1185.56,0.01,10.93,12961.41,1
2023-08-24,2023-08-24 12:07:00,1185.56,1185.64,1185.56,1185.64,0.01,10.93,12961.41,1
2023-08-24,2023-08-24 12:08:00,1185.64,1185.72,1185.64,1185.72,0.01,10.93,12961.41,1
2023-08-24,2023-08-24 12:09:00,1185.72,1185.8,1185.72,1185.8,0.01,10.93,12961.41,1
2023-08-24,2023-08-24 12:10:00,1185.8,1185.89,1185.8,1185.89,0.01,10.93,12961.41,1
2023-08-24,2023-08-24 12:11:00,1185.89,1185.97,1185.89,1185.97,0.01,10.93,12961.41,1
2023-08-24,2023-08-24 12:12:00,1185.97,1186.05,1185.97,1186.05,0.01,10.93,12961.41,1
2023-08-24,2023-08-24 12:13:00,1186.05,1186.14,1186.05,1186.14,0.01,10.93,12961.41,1
2023-08-24,2023-08-24 12:14:00,1186.14,1186.22,1186.14,1186.22,0.01,10.93,12961.41,1
2023-08-24,2023-08-24 12:15:00,1186.22,1186.3,1186.22,1186.3,0.01,10.93,12961.41,1
2023-08-24,2023-08-24 12:16:00,1186.3,1186.38,1186.3,1186.38,0.01,10.93,12961.41,1
2023-08-24,2023-08-24 12:17:00,1186.38,1186.47,1186.38,1186.47,0.01,10.93,12961.41,1
2023-08-24,2023-08-24 12:18:00,1186.47,1186.55,1186.47,1186.55,0.01,10.93,12961.41,1
2023-08-24,2023-08-24 12:19:00,1186.55,1186.63,1186.55,1186.63,0.01,10.93,12961.41,1
2023-08-24,2023-08-24 12:20:00,1186.63,1186.72,1186.63,1186.72,0.01,10.93,12961.41,1
2023-08-24,2023-08-24 12:21:00,1186.72,1186.8,1186.72,1186.8,0.01,10.93,12961.41,1
2023-08-24,2023-08-24 12:22:00,1186.8,1186.88,1186.8,1186.88,0.01,10.93,12961.41,1
2023-08-24,2023-08-24 12:23:00,1186.88,1186.97,1186.88,1186.97,0.01,10.93,12961.41,1
2023-08-24,2023-08-24 12:24:00,1186.97,1187.05,1186.97,1187.05,0.01,10.93,12961.41,1
2023-08-24,2023-08-24 12:25:00,1187.05,1187.13,1187.05,1187.13,0.01,10.93,12961.41,1
2023-08-24,2023-08-24 12:26:00,1187.13,1187.21,1187.13,1187.21,0.01,10.93,12961.41,1
2023-08-24,2023-08-24 12:27:00,1187.21,1187.3,1187.21,1187.3,0.01,10.93,12961.41,1
2023-08-24,2023-08-24 12:28:00,1187.3,1187.38,1187.3,1187.38,0.01,10.93,12961.41,1
2023-08-24,2023-08-24 12:29:00,1187.38,1187.46,1187.38,1187.46,0.01,10.93,12961.41,1
2023-08-24,2023-08-24 12:30:00,1187.46,1187.55,1187.46,1187.55,0.01,10.93,12961.41,1
2023-08-24,2023-08-24 12:31:00,1187.55,1187.63,1187.55,1187.63,0.01,10.93,12961.41,1
2023-08-24,2023-08-24 12:32:00,1187.63,1187.71,1187.63,1187.71,0.01,10.93,12961.41,1
2023-08-24,2023-08-24 12:33:00,1187.71,1187.79,1187.71,1187.79,0.01,10.93,12961.41,1
2023-08-24,2023-08-24 12:34:00,1187.79,1187.88,1187.79,1187.88,0.01,10.93,12961.41,1
2023-08-24,2023-08-24 12:35:00,1187.88,1187.96,1187.88,1187.96,0.01,10.93,12961.41,1
2023-08-24,2023-08-24 12:36:00,1187.96,1188.04,1187.96,1188.04,0.01,10.93,12961.41,1
2023-08-24,2023-08-24 12:37:00,1188.04,1188.13,1188.04,1188.13,0.01,10.93,12961.41,1
2023-08-24,2023-08-24 12:38:00,1188.13,1188.21,1188.13,1188.21,0.01,10.93,12961.41,1
2023-08-24,2023-08-24 12:39:00,1188.21,1188.29,1188.21,1188.29,0.01,10.93,12961.41,1
2023-08-24,2023-08-24 12:40:00,1188.29,1188.37,1188.29,1188.37,0.01,10.93,12961.41,1
2023-08-24,2023-08-24 12:41:00,1188.37,1188.46,1188.37,1188.46,0.01,10.93,12961.41,1
2023-08-24,2023-08-24 12:42:00,1188.46,1188.54,1188.46,1188.54,0.01,10.93,12961.41,1
2023-08-24,2023-08-24 12:43:00,1188.54,1188.62,1188.54,1188.62,0.01,10.93,12961.41,1
2023-08-24,2023-08-24 12:44:00,1188.62,1188.71,1188.62,1188.71,0.01,10.93,12961.41,1
2023-08-24,2023-08-24 12:45:00,1188.71,1188.79,1188.71,1188.79,0.01,10.93,12961.41,1
2023-08-24,2023-08-24 12:46:00,1188.79,1188.87,1188.79,1188.87,0.01,10.93,12961.41,1
2023-08-24,2023-08-24 12:47:00,1188.87,1188.95,1188.87,1188.95,0.01,10.93,12961.41,1
2023-08-24,2023-08-24 12:48:00,1188.95,1189.04,1188.95,1189.04,0.01,10.93,12961.41,1
2023-08-24,2023-08-24 12:49:00,1189.04,1189.12,1189.04,1189.12,0.01,10.93,12961.41,1
2023-08-24,2023-08-24 12:50:00,1189.12,1189.2,1189.12,1189.2,0.01,10.93,12961.41,1
2023-08-24,2023-08-24 12:51:00,1189.2,1189.29,1189.2,1189.29,0.01,10.93,12961.41,1
2023-08-24,2023-08-24 12:52:00,1189.29,1189.37,1189.29,1189.37,0.01,10.93,12961.41,1
2023-08-24,2023-08-24 12:53:00,1189.37,1189.45,1189.37,1189.45,0.01,10.93,12961.41,1
2023-08-24,2023-08-24 12:54:00,1189.45,1189.54,1189.45,1189.54,0.01,10.93,12961.41,1
2023-08-24,2023-08-24 12:55:00,1189.54,1189.62,1189.54,1189.62,0.01,10.93,12961.41,1
2023-08-24,2023-08-24 12:56:00,1189.62,1189.7,1189.62,1189.7,0.01,10.93,12961.41,1
2023-08-24,2023-08-24 12:57:00,1189.7,1189.78,1189.7,1189.78,0.01,10.93,12961.41,1
2023-08-24,2023-08-24 12:58:00,1189.78,1189.87,1189.78,1189.87,0.01,10.93,12961.41,1
2023-08-24,2023-08-24 12:59:00,1189.87,1189.95,1189.87,1189.95,0.01,10.93,12961.41,1
2023-08-24,2023-08-24 13:00:00,1189.95,1199.9,1168.0,1190.03,0.01,10.93,12961.41,1
2023-08-24,2023-08-24 13:01:00,1190.03,1190.12,1190.03,1190.12,0.01,10.93,12961.41,1
2023-08-24,2023-08-24 13:02:00,1190.12,1190.2,1190.12,1190.2,0.01,10.93,12961.41,1
2023-08-24,2023-08-24 13:03:00,1190.2,1190.28,1190.2,1190.28,0.01,10.93,12961.41,1
2023-08-24,2023-08-24 13:04:00,1190.28,1190.36,1190.28,1190.36,0.01,10.93,12961.41,1
2023-08-24,2023-08-24 13:05:00,1190.36,1190.45,1190.36,1190.45,0.01,10.93,12961.41,1
2023-08-24,2023-08-24 13:06:00,1190.45,1190.53,1190.45,1190.53,0.01,10.93,12961.41,1
2023-08-24,2023-08-24 13:07:00,1190.53,1190.61,1190.53,1190.61,0.01,10.93,12961.41,1
2023-08-24,2023-08-24 13:08:00,1190.61,1190.7,1190.61,1190.7,0.01,10.93,12961.41,1
2023-08-24,2023-08-24 13:09:00,1190.7,1190.78,1190.7,1190.78,0.01,10.93,12961.41,1
2023-08-24,2023-08-24 13:10:00,1190.78,1190.86,1190.78,1190.86,0.01,10.93,12961.41,1
2023-08-24,2023-08-24 13:11:00,1190.86,1190.95,1190.86,1190.95,0.01,10.93,12961.41,1
2023-08-24,2023-08-24 13:12:00,1190.95,1191.03,1190.95,1191.03,0.01,10.93,12961.41,1
2023-08-24,2023-08-24 13:13:00,1191.03,1191.11,1191.03,1191.11,0.01,10.93,12961.41,1
2023-08-24,2023-08-24 13:14:00,1191.11,1191.19,1191.11,1191.19,0.01,10.93,12961.41,1
2023-08-24,2023-08-24 13:15:00,1191.19,1191.28,1191.19,1191.28,0.01,10.93,12961.41,1
2023-08-24,2023-08-24 13:16:00,1191.28,1191.36,1191.28,1191.36,0.01,10.93,12961.41,1
2023-08-24,2023-08-24 13:17:00,1191.36,1191.44,1191.36,1191.44,0.01,10.93,12961.41,1
2023-08-24,2023-08-24 13:18:00,1191.44,1191.53,1191.44,1191.53,0.01,10.93,12961.41,1
2023-08-24,2023-08-24 13:19:00,1191.53,1191.61,1191.53,1191.61,0.01,10.93,12961.41,1
2023-08-24,2023-08-24 13:20:00,1191.61,1191.69,1191.61,1191.69,0.01,10.93,12961.41,1
2023-08-24,2023-08-24 13:21:00,1191.69,1191.77,1191.69,1191.77,0.01,10.93,12961.41,1
2023-08-24,2023-08-24 13:22:00,1191.77,1191.86,1191.77,1191.86,0.01,10.93,12961.41,1
2023-08-24,2023-08-24 13:23:00,1191.86,1191.94,1191.86,1191.94,0.01,10.93,12961.41,1
2023-08-24,2023-08-24 13:24:00,1191.94,1192.02,1191.94,1192.02,0.01,10.93,12961.41,1
2023-08-24,2023-08-24 13:25:00,1192.02,1192.11,1192.02,1192.11,0.01,10.93,12961.41,1
2023-08-24,2023-08-24 13:26:00,1192.11,1192.19,1192.11,1192.19,0.01,10.93,12961.41,1
2023-08-24,2023-08-24 13:27:00,1192.19,1192.27,1192.19,1192.27,0.01,10.93,12961.41,1
2023-08-24,2023-08-24 13:28:00,1192.27,1192.35,1192.27,1192.35,0.01,10.93,12961.41,1
2023-08-24,2023-08-24 13:29:00,1192.35,1192.44,1192.35,1192.44,0.01,10.93,12961.41,1
2023-08-24,2023-08-24 13:30:00,1192.44,1192.52,1192.44,1192.52,0.01,10.93,12961.41,1
2023-08-24,2023-08-24 13:31:00,1192.52,1192.6,1192.52,1192.6,0.01,10.93,12961.41,1
2023-08-24,2023-08-24 13:32:00,1192.6,1192.69,1192.6,1192.69,0.01,10.93,12961.41,1
2023-08-24,2023-08-24 13:33:00,1192.69,1192.77,1192.69,1192.77,0.01,10.93,12961.41,1
2023-08-24,2023-08-24 13:34:00,1192.77,1192.85,1192.77,1192.85,0.01,10.93,12961.41,1
2023-08-24,2023-08-24 13:35:00,1192.85,1192.93,1192.85,1192.93,0.01,10.93,12961.41,1
2023-08-24,2023-08-24 13:36:00,1192.93,1193.02,1192.93,1193.02,0.01,10.93,12961.41,1
2023-08-24,2023-08-24 13:37:00,1193.02,1193.1,1193.02,1193.1,0.01,10.93,12961.41,1
2023-08-24,2023-08-24 13:38:00,1193.1,1193.18,1193.1,1193.18,0.01,10.93,12961.41,1
2023-08-24,2023-08-24 13:39:00,1193.18,1193.27,1193.18,1193.27,0.01,10.93,12961.41,1
2023-08-24,2023-08-24 13:40:00,1193.27,1193.35,1193.27,1193.35,0.01,10.93,12961.41,1
2023-08-24,2023-08-24 13:41:00,1193.35,1193.43,1193.35,1193.43,0.01,10.93,12961.41,1
2023-08-24,2023-08-24 13:42:00,1193.43,1193.52,1193.43,1193.52,0.01,10.93,12961.41,1
2023-08-24,2023-08-24 13:43:00,1193.52,1193.6,1193.52,1193.6,0.01,10.93,12961.41,1
2023-08-24,2023-08-24 13:44:00,1193.6,1193.68,1193.6,1193.68,0.01,10.93,12961.41,1
2023-08-24,2023-08-24 13:45:00,1193.68,1193.76,1193.68,1193.76,0.01,10.93,12961.41,1
2023-08-24,2023-08-24 13:46:00,1193.76,1193.85,1193.76,1193.85,0.01,10.93,12961.41,1
2023-08-24,2023-08-24 13:47:00,1193.85,1193.93,1193.85,1193.93,0.01,10.93,12961.41,1
2023-08-24,2023-08-24 13:48:00,1193.93,1194.01,1193.93,1194.01,0.01,10.93,12961.41,1
2023-08-24,2023-08-24 13:49:00,1194.01,1194.1,1194.01,1194.1,0.01,10.93,12961.41,1
2023-08-24,2023-08-24 13:50:00,1194.1,1194.18,1194.1,1194.18,0.01,10.93,12961.41,1
2023-08-24,2023-08-24 13:51:00,1194.18,1194.26,1194.18,1194.26,0.01,10.93,12961.41,1
2023-08-24,2023-08-24 13:52:00,1194.26,1194.34,1194.26,1194.34,0.01,10.93,12961.41,1
2023-08-24,2023-08-24 13:53:00,1194.34,1194.43,1194.34,1194.43,0.01,10.93,12961.41,1
2023-08-24,2023-08-24 13:54:00,1194.43,1194.51,1194.43,1194.51,0.01,10.93,12961.41,1
2023-08-24,2023-08-24 13:55:00,1194.51,1194.59,1194.51,1194.59,0.01,10.93,12961.41,1
2023-08-24,2023-08-24 13:56:00,1194.59,1194.68,1194.59,1194.68,0.01,10.93,12961.41,1
2023-08-24,2023-08-24 13:57:00,1194.68,1194.76,1194.68,1194.76,0.01,10.93,12961.41,1
2023-08-24,2023-08-24 13:58:00,1194.76,1194.84,1194.76,1194.84,0.01,10.93,12961.41,1
2023-08-24,2023-08-24 13:59:00,1194.84,1194.93,1194.84,1194.93,0.01,10.93,12961.41,1
2023-08-24,2023-08-24 14:00:00,1194.93,1195.01,1194.93,1195.01,0.01,10.93,12961.41,1
2023-08-24,2023-08-24 14:01:00,1195.01,1195.09,1195.01,1195.09,0.01,10.93,12961.41,1
2023-08-24,2023-08-24 14:02:00,1195.09,1195.17,1195.09,1195.17,0.01,10.93,12961.41,1
2023-08-24,2023-08-24 14:03:00,1195.17,1195.26,1195.17,1195.26,0.01,10.93,12961.41,1
2023-08-24,2023-08-24 14:04:00,1195.26,1195.34,1195.26,1195.34,0.01,10.93,12961.41,1
2023-08-24,2023-08-24 14:05:00,1195.34,1195.42,1195.34,1195.42,0.01,10.93,12961.41,1
2023-08-24,2023-08-24 14:06:00,1195.42,1195.51,1195.42,1195.51,0.01,10.93,12961.41,1
2023-08-24,2023-08-24 14:07:00,1195.51,1195.59,1195.51,1195.59,0.01,10.93,12961.41,1
2023-08-24,2023-08-24 14:08:00,1195.59,1195.67,1195.59,1195.67,0.01,10.93,12961.41,1
2023-08-24,2023-08-24 14:09:00,1195.67,1195.75,1195.67,1195.75,0.01,10.93,12961.41,1
2023-08-24,2023-08-24 14:10:00,1195.75,1195.84,1195.75,1195.84,0.01,10.93,12961.41,1
2023-08-24,2023-08-24 14:11:00,1195.84,1195.92,1195.84,1195.92,0.01,10.93,12961.41,1
2023-08-24,2023-08-24 14:12:00,1195.92,1196.0,1195.92,1196.0,0.01,10.93,12961.41,1
2023-08-24,2023-08-24 14:13:00,1196.0,1196.09,1196.0,1196.09,0.01,10.93,12961.41,1
2023-08-24,2023-08-24 14:14:00,1196.09,1196.17,1196.09,1196.17,0.01,10.93,12961.41,1
2023-08-24,2023-08-24 14:15:00,1196.17,1196.25,1196.17,1196.25,0.01,10.93,12961.41,1
2023-08-24,2023-08-24 14:16:00,1196.25,1196.33,1196.25,1196.33,0.01,10.93,12961.41,1
2023-08-24,2023-08-24 14:17:00,1196.33,1196.42,1196.33,1196.42,0.01,10.93,12961.41,1
2023-08-24,2023-08-24 14:18:00,1196.42,1196.5,1196.42,1196.5,0.01,10.93,12961.41,1
2023-08-24,2023-08-24 14:19:00,1196.5,1196.58,1196.5,1196.58,0.01,10.93,12961.41,1
2023-08-24,2023-08-24 14:20:00,1196.58,1196.67,1196.58,1196.67,0.01,10.93,12961.41,1
2023-08-24,2023-08-24 14:21:00,1196.67,1196.75,1196.67,1196.75,0.01,10.93,12961.41,1
2023-08-24,2023-08-24 14:22:00,1196.75,1196.83,1196.75,1196.83,0.01,10.93,12961.41,1
2023-08-24,2023-08-24 14:23:00,1196.83,1196.91,1196.83,1196.91,0.01,10.93,12961.41,1
2023-08-24,2023-08-24 14:24:00,1196.91,1197.0,1196.91,1197.0,0.01,10.93,12961.41,1
2023-08-24,2023-08-24 14:25:00,1197.0,1197.08,1197.0,1197.08,0.01,10.93,12961.41,1
2023-08-24,2023-08-24 14:26:00,1197.08,1197.16,1197.08,1197.16,0.01,10.93,12961.41,1
2023-08-24,2023-08-24 14:27:00,1197.16,1197.25,1197.16,1197.25,0.01,10.93,12961.41,1
2023-08-24,2023-08-24 14:28:00,1197.25,1197.33,1197.25,1197.33,0.01,10.93,12961.41,1
2023-08-24,2023-08-24 14:29:00,1197.33,1197.41,1197.33,1197.41,0.01,10.93,12961.41,1
2023-08-24,2023-08-24 14:30:00,1197.41,1197.5,1197.41,1197.5,0.01,10.93,12961.41,1
2023-08-24,2023-08-24 14:31:00,1197.5,1197.58,1197.5,1197.58,0.01,10.93,12961.41,1
2023-08-24,2023-08-24 14:32:00,1197.58,1197.66,1197.58,1197.66,0.01,10.93,12961.41,1
2023-08-24,2023-08-24 14:33:00,1197.66,1197.74,1197.66,1197.74,0.01,10.93,12961.41,1
2023-08-24,2023-08-24 14:34:00,1197.74,1197.83,1197.74,1197.83,0.01,10.93,12961.41,1
2023-08-24,2023-08-24 14:35:00,1197.83,1197.91,1197.83,1197.91,0.01,10.93,12961.41,1
2023-08-24,2023-08-24 14:36:00,1197.91,1197.99,1197.91,1197.99,0.01,10.93,12961.41,1
2023-08-24,2023-08-24 14:37:00,1197.99,1198.08,1197.99,1198.08,0.01,10.93,12961.41,1
2023-08-24,2023-08-24 14:38:00,1198.08,1198.16,1198.08,1198.16,0.01,10.93,12961.41,1
2023-08-24,2023-08-24 14:39:00,1198.16,1198.24,1198.16,1198.24,0.01,10.93,12961.41,1
2023-08-24,2023-08-24 14:40:00,1198.24,1198.32,1198.24,1198.32,0.01,10.93,12961.41,1
2023-08-24,2023-08-24 14:41:00,1198.32,1198.41,1198.32,1198.41,0.01,10.93,12961.41,1
2023-08-24,2023-08-24 14:42:00,1198.41,1198.49,1198.41,1198.49,0.01,10.93,12961.41,1
2023-08-24,2023-08-24 14:43:00,1198.49,1198.57,1198.49,1198.57,0.01,10.93,12961.41,1
2023-08-24,2023-08-24 14:44:00,1198.57,1198.66,1198.57,1198.66,0.01,10.93,12961.41,1
2023-08-24,2023-08-24 14:45:00,1198.66,1198.74,1198.66,1198.74,0.01,10.93,12961.41,1
2023-08-24,2023-08-24 14:46:00,1198.74,1198.82,1198.74,1198.82,0.01,10.93,12961.41,1
2023-08-24,2023-08-24 14:47:00,1198.82,1198.91,1198.82,1198.91,0.01,10.93,12961.41,1
2023-08-24,2023-08-24 14:48:00,1198.91,1198.99,1198.91,1198.99,0.01,10.93,12961.41,1
2023-08-24,2023-08-24 14:49:00,1198.99,1199.07,1198.99,1199.07,0.01,10.93,12961.41,1
2023-08-24,2023-08-24 14:50:00,1199.07,1199.15,1199.07,1199.15,0.01,10.93,12961.41,1
2023-08-24,2023-08-24 14:51:00,1199.15,1199.24,1199.15,1199.24,0.01,10.93,12961.41,1
2023-08-24,2023-08-24 14:52:00,1199.24,1199.32,1199.24,1199.32,0.01,10.93,12961.41,1
2023-08-24,2023-08-24 14:53:00,1199.32,1199.4,1199.32,1199.4,0.01,10.93,12961.41,1
2023-08-24,2023-08-24 14:54:00,1199.4,1199.49,1199.4,1199.49,0.01,10.93,12961.41,1
2023-08-24,2023-08-24 14:55:00,1199.49,1199.57,1199.49,1199.57,0.01,10.93,12961.41,1
2023-08-24,2023-08-24 14:56:00,1199.57,1199.65,1199.57,1199.65,0.01,10.93,12961.41,1
2023-08-24,2023-08-24 14:57:00,1199.65,1199.73,1199.65,1199.73,0.01,10.93,12961.41,1
2023-08-24,2023-08-24 14:58:00,1199.73,1199.82,1199.73,1199.82,0.01,10.93,12961.41,1
2023-08-24,2023-08-24 14:59:00,1199.82,1199.9,1199.82,1199.9,0.01,10.93,12961.41,1
2023-08-24,2023-08-24 15:00:00,1199.9,1199.9,1168.0,1199.9,0.0,10.93,12961.41,0
2023-08-27,2023-08-27 11:00:00,1176.0,1176.0,1169.4,1175.91,-0.01,15.54,18017.87,-1
2023-08-27,2023-08-27 11:01:00,1175.91,1175.91,1175.83,1175.83,-0.01,15.54,18017.87,-1
2023-08-27,2023-08-27 11:02:00,1175.83,1175.83,1175.74,1175.74,-0.01,15.54,18017.87,-1
2023-08-27,2023-08-27 11:03:00,1175.74,1175.74,1175.65,1175.65,-0.01,15.54,18017.87,-1
2023-08-27,2023-08-27 11:04:00,1175.65,1175.65,1175.56,1175.56,-0.01,15.54,18017.87,-1
2023-08-27,2023-08-27 11:05:00,1175.56,1175.56,1175.47,1175.47,-0.01,15.54,18017.87,-1
2023-08-27,2023-08-27 11:06:00,1175.47,1175.47,1175.39,1175.39,-0.01,15.54,18017.87,-1
2023-08-27,2023-08-27 11:07:00,1175.39,1175.39,1175.3,1175.3,-0.01,15.54,18017.87,-1
2023-08-27,2023-08-27 11:08:00,1175.3,1175.3,1175.21,1175.21,-0.01,15.54,18017.87,-1
2023-08-27,2023-08-27 11:09:00,1175.21,1175.21,1175.12,1175.12,-0.01,15.54,18017.87,-1
2023-08-27,2023-08-27 11:10:00,1175.12,1175.12,1175.04,1175.04,-0.01,15.54,18017.87,-1
2023-08-27,2023-08-27 11:11:00,1175.04,1175.04,1174.95,1174.95,-0.01,15.54,18017.87,-1
2023-08-27,2023-08-27 11:12:00,1174.95,1174.95,1174.86,1174.86,-0.01,15.54,18017.87,-1
2023-08-27,2023-08-27 11:13:00,1174.86,1174.86,1174.78,1174.78,-0.01,15.54,18017.87,-1
2023-08-27,2023-08-27 11:14:00,1174.78,1174.78,1174.69,1174.69,-0.01,15.54,18017.87,-1
2023-08-27,2023-08-27 11:15:00,1174.69,1174.69,1174.6,1174.6,-0.01,15.54,18017.87,-1
2023-08-27,2023-08-27 11:16:00,1174.6,1174.6,1174.51,1174.51,-0.01,15.54,18017.87,-1
2023-08-27,2023-08-27 11:17:00,1174.51,1174.51,1174.42,1174.42,-0.01,15.54,18017.87,-1
2023-08-27,2023-08-27 11:18:00,1174.42,1174.42,1174.34,1174.34,-0.01,15.54,18017.87,-1
2023-08-27,2023-08-27 11:19:00,1174.34,1174.34,1174.25,1174.25,-0.01,15.54,18017.87,-1
2023-08-27,2023-08-27 11:20:00,1174.25,1174.25,1174.16,1174.16,-0.01,15.54,18017.87,-1
2023-08-27,2023-08-27 11:21:00,1174.16,1174.16,1174.08,1174.08,-0.01,15.54,18017.87,-1
2023-08-27,2023-08-27 11:22:00,1174.08,1174.08,1173.99,1173.99,-0.01,15.54,18017.87,-1
2023-08-27,2023-08-27 11:23:00,1173.99,1173.99,1173.9,1173.9,-0.01,15.54,18017.87,-1
2023-08-27,2023-08-27 11:24:00,1173.9,1173.9,1173.81,1173.81,-0.01,15.54,18017.87,-1
2023-08-27,2023-08-27 11:25:00,1173.81,1173.81,1173.72,1173.72,-0.01,15.54,18017.87,-1
2023-08-27,2023-08-27 11:26:00,1173.72,1173.72,1173.64,1173.64,-0.01,15.54,18017.87,-1
2023-08-27,2023-08-27 11:27:00,1173.64,1173.64,1173.55,1173.55,-0.01,15.54,18017.87,-1
2023-08-27,2023-08-27 11:28:00,1173.55,1173.55,1173.46,1173.46,-0.01,15.54,18017.87,-1
2023-08-27,2023-08-27 11:29:00,1173.46,1173.46,1173.38,1173.38,-0.01,15.54,18017.87,-1
2023-08-27,2023-08-27 11:30:00,1173.38,1173.38,1173.29,1173.29,-0.01,15.54,18017.87,-1
2023-08-27,2023-08-27 11:31:00,1173.29,1173.29,1173.2,1173.2,-0.01,15.54,18017.87,-1
2023-08-27,2023-08-27 11:32:00,1173.2,1173.2,1173.11,1173.11,-0.01,15.54,18017.87,-1
2023-08-27,2023-08-27 11:33:00,1173.11,1173.11,1173.03,1173.03,-0.01,15.54,18017.87,-1
2023-08-27,2023-08-27 11:34:00,1173.03,1173.03,1172.94,1172.94,-0.01,15.54,18017.87,-1
2023-08-27,2023-08-27 11:35:00,1172.94,1172.94,1172.85,1172.85,-0.01,15.54,18017.87,-1
2023-08-27,2023-08-27 11:36:00,1172.85,1172.85,1172.76,1172.76,-0.01,15.54,18017.87,-1
2023-08-27,2023-08-27 11:37:00,1172.76,1172.76,1172.67,1172.67,-0.01,15.54,18017.87,-1
2023-08-27,2023-08-27 11:38:00,1172.67,1172.67,1172.59,1172.59,-0.01,15.54,18017.87,-1
2023-08-27,2023-08-27 11:39:00,1172.59,1172.59,1172.5,1172.5,-0.01,15.54,18017.87,-1
2023-08-27,2023-08-27 11:40:00,1172.5,1172.5,1172.41,1172.41,-0.01,15.54,18017.87,-1
2023-08-27,2023-08-27 11:41:00,1172.41,1172.41,1172.33,1172.33,-0.01,15.54,18017.87,-1
2023-08-27,2023-08-27 11:42:00,1172.33,1172.33,1172.24,1172.24,-0.01,15.54,18017.87,-1
2023-08-27,2023-08-27 11:43:00,1172.24,1172.24,1172.15,1172.15,-0.01,15.54,18017.87,-1
2023-08-27,2023-08-27 11:44:00,1172.15,1172.15,1172.06,1172.06,-0.01,15.54,18017.87,-1
2023-08-27,2023-08-27 11:45:00,1172.06,1172.06,1171.97,1171.97,-0.01,15.54,18017.87,-1
2023-08-27,2023-08-27 11:46:00,1171.97,1171.97,1171.89,1171.89,-0.01,15.54,18017.87,-1
2023-08-27,2023-08-27 11:47:00,1171.89,1171.89,1171.8,1171.8,-0.01,15.54,18017.87,-1
2023-08-27,2023-08-27 11:48:00,1171.8,1171.8,1171.71,1171.71,-0.01,15.54,18017.87,-1
2023-08-27,2023-08-27 11:49:00,1171.71,1171.71,1171.62,1171.62,-0.01,15.54,18017.87,-1
2023-08-27,2023-08-27 11:50:00,1171.62,1171.62,1171.54,1171.54,-0.01,15.54,18017.87,-1
2023-08-27,2023-08-27 11:51:00,1171.54,1171.54,1171.45,1171.45,-0.01,15.54,18017.87,-1
2023-08-27,2023-08-27 11:52:00,1171.45,1171.45,1171.36,1171.36,-0.01,15.54,18017.87,-1
2023-08-27,2023-08-27 11:53:00,1171.36,1171.36,1171.28,1171.28,-0.01,15.54,18017.87,-1
2023-08-27,2023-08-27 11:54:00,1171.28,1171.28,1171.19,1171.19,-0.01,15.54,18017.87,-1
2023-08-27,2023-08-27 11:55:00,1171.19,1171.19,1171.1,1171.1,-0.01,15.54,18017.87,-1
2023-08-27,2023-08-27 11:56:00,1171.1,1171.1,1171.01,1171.01,-0.01,15.54,18017.87,-1
2023-08-27,2023-08-27 11:57:00,1171.01,1171.01,1170.92,1170.92,-0.01,15.54,18017.87,-1
2023-08-27,2023-08-27 11:58:00,1170.92,1170.92,1170.84,1170.84,-0.01,15.54,18017.87,-1
2023-08-27,2023-08-27 11:59:00,1170.84,1170.84,1170.75,1170.75,-0.01,15.54,18017.87,-1
2023-08-27,2023-08-27 12:00:00,1170.75,1170.75,1170.66,1170.66,-0.01,15.54,18017.87,-1
2023-08-27,2023-08-27 12:01:00,1170.66,1170.66,1170.58,1170.58,-0.01,15.54,18017.87,-1
2023-08-27,2023-08-27 12:02:00,1170.58,1170.58,1170.49,1170.49,-0.01,15.54,18017.87,-1
2023-08-27,2023-08-27 12:03:00,1170.49,1170.49,1170.4,1170.4,-0.01,15.54,18017.87,-1
2023-08-27,2023-08-27 12:04:00,1170.4,1170.4,1170.31,1170.31,-0.01,15.54,18017.87,-1
2023-08-27,2023-08-27 12:05:00,1170.31,1170.31,1170.22,1170.22,-0.01,15.54,18017.87,-1
2023-08-27,2023-08-27 12:06:00,1170.22,1170.22,1170.14,1170.14,-0.01,15.54,18017.87,-1
2023-08-27,2023-08-27 12:07:00,1170.14,1170.14,1170.05,1170.05,-0.01,15.54,18017.87,-1
2023-08-27,2023-08-27 12:08:00,1170.05,1170.05,1169.96,1169.96,-0.01,15.54,18017.87,-1
2023-08-27,2023-08-27 12:09:00,1169.96,1169.96,1169.88,1169.88,-0.01,15.54,18017.87,-1
2023-08-27,2023-08-27 12:10:00,1169.88,1169.88,1169.79,1169.79,-0.01,15.54,18017.87,-1
2023-08-27,2023-08-27 12:11:00,1169.79,1169.79,1169.7,1169.7,-0.01,15.54,18017.87,-1
2023-08-27,2023-08-27 12:12:00,1169.7,1169.7,1169.61,1169.61,-0.01,15.54,18017.87,-1
2023-08-27,2023-08-27 12:13:00,1169.61,1169.61,1169.53,1169.53,-0.01,15.54,18017.87,-1
2023-08-27,2023-08-27 12:14:00,1169.53,1169.53,1169.44,1169.44,-0.01,15.54,18017.87,-1
2023-08-27,2023-08-27 12:15:00,1169.44,1169.44,1169.35,1169.35,-0.01,15.54,18017.87,-1
2023-08-27,2023-08-27 12:16:00,1169.35,1169.35,1169.26,1169.26,-0.01,15.54,18017.87,-1
2023-08-27,2023-08-27 12:17:00,1169.26,1169.26,1169.17,1169.17,-0.01,15.54,18017.87,-1
2023-08-27,2023-08-27 12:18:00,1169.17,1169.17,1169.09,1169.09,-0.01,15.54,18017.87,-1
2023-08-27,2023-08-27 12:19:00,1169.09,1169.09,1169.0,1169.0,-0.01,15.54,18017.87,-1
2023-08-27,2023-08-27 12:20:00,1169.0,1169.0,1168.91,1168.91,-0.01,15.54,18017.87,-1
2023-08-27,2023-08-27 12:21:00,1168.91,1168.91,1168.83,1168.83,-0.01,15.54,18017.87,-1
2023-08-27,2023-08-27 12:22:00,1168.83,1168.83,1168.74,1168.74,-0.01,15.54,18017.87,-1
2023-08-27,2023-08-27 12:23:00,1168.74,1168.74,1168.65,1168.65,-0.01,15.54,18017.87,-1
2023-08-27,2023-08-27 12:24:00,1168.65,1168.65,1168.56,1168.56,-0.01,15.54,18017.87,-1
2023-08-27,2023-08-27 12:25:00,1168.56,1168.56,1168.47,1168.47,-0.01,15.54,18017.87,-1
2023-08-27,2023-08-27 12:26:00,1168.47,1168.47,1168.39,1168.39,-0.01,15.54,18017.87,-1
2023-08-27,2023-08-27 12:27:00,1168.39,1168.39,1168.3,1168.3,-0.01,15.54,18017.87,-1
2023-08-27,2023-08-27 12:28:00,1168.3,1168.3,1168.21,1168.21,-0.01,15.54,18017.87,-1
2023-08-27,2023-08-27 12:29:00,1168.21,1168.21,1168.12,1168.12,-0.01,15.54,18017.87,-1
2023-08-27,2023-08-27 12:30:00,1168.12,1168.12,1168.04,1168.04,-0.01,15.54,18017.87,-1
2023-08-27,2023-08-27 12:31:00,1168.04,1168.04,1167.95,1167.95,-0.01,15.54,18017.87,-1
2023-08-27,2023-08-27 12:32:00,1167.95,1167.95,1167.86,1167.86,-0.01,15.54,18017.87,-1
2023-08-27,2023-08-27 12:33:00,1167.86,1167.86,1167.78,1167.78,-0.01,15.54,18017.87,-1
2023-08-27,2023-08-27 12:34:00,1167.78,1167.78,1167.69,1167.69,-0.01,15.54,18017.87,-1
2023-08-27,2023-08-27 12:35:00,1167.69,1167.69,1167.6,1167.6,-0.01,15.54,18017.87,-1
2023-08-27,2023-08-27 12:36:00,1167.6,1167.6,1167.51,1167.51,-0.01,15.54,18017.87,-1
2023-08-27,2023-08-27 12:37:00,1167.51,1167.51,1167.42,1167.42,-0.01,15.54,18017.87,-1
2023-08-27,2023-08-27 12:38:00,1167.42,1167.42,1167.34,1167.34,-0.01,15.54,18017.87,-1
2023-08-27,2023-08-27 12:39:00,1167.34,1167.34,1167.25,1167.25,-0.01,15.54,18017.87,-1
2023-08-27,2023-08-27 12:40:00,1167.25,1167.25,1167.16,1167.16,-0.01,15.54,18017.87,-1
2023-08-27,2023-08-27 12:41:00,1167.16,1167.16,1167.08,1167.08,-0.01,15.54,18017.87,-1
2023-08-27,2023-08-27 12:42:00,1167.08,1167.08,1166.99,1166.99,-0.01,15.54,18017.87,-1
2023-08-27,2023-08-27 12:43:00,1166.99,1166.99,1166.9,1166.9,-0.01,15.54,18017.87,-1
2023-08-27,2023-08-27 12:44:00,1166.9,1166.9,1166.81,1166.81,-0.01,15.54,18017.87,-1
2023-08-27,2023-08-27 12:45:00,1166.81,1166.81,1166.72,1166.72,-0.01,15.54,18017.87,-1
2023-08-27,2023-08-27 12:46:00,1166.72,1166.72,1166.64,1166.64,-0.01,15.54,18017.87,-1
2023-08-27,2023-08-27 12:47:00,1166.64,1166.64,1166.55,1166.55,-0.01,15.54,18017.87,-1
2023-08-27,2023-08-27 12:48:00,1166.55,1166.55,1166.46,1166.46,-0.01,15.54,18017.87,-1
2023-08-27,2023-08-27 12:49:00,1166.46,1166.46,1166.38,1166.38,-0.01,15.54,18017.87,-1
2023-08-27,2023-08-27 12:50:00,1166.38,1166.38,1166.29,1166.29,-0.01,15.54,18017.87,-1
2023-08-27,2023-08-27 12:51:00,1166.29,1166.29,1166.2,1166.2,-0.01,15.54,18017.87,-1
2023-08-27,2023-08-27 12:52:00,1166.2,1166.2,1166.11,1166.11,-0.01,15.54,18017.87,-1
2023-08-27,2023-08-27 12:53:00,1166.11,1166.11,1166.03,1166.03,-0.01,15.54,18017.87,-1
2023-08-27,2023-08-27 12:54:00,1166.03,1166.03,1165.94,1165.94,-0.01,15.54,18017.87,-1
2023-08-27,2023-08-27 12:55:00,1165.94,1165.94,1165.85,1165.85,-0.01,15.54,18017.87,-1
2023-08-27,2023-08-27 12:56:00,1165.85,1165.85,1165.76,1165.76,-0.01,15.54,18017.87,-1
2023-08-27,2023-08-27 12:57:00,1165.76,1165.76,1165.67,1165.67,-0.01,15.54,18017.87,-1
2023-08-27,2023-08-27 12:58:00,1165.67,1165.67,1165.59,1165.59,-0.01,15.54,18017.87,-1
2023-08-27,2023-08-27 12:59:00,1165.59,1165.59,1165.5,1165.5,-0.01,15.54,18017.87,-1
2023-08-27,2023-08-27 13:00:00,1165.5,1176.0,1154.0,1165.41,-0.01,15.54,18017.87,-1
2023-08-27,2023-08-27 13:01:00,1165.41,1165.41,1165.33,1165.33,-0.01,15.54,18017.87,-1
2023-08-27,2023-08-27 13:02:00,1165.33,1165.33,1165.24,1165.24,-0.01,15.54,18017.87,-1
2023-08-27,2023-08-27 13:03:00,1165.24,1165.24,1165.15,1165.15,-0.01,15.54,18017.87,-1
2023-08-27,2023-08-27 13:04:00,1165.15,1165.15,1165.06,1165.06,-0.01,15.54,18017.87,-1
2023-08-27,2023-08-27 13:05:00,1165.06,1165.06,1164.97,1164.97,-0.01,15.54,18017.87,-1
2023-08-27,2023-08-27 13:06:00,1164.97,1164.97,1164.89,1164.89,-0.01,15.54,18017.87,-1
2023-08-27,2023-08-27 13:07:00,1164.89,1164.89,1164.8,1164.8,-0.01,15.54,18017.87,-1
2023-08-27,2023-08-27 13:08:00,1164.8,1164.8,1164.71,1164.71,-0.01,15.54,18017.87,-1
2023-08-27,2023-08-27 13:09:00,1164.71,1164.71,1164.62,1164.62,-0.01,15.54,18017.87,-1
2023-08-27,2023-08-27 13:10:00,1164.62,1164.62,1164.54,1164.54,-0.01,15.54,18017.87,-1
2023-08-27,2023-08-27 13:11:00,1164.54,1164.54,1164.45,1164.45,-0.01,15.54,18017.87,-1
2023-08-27,2023-08-27 13:12:00,1164.45,1164.45,1164.36,1164.36,-0.01,15.54,18017.87,-1
2023-08-27,2023-08-27 13:13:00,1164.36,1164.36,1164.28,1164.28,-0.01,15.54,18017.87,-1
2023-08-27,2023-08-27 13:14:00,1164.28,1164.28,1164.19,1164.19,-0.01,15.54,18017.87,-1
2023-08-27,2023-08-27 13:15:00,1164.19,1164.19,1164.1,1164.1,-0.01,15.54,18017.87,-1
2023-08-27,2023-08-27 13:16:00,1164.1,1164.1,1164.01,1164.01,-0.01,15.54,18017.87,-1
2023-08-27,2023-08-27 13:17:00,1164.01,1164.01,1163.92,1163.92,-0.01,15.54,18017.87,-1
2023-08-27,2023-08-27 13:18:00,1163.92,1163.92,1163.84,1163.84,-0.01,15.54,18017.87,-1
2023-08-27,2023-08-27 13:19:00,1163.84,1163.84,1163.75,1163.75,-0.01,15.54,18017.87,-1
2023-08-27,2023-08-27 13:20:00,1163.75,1163.75,1163.66,1163.66,-0.01,15.54,18017.87,-1
2023-08-27,2023-08-27 13:21:00,1163.66,1163.66,1163.58,1163.58,-0.01,15.54,18017.87,-1
2023-08-27,2023-08-27 13:22:00,1163.58,1163.58,1163.49,1163.49,-0.01,15.54,18017.87,-1
2023-08-27,2023-08-27 13:23:00,1163.49,1163.49,1163.4,1163.4,-0.01,15.54,18017.87,-1
2023-08-27,2023-08-27 13:24:00,1163.4,1163.4,1163.31,1163.31,-0.01,15.54,18017.87,-1
2023-08-27,2023-08-27 13:25:00,1163.31,1163.31,1163.22,1163.22,-0.01,15.54,18017.87,-1
2023-08-27,2023-08-27 13:26:00,1163.22,1163.22,1163.14,1163.14,-0.01,15.54,18017.87,-1
2023-08-27,2023-08-27 13:27:00,1163.14,1163.14,1163.05,1163.05,-0.01,15.54,18017.87,-1
2023-08-27,2023-08-27 13:28:00,1163.05,1163.05,1162.96,1162.96,-0.01,15.54,18017.87,-1
2023-08-27,2023-08-27 13:29:00,1162.96,1162.96,1162.88,1162.88,-0.01,15.54,18017.87,-1
2023-08-27,2023-08-27 13:30:00,1162.88,1162.88,1162.79,1162.79,-0.01,15.54,18017.87,-1
2023-08-27,2023-08-27 13:31:00,1162.79,1162.79,1162.7,1162.7,-0.01,15.54,18017.87,-1
2023-08-27,2023-08-27 13:32:00,1162.7,1162.7,1162.61,1162.61,-0.01,15.54,18017.87,-1
2023-08-27,2023-08-27 13:33:00,1162.61,1162.61,1162.53,1162.53,-0.01,15.54,18017.87,-1
2023-08-27,2023-08-27 13:34:00,1162.53,1162.53,1162.44,1162.44,-0.01,15.54,18017.87,-1
2023-08-27,2023-08-27 13:35:00,1162.44,1162.44,1162.35,1162.35,-0.01,15.54,18017.87,-1
2023-08-27,2023-08-27 13:36:00,1162.35,1162.35,1162.26,1162.26,-0.01,15.54,18017.87,-1
2023-08-27,2023-08-27 13:37:00,1162.26,1162.26,1162.17,1162.17,-0.01,15.54,18017.87,-1
2023-08-27,2023-08-27 13:38:00,1162.17,1162.17,1162.09,1162.09,-0.01,15.54,18017.87,-1
2023-08-27,2023-08-27 13:39:00,1162.09,1162.09,1162.0,1162.0,-0.01,15.54,18017.87,-1
2023-08-27,2023-08-27 13:40:00,1162.0,1162.0,1161.91,1161.91,-0.01,15.54,18017.87,-1
2023-08-27,2023-08-27 13:41:00,1161.91,1161.91,1161.83,1161.83,-0.01,15.54,18017.87,-1
2023-08-27,2023-08-27 13:42:00,1161.83,1161.83,1161.74,1161.74,-0.01,15.54,18017.87,-1
2023-08-27,2023-08-27 13:43:00,1161.74,1161.74,1161.65,1161.65,-0.01,15.54,18017.87,-1
2023-08-27,2023-08-27 13:44:00,1161.65,1161.65,1161.56,1161.56,-0.01,15.54,18017.87,-1
2023-08-27,2023-08-27 13:45:00,1161.56,1161.56,1161.47,1161.47,-0.01,15.54,18017.87,-1
2023-08-27,2023-08-27 13:46:00,1161.47,1161.47,1161.39,1161.39,-0.01,15.54,18017.87,-1
2023-08-27,2023-08-27 13:47:00,1161.39,1161.39,1161.3,1161.3,-0.01,15.54,18017.87,-1
2023-08-27,2023-08-27 13:48:00,1161.3,1161.3,1161.21,1161.21,-0.01,15.54,18017.87,-1
2023-08-27,2023-08-27 13:49:00,1161.21,1161.21,1161.12,1161.12,-0.01,15.54,18017.87,-1
2023-08-27,2023-08-27 13:50:00,1161.12,1161.12,1161.04,1161.04,-0.01,15.54,18017.87,-1
2023-08-27,2023-08-27 13:51:00,1161.04,1161.04,1160.95,1160.95,-0.01,15.54,18017.87,-1
2023-08-27,2023-08-27 13:52:00,1160.95,1160.95,1160.86,1160.86,-0.01,15.54,18017.87,-1
2023-08-27,2023-08-27 13:53:00,1160.86,1160.86,1160.78,1160.78,-0.01,15.54,18017.87,-1
2023-08-27,2023-08-27 13:54:00,1160.78,1160.78,1160.69,1160.69,-0.01,15.54,18017.87,-1
2023-08-27,2023-08-27 13:55:00,1160.69,1160.69,1160.6,1160.6,-0.01,15.54,18017.87,-1
2023-08-27,2023-08-27 13:56:00,1160.6,1160.6,1160.51,1160.51,-0.01,15.54,18017.87,-1
2023-08-27,2023-08-27 13:57:00,1160.51,1160.51,1160.42,1160.42,-0.01,15.54,18017.87,-1
2023-08-27,2023-08-27 13:58:00,1160.42,1160.42,1160.34,1160.34,-0.01,15.54,18017.87,-1
2023-08-27,2023-08-27 13:59:00,1160.34,1160.34,1160.25,1160.25,-0.01,15.54,18017.87,-1
2023-08-27,2023-08-27 14:00:00,1160.25,1160.25,1160.16,1160.16,-0.01,15.54,18017.87,-1
2023-08-27,2023-08-27 14:01:00,1160.16,1160.16,1160.08,1160.08,-0.01,15.54,18017.87,-1
2023-08-27,2023-08-27 14:02:00,1160.08,1160.08,1159.99,1159.99,-0.01,15.54,18017.87,-1
2023-08-27,2023-08-27 14:03:00,1159.99,1159.99,1159.9,1159.9,-0.01,15.54,18017.87,-1
2023-08-27,2023-08-27 14:04:00,1159.9,1159.9,1159.81,1159.81,-0.01,15.54,18017.87,-1
2023-08-27,2023-08-27 14:05:00,1159.81,1159.81,1159.72,1159.72,-0.01,15.54,18017.87,-1
2023-08-27,2023-08-27 14:06:00,1159.72,1159.72,1159.64,1159.64,-0.01,15.54,18017.87,-1
2023-08-27,2023-08-27 14:07:00,1159.64,1159.64,1159.55,1159.55,-0.01,15.54,18017.87,-1
2023-08-27,2023-08-27 14:08:00,1159.55,1159.55,1159.46,1159.46,-0.01,15.54,18017.87,-1
2023-08-27,2023-08-27 14:09:00,1159.46,1159.46,1159.38,1159.38,-0.01,15.54,18017.87,-1
2023-08-27,2023-08-27 14:10:00,1159.38,1159.38,1159.29,1159.29,-0.01,15.54,18017.87,-1
2023-08-27,2023-08-27 14:11:00,1159.29,1159.29,1159.2,1159.2,-0.01,15.54,18017.87,-1
2023-08-27,2023-08-27 14:12:00,1159.2,1159.2,1159.11,1159.11,-0.01,15.54,18017.87,-1
2023-08-27,2023-08-27 14:13:00,1159.11,1159.11,1159.03,1159.03,-0.01,15.54,18017.87,-1
2023-08-27,2023-08-27 14:14:00,1159.03,1159.03,1158.94,1158.94,-0.01,15.54,18017.87,-1
2023-08-27,2023-08-27 14:15:00,1158.94,1158.94,1158.85,1158.85,-0.01,15.54,18017.87,-1
2023-08-27,2023-08-27 14:16:00,1158.85,1158.85,1158.76,1158.76,-0.01,15.54,18017.87,-1
2023-08-27,2023-08-27 14:17:00,1158.76,1158.76,1158.67,1158.67,-0.01,15.54,18017.87,-1
2023-08-27,2023-08-27 14:18:00,1158.67,1158.67,1158.59,1158.59,-0.01,15.54,18017.87,-1
2023-08-27,2023-08-27 14:19:00,1158.59,1158.59,1158.5,1158.5,-0.01,15.54,18017.87,-1
2023-08-27,2023-08-27 14:20:00,1158.5,1158.5,1158.41,1158.41,-0.01,15.54,18017.87,-1
2023-08-27,2023-08-27 14:21:00,1158.41,1158.41,1158.33,1158.33,-0.01,15.54,18017.87,-1
2023-08-27,2023-08-27 14:22:00,1158.33,1158.33,1158.24,1158.24,-0.01,15.54,18017.87,-1
2023-08-27,2023-08-27 14:23:00,1158.24,1158.24,1158.15,1158.15,-0.01,15.54,18017.87,-1
2023-08-27,2023-08-27 14:24:00,1158.15,1158.15,1158.06,1158.06,-0.01,15.54,18017.87,-1
2023-08-27,2023-08-27 14:25:00,1158.06,1158.06,1157.97,1157.97,-0.01,15.54,18017.87,-1
2023-08-27,2023-08-27 14:26:00,1157.97,1157.97,1157.89,1157.89,-0.01,15.54,18017.87,-1
2023-08-27,2023-08-27 14:27:00,1157.89,1157.89,1157.8,1157.8,-0.01,15.54,18017.87,-1
2023-08-27,2023-08-27 14:28:00,1157.8,1157.8,1157.71,1157.71,-0.01,15.54,18017.87,-1
2023-08-27,2023-08-27 14:29:00,1157.71,1157.71,1157.62,1157.62,-0.01,15.54,18017.87,-1
2023-08-27,2023-08-27 14:30:00,1157.62,1157.62,1157.54,1157.54,-0.01,15.54,18017.87,-1
2023-08-27,2023-08-27 14:31:00,1157.54,1157.54,1157.45,1157.45,-0.01,15.54,18017.87,-1
2023-08-27,2023-08-27 14:32:00,1157.45,1157.45,1157.36,1157.36,-0.01,15.54,18017.87,-1
2023-08-27,2023-08-27 14:33:00,1157.36,1157.36,1157.28,1157.28,-0.01,15.54,18017.87,-1
2023-08-27,2023-08-27 14:34:00,1157.28,1157.28,1157.19,1157.19,-0.01,15.54,18017.87,-1
2023-08-27,2023-08-27 14:35:00,1157.19,1157.19,1157.1,1157.1,-0.01,15.54,18017.87,-1
2023-08-27,2023-08-27 14:36:00,1157.1,1157.1,1157.01,1157.01,-0.01,15.54,18017.87,-1
2023-08-27,2023-08-27 14:37:00,1157.01,1157.01,1156.92,1156.92,-0.01,15.54,18017.87,-1
2023-08-27,2023-08-27 14:38:00,1156.92,1156.92,1156.84,1156.84,-0.01,15.54,18017.87,-1
2023-08-27,2023-08-27 14:39:00,1156.84,1156.84,1156.75,1156.75,-0.01,15.54,18017.87,-1
2023-08-27,2023-08-27 14:40:00,1156.75,1156.75,1156.66,1156.66,-0.01,15.54,18017.87,-1
2023-08-27,2023-08-27 14:41:00,1156.66,1156.66,1156.58,1156.58,-0.01,15.54,18017.87,-1
2023-08-27,2023-08-27 14:42:00,1156.58,1156.58,1156.49,1156.49,-0.01,15.54,18017.87,-1
2023-08-27,2023-08-27 14:43:00,1156.49,1156.49,1156.4,1156.4,-0.01,15.54,18017.87,-1
2023-08-27,2023-08-27 14:44:00,1156.4,1156.4,1156.31,1156.31,-0.01,15.54,18017.87,-1
2023-08-27,2023-08-27 14:45:00,1156.31,1156.31,1156.22,1156.22,-0.01,15.54,18017.87,-1
2023-08-27,2023-08-27 14:46:00,1156.22,1156.22,1156.14,1156.14,-0.01,15.54,18017.87,-1
2023-08-27,2023-08-27 14:47:00,1156.14,1156.14,1156.05,1156.05,-0.01,15.54,18017.87,-1
2023-08-27,2023-08-27 14:48:00,1156.05,1156.05,1155.96,1155.96,-0.01,15.54,18017.87,-1
2023-08-27,2023-08-27 14:49:00,1155.96,1155.96,1155.88,1155.88,-0.01,15.54,18017.87,-1
2023-08-27,2023-08-27 14:50:00,1155.88,1155.88,1155.79,1155.79,-0.01,15.54,18017.87,-1
2023-08-27,2023-08-27 14:51:00,1155.79,1155.79,1155.7,1155.7,-0.01,15.54,18017.87,-1
2023-08-27,2023-08-27 14:52:00,1155.7,1155.7,1155.61,1155.61,-0.01,15.54,18017.87,-1
2023-08-27,2023-08-27 14:53:00,1155.61,1155.61,1155.53,1155.53,-0.01,15.54,18017.87,-1
2023-08-27,2023-08-27 14:54:00,1155.53,1155.53,1155.44,1155.44,-0.01,15.54,18017.87,-1
2023-08-27,2023-08-27 14:55:00,1155.44,1155.44,1155.35,1155.35,-0.01,15.54,18017.87,-1
2023-08-27,2023-08-27 14:56:00,1155.35,1155.35,1155.26,1155.26,-0.01,15.54,18017.87,-1
2023-08-27,2023-08-27 14:57:00,1155.26,1155.26,1155.17,1155.17,-0.01,15.54,18017.87,-1
2023-08-27,2023-08-27 14:58:00,1155.17,1155.17,1155.09,1155.09,-0.01,15.54,18017.87,-1
2023-08-27,2023-08-27 14:59:00,1155.09,1155.09,1155.0,1155.0,-0.01,15.54,18017.87,-1
2023-08-27,2023-08-27 15:00:00,1155.0,1176.0,1154.0,1155.0,0.0,15.54,18017.87,0
2023-08-28,2023-08-28 11:00:00,1145.0,1154.0,1138.4,1145.06,0.01,32.66,37069.58,1
2023-08-28,2023-08-28 11:01:00,1145.06,1145.12,1145.06,1145.12,0.01,32.66,37069.58,1
2023-08-28,2023-08-28 11:02:00,1145.12,1145.19,1145.12,1145.19,0.01,32.66,37069.58,1
2023-08-28,2023-08-28 11:03:00,1145.19,1145.25,1145.19,1145.25,0.01,32.66,37069.58,1
2023-08-28,2023-08-28 11:04:00,1145.25,1145.31,1145.25,1145.31,0.01,32.66,37069.58,1
2023-08-28,2023-08-28 11:05:00,1145.31,1145.38,1145.31,1145.38,0.01,32.66,37069.58,1
2023-08-28,2023-08-28 11:06:00,1145.38,1145.44,1145.38,1145.44,0.01,32.66,37069.58,1
2023-08-28,2023-08-28 11:07:00,1145.44,1145.5,1145.44,1145.5,0.01,32.66,37069.58,1
2023-08-28,2023-08-28 11:08:00,1145.5,1145.56,1145.5,1145.56,0.01,32.66,37069.58,1
2023-08-28,2023-08-28 11:09:00,1145.56,1145.62,1145.56,1145.62,0.01,32.66,37069.58,1
2023-08-28,2023-08-28 11:10:00,1145.62,1145.69,1145.62,1145.69,0.01,32.66,37069.58,1
2023-08-28,2023-08-28 11:11:00,1145.69,1145.75,1145.69,1145.75,0.01,32.66,37069.58,1
2023-08-28,2023-08-28 11:12:00,1145.75,1145.81,1145.75,1145.81,0.01,32.66,37069.58,1
2023-08-28,2023-08-28 11:13:00,1145.81,1145.88,1145.81,1145.88,0.01,32.66,37069.58,1
2023-08-28,2023-08-28 11:14:00,1145.88,1145.94,1145.88,1145.94,0.01,32.66,37069.58,1
2023-08-28,2023-08-28 11:15:00,1145.94,1146.0,1145.94,1146.0,0.01,32.66,37069.58,1
2023-08-28,2023-08-28 11:16:00,1146.0,1146.06,1146.0,1146.06,0.01,32.66,37069.58,1
2023-08-28,2023-08-28 11:17:00,1146.06,1146.12,1146.06,1146.12,0.01,32.66,37069.58,1
2023-08-28,2023-08-28 11:18:00,1146.12,1146.19,1146.12,1146.19,0.01,32.66,37069.58,1
2023-08-28,2023-08-28 11:19:00,1146.19,1146.25,1146.19,1146.25,0.01,32.66,37069.58,1
2023-08-28,2023-08-28 11:20:00,1146.25,1146.31,1146.25,1146.31,0.01,32.66,37069.58,1
2023-08-28,2023-08-28 11:21:00,1146.31,1146.38,1146.31,1146.38,0.01,32.66,37069.58,1
2023-08-28,2023-08-28 11:22:00,1146.38,1146.44,1146.38,1146.44,0.01,32.66,37069.58,1
2023-08-28,2023-08-28 11:23:00,1146.44,1146.5,1146.44,1146.5,0.01,32.66,37069.58,1
2023-08-28,2023-08-28 11:24:00,1146.5,1146.56,1146.5,1146.56,0.01,32.66,37069.58,1
2023-08-28,2023-08-28 11:25:00,1146.56,1146.62,1146.56,1146.62,0.01,32.66,37069.58,1
2023-08-28,2023-08-28 11:26:00,1146.62,1146.69,1146.62,1146.69,0.01,32.66,37069.58,1
2023-08-28,2023-08-28 11:27:00,1146.69,1146.75,1146.69,1146.75,0.01,32.66,37069.58,1
2023-08-28,2023-08-28 11:28:00,1146.75,1146.81,1146.75,1146.81,0.01,32.66,37069.58,1
2023-08-28,2023-08-28 11:29:00,1146.81,1146.88,1146.81,1146.88,0.01,32.66,37069.58,1
2023-08-28,2023-08-28 11:30:00,1146.88,1146.94,1146.88,1146.94,0.01,32.66,37069.58,1
2023-08-28,2023-08-28 11:31:00,1146.94,1147.0,1146.94,1147.0,0.01,32.66,37069.58,1
2023-08-28,2023-08-28 11:32:00,1147.0,1147.06,1147.0,1147.06,0.01,32.66,37069.58,1
2023-08-28,2023-08-28 11:33:00,1147.06,1147.12,1147.06,1147.12,0.01,32.66,37069.58,1
2023-08-28,2023-08-28 11:34:00,1147.12,1147.19,1147.12,1147.19,0.01,32.66,37069.58,1
2023-08-28,2023-08-28 11:35:00,1147.19,1147.25,1147.19,1147.25,0.01,32.66,37069.58,1
2023-08-28,2023-08-28 11:36:00,1147.25,1147.31,1147.25,1147.31,0.01,32.66,37069.58,1
2023-08-28,2023-08-28 11:37:00,1147.31,1147.38,1147.31,1147.38,0.01,32.66,37069.58,1
2023-08-28,2023-08-28 11:38:00,1147.38,1147.44,1147.38,1147.44,0.01,32.66,37069.58,1
2023-08-28,2023-08-28 11:39:00,1147.44,1147.5,1147.44,1147.5,0.01,32.66,37069.58,1
2023-08-28,2023-08-28 11:40:00,1147.5,1147.56,1147.5,1147.56,0.01,32.66,37069.58,1
2023-08-28,2023-08-28 11:41:00,1147.56,1147.62,1147.56,1147.62,0.01,32.66,37069.58,1
2023-08-28,2023-08-28 11:42:00,1147.62,1147.69,1147.62,1147.69,0.01,32.66,37069.58,1
2023-08-28,2023-08-28 11:43:00,1147.69,1147.75,1147.69,1147.75,0.01,32.66,37069.58,1
2023-08-28,2023-08-28 11:44:00,1147.75,1147.81,1147.75,1147.81,0.01,32.66,37069.58,1
2023-08-28,2023-08-28 11:45:00,1147.81,1147.88,1147.81,1147.88,0.01,32.66,37069.58,1
2023-08-28,2023-08-28 11:46:00,1147.88,1147.94,1147.88,1147.94,0.01,32.66,37069.58,1
2023-08-28,2023-08-28 11:47:00,1147.94,1148.0,1147.94,1148.0,0.01,32.66,37069.58,1
2023-08-28,2023-08-28 11:48:00,1148.0,1148.06,1148.0,1148.06,0.01,32.66,37069.58,1
2023-08-28,2023-08-28 11:49:00,1148.06,1148.12,1148.06,1148.12,0.01,32.66,37069.58,1
2023-08-28,2023-08-28 11:50:00,1148.12,1148.19,1148.12,1148.19,0.01,32.66,37069.58,1
2023-08-28,2023-08-28 11:51:00,1148.19,1148.25,1148.19,1148.25,0.01,32.66,37069.58,1
2023-08-28,2023-08-28 11:52:00,1148.25,1148.31,1148.25,1148.31,0.01,32.66,37069.58,1
2023-08-28,2023-08-28 11:53:00,1148.31,1148.38,1148.31,1148.38,0.01,32.66,37069.58,1
2023-08-28,2023-08-28 11:54:00,1148.38,1148.44,1148.38,1148.44,0.01,32.66,37069.58,1
2023-08-28,2023-08-28 11:55:00,1148.44,1148.5,1148.44,1148.5,0.01,32.66,37069.58,1
2023-08-28,2023-08-28 11:56:00,1148.5,1148.56,1148.5,1148.56,0.01,32.66,37069.58,1
2023-08-28,2023-08-28 11:57:00,1148.56,1148.62,1148.56,1148.62,0.01,32.66,37069.58,1
2023-08-28,2023-08-28 11:58:00,1148.62,1148.69,1148.62,1148.69,0.01,32.66,37069.58,1
2023-08-28,2023-08-28 11:59:00,1148.69,1148.75,1148.69,1148.75,0.01,32.66,37069.58,1
2023-08-28,2023-08-28 12:00:00,1148.75,1148.81,1148.75,1148.81,0.01,32.66,37069.58,1
2023-08-28,2023-08-28 12:01:00,1148.81,1148.88,1148.81,1148.88,0.01,32.66,37069.58,1
2023-08-28,2023-08-28 12:02:00,1148.88,1148.94,1148.88,1148.94,0.01,32.66,37069.58,1
2023-08-28,2023-08-28 12:03:00,1148.94,1149.0,1148.94,1149.0,0.01,32.66,37069.58,1
2023-08-28,2023-08-28 12:04:00,1149.0,1149.06,1149.0,1149.06,0.01,32.66,37069.58,1
2023-08-28,2023-08-28 12:05:00,1149.06,1149.12,1149.06,1149.12,0.01,32.66,37069.58,1
2023-08-28,2023-08-28 12:06:00,1149.12,1149.19,1149.12,1149.19,0.01,32.66,37069.58,1
2023-08-28,2023-08-28 12:07:00,1149.19,1149.25,1149.19,1149.25,0.01,32.66,37069.58,1
2023-08-28,2023-08-28 12:08:00,1149.25,1149.31,1149.25,1149.31,0.01,32.66,37069.58,1
2023-08-28,2023-08-28 12:09:00,1149.31,1149.38,1149.31,1149.38,0.01,32.66,37069.58,1
2023-08-28,2023-08-28 12:10:00,1149.38,1149.44,1149.38,1149.44,0.01,32.66,37069.58,1
2023-08-28,2023-08-28 12:11:00,1149.44,1149.5,1149.44,1149.5,0.01,32.66,37069.58,1
2023-08-28,2023-08-28 12:12:00,1149.5,1149.56,1149.5,1149.56,0.01,32.66,37069.58,1
2023-08-28,2023-08-28 12:13:00,1149.56,1149.62,1149.56,1149.62,0.01,32.66,37069.58,1
2023-08-28,2023-08-28 12:14:00,1149.62,1149.69,1149.62,1149.69,0.01,32.66,37069.58,1
2023-08-28,2023-08-28 12:15:00,1149.69,1149.75,1149.69,1149.75,0.01,32.66,37069.58,1
2023-08-28,2023-08-28 12:16:00,1149.75,1149.81,1149.75,1149.81,0.01,32.66,37069.58,1
2023-08-28,2023-08-28 12:17:00,1149.81,1149.88,1149.81,1149.88,0.01,32.66,37069.58,1
2023-08-28,2023-08-28 12:18:00,1149.88,1149.94,1149.88,1149.94,0.01,32.66,37069.58,1
2023-08-28,2023-08-28 12:19:00,1149.94,1150.0,1149.94,1150.0,0.01,32.66,37069.58,1
2023-08-28,2023-08-28 12:20:00,1150.0,1150.06,1150.0,1150.06,0.01,32.66,37069.58,1
2023-08-28,2023-08-28 12:21:00,1150.06,1150.12,1150.06,1150.12,0.01,32.66,37069.58,1
2023-08-28,2023-08-28 12:22:00,1150.12,1150.19,1150.12,1150.19,0.01,32.66,37069.58,1
2023-08-28,2023-08-28 12:23:00,1150.19,1150.25,1150.19,1150.25,0.01,32.66,37069.58,1
2023-08-28,2023-08-28 12:24:00,1150.25,1150.31,1150.25,1150.31,0.01,32.66,37069.58,1
2023-08-28,2023-08-28 12:25:00,1150.31,1150.38,1150.31,1150.38,0.01,32.66,37069.58,1
2023-08-28,2023-08-28 12:26:00,1150.38,1150.44,1150.38,1150.44,0.01,32.66,37069.58,1
2023-08-28,2023-08-28 12:27:00,1150.44,1150.5,1150.44,1150.5,0.01,32.66,37069.58,1
2023-08-28,2023-08-28 12:28:00,1150.5,1150.56,1150.5,1150.56,0.01,32.66,37069.58,1
2023-08-28,2023-08-28 12:29:00,1150.56,1150.62,1150.56,1150.62,0.01,32.66,37069.58,1
2023-08-28,2023-08-28 12:30:00,1150.62,1150.69,1150.62,1150.69,0.01,32.66,37069.58,1
2023-08-28,2023-08-28 12:31:00,1150.69,1150.75,1150.69,1150.75,0.01,32.66,37069.58,1
2023-08-28,2023-08-28 12:32:00,1150.75,1150.81,1150.75,1150.81,0.01,32.66,37069.58,1
2023-08-28,2023-08-28 12:33:00,1150.81,1150.88,1150.81,1150.88,0.01,32.66,37069.58,1
2023-08-28,2023-08-28 12:34:00,1150.88,1150.94,1150.88,1150.94,0.01,32.66,37069.58,1
2023-08-28,2023-08-28 12:35:00,1150.94,1151.0,1150.94,1151.0,0.01,32.66,37069.58,1
2023-08-28,2023-08-28 12:36:00,1151.0,1151.06,1151.0,1151.06,0.01,32.66,37069.58,1
2023-08-28,2023-08-28 12:37:00,1151.06,1151.12,1151.06,1151.12,0.01,32.66,37069.58,1
2023-08-28,2023-08-28 12:38:00,1151.12,1151.19,1151.12,1151.19,0.01,32.66,37069.58,1
2023-08-28,2023-08-28 12:39:00,1151.19,1151.25,1151.19,1151.25,0.01,32.66,37069.58,1
2023-08-28,2023-08-28 12:40:00,1151.25,1151.31,1151.25,1151.31,0.01,32.66,37069.58,1
2023-08-28,2023-08-28 12:41:00,1151.31,1151.38,1151.31,1151.38,0.01,32.66,37069.58,1
2023-08-28,2023-08-28 12:42:00,1151.38,1151.44,1151.38,1151.44,0.01,32.66,37069.58,1
2023-08-28,2023-08-28 12:43:00,1151.44,1151.5,1151.44,1151.5,0.01,32.66,37069.58,1
2023-08-28,2023-08-28 12:44:00,1151.5,1151.56,1151.5,1151.56,0.01,32.66,37069.58,1
2023-08-28,2023-08-28 12:45:00,1151.56,1151.62,1151.56,1151.62,0.01,32.66,37069.58,1
2023-08-28,2023-08-28 12:46:00,1151.62,1151.69,1151.62,1151.69,0.01,32.66,37069.58,1
2023-08-28,2023-08-28 12:47:00,1151.69,1151.75,1151.69,1151.75,0.01,32.66,37069.58,1
2023-08-28,2023-08-28 12:48:00,1151.75,1151.81,1151.75,1151.81,0.01,32.66,37069.58,1
2023-08-28,2023-08-28 12:49:00,1151.81,1151.88,1151.81,1151.88,0.01,32.66,37069.58,1
2023-08-28,2023-08-28 12:50:00,1151.88,1151.94,1151.88,1151.94,0.01,32.66,37069.58,1
2023-08-28,2023-08-28 12:51:00,1151.94,1152.0,1151.94,1152.0,0.01,32.66,37069.58,1
2023-08-28,2023-08-28 12:52:00,1152.0,1152.06,1152.0,1152.06,0.01,32.66,37069.58,1
2023-08-28,2023-08-28 12:53:00,1152.06,1152.12,1152.06,1152.12,0.01,32.66,37069.58,1
2023-08-28,2023-08-28 12:54:00,1152.12,1152.19,1152.12,1152.19,0.01,32.66,37069.58,1
2023-08-28,2023-08-28 12:55:00,1152.19,1152.25,1152.19,1152.25,0.01,32.66,37069.58,1
2023-08-28,2023-08-28 12:56:00,1152.25,1152.31,1152.25,1152.31,0.01,32.66,37069.58,1
2023-08-28,2023-08-28 12:57:00,1152.31,1152.38,1152.31,1152.38,0.01,32.66,37069.58,1
2023-08-28,2023-08-28 12:58:00,1152.38,1152.44,1152.38,1152.44,0.01,32.66,37069.58,1
2023-08-28,2023-08-28 12:59:00,1152.44,1152.5,1152.44,1152.5,0.01,32.66,37069.58,1
2023-08-28,2023-08-28 13:00:00,1152.5,1175.0,1123.0,1152.56,0.01,32.66,37069.58,1
2023-08-28,2023-08-28 13:01:00,1152.56,1152.62,1152.56,1152.62,0.01,32.66,37069.58,1
2023-08-28,2023-08-28 13:02:00,1152.62,1152.69,1152.62,1152.69,0.01,32.66,37069.58,1
2023-08-28,2023-08-28 13:03:00,1152.69,1152.75,1152.69,1152.75,0.01,32.66,37069.58,1
2023-08-28,2023-08-28 13:04:00,1152.75,1152.81,1152.75,1152.81,0.01,32.66,37069.58,1
2023-08-28,2023-08-28 13:05:00,1152.81,1152.88,1152.81,1152.88,0.01,32.66,37069.58,1
2023-08-28,2023-08-28 13:06:00,1152.88,1152.94,1152.88,1152.94,0.01,32.66,37069.58,1
2023-08-28,2023-08-28 13:07:00,1152.94,1153.0,1152.94,1153.0,0.01,32.66,37069.58,1
2023-08-28,2023-08-28 13:08:00,1153.0,1153.06,1153.0,1153.06,0.01,32.66,37069.58,1
2023-08-28,2023-08-28 13:09:00,1153.06,1153.12,1153.06,1153.12,0.01,32.66,37069.58,1
2023-08-28,2023-08-28 13:10:00,1153.12,1153.19,1153.12,1153.19,0.01,32.66,37069.58,1
2023-08-28,2023-08-28 13:11:00,1153.19,1153.25,1153.19,1153.25,0.01,32.66,37069.58,1
2023-08-28,2023-08-28 13:12:00,1153.25,1153.31,1153.25,1153.31,0.01,32.66,37069.58,1
2023-08-28,2023-08-28 13:13:00,1153.31,1153.38,1153.31,1153.38,0.01,32.66,37069.58,1
2023-08-28,2023-08-28 13:14:00,1153.38,1153.44,1153.38,1153.44,0.01,32.66,37069.58,1
2023-08-28,2023-08-28 13:15:00,1153.44,1153.5,1153.44,1153.5,0.01,32.66,37069.58,1
2023-08-28,2023-08-28 13:16:00,1153.5,1153.56,1153.5,1153.56,0.01,32.66,37069.58,1
2023-08-28,2023-08-28 13:17:00,1153.56,1153.62,1153.56,1153.62,0.01,32.66,37069.58,1
2023-08-28,2023-08-28 13:18:00,1153.62,1153.69,1153.62,1153.69,0.01,32.66,37069.58,1
2023-08-28,2023-08-28 13:19:00,1153.69,1153.75,1153.69,1153.75,0.01,32.66,37069.58,1
2023-08-28,2023-08-28 13:20:00,1153.75,1153.81,1153.75,1153.81,0.01,32.66,37069.58,1
2023-08-28,2023-08-28 13:21:00,1153.81,1153.88,1153.81,1153.88,0.01,32.66,37069.58,1
2023-08-28,2023-08-28 13:22:00,1153.88,1153.94,1153.88,1153.94,0.01,32.66,37069.58,1
2023-08-28,2023-08-28 13:23:00,1153.94,1154.0,1153.94,1154.0,0.01,32.66,37069.58,1
2023-08-28,2023-08-28 13:24:00,1154.0,1154.06,1154.0,1154.06,0.01,32.66,37069.58,1
2023-08-28,2023-08-28 13:25:00,1154.06,1154.12,1154.06,1154.12,0.01,32.66,37069.58,1
2023-08-28,2023-08-28 13:26:00,1154.12,1154.19,1154.12,1154.19,0.01,32.66,37069.58,1
2023-08-28,2023-08-28 13:27:00,1154.19,1154.25,1154.19,1154.25,0.01,32.66,37069.58,1
2023-08-28,2023-08-28 13:28:00,1154.25,1154.31,1154.25,1154.31,0.01,32.66,37069.58,1
2023-08-28,2023-08-28 13:29:00,1154.31,1154.38,1154.31,1154.38,0.01,32.66,37069.58,1
2023-08-28,2023-08-28 13:30:00,1154.38,1154.44,1154.38,1154.44,0.01,32.66,37069.58,1
2023-08-28,2023-08-28 13:31:00,1154.44,1154.5,1154.44,1154.5,0.01,32.66,37069.58,1
2023-08-28,2023-08-28 13:32:00,1154.5,1154.56,1154.5,1154.56,0.01,32.66,37069.58,1
2023-08-28,2023-08-28 13:33:00,1154.56,1154.62,1154.56,1154.62,0.01,32.66,37069.58,1
2023-08-28,2023-08-28 13:34:00,1154.62,1154.69,1154.62,1154.69,0.01,32.66,37069.58,1
2023-08-28,2023-08-28 13:35:00,1154.69,1154.75,1154.69,1154.75,0.01,32.66,37069.58,1
2023-08-28,2023-08-28 13:36:00,1154.75,1154.81,1154.75,1154.81,0.01,32.66,37069.58,1
2023-08-28,2023-08-28 13:37:00,1154.81,1154.88,1154.81,1154.88,0.01,32.66,37069.58,1
2023-08-28,2023-08-28 13:38:00,1154.88,1154.94,1154.88,1154.94,0.01,32.66,37069.58,1
2023-08-28,2023-08-28 13:39:00,1154.94,1155.0,1154.94,1155.0,0.01,32.66,37069.58,1
2023-08-28,2023-08-28 13:40:00,1155.0,1155.06,1155.0,1155.06,0.01,32.66,37069.58,1
2023-08-28,2023-08-28 13:41:00,1155.06,1155.12,1155.06,1155.12,0.01,32.66,37069.58,1
2023-08-28,2023-08-28 13:42:00,1155.12,1155.19,1155.12,1155.19,0.01,32.66,37069.58,1
2023-08-28,2023-08-28 13:43:00,1155.19,1155.25,1155.19,1155.25,0.01,32.66,37069.58,1
2023-08-28,2023-08-28 13:44:00,1155.25,1155.31,1155.25,1155.31,0.01,32.66,37069.58,1
2023-08-28,2023-08-28 13:45:00,1155.31,1155.38,1155.31,1155.38,0.01,32.66,37069.58,1
2023-08-28,2023-08-28 13:46:00,1155.38,1155.44,1155.38,1155.44,0.01,32.66,37069.58,1
2023-08-28,2023-08-28 13:47:00,1155.44,1155.5,1155.44,1155.5,0.01,32.66,37069.58,1
2023-08-28,2023-08-28 13:48:00,1155.5,1155.56,1155.5,1155.56,0.01,32.66,37069.58,1
2023-08-28,2023-08-28 13:49:00,1155.56,1155.62,1155.56,1155.62,0.01,32.66,37069.58,1
2023-08-28,2023-08-28 13:50:00,1155.62,1155.69,1155.62,1155.69,0.01,32.66,37069.58,1
2023-08-28,2023-08-28 13:51:00,1155.69,1155.75,1155.69,1155.75,0.01,32.66,37069.58,1
2023-08-28,2023-08-28 13:52:00,1155.75,1155.81,1155.75,1155.81,0.01,32.66,37069.58,1
2023-08-28,2023-08-28 13:53:00,1155.81,1155.88,1155.81,1155.88,0.01,32.66,37069.58,1
2023-08-28,2023-08-28 13:54:00,1155.88,1155.94,1155.88,1155.94,0.01,32.66,37069.58,1
2023-08-28,2023-08-28 13:55:00,1155.94,1156.0,1155.94,1156.0,0.01,32.66,37069.58,1
2023-08-28,2023-08-28 13:56:00,1156.0,1156.06,1156.0,1156.06,0.01,32.66,37069.58,1
2023-08-28,2023-08-28 13:57:00,1156.06,1156.12,1156.06,1156.12,0.01,32.66,37069.58,1
2023-08-28,2023-08-28 13:58:00,1156.12,1156.19,1156.12,1156.19,0.01,32.66,37069.58,1
2023-08-28,2023-08-28 13:59:00,1156.19,1156.25,1156.19,1156.25,0.01,32.66,37069.58,1
2023-08-28,2023-08-28 14:00:00,1156.25,1156.31,1156.25,1156.31,0.01,32.66,37069.58,1
2023-08-28,2023-08-28 14:01:00,1156.31,1156.38,1156.31,1156.38,0.01,32.66,37069.58,1
2023-08-28,2023-08-28 14:02:00,1156.38,1156.44,1156.38,1156.44,0.01,32.66,37069.58,1
2023-08-28,2023-08-28 14:03:00,1156.44,1156.5,1156.44,1156.5,0.01,32.66,37069.58,1
2023-08-28,2023-08-28 14:04:00,1156.5,1156.56,1156.5,1156.56,0.01,32.66,37069.58,1
2023-08-28,2023-08-28 14:05:00,1156.56,1156.62,1156.56,1156.62,0.01,32.66,37069.58,1
2023-08-28,2023-08-28 14:06:00,1156.62,1156.69,1156.62,1156.69,0.01,32.66,37069.58,1
2023-08-28,2023-08-28 14:07:00,1156.69,1156.75,1156.69,1156.75,0.01,32.66,37069.58,1
2023-08-28,2023-08-28 14:08:00,1156.75,1156.81,1156.75,1156.81,0.01,32.66,37069.58,1
2023-08-28,2023-08-28 14:09:00,1156.81,1156.88,1156.81,1156.88,0.01,32.66,37069.58,1
2023-08-28,2023-08-28 14:10:00,1156.88,1156.94,1156.88,1156.94,0.01,32.66,37069.58,1
2023-08-28,2023-08-28 14:11:00,1156.94,1157.0,1156.94,1157.0,0.01,32.66,37069.58,1
2023-08-28,2023-08-28 14:12:00,1157.0,1157.06,1157.0,1157.06,0.01,32.66,37069.58,1
2023-08-28,2023-08-28 14:13:00,1157.06,1157.12,1157.06,1157.12,0.01,32.66,37069.58,1
2023-08-28,2023-08-28 14:14:00,1157.12,1157.19,1157.12,1157.19,0.01,32.66,37069.58,1
2023-08-28,2023-08-28 14:15:00,1157.19,1157.25,1157.19,1157.25,0.01,32.66,37069.58,1
2023-08-28,2023-08-28 14:16:00,1157.25,1157.31,1157.25,1157.31,0.01,32.66,37069.58,1
2023-08-28,2023-08-28 14:17:00,1157.31,1157.38,1157.31,1157.38,0.01,32.66,37069.58,1
2023-08-28,2023-08-28 14:18:00,1157.38,1157.44,1157.38,1157.44,0.01,32.66,37069.58,1
2023-08-28,2023-08-28 14:19:00,1157.44,1157.5,1157.44,1157.5,0.01,32.66,37069.58,1
2023-08-28,2023-08-28 14:20:00,1157.5,1157.56,1157.5,1157.56,0.01,32.66,37069.58,1
2023-08-28,2023-08-28 14:21:00,1157.56,1157.62,1157.56,1157.62,0.01,32.66,37069.58,1
2023-08-28,2023-08-28 14:22:00,1157.62,1157.69,1157.62,1157.69,0.01,32.66,37069.58,1
2023-08-28,2023-08-28 14:23:00,1157.69,1157.75,1157.69,1157.75,0.01,32.66,37069.58,1
2023-08-28,2023-08-28 14:24:00,1157.75,1157.81,1157.75,1157.81,0.01,32.66,37069.58,1
2023-08-28,2023-08-28 14:25:00,1157.81,1157.88,1157.81,1157.88,0.01,32.66,37069.58,1
2023-08-28,2023-08-28 14:26:00,1157.88,1157.94,1157.88,1157.94,0.01,32.66,37069.58,1
2023-08-28,2023-08-28 14:27:00,1157.94,1158.0,1157.94,1158.0,0.01,32.66,37069.58,1
2023-08-28,2023-08-28 14:28:00,1158.0,1158.06,1158.0,1158.06,0.01,32.66,37069.58,1
2023-08-28,2023-08-28 14:29:00,1158.06,1158.12,1158.06,1158.12,0.01,32.66,37069.58,1
2023-08-28,2023-08-28 14:30:00,1158.12,1158.19,1158.12,1158.19,0.01,32.66,37069.58,1
2023-08-28,2023-08-28 14:31:00,1158.19,1158.25,1158.19,1158.25,0.01,32.66,37069.58,1
2023-08-28,2023-08-28 14:32:00,1158.25,1158.31,1158.25,1158.31,0.01,32.66,37069.58,1
2023-08-28,2023-08-28 14:33:00,1158.31,1158.38,1158.31,1158.38,0.01,32.66,37069.58,1
2023-08-28,2023-08-28 14:34:00,1158.38,1158.44,1158.38,1158.44,0.01,32.66,37069.58,1
2023-08-28,2023-08-28 14:35:00,1158.44,1158.5,1158.44,1158.5,0.01,32.66,37069.58,1
2023-08-28,2023-08-28 14:36:00,1158.5,1158.56,1158.5,1158.56,0.01,32.66,37069.58,1
2023-08-28,2023-08-28 14:37:00,1158.56,1158.62,1158.56,1158.62,0.01,32.66,37069.58,1
2023-08-28,2023-08-28 14:38:00,1158.62,1158.69,1158.62,1158.69,0.01,32.66,37069.58,1
2023-08-28,2023-08-28 14:39:00,1158.69,1158.75,1158.69,1158.75,0.01,32.66,37069.58,1
2023-08-28,2023-08-28 14:40:00,1158.75,1158.81,1158.75,1158.81,0.01,32.66,37069.58,1
2023-08-28,2023-08-28 14:41:00,1158.81,1158.88,1158.81,1158.88,0.01,32.66,37069.58,1
2023-08-28,2023-08-28 14:42:00,1158.88,1158.94,1158.88,1158.94,0.01,32.66,37069.58,1
2023-08-28,2023-08-28 14:43:00,1158.94,1159.0,1158.94,1159.0,0.01,32.66,37069.58,1
2023-08-28,2023-08-28 14:44:00,1159.0,1159.06,1159.0,1159.06,0.01,32.66,37069.58,1
2023-08-28,2023-08-28 14:45:00,1159.06,1159.12,1159.06,1159.12,0.01,32.66,37069.58,1
2023-08-28,2023-08-28 14:46:00,1159.12,1159.19,1159.12,1159.19,0.01,32.66,37069.58,1
2023-08-28,2023-08-28 14:47:00,1159.19,1159.25,1159.19,1159.25,0.01,32.66,37069.58,1
2023-08-28,2023-08-28 14:48:00,1159.25,1159.31,1159.25,1159.31,0.01,32.66,37069.58,1
2023-08-28,2023-08-28 14:49:00,1159.31,1159.38,1159.31,1159.38,0.01,32.66,37069.58,1
2023-08-28,2023-08-28 14:50:00,1159.38,1159.44,1159.38,1159.44,0.01,32.66,37069.58,1
2023-08-28,2023-08-28 14:51:00,1159.44,1159.5,1159.44,1159.5,0.01,32.66,37069.58,1
2023-08-28,2023-08-28 14:52:00,1159.5,1159.56,1159.5,1159.56,0.01,32.66,37069.58,1
2023-08-28,2023-08-28 14:53:00,1159.56,1159.62,1159.56,1159.62,0.01,32.66,37069.58,1
2023-08-28,2023-08-28 14:54:00,1159.62,1159.69,1159.62,1159.69,0.01,32.66,37069.58,1
2023-08-28,2023-08-28 14:55:00,1159.69,1159.75,1159.69,1159.75,0.01,32.66,37069.58,1
2023-08-28,2023-08-28 14:56:00,1159.75,1159.81,1159.75,1159.81,0.01,32.66,37069.58,1
2023-08-28,2023-08-28 14:57:00,1159.81,1159.88,1159.81,1159.88,0.01,32.66,37069.58,1
2023-08-28,2023-08-28 14:58:00,1159.88,1159.94,1159.88,1159.94,0.01,32.66,37069.58,1
2023-08-28,2023-08-28 14:59:00,1159.94,1160.0,1159.94,1160.0,0.01,32.66,37069.58,1
2023-08-28,2023-08-28 15:00:00,1160.0,1175.0,1123.0,1160.0,0.0,32.66,37069.58,0
2023-08-29,2023-08-29 11:00:00,1180.0,1180.0,1161.1,1179.86,-0.01,6.36,7181.29,-1
2023-08-29,2023-08-29 11:01:00,1179.86,1179.86,1179.72,1179.72,-0.01,6.36,7181.29,-1
2023-08-29,2023-08-29 11:02:00,1179.72,1179.72,1179.58,1179.58,-0.01,6.36,7181.29,-1
2023-08-29,2023-08-29 11:03:00,1179.58,1179.58,1179.43,1179.43,-0.01,6.36,7181.29,-1
2023-08-29,2023-08-29 11:04:00,1179.43,1179.43,1179.29,1179.29,-0.01,6.36,7181.29,-1
2023-08-29,2023-08-29 11:05:00,1179.29,1179.29,1179.15,1179.15,-0.01,6.36,7181.29,-1
2023-08-29,2023-08-29 11:06:00,1179.15,1179.15,1179.01,1179.01,-0.01,6.36,7181.29,-1
2023-08-29,2023-08-29 11:07:00,1179.01,1179.01,1178.87,1178.87,-0.01,6.36,7181.29,-1
2023-08-29,2023-08-29 11:08:00,1178.87,1178.87,1178.72,1178.72,-0.01,6.36,7181.29,-1
2023-08-29,2023-08-29 11:09:00,1178.72,1178.72,1178.58,1178.58,-0.01,6.36,7181.29,-1
2023-08-29,2023-08-29 11:10:00,1178.58,1178.58,1178.44,1178.44,-0.01,6.36,7181.29,-1
2023-08-29,2023-08-29 11:11:00,1178.44,1178.44,1178.3,1178.3,-0.01,6.36,7181.29,-1
2023-08-29,2023-08-29 11:12:00,1178.3,1178.3,1178.16,1178.16,-0.01,6.36,7181.29,-1
2023-08-29,2023-08-29 11:13:00,1178.16,1178.16,1178.02,1178.02,-0.01,6.36,7181.29,-1
2023-08-29,2023-08-29 11:14:00,1178.02,1178.02,1177.88,1177.88,-0.01,6.36,7181.29,-1
2023-08-29,2023-08-29 11:15:00,1177.88,1177.88,1177.73,1177.73,-0.01,6.36,7181.29,-1
2023-08-29,2023-08-29 11:16:00,1177.73,1177.73,1177.59,1177.59,-0.01,6.36,7181.29,-1
2023-08-29,2023-08-29 11:17:00,1177.59,1177.59,1177.45,1177.45,-0.01,6.36,7181.29,-1
2023-08-29,2023-08-29 11:18:00,1177.45,1177.45,1177.31,1177.31,-0.01,6.36,7181.29,-1
2023-08-29,2023-08-29 11:19:00,1177.31,1177.31,1177.17,1177.17,-0.01,6.36,7181.29,-1
2023-08-29,2023-08-29 11:20:00,1177.17,1177.17,1177.03,1177.03,-0.01,6.36,7181.29,-1
2023-08-29,2023-08-29 11:21:00,1177.03,1177.03,1176.88,1176.88,-0.01,6.36,7181.29,-1
2023-08-29,2023-08-29 11:22:00,1176.88,1176.88,1176.74,1176.74,-0.01,6.36,7181.29,-1
2023-08-29,2023-08-29 11:23:00,1176.74,1176.74,1176.6,1176.6,-0.01,6.36,7181.29,-1
2023-08-29,2023-08-29 11:24:00,1176.6,1176.6,1176.46,1176.46,-0.01,6.36,7181.29,-1
2023-08-29,2023-08-29 11:25:00,1176.46,1176.46,1176.32,1176.32,-0.01,6.36,7181.29,-1
2023-08-29,2023-08-29 11:26:00,1176.32,1176.32,1176.17,1176.17,-0.01,6.36,7181.29,-1
2023-08-29,2023-08-29 11:27:00,1176.17,1176.17,1176.03,1176.03,-0.01,6.36,7181.29,-1
2023-08-29,2023-08-29 11:28:00,1176.03,1176.03,1175.89,1175.89,-0.01,6.36,7181.29,-1
2023-08-29,2023-08-29 11:29:00,1175.89,1175.89,1175.75,1175.75,-0.01,6.36,7181.29,-1
2023-08-29,2023-08-29 11:30:00,1175.75,1175.75,1175.61,1175.61,-0.01,6.36,7181.29,-1
2023-08-29,2023-08-29 11:31:00,1175.61,1175.61,1175.47,1175.47,-0.01,6.36,7181.29,-1
2023-08-29,2023-08-29 11:32:00,1175.47,1175.47,1175.33,1175.33,-0.01,6.36,7181.29,-1
2023-08-29,2023-08-29 11:33:00,1175.33,1175.33,1175.18,1175.18,-0.01,6.36,7181.29,-1
2023-08-29,2023-08-29 11:34:00,1175.18,1175.18,1175.04,1175.04,-0.01,6.36,7181.29,-1
2023-08-29,2023-08-29 11:35:00,1175.04,1175.04,1174.9,1174.9,-0.01,6.36,7181.29,-1
2023-08-29,2023-08-29 11:36:00,1174.9,1174.9,1174.76,1174.76,-0.01,6.36,7181.29,-1
2023-08-29,2023-08-29 11:37:00,1174.76,1174.76,1174.62,1174.62,-0.01,6.36,7181.29,-1
2023-08-29,2023-08-29 11:38:00,1174.62,1174.62,1174.47,1174.47,-0.01,6.36,7181.29,-1
2023-08-29,2023-08-29 11:39:00,1174.47,1174.47,1174.33,1174.33,-0.01,6.36,7181.29,-1
2023-08-29,2023-08-29 11:40:00,1174.33,1174.33,1174.19,1174.19,-0.01,6.36,7181.29,-1
2023-08-29,2023-08-29 11:41:00,1174.19,1174.19,1174.05,1174.05,-0.01,6.36,7181.29,-1
2023-08-29,2023-08-29 11:42:00,1174.05,1174.05,1173.91,1173.91,-0.01,6.36,7181.29,-1
2023-08-29,2023-08-29 11:43:00,1173.91,1173.91,1173.77,1173.77,-0.01,6.36,7181.29,-1
2023-08-29,2023-08-29 11:44:00,1173.77,1173.77,1173.62,1173.62,-0.01,6.36,7181.29,-1
2023-08-29,2023-08-29 11:45:00,1173.62,1173.62,1173.48,1173.48,-0.01,6.36,7181.29,-1
2023-08-29,2023-08-29 11:46:00,1173.48,1173.48,1173.34,1173.34,-0.01,6.36,7181.29,-1
2023-08-29,2023-08-29 11:47:00,1173.34,1173.34,1173.2,1173.2,-0.01,6.36,7181.29,-1
2023-08-29,2023-08-29 11:48:00,1173.2,1173.2,1173.06,1173.06,-0.01,6.36,7181.29,-1
2023-08-29,2023-08-29 11:49:00,1173.06,1173.06,1172.92,1172.92,-0.01,6.36,7181.29,-1
2023-08-29,2023-08-29 11:50:00,1172.92,1172.92,1172.78,1172.78,-0.01,6.36,7181.29,-1
2023-08-29,2023-08-29 11:51:00,1172.78,1172.78,1172.63,1172.63,-0.01,6.36,7181.29,-1
2023-08-29,2023-08-29 11:52:00,1172.63,1172.63,1172.49,1172.49,-0.01,6.36,7181.29,-1
2023-08-29,2023-08-29 11:53:00,1172.49,1172.49,1172.35,1172.35,-0.01,6.36,7181.29,-1
2023-08-29,2023-08-29 11:54:00,1172.35,1172.35,1172.21,1172.21,-0.01,6.36,7181.29,-1
2023-08-29,2023-08-29 11:55:00,1172.21,1172.21,1172.07,1172.07,-0.01,6.36,7181.29,-1
2023-08-29,2023-08-29 11:56:00,1172.07,1172.07,1171.92,1171.92,-0.01,6.36,7181.29,-1
2023-08-29,2023-08-29 11:57:00,1171.92,1171.92,1171.78,1171.78,-0.01,6.36,7181.29,-1
2023-08-29,2023-08-29 11:58:00,1171.78,1171.78,1171.64,1171.64,-0.01,6.36,7181.29,-1
2023-08-29,2023-08-29 11:59:00,1171.64,1171.64,1171.5,1171.5,-0.01,6.36,7181.29,-1
2023-08-29,2023-08-29 12:00:00,1171.5,1171.5,1171.36,1171.36,-0.01,6.36,7181.29,-1
2023-08-29,2023-08-29 12:01:00,1171.36,1171.36,1171.22,1171.22,-0.01,6.36,7181.29,-1
2023-08-29,2023-08-29 12:02:00,1171.22,1171.22,1171.08,1171.08,-0.01,6.36,7181.29,-1
2023-08-29,2023-08-29 12:03:00,1171.08,1171.08,1170.93,1170.93,-0.01,6.36,7181.29,-1
2023-08-29,2023-08-29 12:04:00,1170.93,1170.93,1170.79,1170.79,-0.01,6.36,7181.29,-1
2023-08-29,2023-08-29 12:05:00,1170.79,1170.79,1170.65,1170.65,-0.01,6.36,7181.29,-1
2023-08-29,2023-08-29 12:06:00,1170.65,1170.65,1170.51,1170.51,-0.01,6.36,7181.29,-1
2023-08-29,2023-08-29 12:07:00,1170.51,1170.51,1170.37,1170.37,-0.01,6.36,7181.29,-1
2023-08-29,2023-08-29 12:08:00,1170.37,1170.37,1170.22,1170.22,-0.01,6.36,7181.29,-1
2023-08-29,2023-08-29 12:09:00,1170.22,1170.22,1170.08,1170.08,-0.01,6.36,7181.29,-1
2023-08-29,2023-08-29 12:10:00,1170.08,1170.08,1169.94,1169.94,-0.01,6.36,7181.29,-1
2023-08-29,2023-08-29 12:11:00,1169.94,1169.94,1169.8,1169.8,-0.01,6.36,7181.29,-1
2023-08-29,2023-08-29 12:12:00,1169.8,1169.8,1169.66,1169.66,-0.01,6.36,7181.29,-1
2023-08-29,2023-08-29 12:13:00,1169.66,1169.66,1169.52,1169.52,-0.01,6.36,7181.29,-1
2023-08-29,2023-08-29 12:14:00,1169.52,1169.52,1169.38,1169.38,-0.01,6.36,7181.29,-1
2023-08-29,2023-08-29 12:15:00,1169.38,1169.38,1169.23,1169.23,-0.01,6.36,7181.29,-1
2023-08-29,2023-08-29 12:16:00,1169.23,1169.23,1169.09,1169.09,-0.01,6.36,7181.29,-1
2023-08-29,2023-08-29 12:17:00,1169.09,1169.09,1168.95,1168.95,-0.01,6.36,7181.29,-1
2023-08-29,2023-08-29 12:18:00,1168.95,1168.95,1168.81,1168.81,-0.01,6.36,7181.29,-1
2023-08-29,2023-08-29 12:19:00,1168.81,1168.81,1168.67,1168.67,-0.01,6.36,7181.29,-1
2023-08-29,2023-08-29 12:20:00,1168.67,1168.67,1168.53,1168.53,-0.01,6.36,7181.29,-1
2023-08-29,2023-08-29 12:21:00,1168.53,1168.53,1168.38,1168.38,-0.01,6.36,7181.29,-1
2023-08-29,2023-08-29 12:22:00,1168.38,1168.38,1168.24,1168.24,-0.01,6.36,7181.29,-1
2023-08-29,2023-08-29 12:23:00,1168.24,1168.24,1168.1,1168.1,-0.01,6.36,7181.29,-1
2023-08-29,2023-08-29 12:24:00,1168.1,1168.1,1167.96,1167.96,-0.01,6.36,7181.29,-1
2023-08-29,2023-08-29 12:25:00,1167.96,1167.96,1167.82,1167.82,-0.01,6.36,7181.29,-1
2023-08-29,2023-08-29 12:26:00,1167.82,1167.82,1167.67,1167.67,-0.01,6.36,7181.29,-1
2023-08-29,2023-08-29 12:27:00,1167.67,1167.67,1167.53,1167.53,-0.01,6.36,7181.29,-1
2023-08-29,2023-08-29 12:28:00,1167.53,1167.53,1167.39,1167.39,-0.01,6.36,7181.29,-1
2023-08-29,2023-08-29 12:29:00,1167.39,1167.39,1167.25,1167.25,-0.01,6.36,7181.29,-1
2023-08-29,2023-08-29 12:30:00,1167.25,1167.25,1167.11,1167.11,-0.01,6.36,7181.29,-1
2023-08-29,2023-08-29 12:31:00,1167.11,1167.11,1166.97,1166.97,-0.01,6.36,7181.29,-1
2023-08-29,2023-08-29 12:32:00,1166.97,1166.97,1166.83,1166.83,-0.01,6.36,7181.29,-1
2023-08-29,2023-08-29 12:33:00,1166.83,1166.83,1166.68,1166.68,-0.01,6.36,7181.29,-1
2023-08-29,2023-08-29 12:34:00,1166.68,1166.68,1166.54,1166.54,-0.01,6.36,7181.29,-1
2023-08-29,2023-08-29 12:35:00,1166.54,1166.54,1166.4,1166.4,-0.01,6.36,7181.29,-1
2023-08-29,2023-08-29 12:36:00,1166.4,1166.4,1166.26,1166.26,-0.01,6.36,7181.29,-1
2023-08-29,2023-08-29 12:37:00,1166.26,1166.26,1166.12,1166.12,-0.01,6.36,7181.29,-1
2023-08-29,2023-08-29 12:38:00,1166.12,1166.12,1165.97,1165.97,-0.01,6.36,7181.29,-1
2023-08-29,2023-08-29 12:39:00,1165.97,1165.97,1165.83,1165.83,-0.01,6.36,7181.29,-1
2023-08-29,2023-08-29 12:40:00,1165.83,1165.83,1165.69,1165.69,-0.01,6.36,7181.29,-1
2023-08-29,2023-08-29 12:41:00,1165.69,1165.69,1165.55,1165.55,-0.01,6.36,7181.29,-1
2023-08-29,2023-08-29 12:42:00,1165.55,1165.55,1165.41,1165.41,-0.01,6.36,7181.29,-1
2023-08-29,2023-08-29 12:43:00,1165.41,1165.41,1165.27,1165.27,-0.01,6.36,7181.29,-1
2023-08-29,2023-08-29 12:44:00,1165.27,1165.27,1165.12,1165.12,-0.01,6.36,7181.29,-1
2023-08-29,2023-08-29 12:45:00,1165.12,1165.12,1164.98,1164.98,-0.01,6.36,7181.29,-1
2023-08-29,2023-08-29 12:46:00,1164.98,1164.98,1164.84,1164.84,-0.01,6.36,7181.29,-1
2023-08-29,2023-08-29 12:47:00,1164.84,1164.84,1164.7,1164.7,-0.01,6.36,7181.29,-1
2023-08-29,2023-08-29 12:48:00,1164.7,1164.7,1164.56,1164.56,-0.01,6.36,7181.29,-1
2023-08-29,2023-08-29 12:49:00,1164.56,1164.56,1164.42,1164.42,-0.01,6.36,7181.29,-1
2023-08-29,2023-08-29 12:50:00,1164.42,1164.42,1164.28,1164.28,-0.01,6.36,7181.29,-1
2023-08-29,2023-08-29 12:51:00,1164.28,1164.28,1164.13,1164.13,-0.01,6.36,7181.29,-1
2023-08-29,2023-08-29 12:52:00,1164.13,1164.13,1163.99,1163.99,-0.01,6.36,7181.29,-1
2023-08-29,2023-08-29 12:53:00,1163.99,1163.99,1163.85,1163.85,-0.01,6.36,7181.29,-1
2023-08-29,2023-08-29 12:54:00,1163.85,1163.85,1163.71,1163.71,-0.01,6.36,7181.29,-1
2023-08-29,2023-08-29 12:55:00,1163.71,1163.71,1163.57,1163.57,-0.01,6.36,7181.29,-1
2023-08-29,2023-08-29 12:56:00,1163.57,1163.57,1163.42,1163.42,-0.01,6.36,7181.29,-1
2023-08-29,2023-08-29 12:57:00,1163.42,1163.42,1163.28,1163.28,-0.01,6.36,7181.29,-1
2023-08-29,2023-08-29 12:58:00,1163.28,1163.28,1163.14,1163.14,-0.01,6.36,7181.29,-1
2023-08-29,2023-08-29 12:59:00,1163.14,1163.14,1163.0,1163.0,-0.01,6.36,7181.29,-1
2023-08-29,2023-08-29 13:00:00,1163.0,1180.0,1117.0,1162.86,-0.01,6.36,7181.29,-1
2023-08-29,2023-08-29 13:01:00,1162.86,1162.86,1162.72,1162.72,-0.01,6.36,7181.29,-1
2023-08-29,2023-08-29 13:02:00,1162.72,1162.72,1162.58,1162.58,-0.01,6.36,7181.29,-1
2023-08-29,2023-08-29 13:03:00,1162.58,1162.58,1162.43,1162.43,-0.01,6.36,7181.29,-1
2023-08-29,2023-08-29 13:04:00,1162.43,1162.43,1162.29,1162.29,-0.01,6.36,7181.29,-1
2023-08-29,2023-08-29 13:05:00,1162.29,1162.29,1162.15,1162.15,-0.01,6.36,7181.29,-1
2023-08-29,2023-08-29 13:06:00,1162.15,1162.15,1162.01,1162.01,-0.01,6.36,7181.29,-1
2023-08-29,2023-08-29 13:07:00,1162.01,1162.01,1161.87,1161.87,-0.01,6.36,7181.29,-1
2023-08-29,2023-08-29 13:08:00,1161.87,1161.87,1161.72,1161.72,-0.01,6.36,7181.29,-1
2023-08-29,2023-08-29 13:09:00,1161.72,1161.72,1161.58,1161.58,-0.01,6.36,7181.29,-1
2023-08-29,2023-08-29 13:10:00,1161.58,1161.58,1161.44,1161.44,-0.01,6.36,7181.29,-1
2023-08-29,2023-08-29 13:11:00,1161.44,1161.44,1161.3,1161.3,-0.01,6.36,7181.29,-1
2023-08-29,2023-08-29 13:12:00,1161.3,1161.3,1161.16,1161.16,-0.01,6.36,7181.29,-1
2023-08-29,2023-08-29 13:13:00,1161.16,1161.16,1161.02,1161.02,-0.01,6.36,7181.29,-1
2023-08-29,2023-08-29 13:14:00,1161.02,1161.02,1160.88,1160.88,-0.01,6.36,7181.29,-1
2023-08-29,2023-08-29 13:15:00,1160.88,1160.88,1160.73,1160.73,-0.01,6.36,7181.29,-1
2023-08-29,2023-08-29 13:16:00,1160.73,1160.73,1160.59,1160.59,-0.01,6.36,7181.29,-1
2023-08-29,2023-08-29 13:17:00,1160.59,1160.59,1160.45,1160.45,-0.01,6.36,7181.29,-1
2023-08-29,2023-08-29 13:18:00,1160.45,1160.45,1160.31,1160.31,-0.01,6.36,7181.29,-1
2023-08-29,2023-08-29 13:19:00,1160.31,1160.31,1160.17,1160.17,-0.01,6.36,7181.29,-1
2023-08-29,2023-08-29 13:20:00,1160.17,1160.17,1160.03,1160.03,-0.01,6.36,7181.29,-1
2023-08-29,2023-08-29 13:21:00,1160.03,1160.03,1159.88,1159.88,-0.01,6.36,7181.29,-1
2023-08-29,2023-08-29 13:22:00,1159.88,1159.88,1159.74,1159.74,-0.01,6.36,7181.29,-1
2023-08-29,2023-08-29 13:23:00,1159.74,1159.74,1159.6,1159.6,-0.01,6.36,7181.29,-1
2023-08-29,2023-08-29 13:24:00,1159.6,1159.6,1159.46,1159.46,-0.01,6.36,7181.29,-1
2023-08-29,2023-08-29 13:25:00,1159.46,1159.46,1159.32,1159.32,-0.01,6.36,7181.29,-1
2023-08-29,2023-08-29 13:26:00,1159.32,1159.32,1159.17,1159.17,-0.01,6.36,7181.29,-1
2023-08-29,2023-08-29 13:27:00,1159.17,1159.17,1159.03,1159.03,-0.01,6.36,7181.29,-1
2023-08-29,2023-08-29 13:28:00,1159.03,1159.03,1158.89,1158.89,-0.01,6.36,7181.29,-1
2023-08-29,2023-08-29 13:29:00,1158.89,1158.89,1158.75,1158.75,-0.01,6.36,7181.29,-1
2023-08-29,2023-08-29 13:30:00,1158.75,1158.75,1158.61,1158.61,-0.01,6.36,7181.29,-1
2023-08-29,2023-08-29 13:31:00,1158.61,1158.61,1158.47,1158.47,-0.01,6.36,7181.29,-1
2023-08-29,2023-08-29 13:32:00,1158.47,1158.47,1158.33,1158.33,-0.01,6.36,7181.29,-1
2023-08-29,2023-08-29 13:33:00,1158.33,1158.33,1158.18,1158.18,-0.01,6.36,7181.29,-1
2023-08-29,2023-08-29 13:34:00,1158.18,1158.18,1158.04,1158.04,-0.01,6.36,7181.29,-1
2023-08-29,2023-08-29 13:35:00,1158.04,1158.04,1157.9,1157.9,-0.01,6.36,7181.29,-1
2023-08-29,2023-08-29 13:36:00,1157.9,1157.9,1157.76,1157.76,-0.01,6.36,7181.29,-1
2023-08-29,2023-08-29 13:37:00,1157.76,1157.76,1157.62,1157.62,-0.01,6.36,7181.29,-1
2023-08-29,2023-08-29 13:38:00,1157.62,1157.62,1157.47,1157.47,-0.01,6.36,7181.29,-1
2023-08-29,2023-08-29 13:39:00,1157.47,1157.47,1157.33,1157.33,-0.01,6.36,7181.29,-1
2023-08-29,2023-08-29 13:40:00,1157.33,1157.33,1157.19,1157.19,-0.01,6.36,7181.29,-1
2023-08-29,2023-08-29 13:41:00,1157.19,1157.19,1157.05,1157.05,-0.01,6.36,7181.29,-1
2023-08-29,2023-08-29 13:42:00,1157.05,1157.05,1156.91,1156.91,-0.01,6.36,7181.29,-1
2023-08-29,2023-08-29 13:43:00,1156.91,1156.91,1156.77,1156.77,-0.01,6.36,7181.29,-1
2023-08-29,2023-08-29 13:44:00,1156.77,1156.77,1156.62,1156.62,-0.01,6.36,7181.29,-1
2023-08-29,2023-08-29 13:45:00,1156.62,1156.62,1156.48,1156.48,-0.01,6.36,7181.29,-1
2023-08-29,2023-08-29 13:46:00,1156.48,1156.48,1156.34,1156.34,-0.01,6.36,7181.29,-1
2023-08-29,2023-08-29 13:47:00,1156.34,1156.34,1156.2,1156.2,-0.01,6.36,7181.29,-1
2023-08-29,2023-08-29 13:48:00,1156.2,1156.2,1156.06,1156.06,-0.01,6.36,7181.29,-1
2023-08-29,2023-08-29 13:49:00,1156.06,1156.06,1155.92,1155.92,-0.01,6.36,7181.29,-1
2023-08-29,2023-08-29 13:50:00,1155.92,1155.92,1155.78,1155.78,-0.01,6.36,7181.29,-1
2023-08-29,2023-08-29 13:51:00,1155.78,1155.78,1155.63,1155.63,-0.01,6.36,7181.29,-1
2023-08-29,2023-08-29 13:52:00,1155.63,1155.63,1155.49,1155.49,-0.01,6.36,7181.29,-1
2023-08-29,2023-08-29 13:53:00,1155.49,1155.49,1155.35,1155.35,-0.01,6.36,7181.29,-1
2023-08-29,2023-08-29 13:54:00,1155.35,1155.35,1155.21,1155.21,-0.01,6.36,7181.29,-1
2023-08-29,2023-08-29 13:55:00,1155.21,1155.21,1155.07,1155.07,-0.01,6.36,7181.29,-1
2023-08-29,2023-08-29 13:56:00,1155.07,1155.07,1154.92,1154.92,-0.01,6.36,7181.29,-1
2023-08-29,2023-08-29 13:57:00,1154.92,1154.92,1154.78,1154.78,-0.01,6.36,7181.29,-1
2023-08-29,2023-08-29 13:58:00,1154.78,1154.78,1154.64,1154.64,-0.01,6.36,7181.29,-1
2023-08-29,2023-08-29 13:59:00,1154.64,1154.64,1154.5,1154.5,-0.01,6.36,7181.29,-1
2023-08-29,2023-08-29 14:00:00,1154.5,1154.5,1154.36,1154.36,-0.01,6.36,7181.29,-1
2023-08-29,2023-08-29 14:01:00,1154.36,1154.36,1154.22,1154.22,-0.01,6.36,7181.29,-1
2023-08-29,2023-08-29 14:02:00,1154.22,1154.22,1154.08,1154.08,-0.01,6.36,7181.29,-1
2023-08-29,2023-08-29 14:03:00,1154.08,1154.08,1153.93,1153.93,-0.01,6.36,7181.29,-1
2023-08-29,2023-08-29 14:04:00,1153.93,1153.93,1153.79,1153.79,-0.01,6.36,7181.29,-1
2023-08-29,2023-08-29 14:05:00,1153.79,1153.79,1153.65,1153.65,-0.01,6.36,7181.29,-1
2023-08-29,2023-08-29 14:06:00,1153.65,1153.65,1153.51,1153.51,-0.01,6.36,7181.29,-1
2023-08-29,2023-08-29 14:07:00,1153.51,1153.51,1153.37,1153.37,-0.01,6.36,7181.29,-1
2023-08-29,2023-08-29 14:08:00,1153.37,1153.37,1153.22,1153.22,-0.01,6.36,7181.29,-1
2023-08-29,2023-08-29 14:09:00,1153.22,1153.22,1153.08,1153.08,-0.01,6.36,7181.29,-1
2023-08-29,2023-08-29 14:10:00,1153.08,1153.08,1152.94,1152.94,-0.01,6.36,7181.29,-1
2023-08-29,2023-08-29 14:11:00,1152.94,1152.94,1152.8,1152.8,-0.01,6.36,7181.29,-1
2023-08-29,2023-08-29 14:12:00,1152.8,1152.8,1152.66,1152.66,-0.01,6.36,7181.29,-1
2023-08-29,2023-08-29 14:13:00,1152.66,1152.66,1152.52,1152.52,-0.01,6.36,7181.29,-1
2023-08-29,2023-08-29 14:14:00,1152.52,1152.52,1152.38,1152.38,-0.01,6.36,7181.29,-1
2023-08-29,2023-08-29 14:15:00,1152.38,1152.38,1152.23,1152.23,-0.01,6.36,7181.29,-1
2023-08-29,2023-08-29 14:16:00,1152.23,1152.23,1152.09,1152.09,-0.01,6.36,7181.29,-1
2023-08-29,2023-08-29 14:17:00,1152.09,1152.09,1151.95,1151.95,-0.01,6.36,7181.29,-1
2023-08-29,2023-08-29 14:18:00,1151.95,1151.95,1151.81,1151.81,-0.01,6.36,7181.29,-1
2023-08-29,2023-08-29 14:19:00,1151.81,1151.81,1151.67,1151.67,-0.01,6.36,7181.29,-1
2023-08-29,2023-08-29 14:20:00,1151.67,1151.67,1151.53,1151.53,-0.01,6.36,7181.29,-1
2023-08-29,2023-08-29 14:21:00,1151.53,1151.53,1151.38,1151.38,-0.01,6.36,7181.29,-1
2023-08-29,2023-08-29 14:22:00,1151.38,1151.38,1151.24,1151.24,-0.01,6.36,7181.29,-1
2023-08-29,2023-08-29 14:23:00,1151.24,1151.24,1151.1,1151.1,-0.01,6.36,7181.29,-1
2023-08-29,2023-08-29 14:24:00,1151.1,1151.1,1150.96,1150.96,-0.01,6.36,7181.29,-1
2023-08-29,2023-08-29 14:25:00,1150.96,1150.96,1150.82,1150.82,-0.01,6.36,7181.29,-1
2023-08-29,2023-08-29 14:26:00,1150.82,1150.82,1150.67,1150.67,-0.01,6.36,7181.29,-1
2023-08-29,2023-08-29 14:27:00,1150.67,1150.67,1150.53,1150.53,-0.01,6.36,7181.29,-1
2023-08-29,2023-08-29 14:28:00,1150.53,1150.53,1150.39,1150.39,-0.01,6.36,7181.29,-1
2023-08-29,2023-08-29 14:29:00,1150.39,1150.39,1150.25,1150.25,-0.01,6.36,7181.29,-1
2023-08-29,2023-08-29 14:30:00,1150.25,1150.25,1150.11,1150.11,-0.01,6.36,7181.29,-1
2023-08-29,2023-08-29 14:31:00,1150.11,1150.11,1149.97,1149.97,-0.01,6.36,7181.29,-1
2023-08-29,2023-08-29 14:32:00,1149.97,1149.97,1149.83,1149.83,-0.01,6.36,7181.29,-1
2023-08-29,2023-08-29 14:33:00,1149.83,1149.83,1149.68,1149.68,-0.01,6.36,7181.29,-1
2023-08-29,2023-08-29 14:34:00,1149.68,1149.68,1149.54,1149.54,-0.01,6.36,7181.29,-1
2023-08-29,2023-08-29 14:35:00,1149.54,1149.54,1149.4,1149.4,-0.01,6.36,7181.29,-1
2023-08-29,2023-08-29 14:36:00,1149.4,1149.4,1149.26,1149.26,-0.01,6.36,7181.29,-1
2023-08-29,2023-08-29 14:37:00,1149.26,1149.26,1149.12,1149.12,-0.01,6.36,7181.29,-1
2023-08-29,2023-08-29 14:38:00,1149.12,1149.12,1148.97,1148.97,-0.01,6.36,7181.29,-1
2023-08-29,2023-08-29 14:39:00,1148.97,1148.97,1148.83,1148.83,-0.01,6.36,7181.29,-1
2023-08-29,2023-08-29 14:40:00,1148.83,1148.83,1148.69,1148.69,-0.01,6.36,7181.29,-1
2023-08-29,2023-08-29 14:41:00,1148.69,1148.69,1148.55,1148.55,-0.01,6.36,7181.29,-1
2023-08-29,2023-08-29 14:42:00,1148.55,1148.55,1148.41,1148.41,-0.01,6.36,7181.29,-1
2023-08-29,2023-08-29 14:43:00,1148.41,1148.41,1148.27,1148.27,-0.01,6.36,7181.29,-1
2023-08-29,2023-08-29 14:44:00,1148.27,1148.27,1148.12,1148.12,-0.01,6.36,7181.29,-1
2023-08-29,2023-08-29 14:45:00,1148.12,1148.12,1147.98,1147.98,-0.01,6.36,7181.29,-1
2023-08-29,2023-08-29 14:46:00,1147.98,1147.98,1147.84,1147.84,-0.01,6.36,7181.29,-1
2023-08-29,2023-08-29 14:47:00,1147.84,1147.84,1147.7,1147.7,-0.01,6.36,7181.29,-1
2023-08-29,2023-08-29 14:48:00,1147.7,1147.7,1147.56,1147.56,-0.01,6.36,7181.29,-1
2023-08-29,2023-08-29 14:49:00,1147.56,1147.56,1147.42,1147.42,-0.01,6.36,7181.29,-1
2023-08-29,2023-08-29 14:50:00,1147.42,1147.42,1147.28,1147.28,-0.01,6.36,7181.29,-1
2023-08-29,2023-08-29 14:51:00,1147.28,1147.28,1147.13,1147.13,-0.01,6.36,7181.29,-1
2023-08-29,2023-08-29 14:52:00,1147.13,1147.13,1146.99,1146.99,-0.01,6.36,7181.29,-1
2023-08-29,2023-08-29 14:53:00,1146.99,1146.99,1146.85,1146.85,-0.01,6.36,7181.29,-1
2023-08-29,2023-08-29 14:54:00,1146.85,1146.85,1146.71,1146.71,-0.01,6.36,7181.29,-1
2023-08-29,2023-08-29 14:55:00,1146.71,1146.71,1146.57,1146.57,-0.01,6.36,7181.29,-1
2023-08-29,2023-08-29 14:56:00,1146.57,1146.57,1146.42,1146.42,-0.01,6.36,7181.29,-1
2023-08-29,2023-08-29 14:57:00,1146.42,1146.42,1146.28,1146.28,-0.01,6.36,7181.29,-1
2023-08-29,2023-08-29 14:58:00,1146.28,1146.28,1146.14,1146.14,-0.01,6.36,7181.29,-1
2023-08-29,2023-08-29 14:59:00,1146.14,1146.14,1146.0,1146.0,-0.01,6.36,7181.29,-1
2023-08-29,2023-08-29 15:00:00,1146.0,1180.0,1117.0,1146.0,0.0,6.36,7181.29,0
2023-08-30,2023-08-30 11:00:00,1168.9,1175.89,1144.12,1168.77,-0.01,43.3,47500.95,-1
2023-08-30,2023-08-30 11:01:00,1168.77,1168.77,1168.64,1168.64,-0.01,43.3,47500.95,-1
2023-08-30,2023-08-30 11:02:00,1168.64,1168.64,1168.51,1168.51,-0.01,43.3,47500.95,-1
2023-08-30,2023-08-30 11:03:00,1168.51,1168.51,1168.38,1168.38,-0.01,43.3,47500.95,-1
2023-08-30,2023-08-30 11:04:00,1168.38,1168.38,1168.26,1168.26,-0.01,43.3,47500.95,-1
2023-08-30,2023-08-30 11:05:00,1168.26,1168.26,1168.13,1168.13,-0.01,43.3,47500.95,-1
2023-08-30,2023-08-30 11:06:00,1168.13,1168.13,1168.0,1168.0,-0.01,43.3,47500.95,-1
2023-08-30,2023-08-30 11:07:00,1168.0,1168.0,1167.87,1167.87,-0.01,43.3,47500.95,-1
2023-08-30,2023-08-30 11:08:00,1167.87,1167.87,1167.74,1167.74,-0.01,43.3,47500.95,-1
2023-08-30,2023-08-30 11:09:00,1167.74,1167.74,1167.61,1167.61,-0.01,43.3,47500.95,-1
2023-08-30,2023-08-30 11:10:00,1167.61,1167.61,1167.48,1167.48,-0.01,43.3,47500.95,-1
2023-08-30,2023-08-30 11:11:00,1167.48,1167.48,1167.36,1167.36,-0.01,43.3,47500.95,-1
2023-08-30,2023-08-30 11:12:00,1167.36,1167.36,1167.23,1167.23,-0.01,43.3,47500.95,-1
2023-08-30,2023-08-30 11:13:00,1167.23,1167.23,1167.1,1167.1,-0.01,43.3,47500.95,-1
2023-08-30,2023-08-30 11:14:00,1167.1,1167.1,1166.97,1166.97,-0.01,43.3,47500.95,-1
2023-08-30,2023-08-30 11:15:00,1166.97,1166.97,1166.84,1166.84,-0.01,43.3,47500.95,-1
2023-08-30,2023-08-30 11:16:00,1166.84,1166.84,1166.71,1166.71,-0.01,43.3,47500.95,-1
2023-08-30,2023-08-30 11:17:00,1166.71,1166.71,1166.58,1166.58,-0.01,43.3,47500.95,-1
2023-08-30,2023-08-30 11:18:00,1166.58,1166.58,1166.45,1166.45,-0.01,43.3,47500.95,-1
2023-08-30,2023-08-30 11:19:00,1166.45,1166.45,1166.33,1166.33,-0.01,43.3,47500.95,-1
2023-08-30,2023-08-30 11:20:00,1166.33,1166.33,1166.2,1166.2,-0.01,43.3,47500.95,-1
2023-08-30,2023-08-30 11:21:00,1166.2,1166.2,1166.07,1166.07,-0.01,43.3,47500.95,-1
2023-08-30,2023-08-30 11:22:00,1166.07,1166.07,1165.94,1165.94,-0.01,43.3,47500.95,-1
2023-08-30,2023-08-30 11:23:00,1165.94,1165.94,1165.81,1165.81,-0.01,43.3,47500.95,-1
2023-08-30,2023-08-30 11:24:00,1165.81,1165.81,1165.68,1165.68,-0.01,43.3,47500.95,-1
2023-08-30,2023-08-30 11:25:00,1165.68,1165.68,1165.55,1165.55,-0.01,43.3,47500.95,-1
2023-08-30,2023-08-30 11:26:00,1165.55,1165.55,1165.42,1165.42,-0.01,43.3,47500.95,-1
2023-08-30,2023-08-30 11:27:00,1165.42,1165.42,1165.3,1165.3,-0.01,43.3,47500.95,-1
2023-08-30,2023-08-30 11:28:00,1165.3,1165.3,1165.17,1165.17,-0.01,43.3,47500.95,-1
2023-08-30,2023-08-30 11:29:00,1165.17,1165.17,1165.04,1165.04,-0.01,43.3,47500.95,-1
2023-08-30,2023-08-30 11:30:00,1165.04,1165.04,1164.91,1164.91,-0.01,43.3,47500.95,-1
2023-08-30,2023-08-30 11:31:00,1164.91,1164.91,1164.78,1164.78,-0.01,43.3,47500.95,-1
2023-08-30,2023-08-30 11:32:00,1164.78,1164.78,1164.65,1164.65,-0.01,43.3,47500.95,-1
2023-08-30,2023-08-30 11:33:00,1164.65,1164.65,1164.52,1164.52,-0.01,43.3,47500.95,-1
2023-08-30,2023-08-30 11:34:00,1164.52,1164.52,1164.39,1164.39,-0.01,43.3,47500.95,-1
2023-08-30,2023-08-30 11:35:00,1164.39,1164.39,1164.27,1164.27,-0.01,43.3,47500.95,-1
2023-08-30,2023-08-30 11:36:00,1164.27,1164.27,1164.14,1164.14,-0.01,43.3,47500.95,-1
2023-08-30,2023-08-30 11:37:00,1164.14,1164.14,1164.01,1164.01,-0.01,43.3,47500.95,-1
2023-08-30,2023-08-30 11:38:00,1164.01,1164.01,1163.88,1163.88,-0.01,43.3,47500.95,-1
2023-08-30,2023-08-30 11:39:00,1163.88,1163.88,1163.75,1163.75,-0.01,43.3,47500.95,-1
2023-08-30,2023-08-30 11:40:00,1163.75,1163.75,1163.62,1163.62,-0.01,43.3,47500.95,-1
2023-08-30,2023-08-30 11:41:00,1163.62,1163.62,1163.49,1163.49,-0.01,43.3,47500.95,-1
2023-08-30,2023-08-30 11:42:00,1163.49,1163.49,1163.36,1163.36,-0.01,43.3,47500.95,-1
2023-08-30,2023-08-30 11:43:00,1163.36,1163.36,1163.24,1163.24,-0.01,43.3,47500.95,-1
2023-08-30,2023-08-30 11:44:00,1163.24,1163.24,1163.11,1163.11,-0.01,43.3,47500.95,-1
2023-08-30,2023-08-30 11:45:00,1163.11,1163.11,1162.98,1162.98,-0.01,43.3,47500.95,-1
2023-08-30,2023-08-30 11:46:00,1162.98,1162.98,1162.85,1162.85,-0.01,43.3,47500.95,-1
2023-08-30,2023-08-30 11:47:00,1162.85,1162.85,1162.72,1162.72,-0.01,43.3,47500.95,-1
2023-08-30,2023-08-30 11:48:00,1162.72,1162.72,1162.59,1162.59,-0.01,43.3,47500.95,-1
2023-08-30,2023-08-30 11:49:00,1162.59,1162.59,1162.46,1162.46,-0.01,43.3,47500.95,-1
2023-08-30,2023-08-30 11:50:00,1162.46,1162.46,1162.33,1162.33,-0.01,43.3,47500.95,-1
2023-08-30,2023-08-30 11:51:00,1162.33,1162.33,1162.21,1162.21,-0.01,43.3,47500.95,-1
2023-08-30,2023-08-30 11:52:00,1162.21,1162.21,1162.08,1162.08,-0.01,43.3,47500.95,-1
2023-08-30,2023-08-30 11:53:00,1162.08,1162.08,1161.95,1161.95,-0.01,43.3,47500.95,-1
2023-08-30,2023-08-30 11:54:00,1161.95,1161.95,1161.82,1161.82,-0.01,43.3,47500.95,-1
2023-08-30,2023-08-30 11:55:00,1161.82,1161.82,1161.69,1161.69,-0.01,43.3,47500.95,-1
2023-08-30,2023-08-30 11:56:00,1161.69,1161.69,1161.56,1161.56,-0.01,43.3,47500.95,-1
2023-08-30,2023-08-30 11:57:00,1161.56,1161.56,1161.43,1161.43,-0.01,43.3,47500.95,-1
2023-08-30,2023-08-30 11:58:00,1161.43,1161.43,1161.3,1161.3,-0.01,43.3,47500.95,-1
2023-08-30,2023-08-30 11:59:00,1161.3,1161.3,1161.18,1161.18,-0.01,43.3,47500.95,-1
2023-08-30,2023-08-30 12:00:00,1161.18,1161.18,1161.05,1161.05,-0.01,43.3,47500.95,-1
2023-08-30,2023-08-30 12:01:00,1161.05,1161.05,1160.92,1160.92,-0.01,43.3,47500.95,-1
2023-08-30,2023-08-30 12:02:00,1160.92,1160.92,1160.79,1160.79,-0.01,43.3,47500.95,-1
2023-08-30,2023-08-30 12:03:00,1160.79,1160.79,1160.66,1160.66,-0.01,43.3,47500.95,-1
2023-08-30,2023-08-30 12:04:00,1160.66,1160.66,1160.53,1160.53,-0.01,43.3,47500.95,-1
2023-08-30,2023-08-30 12:05:00,1160.53,1160.53,1160.4,1160.4,-0.01,43.3,47500.95,-1
2023-08-30,2023-08-30 12:06:00,1160.4,1160.4,1160.27,1160.27,-0.01,43.3,47500.95,-1
2023-08-30,2023-08-30 12:07:00,1160.27,1160.27,1160.14,1160.14,-0.01,43.3,47500.95,-1
2023-08-30,2023-08-30 12:08:00,1160.14,1160.14,1160.02,1160.02,-0.01,43.3,47500.95,-1
2023-08-30,2023-08-30 12:09:00,1160.02,1160.02,1159.89,1159.89,-0.01,43.3,47500.95,-1
2023-08-30,2023-08-30 12:10:00,1159.89,1159.89,1159.76,1159.76,-0.01,43.3,47500.95,-1
2023-08-30,2023-08-30 12:11:00,1159.76,1159.76,1159.63,1159.63,-0.01,43.3,47500.95,-1
2023-08-30,2023-08-30 12:12:00,1159.63,1159.63,1159.5,1159.5,-0.01,43.3,47500.95,-1
2023-08-30,2023-08-30 12:13:00,1159.5,1159.5,1159.37,1159.37,-0.01,43.3,47500.95,-1
2023-08-30,2023-08-30 12:14:00,1159.37,1159.37,1159.24,1159.24,-0.01,43.3,47500.95,-1
2023-08-30,2023-08-30 12:15:00,1159.24,1159.24,1159.12,1159.12,-0.01,43.3,47500.95,-1
2023-08-30,2023-08-30 12:16:00,1159.12,1159.12,1158.99,1158.99,-0.01,43.3,47500.95,-1
2023-08-30,2023-08-30 12:17:00,1158.99,1158.99,1158.86,1158.86,-0.01,43.3,47500.95,-1
2023-08-30,2023-08-30 12:18:00,1158.86,1158.86,1158.73,1158.73,-0.01,43.3,47500.95,-1
2023-08-30,2023-08-30 12:19:00,1158.73,1158.73,1158.6,1158.6,-0.01,43.3,47500.95,-1
2023-08-30,2023-08-30 12:20:00,1158.6,1158.6,1158.47,1158.47,-0.01,43.3,47500.95,-1
2023-08-30,2023-08-30 12:21:00,1158.47,1158.47,1158.34,1158.34,-0.01,43.3,47500.95,-1
2023-08-30,2023-08-30 12:22:00,1158.34,1158.34,1158.21,1158.21,-0.01,43.3,47500.95,-1
2023-08-30,2023-08-30 12:23:00,1158.21,1158.21,1158.09,1158.09,-0.01,43.3,47500.95,-1
2023-08-30,2023-08-30 12:24:00,1158.09,1158.09,1157.96,1157.96,-0.01,43.3,47500.95,-1
2023-08-30,2023-08-30 12:25:00,1157.96,1157.96,1157.83,1157.83,-0.01,43.3,47500.95,-1
2023-08-30,2023-08-30 12:26:00,1157.83,1157.83,1157.7,1157.7,-0.01,43.3,47500.95,-1
2023-08-30,2023-08-30 12:27:00,1157.7,1157.7,1157.57,1157.57,-0.01,43.3,47500.95,-1
2023-08-30,2023-08-30 12:28:00,1157.57,1157.57,1157.44,1157.44,-0.01,43.3,47500.95,-1
2023-08-30,2023-08-30 12:29:00,1157.44,1157.44,1157.31,1157.31,-0.01,43.3,47500.95,-1
2023-08-30,2023-08-30 12:30:00,1157.31,1157.31,1157.18,1157.18,-0.01,43.3,47500.95,-1
2023-08-30,2023-08-30 12:31:00,1157.18,1157.18,1157.06,1157.06,-0.01,43.3,47500.95,-1
2023-08-30,2023-08-30 12:32:00,1157.06,1157.06,1156.93,1156.93,-0.01,43.3,47500.95,-1
2023-08-30,2023-08-30 12:33:00,1156.93,1156.93,1156.8,1156.8,-0.01,43.3,47500.95,-1
2023-08-30,2023-08-30 12:34:00,1156.8,1156.8,1156.67,1156.67,-0.01,43.3,47500.95,-1
2023-08-30,2023-08-30 12:35:00,1156.67,1156.67,1156.54,1156.54,-0.01,43.3,47500.95,-1
2023-08-30,2023-08-30 12:36:00,1156.54,1156.54,1156.41,1156.41,-0.01,43.3,47500.95,-1
2023-08-30,2023-08-30 12:37:00,1156.41,1156.41,1156.28,1156.28,-0.01,43.3,47500.95,-1
2023-08-30,2023-08-30 12:38:00,1156.28,1156.28,1156.15,1156.15,-0.01,43.3,47500.95,-1
2023-08-30,2023-08-30 12:39:00,1156.15,1156.15,1156.03,1156.03,-0.01,43.3,47500.95,-1
2023-08-30,2023-08-30 12:40:00,1156.03,1156.03,1155.9,1155.9,-0.01,43.3,47500.95,-1
2023-08-30,2023-08-30 12:41:00,1155.9,1155.9,1155.77,1155.77,-0.01,43.3,47500.95,-1
2023-08-30,2023-08-30 12:42:00,1155.77,1155.77,1155.64,1155.64,-0.01,43.3,47500.95,-1
2023-08-30,2023-08-30 12:43:00,1155.64,1155.64,1155.51,1155.51,-0.01,43.3,47500.95,-1
2023-08-30,2023-08-30 12:44:00,1155.51,1155.51,1155.38,1155.38,-0.01,43.3,47500.95,-1
2023-08-30,2023-08-30 12:45:00,1155.38,1155.38,1155.25,1155.25,-0.01,43.3,47500.95,-1
2023-08-30,2023-08-30 12:46:00,1155.25,1155.25,1155.12,1155.12,-0.01,43.3,47500.95,-1
2023-08-30,2023-08-30 12:47:00,1155.12,1155.12,1155.0,1155.0,-0.01,43.3,47500.95,-1
2023-08-30,2023-08-30 12:48:00,1155.0,1155.0,1154.87,1154.87,-0.01,43.3,47500.95,-1
2023-08-30,2023-08-30 12:49:00,1154.87,1154.87,1154.74,1154.74,-0.01,43.3,47500.95,-1
2023-08-30,2023-08-30 12:50:00,1154.74,1154.74,1154.61,1154.61,-0.01,43.3,47500.95,-1
2023-08-30,2023-08-30 12:51:00,1154.61,1154.61,1154.48,1154.48,-0.01,43.3,47500.95,-1
2023-08-30,2023-08-30 12:52:00,1154.48,1154.48,1154.35,1154.35,-0.01,43.3,47500.95,-1
2023-08-30,2023-08-30 12:53:00,1154.35,1154.35,1154.22,1154.22,-0.01,43.3,47500.95,-1
2023-08-30,2023-08-30 12:54:00,1154.22,1154.22,1154.09,1154.09,-0.01,43.3,47500.95,-1
2023-08-30,2023-08-30 12:55:00,1154.09,1154.09,1153.97,1153.97,-0.01,43.3,47500.95,-1
2023-08-30,2023-08-30 12:56:00,1153.97,1153.97,1153.84,1153.84,-0.01,43.3,47500.95,-1
2023-08-30,2023-08-30 12:57:00,1153.84,1153.84,1153.71,1153.71,-0.01,43.3,47500.95,-1
2023-08-30,2023-08-30 12:58:00,1153.71,1153.71,1153.58,1153.58,-0.01,43.3,47500.95,-1
2023-08-30,2023-08-30 12:59:00,1153.58,1153.58,1153.45,1153.45,-0.01,43.3,47500.95,-1
2023-08-30,2023-08-30 13:00:00,1153.45,1192.2,1086.3,1153.32,-0.01,43.3,47500.95,-1
2023-08-30,2023-08-30 13:01:00,1153.32,1153.32,1153.19,1153.19,-0.01,43.3,47500.95,-1
2023-08-30,2023-08-30 13:02:00,1153.19,1153.19,1153.06,1153.06,-0.01,43.3,47500.95,-1
2023-08-30,2023-08-30 13:03:00,1153.06,1153.06,1152.93,1152.93,-0.01,43.3,47500.95,-1
2023-08-30,2023-08-30 13:04:00,1152.93,1152.93,1152.81,1152.81,-0.01,43.3,47500.95,-1
2023-08-30,2023-08-30 13:05:00,1152.81,1152.81,1152.68,1152.68,-0.01,43.3,47500.95,-1
2023-08-30,2023-08-30 13:06:00,1152.68,1152.68,1152.55,1152.55,-0.01,43.3,47500.95,-1
2023-08-30,2023-08-30 13:07:00,1152.55,1152.55,1152.42,1152.42,-0.01,43.3,47500.95,-1
2023-08-30,2023-08-30 13:08:00,1152.42,1152.42,1152.29,1152.29,-0.01,43.3,47500.95,-1
2023-08-30,2023-08-30 13:09:00,1152.29,1152.29,1152.16,1152.16,-0.01,43.3,47500.95,-1
2023-08-30,2023-08-30 13:10:00,1152.16,1152.16,1152.03,1152.03,-0.01,43.3,47500.95,-1
2023-08-30,2023-08-30 13:11:00,1152.03,1152.03,1151.9,1151.9,-0.01,43.3,47500.95,-1
2023-08-30,2023-08-30 13:12:00,1151.9,1151.9,1151.78,1151.78,-0.01,43.3,47500.95,-1
2023-08-30,2023-08-30 13:13:00,1151.78,1151.78,1151.65,1151.65,-0.01,43.3,47500.95,-1
2023-08-30,2023-08-30 13:14:00,1151.65,1151.65,1151.52,1151.52,-0.01,43.3,47500.95,-1
2023-08-30,2023-08-30 13:15:00,1151.52,1151.52,1151.39,1151.39,-0.01,43.3,47500.95,-1
2023-08-30,2023-08-30 13:16:00,1151.39,1151.39,1151.26,1151.26,-0.01,43.3,47500.95,-1
2023-08-30,2023-08-30 13:17:00,1151.26,1151.26,1151.13,1151.13,-0.01,43.3,47500.95,-1
2023-08-30,2023-08-30 13:18:00,1151.13,1151.13,1151.0,1151.0,-0.01,43.3,47500.95,-1
2023-08-30,2023-08-30 13:19:00,1151.0,1151.0,1150.88,1150.88,-0.01,43.3,47500.95,-1
2023-08-30,2023-08-30 13:20:00,1150.88,1150.88,1150.75,1150.75,-0.01,43.3,47500.95,-1
2023-08-30,2023-08-30 13:21:00,1150.75,1150.75,1150.62,1150.62,-0.01,43.3,47500.95,-1
2023-08-30,2023-08-30 13:22:00,1150.62,1150.62,1150.49,1150.49,-0.01,43.3,47500.95,-1
2023-08-30,2023-08-30 13:23:00,1150.49,1150.49,1150.36,1150.36,-0.01,43.3,47500.95,-1
2023-08-30,2023-08-30 13:24:00,1150.36,1150.36,1150.23,1150.23,-0.01,43.3,47500.95,-1
2023-08-30,2023-08-30 13:25:00,1150.23,1150.23,1150.1,1150.1,-0.01,43.3,47500.95,-1
2023-08-30,2023-08-30 13:26:00,1150.1,1150.1,1149.97,1149.97,-0.01,43.3,47500.95,-1
2023-08-30,2023-08-30 13:27:00,1149.97,1149.97,1149.85,1149.85,-0.01,43.3,47500.95,-1
2023-08-30,2023-08-30 13:28:00,1149.85,1149.85,1149.72,1149.72,-0.01,43.3,47500.95,-1
2023-08-30,2023-08-30 13:29:00,1149.72,1149.72,1149.59,1149.59,-0.01,43.3,47500.95,-1
2023-08-30,2023-08-30 13:30:00,1149.59,1149.59,1149.46,1149.46,-0.01,43.3,47500.95,-1
2023-08-30,2023-08-30 13:31:00,1149.46,1149.46,1149.33,1149.33,-0.01,43.3,47500.95,-1
2023-08-30,2023-08-30 13:32:00,1149.33,1149.33,1149.2,1149.2,-0.01,43.3,47500.95,-1
2023-08-30,2023-08-30 13:33:00,1149.2,1149.2,1149.07,1149.07,-0.01,43.3,47500.95,-1
2023-08-30,2023-08-30 13:34:00,1149.07,1149.07,1148.94,1148.94,-0.01,43.3,47500.95,-1
2023-08-30,2023-08-30 13:35:00,1148.94,1148.94,1148.82,1148.82,-0.01,43.3,47500.95,-1
2023-08-30,2023-08-30 13:36:00,1148.82,1148.82,1148.69,1148.69,-0.01,43.3,47500.95,-1
2023-08-30,2023-08-30 13:37:00,1148.69,1148.69,1148.56,1148.56,-0.01,43.3,47500.95,-1
2023-08-30,2023-08-30 13:38:00,1148.56,1148.56,1148.43,1148.43,-0.01,43.3,47500.95,-1
2023-08-30,2023-08-30 13:39:00,1148.43,1148.43,1148.3,1148.3,-0.01,43.3,47500.95,-1
2023-08-30,2023-08-30 13:40:00,1148.3,1148.3,1148.17,1148.17,-0.01,43.3,47500.95,-1
2023-08-30,2023-08-30 13:41:00,1148.17,1148.17,1148.04,1148.04,-0.01,43.3,47500.95,-1
2023-08-30,2023-08-30 13:42:00,1148.04,1148.04,1147.91,1147.91,-0.01,43.3,47500.95,-1
2023-08-30,2023-08-30 13:43:00,1147.91,1147.91,1147.79,1147.79,-0.01,43.3,47500.95,-1
2023-08-30,2023-08-30 13:44:00,1147.79,1147.79,1147.66,1147.66,-0.01,43.3,47500.95,-1
2023-08-30,2023-08-30 13:45:00,1147.66,1147.66,1147.53,1147.53,-0.01,43.3,47500.95,-1
2023-08-30,2023-08-30 13:46:00,1147.53,1147.53,1147.4,1147.4,-0.01,43.3,47500.95,-1
2023-08-30,2023-08-30 13:47:00,1147.4,1147.4,1147.27,1147.27,-0.01,43.3,47500.95,-1
2023-08-30,2023-08-30 13:48:00,1147.27,1147.27,1147.14,1147.14,-0.01,43.3,47500.95,-1
2023-08-30,2023-08-30 13:49:00,1147.14,1147.14,1147.01,1147.01,-0.01,43.3,47500.95,-1
2023-08-30,2023-08-30 13:50:00,1147.01,1147.01,1146.88,1146.88,-0.01,43.3,47500.95,-1
2023-08-30,2023-08-30 13:51:00,1146.88,1146.88,1146.76,1146.76,-0.01,43.3,47500.95,-1
2023-08-30,2023-08-30 13:52:00,1146.76,1146.76,1146.63,1146.63,-0.01,43.3,47500.95,-1
2023-08-30,2023-08-30 13:53:00,1146.63,1146.63,1146.5,1146.5,-0.01,43.3,47500.95,-1
2023-08-30,2023-08-30 13:54:00,1146.5,1146.5,1146.37,1146.37,-0.01,43.3,47500.95,-1
2023-08-30,2023-08-30 13:55:00,1146.37,1146.37,1146.24,1146.24,-0.01,43.3,47500.95,-1
2023-08-30,2023-08-30 13:56:00,1146.24,1146.24,1146.11,1146.11,-0.01,43.3,47500.95,-1
2023-08-30,2023-08-30 13:57:00,1146.11,1146.11,1145.98,1145.98,-0.01,43.3,47500.95,-1
2023-08-30,2023-08-30 13:58:00,1145.98,1145.98,1145.85,1145.85,-0.01,43.3,47500.95,-1
2023-08-30,2023-08-30 13:59:00,1145.85,1145.85,1145.72,1145.72,-0.01,43.3,47500.95,-1
2023-08-30,2023-08-30 14:00:00,1145.72,1145.72,1145.6,1145.6,-0.01,43.3,47500.95,-1
2023-08-30,2023-08-30 14:01:00,1145.6,1145.6,1145.47,1145.47,-0.01,43.3,47500.95,-1
2023-08-30,2023-08-30 14:02:00,1145.47,1145.47,1145.34,1145.34,-0.01,43.3,47500.95,-1
2023-08-30,2023-08-30 14:03:00,1145.34,1145.34,1145.21,1145.21,-0.01,43.3,47500.95,-1
2023-08-30,2023-08-30 14:04:00,1145.21,1145.21,1145.08,1145.08,-0.01,43.3,47500.95,-1
2023-08-30,2023-08-30 14:05:00,1145.08,1145.08,1144.95,1144.95,-0.01,43.3,47500.95,-1
2023-08-30,2023-08-30 14:06:00,1144.95,1144.95,1144.82,1144.82,-0.01,43.3,47500.95,-1
2023-08-30,2023-08-30 14:07:00,1144.82,1144.82,1144.69,1144.69,-0.01,43.3,47500.95,-1
2023-08-30,2023-08-30 14:08:00,1144.69,1144.69,1144.57,1144.57,-0.01,43.3,47500.95,-1
2023-08-30,2023-08-30 14:09:00,1144.57,1144.57,1144.44,1144.44,-0.01,43.3,47500.95,-1
2023-08-30,2023-08-30 14:10:00,1144.44,1144.44,1144.31,1144.31,-0.01,43.3,47500.95,-1
2023-08-30,2023-08-30 14:11:00,1144.31,1144.31,1144.18,1144.18,-0.01,43.3,47500.95,-1
2023-08-30,2023-08-30 14:12:00,1144.18,1144.18,1144.05,1144.05,-0.01,43.3,47500.95,-1
2023-08-30,2023-08-30 14:13:00,1144.05,1144.05,1143.92,1143.92,-0.01,43.3,47500.95,-1
2023-08-30,2023-08-30 14:14:00,1143.92,1143.92,1143.79,1143.79,-0.01,43.3,47500.95,-1
2023-08-30,2023-08-30 14:15:00,1143.79,1143.79,1143.66,1143.66,-0.01,43.3,47500.95,-1
2023-08-30,2023-08-30 14:16:00,1143.66,1143.66,1143.54,1143.54,-0.01,43.3,47500.95,-1
2023-08-30,2023-08-30 14:17:00,1143.54,1143.54,1143.41,1143.41,-0.01,43.3,47500.95,-1
2023-08-30,2023-08-30 14:18:00,1143.41,1143.41,1143.28,1143.28,-0.01,43.3,47500.95,-1
2023-08-30,2023-08-30 14:19:00,1143.28,1143.28,1143.15,1143.15,-0.01,43.3,47500.95,-1
2023-08-30,2023-08-30 14:20:00,1143.15,1143.15,1143.02,1143.02,-0.01,43.3,47500.95,-1
2023-08-30,2023-08-30 14:21:00,1143.02,1143.02,1142.89,1142.89,-0.01,43.3,47500.95,-1
2023-08-30,2023-08-30 14:22:00,1142.89,1142.89,1142.76,1142.76,-0.01,43.3,47500.95,-1
2023-08-30,2023-08-30 14:23:00,1142.76,1142.76,1142.63,1142.63,-0.01,43.3,47500.95,-1
2023-08-30,2023-08-30 14:24:00,1142.63,1142.63,1142.51,1142.51,-0.01,43.3,47500.95,-1
2023-08-30,2023-08-30 14:25:00,1142.51,1142.51,1142.38,1142.38,-0.01,43.3,47500.95,-1
2023-08-30,2023-08-30 14:26:00,1142.38,1142.38,1142.25,1142.25,-0.01,43.3,47500.95,-1
2023-08-30,2023-08-30 14:27:00,1142.25,1142.25,1142.12,1142.12,-0.01,43.3,47500.95,-1
2023-08-30,2023-08-30 14:28:00,1142.12,1142.12,1141.99,1141.99,-0.01,43.3,47500.95,-1
2023-08-30,2023-08-30 14:29:00,1141.99,1141.99,1141.86,1141.86,-0.01,43.3,47500.95,-1
2023-08-30,2023-08-30 14:30:00,1141.86,1141.86,1141.73,1141.73,-0.01,43.3,47500.95,-1
2023-08-30,2023-08-30 14:31:00,1141.73,1141.73,1141.61,1141.61,-0.01,43.3,47500.95,-1
2023-08-30,2023-08-30 14:32:00,1141.61,1141.61,1141.48,1141.48,-0.01,43.3,47500.95,-1
2023-08-30,2023-08-30 14:33:00,1141.48,1141.48,1141.35,1141.35,-0.01,43.3,47500.95,-1
2023-08-30,2023-08-30 14:34:00,1141.35,1141.35,1141.22,1141.22,-0.01,43.3,47500.95,-1
2023-08-30,2023-08-30 14:35:00,1141.22,1141.22,1141.09,1141.09,-0.01,43.3,47500.95,-1
2023-08-30,2023-08-30 14:36:00,1141.09,1141.09,1140.96,1140.96,-0.01,43.3,47500.95,-1
2023-08-30,2023-08-30 14:37:00,1140.96,1140.96,1140.83,1140.83,-0.01,43.3,47500.95,-1
2023-08-30,2023-08-30 14:38:00,1140.83,1140.83,1140.7,1140.7,-0.01,43.3,47500.95,-1
2023-08-30,2023-08-30 14:39:00,1140.7,1140.7,1140.58,1140.58,-0.01,43.3,47500.95,-1
2023-08-30,2023-08-30 14:40:00,1140.58,1140.58,1140.45,1140.45,-0.01,43.3,47500.95,-1
2023-08-30,2023-08-30 14:41:00,1140.45,1140.45,1140.32,1140.32,-0.01,43.3,47500.95,-1
2023-08-30,2023-08-30 14:42:00,1140.32,1140.32,1140.19,1140.19,-0.01,43.3,47500.95,-1
2023-08-30,2023-08-30 14:43:00,1140.19,1140.19,1140.06,1140.06,-0.01,43.3,47500.95,-1
2023-08-30,2023-08-30 14:44:00,1140.06,1140.06,1139.93,1139.93,-0.01,43.3,47500.95,-1
2023-08-30,2023-08-30 14:45:00,1139.93,1139.93,1139.8,1139.8,-0.01,43.3,47500.95,-1
2023-08-30,2023-08-30 14:46:00,1139.8,1139.8,1139.67,1139.67,-0.01,43.3,47500.95,-1
2023-08-30,2023-08-30 14:47:00,1139.67,1139.67,1139.55,1139.55,-0.01,43.3,47500.95,-1
2023-08-30,2023-08-30 14:48:00,1139.55,1139.55,1139.42,1139.42,-0.01,43.3,47500.95,-1
2023-08-30,2023-08-30 14:49:00,1139.42,1139.42,1139.29,1139.29,-0.01,43.3,47500.95,-1
2023-08-30,2023-08-30 14:50:00,1139.29,1139.29,1139.16,1139.16,-0.01,43.3,47500.95,-1
2023-08-30,2023-08-30 14:51:00,1139.16,1139.16,1139.03,1139.03,-0.01,43.3,47500.95,-1
2023-08-30,2023-08-30 14:52:00,1139.03,1139.03,1138.9,1138.9,-0.01,43.3,47500.95,-1
2023-08-30,2023-08-30 14:53:00,1138.9,1138.9,1138.77,1138.77,-0.01,43.3,47500.95,-1
2023-08-30,2023-08-30 14:54:00,1138.77,1138.77,1138.64,1138.64,-0.01,43.3,47500.95,-1
2023-08-30,2023-08-30 14:55:00,1138.64,1138.64,1138.52,1138.52,-0.01,43.3,47500.95,-1
2023-08-30,2023-08-30 14:56:00,1138.52,1138.52,1138.39,1138.39,-0.01,43.3,47500.95,-1
2023-08-30,2023-08-30 14:57:00,1138.39,1138.39,1138.26,1138.26,-0.01,43.3,47500.95,-1
2023-08-30,2023-08-30 14:58:00,1138.26,1138.26,1138.13,1138.13,-0.01,43.3,47500.95,-1
2023-08-30,2023-08-30 14:59:00,1138.13,1138.13,1138.0,1138.0,-0.01,43.3,47500.95,-1
2023-08-30,2023-08-30 15:00:00,1138.0,1192.2,1086.3,1138.0,0.0,43.3,47500.95,0
2023-09-03,2023-09-03 11:00:00,1116.0,1116.0,1101.75,1115.86,-0.01,10.49,11334.73,-1
2023-09-03,2023-09-03 11:01:00,1115.86,1115.86,1115.72,1115.72,-0.01,10.49,11334.73,-1
2023-09-03,2023-09-03 11:02:00,1115.72,1115.72,1115.59,1115.59,-0.01,10.49,11334.73,-1
2023-09-03,2023-09-03 11:03:00,1115.59,1115.59,1115.45,1115.45,-0.01,10.49,11334.73,-1
2023-09-03,2023-09-03 11:04:00,1115.45,1115.45,1115.31,1115.31,-0.01,10.49,11334.73,-1
2023-09-03,2023-09-03 11:05:00,1115.31,1115.31,1115.17,1115.17,-0.01,10.49,11334.73,-1
2023-09-03,2023-09-03 11:06:00,1115.17,1115.17,1115.04,1115.04,-0.01,10.49,11334.73,-1
2023-09-03,2023-09-03 11:07:00,1115.04,1115.04,1114.9,1114.9,-0.01,10.49,11334.73,-1
2023-09-03,2023-09-03 11:08:00,1114.9,1114.9,1114.76,1114.76,-0.01,10.49,11334.73,-1
2023-09-03,2023-09-03 11:09:00,1114.76,1114.76,1114.62,1114.62,-0.01,10.49,11334.73,-1
2023-09-03,2023-09-03 11:10:00,1114.62,1114.62,1114.49,1114.49,-0.01,10.49,11334.73,-1
2023-09-03,2023-09-03 11:11:00,1114.49,1114.49,1114.35,1114.35,-0.01,10.49,11334.73,-1
2023-09-03,2023-09-03 11:12:00,1114.35,1114.35,1114.21,1114.21,-0.01,10.49,11334.73,-1
2023-09-03,2023-09-03 11:13:00,1114.21,1114.21,1114.08,1114.08,-0.01,10.49,11334.73,-1
2023-09-03,2023-09-03 11:14:00,1114.08,1114.08,1113.94,1113.94,-0.01,10.49,11334.73,-1
2023-09-03,2023-09-03 11:15:00,1113.94,1113.94,1113.8,1113.8,-0.01,10.49,11334.73,-1
2023-09-03,2023-09-03 11:16:00,1113.8,1113.8,1113.66,1113.66,-0.01,10.49,11334.73,-1
2023-09-03,2023-09-03 11:17:00,1113.66,1113.66,1113.53,1113.53,-0.01,10.49,11334.73,-1
2023-09-03,2023-09-03 11:18:00,1113.53,1113.53,1113.39,1113.39,-0.01,10.49,11334.73,-1
2023-09-03,2023-09-03 11:19:00,1113.39,1113.39,1113.25,1113.25,-0.01,10.49,11334.73,-1
2023-09-03,2023-09-03 11:20:00,1113.25,1113.25,1113.11,1113.11,-0.01,10.49,11334.73,-1
2023-09-03,2023-09-03 11:21:00,1113.11,1113.11,1112.97,1112.97,-0.01,10.49,11334.73,-1
2023-09-03,2023-09-03 11:22:00,1112.97,1112.97,1112.84,1112.84,-0.01,10.49,11334.73,-1
2023-09-03,2023-09-03 11:23:00,1112.84,1112.84,1112.7,1112.7,-0.01,10.49,11334.73,-1
2023-09-03,2023-09-03 11:24:00,1112.7,1112.7,1112.56,1112.56,-0.01,10.49,11334.73,-1
2023-09-03,2023-09-03 11:25:00,1112.56,1112.56,1112.42,1112.42,-0.01,10.49,11334.73,-1
2023-09-03,2023-09-03 11:26:00,1112.42,1112.42,1112.29,1112.29,-0.01,10.49,11334.73,-1
2023-09-03,2023-09-03 11:27:00,1112.29,1112.29,1112.15,1112.15,-0.01,10.49,11334.73,-1
2023-09-03,2023-09-03 11:28:00,1112.15,1112.15,1112.01,1112.01,-0.01,10.49,11334.73,-1
2023-09-03,2023-09-03 11:29:00,1112.01,1112.01,1111.88,1111.88,-0.01,10.49,11334.73,-1
2023-09-03,2023-09-03 11:30:00,1111.88,1111.88,1111.74,1111.74,-0.01,10.49,11334.73,-1
2023-09-03,2023-09-03 11:31:00,1111.74,1111.74,1111.6,1111.6,-0.01,10.49,11334.73,-1
2023-09-03,2023-09-03 11:32:00,1111.6,1111.6,1111.46,1111.46,-0.01,10.49,11334.73,-1
2023-09-03,2023-09-03 11:33:00,1111.46,1111.46,1111.33,1111.33,-0.01,10.49,11334.73,-1
2023-09-03,2023-09-03 11:34:00,1111.33,1111.33,1111.19,1111.19,-0.01,10.49,11334.73,-1
2023-09-03,2023-09-03 11:35:00,1111.19,1111.19,1111.05,1111.05,-0.01,10.49,11334.73,-1
2023-09-03,2023-09-03 11:36:00,1111.05,1111.05,1110.91,1110.91,-0.01,10.49,11334.73,-1
2023-09-03,2023-09-03 11:37:00,1110.91,1110.91,1110.78,1110.78,-0.01,10.49,11334.73,-1
2023-09-03,2023-09-03 11:38:00,1110.78,1110.78,1110.64,1110.64,-0.01,10.49,11334.73,-1
2023-09-03,2023-09-03 11:39:00,1110.64,1110.64,1110.5,1110.5,-0.01,10.49,11334.73,-1
2023-09-03,2023-09-03 11:40:00,1110.5,1110.5,1110.36,1110.36,-0.01,10.49,11334.73,-1
2023-09-03,2023-09-03 11:41:00,1110.36,1110.36,1110.22,1110.22,-0.01,10.49,11334.73,-1
2023-09-03,2023-09-03 11:42:00,1110.22,1110.22,1110.09,1110.09,-0.01,10.49,11334.73,-1
2023-09-03,2023-09-03 11:43:00,1110.09,1110.09,1109.95,1109.95,-0.01,10.49,11334.73,-1
2023-09-03,2023-09-03 11:44:00,1109.95,1109.95,1109.81,1109.81,-0.01,10.49,11334.73,-1
2023-09-03,2023-09-03 11:45:00,1109.81,1109.81,1109.67,1109.67,-0.01,10.49,11334.73,-1
2023-09-03,2023-09-03 11:46:00,1109.67,1109.67,1109.54,1109.54,-0.01,10.49,11334.73,-1
2023-09-03,2023-09-03 11:47:00,1109.54,1109.54,1109.4,1109.4,-0.01,10.49,11334.73,-1
2023-09-03,2023-09-03 11:48:00,1109.4,1109.4,1109.26,1109.26,-0.01,10.49,11334.73,-1
2023-09-03,2023-09-03 11:49:00,1109.26,1109.26,1109.12,1109.12,-0.01,10.49,11334.73,-1
2023-09-03,2023-09-03 11:50:00,1109.12,1109.12,1108.99,1108.99,-0.01,10.49,11334.73,-1
2023-09-03,2023-09-03 11:51:00,1108.99,1108.99,1108.85,1108.85,-0.01,10.49,11334.73,-1
2023-09-03,2023-09-03 11:52:00,1108.85,1108.85,1108.71,1108.71,-0.01,10.49,11334.73,-1
2023-09-03,2023-09-03 11:53:00,1108.71,1108.71,1108.58,1108.58,-0.01,10.49,11334.73,-1
2023-09-03,2023-09-03 11:54:00,1108.58,1108.58,1108.44,1108.44,-0.01,10.49,11334.73,-1
2023-09-03,2023-09-03 11:55:00,1108.44,1108.44,1108.3,1108.3,-0.01,10.49,11334.73,-1
2023-09-03,2023-09-03 11:56:00,1108.3,1108.3,1108.16,1108.16,-0.01,10.49,11334.73,-1
2023-09-03,2023-09-03 11:57:00,1108.16,1108.16,1108.03,1108.03,-0.01,10.49,11334.73,-1
2023-09-03,2023-09-03 11:58:00,1108.03,1108.03,1107.89,1107.89,-0.01,10.49,11334.73,-1
2023-09-03,2023-09-03 11:59:00,1107.89,1107.89,1107.75,1107.75,-0.01,10.49,11334.73,-1
2023-09-03,2023-09-03 12:00:00,1107.75,1107.75,1107.61,1107.61,-0.01,10.49,11334.73,-1
2023-09-03,2023-09-03 12:01:00,1107.61,1107.61,1107.47,1107.47,-0.01,10.49,11334.73,-1
2023-09-03,2023-09-03 12:02:00,1107.47,1107.47,1107.34,1107.34,-0.01,10.49,11334.73,-1
2023-09-03,2023-09-03 12:03:00,1107.34,1107.34,1107.2,1107.2,-0.01,10.49,11334.73,-1
2023-09-03,2023-09-03 12:04:00,1107.2,1107.2,1107.06,1107.06,-0.01,10.49,11334.73,-1
2023-09-03,2023-09-03 12:05:00,1107.06,1107.06,1106.92,1106.92,-0.01,10.49,11334.73,-1
2023-09-03,2023-09-03 12:06:00,1106.92,1106.92,1106.79,1106.79,-0.01,10.49,11334.73,-1
2023-09-03,2023-09-03 12:07:00,1106.79,1106.79,1106.65,1106.65,-0.01,10.49,11334.73,-1
2023-09-03,2023-09-03 12:08:00,1106.65,1106.65,1106.51,1106.51,-0.01,10.49,11334.73,-1
2023-09-03,2023-09-03 12:09:00,1106.51,1106.51,1106.38,1106.38,-0.01,10.49,11334.73,-1
2023-09-03,2023-09-03 12:10:00,1106.38,1106.38,1106.24,1106.24,-0.01,10.49,11334.73,-1
2023-09-03,2023-09-03 12:11:00,1106.24,1106.24,1106.1,1106.1,-0.01,10.49,11334.73,-1
2023-09-03,2023-09-03 12:12:00,1106.1,1106.1,1105.96,1105.96,-0.01,10.49,11334.73,-1
2023-09-03,2023-09-03 12:13:00,1105.96,1105.96,1105.83,1105.83,-0.01,10.49,11334.73,-1
2023-09-03,2023-09-03 12:14:00,1105.83,1105.83,1105.69,1105.69,-0.01,10.49,11334.73,-1
2023-09-03,2023-09-03 12:15:00,1105.69,1105.69,1105.55,1105.55,-0.01,10.49,11334.73,-1
2023-09-03,2023-09-03 12:16:00,1105.55,1105.55,1105.41,1105.41,-0.01,10.49,11334.73,-1
2023-09-03,2023-09-03 12:17:00,1105.41,1105.41,1105.28,1105.28,-0.01,10.49,11334.73,-1
2023-09-03,2023-09-03 12:18:00,1105.28,1105.28,1105.14,1105.14,-0.01,10.49,11334.73,-1
2023-09-03,2023-09-03 12:19:00,1105.14,1105.14,1105.0,1105.0,-0.01,10.49,11334.73,-1
2023-09-03,2023-09-03 12:20:00,1105.0,1105.0,1104.86,1104.86,-0.01,10.49,11334.73,-1
2023-09-03,2023-09-03 12:21:00,1104.86,1104.86,1104.72,1104.72,-0.01,10.49,11334.73,-1
2023-09-03,2023-09-03 12:22:00,1104.72,1104.72,1104.59,1104.59,-0.01,10.49,11334.73,-1
2023-09-03,2023-09-03 12:23:00,1104.59,1104.59,1104.45,1104.45,-0.01,10.49,11334.73,-1
2023-09-03,2023-09-03 12:24:00,1104.45,1104.45,1104.31,1104.31,-0.01,10.49,11334.73,-1
2023-09-03,2023-09-03 12:25:00,1104.31,1104.31,1104.17,1104.17,-0.01,10.49,11334.73,-1
2023-09-03,2023-09-03 12:26:00,1104.17,1104.17,1104.04,1104.04,-0.01,10.49,11334.73,-1
2023-09-03,2023-09-03 12:27:00,1104.04,1104.04,1103.9,1103.9,-0.01,10.49,11334.73,-1
2023-09-03,2023-09-03 12:28:00,1103.9,1103.9,1103.76,1103.76,-0.01,10.49,11334.73,-1
2023-09-03,2023-09-03 12:29:00,1103.76,1103.76,1103.62,1103.62,-0.01,10.49,11334.73,-1
2023-09-03,2023-09-03 12:30:00,1103.62,1103.62,1103.49,1103.49,-0.01,10.49,11334.73,-1
2023-09-03,2023-09-03 12:31:00,1103.49,1103.49,1103.35,1103.35,-0.01,10.49,11334.73,-1
2023-09-03,2023-09-03 12:32:00,1103.35,1103.35,1103.21,1103.21,-0.01,10.49,11334.73,-1
2023-09-03,2023-09-03 12:33:00,1103.21,1103.21,1103.08,1103.08,-0.01,10.49,11334.73,-1
2023-09-03,2023-09-03 12:34:00,1103.08,1103.08,1102.94,1102.94,-0.01,10.49,11334.73,-1
2023-09-03,2023-09-03 12:35:00,1102.94,1102.94,1102.8,1102.8,-0.01,10.49,11334.73,-1
2023-09-03,2023-09-03 12:36:00,1102.8,1102.8,1102.66,1102.66,-0.01,10.49,11334.73,-1
2023-09-03,2023-09-03 12:37:00,1102.66,1102.66,1102.53,1102.53,-0.01,10.49,11334.73,-1
2023-09-03,2023-09-03 12:38:00,1102.53,1102.53,1102.39,1102.39,-0.01,10.49,11334.73,-1
2023-09-03,2023-09-03 12:39:00,1102.39,1102.39,1102.25,1102.25,-0.01,10.49,11334.73,-1
2023-09-03,2023-09-03 12:40:00,1102.25,1102.25,1102.11,1102.11,-0.01,10.49,11334.73,-1
2023-09-03,2023-09-03 12:41:00,1102.11,1102.11,1101.97,1101.97,-0.01,10.49,11334.73,-1
2023-09-03,2023-09-03 12:42:00,1101.97,1101.97,1101.84,1101.84,-0.01,10.49,11334.73,-1
2023-09-03,2023-09-03 12:43:00,1101.84,1101.84,1101.7,1101.7,-0.01,10.49,11334.73,-1
2023-09-03,2023-09-03 12:44:00,1101.7,1101.7,1101.56,1101.56,-0.01,10.49,11334.73,-1
2023-09-03,2023-09-03 12:45:00,1101.56,1101.56,1101.42,1101.42,-0.01,10.49,11334.73,-1
2023-09-03,2023-09-03 12:46:00,1101.42,1101.42,1101.29,1101.29,-0.01,10.49,11334.73,-1
2023-09-03,2023-09-03 12:47:00,1101.29,1101.29,1101.15,1101.15,-0.01,10.49,11334.73,-1
2023-09-03,2023-09-03 12:48:00,1101.15,1101.15,1101.01,1101.01,-0.01,10.49,11334.73,-1
2023-09-03,2023-09-03 12:49:00,1101.01,1101.01,1100.88,1100.88,-0.01,10.49,11334.73,-1
2023-09-03,2023-09-03 12:50:00,1100.88,1100.88,1100.74,1100.74,-0.01,10.49,11334.73,-1
2023-09-03,2023-09-03 12:51:00,1100.74,1100.74,1100.6,1100.6,-0.01,10.49,11334.73,-1
2023-09-03,2023-09-03 12:52:00,1100.6,1100.6,1100.46,1100.46,-0.01,10.49,11334.73,-1
2023-09-03,2023-09-03 12:53:00,1100.46,1100.46,1100.33,1100.33,-0.01,10.49,11334.73,-1
2023-09-03,2023-09-03 12:54:00,1100.33,1100.33,1100.19,1100.19,-0.01,10.49,11334.73,-1
2023-09-03,2023-09-03 12:55:00,1100.19,1100.19,1100.05,1100.05,-0.01,10.49,11334.73,-1
2023-09-03,2023-09-03 12:56:00,1100.05,1100.05,1099.91,1099.91,-0.01,10.49,11334.73,-1
2023-09-03,2023-09-03 12:57:00,1099.91,1099.91,1099.78,1099.78,-0.01,10.49,11334.73,-1
2023-09-03,2023-09-03 12:58:00,1099.78,1099.78,1099.64,1099.64,-0.01,10.49,11334.73,-1
2023-09-03,2023-09-03 12:59:00,1099.64,1099.64,1099.5,1099.5,-0.01,10.49,11334.73,-1
2023-09-03,2023-09-03 13:00:00,1099.5,1116.0,1068.5,1099.36,-0.01,10.49,11334.73,-1
2023-09-03,2023-09-03 13:01:00,1099.36,1099.36,1099.22,1099.22,-0.01,10.49,11334.73,-1
2023-09-03,2023-09-03 13:02:00,1099.22,1099.22,1099.09,1099.09,-0.01,10.49,11334.73,-1
2023-09-03,2023-09-03 13:03:00,1099.09,1099.09,1098.95,1098.95,-0.01,10.49,11334.73,-1
2023-09-03,2023-09-03 13:04:00,1098.95,1098.95,1098.81,1098.81,-0.01,10.49,11334.73,-1
2023-09-03,2023-09-03 13:05:00,1098.81,1098.81,1098.67,1098.67,-0.01,10.49,11334.73,-1
2023-09-03,2023-09-03 13:06:00,1098.67,1098.67,1098.54,1098.54,-0.01,10.49,11334.73,-1
2023-09-03,2023-09-03 13:07:00,1098.54,1098.54,1098.4,1098.4,-0.01,10.49,11334.73,-1
2023-09-03,2023-09-03 13:08:00,1098.4,1098.4,1098.26,1098.26,-0.01,10.49,11334.73,-1
2023-09-03,2023-09-03 13:09:00,1098.26,1098.26,1098.12,1098.12,-0.01,10.49,11334.73,-1
2023-09-03,2023-09-03 13:10:00,1098.12,1098.12,1097.99,1097.99,-0.01,10.49,11334.73,-1
2023-09-03,2023-09-03 13:11:00,1097.99,1097.99,1097.85,1097.85,-0.01,10.49,11334.73,-1
2023-09-03,2023-09-03 13:12:00,1097.85,1097.85,1097.71,1097.71,-0.01,10.49,11334.73,-1
2023-09-03,2023-09-03 13:13:00,1097.71,1097.71,1097.58,1097.58,-0.01,10.49,11334.73,-1
2023-09-03,2023-09-03 13:14:00,1097.58,1097.58,1097.44,1097.44,-0.01,10.49,11334.73,-1
2023-09-03,2023-09-03 13:15:00,1097.44,1097.44,1097.3,1097.3,-0.01,10.49,11334.73,-1
2023-09-03,2023-09-03 13:16:00,1097.3,1097.3,1097.16,1097.16,-0.01,10.49,11334.73,-1
2023-09-03,2023-09-03 13:17:00,1097.16,1097.16,1097.03,1097.03,-0.01,10.49,11334.73,-1
2023-09-03,2023-09-03 13:18:00,1097.03,1097.03,1096.89,1096.89,-0.01,10.49,11334.73,-1
2023-09-03,2023-09-03 13:19:00,1096.89,1096.89,1096.75,1096.75,-0.01,10.49,11334.73,-1
2023-09-03,2023-09-03 13:20:00,1096.75,1096.75,1096.61,1096.61,-0.01,10.49,11334.73,-1
2023-09-03,2023-09-03 13:21:00,1096.61,1096.61,1096.47,1096.47,-0.01,10.49,11334.73,-1
2023-09-03,2023-09-03 13:22:00,1096.47,1096.47,1096.34,1096.34,-0.01,10.49,11334.73,-1
2023-09-03,2023-09-03 13:23:00,1096.34,1096.34,1096.2,1096.2,-0.01,10.49,11334.73,-1
2023-09-03,2023-09-03 13:24:00,1096.2,1096.2,1096.06,1096.06,-0.01,10.49,11334.73,-1
2023-09-03,2023-09-03 13:25:00,1096.06,1096.06,1095.92,1095.92,-0.01,10.49,11334.73,-1
2023-09-03,2023-09-03 13:26:00,1095.92,1095.92,1095.79,1095.79,-0.01,10.49,11334.73,-1
2023-09-03,2023-09-03 13:27:00,1095.79,1095.79,1095.65,1095.65,-0.01,10.49,11334.73,-1
2023-09-03,2023-09-03 13:28:00,1095.65,1095.65,1095.51,1095.51,-0.01,10.49,11334.73,-1
2023-09-03,2023-09-03 13:29:00,1095.51,1095.51,1095.38,1095.38,-0.01,10.49,11334.73,-1
2023-09-03,2023-09-03 13:30:00,1095.38,1095.38,1095.24,1095.24,-0.01,10.49,11334.73,-1
2023-09-03,2023-09-03 13:31:00,1095.24,1095.24,1095.1,1095.1,-0.01,10.49,11334.73,-1
2023-09-03,2023-09-03 13:32:00,1095.1,1095.1,1094.96,1094.96,-0.01,10.49,11334.73,-1
2023-09-03,2023-09-03 13:33:00,1094.96,1094.96,1094.83,1094.83,-0.01,10.49,11334.73,-1
2023-09-03,2023-09-03 13:34:00,1094.83,1094.83,1094.69,1094.69,-0.01,10.49,11334.73,-1
2023-09-03,2023-09-03 13:35:00,1094.69,1094.69,1094.55,1094.55,-0.01,10.49,11334.73,-1
2023-09-03,2023-09-03 13:36:00,1094.55,1094.55,1094.41,1094.41,-0.01,10.49,11334.73,-1
2023-09-03,2023-09-03 13:37:00,1094.41,1094.41,1094.28,1094.28,-0.01,10.49,11334.73,-1
2023-09-03,2023-09-03 13:38:00,1094.28,1094.28,1094.14,1094.14,-0.01,10.49,11334.73,-1
2023-09-03,2023-09-03 13:39:00,1094.14,1094.14,1094.0,1094.0,-0.01,10.49,11334.73,-1
2023-09-03,2023-09-03 13:40:00,1094.0,1094.0,1093.86,1093.86,-0.01,10.49,11334.73,-1
2023-09-03,2023-09-03 13:41:00,1093.86,1093.86,1093.72,1093.72,-0.01,10.49,11334.73,-1
2023-09-03,2023-09-03 13:42:00,1093.72,1093.72,1093.59,1093.59,-0.01,10.49,11334.73,-1
2023-09-03,2023-09-03 13:43:00,1093.59,1093.59,1093.45,1093.45,-0.01,10.49,11334.73,-1
2023-09-03,2023-09-03 13:44:00,1093.45,1093.45,1093.31,1093.31,-0.01,10.49,11334.73,-1
2023-09-03,2023-09-03 13:45:00,1093.31,1093.31,1093.17,1093.17,-0.01,10.49,11334.73,-1
2023-09-03,2023-09-03 13:46:00,1093.17,1093.17,1093.04,1093.04,-0.01,10.49,11334.73,-1
2023-09-03,2023-09-03 13:47:00,1093.04,1093.04,1092.9,1092.9,-0.01,10.49,11334.73,-1
2023-09-03,2023-09-03 13:48:00,1092.9,1092.9,1092.76,1092.76,-0.01,10.49,11334.73,-1
2023-09-03,2023-09-03 13:49:00,1092.76,1092.76,1092.62,1092.62,-0.01,10.49,11334.73,-1
2023-09-03,2023-09-03 13:50:00,1092.62,1092.62,1092.49,1092.49,-0.01,10.49,11334.73,-1
2023-09-03,2023-09-03 13:51:00,1092.49,1092.49,1092.35,1092.35,-0.01,10.49,11334.73,-1
2023-09-03,2023-09-03 13:52:00,1092.35,1092.35,1092.21,1092.21,-0.01,10.49,11334.73,-1
2023-09-03,2023-09-03 13:53:00,1092.21,1092.21,1092.08,1092.08,-0.01,10.49,11334.73,-1
2023-09-03,2023-09-03 13:54:00,1092.08,1092.08,1091.94,1091.94,-0.01,10.49,11334.73,-1
2023-09-03,2023-09-03 13:55:00,1091.94,1091.94,1091.8,1091.8,-0.01,10.49,11334.73,-1
2023-09-03,2023-09-03 13:56:00,1091.8,1091.8,1091.66,1091.66,-0.01,10.49,11334.73,-1
2023-09-03,2023-09-03 13:57:00,1091.66,1091.66,1091.53,1091.53,-0.01,10.49,11334.73,-1
2023-09-03,2023-09-03 13:58:00,1091.53,1091.53,1091.39,1091.39,-0.01,10.49,11334.73,-1
2023-09-03,2023-09-03 13:59:00,1091.39,1091.39,1091.25,1091.25,-0.01,10.49,11334.73,-1
2023-09-03,2023-09-03 14:00:00,1091.25,1091.25,1091.11,1091.11,-0.01,10.49,11334.73,-1
2023-09-03,2023-09-03 14:01:00,1091.11,1091.11,1090.97,1090.97,-0.01,10.49,11334.73,-1
2023-09-03,2023-09-03 14:02:00,1090.97,1090.97,1090.84,1090.84,-0.01,10.49,11334.73,-1
2023-09-03,2023-09-03 14:03:00,1090.84,1090.84,1090.7,1090.7,-0.01,10.49,11334.73,-1
2023-09-03,2023-09-03 14:04:00,1090.7,1090.7,1090.56,1090.56,-0.01,10.49,11334.73,-1
2023-09-03,2023-09-03 14:05:00,1090.56,1090.56,1090.42,1090.42,-0.01,10.49,11334.73,-1
2023-09-03,2023-09-03 14:06:00,1090.42,1090.42,1090.29,1090.29,-0.01,10.49,11334.73,-1
2023-09-03,2023-09-03 14:07:00,1090.29,1090.29,1090.15,1090.15,-0.01,10.49,11334.73,-1
2023-09-03,2023-09-03 14:08:00,1090.15,1090.15,1090.01,1090.01,-0.01,10.49,11334.73,-1
2023-09-03,2023-09-03 14:09:00,1090.01,1090.01,1089.88,1089.88,-0.01,10.49,11334.73,-1
2023-09-03,2023-09-03 14:10:00,1089.88,1089.88,1089.74,1089.74,-0.01,10.49,11334.73,-1
2023-09-03,2023-09-03 14:11:00,1089.74,1089.74,1089.6,1089.6,-0.01,10.49,11334.73,-1
2023-09-03,2023-09-03 14:12:00,1089.6,1089.6,1089.46,1089.46,-0.01,10.49,11334.73,-1
2023-09-03,2023-09-03 14:13:00,1089.46,1089.46,1089.33,1089.33,-0.01,10.49,11334.73,-1
2023-09-03,2023-09-03 14:14:00,1089.33,1089.33,1089.19,1089.19,-0.01,10.49,11334.73,-1
2023-09-03,2023-09-03 14:15:00,1089.19,1089.19,1089.05,1089.05,-0.01,10.49,11334.73,-1
2023-09-03,2023-09-03 14:16:00,1089.05,1089.05,1088.91,1088.91,-0.01,10.49,11334.73,-1
2023-09-03,2023-09-03 14:17:00,1088.91,1088.91,1088.78,1088.78,-0.01,10.49,11334.73,-1
2023-09-03,2023-09-03 14:18:00,1088.78,1088.78,1088.64,1088.64,-0.01,10.49,11334.73,-1
2023-09-03,2023-09-03 14:19:00,1088.64,1088.64,1088.5,1088.5,-0.01,10.49,11334.73,-1
2023-09-03,2023-09-03 14:20:00,1088.5,1088.5,1088.36,1088.36,-0.01,10.49,11334.73,-1
2023-09-03,2023-09-03 14:21:00,1088.36,1088.36,1088.22,1088.22,-0.01,10.49,11334.73,-1
2023-09-03,2023-09-03 14:22:00,1088.22,1088.22,1088.09,1088.09,-0.01,10.49,11334.73,-1
2023-09-03,2023-09-03 14:23:00,1088.09,1088.09,1087.95,1087.95,-0.01,10.49,11334.73,-1
2023-09-03,2023-09-03 14:24:00,1087.95,1087.95,1087.81,1087.81,-0.01,10.49,11334.73,-1
2023-09-03,2023-09-03 14:25:00,1087.81,1087.81,1087.67,1087.67,-0.01,10.49,11334.73,-1
2023-09-03,2023-09-03 14:26:00,1087.67,1087.67,1087.54,1087.54,-0.01,10.49,11334.73,-1
2023-09-03,2023-09-03 14:27:00,1087.54,1087.54,1087.4,1087.4,-0.01,10.49,11334.73,-1
2023-09-03,2023-09-03 14:28:00,1087.4,1087.4,1087.26,1087.26,-0.01,10.49,11334.73,-1
2023-09-03,2023-09-03 14:29:00,1087.26,1087.26,1087.12,1087.12,-0.01,10.49,11334.73,-1
2023-09-03,2023-09-03 14:30:00,1087.12,1087.12,1086.99,1086.99,-0.01,10.49,11334.73,-1
2023-09-03,2023-09-03 14:31:00,1086.99,1086.99,1086.85,1086.85,-0.01,10.49,11334.73,-1
2023-09-03,2023-09-03 14:32:00,1086.85,1086.85,1086.71,1086.71,-0.01,10.49,11334.73,-1
2023-09-03,2023-09-03 14:33:00,1086.71,1086.71,1086.58,1086.58,-0.01,10.49,11334.73,-1
2023-09-03,2023-09-03 14:34:00,1086.58,1086.58,1086.44,1086.44,-0.01,10.49,11334.73,-1
2023-09-03,2023-09-03 14:35:00,1086.44,1086.44,1086.3,1086.3,-0.01,10.49,11334.73,-1
2023-09-03,2023-09-03 14:36:00,1086.3,1086.3,1086.16,1086.16,-0.01,10.49,11334.73,-1
2023-09-03,2023-09-03 14:37:00,1086.16,1086.16,1086.03,1086.03,-0.01,10.49,11334.73,-1
2023-09-03,2023-09-03 14:38:00,1086.03,1086.03,1085.89,1085.89,-0.01,10.49,11334.73,-1
2023-09-03,2023-09-03 14:39:00,1085.89,1085.89,1085.75,1085.75,-0.01,10.49,11334.73,-1
2023-09-03,2023-09-03 14:40:00,1085.75,1085.75,1085.61,1085.61,-0.01,10.49,11334.73,-1
2023-09-03,2023-09-03 14:41:00,1085.61,1085.61,1085.47,1085.47,-0.01,10.49,11334.73,-1
2023-09-03,2023-09-03 14:42:00,1085.47,1085.47,1085.34,1085.34,-0.01,10.49,11334.73,-1
2023-09-03,2023-09-03 14:43:00,1085.34,1085.34,1085.2,1085.2,-0.01,10.49,11334.73,-1
2023-09-03,2023-09-03 14:44:00,1085.2,1085.2,1085.06,1085.06,-0.01,10.49,11334.73,-1
2023-09-03,2023-09-03 14:45:00,1085.06,1085.06,1084.92,1084.92,-0.01,10.49,11334.73,-1
2023-09-03,2023-09-03 14:46:00,1084.92,1084.92,1084.79,1084.79,-0.01,10.49,11334.73,-1
2023-09-03,2023-09-03 14:47:00,1084.79,1084.79,1084.65,1084.65,-0.01,10.49,11334.73,-1
2023-09-03,2023-09-03 14:48:00,1084.65,1084.65,1084.51,1084.51,-0.01,10.49,11334.73,-1
2023-09-03,2023-09-03 14:49:00,1084.51,1084.51,1084.38,1084.38,-0.01,10.49,11334.73,-1
2023-09-03,2023-09-03 14:50:00,1084.38,1084.38,1084.24,1084.24,-0.01,10.49,11334.73,-1
2023-09-03,2023-09-03 14:51:00,1084.24,1084.24,1084.1,1084.1,-0.01,10.49,11334.73,-1
2023-09-03,2023-09-03 14:52:00,1084.1,1084.1,1083.96,1083.96,-0.01,10.49,11334.73,-1
2023-09-03,2023-09-03 14:53:00,1083.96,1083.96,1083.83,1083.83,-0.01,10.49,11334.73,-1
2023-09-03,2023-09-03 14:54:00,1083.83,1083.83,1083.69,1083.69,-0.01,10.49,11334.73,-1
2023-09-03,2023-09-03 14:55:00,1083.69,1083.69,1083.55,1083.55,-0.01,10.49,11334.73,-1
2023-09-03,2023-09-03 14:56:00,1083.55,1083.55,1083.41,1083.41,-0.01,10.49,11334.73,-1
2023-09-03,2023-09-03 14:57:00,1083.41,1083.41,1083.28,1083.28,-0.01,10.49,11334.73,-1
2023-09-03,2023-09-03 14:58:00,1083.28,1083.28,1083.14,1083.14,-0.01,10.49,11334.73,-1
2023-09-03,2023-09-03 14:59:00,1083.14,1083.14,1083.0,1083.0,-0.01,10.49,11334.73,-1
2023-09-03,2023-09-03 15:00:00,1083.0,1116.0,1068.5,1083.0,0.0,10.49,11334.73,0
2023-09-04,2023-09-04 11:00:00,1100.0,1100.0,1065.89,1099.79,-0.02,32.96,33487.5,-1
2023-09-04,2023-09-04 11:01:00,1099.79,1099.79,1099.58,1099.58,-0.02,32.96,33487.5,-1
2023-09-04,2023-09-04 11:02:00,1099.58,1099.58,1099.38,1099.38,-0.02,32.96,33487.5,-1
2023-09-04,2023-09-04 11:03:00,1099.38,1099.38,1099.17,1099.17,-0.02,32.96,33487.5,-1
2023-09-04,2023-09-04 11:04:00,1099.17,1099.17,1098.96,1098.96,-0.02,32.96,33487.5,-1
2023-09-04,2023-09-04 11:05:00,1098.96,1098.96,1098.75,1098.75,-0.02,32.96,33487.5,-1
2023-09-04,2023-09-04 11:06:00,1098.75,1098.75,1098.54,1098.54,-0.02,32.96,33487.5,-1
2023-09-04,2023-09-04 11:07:00,1098.54,1098.54,1098.33,1098.33,-0.02,32.96,33487.5,-1
2023-09-04,2023-09-04 11:08:00,1098.33,1098.33,1098.12,1098.12,-0.02,32.96,33487.5,-1
2023-09-04,2023-09-04 11:09:00,1098.12,1098.12,1097.92,1097.92,-0.02,32.96,33487.5,-1
2023-09-04,2023-09-04 11:10:00,1097.92,1097.92,1097.71,1097.71,-0.02,32.96,33487.5,-1
2023-09-04,2023-09-04 11:11:00,1097.71,1097.71,1097.5,1097.5,-0.02,32.96,33487.5,-1
2023-09-04,2023-09-04 11:12:00,1097.5,1097.5,1097.29,1097.29,-0.02,32.96,33487.5,-1
2023-09-04,2023-09-04 11:13:00,1097.29,1097.29,1097.08,1097.08,-0.02,32.96,33487.5,-1
2023-09-04,2023-09-04 11:14:00,1097.08,1097.08,1096.88,1096.88,-0.02,32.96,33487.5,-1
2023-09-04,2023-09-04 11:15:00,1096.88,1096.88,1096.67,1096.67,-0.02,32.96,33487.5,-1
2023-09-04,2023-09-04 11:16:00,1096.67,1096.67,1096.46,1096.46,-0.02,32.96,33487.5,-1
2023-09-04,2023-09-04 11:17:00,1096.46,1096.46,1096.25,1096.25,-0.02,32.96,33487.5,-1
2023-09-04,2023-09-04 11:18:00,1096.25,1096.25,1096.04,1096.04,-0.02,32.96,33487.5,-1
2023-09-04,2023-09-04 11:19:00,1096.04,1096.04,1095.83,1095.83,-0.02,32.96,33487.5,-1
2023-09-04,2023-09-04 11:20:00,1095.83,1095.83,1095.62,1095.62,-0.02,32.96,33487.5,-1
2023-09-04,2023-09-04 11:21:00,1095.62,1095.62,1095.42,1095.42,-0.02,32.96,33487.5,-1
2023-09-04,2023-09-04 11:22:00,1095.42,1095.42,1095.21,1095.21,-0.02,32.96,33487.5,-1
2023-09-04,2023-09-04 11:23:00,1095.21,1095.21,1095.0,1095.0,-0.02,32.96,33487.5,-1
2023-09-04,2023-09-04 11:24:00,1095.0,1095.0,1094.79,1094.79,-0.02,32.96,33487.5,-1
2023-09-04,2023-09-04 11:25:00,1094.79,1094.79,1094.58,1094.58,-0.02,32.96,33487.5,-1
2023-09-04,2023-09-04 11:26:00,1094.58,1094.58,1094.38,1094.38,-0.02,32.96,33487.5,-1
2023-09-04,2023-09-04 11:27:00,1094.38,1094.38,1094.17,1094.17,-0.02,32.96,33487.5,-1
2023-09-04,2023-09-04 11:28:00,1094.17,1094.17,1093.96,1093.96,-0.02,32.96,33487.5,-1
2023-09-04,2023-09-04 11:29:00,1093.96,1093.96,1093.75,1093.75,-0.02,32.96,33487.5,-1
2023-09-04,2023-09-04 11:30:00,1093.75,1093.75,1093.54,1093.54,-0.02,32.96,33487.5,-1
2023-09-04,2023-09-04 11:31:00,1093.54,1093.54,1093.33,1093.33,-0.02,32.96,33487.5,-1
2023-09-04,2023-09-04 11:32:00,1093.33,1093.33,1093.12,1093.12,-0.02,32.96,33487.5,-1
2023-09-04,2023-09-04 11:33:00,1093.12,1093.12,1092.92,1092.92,-0.02,32.96,33487.5,-1
2023-09-04,2023-09-04 11:34:00,1092.92,1092.92,1092.71,1092.71,-0.02,32.96,33487.5,-1
2023-09-04,2023-09-04 11:35:00,1092.71,1092.71,1092.5,1092.5,-0.02,32.96,33487.5,-1
2023-09-04,2023-09-04 11:36:00,1092.5,1092.5,1092.29,1092.29,-0.02,32.96,33487.5,-1
2023-09-04,2023-09-04 11:37:00,1092.29,1092.29,1092.08,1092.08,-0.02,32.96,33487.5,-1
2023-09-04,2023-09-04 11:38:00,1092.08,1092.08,1091.88,1091.88,-0.02,32.96,33487.5,-1
2023-09-04,2023-09-04 11:39:00,1091.88,1091.88,1091.67,1091.67,-0.02,32.96,33487.5,-1
2023-09-04,2023-09-04 11:40:00,1091.67,1091.67,1091.46,1091.46,-0.02,32.96,33487.5,-1
2023-09-04,2023-09-04 11:41:00,1091.46,1091.46,1091.25,1091.25,-0.02,32.96,33487.5,-1
2023-09-04,2023-09-04 11:42:00,1091.25,1091.25,1091.04,1091.04,-0.02,32.96,33487.5,-1
2023-09-04,2023-09-04 11:43:00,1091.04,1091.04,1090.83,1090.83,-0.02,32.96,33487.5,-1
2023-09-04,2023-09-04 11:44:00,1090.83,1090.83,1090.62,1090.62,-0.02,32.96,33487.5,-1
2023-09-04,2023-09-04 11:45:00,1090.62,1090.62,1090.42,1090.42,-0.02,32.96,33487.5,-1
2023-09-04,2023-09-04 11:46:00,1090.42,1090.42,1090.21,1090.21,-0.02,32.96,33487.5,-1
2023-09-04,2023-09-04 11:47:00,1090.21,1090.21,1090.0,1090.0,-0.02,32.96,33487.5,-1
2023-09-04,2023-09-04 11:48:00,1090.0,1090.0,1089.79,1089.79,-0.02,32.96,33487.5,-1
2023-09-04,2023-09-04 11:49:00,1089.79,1089.79,1089.58,1089.58,-0.02,32.96,33487.5,-1
2023-09-04,2023-09-04 11:50:00,1089.58,1089.58,1089.38,1089.38,-0.02,32.96,33487.5,-1
2023-09-04,2023-09-04 11:51:00,1089.38,1089.38,1089.17,1089.17,-0.02,32.96,33487.5,-1
2023-09-04,2023-09-04 11:52:00,1089.17,1089.17,1088.96,1088.96,-0.02,32.96,33487.5,-1
2023-09-04,2023-09-04 11:53:00,1088.96,1088.96,1088.75,1088.75,-0.02,32.96,33487.5,-1
2023-09-04,2023-09-04 11:54:00,1088.75,1088.75,1088.54,1088.54,-0.02,32.96,33487.5,-1
2023-09-04,2023-09-04 11:55:00,1088.54,1088.54,1088.33,1088.33,-0.02,32.96,33487.5,-1
2023-09-04,2023-09-04 11:56:00,1088.33,1088.33,1088.12,1088.12,-0.02,32.96,33487.5,-1
2023-09-04,2023-09-04 11:57:00,1088.12,1088.12,1087.92,1087.92,-0.02,32.96,33487.5,-1
2023-09-04,2023-09-04 11:58:00,1087.92,1087.92,1087.71,1087.71,-0.02,32.96,33487.5,-1
2023-09-04,2023-09-04 11:59:00,1087.71,1087.71,1087.5,1087.5,-0.02,32.96,33487.5,-1
2023-09-04,2023-09-04 12:00:00,1087.5,1087.5,1087.29,1087.29,-0.02,32.96,33487.5,-1
2023-09-04,2023-09-04 12:01:00,1087.29,1087.29,1087.08,1087.08,-0.02,32.96,33487.5,-1
2023-09-04,2023-09-04 12:02:00,1087.08,1087.08,1086.88,1086.88,-0.02,32.96,33487.5,-1
2023-09-04,2023-09-04 12:03:00,1086.88,1086.88,1086.67,1086.67,-0.02,32.96,33487.5,-1
2023-09-04,2023-09-04 12:04:00,1086.67,1086.67,1086.46,1086.46,-0.02,32.96,33487.5,-1
2023-09-04,2023-09-04 12:05:00,1086.46,1086.46,1086.25,1086.25,-0.02,32.96,33487.5,-1
2023-09-04,2023-09-04 12:06:00,1086.25,1086.25,1086.04,1086.04,-0.02,32.96,33487.5,-1
2023-09-04,2023-09-04 12:07:00,1086.04,1086.04,1085.83,1085.83,-0.02,32.96,33487.5,-1
2023-09-04,2023-09-04 12:08:00,1085.83,1085.83,1085.62,1085.62,-0.02,32.96,33487.5,-1
2023-09-04,2023-09-04 12:09:00,1085.62,1085.62,1085.42,1085.42,-0.02,32.96,33487.5,-1
2023-09-04,2023-09-04 12:10:00,1085.42,1085.42,1085.21,1085.21,-0.02,32.96,33487.5,-1
2023-09-04,2023-09-04 12:11:00,1085.21,1085.21,1085.0,1085.0,-0.02,32.96,33487.5,-1
2023-09-04,2023-09-04 12:12:00,1085.0,1085.0,1084.79,1084.79,-0.02,32.96,33487.5,-1
2023-09-04,2023-09-04 12:13:00,1084.79,1084.79,1084.58,1084.58,-0.02,32.96,33487.5,-1
2023-09-04,2023-09-04 12:14:00,1084.58,1084.58,1084.38,1084.38,-0.02,32.96,33487.5,-1
2023-09-04,2023-09-04 12:15:00,1084.38,1084.38,1084.17,1084.17,-0.02,32.96,33487.5,-1
2023-09-04,2023-09-04 12:16:00,1084.17,1084.17,1083.96,1083.96,-0.02,32.96,33487.5,-1
2023-09-04,2023-09-04 12:17:00,1083.96,1083.96,1083.75,1083.75,-0.02,32.96,33487.5,-1
2023-09-04,2023-09-04 12:18:00,1083.75,1083.75,1083.54,1083.54,-0.02,32.96,33487.5,-1
2023-09-04,2023-09-04 12:19:00,1083.54,1083.54,1083.33,1083.33,-0.02,32.96,33487.5,-1
2023-09-04,2023-09-04 12:20:00,1083.33,1083.33,1083.12,1083.12,-0.02,32.96,33487.5,-1
2023-09-04,2023-09-04 12:21:00,1083.12,1083.12,1082.92,1082.92,-0.02,32.96,33487.5,-1
2023-09-04,2023-09-04 12:22:00,1082.92,1082.92,1082.71,1082.71,-0.02,32.96,33487.5,-1
2023-09-04,2023-09-04 12:23:00,1082.71,1082.71,1082.5,1082.5,-0.02,32.96,33487.5,-1
2023-09-04,2023-09-04 12:24:00,1082.5,1082.5,1082.29,1082.29,-0.02,32.96,33487.5,-1
2023-09-04,2023-09-04 12:25:00,1082.29,1082.29,1082.08,1082.08,-0.02,32.96,33487.5,-1
2023-09-04,2023-09-04 12:26:00,1082.08,1082.08,1081.88,1081.88,-0.02,32.96,33487.5,-1
2023-09-04,2023-09-04 12:27:00,1081.88,1081.88,1081.67,1081.67,-0.02,32.96,33487.5,-1
2023-09-04,2023-09-04 12:28:00,1081.67,1081.67,1081.46,1081.46,-0.02,32.96,33487.5,-1
2023-09-04,2023-09-04 12:29:00,1081.46,1081.46,1081.25,1081.25,-0.02,32.96,33487.5,-1
2023-09-04,2023-09-04 12:30:00,1081.25,1081.25,1081.04,1081.04,-0.02,32.96,33487.5,-1
2023-09-04,2023-09-04 12:31:00,1081.04,1081.04,1080.83,1080.83,-0.02,32.96,33487.5,-1
2023-09-04,2023-09-04 12:32:00,1080.83,1080.83,1080.62,1080.62,-0.02,32.96,33487.5,-1
2023-09-04,2023-09-04 12:33:00,1080.62,1080.62,1080.42,1080.42,-0.02,32.96,33487.5,-1
2023-09-04,2023-09-04 12:34:00,1080.42,1080.42,1080.21,1080.21,-0.02,32.96,33487.5,-1
2023-09-04,2023-09-04 12:35:00,1080.21,1080.21,1080.0,1080.0,-0.02,32.96,33487.5,-1
2023-09-04,2023-09-04 12:36:00,1080.0,1080.0,1079.79,1079.79,-0.02,32.96,33487.5,-1
2023-09-04,2023-09-04 12:37:00,1079.79,1079.79,1079.58,1079.58,-0.02,32.96,33487.5,-1
2023-09-04,2023-09-04 12:38:00,1079.58,1079.58,1079.38,1079.38,-0.02,32.96,33487.5,-1
2023-09-04,2023-09-04 12:39:00,1079.38,1079.38,1079.17,1079.17,-0.02,32.96,33487.5,-1
2023-09-04,2023-09-04 12:40:00,1079.17,1079.17,1078.96,1078.96,-0.02,32.96,33487.5,-1
2023-09-04,2023-09-04 12:41:00,1078.96,1078.96,1078.75,1078.75,-0.02,32.96,33487.5,-1
2023-09-04,2023-09-04 12:42:00,1078.75,1078.75,1078.54,1078.54,-0.02,32.96,33487.5,-1
2023-09-04,2023-09-04 12:43:00,1078.54,1078.54,1078.33,1078.33,-0.02,32.96,33487.5,-1
2023-09-04,2023-09-04 12:44:00,1078.33,1078.33,1078.12,1078.12,-0.02,32.96,33487.5,-1
2023-09-04,2023-09-04 12:45:00,1078.12,1078.12,1077.92,1077.92,-0.02,32.96,33487.5,-1
2023-09-04,2023-09-04 12:46:00,1077.92,1077.92,1077.71,1077.71,-0.02,32.96,33487.5,-1
2023-09-04,2023-09-04 12:47:00,1077.71,1077.71,1077.5,1077.5,-0.02,32.96,33487.5,-1
2023-09-04,2023-09-04 12:48:00,1077.5,1077.5,1077.29,1077.29,-0.02,32.96,33487.5,-1
2023-09-04,2023-09-04 12:49:00,1077.29,1077.29,1077.08,1077.08,-0.02,32.96,33487.5,-1
2023-09-04,2023-09-04 12:50:00,1077.08,1077.08,1076.88,1076.88,-0.02,32.96,33487.5,-1
2023-09-04,2023-09-04 12:51:00,1076.88,1076.88,1076.67,1076.67,-0.02,32.96,33487.5,-1
2023-09-04,2023-09-04 12:52:00,1076.67,1076.67,1076.46,1076.46,-0.02,32.96,33487.5,-1
2023-09-04,2023-09-04 12:53:00,1076.46,1076.46,1076.25,1076.25,-0.02,32.96,33487.5,-1
2023-09-04,2023-09-04 12:54:00,1076.25,1076.25,1076.04,1076.04,-0.02,32.96,33487.5,-1
2023-09-04,2023-09-04 12:55:00,1076.04,1076.04,1075.83,1075.83,-0.02,32.96,33487.5,-1
2023-09-04,2023-09-04 12:56:00,1075.83,1075.83,1075.62,1075.62,-0.02,32.96,33487.5,-1
2023-09-04,2023-09-04 12:57:00,1075.62,1075.62,1075.42,1075.42,-0.02,32.96,33487.5,-1
2023-09-04,2023-09-04 12:58:00,1075.42,1075.42,1075.21,1075.21,-0.02,32.96,33487.5,-1
2023-09-04,2023-09-04 12:59:00,1075.21,1075.21,1075.0,1075.0,-0.02,32.96,33487.5,-1
2023-09-04,2023-09-04 13:00:00,1075.0,1100.0,986.3,1074.79,-0.02,32.96,33487.5,-1
2023-09-04,2023-09-04 13:01:00,1074.79,1074.79,1074.58,1074.58,-0.02,32.96,33487.5,-1
2023-09-04,2023-09-04 13:02:00,1074.58,1074.58,1074.38,1074.38,-0.02,32.96,33487.5,-1
2023-09-04,2023-09-04 13:03:00,1074.38,1074.38,1074.17,1074.17,-0.02,32.96,33487.5,-1
2023-09-04,2023-09-04 13:04:00,1074.17,1074.17,1073.96,1073.96,-0.02,32.96,33487.5,-1
2023-09-04,2023-09-04 13:05:00,1073.96,1073.96,1073.75,1073.75,-0.02,32.96,33487.5,-1
2023-09-04,2023-09-04 13:06:00,1073.75,1073.75,1073.54,1073.54,-0.02,32.96,33487.5,-1
2023-09-04,2023-09-04 13:07:00,1073.54,1073.54,1073.33,1073.33,-0.02,32.96,33487.5,-1
2023-09-04,2023-09-04 13:08:00,1073.33,1073.33,1073.12,1073.12,-0.02,32.96,33487.5,-1
2023-09-04,2023-09-04 13:09:00,1073.12,1073.12,1072.92,1072.92,-0.02,32.96,33487.5,-1
2023-09-04,2023-09-04 13:10:00,1072.92,1072.92,1072.71,1072.71,-0.02,32.96,33487.5,-1
2023-09-04,2023-09-04 13:11:00,1072.71,1072.71,1072.5,1072.5,-0.02,32.96,33487.5,-1
2023-09-04,2023-09-04 13:12:00,1072.5,1072.5,1072.29,1072.29,-0.02,32.96,33487.5,-1
2023-09-04,2023-09-04 13:13:00,1072.29,1072.29,1072.08,1072.08,-0.02,32.96,33487.5,-1
2023-09-04,2023-09-04 13:14:00,1072.08,1072.08,1071.88,1071.88,-0.02,32.96,33487.5,-1
2023-09-04,2023-09-04 13:15:00,1071.88,1071.88,1071.67,1071.67,-0.02,32.96,33487.5,-1
2023-09-04,2023-09-04 13:16:00,1071.67,1071.67,1071.46,1071.46,-0.02,32.96,33487.5,-1
2023-09-04,2023-09-04 13:17:00,1071.46,1071.46,1071.25,1071.25,-0.02,32.96,33487.5,-1
2023-09-04,2023-09-04 13:18:00,1071.25,1071.25,1071.04,1071.04,-0.02,32.96,33487.5,-1
2023-09-04,2023-09-04 13:19:00,1071.04,1071.04,1070.83,1070.83,-0.02,32.96,33487.5,-1
2023-09-04,2023-09-04 13:20:00,1070.83,1070.83,1070.62,1070.62,-0.02,32.96,33487.5,-1
2023-09-04,2023-09-04 13:21:00,1070.62,1070.62,1070.42,1070.42,-0.02,32.96,33487.5,-1
2023-09-04,2023-09-04 13:22:00,1070.42,1070.42,1070.21,1070.21,-0.02,32.96,33487.5,-1
2023-09-04,2023-09-04 13:23:00,1070.21,1070.21,1070.0,1070.0,-0.02,32.96,33487.5,-1
2023-09-04,2023-09-04 13:24:00,1070.0,1070.0,1069.79,1069.79,-0.02,32.96,33487.5,-1
2023-09-04,2023-09-04 13:25:00,1069.79,1069.79,1069.58,1069.58,-0.02,32.96,33487.5,-1
2023-09-04,2023-09-04 13:26:00,1069.58,1069.58,1069.38,1069.38,-0.02,32.96,33487.5,-1
2023-09-04,2023-09-04 13:27:00,1069.38,1069.38,1069.17,1069.17,-0.02,32.96,33487.5,-1
2023-09-04,2023-09-04 13:28:00,1069.17,1069.17,1068.96,1068.96,-0.02,32.96,33487.5,-1
2023-09-04,2023-09-04 13:29:00,1068.96,1068.96,1068.75,1068.75,-0.02,32.96,33487.5,-1
2023-09-04,2023-09-04 13:30:00,1068.75,1068.75,1068.54,1068.54,-0.02,32.96,33487.5,-1
2023-09-04,2023-09-04 13:31:00,1068.54,1068.54,1068.33,1068.33,-0.02,32.96,33487.5,-1
2023-09-04,2023-09-04 13:32:00,1068.33,1068.33,1068.12,1068.12,-0.02,32.96,33487.5,-1
2023-09-04,2023-09-04 13:33:00,1068.12,1068.12,1067.92,1067.92,-0.02,32.96,33487.5,-1
2023-09-04,2023-09-04 13:34:00,1067.92,1067.92,1067.71,1067.71,-0.02,32.96,33487.5,-1
2023-09-04,2023-09-04 13:35:00,1067.71,1067.71,1067.5,1067.5,-0.02,32.96,33487.5,-1
2023-09-04,2023-09-04 13:36:00,1067.5,1067.5,1067.29,1067.29,-0.02,32.96,33487.5,-1
2023-09-04,2023-09-04 13:37:00,1067.29,1067.29,1067.08,1067.08,-0.02,32.96,33487.5,-1
2023-09-04,2023-09-04 13:38:00,1067.08,1067.08,1066.88,1066.88,-0.02,32.96,33487.5,-1
2023-09-04,2023-09-04 13:39:00,1066.88,1066.88,1066.67,1066.67,-0.02,32.96,33487.5,-1
2023-09-04,2023-09-04 13:40:00,1066.67,1066.67,1066.46,1066.46,-0.02,32.96,33487.5,-1
2023-09-04,2023-09-04 13:41:00,1066.46,1066.46,1066.25,1066.25,-0.02,32.96,33487.5,-1
2023-09-04,2023-09-04 13:42:00,1066.25,1066.25,1066.04,1066.04,-0.02,32.96,33487.5,-1
2023-09-04,2023-09-04 13:43:00,1066.04,1066.04,1065.83,1065.83,-0.02,32.96,33487.5,-1
2023-09-04,2023-09-04 13:44:00,1065.83,1065.83,1065.62,1065.62,-0.02,32.96,33487.5,-1
2023-09-04,2023-09-04 13:45:00,1065.62,1065.62,1065.42,1065.42,-0.02,32.96,33487.5,-1
2023-09-04,2023-09-04 13:46:00,1065.42,1065.42,1065.21,1065.21,-0.02,32.96,33487.5,-1
2023-09-04,2023-09-04 13:47:00,1065.21,1065.21,1065.0,1065.0,-0.02,32.96,33487.5,-1
2023-09-04,2023-09-04 13:48:00,1065.0,1065.0,1064.79,1064.79,-0.02,32.96,33487.5,-1
2023-09-04,2023-09-04 13:49:00,1064.79,1064.79,1064.58,1064.58,-0.02,32.96,33487.5,-1
2023-09-04,2023-09-04 13:50:00,1064.58,1064.58,1064.38,1064.38,-0.02,32.96,33487.5,-1
2023-09-04,2023-09-04 13:51:00,1064.38,1064.38,1064.17,1064.17,-0.02,32.96,33487.5,-1
2023-09-04,2023-09-04 13:52:00,1064.17,1064.17,1063.96,1063.96,-0.02,32.96,33487.5,-1
2023-09-04,2023-09-04 13:53:00,1063.96,1063.96,1063.75,1063.75,-0.02,32.96,33487.5,-1
2023-09-04,2023-09-04 13:54:00,1063.75,1063.75,1063.54,1063.54,-0.02,32.96,33487.5,-1
2023-09-04,2023-09-04 13:55:00,1063.54,1063.54,1063.33,1063.33,-0.02,32.96,33487.5,-1
2023-09-04,2023-09-04 13:56:00,1063.33,1063.33,1063.12,1063.12,-0.02,32.96,33487.5,-1
2023-09-04,2023-09-04 13:57:00,1063.12,1063.12,1062.92,1062.92,-0.02,32.96,33487.5,-1
2023-09-04,2023-09-04 13:58:00,1062.92,1062.92,1062.71,1062.71,-0.02,32.96,33487.5,-1
2023-09-04,2023-09-04 13:59:00,1062.71,1062.71,1062.5,1062.5,-0.02,32.96,33487.5,-1
2023-09-04,2023-09-04 14:00:00,1062.5,1062.5,1062.29,1062.29,-0.02,32.96,33487.5,-1
2023-09-04,2023-09-04 14:01:00,1062.29,1062.29,1062.08,1062.08,-0.02,32.96,33487.5,-1
2023-09-04,2023-09-04 14:02:00,1062.08,1062.08,1061.88,1061.88,-0.02,32.96,33487.5,-1
2023-09-04,2023-09-04 14:03:00,1061.88,1061.88,1061.67,1061.67,-0.02,32.96,33487.5,-1
2023-09-04,2023-09-04 14:04:00,1061.67,1061.67,1061.46,1061.46,-0.02,32.96,33487.5,-1
2023-09-04,2023-09-04 14:05:00,1061.46,1061.46,1061.25,1061.25,-0.02,32.96,33487.5,-1
2023-09-04,2023-09-04 14:06:00,1061.25,1061.25,1061.04,1061.04,-0.02,32.96,33487.5,-1
2023-09-04,2023-09-04 14:07:00,1061.04,1061.04,1060.83,1060.83,-0.02,32.96,33487.5,-1
2023-09-04,2023-09-04 14:08:00,1060.83,1060.83,1060.62,1060.62,-0.02,32.96,33487.5,-1
2023-09-04,2023-09-04 14:09:00,1060.62,1060.62,1060.42,1060.42,-0.02,32.96,33487.5,-1
2023-09-04,2023-09-04 14:10:00,1060.42,1060.42,1060.21,1060.21,-0.02,32.96,33487.5,-1
2023-09-04,2023-09-04 14:11:00,1060.21,1060.21,1060.0,1060.0,-0.02,32.96,33487.5,-1
2023-09-04,2023-09-04 14:12:00,1060.0,1060.0,1059.79,1059.79,-0.02,32.96,33487.5,-1
2023-09-04,2023-09-04 14:13:00,1059.79,1059.79,1059.58,1059.58,-0.02,32.96,33487.5,-1
2023-09-04,2023-09-04 14:14:00,1059.58,1059.58,1059.38,1059.38,-0.02,32.96,33487.5,-1
2023-09-04,2023-09-04 14:15:00,1059.38,1059.38,1059.17,1059.17,-0.02,32.96,33487.5,-1
2023-09-04,2023-09-04 14:16:00,1059.17,1059.17,1058.96,1058.96,-0.02,32.96,33487.5,-1
2023-09-04,2023-09-04 14:17:00,1058.96,1058.96,1058.75,1058.75,-0.02,32.96,33487.5,-1
2023-09-04,2023-09-04 14:18:00,1058.75,1058.75,1058.54,1058.54,-0.02,32.96,33487.5,-1
2023-09-04,2023-09-04 14:19:00,1058.54,1058.54,1058.33,1058.33,-0.02,32.96,33487.5,-1
2023-09-04,2023-09-04 14:20:00,1058.33,1058.33,1058.12,1058.12,-0.02,32.96,33487.5,-1
2023-09-04,2023-09-04 14:21:00,1058.12,1058.12,1057.92,1057.92,-0.02,32.96,33487.5,-1
2023-09-04,2023-09-04 14:22:00,1057.92,1057.92,1057.71,1057.71,-0.02,32.96,33487.5,-1
2023-09-04,2023-09-04 14:23:00,1057.71,1057.71,1057.5,1057.5,-0.02,32.96,33487.5,-1
2023-09-04,2023-09-04 14:24:00,1057.5,1057.5,1057.29,1057.29,-0.02,32.96,33487.5,-1
2023-09-04,2023-09-04 14:25:00,1057.29,1057.29,1057.08,1057.08,-0.02,32.96,33487.5,-1
2023-09-04,2023-09-04 14:26:00,1057.08,1057.08,1056.88,1056.88,-0.02,32.96,33487.5,-1
2023-09-04,2023-09-04 14:27:00,1056.88,1056.88,1056.67,1056.67,-0.02,32.96,33487.5,-1
2023-09-04,2023-09-04 14:28:00,1056.67,1056.67,1056.46,1056.46,-0.02,32.96,33487.5,-1
2023-09-04,2023-09-04 14:29:00,1056.46,1056.46,1056.25,1056.25,-0.02,32.96,33487.5,-1
2023-09-04,2023-09-04 14:30:00,1056.25,1056.25,1056.04,1056.04,-0.02,32.96,33487.5,-1
2023-09-04,2023-09-04 14:31:00,1056.04,1056.04,1055.83,1055.83,-0.02,32.96,33487.5,-1
2023-09-04,2023-09-04 14:32:00,1055.83,1055.83,1055.62,1055.62,-0.02,32.96,33487.5,-1
2023-09-04,2023-09-04 14:33:00,1055.62,1055.62,1055.42,1055.42,-0.02,32.96,33487.5,-1
2023-09-04,2023-09-04 14:34:00,1055.42,1055.42,1055.21,1055.21,-0.02,32.96,33487.5,-1
2023-09-04,2023-09-04 14:35:00,1055.21,1055.21,1055.0,1055.0,-0.02,32.96,33487.5,-1
2023-09-04,2023-09-04 14:36:00,1055.0,1055.0,1054.79,1054.79,-0.02,32.96,33487.5,-1
2023-09-04,2023-09-04 14:37:00,1054.79,1054.79,1054.58,1054.58,-0.02,32.96,33487.5,-1
2023-09-04,2023-09-04 14:38:00,1054.58,1054.58,1054.38,1054.38,-0.02,32.96,33487.5,-1
2023-09-04,2023-09-04 14:39:00,1054.38,1054.38,1054.17,1054.17,-0.02,32.96,33487.5,-1
2023-09-04,2023-09-04 14:40:00,1054.17,1054.17,1053.96,1053.96,-0.02,32.96,33487.5,-1
2023-09-04,2023-09-04 14:41:00,1053.96,1053.96,1053.75,1053.75,-0.02,32.96,33487.5,-1
2023-09-04,2023-09-04 14:42:00,1053.75,1053.75,1053.54,1053.54,-0.02,32.96,33487.5,-1
2023-09-04,2023-09-04 14:43:00,1053.54,1053.54,1053.33,1053.33,-0.02,32.96,33487.5,-1
2023-09-04,2023-09-04 14:44:00,1053.33,1053.33,1053.12,1053.12,-0.02,32.96,33487.5,-1
2023-09-04,2023-09-04 14:45:00,1053.12,1053.12,1052.92,1052.92,-0.02,32.96,33487.5,-1
2023-09-04,2023-09-04 14:46:00,1052.92,1052.92,1052.71,1052.71,-0.02,32.96,33487.5,-1
2023-09-04,2023-09-04 14:47:00,1052.71,1052.71,1052.5,1052.5,-0.02,32.96,33487.5,-1
2023-09-04,2023-09-04 14:48:00,1052.5,1052.5,1052.29,1052.29,-0.02,32.96,33487.5,-1
2023-09-04,2023-09-04 14:49:00,1052.29,1052.29,1052.08,1052.08,-0.02,32.96,33487.5,-1
2023-09-04,2023-09-04 14:50:00,1052.08,1052.08,1051.88,1051.88,-0.02,32.96,33487.5,-1
2023-09-04,2023-09-04 14:51:00,1051.88,1051.88,1051.67,1051.67,-0.02,32.96,33487.5,-1
2023-09-04,2023-09-04 14:52:00,1051.67,1051.67,1051.46,1051.46,-0.02,32.96,33487.5,-1
2023-09-04,2023-09-04 14:53:00,1051.46,1051.46,1051.25,1051.25,-0.02,32.96,33487.5,-1
2023-09-04,2023-09-04 14:54:00,1051.25,1051.25,1051.04,1051.04,-0.02,32.96,33487.5,-1
2023-09-04,2023-09-04 14:55:00,1051.04,1051.04,1050.83,1050.83,-0.02,32.96,33487.5,-1
2023-09-04,2023-09-04 14:56:00,1050.83,1050.83,1050.62,1050.62,-0.02,32.96,33487.5,-1
2023-09-04,2023-09-04 14:57:00,1050.62,1050.62,1050.42,1050.42,-0.02,32.96,33487.5,-1
2023-09-04,2023-09-04 14:58:00,1050.42,1050.42,1050.21,1050.21,-0.02,32.96,33487.5,-1
2023-09-04,2023-09-04 14:59:00,1050.21,1050.21,1050.0,1050.0,-0.02,32.96,33487.5,-1
2023-09-04,2023-09-04 15:00:00,1050.0,1100.0,986.3,1050.0,0.0,32.96,33487.5,0
2023-09-05,2023-09-05 11:00:00,1029.0,1038.27,1018.8,1029.0,0.0,8.19,8314.64,0
2023-09-05,2023-09-05 11:01:00,1029.0,1029.0,1028.99,1028.99,-0.0,8.19,8314.64,-1
2023-09-05,2023-09-05 11:02:00,1028.99,1028.99,1028.99,1028.99,0.0,8.19,8314.64,0
2023-09-05,2023-09-05 11:03:00,1028.99,1028.99,1028.98,1028.98,-0.0,8.19,8314.64,-1
2023-09-05,2023-09-05 11:04:00,1028.98,1028.98,1028.98,1028.98,0.0,8.19,8314.64,0
2023-09-05,2023-09-05 11:05:00,1028.98,1028.98,1028.97,1028.97,-0.0,8.19,8314.64,-1
2023-09-05,2023-09-05 11:06:00,1028.97,1028.97,1028.97,1028.97,0.0,8.19,8314.64,0
2023-09-05,2023-09-05 11:07:00,1028.97,1028.97,1028.97,1028.97,0.0,8.19,8314.64,0
2023-09-05,2023-09-05 11:08:00,1028.97,1028.97,1028.96,1028.96,-0.0,8.19,8314.64,-1
2023-09-05,2023-09-05 11:09:00,1028.96,1028.96,1028.96,1028.96,0.0,8.19,8314.64,0
2023-09-05,2023-09-05 11:10:00,1028.96,1028.96,1028.95,1028.95,-0.0,8.19,8314.64,-1
2023-09-05,2023-09-05 11:11:00,1028.95,1028.95,1028.95,1028.95,0.0,8.19,8314.64,0
2023-09-05,2023-09-05 11:12:00,1028.95,1028.95,1028.95,1028.95,0.0,8.19,8314.64,0
2023-09-05,2023-09-05 11:13:00,1028.95,1028.95,1028.94,1028.94,-0.0,8.19,8314.64,-1
2023-09-05,2023-09-05 11:14:00,1028.94,1028.94,1028.94,1028.94,0.0,8.19,8314.64,0
2023-09-05,2023-09-05 11:15:00,1028.94,1028.94,1028.93,1028.93,-0.0,8.19,8314.64,-1
2023-09-05,2023-09-05 11:16:00,1028.93,1028.93,1028.93,1028.93,0.0,8.19,8314.64,0
2023-09-05,2023-09-05 11:17:00,1028.93,1028.93,1028.92,1028.92,-0.0,8.19,8314.64,-1
2023-09-05,2023-09-05 11:18:00,1028.92,1028.92,1028.92,1028.92,0.0,8.19,8314.64,0
2023-09-05,2023-09-05 11:19:00,1028.92,1028.92,1028.92,1028.92,0.0,8.19,8314.64,0
2023-09-05,2023-09-05 11:20:00,1028.92,1028.92,1028.91,1028.91,-0.0,8.19,8314.64,-1
2023-09-05,2023-09-05 11:21:00,1028.91,1028.91,1028.91,1028.91,0.0,8.19,8314.64,0
2023-09-05,2023-09-05 11:22:00,1028.91,1028.91,1028.9,1028.9,-0.0,8.19,8314.64,-1
2023-09-05,2023-09-05 11:23:00,1028.9,1028.9,1028.9,1028.9,0.0,8.19,8314.64,0
2023-09-05,2023-09-05 11:24:00,1028.9,1028.9,1028.9,1028.9,0.0,8.19,8314.64,0
2023-09-05,2023-09-05 11:25:00,1028.9,1028.9,1028.89,1028.89,-0.0,8.19,8314.64,-1
2023-09-05,2023-09-05 11:26:00,1028.89,1028.89,1028.89,1028.89,0.0,8.19,8314.64,0
2023-09-05,2023-09-05 11:27:00,1028.89,1028.89,1028.88,1028.88,-0.0,8.19,8314.64,-1
2023-09-05,2023-09-05 11:28:00,1028.88,1028.88,1028.88,1028.88,0.0,8.19,8314.64,0
2023-09-05,2023-09-05 11:29:00,1028.88,1028.88,1028.88,1028.88,0.0,8.19,8314.64,0
2023-09-05,2023-09-05 11:30:00,1028.88,1028.88,1028.87,1028.87,-0.0,8.19,8314.64,-1
2023-09-05,2023-09-05 11:31:00,1028.87,1028.87,1028.87,1028.87,0.0,8.19,8314.64,0
2023-09-05,2023-09-05 11:32:00,1028.87,1028.87,1028.86,1028.86,-0.0,8.19,8314.64,-1
2023-09-05,2023-09-05 11:33:00,1028.86,1028.86,1028.86,1028.86,0.0,8.19,8314.64,0
2023-09-05,2023-09-05 11:34:00,1028.86,1028.86,1028.85,1028.85,-0.0,8.19,8314.64,-1
2023-09-05,2023-09-05 11:35:00,1028.85,1028.85,1028.85,1028.85,0.0,8.19,8314.64,0
2023-09-05,2023-09-05 11:36:00,1028.85,1028.85,1028.85,1028.85,0.0,8.19,8314.64,0
2023-09-05,2023-09-05 11:37:00,1028.85,1028.85,1028.84,1028.84,-0.0,8.19,8314.64,-1
2023-09-05,2023-09-05 11:38:00,1028.84,1028.84,1028.84,1028.84,0.0,8.19,8314.64,0
2023-09-05,2023-09-05 11:39:00,1028.84,1028.84,1028.83,1028.83,-0.0,8.19,8314.64,-1
2023-09-05,2023-09-05 11:40:00,1028.83,1028.83,1028.83,1028.83,0.0,8.19,8314.64,0
2023-09-05,2023-09-05 11:41:00,1028.83,1028.83,1028.83,1028.83,0.0,8.19,8314.64,0
2023-09-05,2023-09-05 11:42:00,1028.83,1028.83,1028.82,1028.82,-0.0,8.19,8314.64,-1
2023-09-05,2023-09-05 11:43:00,1028.82,1028.82,1028.82,1028.82,0.0,8.19,8314.64,0
2023-09-05,2023-09-05 11:44:00,1028.82,1028.82,1028.81,1028.81,-0.0,8.19,8314.64,-1
2023-09-05,2023-09-05 11:45:00,1028.81,1028.81,1028.81,1028.81,0.0,8.19,8314.64,0
2023-09-05,2023-09-05 11:46:00,1028.81,1028.81,1028.8,1028.8,-0.0,8.19,8314.64,-1
2023-09-05,2023-09-05 11:47:00,1028.8,1028.8,1028.8,1028.8,0.0,8.19,8314.64,0
2023-09-05,2023-09-05 11:48:00,1028.8,1028.8,1028.8,1028.8,0.0,8.19,8314.64,0
2023-09-05,2023-09-05 11:49:00,1028.8,1028.8,1028.79,1028.79,-0.0,8.19,8314.64,-1
2023-09-05,2023-09-05 11:50:00,1028.79,1028.79,1028.79,1028.79,0.0,8.19,8314.64,0
2023-09-05,2023-09-05 11:51:00,1028.79,1028.79,1028.78,1028.78,-0.0,8.19,8314.64,-1
2023-09-05,2023-09-05 11:52:00,1028.78,1028.78,1028.78,1028.78,0.0,8.19,8314.64,0
2023-09-05,2023-09-05 11:53:00,1028.78,1028.78,1028.78,1028.78,0.0,8.19,8314.64,0
2023-09-05,2023-09-05 11:54:00,1028.78,1028.78,1028.77,1028.77,-0.0,8.19,8314.64,-1
2023-09-05,2023-09-05 11:55:00,1028.77,1028.77,1028.77,1028.77,0.0,8.19,8314.64,0
2023-09-05,2023-09-05 11:56:00,1028.77,1028.77,1028.76,1028.76,-0.0,8.19,8314.64,-1
2023-09-05,2023-09-05 11:57:00,1028.76,1028.76,1028.76,1028.76,0.0,8.19,8314.64,0
2023-09-05,2023-09-05 11:58:00,1028.76,1028.76,1028.75,1028.75,-0.0,8.19,8314.64,-1
2023-09-05,2023-09-05 11:59:00,1028.75,1028.75,1028.75,1028.75,0.0,8.19,8314.64,0
2023-09-05,2023-09-05 12:00:00,1028.75,1028.75,1028.75,1028.75,0.0,8.19,8314.64,0
2023-09-05,2023-09-05 12:01:00,1028.75,1028.75,1028.74,1028.74,-0.0,8.19,8314.64,-1
2023-09-05,2023-09-05 12:02:00,1028.74,1028.74,1028.74,1028.74,0.0,8.19,8314.64,0
2023-09-05,2023-09-05 12:03:00,1028.74,1028.74,1028.73,1028.73,-0.0,8.19,8314.64,-1
2023-09-05,2023-09-05 12:04:00,1028.73,1028.73,1028.73,1028.73,0.0,8.19,8314.64,0
2023-09-05,2023-09-05 12:05:00,1028.73,1028.73,1028.72,1028.72,-0.0,8.19,8314.64,-1
2023-09-05,2023-09-05 12:06:00,1028.72,1028.72,1028.72,1028.72,0.0,8.19,8314.64,0
2023-09-05,2023-09-05 12:07:00,1028.72,1028.72,1028.72,1028.72,0.0,8.19,8314.64,0
2023-09-05,2023-09-05 12:08:00,1028.72,1028.72,1028.71,1028.71,-0.0,8.19,8314.64,-1
2023-09-05,2023-09-05 12:09:00,1028.71,1028.71,1028.71,1028.71,0.0,8.19,8314.64,0
2023-09-05,2023-09-05 12:10:00,1028.71,1028.71,1028.7,1028.7,-0.0,8.19,8314.64,-1
2023-09-05,2023-09-05 12:11:00,1028.7,1028.7,1028.7,1028.7,0.0,8.19,8314.64,0
2023-09-05,2023-09-05 12:12:00,1028.7,1028.7,1028.7,1028.7,0.0,8.19,8314.64,0
2023-09-05,2023-09-05 12:13:00,1028.7,1028.7,1028.69,1028.69,-0.0,8.19,8314.64,-1
2023-09-05,2023-09-05 12:14:00,1028.69,1028.69,1028.69,1028.69,0.0,8.19,8314.64,0
2023-09-05,2023-09-05 12:15:00,1028.69,1028.69,1028.68,1028.68,-0.0,8.19,8314.64,-1
2023-09-05,2023-09-05 12:16:00,1028.68,1028.68,1028.68,1028.68,0.0,8.19,8314.64,0
2023-09-05,2023-09-05 12:17:00,1028.68,1028.68,1028.67,1028.67,-0.0,8.19,8314.64,-1
2023-09-05,2023-09-05 12:18:00,1028.67,1028.67,1028.67,1028.67,0.0,8.19,8314.64,0
2023-09-05,2023-09-05 12:19:00,1028.67,1028.67,1028.67,1028.67,0.0,8.19,8314.64,0
2023-09-05,2023-09-05 12:20:00,1028.67,1028.67,1028.66,1028.66,-0.0,8.19,8314.64,-1
2023-09-05,2023-09-05 12:21:00,1028.66,1028.66,1028.66,1028.66,0.0,8.19,8314.64,0
2023-09-05,2023-09-05 12:22:00,1028.66,1028.66,1028.65,1028.65,-0.0,8.19,8314.64,-1
2023-09-05,2023-09-05 12:23:00,1028.65,1028.65,1028.65,1028.65,0.0,8.19,8314.64,0
2023-09-05,2023-09-05 12:24:00,1028.65,1028.65,1028.65,1028.65,0.0,8.19,8314.64,0
2023-09-05,2023-09-05 12:25:00,1028.65,1028.65,1028.64,1028.64,-0.0,8.19,8314.64,-1
2023-09-05,2023-09-05 12:26:00,1028.64,1028.64,1028.64,1028.64,0.0,8.19,8314.64,0
2023-09-05,2023-09-05 12:27:00,1028.64,1028.64,1028.63,1028.63,-0.0,8.19,8314.64,-1
2023-09-05,2023-09-05 12:28:00,1028.63,1028.63,1028.63,1028.63,0.0,8.19,8314.64,0
2023-09-05,2023-09-05 12:29:00,1028.63,1028.63,1028.62,1028.62,-0.0,8.19,8314.64,-1
2023-09-05,2023-09-05 12:30:00,1028.62,1028.62,1028.62,1028.62,0.0,8.19,8314.64,0
2023-09-05,2023-09-05 12:31:00,1028.62,1028.62,1028.62,1028.62,0.0,8.19,8314.64,0
2023-09-05,2023-09-05 12:32:00,1028.62,1028.62,1028.61,1028.61,-0.0,8.19,8314.64,-1
2023-09-05,2023-09-05 12:33:00,1028.61,1028.61,1028.61,1028.61,0.0,8.19,8314.64,0
2023-09-05,2023-09-05 12:34:00,1028.61,1028.61,1028.6,1028.6,-0.0,8.19,8314.64,-1
2023-09-05,2023-09-05 12:35:00,1028.6,1028.6,1028.6,1028.6,0.0,8.19,8314.64,0
2023-09-05,2023-09-05 12:36:00,1028.6,1028.6,1028.6,1028.6,0.0,8.19,8314.64,0
2023-09-05,2023-09-05 12:37:00,1028.6,1028.6,1028.59,1028.59,-0.0,8.19,8314.64,-1
2023-09-05,2023-09-05 12:38:00,1028.59,1028.59,1028.59,1028.59,0.0,8.19,8314.64,0
2023-09-05,2023-09-05 12:39:00,1028.59,1028.59,1028.58,1028.58,-0.0,8.19,8314.64,-1
2023-09-05,2023-09-05 12:40:00,1028.58,1028.58,1028.58,1028.58,0.0,8.19,8314.64,0
2023-09-05,2023-09-05 12:41:00,1028.58,1028.58,1028.58,1028.58,0.0,8.19,8314.64,0
2023-09-05,2023-09-05 12:42:00,1028.58,1028.58,1028.57,1028.57,-0.0,8.19,8314.64,-1
2023-09-05,2023-09-05 12:43:00,1028.57,1028.57,1028.57,1028.57,0.0,8.19,8314.64,0
2023-09-05,2023-09-05 12:44:00,1028.57,1028.57,1028.56,1028.56,-0.0,8.19,8314.64,-1
2023-09-05,2023-09-05 12:45:00,1028.56,1028.56,1028.56,1028.56,0.0,8.19,8314.64,0
2023-09-05,2023-09-05 12:46:00,1028.56,1028.56,1028.55,1028.55,-0.0,8.19,8314.64,-1
2023-09-05,2023-09-05 12:47:00,1028.55,1028.55,1028.55,1028.55,0.0,8.19,8314.64,0
2023-09-05,2023-09-05 12:48:00,1028.55,1028.55,1028.55,1028.55,0.0,8.19,8314.64,0
2023-09-05,2023-09-05 12:49:00,1028.55,1028.55,1028.54,1028.54,-0.0,8.19,8314.64,-1
2023-09-05,2023-09-05 12:50:00,1028.54,1028.54,1028.54,1028.54,0.0,8.19,8314.64,0
2023-09-05,2023-09-05 12:51:00,1028.54,1028.54,1028.53,1028.53,-0.0,8.19,8314.64,-1
2023-09-05,2023-09-05 12:52:00,1028.53,1028.53,1028.53,1028.53,0.0,8.19,8314.64,0
2023-09-05,2023-09-05 12:53:00,1028.53,1028.53,1028.53,1028.53,0.0,8.19,8314.64,0
2023-09-05,2023-09-05 12:54:00,1028.53,1028.53,1028.52,1028.52,-0.0,8.19,8314.64,-1
2023-09-05,2023-09-05 12:55:00,1028.52,1028.52,1028.52,1028.52,0.0,8.19,8314.64,0
2023-09-05,2023-09-05 12:56:00,1028.52,1028.52,1028.51,1028.51,-0.0,8.19,8314.64,-1
2023-09-05,2023-09-05 12:57:00,1028.51,1028.51,1028.51,1028.51,0.0,8.19,8314.64,0
2023-09-05,2023-09-05 12:58:00,1028.51,1028.51,1028.5,1028.5,-0.0,8.19,8314.64,-1
2023-09-05,2023-09-05 12:59:00,1028.5,1028.5,1028.5,1028.5,0.0,8.19,8314.64,0
2023-09-05,2023-09-05 13:00:00,1028.5,1059.9,995.0,1028.5,0.0,8.19,8314.64,0
2023-09-05,2023-09-05 13:01:00,1028.5,1028.5,1028.49,1028.49,-0.0,8.19,8314.64,-1
2023-09-05,2023-09-05 13:02:00,1028.49,1028.49,1028.49,1028.49,0.0,8.19,8314.64,0
2023-09-05,2023-09-05 13:03:00,1028.49,1028.49,1028.48,1028.48,-0.0,8.19,8314.64,-1
2023-09-05,2023-09-05 13:04:00,1028.48,1028.48,1028.48,1028.48,0.0,8.19,8314.64,0
2023-09-05,2023-09-05 13:05:00,1028.48,1028.48,1028.47,1028.47,-0.0,8.19,8314.64,-1
2023-09-05,2023-09-05 13:06:00,1028.47,1028.47,1028.47,1028.47,0.0,8.19,8314.64,0
2023-09-05,2023-09-05 13:07:00,1028.47,1028.47,1028.47,1028.47,0.0,8.19,8314.64,0
2023-09-05,2023-09-05 13:08:00,1028.47,1028.47,1028.46,1028.46,-0.0,8.19,8314.64,-1
2023-09-05,2023-09-05 13:09:00,1028.46,1028.46,1028.46,1028.46,0.0,8.19,8314.64,0
2023-09-05,2023-09-05 13:10:00,1028.46,1028.46,1028.45,1028.45,-0.0,8.19,8314.64,-1
2023-09-05,2023-09-05 13:11:00,1028.45,1028.45,1028.45,1028.45,0.0,8.19,8314.64,0
2023-09-05,2023-09-05 13:12:00,1028.45,1028.45,1028.45,1028.45,0.0,8.19,8314.64,0
2023-09-05,2023-09-05 13:13:00,1028.45,1028.45,1028.44,1028.44,-0.0,8.19,8314.64,-1
2023-09-05,2023-09-05 13:14:00,1028.44,1028.44,1028.44,1028.44,0.0,8.19,8314.64,0
2023-09-05,2023-09-05 13:15:00,1028.44,1028.44,1028.43,1028.43,-0.0,8.19,8314.64,-1
2023-09-05,2023-09-05 13:16:00,1028.43,1028.43,1028.43,1028.43,0.0,8.19,8314.64,0
2023-09-05,2023-09-05 13:17:00,1028.43,1028.43,1028.42,1028.42,-0.0,8.19,8314.64,-1
2023-09-05,2023-09-05 13:18:00,1028.42,1028.42,1028.42,1028.42,0.0,8.19,8314.64,0
2023-09-05,2023-09-05 13:19:00,1028.42,1028.42,1028.42,1028.42,0.0,8.19,8314.64,0
2023-09-05,2023-09-05 13:20:00,1028.42,1028.42,1028.41,1028.41,-0.0,8.19,8314.64,-1
2023-09-05,2023-09-05 13:21:00,1028.41,1028.41,1028.41,1028.41,0.0,8.19,8314.64,0
2023-09-05,2023-09-05 13:22:00,1028.41,1028.41,1028.4,1028.4,-0.0,8.19,8314.64,-1
2023-09-05,2023-09-05 13:23:00,1028.4,1028.4,1028.4,1028.4,0.0,8.19,8314.64,0
2023-09-05,2023-09-05 13:24:00,1028.4,1028.4,1028.4,1028.4,0.0,8.19,8314.64,0
2023-09-05,2023-09-05 13:25:00,1028.4,1028.4,1028.39,1028.39,-0.0,8.19,8314.64,-1
2023-09-05,2023-09-05 13:26:00,1028.39,1028.39,1028.39,1028.39,0.0,8.19,8314.64,0
2023-09-05,2023-09-05 13:27:00,1028.39,1028.39,1028.38,1028.38,-0.0,8.19,8314.64,-1
2023-09-05,2023-09-05 13:28:00,1028.38,1028.38,1028.38,1028.38,0.0,8.19,8314.64,0
2023-09-05,2023-09-05 13:29:00,1028.38,1028.38,1028.38,1028.38,0.0,8.19,8314.64,0
2023-09-05,2023-09-05 13:30:00,1028.38,1028.38,1028.37,1028.37,-0.0,8.19,8314.64,-1
2023-09-05,2023-09-05 13:31:00,1028.37,1028.37,1028.37,1028.37,0.0,8.19,8314.64,0
2023-09-05,2023-09-05 13:32:00,1028.37,1028.37,1028.36,1028.36,-0.0,8.19,8314.64,-1
2023-09-05,2023-09-05 13:33:00,1028.36,1028.36,1028.36,1028.36,0.0,8.19,8314.64,0
2023-09-05,2023-09-05 13:34:00,1028.36,1028.36,1028.35,1028.35,-0.0,8.19,8314.64,-1
2023-09-05,2023-09-05 13:35:00,1028.35,1028.35,1028.35,1028.35,0.0,8.19,8314.64,0
2023-09-05,2023-09-05 13:36:00,1028.35,1028.35,1028.35,1028.35,0.0,8.19,8314.64,0
2023-09-05,2023-09-05 13:37:00,1028.35,1028.35,1028.34,1028.34,-0.0,8.19,8314.64,-1
2023-09-05,2023-09-05 13:38:00,1028.34,1028.34,1028.34,1028.34,0.0,8.19,8314.64,0
2023-09-05,2023-09-05 13:39:00,1028.34,1028.34,1028.33,1028.33,-0.0,8.19,8314.64,-1
2023-09-05,2023-09-05 13:40:00,1028.33,1028.33,1028.33,1028.33,0.0,8.19,8314.64,0
2023-09-05,2023-09-05 13:41:00,1028.33,1028.33,1028.33,1028.33,0.0,8.19,8314.64,0
2023-09-05,2023-09-05 13:42:00,1028.33,1028.33,1028.32,1028.32,-0.0,8.19,8314.64,-1
2023-09-05,2023-09-05 13:43:00,1028.32,1028.32,1028.32,1028.32,0.0,8.19,8314.64,0
2023-09-05,2023-09-05 13:44:00,1028.32,1028.32,1028.31,1028.31,-0.0,8.19,8314.64,-1
2023-09-05,2023-09-05 13:45:00,1028.31,1028.31,1028.31,1028.31,0.0,8.19,8314.64,0
2023-09-05,2023-09-05 13:46:00,1028.31,1028.31,1028.3,1028.3,-0.0,8.19,8314.64,-1
2023-09-05,2023-09-05 13:47:00,1028.3,1028.3,1028.3,1028.3,0.0,8.19,8314.64,0
2023-09-05,2023-09-05 13:48:00,1028.3,1028.3,1028.3,1028.3,0.0,8.19,8314.64,0
2023-09-05,2023-09-05 13:49:00,1028.3,1028.3,1028.29,1028.29,-0.0,8.19,8314.64,-1
2023-09-05,2023-09-05 13:50:00,1028.29,1028.29,1028.29,1028.29,0.0,8.19,8314.64,0
2023-09-05,2023-09-05 13:51:00,1028.29,1028.29,1028.28,1028.28,-0.0,8.19,8314.64,-1
2023-09-05,2023-09-05 13:52:00,1028.28,1028.28,1028.28,1028.28,0.0,8.19,8314.64,0
2023-09-05,2023-09-05 13:53:00,1028.28,1028.28,1028.28,1028.28,0.0,8.19,8314.64,0
2023-09-05,2023-09-05 13:54:00,1028.28,1028.28,1028.27,1028.27,-0.0,8.19,8314.64,-1
2023-09-05,2023-09-05 13:55:00,1028.27,1028.27,1028.27,1028.27,0.0,8.19,8314.64,0
2023-09-05,2023-09-05 13:56:00,1028.27,1028.27,1028.26,1028.26,-0.0,8.19,8314.64,-1
2023-09-05,2023-09-05 13:57:00,1028.26,1028.26,1028.26,1028.26,0.0,8.19,8314.64,0
2023-09-05,2023-09-05 13:58:00,1028.26,1028.26,1028.25,1028.25,-0.0,8.19,8314.64,-1
2023-09-05,2023-09-05 13:59:00,1028.25,1028.25,1028.25,1028.25,0.0,8.19,8314.64,0
2023-09-05,2023-09-05 14:00:00,1028.25,1028.25,1028.25,1028.25,0.0,8.19,8314.64,0
2023-09-05,2023-09-05 14:01:00,1028.25,1028.25,1028.24,1028.24,-0.0,8.19,8314.64,-1
2023-09-05,2023-09-05 14:02:00,1028.24,1028.24,1028.24,1028.24,0.0,8.19,8314.64,0
2023-09-05,2023-09-05 14:03:00,1028.24,1028.24,1028.23,1028.23,-0.0,8.19,8314.64,-1
2023-09-05,2023-09-05 14:04:00,1028.23,1028.23,1028.23,1028.23,0.0,8.19,8314.64,0
2023-09-05,2023-09-05 14:05:00,1028.23,1028.23,1028.22,1028.22,-0.0,8.19,8314.64,-1
2023-09-05,2023-09-05 14:06:00,1028.22,1028.22,1028.22,1028.22,0.0,8.19,8314.64,0
2023-09-05,2023-09-05 14:07:00,1028.22,1028.22,1028.22,1028.22,0.0,8.19,8314.64,0
2023-09-05,2023-09-05 14:08:00,1028.22,1028.22,1028.21,1028.21,-0.0,8.19,8314.64,-1
2023-09-05,2023-09-05 14:09:00,1028.21,1028.21,1028.21,1028.21,0.0,8.19,8314.64,0
2023-09-05,2023-09-05 14:10:00,1028.21,1028.21,1028.2,1028.2,-0.0,8.19,8314.64,-1
2023-09-05,2023-09-05 14:11:00,1028.2,1028.2,1028.2,1028.2,0.0,8.19,8314.64,0
2023-09-05,2023-09-05 14:12:00,1028.2,1028.2,1028.2,1028.2,0.0,8.19,8314.64,0
2023-09-05,2023-09-05 14:13:00,1028.2,1028.2,1028.19,1028.19,-0.0,8.19,8314.64,-1
2023-09-05,2023-09-05 14:14:00,1028.19,1028.19,1028.19,1028.19,0.0,8.19,8314.64,0
2023-09-05,2023-09-05 14:15:00,1028.19,1028.19,1028.18,1028.18,-0.0,8.19,8314.64,-1
2023-09-05,2023-09-05 14:16:00,1028.18,1028.18,1028.18,1028.18,0.0,8.19,8314.64,0
2023-09-05,2023-09-05 14:17:00,1028.18,1028.18,1028.17,1028.17,-0.0,8.19,8314.64,-1
2023-09-05,2023-09-05 14:18:00,1028.17,1028.17,1028.17,1028.17,0.0,8.19,8314.64,0
2023-09-05,2023-09-05 14:19:00,1028.17,1028.17,1028.17,1028.17,0.0,8.19,8314.64,0
2023-09-05,2023-09-05 14:20:00,1028.17,1028.17,1028.16,1028.16,-0.0,8.19,8314.64,-1
2023-09-05,2023-09-05 14:21:00,1028.16,1028.16,1028.16,1028.16,0.0,8.19,8314.64,0
2023-09-05,2023-09-05 14:22:00,1028.16,1028.16,1028.15,1028.15,-0.0,8.19,8314.64,-1
2023-09-05,2023-09-05 14:23:00,1028.15,1028.15,1028.15,1028.15,0.0,8.19,8314.64,0
2023-09-05,2023-09-05 14:24:00,1028.15,1028.15,1028.15,1028.15,0.0,8.19,8314.64,0
2023-09-05,2023-09-05 14:25:00,1028.15,1028.15,1028.14,1028.14,-0.0,8.19,8314.64,-1
2023-09-05,2023-09-05 14:26:00,1028.14,1028.14,1028.14,1028.14,0.0,8.19,8314.64,0
2023-09-05,2023-09-05 14:27:00,1028.14,1028.14,1028.13,1028.13,-0.0,8.19,8314.64,-1
2023-09-05,2023-09-05 14:28:00,1028.13,1028.13,1028.13,1028.13,0.0,8.19,8314.64,0
2023-09-05,2023-09-05 14:29:00,1028.13,1028.13,1028.12,1028.12,-0.0,8.19,8314.64,-1
2023-09-05,2023-09-05 14:30:00,1028.12,1028.12,1028.12,1028.12,0.0,8.19,8314.64,0
2023-09-05,2023-09-05 14:31:00,1028.12,1028.12,1028.12,1028.12,0.0,8.19,8314.64,0
2023-09-05,2023-09-05 14:32:00,1028.12,1028.12,1028.11,1028.11,-0.0,8.19,8314.64,-1
2023-09-05,2023-09-05 14:33:00,1028.11,1028.11,1028.11,1028.11,0.0,8.19,8314.64,0
2023-09-05,2023-09-05 14:34:00,1028.11,1028.11,1028.1,1028.1,-0.0,8.19,8314.64,-1
2023-09-05,2023-09-05 14:35:00,1028.1,1028.1,1028.1,1028.1,0.0,8.19,8314.64,0
2023-09-05,2023-09-05 14:36:00,1028.1,1028.1,1028.1,1028.1,0.0,8.19,8314.64,0
2023-09-05,2023-09-05 14:37:00,1028.1,1028.1,1028.09,1028.09,-0.0,8.19,8314.64,-1
2023-09-05,2023-09-05 14:38:00,1028.09,1028.09,1028.09,1028.09,0.0,8.19,8314.64,0
2023-09-05,2023-09-05 14:39:00,1028.09,1028.09,1028.08,1028.08,-0.0,8.19,8314.64,-1
2023-09-05,2023-09-05 14:40:00,1028.08,1028.08,1028.08,1028.08,0.0,8.19,8314.64,0
2023-09-05,2023-09-05 14:41:00,1028.08,1028.08,1028.08,1028.08,0.0,8.19,8314.64,0
2023-09-05,2023-09-05 14:42:00,1028.08,1028.08,1028.07,1028.07,-0.0,8.19,8314.64,-1
2023-09-05,2023-09-05 14:43:00,1028.07,1028.07,1028.07,1028.07,0.0,8.19,8314.64,0
2023-09-05,2023-09-05 14:44:00,1028.07,1028.07,1028.06,1028.06,-0.0,8.19,8314.64,-1
2023-09-05,2023-09-05 14:45:00,1028.06,1028.06,1028.06,1028.06,0.0,8.19,8314.64,0
2023-09-05,2023-09-05 14:46:00,1028.06,1028.06,1028.05,1028.05,-0.0,8.19,8314.64,-1
2023-09-05,2023-09-05 14:47:00,1028.05,1028.05,1028.05,1028.05,0.0,8.19,8314.64,0
2023-09-05,2023-09-05 14:48:00,1028.05,1028.05,1028.05,1028.05,0.0,8.19,8314.64,0
2023-09-05,2023-09-05 14:49:00,1028.05,1028.05,1028.04,1028.04,-0.0,8.19,8314.64,-1
2023-09-05,2023-09-05 14:50:00,1028.04,1028.04,1028.04,1028.04,0.0,8.19,8314.64,0
2023-09-05,2023-09-05 14:51:00,1028.04,1028.04,1028.03,1028.03,-0.0,8.19,8314.64,-1
2023-09-05,2023-09-05 14:52:00,1028.03,1028.03,1028.03,1028.03,0.0,8.19,8314.64,0
2023-09-05,2023-09-05 14:53:00,1028.03,1028.03,1028.03,1028.03,0.0,8.19,8314.64,0
2023-09-05,2023-09-05 14:54:00,1028.03,1028.03,1028.02,1028.02,-0.0,8.19,8314.64,-1
2023-09-05,2023-09-05 14:55:00,1028.02,1028.02,1028.02,1028.02,0.0,8.19,8314.64,0
2023-09-05,2023-09-05 14:56:00,1028.02,1028.02,1028.01,1028.01,-0.0,8.19,8314.64,-1
2023-09-05,2023-09-05 14:57:00,1028.01,1028.01,1028.01,1028.01,0.0,8.19,8314.64,0
2023-09-05,2023-09-05 14:58:00,1028.01,1028.01,1028.0,1028.0,-0.0,8.19,8314.64,-1
2023-09-05,2023-09-05 14:59:00,1028.0,1028.0,1028.0,1028.0,0.0,8.19,8314.64,0
2023-09-05,2023-09-05 15:00:00,1028.0,1059.9,995.0,1028.0,0.0,8.19,8314.64,0
2023-09-07,2023-09-07 11:00:00,1042.0,1043.2,1025.2,1041.89,-0.01,5.8,5862.52,-1
2023-09-07,2023-09-07 11:01:00,1041.89,1041.89,1041.78,1041.78,-0.01,5.8,5862.52,-1
2023-09-07,2023-09-07 11:02:00,1041.78,1041.78,1041.67,1041.67,-0.01,5.8,5862.52,-1
2023-09-07,2023-09-07 11:03:00,1041.67,1041.67,1041.57,1041.57,-0.01,5.8,5862.52,-1
2023-09-07,2023-09-07 11:04:00,1041.57,1041.57,1041.46,1041.46,-0.01,5.8,5862.52,-1
2023-09-07,2023-09-07 11:05:00,1041.46,1041.46,1041.35,1041.35,-0.01,5.8,5862.52,-1
2023-09-07,2023-09-07 11:06:00,1041.35,1041.35,1041.24,1041.24,-0.01,5.8,5862.52,-1
2023-09-07,2023-09-07 11:07:00,1041.24,1041.24,1041.13,1041.13,-0.01,5.8,5862.52,-1
2023-09-07,2023-09-07 11:08:00,1041.13,1041.13,1041.03,1041.03,-0.01,5.8,5862.52,-1
2023-09-07,2023-09-07 11:09:00,1041.03,1041.03,1040.92,1040.92,-0.01,5.8,5862.52,-1
2023-09-07,2023-09-07 11:10:00,1040.92,1040.92,1040.81,1040.81,-0.01,5.8,5862.52,-1
2023-09-07,2023-09-07 11:11:00,1040.81,1040.81,1040.7,1040.7,-0.01,5.8,5862.52,-1
2023-09-07,2023-09-07 11:12:00,1040.7,1040.7,1040.59,1040.59,-0.01,5.8,5862.52,-1
2023-09-07,2023-09-07 11:13:00,1040.59,1040.59,1040.48,1040.48,-0.01,5.8,5862.52,-1
2023-09-07,2023-09-07 11:14:00,1040.48,1040.48,1040.38,1040.38,-0.01,5.8,5862.52,-1
2023-09-07,2023-09-07 11:15:00,1040.38,1040.38,1040.27,1040.27,-0.01,5.8,5862.52,-1
2023-09-07,2023-09-07 11:16:00,1040.27,1040.27,1040.16,1040.16,-0.01,5.8,5862.52,-1
2023-09-07,2023-09-07 11:17:00,1040.16,1040.16,1040.05,1040.05,-0.01,5.8,5862.52,-1
2023-09-07,2023-09-07 11:18:00,1040.05,1040.05,1039.94,1039.94,-0.01,5.8,5862.52,-1
2023-09-07,2023-09-07 11:19:00,1039.94,1039.94,1039.83,1039.83,-0.01,5.8,5862.52,-1
2023-09-07,2023-09-07 11:20:00,1039.83,1039.83,1039.72,1039.72,-0.01,5.8,5862.52,-1
2023-09-07,2023-09-07 11:21:00,1039.72,1039.72,1039.62,1039.62,-0.01,5.8,5862.52,-1
2023-09-07,2023-09-07 11:22:00,1039.62,1039.62,1039.51,1039.51,-0.01,5.8,5862.52,-1
2023-09-07,2023-09-07 11:23:00,1039.51,1039.51,1039.4,1039.4,-0.01,5.8,5862.52,-1
2023-09-07,2023-09-07 11:24:00,1039.4,1039.4,1039.29,1039.29,-0.01,5.8,5862.52,-1
2023-09-07,2023-09-07 11:25:00,1039.29,1039.29,1039.18,1039.18,-0.01,5.8,5862.52,-1
2023-09-07,2023-09-07 11:26:00,1039.18,1039.18,1039.08,1039.08,-0.01,5.8,5862.52,-1
2023-09-07,2023-09-07 11:27:00,1039.08,1039.08,1038.97,1038.97,-0.01,5.8,5862.52,-1
2023-09-07,2023-09-07 11:28:00,1038.97,1038.97,1038.86,1038.86,-0.01,5.8,5862.52,-1
2023-09-07,2023-09-07 11:29:00,1038.86,1038.86,1038.75,1038.75,-0.01,5.8,5862.52,-1
2023-09-07,2023-09-07 11:30:00,1038.75,1038.75,1038.64,1038.64,-0.01,5.8,5862.52,-1
2023-09-07,2023-09-07 11:31:00,1038.64,1038.64,1038.53,1038.53,-0.01,5.8,5862.52,-1
2023-09-07,2023-09-07 11:32:00,1038.53,1038.53,1038.42,1038.42,-0.01,5.8,5862.52,-1
2023-09-07,2023-09-07 11:33:00,1038.42,1038.42,1038.32,1038.32,-0.01,5.8,5862.52,-1
2023-09-07,2023-09-07 11:34:00,1038.32,1038.32,1038.21,1038.21,-0.01,5.8,5862.52,-1
2023-09-07,2023-09-07 11:35:00,1038.21,1038.21,1038.1,1038.1,-0.01,5.8,5862.52,-1
2023-09-07,2023-09-07 11:36:00,1038.1,1038.1,1037.99,1037.99,-0.01,5.8,5862.52,-1
2023-09-07,2023-09-07 11:37:00,1037.99,1037.99,1037.88,1037.88,-0.01,5.8,5862.52,-1
2023-09-07,2023-09-07 11:38:00,1037.88,1037.88,1037.78,1037.78,-0.01,5.8,5862.52,-1
2023-09-07,2023-09-07 11:39:00,1037.78,1037.78,1037.67,1037.67,-0.01,5.8,5862.52,-1
2023-09-07,2023-09-07 11:40:00,1037.67,1037.67,1037.56,1037.56,-0.01,5.8,5862.52,-1
2023-09-07,2023-09-07 11:41:00,1037.56,1037.56,1037.45,1037.45,-0.01,5.8,5862.52,-1
2023-09-07,2023-09-07 11:42:00,1037.45,1037.45,1037.34,1037.34,-0.01,5.8,5862.52,-1
2023-09-07,2023-09-07 11:43:00,1037.34,1037.34,1037.23,1037.23,-0.01,5.8,5862.52,-1
2023-09-07,2023-09-07 11:44:00,1037.23,1037.23,1037.12,1037.12,-0.01,5.8,5862.52,-1
2023-09-07,2023-09-07 11:45:00,1037.12,1037.12,1037.02,1037.02,-0.01,5.8,5862.52,-1
2023-09-07,2023-09-07 11:46:00,1037.02,1037.02,1036.91,1036.91,-0.01,5.8,5862.52,-1
2023-09-07,2023-09-07 11:47:00,1036.91,1036.91,1036.8,1036.8,-0.01,5.8,5862.52,-1
2023-09-07,2023-09-07 11:48:00,1036.8,1036.8,1036.69,1036.69,-0.01,5.8,5862.52,-1
2023-09-07,2023-09-07 11:49:00,1036.69,1036.69,1036.58,1036.58,-0.01,5.8,5862.52,-1
2023-09-07,2023-09-07 11:50:00,1036.58,1036.58,1036.47,1036.47,-0.01,5.8,5862.52,-1
2023-09-07,2023-09-07 11:51:00,1036.47,1036.47,1036.37,1036.37,-0.01,5.8,5862.52,-1
2023-09-07,2023-09-07 11:52:00,1036.37,1036.37,1036.26,1036.26,-0.01,5.8,5862.52,-1
2023-09-07,2023-09-07 11:53:00,1036.26,1036.26,1036.15,1036.15,-0.01,5.8,5862.52,-1
2023-09-07,2023-09-07 11:54:00,1036.15,1036.15,1036.04,1036.04,-0.01,5.8,5862.52,-1
2023-09-07,2023-09-07 11:55:00,1036.04,1036.04,1035.93,1035.93,-0.01,5.8,5862.52,-1
2023-09-07,2023-09-07 11:56:00,1035.93,1035.93,1035.83,1035.83,-0.01,5.8,5862.52,-1
2023-09-07,2023-09-07 11:57:00,1035.83,1035.83,1035.72,1035.72,-0.01,5.8,5862.52,-1
2023-09-07,2023-09-07 11:58:00,1035.72,1035.72,1035.61,1035.61,-0.01,5.8,5862.52,-1
2023-09-07,2023-09-07 11:59:00,1035.61,1035.61,1035.5,1035.5,-0.01,5.8,5862.52,-1
2023-09-07,2023-09-07 12:00:00,1035.5,1035.5,1035.39,1035.39,-0.01,5.8,5862.52,-1
2023-09-07,2023-09-07 12:01:00,1035.39,1035.39,1035.28,1035.28,-0.01,5.8,5862.52,-1
2023-09-07,2023-09-07 12:02:00,1035.28,1035.28,1035.17,1035.17,-0.01,5.8,5862.52,-1
2023-09-07,2023-09-07 12:03:00,1035.17,1035.17,1035.07,1035.07,-0.01,5.8,5862.52,-1
2023-09-07,2023-09-07 12:04:00,1035.07,1035.07,1034.96,1034.96,-0.01,5.8,5862.52,-1
2023-09-07,2023-09-07 12:05:00,1034.96,1034.96,1034.85,1034.85,-0.01,5.8,5862.52,-1
2023-09-07,2023-09-07 12:06:00,1034.85,1034.85,1034.74,1034.74,-0.01,5.8,5862.52,-1
2023-09-07,2023-09-07 12:07:00,1034.74,1034.74,1034.63,1034.63,-0.01,5.8,5862.52,-1
2023-09-07,2023-09-07 12:08:00,1034.63,1034.63,1034.53,1034.53,-0.01,5.8,5862.52,-1
2023-09-07,2023-09-07 12:09:00,1034.53,1034.53,1034.42,1034.42,-0.01,5.8,5862.52,-1
2023-09-07,2023-09-07 12:10:00,1034.42,1034.42,1034.31,1034.31,-0.01,5.8,5862.52,-1
2023-09-07,2023-09-07 12:11:00,1034.31,1034.31,1034.2,1034.2,-0.01,5.8,5862.52,-1
2023-09-07,2023-09-07 12:12:00,1034.2,1034.2,1034.09,1034.09,-0.01,5.8,5862.52,-1
2023-09-07,2023-09-07 12:13:00,1034.09,1034.09,1033.98,1033.98,-0.01,5.8,5862.52,-1
2023-09-07,2023-09-07 12:14:00,1033.98,1033.98,1033.88,1033.88,-0.01,5.8,5862.52,-1
2023-09-07,2023-09-07 12:15:00,1033.88,1033.88,1033.77,1033.77,-0.01,5.8,5862.52,-1
2023-09-07,2023-09-07 12:16:00,1033.77,1033.77,1033.66,1033.66,-0.01,5.8,5862.52,-1
2023-09-07,2023-09-07 12:17:00,1033.66,1033.66,1033.55,1033.55,-0.01,5.8,5862.52,-1
2023-09-07,2023-09-07 12:18:00,1033.55,1033.55,1033.44,1033.44,-0.01,5.8,5862.52,-1
2023-09-07,2023-09-07 12:19:00,1033.44,1033.44,1033.33,1033.33,-0.01,5.8,5862.52,-1
2023-09-07,2023-09-07 12:20:00,1033.33,1033.33,1033.22,1033.22,-0.01,5.8,5862.52,-1
2023-09-07,2023-09-07 12:21:00,1033.22,1033.22,1033.12,1033.12,-0.01,5.8,5862.52,-1
2023-09-07,2023-09-07 12:22:00,1033.12,1033.12,1033.01,1033.01,-0.01,5.8,5862.52,-1
2023-09-07,2023-09-07 12:23:00,1033.01,1033.01,1032.9,1032.9,-0.01,5.8,5862.52,-1
2023-09-07,2023-09-07 12:24:00,1032.9,1032.9,1032.79,1032.79,-0.01,5.8,5862.52,-1
2023-09-07,2023-09-07 12:25:00,1032.79,1032.79,1032.68,1032.68,-0.01,5.8,5862.52,-1
2023-09-07,2023-09-07 12:26:00,1032.68,1032.68,1032.58,1032.58,-0.01,5.8,5862.52,-1
2023-09-07,2023-09-07 12:27:00,1032.58,1032.58,1032.47,1032.47,-0.01,5.8,5862.52,-1
2023-09-07,2023-09-07 12:28:00,1032.47,1032.47,1032.36,1032.36,-0.01,5.8,5862.52,-1
2023-09-07,2023-09-07 12:29:00,1032.36,1032.36,1032.25,1032.25,-0.01,5.8,5862.52,-1
2023-09-07,2023-09-07 12:30:00,1032.25,1032.25,1032.14,1032.14,-0.01,5.8,5862.52,-1
2023-09-07,2023-09-07 12:31:00,1032.14,1032.14,1032.03,1032.03,-0.01,5.8,5862.52,-1
2023-09-07,2023-09-07 12:32:00,1032.03,1032.03,1031.92,1031.92,-0.01,5.8,5862.52,-1
2023-09-07,2023-09-07 12:33:00,1031.92,1031.92,1031.82,1031.82,-0.01,5.8,5862.52,-1
2023-09-07,2023-09-07 12:34:00,1031.82,1031.82,1031.71,1031.71,-0.01,5.8,5862.52,-1
2023-09-07,2023-09-07 12:35:00,1031.71,1031.71,1031.6,1031.6,-0.01,5.8,5862.52,-1
2023-09-07,2023-09-07 12:36:00,1031.6,1031.6,1031.49,1031.49,-0.01,5.8,5862.52,-1
2023-09-07,2023-09-07 12:37:00,1031.49,1031.49,1031.38,1031.38,-0.01,5.8,5862.52,-1
2023-09-07,2023-09-07 12:38:00,1031.38,1031.38,1031.28,1031.28,-0.01,5.8,5862.52,-1
2023-09-07,2023-09-07 12:39:00,1031.28,1031.28,1031.17,1031.17,-0.01,5.8,5862.52,-1
2023-09-07,2023-09-07 12:40:00,1031.17,1031.17,1031.06,1031.06,-0.01,5.8,5862.52,-1
2023-09-07,2023-09-07 12:41:00,1031.06,1031.06,1030.95,1030.95,-0.01,5.8,5862.52,-1
2023-09-07,2023-09-07 12:42:00,1030.95,1030.95,1030.84,1030.84,-0.01,5.8,5862.52,-1
2023-09-07,2023-09-07 12:43:00,1030.84,1030.84,1030.73,1030.73,-0.01,5.8,5862.52,-1
2023-09-07,2023-09-07 12:44:00,1030.73,1030.73,1030.62,1030.62,-0.01,5.8,5862.52,-1
2023-09-07,2023-09-07 12:45:00,1030.62,1030.62,1030.52,1030.52,-0.01,5.8,5862.52,-1
2023-09-07,2023-09-07 12:46:00,1030.52,1030.52,1030.41,1030.41,-0.01,5.8,5862.52,-1
2023-09-07,2023-09-07 12:47:00,1030.41,1030.41,1030.3,1030.3,-0.01,5.8,5862.52,-1
2023-09-07,2023-09-07 12:48:00,1030.3,1030.3,1030.19,1030.19,-0.01,5.8,5862.52,-1
2023-09-07,2023-09-07 12:49:00,1030.19,1030.19,1030.08,1030.08,-0.01,5.8,5862.52,-1
2023-09-07,2023-09-07 12:50:00,1030.08,1030.08,1029.97,1029.97,-0.01,5.8,5862.52,-1
2023-09-07,2023-09-07 12:51:00,1029.97,1029.97,1029.87,1029.87,-0.01,5.8,5862.52,-1
2023-09-07,2023-09-07 12:52:00,1029.87,1029.87,1029.76,1029.76,-0.01,5.8,5862.52,-1
2023-09-07,2023-09-07 12:53:00,1029.76,1029.76,1029.65,1029.65,-0.01,5.8,5862.52,-1
2023-09-07,2023-09-07 12:54:00,1029.65,1029.65,1029.54,1029.54,-0.01,5.8,5862.52,-1
2023-09-07,2023-09-07 12:55:00,1029.54,1029.54,1029.43,1029.43,-0.01,5.8,5862.52,-1
2023-09-07,2023-09-07 12:56:00,1029.43,1029.43,1029.33,1029.33,-0.01,5.8,5862.52,-1
2023-09-07,2023-09-07 12:57:00,1029.33,1029.33,1029.22,1029.22,-0.01,5.8,5862.52,-1
2023-09-07,2023-09-07 12:58:00,1029.22,1029.22,1029.11,1029.11,-0.01,5.8,5862.52,-1
2023-09-07,2023-09-07 12:59:00,1029.11,1029.11,1029.0,1029.0,-0.01,5.8,5862.52,-1
2023-09-07,2023-09-07 13:00:00,1029.0,1046.0,986.0,1028.89,-0.01,5.8,5862.52,-1
2023-09-07,2023-09-07 13:01:00,1028.89,1028.89,1028.78,1028.78,-0.01,5.8,5862.52,-1
2023-09-07,2023-09-07 13:02:00,1028.78,1028.78,1028.67,1028.67,-0.01,5.8,5862.52,-1
2023-09-07,2023-09-07 13:03:00,1028.67,1028.67,1028.57,1028.57,-0.01,5.8,5862.52,-1
2023-09-07,2023-09-07 13:04:00,1028.57,1028.57,1028.46,1028.46,-0.01,5.8,5862.52,-1
2023-09-07,2023-09-07 13:05:00,1028.46,1028.46,1028.35,1028.35,-0.01,5.8,5862.52,-1
2023-09-07,2023-09-07 13:06:00,1028.35,1028.35,1028.24,1028.24,-0.01,5.8,5862.52,-1
2023-09-07,2023-09-07 13:07:00,1028.24,1028.24,1028.13,1028.13,-0.01,5.8,5862.52,-1
2023-09-07,2023-09-07 13:08:00,1028.13,1028.13,1028.03,1028.03,-0.01,5.8,5862.52,-1
2023-09-07,2023-09-07 13:09:00,1028.03,1028.03,1027.92,1027.92,-0.01,5.8,5862.52,-1
2023-09-07,2023-09-07 13:10:00,1027.92,1027.92,1027.81,1027.81,-0.01,5.8,5862.52,-1
2023-09-07,2023-09-07 13:11:00,1027.81,1027.81,1027.7,1027.7,-0.01,5.8,5862.52,-1
2023-09-07,2023-09-07 13:12:00,1027.7,1027.7,1027.59,1027.59,-0.01,5.8,5862.52,-1
2023-09-07,2023-09-07 13:13:00,1027.59,1027.59,1027.48,1027.48,-0.01,5.8,5862.52,-1
2023-09-07,2023-09-07 13:14:00,1027.48,1027.48,1027.38,1027.38,-0.01,5.8,5862.52,-1
2023-09-07,2023-09-07 13:15:00,1027.38,1027.38,1027.27,1027.27,-0.01,5.8,5862.52,-1
2023-09-07,2023-09-07 13:16:00,1027.27,1027.27,1027.16,1027.16,-0.01,5.8,5862.52,-1
2023-09-07,2023-09-07 13:17:00,1027.16,1027.16,1027.05,1027.05,-0.01,5.8,5862.52,-1
2023-09-07,2023-09-07 13:18:00,1027.05,1027.05,1026.94,1026.94,-0.01,5.8,5862.52,-1
2023-09-07,2023-09-07 13:19:00,1026.94,1026.94,1026.83,1026.83,-0.01,5.8,5862.52,-1
2023-09-07,2023-09-07 13:20:00,1026.83,1026.83,1026.72,1026.72,-0.01,5.8,5862.52,-1
2023-09-07,2023-09-07 13:21:00,1026.72,1026.72,1026.62,1026.62,-0.01,5.8,5862.52,-1
2023-09-07,2023-09-07 13:22:00,1026.62,1026.62,1026.51,1026.51,-0.01,5.8,5862.52,-1
2023-09-07,2023-09-07 13:23:00,1026.51,1026.51,1026.4,1026.4,-0.01,5.8,5862.52,-1
2023-09-07,2023-09-07 13:24:00,1026.4,1026.4,1026.29,1026.29,-0.01,5.8,5862.52,-1
2023-09-07,2023-09-07 13:25:00,1026.29,1026.29,1026.18,1026.18,-0.01,5.8,5862.52,-1
2023-09-07,2023-09-07 13:26:00,1026.18,1026.18,1026.08,1026.08,-0.01,5.8,5862.52,-1
2023-09-07,2023-09-07 13:27:00,1026.08,1026.08,1025.97,1025.97,-0.01,5.8,5862.52,-1
2023-09-07,2023-09-07 13:28:00,1025.97,1025.97,1025.86,1025.86,-0.01,5.8,5862.52,-1
2023-09-07,2023-09-07 13:29:00,1025.86,1025.86,1025.75,1025.75,-0.01,5.8,5862.52,-1
2023-09-07,2023-09-07 13:30:00,1025.75,1025.75,1025.64,1025.64,-0.01,5.8,5862.52,-1
2023-09-07,2023-09-07 13:31:00,1025.64,1025.64,1025.53,1025.53,-0.01,5.8,5862.52,-1
2023-09-07,2023-09-07 13:32:00,1025.53,1025.53,1025.42,1025.42,-0.01,5.8,5862.52,-1
2023-09-07,2023-09-07 13:33:00,1025.42,1025.42,1025.32,1025.32,-0.01,5.8,5862.52,-1
2023-09-07,2023-09-07 13:34:00,1025.32,1025.32,1025.21,1025.21,-0.01,5.8,5862.52,-1
2023-09-07,2023-09-07 13:35:00,1025.21,1025.21,1025.1,1025.1,-0.01,5.8,5862.52,-1
2023-09-07,2023-09-07 13:36:00,1025.1,1025.1,1024.99,1024.99,-0.01,5.8,5862.52,-1
2023-09-07,2023-09-07 13:37:00,1024.99,1024.99,1024.88,1024.88,-0.01,5.8,5862.52,-1
2023-09-07,2023-09-07 13:38:00,1024.88,1024.88,1024.78,1024.78,-0.01,5.8,5862.52,-1
2023-09-07,2023-09-07 13:39:00,1024.78,1024.78,1024.67,1024.67,-0.01,5.8,5862.52,-1
2023-09-07,2023-09-07 13:40:00,1024.67,1024.67,1024.56,1024.56,-0.01,5.8,5862.52,-1
2023-09-07,2023-09-07 13:41:00,1024.56,1024.56,1024.45,1024.45,-0.01,5.8,5862.52,-1
2023-09-07,2023-09-07 13:42:00,1024.45,1024.45,1024.34,1024.34,-0.01,5.8,5862.52,-1
2023-09-07,2023-09-07 13:43:00,1024.34,1024.34,1024.23,1024.23,-0.01,5.8,5862.52,-1
2023-09-07,2023-09-07 13:44:00,1024.23,1024.23,1024.12,1024.12,-0.01,5.8,5862.52,-1
2023-09-07,2023-09-07 13:45:00,1024.12,1024.12,1024.02,1024.02,-0.01,5.8,5862.52,-1
2023-09-07,2023-09-07 13:46:00,1024.02,1024.02,1023.91,1023.91,-0.01,5.8,5862.52,-1
2023-09-07,2023-09-07 13:47:00,1023.91,1023.91,1023.8,1023.8,-0.01,5.8,5862.52,-1
2023-09-07,2023-09-07 13:48:00,1023.8,1023.8,1023.69,1023.69,-0.01,5.8,5862.52,-1
2023-09-07,2023-09-07 13:49:00,1023.69,1023.69,1023.58,1023.58,-0.01,5.8,5862.52,-1
2023-09-07,2023-09-07 13:50:00,1023.58,1023.58,1023.48,1023.48,-0.01,5.8,5862.52,-1
2023-09-07,2023-09-07 13:51:00,1023.48,1023.48,1023.37,1023.37,-0.01,5.8,5862.52,-1
2023-09-07,2023-09-07 13:52:00,1023.37,1023.37,1023.26,1023.26,-0.01,5.8,5862.52,-1
2023-09-07,2023-09-07 13:53:00,1023.26,1023.26,1023.15,1023.15,-0.01,5.8,5862.52,-1
2023-09-07,2023-09-07 13:54:00,1023.15,1023.15,1023.04,1023.04,-0.01,5.8,5862.52,-1
2023-09-07,2023-09-07 13:55:00,1023.04,1023.04,1022.93,1022.93,-0.01,5.8,5862.52,-1
2023-09-07,2023-09-07 13:56:00,1022.93,1022.93,1022.83,1022.83,-0.01,5.8,5862.52,-1
2023-09-07,2023-09-07 13:57:00,1022.83,1022.83,1022.72,1022.72,-0.01,5.8,5862.52,-1
2023-09-07,2023-09-07 13:58:00,1022.72,1022.72,1022.61,1022.61,-0.01,5.8,5862.52,-1
2023-09-07,2023-09-07 13:59:00,1022.61,1022.61,1022.5,1022.5,-0.01,5.8,5862.52,-1
2023-09-07,2023-09-07 14:00:00,1022.5,1022.5,1022.39,1022.39,-0.01,5.8,5862.52,-1
2023-09-07,2023-09-07 14:01:00,1022.39,1022.39,1022.28,1022.28,-0.01,5.8,5862.52,-1
2023-09-07,2023-09-07 14:02:00,1022.28,1022.28,1022.17,1022.17,-0.01,5.8,5862.52,-1
2023-09-07,2023-09-07 14:03:00,1022.17,1022.17,1022.07,1022.07,-0.01,5.8,5862.52,-1
2023-09-07,2023-09-07 14:04:00,1022.07,1022.07,1021.96,1021.96,-0.01,5.8,5862.52,-1
2023-09-07,2023-09-07 14:05:00,1021.96,1021.96,1021.85,1021.85,-0.01,5.8,5862.52,-1
2023-09-07,2023-09-07 14:06:00,1021.85,1021.85,1021.74,1021.74,-0.01,5.8,5862.52,-1
2023-09-07,2023-09-07 14:07:00,1021.74,1021.74,1021.63,1021.63,-0.01,5.8,5862.52,-1
2023-09-07,2023-09-07 14:08:00,1021.63,1021.63,1021.52,1021.52,-0.01,5.8,5862.52,-1
2023-09-07,2023-09-07 14:09:00,1021.52,1021.52,1021.42,1021.42,-0.01,5.8,5862.52,-1
2023-09-07,2023-09-07 14:10:00,1021.42,1021.42,1021.31,1021.31,-0.01,5.8,5862.52,-1
2023-09-07,2023-09-07 14:11:00,1021.31,1021.31,1021.2,1021.2,-0.01,5.8,5862.52,-1
2023-09-07,2023-09-07 14:12:00,1021.2,1021.2,1021.09,1021.09,-0.01,5.8,5862.52,-1
2023-09-07,2023-09-07 14:13:00,1021.09,1021.09,1020.98,1020.98,-0.01,5.8,5862.52,-1
2023-09-07,2023-09-07 14:14:00,1020.98,1020.98,1020.88,1020.88,-0.01,5.8,5862.52,-1
2023-09-07,2023-09-07 14:15:00,1020.88,1020.88,1020.77,1020.77,-0.01,5.8,5862.52,-1
2023-09-07,2023-09-07 14:16:00,1020.77,1020.77,1020.66,1020.66,-0.01,5.8,5862.52,-1
2023-09-07,2023-09-07 14:17:00,1020.66,1020.66,1020.55,1020.55,-0.01,5.8,5862.52,-1
2023-09-07,2023-09-07 14:18:00,1020.55,1020.55,1020.44,1020.44,-0.01,5.8,5862.52,-1
2023-09-07,2023-09-07 14:19:00,1020.44,1020.44,1020.33,1020.33,-0.01,5.8,5862.52,-1
2023-09-07,2023-09-07 14:20:00,1020.33,1020.33,1020.23,1020.23,-0.01,5.8,5862.52,-1
2023-09-07,2023-09-07 14:21:00,1020.23,1020.23,1020.12,1020.12,-0.01,5.8,5862.52,-1
2023-09-07,2023-09-07 14:22:00,1020.12,1020.12,1020.01,1020.01,-0.01,5.8,5862.52,-1
2023-09-07,2023-09-07 14:23:00,1020.01,1020.01,1019.9,1019.9,-0.01,5.8,5862.52,-1
2023-09-07,2023-09-07 14:24:00,1019.9,1019.9,1019.79,1019.79,-0.01,5.8,5862.52,-1
2023-09-07,2023-09-07 14:25:00,1019.79,1019.79,1019.68,1019.68,-0.01,5.8,5862.52,-1
2023-09-07,2023-09-07 14:26:00,1019.68,1019.68,1019.58,1019.58,-0.01,5.8,5862.52,-1
2023-09-07,2023-09-07 14:27:00,1019.58,1019.58,1019.47,1019.47,-0.01,5.8,5862.52,-1
2023-09-07,2023-09-07 14:28:00,1019.47,1019.47,1019.36,1019.36,-0.01,5.8,5862.52,-1
2023-09-07,2023-09-07 14:29:00,1019.36,1019.36,1019.25,1019.25,-0.01,5.8,5862.52,-1
2023-09-07,2023-09-07 14:30:00,1019.25,1019.25,1019.14,1019.14,-0.01,5.8,5862.52,-1
2023-09-07,2023-09-07 14:31:00,1019.14,1019.14,1019.03,1019.03,-0.01,5.8,5862.52,-1
2023-09-07,2023-09-07 14:32:00,1019.03,1019.03,1018.92,1018.92,-0.01,5.8,5862.52,-1
2023-09-07,2023-09-07 14:33:00,1018.92,1018.92,1018.82,1018.82,-0.01,5.8,5862.52,-1
2023-09-07,2023-09-07 14:34:00,1018.82,1018.82,1018.71,1018.71,-0.01,5.8,5862.52,-1
2023-09-07,2023-09-07 14:35:00,1018.71,1018.71,1018.6,1018.6,-0.01,5.8,5862.52,-1
2023-09-07,2023-09-07 14:36:00,1018.6,1018.6,1018.49,1018.49,-0.01,5.8,5862.52,-1
2023-09-07,2023-09-07 14:37:00,1018.49,1018.49,1018.38,1018.38,-0.01,5.8,5862.52,-1
2023-09-07,2023-09-07 14:38:00,1018.38,1018.38,1018.27,1018.27,-0.01,5.8,5862.52,-1
2023-09-07,2023-09-07 14:39:00,1018.27,1018.27,1018.17,1018.17,-0.01,5.8,5862.52,-1
2023-09-07,2023-09-07 14:40:00,1018.17,1018.17,1018.06,1018.06,-0.01,5.8,5862.52,-1
2023-09-07,2023-09-07 14:41:00,1018.06,1018.06,1017.95,1017.95,-0.01,5.8,5862.52,-1
2023-09-07,2023-09-07 14:42:00,1017.95,1017.95,1017.84,1017.84,-0.01,5.8,5862.52,-1
2023-09-07,2023-09-07 14:43:00,1017.84,1017.84,1017.73,1017.73,-0.01,5.8,5862.52,-1
2023-09-07,2023-09-07 14:44:00,1017.73,1017.73,1017.62,1017.62,-0.01,5.8,5862.52,-1
2023-09-07,2023-09-07 14:45:00,1017.62,1017.62,1017.52,1017.52,-0.01,5.8,5862.52,-1
2023-09-07,2023-09-07 14:46:00,1017.52,1017.52,1017.41,1017.41,-0.01,5.8,5862.52,-1
2023-09-07,2023-09-07 14:47:00,1017.41,1017.41,1017.3,1017.3,-0.01,5.8,5862.52,-1
2023-09-07,2023-09-07 14:48:00,1017.3,1017.3,1017.19,1017.19,-0.01,5.8,5862.52,-1
2023-09-07,2023-09-07 14:49:00,1017.19,1017.19,1017.08,1017.08,-0.01,5.8,5862.52,-1
2023-09-07,2023-09-07 14:50:00,1017.08,1017.08,1016.98,1016.98,-0.01,5.8,5862.52,-1
2023-09-07,2023-09-07 14:51:00,1016.98,1016.98,1016.87,1016.87,-0.01,5.8,5862.52,-1
2023-09-07,2023-09-07 14:52:00,1016.87,1016.87,1016.76,1016.76,-0.01,5.8,5862.52,-1
2023-09-07,2023-09-07 14:53:00,1016.76,1016.76,1016.65,1016.65,-0.01,5.8,5862.52,-1
2023-09-07,2023-09-07 14:54:00,1016.65,1016.65,1016.54,1016.54,-0.01,5.8,5862.52,-1
2023-09-07,2023-09-07 14:55:00,1016.54,1016.54,1016.43,1016.43,-0.01,5.8,5862.52,-1
2023-09-07,2023-09-07 14:56:00,1016.43,1016.43,1016.33,1016.33,-0.01,5.8,5862.52,-1
2023-09-07,2023-09-07 14:57:00,1016.33,1016.33,1016.22,1016.22,-0.01,5.8,5862.52,-1
2023-09-07,2023-09-07 14:58:00,1016.22,1016.22,1016.11,1016.11,-0.01,5.8,5862.52,-1
2023-09-07,2023-09-07 14:59:00,1016.11,1016.11,1016.0,1016.0,-0.01,5.8,5862.52,-1
2023-09-07,2023-09-07 15:00:00,1016.0,1046.0,986.0,1016.0,0.0,5.8,5862.52,0
2023-09-10,2023-09-10 11:00:00,1036.0,1048.3,1018.9,1036.16,0.02,14.35,14353.13,1
2023-09-10,2023-09-10 11:01:00,1036.16,1036.33,1036.16,1036.33,0.02,14.35,14353.13,1
2023-09-10,2023-09-10 11:02:00,1036.33,1036.49,1036.33,1036.49,0.02,14.35,14353.13,1
2023-09-10,2023-09-10 11:03:00,1036.49,1036.65,1036.49,1036.65,0.02,14.35,14353.13,1
2023-09-10,2023-09-10 11:04:00,1036.65,1036.81,1036.65,1036.81,0.02,14.35,14353.13,1
2023-09-10,2023-09-10 11:05:00,1036.81,1036.97,1036.81,1036.97,0.02,14.35,14353.13,1
2023-09-10,2023-09-10 11:06:00,1036.97,1037.14,1036.97,1037.14,0.02,14.35,14353.13,1
2023-09-10,2023-09-10 11:07:00,1037.14,1037.3,1037.14,1037.3,0.02,14.35,14353.13,1
2023-09-10,2023-09-10 11:08:00,1037.3,1037.46,1037.3,1037.46,0.02,14.35,14353.13,1
2023-09-10,2023-09-10 11:09:00,1037.46,1037.62,1037.46,1037.62,0.02,14.35,14353.13,1
2023-09-10,2023-09-10 11:10:00,1037.62,1037.79,1037.62,1037.79,0.02,14.35,14353.13,1
2023-09-10,2023-09-10 11:11:00,1037.79,1037.95,1037.79,1037.95,0.02,14.35,14353.13,1
2023-09-10,2023-09-10 11:12:00,1037.95,1038.11,1037.95,1038.11,0.02,14.35,14353.13,1
2023-09-10,2023-09-10 11:13:00,1038.11,1038.28,1038.11,1038.28,0.02,14.35,14353.13,1
2023-09-10,2023-09-10 11:14:00,1038.28,1038.44,1038.28,1038.44,0.02,14.35,14353.13,1
2023-09-10,2023-09-10 11:15:00,1038.44,1038.6,1038.44,1038.6,0.02,14.35,14353.13,1
2023-09-10,2023-09-10 11:16:00,1038.6,1038.76,1038.6,1038.76,0.02,14.35,14353.13,1
2023-09-10,2023-09-10 11:17:00,1038.76,1038.92,1038.76,1038.92,0.02,14.35,14353.13,1
2023-09-10,2023-09-10 11:18:00,1038.92,1039.09,1038.92,1039.09,0.02,14.35,14353.13,1
2023-09-10,2023-09-10 11:19:00,1039.09,1039.25,1039.09,1039.25,0.02,14.35,14353.13,1
2023-09-10,2023-09-10 11:20:00,1039.25,1039.41,1039.25,1039.41,0.02,14.35,14353.13,1
2023-09-10,2023-09-10 11:21:00,1039.41,1039.58,1039.41,1039.58,0.02,14.35,14353.13,1
2023-09-10,2023-09-10 11:22:00,1039.58,1039.74,1039.58,1039.74,0.02,14.35,14353.13,1
2023-09-10,2023-09-10 11:23:00,1039.74,1039.9,1039.74,1039.9,0.02,14.35,14353.13,1
2023-09-10,2023-09-10 11:24:00,1039.9,1040.06,1039.9,1040.06,0.02,14.35,14353.13,1
2023-09-10,2023-09-10 11:25:00,1040.06,1040.22,1040.06,1040.22,0.02,14.35,14353.13,1
2023-09-10,2023-09-10 11:26:00,1040.22,1040.39,1040.22,1040.39,0.02,14.35,14353.13,1
2023-09-10,2023-09-10 11:27:00,1040.39,1040.55,1040.39,1040.55,0.02,14.35,14353.13,1
2023-09-10,2023-09-10 11:28:00,1040.55,1040.71,1040.55,1040.71,0.02,14.35,14353.13,1
2023-09-10,2023-09-10 11:29:00,1040.71,1040.88,1040.71,1040.88,0.02,14.35,14353.13,1
2023-09-10,2023-09-10 11:30:00,1040.88,1041.04,1040.88,1041.04,0.02,14.35,14353.13,1
2023-09-10,2023-09-10 11:31:00,1041.04,1041.2,1041.04,1041.2,0.02,14.35,14353.13,1
2023-09-10,2023-09-10 11:32:00,1041.2,1041.36,1041.2,1041.36,0.02,14.35,14353.13,1
2023-09-10,2023-09-10 11:33:00,1041.36,1041.53,1041.36,1041.53,0.02,14.35,14353.13,1
2023-09-10,2023-09-10 11:34:00,1041.53,1041.69,1041.53,1041.69,0.02,14.35,14353.13,1
2023-09-10,2023-09-10 11:35:00,1041.69,1041.85,1041.69,1041.85,0.02,14.35,14353.13,1
2023-09-10,2023-09-10 11:36:00,1041.85,1042.01,1041.85,1042.01,0.02,14.35,14353.13,1
2023-09-10,2023-09-10 11:37:00,1042.01,1042.17,1042.01,1042.17,0.02,14.35,14353.13,1
2023-09-10,2023-09-10 11:38:00,1042.17,1042.34,1042.17,1042.34,0.02,14.35,14353.13,1
2023-09-10,2023-09-10 11:39:00,1042.34,1042.5,1042.34,1042.5,0.02,14.35,14353.13,1
2023-09-10,2023-09-10 11:40:00,1042.5,1042.66,1042.5,1042.66,0.02,14.35,14353.13,1
2023-09-10,2023-09-10 11:41:00,1042.66,1042.83,1042.66,1042.83,0.02,14.35,14353.13,1
2023-09-10,2023-09-10 11:42:00,1042.83,1042.99,1042.83,1042.99,0.02,14.35,14353.13,1
2023-09-10,2023-09-10 11:43:00,1042.99,1043.15,1042.99,1043.15,0.02,14.35,14353.13,1
2023-09-10,2023-09-10 11:44:00,1043.15,1043.31,1043.15,1043.31,0.02,14.35,14353.13,1
2023-09-10,2023-09-10 11:45:00,1043.31,1043.47,1043.31,1043.47,0.02,14.35,14353.13,1
2023-09-10,2023-09-10 11:46:00,1043.47,1043.64,1043.47,1043.64,0.02,14.35,14353.13,1
2023-09-10,2023-09-10 11:47:00,1043.64,1043.8,1043.64,1043.8,0.02,14.35,14353.13,1
2023-09-10,2023-09-10 11:48:00,1043.8,1043.96,1043.8,1043.96,0.02,14.35,14353.13,1
2023-09-10,2023-09-10 11:49:00,1043.96,1044.12,1043.96,1044.12,0.02,14.35,14353.13,1
2023-09-10,2023-09-10 11:50:00,1044.12,1044.29,1044.12,1044.29,0.02,14.35,14353.13,1
2023-09-10,2023-09-10 11:51:00,1044.29,1044.45,1044.29,1044.45,0.02,14.35,14353.13,1
2023-09-10,2023-09-10 11:52:00,1044.45,1044.61,1044.45,1044.61,0.02,14.35,14353.13,1
2023-09-10,2023-09-10 11:53:00,1044.61,1044.78,1044.61,1044.78,0.02,14.35,14353.13,1
2023-09-10,2023-09-10 11:54:00,1044.78,1044.94,1044.78,1044.94,0.02,14.35,14353.13,1
2023-09-10,2023-09-10 11:55:00,1044.94,1045.1,1044.94,1045.1,0.02,14.35,14353.13,1
2023-09-10,2023-09-10 11:56:00,1045.1,1045.26,1045.1,1045.26,0.02,14.35,14353.13,1
2023-09-10,2023-09-10 11:57:00,1045.26,1045.42,1045.26,1045.42,0.02,14.35,14353.13,1
2023-09-10,2023-09-10 11:58:00,1045.42,1045.59,1045.42,1045.59,0.02,14.35,14353.13,1
2023-09-10,2023-09-10 11:59:00,1045.59,1045.75,1045.59,1045.75,0.02,14.35,14353.13,1
2023-09-10,2023-09-10 12:00:00,1045.75,1045.91,1045.75,1045.91,0.02,14.35,14353.13,1
2023-09-10,2023-09-10 12:01:00,1045.91,1046.08,1045.91,1046.08,0.02,14.35,14353.13,1
2023-09-10,2023-09-10 12:02:00,1046.08,1046.24,1046.08,1046.24,0.02,14.35,14353.13,1
2023-09-10,2023-09-10 12:03:00,1046.24,1046.4,1046.24,1046.4,0.02,14.35,14353.13,1
2023-09-10,2023-09-10 12:04:00,1046.4,1046.56,1046.4,1046.56,0.02,14.35,14353.13,1
2023-09-10,2023-09-10 12:05:00,1046.56,1046.72,1046.56,1046.72,0.02,14.35,14353.13,1
2023-09-10,2023-09-10 12:06:00,1046.72,1046.89,1046.72,1046.89,0.02,14.35,14353.13,1
2023-09-10,2023-09-10 12:07:00,1046.89,1047.05,1046.89,1047.05,0.02,14.35,14353.13,1
2023-09-10,2023-09-10 12:08:00,1047.05,1047.21,1047.05,1047.21,0.02,14.35,14353.13,1
2023-09-10,2023-09-10 12:09:00,1047.21,1047.38,1047.21,1047.38,0.02,14.35,14353.13,1
2023-09-10,2023-09-10 12:10:00,1047.38,1047.54,1047.38,1047.54,0.02,14.35,14353.13,1
2023-09-10,2023-09-10 12:11:00,1047.54,1047.7,1047.54,1047.7,0.02,14.35,14353.13,1
2023-09-10,2023-09-10 12:12:00,1047.7,1047.86,1047.7,1047.86,0.02,14.35,14353.13,1
2023-09-10,2023-09-10 12:13:00,1047.86,1048.03,1047.86,1048.03,0.02,14.35,14353.13,1
2023-09-10,2023-09-10 12:14:00,1048.03,1048.19,1048.03,1048.19,0.02,14.35,14353.13,1
2023-09-10,2023-09-10 12:15:00,1048.19,1048.35,1048.19,1048.35,0.02,14.35,14353.13,1
2023-09-10,2023-09-10 12:16:00,1048.35,1048.51,1048.35,1048.51,0.02,14.35,14353.13,1
2023-09-10,2023-09-10 12:17:00,1048.51,1048.67,1048.51,1048.67,0.02,14.35,14353.13,1
2023-09-10,2023-09-10 12:18:00,1048.67,1048.84,1048.67,1048.84,0.02,14.35,14353.13,1
2023-09-10,2023-09-10 12:19:00,1048.84,1049.0,1048.84,1049.0,0.02,14.35,14353.13,1
2023-09-10,2023-09-10 12:20:00,1049.0,1049.16,1049.0,1049.16,0.02,14.35,14353.13,1
2023-09-10,2023-09-10 12:21:00,1049.16,1049.33,1049.16,1049.33,0.02,14.35,14353.13,1
2023-09-10,2023-09-10 12:22:00,1049.33,1049.49,1049.33,1049.49,0.02,14.35,14353.13,1
2023-09-10,2023-09-10 12:23:00,1049.49,1049.65,1049.49,1049.65,0.02,14.35,14353.13,1
2023-09-10,2023-09-10 12:24:00,1049.65,1049.81,1049.65,1049.81,0.02,14.35,14353.13,1
2023-09-10,2023-09-10 12:25:00,1049.81,1049.97,1049.81,1049.97,0.02,14.35,14353.13,1
2023-09-10,2023-09-10 12:26:00,1049.97,1050.14,1049.97,1050.14,0.02,14.35,14353.13,1
2023-09-10,2023-09-10 12:27:00,1050.14,1050.3,1050.14,1050.3,0.02,14.35,14353.13,1
2023-09-10,2023-09-10 12:28:00,1050.3,1050.46,1050.3,1050.46,0.02,14.35,14353.13,1
2023-09-10,2023-09-10 12:29:00,1050.46,1050.62,1050.46,1050.62,0.02,14.35,14353.13,1
2023-09-10,2023-09-10 12:30:00,1050.62,1050.79,1050.62,1050.79,0.02,14.35,14353.13,1
2023-09-10,2023-09-10 12:31:00,1050.79,1050.95,1050.79,1050.95,0.02,14.35,14353.13,1
2023-09-10,2023-09-10 12:32:00,1050.95,1051.11,1050.95,1051.11,0.02,14.35,14353.13,1
2023-09-10,2023-09-10 12:33:00,1051.11,1051.28,1051.11,1051.28,0.02,14.35,14353.13,1
2023-09-10,2023-09-10 12:34:00,1051.28,1051.44,1051.28,1051.44,0.02,14.35,14353.13,1
2023-09-10,2023-09-10 12:35:00,1051.44,1051.6,1051.44,1051.6,0.02,14.35,14353.13,1
2023-09-10,2023-09-10 12:36:00,1051.6,1051.76,1051.6,1051.76,0.02,14.35,14353.13,1
2023-09-10,2023-09-10 12:37:00,1051.76,1051.92,1051.76,1051.92,0.02,14.35,14353.13,1
2023-09-10,2023-09-10 12:38:00,1051.92,1052.09,1051.92,1052.09,0.02,14.35,14353.13,1
2023-09-10,2023-09-10 12:39:00,1052.09,1052.25,1052.09,1052.25,0.02,14.35,14353.13,1
2023-09-10,2023-09-10 12:40:00,1052.25,1052.41,1052.25,1052.41,0.02,14.35,14353.13,1
2023-09-10,2023-09-10 12:41:00,1052.41,1052.58,1052.41,1052.58,0.02,14.35,14353.13,1
2023-09-10,2023-09-10 12:42:00,1052.58,1052.74,1052.58,1052.74,0.02,14.35,14353.13,1
2023-09-10,2023-09-10 12:43:00,1052.74,1052.9,1052.74,1052.9,0.02,14.35,14353.13,1
2023-09-10,2023-09-10 12:44:00,1052.9,1053.06,1052.9,1053.06,0.02,14.35,14353.13,1
2023-09-10,2023-09-10 12:45:00,1053.06,1053.22,1053.06,1053.22,0.02,14.35,14353.13,1
2023-09-10,2023-09-10 12:46:00,1053.22,1053.39,1053.22,1053.39,0.02,14.35,14353.13,1
2023-09-10,2023-09-10 12:47:00,1053.39,1053.55,1053.39,1053.55,0.02,14.35,14353.13,1
2023-09-10,2023-09-10 12:48:00,1053.55,1053.71,1053.55,1053.71,0.02,14.35,14353.13,1
2023-09-10,2023-09-10 12:49:00,1053.71,1053.88,1053.71,1053.88,0.02,14.35,14353.13,1
2023-09-10,2023-09-10 12:50:00,1053.88,1054.04,1053.88,1054.04,0.02,14.35,14353.13,1
2023-09-10,2023-09-10 12:51:00,1054.04,1054.2,1054.04,1054.2,0.02,14.35,14353.13,1
2023-09-10,2023-09-10 12:52:00,1054.2,1054.36,1054.2,1054.36,0.02,14.35,14353.13,1
2023-09-10,2023-09-10 12:53:00,1054.36,1054.53,1054.36,1054.53,0.02,14.35,14353.13,1
2023-09-10,2023-09-10 12:54:00,1054.53,1054.69,1054.53,1054.69,0.02,14.35,14353.13,1
2023-09-10,2023-09-10 12:55:00,1054.69,1054.85,1054.69,1054.85,0.02,14.35,14353.13,1
2023-09-10,2023-09-10 12:56:00,1054.85,1055.01,1054.85,1055.01,0.02,14.35,14353.13,1
2023-09-10,2023-09-10 12:57:00,1055.01,1055.17,1055.01,1055.17,0.02,14.35,14353.13,1
2023-09-10,2023-09-10 12:58:00,1055.17,1055.34,1055.17,1055.34,0.02,14.35,14353.13,1
2023-09-10,2023-09-10 12:59:00,1055.34,1055.5,1055.34,1055.5,0.02,14.35,14353.13,1
2023-09-10,2023-09-10 13:00:00,1055.5,1077.0,979.0,1055.66,0.02,14.35,14353.13,1
2023-09-10,2023-09-10 13:01:00,1055.66,1055.83,1055.66,1055.83,0.02,14.35,14353.13,1
2023-09-10,2023-09-10 13:02:00,1055.83,1055.99,1055.83,1055.99,0.02,14.35,14353.13,1
2023-09-10,2023-09-10 13:03:00,1055.99,1056.15,1055.99,1056.15,0.02,14.35,14353.13,1
2023-09-10,2023-09-10 13:04:00,1056.15,1056.31,1056.15,1056.31,0.02,14.35,14353.13,1
2023-09-10,2023-09-10 13:05:00,1056.31,1056.47,1056.31,1056.47,0.02,14.35,14353.13,1
2023-09-10,2023-09-10 13:06:00,1056.47,1056.64,1056.47,1056.64,0.02,14.35,14353.13,1
2023-09-10,2023-09-10 13:07:00,1056.64,1056.8,1056.64,1056.8,0.02,14.35,14353.13,1
2023-09-10,2023-09-10 13:08:00,1056.8,1056.96,1056.8,1056.96,0.02,14.35,14353.13,1
2023-09-10,2023-09-10 13:09:00,1056.96,1057.12,1056.96,1057.12,0.02,14.35,14353.13,1
2023-09-10,2023-09-10 13:10:00,1057.12,1057.29,1057.12,1057.29,0.02,14.35,14353.13,1
2023-09-10,2023-09-10 13:11:00,1057.29,1057.45,1057.29,1057.45,0.02,14.35,14353.13,1
2023-09-10,2023-09-10 13:12:00,1057.45,1057.61,1057.45,1057.61,0.02,14.35,14353.13,1
2023-09-10,2023-09-10 13:13:00,1057.61,1057.78,1057.61,1057.78,0.02,14.35,14353.13,1
2023-09-10,2023-09-10 13:14:00,1057.78,1057.94,1057.78,1057.94,0.02,14.35,14353.13,1
2023-09-10,2023-09-10 13:15:00,1057.94,1058.1,1057.94,1058.1,0.02,14.35,14353.13,1
2023-09-10,2023-09-10 13:16:00,1058.1,1058.26,1058.1,1058.26,0.02,14.35,14353.13,1
2023-09-10,2023-09-10 13:17:00,1058.26,1058.42,1058.26,1058.42,0.02,14.35,14353.13,1
2023-09-10,2023-09-10 13:18:00,1058.42,1058.59,1058.42,1058.59,0.02,14.35,14353.13,1
2023-09-10,2023-09-10 13:19:00,1058.59,1058.75,1058.59,1058.75,0.02,14.35,14353.13,1
2023-09-10,2023-09-10 13:20:00,1058.75,1058.91,1058.75,1058.91,0.02,14.35,14353.13,1
2023-09-10,2023-09-10 13:21:00,1058.91,1059.08,1058.91,1059.08,0.02,14.35,14353.13,1
2023-09-10,2023-09-10 13:22:00,1059.08,1059.24,1059.08,1059.24,0.02,14.35,14353.13,1
2023-09-10,2023-09-10 13:23:00,1059.24,1059.4,1059.24,1059.4,0.02,14.35,14353.13,1
2023-09-10,2023-09-10 13:24:00,1059.4,1059.56,1059.4,1059.56,0.02,14.35,14353.13,1
2023-09-10,2023-09-10 13:25:00,1059.56,1059.72,1059.56,1059.72,0.02,14.35,14353.13,1
2023-09-10,2023-09-10 13:26:00,1059.72,1059.89,1059.72,1059.89,0.02,14.35,14353.13,1
2023-09-10,2023-09-10 13:27:00,1059.89,1060.05,1059.89,1060.05,0.02,14.35,14353.13,1
2023-09-10,2023-09-10 13:28:00,1060.05,1060.21,1060.05,1060.21,0.02,14.35,14353.13,1
2023-09-10,2023-09-10 13:29:00,1060.21,1060.38,1060.21,1060.38,0.02,14.35,14353.13,1
2023-09-10,2023-09-10 13:30:00,1060.38,1060.54,1060.38,1060.54,0.02,14.35,14353.13,1
2023-09-10,2023-09-10 13:31:00,1060.54,1060.7,1060.54,1060.7,0.02,14.35,14353.13,1
2023-09-10,2023-09-10 13:32:00,1060.7,1060.86,1060.7,1060.86,0.02,14.35,14353.13,1
2023-09-10,2023-09-10 13:33:00,1060.86,1061.03,1060.86,1061.03,0.02,14.35,14353.13,1
2023-09-10,2023-09-10 13:34:00,1061.03,1061.19,1061.03,1061.19,0.02,14.35,14353.13,1
2023-09-10,2023-09-10 13:35:00,1061.19,1061.35,1061.19,1061.35,0.02,14.35,14353.13,1
2023-09-10,2023-09-10 13:36:00,1061.35,1061.51,1061.35,1061.51,0.02,14.35,14353.13,1
2023-09-10,2023-09-10 13:37:00,1061.51,1061.67,1061.51,1061.67,0.02,14.35,14353.13,1
2023-09-10,2023-09-10 13:38:00,1061.67,1061.84,1061.67,1061.84,0.02,14.35,14353.13,1
2023-09-10,2023-09-10 13:39:00,1061.84,1062.0,1061.84,1062.0,0.02,14.35,14353.13,1
2023-09-10,2023-09-10 13:40:00,1062.0,1062.16,1062.0,1062.16,0.02,14.35,14353.13,1
2023-09-10,2023-09-10 13:41:00,1062.16,1062.33,1062.16,1062.33,0.02,14.35,14353.13,1
2023-09-10,2023-09-10 13:42:00,1062.33,1062.49,1062.33,1062.49,0.02,14.35,14353.13,1
2023-09-10,2023-09-10 13:43:00,1062.49,1062.65,1062.49,1062.65,0.02,14.35,14353.13,1
2023-09-10,2023-09-10 13:44:00,1062.65,1062.81,1062.65,1062.81,0.02,14.35,14353.13,1
2023-09-10,2023-09-10 13:45:00,1062.81,1062.97,1062.81,1062.97,0.02,14.35,14353.13,1
2023-09-10,2023-09-10 13:46:00,1062.97,1063.14,1062.97,1063.14,0.02,14.35,14353.13,1
2023-09-10,2023-09-10 13:47:00,1063.14,1063.3,1063.14,1063.3,0.02,14.35,14353.13,1
2023-09-10,2023-09-10 13:48:00,1063.3,1063.46,1063.3,1063.46,0.02,14.35,14353.13,1
2023-09-10,2023-09-10 13:49:00,1063.46,1063.62,1063.46,1063.62,0.02,14.35,14353.13,1
2023-09-10,2023-09-10 13:50:00,1063.62,1063.79,1063.62,1063.79,0.02,14.35,14353.13,1
2023-09-10,2023-09-10 13:51:00,1063.79,1063.95,1063.79,1063.95,0.02,14.35,14353.13,1
2023-09-10,2023-09-10 13:52:00,1063.95,1064.11,1063.95,1064.11,0.02,14.35,14353.13,1
2023-09-10,2023-09-10 13:53:00,1064.11,1064.28,1064.11,1064.28,0.02,14.35,14353.13,1
2023-09-10,2023-09-10 13:54:00,1064.28,1064.44,1064.28,1064.44,0.02,14.35,14353.13,1
2023-09-10,2023-09-10 13:55:00,1064.44,1064.6,1064.44,1064.6,0.02,14.35,14353.13,1
2023-09-10,2023-09-10 13:56:00,1064.6,1064.76,1064.6,1064.76,0.02,14.35,14353.13,1
2023-09-10,2023-09-10 13:57:00,1064.76,1064.92,1064.76,1064.92,0.02,14.35,14353.13,1
2023-09-10,2023-09-10 13:58:00,1064.92,1065.09,1064.92,1065.09,0.02,14.35,14353.13,1
2023-09-10,2023-09-10 13:59:00,1065.09,1065.25,1065.09,1065.25,0.02,14.35,14353.13,1
2023-09-10,2023-09-10 14:00:00,1065.25,1065.41,1065.25,1065.41,0.02,14.35,14353.13,1
2023-09-10,2023-09-10 14:01:00,1065.41,1065.58,1065.41,1065.58,0.02,14.35,14353.13,1
2023-09-10,2023-09-10 14:02:00,1065.58,1065.74,1065.58,1065.74,0.02,14.35,14353.13,1
2023-09-10,2023-09-10 14:03:00,1065.74,1065.9,1065.74,1065.9,0.02,14.35,14353.13,1
2023-09-10,2023-09-10 14:04:00,1065.9,1066.06,1065.9,1066.06,0.02,14.35,14353.13,1
2023-09-10,2023-09-10 14:05:00,1066.06,1066.22,1066.06,1066.22,0.02,14.35,14353.13,1
2023-09-10,2023-09-10 14:06:00,1066.22,1066.39,1066.22,1066.39,0.02,14.35,14353.13,1
2023-09-10,2023-09-10 14:07:00,1066.39,1066.55,1066.39,1066.55,0.02,14.35,14353.13,1
2023-09-10,2023-09-10 14:08:00,1066.55,1066.71,1066.55,1066.71,0.02,14.35,14353.13,1
2023-09-10,2023-09-10 14:09:00,1066.71,1066.88,1066.71,1066.88,0.02,14.35,14353.13,1
2023-09-10,2023-09-10 14:10:00,1066.88,1067.04,1066.88,1067.04,0.01,14.35,14353.13,1
2023-09-10,2023-09-10 14:11:00,1067.04,1067.2,1067.04,1067.2,0.01,14.35,14353.13,1
2023-09-10,2023-09-10 14:12:00,1067.2,1067.36,1067.2,1067.36,0.01,14.35,14353.13,1
2023-09-10,2023-09-10 14:13:00,1067.36,1067.53,1067.36,1067.53,0.02,14.35,14353.13,1
2023-09-10,2023-09-10 14:14:00,1067.53,1067.69,1067.53,1067.69,0.01,14.35,14353.13,1
2023-09-10,2023-09-10 14:15:00,1067.69,1067.85,1067.69,1067.85,0.01,14.35,14353.13,1
2023-09-10,2023-09-10 14:16:00,1067.85,1068.01,1067.85,1068.01,0.01,14.35,14353.13,1
2023-09-10,2023-09-10 14:17:00,1068.01,1068.17,1068.01,1068.17,0.01,14.35,14353.13,1
2023-09-10,2023-09-10 14:18:00,1068.17,1068.34,1068.17,1068.34,0.02,14.35,14353.13,1
2023-09-10,2023-09-10 14:19:00,1068.34,1068.5,1068.34,1068.5,0.01,14.35,14353.13,1
2023-09-10,2023-09-10 14:20:00,1068.5,1068.66,1068.5,1068.66,0.01,14.35,14353.13,1
2023-09-10,2023-09-10 14:21:00,1068.66,1068.83,1068.66,1068.83,0.02,14.35,14353.13,1
2023-09-10,2023-09-10 14:22:00,1068.83,1068.99,1068.83,1068.99,0.01,14.35,14353.13,1
2023-09-10,2023-09-10 14:23:00,1068.99,1069.15,1068.99,1069.15,0.01,14.35,14353.13,1
2023-09-10,2023-09-10 14:24:00,1069.15,1069.31,1069.15,1069.31,0.01,14.35,14353.13,1
2023-09-10,2023-09-10 14:25:00,1069.31,1069.47,1069.31,1069.47,0.01,14.35,14353.13,1
2023-09-10,2023-09-10 14:26:00,1069.47,1069.64,1069.47,1069.64,0.02,14.35,14353.13,1
2023-09-10,2023-09-10 14:27:00,1069.64,1069.8,1069.64,1069.8,0.01,14.35,14353.13,1
2023-09-10,2023-09-10 14:28:00,1069.8,1069.96,1069.8,1069.96,0.01,14.35,14353.13,1
2023-09-10,2023-09-10 14:29:00,1069.96,1070.12,1069.96,1070.12,0.01,14.35,14353.13,1
2023-09-10,2023-09-10 14:30:00,1070.12,1070.29,1070.12,1070.29,0.02,14.35,14353.13,1
2023-09-10,2023-09-10 14:31:00,1070.29,1070.45,1070.29,1070.45,0.01,14.35,14353.13,1
2023-09-10,2023-09-10 14:32:00,1070.45,1070.61,1070.45,1070.61,0.01,14.35,14353.13,1
2023-09-10,2023-09-10 14:33:00,1070.61,1070.78,1070.61,1070.78,0.02,14.35,14353.13,1
2023-09-10,2023-09-10 14:34:00,1070.78,1070.94,1070.78,1070.94,0.01,14.35,14353.13,1
2023-09-10,2023-09-10 14:35:00,1070.94,1071.1,1070.94,1071.1,0.01,14.35,14353.13,1
2023-09-10,2023-09-10 14:36:00,1071.1,1071.26,1071.1,1071.26,0.01,14.35,14353.13,1
2023-09-10,2023-09-10 14:37:00,1071.26,1071.42,1071.26,1071.42,0.01,14.35,14353.13,1
2023-09-10,2023-09-10 14:38:00,1071.42,1071.59,1071.42,1071.59,0.02,14.35,14353.13,1
2023-09-10,2023-09-10 14:39:00,1071.59,1071.75,1071.59,1071.75,0.01,14.35,14353.13,1
2023-09-10,2023-09-10 14:40:00,1071.75,1071.91,1071.75,1071.91,0.01,14.35,14353.13,1
2023-09-10,2023-09-10 14:41:00,1071.91,1072.08,1071.91,1072.08,0.02,14.35,14353.13,1
2023-09-10,2023-09-10 14:42:00,1072.08,1072.24,1072.08,1072.24,0.01,14.35,14353.13,1
2023-09-10,2023-09-10 14:43:00,1072.24,1072.4,1072.24,1072.4,0.01,14.35,14353.13,1
2023-09-10,2023-09-10 14:44:00,1072.4,1072.56,1072.4,1072.56,0.01,14.35,14353.13,1
2023-09-10,2023-09-10 14:45:00,1072.56,1072.72,1072.56,1072.72,0.01,14.35,14353.13,1
2023-09-10,2023-09-10 14:46:00,1072.72,1072.89,1072.72,1072.89,0.02,14.35,14353.13,1
2023-09-10,2023-09-10 14:47:00,1072.89,1073.05,1072.89,1073.05,0.01,14.35,14353.13,1
2023-09-10,2023-09-10 14:48:00,1073.05,1073.21,1073.05,1073.21,0.01,14.35,14353.13,1
2023-09-10,2023-09-10 14:49:00,1073.21,1073.38,1073.21,1073.38,0.02,14.35,14353.13,1
2023-09-10,2023-09-10 14:50:00,1073.38,1073.54,1073.38,1073.54,0.01,14.35,14353.13,1
2023-09-10,2023-09-10 14:51:00,1073.54,1073.7,1073.54,1073.7,0.01,14.35,14353.13,1
2023-09-10,2023-09-10 14:52:00,1073.7,1073.86,1073.7,1073.86,0.01,14.35,14353.13,1
2023-09-10,2023-09-10 14:53:00,1073.86,1074.03,1073.86,1074.03,0.02,14.35,14353.13,1
2023-09-10,2023-09-10 14:54:00,1074.03,1074.19,1074.03,1074.19,0.01,14.35,14353.13,1
2023-09-10,2023-09-10 14:55:00,1074.19,1074.35,1074.19,1074.35,0.01,14.35,14353.13,1
2023-09-10,2023-09-10 14:56:00,1074.35,1074.51,1074.35,1074.51,0.01,14.35,14353.13,1
2023-09-10,2023-09-10 14:57:00,1074.51,1074.67,1074.51,1074.67,0.01,14.35,14353.13,1
2023-09-10,2023-09-10 14:58:00,1074.67,1074.84,1074.67,1074.84,0.02,14.35,14353.13,1
2023-09-10,2023-09-10 14:59:00,1074.84,1075.0,1074.84,1075.0,0.01,14.35,14353.13,1
2023-09-10,2023-09-10 15:00:00,1075.0,1077.0,979.0,1075.0,0.0,14.35,14353.13,0
2023-09-11,2023-09-11 11:00:00,1053.5,1067.45,1040.45,1053.69,0.02,12.88,13522.37,1
2023-09-11,2023-09-11 11:01:00,1053.69,1053.89,1053.69,1053.89,0.02,12.88,13522.37,1
2023-09-11,2023-09-11 11:02:00,1053.89,1054.08,1053.89,1054.08,0.02,12.88,13522.37,1
2023-09-11,2023-09-11 11:03:00,1054.08,1054.28,1054.08,1054.28,0.02,12.88,13522.37,1
2023-09-11,2023-09-11 11:04:00,1054.28,1054.47,1054.28,1054.47,0.02,12.88,13522.37,1
2023-09-11,2023-09-11 11:05:00,1054.47,1054.66,1054.47,1054.66,0.02,12.88,13522.37,1
2023-09-11,2023-09-11 11:06:00,1054.66,1054.86,1054.66,1054.86,0.02,12.88,13522.37,1
2023-09-11,2023-09-11 11:07:00,1054.86,1055.05,1054.86,1055.05,0.02,12.88,13522.37,1
2023-09-11,2023-09-11 11:08:00,1055.05,1055.24,1055.05,1055.24,0.02,12.88,13522.37,1
2023-09-11,2023-09-11 11:09:00,1055.24,1055.44,1055.24,1055.44,0.02,12.88,13522.37,1
2023-09-11,2023-09-11 11:10:00,1055.44,1055.63,1055.44,1055.63,0.02,12.88,13522.37,1
2023-09-11,2023-09-11 11:11:00,1055.63,1055.83,1055.63,1055.83,0.02,12.88,13522.37,1
2023-09-11,2023-09-11 11:12:00,1055.83,1056.02,1055.83,1056.02,0.02,12.88,13522.37,1
2023-09-11,2023-09-11 11:13:00,1056.02,1056.21,1056.02,1056.21,0.02,12.88,13522.37,1
2023-09-11,2023-09-11 11:14:00,1056.21,1056.41,1056.21,1056.41,0.02,12.88,13522.37,1
2023-09-11,2023-09-11 11:15:00,1056.41,1056.6,1056.41,1056.6,0.02,12.88,13522.37,1
2023-09-11,2023-09-11 11:16:00,1056.6,1056.79,1056.6,1056.79,0.02,12.88,13522.37,1
2023-09-11,2023-09-11 11:17:00,1056.79,1056.99,1056.79,1056.99,0.02,12.88,13522.37,1
2023-09-11,2023-09-11 11:18:00,1056.99,1057.18,1056.99,1057.18,0.02,12.88,13522.37,1
2023-09-11,2023-09-11 11:19:00,1057.18,1057.38,1057.18,1057.38,0.02,12.88,13522.37,1
2023-09-11,2023-09-11 11:20:00,1057.38,1057.57,1057.38,1057.57,0.02,12.88,13522.37,1
2023-09-11,2023-09-11 11:21:00,1057.57,1057.76,1057.57,1057.76,0.02,12.88,13522.37,1
2023-09-11,2023-09-11 11:22:00,1057.76,1057.96,1057.76,1057.96,0.02,12.88,13522.37,1
2023-09-11,2023-09-11 11:23:00,1057.96,1058.15,1057.96,1058.15,0.02,12.88,13522.37,1
2023-09-11,2023-09-11 11:24:00,1058.15,1058.34,1058.15,1058.34,0.02,12.88,13522.37,1
2023-09-11,2023-09-11 11:25:00,1058.34,1058.54,1058.34,1058.54,0.02,12.88,13522.37,1
2023-09-11,2023-09-11 11:26:00,1058.54,1058.73,1058.54,1058.73,0.02,12.88,13522.37,1
2023-09-11,2023-09-11 11:27:00,1058.73,1058.92,1058.73,1058.92,0.02,12.88,13522.37,1
2023-09-11,2023-09-11 11:28:00,1058.92,1059.12,1058.92,1059.12,0.02,12.88,13522.37,1
2023-09-11,2023-09-11 11:29:00,1059.12,1059.31,1059.12,1059.31,0.02,12.88,13522.37,1
2023-09-11,2023-09-11 11:30:00,1059.31,1059.51,1059.31,1059.51,0.02,12.88,13522.37,1
2023-09-11,2023-09-11 11:31:00,1059.51,1059.7,1059.51,1059.7,0.02,12.88,13522.37,1
2023-09-11,2023-09-11 11:32:00,1059.7,1059.89,1059.7,1059.89,0.02,12.88,13522.37,1
2023-09-11,2023-09-11 11:33:00,1059.89,1060.09,1059.89,1060.09,0.02,12.88,13522.37,1
2023-09-11,2023-09-11 11:34:00,1060.09,1060.28,1060.09,1060.28,0.02,12.88,13522.37,1
2023-09-11,2023-09-11 11:35:00,1060.28,1060.47,1060.28,1060.47,0.02,12.88,13522.37,1
2023-09-11,2023-09-11 11:36:00,1060.47,1060.67,1060.47,1060.67,0.02,12.88,13522.37,1
2023-09-11,2023-09-11 11:37:00,1060.67,1060.86,1060.67,1060.86,0.02,12.88,13522.37,1
2023-09-11,2023-09-11 11:38:00,1060.86,1061.06,1060.86,1061.06,0.02,12.88,13522.37,1
2023-09-11,2023-09-11 11:39:00,1061.06,1061.25,1061.06,1061.25,0.02,12.88,13522.37,1
2023-09-11,2023-09-11 11:40:00,1061.25,1061.44,1061.25,1061.44,0.02,12.88,13522.37,1
2023-09-11,2023-09-11 11:41:00,1061.44,1061.64,1061.44,1061.64,0.02,12.88,13522.37,1
2023-09-11,2023-09-11 11:42:00,1061.64,1061.83,1061.64,1061.83,0.02,12.88,13522.37,1
2023-09-11,2023-09-11 11:43:00,1061.83,1062.03,1061.83,1062.03,0.02,12.88,13522.37,1
2023-09-11,2023-09-11 11:44:00,1062.03,1062.22,1062.03,1062.22,0.02,12.88,13522.37,1
2023-09-11,2023-09-11 11:45:00,1062.22,1062.41,1062.22,1062.41,0.02,12.88,13522.37,1
2023-09-11,2023-09-11 11:46:00,1062.41,1062.61,1062.41,1062.61,0.02,12.88,13522.37,1
2023-09-11,2023-09-11 11:47:00,1062.61,1062.8,1062.61,1062.8,0.02,12.88,13522.37,1
2023-09-11,2023-09-11 11:48:00,1062.8,1062.99,1062.8,1062.99,0.02,12.88,13522.37,1
2023-09-11,2023-09-11 11:49:00,1062.99,1063.19,1062.99,1063.19,0.02,12.88,13522.37,1
2023-09-11,2023-09-11 11:50:00,1063.19,1063.38,1063.19,1063.38,0.02,12.88,13522.37,1
2023-09-11,2023-09-11 11:51:00,1063.38,1063.58,1063.38,1063.58,0.02,12.88,13522.37,1
2023-09-11,2023-09-11 11:52:00,1063.58,1063.77,1063.58,1063.77,0.02,12.88,13522.37,1
2023-09-11,2023-09-11 11:53:00,1063.77,1063.96,1063.77,1063.96,0.02,12.88,13522.37,1
2023-09-11,2023-09-11 11:54:00,1063.96,1064.16,1063.96,1064.16,0.02,12.88,13522.37,1
2023-09-11,2023-09-11 11:55:00,1064.16,1064.35,1064.16,1064.35,0.02,12.88,13522.37,1
2023-09-11,2023-09-11 11:56:00,1064.35,1064.54,1064.35,1064.54,0.02,12.88,13522.37,1
2023-09-11,2023-09-11 11:57:00,1064.54,1064.74,1064.54,1064.74,0.02,12.88,13522.37,1
2023-09-11,2023-09-11 11:58:00,1064.74,1064.93,1064.74,1064.93,0.02,12.88,13522.37,1
2023-09-11,2023-09-11 11:59:00,1064.93,1065.12,1064.93,1065.12,0.02,12.88,13522.37,1
2023-09-11,2023-09-11 12:00:00,1065.12,1065.32,1065.12,1065.32,0.02,12.88,13522.37,1
2023-09-11,2023-09-11 12:01:00,1065.32,1065.51,1065.32,1065.51,0.02,12.88,13522.37,1
2023-09-11,2023-09-11 12:02:00,1065.51,1065.71,1065.51,1065.71,0.02,12.88,13522.37,1
2023-09-11,2023-09-11 12:03:00,1065.71,1065.9,1065.71,1065.9,0.02,12.88,13522.37,1
2023-09-11,2023-09-11 12:04:00,1065.9,1066.09,1065.9,1066.09,0.02,12.88,13522.37,1
2023-09-11,2023-09-11 12:05:00,1066.09,1066.29,1066.09,1066.29,0.02,12.88,13522.37,1
2023-09-11,2023-09-11 12:06:00,1066.29,1066.48,1066.29,1066.48,0.02,12.88,13522.37,1
2023-09-11,2023-09-11 12:07:00,1066.48,1066.67,1066.48,1066.67,0.02,12.88,13522.37,1
2023-09-11,2023-09-11 12:08:00,1066.67,1066.87,1066.67,1066.87,0.02,12.88,13522.37,1
2023-09-11,2023-09-11 12:09:00,1066.87,1067.06,1066.87,1067.06,0.02,12.88,13522.37,1
2023-09-11,2023-09-11 12:10:00,1067.06,1067.26,1067.06,1067.26,0.02,12.88,13522.37,1
2023-09-11,2023-09-11 12:11:00,1067.26,1067.45,1067.26,1067.45,0.02,12.88,13522.37,1
2023-09-11,2023-09-11 12:12:00,1067.45,1067.64,1067.45,1067.64,0.02,12.88,13522.37,1
2023-09-11,2023-09-11 12:13:00,1067.64,1067.84,1067.64,1067.84,0.02,12.88,13522.37,1
2023-09-11,2023-09-11 12:14:00,1067.84,1068.03,1067.84,1068.03,0.02,12.88,13522.37,1
2023-09-11,2023-09-11 12:15:00,1068.03,1068.22,1068.03,1068.22,0.02,12.88,13522.37,1
2023-09-11,2023-09-11 12:16:00,1068.22,1068.42,1068.22,1068.42,0.02,12.88,13522.37,1
2023-09-11,2023-09-11 12:17:00,1068.42,1068.61,1068.42,1068.61,0.02,12.88,13522.37,1
2023-09-11,2023-09-11 12:18:00,1068.61,1068.81,1068.61,1068.81,0.02,12.88,13522.37,1
2023-09-11,2023-09-11 12:19:00,1068.81,1069.0,1068.81,1069.0,0.02,12.88,13522.37,1
2023-09-11,2023-09-11 12:20:00,1069.0,1069.19,1069.0,1069.19,0.02,12.88,13522.37,1
2023-09-11,2023-09-11 12:21:00,1069.19,1069.39,1069.19,1069.39,0.02,12.88,13522.37,1
2023-09-11,2023-09-11 12:22:00,1069.39,1069.58,1069.39,1069.58,0.02,12.88,13522.37,1
2023-09-11,2023-09-11 12:23:00,1069.58,1069.78,1069.58,1069.78,0.02,12.88,13522.37,1
2023-09-11,2023-09-11 12:24:00,1069.78,1069.97,1069.78,1069.97,0.02,12.88,13522.37,1
2023-09-11,2023-09-11 12:25:00,1069.97,1070.16,1069.97,1070.16,0.02,12.88,13522.37,1
2023-09-11,2023-09-11 12:26:00,1070.16,1070.36,1070.16,1070.36,0.02,12.88,13522.37,1
2023-09-11,2023-09-11 12:27:00,1070.36,1070.55,1070.36,1070.55,0.02,12.88,13522.37,1
2023-09-11,2023-09-11 12:28:00,1070.55,1070.74,1070.55,1070.74,0.02,12.88,13522.37,1
2023-09-11,2023-09-11 12:29:00,1070.74,1070.94,1070.74,1070.94,0.02,12.88,13522.37,1
2023-09-11,2023-09-11 12:30:00,1070.94,1071.13,1070.94,1071.13,0.02,12.88,13522.37,1
2023-09-11,2023-09-11 12:31:00,1071.13,1071.33,1071.13,1071.33,0.02,12.88,13522.37,1
2023-09-11,2023-09-11 12:32:00,1071.33,1071.52,1071.33,1071.52,0.02,12.88,13522.37,1
2023-09-11,2023-09-11 12:33:00,1071.52,1071.71,1071.52,1071.71,0.02,12.88,13522.37,1
2023-09-11,2023-09-11 12:34:00,1071.71,1071.91,1071.71,1071.91,0.02,12.88,13522.37,1
2023-09-11,2023-09-11 12:35:00,1071.91,1072.1,1071.91,1072.1,0.02,12.88,13522.37,1
2023-09-11,2023-09-11 12:36:00,1072.1,1072.29,1072.1,1072.29,0.02,12.88,13522.37,1
2023-09-11,2023-09-11 12:37:00,1072.29,1072.49,1072.29,1072.49,0.02,12.88,13522.37,1
2023-09-11,2023-09-11 12:38:00,1072.49,1072.68,1072.49,1072.68,0.02,12.88,13522.37,1
2023-09-11,2023-09-11 12:39:00,1072.68,1072.88,1072.68,1072.88,0.02,12.88,13522.37,1
2023-09-11,2023-09-11 12:40:00,1072.88,1073.07,1072.88,1073.07,0.02,12.88,13522.37,1
2023-09-11,2023-09-11 12:41:00,1073.07,1073.26,1073.07,1073.26,0.02,12.88,13522.37,1
2023-09-11,2023-09-11 12:42:00,1073.26,1073.46,1073.26,1073.46,0.02,12.88,13522.37,1
2023-09-11,2023-09-11 12:43:00,1073.46,1073.65,1073.46,1073.65,0.02,12.88,13522.37,1
2023-09-11,2023-09-11 12:44:00,1073.65,1073.84,1073.65,1073.84,0.02,12.88,13522.37,1
2023-09-11,2023-09-11 12:45:00,1073.84,1074.04,1073.84,1074.04,0.02,12.88,13522.37,1
2023-09-11,2023-09-11 12:46:00,1074.04,1074.23,1074.04,1074.23,0.02,12.88,13522.37,1
2023-09-11,2023-09-11 12:47:00,1074.23,1074.42,1074.23,1074.42,0.02,12.88,13522.37,1
2023-09-11,2023-09-11 12:48:00,1074.42,1074.62,1074.42,1074.62,0.02,12.88,13522.37,1
2023-09-11,2023-09-11 12:49:00,1074.62,1074.81,1074.62,1074.81,0.02,12.88,13522.37,1
2023-09-11,2023-09-11 12:50:00,1074.81,1075.01,1074.81,1075.01,0.02,12.88,13522.37,1
2023-09-11,2023-09-11 12:51:00,1075.01,1075.2,1075.01,1075.2,0.02,12.88,13522.37,1
2023-09-11,2023-09-11 12:52:00,1075.2,1075.39,1075.2,1075.39,0.02,12.88,13522.37,1
2023-09-11,2023-09-11 12:53:00,1075.39,1075.59,1075.39,1075.59,0.02,12.88,13522.37,1
2023-09-11,2023-09-11 12:54:00,1075.59,1075.78,1075.59,1075.78,0.02,12.88,13522.37,1
2023-09-11,2023-09-11 12:55:00,1075.78,1075.97,1075.78,1075.97,0.02,12.88,13522.37,1
2023-09-11,2023-09-11 12:56:00,1075.97,1076.17,1075.97,1076.17,0.02,12.88,13522.37,1
2023-09-11,2023-09-11 12:57:00,1076.17,1076.36,1076.17,1076.36,0.02,12.88,13522.37,1
2023-09-11,2023-09-11 12:58:00,1076.36,1076.56,1076.36,1076.56,0.02,12.88,13522.37,1
2023-09-11,2023-09-11 12:59:00,1076.56,1076.75,1076.56,1076.75,0.02,12.88,13522.37,1
2023-09-11,2023-09-11 13:00:00,1076.75,1100.0,1010.0,1076.94,0.02,12.88,13522.37,1
2023-09-11,2023-09-11 13:01:00,1076.94,1077.14,1076.94,1077.14,0.02,12.88,13522.37,1
2023-09-11,2023-09-11 13:02:00,1077.14,1077.33,1077.14,1077.33,0.02,12.88,13522.37,1
2023-09-11,2023-09-11 13:03:00,1077.33,1077.53,1077.33,1077.53,0.02,12.88,13522.37,1
2023-09-11,2023-09-11 13:04:00,1077.53,1077.72,1077.53,1077.72,0.02,12.88,13522.37,1
2023-09-11,2023-09-11 13:05:00,1077.72,1077.91,1077.72,1077.91,0.02,12.88,13522.37,1
2023-09-11,2023-09-11 13:06:00,1077.91,1078.11,1077.91,1078.11,0.02,12.88,13522.37,1
2023-09-11,2023-09-11 13:07:00,1078.11,1078.3,1078.11,1078.3,0.02,12.88,13522.37,1
2023-09-11,2023-09-11 13:08:00,1078.3,1078.49,1078.3,1078.49,0.02,12.88,13522.37,1
2023-09-11,2023-09-11 13:09:00,1078.49,1078.69,1078.49,1078.69,0.02,12.88,13522.37,1
2023-09-11,2023-09-11 13:10:00,1078.69,1078.88,1078.69,1078.88,0.02,12.88,13522.37,1
2023-09-11,2023-09-11 13:11:00,1078.88,1079.08,1078.88,1079.08,0.02,12.88,13522.37,1
2023-09-11,2023-09-11 13:12:00,1079.08,1079.27,1079.08,1079.27,0.02,12.88,13522.37,1
2023-09-11,2023-09-11 13:13:00,1079.27,1079.46,1079.27,1079.46,0.02,12.88,13522.37,1
2023-09-11,2023-09-11 13:14:00,1079.46,1079.66,1079.46,1079.66,0.02,12.88,13522.37,1
2023-09-11,2023-09-11 13:15:00,1079.66,1079.85,1079.66,1079.85,0.02,12.88,13522.37,1
2023-09-11,2023-09-11 13:16:00,1079.85,1080.04,1079.85,1080.04,0.02,12.88,13522.37,1
2023-09-11,2023-09-11 13:17:00,1080.04,1080.24,1080.04,1080.24,0.02,12.88,13522.37,1
2023-09-11,2023-09-11 13:18:00,1080.24,1080.43,1080.24,1080.43,0.02,12.88,13522.37,1
2023-09-11,2023-09-11 13:19:00,1080.43,1080.62,1080.43,1080.62,0.02,12.88,13522.37,1
2023-09-11,2023-09-11 13:20:00,1080.62,1080.82,1080.62,1080.82,0.02,12.88,13522.37,1
2023-09-11,2023-09-11 13:21:00,1080.82,1081.01,1080.82,1081.01,0.02,12.88,13522.37,1
2023-09-11,2023-09-11 13:22:00,1081.01,1081.21,1081.01,1081.21,0.02,12.88,13522.37,1
2023-09-11,2023-09-11 13:23:00,1081.21,1081.4,1081.21,1081.4,0.02,12.88,13522.37,1
2023-09-11,2023-09-11 13:24:00,1081.4,1081.59,1081.4,1081.59,0.02,12.88,13522.37,1
2023-09-11,2023-09-11 13:25:00,1081.59,1081.79,1081.59,1081.79,0.02,12.88,13522.37,1
2023-09-11,2023-09-11 13:26:00,1081.79,1081.98,1081.79,1081.98,0.02,12.88,13522.37,1
2023-09-11,2023-09-11 13:27:00,1081.98,1082.17,1081.98,1082.17,0.02,12.88,13522.37,1
2023-09-11,2023-09-11 13:28:00,1082.17,1082.37,1082.17,1082.37,0.02,12.88,13522.37,1
2023-09-11,2023-09-11 13:29:00,1082.37,1082.56,1082.37,1082.56,0.02,12.88,13522.37,1
2023-09-11,2023-09-11 13:30:00,1082.56,1082.76,1082.56,1082.76,0.02,12.88,13522.37,1
2023-09-11,2023-09-11 13:31:00,1082.76,1082.95,1082.76,1082.95,0.02,12.88,13522.37,1
2023-09-11,2023-09-11 13:32:00,1082.95,1083.14,1082.95,1083.14,0.02,12.88,13522.37,1
2023-09-11,2023-09-11 13:33:00,1083.14,1083.34,1083.14,1083.34,0.02,12.88,13522.37,1
2023-09-11,2023-09-11 13:34:00,1083.34,1083.53,1083.34,1083.53,0.02,12.88,13522.37,1
2023-09-11,2023-09-11 13:35:00,1083.53,1083.72,1083.53,1083.72,0.02,12.88,13522.37,1
2023-09-11,2023-09-11 13:36:00,1083.72,1083.92,1083.72,1083.92,0.02,12.88,13522.37,1
2023-09-11,2023-09-11 13:37:00,1083.92,1084.11,1083.92,1084.11,0.02,12.88,13522.37,1
2023-09-11,2023-09-11 13:38:00,1084.11,1084.31,1084.11,1084.31,0.02,12.88,13522.37,1
2023-09-11,2023-09-11 13:39:00,1084.31,1084.5,1084.31,1084.5,0.02,12.88,13522.37,1
2023-09-11,2023-09-11 13:40:00,1084.5,1084.69,1084.5,1084.69,0.02,12.88,13522.37,1
2023-09-11,2023-09-11 13:41:00,1084.69,1084.89,1084.69,1084.89,0.02,12.88,13522.37,1
2023-09-11,2023-09-11 13:42:00,1084.89,1085.08,1084.89,1085.08,0.02,12.88,13522.37,1
2023-09-11,2023-09-11 13:43:00,1085.08,1085.28,1085.08,1085.28,0.02,12.88,13522.37,1
2023-09-11,2023-09-11 13:44:00,1085.28,1085.47,1085.28,1085.47,0.02,12.88,13522.37,1
2023-09-11,2023-09-11 13:45:00,1085.47,1085.66,1085.47,1085.66,0.02,12.88,13522.37,1
2023-09-11,2023-09-11 13:46:00,1085.66,1085.86,1085.66,1085.86,0.02,12.88,13522.37,1
2023-09-11,2023-09-11 13:47:00,1085.86,1086.05,1085.86,1086.05,0.02,12.88,13522.37,1
2023-09-11,2023-09-11 13:48:00,1086.05,1086.24,1086.05,1086.24,0.02,12.88,13522.37,1
2023-09-11,2023-09-11 13:49:00,1086.24,1086.44,1086.24,1086.44,0.02,12.88,13522.37,1
2023-09-11,2023-09-11 13:50:00,1086.44,1086.63,1086.44,1086.63,0.02,12.88,13522.37,1
2023-09-11,2023-09-11 13:51:00,1086.63,1086.83,1086.63,1086.83,0.02,12.88,13522.37,1
2023-09-11,2023-09-11 13:52:00,1086.83,1087.02,1086.83,1087.02,0.02,12.88,13522.37,1
2023-09-11,2023-09-11 13:53:00,1087.02,1087.21,1087.02,1087.21,0.02,12.88,13522.37,1
2023-09-11,2023-09-11 13:54:00,1087.21,1087.41,1087.21,1087.41,0.02,12.88,13522.37,1
2023-09-11,2023-09-11 13:55:00,1087.41,1087.6,1087.41,1087.6,0.02,12.88,13522.37,1
2023-09-11,2023-09-11 13:56:00,1087.6,1087.79,1087.6,1087.79,0.02,12.88,13522.37,1
2023-09-11,2023-09-11 13:57:00,1087.79,1087.99,1087.79,1087.99,0.02,12.88,13522.37,1
2023-09-11,2023-09-11 13:58:00,1087.99,1088.18,1087.99,1088.18,0.02,12.88,13522.37,1
2023-09-11,2023-09-11 13:59:00,1088.18,1088.38,1088.18,1088.38,0.02,12.88,13522.37,1
2023-09-11,2023-09-11 14:00:00,1088.38,1088.57,1088.38,1088.57,0.02,12.88,13522.37,1
2023-09-11,2023-09-11 14:01:00,1088.57,1088.76,1088.57,1088.76,0.02,12.88,13522.37,1
2023-09-11,2023-09-11 14:02:00,1088.76,1088.96,1088.76,1088.96,0.02,12.88,13522.37,1
2023-09-11,2023-09-11 14:03:00,1088.96,1089.15,1088.96,1089.15,0.02,12.88,13522.37,1
2023-09-11,2023-09-11 14:04:00,1089.15,1089.34,1089.15,1089.34,0.02,12.88,13522.37,1
2023-09-11,2023-09-11 14:05:00,1089.34,1089.54,1089.34,1089.54,0.02,12.88,13522.37,1
2023-09-11,2023-09-11 14:06:00,1089.54,1089.73,1089.54,1089.73,0.02,12.88,13522.37,1
2023-09-11,2023-09-11 14:07:00,1089.73,1089.92,1089.73,1089.92,0.02,12.88,13522.37,1
2023-09-11,2023-09-11 14:08:00,1089.92,1090.12,1089.92,1090.12,0.02,12.88,13522.37,1
2023-09-11,2023-09-11 14:09:00,1090.12,1090.31,1090.12,1090.31,0.02,12.88,13522.37,1
2023-09-11,2023-09-11 14:10:00,1090.31,1090.51,1090.31,1090.51,0.02,12.88,13522.37,1
2023-09-11,2023-09-11 14:11:00,1090.51,1090.7,1090.51,1090.7,0.02,12.88,13522.37,1
2023-09-11,2023-09-11 14:12:00,1090.7,1090.89,1090.7,1090.89,0.02,12.88,13522.37,1
2023-09-11,2023-09-11 14:13:00,1090.89,1091.09,1090.89,1091.09,0.02,12.88,13522.37,1
2023-09-11,2023-09-11 14:14:00,1091.09,1091.28,1091.09,1091.28,0.02,12.88,13522.37,1
2023-09-11,2023-09-11 14:15:00,1091.28,1091.47,1091.28,1091.47,0.02,12.88,13522.37,1
2023-09-11,2023-09-11 14:16:00,1091.47,1091.67,1091.47,1091.67,0.02,12.88,13522.37,1
2023-09-11,2023-09-11 14:17:00,1091.67,1091.86,1091.67,1091.86,0.02,12.88,13522.37,1
2023-09-11,2023-09-11 14:18:00,1091.86,1092.06,1091.86,1092.06,0.02,12.88,13522.37,1
2023-09-11,2023-09-11 14:19:00,1092.06,1092.25,1092.06,1092.25,0.02,12.88,13522.37,1
2023-09-11,2023-09-11 14:20:00,1092.25,1092.44,1092.25,1092.44,0.02,12.88,13522.37,1
2023-09-11,2023-09-11 14:21:00,1092.44,1092.64,1092.44,1092.64,0.02,12.88,13522.37,1
2023-09-11,2023-09-11 14:22:00,1092.64,1092.83,1092.64,1092.83,0.02,12.88,13522.37,1
2023-09-11,2023-09-11 14:23:00,1092.83,1093.03,1092.83,1093.03,0.02,12.88,13522.37,1
2023-09-11,2023-09-11 14:24:00,1093.03,1093.22,1093.03,1093.22,0.02,12.88,13522.37,1
2023-09-11,2023-09-11 14:25:00,1093.22,1093.41,1093.22,1093.41,0.02,12.88,13522.37,1
2023-09-11,2023-09-11 14:26:00,1093.41,1093.61,1093.41,1093.61,0.02,12.88,13522.37,1
2023-09-11,2023-09-11 14:27:00,1093.61,1093.8,1093.61,1093.8,0.02,12.88,13522.37,1
2023-09-11,2023-09-11 14:28:00,1093.8,1093.99,1093.8,1093.99,0.02,12.88,13522.37,1
2023-09-11,2023-09-11 14:29:00,1093.99,1094.19,1093.99,1094.19,0.02,12.88,13522.37,1
2023-09-11,2023-09-11 14:30:00,1094.19,1094.38,1094.19,1094.38,0.02,12.88,13522.37,1
2023-09-11,2023-09-11 14:31:00,1094.38,1094.58,1094.38,1094.58,0.02,12.88,13522.37,1
2023-09-11,2023-09-11 14:32:00,1094.58,1094.77,1094.58,1094.77,0.02,12.88,13522.37,1
2023-09-11,2023-09-11 14:33:00,1094.77,1094.96,1094.77,1094.96,0.02,12.88,13522.37,1
2023-09-11,2023-09-11 14:34:00,1094.96,1095.16,1094.96,1095.16,0.02,12.88,13522.37,1
2023-09-11,2023-09-11 14:35:00,1095.16,1095.35,1095.16,1095.35,0.02,12.88,13522.37,1
2023-09-11,2023-09-11 14:36:00,1095.35,1095.54,1095.35,1095.54,0.02,12.88,13522.37,1
2023-09-11,2023-09-11 14:37:00,1095.54,1095.74,1095.54,1095.74,0.02,12.88,13522.37,1
2023-09-11,2023-09-11 14:38:00,1095.74,1095.93,1095.74,1095.93,0.02,12.88,13522.37,1
2023-09-11,2023-09-11 14:39:00,1095.93,1096.12,1095.93,1096.12,0.02,12.88,13522.37,1
2023-09-11,2023-09-11 14:40:00,1096.12,1096.32,1096.12,1096.32,0.02,12.88,13522.37,1
2023-09-11,2023-09-11 14:41:00,1096.32,1096.51,1096.32,1096.51,0.02,12.88,13522.37,1
2023-09-11,2023-09-11 14:42:00,1096.51,1096.71,1096.51,1096.71,0.02,12.88,13522.37,1
2023-09-11,2023-09-11 14:43:00,1096.71,1096.9,1096.71,1096.9,0.02,12.88,13522.37,1
2023-09-11,2023-09-11 14:44:00,1096.9,1097.09,1096.9,1097.09,0.02,12.88,13522.37,1
2023-09-11,2023-09-11 14:45:00,1097.09,1097.29,1097.09,1097.29,0.02,12.88,13522.37,1
2023-09-11,2023-09-11 14:46:00,1097.29,1097.48,1097.29,1097.48,0.02,12.88,13522.37,1
2023-09-11,2023-09-11 14:47:00,1097.48,1097.67,1097.48,1097.67,0.02,12.88,13522.37,1
2023-09-11,2023-09-11 14:48:00,1097.67,1097.87,1097.67,1097.87,0.02,12.88,13522.37,1
2023-09-11,2023-09-11 14:49:00,1097.87,1098.06,1097.87,1098.06,0.02,12.88,13522.37,1
2023-09-11,2023-09-11 14:50:00,1098.06,1098.26,1098.06,1098.26,0.02,12.88,13522.37,1
2023-09-11,2023-09-11 14:51:00,1098.26,1098.45,1098.26,1098.45,0.02,12.88,13522.37,1
2023-09-11,2023-09-11 14:52:00,1098.45,1098.64,1098.45,1098.64,0.02,12.88,13522.37,1
2023-09-11,2023-09-11 14:53:00,1098.64,1098.84,1098.64,1098.84,0.02,12.88,13522.37,1
2023-09-11,2023-09-11 14:54:00,1098.84,1099.03,1098.84,1099.03,0.02,12.88,13522.37,1
2023-09-11,2023-09-11 14:55:00,1099.03,1099.22,1099.03,1099.22,0.02,12.88,13522.37,1
2023-09-11,2023-09-11 14:56:00,1099.22,1099.42,1099.22,1099.42,0.02,12.88,13522.37,1
2023-09-11,2023-09-11 14:57:00,1099.42,1099.61,1099.42,1099.61,0.02,12.88,13522.37,1
2023-09-11,2023-09-11 14:58:00,1099.61,1099.81,1099.61,1099.81,0.02,12.88,13522.37,1
2023-09-11,2023-09-11 14:59:00,1099.81,1100.0,1099.81,1100.0,0.02,12.88,13522.37,1
2023-09-11,2023-09-11 15:00:00,1100.0,1100.0,1010.0,1100.0,0.0,12.88,13522.37,0
2023-09-12,2023-09-12 11:00:00,1120.0,1126.0,1097.53,1119.82,-0.02,7.32,7955.69,-1
2023-09-12,2023-09-12 11:01:00,1119.82,1119.82,1119.63,1119.63,-0.02,7.32,7955.69,-1
2023-09-12,2023-09-12 11:02:00,1119.63,1119.63,1119.45,1119.45,-0.02,7.32,7955.69,-1
2023-09-12,2023-09-12 11:03:00,1119.45,1119.45,1119.27,1119.27,-0.02,7.32,7955.69,-1
2023-09-12,2023-09-12 11:04:00,1119.27,1119.27,1119.08,1119.08,-0.02,7.32,7955.69,-1
2023-09-12,2023-09-12 11:05:00,1119.08,1119.08,1118.9,1118.9,-0.02,7.32,7955.69,-1
2023-09-12,2023-09-12 11:06:00,1118.9,1118.9,1118.72,1118.72,-0.02,7.32,7955.69,-1
2023-09-12,2023-09-12 11:07:00,1118.72,1118.72,1118.53,1118.53,-0.02,7.32,7955.69,-1
2023-09-12,2023-09-12 11:08:00,1118.53,1118.53,1118.35,1118.35,-0.02,7.32,7955.69,-1
2023-09-12,2023-09-12 11:09:00,1118.35,1118.35,1118.17,1118.17,-0.02,7.32,7955.69,-1
2023-09-12,2023-09-12 11:10:00,1118.17,1118.17,1117.98,1117.98,-0.02,7.32,7955.69,-1
2023-09-12,2023-09-12 11:11:00,1117.98,1117.98,1117.8,1117.8,-0.02,7.32,7955.69,-1
2023-09-12,2023-09-12 11:12:00,1117.8,1117.8,1117.62,1117.62,-0.02,7.32,7955.69,-1
2023-09-12,2023-09-12 11:13:00,1117.62,1117.62,1117.43,1117.43,-0.02,7.32,7955.69,-1
2023-09-12,2023-09-12 11:14:00,1117.43,1117.43,1117.25,1117.25,-0.02,7.32,7955.69,-1
2023-09-12,2023-09-12 11:15:00,1117.25,1117.25,1117.07,1117.07,-0.02,7.32,7955.69,-1
2023-09-12,2023-09-12 11:16:00,1117.07,1117.07,1116.88,1116.88,-0.02,7.32,7955.69,-1
2023-09-12,2023-09-12 11:17:00,1116.88,1116.88,1116.7,1116.7,-0.02,7.32,7955.69,-1
2023-09-12,2023-09-12 11:18:00,1116.7,1116.7,1116.52,1116.52,-0.02,7.32,7955.69,-1
2023-09-12,2023-09-12 11:19:00,1116.52,1116.52,1116.33,1116.33,-0.02,7.32,7955.69,-1
2023-09-12,2023-09-12 11:20:00,1116.33,1116.33,1116.15,1116.15,-0.02,7.32,7955.69,-1
2023-09-12,2023-09-12 11:21:00,1116.15,1116.15,1115.97,1115.97,-0.02,7.32,7955.69,-1
2023-09-12,2023-09-12 11:22:00,1115.97,1115.97,1115.78,1115.78,-0.02,7.32,7955.69,-1
2023-09-12,2023-09-12 11:23:00,1115.78,1115.78,1115.6,1115.6,-0.02,7.32,7955.69,-1
2023-09-12,2023-09-12 11:24:00,1115.6,1115.6,1115.42,1115.42,-0.02,7.32,7955.69,-1
2023-09-12,2023-09-12 11:25:00,1115.42,1115.42,1115.23,1115.23,-0.02,7.32,7955.69,-1
2023-09-12,2023-09-12 11:26:00,1115.23,1115.23,1115.05,1115.05,-0.02,7.32,7955.69,-1
2023-09-12,2023-09-12 11:27:00,1115.05,1115.05,1114.87,1114.87,-0.02,7.32,7955.69,-1
2023-09-12,2023-09-12 11:28:00,1114.87,1114.87,1114.68,1114.68,-0.02,7.32,7955.69,-1
2023-09-12,2023-09-12 11:29:00,1114.68,1114.68,1114.5,1114.5,-0.02,7.32,7955.69,-1
2023-09-12,2023-09-12 11:30:00,1114.5,1114.5,1114.32,1114.32,-0.02,7.32,7955.69,-1
2023-09-12,2023-09-12 11:31:00,1114.32,1114.32,1114.13,1114.13,-0.02,7.32,7955.69,-1
2023-09-12,2023-09-12 11:32:00,1114.13,1114.13,1113.95,1113.95,-0.02,7.32,7955.69,-1
2023-09-12,2023-09-12 11:33:00,1113.95,1113.95,1113.77,1113.77,-0.02,7.32,7955.69,-1
2023-09-12,2023-09-12 11:34:00,1113.77,1113.77,1113.58,1113.58,-0.02,7.32,7955.69,-1
2023-09-12,2023-09-12 11:35:00,1113.58,1113.58,1113.4,1113.4,-0.02,7.32,7955.69,-1
2023-09-12,2023-09-12 11:36:00,1113.4,1113.4,1113.22,1113.22,-0.02,7.32,7955.69,-1
2023-09-12,2023-09-12 11:37:00,1113.22,1113.22,1113.03,1113.03,-0.02,7.32,7955.69,-1
2023-09-12,2023-09-12 11:38:00,1113.03,1113.03,1112.85,1112.85,-0.02,7.32,7955.69,-1
2023-09-12,2023-09-12 11:39:00,1112.85,1112.85,1112.67,1112.67,-0.02,7.32,7955.69,-1
2023-09-12,2023-09-12 11:40:00,1112.67,1112.67,1112.48,1112.48,-0.02,7.32,7955.69,-1
2023-09-12,2023-09-12 11:41:00,1112.48,1112.48,1112.3,1112.3,-0.02,7.32,7955.69,-1
2023-09-12,2023-09-12 11:42:00,1112.3,1112.3,1112.12,1112.12,-0.02,7.32,7955.69,-1
2023-09-12,2023-09-12 11:43:00,1112.12,1112.12,1111.93,1111.93,-0.02,7.32,7955.69,-1
2023-09-12,2023-09-12 11:44:00,1111.93,1111.93,1111.75,1111.75,-0.02,7.32,7955.69,-1
2023-09-12,2023-09-12 11:45:00,1111.75,1111.75,1111.57,1111.57,-0.02,7.32,7955.69,-1
2023-09-12,2023-09-12 11:46:00,1111.57,1111.57,1111.38,1111.38,-0.02,7.32,7955.69,-1
2023-09-12,2023-09-12 11:47:00,1111.38,1111.38,1111.2,1111.2,-0.02,7.32,7955.69,-1
2023-09-12,2023-09-12 11:48:00,1111.2,1111.2,1111.02,1111.02,-0.02,7.32,7955.69,-1
2023-09-12,2023-09-12 11:49:00,1111.02,1111.02,1110.83,1110.83,-0.02,7.32,7955.69,-1
2023-09-12,2023-09-12 11:50:00,1110.83,1110.83,1110.65,1110.65,-0.02,7.32,7955.69,-1
2023-09-12,2023-09-12 11:51:00,1110.65,1110.65,1110.47,1110.47,-0.02,7.32,7955.69,-1
2023-09-12,2023-09-12 11:52:00,1110.47,1110.47,1110.28,1110.28,-0.02,7.32,7955.69,-1
2023-09-12,2023-09-12 11:53:00,1110.28,1110.28,1110.1,1110.1,-0.02,7.32,7955.69,-1
2023-09-12,2023-09-12 11:54:00,1110.1,1110.1,1109.92,1109.92,-0.02,7.32,7955.69,-1
2023-09-12,2023-09-12 11:55:00,1109.92,1109.92,1109.73,1109.73,-0.02,7.32,7955.69,-1
2023-09-12,2023-09-12 11:56:00,1109.73,1109.73,1109.55,1109.55,-0.02,7.32,7955.69,-1
2023-09-12,2023-09-12 11:57:00,1109.55,1109.55,1109.37,1109.37,-0.02,7.32,7955.69,-1
2023-09-12,2023-09-12 11:58:00,1109.37,1109.37,1109.18,1109.18,-0.02,7.32,7955.69,-1
2023-09-12,2023-09-12 11:59:00,1109.18,1109.18,1109.0,1109.0,-0.02,7.32,7955.69,-1
2023-09-12,2023-09-12 12:00:00,1109.0,1109.0,1108.82,1108.82,-0.02,7.32,7955.69,-1
2023-09-12,2023-09-12 12:01:00,1108.82,1108.82,1108.63,1108.63,-0.02,7.32,7955.69,-1
2023-09-12,2023-09-12 12:02:00,1108.63,1108.63,1108.45,1108.45,-0.02,7.32,7955.69,-1
2023-09-12,2023-09-12 12:03:00,1108.45,1108.45,1108.27,1108.27,-0.02,7.32,7955.69,-1
2023-09-12,2023-09-12 12:04:00,1108.27,1108.27,1108.08,1108.08,-0.02,7.32,7955.69,-1
2023-09-12,2023-09-12 12:05:00,1108.08,1108.08,1107.9,1107.9,-0.02,7.32,7955.69,-1
2023-09-12,2023-09-12 12:06:00,1107.9,1107.9,1107.72,1107.72,-0.02,7.32,7955.69,-1
2023-09-12,2023-09-12 12:07:00,1107.72,1107.72,1107.53,1107.53,-0.02,7.32,7955.69,-1
2023-09-12,2023-09-12 12:08:00,1107.53,1107.53,1107.35,1107.35,-0.02,7.32,7955.69,-1
2023-09-12,2023-09-12 12:09:00,1107.35,1107.35,1107.17,1107.17,-0.02,7.32,7955.69,-1
2023-09-12,2023-09-12 12:10:00,1107.17,1107.17,1106.98,1106.98,-0.02,7.32,7955.69,-1
2023-09-12,2023-09-12 12:11:00,1106.98,1106.98,1106.8,1106.8,-0.02,7.32,7955.69,-1
2023-09-12,2023-09-12 12:12:00,1106.8,1106.8,1106.62,1106.62,-0.02,7.32,7955.69,-1
2023-09-12,2023-09-12 12:13:00,1106.62,1106.62,1106.43,1106.43,-0.02,7.32,7955.69,-1
2023-09-12,2023-09-12 12:14:00,1106.43,1106.43,1106.25,1106.25,-0.02,7.32,7955.69,-1
2023-09-12,2023-09-12 12:15:00,1106.25,1106.25,1106.07,1106.07,-0.02,7.32,7955.69,-1
2023-09-12,2023-09-12 12:16:00,1106.07,1106.07,1105.88,1105.88,-0.02,7.32,7955.69,-1
2023-09-12,2023-09-12 12:17:00,1105.88,1105.88,1105.7,1105.7,-0.02,7.32,7955.69,-1
2023-09-12,2023-09-12 12:18:00,1105.7,1105.7,1105.52,1105.52,-0.02,7.32,7955.69,-1
2023-09-12,2023-09-12 12:19:00,1105.52,1105.52,1105.33,1105.33,-0.02,7.32,7955.69,-1
2023-09-12,2023-09-12 12:20:00,1105.33,1105.33,1105.15,1105.15,-0.02,7.32,7955.69,-1
2023-09-12,2023-09-12 12:21:00,1105.15,1105.15,1104.97,1104.97,-0.02,7.32,7955.69,-1
2023-09-12,2023-09-12 12:22:00,1104.97,1104.97,1104.78,1104.78,-0.02,7.32,7955.69,-1
2023-09-12,2023-09-12 12:23:00,1104.78,1104.78,1104.6,1104.6,-0.02,7.32,7955.69,-1
2023-09-12,2023-09-12 12:24:00,1104.6,1104.6,1104.42,1104.42,-0.02,7.32,7955.69,-1
2023-09-12,2023-09-12 12:25:00,1104.42,1104.42,1104.23,1104.23,-0.02,7.32,7955.69,-1
2023-09-12,2023-09-12 12:26:00,1104.23,1104.23,1104.05,1104.05,-0.02,7.32,7955.69,-1
2023-09-12,2023-09-12 12:27:00,1104.05,1104.05,1103.87,1103.87,-0.02,7.32,7955.69,-1
2023-09-12,2023-09-12 12:28:00,1103.87,1103.87,1103.68,1103.68,-0.02,7.32,7955.69,-1
2023-09-12,2023-09-12 12:29:00,1103.68,1103.68,1103.5,1103.5,-0.02,7.32,7955.69,-1
2023-09-12,2023-09-12 12:30:00,1103.5,1103.5,1103.32,1103.32,-0.02,7.32,7955.69,-1
2023-09-12,2023-09-12 12:31:00,1103.32,1103.32,1103.13,1103.13,-0.02,7.32,7955.69,-1
2023-09-12,2023-09-12 12:32:00,1103.13,1103.13,1102.95,1102.95,-0.02,7.32,7955.69,-1
2023-09-12,2023-09-12 12:33:00,1102.95,1102.95,1102.77,1102.77,-0.02,7.32,7955.69,-1
2023-09-12,2023-09-12 12:34:00,1102.77,1102.77,1102.58,1102.58,-0.02,7.32,7955.69,-1
2023-09-12,2023-09-12 12:35:00,1102.58,1102.58,1102.4,1102.4,-0.02,7.32,7955.69,-1
2023-09-12,2023-09-12 12:36:00,1102.4,1102.4,1102.22,1102.22,-0.02,7.32,7955.69,-1
2023-09-12,2023-09-12 12:37:00,1102.22,1102.22,1102.03,1102.03,-0.02,7.32,7955.69,-1
2023-09-12,2023-09-12 12:38:00,1102.03,1102.03,1101.85,1101.85,-0.02,7.32,7955.69,-1
2023-09-12,2023-09-12 12:39:00,1101.85,1101.85,1101.67,1101.67,-0.02,7.32,7955.69,-1
2023-09-12,2023-09-12 12:40:00,1101.67,1101.67,1101.48,1101.48,-0.02,7.32,7955.69,-1
2023-09-12,2023-09-12 12:41:00,1101.48,1101.48,1101.3,1101.3,-0.02,7.32,7955.69,-1
2023-09-12,2023-09-12 12:42:00,1101.3,1101.3,1101.12,1101.12,-0.02,7.32,7955.69,-1
2023-09-12,2023-09-12 12:43:00,1101.12,1101.12,1100.93,1100.93,-0.02,7.32,7955.69,-1
2023-09-12,2023-09-12 12:44:00,1100.93,1100.93,1100.75,1100.75,-0.02,7.32,7955.69,-1
2023-09-12,2023-09-12 12:45:00,1100.75,1100.75,1100.57,1100.57,-0.02,7.32,7955.69,-1
2023-09-12,2023-09-12 12:46:00,1100.57,1100.57,1100.38,1100.38,-0.02,7.32,7955.69,-1
2023-09-12,2023-09-12 12:47:00,1100.38,1100.38,1100.2,1100.2,-0.02,7.32,7955.69,-1
2023-09-12,2023-09-12 12:48:00,1100.2,1100.2,1100.02,1100.02,-0.02,7.32,7955.69,-1
2023-09-12,2023-09-12 12:49:00,1100.02,1100.02,1099.83,1099.83,-0.02,7.32,7955.69,-1
2023-09-12,2023-09-12 12:50:00,1099.83,1099.83,1099.65,1099.65,-0.02,7.32,7955.69,-1
2023-09-12,2023-09-12 12:51:00,1099.65,1099.65,1099.47,1099.47,-0.02,7.32,7955.69,-1
2023-09-12,2023-09-12 12:52:00,1099.47,1099.47,1099.28,1099.28,-0.02,7.32,7955.69,-1
2023-09-12,2023-09-12 12:53:00,1099.28,1099.28,1099.1,1099.1,-0.02,7.32,7955.69,-1
2023-09-12,2023-09-12 12:54:00,1099.1,1099.1,1098.92,1098.92,-0.02,7.32,7955.69,-1
2023-09-12,2023-09-12 12:55:00,1098.92,1098.92,1098.73,1098.73,-0.02,7.32,7955.69,-1
2023-09-12,2023-09-12 12:56:00,1098.73,1098.73,1098.55,1098.55,-0.02,7.32,7955.69,-1
2023-09-12,2023-09-12 12:57:00,1098.55,1098.55,1098.37,1098.37,-0.02,7.32,7955.69,-1
2023-09-12,2023-09-12 12:58:00,1098.37,1098.37,1098.18,1098.18,-0.02,7.32,7955.69,-1
2023-09-12,2023-09-12 12:59:00,1098.18,1098.18,1098.0,1098.0,-0.02,7.32,7955.69,-1
2023-09-12,2023-09-12 13:00:00,1098.0,1140.0,1045.1,1097.82,-0.02,7.32,7955.69,-1
2023-09-12,2023-09-12 13:01:00,1097.82,1097.82,1097.63,1097.63,-0.02,7.32,7955.69,-1
2023-09-12,2023-09-12 13:02:00,1097.63,1097.63,1097.45,1097.45,-0.02,7.32,7955.69,-1
2023-09-12,2023-09-12 13:03:00,1097.45,1097.45,1097.27,1097.27,-0.02,7.32,7955.69,-1
2023-09-12,2023-09-12 13:04:00,1097.27,1097.27,1097.08,1097.08,-0.02,7.32,7955.69,-1
2023-09-12,2023-09-12 13:05:00,1097.08,1097.08,1096.9,1096.9,-0.02,7.32,7955.69,-1
2023-09-12,2023-09-12 13:06:00,1096.9,1096.9,1096.72,1096.72,-0.02,7.32,7955.69,-1
2023-09-12,2023-09-12 13:07:00,1096.72,1096.72,1096.53,1096.53,-0.02,7.32,7955.69,-1
2023-09-12,2023-09-12 13:08:00,1096.53,1096.53,1096.35,1096.35,-0.02,7.32,7955.69,-1
2023-09-12,2023-09-12 13:09:00,1096.35,1096.35,1096.17,1096.17,-0.02,7.32,7955.69,-1
2023-09-12,2023-09-12 13:10:00,1096.17,1096.17,1095.98,1095.98,-0.02,7.32,7955.69,-1
2023-09-12,2023-09-12 13:11:00,1095.98,1095.98,1095.8,1095.8,-0.02,7.32,7955.69,-1
2023-09-12,2023-09-12 13:12:00,1095.8,1095.8,1095.62,1095.62,-0.02,7.32,7955.69,-1
2023-09-12,2023-09-12 13:13:00,1095.62,1095.62,1095.43,1095.43,-0.02,7.32,7955.69,-1
2023-09-12,2023-09-12 13:14:00,1095.43,1095.43,1095.25,1095.25,-0.02,7.32,7955.69,-1
2023-09-12,2023-09-12 13:15:00,1095.25,1095.25,1095.07,1095.07,-0.02,7.32,7955.69,-1
2023-09-12,2023-09-12 13:16:00,1095.07,1095.07,1094.88,1094.88,-0.02,7.32,7955.69,-1
2023-09-12,2023-09-12 13:17:00,1094.88,1094.88,1094.7,1094.7,-0.02,7.32,7955.69,-1
2023-09-12,2023-09-12 13:18:00,1094.7,1094.7,1094.52,1094.52,-0.02,7.32,7955.69,-1
2023-09-12,2023-09-12 13:19:00,1094.52,1094.52,1094.33,1094.33,-0.02,7.32,7955.69,-1
2023-09-12,2023-09-12 13:20:00,1094.33,1094.33,1094.15,1094.15,-0.02,7.32,7955.69,-1
2023-09-12,2023-09-12 13:21:00,1094.15,1094.15,1093.97,1093.97,-0.02,7.32,7955.69,-1
2023-09-12,2023-09-12 13:22:00,1093.97,1093.97,1093.78,1093.78,-0.02,7.32,7955.69,-1
2023-09-12,2023-09-12 13:23:00,1093.78,1093.78,1093.6,1093.6,-0.02,7.32,7955.69,-1
2023-09-12,2023-09-12 13:24:00,1093.6,1093.6,1093.42,1093.42,-0.02,7.32,7955.69,-1
2023-09-12,2023-09-12 13:25:00,1093.42,1093.42,1093.23,1093.23,-0.02,7.32,7955.69,-1
2023-09-12,2023-09-12 13:26:00,1093.23,1093.23,1093.05,1093.05,-0.02,7.32,7955.69,-1
2023-09-12,2023-09-12 13:27:00,1093.05,1093.05,1092.87,1092.87,-0.02,7.32,7955.69,-1
2023-09-12,2023-09-12 13:28:00,1092.87,1092.87,1092.68,1092.68,-0.02,7.32,7955.69,-1
2023-09-12,2023-09-12 13:29:00,1092.68,1092.68,1092.5,1092.5,-0.02,7.32,7955.69,-1
2023-09-12,2023-09-12 13:30:00,1092.5,1092.5,1092.32,1092.32,-0.02,7.32,7955.69,-1
2023-09-12,2023-09-12 13:31:00,1092.32,1092.32,1092.13,1092.13,-0.02,7.32,7955.69,-1
2023-09-12,2023-09-12 13:32:00,1092.13,1092.13,1091.95,1091.95,-0.02,7.32,7955.69,-1
2023-09-12,2023-09-12 13:33:00,1091.95,1091.95,1091.77,1091.77,-0.02,7.32,7955.69,-1
2023-09-12,2023-09-12 13:34:00,1091.77,1091.77,1091.58,1091.58,-0.02,7.32,7955.69,-1
2023-09-12,2023-09-12 13:35:00,1091.58,1091.58,1091.4,1091.4,-0.02,7.32,7955.69,-1
2023-09-12,2023-09-12 13:36:00,1091.4,1091.4,1091.22,1091.22,-0.02,7.32,7955.69,-1
2023-09-12,2023-09-12 13:37:00,1091.22,1091.22,1091.03,1091.03,-0.02,7.32,7955.69,-1
2023-09-12,2023-09-12 13:38:00,1091.03,1091.03,1090.85,1090.85,-0.02,7.32,7955.69,-1
2023-09-12,2023-09-12 13:39:00,1090.85,1090.85,1090.67,1090.67,-0.02,7.32,7955.69,-1
2023-09-12,2023-09-12 13:40:00,1090.67,1090.67,1090.48,1090.48,-0.02,7.32,7955.69,-1
2023-09-12,2023-09-12 13:41:00,1090.48,1090.48,1090.3,1090.3,-0.02,7.32,7955.69,-1
2023-09-12,2023-09-12 13:42:00,1090.3,1090.3,1090.12,1090.12,-0.02,7.32,7955.69,-1
2023-09-12,2023-09-12 13:43:00,1090.12,1090.12,1089.93,1089.93,-0.02,7.32,7955.69,-1
2023-09-12,2023-09-12 13:44:00,1089.93,1089.93,1089.75,1089.75,-0.02,7.32,7955.69,-1
2023-09-12,2023-09-12 13:45:00,1089.75,1089.75,1089.57,1089.57,-0.02,7.32,7955.69,-1
2023-09-12,2023-09-12 13:46:00,1089.57,1089.57,1089.38,1089.38,-0.02,7.32,7955.69,-1
2023-09-12,2023-09-12 13:47:00,1089.38,1089.38,1089.2,1089.2,-0.02,7.32,7955.69,-1
2023-09-12,2023-09-12 13:48:00,1089.2,1089.2,1089.02,1089.02,-0.02,7.32,7955.69,-1
2023-09-12,2023-09-12 13:49:00,1089.02,1089.02,1088.83,1088.83,-0.02,7.32,7955.69,-1
2023-09-12,2023-09-12 13:50:00,1088.83,1088.83,1088.65,1088.65,-0.02,7.32,7955.69,-1
2023-09-12,2023-09-12 13:51:00,1088.65,1088.65,1088.47,1088.47,-0.02,7.32,7955.69,-1
2023-09-12,2023-09-12 13:52:00,1088.47,1088.47,1088.28,1088.28,-0.02,7.32,7955.69,-1
2023-09-12,2023-09-12 13:53:00,1088.28,1088.28,1088.1,1088.1,-0.02,7.32,7955.69,-1
2023-09-12,2023-09-12 13:54:00,1088.1,1088.1,1087.92,1087.92,-0.02,7.32,7955.69,-1
2023-09-12,2023-09-12 13:55:00,1087.92,1087.92,1087.73,1087.73,-0.02,7.32,7955.69,-1
2023-09-12,2023-09-12 13:56:00,1087.73,1087.73,1087.55,1087.55,-0.02,7.32,7955.69,-1
2023-09-12,2023-09-12 13:57:00,1087.55,1087.55,1087.37,1087.37,-0.02,7.32,7955.69,-1
2023-09-12,2023-09-12 13:58:00,1087.37,1087.37,1087.18,1087.18,-0.02,7.32,7955.69,-1
2023-09-12,2023-09-12 13:59:00,1087.18,1087.18,1087.0,1087.0,-0.02,7.32,7955.69,-1
2023-09-12,2023-09-12 14:00:00,1087.0,1087.0,1086.82,1086.82,-0.02,7.32,7955.69,-1
2023-09-12,2023-09-12 14:01:00,1086.82,1086.82,1086.63,1086.63,-0.02,7.32,7955.69,-1
2023-09-12,2023-09-12 14:02:00,1086.63,1086.63,1086.45,1086.45,-0.02,7.32,7955.69,-1
2023-09-12,2023-09-12 14:03:00,1086.45,1086.45,1086.27,1086.27,-0.02,7.32,7955.69,-1
2023-09-12,2023-09-12 14:04:00,1086.27,1086.27,1086.08,1086.08,-0.02,7.32,7955.69,-1
2023-09-12,2023-09-12 14:05:00,1086.08,1086.08,1085.9,1085.9,-0.02,7.32,7955.69,-1
2023-09-12,2023-09-12 14:06:00,1085.9,1085.9,1085.72,1085.72,-0.02,7.32,7955.69,-1
2023-09-12,2023-09-12 14:07:00,1085.72,1085.72,1085.53,1085.53,-0.02,7.32,7955.69,-1
2023-09-12,2023-09-12 14:08:00,1085.53,1085.53,1085.35,1085.35,-0.02,7.32,7955.69,-1
2023-09-12,2023-09-12 14:09:00,1085.35,1085.35,1085.17,1085.17,-0.02,7.32,7955.69,-1
2023-09-12,2023-09-12 14:10:00,1085.17,1085.17,1084.98,1084.98,-0.02,7.32,7955.69,-1
2023-09-12,2023-09-12 14:11:00,1084.98,1084.98,1084.8,1084.8,-0.02,7.32,7955.69,-1
2023-09-12,2023-09-12 14:12:00,1084.8,1084.8,1084.62,1084.62,-0.02,7.32,7955.69,-1
2023-09-12,2023-09-12 14:13:00,1084.62,1084.62,1084.43,1084.43,-0.02,7.32,7955.69,-1
2023-09-12,2023-09-12 14:14:00,1084.43,1084.43,1084.25,1084.25,-0.02,7.32,7955.69,-1
2023-09-12,2023-09-12 14:15:00,1084.25,1084.25,1084.07,1084.07,-0.02,7.32,7955.69,-1
2023-09-12,2023-09-12 14:16:00,1084.07,1084.07,1083.88,1083.88,-0.02,7.32,7955.69,-1
2023-09-12,2023-09-12 14:17:00,1083.88,1083.88,1083.7,1083.7,-0.02,7.32,7955.69,-1
2023-09-12,2023-09-12 14:18:00,1083.7,1083.7,1083.52,1083.52,-0.02,7.32,7955.69,-1
2023-09-12,2023-09-12 14:19:00,1083.52,1083.52,1083.33,1083.33,-0.02,7.32,7955.69,-1
2023-09-12,2023-09-12 14:20:00,1083.33,1083.33,1083.15,1083.15,-0.02,7.32,7955.69,-1
2023-09-12,2023-09-12 14:21:00,1083.15,1083.15,1082.97,1082.97,-0.02,7.32,7955.69,-1
2023-09-12,2023-09-12 14:22:00,1082.97,1082.97,1082.78,1082.78,-0.02,7.32,7955.69,-1
2023-09-12,2023-09-12 14:23:00,1082.78,1082.78,1082.6,1082.6,-0.02,7.32,7955.69,-1
2023-09-12,2023-09-12 14:24:00,1082.6,1082.6,1082.42,1082.42,-0.02,7.32,7955.69,-1
2023-09-12,2023-09-12 14:25:00,1082.42,1082.42,1082.23,1082.23,-0.02,7.32,7955.69,-1
2023-09-12,2023-09-12 14:26:00,1082.23,1082.23,1082.05,1082.05,-0.02,7.32,7955.69,-1
2023-09-12,2023-09-12 14:27:00,1082.05,1082.05,1081.87,1081.87,-0.02,7.32,7955.69,-1
2023-09-12,2023-09-12 14:28:00,1081.87,1081.87,1081.68,1081.68,-0.02,7.32,7955.69,-1
2023-09-12,2023-09-12 14:29:00,1081.68,1081.68,1081.5,1081.5,-0.02,7.32,7955.69,-1
2023-09-12,2023-09-12 14:30:00,1081.5,1081.5,1081.32,1081.32,-0.02,7.32,7955.69,-1
2023-09-12,2023-09-12 14:31:00,1081.32,1081.32,1081.13,1081.13,-0.02,7.32,7955.69,-1
2023-09-12,2023-09-12 14:32:00,1081.13,1081.13,1080.95,1080.95,-0.02,7.32,7955.69,-1
2023-09-12,2023-09-12 14:33:00,1080.95,1080.95,1080.77,1080.77,-0.02,7.32,7955.69,-1
2023-09-12,2023-09-12 14:34:00,1080.77,1080.77,1080.58,1080.58,-0.02,7.32,7955.69,-1
2023-09-12,2023-09-12 14:35:00,1080.58,1080.58,1080.4,1080.4,-0.02,7.32,7955.69,-1
2023-09-12,2023-09-12 14:36:00,1080.4,1080.4,1080.22,1080.22,-0.02,7.32,7955.69,-1
2023-09-12,2023-09-12 14:37:00,1080.22,1080.22,1080.03,1080.03,-0.02,7.32,7955.69,-1
2023-09-12,2023-09-12 14:38:00,1080.03,1080.03,1079.85,1079.85,-0.02,7.32,7955.69,-1
2023-09-12,2023-09-12 14:39:00,1079.85,1079.85,1079.67,1079.67,-0.02,7.32,7955.69,-1
2023-09-12,2023-09-12 14:40:00,1079.67,1079.67,1079.48,1079.48,-0.02,7.32,7955.69,-1
2023-09-12,2023-09-12 14:41:00,1079.48,1079.48,1079.3,1079.3,-0.02,7.32,7955.69,-1
2023-09-12,2023-09-12 14:42:00,1079.3,1079.3,1079.12,1079.12,-0.02,7.32,7955.69,-1
2023-09-12,2023-09-12 14:43:00,1079.12,1079.12,1078.93,1078.93,-0.02,7.32,7955.69,-1
2023-09-12,2023-09-12 14:44:00,1078.93,1078.93,1078.75,1078.75,-0.02,7.32,7955.69,-1
2023-09-12,2023-09-12 14:45:00,1078.75,1078.75,1078.57,1078.57,-0.02,7.32,7955.69,-1
2023-09-12,2023-09-12 14:46:00,1078.57,1078.57,1078.38,1078.38,-0.02,7.32,7955.69,-1
2023-09-12,2023-09-12 14:47:00,1078.38,1078.38,1078.2,1078.2,-0.02,7.32,7955.69,-1
2023-09-12,2023-09-12 14:48:00,1078.2,1078.2,1078.02,1078.02,-0.02,7.32,7955.69,-1
2023-09-12,2023-09-12 14:49:00,1078.02,1078.02,1077.83,1077.83,-0.02,7.32,7955.69,-1
2023-09-12,2023-09-12 14:50:00,1077.83,1077.83,1077.65,1077.65,-0.02,7.32,7955.69,-1
2023-09-12,2023-09-12 14:51:00,1077.65,1077.65,1077.47,1077.47,-0.02,7.32,7955.69,-1
2023-09-12,2023-09-12 14:52:00,1077.47,1077.47,1077.28,1077.28,-0.02,7.32,7955.69,-1
2023-09-12,2023-09-12 14:53:00,1077.28,1077.28,1077.1,1077.1,-0.02,7.32,7955.69,-1
2023-09-12,2023-09-12 14:54:00,1077.1,1077.1,1076.92,1076.92,-0.02,7.32,7955.69,-1
2023-09-12,2023-09-12 14:55:00,1076.92,1076.92,1076.73,1076.73,-0.02,7.32,7955.69,-1
2023-09-12,2023-09-12 14:56:00,1076.73,1076.73,1076.55,1076.55,-0.02,7.32,7955.69,-1
2023-09-12,2023-09-12 14:57:00,1076.55,1076.55,1076.37,1076.37,-0.02,7.32,7955.69,-1
2023-09-12,2023-09-12 14:58:00,1076.37,1076.37,1076.18,1076.18,-0.02,7.32,7955.69,-1
2023-09-12,2023-09-12 14:59:00,1076.18,1076.18,1076.0,1076.0,-0.02,7.32,7955.69,-1
2023-09-12,2023-09-12 15:00:00,1076.0,1140.0,1045.1,1076.0,0.0,7.32,7955.69,0
2023-09-13,2023-09-13 11:00:00,1097.5,1097.5,1074.55,1097.37,-0.01,4.83,5141.28,-1
2023-09-13,2023-09-13 11:01:00,1097.37,1097.37,1097.25,1097.25,-0.01,4.83,5141.28,-1
2023-09-13,2023-09-13 11:02:00,1097.25,1097.25,1097.12,1097.12,-0.01,4.83,5141.28,-1
2023-09-13,2023-09-13 11:03:00,1097.12,1097.12,1096.99,1096.99,-0.01,4.83,5141.28,-1
2023-09-13,2023-09-13 11:04:00,1096.99,1096.99,1096.86,1096.86,-0.01,4.83,5141.28,-1
2023-09-13,2023-09-13 11:05:00,1096.86,1096.86,1096.74,1096.74,-0.01,4.83,5141.28,-1
2023-09-13,2023-09-13 11:06:00,1096.74,1096.74,1096.61,1096.61,-0.01,4.83,5141.28,-1
2023-09-13,2023-09-13 11:07:00,1096.61,1096.61,1096.48,1096.48,-0.01,4.83,5141.28,-1
2023-09-13,2023-09-13 11:08:00,1096.48,1096.48,1096.36,1096.36,-0.01,4.83,5141.28,-1
2023-09-13,2023-09-13 11:09:00,1096.36,1096.36,1096.23,1096.23,-0.01,4.83,5141.28,-1
2023-09-13,2023-09-13 11:10:00,1096.23,1096.23,1096.1,1096.1,-0.01,4.83,5141.28,-1
2023-09-13,2023-09-13 11:11:00,1096.1,1096.1,1095.97,1095.97,-0.01,4.83,5141.28,-1
2023-09-13,2023-09-13 11:12:00,1095.97,1095.97,1095.85,1095.85,-0.01,4.83,5141.28,-1
2023-09-13,2023-09-13 11:13:00,1095.85,1095.85,1095.72,1095.72,-0.01,4.83,5141.28,-1
2023-09-13,2023-09-13 11:14:00,1095.72,1095.72,1095.59,1095.59,-0.01,4.83,5141.28,-1
2023-09-13,2023-09-13 11:15:00,1095.59,1095.59,1095.47,1095.47,-0.01,4.83,5141.28,-1
2023-09-13,2023-09-13 11:16:00,1095.47,1095.47,1095.34,1095.34,-0.01,4.83,5141.28,-1
2023-09-13,2023-09-13 11:17:00,1095.34,1095.34,1095.21,1095.21,-0.01,4.83,5141.28,-1
2023-09-13,2023-09-13 11:18:00,1095.21,1095.21,1095.09,1095.09,-0.01,4.83,5141.28,-1
2023-09-13,2023-09-13 11:19:00,1095.09,1095.09,1094.96,1094.96,-0.01,4.83,5141.28,-1
2023-09-13,2023-09-13 11:20:00,1094.96,1094.96,1094.83,1094.83,-0.01,4.83,5141.28,-1
2023-09-13,2023-09-13 11:21:00,1094.83,1094.83,1094.7,1094.7,-0.01,4.83,5141.28,-1
2023-09-13,2023-09-13 11:22:00,1094.7,1094.7,1094.58,1094.58,-0.01,4.83,5141.28,-1
2023-09-13,2023-09-13 11:23:00,1094.58,1094.58,1094.45,1094.45,-0.01,4.83,5141.28,-1
2023-09-13,2023-09-13 11:24:00,1094.45,1094.45,1094.32,1094.32,-0.01,4.83,5141.28,-1
2023-09-13,2023-09-13 11:25:00,1094.32,1094.32,1094.2,1094.2,-0.01,4.83,5141.28,-1
2023-09-13,2023-09-13 11:26:00,1094.2,1094.2,1094.07,1094.07,-0.01,4.83,5141.28,-1
2023-09-13,2023-09-13 11:27:00,1094.07,1094.07,1093.94,1093.94,-0.01,4.83,5141.28,-1
2023-09-13,2023-09-13 11:28:00,1093.94,1093.94,1093.81,1093.81,-0.01,4.83,5141.28,-1
2023-09-13,2023-09-13 11:29:00,1093.81,1093.81,1093.69,1093.69,-0.01,4.83,5141.28,-1
2023-09-13,2023-09-13 11:30:00,1093.69,1093.69,1093.56,1093.56,-0.01,4.83,5141.28,-1
2023-09-13,2023-09-13 11:31:00,1093.56,1093.56,1093.43,1093.43,-0.01,4.83,5141.28,-1
2023-09-13,2023-09-13 11:32:00,1093.43,1093.43,1093.31,1093.31,-0.01,4.83,5141.28,-1
2023-09-13,2023-09-13 11:33:00,1093.31,1093.31,1093.18,1093.18,-0.01,4.83,5141.28,-1
2023-09-13,2023-09-13 11:34:00,1093.18,1093.18,1093.05,1093.05,-0.01,4.83,5141.28,-1
2023-09-13,2023-09-13 11:35:00,1093.05,1093.05,1092.92,1092.92,-0.01,4.83,5141.28,-1
2023-09-13,2023-09-13 11:36:00,1092.92,1092.92,1092.8,1092.8,-0.01,4.83,5141.28,-1
2023-09-13,2023-09-13 11:37:00,1092.8,1092.8,1092.67,1092.67,-0.01,4.83,5141.28,-1
2023-09-13,2023-09-13 11:38:00,1092.67,1092.67,1092.54,1092.54,-0.01,4.83,5141.28,-1
2023-09-13,2023-09-13 11:39:00,1092.54,1092.54,1092.42,1092.42,-0.01,4.83,5141.28,-1
2023-09-13,2023-09-13 11:40:00,1092.42,1092.42,1092.29,1092.29,-0.01,4.83,5141.28,-1
2023-09-13,2023-09-13 11:41:00,1092.29,1092.29,1092.16,1092.16,-0.01,4.83,5141.28,-1
2023-09-13,2023-09-13 11:42:00,1092.16,1092.16,1092.04,1092.04,-0.01,4.83,5141.28,-1
2023-09-13,2023-09-13 11:43:00,1092.04,1092.04,1091.91,1091.91,-0.01,4.83,5141.28,-1
2023-09-13,2023-09-13 11:44:00,1091.91,1091.91,1091.78,1091.78,-0.01,4.83,5141.28,-1
2023-09-13,2023-09-13 11:45:00,1091.78,1091.78,1091.65,1091.65,-0.01,4.83,5141.28,-1
2023-09-13,2023-09-13 11:46:00,1091.65,1091.65,1091.53,1091.53,-0.01,4.83,5141.28,-1
2023-09-13,2023-09-13 11:47:00,1091.53,1091.53,1091.4,1091.4,-0.01,4.83,5141.28,-1
2023-09-13,2023-09-13 11:48:00,1091.4,1091.4,1091.27,1091.27,-0.01,4.83,5141.28,-1
2023-09-13,2023-09-13 11:49:00,1091.27,1091.27,1091.15,1091.15,-0.01,4.83,5141.28,-1
2023-09-13,2023-09-13 11:50:00,1091.15,1091.15,1091.02,1091.02,-0.01,4.83,5141.28,-1
2023-09-13,2023-09-13 11:51:00,1091.02,1091.02,1090.89,1090.89,-0.01,4.83,5141.28,-1
2023-09-13,2023-09-13 11:52:00,1090.89,1090.89,1090.76,1090.76,-0.01,4.83,5141.28,-1
2023-09-13,2023-09-13 11:53:00,1090.76,1090.76,1090.64,1090.64,-0.01,4.83,5141.28,-1
2023-09-13,2023-09-13 11:54:00,1090.64,1090.64,1090.51,1090.51,-0.01,4.83,5141.28,-1
2023-09-13,2023-09-13 11:55:00,1090.51,1090.51,1090.38,1090.38,-0.01,4.83,5141.28,-1
2023-09-13,2023-09-13 11:56:00,1090.38,1090.38,1090.26,1090.26,-0.01,4.83,5141.28,-1
2023-09-13,2023-09-13 11:57:00,1090.26,1090.26,1090.13,1090.13,-0.01,4.83,5141.28,-1
2023-09-13,2023-09-13 11:58:00,1090.13,1090.13,1090.0,1090.0,-0.01,4.83,5141.28,-1
2023-09-13,2023-09-13 11:59:00,1090.0,1090.0,1089.88,1089.88,-0.01,4.83,5141.28,-1
2023-09-13,2023-09-13 12:00:00,1089.88,1089.88,1089.75,1089.75,-0.01,4.83,5141.28,-1
2023-09-13,2023-09-13 12:01:00,1089.75,1089.75,1089.62,1089.62,-0.01,4.83,5141.28,-1
2023-09-13,2023-09-13 12:02:00,1089.62,1089.62,1089.49,1089.49,-0.01,4.83,5141.28,-1
2023-09-13,2023-09-13 12:03:00,1089.49,1089.49,1089.37,1089.37,-0.01,4.83,5141.28,-1
2023-09-13,2023-09-13 12:04:00,1089.37,1089.37,1089.24,1089.24,-0.01,4.83,5141.28,-1
2023-09-13,2023-09-13 12:05:00,1089.24,1089.24,1089.11,1089.11,-0.01,4.83,5141.28,-1
2023-09-13,2023-09-13 12:06:00,1089.11,1089.11,1088.99,1088.99,-0.01,4.83,5141.28,-1
2023-09-13,2023-09-13 12:07:00,1088.99,1088.99,1088.86,1088.86,-0.01,4.83,5141.28,-1
2023-09-13,2023-09-13 12:08:00,1088.86,1088.86,1088.73,1088.73,-0.01,4.83,5141.28,-1
2023-09-13,2023-09-13 12:09:00,1088.73,1088.73,1088.6,1088.6,-0.01,4.83,5141.28,-1
2023-09-13,2023-09-13 12:10:00,1088.6,1088.6,1088.48,1088.48,-0.01,4.83,5141.28,-1
2023-09-13,2023-09-13 12:11:00,1088.48,1088.48,1088.35,1088.35,-0.01,4.83,5141.28,-1
2023-09-13,2023-09-13 12:12:00,1088.35,1088.35,1088.22,1088.22,-0.01,4.83,5141.28,-1
2023-09-13,2023-09-13 12:13:00,1088.22,1088.22,1088.1,1088.1,-0.01,4.83,5141.28,-1
2023-09-13,2023-09-13 12:14:00,1088.1,1088.1,1087.97,1087.97,-0.01,4.83,5141.28,-1
2023-09-13,2023-09-13 12:15:00,1087.97,1087.97,1087.84,1087.84,-0.01,4.83,5141.28,-1
2023-09-13,2023-09-13 12:16:00,1087.84,1087.84,1087.71,1087.71,-0.01,4.83,5141.28,-1
2023-09-13,2023-09-13 12:17:00,1087.71,1087.71,1087.59,1087.59,-0.01,4.83,5141.28,-1
2023-09-13,2023-09-13 12:18:00,1087.59,1087.59,1087.46,1087.46,-0.01,4.83,5141.28,-1
2023-09-13,2023-09-13 12:19:00,1087.46,1087.46,1087.33,1087.33,-0.01,4.83,5141.28,-1
2023-09-13,2023-09-13 12:20:00,1087.33,1087.33,1087.21,1087.21,-0.01,4.83,5141.28,-1
2023-09-13,2023-09-13 12:21:00,1087.21,1087.21,1087.08,1087.08,-0.01,4.83,5141.28,-1
2023-09-13,2023-09-13 12:22:00,1087.08,1087.08,1086.95,1086.95,-0.01,4.83,5141.28,-1
2023-09-13,2023-09-13 12:23:00,1086.95,1086.95,1086.83,1086.83,-0.01,4.83,5141.28,-1
2023-09-13,2023-09-13 12:24:00,1086.83,1086.83,1086.7,1086.7,-0.01,4.83,5141.28,-1
2023-09-13,2023-09-13 12:25:00,1086.7,1086.7,1086.57,1086.57,-0.01,4.83,5141.28,-1
2023-09-13,2023-09-13 12:26:00,1086.57,1086.57,1086.44,1086.44,-0.01,4.83,5141.28,-1
2023-09-13,2023-09-13 12:27:00,1086.44,1086.44,1086.32,1086.32,-0.01,4.83,5141.28,-1
2023-09-13,2023-09-13 12:28:00,1086.32,1086.32,1086.19,1086.19,-0.01,4.83,5141.28,-1
2023-09-13,2023-09-13 12:29:00,1086.19,1086.19,1086.06,1086.06,-0.01,4.83,5141.28,-1
2023-09-13,2023-09-13 12:30:00,1086.06,1086.06,1085.94,1085.94,-0.01,4.83,5141.28,-1
2023-09-13,2023-09-13 12:31:00,1085.94,1085.94,1085.81,1085.81,-0.01,4.83,5141.28,-1
2023-09-13,2023-09-13 12:32:00,1085.81,1085.81,1085.68,1085.68,-0.01,4.83,5141.28,-1
2023-09-13,2023-09-13 12:33:00,1085.68,1085.68,1085.55,1085.55,-0.01,4.83,5141.28,-1
2023-09-13,2023-09-13 12:34:00,1085.55,1085.55,1085.43,1085.43,-0.01,4.83,5141.28,-1
2023-09-13,2023-09-13 12:35:00,1085.43,1085.43,1085.3,1085.3,-0.01,4.83,5141.28,-1
2023-09-13,2023-09-13 12:36:00,1085.3,1085.3,1085.17,1085.17,-0.01,4.83,5141.28,-1
2023-09-13,2023-09-13 12:37:00,1085.17,1085.17,1085.05,1085.05,-0.01,4.83,5141.28,-1
2023-09-13,2023-09-13 12:38:00,1085.05,1085.05,1084.92,1084.92,-0.01,4.83,5141.28,-1
2023-09-13,2023-09-13 12:39:00,1084.92,1084.92,1084.79,1084.79,-0.01,4.83,5141.28,-1
2023-09-13,2023-09-13 12:40:00,1084.79,1084.79,1084.66,1084.66,-0.01,4.83,5141.28,-1
2023-09-13,2023-09-13 12:41:00,1084.66,1084.66,1084.54,1084.54,-0.01,4.83,5141.28,-1
2023-09-13,2023-09-13 12:42:00,1084.54,1084.54,1084.41,1084.41,-0.01,4.83,5141.28,-1
2023-09-13,2023-09-13 12:43:00,1084.41,1084.41,1084.28,1084.28,-0.01,4.83,5141.28,-1
2023-09-13,2023-09-13 12:44:00,1084.28,1084.28,1084.16,1084.16,-0.01,4.83,5141.28,-1
2023-09-13,2023-09-13 12:45:00,1084.16,1084.16,1084.03,1084.03,-0.01,4.83,5141.28,-1
2023-09-13,2023-09-13 12:46:00,1084.03,1084.03,1083.9,1083.9,-0.01,4.83,5141.28,-1
2023-09-13,2023-09-13 12:47:00,1083.9,1083.9,1083.78,1083.78,-0.01,4.83,5141.28,-1
2023-09-13,2023-09-13 12:48:00,1083.78,1083.78,1083.65,1083.65,-0.01,4.83,5141.28,-1
2023-09-13,2023-09-13 12:49:00,1083.65,1083.65,1083.52,1083.52,-0.01,4.83,5141.28,-1
2023-09-13,2023-09-13 12:50:00,1083.52,1083.52,1083.39,1083.39,-0.01,4.83,5141.28,-1
2023-09-13,2023-09-13 12:51:00,1083.39,1083.39,1083.27,1083.27,-0.01,4.83,5141.28,-1
2023-09-13,2023-09-13 12:52:00,1083.27,1083.27,1083.14,1083.14,-0.01,4.83,5141.28,-1
2023-09-13,2023-09-13 12:53:00,1083.14,1083.14,1083.01,1083.01,-0.01,4.83,5141.28,-1
2023-09-13,2023-09-13 12:54:00,1083.01,1083.01,1082.89,1082.89,-0.01,4.83,5141.28,-1
2023-09-13,2023-09-13 12:55:00,1082.89,1082.89,1082.76,1082.76,-0.01,4.83,5141.28,-1
2023-09-13,2023-09-13 12:56:00,1082.76,1082.76,1082.63,1082.63,-0.01,4.83,5141.28,-1
2023-09-13,2023-09-13 12:57:00,1082.63,1082.63,1082.5,1082.5,-0.01,4.83,5141.28,-1
2023-09-13,2023-09-13 12:58:00,1082.5,1082.5,1082.38,1082.38,-0.01,4.83,5141.28,-1
2023-09-13,2023-09-13 12:59:00,1082.38,1082.38,1082.25,1082.25,-0.01,4.83,5141.28,-1
2023-09-13,2023-09-13 13:00:00,1082.25,1097.5,1021.0,1082.12,-0.01,4.83,5141.28,-1
2023-09-13,2023-09-13 13:01:00,1082.12,1082.12,1082.0,1082.0,-0.01,4.83,5141.28,-1
2023-09-13,2023-09-13 13:02:00,1082.0,1082.0,1081.87,1081.87,-0.01,4.83,5141.28,-1
2023-09-13,2023-09-13 13:03:00,1081.87,1081.87,1081.74,1081.74,-0.01,4.83,5141.28,-1
2023-09-13,2023-09-13 13:04:00,1081.74,1081.74,1081.61,1081.61,-0.01,4.83,5141.28,-1
2023-09-13,2023-09-13 13:05:00,1081.61,1081.61,1081.49,1081.49,-0.01,4.83,5141.28,-1
2023-09-13,2023-09-13 13:06:00,1081.49,1081.49,1081.36,1081.36,-0.01,4.83,5141.28,-1
2023-09-13,2023-09-13 13:07:00,1081.36,1081.36,1081.23,1081.23,-0.01,4.83,5141.28,-1
2023-09-13,2023-09-13 13:08:00,1081.23,1081.23,1081.11,1081.11,-0.01,4.83,5141.28,-1
2023-09-13,2023-09-13 13:09:00,1081.11,1081.11,1080.98,1080.98,-0.01,4.83,5141.28,-1
2023-09-13,2023-09-13 13:10:00,1080.98,1080.98,1080.85,1080.85,-0.01,4.83,5141.28,-1
2023-09-13,2023-09-13 13:11:00,1080.85,1080.85,1080.72,1080.72,-0.01,4.83,5141.28,-1
2023-09-13,2023-09-13 13:12:00,1080.72,1080.72,1080.6,1080.6,-0.01,4.83,5141.28,-1
2023-09-13,2023-09-13 13:13:00,1080.6,1080.6,1080.47,1080.47,-0.01,4.83,5141.28,-1
2023-09-13,2023-09-13 13:14:00,1080.47,1080.47,1080.34,1080.34,-0.01,4.83,5141.28,-1
2023-09-13,2023-09-13 13:15:00,1080.34,1080.34,1080.22,1080.22,-0.01,4.83,5141.28,-1
2023-09-13,2023-09-13 13:16:00,1080.22,1080.22,1080.09,1080.09,-0.01,4.83,5141.28,-1
2023-09-13,2023-09-13 13:17:00,1080.09,1080.09,1079.96,1079.96,-0.01,4.83,5141.28,-1
2023-09-13,2023-09-13 13:18:00,1079.96,1079.96,1079.84,1079.84,-0.01,4.83,5141.28,-1
2023-09-13,2023-09-13 13:19:00,1079.84,1079.84,1079.71,1079.71,-0.01,4.83,5141.28,-1
2023-09-13,2023-09-13 13:20:00,1079.71,1079.71,1079.58,1079.58,-0.01,4.83,5141.28,-1
2023-09-13,2023-09-13 13:21:00,1079.58,1079.58,1079.45,1079.45,-0.01,4.83,5141.28,-1
2023-09-13,2023-09-13 13:22:00,1079.45,1079.45,1079.33,1079.33,-0.01,4.83,5141.28,-1
2023-09-13,2023-09-13 13:23:00,1079.33,1079.33,1079.2,1079.2,-0.01,4.83,5141.28,-1
2023-09-13,2023-09-13 13:24:00,1079.2,1079.2,1079.07,1079.07,-0.01,4.83,5141.28,-1
2023-09-13,2023-09-13 13:25:00,1079.07,1079.07,1078.95,1078.95,-0.01,4.83,5141.28,-1
2023-09-13,2023-09-13 13:26:00,1078.95,1078.95,1078.82,1078.82,-0.01,4.83,5141.28,-1
2023-09-13,2023-09-13 13:27:00,1078.82,1078.82,1078.69,1078.69,-0.01,4.83,5141.28,-1
2023-09-13,2023-09-13 13:28:00,1078.69,1078.69,1078.56,1078.56,-0.01,4.83,5141.28,-1
2023-09-13,2023-09-13 13:29:00,1078.56,1078.56,1078.44,1078.44,-0.01,4.83,5141.28,-1
2023-09-13,2023-09-13 13:30:00,1078.44,1078.44,1078.31,1078.31,-0.01,4.83,5141.28,-1
2023-09-13,2023-09-13 13:31:00,1078.31,1078.31,1078.18,1078.18,-0.01,4.83,5141.28,-1
2023-09-13,2023-09-13 13:32:00,1078.18,1078.18,1078.06,1078.06,-0.01,4.83,5141.28,-1
2023-09-13,2023-09-13 13:33:00,1078.06,1078.06,1077.93,1077.93,-0.01,4.83,5141.28,-1
2023-09-13,2023-09-13 13:34:00,1077.93,1077.93,1077.8,1077.8,-0.01,4.83,5141.28,-1
2023-09-13,2023-09-13 13:35:00,1077.8,1077.8,1077.67,1077.67,-0.01,4.83,5141.28,-1
2023-09-13,2023-09-13 13:36:00,1077.67,1077.67,1077.55,1077.55,-0.01,4.83,5141.28,-1
2023-09-13,2023-09-13 13:37:00,1077.55,1077.55,1077.42,1077.42,-0.01,4.83,5141.28,-1
2023-09-13,2023-09-13 13:38:00,1077.42,1077.42,1077.29,1077.29,-0.01,4.83,5141.28,-1
2023-09-13,2023-09-13 13:39:00,1077.29,1077.29,1077.17,1077.17,-0.01,4.83,5141.28,-1
2023-09-13,2023-09-13 13:40:00,1077.17,1077.17,1077.04,1077.04,-0.01,4.83,5141.28,-1
2023-09-13,2023-09-13 13:41:00,1077.04,1077.04,1076.91,1076.91,-0.01,4.83,5141.28,-1
2023-09-13,2023-09-13 13:42:00,1076.91,1076.91,1076.79,1076.79,-0.01,4.83,5141.28,-1
2023-09-13,2023-09-13 13:43:00,1076.79,1076.79,1076.66,1076.66,-0.01,4.83,5141.28,-1
2023-09-13,2023-09-13 13:44:00,1076.66,1076.66,1076.53,1076.53,-0.01,4.83,5141.28,-1
2023-09-13,2023-09-13 13:45:00,1076.53,1076.53,1076.4,1076.4,-0.01,4.83,5141.28,-1
2023-09-13,2023-09-13 13:46:00,1076.4,1076.4,1076.28,1076.28,-0.01,4.83,5141.28,-1
2023-09-13,2023-09-13 13:47:00,1076.28,1076.28,1076.15,1076.15,-0.01,4.83,5141.28,-1
2023-09-13,2023-09-13 13:48:00,1076.15,1076.15,1076.02,1076.02,-0.01,4.83,5141.28,-1
2023-09-13,2023-09-13 13:49:00,1076.02,1076.02,1075.9,1075.9,-0.01,4.83,5141.28,-1
2023-09-13,2023-09-13 13:50:00,1075.9,1075.9,1075.77,1075.77,-0.01,4.83,5141.28,-1
2023-09-13,2023-09-13 13:51:00,1075.77,1075.77,1075.64,1075.64,-0.01,4.83,5141.28,-1
2023-09-13,2023-09-13 13:52:00,1075.64,1075.64,1075.51,1075.51,-0.01,4.83,5141.28,-1
2023-09-13,2023-09-13 13:53:00,1075.51,1075.51,1075.39,1075.39,-0.01,4.83,5141.28,-1
2023-09-13,2023-09-13 13:54:00,1075.39,1075.39,1075.26,1075.26,-0.01,4.83,5141.28,-1
2023-09-13,2023-09-13 13:55:00,1075.26,1075.26,1075.13,1075.13,-0.01,4.83,5141.28,-1
2023-09-13,2023-09-13 13:56:00,1075.13,1075.13,1075.01,1075.01,-0.01,4.83,5141.28,-1
2023-09-13,2023-09-13 13:57:00,1075.01,1075.01,1074.88,1074.88,-0.01,4.83,5141.28,-1
2023-09-13,2023-09-13 13:58:00,1074.88,1074.88,1074.75,1074.75,-0.01,4.83,5141.28,-1
2023-09-13,2023-09-13 13:59:00,1074.75,1074.75,1074.62,1074.62,-0.01,4.83,5141.28,-1
2023-09-13,2023-09-13 14:00:00,1074.62,1074.62,1074.5,1074.5,-0.01,4.83,5141.28,-1
2023-09-13,2023-09-13 14:01:00,1074.5,1074.5,1074.37,1074.37,-0.01,4.83,5141.28,-1
2023-09-13,2023-09-13 14:02:00,1074.37,1074.37,1074.24,1074.24,-0.01,4.83,5141.28,-1
2023-09-13,2023-09-13 14:03:00,1074.24,1074.24,1074.12,1074.12,-0.01,4.83,5141.28,-1
2023-09-13,2023-09-13 14:04:00,1074.12,1074.12,1073.99,1073.99,-0.01,4.83,5141.28,-1
2023-09-13,2023-09-13 14:05:00,1073.99,1073.99,1073.86,1073.86,-0.01,4.83,5141.28,-1
2023-09-13,2023-09-13 14:06:00,1073.86,1073.86,1073.74,1073.74,-0.01,4.83,5141.28,-1
2023-09-13,2023-09-13 14:07:00,1073.74,1073.74,1073.61,1073.61,-0.01,4.83,5141.28,-1
2023-09-13,2023-09-13 14:08:00,1073.61,1073.61,1073.48,1073.48,-0.01,4.83,5141.28,-1
2023-09-13,2023-09-13 14:09:00,1073.48,1073.48,1073.35,1073.35,-0.01,4.83,5141.28,-1
2023-09-13,2023-09-13 14:10:00,1073.35,1073.35,1073.23,1073.23,-0.01,4.83,5141.28,-1
2023-09-13,2023-09-13 14:11:00,1073.23,1073.23,1073.1,1073.1,-0.01,4.83,5141.28,-1
2023-09-13,2023-09-13 14:12:00,1073.1,1073.1,1072.97,1072.97,-0.01,4.83,5141.28,-1
2023-09-13,2023-09-13 14:13:00,1072.97,1072.97,1072.85,1072.85,-0.01,4.83,5141.28,-1
2023-09-13,2023-09-13 14:14:00,1072.85,1072.85,1072.72,1072.72,-0.01,4.83,5141.28,-1
2023-09-13,2023-09-13 14:15:00,1072.72,1072.72,1072.59,1072.59,-0.01,4.83,5141.28,-1
2023-09-13,2023-09-13 14:16:00,1072.59,1072.59,1072.46,1072.46,-0.01,4.83,5141.28,-1
2023-09-13,2023-09-13 14:17:00,1072.46,1072.46,1072.34,1072.34,-0.01,4.83,5141.28,-1
2023-09-13,2023-09-13 14:18:00,1072.34,1072.34,1072.21,1072.21,-0.01,4.83,5141.28,-1
2023-09-13,2023-09-13 14:19:00,1072.21,1072.21,1072.08,1072.08,-0.01,4.83,5141.28,-1
2023-09-13,2023-09-13 14:20:00,1072.08,1072.08,1071.96,1071.96,-0.01,4.83,5141.28,-1
2023-09-13,2023-09-13 14:21:00,1071.96,1071.96,1071.83,1071.83,-0.01,4.83,5141.28,-1
2023-09-13,2023-09-13 14:22:00,1071.83,1071.83,1071.7,1071.7,-0.01,4.83,5141.28,-1
2023-09-13,2023-09-13 14:23:00,1071.7,1071.7,1071.58,1071.58,-0.01,4.83,5141.28,-1
2023-09-13,2023-09-13 14:24:00,1071.58,1071.58,1071.45,1071.45,-0.01,4.83,5141.28,-1
2023-09-13,2023-09-13 14:25:00,1071.45,1071.45,1071.32,1071.32,-0.01,4.83,5141.28,-1
2023-09-13,2023-09-13 14:26:00,1071.32,1071.32,1071.19,1071.19,-0.01,4.83,5141.28,-1
2023-09-13,2023-09-13 14:27:00,1071.19,1071.19,1071.07,1071.07,-0.01,4.83,5141.28,-1
2023-09-13,2023-09-13 14:28:00,1071.07,1071.07,1070.94,1070.94,-0.01,4.83,5141.28,-1
2023-09-13,2023-09-13 14:29:00,1070.94,1070.94,1070.81,1070.81,-0.01,4.83,5141.28,-1
2023-09-13,2023-09-13 14:30:00,1070.81,1070.81,1070.69,1070.69,-0.01,4.83,5141.28,-1
2023-09-13,2023-09-13 14:31:00,1070.69,1070.69,1070.56,1070.56,-0.01,4.83,5141.28,-1
2023-09-13,2023-09-13 14:32:00,1070.56,1070.56,1070.43,1070.43,-0.01,4.83,5141.28,-1
2023-09-13,2023-09-13 14:33:00,1070.43,1070.43,1070.3,1070.3,-0.01,4.83,5141.28,-1
2023-09-13,2023-09-13 14:34:00,1070.3,1070.3,1070.18,1070.18,-0.01,4.83,5141.28,-1
2023-09-13,2023-09-13 14:35:00,1070.18,1070.18,1070.05,1070.05,-0.01,4.83,5141.28,-1
2023-09-13,2023-09-13 14:36:00,1070.05,1070.05,1069.92,1069.92,-0.01,4.83,5141.28,-1
2023-09-13,2023-09-13 14:37:00,1069.92,1069.92,1069.8,1069.8,-0.01,4.83,5141.28,-1
2023-09-13,2023-09-13 14:38:00,1069.8,1069.8,1069.67,1069.67,-0.01,4.83,5141.28,-1
2023-09-13,2023-09-13 14:39:00,1069.67,1069.67,1069.54,1069.54,-0.01,4.83,5141.28,-1
2023-09-13,2023-09-13 14:40:00,1069.54,1069.54,1069.41,1069.41,-0.01,4.83,5141.28,-1
2023-09-13,2023-09-13 14:41:00,1069.41,1069.41,1069.29,1069.29,-0.01,4.83,5141.28,-1
2023-09-13,2023-09-13 14:42:00,1069.29,1069.29,1069.16,1069.16,-0.01,4.83,5141.28,-1
2023-09-13,2023-09-13 14:43:00,1069.16,1069.16,1069.03,1069.03,-0.01,4.83,5141.28,-1
2023-09-13,2023-09-13 14:44:00,1069.03,1069.03,1068.91,1068.91,-0.01,4.83,5141.28,-1
2023-09-13,2023-09-13 14:45:00,1068.91,1068.91,1068.78,1068.78,-0.01,4.83,5141.28,-1
2023-09-13,2023-09-13 14:46:00,1068.78,1068.78,1068.65,1068.65,-0.01,4.83,5141.28,-1
2023-09-13,2023-09-13 14:47:00,1068.65,1068.65,1068.53,1068.53,-0.01,4.83,5141.28,-1
2023-09-13,2023-09-13 14:48:00,1068.53,1068.53,1068.4,1068.4,-0.01,4.83,5141.28,-1
2023-09-13,2023-09-13 14:49:00,1068.4,1068.4,1068.27,1068.27,-0.01,4.83,5141.28,-1
2023-09-13,2023-09-13 14:50:00,1068.27,1068.27,1068.14,1068.14,-0.01,4.83,5141.28,-1
2023-09-13,2023-09-13 14:51:00,1068.14,1068.14,1068.02,1068.02,-0.01,4.83,5141.28,-1
2023-09-13,2023-09-13 14:52:00,1068.02,1068.02,1067.89,1067.89,-0.01,4.83,5141.28,-1
2023-09-13,2023-09-13 14:53:00,1067.89,1067.89,1067.76,1067.76,-0.01,4.83,5141.28,-1
2023-09-13,2023-09-13 14:54:00,1067.76,1067.76,1067.64,1067.64,-0.01,4.83,5141.28,-1
2023-09-13,2023-09-13 14:55:00,1067.64,1067.64,1067.51,1067.51,-0.01,4.83,5141.28,-1
2023-09-13,2023-09-13 14:56:00,1067.51,1067.51,1067.38,1067.38,-0.01,4.83,5141.28,-1
2023-09-13,2023-09-13 14:57:00,1067.38,1067.38,1067.25,1067.25,-0.01,4.83,5141.28,-1
2023-09-13,2023-09-13 14:58:00,1067.25,1067.25,1067.13,1067.13,-0.01,4.83,5141.28,-1
2023-09-13,2023-09-13 14:59:00,1067.13,1067.13,1067.0,1067.0,-0.01,4.83,5141.28,-1
2023-09-13,2023-09-13 15:00:00,1067.0,1097.5,1021.0,1067.0,0.0,4.83,5141.28,0
2023-09-17,2023-09-17 11:00:00,1088.0,1094.3,1060.61,1087.84,-0.01,11.9,12234.2,-1
2023-09-17,2023-09-17 11:01:00,1087.84,1087.84,1087.68,1087.68,-0.01,11.9,12234.2,-1
2023-09-17,2023-09-17 11:02:00,1087.68,1087.68,1087.52,1087.52,-0.01,11.9,12234.2,-1
2023-09-17,2023-09-17 11:03:00,1087.52,1087.52,1087.36,1087.36,-0.01,11.9,12234.2,-1
2023-09-17,2023-09-17 11:04:00,1087.36,1087.36,1087.2,1087.2,-0.01,11.9,12234.2,-1
2023-09-17,2023-09-17 11:05:00,1087.2,1087.2,1087.04,1087.04,-0.01,11.9,12234.2,-1
2023-09-17,2023-09-17 11:06:00,1087.04,1087.04,1086.88,1086.88,-0.01,11.9,12234.2,-1
2023-09-17,2023-09-17 11:07:00,1086.88,1086.88,1086.72,1086.72,-0.01,11.9,12234.2,-1
2023-09-17,2023-09-17 11:08:00,1086.72,1086.72,1086.56,1086.56,-0.01,11.9,12234.2,-1
2023-09-17,2023-09-17 11:09:00,1086.56,1086.56,1086.4,1086.4,-0.01,11.9,12234.2,-1
2023-09-17,2023-09-17 11:10:00,1086.4,1086.4,1086.24,1086.24,-0.01,11.9,12234.2,-1
2023-09-17,2023-09-17 11:11:00,1086.24,1086.24,1086.09,1086.09,-0.01,11.9,12234.2,-1
2023-09-17,2023-09-17 11:12:00,1086.09,1086.09,1085.93,1085.93,-0.01,11.9,12234.2,-1
2023-09-17,2023-09-17 11:13:00,1085.93,1085.93,1085.77,1085.77,-0.01,11.9,12234.2,-1
2023-09-17,2023-09-17 11:14:00,1085.77,1085.77,1085.61,1085.61,-0.01,11.9,12234.2,-1
2023-09-17,2023-09-17 11:15:00,1085.61,1085.61,1085.45,1085.45,-0.01,11.9,12234.2,-1
2023-09-17,2023-09-17 11:16:00,1085.45,1085.45,1085.29,1085.29,-0.01,11.9,12234.2,-1
2023-09-17,2023-09-17 11:17:00,1085.29,1085.29,1085.13,1085.13,-0.01,11.9,12234.2,-1
2023-09-17,2023-09-17 11:18:00,1085.13,1085.13,1084.97,1084.97,-0.01,11.9,12234.2,-1
2023-09-17,2023-09-17 11:19:00,1084.97,1084.97,1084.81,1084.81,-0.01,11.9,12234.2,-1
2023-09-17,2023-09-17 11:20:00,1084.81,1084.81,1084.65,1084.65,-0.01,11.9,12234.2,-1
2023-09-17,2023-09-17 11:21:00,1084.65,1084.65,1084.49,1084.49,-0.01,11.9,12234.2,-1
2023-09-17,2023-09-17 11:22:00,1084.49,1084.49,1084.33,1084.33,-0.01,11.9,12234.2,-1
2023-09-17,2023-09-17 11:23:00,1084.33,1084.33,1084.17,1084.17,-0.01,11.9,12234.2,-1
2023-09-17,2023-09-17 11:24:00,1084.17,1084.17,1084.01,1084.01,-0.01,11.9,12234.2,-1
2023-09-17,2023-09-17 11:25:00,1084.01,1084.01,1083.85,1083.85,-0.01,11.9,12234.2,-1
2023-09-17,2023-09-17 11:26:00,1083.85,1083.85,1083.69,1083.69,-0.01,11.9,12234.2,-1
2023-09-17,2023-09-17 11:27:00,1083.69,1083.69,1083.53,1083.53,-0.01,11.9,12234.2,-1
2023-09-17,2023-09-17 11:28:00,1083.53,1083.53,1083.37,1083.37,-0.01,11.9,12234.2,-1
2023-09-17,2023-09-17 11:29:00,1083.37,1083.37,1083.21,1083.21,-0.01,11.9,12234.2,-1
2023-09-17,2023-09-17 11:30:00,1083.21,1083.21,1083.05,1083.05,-0.01,11.9,12234.2,-1
2023-09-17,2023-09-17 11:31:00,1083.05,1083.05,1082.89,1082.89,-0.01,11.9,12234.2,-1
2023-09-17,2023-09-17 11:32:00,1082.89,1082.89,1082.73,1082.73,-0.01,11.9,12234.2,-1
2023-09-17,2023-09-17 11:33:00,1082.73,1082.73,1082.57,1082.57,-0.01,11.9,12234.2,-1
2023-09-17,2023-09-17 11:34:00,1082.57,1082.57,1082.41,1082.41,-0.01,11.9,12234.2,-1
2023-09-17,2023-09-17 11:35:00,1082.41,1082.41,1082.26,1082.26,-0.01,11.9,12234.2,-1
2023-09-17,2023-09-17 11:36:00,1082.26,1082.26,1082.1,1082.1,-0.01,11.9,12234.2,-1
2023-09-17,2023-09-17 11:37:00,1082.1,1082.1,1081.94,1081.94,-0.01,11.9,12234.2,-1
2023-09-17,2023-09-17 11:38:00,1081.94,1081.94,1081.78,1081.78,-0.01,11.9,12234.2,-1
2023-09-17,2023-09-17 11:39:00,1081.78,1081.78,1081.62,1081.62,-0.01,11.9,12234.2,-1
2023-09-17,2023-09-17 11:40:00,1081.62,1081.62,1081.46,1081.46,-0.01,11.9,12234.2,-1
2023-09-17,2023-09-17 11:41:00,1081.46,1081.46,1081.3,1081.3,-0.01,11.9,12234.2,-1
2023-09-17,2023-09-17 11:42:00,1081.3,1081.3,1081.14,1081.14,-0.01,11.9,12234.2,-1
2023-09-17,2023-09-17 11:43:00,1081.14,1081.14,1080.98,1080.98,-0.01,11.9,12234.2,-1
2023-09-17,2023-09-17 11:44:00,1080.98,1080.98,1080.82,1080.82,-0.01,11.9,12234.2,-1
2023-09-17,2023-09-17 11:45:00,1080.82,1080.82,1080.66,1080.66,-0.01,11.9,12234.2,-1
2023-09-17,2023-09-17 11:46:00,1080.66,1080.66,1080.5,1080.5,-0.01,11.9,12234.2,-1
2023-09-17,2023-09-17 11:47:00,1080.5,1080.5,1080.34,1080.34,-0.01,11.9,12234.2,-1
2023-09-17,2023-09-17 11:48:00,1080.34,1080.34,1080.18,1080.18,-0.01,11.9,12234.2,-1
2023-09-17,2023-09-17 11:49:00,1080.18,1080.18,1080.02,1080.02,-0.01,11.9,12234.2,-1
2023-09-17,2023-09-17 11:50:00,1080.02,1080.02,1079.86,1079.86,-0.01,11.9,12234.2,-1
2023-09-17,2023-09-17 11:51:00,1079.86,1079.86,1079.7,1079.7,-0.01,11.9,12234.2,-1
2023-09-17,2023-09-17 11:52:00,1079.7,1079.7,1079.54,1079.54,-0.01,11.9,12234.2,-1
2023-09-17,2023-09-17 11:53:00,1079.54,1079.54,1079.38,1079.38,-0.01,11.9,12234.2,-1
2023-09-17,2023-09-17 11:54:00,1079.38,1079.38,1079.22,1079.22,-0.01,11.9,12234.2,-1
2023-09-17,2023-09-17 11:55:00,1079.22,1079.22,1079.06,1079.06,-0.01,11.9,12234.2,-1
2023-09-17,2023-09-17 11:56:00,1079.06,1079.06,1078.9,1078.9,-0.01,11.9,12234.2,-1
2023-09-17,2023-09-17 11:57:00,1078.9,1078.9,1078.74,1078.74,-0.01,11.9,12234.2,-1
2023-09-17,2023-09-17 11:58:00,1078.74,1078.74,1078.58,1078.58,-0.01,11.9,12234.2,-1
2023-09-17,2023-09-17 11:59:00,1078.58,1078.58,1078.42,1078.42,-0.01,11.9,12234.2,-1
2023-09-17,2023-09-17 12:00:00,1078.42,1078.42,1078.27,1078.27,-0.01,11.9,12234.2,-1
2023-09-17,2023-09-17 12:01:00,1078.27,1078.27,1078.11,1078.11,-0.01,11.9,12234.2,-1
2023-09-17,2023-09-17 12:02:00,1078.11,1078.11,1077.95,1077.95,-0.01,11.9,12234.2,-1
2023-09-17,2023-09-17 12:03:00,1077.95,1077.95,1077.79,1077.79,-0.01,11.9,12234.2,-1
2023-09-17,2023-09-17 12:04:00,1077.79,1077.79,1077.63,1077.63,-0.01,11.9,12234.2,-1
2023-09-17,2023-09-17 12:05:00,1077.63,1077.63,1077.47,1077.47,-0.01,11.9,12234.2,-1
2023-09-17,2023-09-17 12:06:00,1077.47,1077.47,1077.31,1077.31,-0.01,11.9,12234.2,-1
2023-09-17,2023-09-17 12:07:00,1077.31,1077.31,1077.15,1077.15,-0.01,11.9,12234.2,-1
2023-09-17,2023-09-17 12:08:00,1077.15,1077.15,1076.99,1076.99,-0.01,11.9,12234.2,-1
2023-09-17,2023-09-17 12:09:00,1076.99,1076.99,1076.83,1076.83,-0.01,11.9,12234.2,-1
2023-09-17,2023-09-17 12:10:00,1076.83,1076.83,1076.67,1076.67,-0.01,11.9,12234.2,-1
2023-09-17,2023-09-17 12:11:00,1076.67,1076.67,1076.51,1076.51,-0.01,11.9,12234.2,-1
2023-09-17,2023-09-17 12:12:00,1076.51,1076.51,1076.35,1076.35,-0.01,11.9,12234.2,-1
2023-09-17,2023-09-17 12:13:00,1076.35,1076.35,1076.19,1076.19,-0.01,11.9,12234.2,-1
2023-09-17,2023-09-17 12:14:00,1076.19,1076.19,1076.03,1076.03,-0.01,11.9,12234.2,-1
2023-09-17,2023-09-17 12:15:00,1076.03,1076.03,1075.87,1075.87,-0.01,11.9,12234.2,-1
2023-09-17,2023-09-17 12:16:00,1075.87,1075.87,1075.71,1075.71,-0.01,11.9,12234.2,-1
2023-09-17,2023-09-17 12:17:00,1075.71,1075.71,1075.55,1075.55,-0.01,11.9,12234.2,-1
2023-09-17,2023-09-17 12:18:00,1075.55,1075.55,1075.39,1075.39,-0.01,11.9,12234.2,-1
2023-09-17,2023-09-17 12:19:00,1075.39,1075.39,1075.23,1075.23,-0.01,11.9,12234.2,-1
2023-09-17,2023-09-17 12:20:00,1075.23,1075.23,1075.07,1075.07,-0.01,11.9,12234.2,-1
2023-09-17,2023-09-17 12:21:00,1075.07,1075.07,1074.91,1074.91,-0.01,11.9,12234.2,-1
2023-09-17,2023-09-17 12:22:00,1074.91,1074.91,1074.75,1074.75,-0.01,11.9,12234.2,-1
2023-09-17,2023-09-17 12:23:00,1074.75,1074.75,1074.6,1074.6,-0.01,11.9,12234.2,-1
2023-09-17,2023-09-17 12:24:00,1074.6,1074.6,1074.44,1074.44,-0.01,11.9,12234.2,-1
2023-09-17,2023-09-17 12:25:00,1074.44,1074.44,1074.28,1074.28,-0.01,11.9,12234.2,-1
2023-09-17,2023-09-17 12:26:00,1074.28,1074.28,1074.12,1074.12,-0.01,11.9,12234.2,-1
2023-09-17,2023-09-17 12:27:00,1074.12,1074.12,1073.96,1073.96,-0.01,11.9,12234.2,-1
2023-09-17,2023-09-17 12:28:00,1073.96,1073.96,1073.8,1073.8,-0.01,11.9,12234.2,-1
2023-09-17,2023-09-17 12:29:00,1073.8,1073.8,1073.64,1073.64,-0.01,11.9,12234.2,-1
2023-09-17,2023-09-17 12:30:00,1073.64,1073.64,1073.48,1073.48,-0.01,11.9,12234.2,-1
2023-09-17,2023-09-17 12:31:00,1073.48,1073.48,1073.32,1073.32,-0.01,11.9,12234.2,-1
2023-09-17,2023-09-17 12:32:00,1073.32,1073.32,1073.16,1073.16,-0.01,11.9,12234.2,-1
2023-09-17,2023-09-17 12:33:00,1073.16,1073.16,1073.0,1073.0,-0.01,11.9,12234.2,-1
2023-09-17,2023-09-17 12:34:00,1073.0,1073.0,1072.84,1072.84,-0.01,11.9,12234.2,-1
2023-09-17,2023-09-17 12:35:00,1072.84,1072.84,1072.68,1072.68,-0.01,11.9,12234.2,-1
2023-09-17,2023-09-17 12:36:00,1072.68,1072.68,1072.52,1072.52,-0.01,11.9,12234.2,-1
2023-09-17,2023-09-17 12:37:00,1072.52,1072.52,1072.36,1072.36,-0.01,11.9,12234.2,-1
2023-09-17,2023-09-17 12:38:00,1072.36,1072.36,1072.2,1072.2,-0.01,11.9,12234.2,-1
2023-09-17,2023-09-17 12:39:00,1072.2,1072.2,1072.04,1072.04,-0.01,11.9,12234.2,-1
2023-09-17,2023-09-17 12:40:00,1072.04,1072.04,1071.88,1071.88,-0.01,11.9,12234.2,-1
2023-09-17,2023-09-17 12:41:00,1071.88,1071.88,1071.72,1071.72,-0.01,11.9,12234.2,-1
2023-09-17,2023-09-17 12:42:00,1071.72,1071.72,1071.56,1071.56,-0.01,11.9,12234.2,-1
2023-09-17,2023-09-17 12:43:00,1071.56,1071.56,1071.4,1071.4,-0.01,11.9,12234.2,-1
2023-09-17,2023-09-17 12:44:00,1071.4,1071.4,1071.24,1071.24,-0.01,11.9,12234.2,-1
2023-09-17,2023-09-17 12:45:00,1071.24,1071.24,1071.08,1071.08,-0.01,11.9,12234.2,-1
2023-09-17,2023-09-17 12:46:00,1071.08,1071.08,1070.92,1070.92,-0.01,11.9,12234.2,-1
2023-09-17,2023-09-17 12:47:00,1070.92,1070.92,1070.77,1070.77,-0.01,11.9,12234.2,-1
2023-09-17,2023-09-17 12:48:00,1070.77,1070.77,1070.61,1070.61,-0.01,11.9,12234.2,-1
2023-09-17,2023-09-17 12:49:00,1070.61,1070.61,1070.45,1070.45,-0.01,11.9,12234.2,-1
2023-09-17,2023-09-17 12:50:00,1070.45,1070.45,1070.29,1070.29,-0.01,11.9,12234.2,-1
2023-09-17,2023-09-17 12:51:00,1070.29,1070.29,1070.13,1070.13,-0.01,11.9,12234.2,-1
2023-09-17,2023-09-17 12:52:00,1070.13,1070.13,1069.97,1069.97,-0.01,11.9,12234.2,-1
2023-09-17,2023-09-17 12:53:00,1069.97,1069.97,1069.81,1069.81,-0.01,11.9,12234.2,-1
2023-09-17,2023-09-17 12:54:00,1069.81,1069.81,1069.65,1069.65,-0.01,11.9,12234.2,-1
2023-09-17,2023-09-17 12:55:00,1069.65,1069.65,1069.49,1069.49,-0.01,11.9,12234.2,-1
2023-09-17,2023-09-17 12:56:00,1069.49,1069.49,1069.33,1069.33,-0.01,11.9,12234.2,-1
2023-09-17,2023-09-17 12:57:00,1069.33,1069.33,1069.17,1069.17,-0.01,11.9,12234.2,-1
2023-09-17,2023-09-17 12:58:00,1069.17,1069.17,1069.01,1069.01,-0.01,11.9,12234.2,-1
2023-09-17,2023-09-17 12:59:00,1069.01,1069.01,1068.85,1068.85,-0.01,11.9,12234.2,-1
2023-09-17,2023-09-17 13:00:00,1068.85,1109.0,996.7,1068.69,-0.01,11.9,12234.2,-1
2023-09-17,2023-09-17 13:01:00,1068.69,1068.69,1068.53,1068.53,-0.01,11.9,12234.2,-1
2023-09-17,2023-09-17 13:02:00,1068.53,1068.53,1068.37,1068.37,-0.01,11.9,12234.2,-1
2023-09-17,2023-09-17 13:03:00,1068.37,1068.37,1068.21,1068.21,-0.01,11.9,12234.2,-1
2023-09-17,2023-09-17 13:04:00,1068.21,1068.21,1068.05,1068.05,-0.01,11.9,12234.2,-1
2023-09-17,2023-09-17 13:05:00,1068.05,1068.05,1067.89,1067.89,-0.01,11.9,12234.2,-1
2023-09-17,2023-09-17 13:06:00,1067.89,1067.89,1067.73,1067.73,-0.01,11.9,12234.2,-1
2023-09-17,2023-09-17 13:07:00,1067.73,1067.73,1067.57,1067.57,-0.01,11.9,12234.2,-1
2023-09-17,2023-09-17 13:08:00,1067.57,1067.57,1067.41,1067.41,-0.01,11.9,12234.2,-1
2023-09-17,2023-09-17 13:09:00,1067.41,1067.41,1067.25,1067.25,-0.01,11.9,12234.2,-1
2023-09-17,2023-09-17 13:10:00,1067.25,1067.25,1067.09,1067.09,-0.01,11.9,12234.2,-1
2023-09-17,2023-09-17 13:11:00,1067.09,1067.09,1066.93,1066.93,-0.01,11.9,12234.2,-1
2023-09-17,2023-09-17 13:12:00,1066.93,1066.93,1066.78,1066.78,-0.01,11.9,12234.2,-1
2023-09-17,2023-09-17 13:13:00,1066.78,1066.78,1066.62,1066.62,-0.01,11.9,12234.2,-1
2023-09-17,2023-09-17 13:14:00,1066.62,1066.62,1066.46,1066.46,-0.02,11.9,12234.2,-1
2023-09-17,2023-09-17 13:15:00,1066.46,1066.46,1066.3,1066.3,-0.02,11.9,12234.2,-1
2023-09-17,2023-09-17 13:16:00,1066.3,1066.3,1066.14,1066.14,-0.02,11.9,12234.2,-1
2023-09-17,2023-09-17 13:17:00,1066.14,1066.14,1065.98,1065.98,-0.02,11.9,12234.2,-1
2023-09-17,2023-09-17 13:18:00,1065.98,1065.98,1065.82,1065.82,-0.02,11.9,12234.2,-1
2023-09-17,2023-09-17 13:19:00,1065.82,1065.82,1065.66,1065.66,-0.02,11.9,12234.2,-1
2023-09-17,2023-09-17 13:20:00,1065.66,1065.66,1065.5,1065.5,-0.02,11.9,12234.2,-1
2023-09-17,2023-09-17 13:21:00,1065.5,1065.5,1065.34,1065.34,-0.02,11.9,12234.2,-1
2023-09-17,2023-09-17 13:22:00,1065.34,1065.34,1065.18,1065.18,-0.02,11.9,12234.2,-1
2023-09-17,2023-09-17 13:23:00,1065.18,1065.18,1065.02,1065.02,-0.02,11.9,12234.2,-1
2023-09-17,2023-09-17 13:24:00,1065.02,1065.02,1064.86,1064.86,-0.02,11.9,12234.2,-1
2023-09-17,2023-09-17 13:25:00,1064.86,1064.86,1064.7,1064.7,-0.02,11.9,12234.2,-1
2023-09-17,2023-09-17 13:26:00,1064.7,1064.7,1064.54,1064.54,-0.02,11.9,12234.2,-1
2023-09-17,2023-09-17 13:27:00,1064.54,1064.54,1064.38,1064.38,-0.02,11.9,12234.2,-1
2023-09-17,2023-09-17 13:28:00,1064.38,1064.38,1064.22,1064.22,-0.02,11.9,12234.2,-1
2023-09-17,2023-09-17 13:29:00,1064.22,1064.22,1064.06,1064.06,-0.02,11.9,12234.2,-1
2023-09-17,2023-09-17 13:30:00,1064.06,1064.06,1063.9,1063.9,-0.02,11.9,12234.2,-1
2023-09-17,2023-09-17 13:31:00,1063.9,1063.9,1063.74,1063.74,-0.02,11.9,12234.2,-1
2023-09-17,2023-09-17 13:32:00,1063.74,1063.74,1063.58,1063.58,-0.02,11.9,12234.2,-1
2023-09-17,2023-09-17 13:33:00,1063.58,1063.58,1063.42,1063.42,-0.02,11.9,12234.2,-1
2023-09-17,2023-09-17 13:34:00,1063.42,1063.42,1063.26,1063.26,-0.02,11.9,12234.2,-1
2023-09-17,2023-09-17 13:35:00,1063.26,1063.26,1063.11,1063.11,-0.01,11.9,12234.2,-1
2023-09-17,2023-09-17 13:36:00,1063.11,1063.11,1062.95,1062.95,-0.02,11.9,12234.2,-1
2023-09-17,2023-09-17 13:37:00,1062.95,1062.95,1062.79,1062.79,-0.02,11.9,12234.2,-1
2023-09-17,2023-09-17 13:38:00,1062.79,1062.79,1062.63,1062.63,-0.02,11.9,12234.2,-1
2023-09-17,2023-09-17 13:39:00,1062.63,1062.63,1062.47,1062.47,-0.02,11.9,12234.2,-1
2023-09-17,2023-09-17 13:40:00,1062.47,1062.47,1062.31,1062.31,-0.02,11.9,12234.2,-1
2023-09-17,2023-09-17 13:41:00,1062.31,1062.31,1062.15,1062.15,-0.02,11.9,12234.2,-1
2023-09-17,2023-09-17 13:42:00,1062.15,1062.15,1061.99,1061.99,-0.02,11.9,12234.2,-1
2023-09-17,2023-09-17 13:43:00,1061.99,1061.99,1061.83,1061.83,-0.02,11.9,12234.2,-1
2023-09-17,2023-09-17 13:44:00,1061.83,1061.83,1061.67,1061.67,-0.02,11.9,12234.2,-1
2023-09-17,2023-09-17 13:45:00,1061.67,1061.67,1061.51,1061.51,-0.02,11.9,12234.2,-1
2023-09-17,2023-09-17 13:46:00,1061.51,1061.51,1061.35,1061.35,-0.02,11.9,12234.2,-1
2023-09-17,2023-09-17 13:47:00,1061.35,1061.35,1061.19,1061.19,-0.02,11.9,12234.2,-1
2023-09-17,2023-09-17 13:48:00,1061.19,1061.19,1061.03,1061.03,-0.02,11.9,12234.2,-1
2023-09-17,2023-09-17 13:49:00,1061.03,1061.03,1060.87,1060.87,-0.02,11.9,12234.2,-1
2023-09-17,2023-09-17 13:50:00,1060.87,1060.87,1060.71,1060.71,-0.02,11.9,12234.2,-1
2023-09-17,2023-09-17 13:51:00,1060.71,1060.71,1060.55,1060.55,-0.02,11.9,12234.2,-1
2023-09-17,2023-09-17 13:52:00,1060.55,1060.55,1060.39,1060.39,-0.02,11.9,12234.2,-1
2023-09-17,2023-09-17 13:53:00,1060.39,1060.39,1060.23,1060.23,-0.02,11.9,12234.2,-1
2023-09-17,2023-09-17 13:54:00,1060.23,1060.23,1060.07,1060.07,-0.02,11.9,12234.2,-1
2023-09-17,2023-09-17 13:55:00,1060.07,1060.07,1059.91,1059.91,-0.02,11.9,12234.2,-1
2023-09-17,2023-09-17 13:56:00,1059.91,1059.91,1059.75,1059.75,-0.02,11.9,12234.2,-1
2023-09-17,2023-09-17 13:57:00,1059.75,1059.75,1059.59,1059.59,-0.02,11.9,12234.2,-1
2023-09-17,2023-09-17 13:58:00,1059.59,1059.59,1059.43,1059.43,-0.02,11.9,12234.2,-1
2023-09-17,2023-09-17 13:59:00,1059.43,1059.43,1059.28,1059.28,-0.01,11.9,12234.2,-1
2023-09-17,2023-09-17 14:00:00,1059.28,1059.28,1059.12,1059.12,-0.02,11.9,12234.2,-1
2023-09-17,2023-09-17 14:01:00,1059.12,1059.12,1058.96,1058.96,-0.02,11.9,12234.2,-1
2023-09-17,2023-09-17 14:02:00,1058.96,1058.96,1058.8,1058.8,-0.02,11.9,12234.2,-1
2023-09-17,2023-09-17 14:03:00,1058.8,1058.8,1058.64,1058.64,-0.02,11.9,12234.2,-1
2023-09-17,2023-09-17 14:04:00,1058.64,1058.64,1058.48,1058.48,-0.02,11.9,12234.2,-1
2023-09-17,2023-09-17 14:05:00,1058.48,1058.48,1058.32,1058.32,-0.02,11.9,12234.2,-1
2023-09-17,2023-09-17 14:06:00,1058.32,1058.32,1058.16,1058.16,-0.02,11.9,12234.2,-1
2023-09-17,2023-09-17 14:07:00,1058.16,1058.16,1058.0,1058.0,-0.02,11.9,12234.2,-1
2023-09-17,2023-09-17 14:08:00,1058.0,1058.0,1057.84,1057.84,-0.02,11.9,12234.2,-1
2023-09-17,2023-09-17 14:09:00,1057.84,1057.84,1057.68,1057.68,-0.02,11.9,12234.2,-1
2023-09-17,2023-09-17 14:10:00,1057.68,1057.68,1057.52,1057.52,-0.02,11.9,12234.2,-1
2023-09-17,2023-09-17 14:11:00,1057.52,1057.52,1057.36,1057.36,-0.02,11.9,12234.2,-1
2023-09-17,2023-09-17 14:12:00,1057.36,1057.36,1057.2,1057.2,-0.02,11.9,12234.2,-1
2023-09-17,2023-09-17 14:13:00,1057.2,1057.2,1057.04,1057.04,-0.02,11.9,12234.2,-1
2023-09-17,2023-09-17 14:14:00,1057.04,1057.04,1056.88,1056.88,-0.02,11.9,12234.2,-1
2023-09-17,2023-09-17 14:15:00,1056.88,1056.88,1056.72,1056.72,-0.02,11.9,12234.2,-1
2023-09-17,2023-09-17 14:16:00,1056.72,1056.72,1056.56,1056.56,-0.02,11.9,12234.2,-1
2023-09-17,2023-09-17 14:17:00,1056.56,1056.56,1056.4,1056.4,-0.02,11.9,12234.2,-1
2023-09-17,2023-09-17 14:18:00,1056.4,1056.4,1056.24,1056.24,-0.02,11.9,12234.2,-1
2023-09-17,2023-09-17 14:19:00,1056.24,1056.24,1056.08,1056.08,-0.02,11.9,12234.2,-1
2023-09-17,2023-09-17 14:20:00,1056.08,1056.08,1055.92,1055.92,-0.02,11.9,12234.2,-1
2023-09-17,2023-09-17 14:21:00,1055.92,1055.92,1055.76,1055.76,-0.02,11.9,12234.2,-1
2023-09-17,2023-09-17 14:22:00,1055.76,1055.76,1055.6,1055.6,-0.02,11.9,12234.2,-1
2023-09-17,2023-09-17 14:23:00,1055.6,1055.6,1055.44,1055.44,-0.02,11.9,12234.2,-1
2023-09-17,2023-09-17 14:24:00,1055.44,1055.44,1055.29,1055.29,-0.01,11.9,12234.2,-1
2023-09-17,2023-09-17 14:25:00,1055.29,1055.29,1055.13,1055.13,-0.02,11.9,12234.2,-1
2023-09-17,2023-09-17 14:26:00,1055.13,1055.13,1054.97,1054.97,-0.02,11.9,12234.2,-1
2023-09-17,2023-09-17 14:27:00,1054.97,1054.97,1054.81,1054.81,-0.02,11.9,12234.2,-1
2023-09-17,2023-09-17 14:28:00,1054.81,1054.81,1054.65,1054.65,-0.02,11.9,12234.2,-1
2023-09-17,2023-09-17 14:29:00,1054.65,1054.65,1054.49,1054.49,-0.02,11.9,12234.2,-1
2023-09-17,2023-09-17 14:30:00,1054.49,1054.49,1054.33,1054.33,-0.02,11.9,12234.2,-1
2023-09-17,2023-09-17 14:31:00,1054.33,1054.33,1054.17,1054.17,-0.02,11.9,12234.2,-1
2023-09-17,2023-09-17 14:32:00,1054.17,1054.17,1054.01,1054.01,-0.02,11.9,12234.2,-1
2023-09-17,2023-09-17 14:33:00,1054.01,1054.01,1053.85,1053.85,-0.02,11.9,12234.2,-1
2023-09-17,2023-09-17 14:34:00,1053.85,1053.85,1053.69,1053.69,-0.02,11.9,12234.2,-1
2023-09-17,2023-09-17 14:35:00,1053.69,1053.69,1053.53,1053.53,-0.02,11.9,12234.2,-1
2023-09-17,2023-09-17 14:36:00,1053.53,1053.53,1053.37,1053.37,-0.02,11.9,12234.2,-1
2023-09-17,2023-09-17 14:37:00,1053.37,1053.37,1053.21,1053.21,-0.02,11.9,12234.2,-1
2023-09-17,2023-09-17 14:38:00,1053.21,1053.21,1053.05,1053.05,-0.02,11.9,12234.2,-1
2023-09-17,2023-09-17 14:39:00,1053.05,1053.05,1052.89,1052.89,-0.02,11.9,12234.2,-1
2023-09-17,2023-09-17 14:40:00,1052.89,1052.89,1052.73,1052.73,-0.02,11.9,12234.2,-1
2023-09-17,2023-09-17 14:41:00,1052.73,1052.73,1052.57,1052.57,-0.02,11.9,12234.2,-1
2023-09-17,2023-09-17 14:42:00,1052.57,1052.57,1052.41,1052.41,-0.02,11.9,12234.2,-1
2023-09-17,2023-09-17 14:43:00,1052.41,1052.41,1052.25,1052.25,-0.02,11.9,12234.2,-1
2023-09-17,2023-09-17 14:44:00,1052.25,1052.25,1052.09,1052.09,-0.02,11.9,12234.2,-1
2023-09-17,2023-09-17 14:45:00,1052.09,1052.09,1051.93,1051.93,-0.02,11.9,12234.2,-1
2023-09-17,2023-09-17 14:46:00,1051.93,1051.93,1051.77,1051.77,-0.02,11.9,12234.2,-1
2023-09-17,2023-09-17 14:47:00,1051.77,1051.77,1051.62,1051.62,-0.01,11.9,12234.2,-1
2023-09-17,2023-09-17 14:48:00,1051.62,1051.62,1051.46,1051.46,-0.02,11.9,12234.2,-1
2023-09-17,2023-09-17 14:49:00,1051.46,1051.46,1051.3,1051.3,-0.02,11.9,12234.2,-1
2023-09-17,2023-09-17 14:50:00,1051.3,1051.3,1051.14,1051.14,-0.02,11.9,12234.2,-1
2023-09-17,2023-09-17 14:51:00,1051.14,1051.14,1050.98,1050.98,-0.02,11.9,12234.2,-1
2023-09-17,2023-09-17 14:52:00,1050.98,1050.98,1050.82,1050.82,-0.02,11.9,12234.2,-1
2023-09-17,2023-09-17 14:53:00,1050.82,1050.82,1050.66,1050.66,-0.02,11.9,12234.2,-1
2023-09-17,2023-09-17 14:54:00,1050.66,1050.66,1050.5,1050.5,-0.02,11.9,12234.2,-1
2023-09-17,2023-09-17 14:55:00,1050.5,1050.5,1050.34,1050.34,-0.02,11.9,12234.2,-1
2023-09-17,2023-09-17 14:56:00,1050.34,1050.34,1050.18,1050.18,-0.02,11.9,12234.2,-1
2023-09-17,2023-09-17 14:57:00,1050.18,1050.18,1050.02,1050.02,-0.02,11.9,12234.2,-1
2023-09-17,2023-09-17 14:58:00,1050.02,1050.02,1049.86,1049.86,-0.02,11.9,12234.2,-1
2023-09-17,2023-09-17 14:59:00,1049.86,1049.86,1049.7,1049.7,-0.02,11.9,12234.2,-1
2023-09-17,2023-09-17 15:00:00,1049.7,1109.0,996.7,1049.7,0.0,11.9,12234.2,0
2023-09-18,2023-09-18 11:00:00,1070.6,1070.6,1047.62,1070.44,-0.01,12.19,12307.0,-1
2023-09-18,2023-09-18 11:01:00,1070.44,1070.44,1070.29,1070.29,-0.01,12.19,12307.0,-1
2023-09-18,2023-09-18 11:02:00,1070.29,1070.29,1070.13,1070.13,-0.01,12.19,12307.0,-1
2023-09-18,2023-09-18 11:03:00,1070.13,1070.13,1069.97,1069.97,-0.01,12.19,12307.0,-1
2023-09-18,2023-09-18 11:04:00,1069.97,1069.97,1069.81,1069.81,-0.01,12.19,12307.0,-1
2023-09-18,2023-09-18 11:05:00,1069.81,1069.81,1069.66,1069.66,-0.01,12.19,12307.0,-1
2023-09-18,2023-09-18 11:06:00,1069.66,1069.66,1069.5,1069.5,-0.01,12.19,12307.0,-1
2023-09-18,2023-09-18 11:07:00,1069.5,1069.5,1069.34,1069.34,-0.01,12.19,12307.0,-1
2023-09-18,2023-09-18 11:08:00,1069.34,1069.34,1069.19,1069.19,-0.01,12.19,12307.0,-1
2023-09-18,2023-09-18 11:09:00,1069.19,1069.19,1069.03,1069.03,-0.01,12.19,12307.0,-1
2023-09-18,2023-09-18 11:10:00,1069.03,1069.03,1068.87,1068.87,-0.01,12.19,12307.0,-1
2023-09-18,2023-09-18 11:11:00,1068.87,1068.87,1068.71,1068.71,-0.01,12.19,12307.0,-1
2023-09-18,2023-09-18 11:12:00,1068.71,1068.71,1068.56,1068.56,-0.01,12.19,12307.0,-1
2023-09-18,2023-09-18 11:13:00,1068.56,1068.56,1068.4,1068.4,-0.01,12.19,12307.0,-1
2023-09-18,2023-09-18 11:14:00,1068.4,1068.4,1068.24,1068.24,-0.01,12.19,12307.0,-1
2023-09-18,2023-09-18 11:15:00,1068.24,1068.24,1068.09,1068.09,-0.01,12.19,12307.0,-1
2023-09-18,2023-09-18 11:16:00,1068.09,1068.09,1067.93,1067.93,-0.01,12.19,12307.0,-1
2023-09-18,2023-09-18 11:17:00,1067.93,1067.93,1067.77,1067.77,-0.01,12.19,12307.0,-1
2023-09-18,2023-09-18 11:18:00,1067.77,1067.77,1067.62,1067.62,-0.01,12.19,12307.0,-1
2023-09-18,2023-09-18 11:19:00,1067.62,1067.62,1067.46,1067.46,-0.01,12.19,12307.0,-1
2023-09-18,2023-09-18 11:20:00,1067.46,1067.46,1067.3,1067.3,-0.01,12.19,12307.0,-1
2023-09-18,2023-09-18 11:21:00,1067.3,1067.3,1067.14,1067.14,-0.01,12.19,12307.0,-1
2023-09-18,2023-09-18 11:22:00,1067.14,1067.14,1066.99,1066.99,-0.01,12.19,12307.0,-1
2023-09-18,2023-09-18 11:23:00,1066.99,1066.99,1066.83,1066.83,-0.01,12.19,12307.0,-1
2023-09-18,2023-09-18 11:24:00,1066.83,1066.83,1066.67,1066.67,-0.01,12.19,12307.0,-1
2023-09-18,2023-09-18 11:25:00,1066.67,1066.67,1066.52,1066.52,-0.01,12.19,12307.0,-1
2023-09-18,2023-09-18 11:26:00,1066.52,1066.52,1066.36,1066.36,-0.02,12.19,12307.0,-1
2023-09-18,2023-09-18 11:27:00,1066.36,1066.36,1066.2,1066.2,-0.02,12.19,12307.0,-1
2023-09-18,2023-09-18 11:28:00,1066.2,1066.2,1066.04,1066.04,-0.02,12.19,12307.0,-1
2023-09-18,2023-09-18 11:29:00,1066.04,1066.04,1065.89,1065.89,-0.01,12.19,12307.0,-1
2023-09-18,2023-09-18 11:30:00,1065.89,1065.89,1065.73,1065.73,-0.02,12.19,12307.0,-1
2023-09-18,2023-09-18 11:31:00,1065.73,1065.73,1065.57,1065.57,-0.02,12.19,12307.0,-1
2023-09-18,2023-09-18 11:32:00,1065.57,1065.57,1065.42,1065.42,-0.01,12.19,12307.0,-1
2023-09-18,2023-09-18 11:33:00,1065.42,1065.42,1065.26,1065.26,-0.02,12.19,12307.0,-1
2023-09-18,2023-09-18 11:34:00,1065.26,1065.26,1065.1,1065.1,-0.02,12.19,12307.0,-1
2023-09-18,2023-09-18 11:35:00,1065.1,1065.1,1064.94,1064.94,-0.02,12.19,12307.0,-1
2023-09-18,2023-09-18 11:36:00,1064.94,1064.94,1064.79,1064.79,-0.01,12.19,12307.0,-1
2023-09-18,2023-09-18 11:37:00,1064.79,1064.79,1064.63,1064.63,-0.02,12.19,12307.0,-1
2023-09-18,2023-09-18 11:38:00,1064.63,1064.63,1064.47,1064.47,-0.02,12.19,12307.0,-1
2023-09-18,2023-09-18 11:39:00,1064.47,1064.47,1064.32,1064.32,-0.01,12.19,12307.0,-1
2023-09-18,2023-09-18 11:40:00,1064.32,1064.32,1064.16,1064.16,-0.02,12.19,12307.0,-1
2023-09-18,2023-09-18 11:41:00,1064.16,1064.16,1064.0,1064.0,-0.02,12.19,12307.0,-1
2023-09-18,2023-09-18 11:42:00,1064.0,1064.0,1063.85,1063.85,-0.01,12.19,12307.0,-1
2023-09-18,2023-09-18 11:43:00,1063.85,1063.85,1063.69,1063.69,-0.02,12.19,12307.0,-1
2023-09-18,2023-09-18 11:44:00,1063.69,1063.69,1063.53,1063.53,-0.02,12.19,12307.0,-1
2023-09-18,2023-09-18 11:45:00,1063.53,1063.53,1063.37,1063.37,-0.02,12.19,12307.0,-1
2023-09-18,2023-09-18 11:46:00,1063.37,1063.37,1063.22,1063.22,-0.01,12.19,12307.0,-1
2023-09-18,2023-09-18 11:47:00,1063.22,1063.22,1063.06,1063.06,-0.02,12.19,12307.0,-1
2023-09-18,2023-09-18 11:48:00,1063.06,1063.06,1062.9,1062.9,-0.02,12.19,12307.0,-1
2023-09-18,2023-09-18 11:49:00,1062.9,1062.9,1062.75,1062.75,-0.01,12.19,12307.0,-1
2023-09-18,2023-09-18 11:50:00,1062.75,1062.75,1062.59,1062.59,-0.02,12.19,12307.0,-1
2023-09-18,2023-09-18 11:51:00,1062.59,1062.59,1062.43,1062.43,-0.02,12.19,12307.0,-1
2023-09-18,2023-09-18 11:52:00,1062.43,1062.43,1062.27,1062.27,-0.02,12.19,12307.0,-1
2023-09-18,2023-09-18 11:53:00,1062.27,1062.27,1062.12,1062.12,-0.01,12.19,12307.0,-1
2023-09-18,2023-09-18 11:54:00,1062.12,1062.12,1061.96,1061.96,-0.02,12.19,12307.0,-1
2023-09-18,2023-09-18 11:55:00,1061.96,1061.96,1061.8,1061.8,-0.02,12.19,12307.0,-1
2023-09-18,2023-09-18 11:56:00,1061.8,1061.8,1061.65,1061.65,-0.01,12.19,12307.0,-1
2023-09-18,2023-09-18 11:57:00,1061.65,1061.65,1061.49,1061.49,-0.02,12.19,12307.0,-1
2023-09-18,2023-09-18 11:58:00,1061.49,1061.49,1061.33,1061.33,-0.02,12.19,12307.0,-1
2023-09-18,2023-09-18 11:59:00,1061.33,1061.33,1061.17,1061.17,-0.02,12.19,12307.0,-1
2023-09-18,2023-09-18 12:00:00,1061.17,1061.17,1061.02,1061.02,-0.01,12.19,12307.0,-1
2023-09-18,2023-09-18 12:01:00,1061.02,1061.02,1060.86,1060.86,-0.02,12.19,12307.0,-1
2023-09-18,2023-09-18 12:02:00,1060.86,1060.86,1060.7,1060.7,-0.02,12.19,12307.0,-1
2023-09-18,2023-09-18 12:03:00,1060.7,1060.7,1060.55,1060.55,-0.01,12.19,12307.0,-1
2023-09-18,2023-09-18 12:04:00,1060.55,1060.55,1060.39,1060.39,-0.02,12.19,12307.0,-1
2023-09-18,2023-09-18 12:05:00,1060.39,1060.39,1060.23,1060.23,-0.02,12.19,12307.0,-1
2023-09-18,2023-09-18 12:06:00,1060.23,1060.23,1060.08,1060.08,-0.01,12.19,12307.0,-1
2023-09-18,2023-09-18 12:07:00,1060.08,1060.08,1059.92,1059.92,-0.02,12.19,12307.0,-1
2023-09-18,2023-09-18 12:08:00,1059.92,1059.92,1059.76,1059.76,-0.02,12.19,12307.0,-1
2023-09-18,2023-09-18 12:09:00,1059.76,1059.76,1059.6,1059.6,-0.02,12.19,12307.0,-1
2023-09-18,2023-09-18 12:10:00,1059.6,1059.6,1059.45,1059.45,-0.01,12.19,12307.0,-1
2023-09-18,2023-09-18 12:11:00,1059.45,1059.45,1059.29,1059.29,-0.02,12.19,12307.0,-1
2023-09-18,2023-09-18 12:12:00,1059.29,1059.29,1059.13,1059.13,-0.02,12.19,12307.0,-1
2023-09-18,2023-09-18 12:13:00,1059.13,1059.13,1058.98,1058.98,-0.01,12.19,12307.0,-1
2023-09-18,2023-09-18 12:14:00,1058.98,1058.98,1058.82,1058.82,-0.02,12.19,12307.0,-1
2023-09-18,2023-09-18 12:15:00,1058.82,1058.82,1058.66,1058.66,-0.02,12.19,12307.0,-1
2023-09-18,2023-09-18 12:16:00,1058.66,1058.66,1058.5,1058.5,-0.02,12.19,12307.0,-1
2023-09-18,2023-09-18 12:17:00,1058.5,1058.5,1058.35,1058.35,-0.01,12.19,12307.0,-1
2023-09-18,2023-09-18 12:18:00,1058.35,1058.35,1058.19,1058.19,-0.02,12.19,12307.0,-1
2023-09-18,2023-09-18 12:19:00,1058.19,1058.19,1058.03,1058.03,-0.02,12.19,12307.0,-1
2023-09-18,2023-09-18 12:20:00,1058.03,1058.03,1057.88,1057.88,-0.01,12.19,12307.0,-1
2023-09-18,2023-09-18 12:21:00,1057.88,1057.88,1057.72,1057.72,-0.02,12.19,12307.0,-1
2023-09-18,2023-09-18 12:22:00,1057.72,1057.72,1057.56,1057.56,-0.02,12.19,12307.0,-1
2023-09-18,2023-09-18 12:23:00,1057.56,1057.56,1057.4,1057.4,-0.02,12.19,12307.0,-1
2023-09-18,2023-09-18 12:24:00,1057.4,1057.4,1057.25,1057.25,-0.01,12.19,12307.0,-1
2023-09-18,2023-09-18 12:25:00,1057.25,1057.25,1057.09,1057.09,-0.02,12.19,12307.0,-1
2023-09-18,2023-09-18 12:26:00,1057.09,1057.09,1056.93,1056.93,-0.02,12.19,12307.0,-1
2023-09-18,2023-09-18 12:27:00,1056.93,1056.93,1056.78,1056.78,-0.01,12.19,12307.0,-1
2023-09-18,2023-09-18 12:28:00,1056.78,1056.78,1056.62,1056.62,-0.02,12.19,12307.0,-1
2023-09-18,2023-09-18 12:29:00,1056.62,1056.62,1056.46,1056.46,-0.02,12.19,12307.0,-1
2023-09-18,2023-09-18 12:30:00,1056.46,1056.46,1056.31,1056.31,-0.01,12.19,12307.0,-1
2023-09-18,2023-09-18 12:31:00,1056.31,1056.31,1056.15,1056.15,-0.02,12.19,12307.0,-1
2023-09-18,2023-09-18 12:32:00,1056.15,1056.15,1055.99,1055.99,-0.02,12.19,12307.0,-1
2023-09-18,2023-09-18 12:33:00,1055.99,1055.99,1055.83,1055.83,-0.02,12.19,12307.0,-1
2023-09-18,2023-09-18 12:34:00,1055.83,1055.83,1055.68,1055.68,-0.01,12.19,12307.0,-1
2023-09-18,2023-09-18 12:35:00,1055.68,1055.68,1055.52,1055.52,-0.02,12.19,12307.0,-1
2023-09-18,2023-09-18 12:36:00,1055.52,1055.52,1055.36,1055.36,-0.02,12.19,12307.0,-1
2023-09-18,2023-09-18 12:37:00,1055.36,1055.36,1055.21,1055.21,-0.01,12.19,12307.0,-1
2023-09-18,2023-09-18 12:38:00,1055.21,1055.21,1055.05,1055.05,-0.02,12.19,12307.0,-1
2023-09-18,2023-09-18 12:39:00,1055.05,1055.05,1054.89,1054.89,-0.02,12.19,12307.0,-1
2023-09-18,2023-09-18 12:40:00,1054.89,1054.89,1054.73,1054.73,-0.02,12.19,12307.0,-1
2023-09-18,2023-09-18 12:41:00,1054.73,1054.73,1054.58,1054.58,-0.01,12.19,12307.0,-1
2023-09-18,2023-09-18 12:42:00,1054.58,1054.58,1054.42,1054.42,-0.02,12.19,12307.0,-1
2023-09-18,2023-09-18 12:43:00,1054.42,1054.42,1054.26,1054.26,-0.02,12.19,12307.0,-1
2023-09-18,2023-09-18 12:44:00,1054.26,1054.26,1054.11,1054.11,-0.01,12.19,12307.0,-1
2023-09-18,2023-09-18 12:45:00,1054.11,1054.11,1053.95,1053.95,-0.02,12.19,12307.0,-1
2023-09-18,2023-09-18 12:46:00,1053.95,1053.95,1053.79,1053.79,-0.02,12.19,12307.0,-1
2023-09-18,2023-09-18 12:47:00,1053.79,1053.79,1053.63,1053.63,-0.02,12.19,12307.0,-1
2023-09-18,2023-09-18 12:48:00,1053.63,1053.63,1053.48,1053.48,-0.01,12.19,12307.0,-1
2023-09-18,2023-09-18 12:49:00,1053.48,1053.48,1053.32,1053.32,-0.02,12.19,12307.0,-1
2023-09-18,2023-09-18 12:50:00,1053.32,1053.32,1053.16,1053.16,-0.02,12.19,12307.0,-1
2023-09-18,2023-09-18 12:51:00,1053.16,1053.16,1053.01,1053.01,-0.01,12.19,12307.0,-1
2023-09-18,2023-09-18 12:52:00,1053.01,1053.01,1052.85,1052.85,-0.02,12.19,12307.0,-1
2023-09-18,2023-09-18 12:53:00,1052.85,1052.85,1052.69,1052.69,-0.02,12.19,12307.0,-1
2023-09-18,2023-09-18 12:54:00,1052.69,1052.69,1052.54,1052.54,-0.01,12.19,12307.0,-1
2023-09-18,2023-09-18 12:55:00,1052.54,1052.54,1052.38,1052.38,-0.02,12.19,12307.0,-1
2023-09-18,2023-09-18 12:56:00,1052.38,1052.38,1052.22,1052.22,-0.02,12.19,12307.0,-1
2023-09-18,2023-09-18 12:57:00,1052.22,1052.22,1052.06,1052.06,-0.02,12.19,12307.0,-1
2023-09-18,2023-09-18 12:58:00,1052.06,1052.06,1051.91,1051.91,-0.01,12.19,12307.0,-1
2023-09-18,2023-09-18 12:59:00,1051.91,1051.91,1051.75,1051.75,-0.02,12.19,12307.0,-1
2023-09-18,2023-09-18 13:00:00,1051.75,1070.6,994.0,1051.59,-0.02,12.19,12307.0,-1
2023-09-18,2023-09-18 13:01:00,1051.59,1051.59,1051.44,1051.44,-0.01,12.19,12307.0,-1
2023-09-18,2023-09-18 13:02:00,1051.44,1051.44,1051.28,1051.28,-0.02,12.19,12307.0,-1
2023-09-18,2023-09-18 13:03:00,1051.28,1051.28,1051.12,1051.12,-0.02,12.19,12307.0,-1
2023-09-18,2023-09-18 13:04:00,1051.12,1051.12,1050.96,1050.96,-0.02,12.19,12307.0,-1
2023-09-18,2023-09-18 13:05:00,1050.96,1050.96,1050.81,1050.81,-0.01,12.19,12307.0,-1
2023-09-18,2023-09-18 13:06:00,1050.81,1050.81,1050.65,1050.65,-0.02,12.19,12307.0,-1
2023-09-18,2023-09-18 13:07:00,1050.65,1050.65,1050.49,1050.49,-0.02,12.19,12307.0,-1
2023-09-18,2023-09-18 13:08:00,1050.49,1050.49,1050.34,1050.34,-0.01,12.19,12307.0,-1
2023-09-18,2023-09-18 13:09:00,1050.34,1050.34,1050.18,1050.18,-0.02,12.19,12307.0,-1
2023-09-18,2023-09-18 13:10:00,1050.18,1050.18,1050.02,1050.02,-0.02,12.19,12307.0,-1
2023-09-18,2023-09-18 13:11:00,1050.02,1050.02,1049.87,1049.87,-0.01,12.19,12307.0,-1
2023-09-18,2023-09-18 13:12:00,1049.87,1049.87,1049.71,1049.71,-0.02,12.19,12307.0,-1
2023-09-18,2023-09-18 13:13:00,1049.71,1049.71,1049.55,1049.55,-0.02,12.19,12307.0,-1
2023-09-18,2023-09-18 13:14:00,1049.55,1049.55,1049.39,1049.39,-0.02,12.19,12307.0,-1
2023-09-18,2023-09-18 13:15:00,1049.39,1049.39,1049.24,1049.24,-0.01,12.19,12307.0,-1
2023-09-18,2023-09-18 13:16:00,1049.24,1049.24,1049.08,1049.08,-0.02,12.19,12307.0,-1
2023-09-18,2023-09-18 13:17:00,1049.08,1049.08,1048.92,1048.92,-0.02,12.19,12307.0,-1
2023-09-18,2023-09-18 13:18:00,1048.92,1048.92,1048.77,1048.77,-0.01,12.19,12307.0,-1
2023-09-18,2023-09-18 13:19:00,1048.77,1048.77,1048.61,1048.61,-0.02,12.19,12307.0,-1
2023-09-18,2023-09-18 13:20:00,1048.61,1048.61,1048.45,1048.45,-0.02,12.19,12307.0,-1
2023-09-18,2023-09-18 13:21:00,1048.45,1048.45,1048.29,1048.29,-0.02,12.19,12307.0,-1
2023-09-18,2023-09-18 13:22:00,1048.29,1048.29,1048.14,1048.14,-0.01,12.19,12307.0,-1
2023-09-18,2023-09-18 13:23:00,1048.14,1048.14,1047.98,1047.98,-0.02,12.19,12307.0,-1
2023-09-18,2023-09-18 13:24:00,1047.98,1047.98,1047.82,1047.82,-0.02,12.19,12307.0,-1
2023-09-18,2023-09-18 13:25:00,1047.82,1047.82,1047.67,1047.67,-0.01,12.19,12307.0,-1
2023-09-18,2023-09-18 13:26:00,1047.67,1047.67,1047.51,1047.51,-0.02,12.19,12307.0,-1
2023-09-18,2023-09-18 13:27:00,1047.51,1047.51,1047.35,1047.35,-0.02,12.19,12307.0,-1
2023-09-18,2023-09-18 13:28:00,1047.35,1047.35,1047.19,1047.19,-0.02,12.19,12307.0,-1
2023-09-18,2023-09-18 13:29:00,1047.19,1047.19,1047.04,1047.04,-0.01,12.19,12307.0,-1
2023-09-18,2023-09-18 13:30:00,1047.04,1047.04,1046.88,1046.88,-0.02,12.19,12307.0,-1
2023-09-18,2023-09-18 13:31:00,1046.88,1046.88,1046.72,1046.72,-0.02,12.19,12307.0,-1
2023-09-18,2023-09-18 13:32:00,1046.72,1046.72,1046.57,1046.57,-0.01,12.19,12307.0,-1
2023-09-18,2023-09-18 13:33:00,1046.57,1046.57,1046.41,1046.41,-0.02,12.19,12307.0,-1
2023-09-18,2023-09-18 13:34:00,1046.41,1046.41,1046.25,1046.25,-0.02,12.19,12307.0,-1
2023-09-18,2023-09-18 13:35:00,1046.25,1046.25,1046.1,1046.1,-0.01,12.19,12307.0,-1
2023-09-18,2023-09-18 13:36:00,1046.1,1046.1,1045.94,1045.94,-0.02,12.19,12307.0,-1
2023-09-18,2023-09-18 13:37:00,1045.94,1045.94,1045.78,1045.78,-0.02,12.19,12307.0,-1
2023-09-18,2023-09-18 13:38:00,1045.78,1045.78,1045.62,1045.62,-0.02,12.19,12307.0,-1
2023-09-18,2023-09-18 13:39:00,1045.62,1045.62,1045.47,1045.47,-0.01,12.19,12307.0,-1
2023-09-18,2023-09-18 13:40:00,1045.47,1045.47,1045.31,1045.31,-0.02,12.19,12307.0,-1
2023-09-18,2023-09-18 13:41:00,1045.31,1045.31,1045.15,1045.15,-0.02,12.19,12307.0,-1
2023-09-18,2023-09-18 13:42:00,1045.15,1045.15,1045.0,1045.0,-0.01,12.19,12307.0,-1
2023-09-18,2023-09-18 13:43:00,1045.0,1045.0,1044.84,1044.84,-0.02,12.19,12307.0,-1
2023-09-18,2023-09-18 13:44:00,1044.84,1044.84,1044.68,1044.68,-0.02,12.19,12307.0,-1
2023-09-18,2023-09-18 13:45:00,1044.68,1044.68,1044.52,1044.52,-0.02,12.19,12307.0,-1
2023-09-18,2023-09-18 13:46:00,1044.52,1044.52,1044.37,1044.37,-0.01,12.19,12307.0,-1
2023-09-18,2023-09-18 13:47:00,1044.37,1044.37,1044.21,1044.21,-0.02,12.19,12307.0,-1
2023-09-18,2023-09-18 13:48:00,1044.21,1044.21,1044.05,1044.05,-0.02,12.19,12307.0,-1
2023-09-18,2023-09-18 13:49:00,1044.05,1044.05,1043.9,1043.9,-0.01,12.19,12307.0,-1
2023-09-18,2023-09-18 13:50:00,1043.9,1043.9,1043.74,1043.74,-0.02,12.19,12307.0,-1
2023-09-18,2023-09-18 13:51:00,1043.74,1043.74,1043.58,1043.58,-0.02,12.19,12307.0,-1
2023-09-18,2023-09-18 13:52:00,1043.58,1043.58,1043.42,1043.42,-0.02,12.19,12307.0,-1
2023-09-18,2023-09-18 13:53:00,1043.42,1043.42,1043.27,1043.27,-0.01,12.19,12307.0,-1
2023-09-18,2023-09-18 13:54:00,1043.27,1043.27,1043.11,1043.11,-0.02,12.19,12307.0,-1
2023-09-18,2023-09-18 13:55:00,1043.11,1043.11,1042.95,1042.95,-0.02,12.19,12307.0,-1
2023-09-18,2023-09-18 13:56:00,1042.95,1042.95,1042.8,1042.8,-0.01,12.19,12307.0,-1
2023-09-18,2023-09-18 13:57:00,1042.8,1042.8,1042.64,1042.64,-0.02,12.19,12307.0,-1
2023-09-18,2023-09-18 13:58:00,1042.64,1042.64,1042.48,1042.48,-0.02,12.19,12307.0,-1
2023-09-18,2023-09-18 13:59:00,1042.48,1042.48,1042.33,1042.33,-0.01,12.19,12307.0,-1
2023-09-18,2023-09-18 14:00:00,1042.33,1042.33,1042.17,1042.17,-0.02,12.19,12307.0,-1
2023-09-18,2023-09-18 14:01:00,1042.17,1042.17,1042.01,1042.01,-0.02,12.19,12307.0,-1
2023-09-18,2023-09-18 14:02:00,1042.01,1042.01,1041.85,1041.85,-0.02,12.19,12307.0,-1
2023-09-18,2023-09-18 14:03:00,1041.85,1041.85,1041.7,1041.7,-0.01,12.19,12307.0,-1
2023-09-18,2023-09-18 14:04:00,1041.7,1041.7,1041.54,1041.54,-0.02,12.19,12307.0,-1
2023-09-18,2023-09-18 14:05:00,1041.54,1041.54,1041.38,1041.38,-0.02,12.19,12307.0,-1
2023-09-18,2023-09-18 14:06:00,1041.38,1041.38,1041.23,1041.23,-0.01,12.19,12307.0,-1
2023-09-18,2023-09-18 14:07:00,1041.23,1041.23,1041.07,1041.07,-0.02,12.19,12307.0,-1
2023-09-18,2023-09-18 14:08:00,1041.07,1041.07,1040.91,1040.91,-0.02,12.19,12307.0,-1
2023-09-18,2023-09-18 14:09:00,1040.91,1040.91,1040.75,1040.75,-0.02,12.19,12307.0,-1
2023-09-18,2023-09-18 14:10:00,1040.75,1040.75,1040.6,1040.6,-0.01,12.19,12307.0,-1
2023-09-18,2023-09-18 14:11:00,1040.6,1040.6,1040.44,1040.44,-0.02,12.19,12307.0,-1
2023-09-18,2023-09-18 14:12:00,1040.44,1040.44,1040.28,1040.28,-0.02,12.19,12307.0,-1
2023-09-18,2023-09-18 14:13:00,1040.28,1040.28,1040.13,1040.13,-0.01,12.19,12307.0,-1
2023-09-18,2023-09-18 14:14:00,1040.13,1040.13,1039.97,1039.97,-0.02,12.19,12307.0,-1
2023-09-18,2023-09-18 14:15:00,1039.97,1039.97,1039.81,1039.81,-0.02,12.19,12307.0,-1
2023-09-18,2023-09-18 14:16:00,1039.81,1039.81,1039.65,1039.65,-0.02,12.19,12307.0,-1
2023-09-18,2023-09-18 14:17:00,1039.65,1039.65,1039.5,1039.5,-0.01,12.19,12307.0,-1
2023-09-18,2023-09-18 14:18:00,1039.5,1039.5,1039.34,1039.34,-0.02,12.19,12307.0,-1
2023-09-18,2023-09-18 14:19:00,1039.34,1039.34,1039.18,1039.18,-0.02,12.19,12307.0,-1
2023-09-18,2023-09-18 14:20:00,1039.18,1039.18,1039.03,1039.03,-0.01,12.19,12307.0,-1
2023-09-18,2023-09-18 14:21:00,1039.03,1039.03,1038.87,1038.87,-0.02,12.19,12307.0,-1
2023-09-18,2023-09-18 14:22:00,1038.87,1038.87,1038.71,1038.71,-0.02,12.19,12307.0,-1
2023-09-18,2023-09-18 14:23:00,1038.71,1038.71,1038.56,1038.56,-0.01,12.19,12307.0,-1
2023-09-18,2023-09-18 14:24:00,1038.56,1038.56,1038.4,1038.4,-0.02,12.19,12307.0,-1
2023-09-18,2023-09-18 14:25:00,1038.4,1038.4,1038.24,1038.24,-0.02,12.19,12307.0,-1
2023-09-18,2023-09-18 14:26:00,1038.24,1038.24,1038.08,1038.08,-0.02,12.19,12307.0,-1
2023-09-18,2023-09-18 14:27:00,1038.08,1038.08,1037.93,1037.93,-0.01,12.19,12307.0,-1
2023-09-18,2023-09-18 14:28:00,1037.93,1037.93,1037.77,1037.77,-0.02,12.19,12307.0,-1
2023-09-18,2023-09-18 14:29:00,1037.77,1037.77,1037.61,1037.61,-0.02,12.19,12307.0,-1
2023-09-18,2023-09-18 14:30:00,1037.61,1037.61,1037.46,1037.46,-0.01,12.19,12307.0,-1
2023-09-18,2023-09-18 14:31:00,1037.46,1037.46,1037.3,1037.3,-0.02,12.19,12307.0,-1
2023-09-18,2023-09-18 14:32:00,1037.3,1037.3,1037.14,1037.14,-0.02,12.19,12307.0,-1
2023-09-18,2023-09-18 14:33:00,1037.14,1037.14,1036.98,1036.98,-0.02,12.19,12307.0,-1
2023-09-18,2023-09-18 14:34:00,1036.98,1036.98,1036.83,1036.83,-0.01,12.19,12307.0,-1
2023-09-18,2023-09-18 14:35:00,1036.83,1036.83,1036.67,1036.67,-0.02,12.19,12307.0,-1
2023-09-18,2023-09-18 14:36:00,1036.67,1036.67,1036.51,1036.51,-0.02,12.19,12307.0,-1
2023-09-18,2023-09-18 14:37:00,1036.51,1036.51,1036.36,1036.36,-0.01,12.19,12307.0,-1
2023-09-18,2023-09-18 14:38:00,1036.36,1036.36,1036.2,1036.2,-0.02,12.19,12307.0,-1
2023-09-18,2023-09-18 14:39:00,1036.2,1036.2,1036.04,1036.04,-0.02,12.19,12307.0,-1
2023-09-18,2023-09-18 14:40:00,1036.04,1036.04,1035.88,1035.88,-0.02,12.19,12307.0,-1
2023-09-18,2023-09-18 14:41:00,1035.88,1035.88,1035.73,1035.73,-0.01,12.19,12307.0,-1
2023-09-18,2023-09-18 14:42:00,1035.73,1035.73,1035.57,1035.57,-0.02,12.19,12307.0,-1
2023-09-18,2023-09-18 14:43:00,1035.57,1035.57,1035.41,1035.41,-0.02,12.19,12307.0,-1
2023-09-18,2023-09-18 14:44:00,1035.41,1035.41,1035.26,1035.26,-0.01,12.19,12307.0,-1
2023-09-18,2023-09-18 14:45:00,1035.26,1035.26,1035.1,1035.1,-0.02,12.19,12307.0,-1
2023-09-18,2023-09-18 14:46:00,1035.1,1035.1,1034.94,1034.94,-0.02,12.19,12307.0,-1
2023-09-18,2023-09-18 14:47:00,1034.94,1034.94,1034.79,1034.79,-0.01,12.19,12307.0,-1
2023-09-18,2023-09-18 14:48:00,1034.79,1034.79,1034.63,1034.63,-0.02,12.19,12307.0,-1
2023-09-18,2023-09-18 14:49:00,1034.63,1034.63,1034.47,1034.47,-0.02,12.19,12307.0,-1
2023-09-18,2023-09-18 14:50:00,1034.47,1034.47,1034.31,1034.31,-0.02,12.19,12307.0,-1
2023-09-18,2023-09-18 14:51:00,1034.31,1034.31,1034.16,1034.16,-0.01,12.19,12307.0,-1
2023-09-18,2023-09-18 14:52:00,1034.16,1034.16,1034.0,1034.0,-0.02,12.19,12307.0,-1
2023-09-18,2023-09-18 14:53:00,1034.0,1034.0,1033.84,1033.84,-0.02,12.19,12307.0,-1
2023-09-18,2023-09-18 14:54:00,1033.84,1033.84,1033.69,1033.69,-0.01,12.19,12307.0,-1
2023-09-18,2023-09-18 14:55:00,1033.69,1033.69,1033.53,1033.53,-0.02,12.19,12307.0,-1
2023-09-18,2023-09-18 14:56:00,1033.53,1033.53,1033.37,1033.37,-0.02,12.19,12307.0,-1
2023-09-18,2023-09-18 14:57:00,1033.37,1033.37,1033.21,1033.21,-0.02,12.19,12307.0,-1
2023-09-18,2023-09-18 14:58:00,1033.21,1033.21,1033.06,1033.06,-0.01,12.19,12307.0,-1
2023-09-18,2023-09-18 14:59:00,1033.06,1033.06,1032.9,1032.9,-0.02,12.19,12307.0,-1
2023-09-18,2023-09-18 15:00:00,1032.9,1070.6,994.0,1032.9,0.0,12.19,12307.0,0
2023-09-19,2023-09-19 11:00:00,1012.3,1023.61,1002.61,1012.45,0.01,13.22,13356.79,1
2023-09-19,2023-09-19 11:01:00,1012.45,1012.6,1012.45,1012.6,0.01,13.22,13356.79,1
2023-09-19,2023-09-19 11:02:00,1012.6,1012.75,1012.6,1012.75,0.01,13.22,13356.79,1
2023-09-19,2023-09-19 11:03:00,1012.75,1012.89,1012.75,1012.89,0.01,13.22,13356.79,1
2023-09-19,2023-09-19 11:04:00,1012.89,1013.04,1012.89,1013.04,0.01,13.22,13356.79,1
2023-09-19,2023-09-19 11:05:00,1013.04,1013.19,1013.04,1013.19,0.01,13.22,13356.79,1
2023-09-19,2023-09-19 11:06:00,1013.19,1013.34,1013.19,1013.34,0.01,13.22,13356.79,1
2023-09-19,2023-09-19 11:07:00,1013.34,1013.49,1013.34,1013.49,0.01,13.22,13356.79,1
2023-09-19,2023-09-19 11:08:00,1013.49,1013.64,1013.49,1013.64,0.01,13.22,13356.79,1
2023-09-19,2023-09-19 11:09:00,1013.64,1013.79,1013.64,1013.79,0.01,13.22,13356.79,1
2023-09-19,2023-09-19 11:10:00,1013.79,1013.94,1013.79,1013.94,0.01,13.22,13356.79,1
2023-09-19,2023-09-19 11:11:00,1013.94,1014.08,1013.94,1014.08,0.01,13.22,13356.79,1
2023-09-19,2023-09-19 11:12:00,1014.08,1014.23,1014.08,1014.23,0.01,13.22,13356.79,1
2023-09-19,2023-09-19 11:13:00,1014.23,1014.38,1014.23,1014.38,0.01,13.22,13356.79,1
2023-09-19,2023-09-19 11:14:00,1014.38,1014.53,1014.38,1014.53,0.01,13.22,13356.79,1
2023-09-19,2023-09-19 11:15:00,1014.53,1014.68,1014.53,1014.68,0.01,13.22,13356.79,1
2023-09-19,2023-09-19 11:16:00,1014.68,1014.83,1014.68,1014.83,0.01,13.22,13356.79,1
2023-09-19,2023-09-19 11:17:00,1014.83,1014.98,1014.83,1014.98,0.01,13.22,13356.79,1
2023-09-19,2023-09-19 11:18:00,1014.98,1015.13,1014.98,1015.13,0.01,13.22,13356.79,1
2023-09-19,2023-09-19 11:19:00,1015.13,1015.27,1015.13,1015.27,0.01,13.22,13356.79,1
2023-09-19,2023-09-19 11:20:00,1015.27,1015.42,1015.27,1015.42,0.01,13.22,13356.79,1
2023-09-19,2023-09-19 11:21:00,1015.42,1015.57,1015.42,1015.57,0.01,13.22,13356.79,1
2023-09-19,2023-09-19 11:22:00,1015.57,1015.72,1015.57,1015.72,0.01,13.22,13356.79,1
2023-09-19,2023-09-19 11:23:00,1015.72,1015.87,1015.72,1015.87,0.01,13.22,13356.79,1
2023-09-19,2023-09-19 11:24:00,1015.87,1016.02,1015.87,1016.02,0.01,13.22,13356.79,1
2023-09-19,2023-09-19 11:25:00,1016.02,1016.17,1016.02,1016.17,0.01,13.22,13356.79,1
2023-09-19,2023-09-19 11:26:00,1016.17,1016.32,1016.17,1016.32,0.01,13.22,13356.79,1
2023-09-19,2023-09-19 11:27:00,1016.32,1016.46,1016.32,1016.46,0.01,13.22,13356.79,1
2023-09-19,2023-09-19 11:28:00,1016.46,1016.61,1016.46,1016.61,0.01,13.22,13356.79,1
2023-09-19,2023-09-19 11:29:00,1016.61,1016.76,1016.61,1016.76,0.01,13.22,13356.79,1
2023-09-19,2023-09-19 11:30:00,1016.76,1016.91,1016.76,1016.91,0.01,13.22,13356.79,1
2023-09-19,2023-09-19 11:31:00,1016.91,1017.06,1016.91,1017.06,0.01,13.22,13356.79,1
2023-09-19,2023-09-19 11:32:00,1017.06,1017.21,1017.06,1017.21,0.01,13.22,13356.79,1
2023-09-19,2023-09-19 11:33:00,1017.21,1017.36,1017.21,1017.36,0.01,13.22,13356.79,1
2023-09-19,2023-09-19 11:34:00,1017.36,1017.51,1017.36,1017.51,0.01,13.22,13356.79,1
2023-09-19,2023-09-19 11:35:00,1017.51,1017.65,1017.51,1017.65,0.01,13.22,13356.79,1
2023-09-19,2023-09-19 11:36:00,1017.65,1017.8,1017.65,1017.8,0.01,13.22,13356.79,1
2023-09-19,2023-09-19 11:37:00,1017.8,1017.95,1017.8,1017.95,0.01,13.22,13356.79,1
2023-09-19,2023-09-19 11:38:00,1017.95,1018.1,1017.95,1018.1,0.01,13.22,13356.79,1
2023-09-19,2023-09-19 11:39:00,1018.1,1018.25,1018.1,1018.25,0.01,13.22,13356.79,1
2023-09-19,2023-09-19 11:40:00,1018.25,1018.4,1018.25,1018.4,0.01,13.22,13356.79,1
2023-09-19,2023-09-19 11:41:00,1018.4,1018.55,1018.4,1018.55,0.01,13.22,13356.79,1
2023-09-19,2023-09-19 11:42:00,1018.55,1018.7,1018.55,1018.7,0.01,13.22,13356.79,1
2023-09-19,2023-09-19 11:43:00,1018.7,1018.84,1018.7,1018.84,0.01,13.22,13356.79,1
2023-09-19,2023-09-19 11:44:00,1018.84,1018.99,1018.84,1018.99,0.01,13.22,13356.79,1
2023-09-19,2023-09-19 11:45:00,1018.99,1019.14,1018.99,1019.14,0.01,13.22,13356.79,1
2023-09-19,2023-09-19 11:46:00,1019.14,1019.29,1019.14,1019.29,0.01,13.22,13356.79,1
2023-09-19,2023-09-19 11:47:00,1019.29,1019.44,1019.29,1019.44,0.01,13.22,13356.79,1
2023-09-19,2023-09-19 11:48:00,1019.44,1019.59,1019.44,1019.59,0.01,13.22,13356.79,1
2023-09-19,2023-09-19 11:49:00,1019.59,1019.74,1019.59,1019.74,0.01,13.22,13356.79,1
2023-09-19,2023-09-19 11:50:00,1019.74,1019.89,1019.74,1019.89,0.01,13.22,13356.79,1
2023-09-19,2023-09-19 11:51:00,1019.89,1020.03,1019.89,1020.03,0.01,13.22,13356.79,1
2023-09-19,2023-09-19 11:52:00,1020.03,1020.18,1020.03,1020.18,0.01,13.22,13356.79,1
2023-09-19,2023-09-19 11:53:00,1020.18,1020.33,1020.18,1020.33,0.01,13.22,13356.79,1
2023-09-19,2023-09-19 11:54:00,1020.33,1020.48,1020.33,1020.48,0.01,13.22,13356.79,1
2023-09-19,2023-09-19 11:55:00,1020.48,1020.63,1020.48,1020.63,0.01,13.22,13356.79,1
2023-09-19,2023-09-19 11:56:00,1020.63,1020.78,1020.63,1020.78,0.01,13.22,13356.79,1
2023-09-19,2023-09-19 11:57:00,1020.78,1020.93,1020.78,1020.93,0.01,13.22,13356.79,1
2023-09-19,2023-09-19 11:58:00,1020.93,1021.08,1020.93,1021.08,0.01,13.22,13356.79,1
2023-09-19,2023-09-19 11:59:00,1021.08,1021.22,1021.08,1021.22,0.01,13.22,13356.79,1
2023-09-19,2023-09-19 12:00:00,1021.22,1021.37,1021.22,1021.37,0.01,13.22,13356.79,1
2023-09-19,2023-09-19 12:01:00,1021.37,1021.52,1021.37,1021.52,0.01,13.22,13356.79,1
2023-09-19,2023-09-19 12:02:00,1021.52,1021.67,1021.52,1021.67,0.01,13.22,13356.79,1
2023-09-19,2023-09-19 12:03:00,1021.67,1021.82,1021.67,1021.82,0.01,13.22,13356.79,1
2023-09-19,2023-09-19 12:04:00,1021.82,1021.97,1021.82,1021.97,0.01,13.22,13356.79,1
2023-09-19,2023-09-19 12:05:00,1021.97,1022.12,1021.97,1022.12,0.01,13.22,13356.79,1
2023-09-19,2023-09-19 12:06:00,1022.12,1022.27,1022.12,1022.27,0.01,13.22,13356.79,1
2023-09-19,2023-09-19 12:07:00,1022.27,1022.41,1022.27,1022.41,0.01,13.22,13356.79,1
2023-09-19,2023-09-19 12:08:00,1022.41,1022.56,1022.41,1022.56,0.01,13.22,13356.79,1
2023-09-19,2023-09-19 12:09:00,1022.56,1022.71,1022.56,1022.71,0.01,13.22,13356.79,1
2023-09-19,2023-09-19 12:10:00,1022.71,1022.86,1022.71,1022.86,0.01,13.22,13356.79,1
2023-09-19,2023-09-19 12:11:00,1022.86,1023.01,1022.86,1023.01,0.01,13.22,13356.79,1
2023-09-19,2023-09-19 12:12:00,1023.01,1023.16,1023.01,1023.16,0.01,13.22,13356.79,1
2023-09-19,2023-09-19 12:13:00,1023.16,1023.31,1023.16,1023.31,0.01,13.22,13356.79,1
2023-09-19,2023-09-19 12:14:00,1023.31,1023.46,1023.31,1023.46,0.01,13.22,13356.79,1
2023-09-19,2023-09-19 12:15:00,1023.46,1023.61,1023.46,1023.61,0.01,13.22,13356.79,1
2023-09-19,2023-09-19 12:16:00,1023.61,1023.75,1023.61,1023.75,0.01,13.22,13356.79,1
2023-09-19,2023-09-19 12:17:00,1023.75,1023.9,1023.75,1023.9,0.01,13.22,13356.79,1
2023-09-19,2023-09-19 12:18:00,1023.9,1024.05,1023.9,1024.05,0.01,13.22,13356.79,1
2023-09-19,2023-09-19 12:19:00,1024.05,1024.2,1024.05,1024.2,0.01,13.22,13356.79,1
2023-09-19,2023-09-19 12:20:00,1024.2,1024.35,1024.2,1024.35,0.01,13.22,13356.79,1
2023-09-19,2023-09-19 12:21:00,1024.35,1024.5,1024.35,1024.5,0.01,13.22,13356.79,1
2023-09-19,2023-09-19 12:22:00,1024.5,1024.65,1024.5,1024.65,0.01,13.22,13356.79,1
2023-09-19,2023-09-19 12:23:00,1024.65,1024.8,1024.65,1024.8,0.01,13.22,13356.79,1
2023-09-19,2023-09-19 12:24:00,1024.8,1024.94,1024.8,1024.94,0.01,13.22,13356.79,1
2023-09-19,2023-09-19 12:25:00,1024.94,1025.09,1024.94,1025.09,0.01,13.22,13356.79,1
2023-09-19,2023-09-19 12:26:00,1025.09,1025.24,1025.09,1025.24,0.01,13.22,13356.79,1
2023-09-19,2023-09-19 12:27:00,1025.24,1025.39,1025.24,1025.39,0.01,13.22,13356.79,1
2023-09-19,2023-09-19 12:28:00,1025.39,1025.54,1025.39,1025.54,0.01,13.22,13356.79,1
2023-09-19,2023-09-19 12:29:00,1025.54,1025.69,1025.54,1025.69,0.01,13.22,13356.79,1
2023-09-19,2023-09-19 12:30:00,1025.69,1025.84,1025.69,1025.84,0.01,13.22,13356.79,1
2023-09-19,2023-09-19 12:31:00,1025.84,1025.98,1025.84,1025.98,0.01,13.22,13356.79,1
2023-09-19,2023-09-19 12:32:00,1025.98,1026.13,1025.98,1026.13,0.01,13.22,13356.79,1
2023-09-19,2023-09-19 12:33:00,1026.13,1026.28,1026.13,1026.28,0.01,13.22,13356.79,1
2023-09-19,2023-09-19 12:34:00,1026.28,1026.43,1026.28,1026.43,0.01,13.22,13356.79,1
2023-09-19,2023-09-19 12:35:00,1026.43,1026.58,1026.43,1026.58,0.01,13.22,13356.79,1
2023-09-19,2023-09-19 12:36:00,1026.58,1026.73,1026.58,1026.73,0.01,13.22,13356.79,1
2023-09-19,2023-09-19 12:37:00,1026.73,1026.88,1026.73,1026.88,0.01,13.22,13356.79,1
2023-09-19,2023-09-19 12:38:00,1026.88,1027.03,1026.88,1027.03,0.01,13.22,13356.79,1
2023-09-19,2023-09-19 12:39:00,1027.03,1027.17,1027.03,1027.17,0.01,13.22,13356.79,1
2023-09-19,2023-09-19 12:40:00,1027.17,1027.32,1027.17,1027.32,0.01,13.22,13356.79,1
2023-09-19,2023-09-19 12:41:00,1027.32,1027.47,1027.32,1027.47,0.01,13.22,13356.79,1
2023-09-19,2023-09-19 12:42:00,1027.47,1027.62,1027.47,1027.62,0.01,13.22,13356.79,1
2023-09-19,2023-09-19 12:43:00,1027.62,1027.77,1027.62,1027.77,0.01,13.22,13356.79,1
2023-09-19,2023-09-19 12:44:00,1027.77,1027.92,1027.77,1027.92,0.01,13.22,13356.79,1
2023-09-19,2023-09-19 12:45:00,1027.92,1028.07,1027.92,1028.07,0.01,13.22,13356.79,1
2023-09-19,2023-09-19 12:46:00,1028.07,1028.22,1028.07,1028.22,0.01,13.22,13356.79,1
2023-09-19,2023-09-19 12:47:00,1028.22,1028.37,1028.22,1028.37,0.01,13.22,13356.79,1
2023-09-19,2023-09-19 12:48:00,1028.37,1028.51,1028.37,1028.51,0.01,13.22,13356.79,1
2023-09-19,2023-09-19 12:49:00,1028.51,1028.66,1028.51,1028.66,0.01,13.22,13356.79,1
2023-09-19,2023-09-19 12:50:00,1028.66,1028.81,1028.66,1028.81,0.01,13.22,13356.79,1
2023-09-19,2023-09-19 12:51:00,1028.81,1028.96,1028.81,1028.96,0.01,13.22,13356.79,1
2023-09-19,2023-09-19 12:52:00,1028.96,1029.11,1028.96,1029.11,0.01,13.22,13356.79,1
2023-09-19,2023-09-19 12:53:00,1029.11,1029.26,1029.11,1029.26,0.01,13.22,13356.79,1
2023-09-19,2023-09-19 12:54:00,1029.26,1029.41,1029.26,1029.41,0.01,13.22,13356.79,1
2023-09-19,2023-09-19 12:55:00,1029.41,1029.56,1029.41,1029.56,0.01,13.22,13356.79,1
2023-09-19,2023-09-19 12:56:00,1029.56,1029.7,1029.56,1029.7,0.01,13.22,13356.79,1
2023-09-19,2023-09-19 12:57:00,1029.7,1029.85,1029.7,1029.85,0.01,13.22,13356.79,1
2023-09-19,2023-09-19 12:58:00,1029.85,1030.0,1029.85,1030.0,0.01,13.22,13356.79,1
2023-09-19,2023-09-19 12:59:00,1030.0,1030.15,1030.0,1030.15,0.01,13.22,13356.79,1
2023-09-19,2023-09-19 13:00:00,1030.15,1050.0,980.0,1030.3,0.01,13.22,13356.79,1
2023-09-19,2023-09-19 13:01:00,1030.3,1030.45,1030.3,1030.45,0.01,13.22,13356.79,1
2023-09-19,2023-09-19 13:02:00,1030.45,1030.6,1030.45,1030.6,0.01,13.22,13356.79,1
2023-09-19,2023-09-19 13:03:00,1030.6,1030.74,1030.6,1030.74,0.01,13.22,13356.79,1
2023-09-19,2023-09-19 13:04:00,1030.74,1030.89,1030.74,1030.89,0.01,13.22,13356.79,1
2023-09-19,2023-09-19 13:05:00,1030.89,1031.04,1030.89,1031.04,0.01,13.22,13356.79,1
2023-09-19,2023-09-19 13:06:00,1031.04,1031.19,1031.04,1031.19,0.01,13.22,13356.79,1
2023-09-19,2023-09-19 13:07:00,1031.19,1031.34,1031.19,1031.34,0.01,13.22,13356.79,1
2023-09-19,2023-09-19 13:08:00,1031.34,1031.49,1031.34,1031.49,0.01,13.22,13356.79,1
2023-09-19,2023-09-19 13:09:00,1031.49,1031.64,1031.49,1031.64,0.01,13.22,13356.79,1
2023-09-19,2023-09-19 13:10:00,1031.64,1031.79,1031.64,1031.79,0.01,13.22,13356.79,1
2023-09-19,2023-09-19 13:11:00,1031.79,1031.93,1031.79,1031.93,0.01,13.22,13356.79,1
2023-09-19,2023-09-19 13:12:00,1031.93,1032.08,1031.93,1032.08,0.01,13.22,13356.79,1
2023-09-19,2023-09-19 13:13:00,1032.08,1032.23,1032.08,1032.23,0.01,13.22,13356.79,1
2023-09-19,2023-09-19 13:14:00,1032.23,1032.38,1032.23,1032.38,0.01,13.22,13356.79,1
2023-09-19,2023-09-19 13:15:00,1032.38,1032.53,1032.38,1032.53,0.01,13.22,13356.79,1
2023-09-19,2023-09-19 13:16:00,1032.53,1032.68,1032.53,1032.68,0.01,13.22,13356.79,1
2023-09-19,2023-09-19 13:17:00,1032.68,1032.83,1032.68,1032.83,0.01,13.22,13356.79,1
2023-09-19,2023-09-19 13:18:00,1032.83,1032.98,1032.83,1032.98,0.01,13.22,13356.79,1
2023-09-19,2023-09-19 13:19:00,1032.98,1033.12,1032.98,1033.12,0.01,13.22,13356.79,1
2023-09-19,2023-09-19 13:20:00,1033.12,1033.27,1033.12,1033.27,0.01,13.22,13356.79,1
2023-09-19,2023-09-19 13:21:00,1033.27,1033.42,1033.27,1033.42,0.01,13.22,13356.79,1
2023-09-19,2023-09-19 13:22:00,1033.42,1033.57,1033.42,1033.57,0.01,13.22,13356.79,1
2023-09-19,2023-09-19 13:23:00,1033.57,1033.72,1033.57,1033.72,0.01,13.22,13356.79,1
2023-09-19,2023-09-19 13:24:00,1033.72,1033.87,1033.72,1033.87,0.01,13.22,13356.79,1
2023-09-19,2023-09-19 13:25:00,1033.87,1034.02,1033.87,1034.02,0.01,13.22,13356.79,1
2023-09-19,2023-09-19 13:26:00,1034.02,1034.17,1034.02,1034.17,0.01,13.22,13356.79,1
2023-09-19,2023-09-19 13:27:00,1034.17,1034.32,1034.17,1034.32,0.01,13.22,13356.79,1
2023-09-19,2023-09-19 13:28:00,1034.32,1034.46,1034.32,1034.46,0.01,13.22,13356.79,1
2023-09-19,2023-09-19 13:29:00,1034.46,1034.61,1034.46,1034.61,0.01,13.22,13356.79,1
2023-09-19,2023-09-19 13:30:00,1034.61,1034.76,1034.61,1034.76,0.01,13.22,13356.79,1
2023-09-19,2023-09-19 13:31:00,1034.76,1034.91,1034.76,1034.91,0.01,13.22,13356.79,1
2023-09-19,2023-09-19 13:32:00,1034.91,1035.06,1034.91,1035.06,0.01,13.22,13356.79,1
2023-09-19,2023-09-19 13:33:00,1035.06,1035.21,1035.06,1035.21,0.01,13.22,13356.79,1
2023-09-19,2023-09-19 13:34:00,1035.21,1035.36,1035.21,1035.36,0.01,13.22,13356.79,1
2023-09-19,2023-09-19 13:35:00,1035.36,1035.5,1035.36,1035.5,0.01,13.22,13356.79,1
2023-09-19,2023-09-19 13:36:00,1035.5,1035.65,1035.5,1035.65,0.01,13.22,13356.79,1
2023-09-19,2023-09-19 13:37:00,1035.65,1035.8,1035.65,1035.8,0.01,13.22,13356.79,1
2023-09-19,2023-09-19 13:38:00,1035.8,1035.95,1035.8,1035.95,0.01,13.22,13356.79,1
2023-09-19,2023-09-19 13:39:00,1035.95,1036.1,1035.95,1036.1,0.01,13.22,13356.79,1
2023-09-19,2023-09-19 13:40:00,1036.1,1036.25,1036.1,1036.25,0.01,13.22,13356.79,1
2023-09-19,2023-09-19 13:41:00,1036.25,1036.4,1036.25,1036.4,0.01,13.22,13356.79,1
2023-09-19,2023-09-19 13:42:00,1036.4,1036.55,1036.4,1036.55,0.01,13.22,13356.79,1
2023-09-19,2023-09-19 13:43:00,1036.55,1036.69,1036.55,1036.69,0.01,13.22,13356.79,1
2023-09-19,2023-09-19 13:44:00,1036.69,1036.84,1036.69,1036.84,0.01,13.22,13356.79,1
2023-09-19,2023-09-19 13:45:00,1036.84,1036.99,1036.84,1036.99,0.01,13.22,13356.79,1
2023-09-19,2023-09-19 13:46:00,1036.99,1037.14,1036.99,1037.14,0.01,13.22,13356.79,1
2023-09-19,2023-09-19 13:47:00,1037.14,1037.29,1037.14,1037.29,0.01,13.22,13356.79,1
2023-09-19,2023-09-19 13:48:00,1037.29,1037.44,1037.29,1037.44,0.01,13.22,13356.79,1
2023-09-19,2023-09-19 13:49:00,1037.44,1037.59,1037.44,1037.59,0.01,13.22,13356.79,1
2023-09-19,2023-09-19 13:50:00,1037.59,1037.74,1037.59,1037.74,0.01,13.22,13356.79,1
2023-09-19,2023-09-19 13:51:00,1037.74,1037.88,1037.74,1037.88,0.01,13.22,13356.79,1
2023-09-19,2023-09-19 13:52:00,1037.88,1038.03,1037.88,1038.03,0.01,13.22,13356.79,1
2023-09-19,2023-09-19 13:53:00,1038.03,1038.18,1038.03,1038.18,0.01,13.22,13356.79,1
2023-09-19,2023-09-19 13:54:00,1038.18,1038.33,1038.18,1038.33,0.01,13.22,13356.79,1
2023-09-19,2023-09-19 13:55:00,1038.33,1038.48,1038.33,1038.48,0.01,13.22,13356.79,1
2023-09-19,2023-09-19 13:56:00,1038.48,1038.63,1038.48,1038.63,0.01,13.22,13356.79,1
2023-09-19,2023-09-19 13:57:00,1038.63,1038.78,1038.63,1038.78,0.01,13.22,13356.79,1
2023-09-19,2023-09-19 13:58:00,1038.78,1038.93,1038.78,1038.93,0.01,13.22,13356.79,1
2023-09-19,2023-09-19 13:59:00,1038.93,1039.08,1038.93,1039.08,0.01,13.22,13356.79,1
2023-09-19,2023-09-19 14:00:00,1039.08,1039.22,1039.08,1039.22,0.01,13.22,13356.79,1
2023-09-19,2023-09-19 14:01:00,1039.22,1039.37,1039.22,1039.37,0.01,13.22,13356.79,1
2023-09-19,2023-09-19 14:02:00,1039.37,1039.52,1039.37,1039.52,0.01,13.22,13356.79,1
2023-09-19,2023-09-19 14:03:00,1039.52,1039.67,1039.52,1039.67,0.01,13.22,13356.79,1
2023-09-19,2023-09-19 14:04:00,1039.67,1039.82,1039.67,1039.82,0.01,13.22,13356.79,1
2023-09-19,2023-09-19 14:05:00,1039.82,1039.97,1039.82,1039.97,0.01,13.22,13356.79,1
2023-09-19,2023-09-19 14:06:00,1039.97,1040.12,1039.97,1040.12,0.01,13.22,13356.79,1
2023-09-19,2023-09-19 14:07:00,1040.12,1040.27,1040.12,1040.27,0.01,13.22,13356.79,1
2023-09-19,2023-09-19 14:08:00,1040.27,1040.41,1040.27,1040.41,0.01,13.22,13356.79,1
2023-09-19,2023-09-19 14:09:00,1040.41,1040.56,1040.41,1040.56,0.01,13.22,13356.79,1
2023-09-19,2023-09-19 14:10:00,1040.56,1040.71,1040.56,1040.71,0.01,13.22,13356.79,1
2023-09-19,2023-09-19 14:11:00,1040.71,1040.86,1040.71,1040.86,0.01,13.22,13356.79,1
2023-09-19,2023-09-19 14:12:00,1040.86,1041.01,1040.86,1041.01,0.01,13.22,13356.79,1
2023-09-19,2023-09-19 14:13:00,1041.01,1041.16,1041.01,1041.16,0.01,13.22,13356.79,1
2023-09-19,2023-09-19 14:14:00,1041.16,1041.31,1041.16,1041.31,0.01,13.22,13356.79,1
2023-09-19,2023-09-19 14:15:00,1041.31,1041.45,1041.31,1041.45,0.01,13.22,13356.79,1
2023-09-19,2023-09-19 14:16:00,1041.45,1041.6,1041.45,1041.6,0.01,13.22,13356.79,1
2023-09-19,2023-09-19 14:17:00,1041.6,1041.75,1041.6,1041.75,0.01,13.22,13356.79,1
2023-09-19,2023-09-19 14:18:00,1041.75,1041.9,1041.75,1041.9,0.01,13.22,13356.79,1
2023-09-19,2023-09-19 14:19:00,1041.9,1042.05,1041.9,1042.05,0.01,13.22,13356.79,1
2023-09-19,2023-09-19 14:20:00,1042.05,1042.2,1042.05,1042.2,0.01,13.22,13356.79,1
2023-09-19,2023-09-19 14:21:00,1042.2,1042.35,1042.2,1042.35,0.01,13.22,13356.79,1
2023-09-19,2023-09-19 14:22:00,1042.35,1042.5,1042.35,1042.5,0.01,13.22,13356.79,1
2023-09-19,2023-09-19 14:23:00,1042.5,1042.64,1042.5,1042.64,0.01,13.22,13356.79,1
2023-09-19,2023-09-19 14:24:00,1042.64,1042.79,1042.64,1042.79,0.01,13.22,13356.79,1
2023-09-19,2023-09-19 14:25:00,1042.79,1042.94,1042.79,1042.94,0.01,13.22,13356.79,1
2023-09-19,2023-09-19 14:26:00,1042.94,1043.09,1042.94,1043.09,0.01,13.22,13356.79,1
2023-09-19,2023-09-19 14:27:00,1043.09,1043.24,1043.09,1043.24,0.01,13.22,13356.79,1
2023-09-19,2023-09-19 14:28:00,1043.24,1043.39,1043.24,1043.39,0.01,13.22,13356.79,1
2023-09-19,2023-09-19 14:29:00,1043.39,1043.54,1043.39,1043.54,0.01,13.22,13356.79,1
2023-09-19,2023-09-19 14:30:00,1043.54,1043.69,1043.54,1043.69,0.01,13.22,13356.79,1
2023-09-19,2023-09-19 14:31:00,1043.69,1043.84,1043.69,1043.84,0.01,13.22,13356.79,1
2023-09-19,2023-09-19 14:32:00,1043.84,1043.98,1043.84,1043.98,0.01,13.22,13356.79,1
2023-09-19,2023-09-19 14:33:00,1043.98,1044.13,1043.98,1044.13,0.01,13.22,13356.79,1
2023-09-19,2023-09-19 14:34:00,1044.13,1044.28,1044.13,1044.28,0.01,13.22,13356.79,1
2023-09-19,2023-09-19 14:35:00,1044.28,1044.43,1044.28,1044.43,0.01,13.22,13356.79,1
2023-09-19,2023-09-19 14:36:00,1044.43,1044.58,1044.43,1044.58,0.01,13.22,13356.79,1
2023-09-19,2023-09-19 14:37:00,1044.58,1044.73,1044.58,1044.73,0.01,13.22,13356.79,1
2023-09-19,2023-09-19 14:38:00,1044.73,1044.88,1044.73,1044.88,0.01,13.22,13356.79,1
2023-09-19,2023-09-19 14:39:00,1044.88,1045.03,1044.88,1045.03,0.01,13.22,13356.79,1
2023-09-19,2023-09-19 14:40:00,1045.03,1045.17,1045.03,1045.17,0.01,13.22,13356.79,1
2023-09-19,2023-09-19 14:41:00,1045.17,1045.32,1045.17,1045.32,0.01,13.22,13356.79,1
2023-09-19,2023-09-19 14:42:00,1045.32,1045.47,1045.32,1045.47,0.01,13.22,13356.79,1
2023-09-19,2023-09-19 14:43:00,1045.47,1045.62,1045.47,1045.62,0.01,13.22,13356.79,1
2023-09-19,2023-09-19 14:44:00,1045.62,1045.77,1045.62,1045.77,0.01,13.22,13356.79,1
2023-09-19,2023-09-19 14:45:00,1045.77,1045.92,1045.77,1045.92,0.01,13.22,13356.79,1
2023-09-19,2023-09-19 14:46:00,1045.92,1046.07,1045.92,1046.07,0.01,13.22,13356.79,1
2023-09-19,2023-09-19 14:47:00,1046.07,1046.21,1046.07,1046.21,0.01,13.22,13356.79,1
2023-09-19,2023-09-19 14:48:00,1046.21,1046.36,1046.21,1046.36,0.01,13.22,13356.79,1
2023-09-19,2023-09-19 14:49:00,1046.36,1046.51,1046.36,1046.51,0.01,13.22,13356.79,1
2023-09-19,2023-09-19 14:50:00,1046.51,1046.66,1046.51,1046.66,0.01,13.22,13356.79,1
2023-09-19,2023-09-19 14:51:00,1046.66,1046.81,1046.66,1046.81,0.01,13.22,13356.79,1
2023-09-19,2023-09-19 14:52:00,1046.81,1046.96,1046.81,1046.96,0.01,13.22,13356.79,1
2023-09-19,2023-09-19 14:53:00,1046.96,1047.11,1046.96,1047.11,0.01,13.22,13356.79,1
2023-09-19,2023-09-19 14:54:00,1047.11,1047.26,1047.11,1047.26,0.01,13.22,13356.79,1
2023-09-19,2023-09-19 14:55:00,1047.26,1047.4,1047.26,1047.4,0.01,13.22,13356.79,1
2023-09-19,2023-09-19 14:56:00,1047.4,1047.55,1047.4,1047.55,0.01,13.22,13356.79,1
2023-09-19,2023-09-19 14:57:00,1047.55,1047.7,1047.55,1047.7,0.01,13.22,13356.79,1
2023-09-19,2023-09-19 14:58:00,1047.7,1047.85,1047.7,1047.85,0.01,13.22,13356.79,1
2023-09-19,2023-09-19 14:59:00,1047.85,1048.0,1047.85,1048.0,0.01,13.22,13356.79,1
2023-09-19,2023-09-19 15:00:00,1048.0,1050.0,980.0,1048.0,0.0,13.22,13356.79,0
2023-09-21,2023-09-21 11:00:00,1028.1,1059.27,1022.07,1028.21,0.01,16.11,16926.64,1
2023-09-21,2023-09-21 11:01:00,1028.21,1028.32,1028.21,1028.32,0.01,16.11,16926.64,1
2023-09-21,2023-09-21 11:02:00,1028.32,1028.43,1028.32,1028.43,0.01,16.11,16926.64,1
2023-09-21,2023-09-21 11:03:00,1028.43,1028.55,1028.43,1028.55,0.01,16.11,16926.64,1
2023-09-21,2023-09-21 11:04:00,1028.55,1028.66,1028.55,1028.66,0.01,16.11,16926.64,1
2023-09-21,2023-09-21 11:05:00,1028.66,1028.77,1028.66,1028.77,0.01,16.11,16926.64,1
2023-09-21,2023-09-21 11:06:00,1028.77,1028.88,1028.77,1028.88,0.01,16.11,16926.64,1
2023-09-21,2023-09-21 11:07:00,1028.88,1028.99,1028.88,1028.99,0.01,16.11,16926.64,1
2023-09-21,2023-09-21 11:08:00,1028.99,1029.11,1028.99,1029.11,0.01,16.11,16926.64,1
2023-09-21,2023-09-21 11:09:00,1029.11,1029.22,1029.11,1029.22,0.01,16.11,16926.64,1
2023-09-21,2023-09-21 11:10:00,1029.22,1029.33,1029.22,1029.33,0.01,16.11,16926.64,1
2023-09-21,2023-09-21 11:11:00,1029.33,1029.44,1029.33,1029.44,0.01,16.11,16926.64,1
2023-09-21,2023-09-21 11:12:00,1029.44,1029.55,1029.44,1029.55,0.01,16.11,16926.64,1
2023-09-21,2023-09-21 11:13:00,1029.55,1029.66,1029.55,1029.66,0.01,16.11,16926.64,1
2023-09-21,2023-09-21 11:14:00,1029.66,1029.77,1029.66,1029.77,0.01,16.11,16926.64,1
2023-09-21,2023-09-21 11:15:00,1029.77,1029.89,1029.77,1029.89,0.01,16.11,16926.64,1
2023-09-21,2023-09-21 11:16:00,1029.89,1030.0,1029.89,1030.0,0.01,16.11,16926.64,1
2023-09-21,2023-09-21 11:17:00,1030.0,1030.11,1030.0,1030.11,0.01,16.11,16926.64,1
2023-09-21,2023-09-21 11:18:00,1030.11,1030.22,1030.11,1030.22,0.01,16.11,16926.64,1
2023-09-21,2023-09-21 11:19:00,1030.22,1030.33,1030.22,1030.33,0.01,16.11,16926.64,1
2023-09-21,2023-09-21 11:20:00,1030.33,1030.44,1030.33,1030.44,0.01,16.11,16926.64,1
2023-09-21,2023-09-21 11:21:00,1030.44,1030.56,1030.44,1030.56,0.01,16.11,16926.64,1
2023-09-21,2023-09-21 11:22:00,1030.56,1030.67,1030.56,1030.67,0.01,16.11,16926.64,1
2023-09-21,2023-09-21 11:23:00,1030.67,1030.78,1030.67,1030.78,0.01,16.11,16926.64,1
2023-09-21,2023-09-21 11:24:00,1030.78,1030.89,1030.78,1030.89,0.01,16.11,16926.64,1
2023-09-21,2023-09-21 11:25:00,1030.89,1031.0,1030.89,1031.0,0.01,16.11,16926.64,1
2023-09-21,2023-09-21 11:26:00,1031.0,1031.12,1031.0,1031.12,0.01,16.11,16926.64,1
2023-09-21,2023-09-21 11:27:00,1031.12,1031.23,1031.12,1031.23,0.01,16.11,16926.64,1
2023-09-21,2023-09-21 11:28:00,1031.23,1031.34,1031.23,1031.34,0.01,16.11,16926.64,1
2023-09-21,2023-09-21 11:29:00,1031.34,1031.45,1031.34,1031.45,0.01,16.11,16926.64,1
2023-09-21,2023-09-21 11:30:00,1031.45,1031.56,1031.45,1031.56,0.01,16.11,16926.64,1
2023-09-21,2023-09-21 11:31:00,1031.56,1031.67,1031.56,1031.67,0.01,16.11,16926.64,1
2023-09-21,2023-09-21 11:32:00,1031.67,1031.78,1031.67,1031.78,0.01,16.11,16926.64,1
2023-09-21,2023-09-21 11:33:00,1031.78,1031.9,1031.78,1031.9,0.01,16.11,16926.64,1
2023-09-21,2023-09-21 11:34:00,1031.9,1032.01,1031.9,1032.01,0.01,16.11,16926.64,1
2023-09-21,2023-09-21 11:35:00,1032.01,1032.12,1032.01,1032.12,0.01,16.11,16926.64,1
2023-09-21,2023-09-21 11:36:00,1032.12,1032.23,1032.12,1032.23,0.01,16.11,16926.64,1
2023-09-21,2023-09-21 11:37:00,1032.23,1032.34,1032.23,1032.34,0.01,16.11,16926.64,1
2023-09-21,2023-09-21 11:38:00,1032.34,1032.45,1032.34,1032.45,0.01,16.11,16926.64,1
2023-09-21,2023-09-21 11:39:00,1032.45,1032.57,1032.45,1032.57,0.01,16.11,16926.64,1
2023-09-21,2023-09-21 11:40:00,1032.57,1032.68,1032.57,1032.68,0.01,16.11,16926.64,1
2023-09-21,2023-09-21 11:41:00,1032.68,1032.79,1032.68,1032.79,0.01,16.11,16926.64,1
2023-09-21,2023-09-21 11:42:00,1032.79,1032.9,1032.79,1032.9,0.01,16.11,16926.64,1
2023-09-21,2023-09-21 11:43:00,1032.9,1033.01,1032.9,1033.01,0.01,16.11,16926.64,1
2023-09-21,2023-09-21 11:44:00,1033.01,1033.12,1033.01,1033.12,0.01,16.11,16926.64,1
2023-09-21,2023-09-21 11:45:00,1033.12,1033.24,1033.12,1033.24,0.01,16.11,16926.64,1
2023-09-21,2023-09-21 11:46:00,1033.24,1033.35,1033.24,1033.35,0.01,16.11,16926.64,1
2023-09-21,2023-09-21 11:47:00,1033.35,1033.46,1033.35,1033.46,0.01,16.11,16926.64,1
2023-09-21,2023-09-21 11:48:00,1033.46,1033.57,1033.46,1033.57,0.01,16.11,16926.64,1
2023-09-21,2023-09-21 11:49:00,1033.57,1033.68,1033.57,1033.68,0.01,16.11,16926.64,1
2023-09-21,2023-09-21 11:50:00,1033.68,1033.79,1033.68,1033.79,0.01,16.11,16926.64,1
2023-09-21,2023-09-21 11:51:00,1033.79,1033.91,1033.79,1033.91,0.01,16.11,16926.64,1
2023-09-21,2023-09-21 11:52:00,1033.91,1034.02,1033.91,1034.02,0.01,16.11,16926.64,1
2023-09-21,2023-09-21 11:53:00,1034.02,1034.13,1034.02,1034.13,0.01,16.11,16926.64,1
2023-09-21,2023-09-21 11:54:00,1034.13,1034.24,1034.13,1034.24,0.01,16.11,16926.64,1
2023-09-21,2023-09-21 11:55:00,1034.24,1034.35,1034.24,1034.35,0.01,16.11,16926.64,1
2023-09-21,2023-09-21 11:56:00,1034.35,1034.46,1034.35,1034.46,0.01,16.11,16926.64,1
2023-09-21,2023-09-21 11:57:00,1034.46,1034.58,1034.46,1034.58,0.01,16.11,16926.64,1
2023-09-21,2023-09-21 11:58:00,1034.58,1034.69,1034.58,1034.69,0.01,16.11,16926.64,1
2023-09-21,2023-09-21 11:59:00,1034.69,1034.8,1034.69,1034.8,0.01,16.11,16926.64,1
2023-09-21,2023-09-21 12:00:00,1034.8,1034.91,1034.8,1034.91,0.01,16.11,16926.64,1
2023-09-21,2023-09-21 12:01:00,1034.91,1035.02,1034.91,1035.02,0.01,16.11,16926.64,1
2023-09-21,2023-09-21 12:02:00,1035.02,1035.13,1035.02,1035.13,0.01,16.11,16926.64,1
2023-09-21,2023-09-21 12:03:00,1035.13,1035.25,1035.13,1035.25,0.01,16.11,16926.64,1
2023-09-21,2023-09-21 12:04:00,1035.25,1035.36,1035.25,1035.36,0.01,16.11,16926.64,1
2023-09-21,2023-09-21 12:05:00,1035.36,1035.47,1035.36,1035.47,0.01,16.11,16926.64,1
2023-09-21,2023-09-21 12:06:00,1035.47,1035.58,1035.47,1035.58,0.01,16.11,16926.64,1
2023-09-21,2023-09-21 12:07:00,1035.58,1035.69,1035.58,1035.69,0.01,16.11,16926.64,1
2023-09-21,2023-09-21 12:08:00,1035.69,1035.81,1035.69,1035.81,0.01,16.11,16926.64,1
2023-09-21,2023-09-21 12:09:00,1035.81,1035.92,1035.81,1035.92,0.01,16.11,16926.64,1
2023-09-21,2023-09-21 12:10:00,1035.92,1036.03,1035.92,1036.03,0.01,16.11,16926.64,1
2023-09-21,2023-09-21 12:11:00,1036.03,1036.14,1036.03,1036.14,0.01,16.11,16926.64,1
2023-09-21,2023-09-21 12:12:00,1036.14,1036.25,1036.14,1036.25,0.01,16.11,16926.64,1
2023-09-21,2023-09-21 12:13:00,1036.25,1036.36,1036.25,1036.36,0.01,16.11,16926.64,1
2023-09-21,2023-09-21 12:14:00,1036.36,1036.47,1036.36,1036.47,0.01,16.11,16926.64,1
2023-09-21,2023-09-21 12:15:00,1036.47,1036.59,1036.47,1036.59,0.01,16.11,16926.64,1
2023-09-21,2023-09-21 12:16:00,1036.59,1036.7,1036.59,1036.7,0.01,16.11,16926.64,1
2023-09-21,2023-09-21 12:17:00,1036.7,1036.81,1036.7,1036.81,0.01,16.11,16926.64,1
2023-09-21,2023-09-21 12:18:00,1036.81,1036.92,1036.81,1036.92,0.01,16.11,16926.64,1
2023-09-21,2023-09-21 12:19:00,1036.92,1037.03,1036.92,1037.03,0.01,16.11,16926.64,1
2023-09-21,2023-09-21 12:20:00,1037.03,1037.14,1037.03,1037.14,0.01,16.11,16926.64,1
2023-09-21,2023-09-21 12:21:00,1037.14,1037.26,1037.14,1037.26,0.01,16.11,16926.64,1
2023-09-21,2023-09-21 12:22:00,1037.26,1037.37,1037.26,1037.37,0.01,16.11,16926.64,1
2023-09-21,2023-09-21 12:23:00,1037.37,1037.48,1037.37,1037.48,0.01,16.11,16926.64,1
2023-09-21,2023-09-21 12:24:00,1037.48,1037.59,1037.48,1037.59,0.01,16.11,16926.64,1
2023-09-21,2023-09-21 12:25:00,1037.59,1037.7,1037.59,1037.7,0.01,16.11,16926.64,1
2023-09-21,2023-09-21 12:26:00,1037.7,1037.82,1037.7,1037.82,0.01,16.11,16926.64,1
2023-09-21,2023-09-21 12:27:00,1037.82,1037.93,1037.82,1037.93,0.01,16.11,16926.64,1
2023-09-21,2023-09-21 12:28:00,1037.93,1038.04,1037.93,1038.04,0.01,16.11,16926.64,1
2023-09-21,2023-09-21 12:29:00,1038.04,1038.15,1038.04,1038.15,0.01,16.11,16926.64,1
2023-09-21,2023-09-21 12:30:00,1038.15,1038.26,1038.15,1038.26,0.01,16.11,16926.64,1
2023-09-21,2023-09-21 12:31:00,1038.26,1038.37,1038.26,1038.37,0.01,16.11,16926.64,1
2023-09-21,2023-09-21 12:32:00,1038.37,1038.48,1038.37,1038.48,0.01,16.11,16926.64,1
2023-09-21,2023-09-21 12:33:00,1038.48,1038.6,1038.48,1038.6,0.01,16.11,16926.64,1
2023-09-21,2023-09-21 12:34:00,1038.6,1038.71,1038.6,1038.71,0.01,16.11,16926.64,1
2023-09-21,2023-09-21 12:35:00,1038.71,1038.82,1038.71,1038.82,0.01,16.11,16926.64,1
2023-09-21,2023-09-21 12:36:00,1038.82,1038.93,1038.82,1038.93,0.01,16.11,16926.64,1
2023-09-21,2023-09-21 12:37:00,1038.93,1039.04,1038.93,1039.04,0.01,16.11,16926.64,1
2023-09-21,2023-09-21 12:38:00,1039.04,1039.15,1039.04,1039.15,0.01,16.11,16926.64,1
2023-09-21,2023-09-21 12:39:00,1039.15,1039.27,1039.15,1039.27,0.01,16.11,16926.64,1
2023-09-21,2023-09-21 12:40:00,1039.27,1039.38,1039.27,1039.38,0.01,16.11,16926.64,1
2023-09-21,2023-09-21 12:41:00,1039.38,1039.49,1039.38,1039.49,0.01,16.11,16926.64,1
2023-09-21,2023-09-21 12:42:00,1039.49,1039.6,1039.49,1039.6,0.01,16.11,16926.64,1
2023-09-21,2023-09-21 12:43:00,1039.6,1039.71,1039.6,1039.71,0.01,16.11,16926.64,1
2023-09-21,2023-09-21 12:44:00,1039.71,1039.83,1039.71,1039.83,0.01,16.11,16926.64,1
2023-09-21,2023-09-21 12:45:00,1039.83,1039.94,1039.83,1039.94,0.01,16.11,16926.64,1
2023-09-21,2023-09-21 12:46:00,1039.94,1040.05,1039.94,1040.05,0.01,16.11,16926.64,1
2023-09-21,2023-09-21 12:47:00,1040.05,1040.16,1040.05,1040.16,0.01,16.11,16926.64,1
2023-09-21,2023-09-21 12:48:00,1040.16,1040.27,1040.16,1040.27,0.01,16.11,16926.64,1
2023-09-21,2023-09-21 12:49:00,1040.27,1040.38,1040.27,1040.38,0.01,16.11,16926.64,1
2023-09-21,2023-09-21 12:50:00,1040.38,1040.49,1040.38,1040.49,0.01,16.11,16926.64,1
2023-09-21,2023-09-21 12:51:00,1040.49,1040.61,1040.49,1040.61,0.01,16.11,16926.64,1
2023-09-21,2023-09-21 12:52:00,1040.61,1040.72,1040.61,1040.72,0.01,16.11,16926.64,1
2023-09-21,2023-09-21 12:53:00,1040.72,1040.83,1040.72,1040.83,0.01,16.11,16926.64,1
2023-09-21,2023-09-21 12:54:00,1040.83,1040.94,1040.83,1040.94,0.01,16.11,16926.64,1
2023-09-21,2023-09-21 12:55:00,1040.94,1041.05,1040.94,1041.05,0.01,16.11,16926.64,1
2023-09-21,2023-09-21 12:56:00,1041.05,1041.16,1041.05,1041.16,0.01,16.11,16926.64,1
2023-09-21,2023-09-21 12:57:00,1041.16,1041.28,1041.16,1041.28,0.01,16.11,16926.64,1
2023-09-21,2023-09-21 12:58:00,1041.28,1041.39,1041.28,1041.39,0.01,16.11,16926.64,1
2023-09-21,2023-09-21 12:59:00,1041.39,1041.5,1041.39,1041.5,0.01,16.11,16926.64,1
2023-09-21,2023-09-21 13:00:00,1041.5,1132.0,1008.0,1041.61,0.01,16.11,16926.64,1
2023-09-21,2023-09-21 13:01:00,1041.61,1041.72,1041.61,1041.72,0.01,16.11,16926.64,1
2023-09-21,2023-09-21 13:02:00,1041.72,1041.84,1041.72,1041.84,0.01,16.11,16926.64,1
2023-09-21,2023-09-21 13:03:00,1041.84,1041.95,1041.84,1041.95,0.01,16.11,16926.64,1
2023-09-21,2023-09-21 13:04:00,1041.95,1042.06,1041.95,1042.06,0.01,16.11,16926.64,1
2023-09-21,2023-09-21 13:05:00,1042.06,1042.17,1042.06,1042.17,0.01,16.11,16926.64,1
2023-09-21,2023-09-21 13:06:00,1042.17,1042.28,1042.17,1042.28,0.01,16.11,16926.64,1
2023-09-21,2023-09-21 13:07:00,1042.28,1042.39,1042.28,1042.39,0.01,16.11,16926.64,1
2023-09-21,2023-09-21 13:08:00,1042.39,1042.51,1042.39,1042.51,0.01,16.11,16926.64,1
2023-09-21,2023-09-21 13:09:00,1042.51,1042.62,1042.51,1042.62,0.01,16.11,16926.64,1
2023-09-21,2023-09-21 13:10:00,1042.62,1042.73,1042.62,1042.73,0.01,16.11,16926.64,1
2023-09-21,2023-09-21 13:11:00,1042.73,1042.84,1042.73,1042.84,0.01,16.11,16926.64,1
2023-09-21,2023-09-21 13:12:00,1042.84,1042.95,1042.84,1042.95,0.01,16.11,16926.64,1
2023-09-21,2023-09-21 13:13:00,1042.95,1043.06,1042.95,1043.06,0.01,16.11,16926.64,1
2023-09-21,2023-09-21 13:14:00,1043.06,1043.17,1043.06,1043.17,0.01,16.11,16926.64,1
2023-09-21,2023-09-21 13:15:00,1043.17,1043.29,1043.17,1043.29,0.01,16.11,16926.64,1
2023-09-21,2023-09-21 13:16:00,1043.29,1043.4,1043.29,1043.4,0.01,16.11,16926.64,1
2023-09-21,2023-09-21 13:17:00,1043.4,1043.51,1043.4,1043.51,0.01,16.11,16926.64,1
2023-09-21,2023-09-21 13:18:00,1043.51,1043.62,1043.51,1043.62,0.01,16.11,16926.64,1
2023-09-21,2023-09-21 13:19:00,1043.62,1043.73,1043.62,1043.73,0.01,16.11,16926.64,1
2023-09-21,2023-09-21 13:20:00,1043.73,1043.85,1043.73,1043.85,0.01,16.11,16926.64,1
2023-09-21,2023-09-21 13:21:00,1043.85,1043.96,1043.85,1043.96,0.01,16.11,16926.64,1
2023-09-21,2023-09-21 13:22:00,1043.96,1044.07,1043.96,1044.07,0.01,16.11,16926.64,1
2023-09-21,2023-09-21 13:23:00,1044.07,1044.18,1044.07,1044.18,0.01,16.11,16926.64,1
2023-09-21,2023-09-21 13:24:00,1044.18,1044.29,1044.18,1044.29,0.01,16.11,16926.64,1
2023-09-21,2023-09-21 13:25:00,1044.29,1044.4,1044.29,1044.4,0.01,16.11,16926.64,1
2023-09-21,2023-09-21 13:26:00,1044.4,1044.52,1044.4,1044.52,0.01,16.11,16926.64,1
2023-09-21,2023-09-21 13:27:00,1044.52,1044.63,1044.52,1044.63,0.01,16.11,16926.64,1
2023-09-21,2023-09-21 13:28:00,1044.63,1044.74,1044.63,1044.74,0.01,16.11,16926.64,1
2023-09-21,2023-09-21 13:29:00,1044.74,1044.85,1044.74,1044.85,0.01,16.11,16926.64,1
2023-09-21,2023-09-21 13:30:00,1044.85,1044.96,1044.85,1044.96,0.01,16.11,16926.64,1
2023-09-21,2023-09-21 13:31:00,1044.96,1045.07,1044.96,1045.07,0.01,16.11,16926.64,1
2023-09-21,2023-09-21 13:32:00,1045.07,1045.18,1045.07,1045.18,0.01,16.11,16926.64,1
2023-09-21,2023-09-21 13:33:00,1045.18,1045.3,1045.18,1045.3,0.01,16.11,16926.64,1
2023-09-21,2023-09-21 13:34:00,1045.3,1045.41,1045.3,1045.41,0.01,16.11,16926.64,1
2023-09-21,2023-09-21 13:35:00,1045.41,1045.52,1045.41,1045.52,0.01,16.11,16926.64,1
2023-09-21,2023-09-21 13:36:00,1045.52,1045.63,1045.52,1045.63,0.01,16.11,16926.64,1
2023-09-21,2023-09-21 13:37:00,1045.63,1045.74,1045.63,1045.74,0.01,16.11,16926.64,1
2023-09-21,2023-09-21 13:38:00,1045.74,1045.86,1045.74,1045.86,0.01,16.11,16926.64,1
2023-09-21,2023-09-21 13:39:00,1045.86,1045.97,1045.86,1045.97,0.01,16.11,16926.64,1
2023-09-21,2023-09-21 13:40:00,1045.97,1046.08,1045.97,1046.08,0.01,16.11,16926.64,1
2023-09-21,2023-09-21 13:41:00,1046.08,1046.19,1046.08,1046.19,0.01,16.11,16926.64,1
2023-09-21,2023-09-21 13:42:00,1046.19,1046.3,1046.19,1046.3,0.01,16.11,16926.64,1
2023-09-21,2023-09-21 13:43:00,1046.3,1046.41,1046.3,1046.41,0.01,16.11,16926.64,1
2023-09-21,2023-09-21 13:44:00,1046.41,1046.53,1046.41,1046.53,0.01,16.11,16926.64,1
2023-09-21,2023-09-21 13:45:00,1046.53,1046.64,1046.53,1046.64,0.01,16.11,16926.64,1
2023-09-21,2023-09-21 13:46:00,1046.64,1046.75,1046.64,1046.75,0.01,16.11,16926.64,1
2023-09-21,2023-09-21 13:47:00,1046.75,1046.86,1046.75,1046.86,0.01,16.11,16926.64,1
2023-09-21,2023-09-21 13:48:00,1046.86,1046.97,1046.86,1046.97,0.01,16.11,16926.64,1
2023-09-21,2023-09-21 13:49:00,1046.97,1047.08,1046.97,1047.08,0.01,16.11,16926.64,1
2023-09-21,2023-09-21 13:50:00,1047.08,1047.19,1047.08,1047.19,0.01,16.11,16926.64,1
2023-09-21,2023-09-21 13:51:00,1047.19,1047.31,1047.19,1047.31,0.01,16.11,16926.64,1
2023-09-21,2023-09-21 13:52:00,1047.31,1047.42,1047.31,1047.42,0.01,16.11,16926.64,1
2023-09-21,2023-09-21 13:53:00,1047.42,1047.53,1047.42,1047.53,0.01,16.11,16926.64,1
2023-09-21,2023-09-21 13:54:00,1047.53,1047.64,1047.53,1047.64,0.01,16.11,16926.64,1
2023-09-21,2023-09-21 13:55:00,1047.64,1047.75,1047.64,1047.75,0.01,16.11,16926.64,1
2023-09-21,2023-09-21 13:56:00,1047.75,1047.87,1047.75,1047.87,0.01,16.11,16926.64,1
2023-09-21,2023-09-21 13:57:00,1047.87,1047.98,1047.87,1047.98,0.01,16.11,16926.64,1
2023-09-21,2023-09-21 13:58:00,1047.98,1048.09,1047.98,1048.09,0.01,16.11,16926.64,1
2023-09-21,2023-09-21 13:59:00,1048.09,1048.2,1048.09,1048.2,0.01,16.11,16926.64,1
2023-09-21,2023-09-21 14:00:00,1048.2,1048.31,1048.2,1048.31,0.01,16.11,16926.64,1
2023-09-21,2023-09-21 14:01:00,1048.31,1048.42,1048.31,1048.42,0.01,16.11,16926.64,1
2023-09-21,2023-09-21 14:02:00,1048.42,1048.54,1048.42,1048.54,0.01,16.11,16926.64,1
2023-09-21,2023-09-21 14:03:00,1048.54,1048.65,1048.54,1048.65,0.01,16.11,16926.64,1
2023-09-21,2023-09-21 14:04:00,1048.65,1048.76,1048.65,1048.76,0.01,16.11,16926.64,1
2023-09-21,2023-09-21 14:05:00,1048.76,1048.87,1048.76,1048.87,0.01,16.11,16926.64,1
2023-09-21,2023-09-21 14:06:00,1048.87,1048.98,1048.87,1048.98,0.01,16.11,16926.64,1
2023-09-21,2023-09-21 14:07:00,1048.98,1049.09,1048.98,1049.09,0.01,16.11,16926.64,1
2023-09-21,2023-09-21 14:08:00,1049.09,1049.21,1049.09,1049.21,0.01,16.11,16926.64,1
2023-09-21,2023-09-21 14:09:00,1049.21,1049.32,1049.21,1049.32,0.01,16.11,16926.64,1
2023-09-21,2023-09-21 14:10:00,1049.32,1049.43,1049.32,1049.43,0.01,16.11,16926.64,1
2023-09-21,2023-09-21 14:11:00,1049.43,1049.54,1049.43,1049.54,0.01,16.11,16926.64,1
2023-09-21,2023-09-21 14:12:00,1049.54,1049.65,1049.54,1049.65,0.01,16.11,16926.64,1
2023-09-21,2023-09-21 14:13:00,1049.65,1049.76,1049.65,1049.76,0.01,16.11,16926.64,1
2023-09-21,2023-09-21 14:14:00,1049.76,1049.88,1049.76,1049.88,0.01,16.11,16926.64,1
2023-09-21,2023-09-21 14:15:00,1049.88,1049.99,1049.88,1049.99,0.01,16.11,16926.64,1
2023-09-21,2023-09-21 14:16:00,1049.99,1050.1,1049.99,1050.1,0.01,16.11,16926.64,1
2023-09-21,2023-09-21 14:17:00,1050.1,1050.21,1050.1,1050.21,0.01,16.11,16926.64,1
2023-09-21,2023-09-21 14:18:00,1050.21,1050.32,1050.21,1050.32,0.01,16.11,16926.64,1
2023-09-21,2023-09-21 14:19:00,1050.32,1050.43,1050.32,1050.43,0.01,16.11,16926.64,1
2023-09-21,2023-09-21 14:20:00,1050.43,1050.55,1050.43,1050.55,0.01,16.11,16926.64,1
2023-09-21,2023-09-21 14:21:00,1050.55,1050.66,1050.55,1050.66,0.01,16.11,16926.64,1
2023-09-21,2023-09-21 14:22:00,1050.66,1050.77,1050.66,1050.77,0.01,16.11,16926.64,1
2023-09-21,2023-09-21 14:23:00,1050.77,1050.88,1050.77,1050.88,0.01,16.11,16926.64,1
2023-09-21,2023-09-21 14:24:00,1050.88,1050.99,1050.88,1050.99,0.01,16.11,16926.64,1
2023-09-21,2023-09-21 14:25:00,1050.99,1051.1,1050.99,1051.1,0.01,16.11,16926.64,1
2023-09-21,2023-09-21 14:26:00,1051.1,1051.22,1051.1,1051.22,0.01,16.11,16926.64,1
2023-09-21,2023-09-21 14:27:00,1051.22,1051.33,1051.22,1051.33,0.01,16.11,16926.64,1
2023-09-21,2023-09-21 14:28:00,1051.33,1051.44,1051.33,1051.44,0.01,16.11,16926.64,1
2023-09-21,2023-09-21 14:29:00,1051.44,1051.55,1051.44,1051.55,0.01,16.11,16926.64,1
2023-09-21,2023-09-21 14:30:00,1051.55,1051.66,1051.55,1051.66,0.01,16.11,16926.64,1
2023-09-21,2023-09-21 14:31:00,1051.66,1051.77,1051.66,1051.77,0.01,16.11,16926.64,1
2023-09-21,2023-09-21 14:32:00,1051.77,1051.88,1051.77,1051.88,0.01,16.11,16926.64,1
2023-09-21,2023-09-21 14:33:00,1051.88,1052.0,1051.88,1052.0,0.01,16.11,16926.64,1
2023-09-21,2023-09-21 14:34:00,1052.0,1052.11,1052.0,1052.11,0.01,16.11,16926.64,1
2023-09-21,2023-09-21 14:35:00,1052.11,1052.22,1052.11,1052.22,0.01,16.11,16926.64,1
2023-09-21,2023-09-21 14:36:00,1052.22,1052.33,1052.22,1052.33,0.01,16.11,16926.64,1
2023-09-21,2023-09-21 14:37:00,1052.33,1052.44,1052.33,1052.44,0.01,16.11,16926.64,1
2023-09-21,2023-09-21 14:38:00,1052.44,1052.56,1052.44,1052.56,0.01,16.11,16926.64,1
2023-09-21,2023-09-21 14:39:00,1052.56,1052.67,1052.56,1052.67,0.01,16.11,16926.64,1
2023-09-21,2023-09-21 14:40:00,1052.67,1052.78,1052.67,1052.78,0.01,16.11,16926.64,1
2023-09-21,2023-09-21 14:41:00,1052.78,1052.89,1052.78,1052.89,0.01,16.11,16926.64,1
2023-09-21,2023-09-21 14:42:00,1052.89,1053.0,1052.89,1053.0,0.01,16.11,16926.64,1
2023-09-21,2023-09-21 14:43:00,1053.0,1053.11,1053.0,1053.11,0.01,16.11,16926.64,1
2023-09-21,2023-09-21 14:44:00,1053.11,1053.23,1053.11,1053.23,0.01,16.11,16926.64,1
2023-09-21,2023-09-21 14:45:00,1053.23,1053.34,1053.23,1053.34,0.01,16.11,16926.64,1
2023-09-21,2023-09-21 14:46:00,1053.34,1053.45,1053.34,1053.45,0.01,16.11,16926.64,1
2023-09-21,2023-09-21 14:47:00,1053.45,1053.56,1053.45,1053.56,0.01,16.11,16926.64,1
2023-09-21,2023-09-21 14:48:00,1053.56,1053.67,1053.56,1053.67,0.01,16.11,16926.64,1
2023-09-21,2023-09-21 14:49:00,1053.67,1053.78,1053.67,1053.78,0.01,16.11,16926.64,1
2023-09-21,2023-09-21 14:50:00,1053.78,1053.89,1053.78,1053.89,0.01,16.11,16926.64,1
2023-09-21,2023-09-21 14:51:00,1053.89,1054.01,1053.89,1054.01,0.01,16.11,16926.64,1
2023-09-21,2023-09-21 14:52:00,1054.01,1054.12,1054.01,1054.12,0.01,16.11,16926.64,1
2023-09-21,2023-09-21 14:53:00,1054.12,1054.23,1054.12,1054.23,0.01,16.11,16926.64,1
2023-09-21,2023-09-21 14:54:00,1054.23,1054.34,1054.23,1054.34,0.01,16.11,16926.64,1
2023-09-21,2023-09-21 14:55:00,1054.34,1054.45,1054.34,1054.45,0.01,16.11,16926.64,1
2023-09-21,2023-09-21 14:56:00,1054.45,1054.57,1054.45,1054.57,0.01,16.11,16926.64,1
2023-09-21,2023-09-21 14:57:00,1054.57,1054.68,1054.57,1054.68,0.01,16.11,16926.64,1
2023-09-21,2023-09-21 14:58:00,1054.68,1054.79,1054.68,1054.79,0.01,16.11,16926.64,1
2023-09-21,2023-09-21 14:59:00,1054.79,1054.9,1054.79,1054.9,0.01,16.11,16926.64,1
2023-09-21,2023-09-21 15:00:00,1054.9,1132.0,1008.0,1054.9,0.0,16.11,16926.64,0
2023-09-24,2023-09-24 11:00:00,1075.9,1095.13,1063.93,1075.88,-0.0,24.6,25916.97,-1
2023-09-24,2023-09-24 11:01:00,1075.88,1075.88,1075.86,1075.86,-0.0,24.6,25916.97,-1
2023-09-24,2023-09-24 11:02:00,1075.86,1075.86,1075.84,1075.84,-0.0,24.6,25916.97,-1
2023-09-24,2023-09-24 11:03:00,1075.84,1075.84,1075.82,1075.82,-0.0,24.6,25916.97,-1
2023-09-24,2023-09-24 11:04:00,1075.82,1075.82,1075.79,1075.79,-0.0,24.6,25916.97,-1
2023-09-24,2023-09-24 11:05:00,1075.79,1075.79,1075.77,1075.77,-0.0,24.6,25916.97,-1
2023-09-24,2023-09-24 11:06:00,1075.77,1075.77,1075.75,1075.75,-0.0,24.6,25916.97,-1
2023-09-24,2023-09-24 11:07:00,1075.75,1075.75,1075.73,1075.73,-0.0,24.6,25916.97,-1
2023-09-24,2023-09-24 11:08:00,1075.73,1075.73,1075.71,1075.71,-0.0,24.6,25916.97,-1
2023-09-24,2023-09-24 11:09:00,1075.71,1075.71,1075.69,1075.69,-0.0,24.6,25916.97,-1
2023-09-24,2023-09-24 11:10:00,1075.69,1075.69,1075.67,1075.67,-0.0,24.6,25916.97,-1
2023-09-24,2023-09-24 11:11:00,1075.67,1075.67,1075.64,1075.64,-0.0,24.6,25916.97,-1
2023-09-24,2023-09-24 11:12:00,1075.64,1075.64,1075.62,1075.62,-0.0,24.6,25916.97,-1
2023-09-24,2023-09-24 11:13:00,1075.62,1075.62,1075.6,1075.6,-0.0,24.6,25916.97,-1
2023-09-24,2023-09-24 11:14:00,1075.6,1075.6,1075.58,1075.58,-0.0,24.6,25916.97,-1
2023-09-24,2023-09-24 11:15:00,1075.58,1075.58,1075.56,1075.56,-0.0,24.6,25916.97,-1
2023-09-24,2023-09-24 11:16:00,1075.56,1075.56,1075.54,1075.54,-0.0,24.6,25916.97,-1
2023-09-24,2023-09-24 11:17:00,1075.54,1075.54,1075.52,1075.52,-0.0,24.6,25916.97,-1
2023-09-24,2023-09-24 11:18:00,1075.52,1075.52,1075.5,1075.5,-0.0,24.6,25916.97,-1
2023-09-24,2023-09-24 11:19:00,1075.5,1075.5,1075.48,1075.48,-0.0,24.6,25916.97,-1
2023-09-24,2023-09-24 11:20:00,1075.48,1075.48,1075.45,1075.45,-0.0,24.6,25916.97,-1
2023-09-24,2023-09-24 11:21:00,1075.45,1075.45,1075.43,1075.43,-0.0,24.6,25916.97,-1
2023-09-24,2023-09-24 11:22:00,1075.43,1075.43,1075.41,1075.41,-0.0,24.6,25916.97,-1
2023-09-24,2023-09-24 11:23:00,1075.41,1075.41,1075.39,1075.39,-0.0,24.6,25916.97,-1
2023-09-24,2023-09-24 11:24:00,1075.39,1075.39,1075.37,1075.37,-0.0,24.6,25916.97,-1
2023-09-24,2023-09-24 11:25:00,1075.37,1075.37,1075.35,1075.35,-0.0,24.6,25916.97,-1
2023-09-24,2023-09-24 11:26:00,1075.35,1075.35,1075.33,1075.33,-0.0,24.6,25916.97,-1
2023-09-24,2023-09-24 11:27:00,1075.33,1075.33,1075.31,1075.31,-0.0,24.6,25916.97,-1
2023-09-24,2023-09-24 11:28:00,1075.31,1075.31,1075.28,1075.28,-0.0,24.6,25916.97,-1
2023-09-24,2023-09-24 11:29:00,1075.28,1075.28,1075.26,1075.26,-0.0,24.6,25916.97,-1
2023-09-24,2023-09-24 11:30:00,1075.26,1075.26,1075.24,1075.24,-0.0,24.6,25916.97,-1
2023-09-24,2023-09-24 11:31:00,1075.24,1075.24,1075.22,1075.22,-0.0,24.6,25916.97,-1
2023-09-24,2023-09-24 11:32:00,1075.22,1075.22,1075.2,1075.2,-0.0,24.6,25916.97,-1
2023-09-24,2023-09-24 11:33:00,1075.2,1075.2,1075.18,1075.18,-0.0,24.6,25916.97,-1
2023-09-24,2023-09-24 11:34:00,1075.18,1075.18,1075.16,1075.16,-0.0,24.6,25916.97,-1
2023-09-24,2023-09-24 11:35:00,1075.16,1075.16,1075.13,1075.13,-0.0,24.6,25916.97,-1
2023-09-24,2023-09-24 11:36:00,1075.13,1075.13,1075.11,1075.11,-0.0,24.6,25916.97,-1
2023-09-24,2023-09-24 11:37:00,1075.11,1075.11,1075.09,1075.09,-0.0,24.6,25916.97,-1
2023-09-24,2023-09-24 11:38:00,1075.09,1075.09,1075.07,1075.07,-0.0,24.6,25916.97,-1
2023-09-24,2023-09-24 11:39:00,1075.07,1075.07,1075.05,1075.05,-0.0,24.6,25916.97,-1
2023-09-24,2023-09-24 11:40:00,1075.05,1075.05,1075.03,1075.03,-0.0,24.6,25916.97,-1
2023-09-24,2023-09-24 11:41:00,1075.03,1075.03,1075.01,1075.01,-0.0,24.6,25916.97,-1
2023-09-24,2023-09-24 11:42:00,1075.01,1075.01,1074.99,1074.99,-0.0,24.6,25916.97,-1
2023-09-24,2023-09-24 11:43:00,1074.99,1074.99,1074.97,1074.97,-0.0,24.6,25916.97,-1
2023-09-24,2023-09-24 11:44:00,1074.97,1074.97,1074.94,1074.94,-0.0,24.6,25916.97,-1
2023-09-24,2023-09-24 11:45:00,1074.94,1074.94,1074.92,1074.92,-0.0,24.6,25916.97,-1
2023-09-24,2023-09-24 11:46:00,1074.92,1074.92,1074.9,1074.9,-0.0,24.6,25916.97,-1
2023-09-24,2023-09-24 11:47:00,1074.9,1074.9,1074.88,1074.88,-0.0,24.6,25916.97,-1
2023-09-24,2023-09-24 11:48:00,1074.88,1074.88,1074.86,1074.86,-0.0,24.6,25916.97,-1
2023-09-24,2023-09-24 11:49:00,1074.86,1074.86,1074.84,1074.84,-0.0,24.6,25916.97,-1
2023-09-24,2023-09-24 11:50:00,1074.84,1074.84,1074.82,1074.82,-0.0,24.6,25916.97,-1
2023-09-24,2023-09-24 11:51:00,1074.82,1074.82,1074.8,1074.8,-0.0,24.6,25916.97,-1
2023-09-24,2023-09-24 11:52:00,1074.8,1074.8,1074.77,1074.77,-0.0,24.6,25916.97,-1
2023-09-24,2023-09-24 11:53:00,1074.77,1074.77,1074.75,1074.75,-0.0,24.6,25916.97,-1
2023-09-24,2023-09-24 11:54:00,1074.75,1074.75,1074.73,1074.73,-0.0,24.6,25916.97,-1
2023-09-24,2023-09-24 11:55:00,1074.73,1074.73,1074.71,1074.71,-0.0,24.6,25916.97,-1
2023-09-24,2023-09-24 11:56:00,1074.71,1074.71,1074.69,1074.69,-0.0,24.6,25916.97,-1
2023-09-24,2023-09-24 11:57:00,1074.69,1074.69,1074.67,1074.67,-0.0,24.6,25916.97,-1
2023-09-24,2023-09-24 11:58:00,1074.67,1074.67,1074.65,1074.65,-0.0,24.6,25916.97,-1
2023-09-24,2023-09-24 11:59:00,1074.65,1074.65,1074.62,1074.62,-0.0,24.6,25916.97,-1
2023-09-24,2023-09-24 12:00:00,1074.62,1074.62,1074.6,1074.6,-0.0,24.6,25916.97,-1
2023-09-24,2023-09-24 12:01:00,1074.6,1074.6,1074.58,1074.58,-0.0,24.6,25916.97,-1
2023-09-24,2023-09-24 12:02:00,1074.58,1074.58,1074.56,1074.56,-0.0,24.6,25916.97,-1
2023-09-24,2023-09-24 12:03:00,1074.56,1074.56,1074.54,1074.54,-0.0,24.6,25916.97,-1
2023-09-24,2023-09-24 12:04:00,1074.54,1074.54,1074.52,1074.52,-0.0,24.6,25916.97,-1
2023-09-24,2023-09-24 12:05:00,1074.52,1074.52,1074.5,1074.5,-0.0,24.6,25916.97,-1
2023-09-24,2023-09-24 12:06:00,1074.5,1074.5,1074.48,1074.48,-0.0,24.6,25916.97,-1
2023-09-24,2023-09-24 12:07:00,1074.48,1074.48,1074.46,1074.46,-0.0,24.6,25916.97,-1
2023-09-24,2023-09-24 12:08:00,1074.46,1074.46,1074.43,1074.43,-0.0,24.6,25916.97,-1
2023-09-24,2023-09-24 12:09:00,1074.43,1074.43,1074.41,1074.41,-0.0,24.6,25916.97,-1
2023-09-24,2023-09-24 12:10:00,1074.41,1074.41,1074.39,1074.39,-0.0,24.6,25916.97,-1
2023-09-24,2023-09-24 12:11:00,1074.39,1074.39,1074.37,1074.37,-0.0,24.6,25916.97,-1
2023-09-24,2023-09-24 12:12:00,1074.37,1074.37,1074.35,1074.35,-0.0,24.6,25916.97,-1
2023-09-24,2023-09-24 12:13:00,1074.35,1074.35,1074.33,1074.33,-0.0,24.6,25916.97,-1
2023-09-24,2023-09-24 12:14:00,1074.33,1074.33,1074.31,1074.31,-0.0,24.6,25916.97,-1
2023-09-24,2023-09-24 12:15:00,1074.31,1074.31,1074.29,1074.29,-0.0,24.6,25916.97,-1
2023-09-24,2023-09-24 12:16:00,1074.29,1074.29,1074.26,1074.26,-0.0,24.6,25916.97,-1
2023-09-24,2023-09-24 12:17:00,1074.26,1074.26,1074.24,1074.24,-0.0,24.6,25916.97,-1
2023-09-24,2023-09-24 12:18:00,1074.24,1074.24,1074.22,1074.22,-0.0,24.6,25916.97,-1
2023-09-24,2023-09-24 12:19:00,1074.22,1074.22,1074.2,1074.2,-0.0,24.6,25916.97,-1
2023-09-24,2023-09-24 12:20:00,1074.2,1074.2,1074.18,1074.18,-0.0,24.6,25916.97,-1
2023-09-24,2023-09-24 12:21:00,1074.18,1074.18,1074.16,1074.16,-0.0,24.6,25916.97,-1
2023-09-24,2023-09-24 12:22:00,1074.16,1074.16,1074.14,1074.14,-0.0,24.6,25916.97,-1
2023-09-24,2023-09-24 12:23:00,1074.14,1074.14,1074.12,1074.12,-0.0,24.6,25916.97,-1
2023-09-24,2023-09-24 12:24:00,1074.12,1074.12,1074.09,1074.09,-0.0,24.6,25916.97,-1
2023-09-24,2023-09-24 12:25:00,1074.09,1074.09,1074.07,1074.07,-0.0,24.6,25916.97,-1
2023-09-24,2023-09-24 12:26:00,1074.07,1074.07,1074.05,1074.05,-0.0,24.6,25916.97,-1
2023-09-24,2023-09-24 12:27:00,1074.05,1074.05,1074.03,1074.03,-0.0,24.6,25916.97,-1
2023-09-24,2023-09-24 12:28:00,1074.03,1074.03,1074.01,1074.01,-0.0,24.6,25916.97,-1
2023-09-24,2023-09-24 12:29:00,1074.01,1074.01,1073.99,1073.99,-0.0,24.6,25916.97,-1
2023-09-24,2023-09-24 12:30:00,1073.99,1073.99,1073.97,1073.97,-0.0,24.6,25916.97,-1
2023-09-24,2023-09-24 12:31:00,1073.97,1073.97,1073.94,1073.94,-0.0,24.6,25916.97,-1
2023-09-24,2023-09-24 12:32:00,1073.94,1073.94,1073.92,1073.92,-0.0,24.6,25916.97,-1
2023-09-24,2023-09-24 12:33:00,1073.92,1073.92,1073.9,1073.9,-0.0,24.6,25916.97,-1
2023-09-24,2023-09-24 12:34:00,1073.9,1073.9,1073.88,1073.88,-0.0,24.6,25916.97,-1
2023-09-24,2023-09-24 12:35:00,1073.88,1073.88,1073.86,1073.86,-0.0,24.6,25916.97,-1
2023-09-24,2023-09-24 12:36:00,1073.86,1073.86,1073.84,1073.84,-0.0,24.6,25916.97,-1
2023-09-24,2023-09-24 12:37:00,1073.84,1073.84,1073.82,1073.82,-0.0,24.6,25916.97,-1
2023-09-24,2023-09-24 12:38:00,1073.82,1073.82,1073.8,1073.8,-0.0,24.6,25916.97,-1
2023-09-24,2023-09-24 12:39:00,1073.8,1073.8,1073.78,1073.78,-0.0,24.6,25916.97,-1
2023-09-24,2023-09-24 12:40:00,1073.78,1073.78,1073.75,1073.75,-0.0,24.6,25916.97,-1
2023-09-24,2023-09-24 12:41:00,1073.75,1073.75,1073.73,1073.73,-0.0,24.6,25916.97,-1
2023-09-24,2023-09-24 12:42:00,1073.73,1073.73,1073.71,1073.71,-0.0,24.6,25916.97,-1
2023-09-24,2023-09-24 12:43:00,1073.71,1073.71,1073.69,1073.69,-0.0,24.6,25916.97,-1
2023-09-24,2023-09-24 12:44:00,1073.69,1073.69,1073.67,1073.67,-0.0,24.6,25916.97,-1
2023-09-24,2023-09-24 12:45:00,1073.67,1073.67,1073.65,1073.65,-0.0,24.6,25916.97,-1
2023-09-24,2023-09-24 12:46:00,1073.65,1073.65,1073.63,1073.63,-0.0,24.6,25916.97,-1
2023-09-24,2023-09-24 12:47:00,1073.63,1073.63,1073.61,1073.61,-0.0,24.6,25916.97,-1
2023-09-24,2023-09-24 12:48:00,1073.61,1073.61,1073.58,1073.58,-0.0,24.6,25916.97,-1
2023-09-24,2023-09-24 12:49:00,1073.58,1073.58,1073.56,1073.56,-0.0,24.6,25916.97,-1
2023-09-24,2023-09-24 12:50:00,1073.56,1073.56,1073.54,1073.54,-0.0,24.6,25916.97,-1
2023-09-24,2023-09-24 12:51:00,1073.54,1073.54,1073.52,1073.52,-0.0,24.6,25916.97,-1
2023-09-24,2023-09-24 12:52:00,1073.52,1073.52,1073.5,1073.5,-0.0,24.6,25916.97,-1
2023-09-24,2023-09-24 12:53:00,1073.5,1073.5,1073.48,1073.48,-0.0,24.6,25916.97,-1
2023-09-24,2023-09-24 12:54:00,1073.48,1073.48,1073.46,1073.46,-0.0,24.6,25916.97,-1
2023-09-24,2023-09-24 12:55:00,1073.46,1073.46,1073.43,1073.43,-0.0,24.6,25916.97,-1
2023-09-24,2023-09-24 12:56:00,1073.43,1073.43,1073.41,1073.41,-0.0,24.6,25916.97,-1
2023-09-24,2023-09-24 12:57:00,1073.41,1073.41,1073.39,1073.39,-0.0,24.6,25916.97,-1
2023-09-24,2023-09-24 12:58:00,1073.39,1073.39,1073.37,1073.37,-0.0,24.6,25916.97,-1
2023-09-24,2023-09-24 12:59:00,1073.37,1073.37,1073.35,1073.35,-0.0,24.6,25916.97,-1
2023-09-24,2023-09-24 13:00:00,1073.35,1140.0,1036.0,1073.33,-0.0,24.6,25916.97,-1
2023-09-24,2023-09-24 13:01:00,1073.33,1073.33,1073.31,1073.31,-0.0,24.6,25916.97,-1
2023-09-24,2023-09-24 13:02:00,1073.31,1073.31,1073.29,1073.29,-0.0,24.6,25916.97,-1
2023-09-24,2023-09-24 13:03:00,1073.29,1073.29,1073.27,1073.27,-0.0,24.6,25916.97,-1
2023-09-24,2023-09-24 13:04:00,1073.27,1073.27,1073.24,1073.24,-0.0,24.6,25916.97,-1
2023-09-24,2023-09-24 13:05:00,1073.24,1073.24,1073.22,1073.22,-0.0,24.6,25916.97,-1
2023-09-24,2023-09-24 13:06:00,1073.22,1073.22,1073.2,1073.2,-0.0,24.6,25916.97,-1
2023-09-24,2023-09-24 13:07:00,1073.2,1073.2,1073.18,1073.18,-0.0,24.6,25916.97,-1
2023-09-24,2023-09-24 13:08:00,1073.18,1073.18,1073.16,1073.16,-0.0,24.6,25916.97,-1
2023-09-24,2023-09-24 13:09:00,1073.16,1073.16,1073.14,1073.14,-0.0,24.6,25916.97,-1
2023-09-24,2023-09-24 13:10:00,1073.14,1073.14,1073.12,1073.12,-0.0,24.6,25916.97,-1
2023-09-24,2023-09-24 13:11:00,1073.12,1073.12,1073.1,1073.1,-0.0,24.6,25916.97,-1
2023-09-24,2023-09-24 13:12:00,1073.1,1073.1,1073.07,1073.07,-0.0,24.6,25916.97,-1
2023-09-24,2023-09-24 13:13:00,1073.07,1073.07,1073.05,1073.05,-0.0,24.6,25916.97,-1
2023-09-24,2023-09-24 13:14:00,1073.05,1073.05,1073.03,1073.03,-0.0,24.6,25916.97,-1
2023-09-24,2023-09-24 13:15:00,1073.03,1073.03,1073.01,1073.01,-0.0,24.6,25916.97,-1
2023-09-24,2023-09-24 13:16:00,1073.01,1073.01,1072.99,1072.99,-0.0,24.6,25916.97,-1
2023-09-24,2023-09-24 13:17:00,1072.99,1072.99,1072.97,1072.97,-0.0,24.6,25916.97,-1
2023-09-24,2023-09-24 13:18:00,1072.97,1072.97,1072.95,1072.95,-0.0,24.6,25916.97,-1
2023-09-24,2023-09-24 13:19:00,1072.95,1072.95,1072.92,1072.92,-0.0,24.6,25916.97,-1
2023-09-24,2023-09-24 13:20:00,1072.92,1072.92,1072.9,1072.9,-0.0,24.6,25916.97,-1
2023-09-24,2023-09-24 13:21:00,1072.9,1072.9,1072.88,1072.88,-0.0,24.6,25916.97,-1
2023-09-24,2023-09-24 13:22:00,1072.88,1072.88,1072.86,1072.86,-0.0,24.6,25916.97,-1
2023-09-24,2023-09-24 13:23:00,1072.86,1072.86,1072.84,1072.84,-0.0,24.6,25916.97,-1
2023-09-24,2023-09-24 13:24:00,1072.84,1072.84,1072.82,1072.82,-0.0,24.6,25916.97,-1
2023-09-24,2023-09-24 13:25:00,1072.82,1072.82,1072.8,1072.8,-0.0,24.6,25916.97,-1
2023-09-24,2023-09-24 13:26:00,1072.8,1072.8,1072.78,1072.78,-0.0,24.6,25916.97,-1
2023-09-24,2023-09-24 13:27:00,1072.78,1072.78,1072.76,1072.76,-0.0,24.6,25916.97,-1
2023-09-24,2023-09-24 13:28:00,1072.76,1072.76,1072.73,1072.73,-0.0,24.6,25916.97,-1
2023-09-24,2023-09-24 13:29:00,1072.73,1072.73,1072.71,1072.71,-0.0,24.6,25916.97,-1
2023-09-24,2023-09-24 13:30:00,1072.71,1072.71,1072.69,1072.69,-0.0,24.6,25916.97,-1
2023-09-24,2023-09-24 13:31:00,1072.69,1072.69,1072.67,1072.67,-0.0,24.6,25916.97,-1
2023-09-24,2023-09-24 13:32:00,1072.67,1072.67,1072.65,1072.65,-0.0,24.6,25916.97,-1
2023-09-24,2023-09-24 13:33:00,1072.65,1072.65,1072.63,1072.63,-0.0,24.6,25916.97,-1
2023-09-24,2023-09-24 13:34:00,1072.63,1072.63,1072.61,1072.61,-0.0,24.6,25916.97,-1
2023-09-24,2023-09-24 13:35:00,1072.61,1072.61,1072.59,1072.59,-0.0,24.6,25916.97,-1
2023-09-24,2023-09-24 13:36:00,1072.59,1072.59,1072.56,1072.56,-0.0,24.6,25916.97,-1
2023-09-24,2023-09-24 13:37:00,1072.56,1072.56,1072.54,1072.54,-0.0,24.6,25916.97,-1
2023-09-24,2023-09-24 13:38:00,1072.54,1072.54,1072.52,1072.52,-0.0,24.6,25916.97,-1
2023-09-24,2023-09-24 13:39:00,1072.52,1072.52,1072.5,1072.5,-0.0,24.6,25916.97,-1
2023-09-24,2023-09-24 13:40:00,1072.5,1072.5,1072.48,1072.48,-0.0,24.6,25916.97,-1
2023-09-24,2023-09-24 13:41:00,1072.48,1072.48,1072.46,1072.46,-0.0,24.6,25916.97,-1
2023-09-24,2023-09-24 13:42:00,1072.46,1072.46,1072.44,1072.44,-0.0,24.6,25916.97,-1
2023-09-24,2023-09-24 13:43:00,1072.44,1072.44,1072.41,1072.41,-0.0,24.6,25916.97,-1
2023-09-24,2023-09-24 13:44:00,1072.41,1072.41,1072.39,1072.39,-0.0,24.6,25916.97,-1
2023-09-24,2023-09-24 13:45:00,1072.39,1072.39,1072.37,1072.37,-0.0,24.6,25916.97,-1
2023-09-24,2023-09-24 13:46:00,1072.37,1072.37,1072.35,1072.35,-0.0,24.6,25916.97,-1
2023-09-24,2023-09-24 13:47:00,1072.35,1072.35,1072.33,1072.33,-0.0,24.6,25916.97,-1
2023-09-24,2023-09-24 13:48:00,1072.33,1072.33,1072.31,1072.31,-0.0,24.6,25916.97,-1
2023-09-24,2023-09-24 13:49:00,1072.31,1072.31,1072.29,1072.29,-0.0,24.6,25916.97,-1
2023-09-24,2023-09-24 13:50:00,1072.29,1072.29,1072.27,1072.27,-0.0,24.6,25916.97,-1
2023-09-24,2023-09-24 13:51:00,1072.27,1072.27,1072.24,1072.24,-0.0,24.6,25916.97,-1
2023-09-24,2023-09-24 13:52:00,1072.24,1072.24,1072.22,1072.22,-0.0,24.6,25916.97,-1
2023-09-24,2023-09-24 13:53:00,1072.22,1072.22,1072.2,1072.2,-0.0,24.6,25916.97,-1
2023-09-24,2023-09-24 13:54:00,1072.2,1072.2,1072.18,1072.18,-0.0,24.6,25916.97,-1
2023-09-24,2023-09-24 13:55:00,1072.18,1072.18,1072.16,1072.16,-0.0,24.6,25916.97,-1
2023-09-24,2023-09-24 13:56:00,1072.16,1072.16,1072.14,1072.14,-0.0,24.6,25916.97,-1
2023-09-24,2023-09-24 13:57:00,1072.14,1072.14,1072.12,1072.12,-0.0,24.6,25916.97,-1
2023-09-24,2023-09-24 13:58:00,1072.12,1072.12,1072.1,1072.1,-0.0,24.6,25916.97,-1
2023-09-24,2023-09-24 13:59:00,1072.1,1072.1,1072.08,1072.08,-0.0,24.6,25916.97,-1
2023-09-24,2023-09-24 14:00:00,1072.08,1072.08,1072.05,1072.05,-0.0,24.6,25916.97,-1
2023-09-24,2023-09-24 14:01:00,1072.05,1072.05,1072.03,1072.03,-0.0,24.6,25916.97,-1
2023-09-24,2023-09-24 14:02:00,1072.03,1072.03,1072.01,1072.01,-0.0,24.6,25916.97,-1
2023-09-24,2023-09-24 14:03:00,1072.01,1072.01,1071.99,1071.99,-0.0,24.6,25916.97,-1
2023-09-24,2023-09-24 14:04:00,1071.99,1071.99,1071.97,1071.97,-0.0,24.6,25916.97,-1
2023-09-24,2023-09-24 14:05:00,1071.97,1071.97,1071.95,1071.95,-0.0,24.6,25916.97,-1
2023-09-24,2023-09-24 14:06:00,1071.95,1071.95,1071.93,1071.93,-0.0,24.6,25916.97,-1
2023-09-24,2023-09-24 14:07:00,1071.93,1071.93,1071.9,1071.9,-0.0,24.6,25916.97,-1
2023-09-24,2023-09-24 14:08:00,1071.9,1071.9,1071.88,1071.88,-0.0,24.6,25916.97,-1
2023-09-24,2023-09-24 14:09:00,1071.88,1071.88,1071.86,1071.86,-0.0,24.6,25916.97,-1
2023-09-24,2023-09-24 14:10:00,1071.86,1071.86,1071.84,1071.84,-0.0,24.6,25916.97,-1
2023-09-24,2023-09-24 14:11:00,1071.84,1071.84,1071.82,1071.82,-0.0,24.6,25916.97,-1
2023-09-24,2023-09-24 14:12:00,1071.82,1071.82,1071.8,1071.8,-0.0,24.6,25916.97,-1
2023-09-24,2023-09-24 14:13:00,1071.8,1071.8,1071.78,1071.78,-0.0,24.6,25916.97,-1
2023-09-24,2023-09-24 14:14:00,1071.78,1071.78,1071.76,1071.76,-0.0,24.6,25916.97,-1
2023-09-24,2023-09-24 14:15:00,1071.76,1071.76,1071.73,1071.73,-0.0,24.6,25916.97,-1
2023-09-24,2023-09-24 14:16:00,1071.73,1071.73,1071.71,1071.71,-0.0,24.6,25916.97,-1
2023-09-24,2023-09-24 14:17:00,1071.71,1071.71,1071.69,1071.69,-0.0,24.6,25916.97,-1
2023-09-24,2023-09-24 14:18:00,1071.69,1071.69,1071.67,1071.67,-0.0,24.6,25916.97,-1
2023-09-24,2023-09-24 14:19:00,1071.67,1071.67,1071.65,1071.65,-0.0,24.6,25916.97,-1
2023-09-24,2023-09-24 14:20:00,1071.65,1071.65,1071.63,1071.63,-0.0,24.6,25916.97,-1
2023-09-24,2023-09-24 14:21:00,1071.63,1071.63,1071.61,1071.61,-0.0,24.6,25916.97,-1
2023-09-24,2023-09-24 14:22:00,1071.61,1071.61,1071.59,1071.59,-0.0,24.6,25916.97,-1
2023-09-24,2023-09-24 14:23:00,1071.59,1071.59,1071.57,1071.57,-0.0,24.6,25916.97,-1
2023-09-24,2023-09-24 14:24:00,1071.57,1071.57,1071.54,1071.54,-0.0,24.6,25916.97,-1
2023-09-24,2023-09-24 14:25:00,1071.54,1071.54,1071.52,1071.52,-0.0,24.6,25916.97,-1
2023-09-24,2023-09-24 14:26:00,1071.52,1071.52,1071.5,1071.5,-0.0,24.6,25916.97,-1
2023-09-24,2023-09-24 14:27:00,1071.5,1071.5,1071.48,1071.48,-0.0,24.6,25916.97,-1
2023-09-24,2023-09-24 14:28:00,1071.48,1071.48,1071.46,1071.46,-0.0,24.6,25916.97,-1
2023-09-24,2023-09-24 14:29:00,1071.46,1071.46,1071.44,1071.44,-0.0,24.6,25916.97,-1
2023-09-24,2023-09-24 14:30:00,1071.44,1071.44,1071.42,1071.42,-0.0,24.6,25916.97,-1
2023-09-24,2023-09-24 14:31:00,1071.42,1071.42,1071.39,1071.39,-0.0,24.6,25916.97,-1
2023-09-24,2023-09-24 14:32:00,1071.39,1071.39,1071.37,1071.37,-0.0,24.6,25916.97,-1
2023-09-24,2023-09-24 14:33:00,1071.37,1071.37,1071.35,1071.35,-0.0,24.6,25916.97,-1
2023-09-24,2023-09-24 14:34:00,1071.35,1071.35,1071.33,1071.33,-0.0,24.6,25916.97,-1
2023-09-24,2023-09-24 14:35:00,1071.33,1071.33,1071.31,1071.31,-0.0,24.6,25916.97,-1
2023-09-24,2023-09-24 14:36:00,1071.31,1071.31,1071.29,1071.29,-0.0,24.6,25916.97,-1
2023-09-24,2023-09-24 14:37:00,1071.29,1071.29,1071.27,1071.27,-0.0,24.6,25916.97,-1
2023-09-24,2023-09-24 14:38:00,1071.27,1071.27,1071.25,1071.25,-0.0,24.6,25916.97,-1
2023-09-24,2023-09-24 14:39:00,1071.25,1071.25,1071.22,1071.22,-0.0,24.6,25916.97,-1
2023-09-24,2023-09-24 14:40:00,1071.22,1071.22,1071.2,1071.2,-0.0,24.6,25916.97,-1
2023-09-24,2023-09-24 14:41:00,1071.2,1071.2,1071.18,1071.18,-0.0,24.6,25916.97,-1
2023-09-24,2023-09-24 14:42:00,1071.18,1071.18,1071.16,1071.16,-0.0,24.6,25916.97,-1
2023-09-24,2023-09-24 14:43:00,1071.16,1071.16,1071.14,1071.14,-0.0,24.6,25916.97,-1
2023-09-24,2023-09-24 14:44:00,1071.14,1071.14,1071.12,1071.12,-0.0,24.6,25916.97,-1
2023-09-24,2023-09-24 14:45:00,1071.12,1071.12,1071.1,1071.1,-0.0,24.6,25916.97,-1
2023-09-24,2023-09-24 14:46:00,1071.1,1071.1,1071.08,1071.08,-0.0,24.6,25916.97,-1
2023-09-24,2023-09-24 14:47:00,1071.08,1071.08,1071.06,1071.06,-0.0,24.6,25916.97,-1
2023-09-24,2023-09-24 14:48:00,1071.06,1071.06,1071.03,1071.03,-0.0,24.6,25916.97,-1
2023-09-24,2023-09-24 14:49:00,1071.03,1071.03,1071.01,1071.01,-0.0,24.6,25916.97,-1
2023-09-24,2023-09-24 14:50:00,1071.01,1071.01,1070.99,1070.99,-0.0,24.6,25916.97,-1
2023-09-24,2023-09-24 14:51:00,1070.99,1070.99,1070.97,1070.97,-0.0,24.6,25916.97,-1
2023-09-24,2023-09-24 14:52:00,1070.97,1070.97,1070.95,1070.95,-0.0,24.6,25916.97,-1
2023-09-24,2023-09-24 14:53:00,1070.95,1070.95,1070.93,1070.93,-0.0,24.6,25916.97,-1
2023-09-24,2023-09-24 14:54:00,1070.93,1070.93,1070.91,1070.91,-0.0,24.6,25916.97,-1
2023-09-24,2023-09-24 14:55:00,1070.91,1070.91,1070.88,1070.88,-0.0,24.6,25916.97,-1
2023-09-24,2023-09-24 14:56:00,1070.88,1070.88,1070.86,1070.86,-0.0,24.6,25916.97,-1
2023-09-24,2023-09-24 14:57:00,1070.86,1070.86,1070.84,1070.84,-0.0,24.6,25916.97,-1
2023-09-24,2023-09-24 14:58:00,1070.84,1070.84,1070.82,1070.82,-0.0,24.6,25916.97,-1
2023-09-24,2023-09-24 14:59:00,1070.82,1070.82,1070.8,1070.8,-0.0,24.6,25916.97,-1
2023-09-24,2023-09-24 15:00:00,1070.8,1140.0,1036.0,1070.8,0.0,24.6,25916.97,0
2023-09-25,2023-09-25 11:00:00,1092.2,1092.2,1073.54,1092.08,-0.01,8.05,8467.6,-1
2023-09-25,2023-09-25 11:01:00,1092.08,1092.08,1091.97,1091.97,-0.01,8.05,8467.6,-1
2023-09-25,2023-09-25 11:02:00,1091.97,1091.97,1091.85,1091.85,-0.01,8.05,8467.6,-1
2023-09-25,2023-09-25 11:03:00,1091.85,1091.85,1091.73,1091.73,-0.01,8.05,8467.6,-1
2023-09-25,2023-09-25 11:04:00,1091.73,1091.73,1091.61,1091.61,-0.01,8.05,8467.6,-1
2023-09-25,2023-09-25 11:05:00,1091.61,1091.61,1091.5,1091.5,-0.01,8.05,8467.6,-1
2023-09-25,2023-09-25 11:06:00,1091.5,1091.5,1091.38,1091.38,-0.01,8.05,8467.6,-1
2023-09-25,2023-09-25 11:07:00,1091.38,1091.38,1091.26,1091.26,-0.01,8.05,8467.6,-1
2023-09-25,2023-09-25 11:08:00,1091.26,1091.26,1091.14,1091.14,-0.01,8.05,8467.6,-1
2023-09-25,2023-09-25 11:09:00,1091.14,1091.14,1091.03,1091.03,-0.01,8.05,8467.6,-1
2023-09-25,2023-09-25 11:10:00,1091.03,1091.03,1090.91,1090.91,-0.01,8.05,8467.6,-1
2023-09-25,2023-09-25 11:11:00,1090.91,1090.91,1090.79,1090.79,-0.01,8.05,8467.6,-1
2023-09-25,2023-09-25 11:12:00,1090.79,1090.79,1090.67,1090.67,-0.01,8.05,8467.6,-1
2023-09-25,2023-09-25 11:13:00,1090.67,1090.67,1090.56,1090.56,-0.01,8.05,8467.6,-1
2023-09-25,2023-09-25 11:14:00,1090.56,1090.56,1090.44,1090.44,-0.01,8.05,8467.6,-1
2023-09-25,2023-09-25 11:15:00,1090.44,1090.44,1090.32,1090.32,-0.01,8.05,8467.6,-1
2023-09-25,2023-09-25 11:16:00,1090.32,1090.32,1090.2,1090.2,-0.01,8.05,8467.6,-1
2023-09-25,2023-09-25 11:17:00,1090.2,1090.2,1090.09,1090.09,-0.01,8.05,8467.6,-1
2023-09-25,2023-09-25 11:18:00,1090.09,1090.09,1089.97,1089.97,-0.01,8.05,8467.6,-1
2023-09-25,2023-09-25 11:19:00,1089.97,1089.97,1089.85,1089.85,-0.01,8.05,8467.6,-1
2023-09-25,2023-09-25 11:20:00,1089.85,1089.85,1089.73,1089.73,-0.01,8.05,8467.6,-1
2023-09-25,2023-09-25 11:21:00,1089.73,1089.73,1089.62,1089.62,-0.01,8.05,8467.6,-1
2023-09-25,2023-09-25 11:22:00,1089.62,1089.62,1089.5,1089.5,-0.01,8.05,8467.6,-1
2023-09-25,2023-09-25 11:23:00,1089.5,1089.5,1089.38,1089.38,-0.01,8.05,8467.6,-1
2023-09-25,2023-09-25 11:24:00,1089.38,1089.38,1089.26,1089.26,-0.01,8.05,8467.6,-1
2023-09-25,2023-09-25 11:25:00,1089.26,1089.26,1089.14,1089.14,-0.01,8.05,8467.6,-1
2023-09-25,2023-09-25 11:26:00,1089.14,1089.14,1089.03,1089.03,-0.01,8.05,8467.6,-1
2023-09-25,2023-09-25 11:27:00,1089.03,1089.03,1088.91,1088.91,-0.01,8.05,8467.6,-1
2023-09-25,2023-09-25 11:28:00,1088.91,1088.91,1088.79,1088.79,-0.01,8.05,8467.6,-1
2023-09-25,2023-09-25 11:29:00,1088.79,1088.79,1088.67,1088.67,-0.01,8.05,8467.6,-1
2023-09-25,2023-09-25 11:30:00,1088.67,1088.67,1088.56,1088.56,-0.01,8.05,8467.6,-1
2023-09-25,2023-09-25 11:31:00,1088.56,1088.56,1088.44,1088.44,-0.01,8.05,8467.6,-1
2023-09-25,2023-09-25 11:32:00,1088.44,1088.44,1088.32,1088.32,-0.01,8.05,8467.6,-1
2023-09-25,2023-09-25 11:33:00,1088.32,1088.32,1088.2,1088.2,-0.01,8.05,8467.6,-1
2023-09-25,2023-09-25 11:34:00,1088.2,1088.2,1088.09,1088.09,-0.01,8.05,8467.6,-1
2023-09-25,2023-09-25 11:35:00,1088.09,1088.09,1087.97,1087.97,-0.01,8.05,8467.6,-1
2023-09-25,2023-09-25 11:36:00,1087.97,1087.97,1087.85,1087.85,-0.01,8.05,8467.6,-1
2023-09-25,2023-09-25 11:37:00,1087.85,1087.85,1087.74,1087.74,-0.01,8.05,8467.6,-1
2023-09-25,2023-09-25 11:38:00,1087.74,1087.74,1087.62,1087.62,-0.01,8.05,8467.6,-1
2023-09-25,2023-09-25 11:39:00,1087.62,1087.62,1087.5,1087.5,-0.01,8.05,8467.6,-1
2023-09-25,2023-09-25 11:40:00,1087.5,1087.5,1087.38,1087.38,-0.01,8.05,8467.6,-1
2023-09-25,2023-09-25 11:41:00,1087.38,1087.38,1087.27,1087.27,-0.01,8.05,8467.6,-1
2023-09-25,2023-09-25 11:42:00,1087.27,1087.27,1087.15,1087.15,-0.01,8.05,8467.6,-1
2023-09-25,2023-09-25 11:43:00,1087.15,1087.15,1087.03,1087.03,-0.01,8.05,8467.6,-1
2023-09-25,2023-09-25 11:44:00,1087.03,1087.03,1086.91,1086.91,-0.01,8.05,8467.6,-1
2023-09-25,2023-09-25 11:45:00,1086.91,1086.91,1086.8,1086.8,-0.01,8.05,8467.6,-1
2023-09-25,2023-09-25 11:46:00,1086.8,1086.8,1086.68,1086.68,-0.01,8.05,8467.6,-1
2023-09-25,2023-09-25 11:47:00,1086.68,1086.68,1086.56,1086.56,-0.01,8.05,8467.6,-1
2023-09-25,2023-09-25 11:48:00,1086.56,1086.56,1086.44,1086.44,-0.01,8.05,8467.6,-1
2023-09-25,2023-09-25 11:49:00,1086.44,1086.44,1086.33,1086.33,-0.01,8.05,8467.6,-1
2023-09-25,2023-09-25 11:50:00,1086.33,1086.33,1086.21,1086.21,-0.01,8.05,8467.6,-1
2023-09-25,2023-09-25 11:51:00,1086.21,1086.21,1086.09,1086.09,-0.01,8.05,8467.6,-1
2023-09-25,2023-09-25 11:52:00,1086.09,1086.09,1085.97,1085.97,-0.01,8.05,8467.6,-1
2023-09-25,2023-09-25 11:53:00,1085.97,1085.97,1085.86,1085.86,-0.01,8.05,8467.6,-1
2023-09-25,2023-09-25 11:54:00,1085.86,1085.86,1085.74,1085.74,-0.01,8.05,8467.6,-1
2023-09-25,2023-09-25 11:55:00,1085.74,1085.74,1085.62,1085.62,-0.01,8.05,8467.6,-1
2023-09-25,2023-09-25 11:56:00,1085.62,1085.62,1085.5,1085.5,-0.01,8.05,8467.6,-1
2023-09-25,2023-09-25 11:57:00,1085.5,1085.5,1085.38,1085.38,-0.01,8.05,8467.6,-1
2023-09-25,2023-09-25 11:58:00,1085.38,1085.38,1085.27,1085.27,-0.01,8.05,8467.6,-1
2023-09-25,2023-09-25 11:59:00,1085.27,1085.27,1085.15,1085.15,-0.01,8.05,8467.6,-1
2023-09-25,2023-09-25 12:00:00,1085.15,1085.15,1085.03,1085.03,-0.01,8.05,8467.6,-1
2023-09-25,2023-09-25 12:01:00,1085.03,1085.03,1084.91,1084.91,-0.01,8.05,8467.6,-1
2023-09-25,2023-09-25 12:02:00,1084.91,1084.91,1084.8,1084.8,-0.01,8.05,8467.6,-1
2023-09-25,2023-09-25 12:03:00,1084.8,1084.8,1084.68,1084.68,-0.01,8.05,8467.6,-1
2023-09-25,2023-09-25 12:04:00,1084.68,1084.68,1084.56,1084.56,-0.01,8.05,8467.6,-1
2023-09-25,2023-09-25 12:05:00,1084.56,1084.56,1084.44,1084.44,-0.01,8.05,8467.6,-1
2023-09-25,2023-09-25 12:06:00,1084.44,1084.44,1084.33,1084.33,-0.01,8.05,8467.6,-1
2023-09-25,2023-09-25 12:07:00,1084.33,1084.33,1084.21,1084.21,-0.01,8.05,8467.6,-1
2023-09-25,2023-09-25 12:08:00,1084.21,1084.21,1084.09,1084.09,-0.01,8.05,8467.6,-1
2023-09-25,2023-09-25 12:09:00,1084.09,1084.09,1083.98,1083.98,-0.01,8.05,8467.6,-1
2023-09-25,2023-09-25 12:10:00,1083.98,1083.98,1083.86,1083.86,-0.01,8.05,8467.6,-1
2023-09-25,2023-09-25 12:11:00,1083.86,1083.86,1083.74,1083.74,-0.01,8.05,8467.6,-1
2023-09-25,2023-09-25 12:12:00,1083.74,1083.74,1083.62,1083.62,-0.01,8.05,8467.6,-1
2023-09-25,2023-09-25 12:13:00,1083.62,1083.62,1083.51,1083.51,-0.01,8.05,8467.6,-1
2023-09-25,2023-09-25 12:14:00,1083.51,1083.51,1083.39,1083.39,-0.01,8.05,8467.6,-1
2023-09-25,2023-09-25 12:15:00,1083.39,1083.39,1083.27,1083.27,-0.01,8.05,8467.6,-1
2023-09-25,2023-09-25 12:16:00,1083.27,1083.27,1083.15,1083.15,-0.01,8.05,8467.6,-1
2023-09-25,2023-09-25 12:17:00,1083.15,1083.15,1083.04,1083.04,-0.01,8.05,8467.6,-1
2023-09-25,2023-09-25 12:18:00,1083.04,1083.04,1082.92,1082.92,-0.01,8.05,8467.6,-1
2023-09-25,2023-09-25 12:19:00,1082.92,1082.92,1082.8,1082.8,-0.01,8.05,8467.6,-1
2023-09-25,2023-09-25 12:20:00,1082.8,1082.8,1082.68,1082.68,-0.01,8.05,8467.6,-1
2023-09-25,2023-09-25 12:21:00,1082.68,1082.68,1082.57,1082.57,-0.01,8.05,8467.6,-1
2023-09-25,2023-09-25 12:22:00,1082.57,1082.57,1082.45,1082.45,-0.01,8.05,8467.6,-1
2023-09-25,2023-09-25 12:23:00,1082.45,1082.45,1082.33,1082.33,-0.01,8.05,8467.6,-1
2023-09-25,2023-09-25 12:24:00,1082.33,1082.33,1082.21,1082.21,-0.01,8.05,8467.6,-1
2023-09-25,2023-09-25 12:25:00,1082.21,1082.21,1082.1,1082.1,-0.01,8.05,8467.6,-1
2023-09-25,2023-09-25 12:26:00,1082.1,1082.1,1081.98,1081.98,-0.01,8.05,8467.6,-1
2023-09-25,2023-09-25 12:27:00,1081.98,1081.98,1081.86,1081.86,-0.01,8.05,8467.6,-1
2023-09-25,2023-09-25 12:28:00,1081.86,1081.86,1081.74,1081.74,-0.01,8.05,8467.6,-1
2023-09-25,2023-09-25 12:29:00,1081.74,1081.74,1081.62,1081.62,-0.01,8.05,8467.6,-1
2023-09-25,2023-09-25 12:30:00,1081.62,1081.62,1081.51,1081.51,-0.01,8.05,8467.6,-1
2023-09-25,2023-09-25 12:31:00,1081.51,1081.51,1081.39,1081.39,-0.01,8.05,8467.6,-1
2023-09-25,2023-09-25 12:32:00,1081.39,1081.39,1081.27,1081.27,-0.01,8.05,8467.6,-1
2023-09-25,2023-09-25 12:33:00,1081.27,1081.27,1081.15,1081.15,-0.01,8.05,8467.6,-1
2023-09-25,2023-09-25 12:34:00,1081.15,1081.15,1081.04,1081.04,-0.01,8.05,8467.6,-1
2023-09-25,2023-09-25 12:35:00,1081.04,1081.04,1080.92,1080.92,-0.01,8.05,8467.6,-1
2023-09-25,2023-09-25 12:36:00,1080.92,1080.92,1080.8,1080.8,-0.01,8.05,8467.6,-1
2023-09-25,2023-09-25 12:37:00,1080.8,1080.8,1080.68,1080.68,-0.01,8.05,8467.6,-1
2023-09-25,2023-09-25 12:38:00,1080.68,1080.68,1080.57,1080.57,-0.01,8.05,8467.6,-1
2023-09-25,2023-09-25 12:39:00,1080.57,1080.57,1080.45,1080.45,-0.01,8.05,8467.6,-1
2023-09-25,2023-09-25 12:40:00,1080.45,1080.45,1080.33,1080.33,-0.01,8.05,8467.6,-1
2023-09-25,2023-09-25 12:41:00,1080.33,1080.33,1080.21,1080.21,-0.01,8.05,8467.6,-1
2023-09-25,2023-09-25 12:42:00,1080.21,1080.21,1080.1,1080.1,-0.01,8.05,8467.6,-1
2023-09-25,2023-09-25 12:43:00,1080.1,1080.1,1079.98,1079.98,-0.01,8.05,8467.6,-1
2023-09-25,2023-09-25 12:44:00,1079.98,1079.98,1079.86,1079.86,-0.01,8.05,8467.6,-1
2023-09-25,2023-09-25 12:45:00,1079.86,1079.86,1079.75,1079.75,-0.01,8.05,8467.6,-1
2023-09-25,2023-09-25 12:46:00,1079.75,1079.75,1079.63,1079.63,-0.01,8.05,8467.6,-1
2023-09-25,2023-09-25 12:47:00,1079.63,1079.63,1079.51,1079.51,-0.01,8.05,8467.6,-1
2023-09-25,2023-09-25 12:48:00,1079.51,1079.51,1079.39,1079.39,-0.01,8.05,8467.6,-1
2023-09-25,2023-09-25 12:49:00,1079.39,1079.39,1079.28,1079.28,-0.01,8.05,8467.6,-1
2023-09-25,2023-09-25 12:50:00,1079.28,1079.28,1079.16,1079.16,-0.01,8.05,8467.6,-1
2023-09-25,2023-09-25 12:51:00,1079.16,1079.16,1079.04,1079.04,-0.01,8.05,8467.6,-1
2023-09-25,2023-09-25 12:52:00,1079.04,1079.04,1078.92,1078.92,-0.01,8.05,8467.6,-1
2023-09-25,2023-09-25 12:53:00,1078.92,1078.92,1078.81,1078.81,-0.01,8.05,8467.6,-1
2023-09-25,2023-09-25 12:54:00,1078.81,1078.81,1078.69,1078.69,-0.01,8.05,8467.6,-1
2023-09-25,2023-09-25 12:55:00,1078.69,1078.69,1078.57,1078.57,-0.01,8.05,8467.6,-1
2023-09-25,2023-09-25 12:56:00,1078.57,1078.57,1078.45,1078.45,-0.01,8.05,8467.6,-1
2023-09-25,2023-09-25 12:57:00,1078.45,1078.45,1078.34,1078.34,-0.01,8.05,8467.6,-1
2023-09-25,2023-09-25 12:58:00,1078.34,1078.34,1078.22,1078.22,-0.01,8.05,8467.6,-1
2023-09-25,2023-09-25 12:59:00,1078.22,1078.22,1078.1,1078.1,-0.01,8.05,8467.6,-1
2023-09-25,2023-09-25 13:00:00,1078.1,1092.2,1030.0,1077.98,-0.01,8.05,8467.6,-1
2023-09-25,2023-09-25 13:01:00,1077.98,1077.98,1077.87,1077.87,-0.01,8.05,8467.6,-1
2023-09-25,2023-09-25 13:02:00,1077.87,1077.87,1077.75,1077.75,-0.01,8.05,8467.6,-1
2023-09-25,2023-09-25 13:03:00,1077.75,1077.75,1077.63,1077.63,-0.01,8.05,8467.6,-1
2023-09-25,2023-09-25 13:04:00,1077.63,1077.63,1077.51,1077.51,-0.01,8.05,8467.6,-1
2023-09-25,2023-09-25 13:05:00,1077.51,1077.51,1077.39,1077.39,-0.01,8.05,8467.6,-1
2023-09-25,2023-09-25 13:06:00,1077.39,1077.39,1077.28,1077.28,-0.01,8.05,8467.6,-1
2023-09-25,2023-09-25 13:07:00,1077.28,1077.28,1077.16,1077.16,-0.01,8.05,8467.6,-1
2023-09-25,2023-09-25 13:08:00,1077.16,1077.16,1077.04,1077.04,-0.01,8.05,8467.6,-1
2023-09-25,2023-09-25 13:09:00,1077.04,1077.04,1076.92,1076.92,-0.01,8.05,8467.6,-1
2023-09-25,2023-09-25 13:10:00,1076.92,1076.92,1076.81,1076.81,-0.01,8.05,8467.6,-1
2023-09-25,2023-09-25 13:11:00,1076.81,1076.81,1076.69,1076.69,-0.01,8.05,8467.6,-1
2023-09-25,2023-09-25 13:12:00,1076.69,1076.69,1076.57,1076.57,-0.01,8.05,8467.6,-1
2023-09-25,2023-09-25 13:13:00,1076.57,1076.57,1076.45,1076.45,-0.01,8.05,8467.6,-1
2023-09-25,2023-09-25 13:14:00,1076.45,1076.45,1076.34,1076.34,-0.01,8.05,8467.6,-1
2023-09-25,2023-09-25 13:15:00,1076.34,1076.34,1076.22,1076.22,-0.01,8.05,8467.6,-1
2023-09-25,2023-09-25 13:16:00,1076.22,1076.22,1076.1,1076.1,-0.01,8.05,8467.6,-1
2023-09-25,2023-09-25 13:17:00,1076.1,1076.1,1075.99,1075.99,-0.01,8.05,8467.6,-1
2023-09-25,2023-09-25 13:18:00,1075.99,1075.99,1075.87,1075.87,-0.01,8.05,8467.6,-1
2023-09-25,2023-09-25 13:19:00,1075.87,1075.87,1075.75,1075.75,-0.01,8.05,8467.6,-1
2023-09-25,2023-09-25 13:20:00,1075.75,1075.75,1075.63,1075.63,-0.01,8.05,8467.6,-1
2023-09-25,2023-09-25 13:21:00,1075.63,1075.63,1075.52,1075.52,-0.01,8.05,8467.6,-1
2023-09-25,2023-09-25 13:22:00,1075.52,1075.52,1075.4,1075.4,-0.01,8.05,8467.6,-1
2023-09-25,2023-09-25 13:23:00,1075.4,1075.4,1075.28,1075.28,-0.01,8.05,8467.6,-1
2023-09-25,2023-09-25 13:24:00,1075.28,1075.28,1075.16,1075.16,-0.01,8.05,8467.6,-1
2023-09-25,2023-09-25 13:25:00,1075.16,1075.16,1075.05,1075.05,-0.01,8.05,8467.6,-1
2023-09-25,2023-09-25 13:26:00,1075.05,1075.05,1074.93,1074.93,-0.01,8.05,8467.6,-1
2023-09-25,2023-09-25 13:27:00,1074.93,1074.93,1074.81,1074.81,-0.01,8.05,8467.6,-1
2023-09-25,2023-09-25 13:28:00,1074.81,1074.81,1074.69,1074.69,-0.01,8.05,8467.6,-1
2023-09-25,2023-09-25 13:29:00,1074.69,1074.69,1074.58,1074.58,-0.01,8.05,8467.6,-1
2023-09-25,2023-09-25 13:30:00,1074.58,1074.58,1074.46,1074.46,-0.01,8.05,8467.6,-1
2023-09-25,2023-09-25 13:31:00,1074.46,1074.46,1074.34,1074.34,-0.01,8.05,8467.6,-1
2023-09-25,2023-09-25 13:32:00,1074.34,1074.34,1074.22,1074.22,-0.01,8.05,8467.6,-1
2023-09-25,2023-09-25 13:33:00,1074.22,1074.22,1074.11,1074.11,-0.01,8.05,8467.6,-1
2023-09-25,2023-09-25 13:34:00,1074.11,1074.11,1073.99,1073.99,-0.01,8.05,8467.6,-1
2023-09-25,2023-09-25 13:35:00,1073.99,1073.99,1073.87,1073.87,-0.01,8.05,8467.6,-1
2023-09-25,2023-09-25 13:36:00,1073.87,1073.87,1073.75,1073.75,-0.01,8.05,8467.6,-1
2023-09-25,2023-09-25 13:37:00,1073.75,1073.75,1073.63,1073.63,-0.01,8.05,8467.6,-1
2023-09-25,2023-09-25 13:38:00,1073.63,1073.63,1073.52,1073.52,-0.01,8.05,8467.6,-1
2023-09-25,2023-09-25 13:39:00,1073.52,1073.52,1073.4,1073.4,-0.01,8.05,8467.6,-1
2023-09-25,2023-09-25 13:40:00,1073.4,1073.4,1073.28,1073.28,-0.01,8.05,8467.6,-1
2023-09-25,2023-09-25 13:41:00,1073.28,1073.28,1073.16,1073.16,-0.01,8.05,8467.6,-1
2023-09-25,2023-09-25 13:42:00,1073.16,1073.16,1073.05,1073.05,-0.01,8.05,8467.6,-1
2023-09-25,2023-09-25 13:43:00,1073.05,1073.05,1072.93,1072.93,-0.01,8.05,8467.6,-1
2023-09-25,2023-09-25 13:44:00,1072.93,1072.93,1072.81,1072.81,-0.01,8.05,8467.6,-1
2023-09-25,2023-09-25 13:45:00,1072.81,1072.81,1072.69,1072.69,-0.01,8.05,8467.6,-1
2023-09-25,2023-09-25 13:46:00,1072.69,1072.69,1072.58,1072.58,-0.01,8.05,8467.6,-1
2023-09-25,2023-09-25 13:47:00,1072.58,1072.58,1072.46,1072.46,-0.01,8.05,8467.6,-1
2023-09-25,2023-09-25 13:48:00,1072.46,1072.46,1072.34,1072.34,-0.01,8.05,8467.6,-1
2023-09-25,2023-09-25 13:49:00,1072.34,1072.34,1072.22,1072.22,-0.01,8.05,8467.6,-1
2023-09-25,2023-09-25 13:50:00,1072.22,1072.22,1072.11,1072.11,-0.01,8.05,8467.6,-1
2023-09-25,2023-09-25 13:51:00,1072.11,1072.11,1071.99,1071.99,-0.01,8.05,8467.6,-1
2023-09-25,2023-09-25 13:52:00,1071.99,1071.99,1071.87,1071.87,-0.01,8.05,8467.6,-1
2023-09-25,2023-09-25 13:53:00,1071.87,1071.87,1071.76,1071.76,-0.01,8.05,8467.6,-1
2023-09-25,2023-09-25 13:54:00,1071.76,1071.76,1071.64,1071.64,-0.01,8.05,8467.6,-1
2023-09-25,2023-09-25 13:55:00,1071.64,1071.64,1071.52,1071.52,-0.01,8.05,8467.6,-1
2023-09-25,2023-09-25 13:56:00,1071.52,1071.52,1071.4,1071.4,-0.01,8.05,8467.6,-1
2023-09-25,2023-09-25 13:57:00,1071.4,1071.4,1071.29,1071.29,-0.01,8.05,8467.6,-1
2023-09-25,2023-09-25 13:58:00,1071.29,1071.29,1071.17,1071.17,-0.01,8.05,8467.6,-1
2023-09-25,2023-09-25 13:59:00,1071.17,1071.17,1071.05,1071.05,-0.01,8.05,8467.6,-1
2023-09-25,2023-09-25 14:00:00,1071.05,1071.05,1070.93,1070.93,-0.01,8.05,8467.6,-1
2023-09-25,2023-09-25 14:01:00,1070.93,1070.93,1070.82,1070.82,-0.01,8.05,8467.6,-1
2023-09-25,2023-09-25 14:02:00,1070.82,1070.82,1070.7,1070.7,-0.01,8.05,8467.6,-1
2023-09-25,2023-09-25 14:03:00,1070.7,1070.7,1070.58,1070.58,-0.01,8.05,8467.6,-1
2023-09-25,2023-09-25 14:04:00,1070.58,1070.58,1070.46,1070.46,-0.01,8.05,8467.6,-1
2023-09-25,2023-09-25 14:05:00,1070.46,1070.46,1070.35,1070.35,-0.01,8.05,8467.6,-1
2023-09-25,2023-09-25 14:06:00,1070.35,1070.35,1070.23,1070.23,-0.01,8.05,8467.6,-1
2023-09-25,2023-09-25 14:07:00,1070.23,1070.23,1070.11,1070.11,-0.01,8.05,8467.6,-1
2023-09-25,2023-09-25 14:08:00,1070.11,1070.11,1069.99,1069.99,-0.01,8.05,8467.6,-1
2023-09-25,2023-09-25 14:09:00,1069.99,1069.99,1069.88,1069.88,-0.01,8.05,8467.6,-1
2023-09-25,2023-09-25 14:10:00,1069.88,1069.88,1069.76,1069.76,-0.01,8.05,8467.6,-1
2023-09-25,2023-09-25 14:11:00,1069.76,1069.76,1069.64,1069.64,-0.01,8.05,8467.6,-1
2023-09-25,2023-09-25 14:12:00,1069.64,1069.64,1069.52,1069.52,-0.01,8.05,8467.6,-1
2023-09-25,2023-09-25 14:13:00,1069.52,1069.52,1069.4,1069.4,-0.01,8.05,8467.6,-1
2023-09-25,2023-09-25 14:14:00,1069.4,1069.4,1069.29,1069.29,-0.01,8.05,8467.6,-1
2023-09-25,2023-09-25 14:15:00,1069.29,1069.29,1069.17,1069.17,-0.01,8.05,8467.6,-1
2023-09-25,2023-09-25 14:16:00,1069.17,1069.17,1069.05,1069.05,-0.01,8.05,8467.6,-1
2023-09-25,2023-09-25 14:17:00,1069.05,1069.05,1068.93,1068.93,-0.01,8.05,8467.6,-1
2023-09-25,2023-09-25 14:18:00,1068.93,1068.93,1068.82,1068.82,-0.01,8.05,8467.6,-1
2023-09-25,2023-09-25 14:19:00,1068.82,1068.82,1068.7,1068.7,-0.01,8.05,8467.6,-1
2023-09-25,2023-09-25 14:20:00,1068.7,1068.7,1068.58,1068.58,-0.01,8.05,8467.6,-1
2023-09-25,2023-09-25 14:21:00,1068.58,1068.58,1068.46,1068.46,-0.01,8.05,8467.6,-1
2023-09-25,2023-09-25 14:22:00,1068.46,1068.46,1068.35,1068.35,-0.01,8.05,8467.6,-1
2023-09-25,2023-09-25 14:23:00,1068.35,1068.35,1068.23,1068.23,-0.01,8.05,8467.6,-1
2023-09-25,2023-09-25 14:24:00,1068.23,1068.23,1068.11,1068.11,-0.01,8.05,8467.6,-1
2023-09-25,2023-09-25 14:25:00,1068.11,1068.11,1068.0,1068.0,-0.01,8.05,8467.6,-1
2023-09-25,2023-09-25 14:26:00,1068.0,1068.0,1067.88,1067.88,-0.01,8.05,8467.6,-1
2023-09-25,2023-09-25 14:27:00,1067.88,1067.88,1067.76,1067.76,-0.01,8.05,8467.6,-1
2023-09-25,2023-09-25 14:28:00,1067.76,1067.76,1067.64,1067.64,-0.01,8.05,8467.6,-1
2023-09-25,2023-09-25 14:29:00,1067.64,1067.64,1067.53,1067.53,-0.01,8.05,8467.6,-1
2023-09-25,2023-09-25 14:30:00,1067.53,1067.53,1067.41,1067.41,-0.01,8.05,8467.6,-1
2023-09-25,2023-09-25 14:31:00,1067.41,1067.41,1067.29,1067.29,-0.01,8.05,8467.6,-1
2023-09-25,2023-09-25 14:32:00,1067.29,1067.29,1067.17,1067.17,-0.01,8.05,8467.6,-1
2023-09-25,2023-09-25 14:33:00,1067.17,1067.17,1067.06,1067.06,-0.01,8.05,8467.6,-1
2023-09-25,2023-09-25 14:34:00,1067.06,1067.06,1066.94,1066.94,-0.01,8.05,8467.6,-1
2023-09-25,2023-09-25 14:35:00,1066.94,1066.94,1066.82,1066.82,-0.01,8.05,8467.6,-1
2023-09-25,2023-09-25 14:36:00,1066.82,1066.82,1066.7,1066.7,-0.01,8.05,8467.6,-1
2023-09-25,2023-09-25 14:37:00,1066.7,1066.7,1066.59,1066.59,-0.01,8.05,8467.6,-1
2023-09-25,2023-09-25 14:38:00,1066.59,1066.59,1066.47,1066.47,-0.01,8.05,8467.6,-1
2023-09-25,2023-09-25 14:39:00,1066.47,1066.47,1066.35,1066.35,-0.01,8.05,8467.6,-1
2023-09-25,2023-09-25 14:40:00,1066.35,1066.35,1066.23,1066.23,-0.01,8.05,8467.6,-1
2023-09-25,2023-09-25 14:41:00,1066.23,1066.23,1066.12,1066.12,-0.01,8.05,8467.6,-1
2023-09-25,2023-09-25 14:42:00,1066.12,1066.12,1066.0,1066.0,-0.01,8.05,8467.6,-1
2023-09-25,2023-09-25 14:43:00,1066.0,1066.0,1065.88,1065.88,-0.01,8.05,8467.6,-1
2023-09-25,2023-09-25 14:44:00,1065.88,1065.88,1065.76,1065.76,-0.01,8.05,8467.6,-1
2023-09-25,2023-09-25 14:45:00,1065.76,1065.76,1065.64,1065.64,-0.01,8.05,8467.6,-1
2023-09-25,2023-09-25 14:46:00,1065.64,1065.64,1065.53,1065.53,-0.01,8.05,8467.6,-1
2023-09-25,2023-09-25 14:47:00,1065.53,1065.53,1065.41,1065.41,-0.01,8.05,8467.6,-1
2023-09-25,2023-09-25 14:48:00,1065.41,1065.41,1065.29,1065.29,-0.01,8.05,8467.6,-1
2023-09-25,2023-09-25 14:49:00,1065.29,1065.29,1065.17,1065.17,-0.01,8.05,8467.6,-1
2023-09-25,2023-09-25 14:50:00,1065.17,1065.17,1065.06,1065.06,-0.01,8.05,8467.6,-1
2023-09-25,2023-09-25 14:51:00,1065.06,1065.06,1064.94,1064.94,-0.01,8.05,8467.6,-1
2023-09-25,2023-09-25 14:52:00,1064.94,1064.94,1064.82,1064.82,-0.01,8.05,8467.6,-1
2023-09-25,2023-09-25 14:53:00,1064.82,1064.82,1064.7,1064.7,-0.01,8.05,8467.6,-1
2023-09-25,2023-09-25 14:54:00,1064.7,1064.7,1064.59,1064.59,-0.01,8.05,8467.6,-1
2023-09-25,2023-09-25 14:55:00,1064.59,1064.59,1064.47,1064.47,-0.01,8.05,8467.6,-1
2023-09-25,2023-09-25 14:56:00,1064.47,1064.47,1064.35,1064.35,-0.01,8.05,8467.6,-1
2023-09-25,2023-09-25 14:57:00,1064.35,1064.35,1064.23,1064.23,-0.01,8.05,8467.6,-1
2023-09-25,2023-09-25 14:58:00,1064.23,1064.23,1064.12,1064.12,-0.01,8.05,8467.6,-1
2023-09-25,2023-09-25 14:59:00,1064.12,1064.12,1064.0,1064.0,-0.01,8.05,8467.6,-1
2023-09-25,2023-09-25 15:00:00,1064.0,1092.2,1030.0,1064.0,0.0,8.05,8467.6,0
2023-09-26,2023-09-26 11:00:00,1042.8,1068.9,1037.76,1042.91,0.01,11.22,12107.08,1
2023-09-26,2023-09-26 11:01:00,1042.91,1043.03,1042.91,1043.03,0.01,11.22,12107.08,1
2023-09-26,2023-09-26 11:02:00,1043.03,1043.14,1043.03,1043.14,0.01,11.22,12107.08,1
2023-09-26,2023-09-26 11:03:00,1043.14,1043.25,1043.14,1043.25,0.01,11.22,12107.08,1
2023-09-26,2023-09-26 11:04:00,1043.25,1043.37,1043.25,1043.37,0.01,11.22,12107.08,1
2023-09-26,2023-09-26 11:05:00,1043.37,1043.48,1043.37,1043.48,0.01,11.22,12107.08,1
2023-09-26,2023-09-26 11:06:00,1043.48,1043.6,1043.48,1043.6,0.01,11.22,12107.08,1
2023-09-26,2023-09-26 11:07:00,1043.6,1043.71,1043.6,1043.71,0.01,11.22,12107.08,1
2023-09-26,2023-09-26 11:08:00,1043.71,1043.82,1043.71,1043.82,0.01,11.22,12107.08,1
2023-09-26,2023-09-26 11:09:00,1043.82,1043.94,1043.82,1043.94,0.01,11.22,12107.08,1
2023-09-26,2023-09-26 11:10:00,1043.94,1044.05,1043.94,1044.05,0.01,11.22,12107.08,1
2023-09-26,2023-09-26 11:11:00,1044.05,1044.16,1044.05,1044.16,0.01,11.22,12107.08,1
2023-09-26,2023-09-26 11:12:00,1044.16,1044.28,1044.16,1044.28,0.01,11.22,12107.08,1
2023-09-26,2023-09-26 11:13:00,1044.28,1044.39,1044.28,1044.39,0.01,11.22,12107.08,1
2023-09-26,2023-09-26 11:14:00,1044.39,1044.51,1044.39,1044.51,0.01,11.22,12107.08,1
2023-09-26,2023-09-26 11:15:00,1044.51,1044.62,1044.51,1044.62,0.01,11.22,12107.08,1
2023-09-26,2023-09-26 11:16:00,1044.62,1044.73,1044.62,1044.73,0.01,11.22,12107.08,1
2023-09-26,2023-09-26 11:17:00,1044.73,1044.85,1044.73,1044.85,0.01,11.22,12107.08,1
2023-09-26,2023-09-26 11:18:00,1044.85,1044.96,1044.85,1044.96,0.01,11.22,12107.08,1
2023-09-26,2023-09-26 11:19:00,1044.96,1045.08,1044.96,1045.08,0.01,11.22,12107.08,1
2023-09-26,2023-09-26 11:20:00,1045.08,1045.19,1045.08,1045.19,0.01,11.22,12107.08,1
2023-09-26,2023-09-26 11:21:00,1045.19,1045.3,1045.19,1045.3,0.01,11.22,12107.08,1
2023-09-26,2023-09-26 11:22:00,1045.3,1045.42,1045.3,1045.42,0.01,11.22,12107.08,1
2023-09-26,2023-09-26 11:23:00,1045.42,1045.53,1045.42,1045.53,0.01,11.22,12107.08,1
2023-09-26,2023-09-26 11:24:00,1045.53,1045.64,1045.53,1045.64,0.01,11.22,12107.08,1
2023-09-26,2023-09-26 11:25:00,1045.64,1045.76,1045.64,1045.76,0.01,11.22,12107.08,1
2023-09-26,2023-09-26 11:26:00,1045.76,1045.87,1045.76,1045.87,0.01,11.22,12107.08,1
2023-09-26,2023-09-26 11:27:00,1045.87,1045.98,1045.87,1045.98,0.01,11.22,12107.08,1
2023-09-26,2023-09-26 11:28:00,1045.98,1046.1,1045.98,1046.1,0.01,11.22,12107.08,1
2023-09-26,2023-09-26 11:29:00,1046.1,1046.21,1046.1,1046.21,0.01,11.22,12107.08,1
2023-09-26,2023-09-26 11:30:00,1046.21,1046.33,1046.21,1046.33,0.01,11.22,12107.08,1
2023-09-26,2023-09-26 11:31:00,1046.33,1046.44,1046.33,1046.44,0.01,11.22,12107.08,1
2023-09-26,2023-09-26 11:32:00,1046.44,1046.55,1046.44,1046.55,0.01,11.22,12107.08,1
2023-09-26,2023-09-26 11:33:00,1046.55,1046.67,1046.55,1046.67,0.01,11.22,12107.08,1
2023-09-26,2023-09-26 11:34:00,1046.67,1046.78,1046.67,1046.78,0.01,11.22,12107.08,1
2023-09-26,2023-09-26 11:35:00,1046.78,1046.89,1046.78,1046.89,0.01,11.22,12107.08,1
2023-09-26,2023-09-26 11:36:00,1046.89,1047.01,1046.89,1047.01,0.01,11.22,12107.08,1
2023-09-26,2023-09-26 11:37:00,1047.01,1047.12,1047.01,1047.12,0.01,11.22,12107.08,1
2023-09-26,2023-09-26 11:38:00,1047.12,1047.24,1047.12,1047.24,0.01,11.22,12107.08,1
2023-09-26,2023-09-26 11:39:00,1047.24,1047.35,1047.24,1047.35,0.01,11.22,12107.08,1
2023-09-26,2023-09-26 11:40:00,1047.35,1047.46,1047.35,1047.46,0.01,11.22,12107.08,1
2023-09-26,2023-09-26 11:41:00,1047.46,1047.58,1047.46,1047.58,0.01,11.22,12107.08,1
2023-09-26,2023-09-26 11:42:00,1047.58,1047.69,1047.58,1047.69,0.01,11.22,12107.08,1
2023-09-26,2023-09-26 11:43:00,1047.69,1047.8,1047.69,1047.8,0.01,11.22,12107.08,1
2023-09-26,2023-09-26 11:44:00,1047.8,1047.92,1047.8,1047.92,0.01,11.22,12107.08,1
2023-09-26,2023-09-26 11:45:00,1047.92,1048.03,1047.92,1048.03,0.01,11.22,12107.08,1
2023-09-26,2023-09-26 11:46:00,1048.03,1048.15,1048.03,1048.15,0.01,11.22,12107.08,1
2023-09-26,2023-09-26 11:47:00,1048.15,1048.26,1048.15,1048.26,0.01,11.22,12107.08,1
2023-09-26,2023-09-26 11:48:00,1048.26,1048.37,1048.26,1048.37,0.01,11.22,12107.08,1
2023-09-26,2023-09-26 11:49:00,1048.37,1048.49,1048.37,1048.49,0.01,11.22,12107.08,1
2023-09-26,2023-09-26 11:50:00,1048.49,1048.6,1048.49,1048.6,0.01,11.22,12107.08,1
2023-09-26,2023-09-26 11:51:00,1048.6,1048.71,1048.6,1048.71,0.01,11.22,12107.08,1
2023-09-26,2023-09-26 11:52:00,1048.71,1048.83,1048.71,1048.83,0.01,11.22,12107.08,1
2023-09-26,2023-09-26 11:53:00,1048.83,1048.94,1048.83,1048.94,0.01,11.22,12107.08,1
2023-09-26,2023-09-26 11:54:00,1048.94,1049.06,1048.94,1049.06,0.01,11.22,12107.08,1
2023-09-26,2023-09-26 11:55:00,1049.06,1049.17,1049.06,1049.17,0.01,11.22,12107.08,1
2023-09-26,2023-09-26 11:56:00,1049.17,1049.28,1049.17,1049.28,0.01,11.22,12107.08,1
2023-09-26,2023-09-26 11:57:00,1049.28,1049.4,1049.28,1049.4,0.01,11.22,12107.08,1
2023-09-26,2023-09-26 11:58:00,1049.4,1049.51,1049.4,1049.51,0.01,11.22,12107.08,1
2023-09-26,2023-09-26 11:59:00,1049.51,1049.62,1049.51,1049.62,0.01,11.22,12107.08,1
2023-09-26,2023-09-26 12:00:00,1049.62,1049.74,1049.62,1049.74,0.01,11.22,12107.08,1
2023-09-26,2023-09-26 12:01:00,1049.74,1049.85,1049.74,1049.85,0.01,11.22,12107.08,1
2023-09-26,2023-09-26 12:02:00,1049.85,1049.97,1049.85,1049.97,0.01,11.22,12107.08,1
2023-09-26,2023-09-26 12:03:00,1049.97,1050.08,1049.97,1050.08,0.01,11.22,12107.08,1
2023-09-26,2023-09-26 12:04:00,1050.08,1050.19,1050.08,1050.19,0.01,11.22,12107.08,1
2023-09-26,2023-09-26 12:05:00,1050.19,1050.31,1050.19,1050.31,0.01,11.22,12107.08,1
2023-09-26,2023-09-26 12:06:00,1050.31,1050.42,1050.31,1050.42,0.01,11.22,12107.08,1
2023-09-26,2023-09-26 12:07:00,1050.42,1050.53,1050.42,1050.53,0.01,11.22,12107.08,1
2023-09-26,2023-09-26 12:08:00,1050.53,1050.65,1050.53,1050.65,0.01,11.22,12107.08,1
2023-09-26,2023-09-26 12:09:00,1050.65,1050.76,1050.65,1050.76,0.01,11.22,12107.08,1
2023-09-26,2023-09-26 12:10:00,1050.76,1050.88,1050.76,1050.88,0.01,11.22,12107.08,1
2023-09-26,2023-09-26 12:11:00,1050.88,1050.99,1050.88,1050.99,0.01,11.22,12107.08,1
2023-09-26,2023-09-26 12:12:00,1050.99,1051.1,1050.99,1051.1,0.01,11.22,12107.08,1
2023-09-26,2023-09-26 12:13:00,1051.1,1051.22,1051.1,1051.22,0.01,11.22,12107.08,1
2023-09-26,2023-09-26 12:14:00,1051.22,1051.33,1051.22,1051.33,0.01,11.22,12107.08,1
2023-09-26,2023-09-26 12:15:00,1051.33,1051.44,1051.33,1051.44,0.01,11.22,12107.08,1
2023-09-26,2023-09-26 12:16:00,1051.44,1051.56,1051.44,1051.56,0.01,11.22,12107.08,1
2023-09-26,2023-09-26 12:17:00,1051.56,1051.67,1051.56,1051.67,0.01,11.22,12107.08,1
2023-09-26,2023-09-26 12:18:00,1051.67,1051.79,1051.67,1051.79,0.01,11.22,12107.08,1
2023-09-26,2023-09-26 12:19:00,1051.79,1051.9,1051.79,1051.9,0.01,11.22,12107.08,1
2023-09-26,2023-09-26 12:20:00,1051.9,1052.01,1051.9,1052.01,0.01,11.22,12107.08,1
2023-09-26,2023-09-26 12:21:00,1052.01,1052.13,1052.01,1052.13,0.01,11.22,12107.08,1
2023-09-26,2023-09-26 12:22:00,1052.13,1052.24,1052.13,1052.24,0.01,11.22,12107.08,1
2023-09-26,2023-09-26 12:23:00,1052.24,1052.36,1052.24,1052.36,0.01,11.22,12107.08,1
2023-09-26,2023-09-26 12:24:00,1052.36,1052.47,1052.36,1052.47,0.01,11.22,12107.08,1
2023-09-26,2023-09-26 12:25:00,1052.47,1052.58,1052.47,1052.58,0.01,11.22,12107.08,1
2023-09-26,2023-09-26 12:26:00,1052.58,1052.7,1052.58,1052.7,0.01,11.22,12107.08,1
2023-09-26,2023-09-26 12:27:00,1052.7,1052.81,1052.7,1052.81,0.01,11.22,12107.08,1
2023-09-26,2023-09-26 12:28:00,1052.81,1052.92,1052.81,1052.92,0.01,11.22,12107.08,1
2023-09-26,2023-09-26 12:29:00,1052.92,1053.04,1052.92,1053.04,0.01,11.22,12107.08,1
2023-09-26,2023-09-26 12:30:00,1053.04,1053.15,1053.04,1053.15,0.01,11.22,12107.08,1
2023-09-26,2023-09-26 12:31:00,1053.15,1053.26,1053.15,1053.26,0.01,11.22,12107.08,1
2023-09-26,2023-09-26 12:32:00,1053.26,1053.38,1053.26,1053.38,0.01,11.22,12107.08,1
2023-09-26,2023-09-26 12:33:00,1053.38,1053.49,1053.38,1053.49,0.01,11.22,12107.08,1
2023-09-26,2023-09-26 12:34:00,1053.49,1053.61,1053.49,1053.61,0.01,11.22,12107.08,1
2023-09-26,2023-09-26 12:35:00,1053.61,1053.72,1053.61,1053.72,0.01,11.22,12107.08,1
2023-09-26,2023-09-26 12:36:00,1053.72,1053.83,1053.72,1053.83,0.01,11.22,12107.08,1
2023-09-26,2023-09-26 12:37:00,1053.83,1053.95,1053.83,1053.95,0.01,11.22,12107.08,1
2023-09-26,2023-09-26 12:38:00,1053.95,1054.06,1053.95,1054.06,0.01,11.22,12107.08,1
2023-09-26,2023-09-26 12:39:00,1054.06,1054.17,1054.06,1054.17,0.01,11.22,12107.08,1
2023-09-26,2023-09-26 12:40:00,1054.17,1054.29,1054.17,1054.29,0.01,11.22,12107.08,1
2023-09-26,2023-09-26 12:41:00,1054.29,1054.4,1054.29,1054.4,0.01,11.22,12107.08,1
2023-09-26,2023-09-26 12:42:00,1054.4,1054.52,1054.4,1054.52,0.01,11.22,12107.08,1
2023-09-26,2023-09-26 12:43:00,1054.52,1054.63,1054.52,1054.63,0.01,11.22,12107.08,1
2023-09-26,2023-09-26 12:44:00,1054.63,1054.74,1054.63,1054.74,0.01,11.22,12107.08,1
2023-09-26,2023-09-26 12:45:00,1054.74,1054.86,1054.74,1054.86,0.01,11.22,12107.08,1
2023-09-26,2023-09-26 12:46:00,1054.86,1054.97,1054.86,1054.97,0.01,11.22,12107.08,1
2023-09-26,2023-09-26 12:47:00,1054.97,1055.09,1054.97,1055.09,0.01,11.22,12107.08,1
2023-09-26,2023-09-26 12:48:00,1055.09,1055.2,1055.09,1055.2,0.01,11.22,12107.08,1
2023-09-26,2023-09-26 12:49:00,1055.2,1055.31,1055.2,1055.31,0.01,11.22,12107.08,1
2023-09-26,2023-09-26 12:50:00,1055.31,1055.43,1055.31,1055.43,0.01,11.22,12107.08,1
2023-09-26,2023-09-26 12:51:00,1055.43,1055.54,1055.43,1055.54,0.01,11.22,12107.08,1
2023-09-26,2023-09-26 12:52:00,1055.54,1055.65,1055.54,1055.65,0.01,11.22,12107.08,1
2023-09-26,2023-09-26 12:53:00,1055.65,1055.77,1055.65,1055.77,0.01,11.22,12107.08,1
2023-09-26,2023-09-26 12:54:00,1055.77,1055.88,1055.77,1055.88,0.01,11.22,12107.08,1
2023-09-26,2023-09-26 12:55:00,1055.88,1055.99,1055.88,1055.99,0.01,11.22,12107.08,1
2023-09-26,2023-09-26 12:56:00,1055.99,1056.11,1055.99,1056.11,0.01,11.22,12107.08,1
2023-09-26,2023-09-26 12:57:00,1056.11,1056.22,1056.11,1056.22,0.01,11.22,12107.08,1
2023-09-26,2023-09-26 12:58:00,1056.22,1056.34,1056.22,1056.34,0.01,11.22,12107.08,1
2023-09-26,2023-09-26 12:59:00,1056.34,1056.45,1056.34,1056.45,0.01,11.22,12107.08,1
2023-09-26,2023-09-26 13:00:00,1056.45,1129.8,1026.0,1056.56,0.01,11.22,12107.08,1
2023-09-26,2023-09-26 13:01:00,1056.56,1056.68,1056.56,1056.68,0.01,11.22,12107.08,1
2023-09-26,2023-09-26 13:02:00,1056.68,1056.79,1056.68,1056.79,0.01,11.22,12107.08,1
2023-09-26,2023-09-26 13:03:00,1056.79,1056.9,1056.79,1056.9,0.01,11.22,12107.08,1
2023-09-26,2023-09-26 13:04:00,1056.9,1057.02,1056.9,1057.02,0.01,11.22,12107.08,1
2023-09-26,2023-09-26 13:05:00,1057.02,1057.13,1057.02,1057.13,0.01,11.22,12107.08,1
2023-09-26,2023-09-26 13:06:00,1057.13,1057.25,1057.13,1057.25,0.01,11.22,12107.08,1
2023-09-26,2023-09-26 13:07:00,1057.25,1057.36,1057.25,1057.36,0.01,11.22,12107.08,1
2023-09-26,2023-09-26 13:08:00,1057.36,1057.47,1057.36,1057.47,0.01,11.22,12107.08,1
2023-09-26,2023-09-26 13:09:00,1057.47,1057.59,1057.47,1057.59,0.01,11.22,12107.08,1
2023-09-26,2023-09-26 13:10:00,1057.59,1057.7,1057.59,1057.7,0.01,11.22,12107.08,1
2023-09-26,2023-09-26 13:11:00,1057.7,1057.81,1057.7,1057.81,0.01,11.22,12107.08,1
2023-09-26,2023-09-26 13:12:00,1057.81,1057.93,1057.81,1057.93,0.01,11.22,12107.08,1
2023-09-26,2023-09-26 13:13:00,1057.93,1058.04,1057.93,1058.04,0.01,11.22,12107.08,1
2023-09-26,2023-09-26 13:14:00,1058.04,1058.16,1058.04,1058.16,0.01,11.22,12107.08,1
2023-09-26,2023-09-26 13:15:00,1058.16,1058.27,1058.16,1058.27,0.01,11.22,12107.08,1
2023-09-26,2023-09-26 13:16:00,1058.27,1058.38,1058.27,1058.38,0.01,11.22,12107.08,1
2023-09-26,2023-09-26 13:17:00,1058.38,1058.5,1058.38,1058.5,0.01,11.22,12107.08,1
2023-09-26,2023-09-26 13:18:00,1058.5,1058.61,1058.5,1058.61,0.01,11.22,12107.08,1
2023-09-26,2023-09-26 13:19:00,1058.61,1058.72,1058.61,1058.72,0.01,11.22,12107.08,1
2023-09-26,2023-09-26 13:20:00,1058.72,1058.84,1058.72,1058.84,0.01,11.22,12107.08,1
2023-09-26,2023-09-26 13:21:00,1058.84,1058.95,1058.84,1058.95,0.01,11.22,12107.08,1
2023-09-26,2023-09-26 13:22:00,1058.95,1059.07,1058.95,1059.07,0.01,11.22,12107.08,1
2023-09-26,2023-09-26 13:23:00,1059.07,1059.18,1059.07,1059.18,0.01,11.22,12107.08,1
2023-09-26,2023-09-26 13:24:00,1059.18,1059.29,1059.18,1059.29,0.01,11.22,12107.08,1
2023-09-26,2023-09-26 13:25:00,1059.29,1059.41,1059.29,1059.41,0.01,11.22,12107.08,1
2023-09-26,2023-09-26 13:26:00,1059.41,1059.52,1059.41,1059.52,0.01,11.22,12107.08,1
2023-09-26,2023-09-26 13:27:00,1059.52,1059.63,1059.52,1059.63,0.01,11.22,12107.08,1
2023-09-26,2023-09-26 13:28:00,1059.63,1059.75,1059.63,1059.75,0.01,11.22,12107.08,1
2023-09-26,2023-09-26 13:29:00,1059.75,1059.86,1059.75,1059.86,0.01,11.22,12107.08,1
2023-09-26,2023-09-26 13:30:00,1059.86,1059.98,1059.86,1059.98,0.01,11.22,12107.08,1
2023-09-26,2023-09-26 13:31:00,1059.98,1060.09,1059.98,1060.09,0.01,11.22,12107.08,1
2023-09-26,2023-09-26 13:32:00,1060.09,1060.2,1060.09,1060.2,0.01,11.22,12107.08,1
2023-09-26,2023-09-26 13:33:00,1060.2,1060.32,1060.2,1060.32,0.01,11.22,12107.08,1
2023-09-26,2023-09-26 13:34:00,1060.32,1060.43,1060.32,1060.43,0.01,11.22,12107.08,1
2023-09-26,2023-09-26 13:35:00,1060.43,1060.54,1060.43,1060.54,0.01,11.22,12107.08,1
2023-09-26,2023-09-26 13:36:00,1060.54,1060.66,1060.54,1060.66,0.01,11.22,12107.08,1
2023-09-26,2023-09-26 13:37:00,1060.66,1060.77,1060.66,1060.77,0.01,11.22,12107.08,1
2023-09-26,2023-09-26 13:38:00,1060.77,1060.89,1060.77,1060.89,0.01,11.22,12107.08,1
2023-09-26,2023-09-26 13:39:00,1060.89,1061.0,1060.89,1061.0,0.01,11.22,12107.08,1
2023-09-26,2023-09-26 13:40:00,1061.0,1061.11,1061.0,1061.11,0.01,11.22,12107.08,1
2023-09-26,2023-09-26 13:41:00,1061.11,1061.23,1061.11,1061.23,0.01,11.22,12107.08,1
2023-09-26,2023-09-26 13:42:00,1061.23,1061.34,1061.23,1061.34,0.01,11.22,12107.08,1
2023-09-26,2023-09-26 13:43:00,1061.34,1061.45,1061.34,1061.45,0.01,11.22,12107.08,1
2023-09-26,2023-09-26 13:44:00,1061.45,1061.57,1061.45,1061.57,0.01,11.22,12107.08,1
2023-09-26,2023-09-26 13:45:00,1061.57,1061.68,1061.57,1061.68,0.01,11.22,12107.08,1
2023-09-26,2023-09-26 13:46:00,1061.68,1061.8,1061.68,1061.8,0.01,11.22,12107.08,1
2023-09-26,2023-09-26 13:47:00,1061.8,1061.91,1061.8,1061.91,0.01,11.22,12107.08,1
2023-09-26,2023-09-26 13:48:00,1061.91,1062.02,1061.91,1062.02,0.01,11.22,12107.08,1
2023-09-26,2023-09-26 13:49:00,1062.02,1062.14,1062.02,1062.14,0.01,11.22,12107.08,1
2023-09-26,2023-09-26 13:50:00,1062.14,1062.25,1062.14,1062.25,0.01,11.22,12107.08,1
2023-09-26,2023-09-26 13:51:00,1062.25,1062.37,1062.25,1062.37,0.01,11.22,12107.08,1
2023-09-26,2023-09-26 13:52:00,1062.37,1062.48,1062.37,1062.48,0.01,11.22,12107.08,1
2023-09-26,2023-09-26 13:53:00,1062.48,1062.59,1062.48,1062.59,0.01,11.22,12107.08,1
2023-09-26,2023-09-26 13:54:00,1062.59,1062.71,1062.59,1062.71,0.01,11.22,12107.08,1
2023-09-26,2023-09-26 13:55:00,1062.71,1062.82,1062.71,1062.82,0.01,11.22,12107.08,1
2023-09-26,2023-09-26 13:56:00,1062.82,1062.93,1062.82,1062.93,0.01,11.22,12107.08,1
2023-09-26,2023-09-26 13:57:00,1062.93,1063.05,1062.93,1063.05,0.01,11.22,12107.08,1
2023-09-26,2023-09-26 13:58:00,1063.05,1063.16,1063.05,1063.16,0.01,11.22,12107.08,1
2023-09-26,2023-09-26 13:59:00,1063.16,1063.27,1063.16,1063.27,0.01,11.22,12107.08,1
2023-09-26,2023-09-26 14:00:00,1063.27,1063.39,1063.27,1063.39,0.01,11.22,12107.08,1
2023-09-26,2023-09-26 14:01:00,1063.39,1063.5,1063.39,1063.5,0.01,11.22,12107.08,1
2023-09-26,2023-09-26 14:02:00,1063.5,1063.62,1063.5,1063.62,0.01,11.22,12107.08,1
2023-09-26,2023-09-26 14:03:00,1063.62,1063.73,1063.62,1063.73,0.01,11.22,12107.08,1
2023-09-26,2023-09-26 14:04:00,1063.73,1063.84,1063.73,1063.84,0.01,11.22,12107.08,1
2023-09-26,2023-09-26 14:05:00,1063.84,1063.96,1063.84,1063.96,0.01,11.22,12107.08,1
2023-09-26,2023-09-26 14:06:00,1063.96,1064.07,1063.96,1064.07,0.01,11.22,12107.08,1
2023-09-26,2023-09-26 14:07:00,1064.07,1064.18,1064.07,1064.18,0.01,11.22,12107.08,1
2023-09-26,2023-09-26 14:08:00,1064.18,1064.3,1064.18,1064.3,0.01,11.22,12107.08,1
2023-09-26,2023-09-26 14:09:00,1064.3,1064.41,1064.3,1064.41,0.01,11.22,12107.08,1
2023-09-26,2023-09-26 14:10:00,1064.41,1064.53,1064.41,1064.53,0.01,11.22,12107.08,1
2023-09-26,2023-09-26 14:11:00,1064.53,1064.64,1064.53,1064.64,0.01,11.22,12107.08,1
2023-09-26,2023-09-26 14:12:00,1064.64,1064.75,1064.64,1064.75,0.01,11.22,12107.08,1
2023-09-26,2023-09-26 14:13:00,1064.75,1064.87,1064.75,1064.87,0.01,11.22,12107.08,1
2023-09-26,2023-09-26 14:14:00,1064.87,1064.98,1064.87,1064.98,0.01,11.22,12107.08,1
2023-09-26,2023-09-26 14:15:00,1064.98,1065.1,1064.98,1065.1,0.01,11.22,12107.08,1
2023-09-26,2023-09-26 14:16:00,1065.1,1065.21,1065.1,1065.21,0.01,11.22,12107.08,1
2023-09-26,2023-09-26 14:17:00,1065.21,1065.32,1065.21,1065.32,0.01,11.22,12107.08,1
2023-09-26,2023-09-26 14:18:00,1065.32,1065.44,1065.32,1065.44,0.01,11.22,12107.08,1
2023-09-26,2023-09-26 14:19:00,1065.44,1065.55,1065.44,1065.55,0.01,11.22,12107.08,1
2023-09-26,2023-09-26 14:20:00,1065.55,1065.66,1065.55,1065.66,0.01,11.22,12107.08,1
2023-09-26,2023-09-26 14:21:00,1065.66,1065.78,1065.66,1065.78,0.01,11.22,12107.08,1
2023-09-26,2023-09-26 14:22:00,1065.78,1065.89,1065.78,1065.89,0.01,11.22,12107.08,1
2023-09-26,2023-09-26 14:23:00,1065.89,1066.0,1065.89,1066.0,0.01,11.22,12107.08,1
2023-09-26,2023-09-26 14:24:00,1066.0,1066.12,1066.0,1066.12,0.01,11.22,12107.08,1
2023-09-26,2023-09-26 14:25:00,1066.12,1066.23,1066.12,1066.23,0.01,11.22,12107.08,1
2023-09-26,2023-09-26 14:26:00,1066.23,1066.35,1066.23,1066.35,0.01,11.22,12107.08,1
2023-09-26,2023-09-26 14:27:00,1066.35,1066.46,1066.35,1066.46,0.01,11.22,12107.08,1
2023-09-26,2023-09-26 14:28:00,1066.46,1066.57,1066.46,1066.57,0.01,11.22,12107.08,1
2023-09-26,2023-09-26 14:29:00,1066.57,1066.69,1066.57,1066.69,0.01,11.22,12107.08,1
2023-09-26,2023-09-26 14:30:00,1066.69,1066.8,1066.69,1066.8,0.01,11.22,12107.08,1
2023-09-26,2023-09-26 14:31:00,1066.8,1066.91,1066.8,1066.91,0.01,11.22,12107.08,1
2023-09-26,2023-09-26 14:32:00,1066.91,1067.03,1066.91,1067.03,0.01,11.22,12107.08,1
2023-09-26,2023-09-26 14:33:00,1067.03,1067.14,1067.03,1067.14,0.01,11.22,12107.08,1
2023-09-26,2023-09-26 14:34:00,1067.14,1067.26,1067.14,1067.26,0.01,11.22,12107.08,1
2023-09-26,2023-09-26 14:35:00,1067.26,1067.37,1067.26,1067.37,0.01,11.22,12107.08,1
2023-09-26,2023-09-26 14:36:00,1067.37,1067.48,1067.37,1067.48,0.01,11.22,12107.08,1
2023-09-26,2023-09-26 14:37:00,1067.48,1067.6,1067.48,1067.6,0.01,11.22,12107.08,1
2023-09-26,2023-09-26 14:38:00,1067.6,1067.71,1067.6,1067.71,0.01,11.22,12107.08,1
2023-09-26,2023-09-26 14:39:00,1067.71,1067.82,1067.71,1067.82,0.01,11.22,12107.08,1
2023-09-26,2023-09-26 14:40:00,1067.82,1067.94,1067.82,1067.94,0.01,11.22,12107.08,1
2023-09-26,2023-09-26 14:41:00,1067.94,1068.05,1067.94,1068.05,0.01,11.22,12107.08,1
2023-09-26,2023-09-26 14:42:00,1068.05,1068.17,1068.05,1068.17,0.01,11.22,12107.08,1
2023-09-26,2023-09-26 14:43:00,1068.17,1068.28,1068.17,1068.28,0.01,11.22,12107.08,1
2023-09-26,2023-09-26 14:44:00,1068.28,1068.39,1068.28,1068.39,0.01,11.22,12107.08,1
2023-09-26,2023-09-26 14:45:00,1068.39,1068.51,1068.39,1068.51,0.01,11.22,12107.08,1
2023-09-26,2023-09-26 14:46:00,1068.51,1068.62,1068.51,1068.62,0.01,11.22,12107.08,1
2023-09-26,2023-09-26 14:47:00,1068.62,1068.73,1068.62,1068.73,0.01,11.22,12107.08,1
2023-09-26,2023-09-26 14:48:00,1068.73,1068.85,1068.73,1068.85,0.01,11.22,12107.08,1
2023-09-26,2023-09-26 14:49:00,1068.85,1068.96,1068.85,1068.96,0.01,11.22,12107.08,1
2023-09-26,2023-09-26 14:50:00,1068.96,1069.08,1068.96,1069.08,0.01,11.22,12107.08,1
2023-09-26,2023-09-26 14:51:00,1069.08,1069.19,1069.08,1069.19,0.01,11.22,12107.08,1
2023-09-26,2023-09-26 14:52:00,1069.19,1069.3,1069.19,1069.3,0.01,11.22,12107.08,1
2023-09-26,2023-09-26 14:53:00,1069.3,1069.42,1069.3,1069.42,0.01,11.22,12107.08,1
2023-09-26,2023-09-26 14:54:00,1069.42,1069.53,1069.42,1069.53,0.01,11.22,12107.08,1
2023-09-26,2023-09-26 14:55:00,1069.53,1069.64,1069.53,1069.64,0.01,11.22,12107.08,1
2023-09-26,2023-09-26 14:56:00,1069.64,1069.76,1069.64,1069.76,0.01,11.22,12107.08,1
2023-09-26,2023-09-26 14:57:00,1069.76,1069.87,1069.76,1069.87,0.01,11.22,12107.08,1
2023-09-26,2023-09-26 14:58:00,1069.87,1069.99,1069.87,1069.99,0.01,11.22,12107.08,1
2023-09-26,2023-09-26 14:59:00,1069.99,1070.1,1069.99,1070.1,0.01,11.22,12107.08,1
2023-09-26,2023-09-26 15:00:00,1070.1,1129.8,1026.0,1070.1,0.0,11.22,12107.08,0
2023-09-27,2023-09-27 11:00:00,1070.0,1076.27,1062.5,1069.92,-0.01,22.05,23583.99,-1
2023-09-27,2023-09-27 11:01:00,1069.92,1069.92,1069.84,1069.84,-0.01,22.05,23583.99,-1
2023-09-27,2023-09-27 11:02:00,1069.84,1069.84,1069.76,1069.76,-0.01,22.05,23583.99,-1
2023-09-27,2023-09-27 11:03:00,1069.76,1069.76,1069.68,1069.68,-0.01,22.05,23583.99,-1
2023-09-27,2023-09-27 11:04:00,1069.68,1069.68,1069.6,1069.6,-0.01,22.05,23583.99,-1
2023-09-27,2023-09-27 11:05:00,1069.6,1069.6,1069.53,1069.53,-0.01,22.05,23583.99,-1
2023-09-27,2023-09-27 11:06:00,1069.53,1069.53,1069.45,1069.45,-0.01,22.05,23583.99,-1
2023-09-27,2023-09-27 11:07:00,1069.45,1069.45,1069.37,1069.37,-0.01,22.05,23583.99,-1
2023-09-27,2023-09-27 11:08:00,1069.37,1069.37,1069.29,1069.29,-0.01,22.05,23583.99,-1
2023-09-27,2023-09-27 11:09:00,1069.29,1069.29,1069.21,1069.21,-0.01,22.05,23583.99,-1
2023-09-27,2023-09-27 11:10:00,1069.21,1069.21,1069.13,1069.13,-0.01,22.05,23583.99,-1
2023-09-27,2023-09-27 11:11:00,1069.13,1069.13,1069.05,1069.05,-0.01,22.05,23583.99,-1
2023-09-27,2023-09-27 11:12:00,1069.05,1069.05,1068.97,1068.97,-0.01,22.05,23583.99,-1
2023-09-27,2023-09-27 11:13:00,1068.97,1068.97,1068.89,1068.89,-0.01,22.05,23583.99,-1
2023-09-27,2023-09-27 11:14:00,1068.89,1068.89,1068.81,1068.81,-0.01,22.05,23583.99,-1
2023-09-27,2023-09-27 11:15:00,1068.81,1068.81,1068.73,1068.73,-0.01,22.05,23583.99,-1
2023-09-27,2023-09-27 11:16:00,1068.73,1068.73,1068.65,1068.65,-0.01,22.05,23583.99,-1
2023-09-27,2023-09-27 11:17:00,1068.65,1068.65,1068.58,1068.58,-0.01,22.05,23583.99,-1
2023-09-27,2023-09-27 11:18:00,1068.58,1068.58,1068.5,1068.5,-0.01,22.05,23583.99,-1
2023-09-27,2023-09-27 11:19:00,1068.5,1068.5,1068.42,1068.42,-0.01,22.05,23583.99,-1
2023-09-27,2023-09-27 11:20:00,1068.42,1068.42,1068.34,1068.34,-0.01,22.05,23583.99,-1
2023-09-27,2023-09-27 11:21:00,1068.34,1068.34,1068.26,1068.26,-0.01,22.05,23583.99,-1
2023-09-27,2023-09-27 11:22:00,1068.26,1068.26,1068.18,1068.18,-0.01,22.05,23583.99,-1
2023-09-27,2023-09-27 11:23:00,1068.18,1068.18,1068.1,1068.1,-0.01,22.05,23583.99,-1
2023-09-27,2023-09-27 11:24:00,1068.1,1068.1,1068.02,1068.02,-0.01,22.05,23583.99,-1
2023-09-27,2023-09-27 11:25:00,1068.02,1068.02,1067.94,1067.94,-0.01,22.05,23583.99,-1
2023-09-27,2023-09-27 11:26:00,1067.94,1067.94,1067.86,1067.86,-0.01,22.05,23583.99,-1
2023-09-27,2023-09-27 11:27:00,1067.86,1067.86,1067.78,1067.78,-0.01,22.05,23583.99,-1
2023-09-27,2023-09-27 11:28:00,1067.78,1067.78,1067.7,1067.7,-0.01,22.05,23583.99,-1
2023-09-27,2023-09-27 11:29:00,1067.7,1067.7,1067.62,1067.62,-0.01,22.05,23583.99,-1
2023-09-27,2023-09-27 11:30:00,1067.62,1067.62,1067.55,1067.55,-0.01,22.05,23583.99,-1
2023-09-27,2023-09-27 11:31:00,1067.55,1067.55,1067.47,1067.47,-0.01,22.05,23583.99,-1
2023-09-27,2023-09-27 11:32:00,1067.47,1067.47,1067.39,1067.39,-0.01,22.05,23583.99,-1
2023-09-27,2023-09-27 11:33:00,1067.39,1067.39,1067.31,1067.31,-0.01,22.05,23583.99,-1
2023-09-27,2023-09-27 11:34:00,1067.31,1067.31,1067.23,1067.23,-0.01,22.05,23583.99,-1
2023-09-27,2023-09-27 11:35:00,1067.23,1067.23,1067.15,1067.15,-0.01,22.05,23583.99,-1
2023-09-27,2023-09-27 11:36:00,1067.15,1067.15,1067.07,1067.07,-0.01,22.05,23583.99,-1
2023-09-27,2023-09-27 11:37:00,1067.07,1067.07,1066.99,1066.99,-0.01,22.05,23583.99,-1
2023-09-27,2023-09-27 11:38:00,1066.99,1066.99,1066.91,1066.91,-0.01,22.05,23583.99,-1
2023-09-27,2023-09-27 11:39:00,1066.91,1066.91,1066.83,1066.83,-0.01,22.05,23583.99,-1
2023-09-27,2023-09-27 11:40:00,1066.83,1066.83,1066.75,1066.75,-0.01,22.05,23583.99,-1
2023-09-27,2023-09-27 11:41:00,1066.75,1066.75,1066.67,1066.67,-0.01,22.05,23583.99,-1
2023-09-27,2023-09-27 11:42:00,1066.67,1066.67,1066.6,1066.6,-0.01,22.05,23583.99,-1
2023-09-27,2023-09-27 11:43:00,1066.6,1066.6,1066.52,1066.52,-0.01,22.05,23583.99,-1
2023-09-27,2023-09-27 11:44:00,1066.52,1066.52,1066.44,1066.44,-0.01,22.05,23583.99,-1
2023-09-27,2023-09-27 11:45:00,1066.44,1066.44,1066.36,1066.36,-0.01,22.05,23583.99,-1
2023-09-27,2023-09-27 11:46:00,1066.36,1066.36,1066.28,1066.28,-0.01,22.05,23583.99,-1
2023-09-27,2023-09-27 11:47:00,1066.28,1066.28,1066.2,1066.2,-0.01,22.05,23583.99,-1
2023-09-27,2023-09-27 11:48:00,1066.2,1066.2,1066.12,1066.12,-0.01,22.05,23583.99,-1
2023-09-27,2023-09-27 11:49:00,1066.12,1066.12,1066.04,1066.04,-0.01,22.05,23583.99,-1
2023-09-27,2023-09-27 11:50:00,1066.04,1066.04,1065.96,1065.96,-0.01,22.05,23583.99,-1
2023-09-27,2023-09-27 11:51:00,1065.96,1065.96,1065.88,1065.88,-0.01,22.05,23583.99,-1
2023-09-27,2023-09-27 11:52:00,1065.88,1065.88,1065.8,1065.8,-0.01,22.05,23583.99,-1
2023-09-27,2023-09-27 11:53:00,1065.8,1065.8,1065.72,1065.72,-0.01,22.05,23583.99,-1
2023-09-27,2023-09-27 11:54:00,1065.72,1065.72,1065.65,1065.65,-0.01,22.05,23583.99,-1
2023-09-27,2023-09-27 11:55:00,1065.65,1065.65,1065.57,1065.57,-0.01,22.05,23583.99,-1
2023-09-27,2023-09-27 11:56:00,1065.57,1065.57,1065.49,1065.49,-0.01,22.05,23583.99,-1
2023-09-27,2023-09-27 11:57:00,1065.49,1065.49,1065.41,1065.41,-0.01,22.05,23583.99,-1
2023-09-27,2023-09-27 11:58:00,1065.41,1065.41,1065.33,1065.33,-0.01,22.05,23583.99,-1
2023-09-27,2023-09-27 11:59:00,1065.33,1065.33,1065.25,1065.25,-0.01,22.05,23583.99,-1
2023-09-27,2023-09-27 12:00:00,1065.25,1065.25,1065.17,1065.17,-0.01,22.05,23583.99,-1
2023-09-27,2023-09-27 12:01:00,1065.17,1065.17,1065.09,1065.09,-0.01,22.05,23583.99,-1
2023-09-27,2023-09-27 12:02:00,1065.09,1065.09,1065.01,1065.01,-0.01,22.05,23583.99,-1
2023-09-27,2023-09-27 12:03:00,1065.01,1065.01,1064.93,1064.93,-0.01,22.05,23583.99,-1
2023-09-27,2023-09-27 12:04:00,1064.93,1064.93,1064.85,1064.85,-0.01,22.05,23583.99,-1
2023-09-27,2023-09-27 12:05:00,1064.85,1064.85,1064.78,1064.78,-0.01,22.05,23583.99,-1
2023-09-27,2023-09-27 12:06:00,1064.78,1064.78,1064.7,1064.7,-0.01,22.05,23583.99,-1
2023-09-27,2023-09-27 12:07:00,1064.7,1064.7,1064.62,1064.62,-0.01,22.05,23583.99,-1
2023-09-27,2023-09-27 12:08:00,1064.62,1064.62,1064.54,1064.54,-0.01,22.05,23583.99,-1
2023-09-27,2023-09-27 12:09:00,1064.54,1064.54,1064.46,1064.46,-0.01,22.05,23583.99,-1
2023-09-27,2023-09-27 12:10:00,1064.46,1064.46,1064.38,1064.38,-0.01,22.05,23583.99,-1
2023-09-27,2023-09-27 12:11:00,1064.38,1064.38,1064.3,1064.3,-0.01,22.05,23583.99,-1
2023-09-27,2023-09-27 12:12:00,1064.3,1064.3,1064.22,1064.22,-0.01,22.05,23583.99,-1
2023-09-27,2023-09-27 12:13:00,1064.22,1064.22,1064.14,1064.14,-0.01,22.05,23583.99,-1
2023-09-27,2023-09-27 12:14:00,1064.14,1064.14,1064.06,1064.06,-0.01,22.05,23583.99,-1
2023-09-27,2023-09-27 12:15:00,1064.06,1064.06,1063.98,1063.98,-0.01,22.05,23583.99,-1
2023-09-27,2023-09-27 12:16:00,1063.98,1063.98,1063.9,1063.9,-0.01,22.05,23583.99,-1
2023-09-27,2023-09-27 12:17:00,1063.9,1063.9,1063.83,1063.83,-0.01,22.05,23583.99,-1
2023-09-27,2023-09-27 12:18:00,1063.83,1063.83,1063.75,1063.75,-0.01,22.05,23583.99,-1
2023-09-27,2023-09-27 12:19:00,1063.75,1063.75,1063.67,1063.67,-0.01,22.05,23583.99,-1
2023-09-27,2023-09-27 12:20:00,1063.67,1063.67,1063.59,1063.59,-0.01,22.05,23583.99,-1
2023-09-27,2023-09-27 12:21:00,1063.59,1063.59,1063.51,1063.51,-0.01,22.05,23583.99,-1
2023-09-27,2023-09-27 12:22:00,1063.51,1063.51,1063.43,1063.43,-0.01,22.05,23583.99,-1
2023-09-27,2023-09-27 12:23:00,1063.43,1063.43,1063.35,1063.35,-0.01,22.05,23583.99,-1
2023-09-27,2023-09-27 12:24:00,1063.35,1063.35,1063.27,1063.27,-0.01,22.05,23583.99,-1
2023-09-27,2023-09-27 12:25:00,1063.27,1063.27,1063.19,1063.19,-0.01,22.05,23583.99,-1
2023-09-27,2023-09-27 12:26:00,1063.19,1063.19,1063.11,1063.11,-0.01,22.05,23583.99,-1
2023-09-27,2023-09-27 12:27:00,1063.11,1063.11,1063.03,1063.03,-0.01,22.05,23583.99,-1
2023-09-27,2023-09-27 12:28:00,1063.03,1063.03,1062.95,1062.95,-0.01,22.05,23583.99,-1
2023-09-27,2023-09-27 12:29:00,1062.95,1062.95,1062.88,1062.88,-0.01,22.05,23583.99,-1
2023-09-27,2023-09-27 12:30:00,1062.88,1062.88,1062.8,1062.8,-0.01,22.05,23583.99,-1
2023-09-27,2023-09-27 12:31:00,1062.8,1062.8,1062.72,1062.72,-0.01,22.05,23583.99,-1
2023-09-27,2023-09-27 12:32:00,1062.72,1062.72,1062.64,1062.64,-0.01,22.05,23583.99,-1
2023-09-27,2023-09-27 12:33:00,1062.64,1062.64,1062.56,1062.56,-0.01,22.05,23583.99,-1
2023-09-27,2023-09-27 12:34:00,1062.56,1062.56,1062.48,1062.48,-0.01,22.05,23583.99,-1
2023-09-27,2023-09-27 12:35:00,1062.48,1062.48,1062.4,1062.4,-0.01,22.05,23583.99,-1
2023-09-27,2023-09-27 12:36:00,1062.4,1062.4,1062.32,1062.32,-0.01,22.05,23583.99,-1
2023-09-27,2023-09-27 12:37:00,1062.32,1062.32,1062.24,1062.24,-0.01,22.05,23583.99,-1
2023-09-27,2023-09-27 12:38:00,1062.24,1062.24,1062.16,1062.16,-0.01,22.05,23583.99,-1
2023-09-27,2023-09-27 12:39:00,1062.16,1062.16,1062.08,1062.08,-0.01,22.05,23583.99,-1
2023-09-27,2023-09-27 12:40:00,1062.08,1062.08,1062.0,1062.0,-0.01,22.05,23583.99,-1
2023-09-27,2023-09-27 12:41:00,1062.0,1062.0,1061.92,1061.92,-0.01,22.05,23583.99,-1
2023-09-27,2023-09-27 12:42:00,1061.92,1061.92,1061.85,1061.85,-0.01,22.05,23583.99,-1
2023-09-27,2023-09-27 12:43:00,1061.85,1061.85,1061.77,1061.77,-0.01,22.05,23583.99,-1
2023-09-27,2023-09-27 12:44:00,1061.77,1061.77,1061.69,1061.69,-0.01,22.05,23583.99,-1
2023-09-27,2023-09-27 12:45:00,1061.69,1061.69,1061.61,1061.61,-0.01,22.05,23583.99,-1
2023-09-27,2023-09-27 12:46:00,1061.61,1061.61,1061.53,1061.53,-0.01,22.05,23583.99,-1
2023-09-27,2023-09-27 12:47:00,1061.53,1061.53,1061.45,1061.45,-0.01,22.05,23583.99,-1
2023-09-27,2023-09-27 12:48:00,1061.45,1061.45,1061.37,1061.37,-0.01,22.05,23583.99,-1
2023-09-27,2023-09-27 12:49:00,1061.37,1061.37,1061.29,1061.29,-0.01,22.05,23583.99,-1
2023-09-27,2023-09-27 12:50:00,1061.29,1061.29,1061.21,1061.21,-0.01,22.05,23583.99,-1
2023-09-27,2023-09-27 12:51:00,1061.21,1061.21,1061.13,1061.13,-0.01,22.05,23583.99,-1
2023-09-27,2023-09-27 12:52:00,1061.13,1061.13,1061.05,1061.05,-0.01,22.05,23583.99,-1
2023-09-27,2023-09-27 12:53:00,1061.05,1061.05,1060.97,1060.97,-0.01,22.05,23583.99,-1
2023-09-27,2023-09-27 12:54:00,1060.97,1060.97,1060.9,1060.9,-0.01,22.05,23583.99,-1
2023-09-27,2023-09-27 12:55:00,1060.9,1060.9,1060.82,1060.82,-0.01,22.05,23583.99,-1
2023-09-27,2023-09-27 12:56:00,1060.82,1060.82,1060.74,1060.74,-0.01,22.05,23583.99,-1
2023-09-27,2023-09-27 12:57:00,1060.74,1060.74,1060.66,1060.66,-0.01,22.05,23583.99,-1
2023-09-27,2023-09-27 12:58:00,1060.66,1060.66,1060.58,1060.58,-0.01,22.05,23583.99,-1
2023-09-27,2023-09-27 12:59:00,1060.58,1060.58,1060.5,1060.5,-0.01,22.05,23583.99,-1
2023-09-27,2023-09-27 13:00:00,1060.5,1090.9,1045.0,1060.42,-0.01,22.05,23583.99,-1
2023-09-27,2023-09-27 13:01:00,1060.42,1060.42,1060.34,1060.34,-0.01,22.05,23583.99,-1
2023-09-27,2023-09-27 13:02:00,1060.34,1060.34,1060.26,1060.26,-0.01,22.05,23583.99,-1
2023-09-27,2023-09-27 13:03:00,1060.26,1060.26,1060.18,1060.18,-0.01,22.05,23583.99,-1
2023-09-27,2023-09-27 13:04:00,1060.18,1060.18,1060.1,1060.1,-0.01,22.05,23583.99,-1
2023-09-27,2023-09-27 13:05:00,1060.1,1060.1,1060.03,1060.03,-0.01,22.05,23583.99,-1
2023-09-27,2023-09-27 13:06:00,1060.03,1060.03,1059.95,1059.95,-0.01,22.05,23583.99,-1
2023-09-27,2023-09-27 13:07:00,1059.95,1059.95,1059.87,1059.87,-0.01,22.05,23583.99,-1
2023-09-27,2023-09-27 13:08:00,1059.87,1059.87,1059.79,1059.79,-0.01,22.05,23583.99,-1
2023-09-27,2023-09-27 13:09:00,1059.79,1059.79,1059.71,1059.71,-0.01,22.05,23583.99,-1
2023-09-27,2023-09-27 13:10:00,1059.71,1059.71,1059.63,1059.63,-0.01,22.05,23583.99,-1
2023-09-27,2023-09-27 13:11:00,1059.63,1059.63,1059.55,1059.55,-0.01,22.05,23583.99,-1
2023-09-27,2023-09-27 13:12:00,1059.55,1059.55,1059.47,1059.47,-0.01,22.05,23583.99,-1
2023-09-27,2023-09-27 13:13:00,1059.47,1059.47,1059.39,1059.39,-0.01,22.05,23583.99,-1
2023-09-27,2023-09-27 13:14:00,1059.39,1059.39,1059.31,1059.31,-0.01,22.05,23583.99,-1
2023-09-27,2023-09-27 13:15:00,1059.31,1059.31,1059.23,1059.23,-0.01,22.05,23583.99,-1
2023-09-27,2023-09-27 13:16:00,1059.23,1059.23,1059.15,1059.15,-0.01,22.05,23583.99,-1
2023-09-27,2023-09-27 13:17:00,1059.15,1059.15,1059.08,1059.08,-0.01,22.05,23583.99,-1
2023-09-27,2023-09-27 13:18:00,1059.08,1059.08,1059.0,1059.0,-0.01,22.05,23583.99,-1
2023-09-27,2023-09-27 13:19:00,1059.0,1059.0,1058.92,1058.92,-0.01,22.05,23583.99,-1
2023-09-27,2023-09-27 13:20:00,1058.92,1058.92,1058.84,1058.84,-0.01,22.05,23583.99,-1
2023-09-27,2023-09-27 13:21:00,1058.84,1058.84,1058.76,1058.76,-0.01,22.05,23583.99,-1
2023-09-27,2023-09-27 13:22:00,1058.76,1058.76,1058.68,1058.68,-0.01,22.05,23583.99,-1
2023-09-27,2023-09-27 13:23:00,1058.68,1058.68,1058.6,1058.6,-0.01,22.05,23583.99,-1
2023-09-27,2023-09-27 13:24:00,1058.6,1058.6,1058.52,1058.52,-0.01,22.05,23583.99,-1
2023-09-27,2023-09-27 13:25:00,1058.52,1058.52,1058.44,1058.44,-0.01,22.05,23583.99,-1
2023-09-27,2023-09-27 13:26:00,1058.44,1058.44,1058.36,1058.36,-0.01,22.05,23583.99,-1
2023-09-27,2023-09-27 13:27:00,1058.36,1058.36,1058.28,1058.28,-0.01,22.05,23583.99,-1
2023-09-27,2023-09-27 13:28:00,1058.28,1058.28,1058.2,1058.2,-0.01,22.05,23583.99,-1
2023-09-27,2023-09-27 13:29:00,1058.2,1058.2,1058.12,1058.12,-0.01,22.05,23583.99,-1
2023-09-27,2023-09-27 13:30:00,1058.12,1058.12,1058.05,1058.05,-0.01,22.05,23583.99,-1
2023-09-27,2023-09-27 13:31:00,1058.05,1058.05,1057.97,1057.97,-0.01,22.05,23583.99,-1
2023-09-27,2023-09-27 13:32:00,1057.97,1057.97,1057.89,1057.89,-0.01,22.05,23583.99,-1
2023-09-27,2023-09-27 13:33:00,1057.89,1057.89,1057.81,1057.81,-0.01,22.05,23583.99,-1
2023-09-27,2023-09-27 13:34:00,1057.81,1057.81,1057.73,1057.73,-0.01,22.05,23583.99,-1
2023-09-27,2023-09-27 13:35:00,1057.73,1057.73,1057.65,1057.65,-0.01,22.05,23583.99,-1
2023-09-27,2023-09-27 13:36:00,1057.65,1057.65,1057.57,1057.57,-0.01,22.05,23583.99,-1
2023-09-27,2023-09-27 13:37:00,1057.57,1057.57,1057.49,1057.49,-0.01,22.05,23583.99,-1
2023-09-27,2023-09-27 13:38:00,1057.49,1057.49,1057.41,1057.41,-0.01,22.05,23583.99,-1
2023-09-27,2023-09-27 13:39:00,1057.41,1057.41,1057.33,1057.33,-0.01,22.05,23583.99,-1
2023-09-27,2023-09-27 13:40:00,1057.33,1057.33,1057.25,1057.25,-0.01,22.05,23583.99,-1
2023-09-27,2023-09-27 13:41:00,1057.25,1057.25,1057.17,1057.17,-0.01,22.05,23583.99,-1
2023-09-27,2023-09-27 13:42:00,1057.17,1057.17,1057.1,1057.1,-0.01,22.05,23583.99,-1
2023-09-27,2023-09-27 13:43:00,1057.1,1057.1,1057.02,1057.02,-0.01,22.05,23583.99,-1
2023-09-27,2023-09-27 13:44:00,1057.02,1057.02,1056.94,1056.94,-0.01,22.05,23583.99,-1
2023-09-27,2023-09-27 13:45:00,1056.94,1056.94,1056.86,1056.86,-0.01,22.05,23583.99,-1
2023-09-27,2023-09-27 13:46:00,1056.86,1056.86,1056.78,1056.78,-0.01,22.05,23583.99,-1
2023-09-27,2023-09-27 13:47:00,1056.78,1056.78,1056.7,1056.7,-0.01,22.05,23583.99,-1
2023-09-27,2023-09-27 13:48:00,1056.7,1056.7,1056.62,1056.62,-0.01,22.05,23583.99,-1
2023-09-27,2023-09-27 13:49:00,1056.62,1056.62,1056.54,1056.54,-0.01,22.05,23583.99,-1
2023-09-27,2023-09-27 13:50:00,1056.54,1056.54,1056.46,1056.46,-0.01,22.05,23583.99,-1
2023-09-27,2023-09-27 13:51:00,1056.46,1056.46,1056.38,1056.38,-0.01,22.05,23583.99,-1
2023-09-27,2023-09-27 13:52:00,1056.38,1056.38,1056.3,1056.3,-0.01,22.05,23583.99,-1
2023-09-27,2023-09-27 13:53:00,1056.3,1056.3,1056.22,1056.22,-0.01,22.05,23583.99,-1
2023-09-27,2023-09-27 13:54:00,1056.22,1056.22,1056.15,1056.15,-0.01,22.05,23583.99,-1
2023-09-27,2023-09-27 13:55:00,1056.15,1056.15,1056.07,1056.07,-0.01,22.05,23583.99,-1
2023-09-27,2023-09-27 13:56:00,1056.07,1056.07,1055.99,1055.99,-0.01,22.05,23583.99,-1
2023-09-27,2023-09-27 13:57:00,1055.99,1055.99,1055.91,1055.91,-0.01,22.05,23583.99,-1
2023-09-27,2023-09-27 13:58:00,1055.91,1055.91,1055.83,1055.83,-0.01,22.05,23583.99,-1
2023-09-27,2023-09-27 13:59:00,1055.83,1055.83,1055.75,1055.75,-0.01,22.05,23583.99,-1
2023-09-27,2023-09-27 14:00:00,1055.75,1055.75,1055.67,1055.67,-0.01,22.05,23583.99,-1
2023-09-27,2023-09-27 14:01:00,1055.67,1055.67,1055.59,1055.59,-0.01,22.05,23583.99,-1
2023-09-27,2023-09-27 14:02:00,1055.59,1055.59,1055.51,1055.51,-0.01,22.05,23583.99,-1
2023-09-27,2023-09-27 14:03:00,1055.51,1055.51,1055.43,1055.43,-0.01,22.05,23583.99,-1
2023-09-27,2023-09-27 14:04:00,1055.43,1055.43,1055.35,1055.35,-0.01,22.05,23583.99,-1
2023-09-27,2023-09-27 14:05:00,1055.35,1055.35,1055.28,1055.28,-0.01,22.05,23583.99,-1
2023-09-27,2023-09-27 14:06:00,1055.28,1055.28,1055.2,1055.2,-0.01,22.05,23583.99,-1
2023-09-27,2023-09-27 14:07:00,1055.2,1055.2,1055.12,1055.12,-0.01,22.05,23583.99,-1
2023-09-27,2023-09-27 14:08:00,1055.12,1055.12,1055.04,1055.04,-0.01,22.05,23583.99,-1
2023-09-27,2023-09-27 14:09:00,1055.04,1055.04,1054.96,1054.96,-0.01,22.05,23583.99,-1
2023-09-27,2023-09-27 14:10:00,1054.96,1054.96,1054.88,1054.88,-0.01,22.05,23583.99,-1
2023-09-27,2023-09-27 14:11:00,1054.88,1054.88,1054.8,1054.8,-0.01,22.05,23583.99,-1
2023-09-27,2023-09-27 14:12:00,1054.8,1054.8,1054.72,1054.72,-0.01,22.05,23583.99,-1
2023-09-27,2023-09-27 14:13:00,1054.72,1054.72,1054.64,1054.64,-0.01,22.05,23583.99,-1
2023-09-27,2023-09-27 14:14:00,1054.64,1054.64,1054.56,1054.56,-0.01,22.05,23583.99,-1
2023-09-27,2023-09-27 14:15:00,1054.56,1054.56,1054.48,1054.48,-0.01,22.05,23583.99,-1
2023-09-27,2023-09-27 14:16:00,1054.48,1054.48,1054.4,1054.4,-0.01,22.05,23583.99,-1
2023-09-27,2023-09-27 14:17:00,1054.4,1054.4,1054.33,1054.33,-0.01,22.05,23583.99,-1
2023-09-27,2023-09-27 14:18:00,1054.33,1054.33,1054.25,1054.25,-0.01,22.05,23583.99,-1
2023-09-27,2023-09-27 14:19:00,1054.25,1054.25,1054.17,1054.17,-0.01,22.05,23583.99,-1
2023-09-27,2023-09-27 14:20:00,1054.17,1054.17,1054.09,1054.09,-0.01,22.05,23583.99,-1
2023-09-27,2023-09-27 14:21:00,1054.09,1054.09,1054.01,1054.01,-0.01,22.05,23583.99,-1
2023-09-27,2023-09-27 14:22:00,1054.01,1054.01,1053.93,1053.93,-0.01,22.05,23583.99,-1
2023-09-27,2023-09-27 14:23:00,1053.93,1053.93,1053.85,1053.85,-0.01,22.05,23583.99,-1
2023-09-27,2023-09-27 14:24:00,1053.85,1053.85,1053.77,1053.77,-0.01,22.05,23583.99,-1
2023-09-27,2023-09-27 14:25:00,1053.77,1053.77,1053.69,1053.69,-0.01,22.05,23583.99,-1
2023-09-27,2023-09-27 14:26:00,1053.69,1053.69,1053.61,1053.61,-0.01,22.05,23583.99,-1
2023-09-27,2023-09-27 14:27:00,1053.61,1053.61,1053.53,1053.53,-0.01,22.05,23583.99,-1
2023-09-27,2023-09-27 14:28:00,1053.53,1053.53,1053.45,1053.45,-0.01,22.05,23583.99,-1
2023-09-27,2023-09-27 14:29:00,1053.45,1053.45,1053.38,1053.38,-0.01,22.05,23583.99,-1
2023-09-27,2023-09-27 14:30:00,1053.38,1053.38,1053.3,1053.3,-0.01,22.05,23583.99,-1
2023-09-27,2023-09-27 14:31:00,1053.3,1053.3,1053.22,1053.22,-0.01,22.05,23583.99,-1
2023-09-27,2023-09-27 14:32:00,1053.22,1053.22,1053.14,1053.14,-0.01,22.05,23583.99,-1
2023-09-27,2023-09-27 14:33:00,1053.14,1053.14,1053.06,1053.06,-0.01,22.05,23583.99,-1
2023-09-27,2023-09-27 14:34:00,1053.06,1053.06,1052.98,1052.98,-0.01,22.05,23583.99,-1
2023-09-27,2023-09-27 14:35:00,1052.98,1052.98,1052.9,1052.9,-0.01,22.05,23583.99,-1
2023-09-27,2023-09-27 14:36:00,1052.9,1052.9,1052.82,1052.82,-0.01,22.05,23583.99,-1
2023-09-27,2023-09-27 14:37:00,1052.82,1052.82,1052.74,1052.74,-0.01,22.05,23583.99,-1
2023-09-27,2023-09-27 14:38:00,1052.74,1052.74,1052.66,1052.66,-0.01,22.05,23583.99,-1
2023-09-27,2023-09-27 14:39:00,1052.66,1052.66,1052.58,1052.58,-0.01,22.05,23583.99,-1
2023-09-27,2023-09-27 14:40:00,1052.58,1052.58,1052.5,1052.5,-0.01,22.05,23583.99,-1
2023-09-27,2023-09-27 14:41:00,1052.5,1052.5,1052.42,1052.42,-0.01,22.05,23583.99,-1
2023-09-27,2023-09-27 14:42:00,1052.42,1052.42,1052.35,1052.35,-0.01,22.05,23583.99,-1
2023-09-27,2023-09-27 14:43:00,1052.35,1052.35,1052.27,1052.27,-0.01,22.05,23583.99,-1
2023-09-27,2023-09-27 14:44:00,1052.27,1052.27,1052.19,1052.19,-0.01,22.05,23583.99,-1
2023-09-27,2023-09-27 14:45:00,1052.19,1052.19,1052.11,1052.11,-0.01,22.05,23583.99,-1
2023-09-27,2023-09-27 14:46:00,1052.11,1052.11,1052.03,1052.03,-0.01,22.05,23583.99,-1
2023-09-27,2023-09-27 14:47:00,1052.03,1052.03,1051.95,1051.95,-0.01,22.05,23583.99,-1
2023-09-27,2023-09-27 14:48:00,1051.95,1051.95,1051.87,1051.87,-0.01,22.05,23583.99,-1
2023-09-27,2023-09-27 14:49:00,1051.87,1051.87,1051.79,1051.79,-0.01,22.05,23583.99,-1
2023-09-27,2023-09-27 14:50:00,1051.79,1051.79,1051.71,1051.71,-0.01,22.05,23583.99,-1
2023-09-27,2023-09-27 14:51:00,1051.71,1051.71,1051.63,1051.63,-0.01,22.05,23583.99,-1
2023-09-27,2023-09-27 14:52:00,1051.63,1051.63,1051.55,1051.55,-0.01,22.05,23583.99,-1
2023-09-27,2023-09-27 14:53:00,1051.55,1051.55,1051.47,1051.47,-0.01,22.05,23583.99,-1
2023-09-27,2023-09-27 14:54:00,1051.47,1051.47,1051.4,1051.4,-0.01,22.05,23583.99,-1
2023-09-27,2023-09-27 14:55:00,1051.4,1051.4,1051.32,1051.32,-0.01,22.05,23583.99,-1
2023-09-27,2023-09-27 14:56:00,1051.32,1051.32,1051.24,1051.24,-0.01,22.05,23583.99,-1
2023-09-27,2023-09-27 14:57:00,1051.24,1051.24,1051.16,1051.16,-0.01,22.05,23583.99,-1
2023-09-27,2023-09-27 14:58:00,1051.16,1051.16,1051.08,1051.08,-0.01,22.05,23583.99,-1
2023-09-27,2023-09-27 14:59:00,1051.08,1051.08,1051.0,1051.0,-0.01,22.05,23583.99,-1
2023-09-27,2023-09-27 15:00:00,1051.0,1090.9,1045.0,1051.0,0.0,22.05,23583.99,0
2023-10-01,2023-10-01 11:00:00,1071.0,1076.7,1052.1,1070.79,-0.02,35.12,35959.52,-1
2023-10-01,2023-10-01 11:01:00,1070.79,1070.79,1070.58,1070.58,-0.02,35.12,35959.52,-1
2023-10-01,2023-10-01 11:02:00,1070.58,1070.58,1070.36,1070.36,-0.02,35.12,35959.52,-1
2023-10-01,2023-10-01 11:03:00,1070.36,1070.36,1070.15,1070.15,-0.02,35.12,35959.52,-1
2023-10-01,2023-10-01 11:04:00,1070.15,1070.15,1069.94,1069.94,-0.02,35.12,35959.52,-1
2023-10-01,2023-10-01 11:05:00,1069.94,1069.94,1069.72,1069.72,-0.02,35.12,35959.52,-1
2023-10-01,2023-10-01 11:06:00,1069.72,1069.72,1069.51,1069.51,-0.02,35.12,35959.52,-1
2023-10-01,2023-10-01 11:07:00,1069.51,1069.51,1069.3,1069.3,-0.02,35.12,35959.52,-1
2023-10-01,2023-10-01 11:08:00,1069.3,1069.3,1069.09,1069.09,-0.02,35.12,35959.52,-1
2023-10-01,2023-10-01 11:09:00,1069.09,1069.09,1068.88,1068.88,-0.02,35.12,35959.52,-1
2023-10-01,2023-10-01 11:10:00,1068.88,1068.88,1068.66,1068.66,-0.02,35.12,35959.52,-1
2023-10-01,2023-10-01 11:11:00,1068.66,1068.66,1068.45,1068.45,-0.02,35.12,35959.52,-1
2023-10-01,2023-10-01 11:12:00,1068.45,1068.45,1068.24,1068.24,-0.02,35.12,35959.52,-1
2023-10-01,2023-10-01 11:13:00,1068.24,1068.24,1068.03,1068.03,-0.02,35.12,35959.52,-1
2023-10-01,2023-10-01 11:14:00,1068.03,1068.03,1067.81,1067.81,-0.02,35.12,35959.52,-1
2023-10-01,2023-10-01 11:15:00,1067.81,1067.81,1067.6,1067.6,-0.02,35.12,35959.52,-1
2023-10-01,2023-10-01 11:16:00,1067.6,1067.6,1067.39,1067.39,-0.02,35.12,35959.52,-1
2023-10-01,2023-10-01 11:17:00,1067.39,1067.39,1067.17,1067.17,-0.02,35.12,35959.52,-1
2023-10-01,2023-10-01 11:18:00,1067.17,1067.17,1066.96,1066.96,-0.02,35.12,35959.52,-1
2023-10-01,2023-10-01 11:19:00,1066.96,1066.96,1066.75,1066.75,-0.02,35.12,35959.52,-1
2023-10-01,2023-10-01 11:20:00,1066.75,1066.75,1066.54,1066.54,-0.02,35.12,35959.52,-1
2023-10-01,2023-10-01 11:21:00,1066.54,1066.54,1066.33,1066.33,-0.02,35.12,35959.52,-1
2023-10-01,2023-10-01 11:22:00,1066.33,1066.33,1066.11,1066.11,-0.02,35.12,35959.52,-1
2023-10-01,2023-10-01 11:23:00,1066.11,1066.11,1065.9,1065.9,-0.02,35.12,35959.52,-1
2023-10-01,2023-10-01 11:24:00,1065.9,1065.9,1065.69,1065.69,-0.02,35.12,35959.52,-1
2023-10-01,2023-10-01 11:25:00,1065.69,1065.69,1065.47,1065.47,-0.02,35.12,35959.52,-1
2023-10-01,2023-10-01 11:26:00,1065.47,1065.47,1065.26,1065.26,-0.02,35.12,35959.52,-1
2023-10-01,2023-10-01 11:27:00,1065.26,1065.26,1065.05,1065.05,-0.02,35.12,35959.52,-1
2023-10-01,2023-10-01 11:28:00,1065.05,1065.05,1064.84,1064.84,-0.02,35.12,35959.52,-1
2023-10-01,2023-10-01 11:29:00,1064.84,1064.84,1064.62,1064.62,-0.02,35.12,35959.52,-1
2023-10-01,2023-10-01 11:30:00,1064.62,1064.62,1064.41,1064.41,-0.02,35.12,35959.52,-1
2023-10-01,2023-10-01 11:31:00,1064.41,1064.41,1064.2,1064.2,-0.02,35.12,35959.52,-1
2023-10-01,2023-10-01 11:32:00,1064.2,1064.2,1063.99,1063.99,-0.02,35.12,35959.52,-1
2023-10-01,2023-10-01 11:33:00,1063.99,1063.99,1063.78,1063.78,-0.02,35.12,35959.52,-1
2023-10-01,2023-10-01 11:34:00,1063.78,1063.78,1063.56,1063.56,-0.02,35.12,35959.52,-1
2023-10-01,2023-10-01 11:35:00,1063.56,1063.56,1063.35,1063.35,-0.02,35.12,35959.52,-1
2023-10-01,2023-10-01 11:36:00,1063.35,1063.35,1063.14,1063.14,-0.02,35.12,35959.52,-1
2023-10-01,2023-10-01 11:37:00,1063.14,1063.14,1062.92,1062.92,-0.02,35.12,35959.52,-1
2023-10-01,2023-10-01 11:38:00,1062.92,1062.92,1062.71,1062.71,-0.02,35.12,35959.52,-1
2023-10-01,2023-10-01 11:39:00,1062.71,1062.71,1062.5,1062.5,-0.02,35.12,35959.52,-1
2023-10-01,2023-10-01 11:40:00,1062.5,1062.5,1062.29,1062.29,-0.02,35.12,35959.52,-1
2023-10-01,2023-10-01 11:41:00,1062.29,1062.29,1062.08,1062.08,-0.02,35.12,35959.52,-1
2023-10-01,2023-10-01 11:42:00,1062.08,1062.08,1061.86,1061.86,-0.02,35.12,35959.52,-1
2023-10-01,2023-10-01 11:43:00,1061.86,1061.86,1061.65,1061.65,-0.02,35.12,35959.52,-1
2023-10-01,2023-10-01 11:44:00,1061.65,1061.65,1061.44,1061.44,-0.02,35.12,35959.52,-1
2023-10-01,2023-10-01 11:45:00,1061.44,1061.44,1061.22,1061.22,-0.02,35.12,35959.52,-1
2023-10-01,2023-10-01 11:46:00,1061.22,1061.22,1061.01,1061.01,-0.02,35.12,35959.52,-1
2023-10-01,2023-10-01 11:47:00,1061.01,1061.01,1060.8,1060.8,-0.02,35.12,35959.52,-1
2023-10-01,2023-10-01 11:48:00,1060.8,1060.8,1060.59,1060.59,-0.02,35.12,35959.52,-1
2023-10-01,2023-10-01 11:49:00,1060.59,1060.59,1060.38,1060.38,-0.02,35.12,35959.52,-1
2023-10-01,2023-10-01 11:50:00,1060.38,1060.38,1060.16,1060.16,-0.02,35.12,35959.52,-1
2023-10-01,2023-10-01 11:51:00,1060.16,1060.16,1059.95,1059.95,-0.02,35.12,35959.52,-1
2023-10-01,2023-10-01 11:52:00,1059.95,1059.95,1059.74,1059.74,-0.02,35.12,35959.52,-1
2023-10-01,2023-10-01 11:53:00,1059.74,1059.74,1059.53,1059.53,-0.02,35.12,35959.52,-1
2023-10-01,2023-10-01 11:54:00,1059.53,1059.53,1059.31,1059.31,-0.02,35.12,35959.52,-1
2023-10-01,2023-10-01 11:55:00,1059.31,1059.31,1059.1,1059.1,-0.02,35.12,35959.52,-1
2023-10-01,2023-10-01 11:56:00,1059.1,1059.1,1058.89,1058.89,-0.02,35.12,35959.52,-1
2023-10-01,2023-10-01 11:57:00,1058.89,1058.89,1058.67,1058.67,-0.02,35.12,35959.52,-1
2023-10-01,2023-10-01 11:58:00,1058.67,1058.67,1058.46,1058.46,-0.02,35.12,35959.52,-1
2023-10-01,2023-10-01 11:59:00,1058.46,1058.46,1058.25,1058.25,-0.02,35.12,35959.52,-1
2023-10-01,2023-10-01 12:00:00,1058.25,1058.25,1058.04,1058.04,-0.02,35.12,35959.52,-1
2023-10-01,2023-10-01 12:01:00,1058.04,1058.04,1057.83,1057.83,-0.02,35.12,35959.52,-1
2023-10-01,2023-10-01 12:02:00,1057.83,1057.83,1057.61,1057.61,-0.02,35.12,35959.52,-1
2023-10-01,2023-10-01 12:03:00,1057.61,1057.61,1057.4,1057.4,-0.02,35.12,35959.52,-1
2023-10-01,2023-10-01 12:04:00,1057.4,1057.4,1057.19,1057.19,-0.02,35.12,35959.52,-1
2023-10-01,2023-10-01 12:05:00,1057.19,1057.19,1056.97,1056.97,-0.02,35.12,35959.52,-1
2023-10-01,2023-10-01 12:06:00,1056.97,1056.97,1056.76,1056.76,-0.02,35.12,35959.52,-1
2023-10-01,2023-10-01 12:07:00,1056.76,1056.76,1056.55,1056.55,-0.02,35.12,35959.52,-1
2023-10-01,2023-10-01 12:08:00,1056.55,1056.55,1056.34,1056.34,-0.02,35.12,35959.52,-1
2023-10-01,2023-10-01 12:09:00,1056.34,1056.34,1056.12,1056.12,-0.02,35.12,35959.52,-1
2023-10-01,2023-10-01 12:10:00,1056.12,1056.12,1055.91,1055.91,-0.02,35.12,35959.52,-1
2023-10-01,2023-10-01 12:11:00,1055.91,1055.91,1055.7,1055.7,-0.02,35.12,35959.52,-1
2023-10-01,2023-10-01 12:12:00,1055.7,1055.7,1055.49,1055.49,-0.02,35.12,35959.52,-1
2023-10-01,2023-10-01 12:13:00,1055.49,1055.49,1055.28,1055.28,-0.02,35.12,35959.52,-1
2023-10-01,2023-10-01 12:14:00,1055.28,1055.28,1055.06,1055.06,-0.02,35.12,35959.52,-1
2023-10-01,2023-10-01 12:15:00,1055.06,1055.06,1054.85,1054.85,-0.02,35.12,35959.52,-1
2023-10-01,2023-10-01 12:16:00,1054.85,1054.85,1054.64,1054.64,-0.02,35.12,35959.52,-1
2023-10-01,2023-10-01 12:17:00,1054.64,1054.64,1054.42,1054.42,-0.02,35.12,35959.52,-1
2023-10-01,2023-10-01 12:18:00,1054.42,1054.42,1054.21,1054.21,-0.02,35.12,35959.52,-1
2023-10-01,2023-10-01 12:19:00,1054.21,1054.21,1054.0,1054.0,-0.02,35.12,35959.52,-1
2023-10-01,2023-10-01 12:20:00,1054.0,1054.0,1053.79,1053.79,-0.02,35.12,35959.52,-1
2023-10-01,2023-10-01 12:21:00,1053.79,1053.79,1053.58,1053.58,-0.02,35.12,35959.52,-1
2023-10-01,2023-10-01 12:22:00,1053.58,1053.58,1053.36,1053.36,-0.02,35.12,35959.52,-1
2023-10-01,2023-10-01 12:23:00,1053.36,1053.36,1053.15,1053.15,-0.02,35.12,35959.52,-1
2023-10-01,2023-10-01 12:24:00,1053.15,1053.15,1052.94,1052.94,-0.02,35.12,35959.52,-1
2023-10-01,2023-10-01 12:25:00,1052.94,1052.94,1052.72,1052.72,-0.02,35.12,35959.52,-1
2023-10-01,2023-10-01 12:26:00,1052.72,1052.72,1052.51,1052.51,-0.02,35.12,35959.52,-1
2023-10-01,2023-10-01 12:27:00,1052.51,1052.51,1052.3,1052.3,-0.02,35.12,35959.52,-1
2023-10-01,2023-10-01 12:28:00,1052.3,1052.3,1052.09,1052.09,-0.02,35.12,35959.52,-1
2023-10-01,2023-10-01 12:29:00,1052.09,1052.09,1051.88,1051.88,-0.02,35.12,35959.52,-1
2023-10-01,2023-10-01 12:30:00,1051.88,1051.88,1051.66,1051.66,-0.02,35.12,35959.52,-1
2023-10-01,2023-10-01 12:31:00,1051.66,1051.66,1051.45,1051.45,-0.02,35.12,35959.52,-1
2023-10-01,2023-10-01 12:32:00,1051.45,1051.45,1051.24,1051.24,-0.02,35.12,35959.52,-1
2023-10-01,2023-10-01 12:33:00,1051.24,1051.24,1051.03,1051.03,-0.02,35.12,35959.52,-1
2023-10-01,2023-10-01 12:34:00,1051.03,1051.03,1050.81,1050.81,-0.02,35.12,35959.52,-1
2023-10-01,2023-10-01 12:35:00,1050.81,1050.81,1050.6,1050.6,-0.02,35.12,35959.52,-1
2023-10-01,2023-10-01 12:36:00,1050.6,1050.6,1050.39,1050.39,-0.02,35.12,35959.52,-1
2023-10-01,2023-10-01 12:37:00,1050.39,1050.39,1050.17,1050.17,-0.02,35.12,35959.52,-1
2023-10-01,2023-10-01 12:38:00,1050.17,1050.17,1049.96,1049.96,-0.02,35.12,35959.52,-1
2023-10-01,2023-10-01 12:39:00,1049.96,1049.96,1049.75,1049.75,-0.02,35.12,35959.52,-1
2023-10-01,2023-10-01 12:40:00,1049.75,1049.75,1049.54,1049.54,-0.02,35.12,35959.52,-1
2023-10-01,2023-10-01 12:41:00,1049.54,1049.54,1049.33,1049.33,-0.02,35.12,35959.52,-1
2023-10-01,2023-10-01 12:42:00,1049.33,1049.33,1049.11,1049.11,-0.02,35.12,35959.52,-1
2023-10-01,2023-10-01 12:43:00,1049.11,1049.11,1048.9,1048.9,-0.02,35.12,35959.52,-1
2023-10-01,2023-10-01 12:44:00,1048.9,1048.9,1048.69,1048.69,-0.02,35.12,35959.52,-1
2023-10-01,2023-10-01 12:45:00,1048.69,1048.69,1048.47,1048.47,-0.02,35.12,35959.52,-1
2023-10-01,2023-10-01 12:46:00,1048.47,1048.47,1048.26,1048.26,-0.02,35.12,35959.52,-1
2023-10-01,2023-10-01 12:47:00,1048.26,1048.26,1048.05,1048.05,-0.02,35.12,35959.52,-1
2023-10-01,2023-10-01 12:48:00,1048.05,1048.05,1047.84,1047.84,-0.02,35.12,35959.52,-1
2023-10-01,2023-10-01 12:49:00,1047.84,1047.84,1047.62,1047.62,-0.02,35.12,35959.52,-1
2023-10-01,2023-10-01 12:50:00,1047.62,1047.62,1047.41,1047.41,-0.02,35.12,35959.52,-1
2023-10-01,2023-10-01 12:51:00,1047.41,1047.41,1047.2,1047.2,-0.02,35.12,35959.52,-1
2023-10-01,2023-10-01 12:52:00,1047.2,1047.2,1046.99,1046.99,-0.02,35.12,35959.52,-1
2023-10-01,2023-10-01 12:53:00,1046.99,1046.99,1046.78,1046.78,-0.02,35.12,35959.52,-1
2023-10-01,2023-10-01 12:54:00,1046.78,1046.78,1046.56,1046.56,-0.02,35.12,35959.52,-1
2023-10-01,2023-10-01 12:55:00,1046.56,1046.56,1046.35,1046.35,-0.02,35.12,35959.52,-1
2023-10-01,2023-10-01 12:56:00,1046.35,1046.35,1046.14,1046.14,-0.02,35.12,35959.52,-1
2023-10-01,2023-10-01 12:57:00,1046.14,1046.14,1045.92,1045.92,-0.02,35.12,35959.52,-1
2023-10-01,2023-10-01 12:58:00,1045.92,1045.92,1045.71,1045.71,-0.02,35.12,35959.52,-1
2023-10-01,2023-10-01 12:59:00,1045.71,1045.71,1045.5,1045.5,-0.02,35.12,35959.52,-1
2023-10-01,2023-10-01 13:00:00,1045.5,1090.0,1008.0,1045.29,-0.02,35.12,35959.52,-1
2023-10-01,2023-10-01 13:01:00,1045.29,1045.29,1045.08,1045.08,-0.02,35.12,35959.52,-1
2023-10-01,2023-10-01 13:02:00,1045.08,1045.08,1044.86,1044.86,-0.02,35.12,35959.52,-1
2023-10-01,2023-10-01 13:03:00,1044.86,1044.86,1044.65,1044.65,-0.02,35.12,35959.52,-1
2023-10-01,2023-10-01 13:04:00,1044.65,1044.65,1044.44,1044.44,-0.02,35.12,35959.52,-1
2023-10-01,2023-10-01 13:05:00,1044.44,1044.44,1044.22,1044.22,-0.02,35.12,35959.52,-1
2023-10-01,2023-10-01 13:06:00,1044.22,1044.22,1044.01,1044.01,-0.02,35.12,35959.52,-1
2023-10-01,2023-10-01 13:07:00,1044.01,1044.01,1043.8,1043.8,-0.02,35.12,35959.52,-1
2023-10-01,2023-10-01 13:08:00,1043.8,1043.8,1043.59,1043.59,-0.02,35.12,35959.52,-1
2023-10-01,2023-10-01 13:09:00,1043.59,1043.59,1043.38,1043.38,-0.02,35.12,35959.52,-1
2023-10-01,2023-10-01 13:10:00,1043.38,1043.38,1043.16,1043.16,-0.02,35.12,35959.52,-1
2023-10-01,2023-10-01 13:11:00,1043.16,1043.16,1042.95,1042.95,-0.02,35.12,35959.52,-1
2023-10-01,2023-10-01 13:12:00,1042.95,1042.95,1042.74,1042.74,-0.02,35.12,35959.52,-1
2023-10-01,2023-10-01 13:13:00,1042.74,1042.74,1042.53,1042.53,-0.02,35.12,35959.52,-1
2023-10-01,2023-10-01 13:14:00,1042.53,1042.53,1042.31,1042.31,-0.02,35.12,35959.52,-1
2023-10-01,2023-10-01 13:15:00,1042.31,1042.31,1042.1,1042.1,-0.02,35.12,35959.52,-1
2023-10-01,2023-10-01 13:16:00,1042.1,1042.1,1041.89,1041.89,-0.02,35.12,35959.52,-1
2023-10-01,2023-10-01 13:17:00,1041.89,1041.89,1041.67,1041.67,-0.02,35.12,35959.52,-1
2023-10-01,2023-10-01 13:18:00,1041.67,1041.67,1041.46,1041.46,-0.02,35.12,35959.52,-1
2023-10-01,2023-10-01 13:19:00,1041.46,1041.46,1041.25,1041.25,-0.02,35.12,35959.52,-1
2023-10-01,2023-10-01 13:20:00,1041.25,1041.25,1041.04,1041.04,-0.02,35.12,35959.52,-1
2023-10-01,2023-10-01 13:21:00,1041.04,1041.04,1040.83,1040.83,-0.02,35.12,35959.52,-1
2023-10-01,2023-10-01 13:22:00,1040.83,1040.83,1040.61,1040.61,-0.02,35.12,35959.52,-1
2023-10-01,2023-10-01 13:23:00,1040.61,1040.61,1040.4,1040.4,-0.02,35.12,35959.52,-1
2023-10-01,2023-10-01 13:24:00,1040.4,1040.4,1040.19,1040.19,-0.02,35.12,35959.52,-1
2023-10-01,2023-10-01 13:25:00,1040.19,1040.19,1039.97,1039.97,-0.02,35.12,35959.52,-1
2023-10-01,2023-10-01 13:26:00,1039.97,1039.97,1039.76,1039.76,-0.02,35.12,35959.52,-1
2023-10-01,2023-10-01 13:27:00,1039.76,1039.76,1039.55,1039.55,-0.02,35.12,35959.52,-1
2023-10-01,2023-10-01 13:28:00,1039.55,1039.55,1039.34,1039.34,-0.02,35.12,35959.52,-1
2023-10-01,2023-10-01 13:29:00,1039.34,1039.34,1039.12,1039.12,-0.02,35.12,35959.52,-1
2023-10-01,2023-10-01 13:30:00,1039.12,1039.12,1038.91,1038.91,-0.02,35.12,35959.52,-1
2023-10-01,2023-10-01 13:31:00,1038.91,1038.91,1038.7,1038.7,-0.02,35.12,35959.52,-1
2023-10-01,2023-10-01 13:32:00,1038.7,1038.7,1038.49,1038.49,-0.02,35.12,35959.52,-1
2023-10-01,2023-10-01 13:33:00,1038.49,1038.49,1038.28,1038.28,-0.02,35.12,35959.52,-1
2023-10-01,2023-10-01 13:34:00,1038.28,1038.28,1038.06,1038.06,-0.02,35.12,35959.52,-1
2023-10-01,2023-10-01 13:35:00,1038.06,1038.06,1037.85,1037.85,-0.02,35.12,35959.52,-1
2023-10-01,2023-10-01 13:36:00,1037.85,1037.85,1037.64,1037.64,-0.02,35.12,35959.52,-1
2023-10-01,2023-10-01 13:37:00,1037.64,1037.64,1037.42,1037.42,-0.02,35.12,35959.52,-1
2023-10-01,2023-10-01 13:38:00,1037.42,1037.42,1037.21,1037.21,-0.02,35.12,35959.52,-1
2023-10-01,2023-10-01 13:39:00,1037.21,1037.21,1037.0,1037.0,-0.02,35.12,35959.52,-1
2023-10-01,2023-10-01 13:40:00,1037.0,1037.0,1036.79,1036.79,-0.02,35.12,35959.52,-1
2023-10-01,2023-10-01 13:41:00,1036.79,1036.79,1036.58,1036.58,-0.02,35.12,35959.52,-1
2023-10-01,2023-10-01 13:42:00,1036.58,1036.58,1036.36,1036.36,-0.02,35.12,35959.52,-1
2023-10-01,2023-10-01 13:43:00,1036.36,1036.36,1036.15,1036.15,-0.02,35.12,35959.52,-1
2023-10-01,2023-10-01 13:44:00,1036.15,1036.15,1035.94,1035.94,-0.02,35.12,35959.52,-1
2023-10-01,2023-10-01 13:45:00,1035.94,1035.94,1035.72,1035.72,-0.02,35.12,35959.52,-1
2023-10-01,2023-10-01 13:46:00,1035.72,1035.72,1035.51,1035.51,-0.02,35.12,35959.52,-1
2023-10-01,2023-10-01 13:47:00,1035.51,1035.51,1035.3,1035.3,-0.02,35.12,35959.52,-1
2023-10-01,2023-10-01 13:48:00,1035.3,1035.3,1035.09,1035.09,-0.02,35.12,35959.52,-1
2023-10-01,2023-10-01 13:49:00,1035.09,1035.09,1034.88,1034.88,-0.02,35.12,35959.52,-1
2023-10-01,2023-10-01 13:50:00,1034.88,1034.88,1034.66,1034.66,-0.02,35.12,35959.52,-1
2023-10-01,2023-10-01 13:51:00,1034.66,1034.66,1034.45,1034.45,-0.02,35.12,35959.52,-1
2023-10-01,2023-10-01 13:52:00,1034.45,1034.45,1034.24,1034.24,-0.02,35.12,35959.52,-1
2023-10-01,2023-10-01 13:53:00,1034.24,1034.24,1034.03,1034.03,-0.02,35.12,35959.52,-1
2023-10-01,2023-10-01 13:54:00,1034.03,1034.03,1033.81,1033.81,-0.02,35.12,35959.52,-1
2023-10-01,2023-10-01 13:55:00,1033.81,1033.81,1033.6,1033.6,-0.02,35.12,35959.52,-1
2023-10-01,2023-10-01 13:56:00,1033.6,1033.6,1033.39,1033.39,-0.02,35.12,35959.52,-1
2023-10-01,2023-10-01 13:57:00,1033.39,1033.39,1033.17,1033.17,-0.02,35.12,35959.52,-1
2023-10-01,2023-10-01 13:58:00,1033.17,1033.17,1032.96,1032.96,-0.02,35.12,35959.52,-1
2023-10-01,2023-10-01 13:59:00,1032.96,1032.96,1032.75,1032.75,-0.02,35.12,35959.52,-1
2023-10-01,2023-10-01 14:00:00,1032.75,1032.75,1032.54,1032.54,-0.02,35.12,35959.52,-1
2023-10-01,2023-10-01 14:01:00,1032.54,1032.54,1032.33,1032.33,-0.02,35.12,35959.52,-1
2023-10-01,2023-10-01 14:02:00,1032.33,1032.33,1032.11,1032.11,-0.02,35.12,35959.52,-1
2023-10-01,2023-10-01 14:03:00,1032.11,1032.11,1031.9,1031.9,-0.02,35.12,35959.52,-1
2023-10-01,2023-10-01 14:04:00,1031.9,1031.9,1031.69,1031.69,-0.02,35.12,35959.52,-1
2023-10-01,2023-10-01 14:05:00,1031.69,1031.69,1031.47,1031.47,-0.02,35.12,35959.52,-1
2023-10-01,2023-10-01 14:06:00,1031.47,1031.47,1031.26,1031.26,-0.02,35.12,35959.52,-1
2023-10-01,2023-10-01 14:07:00,1031.26,1031.26,1031.05,1031.05,-0.02,35.12,35959.52,-1
2023-10-01,2023-10-01 14:08:00,1031.05,1031.05,1030.84,1030.84,-0.02,35.12,35959.52,-1
2023-10-01,2023-10-01 14:09:00,1030.84,1030.84,1030.62,1030.62,-0.02,35.12,35959.52,-1
2023-10-01,2023-10-01 14:10:00,1030.62,1030.62,1030.41,1030.41,-0.02,35.12,35959.52,-1
2023-10-01,2023-10-01 14:11:00,1030.41,1030.41,1030.2,1030.2,-0.02,35.12,35959.52,-1
2023-10-01,2023-10-01 14:12:00,1030.2,1030.2,1029.99,1029.99,-0.02,35.12,35959.52,-1
2023-10-01,2023-10-01 14:13:00,1029.99,1029.99,1029.78,1029.78,-0.02,35.12,35959.52,-1
2023-10-01,2023-10-01 14:14:00,1029.78,1029.78,1029.56,1029.56,-0.02,35.12,35959.52,-1
2023-10-01,2023-10-01 14:15:00,1029.56,1029.56,1029.35,1029.35,-0.02,35.12,35959.52,-1
2023-10-01,2023-10-01 14:16:00,1029.35,1029.35,1029.14,1029.14,-0.02,35.12,35959.52,-1
2023-10-01,2023-10-01 14:17:00,1029.14,1029.14,1028.92,1028.92,-0.02,35.12,35959.52,-1
2023-10-01,2023-10-01 14:18:00,1028.92,1028.92,1028.71,1028.71,-0.02,35.12,35959.52,-1
2023-10-01,2023-10-01 14:19:00,1028.71,1028.71,1028.5,1028.5,-0.02,35.12,35959.52,-1
2023-10-01,2023-10-01 14:20:00,1028.5,1028.5,1028.29,1028.29,-0.02,35.12,35959.52,-1
2023-10-01,2023-10-01 14:21:00,1028.29,1028.29,1028.08,1028.08,-0.02,35.12,35959.52,-1
2023-10-01,2023-10-01 14:22:00,1028.08,1028.08,1027.86,1027.86,-0.02,35.12,35959.52,-1
2023-10-01,2023-10-01 14:23:00,1027.86,1027.86,1027.65,1027.65,-0.02,35.12,35959.52,-1
2023-10-01,2023-10-01 14:24:00,1027.65,1027.65,1027.44,1027.44,-0.02,35.12,35959.52,-1
2023-10-01,2023-10-01 14:25:00,1027.44,1027.44,1027.22,1027.22,-0.02,35.12,35959.52,-1
2023-10-01,2023-10-01 14:26:00,1027.22,1027.22,1027.01,1027.01,-0.02,35.12,35959.52,-1
2023-10-01,2023-10-01 14:27:00,1027.01,1027.01,1026.8,1026.8,-0.02,35.12,35959.52,-1
2023-10-01,2023-10-01 14:28:00,1026.8,1026.8,1026.59,1026.59,-0.02,35.12,35959.52,-1
2023-10-01,2023-10-01 14:29:00,1026.59,1026.59,1026.38,1026.38,-0.02,35.12,35959.52,-1
2023-10-01,2023-10-01 14:30:00,1026.38,1026.38,1026.16,1026.16,-0.02,35.12,35959.52,-1
2023-10-01,2023-10-01 14:31:00,1026.16,1026.16,1025.95,1025.95,-0.02,35.12,35959.52,-1
2023-10-01,2023-10-01 14:32:00,1025.95,1025.95,1025.74,1025.74,-0.02,35.12,35959.52,-1
2023-10-01,2023-10-01 14:33:00,1025.74,1025.74,1025.53,1025.53,-0.02,35.12,35959.52,-1
2023-10-01,2023-10-01 14:34:00,1025.53,1025.53,1025.31,1025.31,-0.02,35.12,35959.52,-1
2023-10-01,2023-10-01 14:35:00,1025.31,1025.31,1025.1,1025.1,-0.02,35.12,35959.52,-1
2023-10-01,2023-10-01 14:36:00,1025.1,1025.1,1024.89,1024.89,-0.02,35.12,35959.52,-1
2023-10-01,2023-10-01 14:37:00,1024.89,1024.89,1024.67,1024.67,-0.02,35.12,35959.52,-1
2023-10-01,2023-10-01 14:38:00,1024.67,1024.67,1024.46,1024.46,-0.02,35.12,35959.52,-1
2023-10-01,2023-10-01 14:39:00,1024.46,1024.46,1024.25,1024.25,-0.02,35.12,35959.52,-1
2023-10-01,2023-10-01 14:40:00,1024.25,1024.25,1024.04,1024.04,-0.02,35.12,35959.52,-1
2023-10-01,2023-10-01 14:41:00,1024.04,1024.04,1023.83,1023.83,-0.02,35.12,35959.52,-1
2023-10-01,2023-10-01 14:42:00,1023.83,1023.83,1023.61,1023.61,-0.02,35.12,35959.52,-1
2023-10-01,2023-10-01 14:43:00,1023.61,1023.61,1023.4,1023.4,-0.02,35.12,35959.52,-1
2023-10-01,2023-10-01 14:44:00,1023.4,1023.4,1023.19,1023.19,-0.02,35.12,35959.52,-1
2023-10-01,2023-10-01 14:45:00,1023.19,1023.19,1022.98,1022.98,-0.02,35.12,35959.52,-1
2023-10-01,2023-10-01 14:46:00,1022.98,1022.98,1022.76,1022.76,-0.02,35.12,35959.52,-1
2023-10-01,2023-10-01 14:47:00,1022.76,1022.76,1022.55,1022.55,-0.02,35.12,35959.52,-1
2023-10-01,2023-10-01 14:48:00,1022.55,1022.55,1022.34,1022.34,-0.02,35.12,35959.52,-1
2023-10-01,2023-10-01 14:49:00,1022.34,1022.34,1022.12,1022.12,-0.02,35.12,35959.52,-1
2023-10-01,2023-10-01 14:50:00,1022.12,1022.12,1021.91,1021.91,-0.02,35.12,35959.52,-1
2023-10-01,2023-10-01 14:51:00,1021.91,1021.91,1021.7,1021.7,-0.02,35.12,35959.52,-1
2023-10-01,2023-10-01 14:52:00,1021.7,1021.7,1021.49,1021.49,-0.02,35.12,35959.52,-1
2023-10-01,2023-10-01 14:53:00,1021.49,1021.49,1021.27,1021.27,-0.02,35.12,35959.52,-1
2023-10-01,2023-10-01 14:54:00,1021.27,1021.27,1021.06,1021.06,-0.02,35.12,35959.52,-1
2023-10-01,2023-10-01 14:55:00,1021.06,1021.06,1020.85,1020.85,-0.02,35.12,35959.52,-1
2023-10-01,2023-10-01 14:56:00,1020.85,1020.85,1020.64,1020.64,-0.02,35.12,35959.52,-1
2023-10-01,2023-10-01 14:57:00,1020.64,1020.64,1020.42,1020.42,-0.02,35.12,35959.52,-1
2023-10-01,2023-10-01 14:58:00,1020.42,1020.42,1020.21,1020.21,-0.02,35.12,35959.52,-1
2023-10-01,2023-10-01 14:59:00,1020.21,1020.21,1020.0,1020.0,-0.02,35.12,35959.52,-1
2023-10-01,2023-10-01 15:00:00,1020.0,1090.0,1008.0,1020.0,0.0,35.12,35959.52,0
2023-10-02,2023-10-02 11:00:00,1020.0,1050.6,1014.0,1020.42,0.04,21.66,22249.18,1
2023-10-02,2023-10-02 11:01:00,1020.42,1020.85,1020.42,1020.85,0.04,21.66,22249.18,1
2023-10-02,2023-10-02 11:02:00,1020.85,1021.27,1020.85,1021.27,0.04,21.66,22249.18,1
2023-10-02,2023-10-02 11:03:00,1021.27,1021.7,1021.27,1021.7,0.04,21.66,22249.18,1
2023-10-02,2023-10-02 11:04:00,1021.7,1022.12,1021.7,1022.12,0.04,21.66,22249.18,1
2023-10-02,2023-10-02 11:05:00,1022.12,1022.55,1022.12,1022.55,0.04,21.66,22249.18,1
2023-10-02,2023-10-02 11:06:00,1022.55,1022.98,1022.55,1022.98,0.04,21.66,22249.18,1
2023-10-02,2023-10-02 11:07:00,1022.98,1023.4,1022.98,1023.4,0.04,21.66,22249.18,1
2023-10-02,2023-10-02 11:08:00,1023.4,1023.83,1023.4,1023.83,0.04,21.66,22249.18,1
2023-10-02,2023-10-02 11:09:00,1023.83,1024.25,1023.83,1024.25,0.04,21.66,22249.18,1
2023-10-02,2023-10-02 11:10:00,1024.25,1024.67,1024.25,1024.67,0.04,21.66,22249.18,1
2023-10-02,2023-10-02 11:11:00,1024.67,1025.1,1024.67,1025.1,0.04,21.66,22249.18,1
2023-10-02,2023-10-02 11:12:00,1025.1,1025.53,1025.1,1025.53,0.04,21.66,22249.18,1
2023-10-02,2023-10-02 11:13:00,1025.53,1025.95,1025.53,1025.95,0.04,21.66,22249.18,1
2023-10-02,2023-10-02 11:14:00,1025.95,1026.38,1025.95,1026.38,0.04,21.66,22249.18,1
2023-10-02,2023-10-02 11:15:00,1026.38,1026.8,1026.38,1026.8,0.04,21.66,22249.18,1
2023-10-02,2023-10-02 11:16:00,1026.8,1027.22,1026.8,1027.22,0.04,21.66,22249.18,1
2023-10-02,2023-10-02 11:17:00,1027.22,1027.65,1027.22,1027.65,0.04,21.66,22249.18,1
2023-10-02,2023-10-02 11:18:00,1027.65,1028.08,1027.65,1028.08,0.04,21.66,22249.18,1
2023-10-02,2023-10-02 11:19:00,1028.08,1028.5,1028.08,1028.5,0.04,21.66,22249.18,1
2023-10-02,2023-10-02 11:20:00,1028.5,1028.92,1028.5,1028.92,0.04,21.66,22249.18,1
2023-10-02,2023-10-02 11:21:00,1028.92,1029.35,1028.92,1029.35,0.04,21.66,22249.18,1
2023-10-02,2023-10-02 11:22:00,1029.35,1029.78,1029.35,1029.78,0.04,21.66,22249.18,1
2023-10-02,2023-10-02 11:23:00,1029.78,1030.2,1029.78,1030.2,0.04,21.66,22249.18,1
2023-10-02,2023-10-02 11:24:00,1030.2,1030.62,1030.2,1030.62,0.04,21.66,22249.18,1
2023-10-02,2023-10-02 11:25:00,1030.62,1031.05,1030.62,1031.05,0.04,21.66,22249.18,1
2023-10-02,2023-10-02 11:26:00,1031.05,1031.47,1031.05,1031.47,0.04,21.66,22249.18,1
2023-10-02,2023-10-02 11:27:00,1031.47,1031.9,1031.47,1031.9,0.04,21.66,22249.18,1
2023-10-02,2023-10-02 11:28:00,1031.9,1032.33,1031.9,1032.33,0.04,21.66,22249.18,1
2023-10-02,2023-10-02 11:29:00,1032.33,1032.75,1032.33,1032.75,0.04,21.66,22249.18,1
2023-10-02,2023-10-02 11:30:00,1032.75,1033.17,1032.75,1033.17,0.04,21.66,22249.18,1
2023-10-02,2023-10-02 11:31:00,1033.17,1033.6,1033.17,1033.6,0.04,21.66,22249.18,1
2023-10-02,2023-10-02 11:32:00,1033.6,1034.03,1033.6,1034.03,0.04,21.66,22249.18,1
2023-10-02,2023-10-02 11:33:00,1034.03,1034.45,1034.03,1034.45,0.04,21.66,22249.18,1
2023-10-02,2023-10-02 11:34:00,1034.45,1034.88,1034.45,1034.88,0.04,21.66,22249.18,1
2023-10-02,2023-10-02 11:35:00,1034.88,1035.3,1034.88,1035.3,0.04,21.66,22249.18,1
2023-10-02,2023-10-02 11:36:00,1035.3,1035.72,1035.3,1035.72,0.04,21.66,22249.18,1
2023-10-02,2023-10-02 11:37:00,1035.72,1036.15,1035.72,1036.15,0.04,21.66,22249.18,1
2023-10-02,2023-10-02 11:38:00,1036.15,1036.58,1036.15,1036.58,0.04,21.66,22249.18,1
2023-10-02,2023-10-02 11:39:00,1036.58,1037.0,1036.58,1037.0,0.04,21.66,22249.18,1
2023-10-02,2023-10-02 11:40:00,1037.0,1037.42,1037.0,1037.42,0.04,21.66,22249.18,1
2023-10-02,2023-10-02 11:41:00,1037.42,1037.85,1037.42,1037.85,0.04,21.66,22249.18,1
2023-10-02,2023-10-02 11:42:00,1037.85,1038.28,1037.85,1038.28,0.04,21.66,22249.18,1
2023-10-02,2023-10-02 11:43:00,1038.28,1038.7,1038.28,1038.7,0.04,21.66,22249.18,1
2023-10-02,2023-10-02 11:44:00,1038.7,1039.12,1038.7,1039.12,0.04,21.66,22249.18,1
2023-10-02,2023-10-02 11:45:00,1039.12,1039.55,1039.12,1039.55,0.04,21.66,22249.18,1
2023-10-02,2023-10-02 11:46:00,1039.55,1039.97,1039.55,1039.97,0.04,21.66,22249.18,1
2023-10-02,2023-10-02 11:47:00,1039.97,1040.4,1039.97,1040.4,0.04,21.66,22249.18,1
2023-10-02,2023-10-02 11:48:00,1040.4,1040.83,1040.4,1040.83,0.04,21.66,22249.18,1
2023-10-02,2023-10-02 11:49:00,1040.83,1041.25,1040.83,1041.25,0.04,21.66,22249.18,1
2023-10-02,2023-10-02 11:50:00,1041.25,1041.67,1041.25,1041.67,0.04,21.66,22249.18,1
2023-10-02,2023-10-02 11:51:00,1041.67,1042.1,1041.67,1042.1,0.04,21.66,22249.18,1
2023-10-02,2023-10-02 11:52:00,1042.1,1042.53,1042.1,1042.53,0.04,21.66,22249.18,1
2023-10-02,2023-10-02 11:53:00,1042.53,1042.95,1042.53,1042.95,0.04,21.66,22249.18,1
2023-10-02,2023-10-02 11:54:00,1042.95,1043.38,1042.95,1043.38,0.04,21.66,22249.18,1
2023-10-02,2023-10-02 11:55:00,1043.38,1043.8,1043.38,1043.8,0.04,21.66,22249.18,1
2023-10-02,2023-10-02 11:56:00,1043.8,1044.22,1043.8,1044.22,0.04,21.66,22249.18,1
2023-10-02,2023-10-02 11:57:00,1044.22,1044.65,1044.22,1044.65,0.04,21.66,22249.18,1
2023-10-02,2023-10-02 11:58:00,1044.65,1045.08,1044.65,1045.08,0.04,21.66,22249.18,1
2023-10-02,2023-10-02 11:59:00,1045.08,1045.5,1045.08,1045.5,0.04,21.66,22249.18,1
2023-10-02,2023-10-02 12:00:00,1045.5,1045.92,1045.5,1045.92,0.04,21.66,22249.18,1
2023-10-02,2023-10-02 12:01:00,1045.92,1046.35,1045.92,1046.35,0.04,21.66,22249.18,1
2023-10-02,2023-10-02 12:02:00,1046.35,1046.78,1046.35,1046.78,0.04,21.66,22249.18,1
2023-10-02,2023-10-02 12:03:00,1046.78,1047.2,1046.78,1047.2,0.04,21.66,22249.18,1
2023-10-02,2023-10-02 12:04:00,1047.2,1047.62,1047.2,1047.62,0.04,21.66,22249.18,1
2023-10-02,2023-10-02 12:05:00,1047.62,1048.05,1047.62,1048.05,0.04,21.66,22249.18,1
2023-10-02,2023-10-02 12:06:00,1048.05,1048.47,1048.05,1048.47,0.04,21.66,22249.18,1
2023-10-02,2023-10-02 12:07:00,1048.47,1048.9,1048.47,1048.9,0.04,21.66,22249.18,1
2023-10-02,2023-10-02 12:08:00,1048.9,1049.33,1048.9,1049.33,0.04,21.66,22249.18,1
2023-10-02,2023-10-02 12:09:00,1049.33,1049.75,1049.33,1049.75,0.04,21.66,22249.18,1
2023-10-02,2023-10-02 12:10:00,1049.75,1050.17,1049.75,1050.17,0.04,21.66,22249.18,1
2023-10-02,2023-10-02 12:11:00,1050.17,1050.6,1050.17,1050.6,0.04,21.66,22249.18,1
2023-10-02,2023-10-02 12:12:00,1050.6,1051.03,1050.6,1051.03,0.04,21.66,22249.18,1
2023-10-02,2023-10-02 12:13:00,1051.03,1051.45,1051.03,1051.45,0.04,21.66,22249.18,1
2023-10-02,2023-10-02 12:14:00,1051.45,1051.88,1051.45,1051.88,0.04,21.66,22249.18,1
2023-10-02,2023-10-02 12:15:00,1051.88,1052.3,1051.88,1052.3,0.04,21.66,22249.18,1
2023-10-02,2023-10-02 12:16:00,1052.3,1052.72,1052.3,1052.72,0.04,21.66,22249.18,1
2023-10-02,2023-10-02 12:17:00,1052.72,1053.15,1052.72,1053.15,0.04,21.66,22249.18,1
2023-10-02,2023-10-02 12:18:00,1053.15,1053.58,1053.15,1053.58,0.04,21.66,22249.18,1
2023-10-02,2023-10-02 12:19:00,1053.58,1054.0,1053.58,1054.0,0.04,21.66,22249.18,1
2023-10-02,2023-10-02 12:20:00,1054.0,1054.42,1054.0,1054.42,0.04,21.66,22249.18,1
2023-10-02,2023-10-02 12:21:00,1054.42,1054.85,1054.42,1054.85,0.04,21.66,22249.18,1
2023-10-02,2023-10-02 12:22:00,1054.85,1055.28,1054.85,1055.28,0.04,21.66,22249.18,1
2023-10-02,2023-10-02 12:23:00,1055.28,1055.7,1055.28,1055.7,0.04,21.66,22249.18,1
2023-10-02,2023-10-02 12:24:00,1055.7,1056.12,1055.7,1056.12,0.04,21.66,22249.18,1
2023-10-02,2023-10-02 12:25:00,1056.12,1056.55,1056.12,1056.55,0.04,21.66,22249.18,1
2023-10-02,2023-10-02 12:26:00,1056.55,1056.97,1056.55,1056.97,0.04,21.66,22249.18,1
2023-10-02,2023-10-02 12:27:00,1056.97,1057.4,1056.97,1057.4,0.04,21.66,22249.18,1
2023-10-02,2023-10-02 12:28:00,1057.4,1057.83,1057.4,1057.83,0.04,21.66,22249.18,1
2023-10-02,2023-10-02 12:29:00,1057.83,1058.25,1057.83,1058.25,0.04,21.66,22249.18,1
2023-10-02,2023-10-02 12:30:00,1058.25,1058.67,1058.25,1058.67,0.04,21.66,22249.18,1
2023-10-02,2023-10-02 12:31:00,1058.67,1059.1,1058.67,1059.1,0.04,21.66,22249.18,1
2023-10-02,2023-10-02 12:32:00,1059.1,1059.53,1059.1,1059.53,0.04,21.66,22249.18,1
2023-10-02,2023-10-02 12:33:00,1059.53,1059.95,1059.53,1059.95,0.04,21.66,22249.18,1
2023-10-02,2023-10-02 12:34:00,1059.95,1060.38,1059.95,1060.38,0.04,21.66,22249.18,1
2023-10-02,2023-10-02 12:35:00,1060.38,1060.8,1060.38,1060.8,0.04,21.66,22249.18,1
2023-10-02,2023-10-02 12:36:00,1060.8,1061.22,1060.8,1061.22,0.04,21.66,22249.18,1
2023-10-02,2023-10-02 12:37:00,1061.22,1061.65,1061.22,1061.65,0.04,21.66,22249.18,1
2023-10-02,2023-10-02 12:38:00,1061.65,1062.08,1061.65,1062.08,0.04,21.66,22249.18,1
2023-10-02,2023-10-02 12:39:00,1062.08,1062.5,1062.08,1062.5,0.04,21.66,22249.18,1
2023-10-02,2023-10-02 12:40:00,1062.5,1062.92,1062.5,1062.92,0.04,21.66,22249.18,1
2023-10-02,2023-10-02 12:41:00,1062.92,1063.35,1062.92,1063.35,0.04,21.66,22249.18,1
2023-10-02,2023-10-02 12:42:00,1063.35,1063.78,1063.35,1063.78,0.04,21.66,22249.18,1
2023-10-02,2023-10-02 12:43:00,1063.78,1064.2,1063.78,1064.2,0.04,21.66,22249.18,1
2023-10-02,2023-10-02 12:44:00,1064.2,1064.62,1064.2,1064.62,0.04,21.66,22249.18,1
2023-10-02,2023-10-02 12:45:00,1064.62,1065.05,1064.62,1065.05,0.04,21.66,22249.18,1
2023-10-02,2023-10-02 12:46:00,1065.05,1065.47,1065.05,1065.47,0.04,21.66,22249.18,1
2023-10-02,2023-10-02 12:47:00,1065.47,1065.9,1065.47,1065.9,0.04,21.66,22249.18,1
2023-10-02,2023-10-02 12:48:00,1065.9,1066.33,1065.9,1066.33,0.04,21.66,22249.18,1
2023-10-02,2023-10-02 12:49:00,1066.33,1066.75,1066.33,1066.75,0.04,21.66,22249.18,1
2023-10-02,2023-10-02 12:50:00,1066.75,1067.17,1066.75,1067.17,0.04,21.66,22249.18,1
2023-10-02,2023-10-02 12:51:00,1067.17,1067.6,1067.17,1067.6,0.04,21.66,22249.18,1
2023-10-02,2023-10-02 12:52:00,1067.6,1068.03,1067.6,1068.03,0.04,21.66,22249.18,1
2023-10-02,2023-10-02 12:53:00,1068.03,1068.45,1068.03,1068.45,0.04,21.66,22249.18,1
2023-10-02,2023-10-02 12:54:00,1068.45,1068.88,1068.45,1068.88,0.04,21.66,22249.18,1
2023-10-02,2023-10-02 12:55:00,1068.88,1069.3,1068.88,1069.3,0.04,21.66,22249.18,1
2023-10-02,2023-10-02 12:56:00,1069.3,1069.72,1069.3,1069.72,0.04,21.66,22249.18,1
2023-10-02,2023-10-02 12:57:00,1069.72,1070.15,1069.72,1070.15,0.04,21.66,22249.18,1
2023-10-02,2023-10-02 12:58:00,1070.15,1070.58,1070.15,1070.58,0.04,21.66,22249.18,1
2023-10-02,2023-10-02 12:59:00,1070.58,1071.0,1070.58,1071.0,0.04,21.66,22249.18,1
2023-10-02,2023-10-02 13:00:00,1071.0,1122.0,1000.0,1071.42,0.04,21.66,22249.18,1
2023-10-02,2023-10-02 13:01:00,1071.42,1071.85,1071.42,1071.85,0.04,21.66,22249.18,1
2023-10-02,2023-10-02 13:02:00,1071.85,1072.28,1071.85,1072.28,0.04,21.66,22249.18,1
2023-10-02,2023-10-02 13:03:00,1072.28,1072.7,1072.28,1072.7,0.04,21.66,22249.18,1
2023-10-02,2023-10-02 13:04:00,1072.7,1073.12,1072.7,1073.12,0.04,21.66,22249.18,1
2023-10-02,2023-10-02 13:05:00,1073.12,1073.55,1073.12,1073.55,0.04,21.66,22249.18,1
2023-10-02,2023-10-02 13:06:00,1073.55,1073.97,1073.55,1073.97,0.04,21.66,22249.18,1
2023-10-02,2023-10-02 13:07:00,1073.97,1074.4,1073.97,1074.4,0.04,21.66,22249.18,1
2023-10-02,2023-10-02 13:08:00,1074.4,1074.83,1074.4,1074.83,0.04,21.66,22249.18,1
2023-10-02,2023-10-02 13:09:00,1074.83,1075.25,1074.83,1075.25,0.04,21.66,22249.18,1
2023-10-02,2023-10-02 13:10:00,1075.25,1075.67,1075.25,1075.67,0.04,21.66,22249.18,1
2023-10-02,2023-10-02 13:11:00,1075.67,1076.1,1075.67,1076.1,0.04,21.66,22249.18,1
2023-10-02,2023-10-02 13:12:00,1076.1,1076.53,1076.1,1076.53,0.04,21.66,22249.18,1
2023-10-02,2023-10-02 13:13:00,1076.53,1076.95,1076.53,1076.95,0.04,21.66,22249.18,1
2023-10-02,2023-10-02 13:14:00,1076.95,1077.38,1076.95,1077.38,0.04,21.66,22249.18,1
2023-10-02,2023-10-02 13:15:00,1077.38,1077.8,1077.38,1077.8,0.04,21.66,22249.18,1
2023-10-02,2023-10-02 13:16:00,1077.8,1078.22,1077.8,1078.22,0.04,21.66,22249.18,1
2023-10-02,2023-10-02 13:17:00,1078.22,1078.65,1078.22,1078.65,0.04,21.66,22249.18,1
2023-10-02,2023-10-02 13:18:00,1078.65,1079.08,1078.65,1079.08,0.04,21.66,22249.18,1
2023-10-02,2023-10-02 13:19:00,1079.08,1079.5,1079.08,1079.5,0.04,21.66,22249.18,1
2023-10-02,2023-10-02 13:20:00,1079.5,1079.92,1079.5,1079.92,0.04,21.66,22249.18,1
2023-10-02,2023-10-02 13:21:00,1079.92,1080.35,1079.92,1080.35,0.04,21.66,22249.18,1
2023-10-02,2023-10-02 13:22:00,1080.35,1080.78,1080.35,1080.78,0.04,21.66,22249.18,1
2023-10-02,2023-10-02 13:23:00,1080.78,1081.2,1080.78,1081.2,0.04,21.66,22249.18,1
2023-10-02,2023-10-02 13:24:00,1081.2,1081.62,1081.2,1081.62,0.04,21.66,22249.18,1
2023-10-02,2023-10-02 13:25:00,1081.62,1082.05,1081.62,1082.05,0.04,21.66,22249.18,1
2023-10-02,2023-10-02 13:26:00,1082.05,1082.47,1082.05,1082.47,0.04,21.66,22249.18,1
2023-10-02,2023-10-02 13:27:00,1082.47,1082.9,1082.47,1082.9,0.04,21.66,22249.18,1
2023-10-02,2023-10-02 13:28:00,1082.9,1083.33,1082.9,1083.33,0.04,21.66,22249.18,1
2023-10-02,2023-10-02 13:29:00,1083.33,1083.75,1083.33,1083.75,0.04,21.66,22249.18,1
2023-10-02,2023-10-02 13:30:00,1083.75,1084.17,1083.75,1084.17,0.04,21.66,22249.18,1
2023-10-02,2023-10-02 13:31:00,1084.17,1084.6,1084.17,1084.6,0.04,21.66,22249.18,1
2023-10-02,2023-10-02 13:32:00,1084.6,1085.03,1084.6,1085.03,0.04,21.66,22249.18,1
2023-10-02,2023-10-02 13:33:00,1085.03,1085.45,1085.03,1085.45,0.04,21.66,22249.18,1
2023-10-02,2023-10-02 13:34:00,1085.45,1085.88,1085.45,1085.88,0.04,21.66,22249.18,1
2023-10-02,2023-10-02 13:35:00,1085.88,1086.3,1085.88,1086.3,0.04,21.66,22249.18,1
2023-10-02,2023-10-02 13:36:00,1086.3,1086.72,1086.3,1086.72,0.04,21.66,22249.18,1
2023-10-02,2023-10-02 13:37:00,1086.72,1087.15,1086.72,1087.15,0.04,21.66,22249.18,1
2023-10-02,2023-10-02 13:38:00,1087.15,1087.58,1087.15,1087.58,0.04,21.66,22249.18,1
2023-10-02,2023-10-02 13:39:00,1087.58,1088.0,1087.58,1088.0,0.04,21.66,22249.18,1
2023-10-02,2023-10-02 13:40:00,1088.0,1088.42,1088.0,1088.42,0.04,21.66,22249.18,1
2023-10-02,2023-10-02 13:41:00,1088.42,1088.85,1088.42,1088.85,0.04,21.66,22249.18,1
2023-10-02,2023-10-02 13:42:00,1088.85,1089.28,1088.85,1089.28,0.04,21.66,22249.18,1
2023-10-02,2023-10-02 13:43:00,1089.28,1089.7,1089.28,1089.7,0.04,21.66,22249.18,1
2023-10-02,2023-10-02 13:44:00,1089.7,1090.12,1089.7,1090.12,0.04,21.66,22249.18,1
2023-10-02,2023-10-02 13:45:00,1090.12,1090.55,1090.12,1090.55,0.04,21.66,22249.18,1
2023-10-02,2023-10-02 13:46:00,1090.55,1090.97,1090.55,1090.97,0.04,21.66,22249.18,1
2023-10-02,2023-10-02 13:47:00,1090.97,1091.4,1090.97,1091.4,0.04,21.66,22249.18,1
2023-10-02,2023-10-02 13:48:00,1091.4,1091.83,1091.4,1091.83,0.04,21.66,22249.18,1
2023-10-02,2023-10-02 13:49:00,1091.83,1092.25,1091.83,1092.25,0.04,21.66,22249.18,1
2023-10-02,2023-10-02 13:50:00,1092.25,1092.67,1092.25,1092.67,0.04,21.66,22249.18,1
2023-10-02,2023-10-02 13:51:00,1092.67,1093.1,1092.67,1093.1,0.04,21.66,22249.18,1
2023-10-02,2023-10-02 13:52:00,1093.1,1093.53,1093.1,1093.53,0.04,21.66,22249.18,1
2023-10-02,2023-10-02 13:53:00,1093.53,1093.95,1093.53,1093.95,0.04,21.66,22249.18,1
2023-10-02,2023-10-02 13:54:00,1093.95,1094.38,1093.95,1094.38,0.04,21.66,22249.18,1
2023-10-02,2023-10-02 13:55:00,1094.38,1094.8,1094.38,1094.8,0.04,21.66,22249.18,1
2023-10-02,2023-10-02 13:56:00,1094.8,1095.22,1094.8,1095.22,0.04,21.66,22249.18,1
2023-10-02,2023-10-02 13:57:00,1095.22,1095.65,1095.22,1095.65,0.04,21.66,22249.18,1
2023-10-02,2023-10-02 13:58:00,1095.65,1096.08,1095.65,1096.08,0.04,21.66,22249.18,1
2023-10-02,2023-10-02 13:59:00,1096.08,1096.5,1096.08,1096.5,0.04,21.66,22249.18,1
2023-10-02,2023-10-02 14:00:00,1096.5,1096.92,1096.5,1096.92,0.04,21.66,22249.18,1
2023-10-02,2023-10-02 14:01:00,1096.92,1097.35,1096.92,1097.35,0.04,21.66,22249.18,1
2023-10-02,2023-10-02 14:02:00,1097.35,1097.78,1097.35,1097.78,0.04,21.66,22249.18,1
2023-10-02,2023-10-02 14:03:00,1097.78,1098.2,1097.78,1098.2,0.04,21.66,22249.18,1
2023-10-02,2023-10-02 14:04:00,1098.2,1098.62,1098.2,1098.62,0.04,21.66,22249.18,1
2023-10-02,2023-10-02 14:05:00,1098.62,1099.05,1098.62,1099.05,0.04,21.66,22249.18,1
2023-10-02,2023-10-02 14:06:00,1099.05,1099.47,1099.05,1099.47,0.04,21.66,22249.18,1
2023-10-02,2023-10-02 14:07:00,1099.47,1099.9,1099.47,1099.9,0.04,21.66,22249.18,1
2023-10-02,2023-10-02 14:08:00,1099.9,1100.33,1099.9,1100.33,0.04,21.66,22249.18,1
2023-10-02,2023-10-02 14:09:00,1100.33,1100.75,1100.33,1100.75,0.04,21.66,22249.18,1
2023-10-02,2023-10-02 14:10:00,1100.75,1101.17,1100.75,1101.17,0.04,21.66,22249.18,1
2023-10-02,2023-10-02 14:11:00,1101.17,1101.6,1101.17,1101.6,0.04,21.66,22249.18,1
2023-10-02,2023-10-02 14:12:00,1101.6,1102.03,1101.6,1102.03,0.04,21.66,22249.18,1
2023-10-02,2023-10-02 14:13:00,1102.03,1102.45,1102.03,1102.45,0.04,21.66,22249.18,1
2023-10-02,2023-10-02 14:14:00,1102.45,1102.88,1102.45,1102.88,0.04,21.66,22249.18,1
2023-10-02,2023-10-02 14:15:00,1102.88,1103.3,1102.88,1103.3,0.04,21.66,22249.18,1
2023-10-02,2023-10-02 14:16:00,1103.3,1103.72,1103.3,1103.72,0.04,21.66,22249.18,1
2023-10-02,2023-10-02 14:17:00,1103.72,1104.15,1103.72,1104.15,0.04,21.66,22249.18,1
2023-10-02,2023-10-02 14:18:00,1104.15,1104.58,1104.15,1104.58,0.04,21.66,22249.18,1
2023-10-02,2023-10-02 14:19:00,1104.58,1105.0,1104.58,1105.0,0.04,21.66,22249.18,1
2023-10-02,2023-10-02 14:20:00,1105.0,1105.42,1105.0,1105.42,0.04,21.66,22249.18,1
2023-10-02,2023-10-02 14:21:00,1105.42,1105.85,1105.42,1105.85,0.04,21.66,22249.18,1
2023-10-02,2023-10-02 14:22:00,1105.85,1106.28,1105.85,1106.28,0.04,21.66,22249.18,1
2023-10-02,2023-10-02 14:23:00,1106.28,1106.7,1106.28,1106.7,0.04,21.66,22249.18,1
2023-10-02,2023-10-02 14:24:00,1106.7,1107.12,1106.7,1107.12,0.04,21.66,22249.18,1
2023-10-02,2023-10-02 14:25:00,1107.12,1107.55,1107.12,1107.55,0.04,21.66,22249.18,1
2023-10-02,2023-10-02 14:26:00,1107.55,1107.97,1107.55,1107.97,0.04,21.66,22249.18,1
2023-10-02,2023-10-02 14:27:00,1107.97,1108.4,1107.97,1108.4,0.04,21.66,22249.18,1
2023-10-02,2023-10-02 14:28:00,1108.4,1108.83,1108.4,1108.83,0.04,21.66,22249.18,1
2023-10-02,2023-10-02 14:29:00,1108.83,1109.25,1108.83,1109.25,0.04,21.66,22249.18,1
2023-10-02,2023-10-02 14:30:00,1109.25,1109.67,1109.25,1109.67,0.04,21.66,22249.18,1
2023-10-02,2023-10-02 14:31:00,1109.67,1110.1,1109.67,1110.1,0.04,21.66,22249.18,1
2023-10-02,2023-10-02 14:32:00,1110.1,1110.53,1110.1,1110.53,0.04,21.66,22249.18,1
2023-10-02,2023-10-02 14:33:00,1110.53,1110.95,1110.53,1110.95,0.04,21.66,22249.18,1
2023-10-02,2023-10-02 14:34:00,1110.95,1111.38,1110.95,1111.38,0.04,21.66,22249.18,1
2023-10-02,2023-10-02 14:35:00,1111.38,1111.8,1111.38,1111.8,0.04,21.66,22249.18,1
2023-10-02,2023-10-02 14:36:00,1111.8,1112.22,1111.8,1112.22,0.04,21.66,22249.18,1
2023-10-02,2023-10-02 14:37:00,1112.22,1112.65,1112.22,1112.65,0.04,21.66,22249.18,1
2023-10-02,2023-10-02 14:38:00,1112.65,1113.08,1112.65,1113.08,0.04,21.66,22249.18,1
2023-10-02,2023-10-02 14:39:00,1113.08,1113.5,1113.08,1113.5,0.04,21.66,22249.18,1
2023-10-02,2023-10-02 14:40:00,1113.5,1113.92,1113.5,1113.92,0.04,21.66,22249.18,1
2023-10-02,2023-10-02 14:41:00,1113.92,1114.35,1113.92,1114.35,0.04,21.66,22249.18,1
2023-10-02,2023-10-02 14:42:00,1114.35,1114.78,1114.35,1114.78,0.04,21.66,22249.18,1
2023-10-02,2023-10-02 14:43:00,1114.78,1115.2,1114.78,1115.2,0.04,21.66,22249.18,1
2023-10-02,2023-10-02 14:44:00,1115.2,1115.62,1115.2,1115.62,0.04,21.66,22249.18,1
2023-10-02,2023-10-02 14:45:00,1115.62,1116.05,1115.62,1116.05,0.04,21.66,22249.18,1
2023-10-02,2023-10-02 14:46:00,1116.05,1116.47,1116.05,1116.47,0.04,21.66,22249.18,1
2023-10-02,2023-10-02 14:47:00,1116.47,1116.9,1116.47,1116.9,0.04,21.66,22249.18,1
2023-10-02,2023-10-02 14:48:00,1116.9,1117.33,1116.9,1117.33,0.04,21.66,22249.18,1
2023-10-02,2023-10-02 14:49:00,1117.33,1117.75,1117.33,1117.75,0.04,21.66,22249.18,1
2023-10-02,2023-10-02 14:50:00,1117.75,1118.17,1117.75,1118.17,0.04,21.66,22249.18,1
2023-10-02,2023-10-02 14:51:00,1118.17,1118.6,1118.17,1118.6,0.04,21.66,22249.18,1
2023-10-02,2023-10-02 14:52:00,1118.6,1119.03,1118.6,1119.03,0.04,21.66,22249.18,1
2023-10-02,2023-10-02 14:53:00,1119.03,1119.45,1119.03,1119.45,0.04,21.66,22249.18,1
2023-10-02,2023-10-02 14:54:00,1119.45,1119.88,1119.45,1119.88,0.04,21.66,22249.18,1
2023-10-02,2023-10-02 14:55:00,1119.88,1120.3,1119.88,1120.3,0.04,21.66,22249.18,1
2023-10-02,2023-10-02 14:56:00,1120.3,1120.72,1120.3,1120.72,0.04,21.66,22249.18,1
2023-10-02,2023-10-02 14:57:00,1120.72,1121.15,1120.72,1121.15,0.04,21.66,22249.18,1
2023-10-02,2023-10-02 14:58:00,1121.15,1121.58,1121.15,1121.58,0.04,21.66,22249.18,1
2023-10-02,2023-10-02 14:59:00,1121.58,1122.0,1121.58,1122.0,0.04,21.66,22249.18,1
2023-10-02,2023-10-02 15:00:00,1122.0,1122.0,1000.0,1122.0,0.0,21.66,22249.18,0
2023-10-03,2023-10-03 11:00:00,1144.4,1144.4,1111.49,1144.01,-0.03,11.01,11641.97,-1
2023-10-03,2023-10-03 11:01:00,1144.01,1144.01,1143.61,1143.61,-0.03,11.01,11641.97,-1
2023-10-03,2023-10-03 11:02:00,1143.61,1143.61,1143.22,1143.22,-0.03,11.01,11641.97,-1
2023-10-03,2023-10-03 11:03:00,1143.22,1143.22,1142.83,1142.83,-0.03,11.01,11641.97,-1
2023-10-03,2023-10-03 11:04:00,1142.83,1142.83,1142.43,1142.43,-0.04,11.01,11641.97,-1
2023-10-03,2023-10-03 11:05:00,1142.43,1142.43,1142.04,1142.04,-0.03,11.01,11641.97,-1
2023-10-03,2023-10-03 11:06:00,1142.04,1142.04,1141.65,1141.65,-0.03,11.01,11641.97,-1
2023-10-03,2023-10-03 11:07:00,1141.65,1141.65,1141.25,1141.25,-0.04,11.01,11641.97,-1
2023-10-03,2023-10-03 11:08:00,1141.25,1141.25,1140.86,1140.86,-0.03,11.01,11641.97,-1
2023-10-03,2023-10-03 11:09:00,1140.86,1140.86,1140.47,1140.47,-0.03,11.01,11641.97,-1
2023-10-03,2023-10-03 11:10:00,1140.47,1140.47,1140.07,1140.07,-0.04,11.01,11641.97,-1
2023-10-03,2023-10-03 11:11:00,1140.07,1140.07,1139.68,1139.68,-0.03,11.01,11641.97,-1
2023-10-03,2023-10-03 11:12:00,1139.68,1139.68,1139.29,1139.29,-0.03,11.01,11641.97,-1
2023-10-03,2023-10-03 11:13:00,1139.29,1139.29,1138.89,1138.89,-0.04,11.01,11641.97,-1
2023-10-03,2023-10-03 11:14:00,1138.89,1138.89,1138.5,1138.5,-0.03,11.01,11641.97,-1
2023-10-03,2023-10-03 11:15:00,1138.5,1138.5,1138.11,1138.11,-0.03,11.01,11641.97,-1
2023-10-03,2023-10-03 11:16:00,1138.11,1138.11,1137.71,1137.71,-0.04,11.01,11641.97,-1
2023-10-03,2023-10-03 11:17:00,1137.71,1137.71,1137.32,1137.32,-0.03,11.01,11641.97,-1
2023-10-03,2023-10-03 11:18:00,1137.32,1137.32,1136.93,1136.93,-0.03,11.01,11641.97,-1
2023-10-03,2023-10-03 11:19:00,1136.93,1136.93,1136.53,1136.53,-0.04,11.01,11641.97,-1
2023-10-03,2023-10-03 11:20:00,1136.53,1136.53,1136.14,1136.14,-0.03,11.01,11641.97,-1
2023-10-03,2023-10-03 11:21:00,1136.14,1136.14,1135.75,1135.75,-0.03,11.01,11641.97,-1
2023-10-03,2023-10-03 11:22:00,1135.75,1135.75,1135.35,1135.35,-0.04,11.01,11641.97,-1
2023-10-03,2023-10-03 11:23:00,1135.35,1135.35,1134.96,1134.96,-0.03,11.01,11641.97,-1
2023-10-03,2023-10-03 11:24:00,1134.96,1134.96,1134.57,1134.57,-0.03,11.01,11641.97,-1
2023-10-03,2023-10-03 11:25:00,1134.57,1134.57,1134.17,1134.17,-0.04,11.01,11641.97,-1
2023-10-03,2023-10-03 11:26:00,1134.17,1134.17,1133.78,1133.78,-0.03,11.01,11641.97,-1
2023-10-03,2023-10-03 11:27:00,1133.78,1133.78,1133.39,1133.39,-0.03,11.01,11641.97,-1
2023-10-03,2023-10-03 11:28:00,1133.39,1133.39,1132.99,1132.99,-0.04,11.01,11641.97,-1
2023-10-03,2023-10-03 11:29:00,1132.99,1132.99,1132.6,1132.6,-0.03,11.01,11641.97,-1
2023-10-03,2023-10-03 11:30:00,1132.6,1132.6,1132.21,1132.21,-0.03,11.01,11641.97,-1
2023-10-03,2023-10-03 11:31:00,1132.21,1132.21,1131.81,1131.81,-0.04,11.01,11641.97,-1
2023-10-03,2023-10-03 11:32:00,1131.81,1131.81,1131.42,1131.42,-0.03,11.01,11641.97,-1
2023-10-03,2023-10-03 11:33:00,1131.42,1131.42,1131.03,1131.03,-0.03,11.01,11641.97,-1
2023-10-03,2023-10-03 11:34:00,1131.03,1131.03,1130.63,1130.63,-0.04,11.01,11641.97,-1
2023-10-03,2023-10-03 11:35:00,1130.63,1130.63,1130.24,1130.24,-0.03,11.01,11641.97,-1
2023-10-03,2023-10-03 11:36:00,1130.24,1130.24,1129.85,1129.85,-0.03,11.01,11641.97,-1
2023-10-03,2023-10-03 11:37:00,1129.85,1129.85,1129.45,1129.45,-0.04,11.01,11641.97,-1
2023-10-03,2023-10-03 11:38:00,1129.45,1129.45,1129.06,1129.06,-0.03,11.01,11641.97,-1
2023-10-03,2023-10-03 11:39:00,1129.06,1129.06,1128.67,1128.67,-0.03,11.01,11641.97,-1
2023-10-03,2023-10-03 11:40:00,1128.67,1128.67,1128.27,1128.27,-0.04,11.01,11641.97,-1
2023-10-03,2023-10-03 11:41:00,1128.27,1128.27,1127.88,1127.88,-0.03,11.01,11641.97,-1
2023-10-03,2023-10-03 11:42:00,1127.88,1127.88,1127.49,1127.49,-0.03,11.01,11641.97,-1
2023-10-03,2023-10-03 11:43:00,1127.49,1127.49,1127.09,1127.09,-0.04,11.01,11641.97,-1
2023-10-03,2023-10-03 11:44:00,1127.09,1127.09,1126.7,1126.7,-0.03,11.01,11641.97,-1
2023-10-03,2023-10-03 11:45:00,1126.7,1126.7,1126.31,1126.31,-0.03,11.01,11641.97,-1
2023-10-03,2023-10-03 11:46:00,1126.31,1126.31,1125.91,1125.91,-0.04,11.01,11641.97,-1
2023-10-03,2023-10-03 11:47:00,1125.91,1125.91,1125.52,1125.52,-0.03,11.01,11641.97,-1
2023-10-03,2023-10-03 11:48:00,1125.52,1125.52,1125.13,1125.13,-0.03,11.01,11641.97,-1
2023-10-03,2023-10-03 11:49:00,1125.13,1125.13,1124.73,1124.73,-0.04,11.01,11641.97,-1
2023-10-03,2023-10-03 11:50:00,1124.73,1124.73,1124.34,1124.34,-0.03,11.01,11641.97,-1
2023-10-03,2023-10-03 11:51:00,1124.34,1124.34,1123.95,1123.95,-0.03,11.01,11641.97,-1
2023-10-03,2023-10-03 11:52:00,1123.95,1123.95,1123.55,1123.55,-0.04,11.01,11641.97,-1
2023-10-03,2023-10-03 11:53:00,1123.55,1123.55,1123.16,1123.16,-0.03,11.01,11641.97,-1
2023-10-03,2023-10-03 11:54:00,1123.16,1123.16,1122.77,1122.77,-0.03,11.01,11641.97,-1
2023-10-03,2023-10-03 11:55:00,1122.77,1122.77,1122.37,1122.37,-0.04,11.01,11641.97,-1
2023-10-03,2023-10-03 11:56:00,1122.37,1122.37,1121.98,1121.98,-0.03,11.01,11641.97,-1
2023-10-03,2023-10-03 11:57:00,1121.98,1121.98,1121.59,1121.59,-0.03,11.01,11641.97,-1
2023-10-03,2023-10-03 11:58:00,1121.59,1121.59,1121.19,1121.19,-0.04,11.01,11641.97,-1
2023-10-03,2023-10-03 11:59:00,1121.19,1121.19,1120.8,1120.8,-0.03,11.01,11641.97,-1
2023-10-03,2023-10-03 12:00:00,1120.8,1120.8,1120.41,1120.41,-0.03,11.01,11641.97,-1
2023-10-03,2023-10-03 12:01:00,1120.41,1120.41,1120.01,1120.01,-0.04,11.01,11641.97,-1
2023-10-03,2023-10-03 12:02:00,1120.01,1120.01,1119.62,1119.62,-0.03,11.01,11641.97,-1
2023-10-03,2023-10-03 12:03:00,1119.62,1119.62,1119.23,1119.23,-0.03,11.01,11641.97,-1
2023-10-03,2023-10-03 12:04:00,1119.23,1119.23,1118.83,1118.83,-0.04,11.01,11641.97,-1
2023-10-03,2023-10-03 12:05:00,1118.83,1118.83,1118.44,1118.44,-0.03,11.01,11641.97,-1
2023-10-03,2023-10-03 12:06:00,1118.44,1118.44,1118.05,1118.05,-0.03,11.01,11641.97,-1
2023-10-03,2023-10-03 12:07:00,1118.05,1118.05,1117.65,1117.65,-0.04,11.01,11641.97,-1
2023-10-03,2023-10-03 12:08:00,1117.65,1117.65,1117.26,1117.26,-0.03,11.01,11641.97,-1
2023-10-03,2023-10-03 12:09:00,1117.26,1117.26,1116.87,1116.87,-0.03,11.01,11641.97,-1
2023-10-03,2023-10-03 12:10:00,1116.87,1116.87,1116.47,1116.47,-0.04,11.01,11641.97,-1
2023-10-03,2023-10-03 12:11:00,1116.47,1116.47,1116.08,1116.08,-0.03,11.01,11641.97,-1
2023-10-03,2023-10-03 12:12:00,1116.08,1116.08,1115.69,1115.69,-0.03,11.01,11641.97,-1
2023-10-03,2023-10-03 12:13:00,1115.69,1115.69,1115.29,1115.29,-0.04,11.01,11641.97,-1
2023-10-03,2023-10-03 12:14:00,1115.29,1115.29,1114.9,1114.9,-0.03,11.01,11641.97,-1
2023-10-03,2023-10-03 12:15:00,1114.9,1114.9,1114.51,1114.51,-0.03,11.01,11641.97,-1
2023-10-03,2023-10-03 12:16:00,1114.51,1114.51,1114.11,1114.11,-0.04,11.01,11641.97,-1
2023-10-03,2023-10-03 12:17:00,1114.11,1114.11,1113.72,1113.72,-0.04,11.01,11641.97,-1
2023-10-03,2023-10-03 12:18:00,1113.72,1113.72,1113.33,1113.33,-0.04,11.01,11641.97,-1
2023-10-03,2023-10-03 12:19:00,1113.33,1113.33,1112.93,1112.93,-0.04,11.01,11641.97,-1
2023-10-03,2023-10-03 12:20:00,1112.93,1112.93,1112.54,1112.54,-0.04,11.01,11641.97,-1
2023-10-03,2023-10-03 12:21:00,1112.54,1112.54,1112.15,1112.15,-0.04,11.01,11641.97,-1
2023-10-03,2023-10-03 12:22:00,1112.15,1112.15,1111.75,1111.75,-0.04,11.01,11641.97,-1
2023-10-03,2023-10-03 12:23:00,1111.75,1111.75,1111.36,1111.36,-0.04,11.01,11641.97,-1
2023-10-03,2023-10-03 12:24:00,1111.36,1111.36,1110.97,1110.97,-0.04,11.01,11641.97,-1
2023-10-03,2023-10-03 12:25:00,1110.97,1110.97,1110.57,1110.57,-0.04,11.01,11641.97,-1
2023-10-03,2023-10-03 12:26:00,1110.57,1110.57,1110.18,1110.18,-0.04,11.01,11641.97,-1
2023-10-03,2023-10-03 12:27:00,1110.18,1110.18,1109.79,1109.79,-0.04,11.01,11641.97,-1
2023-10-03,2023-10-03 12:28:00,1109.79,1109.79,1109.39,1109.39,-0.04,11.01,11641.97,-1
2023-10-03,2023-10-03 12:29:00,1109.39,1109.39,1109.0,1109.0,-0.04,11.01,11641.97,-1
2023-10-03,2023-10-03 12:30:00,1109.0,1109.0,1108.61,1108.61,-0.04,11.01,11641.97,-1
2023-10-03,2023-10-03 12:31:00,1108.61,1108.61,1108.21,1108.21,-0.04,11.01,11641.97,-1
2023-10-03,2023-10-03 12:32:00,1108.21,1108.21,1107.82,1107.82,-0.04,11.01,11641.97,-1
2023-10-03,2023-10-03 12:33:00,1107.82,1107.82,1107.43,1107.43,-0.04,11.01,11641.97,-1
2023-10-03,2023-10-03 12:34:00,1107.43,1107.43,1107.03,1107.03,-0.04,11.01,11641.97,-1
2023-10-03,2023-10-03 12:35:00,1107.03,1107.03,1106.64,1106.64,-0.04,11.01,11641.97,-1
2023-10-03,2023-10-03 12:36:00,1106.64,1106.64,1106.25,1106.25,-0.04,11.01,11641.97,-1
2023-10-03,2023-10-03 12:37:00,1106.25,1106.25,1105.85,1105.85,-0.04,11.01,11641.97,-1
2023-10-03,2023-10-03 12:38:00,1105.85,1105.85,1105.46,1105.46,-0.04,11.01,11641.97,-1
2023-10-03,2023-10-03 12:39:00,1105.46,1105.46,1105.07,1105.07,-0.04,11.01,11641.97,-1
2023-10-03,2023-10-03 12:40:00,1105.07,1105.07,1104.67,1104.67,-0.04,11.01,11641.97,-1
2023-10-03,2023-10-03 12:41:00,1104.67,1104.67,1104.28,1104.28,-0.04,11.01,11641.97,-1
2023-10-03,2023-10-03 12:42:00,1104.28,1104.28,1103.89,1103.89,-0.04,11.01,11641.97,-1
2023-10-03,2023-10-03 12:43:00,1103.89,1103.89,1103.49,1103.49,-0.04,11.01,11641.97,-1
2023-10-03,2023-10-03 12:44:00,1103.49,1103.49,1103.1,1103.1,-0.04,11.01,11641.97,-1
2023-10-03,2023-10-03 12:45:00,1103.1,1103.1,1102.71,1102.71,-0.04,11.01,11641.97,-1
2023-10-03,2023-10-03 12:46:00,1102.71,1102.71,1102.31,1102.31,-0.04,11.01,11641.97,-1
2023-10-03,2023-10-03 12:47:00,1102.31,1102.31,1101.92,1101.92,-0.04,11.01,11641.97,-1
2023-10-03,2023-10-03 12:48:00,1101.92,1101.92,1101.53,1101.53,-0.04,11.01,11641.97,-1
2023-10-03,2023-10-03 12:49:00,1101.53,1101.53,1101.13,1101.13,-0.04,11.01,11641.97,-1
2023-10-03,2023-10-03 12:50:00,1101.13,1101.13,1100.74,1100.74,-0.04,11.01,11641.97,-1
2023-10-03,2023-10-03 12:51:00,1100.74,1100.74,1100.35,1100.35,-0.04,11.01,11641.97,-1
2023-10-03,2023-10-03 12:52:00,1100.35,1100.35,1099.95,1099.95,-0.04,11.01,11641.97,-1
2023-10-03,2023-10-03 12:53:00,1099.95,1099.95,1099.56,1099.56,-0.04,11.01,11641.97,-1
2023-10-03,2023-10-03 12:54:00,1099.56,1099.56,1099.17,1099.17,-0.04,11.01,11641.97,-1
2023-10-03,2023-10-03 12:55:00,1099.17,1099.17,1098.77,1098.77,-0.04,11.01,11641.97,-1
2023-10-03,2023-10-03 12:56:00,1098.77,1098.77,1098.38,1098.38,-0.04,11.01,11641.97,-1
2023-10-03,2023-10-03 12:57:00,1098.38,1098.38,1097.99,1097.99,-0.04,11.01,11641.97,-1
2023-10-03,2023-10-03 12:58:00,1097.99,1097.99,1097.59,1097.59,-0.04,11.01,11641.97,-1
2023-10-03,2023-10-03 12:59:00,1097.59,1097.59,1097.2,1097.2,-0.04,11.01,11641.97,-1
2023-10-03,2023-10-03 13:00:00,1097.2,1144.4,1034.7,1096.81,-0.04,11.01,11641.97,-1
2023-10-03,2023-10-03 13:01:00,1096.81,1096.81,1096.41,1096.41,-0.04,11.01,11641.97,-1
2023-10-03,2023-10-03 13:02:00,1096.41,1096.41,1096.02,1096.02,-0.04,11.01,11641.97,-1
2023-10-03,2023-10-03 13:03:00,1096.02,1096.02,1095.63,1095.63,-0.04,11.01,11641.97,-1
2023-10-03,2023-10-03 13:04:00,1095.63,1095.63,1095.23,1095.23,-0.04,11.01,11641.97,-1
2023-10-03,2023-10-03 13:05:00,1095.23,1095.23,1094.84,1094.84,-0.04,11.01,11641.97,-1
2023-10-03,2023-10-03 13:06:00,1094.84,1094.84,1094.45,1094.45,-0.04,11.01,11641.97,-1
2023-10-03,2023-10-03 13:07:00,1094.45,1094.45,1094.05,1094.05,-0.04,11.01,11641.97,-1
2023-10-03,2023-10-03 13:08:00,1094.05,1094.05,1093.66,1093.66,-0.04,11.01,11641.97,-1
2023-10-03,2023-10-03 13:09:00,1093.66,1093.66,1093.27,1093.27,-0.04,11.01,11641.97,-1
2023-10-03,2023-10-03 13:10:00,1093.27,1093.27,1092.87,1092.87,-0.04,11.01,11641.97,-1
2023-10-03,2023-10-03 13:11:00,1092.87,1092.87,1092.48,1092.48,-0.04,11.01,11641.97,-1
2023-10-03,2023-10-03 13:12:00,1092.48,1092.48,1092.09,1092.09,-0.04,11.01,11641.97,-1
2023-10-03,2023-10-03 13:13:00,1092.09,1092.09,1091.69,1091.69,-0.04,11.01,11641.97,-1
2023-10-03,2023-10-03 13:14:00,1091.69,1091.69,1091.3,1091.3,-0.04,11.01,11641.97,-1
2023-10-03,2023-10-03 13:15:00,1091.3,1091.3,1090.91,1090.91,-0.04,11.01,11641.97,-1
2023-10-03,2023-10-03 13:16:00,1090.91,1090.91,1090.51,1090.51,-0.04,11.01,11641.97,-1
2023-10-03,2023-10-03 13:17:00,1090.51,1090.51,1090.12,1090.12,-0.04,11.01,11641.97,-1
2023-10-03,2023-10-03 13:18:00,1090.12,1090.12,1089.73,1089.73,-0.04,11.01,11641.97,-1
2023-10-03,2023-10-03 13:19:00,1089.73,1089.73,1089.33,1089.33,-0.04,11.01,11641.97,-1
2023-10-03,2023-10-03 13:20:00,1089.33,1089.33,1088.94,1088.94,-0.04,11.01,11641.97,-1
2023-10-03,2023-10-03 13:21:00,1088.94,1088.94,1088.55,1088.55,-0.04,11.01,11641.97,-1
2023-10-03,2023-10-03 13:22:00,1088.55,1088.55,1088.15,1088.15,-0.04,11.01,11641.97,-1
2023-10-03,2023-10-03 13:23:00,1088.15,1088.15,1087.76,1087.76,-0.04,11.01,11641.97,-1
2023-10-03,2023-10-03 13:24:00,1087.76,1087.76,1087.37,1087.37,-0.04,11.01,11641.97,-1
2023-10-03,2023-10-03 13:25:00,1087.37,1087.37,1086.97,1086.97,-0.04,11.01,11641.97,-1
2023-10-03,2023-10-03 13:26:00,1086.97,1086.97,1086.58,1086.58,-0.04,11.01,11641.97,-1
2023-10-03,2023-10-03 13:27:00,1086.58,1086.58,1086.19,1086.19,-0.04,11.01,11641.97,-1
2023-10-03,2023-10-03 13:28:00,1086.19,1086.19,1085.79,1085.79,-0.04,11.01,11641.97,-1
2023-10-03,2023-10-03 13:29:00,1085.79,1085.79,1085.4,1085.4,-0.04,11.01,11641.97,-1
2023-10-03,2023-10-03 13:30:00,1085.4,1085.4,1085.01,1085.01,-0.04,11.01,11641.97,-1
2023-10-03,2023-10-03 13:31:00,1085.01,1085.01,1084.61,1084.61,-0.04,11.01,11641.97,-1
2023-10-03,2023-10-03 13:32:00,1084.61,1084.61,1084.22,1084.22,-0.04,11.01,11641.97,-1
2023-10-03,2023-10-03 13:33:00,1084.22,1084.22,1083.83,1083.83,-0.04,11.01,11641.97,-1
2023-10-03,2023-10-03 13:34:00,1083.83,1083.83,1083.43,1083.43,-0.04,11.01,11641.97,-1
2023-10-03,2023-10-03 13:35:00,1083.43,1083.43,1083.04,1083.04,-0.04,11.01,11641.97,-1
2023-10-03,2023-10-03 13:36:00,1083.04,1083.04,1082.65,1082.65,-0.04,11.01,11641.97,-1
2023-10-03,2023-10-03 13:37:00,1082.65,1082.65,1082.25,1082.25,-0.04,11.01,11641.97,-1
2023-10-03,2023-10-03 13:38:00,1082.25,1082.25,1081.86,1081.86,-0.04,11.01,11641.97,-1
2023-10-03,2023-10-03 13:39:00,1081.86,1081.86,1081.47,1081.47,-0.04,11.01,11641.97,-1
2023-10-03,2023-10-03 13:40:00,1081.47,1081.47,1081.07,1081.07,-0.04,11.01,11641.97,-1
2023-10-03,2023-10-03 13:41:00,1081.07,1081.07,1080.68,1080.68,-0.04,11.01,11641.97,-1
2023-10-03,2023-10-03 13:42:00,1080.68,1080.68,1080.29,1080.29,-0.04,11.01,11641.97,-1
2023-10-03,2023-10-03 13:43:00,1080.29,1080.29,1079.89,1079.89,-0.04,11.01,11641.97,-1
2023-10-03,2023-10-03 13:44:00,1079.89,1079.89,1079.5,1079.5,-0.04,11.01,11641.97,-1
2023-10-03,2023-10-03 13:45:00,1079.5,1079.5,1079.11,1079.11,-0.04,11.01,11641.97,-1
2023-10-03,2023-10-03 13:46:00,1079.11,1079.11,1078.71,1078.71,-0.04,11.01,11641.97,-1
2023-10-03,2023-10-03 13:47:00,1078.71,1078.71,1078.32,1078.32,-0.04,11.01,11641.97,-1
2023-10-03,2023-10-03 13:48:00,1078.32,1078.32,1077.93,1077.93,-0.04,11.01,11641.97,-1
2023-10-03,2023-10-03 13:49:00,1077.93,1077.93,1077.53,1077.53,-0.04,11.01,11641.97,-1
2023-10-03,2023-10-03 13:50:00,1077.53,1077.53,1077.14,1077.14,-0.04,11.01,11641.97,-1
2023-10-03,2023-10-03 13:51:00,1077.14,1077.14,1076.75,1076.75,-0.04,11.01,11641.97,-1
2023-10-03,2023-10-03 13:52:00,1076.75,1076.75,1076.35,1076.35,-0.04,11.01,11641.97,-1
2023-10-03,2023-10-03 13:53:00,1076.35,1076.35,1075.96,1075.96,-0.04,11.01,11641.97,-1
2023-10-03,2023-10-03 13:54:00,1075.96,1075.96,1075.57,1075.57,-0.04,11.01,11641.97,-1
2023-10-03,2023-10-03 13:55:00,1075.57,1075.57,1075.17,1075.17,-0.04,11.01,11641.97,-1
2023-10-03,2023-10-03 13:56:00,1075.17,1075.17,1074.78,1074.78,-0.04,11.01,11641.97,-1
2023-10-03,2023-10-03 13:57:00,1074.78,1074.78,1074.39,1074.39,-0.04,11.01,11641.97,-1
2023-10-03,2023-10-03 13:58:00,1074.39,1074.39,1073.99,1073.99,-0.04,11.01,11641.97,-1
2023-10-03,2023-10-03 13:59:00,1073.99,1073.99,1073.6,1073.6,-0.04,11.01,11641.97,-1
2023-10-03,2023-10-03 14:00:00,1073.6,1073.6,1073.21,1073.21,-0.04,11.01,11641.97,-1
2023-10-03,2023-10-03 14:01:00,1073.21,1073.21,1072.81,1072.81,-0.04,11.01,11641.97,-1
2023-10-03,2023-10-03 14:02:00,1072.81,1072.81,1072.42,1072.42,-0.04,11.01,11641.97,-1
2023-10-03,2023-10-03 14:03:00,1072.42,1072.42,1072.03,1072.03,-0.04,11.01,11641.97,-1
2023-10-03,2023-10-03 14:04:00,1072.03,1072.03,1071.63,1071.63,-0.04,11.01,11641.97,-1
2023-10-03,2023-10-03 14:05:00,1071.63,1071.63,1071.24,1071.24,-0.04,11.01,11641.97,-1
2023-10-03,2023-10-03 14:06:00,1071.24,1071.24,1070.85,1070.85,-0.04,11.01,11641.97,-1
2023-10-03,2023-10-03 14:07:00,1070.85,1070.85,1070.45,1070.45,-0.04,11.01,11641.97,-1
2023-10-03,2023-10-03 14:08:00,1070.45,1070.45,1070.06,1070.06,-0.04,11.01,11641.97,-1
2023-10-03,2023-10-03 14:09:00,1070.06,1070.06,1069.67,1069.67,-0.04,11.01,11641.97,-1
2023-10-03,2023-10-03 14:10:00,1069.67,1069.67,1069.27,1069.27,-0.04,11.01,11641.97,-1
2023-10-03,2023-10-03 14:11:00,1069.27,1069.27,1068.88,1068.88,-0.04,11.01,11641.97,-1
2023-10-03,2023-10-03 14:12:00,1068.88,1068.88,1068.49,1068.49,-0.04,11.01,11641.97,-1
2023-10-03,2023-10-03 14:13:00,1068.49,1068.49,1068.09,1068.09,-0.04,11.01,11641.97,-1
2023-10-03,2023-10-03 14:14:00,1068.09,1068.09,1067.7,1067.7,-0.04,11.01,11641.97,-1
2023-10-03,2023-10-03 14:15:00,1067.7,1067.7,1067.31,1067.31,-0.04,11.01,11641.97,-1
2023-10-03,2023-10-03 14:16:00,1067.31,1067.31,1066.91,1066.91,-0.04,11.01,11641.97,-1
2023-10-03,2023-10-03 14:17:00,1066.91,1066.91,1066.52,1066.52,-0.04,11.01,11641.97,-1
2023-10-03,2023-10-03 14:18:00,1066.52,1066.52,1066.13,1066.13,-0.04,11.01,11641.97,-1
2023-10-03,2023-10-03 14:19:00,1066.13,1066.13,1065.73,1065.73,-0.04,11.01,11641.97,-1
2023-10-03,2023-10-03 14:20:00,1065.73,1065.73,1065.34,1065.34,-0.04,11.01,11641.97,-1
2023-10-03,2023-10-03 14:21:00,1065.34,1065.34,1064.95,1064.95,-0.04,11.01,11641.97,-1
2023-10-03,2023-10-03 14:22:00,1064.95,1064.95,1064.55,1064.55,-0.04,11.01,11641.97,-1
2023-10-03,2023-10-03 14:23:00,1064.55,1064.55,1064.16,1064.16,-0.04,11.01,11641.97,-1
2023-10-03,2023-10-03 14:24:00,1064.16,1064.16,1063.77,1063.77,-0.04,11.01,11641.97,-1
2023-10-03,2023-10-03 14:25:00,1063.77,1063.77,1063.37,1063.37,-0.04,11.01,11641.97,-1
2023-10-03,2023-10-03 14:26:00,1063.37,1063.37,1062.98,1062.98,-0.04,11.01,11641.97,-1
2023-10-03,2023-10-03 14:27:00,1062.98,1062.98,1062.59,1062.59,-0.04,11.01,11641.97,-1
2023-10-03,2023-10-03 14:28:00,1062.59,1062.59,1062.19,1062.19,-0.04,11.01,11641.97,-1
2023-10-03,2023-10-03 14:29:00,1062.19,1062.19,1061.8,1061.8,-0.04,11.01,11641.97,-1
2023-10-03,2023-10-03 14:30:00,1061.8,1061.8,1061.41,1061.41,-0.04,11.01,11641.97,-1
2023-10-03,2023-10-03 14:31:00,1061.41,1061.41,1061.01,1061.01,-0.04,11.01,11641.97,-1
2023-10-03,2023-10-03 14:32:00,1061.01,1061.01,1060.62,1060.62,-0.04,11.01,11641.97,-1
2023-10-03,2023-10-03 14:33:00,1060.62,1060.62,1060.23,1060.23,-0.04,11.01,11641.97,-1
2023-10-03,2023-10-03 14:34:00,1060.23,1060.23,1059.83,1059.83,-0.04,11.01,11641.97,-1
2023-10-03,2023-10-03 14:35:00,1059.83,1059.83,1059.44,1059.44,-0.04,11.01,11641.97,-1
2023-10-03,2023-10-03 14:36:00,1059.44,1059.44,1059.05,1059.05,-0.04,11.01,11641.97,-1
2023-10-03,2023-10-03 14:37:00,1059.05,1059.05,1058.65,1058.65,-0.04,11.01,11641.97,-1
2023-10-03,2023-10-03 14:38:00,1058.65,1058.65,1058.26,1058.26,-0.04,11.01,11641.97,-1
2023-10-03,2023-10-03 14:39:00,1058.26,1058.26,1057.87,1057.87,-0.04,11.01,11641.97,-1
2023-10-03,2023-10-03 14:40:00,1057.87,1057.87,1057.47,1057.47,-0.04,11.01,11641.97,-1
2023-10-03,2023-10-03 14:41:00,1057.47,1057.47,1057.08,1057.08,-0.04,11.01,11641.97,-1
2023-10-03,2023-10-03 14:42:00,1057.08,1057.08,1056.69,1056.69,-0.04,11.01,11641.97,-1
2023-10-03,2023-10-03 14:43:00,1056.69,1056.69,1056.29,1056.29,-0.04,11.01,11641.97,-1
2023-10-03,2023-10-03 14:44:00,1056.29,1056.29,1055.9,1055.9,-0.04,11.01,11641.97,-1
2023-10-03,2023-10-03 14:45:00,1055.9,1055.9,1055.51,1055.51,-0.04,11.01,11641.97,-1
2023-10-03,2023-10-03 14:46:00,1055.51,1055.51,1055.11,1055.11,-0.04,11.01,11641.97,-1
2023-10-03,2023-10-03 14:47:00,1055.11,1055.11,1054.72,1054.72,-0.04,11.01,11641.97,-1
2023-10-03,2023-10-03 14:48:00,1054.72,1054.72,1054.33,1054.33,-0.04,11.01,11641.97,-1
2023-10-03,2023-10-03 14:49:00,1054.33,1054.33,1053.93,1053.93,-0.04,11.01,11641.97,-1
2023-10-03,2023-10-03 14:50:00,1053.93,1053.93,1053.54,1053.54,-0.04,11.01,11641.97,-1
2023-10-03,2023-10-03 14:51:00,1053.54,1053.54,1053.15,1053.15,-0.04,11.01,11641.97,-1
2023-10-03,2023-10-03 14:52:00,1053.15,1053.15,1052.75,1052.75,-0.04,11.01,11641.97,-1
2023-10-03,2023-10-03 14:53:00,1052.75,1052.75,1052.36,1052.36,-0.04,11.01,11641.97,-1
2023-10-03,2023-10-03 14:54:00,1052.36,1052.36,1051.97,1051.97,-0.04,11.01,11641.97,-1
2023-10-03,2023-10-03 14:55:00,1051.97,1051.97,1051.57,1051.57,-0.04,11.01,11641.97,-1
2023-10-03,2023-10-03 14:56:00,1051.57,1051.57,1051.18,1051.18,-0.04,11.01,11641.97,-1
2023-10-03,2023-10-03 14:57:00,1051.18,1051.18,1050.79,1050.79,-0.04,11.01,11641.97,-1
2023-10-03,2023-10-03 14:58:00,1050.79,1050.79,1050.39,1050.39,-0.04,11.01,11641.97,-1
2023-10-03,2023-10-03 14:59:00,1050.39,1050.39,1050.0,1050.0,-0.04,11.01,11641.97,-1
2023-10-03,2023-10-03 15:00:00,1050.0,1144.4,1034.7,1050.0,0.0,11.01,11641.97,0
2023-10-04,2023-10-04 11:00:00,1029.0,1059.3,1029.0,1029.42,0.04,23.89,25195.63,1
2023-10-04,2023-10-04 11:01:00,1029.42,1029.84,1029.42,1029.84,0.04,23.89,25195.63,1
2023-10-04,2023-10-04 11:02:00,1029.84,1030.26,1029.84,1030.26,0.04,23.89,25195.63,1
2023-10-04,2023-10-04 11:03:00,1030.26,1030.68,1030.26,1030.68,0.04,23.89,25195.63,1
2023-10-04,2023-10-04 11:04:00,1030.68,1031.1,1030.68,1031.1,0.04,23.89,25195.63,1
2023-10-04,2023-10-04 11:05:00,1031.1,1031.53,1031.1,1031.53,0.04,23.89,25195.63,1
2023-10-04,2023-10-04 11:06:00,1031.53,1031.95,1031.53,1031.95,0.04,23.89,25195.63,1
2023-10-04,2023-10-04 11:07:00,1031.95,1032.37,1031.95,1032.37,0.04,23.89,25195.63,1
2023-10-04,2023-10-04 11:08:00,1032.37,1032.79,1032.37,1032.79,0.04,23.89,25195.63,1
2023-10-04,2023-10-04 11:09:00,1032.79,1033.21,1032.79,1033.21,0.04,23.89,25195.63,1
2023-10-04,2023-10-04 11:10:00,1033.21,1033.63,1033.21,1033.63,0.04,23.89,25195.63,1
2023-10-04,2023-10-04 11:11:00,1033.63,1034.05,1033.63,1034.05,0.04,23.89,25195.63,1
2023-10-04,2023-10-04 11:12:00,1034.05,1034.47,1034.05,1034.47,0.04,23.89,25195.63,1
2023-10-04,2023-10-04 11:13:00,1034.47,1034.89,1034.47,1034.89,0.04,23.89,25195.63,1
2023-10-04,2023-10-04 11:14:00,1034.89,1035.31,1034.89,1035.31,0.04,23.89,25195.63,1
2023-10-04,2023-10-04 11:15:00,1035.31,1035.73,1035.31,1035.73,0.04,23.89,25195.63,1
2023-10-04,2023-10-04 11:16:00,1035.73,1036.15,1035.73,1036.15,0.04,23.89,25195.63,1
2023-10-04,2023-10-04 11:17:00,1036.15,1036.58,1036.15,1036.58,0.04,23.89,25195.63,1
2023-10-04,2023-10-04 11:18:00,1036.58,1037.0,1036.58,1037.0,0.04,23.89,25195.63,1
2023-10-04,2023-10-04 11:19:00,1037.0,1037.42,1037.0,1037.42,0.04,23.89,25195.63,1
2023-10-04,2023-10-04 11:20:00,1037.42,1037.84,1037.42,1037.84,0.04,23.89,25195.63,1
2023-10-04,2023-10-04 11:21:00,1037.84,1038.26,1037.84,1038.26,0.04,23.89,25195.63,1
2023-10-04,2023-10-04 11:22:00,1038.26,1038.68,1038.26,1038.68,0.04,23.89,25195.63,1
2023-10-04,2023-10-04 11:23:00,1038.68,1039.1,1038.68,1039.1,0.04,23.89,25195.63,1
2023-10-04,2023-10-04 11:24:00,1039.1,1039.52,1039.1,1039.52,0.04,23.89,25195.63,1
2023-10-04,2023-10-04 11:25:00,1039.52,1039.94,1039.52,1039.94,0.04,23.89,25195.63,1
2023-10-04,2023-10-04 11:26:00,1039.94,1040.36,1039.94,1040.36,0.04,23.89,25195.63,1
2023-10-04,2023-10-04 11:27:00,1040.36,1040.78,1040.36,1040.78,0.04,23.89,25195.63,1
2023-10-04,2023-10-04 11:28:00,1040.78,1041.2,1040.78,1041.2,0.04,23.89,25195.63,1
2023-10-04,2023-10-04 11:29:00,1041.2,1041.62,1041.2,1041.62,0.04,23.89,25195.63,1
2023-10-04,2023-10-04 11:30:00,1041.62,1042.05,1041.62,1042.05,0.04,23.89,25195.63,1
2023-10-04,2023-10-04 11:31:00,1042.05,1042.47,1042.05,1042.47,0.04,23.89,25195.63,1
2023-10-04,2023-10-04 11:32:00,1042.47,1042.89,1042.47,1042.89,0.04,23.89,25195.63,1
2023-10-04,2023-10-04 11:33:00,1042.89,1043.31,1042.89,1043.31,0.04,23.89,25195.63,1
2023-10-04,2023-10-04 11:34:00,1043.31,1043.73,1043.31,1043.73,0.04,23.89,25195.63,1
2023-10-04,2023-10-04 11:35:00,1043.73,1044.15,1043.73,1044.15,0.04,23.89,25195.63,1
2023-10-04,2023-10-04 11:36:00,1044.15,1044.57,1044.15,1044.57,0.04,23.89,25195.63,1
2023-10-04,2023-10-04 11:37:00,1044.57,1044.99,1044.57,1044.99,0.04,23.89,25195.63,1
2023-10-04,2023-10-04 11:38:00,1044.99,1045.41,1044.99,1045.41,0.04,23.89,25195.63,1
2023-10-04,2023-10-04 11:39:00,1045.41,1045.83,1045.41,1045.83,0.04,23.89,25195.63,1
2023-10-04,2023-10-04 11:40:00,1045.83,1046.25,1045.83,1046.25,0.04,23.89,25195.63,1
2023-10-04,2023-10-04 11:41:00,1046.25,1046.67,1046.25,1046.67,0.04,23.89,25195.63,1
2023-10-04,2023-10-04 11:42:00,1046.67,1047.1,1046.67,1047.1,0.04,23.89,25195.63,1
2023-10-04,2023-10-04 11:43:00,1047.1,1047.52,1047.1,1047.52,0.04,23.89,25195.63,1
2023-10-04,2023-10-04 11:44:00,1047.52,1047.94,1047.52,1047.94,0.04,23.89,25195.63,1
2023-10-04,2023-10-04 11:45:00,1047.94,1048.36,1047.94,1048.36,0.04,23.89,25195.63,1
2023-10-04,2023-10-04 11:46:00,1048.36,1048.78,1048.36,1048.78,0.04,23.89,25195.63,1
2023-10-04,2023-10-04 11:47:00,1048.78,1049.2,1048.78,1049.2,0.04,23.89,25195.63,1
2023-10-04,2023-10-04 11:48:00,1049.2,1049.62,1049.2,1049.62,0.04,23.89,25195.63,1
2023-10-04,2023-10-04 11:49:00,1049.62,1050.04,1049.62,1050.04,0.04,23.89,25195.63,1
2023-10-04,2023-10-04 11:50:00,1050.04,1050.46,1050.04,1050.46,0.04,23.89,25195.63,1
2023-10-04,2023-10-04 11:51:00,1050.46,1050.88,1050.46,1050.88,0.04,23.89,25195.63,1
2023-10-04,2023-10-04 11:52:00,1050.88,1051.3,1050.88,1051.3,0.04,23.89,25195.63,1
2023-10-04,2023-10-04 11:53:00,1051.3,1051.72,1051.3,1051.72,0.04,23.89,25195.63,1
2023-10-04,2023-10-04 11:54:00,1051.72,1052.15,1051.72,1052.15,0.04,23.89,25195.63,1
2023-10-04,2023-10-04 11:55:00,1052.15,1052.57,1052.15,1052.57,0.04,23.89,25195.63,1
2023-10-04,2023-10-04 11:56:00,1052.57,1052.99,1052.57,1052.99,0.04,23.89,25195.63,1
2023-10-04,2023-10-04 11:57:00,1052.99,1053.41,1052.99,1053.41,0.04,23.89,25195.63,1
2023-10-04,2023-10-04 11:58:00,1053.41,1053.83,1053.41,1053.83,0.04,23.89,25195.63,1
2023-10-04,2023-10-04 11:59:00,1053.83,1054.25,1053.83,1054.25,0.04,23.89,25195.63,1
2023-10-04,2023-10-04 12:00:00,1054.25,1054.67,1054.25,1054.67,0.04,23.89,25195.63,1
2023-10-04,2023-10-04 12:01:00,1054.67,1055.09,1054.67,1055.09,0.04,23.89,25195.63,1
2023-10-04,2023-10-04 12:02:00,1055.09,1055.51,1055.09,1055.51,0.04,23.89,25195.63,1
2023-10-04,2023-10-04 12:03:00,1055.51,1055.93,1055.51,1055.93,0.04,23.89,25195.63,1
2023-10-04,2023-10-04 12:04:00,1055.93,1056.35,1055.93,1056.35,0.04,23.89,25195.63,1
2023-10-04,2023-10-04 12:05:00,1056.35,1056.78,1056.35,1056.78,0.04,23.89,25195.63,1
2023-10-04,2023-10-04 12:06:00,1056.78,1057.2,1056.78,1057.2,0.04,23.89,25195.63,1
2023-10-04,2023-10-04 12:07:00,1057.2,1057.62,1057.2,1057.62,0.04,23.89,25195.63,1
2023-10-04,2023-10-04 12:08:00,1057.62,1058.04,1057.62,1058.04,0.04,23.89,25195.63,1
2023-10-04,2023-10-04 12:09:00,1058.04,1058.46,1058.04,1058.46,0.04,23.89,25195.63,1
2023-10-04,2023-10-04 12:10:00,1058.46,1058.88,1058.46,1058.88,0.04,23.89,25195.63,1
2023-10-04,2023-10-04 12:11:00,1058.88,1059.3,1058.88,1059.3,0.04,23.89,25195.63,1
2023-10-04,2023-10-04 12:12:00,1059.3,1059.72,1059.3,1059.72,0.04,23.89,25195.63,1
2023-10-04,2023-10-04 12:13:00,1059.72,1060.14,1059.72,1060.14,0.04,23.89,25195.63,1
2023-10-04,2023-10-04 12:14:00,1060.14,1060.56,1060.14,1060.56,0.04,23.89,25195.63,1
2023-10-04,2023-10-04 12:15:00,1060.56,1060.98,1060.56,1060.98,0.04,23.89,25195.63,1
2023-10-04,2023-10-04 12:16:00,1060.98,1061.4,1060.98,1061.4,0.04,23.89,25195.63,1
2023-10-04,2023-10-04 12:17:00,1061.4,1061.83,1061.4,1061.83,0.04,23.89,25195.63,1
2023-10-04,2023-10-04 12:18:00,1061.83,1062.25,1061.83,1062.25,0.04,23.89,25195.63,1
2023-10-04,2023-10-04 12:19:00,1062.25,1062.67,1062.25,1062.67,0.04,23.89,25195.63,1
2023-10-04,2023-10-04 12:20:00,1062.67,1063.09,1062.67,1063.09,0.04,23.89,25195.63,1
2023-10-04,2023-10-04 12:21:00,1063.09,1063.51,1063.09,1063.51,0.04,23.89,25195.63,1
2023-10-04,2023-10-04 12:22:00,1063.51,1063.93,1063.51,1063.93,0.04,23.89,25195.63,1
2023-10-04,2023-10-04 12:23:00,1063.93,1064.35,1063.93,1064.35,0.04,23.89,25195.63,1
2023-10-04,2023-10-04 12:24:00,1064.35,1064.77,1064.35,1064.77,0.04,23.89,25195.63,1
2023-10-04,2023-10-04 12:25:00,1064.77,1065.19,1064.77,1065.19,0.04,23.89,25195.63,1
2023-10-04,2023-10-04 12:26:00,1065.19,1065.61,1065.19,1065.61,0.04,23.89,25195.63,1
2023-10-04,2023-10-04 12:27:00,1065.61,1066.03,1065.61,1066.03,0.04,23.89,25195.63,1
2023-10-04,2023-10-04 12:28:00,1066.03,1066.45,1066.03,1066.45,0.04,23.89,25195.63,1
2023-10-04,2023-10-04 12:29:00,1066.45,1066.88,1066.45,1066.88,0.04,23.89,25195.63,1
2023-10-04,2023-10-04 12:30:00,1066.88,1067.3,1066.88,1067.3,0.04,23.89,25195.63,1
2023-10-04,2023-10-04 12:31:00,1067.3,1067.72,1067.3,1067.72,0.04,23.89,25195.63,1
2023-10-04,2023-10-04 12:32:00,1067.72,1068.14,1067.72,1068.14,0.04,23.89,25195.63,1
2023-10-04,2023-10-04 12:33:00,1068.14,1068.56,1068.14,1068.56,0.04,23.89,25195.63,1
2023-10-04,2023-10-04 12:34:00,1068.56,1068.98,1068.56,1068.98,0.04,23.89,25195.63,1
2023-10-04,2023-10-04 12:35:00,1068.98,1069.4,1068.98,1069.4,0.04,23.89,25195.63,1
2023-10-04,2023-10-04 12:36:00,1069.4,1069.82,1069.4,1069.82,0.04,23.89,25195.63,1
2023-10-04,2023-10-04 12:37:00,1069.82,1070.24,1069.82,1070.24,0.04,23.89,25195.63,1
2023-10-04,2023-10-04 12:38:00,1070.24,1070.66,1070.24,1070.66,0.04,23.89,25195.63,1
2023-10-04,2023-10-04 12:39:00,1070.66,1071.08,1070.66,1071.08,0.04,23.89,25195.63,1
2023-10-04,2023-10-04 12:40:00,1071.08,1071.5,1071.08,1071.5,0.04,23.89,25195.63,1
2023-10-04,2023-10-04 12:41:00,1071.5,1071.92,1071.5,1071.92,0.04,23.89,25195.63,1
2023-10-04,2023-10-04 12:42:00,1071.92,1072.35,1071.92,1072.35,0.04,23.89,25195.63,1
2023-10-04,2023-10-04 12:43:00,1072.35,1072.77,1072.35,1072.77,0.04,23.89,25195.63,1
2023-10-04,2023-10-04 12:44:00,1072.77,1073.19,1072.77,1073.19,0.04,23.89,25195.63,1
2023-10-04,2023-10-04 12:45:00,1073.19,1073.61,1073.19,1073.61,0.04,23.89,25195.63,1
2023-10-04,2023-10-04 12:46:00,1073.61,1074.03,1073.61,1074.03,0.04,23.89,25195.63,1
2023-10-04,2023-10-04 12:47:00,1074.03,1074.45,1074.03,1074.45,0.04,23.89,25195.63,1
2023-10-04,2023-10-04 12:48:00,1074.45,1074.87,1074.45,1074.87,0.04,23.89,25195.63,1
2023-10-04,2023-10-04 12:49:00,1074.87,1075.29,1074.87,1075.29,0.04,23.89,25195.63,1
2023-10-04,2023-10-04 12:50:00,1075.29,1075.71,1075.29,1075.71,0.04,23.89,25195.63,1
2023-10-04,2023-10-04 12:51:00,1075.71,1076.13,1075.71,1076.13,0.04,23.89,25195.63,1
2023-10-04,2023-10-04 12:52:00,1076.13,1076.55,1076.13,1076.55,0.04,23.89,25195.63,1
2023-10-04,2023-10-04 12:53:00,1076.55,1076.97,1076.55,1076.97,0.04,23.89,25195.63,1
2023-10-04,2023-10-04 12:54:00,1076.97,1077.4,1076.97,1077.4,0.04,23.89,25195.63,1
2023-10-04,2023-10-04 12:55:00,1077.4,1077.82,1077.4,1077.82,0.04,23.89,25195.63,1
2023-10-04,2023-10-04 12:56:00,1077.82,1078.24,1077.82,1078.24,0.04,23.89,25195.63,1
2023-10-04,2023-10-04 12:57:00,1078.24,1078.66,1078.24,1078.66,0.04,23.89,25195.63,1
2023-10-04,2023-10-04 12:58:00,1078.66,1079.08,1078.66,1079.08,0.04,23.89,25195.63,1
2023-10-04,2023-10-04 12:59:00,1079.08,1079.5,1079.08,1079.5,0.04,23.89,25195.63,1
2023-10-04,2023-10-04 13:00:00,1079.5,1130.0,1029.0,1079.92,0.04,23.89,25195.63,1
2023-10-04,2023-10-04 13:01:00,1079.92,1080.34,1079.92,1080.34,0.04,23.89,25195.63,1
2023-10-04,2023-10-04 13:02:00,1080.34,1080.76,1080.34,1080.76,0.04,23.89,25195.63,1
2023-10-04,2023-10-04 13:03:00,1080.76,1081.18,1080.76,1081.18,0.04,23.89,25195.63,1
2023-10-04,2023-10-04 13:04:00,1081.18,1081.6,1081.18,1081.6,0.04,23.89,25195.63,1
2023-10-04,2023-10-04 13:05:00,1081.6,1082.03,1081.6,1082.03,0.04,23.89,25195.63,1
2023-10-04,2023-10-04 13:06:00,1082.03,1082.45,1082.03,1082.45,0.04,23.89,25195.63,1
2023-10-04,2023-10-04 13:07:00,1082.45,1082.87,1082.45,1082.87,0.04,23.89,25195.63,1
2023-10-04,2023-10-04 13:08:00,1082.87,1083.29,1082.87,1083.29,0.04,23.89,25195.63,1
2023-10-04,2023-10-04 13:09:00,1083.29,1083.71,1083.29,1083.71,0.04,23.89,25195.63,1
2023-10-04,2023-10-04 13:10:00,1083.71,1084.13,1083.71,1084.13,0.04,23.89,25195.63,1
2023-10-04,2023-10-04 13:11:00,1084.13,1084.55,1084.13,1084.55,0.04,23.89,25195.63,1
2023-10-04,2023-10-04 13:12:00,1084.55,1084.97,1084.55,1084.97,0.04,23.89,25195.63,1
2023-10-04,2023-10-04 13:13:00,1084.97,1085.39,1084.97,1085.39,0.04,23.89,25195.63,1
2023-10-04,2023-10-04 13:14:00,1085.39,1085.81,1085.39,1085.81,0.04,23.89,25195.63,1
2023-10-04,2023-10-04 13:15:00,1085.81,1086.23,1085.81,1086.23,0.04,23.89,25195.63,1
2023-10-04,2023-10-04 13:16:00,1086.23,1086.65,1086.23,1086.65,0.04,23.89,25195.63,1
2023-10-04,2023-10-04 13:17:00,1086.65,1087.08,1086.65,1087.08,0.04,23.89,25195.63,1
2023-10-04,2023-10-04 13:18:00,1087.08,1087.5,1087.08,1087.5,0.04,23.89,25195.63,1
2023-10-04,2023-10-04 13:19:00,1087.5,1087.92,1087.5,1087.92,0.04,23.89,25195.63,1
2023-10-04,2023-10-04 13:20:00,1087.92,1088.34,1087.92,1088.34,0.04,23.89,25195.63,1
2023-10-04,2023-10-04 13:21:00,1088.34,1088.76,1088.34,1088.76,0.04,23.89,25195.63,1
2023-10-04,2023-10-04 13:22:00,1088.76,1089.18,1088.76,1089.18,0.04,23.89,25195.63,1
2023-10-04,2023-10-04 13:23:00,1089.18,1089.6,1089.18,1089.6,0.04,23.89,25195.63,1
2023-10-04,2023-10-04 13:24:00,1089.6,1090.02,1089.6,1090.02,0.04,23.89,25195.63,1
2023-10-04,2023-10-04 13:25:00,1090.02,1090.44,1090.02,1090.44,0.04,23.89,25195.63,1
2023-10-04,2023-10-04 13:26:00,1090.44,1090.86,1090.44,1090.86,0.04,23.89,25195.63,1
2023-10-04,2023-10-04 13:27:00,1090.86,1091.28,1090.86,1091.28,0.04,23.89,25195.63,1
2023-10-04,2023-10-04 13:28:00,1091.28,1091.7,1091.28,1091.7,0.04,23.89,25195.63,1
2023-10-04,2023-10-04 13:29:00,1091.7,1092.12,1091.7,1092.12,0.04,23.89,25195.63,1
2023-10-04,2023-10-04 13:30:00,1092.12,1092.55,1092.12,1092.55,0.04,23.89,25195.63,1
2023-10-04,2023-10-04 13:31:00,1092.55,1092.97,1092.55,1092.97,0.04,23.89,25195.63,1
2023-10-04,2023-10-04 13:32:00,1092.97,1093.39,1092.97,1093.39,0.04,23.89,25195.63,1
2023-10-04,2023-10-04 13:33:00,1093.39,1093.81,1093.39,1093.81,0.04,23.89,25195.63,1
2023-10-04,2023-10-04 13:34:00,1093.81,1094.23,1093.81,1094.23,0.04,23.89,25195.63,1
2023-10-04,2023-10-04 13:35:00,1094.23,1094.65,1094.23,1094.65,0.04,23.89,25195.63,1
2023-10-04,2023-10-04 13:36:00,1094.65,1095.07,1094.65,1095.07,0.04,23.89,25195.63,1
2023-10-04,2023-10-04 13:37:00,1095.07,1095.49,1095.07,1095.49,0.04,23.89,25195.63,1
2023-10-04,2023-10-04 13:38:00,1095.49,1095.91,1095.49,1095.91,0.04,23.89,25195.63,1
2023-10-04,2023-10-04 13:39:00,1095.91,1096.33,1095.91,1096.33,0.04,23.89,25195.63,1
2023-10-04,2023-10-04 13:40:00,1096.33,1096.75,1096.33,1096.75,0.04,23.89,25195.63,1
2023-10-04,2023-10-04 13:41:00,1096.75,1097.17,1096.75,1097.17,0.04,23.89,25195.63,1
2023-10-04,2023-10-04 13:42:00,1097.17,1097.6,1097.17,1097.6,0.04,23.89,25195.63,1
2023-10-04,2023-10-04 13:43:00,1097.6,1098.02,1097.6,1098.02,0.04,23.89,25195.63,1
2023-10-04,2023-10-04 13:44:00,1098.02,1098.44,1098.02,1098.44,0.04,23.89,25195.63,1
2023-10-04,2023-10-04 13:45:00,1098.44,1098.86,1098.44,1098.86,0.04,23.89,25195.63,1
2023-10-04,2023-10-04 13:46:00,1098.86,1099.28,1098.86,1099.28,0.04,23.89,25195.63,1
2023-10-04,2023-10-04 13:47:00,1099.28,1099.7,1099.28,1099.7,0.04,23.89,25195.63,1
2023-10-04,2023-10-04 13:48:00,1099.7,1100.12,1099.7,1100.12,0.04,23.89,25195.63,1
2023-10-04,2023-10-04 13:49:00,1100.12,1100.54,1100.12,1100.54,0.04,23.89,25195.63,1
2023-10-04,2023-10-04 13:50:00,1100.54,1100.96,1100.54,1100.96,0.04,23.89,25195.63,1
2023-10-04,2023-10-04 13:51:00,1100.96,1101.38,1100.96,1101.38,0.04,23.89,25195.63,1
2023-10-04,2023-10-04 13:52:00,1101.38,1101.8,1101.38,1101.8,0.04,23.89,25195.63,1
2023-10-04,2023-10-04 13:53:00,1101.8,1102.22,1101.8,1102.22,0.04,23.89,25195.63,1
2023-10-04,2023-10-04 13:54:00,1102.22,1102.65,1102.22,1102.65,0.04,23.89,25195.63,1
2023-10-04,2023-10-04 13:55:00,1102.65,1103.07,1102.65,1103.07,0.04,23.89,25195.63,1
2023-10-04,2023-10-04 13:56:00,1103.07,1103.49,1103.07,1103.49,0.04,23.89,25195.63,1
2023-10-04,2023-10-04 13:57:00,1103.49,1103.91,1103.49,1103.91,0.04,23.89,25195.63,1
2023-10-04,2023-10-04 13:58:00,1103.91,1104.33,1103.91,1104.33,0.04,23.89,25195.63,1
2023-10-04,2023-10-04 13:59:00,1104.33,1104.75,1104.33,1104.75,0.04,23.89,25195.63,1
2023-10-04,2023-10-04 14:00:00,1104.75,1105.17,1104.75,1105.17,0.04,23.89,25195.63,1
2023-10-04,2023-10-04 14:01:00,1105.17,1105.59,1105.17,1105.59,0.04,23.89,25195.63,1
2023-10-04,2023-10-04 14:02:00,1105.59,1106.01,1105.59,1106.01,0.04,23.89,25195.63,1
2023-10-04,2023-10-04 14:03:00,1106.01,1106.43,1106.01,1106.43,0.04,23.89,25195.63,1
2023-10-04,2023-10-04 14:04:00,1106.43,1106.85,1106.43,1106.85,0.04,23.89,25195.63,1
2023-10-04,2023-10-04 14:05:00,1106.85,1107.28,1106.85,1107.28,0.04,23.89,25195.63,1
2023-10-04,2023-10-04 14:06:00,1107.28,1107.7,1107.28,1107.7,0.04,23.89,25195.63,1
2023-10-04,2023-10-04 14:07:00,1107.7,1108.12,1107.7,1108.12,0.04,23.89,25195.63,1
2023-10-04,2023-10-04 14:08:00,1108.12,1108.54,1108.12,1108.54,0.04,23.89,25195.63,1
2023-10-04,2023-10-04 14:09:00,1108.54,1108.96,1108.54,1108.96,0.04,23.89,25195.63,1
2023-10-04,2023-10-04 14:10:00,1108.96,1109.38,1108.96,1109.38,0.04,23.89,25195.63,1
2023-10-04,2023-10-04 14:11:00,1109.38,1109.8,1109.38,1109.8,0.04,23.89,25195.63,1
2023-10-04,2023-10-04 14:12:00,1109.8,1110.22,1109.8,1110.22,0.04,23.89,25195.63,1
2023-10-04,2023-10-04 14:13:00,1110.22,1110.64,1110.22,1110.64,0.04,23.89,25195.63,1
2023-10-04,2023-10-04 14:14:00,1110.64,1111.06,1110.64,1111.06,0.04,23.89,25195.63,1
2023-10-04,2023-10-04 14:15:00,1111.06,1111.48,1111.06,1111.48,0.04,23.89,25195.63,1
2023-10-04,2023-10-04 14:16:00,1111.48,1111.9,1111.48,1111.9,0.04,23.89,25195.63,1
2023-10-04,2023-10-04 14:17:00,1111.9,1112.33,1111.9,1112.33,0.04,23.89,25195.63,1
2023-10-04,2023-10-04 14:18:00,1112.33,1112.75,1112.33,1112.75,0.04,23.89,25195.63,1
2023-10-04,2023-10-04 14:19:00,1112.75,1113.17,1112.75,1113.17,0.04,23.89,25195.63,1
2023-10-04,2023-10-04 14:20:00,1113.17,1113.59,1113.17,1113.59,0.04,23.89,25195.63,1
2023-10-04,2023-10-04 14:21:00,1113.59,1114.01,1113.59,1114.01,0.04,23.89,25195.63,1
2023-10-04,2023-10-04 14:22:00,1114.01,1114.43,1114.01,1114.43,0.04,23.89,25195.63,1
2023-10-04,2023-10-04 14:23:00,1114.43,1114.85,1114.43,1114.85,0.04,23.89,25195.63,1
2023-10-04,2023-10-04 14:24:00,1114.85,1115.27,1114.85,1115.27,0.04,23.89,25195.63,1
2023-10-04,2023-10-04 14:25:00,1115.27,1115.69,1115.27,1115.69,0.04,23.89,25195.63,1
2023-10-04,2023-10-04 14:26:00,1115.69,1116.11,1115.69,1116.11,0.04,23.89,25195.63,1
2023-10-04,2023-10-04 14:27:00,1116.11,1116.53,1116.11,1116.53,0.04,23.89,25195.63,1
2023-10-04,2023-10-04 14:28:00,1116.53,1116.95,1116.53,1116.95,0.04,23.89,25195.63,1
2023-10-04,2023-10-04 14:29:00,1116.95,1117.38,1116.95,1117.38,0.04,23.89,25195.63,1
2023-10-04,2023-10-04 14:30:00,1117.38,1117.8,1117.38,1117.8,0.04,23.89,25195.63,1
2023-10-04,2023-10-04 14:31:00,1117.8,1118.22,1117.8,1118.22,0.04,23.89,25195.63,1
2023-10-04,2023-10-04 14:32:00,1118.22,1118.64,1118.22,1118.64,0.04,23.89,25195.63,1
2023-10-04,2023-10-04 14:33:00,1118.64,1119.06,1118.64,1119.06,0.04,23.89,25195.63,1
2023-10-04,2023-10-04 14:34:00,1119.06,1119.48,1119.06,1119.48,0.04,23.89,25195.63,1
2023-10-04,2023-10-04 14:35:00,1119.48,1119.9,1119.48,1119.9,0.04,23.89,25195.63,1
2023-10-04,2023-10-04 14:36:00,1119.9,1120.32,1119.9,1120.32,0.04,23.89,25195.63,1
2023-10-04,2023-10-04 14:37:00,1120.32,1120.74,1120.32,1120.74,0.04,23.89,25195.63,1
2023-10-04,2023-10-04 14:38:00,1120.74,1121.16,1120.74,1121.16,0.04,23.89,25195.63,1
2023-10-04,2023-10-04 14:39:00,1121.16,1121.58,1121.16,1121.58,0.04,23.89,25195.63,1
2023-10-04,2023-10-04 14:40:00,1121.58,1122.0,1121.58,1122.0,0.04,23.89,25195.63,1
2023-10-04,2023-10-04 14:41:00,1122.0,1122.42,1122.0,1122.42,0.04,23.89,25195.63,1
2023-10-04,2023-10-04 14:42:00,1122.42,1122.85,1122.42,1122.85,0.04,23.89,25195.63,1
2023-10-04,2023-10-04 14:43:00,1122.85,1123.27,1122.85,1123.27,0.04,23.89,25195.63,1
2023-10-04,2023-10-04 14:44:00,1123.27,1123.69,1123.27,1123.69,0.04,23.89,25195.63,1
2023-10-04,2023-10-04 14:45:00,1123.69,1124.11,1123.69,1124.11,0.04,23.89,25195.63,1
2023-10-04,2023-10-04 14:46:00,1124.11,1124.53,1124.11,1124.53,0.04,23.89,25195.63,1
2023-10-04,2023-10-04 14:47:00,1124.53,1124.95,1124.53,1124.95,0.04,23.89,25195.63,1
2023-10-04,2023-10-04 14:48:00,1124.95,1125.37,1124.95,1125.37,0.04,23.89,25195.63,1
2023-10-04,2023-10-04 14:49:00,1125.37,1125.79,1125.37,1125.79,0.04,23.89,25195.63,1
2023-10-04,2023-10-04 14:50:00,1125.79,1126.21,1125.79,1126.21,0.04,23.89,25195.63,1
2023-10-04,2023-10-04 14:51:00,1126.21,1126.63,1126.21,1126.63,0.04,23.89,25195.63,1
2023-10-04,2023-10-04 14:52:00,1126.63,1127.05,1126.63,1127.05,0.04,23.89,25195.63,1
2023-10-04,2023-10-04 14:53:00,1127.05,1127.47,1127.05,1127.47,0.04,23.89,25195.63,1
2023-10-04,2023-10-04 14:54:00,1127.47,1127.9,1127.47,1127.9,0.04,23.89,25195.63,1
2023-10-04,2023-10-04 14:55:00,1127.9,1128.32,1127.9,1128.32,0.04,23.89,25195.63,1
2023-10-04,2023-10-04 14:56:00,1128.32,1128.74,1128.32,1128.74,0.04,23.89,25195.63,1
2023-10-04,2023-10-04 14:57:00,1128.74,1129.16,1128.74,1129.16,0.04,23.89,25195.63,1
2023-10-04,2023-10-04 14:58:00,1129.16,1129.58,1129.16,1129.58,0.04,23.89,25195.63,1
2023-10-04,2023-10-04 14:59:00,1129.58,1130.0,1129.58,1130.0,0.04,23.89,25195.63,1
2023-10-04,2023-10-04 15:00:00,1130.0,1130.0,1029.0,1130.0,0.0,23.89,25195.63,0
2023-10-05,2023-10-05 11:00:00,1107.4,1107.4,1088.68,1107.24,-0.01,25.27,26702.0,-1
2023-10-05,2023-10-05 11:01:00,1107.24,1107.24,1107.09,1107.09,-0.01,25.27,26702.0,-1
2023-10-05,2023-10-05 11:02:00,1107.09,1107.09,1106.93,1106.93,-0.01,25.27,26702.0,-1
2023-10-05,2023-10-05 11:03:00,1106.93,1106.93,1106.78,1106.78,-0.01,25.27,26702.0,-1
2023-10-05,2023-10-05 11:04:00,1106.78,1106.78,1106.62,1106.62,-0.01,25.27,26702.0,-1
2023-10-05,2023-10-05 11:05:00,1106.62,1106.62,1106.47,1106.47,-0.01,25.27,26702.0,-1
2023-10-05,2023-10-05 11:06:00,1106.47,1106.47,1106.31,1106.31,-0.01,25.27,26702.0,-1
2023-10-05,2023-10-05 11:07:00,1106.31,1106.31,1106.15,1106.15,-0.01,25.27,26702.0,-1
2023-10-05,2023-10-05 11:08:00,1106.15,1106.15,1106.0,1106.0,-0.01,25.27,26702.0,-1
2023-10-05,2023-10-05 11:09:00,1106.0,1106.0,1105.84,1105.84,-0.01,25.27,26702.0,-1
2023-10-05,2023-10-05 11:10:00,1105.84,1105.84,1105.69,1105.69,-0.01,25.27,26702.0,-1
2023-10-05,2023-10-05 11:11:00,1105.69,1105.69,1105.53,1105.53,-0.01,25.27,26702.0,-1
2023-10-05,2023-10-05 11:12:00,1105.53,1105.53,1105.37,1105.37,-0.01,25.27,26702.0,-1
2023-10-05,2023-10-05 11:13:00,1105.37,1105.37,1105.22,1105.22,-0.01,25.27,26702.0,-1
2023-10-05,2023-10-05 11:14:00,1105.22,1105.22,1105.06,1105.06,-0.01,25.27,26702.0,-1
2023-10-05,2023-10-05 11:15:00,1105.06,1105.06,1104.91,1104.91,-0.01,25.27,26702.0,-1
2023-10-05,2023-10-05 11:16:00,1104.91,1104.91,1104.75,1104.75,-0.01,25.27,26702.0,-1
2023-10-05,2023-10-05 11:17:00,1104.75,1104.75,1104.6,1104.6,-0.01,25.27,26702.0,-1
2023-10-05,2023-10-05 11:18:00,1104.6,1104.6,1104.44,1104.44,-0.01,25.27,26702.0,-1
2023-10-05,2023-10-05 11:19:00,1104.44,1104.44,1104.28,1104.28,-0.01,25.27,26702.0,-1
2023-10-05,2023-10-05 11:20:00,1104.28,1104.28,1104.13,1104.13,-0.01,25.27,26702.0,-1
2023-10-05,2023-10-05 11:21:00,1104.13,1104.13,1103.97,1103.97,-0.01,25.27,26702.0,-1
2023-10-05,2023-10-05 11:22:00,1103.97,1103.97,1103.82,1103.82,-0.01,25.27,26702.0,-1
2023-10-05,2023-10-05 11:23:00,1103.82,1103.82,1103.66,1103.66,-0.01,25.27,26702.0,-1
2023-10-05,2023-10-05 11:24:00,1103.66,1103.66,1103.5,1103.5,-0.01,25.27,26702.0,-1
2023-10-05,2023-10-05 11:25:00,1103.5,1103.5,1103.35,1103.35,-0.01,25.27,26702.0,-1
2023-10-05,2023-10-05 11:26:00,1103.35,1103.35,1103.19,1103.19,-0.01,25.27,26702.0,-1
2023-10-05,2023-10-05 11:27:00,1103.19,1103.19,1103.04,1103.04,-0.01,25.27,26702.0,-1
2023-10-05,2023-10-05 11:28:00,1103.04,1103.04,1102.88,1102.88,-0.01,25.27,26702.0,-1
2023-10-05,2023-10-05 11:29:00,1102.88,1102.88,1102.73,1102.73,-0.01,25.27,26702.0,-1
2023-10-05,2023-10-05 11:30:00,1102.73,1102.73,1102.57,1102.57,-0.01,25.27,26702.0,-1
2023-10-05,2023-10-05 11:31:00,1102.57,1102.57,1102.41,1102.41,-0.01,25.27,26702.0,-1
2023-10-05,2023-10-05 11:32:00,1102.41,1102.41,1102.26,1102.26,-0.01,25.27,26702.0,-1
2023-10-05,2023-10-05 11:33:00,1102.26,1102.26,1102.1,1102.1,-0.01,25.27,26702.0,-1
2023-10-05,2023-10-05 11:34:00,1102.1,1102.1,1101.95,1101.95,-0.01,25.27,26702.0,-1
2023-10-05,2023-10-05 11:35:00,1101.95,1101.95,1101.79,1101.79,-0.01,25.27,26702.0,-1
2023-10-05,2023-10-05 11:36:00,1101.79,1101.79,1101.63,1101.63,-0.01,25.27,26702.0,-1
2023-10-05,2023-10-05 11:37:00,1101.63,1101.63,1101.48,1101.48,-0.01,25.27,26702.0,-1
2023-10-05,2023-10-05 11:38:00,1101.48,1101.48,1101.32,1101.32,-0.01,25.27,26702.0,-1
2023-10-05,2023-10-05 11:39:00,1101.32,1101.32,1101.17,1101.17,-0.01,25.27,26702.0,-1
2023-10-05,2023-10-05 11:40:00,1101.17,1101.17,1101.01,1101.01,-0.01,25.27,26702.0,-1
2023-10-05,2023-10-05 11:41:00,1101.01,1101.01,1100.86,1100.86,-0.01,25.27,26702.0,-1
2023-10-05,2023-10-05 11:42:00,1100.86,1100.86,1100.7,1100.7,-0.01,25.27,26702.0,-1
2023-10-05,2023-10-05 11:43:00,1100.7,1100.7,1100.54,1100.54,-0.01,25.27,26702.0,-1
2023-10-05,2023-10-05 11:44:00,1100.54,1100.54,1100.39,1100.39,-0.01,25.27,26702.0,-1
2023-10-05,2023-10-05 11:45:00,1100.39,1100.39,1100.23,1100.23,-0.01,25.27,26702.0,-1
2023-10-05,2023-10-05 11:46:00,1100.23,1100.23,1100.08,1100.08,-0.01,25.27,26702.0,-1
2023-10-05,2023-10-05 11:47:00,1100.08,1100.08,1099.92,1099.92,-0.01,25.27,26702.0,-1
2023-10-05,2023-10-05 11:48:00,1099.92,1099.92,1099.76,1099.76,-0.01,25.27,26702.0,-1
2023-10-05,2023-10-05 11:49:00,1099.76,1099.76,1099.61,1099.61,-0.01,25.27,26702.0,-1
2023-10-05,2023-10-05 11:50:00,1099.61,1099.61,1099.45,1099.45,-0.01,25.27,26702.0,-1
2023-10-05,2023-10-05 11:51:00,1099.45,1099.45,1099.3,1099.3,-0.01,25.27,26702.0,-1
2023-10-05,2023-10-05 11:52:00,1099.3,1099.3,1099.14,1099.14,-0.01,25.27,26702.0,-1
2023-10-05,2023-10-05 11:53:00,1099.14,1099.14,1098.99,1098.99,-0.01,25.27,26702.0,-1
2023-10-05,2023-10-05 11:54:00,1098.99,1098.99,1098.83,1098.83,-0.01,25.27,26702.0,-1
2023-10-05,2023-10-05 11:55:00,1098.83,1098.83,1098.67,1098.67,-0.01,25.27,26702.0,-1
2023-10-05,2023-10-05 11:56:00,1098.67,1098.67,1098.52,1098.52,-0.01,25.27,26702.0,-1
2023-10-05,2023-10-05 11:57:00,1098.52,1098.52,1098.36,1098.36,-0.01,25.27,26702.0,-1
2023-10-05,2023-10-05 11:58:00,1098.36,1098.36,1098.21,1098.21,-0.01,25.27,26702.0,-1
2023-10-05,2023-10-05 11:59:00,1098.21,1098.21,1098.05,1098.05,-0.01,25.27,26702.0,-1
2023-10-05,2023-10-05 12:00:00,1098.05,1098.05,1097.89,1097.89,-0.01,25.27,26702.0,-1
2023-10-05,2023-10-05 12:01:00,1097.89,1097.89,1097.74,1097.74,-0.01,25.27,26702.0,-1
2023-10-05,2023-10-05 12:02:00,1097.74,1097.74,1097.58,1097.58,-0.01,25.27,26702.0,-1
2023-10-05,2023-10-05 12:03:00,1097.58,1097.58,1097.43,1097.43,-0.01,25.27,26702.0,-1
2023-10-05,2023-10-05 12:04:00,1097.43,1097.43,1097.27,1097.27,-0.01,25.27,26702.0,-1
2023-10-05,2023-10-05 12:05:00,1097.27,1097.27,1097.12,1097.12,-0.01,25.27,26702.0,-1
2023-10-05,2023-10-05 12:06:00,1097.12,1097.12,1096.96,1096.96,-0.01,25.27,26702.0,-1
2023-10-05,2023-10-05 12:07:00,1096.96,1096.96,1096.8,1096.8,-0.01,25.27,26702.0,-1
2023-10-05,2023-10-05 12:08:00,1096.8,1096.8,1096.65,1096.65,-0.01,25.27,26702.0,-1
2023-10-05,2023-10-05 12:09:00,1096.65,1096.65,1096.49,1096.49,-0.01,25.27,26702.0,-1
2023-10-05,2023-10-05 12:10:00,1096.49,1096.49,1096.34,1096.34,-0.01,25.27,26702.0,-1
2023-10-05,2023-10-05 12:11:00,1096.34,1096.34,1096.18,1096.18,-0.01,25.27,26702.0,-1
2023-10-05,2023-10-05 12:12:00,1096.18,1096.18,1096.02,1096.02,-0.01,25.27,26702.0,-1
2023-10-05,2023-10-05 12:13:00,1096.02,1096.02,1095.87,1095.87,-0.01,25.27,26702.0,-1
2023-10-05,2023-10-05 12:14:00,1095.87,1095.87,1095.71,1095.71,-0.01,25.27,26702.0,-1
2023-10-05,2023-10-05 12:15:00,1095.71,1095.71,1095.56,1095.56,-0.01,25.27,26702.0,-1
2023-10-05,2023-10-05 12:16:00,1095.56,1095.56,1095.4,1095.4,-0.01,25.27,26702.0,-1
2023-10-05,2023-10-05 12:17:00,1095.4,1095.4,1095.25,1095.25,-0.01,25.27,26702.0,-1
2023-10-05,2023-10-05 12:18:00,1095.25,1095.25,1095.09,1095.09,-0.01,25.27,26702.0,-1
2023-10-05,2023-10-05 12:19:00,1095.09,1095.09,1094.93,1094.93,-0.01,25.27,26702.0,-1
2023-10-05,2023-10-05 12:20:00,1094.93,1094.93,1094.78,1094.78,-0.01,25.27,26702.0,-1
2023-10-05,2023-10-05 12:21:00,1094.78,1094.78,1094.62,1094.62,-0.01,25.27,26702.0,-1
2023-10-05,2023-10-05 12:22:00,1094.62,1094.62,1094.47,1094.47,-0.01,25.27,26702.0,-1
2023-10-05,2023-10-05 12:23:00,1094.47,1094.47,1094.31,1094.31,-0.01,25.27,26702.0,-1
2023-10-05,2023-10-05 12:24:00,1094.31,1094.31,1094.15,1094.15,-0.01,25.27,26702.0,-1
2023-10-05,2023-10-05 12:25:00,1094.15,1094.15,1094.0,1094.0,-0.01,25.27,26702.0,-1
2023-10-05,2023-10-05 12:26:00,1094.0,1094.0,1093.84,1093.84,-0.01,25.27,26702.0,-1
2023-10-05,2023-10-05 12:27:00,1093.84,1093.84,1093.69,1093.69,-0.01,25.27,26702.0,-1
2023-10-05,2023-10-05 12:28:00,1093.69,1093.69,1093.53,1093.53,-0.01,25.27,26702.0,-1
2023-10-05,2023-10-05 12:29:00,1093.53,1093.53,1093.38,1093.38,-0.01,25.27,26702.0,-1
2023-10-05,2023-10-05 12:30:00,1093.38,1093.38,1093.22,1093.22,-0.01,25.27,26702.0,-1
2023-10-05,2023-10-05 12:31:00,1093.22,1093.22,1093.06,1093.06,-0.01,25.27,26702.0,-1
2023-10-05,2023-10-05 12:32:00,1093.06,1093.06,1092.91,1092.91,-0.01,25.27,26702.0,-1
2023-10-05,2023-10-05 12:33:00,1092.91,1092.91,1092.75,1092.75,-0.01,25.27,26702.0,-1
2023-10-05,2023-10-05 12:34:00,1092.75,1092.75,1092.6,1092.6,-0.01,25.27,26702.0,-1
2023-10-05,2023-10-05 12:35:00,1092.6,1092.6,1092.44,1092.44,-0.01,25.27,26702.0,-1
2023-10-05,2023-10-05 12:36:00,1092.44,1092.44,1092.28,1092.28,-0.01,25.27,26702.0,-1
2023-10-05,2023-10-05 12:37:00,1092.28,1092.28,1092.13,1092.13,-0.01,25.27,26702.0,-1
2023-10-05,2023-10-05 12:38:00,1092.13,1092.13,1091.97,1091.97,-0.01,25.27,26702.0,-1
2023-10-05,2023-10-05 12:39:00,1091.97,1091.97,1091.82,1091.82,-0.01,25.27,26702.0,-1
2023-10-05,2023-10-05 12:40:00,1091.82,1091.82,1091.66,1091.66,-0.01,25.27,26702.0,-1
2023-10-05,2023-10-05 12:41:00,1091.66,1091.66,1091.51,1091.51,-0.01,25.27,26702.0,-1
2023-10-05,2023-10-05 12:42:00,1091.51,1091.51,1091.35,1091.35,-0.01,25.27,26702.0,-1
2023-10-05,2023-10-05 12:43:00,1091.35,1091.35,1091.19,1091.19,-0.01,25.27,26702.0,-1
2023-10-05,2023-10-05 12:44:00,1091.19,1091.19,1091.04,1091.04,-0.01,25.27,26702.0,-1
2023-10-05,2023-10-05 12:45:00,1091.04,1091.04,1090.88,1090.88,-0.01,25.27,26702.0,-1
2023-10-05,2023-10-05 12:46:00,1090.88,1090.88,1090.73,1090.73,-0.01,25.27,26702.0,-1
2023-10-05,2023-10-05 12:47:00,1090.73,1090.73,1090.57,1090.57,-0.01,25.27,26702.0,-1
2023-10-05,2023-10-05 12:48:00,1090.57,1090.57,1090.41,1090.41,-0.01,25.27,26702.0,-1
2023-10-05,2023-10-05 12:49:00,1090.41,1090.41,1090.26,1090.26,-0.01,25.27,26702.0,-1
2023-10-05,2023-10-05 12:50:00,1090.26,1090.26,1090.1,1090.1,-0.01,25.27,26702.0,-1
2023-10-05,2023-10-05 12:51:00,1090.1,1090.1,1089.95,1089.95,-0.01,25.27,26702.0,-1
2023-10-05,2023-10-05 12:52:00,1089.95,1089.95,1089.79,1089.79,-0.01,25.27,26702.0,-1
2023-10-05,2023-10-05 12:53:00,1089.79,1089.79,1089.63,1089.63,-0.01,25.27,26702.0,-1
2023-10-05,2023-10-05 12:54:00,1089.63,1089.63,1089.48,1089.48,-0.01,25.27,26702.0,-1
2023-10-05,2023-10-05 12:55:00,1089.48,1089.48,1089.32,1089.32,-0.01,25.27,26702.0,-1
2023-10-05,2023-10-05 12:56:00,1089.32,1089.32,1089.17,1089.17,-0.01,25.27,26702.0,-1
2023-10-05,2023-10-05 12:57:00,1089.17,1089.17,1089.01,1089.01,-0.01,25.27,26702.0,-1
2023-10-05,2023-10-05 12:58:00,1089.01,1089.01,1088.86,1088.86,-0.01,25.27,26702.0,-1
2023-10-05,2023-10-05 12:59:00,1088.86,1088.86,1088.7,1088.7,-0.01,25.27,26702.0,-1
2023-10-05,2023-10-05 13:00:00,1088.7,1107.4,1045.0,1088.54,-0.01,25.27,26702.0,-1
2023-10-05,2023-10-05 13:01:00,1088.54,1088.54,1088.39,1088.39,-0.01,25.27,26702.0,-1
2023-10-05,2023-10-05 13:02:00,1088.39,1088.39,1088.23,1088.23,-0.01,25.27,26702.0,-1
2023-10-05,2023-10-05 13:03:00,1088.23,1088.23,1088.08,1088.08,-0.01,25.27,26702.0,-1
2023-10-05,2023-10-05 13:04:00,1088.08,1088.08,1087.92,1087.92,-0.01,25.27,26702.0,-1
2023-10-05,2023-10-05 13:05:00,1087.92,1087.92,1087.77,1087.77,-0.01,25.27,26702.0,-1
2023-10-05,2023-10-05 13:06:00,1087.77,1087.77,1087.61,1087.61,-0.01,25.27,26702.0,-1
2023-10-05,2023-10-05 13:07:00,1087.61,1087.61,1087.45,1087.45,-0.01,25.27,26702.0,-1
2023-10-05,2023-10-05 13:08:00,1087.45,1087.45,1087.3,1087.3,-0.01,25.27,26702.0,-1
2023-10-05,2023-10-05 13:09:00,1087.3,1087.3,1087.14,1087.14,-0.01,25.27,26702.0,-1
2023-10-05,2023-10-05 13:10:00,1087.14,1087.14,1086.99,1086.99,-0.01,25.27,26702.0,-1
2023-10-05,2023-10-05 13:11:00,1086.99,1086.99,1086.83,1086.83,-0.01,25.27,26702.0,-1
2023-10-05,2023-10-05 13:12:00,1086.83,1086.83,1086.67,1086.67,-0.01,25.27,26702.0,-1
2023-10-05,2023-10-05 13:13:00,1086.67,1086.67,1086.52,1086.52,-0.01,25.27,26702.0,-1
2023-10-05,2023-10-05 13:14:00,1086.52,1086.52,1086.36,1086.36,-0.01,25.27,26702.0,-1
2023-10-05,2023-10-05 13:15:00,1086.36,1086.36,1086.21,1086.21,-0.01,25.27,26702.0,-1
2023-10-05,2023-10-05 13:16:00,1086.21,1086.21,1086.05,1086.05,-0.01,25.27,26702.0,-1
2023-10-05,2023-10-05 13:17:00,1086.05,1086.05,1085.89,1085.89,-0.01,25.27,26702.0,-1
2023-10-05,2023-10-05 13:18:00,1085.89,1085.89,1085.74,1085.74,-0.01,25.27,26702.0,-1
2023-10-05,2023-10-05 13:19:00,1085.74,1085.74,1085.58,1085.58,-0.01,25.27,26702.0,-1
2023-10-05,2023-10-05 13:20:00,1085.58,1085.58,1085.43,1085.43,-0.01,25.27,26702.0,-1
2023-10-05,2023-10-05 13:21:00,1085.43,1085.43,1085.27,1085.27,-0.01,25.27,26702.0,-1
2023-10-05,2023-10-05 13:22:00,1085.27,1085.27,1085.12,1085.12,-0.01,25.27,26702.0,-1
2023-10-05,2023-10-05 13:23:00,1085.12,1085.12,1084.96,1084.96,-0.01,25.27,26702.0,-1
2023-10-05,2023-10-05 13:24:00,1084.96,1084.96,1084.8,1084.8,-0.01,25.27,26702.0,-1
2023-10-05,2023-10-05 13:25:00,1084.8,1084.8,1084.65,1084.65,-0.01,25.27,26702.0,-1
2023-10-05,2023-10-05 13:26:00,1084.65,1084.65,1084.49,1084.49,-0.01,25.27,26702.0,-1
2023-10-05,2023-10-05 13:27:00,1084.49,1084.49,1084.34,1084.34,-0.01,25.27,26702.0,-1
2023-10-05,2023-10-05 13:28:00,1084.34,1084.34,1084.18,1084.18,-0.01,25.27,26702.0,-1
2023-10-05,2023-10-05 13:29:00,1084.18,1084.18,1084.03,1084.03,-0.01,25.27,26702.0,-1
2023-10-05,2023-10-05 13:30:00,1084.03,1084.03,1083.87,1083.87,-0.01,25.27,26702.0,-1
2023-10-05,2023-10-05 13:31:00,1083.87,1083.87,1083.71,1083.71,-0.01,25.27,26702.0,-1
2023-10-05,2023-10-05 13:32:00,1083.71,1083.71,1083.56,1083.56,-0.01,25.27,26702.0,-1
2023-10-05,2023-10-05 13:33:00,1083.56,1083.56,1083.4,1083.4,-0.01,25.27,26702.0,-1
2023-10-05,2023-10-05 13:34:00,1083.4,1083.4,1083.25,1083.25,-0.01,25.27,26702.0,-1
2023-10-05,2023-10-05 13:35:00,1083.25,1083.25,1083.09,1083.09,-0.01,25.27,26702.0,-1
2023-10-05,2023-10-05 13:36:00,1083.09,1083.09,1082.93,1082.93,-0.01,25.27,26702.0,-1
2023-10-05,2023-10-05 13:37:00,1082.93,1082.93,1082.78,1082.78,-0.01,25.27,26702.0,-1
2023-10-05,2023-10-05 13:38:00,1082.78,1082.78,1082.62,1082.62,-0.01,25.27,26702.0,-1
2023-10-05,2023-10-05 13:39:00,1082.62,1082.62,1082.47,1082.47,-0.01,25.27,26702.0,-1
2023-10-05,2023-10-05 13:40:00,1082.47,1082.47,1082.31,1082.31,-0.01,25.27,26702.0,-1
2023-10-05,2023-10-05 13:41:00,1082.31,1082.31,1082.15,1082.15,-0.01,25.27,26702.0,-1
2023-10-05,2023-10-05 13:42:00,1082.15,1082.15,1082.0,1082.0,-0.01,25.27,26702.0,-1
2023-10-05,2023-10-05 13:43:00,1082.0,1082.0,1081.84,1081.84,-0.01,25.27,26702.0,-1
2023-10-05,2023-10-05 13:44:00,1081.84,1081.84,1081.69,1081.69,-0.01,25.27,26702.0,-1
2023-10-05,2023-10-05 13:45:00,1081.69,1081.69,1081.53,1081.53,-0.01,25.27,26702.0,-1
2023-10-05,2023-10-05 13:46:00,1081.53,1081.53,1081.38,1081.38,-0.01,25.27,26702.0,-1
2023-10-05,2023-10-05 13:47:00,1081.38,1081.38,1081.22,1081.22,-0.01,25.27,26702.0,-1
2023-10-05,2023-10-05 13:48:00,1081.22,1081.22,1081.06,1081.06,-0.01,25.27,26702.0,-1
2023-10-05,2023-10-05 13:49:00,1081.06,1081.06,1080.91,1080.91,-0.01,25.27,26702.0,-1
2023-10-05,2023-10-05 13:50:00,1080.91,1080.91,1080.75,1080.75,-0.01,25.27,26702.0,-1
2023-10-05,2023-10-05 13:51:00,1080.75,1080.75,1080.6,1080.6,-0.01,25.27,26702.0,-1
2023-10-05,2023-10-05 13:52:00,1080.6,1080.6,1080.44,1080.44,-0.01,25.27,26702.0,-1
2023-10-05,2023-10-05 13:53:00,1080.44,1080.44,1080.29,1080.29,-0.01,25.27,26702.0,-1
2023-10-05,2023-10-05 13:54:00,1080.29,1080.29,1080.13,1080.13,-0.01,25.27,26702.0,-1
2023-10-05,2023-10-05 13:55:00,1080.13,1080.13,1079.97,1079.97,-0.01,25.27,26702.0,-1
2023-10-05,2023-10-05 13:56:00,1079.97,1079.97,1079.82,1079.82,-0.01,25.27,26702.0,-1
2023-10-05,2023-10-05 13:57:00,1079.82,1079.82,1079.66,1079.66,-0.01,25.27,26702.0,-1
2023-10-05,2023-10-05 13:58:00,1079.66,1079.66,1079.51,1079.51,-0.01,25.27,26702.0,-1
2023-10-05,2023-10-05 13:59:00,1079.51,1079.51,1079.35,1079.35,-0.01,25.27,26702.0,-1
2023-10-05,2023-10-05 14:00:00,1079.35,1079.35,1079.19,1079.19,-0.01,25.27,26702.0,-1
2023-10-05,2023-10-05 14:01:00,1079.19,1079.19,1079.04,1079.04,-0.01,25.27,26702.0,-1
2023-10-05,2023-10-05 14:02:00,1079.04,1079.04,1078.88,1078.88,-0.01,25.27,26702.0,-1
2023-10-05,2023-10-05 14:03:00,1078.88,1078.88,1078.73,1078.73,-0.01,25.27,26702.0,-1
2023-10-05,2023-10-05 14:04:00,1078.73,1078.73,1078.57,1078.57,-0.01,25.27,26702.0,-1
2023-10-05,2023-10-05 14:05:00,1078.57,1078.57,1078.41,1078.41,-0.01,25.27,26702.0,-1
2023-10-05,2023-10-05 14:06:00,1078.41,1078.41,1078.26,1078.26,-0.01,25.27,26702.0,-1
2023-10-05,2023-10-05 14:07:00,1078.26,1078.26,1078.1,1078.1,-0.01,25.27,26702.0,-1
2023-10-05,2023-10-05 14:08:00,1078.1,1078.1,1077.95,1077.95,-0.01,25.27,26702.0,-1
2023-10-05,2023-10-05 14:09:00,1077.95,1077.95,1077.79,1077.79,-0.01,25.27,26702.0,-1
2023-10-05,2023-10-05 14:10:00,1077.79,1077.79,1077.64,1077.64,-0.01,25.27,26702.0,-1
2023-10-05,2023-10-05 14:11:00,1077.64,1077.64,1077.48,1077.48,-0.01,25.27,26702.0,-1
2023-10-05,2023-10-05 14:12:00,1077.48,1077.48,1077.32,1077.32,-0.01,25.27,26702.0,-1
2023-10-05,2023-10-05 14:13:00,1077.32,1077.32,1077.17,1077.17,-0.01,25.27,26702.0,-1
2023-10-05,2023-10-05 14:14:00,1077.17,1077.17,1077.01,1077.01,-0.01,25.27,26702.0,-1
2023-10-05,2023-10-05 14:15:00,1077.01,1077.01,1076.86,1076.86,-0.01,25.27,26702.0,-1
2023-10-05,2023-10-05 14:16:00,1076.86,1076.86,1076.7,1076.7,-0.01,25.27,26702.0,-1
2023-10-05,2023-10-05 14:17:00,1076.7,1076.7,1076.55,1076.55,-0.01,25.27,26702.0,-1
2023-10-05,2023-10-05 14:18:00,1076.55,1076.55,1076.39,1076.39,-0.01,25.27,26702.0,-1
2023-10-05,2023-10-05 14:19:00,1076.39,1076.39,1076.23,1076.23,-0.01,25.27,26702.0,-1
2023-10-05,2023-10-05 14:20:00,1076.23,1076.23,1076.08,1076.08,-0.01,25.27,26702.0,-1
2023-10-05,2023-10-05 14:21:00,1076.08,1076.08,1075.92,1075.92,-0.01,25.27,26702.0,-1
2023-10-05,2023-10-05 14:22:00,1075.92,1075.92,1075.77,1075.77,-0.01,25.27,26702.0,-1
2023-10-05,2023-10-05 14:23:00,1075.77,1075.77,1075.61,1075.61,-0.01,25.27,26702.0,-1
2023-10-05,2023-10-05 14:24:00,1075.61,1075.61,1075.45,1075.45,-0.01,25.27,26702.0,-1
2023-10-05,2023-10-05 14:25:00,1075.45,1075.45,1075.3,1075.3,-0.01,25.27,26702.0,-1
2023-10-05,2023-10-05 14:26:00,1075.3,1075.3,1075.14,1075.14,-0.01,25.27,26702.0,-1
2023-10-05,2023-10-05 14:27:00,1075.14,1075.14,1074.99,1074.99,-0.01,25.27,26702.0,-1
2023-10-05,2023-10-05 14:28:00,1074.99,1074.99,1074.83,1074.83,-0.01,25.27,26702.0,-1
2023-10-05,2023-10-05 14:29:00,1074.83,1074.83,1074.67,1074.67,-0.01,25.27,26702.0,-1
2023-10-05,2023-10-05 14:30:00,1074.67,1074.67,1074.52,1074.52,-0.01,25.27,26702.0,-1
2023-10-05,2023-10-05 14:31:00,1074.52,1074.52,1074.36,1074.36,-0.01,25.27,26702.0,-1
2023-10-05,2023-10-05 14:32:00,1074.36,1074.36,1074.21,1074.21,-0.01,25.27,26702.0,-1
2023-10-05,2023-10-05 14:33:00,1074.21,1074.21,1074.05,1074.05,-0.01,25.27,26702.0,-1
2023-10-05,2023-10-05 14:34:00,1074.05,1074.05,1073.9,1073.9,-0.01,25.27,26702.0,-1
2023-10-05,2023-10-05 14:35:00,1073.9,1073.9,1073.74,1073.74,-0.01,25.27,26702.0,-1
2023-10-05,2023-10-05 14:36:00,1073.74,1073.74,1073.58,1073.58,-0.01,25.27,26702.0,-1
2023-10-05,2023-10-05 14:37:00,1073.58,1073.58,1073.43,1073.43,-0.01,25.27,26702.0,-1
2023-10-05,2023-10-05 14:38:00,1073.43,1073.43,1073.27,1073.27,-0.01,25.27,26702.0,-1
2023-10-05,2023-10-05 14:39:00,1073.27,1073.27,1073.12,1073.12,-0.01,25.27,26702.0,-1
2023-10-05,2023-10-05 14:40:00,1073.12,1073.12,1072.96,1072.96,-0.01,25.27,26702.0,-1
2023-10-05,2023-10-05 14:41:00,1072.96,1072.96,1072.81,1072.81,-0.01,25.27,26702.0,-1
2023-10-05,2023-10-05 14:42:00,1072.81,1072.81,1072.65,1072.65,-0.01,25.27,26702.0,-1
2023-10-05,2023-10-05 14:43:00,1072.65,1072.65,1072.49,1072.49,-0.01,25.27,26702.0,-1
2023-10-05,2023-10-05 14:44:00,1072.49,1072.49,1072.34,1072.34,-0.01,25.27,26702.0,-1
2023-10-05,2023-10-05 14:45:00,1072.34,1072.34,1072.18,1072.18,-0.01,25.27,26702.0,-1
2023-10-05,2023-10-05 14:46:00,1072.18,1072.18,1072.03,1072.03,-0.01,25.27,26702.0,-1
2023-10-05,2023-10-05 14:47:00,1072.03,1072.03,1071.87,1071.87,-0.01,25.27,26702.0,-1
2023-10-05,2023-10-05 14:48:00,1071.87,1071.87,1071.71,1071.71,-0.01,25.27,26702.0,-1
2023-10-05,2023-10-05 14:49:00,1071.71,1071.71,1071.56,1071.56,-0.01,25.27,26702.0,-1
2023-10-05,2023-10-05 14:50:00,1071.56,1071.56,1071.4,1071.4,-0.01,25.27,26702.0,-1
2023-10-05,2023-10-05 14:51:00,1071.4,1071.4,1071.25,1071.25,-0.01,25.27,26702.0,-1
2023-10-05,2023-10-05 14:52:00,1071.25,1071.25,1071.09,1071.09,-0.01,25.27,26702.0,-1
2023-10-05,2023-10-05 14:53:00,1071.09,1071.09,1070.93,1070.93,-0.01,25.27,26702.0,-1
2023-10-05,2023-10-05 14:54:00,1070.93,1070.93,1070.78,1070.78,-0.01,25.27,26702.0,-1
2023-10-05,2023-10-05 14:55:00,1070.78,1070.78,1070.62,1070.62,-0.01,25.27,26702.0,-1
2023-10-05,2023-10-05 14:56:00,1070.62,1070.62,1070.47,1070.47,-0.01,25.27,26702.0,-1
2023-10-05,2023-10-05 14:57:00,1070.47,1070.47,1070.31,1070.31,-0.01,25.27,26702.0,-1
2023-10-05,2023-10-05 14:58:00,1070.31,1070.31,1070.16,1070.16,-0.01,25.27,26702.0,-1
2023-10-05,2023-10-05 14:59:00,1070.16,1070.16,1070.0,1070.0,-0.01,25.27,26702.0,-1
2023-10-05,2023-10-05 15:00:00,1070.0,1107.4,1045.0,1070.0,0.0,25.27,26702.0,0
2023-10-08,2023-10-08 11:00:00,1070.0,1075.97,1053.65,1069.79,-0.02,18.35,19007.03,-1
2023-10-08,2023-10-08 11:01:00,1069.79,1069.79,1069.58,1069.58,-0.02,18.35,19007.03,-1
2023-10-08,2023-10-08 11:02:00,1069.58,1069.58,1069.38,1069.38,-0.02,18.35,19007.03,-1
2023-10-08,2023-10-08 11:03:00,1069.38,1069.38,1069.17,1069.17,-0.02,18.35,19007.03,-1
2023-10-08,2023-10-08 11:04:00,1069.17,1069.17,1068.96,1068.96,-0.02,18.35,19007.03,-1
2023-10-08,2023-10-08 11:05:00,1068.96,1068.96,1068.75,1068.75,-0.02,18.35,19007.03,-1
2023-10-08,2023-10-08 11:06:00,1068.75,1068.75,1068.54,1068.54,-0.02,18.35,19007.03,-1
2023-10-08,2023-10-08 11:07:00,1068.54,1068.54,1068.33,1068.33,-0.02,18.35,19007.03,-1
2023-10-08,2023-10-08 11:08:00,1068.33,1068.33,1068.12,1068.12,-0.02,18.35,19007.03,-1
2023-10-08,2023-10-08 11:09:00,1068.12,1068.12,1067.92,1067.92,-0.02,18.35,19007.03,-1
2023-10-08,2023-10-08 11:10:00,1067.92,1067.92,1067.71,1067.71,-0.02,18.35,19007.03,-1
2023-10-08,2023-10-08 11:11:00,1067.71,1067.71,1067.5,1067.5,-0.02,18.35,19007.03,-1
2023-10-08,2023-10-08 11:12:00,1067.5,1067.5,1067.29,1067.29,-0.02,18.35,19007.03,-1
2023-10-08,2023-10-08 11:13:00,1067.29,1067.29,1067.08,1067.08,-0.02,18.35,19007.03,-1
2023-10-08,2023-10-08 11:14:00,1067.08,1067.08,1066.88,1066.88,-0.02,18.35,19007.03,-1
2023-10-08,2023-10-08 11:15:00,1066.88,1066.88,1066.67,1066.67,-0.02,18.35,19007.03,-1
2023-10-08,2023-10-08 11:16:00,1066.67,1066.67,1066.46,1066.46,-0.02,18.35,19007.03,-1
2023-10-08,2023-10-08 11:17:00,1066.46,1066.46,1066.25,1066.25,-0.02,18.35,19007.03,-1
2023-10-08,2023-10-08 11:18:00,1066.25,1066.25,1066.04,1066.04,-0.02,18.35,19007.03,-1
2023-10-08,2023-10-08 11:19:00,1066.04,1066.04,1065.83,1065.83,-0.02,18.35,19007.03,-1
2023-10-08,2023-10-08 11:20:00,1065.83,1065.83,1065.62,1065.62,-0.02,18.35,19007.03,-1
2023-10-08,2023-10-08 11:21:00,1065.62,1065.62,1065.42,1065.42,-0.02,18.35,19007.03,-1
2023-10-08,2023-10-08 11:22:00,1065.42,1065.42,1065.21,1065.21,-0.02,18.35,19007.03,-1
2023-10-08,2023-10-08 11:23:00,1065.21,1065.21,1065.0,1065.0,-0.02,18.35,19007.03,-1
2023-10-08,2023-10-08 11:24:00,1065.0,1065.0,1064.79,1064.79,-0.02,18.35,19007.03,-1
2023-10-08,2023-10-08 11:25:00,1064.79,1064.79,1064.58,1064.58,-0.02,18.35,19007.03,-1
2023-10-08,2023-10-08 11:26:00,1064.58,1064.58,1064.38,1064.38,-0.02,18.35,19007.03,-1
2023-10-08,2023-10-08 11:27:00,1064.38,1064.38,1064.17,1064.17,-0.02,18.35,19007.03,-1
2023-10-08,2023-10-08 11:28:00,1064.17,1064.17,1063.96,1063.96,-0.02,18.35,19007.03,-1
2023-10-08,2023-10-08 11:29:00,1063.96,1063.96,1063.75,1063.75,-0.02,18.35,19007.03,-1
2023-10-08,2023-10-08 11:30:00,1063.75,1063.75,1063.54,1063.54,-0.02,18.35,19007.03,-1
2023-10-08,2023-10-08 11:31:00,1063.54,1063.54,1063.33,1063.33,-0.02,18.35,19007.03,-1
2023-10-08,2023-10-08 11:32:00,1063.33,1063.33,1063.12,1063.12,-0.02,18.35,19007.03,-1
2023-10-08,2023-10-08 11:33:00,1063.12,1063.12,1062.92,1062.92,-0.02,18.35,19007.03,-1
2023-10-08,2023-10-08 11:34:00,1062.92,1062.92,1062.71,1062.71,-0.02,18.35,19007.03,-1
2023-10-08,2023-10-08 11:35:00,1062.71,1062.71,1062.5,1062.5,-0.02,18.35,19007.03,-1
2023-10-08,2023-10-08 11:36:00,1062.5,1062.5,1062.29,1062.29,-0.02,18.35,19007.03,-1
2023-10-08,2023-10-08 11:37:00,1062.29,1062.29,1062.08,1062.08,-0.02,18.35,19007.03,-1
2023-10-08,2023-10-08 11:38:00,1062.08,1062.08,1061.88,1061.88,-0.02,18.35,19007.03,-1
2023-10-08,2023-10-08 11:39:00,1061.88,1061.88,1061.67,1061.67,-0.02,18.35,19007.03,-1
2023-10-08,2023-10-08 11:40:00,1061.67,1061.67,1061.46,1061.46,-0.02,18.35,19007.03,-1
2023-10-08,2023-10-08 11:41:00,1061.46,1061.46,1061.25,1061.25,-0.02,18.35,19007.03,-1
2023-10-08,2023-10-08 11:42:00,1061.25,1061.25,1061.04,1061.04,-0.02,18.35,19007.03,-1
2023-10-08,2023-10-08 11:43:00,1061.04,1061.04,1060.83,1060.83,-0.02,18.35,19007.03,-1
2023-10-08,2023-10-08 11:44:00,1060.83,1060.83,1060.62,1060.62,-0.02,18.35,19007.03,-1
2023-10-08,2023-10-08 11:45:00,1060.62,1060.62,1060.42,1060.42,-0.02,18.35,19007.03,-1
2023-10-08,2023-10-08 11:46:00,1060.42,1060.42,1060.21,1060.21,-0.02,18.35,19007.03,-1
2023-10-08,2023-10-08 11:47:00,1060.21,1060.21,1060.0,1060.0,-0.02,18.35,19007.03,-1
2023-10-08,2023-10-08 11:48:00,1060.0,1060.0,1059.79,1059.79,-0.02,18.35,19007.03,-1
2023-10-08,2023-10-08 11:49:00,1059.79,1059.79,1059.58,1059.58,-0.02,18.35,19007.03,-1
2023-10-08,2023-10-08 11:50:00,1059.58,1059.58,1059.38,1059.38,-0.02,18.35,19007.03,-1
2023-10-08,2023-10-08 11:51:00,1059.38,1059.38,1059.17,1059.17,-0.02,18.35,19007.03,-1
2023-10-08,2023-10-08 11:52:00,1059.17,1059.17,1058.96,1058.96,-0.02,18.35,19007.03,-1
2023-10-08,2023-10-08 11:53:00,1058.96,1058.96,1058.75,1058.75,-0.02,18.35,19007.03,-1
2023-10-08,2023-10-08 11:54:00,1058.75,1058.75,1058.54,1058.54,-0.02,18.35,19007.03,-1
2023-10-08,2023-10-08 11:55:00,1058.54,1058.54,1058.33,1058.33,-0.02,18.35,19007.03,-1
2023-10-08,2023-10-08 11:56:00,1058.33,1058.33,1058.12,1058.12,-0.02,18.35,19007.03,-1
2023-10-08,2023-10-08 11:57:00,1058.12,1058.12,1057.92,1057.92,-0.02,18.35,19007.03,-1
2023-10-08,2023-10-08 11:58:00,1057.92,1057.92,1057.71,1057.71,-0.02,18.35,19007.03,-1
2023-10-08,2023-10-08 11:59:00,1057.71,1057.71,1057.5,1057.5,-0.02,18.35,19007.03,-1
2023-10-08,2023-10-08 12:00:00,1057.5,1057.5,1057.29,1057.29,-0.02,18.35,19007.03,-1
2023-10-08,2023-10-08 12:01:00,1057.29,1057.29,1057.08,1057.08,-0.02,18.35,19007.03,-1
2023-10-08,2023-10-08 12:02:00,1057.08,1057.08,1056.88,1056.88,-0.02,18.35,19007.03,-1
2023-10-08,2023-10-08 12:03:00,1056.88,1056.88,1056.67,1056.67,-0.02,18.35,19007.03,-1
2023-10-08,2023-10-08 12:04:00,1056.67,1056.67,1056.46,1056.46,-0.02,18.35,19007.03,-1
2023-10-08,2023-10-08 12:05:00,1056.46,1056.46,1056.25,1056.25,-0.02,18.35,19007.03,-1
2023-10-08,2023-10-08 12:06:00,1056.25,1056.25,1056.04,1056.04,-0.02,18.35,19007.03,-1
2023-10-08,2023-10-08 12:07:00,1056.04,1056.04,1055.83,1055.83,-0.02,18.35,19007.03,-1
2023-10-08,2023-10-08 12:08:00,1055.83,1055.83,1055.62,1055.62,-0.02,18.35,19007.03,-1
2023-10-08,2023-10-08 12:09:00,1055.62,1055.62,1055.42,1055.42,-0.02,18.35,19007.03,-1
2023-10-08,2023-10-08 12:10:00,1055.42,1055.42,1055.21,1055.21,-0.02,18.35,19007.03,-1
2023-10-08,2023-10-08 12:11:00,1055.21,1055.21,1055.0,1055.0,-0.02,18.35,19007.03,-1
2023-10-08,2023-10-08 12:12:00,1055.0,1055.0,1054.79,1054.79,-0.02,18.35,19007.03,-1
2023-10-08,2023-10-08 12:13:00,1054.79,1054.79,1054.58,1054.58,-0.02,18.35,19007.03,-1
2023-10-08,2023-10-08 12:14:00,1054.58,1054.58,1054.38,1054.38,-0.02,18.35,19007.03,-1
2023-10-08,2023-10-08 12:15:00,1054.38,1054.38,1054.17,1054.17,-0.02,18.35,19007.03,-1
2023-10-08,2023-10-08 12:16:00,1054.17,1054.17,1053.96,1053.96,-0.02,18.35,19007.03,-1
2023-10-08,2023-10-08 12:17:00,1053.96,1053.96,1053.75,1053.75,-0.02,18.35,19007.03,-1
2023-10-08,2023-10-08 12:18:00,1053.75,1053.75,1053.54,1053.54,-0.02,18.35,19007.03,-1
2023-10-08,2023-10-08 12:19:00,1053.54,1053.54,1053.33,1053.33,-0.02,18.35,19007.03,-1
2023-10-08,2023-10-08 12:20:00,1053.33,1053.33,1053.12,1053.12,-0.02,18.35,19007.03,-1
2023-10-08,2023-10-08 12:21:00,1053.12,1053.12,1052.92,1052.92,-0.02,18.35,19007.03,-1
2023-10-08,2023-10-08 12:22:00,1052.92,1052.92,1052.71,1052.71,-0.02,18.35,19007.03,-1
2023-10-08,2023-10-08 12:23:00,1052.71,1052.71,1052.5,1052.5,-0.02,18.35,19007.03,-1
2023-10-08,2023-10-08 12:24:00,1052.5,1052.5,1052.29,1052.29,-0.02,18.35,19007.03,-1
2023-10-08,2023-10-08 12:25:00,1052.29,1052.29,1052.08,1052.08,-0.02,18.35,19007.03,-1
2023-10-08,2023-10-08 12:26:00,1052.08,1052.08,1051.88,1051.88,-0.02,18.35,19007.03,-1
2023-10-08,2023-10-08 12:27:00,1051.88,1051.88,1051.67,1051.67,-0.02,18.35,19007.03,-1
2023-10-08,2023-10-08 12:28:00,1051.67,1051.67,1051.46,1051.46,-0.02,18.35,19007.03,-1
2023-10-08,2023-10-08 12:29:00,1051.46,1051.46,1051.25,1051.25,-0.02,18.35,19007.03,-1
2023-10-08,2023-10-08 12:30:00,1051.25,1051.25,1051.04,1051.04,-0.02,18.35,19007.03,-1
2023-10-08,2023-10-08 12:31:00,1051.04,1051.04,1050.83,1050.83,-0.02,18.35,19007.03,-1
2023-10-08,2023-10-08 12:32:00,1050.83,1050.83,1050.62,1050.62,-0.02,18.35,19007.03,-1
2023-10-08,2023-10-08 12:33:00,1050.62,1050.62,1050.42,1050.42,-0.02,18.35,19007.03,-1
2023-10-08,2023-10-08 12:34:00,1050.42,1050.42,1050.21,1050.21,-0.02,18.35,19007.03,-1
2023-10-08,2023-10-08 12:35:00,1050.21,1050.21,1050.0,1050.0,-0.02,18.35,19007.03,-1
2023-10-08,2023-10-08 12:36:00,1050.0,1050.0,1049.79,1049.79,-0.02,18.35,19007.03,-1
2023-10-08,2023-10-08 12:37:00,1049.79,1049.79,1049.58,1049.58,-0.02,18.35,19007.03,-1
2023-10-08,2023-10-08 12:38:00,1049.58,1049.58,1049.38,1049.38,-0.02,18.35,19007.03,-1
2023-10-08,2023-10-08 12:39:00,1049.38,1049.38,1049.17,1049.17,-0.02,18.35,19007.03,-1
2023-10-08,2023-10-08 12:40:00,1049.17,1049.17,1048.96,1048.96,-0.02,18.35,19007.03,-1
2023-10-08,2023-10-08 12:41:00,1048.96,1048.96,1048.75,1048.75,-0.02,18.35,19007.03,-1
2023-10-08,2023-10-08 12:42:00,1048.75,1048.75,1048.54,1048.54,-0.02,18.35,19007.03,-1
2023-10-08,2023-10-08 12:43:00,1048.54,1048.54,1048.33,1048.33,-0.02,18.35,19007.03,-1
2023-10-08,2023-10-08 12:44:00,1048.33,1048.33,1048.12,1048.12,-0.02,18.35,19007.03,-1
2023-10-08,2023-10-08 12:45:00,1048.12,1048.12,1047.92,1047.92,-0.02,18.35,19007.03,-1
2023-10-08,2023-10-08 12:46:00,1047.92,1047.92,1047.71,1047.71,-0.02,18.35,19007.03,-1
2023-10-08,2023-10-08 12:47:00,1047.71,1047.71,1047.5,1047.5,-0.02,18.35,19007.03,-1
2023-10-08,2023-10-08 12:48:00,1047.5,1047.5,1047.29,1047.29,-0.02,18.35,19007.03,-1
2023-10-08,2023-10-08 12:49:00,1047.29,1047.29,1047.08,1047.08,-0.02,18.35,19007.03,-1
2023-10-08,2023-10-08 12:50:00,1047.08,1047.08,1046.88,1046.88,-0.02,18.35,19007.03,-1
2023-10-08,2023-10-08 12:51:00,1046.88,1046.88,1046.67,1046.67,-0.02,18.35,19007.03,-1
2023-10-08,2023-10-08 12:52:00,1046.67,1046.67,1046.46,1046.46,-0.02,18.35,19007.03,-1
2023-10-08,2023-10-08 12:53:00,1046.46,1046.46,1046.25,1046.25,-0.02,18.35,19007.03,-1
2023-10-08,2023-10-08 12:54:00,1046.25,1046.25,1046.04,1046.04,-0.02,18.35,19007.03,-1
2023-10-08,2023-10-08 12:55:00,1046.04,1046.04,1045.83,1045.83,-0.02,18.35,19007.03,-1
2023-10-08,2023-10-08 12:56:00,1045.83,1045.83,1045.62,1045.62,-0.02,18.35,19007.03,-1
2023-10-08,2023-10-08 12:57:00,1045.62,1045.62,1045.42,1045.42,-0.02,18.35,19007.03,-1
2023-10-08,2023-10-08 12:58:00,1045.42,1045.42,1045.21,1045.21,-0.02,18.35,19007.03,-1
2023-10-08,2023-10-08 12:59:00,1045.21,1045.21,1045.0,1045.0,-0.02,18.35,19007.03,-1
2023-10-08,2023-10-08 13:00:00,1045.0,1089.9,1015.5,1044.79,-0.02,18.35,19007.03,-1
2023-10-08,2023-10-08 13:01:00,1044.79,1044.79,1044.58,1044.58,-0.02,18.35,19007.03,-1
2023-10-08,2023-10-08 13:02:00,1044.58,1044.58,1044.38,1044.38,-0.02,18.35,19007.03,-1
2023-10-08,2023-10-08 13:03:00,1044.38,1044.38,1044.17,1044.17,-0.02,18.35,19007.03,-1
2023-10-08,2023-10-08 13:04:00,1044.17,1044.17,1043.96,1043.96,-0.02,18.35,19007.03,-1
2023-10-08,2023-10-08 13:05:00,1043.96,1043.96,1043.75,1043.75,-0.02,18.35,19007.03,-1
2023-10-08,2023-10-08 13:06:00,1043.75,1043.75,1043.54,1043.54,-0.02,18.35,19007.03,-1
2023-10-08,2023-10-08 13:07:00,1043.54,1043.54,1043.33,1043.33,-0.02,18.35,19007.03,-1
2023-10-08,2023-10-08 13:08:00,1043.33,1043.33,1043.12,1043.12,-0.02,18.35,19007.03,-1
2023-10-08,2023-10-08 13:09:00,1043.12,1043.12,1042.92,1042.92,-0.02,18.35,19007.03,-1
2023-10-08,2023-10-08 13:10:00,1042.92,1042.92,1042.71,1042.71,-0.02,18.35,19007.03,-1
2023-10-08,2023-10-08 13:11:00,1042.71,1042.71,1042.5,1042.5,-0.02,18.35,19007.03,-1
2023-10-08,2023-10-08 13:12:00,1042.5,1042.5,1042.29,1042.29,-0.02,18.35,19007.03,-1
2023-10-08,2023-10-08 13:13:00,1042.29,1042.29,1042.08,1042.08,-0.02,18.35,19007.03,-1
2023-10-08,2023-10-08 13:14:00,1042.08,1042.08,1041.88,1041.88,-0.02,18.35,19007.03,-1
2023-10-08,2023-10-08 13:15:00,1041.88,1041.88,1041.67,1041.67,-0.02,18.35,19007.03,-1
2023-10-08,2023-10-08 13:16:00,1041.67,1041.67,1041.46,1041.46,-0.02,18.35,19007.03,-1
2023-10-08,2023-10-08 13:17:00,1041.46,1041.46,1041.25,1041.25,-0.02,18.35,19007.03,-1
2023-10-08,2023-10-08 13:18:00,1041.25,1041.25,1041.04,1041.04,-0.02,18.35,19007.03,-1
2023-10-08,2023-10-08 13:19:00,1041.04,1041.04,1040.83,1040.83,-0.02,18.35,19007.03,-1
2023-10-08,2023-10-08 13:20:00,1040.83,1040.83,1040.62,1040.62,-0.02,18.35,19007.03,-1
2023-10-08,2023-10-08 13:21:00,1040.62,1040.62,1040.42,1040.42,-0.02,18.35,19007.03,-1
2023-10-08,2023-10-08 13:22:00,1040.42,1040.42,1040.21,1040.21,-0.02,18.35,19007.03,-1
2023-10-08,2023-10-08 13:23:00,1040.21,1040.21,1040.0,1040.0,-0.02,18.35,19007.03,-1
2023-10-08,2023-10-08 13:24:00,1040.0,1040.0,1039.79,1039.79,-0.02,18.35,19007.03,-1
2023-10-08,2023-10-08 13:25:00,1039.79,1039.79,1039.58,1039.58,-0.02,18.35,19007.03,-1
2023-10-08,2023-10-08 13:26:00,1039.58,1039.58,1039.38,1039.38,-0.02,18.35,19007.03,-1
2023-10-08,2023-10-08 13:27:00,1039.38,1039.38,1039.17,1039.17,-0.02,18.35,19007.03,-1
2023-10-08,2023-10-08 13:28:00,1039.17,1039.17,1038.96,1038.96,-0.02,18.35,19007.03,-1
2023-10-08,2023-10-08 13:29:00,1038.96,1038.96,1038.75,1038.75,-0.02,18.35,19007.03,-1
2023-10-08,2023-10-08 13:30:00,1038.75,1038.75,1038.54,1038.54,-0.02,18.35,19007.03,-1
2023-10-08,2023-10-08 13:31:00,1038.54,1038.54,1038.33,1038.33,-0.02,18.35,19007.03,-1
2023-10-08,2023-10-08 13:32:00,1038.33,1038.33,1038.12,1038.12,-0.02,18.35,19007.03,-1
2023-10-08,2023-10-08 13:33:00,1038.12,1038.12,1037.92,1037.92,-0.02,18.35,19007.03,-1
2023-10-08,2023-10-08 13:34:00,1037.92,1037.92,1037.71,1037.71,-0.02,18.35,19007.03,-1
2023-10-08,2023-10-08 13:35:00,1037.71,1037.71,1037.5,1037.5,-0.02,18.35,19007.03,-1
2023-10-08,2023-10-08 13:36:00,1037.5,1037.5,1037.29,1037.29,-0.02,18.35,19007.03,-1
2023-10-08,2023-10-08 13:37:00,1037.29,1037.29,1037.08,1037.08,-0.02,18.35,19007.03,-1
2023-10-08,2023-10-08 13:38:00,1037.08,1037.08,1036.88,1036.88,-0.02,18.35,19007.03,-1
2023-10-08,2023-10-08 13:39:00,1036.88,1036.88,1036.67,1036.67,-0.02,18.35,19007.03,-1
2023-10-08,2023-10-08 13:40:00,1036.67,1036.67,1036.46,1036.46,-0.02,18.35,19007.03,-1
2023-10-08,2023-10-08 13:41:00,1036.46,1036.46,1036.25,1036.25,-0.02,18.35,19007.03,-1
2023-10-08,2023-10-08 13:42:00,1036.25,1036.25,1036.04,1036.04,-0.02,18.35,19007.03,-1
2023-10-08,2023-10-08 13:43:00,1036.04,1036.04,1035.83,1035.83,-0.02,18.35,19007.03,-1
2023-10-08,2023-10-08 13:44:00,1035.83,1035.83,1035.62,1035.62,-0.02,18.35,19007.03,-1
2023-10-08,2023-10-08 13:45:00,1035.62,1035.62,1035.42,1035.42,-0.02,18.35,19007.03,-1
2023-10-08,2023-10-08 13:46:00,1035.42,1035.42,1035.21,1035.21,-0.02,18.35,19007.03,-1
2023-10-08,2023-10-08 13:47:00,1035.21,1035.21,1035.0,1035.0,-0.02,18.35,19007.03,-1
2023-10-08,2023-10-08 13:48:00,1035.0,1035.0,1034.79,1034.79,-0.02,18.35,19007.03,-1
2023-10-08,2023-10-08 13:49:00,1034.79,1034.79,1034.58,1034.58,-0.02,18.35,19007.03,-1
2023-10-08,2023-10-08 13:50:00,1034.58,1034.58,1034.38,1034.38,-0.02,18.35,19007.03,-1
2023-10-08,2023-10-08 13:51:00,1034.38,1034.38,1034.17,1034.17,-0.02,18.35,19007.03,-1
2023-10-08,2023-10-08 13:52:00,1034.17,1034.17,1033.96,1033.96,-0.02,18.35,19007.03,-1
2023-10-08,2023-10-08 13:53:00,1033.96,1033.96,1033.75,1033.75,-0.02,18.35,19007.03,-1
2023-10-08,2023-10-08 13:54:00,1033.75,1033.75,1033.54,1033.54,-0.02,18.35,19007.03,-1
2023-10-08,2023-10-08 13:55:00,1033.54,1033.54,1033.33,1033.33,-0.02,18.35,19007.03,-1
2023-10-08,2023-10-08 13:56:00,1033.33,1033.33,1033.12,1033.12,-0.02,18.35,19007.03,-1
2023-10-08,2023-10-08 13:57:00,1033.12,1033.12,1032.92,1032.92,-0.02,18.35,19007.03,-1
2023-10-08,2023-10-08 13:58:00,1032.92,1032.92,1032.71,1032.71,-0.02,18.35,19007.03,-1
2023-10-08,2023-10-08 13:59:00,1032.71,1032.71,1032.5,1032.5,-0.02,18.35,19007.03,-1
2023-10-08,2023-10-08 14:00:00,1032.5,1032.5,1032.29,1032.29,-0.02,18.35,19007.03,-1
2023-10-08,2023-10-08 14:01:00,1032.29,1032.29,1032.08,1032.08,-0.02,18.35,19007.03,-1
2023-10-08,2023-10-08 14:02:00,1032.08,1032.08,1031.88,1031.88,-0.02,18.35,19007.03,-1
2023-10-08,2023-10-08 14:03:00,1031.88,1031.88,1031.67,1031.67,-0.02,18.35,19007.03,-1
2023-10-08,2023-10-08 14:04:00,1031.67,1031.67,1031.46,1031.46,-0.02,18.35,19007.03,-1
2023-10-08,2023-10-08 14:05:00,1031.46,1031.46,1031.25,1031.25,-0.02,18.35,19007.03,-1
2023-10-08,2023-10-08 14:06:00,1031.25,1031.25,1031.04,1031.04,-0.02,18.35,19007.03,-1
2023-10-08,2023-10-08 14:07:00,1031.04,1031.04,1030.83,1030.83,-0.02,18.35,19007.03,-1
2023-10-08,2023-10-08 14:08:00,1030.83,1030.83,1030.62,1030.62,-0.02,18.35,19007.03,-1
2023-10-08,2023-10-08 14:09:00,1030.62,1030.62,1030.42,1030.42,-0.02,18.35,19007.03,-1
2023-10-08,2023-10-08 14:10:00,1030.42,1030.42,1030.21,1030.21,-0.02,18.35,19007.03,-1
2023-10-08,2023-10-08 14:11:00,1030.21,1030.21,1030.0,1030.0,-0.02,18.35,19007.03,-1
2023-10-08,2023-10-08 14:12:00,1030.0,1030.0,1029.79,1029.79,-0.02,18.35,19007.03,-1
2023-10-08,2023-10-08 14:13:00,1029.79,1029.79,1029.58,1029.58,-0.02,18.35,19007.03,-1
2023-10-08,2023-10-08 14:14:00,1029.58,1029.58,1029.38,1029.38,-0.02,18.35,19007.03,-1
2023-10-08,2023-10-08 14:15:00,1029.38,1029.38,1029.17,1029.17,-0.02,18.35,19007.03,-1
2023-10-08,2023-10-08 14:16:00,1029.17,1029.17,1028.96,1028.96,-0.02,18.35,19007.03,-1
2023-10-08,2023-10-08 14:17:00,1028.96,1028.96,1028.75,1028.75,-0.02,18.35,19007.03,-1
2023-10-08,2023-10-08 14:18:00,1028.75,1028.75,1028.54,1028.54,-0.02,18.35,19007.03,-1
2023-10-08,2023-10-08 14:19:00,1028.54,1028.54,1028.33,1028.33,-0.02,18.35,19007.03,-1
2023-10-08,2023-10-08 14:20:00,1028.33,1028.33,1028.12,1028.12,-0.02,18.35,19007.03,-1
2023-10-08,2023-10-08 14:21:00,1028.12,1028.12,1027.92,1027.92,-0.02,18.35,19007.03,-1
2023-10-08,2023-10-08 14:22:00,1027.92,1027.92,1027.71,1027.71,-0.02,18.35,19007.03,-1
2023-10-08,2023-10-08 14:23:00,1027.71,1027.71,1027.5,1027.5,-0.02,18.35,19007.03,-1
2023-10-08,2023-10-08 14:24:00,1027.5,1027.5,1027.29,1027.29,-0.02,18.35,19007.03,-1
2023-10-08,2023-10-08 14:25:00,1027.29,1027.29,1027.08,1027.08,-0.02,18.35,19007.03,-1
2023-10-08,2023-10-08 14:26:00,1027.08,1027.08,1026.88,1026.88,-0.02,18.35,19007.03,-1
2023-10-08,2023-10-08 14:27:00,1026.88,1026.88,1026.67,1026.67,-0.02,18.35,19007.03,-1
2023-10-08,2023-10-08 14:28:00,1026.67,1026.67,1026.46,1026.46,-0.02,18.35,19007.03,-1
2023-10-08,2023-10-08 14:29:00,1026.46,1026.46,1026.25,1026.25,-0.02,18.35,19007.03,-1
2023-10-08,2023-10-08 14:30:00,1026.25,1026.25,1026.04,1026.04,-0.02,18.35,19007.03,-1
2023-10-08,2023-10-08 14:31:00,1026.04,1026.04,1025.83,1025.83,-0.02,18.35,19007.03,-1
2023-10-08,2023-10-08 14:32:00,1025.83,1025.83,1025.62,1025.62,-0.02,18.35,19007.03,-1
2023-10-08,2023-10-08 14:33:00,1025.62,1025.62,1025.42,1025.42,-0.02,18.35,19007.03,-1
2023-10-08,2023-10-08 14:34:00,1025.42,1025.42,1025.21,1025.21,-0.02,18.35,19007.03,-1
2023-10-08,2023-10-08 14:35:00,1025.21,1025.21,1025.0,1025.0,-0.02,18.35,19007.03,-1
2023-10-08,2023-10-08 14:36:00,1025.0,1025.0,1024.79,1024.79,-0.02,18.35,19007.03,-1
2023-10-08,2023-10-08 14:37:00,1024.79,1024.79,1024.58,1024.58,-0.02,18.35,19007.03,-1
2023-10-08,2023-10-08 14:38:00,1024.58,1024.58,1024.38,1024.38,-0.02,18.35,19007.03,-1
2023-10-08,2023-10-08 14:39:00,1024.38,1024.38,1024.17,1024.17,-0.02,18.35,19007.03,-1
2023-10-08,2023-10-08 14:40:00,1024.17,1024.17,1023.96,1023.96,-0.02,18.35,19007.03,-1
2023-10-08,2023-10-08 14:41:00,1023.96,1023.96,1023.75,1023.75,-0.02,18.35,19007.03,-1
2023-10-08,2023-10-08 14:42:00,1023.75,1023.75,1023.54,1023.54,-0.02,18.35,19007.03,-1
2023-10-08,2023-10-08 14:43:00,1023.54,1023.54,1023.33,1023.33,-0.02,18.35,19007.03,-1
2023-10-08,2023-10-08 14:44:00,1023.33,1023.33,1023.12,1023.12,-0.02,18.35,19007.03,-1
2023-10-08,2023-10-08 14:45:00,1023.12,1023.12,1022.92,1022.92,-0.02,18.35,19007.03,-1
2023-10-08,2023-10-08 14:46:00,1022.92,1022.92,1022.71,1022.71,-0.02,18.35,19007.03,-1
2023-10-08,2023-10-08 14:47:00,1022.71,1022.71,1022.5,1022.5,-0.02,18.35,19007.03,-1
2023-10-08,2023-10-08 14:48:00,1022.5,1022.5,1022.29,1022.29,-0.02,18.35,19007.03,-1
2023-10-08,2023-10-08 14:49:00,1022.29,1022.29,1022.08,1022.08,-0.02,18.35,19007.03,-1
2023-10-08,2023-10-08 14:50:00,1022.08,1022.08,1021.88,1021.88,-0.02,18.35,19007.03,-1
2023-10-08,2023-10-08 14:51:00,1021.88,1021.88,1021.67,1021.67,-0.02,18.35,19007.03,-1
2023-10-08,2023-10-08 14:52:00,1021.67,1021.67,1021.46,1021.46,-0.02,18.35,19007.03,-1
2023-10-08,2023-10-08 14:53:00,1021.46,1021.46,1021.25,1021.25,-0.02,18.35,19007.03,-1
2023-10-08,2023-10-08 14:54:00,1021.25,1021.25,1021.04,1021.04,-0.02,18.35,19007.03,-1
2023-10-08,2023-10-08 14:55:00,1021.04,1021.04,1020.83,1020.83,-0.02,18.35,19007.03,-1
2023-10-08,2023-10-08 14:56:00,1020.83,1020.83,1020.62,1020.62,-0.02,18.35,19007.03,-1
2023-10-08,2023-10-08 14:57:00,1020.62,1020.62,1020.42,1020.42,-0.02,18.35,19007.03,-1
2023-10-08,2023-10-08 14:58:00,1020.42,1020.42,1020.21,1020.21,-0.02,18.35,19007.03,-1
2023-10-08,2023-10-08 14:59:00,1020.21,1020.21,1020.0,1020.0,-0.02,18.35,19007.03,-1
2023-10-08,2023-10-08 15:00:00,1020.0,1089.9,1015.5,1020.0,0.0,18.35,19007.03,0
2023-10-09,2023-10-09 11:00:00,1040.0,1040.0,1031.0,1039.93,-0.01,10.61,10798.89,-1
2023-10-09,2023-10-09 11:01:00,1039.93,1039.93,1039.86,1039.86,-0.01,10.61,10798.89,-1
2023-10-09,2023-10-09 11:02:00,1039.86,1039.86,1039.79,1039.79,-0.01,10.61,10798.89,-1
2023-10-09,2023-10-09 11:03:00,1039.79,1039.79,1039.72,1039.72,-0.01,10.61,10798.89,-1
2023-10-09,2023-10-09 11:04:00,1039.72,1039.72,1039.65,1039.65,-0.01,10.61,10798.89,-1
2023-10-09,2023-10-09 11:05:00,1039.65,1039.65,1039.58,1039.58,-0.01,10.61,10798.89,-1
2023-10-09,2023-10-09 11:06:00,1039.58,1039.58,1039.5,1039.5,-0.01,10.61,10798.89,-1
2023-10-09,2023-10-09 11:07:00,1039.5,1039.5,1039.43,1039.43,-0.01,10.61,10798.89,-1
2023-10-09,2023-10-09 11:08:00,1039.43,1039.43,1039.36,1039.36,-0.01,10.61,10798.89,-1
2023-10-09,2023-10-09 11:09:00,1039.36,1039.36,1039.29,1039.29,-0.01,10.61,10798.89,-1
2023-10-09,2023-10-09 11:10:00,1039.29,1039.29,1039.22,1039.22,-0.01,10.61,10798.89,-1
2023-10-09,2023-10-09 11:11:00,1039.22,1039.22,1039.15,1039.15,-0.01,10.61,10798.89,-1
2023-10-09,2023-10-09 11:12:00,1039.15,1039.15,1039.08,1039.08,-0.01,10.61,10798.89,-1
2023-10-09,2023-10-09 11:13:00,1039.08,1039.08,1039.01,1039.01,-0.01,10.61,10798.89,-1
2023-10-09,2023-10-09 11:14:00,1039.01,1039.01,1038.94,1038.94,-0.01,10.61,10798.89,-1
2023-10-09,2023-10-09 11:15:00,1038.94,1038.94,1038.87,1038.87,-0.01,10.61,10798.89,-1
2023-10-09,2023-10-09 11:16:00,1038.87,1038.87,1038.8,1038.8,-0.01,10.61,10798.89,-1
2023-10-09,2023-10-09 11:17:00,1038.8,1038.8,1038.72,1038.72,-0.01,10.61,10798.89,-1
2023-10-09,2023-10-09 11:18:00,1038.72,1038.72,1038.65,1038.65,-0.01,10.61,10798.89,-1
2023-10-09,2023-10-09 11:19:00,1038.65,1038.65,1038.58,1038.58,-0.01,10.61,10798.89,-1
2023-10-09,2023-10-09 11:20:00,1038.58,1038.58,1038.51,1038.51,-0.01,10.61,10798.89,-1
2023-10-09,2023-10-09 11:21:00,1038.51,1038.51,1038.44,1038.44,-0.01,10.61,10798.89,-1
2023-10-09,2023-10-09 11:22:00,1038.44,1038.44,1038.37,1038.37,-0.01,10.61,10798.89,-1
2023-10-09,2023-10-09 11:23:00,1038.37,1038.37,1038.3,1038.3,-0.01,10.61,10798.89,-1
2023-10-09,2023-10-09 11:24:00,1038.3,1038.3,1038.23,1038.23,-0.01,10.61,10798.89,-1
2023-10-09,2023-10-09 11:25:00,1038.23,1038.23,1038.16,1038.16,-0.01,10.61,10798.89,-1
2023-10-09,2023-10-09 11:26:00,1038.16,1038.16,1038.09,1038.09,-0.01,10.61,10798.89,-1
2023-10-09,2023-10-09 11:27:00,1038.09,1038.09,1038.02,1038.02,-0.01,10.61,10798.89,-1
2023-10-09,2023-10-09 11:28:00,1038.02,1038.02,1037.95,1037.95,-0.01,10.61,10798.89,-1
2023-10-09,2023-10-09 11:29:00,1037.95,1037.95,1037.88,1037.88,-0.01,10.61,10798.89,-1
2023-10-09,2023-10-09 11:30:00,1037.88,1037.88,1037.8,1037.8,-0.01,10.61,10798.89,-1
2023-10-09,2023-10-09 11:31:00,1037.8,1037.8,1037.73,1037.73,-0.01,10.61,10798.89,-1
2023-10-09,2023-10-09 11:32:00,1037.73,1037.73,1037.66,1037.66,-0.01,10.61,10798.89,-1
2023-10-09,2023-10-09 11:33:00,1037.66,1037.66,1037.59,1037.59,-0.01,10.61,10798.89,-1
2023-10-09,2023-10-09 11:34:00,1037.59,1037.59,1037.52,1037.52,-0.01,10.61,10798.89,-1
2023-10-09,2023-10-09 11:35:00,1037.52,1037.52,1037.45,1037.45,-0.01,10.61,10798.89,-1
2023-10-09,2023-10-09 11:36:00,1037.45,1037.45,1037.38,1037.38,-0.01,10.61,10798.89,-1
2023-10-09,2023-10-09 11:37:00,1037.38,1037.38,1037.31,1037.31,-0.01,10.61,10798.89,-1
2023-10-09,2023-10-09 11:38:00,1037.31,1037.31,1037.24,1037.24,-0.01,10.61,10798.89,-1
2023-10-09,2023-10-09 11:39:00,1037.24,1037.24,1037.17,1037.17,-0.01,10.61,10798.89,-1
2023-10-09,2023-10-09 11:40:00,1037.17,1037.17,1037.1,1037.1,-0.01,10.61,10798.89,-1
2023-10-09,2023-10-09 11:41:00,1037.1,1037.1,1037.03,1037.03,-0.01,10.61,10798.89,-1
2023-10-09,2023-10-09 11:42:00,1037.03,1037.03,1036.95,1036.95,-0.01,10.61,10798.89,-1
2023-10-09,2023-10-09 11:43:00,1036.95,1036.95,1036.88,1036.88,-0.01,10.61,10798.89,-1
2023-10-09,2023-10-09 11:44:00,1036.88,1036.88,1036.81,1036.81,-0.01,10.61,10798.89,-1
2023-10-09,2023-10-09 11:45:00,1036.81,1036.81,1036.74,1036.74,-0.01,10.61,10798.89,-1
2023-10-09,2023-10-09 11:46:00,1036.74,1036.74,1036.67,1036.67,-0.01,10.61,10798.89,-1
2023-10-09,2023-10-09 11:47:00,1036.67,1036.67,1036.6,1036.6,-0.01,10.61,10798.89,-1
2023-10-09,2023-10-09 11:48:00,1036.6,1036.6,1036.53,1036.53,-0.01,10.61,10798.89,-1
2023-10-09,2023-10-09 11:49:00,1036.53,1036.53,1036.46,1036.46,-0.01,10.61,10798.89,-1
2023-10-09,2023-10-09 11:50:00,1036.46,1036.46,1036.39,1036.39,-0.01,10.61,10798.89,-1
2023-10-09,2023-10-09 11:51:00,1036.39,1036.39,1036.32,1036.32,-0.01,10.61,10798.89,-1
2023-10-09,2023-10-09 11:52:00,1036.32,1036.32,1036.25,1036.25,-0.01,10.61,10798.89,-1
2023-10-09,2023-10-09 11:53:00,1036.25,1036.25,1036.17,1036.17,-0.01,10.61,10798.89,-1
2023-10-09,2023-10-09 11:54:00,1036.17,1036.17,1036.1,1036.1,-0.01,10.61,10798.89,-1
2023-10-09,2023-10-09 11:55:00,1036.1,1036.1,1036.03,1036.03,-0.01,10.61,10798.89,-1
2023-10-09,2023-10-09 11:56:00,1036.03,1036.03,1035.96,1035.96,-0.01,10.61,10798.89,-1
2023-10-09,2023-10-09 11:57:00,1035.96,1035.96,1035.89,1035.89,-0.01,10.61,10798.89,-1
2023-10-09,2023-10-09 11:58:00,1035.89,1035.89,1035.82,1035.82,-0.01,10.61,10798.89,-1
2023-10-09,2023-10-09 11:59:00,1035.82,1035.82,1035.75,1035.75,-0.01,10.61,10798.89,-1
2023-10-09,2023-10-09 12:00:00,1035.75,1035.75,1035.68,1035.68,-0.01,10.61,10798.89,-1
2023-10-09,2023-10-09 12:01:00,1035.68,1035.68,1035.61,1035.61,-0.01,10.61,10798.89,-1
2023-10-09,2023-10-09 12:02:00,1035.61,1035.61,1035.54,1035.54,-0.01,10.61,10798.89,-1
2023-10-09,2023-10-09 12:03:00,1035.54,1035.54,1035.47,1035.47,-0.01,10.61,10798.89,-1
2023-10-09,2023-10-09 12:04:00,1035.47,1035.47,1035.4,1035.4,-0.01,10.61,10798.89,-1
2023-10-09,2023-10-09 12:05:00,1035.4,1035.4,1035.33,1035.33,-0.01,10.61,10798.89,-1
2023-10-09,2023-10-09 12:06:00,1035.33,1035.33,1035.25,1035.25,-0.01,10.61,10798.89,-1
2023-10-09,2023-10-09 12:07:00,1035.25,1035.25,1035.18,1035.18,-0.01,10.61,10798.89,-1
2023-10-09,2023-10-09 12:08:00,1035.18,1035.18,1035.11,1035.11,-0.01,10.61,10798.89,-1
2023-10-09,2023-10-09 12:09:00,1035.11,1035.11,1035.04,1035.04,-0.01,10.61,10798.89,-1
2023-10-09,2023-10-09 12:10:00,1035.04,1035.04,1034.97,1034.97,-0.01,10.61,10798.89,-1
2023-10-09,2023-10-09 12:11:00,1034.97,1034.97,1034.9,1034.9,-0.01,10.61,10798.89,-1
2023-10-09,2023-10-09 12:12:00,1034.9,1034.9,1034.83,1034.83,-0.01,10.61,10798.89,-1
2023-10-09,2023-10-09 12:13:00,1034.83,1034.83,1034.76,1034.76,-0.01,10.61,10798.89,-1
2023-10-09,2023-10-09 12:14:00,1034.76,1034.76,1034.69,1034.69,-0.01,10.61,10798.89,-1
2023-10-09,2023-10-09 12:15:00,1034.69,1034.69,1034.62,1034.62,-0.01,10.61,10798.89,-1
2023-10-09,2023-10-09 12:16:00,1034.62,1034.62,1034.55,1034.55,-0.01,10.61,10798.89,-1
2023-10-09,2023-10-09 12:17:00,1034.55,1034.55,1034.47,1034.47,-0.01,10.61,10798.89,-1
2023-10-09,2023-10-09 12:18:00,1034.47,1034.47,1034.4,1034.4,-0.01,10.61,10798.89,-1
2023-10-09,2023-10-09 12:19:00,1034.4,1034.4,1034.33,1034.33,-0.01,10.61,10798.89,-1
2023-10-09,2023-10-09 12:20:00,1034.33,1034.33,1034.26,1034.26,-0.01,10.61,10798.89,-1
2023-10-09,2023-10-09 12:21:00,1034.26,1034.26,1034.19,1034.19,-0.01,10.61,10798.89,-1
2023-10-09,2023-10-09 12:22:00,1034.19,1034.19,1034.12,1034.12,-0.01,10.61,10798.89,-1
2023-10-09,2023-10-09 12:23:00,1034.12,1034.12,1034.05,1034.05,-0.01,10.61,10798.89,-1
2023-10-09,2023-10-09 12:24:00,1034.05,1034.05,1033.98,1033.98,-0.01,10.61,10798.89,-1
2023-10-09,2023-10-09 12:25:00,1033.98,1033.98,1033.91,1033.91,-0.01,10.61,10798.89,-1
2023-10-09,2023-10-09 12:26:00,1033.91,1033.91,1033.84,1033.84,-0.01,10.61,10798.89,-1
2023-10-09,2023-10-09 12:27:00,1033.84,1033.84,1033.77,1033.77,-0.01,10.61,10798.89,-1
2023-10-09,2023-10-09 12:28:00,1033.77,1033.77,1033.7,1033.7,-0.01,10.61,10798.89,-1
2023-10-09,2023-10-09 12:29:00,1033.7,1033.7,1033.62,1033.62,-0.01,10.61,10798.89,-1
2023-10-09,2023-10-09 12:30:00,1033.62,1033.62,1033.55,1033.55,-0.01,10.61,10798.89,-1
2023-10-09,2023-10-09 12:31:00,1033.55,1033.55,1033.48,1033.48,-0.01,10.61,10798.89,-1
2023-10-09,2023-10-09 12:32:00,1033.48,1033.48,1033.41,1033.41,-0.01,10.61,10798.89,-1
2023-10-09,2023-10-09 12:33:00,1033.41,1033.41,1033.34,1033.34,-0.01,10.61,10798.89,-1
2023-10-09,2023-10-09 12:34:00,1033.34,1033.34,1033.27,1033.27,-0.01,10.61,10798.89,-1
2023-10-09,2023-10-09 12:35:00,1033.27,1033.27,1033.2,1033.2,-0.01,10.61,10798.89,-1
2023-10-09,2023-10-09 12:36:00,1033.2,1033.2,1033.13,1033.13,-0.01,10.61,10798.89,-1
2023-10-09,2023-10-09 12:37:00,1033.13,1033.13,1033.06,1033.06,-0.01,10.61,10798.89,-1
2023-10-09,2023-10-09 12:38:00,1033.06,1033.06,1032.99,1032.99,-0.01,10.61,10798.89,-1
2023-10-09,2023-10-09 12:39:00,1032.99,1032.99,1032.92,1032.92,-0.01,10.61,10798.89,-1
2023-10-09,2023-10-09 12:40:00,1032.92,1032.92,1032.85,1032.85,-0.01,10.61,10798.89,-1
2023-10-09,2023-10-09 12:41:00,1032.85,1032.85,1032.78,1032.78,-0.01,10.61,10798.89,-1
2023-10-09,2023-10-09 12:42:00,1032.78,1032.78,1032.7,1032.7,-0.01,10.61,10798.89,-1
2023-10-09,2023-10-09 12:43:00,1032.7,1032.7,1032.63,1032.63,-0.01,10.61,10798.89,-1
2023-10-09,2023-10-09 12:44:00,1032.63,1032.63,1032.56,1032.56,-0.01,10.61,10798.89,-1
2023-10-09,2023-10-09 12:45:00,1032.56,1032.56,1032.49,1032.49,-0.01,10.61,10798.89,-1
2023-10-09,2023-10-09 12:46:00,1032.49,1032.49,1032.42,1032.42,-0.01,10.61,10798.89,-1
2023-10-09,2023-10-09 12:47:00,1032.42,1032.42,1032.35,1032.35,-0.01,10.61,10798.89,-1
2023-10-09,2023-10-09 12:48:00,1032.35,1032.35,1032.28,1032.28,-0.01,10.61,10798.89,-1
2023-10-09,2023-10-09 12:49:00,1032.28,1032.28,1032.21,1032.21,-0.01,10.61,10798.89,-1
2023-10-09,2023-10-09 12:50:00,1032.21,1032.21,1032.14,1032.14,-0.01,10.61,10798.89,-1
2023-10-09,2023-10-09 12:51:00,1032.14,1032.14,1032.07,1032.07,-0.01,10.61,10798.89,-1
2023-10-09,2023-10-09 12:52:00,1032.07,1032.07,1032.0,1032.0,-0.01,10.61,10798.89,-1
2023-10-09,2023-10-09 12:53:00,1032.0,1032.0,1031.92,1031.92,-0.01,10.61,10798.89,-1
2023-10-09,2023-10-09 12:54:00,1031.92,1031.92,1031.85,1031.85,-0.01,10.61,10798.89,-1
2023-10-09,2023-10-09 12:55:00,1031.85,1031.85,1031.78,1031.78,-0.01,10.61,10798.89,-1
2023-10-09,2023-10-09 12:56:00,1031.78,1031.78,1031.71,1031.71,-0.01,10.61,10798.89,-1
2023-10-09,2023-10-09 12:57:00,1031.71,1031.71,1031.64,1031.64,-0.01,10.61,10798.89,-1
2023-10-09,2023-10-09 12:58:00,1031.64,1031.64,1031.57,1031.57,-0.01,10.61,10798.89,-1
2023-10-09,2023-10-09 12:59:00,1031.57,1031.57,1031.5,1031.5,-0.01,10.61,10798.89,-1
2023-10-09,2023-10-09 13:00:00,1031.5,1040.0,1010.0,1031.43,-0.01,10.61,10798.89,-1
2023-10-09,2023-10-09 13:01:00,1031.43,1031.43,1031.36,1031.36,-0.01,10.61,10798.89,-1
2023-10-09,2023-10-09 13:02:00,1031.36,1031.36,1031.29,1031.29,-0.01,10.61,10798.89,-1
2023-10-09,2023-10-09 13:03:00,1031.29,1031.29,1031.22,1031.22,-0.01,10.61,10798.89,-1
2023-10-09,2023-10-09 13:04:00,1031.22,1031.22,1031.15,1031.15,-0.01,10.61,10798.89,-1
2023-10-09,2023-10-09 13:05:00,1031.15,1031.15,1031.08,1031.08,-0.01,10.61,10798.89,-1
2023-10-09,2023-10-09 13:06:00,1031.08,1031.08,1031.0,1031.0,-0.01,10.61,10798.89,-1
2023-10-09,2023-10-09 13:07:00,1031.0,1031.0,1030.93,1030.93,-0.01,10.61,10798.89,-1
2023-10-09,2023-10-09 13:08:00,1030.93,1030.93,1030.86,1030.86,-0.01,10.61,10798.89,-1
2023-10-09,2023-10-09 13:09:00,1030.86,1030.86,1030.79,1030.79,-0.01,10.61,10798.89,-1
2023-10-09,2023-10-09 13:10:00,1030.79,1030.79,1030.72,1030.72,-0.01,10.61,10798.89,-1
2023-10-09,2023-10-09 13:11:00,1030.72,1030.72,1030.65,1030.65,-0.01,10.61,10798.89,-1
2023-10-09,2023-10-09 13:12:00,1030.65,1030.65,1030.58,1030.58,-0.01,10.61,10798.89,-1
2023-10-09,2023-10-09 13:13:00,1030.58,1030.58,1030.51,1030.51,-0.01,10.61,10798.89,-1
2023-10-09,2023-10-09 13:14:00,1030.51,1030.51,1030.44,1030.44,-0.01,10.61,10798.89,-1
2023-10-09,2023-10-09 13:15:00,1030.44,1030.44,1030.37,1030.37,-0.01,10.61,10798.89,-1
2023-10-09,2023-10-09 13:16:00,1030.37,1030.37,1030.3,1030.3,-0.01,10.61,10798.89,-1
2023-10-09,2023-10-09 13:17:00,1030.3,1030.3,1030.22,1030.22,-0.01,10.61,10798.89,-1
2023-10-09,2023-10-09 13:18:00,1030.22,1030.22,1030.15,1030.15,-0.01,10.61,10798.89,-1
2023-10-09,2023-10-09 13:19:00,1030.15,1030.15,1030.08,1030.08,-0.01,10.61,10798.89,-1
2023-10-09,2023-10-09 13:20:00,1030.08,1030.08,1030.01,1030.01,-0.01,10.61,10798.89,-1
2023-10-09,2023-10-09 13:21:00,1030.01,1030.01,1029.94,1029.94,-0.01,10.61,10798.89,-1
2023-10-09,2023-10-09 13:22:00,1029.94,1029.94,1029.87,1029.87,-0.01,10.61,10798.89,-1
2023-10-09,2023-10-09 13:23:00,1029.87,1029.87,1029.8,1029.8,-0.01,10.61,10798.89,-1
2023-10-09,2023-10-09 13:24:00,1029.8,1029.8,1029.73,1029.73,-0.01,10.61,10798.89,-1
2023-10-09,2023-10-09 13:25:00,1029.73,1029.73,1029.66,1029.66,-0.01,10.61,10798.89,-1
2023-10-09,2023-10-09 13:26:00,1029.66,1029.66,1029.59,1029.59,-0.01,10.61,10798.89,-1
2023-10-09,2023-10-09 13:27:00,1029.59,1029.59,1029.52,1029.52,-0.01,10.61,10798.89,-1
2023-10-09,2023-10-09 13:28:00,1029.52,1029.52,1029.45,1029.45,-0.01,10.61,10798.89,-1
2023-10-09,2023-10-09 13:29:00,1029.45,1029.45,1029.38,1029.38,-0.01,10.61,10798.89,-1
2023-10-09,2023-10-09 13:30:00,1029.38,1029.38,1029.3,1029.3,-0.01,10.61,10798.89,-1
2023-10-09,2023-10-09 13:31:00,1029.3,1029.3,1029.23,1029.23,-0.01,10.61,10798.89,-1
2023-10-09,2023-10-09 13:32:00,1029.23,1029.23,1029.16,1029.16,-0.01,10.61,10798.89,-1
2023-10-09,2023-10-09 13:33:00,1029.16,1029.16,1029.09,1029.09,-0.01,10.61,10798.89,-1
2023-10-09,2023-10-09 13:34:00,1029.09,1029.09,1029.02,1029.02,-0.01,10.61,10798.89,-1
2023-10-09,2023-10-09 13:35:00,1029.02,1029.02,1028.95,1028.95,-0.01,10.61,10798.89,-1
2023-10-09,2023-10-09 13:36:00,1028.95,1028.95,1028.88,1028.88,-0.01,10.61,10798.89,-1
2023-10-09,2023-10-09 13:37:00,1028.88,1028.88,1028.81,1028.81,-0.01,10.61,10798.89,-1
2023-10-09,2023-10-09 13:38:00,1028.81,1028.81,1028.74,1028.74,-0.01,10.61,10798.89,-1
2023-10-09,2023-10-09 13:39:00,1028.74,1028.74,1028.67,1028.67,-0.01,10.61,10798.89,-1
2023-10-09,2023-10-09 13:40:00,1028.67,1028.67,1028.6,1028.6,-0.01,10.61,10798.89,-1
2023-10-09,2023-10-09 13:41:00,1028.6,1028.6,1028.53,1028.53,-0.01,10.61,10798.89,-1
2023-10-09,2023-10-09 13:42:00,1028.53,1028.53,1028.45,1028.45,-0.01,10.61,10798.89,-1
2023-10-09,2023-10-09 13:43:00,1028.45,1028.45,1028.38,1028.38,-0.01,10.61,10798.89,-1
2023-10-09,2023-10-09 13:44:00,1028.38,1028.38,1028.31,1028.31,-0.01,10.61,10798.89,-1
2023-10-09,2023-10-09 13:45:00,1028.31,1028.31,1028.24,1028.24,-0.01,10.61,10798.89,-1
2023-10-09,2023-10-09 13:46:00,1028.24,1028.24,1028.17,1028.17,-0.01,10.61,10798.89,-1
2023-10-09,2023-10-09 13:47:00,1028.17,1028.17,1028.1,1028.1,-0.01,10.61,10798.89,-1
2023-10-09,2023-10-09 13:48:00,1028.1,1028.1,1028.03,1028.03,-0.01,10.61,10798.89,-1
2023-10-09,2023-10-09 13:49:00,1028.03,1028.03,1027.96,1027.96,-0.01,10.61,10798.89,-1
2023-10-09,2023-10-09 13:50:00,1027.96,1027.96,1027.89,1027.89,-0.01,10.61,10798.89,-1
2023-10-09,2023-10-09 13:51:00,1027.89,1027.89,1027.82,1027.82,-0.01,10.61,10798.89,-1
2023-10-09,2023-10-09 13:52:00,1027.82,1027.82,1027.75,1027.75,-0.01,10.61,10798.89,-1
2023-10-09,2023-10-09 13:53:00,1027.75,1027.75,1027.67,1027.67,-0.01,10.61,10798.89,-1
2023-10-09,2023-10-09 13:54:00,1027.67,1027.67,1027.6,1027.6,-0.01,10.61,10798.89,-1
2023-10-09,2023-10-09 13:55:00,1027.6,1027.6,1027.53,1027.53,-0.01,10.61,10798.89,-1
2023-10-09,2023-10-09 13:56:00,1027.53,1027.53,1027.46,1027.46,-0.01,10.61,10798.89,-1
2023-10-09,2023-10-09 13:57:00,1027.46,1027.46,1027.39,1027.39,-0.01,10.61,10798.89,-1
2023-10-09,2023-10-09 13:58:00,1027.39,1027.39,1027.32,1027.32,-0.01,10.61,10798.89,-1
2023-10-09,2023-10-09 13:59:00,1027.32,1027.32,1027.25,1027.25,-0.01,10.61,10798.89,-1
2023-10-09,2023-10-09 14:00:00,1027.25,1027.25,1027.18,1027.18,-0.01,10.61,10798.89,-1
2023-10-09,2023-10-09 14:01:00,1027.18,1027.18,1027.11,1027.11,-0.01,10.61,10798.89,-1
2023-10-09,2023-10-09 14:02:00,1027.11,1027.11,1027.04,1027.04,-0.01,10.61,10798.89,-1
2023-10-09,2023-10-09 14:03:00,1027.04,1027.04,1026.97,1026.97,-0.01,10.61,10798.89,-1
2023-10-09,2023-10-09 14:04:00,1026.97,1026.97,1026.9,1026.9,-0.01,10.61,10798.89,-1
2023-10-09,2023-10-09 14:05:00,1026.9,1026.9,1026.83,1026.83,-0.01,10.61,10798.89,-1
2023-10-09,2023-10-09 14:06:00,1026.83,1026.83,1026.75,1026.75,-0.01,10.61,10798.89,-1
2023-10-09,2023-10-09 14:07:00,1026.75,1026.75,1026.68,1026.68,-0.01,10.61,10798.89,-1
2023-10-09,2023-10-09 14:08:00,1026.68,1026.68,1026.61,1026.61,-0.01,10.61,10798.89,-1
2023-10-09,2023-10-09 14:09:00,1026.61,1026.61,1026.54,1026.54,-0.01,10.61,10798.89,-1
2023-10-09,2023-10-09 14:10:00,1026.54,1026.54,1026.47,1026.47,-0.01,10.61,10798.89,-1
2023-10-09,2023-10-09 14:11:00,1026.47,1026.47,1026.4,1026.4,-0.01,10.61,10798.89,-1
2023-10-09,2023-10-09 14:12:00,1026.4,1026.4,1026.33,1026.33,-0.01,10.61,10798.89,-1
2023-10-09,2023-10-09 14:13:00,1026.33,1026.33,1026.26,1026.26,-0.01,10.61,10798.89,-1
2023-10-09,2023-10-09 14:14:00,1026.26,1026.26,1026.19,1026.19,-0.01,10.61,10798.89,-1
2023-10-09,2023-10-09 14:15:00,1026.19,1026.19,1026.12,1026.12,-0.01,10.61,10798.89,-1
2023-10-09,2023-10-09 14:16:00,1026.12,1026.12,1026.05,1026.05,-0.01,10.61,10798.89,-1
2023-10-09,2023-10-09 14:17:00,1026.05,1026.05,1025.97,1025.97,-0.01,10.61,10798.89,-1
2023-10-09,2023-10-09 14:18:00,1025.97,1025.97,1025.9,1025.9,-0.01,10.61,10798.89,-1
2023-10-09,2023-10-09 14:19:00,1025.9,1025.9,1025.83,1025.83,-0.01,10.61,10798.89,-1
2023-10-09,2023-10-09 14:20:00,1025.83,1025.83,1025.76,1025.76,-0.01,10.61,10798.89,-1
2023-10-09,2023-10-09 14:21:00,1025.76,1025.76,1025.69,1025.69,-0.01,10.61,10798.89,-1
2023-10-09,2023-10-09 14:22:00,1025.69,1025.69,1025.62,1025.62,-0.01,10.61,10798.89,-1
2023-10-09,2023-10-09 14:23:00,1025.62,1025.62,1025.55,1025.55,-0.01,10.61,10798.89,-1
2023-10-09,2023-10-09 14:24:00,1025.55,1025.55,1025.48,1025.48,-0.01,10.61,10798.89,-1
2023-10-09,2023-10-09 14:25:00,1025.48,1025.48,1025.41,1025.41,-0.01,10.61,10798.89,-1
2023-10-09,2023-10-09 14:26:00,1025.41,1025.41,1025.34,1025.34,-0.01,10.61,10798.89,-1
2023-10-09,2023-10-09 14:27:00,1025.34,1025.34,1025.27,1025.27,-0.01,10.61,10798.89,-1
2023-10-09,2023-10-09 14:28:00,1025.27,1025.27,1025.2,1025.2,-0.01,10.61,10798.89,-1
2023-10-09,2023-10-09 14:29:00,1025.2,1025.2,1025.12,1025.12,-0.01,10.61,10798.89,-1
2023-10-09,2023-10-09 14:30:00,1025.12,1025.12,1025.05,1025.05,-0.01,10.61,10798.89,-1
2023-10-09,2023-10-09 14:31:00,1025.05,1025.05,1024.98,1024.98,-0.01,10.61,10798.89,-1
2023-10-09,2023-10-09 14:32:00,1024.98,1024.98,1024.91,1024.91,-0.01,10.61,10798.89,-1
2023-10-09,2023-10-09 14:33:00,1024.91,1024.91,1024.84,1024.84,-0.01,10.61,10798.89,-1
2023-10-09,2023-10-09 14:34:00,1024.84,1024.84,1024.77,1024.77,-0.01,10.61,10798.89,-1
2023-10-09,2023-10-09 14:35:00,1024.77,1024.77,1024.7,1024.7,-0.01,10.61,10798.89,-1
2023-10-09,2023-10-09 14:36:00,1024.7,1024.7,1024.63,1024.63,-0.01,10.61,10798.89,-1
2023-10-09,2023-10-09 14:37:00,1024.63,1024.63,1024.56,1024.56,-0.01,10.61,10798.89,-1
2023-10-09,2023-10-09 14:38:00,1024.56,1024.56,1024.49,1024.49,-0.01,10.61,10798.89,-1
2023-10-09,2023-10-09 14:39:00,1024.49,1024.49,1024.42,1024.42,-0.01,10.61,10798.89,-1
2023-10-09,2023-10-09 14:40:00,1024.42,1024.42,1024.35,1024.35,-0.01,10.61,10798.89,-1
2023-10-09,2023-10-09 14:41:00,1024.35,1024.35,1024.28,1024.28,-0.01,10.61,10798.89,-1
2023-10-09,2023-10-09 14:42:00,1024.28,1024.28,1024.2,1024.2,-0.01,10.61,10798.89,-1
2023-10-09,2023-10-09 14:43:00,1024.2,1024.2,1024.13,1024.13,-0.01,10.61,10798.89,-1
2023-10-09,2023-10-09 14:44:00,1024.13,1024.13,1024.06,1024.06,-0.01,10.61,10798.89,-1
2023-10-09,2023-10-09 14:45:00,1024.06,1024.06,1023.99,1023.99,-0.01,10.61,10798.89,-1
2023-10-09,2023-10-09 14:46:00,1023.99,1023.99,1023.92,1023.92,-0.01,10.61,10798.89,-1
2023-10-09,2023-10-09 14:47:00,1023.92,1023.92,1023.85,1023.85,-0.01,10.61,10798.89,-1
2023-10-09,2023-10-09 14:48:00,1023.85,1023.85,1023.78,1023.78,-0.01,10.61,10798.89,-1
2023-10-09,2023-10-09 14:49:00,1023.78,1023.78,1023.71,1023.71,-0.01,10.61,10798.89,-1
2023-10-09,2023-10-09 14:50:00,1023.71,1023.71,1023.64,1023.64,-0.01,10.61,10798.89,-1
2023-10-09,2023-10-09 14:51:00,1023.64,1023.64,1023.57,1023.57,-0.01,10.61,10798.89,-1
2023-10-09,2023-10-09 14:52:00,1023.57,1023.57,1023.5,1023.5,-0.01,10.61,10798.89,-1
2023-10-09,2023-10-09 14:53:00,1023.5,1023.5,1023.42,1023.42,-0.01,10.61,10798.89,-1
2023-10-09,2023-10-09 14:54:00,1023.42,1023.42,1023.35,1023.35,-0.01,10.61,10798.89,-1
2023-10-09,2023-10-09 14:55:00,1023.35,1023.35,1023.28,1023.28,-0.01,10.61,10798.89,-1
2023-10-09,2023-10-09 14:56:00,1023.28,1023.28,1023.21,1023.21,-0.01,10.61,10798.89,-1
2023-10-09,2023-10-09 14:57:00,1023.21,1023.21,1023.14,1023.14,-0.01,10.61,10798.89,-1
2023-10-09,2023-10-09 14:58:00,1023.14,1023.14,1023.07,1023.07,-0.01,10.61,10798.89,-1
2023-10-09,2023-10-09 14:59:00,1023.07,1023.07,1023.0,1023.0,-0.01,10.61,10798.89,-1
2023-10-09,2023-10-09 15:00:00,1023.0,1040.0,1010.0,1023.0,0.0,10.61,10798.89,0
2023-10-10,2023-10-10 11:00:00,1010.0,1013.0,1008.5,1010.04,0.0,4.23,4284.38,1
2023-10-10,2023-10-10 11:01:00,1010.04,1010.08,1010.04,1010.08,0.0,4.23,4284.38,1
2023-10-10,2023-10-10 11:02:00,1010.08,1010.12,1010.08,1010.12,0.0,4.23,4284.38,1
2023-10-10,2023-10-10 11:03:00,1010.12,1010.17,1010.12,1010.17,0.0,4.23,4284.38,1
2023-10-10,2023-10-10 11:04:00,1010.17,1010.21,1010.17,1010.21,0.0,4.23,4284.38,1
2023-10-10,2023-10-10 11:05:00,1010.21,1010.25,1010.21,1010.25,0.0,4.23,4284.38,1
2023-10-10,2023-10-10 11:06:00,1010.25,1010.29,1010.25,1010.29,0.0,4.23,4284.38,1
2023-10-10,2023-10-10 11:07:00,1010.29,1010.33,1010.29,1010.33,0.0,4.23,4284.38,1
2023-10-10,2023-10-10 11:08:00,1010.33,1010.38,1010.33,1010.38,0.0,4.23,4284.38,1
2023-10-10,2023-10-10 11:09:00,1010.38,1010.42,1010.38,1010.42,0.0,4.23,4284.38,1
2023-10-10,2023-10-10 11:10:00,1010.42,1010.46,1010.42,1010.46,0.0,4.23,4284.38,1
2023-10-10,2023-10-10 11:11:00,1010.46,1010.5,1010.46,1010.5,0.0,4.23,4284.38,1
2023-10-10,2023-10-10 11:12:00,1010.5,1010.54,1010.5,1010.54,0.0,4.23,4284.38,1
2023-10-10,2023-10-10 11:13:00,1010.54,1010.58,1010.54,1010.58,0.0,4.23,4284.38,1
2023-10-10,2023-10-10 11:14:00,1010.58,1010.62,1010.58,1010.62,0.0,4.23,4284.38,1
2023-10-10,2023-10-10 11:15:00,1010.62,1010.67,1010.62,1010.67,0.0,4.23,4284.38,1
2023-10-10,2023-10-10 11:16:00,1010.67,1010.71,1010.67,1010.71,0.0,4.23,4284.38,1
2023-10-10,2023-10-10 11:17:00,1010.71,1010.75,1010.71,1010.75,0.0,4.23,4284.38,1
2023-10-10,2023-10-10 11:18:00,1010.75,1010.79,1010.75,1010.79,0.0,4.23,4284.38,1
2023-10-10,2023-10-10 11:19:00,1010.79,1010.83,1010.79,1010.83,0.0,4.23,4284.38,1
2023-10-10,2023-10-10 11:20:00,1010.83,1010.88,1010.83,1010.88,0.0,4.23,4284.38,1
2023-10-10,2023-10-10 11:21:00,1010.88,1010.92,1010.88,1010.92,0.0,4.23,4284.38,1
2023-10-10,2023-10-10 11:22:00,1010.92,1010.96,1010.92,1010.96,0.0,4.23,4284.38,1
2023-10-10,2023-10-10 11:23:00,1010.96,1011.0,1010.96,1011.0,0.0,4.23,4284.38,1
2023-10-10,2023-10-10 11:24:00,1011.0,1011.04,1011.0,1011.04,0.0,4.23,4284.38,1
2023-10-10,2023-10-10 11:25:00,1011.04,1011.08,1011.04,1011.08,0.0,4.23,4284.38,1
2023-10-10,2023-10-10 11:26:00,1011.08,1011.12,1011.08,1011.12,0.0,4.23,4284.38,1
2023-10-10,2023-10-10 11:27:00,1011.12,1011.17,1011.12,1011.17,0.0,4.23,4284.38,1
2023-10-10,2023-10-10 11:28:00,1011.17,1011.21,1011.17,1011.21,0.0,4.23,4284.38,1
2023-10-10,2023-10-10 11:29:00,1011.21,1011.25,1011.21,1011.25,0.0,4.23,4284.38,1
2023-10-10,2023-10-10 11:30:00,1011.25,1011.29,1011.25,1011.29,0.0,4.23,4284.38,1
2023-10-10,2023-10-10 11:31:00,1011.29,1011.33,1011.29,1011.33,0.0,4.23,4284.38,1
2023-10-10,2023-10-10 11:32:00,1011.33,1011.38,1011.33,1011.38,0.0,4.23,4284.38,1
2023-10-10,2023-10-10 11:33:00,1011.38,1011.42,1011.38,1011.42,0.0,4.23,4284.38,1
2023-10-10,2023-10-10 11:34:00,1011.42,1011.46,1011.42,1011.46,0.0,4.23,4284.38,1
2023-10-10,2023-10-10 11:35:00,1011.46,1011.5,1011.46,1011.5,0.0,4.23,4284.38,1
2023-10-10,2023-10-10 11:36:00,1011.5,1011.54,1011.5,1011.54,0.0,4.23,4284.38,1
2023-10-10,2023-10-10 11:37:00,1011.54,1011.58,1011.54,1011.58,0.0,4.23,4284.38,1
2023-10-10,2023-10-10 11:38:00,1011.58,1011.62,1011.58,1011.62,0.0,4.23,4284.38,1
2023-10-10,2023-10-10 11:39:00,1011.62,1011.67,1011.62,1011.67,0.0,4.23,4284.38,1
2023-10-10,2023-10-10 11:40:00,1011.67,1011.71,1011.67,1011.71,0.0,4.23,4284.38,1
2023-10-10,2023-10-10 11:41:00,1011.71,1011.75,1011.71,1011.75,0.0,4.23,4284.38,1
2023-10-10,2023-10-10 11:42:00,1011.75,1011.79,1011.75,1011.79,0.0,4.23,4284.38,1
2023-10-10,2023-10-10 11:43:00,1011.79,1011.83,1011.79,1011.83,0.0,4.23,4284.38,1
2023-10-10,2023-10-10 11:44:00,1011.83,1011.88,1011.83,1011.88,0.0,4.23,4284.38,1
2023-10-10,2023-10-10 11:45:00,1011.88,1011.92,1011.88,1011.92,0.0,4.23,4284.38,1
2023-10-10,2023-10-10 11:46:00,1011.92,1011.96,1011.92,1011.96,0.0,4.23,4284.38,1
2023-10-10,2023-10-10 11:47:00,1011.96,1012.0,1011.96,1012.0,0.0,4.23,4284.38,1
2023-10-10,2023-10-10 11:48:00,1012.0,1012.04,1012.0,1012.04,0.0,4.23,4284.38,1
2023-10-10,2023-10-10 11:49:00,1012.04,1012.08,1012.04,1012.08,0.0,4.23,4284.38,1
2023-10-10,2023-10-10 11:50:00,1012.08,1012.12,1012.08,1012.12,0.0,4.23,4284.38,1
2023-10-10,2023-10-10 11:51:00,1012.12,1012.17,1012.12,1012.17,0.0,4.23,4284.38,1
2023-10-10,2023-10-10 11:52:00,1012.17,1012.21,1012.17,1012.21,0.0,4.23,4284.38,1
2023-10-10,2023-10-10 11:53:00,1012.21,1012.25,1012.21,1012.25,0.0,4.23,4284.38,1
2023-10-10,2023-10-10 11:54:00,1012.25,1012.29,1012.25,1012.29,0.0,4.23,4284.38,1
2023-10-10,2023-10-10 11:55:00,1012.29,1012.33,1012.29,1012.33,0.0,4.23,4284.38,1
2023-10-10,2023-10-10 11:56:00,1012.33,1012.38,1012.33,1012.38,0.0,4.23,4284.38,1
2023-10-10,2023-10-10 11:57:00,1012.38,1012.42,1012.38,1012.42,0.0,4.23,4284.38,1
2023-10-10,2023-10-10 11:58:00,1012.42,1012.46,1012.42,1012.46,0.0,4.23,4284.38,1
2023-10-10,2023-10-10 11:59:00,1012.46,1012.5,1012.46,1012.5,0.0,4.23,4284.38,1
2023-10-10,2023-10-10 12:00:00,1012.5,1012.54,1012.5,1012.54,0.0,4.23,4284.38,1
2023-10-10,2023-10-10 12:01:00,1012.54,1012.58,1012.54,1012.58,0.0,4.23,4284.38,1
2023-10-10,2023-10-10 12:02:00,1012.58,1012.62,1012.58,1012.62,0.0,4.23,4284.38,1
2023-10-10,2023-10-10 12:03:00,1012.62,1012.67,1012.62,1012.67,0.0,4.23,4284.38,1
2023-10-10,2023-10-10 12:04:00,1012.67,1012.71,1012.67,1012.71,0.0,4.23,4284.38,1
2023-10-10,2023-10-10 12:05:00,1012.71,1012.75,1012.71,1012.75,0.0,4.23,4284.38,1
2023-10-10,2023-10-10 12:06:00,1012.75,1012.79,1012.75,1012.79,0.0,4.23,4284.38,1
2023-10-10,2023-10-10 12:07:00,1012.79,1012.83,1012.79,1012.83,0.0,4.23,4284.38,1
2023-10-10,2023-10-10 12:08:00,1012.83,1012.88,1012.83,1012.88,0.0,4.23,4284.38,1
2023-10-10,2023-10-10 12:09:00,1012.88,1012.92,1012.88,1012.92,0.0,4.23,4284.38,1
2023-10-10,2023-10-10 12:10:00,1012.92,1012.96,1012.92,1012.96,0.0,4.23,4284.38,1
2023-10-10,2023-10-10 12:11:00,1012.96,1013.0,1012.96,1013.0,0.0,4.23,4284.38,1
2023-10-10,2023-10-10 12:12:00,1013.0,1013.04,1013.0,1013.04,0.0,4.23,4284.38,1
2023-10-10,2023-10-10 12:13:00,1013.04,1013.08,1013.04,1013.08,0.0,4.23,4284.38,1
2023-10-10,2023-10-10 12:14:00,1013.08,1013.12,1013.08,1013.12,0.0,4.23,4284.38,1
2023-10-10,2023-10-10 12:15:00,1013.12,1013.17,1013.12,1013.17,0.0,4.23,4284.38,1
2023-10-10,2023-10-10 12:16:00,1013.17,1013.21,1013.17,1013.21,0.0,4.23,4284.38,1
2023-10-10,2023-10-10 12:17:00,1013.21,1013.25,1013.21,1013.25,0.0,4.23,4284.38,1
2023-10-10,2023-10-10 12:18:00,1013.25,1013.29,1013.25,1013.29,0.0,4.23,4284.38,1
2023-10-10,2023-10-10 12:19:00,1013.29,1013.33,1013.29,1013.33,0.0,4.23,4284.38,1
2023-10-10,2023-10-10 12:20:00,1013.33,1013.38,1013.33,1013.38,0.0,4.23,4284.38,1
2023-10-10,2023-10-10 12:21:00,1013.38,1013.42,1013.38,1013.42,0.0,4.23,4284.38,1
2023-10-10,2023-10-10 12:22:00,1013.42,1013.46,1013.42,1013.46,0.0,4.23,4284.38,1
2023-10-10,2023-10-10 12:23:00,1013.46,1013.5,1013.46,1013.5,0.0,4.23,4284.38,1
2023-10-10,2023-10-10 12:24:00,1013.5,1013.54,1013.5,1013.54,0.0,4.23,4284.38,1
2023-10-10,2023-10-10 12:25:00,1013.54,1013.58,1013.54,1013.58,0.0,4.23,4284.38,1
2023-10-10,2023-10-10 12:26:00,1013.58,1013.62,1013.58,1013.62,0.0,4.23,4284.38,1
2023-10-10,2023-10-10 12:27:00,1013.62,1013.67,1013.62,1013.67,0.0,4.23,4284.38,1
2023-10-10,2023-10-10 12:28:00,1013.67,1013.71,1013.67,1013.71,0.0,4.23,4284.38,1
2023-10-10,2023-10-10 12:29:00,1013.71,1013.75,1013.71,1013.75,0.0,4.23,4284.38,1
2023-10-10,2023-10-10 12:30:00,1013.75,1013.79,1013.75,1013.79,0.0,4.23,4284.38,1
2023-10-10,2023-10-10 12:31:00,1013.79,1013.83,1013.79,1013.83,0.0,4.23,4284.38,1
2023-10-10,2023-10-10 12:32:00,1013.83,1013.88,1013.83,1013.88,0.0,4.23,4284.38,1
2023-10-10,2023-10-10 12:33:00,1013.88,1013.92,1013.88,1013.92,0.0,4.23,4284.38,1
2023-10-10,2023-10-10 12:34:00,1013.92,1013.96,1013.92,1013.96,0.0,4.23,4284.38,1
2023-10-10,2023-10-10 12:35:00,1013.96,1014.0,1013.96,1014.0,0.0,4.23,4284.38,1
2023-10-10,2023-10-10 12:36:00,1014.0,1014.04,1014.0,1014.04,0.0,4.23,4284.38,1
2023-10-10,2023-10-10 12:37:00,1014.04,1014.08,1014.04,1014.08,0.0,4.23,4284.38,1
2023-10-10,2023-10-10 12:38:00,1014.08,1014.12,1014.08,1014.12,0.0,4.23,4284.38,1
2023-10-10,2023-10-10 12:39:00,1014.12,1014.17,1014.12,1014.17,0.0,4.23,4284.38,1
2023-10-10,2023-10-10 12:40:00,1014.17,1014.21,1014.17,1014.21,0.0,4.23,4284.38,1
2023-10-10,2023-10-10 12:41:00,1014.21,1014.25,1014.21,1014.25,0.0,4.23,4284.38,1
2023-10-10,2023-10-10 12:42:00,1014.25,1014.29,1014.25,1014.29,0.0,4.23,4284.38,1
2023-10-10,2023-10-10 12:43:00,1014.29,1014.33,1014.29,1014.33,0.0,4.23,4284.38,1
2023-10-10,2023-10-10 12:44:00,1014.33,1014.38,1014.33,1014.38,0.0,4.23,4284.38,1
2023-10-10,2023-10-10 12:45:00,1014.38,1014.42,1014.38,1014.42,0.0,4.23,4284.38,1
2023-10-10,2023-10-10 12:46:00,1014.42,1014.46,1014.42,1014.46,0.0,4.23,4284.38,1
2023-10-10,2023-10-10 12:47:00,1014.46,1014.5,1014.46,1014.5,0.0,4.23,4284.38,1
2023-10-10,2023-10-10 12:48:00,1014.5,1014.54,1014.5,1014.54,0.0,4.23,4284.38,1
2023-10-10,2023-10-10 12:49:00,1014.54,1014.58,1014.54,1014.58,0.0,4.23,4284.38,1
2023-10-10,2023-10-10 12:50:00,1014.58,1014.62,1014.58,1014.62,0.0,4.23,4284.38,1
2023-10-10,2023-10-10 12:51:00,1014.62,1014.67,1014.62,1014.67,0.0,4.23,4284.38,1
2023-10-10,2023-10-10 12:52:00,1014.67,1014.71,1014.67,1014.71,0.0,4.23,4284.38,1
2023-10-10,2023-10-10 12:53:00,1014.71,1014.75,1014.71,1014.75,0.0,4.23,4284.38,1
2023-10-10,2023-10-10 12:54:00,1014.75,1014.79,1014.75,1014.79,0.0,4.23,4284.38,1
2023-10-10,2023-10-10 12:55:00,1014.79,1014.83,1014.79,1014.83,0.0,4.23,4284.38,1
2023-10-10,2023-10-10 12:56:00,1014.83,1014.88,1014.83,1014.88,0.0,4.23,4284.38,1
2023-10-10,2023-10-10 12:57:00,1014.88,1014.92,1014.88,1014.92,0.0,4.23,4284.38,1
2023-10-10,2023-10-10 12:58:00,1014.92,1014.96,1014.92,1014.96,0.0,4.23,4284.38,1
2023-10-10,2023-10-10 12:59:00,1014.96,1015.0,1014.96,1015.0,0.0,4.23,4284.38,1
2023-10-10,2023-10-10 13:00:00,1015.0,1020.0,1005.0,1015.04,0.0,4.23,4284.38,1
2023-10-10,2023-10-10 13:01:00,1015.04,1015.08,1015.04,1015.08,0.0,4.23,4284.38,1
2023-10-10,2023-10-10 13:02:00,1015.08,1015.12,1015.08,1015.12,0.0,4.23,4284.38,1
2023-10-10,2023-10-10 13:03:00,1015.12,1015.17,1015.12,1015.17,0.0,4.23,4284.38,1
2023-10-10,2023-10-10 13:04:00,1015.17,1015.21,1015.17,1015.21,0.0,4.23,4284.38,1
2023-10-10,2023-10-10 13:05:00,1015.21,1015.25,1015.21,1015.25,0.0,4.23,4284.38,1
2023-10-10,2023-10-10 13:06:00,1015.25,1015.29,1015.25,1015.29,0.0,4.23,4284.38,1
2023-10-10,2023-10-10 13:07:00,1015.29,1015.33,1015.29,1015.33,0.0,4.23,4284.38,1
2023-10-10,2023-10-10 13:08:00,1015.33,1015.38,1015.33,1015.38,0.0,4.23,4284.38,1
2023-10-10,2023-10-10 13:09:00,1015.38,1015.42,1015.38,1015.42,0.0,4.23,4284.38,1
2023-10-10,2023-10-10 13:10:00,1015.42,1015.46,1015.42,1015.46,0.0,4.23,4284.38,1
2023-10-10,2023-10-10 13:11:00,1015.46,1015.5,1015.46,1015.5,0.0,4.23,4284.38,1
2023-10-10,2023-10-10 13:12:00,1015.5,1015.54,1015.5,1015.54,0.0,4.23,4284.38,1
2023-10-10,2023-10-10 13:13:00,1015.54,1015.58,1015.54,1015.58,0.0,4.23,4284.38,1
2023-10-10,2023-10-10 13:14:00,1015.58,1015.62,1015.58,1015.62,0.0,4.23,4284.38,1
2023-10-10,2023-10-10 13:15:00,1015.62,1015.67,1015.62,1015.67,0.0,4.23,4284.38,1
2023-10-10,2023-10-10 13:16:00,1015.67,1015.71,1015.67,1015.71,0.0,4.23,4284.38,1
2023-10-10,2023-10-10 13:17:00,1015.71,1015.75,1015.71,1015.75,0.0,4.23,4284.38,1
2023-10-10,2023-10-10 13:18:00,1015.75,1015.79,1015.75,1015.79,0.0,4.23,4284.38,1
2023-10-10,2023-10-10 13:19:00,1015.79,1015.83,1015.79,1015.83,0.0,4.23,4284.38,1
2023-10-10,2023-10-10 13:20:00,1015.83,1015.88,1015.83,1015.88,0.0,4.23,4284.38,1
2023-10-10,2023-10-10 13:21:00,1015.88,1015.92,1015.88,1015.92,0.0,4.23,4284.38,1
2023-10-10,2023-10-10 13:22:00,1015.92,1015.96,1015.92,1015.96,0.0,4.23,4284.38,1
2023-10-10,2023-10-10 13:23:00,1015.96,1016.0,1015.96,1016.0,0.0,4.23,4284.38,1
2023-10-10,2023-10-10 13:24:00,1016.0,1016.04,1016.0,1016.04,0.0,4.23,4284.38,1
2023-10-10,2023-10-10 13:25:00,1016.04,1016.08,1016.04,1016.08,0.0,4.23,4284.38,1
2023-10-10,2023-10-10 13:26:00,1016.08,1016.12,1016.08,1016.12,0.0,4.23,4284.38,1
2023-10-10,2023-10-10 13:27:00,1016.12,1016.17,1016.12,1016.17,0.0,4.23,4284.38,1
2023-10-10,2023-10-10 13:28:00,1016.17,1016.21,1016.17,1016.21,0.0,4.23,4284.38,1
2023-10-10,2023-10-10 13:29:00,1016.21,1016.25,1016.21,1016.25,0.0,4.23,4284.38,1
2023-10-10,2023-10-10 13:30:00,1016.25,1016.29,1016.25,1016.29,0.0,4.23,4284.38,1
2023-10-10,2023-10-10 13:31:00,1016.29,1016.33,1016.29,1016.33,0.0,4.23,4284.38,1
2023-10-10,2023-10-10 13:32:00,1016.33,1016.38,1016.33,1016.38,0.0,4.23,4284.38,1
2023-10-10,2023-10-10 13:33:00,1016.38,1016.42,1016.38,1016.42,0.0,4.23,4284.38,1
2023-10-10,2023-10-10 13:34:00,1016.42,1016.46,1016.42,1016.46,0.0,4.23,4284.38,1
2023-10-10,2023-10-10 13:35:00,1016.46,1016.5,1016.46,1016.5,0.0,4.23,4284.38,1
2023-10-10,2023-10-10 13:36:00,1016.5,1016.54,1016.5,1016.54,0.0,4.23,4284.38,1
2023-10-10,2023-10-10 13:37:00,1016.54,1016.58,1016.54,1016.58,0.0,4.23,4284.38,1
2023-10-10,2023-10-10 13:38:00,1016.58,1016.62,1016.58,1016.62,0.0,4.23,4284.38,1
2023-10-10,2023-10-10 13:39:00,1016.62,1016.67,1016.62,1016.67,0.0,4.23,4284.38,1
2023-10-10,2023-10-10 13:40:00,1016.67,1016.71,1016.67,1016.71,0.0,4.23,4284.38,1
2023-10-10,2023-10-10 13:41:00,1016.71,1016.75,1016.71,1016.75,0.0,4.23,4284.38,1
2023-10-10,2023-10-10 13:42:00,1016.75,1016.79,1016.75,1016.79,0.0,4.23,4284.38,1
2023-10-10,2023-10-10 13:43:00,1016.79,1016.83,1016.79,1016.83,0.0,4.23,4284.38,1
2023-10-10,2023-10-10 13:44:00,1016.83,1016.88,1016.83,1016.88,0.0,4.23,4284.38,1
2023-10-10,2023-10-10 13:45:00,1016.88,1016.92,1016.88,1016.92,0.0,4.23,4284.38,1
2023-10-10,2023-10-10 13:46:00,1016.92,1016.96,1016.92,1016.96,0.0,4.23,4284.38,1
2023-10-10,2023-10-10 13:47:00,1016.96,1017.0,1016.96,1017.0,0.0,4.23,4284.38,1
2023-10-10,2023-10-10 13:48:00,1017.0,1017.04,1017.0,1017.04,0.0,4.23,4284.38,1
2023-10-10,2023-10-10 13:49:00,1017.04,1017.08,1017.04,1017.08,0.0,4.23,4284.38,1
2023-10-10,2023-10-10 13:50:00,1017.08,1017.12,1017.08,1017.12,0.0,4.23,4284.38,1
2023-10-10,2023-10-10 13:51:00,1017.12,1017.17,1017.12,1017.17,0.0,4.23,4284.38,1
2023-10-10,2023-10-10 13:52:00,1017.17,1017.21,1017.17,1017.21,0.0,4.23,4284.38,1
2023-10-10,2023-10-10 13:53:00,1017.21,1017.25,1017.21,1017.25,0.0,4.23,4284.38,1
2023-10-10,2023-10-10 13:54:00,1017.25,1017.29,1017.25,1017.29,0.0,4.23,4284.38,1
2023-10-10,2023-10-10 13:55:00,1017.29,1017.33,1017.29,1017.33,0.0,4.23,4284.38,1
2023-10-10,2023-10-10 13:56:00,1017.33,1017.38,1017.33,1017.38,0.0,4.23,4284.38,1
2023-10-10,2023-10-10 13:57:00,1017.38,1017.42,1017.38,1017.42,0.0,4.23,4284.38,1
2023-10-10,2023-10-10 13:58:00,1017.42,1017.46,1017.42,1017.46,0.0,4.23,4284.38,1
2023-10-10,2023-10-10 13:59:00,1017.46,1017.5,1017.46,1017.5,0.0,4.23,4284.38,1
2023-10-10,2023-10-10 14:00:00,1017.5,1017.54,1017.5,1017.54,0.0,4.23,4284.38,1
2023-10-10,2023-10-10 14:01:00,1017.54,1017.58,1017.54,1017.58,0.0,4.23,4284.38,1
2023-10-10,2023-10-10 14:02:00,1017.58,1017.62,1017.58,1017.62,0.0,4.23,4284.38,1
2023-10-10,2023-10-10 14:03:00,1017.62,1017.67,1017.62,1017.67,0.0,4.23,4284.38,1
2023-10-10,2023-10-10 14:04:00,1017.67,1017.71,1017.67,1017.71,0.0,4.23,4284.38,1
2023-10-10,2023-10-10 14:05:00,1017.71,1017.75,1017.71,1017.75,0.0,4.23,4284.38,1
2023-10-10,2023-10-10 14:06:00,1017.75,1017.79,1017.75,1017.79,0.0,4.23,4284.38,1
2023-10-10,2023-10-10 14:07:00,1017.79,1017.83,1017.79,1017.83,0.0,4.23,4284.38,1
2023-10-10,2023-10-10 14:08:00,1017.83,1017.88,1017.83,1017.88,0.0,4.23,4284.38,1
2023-10-10,2023-10-10 14:09:00,1017.88,1017.92,1017.88,1017.92,0.0,4.23,4284.38,1
2023-10-10,2023-10-10 14:10:00,1017.92,1017.96,1017.92,1017.96,0.0,4.23,4284.38,1
2023-10-10,2023-10-10 14:11:00,1017.96,1018.0,1017.96,1018.0,0.0,4.23,4284.38,1
2023-10-10,2023-10-10 14:12:00,1018.0,1018.04,1018.0,1018.04,0.0,4.23,4284.38,1
2023-10-10,2023-10-10 14:13:00,1018.04,1018.08,1018.04,1018.08,0.0,4.23,4284.38,1
2023-10-10,2023-10-10 14:14:00,1018.08,1018.12,1018.08,1018.12,0.0,4.23,4284.38,1
2023-10-10,2023-10-10 14:15:00,1018.12,1018.17,1018.12,1018.17,0.0,4.23,4284.38,1
2023-10-10,2023-10-10 14:16:00,1018.17,1018.21,1018.17,1018.21,0.0,4.23,4284.38,1
2023-10-10,2023-10-10 14:17:00,1018.21,1018.25,1018.21,1018.25,0.0,4.23,4284.38,1
2023-10-10,2023-10-10 14:18:00,1018.25,1018.29,1018.25,1018.29,0.0,4.23,4284.38,1
2023-10-10,2023-10-10 14:19:00,1018.29,1018.33,1018.29,1018.33,0.0,4.23,4284.38,1
2023-10-10,2023-10-10 14:20:00,1018.33,1018.38,1018.33,1018.38,0.0,4.23,4284.38,1
2023-10-10,2023-10-10 14:21:00,1018.38,1018.42,1018.38,1018.42,0.0,4.23,4284.38,1
2023-10-10,2023-10-10 14:22:00,1018.42,1018.46,1018.42,1018.46,0.0,4.23,4284.38,1
2023-10-10,2023-10-10 14:23:00,1018.46,1018.5,1018.46,1018.5,0.0,4.23,4284.38,1
2023-10-10,2023-10-10 14:24:00,1018.5,1018.54,1018.5,1018.54,0.0,4.23,4284.38,1
2023-10-10,2023-10-10 14:25:00,1018.54,1018.58,1018.54,1018.58,0.0,4.23,4284.38,1
2023-10-10,2023-10-10 14:26:00,1018.58,1018.62,1018.58,1018.62,0.0,4.23,4284.38,1
2023-10-10,2023-10-10 14:27:00,1018.62,1018.67,1018.62,1018.67,0.0,4.23,4284.38,1
2023-10-10,2023-10-10 14:28:00,1018.67,1018.71,1018.67,1018.71,0.0,4.23,4284.38,1
2023-10-10,2023-10-10 14:29:00,1018.71,1018.75,1018.71,1018.75,0.0,4.23,4284.38,1
2023-10-10,2023-10-10 14:30:00,1018.75,1018.79,1018.75,1018.79,0.0,4.23,4284.38,1
2023-10-10,2023-10-10 14:31:00,1018.79,1018.83,1018.79,1018.83,0.0,4.23,4284.38,1
2023-10-10,2023-10-10 14:32:00,1018.83,1018.88,1018.83,1018.88,0.0,4.23,4284.38,1
2023-10-10,2023-10-10 14:33:00,1018.88,1018.92,1018.88,1018.92,0.0,4.23,4284.38,1
2023-10-10,2023-10-10 14:34:00,1018.92,1018.96,1018.92,1018.96,0.0,4.23,4284.38,1
2023-10-10,2023-10-10 14:35:00,1018.96,1019.0,1018.96,1019.0,0.0,4.23,4284.38,1
2023-10-10,2023-10-10 14:36:00,1019.0,1019.04,1019.0,1019.04,0.0,4.23,4284.38,1
2023-10-10,2023-10-10 14:37:00,1019.04,1019.08,1019.04,1019.08,0.0,4.23,4284.38,1
2023-10-10,2023-10-10 14:38:00,1019.08,1019.12,1019.08,1019.12,0.0,4.23,4284.38,1
2023-10-10,2023-10-10 14:39:00,1019.12,1019.17,1019.12,1019.17,0.0,4.23,4284.38,1
2023-10-10,2023-10-10 14:40:00,1019.17,1019.21,1019.17,1019.21,0.0,4.23,4284.38,1
2023-10-10,2023-10-10 14:41:00,1019.21,1019.25,1019.21,1019.25,0.0,4.23,4284.38,1
2023-10-10,2023-10-10 14:42:00,1019.25,1019.29,1019.25,1019.29,0.0,4.23,4284.38,1
2023-10-10,2023-10-10 14:43:00,1019.29,1019.33,1019.29,1019.33,0.0,4.23,4284.38,1
2023-10-10,2023-10-10 14:44:00,1019.33,1019.38,1019.33,1019.38,0.0,4.23,4284.38,1
2023-10-10,2023-10-10 14:45:00,1019.38,1019.42,1019.38,1019.42,0.0,4.23,4284.38,1
2023-10-10,2023-10-10 14:46:00,1019.42,1019.46,1019.42,1019.46,0.0,4.23,4284.38,1
2023-10-10,2023-10-10 14:47:00,1019.46,1019.5,1019.46,1019.5,0.0,4.23,4284.38,1
2023-10-10,2023-10-10 14:48:00,1019.5,1019.54,1019.5,1019.54,0.0,4.23,4284.38,1
2023-10-10,2023-10-10 14:49:00,1019.54,1019.58,1019.54,1019.58,0.0,4.23,4284.38,1
2023-10-10,2023-10-10 14:50:00,1019.58,1019.62,1019.58,1019.62,0.0,4.23,4284.38,1
2023-10-10,2023-10-10 14:51:00,1019.62,1019.67,1019.62,1019.67,0.0,4.23,4284.38,1
2023-10-10,2023-10-10 14:52:00,1019.67,1019.71,1019.67,1019.71,0.0,4.23,4284.38,1
2023-10-10,2023-10-10 14:53:00,1019.71,1019.75,1019.71,1019.75,0.0,4.23,4284.38,1
2023-10-10,2023-10-10 14:54:00,1019.75,1019.79,1019.75,1019.79,0.0,4.23,4284.38,1
2023-10-10,2023-10-10 14:55:00,1019.79,1019.83,1019.79,1019.83,0.0,4.23,4284.38,1
2023-10-10,2023-10-10 14:56:00,1019.83,1019.88,1019.83,1019.88,0.0,4.23,4284.38,1
2023-10-10,2023-10-10 14:57:00,1019.88,1019.92,1019.88,1019.92,0.0,4.23,4284.38,1
2023-10-10,2023-10-10 14:58:00,1019.92,1019.96,1019.92,1019.96,0.0,4.23,4284.38,1
2023-10-10,2023-10-10 14:59:00,1019.96,1020.0,1019.96,1020.0,0.0,4.23,4284.38,1
2023-10-10,2023-10-10 15:00:00,1020.0,1020.0,1005.0,1020.0,0.0,4.23,4284.38,0
2023-10-11,2023-10-11 11:00:00,1040.4,1040.4,1029.84,1040.33,-0.01,5.73,5833.56,-1
2023-10-11,2023-10-11 11:01:00,1040.33,1040.33,1040.26,1040.26,-0.01,5.73,5833.56,-1
2023-10-11,2023-10-11 11:02:00,1040.26,1040.26,1040.2,1040.2,-0.01,5.73,5833.56,-1
2023-10-11,2023-10-11 11:03:00,1040.2,1040.2,1040.13,1040.13,-0.01,5.73,5833.56,-1
2023-10-11,2023-10-11 11:04:00,1040.13,1040.13,1040.06,1040.06,-0.01,5.73,5833.56,-1
2023-10-11,2023-10-11 11:05:00,1040.06,1040.06,1039.99,1039.99,-0.01,5.73,5833.56,-1
2023-10-11,2023-10-11 11:06:00,1039.99,1039.99,1039.92,1039.92,-0.01,5.73,5833.56,-1
2023-10-11,2023-10-11 11:07:00,1039.92,1039.92,1039.85,1039.85,-0.01,5.73,5833.56,-1
2023-10-11,2023-10-11 11:08:00,1039.85,1039.85,1039.79,1039.79,-0.01,5.73,5833.56,-1
2023-10-11,2023-10-11 11:09:00,1039.79,1039.79,1039.72,1039.72,-0.01,5.73,5833.56,-1
2023-10-11,2023-10-11 11:10:00,1039.72,1039.72,1039.65,1039.65,-0.01,5.73,5833.56,-1
2023-10-11,2023-10-11 11:11:00,1039.65,1039.65,1039.58,1039.58,-0.01,5.73,5833.56,-1
2023-10-11,2023-10-11 11:12:00,1039.58,1039.58,1039.51,1039.51,-0.01,5.73,5833.56,-1
2023-10-11,2023-10-11 11:13:00,1039.51,1039.51,1039.44,1039.44,-0.01,5.73,5833.56,-1
2023-10-11,2023-10-11 11:14:00,1039.44,1039.44,1039.38,1039.38,-0.01,5.73,5833.56,-1
2023-10-11,2023-10-11 11:15:00,1039.38,1039.38,1039.31,1039.31,-0.01,5.73,5833.56,-1
2023-10-11,2023-10-11 11:16:00,1039.31,1039.31,1039.24,1039.24,-0.01,5.73,5833.56,-1
2023-10-11,2023-10-11 11:17:00,1039.24,1039.24,1039.17,1039.17,-0.01,5.73,5833.56,-1
2023-10-11,2023-10-11 11:18:00,1039.17,1039.17,1039.1,1039.1,-0.01,5.73,5833.56,-1
2023-10-11,2023-10-11 11:19:00,1039.1,1039.1,1039.03,1039.03,-0.01,5.73,5833.56,-1
2023-10-11,2023-10-11 11:20:00,1039.03,1039.03,1038.97,1038.97,-0.01,5.73,5833.56,-1
2023-10-11,2023-10-11 11:21:00,1038.97,1038.97,1038.9,1038.9,-0.01,5.73,5833.56,-1
2023-10-11,2023-10-11 11:22:00,1038.9,1038.9,1038.83,1038.83,-0.01,5.73,5833.56,-1
2023-10-11,2023-10-11 11:23:00,1038.83,1038.83,1038.76,1038.76,-0.01,5.73,5833.56,-1
2023-10-11,2023-10-11 11:24:00,1038.76,1038.76,1038.69,1038.69,-0.01,5.73,5833.56,-1
2023-10-11,2023-10-11 11:25:00,1038.69,1038.69,1038.62,1038.62,-0.01,5.73,5833.56,-1
2023-10-11,2023-10-11 11:26:00,1038.62,1038.62,1038.56,1038.56,-0.01,5.73,5833.56,-1
2023-10-11,2023-10-11 11:27:00,1038.56,1038.56,1038.49,1038.49,-0.01,5.73,5833.56,-1
2023-10-11,2023-10-11 11:28:00,1038.49,1038.49,1038.42,1038.42,-0.01,5.73,5833.56,-1
2023-10-11,2023-10-11 11:29:00,1038.42,1038.42,1038.35,1038.35,-0.01,5.73,5833.56,-1
2023-10-11,2023-10-11 11:30:00,1038.35,1038.35,1038.28,1038.28,-0.01,5.73,5833.56,-1
2023-10-11,2023-10-11 11:31:00,1038.28,1038.28,1038.21,1038.21,-0.01,5.73,5833.56,-1
2023-10-11,2023-10-11 11:32:00,1038.21,1038.21,1038.14,1038.14,-0.01,5.73,5833.56,-1
2023-10-11,2023-10-11 11:33:00,1038.14,1038.14,1038.08,1038.08,-0.01,5.73,5833.56,-1
2023-10-11,2023-10-11 11:34:00,1038.08,1038.08,1038.01,1038.01,-0.01,5.73,5833.56,-1
2023-10-11,2023-10-11 11:35:00,1038.01,1038.01,1037.94,1037.94,-0.01,5.73,5833.56,-1
2023-10-11,2023-10-11 11:36:00,1037.94,1037.94,1037.87,1037.87,-0.01,5.73,5833.56,-1
2023-10-11,2023-10-11 11:37:00,1037.87,1037.87,1037.8,1037.8,-0.01,5.73,5833.56,-1
2023-10-11,2023-10-11 11:38:00,1037.8,1037.8,1037.74,1037.74,-0.01,5.73,5833.56,-1
2023-10-11,2023-10-11 11:39:00,1037.74,1037.74,1037.67,1037.67,-0.01,5.73,5833.56,-1
2023-10-11,2023-10-11 11:40:00,1037.67,1037.67,1037.6,1037.6,-0.01,5.73,5833.56,-1
2023-10-11,2023-10-11 11:41:00,1037.6,1037.6,1037.53,1037.53,-0.01,5.73,5833.56,-1
2023-10-11,2023-10-11 11:42:00,1037.53,1037.53,1037.46,1037.46,-0.01,5.73,5833.56,-1
2023-10-11,2023-10-11 11:43:00,1037.46,1037.46,1037.39,1037.39,-0.01,5.73,5833.56,-1
2023-10-11,2023-10-11 11:44:00,1037.39,1037.39,1037.33,1037.33,-0.01,5.73,5833.56,-1
2023-10-11,2023-10-11 11:45:00,1037.33,1037.33,1037.26,1037.26,-0.01,5.73,5833.56,-1
2023-10-11,2023-10-11 11:46:00,1037.26,1037.26,1037.19,1037.19,-0.01,5.73,5833.56,-1
2023-10-11,2023-10-11 11:47:00,1037.19,1037.19,1037.12,1037.12,-0.01,5.73,5833.56,-1
2023-10-11,2023-10-11 11:48:00,1037.12,1037.12,1037.05,1037.05,-0.01,5.73,5833.56,-1
2023-10-11,2023-10-11 11:49:00,1037.05,1037.05,1036.98,1036.98,-0.01,5.73,5833.56,-1
2023-10-11,2023-10-11 11:50:00,1036.98,1036.98,1036.91,1036.91,-0.01,5.73,5833.56,-1
2023-10-11,2023-10-11 11:51:00,1036.91,1036.91,1036.85,1036.85,-0.01,5.73,5833.56,-1
2023-10-11,2023-10-11 11:52:00,1036.85,1036.85,1036.78,1036.78,-0.01,5.73,5833.56,-1
2023-10-11,2023-10-11 11:53:00,1036.78,1036.78,1036.71,1036.71,-0.01,5.73,5833.56,-1
2023-10-11,2023-10-11 11:54:00,1036.71,1036.71,1036.64,1036.64,-0.01,5.73,5833.56,-1
2023-10-11,2023-10-11 11:55:00,1036.64,1036.64,1036.57,1036.57,-0.01,5.73,5833.56,-1
2023-10-11,2023-10-11 11:56:00,1036.57,1036.57,1036.51,1036.51,-0.01,5.73,5833.56,-1
2023-10-11,2023-10-11 11:57:00,1036.51,1036.51,1036.44,1036.44,-0.01,5.73,5833.56,-1
2023-10-11,2023-10-11 11:58:00,1036.44,1036.44,1036.37,1036.37,-0.01,5.73,5833.56,-1
2023-10-11,2023-10-11 11:59:00,1036.37,1036.37,1036.3,1036.3,-0.01,5.73,5833.56,-1
2023-10-11,2023-10-11 12:00:00,1036.3,1036.3,1036.23,1036.23,-0.01,5.73,5833.56,-1
2023-10-11,2023-10-11 12:01:00,1036.23,1036.23,1036.16,1036.16,-0.01,5.73,5833.56,-1
2023-10-11,2023-10-11 12:02:00,1036.16,1036.16,1036.1,1036.1,-0.01,5.73,5833.56,-1
2023-10-11,2023-10-11 12:03:00,1036.1,1036.1,1036.03,1036.03,-0.01,5.73,5833.56,-1
2023-10-11,2023-10-11 12:04:00,1036.03,1036.03,1035.96,1035.96,-0.01,5.73,5833.56,-1
2023-10-11,2023-10-11 12:05:00,1035.96,1035.96,1035.89,1035.89,-0.01,5.73,5833.56,-1
2023-10-11,2023-10-11 12:06:00,1035.89,1035.89,1035.82,1035.82,-0.01,5.73,5833.56,-1
2023-10-11,2023-10-11 12:07:00,1035.82,1035.82,1035.75,1035.75,-0.01,5.73,5833.56,-1
2023-10-11,2023-10-11 12:08:00,1035.75,1035.75,1035.69,1035.69,-0.01,5.73,5833.56,-1
2023-10-11,2023-10-11 12:09:00,1035.69,1035.69,1035.62,1035.62,-0.01,5.73,5833.56,-1
2023-10-11,2023-10-11 12:10:00,1035.62,1035.62,1035.55,1035.55,-0.01,5.73,5833.56,-1
2023-10-11,2023-10-11 12:11:00,1035.55,1035.55,1035.48,1035.48,-0.01,5.73,5833.56,-1
2023-10-11,2023-10-11 12:12:00,1035.48,1035.48,1035.41,1035.41,-0.01,5.73,5833.56,-1
2023-10-11,2023-10-11 12:13:00,1035.41,1035.41,1035.34,1035.34,-0.01,5.73,5833.56,-1
2023-10-11,2023-10-11 12:14:00,1035.34,1035.34,1035.28,1035.28,-0.01,5.73,5833.56,-1
2023-10-11,2023-10-11 12:15:00,1035.28,1035.28,1035.21,1035.21,-0.01,5.73,5833.56,-1
2023-10-11,2023-10-11 12:16:00,1035.21,1035.21,1035.14,1035.14,-0.01,5.73,5833.56,-1
2023-10-11,2023-10-11 12:17:00,1035.14,1035.14,1035.07,1035.07,-0.01,5.73,5833.56,-1
2023-10-11,2023-10-11 12:18:00,1035.07,1035.07,1035.0,1035.0,-0.01,5.73,5833.56,-1
2023-10-11,2023-10-11 12:19:00,1035.0,1035.0,1034.93,1034.93,-0.01,5.73,5833.56,-1
2023-10-11,2023-10-11 12:20:00,1034.93,1034.93,1034.87,1034.87,-0.01,5.73,5833.56,-1
2023-10-11,2023-10-11 12:21:00,1034.87,1034.87,1034.8,1034.8,-0.01,5.73,5833.56,-1
2023-10-11,2023-10-11 12:22:00,1034.8,1034.8,1034.73,1034.73,-0.01,5.73,5833.56,-1
2023-10-11,2023-10-11 12:23:00,1034.73,1034.73,1034.66,1034.66,-0.01,5.73,5833.56,-1
2023-10-11,2023-10-11 12:24:00,1034.66,1034.66,1034.59,1034.59,-0.01,5.73,5833.56,-1
2023-10-11,2023-10-11 12:25:00,1034.59,1034.59,1034.52,1034.52,-0.01,5.73,5833.56,-1
2023-10-11,2023-10-11 12:26:00,1034.52,1034.52,1034.46,1034.46,-0.01,5.73,5833.56,-1
2023-10-11,2023-10-11 12:27:00,1034.46,1034.46,1034.39,1034.39,-0.01,5.73,5833.56,-1
2023-10-11,2023-10-11 12:28:00,1034.39,1034.39,1034.32,1034.32,-0.01,5.73,5833.56,-1
2023-10-11,2023-10-11 12:29:00,1034.32,1034.32,1034.25,1034.25,-0.01,5.73,5833.56,-1
2023-10-11,2023-10-11 12:30:00,1034.25,1034.25,1034.18,1034.18,-0.01,5.73,5833.56,-1
2023-10-11,2023-10-11 12:31:00,1034.18,1034.18,1034.11,1034.11,-0.01,5.73,5833.56,-1
2023-10-11,2023-10-11 12:32:00,1034.11,1034.11,1034.05,1034.05,-0.01,5.73,5833.56,-1
2023-10-11,2023-10-11 12:33:00,1034.05,1034.05,1033.98,1033.98,-0.01,5.73,5833.56,-1
2023-10-11,2023-10-11 12:34:00,1033.98,1033.98,1033.91,1033.91,-0.01,5.73,5833.56,-1
2023-10-11,2023-10-11 12:35:00,1033.91,1033.91,1033.84,1033.84,-0.01,5.73,5833.56,-1
2023-10-11,2023-10-11 12:36:00,1033.84,1033.84,1033.77,1033.77,-0.01,5.73,5833.56,-1
2023-10-11,2023-10-11 12:37:00,1033.77,1033.77,1033.7,1033.7,-0.01,5.73,5833.56,-1
2023-10-11,2023-10-11 12:38:00,1033.7,1033.7,1033.63,1033.63,-0.01,5.73,5833.56,-1
2023-10-11,2023-10-11 12:39:00,1033.63,1033.63,1033.57,1033.57,-0.01,5.73,5833.56,-1
2023-10-11,2023-10-11 12:40:00,1033.57,1033.57,1033.5,1033.5,-0.01,5.73,5833.56,-1
2023-10-11,2023-10-11 12:41:00,1033.5,1033.5,1033.43,1033.43,-0.01,5.73,5833.56,-1
2023-10-11,2023-10-11 12:42:00,1033.43,1033.43,1033.36,1033.36,-0.01,5.73,5833.56,-1
2023-10-11,2023-10-11 12:43:00,1033.36,1033.36,1033.29,1033.29,-0.01,5.73,5833.56,-1
2023-10-11,2023-10-11 12:44:00,1033.29,1033.29,1033.23,1033.23,-0.01,5.73,5833.56,-1
2023-10-11,2023-10-11 12:45:00,1033.23,1033.23,1033.16,1033.16,-0.01,5.73,5833.56,-1
2023-10-11,2023-10-11 12:46:00,1033.16,1033.16,1033.09,1033.09,-0.01,5.73,5833.56,-1
2023-10-11,2023-10-11 12:47:00,1033.09,1033.09,1033.02,1033.02,-0.01,5.73,5833.56,-1
2023-10-11,2023-10-11 12:48:00,1033.02,1033.02,1032.95,1032.95,-0.01,5.73,5833.56,-1
2023-10-11,2023-10-11 12:49:00,1032.95,1032.95,1032.88,1032.88,-0.01,5.73,5833.56,-1
2023-10-11,2023-10-11 12:50:00,1032.88,1032.88,1032.82,1032.82,-0.01,5.73,5833.56,-1
2023-10-11,2023-10-11 12:51:00,1032.82,1032.82,1032.75,1032.75,-0.01,5.73,5833.56,-1
2023-10-11,2023-10-11 12:52:00,1032.75,1032.75,1032.68,1032.68,-0.01,5.73,5833.56,-1
2023-10-11,2023-10-11 12:53:00,1032.68,1032.68,1032.61,1032.61,-0.01,5.73,5833.56,-1
2023-10-11,2023-10-11 12:54:00,1032.61,1032.61,1032.54,1032.54,-0.01,5.73,5833.56,-1
2023-10-11,2023-10-11 12:55:00,1032.54,1032.54,1032.47,1032.47,-0.01,5.73,5833.56,-1
2023-10-11,2023-10-11 12:56:00,1032.47,1032.47,1032.4,1032.4,-0.01,5.73,5833.56,-1
2023-10-11,2023-10-11 12:57:00,1032.4,1032.4,1032.34,1032.34,-0.01,5.73,5833.56,-1
2023-10-11,2023-10-11 12:58:00,1032.34,1032.34,1032.27,1032.27,-0.01,5.73,5833.56,-1
2023-10-11,2023-10-11 12:59:00,1032.27,1032.27,1032.2,1032.2,-0.01,5.73,5833.56,-1
2023-10-11,2023-10-11 13:00:00,1032.2,1040.4,1005.2,1032.13,-0.01,5.73,5833.56,-1
2023-10-11,2023-10-11 13:01:00,1032.13,1032.13,1032.06,1032.06,-0.01,5.73,5833.56,-1
2023-10-11,2023-10-11 13:02:00,1032.06,1032.06,1032.0,1032.0,-0.01,5.73,5833.56,-1
2023-10-11,2023-10-11 13:03:00,1032.0,1032.0,1031.93,1031.93,-0.01,5.73,5833.56,-1
2023-10-11,2023-10-11 13:04:00,1031.93,1031.93,1031.86,1031.86,-0.01,5.73,5833.56,-1
2023-10-11,2023-10-11 13:05:00,1031.86,1031.86,1031.79,1031.79,-0.01,5.73,5833.56,-1
2023-10-11,2023-10-11 13:06:00,1031.79,1031.79,1031.72,1031.72,-0.01,5.73,5833.56,-1
2023-10-11,2023-10-11 13:07:00,1031.72,1031.72,1031.65,1031.65,-0.01,5.73,5833.56,-1
2023-10-11,2023-10-11 13:08:00,1031.65,1031.65,1031.59,1031.59,-0.01,5.73,5833.56,-1
2023-10-11,2023-10-11 13:09:00,1031.59,1031.59,1031.52,1031.52,-0.01,5.73,5833.56,-1
2023-10-11,2023-10-11 13:10:00,1031.52,1031.52,1031.45,1031.45,-0.01,5.73,5833.56,-1
2023-10-11,2023-10-11 13:11:00,1031.45,1031.45,1031.38,1031.38,-0.01,5.73,5833.56,-1
2023-10-11,2023-10-11 13:12:00,1031.38,1031.38,1031.31,1031.31,-0.01,5.73,5833.56,-1
2023-10-11,2023-10-11 13:13:00,1031.31,1031.31,1031.24,1031.24,-0.01,5.73,5833.56,-1
2023-10-11,2023-10-11 13:14:00,1031.24,1031.24,1031.17,1031.17,-0.01,5.73,5833.56,-1
2023-10-11,2023-10-11 13:15:00,1031.17,1031.17,1031.11,1031.11,-0.01,5.73,5833.56,-1
2023-10-11,2023-10-11 13:16:00,1031.11,1031.11,1031.04,1031.04,-0.01,5.73,5833.56,-1
2023-10-11,2023-10-11 13:17:00,1031.04,1031.04,1030.97,1030.97,-0.01,5.73,5833.56,-1
2023-10-11,2023-10-11 13:18:00,1030.97,1030.97,1030.9,1030.9,-0.01,5.73,5833.56,-1
2023-10-11,2023-10-11 13:19:00,1030.9,1030.9,1030.83,1030.83,-0.01,5.73,5833.56,-1
2023-10-11,2023-10-11 13:20:00,1030.83,1030.83,1030.77,1030.77,-0.01,5.73,5833.56,-1
2023-10-11,2023-10-11 13:21:00,1030.77,1030.77,1030.7,1030.7,-0.01,5.73,5833.56,-1
2023-10-11,2023-10-11 13:22:00,1030.7,1030.7,1030.63,1030.63,-0.01,5.73,5833.56,-1
2023-10-11,2023-10-11 13:23:00,1030.63,1030.63,1030.56,1030.56,-0.01,5.73,5833.56,-1
2023-10-11,2023-10-11 13:24:00,1030.56,1030.56,1030.49,1030.49,-0.01,5.73,5833.56,-1
2023-10-11,2023-10-11 13:25:00,1030.49,1030.49,1030.42,1030.42,-0.01,5.73,5833.56,-1
2023-10-11,2023-10-11 13:26:00,1030.42,1030.42,1030.36,1030.36,-0.01,5.73,5833.56,-1
2023-10-11,2023-10-11 13:27:00,1030.36,1030.36,1030.29,1030.29,-0.01,5.73,5833.56,-1
2023-10-11,2023-10-11 13:28:00,1030.29,1030.29,1030.22,1030.22,-0.01,5.73,5833.56,-1
2023-10-11,2023-10-11 13:29:00,1030.22,1030.22,1030.15,1030.15,-0.01,5.73,5833.56,-1
2023-10-11,2023-10-11 13:30:00,1030.15,1030.15,1030.08,1030.08,-0.01,5.73,5833.56,-1
2023-10-11,2023-10-11 13:31:00,1030.08,1030.08,1030.01,1030.01,-0.01,5.73,5833.56,-1
2023-10-11,2023-10-11 13:32:00,1030.01,1030.01,1029.94,1029.94,-0.01,5.73,5833.56,-1
2023-10-11,2023-10-11 13:33:00,1029.94,1029.94,1029.88,1029.88,-0.01,5.73,5833.56,-1
2023-10-11,2023-10-11 13:34:00,1029.88,1029.88,1029.81,1029.81,-0.01,5.73,5833.56,-1
2023-10-11,2023-10-11 13:35:00,1029.81,1029.81,1029.74,1029.74,-0.01,5.73,5833.56,-1
2023-10-11,2023-10-11 13:36:00,1029.74,1029.74,1029.67,1029.67,-0.01,5.73,5833.56,-1
2023-10-11,2023-10-11 13:37:00,1029.67,1029.67,1029.6,1029.6,-0.01,5.73,5833.56,-1
2023-10-11,2023-10-11 13:38:00,1029.6,1029.6,1029.54,1029.54,-0.01,5.73,5833.56,-1
2023-10-11,2023-10-11 13:39:00,1029.54,1029.54,1029.47,1029.47,-0.01,5.73,5833.56,-1
2023-10-11,2023-10-11 13:40:00,1029.47,1029.47,1029.4,1029.4,-0.01,5.73,5833.56,-1
2023-10-11,2023-10-11 13:41:00,1029.4,1029.4,1029.33,1029.33,-0.01,5.73,5833.56,-1
2023-10-11,2023-10-11 13:42:00,1029.33,1029.33,1029.26,1029.26,-0.01,5.73,5833.56,-1
2023-10-11,2023-10-11 13:43:00,1029.26,1029.26,1029.19,1029.19,-0.01,5.73,5833.56,-1
2023-10-11,2023-10-11 13:44:00,1029.19,1029.19,1029.12,1029.12,-0.01,5.73,5833.56,-1
2023-10-11,2023-10-11 13:45:00,1029.12,1029.12,1029.06,1029.06,-0.01,5.73,5833.56,-1
2023-10-11,2023-10-11 13:46:00,1029.06,1029.06,1028.99,1028.99,-0.01,5.73,5833.56,-1
2023-10-11,2023-10-11 13:47:00,1028.99,1028.99,1028.92,1028.92,-0.01,5.73,5833.56,-1
2023-10-11,2023-10-11 13:48:00,1028.92,1028.92,1028.85,1028.85,-0.01,5.73,5833.56,-1
2023-10-11,2023-10-11 13:49:00,1028.85,1028.85,1028.78,1028.78,-0.01,5.73,5833.56,-1
2023-10-11,2023-10-11 13:50:00,1028.78,1028.78,1028.71,1028.71,-0.01,5.73,5833.56,-1
2023-10-11,2023-10-11 13:51:00,1028.71,1028.71,1028.65,1028.65,-0.01,5.73,5833.56,-1
2023-10-11,2023-10-11 13:52:00,1028.65,1028.65,1028.58,1028.58,-0.01,5.73,5833.56,-1
2023-10-11,2023-10-11 13:53:00,1028.58,1028.58,1028.51,1028.51,-0.01,5.73,5833.56,-1
2023-10-11,2023-10-11 13:54:00,1028.51,1028.51,1028.44,1028.44,-0.01,5.73,5833.56,-1
2023-10-11,2023-10-11 13:55:00,1028.44,1028.44,1028.37,1028.37,-0.01,5.73,5833.56,-1
2023-10-11,2023-10-11 13:56:00,1028.37,1028.37,1028.31,1028.31,-0.01,5.73,5833.56,-1
2023-10-11,2023-10-11 13:57:00,1028.31,1028.31,1028.24,1028.24,-0.01,5.73,5833.56,-1
2023-10-11,2023-10-11 13:58:00,1028.24,1028.24,1028.17,1028.17,-0.01,5.73,5833.56,-1
2023-10-11,2023-10-11 13:59:00,1028.17,1028.17,1028.1,1028.1,-0.01,5.73,5833.56,-1
2023-10-11,2023-10-11 14:00:00,1028.1,1028.1,1028.03,1028.03,-0.01,5.73,5833.56,-1
2023-10-11,2023-10-11 14:01:00,1028.03,1028.03,1027.96,1027.96,-0.01,5.73,5833.56,-1
2023-10-11,2023-10-11 14:02:00,1027.96,1027.96,1027.89,1027.89,-0.01,5.73,5833.56,-1
2023-10-11,2023-10-11 14:03:00,1027.89,1027.89,1027.83,1027.83,-0.01,5.73,5833.56,-1
2023-10-11,2023-10-11 14:04:00,1027.83,1027.83,1027.76,1027.76,-0.01,5.73,5833.56,-1
2023-10-11,2023-10-11 14:05:00,1027.76,1027.76,1027.69,1027.69,-0.01,5.73,5833.56,-1
2023-10-11,2023-10-11 14:06:00,1027.69,1027.69,1027.62,1027.62,-0.01,5.73,5833.56,-1
2023-10-11,2023-10-11 14:07:00,1027.62,1027.62,1027.55,1027.55,-0.01,5.73,5833.56,-1
2023-10-11,2023-10-11 14:08:00,1027.55,1027.55,1027.49,1027.49,-0.01,5.73,5833.56,-1
2023-10-11,2023-10-11 14:09:00,1027.49,1027.49,1027.42,1027.42,-0.01,5.73,5833.56,-1
2023-10-11,2023-10-11 14:10:00,1027.42,1027.42,1027.35,1027.35,-0.01,5.73,5833.56,-1
2023-10-11,2023-10-11 14:11:00,1027.35,1027.35,1027.28,1027.28,-0.01,5.73,5833.56,-1
2023-10-11,2023-10-11 14:12:00,1027.28,1027.28,1027.21,1027.21,-0.01,5.73,5833.56,-1
2023-10-11,2023-10-11 14:13:00,1027.21,1027.21,1027.14,1027.14,-0.01,5.73,5833.56,-1
2023-10-11,2023-10-11 14:14:00,1027.14,1027.14,1027.08,1027.08,-0.01,5.73,5833.56,-1
2023-10-11,2023-10-11 14:15:00,1027.08,1027.08,1027.01,1027.01,-0.01,5.73,5833.56,-1
2023-10-11,2023-10-11 14:16:00,1027.01,1027.01,1026.94,1026.94,-0.01,5.73,5833.56,-1
2023-10-11,2023-10-11 14:17:00,1026.94,1026.94,1026.87,1026.87,-0.01,5.73,5833.56,-1
2023-10-11,2023-10-11 14:18:00,1026.87,1026.87,1026.8,1026.8,-0.01,5.73,5833.56,-1
2023-10-11,2023-10-11 14:19:00,1026.8,1026.8,1026.73,1026.73,-0.01,5.73,5833.56,-1
2023-10-11,2023-10-11 14:20:00,1026.73,1026.73,1026.66,1026.66,-0.01,5.73,5833.56,-1
2023-10-11,2023-10-11 14:21:00,1026.66,1026.66,1026.6,1026.6,-0.01,5.73,5833.56,-1
2023-10-11,2023-10-11 14:22:00,1026.6,1026.6,1026.53,1026.53,-0.01,5.73,5833.56,-1
2023-10-11,2023-10-11 14:23:00,1026.53,1026.53,1026.46,1026.46,-0.01,5.73,5833.56,-1
2023-10-11,2023-10-11 14:24:00,1026.46,1026.46,1026.39,1026.39,-0.01,5.73,5833.56,-1
2023-10-11,2023-10-11 14:25:00,1026.39,1026.39,1026.32,1026.32,-0.01,5.73,5833.56,-1
2023-10-11,2023-10-11 14:26:00,1026.32,1026.32,1026.26,1026.26,-0.01,5.73,5833.56,-1
2023-10-11,2023-10-11 14:27:00,1026.26,1026.26,1026.19,1026.19,-0.01,5.73,5833.56,-1
2023-10-11,2023-10-11 14:28:00,1026.19,1026.19,1026.12,1026.12,-0.01,5.73,5833.56,-1
2023-10-11,2023-10-11 14:29:00,1026.12,1026.12,1026.05,1026.05,-0.01,5.73,5833.56,-1
2023-10-11,2023-10-11 14:30:00,1026.05,1026.05,1025.98,1025.98,-0.01,5.73,5833.56,-1
2023-10-11,2023-10-11 14:31:00,1025.98,1025.98,1025.91,1025.91,-0.01,5.73,5833.56,-1
2023-10-11,2023-10-11 14:32:00,1025.91,1025.91,1025.85,1025.85,-0.01,5.73,5833.56,-1
2023-10-11,2023-10-11 14:33:00,1025.85,1025.85,1025.78,1025.78,-0.01,5.73,5833.56,-1
2023-10-11,2023-10-11 14:34:00,1025.78,1025.78,1025.71,1025.71,-0.01,5.73,5833.56,-1
2023-10-11,2023-10-11 14:35:00,1025.71,1025.71,1025.64,1025.64,-0.01,5.73,5833.56,-1
2023-10-11,2023-10-11 14:36:00,1025.64,1025.64,1025.57,1025.57,-0.01,5.73,5833.56,-1
2023-10-11,2023-10-11 14:37:00,1025.57,1025.57,1025.5,1025.5,-0.01,5.73,5833.56,-1
2023-10-11,2023-10-11 14:38:00,1025.5,1025.5,1025.43,1025.43,-0.01,5.73,5833.56,-1
2023-10-11,2023-10-11 14:39:00,1025.43,1025.43,1025.37,1025.37,-0.01,5.73,5833.56,-1
2023-10-11,2023-10-11 14:40:00,1025.37,1025.37,1025.3,1025.3,-0.01,5.73,5833.56,-1
2023-10-11,2023-10-11 14:41:00,1025.3,1025.3,1025.23,1025.23,-0.01,5.73,5833.56,-1
2023-10-11,2023-10-11 14:42:00,1025.23,1025.23,1025.16,1025.16,-0.01,5.73,5833.56,-1
2023-10-11,2023-10-11 14:43:00,1025.16,1025.16,1025.09,1025.09,-0.01,5.73,5833.56,-1
2023-10-11,2023-10-11 14:44:00,1025.09,1025.09,1025.03,1025.03,-0.01,5.73,5833.56,-1
2023-10-11,2023-10-11 14:45:00,1025.03,1025.03,1024.96,1024.96,-0.01,5.73,5833.56,-1
2023-10-11,2023-10-11 14:46:00,1024.96,1024.96,1024.89,1024.89,-0.01,5.73,5833.56,-1
2023-10-11,2023-10-11 14:47:00,1024.89,1024.89,1024.82,1024.82,-0.01,5.73,5833.56,-1
2023-10-11,2023-10-11 14:48:00,1024.82,1024.82,1024.75,1024.75,-0.01,5.73,5833.56,-1
2023-10-11,2023-10-11 14:49:00,1024.75,1024.75,1024.68,1024.68,-0.01,5.73,5833.56,-1
2023-10-11,2023-10-11 14:50:00,1024.68,1024.68,1024.62,1024.62,-0.01,5.73,5833.56,-1
2023-10-11,2023-10-11 14:51:00,1024.62,1024.62,1024.55,1024.55,-0.01,5.73,5833.56,-1
2023-10-11,2023-10-11 14:52:00,1024.55,1024.55,1024.48,1024.48,-0.01,5.73,5833.56,-1
2023-10-11,2023-10-11 14:53:00,1024.48,1024.48,1024.41,1024.41,-0.01,5.73,5833.56,-1
2023-10-11,2023-10-11 14:54:00,1024.41,1024.41,1024.34,1024.34,-0.01,5.73,5833.56,-1
2023-10-11,2023-10-11 14:55:00,1024.34,1024.34,1024.27,1024.27,-0.01,5.73,5833.56,-1
2023-10-11,2023-10-11 14:56:00,1024.27,1024.27,1024.2,1024.2,-0.01,5.73,5833.56,-1
2023-10-11,2023-10-11 14:57:00,1024.2,1024.2,1024.14,1024.14,-0.01,5.73,5833.56,-1
2023-10-11,2023-10-11 14:58:00,1024.14,1024.14,1024.07,1024.07,-0.01,5.73,5833.56,-1
2023-10-11,2023-10-11 14:59:00,1024.07,1024.07,1024.0,1024.0,-0.01,5.73,5833.56,-1
2023-10-11,2023-10-11 15:00:00,1024.0,1040.4,1005.2,1024.0,0.0,5.73,5833.56,0
2023-10-12,2023-10-12 11:00:00,1044.0,1044.0,1031.91,1043.92,-0.01,15.66,15872.1,-1
2023-10-12,2023-10-12 11:01:00,1043.92,1043.92,1043.84,1043.84,-0.01,15.66,15872.1,-1
2023-10-12,2023-10-12 11:02:00,1043.84,1043.84,1043.76,1043.76,-0.01,15.66,15872.1,-1
2023-10-12,2023-10-12 11:03:00,1043.76,1043.76,1043.68,1043.68,-0.01,15.66,15872.1,-1
2023-10-12,2023-10-12 11:04:00,1043.68,1043.68,1043.6,1043.6,-0.01,15.66,15872.1,-1
2023-10-12,2023-10-12 11:05:00,1043.6,1043.6,1043.52,1043.52,-0.01,15.66,15872.1,-1
2023-10-12,2023-10-12 11:06:00,1043.52,1043.52,1043.44,1043.44,-0.01,15.66,15872.1,-1
2023-10-12,2023-10-12 11:07:00,1043.44,1043.44,1043.36,1043.36,-0.01,15.66,15872.1,-1
2023-10-12,2023-10-12 11:08:00,1043.36,1043.36,1043.28,1043.28,-0.01,15.66,15872.1,-1
2023-10-12,2023-10-12 11:09:00,1043.28,1043.28,1043.2,1043.2,-0.01,15.66,15872.1,-1
2023-10-12,2023-10-12 11:10:00,1043.2,1043.2,1043.12,1043.12,-0.01,15.66,15872.1,-1
2023-10-12,2023-10-12 11:11:00,1043.12,1043.12,1043.05,1043.05,-0.01,15.66,15872.1,-1
2023-10-12,2023-10-12 11:12:00,1043.05,1043.05,1042.97,1042.97,-0.01,15.66,15872.1,-1
2023-10-12,2023-10-12 11:13:00,1042.97,1042.97,1042.89,1042.89,-0.01,15.66,15872.1,-1
2023-10-12,2023-10-12 11:14:00,1042.89,1042.89,1042.81,1042.81,-0.01,15.66,15872.1,-1
2023-10-12,2023-10-12 11:15:00,1042.81,1042.81,1042.73,1042.73,-0.01,15.66,15872.1,-1
2023-10-12,2023-10-12 11:16:00,1042.73,1042.73,1042.65,1042.65,-0.01,15.66,15872.1,-1
2023-10-12,2023-10-12 11:17:00,1042.65,1042.65,1042.57,1042.57,-0.01,15.66,15872.1,-1
2023-10-12,2023-10-12 11:18:00,1042.57,1042.57,1042.49,1042.49,-0.01,15.66,15872.1,-1
2023-10-12,2023-10-12 11:19:00,1042.49,1042.49,1042.41,1042.41,-0.01,15.66,15872.1,-1
2023-10-12,2023-10-12 11:20:00,1042.41,1042.41,1042.33,1042.33,-0.01,15.66,15872.1,-1
2023-10-12,2023-10-12 11:21:00,1042.33,1042.33,1042.25,1042.25,-0.01,15.66,15872.1,-1
2023-10-12,2023-10-12 11:22:00,1042.25,1042.25,1042.17,1042.17,-0.01,15.66,15872.1,-1
2023-10-12,2023-10-12 11:23:00,1042.17,1042.17,1042.09,1042.09,-0.01,15.66,15872.1,-1
2023-10-12,2023-10-12 11:24:00,1042.09,1042.09,1042.01,1042.01,-0.01,15.66,15872.1,-1
2023-10-12,2023-10-12 11:25:00,1042.01,1042.01,1041.93,1041.93,-0.01,15.66,15872.1,-1
2023-10-12,2023-10-12 11:26:00,1041.93,1041.93,1041.85,1041.85,-0.01,15.66,15872.1,-1
2023-10-12,2023-10-12 11:27:00,1041.85,1041.85,1041.77,1041.77,-0.01,15.66,15872.1,-1
2023-10-12,2023-10-12 11:28:00,1041.77,1041.77,1041.69,1041.69,-0.01,15.66,15872.1,-1
2023-10-12,2023-10-12 11:29:00,1041.69,1041.69,1041.61,1041.61,-0.01,15.66,15872.1,-1
2023-10-12,2023-10-12 11:30:00,1041.61,1041.61,1041.53,1041.53,-0.01,15.66,15872.1,-1
2023-10-12,2023-10-12 11:31:00,1041.53,1041.53,1041.45,1041.45,-0.01,15.66,15872.1,-1
2023-10-12,2023-10-12 11:32:00,1041.45,1041.45,1041.37,1041.37,-0.01,15.66,15872.1,-1
2023-10-12,2023-10-12 11:33:00,1041.37,1041.37,1041.29,1041.29,-0.01,15.66,15872.1,-1
2023-10-12,2023-10-12 11:34:00,1041.29,1041.29,1041.21,1041.21,-0.01,15.66,15872.1,-1
2023-10-12,2023-10-12 11:35:00,1041.21,1041.21,1041.13,1041.13,-0.01,15.66,15872.1,-1
2023-10-12,2023-10-12 11:36:00,1041.13,1041.13,1041.06,1041.06,-0.01,15.66,15872.1,-1
2023-10-12,2023-10-12 11:37:00,1041.06,1041.06,1040.98,1040.98,-0.01,15.66,15872.1,-1
2023-10-12,2023-10-12 11:38:00,1040.98,1040.98,1040.9,1040.9,-0.01,15.66,15872.1,-1
2023-10-12,2023-10-12 11:39:00,1040.9,1040.9,1040.82,1040.82,-0.01,15.66,15872.1,-1
2023-10-12,2023-10-12 11:40:00,1040.82,1040.82,1040.74,1040.74,-0.01,15.66,15872.1,-1
2023-10-12,2023-10-12 11:41:00,1040.74,1040.74,1040.66,1040.66,-0.01,15.66,15872.1,-1
2023-10-12,2023-10-12 11:42:00,1040.66,1040.66,1040.58,1040.58,-0.01,15.66,15872.1,-1
2023-10-12,2023-10-12 11:43:00,1040.58,1040.58,1040.5,1040.5,-0.01,15.66,15872.1,-1
2023-10-12,2023-10-12 11:44:00,1040.5,1040.5,1040.42,1040.42,-0.01,15.66,15872.1,-1
2023-10-12,2023-10-12 11:45:00,1040.42,1040.42,1040.34,1040.34,-0.01,15.66,15872.1,-1
2023-10-12,2023-10-12 11:46:00,1040.34,1040.34,1040.26,1040.26,-0.01,15.66,15872.1,-1
2023-10-12,2023-10-12 11:47:00,1040.26,1040.26,1040.18,1040.18,-0.01,15.66,15872.1,-1
2023-10-12,2023-10-12 11:48:00,1040.18,1040.18,1040.1,1040.1,-0.01,15.66,15872.1,-1
2023-10-12,2023-10-12 11:49:00,1040.1,1040.1,1040.02,1040.02,-0.01,15.66,15872.1,-1
2023-10-12,2023-10-12 11:50:00,1040.02,1040.02,1039.94,1039.94,-0.01,15.66,15872.1,-1
2023-10-12,2023-10-12 11:51:00,1039.94,1039.94,1039.86,1039.86,-0.01,15.66,15872.1,-1
2023-10-12,2023-10-12 11:52:00,1039.86,1039.86,1039.78,1039.78,-0.01,15.66,15872.1,-1
2023-10-12,2023-10-12 11:53:00,1039.78,1039.78,1039.7,1039.7,-0.01,15.66,15872.1,-1
2023-10-12,2023-10-12 11:54:00,1039.7,1039.7,1039.62,1039.62,-0.01,15.66,15872.1,-1
2023-10-12,2023-10-12 11:55:00,1039.62,1039.62,1039.54,1039.54,-0.01,15.66,15872.1,-1
2023-10-12,2023-10-12 11:56:00,1039.54,1039.54,1039.46,1039.46,-0.01,15.66,15872.1,-1
2023-10-12,2023-10-12 11:57:00,1039.46,1039.46,1039.38,1039.38,-0.01,15.66,15872.1,-1
2023-10-12,2023-10-12 11:58:00,1039.38,1039.38,1039.3,1039.3,-0.01,15.66,15872.1,-1
2023-10-12,2023-10-12 11:59:00,1039.3,1039.3,1039.22,1039.22,-0.01,15.66,15872.1,-1
2023-10-12,2023-10-12 12:00:00,1039.22,1039.22,1039.15,1039.15,-0.01,15.66,15872.1,-1
2023-10-12,2023-10-12 12:01:00,1039.15,1039.15,1039.07,1039.07,-0.01,15.66,15872.1,-1
2023-10-12,2023-10-12 12:02:00,1039.07,1039.07,1038.99,1038.99,-0.01,15.66,15872.1,-1
2023-10-12,2023-10-12 12:03:00,1038.99,1038.99,1038.91,1038.91,-0.01,15.66,15872.1,-1
2023-10-12,2023-10-12 12:04:00,1038.91,1038.91,1038.83,1038.83,-0.01,15.66,15872.1,-1
2023-10-12,2023-10-12 12:05:00,1038.83,1038.83,1038.75,1038.75,-0.01,15.66,15872.1,-1
2023-10-12,2023-10-12 12:06:00,1038.75,1038.75,1038.67,1038.67,-0.01,15.66,15872.1,-1
2023-10-12,2023-10-12 12:07:00,1038.67,1038.67,1038.59,1038.59,-0.01,15.66,15872.1,-1
2023-10-12,2023-10-12 12:08:00,1038.59,1038.59,1038.51,1038.51,-0.01,15.66,15872.1,-1
2023-10-12,2023-10-12 12:09:00,1038.51,1038.51,1038.43,1038.43,-0.01,15.66,15872.1,-1
2023-10-12,2023-10-12 12:10:00,1038.43,1038.43,1038.35,1038.35,-0.01,15.66,15872.1,-1
2023-10-12,2023-10-12 12:11:00,1038.35,1038.35,1038.27,1038.27,-0.01,15.66,15872.1,-1
2023-10-12,2023-10-12 12:12:00,1038.27,1038.27,1038.19,1038.19,-0.01,15.66,15872.1,-1
2023-10-12,2023-10-12 12:13:00,1038.19,1038.19,1038.11,1038.11,-0.01,15.66,15872.1,-1
2023-10-12,2023-10-12 12:14:00,1038.11,1038.11,1038.03,1038.03,-0.01,15.66,15872.1,-1
2023-10-12,2023-10-12 12:15:00,1038.03,1038.03,1037.95,1037.95,-0.01,15.66,15872.1,-1
2023-10-12,2023-10-12 12:16:00,1037.95,1037.95,1037.87,1037.87,-0.01,15.66,15872.1,-1
2023-10-12,2023-10-12 12:17:00,1037.87,1037.87,1037.79,1037.79,-0.01,15.66,15872.1,-1
2023-10-12,2023-10-12 12:18:00,1037.79,1037.79,1037.71,1037.71,-0.01,15.66,15872.1,-1
2023-10-12,2023-10-12 12:19:00,1037.71,1037.71,1037.63,1037.63,-0.01,15.66,15872.1,-1
2023-10-12,2023-10-12 12:20:00,1037.63,1037.63,1037.55,1037.55,-0.01,15.66,15872.1,-1
2023-10-12,2023-10-12 12:21:00,1037.55,1037.55,1037.47,1037.47,-0.01,15.66,15872.1,-1
2023-10-12,2023-10-12 12:22:00,1037.47,1037.47,1037.39,1037.39,-0.01,15.66,15872.1,-1
2023-10-12,2023-10-12 12:23:00,1037.39,1037.39,1037.32,1037.32,-0.01,15.66,15872.1,-1
2023-10-12,2023-10-12 12:24:00,1037.32,1037.32,1037.24,1037.24,-0.01,15.66,15872.1,-1
2023-10-12,2023-10-12 12:25:00,1037.24,1037.24,1037.16,1037.16,-0.01,15.66,15872.1,-1
2023-10-12,2023-10-12 12:26:00,1037.16,1037.16,1037.08,1037.08,-0.01,15.66,15872.1,-1
2023-10-12,2023-10-12 12:27:00,1037.08,1037.08,1037.0,1037.0,-0.01,15.66,15872.1,-1
2023-10-12,2023-10-12 12:28:00,1037.0,1037.0,1036.92,1036.92,-0.01,15.66,15872.1,-1
2023-10-12,2023-10-12 12:29:00,1036.92,1036.92,1036.84,1036.84,-0.01,15.66,15872.1,-1
2023-10-12,2023-10-12 12:30:00,1036.84,1036.84,1036.76,1036.76,-0.01,15.66,15872.1,-1
2023-10-12,2023-10-12 12:31:00,1036.76,1036.76,1036.68,1036.68,-0.01,15.66,15872.1,-1
2023-10-12,2023-10-12 12:32:00,1036.68,1036.68,1036.6,1036.6,-0.01,15.66,15872.1,-1
2023-10-12,2023-10-12 12:33:00,1036.6,1036.6,1036.52,1036.52,-0.01,15.66,15872.1,-1
2023-10-12,2023-10-12 12:34:00,1036.52,1036.52,1036.44,1036.44,-0.01,15.66,15872.1,-1
2023-10-12,2023-10-12 12:35:00,1036.44,1036.44,1036.36,1036.36,-0.01,15.66,15872.1,-1
2023-10-12,2023-10-12 12:36:00,1036.36,1036.36,1036.28,1036.28,-0.01,15.66,15872.1,-1
2023-10-12,2023-10-12 12:37:00,1036.28,1036.28,1036.2,1036.2,-0.01,15.66,15872.1,-1
2023-10-12,2023-10-12 12:38:00,1036.2,1036.2,1036.12,1036.12,-0.01,15.66,15872.1,-1
2023-10-12,2023-10-12 12:39:00,1036.12,1036.12,1036.04,1036.04,-0.01,15.66,15872.1,-1
2023-10-12,2023-10-12 12:40:00,1036.04,1036.04,1035.96,1035.96,-0.01,15.66,15872.1,-1
2023-10-12,2023-10-12 12:41:00,1035.96,1035.96,1035.88,1035.88,-0.01,15.66,15872.1,-1
2023-10-12,2023-10-12 12:42:00,1035.88,1035.88,1035.8,1035.8,-0.01,15.66,15872.1,-1
2023-10-12,2023-10-12 12:43:00,1035.8,1035.8,1035.72,1035.72,-0.01,15.66,15872.1,-1
2023-10-12,2023-10-12 12:44:00,1035.72,1035.72,1035.64,1035.64,-0.01,15.66,15872.1,-1
2023-10-12,2023-10-12 12:45:00,1035.64,1035.64,1035.56,1035.56,-0.01,15.66,15872.1,-1
2023-10-12,2023-10-12 12:46:00,1035.56,1035.56,1035.48,1035.48,-0.01,15.66,15872.1,-1
2023-10-12,2023-10-12 12:47:00,1035.48,1035.48,1035.4,1035.4,-0.01,15.66,15872.1,-1
2023-10-12,2023-10-12 12:48:00,1035.4,1035.4,1035.33,1035.33,-0.01,15.66,15872.1,-1
2023-10-12,2023-10-12 12:49:00,1035.33,1035.33,1035.25,1035.25,-0.01,15.66,15872.1,-1
2023-10-12,2023-10-12 12:50:00,1035.25,1035.25,1035.17,1035.17,-0.01,15.66,15872.1,-1
2023-10-12,2023-10-12 12:51:00,1035.17,1035.17,1035.09,1035.09,-0.01,15.66,15872.1,-1
2023-10-12,2023-10-12 12:52:00,1035.09,1035.09,1035.01,1035.01,-0.01,15.66,15872.1,-1
2023-10-12,2023-10-12 12:53:00,1035.01,1035.01,1034.93,1034.93,-0.01,15.66,15872.1,-1
2023-10-12,2023-10-12 12:54:00,1034.93,1034.93,1034.85,1034.85,-0.01,15.66,15872.1,-1
2023-10-12,2023-10-12 12:55:00,1034.85,1034.85,1034.77,1034.77,-0.01,15.66,15872.1,-1
2023-10-12,2023-10-12 12:56:00,1034.77,1034.77,1034.69,1034.69,-0.01,15.66,15872.1,-1
2023-10-12,2023-10-12 12:57:00,1034.69,1034.69,1034.61,1034.61,-0.01,15.66,15872.1,-1
2023-10-12,2023-10-12 12:58:00,1034.61,1034.61,1034.53,1034.53,-0.01,15.66,15872.1,-1
2023-10-12,2023-10-12 12:59:00,1034.53,1034.53,1034.45,1034.45,-0.01,15.66,15872.1,-1
2023-10-12,2023-10-12 13:00:00,1034.45,1044.0,1003.7,1034.37,-0.01,15.66,15872.1,-1
2023-10-12,2023-10-12 13:01:00,1034.37,1034.37,1034.29,1034.29,-0.01,15.66,15872.1,-1
2023-10-12,2023-10-12 13:02:00,1034.29,1034.29,1034.21,1034.21,-0.01,15.66,15872.1,-1
2023-10-12,2023-10-12 13:03:00,1034.21,1034.21,1034.13,1034.13,-0.01,15.66,15872.1,-1
2023-10-12,2023-10-12 13:04:00,1034.13,1034.13,1034.05,1034.05,-0.01,15.66,15872.1,-1
2023-10-12,2023-10-12 13:05:00,1034.05,1034.05,1033.97,1033.97,-0.01,15.66,15872.1,-1
2023-10-12,2023-10-12 13:06:00,1033.97,1033.97,1033.89,1033.89,-0.01,15.66,15872.1,-1
2023-10-12,2023-10-12 13:07:00,1033.89,1033.89,1033.81,1033.81,-0.01,15.66,15872.1,-1
2023-10-12,2023-10-12 13:08:00,1033.81,1033.81,1033.73,1033.73,-0.01,15.66,15872.1,-1
2023-10-12,2023-10-12 13:09:00,1033.73,1033.73,1033.65,1033.65,-0.01,15.66,15872.1,-1
2023-10-12,2023-10-12 13:10:00,1033.65,1033.65,1033.57,1033.57,-0.01,15.66,15872.1,-1
2023-10-12,2023-10-12 13:11:00,1033.57,1033.57,1033.5,1033.5,-0.01,15.66,15872.1,-1
2023-10-12,2023-10-12 13:12:00,1033.5,1033.5,1033.42,1033.42,-0.01,15.66,15872.1,-1
2023-10-12,2023-10-12 13:13:00,1033.42,1033.42,1033.34,1033.34,-0.01,15.66,15872.1,-1
2023-10-12,2023-10-12 13:14:00,1033.34,1033.34,1033.26,1033.26,-0.01,15.66,15872.1,-1
2023-10-12,2023-10-12 13:15:00,1033.26,1033.26,1033.18,1033.18,-0.01,15.66,15872.1,-1
2023-10-12,2023-10-12 13:16:00,1033.18,1033.18,1033.1,1033.1,-0.01,15.66,15872.1,-1
2023-10-12,2023-10-12 13:17:00,1033.1,1033.1,1033.02,1033.02,-0.01,15.66,15872.1,-1
2023-10-12,2023-10-12 13:18:00,1033.02,1033.02,1032.94,1032.94,-0.01,15.66,15872.1,-1
2023-10-12,2023-10-12 13:19:00,1032.94,1032.94,1032.86,1032.86,-0.01,15.66,15872.1,-1
2023-10-12,2023-10-12 13:20:00,1032.86,1032.86,1032.78,1032.78,-0.01,15.66,15872.1,-1
2023-10-12,2023-10-12 13:21:00,1032.78,1032.78,1032.7,1032.7,-0.01,15.66,15872.1,-1
2023-10-12,2023-10-12 13:22:00,1032.7,1032.7,1032.62,1032.62,-0.01,15.66,15872.1,-1
2023-10-12,2023-10-12 13:23:00,1032.62,1032.62,1032.54,1032.54,-0.01,15.66,15872.1,-1
2023-10-12,2023-10-12 13:24:00,1032.54,1032.54,1032.46,1032.46,-0.01,15.66,15872.1,-1
2023-10-12,2023-10-12 13:25:00,1032.46,1032.46,1032.38,1032.38,-0.01,15.66,15872.1,-1
2023-10-12,2023-10-12 13:26:00,1032.38,1032.38,1032.3,1032.3,-0.01,15.66,15872.1,-1
2023-10-12,2023-10-12 13:27:00,1032.3,1032.3,1032.22,1032.22,-0.01,15.66,15872.1,-1
2023-10-12,2023-10-12 13:28:00,1032.22,1032.22,1032.14,1032.14,-0.01,15.66,15872.1,-1
2023-10-12,2023-10-12 13:29:00,1032.14,1032.14,1032.06,1032.06,-0.01,15.66,15872.1,-1
2023-10-12,2023-10-12 13:30:00,1032.06,1032.06,1031.98,1031.98,-0.01,15.66,15872.1,-1
2023-10-12,2023-10-12 13:31:00,1031.98,1031.98,1031.9,1031.9,-0.01,15.66,15872.1,-1
2023-10-12,2023-10-12 13:32:00,1031.9,1031.9,1031.82,1031.82,-0.01,15.66,15872.1,-1
2023-10-12,2023-10-12 13:33:00,1031.82,1031.82,1031.74,1031.74,-0.01,15.66,15872.1,-1
2023-10-12,2023-10-12 13:34:00,1031.74,1031.74,1031.66,1031.66,-0.01,15.66,15872.1,-1
2023-10-12,2023-10-12 13:35:00,1031.66,1031.66,1031.59,1031.59,-0.01,15.66,15872.1,-1
2023-10-12,2023-10-12 13:36:00,1031.59,1031.59,1031.51,1031.51,-0.01,15.66,15872.1,-1
2023-10-12,2023-10-12 13:37:00,1031.51,1031.51,1031.43,1031.43,-0.01,15.66,15872.1,-1
2023-10-12,2023-10-12 13:38:00,1031.43,1031.43,1031.35,1031.35,-0.01,15.66,15872.1,-1
2023-10-12,2023-10-12 13:39:00,1031.35,1031.35,1031.27,1031.27,-0.01,15.66,15872.1,-1
2023-10-12,2023-10-12 13:40:00,1031.27,1031.27,1031.19,1031.19,-0.01,15.66,15872.1,-1
2023-10-12,2023-10-12 13:41:00,1031.19,1031.19,1031.11,1031.11,-0.01,15.66,15872.1,-1
2023-10-12,2023-10-12 13:42:00,1031.11,1031.11,1031.03,1031.03,-0.01,15.66,15872.1,-1
2023-10-12,2023-10-12 13:43:00,1031.03,1031.03,1030.95,1030.95,-0.01,15.66,15872.1,-1
2023-10-12,2023-10-12 13:44:00,1030.95,1030.95,1030.87,1030.87,-0.01,15.66,15872.1,-1
2023-10-12,2023-10-12 13:45:00,1030.87,1030.87,1030.79,1030.79,-0.01,15.66,15872.1,-1
2023-10-12,2023-10-12 13:46:00,1030.79,1030.79,1030.71,1030.71,-0.01,15.66,15872.1,-1
2023-10-12,2023-10-12 13:47:00,1030.71,1030.71,1030.63,1030.63,-0.01,15.66,15872.1,-1
2023-10-12,2023-10-12 13:48:00,1030.63,1030.63,1030.55,1030.55,-0.01,15.66,15872.1,-1
2023-10-12,2023-10-12 13:49:00,1030.55,1030.55,1030.47,1030.47,-0.01,15.66,15872.1,-1
2023-10-12,2023-10-12 13:50:00,1030.47,1030.47,1030.39,1030.39,-0.01,15.66,15872.1,-1
2023-10-12,2023-10-12 13:51:00,1030.39,1030.39,1030.31,1030.31,-0.01,15.66,15872.1,-1
2023-10-12,2023-10-12 13:52:00,1030.31,1030.31,1030.23,1030.23,-0.01,15.66,15872.1,-1
2023-10-12,2023-10-12 13:53:00,1030.23,1030.23,1030.15,1030.15,-0.01,15.66,15872.1,-1
2023-10-12,2023-10-12 13:54:00,1030.15,1030.15,1030.07,1030.07,-0.01,15.66,15872.1,-1
2023-10-12,2023-10-12 13:55:00,1030.07,1030.07,1029.99,1029.99,-0.01,15.66,15872.1,-1
2023-10-12,2023-10-12 13:56:00,1029.99,1029.99,1029.91,1029.91,-0.01,15.66,15872.1,-1
2023-10-12,2023-10-12 13:57:00,1029.91,1029.91,1029.83,1029.83,-0.01,15.66,15872.1,-1
2023-10-12,2023-10-12 13:58:00,1029.83,1029.83,1029.75,1029.75,-0.01,15.66,15872.1,-1
2023-10-12,2023-10-12 13:59:00,1029.75,1029.75,1029.68,1029.68,-0.01,15.66,15872.1,-1
2023-10-12,2023-10-12 14:00:00,1029.68,1029.68,1029.6,1029.6,-0.01,15.66,15872.1,-1
2023-10-12,2023-10-12 14:01:00,1029.6,1029.6,1029.52,1029.52,-0.01,15.66,15872.1,-1
2023-10-12,2023-10-12 14:02:00,1029.52,1029.52,1029.44,1029.44,-0.01,15.66,15872.1,-1
2023-10-12,2023-10-12 14:03:00,1029.44,1029.44,1029.36,1029.36,-0.01,15.66,15872.1,-1
2023-10-12,2023-10-12 14:04:00,1029.36,1029.36,1029.28,1029.28,-0.01,15.66,15872.1,-1
2023-10-12,2023-10-12 14:05:00,1029.28,1029.28,1029.2,1029.2,-0.01,15.66,15872.1,-1
2023-10-12,2023-10-12 14:06:00,1029.2,1029.2,1029.12,1029.12,-0.01,15.66,15872.1,-1
2023-10-12,2023-10-12 14:07:00,1029.12,1029.12,1029.04,1029.04,-0.01,15.66,15872.1,-1
2023-10-12,2023-10-12 14:08:00,1029.04,1029.04,1028.96,1028.96,-0.01,15.66,15872.1,-1
2023-10-12,2023-10-12 14:09:00,1028.96,1028.96,1028.88,1028.88,-0.01,15.66,15872.1,-1
2023-10-12,2023-10-12 14:10:00,1028.88,1028.88,1028.8,1028.8,-0.01,15.66,15872.1,-1
2023-10-12,2023-10-12 14:11:00,1028.8,1028.8,1028.72,1028.72,-0.01,15.66,15872.1,-1
2023-10-12,2023-10-12 14:12:00,1028.72,1028.72,1028.64,1028.64,-0.01,15.66,15872.1,-1
2023-10-12,2023-10-12 14:13:00,1028.64,1028.64,1028.56,1028.56,-0.01,15.66,15872.1,-1
2023-10-12,2023-10-12 14:14:00,1028.56,1028.56,1028.48,1028.48,-0.01,15.66,15872.1,-1
2023-10-12,2023-10-12 14:15:00,1028.48,1028.48,1028.4,1028.4,-0.01,15.66,15872.1,-1
2023-10-12,2023-10-12 14:16:00,1028.4,1028.4,1028.32,1028.32,-0.01,15.66,15872.1,-1
2023-10-12,2023-10-12 14:17:00,1028.32,1028.32,1028.24,1028.24,-0.01,15.66,15872.1,-1
2023-10-12,2023-10-12 14:18:00,1028.24,1028.24,1028.16,1028.16,-0.01,15.66,15872.1,-1
2023-10-12,2023-10-12 14:19:00,1028.16,1028.16,1028.08,1028.08,-0.01,15.66,15872.1,-1
2023-10-12,2023-10-12 14:20:00,1028.08,1028.08,1028.0,1028.0,-0.01,15.66,15872.1,-1
2023-10-12,2023-10-12 14:21:00,1028.0,1028.0,1027.92,1027.92,-0.01,15.66,15872.1,-1
2023-10-12,2023-10-12 14:22:00,1027.92,1027.92,1027.84,1027.84,-0.01,15.66,15872.1,-1
2023-10-12,2023-10-12 14:23:00,1027.84,1027.84,1027.77,1027.77,-0.01,15.66,15872.1,-1
2023-10-12,2023-10-12 14:24:00,1027.77,1027.77,1027.69,1027.69,-0.01,15.66,15872.1,-1
2023-10-12,2023-10-12 14:25:00,1027.69,1027.69,1027.61,1027.61,-0.01,15.66,15872.1,-1
2023-10-12,2023-10-12 14:26:00,1027.61,1027.61,1027.53,1027.53,-0.01,15.66,15872.1,-1
2023-10-12,2023-10-12 14:27:00,1027.53,1027.53,1027.45,1027.45,-0.01,15.66,15872.1,-1
2023-10-12,2023-10-12 14:28:00,1027.45,1027.45,1027.37,1027.37,-0.01,15.66,15872.1,-1
2023-10-12,2023-10-12 14:29:00,1027.37,1027.37,1027.29,1027.29,-0.01,15.66,15872.1,-1
2023-10-12,2023-10-12 14:30:00,1027.29,1027.29,1027.21,1027.21,-0.01,15.66,15872.1,-1
2023-10-12,2023-10-12 14:31:00,1027.21,1027.21,1027.13,1027.13,-0.01,15.66,15872.1,-1
2023-10-12,2023-10-12 14:32:00,1027.13,1027.13,1027.05,1027.05,-0.01,15.66,15872.1,-1
2023-10-12,2023-10-12 14:33:00,1027.05,1027.05,1026.97,1026.97,-0.01,15.66,15872.1,-1
2023-10-12,2023-10-12 14:34:00,1026.97,1026.97,1026.89,1026.89,-0.01,15.66,15872.1,-1
2023-10-12,2023-10-12 14:35:00,1026.89,1026.89,1026.81,1026.81,-0.01,15.66,15872.1,-1
2023-10-12,2023-10-12 14:36:00,1026.81,1026.81,1026.73,1026.73,-0.01,15.66,15872.1,-1
2023-10-12,2023-10-12 14:37:00,1026.73,1026.73,1026.65,1026.65,-0.01,15.66,15872.1,-1
2023-10-12,2023-10-12 14:38:00,1026.65,1026.65,1026.57,1026.57,-0.01,15.66,15872.1,-1
2023-10-12,2023-10-12 14:39:00,1026.57,1026.57,1026.49,1026.49,-0.01,15.66,15872.1,-1
2023-10-12,2023-10-12 14:40:00,1026.49,1026.49,1026.41,1026.41,-0.01,15.66,15872.1,-1
2023-10-12,2023-10-12 14:41:00,1026.41,1026.41,1026.33,1026.33,-0.01,15.66,15872.1,-1
2023-10-12,2023-10-12 14:42:00,1026.33,1026.33,1026.25,1026.25,-0.01,15.66,15872.1,-1
2023-10-12,2023-10-12 14:43:00,1026.25,1026.25,1026.17,1026.17,-0.01,15.66,15872.1,-1
2023-10-12,2023-10-12 14:44:00,1026.17,1026.17,1026.09,1026.09,-0.01,15.66,15872.1,-1
2023-10-12,2023-10-12 14:45:00,1026.09,1026.09,1026.01,1026.01,-0.01,15.66,15872.1,-1
2023-10-12,2023-10-12 14:46:00,1026.01,1026.01,1025.93,1025.93,-0.01,15.66,15872.1,-1
2023-10-12,2023-10-12 14:47:00,1025.93,1025.93,1025.86,1025.86,-0.01,15.66,15872.1,-1
2023-10-12,2023-10-12 14:48:00,1025.86,1025.86,1025.78,1025.78,-0.01,15.66,15872.1,-1
2023-10-12,2023-10-12 14:49:00,1025.78,1025.78,1025.7,1025.7,-0.01,15.66,15872.1,-1
2023-10-12,2023-10-12 14:50:00,1025.7,1025.7,1025.62,1025.62,-0.01,15.66,15872.1,-1
2023-10-12,2023-10-12 14:51:00,1025.62,1025.62,1025.54,1025.54,-0.01,15.66,15872.1,-1
2023-10-12,2023-10-12 14:52:00,1025.54,1025.54,1025.46,1025.46,-0.01,15.66,15872.1,-1
2023-10-12,2023-10-12 14:53:00,1025.46,1025.46,1025.38,1025.38,-0.01,15.66,15872.1,-1
2023-10-12,2023-10-12 14:54:00,1025.38,1025.38,1025.3,1025.3,-0.01,15.66,15872.1,-1
2023-10-12,2023-10-12 14:55:00,1025.3,1025.3,1025.22,1025.22,-0.01,15.66,15872.1,-1
2023-10-12,2023-10-12 14:56:00,1025.22,1025.22,1025.14,1025.14,-0.01,15.66,15872.1,-1
2023-10-12,2023-10-12 14:57:00,1025.14,1025.14,1025.06,1025.06,-0.01,15.66,15872.1,-1
2023-10-12,2023-10-12 14:58:00,1025.06,1025.06,1024.98,1024.98,-0.01,15.66,15872.1,-1
2023-10-12,2023-10-12 14:59:00,1024.98,1024.98,1024.9,1024.9,-0.01,15.66,15872.1,-1
2023-10-12,2023-10-12 15:00:00,1024.9,1044.0,1003.7,1024.9,0.0,15.66,15872.1,0
2023-10-16,2023-10-16 11:00:00,1005.0,1011.0,1001.4,1005.0,0.0,12.04,12128.4,0
2023-10-16,2023-10-16 11:01:00,1005.0,1005.0,1004.99,1004.99,-0.0,12.04,12128.4,-1
2023-10-16,2023-10-16 11:02:00,1004.99,1004.99,1004.99,1004.99,0.0,12.04,12128.4,0
2023-10-16,2023-10-16 11:03:00,1004.99,1004.99,1004.98,1004.98,-0.0,12.04,12128.4,-1
2023-10-16,2023-10-16 11:04:00,1004.98,1004.98,1004.98,1004.98,0.0,12.04,12128.4,0
2023-10-16,2023-10-16 11:05:00,1004.98,1004.98,1004.98,1004.98,0.0,12.04,12128.4,0
2023-10-16,2023-10-16 11:06:00,1004.98,1004.98,1004.97,1004.97,-0.0,12.04,12128.4,-1
2023-10-16,2023-10-16 11:07:00,1004.97,1004.97,1004.97,1004.97,0.0,12.04,12128.4,0
2023-10-16,2023-10-16 11:08:00,1004.97,1004.97,1004.96,1004.96,-0.0,12.04,12128.4,-1
2023-10-16,2023-10-16 11:09:00,1004.96,1004.96,1004.96,1004.96,0.0,12.04,12128.4,0
2023-10-16,2023-10-16 11:10:00,1004.96,1004.96,1004.95,1004.95,-0.0,12.04,12128.4,-1
2023-10-16,2023-10-16 11:11:00,1004.95,1004.95,1004.95,1004.95,0.0,12.04,12128.4,0
2023-10-16,2023-10-16 11:12:00,1004.95,1004.95,1004.95,1004.95,0.0,12.04,12128.4,0
2023-10-16,2023-10-16 11:13:00,1004.95,1004.95,1004.94,1004.94,-0.0,12.04,12128.4,-1
2023-10-16,2023-10-16 11:14:00,1004.94,1004.94,1004.94,1004.94,0.0,12.04,12128.4,0
2023-10-16,2023-10-16 11:15:00,1004.94,1004.94,1004.93,1004.93,-0.0,12.04,12128.4,-1
2023-10-16,2023-10-16 11:16:00,1004.93,1004.93,1004.93,1004.93,0.0,12.04,12128.4,0
2023-10-16,2023-10-16 11:17:00,1004.93,1004.93,1004.92,1004.92,-0.0,12.04,12128.4,-1
2023-10-16,2023-10-16 11:18:00,1004.92,1004.92,1004.92,1004.92,0.0,12.04,12128.4,0
2023-10-16,2023-10-16 11:19:00,1004.92,1004.92,1004.92,1004.92,0.0,12.04,12128.4,0
2023-10-16,2023-10-16 11:20:00,1004.92,1004.92,1004.91,1004.91,-0.0,12.04,12128.4,-1
2023-10-16,2023-10-16 11:21:00,1004.91,1004.91,1004.91,1004.91,0.0,12.04,12128.4,0
2023-10-16,2023-10-16 11:22:00,1004.91,1004.91,1004.9,1004.9,-0.0,12.04,12128.4,-1
2023-10-16,2023-10-16 11:23:00,1004.9,1004.9,1004.9,1004.9,0.0,12.04,12128.4,0
2023-10-16,2023-10-16 11:24:00,1004.9,1004.9,1004.9,1004.9,0.0,12.04,12128.4,0
2023-10-16,2023-10-16 11:25:00,1004.9,1004.9,1004.89,1004.89,-0.0,12.04,12128.4,-1
2023-10-16,2023-10-16 11:26:00,1004.89,1004.89,1004.89,1004.89,0.0,12.04,12128.4,0
2023-10-16,2023-10-16 11:27:00,1004.89,1004.89,1004.88,1004.88,-0.0,12.04,12128.4,-1
2023-10-16,2023-10-16 11:28:00,1004.88,1004.88,1004.88,1004.88,0.0,12.04,12128.4,0
2023-10-16,2023-10-16 11:29:00,1004.88,1004.88,1004.88,1004.88,0.0,12.04,12128.4,0
2023-10-16,2023-10-16 11:30:00,1004.88,1004.88,1004.87,1004.87,-0.0,12.04,12128.4,-1
2023-10-16,2023-10-16 11:31:00,1004.87,1004.87,1004.87,1004.87,0.0,12.04,12128.4,0
2023-10-16,2023-10-16 11:32:00,1004.87,1004.87,1004.86,1004.86,-0.0,12.04,12128.4,-1
2023-10-16,2023-10-16 11:33:00,1004.86,1004.86,1004.86,1004.86,0.0,12.04,12128.4,0
2023-10-16,2023-10-16 11:34:00,1004.86,1004.86,1004.85,1004.85,-0.0,12.04,12128.4,-1
2023-10-16,2023-10-16 11:35:00,1004.85,1004.85,1004.85,1004.85,0.0,12.04,12128.4,0
2023-10-16,2023-10-16 11:36:00,1004.85,1004.85,1004.85,1004.85,0.0,12.04,12128.4,0
2023-10-16,2023-10-16 11:37:00,1004.85,1004.85,1004.84,1004.84,-0.0,12.04,12128.4,-1
2023-10-16,2023-10-16 11:38:00,1004.84,1004.84,1004.84,1004.84,0.0,12.04,12128.4,0
2023-10-16,2023-10-16 11:39:00,1004.84,1004.84,1004.83,1004.83,-0.0,12.04,12128.4,-1
2023-10-16,2023-10-16 11:40:00,1004.83,1004.83,1004.83,1004.83,0.0,12.04,12128.4,0
2023-10-16,2023-10-16 11:41:00,1004.83,1004.83,1004.83,1004.83,0.0,12.04,12128.4,0
2023-10-16,2023-10-16 11:42:00,1004.83,1004.83,1004.82,1004.82,-0.0,12.04,12128.4,-1
2023-10-16,2023-10-16 11:43:00,1004.82,1004.82,1004.82,1004.82,0.0,12.04,12128.4,0
2023-10-16,2023-10-16 11:44:00,1004.82,1004.82,1004.81,1004.81,-0.0,12.04,12128.4,-1
2023-10-16,2023-10-16 11:45:00,1004.81,1004.81,1004.81,1004.81,0.0,12.04,12128.4,0
2023-10-16,2023-10-16 11:46:00,1004.81,1004.81,1004.8,1004.8,-0.0,12.04,12128.4,-1
2023-10-16,2023-10-16 11:47:00,1004.8,1004.8,1004.8,1004.8,0.0,12.04,12128.4,0
2023-10-16,2023-10-16 11:48:00,1004.8,1004.8,1004.8,1004.8,0.0,12.04,12128.4,0
2023-10-16,2023-10-16 11:49:00,1004.8,1004.8,1004.79,1004.79,-0.0,12.04,12128.4,-1
2023-10-16,2023-10-16 11:50:00,1004.79,1004.79,1004.79,1004.79,0.0,12.04,12128.4,0
2023-10-16,2023-10-16 11:51:00,1004.79,1004.79,1004.78,1004.78,-0.0,12.04,12128.4,-1
2023-10-16,2023-10-16 11:52:00,1004.78,1004.78,1004.78,1004.78,0.0,12.04,12128.4,0
2023-10-16,2023-10-16 11:53:00,1004.78,1004.78,1004.77,1004.77,-0.0,12.04,12128.4,-1
2023-10-16,2023-10-16 11:54:00,1004.77,1004.77,1004.77,1004.77,0.0,12.04,12128.4,0
2023-10-16,2023-10-16 11:55:00,1004.77,1004.77,1004.77,1004.77,0.0,12.04,12128.4,0
2023-10-16,2023-10-16 11:56:00,1004.77,1004.77,1004.76,1004.76,-0.0,12.04,12128.4,-1
2023-10-16,2023-10-16 11:57:00,1004.76,1004.76,1004.76,1004.76,0.0,12.04,12128.4,0
2023-10-16,2023-10-16 11:58:00,1004.76,1004.76,1004.75,1004.75,-0.0,12.04,12128.4,-1
2023-10-16,2023-10-16 11:59:00,1004.75,1004.75,1004.75,1004.75,0.0,12.04,12128.4,0
2023-10-16,2023-10-16 12:00:00,1004.75,1004.75,1004.75,1004.75,0.0,12.04,12128.4,0
2023-10-16,2023-10-16 12:01:00,1004.75,1004.75,1004.74,1004.74,-0.0,12.04,12128.4,-1
2023-10-16,2023-10-16 12:02:00,1004.74,1004.74,1004.74,1004.74,0.0,12.04,12128.4,0
2023-10-16,2023-10-16 12:03:00,1004.74,1004.74,1004.73,1004.73,-0.0,12.04,12128.4,-1
2023-10-16,2023-10-16 12:04:00,1004.73,1004.73,1004.73,1004.73,0.0,12.04,12128.4,0
2023-10-16,2023-10-16 12:05:00,1004.73,1004.73,1004.73,1004.73,0.0,12.04,12128.4,0
2023-10-16,2023-10-16 12:06:00,1004.73,1004.73,1004.72,1004.72,-0.0,12.04,12128.4,-1
2023-10-16,2023-10-16 12:07:00,1004.72,1004.72,1004.72,1004.72,0.0,12.04,12128.4,0
2023-10-16,2023-10-16 12:08:00,1004.72,1004.72,1004.71,1004.71,-0.0,12.04,12128.4,-1
2023-10-16,2023-10-16 12:09:00,1004.71,1004.71,1004.71,1004.71,0.0,12.04,12128.4,0
2023-10-16,2023-10-16 12:10:00,1004.71,1004.71,1004.7,1004.7,-0.0,12.04,12128.4,-1
2023-10-16,2023-10-16 12:11:00,1004.7,1004.7,1004.7,1004.7,0.0,12.04,12128.4,0
2023-10-16,2023-10-16 12:12:00,1004.7,1004.7,1004.7,1004.7,0.0,12.04,12128.4,0
2023-10-16,2023-10-16 12:13:00,1004.7,1004.7,1004.69,1004.69,-0.0,12.04,12128.4,-1
2023-10-16,2023-10-16 12:14:00,1004.69,1004.69,1004.69,1004.69,0.0,12.04,12128.4,0
2023-10-16,2023-10-16 12:15:00,1004.69,1004.69,1004.68,1004.68,-0.0,12.04,12128.4,-1
2023-10-16,2023-10-16 12:16:00,1004.68,1004.68,1004.68,1004.68,0.0,12.04,12128.4,0
2023-10-16,2023-10-16 12:17:00,1004.68,1004.68,1004.67,1004.67,-0.0,12.04,12128.4,-1
2023-10-16,2023-10-16 12:18:00,1004.67,1004.67,1004.67,1004.67,0.0,12.04,12128.4,0
2023-10-16,2023-10-16 12:19:00,1004.67,1004.67,1004.67,1004.67,0.0,12.04,12128.4,0
2023-10-16,2023-10-16 12:20:00,1004.67,1004.67,1004.66,1004.66,-0.0,12.04,12128.4,-1
2023-10-16,2023-10-16 12:21:00,1004.66,1004.66,1004.66,1004.66,0.0,12.04,12128.4,0
2023-10-16,2023-10-16 12:22:00,1004.66,1004.66,1004.65,1004.65,-0.0,12.04,12128.4,-1
2023-10-16,2023-10-16 12:23:00,1004.65,1004.65,1004.65,1004.65,0.0,12.04,12128.4,0
2023-10-16,2023-10-16 12:24:00,1004.65,1004.65,1004.65,1004.65,0.0,12.04,12128.4,0
2023-10-16,2023-10-16 12:25:00,1004.65,1004.65,1004.64,1004.64,-0.0,12.04,12128.4,-1
2023-10-16,2023-10-16 12:26:00,1004.64,1004.64,1004.64,1004.64,0.0,12.04,12128.4,0
2023-10-16,2023-10-16 12:27:00,1004.64,1004.64,1004.63,1004.63,-0.0,12.04,12128.4,-1
2023-10-16,2023-10-16 12:28:00,1004.63,1004.63,1004.63,1004.63,0.0,12.04,12128.4,0
2023-10-16,2023-10-16 12:29:00,1004.63,1004.63,1004.62,1004.62,-0.0,12.04,12128.4,-1
2023-10-16,2023-10-16 12:30:00,1004.62,1004.62,1004.62,1004.62,0.0,12.04,12128.4,0
2023-10-16,2023-10-16 12:31:00,1004.62,1004.62,1004.62,1004.62,0.0,12.04,12128.4,0
2023-10-16,2023-10-16 12:32:00,1004.62,1004.62,1004.61,1004.61,-0.0,12.04,12128.4,-1
2023-10-16,2023-10-16 12:33:00,1004.61,1004.61,1004.61,1004.61,0.0,12.04,12128.4,0
2023-10-16,2023-10-16 12:34:00,1004.61,1004.61,1004.6,1004.6,-0.0,12.04,12128.4,-1
2023-10-16,2023-10-16 12:35:00,1004.6,1004.6,1004.6,1004.6,0.0,12.04,12128.4,0
2023-10-16,2023-10-16 12:36:00,1004.6,1004.6,1004.6,1004.6,0.0,12.04,12128.4,0
2023-10-16,2023-10-16 12:37:00,1004.6,1004.6,1004.59,1004.59,-0.0,12.04,12128.4,-1
2023-10-16,2023-10-16 12:38:00,1004.59,1004.59,1004.59,1004.59,0.0,12.04,12128.4,0
2023-10-16,2023-10-16 12:39:00,1004.59,1004.59,1004.58,1004.58,-0.0,12.04,12128.4,-1
2023-10-16,2023-10-16 12:40:00,1004.58,1004.58,1004.58,1004.58,0.0,12.04,12128.4,0
2023-10-16,2023-10-16 12:41:00,1004.58,1004.58,1004.58,1004.58,0.0,12.04,12128.4,0
2023-10-16,2023-10-16 12:42:00,1004.58,1004.58,1004.57,1004.57,-0.0,12.04,12128.4,-1
2023-10-16,2023-10-16 12:43:00,1004.57,1004.57,1004.57,1004.57,0.0,12.04,12128.4,0
2023-10-16,2023-10-16 12:44:00,1004.57,1004.57,1004.56,1004.56,-0.0,12.04,12128.4,-1
2023-10-16,2023-10-16 12:45:00,1004.56,1004.56,1004.56,1004.56,0.0,12.04,12128.4,0
2023-10-16,2023-10-16 12:46:00,1004.56,1004.56,1004.55,1004.55,-0.0,12.04,12128.4,-1
2023-10-16,2023-10-16 12:47:00,1004.55,1004.55,1004.55,1004.55,0.0,12.04,12128.4,0
2023-10-16,2023-10-16 12:48:00,1004.55,1004.55,1004.55,1004.55,0.0,12.04,12128.4,0
2023-10-16,2023-10-16 12:49:00,1004.55,1004.55,1004.54,1004.54,-0.0,12.04,12128.4,-1
2023-10-16,2023-10-16 12:50:00,1004.54,1004.54,1004.54,1004.54,0.0,12.04,12128.4,0
2023-10-16,2023-10-16 12:51:00,1004.54,1004.54,1004.53,1004.53,-0.0,12.04,12128.4,-1
2023-10-16,2023-10-16 12:52:00,1004.53,1004.53,1004.53,1004.53,0.0,12.04,12128.4,0
2023-10-16,2023-10-16 12:53:00,1004.53,1004.53,1004.52,1004.52,-0.0,12.04,12128.4,-1
2023-10-16,2023-10-16 12:54:00,1004.52,1004.52,1004.52,1004.52,0.0,12.04,12128.4,0
2023-10-16,2023-10-16 12:55:00,1004.52,1004.52,1004.52,1004.52,0.0,12.04,12128.4,0
2023-10-16,2023-10-16 12:56:00,1004.52,1004.52,1004.51,1004.51,-0.0,12.04,12128.4,-1
2023-10-16,2023-10-16 12:57:00,1004.51,1004.51,1004.51,1004.51,0.0,12.04,12128.4,0
2023-10-16,2023-10-16 12:58:00,1004.51,1004.51,1004.5,1004.5,-0.0,12.04,12128.4,-1
2023-10-16,2023-10-16 12:59:00,1004.5,1004.5,1004.5,1004.5,0.0,12.04,12128.4,0
2023-10-16,2023-10-16 13:00:00,1004.5,1025.0,993.0,1004.5,0.0,12.04,12128.4,0
2023-10-16,2023-10-16 13:01:00,1004.5,1004.5,1004.49,1004.49,-0.0,12.04,12128.4,-1
2023-10-16,2023-10-16 13:02:00,1004.49,1004.49,1004.49,1004.49,0.0,12.04,12128.4,0
2023-10-16,2023-10-16 13:03:00,1004.49,1004.49,1004.48,1004.48,-0.0,12.04,12128.4,-1
2023-10-16,2023-10-16 13:04:00,1004.48,1004.48,1004.48,1004.48,0.0,12.04,12128.4,0
2023-10-16,2023-10-16 13:05:00,1004.48,1004.48,1004.48,1004.48,0.0,12.04,12128.4,0
2023-10-16,2023-10-16 13:06:00,1004.48,1004.48,1004.47,1004.47,-0.0,12.04,12128.4,-1
2023-10-16,2023-10-16 13:07:00,1004.47,1004.47,1004.47,1004.47,0.0,12.04,12128.4,0
2023-10-16,2023-10-16 13:08:00,1004.47,1004.47,1004.46,1004.46,-0.0,12.04,12128.4,-1
2023-10-16,2023-10-16 13:09:00,1004.46,1004.46,1004.46,1004.46,0.0,12.04,12128.4,0
2023-10-16,2023-10-16 13:10:00,1004.46,1004.46,1004.45,1004.45,-0.0,12.04,12128.4,-1
2023-10-16,2023-10-16 13:11:00,1004.45,1004.45,1004.45,1004.45,0.0,12.04,12128.4,0
2023-10-16,2023-10-16 13:12:00,1004.45,1004.45,1004.45,1004.45,0.0,12.04,12128.4,0
2023-10-16,2023-10-16 13:13:00,1004.45,1004.45,1004.44,1004.44,-0.0,12.04,12128.4,-1
2023-10-16,2023-10-16 13:14:00,1004.44,1004.44,1004.44,1004.44,0.0,12.04,12128.4,0
2023-10-16,2023-10-16 13:15:00,1004.44,1004.44,1004.43,1004.43,-0.0,12.04,12128.4,-1
2023-10-16,2023-10-16 13:16:00,1004.43,1004.43,1004.43,1004.43,0.0,12.04,12128.4,0
2023-10-16,2023-10-16 13:17:00,1004.43,1004.43,1004.42,1004.42,-0.0,12.04,12128.4,-1
2023-10-16,2023-10-16 13:18:00,1004.42,1004.42,1004.42,1004.42,0.0,12.04,12128.4,0
2023-10-16,2023-10-16 13:19:00,1004.42,1004.42,1004.42,1004.42,0.0,12.04,12128.4,0
2023-10-16,2023-10-16 13:20:00,1004.42,1004.42,1004.41,1004.41,-0.0,12.04,12128.4,-1
2023-10-16,2023-10-16 13:21:00,1004.41,1004.41,1004.41,1004.41,0.0,12.04,12128.4,0
2023-10-16,2023-10-16 13:22:00,1004.41,1004.41,1004.4,1004.4,-0.0,12.04,12128.4,-1
2023-10-16,2023-10-16 13:23:00,1004.4,1004.4,1004.4,1004.4,0.0,12.04,12128.4,0
2023-10-16,2023-10-16 13:24:00,1004.4,1004.4,1004.4,1004.4,0.0,12.04,12128.4,0
2023-10-16,2023-10-16 13:25:00,1004.4,1004.4,1004.39,1004.39,-0.0,12.04,12128.4,-1
2023-10-16,2023-10-16 13:26:00,1004.39,1004.39,1004.39,1004.39,0.0,12.04,12128.4,0
2023-10-16,2023-10-16 13:27:00,1004.39,1004.39,1004.38,1004.38,-0.0,12.04,12128.4,-1
2023-10-16,2023-10-16 13:28:00,1004.38,1004.38,1004.38,1004.38,0.0,12.04,12128.4,0
2023-10-16,2023-10-16 13:29:00,1004.38,1004.38,1004.38,1004.38,0.0,12.04,12128.4,0
2023-10-16,2023-10-16 13:30:00,1004.38,1004.38,1004.37,1004.37,-0.0,12.04,12128.4,-1
2023-10-16,2023-10-16 13:31:00,1004.37,1004.37,1004.37,1004.37,0.0,12.04,12128.4,0
2023-10-16,2023-10-16 13:32:00,1004.37,1004.37,1004.36,1004.36,-0.0,12.04,12128.4,-1
2023-10-16,2023-10-16 13:33:00,1004.36,1004.36,1004.36,1004.36,0.0,12.04,12128.4,0
2023-10-16,2023-10-16 13:34:00,1004.36,1004.36,1004.35,1004.35,-0.0,12.04,12128.4,-1
2023-10-16,2023-10-16 13:35:00,1004.35,1004.35,1004.35,1004.35,0.0,12.04,12128.4,0
2023-10-16,2023-10-16 13:36:00,1004.35,1004.35,1004.35,1004.35,0.0,12.04,12128.4,0
2023-10-16,2023-10-16 13:37:00,1004.35,1004.35,1004.34,1004.34,-0.0,12.04,12128.4,-1
2023-10-16,2023-10-16 13:38:00,1004.34,1004.34,1004.34,1004.34,0.0,12.04,12128.4,0
2023-10-16,2023-10-16 13:39:00,1004.34,1004.34,1004.33,1004.33,-0.0,12.04,12128.4,-1
2023-10-16,2023-10-16 13:40:00,1004.33,1004.33,1004.33,1004.33,0.0,12.04,12128.4,0
2023-10-16,2023-10-16 13:41:00,1004.33,1004.33,1004.33,1004.33,0.0,12.04,12128.4,0
2023-10-16,2023-10-16 13:42:00,1004.33,1004.33,1004.32,1004.32,-0.0,12.04,12128.4,-1
2023-10-16,2023-10-16 13:43:00,1004.32,1004.32,1004.32,1004.32,0.0,12.04,12128.4,0
2023-10-16,2023-10-16 13:44:00,1004.32,1004.32,1004.31,1004.31,-0.0,12.04,12128.4,-1
2023-10-16,2023-10-16 13:45:00,1004.31,1004.31,1004.31,1004.31,0.0,12.04,12128.4,0
2023-10-16,2023-10-16 13:46:00,1004.31,1004.31,1004.3,1004.3,-0.0,12.04,12128.4,-1
2023-10-16,2023-10-16 13:47:00,1004.3,1004.3,1004.3,1004.3,0.0,12.04,12128.4,0
2023-10-16,2023-10-16 13:48:00,1004.3,1004.3,1004.3,1004.3,0.0,12.04,12128.4,0
2023-10-16,2023-10-16 13:49:00,1004.3,1004.3,1004.29,1004.29,-0.0,12.04,12128.4,-1
2023-10-16,2023-10-16 13:50:00,1004.29,1004.29,1004.29,1004.29,0.0,12.04,12128.4,0
2023-10-16,2023-10-16 13:51:00,1004.29,1004.29,1004.28,1004.28,-0.0,12.04,12128.4,-1
2023-10-16,2023-10-16 13:52:00,1004.28,1004.28,1004.28,1004.28,0.0,12.04,12128.4,0
2023-10-16,2023-10-16 13:53:00,1004.28,1004.28,1004.27,1004.27,-0.0,12.04,12128.4,-1
2023-10-16,2023-10-16 13:54:00,1004.27,1004.27,1004.27,1004.27,0.0,12.04,12128.4,0
2023-10-16,2023-10-16 13:55:00,1004.27,1004.27,1004.27,1004.27,0.0,12.04,12128.4,0
2023-10-16,2023-10-16 13:56:00,1004.27,1004.27,1004.26,1004.26,-0.0,12.04,12128.4,-1
2023-10-16,2023-10-16 13:57:00,1004.26,1004.26,1004.26,1004.26,0.0,12.04,12128.4,0
2023-10-16,2023-10-16 13:58:00,1004.26,1004.26,1004.25,1004.25,-0.0,12.04,12128.4,-1
2023-10-16,2023-10-16 13:59:00,1004.25,1004.25,1004.25,1004.25,0.0,12.04,12128.4,0
2023-10-16,2023-10-16 14:00:00,1004.25,1004.25,1004.25,1004.25,0.0,12.04,12128.4,0
2023-10-16,2023-10-16 14:01:00,1004.25,1004.25,1004.24,1004.24,-0.0,12.04,12128.4,-1
2023-10-16,2023-10-16 14:02:00,1004.24,1004.24,1004.24,1004.24,0.0,12.04,12128.4,0
2023-10-16,2023-10-16 14:03:00,1004.24,1004.24,1004.23,1004.23,-0.0,12.04,12128.4,-1
2023-10-16,2023-10-16 14:04:00,1004.23,1004.23,1004.23,1004.23,0.0,12.04,12128.4,0
2023-10-16,2023-10-16 14:05:00,1004.23,1004.23,1004.23,1004.23,0.0,12.04,12128.4,0
2023-10-16,2023-10-16 14:06:00,1004.23,1004.23,1004.22,1004.22,-0.0,12.04,12128.4,-1
2023-10-16,2023-10-16 14:07:00,1004.22,1004.22,1004.22,1004.22,0.0,12.04,12128.4,0
2023-10-16,2023-10-16 14:08:00,1004.22,1004.22,1004.21,1004.21,-0.0,12.04,12128.4,-1
2023-10-16,2023-10-16 14:09:00,1004.21,1004.21,1004.21,1004.21,0.0,12.04,12128.4,0
2023-10-16,2023-10-16 14:10:00,1004.21,1004.21,1004.2,1004.2,-0.0,12.04,12128.4,-1
2023-10-16,2023-10-16 14:11:00,1004.2,1004.2,1004.2,1004.2,0.0,12.04,12128.4,0
2023-10-16,2023-10-16 14:12:00,1004.2,1004.2,1004.2,1004.2,0.0,12.04,12128.4,0
2023-10-16,2023-10-16 14:13:00,1004.2,1004.2,1004.19,1004.19,-0.0,12.04,12128.4,-1
2023-10-16,2023-10-16 14:14:00,1004.19,1004.19,1004.19,1004.19,0.0,12.04,12128.4,0
2023-10-16,2023-10-16 14:15:00,1004.19,1004.19,1004.18,1004.18,-0.0,12.04,12128.4,-1
2023-10-16,2023-10-16 14:16:00,1004.18,1004.18,1004.18,1004.18,0.0,12.04,12128.4,0
2023-10-16,2023-10-16 14:17:00,1004.18,1004.18,1004.17,1004.17,-0.0,12.04,12128.4,-1
2023-10-16,2023-10-16 14:18:00,1004.17,1004.17,1004.17,1004.17,0.0,12.04,12128.4,0
2023-10-16,2023-10-16 14:19:00,1004.17,1004.17,1004.17,1004.17,0.0,12.04,12128.4,0
2023-10-16,2023-10-16 14:20:00,1004.17,1004.17,1004.16,1004.16,-0.0,12.04,12128.4,-1
2023-10-16,2023-10-16 14:21:00,1004.16,1004.16,1004.16,1004.16,0.0,12.04,12128.4,0
2023-10-16,2023-10-16 14:22:00,1004.16,1004.16,1004.15,1004.15,-0.0,12.04,12128.4,-1
2023-10-16,2023-10-16 14:23:00,1004.15,1004.15,1004.15,1004.15,0.0,12.04,12128.4,0
2023-10-16,2023-10-16 14:24:00,1004.15,1004.15,1004.15,1004.15,0.0,12.04,12128.4,0
2023-10-16,2023-10-16 14:25:00,1004.15,1004.15,1004.14,1004.14,-0.0,12.04,12128.4,-1
2023-10-16,2023-10-16 14:26:00,1004.14,1004.14,1004.14,1004.14,0.0,12.04,12128.4,0
2023-10-16,2023-10-16 14:27:00,1004.14,1004.14,1004.13,1004.13,-0.0,12.04,12128.4,-1
2023-10-16,2023-10-16 14:28:00,1004.13,1004.13,1004.13,1004.13,0.0,12.04,12128.4,0
2023-10-16,2023-10-16 14:29:00,1004.13,1004.13,1004.12,1004.12,-0.0,12.04,12128.4,-1
2023-10-16,2023-10-16 14:30:00,1004.12,1004.12,1004.12,1004.12,0.0,12.04,12128.4,0
2023-10-16,2023-10-16 14:31:00,1004.12,1004.12,1004.12,1004.12,0.0,12.04,12128.4,0
2023-10-16,2023-10-16 14:32:00,1004.12,1004.12,1004.11,1004.11,-0.0,12.04,12128.4,-1
2023-10-16,2023-10-16 14:33:00,1004.11,1004.11,1004.11,1004.11,0.0,12.04,12128.4,0
2023-10-16,2023-10-16 14:34:00,1004.11,1004.11,1004.1,1004.1,-0.0,12.04,12128.4,-1
2023-10-16,2023-10-16 14:35:00,1004.1,1004.1,1004.1,1004.1,0.0,12.04,12128.4,0
2023-10-16,2023-10-16 14:36:00,1004.1,1004.1,1004.1,1004.1,0.0,12.04,12128.4,0
2023-10-16,2023-10-16 14:37:00,1004.1,1004.1,1004.09,1004.09,-0.0,12.04,12128.4,-1
2023-10-16,2023-10-16 14:38:00,1004.09,1004.09,1004.09,1004.09,0.0,12.04,12128.4,0
2023-10-16,2023-10-16 14:39:00,1004.09,1004.09,1004.08,1004.08,-0.0,12.04,12128.4,-1
2023-10-16,2023-10-16 14:40:00,1004.08,1004.08,1004.08,1004.08,0.0,12.04,12128.4,0
2023-10-16,2023-10-16 14:41:00,1004.08,1004.08,1004.08,1004.08,0.0,12.04,12128.4,0
2023-10-16,2023-10-16 14:42:00,1004.08,1004.08,1004.07,1004.07,-0.0,12.04,12128.4,-1
2023-10-16,2023-10-16 14:43:00,1004.07,1004.07,1004.07,1004.07,0.0,12.04,12128.4,0
2023-10-16,2023-10-16 14:44:00,1004.07,1004.07,1004.06,1004.06,-0.0,12.04,12128.4,-1
2023-10-16,2023-10-16 14:45:00,1004.06,1004.06,1004.06,1004.06,0.0,12.04,12128.4,0
2023-10-16,2023-10-16 14:46:00,1004.06,1004.06,1004.05,1004.05,-0.0,12.04,12128.4,-1
2023-10-16,2023-10-16 14:47:00,1004.05,1004.05,1004.05,1004.05,0.0,12.04,12128.4,0
2023-10-16,2023-10-16 14:48:00,1004.05,1004.05,1004.05,1004.05,0.0,12.04,12128.4,0
2023-10-16,2023-10-16 14:49:00,1004.05,1004.05,1004.04,1004.04,-0.0,12.04,12128.4,-1
2023-10-16,2023-10-16 14:50:00,1004.04,1004.04,1004.04,1004.04,0.0,12.04,12128.4,0
2023-10-16,2023-10-16 14:51:00,1004.04,1004.04,1004.03,1004.03,-0.0,12.04,12128.4,-1
2023-10-16,2023-10-16 14:52:00,1004.03,1004.03,1004.03,1004.03,0.0,12.04,12128.4,0
2023-10-16,2023-10-16 14:53:00,1004.03,1004.03,1004.02,1004.02,-0.0,12.04,12128.4,-1
2023-10-16,2023-10-16 14:54:00,1004.02,1004.02,1004.02,1004.02,0.0,12.04,12128.4,0
2023-10-16,2023-10-16 14:55:00,1004.02,1004.02,1004.02,1004.02,0.0,12.04,12128.4,0
2023-10-16,2023-10-16 14:56:00,1004.02,1004.02,1004.01,1004.01,-0.0,12.04,12128.4,-1
2023-10-16,2023-10-16 14:57:00,1004.01,1004.01,1004.01,1004.01,0.0,12.04,12128.4,0
2023-10-16,2023-10-16 14:58:00,1004.01,1004.01,1004.0,1004.0,-0.0,12.04,12128.4,-1
2023-10-16,2023-10-16 14:59:00,1004.0,1004.0,1004.0,1004.0,0.0,12.04,12128.4,0
2023-10-16,2023-10-16 15:00:00,1004.0,1025.0,993.0,1004.0,0.0,12.04,12128.4,0
2023-10-17,2023-10-17 11:00:00,1020.0,1021.2,1014.0,1019.98,-0.0,6.22,6316.77,-1
2023-10-17,2023-10-17 11:01:00,1019.98,1019.98,1019.96,1019.96,-0.0,6.22,6316.77,-1
2023-10-17,2023-10-17 11:02:00,1019.96,1019.96,1019.94,1019.94,-0.0,6.22,6316.77,-1
2023-10-17,2023-10-17 11:03:00,1019.94,1019.94,1019.92,1019.92,-0.0,6.22,6316.77,-1
2023-10-17,2023-10-17 11:04:00,1019.92,1019.92,1019.9,1019.9,-0.0,6.22,6316.77,-1
2023-10-17,2023-10-17 11:05:00,1019.9,1019.9,1019.88,1019.88,-0.0,6.22,6316.77,-1
2023-10-17,2023-10-17 11:06:00,1019.88,1019.88,1019.86,1019.86,-0.0,6.22,6316.77,-1
2023-10-17,2023-10-17 11:07:00,1019.86,1019.86,1019.84,1019.84,-0.0,6.22,6316.77,-1
2023-10-17,2023-10-17 11:08:00,1019.84,1019.84,1019.82,1019.82,-0.0,6.22,6316.77,-1
2023-10-17,2023-10-17 11:09:00,1019.82,1019.82,1019.8,1019.8,-0.0,6.22,6316.77,-1
2023-10-17,2023-10-17 11:10:00,1019.8,1019.8,1019.78,1019.78,-0.0,6.22,6316.77,-1
2023-10-17,2023-10-17 11:11:00,1019.78,1019.78,1019.76,1019.76,-0.0,6.22,6316.77,-1
2023-10-17,2023-10-17 11:12:00,1019.76,1019.76,1019.74,1019.74,-0.0,6.22,6316.77,-1
2023-10-17,2023-10-17 11:13:00,1019.74,1019.74,1019.72,1019.72,-0.0,6.22,6316.77,-1
2023-10-17,2023-10-17 11:14:00,1019.72,1019.72,1019.7,1019.7,-0.0,6.22,6316.77,-1
2023-10-17,2023-10-17 11:15:00,1019.7,1019.7,1019.68,1019.68,-0.0,6.22,6316.77,-1
2023-10-17,2023-10-17 11:16:00,1019.68,1019.68,1019.66,1019.66,-0.0,6.22,6316.77,-1
2023-10-17,2023-10-17 11:17:00,1019.66,1019.66,1019.64,1019.64,-0.0,6.22,6316.77,-1
2023-10-17,2023-10-17 11:18:00,1019.64,1019.64,1019.62,1019.62,-0.0,6.22,6316.77,-1
2023-10-17,2023-10-17 11:19:00,1019.62,1019.62,1019.6,1019.6,-0.0,6.22,6316.77,-1
2023-10-17,2023-10-17 11:20:00,1019.6,1019.6,1019.58,1019.58,-0.0,6.22,6316.77,-1
2023-10-17,2023-10-17 11:21:00,1019.58,1019.58,1019.56,1019.56,-0.0,6.22,6316.77,-1
2023-10-17,2023-10-17 11:22:00,1019.56,1019.56,1019.54,1019.54,-0.0,6.22,6316.77,-1
2023-10-17,2023-10-17 11:23:00,1019.54,1019.54,1019.52,1019.52,-0.0,6.22,6316.77,-1
2023-10-17,2023-10-17 11:24:00,1019.52,1019.52,1019.5,1019.5,-0.0,6.22,6316.77,-1
2023-10-17,2023-10-17 11:25:00,1019.5,1019.5,1019.48,1019.48,-0.0,6.22,6316.77,-1
2023-10-17,2023-10-17 11:26:00,1019.48,1019.48,1019.46,1019.46,-0.0,6.22,6316.77,-1
2023-10-17,2023-10-17 11:27:00,1019.46,1019.46,1019.44,1019.44,-0.0,6.22,6316.77,-1
2023-10-17,2023-10-17 11:28:00,1019.44,1019.44,1019.42,1019.42,-0.0,6.22,6316.77,-1
2023-10-17,2023-10-17 11:29:00,1019.42,1019.42,1019.4,1019.4,-0.0,6.22,6316.77,-1
2023-10-17,2023-10-17 11:30:00,1019.4,1019.4,1019.38,1019.38,-0.0,6.22,6316.77,-1
2023-10-17,2023-10-17 11:31:00,1019.38,1019.38,1019.36,1019.36,-0.0,6.22,6316.77,-1
2023-10-17,2023-10-17 11:32:00,1019.36,1019.36,1019.34,1019.34,-0.0,6.22,6316.77,-1
2023-10-17,2023-10-17 11:33:00,1019.34,1019.34,1019.32,1019.32,-0.0,6.22,6316.77,-1
2023-10-17,2023-10-17 11:34:00,1019.32,1019.32,1019.3,1019.3,-0.0,6.22,6316.77,-1
2023-10-17,2023-10-17 11:35:00,1019.3,1019.3,1019.28,1019.28,-0.0,6.22,6316.77,-1
2023-10-17,2023-10-17 11:36:00,1019.28,1019.28,1019.26,1019.26,-0.0,6.22,6316.77,-1
2023-10-17,2023-10-17 11:37:00,1019.26,1019.26,1019.24,1019.24,-0.0,6.22,6316.77,-1
2023-10-17,2023-10-17 11:38:00,1019.24,1019.24,1019.22,1019.22,-0.0,6.22,6316.77,-1
2023-10-17,2023-10-17 11:39:00,1019.22,1019.22,1019.2,1019.2,-0.0,6.22,6316.77,-1
2023-10-17,2023-10-17 11:40:00,1019.2,1019.2,1019.18,1019.18,-0.0,6.22,6316.77,-1
2023-10-17,2023-10-17 11:41:00,1019.18,1019.18,1019.16,1019.16,-0.0,6.22,6316.77,-1
2023-10-17,2023-10-17 11:42:00,1019.16,1019.16,1019.14,1019.14,-0.0,6.22,6316.77,-1
2023-10-17,2023-10-17 11:43:00,1019.14,1019.14,1019.12,1019.12,-0.0,6.22,6316.77,-1
2023-10-17,2023-10-17 11:44:00,1019.12,1019.12,1019.1,1019.1,-0.0,6.22,6316.77,-1
2023-10-17,2023-10-17 11:45:00,1019.1,1019.1,1019.08,1019.08,-0.0,6.22,6316.77,-1
2023-10-17,2023-10-17 11:46:00,1019.08,1019.08,1019.06,1019.06,-0.0,6.22,6316.77,-1
2023-10-17,2023-10-17 11:47:00,1019.06,1019.06,1019.04,1019.04,-0.0,6.22,6316.77,-1
2023-10-17,2023-10-17 11:48:00,1019.04,1019.04,1019.02,1019.02,-0.0,6.22,6316.77,-1
2023-10-17,2023-10-17 11:49:00,1019.02,1019.02,1019.0,1019.0,-0.0,6.22,6316.77,-1
2023-10-17,2023-10-17 11:50:00,1019.0,1019.0,1018.98,1018.98,-0.0,6.22,6316.77,-1
2023-10-17,2023-10-17 11:51:00,1018.98,1018.98,1018.96,1018.96,-0.0,6.22,6316.77,-1
2023-10-17,2023-10-17 11:52:00,1018.96,1018.96,1018.94,1018.94,-0.0,6.22,6316.77,-1
2023-10-17,2023-10-17 11:53:00,1018.94,1018.94,1018.92,1018.92,-0.0,6.22,6316.77,-1
2023-10-17,2023-10-17 11:54:00,1018.92,1018.92,1018.9,1018.9,-0.0,6.22,6316.77,-1
2023-10-17,2023-10-17 11:55:00,1018.9,1018.9,1018.88,1018.88,-0.0,6.22,6316.77,-1
2023-10-17,2023-10-17 11:56:00,1018.88,1018.88,1018.86,1018.86,-0.0,6.22,6316.77,-1
2023-10-17,2023-10-17 11:57:00,1018.86,1018.86,1018.84,1018.84,-0.0,6.22,6316.77,-1
2023-10-17,2023-10-17 11:58:00,1018.84,1018.84,1018.82,1018.82,-0.0,6.22,6316.77,-1
2023-10-17,2023-10-17 11:59:00,1018.82,1018.82,1018.8,1018.8,-0.0,6.22,6316.77,-1
2023-10-17,2023-10-17 12:00:00,1018.8,1018.8,1018.78,1018.78,-0.0,6.22,6316.77,-1
2023-10-17,2023-10-17 12:01:00,1018.78,1018.78,1018.76,1018.76,-0.0,6.22,6316.77,-1
2023-10-17,2023-10-17 12:02:00,1018.76,1018.76,1018.74,1018.74,-0.0,6.22,6316.77,-1
2023-10-17,2023-10-17 12:03:00,1018.74,1018.74,1018.72,1018.72,-0.0,6.22,6316.77,-1
2023-10-17,2023-10-17 12:04:00,1018.72,1018.72,1018.7,1018.7,-0.0,6.22,6316.77,-1
2023-10-17,2023-10-17 12:05:00,1018.7,1018.7,1018.68,1018.68,-0.0,6.22,6316.77,-1
2023-10-17,2023-10-17 12:06:00,1018.68,1018.68,1018.66,1018.66,-0.0,6.22,6316.77,-1
2023-10-17,2023-10-17 12:07:00,1018.66,1018.66,1018.64,1018.64,-0.0,6.22,6316.77,-1
2023-10-17,2023-10-17 12:08:00,1018.64,1018.64,1018.62,1018.62,-0.0,6.22,6316.77,-1
2023-10-17,2023-10-17 12:09:00,1018.62,1018.62,1018.6,1018.6,-0.0,6.22,6316.77,-1
2023-10-17,2023-10-17 12:10:00,1018.6,1018.6,1018.58,1018.58,-0.0,6.22,6316.77,-1
2023-10-17,2023-10-17 12:11:00,1018.58,1018.58,1018.56,1018.56,-0.0,6.22,6316.77,-1
2023-10-17,2023-10-17 12:12:00,1018.56,1018.56,1018.54,1018.54,-0.0,6.22,6316.77,-1
2023-10-17,2023-10-17 12:13:00,1018.54,1018.54,1018.52,1018.52,-0.0,6.22,6316.77,-1
2023-10-17,2023-10-17 12:14:00,1018.52,1018.52,1018.5,1018.5,-0.0,6.22,6316.77,-1
2023-10-17,2023-10-17 12:15:00,1018.5,1018.5,1018.48,1018.48,-0.0,6.22,6316.77,-1
2023-10-17,2023-10-17 12:16:00,1018.48,1018.48,1018.46,1018.46,-0.0,6.22,6316.77,-1
2023-10-17,2023-10-17 12:17:00,1018.46,1018.46,1018.44,1018.44,-0.0,6.22,6316.77,-1
2023-10-17,2023-10-17 12:18:00,1018.44,1018.44,1018.42,1018.42,-0.0,6.22,6316.77,-1
2023-10-17,2023-10-17 12:19:00,1018.42,1018.42,1018.4,1018.4,-0.0,6.22,6316.77,-1
2023-10-17,2023-10-17 12:20:00,1018.4,1018.4,1018.38,1018.38,-0.0,6.22,6316.77,-1
2023-10-17,2023-10-17 12:21:00,1018.38,1018.38,1018.36,1018.36,-0.0,6.22,6316.77,-1
2023-10-17,2023-10-17 12:22:00,1018.36,1018.36,1018.34,1018.34,-0.0,6.22,6316.77,-1
2023-10-17,2023-10-17 12:23:00,1018.34,1018.34,1018.32,1018.32,-0.0,6.22,6316.77,-1
2023-10-17,2023-10-17 12:24:00,1018.32,1018.32,1018.3,1018.3,-0.0,6.22,6316.77,-1
2023-10-17,2023-10-17 12:25:00,1018.3,1018.3,1018.28,1018.28,-0.0,6.22,6316.77,-1
2023-10-17,2023-10-17 12:26:00,1018.28,1018.28,1018.26,1018.26,-0.0,6.22,6316.77,-1
2023-10-17,2023-10-17 12:27:00,1018.26,1018.26,1018.24,1018.24,-0.0,6.22,6316.77,-1
2023-10-17,2023-10-17 12:28:00,1018.24,1018.24,1018.22,1018.22,-0.0,6.22,6316.77,-1
2023-10-17,2023-10-17 12:29:00,1018.22,1018.22,1018.2,1018.2,-0.0,6.22,6316.77,-1
2023-10-17,2023-10-17 12:30:00,1018.2,1018.2,1018.18,1018.18,-0.0,6.22,6316.77,-1
2023-10-17,2023-10-17 12:31:00,1018.18,1018.18,1018.16,1018.16,-0.0,6.22,6316.77,-1
2023-10-17,2023-10-17 12:32:00,1018.16,1018.16,1018.14,1018.14,-0.0,6.22,6316.77,-1
2023-10-17,2023-10-17 12:33:00,1018.14,1018.14,1018.12,1018.12,-0.0,6.22,6316.77,-1
2023-10-17,2023-10-17 12:34:00,1018.12,1018.12,1018.1,1018.1,-0.0,6.22,6316.77,-1
2023-10-17,2023-10-17 12:35:00,1018.1,1018.1,1018.08,1018.08,-0.0,6.22,6316.77,-1
2023-10-17,2023-10-17 12:36:00,1018.08,1018.08,1018.06,1018.06,-0.0,6.22,6316.77,-1
2023-10-17,2023-10-17 12:37:00,1018.06,1018.06,1018.04,1018.04,-0.0,6.22,6316.77,-1
2023-10-17,2023-10-17 12:38:00,1018.04,1018.04,1018.02,1018.02,-0.0,6.22,6316.77,-1
2023-10-17,2023-10-17 12:39:00,1018.02,1018.02,1018.0,1018.0,-0.0,6.22,6316.77,-1
2023-10-17,2023-10-17 12:40:00,1018.0,1018.0,1017.98,1017.98,-0.0,6.22,6316.77,-1
2023-10-17,2023-10-17 12:41:00,1017.98,1017.98,1017.96,1017.96,-0.0,6.22,6316.77,-1
2023-10-17,2023-10-17 12:42:00,1017.96,1017.96,1017.94,1017.94,-0.0,6.22,6316.77,-1
2023-10-17,2023-10-17 12:43:00,1017.94,1017.94,1017.92,1017.92,-0.0,6.22,6316.77,-1
2023-10-17,2023-10-17 12:44:00,1017.92,1017.92,1017.9,1017.9,-0.0,6.22,6316.77,-1
2023-10-17,2023-10-17 12:45:00,1017.9,1017.9,1017.88,1017.88,-0.0,6.22,6316.77,-1
2023-10-17,2023-10-17 12:46:00,1017.88,1017.88,1017.86,1017.86,-0.0,6.22,6316.77,-1
2023-10-17,2023-10-17 12:47:00,1017.86,1017.86,1017.84,1017.84,-0.0,6.22,6316.77,-1
2023-10-17,2023-10-17 12:48:00,1017.84,1017.84,1017.82,1017.82,-0.0,6.22,6316.77,-1
2023-10-17,2023-10-17 12:49:00,1017.82,1017.82,1017.8,1017.8,-0.0,6.22,6316.77,-1
2023-10-17,2023-10-17 12:50:00,1017.8,1017.8,1017.78,1017.78,-0.0,6.22,6316.77,-1
2023-10-17,2023-10-17 12:51:00,1017.78,1017.78,1017.76,1017.76,-0.0,6.22,6316.77,-1
2023-10-17,2023-10-17 12:52:00,1017.76,1017.76,1017.74,1017.74,-0.0,6.22,6316.77,-1
2023-10-17,2023-10-17 12:53:00,1017.74,1017.74,1017.72,1017.72,-0.0,6.22,6316.77,-1
2023-10-17,2023-10-17 12:54:00,1017.72,1017.72,1017.7,1017.7,-0.0,6.22,6316.77,-1
2023-10-17,2023-10-17 12:55:00,1017.7,1017.7,1017.68,1017.68,-0.0,6.22,6316.77,-1
2023-10-17,2023-10-17 12:56:00,1017.68,1017.68,1017.66,1017.66,-0.0,6.22,6316.77,-1
2023-10-17,2023-10-17 12:57:00,1017.66,1017.66,1017.64,1017.64,-0.0,6.22,6316.77,-1
2023-10-17,2023-10-17 12:58:00,1017.64,1017.64,1017.62,1017.62,-0.0,6.22,6316.77,-1
2023-10-17,2023-10-17 12:59:00,1017.62,1017.62,1017.6,1017.6,-0.0,6.22,6316.77,-1
2023-10-17,2023-10-17 13:00:00,1017.6,1024.0,1000.0,1017.58,-0.0,6.22,6316.77,-1
2023-10-17,2023-10-17 13:01:00,1017.58,1017.58,1017.56,1017.56,-0.0,6.22,6316.77,-1
2023-10-17,2023-10-17 13:02:00,1017.56,1017.56,1017.54,1017.54,-0.0,6.22,6316.77,-1
2023-10-17,2023-10-17 13:03:00,1017.54,1017.54,1017.52,1017.52,-0.0,6.22,6316.77,-1
2023-10-17,2023-10-17 13:04:00,1017.52,1017.52,1017.5,1017.5,-0.0,6.22,6316.77,-1
2023-10-17,2023-10-17 13:05:00,1017.5,1017.5,1017.48,1017.48,-0.0,6.22,6316.77,-1
2023-10-17,2023-10-17 13:06:00,1017.48,1017.48,1017.46,1017.46,-0.0,6.22,6316.77,-1
2023-10-17,2023-10-17 13:07:00,1017.46,1017.46,1017.44,1017.44,-0.0,6.22,6316.77,-1
2023-10-17,2023-10-17 13:08:00,1017.44,1017.44,1017.42,1017.42,-0.0,6.22,6316.77,-1
2023-10-17,2023-10-17 13:09:00,1017.42,1017.42,1017.4,1017.4,-0.0,6.22,6316.77,-1
2023-10-17,2023-10-17 13:10:00,1017.4,1017.4,1017.38,1017.38,-0.0,6.22,6316.77,-1
2023-10-17,2023-10-17 13:11:00,1017.38,1017.38,1017.36,1017.36,-0.0,6.22,6316.77,-1
2023-10-17,2023-10-17 13:12:00,1017.36,1017.36,1017.34,1017.34,-0.0,6.22,6316.77,-1
2023-10-17,2023-10-17 13:13:00,1017.34,1017.34,1017.32,1017.32,-0.0,6.22,6316.77,-1
2023-10-17,2023-10-17 13:14:00,1017.32,1017.32,1017.3,1017.3,-0.0,6.22,6316.77,-1
2023-10-17,2023-10-17 13:15:00,1017.3,1017.3,1017.28,1017.28,-0.0,6.22,6316.77,-1
2023-10-17,2023-10-17 13:16:00,1017.28,1017.28,1017.26,1017.26,-0.0,6.22,6316.77,-1
2023-10-17,2023-10-17 13:17:00,1017.26,1017.26,1017.24,1017.24,-0.0,6.22,6316.77,-1
2023-10-17,2023-10-17 13:18:00,1017.24,1017.24,1017.22,1017.22,-0.0,6.22,6316.77,-1
2023-10-17,2023-10-17 13:19:00,1017.22,1017.22,1017.2,1017.2,-0.0,6.22,6316.77,-1
2023-10-17,2023-10-17 13:20:00,1017.2,1017.2,1017.18,1017.18,-0.0,6.22,6316.77,-1
2023-10-17,2023-10-17 13:21:00,1017.18,1017.18,1017.16,1017.16,-0.0,6.22,6316.77,-1
2023-10-17,2023-10-17 13:22:00,1017.16,1017.16,1017.14,1017.14,-0.0,6.22,6316.77,-1
2023-10-17,2023-10-17 13:23:00,1017.14,1017.14,1017.12,1017.12,-0.0,6.22,6316.77,-1
2023-10-17,2023-10-17 13:24:00,1017.12,1017.12,1017.1,1017.1,-0.0,6.22,6316.77,-1
2023-10-17,2023-10-17 13:25:00,1017.1,1017.1,1017.08,1017.08,-0.0,6.22,6316.77,-1
2023-10-17,2023-10-17 13:26:00,1017.08,1017.08,1017.06,1017.06,-0.0,6.22,6316.77,-1
2023-10-17,2023-10-17 13:27:00,1017.06,1017.06,1017.04,1017.04,-0.0,6.22,6316.77,-1
2023-10-17,2023-10-17 13:28:00,1017.04,1017.04,1017.02,1017.02,-0.0,6.22,6316.77,-1
2023-10-17,2023-10-17 13:29:00,1017.02,1017.02,1017.0,1017.0,-0.0,6.22,6316.77,-1
2023-10-17,2023-10-17 13:30:00,1017.0,1017.0,1016.98,1016.98,-0.0,6.22,6316.77,-1
2023-10-17,2023-10-17 13:31:00,1016.98,1016.98,1016.96,1016.96,-0.0,6.22,6316.77,-1
2023-10-17,2023-10-17 13:32:00,1016.96,1016.96,1016.94,1016.94,-0.0,6.22,6316.77,-1
2023-10-17,2023-10-17 13:33:00,1016.94,1016.94,1016.92,1016.92,-0.0,6.22,6316.77,-1
2023-10-17,2023-10-17 13:34:00,1016.92,1016.92,1016.9,1016.9,-0.0,6.22,6316.77,-1
2023-10-17,2023-10-17 13:35:00,1016.9,1016.9,1016.88,1016.88,-0.0,6.22,6316.77,-1
2023-10-17,2023-10-17 13:36:00,1016.88,1016.88,1016.86,1016.86,-0.0,6.22,6316.77,-1
2023-10-17,2023-10-17 13:37:00,1016.86,1016.86,1016.84,1016.84,-0.0,6.22,6316.77,-1
2023-10-17,2023-10-17 13:38:00,1016.84,1016.84,1016.82,1016.82,-0.0,6.22,6316.77,-1
2023-10-17,2023-10-17 13:39:00,1016.82,1016.82,1016.8,1016.8,-0.0,6.22,6316.77,-1
2023-10-17,2023-10-17 13:40:00,1016.8,1016.8,1016.78,1016.78,-0.0,6.22,6316.77,-1
2023-10-17,2023-10-17 13:41:00,1016.78,1016.78,1016.76,1016.76,-0.0,6.22,6316.77,-1
2023-10-17,2023-10-17 13:42:00,1016.76,1016.76,1016.74,1016.74,-0.0,6.22,6316.77,-1
2023-10-17,2023-10-17 13:43:00,1016.74,1016.74,1016.72,1016.72,-0.0,6.22,6316.77,-1
2023-10-17,2023-10-17 13:44:00,1016.72,1016.72,1016.7,1016.7,-0.0,6.22,6316.77,-1
2023-10-17,2023-10-17 13:45:00,1016.7,1016.7,1016.68,1016.68,-0.0,6.22,6316.77,-1
2023-10-17,2023-10-17 13:46:00,1016.68,1016.68,1016.66,1016.66,-0.0,6.22,6316.77,-1
2023-10-17,2023-10-17 13:47:00,1016.66,1016.66,1016.64,1016.64,-0.0,6.22,6316.77,-1
2023-10-17,2023-10-17 13:48:00,1016.64,1016.64,1016.62,1016.62,-0.0,6.22,6316.77,-1
2023-10-17,2023-10-17 13:49:00,1016.62,1016.62,1016.6,1016.6,-0.0,6.22,6316.77,-1
2023-10-17,2023-10-17 13:50:00,1016.6,1016.6,1016.58,1016.58,-0.0,6.22,6316.77,-1
2023-10-17,2023-10-17 13:51:00,1016.58,1016.58,1016.56,1016.56,-0.0,6.22,6316.77,-1
2023-10-17,2023-10-17 13:52:00,1016.56,1016.56,1016.54,1016.54,-0.0,6.22,6316.77,-1
2023-10-17,2023-10-17 13:53:00,1016.54,1016.54,1016.52,1016.52,-0.0,6.22,6316.77,-1
2023-10-17,2023-10-17 13:54:00,1016.52,1016.52,1016.5,1016.5,-0.0,6.22,6316.77,-1
2023-10-17,2023-10-17 13:55:00,1016.5,1016.5,1016.48,1016.48,-0.0,6.22,6316.77,-1
2023-10-17,2023-10-17 13:56:00,1016.48,1016.48,1016.46,1016.46,-0.0,6.22,6316.77,-1
2023-10-17,2023-10-17 13:57:00,1016.46,1016.46,1016.44,1016.44,-0.0,6.22,6316.77,-1
2023-10-17,2023-10-17 13:58:00,1016.44,1016.44,1016.42,1016.42,-0.0,6.22,6316.77,-1
2023-10-17,2023-10-17 13:59:00,1016.42,1016.42,1016.4,1016.4,-0.0,6.22,6316.77,-1
2023-10-17,2023-10-17 14:00:00,1016.4,1016.4,1016.38,1016.38,-0.0,6.22,6316.77,-1
2023-10-17,2023-10-17 14:01:00,1016.38,1016.38,1016.36,1016.36,-0.0,6.22,6316.77,-1
2023-10-17,2023-10-17 14:02:00,1016.36,1016.36,1016.34,1016.34,-0.0,6.22,6316.77,-1
2023-10-17,2023-10-17 14:03:00,1016.34,1016.34,1016.32,1016.32,-0.0,6.22,6316.77,-1
2023-10-17,2023-10-17 14:04:00,1016.32,1016.32,1016.3,1016.3,-0.0,6.22,6316.77,-1
2023-10-17,2023-10-17 14:05:00,1016.3,1016.3,1016.28,1016.28,-0.0,6.22,6316.77,-1
2023-10-17,2023-10-17 14:06:00,1016.28,1016.28,1016.26,1016.26,-0.0,6.22,6316.77,-1
2023-10-17,2023-10-17 14:07:00,1016.26,1016.26,1016.24,1016.24,-0.0,6.22,6316.77,-1
2023-10-17,2023-10-17 14:08:00,1016.24,1016.24,1016.22,1016.22,-0.0,6.22,6316.77,-1
2023-10-17,2023-10-17 14:09:00,1016.22,1016.22,1016.2,1016.2,-0.0,6.22,6316.77,-1
2023-10-17,2023-10-17 14:10:00,1016.2,1016.2,1016.18,1016.18,-0.0,6.22,6316.77,-1
2023-10-17,2023-10-17 14:11:00,1016.18,1016.18,1016.16,1016.16,-0.0,6.22,6316.77,-1
2023-10-17,2023-10-17 14:12:00,1016.16,1016.16,1016.14,1016.14,-0.0,6.22,6316.77,-1
2023-10-17,2023-10-17 14:13:00,1016.14,1016.14,1016.12,1016.12,-0.0,6.22,6316.77,-1
2023-10-17,2023-10-17 14:14:00,1016.12,1016.12,1016.1,1016.1,-0.0,6.22,6316.77,-1
2023-10-17,2023-10-17 14:15:00,1016.1,1016.1,1016.08,1016.08,-0.0,6.22,6316.77,-1
2023-10-17,2023-10-17 14:16:00,1016.08,1016.08,1016.06,1016.06,-0.0,6.22,6316.77,-1
2023-10-17,2023-10-17 14:17:00,1016.06,1016.06,1016.04,1016.04,-0.0,6.22,6316.77,-1
2023-10-17,2023-10-17 14:18:00,1016.04,1016.04,1016.02,1016.02,-0.0,6.22,6316.77,-1
2023-10-17,2023-10-17 14:19:00,1016.02,1016.02,1016.0,1016.0,-0.0,6.22,6316.77,-1
2023-10-17,2023-10-17 14:20:00,1016.0,1016.0,1015.98,1015.98,-0.0,6.22,6316.77,-1
2023-10-17,2023-10-17 14:21:00,1015.98,1015.98,1015.96,1015.96,-0.0,6.22,6316.77,-1
2023-10-17,2023-10-17 14:22:00,1015.96,1015.96,1015.94,1015.94,-0.0,6.22,6316.77,-1
2023-10-17,2023-10-17 14:23:00,1015.94,1015.94,1015.92,1015.92,-0.0,6.22,6316.77,-1
2023-10-17,2023-10-17 14:24:00,1015.92,1015.92,1015.9,1015.9,-0.0,6.22,6316.77,-1
2023-10-17,2023-10-17 14:25:00,1015.9,1015.9,1015.88,1015.88,-0.0,6.22,6316.77,-1
2023-10-17,2023-10-17 14:26:00,1015.88,1015.88,1015.86,1015.86,-0.0,6.22,6316.77,-1
2023-10-17,2023-10-17 14:27:00,1015.86,1015.86,1015.84,1015.84,-0.0,6.22,6316.77,-1
2023-10-17,2023-10-17 14:28:00,1015.84,1015.84,1015.82,1015.82,-0.0,6.22,6316.77,-1
2023-10-17,2023-10-17 14:29:00,1015.82,1015.82,1015.8,1015.8,-0.0,6.22,6316.77,-1
2023-10-17,2023-10-17 14:30:00,1015.8,1015.8,1015.78,1015.78,-0.0,6.22,6316.77,-1
2023-10-17,2023-10-17 14:31:00,1015.78,1015.78,1015.76,1015.76,-0.0,6.22,6316.77,-1
2023-10-17,2023-10-17 14:32:00,1015.76,1015.76,1015.74,1015.74,-0.0,6.22,6316.77,-1
2023-10-17,2023-10-17 14:33:00,1015.74,1015.74,1015.72,1015.72,-0.0,6.22,6316.77,-1
2023-10-17,2023-10-17 14:34:00,1015.72,1015.72,1015.7,1015.7,-0.0,6.22,6316.77,-1
2023-10-17,2023-10-17 14:35:00,1015.7,1015.7,1015.68,1015.68,-0.0,6.22,6316.77,-1
2023-10-17,2023-10-17 14:36:00,1015.68,1015.68,1015.66,1015.66,-0.0,6.22,6316.77,-1
2023-10-17,2023-10-17 14:37:00,1015.66,1015.66,1015.64,1015.64,-0.0,6.22,6316.77,-1
2023-10-17,2023-10-17 14:38:00,1015.64,1015.64,1015.62,1015.62,-0.0,6.22,6316.77,-1
2023-10-17,2023-10-17 14:39:00,1015.62,1015.62,1015.6,1015.6,-0.0,6.22,6316.77,-1
2023-10-17,2023-10-17 14:40:00,1015.6,1015.6,1015.58,1015.58,-0.0,6.22,6316.77,-1
2023-10-17,2023-10-17 14:41:00,1015.58,1015.58,1015.56,1015.56,-0.0,6.22,6316.77,-1
2023-10-17,2023-10-17 14:42:00,1015.56,1015.56,1015.54,1015.54,-0.0,6.22,6316.77,-1
2023-10-17,2023-10-17 14:43:00,1015.54,1015.54,1015.52,1015.52,-0.0,6.22,6316.77,-1
2023-10-17,2023-10-17 14:44:00,1015.52,1015.52,1015.5,1015.5,-0.0,6.22,6316.77,-1
2023-10-17,2023-10-17 14:45:00,1015.5,1015.5,1015.48,1015.48,-0.0,6.22,6316.77,-1
2023-10-17,2023-10-17 14:46:00,1015.48,1015.48,1015.46,1015.46,-0.0,6.22,6316.77,-1
2023-10-17,2023-10-17 14:47:00,1015.46,1015.46,1015.44,1015.44,-0.0,6.22,6316.77,-1
2023-10-17,2023-10-17 14:48:00,1015.44,1015.44,1015.42,1015.42,-0.0,6.22,6316.77,-1
2023-10-17,2023-10-17 14:49:00,1015.42,1015.42,1015.4,1015.4,-0.0,6.22,6316.77,-1
2023-10-17,2023-10-17 14:50:00,1015.4,1015.4,1015.38,1015.38,-0.0,6.22,6316.77,-1
2023-10-17,2023-10-17 14:51:00,1015.38,1015.38,1015.36,1015.36,-0.0,6.22,6316.77,-1
2023-10-17,2023-10-17 14:52:00,1015.36,1015.36,1015.34,1015.34,-0.0,6.22,6316.77,-1
2023-10-17,2023-10-17 14:53:00,1015.34,1015.34,1015.32,1015.32,-0.0,6.22,6316.77,-1
2023-10-17,2023-10-17 14:54:00,1015.32,1015.32,1015.3,1015.3,-0.0,6.22,6316.77,-1
2023-10-17,2023-10-17 14:55:00,1015.3,1015.3,1015.28,1015.28,-0.0,6.22,6316.77,-1
2023-10-17,2023-10-17 14:56:00,1015.28,1015.28,1015.26,1015.26,-0.0,6.22,6316.77,-1
2023-10-17,2023-10-17 14:57:00,1015.26,1015.26,1015.24,1015.24,-0.0,6.22,6316.77,-1
2023-10-17,2023-10-17 14:58:00,1015.24,1015.24,1015.22,1015.22,-0.0,6.22,6316.77,-1
2023-10-17,2023-10-17 14:59:00,1015.22,1015.22,1015.2,1015.2,-0.0,6.22,6316.77,-1
2023-10-17,2023-10-17 15:00:00,1015.2,1024.0,1000.0,1015.2,0.0,6.22,6316.77,0
2023-10-18,2023-10-18 11:00:00,1034.0,1037.45,1028.3,1034.0,0.0,12.9,13322.65,0
2023-10-18,2023-10-18 11:01:00,1034.0,1034.0,1033.99,1033.99,-0.0,12.9,13322.65,-1
2023-10-18,2023-10-18 11:02:00,1033.99,1033.99,1033.99,1033.99,0.0,12.9,13322.65,0
2023-10-18,2023-10-18 11:03:00,1033.99,1033.99,1033.98,1033.98,-0.0,12.9,13322.65,-1
2023-10-18,2023-10-18 11:04:00,1033.98,1033.98,1033.98,1033.98,0.0,12.9,13322.65,0
2023-10-18,2023-10-18 11:05:00,1033.98,1033.98,1033.97,1033.97,-0.0,12.9,13322.65,-1
2023-10-18,2023-10-18 11:06:00,1033.97,1033.97,1033.97,1033.97,0.0,12.9,13322.65,0
2023-10-18,2023-10-18 11:07:00,1033.97,1033.97,1033.97,1033.97,0.0,12.9,13322.65,0
2023-10-18,2023-10-18 11:08:00,1033.97,1033.97,1033.96,1033.96,-0.0,12.9,13322.65,-1
2023-10-18,2023-10-18 11:09:00,1033.96,1033.96,1033.96,1033.96,0.0,12.9,13322.65,0
2023-10-18,2023-10-18 11:10:00,1033.96,1033.96,1033.95,1033.95,-0.0,12.9,13322.65,-1
2023-10-18,2023-10-18 11:11:00,1033.95,1033.95,1033.95,1033.95,0.0,12.9,13322.65,0
2023-10-18,2023-10-18 11:12:00,1033.95,1033.95,1033.95,1033.95,0.0,12.9,13322.65,0
2023-10-18,2023-10-18 11:13:00,1033.95,1033.95,1033.94,1033.94,-0.0,12.9,13322.65,-1
2023-10-18,2023-10-18 11:14:00,1033.94,1033.94,1033.94,1033.94,0.0,12.9,13322.65,0
2023-10-18,2023-10-18 11:15:00,1033.94,1033.94,1033.93,1033.93,-0.0,12.9,13322.65,-1
2023-10-18,2023-10-18 11:16:00,1033.93,1033.93,1033.93,1033.93,0.0,12.9,13322.65,0
2023-10-18,2023-10-18 11:17:00,1033.93,1033.93,1033.92,1033.92,-0.0,12.9,13322.65,-1
2023-10-18,2023-10-18 11:18:00,1033.92,1033.92,1033.92,1033.92,0.0,12.9,13322.65,0
2023-10-18,2023-10-18 11:19:00,1033.92,1033.92,1033.92,1033.92,0.0,12.9,13322.65,0
2023-10-18,2023-10-18 11:20:00,1033.92,1033.92,1033.91,1033.91,-0.0,12.9,13322.65,-1
2023-10-18,2023-10-18 11:21:00,1033.91,1033.91,1033.91,1033.91,0.0,12.9,13322.65,0
2023-10-18,2023-10-18 11:22:00,1033.91,1033.91,1033.9,1033.9,-0.0,12.9,13322.65,-1
2023-10-18,2023-10-18 11:23:00,1033.9,1033.9,1033.9,1033.9,0.0,12.9,13322.65,0
2023-10-18,2023-10-18 11:24:00,1033.9,1033.9,1033.9,1033.9,0.0,12.9,13322.65,0
2023-10-18,2023-10-18 11:25:00,1033.9,1033.9,1033.89,1033.89,-0.0,12.9,13322.65,-1
2023-10-18,2023-10-18 11:26:00,1033.89,1033.89,1033.89,1033.89,0.0,12.9,13322.65,0
2023-10-18,2023-10-18 11:27:00,1033.89,1033.89,1033.88,1033.88,-0.0,12.9,13322.65,-1
2023-10-18,2023-10-18 11:28:00,1033.88,1033.88,1033.88,1033.88,0.0,12.9,13322.65,0
2023-10-18,2023-10-18 11:29:00,1033.88,1033.88,1033.88,1033.88,0.0,12.9,13322.65,0
2023-10-18,2023-10-18 11:30:00,1033.88,1033.88,1033.87,1033.87,-0.0,12.9,13322.65,-1
2023-10-18,2023-10-18 11:31:00,1033.87,1033.87,1033.87,1033.87,0.0,12.9,13322.65,0
2023-10-18,2023-10-18 11:32:00,1033.87,1033.87,1033.86,1033.86,-0.0,12.9,13322.65,-1
2023-10-18,2023-10-18 11:33:00,1033.86,1033.86,1033.86,1033.86,0.0,12.9,13322.65,0
2023-10-18,2023-10-18 11:34:00,1033.86,1033.86,1033.85,1033.85,-0.0,12.9,13322.65,-1
2023-10-18,2023-10-18 11:35:00,1033.85,1033.85,1033.85,1033.85,0.0,12.9,13322.65,0
2023-10-18,2023-10-18 11:36:00,1033.85,1033.85,1033.85,1033.85,0.0,12.9,13322.65,0
2023-10-18,2023-10-18 11:37:00,1033.85,1033.85,1033.84,1033.84,-0.0,12.9,13322.65,-1
2023-10-18,2023-10-18 11:38:00,1033.84,1033.84,1033.84,1033.84,0.0,12.9,13322.65,0
2023-10-18,2023-10-18 11:39:00,1033.84,1033.84,1033.83,1033.83,-0.0,12.9,13322.65,-1
2023-10-18,2023-10-18 11:40:00,1033.83,1033.83,1033.83,1033.83,0.0,12.9,13322.65,0
2023-10-18,2023-10-18 11:41:00,1033.83,1033.83,1033.83,1033.83,0.0,12.9,13322.65,0
2023-10-18,2023-10-18 11:42:00,1033.83,1033.83,1033.82,1033.82,-0.0,12.9,13322.65,-1
2023-10-18,2023-10-18 11:43:00,1033.82,1033.82,1033.82,1033.82,0.0,12.9,13322.65,0
2023-10-18,2023-10-18 11:44:00,1033.82,1033.82,1033.81,1033.81,-0.0,12.9,13322.65,-1
2023-10-18,2023-10-18 11:45:00,1033.81,1033.81,1033.81,1033.81,0.0,12.9,13322.65,0
2023-10-18,2023-10-18 11:46:00,1033.81,1033.81,1033.8,1033.8,-0.0,12.9,13322.65,-1
2023-10-18,2023-10-18 11:47:00,1033.8,1033.8,1033.8,1033.8,0.0,12.9,13322.65,0
2023-10-18,2023-10-18 11:48:00,1033.8,1033.8,1033.8,1033.8,0.0,12.9,13322.65,0
2023-10-18,2023-10-18 11:49:00,1033.8,1033.8,1033.79,1033.79,-0.0,12.9,13322.65,-1
2023-10-18,2023-10-18 11:50:00,1033.79,1033.79,1033.79,1033.79,0.0,12.9,13322.65,0
2023-10-18,2023-10-18 11:51:00,1033.79,1033.79,1033.78,1033.78,-0.0,12.9,13322.65,-1
2023-10-18,2023-10-18 11:52:00,1033.78,1033.78,1033.78,1033.78,0.0,12.9,13322.65,0
2023-10-18,2023-10-18 11:53:00,1033.78,1033.78,1033.78,1033.78,0.0,12.9,13322.65,0
2023-10-18,2023-10-18 11:54:00,1033.78,1033.78,1033.77,1033.77,-0.0,12.9,13322.65,-1
2023-10-18,2023-10-18 11:55:00,1033.77,1033.77,1033.77,1033.77,0.0,12.9,13322.65,0
2023-10-18,2023-10-18 11:56:00,1033.77,1033.77,1033.76,1033.76,-0.0,12.9,13322.65,-1
2023-10-18,2023-10-18 11:57:00,1033.76,1033.76,1033.76,1033.76,0.0,12.9,13322.65,0
2023-10-18,2023-10-18 11:58:00,1033.76,1033.76,1033.75,1033.75,-0.0,12.9,13322.65,-1
2023-10-18,2023-10-18 11:59:00,1033.75,1033.75,1033.75,1033.75,0.0,12.9,13322.65,0
2023-10-18,2023-10-18 12:00:00,1033.75,1033.75,1033.75,1033.75,0.0,12.9,13322.65,0
2023-10-18,2023-10-18 12:01:00,1033.75,1033.75,1033.74,1033.74,-0.0,12.9,13322.65,-1
2023-10-18,2023-10-18 12:02:00,1033.74,1033.74,1033.74,1033.74,0.0,12.9,13322.65,0
2023-10-18,2023-10-18 12:03:00,1033.74,1033.74,1033.73,1033.73,-0.0,12.9,13322.65,-1
2023-10-18,2023-10-18 12:04:00,1033.73,1033.73,1033.73,1033.73,0.0,12.9,13322.65,0
2023-10-18,2023-10-18 12:05:00,1033.73,1033.73,1033.72,1033.72,-0.0,12.9,13322.65,-1
2023-10-18,2023-10-18 12:06:00,1033.72,1033.72,1033.72,1033.72,0.0,12.9,13322.65,0
2023-10-18,2023-10-18 12:07:00,1033.72,1033.72,1033.72,1033.72,0.0,12.9,13322.65,0
2023-10-18,2023-10-18 12:08:00,1033.72,1033.72,1033.71,1033.71,-0.0,12.9,13322.65,-1
2023-10-18,2023-10-18 12:09:00,1033.71,1033.71,1033.71,1033.71,0.0,12.9,13322.65,0
2023-10-18,2023-10-18 12:10:00,1033.71,1033.71,1033.7,1033.7,-0.0,12.9,13322.65,-1
2023-10-18,2023-10-18 12:11:00,1033.7,1033.7,1033.7,1033.7,0.0,12.9,13322.65,0
2023-10-18,2023-10-18 12:12:00,1033.7,1033.7,1033.7,1033.7,0.0,12.9,13322.65,0
2023-10-18,2023-10-18 12:13:00,1033.7,1033.7,1033.69,1033.69,-0.0,12.9,13322.65,-1
2023-10-18,2023-10-18 12:14:00,1033.69,1033.69,1033.69,1033.69,0.0,12.9,13322.65,0
2023-10-18,2023-10-18 12:15:00,1033.69,1033.69,1033.68,1033.68,-0.0,12.9,13322.65,-1
2023-10-18,2023-10-18 12:16:00,1033.68,1033.68,1033.68,1033.68,0.0,12.9,13322.65,0
2023-10-18,2023-10-18 12:17:00,1033.68,1033.68,1033.67,1033.67,-0.0,12.9,13322.65,-1
2023-10-18,2023-10-18 12:18:00,1033.67,1033.67,1033.67,1033.67,0.0,12.9,13322.65,0
2023-10-18,2023-10-18 12:19:00,1033.67,1033.67,1033.67,1033.67,0.0,12.9,13322.65,0
2023-10-18,2023-10-18 12:20:00,1033.67,1033.67,1033.66,1033.66,-0.0,12.9,13322.65,-1
2023-10-18,2023-10-18 12:21:00,1033.66,1033.66,1033.66,1033.66,0.0,12.9,13322.65,0
2023-10-18,2023-10-18 12:22:00,1033.66,1033.66,1033.65,1033.65,-0.0,12.9,13322.65,-1
2023-10-18,2023-10-18 12:23:00,1033.65,1033.65,1033.65,1033.65,0.0,12.9,13322.65,0
2023-10-18,2023-10-18 12:24:00,1033.65,1033.65,1033.65,1033.65,0.0,12.9,13322.65,0
2023-10-18,2023-10-18 12:25:00,1033.65,1033.65,1033.64,1033.64,-0.0,12.9,13322.65,-1
2023-10-18,2023-10-18 12:26:00,1033.64,1033.64,1033.64,1033.64,0.0,12.9,13322.65,0
2023-10-18,2023-10-18 12:27:00,1033.64,1033.64,1033.63,1033.63,-0.0,12.9,13322.65,-1
2023-10-18,2023-10-18 12:28:00,1033.63,1033.63,1033.63,1033.63,0.0,12.9,13322.65,0
2023-10-18,2023-10-18 12:29:00,1033.63,1033.63,1033.62,1033.62,-0.0,12.9,13322.65,-1
2023-10-18,2023-10-18 12:30:00,1033.62,1033.62,1033.62,1033.62,0.0,12.9,13322.65,0
2023-10-18,2023-10-18 12:31:00,1033.62,1033.62,1033.62,1033.62,0.0,12.9,13322.65,0
2023-10-18,2023-10-18 12:32:00,1033.62,1033.62,1033.61,1033.61,-0.0,12.9,13322.65,-1
2023-10-18,2023-10-18 12:33:00,1033.61,1033.61,1033.61,1033.61,0.0,12.9,13322.65,0
2023-10-18,2023-10-18 12:34:00,1033.61,1033.61,1033.6,1033.6,-0.0,12.9,13322.65,-1
2023-10-18,2023-10-18 12:35:00,1033.6,1033.6,1033.6,1033.6,0.0,12.9,13322.65,0
2023-10-18,2023-10-18 12:36:00,1033.6,1033.6,1033.6,1033.6,0.0,12.9,13322.65,0
2023-10-18,2023-10-18 12:37:00,1033.6,1033.6,1033.59,1033.59,-0.0,12.9,13322.65,-1
2023-10-18,2023-10-18 12:38:00,1033.59,1033.59,1033.59,1033.59,0.0,12.9,13322.65,0
2023-10-18,2023-10-18 12:39:00,1033.59,1033.59,1033.58,1033.58,-0.0,12.9,13322.65,-1
2023-10-18,2023-10-18 12:40:00,1033.58,1033.58,1033.58,1033.58,0.0,12.9,13322.65,0
2023-10-18,2023-10-18 12:41:00,1033.58,1033.58,1033.58,1033.58,0.0,12.9,13322.65,0
2023-10-18,2023-10-18 12:42:00,1033.58,1033.58,1033.57,1033.57,-0.0,12.9,13322.65,-1
2023-10-18,2023-10-18 12:43:00,1033.57,1033.57,1033.57,1033.57,0.0,12.9,13322.65,0
2023-10-18,2023-10-18 12:44:00,1033.57,1033.57,1033.56,1033.56,-0.0,12.9,13322.65,-1
2023-10-18,2023-10-18 12:45:00,1033.56,1033.56,1033.56,1033.56,0.0,12.9,13322.65,0
2023-10-18,2023-10-18 12:46:00,1033.56,1033.56,1033.55,1033.55,-0.0,12.9,13322.65,-1
2023-10-18,2023-10-18 12:47:00,1033.55,1033.55,1033.55,1033.55,0.0,12.9,13322.65,0
2023-10-18,2023-10-18 12:48:00,1033.55,1033.55,1033.55,1033.55,0.0,12.9,13322.65,0
2023-10-18,2023-10-18 12:49:00,1033.55,1033.55,1033.54,1033.54,-0.0,12.9,13322.65,-1
2023-10-18,2023-10-18 12:50:00,1033.54,1033.54,1033.54,1033.54,0.0,12.9,13322.65,0
2023-10-18,2023-10-18 12:51:00,1033.54,1033.54,1033.53,1033.53,-0.0,12.9,13322.65,-1
2023-10-18,2023-10-18 12:52:00,1033.53,1033.53,1033.53,1033.53,0.0,12.9,13322.65,0
2023-10-18,2023-10-18 12:53:00,1033.53,1033.53,1033.53,1033.53,0.0,12.9,13322.65,0
2023-10-18,2023-10-18 12:54:00,1033.53,1033.53,1033.52,1033.52,-0.0,12.9,13322.65,-1
2023-10-18,2023-10-18 12:55:00,1033.52,1033.52,1033.52,1033.52,0.0,12.9,13322.65,0
2023-10-18,2023-10-18 12:56:00,1033.52,1033.52,1033.51,1033.51,-0.0,12.9,13322.65,-1
2023-10-18,2023-10-18 12:57:00,1033.51,1033.51,1033.51,1033.51,0.0,12.9,13322.65,0
2023-10-18,2023-10-18 12:58:00,1033.51,1033.51,1033.5,1033.5,-0.0,12.9,13322.65,-1
2023-10-18,2023-10-18 12:59:00,1033.5,1033.5,1033.5,1033.5,0.0,12.9,13322.65,0
2023-10-18,2023-10-18 13:00:00,1033.5,1045.5,1015.0,1033.5,0.0,12.9,13322.65,0
2023-10-18,2023-10-18 13:01:00,1033.5,1033.5,1033.49,1033.49,-0.0,12.9,13322.65,-1
2023-10-18,2023-10-18 13:02:00,1033.49,1033.49,1033.49,1033.49,0.0,12.9,13322.65,0
2023-10-18,2023-10-18 13:03:00,1033.49,1033.49,1033.48,1033.48,-0.0,12.9,13322.65,-1
2023-10-18,2023-10-18 13:04:00,1033.48,1033.48,1033.48,1033.48,0.0,12.9,13322.65,0
2023-10-18,2023-10-18 13:05:00,1033.48,1033.48,1033.47,1033.47,-0.0,12.9,13322.65,-1
2023-10-18,2023-10-18 13:06:00,1033.47,1033.47,1033.47,1033.47,0.0,12.9,13322.65,0
2023-10-18,2023-10-18 13:07:00,1033.47,1033.47,1033.47,1033.47,0.0,12.9,13322.65,0
2023-10-18,2023-10-18 13:08:00,1033.47,1033.47,1033.46,1033.46,-0.0,12.9,13322.65,-1
2023-10-18,2023-10-18 13:09:00,1033.46,1033.46,1033.46,1033.46,0.0,12.9,13322.65,0
2023-10-18,2023-10-18 13:10:00,1033.46,1033.46,1033.45,1033.45,-0.0,12.9,13322.65,-1
2023-10-18,2023-10-18 13:11:00,1033.45,1033.45,1033.45,1033.45,0.0,12.9,13322.65,0
2023-10-18,2023-10-18 13:12:00,1033.45,1033.45,1033.45,1033.45,0.0,12.9,13322.65,0
2023-10-18,2023-10-18 13:13:00,1033.45,1033.45,1033.44,1033.44,-0.0,12.9,13322.65,-1
2023-10-18,2023-10-18 13:14:00,1033.44,1033.44,1033.44,1033.44,0.0,12.9,13322.65,0
2023-10-18,2023-10-18 13:15:00,1033.44,1033.44,1033.43,1033.43,-0.0,12.9,13322.65,-1
2023-10-18,2023-10-18 13:16:00,1033.43,1033.43,1033.43,1033.43,0.0,12.9,13322.65,0
2023-10-18,2023-10-18 13:17:00,1033.43,1033.43,1033.42,1033.42,-0.0,12.9,13322.65,-1
2023-10-18,2023-10-18 13:18:00,1033.42,1033.42,1033.42,1033.42,0.0,12.9,13322.65,0
2023-10-18,2023-10-18 13:19:00,1033.42,1033.42,1033.42,1033.42,0.0,12.9,13322.65,0
2023-10-18,2023-10-18 13:20:00,1033.42,1033.42,1033.41,1033.41,-0.0,12.9,13322.65,-1
2023-10-18,2023-10-18 13:21:00,1033.41,1033.41,1033.41,1033.41,0.0,12.9,13322.65,0
2023-10-18,2023-10-18 13:22:00,1033.41,1033.41,1033.4,1033.4,-0.0,12.9,13322.65,-1
2023-10-18,2023-10-18 13:23:00,1033.4,1033.4,1033.4,1033.4,0.0,12.9,13322.65,0
2023-10-18,2023-10-18 13:24:00,1033.4,1033.4,1033.4,1033.4,0.0,12.9,13322.65,0
2023-10-18,2023-10-18 13:25:00,1033.4,1033.4,1033.39,1033.39,-0.0,12.9,13322.65,-1
2023-10-18,2023-10-18 13:26:00,1033.39,1033.39,1033.39,1033.39,0.0,12.9,13322.65,0
2023-10-18,2023-10-18 13:27:00,1033.39,1033.39,1033.38,1033.38,-0.0,12.9,13322.65,-1
2023-10-18,2023-10-18 13:28:00,1033.38,1033.38,1033.38,1033.38,0.0,12.9,13322.65,0
2023-10-18,2023-10-18 13:29:00,1033.38,1033.38,1033.38,1033.38,0.0,12.9,13322.65,0
2023-10-18,2023-10-18 13:30:00,1033.38,1033.38,1033.37,1033.37,-0.0,12.9,13322.65,-1
2023-10-18,2023-10-18 13:31:00,1033.37,1033.37,1033.37,1033.37,0.0,12.9,13322.65,0
2023-10-18,2023-10-18 13:32:00,1033.37,1033.37,1033.36,1033.36,-0.0,12.9,13322.65,-1
2023-10-18,2023-10-18 13:33:00,1033.36,1033.36,1033.36,1033.36,0.0,12.9,13322.65,0
2023-10-18,2023-10-18 13:34:00,1033.36,1033.36,1033.35,1033.35,-0.0,12.9,13322.65,-1
2023-10-18,2023-10-18 13:35:00,1033.35,1033.35,1033.35,1033.35,0.0,12.9,13322.65,0
2023-10-18,2023-10-18 13:36:00,1033.35,1033.35,1033.35,1033.35,0.0,12.9,13322.65,0
2023-10-18,2023-10-18 13:37:00,1033.35,1033.35,1033.34,1033.34,-0.0,12.9,13322.65,-1
2023-10-18,2023-10-18 13:38:00,1033.34,1033.34,1033.34,1033.34,0.0,12.9,13322.65,0
2023-10-18,2023-10-18 13:39:00,1033.34,1033.34,1033.33,1033.33,-0.0,12.9,13322.65,-1
2023-10-18,2023-10-18 13:40:00,1033.33,1033.33,1033.33,1033.33,0.0,12.9,13322.65,0
2023-10-18,2023-10-18 13:41:00,1033.33,1033.33,1033.33,1033.33,0.0,12.9,13322.65,0
2023-10-18,2023-10-18 13:42:00,1033.33,1033.33,1033.32,1033.32,-0.0,12.9,13322.65,-1
2023-10-18,2023-10-18 13:43:00,1033.32,1033.32,1033.32,1033.32,0.0,12.9,13322.65,0
2023-10-18,2023-10-18 13:44:00,1033.32,1033.32,1033.31,1033.31,-0.0,12.9,13322.65,-1
2023-10-18,2023-10-18 13:45:00,1033.31,1033.31,1033.31,1033.31,0.0,12.9,13322.65,0
2023-10-18,2023-10-18 13:46:00,1033.31,1033.31,1033.3,1033.3,-0.0,12.9,13322.65,-1
2023-10-18,2023-10-18 13:47:00,1033.3,1033.3,1033.3,1033.3,0.0,12.9,13322.65,0
2023-10-18,2023-10-18 13:48:00,1033.3,1033.3,1033.3,1033.3,0.0,12.9,13322.65,0
2023-10-18,2023-10-18 13:49:00,1033.3,1033.3,1033.29,1033.29,-0.0,12.9,13322.65,-1
2023-10-18,2023-10-18 13:50:00,1033.29,1033.29,1033.29,1033.29,0.0,12.9,13322.65,0
2023-10-18,2023-10-18 13:51:00,1033.29,1033.29,1033.28,1033.28,-0.0,12.9,13322.65,-1
2023-10-18,2023-10-18 13:52:00,1033.28,1033.28,1033.28,1033.28,0.0,12.9,13322.65,0
2023-10-18,2023-10-18 13:53:00,1033.28,1033.28,1033.28,1033.28,0.0,12.9,13322.65,0
2023-10-18,2023-10-18 13:54:00,1033.28,1033.28,1033.27,1033.27,-0.0,12.9,13322.65,-1
2023-10-18,2023-10-18 13:55:00,1033.27,1033.27,1033.27,1033.27,0.0,12.9,13322.65,0
2023-10-18,2023-10-18 13:56:00,1033.27,1033.27,1033.26,1033.26,-0.0,12.9,13322.65,-1
2023-10-18,2023-10-18 13:57:00,1033.26,1033.26,1033.26,1033.26,0.0,12.9,13322.65,0
2023-10-18,2023-10-18 13:58:00,1033.26,1033.26,1033.25,1033.25,-0.0,12.9,13322.65,-1
2023-10-18,2023-10-18 13:59:00,1033.25,1033.25,1033.25,1033.25,0.0,12.9,13322.65,0
2023-10-18,2023-10-18 14:00:00,1033.25,1033.25,1033.25,1033.25,0.0,12.9,13322.65,0
2023-10-18,2023-10-18 14:01:00,1033.25,1033.25,1033.24,1033.24,-0.0,12.9,13322.65,-1
2023-10-18,2023-10-18 14:02:00,1033.24,1033.24,1033.24,1033.24,0.0,12.9,13322.65,0
2023-10-18,2023-10-18 14:03:00,1033.24,1033.24,1033.23,1033.23,-0.0,12.9,13322.65,-1
2023-10-18,2023-10-18 14:04:00,1033.23,1033.23,1033.23,1033.23,0.0,12.9,13322.65,0
2023-10-18,2023-10-18 14:05:00,1033.23,1033.23,1033.22,1033.22,-0.0,12.9,13322.65,-1
2023-10-18,2023-10-18 14:06:00,1033.22,1033.22,1033.22,1033.22,0.0,12.9,13322.65,0
2023-10-18,2023-10-18 14:07:00,1033.22,1033.22,1033.22,1033.22,0.0,12.9,13322.65,0
2023-10-18,2023-10-18 14:08:00,1033.22,1033.22,1033.21,1033.21,-0.0,12.9,13322.65,-1
2023-10-18,2023-10-18 14:09:00,1033.21,1033.21,1033.21,1033.21,0.0,12.9,13322.65,0
2023-10-18,2023-10-18 14:10:00,1033.21,1033.21,1033.2,1033.2,-0.0,12.9,13322.65,-1
2023-10-18,2023-10-18 14:11:00,1033.2,1033.2,1033.2,1033.2,0.0,12.9,13322.65,0
2023-10-18,2023-10-18 14:12:00,1033.2,1033.2,1033.2,1033.2,0.0,12.9,13322.65,0
2023-10-18,2023-10-18 14:13:00,1033.2,1033.2,1033.19,1033.19,-0.0,12.9,13322.65,-1
2023-10-18,2023-10-18 14:14:00,1033.19,1033.19,1033.19,1033.19,0.0,12.9,13322.65,0
2023-10-18,2023-10-18 14:15:00,1033.19,1033.19,1033.18,1033.18,-0.0,12.9,13322.65,-1
2023-10-18,2023-10-18 14:16:00,1033.18,1033.18,1033.18,1033.18,0.0,12.9,13322.65,0
2023-10-18,2023-10-18 14:17:00,1033.18,1033.18,1033.17,1033.17,-0.0,12.9,13322.65,-1
2023-10-18,2023-10-18 14:18:00,1033.17,1033.17,1033.17,1033.17,0.0,12.9,13322.65,0
2023-10-18,2023-10-18 14:19:00,1033.17,1033.17,1033.17,1033.17,0.0,12.9,13322.65,0
2023-10-18,2023-10-18 14:20:00,1033.17,1033.17,1033.16,1033.16,-0.0,12.9,13322.65,-1
2023-10-18,2023-10-18 14:21:00,1033.16,1033.16,1033.16,1033.16,0.0,12.9,13322.65,0
2023-10-18,2023-10-18 14:22:00,1033.16,1033.16,1033.15,1033.15,-0.0,12.9,13322.65,-1
2023-10-18,2023-10-18 14:23:00,1033.15,1033.15,1033.15,1033.15,0.0,12.9,13322.65,0
2023-10-18,2023-10-18 14:24:00,1033.15,1033.15,1033.15,1033.15,0.0,12.9,13322.65,0
2023-10-18,2023-10-18 14:25:00,1033.15,1033.15,1033.14,1033.14,-0.0,12.9,13322.65,-1
2023-10-18,2023-10-18 14:26:00,1033.14,1033.14,1033.14,1033.14,0.0,12.9,13322.65,0
2023-10-18,2023-10-18 14:27:00,1033.14,1033.14,1033.13,1033.13,-0.0,12.9,13322.65,-1
2023-10-18,2023-10-18 14:28:00,1033.13,1033.13,1033.13,1033.13,0.0,12.9,13322.65,0
2023-10-18,2023-10-18 14:29:00,1033.13,1033.13,1033.12,1033.12,-0.0,12.9,13322.65,-1
2023-10-18,2023-10-18 14:30:00,1033.12,1033.12,1033.12,1033.12,0.0,12.9,13322.65,0
2023-10-18,2023-10-18 14:31:00,1033.12,1033.12,1033.12,1033.12,0.0,12.9,13322.65,0
2023-10-18,2023-10-18 14:32:00,1033.12,1033.12,1033.11,1033.11,-0.0,12.9,13322.65,-1
2023-10-18,2023-10-18 14:33:00,1033.11,1033.11,1033.11,1033.11,0.0,12.9,13322.65,0
2023-10-18,2023-10-18 14:34:00,1033.11,1033.11,1033.1,1033.1,-0.0,12.9,13322.65,-1
2023-10-18,2023-10-18 14:35:00,1033.1,1033.1,1033.1,1033.1,0.0,12.9,13322.65,0
2023-10-18,2023-10-18 14:36:00,1033.1,1033.1,1033.1,1033.1,0.0,12.9,13322.65,0
2023-10-18,2023-10-18 14:37:00,1033.1,1033.1,1033.09,1033.09,-0.0,12.9,13322.65,-1
2023-10-18,2023-10-18 14:38:00,1033.09,1033.09,1033.09,1033.09,0.0,12.9,13322.65,0
2023-10-18,2023-10-18 14:39:00,1033.09,1033.09,1033.08,1033.08,-0.0,12.9,13322.65,-1
2023-10-18,2023-10-18 14:40:00,1033.08,1033.08,1033.08,1033.08,0.0,12.9,13322.65,0
2023-10-18,2023-10-18 14:41:00,1033.08,1033.08,1033.08,1033.08,0.0,12.9,13322.65,0
2023-10-18,2023-10-18 14:42:00,1033.08,1033.08,1033.07,1033.07,-0.0,12.9,13322.65,-1
2023-10-18,2023-10-18 14:43:00,1033.07,1033.07,1033.07,1033.07,0.0,12.9,13322.65,0
2023-10-18,2023-10-18 14:44:00,1033.07,1033.07,1033.06,1033.06,-0.0,12.9,13322.65,-1
2023-10-18,2023-10-18 14:45:00,1033.06,1033.06,1033.06,1033.06,0.0,12.9,13322.65,0
2023-10-18,2023-10-18 14:46:00,1033.06,1033.06,1033.05,1033.05,-0.0,12.9,13322.65,-1
2023-10-18,2023-10-18 14:47:00,1033.05,1033.05,1033.05,1033.05,0.0,12.9,13322.65,0
2023-10-18,2023-10-18 14:48:00,1033.05,1033.05,1033.05,1033.05,0.0,12.9,13322.65,0
2023-10-18,2023-10-18 14:49:00,1033.05,1033.05,1033.04,1033.04,-0.0,12.9,13322.65,-1
2023-10-18,2023-10-18 14:50:00,1033.04,1033.04,1033.04,1033.04,0.0,12.9,13322.65,0
2023-10-18,2023-10-18 14:51:00,1033.04,1033.04,1033.03,1033.03,-0.0,12.9,13322.65,-1
2023-10-18,2023-10-18 14:52:00,1033.03,1033.03,1033.03,1033.03,0.0,12.9,13322.65,0
2023-10-18,2023-10-18 14:53:00,1033.03,1033.03,1033.03,1033.03,0.0,12.9,13322.65,0
2023-10-18,2023-10-18 14:54:00,1033.03,1033.03,1033.02,1033.02,-0.0,12.9,13322.65,-1
2023-10-18,2023-10-18 14:55:00,1033.02,1033.02,1033.02,1033.02,0.0,12.9,13322.65,0
2023-10-18,2023-10-18 14:56:00,1033.02,1033.02,1033.01,1033.01,-0.0,12.9,13322.65,-1
2023-10-18,2023-10-18 14:57:00,1033.01,1033.01,1033.01,1033.01,0.0,12.9,13322.65,0
2023-10-18,2023-10-18 14:58:00,1033.01,1033.01,1033.0,1033.0,-0.0,12.9,13322.65,-1
2023-10-18,2023-10-18 14:59:00,1033.0,1033.0,1033.0,1033.0,0.0,12.9,13322.65,0
2023-10-18,2023-10-18 15:00:00,1033.0,1045.5,1015.0,1033.0,0.0,12.9,13322.65,0
2023-10-19,2023-10-19 11:00:00,1050.0,1057.83,1033.2,1050.08,0.01,12.69,13331.83,1
2023-10-19,2023-10-19 11:01:00,1050.08,1050.15,1050.08,1050.15,0.01,12.69,13331.83,1
2023-10-19,2023-10-19 11:02:00,1050.15,1050.23,1050.15,1050.23,0.01,12.69,13331.83,1
2023-10-19,2023-10-19 11:03:00,1050.23,1050.31,1050.23,1050.31,0.01,12.69,13331.83,1
2023-10-19,2023-10-19 11:04:00,1050.31,1050.39,1050.31,1050.39,0.01,12.69,13331.83,1
2023-10-19,2023-10-19 11:05:00,1050.39,1050.46,1050.39,1050.46,0.01,12.69,13331.83,1
2023-10-19,2023-10-19 11:06:00,1050.46,1050.54,1050.46,1050.54,0.01,12.69,13331.83,1
2023-10-19,2023-10-19 11:07:00,1050.54,1050.62,1050.54,1050.62,0.01,12.69,13331.83,1
2023-10-19,2023-10-19 11:08:00,1050.62,1050.69,1050.62,1050.69,0.01,12.69,13331.83,1
2023-10-19,2023-10-19 11:09:00,1050.69,1050.77,1050.69,1050.77,0.01,12.69,13331.83,1
2023-10-19,2023-10-19 11:10:00,1050.77,1050.85,1050.77,1050.85,0.01,12.69,13331.83,1
2023-10-19,2023-10-19 11:11:00,1050.85,1050.92,1050.85,1050.92,0.01,12.69,13331.83,1
2023-10-19,2023-10-19 11:12:00,1050.92,1051.0,1050.92,1051.0,0.01,12.69,13331.83,1
2023-10-19,2023-10-19 11:13:00,1051.0,1051.08,1051.0,1051.08,0.01,12.69,13331.83,1
2023-10-19,2023-10-19 11:14:00,1051.08,1051.16,1051.08,1051.16,0.01,12.69,13331.83,1
2023-10-19,2023-10-19 11:15:00,1051.16,1051.23,1051.16,1051.23,0.01,12.69,13331.83,1
2023-10-19,2023-10-19 11:16:00,1051.23,1051.31,1051.23,1051.31,0.01,12.69,13331.83,1
2023-10-19,2023-10-19 11:17:00,1051.31,1051.39,1051.31,1051.39,0.01,12.69,13331.83,1
2023-10-19,2023-10-19 11:18:00,1051.39,1051.46,1051.39,1051.46,0.01,12.69,13331.83,1
2023-10-19,2023-10-19 11:19:00,1051.46,1051.54,1051.46,1051.54,0.01,12.69,13331.83,1
2023-10-19,2023-10-19 11:20:00,1051.54,1051.62,1051.54,1051.62,0.01,12.69,13331.83,1
2023-10-19,2023-10-19 11:21:00,1051.62,1051.7,1051.62,1051.7,0.01,12.69,13331.83,1
2023-10-19,2023-10-19 11:22:00,1051.7,1051.77,1051.7,1051.77,0.01,12.69,13331.83,1
2023-10-19,2023-10-19 11:23:00,1051.77,1051.85,1051.77,1051.85,0.01,12.69,13331.83,1
2023-10-19,2023-10-19 11:24:00,1051.85,1051.93,1051.85,1051.93,0.01,12.69,13331.83,1
2023-10-19,2023-10-19 11:25:00,1051.93,1052.0,1051.93,1052.0,0.01,12.69,13331.83,1
2023-10-19,2023-10-19 11:26:00,1052.0,1052.08,1052.0,1052.08,0.01,12.69,13331.83,1
2023-10-19,2023-10-19 11:27:00,1052.08,1052.16,1052.08,1052.16,0.01,12.69,13331.83,1
2023-10-19,2023-10-19 11:28:00,1052.16,1052.24,1052.16,1052.24,0.01,12.69,13331.83,1
2023-10-19,2023-10-19 11:29:00,1052.24,1052.31,1052.24,1052.31,0.01,12.69,13331.83,1
2023-10-19,2023-10-19 11:30:00,1052.31,1052.39,1052.31,1052.39,0.01,12.69,13331.83,1
2023-10-19,2023-10-19 11:31:00,1052.39,1052.47,1052.39,1052.47,0.01,12.69,13331.83,1
2023-10-19,2023-10-19 11:32:00,1052.47,1052.54,1052.47,1052.54,0.01,12.69,13331.83,1
2023-10-19,2023-10-19 11:33:00,1052.54,1052.62,1052.54,1052.62,0.01,12.69,13331.83,1
2023-10-19,2023-10-19 11:34:00,1052.62,1052.7,1052.62,1052.7,0.01,12.69,13331.83,1
2023-10-19,2023-10-19 11:35:00,1052.7,1052.78,1052.7,1052.78,0.01,12.69,13331.83,1
2023-10-19,2023-10-19 11:36:00,1052.78,1052.85,1052.78,1052.85,0.01,12.69,13331.83,1
2023-10-19,2023-10-19 11:37:00,1052.85,1052.93,1052.85,1052.93,0.01,12.69,13331.83,1
2023-10-19,2023-10-19 11:38:00,1052.93,1053.01,1052.93,1053.01,0.01,12.69,13331.83,1
2023-10-19,2023-10-19 11:39:00,1053.01,1053.08,1053.01,1053.08,0.01,12.69,13331.83,1
2023-10-19,2023-10-19 11:40:00,1053.08,1053.16,1053.08,1053.16,0.01,12.69,13331.83,1
2023-10-19,2023-10-19 11:41:00,1053.16,1053.24,1053.16,1053.24,0.01,12.69,13331.83,1
2023-10-19,2023-10-19 11:42:00,1053.24,1053.31,1053.24,1053.31,0.01,12.69,13331.83,1
2023-10-19,2023-10-19 11:43:00,1053.31,1053.39,1053.31,1053.39,0.01,12.69,13331.83,1
2023-10-19,2023-10-19 11:44:00,1053.39,1053.47,1053.39,1053.47,0.01,12.69,13331.83,1
2023-10-19,2023-10-19 11:45:00,1053.47,1053.55,1053.47,1053.55,0.01,12.69,13331.83,1
2023-10-19,2023-10-19 11:46:00,1053.55,1053.62,1053.55,1053.62,0.01,12.69,13331.83,1
2023-10-19,2023-10-19 11:47:00,1053.62,1053.7,1053.62,1053.7,0.01,12.69,13331.83,1
2023-10-19,2023-10-19 11:48:00,1053.7,1053.78,1053.7,1053.78,0.01,12.69,13331.83,1
2023-10-19,2023-10-19 11:49:00,1053.78,1053.85,1053.78,1053.85,0.01,12.69,13331.83,1
2023-10-19,2023-10-19 11:50:00,1053.85,1053.93,1053.85,1053.93,0.01,12.69,13331.83,1
2023-10-19,2023-10-19 11:51:00,1053.93,1054.01,1053.93,1054.01,0.01,12.69,13331.83,1
2023-10-19,2023-10-19 11:52:00,1054.01,1054.09,1054.01,1054.09,0.01,12.69,13331.83,1
2023-10-19,2023-10-19 11:53:00,1054.09,1054.16,1054.09,1054.16,0.01,12.69,13331.83,1
2023-10-19,2023-10-19 11:54:00,1054.16,1054.24,1054.16,1054.24,0.01,12.69,13331.83,1
2023-10-19,2023-10-19 11:55:00,1054.24,1054.32,1054.24,1054.32,0.01,12.69,13331.83,1
2023-10-19,2023-10-19 11:56:00,1054.32,1054.39,1054.32,1054.39,0.01,12.69,13331.83,1
2023-10-19,2023-10-19 11:57:00,1054.39,1054.47,1054.39,1054.47,0.01,12.69,13331.83,1
2023-10-19,2023-10-19 11:58:00,1054.47,1054.55,1054.47,1054.55,0.01,12.69,13331.83,1
2023-10-19,2023-10-19 11:59:00,1054.55,1054.62,1054.55,1054.62,0.01,12.69,13331.83,1
2023-10-19,2023-10-19 12:00:00,1054.62,1054.7,1054.62,1054.7,0.01,12.69,13331.83,1
2023-10-19,2023-10-19 12:01:00,1054.7,1054.78,1054.7,1054.78,0.01,12.69,13331.83,1
2023-10-19,2023-10-19 12:02:00,1054.78,1054.86,1054.78,1054.86,0.01,12.69,13331.83,1
2023-10-19,2023-10-19 12:03:00,1054.86,1054.93,1054.86,1054.93,0.01,12.69,13331.83,1
2023-10-19,2023-10-19 12:04:00,1054.93,1055.01,1054.93,1055.01,0.01,12.69,13331.83,1
2023-10-19,2023-10-19 12:05:00,1055.01,1055.09,1055.01,1055.09,0.01,12.69,13331.83,1
2023-10-19,2023-10-19 12:06:00,1055.09,1055.16,1055.09,1055.16,0.01,12.69,13331.83,1
2023-10-19,2023-10-19 12:07:00,1055.16,1055.24,1055.16,1055.24,0.01,12.69,13331.83,1
2023-10-19,2023-10-19 12:08:00,1055.24,1055.32,1055.24,1055.32,0.01,12.69,13331.83,1
2023-10-19,2023-10-19 12:09:00,1055.32,1055.4,1055.32,1055.4,0.01,12.69,13331.83,1
2023-10-19,2023-10-19 12:10:00,1055.4,1055.47,1055.4,1055.47,0.01,12.69,13331.83,1
2023-10-19,2023-10-19 12:11:00,1055.47,1055.55,1055.47,1055.55,0.01,12.69,13331.83,1
2023-10-19,2023-10-19 12:12:00,1055.55,1055.63,1055.55,1055.63,0.01,12.69,13331.83,1
2023-10-19,2023-10-19 12:13:00,1055.63,1055.7,1055.63,1055.7,0.01,12.69,13331.83,1
2023-10-19,2023-10-19 12:14:00,1055.7,1055.78,1055.7,1055.78,0.01,12.69,13331.83,1
2023-10-19,2023-10-19 12:15:00,1055.78,1055.86,1055.78,1055.86,0.01,12.69,13331.83,1
2023-10-19,2023-10-19 12:16:00,1055.86,1055.94,1055.86,1055.94,0.01,12.69,13331.83,1
2023-10-19,2023-10-19 12:17:00,1055.94,1056.01,1055.94,1056.01,0.01,12.69,13331.83,1
2023-10-19,2023-10-19 12:18:00,1056.01,1056.09,1056.01,1056.09,0.01,12.69,13331.83,1
2023-10-19,2023-10-19 12:19:00,1056.09,1056.17,1056.09,1056.17,0.01,12.69,13331.83,1
2023-10-19,2023-10-19 12:20:00,1056.17,1056.24,1056.17,1056.24,0.01,12.69,13331.83,1
2023-10-19,2023-10-19 12:21:00,1056.24,1056.32,1056.24,1056.32,0.01,12.69,13331.83,1
2023-10-19,2023-10-19 12:22:00,1056.32,1056.4,1056.32,1056.4,0.01,12.69,13331.83,1
2023-10-19,2023-10-19 12:23:00,1056.4,1056.47,1056.4,1056.47,0.01,12.69,13331.83,1
2023-10-19,2023-10-19 12:24:00,1056.47,1056.55,1056.47,1056.55,0.01,12.69,13331.83,1
2023-10-19,2023-10-19 12:25:00,1056.55,1056.63,1056.55,1056.63,0.01,12.69,13331.83,1
2023-10-19,2023-10-19 12:26:00,1056.63,1056.71,1056.63,1056.71,0.01,12.69,13331.83,1
2023-10-19,2023-10-19 12:27:00,1056.71,1056.78,1056.71,1056.78,0.01,12.69,13331.83,1
2023-10-19,2023-10-19 12:28:00,1056.78,1056.86,1056.78,1056.86,0.01,12.69,13331.83,1
2023-10-19,2023-10-19 12:29:00,1056.86,1056.94,1056.86,1056.94,0.01,12.69,13331.83,1
2023-10-19,2023-10-19 12:30:00,1056.94,1057.01,1056.94,1057.01,0.01,12.69,13331.83,1
2023-10-19,2023-10-19 12:31:00,1057.01,1057.09,1057.01,1057.09,0.01,12.69,13331.83,1
2023-10-19,2023-10-19 12:32:00,1057.09,1057.17,1057.09,1057.17,0.01,12.69,13331.83,1
2023-10-19,2023-10-19 12:33:00,1057.17,1057.25,1057.17,1057.25,0.01,12.69,13331.83,1
2023-10-19,2023-10-19 12:34:00,1057.25,1057.32,1057.25,1057.32,0.01,12.69,13331.83,1
2023-10-19,2023-10-19 12:35:00,1057.32,1057.4,1057.32,1057.4,0.01,12.69,13331.83,1
2023-10-19,2023-10-19 12:36:00,1057.4,1057.48,1057.4,1057.48,0.01,12.69,13331.83,1
2023-10-19,2023-10-19 12:37:00,1057.48,1057.55,1057.48,1057.55,0.01,12.69,13331.83,1
2023-10-19,2023-10-19 12:38:00,1057.55,1057.63,1057.55,1057.63,0.01,12.69,13331.83,1
2023-10-19,2023-10-19 12:39:00,1057.63,1057.71,1057.63,1057.71,0.01,12.69,13331.83,1
2023-10-19,2023-10-19 12:40:00,1057.71,1057.79,1057.71,1057.79,0.01,12.69,13331.83,1
2023-10-19,2023-10-19 12:41:00,1057.79,1057.86,1057.79,1057.86,0.01,12.69,13331.83,1
2023-10-19,2023-10-19 12:42:00,1057.86,1057.94,1057.86,1057.94,0.01,12.69,13331.83,1
2023-10-19,2023-10-19 12:43:00,1057.94,1058.02,1057.94,1058.02,0.01,12.69,13331.83,1
2023-10-19,2023-10-19 12:44:00,1058.02,1058.09,1058.02,1058.09,0.01,12.69,13331.83,1
2023-10-19,2023-10-19 12:45:00,1058.09,1058.17,1058.09,1058.17,0.01,12.69,13331.83,1
2023-10-19,2023-10-19 12:46:00,1058.17,1058.25,1058.17,1058.25,0.01,12.69,13331.83,1
2023-10-19,2023-10-19 12:47:00,1058.25,1058.33,1058.25,1058.33,0.01,12.69,13331.83,1
2023-10-19,2023-10-19 12:48:00,1058.33,1058.4,1058.33,1058.4,0.01,12.69,13331.83,1
2023-10-19,2023-10-19 12:49:00,1058.4,1058.48,1058.4,1058.48,0.01,12.69,13331.83,1
2023-10-19,2023-10-19 12:50:00,1058.48,1058.56,1058.48,1058.56,0.01,12.69,13331.83,1
2023-10-19,2023-10-19 12:51:00,1058.56,1058.63,1058.56,1058.63,0.01,12.69,13331.83,1
2023-10-19,2023-10-19 12:52:00,1058.63,1058.71,1058.63,1058.71,0.01,12.69,13331.83,1
2023-10-19,2023-10-19 12:53:00,1058.71,1058.79,1058.71,1058.79,0.01,12.69,13331.83,1
2023-10-19,2023-10-19 12:54:00,1058.79,1058.86,1058.79,1058.86,0.01,12.69,13331.83,1
2023-10-19,2023-10-19 12:55:00,1058.86,1058.94,1058.86,1058.94,0.01,12.69,13331.83,1
2023-10-19,2023-10-19 12:56:00,1058.94,1059.02,1058.94,1059.02,0.01,12.69,13331.83,1
2023-10-19,2023-10-19 12:57:00,1059.02,1059.1,1059.02,1059.1,0.01,12.69,13331.83,1
2023-10-19,2023-10-19 12:58:00,1059.1,1059.17,1059.1,1059.17,0.01,12.69,13331.83,1
2023-10-19,2023-10-19 12:59:00,1059.17,1059.25,1059.17,1059.25,0.01,12.69,13331.83,1
2023-10-19,2023-10-19 13:00:00,1059.25,1076.1,994.0,1059.33,0.01,12.69,13331.83,1
2023-10-19,2023-10-19 13:01:00,1059.33,1059.4,1059.33,1059.4,0.01,12.69,13331.83,1
2023-10-19,2023-10-19 13:02:00,1059.4,1059.48,1059.4,1059.48,0.01,12.69,13331.83,1
2023-10-19,2023-10-19 13:03:00,1059.48,1059.56,1059.48,1059.56,0.01,12.69,13331.83,1
2023-10-19,2023-10-19 13:04:00,1059.56,1059.64,1059.56,1059.64,0.01,12.69,13331.83,1
2023-10-19,2023-10-19 13:05:00,1059.64,1059.71,1059.64,1059.71,0.01,12.69,13331.83,1
2023-10-19,2023-10-19 13:06:00,1059.71,1059.79,1059.71,1059.79,0.01,12.69,13331.83,1
2023-10-19,2023-10-19 13:07:00,1059.79,1059.87,1059.79,1059.87,0.01,12.69,13331.83,1
2023-10-19,2023-10-19 13:08:00,1059.87,1059.94,1059.87,1059.94,0.01,12.69,13331.83,1
2023-10-19,2023-10-19 13:09:00,1059.94,1060.02,1059.94,1060.02,0.01,12.69,13331.83,1
2023-10-19,2023-10-19 13:10:00,1060.02,1060.1,1060.02,1060.1,0.01,12.69,13331.83,1
2023-10-19,2023-10-19 13:11:00,1060.1,1060.17,1060.1,1060.17,0.01,12.69,13331.83,1
2023-10-19,2023-10-19 13:12:00,1060.17,1060.25,1060.17,1060.25,0.01,12.69,13331.83,1
2023-10-19,2023-10-19 13:13:00,1060.25,1060.33,1060.25,1060.33,0.01,12.69,13331.83,1
2023-10-19,2023-10-19 13:14:00,1060.33,1060.41,1060.33,1060.41,0.01,12.69,13331.83,1
2023-10-19,2023-10-19 13:15:00,1060.41,1060.48,1060.41,1060.48,0.01,12.69,13331.83,1
2023-10-19,2023-10-19 13:16:00,1060.48,1060.56,1060.48,1060.56,0.01,12.69,13331.83,1
2023-10-19,2023-10-19 13:17:00,1060.56,1060.64,1060.56,1060.64,0.01,12.69,13331.83,1
2023-10-19,2023-10-19 13:18:00,1060.64,1060.71,1060.64,1060.71,0.01,12.69,13331.83,1
2023-10-19,2023-10-19 13:19:00,1060.71,1060.79,1060.71,1060.79,0.01,12.69,13331.83,1
2023-10-19,2023-10-19 13:20:00,1060.79,1060.87,1060.79,1060.87,0.01,12.69,13331.83,1
2023-10-19,2023-10-19 13:21:00,1060.87,1060.95,1060.87,1060.95,0.01,12.69,13331.83,1
2023-10-19,2023-10-19 13:22:00,1060.95,1061.02,1060.95,1061.02,0.01,12.69,13331.83,1
2023-10-19,2023-10-19 13:23:00,1061.02,1061.1,1061.02,1061.1,0.01,12.69,13331.83,1
2023-10-19,2023-10-19 13:24:00,1061.1,1061.18,1061.1,1061.18,0.01,12.69,13331.83,1
2023-10-19,2023-10-19 13:25:00,1061.18,1061.25,1061.18,1061.25,0.01,12.69,13331.83,1
2023-10-19,2023-10-19 13:26:00,1061.25,1061.33,1061.25,1061.33,0.01,12.69,13331.83,1
2023-10-19,2023-10-19 13:27:00,1061.33,1061.41,1061.33,1061.41,0.01,12.69,13331.83,1
2023-10-19,2023-10-19 13:28:00,1061.41,1061.49,1061.41,1061.49,0.01,12.69,13331.83,1
2023-10-19,2023-10-19 13:29:00,1061.49,1061.56,1061.49,1061.56,0.01,12.69,13331.83,1
2023-10-19,2023-10-19 13:30:00,1061.56,1061.64,1061.56,1061.64,0.01,12.69,13331.83,1
2023-10-19,2023-10-19 13:31:00,1061.64,1061.72,1061.64,1061.72,0.01,12.69,13331.83,1
2023-10-19,2023-10-19 13:32:00,1061.72,1061.79,1061.72,1061.79,0.01,12.69,13331.83,1
2023-10-19,2023-10-19 13:33:00,1061.79,1061.87,1061.79,1061.87,0.01,12.69,13331.83,1
2023-10-19,2023-10-19 13:34:00,1061.87,1061.95,1061.87,1061.95,0.01,12.69,13331.83,1
2023-10-19,2023-10-19 13:35:00,1061.95,1062.03,1061.95,1062.03,0.01,12.69,13331.83,1
2023-10-19,2023-10-19 13:36:00,1062.03,1062.1,1062.03,1062.1,0.01,12.69,13331.83,1
2023-10-19,2023-10-19 13:37:00,1062.1,1062.18,1062.1,1062.18,0.01,12.69,13331.83,1
2023-10-19,2023-10-19 13:38:00,1062.18,1062.26,1062.18,1062.26,0.01,12.69,13331.83,1
2023-10-19,2023-10-19 13:39:00,1062.26,1062.33,1062.26,1062.33,0.01,12.69,13331.83,1
2023-10-19,2023-10-19 13:40:00,1062.33,1062.41,1062.33,1062.41,0.01,12.69,13331.83,1
2023-10-19,2023-10-19 13:41:00,1062.41,1062.49,1062.41,1062.49,0.01,12.69,13331.83,1
2023-10-19,2023-10-19 13:42:00,1062.49,1062.56,1062.49,1062.56,0.01,12.69,13331.83,1
2023-10-19,2023-10-19 13:43:00,1062.56,1062.64,1062.56,1062.64,0.01,12.69,13331.83,1
2023-10-19,2023-10-19 13:44:00,1062.64,1062.72,1062.64,1062.72,0.01,12.69,13331.83,1
2023-10-19,2023-10-19 13:45:00,1062.72,1062.8,1062.72,1062.8,0.01,12.69,13331.83,1
2023-10-19,2023-10-19 13:46:00,1062.8,1062.87,1062.8,1062.87,0.01,12.69,13331.83,1
2023-10-19,2023-10-19 13:47:00,1062.87,1062.95,1062.87,1062.95,0.01,12.69,13331.83,1
2023-10-19,2023-10-19 13:48:00,1062.95,1063.03,1062.95,1063.03,0.01,12.69,13331.83,1
2023-10-19,2023-10-19 13:49:00,1063.03,1063.1,1063.03,1063.1,0.01,12.69,13331.83,1
2023-10-19,2023-10-19 13:50:00,1063.1,1063.18,1063.1,1063.18,0.01,12.69,13331.83,1
2023-10-19,2023-10-19 13:51:00,1063.18,1063.26,1063.18,1063.26,0.01,12.69,13331.83,1
2023-10-19,2023-10-19 13:52:00,1063.26,1063.34,1063.26,1063.34,0.01,12.69,13331.83,1
2023-10-19,2023-10-19 13:53:00,1063.34,1063.41,1063.34,1063.41,0.01,12.69,13331.83,1
2023-10-19,2023-10-19 13:54:00,1063.41,1063.49,1063.41,1063.49,0.01,12.69,13331.83,1
2023-10-19,2023-10-19 13:55:00,1063.49,1063.57,1063.49,1063.57,0.01,12.69,13331.83,1
2023-10-19,2023-10-19 13:56:00,1063.57,1063.64,1063.57,1063.64,0.01,12.69,13331.83,1
2023-10-19,2023-10-19 13:57:00,1063.64,1063.72,1063.64,1063.72,0.01,12.69,13331.83,1
2023-10-19,2023-10-19 13:58:00,1063.72,1063.8,1063.72,1063.8,0.01,12.69,13331.83,1
2023-10-19,2023-10-19 13:59:00,1063.8,1063.88,1063.8,1063.88,0.01,12.69,13331.83,1
2023-10-19,2023-10-19 14:00:00,1063.88,1063.95,1063.88,1063.95,0.01,12.69,13331.83,1
2023-10-19,2023-10-19 14:01:00,1063.95,1064.03,1063.95,1064.03,0.01,12.69,13331.83,1
2023-10-19,2023-10-19 14:02:00,1064.03,1064.11,1064.03,1064.11,0.01,12.69,13331.83,1
2023-10-19,2023-10-19 14:03:00,1064.11,1064.18,1064.11,1064.18,0.01,12.69,13331.83,1
2023-10-19,2023-10-19 14:04:00,1064.18,1064.26,1064.18,1064.26,0.01,12.69,13331.83,1
2023-10-19,2023-10-19 14:05:00,1064.26,1064.34,1064.26,1064.34,0.01,12.69,13331.83,1
2023-10-19,2023-10-19 14:06:00,1064.34,1064.41,1064.34,1064.41,0.01,12.69,13331.83,1
2023-10-19,2023-10-19 14:07:00,1064.41,1064.49,1064.41,1064.49,0.01,12.69,13331.83,1
2023-10-19,2023-10-19 14:08:00,1064.49,1064.57,1064.49,1064.57,0.01,12.69,13331.83,1
2023-10-19,2023-10-19 14:09:00,1064.57,1064.65,1064.57,1064.65,0.01,12.69,13331.83,1
2023-10-19,2023-10-19 14:10:00,1064.65,1064.72,1064.65,1064.72,0.01,12.69,13331.83,1
2023-10-19,2023-10-19 14:11:00,1064.72,1064.8,1064.72,1064.8,0.01,12.69,13331.83,1
2023-10-19,2023-10-19 14:12:00,1064.8,1064.88,1064.8,1064.88,0.01,12.69,13331.83,1
2023-10-19,2023-10-19 14:13:00,1064.88,1064.95,1064.88,1064.95,0.01,12.69,13331.83,1
2023-10-19,2023-10-19 14:14:00,1064.95,1065.03,1064.95,1065.03,0.01,12.69,13331.83,1
2023-10-19,2023-10-19 14:15:00,1065.03,1065.11,1065.03,1065.11,0.01,12.69,13331.83,1
2023-10-19,2023-10-19 14:16:00,1065.11,1065.19,1065.11,1065.19,0.01,12.69,13331.83,1
2023-10-19,2023-10-19 14:17:00,1065.19,1065.26,1065.19,1065.26,0.01,12.69,13331.83,1
2023-10-19,2023-10-19 14:18:00,1065.26,1065.34,1065.26,1065.34,0.01,12.69,13331.83,1
2023-10-19,2023-10-19 14:19:00,1065.34,1065.42,1065.34,1065.42,0.01,12.69,13331.83,1
2023-10-19,2023-10-19 14:20:00,1065.42,1065.49,1065.42,1065.49,0.01,12.69,13331.83,1
2023-10-19,2023-10-19 14:21:00,1065.49,1065.57,1065.49,1065.57,0.01,12.69,13331.83,1
2023-10-19,2023-10-19 14:22:00,1065.57,1065.65,1065.57,1065.65,0.01,12.69,13331.83,1
2023-10-19,2023-10-19 14:23:00,1065.65,1065.72,1065.65,1065.72,0.01,12.69,13331.83,1
2023-10-19,2023-10-19 14:24:00,1065.72,1065.8,1065.72,1065.8,0.01,12.69,13331.83,1
2023-10-19,2023-10-19 14:25:00,1065.8,1065.88,1065.8,1065.88,0.01,12.69,13331.83,1
2023-10-19,2023-10-19 14:26:00,1065.88,1065.96,1065.88,1065.96,0.01,12.69,13331.83,1
2023-10-19,2023-10-19 14:27:00,1065.96,1066.03,1065.96,1066.03,0.01,12.69,13331.83,1
2023-10-19,2023-10-19 14:28:00,1066.03,1066.11,1066.03,1066.11,0.01,12.69,13331.83,1
2023-10-19,2023-10-19 14:29:00,1066.11,1066.19,1066.11,1066.19,0.01,12.69,13331.83,1
2023-10-19,2023-10-19 14:30:00,1066.19,1066.26,1066.19,1066.26,0.01,12.69,13331.83,1
2023-10-19,2023-10-19 14:31:00,1066.26,1066.34,1066.26,1066.34,0.01,12.69,13331.83,1
2023-10-19,2023-10-19 14:32:00,1066.34,1066.42,1066.34,1066.42,0.01,12.69,13331.83,1
2023-10-19,2023-10-19 14:33:00,1066.42,1066.5,1066.42,1066.5,0.01,12.69,13331.83,1
2023-10-19,2023-10-19 14:34:00,1066.5,1066.57,1066.5,1066.57,0.01,12.69,13331.83,1
2023-10-19,2023-10-19 14:35:00,1066.57,1066.65,1066.57,1066.65,0.01,12.69,13331.83,1
2023-10-19,2023-10-19 14:36:00,1066.65,1066.73,1066.65,1066.73,0.01,12.69,13331.83,1
2023-10-19,2023-10-19 14:37:00,1066.73,1066.8,1066.73,1066.8,0.01,12.69,13331.83,1
2023-10-19,2023-10-19 14:38:00,1066.8,1066.88,1066.8,1066.88,0.01,12.69,13331.83,1
2023-10-19,2023-10-19 14:39:00,1066.88,1066.96,1066.88,1066.96,0.01,12.69,13331.83,1
2023-10-19,2023-10-19 14:40:00,1066.96,1067.04,1066.96,1067.04,0.01,12.69,13331.83,1
2023-10-19,2023-10-19 14:41:00,1067.04,1067.11,1067.04,1067.11,0.01,12.69,13331.83,1
2023-10-19,2023-10-19 14:42:00,1067.11,1067.19,1067.11,1067.19,0.01,12.69,13331.83,1
2023-10-19,2023-10-19 14:43:00,1067.19,1067.27,1067.19,1067.27,0.01,12.69,13331.83,1
2023-10-19,2023-10-19 14:44:00,1067.27,1067.34,1067.27,1067.34,0.01,12.69,13331.83,1
2023-10-19,2023-10-19 14:45:00,1067.34,1067.42,1067.34,1067.42,0.01,12.69,13331.83,1
2023-10-19,2023-10-19 14:46:00,1067.42,1067.5,1067.42,1067.5,0.01,12.69,13331.83,1
2023-10-19,2023-10-19 14:47:00,1067.5,1067.58,1067.5,1067.58,0.01,12.69,13331.83,1
2023-10-19,2023-10-19 14:48:00,1067.58,1067.65,1067.58,1067.65,0.01,12.69,13331.83,1
2023-10-19,2023-10-19 14:49:00,1067.65,1067.73,1067.65,1067.73,0.01,12.69,13331.83,1
2023-10-19,2023-10-19 14:50:00,1067.73,1067.81,1067.73,1067.81,0.01,12.69,13331.83,1
2023-10-19,2023-10-19 14:51:00,1067.81,1067.88,1067.81,1067.88,0.01,12.69,13331.83,1
2023-10-19,2023-10-19 14:52:00,1067.88,1067.96,1067.88,1067.96,0.01,12.69,13331.83,1
2023-10-19,2023-10-19 14:53:00,1067.96,1068.04,1067.96,1068.04,0.01,12.69,13331.83,1
2023-10-19,2023-10-19 14:54:00,1068.04,1068.11,1068.04,1068.11,0.01,12.69,13331.83,1
2023-10-19,2023-10-19 14:55:00,1068.11,1068.19,1068.11,1068.19,0.01,12.69,13331.83,1
2023-10-19,2023-10-19 14:56:00,1068.19,1068.27,1068.19,1068.27,0.01,12.69,13331.83,1
2023-10-19,2023-10-19 14:57:00,1068.27,1068.35,1068.27,1068.35,0.01,12.69,13331.83,1
2023-10-19,2023-10-19 14:58:00,1068.35,1068.42,1068.35,1068.42,0.01,12.69,13331.83,1
2023-10-19,2023-10-19 14:59:00,1068.42,1068.5,1068.42,1068.5,0.01,12.69,13331.83,1
2023-10-19,2023-10-19 15:00:00,1068.5,1076.1,994.0,1068.5,0.0,12.69,13331.83,0
2023-10-29,2023-10-29 11:00:00,1048.0,1080.1,1037.2,1048.38,0.04,14.8,15452.48,1
2023-10-29,2023-10-29 11:01:00,1048.38,1048.76,1048.38,1048.76,0.04,14.8,15452.48,1
2023-10-29,2023-10-29 11:02:00,1048.76,1049.14,1048.76,1049.14,0.04,14.8,15452.48,1
2023-10-29,2023-10-29 11:03:00,1049.14,1049.52,1049.14,1049.52,0.04,14.8,15452.48,1
2023-10-29,2023-10-29 11:04:00,1049.52,1049.9,1049.52,1049.9,0.04,14.8,15452.48,1
2023-10-29,2023-10-29 11:05:00,1049.9,1050.28,1049.9,1050.28,0.04,14.8,15452.48,1
2023-10-29,2023-10-29 11:06:00,1050.28,1050.65,1050.28,1050.65,0.04,14.8,15452.48,1
2023-10-29,2023-10-29 11:07:00,1050.65,1051.03,1050.65,1051.03,0.04,14.8,15452.48,1
2023-10-29,2023-10-29 11:08:00,1051.03,1051.41,1051.03,1051.41,0.04,14.8,15452.48,1
2023-10-29,2023-10-29 11:09:00,1051.41,1051.79,1051.41,1051.79,0.04,14.8,15452.48,1
2023-10-29,2023-10-29 11:10:00,1051.79,1052.17,1051.79,1052.17,0.04,14.8,15452.48,1
2023-10-29,2023-10-29 11:11:00,1052.17,1052.55,1052.17,1052.55,0.04,14.8,15452.48,1
2023-10-29,2023-10-29 11:12:00,1052.55,1052.93,1052.55,1052.93,0.04,14.8,15452.48,1
2023-10-29,2023-10-29 11:13:00,1052.93,1053.31,1052.93,1053.31,0.04,14.8,15452.48,1
2023-10-29,2023-10-29 11:14:00,1053.31,1053.69,1053.31,1053.69,0.04,14.8,15452.48,1
2023-10-29,2023-10-29 11:15:00,1053.69,1054.07,1053.69,1054.07,0.04,14.8,15452.48,1
2023-10-29,2023-10-29 11:16:00,1054.07,1054.45,1054.07,1054.45,0.04,14.8,15452.48,1
2023-10-29,2023-10-29 11:17:00,1054.45,1054.83,1054.45,1054.83,0.04,14.8,15452.48,1
2023-10-29,2023-10-29 11:18:00,1054.83,1055.2,1054.83,1055.2,0.04,14.8,15452.48,1
2023-10-29,2023-10-29 11:19:00,1055.2,1055.58,1055.2,1055.58,0.04,14.8,15452.48,1
2023-10-29,2023-10-29 11:20:00,1055.58,1055.96,1055.58,1055.96,0.04,14.8,15452.48,1
2023-10-29,2023-10-29 11:21:00,1055.96,1056.34,1055.96,1056.34,0.04,14.8,15452.48,1
2023-10-29,2023-10-29 11:22:00,1056.34,1056.72,1056.34,1056.72,0.04,14.8,15452.48,1
2023-10-29,2023-10-29 11:23:00,1056.72,1057.1,1056.72,1057.1,0.04,14.8,15452.48,1
2023-10-29,2023-10-29 11:24:00,1057.1,1057.48,1057.1,1057.48,0.04,14.8,15452.48,1
2023-10-29,2023-10-29 11:25:00,1057.48,1057.86,1057.48,1057.86,0.04,14.8,15452.48,1
2023-10-29,2023-10-29 11:26:00,1057.86,1058.24,1057.86,1058.24,0.04,14.8,15452.48,1
2023-10-29,2023-10-29 11:27:00,1058.24,1058.62,1058.24,1058.62,0.04,14.8,15452.48,1
2023-10-29,2023-10-29 11:28:00,1058.62,1059.0,1058.62,1059.0,0.04,14.8,15452.48,1
2023-10-29,2023-10-29 11:29:00,1059.0,1059.38,1059.0,1059.38,0.04,14.8,15452.48,1
2023-10-29,2023-10-29 11:30:00,1059.38,1059.75,1059.38,1059.75,0.03,14.8,15452.48,1
2023-10-29,2023-10-29 11:31:00,1059.75,1060.13,1059.75,1060.13,0.04,14.8,15452.48,1
2023-10-29,2023-10-29 11:32:00,1060.13,1060.51,1060.13,1060.51,0.04,14.8,15452.48,1
2023-10-29,2023-10-29 11:33:00,1060.51,1060.89,1060.51,1060.89,0.04,14.8,15452.48,1
2023-10-29,2023-10-29 11:34:00,1060.89,1061.27,1060.89,1061.27,0.04,14.8,15452.48,1
2023-10-29,2023-10-29 11:35:00,1061.27,1061.65,1061.27,1061.65,0.04,14.8,15452.48,1
2023-10-29,2023-10-29 11:36:00,1061.65,1062.03,1061.65,1062.03,0.04,14.8,15452.48,1
2023-10-29,2023-10-29 11:37:00,1062.03,1062.41,1062.03,1062.41,0.04,14.8,15452.48,1
2023-10-29,2023-10-29 11:38:00,1062.41,1062.79,1062.41,1062.79,0.04,14.8,15452.48,1
2023-10-29,2023-10-29 11:39:00,1062.79,1063.17,1062.79,1063.17,0.04,14.8,15452.48,1
2023-10-29,2023-10-29 11:40:00,1063.17,1063.55,1063.17,1063.55,0.04,14.8,15452.48,1
2023-10-29,2023-10-29 11:41:00,1063.55,1063.92,1063.55,1063.92,0.03,14.8,15452.48,1
2023-10-29,2023-10-29 11:42:00,1063.92,1064.3,1063.92,1064.3,0.04,14.8,15452.48,1
2023-10-29,2023-10-29 11:43:00,1064.3,1064.68,1064.3,1064.68,0.04,14.8,15452.48,1
2023-10-29,2023-10-29 11:44:00,1064.68,1065.06,1064.68,1065.06,0.04,14.8,15452.48,1
2023-10-29,2023-10-29 11:45:00,1065.06,1065.44,1065.06,1065.44,0.04,14.8,15452.48,1
2023-10-29,2023-10-29 11:46:00,1065.44,1065.82,1065.44,1065.82,0.04,14.8,15452.48,1
2023-10-29,2023-10-29 11:47:00,1065.82,1066.2,1065.82,1066.2,0.04,14.8,15452.48,1
2023-10-29,2023-10-29 11:48:00,1066.2,1066.58,1066.2,1066.58,0.04,14.8,15452.48,1
2023-10-29,2023-10-29 11:49:00,1066.58,1066.96,1066.58,1066.96,0.04,14.8,15452.48,1
2023-10-29,2023-10-29 11:50:00,1066.96,1067.34,1066.96,1067.34,0.04,14.8,15452.48,1
2023-10-29,2023-10-29 11:51:00,1067.34,1067.72,1067.34,1067.72,0.04,14.8,15452.48,1
2023-10-29,2023-10-29 11:52:00,1067.72,1068.1,1067.72,1068.1,0.04,14.8,15452.48,1
2023-10-29,2023-10-29 11:53:00,1068.1,1068.47,1068.1,1068.47,0.03,14.8,15452.48,1
2023-10-29,2023-10-29 11:54:00,1068.47,1068.85,1068.47,1068.85,0.04,14.8,15452.48,1
2023-10-29,2023-10-29 11:55:00,1068.85,1069.23,1068.85,1069.23,0.04,14.8,15452.48,1
2023-10-29,2023-10-29 11:56:00,1069.23,1069.61,1069.23,1069.61,0.04,14.8,15452.48,1
2023-10-29,2023-10-29 11:57:00,1069.61,1069.99,1069.61,1069.99,0.04,14.8,15452.48,1
2023-10-29,2023-10-29 11:58:00,1069.99,1070.37,1069.99,1070.37,0.04,14.8,15452.48,1
2023-10-29,2023-10-29 11:59:00,1070.37,1070.75,1070.37,1070.75,0.04,14.8,15452.48,1
2023-10-29,2023-10-29 12:00:00,1070.75,1071.13,1070.75,1071.13,0.04,14.8,15452.48,1
2023-10-29,2023-10-29 12:01:00,1071.13,1071.51,1071.13,1071.51,0.04,14.8,15452.48,1
2023-10-29,2023-10-29 12:02:00,1071.51,1071.89,1071.51,1071.89,0.04,14.8,15452.48,1
2023-10-29,2023-10-29 12:03:00,1071.89,1072.27,1071.89,1072.27,0.04,14.8,15452.48,1
2023-10-29,2023-10-29 12:04:00,1072.27,1072.65,1072.27,1072.65,0.04,14.8,15452.48,1
2023-10-29,2023-10-29 12:05:00,1072.65,1073.03,1072.65,1073.03,0.04,14.8,15452.48,1
2023-10-29,2023-10-29 12:06:00,1073.03,1073.4,1073.03,1073.4,0.03,14.8,15452.48,1
2023-10-29,2023-10-29 12:07:00,1073.4,1073.78,1073.4,1073.78,0.04,14.8,15452.48,1
2023-10-29,2023-10-29 12:08:00,1073.78,1074.16,1073.78,1074.16,0.04,14.8,15452.48,1
2023-10-29,2023-10-29 12:09:00,1074.16,1074.54,1074.16,1074.54,0.04,14.8,15452.48,1
2023-10-29,2023-10-29 12:10:00,1074.54,1074.92,1074.54,1074.92,0.04,14.8,15452.48,1
2023-10-29,2023-10-29 12:11:00,1074.92,1075.3,1074.92,1075.3,0.04,14.8,15452.48,1
2023-10-29,2023-10-29 12:12:00,1075.3,1075.68,1075.3,1075.68,0.04,14.8,15452.48,1
2023-10-29,2023-10-29 12:13:00,1075.68,1076.06,1075.68,1076.06,0.04,14.8,15452.48,1
2023-10-29,2023-10-29 12:14:00,1076.06,1076.44,1076.06,1076.44,0.04,14.8,15452.48,1
2023-10-29,2023-10-29 12:15:00,1076.44,1076.82,1076.44,1076.82,0.04,14.8,15452.48,1
2023-10-29,2023-10-29 12:16:00,1076.82,1077.2,1076.82,1077.2,0.04,14.8,15452.48,1
2023-10-29,2023-10-29 12:17:00,1077.2,1077.58,1077.2,1077.58,0.04,14.8,15452.48,1
2023-10-29,2023-10-29 12:18:00,1077.58,1077.95,1077.58,1077.95,0.03,14.8,15452.48,1
2023-10-29,2023-10-29 12:19:00,1077.95,1078.33,1077.95,1078.33,0.04,14.8,15452.48,1
2023-10-29,2023-10-29 12:20:00,1078.33,1078.71,1078.33,1078.71,0.04,14.8,15452.48,1
2023-10-29,2023-10-29 12:21:00,1078.71,1079.09,1078.71,1079.09,0.04,14.8,15452.48,1
2023-10-29,2023-10-29 12:22:00,1079.09,1079.47,1079.09,1079.47,0.04,14.8,15452.48,1
2023-10-29,2023-10-29 12:23:00,1079.47,1079.85,1079.47,1079.85,0.04,14.8,15452.48,1
2023-10-29,2023-10-29 12:24:00,1079.85,1080.23,1079.85,1080.23,0.04,14.8,15452.48,1
2023-10-29,2023-10-29 12:25:00,1080.23,1080.61,1080.23,1080.61,0.04,14.8,15452.48,1
2023-10-29,2023-10-29 12:26:00,1080.61,1080.99,1080.61,1080.99,0.04,14.8,15452.48,1
2023-10-29,2023-10-29 12:27:00,1080.99,1081.37,1080.99,1081.37,0.04,14.8,15452.48,1
2023-10-29,2023-10-29 12:28:00,1081.37,1081.75,1081.37,1081.75,0.04,14.8,15452.48,1
2023-10-29,2023-10-29 12:29:00,1081.75,1082.12,1081.75,1082.12,0.03,14.8,15452.48,1
2023-10-29,2023-10-29 12:30:00,1082.12,1082.5,1082.12,1082.5,0.04,14.8,15452.48,1
2023-10-29,2023-10-29 12:31:00,1082.5,1082.88,1082.5,1082.88,0.04,14.8,15452.48,1
2023-10-29,2023-10-29 12:32:00,1082.88,1083.26,1082.88,1083.26,0.04,14.8,15452.48,1
2023-10-29,2023-10-29 12:33:00,1083.26,1083.64,1083.26,1083.64,0.04,14.8,15452.48,1
2023-10-29,2023-10-29 12:34:00,1083.64,1084.02,1083.64,1084.02,0.04,14.8,15452.48,1
2023-10-29,2023-10-29 12:35:00,1084.02,1084.4,1084.02,1084.4,0.04,14.8,15452.48,1
2023-10-29,2023-10-29 12:36:00,1084.4,1084.78,1084.4,1084.78,0.04,14.8,15452.48,1
2023-10-29,2023-10-29 12:37:00,1084.78,1085.16,1084.78,1085.16,0.04,14.8,15452.48,1
2023-10-29,2023-10-29 12:38:00,1085.16,1085.54,1085.16,1085.54,0.04,14.8,15452.48,1
2023-10-29,2023-10-29 12:39:00,1085.54,1085.92,1085.54,1085.92,0.04,14.8,15452.48,1
2023-10-29,2023-10-29 12:40:00,1085.92,1086.3,1085.92,1086.3,0.03,14.8,15452.48,1
2023-10-29,2023-10-29 12:41:00,1086.3,1086.67,1086.3,1086.67,0.03,14.8,15452.48,1
2023-10-29,2023-10-29 12:42:00,1086.67,1087.05,1086.67,1087.05,0.03,14.8,15452.48,1
2023-10-29,2023-10-29 12:43:00,1087.05,1087.43,1087.05,1087.43,0.03,14.8,15452.48,1
2023-10-29,2023-10-29 12:44:00,1087.43,1087.81,1087.43,1087.81,0.03,14.8,15452.48,1
2023-10-29,2023-10-29 12:45:00,1087.81,1088.19,1087.81,1088.19,0.03,14.8,15452.48,1
2023-10-29,2023-10-29 12:46:00,1088.19,1088.57,1088.19,1088.57,0.03,14.8,15452.48,1
2023-10-29,2023-10-29 12:47:00,1088.57,1088.95,1088.57,1088.95,0.03,14.8,15452.48,1
2023-10-29,2023-10-29 12:48:00,1088.95,1089.33,1088.95,1089.33,0.03,14.8,15452.48,1
2023-10-29,2023-10-29 12:49:00,1089.33,1089.71,1089.33,1089.71,0.03,14.8,15452.48,1
2023-10-29,2023-10-29 12:50:00,1089.71,1090.09,1089.71,1090.09,0.03,14.8,15452.48,1
2023-10-29,2023-10-29 12:51:00,1090.09,1090.47,1090.09,1090.47,0.03,14.8,15452.48,1
2023-10-29,2023-10-29 12:52:00,1090.47,1090.85,1090.47,1090.85,0.03,14.8,15452.48,1
2023-10-29,2023-10-29 12:53:00,1090.85,1091.22,1090.85,1091.22,0.03,14.8,15452.48,1
2023-10-29,2023-10-29 12:54:00,1091.22,1091.6,1091.22,1091.6,0.03,14.8,15452.48,1
2023-10-29,2023-10-29 12:55:00,1091.6,1091.98,1091.6,1091.98,0.03,14.8,15452.48,1
2023-10-29,2023-10-29 12:56:00,1091.98,1092.36,1091.98,1092.36,0.03,14.8,15452.48,1
2023-10-29,2023-10-29 12:57:00,1092.36,1092.74,1092.36,1092.74,0.03,14.8,15452.48,1
2023-10-29,2023-10-29 12:58:00,1092.74,1093.12,1092.74,1093.12,0.03,14.8,15452.48,1
2023-10-29,2023-10-29 12:59:00,1093.12,1093.5,1093.12,1093.5,0.03,14.8,15452.48,1
2023-10-29,2023-10-29 13:00:00,1093.5,1155.0,1012.0,1093.88,0.03,14.8,15452.48,1
2023-10-29,2023-10-29 13:01:00,1093.88,1094.26,1093.88,1094.26,0.03,14.8,15452.48,1
2023-10-29,2023-10-29 13:02:00,1094.26,1094.64,1094.26,1094.64,0.03,14.8,15452.48,1
2023-10-29,2023-10-29 13:03:00,1094.64,1095.02,1094.64,1095.02,0.03,14.8,15452.48,1
2023-10-29,2023-10-29 13:04:00,1095.02,1095.4,1095.02,1095.4,0.03,14.8,15452.48,1
2023-10-29,2023-10-29 13:05:00,1095.4,1095.78,1095.4,1095.78,0.03,14.8,15452.48,1
2023-10-29,2023-10-29 13:06:00,1095.78,1096.15,1095.78,1096.15,0.03,14.8,15452.48,1
2023-10-29,2023-10-29 13:07:00,1096.15,1096.53,1096.15,1096.53,0.03,14.8,15452.48,1
2023-10-29,2023-10-29 13:08:00,1096.53,1096.91,1096.53,1096.91,0.03,14.8,15452.48,1
2023-10-29,2023-10-29 13:09:00,1096.91,1097.29,1096.91,1097.29,0.03,14.8,15452.48,1
2023-10-29,2023-10-29 13:10:00,1097.29,1097.67,1097.29,1097.67,0.03,14.8,15452.48,1
2023-10-29,2023-10-29 13:11:00,1097.67,1098.05,1097.67,1098.05,0.03,14.8,15452.48,1
2023-10-29,2023-10-29 13:12:00,1098.05,1098.43,1098.05,1098.43,0.03,14.8,15452.48,1
2023-10-29,2023-10-29 13:13:00,1098.43,1098.81,1098.43,1098.81,0.03,14.8,15452.48,1
2023-10-29,2023-10-29 13:14:00,1098.81,1099.19,1098.81,1099.19,0.03,14.8,15452.48,1
2023-10-29,2023-10-29 13:15:00,1099.19,1099.57,1099.19,1099.57,0.03,14.8,15452.48,1
2023-10-29,2023-10-29 13:16:00,1099.57,1099.95,1099.57,1099.95,0.03,14.8,15452.48,1
2023-10-29,2023-10-29 13:17:00,1099.95,1100.33,1099.95,1100.33,0.03,14.8,15452.48,1
2023-10-29,2023-10-29 13:18:00,1100.33,1100.7,1100.33,1100.7,0.03,14.8,15452.48,1
2023-10-29,2023-10-29 13:19:00,1100.7,1101.08,1100.7,1101.08,0.03,14.8,15452.48,1
2023-10-29,2023-10-29 13:20:00,1101.08,1101.46,1101.08,1101.46,0.03,14.8,15452.48,1
2023-10-29,2023-10-29 13:21:00,1101.46,1101.84,1101.46,1101.84,0.03,14.8,15452.48,1
2023-10-29,2023-10-29 13:22:00,1101.84,1102.22,1101.84,1102.22,0.03,14.8,15452.48,1
2023-10-29,2023-10-29 13:23:00,1102.22,1102.6,1102.22,1102.6,0.03,14.8,15452.48,1
2023-10-29,2023-10-29 13:24:00,1102.6,1102.98,1102.6,1102.98,0.03,14.8,15452.48,1
2023-10-29,2023-10-29 13:25:00,1102.98,1103.36,1102.98,1103.36,0.03,14.8,15452.48,1
2023-10-29,2023-10-29 13:26:00,1103.36,1103.74,1103.36,1103.74,0.03,14.8,15452.48,1
2023-10-29,2023-10-29 13:27:00,1103.74,1104.12,1103.74,1104.12,0.03,14.8,15452.48,1
2023-10-29,2023-10-29 13:28:00,1104.12,1104.5,1104.12,1104.5,0.03,14.8,15452.48,1
2023-10-29,2023-10-29 13:29:00,1104.5,1104.88,1104.5,1104.88,0.03,14.8,15452.48,1
2023-10-29,2023-10-29 13:30:00,1104.88,1105.25,1104.88,1105.25,0.03,14.8,15452.48,1
2023-10-29,2023-10-29 13:31:00,1105.25,1105.63,1105.25,1105.63,0.03,14.8,15452.48,1
2023-10-29,2023-10-29 13:32:00,1105.63,1106.01,1105.63,1106.01,0.03,14.8,15452.48,1
2023-10-29,2023-10-29 13:33:00,1106.01,1106.39,1106.01,1106.39,0.03,14.8,15452.48,1
2023-10-29,2023-10-29 13:34:00,1106.39,1106.77,1106.39,1106.77,0.03,14.8,15452.48,1
2023-10-29,2023-10-29 13:35:00,1106.77,1107.15,1106.77,1107.15,0.03,14.8,15452.48,1
2023-10-29,2023-10-29 13:36:00,1107.15,1107.53,1107.15,1107.53,0.03,14.8,15452.48,1
2023-10-29,2023-10-29 13:37:00,1107.53,1107.91,1107.53,1107.91,0.03,14.8,15452.48,1
2023-10-29,2023-10-29 13:38:00,1107.91,1108.29,1107.91,1108.29,0.03,14.8,15452.48,1
2023-10-29,2023-10-29 13:39:00,1108.29,1108.67,1108.29,1108.67,0.03,14.8,15452.48,1
2023-10-29,2023-10-29 13:40:00,1108.67,1109.05,1108.67,1109.05,0.03,14.8,15452.48,1
2023-10-29,2023-10-29 13:41:00,1109.05,1109.42,1109.05,1109.42,0.03,14.8,15452.48,1
2023-10-29,2023-10-29 13:42:00,1109.42,1109.8,1109.42,1109.8,0.03,14.8,15452.48,1
2023-10-29,2023-10-29 13:43:00,1109.8,1110.18,1109.8,1110.18,0.03,14.8,15452.48,1
2023-10-29,2023-10-29 13:44:00,1110.18,1110.56,1110.18,1110.56,0.03,14.8,15452.48,1
2023-10-29,2023-10-29 13:45:00,1110.56,1110.94,1110.56,1110.94,0.03,14.8,15452.48,1
2023-10-29,2023-10-29 13:46:00,1110.94,1111.32,1110.94,1111.32,0.03,14.8,15452.48,1
2023-10-29,2023-10-29 13:47:00,1111.32,1111.7,1111.32,1111.7,0.03,14.8,15452.48,1
2023-10-29,2023-10-29 13:48:00,1111.7,1112.08,1111.7,1112.08,0.03,14.8,15452.48,1
2023-10-29,2023-10-29 13:49:00,1112.08,1112.46,1112.08,1112.46,0.03,14.8,15452.48,1
2023-10-29,2023-10-29 13:50:00,1112.46,1112.84,1112.46,1112.84,0.03,14.8,15452.48,1
2023-10-29,2023-10-29 13:51:00,1112.84,1113.22,1112.84,1113.22,0.03,14.8,15452.48,1
2023-10-29,2023-10-29 13:52:00,1113.22,1113.6,1113.22,1113.6,0.03,14.8,15452.48,1
2023-10-29,2023-10-29 13:53:00,1113.6,1113.97,1113.6,1113.97,0.03,14.8,15452.48,1
2023-10-29,2023-10-29 13:54:00,1113.97,1114.35,1113.97,1114.35,0.03,14.8,15452.48,1
2023-10-29,2023-10-29 13:55:00,1114.35,1114.73,1114.35,1114.73,0.03,14.8,15452.48,1
2023-10-29,2023-10-29 13:56:00,1114.73,1115.11,1114.73,1115.11,0.03,14.8,15452.48,1
2023-10-29,2023-10-29 13:57:00,1115.11,1115.49,1115.11,1115.49,0.03,14.8,15452.48,1
2023-10-29,2023-10-29 13:58:00,1115.49,1115.87,1115.49,1115.87,0.03,14.8,15452.48,1
2023-10-29,2023-10-29 13:59:00,1115.87,1116.25,1115.87,1116.25,0.03,14.8,15452.48,1
2023-10-29,2023-10-29 14:00:00,1116.25,1116.63,1116.25,1116.63,0.03,14.8,15452.48,1
2023-10-29,2023-10-29 14:01:00,1116.63,1117.01,1116.63,1117.01,0.03,14.8,15452.48,1
2023-10-29,2023-10-29 14:02:00,1117.01,1117.39,1117.01,1117.39,0.03,14.8,15452.48,1
2023-10-29,2023-10-29 14:03:00,1117.39,1117.77,1117.39,1117.77,0.03,14.8,15452.48,1
2023-10-29,2023-10-29 14:04:00,1117.77,1118.15,1117.77,1118.15,0.03,14.8,15452.48,1
2023-10-29,2023-10-29 14:05:00,1118.15,1118.53,1118.15,1118.53,0.03,14.8,15452.48,1
2023-10-29,2023-10-29 14:06:00,1118.53,1118.9,1118.53,1118.9,0.03,14.8,15452.48,1
2023-10-29,2023-10-29 14:07:00,1118.9,1119.28,1118.9,1119.28,0.03,14.8,15452.48,1
2023-10-29,2023-10-29 14:08:00,1119.28,1119.66,1119.28,1119.66,0.03,14.8,15452.48,1
2023-10-29,2023-10-29 14:09:00,1119.66,1120.04,1119.66,1120.04,0.03,14.8,15452.48,1
2023-10-29,2023-10-29 14:10:00,1120.04,1120.42,1120.04,1120.42,0.03,14.8,15452.48,1
2023-10-29,2023-10-29 14:11:00,1120.42,1120.8,1120.42,1120.8,0.03,14.8,15452.48,1
2023-10-29,2023-10-29 14:12:00,1120.8,1121.18,1120.8,1121.18,0.03,14.8,15452.48,1
2023-10-29,2023-10-29 14:13:00,1121.18,1121.56,1121.18,1121.56,0.03,14.8,15452.48,1
2023-10-29,2023-10-29 14:14:00,1121.56,1121.94,1121.56,1121.94,0.03,14.8,15452.48,1
2023-10-29,2023-10-29 14:15:00,1121.94,1122.32,1121.94,1122.32,0.03,14.8,15452.48,1
2023-10-29,2023-10-29 14:16:00,1122.32,1122.7,1122.32,1122.7,0.03,14.8,15452.48,1
2023-10-29,2023-10-29 14:17:00,1122.7,1123.08,1122.7,1123.08,0.03,14.8,15452.48,1
2023-10-29,2023-10-29 14:18:00,1123.08,1123.45,1123.08,1123.45,0.03,14.8,15452.48,1
2023-10-29,2023-10-29 14:19:00,1123.45,1123.83,1123.45,1123.83,0.03,14.8,15452.48,1
2023-10-29,2023-10-29 14:20:00,1123.83,1124.21,1123.83,1124.21,0.03,14.8,15452.48,1
2023-10-29,2023-10-29 14:21:00,1124.21,1124.59,1124.21,1124.59,0.03,14.8,15452.48,1
2023-10-29,2023-10-29 14:22:00,1124.59,1124.97,1124.59,1124.97,0.03,14.8,15452.48,1
2023-10-29,2023-10-29 14:23:00,1124.97,1125.35,1124.97,1125.35,0.03,14.8,15452.48,1
2023-10-29,2023-10-29 14:24:00,1125.35,1125.73,1125.35,1125.73,0.03,14.8,15452.48,1
2023-10-29,2023-10-29 14:25:00,1125.73,1126.11,1125.73,1126.11,0.03,14.8,15452.48,1
2023-10-29,2023-10-29 14:26:00,1126.11,1126.49,1126.11,1126.49,0.03,14.8,15452.48,1
2023-10-29,2023-10-29 14:27:00,1126.49,1126.87,1126.49,1126.87,0.03,14.8,15452.48,1
2023-10-29,2023-10-29 14:28:00,1126.87,1127.25,1126.87,1127.25,0.03,14.8,15452.48,1
2023-10-29,2023-10-29 14:29:00,1127.25,1127.62,1127.25,1127.62,0.03,14.8,15452.48,1
2023-10-29,2023-10-29 14:30:00,1127.62,1128.0,1127.62,1128.0,0.03,14.8,15452.48,1
2023-10-29,2023-10-29 14:31:00,1128.0,1128.38,1128.0,1128.38,0.03,14.8,15452.48,1
2023-10-29,2023-10-29 14:32:00,1128.38,1128.76,1128.38,1128.76,0.03,14.8,15452.48,1
2023-10-29,2023-10-29 14:33:00,1128.76,1129.14,1128.76,1129.14,0.03,14.8,15452.48,1
2023-10-29,2023-10-29 14:34:00,1129.14,1129.52,1129.14,1129.52,0.03,14.8,15452.48,1
2023-10-29,2023-10-29 14:35:00,1129.52,1129.9,1129.52,1129.9,0.03,14.8,15452.48,1
2023-10-29,2023-10-29 14:36:00,1129.9,1130.28,1129.9,1130.28,0.03,14.8,15452.48,1
2023-10-29,2023-10-29 14:37:00,1130.28,1130.66,1130.28,1130.66,0.03,14.8,15452.48,1
2023-10-29,2023-10-29 14:38:00,1130.66,1131.04,1130.66,1131.04,0.03,14.8,15452.48,1
2023-10-29,2023-10-29 14:39:00,1131.04,1131.42,1131.04,1131.42,0.03,14.8,15452.48,1
2023-10-29,2023-10-29 14:40:00,1131.42,1131.8,1131.42,1131.8,0.03,14.8,15452.48,1
2023-10-29,2023-10-29 14:41:00,1131.8,1132.17,1131.8,1132.17,0.03,14.8,15452.48,1
2023-10-29,2023-10-29 14:42:00,1132.17,1132.55,1132.17,1132.55,0.03,14.8,15452.48,1
2023-10-29,2023-10-29 14:43:00,1132.55,1132.93,1132.55,1132.93,0.03,14.8,15452.48,1
2023-10-29,2023-10-29 14:44:00,1132.93,1133.31,1132.93,1133.31,0.03,14.8,15452.48,1
2023-10-29,2023-10-29 14:45:00,1133.31,1133.69,1133.31,1133.69,0.03,14.8,15452.48,1
2023-10-29,2023-10-29 14:46:00,1133.69,1134.07,1133.69,1134.07,0.03,14.8,15452.48,1
2023-10-29,2023-10-29 14:47:00,1134.07,1134.45,1134.07,1134.45,0.03,14.8,15452.48,1
2023-10-29,2023-10-29 14:48:00,1134.45,1134.83,1134.45,1134.83,0.03,14.8,15452.48,1
2023-10-29,2023-10-29 14:49:00,1134.83,1135.21,1134.83,1135.21,0.03,14.8,15452.48,1
2023-10-29,2023-10-29 14:50:00,1135.21,1135.59,1135.21,1135.59,0.03,14.8,15452.48,1
2023-10-29,2023-10-29 14:51:00,1135.59,1135.97,1135.59,1135.97,0.03,14.8,15452.48,1
2023-10-29,2023-10-29 14:52:00,1135.97,1136.35,1135.97,1136.35,0.03,14.8,15452.48,1
2023-10-29,2023-10-29 14:53:00,1136.35,1136.72,1136.35,1136.72,0.03,14.8,15452.48,1
2023-10-29,2023-10-29 14:54:00,1136.72,1137.1,1136.72,1137.1,0.03,14.8,15452.48,1
2023-10-29,2023-10-29 14:55:00,1137.1,1137.48,1137.1,1137.48,0.03,14.8,15452.48,1
2023-10-29,2023-10-29 14:56:00,1137.48,1137.86,1137.48,1137.86,0.03,14.8,15452.48,1
2023-10-29,2023-10-29 14:57:00,1137.86,1138.24,1137.86,1138.24,0.03,14.8,15452.48,1
2023-10-29,2023-10-29 14:58:00,1138.24,1138.62,1138.24,1138.62,0.03,14.8,15452.48,1
2023-10-29,2023-10-29 14:59:00,1138.62,1139.0,1138.62,1139.0,0.03,14.8,15452.48,1
2023-10-29,2023-10-29 15:00:00,1139.0,1155.0,1012.0,1139.0,0.0,14.8,15452.48,0
2023-10-30,2023-10-30 11:00:00,1116.3,1116.3,1090.41,1116.21,-0.01,20.31,21490.12,-1
2023-10-30,2023-10-30 11:01:00,1116.21,1116.21,1116.12,1116.12,-0.01,20.31,21490.12,-1
2023-10-30,2023-10-30 11:02:00,1116.12,1116.12,1116.03,1116.03,-0.01,20.31,21490.12,-1
2023-10-30,2023-10-30 11:03:00,1116.03,1116.03,1115.94,1115.94,-0.01,20.31,21490.12,-1
2023-10-30,2023-10-30 11:04:00,1115.94,1115.94,1115.86,1115.86,-0.01,20.31,21490.12,-1
2023-10-30,2023-10-30 11:05:00,1115.86,1115.86,1115.77,1115.77,-0.01,20.31,21490.12,-1
2023-10-30,2023-10-30 11:06:00,1115.77,1115.77,1115.68,1115.68,-0.01,20.31,21490.12,-1
2023-10-30,2023-10-30 11:07:00,1115.68,1115.68,1115.59,1115.59,-0.01,20.31,21490.12,-1
2023-10-30,2023-10-30 11:08:00,1115.59,1115.59,1115.5,1115.5,-0.01,20.31,21490.12,-1
2023-10-30,2023-10-30 11:09:00,1115.5,1115.5,1115.41,1115.41,-0.01,20.31,21490.12,-1
2023-10-30,2023-10-30 11:10:00,1115.41,1115.41,1115.32,1115.32,-0.01,20.31,21490.12,-1
2023-10-30,2023-10-30 11:11:00,1115.32,1115.32,1115.23,1115.23,-0.01,20.31,21490.12,-1
2023-10-30,2023-10-30 11:12:00,1115.23,1115.23,1115.15,1115.15,-0.01,20.31,21490.12,-1
2023-10-30,2023-10-30 11:13:00,1115.15,1115.15,1115.06,1115.06,-0.01,20.31,21490.12,-1
2023-10-30,2023-10-30 11:14:00,1115.06,1115.06,1114.97,1114.97,-0.01,20.31,21490.12,-1
2023-10-30,2023-10-30 11:15:00,1114.97,1114.97,1114.88,1114.88,-0.01,20.31,21490.12,-1
2023-10-30,2023-10-30 11:16:00,1114.88,1114.88,1114.79,1114.79,-0.01,20.31,21490.12,-1
2023-10-30,2023-10-30 11:17:00,1114.79,1114.79,1114.7,1114.7,-0.01,20.31,21490.12,-1
2023-10-30,2023-10-30 11:18:00,1114.7,1114.7,1114.61,1114.61,-0.01,20.31,21490.12,-1
2023-10-30,2023-10-30 11:19:00,1114.61,1114.61,1114.52,1114.52,-0.01,20.31,21490.12,-1
2023-10-30,2023-10-30 11:20:00,1114.52,1114.52,1114.44,1114.44,-0.01,20.31,21490.12,-1
2023-10-30,2023-10-30 11:21:00,1114.44,1114.44,1114.35,1114.35,-0.01,20.31,21490.12,-1
2023-10-30,2023-10-30 11:22:00,1114.35,1114.35,1114.26,1114.26,-0.01,20.31,21490.12,-1
2023-10-30,2023-10-30 11:23:00,1114.26,1114.26,1114.17,1114.17,-0.01,20.31,21490.12,-1
2023-10-30,2023-10-30 11:24:00,1114.17,1114.17,1114.08,1114.08,-0.01,20.31,21490.12,-1
2023-10-30,2023-10-30 11:25:00,1114.08,1114.08,1113.99,1113.99,-0.01,20.31,21490.12,-1
2023-10-30,2023-10-30 11:26:00,1113.99,1113.99,1113.9,1113.9,-0.01,20.31,21490.12,-1
2023-10-30,2023-10-30 11:27:00,1113.9,1113.9,1113.82,1113.82,-0.01,20.31,21490.12,-1
2023-10-30,2023-10-30 11:28:00,1113.82,1113.82,1113.73,1113.73,-0.01,20.31,21490.12,-1
2023-10-30,2023-10-30 11:29:00,1113.73,1113.73,1113.64,1113.64,-0.01,20.31,21490.12,-1
2023-10-30,2023-10-30 11:30:00,1113.64,1113.64,1113.55,1113.55,-0.01,20.31,21490.12,-1
2023-10-30,2023-10-30 11:31:00,1113.55,1113.55,1113.46,1113.46,-0.01,20.31,21490.12,-1
2023-10-30,2023-10-30 11:32:00,1113.46,1113.46,1113.37,1113.37,-0.01,20.31,21490.12,-1
2023-10-30,2023-10-30 11:33:00,1113.37,1113.37,1113.28,1113.28,-0.01,20.31,21490.12,-1
2023-10-30,2023-10-30 11:34:00,1113.28,1113.28,1113.19,1113.19,-0.01,20.31,21490.12,-1
2023-10-30,2023-10-30 11:35:00,1113.19,1113.19,1113.11,1113.11,-0.01,20.31,21490.12,-1
2023-10-30,2023-10-30 11:36:00,1113.11,1113.11,1113.02,1113.02,-0.01,20.31,21490.12,-1
2023-10-30,2023-10-30 11:37:00,1113.02,1113.02,1112.93,1112.93,-0.01,20.31,21490.12,-1
2023-10-30,2023-10-30 11:38:00,1112.93,1112.93,1112.84,1112.84,-0.01,20.31,21490.12,-1
2023-10-30,2023-10-30 11:39:00,1112.84,1112.84,1112.75,1112.75,-0.01,20.31,21490.12,-1
2023-10-30,2023-10-30 11:40:00,1112.75,1112.75,1112.66,1112.66,-0.01,20.31,21490.12,-1
2023-10-30,2023-10-30 11:41:00,1112.66,1112.66,1112.57,1112.57,-0.01,20.31,21490.12,-1
2023-10-30,2023-10-30 11:42:00,1112.57,1112.57,1112.48,1112.48,-0.01,20.31,21490.12,-1
2023-10-30,2023-10-30 11:43:00,1112.48,1112.48,1112.39,1112.39,-0.01,20.31,21490.12,-1
2023-10-30,2023-10-30 11:44:00,1112.39,1112.39,1112.31,1112.31,-0.01,20.31,21490.12,-1
2023-10-30,2023-10-30 11:45:00,1112.31,1112.31,1112.22,1112.22,-0.01,20.31,21490.12,-1
2023-10-30,2023-10-30 11:46:00,1112.22,1112.22,1112.13,1112.13,-0.01,20.31,21490.12,-1
2023-10-30,2023-10-30 11:47:00,1112.13,1112.13,1112.04,1112.04,-0.01,20.31,21490.12,-1
2023-10-30,2023-10-30 11:48:00,1112.04,1112.04,1111.95,1111.95,-0.01,20.31,21490.12,-1
2023-10-30,2023-10-30 11:49:00,1111.95,1111.95,1111.86,1111.86,-0.01,20.31,21490.12,-1
2023-10-30,2023-10-30 11:50:00,1111.86,1111.86,1111.77,1111.77,-0.01,20.31,21490.12,-1
2023-10-30,2023-10-30 11:51:00,1111.77,1111.77,1111.68,1111.68,-0.01,20.31,21490.12,-1
2023-10-30,2023-10-30 11:52:00,1111.68,1111.68,1111.6,1111.6,-0.01,20.31,21490.12,-1
2023-10-30,2023-10-30 11:53:00,1111.6,1111.6,1111.51,1111.51,-0.01,20.31,21490.12,-1
2023-10-30,2023-10-30 11:54:00,1111.51,1111.51,1111.42,1111.42,-0.01,20.31,21490.12,-1
2023-10-30,2023-10-30 11:55:00,1111.42,1111.42,1111.33,1111.33,-0.01,20.31,21490.12,-1
2023-10-30,2023-10-30 11:56:00,1111.33,1111.33,1111.24,1111.24,-0.01,20.31,21490.12,-1
2023-10-30,2023-10-30 11:57:00,1111.24,1111.24,1111.15,1111.15,-0.01,20.31,21490.12,-1
2023-10-30,2023-10-30 11:58:00,1111.15,1111.15,1111.06,1111.06,-0.01,20.31,21490.12,-1
2023-10-30,2023-10-30 11:59:00,1111.06,1111.06,1110.97,1110.97,-0.01,20.31,21490.12,-1
2023-10-30,2023-10-30 12:00:00,1110.97,1110.97,1110.89,1110.89,-0.01,20.31,21490.12,-1
2023-10-30,2023-10-30 12:01:00,1110.89,1110.89,1110.8,1110.8,-0.01,20.31,21490.12,-1
2023-10-30,2023-10-30 12:02:00,1110.8,1110.8,1110.71,1110.71,-0.01,20.31,21490.12,-1
2023-10-30,2023-10-30 12:03:00,1110.71,1110.71,1110.62,1110.62,-0.01,20.31,21490.12,-1
2023-10-30,2023-10-30 12:04:00,1110.62,1110.62,1110.53,1110.53,-0.01,20.31,21490.12,-1
2023-10-30,2023-10-30 12:05:00,1110.53,1110.53,1110.44,1110.44,-0.01,20.31,21490.12,-1
2023-10-30,2023-10-30 12:06:00,1110.44,1110.44,1110.35,1110.35,-0.01,20.31,21490.12,-1
2023-10-30,2023-10-30 12:07:00,1110.35,1110.35,1110.26,1110.26,-0.01,20.31,21490.12,-1
2023-10-30,2023-10-30 12:08:00,1110.26,1110.26,1110.18,1110.18,-0.01,20.31,21490.12,-1
2023-10-30,2023-10-30 12:09:00,1110.18,1110.18,1110.09,1110.09,-0.01,20.31,21490.12,-1
2023-10-30,2023-10-30 12:10:00,1110.09,1110.09,1110.0,1110.0,-0.01,20.31,21490.12,-1
2023-10-30,2023-10-30 12:11:00,1110.0,1110.0,1109.91,1109.91,-0.01,20.31,21490.12,-1
2023-10-30,2023-10-30 12:12:00,1109.91,1109.91,1109.82,1109.82,-0.01,20.31,21490.12,-1
2023-10-30,2023-10-30 12:13:00,1109.82,1109.82,1109.73,1109.73,-0.01,20.31,21490.12,-1
2023-10-30,2023-10-30 12:14:00,1109.73,1109.73,1109.64,1109.64,-0.01,20.31,21490.12,-1
2023-10-30,2023-10-30 12:15:00,1109.64,1109.64,1109.56,1109.56,-0.01,20.31,21490.12,-1
2023-10-30,2023-10-30 12:16:00,1109.56,1109.56,1109.47,1109.47,-0.01,20.31,21490.12,-1
2023-10-30,2023-10-30 12:17:00,1109.47,1109.47,1109.38,1109.38,-0.01,20.31,21490.12,-1
2023-10-30,2023-10-30 12:18:00,1109.38,1109.38,1109.29,1109.29,-0.01,20.31,21490.12,-1
2023-10-30,2023-10-30 12:19:00,1109.29,1109.29,1109.2,1109.2,-0.01,20.31,21490.12,-1
2023-10-30,2023-10-30 12:20:00,1109.2,1109.2,1109.11,1109.11,-0.01,20.31,21490.12,-1
2023-10-30,2023-10-30 12:21:00,1109.11,1109.11,1109.02,1109.02,-0.01,20.31,21490.12,-1
2023-10-30,2023-10-30 12:22:00,1109.02,1109.02,1108.93,1108.93,-0.01,20.31,21490.12,-1
2023-10-30,2023-10-30 12:23:00,1108.93,1108.93,1108.85,1108.85,-0.01,20.31,21490.12,-1
2023-10-30,2023-10-30 12:24:00,1108.85,1108.85,1108.76,1108.76,-0.01,20.31,21490.12,-1
2023-10-30,2023-10-30 12:25:00,1108.76,1108.76,1108.67,1108.67,-0.01,20.31,21490.12,-1
2023-10-30,2023-10-30 12:26:00,1108.67,1108.67,1108.58,1108.58,-0.01,20.31,21490.12,-1
2023-10-30,2023-10-30 12:27:00,1108.58,1108.58,1108.49,1108.49,-0.01,20.31,21490.12,-1
2023-10-30,2023-10-30 12:28:00,1108.49,1108.49,1108.4,1108.4,-0.01,20.31,21490.12,-1
2023-10-30,2023-10-30 12:29:00,1108.4,1108.4,1108.31,1108.31,-0.01,20.31,21490.12,-1
2023-10-30,2023-10-30 12:30:00,1108.31,1108.31,1108.22,1108.22,-0.01,20.31,21490.12,-1
2023-10-30,2023-10-30 12:31:00,1108.22,1108.22,1108.13,1108.13,-0.01,20.31,21490.12,-1
2023-10-30,2023-10-30 12:32:00,1108.13,1108.13,1108.05,1108.05,-0.01,20.31,21490.12,-1
2023-10-30,2023-10-30 12:33:00,1108.05,1108.05,1107.96,1107.96,-0.01,20.31,21490.12,-1
2023-10-30,2023-10-30 12:34:00,1107.96,1107.96,1107.87,1107.87,-0.01,20.31,21490.12,-1
2023-10-30,2023-10-30 12:35:00,1107.87,1107.87,1107.78,1107.78,-0.01,20.31,21490.12,-1
2023-10-30,2023-10-30 12:36:00,1107.78,1107.78,1107.69,1107.69,-0.01,20.31,21490.12,-1
2023-10-30,2023-10-30 12:37:00,1107.69,1107.69,1107.6,1107.6,-0.01,20.31,21490.12,-1
2023-10-30,2023-10-30 12:38:00,1107.6,1107.6,1107.51,1107.51,-0.01,20.31,21490.12,-1
2023-10-30,2023-10-30 12:39:00,1107.51,1107.51,1107.42,1107.42,-0.01,20.31,21490.12,-1
2023-10-30,2023-10-30 12:40:00,1107.42,1107.42,1107.34,1107.34,-0.01,20.31,21490.12,-1
2023-10-30,2023-10-30 12:41:00,1107.34,1107.34,1107.25,1107.25,-0.01,20.31,21490.12,-1
2023-10-30,2023-10-30 12:42:00,1107.25,1107.25,1107.16,1107.16,-0.01,20.31,21490.12,-1
2023-10-30,2023-10-30 12:43:00,1107.16,1107.16,1107.07,1107.07,-0.01,20.31,21490.12,-1
2023-10-30,2023-10-30 12:44:00,1107.07,1107.07,1106.98,1106.98,-0.01,20.31,21490.12,-1
2023-10-30,2023-10-30 12:45:00,1106.98,1106.98,1106.89,1106.89,-0.01,20.31,21490.12,-1
2023-10-30,2023-10-30 12:46:00,1106.89,1106.89,1106.8,1106.8,-0.01,20.31,21490.12,-1
2023-10-30,2023-10-30 12:47:00,1106.8,1106.8,1106.71,1106.71,-0.01,20.31,21490.12,-1
2023-10-30,2023-10-30 12:48:00,1106.71,1106.71,1106.63,1106.63,-0.01,20.31,21490.12,-1
2023-10-30,2023-10-30 12:49:00,1106.63,1106.63,1106.54,1106.54,-0.01,20.31,21490.12,-1
2023-10-30,2023-10-30 12:50:00,1106.54,1106.54,1106.45,1106.45,-0.01,20.31,21490.12,-1
2023-10-30,2023-10-30 12:51:00,1106.45,1106.45,1106.36,1106.36,-0.01,20.31,21490.12,-1
2023-10-30,2023-10-30 12:52:00,1106.36,1106.36,1106.27,1106.27,-0.01,20.31,21490.12,-1
2023-10-30,2023-10-30 12:53:00,1106.27,1106.27,1106.18,1106.18,-0.01,20.31,21490.12,-1
2023-10-30,2023-10-30 12:54:00,1106.18,1106.18,1106.09,1106.09,-0.01,20.31,21490.12,-1
2023-10-30,2023-10-30 12:55:00,1106.09,1106.09,1106.0,1106.0,-0.01,20.31,21490.12,-1
2023-10-30,2023-10-30 12:56:00,1106.0,1106.0,1105.92,1105.92,-0.01,20.31,21490.12,-1
2023-10-30,2023-10-30 12:57:00,1105.92,1105.92,1105.83,1105.83,-0.01,20.31,21490.12,-1
2023-10-30,2023-10-30 12:58:00,1105.83,1105.83,1105.74,1105.74,-0.01,20.31,21490.12,-1
2023-10-30,2023-10-30 12:59:00,1105.74,1105.74,1105.65,1105.65,-0.01,20.31,21490.12,-1
2023-10-30,2023-10-30 13:00:00,1105.65,1116.3,1030.0,1105.56,-0.01,20.31,21490.12,-1
2023-10-30,2023-10-30 13:01:00,1105.56,1105.56,1105.47,1105.47,-0.01,20.31,21490.12,-1
2023-10-30,2023-10-30 13:02:00,1105.47,1105.47,1105.38,1105.38,-0.01,20.31,21490.12,-1
2023-10-30,2023-10-30 13:03:00,1105.38,1105.38,1105.3,1105.3,-0.01,20.31,21490.12,-1
2023-10-30,2023-10-30 13:04:00,1105.3,1105.3,1105.21,1105.21,-0.01,20.31,21490.12,-1
2023-10-30,2023-10-30 13:05:00,1105.21,1105.21,1105.12,1105.12,-0.01,20.31,21490.12,-1
2023-10-30,2023-10-30 13:06:00,1105.12,1105.12,1105.03,1105.03,-0.01,20.31,21490.12,-1
2023-10-30,2023-10-30 13:07:00,1105.03,1105.03,1104.94,1104.94,-0.01,20.31,21490.12,-1
2023-10-30,2023-10-30 13:08:00,1104.94,1104.94,1104.85,1104.85,-0.01,20.31,21490.12,-1
2023-10-30,2023-10-30 13:09:00,1104.85,1104.85,1104.76,1104.76,-0.01,20.31,21490.12,-1
2023-10-30,2023-10-30 13:10:00,1104.76,1104.76,1104.67,1104.67,-0.01,20.31,21490.12,-1
2023-10-30,2023-10-30 13:11:00,1104.67,1104.67,1104.59,1104.59,-0.01,20.31,21490.12,-1
2023-10-30,2023-10-30 13:12:00,1104.59,1104.59,1104.5,1104.5,-0.01,20.31,21490.12,-1
2023-10-30,2023-10-30 13:13:00,1104.5,1104.5,1104.41,1104.41,-0.01,20.31,21490.12,-1
2023-10-30,2023-10-30 13:14:00,1104.41,1104.41,1104.32,1104.32,-0.01,20.31,21490.12,-1
2023-10-30,2023-10-30 13:15:00,1104.32,1104.32,1104.23,1104.23,-0.01,20.31,21490.12,-1
2023-10-30,2023-10-30 13:16:00,1104.23,1104.23,1104.14,1104.14,-0.01,20.31,21490.12,-1
2023-10-30,2023-10-30 13:17:00,1104.14,1104.14,1104.05,1104.05,-0.01,20.31,21490.12,-1
2023-10-30,2023-10-30 13:18:00,1104.05,1104.05,1103.96,1103.96,-0.01,20.31,21490.12,-1
2023-10-30,2023-10-30 13:19:00,1103.96,1103.96,1103.88,1103.88,-0.01,20.31,21490.12,-1
2023-10-30,2023-10-30 13:20:00,1103.88,1103.88,1103.79,1103.79,-0.01,20.31,21490.12,-1
2023-10-30,2023-10-30 13:21:00,1103.79,1103.79,1103.7,1103.7,-0.01,20.31,21490.12,-1
2023-10-30,2023-10-30 13:22:00,1103.7,1103.7,1103.61,1103.61,-0.01,20.31,21490.12,-1
2023-10-30,2023-10-30 13:23:00,1103.61,1103.61,1103.52,1103.52,-0.01,20.31,21490.12,-1
2023-10-30,2023-10-30 13:24:00,1103.52,1103.52,1103.43,1103.43,-0.01,20.31,21490.12,-1
2023-10-30,2023-10-30 13:25:00,1103.43,1103.43,1103.34,1103.34,-0.01,20.31,21490.12,-1
2023-10-30,2023-10-30 13:26:00,1103.34,1103.34,1103.25,1103.25,-0.01,20.31,21490.12,-1
2023-10-30,2023-10-30 13:27:00,1103.25,1103.25,1103.16,1103.16,-0.01,20.31,21490.12,-1
2023-10-30,2023-10-30 13:28:00,1103.16,1103.16,1103.08,1103.08,-0.01,20.31,21490.12,-1
2023-10-30,2023-10-30 13:29:00,1103.08,1103.08,1102.99,1102.99,-0.01,20.31,21490.12,-1
2023-10-30,2023-10-30 13:30:00,1102.99,1102.99,1102.9,1102.9,-0.01,20.31,21490.12,-1
2023-10-30,2023-10-30 13:31:00,1102.9,1102.9,1102.81,1102.81,-0.01,20.31,21490.12,-1
2023-10-30,2023-10-30 13:32:00,1102.81,1102.81,1102.72,1102.72,-0.01,20.31,21490.12,-1
2023-10-30,2023-10-30 13:33:00,1102.72,1102.72,1102.63,1102.63,-0.01,20.31,21490.12,-1
2023-10-30,2023-10-30 13:34:00,1102.63,1102.63,1102.54,1102.54,-0.01,20.31,21490.12,-1
2023-10-30,2023-10-30 13:35:00,1102.54,1102.54,1102.45,1102.45,-0.01,20.31,21490.12,-1
2023-10-30,2023-10-30 13:36:00,1102.45,1102.45,1102.37,1102.37,-0.01,20.31,21490.12,-1
2023-10-30,2023-10-30 13:37:00,1102.37,1102.37,1102.28,1102.28,-0.01,20.31,21490.12,-1
2023-10-30,2023-10-30 13:38:00,1102.28,1102.28,1102.19,1102.19,-0.01,20.31,21490.12,-1
2023-10-30,2023-10-30 13:39:00,1102.19,1102.19,1102.1,1102.1,-0.01,20.31,21490.12,-1
2023-10-30,2023-10-30 13:40:00,1102.1,1102.1,1102.01,1102.01,-0.01,20.31,21490.12,-1
2023-10-30,2023-10-30 13:41:00,1102.01,1102.01,1101.92,1101.92,-0.01,20.31,21490.12,-1
2023-10-30,2023-10-30 13:42:00,1101.92,1101.92,1101.83,1101.83,-0.01,20.31,21490.12,-1
2023-10-30,2023-10-30 13:43:00,1101.83,1101.83,1101.74,1101.74,-0.01,20.31,21490.12,-1
2023-10-30,2023-10-30 13:44:00,1101.74,1101.74,1101.66,1101.66,-0.01,20.31,21490.12,-1
2023-10-30,2023-10-30 13:45:00,1101.66,1101.66,1101.57,1101.57,-0.01,20.31,21490.12,-1
2023-10-30,2023-10-30 13:46:00,1101.57,1101.57,1101.48,1101.48,-0.01,20.31,21490.12,-1
2023-10-30,2023-10-30 13:47:00,1101.48,1101.48,1101.39,1101.39,-0.01,20.31,21490.12,-1
2023-10-30,2023-10-30 13:48:00,1101.39,1101.39,1101.3,1101.3,-0.01,20.31,21490.12,-1
2023-10-30,2023-10-30 13:49:00,1101.3,1101.3,1101.21,1101.21,-0.01,20.31,21490.12,-1
2023-10-30,2023-10-30 13:50:00,1101.21,1101.21,1101.12,1101.12,-0.01,20.31,21490.12,-1
2023-10-30,2023-10-30 13:51:00,1101.12,1101.12,1101.04,1101.04,-0.01,20.31,21490.12,-1
2023-10-30,2023-10-30 13:52:00,1101.04,1101.04,1100.95,1100.95,-0.01,20.31,21490.12,-1
2023-10-30,2023-10-30 13:53:00,1100.95,1100.95,1100.86,1100.86,-0.01,20.31,21490.12,-1
2023-10-30,2023-10-30 13:54:00,1100.86,1100.86,1100.77,1100.77,-0.01,20.31,21490.12,-1
2023-10-30,2023-10-30 13:55:00,1100.77,1100.77,1100.68,1100.68,-0.01,20.31,21490.12,-1
2023-10-30,2023-10-30 13:56:00,1100.68,1100.68,1100.59,1100.59,-0.01,20.31,21490.12,-1
2023-10-30,2023-10-30 13:57:00,1100.59,1100.59,1100.5,1100.5,-0.01,20.31,21490.12,-1
2023-10-30,2023-10-30 13:58:00,1100.5,1100.5,1100.41,1100.41,-0.01,20.31,21490.12,-1
2023-10-30,2023-10-30 13:59:00,1100.41,1100.41,1100.33,1100.33,-0.01,20.31,21490.12,-1
2023-10-30,2023-10-30 14:00:00,1100.33,1100.33,1100.24,1100.24,-0.01,20.31,21490.12,-1
2023-10-30,2023-10-30 14:01:00,1100.24,1100.24,1100.15,1100.15,-0.01,20.31,21490.12,-1
2023-10-30,2023-10-30 14:02:00,1100.15,1100.15,1100.06,1100.06,-0.01,20.31,21490.12,-1
2023-10-30,2023-10-30 14:03:00,1100.06,1100.06,1099.97,1099.97,-0.01,20.31,21490.12,-1
2023-10-30,2023-10-30 14:04:00,1099.97,1099.97,1099.88,1099.88,-0.01,20.31,21490.12,-1
2023-10-30,2023-10-30 14:05:00,1099.88,1099.88,1099.79,1099.79,-0.01,20.31,21490.12,-1
2023-10-30,2023-10-30 14:06:00,1099.79,1099.79,1099.7,1099.7,-0.01,20.31,21490.12,-1
2023-10-30,2023-10-30 14:07:00,1099.7,1099.7,1099.62,1099.62,-0.01,20.31,21490.12,-1
2023-10-30,2023-10-30 14:08:00,1099.62,1099.62,1099.53,1099.53,-0.01,20.31,21490.12,-1
2023-10-30,2023-10-30 14:09:00,1099.53,1099.53,1099.44,1099.44,-0.01,20.31,21490.12,-1
2023-10-30,2023-10-30 14:10:00,1099.44,1099.44,1099.35,1099.35,-0.01,20.31,21490.12,-1
2023-10-30,2023-10-30 14:11:00,1099.35,1099.35,1099.26,1099.26,-0.01,20.31,21490.12,-1
2023-10-30,2023-10-30 14:12:00,1099.26,1099.26,1099.17,1099.17,-0.01,20.31,21490.12,-1
2023-10-30,2023-10-30 14:13:00,1099.17,1099.17,1099.08,1099.08,-0.01,20.31,21490.12,-1
2023-10-30,2023-10-30 14:14:00,1099.08,1099.08,1098.99,1098.99,-0.01,20.31,21490.12,-1
2023-10-30,2023-10-30 14:15:00,1098.99,1098.99,1098.9,1098.9,-0.01,20.31,21490.12,-1
2023-10-30,2023-10-30 14:16:00,1098.9,1098.9,1098.82,1098.82,-0.01,20.31,21490.12,-1
2023-10-30,2023-10-30 14:17:00,1098.82,1098.82,1098.73,1098.73,-0.01,20.31,21490.12,-1
2023-10-30,2023-10-30 14:18:00,1098.73,1098.73,1098.64,1098.64,-0.01,20.31,21490.12,-1
2023-10-30,2023-10-30 14:19:00,1098.64,1098.64,1098.55,1098.55,-0.01,20.31,21490.12,-1
2023-10-30,2023-10-30 14:20:00,1098.55,1098.55,1098.46,1098.46,-0.01,20.31,21490.12,-1
2023-10-30,2023-10-30 14:21:00,1098.46,1098.46,1098.37,1098.37,-0.01,20.31,21490.12,-1
2023-10-30,2023-10-30 14:22:00,1098.37,1098.37,1098.28,1098.28,-0.01,20.31,21490.12,-1
2023-10-30,2023-10-30 14:23:00,1098.28,1098.28,1098.19,1098.19,-0.01,20.31,21490.12,-1
2023-10-30,2023-10-30 14:24:00,1098.19,1098.19,1098.11,1098.11,-0.01,20.31,21490.12,-1
2023-10-30,2023-10-30 14:25:00,1098.11,1098.11,1098.02,1098.02,-0.01,20.31,21490.12,-1
2023-10-30,2023-10-30 14:26:00,1098.02,1098.02,1097.93,1097.93,-0.01,20.31,21490.12,-1
2023-10-30,2023-10-30 14:27:00,1097.93,1097.93,1097.84,1097.84,-0.01,20.31,21490.12,-1
2023-10-30,2023-10-30 14:28:00,1097.84,1097.84,1097.75,1097.75,-0.01,20.31,21490.12,-1
2023-10-30,2023-10-30 14:29:00,1097.75,1097.75,1097.66,1097.66,-0.01,20.31,21490.12,-1
2023-10-30,2023-10-30 14:30:00,1097.66,1097.66,1097.57,1097.57,-0.01,20.31,21490.12,-1
2023-10-30,2023-10-30 14:31:00,1097.57,1097.57,1097.48,1097.48,-0.01,20.31,21490.12,-1
2023-10-30,2023-10-30 14:32:00,1097.48,1097.48,1097.4,1097.4,-0.01,20.31,21490.12,-1
2023-10-30,2023-10-30 14:33:00,1097.4,1097.4,1097.31,1097.31,-0.01,20.31,21490.12,-1
2023-10-30,2023-10-30 14:34:00,1097.31,1097.31,1097.22,1097.22,-0.01,20.31,21490.12,-1
2023-10-30,2023-10-30 14:35:00,1097.22,1097.22,1097.13,1097.13,-0.01,20.31,21490.12,-1
2023-10-30,2023-10-30 14:36:00,1097.13,1097.13,1097.04,1097.04,-0.01,20.31,21490.12,-1
2023-10-30,2023-10-30 14:37:00,1097.04,1097.04,1096.95,1096.95,-0.01,20.31,21490.12,-1
2023-10-30,2023-10-30 14:38:00,1096.95,1096.95,1096.86,1096.86,-0.01,20.31,21490.12,-1
2023-10-30,2023-10-30 14:39:00,1096.86,1096.86,1096.78,1096.78,-0.01,20.31,21490.12,-1
2023-10-30,2023-10-30 14:40:00,1096.78,1096.78,1096.69,1096.69,-0.01,20.31,21490.12,-1
2023-10-30,2023-10-30 14:41:00,1096.69,1096.69,1096.6,1096.6,-0.01,20.31,21490.12,-1
2023-10-30,2023-10-30 14:42:00,1096.6,1096.6,1096.51,1096.51,-0.01,20.31,21490.12,-1
2023-10-30,2023-10-30 14:43:00,1096.51,1096.51,1096.42,1096.42,-0.01,20.31,21490.12,-1
2023-10-30,2023-10-30 14:44:00,1096.42,1096.42,1096.33,1096.33,-0.01,20.31,21490.12,-1
2023-10-30,2023-10-30 14:45:00,1096.33,1096.33,1096.24,1096.24,-0.01,20.31,21490.12,-1
2023-10-30,2023-10-30 14:46:00,1096.24,1096.24,1096.15,1096.15,-0.01,20.31,21490.12,-1
2023-10-30,2023-10-30 14:47:00,1096.15,1096.15,1096.07,1096.07,-0.01,20.31,21490.12,-1
2023-10-30,2023-10-30 14:48:00,1096.07,1096.07,1095.98,1095.98,-0.01,20.31,21490.12,-1
2023-10-30,2023-10-30 14:49:00,1095.98,1095.98,1095.89,1095.89,-0.01,20.31,21490.12,-1
2023-10-30,2023-10-30 14:50:00,1095.89,1095.89,1095.8,1095.8,-0.01,20.31,21490.12,-1
2023-10-30,2023-10-30 14:51:00,1095.8,1095.8,1095.71,1095.71,-0.01,20.31,21490.12,-1
2023-10-30,2023-10-30 14:52:00,1095.71,1095.71,1095.62,1095.62,-0.01,20.31,21490.12,-1
2023-10-30,2023-10-30 14:53:00,1095.62,1095.62,1095.53,1095.53,-0.01,20.31,21490.12,-1
2023-10-30,2023-10-30 14:54:00,1095.53,1095.53,1095.44,1095.44,-0.01,20.31,21490.12,-1
2023-10-30,2023-10-30 14:55:00,1095.44,1095.44,1095.36,1095.36,-0.01,20.31,21490.12,-1
2023-10-30,2023-10-30 14:56:00,1095.36,1095.36,1095.27,1095.27,-0.01,20.31,21490.12,-1
2023-10-30,2023-10-30 14:57:00,1095.27,1095.27,1095.18,1095.18,-0.01,20.31,21490.12,-1
2023-10-30,2023-10-30 14:58:00,1095.18,1095.18,1095.09,1095.09,-0.01,20.31,21490.12,-1
2023-10-30,2023-10-30 14:59:00,1095.09,1095.09,1095.0,1095.0,-0.01,20.31,21490.12,-1
2023-10-30,2023-10-30 15:00:00,1095.0,1116.3,1030.0,1095.0,0.0,20.31,21490.12,0
2023-10-31,2023-10-31 11:00:00,1110.0,1123.68,1080.3,1110.09,0.01,23.96,25206.11,1
2023-10-31,2023-10-31 11:01:00,1110.09,1110.19,1110.09,1110.19,0.01,23.96,25206.11,1
2023-10-31,2023-10-31 11:02:00,1110.19,1110.28,1110.19,1110.28,0.01,23.96,25206.11,1
2023-10-31,2023-10-31 11:03:00,1110.28,1110.38,1110.28,1110.38,0.01,23.96,25206.11,1
2023-10-31,2023-10-31 11:04:00,1110.38,1110.47,1110.38,1110.47,0.01,23.96,25206.11,1
2023-10-31,2023-10-31 11:05:00,1110.47,1110.56,1110.47,1110.56,0.01,23.96,25206.11,1
2023-10-31,2023-10-31 11:06:00,1110.56,1110.66,1110.56,1110.66,0.01,23.96,25206.11,1
2023-10-31,2023-10-31 11:07:00,1110.66,1110.75,1110.66,1110.75,0.01,23.96,25206.11,1
2023-10-31,2023-10-31 11:08:00,1110.75,1110.84,1110.75,1110.84,0.01,23.96,25206.11,1
2023-10-31,2023-10-31 11:09:00,1110.84,1110.94,1110.84,1110.94,0.01,23.96,25206.11,1
2023-10-31,2023-10-31 11:10:00,1110.94,1111.03,1110.94,1111.03,0.01,23.96,25206.11,1
2023-10-31,2023-10-31 11:11:00,1111.03,1111.12,1111.03,1111.12,0.01,23.96,25206.11,1
2023-10-31,2023-10-31 11:12:00,1111.12,1111.22,1111.12,1111.22,0.01,23.96,25206.11,1
2023-10-31,2023-10-31 11:13:00,1111.22,1111.31,1111.22,1111.31,0.01,23.96,25206.11,1
2023-10-31,2023-10-31 11:14:00,1111.31,1111.41,1111.31,1111.41,0.01,23.96,25206.11,1
2023-10-31,2023-10-31 11:15:00,1111.41,1111.5,1111.41,1111.5,0.01,23.96,25206.11,1
2023-10-31,2023-10-31 11:16:00,1111.5,1111.59,1111.5,1111.59,0.01,23.96,25206.11,1
2023-10-31,2023-10-31 11:17:00,1111.59,1111.69,1111.59,1111.69,0.01,23.96,25206.11,1
2023-10-31,2023-10-31 11:18:00,1111.69,1111.78,1111.69,1111.78,0.01,23.96,25206.11,1
2023-10-31,2023-10-31 11:19:00,1111.78,1111.88,1111.78,1111.88,0.01,23.96,25206.11,1
2023-10-31,2023-10-31 11:20:00,1111.88,1111.97,1111.88,1111.97,0.01,23.96,25206.11,1
2023-10-31,2023-10-31 11:21:00,1111.97,1112.06,1111.97,1112.06,0.01,23.96,25206.11,1
2023-10-31,2023-10-31 11:22:00,1112.06,1112.16,1112.06,1112.16,0.01,23.96,25206.11,1
2023-10-31,2023-10-31 11:23:00,1112.16,1112.25,1112.16,1112.25,0.01,23.96,25206.11,1
2023-10-31,2023-10-31 11:24:00,1112.25,1112.34,1112.25,1112.34,0.01,23.96,25206.11,1
2023-10-31,2023-10-31 11:25:00,1112.34,1112.44,1112.34,1112.44,0.01,23.96,25206.11,1
2023-10-31,2023-10-31 11:26:00,1112.44,1112.53,1112.44,1112.53,0.01,23.96,25206.11,1
2023-10-31,2023-10-31 11:27:00,1112.53,1112.62,1112.53,1112.62,0.01,23.96,25206.11,1
2023-10-31,2023-10-31 11:28:00,1112.62,1112.72,1112.62,1112.72,0.01,23.96,25206.11,1
2023-10-31,2023-10-31 11:29:00,1112.72,1112.81,1112.72,1112.81,0.01,23.96,25206.11,1
2023-10-31,2023-10-31 11:30:00,1112.81,1112.91,1112.81,1112.91,0.01,23.96,25206.11,1
2023-10-31,2023-10-31 11:31:00,1112.91,1113.0,1112.91,1113.0,0.01,23.96,25206.11,1
2023-10-31,2023-10-31 11:32:00,1113.0,1113.09,1113.0,1113.09,0.01,23.96,25206.11,1
2023-10-31,2023-10-31 11:33:00,1113.09,1113.19,1113.09,1113.19,0.01,23.96,25206.11,1
2023-10-31,2023-10-31 11:34:00,1113.19,1113.28,1113.19,1113.28,0.01,23.96,25206.11,1
2023-10-31,2023-10-31 11:35:00,1113.28,1113.38,1113.28,1113.38,0.01,23.96,25206.11,1
2023-10-31,2023-10-31 11:36:00,1113.38,1113.47,1113.38,1113.47,0.01,23.96,25206.11,1
2023-10-31,2023-10-31 11:37:00,1113.47,1113.56,1113.47,1113.56,0.01,23.96,25206.11,1
2023-10-31,2023-10-31 11:38:00,1113.56,1113.66,1113.56,1113.66,0.01,23.96,25206.11,1
2023-10-31,2023-10-31 11:39:00,1113.66,1113.75,1113.66,1113.75,0.01,23.96,25206.11,1
2023-10-31,2023-10-31 11:40:00,1113.75,1113.84,1113.75,1113.84,0.01,23.96,25206.11,1
2023-10-31,2023-10-31 11:41:00,1113.84,1113.94,1113.84,1113.94,0.01,23.96,25206.11,1
2023-10-31,2023-10-31 11:42:00,1113.94,1114.03,1113.94,1114.03,0.01,23.96,25206.11,1
2023-10-31,2023-10-31 11:43:00,1114.03,1114.12,1114.03,1114.12,0.01,23.96,25206.11,1
2023-10-31,2023-10-31 11:44:00,1114.12,1114.22,1114.12,1114.22,0.01,23.96,25206.11,1
2023-10-31,2023-10-31 11:45:00,1114.22,1114.31,1114.22,1114.31,0.01,23.96,25206.11,1
2023-10-31,2023-10-31 11:46:00,1114.31,1114.41,1114.31,1114.41,0.01,23.96,25206.11,1
2023-10-31,2023-10-31 11:47:00,1114.41,1114.5,1114.41,1114.5,0.01,23.96,25206.11,1
2023-10-31,2023-10-31 11:48:00,1114.5,1114.59,1114.5,1114.59,0.01,23.96,25206.11,1
2023-10-31,2023-10-31 11:49:00,1114.59,1114.69,1114.59,1114.69,0.01,23.96,25206.11,1
2023-10-31,2023-10-31 11:50:00,1114.69,1114.78,1114.69,1114.78,0.01,23.96,25206.11,1
2023-10-31,2023-10-31 11:51:00,1114.78,1114.88,1114.78,1114.88,0.01,23.96,25206.11,1
2023-10-31,2023-10-31 11:52:00,1114.88,1114.97,1114.88,1114.97,0.01,23.96,25206.11,1
2023-10-31,2023-10-31 11:53:00,1114.97,1115.06,1114.97,1115.06,0.01,23.96,25206.11,1
2023-10-31,2023-10-31 11:54:00,1115.06,1115.16,1115.06,1115.16,0.01,23.96,25206.11,1
2023-10-31,2023-10-31 11:55:00,1115.16,1115.25,1115.16,1115.25,0.01,23.96,25206.11,1
2023-10-31,2023-10-31 11:56:00,1115.25,1115.34,1115.25,1115.34,0.01,23.96,25206.11,1
2023-10-31,2023-10-31 11:57:00,1115.34,1115.44,1115.34,1115.44,0.01,23.96,25206.11,1
2023-10-31,2023-10-31 11:58:00,1115.44,1115.53,1115.44,1115.53,0.01,23.96,25206.11,1
2023-10-31,2023-10-31 11:59:00,1115.53,1115.62,1115.53,1115.62,0.01,23.96,25206.11,1
2023-10-31,2023-10-31 12:00:00,1115.62,1115.72,1115.62,1115.72,0.01,23.96,25206.11,1
2023-10-31,2023-10-31 12:01:00,1115.72,1115.81,1115.72,1115.81,0.01,23.96,25206.11,1
2023-10-31,2023-10-31 12:02:00,1115.81,1115.91,1115.81,1115.91,0.01,23.96,25206.11,1
2023-10-31,2023-10-31 12:03:00,1115.91,1116.0,1115.91,1116.0,0.01,23.96,25206.11,1
2023-10-31,2023-10-31 12:04:00,1116.0,1116.09,1116.0,1116.09,0.01,23.96,25206.11,1
2023-10-31,2023-10-31 12:05:00,1116.09,1116.19,1116.09,1116.19,0.01,23.96,25206.11,1
2023-10-31,2023-10-31 12:06:00,1116.19,1116.28,1116.19,1116.28,0.01,23.96,25206.11,1
2023-10-31,2023-10-31 12:07:00,1116.28,1116.38,1116.28,1116.38,0.01,23.96,25206.11,1
2023-10-31,2023-10-31 12:08:00,1116.38,1116.47,1116.38,1116.47,0.01,23.96,25206.11,1
2023-10-31,2023-10-31 12:09:00,1116.47,1116.56,1116.47,1116.56,0.01,23.96,25206.11,1
2023-10-31,2023-10-31 12:10:00,1116.56,1116.66,1116.56,1116.66,0.01,23.96,25206.11,1
2023-10-31,2023-10-31 12:11:00,1116.66,1116.75,1116.66,1116.75,0.01,23.96,25206.11,1
2023-10-31,2023-10-31 12:12:00,1116.75,1116.84,1116.75,1116.84,0.01,23.96,25206.11,1
2023-10-31,2023-10-31 12:13:00,1116.84,1116.94,1116.84,1116.94,0.01,23.96,25206.11,1
2023-10-31,2023-10-31 12:14:00,1116.94,1117.03,1116.94,1117.03,0.01,23.96,25206.11,1
2023-10-31,2023-10-31 12:15:00,1117.03,1117.12,1117.03,1117.12,0.01,23.96,25206.11,1
2023-10-31,2023-10-31 12:16:00,1117.12,1117.22,1117.12,1117.22,0.01,23.96,25206.11,1
2023-10-31,2023-10-31 12:17:00,1117.22,1117.31,1117.22,1117.31,0.01,23.96,25206.11,1
2023-10-31,2023-10-31 12:18:00,1117.31,1117.41,1117.31,1117.41,0.01,23.96,25206.11,1
2023-10-31,2023-10-31 12:19:00,1117.41,1117.5,1117.41,1117.5,0.01,23.96,25206.11,1
2023-10-31,2023-10-31 12:20:00,1117.5,1117.59,1117.5,1117.59,0.01,23.96,25206.11,1
2023-10-31,2023-10-31 12:21:00,1117.59,1117.69,1117.59,1117.69,0.01,23.96,25206.11,1
2023-10-31,2023-10-31 12:22:00,1117.69,1117.78,1117.69,1117.78,0.01,23.96,25206.11,1
2023-10-31,2023-10-31 12:23:00,1117.78,1117.88,1117.78,1117.88,0.01,23.96,25206.11,1
2023-10-31,2023-10-31 12:24:00,1117.88,1117.97,1117.88,1117.97,0.01,23.96,25206.11,1
2023-10-31,2023-10-31 12:25:00,1117.97,1118.06,1117.97,1118.06,0.01,23.96,25206.11,1
2023-10-31,2023-10-31 12:26:00,1118.06,1118.16,1118.06,1118.16,0.01,23.96,25206.11,1
2023-10-31,2023-10-31 12:27:00,1118.16,1118.25,1118.16,1118.25,0.01,23.96,25206.11,1
2023-10-31,2023-10-31 12:28:00,1118.25,1118.34,1118.25,1118.34,0.01,23.96,25206.11,1
2023-10-31,2023-10-31 12:29:00,1118.34,1118.44,1118.34,1118.44,0.01,23.96,25206.11,1
2023-10-31,2023-10-31 12:30:00,1118.44,1118.53,1118.44,1118.53,0.01,23.96,25206.11,1
2023-10-31,2023-10-31 12:31:00,1118.53,1118.62,1118.53,1118.62,0.01,23.96,25206.11,1
2023-10-31,2023-10-31 12:32:00,1118.62,1118.72,1118.62,1118.72,0.01,23.96,25206.11,1
2023-10-31,2023-10-31 12:33:00,1118.72,1118.81,1118.72,1118.81,0.01,23.96,25206.11,1
2023-10-31,2023-10-31 12:34:00,1118.81,1118.91,1118.81,1118.91,0.01,23.96,25206.11,1
2023-10-31,2023-10-31 12:35:00,1118.91,1119.0,1118.91,1119.0,0.01,23.96,25206.11,1
2023-10-31,2023-10-31 12:36:00,1119.0,1119.09,1119.0,1119.09,0.01,23.96,25206.11,1
2023-10-31,2023-10-31 12:37:00,1119.09,1119.19,1119.09,1119.19,0.01,23.96,25206.11,1
2023-10-31,2023-10-31 12:38:00,1119.19,1119.28,1119.19,1119.28,0.01,23.96,25206.11,1
2023-10-31,2023-10-31 12:39:00,1119.28,1119.38,1119.28,1119.38,0.01,23.96,25206.11,1
2023-10-31,2023-10-31 12:40:00,1119.38,1119.47,1119.38,1119.47,0.01,23.96,25206.11,1
2023-10-31,2023-10-31 12:41:00,1119.47,1119.56,1119.47,1119.56,0.01,23.96,25206.11,1
2023-10-31,2023-10-31 12:42:00,1119.56,1119.66,1119.56,1119.66,0.01,23.96,25206.11,1
2023-10-31,2023-10-31 12:43:00,1119.66,1119.75,1119.66,1119.75,0.01,23.96,25206.11,1
2023-10-31,2023-10-31 12:44:00,1119.75,1119.84,1119.75,1119.84,0.01,23.96,25206.11,1
2023-10-31,2023-10-31 12:45:00,1119.84,1119.94,1119.84,1119.94,0.01,23.96,25206.11,1
2023-10-31,2023-10-31 12:46:00,1119.94,1120.03,1119.94,1120.03,0.01,23.96,25206.11,1
2023-10-31,2023-10-31 12:47:00,1120.03,1120.12,1120.03,1120.12,0.01,23.96,25206.11,1
2023-10-31,2023-10-31 12:48:00,1120.12,1120.22,1120.12,1120.22,0.01,23.96,25206.11,1
2023-10-31,2023-10-31 12:49:00,1120.22,1120.31,1120.22,1120.31,0.01,23.96,25206.11,1
2023-10-31,2023-10-31 12:50:00,1120.31,1120.41,1120.31,1120.41,0.01,23.96,25206.11,1
2023-10-31,2023-10-31 12:51:00,1120.41,1120.5,1120.41,1120.5,0.01,23.96,25206.11,1
2023-10-31,2023-10-31 12:52:00,1120.5,1120.59,1120.5,1120.59,0.01,23.96,25206.11,1
2023-10-31,2023-10-31 12:53:00,1120.59,1120.69,1120.59,1120.69,0.01,23.96,25206.11,1
2023-10-31,2023-10-31 12:54:00,1120.69,1120.78,1120.69,1120.78,0.01,23.96,25206.11,1
2023-10-31,2023-10-31 12:55:00,1120.78,1120.88,1120.78,1120.88,0.01,23.96,25206.11,1
2023-10-31,2023-10-31 12:56:00,1120.88,1120.97,1120.88,1120.97,0.01,23.96,25206.11,1
2023-10-31,2023-10-31 12:57:00,1120.97,1121.06,1120.97,1121.06,0.01,23.96,25206.11,1
2023-10-31,2023-10-31 12:58:00,1121.06,1121.16,1121.06,1121.16,0.01,23.96,25206.11,1
2023-10-31,2023-10-31 12:59:00,1121.16,1121.25,1121.16,1121.25,0.01,23.96,25206.11,1
2023-10-31,2023-10-31 13:00:00,1121.25,1155.6,1011.0,1121.34,0.01,23.96,25206.11,1
2023-10-31,2023-10-31 13:01:00,1121.34,1121.44,1121.34,1121.44,0.01,23.96,25206.11,1
2023-10-31,2023-10-31 13:02:00,1121.44,1121.53,1121.44,1121.53,0.01,23.96,25206.11,1
2023-10-31,2023-10-31 13:03:00,1121.53,1121.62,1121.53,1121.62,0.01,23.96,25206.11,1
2023-10-31,2023-10-31 13:04:00,1121.62,1121.72,1121.62,1121.72,0.01,23.96,25206.11,1
2023-10-31,2023-10-31 13:05:00,1121.72,1121.81,1121.72,1121.81,0.01,23.96,25206.11,1
2023-10-31,2023-10-31 13:06:00,1121.81,1121.91,1121.81,1121.91,0.01,23.96,25206.11,1
2023-10-31,2023-10-31 13:07:00,1121.91,1122.0,1121.91,1122.0,0.01,23.96,25206.11,1
2023-10-31,2023-10-31 13:08:00,1122.0,1122.09,1122.0,1122.09,0.01,23.96,25206.11,1
2023-10-31,2023-10-31 13:09:00,1122.09,1122.19,1122.09,1122.19,0.01,23.96,25206.11,1
2023-10-31,2023-10-31 13:10:00,1122.19,1122.28,1122.19,1122.28,0.01,23.96,25206.11,1
2023-10-31,2023-10-31 13:11:00,1122.28,1122.38,1122.28,1122.38,0.01,23.96,25206.11,1
2023-10-31,2023-10-31 13:12:00,1122.38,1122.47,1122.38,1122.47,0.01,23.96,25206.11,1
2023-10-31,2023-10-31 13:13:00,1122.47,1122.56,1122.47,1122.56,0.01,23.96,25206.11,1
2023-10-31,2023-10-31 13:14:00,1122.56,1122.66,1122.56,1122.66,0.01,23.96,25206.11,1
2023-10-31,2023-10-31 13:15:00,1122.66,1122.75,1122.66,1122.75,0.01,23.96,25206.11,1
2023-10-31,2023-10-31 13:16:00,1122.75,1122.84,1122.75,1122.84,0.01,23.96,25206.11,1
2023-10-31,2023-10-31 13:17:00,1122.84,1122.94,1122.84,1122.94,0.01,23.96,25206.11,1
2023-10-31,2023-10-31 13:18:00,1122.94,1123.03,1122.94,1123.03,0.01,23.96,25206.11,1
2023-10-31,2023-10-31 13:19:00,1123.03,1123.12,1123.03,1123.12,0.01,23.96,25206.11,1
2023-10-31,2023-10-31 13:20:00,1123.12,1123.22,1123.12,1123.22,0.01,23.96,25206.11,1
2023-10-31,2023-10-31 13:21:00,1123.22,1123.31,1123.22,1123.31,0.01,23.96,25206.11,1
2023-10-31,2023-10-31 13:22:00,1123.31,1123.41,1123.31,1123.41,0.01,23.96,25206.11,1
2023-10-31,2023-10-31 13:23:00,1123.41,1123.5,1123.41,1123.5,0.01,23.96,25206.11,1
2023-10-31,2023-10-31 13:24:00,1123.5,1123.59,1123.5,1123.59,0.01,23.96,25206.11,1
2023-10-31,2023-10-31 13:25:00,1123.59,1123.69,1123.59,1123.69,0.01,23.96,25206.11,1
2023-10-31,2023-10-31 13:26:00,1123.69,1123.78,1123.69,1123.78,0.01,23.96,25206.11,1
2023-10-31,2023-10-31 13:27:00,1123.78,1123.88,1123.78,1123.88,0.01,23.96,25206.11,1
2023-10-31,2023-10-31 13:28:00,1123.88,1123.97,1123.88,1123.97,0.01,23.96,25206.11,1
2023-10-31,2023-10-31 13:29:00,1123.97,1124.06,1123.97,1124.06,0.01,23.96,25206.11,1
2023-10-31,2023-10-31 13:30:00,1124.06,1124.16,1124.06,1124.16,0.01,23.96,25206.11,1
2023-10-31,2023-10-31 13:31:00,1124.16,1124.25,1124.16,1124.25,0.01,23.96,25206.11,1
2023-10-31,2023-10-31 13:32:00,1124.25,1124.34,1124.25,1124.34,0.01,23.96,25206.11,1
2023-10-31,2023-10-31 13:33:00,1124.34,1124.44,1124.34,1124.44,0.01,23.96,25206.11,1
2023-10-31,2023-10-31 13:34:00,1124.44,1124.53,1124.44,1124.53,0.01,23.96,25206.11,1
2023-10-31,2023-10-31 13:35:00,1124.53,1124.62,1124.53,1124.62,0.01,23.96,25206.11,1
2023-10-31,2023-10-31 13:36:00,1124.62,1124.72,1124.62,1124.72,0.01,23.96,25206.11,1
2023-10-31,2023-10-31 13:37:00,1124.72,1124.81,1124.72,1124.81,0.01,23.96,25206.11,1
2023-10-31,2023-10-31 13:38:00,1124.81,1124.91,1124.81,1124.91,0.01,23.96,25206.11,1
2023-10-31,2023-10-31 13:39:00,1124.91,1125.0,1124.91,1125.0,0.01,23.96,25206.11,1
2023-10-31,2023-10-31 13:40:00,1125.0,1125.09,1125.0,1125.09,0.01,23.96,25206.11,1
2023-10-31,2023-10-31 13:41:00,1125.09,1125.19,1125.09,1125.19,0.01,23.96,25206.11,1
2023-10-31,2023-10-31 13:42:00,1125.19,1125.28,1125.19,1125.28,0.01,23.96,25206.11,1
2023-10-31,2023-10-31 13:43:00,1125.28,1125.38,1125.28,1125.38,0.01,23.96,25206.11,1
2023-10-31,2023-10-31 13:44:00,1125.38,1125.47,1125.38,1125.47,0.01,23.96,25206.11,1
2023-10-31,2023-10-31 13:45:00,1125.47,1125.56,1125.47,1125.56,0.01,23.96,25206.11,1
2023-10-31,2023-10-31 13:46:00,1125.56,1125.66,1125.56,1125.66,0.01,23.96,25206.11,1
2023-10-31,2023-10-31 13:47:00,1125.66,1125.75,1125.66,1125.75,0.01,23.96,25206.11,1
2023-10-31,2023-10-31 13:48:00,1125.75,1125.84,1125.75,1125.84,0.01,23.96,25206.11,1
2023-10-31,2023-10-31 13:49:00,1125.84,1125.94,1125.84,1125.94,0.01,23.96,25206.11,1
2023-10-31,2023-10-31 13:50:00,1125.94,1126.03,1125.94,1126.03,0.01,23.96,25206.11,1
2023-10-31,2023-10-31 13:51:00,1126.03,1126.12,1126.03,1126.12,0.01,23.96,25206.11,1
2023-10-31,2023-10-31 13:52:00,1126.12,1126.22,1126.12,1126.22,0.01,23.96,25206.11,1
2023-10-31,2023-10-31 13:53:00,1126.22,1126.31,1126.22,1126.31,0.01,23.96,25206.11,1
2023-10-31,2023-10-31 13:54:00,1126.31,1126.41,1126.31,1126.41,0.01,23.96,25206.11,1
2023-10-31,2023-10-31 13:55:00,1126.41,1126.5,1126.41,1126.5,0.01,23.96,25206.11,1
2023-10-31,2023-10-31 13:56:00,1126.5,1126.59,1126.5,1126.59,0.01,23.96,25206.11,1
2023-10-31,2023-10-31 13:57:00,1126.59,1126.69,1126.59,1126.69,0.01,23.96,25206.11,1
2023-10-31,2023-10-31 13:58:00,1126.69,1126.78,1126.69,1126.78,0.01,23.96,25206.11,1
2023-10-31,2023-10-31 13:59:00,1126.78,1126.88,1126.78,1126.88,0.01,23.96,25206.11,1
2023-10-31,2023-10-31 14:00:00,1126.88,1126.97,1126.88,1126.97,0.01,23.96,25206.11,1
2023-10-31,2023-10-31 14:01:00,1126.97,1127.06,1126.97,1127.06,0.01,23.96,25206.11,1
2023-10-31,2023-10-31 14:02:00,1127.06,1127.16,1127.06,1127.16,0.01,23.96,25206.11,1
2023-10-31,2023-10-31 14:03:00,1127.16,1127.25,1127.16,1127.25,0.01,23.96,25206.11,1
2023-10-31,2023-10-31 14:04:00,1127.25,1127.34,1127.25,1127.34,0.01,23.96,25206.11,1
2023-10-31,2023-10-31 14:05:00,1127.34,1127.44,1127.34,1127.44,0.01,23.96,25206.11,1
2023-10-31,2023-10-31 14:06:00,1127.44,1127.53,1127.44,1127.53,0.01,23.96,25206.11,1
2023-10-31,2023-10-31 14:07:00,1127.53,1127.62,1127.53,1127.62,0.01,23.96,25206.11,1
2023-10-31,2023-10-31 14:08:00,1127.62,1127.72,1127.62,1127.72,0.01,23.96,25206.11,1
2023-10-31,2023-10-31 14:09:00,1127.72,1127.81,1127.72,1127.81,0.01,23.96,25206.11,1
2023-10-31,2023-10-31 14:10:00,1127.81,1127.91,1127.81,1127.91,0.01,23.96,25206.11,1
2023-10-31,2023-10-31 14:11:00,1127.91,1128.0,1127.91,1128.0,0.01,23.96,25206.11,1
2023-10-31,2023-10-31 14:12:00,1128.0,1128.09,1128.0,1128.09,0.01,23.96,25206.11,1
2023-10-31,2023-10-31 14:13:00,1128.09,1128.19,1128.09,1128.19,0.01,23.96,25206.11,1
2023-10-31,2023-10-31 14:14:00,1128.19,1128.28,1128.19,1128.28,0.01,23.96,25206.11,1
2023-10-31,2023-10-31 14:15:00,1128.28,1128.38,1128.28,1128.38,0.01,23.96,25206.11,1
2023-10-31,2023-10-31 14:16:00,1128.38,1128.47,1128.38,1128.47,0.01,23.96,25206.11,1
2023-10-31,2023-10-31 14:17:00,1128.47,1128.56,1128.47,1128.56,0.01,23.96,25206.11,1
2023-10-31,2023-10-31 14:18:00,1128.56,1128.66,1128.56,1128.66,0.01,23.96,25206.11,1
2023-10-31,2023-10-31 14:19:00,1128.66,1128.75,1128.66,1128.75,0.01,23.96,25206.11,1
2023-10-31,2023-10-31 14:20:00,1128.75,1128.84,1128.75,1128.84,0.01,23.96,25206.11,1
2023-10-31,2023-10-31 14:21:00,1128.84,1128.94,1128.84,1128.94,0.01,23.96,25206.11,1
2023-10-31,2023-10-31 14:22:00,1128.94,1129.03,1128.94,1129.03,0.01,23.96,25206.11,1
2023-10-31,2023-10-31 14:23:00,1129.03,1129.12,1129.03,1129.12,0.01,23.96,25206.11,1
2023-10-31,2023-10-31 14:24:00,1129.12,1129.22,1129.12,1129.22,0.01,23.96,25206.11,1
2023-10-31,2023-10-31 14:25:00,1129.22,1129.31,1129.22,1129.31,0.01,23.96,25206.11,1
2023-10-31,2023-10-31 14:26:00,1129.31,1129.41,1129.31,1129.41,0.01,23.96,25206.11,1
2023-10-31,2023-10-31 14:27:00,1129.41,1129.5,1129.41,1129.5,0.01,23.96,25206.11,1
2023-10-31,2023-10-31 14:28:00,1129.5,1129.59,1129.5,1129.59,0.01,23.96,25206.11,1
2023-10-31,2023-10-31 14:29:00,1129.59,1129.69,1129.59,1129.69,0.01,23.96,25206.11,1
2023-10-31,2023-10-31 14:30:00,1129.69,1129.78,1129.69,1129.78,0.01,23.96,25206.11,1
2023-10-31,2023-10-31 14:31:00,1129.78,1129.88,1129.78,1129.88,0.01,23.96,25206.11,1
2023-10-31,2023-10-31 14:32:00,1129.88,1129.97,1129.88,1129.97,0.01,23.96,25206.11,1
2023-10-31,2023-10-31 14:33:00,1129.97,1130.06,1129.97,1130.06,0.01,23.96,25206.11,1
2023-10-31,2023-10-31 14:34:00,1130.06,1130.16,1130.06,1130.16,0.01,23.96,25206.11,1
2023-10-31,2023-10-31 14:35:00,1130.16,1130.25,1130.16,1130.25,0.01,23.96,25206.11,1
2023-10-31,2023-10-31 14:36:00,1130.25,1130.34,1130.25,1130.34,0.01,23.96,25206.11,1
2023-10-31,2023-10-31 14:37:00,1130.34,1130.44,1130.34,1130.44,0.01,23.96,25206.11,1
2023-10-31,2023-10-31 14:38:00,1130.44,1130.53,1130.44,1130.53,0.01,23.96,25206.11,1
2023-10-31,2023-10-31 14:39:00,1130.53,1130.62,1130.53,1130.62,0.01,23.96,25206.11,1
2023-10-31,2023-10-31 14:40:00,1130.62,1130.72,1130.62,1130.72,0.01,23.96,25206.11,1
2023-10-31,2023-10-31 14:41:00,1130.72,1130.81,1130.72,1130.81,0.01,23.96,25206.11,1
2023-10-31,2023-10-31 14:42:00,1130.81,1130.91,1130.81,1130.91,0.01,23.96,25206.11,1
2023-10-31,2023-10-31 14:43:00,1130.91,1131.0,1130.91,1131.0,0.01,23.96,25206.11,1
2023-10-31,2023-10-31 14:44:00,1131.0,1131.09,1131.0,1131.09,0.01,23.96,25206.11,1
2023-10-31,2023-10-31 14:45:00,1131.09,1131.19,1131.09,1131.19,0.01,23.96,25206.11,1
2023-10-31,2023-10-31 14:46:00,1131.19,1131.28,1131.19,1131.28,0.01,23.96,25206.11,1
2023-10-31,2023-10-31 14:47:00,1131.28,1131.38,1131.28,1131.38,0.01,23.96,25206.11,1
2023-10-31,2023-10-31 14:48:00,1131.38,1131.47,1131.38,1131.47,0.01,23.96,25206.11,1
2023-10-31,2023-10-31 14:49:00,1131.47,1131.56,1131.47,1131.56,0.01,23.96,25206.11,1
2023-10-31,2023-10-31 14:50:00,1131.56,1131.66,1131.56,1131.66,0.01,23.96,25206.11,1
2023-10-31,2023-10-31 14:51:00,1131.66,1131.75,1131.66,1131.75,0.01,23.96,25206.11,1
2023-10-31,2023-10-31 14:52:00,1131.75,1131.84,1131.75,1131.84,0.01,23.96,25206.11,1
2023-10-31,2023-10-31 14:53:00,1131.84,1131.94,1131.84,1131.94,0.01,23.96,25206.11,1
2023-10-31,2023-10-31 14:54:00,1131.94,1132.03,1131.94,1132.03,0.01,23.96,25206.11,1
2023-10-31,2023-10-31 14:55:00,1132.03,1132.12,1132.03,1132.12,0.01,23.96,25206.11,1
2023-10-31,2023-10-31 14:56:00,1132.12,1132.22,1132.12,1132.22,0.01,23.96,25206.11,1
2023-10-31,2023-10-31 14:57:00,1132.22,1132.31,1132.22,1132.31,0.01,23.96,25206.11,1
2023-10-31,2023-10-31 14:58:00,1132.31,1132.41,1132.31,1132.41,0.01,23.96,25206.11,1
2023-10-31,2023-10-31 14:59:00,1132.41,1132.5,1132.41,1132.5,0.01,23.96,25206.11,1
2023-10-31,2023-10-31 15:00:00,1132.5,1155.6,1011.0,1132.5,0.0,23.96,25206.11,0
2023-11-01,2023-11-01 11:00:00,1155.1,1155.1,1116.07,1154.75,-0.03,14.96,15667.13,-1
2023-11-01,2023-11-01 11:01:00,1154.75,1154.75,1154.39,1154.39,-0.03,14.96,15667.13,-1
2023-11-01,2023-11-01 11:02:00,1154.39,1154.39,1154.04,1154.04,-0.03,14.96,15667.13,-1
2023-11-01,2023-11-01 11:03:00,1154.04,1154.04,1153.68,1153.68,-0.03,14.96,15667.13,-1
2023-11-01,2023-11-01 11:04:00,1153.68,1153.68,1153.33,1153.33,-0.03,14.96,15667.13,-1
2023-11-01,2023-11-01 11:05:00,1153.33,1153.33,1152.97,1152.97,-0.03,14.96,15667.13,-1
2023-11-01,2023-11-01 11:06:00,1152.97,1152.97,1152.62,1152.62,-0.03,14.96,15667.13,-1
2023-11-01,2023-11-01 11:07:00,1152.62,1152.62,1152.26,1152.26,-0.03,14.96,15667.13,-1
2023-11-01,2023-11-01 11:08:00,1152.26,1152.26,1151.91,1151.91,-0.03,14.96,15667.13,-1
2023-11-01,2023-11-01 11:09:00,1151.91,1151.91,1151.55,1151.55,-0.03,14.96,15667.13,-1
2023-11-01,2023-11-01 11:10:00,1151.55,1151.55,1151.2,1151.2,-0.03,14.96,15667.13,-1
2023-11-01,2023-11-01 11:11:00,1151.2,1151.2,1150.84,1150.84,-0.03,14.96,15667.13,-1
2023-11-01,2023-11-01 11:12:00,1150.84,1150.84,1150.49,1150.49,-0.03,14.96,15667.13,-1
2023-11-01,2023-11-01 11:13:00,1150.49,1150.49,1150.14,1150.14,-0.03,14.96,15667.13,-1
2023-11-01,2023-11-01 11:14:00,1150.14,1150.14,1149.78,1149.78,-0.03,14.96,15667.13,-1
2023-11-01,2023-11-01 11:15:00,1149.78,1149.78,1149.43,1149.43,-0.03,14.96,15667.13,-1
2023-11-01,2023-11-01 11:16:00,1149.43,1149.43,1149.07,1149.07,-0.03,14.96,15667.13,-1
2023-11-01,2023-11-01 11:17:00,1149.07,1149.07,1148.72,1148.72,-0.03,14.96,15667.13,-1
2023-11-01,2023-11-01 11:18:00,1148.72,1148.72,1148.36,1148.36,-0.03,14.96,15667.13,-1
2023-11-01,2023-11-01 11:19:00,1148.36,1148.36,1148.01,1148.01,-0.03,14.96,15667.13,-1
2023-11-01,2023-11-01 11:20:00,1148.01,1148.01,1147.65,1147.65,-0.03,14.96,15667.13,-1
2023-11-01,2023-11-01 11:21:00,1147.65,1147.65,1147.3,1147.3,-0.03,14.96,15667.13,-1
2023-11-01,2023-11-01 11:22:00,1147.3,1147.3,1146.94,1146.94,-0.03,14.96,15667.13,-1
2023-11-01,2023-11-01 11:23:00,1146.94,1146.94,1146.59,1146.59,-0.03,14.96,15667.13,-1
2023-11-01,2023-11-01 11:24:00,1146.59,1146.59,1146.24,1146.24,-0.03,14.96,15667.13,-1
2023-11-01,2023-11-01 11:25:00,1146.24,1146.24,1145.88,1145.88,-0.03,14.96,15667.13,-1
2023-11-01,2023-11-01 11:26:00,1145.88,1145.88,1145.53,1145.53,-0.03,14.96,15667.13,-1
2023-11-01,2023-11-01 11:27:00,1145.53,1145.53,1145.17,1145.17,-0.03,14.96,15667.13,-1
2023-11-01,2023-11-01 11:28:00,1145.17,1145.17,1144.82,1144.82,-0.03,14.96,15667.13,-1
2023-11-01,2023-11-01 11:29:00,1144.82,1144.82,1144.46,1144.46,-0.03,14.96,15667.13,-1
2023-11-01,2023-11-01 11:30:00,1144.46,1144.46,1144.11,1144.11,-0.03,14.96,15667.13,-1
2023-11-01,2023-11-01 11:31:00,1144.11,1144.11,1143.75,1143.75,-0.03,14.96,15667.13,-1
2023-11-01,2023-11-01 11:32:00,1143.75,1143.75,1143.4,1143.4,-0.03,14.96,15667.13,-1
2023-11-01,2023-11-01 11:33:00,1143.4,1143.4,1143.04,1143.04,-0.03,14.96,15667.13,-1
2023-11-01,2023-11-01 11:34:00,1143.04,1143.04,1142.69,1142.69,-0.03,14.96,15667.13,-1
2023-11-01,2023-11-01 11:35:00,1142.69,1142.69,1142.34,1142.34,-0.03,14.96,15667.13,-1
2023-11-01,2023-11-01 11:36:00,1142.34,1142.34,1141.98,1141.98,-0.03,14.96,15667.13,-1
2023-11-01,2023-11-01 11:37:00,1141.98,1141.98,1141.63,1141.63,-0.03,14.96,15667.13,-1
2023-11-01,2023-11-01 11:38:00,1141.63,1141.63,1141.27,1141.27,-0.03,14.96,15667.13,-1
2023-11-01,2023-11-01 11:39:00,1141.27,1141.27,1140.92,1140.92,-0.03,14.96,15667.13,-1
2023-11-01,2023-11-01 11:40:00,1140.92,1140.92,1140.56,1140.56,-0.03,14.96,15667.13,-1
2023-11-01,2023-11-01 11:41:00,1140.56,1140.56,1140.21,1140.21,-0.03,14.96,15667.13,-1
2023-11-01,2023-11-01 11:42:00,1140.21,1140.21,1139.85,1139.85,-0.03,14.96,15667.13,-1
2023-11-01,2023-11-01 11:43:00,1139.85,1139.85,1139.5,1139.5,-0.03,14.96,15667.13,-1
2023-11-01,2023-11-01 11:44:00,1139.5,1139.5,1139.14,1139.14,-0.03,14.96,15667.13,-1
2023-11-01,2023-11-01 11:45:00,1139.14,1139.14,1138.79,1138.79,-0.03,14.96,15667.13,-1
2023-11-01,2023-11-01 11:46:00,1138.79,1138.79,1138.43,1138.43,-0.03,14.96,15667.13,-1
2023-11-01,2023-11-01 11:47:00,1138.43,1138.43,1138.08,1138.08,-0.03,14.96,15667.13,-1
2023-11-01,2023-11-01 11:48:00,1138.08,1138.08,1137.73,1137.73,-0.03,14.96,15667.13,-1
2023-11-01,2023-11-01 11:49:00,1137.73,1137.73,1137.37,1137.37,-0.03,14.96,15667.13,-1
2023-11-01,2023-11-01 11:50:00,1137.37,1137.37,1137.02,1137.02,-0.03,14.96,15667.13,-1
2023-11-01,2023-11-01 11:51:00,1137.02,1137.02,1136.66,1136.66,-0.03,14.96,15667.13,-1
2023-11-01,2023-11-01 11:52:00,1136.66,1136.66,1136.31,1136.31,-0.03,14.96,15667.13,-1
2023-11-01,2023-11-01 11:53:00,1136.31,1136.31,1135.95,1135.95,-0.03,14.96,15667.13,-1
2023-11-01,2023-11-01 11:54:00,1135.95,1135.95,1135.6,1135.6,-0.03,14.96,15667.13,-1
2023-11-01,2023-11-01 11:55:00,1135.6,1135.6,1135.24,1135.24,-0.03,14.96,15667.13,-1
2023-11-01,2023-11-01 11:56:00,1135.24,1135.24,1134.89,1134.89,-0.03,14.96,15667.13,-1
2023-11-01,2023-11-01 11:57:00,1134.89,1134.89,1134.53,1134.53,-0.03,14.96,15667.13,-1
2023-11-01,2023-11-01 11:58:00,1134.53,1134.53,1134.18,1134.18,-0.03,14.96,15667.13,-1
2023-11-01,2023-11-01 11:59:00,1134.18,1134.18,1133.82,1133.82,-0.03,14.96,15667.13,-1
2023-11-01,2023-11-01 12:00:00,1133.82,1133.82,1133.47,1133.47,-0.03,14.96,15667.13,-1
2023-11-01,2023-11-01 12:01:00,1133.47,1133.47,1133.12,1133.12,-0.03,14.96,15667.13,-1
2023-11-01,2023-11-01 12:02:00,1133.12,1133.12,1132.76,1132.76,-0.03,14.96,15667.13,-1
2023-11-01,2023-11-01 12:03:00,1132.76,1132.76,1132.41,1132.41,-0.03,14.96,15667.13,-1
2023-11-01,2023-11-01 12:04:00,1132.41,1132.41,1132.05,1132.05,-0.03,14.96,15667.13,-1
2023-11-01,2023-11-01 12:05:00,1132.05,1132.05,1131.7,1131.7,-0.03,14.96,15667.13,-1
2023-11-01,2023-11-01 12:06:00,1131.7,1131.7,1131.34,1131.34,-0.03,14.96,15667.13,-1
2023-11-01,2023-11-01 12:07:00,1131.34,1131.34,1130.99,1130.99,-0.03,14.96,15667.13,-1
2023-11-01,2023-11-01 12:08:00,1130.99,1130.99,1130.63,1130.63,-0.03,14.96,15667.13,-1
2023-11-01,2023-11-01 12:09:00,1130.63,1130.63,1130.28,1130.28,-0.03,14.96,15667.13,-1
2023-11-01,2023-11-01 12:10:00,1130.28,1130.28,1129.92,1129.92,-0.03,14.96,15667.13,-1
2023-11-01,2023-11-01 12:11:00,1129.92,1129.92,1129.57,1129.57,-0.03,14.96,15667.13,-1
2023-11-01,2023-11-01 12:12:00,1129.57,1129.57,1129.22,1129.22,-0.03,14.96,15667.13,-1
2023-11-01,2023-11-01 12:13:00,1129.22,1129.22,1128.86,1128.86,-0.03,14.96,15667.13,-1
2023-11-01,2023-11-01 12:14:00,1128.86,1128.86,1128.51,1128.51,-0.03,14.96,15667.13,-1
2023-11-01,2023-11-01 12:15:00,1128.51,1128.51,1128.15,1128.15,-0.03,14.96,15667.13,-1
2023-11-01,2023-11-01 12:16:00,1128.15,1128.15,1127.8,1127.8,-0.03,14.96,15667.13,-1
2023-11-01,2023-11-01 12:17:00,1127.8,1127.8,1127.44,1127.44,-0.03,14.96,15667.13,-1
2023-11-01,2023-11-01 12:18:00,1127.44,1127.44,1127.09,1127.09,-0.03,14.96,15667.13,-1
2023-11-01,2023-11-01 12:19:00,1127.09,1127.09,1126.73,1126.73,-0.03,14.96,15667.13,-1
2023-11-01,2023-11-01 12:20:00,1126.73,1126.73,1126.38,1126.38,-0.03,14.96,15667.13,-1
2023-11-01,2023-11-01 12:21:00,1126.38,1126.38,1126.02,1126.02,-0.03,14.96,15667.13,-1
2023-11-01,2023-11-01 12:22:00,1126.02,1126.02,1125.67,1125.67,-0.03,14.96,15667.13,-1
2023-11-01,2023-11-01 12:23:00,1125.67,1125.67,1125.32,1125.32,-0.03,14.96,15667.13,-1
2023-11-01,2023-11-01 12:24:00,1125.32,1125.32,1124.96,1124.96,-0.03,14.96,15667.13,-1
2023-11-01,2023-11-01 12:25:00,1124.96,1124.96,1124.61,1124.61,-0.03,14.96,15667.13,-1
2023-11-01,2023-11-01 12:26:00,1124.61,1124.61,1124.25,1124.25,-0.03,14.96,15667.13,-1
2023-11-01,2023-11-01 12:27:00,1124.25,1124.25,1123.9,1123.9,-0.03,14.96,15667.13,-1
2023-11-01,2023-11-01 12:28:00,1123.9,1123.9,1123.54,1123.54,-0.03,14.96,15667.13,-1
2023-11-01,2023-11-01 12:29:00,1123.54,1123.54,1123.19,1123.19,-0.03,14.96,15667.13,-1
2023-11-01,2023-11-01 12:30:00,1123.19,1123.19,1122.83,1122.83,-0.03,14.96,15667.13,-1
2023-11-01,2023-11-01 12:31:00,1122.83,1122.83,1122.48,1122.48,-0.03,14.96,15667.13,-1
2023-11-01,2023-11-01 12:32:00,1122.48,1122.48,1122.12,1122.12,-0.03,14.96,15667.13,-1
2023-11-01,2023-11-01 12:33:00,1122.12,1122.12,1121.77,1121.77,-0.03,14.96,15667.13,-1
2023-11-01,2023-11-01 12:34:00,1121.77,1121.77,1121.41,1121.41,-0.03,14.96,15667.13,-1
2023-11-01,2023-11-01 12:35:00,1121.41,1121.41,1121.06,1121.06,-0.03,14.96,15667.13,-1
2023-11-01,2023-11-01 12:36:00,1121.06,1121.06,1120.71,1120.71,-0.03,14.96,15667.13,-1
2023-11-01,2023-11-01 12:37:00,1120.71,1120.71,1120.35,1120.35,-0.03,14.96,15667.13,-1
2023-11-01,2023-11-01 12:38:00,1120.35,1120.35,1120.0,1120.0,-0.03,14.96,15667.13,-1
2023-11-01,2023-11-01 12:39:00,1120.0,1120.0,1119.64,1119.64,-0.03,14.96,15667.13,-1
2023-11-01,2023-11-01 12:40:00,1119.64,1119.64,1119.29,1119.29,-0.03,14.96,15667.13,-1
2023-11-01,2023-11-01 12:41:00,1119.29,1119.29,1118.93,1118.93,-0.03,14.96,15667.13,-1
2023-11-01,2023-11-01 12:42:00,1118.93,1118.93,1118.58,1118.58,-0.03,14.96,15667.13,-1
2023-11-01,2023-11-01 12:43:00,1118.58,1118.58,1118.22,1118.22,-0.03,14.96,15667.13,-1
2023-11-01,2023-11-01 12:44:00,1118.22,1118.22,1117.87,1117.87,-0.03,14.96,15667.13,-1
2023-11-01,2023-11-01 12:45:00,1117.87,1117.87,1117.51,1117.51,-0.03,14.96,15667.13,-1
2023-11-01,2023-11-01 12:46:00,1117.51,1117.51,1117.16,1117.16,-0.03,14.96,15667.13,-1
2023-11-01,2023-11-01 12:47:00,1117.16,1117.16,1116.8,1116.8,-0.03,14.96,15667.13,-1
2023-11-01,2023-11-01 12:48:00,1116.8,1116.8,1116.45,1116.45,-0.03,14.96,15667.13,-1
2023-11-01,2023-11-01 12:49:00,1116.45,1116.45,1116.1,1116.1,-0.03,14.96,15667.13,-1
2023-11-01,2023-11-01 12:50:00,1116.1,1116.1,1115.74,1115.74,-0.03,14.96,15667.13,-1
2023-11-01,2023-11-01 12:51:00,1115.74,1115.74,1115.39,1115.39,-0.03,14.96,15667.13,-1
2023-11-01,2023-11-01 12:52:00,1115.39,1115.39,1115.03,1115.03,-0.03,14.96,15667.13,-1
2023-11-01,2023-11-01 12:53:00,1115.03,1115.03,1114.68,1114.68,-0.03,14.96,15667.13,-1
2023-11-01,2023-11-01 12:54:00,1114.68,1114.68,1114.32,1114.32,-0.03,14.96,15667.13,-1
2023-11-01,2023-11-01 12:55:00,1114.32,1114.32,1113.97,1113.97,-0.03,14.96,15667.13,-1
2023-11-01,2023-11-01 12:56:00,1113.97,1113.97,1113.61,1113.61,-0.03,14.96,15667.13,-1
2023-11-01,2023-11-01 12:57:00,1113.61,1113.61,1113.26,1113.26,-0.03,14.96,15667.13,-1
2023-11-01,2023-11-01 12:58:00,1113.26,1113.26,1112.9,1112.9,-0.03,14.96,15667.13,-1
2023-11-01,2023-11-01 12:59:00,1112.9,1112.9,1112.55,1112.55,-0.03,14.96,15667.13,-1
2023-11-01,2023-11-01 13:00:00,1112.55,1155.1,1025.0,1112.2,-0.03,14.96,15667.13,-1
2023-11-01,2023-11-01 13:01:00,1112.2,1112.2,1111.84,1111.84,-0.03,14.96,15667.13,-1
2023-11-01,2023-11-01 13:02:00,1111.84,1111.84,1111.49,1111.49,-0.03,14.96,15667.13,-1
2023-11-01,2023-11-01 13:03:00,1111.49,1111.49,1111.13,1111.13,-0.03,14.96,15667.13,-1
2023-11-01,2023-11-01 13:04:00,1111.13,1111.13,1110.78,1110.78,-0.03,14.96,15667.13,-1
2023-11-01,2023-11-01 13:05:00,1110.78,1110.78,1110.42,1110.42,-0.03,14.96,15667.13,-1
2023-11-01,2023-11-01 13:06:00,1110.42,1110.42,1110.07,1110.07,-0.03,14.96,15667.13,-1
2023-11-01,2023-11-01 13:07:00,1110.07,1110.07,1109.71,1109.71,-0.03,14.96,15667.13,-1
2023-11-01,2023-11-01 13:08:00,1109.71,1109.71,1109.36,1109.36,-0.03,14.96,15667.13,-1
2023-11-01,2023-11-01 13:09:00,1109.36,1109.36,1109.0,1109.0,-0.03,14.96,15667.13,-1
2023-11-01,2023-11-01 13:10:00,1109.0,1109.0,1108.65,1108.65,-0.03,14.96,15667.13,-1
2023-11-01,2023-11-01 13:11:00,1108.65,1108.65,1108.29,1108.29,-0.03,14.96,15667.13,-1
2023-11-01,2023-11-01 13:12:00,1108.29,1108.29,1107.94,1107.94,-0.03,14.96,15667.13,-1
2023-11-01,2023-11-01 13:13:00,1107.94,1107.94,1107.59,1107.59,-0.03,14.96,15667.13,-1
2023-11-01,2023-11-01 13:14:00,1107.59,1107.59,1107.23,1107.23,-0.03,14.96,15667.13,-1
2023-11-01,2023-11-01 13:15:00,1107.23,1107.23,1106.88,1106.88,-0.03,14.96,15667.13,-1
2023-11-01,2023-11-01 13:16:00,1106.88,1106.88,1106.52,1106.52,-0.03,14.96,15667.13,-1
2023-11-01,2023-11-01 13:17:00,1106.52,1106.52,1106.17,1106.17,-0.03,14.96,15667.13,-1
2023-11-01,2023-11-01 13:18:00,1106.17,1106.17,1105.81,1105.81,-0.03,14.96,15667.13,-1
2023-11-01,2023-11-01 13:19:00,1105.81,1105.81,1105.46,1105.46,-0.03,14.96,15667.13,-1
2023-11-01,2023-11-01 13:20:00,1105.46,1105.46,1105.1,1105.1,-0.03,14.96,15667.13,-1
2023-11-01,2023-11-01 13:21:00,1105.1,1105.1,1104.75,1104.75,-0.03,14.96,15667.13,-1
2023-11-01,2023-11-01 13:22:00,1104.75,1104.75,1104.39,1104.39,-0.03,14.96,15667.13,-1
2023-11-01,2023-11-01 13:23:00,1104.39,1104.39,1104.04,1104.04,-0.03,14.96,15667.13,-1
2023-11-01,2023-11-01 13:24:00,1104.04,1104.04,1103.69,1103.69,-0.03,14.96,15667.13,-1
2023-11-01,2023-11-01 13:25:00,1103.69,1103.69,1103.33,1103.33,-0.03,14.96,15667.13,-1
2023-11-01,2023-11-01 13:26:00,1103.33,1103.33,1102.98,1102.98,-0.03,14.96,15667.13,-1
2023-11-01,2023-11-01 13:27:00,1102.98,1102.98,1102.62,1102.62,-0.03,14.96,15667.13,-1
2023-11-01,2023-11-01 13:28:00,1102.62,1102.62,1102.27,1102.27,-0.03,14.96,15667.13,-1
2023-11-01,2023-11-01 13:29:00,1102.27,1102.27,1101.91,1101.91,-0.03,14.96,15667.13,-1
2023-11-01,2023-11-01 13:30:00,1101.91,1101.91,1101.56,1101.56,-0.03,14.96,15667.13,-1
2023-11-01,2023-11-01 13:31:00,1101.56,1101.56,1101.2,1101.2,-0.03,14.96,15667.13,-1
2023-11-01,2023-11-01 13:32:00,1101.2,1101.2,1100.85,1100.85,-0.03,14.96,15667.13,-1
2023-11-01,2023-11-01 13:33:00,1100.85,1100.85,1100.49,1100.49,-0.03,14.96,15667.13,-1
2023-11-01,2023-11-01 13:34:00,1100.49,1100.49,1100.14,1100.14,-0.03,14.96,15667.13,-1
2023-11-01,2023-11-01 13:35:00,1100.14,1100.14,1099.78,1099.78,-0.03,14.96,15667.13,-1
2023-11-01,2023-11-01 13:36:00,1099.78,1099.78,1099.43,1099.43,-0.03,14.96,15667.13,-1
2023-11-01,2023-11-01 13:37:00,1099.43,1099.43,1099.08,1099.08,-0.03,14.96,15667.13,-1
2023-11-01,2023-11-01 13:38:00,1099.08,1099.08,1098.72,1098.72,-0.03,14.96,15667.13,-1
2023-11-01,2023-11-01 13:39:00,1098.72,1098.72,1098.37,1098.37,-0.03,14.96,15667.13,-1
2023-11-01,2023-11-01 13:40:00,1098.37,1098.37,1098.01,1098.01,-0.03,14.96,15667.13,-1
2023-11-01,2023-11-01 13:41:00,1098.01,1098.01,1097.66,1097.66,-0.03,14.96,15667.13,-1
2023-11-01,2023-11-01 13:42:00,1097.66,1097.66,1097.3,1097.3,-0.03,14.96,15667.13,-1
2023-11-01,2023-11-01 13:43:00,1097.3,1097.3,1096.95,1096.95,-0.03,14.96,15667.13,-1
2023-11-01,2023-11-01 13:44:00,1096.95,1096.95,1096.59,1096.59,-0.03,14.96,15667.13,-1
2023-11-01,2023-11-01 13:45:00,1096.59,1096.59,1096.24,1096.24,-0.03,14.96,15667.13,-1
2023-11-01,2023-11-01 13:46:00,1096.24,1096.24,1095.88,1095.88,-0.03,14.96,15667.13,-1
2023-11-01,2023-11-01 13:47:00,1095.88,1095.88,1095.53,1095.53,-0.03,14.96,15667.13,-1
2023-11-01,2023-11-01 13:48:00,1095.53,1095.53,1095.18,1095.18,-0.03,14.96,15667.13,-1
2023-11-01,2023-11-01 13:49:00,1095.18,1095.18,1094.82,1094.82,-0.03,14.96,15667.13,-1
2023-11-01,2023-11-01 13:50:00,1094.82,1094.82,1094.47,1094.47,-0.03,14.96,15667.13,-1
2023-11-01,2023-11-01 13:51:00,1094.47,1094.47,1094.11,1094.11,-0.03,14.96,15667.13,-1
2023-11-01,2023-11-01 13:52:00,1094.11,1094.11,1093.76,1093.76,-0.03,14.96,15667.13,-1
2023-11-01,2023-11-01 13:53:00,1093.76,1093.76,1093.4,1093.4,-0.03,14.96,15667.13,-1
2023-11-01,2023-11-01 13:54:00,1093.4,1093.4,1093.05,1093.05,-0.03,14.96,15667.13,-1
2023-11-01,2023-11-01 13:55:00,1093.05,1093.05,1092.69,1092.69,-0.03,14.96,15667.13,-1
2023-11-01,2023-11-01 13:56:00,1092.69,1092.69,1092.34,1092.34,-0.03,14.96,15667.13,-1
2023-11-01,2023-11-01 13:57:00,1092.34,1092.34,1091.98,1091.98,-0.03,14.96,15667.13,-1
2023-11-01,2023-11-01 13:58:00,1091.98,1091.98,1091.63,1091.63,-0.03,14.96,15667.13,-1
2023-11-01,2023-11-01 13:59:00,1091.63,1091.63,1091.28,1091.28,-0.03,14.96,15667.13,-1
2023-11-01,2023-11-01 14:00:00,1091.28,1091.28,1090.92,1090.92,-0.03,14.96,15667.13,-1
2023-11-01,2023-11-01 14:01:00,1090.92,1090.92,1090.57,1090.57,-0.03,14.96,15667.13,-1
2023-11-01,2023-11-01 14:02:00,1090.57,1090.57,1090.21,1090.21,-0.03,14.96,15667.13,-1
2023-11-01,2023-11-01 14:03:00,1090.21,1090.21,1089.86,1089.86,-0.03,14.96,15667.13,-1
2023-11-01,2023-11-01 14:04:00,1089.86,1089.86,1089.5,1089.5,-0.03,14.96,15667.13,-1
2023-11-01,2023-11-01 14:05:00,1089.5,1089.5,1089.15,1089.15,-0.03,14.96,15667.13,-1
2023-11-01,2023-11-01 14:06:00,1089.15,1089.15,1088.79,1088.79,-0.03,14.96,15667.13,-1
2023-11-01,2023-11-01 14:07:00,1088.79,1088.79,1088.44,1088.44,-0.03,14.96,15667.13,-1
2023-11-01,2023-11-01 14:08:00,1088.44,1088.44,1088.08,1088.08,-0.03,14.96,15667.13,-1
2023-11-01,2023-11-01 14:09:00,1088.08,1088.08,1087.73,1087.73,-0.03,14.96,15667.13,-1
2023-11-01,2023-11-01 14:10:00,1087.73,1087.73,1087.37,1087.37,-0.03,14.96,15667.13,-1
2023-11-01,2023-11-01 14:11:00,1087.37,1087.37,1087.02,1087.02,-0.03,14.96,15667.13,-1
2023-11-01,2023-11-01 14:12:00,1087.02,1087.02,1086.67,1086.67,-0.03,14.96,15667.13,-1
2023-11-01,2023-11-01 14:13:00,1086.67,1086.67,1086.31,1086.31,-0.03,14.96,15667.13,-1
2023-11-01,2023-11-01 14:14:00,1086.31,1086.31,1085.96,1085.96,-0.03,14.96,15667.13,-1
2023-11-01,2023-11-01 14:15:00,1085.96,1085.96,1085.6,1085.6,-0.03,14.96,15667.13,-1
2023-11-01,2023-11-01 14:16:00,1085.6,1085.6,1085.25,1085.25,-0.03,14.96,15667.13,-1
2023-11-01,2023-11-01 14:17:00,1085.25,1085.25,1084.89,1084.89,-0.03,14.96,15667.13,-1
2023-11-01,2023-11-01 14:18:00,1084.89,1084.89,1084.54,1084.54,-0.03,14.96,15667.13,-1
2023-11-01,2023-11-01 14:19:00,1084.54,1084.54,1084.18,1084.18,-0.03,14.96,15667.13,-1
2023-11-01,2023-11-01 14:20:00,1084.18,1084.18,1083.83,1083.83,-0.03,14.96,15667.13,-1
2023-11-01,2023-11-01 14:21:00,1083.83,1083.83,1083.47,1083.47,-0.03,14.96,15667.13,-1
2023-11-01,2023-11-01 14:22:00,1083.47,1083.47,1083.12,1083.12,-0.03,14.96,15667.13,-1
2023-11-01,2023-11-01 14:23:00,1083.12,1083.12,1082.76,1082.76,-0.03,14.96,15667.13,-1
2023-11-01,2023-11-01 14:24:00,1082.76,1082.76,1082.41,1082.41,-0.03,14.96,15667.13,-1
2023-11-01,2023-11-01 14:25:00,1082.41,1082.41,1082.06,1082.06,-0.03,14.96,15667.13,-1
2023-11-01,2023-11-01 14:26:00,1082.06,1082.06,1081.7,1081.7,-0.03,14.96,15667.13,-1
2023-11-01,2023-11-01 14:27:00,1081.7,1081.7,1081.35,1081.35,-0.03,14.96,15667.13,-1
2023-11-01,2023-11-01 14:28:00,1081.35,1081.35,1080.99,1080.99,-0.03,14.96,15667.13,-1
2023-11-01,2023-11-01 14:29:00,1080.99,1080.99,1080.64,1080.64,-0.03,14.96,15667.13,-1
2023-11-01,2023-11-01 14:30:00,1080.64,1080.64,1080.28,1080.28,-0.03,14.96,15667.13,-1
2023-11-01,2023-11-01 14:31:00,1080.28,1080.28,1079.93,1079.93,-0.03,14.96,15667.13,-1
2023-11-01,2023-11-01 14:32:00,1079.93,1079.93,1079.57,1079.57,-0.03,14.96,15667.13,-1
2023-11-01,2023-11-01 14:33:00,1079.57,1079.57,1079.22,1079.22,-0.03,14.96,15667.13,-1
2023-11-01,2023-11-01 14:34:00,1079.22,1079.22,1078.86,1078.86,-0.03,14.96,15667.13,-1
2023-11-01,2023-11-01 14:35:00,1078.86,1078.86,1078.51,1078.51,-0.03,14.96,15667.13,-1
2023-11-01,2023-11-01 14:36:00,1078.51,1078.51,1078.16,1078.16,-0.03,14.96,15667.13,-1
2023-11-01,2023-11-01 14:37:00,1078.16,1078.16,1077.8,1077.8,-0.03,14.96,15667.13,-1
2023-11-01,2023-11-01 14:38:00,1077.8,1077.8,1077.45,1077.45,-0.03,14.96,15667.13,-1
2023-11-01,2023-11-01 14:39:00,1077.45,1077.45,1077.09,1077.09,-0.03,14.96,15667.13,-1
2023-11-01,2023-11-01 14:40:00,1077.09,1077.09,1076.74,1076.74,-0.03,14.96,15667.13,-1
2023-11-01,2023-11-01 14:41:00,1076.74,1076.74,1076.38,1076.38,-0.03,14.96,15667.13,-1
2023-11-01,2023-11-01 14:42:00,1076.38,1076.38,1076.03,1076.03,-0.03,14.96,15667.13,-1
2023-11-01,2023-11-01 14:43:00,1076.03,1076.03,1075.67,1075.67,-0.03,14.96,15667.13,-1
2023-11-01,2023-11-01 14:44:00,1075.67,1075.67,1075.32,1075.32,-0.03,14.96,15667.13,-1
2023-11-01,2023-11-01 14:45:00,1075.32,1075.32,1074.96,1074.96,-0.03,14.96,15667.13,-1
2023-11-01,2023-11-01 14:46:00,1074.96,1074.96,1074.61,1074.61,-0.03,14.96,15667.13,-1
2023-11-01,2023-11-01 14:47:00,1074.61,1074.61,1074.26,1074.26,-0.03,14.96,15667.13,-1
2023-11-01,2023-11-01 14:48:00,1074.26,1074.26,1073.9,1073.9,-0.03,14.96,15667.13,-1
2023-11-01,2023-11-01 14:49:00,1073.9,1073.9,1073.55,1073.55,-0.03,14.96,15667.13,-1
2023-11-01,2023-11-01 14:50:00,1073.55,1073.55,1073.19,1073.19,-0.03,14.96,15667.13,-1
2023-11-01,2023-11-01 14:51:00,1073.19,1073.19,1072.84,1072.84,-0.03,14.96,15667.13,-1
2023-11-01,2023-11-01 14:52:00,1072.84,1072.84,1072.48,1072.48,-0.03,14.96,15667.13,-1
2023-11-01,2023-11-01 14:53:00,1072.48,1072.48,1072.13,1072.13,-0.03,14.96,15667.13,-1
2023-11-01,2023-11-01 14:54:00,1072.13,1072.13,1071.77,1071.77,-0.03,14.96,15667.13,-1
2023-11-01,2023-11-01 14:55:00,1071.77,1071.77,1071.42,1071.42,-0.03,14.96,15667.13,-1
2023-11-01,2023-11-01 14:56:00,1071.42,1071.42,1071.06,1071.06,-0.03,14.96,15667.13,-1
2023-11-01,2023-11-01 14:57:00,1071.06,1071.06,1070.71,1070.71,-0.03,14.96,15667.13,-1
2023-11-01,2023-11-01 14:58:00,1070.71,1070.71,1070.35,1070.35,-0.03,14.96,15667.13,-1
2023-11-01,2023-11-01 14:59:00,1070.35,1070.35,1070.0,1070.0,-0.03,14.96,15667.13,-1
2023-11-01,2023-11-01 15:00:00,1070.0,1155.1,1025.0,1070.0,0.0,14.96,15667.13,0
2023-11-02,2023-11-02 11:00:00,1048.6,1060.42,1039.78,1048.67,0.01,18.57,19164.53,1
2023-11-02,2023-11-02 11:01:00,1048.67,1048.74,1048.67,1048.74,0.01,18.57,19164.53,1
2023-11-02,2023-11-02 11:02:00,1048.74,1048.8,1048.74,1048.8,0.01,18.57,19164.53,1
2023-11-02,2023-11-02 11:03:00,1048.8,1048.87,1048.8,1048.87,0.01,18.57,19164.53,1
2023-11-02,2023-11-02 11:04:00,1048.87,1048.94,1048.87,1048.94,0.01,18.57,19164.53,1
2023-11-02,2023-11-02 11:05:00,1048.94,1049.01,1048.94,1049.01,0.01,18.57,19164.53,1
2023-11-02,2023-11-02 11:06:00,1049.01,1049.08,1049.01,1049.08,0.01,18.57,19164.53,1
2023-11-02,2023-11-02 11:07:00,1049.08,1049.15,1049.08,1049.15,0.01,18.57,19164.53,1
2023-11-02,2023-11-02 11:08:00,1049.15,1049.21,1049.15,1049.21,0.01,18.57,19164.53,1
2023-11-02,2023-11-02 11:09:00,1049.21,1049.28,1049.21,1049.28,0.01,18.57,19164.53,1
2023-11-02,2023-11-02 11:10:00,1049.28,1049.35,1049.28,1049.35,0.01,18.57,19164.53,1
2023-11-02,2023-11-02 11:11:00,1049.35,1049.42,1049.35,1049.42,0.01,18.57,19164.53,1
2023-11-02,2023-11-02 11:12:00,1049.42,1049.49,1049.42,1049.49,0.01,18.57,19164.53,1
2023-11-02,2023-11-02 11:13:00,1049.49,1049.56,1049.49,1049.56,0.01,18.57,19164.53,1
2023-11-02,2023-11-02 11:14:00,1049.56,1049.62,1049.56,1049.62,0.01,18.57,19164.53,1
2023-11-02,2023-11-02 11:15:00,1049.62,1049.69,1049.62,1049.69,0.01,18.57,19164.53,1
2023-11-02,2023-11-02 11:16:00,1049.69,1049.76,1049.69,1049.76,0.01,18.57,19164.53,1
2023-11-02,2023-11-02 11:17:00,1049.76,1049.83,1049.76,1049.83,0.01,18.57,19164.53,1
2023-11-02,2023-11-02 11:18:00,1049.83,1049.9,1049.83,1049.9,0.01,18.57,19164.53,1
2023-11-02,2023-11-02 11:19:00,1049.9,1049.97,1049.9,1049.97,0.01,18.57,19164.53,1
2023-11-02,2023-11-02 11:20:00,1049.97,1050.03,1049.97,1050.03,0.01,18.57,19164.53,1
2023-11-02,2023-11-02 11:21:00,1050.03,1050.1,1050.03,1050.1,0.01,18.57,19164.53,1
2023-11-02,2023-11-02 11:22:00,1050.1,1050.17,1050.1,1050.17,0.01,18.57,19164.53,1
2023-11-02,2023-11-02 11:23:00,1050.17,1050.24,1050.17,1050.24,0.01,18.57,19164.53,1
2023-11-02,2023-11-02 11:24:00,1050.24,1050.31,1050.24,1050.31,0.01,18.57,19164.53,1
2023-11-02,2023-11-02 11:25:00,1050.31,1050.38,1050.31,1050.38,0.01,18.57,19164.53,1
2023-11-02,2023-11-02 11:26:00,1050.38,1050.44,1050.38,1050.44,0.01,18.57,19164.53,1
2023-11-02,2023-11-02 11:27:00,1050.44,1050.51,1050.44,1050.51,0.01,18.57,19164.53,1
2023-11-02,2023-11-02 11:28:00,1050.51,1050.58,1050.51,1050.58,0.01,18.57,19164.53,1
2023-11-02,2023-11-02 11:29:00,1050.58,1050.65,1050.58,1050.65,0.01,18.57,19164.53,1
2023-11-02,2023-11-02 11:30:00,1050.65,1050.72,1050.65,1050.72,0.01,18.57,19164.53,1
2023-11-02,2023-11-02 11:31:00,1050.72,1050.79,1050.72,1050.79,0.01,18.57,19164.53,1
2023-11-02,2023-11-02 11:32:00,1050.79,1050.86,1050.79,1050.86,0.01,18.57,19164.53,1
2023-11-02,2023-11-02 11:33:00,1050.86,1050.92,1050.86,1050.92,0.01,18.57,19164.53,1
2023-11-02,2023-11-02 11:34:00,1050.92,1050.99,1050.92,1050.99,0.01,18.57,19164.53,1
2023-11-02,2023-11-02 11:35:00,1050.99,1051.06,1050.99,1051.06,0.01,18.57,19164.53,1
2023-11-02,2023-11-02 11:36:00,1051.06,1051.13,1051.06,1051.13,0.01,18.57,19164.53,1
2023-11-02,2023-11-02 11:37:00,1051.13,1051.2,1051.13,1051.2,0.01,18.57,19164.53,1
2023-11-02,2023-11-02 11:38:00,1051.2,1051.26,1051.2,1051.26,0.01,18.57,19164.53,1
2023-11-02,2023-11-02 11:39:00,1051.26,1051.33,1051.26,1051.33,0.01,18.57,19164.53,1
2023-11-02,2023-11-02 11:40:00,1051.33,1051.4,1051.33,1051.4,0.01,18.57,19164.53,1
2023-11-02,2023-11-02 11:41:00,1051.4,1051.47,1051.4,1051.47,0.01,18.57,19164.53,1
2023-11-02,2023-11-02 11:42:00,1051.47,1051.54,1051.47,1051.54,0.01,18.57,19164.53,1
2023-11-02,2023-11-02 11:43:00,1051.54,1051.61,1051.54,1051.61,0.01,18.57,19164.53,1
2023-11-02,2023-11-02 11:44:00,1051.61,1051.67,1051.61,1051.67,0.01,18.57,19164.53,1
2023-11-02,2023-11-02 11:45:00,1051.67,1051.74,1051.67,1051.74,0.01,18.57,19164.53,1
2023-11-02,2023-11-02 11:46:00,1051.74,1051.81,1051.74,1051.81,0.01,18.57,19164.53,1
2023-11-02,2023-11-02 11:47:00,1051.81,1051.88,1051.81,1051.88,0.01,18.57,19164.53,1
2023-11-02,2023-11-02 11:48:00,1051.88,1051.95,1051.88,1051.95,0.01,18.57,19164.53,1
2023-11-02,2023-11-02 11:49:00,1051.95,1052.02,1051.95,1052.02,0.01,18.57,19164.53,1
2023-11-02,2023-11-02 11:50:00,1052.02,1052.09,1052.02,1052.09,0.01,18.57,19164.53,1
2023-11-02,2023-11-02 11:51:00,1052.09,1052.15,1052.09,1052.15,0.01,18.57,19164.53,1
2023-11-02,2023-11-02 11:52:00,1052.15,1052.22,1052.15,1052.22,0.01,18.57,19164.53,1
2023-11-02,2023-11-02 11:53:00,1052.22,1052.29,1052.22,1052.29,0.01,18.57,19164.53,1
2023-11-02,2023-11-02 11:54:00,1052.29,1052.36,1052.29,1052.36,0.01,18.57,19164.53,1
2023-11-02,2023-11-02 11:55:00,1052.36,1052.43,1052.36,1052.43,0.01,18.57,19164.53,1
2023-11-02,2023-11-02 11:56:00,1052.43,1052.49,1052.43,1052.49,0.01,18.57,19164.53,1
2023-11-02,2023-11-02 11:57:00,1052.49,1052.56,1052.49,1052.56,0.01,18.57,19164.53,1
2023-11-02,2023-11-02 11:58:00,1052.56,1052.63,1052.56,1052.63,0.01,18.57,19164.53,1
2023-11-02,2023-11-02 11:59:00,1052.63,1052.7,1052.63,1052.7,0.01,18.57,19164.53,1
2023-11-02,2023-11-02 12:00:00,1052.7,1052.77,1052.7,1052.77,0.01,18.57,19164.53,1
2023-11-02,2023-11-02 12:01:00,1052.77,1052.84,1052.77,1052.84,0.01,18.57,19164.53,1
2023-11-02,2023-11-02 12:02:00,1052.84,1052.9,1052.84,1052.9,0.01,18.57,19164.53,1
2023-11-02,2023-11-02 12:03:00,1052.9,1052.97,1052.9,1052.97,0.01,18.57,19164.53,1
2023-11-02,2023-11-02 12:04:00,1052.97,1053.04,1052.97,1053.04,0.01,18.57,19164.53,1
2023-11-02,2023-11-02 12:05:00,1053.04,1053.11,1053.04,1053.11,0.01,18.57,19164.53,1
2023-11-02,2023-11-02 12:06:00,1053.11,1053.18,1053.11,1053.18,0.01,18.57,19164.53,1
2023-11-02,2023-11-02 12:07:00,1053.18,1053.25,1053.18,1053.25,0.01,18.57,19164.53,1
2023-11-02,2023-11-02 12:08:00,1053.25,1053.31,1053.25,1053.31,0.01,18.57,19164.53,1
2023-11-02,2023-11-02 12:09:00,1053.31,1053.38,1053.31,1053.38,0.01,18.57,19164.53,1
2023-11-02,2023-11-02 12:10:00,1053.38,1053.45,1053.38,1053.45,0.01,18.57,19164.53,1
2023-11-02,2023-11-02 12:11:00,1053.45,1053.52,1053.45,1053.52,0.01,18.57,19164.53,1
2023-11-02,2023-11-02 12:12:00,1053.52,1053.59,1053.52,1053.59,0.01,18.57,19164.53,1
2023-11-02,2023-11-02 12:13:00,1053.59,1053.66,1053.59,1053.66,0.01,18.57,19164.53,1
2023-11-02,2023-11-02 12:14:00,1053.66,1053.72,1053.66,1053.72,0.01,18.57,19164.53,1
2023-11-02,2023-11-02 12:15:00,1053.72,1053.79,1053.72,1053.79,0.01,18.57,19164.53,1
2023-11-02,2023-11-02 12:16:00,1053.79,1053.86,1053.79,1053.86,0.01,18.57,19164.53,1
2023-11-02,2023-11-02 12:17:00,1053.86,1053.93,1053.86,1053.93,0.01,18.57,19164.53,1
2023-11-02,2023-11-02 12:18:00,1053.93,1054.0,1053.93,1054.0,0.01,18.57,19164.53,1
2023-11-02,2023-11-02 12:19:00,1054.0,1054.07,1054.0,1054.07,0.01,18.57,19164.53,1
2023-11-02,2023-11-02 12:20:00,1054.07,1054.13,1054.07,1054.13,0.01,18.57,19164.53,1
2023-11-02,2023-11-02 12:21:00,1054.13,1054.2,1054.13,1054.2,0.01,18.57,19164.53,1
2023-11-02,2023-11-02 12:22:00,1054.2,1054.27,1054.2,1054.27,0.01,18.57,19164.53,1
2023-11-02,2023-11-02 12:23:00,1054.27,1054.34,1054.27,1054.34,0.01,18.57,19164.53,1
2023-11-02,2023-11-02 12:24:00,1054.34,1054.41,1054.34,1054.41,0.01,18.57,19164.53,1
2023-11-02,2023-11-02 12:25:00,1054.41,1054.48,1054.41,1054.48,0.01,18.57,19164.53,1
2023-11-02,2023-11-02 12:26:00,1054.48,1054.54,1054.48,1054.54,0.01,18.57,19164.53,1
2023-11-02,2023-11-02 12:27:00,1054.54,1054.61,1054.54,1054.61,0.01,18.57,19164.53,1
2023-11-02,2023-11-02 12:28:00,1054.61,1054.68,1054.61,1054.68,0.01,18.57,19164.53,1
2023-11-02,2023-11-02 12:29:00,1054.68,1054.75,1054.68,1054.75,0.01,18.57,19164.53,1
2023-11-02,2023-11-02 12:30:00,1054.75,1054.82,1054.75,1054.82,0.01,18.57,19164.53,1
2023-11-02,2023-11-02 12:31:00,1054.82,1054.89,1054.82,1054.89,0.01,18.57,19164.53,1
2023-11-02,2023-11-02 12:32:00,1054.89,1054.95,1054.89,1054.95,0.01,18.57,19164.53,1
2023-11-02,2023-11-02 12:33:00,1054.95,1055.02,1054.95,1055.02,0.01,18.57,19164.53,1
2023-11-02,2023-11-02 12:34:00,1055.02,1055.09,1055.02,1055.09,0.01,18.57,19164.53,1
2023-11-02,2023-11-02 12:35:00,1055.09,1055.16,1055.09,1055.16,0.01,18.57,19164.53,1
2023-11-02,2023-11-02 12:36:00,1055.16,1055.23,1055.16,1055.23,0.01,18.57,19164.53,1
2023-11-02,2023-11-02 12:37:00,1055.23,1055.3,1055.23,1055.3,0.01,18.57,19164.53,1
2023-11-02,2023-11-02 12:38:00,1055.3,1055.37,1055.3,1055.37,0.01,18.57,19164.53,1
2023-11-02,2023-11-02 12:39:00,1055.37,1055.43,1055.37,1055.43,0.01,18.57,19164.53,1
2023-11-02,2023-11-02 12:40:00,1055.43,1055.5,1055.43,1055.5,0.01,18.57,19164.53,1
2023-11-02,2023-11-02 12:41:00,1055.5,1055.57,1055.5,1055.57,0.01,18.57,19164.53,1
2023-11-02,2023-11-02 12:42:00,1055.57,1055.64,1055.57,1055.64,0.01,18.57,19164.53,1
2023-11-02,2023-11-02 12:43:00,1055.64,1055.71,1055.64,1055.71,0.01,18.57,19164.53,1
2023-11-02,2023-11-02 12:44:00,1055.71,1055.77,1055.71,1055.77,0.01,18.57,19164.53,1
2023-11-02,2023-11-02 12:45:00,1055.77,1055.84,1055.77,1055.84,0.01,18.57,19164.53,1
2023-11-02,2023-11-02 12:46:00,1055.84,1055.91,1055.84,1055.91,0.01,18.57,19164.53,1
2023-11-02,2023-11-02 12:47:00,1055.91,1055.98,1055.91,1055.98,0.01,18.57,19164.53,1
2023-11-02,2023-11-02 12:48:00,1055.98,1056.05,1055.98,1056.05,0.01,18.57,19164.53,1
2023-11-02,2023-11-02 12:49:00,1056.05,1056.12,1056.05,1056.12,0.01,18.57,19164.53,1
2023-11-02,2023-11-02 12:50:00,1056.12,1056.18,1056.12,1056.18,0.01,18.57,19164.53,1
2023-11-02,2023-11-02 12:51:00,1056.18,1056.25,1056.18,1056.25,0.01,18.57,19164.53,1
2023-11-02,2023-11-02 12:52:00,1056.25,1056.32,1056.25,1056.32,0.01,18.57,19164.53,1
2023-11-02,2023-11-02 12:53:00,1056.32,1056.39,1056.32,1056.39,0.01,18.57,19164.53,1
2023-11-02,2023-11-02 12:54:00,1056.39,1056.46,1056.39,1056.46,0.01,18.57,19164.53,1
2023-11-02,2023-11-02 12:55:00,1056.46,1056.53,1056.46,1056.53,0.01,18.57,19164.53,1
2023-11-02,2023-11-02 12:56:00,1056.53,1056.6,1056.53,1056.6,0.01,18.57,19164.53,1
2023-11-02,2023-11-02 12:57:00,1056.6,1056.66,1056.6,1056.66,0.01,18.57,19164.53,1
2023-11-02,2023-11-02 12:58:00,1056.66,1056.73,1056.66,1056.73,0.01,18.57,19164.53,1
2023-11-02,2023-11-02 12:59:00,1056.73,1056.8,1056.73,1056.8,0.01,18.57,19164.53,1
2023-11-02,2023-11-02 13:00:00,1056.8,1088.0,1019.2,1056.87,0.01,18.57,19164.53,1
2023-11-02,2023-11-02 13:01:00,1056.87,1056.94,1056.87,1056.94,0.01,18.57,19164.53,1
2023-11-02,2023-11-02 13:02:00,1056.94,1057.0,1056.94,1057.0,0.01,18.57,19164.53,1
2023-11-02,2023-11-02 13:03:00,1057.0,1057.07,1057.0,1057.07,0.01,18.57,19164.53,1
2023-11-02,2023-11-02 13:04:00,1057.07,1057.14,1057.07,1057.14,0.01,18.57,19164.53,1
2023-11-02,2023-11-02 13:05:00,1057.14,1057.21,1057.14,1057.21,0.01,18.57,19164.53,1
2023-11-02,2023-11-02 13:06:00,1057.21,1057.28,1057.21,1057.28,0.01,18.57,19164.53,1
2023-11-02,2023-11-02 13:07:00,1057.28,1057.35,1057.28,1057.35,0.01,18.57,19164.53,1
2023-11-02,2023-11-02 13:08:00,1057.35,1057.41,1057.35,1057.41,0.01,18.57,19164.53,1
2023-11-02,2023-11-02 13:09:00,1057.41,1057.48,1057.41,1057.48,0.01,18.57,19164.53,1
2023-11-02,2023-11-02 13:10:00,1057.48,1057.55,1057.48,1057.55,0.01,18.57,19164.53,1
2023-11-02,2023-11-02 13:11:00,1057.55,1057.62,1057.55,1057.62,0.01,18.57,19164.53,1
2023-11-02,2023-11-02 13:12:00,1057.62,1057.69,1057.62,1057.69,0.01,18.57,19164.53,1
2023-11-02,2023-11-02 13:13:00,1057.69,1057.76,1057.69,1057.76,0.01,18.57,19164.53,1
2023-11-02,2023-11-02 13:14:00,1057.76,1057.83,1057.76,1057.83,0.01,18.57,19164.53,1
2023-11-02,2023-11-02 13:15:00,1057.83,1057.89,1057.83,1057.89,0.01,18.57,19164.53,1
2023-11-02,2023-11-02 13:16:00,1057.89,1057.96,1057.89,1057.96,0.01,18.57,19164.53,1
2023-11-02,2023-11-02 13:17:00,1057.96,1058.03,1057.96,1058.03,0.01,18.57,19164.53,1
2023-11-02,2023-11-02 13:18:00,1058.03,1058.1,1058.03,1058.1,0.01,18.57,19164.53,1
2023-11-02,2023-11-02 13:19:00,1058.1,1058.17,1058.1,1058.17,0.01,18.57,19164.53,1
2023-11-02,2023-11-02 13:20:00,1058.17,1058.23,1058.17,1058.23,0.01,18.57,19164.53,1
2023-11-02,2023-11-02 13:21:00,1058.23,1058.3,1058.23,1058.3,0.01,18.57,19164.53,1
2023-11-02,2023-11-02 13:22:00,1058.3,1058.37,1058.3,1058.37,0.01,18.57,19164.53,1
2023-11-02,2023-11-02 13:23:00,1058.37,1058.44,1058.37,1058.44,0.01,18.57,19164.53,1
2023-11-02,2023-11-02 13:24:00,1058.44,1058.51,1058.44,1058.51,0.01,18.57,19164.53,1
2023-11-02,2023-11-02 13:25:00,1058.51,1058.58,1058.51,1058.58,0.01,18.57,19164.53,1
2023-11-02,2023-11-02 13:26:00,1058.58,1058.64,1058.58,1058.64,0.01,18.57,19164.53,1
2023-11-02,2023-11-02 13:27:00,1058.64,1058.71,1058.64,1058.71,0.01,18.57,19164.53,1
2023-11-02,2023-11-02 13:28:00,1058.71,1058.78,1058.71,1058.78,0.01,18.57,19164.53,1
2023-11-02,2023-11-02 13:29:00,1058.78,1058.85,1058.78,1058.85,0.01,18.57,19164.53,1
2023-11-02,2023-11-02 13:30:00,1058.85,1058.92,1058.85,1058.92,0.01,18.57,19164.53,1
2023-11-02,2023-11-02 13:31:00,1058.92,1058.99,1058.92,1058.99,0.01,18.57,19164.53,1
2023-11-02,2023-11-02 13:32:00,1058.99,1059.06,1058.99,1059.06,0.01,18.57,19164.53,1
2023-11-02,2023-11-02 13:33:00,1059.06,1059.12,1059.06,1059.12,0.01,18.57,19164.53,1
2023-11-02,2023-11-02 13:34:00,1059.12,1059.19,1059.12,1059.19,0.01,18.57,19164.53,1
2023-11-02,2023-11-02 13:35:00,1059.19,1059.26,1059.19,1059.26,0.01,18.57,19164.53,1
2023-11-02,2023-11-02 13:36:00,1059.26,1059.33,1059.26,1059.33,0.01,18.57,19164.53,1
2023-11-02,2023-11-02 13:37:00,1059.33,1059.4,1059.33,1059.4,0.01,18.57,19164.53,1
2023-11-02,2023-11-02 13:38:00,1059.4,1059.46,1059.4,1059.46,0.01,18.57,19164.53,1
2023-11-02,2023-11-02 13:39:00,1059.46,1059.53,1059.46,1059.53,0.01,18.57,19164.53,1
2023-11-02,2023-11-02 13:40:00,1059.53,1059.6,1059.53,1059.6,0.01,18.57,19164.53,1
2023-11-02,2023-11-02 13:41:00,1059.6,1059.67,1059.6,1059.67,0.01,18.57,19164.53,1
2023-11-02,2023-11-02 13:42:00,1059.67,1059.74,1059.67,1059.74,0.01,18.57,19164.53,1
2023-11-02,2023-11-02 13:43:00,1059.74,1059.81,1059.74,1059.81,0.01,18.57,19164.53,1
2023-11-02,2023-11-02 13:44:00,1059.81,1059.88,1059.81,1059.88,0.01,18.57,19164.53,1
2023-11-02,2023-11-02 13:45:00,1059.88,1059.94,1059.88,1059.94,0.01,18.57,19164.53,1
2023-11-02,2023-11-02 13:46:00,1059.94,1060.01,1059.94,1060.01,0.01,18.57,19164.53,1
2023-11-02,2023-11-02 13:47:00,1060.01,1060.08,1060.01,1060.08,0.01,18.57,19164.53,1
2023-11-02,2023-11-02 13:48:00,1060.08,1060.15,1060.08,1060.15,0.01,18.57,19164.53,1
2023-11-02,2023-11-02 13:49:00,1060.15,1060.22,1060.15,1060.22,0.01,18.57,19164.53,1
2023-11-02,2023-11-02 13:50:00,1060.22,1060.29,1060.22,1060.29,0.01,18.57,19164.53,1
2023-11-02,2023-11-02 13:51:00,1060.29,1060.35,1060.29,1060.35,0.01,18.57,19164.53,1
2023-11-02,2023-11-02 13:52:00,1060.35,1060.42,1060.35,1060.42,0.01,18.57,19164.53,1
2023-11-02,2023-11-02 13:53:00,1060.42,1060.49,1060.42,1060.49,0.01,18.57,19164.53,1
2023-11-02,2023-11-02 13:54:00,1060.49,1060.56,1060.49,1060.56,0.01,18.57,19164.53,1
2023-11-02,2023-11-02 13:55:00,1060.56,1060.63,1060.56,1060.63,0.01,18.57,19164.53,1
2023-11-02,2023-11-02 13:56:00,1060.63,1060.69,1060.63,1060.69,0.01,18.57,19164.53,1
2023-11-02,2023-11-02 13:57:00,1060.69,1060.76,1060.69,1060.76,0.01,18.57,19164.53,1
2023-11-02,2023-11-02 13:58:00,1060.76,1060.83,1060.76,1060.83,0.01,18.57,19164.53,1
2023-11-02,2023-11-02 13:59:00,1060.83,1060.9,1060.83,1060.9,0.01,18.57,19164.53,1
2023-11-02,2023-11-02 14:00:00,1060.9,1060.97,1060.9,1060.97,0.01,18.57,19164.53,1
2023-11-02,2023-11-02 14:01:00,1060.97,1061.04,1060.97,1061.04,0.01,18.57,19164.53,1
2023-11-02,2023-11-02 14:02:00,1061.04,1061.11,1061.04,1061.11,0.01,18.57,19164.53,1
2023-11-02,2023-11-02 14:03:00,1061.11,1061.17,1061.11,1061.17,0.01,18.57,19164.53,1
2023-11-02,2023-11-02 14:04:00,1061.17,1061.24,1061.17,1061.24,0.01,18.57,19164.53,1
2023-11-02,2023-11-02 14:05:00,1061.24,1061.31,1061.24,1061.31,0.01,18.57,19164.53,1
2023-11-02,2023-11-02 14:06:00,1061.31,1061.38,1061.31,1061.38,0.01,18.57,19164.53,1
2023-11-02,2023-11-02 14:07:00,1061.38,1061.45,1061.38,1061.45,0.01,18.57,19164.53,1
2023-11-02,2023-11-02 14:08:00,1061.45,1061.51,1061.45,1061.51,0.01,18.57,19164.53,1
2023-11-02,2023-11-02 14:09:00,1061.51,1061.58,1061.51,1061.58,0.01,18.57,19164.53,1
2023-11-02,2023-11-02 14:10:00,1061.58,1061.65,1061.58,1061.65,0.01,18.57,19164.53,1
2023-11-02,2023-11-02 14:11:00,1061.65,1061.72,1061.65,1061.72,0.01,18.57,19164.53,1
2023-11-02,2023-11-02 14:12:00,1061.72,1061.79,1061.72,1061.79,0.01,18.57,19164.53,1
2023-11-02,2023-11-02 14:13:00,1061.79,1061.86,1061.79,1061.86,0.01,18.57,19164.53,1
2023-11-02,2023-11-02 14:14:00,1061.86,1061.92,1061.86,1061.92,0.01,18.57,19164.53,1
2023-11-02,2023-11-02 14:15:00,1061.92,1061.99,1061.92,1061.99,0.01,18.57,19164.53,1
2023-11-02,2023-11-02 14:16:00,1061.99,1062.06,1061.99,1062.06,0.01,18.57,19164.53,1
2023-11-02,2023-11-02 14:17:00,1062.06,1062.13,1062.06,1062.13,0.01,18.57,19164.53,1
2023-11-02,2023-11-02 14:18:00,1062.13,1062.2,1062.13,1062.2,0.01,18.57,19164.53,1
2023-11-02,2023-11-02 14:19:00,1062.2,1062.27,1062.2,1062.27,0.01,18.57,19164.53,1
2023-11-02,2023-11-02 14:20:00,1062.27,1062.34,1062.27,1062.34,0.01,18.57,19164.53,1
2023-11-02,2023-11-02 14:21:00,1062.34,1062.4,1062.34,1062.4,0.01,18.57,19164.53,1
2023-11-02,2023-11-02 14:22:00,1062.4,1062.47,1062.4,1062.47,0.01,18.57,19164.53,1
2023-11-02,2023-11-02 14:23:00,1062.47,1062.54,1062.47,1062.54,0.01,18.57,19164.53,1
2023-11-02,2023-11-02 14:24:00,1062.54,1062.61,1062.54,1062.61,0.01,18.57,19164.53,1
2023-11-02,2023-11-02 14:25:00,1062.61,1062.68,1062.61,1062.68,0.01,18.57,19164.53,1
2023-11-02,2023-11-02 14:26:00,1062.68,1062.74,1062.68,1062.74,0.01,18.57,19164.53,1
2023-11-02,2023-11-02 14:27:00,1062.74,1062.81,1062.74,1062.81,0.01,18.57,19164.53,1
2023-11-02,2023-11-02 14:28:00,1062.81,1062.88,1062.81,1062.88,0.01,18.57,19164.53,1
2023-11-02,2023-11-02 14:29:00,1062.88,1062.95,1062.88,1062.95,0.01,18.57,19164.53,1
2023-11-02,2023-11-02 14:30:00,1062.95,1063.02,1062.95,1063.02,0.01,18.57,19164.53,1
2023-11-02,2023-11-02 14:31:00,1063.02,1063.09,1063.02,1063.09,0.01,18.57,19164.53,1
2023-11-02,2023-11-02 14:32:00,1063.09,1063.15,1063.09,1063.15,0.01,18.57,19164.53,1
2023-11-02,2023-11-02 14:33:00,1063.15,1063.22,1063.15,1063.22,0.01,18.57,19164.53,1
2023-11-02,2023-11-02 14:34:00,1063.22,1063.29,1063.22,1063.29,0.01,18.57,19164.53,1
2023-11-02,2023-11-02 14:35:00,1063.29,1063.36,1063.29,1063.36,0.01,18.57,19164.53,1
2023-11-02,2023-11-02 14:36:00,1063.36,1063.43,1063.36,1063.43,0.01,18.57,19164.53,1
2023-11-02,2023-11-02 14:37:00,1063.43,1063.5,1063.43,1063.5,0.01,18.57,19164.53,1
2023-11-02,2023-11-02 14:38:00,1063.5,1063.57,1063.5,1063.57,0.01,18.57,19164.53,1
2023-11-02,2023-11-02 14:39:00,1063.57,1063.63,1063.57,1063.63,0.01,18.57,19164.53,1
2023-11-02,2023-11-02 14:40:00,1063.63,1063.7,1063.63,1063.7,0.01,18.57,19164.53,1
2023-11-02,2023-11-02 14:41:00,1063.7,1063.77,1063.7,1063.77,0.01,18.57,19164.53,1
2023-11-02,2023-11-02 14:42:00,1063.77,1063.84,1063.77,1063.84,0.01,18.57,19164.53,1
2023-11-02,2023-11-02 14:43:00,1063.84,1063.91,1063.84,1063.91,0.01,18.57,19164.53,1
2023-11-02,2023-11-02 14:44:00,1063.91,1063.97,1063.91,1063.97,0.01,18.57,19164.53,1
2023-11-02,2023-11-02 14:45:00,1063.97,1064.04,1063.97,1064.04,0.01,18.57,19164.53,1
2023-11-02,2023-11-02 14:46:00,1064.04,1064.11,1064.04,1064.11,0.01,18.57,19164.53,1
2023-11-02,2023-11-02 14:47:00,1064.11,1064.18,1064.11,1064.18,0.01,18.57,19164.53,1
2023-11-02,2023-11-02 14:48:00,1064.18,1064.25,1064.18,1064.25,0.01,18.57,19164.53,1
2023-11-02,2023-11-02 14:49:00,1064.25,1064.32,1064.25,1064.32,0.01,18.57,19164.53,1
2023-11-02,2023-11-02 14:50:00,1064.32,1064.38,1064.32,1064.38,0.01,18.57,19164.53,1
2023-11-02,2023-11-02 14:51:00,1064.38,1064.45,1064.38,1064.45,0.01,18.57,19164.53,1
2023-11-02,2023-11-02 14:52:00,1064.45,1064.52,1064.45,1064.52,0.01,18.57,19164.53,1
2023-11-02,2023-11-02 14:53:00,1064.52,1064.59,1064.52,1064.59,0.01,18.57,19164.53,1
2023-11-02,2023-11-02 14:54:00,1064.59,1064.66,1064.59,1064.66,0.01,18.57,19164.53,1
2023-11-02,2023-11-02 14:55:00,1064.66,1064.73,1064.66,1064.73,0.01,18.57,19164.53,1
2023-11-02,2023-11-02 14:56:00,1064.73,1064.8,1064.73,1064.8,0.01,18.57,19164.53,1
2023-11-02,2023-11-02 14:57:00,1064.8,1064.86,1064.8,1064.86,0.01,18.57,19164.53,1
2023-11-02,2023-11-02 14:58:00,1064.86,1064.93,1064.86,1064.93,0.01,18.57,19164.53,1
2023-11-02,2023-11-02 14:59:00,1064.93,1065.0,1064.93,1065.0,0.01,18.57,19164.53,1
2023-11-02,2023-11-02 15:00:00,1065.0,1088.0,1019.2,1065.0,0.0,18.57,19164.53,0
2023-11-05,2023-11-05 11:00:00,1065.0,1065.0,1045.5,1064.8,-0.02,23.94,24133.91,-1
2023-11-05,2023-11-05 11:01:00,1064.8,1064.8,1064.61,1064.61,-0.02,23.94,24133.91,-1
2023-11-05,2023-11-05 11:02:00,1064.61,1064.61,1064.41,1064.41,-0.02,23.94,24133.91,-1
2023-11-05,2023-11-05 11:03:00,1064.41,1064.41,1064.22,1064.22,-0.02,23.94,24133.91,-1
2023-11-05,2023-11-05 11:04:00,1064.22,1064.22,1064.02,1064.02,-0.02,23.94,24133.91,-1
2023-11-05,2023-11-05 11:05:00,1064.02,1064.02,1063.83,1063.83,-0.02,23.94,24133.91,-1
2023-11-05,2023-11-05 11:06:00,1063.83,1063.83,1063.63,1063.63,-0.02,23.94,24133.91,-1
2023-11-05,2023-11-05 11:07:00,1063.63,1063.63,1063.43,1063.43,-0.02,23.94,24133.91,-1
2023-11-05,2023-11-05 11:08:00,1063.43,1063.43,1063.24,1063.24,-0.02,23.94,24133.91,-1
2023-11-05,2023-11-05 11:09:00,1063.24,1063.24,1063.04,1063.04,-0.02,23.94,24133.91,-1
2023-11-05,2023-11-05 11:10:00,1063.04,1063.04,1062.85,1062.85,-0.02,23.94,24133.91,-1
2023-11-05,2023-11-05 11:11:00,1062.85,1062.85,1062.65,1062.65,-0.02,23.94,24133.91,-1
2023-11-05,2023-11-05 11:12:00,1062.65,1062.65,1062.45,1062.45,-0.02,23.94,24133.91,-1
2023-11-05,2023-11-05 11:13:00,1062.45,1062.45,1062.26,1062.26,-0.02,23.94,24133.91,-1
2023-11-05,2023-11-05 11:14:00,1062.26,1062.26,1062.06,1062.06,-0.02,23.94,24133.91,-1
2023-11-05,2023-11-05 11:15:00,1062.06,1062.06,1061.87,1061.87,-0.02,23.94,24133.91,-1
2023-11-05,2023-11-05 11:16:00,1061.87,1061.87,1061.67,1061.67,-0.02,23.94,24133.91,-1
2023-11-05,2023-11-05 11:17:00,1061.67,1061.67,1061.47,1061.47,-0.02,23.94,24133.91,-1
2023-11-05,2023-11-05 11:18:00,1061.47,1061.47,1061.28,1061.28,-0.02,23.94,24133.91,-1
2023-11-05,2023-11-05 11:19:00,1061.28,1061.28,1061.08,1061.08,-0.02,23.94,24133.91,-1
2023-11-05,2023-11-05 11:20:00,1061.08,1061.08,1060.89,1060.89,-0.02,23.94,24133.91,-1
2023-11-05,2023-11-05 11:21:00,1060.89,1060.89,1060.69,1060.69,-0.02,23.94,24133.91,-1
2023-11-05,2023-11-05 11:22:00,1060.69,1060.69,1060.5,1060.5,-0.02,23.94,24133.91,-1
2023-11-05,2023-11-05 11:23:00,1060.5,1060.5,1060.3,1060.3,-0.02,23.94,24133.91,-1
2023-11-05,2023-11-05 11:24:00,1060.3,1060.3,1060.1,1060.1,-0.02,23.94,24133.91,-1
2023-11-05,2023-11-05 11:25:00,1060.1,1060.1,1059.91,1059.91,-0.02,23.94,24133.91,-1
2023-11-05,2023-11-05 11:26:00,1059.91,1059.91,1059.71,1059.71,-0.02,23.94,24133.91,-1
2023-11-05,2023-11-05 11:27:00,1059.71,1059.71,1059.52,1059.52,-0.02,23.94,24133.91,-1
2023-11-05,2023-11-05 11:28:00,1059.52,1059.52,1059.32,1059.32,-0.02,23.94,24133.91,-1
2023-11-05,2023-11-05 11:29:00,1059.32,1059.32,1059.12,1059.12,-0.02,23.94,24133.91,-1
2023-11-05,2023-11-05 11:30:00,1059.12,1059.12,1058.93,1058.93,-0.02,23.94,24133.91,-1
2023-11-05,2023-11-05 11:31:00,1058.93,1058.93,1058.73,1058.73,-0.02,23.94,24133.91,-1
2023-11-05,2023-11-05 11:32:00,1058.73,1058.73,1058.54,1058.54,-0.02,23.94,24133.91,-1
2023-11-05,2023-11-05 11:33:00,1058.54,1058.54,1058.34,1058.34,-0.02,23.94,24133.91,-1
2023-11-05,2023-11-05 11:34:00,1058.34,1058.34,1058.15,1058.15,-0.02,23.94,24133.91,-1
2023-11-05,2023-11-05 11:35:00,1058.15,1058.15,1057.95,1057.95,-0.02,23.94,24133.91,-1
2023-11-05,2023-11-05 11:36:00,1057.95,1057.95,1057.75,1057.75,-0.02,23.94,24133.91,-1
2023-11-05,2023-11-05 11:37:00,1057.75,1057.75,1057.56,1057.56,-0.02,23.94,24133.91,-1
2023-11-05,2023-11-05 11:38:00,1057.56,1057.56,1057.36,1057.36,-0.02,23.94,24133.91,-1
2023-11-05,2023-11-05 11:39:00,1057.36,1057.36,1057.17,1057.17,-0.02,23.94,24133.91,-1
2023-11-05,2023-11-05 11:40:00,1057.17,1057.17,1056.97,1056.97,-0.02,23.94,24133.91,-1
2023-11-05,2023-11-05 11:41:00,1056.97,1056.97,1056.78,1056.78,-0.02,23.94,24133.91,-1
2023-11-05,2023-11-05 11:42:00,1056.78,1056.78,1056.58,1056.58,-0.02,23.94,24133.91,-1
2023-11-05,2023-11-05 11:43:00,1056.58,1056.58,1056.38,1056.38,-0.02,23.94,24133.91,-1
2023-11-05,2023-11-05 11:44:00,1056.38,1056.38,1056.19,1056.19,-0.02,23.94,24133.91,-1
2023-11-05,2023-11-05 11:45:00,1056.19,1056.19,1055.99,1055.99,-0.02,23.94,24133.91,-1
2023-11-05,2023-11-05 11:46:00,1055.99,1055.99,1055.8,1055.8,-0.02,23.94,24133.91,-1
2023-11-05,2023-11-05 11:47:00,1055.8,1055.8,1055.6,1055.6,-0.02,23.94,24133.91,-1
2023-11-05,2023-11-05 11:48:00,1055.6,1055.6,1055.4,1055.4,-0.02,23.94,24133.91,-1
2023-11-05,2023-11-05 11:49:00,1055.4,1055.4,1055.21,1055.21,-0.02,23.94,24133.91,-1
2023-11-05,2023-11-05 11:50:00,1055.21,1055.21,1055.01,1055.01,-0.02,23.94,24133.91,-1
2023-11-05,2023-11-05 11:51:00,1055.01,1055.01,1054.82,1054.82,-0.02,23.94,24133.91,-1
2023-11-05,2023-11-05 11:52:00,1054.82,1054.82,1054.62,1054.62,-0.02,23.94,24133.91,-1
2023-11-05,2023-11-05 11:53:00,1054.62,1054.62,1054.42,1054.42,-0.02,23.94,24133.91,-1
2023-11-05,2023-11-05 11:54:00,1054.42,1054.42,1054.23,1054.23,-0.02,23.94,24133.91,-1
2023-11-05,2023-11-05 11:55:00,1054.23,1054.23,1054.03,1054.03,-0.02,23.94,24133.91,-1
2023-11-05,2023-11-05 11:56:00,1054.03,1054.03,1053.84,1053.84,-0.02,23.94,24133.91,-1
2023-11-05,2023-11-05 11:57:00,1053.84,1053.84,1053.64,1053.64,-0.02,23.94,24133.91,-1
2023-11-05,2023-11-05 11:58:00,1053.64,1053.64,1053.45,1053.45,-0.02,23.94,24133.91,-1
2023-11-05,2023-11-05 11:59:00,1053.45,1053.45,1053.25,1053.25,-0.02,23.94,24133.91,-1
2023-11-05,2023-11-05 12:00:00,1053.25,1053.25,1053.05,1053.05,-0.02,23.94,24133.91,-1
2023-11-05,2023-11-05 12:01:00,1053.05,1053.05,1052.86,1052.86,-0.02,23.94,24133.91,-1
2023-11-05,2023-11-05 12:02:00,1052.86,1052.86,1052.66,1052.66,-0.02,23.94,24133.91,-1
2023-11-05,2023-11-05 12:03:00,1052.66,1052.66,1052.47,1052.47,-0.02,23.94,24133.91,-1
2023-11-05,2023-11-05 12:04:00,1052.47,1052.47,1052.27,1052.27,-0.02,23.94,24133.91,-1
2023-11-05,2023-11-05 12:05:00,1052.27,1052.27,1052.08,1052.08,-0.02,23.94,24133.91,-1
2023-11-05,2023-11-05 12:06:00,1052.08,1052.08,1051.88,1051.88,-0.02,23.94,24133.91,-1
2023-11-05,2023-11-05 12:07:00,1051.88,1051.88,1051.68,1051.68,-0.02,23.94,24133.91,-1
2023-11-05,2023-11-05 12:08:00,1051.68,1051.68,1051.49,1051.49,-0.02,23.94,24133.91,-1
2023-11-05,2023-11-05 12:09:00,1051.49,1051.49,1051.29,1051.29,-0.02,23.94,24133.91,-1
2023-11-05,2023-11-05 12:10:00,1051.29,1051.29,1051.1,1051.1,-0.02,23.94,24133.91,-1
2023-11-05,2023-11-05 12:11:00,1051.1,1051.1,1050.9,1050.9,-0.02,23.94,24133.91,-1
2023-11-05,2023-11-05 12:12:00,1050.9,1050.9,1050.7,1050.7,-0.02,23.94,24133.91,-1
2023-11-05,2023-11-05 12:13:00,1050.7,1050.7,1050.51,1050.51,-0.02,23.94,24133.91,-1
2023-11-05,2023-11-05 12:14:00,1050.51,1050.51,1050.31,1050.31,-0.02,23.94,24133.91,-1
2023-11-05,2023-11-05 12:15:00,1050.31,1050.31,1050.12,1050.12,-0.02,23.94,24133.91,-1
2023-11-05,2023-11-05 12:16:00,1050.12,1050.12,1049.92,1049.92,-0.02,23.94,24133.91,-1
2023-11-05,2023-11-05 12:17:00,1049.92,1049.92,1049.72,1049.72,-0.02,23.94,24133.91,-1
2023-11-05,2023-11-05 12:18:00,1049.72,1049.72,1049.53,1049.53,-0.02,23.94,24133.91,-1
2023-11-05,2023-11-05 12:19:00,1049.53,1049.53,1049.33,1049.33,-0.02,23.94,24133.91,-1
2023-11-05,2023-11-05 12:20:00,1049.33,1049.33,1049.14,1049.14,-0.02,23.94,24133.91,-1
2023-11-05,2023-11-05 12:21:00,1049.14,1049.14,1048.94,1048.94,-0.02,23.94,24133.91,-1
2023-11-05,2023-11-05 12:22:00,1048.94,1048.94,1048.75,1048.75,-0.02,23.94,24133.91,-1
2023-11-05,2023-11-05 12:23:00,1048.75,1048.75,1048.55,1048.55,-0.02,23.94,24133.91,-1
2023-11-05,2023-11-05 12:24:00,1048.55,1048.55,1048.35,1048.35,-0.02,23.94,24133.91,-1
2023-11-05,2023-11-05 12:25:00,1048.35,1048.35,1048.16,1048.16,-0.02,23.94,24133.91,-1
2023-11-05,2023-11-05 12:26:00,1048.16,1048.16,1047.96,1047.96,-0.02,23.94,24133.91,-1
2023-11-05,2023-11-05 12:27:00,1047.96,1047.96,1047.77,1047.77,-0.02,23.94,24133.91,-1
2023-11-05,2023-11-05 12:28:00,1047.77,1047.77,1047.57,1047.57,-0.02,23.94,24133.91,-1
2023-11-05,2023-11-05 12:29:00,1047.57,1047.57,1047.38,1047.38,-0.02,23.94,24133.91,-1
2023-11-05,2023-11-05 12:30:00,1047.38,1047.38,1047.18,1047.18,-0.02,23.94,24133.91,-1
2023-11-05,2023-11-05 12:31:00,1047.18,1047.18,1046.98,1046.98,-0.02,23.94,24133.91,-1
2023-11-05,2023-11-05 12:32:00,1046.98,1046.98,1046.79,1046.79,-0.02,23.94,24133.91,-1
2023-11-05,2023-11-05 12:33:00,1046.79,1046.79,1046.59,1046.59,-0.02,23.94,24133.91,-1
2023-11-05,2023-11-05 12:34:00,1046.59,1046.59,1046.4,1046.4,-0.02,23.94,24133.91,-1
2023-11-05,2023-11-05 12:35:00,1046.4,1046.4,1046.2,1046.2,-0.02,23.94,24133.91,-1
2023-11-05,2023-11-05 12:36:00,1046.2,1046.2,1046.0,1046.0,-0.02,23.94,24133.91,-1
2023-11-05,2023-11-05 12:37:00,1046.0,1046.0,1045.81,1045.81,-0.02,23.94,24133.91,-1
2023-11-05,2023-11-05 12:38:00,1045.81,1045.81,1045.61,1045.61,-0.02,23.94,24133.91,-1
2023-11-05,2023-11-05 12:39:00,1045.61,1045.61,1045.42,1045.42,-0.02,23.94,24133.91,-1
2023-11-05,2023-11-05 12:40:00,1045.42,1045.42,1045.22,1045.22,-0.02,23.94,24133.91,-1
2023-11-05,2023-11-05 12:41:00,1045.22,1045.22,1045.03,1045.03,-0.02,23.94,24133.91,-1
2023-11-05,2023-11-05 12:42:00,1045.03,1045.03,1044.83,1044.83,-0.02,23.94,24133.91,-1
2023-11-05,2023-11-05 12:43:00,1044.83,1044.83,1044.63,1044.63,-0.02,23.94,24133.91,-1
2023-11-05,2023-11-05 12:44:00,1044.63,1044.63,1044.44,1044.44,-0.02,23.94,24133.91,-1
2023-11-05,2023-11-05 12:45:00,1044.44,1044.44,1044.24,1044.24,-0.02,23.94,24133.91,-1
2023-11-05,2023-11-05 12:46:00,1044.24,1044.24,1044.05,1044.05,-0.02,23.94,24133.91,-1
2023-11-05,2023-11-05 12:47:00,1044.05,1044.05,1043.85,1043.85,-0.02,23.94,24133.91,-1
2023-11-05,2023-11-05 12:48:00,1043.85,1043.85,1043.65,1043.65,-0.02,23.94,24133.91,-1
2023-11-05,2023-11-05 12:49:00,1043.65,1043.65,1043.46,1043.46,-0.02,23.94,24133.91,-1
2023-11-05,2023-11-05 12:50:00,1043.46,1043.46,1043.26,1043.26,-0.02,23.94,24133.91,-1
2023-11-05,2023-11-05 12:51:00,1043.26,1043.26,1043.07,1043.07,-0.02,23.94,24133.91,-1
2023-11-05,2023-11-05 12:52:00,1043.07,1043.07,1042.87,1042.87,-0.02,23.94,24133.91,-1
2023-11-05,2023-11-05 12:53:00,1042.87,1042.87,1042.67,1042.67,-0.02,23.94,24133.91,-1
2023-11-05,2023-11-05 12:54:00,1042.67,1042.67,1042.48,1042.48,-0.02,23.94,24133.91,-1
2023-11-05,2023-11-05 12:55:00,1042.48,1042.48,1042.28,1042.28,-0.02,23.94,24133.91,-1
2023-11-05,2023-11-05 12:56:00,1042.28,1042.28,1042.09,1042.09,-0.02,23.94,24133.91,-1
2023-11-05,2023-11-05 12:57:00,1042.09,1042.09,1041.89,1041.89,-0.02,23.94,24133.91,-1
2023-11-05,2023-11-05 12:58:00,1041.89,1041.89,1041.7,1041.7,-0.02,23.94,24133.91,-1
2023-11-05,2023-11-05 12:59:00,1041.7,1041.7,1041.5,1041.5,-0.02,23.94,24133.91,-1
2023-11-05,2023-11-05 13:00:00,1041.5,1065.0,1000.0,1041.3,-0.02,23.94,24133.91,-1
2023-11-05,2023-11-05 13:01:00,1041.3,1041.3,1041.11,1041.11,-0.02,23.94,24133.91,-1
2023-11-05,2023-11-05 13:02:00,1041.11,1041.11,1040.91,1040.91,-0.02,23.94,24133.91,-1
2023-11-05,2023-11-05 13:03:00,1040.91,1040.91,1040.72,1040.72,-0.02,23.94,24133.91,-1
2023-11-05,2023-11-05 13:04:00,1040.72,1040.72,1040.52,1040.52,-0.02,23.94,24133.91,-1
2023-11-05,2023-11-05 13:05:00,1040.52,1040.52,1040.33,1040.33,-0.02,23.94,24133.91,-1
2023-11-05,2023-11-05 13:06:00,1040.33,1040.33,1040.13,1040.13,-0.02,23.94,24133.91,-1
2023-11-05,2023-11-05 13:07:00,1040.13,1040.13,1039.93,1039.93,-0.02,23.94,24133.91,-1
2023-11-05,2023-11-05 13:08:00,1039.93,1039.93,1039.74,1039.74,-0.02,23.94,24133.91,-1
2023-11-05,2023-11-05 13:09:00,1039.74,1039.74,1039.54,1039.54,-0.02,23.94,24133.91,-1
2023-11-05,2023-11-05 13:10:00,1039.54,1039.54,1039.35,1039.35,-0.02,23.94,24133.91,-1
2023-11-05,2023-11-05 13:11:00,1039.35,1039.35,1039.15,1039.15,-0.02,23.94,24133.91,-1
2023-11-05,2023-11-05 13:12:00,1039.15,1039.15,1038.95,1038.95,-0.02,23.94,24133.91,-1
2023-11-05,2023-11-05 13:13:00,1038.95,1038.95,1038.76,1038.76,-0.02,23.94,24133.91,-1
2023-11-05,2023-11-05 13:14:00,1038.76,1038.76,1038.56,1038.56,-0.02,23.94,24133.91,-1
2023-11-05,2023-11-05 13:15:00,1038.56,1038.56,1038.37,1038.37,-0.02,23.94,24133.91,-1
2023-11-05,2023-11-05 13:16:00,1038.37,1038.37,1038.17,1038.17,-0.02,23.94,24133.91,-1
2023-11-05,2023-11-05 13:17:00,1038.17,1038.17,1037.97,1037.97,-0.02,23.94,24133.91,-1
2023-11-05,2023-11-05 13:18:00,1037.97,1037.97,1037.78,1037.78,-0.02,23.94,24133.91,-1
2023-11-05,2023-11-05 13:19:00,1037.78,1037.78,1037.58,1037.58,-0.02,23.94,24133.91,-1
2023-11-05,2023-11-05 13:20:00,1037.58,1037.58,1037.39,1037.39,-0.02,23.94,24133.91,-1
2023-11-05,2023-11-05 13:21:00,1037.39,1037.39,1037.19,1037.19,-0.02,23.94,24133.91,-1
2023-11-05,2023-11-05 13:22:00,1037.19,1037.19,1037.0,1037.0,-0.02,23.94,24133.91,-1
2023-11-05,2023-11-05 13:23:00,1037.0,1037.0,1036.8,1036.8,-0.02,23.94,24133.91,-1
2023-11-05,2023-11-05 13:24:00,1036.8,1036.8,1036.6,1036.6,-0.02,23.94,24133.91,-1
2023-11-05,2023-11-05 13:25:00,1036.6,1036.6,1036.41,1036.41,-0.02,23.94,24133.91,-1
2023-11-05,2023-11-05 13:26:00,1036.41,1036.41,1036.21,1036.21,-0.02,23.94,24133.91,-1
2023-11-05,2023-11-05 13:27:00,1036.21,1036.21,1036.02,1036.02,-0.02,23.94,24133.91,-1
2023-11-05,2023-11-05 13:28:00,1036.02,1036.02,1035.82,1035.82,-0.02,23.94,24133.91,-1
2023-11-05,2023-11-05 13:29:00,1035.82,1035.82,1035.62,1035.62,-0.02,23.94,24133.91,-1
2023-11-05,2023-11-05 13:30:00,1035.62,1035.62,1035.43,1035.43,-0.02,23.94,24133.91,-1
2023-11-05,2023-11-05 13:31:00,1035.43,1035.43,1035.23,1035.23,-0.02,23.94,24133.91,-1
2023-11-05,2023-11-05 13:32:00,1035.23,1035.23,1035.04,1035.04,-0.02,23.94,24133.91,-1
2023-11-05,2023-11-05 13:33:00,1035.04,1035.04,1034.84,1034.84,-0.02,23.94,24133.91,-1
2023-11-05,2023-11-05 13:34:00,1034.84,1034.84,1034.65,1034.65,-0.02,23.94,24133.91,-1
2023-11-05,2023-11-05 13:35:00,1034.65,1034.65,1034.45,1034.45,-0.02,23.94,24133.91,-1
2023-11-05,2023-11-05 13:36:00,1034.45,1034.45,1034.25,1034.25,-0.02,23.94,24133.91,-1
2023-11-05,2023-11-05 13:37:00,1034.25,1034.25,1034.06,1034.06,-0.02,23.94,24133.91,-1
2023-11-05,2023-11-05 13:38:00,1034.06,1034.06,1033.86,1033.86,-0.02,23.94,24133.91,-1
2023-11-05,2023-11-05 13:39:00,1033.86,1033.86,1033.67,1033.67,-0.02,23.94,24133.91,-1
2023-11-05,2023-11-05 13:40:00,1033.67,1033.67,1033.47,1033.47,-0.02,23.94,24133.91,-1
2023-11-05,2023-11-05 13:41:00,1033.47,1033.47,1033.28,1033.28,-0.02,23.94,24133.91,-1
2023-11-05,2023-11-05 13:42:00,1033.28,1033.28,1033.08,1033.08,-0.02,23.94,24133.91,-1
2023-11-05,2023-11-05 13:43:00,1033.08,1033.08,1032.88,1032.88,-0.02,23.94,24133.91,-1
2023-11-05,2023-11-05 13:44:00,1032.88,1032.88,1032.69,1032.69,-0.02,23.94,24133.91,-1
2023-11-05,2023-11-05 13:45:00,1032.69,1032.69,1032.49,1032.49,-0.02,23.94,24133.91,-1
2023-11-05,2023-11-05 13:46:00,1032.49,1032.49,1032.3,1032.3,-0.02,23.94,24133.91,-1
2023-11-05,2023-11-05 13:47:00,1032.3,1032.3,1032.1,1032.1,-0.02,23.94,24133.91,-1
2023-11-05,2023-11-05 13:48:00,1032.1,1032.1,1031.9,1031.9,-0.02,23.94,24133.91,-1
2023-11-05,2023-11-05 13:49:00,1031.9,1031.9,1031.71,1031.71,-0.02,23.94,24133.91,-1
2023-11-05,2023-11-05 13:50:00,1031.71,1031.71,1031.51,1031.51,-0.02,23.94,24133.91,-1
2023-11-05,2023-11-05 13:51:00,1031.51,1031.51,1031.32,1031.32,-0.02,23.94,24133.91,-1
2023-11-05,2023-11-05 13:52:00,1031.32,1031.32,1031.12,1031.12,-0.02,23.94,24133.91,-1
2023-11-05,2023-11-05 13:53:00,1031.12,1031.12,1030.92,1030.92,-0.02,23.94,24133.91,-1
2023-11-05,2023-11-05 13:54:00,1030.92,1030.92,1030.73,1030.73,-0.02,23.94,24133.91,-1
2023-11-05,2023-11-05 13:55:00,1030.73,1030.73,1030.53,1030.53,-0.02,23.94,24133.91,-1
2023-11-05,2023-11-05 13:56:00,1030.53,1030.53,1030.34,1030.34,-0.02,23.94,24133.91,-1
2023-11-05,2023-11-05 13:57:00,1030.34,1030.34,1030.14,1030.14,-0.02,23.94,24133.91,-1
2023-11-05,2023-11-05 13:58:00,1030.14,1030.14,1029.95,1029.95,-0.02,23.94,24133.91,-1
2023-11-05,2023-11-05 13:59:00,1029.95,1029.95,1029.75,1029.75,-0.02,23.94,24133.91,-1
2023-11-05,2023-11-05 14:00:00,1029.75,1029.75,1029.55,1029.55,-0.02,23.94,24133.91,-1
2023-11-05,2023-11-05 14:01:00,1029.55,1029.55,1029.36,1029.36,-0.02,23.94,24133.91,-1
2023-11-05,2023-11-05 14:02:00,1029.36,1029.36,1029.16,1029.16,-0.02,23.94,24133.91,-1
2023-11-05,2023-11-05 14:03:00,1029.16,1029.16,1028.97,1028.97,-0.02,23.94,24133.91,-1
2023-11-05,2023-11-05 14:04:00,1028.97,1028.97,1028.77,1028.77,-0.02,23.94,24133.91,-1
2023-11-05,2023-11-05 14:05:00,1028.77,1028.77,1028.58,1028.58,-0.02,23.94,24133.91,-1
2023-11-05,2023-11-05 14:06:00,1028.58,1028.58,1028.38,1028.38,-0.02,23.94,24133.91,-1
2023-11-05,2023-11-05 14:07:00,1028.38,1028.38,1028.18,1028.18,-0.02,23.94,24133.91,-1
2023-11-05,2023-11-05 14:08:00,1028.18,1028.18,1027.99,1027.99,-0.02,23.94,24133.91,-1
2023-11-05,2023-11-05 14:09:00,1027.99,1027.99,1027.79,1027.79,-0.02,23.94,24133.91,-1
2023-11-05,2023-11-05 14:10:00,1027.79,1027.79,1027.6,1027.6,-0.02,23.94,24133.91,-1
2023-11-05,2023-11-05 14:11:00,1027.6,1027.6,1027.4,1027.4,-0.02,23.94,24133.91,-1
2023-11-05,2023-11-05 14:12:00,1027.4,1027.4,1027.2,1027.2,-0.02,23.94,24133.91,-1
2023-11-05,2023-11-05 14:13:00,1027.2,1027.2,1027.01,1027.01,-0.02,23.94,24133.91,-1
2023-11-05,2023-11-05 14:14:00,1027.01,1027.01,1026.81,1026.81,-0.02,23.94,24133.91,-1
2023-11-05,2023-11-05 14:15:00,1026.81,1026.81,1026.62,1026.62,-0.02,23.94,24133.91,-1
2023-11-05,2023-11-05 14:16:00,1026.62,1026.62,1026.42,1026.42,-0.02,23.94,24133.91,-1
2023-11-05,2023-11-05 14:17:00,1026.42,1026.42,1026.22,1026.22,-0.02,23.94,24133.91,-1
2023-11-05,2023-11-05 14:18:00,1026.22,1026.22,1026.03,1026.03,-0.02,23.94,24133.91,-1
2023-11-05,2023-11-05 14:19:00,1026.03,1026.03,1025.83,1025.83,-0.02,23.94,24133.91,-1
2023-11-05,2023-11-05 14:20:00,1025.83,1025.83,1025.64,1025.64,-0.02,23.94,24133.91,-1
2023-11-05,2023-11-05 14:21:00,1025.64,1025.64,1025.44,1025.44,-0.02,23.94,24133.91,-1
2023-11-05,2023-11-05 14:22:00,1025.44,1025.44,1025.25,1025.25,-0.02,23.94,24133.91,-1
2023-11-05,2023-11-05 14:23:00,1025.25,1025.25,1025.05,1025.05,-0.02,23.94,24133.91,-1
2023-11-05,2023-11-05 14:24:00,1025.05,1025.05,1024.85,1024.85,-0.02,23.94,24133.91,-1
2023-11-05,2023-11-05 14:25:00,1024.85,1024.85,1024.66,1024.66,-0.02,23.94,24133.91,-1
2023-11-05,2023-11-05 14:26:00,1024.66,1024.66,1024.46,1024.46,-0.02,23.94,24133.91,-1
2023-11-05,2023-11-05 14:27:00,1024.46,1024.46,1024.27,1024.27,-0.02,23.94,24133.91,-1
2023-11-05,2023-11-05 14:28:00,1024.27,1024.27,1024.07,1024.07,-0.02,23.94,24133.91,-1
2023-11-05,2023-11-05 14:29:00,1024.07,1024.07,1023.88,1023.88,-0.02,23.94,24133.91,-1
2023-11-05,2023-11-05 14:30:00,1023.88,1023.88,1023.68,1023.68,-0.02,23.94,24133.91,-1
2023-11-05,2023-11-05 14:31:00,1023.68,1023.68,1023.48,1023.48,-0.02,23.94,24133.91,-1
2023-11-05,2023-11-05 14:32:00,1023.48,1023.48,1023.29,1023.29,-0.02,23.94,24133.91,-1
2023-11-05,2023-11-05 14:33:00,1023.29,1023.29,1023.09,1023.09,-0.02,23.94,24133.91,-1
2023-11-05,2023-11-05 14:34:00,1023.09,1023.09,1022.9,1022.9,-0.02,23.94,24133.91,-1
2023-11-05,2023-11-05 14:35:00,1022.9,1022.9,1022.7,1022.7,-0.02,23.94,24133.91,-1
2023-11-05,2023-11-05 14:36:00,1022.7,1022.7,1022.5,1022.5,-0.02,23.94,24133.91,-1
2023-11-05,2023-11-05 14:37:00,1022.5,1022.5,1022.31,1022.31,-0.02,23.94,24133.91,-1
2023-11-05,2023-11-05 14:38:00,1022.31,1022.31,1022.11,1022.11,-0.02,23.94,24133.91,-1
2023-11-05,2023-11-05 14:39:00,1022.11,1022.11,1021.92,1021.92,-0.02,23.94,24133.91,-1
2023-11-05,2023-11-05 14:40:00,1021.92,1021.92,1021.72,1021.72,-0.02,23.94,24133.91,-1
2023-11-05,2023-11-05 14:41:00,1021.72,1021.72,1021.52,1021.52,-0.02,23.94,24133.91,-1
2023-11-05,2023-11-05 14:42:00,1021.52,1021.52,1021.33,1021.33,-0.02,23.94,24133.91,-1
2023-11-05,2023-11-05 14:43:00,1021.33,1021.33,1021.13,1021.13,-0.02,23.94,24133.91,-1
2023-11-05,2023-11-05 14:44:00,1021.13,1021.13,1020.94,1020.94,-0.02,23.94,24133.91,-1
2023-11-05,2023-11-05 14:45:00,1020.94,1020.94,1020.74,1020.74,-0.02,23.94,24133.91,-1
2023-11-05,2023-11-05 14:46:00,1020.74,1020.74,1020.55,1020.55,-0.02,23.94,24133.91,-1
2023-11-05,2023-11-05 14:47:00,1020.55,1020.55,1020.35,1020.35,-0.02,23.94,24133.91,-1
2023-11-05,2023-11-05 14:48:00,1020.35,1020.35,1020.15,1020.15,-0.02,23.94,24133.91,-1
2023-11-05,2023-11-05 14:49:00,1020.15,1020.15,1019.96,1019.96,-0.02,23.94,24133.91,-1
2023-11-05,2023-11-05 14:50:00,1019.96,1019.96,1019.76,1019.76,-0.02,23.94,24133.91,-1
2023-11-05,2023-11-05 14:51:00,1019.76,1019.76,1019.57,1019.57,-0.02,23.94,24133.91,-1
2023-11-05,2023-11-05 14:52:00,1019.57,1019.57,1019.37,1019.37,-0.02,23.94,24133.91,-1
2023-11-05,2023-11-05 14:53:00,1019.37,1019.37,1019.17,1019.17,-0.02,23.94,24133.91,-1
2023-11-05,2023-11-05 14:54:00,1019.17,1019.17,1018.98,1018.98,-0.02,23.94,24133.91,-1
2023-11-05,2023-11-05 14:55:00,1018.98,1018.98,1018.78,1018.78,-0.02,23.94,24133.91,-1
2023-11-05,2023-11-05 14:56:00,1018.78,1018.78,1018.59,1018.59,-0.02,23.94,24133.91,-1
2023-11-05,2023-11-05 14:57:00,1018.59,1018.59,1018.39,1018.39,-0.02,23.94,24133.91,-1
2023-11-05,2023-11-05 14:58:00,1018.39,1018.39,1018.2,1018.2,-0.02,23.94,24133.91,-1
2023-11-05,2023-11-05 14:59:00,1018.2,1018.2,1018.0,1018.0,-0.02,23.94,24133.91,-1
2023-11-05,2023-11-05 15:00:00,1018.0,1065.0,1000.0,1018.0,0.0,23.94,24133.91,0
2023-11-06,2023-11-06 11:00:00,999.0,1010.7,996.3,999.09,0.01,13.03,13086.91,1
2023-11-06,2023-11-06 11:01:00,999.09,999.17,999.09,999.17,0.01,13.03,13086.91,1
2023-11-06,2023-11-06 11:02:00,999.17,999.26,999.17,999.26,0.01,13.03,13086.91,1
2023-11-06,2023-11-06 11:03:00,999.26,999.35,999.26,999.35,0.01,13.03,13086.91,1
2023-11-06,2023-11-06 11:04:00,999.35,999.44,999.35,999.44,0.01,13.03,13086.91,1
2023-11-06,2023-11-06 11:05:00,999.44,999.52,999.44,999.52,0.01,13.03,13086.91,1
2023-11-06,2023-11-06 11:06:00,999.52,999.61,999.52,999.61,0.01,13.03,13086.91,1
2023-11-06,2023-11-06 11:07:00,999.61,999.7,999.61,999.7,0.01,13.03,13086.91,1
2023-11-06,2023-11-06 11:08:00,999.7,999.79,999.7,999.79,0.01,13.03,13086.91,1
2023-11-06,2023-11-06 11:09:00,999.79,999.88,999.79,999.88,0.01,13.03,13086.91,1
2023-11-06,2023-11-06 11:10:00,999.88,999.96,999.88,999.96,0.01,13.03,13086.91,1
2023-11-06,2023-11-06 11:11:00,999.96,1000.05,999.96,1000.05,0.01,13.03,13086.91,1
2023-11-06,2023-11-06 11:12:00,1000.05,1000.14,1000.05,1000.14,0.01,13.03,13086.91,1
2023-11-06,2023-11-06 11:13:00,1000.14,1000.23,1000.14,1000.23,0.01,13.03,13086.91,1
2023-11-06,2023-11-06 11:14:00,1000.23,1000.31,1000.23,1000.31,0.01,13.03,13086.91,1
2023-11-06,2023-11-06 11:15:00,1000.31,1000.4,1000.31,1000.4,0.01,13.03,13086.91,1
2023-11-06,2023-11-06 11:16:00,1000.4,1000.49,1000.4,1000.49,0.01,13.03,13086.91,1
2023-11-06,2023-11-06 11:17:00,1000.49,1000.58,1000.49,1000.58,0.01,13.03,13086.91,1
2023-11-06,2023-11-06 11:18:00,1000.58,1000.66,1000.58,1000.66,0.01,13.03,13086.91,1
2023-11-06,2023-11-06 11:19:00,1000.66,1000.75,1000.66,1000.75,0.01,13.03,13086.91,1
2023-11-06,2023-11-06 11:20:00,1000.75,1000.84,1000.75,1000.84,0.01,13.03,13086.91,1
2023-11-06,2023-11-06 11:21:00,1000.84,1000.92,1000.84,1000.92,0.01,13.03,13086.91,1
2023-11-06,2023-11-06 11:22:00,1000.92,1001.01,1000.92,1001.01,0.01,13.03,13086.91,1
2023-11-06,2023-11-06 11:23:00,1001.01,1001.1,1001.01,1001.1,0.01,13.03,13086.91,1
2023-11-06,2023-11-06 11:24:00,1001.1,1001.19,1001.1,1001.19,0.01,13.03,13086.91,1
2023-11-06,2023-11-06 11:25:00,1001.19,1001.27,1001.19,1001.27,0.01,13.03,13086.91,1
2023-11-06,2023-11-06 11:26:00,1001.27,1001.36,1001.27,1001.36,0.01,13.03,13086.91,1
2023-11-06,2023-11-06 11:27:00,1001.36,1001.45,1001.36,1001.45,0.01,13.03,13086.91,1
2023-11-06,2023-11-06 11:28:00,1001.45,1001.54,1001.45,1001.54,0.01,13.03,13086.91,1
2023-11-06,2023-11-06 11:29:00,1001.54,1001.62,1001.54,1001.62,0.01,13.03,13086.91,1
2023-11-06,2023-11-06 11:30:00,1001.62,1001.71,1001.62,1001.71,0.01,13.03,13086.91,1
2023-11-06,2023-11-06 11:31:00,1001.71,1001.8,1001.71,1001.8,0.01,13.03,13086.91,1
2023-11-06,2023-11-06 11:32:00,1001.8,1001.89,1001.8,1001.89,0.01,13.03,13086.91,1
2023-11-06,2023-11-06 11:33:00,1001.89,1001.98,1001.89,1001.98,0.01,13.03,13086.91,1
2023-11-06,2023-11-06 11:34:00,1001.98,1002.06,1001.98,1002.06,0.01,13.03,13086.91,1
2023-11-06,2023-11-06 11:35:00,1002.06,1002.15,1002.06,1002.15,0.01,13.03,13086.91,1
2023-11-06,2023-11-06 11:36:00,1002.15,1002.24,1002.15,1002.24,0.01,13.03,13086.91,1
2023-11-06,2023-11-06 11:37:00,1002.24,1002.33,1002.24,1002.33,0.01,13.03,13086.91,1
2023-11-06,2023-11-06 11:38:00,1002.33,1002.41,1002.33,1002.41,0.01,13.03,13086.91,1
2023-11-06,2023-11-06 11:39:00,1002.41,1002.5,1002.41,1002.5,0.01,13.03,13086.91,1
2023-11-06,2023-11-06 11:40:00,1002.5,1002.59,1002.5,1002.59,0.01,13.03,13086.91,1
2023-11-06,2023-11-06 11:41:00,1002.59,1002.67,1002.59,1002.67,0.01,13.03,13086.91,1
2023-11-06,2023-11-06 11:42:00,1002.67,1002.76,1002.67,1002.76,0.01,13.03,13086.91,1
2023-11-06,2023-11-06 11:43:00,1002.76,1002.85,1002.76,1002.85,0.01,13.03,13086.91,1
2023-11-06,2023-11-06 11:44:00,1002.85,1002.94,1002.85,1002.94,0.01,13.03,13086.91,1
2023-11-06,2023-11-06 11:45:00,1002.94,1003.02,1002.94,1003.02,0.01,13.03,13086.91,1
2023-11-06,2023-11-06 11:46:00,1003.02,1003.11,1003.02,1003.11,0.01,13.03,13086.91,1
2023-11-06,2023-11-06 11:47:00,1003.11,1003.2,1003.11,1003.2,0.01,13.03,13086.91,1
2023-11-06,2023-11-06 11:48:00,1003.2,1003.29,1003.2,1003.29,0.01,13.03,13086.91,1
2023-11-06,2023-11-06 11:49:00,1003.29,1003.38,1003.29,1003.38,0.01,13.03,13086.91,1
2023-11-06,2023-11-06 11:50:00,1003.38,1003.46,1003.38,1003.46,0.01,13.03,13086.91,1
2023-11-06,2023-11-06 11:51:00,1003.46,1003.55,1003.46,1003.55,0.01,13.03,13086.91,1
2023-11-06,2023-11-06 11:52:00,1003.55,1003.64,1003.55,1003.64,0.01,13.03,13086.91,1
2023-11-06,2023-11-06 11:53:00,1003.64,1003.73,1003.64,1003.73,0.01,13.03,13086.91,1
2023-11-06,2023-11-06 11:54:00,1003.73,1003.81,1003.73,1003.81,0.01,13.03,13086.91,1
2023-11-06,2023-11-06 11:55:00,1003.81,1003.9,1003.81,1003.9,0.01,13.03,13086.91,1
2023-11-06,2023-11-06 11:56:00,1003.9,1003.99,1003.9,1003.99,0.01,13.03,13086.91,1
2023-11-06,2023-11-06 11:57:00,1003.99,1004.08,1003.99,1004.08,0.01,13.03,13086.91,1
2023-11-06,2023-11-06 11:58:00,1004.08,1004.16,1004.08,1004.16,0.01,13.03,13086.91,1
2023-11-06,2023-11-06 11:59:00,1004.16,1004.25,1004.16,1004.25,0.01,13.03,13086.91,1
2023-11-06,2023-11-06 12:00:00,1004.25,1004.34,1004.25,1004.34,0.01,13.03,13086.91,1
2023-11-06,2023-11-06 12:01:00,1004.34,1004.42,1004.34,1004.42,0.01,13.03,13086.91,1
2023-11-06,2023-11-06 12:02:00,1004.42,1004.51,1004.42,1004.51,0.01,13.03,13086.91,1
2023-11-06,2023-11-06 12:03:00,1004.51,1004.6,1004.51,1004.6,0.01,13.03,13086.91,1
2023-11-06,2023-11-06 12:04:00,1004.6,1004.69,1004.6,1004.69,0.01,13.03,13086.91,1
2023-11-06,2023-11-06 12:05:00,1004.69,1004.77,1004.69,1004.77,0.01,13.03,13086.91,1
2023-11-06,2023-11-06 12:06:00,1004.77,1004.86,1004.77,1004.86,0.01,13.03,13086.91,1
2023-11-06,2023-11-06 12:07:00,1004.86,1004.95,1004.86,1004.95,0.01,13.03,13086.91,1
2023-11-06,2023-11-06 12:08:00,1004.95,1005.04,1004.95,1005.04,0.01,13.03,13086.91,1
2023-11-06,2023-11-06 12:09:00,1005.04,1005.12,1005.04,1005.12,0.01,13.03,13086.91,1
2023-11-06,2023-11-06 12:10:00,1005.12,1005.21,1005.12,1005.21,0.01,13.03,13086.91,1
2023-11-06,2023-11-06 12:11:00,1005.21,1005.3,1005.21,1005.3,0.01,13.03,13086.91,1
2023-11-06,2023-11-06 12:12:00,1005.3,1005.39,1005.3,1005.39,0.01,13.03,13086.91,1
2023-11-06,2023-11-06 12:13:00,1005.39,1005.48,1005.39,1005.48,0.01,13.03,13086.91,1
2023-11-06,2023-11-06 12:14:00,1005.48,1005.56,1005.48,1005.56,0.01,13.03,13086.91,1
2023-11-06,2023-11-06 12:15:00,1005.56,1005.65,1005.56,1005.65,0.01,13.03,13086.91,1
2023-11-06,2023-11-06 12:16:00,1005.65,1005.74,1005.65,1005.74,0.01,13.03,13086.91,1
2023-11-06,2023-11-06 12:17:00,1005.74,1005.83,1005.74,1005.83,0.01,13.03,13086.91,1
2023-11-06,2023-11-06 12:18:00,1005.83,1005.91,1005.83,1005.91,0.01,13.03,13086.91,1
2023-11-06,2023-11-06 12:19:00,1005.91,1006.0,1005.91,1006.0,0.01,13.03,13086.91,1
2023-11-06,2023-11-06 12:20:00,1006.0,1006.09,1006.0,1006.09,0.01,13.03,13086.91,1
2023-11-06,2023-11-06 12:21:00,1006.09,1006.17,1006.09,1006.17,0.01,13.03,13086.91,1
2023-11-06,2023-11-06 12:22:00,1006.17,1006.26,1006.17,1006.26,0.01,13.03,13086.91,1
2023-11-06,2023-11-06 12:23:00,1006.26,1006.35,1006.26,1006.35,0.01,13.03,13086.91,1
2023-11-06,2023-11-06 12:24:00,1006.35,1006.44,1006.35,1006.44,0.01,13.03,13086.91,1
2023-11-06,2023-11-06 12:25:00,1006.44,1006.52,1006.44,1006.52,0.01,13.03,13086.91,1
2023-11-06,2023-11-06 12:26:00,1006.52,1006.61,1006.52,1006.61,0.01,13.03,13086.91,1
2023-11-06,2023-11-06 12:27:00,1006.61,1006.7,1006.61,1006.7,0.01,13.03,13086.91,1
2023-11-06,2023-11-06 12:28:00,1006.7,1006.79,1006.7,1006.79,0.01,13.03,13086.91,1
2023-11-06,2023-11-06 12:29:00,1006.79,1006.88,1006.79,1006.88,0.01,13.03,13086.91,1
2023-11-06,2023-11-06 12:30:00,1006.88,1006.96,1006.88,1006.96,0.01,13.03,13086.91,1
2023-11-06,2023-11-06 12:31:00,1006.96,1007.05,1006.96,1007.05,0.01,13.03,13086.91,1
2023-11-06,2023-11-06 12:32:00,1007.05,1007.14,1007.05,1007.14,0.01,13.03,13086.91,1
2023-11-06,2023-11-06 12:33:00,1007.14,1007.23,1007.14,1007.23,0.01,13.03,13086.91,1
2023-11-06,2023-11-06 12:34:00,1007.23,1007.31,1007.23,1007.31,0.01,13.03,13086.91,1
2023-11-06,2023-11-06 12:35:00,1007.31,1007.4,1007.31,1007.4,0.01,13.03,13086.91,1
2023-11-06,2023-11-06 12:36:00,1007.4,1007.49,1007.4,1007.49,0.01,13.03,13086.91,1
2023-11-06,2023-11-06 12:37:00,1007.49,1007.58,1007.49,1007.58,0.01,13.03,13086.91,1
2023-11-06,2023-11-06 12:38:00,1007.58,1007.66,1007.58,1007.66,0.01,13.03,13086.91,1
2023-11-06,2023-11-06 12:39:00,1007.66,1007.75,1007.66,1007.75,0.01,13.03,13086.91,1
2023-11-06,2023-11-06 12:40:00,1007.75,1007.84,1007.75,1007.84,0.01,13.03,13086.91,1
2023-11-06,2023-11-06 12:41:00,1007.84,1007.92,1007.84,1007.92,0.01,13.03,13086.91,1
2023-11-06,2023-11-06 12:42:00,1007.92,1008.01,1007.92,1008.01,0.01,13.03,13086.91,1
2023-11-06,2023-11-06 12:43:00,1008.01,1008.1,1008.01,1008.1,0.01,13.03,13086.91,1
2023-11-06,2023-11-06 12:44:00,1008.1,1008.19,1008.1,1008.19,0.01,13.03,13086.91,1
2023-11-06,2023-11-06 12:45:00,1008.19,1008.27,1008.19,1008.27,0.01,13.03,13086.91,1
2023-11-06,2023-11-06 12:46:00,1008.27,1008.36,1008.27,1008.36,0.01,13.03,13086.91,1
2023-11-06,2023-11-06 12:47:00,1008.36,1008.45,1008.36,1008.45,0.01,13.03,13086.91,1
2023-11-06,2023-11-06 12:48:00,1008.45,1008.54,1008.45,1008.54,0.01,13.03,13086.91,1
2023-11-06,2023-11-06 12:49:00,1008.54,1008.62,1008.54,1008.62,0.01,13.03,13086.91,1
2023-11-06,2023-11-06 12:50:00,1008.62,1008.71,1008.62,1008.71,0.01,13.03,13086.91,1
2023-11-06,2023-11-06 12:51:00,1008.71,1008.8,1008.71,1008.8,0.01,13.03,13086.91,1
2023-11-06,2023-11-06 12:52:00,1008.8,1008.89,1008.8,1008.89,0.01,13.03,13086.91,1
2023-11-06,2023-11-06 12:53:00,1008.89,1008.98,1008.89,1008.98,0.01,13.03,13086.91,1
2023-11-06,2023-11-06 12:54:00,1008.98,1009.06,1008.98,1009.06,0.01,13.03,13086.91,1
2023-11-06,2023-11-06 12:55:00,1009.06,1009.15,1009.06,1009.15,0.01,13.03,13086.91,1
2023-11-06,2023-11-06 12:56:00,1009.15,1009.24,1009.15,1009.24,0.01,13.03,13086.91,1
2023-11-06,2023-11-06 12:57:00,1009.24,1009.33,1009.24,1009.33,0.01,13.03,13086.91,1
2023-11-06,2023-11-06 12:58:00,1009.33,1009.41,1009.33,1009.41,0.01,13.03,13086.91,1
2023-11-06,2023-11-06 12:59:00,1009.41,1009.5,1009.41,1009.5,0.01,13.03,13086.91,1
2023-11-06,2023-11-06 13:00:00,1009.5,1038.0,990.0,1009.59,0.01,13.03,13086.91,1
2023-11-06,2023-11-06 13:01:00,1009.59,1009.67,1009.59,1009.67,0.01,13.03,13086.91,1
2023-11-06,2023-11-06 13:02:00,1009.67,1009.76,1009.67,1009.76,0.01,13.03,13086.91,1
2023-11-06,2023-11-06 13:03:00,1009.76,1009.85,1009.76,1009.85,0.01,13.03,13086.91,1
2023-11-06,2023-11-06 13:04:00,1009.85,1009.94,1009.85,1009.94,0.01,13.03,13086.91,1
2023-11-06,2023-11-06 13:05:00,1009.94,1010.02,1009.94,1010.02,0.01,13.03,13086.91,1
2023-11-06,2023-11-06 13:06:00,1010.02,1010.11,1010.02,1010.11,0.01,13.03,13086.91,1
2023-11-06,2023-11-06 13:07:00,1010.11,1010.2,1010.11,1010.2,0.01,13.03,13086.91,1
2023-11-06,2023-11-06 13:08:00,1010.2,1010.29,1010.2,1010.29,0.01,13.03,13086.91,1
2023-11-06,2023-11-06 13:09:00,1010.29,1010.38,1010.29,1010.38,0.01,13.03,13086.91,1
2023-11-06,2023-11-06 13:10:00,1010.38,1010.46,1010.38,1010.46,0.01,13.03,13086.91,1
2023-11-06,2023-11-06 13:11:00,1010.46,1010.55,1010.46,1010.55,0.01,13.03,13086.91,1
2023-11-06,2023-11-06 13:12:00,1010.55,1010.64,1010.55,1010.64,0.01,13.03,13086.91,1
2023-11-06,2023-11-06 13:13:00,1010.64,1010.73,1010.64,1010.73,0.01,13.03,13086.91,1
2023-11-06,2023-11-06 13:14:00,1010.73,1010.81,1010.73,1010.81,0.01,13.03,13086.91,1
2023-11-06,2023-11-06 13:15:00,1010.81,1010.9,1010.81,1010.9,0.01,13.03,13086.91,1
2023-11-06,2023-11-06 13:16:00,1010.9,1010.99,1010.9,1010.99,0.01,13.03,13086.91,1
2023-11-06,2023-11-06 13:17:00,1010.99,1011.08,1010.99,1011.08,0.01,13.03,13086.91,1
2023-11-06,2023-11-06 13:18:00,1011.08,1011.16,1011.08,1011.16,0.01,13.03,13086.91,1
2023-11-06,2023-11-06 13:19:00,1011.16,1011.25,1011.16,1011.25,0.01,13.03,13086.91,1
2023-11-06,2023-11-06 13:20:00,1011.25,1011.34,1011.25,1011.34,0.01,13.03,13086.91,1
2023-11-06,2023-11-06 13:21:00,1011.34,1011.42,1011.34,1011.42,0.01,13.03,13086.91,1
2023-11-06,2023-11-06 13:22:00,1011.42,1011.51,1011.42,1011.51,0.01,13.03,13086.91,1
2023-11-06,2023-11-06 13:23:00,1011.51,1011.6,1011.51,1011.6,0.01,13.03,13086.91,1
2023-11-06,2023-11-06 13:24:00,1011.6,1011.69,1011.6,1011.69,0.01,13.03,13086.91,1
2023-11-06,2023-11-06 13:25:00,1011.69,1011.77,1011.69,1011.77,0.01,13.03,13086.91,1
2023-11-06,2023-11-06 13:26:00,1011.77,1011.86,1011.77,1011.86,0.01,13.03,13086.91,1
2023-11-06,2023-11-06 13:27:00,1011.86,1011.95,1011.86,1011.95,0.01,13.03,13086.91,1
2023-11-06,2023-11-06 13:28:00,1011.95,1012.04,1011.95,1012.04,0.01,13.03,13086.91,1
2023-11-06,2023-11-06 13:29:00,1012.04,1012.12,1012.04,1012.12,0.01,13.03,13086.91,1
2023-11-06,2023-11-06 13:30:00,1012.12,1012.21,1012.12,1012.21,0.01,13.03,13086.91,1
2023-11-06,2023-11-06 13:31:00,1012.21,1012.3,1012.21,1012.3,0.01,13.03,13086.91,1
2023-11-06,2023-11-06 13:32:00,1012.3,1012.39,1012.3,1012.39,0.01,13.03,13086.91,1
2023-11-06,2023-11-06 13:33:00,1012.39,1012.48,1012.39,1012.48,0.01,13.03,13086.91,1
2023-11-06,2023-11-06 13:34:00,1012.48,1012.56,1012.48,1012.56,0.01,13.03,13086.91,1
2023-11-06,2023-11-06 13:35:00,1012.56,1012.65,1012.56,1012.65,0.01,13.03,13086.91,1
2023-11-06,2023-11-06 13:36:00,1012.65,1012.74,1012.65,1012.74,0.01,13.03,13086.91,1
2023-11-06,2023-11-06 13:37:00,1012.74,1012.83,1012.74,1012.83,0.01,13.03,13086.91,1
2023-11-06,2023-11-06 13:38:00,1012.83,1012.91,1012.83,1012.91,0.01,13.03,13086.91,1
2023-11-06,2023-11-06 13:39:00,1012.91,1013.0,1012.91,1013.0,0.01,13.03,13086.91,1
2023-11-06,2023-11-06 13:40:00,1013.0,1013.09,1013.0,1013.09,0.01,13.03,13086.91,1
2023-11-06,2023-11-06 13:41:00,1013.09,1013.17,1013.09,1013.17,0.01,13.03,13086.91,1
2023-11-06,2023-11-06 13:42:00,1013.17,1013.26,1013.17,1013.26,0.01,13.03,13086.91,1
2023-11-06,2023-11-06 13:43:00,1013.26,1013.35,1013.26,1013.35,0.01,13.03,13086.91,1
2023-11-06,2023-11-06 13:44:00,1013.35,1013.44,1013.35,1013.44,0.01,13.03,13086.91,1
2023-11-06,2023-11-06 13:45:00,1013.44,1013.52,1013.44,1013.52,0.01,13.03,13086.91,1
2023-11-06,2023-11-06 13:46:00,1013.52,1013.61,1013.52,1013.61,0.01,13.03,13086.91,1
2023-11-06,2023-11-06 13:47:00,1013.61,1013.7,1013.61,1013.7,0.01,13.03,13086.91,1
2023-11-06,2023-11-06 13:48:00,1013.7,1013.79,1013.7,1013.79,0.01,13.03,13086.91,1
2023-11-06,2023-11-06 13:49:00,1013.79,1013.88,1013.79,1013.88,0.01,13.03,13086.91,1
2023-11-06,2023-11-06 13:50:00,1013.88,1013.96,1013.88,1013.96,0.01,13.03,13086.91,1
2023-11-06,2023-11-06 13:51:00,1013.96,1014.05,1013.96,1014.05,0.01,13.03,13086.91,1
2023-11-06,2023-11-06 13:52:00,1014.05,1014.14,1014.05,1014.14,0.01,13.03,13086.91,1
2023-11-06,2023-11-06 13:53:00,1014.14,1014.23,1014.14,1014.23,0.01,13.03,13086.91,1
2023-11-06,2023-11-06 13:54:00,1014.23,1014.31,1014.23,1014.31,0.01,13.03,13086.91,1
2023-11-06,2023-11-06 13:55:00,1014.31,1014.4,1014.31,1014.4,0.01,13.03,13086.91,1
2023-11-06,2023-11-06 13:56:00,1014.4,1014.49,1014.4,1014.49,0.01,13.03,13086.91,1
2023-11-06,2023-11-06 13:57:00,1014.49,1014.58,1014.49,1014.58,0.01,13.03,13086.91,1
2023-11-06,2023-11-06 13:58:00,1014.58,1014.66,1014.58,1014.66,0.01,13.03,13086.91,1
2023-11-06,2023-11-06 13:59:00,1014.66,1014.75,1014.66,1014.75,0.01,13.03,13086.91,1
2023-11-06,2023-11-06 14:00:00,1014.75,1014.84,1014.75,1014.84,0.01,13.03,13086.91,1
2023-11-06,2023-11-06 14:01:00,1014.84,1014.92,1014.84,1014.92,0.01,13.03,13086.91,1
2023-11-06,2023-11-06 14:02:00,1014.92,1015.01,1014.92,1015.01,0.01,13.03,13086.91,1
2023-11-06,2023-11-06 14:03:00,1015.01,1015.1,1015.01,1015.1,0.01,13.03,13086.91,1
2023-11-06,2023-11-06 14:04:00,1015.1,1015.19,1015.1,1015.19,0.01,13.03,13086.91,1
2023-11-06,2023-11-06 14:05:00,1015.19,1015.27,1015.19,1015.27,0.01,13.03,13086.91,1
2023-11-06,2023-11-06 14:06:00,1015.27,1015.36,1015.27,1015.36,0.01,13.03,13086.91,1
2023-11-06,2023-11-06 14:07:00,1015.36,1015.45,1015.36,1015.45,0.01,13.03,13086.91,1
2023-11-06,2023-11-06 14:08:00,1015.45,1015.54,1015.45,1015.54,0.01,13.03,13086.91,1
2023-11-06,2023-11-06 14:09:00,1015.54,1015.62,1015.54,1015.62,0.01,13.03,13086.91,1
2023-11-06,2023-11-06 14:10:00,1015.62,1015.71,1015.62,1015.71,0.01,13.03,13086.91,1
2023-11-06,2023-11-06 14:11:00,1015.71,1015.8,1015.71,1015.8,0.01,13.03,13086.91,1
2023-11-06,2023-11-06 14:12:00,1015.8,1015.89,1015.8,1015.89,0.01,13.03,13086.91,1
2023-11-06,2023-11-06 14:13:00,1015.89,1015.98,1015.89,1015.98,0.01,13.03,13086.91,1
2023-11-06,2023-11-06 14:14:00,1015.98,1016.06,1015.98,1016.06,0.01,13.03,13086.91,1
2023-11-06,2023-11-06 14:15:00,1016.06,1016.15,1016.06,1016.15,0.01,13.03,13086.91,1
2023-11-06,2023-11-06 14:16:00,1016.15,1016.24,1016.15,1016.24,0.01,13.03,13086.91,1
2023-11-06,2023-11-06 14:17:00,1016.24,1016.33,1016.24,1016.33,0.01,13.03,13086.91,1
2023-11-06,2023-11-06 14:18:00,1016.33,1016.41,1016.33,1016.41,0.01,13.03,13086.91,1
2023-11-06,2023-11-06 14:19:00,1016.41,1016.5,1016.41,1016.5,0.01,13.03,13086.91,1
2023-11-06,2023-11-06 14:20:00,1016.5,1016.59,1016.5,1016.59,0.01,13.03,13086.91,1
2023-11-06,2023-11-06 14:21:00,1016.59,1016.67,1016.59,1016.67,0.01,13.03,13086.91,1
2023-11-06,2023-11-06 14:22:00,1016.67,1016.76,1016.67,1016.76,0.01,13.03,13086.91,1
2023-11-06,2023-11-06 14:23:00,1016.76,1016.85,1016.76,1016.85,0.01,13.03,13086.91,1
2023-11-06,2023-11-06 14:24:00,1016.85,1016.94,1016.85,1016.94,0.01,13.03,13086.91,1
2023-11-06,2023-11-06 14:25:00,1016.94,1017.02,1016.94,1017.02,0.01,13.03,13086.91,1
2023-11-06,2023-11-06 14:26:00,1017.02,1017.11,1017.02,1017.11,0.01,13.03,13086.91,1
2023-11-06,2023-11-06 14:27:00,1017.11,1017.2,1017.11,1017.2,0.01,13.03,13086.91,1
2023-11-06,2023-11-06 14:28:00,1017.2,1017.29,1017.2,1017.29,0.01,13.03,13086.91,1
2023-11-06,2023-11-06 14:29:00,1017.29,1017.38,1017.29,1017.38,0.01,13.03,13086.91,1
2023-11-06,2023-11-06 14:30:00,1017.38,1017.46,1017.38,1017.46,0.01,13.03,13086.91,1
2023-11-06,2023-11-06 14:31:00,1017.46,1017.55,1017.46,1017.55,0.01,13.03,13086.91,1
2023-11-06,2023-11-06 14:32:00,1017.55,1017.64,1017.55,1017.64,0.01,13.03,13086.91,1
2023-11-06,2023-11-06 14:33:00,1017.64,1017.73,1017.64,1017.73,0.01,13.03,13086.91,1
2023-11-06,2023-11-06 14:34:00,1017.73,1017.81,1017.73,1017.81,0.01,13.03,13086.91,1
2023-11-06,2023-11-06 14:35:00,1017.81,1017.9,1017.81,1017.9,0.01,13.03,13086.91,1
2023-11-06,2023-11-06 14:36:00,1017.9,1017.99,1017.9,1017.99,0.01,13.03,13086.91,1
2023-11-06,2023-11-06 14:37:00,1017.99,1018.08,1017.99,1018.08,0.01,13.03,13086.91,1
2023-11-06,2023-11-06 14:38:00,1018.08,1018.16,1018.08,1018.16,0.01,13.03,13086.91,1
2023-11-06,2023-11-06 14:39:00,1018.16,1018.25,1018.16,1018.25,0.01,13.03,13086.91,1
2023-11-06,2023-11-06 14:40:00,1018.25,1018.34,1018.25,1018.34,0.01,13.03,13086.91,1
2023-11-06,2023-11-06 14:41:00,1018.34,1018.42,1018.34,1018.42,0.01,13.03,13086.91,1
2023-11-06,2023-11-06 14:42:00,1018.42,1018.51,1018.42,1018.51,0.01,13.03,13086.91,1
2023-11-06,2023-11-06 14:43:00,1018.51,1018.6,1018.51,1018.6,0.01,13.03,13086.91,1
2023-11-06,2023-11-06 14:44:00,1018.6,1018.69,1018.6,1018.69,0.01,13.03,13086.91,1
2023-11-06,2023-11-06 14:45:00,1018.69,1018.77,1018.69,1018.77,0.01,13.03,13086.91,1
2023-11-06,2023-11-06 14:46:00,1018.77,1018.86,1018.77,1018.86,0.01,13.03,13086.91,1
2023-11-06,2023-11-06 14:47:00,1018.86,1018.95,1018.86,1018.95,0.01,13.03,13086.91,1
2023-11-06,2023-11-06 14:48:00,1018.95,1019.04,1018.95,1019.04,0.01,13.03,13086.91,1
2023-11-06,2023-11-06 14:49:00,1019.04,1019.12,1019.04,1019.12,0.01,13.03,13086.91,1
2023-11-06,2023-11-06 14:50:00,1019.12,1019.21,1019.12,1019.21,0.01,13.03,13086.91,1
2023-11-06,2023-11-06 14:51:00,1019.21,1019.3,1019.21,1019.3,0.01,13.03,13086.91,1
2023-11-06,2023-11-06 14:52:00,1019.3,1019.39,1019.3,1019.39,0.01,13.03,13086.91,1
2023-11-06,2023-11-06 14:53:00,1019.39,1019.48,1019.39,1019.48,0.01,13.03,13086.91,1
2023-11-06,2023-11-06 14:54:00,1019.48,1019.56,1019.48,1019.56,0.01,13.03,13086.91,1
2023-11-06,2023-11-06 14:55:00,1019.56,1019.65,1019.56,1019.65,0.01,13.03,13086.91,1
2023-11-06,2023-11-06 14:56:00,1019.65,1019.74,1019.65,1019.74,0.01,13.03,13086.91,1
2023-11-06,2023-11-06 14:57:00,1019.74,1019.83,1019.74,1019.83,0.01,13.03,13086.91,1
2023-11-06,2023-11-06 14:58:00,1019.83,1019.91,1019.83,1019.91,0.01,13.03,13086.91,1
2023-11-06,2023-11-06 14:59:00,1019.91,1020.0,1019.91,1020.0,0.01,13.03,13086.91,1
2023-11-06,2023-11-06 15:00:00,1020.0,1038.0,990.0,1020.0,0.0,13.03,13086.91,0
2023-11-07,2023-11-07 11:00:00,1000.2,1010.61,1000.2,1000.2,0.0,3.73,3780.25,0
2023-11-07,2023-11-07 11:01:00,1000.2,1000.2,1000.2,1000.2,0.0,3.73,3780.25,0
2023-11-07,2023-11-07 11:02:00,1000.2,1000.2,1000.2,1000.2,0.0,3.73,3780.25,0
2023-11-07,2023-11-07 11:03:00,1000.2,1000.2,1000.2,1000.2,0.0,3.73,3780.25,0
2023-11-07,2023-11-07 11:04:00,1000.2,1000.2,1000.2,1000.2,0.0,3.73,3780.25,0
2023-11-07,2023-11-07 11:05:00,1000.2,1000.2,1000.2,1000.2,0.0,3.73,3780.25,0
2023-11-07,2023-11-07 11:06:00,1000.2,1000.2,1000.2,1000.2,0.0,3.73,3780.25,0
2023-11-07,2023-11-07 11:07:00,1000.2,1000.2,1000.2,1000.2,0.0,3.73,3780.25,0
2023-11-07,2023-11-07 11:08:00,1000.2,1000.2,1000.2,1000.2,0.0,3.73,3780.25,0
2023-11-07,2023-11-07 11:09:00,1000.2,1000.2,1000.2,1000.2,0.0,3.73,3780.25,0
2023-11-07,2023-11-07 11:10:00,1000.2,1000.2,1000.2,1000.2,0.0,3.73,3780.25,0
2023-11-07,2023-11-07 11:11:00,1000.2,1000.2,1000.2,1000.2,0.0,3.73,3780.25,0
2023-11-07,2023-11-07 11:12:00,1000.2,1000.2,1000.2,1000.2,0.0,3.73,3780.25,0
2023-11-07,2023-11-07 11:13:00,1000.2,1000.2,1000.2,1000.2,0.0,3.73,3780.25,0
2023-11-07,2023-11-07 11:14:00,1000.2,1000.2,1000.2,1000.2,0.0,3.73,3780.25,0
2023-11-07,2023-11-07 11:15:00,1000.2,1000.2,1000.2,1000.2,0.0,3.73,3780.25,0
2023-11-07,2023-11-07 11:16:00,1000.2,1000.2,1000.2,1000.2,0.0,3.73,3780.25,0
2023-11-07,2023-11-07 11:17:00,1000.2,1000.2,1000.2,1000.2,0.0,3.73,3780.25,0
2023-11-07,2023-11-07 11:18:00,1000.2,1000.2,1000.2,1000.2,0.0,3.73,3780.25,0
2023-11-07,2023-11-07 11:19:00,1000.2,1000.2,1000.2,1000.2,0.0,3.73,3780.25,0
2023-11-07,2023-11-07 11:20:00,1000.2,1000.2,1000.2,1000.2,0.0,3.73,3780.25,0
2023-11-07,2023-11-07 11:21:00,1000.2,1000.2,1000.2,1000.2,0.0,3.73,3780.25,0
2023-11-07,2023-11-07 11:22:00,1000.2,1000.2,1000.2,1000.2,0.0,3.73,3780.25,0
2023-11-07,2023-11-07 11:23:00,1000.2,1000.2,1000.2,1000.2,0.0,3.73,3780.25,0
2023-11-07,2023-11-07 11:24:00,1000.2,1000.2,1000.2,1000.2,0.0,3.73,3780.25,0
2023-11-07,2023-11-07 11:25:00,1000.2,1000.2,1000.2,1000.2,0.0,3.73,3780.25,0
2023-11-07,2023-11-07 11:26:00,1000.2,1000.2,1000.2,1000.2,0.0,3.73,3780.25,0
2023-11-07,2023-11-07 11:27:00,1000.2,1000.2,1000.2,1000.2,0.0,3.73,3780.25,0
2023-11-07,2023-11-07 11:28:00,1000.2,1000.2,1000.2,1000.2,0.0,3.73,3780.25,0
2023-11-07,2023-11-07 11:29:00,1000.2,1000.2,1000.2,1000.2,0.0,3.73,3780.25,0
2023-11-07,2023-11-07 11:30:00,1000.2,1000.2,1000.2,1000.2,0.0,3.73,3780.25,0
2023-11-07,2023-11-07 11:31:00,1000.2,1000.2,1000.2,1000.2,0.0,3.73,3780.25,0
2023-11-07,2023-11-07 11:32:00,1000.2,1000.2,1000.2,1000.2,0.0,3.73,3780.25,0
2023-11-07,2023-11-07 11:33:00,1000.2,1000.2,1000.2,1000.2,0.0,3.73,3780.25,0
2023-11-07,2023-11-07 11:34:00,1000.2,1000.2,1000.2,1000.2,0.0,3.73,3780.25,0
2023-11-07,2023-11-07 11:35:00,1000.2,1000.2,1000.2,1000.2,0.0,3.73,3780.25,0
2023-11-07,2023-11-07 11:36:00,1000.2,1000.2,1000.2,1000.2,0.0,3.73,3780.25,0
2023-11-07,2023-11-07 11:37:00,1000.2,1000.2,1000.2,1000.2,0.0,3.73,3780.25,0
2023-11-07,2023-11-07 11:38:00,1000.2,1000.2,1000.2,1000.2,0.0,3.73,3780.25,0
2023-11-07,2023-11-07 11:39:00,1000.2,1000.2,1000.2,1000.2,0.0,3.73,3780.25,0
2023-11-07,2023-11-07 11:40:00,1000.2,1000.2,1000.2,1000.2,0.0,3.73,3780.25,0
2023-11-07,2023-11-07 11:41:00,1000.2,1000.2,1000.2,1000.2,0.0,3.73,3780.25,0
2023-11-07,2023-11-07 11:42:00,1000.2,1000.2,1000.2,1000.2,0.0,3.73,3780.25,0
2023-11-07,2023-11-07 11:43:00,1000.2,1000.2,1000.2,1000.2,0.0,3.73,3780.25,0
2023-11-07,2023-11-07 11:44:00,1000.2,1000.2,1000.2,1000.2,0.0,3.73,3780.25,0
2023-11-07,2023-11-07 11:45:00,1000.2,1000.2,1000.2,1000.2,0.0,3.73,3780.25,0
2023-11-07,2023-11-07 11:46:00,1000.2,1000.2,1000.2,1000.2,0.0,3.73,3780.25,0
2023-11-07,2023-11-07 11:47:00,1000.2,1000.2,1000.2,1000.2,0.0,3.73,3780.25,0
2023-11-07,2023-11-07 11:48:00,1000.2,1000.2,1000.2,1000.2,0.0,3.73,3780.25,0
2023-11-07,2023-11-07 11:49:00,1000.2,1000.2,1000.2,1000.2,0.0,3.73,3780.25,0
2023-11-07,2023-11-07 11:50:00,1000.2,1000.2,1000.2,1000.2,0.0,3.73,3780.25,0
2023-11-07,2023-11-07 11:51:00,1000.2,1000.2,1000.2,1000.2,0.0,3.73,3780.25,0
2023-11-07,2023-11-07 11:52:00,1000.2,1000.2,1000.2,1000.2,0.0,3.73,3780.25,0
2023-11-07,2023-11-07 11:53:00,1000.2,1000.2,1000.2,1000.2,0.0,3.73,3780.25,0
2023-11-07,2023-11-07 11:54:00,1000.2,1000.2,1000.2,1000.2,0.0,3.73,3780.25,0
2023-11-07,2023-11-07 11:55:00,1000.2,1000.2,1000.2,1000.2,0.0,3.73,3780.25,0
2023-11-07,2023-11-07 11:56:00,1000.2,1000.2,1000.2,1000.2,0.0,3.73,3780.25,0
2023-11-07,2023-11-07 11:57:00,1000.2,1000.2,1000.2,1000.2,0.0,3.73,3780.25,0
2023-11-07,2023-11-07 11:58:00,1000.2,1000.2,1000.2,1000.2,0.0,3.73,3780.25,0
2023-11-07,2023-11-07 11:59:00,1000.2,1000.2,1000.2,1000.2,0.0,3.73,3780.25,0
2023-11-07,2023-11-07 12:00:00,1000.2,1000.2,1000.2,1000.2,0.0,3.73,3780.25,0
2023-11-07,2023-11-07 12:01:00,1000.2,1000.2,1000.2,1000.2,0.0,3.73,3780.25,0
2023-11-07,2023-11-07 12:02:00,1000.2,1000.2,1000.2,1000.2,0.0,3.73,3780.25,0
2023-11-07,2023-11-07 12:03:00,1000.2,1000.2,1000.2,1000.2,0.0,3.73,3780.25,0
2023-11-07,2023-11-07 12:04:00,1000.2,1000.2,1000.2,1000.2,0.0,3.73,3780.25,0
2023-11-07,2023-11-07 12:05:00,1000.2,1000.2,1000.2,1000.2,0.0,3.73,3780.25,0
2023-11-07,2023-11-07 12:06:00,1000.2,1000.2,1000.2,1000.2,0.0,3.73,3780.25,0
2023-11-07,2023-11-07 12:07:00,1000.2,1000.2,1000.2,1000.2,0.0,3.73,3780.25,0
2023-11-07,2023-11-07 12:08:00,1000.2,1000.2,1000.2,1000.2,0.0,3.73,3780.25,0
2023-11-07,2023-11-07 12:09:00,1000.2,1000.2,1000.2,1000.2,0.0,3.73,3780.25,0
2023-11-07,2023-11-07 12:10:00,1000.2,1000.2,1000.2,1000.2,0.0,3.73,3780.25,0
2023-11-07,2023-11-07 12:11:00,1000.2,1000.2,1000.2,1000.2,0.0,3.73,3780.25,0
2023-11-07,2023-11-07 12:12:00,1000.2,1000.2,1000.2,1000.2,0.0,3.73,3780.25,0
2023-11-07,2023-11-07 12:13:00,1000.2,1000.2,1000.2,1000.2,0.0,3.73,3780.25,0
2023-11-07,2023-11-07 12:14:00,1000.2,1000.2,1000.2,1000.2,0.0,3.73,3780.25,0
2023-11-07,2023-11-07 12:15:00,1000.2,1000.2,1000.2,1000.2,0.0,3.73,3780.25,0
2023-11-07,2023-11-07 12:16:00,1000.2,1000.2,1000.2,1000.2,0.0,3.73,3780.25,0
2023-11-07,2023-11-07 12:17:00,1000.2,1000.2,1000.2,1000.2,0.0,3.73,3780.25,0
2023-11-07,2023-11-07 12:18:00,1000.2,1000.2,1000.2,1000.2,0.0,3.73,3780.25,0
2023-11-07,2023-11-07 12:19:00,1000.2,1000.2,1000.2,1000.2,0.0,3.73,3780.25,0
2023-11-07,2023-11-07 12:20:00,1000.2,1000.2,1000.2,1000.2,0.0,3.73,3780.25,0
2023-11-07,2023-11-07 12:21:00,1000.2,1000.2,1000.2,1000.2,0.0,3.73,3780.25,0
2023-11-07,2023-11-07 12:22:00,1000.2,1000.2,1000.2,1000.2,0.0,3.73,3780.25,0
2023-11-07,2023-11-07 12:23:00,1000.2,1000.2,1000.2,1000.2,0.0,3.73,3780.25,0
2023-11-07,2023-11-07 12:24:00,1000.2,1000.2,1000.2,1000.2,0.0,3.73,3780.25,0
2023-11-07,2023-11-07 12:25:00,1000.2,1000.2,1000.2,1000.2,0.0,3.73,3780.25,0
2023-11-07,2023-11-07 12:26:00,1000.2,1000.2,1000.2,1000.2,0.0,3.73,3780.25,0
2023-11-07,2023-11-07 12:27:00,1000.2,1000.2,1000.2,1000.2,0.0,3.73,3780.25,0
2023-11-07,2023-11-07 12:28:00,1000.2,1000.2,1000.2,1000.2,0.0,3.73,3780.25,0
2023-11-07,2023-11-07 12:29:00,1000.2,1000.2,1000.2,1000.2,0.0,3.73,3780.25,0
2023-11-07,2023-11-07 12:30:00,1000.2,1000.2,1000.2,1000.2,0.0,3.73,3780.25,0
2023-11-07,2023-11-07 12:31:00,1000.2,1000.2,1000.2,1000.2,0.0,3.73,3780.25,0
2023-11-07,2023-11-07 12:32:00,1000.2,1000.2,1000.2,1000.2,0.0,3.73,3780.25,0
2023-11-07,2023-11-07 12:33:00,1000.2,1000.2,1000.2,1000.2,0.0,3.73,3780.25,0
2023-11-07,2023-11-07 12:34:00,1000.2,1000.2,1000.2,1000.2,0.0,3.73,3780.25,0
2023-11-07,2023-11-07 12:35:00,1000.2,1000.2,1000.2,1000.2,0.0,3.73,3780.25,0
2023-11-07,2023-11-07 12:36:00,1000.2,1000.2,1000.2,1000.2,0.0,3.73,3780.25,0
2023-11-07,2023-11-07 12:37:00,1000.2,1000.2,1000.2,1000.2,0.0,3.73,3780.25,0
2023-11-07,2023-11-07 12:38:00,1000.2,1000.2,1000.2,1000.2,0.0,3.73,3780.25,0
2023-11-07,2023-11-07 12:39:00,1000.2,1000.2,1000.2,1000.2,0.0,3.73,3780.25,0
2023-11-07,2023-11-07 12:40:00,1000.2,1000.2,1000.2,1000.2,0.0,3.73,3780.25,0
2023-11-07,2023-11-07 12:41:00,1000.2,1000.2,1000.2,1000.2,0.0,3.73,3780.25,0
2023-11-07,2023-11-07 12:42:00,1000.2,1000.2,1000.2,1000.2,0.0,3.73,3780.25,0
2023-11-07,2023-11-07 12:43:00,1000.2,1000.2,1000.2,1000.2,0.0,3.73,3780.25,0
2023-11-07,2023-11-07 12:44:00,1000.2,1000.2,1000.2,1000.2,0.0,3.73,3780.25,0
2023-11-07,2023-11-07 12:45:00,1000.2,1000.2,1000.2,1000.2,0.0,3.73,3780.25,0
2023-11-07,2023-11-07 12:46:00,1000.2,1000.2,1000.2,1000.2,0.0,3.73,3780.25,0
2023-11-07,2023-11-07 12:47:00,1000.2,1000.2,1000.2,1000.2,0.0,3.73,3780.25,0
2023-11-07,2023-11-07 12:48:00,1000.2,1000.2,1000.2,1000.2,0.0,3.73,3780.25,0
2023-11-07,2023-11-07 12:49:00,1000.2,1000.2,1000.2,1000.2,0.0,3.73,3780.25,0
2023-11-07,2023-11-07 12:50:00,1000.2,1000.2,1000.2,1000.2,0.0,3.73,3780.25,0
2023-11-07,2023-11-07 12:51:00,1000.2,1000.2,1000.2,1000.2,0.0,3.73,3780.25,0
2023-11-07,2023-11-07 12:52:00,1000.2,1000.2,1000.2,1000.2,0.0,3.73,3780.25,0
2023-11-07,2023-11-07 12:53:00,1000.2,1000.2,1000.2,1000.2,0.0,3.73,3780.25,0
2023-11-07,2023-11-07 12:54:00,1000.2,1000.2,1000.2,1000.2,0.0,3.73,3780.25,0
2023-11-07,2023-11-07 12:55:00,1000.2,1000.2,1000.2,1000.2,0.0,3.73,3780.25,0
2023-11-07,2023-11-07 12:56:00,1000.2,1000.2,1000.2,1000.2,0.0,3.73,3780.25,0
2023-11-07,2023-11-07 12:57:00,1000.2,1000.2,1000.2,1000.2,0.0,3.73,3780.25,0
2023-11-07,2023-11-07 12:58:00,1000.2,1000.2,1000.2,1000.2,0.0,3.73,3780.25,0
2023-11-07,2023-11-07 12:59:00,1000.2,1000.2,1000.2,1000.2,0.0,3.73,3780.25,0
2023-11-07,2023-11-07 13:00:00,1000.2,1034.9,1000.2,1000.2,0.0,3.73,3780.25,0
2023-11-07,2023-11-07 13:01:00,1000.2,1000.2,1000.2,1000.2,0.0,3.73,3780.25,0
2023-11-07,2023-11-07 13:02:00,1000.2,1000.2,1000.2,1000.2,0.0,3.73,3780.25,0
2023-11-07,2023-11-07 13:03:00,1000.2,1000.2,1000.2,1000.2,0.0,3.73,3780.25,0
2023-11-07,2023-11-07 13:04:00,1000.2,1000.2,1000.2,1000.2,0.0,3.73,3780.25,0
2023-11-07,2023-11-07 13:05:00,1000.2,1000.2,1000.2,1000.2,0.0,3.73,3780.25,0
2023-11-07,2023-11-07 13:06:00,1000.2,1000.2,1000.2,1000.2,0.0,3.73,3780.25,0
2023-11-07,2023-11-07 13:07:00,1000.2,1000.2,1000.2,1000.2,0.0,3.73,3780.25,0
2023-11-07,2023-11-07 13:08:00,1000.2,1000.2,1000.2,1000.2,0.0,3.73,3780.25,0
2023-11-07,2023-11-07 13:09:00,1000.2,1000.2,1000.2,1000.2,0.0,3.73,3780.25,0
2023-11-07,2023-11-07 13:10:00,1000.2,1000.2,1000.2,1000.2,0.0,3.73,3780.25,0
2023-11-07,2023-11-07 13:11:00,1000.2,1000.2,1000.2,1000.2,0.0,3.73,3780.25,0
2023-11-07,2023-11-07 13:12:00,1000.2,1000.2,1000.2,1000.2,0.0,3.73,3780.25,0
2023-11-07,2023-11-07 13:13:00,1000.2,1000.2,1000.2,1000.2,0.0,3.73,3780.25,0
2023-11-07,2023-11-07 13:14:00,1000.2,1000.2,1000.2,1000.2,0.0,3.73,3780.25,0
2023-11-07,2023-11-07 13:15:00,1000.2,1000.2,1000.2,1000.2,0.0,3.73,3780.25,0
2023-11-07,2023-11-07 13:16:00,1000.2,1000.2,1000.2,1000.2,0.0,3.73,3780.25,0
2023-11-07,2023-11-07 13:17:00,1000.2,1000.2,1000.2,1000.2,0.0,3.73,3780.25,0
2023-11-07,2023-11-07 13:18:00,1000.2,1000.2,1000.2,1000.2,0.0,3.73,3780.25,0
2023-11-07,2023-11-07 13:19:00,1000.2,1000.2,1000.2,1000.2,0.0,3.73,3780.25,0
2023-11-07,2023-11-07 13:20:00,1000.2,1000.2,1000.2,1000.2,0.0,3.73,3780.25,0
2023-11-07,2023-11-07 13:21:00,1000.2,1000.2,1000.2,1000.2,0.0,3.73,3780.25,0
2023-11-07,2023-11-07 13:22:00,1000.2,1000.2,1000.2,1000.2,0.0,3.73,3780.25,0
2023-11-07,2023-11-07 13:23:00,1000.2,1000.2,1000.2,1000.2,0.0,3.73,3780.25,0
2023-11-07,2023-11-07 13:24:00,1000.2,1000.2,1000.2,1000.2,0.0,3.73,3780.25,0
2023-11-07,2023-11-07 13:25:00,1000.2,1000.2,1000.2,1000.2,0.0,3.73,3780.25,0
2023-11-07,2023-11-07 13:26:00,1000.2,1000.2,1000.2,1000.2,0.0,3.73,3780.25,0
2023-11-07,2023-11-07 13:27:00,1000.2,1000.2,1000.2,1000.2,0.0,3.73,3780.25,0
2023-11-07,2023-11-07 13:28:00,1000.2,1000.2,1000.2,1000.2,0.0,3.73,3780.25,0
2023-11-07,2023-11-07 13:29:00,1000.2,1000.2,1000.2,1000.2,0.0,3.73,3780.25,0
2023-11-07,2023-11-07 13:30:00,1000.2,1000.2,1000.2,1000.2,0.0,3.73,3780.25,0
2023-11-07,2023-11-07 13:31:00,1000.2,1000.2,1000.2,1000.2,0.0,3.73,3780.25,0
2023-11-07,2023-11-07 13:32:00,1000.2,1000.2,1000.2,1000.2,0.0,3.73,3780.25,0
2023-11-07,2023-11-07 13:33:00,1000.2,1000.2,1000.2,1000.2,0.0,3.73,3780.25,0
2023-11-07,2023-11-07 13:34:00,1000.2,1000.2,1000.2,1000.2,0.0,3.73,3780.25,0
2023-11-07,2023-11-07 13:35:00,1000.2,1000.2,1000.2,1000.2,0.0,3.73,3780.25,0
2023-11-07,2023-11-07 13:36:00,1000.2,1000.2,1000.2,1000.2,0.0,3.73,3780.25,0
2023-11-07,2023-11-07 13:37:00,1000.2,1000.2,1000.2,1000.2,0.0,3.73,3780.25,0
2023-11-07,2023-11-07 13:38:00,1000.2,1000.2,1000.2,1000.2,0.0,3.73,3780.25,0
2023-11-07,2023-11-07 13:39:00,1000.2,1000.2,1000.2,1000.2,0.0,3.73,3780.25,0
2023-11-07,2023-11-07 13:40:00,1000.2,1000.2,1000.2,1000.2,0.0,3.73,3780.25,0
2023-11-07,2023-11-07 13:41:00,1000.2,1000.2,1000.2,1000.2,0.0,3.73,3780.25,0
2023-11-07,2023-11-07 13:42:00,1000.2,1000.2,1000.2,1000.2,0.0,3.73,3780.25,0
2023-11-07,2023-11-07 13:43:00,1000.2,1000.2,1000.2,1000.2,0.0,3.73,3780.25,0
2023-11-07,2023-11-07 13:44:00,1000.2,1000.2,1000.2,1000.2,0.0,3.73,3780.25,0
2023-11-07,2023-11-07 13:45:00,1000.2,1000.2,1000.2,1000.2,0.0,3.73,3780.25,0
2023-11-07,2023-11-07 13:46:00,1000.2,1000.2,1000.2,1000.2,0.0,3.73,3780.25,0
2023-11-07,2023-11-07 13:47:00,1000.2,1000.2,1000.2,1000.2,0.0,3.73,3780.25,0
2023-11-07,2023-11-07 13:48:00,1000.2,1000.2,1000.2,1000.2,0.0,3.73,3780.25,0
2023-11-07,2023-11-07 13:49:00,1000.2,1000.2,1000.2,1000.2,0.0,3.73,3780.25,0
2023-11-07,2023-11-07 13:50:00,1000.2,1000.2,1000.2,1000.2,0.0,3.73,3780.25,0
2023-11-07,2023-11-07 13:51:00,1000.2,1000.2,1000.2,1000.2,0.0,3.73,3780.25,0
2023-11-07,2023-11-07 13:52:00,1000.2,1000.2,1000.2,1000.2,0.0,3.73,3780.25,0
2023-11-07,2023-11-07 13:53:00,1000.2,1000.2,1000.2,1000.2,0.0,3.73,3780.25,0
2023-11-07,2023-11-07 13:54:00,1000.2,1000.2,1000.2,1000.2,0.0,3.73,3780.25,0
2023-11-07,2023-11-07 13:55:00,1000.2,1000.2,1000.2,1000.2,0.0,3.73,3780.25,0
2023-11-07,2023-11-07 13:56:00,1000.2,1000.2,1000.2,1000.2,0.0,3.73,3780.25,0
2023-11-07,2023-11-07 13:57:00,1000.2,1000.2,1000.2,1000.2,0.0,3.73,3780.25,0
2023-11-07,2023-11-07 13:58:00,1000.2,1000.2,1000.2,1000.2,0.0,3.73,3780.25,0
2023-11-07,2023-11-07 13:59:00,1000.2,1000.2,1000.2,1000.2,0.0,3.73,3780.25,0
2023-11-07,2023-11-07 14:00:00,1000.2,1000.2,1000.2,1000.2,0.0,3.73,3780.25,0
2023-11-07,2023-11-07 14:01:00,1000.2,1000.2,1000.2,1000.2,0.0,3.73,3780.25,0
2023-11-07,2023-11-07 14:02:00,1000.2,1000.2,1000.2,1000.2,0.0,3.73,3780.25,0
2023-11-07,2023-11-07 14:03:00,1000.2,1000.2,1000.2,1000.2,0.0,3.73,3780.25,0
2023-11-07,2023-11-07 14:04:00,1000.2,1000.2,1000.2,1000.2,0.0,3.73,3780.25,0
2023-11-07,2023-11-07 14:05:00,1000.2,1000.2,1000.2,1000.2,0.0,3.73,3780.25,0
2023-11-07,2023-11-07 14:06:00,1000.2,1000.2,1000.2,1000.2,0.0,3.73,3780.25,0
2023-11-07,2023-11-07 14:07:00,1000.2,1000.2,1000.2,1000.2,0.0,3.73,3780.25,0
2023-11-07,2023-11-07 14:08:00,1000.2,1000.2,1000.2,1000.2,0.0,3.73,3780.25,0
2023-11-07,2023-11-07 14:09:00,1000.2,1000.2,1000.2,1000.2,0.0,3.73,3780.25,0
2023-11-07,2023-11-07 14:10:00,1000.2,1000.2,1000.2,1000.2,0.0,3.73,3780.25,0
2023-11-07,2023-11-07 14:11:00,1000.2,1000.2,1000.2,1000.2,0.0,3.73,3780.25,0
2023-11-07,2023-11-07 14:12:00,1000.2,1000.2,1000.2,1000.2,0.0,3.73,3780.25,0
2023-11-07,2023-11-07 14:13:00,1000.2,1000.2,1000.2,1000.2,0.0,3.73,3780.25,0
2023-11-07,2023-11-07 14:14:00,1000.2,1000.2,1000.2,1000.2,0.0,3.73,3780.25,0
2023-11-07,2023-11-07 14:15:00,1000.2,1000.2,1000.2,1000.2,0.0,3.73,3780.25,0
2023-11-07,2023-11-07 14:16:00,1000.2,1000.2,1000.2,1000.2,0.0,3.73,3780.25,0
2023-11-07,2023-11-07 14:17:00,1000.2,1000.2,1000.2,1000.2,0.0,3.73,3780.25,0
2023-11-07,2023-11-07 14:18:00,1000.2,1000.2,1000.2,1000.2,0.0,3.73,3780.25,0
2023-11-07,2023-11-07 14:19:00,1000.2,1000.2,1000.2,1000.2,0.0,3.73,3780.25,0
2023-11-07,2023-11-07 14:20:00,1000.2,1000.2,1000.2,1000.2,0.0,3.73,3780.25,0
2023-11-07,2023-11-07 14:21:00,1000.2,1000.2,1000.2,1000.2,0.0,3.73,3780.25,0
2023-11-07,2023-11-07 14:22:00,1000.2,1000.2,1000.2,1000.2,0.0,3.73,3780.25,0
2023-11-07,2023-11-07 14:23:00,1000.2,1000.2,1000.2,1000.2,0.0,3.73,3780.25,0
2023-11-07,2023-11-07 14:24:00,1000.2,1000.2,1000.2,1000.2,0.0,3.73,3780.25,0
2023-11-07,2023-11-07 14:25:00,1000.2,1000.2,1000.2,1000.2,0.0,3.73,3780.25,0
2023-11-07,2023-11-07 14:26:00,1000.2,1000.2,1000.2,1000.2,0.0,3.73,3780.25,0
2023-11-07,2023-11-07 14:27:00,1000.2,1000.2,1000.2,1000.2,0.0,3.73,3780.25,0
2023-11-07,2023-11-07 14:28:00,1000.2,1000.2,1000.2,1000.2,0.0,3.73,3780.25,0
2023-11-07,2023-11-07 14:29:00,1000.2,1000.2,1000.2,1000.2,0.0,3.73,3780.25,0
2023-11-07,2023-11-07 14:30:00,1000.2,1000.2,1000.2,1000.2,0.0,3.73,3780.25,0
2023-11-07,2023-11-07 14:31:00,1000.2,1000.2,1000.2,1000.2,0.0,3.73,3780.25,0
2023-11-07,2023-11-07 14:32:00,1000.2,1000.2,1000.2,1000.2,0.0,3.73,3780.25,0
2023-11-07,2023-11-07 14:33:00,1000.2,1000.2,1000.2,1000.2,0.0,3.73,3780.25,0
2023-11-07,2023-11-07 14:34:00,1000.2,1000.2,1000.2,1000.2,0.0,3.73,3780.25,0
2023-11-07,2023-11-07 14:35:00,1000.2,1000.2,1000.2,1000.2,0.0,3.73,3780.25,0
2023-11-07,2023-11-07 14:36:00,1000.2,1000.2,1000.2,1000.2,0.0,3.73,3780.25,0
2023-11-07,2023-11-07 14:37:00,1000.2,1000.2,1000.2,1000.2,0.0,3.73,3780.25,0
2023-11-07,2023-11-07 14:38:00,1000.2,1000.2,1000.2,1000.2,0.0,3.73,3780.25,0
2023-11-07,2023-11-07 14:39:00,1000.2,1000.2,1000.2,1000.2,0.0,3.73,3780.25,0
2023-11-07,2023-11-07 14:40:00,1000.2,1000.2,1000.2,1000.2,0.0,3.73,3780.25,0
2023-11-07,2023-11-07 14:41:00,1000.2,1000.2,1000.2,1000.2,0.0,3.73,3780.25,0
2023-11-07,2023-11-07 14:42:00,1000.2,1000.2,1000.2,1000.2,0.0,3.73,3780.25,0
2023-11-07,2023-11-07 14:43:00,1000.2,1000.2,1000.2,1000.2,0.0,3.73,3780.25,0
2023-11-07,2023-11-07 14:44:00,1000.2,1000.2,1000.2,1000.2,0.0,3.73,3780.25,0
2023-11-07,2023-11-07 14:45:00,1000.2,1000.2,1000.2,1000.2,0.0,3.73,3780.25,0
2023-11-07,2023-11-07 14:46:00,1000.2,1000.2,1000.2,1000.2,0.0,3.73,3780.25,0
2023-11-07,2023-11-07 14:47:00,1000.2,1000.2,1000.2,1000.2,0.0,3.73,3780.25,0
2023-11-07,2023-11-07 14:48:00,1000.2,1000.2,1000.2,1000.2,0.0,3.73,3780.25,0
2023-11-07,2023-11-07 14:49:00,1000.2,1000.2,1000.2,1000.2,0.0,3.73,3780.25,0
2023-11-07,2023-11-07 14:50:00,1000.2,1000.2,1000.2,1000.2,0.0,3.73,3780.25,0
2023-11-07,2023-11-07 14:51:00,1000.2,1000.2,1000.2,1000.2,0.0,3.73,3780.25,0
2023-11-07,2023-11-07 14:52:00,1000.2,1000.2,1000.2,1000.2,0.0,3.73,3780.25,0
2023-11-07,2023-11-07 14:53:00,1000.2,1000.2,1000.2,1000.2,0.0,3.73,3780.25,0
2023-11-07,2023-11-07 14:54:00,1000.2,1000.2,1000.2,1000.2,0.0,3.73,3780.25,0
2023-11-07,2023-11-07 14:55:00,1000.2,1000.2,1000.2,1000.2,0.0,3.73,3780.25,0
2023-11-07,2023-11-07 14:56:00,1000.2,1000.2,1000.2,1000.2,0.0,3.73,3780.25,0
2023-11-07,2023-11-07 14:57:00,1000.2,1000.2,1000.2,1000.2,0.0,3.73,3780.25,0
2023-11-07,2023-11-07 14:58:00,1000.2,1000.2,1000.2,1000.2,0.0,3.73,3780.25,0
2023-11-07,2023-11-07 14:59:00,1000.2,1000.2,1000.2,1000.2,0.0,3.73,3780.25,0
2023-11-07,2023-11-07 15:00:00,1000.2,1034.9,1000.2,1000.2,0.0,3.73,3780.25,0
2023-11-08,2023-11-08 11:00:00,990.1,1004.44,987.07,990.22,0.01,5.58,5674.07,1
2023-11-08,2023-11-08 11:01:00,990.22,990.33,990.22,990.33,0.01,5.58,5674.07,1
2023-11-08,2023-11-08 11:02:00,990.33,990.45,990.33,990.45,0.01,5.58,5674.07,1
2023-11-08,2023-11-08 11:03:00,990.45,990.57,990.45,990.57,0.01,5.58,5674.07,1
2023-11-08,2023-11-08 11:04:00,990.57,990.68,990.57,990.68,0.01,5.58,5674.07,1
2023-11-08,2023-11-08 11:05:00,990.68,990.8,990.68,990.8,0.01,5.58,5674.07,1
2023-11-08,2023-11-08 11:06:00,990.8,990.91,990.8,990.91,0.01,5.58,5674.07,1
2023-11-08,2023-11-08 11:07:00,990.91,991.03,990.91,991.03,0.01,5.58,5674.07,1
2023-11-08,2023-11-08 11:08:00,991.03,991.15,991.03,991.15,0.01,5.58,5674.07,1
2023-11-08,2023-11-08 11:09:00,991.15,991.26,991.15,991.26,0.01,5.58,5674.07,1
2023-11-08,2023-11-08 11:10:00,991.26,991.38,991.26,991.38,0.01,5.58,5674.07,1
2023-11-08,2023-11-08 11:11:00,991.38,991.5,991.38,991.5,0.01,5.58,5674.07,1
2023-11-08,2023-11-08 11:12:00,991.5,991.61,991.5,991.61,0.01,5.58,5674.07,1
2023-11-08,2023-11-08 11:13:00,991.61,991.73,991.61,991.73,0.01,5.58,5674.07,1
2023-11-08,2023-11-08 11:14:00,991.73,991.84,991.73,991.84,0.01,5.58,5674.07,1
2023-11-08,2023-11-08 11:15:00,991.84,991.96,991.84,991.96,0.01,5.58,5674.07,1
2023-11-08,2023-11-08 11:16:00,991.96,992.08,991.96,992.08,0.01,5.58,5674.07,1
2023-11-08,2023-11-08 11:17:00,992.08,992.19,992.08,992.19,0.01,5.58,5674.07,1
2023-11-08,2023-11-08 11:18:00,992.19,992.31,992.19,992.31,0.01,5.58,5674.07,1
2023-11-08,2023-11-08 11:19:00,992.31,992.43,992.31,992.43,0.01,5.58,5674.07,1
2023-11-08,2023-11-08 11:20:00,992.43,992.54,992.43,992.54,0.01,5.58,5674.07,1
2023-11-08,2023-11-08 11:21:00,992.54,992.66,992.54,992.66,0.01,5.58,5674.07,1
2023-11-08,2023-11-08 11:22:00,992.66,992.77,992.66,992.77,0.01,5.58,5674.07,1
2023-11-08,2023-11-08 11:23:00,992.77,992.89,992.77,992.89,0.01,5.58,5674.07,1
2023-11-08,2023-11-08 11:24:00,992.89,993.01,992.89,993.01,0.01,5.58,5674.07,1
2023-11-08,2023-11-08 11:25:00,993.01,993.12,993.01,993.12,0.01,5.58,5674.07,1
2023-11-08,2023-11-08 11:26:00,993.12,993.24,993.12,993.24,0.01,5.58,5674.07,1
2023-11-08,2023-11-08 11:27:00,993.24,993.36,993.24,993.36,0.01,5.58,5674.07,1
2023-11-08,2023-11-08 11:28:00,993.36,993.47,993.36,993.47,0.01,5.58,5674.07,1
2023-11-08,2023-11-08 11:29:00,993.47,993.59,993.47,993.59,0.01,5.58,5674.07,1
2023-11-08,2023-11-08 11:30:00,993.59,993.7,993.59,993.7,0.01,5.58,5674.07,1
2023-11-08,2023-11-08 11:31:00,993.7,993.82,993.7,993.82,0.01,5.58,5674.07,1
2023-11-08,2023-11-08 11:32:00,993.82,993.94,993.82,993.94,0.01,5.58,5674.07,1
2023-11-08,2023-11-08 11:33:00,993.94,994.05,993.94,994.05,0.01,5.58,5674.07,1
2023-11-08,2023-11-08 11:34:00,994.05,994.17,994.05,994.17,0.01,5.58,5674.07,1
2023-11-08,2023-11-08 11:35:00,994.17,994.28,994.17,994.28,0.01,5.58,5674.07,1
2023-11-08,2023-11-08 11:36:00,994.28,994.4,994.28,994.4,0.01,5.58,5674.07,1
2023-11-08,2023-11-08 11:37:00,994.4,994.52,994.4,994.52,0.01,5.58,5674.07,1
2023-11-08,2023-11-08 11:38:00,994.52,994.63,994.52,994.63,0.01,5.58,5674.07,1
2023-11-08,2023-11-08 11:39:00,994.63,994.75,994.63,994.75,0.01,5.58,5674.07,1
2023-11-08,2023-11-08 11:40:00,994.75,994.87,994.75,994.87,0.01,5.58,5674.07,1
2023-11-08,2023-11-08 11:41:00,994.87,994.98,994.87,994.98,0.01,5.58,5674.07,1
2023-11-08,2023-11-08 11:42:00,994.98,995.1,994.98,995.1,0.01,5.58,5674.07,1
2023-11-08,2023-11-08 11:43:00,995.1,995.22,995.1,995.22,0.01,5.58,5674.07,1
2023-11-08,2023-11-08 11:44:00,995.22,995.33,995.22,995.33,0.01,5.58,5674.07,1
2023-11-08,2023-11-08 11:45:00,995.33,995.45,995.33,995.45,0.01,5.58,5674.07,1
2023-11-08,2023-11-08 11:46:00,995.45,995.56,995.45,995.56,0.01,5.58,5674.07,1
2023-11-08,2023-11-08 11:47:00,995.56,995.68,995.56,995.68,0.01,5.58,5674.07,1
2023-11-08,2023-11-08 11:48:00,995.68,995.8,995.68,995.8,0.01,5.58,5674.07,1
2023-11-08,2023-11-08 11:49:00,995.8,995.91,995.8,995.91,0.01,5.58,5674.07,1
2023-11-08,2023-11-08 11:50:00,995.91,996.03,995.91,996.03,0.01,5.58,5674.07,1
2023-11-08,2023-11-08 11:51:00,996.03,996.14,996.03,996.14,0.01,5.58,5674.07,1
2023-11-08,2023-11-08 11:52:00,996.14,996.26,996.14,996.26,0.01,5.58,5674.07,1
2023-11-08,2023-11-08 11:53:00,996.26,996.38,996.26,996.38,0.01,5.58,5674.07,1
2023-11-08,2023-11-08 11:54:00,996.38,996.49,996.38,996.49,0.01,5.58,5674.07,1
2023-11-08,2023-11-08 11:55:00,996.49,996.61,996.49,996.61,0.01,5.58,5674.07,1
2023-11-08,2023-11-08 11:56:00,996.61,996.73,996.61,996.73,0.01,5.58,5674.07,1
2023-11-08,2023-11-08 11:57:00,996.73,996.84,996.73,996.84,0.01,5.58,5674.07,1
2023-11-08,2023-11-08 11:58:00,996.84,996.96,996.84,996.96,0.01,5.58,5674.07,1
2023-11-08,2023-11-08 11:59:00,996.96,997.08,996.96,997.08,0.01,5.58,5674.07,1
2023-11-08,2023-11-08 12:00:00,997.08,997.19,997.08,997.19,0.01,5.58,5674.07,1
2023-11-08,2023-11-08 12:01:00,997.19,997.31,997.19,997.31,0.01,5.58,5674.07,1
2023-11-08,2023-11-08 12:02:00,997.31,997.42,997.31,997.42,0.01,5.58,5674.07,1
2023-11-08,2023-11-08 12:03:00,997.42,997.54,997.42,997.54,0.01,5.58,5674.07,1
2023-11-08,2023-11-08 12:04:00,997.54,997.66,997.54,997.66,0.01,5.58,5674.07,1
2023-11-08,2023-11-08 12:05:00,997.66,997.77,997.66,997.77,0.01,5.58,5674.07,1
2023-11-08,2023-11-08 12:06:00,997.77,997.89,997.77,997.89,0.01,5.58,5674.07,1
2023-11-08,2023-11-08 12:07:00,997.89,998.0,997.89,998.0,0.01,5.58,5674.07,1
2023-11-08,2023-11-08 12:08:00,998.0,998.12,998.0,998.12,0.01,5.58,5674.07,1
2023-11-08,2023-11-08 12:09:00,998.12,998.24,998.12,998.24,0.01,5.58,5674.07,1
2023-11-08,2023-11-08 12:10:00,998.24,998.35,998.24,998.35,0.01,5.58,5674.07,1
2023-11-08,2023-11-08 12:11:00,998.35,998.47,998.35,998.47,0.01,5.58,5674.07,1
2023-11-08,2023-11-08 12:12:00,998.47,998.59,998.47,998.59,0.01,5.58,5674.07,1
2023-11-08,2023-11-08 12:13:00,998.59,998.7,998.59,998.7,0.01,5.58,5674.07,1
2023-11-08,2023-11-08 12:14:00,998.7,998.82,998.7,998.82,0.01,5.58,5674.07,1
2023-11-08,2023-11-08 12:15:00,998.82,998.94,998.82,998.94,0.01,5.58,5674.07,1
2023-11-08,2023-11-08 12:16:00,998.94,999.05,998.94,999.05,0.01,5.58,5674.07,1
2023-11-08,2023-11-08 12:17:00,999.05,999.17,999.05,999.17,0.01,5.58,5674.07,1
2023-11-08,2023-11-08 12:18:00,999.17,999.28,999.17,999.28,0.01,5.58,5674.07,1
2023-11-08,2023-11-08 12:19:00,999.28,999.4,999.28,999.4,0.01,5.58,5674.07,1
2023-11-08,2023-11-08 12:20:00,999.4,999.52,999.4,999.52,0.01,5.58,5674.07,1
2023-11-08,2023-11-08 12:21:00,999.52,999.63,999.52,999.63,0.01,5.58,5674.07,1
2023-11-08,2023-11-08 12:22:00,999.63,999.75,999.63,999.75,0.01,5.58,5674.07,1
2023-11-08,2023-11-08 12:23:00,999.75,999.87,999.75,999.87,0.01,5.58,5674.07,1
2023-11-08,2023-11-08 12:24:00,999.87,999.98,999.87,999.98,0.01,5.58,5674.07,1
2023-11-08,2023-11-08 12:25:00,999.98,1000.1,999.98,1000.1,0.01,5.58,5674.07,1
2023-11-08,2023-11-08 12:26:00,1000.1,1000.21,1000.1,1000.21,0.01,5.58,5674.07,1
2023-11-08,2023-11-08 12:27:00,1000.21,1000.33,1000.21,1000.33,0.01,5.58,5674.07,1
2023-11-08,2023-11-08 12:28:00,1000.33,1000.45,1000.33,1000.45,0.01,5.58,5674.07,1
2023-11-08,2023-11-08 12:29:00,1000.45,1000.56,1000.45,1000.56,0.01,5.58,5674.07,1
2023-11-08,2023-11-08 12:30:00,1000.56,1000.68,1000.56,1000.68,0.01,5.58,5674.07,1
2023-11-08,2023-11-08 12:31:00,1000.68,1000.79,1000.68,1000.79,0.01,5.58,5674.07,1
2023-11-08,2023-11-08 12:32:00,1000.79,1000.91,1000.79,1000.91,0.01,5.58,5674.07,1
2023-11-08,2023-11-08 12:33:00,1000.91,1001.03,1000.91,1001.03,0.01,5.58,5674.07,1
2023-11-08,2023-11-08 12:34:00,1001.03,1001.14,1001.03,1001.14,0.01,5.58,5674.07,1
2023-11-08,2023-11-08 12:35:00,1001.14,1001.26,1001.14,1001.26,0.01,5.58,5674.07,1
2023-11-08,2023-11-08 12:36:00,1001.26,1001.38,1001.26,1001.38,0.01,5.58,5674.07,1
2023-11-08,2023-11-08 12:37:00,1001.38,1001.49,1001.38,1001.49,0.01,5.58,5674.07,1
2023-11-08,2023-11-08 12:38:00,1001.49,1001.61,1001.49,1001.61,0.01,5.58,5674.07,1
2023-11-08,2023-11-08 12:39:00,1001.61,1001.73,1001.61,1001.73,0.01,5.58,5674.07,1
2023-11-08,2023-11-08 12:40:00,1001.73,1001.84,1001.73,1001.84,0.01,5.58,5674.07,1
2023-11-08,2023-11-08 12:41:00,1001.84,1001.96,1001.84,1001.96,0.01,5.58,5674.07,1
2023-11-08,2023-11-08 12:42:00,1001.96,1002.07,1001.96,1002.07,0.01,5.58,5674.07,1
2023-11-08,2023-11-08 12:43:00,1002.07,1002.19,1002.07,1002.19,0.01,5.58,5674.07,1
2023-11-08,2023-11-08 12:44:00,1002.19,1002.31,1002.19,1002.31,0.01,5.58,5674.07,1
2023-11-08,2023-11-08 12:45:00,1002.31,1002.42,1002.31,1002.42,0.01,5.58,5674.07,1
2023-11-08,2023-11-08 12:46:00,1002.42,1002.54,1002.42,1002.54,0.01,5.58,5674.07,1
2023-11-08,2023-11-08 12:47:00,1002.54,1002.65,1002.54,1002.65,0.01,5.58,5674.07,1
2023-11-08,2023-11-08 12:48:00,1002.65,1002.77,1002.65,1002.77,0.01,5.58,5674.07,1
2023-11-08,2023-11-08 12:49:00,1002.77,1002.89,1002.77,1002.89,0.01,5.58,5674.07,1
2023-11-08,2023-11-08 12:50:00,1002.89,1003.0,1002.89,1003.0,0.01,5.58,5674.07,1
2023-11-08,2023-11-08 12:51:00,1003.0,1003.12,1003.0,1003.12,0.01,5.58,5674.07,1
2023-11-08,2023-11-08 12:52:00,1003.12,1003.24,1003.12,1003.24,0.01,5.58,5674.07,1
2023-11-08,2023-11-08 12:53:00,1003.24,1003.35,1003.24,1003.35,0.01,5.58,5674.07,1
2023-11-08,2023-11-08 12:54:00,1003.35,1003.47,1003.35,1003.47,0.01,5.58,5674.07,1
2023-11-08,2023-11-08 12:55:00,1003.47,1003.59,1003.47,1003.59,0.01,5.58,5674.07,1
2023-11-08,2023-11-08 12:56:00,1003.59,1003.7,1003.59,1003.7,0.01,5.58,5674.07,1
2023-11-08,2023-11-08 12:57:00,1003.7,1003.82,1003.7,1003.82,0.01,5.58,5674.07,1
2023-11-08,2023-11-08 12:58:00,1003.82,1003.93,1003.82,1003.93,0.01,5.58,5674.07,1
2023-11-08,2023-11-08 12:59:00,1003.93,1004.05,1003.93,1004.05,0.01,5.58,5674.07,1
2023-11-08,2023-11-08 13:00:00,1004.05,1037.9,980.0,1004.17,0.01,5.58,5674.07,1
2023-11-08,2023-11-08 13:01:00,1004.17,1004.28,1004.17,1004.28,0.01,5.58,5674.07,1
2023-11-08,2023-11-08 13:02:00,1004.28,1004.4,1004.28,1004.4,0.01,5.58,5674.07,1
2023-11-08,2023-11-08 13:03:00,1004.4,1004.51,1004.4,1004.51,0.01,5.58,5674.07,1
2023-11-08,2023-11-08 13:04:00,1004.51,1004.63,1004.51,1004.63,0.01,5.58,5674.07,1
2023-11-08,2023-11-08 13:05:00,1004.63,1004.75,1004.63,1004.75,0.01,5.58,5674.07,1
2023-11-08,2023-11-08 13:06:00,1004.75,1004.86,1004.75,1004.86,0.01,5.58,5674.07,1
2023-11-08,2023-11-08 13:07:00,1004.86,1004.98,1004.86,1004.98,0.01,5.58,5674.07,1
2023-11-08,2023-11-08 13:08:00,1004.98,1005.1,1004.98,1005.1,0.01,5.58,5674.07,1
2023-11-08,2023-11-08 13:09:00,1005.1,1005.21,1005.1,1005.21,0.01,5.58,5674.07,1
2023-11-08,2023-11-08 13:10:00,1005.21,1005.33,1005.21,1005.33,0.01,5.58,5674.07,1
2023-11-08,2023-11-08 13:11:00,1005.33,1005.45,1005.33,1005.45,0.01,5.58,5674.07,1
2023-11-08,2023-11-08 13:12:00,1005.45,1005.56,1005.45,1005.56,0.01,5.58,5674.07,1
2023-11-08,2023-11-08 13:13:00,1005.56,1005.68,1005.56,1005.68,0.01,5.58,5674.07,1
2023-11-08,2023-11-08 13:14:00,1005.68,1005.79,1005.68,1005.79,0.01,5.58,5674.07,1
2023-11-08,2023-11-08 13:15:00,1005.79,1005.91,1005.79,1005.91,0.01,5.58,5674.07,1
2023-11-08,2023-11-08 13:16:00,1005.91,1006.03,1005.91,1006.03,0.01,5.58,5674.07,1
2023-11-08,2023-11-08 13:17:00,1006.03,1006.14,1006.03,1006.14,0.01,5.58,5674.07,1
2023-11-08,2023-11-08 13:18:00,1006.14,1006.26,1006.14,1006.26,0.01,5.58,5674.07,1
2023-11-08,2023-11-08 13:19:00,1006.26,1006.38,1006.26,1006.38,0.01,5.58,5674.07,1
2023-11-08,2023-11-08 13:20:00,1006.38,1006.49,1006.38,1006.49,0.01,5.58,5674.07,1
2023-11-08,2023-11-08 13:21:00,1006.49,1006.61,1006.49,1006.61,0.01,5.58,5674.07,1
2023-11-08,2023-11-08 13:22:00,1006.61,1006.72,1006.61,1006.72,0.01,5.58,5674.07,1
2023-11-08,2023-11-08 13:23:00,1006.72,1006.84,1006.72,1006.84,0.01,5.58,5674.07,1
2023-11-08,2023-11-08 13:24:00,1006.84,1006.96,1006.84,1006.96,0.01,5.58,5674.07,1
2023-11-08,2023-11-08 13:25:00,1006.96,1007.07,1006.96,1007.07,0.01,5.58,5674.07,1
2023-11-08,2023-11-08 13:26:00,1007.07,1007.19,1007.07,1007.19,0.01,5.58,5674.07,1
2023-11-08,2023-11-08 13:27:00,1007.19,1007.31,1007.19,1007.31,0.01,5.58,5674.07,1
2023-11-08,2023-11-08 13:28:00,1007.31,1007.42,1007.31,1007.42,0.01,5.58,5674.07,1
2023-11-08,2023-11-08 13:29:00,1007.42,1007.54,1007.42,1007.54,0.01,5.58,5674.07,1
2023-11-08,2023-11-08 13:30:00,1007.54,1007.65,1007.54,1007.65,0.01,5.58,5674.07,1
2023-11-08,2023-11-08 13:31:00,1007.65,1007.77,1007.65,1007.77,0.01,5.58,5674.07,1
2023-11-08,2023-11-08 13:32:00,1007.77,1007.89,1007.77,1007.89,0.01,5.58,5674.07,1
2023-11-08,2023-11-08 13:33:00,1007.89,1008.0,1007.89,1008.0,0.01,5.58,5674.07,1
2023-11-08,2023-11-08 13:34:00,1008.0,1008.12,1008.0,1008.12,0.01,5.58,5674.07,1
2023-11-08,2023-11-08 13:35:00,1008.12,1008.24,1008.12,1008.24,0.01,5.58,5674.07,1
2023-11-08,2023-11-08 13:36:00,1008.24,1008.35,1008.24,1008.35,0.01,5.58,5674.07,1
2023-11-08,2023-11-08 13:37:00,1008.35,1008.47,1008.35,1008.47,0.01,5.58,5674.07,1
2023-11-08,2023-11-08 13:38:00,1008.47,1008.58,1008.47,1008.58,0.01,5.58,5674.07,1
2023-11-08,2023-11-08 13:39:00,1008.58,1008.7,1008.58,1008.7,0.01,5.58,5674.07,1
2023-11-08,2023-11-08 13:40:00,1008.7,1008.82,1008.7,1008.82,0.01,5.58,5674.07,1
2023-11-08,2023-11-08 13:41:00,1008.82,1008.93,1008.82,1008.93,0.01,5.58,5674.07,1
2023-11-08,2023-11-08 13:42:00,1008.93,1009.05,1008.93,1009.05,0.01,5.58,5674.07,1
2023-11-08,2023-11-08 13:43:00,1009.05,1009.16,1009.05,1009.16,0.01,5.58,5674.07,1
2023-11-08,2023-11-08 13:44:00,1009.16,1009.28,1009.16,1009.28,0.01,5.58,5674.07,1
2023-11-08,2023-11-08 13:45:00,1009.28,1009.4,1009.28,1009.4,0.01,5.58,5674.07,1
2023-11-08,2023-11-08 13:46:00,1009.4,1009.51,1009.4,1009.51,0.01,5.58,5674.07,1
2023-11-08,2023-11-08 13:47:00,1009.51,1009.63,1009.51,1009.63,0.01,5.58,5674.07,1
2023-11-08,2023-11-08 13:48:00,1009.63,1009.75,1009.63,1009.75,0.01,5.58,5674.07,1
2023-11-08,2023-11-08 13:49:00,1009.75,1009.86,1009.75,1009.86,0.01,5.58,5674.07,1
2023-11-08,2023-11-08 13:50:00,1009.86,1009.98,1009.86,1009.98,0.01,5.58,5674.07,1
2023-11-08,2023-11-08 13:51:00,1009.98,1010.1,1009.98,1010.1,0.01,5.58,5674.07,1
2023-11-08,2023-11-08 13:52:00,1010.1,1010.21,1010.1,1010.21,0.01,5.58,5674.07,1
2023-11-08,2023-11-08 13:53:00,1010.21,1010.33,1010.21,1010.33,0.01,5.58,5674.07,1
2023-11-08,2023-11-08 13:54:00,1010.33,1010.44,1010.33,1010.44,0.01,5.58,5674.07,1
2023-11-08,2023-11-08 13:55:00,1010.44,1010.56,1010.44,1010.56,0.01,5.58,5674.07,1
2023-11-08,2023-11-08 13:56:00,1010.56,1010.68,1010.56,1010.68,0.01,5.58,5674.07,1
2023-11-08,2023-11-08 13:57:00,1010.68,1010.79,1010.68,1010.79,0.01,5.58,5674.07,1
2023-11-08,2023-11-08 13:58:00,1010.79,1010.91,1010.79,1010.91,0.01,5.58,5674.07,1
2023-11-08,2023-11-08 13:59:00,1010.91,1011.02,1010.91,1011.02,0.01,5.58,5674.07,1
2023-11-08,2023-11-08 14:00:00,1011.02,1011.14,1011.02,1011.14,0.01,5.58,5674.07,1
2023-11-08,2023-11-08 14:01:00,1011.14,1011.26,1011.14,1011.26,0.01,5.58,5674.07,1
2023-11-08,2023-11-08 14:02:00,1011.26,1011.37,1011.26,1011.37,0.01,5.58,5674.07,1
2023-11-08,2023-11-08 14:03:00,1011.37,1011.49,1011.37,1011.49,0.01,5.58,5674.07,1
2023-11-08,2023-11-08 14:04:00,1011.49,1011.61,1011.49,1011.61,0.01,5.58,5674.07,1
2023-11-08,2023-11-08 14:05:00,1011.61,1011.72,1011.61,1011.72,0.01,5.58,5674.07,1
2023-11-08,2023-11-08 14:06:00,1011.72,1011.84,1011.72,1011.84,0.01,5.58,5674.07,1
2023-11-08,2023-11-08 14:07:00,1011.84,1011.96,1011.84,1011.96,0.01,5.58,5674.07,1
2023-11-08,2023-11-08 14:08:00,1011.96,1012.07,1011.96,1012.07,0.01,5.58,5674.07,1
2023-11-08,2023-11-08 14:09:00,1012.07,1012.19,1012.07,1012.19,0.01,5.58,5674.07,1
2023-11-08,2023-11-08 14:10:00,1012.19,1012.3,1012.19,1012.3,0.01,5.58,5674.07,1
2023-11-08,2023-11-08 14:11:00,1012.3,1012.42,1012.3,1012.42,0.01,5.58,5674.07,1
2023-11-08,2023-11-08 14:12:00,1012.42,1012.54,1012.42,1012.54,0.01,5.58,5674.07,1
2023-11-08,2023-11-08 14:13:00,1012.54,1012.65,1012.54,1012.65,0.01,5.58,5674.07,1
2023-11-08,2023-11-08 14:14:00,1012.65,1012.77,1012.65,1012.77,0.01,5.58,5674.07,1
2023-11-08,2023-11-08 14:15:00,1012.77,1012.88,1012.77,1012.88,0.01,5.58,5674.07,1
2023-11-08,2023-11-08 14:16:00,1012.88,1013.0,1012.88,1013.0,0.01,5.58,5674.07,1
2023-11-08,2023-11-08 14:17:00,1013.0,1013.12,1013.0,1013.12,0.01,5.58,5674.07,1
2023-11-08,2023-11-08 14:18:00,1013.12,1013.23,1013.12,1013.23,0.01,5.58,5674.07,1
2023-11-08,2023-11-08 14:19:00,1013.23,1013.35,1013.23,1013.35,0.01,5.58,5674.07,1
2023-11-08,2023-11-08 14:20:00,1013.35,1013.47,1013.35,1013.47,0.01,5.58,5674.07,1
2023-11-08,2023-11-08 14:21:00,1013.47,1013.58,1013.47,1013.58,0.01,5.58,5674.07,1
2023-11-08,2023-11-08 14:22:00,1013.58,1013.7,1013.58,1013.7,0.01,5.58,5674.07,1
2023-11-08,2023-11-08 14:23:00,1013.7,1013.82,1013.7,1013.82,0.01,5.58,5674.07,1
2023-11-08,2023-11-08 14:24:00,1013.82,1013.93,1013.82,1013.93,0.01,5.58,5674.07,1
2023-11-08,2023-11-08 14:25:00,1013.93,1014.05,1013.93,1014.05,0.01,5.58,5674.07,1
2023-11-08,2023-11-08 14:26:00,1014.05,1014.16,1014.05,1014.16,0.01,5.58,5674.07,1
2023-11-08,2023-11-08 14:27:00,1014.16,1014.28,1014.16,1014.28,0.01,5.58,5674.07,1
2023-11-08,2023-11-08 14:28:00,1014.28,1014.4,1014.28,1014.4,0.01,5.58,5674.07,1
2023-11-08,2023-11-08 14:29:00,1014.4,1014.51,1014.4,1014.51,0.01,5.58,5674.07,1
2023-11-08,2023-11-08 14:30:00,1014.51,1014.63,1014.51,1014.63,0.01,5.58,5674.07,1
2023-11-08,2023-11-08 14:31:00,1014.63,1014.75,1014.63,1014.75,0.01,5.58,5674.07,1
2023-11-08,2023-11-08 14:32:00,1014.75,1014.86,1014.75,1014.86,0.01,5.58,5674.07,1
2023-11-08,2023-11-08 14:33:00,1014.86,1014.98,1014.86,1014.98,0.01,5.58,5674.07,1
2023-11-08,2023-11-08 14:34:00,1014.98,1015.09,1014.98,1015.09,0.01,5.58,5674.07,1
2023-11-08,2023-11-08 14:35:00,1015.09,1015.21,1015.09,1015.21,0.01,5.58,5674.07,1
2023-11-08,2023-11-08 14:36:00,1015.21,1015.33,1015.21,1015.33,0.01,5.58,5674.07,1
2023-11-08,2023-11-08 14:37:00,1015.33,1015.44,1015.33,1015.44,0.01,5.58,5674.07,1
2023-11-08,2023-11-08 14:38:00,1015.44,1015.56,1015.44,1015.56,0.01,5.58,5674.07,1
2023-11-08,2023-11-08 14:39:00,1015.56,1015.67,1015.56,1015.67,0.01,5.58,5674.07,1
2023-11-08,2023-11-08 14:40:00,1015.67,1015.79,1015.67,1015.79,0.01,5.58,5674.07,1
2023-11-08,2023-11-08 14:41:00,1015.79,1015.91,1015.79,1015.91,0.01,5.58,5674.07,1
2023-11-08,2023-11-08 14:42:00,1015.91,1016.02,1015.91,1016.02,0.01,5.58,5674.07,1
2023-11-08,2023-11-08 14:43:00,1016.02,1016.14,1016.02,1016.14,0.01,5.58,5674.07,1
2023-11-08,2023-11-08 14:44:00,1016.14,1016.26,1016.14,1016.26,0.01,5.58,5674.07,1
2023-11-08,2023-11-08 14:45:00,1016.26,1016.37,1016.26,1016.37,0.01,5.58,5674.07,1
2023-11-08,2023-11-08 14:46:00,1016.37,1016.49,1016.37,1016.49,0.01,5.58,5674.07,1
2023-11-08,2023-11-08 14:47:00,1016.49,1016.61,1016.49,1016.61,0.01,5.58,5674.07,1
2023-11-08,2023-11-08 14:48:00,1016.61,1016.72,1016.61,1016.72,0.01,5.58,5674.07,1
2023-11-08,2023-11-08 14:49:00,1016.72,1016.84,1016.72,1016.84,0.01,5.58,5674.07,1
2023-11-08,2023-11-08 14:50:00,1016.84,1016.95,1016.84,1016.95,0.01,5.58,5674.07,1
2023-11-08,2023-11-08 14:51:00,1016.95,1017.07,1016.95,1017.07,0.01,5.58,5674.07,1
2023-11-08,2023-11-08 14:52:00,1017.07,1017.19,1017.07,1017.19,0.01,5.58,5674.07,1
2023-11-08,2023-11-08 14:53:00,1017.19,1017.3,1017.19,1017.3,0.01,5.58,5674.07,1
2023-11-08,2023-11-08 14:54:00,1017.3,1017.42,1017.3,1017.42,0.01,5.58,5674.07,1
2023-11-08,2023-11-08 14:55:00,1017.42,1017.53,1017.42,1017.53,0.01,5.58,5674.07,1
2023-11-08,2023-11-08 14:56:00,1017.53,1017.65,1017.53,1017.65,0.01,5.58,5674.07,1
2023-11-08,2023-11-08 14:57:00,1017.65,1017.77,1017.65,1017.77,0.01,5.58,5674.07,1
2023-11-08,2023-11-08 14:58:00,1017.77,1017.88,1017.77,1017.88,0.01,5.58,5674.07,1
2023-11-08,2023-11-08 14:59:00,1017.88,1018.0,1017.88,1018.0,0.01,5.58,5674.07,1
2023-11-08,2023-11-08 15:00:00,1018.0,1037.9,980.0,1018.0,0.0,5.58,5674.07,0
2023-11-09,2023-11-09 11:00:00,1000.0,1006.0,997.0,1000.08,0.01,6.08,6101.31,1
2023-11-09,2023-11-09 11:01:00,1000.08,1000.17,1000.08,1000.17,0.01,6.08,6101.31,1
2023-11-09,2023-11-09 11:02:00,1000.17,1000.25,1000.17,1000.25,0.01,6.08,6101.31,1
2023-11-09,2023-11-09 11:03:00,1000.25,1000.33,1000.25,1000.33,0.01,6.08,6101.31,1
2023-11-09,2023-11-09 11:04:00,1000.33,1000.42,1000.33,1000.42,0.01,6.08,6101.31,1
2023-11-09,2023-11-09 11:05:00,1000.42,1000.5,1000.42,1000.5,0.01,6.08,6101.31,1
2023-11-09,2023-11-09 11:06:00,1000.5,1000.58,1000.5,1000.58,0.01,6.08,6101.31,1
2023-11-09,2023-11-09 11:07:00,1000.58,1000.67,1000.58,1000.67,0.01,6.08,6101.31,1
2023-11-09,2023-11-09 11:08:00,1000.67,1000.75,1000.67,1000.75,0.01,6.08,6101.31,1
2023-11-09,2023-11-09 11:09:00,1000.75,1000.83,1000.75,1000.83,0.01,6.08,6101.31,1
2023-11-09,2023-11-09 11:10:00,1000.83,1000.92,1000.83,1000.92,0.01,6.08,6101.31,1
2023-11-09,2023-11-09 11:11:00,1000.92,1001.0,1000.92,1001.0,0.01,6.08,6101.31,1
2023-11-09,2023-11-09 11:12:00,1001.0,1001.08,1001.0,1001.08,0.01,6.08,6101.31,1
2023-11-09,2023-11-09 11:13:00,1001.08,1001.17,1001.08,1001.17,0.01,6.08,6101.31,1
2023-11-09,2023-11-09 11:14:00,1001.17,1001.25,1001.17,1001.25,0.01,6.08,6101.31,1
2023-11-09,2023-11-09 11:15:00,1001.25,1001.33,1001.25,1001.33,0.01,6.08,6101.31,1
2023-11-09,2023-11-09 11:16:00,1001.33,1001.42,1001.33,1001.42,0.01,6.08,6101.31,1
2023-11-09,2023-11-09 11:17:00,1001.42,1001.5,1001.42,1001.5,0.01,6.08,6101.31,1
2023-11-09,2023-11-09 11:18:00,1001.5,1001.58,1001.5,1001.58,0.01,6.08,6101.31,1
2023-11-09,2023-11-09 11:19:00,1001.58,1001.67,1001.58,1001.67,0.01,6.08,6101.31,1
2023-11-09,2023-11-09 11:20:00,1001.67,1001.75,1001.67,1001.75,0.01,6.08,6101.31,1
2023-11-09,2023-11-09 11:21:00,1001.75,1001.83,1001.75,1001.83,0.01,6.08,6101.31,1
2023-11-09,2023-11-09 11:22:00,1001.83,1001.92,1001.83,1001.92,0.01,6.08,6101.31,1
2023-11-09,2023-11-09 11:23:00,1001.92,1002.0,1001.92,1002.0,0.01,6.08,6101.31,1
2023-11-09,2023-11-09 11:24:00,1002.0,1002.08,1002.0,1002.08,0.01,6.08,6101.31,1
2023-11-09,2023-11-09 11:25:00,1002.08,1002.17,1002.08,1002.17,0.01,6.08,6101.31,1
2023-11-09,2023-11-09 11:26:00,1002.17,1002.25,1002.17,1002.25,0.01,6.08,6101.31,1
2023-11-09,2023-11-09 11:27:00,1002.25,1002.33,1002.25,1002.33,0.01,6.08,6101.31,1
2023-11-09,2023-11-09 11:28:00,1002.33,1002.42,1002.33,1002.42,0.01,6.08,6101.31,1
2023-11-09,2023-11-09 11:29:00,1002.42,1002.5,1002.42,1002.5,0.01,6.08,6101.31,1
2023-11-09,2023-11-09 11:30:00,1002.5,1002.58,1002.5,1002.58,0.01,6.08,6101.31,1
2023-11-09,2023-11-09 11:31:00,1002.58,1002.67,1002.58,1002.67,0.01,6.08,6101.31,1
2023-11-09,2023-11-09 11:32:00,1002.67,1002.75,1002.67,1002.75,0.01,6.08,6101.31,1
2023-11-09,2023-11-09 11:33:00,1002.75,1002.83,1002.75,1002.83,0.01,6.08,6101.31,1
2023-11-09,2023-11-09 11:34:00,1002.83,1002.92,1002.83,1002.92,0.01,6.08,6101.31,1
2023-11-09,2023-11-09 11:35:00,1002.92,1003.0,1002.92,1003.0,0.01,6.08,6101.31,1
2023-11-09,2023-11-09 11:36:00,1003.0,1003.08,1003.0,1003.08,0.01,6.08,6101.31,1
2023-11-09,2023-11-09 11:37:00,1003.08,1003.17,1003.08,1003.17,0.01,6.08,6101.31,1
2023-11-09,2023-11-09 11:38:00,1003.17,1003.25,1003.17,1003.25,0.01,6.08,6101.31,1
2023-11-09,2023-11-09 11:39:00,1003.25,1003.33,1003.25,1003.33,0.01,6.08,6101.31,1
2023-11-09,2023-11-09 11:40:00,1003.33,1003.42,1003.33,1003.42,0.01,6.08,6101.31,1
2023-11-09,2023-11-09 11:41:00,1003.42,1003.5,1003.42,1003.5,0.01,6.08,6101.31,1
2023-11-09,2023-11-09 11:42:00,1003.5,1003.58,1003.5,1003.58,0.01,6.08,6101.31,1
2023-11-09,2023-11-09 11:43:00,1003.58,1003.67,1003.58,1003.67,0.01,6.08,6101.31,1
2023-11-09,2023-11-09 11:44:00,1003.67,1003.75,1003.67,1003.75,0.01,6.08,6101.31,1
2023-11-09,2023-11-09 11:45:00,1003.75,1003.83,1003.75,1003.83,0.01,6.08,6101.31,1
2023-11-09,2023-11-09 11:46:00,1003.83,1003.92,1003.83,1003.92,0.01,6.08,6101.31,1
2023-11-09,2023-11-09 11:47:00,1003.92,1004.0,1003.92,1004.0,0.01,6.08,6101.31,1
2023-11-09,2023-11-09 11:48:00,1004.0,1004.08,1004.0,1004.08,0.01,6.08,6101.31,1
2023-11-09,2023-11-09 11:49:00,1004.08,1004.17,1004.08,1004.17,0.01,6.08,6101.31,1
2023-11-09,2023-11-09 11:50:00,1004.17,1004.25,1004.17,1004.25,0.01,6.08,6101.31,1
2023-11-09,2023-11-09 11:51:00,1004.25,1004.33,1004.25,1004.33,0.01,6.08,6101.31,1
2023-11-09,2023-11-09 11:52:00,1004.33,1004.42,1004.33,1004.42,0.01,6.08,6101.31,1
2023-11-09,2023-11-09 11:53:00,1004.42,1004.5,1004.42,1004.5,0.01,6.08,6101.31,1
2023-11-09,2023-11-09 11:54:00,1004.5,1004.58,1004.5,1004.58,0.01,6.08,6101.31,1
2023-11-09,2023-11-09 11:55:00,1004.58,1004.67,1004.58,1004.67,0.01,6.08,6101.31,1
2023-11-09,2023-11-09 11:56:00,1004.67,1004.75,1004.67,1004.75,0.01,6.08,6101.31,1
2023-11-09,2023-11-09 11:57:00,1004.75,1004.83,1004.75,1004.83,0.01,6.08,6101.31,1
2023-11-09,2023-11-09 11:58:00,1004.83,1004.92,1004.83,1004.92,0.01,6.08,6101.31,1
2023-11-09,2023-11-09 11:59:00,1004.92,1005.0,1004.92,1005.0,0.01,6.08,6101.31,1
2023-11-09,2023-11-09 12:00:00,1005.0,1005.08,1005.0,1005.08,0.01,6.08,6101.31,1
2023-11-09,2023-11-09 12:01:00,1005.08,1005.17,1005.08,1005.17,0.01,6.08,6101.31,1
2023-11-09,2023-11-09 12:02:00,1005.17,1005.25,1005.17,1005.25,0.01,6.08,6101.31,1
2023-11-09,2023-11-09 12:03:00,1005.25,1005.33,1005.25,1005.33,0.01,6.08,6101.31,1
2023-11-09,2023-11-09 12:04:00,1005.33,1005.42,1005.33,1005.42,0.01,6.08,6101.31,1
2023-11-09,2023-11-09 12:05:00,1005.42,1005.5,1005.42,1005.5,0.01,6.08,6101.31,1
2023-11-09,2023-11-09 12:06:00,1005.5,1005.58,1005.5,1005.58,0.01,6.08,6101.31,1
2023-11-09,2023-11-09 12:07:00,1005.58,1005.67,1005.58,1005.67,0.01,6.08,6101.31,1
2023-11-09,2023-11-09 12:08:00,1005.67,1005.75,1005.67,1005.75,0.01,6.08,6101.31,1
2023-11-09,2023-11-09 12:09:00,1005.75,1005.83,1005.75,1005.83,0.01,6.08,6101.31,1
2023-11-09,2023-11-09 12:10:00,1005.83,1005.92,1005.83,1005.92,0.01,6.08,6101.31,1
2023-11-09,2023-11-09 12:11:00,1005.92,1006.0,1005.92,1006.0,0.01,6.08,6101.31,1
2023-11-09,2023-11-09 12:12:00,1006.0,1006.08,1006.0,1006.08,0.01,6.08,6101.31,1
2023-11-09,2023-11-09 12:13:00,1006.08,1006.17,1006.08,1006.17,0.01,6.08,6101.31,1
2023-11-09,2023-11-09 12:14:00,1006.17,1006.25,1006.17,1006.25,0.01,6.08,6101.31,1
2023-11-09,2023-11-09 12:15:00,1006.25,1006.33,1006.25,1006.33,0.01,6.08,6101.31,1
2023-11-09,2023-11-09 12:16:00,1006.33,1006.42,1006.33,1006.42,0.01,6.08,6101.31,1
2023-11-09,2023-11-09 12:17:00,1006.42,1006.5,1006.42,1006.5,0.01,6.08,6101.31,1
2023-11-09,2023-11-09 12:18:00,1006.5,1006.58,1006.5,1006.58,0.01,6.08,6101.31,1
2023-11-09,2023-11-09 12:19:00,1006.58,1006.67,1006.58,1006.67,0.01,6.08,6101.31,1
2023-11-09,2023-11-09 12:20:00,1006.67,1006.75,1006.67,1006.75,0.01,6.08,6101.31,1
2023-11-09,2023-11-09 12:21:00,1006.75,1006.83,1006.75,1006.83,0.01,6.08,6101.31,1
2023-11-09,2023-11-09 12:22:00,1006.83,1006.92,1006.83,1006.92,0.01,6.08,6101.31,1
2023-11-09,2023-11-09 12:23:00,1006.92,1007.0,1006.92,1007.0,0.01,6.08,6101.31,1
2023-11-09,2023-11-09 12:24:00,1007.0,1007.08,1007.0,1007.08,0.01,6.08,6101.31,1
2023-11-09,2023-11-09 12:25:00,1007.08,1007.17,1007.08,1007.17,0.01,6.08,6101.31,1
2023-11-09,2023-11-09 12:26:00,1007.17,1007.25,1007.17,1007.25,0.01,6.08,6101.31,1
2023-11-09,2023-11-09 12:27:00,1007.25,1007.33,1007.25,1007.33,0.01,6.08,6101.31,1
2023-11-09,2023-11-09 12:28:00,1007.33,1007.42,1007.33,1007.42,0.01,6.08,6101.31,1
2023-11-09,2023-11-09 12:29:00,1007.42,1007.5,1007.42,1007.5,0.01,6.08,6101.31,1
2023-11-09,2023-11-09 12:30:00,1007.5,1007.58,1007.5,1007.58,0.01,6.08,6101.31,1
2023-11-09,2023-11-09 12:31:00,1007.58,1007.67,1007.58,1007.67,0.01,6.08,6101.31,1
2023-11-09,2023-11-09 12:32:00,1007.67,1007.75,1007.67,1007.75,0.01,6.08,6101.31,1
2023-11-09,2023-11-09 12:33:00,1007.75,1007.83,1007.75,1007.83,0.01,6.08,6101.31,1
2023-11-09,2023-11-09 12:34:00,1007.83,1007.92,1007.83,1007.92,0.01,6.08,6101.31,1
2023-11-09,2023-11-09 12:35:00,1007.92,1008.0,1007.92,1008.0,0.01,6.08,6101.31,1
2023-11-09,2023-11-09 12:36:00,1008.0,1008.08,1008.0,1008.08,0.01,6.08,6101.31,1
2023-11-09,2023-11-09 12:37:00,1008.08,1008.17,1008.08,1008.17,0.01,6.08,6101.31,1
2023-11-09,2023-11-09 12:38:00,1008.17,1008.25,1008.17,1008.25,0.01,6.08,6101.31,1
2023-11-09,2023-11-09 12:39:00,1008.25,1008.33,1008.25,1008.33,0.01,6.08,6101.31,1
2023-11-09,2023-11-09 12:40:00,1008.33,1008.42,1008.33,1008.42,0.01,6.08,6101.31,1
2023-11-09,2023-11-09 12:41:00,1008.42,1008.5,1008.42,1008.5,0.01,6.08,6101.31,1
2023-11-09,2023-11-09 12:42:00,1008.5,1008.58,1008.5,1008.58,0.01,6.08,6101.31,1
2023-11-09,2023-11-09 12:43:00,1008.58,1008.67,1008.58,1008.67,0.01,6.08,6101.31,1
2023-11-09,2023-11-09 12:44:00,1008.67,1008.75,1008.67,1008.75,0.01,6.08,6101.31,1
2023-11-09,2023-11-09 12:45:00,1008.75,1008.83,1008.75,1008.83,0.01,6.08,6101.31,1
2023-11-09,2023-11-09 12:46:00,1008.83,1008.92,1008.83,1008.92,0.01,6.08,6101.31,1
2023-11-09,2023-11-09 12:47:00,1008.92,1009.0,1008.92,1009.0,0.01,6.08,6101.31,1
2023-11-09,2023-11-09 12:48:00,1009.0,1009.08,1009.0,1009.08,0.01,6.08,6101.31,1
2023-11-09,2023-11-09 12:49:00,1009.08,1009.17,1009.08,1009.17,0.01,6.08,6101.31,1
2023-11-09,2023-11-09 12:50:00,1009.17,1009.25,1009.17,1009.25,0.01,6.08,6101.31,1
2023-11-09,2023-11-09 12:51:00,1009.25,1009.33,1009.25,1009.33,0.01,6.08,6101.31,1
2023-11-09,2023-11-09 12:52:00,1009.33,1009.42,1009.33,1009.42,0.01,6.08,6101.31,1
2023-11-09,2023-11-09 12:53:00,1009.42,1009.5,1009.42,1009.5,0.01,6.08,6101.31,1
2023-11-09,2023-11-09 12:54:00,1009.5,1009.58,1009.5,1009.58,0.01,6.08,6101.31,1
2023-11-09,2023-11-09 12:55:00,1009.58,1009.67,1009.58,1009.67,0.01,6.08,6101.31,1
2023-11-09,2023-11-09 12:56:00,1009.67,1009.75,1009.67,1009.75,0.01,6.08,6101.31,1
2023-11-09,2023-11-09 12:57:00,1009.75,1009.83,1009.75,1009.83,0.01,6.08,6101.31,1
2023-11-09,2023-11-09 12:58:00,1009.83,1009.92,1009.83,1009.92,0.01,6.08,6101.31,1
2023-11-09,2023-11-09 12:59:00,1009.92,1010.0,1009.92,1010.0,0.01,6.08,6101.31,1
2023-11-09,2023-11-09 13:00:00,1010.0,1020.0,990.0,1010.08,0.01,6.08,6101.31,1
2023-11-09,2023-11-09 13:01:00,1010.08,1010.17,1010.08,1010.17,0.01,6.08,6101.31,1
2023-11-09,2023-11-09 13:02:00,1010.17,1010.25,1010.17,1010.25,0.01,6.08,6101.31,1
2023-11-09,2023-11-09 13:03:00,1010.25,1010.33,1010.25,1010.33,0.01,6.08,6101.31,1
2023-11-09,2023-11-09 13:04:00,1010.33,1010.42,1010.33,1010.42,0.01,6.08,6101.31,1
2023-11-09,2023-11-09 13:05:00,1010.42,1010.5,1010.42,1010.5,0.01,6.08,6101.31,1
2023-11-09,2023-11-09 13:06:00,1010.5,1010.58,1010.5,1010.58,0.01,6.08,6101.31,1
2023-11-09,2023-11-09 13:07:00,1010.58,1010.67,1010.58,1010.67,0.01,6.08,6101.31,1
2023-11-09,2023-11-09 13:08:00,1010.67,1010.75,1010.67,1010.75,0.01,6.08,6101.31,1
2023-11-09,2023-11-09 13:09:00,1010.75,1010.83,1010.75,1010.83,0.01,6.08,6101.31,1
2023-11-09,2023-11-09 13:10:00,1010.83,1010.92,1010.83,1010.92,0.01,6.08,6101.31,1
2023-11-09,2023-11-09 13:11:00,1010.92,1011.0,1010.92,1011.0,0.01,6.08,6101.31,1
2023-11-09,2023-11-09 13:12:00,1011.0,1011.08,1011.0,1011.08,0.01,6.08,6101.31,1
2023-11-09,2023-11-09 13:13:00,1011.08,1011.17,1011.08,1011.17,0.01,6.08,6101.31,1
2023-11-09,2023-11-09 13:14:00,1011.17,1011.25,1011.17,1011.25,0.01,6.08,6101.31,1
2023-11-09,2023-11-09 13:15:00,1011.25,1011.33,1011.25,1011.33,0.01,6.08,6101.31,1
2023-11-09,2023-11-09 13:16:00,1011.33,1011.42,1011.33,1011.42,0.01,6.08,6101.31,1
2023-11-09,2023-11-09 13:17:00,1011.42,1011.5,1011.42,1011.5,0.01,6.08,6101.31,1
2023-11-09,2023-11-09 13:18:00,1011.5,1011.58,1011.5,1011.58,0.01,6.08,6101.31,1
2023-11-09,2023-11-09 13:19:00,1011.58,1011.67,1011.58,1011.67,0.01,6.08,6101.31,1
2023-11-09,2023-11-09 13:20:00,1011.67,1011.75,1011.67,1011.75,0.01,6.08,6101.31,1
2023-11-09,2023-11-09 13:21:00,1011.75,1011.83,1011.75,1011.83,0.01,6.08,6101.31,1
2023-11-09,2023-11-09 13:22:00,1011.83,1011.92,1011.83,1011.92,0.01,6.08,6101.31,1
2023-11-09,2023-11-09 13:23:00,1011.92,1012.0,1011.92,1012.0,0.01,6.08,6101.31,1
2023-11-09,2023-11-09 13:24:00,1012.0,1012.08,1012.0,1012.08,0.01,6.08,6101.31,1
2023-11-09,2023-11-09 13:25:00,1012.08,1012.17,1012.08,1012.17,0.01,6.08,6101.31,1
2023-11-09,2023-11-09 13:26:00,1012.17,1012.25,1012.17,1012.25,0.01,6.08,6101.31,1
2023-11-09,2023-11-09 13:27:00,1012.25,1012.33,1012.25,1012.33,0.01,6.08,6101.31,1
2023-11-09,2023-11-09 13:28:00,1012.33,1012.42,1012.33,1012.42,0.01,6.08,6101.31,1
2023-11-09,2023-11-09 13:29:00,1012.42,1012.5,1012.42,1012.5,0.01,6.08,6101.31,1
2023-11-09,2023-11-09 13:30:00,1012.5,1012.58,1012.5,1012.58,0.01,6.08,6101.31,1
2023-11-09,2023-11-09 13:31:00,1012.58,1012.67,1012.58,1012.67,0.01,6.08,6101.31,1
2023-11-09,2023-11-09 13:32:00,1012.67,1012.75,1012.67,1012.75,0.01,6.08,6101.31,1
2023-11-09,2023-11-09 13:33:00,1012.75,1012.83,1012.75,1012.83,0.01,6.08,6101.31,1
2023-11-09,2023-11-09 13:34:00,1012.83,1012.92,1012.83,1012.92,0.01,6.08,6101.31,1
2023-11-09,2023-11-09 13:35:00,1012.92,1013.0,1012.92,1013.0,0.01,6.08,6101.31,1
2023-11-09,2023-11-09 13:36:00,1013.0,1013.08,1013.0,1013.08,0.01,6.08,6101.31,1
2023-11-09,2023-11-09 13:37:00,1013.08,1013.17,1013.08,1013.17,0.01,6.08,6101.31,1
2023-11-09,2023-11-09 13:38:00,1013.17,1013.25,1013.17,1013.25,0.01,6.08,6101.31,1
2023-11-09,2023-11-09 13:39:00,1013.25,1013.33,1013.25,1013.33,0.01,6.08,6101.31,1
2023-11-09,2023-11-09 13:40:00,1013.33,1013.42,1013.33,1013.42,0.01,6.08,6101.31,1
2023-11-09,2023-11-09 13:41:00,1013.42,1013.5,1013.42,1013.5,0.01,6.08,6101.31,1
2023-11-09,2023-11-09 13:42:00,1013.5,1013.58,1013.5,1013.58,0.01,6.08,6101.31,1
2023-11-09,2023-11-09 13:43:00,1013.58,1013.67,1013.58,1013.67,0.01,6.08,6101.31,1
2023-11-09,2023-11-09 13:44:00,1013.67,1013.75,1013.67,1013.75,0.01,6.08,6101.31,1
2023-11-09,2023-11-09 13:45:00,1013.75,1013.83,1013.75,1013.83,0.01,6.08,6101.31,1
2023-11-09,2023-11-09 13:46:00,1013.83,1013.92,1013.83,1013.92,0.01,6.08,6101.31,1
2023-11-09,2023-11-09 13:47:00,1013.92,1014.0,1013.92,1014.0,0.01,6.08,6101.31,1
2023-11-09,2023-11-09 13:48:00,1014.0,1014.08,1014.0,1014.08,0.01,6.08,6101.31,1
2023-11-09,2023-11-09 13:49:00,1014.08,1014.17,1014.08,1014.17,0.01,6.08,6101.31,1
2023-11-09,2023-11-09 13:50:00,1014.17,1014.25,1014.17,1014.25,0.01,6.08,6101.31,1
2023-11-09,2023-11-09 13:51:00,1014.25,1014.33,1014.25,1014.33,0.01,6.08,6101.31,1
2023-11-09,2023-11-09 13:52:00,1014.33,1014.42,1014.33,1014.42,0.01,6.08,6101.31,1
2023-11-09,2023-11-09 13:53:00,1014.42,1014.5,1014.42,1014.5,0.01,6.08,6101.31,1
2023-11-09,2023-11-09 13:54:00,1014.5,1014.58,1014.5,1014.58,0.01,6.08,6101.31,1
2023-11-09,2023-11-09 13:55:00,1014.58,1014.67,1014.58,1014.67,0.01,6.08,6101.31,1
2023-11-09,2023-11-09 13:56:00,1014.67,1014.75,1014.67,1014.75,0.01,6.08,6101.31,1
2023-11-09,2023-11-09 13:57:00,1014.75,1014.83,1014.75,1014.83,0.01,6.08,6101.31,1
2023-11-09,2023-11-09 13:58:00,1014.83,1014.92,1014.83,1014.92,0.01,6.08,6101.31,1
2023-11-09,2023-11-09 13:59:00,1014.92,1015.0,1014.92,1015.0,0.01,6.08,6101.31,1
2023-11-09,2023-11-09 14:00:00,1015.0,1015.08,1015.0,1015.08,0.01,6.08,6101.31,1
2023-11-09,2023-11-09 14:01:00,1015.08,1015.17,1015.08,1015.17,0.01,6.08,6101.31,1
2023-11-09,2023-11-09 14:02:00,1015.17,1015.25,1015.17,1015.25,0.01,6.08,6101.31,1
2023-11-09,2023-11-09 14:03:00,1015.25,1015.33,1015.25,1015.33,0.01,6.08,6101.31,1
2023-11-09,2023-11-09 14:04:00,1015.33,1015.42,1015.33,1015.42,0.01,6.08,6101.31,1
2023-11-09,2023-11-09 14:05:00,1015.42,1015.5,1015.42,1015.5,0.01,6.08,6101.31,1
2023-11-09,2023-11-09 14:06:00,1015.5,1015.58,1015.5,1015.58,0.01,6.08,6101.31,1
2023-11-09,2023-11-09 14:07:00,1015.58,1015.67,1015.58,1015.67,0.01,6.08,6101.31,1
2023-11-09,2023-11-09 14:08:00,1015.67,1015.75,1015.67,1015.75,0.01,6.08,6101.31,1
2023-11-09,2023-11-09 14:09:00,1015.75,1015.83,1015.75,1015.83,0.01,6.08,6101.31,1
2023-11-09,2023-11-09 14:10:00,1015.83,1015.92,1015.83,1015.92,0.01,6.08,6101.31,1
2023-11-09,2023-11-09 14:11:00,1015.92,1016.0,1015.92,1016.0,0.01,6.08,6101.31,1
2023-11-09,2023-11-09 14:12:00,1016.0,1016.08,1016.0,1016.08,0.01,6.08,6101.31,1
2023-11-09,2023-11-09 14:13:00,1016.08,1016.17,1016.08,1016.17,0.01,6.08,6101.31,1
2023-11-09,2023-11-09 14:14:00,1016.17,1016.25,1016.17,1016.25,0.01,6.08,6101.31,1
2023-11-09,2023-11-09 14:15:00,1016.25,1016.33,1016.25,1016.33,0.01,6.08,6101.31,1
2023-11-09,2023-11-09 14:16:00,1016.33,1016.42,1016.33,1016.42,0.01,6.08,6101.31,1
2023-11-09,2023-11-09 14:17:00,1016.42,1016.5,1016.42,1016.5,0.01,6.08,6101.31,1
2023-11-09,2023-11-09 14:18:00,1016.5,1016.58,1016.5,1016.58,0.01,6.08,6101.31,1
2023-11-09,2023-11-09 14:19:00,1016.58,1016.67,1016.58,1016.67,0.01,6.08,6101.31,1
2023-11-09,2023-11-09 14:20:00,1016.67,1016.75,1016.67,1016.75,0.01,6.08,6101.31,1
2023-11-09,2023-11-09 14:21:00,1016.75,1016.83,1016.75,1016.83,0.01,6.08,6101.31,1
2023-11-09,2023-11-09 14:22:00,1016.83,1016.92,1016.83,1016.92,0.01,6.08,6101.31,1
2023-11-09,2023-11-09 14:23:00,1016.92,1017.0,1016.92,1017.0,0.01,6.08,6101.31,1
2023-11-09,2023-11-09 14:24:00,1017.0,1017.08,1017.0,1017.08,0.01,6.08,6101.31,1
2023-11-09,2023-11-09 14:25:00,1017.08,1017.17,1017.08,1017.17,0.01,6.08,6101.31,1
2023-11-09,2023-11-09 14:26:00,1017.17,1017.25,1017.17,1017.25,0.01,6.08,6101.31,1
2023-11-09,2023-11-09 14:27:00,1017.25,1017.33,1017.25,1017.33,0.01,6.08,6101.31,1
2023-11-09,2023-11-09 14:28:00,1017.33,1017.42,1017.33,1017.42,0.01,6.08,6101.31,1
2023-11-09,2023-11-09 14:29:00,1017.42,1017.5,1017.42,1017.5,0.01,6.08,6101.31,1
2023-11-09,2023-11-09 14:30:00,1017.5,1017.58,1017.5,1017.58,0.01,6.08,6101.31,1
2023-11-09,2023-11-09 14:31:00,1017.58,1017.67,1017.58,1017.67,0.01,6.08,6101.31,1
2023-11-09,2023-11-09 14:32:00,1017.67,1017.75,1017.67,1017.75,0.01,6.08,6101.31,1
2023-11-09,2023-11-09 14:33:00,1017.75,1017.83,1017.75,1017.83,0.01,6.08,6101.31,1
2023-11-09,2023-11-09 14:34:00,1017.83,1017.92,1017.83,1017.92,0.01,6.08,6101.31,1
2023-11-09,2023-11-09 14:35:00,1017.92,1018.0,1017.92,1018.0,0.01,6.08,6101.31,1
2023-11-09,2023-11-09 14:36:00,1018.0,1018.08,1018.0,1018.08,0.01,6.08,6101.31,1
2023-11-09,2023-11-09 14:37:00,1018.08,1018.17,1018.08,1018.17,0.01,6.08,6101.31,1
2023-11-09,2023-11-09 14:38:00,1018.17,1018.25,1018.17,1018.25,0.01,6.08,6101.31,1
2023-11-09,2023-11-09 14:39:00,1018.25,1018.33,1018.25,1018.33,0.01,6.08,6101.31,1
2023-11-09,2023-11-09 14:40:00,1018.33,1018.42,1018.33,1018.42,0.01,6.08,6101.31,1
2023-11-09,2023-11-09 14:41:00,1018.42,1018.5,1018.42,1018.5,0.01,6.08,6101.31,1
2023-11-09,2023-11-09 14:42:00,1018.5,1018.58,1018.5,1018.58,0.01,6.08,6101.31,1
2023-11-09,2023-11-09 14:43:00,1018.58,1018.67,1018.58,1018.67,0.01,6.08,6101.31,1
2023-11-09,2023-11-09 14:44:00,1018.67,1018.75,1018.67,1018.75,0.01,6.08,6101.31,1
2023-11-09,2023-11-09 14:45:00,1018.75,1018.83,1018.75,1018.83,0.01,6.08,6101.31,1
2023-11-09,2023-11-09 14:46:00,1018.83,1018.92,1018.83,1018.92,0.01,6.08,6101.31,1
2023-11-09,2023-11-09 14:47:00,1018.92,1019.0,1018.92,1019.0,0.01,6.08,6101.31,1
2023-11-09,2023-11-09 14:48:00,1019.0,1019.08,1019.0,1019.08,0.01,6.08,6101.31,1
2023-11-09,2023-11-09 14:49:00,1019.08,1019.17,1019.08,1019.17,0.01,6.08,6101.31,1
2023-11-09,2023-11-09 14:50:00,1019.17,1019.25,1019.17,1019.25,0.01,6.08,6101.31,1
2023-11-09,2023-11-09 14:51:00,1019.25,1019.33,1019.25,1019.33,0.01,6.08,6101.31,1
2023-11-09,2023-11-09 14:52:00,1019.33,1019.42,1019.33,1019.42,0.01,6.08,6101.31,1
2023-11-09,2023-11-09 14:53:00,1019.42,1019.5,1019.42,1019.5,0.01,6.08,6101.31,1
2023-11-09,2023-11-09 14:54:00,1019.5,1019.58,1019.5,1019.58,0.01,6.08,6101.31,1
2023-11-09,2023-11-09 14:55:00,1019.58,1019.67,1019.58,1019.67,0.01,6.08,6101.31,1
2023-11-09,2023-11-09 14:56:00,1019.67,1019.75,1019.67,1019.75,0.01,6.08,6101.31,1
2023-11-09,2023-11-09 14:57:00,1019.75,1019.83,1019.75,1019.83,0.01,6.08,6101.31,1
2023-11-09,2023-11-09 14:58:00,1019.83,1019.92,1019.83,1019.92,0.01,6.08,6101.31,1
2023-11-09,2023-11-09 14:59:00,1019.92,1020.0,1019.92,1020.0,0.01,6.08,6101.31,1
2023-11-09,2023-11-09 15:00:00,1020.0,1020.0,990.0,1020.0,0.0,6.08,6101.31,0
2023-11-20,2023-11-20 11:00:00,1000.0,1018.24,995.5,1000.04,0.0,9.01,8985.01,1
2023-11-20,2023-11-20 11:01:00,1000.04,1000.08,1000.04,1000.08,0.0,9.01,8985.01,1
2023-11-20,2023-11-20 11:02:00,1000.08,1000.12,1000.08,1000.12,0.0,9.01,8985.01,1
2023-11-20,2023-11-20 11:03:00,1000.12,1000.16,1000.12,1000.16,0.0,9.01,8985.01,1
2023-11-20,2023-11-20 11:04:00,1000.16,1000.2,1000.16,1000.2,0.0,9.01,8985.01,1
2023-11-20,2023-11-20 11:05:00,1000.2,1000.25,1000.2,1000.25,0.0,9.01,8985.01,1
2023-11-20,2023-11-20 11:06:00,1000.25,1000.29,1000.25,1000.29,0.0,9.01,8985.01,1
2023-11-20,2023-11-20 11:07:00,1000.29,1000.33,1000.29,1000.33,0.0,9.01,8985.01,1
2023-11-20,2023-11-20 11:08:00,1000.33,1000.37,1000.33,1000.37,0.0,9.01,8985.01,1
2023-11-20,2023-11-20 11:09:00,1000.37,1000.41,1000.37,1000.41,0.0,9.01,8985.01,1
2023-11-20,2023-11-20 11:10:00,1000.41,1000.45,1000.41,1000.45,0.0,9.01,8985.01,1
2023-11-20,2023-11-20 11:11:00,1000.45,1000.49,1000.45,1000.49,0.0,9.01,8985.01,1
2023-11-20,2023-11-20 11:12:00,1000.49,1000.53,1000.49,1000.53,0.0,9.01,8985.01,1
2023-11-20,2023-11-20 11:13:00,1000.53,1000.57,1000.53,1000.57,0.0,9.01,8985.01,1
2023-11-20,2023-11-20 11:14:00,1000.57,1000.61,1000.57,1000.61,0.0,9.01,8985.01,1
2023-11-20,2023-11-20 11:15:00,1000.61,1000.65,1000.61,1000.65,0.0,9.01,8985.01,1
2023-11-20,2023-11-20 11:16:00,1000.65,1000.69,1000.65,1000.69,0.0,9.01,8985.01,1
2023-11-20,2023-11-20 11:17:00,1000.69,1000.74,1000.69,1000.74,0.0,9.01,8985.01,1
2023-11-20,2023-11-20 11:18:00,1000.74,1000.78,1000.74,1000.78,0.0,9.01,8985.01,1
2023-11-20,2023-11-20 11:19:00,1000.78,1000.82,1000.78,1000.82,0.0,9.01,8985.01,1
2023-11-20,2023-11-20 11:20:00,1000.82,1000.86,1000.82,1000.86,0.0,9.01,8985.01,1
2023-11-20,2023-11-20 11:21:00,1000.86,1000.9,1000.86,1000.9,0.0,9.01,8985.01,1
2023-11-20,2023-11-20 11:22:00,1000.9,1000.94,1000.9,1000.94,0.0,9.01,8985.01,1
2023-11-20,2023-11-20 11:23:00,1000.94,1000.98,1000.94,1000.98,0.0,9.01,8985.01,1
2023-11-20,2023-11-20 11:24:00,1000.98,1001.02,1000.98,1001.02,0.0,9.01,8985.01,1
2023-11-20,2023-11-20 11:25:00,1001.02,1001.06,1001.02,1001.06,0.0,9.01,8985.01,1
2023-11-20,2023-11-20 11:26:00,1001.06,1001.1,1001.06,1001.1,0.0,9.01,8985.01,1
2023-11-20,2023-11-20 11:27:00,1001.1,1001.14,1001.1,1001.14,0.0,9.01,8985.01,1
2023-11-20,2023-11-20 11:28:00,1001.14,1001.18,1001.14,1001.18,0.0,9.01,8985.01,1
2023-11-20,2023-11-20 11:29:00,1001.18,1001.23,1001.18,1001.23,0.0,9.01,8985.01,1
2023-11-20,2023-11-20 11:30:00,1001.23,1001.27,1001.23,1001.27,0.0,9.01,8985.01,1
2023-11-20,2023-11-20 11:31:00,1001.27,1001.31,1001.27,1001.31,0.0,9.01,8985.01,1
2023-11-20,2023-11-20 11:32:00,1001.31,1001.35,1001.31,1001.35,0.0,9.01,8985.01,1
2023-11-20,2023-11-20 11:33:00,1001.35,1001.39,1001.35,1001.39,0.0,9.01,8985.01,1
2023-11-20,2023-11-20 11:34:00,1001.39,1001.43,1001.39,1001.43,0.0,9.01,8985.01,1
2023-11-20,2023-11-20 11:35:00,1001.43,1001.47,1001.43,1001.47,0.0,9.01,8985.01,1
2023-11-20,2023-11-20 11:36:00,1001.47,1001.51,1001.47,1001.51,0.0,9.01,8985.01,1
2023-11-20,2023-11-20 11:37:00,1001.51,1001.55,1001.51,1001.55,0.0,9.01,8985.01,1
2023-11-20,2023-11-20 11:38:00,1001.55,1001.59,1001.55,1001.59,0.0,9.01,8985.01,1
2023-11-20,2023-11-20 11:39:00,1001.59,1001.63,1001.59,1001.63,0.0,9.01,8985.01,1
2023-11-20,2023-11-20 11:40:00,1001.63,1001.67,1001.63,1001.67,0.0,9.01,8985.01,1
2023-11-20,2023-11-20 11:41:00,1001.67,1001.72,1001.67,1001.72,0.0,9.01,8985.01,1
2023-11-20,2023-11-20 11:42:00,1001.72,1001.76,1001.72,1001.76,0.0,9.01,8985.01,1
2023-11-20,2023-11-20 11:43:00,1001.76,1001.8,1001.76,1001.8,0.0,9.01,8985.01,1
2023-11-20,2023-11-20 11:44:00,1001.8,1001.84,1001.8,1001.84,0.0,9.01,8985.01,1
2023-11-20,2023-11-20 11:45:00,1001.84,1001.88,1001.84,1001.88,0.0,9.01,8985.01,1
2023-11-20,2023-11-20 11:46:00,1001.88,1001.92,1001.88,1001.92,0.0,9.01,8985.01,1
2023-11-20,2023-11-20 11:47:00,1001.92,1001.96,1001.92,1001.96,0.0,9.01,8985.01,1
2023-11-20,2023-11-20 11:48:00,1001.96,1002.0,1001.96,1002.0,0.0,9.01,8985.01,1
2023-11-20,2023-11-20 11:49:00,1002.0,1002.04,1002.0,1002.04,0.0,9.01,8985.01,1
2023-11-20,2023-11-20 11:50:00,1002.04,1002.08,1002.04,1002.08,0.0,9.01,8985.01,1
2023-11-20,2023-11-20 11:51:00,1002.08,1002.12,1002.08,1002.12,0.0,9.01,8985.01,1
2023-11-20,2023-11-20 11:52:00,1002.12,1002.16,1002.12,1002.16,0.0,9.01,8985.01,1
2023-11-20,2023-11-20 11:53:00,1002.16,1002.21,1002.16,1002.21,0.0,9.01,8985.01,1
2023-11-20,2023-11-20 11:54:00,1002.21,1002.25,1002.21,1002.25,0.0,9.01,8985.01,1
2023-11-20,2023-11-20 11:55:00,1002.25,1002.29,1002.25,1002.29,0.0,9.01,8985.01,1
2023-11-20,2023-11-20 11:56:00,1002.29,1002.33,1002.29,1002.33,0.0,9.01,8985.01,1
2023-11-20,2023-11-20 11:57:00,1002.33,1002.37,1002.33,1002.37,0.0,9.01,8985.01,1
2023-11-20,2023-11-20 11:58:00,1002.37,1002.41,1002.37,1002.41,0.0,9.01,8985.01,1
2023-11-20,2023-11-20 11:59:00,1002.41,1002.45,1002.41,1002.45,0.0,9.01,8985.01,1
2023-11-20,2023-11-20 12:00:00,1002.45,1002.49,1002.45,1002.49,0.0,9.01,8985.01,1
2023-11-20,2023-11-20 12:01:00,1002.49,1002.53,1002.49,1002.53,0.0,9.01,8985.01,1
2023-11-20,2023-11-20 12:02:00,1002.53,1002.57,1002.53,1002.57,0.0,9.01,8985.01,1
2023-11-20,2023-11-20 12:03:00,1002.57,1002.61,1002.57,1002.61,0.0,9.01,8985.01,1
2023-11-20,2023-11-20 12:04:00,1002.61,1002.65,1002.61,1002.65,0.0,9.01,8985.01,1
2023-11-20,2023-11-20 12:05:00,1002.65,1002.69,1002.65,1002.69,0.0,9.01,8985.01,1
2023-11-20,2023-11-20 12:06:00,1002.69,1002.74,1002.69,1002.74,0.0,9.01,8985.01,1
2023-11-20,2023-11-20 12:07:00,1002.74,1002.78,1002.74,1002.78,0.0,9.01,8985.01,1
2023-11-20,2023-11-20 12:08:00,1002.78,1002.82,1002.78,1002.82,0.0,9.01,8985.01,1
2023-11-20,2023-11-20 12:09:00,1002.82,1002.86,1002.82,1002.86,0.0,9.01,8985.01,1
2023-11-20,2023-11-20 12:10:00,1002.86,1002.9,1002.86,1002.9,0.0,9.01,8985.01,1
2023-11-20,2023-11-20 12:11:00,1002.9,1002.94,1002.9,1002.94,0.0,9.01,8985.01,1
2023-11-20,2023-11-20 12:12:00,1002.94,1002.98,1002.94,1002.98,0.0,9.01,8985.01,1
2023-11-20,2023-11-20 12:13:00,1002.98,1003.02,1002.98,1003.02,0.0,9.01,8985.01,1
2023-11-20,2023-11-20 12:14:00,1003.02,1003.06,1003.02,1003.06,0.0,9.01,8985.01,1
2023-11-20,2023-11-20 12:15:00,1003.06,1003.1,1003.06,1003.1,0.0,9.01,8985.01,1
2023-11-20,2023-11-20 12:16:00,1003.1,1003.14,1003.1,1003.14,0.0,9.01,8985.01,1
2023-11-20,2023-11-20 12:17:00,1003.14,1003.18,1003.14,1003.18,0.0,9.01,8985.01,1
2023-11-20,2023-11-20 12:18:00,1003.18,1003.23,1003.18,1003.23,0.0,9.01,8985.01,1
2023-11-20,2023-11-20 12:19:00,1003.23,1003.27,1003.23,1003.27,0.0,9.01,8985.01,1
2023-11-20,2023-11-20 12:20:00,1003.27,1003.31,1003.27,1003.31,0.0,9.01,8985.01,1
2023-11-20,2023-11-20 12:21:00,1003.31,1003.35,1003.31,1003.35,0.0,9.01,8985.01,1
2023-11-20,2023-11-20 12:22:00,1003.35,1003.39,1003.35,1003.39,0.0,9.01,8985.01,1
2023-11-20,2023-11-20 12:23:00,1003.39,1003.43,1003.39,1003.43,0.0,9.01,8985.01,1
2023-11-20,2023-11-20 12:24:00,1003.43,1003.47,1003.43,1003.47,0.0,9.01,8985.01,1
2023-11-20,2023-11-20 12:25:00,1003.47,1003.51,1003.47,1003.51,0.0,9.01,8985.01,1
2023-11-20,2023-11-20 12:26:00,1003.51,1003.55,1003.51,1003.55,0.0,9.01,8985.01,1
2023-11-20,2023-11-20 12:27:00,1003.55,1003.59,1003.55,1003.59,0.0,9.01,8985.01,1
2023-11-20,2023-11-20 12:28:00,1003.59,1003.63,1003.59,1003.63,0.0,9.01,8985.01,1
2023-11-20,2023-11-20 12:29:00,1003.63,1003.67,1003.63,1003.67,0.0,9.01,8985.01,1
2023-11-20,2023-11-20 12:30:00,1003.67,1003.72,1003.67,1003.72,0.0,9.01,8985.01,1
2023-11-20,2023-11-20 12:31:00,1003.72,1003.76,1003.72,1003.76,0.0,9.01,8985.01,1
2023-11-20,2023-11-20 12:32:00,1003.76,1003.8,1003.76,1003.8,0.0,9.01,8985.01,1
2023-11-20,2023-11-20 12:33:00,1003.8,1003.84,1003.8,1003.84,0.0,9.01,8985.01,1
2023-11-20,2023-11-20 12:34:00,1003.84,1003.88,1003.84,1003.88,0.0,9.01,8985.01,1
2023-11-20,2023-11-20 12:35:00,1003.88,1003.92,1003.88,1003.92,0.0,9.01,8985.01,1
2023-11-20,2023-11-20 12:36:00,1003.92,1003.96,1003.92,1003.96,0.0,9.01,8985.01,1
2023-11-20,2023-11-20 12:37:00,1003.96,1004.0,1003.96,1004.0,0.0,9.01,8985.01,1
2023-11-20,2023-11-20 12:38:00,1004.0,1004.04,1004.0,1004.04,0.0,9.01,8985.01,1
2023-11-20,2023-11-20 12:39:00,1004.04,1004.08,1004.04,1004.08,0.0,9.01,8985.01,1
2023-11-20,2023-11-20 12:40:00,1004.08,1004.12,1004.08,1004.12,0.0,9.01,8985.01,1
2023-11-20,2023-11-20 12:41:00,1004.12,1004.16,1004.12,1004.16,0.0,9.01,8985.01,1
2023-11-20,2023-11-20 12:42:00,1004.16,1004.21,1004.16,1004.21,0.0,9.01,8985.01,1
2023-11-20,2023-11-20 12:43:00,1004.21,1004.25,1004.21,1004.25,0.0,9.01,8985.01,1
2023-11-20,2023-11-20 12:44:00,1004.25,1004.29,1004.25,1004.29,0.0,9.01,8985.01,1
2023-11-20,2023-11-20 12:45:00,1004.29,1004.33,1004.29,1004.33,0.0,9.01,8985.01,1
2023-11-20,2023-11-20 12:46:00,1004.33,1004.37,1004.33,1004.37,0.0,9.01,8985.01,1
2023-11-20,2023-11-20 12:47:00,1004.37,1004.41,1004.37,1004.41,0.0,9.01,8985.01,1
2023-11-20,2023-11-20 12:48:00,1004.41,1004.45,1004.41,1004.45,0.0,9.01,8985.01,1
2023-11-20,2023-11-20 12:49:00,1004.45,1004.49,1004.45,1004.49,0.0,9.01,8985.01,1
2023-11-20,2023-11-20 12:50:00,1004.49,1004.53,1004.49,1004.53,0.0,9.01,8985.01,1
2023-11-20,2023-11-20 12:51:00,1004.53,1004.57,1004.53,1004.57,0.0,9.01,8985.01,1
2023-11-20,2023-11-20 12:52:00,1004.57,1004.61,1004.57,1004.61,0.0,9.01,8985.01,1
2023-11-20,2023-11-20 12:53:00,1004.61,1004.65,1004.61,1004.65,0.0,9.01,8985.01,1
2023-11-20,2023-11-20 12:54:00,1004.65,1004.7,1004.65,1004.7,0.0,9.01,8985.01,1
2023-11-20,2023-11-20 12:55:00,1004.7,1004.74,1004.7,1004.74,0.0,9.01,8985.01,1
2023-11-20,2023-11-20 12:56:00,1004.74,1004.78,1004.74,1004.78,0.0,9.01,8985.01,1
2023-11-20,2023-11-20 12:57:00,1004.78,1004.82,1004.78,1004.82,0.0,9.01,8985.01,1
2023-11-20,2023-11-20 12:58:00,1004.82,1004.86,1004.82,1004.86,0.0,9.01,8985.01,1
2023-11-20,2023-11-20 12:59:00,1004.86,1004.9,1004.86,1004.9,0.0,9.01,8985.01,1
2023-11-20,2023-11-20 13:00:00,1004.9,1060.8,985.0,1004.94,0.0,9.01,8985.01,1
2023-11-20,2023-11-20 13:01:00,1004.94,1004.98,1004.94,1004.98,0.0,9.01,8985.01,1
2023-11-20,2023-11-20 13:02:00,1004.98,1005.02,1004.98,1005.02,0.0,9.01,8985.01,1
2023-11-20,2023-11-20 13:03:00,1005.02,1005.06,1005.02,1005.06,0.0,9.01,8985.01,1
2023-11-20,2023-11-20 13:04:00,1005.06,1005.1,1005.06,1005.1,0.0,9.01,8985.01,1
2023-11-20,2023-11-20 13:05:00,1005.1,1005.14,1005.1,1005.14,0.0,9.01,8985.01,1
2023-11-20,2023-11-20 13:06:00,1005.14,1005.19,1005.14,1005.19,0.0,9.01,8985.01,1
2023-11-20,2023-11-20 13:07:00,1005.19,1005.23,1005.19,1005.23,0.0,9.01,8985.01,1
2023-11-20,2023-11-20 13:08:00,1005.23,1005.27,1005.23,1005.27,0.0,9.01,8985.01,1
2023-11-20,2023-11-20 13:09:00,1005.27,1005.31,1005.27,1005.31,0.0,9.01,8985.01,1
2023-11-20,2023-11-20 13:10:00,1005.31,1005.35,1005.31,1005.35,0.0,9.01,8985.01,1
2023-11-20,2023-11-20 13:11:00,1005.35,1005.39,1005.35,1005.39,0.0,9.01,8985.01,1
2023-11-20,2023-11-20 13:12:00,1005.39,1005.43,1005.39,1005.43,0.0,9.01,8985.01,1
2023-11-20,2023-11-20 13:13:00,1005.43,1005.47,1005.43,1005.47,0.0,9.01,8985.01,1
2023-11-20,2023-11-20 13:14:00,1005.47,1005.51,1005.47,1005.51,0.0,9.01,8985.01,1
2023-11-20,2023-11-20 13:15:00,1005.51,1005.55,1005.51,1005.55,0.0,9.01,8985.01,1
2023-11-20,2023-11-20 13:16:00,1005.55,1005.59,1005.55,1005.59,0.0,9.01,8985.01,1
2023-11-20,2023-11-20 13:17:00,1005.59,1005.63,1005.59,1005.63,0.0,9.01,8985.01,1
2023-11-20,2023-11-20 13:18:00,1005.63,1005.68,1005.63,1005.68,0.0,9.01,8985.01,1
2023-11-20,2023-11-20 13:19:00,1005.68,1005.72,1005.68,1005.72,0.0,9.01,8985.01,1
2023-11-20,2023-11-20 13:20:00,1005.72,1005.76,1005.72,1005.76,0.0,9.01,8985.01,1
2023-11-20,2023-11-20 13:21:00,1005.76,1005.8,1005.76,1005.8,0.0,9.01,8985.01,1
2023-11-20,2023-11-20 13:22:00,1005.8,1005.84,1005.8,1005.84,0.0,9.01,8985.01,1
2023-11-20,2023-11-20 13:23:00,1005.84,1005.88,1005.84,1005.88,0.0,9.01,8985.01,1
2023-11-20,2023-11-20 13:24:00,1005.88,1005.92,1005.88,1005.92,0.0,9.01,8985.01,1
2023-11-20,2023-11-20 13:25:00,1005.92,1005.96,1005.92,1005.96,0.0,9.01,8985.01,1
2023-11-20,2023-11-20 13:26:00,1005.96,1006.0,1005.96,1006.0,0.0,9.01,8985.01,1
2023-11-20,2023-11-20 13:27:00,1006.0,1006.04,1006.0,1006.04,0.0,9.01,8985.01,1
2023-11-20,2023-11-20 13:28:00,1006.04,1006.08,1006.04,1006.08,0.0,9.01,8985.01,1
2023-11-20,2023-11-20 13:29:00,1006.08,1006.12,1006.08,1006.12,0.0,9.01,8985.01,1
2023-11-20,2023-11-20 13:30:00,1006.12,1006.17,1006.12,1006.17,0.0,9.01,8985.01,1
2023-11-20,2023-11-20 13:31:00,1006.17,1006.21,1006.17,1006.21,0.0,9.01,8985.01,1
2023-11-20,2023-11-20 13:32:00,1006.21,1006.25,1006.21,1006.25,0.0,9.01,8985.01,1
2023-11-20,2023-11-20 13:33:00,1006.25,1006.29,1006.25,1006.29,0.0,9.01,8985.01,1
2023-11-20,2023-11-20 13:34:00,1006.29,1006.33,1006.29,1006.33,0.0,9.01,8985.01,1
2023-11-20,2023-11-20 13:35:00,1006.33,1006.37,1006.33,1006.37,0.0,9.01,8985.01,1
2023-11-20,2023-11-20 13:36:00,1006.37,1006.41,1006.37,1006.41,0.0,9.01,8985.01,1
2023-11-20,2023-11-20 13:37:00,1006.41,1006.45,1006.41,1006.45,0.0,9.01,8985.01,1
2023-11-20,2023-11-20 13:38:00,1006.45,1006.49,1006.45,1006.49,0.0,9.01,8985.01,1
2023-11-20,2023-11-20 13:39:00,1006.49,1006.53,1006.49,1006.53,0.0,9.01,8985.01,1
2023-11-20,2023-11-20 13:40:00,1006.53,1006.57,1006.53,1006.57,0.0,9.01,8985.01,1
2023-11-20,2023-11-20 13:41:00,1006.57,1006.62,1006.57,1006.62,0.0,9.01,8985.01,1
2023-11-20,2023-11-20 13:42:00,1006.62,1006.66,1006.62,1006.66,0.0,9.01,8985.01,1
2023-11-20,2023-11-20 13:43:00,1006.66,1006.7,1006.66,1006.7,0.0,9.01,8985.01,1
2023-11-20,2023-11-20 13:44:00,1006.7,1006.74,1006.7,1006.74,0.0,9.01,8985.01,1
2023-11-20,2023-11-20 13:45:00,1006.74,1006.78,1006.74,1006.78,0.0,9.01,8985.01,1
2023-11-20,2023-11-20 13:46:00,1006.78,1006.82,1006.78,1006.82,0.0,9.01,8985.01,1
2023-11-20,2023-11-20 13:47:00,1006.82,1006.86,1006.82,1006.86,0.0,9.01,8985.01,1
2023-11-20,2023-11-20 13:48:00,1006.86,1006.9,1006.86,1006.9,0.0,9.01,8985.01,1
2023-11-20,2023-11-20 13:49:00,1006.9,1006.94,1006.9,1006.94,0.0,9.01,8985.01,1
2023-11-20,2023-11-20 13:50:00,1006.94,1006.98,1006.94,1006.98,0.0,9.01,8985.01,1
2023-11-20,2023-11-20 13:51:00,1006.98,1007.02,1006.98,1007.02,0.0,9.01,8985.01,1
2023-11-20,2023-11-20 13:52:00,1007.02,1007.06,1007.02,1007.06,0.0,9.01,8985.01,1
2023-11-20,2023-11-20 13:53:00,1007.06,1007.11,1007.06,1007.11,0.0,9.01,8985.01,1
2023-11-20,2023-11-20 13:54:00,1007.11,1007.15,1007.11,1007.15,0.0,9.01,8985.01,1
2023-11-20,2023-11-20 13:55:00,1007.15,1007.19,1007.15,1007.19,0.0,9.01,8985.01,1
2023-11-20,2023-11-20 13:56:00,1007.19,1007.23,1007.19,1007.23,0.0,9.01,8985.01,1
2023-11-20,2023-11-20 13:57:00,1007.23,1007.27,1007.23,1007.27,0.0,9.01,8985.01,1
2023-11-20,2023-11-20 13:58:00,1007.27,1007.31,1007.27,1007.31,0.0,9.01,8985.01,1
2023-11-20,2023-11-20 13:59:00,1007.31,1007.35,1007.31,1007.35,0.0,9.01,8985.01,1
2023-11-20,2023-11-20 14:00:00,1007.35,1007.39,1007.35,1007.39,0.0,9.01,8985.01,1
2023-11-20,2023-11-20 14:01:00,1007.39,1007.43,1007.39,1007.43,0.0,9.01,8985.01,1
2023-11-20,2023-11-20 14:02:00,1007.43,1007.47,1007.43,1007.47,0.0,9.01,8985.01,1
2023-11-20,2023-11-20 14:03:00,1007.47,1007.51,1007.47,1007.51,0.0,9.01,8985.01,1
2023-11-20,2023-11-20 14:04:00,1007.51,1007.55,1007.51,1007.55,0.0,9.01,8985.01,1
2023-11-20,2023-11-20 14:05:00,1007.55,1007.59,1007.55,1007.59,0.0,9.01,8985.01,1
2023-11-20,2023-11-20 14:06:00,1007.59,1007.64,1007.59,1007.64,0.0,9.01,8985.01,1
2023-11-20,2023-11-20 14:07:00,1007.64,1007.68,1007.64,1007.68,0.0,9.01,8985.01,1
2023-11-20,2023-11-20 14:08:00,1007.68,1007.72,1007.68,1007.72,0.0,9.01,8985.01,1
2023-11-20,2023-11-20 14:09:00,1007.72,1007.76,1007.72,1007.76,0.0,9.01,8985.01,1
2023-11-20,2023-11-20 14:10:00,1007.76,1007.8,1007.76,1007.8,0.0,9.01,8985.01,1
2023-11-20,2023-11-20 14:11:00,1007.8,1007.84,1007.8,1007.84,0.0,9.01,8985.01,1
2023-11-20,2023-11-20 14:12:00,1007.84,1007.88,1007.84,1007.88,0.0,9.01,8985.01,1
2023-11-20,2023-11-20 14:13:00,1007.88,1007.92,1007.88,1007.92,0.0,9.01,8985.01,1
2023-11-20,2023-11-20 14:14:00,1007.92,1007.96,1007.92,1007.96,0.0,9.01,8985.01,1
2023-11-20,2023-11-20 14:15:00,1007.96,1008.0,1007.96,1008.0,0.0,9.01,8985.01,1
2023-11-20,2023-11-20 14:16:00,1008.0,1008.04,1008.0,1008.04,0.0,9.01,8985.01,1
2023-11-20,2023-11-20 14:17:00,1008.04,1008.08,1008.04,1008.08,0.0,9.01,8985.01,1
2023-11-20,2023-11-20 14:18:00,1008.08,1008.13,1008.08,1008.13,0.0,9.01,8985.01,1
2023-11-20,2023-11-20 14:19:00,1008.13,1008.17,1008.13,1008.17,0.0,9.01,8985.01,1
2023-11-20,2023-11-20 14:20:00,1008.17,1008.21,1008.17,1008.21,0.0,9.01,8985.01,1
2023-11-20,2023-11-20 14:21:00,1008.21,1008.25,1008.21,1008.25,0.0,9.01,8985.01,1
2023-11-20,2023-11-20 14:22:00,1008.25,1008.29,1008.25,1008.29,0.0,9.01,8985.01,1
2023-11-20,2023-11-20 14:23:00,1008.29,1008.33,1008.29,1008.33,0.0,9.01,8985.01,1
2023-11-20,2023-11-20 14:24:00,1008.33,1008.37,1008.33,1008.37,0.0,9.01,8985.01,1
2023-11-20,2023-11-20 14:25:00,1008.37,1008.41,1008.37,1008.41,0.0,9.01,8985.01,1
2023-11-20,2023-11-20 14:26:00,1008.41,1008.45,1008.41,1008.45,0.0,9.01,8985.01,1
2023-11-20,2023-11-20 14:27:00,1008.45,1008.49,1008.45,1008.49,0.0,9.01,8985.01,1
2023-11-20,2023-11-20 14:28:00,1008.49,1008.53,1008.49,1008.53,0.0,9.01,8985.01,1
2023-11-20,2023-11-20 14:29:00,1008.53,1008.57,1008.53,1008.57,0.0,9.01,8985.01,1
2023-11-20,2023-11-20 14:30:00,1008.57,1008.62,1008.57,1008.62,0.0,9.01,8985.01,1
2023-11-20,2023-11-20 14:31:00,1008.62,1008.66,1008.62,1008.66,0.0,9.01,8985.01,1
2023-11-20,2023-11-20 14:32:00,1008.66,1008.7,1008.66,1008.7,0.0,9.01,8985.01,1
2023-11-20,2023-11-20 14:33:00,1008.7,1008.74,1008.7,1008.74,0.0,9.01,8985.01,1
2023-11-20,2023-11-20 14:34:00,1008.74,1008.78,1008.74,1008.78,0.0,9.01,8985.01,1
2023-11-20,2023-11-20 14:35:00,1008.78,1008.82,1008.78,1008.82,0.0,9.01,8985.01,1
2023-11-20,2023-11-20 14:36:00,1008.82,1008.86,1008.82,1008.86,0.0,9.01,8985.01,1
2023-11-20,2023-11-20 14:37:00,1008.86,1008.9,1008.86,1008.9,0.0,9.01,8985.01,1
2023-11-20,2023-11-20 14:38:00,1008.9,1008.94,1008.9,1008.94,0.0,9.01,8985.01,1
2023-11-20,2023-11-20 14:39:00,1008.94,1008.98,1008.94,1008.98,0.0,9.01,8985.01,1
2023-11-20,2023-11-20 14:40:00,1008.98,1009.02,1008.98,1009.02,0.0,9.01,8985.01,1
2023-11-20,2023-11-20 14:41:00,1009.02,1009.06,1009.02,1009.06,0.0,9.01,8985.01,1
2023-11-20,2023-11-20 14:42:00,1009.06,1009.11,1009.06,1009.11,0.0,9.01,8985.01,1
2023-11-20,2023-11-20 14:43:00,1009.11,1009.15,1009.11,1009.15,0.0,9.01,8985.01,1
2023-11-20,2023-11-20 14:44:00,1009.15,1009.19,1009.15,1009.19,0.0,9.01,8985.01,1
2023-11-20,2023-11-20 14:45:00,1009.19,1009.23,1009.19,1009.23,0.0,9.01,8985.01,1
2023-11-20,2023-11-20 14:46:00,1009.23,1009.27,1009.23,1009.27,0.0,9.01,8985.01,1
2023-11-20,2023-11-20 14:47:00,1009.27,1009.31,1009.27,1009.31,0.0,9.01,8985.01,1
2023-11-20,2023-11-20 14:48:00,1009.31,1009.35,1009.31,1009.35,0.0,9.01,8985.01,1
2023-11-20,2023-11-20 14:49:00,1009.35,1009.39,1009.35,1009.39,0.0,9.01,8985.01,1
2023-11-20,2023-11-20 14:50:00,1009.39,1009.43,1009.39,1009.43,0.0,9.01,8985.01,1
2023-11-20,2023-11-20 14:51:00,1009.43,1009.47,1009.43,1009.47,0.0,9.01,8985.01,1
2023-11-20,2023-11-20 14:52:00,1009.47,1009.51,1009.47,1009.51,0.0,9.01,8985.01,1
2023-11-20,2023-11-20 14:53:00,1009.51,1009.55,1009.51,1009.55,0.0,9.01,8985.01,1
2023-11-20,2023-11-20 14:54:00,1009.55,1009.6,1009.55,1009.6,0.0,9.01,8985.01,1
2023-11-20,2023-11-20 14:55:00,1009.6,1009.64,1009.6,1009.64,0.0,9.01,8985.01,1
2023-11-20,2023-11-20 14:56:00,1009.64,1009.68,1009.64,1009.68,0.0,9.01,8985.01,1
2023-11-20,2023-11-20 14:57:00,1009.68,1009.72,1009.68,1009.72,0.0,9.01,8985.01,1
2023-11-20,2023-11-20 14:58:00,1009.72,1009.76,1009.72,1009.76,0.0,9.01,8985.01,1
2023-11-20,2023-11-20 14:59:00,1009.76,1009.8,1009.76,1009.8,0.0,9.01,8985.01,1
2023-11-20,2023-11-20 15:00:00,1009.8,1060.8,985.0,1009.8,0.0,9.01,8985.01,0
2023-11-21,2023-11-21 11:00:00,1005.0,1012.05,991.8,1004.94,-0.01,11.29,10998.38,-1
2023-11-21,2023-11-21 11:01:00,1004.94,1004.94,1004.88,1004.88,-0.01,11.29,10998.38,-1
2023-11-21,2023-11-21 11:02:00,1004.88,1004.88,1004.81,1004.81,-0.01,11.29,10998.38,-1
2023-11-21,2023-11-21 11:03:00,1004.81,1004.81,1004.75,1004.75,-0.01,11.29,10998.38,-1
2023-11-21,2023-11-21 11:04:00,1004.75,1004.75,1004.69,1004.69,-0.01,11.29,10998.38,-1
2023-11-21,2023-11-21 11:05:00,1004.69,1004.69,1004.62,1004.62,-0.01,11.29,10998.38,-1
2023-11-21,2023-11-21 11:06:00,1004.62,1004.62,1004.56,1004.56,-0.01,11.29,10998.38,-1
2023-11-21,2023-11-21 11:07:00,1004.56,1004.56,1004.5,1004.5,-0.01,11.29,10998.38,-1
2023-11-21,2023-11-21 11:08:00,1004.5,1004.5,1004.44,1004.44,-0.01,11.29,10998.38,-1
2023-11-21,2023-11-21 11:09:00,1004.44,1004.44,1004.38,1004.38,-0.01,11.29,10998.38,-1
2023-11-21,2023-11-21 11:10:00,1004.38,1004.38,1004.31,1004.31,-0.01,11.29,10998.38,-1
2023-11-21,2023-11-21 11:11:00,1004.31,1004.31,1004.25,1004.25,-0.01,11.29,10998.38,-1
2023-11-21,2023-11-21 11:12:00,1004.25,1004.25,1004.19,1004.19,-0.01,11.29,10998.38,-1
2023-11-21,2023-11-21 11:13:00,1004.19,1004.19,1004.12,1004.12,-0.01,11.29,10998.38,-1
2023-11-21,2023-11-21 11:14:00,1004.12,1004.12,1004.06,1004.06,-0.01,11.29,10998.38,-1
2023-11-21,2023-11-21 11:15:00,1004.06,1004.06,1004.0,1004.0,-0.01,11.29,10998.38,-1
2023-11-21,2023-11-21 11:16:00,1004.0,1004.0,1003.94,1003.94,-0.01,11.29,10998.38,-1
2023-11-21,2023-11-21 11:17:00,1003.94,1003.94,1003.88,1003.88,-0.01,11.29,10998.38,-1
2023-11-21,2023-11-21 11:18:00,1003.88,1003.88,1003.81,1003.81,-0.01,11.29,10998.38,-1
2023-11-21,2023-11-21 11:19:00,1003.81,1003.81,1003.75,1003.75,-0.01,11.29,10998.38,-1
2023-11-21,2023-11-21 11:20:00,1003.75,1003.75,1003.69,1003.69,-0.01,11.29,10998.38,-1
2023-11-21,2023-11-21 11:21:00,1003.69,1003.69,1003.62,1003.62,-0.01,11.29,10998.38,-1
2023-11-21,2023-11-21 11:22:00,1003.62,1003.62,1003.56,1003.56,-0.01,11.29,10998.38,-1
2023-11-21,2023-11-21 11:23:00,1003.56,1003.56,1003.5,1003.5,-0.01,11.29,10998.38,-1
2023-11-21,2023-11-21 11:24:00,1003.5,1003.5,1003.44,1003.44,-0.01,11.29,10998.38,-1
2023-11-21,2023-11-21 11:25:00,1003.44,1003.44,1003.38,1003.38,-0.01,11.29,10998.38,-1
2023-11-21,2023-11-21 11:26:00,1003.38,1003.38,1003.31,1003.31,-0.01,11.29,10998.38,-1
2023-11-21,2023-11-21 11:27:00,1003.31,1003.31,1003.25,1003.25,-0.01,11.29,10998.38,-1
2023-11-21,2023-11-21 11:28:00,1003.25,1003.25,1003.19,1003.19,-0.01,11.29,10998.38,-1
2023-11-21,2023-11-21 11:29:00,1003.19,1003.19,1003.12,1003.12,-0.01,11.29,10998.38,-1
2023-11-21,2023-11-21 11:30:00,1003.12,1003.12,1003.06,1003.06,-0.01,11.29,10998.38,-1
2023-11-21,2023-11-21 11:31:00,1003.06,1003.06,1003.0,1003.0,-0.01,11.29,10998.38,-1
2023-11-21,2023-11-21 11:32:00,1003.0,1003.0,1002.94,1002.94,-0.01,11.29,10998.38,-1
2023-11-21,2023-11-21 11:33:00,1002.94,1002.94,1002.88,1002.88,-0.01,11.29,10998.38,-1
2023-11-21,2023-11-21 11:34:00,1002.88,1002.88,1002.81,1002.81,-0.01,11.29,10998.38,-1
2023-11-21,2023-11-21 11:35:00,1002.81,1002.81,1002.75,1002.75,-0.01,11.29,10998.38,-1
2023-11-21,2023-11-21 11:36:00,1002.75,1002.75,1002.69,1002.69,-0.01,11.29,10998.38,-1
2023-11-21,2023-11-21 11:37:00,1002.69,1002.69,1002.62,1002.62,-0.01,11.29,10998.38,-1
2023-11-21,2023-11-21 11:38:00,1002.62,1002.62,1002.56,1002.56,-0.01,11.29,10998.38,-1
2023-11-21,2023-11-21 11:39:00,1002.56,1002.56,1002.5,1002.5,-0.01,11.29,10998.38,-1
2023-11-21,2023-11-21 11:40:00,1002.5,1002.5,1002.44,1002.44,-0.01,11.29,10998.38,-1
2023-11-21,2023-11-21 11:41:00,1002.44,1002.44,1002.38,1002.38,-0.01,11.29,10998.38,-1
2023-11-21,2023-11-21 11:42:00,1002.38,1002.38,1002.31,1002.31,-0.01,11.29,10998.38,-1
2023-11-21,2023-11-21 11:43:00,1002.31,1002.31,1002.25,1002.25,-0.01,11.29,10998.38,-1
2023-11-21,2023-11-21 11:44:00,1002.25,1002.25,1002.19,1002.19,-0.01,11.29,10998.38,-1
2023-11-21,2023-11-21 11:45:00,1002.19,1002.19,1002.12,1002.12,-0.01,11.29,10998.38,-1
2023-11-21,2023-11-21 11:46:00,1002.12,1002.12,1002.06,1002.06,-0.01,11.29,10998.38,-1
2023-11-21,2023-11-21 11:47:00,1002.06,1002.06,1002.0,1002.0,-0.01,11.29,10998.38,-1
2023-11-21,2023-11-21 11:48:00,1002.0,1002.0,1001.94,1001.94,-0.01,11.29,10998.38,-1
2023-11-21,2023-11-21 11:49:00,1001.94,1001.94,1001.88,1001.88,-0.01,11.29,10998.38,-1
2023-11-21,2023-11-21 11:50:00,1001.88,1001.88,1001.81,1001.81,-0.01,11.29,10998.38,-1
2023-11-21,2023-11-21 11:51:00,1001.81,1001.81,1001.75,1001.75,-0.01,11.29,10998.38,-1
2023-11-21,2023-11-21 11:52:00,1001.75,1001.75,1001.69,1001.69,-0.01,11.29,10998.38,-1
2023-11-21,2023-11-21 11:53:00,1001.69,1001.69,1001.62,1001.62,-0.01,11.29,10998.38,-1
2023-11-21,2023-11-21 11:54:00,1001.62,1001.62,1001.56,1001.56,-0.01,11.29,10998.38,-1
2023-11-21,2023-11-21 11:55:00,1001.56,1001.56,1001.5,1001.5,-0.01,11.29,10998.38,-1
2023-11-21,2023-11-21 11:56:00,1001.5,1001.5,1001.44,1001.44,-0.01,11.29,10998.38,-1
2023-11-21,2023-11-21 11:57:00,1001.44,1001.44,1001.38,1001.38,-0.01,11.29,10998.38,-1
2023-11-21,2023-11-21 11:58:00,1001.38,1001.38,1001.31,1001.31,-0.01,11.29,10998.38,-1
2023-11-21,2023-11-21 11:59:00,1001.31,1001.31,1001.25,1001.25,-0.01,11.29,10998.38,-1
2023-11-21,2023-11-21 12:00:00,1001.25,1001.25,1001.19,1001.19,-0.01,11.29,10998.38,-1
2023-11-21,2023-11-21 12:01:00,1001.19,1001.19,1001.12,1001.12,-0.01,11.29,10998.38,-1
2023-11-21,2023-11-21 12:02:00,1001.12,1001.12,1001.06,1001.06,-0.01,11.29,10998.38,-1
2023-11-21,2023-11-21 12:03:00,1001.06,1001.06,1001.0,1001.0,-0.01,11.29,10998.38,-1
2023-11-21,2023-11-21 12:04:00,1001.0,1001.0,1000.94,1000.94,-0.01,11.29,10998.38,-1
2023-11-21,2023-11-21 12:05:00,1000.94,1000.94,1000.88,1000.88,-0.01,11.29,10998.38,-1
2023-11-21,2023-11-21 12:06:00,1000.88,1000.88,1000.81,1000.81,-0.01,11.29,10998.38,-1
2023-11-21,2023-11-21 12:07:00,1000.81,1000.81,1000.75,1000.75,-0.01,11.29,10998.38,-1
2023-11-21,2023-11-21 12:08:00,1000.75,1000.75,1000.69,1000.69,-0.01,11.29,10998.38,-1
2023-11-21,2023-11-21 12:09:00,1000.69,1000.69,1000.62,1000.62,-0.01,11.29,10998.38,-1
2023-11-21,2023-11-21 12:10:00,1000.62,1000.62,1000.56,1000.56,-0.01,11.29,10998.38,-1
2023-11-21,2023-11-21 12:11:00,1000.56,1000.56,1000.5,1000.5,-0.01,11.29,10998.38,-1
2023-11-21,2023-11-21 12:12:00,1000.5,1000.5,1000.44,1000.44,-0.01,11.29,10998.38,-1
2023-11-21,2023-11-21 12:13:00,1000.44,1000.44,1000.38,1000.38,-0.01,11.29,10998.38,-1
2023-11-21,2023-11-21 12:14:00,1000.38,1000.38,1000.31,1000.31,-0.01,11.29,10998.38,-1
2023-11-21,2023-11-21 12:15:00,1000.31,1000.31,1000.25,1000.25,-0.01,11.29,10998.38,-1
2023-11-21,2023-11-21 12:16:00,1000.25,1000.25,1000.19,1000.19,-0.01,11.29,10998.38,-1
2023-11-21,2023-11-21 12:17:00,1000.19,1000.19,1000.12,1000.12,-0.01,11.29,10998.38,-1
2023-11-21,2023-11-21 12:18:00,1000.12,1000.12,1000.06,1000.06,-0.01,11.29,10998.38,-1
2023-11-21,2023-11-21 12:19:00,1000.06,1000.06,1000.0,1000.0,-0.01,11.29,10998.38,-1
2023-11-21,2023-11-21 12:20:00,1000.0,1000.0,999.94,999.94,-0.01,11.29,10998.38,-1
2023-11-21,2023-11-21 12:21:00,999.94,999.94,999.88,999.88,-0.01,11.29,10998.38,-1
2023-11-21,2023-11-21 12:22:00,999.88,999.88,999.81,999.81,-0.01,11.29,10998.38,-1
2023-11-21,2023-11-21 12:23:00,999.81,999.81,999.75,999.75,-0.01,11.29,10998.38,-1
2023-11-21,2023-11-21 12:24:00,999.75,999.75,999.69,999.69,-0.01,11.29,10998.38,-1
2023-11-21,2023-11-21 12:25:00,999.69,999.69,999.62,999.62,-0.01,11.29,10998.38,-1
2023-11-21,2023-11-21 12:26:00,999.62,999.62,999.56,999.56,-0.01,11.29,10998.38,-1
2023-11-21,2023-11-21 12:27:00,999.56,999.56,999.5,999.5,-0.01,11.29,10998.38,-1
2023-11-21,2023-11-21 12:28:00,999.5,999.5,999.44,999.44,-0.01,11.29,10998.38,-1
2023-11-21,2023-11-21 12:29:00,999.44,999.44,999.38,999.38,-0.01,11.29,10998.38,-1
2023-11-21,2023-11-21 12:30:00,999.38,999.38,999.31,999.31,-0.01,11.29,10998.38,-1
2023-11-21,2023-11-21 12:31:00,999.31,999.31,999.25,999.25,-0.01,11.29,10998.38,-1
2023-11-21,2023-11-21 12:32:00,999.25,999.25,999.19,999.19,-0.01,11.29,10998.38,-1
2023-11-21,2023-11-21 12:33:00,999.19,999.19,999.12,999.12,-0.01,11.29,10998.38,-1
2023-11-21,2023-11-21 12:34:00,999.12,999.12,999.06,999.06,-0.01,11.29,10998.38,-1
2023-11-21,2023-11-21 12:35:00,999.06,999.06,999.0,999.0,-0.01,11.29,10998.38,-1
2023-11-21,2023-11-21 12:36:00,999.0,999.0,998.94,998.94,-0.01,11.29,10998.38,-1
2023-11-21,2023-11-21 12:37:00,998.94,998.94,998.88,998.88,-0.01,11.29,10998.38,-1
2023-11-21,2023-11-21 12:38:00,998.88,998.88,998.81,998.81,-0.01,11.29,10998.38,-1
2023-11-21,2023-11-21 12:39:00,998.81,998.81,998.75,998.75,-0.01,11.29,10998.38,-1
2023-11-21,2023-11-21 12:40:00,998.75,998.75,998.69,998.69,-0.01,11.29,10998.38,-1
2023-11-21,2023-11-21 12:41:00,998.69,998.69,998.62,998.62,-0.01,11.29,10998.38,-1
2023-11-21,2023-11-21 12:42:00,998.62,998.62,998.56,998.56,-0.01,11.29,10998.38,-1
2023-11-21,2023-11-21 12:43:00,998.56,998.56,998.5,998.5,-0.01,11.29,10998.38,-1
2023-11-21,2023-11-21 12:44:00,998.5,998.5,998.44,998.44,-0.01,11.29,10998.38,-1
2023-11-21,2023-11-21 12:45:00,998.44,998.44,998.38,998.38,-0.01,11.29,10998.38,-1
2023-11-21,2023-11-21 12:46:00,998.38,998.38,998.31,998.31,-0.01,11.29,10998.38,-1
2023-11-21,2023-11-21 12:47:00,998.31,998.31,998.25,998.25,-0.01,11.29,10998.38,-1
2023-11-21,2023-11-21 12:48:00,998.25,998.25,998.19,998.19,-0.01,11.29,10998.38,-1
2023-11-21,2023-11-21 12:49:00,998.19,998.19,998.12,998.12,-0.01,11.29,10998.38,-1
2023-11-21,2023-11-21 12:50:00,998.12,998.12,998.06,998.06,-0.01,11.29,10998.38,-1
2023-11-21,2023-11-21 12:51:00,998.06,998.06,998.0,998.0,-0.01,11.29,10998.38,-1
2023-11-21,2023-11-21 12:52:00,998.0,998.0,997.94,997.94,-0.01,11.29,10998.38,-1
2023-11-21,2023-11-21 12:53:00,997.94,997.94,997.88,997.88,-0.01,11.29,10998.38,-1
2023-11-21,2023-11-21 12:54:00,997.88,997.88,997.81,997.81,-0.01,11.29,10998.38,-1
2023-11-21,2023-11-21 12:55:00,997.81,997.81,997.75,997.75,-0.01,11.29,10998.38,-1
2023-11-21,2023-11-21 12:56:00,997.75,997.75,997.69,997.69,-0.01,11.29,10998.38,-1
2023-11-21,2023-11-21 12:57:00,997.69,997.69,997.62,997.62,-0.01,11.29,10998.38,-1
2023-11-21,2023-11-21 12:58:00,997.62,997.62,997.56,997.56,-0.01,11.29,10998.38,-1
2023-11-21,2023-11-21 12:59:00,997.56,997.56,997.5,997.5,-0.01,11.29,10998.38,-1
2023-11-21,2023-11-21 13:00:00,997.5,1028.5,961.0,997.44,-0.01,11.29,10998.38,-1
2023-11-21,2023-11-21 13:01:00,997.44,997.44,997.38,997.38,-0.01,11.29,10998.38,-1
2023-11-21,2023-11-21 13:02:00,997.38,997.38,997.31,997.31,-0.01,11.29,10998.38,-1
2023-11-21,2023-11-21 13:03:00,997.31,997.31,997.25,997.25,-0.01,11.29,10998.38,-1
2023-11-21,2023-11-21 13:04:00,997.25,997.25,997.19,997.19,-0.01,11.29,10998.38,-1
2023-11-21,2023-11-21 13:05:00,997.19,997.19,997.12,997.12,-0.01,11.29,10998.38,-1
2023-11-21,2023-11-21 13:06:00,997.12,997.12,997.06,997.06,-0.01,11.29,10998.38,-1
2023-11-21,2023-11-21 13:07:00,997.06,997.06,997.0,997.0,-0.01,11.29,10998.38,-1
2023-11-21,2023-11-21 13:08:00,997.0,997.0,996.94,996.94,-0.01,11.29,10998.38,-1
2023-11-21,2023-11-21 13:09:00,996.94,996.94,996.88,996.88,-0.01,11.29,10998.38,-1
2023-11-21,2023-11-21 13:10:00,996.88,996.88,996.81,996.81,-0.01,11.29,10998.38,-1
2023-11-21,2023-11-21 13:11:00,996.81,996.81,996.75,996.75,-0.01,11.29,10998.38,-1
2023-11-21,2023-11-21 13:12:00,996.75,996.75,996.69,996.69,-0.01,11.29,10998.38,-1
2023-11-21,2023-11-21 13:13:00,996.69,996.69,996.62,996.62,-0.01,11.29,10998.38,-1
2023-11-21,2023-11-21 13:14:00,996.62,996.62,996.56,996.56,-0.01,11.29,10998.38,-1
2023-11-21,2023-11-21 13:15:00,996.56,996.56,996.5,996.5,-0.01,11.29,10998.38,-1
2023-11-21,2023-11-21 13:16:00,996.5,996.5,996.44,996.44,-0.01,11.29,10998.38,-1
2023-11-21,2023-11-21 13:17:00,996.44,996.44,996.38,996.38,-0.01,11.29,10998.38,-1
2023-11-21,2023-11-21 13:18:00,996.38,996.38,996.31,996.31,-0.01,11.29,10998.38,-1
2023-11-21,2023-11-21 13:19:00,996.31,996.31,996.25,996.25,-0.01,11.29,10998.38,-1
2023-11-21,2023-11-21 13:20:00,996.25,996.25,996.19,996.19,-0.01,11.29,10998.38,-1
2023-11-21,2023-11-21 13:21:00,996.19,996.19,996.12,996.12,-0.01,11.29,10998.38,-1
2023-11-21,2023-11-21 13:22:00,996.12,996.12,996.06,996.06,-0.01,11.29,10998.38,-1
2023-11-21,2023-11-21 13:23:00,996.06,996.06,996.0,996.0,-0.01,11.29,10998.38,-1
2023-11-21,2023-11-21 13:24:00,996.0,996.0,995.94,995.94,-0.01,11.29,10998.38,-1
2023-11-21,2023-11-21 13:25:00,995.94,995.94,995.88,995.88,-0.01,11.29,10998.38,-1
2023-11-21,2023-11-21 13:26:00,995.88,995.88,995.81,995.81,-0.01,11.29,10998.38,-1
2023-11-21,2023-11-21 13:27:00,995.81,995.81,995.75,995.75,-0.01,11.29,10998.38,-1
2023-11-21,2023-11-21 13:28:00,995.75,995.75,995.69,995.69,-0.01,11.29,10998.38,-1
2023-11-21,2023-11-21 13:29:00,995.69,995.69,995.62,995.62,-0.01,11.29,10998.38,-1
2023-11-21,2023-11-21 13:30:00,995.62,995.62,995.56,995.56,-0.01,11.29,10998.38,-1
2023-11-21,2023-11-21 13:31:00,995.56,995.56,995.5,995.5,-0.01,11.29,10998.38,-1
2023-11-21,2023-11-21 13:32:00,995.5,995.5,995.44,995.44,-0.01,11.29,10998.38,-1
2023-11-21,2023-11-21 13:33:00,995.44,995.44,995.38,995.38,-0.01,11.29,10998.38,-1
2023-11-21,2023-11-21 13:34:00,995.38,995.38,995.31,995.31,-0.01,11.29,10998.38,-1
2023-11-21,2023-11-21 13:35:00,995.31,995.31,995.25,995.25,-0.01,11.29,10998.38,-1
2023-11-21,2023-11-21 13:36:00,995.25,995.25,995.19,995.19,-0.01,11.29,10998.38,-1
2023-11-21,2023-11-21 13:37:00,995.19,995.19,995.12,995.12,-0.01,11.29,10998.38,-1
2023-11-21,2023-11-21 13:38:00,995.12,995.12,995.06,995.06,-0.01,11.29,10998.38,-1
2023-11-21,2023-11-21 13:39:00,995.06,995.06,995.0,995.0,-0.01,11.29,10998.38,-1
2023-11-21,2023-11-21 13:40:00,995.0,995.0,994.94,994.94,-0.01,11.29,10998.38,-1
2023-11-21,2023-11-21 13:41:00,994.94,994.94,994.88,994.88,-0.01,11.29,10998.38,-1
2023-11-21,2023-11-21 13:42:00,994.88,994.88,994.81,994.81,-0.01,11.29,10998.38,-1
2023-11-21,2023-11-21 13:43:00,994.81,994.81,994.75,994.75,-0.01,11.29,10998.38,-1
2023-11-21,2023-11-21 13:44:00,994.75,994.75,994.69,994.69,-0.01,11.29,10998.38,-1
2023-11-21,2023-11-21 13:45:00,994.69,994.69,994.62,994.62,-0.01,11.29,10998.38,-1
2023-11-21,2023-11-21 13:46:00,994.62,994.62,994.56,994.56,-0.01,11.29,10998.38,-1
2023-11-21,2023-11-21 13:47:00,994.56,994.56,994.5,994.5,-0.01,11.29,10998.38,-1
2023-11-21,2023-11-21 13:48:00,994.5,994.5,994.44,994.44,-0.01,11.29,10998.38,-1
2023-11-21,2023-11-21 13:49:00,994.44,994.44,994.38,994.38,-0.01,11.29,10998.38,-1
2023-11-21,2023-11-21 13:50:00,994.38,994.38,994.31,994.31,-0.01,11.29,10998.38,-1
2023-11-21,2023-11-21 13:51:00,994.31,994.31,994.25,994.25,-0.01,11.29,10998.38,-1
2023-11-21,2023-11-21 13:52:00,994.25,994.25,994.19,994.19,-0.01,11.29,10998.38,-1
2023-11-21,2023-11-21 13:53:00,994.19,994.19,994.12,994.12,-0.01,11.29,10998.38,-1
2023-11-21,2023-11-21 13:54:00,994.12,994.12,994.06,994.06,-0.01,11.29,10998.38,-1
2023-11-21,2023-11-21 13:55:00,994.06,994.06,994.0,994.0,-0.01,11.29,10998.38,-1
2023-11-21,2023-11-21 13:56:00,994.0,994.0,993.94,993.94,-0.01,11.29,10998.38,-1
2023-11-21,2023-11-21 13:57:00,993.94,993.94,993.88,993.88,-0.01,11.29,10998.38,-1
2023-11-21,2023-11-21 13:58:00,993.88,993.88,993.81,993.81,-0.01,11.29,10998.38,-1
2023-11-21,2023-11-21 13:59:00,993.81,993.81,993.75,993.75,-0.01,11.29,10998.38,-1
2023-11-21,2023-11-21 14:00:00,993.75,993.75,993.69,993.69,-0.01,11.29,10998.38,-1
2023-11-21,2023-11-21 14:01:00,993.69,993.69,993.62,993.62,-0.01,11.29,10998.38,-1
2023-11-21,2023-11-21 14:02:00,993.62,993.62,993.56,993.56,-0.01,11.29,10998.38,-1
2023-11-21,2023-11-21 14:03:00,993.56,993.56,993.5,993.5,-0.01,11.29,10998.38,-1
2023-11-21,2023-11-21 14:04:00,993.5,993.5,993.44,993.44,-0.01,11.29,10998.38,-1
2023-11-21,2023-11-21 14:05:00,993.44,993.44,993.38,993.38,-0.01,11.29,10998.38,-1
2023-11-21,2023-11-21 14:06:00,993.38,993.38,993.31,993.31,-0.01,11.29,10998.38,-1
2023-11-21,2023-11-21 14:07:00,993.31,993.31,993.25,993.25,-0.01,11.29,10998.38,-1
2023-11-21,2023-11-21 14:08:00,993.25,993.25,993.19,993.19,-0.01,11.29,10998.38,-1
2023-11-21,2023-11-21 14:09:00,993.19,993.19,993.12,993.12,-0.01,11.29,10998.38,-1
2023-11-21,2023-11-21 14:10:00,993.12,993.12,993.06,993.06,-0.01,11.29,10998.38,-1
2023-11-21,2023-11-21 14:11:00,993.06,993.06,993.0,993.0,-0.01,11.29,10998.38,-1
2023-11-21,2023-11-21 14:12:00,993.0,993.0,992.94,992.94,-0.01,11.29,10998.38,-1
2023-11-21,2023-11-21 14:13:00,992.94,992.94,992.88,992.88,-0.01,11.29,10998.38,-1
2023-11-21,2023-11-21 14:14:00,992.88,992.88,992.81,992.81,-0.01,11.29,10998.38,-1
2023-11-21,2023-11-21 14:15:00,992.81,992.81,992.75,992.75,-0.01,11.29,10998.38,-1
2023-11-21,2023-11-21 14:16:00,992.75,992.75,992.69,992.69,-0.01,11.29,10998.38,-1
2023-11-21,2023-11-21 14:17:00,992.69,992.69,992.62,992.62,-0.01,11.29,10998.38,-1
2023-11-21,2023-11-21 14:18:00,992.62,992.62,992.56,992.56,-0.01,11.29,10998.38,-1
2023-11-21,2023-11-21 14:19:00,992.56,992.56,992.5,992.5,-0.01,11.29,10998.38,-1
2023-11-21,2023-11-21 14:20:00,992.5,992.5,992.44,992.44,-0.01,11.29,10998.38,-1
2023-11-21,2023-11-21 14:21:00,992.44,992.44,992.38,992.38,-0.01,11.29,10998.38,-1
2023-11-21,2023-11-21 14:22:00,992.38,992.38,992.31,992.31,-0.01,11.29,10998.38,-1
2023-11-21,2023-11-21 14:23:00,992.31,992.31,992.25,992.25,-0.01,11.29,10998.38,-1
2023-11-21,2023-11-21 14:24:00,992.25,992.25,992.19,992.19,-0.01,11.29,10998.38,-1
2023-11-21,2023-11-21 14:25:00,992.19,992.19,992.12,992.12,-0.01,11.29,10998.38,-1
2023-11-21,2023-11-21 14:26:00,992.12,992.12,992.06,992.06,-0.01,11.29,10998.38,-1
2023-11-21,2023-11-21 14:27:00,992.06,992.06,992.0,992.0,-0.01,11.29,10998.38,-1
2023-11-21,2023-11-21 14:28:00,992.0,992.0,991.94,991.94,-0.01,11.29,10998.38,-1
2023-11-21,2023-11-21 14:29:00,991.94,991.94,991.88,991.88,-0.01,11.29,10998.38,-1
2023-11-21,2023-11-21 14:30:00,991.88,991.88,991.81,991.81,-0.01,11.29,10998.38,-1
2023-11-21,2023-11-21 14:31:00,991.81,991.81,991.75,991.75,-0.01,11.29,10998.38,-1
2023-11-21,2023-11-21 14:32:00,991.75,991.75,991.69,991.69,-0.01,11.29,10998.38,-1
2023-11-21,2023-11-21 14:33:00,991.69,991.69,991.62,991.62,-0.01,11.29,10998.38,-1
2023-11-21,2023-11-21 14:34:00,991.62,991.62,991.56,991.56,-0.01,11.29,10998.38,-1
2023-11-21,2023-11-21 14:35:00,991.56,991.56,991.5,991.5,-0.01,11.29,10998.38,-1
2023-11-21,2023-11-21 14:36:00,991.5,991.5,991.44,991.44,-0.01,11.29,10998.38,-1
2023-11-21,2023-11-21 14:37:00,991.44,991.44,991.38,991.38,-0.01,11.29,10998.38,-1
2023-11-21,2023-11-21 14:38:00,991.38,991.38,991.31,991.31,-0.01,11.29,10998.38,-1
2023-11-21,2023-11-21 14:39:00,991.31,991.31,991.25,991.25,-0.01,11.29,10998.38,-1
2023-11-21,2023-11-21 14:40:00,991.25,991.25,991.19,991.19,-0.01,11.29,10998.38,-1
2023-11-21,2023-11-21 14:41:00,991.19,991.19,991.12,991.12,-0.01,11.29,10998.38,-1
2023-11-21,2023-11-21 14:42:00,991.12,991.12,991.06,991.06,-0.01,11.29,10998.38,-1
2023-11-21,2023-11-21 14:43:00,991.06,991.06,991.0,991.0,-0.01,11.29,10998.38,-1
2023-11-21,2023-11-21 14:44:00,991.0,991.0,990.94,990.94,-0.01,11.29,10998.38,-1
2023-11-21,2023-11-21 14:45:00,990.94,990.94,990.88,990.88,-0.01,11.29,10998.38,-1
2023-11-21,2023-11-21 14:46:00,990.88,990.88,990.81,990.81,-0.01,11.29,10998.38,-1
2023-11-21,2023-11-21 14:47:00,990.81,990.81,990.75,990.75,-0.01,11.29,10998.38,-1
2023-11-21,2023-11-21 14:48:00,990.75,990.75,990.69,990.69,-0.01,11.29,10998.38,-1
2023-11-21,2023-11-21 14:49:00,990.69,990.69,990.62,990.62,-0.01,11.29,10998.38,-1
2023-11-21,2023-11-21 14:50:00,990.62,990.62,990.56,990.56,-0.01,11.29,10998.38,-1
2023-11-21,2023-11-21 14:51:00,990.56,990.56,990.5,990.5,-0.01,11.29,10998.38,-1
2023-11-21,2023-11-21 14:52:00,990.5,990.5,990.44,990.44,-0.01,11.29,10998.38,-1
2023-11-21,2023-11-21 14:53:00,990.44,990.44,990.38,990.38,-0.01,11.29,10998.38,-1
2023-11-21,2023-11-21 14:54:00,990.38,990.38,990.31,990.31,-0.01,11.29,10998.38,-1
2023-11-21,2023-11-21 14:55:00,990.31,990.31,990.25,990.25,-0.01,11.29,10998.38,-1
2023-11-21,2023-11-21 14:56:00,990.25,990.25,990.19,990.19,-0.01,11.29,10998.38,-1
2023-11-21,2023-11-21 14:57:00,990.19,990.19,990.12,990.12,-0.01,11.29,10998.38,-1
2023-11-21,2023-11-21 14:58:00,990.12,990.12,990.06,990.06,-0.01,11.29,10998.38,-1
2023-11-21,2023-11-21 14:59:00,990.06,990.06,990.0,990.0,-0.01,11.29,10998.38,-1
2023-11-21,2023-11-21 15:00:00,990.0,1028.5,961.0,990.0,0.0,11.29,10998.38,0
2023-11-22,2023-11-22 11:00:00,1007.8,1007.8,996.46,1007.73,-0.01,5.0,4891.04,-1
2023-11-22,2023-11-22 11:01:00,1007.73,1007.73,1007.67,1007.67,-0.01,5.0,4891.04,-1
2023-11-22,2023-11-22 11:02:00,1007.67,1007.67,1007.6,1007.6,-0.01,5.0,4891.04,-1
2023-11-22,2023-11-22 11:03:00,1007.6,1007.6,1007.53,1007.53,-0.01,5.0,4891.04,-1
2023-11-22,2023-11-22 11:04:00,1007.53,1007.53,1007.47,1007.47,-0.01,5.0,4891.04,-1
2023-11-22,2023-11-22 11:05:00,1007.47,1007.47,1007.4,1007.4,-0.01,5.0,4891.04,-1
2023-11-22,2023-11-22 11:06:00,1007.4,1007.4,1007.34,1007.34,-0.01,5.0,4891.04,-1
2023-11-22,2023-11-22 11:07:00,1007.34,1007.34,1007.27,1007.27,-0.01,5.0,4891.04,-1
2023-11-22,2023-11-22 11:08:00,1007.27,1007.27,1007.2,1007.2,-0.01,5.0,4891.04,-1
2023-11-22,2023-11-22 11:09:00,1007.2,1007.2,1007.14,1007.14,-0.01,5.0,4891.04,-1
2023-11-22,2023-11-22 11:10:00,1007.14,1007.14,1007.07,1007.07,-0.01,5.0,4891.04,-1
2023-11-22,2023-11-22 11:11:00,1007.07,1007.07,1007.0,1007.0,-0.01,5.0,4891.04,-1
2023-11-22,2023-11-22 11:12:00,1007.0,1007.0,1006.94,1006.94,-0.01,5.0,4891.04,-1
2023-11-22,2023-11-22 11:13:00,1006.94,1006.94,1006.87,1006.87,-0.01,5.0,4891.04,-1
2023-11-22,2023-11-22 11:14:00,1006.87,1006.87,1006.81,1006.81,-0.01,5.0,4891.04,-1
2023-11-22,2023-11-22 11:15:00,1006.81,1006.81,1006.74,1006.74,-0.01,5.0,4891.04,-1
2023-11-22,2023-11-22 11:16:00,1006.74,1006.74,1006.67,1006.67,-0.01,5.0,4891.04,-1
2023-11-22,2023-11-22 11:17:00,1006.67,1006.67,1006.61,1006.61,-0.01,5.0,4891.04,-1
2023-11-22,2023-11-22 11:18:00,1006.61,1006.61,1006.54,1006.54,-0.01,5.0,4891.04,-1
2023-11-22,2023-11-22 11:19:00,1006.54,1006.54,1006.47,1006.47,-0.01,5.0,4891.04,-1
2023-11-22,2023-11-22 11:20:00,1006.47,1006.47,1006.41,1006.41,-0.01,5.0,4891.04,-1
2023-11-22,2023-11-22 11:21:00,1006.41,1006.41,1006.34,1006.34,-0.01,5.0,4891.04,-1
2023-11-22,2023-11-22 11:22:00,1006.34,1006.34,1006.28,1006.28,-0.01,5.0,4891.04,-1
2023-11-22,2023-11-22 11:23:00,1006.28,1006.28,1006.21,1006.21,-0.01,5.0,4891.04,-1
2023-11-22,2023-11-22 11:24:00,1006.21,1006.21,1006.14,1006.14,-0.01,5.0,4891.04,-1
2023-11-22,2023-11-22 11:25:00,1006.14,1006.14,1006.08,1006.08,-0.01,5.0,4891.04,-1
2023-11-22,2023-11-22 11:26:00,1006.08,1006.08,1006.01,1006.01,-0.01,5.0,4891.04,-1
2023-11-22,2023-11-22 11:27:00,1006.01,1006.01,1005.94,1005.94,-0.01,5.0,4891.04,-1
2023-11-22,2023-11-22 11:28:00,1005.94,1005.94,1005.88,1005.88,-0.01,5.0,4891.04,-1
2023-11-22,2023-11-22 11:29:00,1005.88,1005.88,1005.81,1005.81,-0.01,5.0,4891.04,-1
2023-11-22,2023-11-22 11:30:00,1005.81,1005.81,1005.75,1005.75,-0.01,5.0,4891.04,-1
2023-11-22,2023-11-22 11:31:00,1005.75,1005.75,1005.68,1005.68,-0.01,5.0,4891.04,-1
2023-11-22,2023-11-22 11:32:00,1005.68,1005.68,1005.61,1005.61,-0.01,5.0,4891.04,-1
2023-11-22,2023-11-22 11:33:00,1005.61,1005.61,1005.55,1005.55,-0.01,5.0,4891.04,-1
2023-11-22,2023-11-22 11:34:00,1005.55,1005.55,1005.48,1005.48,-0.01,5.0,4891.04,-1
2023-11-22,2023-11-22 11:35:00,1005.48,1005.48,1005.41,1005.41,-0.01,5.0,4891.04,-1
2023-11-22,2023-11-22 11:36:00,1005.41,1005.41,1005.35,1005.35,-0.01,5.0,4891.04,-1
2023-11-22,2023-11-22 11:37:00,1005.35,1005.35,1005.28,1005.28,-0.01,5.0,4891.04,-1
2023-11-22,2023-11-22 11:38:00,1005.28,1005.28,1005.22,1005.22,-0.01,5.0,4891.04,-1
2023-11-22,2023-11-22 11:39:00,1005.22,1005.22,1005.15,1005.15,-0.01,5.0,4891.04,-1
2023-11-22,2023-11-22 11:40:00,1005.15,1005.15,1005.08,1005.08,-0.01,5.0,4891.04,-1
2023-11-22,2023-11-22 11:41:00,1005.08,1005.08,1005.02,1005.02,-0.01,5.0,4891.04,-1
2023-11-22,2023-11-22 11:42:00,1005.02,1005.02,1004.95,1004.95,-0.01,5.0,4891.04,-1
2023-11-22,2023-11-22 11:43:00,1004.95,1004.95,1004.88,1004.88,-0.01,5.0,4891.04,-1
2023-11-22,2023-11-22 11:44:00,1004.88,1004.88,1004.82,1004.82,-0.01,5.0,4891.04,-1
2023-11-22,2023-11-22 11:45:00,1004.82,1004.82,1004.75,1004.75,-0.01,5.0,4891.04,-1
2023-11-22,2023-11-22 11:46:00,1004.75,1004.75,1004.69,1004.69,-0.01,5.0,4891.04,-1
2023-11-22,2023-11-22 11:47:00,1004.69,1004.69,1004.62,1004.62,-0.01,5.0,4891.04,-1
2023-11-22,2023-11-22 11:48:00,1004.62,1004.62,1004.55,1004.55,-0.01,5.0,4891.04,-1
2023-11-22,2023-11-22 11:49:00,1004.55,1004.55,1004.49,1004.49,-0.01,5.0,4891.04,-1
2023-11-22,2023-11-22 11:50:00,1004.49,1004.49,1004.42,1004.42,-0.01,5.0,4891.04,-1
2023-11-22,2023-11-22 11:51:00,1004.42,1004.42,1004.35,1004.35,-0.01,5.0,4891.04,-1
2023-11-22,2023-11-22 11:52:00,1004.35,1004.35,1004.29,1004.29,-0.01,5.0,4891.04,-1
2023-11-22,2023-11-22 11:53:00,1004.29,1004.29,1004.22,1004.22,-0.01,5.0,4891.04,-1
2023-11-22,2023-11-22 11:54:00,1004.22,1004.22,1004.16,1004.16,-0.01,5.0,4891.04,-1
2023-11-22,2023-11-22 11:55:00,1004.16,1004.16,1004.09,1004.09,-0.01,5.0,4891.04,-1
2023-11-22,2023-11-22 11:56:00,1004.09,1004.09,1004.02,1004.02,-0.01,5.0,4891.04,-1
2023-11-22,2023-11-22 11:57:00,1004.02,1004.02,1003.96,1003.96,-0.01,5.0,4891.04,-1
2023-11-22,2023-11-22 11:58:00,1003.96,1003.96,1003.89,1003.89,-0.01,5.0,4891.04,-1
2023-11-22,2023-11-22 11:59:00,1003.89,1003.89,1003.82,1003.82,-0.01,5.0,4891.04,-1
2023-11-22,2023-11-22 12:00:00,1003.82,1003.82,1003.76,1003.76,-0.01,5.0,4891.04,-1
2023-11-22,2023-11-22 12:01:00,1003.76,1003.76,1003.69,1003.69,-0.01,5.0,4891.04,-1
2023-11-22,2023-11-22 12:02:00,1003.69,1003.69,1003.63,1003.63,-0.01,5.0,4891.04,-1
2023-11-22,2023-11-22 12:03:00,1003.63,1003.63,1003.56,1003.56,-0.01,5.0,4891.04,-1
2023-11-22,2023-11-22 12:04:00,1003.56,1003.56,1003.49,1003.49,-0.01,5.0,4891.04,-1
2023-11-22,2023-11-22 12:05:00,1003.49,1003.49,1003.43,1003.43,-0.01,5.0,4891.04,-1
2023-11-22,2023-11-22 12:06:00,1003.43,1003.43,1003.36,1003.36,-0.01,5.0,4891.04,-1
2023-11-22,2023-11-22 12:07:00,1003.36,1003.36,1003.29,1003.29,-0.01,5.0,4891.04,-1
2023-11-22,2023-11-22 12:08:00,1003.29,1003.29,1003.23,1003.23,-0.01,5.0,4891.04,-1
2023-11-22,2023-11-22 12:09:00,1003.23,1003.23,1003.16,1003.16,-0.01,5.0,4891.04,-1
2023-11-22,2023-11-22 12:10:00,1003.16,1003.16,1003.1,1003.1,-0.01,5.0,4891.04,-1
2023-11-22,2023-11-22 12:11:00,1003.1,1003.1,1003.03,1003.03,-0.01,5.0,4891.04,-1
2023-11-22,2023-11-22 12:12:00,1003.03,1003.03,1002.96,1002.96,-0.01,5.0,4891.04,-1
2023-11-22,2023-11-22 12:13:00,1002.96,1002.96,1002.9,1002.9,-0.01,5.0,4891.04,-1
2023-11-22,2023-11-22 12:14:00,1002.9,1002.9,1002.83,1002.83,-0.01,5.0,4891.04,-1
2023-11-22,2023-11-22 12:15:00,1002.83,1002.83,1002.76,1002.76,-0.01,5.0,4891.04,-1
2023-11-22,2023-11-22 12:16:00,1002.76,1002.76,1002.7,1002.7,-0.01,5.0,4891.04,-1
2023-11-22,2023-11-22 12:17:00,1002.7,1002.7,1002.63,1002.63,-0.01,5.0,4891.04,-1
2023-11-22,2023-11-22 12:18:00,1002.63,1002.63,1002.57,1002.57,-0.01,5.0,4891.04,-1
2023-11-22,2023-11-22 12:19:00,1002.57,1002.57,1002.5,1002.5,-0.01,5.0,4891.04,-1
2023-11-22,2023-11-22 12:20:00,1002.5,1002.5,1002.43,1002.43,-0.01,5.0,4891.04,-1
2023-11-22,2023-11-22 12:21:00,1002.43,1002.43,1002.37,1002.37,-0.01,5.0,4891.04,-1
2023-11-22,2023-11-22 12:22:00,1002.37,1002.37,1002.3,1002.3,-0.01,5.0,4891.04,-1
2023-11-22,2023-11-22 12:23:00,1002.3,1002.3,1002.24,1002.24,-0.01,5.0,4891.04,-1
2023-11-22,2023-11-22 12:24:00,1002.24,1002.24,1002.17,1002.17,-0.01,5.0,4891.04,-1
2023-11-22,2023-11-22 12:25:00,1002.17,1002.17,1002.1,1002.1,-0.01,5.0,4891.04,-1
2023-11-22,2023-11-22 12:26:00,1002.1,1002.1,1002.04,1002.04,-0.01,5.0,4891.04,-1
2023-11-22,2023-11-22 12:27:00,1002.04,1002.04,1001.97,1001.97,-0.01,5.0,4891.04,-1
2023-11-22,2023-11-22 12:28:00,1001.97,1001.97,1001.9,1001.9,-0.01,5.0,4891.04,-1
2023-11-22,2023-11-22 12:29:00,1001.9,1001.9,1001.84,1001.84,-0.01,5.0,4891.04,-1
2023-11-22,2023-11-22 12:30:00,1001.84,1001.84,1001.77,1001.77,-0.01,5.0,4891.04,-1
2023-11-22,2023-11-22 12:31:00,1001.77,1001.77,1001.7,1001.7,-0.01,5.0,4891.04,-1
2023-11-22,2023-11-22 12:32:00,1001.7,1001.7,1001.64,1001.64,-0.01,5.0,4891.04,-1
2023-11-22,2023-11-22 12:33:00,1001.64,1001.64,1001.57,1001.57,-0.01,5.0,4891.04,-1
2023-11-22,2023-11-22 12:34:00,1001.57,1001.57,1001.51,1001.51,-0.01,5.0,4891.04,-1
2023-11-22,2023-11-22 12:35:00,1001.51,1001.51,1001.44,1001.44,-0.01,5.0,4891.04,-1
2023-11-22,2023-11-22 12:36:00,1001.44,1001.44,1001.37,1001.37,-0.01,5.0,4891.04,-1
2023-11-22,2023-11-22 12:37:00,1001.37,1001.37,1001.31,1001.31,-0.01,5.0,4891.04,-1
2023-11-22,2023-11-22 12:38:00,1001.31,1001.31,1001.24,1001.24,-0.01,5.0,4891.04,-1
2023-11-22,2023-11-22 12:39:00,1001.24,1001.24,1001.17,1001.17,-0.01,5.0,4891.04,-1
2023-11-22,2023-11-22 12:40:00,1001.17,1001.17,1001.11,1001.11,-0.01,5.0,4891.04,-1
2023-11-22,2023-11-22 12:41:00,1001.11,1001.11,1001.04,1001.04,-0.01,5.0,4891.04,-1
2023-11-22,2023-11-22 12:42:00,1001.04,1001.04,1000.98,1000.98,-0.01,5.0,4891.04,-1
2023-11-22,2023-11-22 12:43:00,1000.98,1000.98,1000.91,1000.91,-0.01,5.0,4891.04,-1
2023-11-22,2023-11-22 12:44:00,1000.91,1000.91,1000.84,1000.84,-0.01,5.0,4891.04,-1
2023-11-22,2023-11-22 12:45:00,1000.84,1000.84,1000.78,1000.78,-0.01,5.0,4891.04,-1
2023-11-22,2023-11-22 12:46:00,1000.78,1000.78,1000.71,1000.71,-0.01,5.0,4891.04,-1
2023-11-22,2023-11-22 12:47:00,1000.71,1000.71,1000.64,1000.64,-0.01,5.0,4891.04,-1
2023-11-22,2023-11-22 12:48:00,1000.64,1000.64,1000.58,1000.58,-0.01,5.0,4891.04,-1
2023-11-22,2023-11-22 12:49:00,1000.58,1000.58,1000.51,1000.51,-0.01,5.0,4891.04,-1
2023-11-22,2023-11-22 12:50:00,1000.51,1000.51,1000.45,1000.45,-0.01,5.0,4891.04,-1
2023-11-22,2023-11-22 12:51:00,1000.45,1000.45,1000.38,1000.38,-0.01,5.0,4891.04,-1
2023-11-22,2023-11-22 12:52:00,1000.38,1000.38,1000.31,1000.31,-0.01,5.0,4891.04,-1
2023-11-22,2023-11-22 12:53:00,1000.31,1000.31,1000.25,1000.25,-0.01,5.0,4891.04,-1
2023-11-22,2023-11-22 12:54:00,1000.25,1000.25,1000.18,1000.18,-0.01,5.0,4891.04,-1
2023-11-22,2023-11-22 12:55:00,1000.18,1000.18,1000.12,1000.12,-0.01,5.0,4891.04,-1
2023-11-22,2023-11-22 12:56:00,1000.12,1000.12,1000.05,1000.05,-0.01,5.0,4891.04,-1
2023-11-22,2023-11-22 12:57:00,1000.05,1000.05,999.98,999.98,-0.01,5.0,4891.04,-1
2023-11-22,2023-11-22 12:58:00,999.98,999.98,999.92,999.92,-0.01,5.0,4891.04,-1
2023-11-22,2023-11-22 12:59:00,999.92,999.92,999.85,999.85,-0.01,5.0,4891.04,-1
2023-11-22,2023-11-22 13:00:00,999.85,1007.8,970.0,999.78,-0.01,5.0,4891.04,-1
2023-11-22,2023-11-22 13:01:00,999.78,999.78,999.72,999.72,-0.01,5.0,4891.04,-1
2023-11-22,2023-11-22 13:02:00,999.72,999.72,999.65,999.65,-0.01,5.0,4891.04,-1
2023-11-22,2023-11-22 13:03:00,999.65,999.65,999.58,999.58,-0.01,5.0,4891.04,-1
2023-11-22,2023-11-22 13:04:00,999.58,999.58,999.52,999.52,-0.01,5.0,4891.04,-1
2023-11-22,2023-11-22 13:05:00,999.52,999.52,999.45,999.45,-0.01,5.0,4891.04,-1
2023-11-22,2023-11-22 13:06:00,999.45,999.45,999.39,999.39,-0.01,5.0,4891.04,-1
2023-11-22,2023-11-22 13:07:00,999.39,999.39,999.32,999.32,-0.01,5.0,4891.04,-1
2023-11-22,2023-11-22 13:08:00,999.32,999.32,999.25,999.25,-0.01,5.0,4891.04,-1
2023-11-22,2023-11-22 13:09:00,999.25,999.25,999.19,999.19,-0.01,5.0,4891.04,-1
2023-11-22,2023-11-22 13:10:00,999.19,999.19,999.12,999.12,-0.01,5.0,4891.04,-1
2023-11-22,2023-11-22 13:11:00,999.12,999.12,999.05,999.05,-0.01,5.0,4891.04,-1
2023-11-22,2023-11-22 13:12:00,999.05,999.05,998.99,998.99,-0.01,5.0,4891.04,-1
2023-11-22,2023-11-22 13:13:00,998.99,998.99,998.92,998.92,-0.01,5.0,4891.04,-1
2023-11-22,2023-11-22 13:14:00,998.92,998.92,998.86,998.86,-0.01,5.0,4891.04,-1
2023-11-22,2023-11-22 13:15:00,998.86,998.86,998.79,998.79,-0.01,5.0,4891.04,-1
2023-11-22,2023-11-22 13:16:00,998.79,998.79,998.72,998.72,-0.01,5.0,4891.04,-1
2023-11-22,2023-11-22 13:17:00,998.72,998.72,998.66,998.66,-0.01,5.0,4891.04,-1
2023-11-22,2023-11-22 13:18:00,998.66,998.66,998.59,998.59,-0.01,5.0,4891.04,-1
2023-11-22,2023-11-22 13:19:00,998.59,998.59,998.52,998.52,-0.01,5.0,4891.04,-1
2023-11-22,2023-11-22 13:20:00,998.52,998.52,998.46,998.46,-0.01,5.0,4891.04,-1
2023-11-22,2023-11-22 13:21:00,998.46,998.46,998.39,998.39,-0.01,5.0,4891.04,-1
2023-11-22,2023-11-22 13:22:00,998.39,998.39,998.33,998.33,-0.01,5.0,4891.04,-1
2023-11-22,2023-11-22 13:23:00,998.33,998.33,998.26,998.26,-0.01,5.0,4891.04,-1
2023-11-22,2023-11-22 13:24:00,998.26,998.26,998.19,998.19,-0.01,5.0,4891.04,-1
2023-11-22,2023-11-22 13:25:00,998.19,998.19,998.13,998.13,-0.01,5.0,4891.04,-1
2023-11-22,2023-11-22 13:26:00,998.13,998.13,998.06,998.06,-0.01,5.0,4891.04,-1
2023-11-22,2023-11-22 13:27:00,998.06,998.06,998.0,998.0,-0.01,5.0,4891.04,-1
2023-11-22,2023-11-22 13:28:00,998.0,998.0,997.93,997.93,-0.01,5.0,4891.04,-1
2023-11-22,2023-11-22 13:29:00,997.93,997.93,997.86,997.86,-0.01,5.0,4891.04,-1
2023-11-22,2023-11-22 13:30:00,997.86,997.86,997.8,997.8,-0.01,5.0,4891.04,-1
2023-11-22,2023-11-22 13:31:00,997.8,997.8,997.73,997.73,-0.01,5.0,4891.04,-1
2023-11-22,2023-11-22 13:32:00,997.73,997.73,997.66,997.66,-0.01,5.0,4891.04,-1
2023-11-22,2023-11-22 13:33:00,997.66,997.66,997.6,997.6,-0.01,5.0,4891.04,-1
2023-11-22,2023-11-22 13:34:00,997.6,997.6,997.53,997.53,-0.01,5.0,4891.04,-1
2023-11-22,2023-11-22 13:35:00,997.53,997.53,997.46,997.46,-0.01,5.0,4891.04,-1
2023-11-22,2023-11-22 13:36:00,997.46,997.46,997.4,997.4,-0.01,5.0,4891.04,-1
2023-11-22,2023-11-22 13:37:00,997.4,997.4,997.33,997.33,-0.01,5.0,4891.04,-1
2023-11-22,2023-11-22 13:38:00,997.33,997.33,997.27,997.27,-0.01,5.0,4891.04,-1
2023-11-22,2023-11-22 13:39:00,997.27,997.27,997.2,997.2,-0.01,5.0,4891.04,-1
2023-11-22,2023-11-22 13:40:00,997.2,997.2,997.13,997.13,-0.01,5.0,4891.04,-1
2023-11-22,2023-11-22 13:41:00,997.13,997.13,997.07,997.07,-0.01,5.0,4891.04,-1
2023-11-22,2023-11-22 13:42:00,997.07,997.07,997.0,997.0,-0.01,5.0,4891.04,-1
2023-11-22,2023-11-22 13:43:00,997.0,997.0,996.93,996.93,-0.01,5.0,4891.04,-1
2023-11-22,2023-11-22 13:44:00,996.93,996.93,996.87,996.87,-0.01,5.0,4891.04,-1
2023-11-22,2023-11-22 13:45:00,996.87,996.87,996.8,996.8,-0.01,5.0,4891.04,-1
2023-11-22,2023-11-22 13:46:00,996.8,996.8,996.74,996.74,-0.01,5.0,4891.04,-1
2023-11-22,2023-11-22 13:47:00,996.74,996.74,996.67,996.67,-0.01,5.0,4891.04,-1
2023-11-22,2023-11-22 13:48:00,996.67,996.67,996.6,996.6,-0.01,5.0,4891.04,-1
2023-11-22,2023-11-22 13:49:00,996.6,996.6,996.54,996.54,-0.01,5.0,4891.04,-1
2023-11-22,2023-11-22 13:50:00,996.54,996.54,996.47,996.47,-0.01,5.0,4891.04,-1
2023-11-22,2023-11-22 13:51:00,996.47,996.47,996.4,996.4,-0.01,5.0,4891.04,-1
2023-11-22,2023-11-22 13:52:00,996.4,996.4,996.34,996.34,-0.01,5.0,4891.04,-1
2023-11-22,2023-11-22 13:53:00,996.34,996.34,996.27,996.27,-0.01,5.0,4891.04,-1
2023-11-22,2023-11-22 13:54:00,996.27,996.27,996.21,996.21,-0.01,5.0,4891.04,-1
2023-11-22,2023-11-22 13:55:00,996.21,996.21,996.14,996.14,-0.01,5.0,4891.04,-1
2023-11-22,2023-11-22 13:56:00,996.14,996.14,996.07,996.07,-0.01,5.0,4891.04,-1
2023-11-22,2023-11-22 13:57:00,996.07,996.07,996.01,996.01,-0.01,5.0,4891.04,-1
2023-11-22,2023-11-22 13:58:00,996.01,996.01,995.94,995.94,-0.01,5.0,4891.04,-1
2023-11-22,2023-11-22 13:59:00,995.94,995.94,995.88,995.88,-0.01,5.0,4891.04,-1
2023-11-22,2023-11-22 14:00:00,995.88,995.88,995.81,995.81,-0.01,5.0,4891.04,-1
2023-11-22,2023-11-22 14:01:00,995.81,995.81,995.74,995.74,-0.01,5.0,4891.04,-1
2023-11-22,2023-11-22 14:02:00,995.74,995.74,995.68,995.68,-0.01,5.0,4891.04,-1
2023-11-22,2023-11-22 14:03:00,995.68,995.68,995.61,995.61,-0.01,5.0,4891.04,-1
2023-11-22,2023-11-22 14:04:00,995.61,995.61,995.54,995.54,-0.01,5.0,4891.04,-1
2023-11-22,2023-11-22 14:05:00,995.54,995.54,995.48,995.48,-0.01,5.0,4891.04,-1
2023-11-22,2023-11-22 14:06:00,995.48,995.48,995.41,995.41,-0.01,5.0,4891.04,-1
2023-11-22,2023-11-22 14:07:00,995.41,995.41,995.35,995.35,-0.01,5.0,4891.04,-1
2023-11-22,2023-11-22 14:08:00,995.35,995.35,995.28,995.28,-0.01,5.0,4891.04,-1
2023-11-22,2023-11-22 14:09:00,995.28,995.28,995.21,995.21,-0.01,5.0,4891.04,-1
2023-11-22,2023-11-22 14:10:00,995.21,995.21,995.15,995.15,-0.01,5.0,4891.04,-1
2023-11-22,2023-11-22 14:11:00,995.15,995.15,995.08,995.08,-0.01,5.0,4891.04,-1
2023-11-22,2023-11-22 14:12:00,995.08,995.08,995.01,995.01,-0.01,5.0,4891.04,-1
2023-11-22,2023-11-22 14:13:00,995.01,995.01,994.95,994.95,-0.01,5.0,4891.04,-1
2023-11-22,2023-11-22 14:14:00,994.95,994.95,994.88,994.88,-0.01,5.0,4891.04,-1
2023-11-22,2023-11-22 14:15:00,994.88,994.88,994.81,994.81,-0.01,5.0,4891.04,-1
2023-11-22,2023-11-22 14:16:00,994.81,994.81,994.75,994.75,-0.01,5.0,4891.04,-1
2023-11-22,2023-11-22 14:17:00,994.75,994.75,994.68,994.68,-0.01,5.0,4891.04,-1
2023-11-22,2023-11-22 14:18:00,994.68,994.68,994.62,994.62,-0.01,5.0,4891.04,-1
2023-11-22,2023-11-22 14:19:00,994.62,994.62,994.55,994.55,-0.01,5.0,4891.04,-1
2023-11-22,2023-11-22 14:20:00,994.55,994.55,994.48,994.48,-0.01,5.0,4891.04,-1
2023-11-22,2023-11-22 14:21:00,994.48,994.48,994.42,994.42,-0.01,5.0,4891.04,-1
2023-11-22,2023-11-22 14:22:00,994.42,994.42,994.35,994.35,-0.01,5.0,4891.04,-1
2023-11-22,2023-11-22 14:23:00,994.35,994.35,994.28,994.28,-0.01,5.0,4891.04,-1
2023-11-22,2023-11-22 14:24:00,994.28,994.28,994.22,994.22,-0.01,5.0,4891.04,-1
2023-11-22,2023-11-22 14:25:00,994.22,994.22,994.15,994.15,-0.01,5.0,4891.04,-1
2023-11-22,2023-11-22 14:26:00,994.15,994.15,994.09,994.09,-0.01,5.0,4891.04,-1
2023-11-22,2023-11-22 14:27:00,994.09,994.09,994.02,994.02,-0.01,5.0,4891.04,-1
2023-11-22,2023-11-22 14:28:00,994.02,994.02,993.95,993.95,-0.01,5.0,4891.04,-1
2023-11-22,2023-11-22 14:29:00,993.95,993.95,993.89,993.89,-0.01,5.0,4891.04,-1
2023-11-22,2023-11-22 14:30:00,993.89,993.89,993.82,993.82,-0.01,5.0,4891.04,-1
2023-11-22,2023-11-22 14:31:00,993.82,993.82,993.75,993.75,-0.01,5.0,4891.04,-1
2023-11-22,2023-11-22 14:32:00,993.75,993.75,993.69,993.69,-0.01,5.0,4891.04,-1
2023-11-22,2023-11-22 14:33:00,993.69,993.69,993.62,993.62,-0.01,5.0,4891.04,-1
2023-11-22,2023-11-22 14:34:00,993.62,993.62,993.56,993.56,-0.01,5.0,4891.04,-1
2023-11-22,2023-11-22 14:35:00,993.56,993.56,993.49,993.49,-0.01,5.0,4891.04,-1
2023-11-22,2023-11-22 14:36:00,993.49,993.49,993.42,993.42,-0.01,5.0,4891.04,-1
2023-11-22,2023-11-22 14:37:00,993.42,993.42,993.36,993.36,-0.01,5.0,4891.04,-1
2023-11-22,2023-11-22 14:38:00,993.36,993.36,993.29,993.29,-0.01,5.0,4891.04,-1
2023-11-22,2023-11-22 14:39:00,993.29,993.29,993.23,993.23,-0.01,5.0,4891.04,-1
2023-11-22,2023-11-22 14:40:00,993.23,993.23,993.16,993.16,-0.01,5.0,4891.04,-1
2023-11-22,2023-11-22 14:41:00,993.16,993.16,993.09,993.09,-0.01,5.0,4891.04,-1
2023-11-22,2023-11-22 14:42:00,993.09,993.09,993.03,993.03,-0.01,5.0,4891.04,-1
2023-11-22,2023-11-22 14:43:00,993.03,993.03,992.96,992.96,-0.01,5.0,4891.04,-1
2023-11-22,2023-11-22 14:44:00,992.96,992.96,992.89,992.89,-0.01,5.0,4891.04,-1
2023-11-22,2023-11-22 14:45:00,992.89,992.89,992.83,992.83,-0.01,5.0,4891.04,-1
2023-11-22,2023-11-22 14:46:00,992.83,992.83,992.76,992.76,-0.01,5.0,4891.04,-1
2023-11-22,2023-11-22 14:47:00,992.76,992.76,992.69,992.69,-0.01,5.0,4891.04,-1
2023-11-22,2023-11-22 14:48:00,992.69,992.69,992.63,992.63,-0.01,5.0,4891.04,-1
2023-11-22,2023-11-22 14:49:00,992.63,992.63,992.56,992.56,-0.01,5.0,4891.04,-1
2023-11-22,2023-11-22 14:50:00,992.56,992.56,992.5,992.5,-0.01,5.0,4891.04,-1
2023-11-22,2023-11-22 14:51:00,992.5,992.5,992.43,992.43,-0.01,5.0,4891.04,-1
2023-11-22,2023-11-22 14:52:00,992.43,992.43,992.36,992.36,-0.01,5.0,4891.04,-1
2023-11-22,2023-11-22 14:53:00,992.36,992.36,992.3,992.3,-0.01,5.0,4891.04,-1
2023-11-22,2023-11-22 14:54:00,992.3,992.3,992.23,992.23,-0.01,5.0,4891.04,-1
2023-11-22,2023-11-22 14:55:00,992.23,992.23,992.16,992.16,-0.01,5.0,4891.04,-1
2023-11-22,2023-11-22 14:56:00,992.16,992.16,992.1,992.1,-0.01,5.0,4891.04,-1
2023-11-22,2023-11-22 14:57:00,992.1,992.1,992.03,992.03,-0.01,5.0,4891.04,-1
2023-11-22,2023-11-22 14:58:00,992.03,992.03,991.97,991.97,-0.01,5.0,4891.04,-1
2023-11-22,2023-11-22 14:59:00,991.97,991.97,991.9,991.9,-0.01,5.0,4891.04,-1
2023-11-22,2023-11-22 15:00:00,991.9,1007.8,970.0,991.9,0.0,5.0,4891.04,0
2023-11-23,2023-11-23 11:00:00,972.3,973.26,967.5,972.31,0.0,7.33,7058.21,1
2023-11-23,2023-11-23 11:01:00,972.31,972.33,972.31,972.33,0.0,7.33,7058.21,1
2023-11-23,2023-11-23 11:02:00,972.33,972.34,972.33,972.34,0.0,7.33,7058.21,1
2023-11-23,2023-11-23 11:03:00,972.34,972.35,972.34,972.35,0.0,7.33,7058.21,1
2023-11-23,2023-11-23 11:04:00,972.35,972.37,972.35,972.37,0.0,7.33,7058.21,1
2023-11-23,2023-11-23 11:05:00,972.37,972.38,972.37,972.38,0.0,7.33,7058.21,1
2023-11-23,2023-11-23 11:06:00,972.38,972.39,972.38,972.39,0.0,7.33,7058.21,1
2023-11-23,2023-11-23 11:07:00,972.39,972.41,972.39,972.41,0.0,7.33,7058.21,1
2023-11-23,2023-11-23 11:08:00,972.41,972.42,972.41,972.42,0.0,7.33,7058.21,1
2023-11-23,2023-11-23 11:09:00,972.42,972.43,972.42,972.43,0.0,7.33,7058.21,1
2023-11-23,2023-11-23 11:10:00,972.43,972.45,972.43,972.45,0.0,7.33,7058.21,1
2023-11-23,2023-11-23 11:11:00,972.45,972.46,972.45,972.46,0.0,7.33,7058.21,1
2023-11-23,2023-11-23 11:12:00,972.46,972.47,972.46,972.47,0.0,7.33,7058.21,1
2023-11-23,2023-11-23 11:13:00,972.47,972.49,972.47,972.49,0.0,7.33,7058.21,1
2023-11-23,2023-11-23 11:14:00,972.49,972.5,972.49,972.5,0.0,7.33,7058.21,1
2023-11-23,2023-11-23 11:15:00,972.5,972.51,972.5,972.51,0.0,7.33,7058.21,1
2023-11-23,2023-11-23 11:16:00,972.51,972.53,972.51,972.53,0.0,7.33,7058.21,1
2023-11-23,2023-11-23 11:17:00,972.53,972.54,972.53,972.54,0.0,7.33,7058.21,1
2023-11-23,2023-11-23 11:18:00,972.54,972.55,972.54,972.55,0.0,7.33,7058.21,1
2023-11-23,2023-11-23 11:19:00,972.55,972.57,972.55,972.57,0.0,7.33,7058.21,1
2023-11-23,2023-11-23 11:20:00,972.57,972.58,972.57,972.58,0.0,7.33,7058.21,1
2023-11-23,2023-11-23 11:21:00,972.58,972.59,972.58,972.59,0.0,7.33,7058.21,1
2023-11-23,2023-11-23 11:22:00,972.59,972.61,972.59,972.61,0.0,7.33,7058.21,1
2023-11-23,2023-11-23 11:23:00,972.61,972.62,972.61,972.62,0.0,7.33,7058.21,1
2023-11-23,2023-11-23 11:24:00,972.62,972.63,972.62,972.63,0.0,7.33,7058.21,1
2023-11-23,2023-11-23 11:25:00,972.63,972.65,972.63,972.65,0.0,7.33,7058.21,1
2023-11-23,2023-11-23 11:26:00,972.65,972.66,972.65,972.66,0.0,7.33,7058.21,1
2023-11-23,2023-11-23 11:27:00,972.66,972.67,972.66,972.67,0.0,7.33,7058.21,1
2023-11-23,2023-11-23 11:28:00,972.67,972.69,972.67,972.69,0.0,7.33,7058.21,1
2023-11-23,2023-11-23 11:29:00,972.69,972.7,972.69,972.7,0.0,7.33,7058.21,1
2023-11-23,2023-11-23 11:30:00,972.7,972.71,972.7,972.71,0.0,7.33,7058.21,1
2023-11-23,2023-11-23 11:31:00,972.71,972.73,972.71,972.73,0.0,7.33,7058.21,1
2023-11-23,2023-11-23 11:32:00,972.73,972.74,972.73,972.74,0.0,7.33,7058.21,1
2023-11-23,2023-11-23 11:33:00,972.74,972.75,972.74,972.75,0.0,7.33,7058.21,1
2023-11-23,2023-11-23 11:34:00,972.75,972.77,972.75,972.77,0.0,7.33,7058.21,1
2023-11-23,2023-11-23 11:35:00,972.77,972.78,972.77,972.78,0.0,7.33,7058.21,1
2023-11-23,2023-11-23 11:36:00,972.78,972.79,972.78,972.79,0.0,7.33,7058.21,1
2023-11-23,2023-11-23 11:37:00,972.79,972.81,972.79,972.81,0.0,7.33,7058.21,1
2023-11-23,2023-11-23 11:38:00,972.81,972.82,972.81,972.82,0.0,7.33,7058.21,1
2023-11-23,2023-11-23 11:39:00,972.82,972.83,972.82,972.83,0.0,7.33,7058.21,1
2023-11-23,2023-11-23 11:40:00,972.83,972.85,972.83,972.85,0.0,7.33,7058.21,1
2023-11-23,2023-11-23 11:41:00,972.85,972.86,972.85,972.86,0.0,7.33,7058.21,1
2023-11-23,2023-11-23 11:42:00,972.86,972.87,972.86,972.87,0.0,7.33,7058.21,1
2023-11-23,2023-11-23 11:43:00,972.87,972.89,972.87,972.89,0.0,7.33,7058.21,1
2023-11-23,2023-11-23 11:44:00,972.89,972.9,972.89,972.9,0.0,7.33,7058.21,1
2023-11-23,2023-11-23 11:45:00,972.9,972.91,972.9,972.91,0.0,7.33,7058.21,1
2023-11-23,2023-11-23 11:46:00,972.91,972.93,972.91,972.93,0.0,7.33,7058.21,1
2023-11-23,2023-11-23 11:47:00,972.93,972.94,972.93,972.94,0.0,7.33,7058.21,1
2023-11-23,2023-11-23 11:48:00,972.94,972.95,972.94,972.95,0.0,7.33,7058.21,1
2023-11-23,2023-11-23 11:49:00,972.95,972.97,972.95,972.97,0.0,7.33,7058.21,1
2023-11-23,2023-11-23 11:50:00,972.97,972.98,972.97,972.98,0.0,7.33,7058.21,1
2023-11-23,2023-11-23 11:51:00,972.98,972.99,972.98,972.99,0.0,7.33,7058.21,1
2023-11-23,2023-11-23 11:52:00,972.99,973.01,972.99,973.01,0.0,7.33,7058.21,1
2023-11-23,2023-11-23 11:53:00,973.01,973.02,973.01,973.02,0.0,7.33,7058.21,1
2023-11-23,2023-11-23 11:54:00,973.02,973.03,973.02,973.03,0.0,7.33,7058.21,1
2023-11-23,2023-11-23 11:55:00,973.03,973.05,973.03,973.05,0.0,7.33,7058.21,1
2023-11-23,2023-11-23 11:56:00,973.05,973.06,973.05,973.06,0.0,7.33,7058.21,1
2023-11-23,2023-11-23 11:57:00,973.06,973.07,973.06,973.07,0.0,7.33,7058.21,1
2023-11-23,2023-11-23 11:58:00,973.07,973.09,973.07,973.09,0.0,7.33,7058.21,1
2023-11-23,2023-11-23 11:59:00,973.09,973.1,973.09,973.1,0.0,7.33,7058.21,1
2023-11-23,2023-11-23 12:00:00,973.1,973.11,973.1,973.11,0.0,7.33,7058.21,1
2023-11-23,2023-11-23 12:01:00,973.11,973.13,973.11,973.13,0.0,7.33,7058.21,1
2023-11-23,2023-11-23 12:02:00,973.13,973.14,973.13,973.14,0.0,7.33,7058.21,1
2023-11-23,2023-11-23 12:03:00,973.14,973.15,973.14,973.15,0.0,7.33,7058.21,1
2023-11-23,2023-11-23 12:04:00,973.15,973.17,973.15,973.17,0.0,7.33,7058.21,1
2023-11-23,2023-11-23 12:05:00,973.17,973.18,973.17,973.18,0.0,7.33,7058.21,1
2023-11-23,2023-11-23 12:06:00,973.18,973.19,973.18,973.19,0.0,7.33,7058.21,1
2023-11-23,2023-11-23 12:07:00,973.19,973.21,973.19,973.21,0.0,7.33,7058.21,1
2023-11-23,2023-11-23 12:08:00,973.21,973.22,973.21,973.22,0.0,7.33,7058.21,1
2023-11-23,2023-11-23 12:09:00,973.22,973.23,973.22,973.23,0.0,7.33,7058.21,1
2023-11-23,2023-11-23 12:10:00,973.23,973.25,973.23,973.25,0.0,7.33,7058.21,1
2023-11-23,2023-11-23 12:11:00,973.25,973.26,973.25,973.26,0.0,7.33,7058.21,1
2023-11-23,2023-11-23 12:12:00,973.26,973.27,973.26,973.27,0.0,7.33,7058.21,1
2023-11-23,2023-11-23 12:13:00,973.27,973.29,973.27,973.29,0.0,7.33,7058.21,1
2023-11-23,2023-11-23 12:14:00,973.29,973.3,973.29,973.3,0.0,7.33,7058.21,1
2023-11-23,2023-11-23 12:15:00,973.3,973.31,973.3,973.31,0.0,7.33,7058.21,1
2023-11-23,2023-11-23 12:16:00,973.31,973.33,973.31,973.33,0.0,7.33,7058.21,1
2023-11-23,2023-11-23 12:17:00,973.33,973.34,973.33,973.34,0.0,7.33,7058.21,1
2023-11-23,2023-11-23 12:18:00,973.34,973.35,973.34,973.35,0.0,7.33,7058.21,1
2023-11-23,2023-11-23 12:19:00,973.35,973.37,973.35,973.37,0.0,7.33,7058.21,1
2023-11-23,2023-11-23 12:20:00,973.37,973.38,973.37,973.38,0.0,7.33,7058.21,1
2023-11-23,2023-11-23 12:21:00,973.38,973.39,973.38,973.39,0.0,7.33,7058.21,1
2023-11-23,2023-11-23 12:22:00,973.39,973.41,973.39,973.41,0.0,7.33,7058.21,1
2023-11-23,2023-11-23 12:23:00,973.41,973.42,973.41,973.42,0.0,7.33,7058.21,1
2023-11-23,2023-11-23 12:24:00,973.42,973.43,973.42,973.43,0.0,7.33,7058.21,1
2023-11-23,2023-11-23 12:25:00,973.43,973.45,973.43,973.45,0.0,7.33,7058.21,1
2023-11-23,2023-11-23 12:26:00,973.45,973.46,973.45,973.46,0.0,7.33,7058.21,1
2023-11-23,2023-11-23 12:27:00,973.46,973.47,973.46,973.47,0.0,7.33,7058.21,1
2023-11-23,2023-11-23 12:28:00,973.47,973.49,973.47,973.49,0.0,7.33,7058.21,1
2023-11-23,2023-11-23 12:29:00,973.49,973.5,973.49,973.5,0.0,7.33,7058.21,1
2023-11-23,2023-11-23 12:30:00,973.5,973.51,973.5,973.51,0.0,7.33,7058.21,1
2023-11-23,2023-11-23 12:31:00,973.51,973.53,973.51,973.53,0.0,7.33,7058.21,1
2023-11-23,2023-11-23 12:32:00,973.53,973.54,973.53,973.54,0.0,7.33,7058.21,1
2023-11-23,2023-11-23 12:33:00,973.54,973.55,973.54,973.55,0.0,7.33,7058.21,1
2023-11-23,2023-11-23 12:34:00,973.55,973.57,973.55,973.57,0.0,7.33,7058.21,1
2023-11-23,2023-11-23 12:35:00,973.57,973.58,973.57,973.58,0.0,7.33,7058.21,1
2023-11-23,2023-11-23 12:36:00,973.58,973.59,973.58,973.59,0.0,7.33,7058.21,1
2023-11-23,2023-11-23 12:37:00,973.59,973.61,973.59,973.61,0.0,7.33,7058.21,1
2023-11-23,2023-11-23 12:38:00,973.61,973.62,973.61,973.62,0.0,7.33,7058.21,1
2023-11-23,2023-11-23 12:39:00,973.62,973.63,973.62,973.63,0.0,7.33,7058.21,1
2023-11-23,2023-11-23 12:40:00,973.63,973.65,973.63,973.65,0.0,7.33,7058.21,1
2023-11-23,2023-11-23 12:41:00,973.65,973.66,973.65,973.66,0.0,7.33,7058.21,1
2023-11-23,2023-11-23 12:42:00,973.66,973.67,973.66,973.67,0.0,7.33,7058.21,1
2023-11-23,2023-11-23 12:43:00,973.67,973.69,973.67,973.69,0.0,7.33,7058.21,1
2023-11-23,2023-11-23 12:44:00,973.69,973.7,973.69,973.7,0.0,7.33,7058.21,1
2023-11-23,2023-11-23 12:45:00,973.7,973.71,973.7,973.71,0.0,7.33,7058.21,1
2023-11-23,2023-11-23 12:46:00,973.71,973.73,973.71,973.73,0.0,7.33,7058.21,1
2023-11-23,2023-11-23 12:47:00,973.73,973.74,973.73,973.74,0.0,7.33,7058.21,1
2023-11-23,2023-11-23 12:48:00,973.74,973.75,973.74,973.75,0.0,7.33,7058.21,1
2023-11-23,2023-11-23 12:49:00,973.75,973.77,973.75,973.77,0.0,7.33,7058.21,1
2023-11-23,2023-11-23 12:50:00,973.77,973.78,973.77,973.78,0.0,7.33,7058.21,1
2023-11-23,2023-11-23 12:51:00,973.78,973.79,973.78,973.79,0.0,7.33,7058.21,1
2023-11-23,2023-11-23 12:52:00,973.79,973.81,973.79,973.81,0.0,7.33,7058.21,1
2023-11-23,2023-11-23 12:53:00,973.81,973.82,973.81,973.82,0.0,7.33,7058.21,1
2023-11-23,2023-11-23 12:54:00,973.82,973.83,973.82,973.83,0.0,7.33,7058.21,1
2023-11-23,2023-11-23 12:55:00,973.83,973.85,973.83,973.85,0.0,7.33,7058.21,1
2023-11-23,2023-11-23 12:56:00,973.85,973.86,973.85,973.86,0.0,7.33,7058.21,1
2023-11-23,2023-11-23 12:57:00,973.86,973.87,973.86,973.87,0.0,7.33,7058.21,1
2023-11-23,2023-11-23 12:58:00,973.87,973.89,973.87,973.89,0.0,7.33,7058.21,1
2023-11-23,2023-11-23 12:59:00,973.89,973.9,973.89,973.9,0.0,7.33,7058.21,1
2023-11-23,2023-11-23 13:00:00,973.9,975.5,956.3,973.91,0.0,7.33,7058.21,1
2023-11-23,2023-11-23 13:01:00,973.91,973.93,973.91,973.93,0.0,7.33,7058.21,1
2023-11-23,2023-11-23 13:02:00,973.93,973.94,973.93,973.94,0.0,7.33,7058.21,1
2023-11-23,2023-11-23 13:03:00,973.94,973.95,973.94,973.95,0.0,7.33,7058.21,1
2023-11-23,2023-11-23 13:04:00,973.95,973.97,973.95,973.97,0.0,7.33,7058.21,1
2023-11-23,2023-11-23 13:05:00,973.97,973.98,973.97,973.98,0.0,7.33,7058.21,1
2023-11-23,2023-11-23 13:06:00,973.98,973.99,973.98,973.99,0.0,7.33,7058.21,1
2023-11-23,2023-11-23 13:07:00,973.99,974.01,973.99,974.01,0.0,7.33,7058.21,1
2023-11-23,2023-11-23 13:08:00,974.01,974.02,974.01,974.02,0.0,7.33,7058.21,1
2023-11-23,2023-11-23 13:09:00,974.02,974.03,974.02,974.03,0.0,7.33,7058.21,1
2023-11-23,2023-11-23 13:10:00,974.03,974.05,974.03,974.05,0.0,7.33,7058.21,1
2023-11-23,2023-11-23 13:11:00,974.05,974.06,974.05,974.06,0.0,7.33,7058.21,1
2023-11-23,2023-11-23 13:12:00,974.06,974.07,974.06,974.07,0.0,7.33,7058.21,1
2023-11-23,2023-11-23 13:13:00,974.07,974.09,974.07,974.09,0.0,7.33,7058.21,1
2023-11-23,2023-11-23 13:14:00,974.09,974.1,974.09,974.1,0.0,7.33,7058.21,1
2023-11-23,2023-11-23 13:15:00,974.1,974.11,974.1,974.11,0.0,7.33,7058.21,1
2023-11-23,2023-11-23 13:16:00,974.11,974.13,974.11,974.13,0.0,7.33,7058.21,1
2023-11-23,2023-11-23 13:17:00,974.13,974.14,974.13,974.14,0.0,7.33,7058.21,1
2023-11-23,2023-11-23 13:18:00,974.14,974.15,974.14,974.15,0.0,7.33,7058.21,1
2023-11-23,2023-11-23 13:19:00,974.15,974.17,974.15,974.17,0.0,7.33,7058.21,1
2023-11-23,2023-11-23 13:20:00,974.17,974.18,974.17,974.18,0.0,7.33,7058.21,1
2023-11-23,2023-11-23 13:21:00,974.18,974.19,974.18,974.19,0.0,7.33,7058.21,1
2023-11-23,2023-11-23 13:22:00,974.19,974.21,974.19,974.21,0.0,7.33,7058.21,1
2023-11-23,2023-11-23 13:23:00,974.21,974.22,974.21,974.22,0.0,7.33,7058.21,1
2023-11-23,2023-11-23 13:24:00,974.22,974.23,974.22,974.23,0.0,7.33,7058.21,1
2023-11-23,2023-11-23 13:25:00,974.23,974.25,974.23,974.25,0.0,7.33,7058.21,1
2023-11-23,2023-11-23 13:26:00,974.25,974.26,974.25,974.26,0.0,7.33,7058.21,1
2023-11-23,2023-11-23 13:27:00,974.26,974.27,974.26,974.27,0.0,7.33,7058.21,1
2023-11-23,2023-11-23 13:28:00,974.27,974.29,974.27,974.29,0.0,7.33,7058.21,1
2023-11-23,2023-11-23 13:29:00,974.29,974.3,974.29,974.3,0.0,7.33,7058.21,1
2023-11-23,2023-11-23 13:30:00,974.3,974.31,974.3,974.31,0.0,7.33,7058.21,1
2023-11-23,2023-11-23 13:31:00,974.31,974.33,974.31,974.33,0.0,7.33,7058.21,1
2023-11-23,2023-11-23 13:32:00,974.33,974.34,974.33,974.34,0.0,7.33,7058.21,1
2023-11-23,2023-11-23 13:33:00,974.34,974.35,974.34,974.35,0.0,7.33,7058.21,1
2023-11-23,2023-11-23 13:34:00,974.35,974.37,974.35,974.37,0.0,7.33,7058.21,1
2023-11-23,2023-11-23 13:35:00,974.37,974.38,974.37,974.38,0.0,7.33,7058.21,1
2023-11-23,2023-11-23 13:36:00,974.38,974.39,974.38,974.39,0.0,7.33,7058.21,1
2023-11-23,2023-11-23 13:37:00,974.39,974.41,974.39,974.41,0.0,7.33,7058.21,1
2023-11-23,2023-11-23 13:38:00,974.41,974.42,974.41,974.42,0.0,7.33,7058.21,1
2023-11-23,2023-11-23 13:39:00,974.42,974.43,974.42,974.43,0.0,7.33,7058.21,1
2023-11-23,2023-11-23 13:40:00,974.43,974.45,974.43,974.45,0.0,7.33,7058.21,1
2023-11-23,2023-11-23 13:41:00,974.45,974.46,974.45,974.46,0.0,7.33,7058.21,1
2023-11-23,2023-11-23 13:42:00,974.46,974.47,974.46,974.47,0.0,7.33,7058.21,1
2023-11-23,2023-11-23 13:43:00,974.47,974.49,974.47,974.49,0.0,7.33,7058.21,1
2023-11-23,2023-11-23 13:44:00,974.49,974.5,974.49,974.5,0.0,7.33,7058.21,1
2023-11-23,2023-11-23 13:45:00,974.5,974.51,974.5,974.51,0.0,7.33,7058.21,1
2023-11-23,2023-11-23 13:46:00,974.51,974.53,974.51,974.53,0.0,7.33,7058.21,1
2023-11-23,2023-11-23 13:47:00,974.53,974.54,974.53,974.54,0.0,7.33,7058.21,1
2023-11-23,2023-11-23 13:48:00,974.54,974.55,974.54,974.55,0.0,7.33,7058.21,1
2023-11-23,2023-11-23 13:49:00,974.55,974.57,974.55,974.57,0.0,7.33,7058.21,1
2023-11-23,2023-11-23 13:50:00,974.57,974.58,974.57,974.58,0.0,7.33,7058.21,1
2023-11-23,2023-11-23 13:51:00,974.58,974.59,974.58,974.59,0.0,7.33,7058.21,1
2023-11-23,2023-11-23 13:52:00,974.59,974.61,974.59,974.61,0.0,7.33,7058.21,1
2023-11-23,2023-11-23 13:53:00,974.61,974.62,974.61,974.62,0.0,7.33,7058.21,1
2023-11-23,2023-11-23 13:54:00,974.62,974.63,974.62,974.63,0.0,7.33,7058.21,1
2023-11-23,2023-11-23 13:55:00,974.63,974.65,974.63,974.65,0.0,7.33,7058.21,1
2023-11-23,2023-11-23 13:56:00,974.65,974.66,974.65,974.66,0.0,7.33,7058.21,1
2023-11-23,2023-11-23 13:57:00,974.66,974.67,974.66,974.67,0.0,7.33,7058.21,1
2023-11-23,2023-11-23 13:58:00,974.67,974.69,974.67,974.69,0.0,7.33,7058.21,1
2023-11-23,2023-11-23 13:59:00,974.69,974.7,974.69,974.7,0.0,7.33,7058.21,1
2023-11-23,2023-11-23 14:00:00,974.7,974.71,974.7,974.71,0.0,7.33,7058.21,1
2023-11-23,2023-11-23 14:01:00,974.71,974.73,974.71,974.73,0.0,7.33,7058.21,1
2023-11-23,2023-11-23 14:02:00,974.73,974.74,974.73,974.74,0.0,7.33,7058.21,1
2023-11-23,2023-11-23 14:03:00,974.74,974.75,974.74,974.75,0.0,7.33,7058.21,1
2023-11-23,2023-11-23 14:04:00,974.75,974.77,974.75,974.77,0.0,7.33,7058.21,1
2023-11-23,2023-11-23 14:05:00,974.77,974.78,974.77,974.78,0.0,7.33,7058.21,1
2023-11-23,2023-11-23 14:06:00,974.78,974.79,974.78,974.79,0.0,7.33,7058.21,1
2023-11-23,2023-11-23 14:07:00,974.79,974.81,974.79,974.81,0.0,7.33,7058.21,1
2023-11-23,2023-11-23 14:08:00,974.81,974.82,974.81,974.82,0.0,7.33,7058.21,1
2023-11-23,2023-11-23 14:09:00,974.82,974.83,974.82,974.83,0.0,7.33,7058.21,1
2023-11-23,2023-11-23 14:10:00,974.83,974.85,974.83,974.85,0.0,7.33,7058.21,1
2023-11-23,2023-11-23 14:11:00,974.85,974.86,974.85,974.86,0.0,7.33,7058.21,1
2023-11-23,2023-11-23 14:12:00,974.86,974.87,974.86,974.87,0.0,7.33,7058.21,1
2023-11-23,2023-11-23 14:13:00,974.87,974.89,974.87,974.89,0.0,7.33,7058.21,1
2023-11-23,2023-11-23 14:14:00,974.89,974.9,974.89,974.9,0.0,7.33,7058.21,1
2023-11-23,2023-11-23 14:15:00,974.9,974.91,974.9,974.91,0.0,7.33,7058.21,1
2023-11-23,2023-11-23 14:16:00,974.91,974.93,974.91,974.93,0.0,7.33,7058.21,1
2023-11-23,2023-11-23 14:17:00,974.93,974.94,974.93,974.94,0.0,7.33,7058.21,1
2023-11-23,2023-11-23 14:18:00,974.94,974.95,974.94,974.95,0.0,7.33,7058.21,1
2023-11-23,2023-11-23 14:19:00,974.95,974.97,974.95,974.97,0.0,7.33,7058.21,1
2023-11-23,2023-11-23 14:20:00,974.97,974.98,974.97,974.98,0.0,7.33,7058.21,1
2023-11-23,2023-11-23 14:21:00,974.98,974.99,974.98,974.99,0.0,7.33,7058.21,1
2023-11-23,2023-11-23 14:22:00,974.99,975.01,974.99,975.01,0.0,7.33,7058.21,1
2023-11-23,2023-11-23 14:23:00,975.01,975.02,975.01,975.02,0.0,7.33,7058.21,1
2023-11-23,2023-11-23 14:24:00,975.02,975.03,975.02,975.03,0.0,7.33,7058.21,1
2023-11-23,2023-11-23 14:25:00,975.03,975.05,975.03,975.05,0.0,7.33,7058.21,1
2023-11-23,2023-11-23 14:26:00,975.05,975.06,975.05,975.06,0.0,7.33,7058.21,1
2023-11-23,2023-11-23 14:27:00,975.06,975.07,975.06,975.07,0.0,7.33,7058.21,1
2023-11-23,2023-11-23 14:28:00,975.07,975.09,975.07,975.09,0.0,7.33,7058.21,1
2023-11-23,2023-11-23 14:29:00,975.09,975.1,975.09,975.1,0.0,7.33,7058.21,1
2023-11-23,2023-11-23 14:30:00,975.1,975.11,975.1,975.11,0.0,7.33,7058.21,1
2023-11-23,2023-11-23 14:31:00,975.11,975.13,975.11,975.13,0.0,7.33,7058.21,1
2023-11-23,2023-11-23 14:32:00,975.13,975.14,975.13,975.14,0.0,7.33,7058.21,1
2023-11-23,2023-11-23 14:33:00,975.14,975.15,975.14,975.15,0.0,7.33,7058.21,1
2023-11-23,2023-11-23 14:34:00,975.15,975.17,975.15,975.17,0.0,7.33,7058.21,1
2023-11-23,2023-11-23 14:35:00,975.17,975.18,975.17,975.18,0.0,7.33,7058.21,1
2023-11-23,2023-11-23 14:36:00,975.18,975.19,975.18,975.19,0.0,7.33,7058.21,1
2023-11-23,2023-11-23 14:37:00,975.19,975.21,975.19,975.21,0.0,7.33,7058.21,1
2023-11-23,2023-11-23 14:38:00,975.21,975.22,975.21,975.22,0.0,7.33,7058.21,1
2023-11-23,2023-11-23 14:39:00,975.22,975.23,975.22,975.23,0.0,7.33,7058.21,1
2023-11-23,2023-11-23 14:40:00,975.23,975.25,975.23,975.25,0.0,7.33,7058.21,1
2023-11-23,2023-11-23 14:41:00,975.25,975.26,975.25,975.26,0.0,7.33,7058.21,1
2023-11-23,2023-11-23 14:42:00,975.26,975.27,975.26,975.27,0.0,7.33,7058.21,1
2023-11-23,2023-11-23 14:43:00,975.27,975.29,975.27,975.29,0.0,7.33,7058.21,1
2023-11-23,2023-11-23 14:44:00,975.29,975.3,975.29,975.3,0.0,7.33,7058.21,1
2023-11-23,2023-11-23 14:45:00,975.3,975.31,975.3,975.31,0.0,7.33,7058.21,1
2023-11-23,2023-11-23 14:46:00,975.31,975.33,975.31,975.33,0.0,7.33,7058.21,1
2023-11-23,2023-11-23 14:47:00,975.33,975.34,975.33,975.34,0.0,7.33,7058.21,1
2023-11-23,2023-11-23 14:48:00,975.34,975.35,975.34,975.35,0.0,7.33,7058.21,1
2023-11-23,2023-11-23 14:49:00,975.35,975.37,975.35,975.37,0.0,7.33,7058.21,1
2023-11-23,2023-11-23 14:50:00,975.37,975.38,975.37,975.38,0.0,7.33,7058.21,1
2023-11-23,2023-11-23 14:51:00,975.38,975.39,975.38,975.39,0.0,7.33,7058.21,1
2023-11-23,2023-11-23 14:52:00,975.39,975.41,975.39,975.41,0.0,7.33,7058.21,1
2023-11-23,2023-11-23 14:53:00,975.41,975.42,975.41,975.42,0.0,7.33,7058.21,1
2023-11-23,2023-11-23 14:54:00,975.42,975.43,975.42,975.43,0.0,7.33,7058.21,1
2023-11-23,2023-11-23 14:55:00,975.43,975.45,975.43,975.45,0.0,7.33,7058.21,1
2023-11-23,2023-11-23 14:56:00,975.45,975.46,975.45,975.46,0.0,7.33,7058.21,1
2023-11-23,2023-11-23 14:57:00,975.46,975.47,975.46,975.47,0.0,7.33,7058.21,1
2023-11-23,2023-11-23 14:58:00,975.47,975.49,975.47,975.49,0.0,7.33,7058.21,1
2023-11-23,2023-11-23 14:59:00,975.49,975.5,975.49,975.5,0.0,7.33,7058.21,1
2023-11-23,2023-11-23 15:00:00,975.5,975.5,956.3,975.5,0.0,7.33,7058.21,0
2023-11-26,2023-11-26 11:00:00,995.0,999.5,989.0,995.02,0.0,7.64,7552.81,1
2023-11-26,2023-11-26 11:01:00,995.02,995.04,995.02,995.04,0.0,7.64,7552.81,1
2023-11-26,2023-11-26 11:02:00,995.04,995.06,995.04,995.06,0.0,7.64,7552.81,1
2023-11-26,2023-11-26 11:03:00,995.06,995.08,995.06,995.08,0.0,7.64,7552.81,1
2023-11-26,2023-11-26 11:04:00,995.08,995.1,995.08,995.1,0.0,7.64,7552.81,1
2023-11-26,2023-11-26 11:05:00,995.1,995.12,995.1,995.12,0.0,7.64,7552.81,1
2023-11-26,2023-11-26 11:06:00,995.12,995.15,995.12,995.15,0.0,7.64,7552.81,1
2023-11-26,2023-11-26 11:07:00,995.15,995.17,995.15,995.17,0.0,7.64,7552.81,1
2023-11-26,2023-11-26 11:08:00,995.17,995.19,995.17,995.19,0.0,7.64,7552.81,1
2023-11-26,2023-11-26 11:09:00,995.19,995.21,995.19,995.21,0.0,7.64,7552.81,1
2023-11-26,2023-11-26 11:10:00,995.21,995.23,995.21,995.23,0.0,7.64,7552.81,1
2023-11-26,2023-11-26 11:11:00,995.23,995.25,995.23,995.25,0.0,7.64,7552.81,1
2023-11-26,2023-11-26 11:12:00,995.25,995.27,995.25,995.27,0.0,7.64,7552.81,1
2023-11-26,2023-11-26 11:13:00,995.27,995.29,995.27,995.29,0.0,7.64,7552.81,1
2023-11-26,2023-11-26 11:14:00,995.29,995.31,995.29,995.31,0.0,7.64,7552.81,1
2023-11-26,2023-11-26 11:15:00,995.31,995.33,995.31,995.33,0.0,7.64,7552.81,1
2023-11-26,2023-11-26 11:16:00,995.33,995.35,995.33,995.35,0.0,7.64,7552.81,1
2023-11-26,2023-11-26 11:17:00,995.35,995.38,995.35,995.38,0.0,7.64,7552.81,1
2023-11-26,2023-11-26 11:18:00,995.38,995.4,995.38,995.4,0.0,7.64,7552.81,1
2023-11-26,2023-11-26 11:19:00,995.4,995.42,995.4,995.42,0.0,7.64,7552.81,1
2023-11-26,2023-11-26 11:20:00,995.42,995.44,995.42,995.44,0.0,7.64,7552.81,1
2023-11-26,2023-11-26 11:21:00,995.44,995.46,995.44,995.46,0.0,7.64,7552.81,1
2023-11-26,2023-11-26 11:22:00,995.46,995.48,995.46,995.48,0.0,7.64,7552.81,1
2023-11-26,2023-11-26 11:23:00,995.48,995.5,995.48,995.5,0.0,7.64,7552.81,1
2023-11-26,2023-11-26 11:24:00,995.5,995.52,995.5,995.52,0.0,7.64,7552.81,1
2023-11-26,2023-11-26 11:25:00,995.52,995.54,995.52,995.54,0.0,7.64,7552.81,1
2023-11-26,2023-11-26 11:26:00,995.54,995.56,995.54,995.56,0.0,7.64,7552.81,1
2023-11-26,2023-11-26 11:27:00,995.56,995.58,995.56,995.58,0.0,7.64,7552.81,1
2023-11-26,2023-11-26 11:28:00,995.58,995.6,995.58,995.6,0.0,7.64,7552.81,1
2023-11-26,2023-11-26 11:29:00,995.6,995.62,995.6,995.62,0.0,7.64,7552.81,1
2023-11-26,2023-11-26 11:30:00,995.62,995.65,995.62,995.65,0.0,7.64,7552.81,1
2023-11-26,2023-11-26 11:31:00,995.65,995.67,995.65,995.67,0.0,7.64,7552.81,1
2023-11-26,2023-11-26 11:32:00,995.67,995.69,995.67,995.69,0.0,7.64,7552.81,1
2023-11-26,2023-11-26 11:33:00,995.69,995.71,995.69,995.71,0.0,7.64,7552.81,1
2023-11-26,2023-11-26 11:34:00,995.71,995.73,995.71,995.73,0.0,7.64,7552.81,1
2023-11-26,2023-11-26 11:35:00,995.73,995.75,995.73,995.75,0.0,7.64,7552.81,1
2023-11-26,2023-11-26 11:36:00,995.75,995.77,995.75,995.77,0.0,7.64,7552.81,1
2023-11-26,2023-11-26 11:37:00,995.77,995.79,995.77,995.79,0.0,7.64,7552.81,1
2023-11-26,2023-11-26 11:38:00,995.79,995.81,995.79,995.81,0.0,7.64,7552.81,1
2023-11-26,2023-11-26 11:39:00,995.81,995.83,995.81,995.83,0.0,7.64,7552.81,1
2023-11-26,2023-11-26 11:40:00,995.83,995.85,995.83,995.85,0.0,7.64,7552.81,1
2023-11-26,2023-11-26 11:41:00,995.85,995.88,995.85,995.88,0.0,7.64,7552.81,1
2023-11-26,2023-11-26 11:42:00,995.88,995.9,995.88,995.9,0.0,7.64,7552.81,1
2023-11-26,2023-11-26 11:43:00,995.9,995.92,995.9,995.92,0.0,7.64,7552.81,1
2023-11-26,2023-11-26 11:44:00,995.92,995.94,995.92,995.94,0.0,7.64,7552.81,1
2023-11-26,2023-11-26 11:45:00,995.94,995.96,995.94,995.96,0.0,7.64,7552.81,1
2023-11-26,2023-11-26 11:46:00,995.96,995.98,995.96,995.98,0.0,7.64,7552.81,1
2023-11-26,2023-11-26 11:47:00,995.98,996.0,995.98,996.0,0.0,7.64,7552.81,1
2023-11-26,2023-11-26 11:48:00,996.0,996.02,996.0,996.02,0.0,7.64,7552.81,1
2023-11-26,2023-11-26 11:49:00,996.02,996.04,996.02,996.04,0.0,7.64,7552.81,1
2023-11-26,2023-11-26 11:50:00,996.04,996.06,996.04,996.06,0.0,7.64,7552.81,1
2023-11-26,2023-11-26 11:51:00,996.06,996.08,996.06,996.08,0.0,7.64,7552.81,1
2023-11-26,2023-11-26 11:52:00,996.08,996.1,996.08,996.1,0.0,7.64,7552.81,1
2023-11-26,2023-11-26 11:53:00,996.1,996.12,996.1,996.12,0.0,7.64,7552.81,1
2023-11-26,2023-11-26 11:54:00,996.12,996.15,996.12,996.15,0.0,7.64,7552.81,1
2023-11-26,2023-11-26 11:55:00,996.15,996.17,996.15,996.17,0.0,7.64,7552.81,1
2023-11-26,2023-11-26 11:56:00,996.17,996.19,996.17,996.19,0.0,7.64,7552.81,1
2023-11-26,2023-11-26 11:57:00,996.19,996.21,996.19,996.21,0.0,7.64,7552.81,1
2023-11-26,2023-11-26 11:58:00,996.21,996.23,996.21,996.23,0.0,7.64,7552.81,1
2023-11-26,2023-11-26 11:59:00,996.23,996.25,996.23,996.25,0.0,7.64,7552.81,1
2023-11-26,2023-11-26 12:00:00,996.25,996.27,996.25,996.27,0.0,7.64,7552.81,1
2023-11-26,2023-11-26 12:01:00,996.27,996.29,996.27,996.29,0.0,7.64,7552.81,1
2023-11-26,2023-11-26 12:02:00,996.29,996.31,996.29,996.31,0.0,7.64,7552.81,1
2023-11-26,2023-11-26 12:03:00,996.31,996.33,996.31,996.33,0.0,7.64,7552.81,1
2023-11-26,2023-11-26 12:04:00,996.33,996.35,996.33,996.35,0.0,7.64,7552.81,1
2023-11-26,2023-11-26 12:05:00,996.35,996.38,996.35,996.38,0.0,7.64,7552.81,1
2023-11-26,2023-11-26 12:06:00,996.38,996.4,996.38,996.4,0.0,7.64,7552.81,1
2023-11-26,2023-11-26 12:07:00,996.4,996.42,996.4,996.42,0.0,7.64,7552.81,1
2023-11-26,2023-11-26 12:08:00,996.42,996.44,996.42,996.44,0.0,7.64,7552.81,1
2023-11-26,2023-11-26 12:09:00,996.44,996.46,996.44,996.46,0.0,7.64,7552.81,1
2023-11-26,2023-11-26 12:10:00,996.46,996.48,996.46,996.48,0.0,7.64,7552.81,1
2023-11-26,2023-11-26 12:11:00,996.48,996.5,996.48,996.5,0.0,7.64,7552.81,1
2023-11-26,2023-11-26 12:12:00,996.5,996.52,996.5,996.52,0.0,7.64,7552.81,1
2023-11-26,2023-11-26 12:13:00,996.52,996.54,996.52,996.54,0.0,7.64,7552.81,1
2023-11-26,2023-11-26 12:14:00,996.54,996.56,996.54,996.56,0.0,7.64,7552.81,1
2023-11-26,2023-11-26 12:15:00,996.56,996.58,996.56,996.58,0.0,7.64,7552.81,1
2023-11-26,2023-11-26 12:16:00,996.58,996.6,996.58,996.6,0.0,7.64,7552.81,1
2023-11-26,2023-11-26 12:17:00,996.6,996.62,996.6,996.62,0.0,7.64,7552.81,1
2023-11-26,2023-11-26 12:18:00,996.62,996.65,996.62,996.65,0.0,7.64,7552.81,1
2023-11-26,2023-11-26 12:19:00,996.65,996.67,996.65,996.67,0.0,7.64,7552.81,1
2023-11-26,2023-11-26 12:20:00,996.67,996.69,996.67,996.69,0.0,7.64,7552.81,1
2023-11-26,2023-11-26 12:21:00,996.69,996.71,996.69,996.71,0.0,7.64,7552.81,1
2023-11-26,2023-11-26 12:22:00,996.71,996.73,996.71,996.73,0.0,7.64,7552.81,1
2023-11-26,2023-11-26 12:23:00,996.73,996.75,996.73,996.75,0.0,7.64,7552.81,1
2023-11-26,2023-11-26 12:24:00,996.75,996.77,996.75,996.77,0.0,7.64,7552.81,1
2023-11-26,2023-11-26 12:25:00,996.77,996.79,996.77,996.79,0.0,7.64,7552.81,1
2023-11-26,2023-11-26 12:26:00,996.79,996.81,996.79,996.81,0.0,7.64,7552.81,1
2023-11-26,2023-11-26 12:27:00,996.81,996.83,996.81,996.83,0.0,7.64,7552.81,1
2023-11-26,2023-11-26 12:28:00,996.83,996.85,996.83,996.85,0.0,7.64,7552.81,1
2023-11-26,2023-11-26 12:29:00,996.85,996.88,996.85,996.88,0.0,7.64,7552.81,1
2023-11-26,2023-11-26 12:30:00,996.88,996.9,996.88,996.9,0.0,7.64,7552.81,1
2023-11-26,2023-11-26 12:31:00,996.9,996.92,996.9,996.92,0.0,7.64,7552.81,1
2023-11-26,2023-11-26 12:32:00,996.92,996.94,996.92,996.94,0.0,7.64,7552.81,1
2023-11-26,2023-11-26 12:33:00,996.94,996.96,996.94,996.96,0.0,7.64,7552.81,1
2023-11-26,2023-11-26 12:34:00,996.96,996.98,996.96,996.98,0.0,7.64,7552.81,1
2023-11-26,2023-11-26 12:35:00,996.98,997.0,996.98,997.0,0.0,7.64,7552.81,1
2023-11-26,2023-11-26 12:36:00,997.0,997.02,997.0,997.02,0.0,7.64,7552.81,1
2023-11-26,2023-11-26 12:37:00,997.02,997.04,997.02,997.04,0.0,7.64,7552.81,1
2023-11-26,2023-11-26 12:38:00,997.04,997.06,997.04,997.06,0.0,7.64,7552.81,1
2023-11-26,2023-11-26 12:39:00,997.06,997.08,997.06,997.08,0.0,7.64,7552.81,1
2023-11-26,2023-11-26 12:40:00,997.08,997.1,997.08,997.1,0.0,7.64,7552.81,1
2023-11-26,2023-11-26 12:41:00,997.1,997.12,997.1,997.12,0.0,7.64,7552.81,1
2023-11-26,2023-11-26 12:42:00,997.12,997.15,997.12,997.15,0.0,7.64,7552.81,1
2023-11-26,2023-11-26 12:43:00,997.15,997.17,997.15,997.17,0.0,7.64,7552.81,1
2023-11-26,2023-11-26 12:44:00,997.17,997.19,997.17,997.19,0.0,7.64,7552.81,1
2023-11-26,2023-11-26 12:45:00,997.19,997.21,997.19,997.21,0.0,7.64,7552.81,1
2023-11-26,2023-11-26 12:46:00,997.21,997.23,997.21,997.23,0.0,7.64,7552.81,1
2023-11-26,2023-11-26 12:47:00,997.23,997.25,997.23,997.25,0.0,7.64,7552.81,1
2023-11-26,2023-11-26 12:48:00,997.25,997.27,997.25,997.27,0.0,7.64,7552.81,1
2023-11-26,2023-11-26 12:49:00,997.27,997.29,997.27,997.29,0.0,7.64,7552.81,1
2023-11-26,2023-11-26 12:50:00,997.29,997.31,997.29,997.31,0.0,7.64,7552.81,1
2023-11-26,2023-11-26 12:51:00,997.31,997.33,997.31,997.33,0.0,7.64,7552.81,1
2023-11-26,2023-11-26 12:52:00,997.33,997.35,997.33,997.35,0.0,7.64,7552.81,1
2023-11-26,2023-11-26 12:53:00,997.35,997.38,997.35,997.38,0.0,7.64,7552.81,1
2023-11-26,2023-11-26 12:54:00,997.38,997.4,997.38,997.4,0.0,7.64,7552.81,1
2023-11-26,2023-11-26 12:55:00,997.4,997.42,997.4,997.42,0.0,7.64,7552.81,1
2023-11-26,2023-11-26 12:56:00,997.42,997.44,997.42,997.44,0.0,7.64,7552.81,1
2023-11-26,2023-11-26 12:57:00,997.44,997.46,997.44,997.46,0.0,7.64,7552.81,1
2023-11-26,2023-11-26 12:58:00,997.46,997.48,997.46,997.48,0.0,7.64,7552.81,1
2023-11-26,2023-11-26 12:59:00,997.48,997.5,997.48,997.5,0.0,7.64,7552.81,1
2023-11-26,2023-11-26 13:00:00,997.5,1010.0,975.0,997.52,0.0,7.64,7552.81,1
2023-11-26,2023-11-26 13:01:00,997.52,997.54,997.52,997.54,0.0,7.64,7552.81,1
2023-11-26,2023-11-26 13:02:00,997.54,997.56,997.54,997.56,0.0,7.64,7552.81,1
2023-11-26,2023-11-26 13:03:00,997.56,997.58,997.56,997.58,0.0,7.64,7552.81,1
2023-11-26,2023-11-26 13:04:00,997.58,997.6,997.58,997.6,0.0,7.64,7552.81,1
2023-11-26,2023-11-26 13:05:00,997.6,997.62,997.6,997.62,0.0,7.64,7552.81,1
2023-11-26,2023-11-26 13:06:00,997.62,997.65,997.62,997.65,0.0,7.64,7552.81,1
2023-11-26,2023-11-26 13:07:00,997.65,997.67,997.65,997.67,0.0,7.64,7552.81,1
2023-11-26,2023-11-26 13:08:00,997.67,997.69,997.67,997.69,0.0,7.64,7552.81,1
2023-11-26,2023-11-26 13:09:00,997.69,997.71,997.69,997.71,0.0,7.64,7552.81,1
2023-11-26,2023-11-26 13:10:00,997.71,997.73,997.71,997.73,0.0,7.64,7552.81,1
2023-11-26,2023-11-26 13:11:00,997.73,997.75,997.73,997.75,0.0,7.64,7552.81,1
2023-11-26,2023-11-26 13:12:00,997.75,997.77,997.75,997.77,0.0,7.64,7552.81,1
2023-11-26,2023-11-26 13:13:00,997.77,997.79,997.77,997.79,0.0,7.64,7552.81,1
2023-11-26,2023-11-26 13:14:00,997.79,997.81,997.79,997.81,0.0,7.64,7552.81,1
2023-11-26,2023-11-26 13:15:00,997.81,997.83,997.81,997.83,0.0,7.64,7552.81,1
2023-11-26,2023-11-26 13:16:00,997.83,997.85,997.83,997.85,0.0,7.64,7552.81,1
2023-11-26,2023-11-26 13:17:00,997.85,997.88,997.85,997.88,0.0,7.64,7552.81,1
2023-11-26,2023-11-26 13:18:00,997.88,997.9,997.88,997.9,0.0,7.64,7552.81,1
2023-11-26,2023-11-26 13:19:00,997.9,997.92,997.9,997.92,0.0,7.64,7552.81,1
2023-11-26,2023-11-26 13:20:00,997.92,997.94,997.92,997.94,0.0,7.64,7552.81,1
2023-11-26,2023-11-26 13:21:00,997.94,997.96,997.94,997.96,0.0,7.64,7552.81,1
2023-11-26,2023-11-26 13:22:00,997.96,997.98,997.96,997.98,0.0,7.64,7552.81,1
2023-11-26,2023-11-26 13:23:00,997.98,998.0,997.98,998.0,0.0,7.64,7552.81,1
2023-11-26,2023-11-26 13:24:00,998.0,998.02,998.0,998.02,0.0,7.64,7552.81,1
2023-11-26,2023-11-26 13:25:00,998.02,998.04,998.02,998.04,0.0,7.64,7552.81,1
2023-11-26,2023-11-26 13:26:00,998.04,998.06,998.04,998.06,0.0,7.64,7552.81,1
2023-11-26,2023-11-26 13:27:00,998.06,998.08,998.06,998.08,0.0,7.64,7552.81,1
2023-11-26,2023-11-26 13:28:00,998.08,998.1,998.08,998.1,0.0,7.64,7552.81,1
2023-11-26,2023-11-26 13:29:00,998.1,998.12,998.1,998.12,0.0,7.64,7552.81,1
2023-11-26,2023-11-26 13:30:00,998.12,998.15,998.12,998.15,0.0,7.64,7552.81,1
2023-11-26,2023-11-26 13:31:00,998.15,998.17,998.15,998.17,0.0,7.64,7552.81,1
2023-11-26,2023-11-26 13:32:00,998.17,998.19,998.17,998.19,0.0,7.64,7552.81,1
2023-11-26,2023-11-26 13:33:00,998.19,998.21,998.19,998.21,0.0,7.64,7552.81,1
2023-11-26,2023-11-26 13:34:00,998.21,998.23,998.21,998.23,0.0,7.64,7552.81,1
2023-11-26,2023-11-26 13:35:00,998.23,998.25,998.23,998.25,0.0,7.64,7552.81,1
2023-11-26,2023-11-26 13:36:00,998.25,998.27,998.25,998.27,0.0,7.64,7552.81,1
2023-11-26,2023-11-26 13:37:00,998.27,998.29,998.27,998.29,0.0,7.64,7552.81,1
2023-11-26,2023-11-26 13:38:00,998.29,998.31,998.29,998.31,0.0,7.64,7552.81,1
2023-11-26,2023-11-26 13:39:00,998.31,998.33,998.31,998.33,0.0,7.64,7552.81,1
2023-11-26,2023-11-26 13:40:00,998.33,998.35,998.33,998.35,0.0,7.64,7552.81,1
2023-11-26,2023-11-26 13:41:00,998.35,998.38,998.35,998.38,0.0,7.64,7552.81,1
2023-11-26,2023-11-26 13:42:00,998.38,998.4,998.38,998.4,0.0,7.64,7552.81,1
2023-11-26,2023-11-26 13:43:00,998.4,998.42,998.4,998.42,0.0,7.64,7552.81,1
2023-11-26,2023-11-26 13:44:00,998.42,998.44,998.42,998.44,0.0,7.64,7552.81,1
2023-11-26,2023-11-26 13:45:00,998.44,998.46,998.44,998.46,0.0,7.64,7552.81,1
2023-11-26,2023-11-26 13:46:00,998.46,998.48,998.46,998.48,0.0,7.64,7552.81,1
2023-11-26,2023-11-26 13:47:00,998.48,998.5,998.48,998.5,0.0,7.64,7552.81,1
2023-11-26,2023-11-26 13:48:00,998.5,998.52,998.5,998.52,0.0,7.64,7552.81,1
2023-11-26,2023-11-26 13:49:00,998.52,998.54,998.52,998.54,0.0,7.64,7552.81,1
2023-11-26,2023-11-26 13:50:00,998.54,998.56,998.54,998.56,0.0,7.64,7552.81,1
2023-11-26,2023-11-26 13:51:00,998.56,998.58,998.56,998.58,0.0,7.64,7552.81,1
2023-11-26,2023-11-26 13:52:00,998.58,998.6,998.58,998.6,0.0,7.64,7552.81,1
2023-11-26,2023-11-26 13:53:00,998.6,998.62,998.6,998.62,0.0,7.64,7552.81,1
2023-11-26,2023-11-26 13:54:00,998.62,998.65,998.62,998.65,0.0,7.64,7552.81,1
2023-11-26,2023-11-26 13:55:00,998.65,998.67,998.65,998.67,0.0,7.64,7552.81,1
2023-11-26,2023-11-26 13:56:00,998.67,998.69,998.67,998.69,0.0,7.64,7552.81,1
2023-11-26,2023-11-26 13:57:00,998.69,998.71,998.69,998.71,0.0,7.64,7552.81,1
2023-11-26,2023-11-26 13:58:00,998.71,998.73,998.71,998.73,0.0,7.64,7552.81,1
2023-11-26,2023-11-26 13:59:00,998.73,998.75,998.73,998.75,0.0,7.64,7552.81,1
2023-11-26,2023-11-26 14:00:00,998.75,998.77,998.75,998.77,0.0,7.64,7552.81,1
2023-11-26,2023-11-26 14:01:00,998.77,998.79,998.77,998.79,0.0,7.64,7552.81,1
2023-11-26,2023-11-26 14:02:00,998.79,998.81,998.79,998.81,0.0,7.64,7552.81,1
2023-11-26,2023-11-26 14:03:00,998.81,998.83,998.81,998.83,0.0,7.64,7552.81,1
2023-11-26,2023-11-26 14:04:00,998.83,998.85,998.83,998.85,0.0,7.64,7552.81,1
2023-11-26,2023-11-26 14:05:00,998.85,998.88,998.85,998.88,0.0,7.64,7552.81,1
2023-11-26,2023-11-26 14:06:00,998.88,998.9,998.88,998.9,0.0,7.64,7552.81,1
2023-11-26,2023-11-26 14:07:00,998.9,998.92,998.9,998.92,0.0,7.64,7552.81,1
2023-11-26,2023-11-26 14:08:00,998.92,998.94,998.92,998.94,0.0,7.64,7552.81,1
2023-11-26,2023-11-26 14:09:00,998.94,998.96,998.94,998.96,0.0,7.64,7552.81,1
2023-11-26,2023-11-26 14:10:00,998.96,998.98,998.96,998.98,0.0,7.64,7552.81,1
2023-11-26,2023-11-26 14:11:00,998.98,999.0,998.98,999.0,0.0,7.64,7552.81,1
2023-11-26,2023-11-26 14:12:00,999.0,999.02,999.0,999.02,0.0,7.64,7552.81,1
2023-11-26,2023-11-26 14:13:00,999.02,999.04,999.02,999.04,0.0,7.64,7552.81,1
2023-11-26,2023-11-26 14:14:00,999.04,999.06,999.04,999.06,0.0,7.64,7552.81,1
2023-11-26,2023-11-26 14:15:00,999.06,999.08,999.06,999.08,0.0,7.64,7552.81,1
2023-11-26,2023-11-26 14:16:00,999.08,999.1,999.08,999.1,0.0,7.64,7552.81,1
2023-11-26,2023-11-26 14:17:00,999.1,999.12,999.1,999.12,0.0,7.64,7552.81,1
2023-11-26,2023-11-26 14:18:00,999.12,999.15,999.12,999.15,0.0,7.64,7552.81,1
2023-11-26,2023-11-26 14:19:00,999.15,999.17,999.15,999.17,0.0,7.64,7552.81,1
2023-11-26,2023-11-26 14:20:00,999.17,999.19,999.17,999.19,0.0,7.64,7552.81,1
2023-11-26,2023-11-26 14:21:00,999.19,999.21,999.19,999.21,0.0,7.64,7552.81,1
2023-11-26,2023-11-26 14:22:00,999.21,999.23,999.21,999.23,0.0,7.64,7552.81,1
2023-11-26,2023-11-26 14:23:00,999.23,999.25,999.23,999.25,0.0,7.64,7552.81,1
2023-11-26,2023-11-26 14:24:00,999.25,999.27,999.25,999.27,0.0,7.64,7552.81,1
2023-11-26,2023-11-26 14:25:00,999.27,999.29,999.27,999.29,0.0,7.64,7552.81,1
2023-11-26,2023-11-26 14:26:00,999.29,999.31,999.29,999.31,0.0,7.64,7552.81,1
2023-11-26,2023-11-26 14:27:00,999.31,999.33,999.31,999.33,0.0,7.64,7552.81,1
2023-11-26,2023-11-26 14:28:00,999.33,999.35,999.33,999.35,0.0,7.64,7552.81,1
2023-11-26,2023-11-26 14:29:00,999.35,999.38,999.35,999.38,0.0,7.64,7552.81,1
2023-11-26,2023-11-26 14:30:00,999.38,999.4,999.38,999.4,0.0,7.64,7552.81,1
2023-11-26,2023-11-26 14:31:00,999.4,999.42,999.4,999.42,0.0,7.64,7552.81,1
2023-11-26,2023-11-26 14:32:00,999.42,999.44,999.42,999.44,0.0,7.64,7552.81,1
2023-11-26,2023-11-26 14:33:00,999.44,999.46,999.44,999.46,0.0,7.64,7552.81,1
2023-11-26,2023-11-26 14:34:00,999.46,999.48,999.46,999.48,0.0,7.64,7552.81,1
2023-11-26,2023-11-26 14:35:00,999.48,999.5,999.48,999.5,0.0,7.64,7552.81,1
2023-11-26,2023-11-26 14:36:00,999.5,999.52,999.5,999.52,0.0,7.64,7552.81,1
2023-11-26,2023-11-26 14:37:00,999.52,999.54,999.52,999.54,0.0,7.64,7552.81,1
2023-11-26,2023-11-26 14:38:00,999.54,999.56,999.54,999.56,0.0,7.64,7552.81,1
2023-11-26,2023-11-26 14:39:00,999.56,999.58,999.56,999.58,0.0,7.64,7552.81,1
2023-11-26,2023-11-26 14:40:00,999.58,999.6,999.58,999.6,0.0,7.64,7552.81,1
2023-11-26,2023-11-26 14:41:00,999.6,999.62,999.6,999.62,0.0,7.64,7552.81,1
2023-11-26,2023-11-26 14:42:00,999.62,999.65,999.62,999.65,0.0,7.64,7552.81,1
2023-11-26,2023-11-26 14:43:00,999.65,999.67,999.65,999.67,0.0,7.64,7552.81,1
2023-11-26,2023-11-26 14:44:00,999.67,999.69,999.67,999.69,0.0,7.64,7552.81,1
2023-11-26,2023-11-26 14:45:00,999.69,999.71,999.69,999.71,0.0,7.64,7552.81,1
2023-11-26,2023-11-26 14:46:00,999.71,999.73,999.71,999.73,0.0,7.64,7552.81,1
2023-11-26,2023-11-26 14:47:00,999.73,999.75,999.73,999.75,0.0,7.64,7552.81,1
2023-11-26,2023-11-26 14:48:00,999.75,999.77,999.75,999.77,0.0,7.64,7552.81,1
2023-11-26,2023-11-26 14:49:00,999.77,999.79,999.77,999.79,0.0,7.64,7552.81,1
2023-11-26,2023-11-26 14:50:00,999.79,999.81,999.79,999.81,0.0,7.64,7552.81,1
2023-11-26,2023-11-26 14:51:00,999.81,999.83,999.81,999.83,0.0,7.64,7552.81,1
2023-11-26,2023-11-26 14:52:00,999.83,999.85,999.83,999.85,0.0,7.64,7552.81,1
2023-11-26,2023-11-26 14:53:00,999.85,999.88,999.85,999.88,0.0,7.64,7552.81,1
2023-11-26,2023-11-26 14:54:00,999.88,999.9,999.88,999.9,0.0,7.64,7552.81,1
2023-11-26,2023-11-26 14:55:00,999.9,999.92,999.9,999.92,0.0,7.64,7552.81,1
2023-11-26,2023-11-26 14:56:00,999.92,999.94,999.92,999.94,0.0,7.64,7552.81,1
2023-11-26,2023-11-26 14:57:00,999.94,999.96,999.94,999.96,0.0,7.64,7552.81,1
2023-11-26,2023-11-26 14:58:00,999.96,999.98,999.96,999.98,0.0,7.64,7552.81,1
2023-11-26,2023-11-26 14:59:00,999.98,1000.0,999.98,1000.0,0.0,7.64,7552.81,1
2023-11-26,2023-11-26 15:00:00,1000.0,1010.0,975.0,1000.0,0.0,7.64,7552.81,0
2023-11-27,2023-11-27 11:00:00,985.0,991.0,979.0,985.06,0.01,9.63,9461.59,1
2023-11-27,2023-11-27 11:01:00,985.06,985.12,985.06,985.12,0.01,9.63,9461.59,1
2023-11-27,2023-11-27 11:02:00,985.12,985.17,985.12,985.17,0.01,9.63,9461.59,1
2023-11-27,2023-11-27 11:03:00,985.17,985.23,985.17,985.23,0.01,9.63,9461.59,1
2023-11-27,2023-11-27 11:04:00,985.23,985.29,985.23,985.29,0.01,9.63,9461.59,1
2023-11-27,2023-11-27 11:05:00,985.29,985.35,985.29,985.35,0.01,9.63,9461.59,1
2023-11-27,2023-11-27 11:06:00,985.35,985.41,985.35,985.41,0.01,9.63,9461.59,1
2023-11-27,2023-11-27 11:07:00,985.41,985.47,985.41,985.47,0.01,9.63,9461.59,1
2023-11-27,2023-11-27 11:08:00,985.47,985.52,985.47,985.52,0.01,9.63,9461.59,1
2023-11-27,2023-11-27 11:09:00,985.52,985.58,985.52,985.58,0.01,9.63,9461.59,1
2023-11-27,2023-11-27 11:10:00,985.58,985.64,985.58,985.64,0.01,9.63,9461.59,1
2023-11-27,2023-11-27 11:11:00,985.64,985.7,985.64,985.7,0.01,9.63,9461.59,1
2023-11-27,2023-11-27 11:12:00,985.7,985.76,985.7,985.76,0.01,9.63,9461.59,1
2023-11-27,2023-11-27 11:13:00,985.76,985.82,985.76,985.82,0.01,9.63,9461.59,1
2023-11-27,2023-11-27 11:14:00,985.82,985.88,985.82,985.88,0.01,9.63,9461.59,1
2023-11-27,2023-11-27 11:15:00,985.88,985.93,985.88,985.93,0.01,9.63,9461.59,1
2023-11-27,2023-11-27 11:16:00,985.93,985.99,985.93,985.99,0.01,9.63,9461.59,1
2023-11-27,2023-11-27 11:17:00,985.99,986.05,985.99,986.05,0.01,9.63,9461.59,1
2023-11-27,2023-11-27 11:18:00,986.05,986.11,986.05,986.11,0.01,9.63,9461.59,1
2023-11-27,2023-11-27 11:19:00,986.11,986.17,986.11,986.17,0.01,9.63,9461.59,1
2023-11-27,2023-11-27 11:20:00,986.17,986.23,986.17,986.23,0.01,9.63,9461.59,1
2023-11-27,2023-11-27 11:21:00,986.23,986.28,986.23,986.28,0.01,9.63,9461.59,1
2023-11-27,2023-11-27 11:22:00,986.28,986.34,986.28,986.34,0.01,9.63,9461.59,1
2023-11-27,2023-11-27 11:23:00,986.34,986.4,986.34,986.4,0.01,9.63,9461.59,1
2023-11-27,2023-11-27 11:24:00,986.4,986.46,986.4,986.46,0.01,9.63,9461.59,1
2023-11-27,2023-11-27 11:25:00,986.46,986.52,986.46,986.52,0.01,9.63,9461.59,1
2023-11-27,2023-11-27 11:26:00,986.52,986.58,986.52,986.58,0.01,9.63,9461.59,1
2023-11-27,2023-11-27 11:27:00,986.58,986.63,986.58,986.63,0.01,9.63,9461.59,1
2023-11-27,2023-11-27 11:28:00,986.63,986.69,986.63,986.69,0.01,9.63,9461.59,1
2023-11-27,2023-11-27 11:29:00,986.69,986.75,986.69,986.75,0.01,9.63,9461.59,1
2023-11-27,2023-11-27 11:30:00,986.75,986.81,986.75,986.81,0.01,9.63,9461.59,1
2023-11-27,2023-11-27 11:31:00,986.81,986.87,986.81,986.87,0.01,9.63,9461.59,1
2023-11-27,2023-11-27 11:32:00,986.87,986.92,986.87,986.92,0.01,9.63,9461.59,1
2023-11-27,2023-11-27 11:33:00,986.92,986.98,986.92,986.98,0.01,9.63,9461.59,1
2023-11-27,2023-11-27 11:34:00,986.98,987.04,986.98,987.04,0.01,9.63,9461.59,1
2023-11-27,2023-11-27 11:35:00,987.04,987.1,987.04,987.1,0.01,9.63,9461.59,1
2023-11-27,2023-11-27 11:36:00,987.1,987.16,987.1,987.16,0.01,9.63,9461.59,1
2023-11-27,2023-11-27 11:37:00,987.16,987.22,987.16,987.22,0.01,9.63,9461.59,1
2023-11-27,2023-11-27 11:38:00,987.22,987.27,987.22,987.27,0.01,9.63,9461.59,1
2023-11-27,2023-11-27 11:39:00,987.27,987.33,987.27,987.33,0.01,9.63,9461.59,1
2023-11-27,2023-11-27 11:40:00,987.33,987.39,987.33,987.39,0.01,9.63,9461.59,1
2023-11-27,2023-11-27 11:41:00,987.39,987.45,987.39,987.45,0.01,9.63,9461.59,1
2023-11-27,2023-11-27 11:42:00,987.45,987.51,987.45,987.51,0.01,9.63,9461.59,1
2023-11-27,2023-11-27 11:43:00,987.51,987.57,987.51,987.57,0.01,9.63,9461.59,1
2023-11-27,2023-11-27 11:44:00,987.57,987.62,987.57,987.62,0.01,9.63,9461.59,1
2023-11-27,2023-11-27 11:45:00,987.62,987.68,987.62,987.68,0.01,9.63,9461.59,1
2023-11-27,2023-11-27 11:46:00,987.68,987.74,987.68,987.74,0.01,9.63,9461.59,1
2023-11-27,2023-11-27 11:47:00,987.74,987.8,987.74,987.8,0.01,9.63,9461.59,1
2023-11-27,2023-11-27 11:48:00,987.8,987.86,987.8,987.86,0.01,9.63,9461.59,1
2023-11-27,2023-11-27 11:49:00,987.86,987.92,987.86,987.92,0.01,9.63,9461.59,1
2023-11-27,2023-11-27 11:50:00,987.92,987.98,987.92,987.98,0.01,9.63,9461.59,1
2023-11-27,2023-11-27 11:51:00,987.98,988.03,987.98,988.03,0.01,9.63,9461.59,1
2023-11-27,2023-11-27 11:52:00,988.03,988.09,988.03,988.09,0.01,9.63,9461.59,1
2023-11-27,2023-11-27 11:53:00,988.09,988.15,988.09,988.15,0.01,9.63,9461.59,1
2023-11-27,2023-11-27 11:54:00,988.15,988.21,988.15,988.21,0.01,9.63,9461.59,1
2023-11-27,2023-11-27 11:55:00,988.21,988.27,988.21,988.27,0.01,9.63,9461.59,1
2023-11-27,2023-11-27 11:56:00,988.27,988.33,988.27,988.33,0.01,9.63,9461.59,1
2023-11-27,2023-11-27 11:57:00,988.33,988.38,988.33,988.38,0.01,9.63,9461.59,1
2023-11-27,2023-11-27 11:58:00,988.38,988.44,988.38,988.44,0.01,9.63,9461.59,1
2023-11-27,2023-11-27 11:59:00,988.44,988.5,988.44,988.5,0.01,9.63,9461.59,1
2023-11-27,2023-11-27 12:00:00,988.5,988.56,988.5,988.56,0.01,9.63,9461.59,1
2023-11-27,2023-11-27 12:01:00,988.56,988.62,988.56,988.62,0.01,9.63,9461.59,1
2023-11-27,2023-11-27 12:02:00,988.62,988.67,988.62,988.67,0.01,9.63,9461.59,1
2023-11-27,2023-11-27 12:03:00,988.67,988.73,988.67,988.73,0.01,9.63,9461.59,1
2023-11-27,2023-11-27 12:04:00,988.73,988.79,988.73,988.79,0.01,9.63,9461.59,1
2023-11-27,2023-11-27 12:05:00,988.79,988.85,988.79,988.85,0.01,9.63,9461.59,1
2023-11-27,2023-11-27 12:06:00,988.85,988.91,988.85,988.91,0.01,9.63,9461.59,1
2023-11-27,2023-11-27 12:07:00,988.91,988.97,988.91,988.97,0.01,9.63,9461.59,1
2023-11-27,2023-11-27 12:08:00,988.97,989.02,988.97,989.02,0.01,9.63,9461.59,1
2023-11-27,2023-11-27 12:09:00,989.02,989.08,989.02,989.08,0.01,9.63,9461.59,1
2023-11-27,2023-11-27 12:10:00,989.08,989.14,989.08,989.14,0.01,9.63,9461.59,1
2023-11-27,2023-11-27 12:11:00,989.14,989.2,989.14,989.2,0.01,9.63,9461.59,1
2023-11-27,2023-11-27 12:12:00,989.2,989.26,989.2,989.26,0.01,9.63,9461.59,1
2023-11-27,2023-11-27 12:13:00,989.26,989.32,989.26,989.32,0.01,9.63,9461.59,1
2023-11-27,2023-11-27 12:14:00,989.32,989.38,989.32,989.38,0.01,9.63,9461.59,1
2023-11-27,2023-11-27 12:15:00,989.38,989.43,989.38,989.43,0.01,9.63,9461.59,1
2023-11-27,2023-11-27 12:16:00,989.43,989.49,989.43,989.49,0.01,9.63,9461.59,1
2023-11-27,2023-11-27 12:17:00,989.49,989.55,989.49,989.55,0.01,9.63,9461.59,1
2023-11-27,2023-11-27 12:18:00,989.55,989.61,989.55,989.61,0.01,9.63,9461.59,1
2023-11-27,2023-11-27 12:19:00,989.61,989.67,989.61,989.67,0.01,9.63,9461.59,1
2023-11-27,2023-11-27 12:20:00,989.67,989.73,989.67,989.73,0.01,9.63,9461.59,1
2023-11-27,2023-11-27 12:21:00,989.73,989.78,989.73,989.78,0.01,9.63,9461.59,1
2023-11-27,2023-11-27 12:22:00,989.78,989.84,989.78,989.84,0.01,9.63,9461.59,1
2023-11-27,2023-11-27 12:23:00,989.84,989.9,989.84,989.9,0.01,9.63,9461.59,1
2023-11-27,2023-11-27 12:24:00,989.9,989.96,989.9,989.96,0.01,9.63,9461.59,1
2023-11-27,2023-11-27 12:25:00,989.96,990.02,989.96,990.02,0.01,9.63,9461.59,1
2023-11-27,2023-11-27 12:26:00,990.02,990.08,990.02,990.08,0.01,9.63,9461.59,1
2023-11-27,2023-11-27 12:27:00,990.08,990.13,990.08,990.13,0.01,9.63,9461.59,1
2023-11-27,2023-11-27 12:28:00,990.13,990.19,990.13,990.19,0.01,9.63,9461.59,1
2023-11-27,2023-11-27 12:29:00,990.19,990.25,990.19,990.25,0.01,9.63,9461.59,1
2023-11-27,2023-11-27 12:30:00,990.25,990.31,990.25,990.31,0.01,9.63,9461.59,1
2023-11-27,2023-11-27 12:31:00,990.31,990.37,990.31,990.37,0.01,9.63,9461.59,1
2023-11-27,2023-11-27 12:32:00,990.37,990.42,990.37,990.42,0.01,9.63,9461.59,1
2023-11-27,2023-11-27 12:33:00,990.42,990.48,990.42,990.48,0.01,9.63,9461.59,1
2023-11-27,2023-11-27 12:34:00,990.48,990.54,990.48,990.54,0.01,9.63,9461.59,1
2023-11-27,2023-11-27 12:35:00,990.54,990.6,990.54,990.6,0.01,9.63,9461.59,1
2023-11-27,2023-11-27 12:36:00,990.6,990.66,990.6,990.66,0.01,9.63,9461.59,1
2023-11-27,2023-11-27 12:37:00,990.66,990.72,990.66,990.72,0.01,9.63,9461.59,1
2023-11-27,2023-11-27 12:38:00,990.72,990.77,990.72,990.77,0.01,9.63,9461.59,1
2023-11-27,2023-11-27 12:39:00,990.77,990.83,990.77,990.83,0.01,9.63,9461.59,1
2023-11-27,2023-11-27 12:40:00,990.83,990.89,990.83,990.89,0.01,9.63,9461.59,1
2023-11-27,2023-11-27 12:41:00,990.89,990.95,990.89,990.95,0.01,9.63,9461.59,1
2023-11-27,2023-11-27 12:42:00,990.95,991.01,990.95,991.01,0.01,9.63,9461.59,1
2023-11-27,2023-11-27 12:43:00,991.01,991.07,991.01,991.07,0.01,9.63,9461.59,1
2023-11-27,2023-11-27 12:44:00,991.07,991.12,991.07,991.12,0.01,9.63,9461.59,1
2023-11-27,2023-11-27 12:45:00,991.12,991.18,991.12,991.18,0.01,9.63,9461.59,1
2023-11-27,2023-11-27 12:46:00,991.18,991.24,991.18,991.24,0.01,9.63,9461.59,1
2023-11-27,2023-11-27 12:47:00,991.24,991.3,991.24,991.3,0.01,9.63,9461.59,1
2023-11-27,2023-11-27 12:48:00,991.3,991.36,991.3,991.36,0.01,9.63,9461.59,1
2023-11-27,2023-11-27 12:49:00,991.36,991.42,991.36,991.42,0.01,9.63,9461.59,1
2023-11-27,2023-11-27 12:50:00,991.42,991.48,991.42,991.48,0.01,9.63,9461.59,1
2023-11-27,2023-11-27 12:51:00,991.48,991.53,991.48,991.53,0.01,9.63,9461.59,1
2023-11-27,2023-11-27 12:52:00,991.53,991.59,991.53,991.59,0.01,9.63,9461.59,1
2023-11-27,2023-11-27 12:53:00,991.59,991.65,991.59,991.65,0.01,9.63,9461.59,1
2023-11-27,2023-11-27 12:54:00,991.65,991.71,991.65,991.71,0.01,9.63,9461.59,1
2023-11-27,2023-11-27 12:55:00,991.71,991.77,991.71,991.77,0.01,9.63,9461.59,1
2023-11-27,2023-11-27 12:56:00,991.77,991.83,991.77,991.83,0.01,9.63,9461.59,1
2023-11-27,2023-11-27 12:57:00,991.83,991.88,991.83,991.88,0.01,9.63,9461.59,1
2023-11-27,2023-11-27 12:58:00,991.88,991.94,991.88,991.94,0.01,9.63,9461.59,1
2023-11-27,2023-11-27 12:59:00,991.94,992.0,991.94,992.0,0.01,9.63,9461.59,1
2023-11-27,2023-11-27 13:00:00,992.0,1005.0,965.0,992.06,0.01,9.63,9461.59,1
2023-11-27,2023-11-27 13:01:00,992.06,992.12,992.06,992.12,0.01,9.63,9461.59,1
2023-11-27,2023-11-27 13:02:00,992.12,992.17,992.12,992.17,0.01,9.63,9461.59,1
2023-11-27,2023-11-27 13:03:00,992.17,992.23,992.17,992.23,0.01,9.63,9461.59,1
2023-11-27,2023-11-27 13:04:00,992.23,992.29,992.23,992.29,0.01,9.63,9461.59,1
2023-11-27,2023-11-27 13:05:00,992.29,992.35,992.29,992.35,0.01,9.63,9461.59,1
2023-11-27,2023-11-27 13:06:00,992.35,992.41,992.35,992.41,0.01,9.63,9461.59,1
2023-11-27,2023-11-27 13:07:00,992.41,992.47,992.41,992.47,0.01,9.63,9461.59,1
2023-11-27,2023-11-27 13:08:00,992.47,992.52,992.47,992.52,0.01,9.63,9461.59,1
2023-11-27,2023-11-27 13:09:00,992.52,992.58,992.52,992.58,0.01,9.63,9461.59,1
2023-11-27,2023-11-27 13:10:00,992.58,992.64,992.58,992.64,0.01,9.63,9461.59,1
2023-11-27,2023-11-27 13:11:00,992.64,992.7,992.64,992.7,0.01,9.63,9461.59,1
2023-11-27,2023-11-27 13:12:00,992.7,992.76,992.7,992.76,0.01,9.63,9461.59,1
2023-11-27,2023-11-27 13:13:00,992.76,992.82,992.76,992.82,0.01,9.63,9461.59,1
2023-11-27,2023-11-27 13:14:00,992.82,992.88,992.82,992.88,0.01,9.63,9461.59,1
2023-11-27,2023-11-27 13:15:00,992.88,992.93,992.88,992.93,0.01,9.63,9461.59,1
2023-11-27,2023-11-27 13:16:00,992.93,992.99,992.93,992.99,0.01,9.63,9461.59,1
2023-11-27,2023-11-27 13:17:00,992.99,993.05,992.99,993.05,0.01,9.63,9461.59,1
2023-11-27,2023-11-27 13:18:00,993.05,993.11,993.05,993.11,0.01,9.63,9461.59,1
2023-11-27,2023-11-27 13:19:00,993.11,993.17,993.11,993.17,0.01,9.63,9461.59,1
2023-11-27,2023-11-27 13:20:00,993.17,993.23,993.17,993.23,0.01,9.63,9461.59,1
2023-11-27,2023-11-27 13:21:00,993.23,993.28,993.23,993.28,0.01,9.63,9461.59,1
2023-11-27,2023-11-27 13:22:00,993.28,993.34,993.28,993.34,0.01,9.63,9461.59,1
2023-11-27,2023-11-27 13:23:00,993.34,993.4,993.34,993.4,0.01,9.63,9461.59,1
2023-11-27,2023-11-27 13:24:00,993.4,993.46,993.4,993.46,0.01,9.63,9461.59,1
2023-11-27,2023-11-27 13:25:00,993.46,993.52,993.46,993.52,0.01,9.63,9461.59,1
2023-11-27,2023-11-27 13:26:00,993.52,993.58,993.52,993.58,0.01,9.63,9461.59,1
2023-11-27,2023-11-27 13:27:00,993.58,993.63,993.58,993.63,0.01,9.63,9461.59,1
2023-11-27,2023-11-27 13:28:00,993.63,993.69,993.63,993.69,0.01,9.63,9461.59,1
2023-11-27,2023-11-27 13:29:00,993.69,993.75,993.69,993.75,0.01,9.63,9461.59,1
2023-11-27,2023-11-27 13:30:00,993.75,993.81,993.75,993.81,0.01,9.63,9461.59,1
2023-11-27,2023-11-27 13:31:00,993.81,993.87,993.81,993.87,0.01,9.63,9461.59,1
2023-11-27,2023-11-27 13:32:00,993.87,993.92,993.87,993.92,0.01,9.63,9461.59,1
2023-11-27,2023-11-27 13:33:00,993.92,993.98,993.92,993.98,0.01,9.63,9461.59,1
2023-11-27,2023-11-27 13:34:00,993.98,994.04,993.98,994.04,0.01,9.63,9461.59,1
2023-11-27,2023-11-27 13:35:00,994.04,994.1,994.04,994.1,0.01,9.63,9461.59,1
2023-11-27,2023-11-27 13:36:00,994.1,994.16,994.1,994.16,0.01,9.63,9461.59,1
2023-11-27,2023-11-27 13:37:00,994.16,994.22,994.16,994.22,0.01,9.63,9461.59,1
2023-11-27,2023-11-27 13:38:00,994.22,994.27,994.22,994.27,0.01,9.63,9461.59,1
2023-11-27,2023-11-27 13:39:00,994.27,994.33,994.27,994.33,0.01,9.63,9461.59,1
2023-11-27,2023-11-27 13:40:00,994.33,994.39,994.33,994.39,0.01,9.63,9461.59,1
2023-11-27,2023-11-27 13:41:00,994.39,994.45,994.39,994.45,0.01,9.63,9461.59,1
2023-11-27,2023-11-27 13:42:00,994.45,994.51,994.45,994.51,0.01,9.63,9461.59,1
2023-11-27,2023-11-27 13:43:00,994.51,994.57,994.51,994.57,0.01,9.63,9461.59,1
2023-11-27,2023-11-27 13:44:00,994.57,994.62,994.57,994.62,0.01,9.63,9461.59,1
2023-11-27,2023-11-27 13:45:00,994.62,994.68,994.62,994.68,0.01,9.63,9461.59,1
2023-11-27,2023-11-27 13:46:00,994.68,994.74,994.68,994.74,0.01,9.63,9461.59,1
2023-11-27,2023-11-27 13:47:00,994.74,994.8,994.74,994.8,0.01,9.63,9461.59,1
2023-11-27,2023-11-27 13:48:00,994.8,994.86,994.8,994.86,0.01,9.63,9461.59,1
2023-11-27,2023-11-27 13:49:00,994.86,994.92,994.86,994.92,0.01,9.63,9461.59,1
2023-11-27,2023-11-27 13:50:00,994.92,994.98,994.92,994.98,0.01,9.63,9461.59,1
2023-11-27,2023-11-27 13:51:00,994.98,995.03,994.98,995.03,0.01,9.63,9461.59,1
2023-11-27,2023-11-27 13:52:00,995.03,995.09,995.03,995.09,0.01,9.63,9461.59,1
2023-11-27,2023-11-27 13:53:00,995.09,995.15,995.09,995.15,0.01,9.63,9461.59,1
2023-11-27,2023-11-27 13:54:00,995.15,995.21,995.15,995.21,0.01,9.63,9461.59,1
2023-11-27,2023-11-27 13:55:00,995.21,995.27,995.21,995.27,0.01,9.63,9461.59,1
2023-11-27,2023-11-27 13:56:00,995.27,995.33,995.27,995.33,0.01,9.63,9461.59,1
2023-11-27,2023-11-27 13:57:00,995.33,995.38,995.33,995.38,0.01,9.63,9461.59,1
2023-11-27,2023-11-27 13:58:00,995.38,995.44,995.38,995.44,0.01,9.63,9461.59,1
2023-11-27,2023-11-27 13:59:00,995.44,995.5,995.44,995.5,0.01,9.63,9461.59,1
2023-11-27,2023-11-27 14:00:00,995.5,995.56,995.5,995.56,0.01,9.63,9461.59,1
2023-11-27,2023-11-27 14:01:00,995.56,995.62,995.56,995.62,0.01,9.63,9461.59,1
2023-11-27,2023-11-27 14:02:00,995.62,995.67,995.62,995.67,0.01,9.63,9461.59,1
2023-11-27,2023-11-27 14:03:00,995.67,995.73,995.67,995.73,0.01,9.63,9461.59,1
2023-11-27,2023-11-27 14:04:00,995.73,995.79,995.73,995.79,0.01,9.63,9461.59,1
2023-11-27,2023-11-27 14:05:00,995.79,995.85,995.79,995.85,0.01,9.63,9461.59,1
2023-11-27,2023-11-27 14:06:00,995.85,995.91,995.85,995.91,0.01,9.63,9461.59,1
2023-11-27,2023-11-27 14:07:00,995.91,995.97,995.91,995.97,0.01,9.63,9461.59,1
2023-11-27,2023-11-27 14:08:00,995.97,996.02,995.97,996.02,0.01,9.63,9461.59,1
2023-11-27,2023-11-27 14:09:00,996.02,996.08,996.02,996.08,0.01,9.63,9461.59,1
2023-11-27,2023-11-27 14:10:00,996.08,996.14,996.08,996.14,0.01,9.63,9461.59,1
2023-11-27,2023-11-27 14:11:00,996.14,996.2,996.14,996.2,0.01,9.63,9461.59,1
2023-11-27,2023-11-27 14:12:00,996.2,996.26,996.2,996.26,0.01,9.63,9461.59,1
2023-11-27,2023-11-27 14:13:00,996.26,996.32,996.26,996.32,0.01,9.63,9461.59,1
2023-11-27,2023-11-27 14:14:00,996.32,996.38,996.32,996.38,0.01,9.63,9461.59,1
2023-11-27,2023-11-27 14:15:00,996.38,996.43,996.38,996.43,0.01,9.63,9461.59,1
2023-11-27,2023-11-27 14:16:00,996.43,996.49,996.43,996.49,0.01,9.63,9461.59,1
2023-11-27,2023-11-27 14:17:00,996.49,996.55,996.49,996.55,0.01,9.63,9461.59,1
2023-11-27,2023-11-27 14:18:00,996.55,996.61,996.55,996.61,0.01,9.63,9461.59,1
2023-11-27,2023-11-27 14:19:00,996.61,996.67,996.61,996.67,0.01,9.63,9461.59,1
2023-11-27,2023-11-27 14:20:00,996.67,996.73,996.67,996.73,0.01,9.63,9461.59,1
2023-11-27,2023-11-27 14:21:00,996.73,996.78,996.73,996.78,0.01,9.63,9461.59,1
2023-11-27,2023-11-27 14:22:00,996.78,996.84,996.78,996.84,0.01,9.63,9461.59,1
2023-11-27,2023-11-27 14:23:00,996.84,996.9,996.84,996.9,0.01,9.63,9461.59,1
2023-11-27,2023-11-27 14:24:00,996.9,996.96,996.9,996.96,0.01,9.63,9461.59,1
2023-11-27,2023-11-27 14:25:00,996.96,997.02,996.96,997.02,0.01,9.63,9461.59,1
2023-11-27,2023-11-27 14:26:00,997.02,997.08,997.02,997.08,0.01,9.63,9461.59,1
2023-11-27,2023-11-27 14:27:00,997.08,997.13,997.08,997.13,0.01,9.63,9461.59,1
2023-11-27,2023-11-27 14:28:00,997.13,997.19,997.13,997.19,0.01,9.63,9461.59,1
2023-11-27,2023-11-27 14:29:00,997.19,997.25,997.19,997.25,0.01,9.63,9461.59,1
2023-11-27,2023-11-27 14:30:00,997.25,997.31,997.25,997.31,0.01,9.63,9461.59,1
2023-11-27,2023-11-27 14:31:00,997.31,997.37,997.31,997.37,0.01,9.63,9461.59,1
2023-11-27,2023-11-27 14:32:00,997.37,997.42,997.37,997.42,0.01,9.63,9461.59,1
2023-11-27,2023-11-27 14:33:00,997.42,997.48,997.42,997.48,0.01,9.63,9461.59,1
2023-11-27,2023-11-27 14:34:00,997.48,997.54,997.48,997.54,0.01,9.63,9461.59,1
2023-11-27,2023-11-27 14:35:00,997.54,997.6,997.54,997.6,0.01,9.63,9461.59,1
2023-11-27,2023-11-27 14:36:00,997.6,997.66,997.6,997.66,0.01,9.63,9461.59,1
2023-11-27,2023-11-27 14:37:00,997.66,997.72,997.66,997.72,0.01,9.63,9461.59,1
2023-11-27,2023-11-27 14:38:00,997.72,997.77,997.72,997.77,0.01,9.63,9461.59,1
2023-11-27,2023-11-27 14:39:00,997.77,997.83,997.77,997.83,0.01,9.63,9461.59,1
2023-11-27,2023-11-27 14:40:00,997.83,997.89,997.83,997.89,0.01,9.63,9461.59,1
2023-11-27,2023-11-27 14:41:00,997.89,997.95,997.89,997.95,0.01,9.63,9461.59,1
2023-11-27,2023-11-27 14:42:00,997.95,998.01,997.95,998.01,0.01,9.63,9461.59,1
2023-11-27,2023-11-27 14:43:00,998.01,998.07,998.01,998.07,0.01,9.63,9461.59,1
2023-11-27,2023-11-27 14:44:00,998.07,998.12,998.07,998.12,0.01,9.63,9461.59,1
2023-11-27,2023-11-27 14:45:00,998.12,998.18,998.12,998.18,0.01,9.63,9461.59,1
2023-11-27,2023-11-27 14:46:00,998.18,998.24,998.18,998.24,0.01,9.63,9461.59,1
2023-11-27,2023-11-27 14:47:00,998.24,998.3,998.24,998.3,0.01,9.63,9461.59,1
2023-11-27,2023-11-27 14:48:00,998.3,998.36,998.3,998.36,0.01,9.63,9461.59,1
2023-11-27,2023-11-27 14:49:00,998.36,998.42,998.36,998.42,0.01,9.63,9461.59,1
2023-11-27,2023-11-27 14:50:00,998.42,998.48,998.42,998.48,0.01,9.63,9461.59,1
2023-11-27,2023-11-27 14:51:00,998.48,998.53,998.48,998.53,0.01,9.63,9461.59,1
2023-11-27,2023-11-27 14:52:00,998.53,998.59,998.53,998.59,0.01,9.63,9461.59,1
2023-11-27,2023-11-27 14:53:00,998.59,998.65,998.59,998.65,0.01,9.63,9461.59,1
2023-11-27,2023-11-27 14:54:00,998.65,998.71,998.65,998.71,0.01,9.63,9461.59,1
2023-11-27,2023-11-27 14:55:00,998.71,998.77,998.71,998.77,0.01,9.63,9461.59,1
2023-11-27,2023-11-27 14:56:00,998.77,998.83,998.77,998.83,0.01,9.63,9461.59,1
2023-11-27,2023-11-27 14:57:00,998.83,998.88,998.83,998.88,0.01,9.63,9461.59,1
2023-11-27,2023-11-27 14:58:00,998.88,998.94,998.88,998.94,0.01,9.63,9461.59,1
2023-11-27,2023-11-27 14:59:00,998.94,999.0,998.94,999.0,0.01,9.63,9461.59,1
2023-11-27,2023-11-27 15:00:00,999.0,1005.0,965.0,999.0,0.0,9.63,9461.59,0
2023-11-28,2023-11-28 11:00:00,979.1,989.87,973.67,979.18,0.01,4.01,3959.25,1
2023-11-28,2023-11-28 11:01:00,979.18,979.26,979.18,979.26,0.01,4.01,3959.25,1
2023-11-28,2023-11-28 11:02:00,979.26,979.34,979.26,979.34,0.01,4.01,3959.25,1
2023-11-28,2023-11-28 11:03:00,979.34,979.42,979.34,979.42,0.01,4.01,3959.25,1
2023-11-28,2023-11-28 11:04:00,979.42,979.49,979.42,979.49,0.01,4.01,3959.25,1
2023-11-28,2023-11-28 11:05:00,979.49,979.57,979.49,979.57,0.01,4.01,3959.25,1
2023-11-28,2023-11-28 11:06:00,979.57,979.65,979.57,979.65,0.01,4.01,3959.25,1
2023-11-28,2023-11-28 11:07:00,979.65,979.73,979.65,979.73,0.01,4.01,3959.25,1
2023-11-28,2023-11-28 11:08:00,979.73,979.81,979.73,979.81,0.01,4.01,3959.25,1
2023-11-28,2023-11-28 11:09:00,979.81,979.89,979.81,979.89,0.01,4.01,3959.25,1
2023-11-28,2023-11-28 11:10:00,979.89,979.97,979.89,979.97,0.01,4.01,3959.25,1
2023-11-28,2023-11-28 11:11:00,979.97,980.05,979.97,980.05,0.01,4.01,3959.25,1
2023-11-28,2023-11-28 11:12:00,980.05,980.12,980.05,980.12,0.01,4.01,3959.25,1
2023-11-28,2023-11-28 11:13:00,980.12,980.2,980.12,980.2,0.01,4.01,3959.25,1
2023-11-28,2023-11-28 11:14:00,980.2,980.28,980.2,980.28,0.01,4.01,3959.25,1
2023-11-28,2023-11-28 11:15:00,980.28,980.36,980.28,980.36,0.01,4.01,3959.25,1
2023-11-28,2023-11-28 11:16:00,980.36,980.44,980.36,980.44,0.01,4.01,3959.25,1
2023-11-28,2023-11-28 11:17:00,980.44,980.52,980.44,980.52,0.01,4.01,3959.25,1
2023-11-28,2023-11-28 11:18:00,980.52,980.6,980.52,980.6,0.01,4.01,3959.25,1
2023-11-28,2023-11-28 11:19:00,980.6,980.68,980.6,980.68,0.01,4.01,3959.25,1
2023-11-28,2023-11-28 11:20:00,980.68,980.75,980.68,980.75,0.01,4.01,3959.25,1
2023-11-28,2023-11-28 11:21:00,980.75,980.83,980.75,980.83,0.01,4.01,3959.25,1
2023-11-28,2023-11-28 11:22:00,980.83,980.91,980.83,980.91,0.01,4.01,3959.25,1
2023-11-28,2023-11-28 11:23:00,980.91,980.99,980.91,980.99,0.01,4.01,3959.25,1
2023-11-28,2023-11-28 11:24:00,980.99,981.07,980.99,981.07,0.01,4.01,3959.25,1
2023-11-28,2023-11-28 11:25:00,981.07,981.15,981.07,981.15,0.01,4.01,3959.25,1
2023-11-28,2023-11-28 11:26:00,981.15,981.23,981.15,981.23,0.01,4.01,3959.25,1
2023-11-28,2023-11-28 11:27:00,981.23,981.31,981.23,981.31,0.01,4.01,3959.25,1
2023-11-28,2023-11-28 11:28:00,981.31,981.38,981.31,981.38,0.01,4.01,3959.25,1
2023-11-28,2023-11-28 11:29:00,981.38,981.46,981.38,981.46,0.01,4.01,3959.25,1
2023-11-28,2023-11-28 11:30:00,981.46,981.54,981.46,981.54,0.01,4.01,3959.25,1
2023-11-28,2023-11-28 11:31:00,981.54,981.62,981.54,981.62,0.01,4.01,3959.25,1
2023-11-28,2023-11-28 11:32:00,981.62,981.7,981.62,981.7,0.01,4.01,3959.25,1
2023-11-28,2023-11-28 11:33:00,981.7,981.78,981.7,981.78,0.01,4.01,3959.25,1
2023-11-28,2023-11-28 11:34:00,981.78,981.86,981.78,981.86,0.01,4.01,3959.25,1
2023-11-28,2023-11-28 11:35:00,981.86,981.94,981.86,981.94,0.01,4.01,3959.25,1
2023-11-28,2023-11-28 11:36:00,981.94,982.01,981.94,982.01,0.01,4.01,3959.25,1
2023-11-28,2023-11-28 11:37:00,982.01,982.09,982.01,982.09,0.01,4.01,3959.25,1
2023-11-28,2023-11-28 11:38:00,982.09,982.17,982.09,982.17,0.01,4.01,3959.25,1
2023-11-28,2023-11-28 11:39:00,982.17,982.25,982.17,982.25,0.01,4.01,3959.25,1
2023-11-28,2023-11-28 11:40:00,982.25,982.33,982.25,982.33,0.01,4.01,3959.25,1
2023-11-28,2023-11-28 11:41:00,982.33,982.41,982.33,982.41,0.01,4.01,3959.25,1
2023-11-28,2023-11-28 11:42:00,982.41,982.49,982.41,982.49,0.01,4.01,3959.25,1
2023-11-28,2023-11-28 11:43:00,982.49,982.57,982.49,982.57,0.01,4.01,3959.25,1
2023-11-28,2023-11-28 11:44:00,982.57,982.64,982.57,982.64,0.01,4.01,3959.25,1
2023-11-28,2023-11-28 11:45:00,982.64,982.72,982.64,982.72,0.01,4.01,3959.25,1
2023-11-28,2023-11-28 11:46:00,982.72,982.8,982.72,982.8,0.01,4.01,3959.25,1
2023-11-28,2023-11-28 11:47:00,982.8,982.88,982.8,982.88,0.01,4.01,3959.25,1
2023-11-28,2023-11-28 11:48:00,982.88,982.96,982.88,982.96,0.01,4.01,3959.25,1
2023-11-28,2023-11-28 11:49:00,982.96,983.04,982.96,983.04,0.01,4.01,3959.25,1
2023-11-28,2023-11-28 11:50:00,983.04,983.12,983.04,983.12,0.01,4.01,3959.25,1
2023-11-28,2023-11-28 11:51:00,983.12,983.2,983.12,983.2,0.01,4.01,3959.25,1
2023-11-28,2023-11-28 11:52:00,983.2,983.27,983.2,983.27,0.01,4.01,3959.25,1
2023-11-28,2023-11-28 11:53:00,983.27,983.35,983.27,983.35,0.01,4.01,3959.25,1
2023-11-28,2023-11-28 11:54:00,983.35,983.43,983.35,983.43,0.01,4.01,3959.25,1
2023-11-28,2023-11-28 11:55:00,983.43,983.51,983.43,983.51,0.01,4.01,3959.25,1
2023-11-28,2023-11-28 11:56:00,983.51,983.59,983.51,983.59,0.01,4.01,3959.25,1
2023-11-28,2023-11-28 11:57:00,983.59,983.67,983.59,983.67,0.01,4.01,3959.25,1
2023-11-28,2023-11-28 11:58:00,983.67,983.75,983.67,983.75,0.01,4.01,3959.25,1
2023-11-28,2023-11-28 11:59:00,983.75,983.83,983.75,983.83,0.01,4.01,3959.25,1
2023-11-28,2023-11-28 12:00:00,983.83,983.9,983.83,983.9,0.01,4.01,3959.25,1
2023-11-28,2023-11-28 12:01:00,983.9,983.98,983.9,983.98,0.01,4.01,3959.25,1
2023-11-28,2023-11-28 12:02:00,983.98,984.06,983.98,984.06,0.01,4.01,3959.25,1
2023-11-28,2023-11-28 12:03:00,984.06,984.14,984.06,984.14,0.01,4.01,3959.25,1
2023-11-28,2023-11-28 12:04:00,984.14,984.22,984.14,984.22,0.01,4.01,3959.25,1
2023-11-28,2023-11-28 12:05:00,984.22,984.3,984.22,984.3,0.01,4.01,3959.25,1
2023-11-28,2023-11-28 12:06:00,984.3,984.38,984.3,984.38,0.01,4.01,3959.25,1
2023-11-28,2023-11-28 12:07:00,984.38,984.46,984.38,984.46,0.01,4.01,3959.25,1
2023-11-28,2023-11-28 12:08:00,984.46,984.53,984.46,984.53,0.01,4.01,3959.25,1
2023-11-28,2023-11-28 12:09:00,984.53,984.61,984.53,984.61,0.01,4.01,3959.25,1
2023-11-28,2023-11-28 12:10:00,984.61,984.69,984.61,984.69,0.01,4.01,3959.25,1
2023-11-28,2023-11-28 12:11:00,984.69,984.77,984.69,984.77,0.01,4.01,3959.25,1
2023-11-28,2023-11-28 12:12:00,984.77,984.85,984.77,984.85,0.01,4.01,3959.25,1
2023-11-28,2023-11-28 12:13:00,984.85,984.93,984.85,984.93,0.01,4.01,3959.25,1
2023-11-28,2023-11-28 12:14:00,984.93,985.01,984.93,985.01,0.01,4.01,3959.25,1
2023-11-28,2023-11-28 12:15:00,985.01,985.09,985.01,985.09,0.01,4.01,3959.25,1
2023-11-28,2023-11-28 12:16:00,985.09,985.16,985.09,985.16,0.01,4.01,3959.25,1
2023-11-28,2023-11-28 12:17:00,985.16,985.24,985.16,985.24,0.01,4.01,3959.25,1
2023-11-28,2023-11-28 12:18:00,985.24,985.32,985.24,985.32,0.01,4.01,3959.25,1
2023-11-28,2023-11-28 12:19:00,985.32,985.4,985.32,985.4,0.01,4.01,3959.25,1
2023-11-28,2023-11-28 12:20:00,985.4,985.48,985.4,985.48,0.01,4.01,3959.25,1
2023-11-28,2023-11-28 12:21:00,985.48,985.56,985.48,985.56,0.01,4.01,3959.25,1
2023-11-28,2023-11-28 12:22:00,985.56,985.64,985.56,985.64,0.01,4.01,3959.25,1
2023-11-28,2023-11-28 12:23:00,985.64,985.72,985.64,985.72,0.01,4.01,3959.25,1
2023-11-28,2023-11-28 12:24:00,985.72,985.79,985.72,985.79,0.01,4.01,3959.25,1
2023-11-28,2023-11-28 12:25:00,985.79,985.87,985.79,985.87,0.01,4.01,3959.25,1
2023-11-28,2023-11-28 12:26:00,985.87,985.95,985.87,985.95,0.01,4.01,3959.25,1
2023-11-28,2023-11-28 12:27:00,985.95,986.03,985.95,986.03,0.01,4.01,3959.25,1
2023-11-28,2023-11-28 12:28:00,986.03,986.11,986.03,986.11,0.01,4.01,3959.25,1
2023-11-28,2023-11-28 12:29:00,986.11,986.19,986.11,986.19,0.01,4.01,3959.25,1
2023-11-28,2023-11-28 12:30:00,986.19,986.27,986.19,986.27,0.01,4.01,3959.25,1
2023-11-28,2023-11-28 12:31:00,986.27,986.35,986.27,986.35,0.01,4.01,3959.25,1
2023-11-28,2023-11-28 12:32:00,986.35,986.42,986.35,986.42,0.01,4.01,3959.25,1
2023-11-28,2023-11-28 12:33:00,986.42,986.5,986.42,986.5,0.01,4.01,3959.25,1
2023-11-28,2023-11-28 12:34:00,986.5,986.58,986.5,986.58,0.01,4.01,3959.25,1
2023-11-28,2023-11-28 12:35:00,986.58,986.66,986.58,986.66,0.01,4.01,3959.25,1
2023-11-28,2023-11-28 12:36:00,986.66,986.74,986.66,986.74,0.01,4.01,3959.25,1
2023-11-28,2023-11-28 12:37:00,986.74,986.82,986.74,986.82,0.01,4.01,3959.25,1
2023-11-28,2023-11-28 12:38:00,986.82,986.9,986.82,986.9,0.01,4.01,3959.25,1
2023-11-28,2023-11-28 12:39:00,986.9,986.98,986.9,986.98,0.01,4.01,3959.25,1
2023-11-28,2023-11-28 12:40:00,986.98,987.05,986.98,987.05,0.01,4.01,3959.25,1
2023-11-28,2023-11-28 12:41:00,987.05,987.13,987.05,987.13,0.01,4.01,3959.25,1
2023-11-28,2023-11-28 12:42:00,987.13,987.21,987.13,987.21,0.01,4.01,3959.25,1
2023-11-28,2023-11-28 12:43:00,987.21,987.29,987.21,987.29,0.01,4.01,3959.25,1
2023-11-28,2023-11-28 12:44:00,987.29,987.37,987.29,987.37,0.01,4.01,3959.25,1
2023-11-28,2023-11-28 12:45:00,987.37,987.45,987.37,987.45,0.01,4.01,3959.25,1
2023-11-28,2023-11-28 12:46:00,987.45,987.53,987.45,987.53,0.01,4.01,3959.25,1
2023-11-28,2023-11-28 12:47:00,987.53,987.61,987.53,987.61,0.01,4.01,3959.25,1
2023-11-28,2023-11-28 12:48:00,987.61,987.68,987.61,987.68,0.01,4.01,3959.25,1
2023-11-28,2023-11-28 12:49:00,987.68,987.76,987.68,987.76,0.01,4.01,3959.25,1
2023-11-28,2023-11-28 12:50:00,987.76,987.84,987.76,987.84,0.01,4.01,3959.25,1
2023-11-28,2023-11-28 12:51:00,987.84,987.92,987.84,987.92,0.01,4.01,3959.25,1
2023-11-28,2023-11-28 12:52:00,987.92,988.0,987.92,988.0,0.01,4.01,3959.25,1
2023-11-28,2023-11-28 12:53:00,988.0,988.08,988.0,988.08,0.01,4.01,3959.25,1
2023-11-28,2023-11-28 12:54:00,988.08,988.16,988.08,988.16,0.01,4.01,3959.25,1
2023-11-28,2023-11-28 12:55:00,988.16,988.24,988.16,988.24,0.01,4.01,3959.25,1
2023-11-28,2023-11-28 12:56:00,988.24,988.31,988.24,988.31,0.01,4.01,3959.25,1
2023-11-28,2023-11-28 12:57:00,988.31,988.39,988.31,988.39,0.01,4.01,3959.25,1
2023-11-28,2023-11-28 12:58:00,988.39,988.47,988.39,988.47,0.01,4.01,3959.25,1
2023-11-28,2023-11-28 12:59:00,988.47,988.55,988.47,988.55,0.01,4.01,3959.25,1
2023-11-28,2023-11-28 13:00:00,988.55,1015.0,961.0,988.63,0.01,4.01,3959.25,1
2023-11-28,2023-11-28 13:01:00,988.63,988.71,988.63,988.71,0.01,4.01,3959.25,1
2023-11-28,2023-11-28 13:02:00,988.71,988.79,988.71,988.79,0.01,4.01,3959.25,1
2023-11-28,2023-11-28 13:03:00,988.79,988.87,988.79,988.87,0.01,4.01,3959.25,1
2023-11-28,2023-11-28 13:04:00,988.87,988.94,988.87,988.94,0.01,4.01,3959.25,1
2023-11-28,2023-11-28 13:05:00,988.94,989.02,988.94,989.02,0.01,4.01,3959.25,1
2023-11-28,2023-11-28 13:06:00,989.02,989.1,989.02,989.1,0.01,4.01,3959.25,1
2023-11-28,2023-11-28 13:07:00,989.1,989.18,989.1,989.18,0.01,4.01,3959.25,1
2023-11-28,2023-11-28 13:08:00,989.18,989.26,989.18,989.26,0.01,4.01,3959.25,1
2023-11-28,2023-11-28 13:09:00,989.26,989.34,989.26,989.34,0.01,4.01,3959.25,1
2023-11-28,2023-11-28 13:10:00,989.34,989.42,989.34,989.42,0.01,4.01,3959.25,1
2023-11-28,2023-11-28 13:11:00,989.42,989.5,989.42,989.5,0.01,4.01,3959.25,1
2023-11-28,2023-11-28 13:12:00,989.5,989.57,989.5,989.57,0.01,4.01,3959.25,1
2023-11-28,2023-11-28 13:13:00,989.57,989.65,989.57,989.65,0.01,4.01,3959.25,1
2023-11-28,2023-11-28 13:14:00,989.65,989.73,989.65,989.73,0.01,4.01,3959.25,1
2023-11-28,2023-11-28 13:15:00,989.73,989.81,989.73,989.81,0.01,4.01,3959.25,1
2023-11-28,2023-11-28 13:16:00,989.81,989.89,989.81,989.89,0.01,4.01,3959.25,1
2023-11-28,2023-11-28 13:17:00,989.89,989.97,989.89,989.97,0.01,4.01,3959.25,1
2023-11-28,2023-11-28 13:18:00,989.97,990.05,989.97,990.05,0.01,4.01,3959.25,1
2023-11-28,2023-11-28 13:19:00,990.05,990.12,990.05,990.12,0.01,4.01,3959.25,1
2023-11-28,2023-11-28 13:20:00,990.12,990.2,990.12,990.2,0.01,4.01,3959.25,1
2023-11-28,2023-11-28 13:21:00,990.2,990.28,990.2,990.28,0.01,4.01,3959.25,1
2023-11-28,2023-11-28 13:22:00,990.28,990.36,990.28,990.36,0.01,4.01,3959.25,1
2023-11-28,2023-11-28 13:23:00,990.36,990.44,990.36,990.44,0.01,4.01,3959.25,1
2023-11-28,2023-11-28 13:24:00,990.44,990.52,990.44,990.52,0.01,4.01,3959.25,1
2023-11-28,2023-11-28 13:25:00,990.52,990.6,990.52,990.6,0.01,4.01,3959.25,1
2023-11-28,2023-11-28 13:26:00,990.6,990.68,990.6,990.68,0.01,4.01,3959.25,1
2023-11-28,2023-11-28 13:27:00,990.68,990.75,990.68,990.75,0.01,4.01,3959.25,1
2023-11-28,2023-11-28 13:28:00,990.75,990.83,990.75,990.83,0.01,4.01,3959.25,1
2023-11-28,2023-11-28 13:29:00,990.83,990.91,990.83,990.91,0.01,4.01,3959.25,1
2023-11-28,2023-11-28 13:30:00,990.91,990.99,990.91,990.99,0.01,4.01,3959.25,1
2023-11-28,2023-11-28 13:31:00,990.99,991.07,990.99,991.07,0.01,4.01,3959.25,1
2023-11-28,2023-11-28 13:32:00,991.07,991.15,991.07,991.15,0.01,4.01,3959.25,1
2023-11-28,2023-11-28 13:33:00,991.15,991.23,991.15,991.23,0.01,4.01,3959.25,1
2023-11-28,2023-11-28 13:34:00,991.23,991.31,991.23,991.31,0.01,4.01,3959.25,1
2023-11-28,2023-11-28 13:35:00,991.31,991.38,991.31,991.38,0.01,4.01,3959.25,1
2023-11-28,2023-11-28 13:36:00,991.38,991.46,991.38,991.46,0.01,4.01,3959.25,1
2023-11-28,2023-11-28 13:37:00,991.46,991.54,991.46,991.54,0.01,4.01,3959.25,1
2023-11-28,2023-11-28 13:38:00,991.54,991.62,991.54,991.62,0.01,4.01,3959.25,1
2023-11-28,2023-11-28 13:39:00,991.62,991.7,991.62,991.7,0.01,4.01,3959.25,1
2023-11-28,2023-11-28 13:40:00,991.7,991.78,991.7,991.78,0.01,4.01,3959.25,1
2023-11-28,2023-11-28 13:41:00,991.78,991.86,991.78,991.86,0.01,4.01,3959.25,1
2023-11-28,2023-11-28 13:42:00,991.86,991.94,991.86,991.94,0.01,4.01,3959.25,1
2023-11-28,2023-11-28 13:43:00,991.94,992.01,991.94,992.01,0.01,4.01,3959.25,1
2023-11-28,2023-11-28 13:44:00,992.01,992.09,992.01,992.09,0.01,4.01,3959.25,1
2023-11-28,2023-11-28 13:45:00,992.09,992.17,992.09,992.17,0.01,4.01,3959.25,1
2023-11-28,2023-11-28 13:46:00,992.17,992.25,992.17,992.25,0.01,4.01,3959.25,1
2023-11-28,2023-11-28 13:47:00,992.25,992.33,992.25,992.33,0.01,4.01,3959.25,1
2023-11-28,2023-11-28 13:48:00,992.33,992.41,992.33,992.41,0.01,4.01,3959.25,1
2023-11-28,2023-11-28 13:49:00,992.41,992.49,992.41,992.49,0.01,4.01,3959.25,1
2023-11-28,2023-11-28 13:50:00,992.49,992.57,992.49,992.57,0.01,4.01,3959.25,1
2023-11-28,2023-11-28 13:51:00,992.57,992.64,992.57,992.64,0.01,4.01,3959.25,1
2023-11-28,2023-11-28 13:52:00,992.64,992.72,992.64,992.72,0.01,4.01,3959.25,1
2023-11-28,2023-11-28 13:53:00,992.72,992.8,992.72,992.8,0.01,4.01,3959.25,1
2023-11-28,2023-11-28 13:54:00,992.8,992.88,992.8,992.88,0.01,4.01,3959.25,1
2023-11-28,2023-11-28 13:55:00,992.88,992.96,992.88,992.96,0.01,4.01,3959.25,1
2023-11-28,2023-11-28 13:56:00,992.96,993.04,992.96,993.04,0.01,4.01,3959.25,1
2023-11-28,2023-11-28 13:57:00,993.04,993.12,993.04,993.12,0.01,4.01,3959.25,1
2023-11-28,2023-11-28 13:58:00,993.12,993.2,993.12,993.2,0.01,4.01,3959.25,1
2023-11-28,2023-11-28 13:59:00,993.2,993.27,993.2,993.27,0.01,4.01,3959.25,1
2023-11-28,2023-11-28 14:00:00,993.27,993.35,993.27,993.35,0.01,4.01,3959.25,1
2023-11-28,2023-11-28 14:01:00,993.35,993.43,993.35,993.43,0.01,4.01,3959.25,1
2023-11-28,2023-11-28 14:02:00,993.43,993.51,993.43,993.51,0.01,4.01,3959.25,1
2023-11-28,2023-11-28 14:03:00,993.51,993.59,993.51,993.59,0.01,4.01,3959.25,1
2023-11-28,2023-11-28 14:04:00,993.59,993.67,993.59,993.67,0.01,4.01,3959.25,1
2023-11-28,2023-11-28 14:05:00,993.67,993.75,993.67,993.75,0.01,4.01,3959.25,1
2023-11-28,2023-11-28 14:06:00,993.75,993.83,993.75,993.83,0.01,4.01,3959.25,1
2023-11-28,2023-11-28 14:07:00,993.83,993.9,993.83,993.9,0.01,4.01,3959.25,1
2023-11-28,2023-11-28 14:08:00,993.9,993.98,993.9,993.98,0.01,4.01,3959.25,1
2023-11-28,2023-11-28 14:09:00,993.98,994.06,993.98,994.06,0.01,4.01,3959.25,1
2023-11-28,2023-11-28 14:10:00,994.06,994.14,994.06,994.14,0.01,4.01,3959.25,1
2023-11-28,2023-11-28 14:11:00,994.14,994.22,994.14,994.22,0.01,4.01,3959.25,1
2023-11-28,2023-11-28 14:12:00,994.22,994.3,994.22,994.3,0.01,4.01,3959.25,1
2023-11-28,2023-11-28 14:13:00,994.3,994.38,994.3,994.38,0.01,4.01,3959.25,1
2023-11-28,2023-11-28 14:14:00,994.38,994.46,994.38,994.46,0.01,4.01,3959.25,1
2023-11-28,2023-11-28 14:15:00,994.46,994.53,994.46,994.53,0.01,4.01,3959.25,1
2023-11-28,2023-11-28 14:16:00,994.53,994.61,994.53,994.61,0.01,4.01,3959.25,1
2023-11-28,2023-11-28 14:17:00,994.61,994.69,994.61,994.69,0.01,4.01,3959.25,1
2023-11-28,2023-11-28 14:18:00,994.69,994.77,994.69,994.77,0.01,4.01,3959.25,1
2023-11-28,2023-11-28 14:19:00,994.77,994.85,994.77,994.85,0.01,4.01,3959.25,1
2023-11-28,2023-11-28 14:20:00,994.85,994.93,994.85,994.93,0.01,4.01,3959.25,1
2023-11-28,2023-11-28 14:21:00,994.93,995.01,994.93,995.01,0.01,4.01,3959.25,1
2023-11-28,2023-11-28 14:22:00,995.01,995.09,995.01,995.09,0.01,4.01,3959.25,1
2023-11-28,2023-11-28 14:23:00,995.09,995.16,995.09,995.16,0.01,4.01,3959.25,1
2023-11-28,2023-11-28 14:24:00,995.16,995.24,995.16,995.24,0.01,4.01,3959.25,1
2023-11-28,2023-11-28 14:25:00,995.24,995.32,995.24,995.32,0.01,4.01,3959.25,1
2023-11-28,2023-11-28 14:26:00,995.32,995.4,995.32,995.4,0.01,4.01,3959.25,1
2023-11-28,2023-11-28 14:27:00,995.4,995.48,995.4,995.48,0.01,4.01,3959.25,1
2023-11-28,2023-11-28 14:28:00,995.48,995.56,995.48,995.56,0.01,4.01,3959.25,1
2023-11-28,2023-11-28 14:29:00,995.56,995.64,995.56,995.64,0.01,4.01,3959.25,1
2023-11-28,2023-11-28 14:30:00,995.64,995.72,995.64,995.72,0.01,4.01,3959.25,1
2023-11-28,2023-11-28 14:31:00,995.72,995.79,995.72,995.79,0.01,4.01,3959.25,1
2023-11-28,2023-11-28 14:32:00,995.79,995.87,995.79,995.87,0.01,4.01,3959.25,1
2023-11-28,2023-11-28 14:33:00,995.87,995.95,995.87,995.95,0.01,4.01,3959.25,1
2023-11-28,2023-11-28 14:34:00,995.95,996.03,995.95,996.03,0.01,4.01,3959.25,1
2023-11-28,2023-11-28 14:35:00,996.03,996.11,996.03,996.11,0.01,4.01,3959.25,1
2023-11-28,2023-11-28 14:36:00,996.11,996.19,996.11,996.19,0.01,4.01,3959.25,1
2023-11-28,2023-11-28 14:37:00,996.19,996.27,996.19,996.27,0.01,4.01,3959.25,1
2023-11-28,2023-11-28 14:38:00,996.27,996.35,996.27,996.35,0.01,4.01,3959.25,1
2023-11-28,2023-11-28 14:39:00,996.35,996.42,996.35,996.42,0.01,4.01,3959.25,1
2023-11-28,2023-11-28 14:40:00,996.42,996.5,996.42,996.5,0.01,4.01,3959.25,1
2023-11-28,2023-11-28 14:41:00,996.5,996.58,996.5,996.58,0.01,4.01,3959.25,1
2023-11-28,2023-11-28 14:42:00,996.58,996.66,996.58,996.66,0.01,4.01,3959.25,1
2023-11-28,2023-11-28 14:43:00,996.66,996.74,996.66,996.74,0.01,4.01,3959.25,1
2023-11-28,2023-11-28 14:44:00,996.74,996.82,996.74,996.82,0.01,4.01,3959.25,1
2023-11-28,2023-11-28 14:45:00,996.82,996.9,996.82,996.9,0.01,4.01,3959.25,1
2023-11-28,2023-11-28 14:46:00,996.9,996.98,996.9,996.98,0.01,4.01,3959.25,1
2023-11-28,2023-11-28 14:47:00,996.98,997.05,996.98,997.05,0.01,4.01,3959.25,1
2023-11-28,2023-11-28 14:48:00,997.05,997.13,997.05,997.13,0.01,4.01,3959.25,1
2023-11-28,2023-11-28 14:49:00,997.13,997.21,997.13,997.21,0.01,4.01,3959.25,1
2023-11-28,2023-11-28 14:50:00,997.21,997.29,997.21,997.29,0.01,4.01,3959.25,1
2023-11-28,2023-11-28 14:51:00,997.29,997.37,997.29,997.37,0.01,4.01,3959.25,1
2023-11-28,2023-11-28 14:52:00,997.37,997.45,997.37,997.45,0.01,4.01,3959.25,1
2023-11-28,2023-11-28 14:53:00,997.45,997.53,997.45,997.53,0.01,4.01,3959.25,1
2023-11-28,2023-11-28 14:54:00,997.53,997.61,997.53,997.61,0.01,4.01,3959.25,1
2023-11-28,2023-11-28 14:55:00,997.61,997.68,997.61,997.68,0.01,4.01,3959.25,1
2023-11-28,2023-11-28 14:56:00,997.68,997.76,997.68,997.76,0.01,4.01,3959.25,1
2023-11-28,2023-11-28 14:57:00,997.76,997.84,997.76,997.84,0.01,4.01,3959.25,1
2023-11-28,2023-11-28 14:58:00,997.84,997.92,997.84,997.92,0.01,4.01,3959.25,1
2023-11-28,2023-11-28 14:59:00,997.92,998.0,997.92,998.0,0.01,4.01,3959.25,1
2023-11-28,2023-11-28 15:00:00,998.0,1015.0,961.0,998.0,0.0,4.01,3959.25,0
2023-11-29,2023-11-29 11:00:00,979.0,985.0,973.33,979.01,0.0,6.69,6517.07,1
2023-11-29,2023-11-29 11:01:00,979.01,979.02,979.01,979.02,0.0,6.69,6517.07,1
2023-11-29,2023-11-29 11:02:00,979.02,979.04,979.02,979.04,0.0,6.69,6517.07,1
2023-11-29,2023-11-29 11:03:00,979.04,979.05,979.04,979.05,0.0,6.69,6517.07,1
2023-11-29,2023-11-29 11:04:00,979.05,979.06,979.05,979.06,0.0,6.69,6517.07,1
2023-11-29,2023-11-29 11:05:00,979.06,979.08,979.06,979.08,0.0,6.69,6517.07,1
2023-11-29,2023-11-29 11:06:00,979.08,979.09,979.08,979.09,0.0,6.69,6517.07,1
2023-11-29,2023-11-29 11:07:00,979.09,979.1,979.09,979.1,0.0,6.69,6517.07,1
2023-11-29,2023-11-29 11:08:00,979.1,979.11,979.1,979.11,0.0,6.69,6517.07,1
2023-11-29,2023-11-29 11:09:00,979.11,979.12,979.11,979.12,0.0,6.69,6517.07,1
2023-11-29,2023-11-29 11:10:00,979.12,979.14,979.12,979.14,0.0,6.69,6517.07,1
2023-11-29,2023-11-29 11:11:00,979.14,979.15,979.14,979.15,0.0,6.69,6517.07,1
2023-11-29,2023-11-29 11:12:00,979.15,979.16,979.15,979.16,0.0,6.69,6517.07,1
2023-11-29,2023-11-29 11:13:00,979.16,979.17,979.16,979.17,0.0,6.69,6517.07,1
2023-11-29,2023-11-29 11:14:00,979.17,979.19,979.17,979.19,0.0,6.69,6517.07,1
2023-11-29,2023-11-29 11:15:00,979.19,979.2,979.19,979.2,0.0,6.69,6517.07,1
2023-11-29,2023-11-29 11:16:00,979.2,979.21,979.2,979.21,0.0,6.69,6517.07,1
2023-11-29,2023-11-29 11:17:00,979.21,979.23,979.21,979.23,0.0,6.69,6517.07,1
2023-11-29,2023-11-29 11:18:00,979.23,979.24,979.23,979.24,0.0,6.69,6517.07,1
2023-11-29,2023-11-29 11:19:00,979.24,979.25,979.24,979.25,0.0,6.69,6517.07,1
2023-11-29,2023-11-29 11:20:00,979.25,979.26,979.25,979.26,0.0,6.69,6517.07,1
2023-11-29,2023-11-29 11:21:00,979.26,979.27,979.26,979.27,0.0,6.69,6517.07,1
2023-11-29,2023-11-29 11:22:00,979.27,979.29,979.27,979.29,0.0,6.69,6517.07,1
2023-11-29,2023-11-29 11:23:00,979.29,979.3,979.29,979.3,0.0,6.69,6517.07,1
2023-11-29,2023-11-29 11:24:00,979.3,979.31,979.3,979.31,0.0,6.69,6517.07,1
2023-11-29,2023-11-29 11:25:00,979.31,979.33,979.31,979.33,0.0,6.69,6517.07,1
2023-11-29,2023-11-29 11:26:00,979.33,979.34,979.33,979.34,0.0,6.69,6517.07,1
2023-11-29,2023-11-29 11:27:00,979.34,979.35,979.34,979.35,0.0,6.69,6517.07,1
2023-11-29,2023-11-29 11:28:00,979.35,979.36,979.35,979.36,0.0,6.69,6517.07,1
2023-11-29,2023-11-29 11:29:00,979.36,979.38,979.36,979.38,0.0,6.69,6517.07,1
2023-11-29,2023-11-29 11:30:00,979.38,979.39,979.38,979.39,0.0,6.69,6517.07,1
2023-11-29,2023-11-29 11:31:00,979.39,979.4,979.39,979.4,0.0,6.69,6517.07,1
2023-11-29,2023-11-29 11:32:00,979.4,979.41,979.4,979.41,0.0,6.69,6517.07,1
2023-11-29,2023-11-29 11:33:00,979.41,979.42,979.41,979.42,0.0,6.69,6517.07,1
2023-11-29,2023-11-29 11:34:00,979.42,979.44,979.42,979.44,0.0,6.69,6517.07,1
2023-11-29,2023-11-29 11:35:00,979.44,979.45,979.44,979.45,0.0,6.69,6517.07,1
2023-11-29,2023-11-29 11:36:00,979.45,979.46,979.45,979.46,0.0,6.69,6517.07,1
2023-11-29,2023-11-29 11:37:00,979.46,979.48,979.46,979.48,0.0,6.69,6517.07,1
2023-11-29,2023-11-29 11:38:00,979.48,979.49,979.48,979.49,0.0,6.69,6517.07,1
2023-11-29,2023-11-29 11:39:00,979.49,979.5,979.49,979.5,0.0,6.69,6517.07,1
2023-11-29,2023-11-29 11:40:00,979.5,979.51,979.5,979.51,0.0,6.69,6517.07,1
2023-11-29,2023-11-29 11:41:00,979.51,979.52,979.51,979.52,0.0,6.69,6517.07,1
2023-11-29,2023-11-29 11:42:00,979.52,979.54,979.52,979.54,0.0,6.69,6517.07,1
2023-11-29,2023-11-29 11:43:00,979.54,979.55,979.54,979.55,0.0,6.69,6517.07,1
2023-11-29,2023-11-29 11:44:00,979.55,979.56,979.55,979.56,0.0,6.69,6517.07,1
2023-11-29,2023-11-29 11:45:00,979.56,979.58,979.56,979.58,0.0,6.69,6517.07,1
2023-11-29,2023-11-29 11:46:00,979.58,979.59,979.58,979.59,0.0,6.69,6517.07,1
2023-11-29,2023-11-29 11:47:00,979.59,979.6,979.59,979.6,0.0,6.69,6517.07,1
2023-11-29,2023-11-29 11:48:00,979.6,979.61,979.6,979.61,0.0,6.69,6517.07,1
2023-11-29,2023-11-29 11:49:00,979.61,979.62,979.61,979.62,0.0,6.69,6517.07,1
2023-11-29,2023-11-29 11:50:00,979.62,979.64,979.62,979.64,0.0,6.69,6517.07,1
2023-11-29,2023-11-29 11:51:00,979.64,979.65,979.64,979.65,0.0,6.69,6517.07,1
2023-11-29,2023-11-29 11:52:00,979.65,979.66,979.65,979.66,0.0,6.69,6517.07,1
2023-11-29,2023-11-29 11:53:00,979.66,979.67,979.66,979.67,0.0,6.69,6517.07,1
2023-11-29,2023-11-29 11:54:00,979.67,979.69,979.67,979.69,0.0,6.69,6517.07,1
2023-11-29,2023-11-29 11:55:00,979.69,979.7,979.69,979.7,0.0,6.69,6517.07,1
2023-11-29,2023-11-29 11:56:00,979.7,979.71,979.7,979.71,0.0,6.69,6517.07,1
2023-11-29,2023-11-29 11:57:00,979.71,979.73,979.71,979.73,0.0,6.69,6517.07,1
2023-11-29,2023-11-29 11:58:00,979.73,979.74,979.73,979.74,0.0,6.69,6517.07,1
2023-11-29,2023-11-29 11:59:00,979.74,979.75,979.74,979.75,0.0,6.69,6517.07,1
2023-11-29,2023-11-29 12:00:00,979.75,979.76,979.75,979.76,0.0,6.69,6517.07,1
2023-11-29,2023-11-29 12:01:00,979.76,979.77,979.76,979.77,0.0,6.69,6517.07,1
2023-11-29,2023-11-29 12:02:00,979.77,979.79,979.77,979.79,0.0,6.69,6517.07,1
2023-11-29,2023-11-29 12:03:00,979.79,979.8,979.79,979.8,0.0,6.69,6517.07,1
2023-11-29,2023-11-29 12:04:00,979.8,979.81,979.8,979.81,0.0,6.69,6517.07,1
2023-11-29,2023-11-29 12:05:00,979.81,979.83,979.81,979.83,0.0,6.69,6517.07,1
2023-11-29,2023-11-29 12:06:00,979.83,979.84,979.83,979.84,0.0,6.69,6517.07,1
2023-11-29,2023-11-29 12:07:00,979.84,979.85,979.84,979.85,0.0,6.69,6517.07,1
2023-11-29,2023-11-29 12:08:00,979.85,979.86,979.85,979.86,0.0,6.69,6517.07,1
2023-11-29,2023-11-29 12:09:00,979.86,979.88,979.86,979.88,0.0,6.69,6517.07,1
2023-11-29,2023-11-29 12:10:00,979.88,979.89,979.88,979.89,0.0,6.69,6517.07,1
2023-11-29,2023-11-29 12:11:00,979.89,979.9,979.89,979.9,0.0,6.69,6517.07,1
2023-11-29,2023-11-29 12:12:00,979.9,979.91,979.9,979.91,0.0,6.69,6517.07,1
2023-11-29,2023-11-29 12:13:00,979.91,979.92,979.91,979.92,0.0,6.69,6517.07,1
2023-11-29,2023-11-29 12:14:00,979.92,979.94,979.92,979.94,0.0,6.69,6517.07,1
2023-11-29,2023-11-29 12:15:00,979.94,979.95,979.94,979.95,0.0,6.69,6517.07,1
2023-11-29,2023-11-29 12:16:00,979.95,979.96,979.95,979.96,0.0,6.69,6517.07,1
2023-11-29,2023-11-29 12:17:00,979.96,979.98,979.96,979.98,0.0,6.69,6517.07,1
2023-11-29,2023-11-29 12:18:00,979.98,979.99,979.98,979.99,0.0,6.69,6517.07,1
2023-11-29,2023-11-29 12:19:00,979.99,980.0,979.99,980.0,0.0,6.69,6517.07,1
2023-11-29,2023-11-29 12:20:00,980.0,980.01,980.0,980.01,0.0,6.69,6517.07,1
2023-11-29,2023-11-29 12:21:00,980.01,980.02,980.01,980.02,0.0,6.69,6517.07,1
2023-11-29,2023-11-29 12:22:00,980.02,980.04,980.02,980.04,0.0,6.69,6517.07,1
2023-11-29,2023-11-29 12:23:00,980.04,980.05,980.04,980.05,0.0,6.69,6517.07,1
2023-11-29,2023-11-29 12:24:00,980.05,980.06,980.05,980.06,0.0,6.69,6517.07,1
2023-11-29,2023-11-29 12:25:00,980.06,980.08,980.06,980.08,0.0,6.69,6517.07,1
2023-11-29,2023-11-29 12:26:00,980.08,980.09,980.08,980.09,0.0,6.69,6517.07,1
2023-11-29,2023-11-29 12:27:00,980.09,980.1,980.09,980.1,0.0,6.69,6517.07,1
2023-11-29,2023-11-29 12:28:00,980.1,980.11,980.1,980.11,0.0,6.69,6517.07,1
2023-11-29,2023-11-29 12:29:00,980.11,980.12,980.11,980.12,0.0,6.69,6517.07,1
2023-11-29,2023-11-29 12:30:00,980.12,980.14,980.12,980.14,0.0,6.69,6517.07,1
2023-11-29,2023-11-29 12:31:00,980.14,980.15,980.14,980.15,0.0,6.69,6517.07,1
2023-11-29,2023-11-29 12:32:00,980.15,980.16,980.15,980.16,0.0,6.69,6517.07,1
2023-11-29,2023-11-29 12:33:00,980.16,980.17,980.16,980.17,0.0,6.69,6517.07,1
2023-11-29,2023-11-29 12:34:00,980.17,980.19,980.17,980.19,0.0,6.69,6517.07,1
2023-11-29,2023-11-29 12:35:00,980.19,980.2,980.19,980.2,0.0,6.69,6517.07,1
2023-11-29,2023-11-29 12:36:00,980.2,980.21,980.2,980.21,0.0,6.69,6517.07,1
2023-11-29,2023-11-29 12:37:00,980.21,980.23,980.21,980.23,0.0,6.69,6517.07,1
2023-11-29,2023-11-29 12:38:00,980.23,980.24,980.23,980.24,0.0,6.69,6517.07,1
2023-11-29,2023-11-29 12:39:00,980.24,980.25,980.24,980.25,0.0,6.69,6517.07,1
2023-11-29,2023-11-29 12:40:00,980.25,980.26,980.25,980.26,0.0,6.69,6517.07,1
2023-11-29,2023-11-29 12:41:00,980.26,980.27,980.26,980.27,0.0,6.69,6517.07,1
2023-11-29,2023-11-29 12:42:00,980.27,980.29,980.27,980.29,0.0,6.69,6517.07,1
2023-11-29,2023-11-29 12:43:00,980.29,980.3,980.29,980.3,0.0,6.69,6517.07,1
2023-11-29,2023-11-29 12:44:00,980.3,980.31,980.3,980.31,0.0,6.69,6517.07,1
2023-11-29,2023-11-29 12:45:00,980.31,980.33,980.31,980.33,0.0,6.69,6517.07,1
2023-11-29,2023-11-29 12:46:00,980.33,980.34,980.33,980.34,0.0,6.69,6517.07,1
2023-11-29,2023-11-29 12:47:00,980.34,980.35,980.34,980.35,0.0,6.69,6517.07,1
2023-11-29,2023-11-29 12:48:00,980.35,980.36,980.35,980.36,0.0,6.69,6517.07,1
2023-11-29,2023-11-29 12:49:00,980.36,980.38,980.36,980.38,0.0,6.69,6517.07,1
2023-11-29,2023-11-29 12:50:00,980.38,980.39,980.38,980.39,0.0,6.69,6517.07,1
2023-11-29,2023-11-29 12:51:00,980.39,980.4,980.39,980.4,0.0,6.69,6517.07,1
2023-11-29,2023-11-29 12:52:00,980.4,980.41,980.4,980.41,0.0,6.69,6517.07,1
2023-11-29,2023-11-29 12:53:00,980.41,980.42,980.41,980.42,0.0,6.69,6517.07,1
2023-11-29,2023-11-29 12:54:00,980.42,980.44,980.42,980.44,0.0,6.69,6517.07,1
2023-11-29,2023-11-29 12:55:00,980.44,980.45,980.44,980.45,0.0,6.69,6517.07,1
2023-11-29,2023-11-29 12:56:00,980.45,980.46,980.45,980.46,0.0,6.69,6517.07,1
2023-11-29,2023-11-29 12:57:00,980.46,980.48,980.46,980.48,0.0,6.69,6517.07,1
2023-11-29,2023-11-29 12:58:00,980.48,980.49,980.48,980.49,0.0,6.69,6517.07,1
2023-11-29,2023-11-29 12:59:00,980.49,980.5,980.49,980.5,0.0,6.69,6517.07,1
2023-11-29,2023-11-29 13:00:00,980.5,999.0,960.1,980.51,0.0,6.69,6517.07,1
2023-11-29,2023-11-29 13:01:00,980.51,980.52,980.51,980.52,0.0,6.69,6517.07,1
2023-11-29,2023-11-29 13:02:00,980.52,980.54,980.52,980.54,0.0,6.69,6517.07,1
2023-11-29,2023-11-29 13:03:00,980.54,980.55,980.54,980.55,0.0,6.69,6517.07,1
2023-11-29,2023-11-29 13:04:00,980.55,980.56,980.55,980.56,0.0,6.69,6517.07,1
2023-11-29,2023-11-29 13:05:00,980.56,980.58,980.56,980.58,0.0,6.69,6517.07,1
2023-11-29,2023-11-29 13:06:00,980.58,980.59,980.58,980.59,0.0,6.69,6517.07,1
2023-11-29,2023-11-29 13:07:00,980.59,980.6,980.59,980.6,0.0,6.69,6517.07,1
2023-11-29,2023-11-29 13:08:00,980.6,980.61,980.6,980.61,0.0,6.69,6517.07,1
2023-11-29,2023-11-29 13:09:00,980.61,980.62,980.61,980.62,0.0,6.69,6517.07,1
2023-11-29,2023-11-29 13:10:00,980.62,980.64,980.62,980.64,0.0,6.69,6517.07,1
2023-11-29,2023-11-29 13:11:00,980.64,980.65,980.64,980.65,0.0,6.69,6517.07,1
2023-11-29,2023-11-29 13:12:00,980.65,980.66,980.65,980.66,0.0,6.69,6517.07,1
2023-11-29,2023-11-29 13:13:00,980.66,980.67,980.66,980.67,0.0,6.69,6517.07,1
2023-11-29,2023-11-29 13:14:00,980.67,980.69,980.67,980.69,0.0,6.69,6517.07,1
2023-11-29,2023-11-29 13:15:00,980.69,980.7,980.69,980.7,0.0,6.69,6517.07,1
2023-11-29,2023-11-29 13:16:00,980.7,980.71,980.7,980.71,0.0,6.69,6517.07,1
2023-11-29,2023-11-29 13:17:00,980.71,980.73,980.71,980.73,0.0,6.69,6517.07,1
2023-11-29,2023-11-29 13:18:00,980.73,980.74,980.73,980.74,0.0,6.69,6517.07,1
2023-11-29,2023-11-29 13:19:00,980.74,980.75,980.74,980.75,0.0,6.69,6517.07,1
2023-11-29,2023-11-29 13:20:00,980.75,980.76,980.75,980.76,0.0,6.69,6517.07,1
2023-11-29,2023-11-29 13:21:00,980.76,980.77,980.76,980.77,0.0,6.69,6517.07,1
2023-11-29,2023-11-29 13:22:00,980.77,980.79,980.77,980.79,0.0,6.69,6517.07,1
2023-11-29,2023-11-29 13:23:00,980.79,980.8,980.79,980.8,0.0,6.69,6517.07,1
2023-11-29,2023-11-29 13:24:00,980.8,980.81,980.8,980.81,0.0,6.69,6517.07,1
2023-11-29,2023-11-29 13:25:00,980.81,980.83,980.81,980.83,0.0,6.69,6517.07,1
2023-11-29,2023-11-29 13:26:00,980.83,980.84,980.83,980.84,0.0,6.69,6517.07,1
2023-11-29,2023-11-29 13:27:00,980.84,980.85,980.84,980.85,0.0,6.69,6517.07,1
2023-11-29,2023-11-29 13:28:00,980.85,980.86,980.85,980.86,0.0,6.69,6517.07,1
2023-11-29,2023-11-29 13:29:00,980.86,980.88,980.86,980.88,0.0,6.69,6517.07,1
2023-11-29,2023-11-29 13:30:00,980.88,980.89,980.88,980.89,0.0,6.69,6517.07,1
2023-11-29,2023-11-29 13:31:00,980.89,980.9,980.89,980.9,0.0,6.69,6517.07,1
2023-11-29,2023-11-29 13:32:00,980.9,980.91,980.9,980.91,0.0,6.69,6517.07,1
2023-11-29,2023-11-29 13:33:00,980.91,980.92,980.91,980.92,0.0,6.69,6517.07,1
2023-11-29,2023-11-29 13:34:00,980.92,980.94,980.92,980.94,0.0,6.69,6517.07,1
2023-11-29,2023-11-29 13:35:00,980.94,980.95,980.94,980.95,0.0,6.69,6517.07,1
2023-11-29,2023-11-29 13:36:00,980.95,980.96,980.95,980.96,0.0,6.69,6517.07,1
2023-11-29,2023-11-29 13:37:00,980.96,980.98,980.96,980.98,0.0,6.69,6517.07,1
2023-11-29,2023-11-29 13:38:00,980.98,980.99,980.98,980.99,0.0,6.69,6517.07,1
2023-11-29,2023-11-29 13:39:00,980.99,981.0,980.99,981.0,0.0,6.69,6517.07,1
2023-11-29,2023-11-29 13:40:00,981.0,981.01,981.0,981.01,0.0,6.69,6517.07,1
2023-11-29,2023-11-29 13:41:00,981.01,981.02,981.01,981.02,0.0,6.69,6517.07,1
2023-11-29,2023-11-29 13:42:00,981.02,981.04,981.02,981.04,0.0,6.69,6517.07,1
2023-11-29,2023-11-29 13:43:00,981.04,981.05,981.04,981.05,0.0,6.69,6517.07,1
2023-11-29,2023-11-29 13:44:00,981.05,981.06,981.05,981.06,0.0,6.69,6517.07,1
2023-11-29,2023-11-29 13:45:00,981.06,981.08,981.06,981.08,0.0,6.69,6517.07,1
2023-11-29,2023-11-29 13:46:00,981.08,981.09,981.08,981.09,0.0,6.69,6517.07,1
2023-11-29,2023-11-29 13:47:00,981.09,981.1,981.09,981.1,0.0,6.69,6517.07,1
2023-11-29,2023-11-29 13:48:00,981.1,981.11,981.1,981.11,0.0,6.69,6517.07,1
2023-11-29,2023-11-29 13:49:00,981.11,981.12,981.11,981.12,0.0,6.69,6517.07,1
2023-11-29,2023-11-29 13:50:00,981.12,981.14,981.12,981.14,0.0,6.69,6517.07,1
2023-11-29,2023-11-29 13:51:00,981.14,981.15,981.14,981.15,0.0,6.69,6517.07,1
2023-11-29,2023-11-29 13:52:00,981.15,981.16,981.15,981.16,0.0,6.69,6517.07,1
2023-11-29,2023-11-29 13:53:00,981.16,981.17,981.16,981.17,0.0,6.69,6517.07,1
2023-11-29,2023-11-29 13:54:00,981.17,981.19,981.17,981.19,0.0,6.69,6517.07,1
2023-11-29,2023-11-29 13:55:00,981.19,981.2,981.19,981.2,0.0,6.69,6517.07,1
2023-11-29,2023-11-29 13:56:00,981.2,981.21,981.2,981.21,0.0,6.69,6517.07,1
2023-11-29,2023-11-29 13:57:00,981.21,981.23,981.21,981.23,0.0,6.69,6517.07,1
2023-11-29,2023-11-29 13:58:00,981.23,981.24,981.23,981.24,0.0,6.69,6517.07,1
2023-11-29,2023-11-29 13:59:00,981.24,981.25,981.24,981.25,0.0,6.69,6517.07,1
2023-11-29,2023-11-29 14:00:00,981.25,981.26,981.25,981.26,0.0,6.69,6517.07,1
2023-11-29,2023-11-29 14:01:00,981.26,981.27,981.26,981.27,0.0,6.69,6517.07,1
2023-11-29,2023-11-29 14:02:00,981.27,981.29,981.27,981.29,0.0,6.69,6517.07,1
2023-11-29,2023-11-29 14:03:00,981.29,981.3,981.29,981.3,0.0,6.69,6517.07,1
2023-11-29,2023-11-29 14:04:00,981.3,981.31,981.3,981.31,0.0,6.69,6517.07,1
2023-11-29,2023-11-29 14:05:00,981.31,981.33,981.31,981.33,0.0,6.69,6517.07,1
2023-11-29,2023-11-29 14:06:00,981.33,981.34,981.33,981.34,0.0,6.69,6517.07,1
2023-11-29,2023-11-29 14:07:00,981.34,981.35,981.34,981.35,0.0,6.69,6517.07,1
2023-11-29,2023-11-29 14:08:00,981.35,981.36,981.35,981.36,0.0,6.69,6517.07,1
2023-11-29,2023-11-29 14:09:00,981.36,981.38,981.36,981.38,0.0,6.69,6517.07,1
2023-11-29,2023-11-29 14:10:00,981.38,981.39,981.38,981.39,0.0,6.69,6517.07,1
2023-11-29,2023-11-29 14:11:00,981.39,981.4,981.39,981.4,0.0,6.69,6517.07,1
2023-11-29,2023-11-29 14:12:00,981.4,981.41,981.4,981.41,0.0,6.69,6517.07,1
2023-11-29,2023-11-29 14:13:00,981.41,981.42,981.41,981.42,0.0,6.69,6517.07,1
2023-11-29,2023-11-29 14:14:00,981.42,981.44,981.42,981.44,0.0,6.69,6517.07,1
2023-11-29,2023-11-29 14:15:00,981.44,981.45,981.44,981.45,0.0,6.69,6517.07,1
2023-11-29,2023-11-29 14:16:00,981.45,981.46,981.45,981.46,0.0,6.69,6517.07,1
2023-11-29,2023-11-29 14:17:00,981.46,981.48,981.46,981.48,0.0,6.69,6517.07,1
2023-11-29,2023-11-29 14:18:00,981.48,981.49,981.48,981.49,0.0,6.69,6517.07,1
2023-11-29,2023-11-29 14:19:00,981.49,981.5,981.49,981.5,0.0,6.69,6517.07,1
2023-11-29,2023-11-29 14:20:00,981.5,981.51,981.5,981.51,0.0,6.69,6517.07,1
2023-11-29,2023-11-29 14:21:00,981.51,981.52,981.51,981.52,0.0,6.69,6517.07,1
2023-11-29,2023-11-29 14:22:00,981.52,981.54,981.52,981.54,0.0,6.69,6517.07,1
2023-11-29,2023-11-29 14:23:00,981.54,981.55,981.54,981.55,0.0,6.69,6517.07,1
2023-11-29,2023-11-29 14:24:00,981.55,981.56,981.55,981.56,0.0,6.69,6517.07,1
2023-11-29,2023-11-29 14:25:00,981.56,981.58,981.56,981.58,0.0,6.69,6517.07,1
2023-11-29,2023-11-29 14:26:00,981.58,981.59,981.58,981.59,0.0,6.69,6517.07,1
2023-11-29,2023-11-29 14:27:00,981.59,981.6,981.59,981.6,0.0,6.69,6517.07,1
2023-11-29,2023-11-29 14:28:00,981.6,981.61,981.6,981.61,0.0,6.69,6517.07,1
2023-11-29,2023-11-29 14:29:00,981.61,981.62,981.61,981.62,0.0,6.69,6517.07,1
2023-11-29,2023-11-29 14:30:00,981.62,981.64,981.62,981.64,0.0,6.69,6517.07,1
2023-11-29,2023-11-29 14:31:00,981.64,981.65,981.64,981.65,0.0,6.69,6517.07,1
2023-11-29,2023-11-29 14:32:00,981.65,981.66,981.65,981.66,0.0,6.69,6517.07,1
2023-11-29,2023-11-29 14:33:00,981.66,981.67,981.66,981.67,0.0,6.69,6517.07,1
2023-11-29,2023-11-29 14:34:00,981.67,981.69,981.67,981.69,0.0,6.69,6517.07,1
2023-11-29,2023-11-29 14:35:00,981.69,981.7,981.69,981.7,0.0,6.69,6517.07,1
2023-11-29,2023-11-29 14:36:00,981.7,981.71,981.7,981.71,0.0,6.69,6517.07,1
2023-11-29,2023-11-29 14:37:00,981.71,981.73,981.71,981.73,0.0,6.69,6517.07,1
2023-11-29,2023-11-29 14:38:00,981.73,981.74,981.73,981.74,0.0,6.69,6517.07,1
2023-11-29,2023-11-29 14:39:00,981.74,981.75,981.74,981.75,0.0,6.69,6517.07,1
2023-11-29,2023-11-29 14:40:00,981.75,981.76,981.75,981.76,0.0,6.69,6517.07,1
2023-11-29,2023-11-29 14:41:00,981.76,981.77,981.76,981.77,0.0,6.69,6517.07,1
2023-11-29,2023-11-29 14:42:00,981.77,981.79,981.77,981.79,0.0,6.69,6517.07,1
2023-11-29,2023-11-29 14:43:00,981.79,981.8,981.79,981.8,0.0,6.69,6517.07,1
2023-11-29,2023-11-29 14:44:00,981.8,981.81,981.8,981.81,0.0,6.69,6517.07,1
2023-11-29,2023-11-29 14:45:00,981.81,981.83,981.81,981.83,0.0,6.69,6517.07,1
2023-11-29,2023-11-29 14:46:00,981.83,981.84,981.83,981.84,0.0,6.69,6517.07,1
2023-11-29,2023-11-29 14:47:00,981.84,981.85,981.84,981.85,0.0,6.69,6517.07,1
2023-11-29,2023-11-29 14:48:00,981.85,981.86,981.85,981.86,0.0,6.69,6517.07,1
2023-11-29,2023-11-29 14:49:00,981.86,981.88,981.86,981.88,0.0,6.69,6517.07,1
2023-11-29,2023-11-29 14:50:00,981.88,981.89,981.88,981.89,0.0,6.69,6517.07,1
2023-11-29,2023-11-29 14:51:00,981.89,981.9,981.89,981.9,0.0,6.69,6517.07,1
2023-11-29,2023-11-29 14:52:00,981.9,981.91,981.9,981.91,0.0,6.69,6517.07,1
2023-11-29,2023-11-29 14:53:00,981.91,981.92,981.91,981.92,0.0,6.69,6517.07,1
2023-11-29,2023-11-29 14:54:00,981.92,981.94,981.92,981.94,0.0,6.69,6517.07,1
2023-11-29,2023-11-29 14:55:00,981.94,981.95,981.94,981.95,0.0,6.69,6517.07,1
2023-11-29,2023-11-29 14:56:00,981.95,981.96,981.95,981.96,0.0,6.69,6517.07,1
2023-11-29,2023-11-29 14:57:00,981.96,981.98,981.96,981.98,0.0,6.69,6517.07,1
2023-11-29,2023-11-29 14:58:00,981.98,981.99,981.98,981.99,0.0,6.69,6517.07,1
2023-11-29,2023-11-29 14:59:00,981.99,982.0,981.99,982.0,0.0,6.69,6517.07,1
2023-11-29,2023-11-29 15:00:00,982.0,999.0,960.1,982.0,0.0,6.69,6517.07,0
2023-11-30,2023-11-30 11:00:00,965.1,971.67,962.07,965.14,0.0,3.63,3503.85,1
2023-11-30,2023-11-30 11:01:00,965.14,965.17,965.14,965.17,0.0,3.63,3503.85,1
2023-11-30,2023-11-30 11:02:00,965.17,965.21,965.17,965.21,0.0,3.63,3503.85,1
2023-11-30,2023-11-30 11:03:00,965.21,965.25,965.21,965.25,0.0,3.63,3503.85,1
2023-11-30,2023-11-30 11:04:00,965.25,965.28,965.25,965.28,0.0,3.63,3503.85,1
2023-11-30,2023-11-30 11:05:00,965.28,965.32,965.28,965.32,0.0,3.63,3503.85,1
2023-11-30,2023-11-30 11:06:00,965.32,965.36,965.32,965.36,0.0,3.63,3503.85,1
2023-11-30,2023-11-30 11:07:00,965.36,965.39,965.36,965.39,0.0,3.63,3503.85,1
2023-11-30,2023-11-30 11:08:00,965.39,965.43,965.39,965.43,0.0,3.63,3503.85,1
2023-11-30,2023-11-30 11:09:00,965.43,965.47,965.43,965.47,0.0,3.63,3503.85,1
2023-11-30,2023-11-30 11:10:00,965.47,965.5,965.47,965.5,0.0,3.63,3503.85,1
2023-11-30,2023-11-30 11:11:00,965.5,965.54,965.5,965.54,0.0,3.63,3503.85,1
2023-11-30,2023-11-30 11:12:00,965.54,965.58,965.54,965.58,0.0,3.63,3503.85,1
2023-11-30,2023-11-30 11:13:00,965.58,965.61,965.58,965.61,0.0,3.63,3503.85,1
2023-11-30,2023-11-30 11:14:00,965.61,965.65,965.61,965.65,0.0,3.63,3503.85,1
2023-11-30,2023-11-30 11:15:00,965.65,965.69,965.65,965.69,0.0,3.63,3503.85,1
2023-11-30,2023-11-30 11:16:00,965.69,965.72,965.69,965.72,0.0,3.63,3503.85,1
2023-11-30,2023-11-30 11:17:00,965.72,965.76,965.72,965.76,0.0,3.63,3503.85,1
2023-11-30,2023-11-30 11:18:00,965.76,965.8,965.76,965.8,0.0,3.63,3503.85,1
2023-11-30,2023-11-30 11:19:00,965.8,965.83,965.8,965.83,0.0,3.63,3503.85,1
2023-11-30,2023-11-30 11:20:00,965.83,965.87,965.83,965.87,0.0,3.63,3503.85,1
2023-11-30,2023-11-30 11:21:00,965.87,965.91,965.87,965.91,0.0,3.63,3503.85,1
2023-11-30,2023-11-30 11:22:00,965.91,965.94,965.91,965.94,0.0,3.63,3503.85,1
2023-11-30,2023-11-30 11:23:00,965.94,965.98,965.94,965.98,0.0,3.63,3503.85,1
2023-11-30,2023-11-30 11:24:00,965.98,966.02,965.98,966.02,0.0,3.63,3503.85,1
2023-11-30,2023-11-30 11:25:00,966.02,966.05,966.02,966.05,0.0,3.63,3503.85,1
2023-11-30,2023-11-30 11:26:00,966.05,966.09,966.05,966.09,0.0,3.63,3503.85,1
2023-11-30,2023-11-30 11:27:00,966.09,966.13,966.09,966.13,0.0,3.63,3503.85,1
2023-11-30,2023-11-30 11:28:00,966.13,966.16,966.13,966.16,0.0,3.63,3503.85,1
2023-11-30,2023-11-30 11:29:00,966.16,966.2,966.16,966.2,0.0,3.63,3503.85,1
2023-11-30,2023-11-30 11:30:00,966.2,966.24,966.2,966.24,0.0,3.63,3503.85,1
2023-11-30,2023-11-30 11:31:00,966.24,966.27,966.24,966.27,0.0,3.63,3503.85,1
2023-11-30,2023-11-30 11:32:00,966.27,966.31,966.27,966.31,0.0,3.63,3503.85,1
2023-11-30,2023-11-30 11:33:00,966.31,966.35,966.31,966.35,0.0,3.63,3503.85,1
2023-11-30,2023-11-30 11:34:00,966.35,966.38,966.35,966.38,0.0,3.63,3503.85,1
2023-11-30,2023-11-30 11:35:00,966.38,966.42,966.38,966.42,0.0,3.63,3503.85,1
2023-11-30,2023-11-30 11:36:00,966.42,966.46,966.42,966.46,0.0,3.63,3503.85,1
2023-11-30,2023-11-30 11:37:00,966.46,966.49,966.46,966.49,0.0,3.63,3503.85,1
2023-11-30,2023-11-30 11:38:00,966.49,966.53,966.49,966.53,0.0,3.63,3503.85,1
2023-11-30,2023-11-30 11:39:00,966.53,966.57,966.53,966.57,0.0,3.63,3503.85,1
2023-11-30,2023-11-30 11:40:00,966.57,966.6,966.57,966.6,0.0,3.63,3503.85,1
2023-11-30,2023-11-30 11:41:00,966.6,966.64,966.6,966.64,0.0,3.63,3503.85,1
2023-11-30,2023-11-30 11:42:00,966.64,966.68,966.64,966.68,0.0,3.63,3503.85,1
2023-11-30,2023-11-30 11:43:00,966.68,966.71,966.68,966.71,0.0,3.63,3503.85,1
2023-11-30,2023-11-30 11:44:00,966.71,966.75,966.71,966.75,0.0,3.63,3503.85,1
2023-11-30,2023-11-30 11:45:00,966.75,966.79,966.75,966.79,0.0,3.63,3503.85,1
2023-11-30,2023-11-30 11:46:00,966.79,966.82,966.79,966.82,0.0,3.63,3503.85,1
2023-11-30,2023-11-30 11:47:00,966.82,966.86,966.82,966.86,0.0,3.63,3503.85,1
2023-11-30,2023-11-30 11:48:00,966.86,966.9,966.86,966.9,0.0,3.63,3503.85,1
2023-11-30,2023-11-30 11:49:00,966.9,966.93,966.9,966.93,0.0,3.63,3503.85,1
2023-11-30,2023-11-30 11:50:00,966.93,966.97,966.93,966.97,0.0,3.63,3503.85,1
2023-11-30,2023-11-30 11:51:00,966.97,967.01,966.97,967.01,0.0,3.63,3503.85,1
2023-11-30,2023-11-30 11:52:00,967.01,967.04,967.01,967.04,0.0,3.63,3503.85,1
2023-11-30,2023-11-30 11:53:00,967.04,967.08,967.04,967.08,0.0,3.63,3503.85,1
2023-11-30,2023-11-30 11:54:00,967.08,967.12,967.08,967.12,0.0,3.63,3503.85,1
2023-11-30,2023-11-30 11:55:00,967.12,967.15,967.12,967.15,0.0,3.63,3503.85,1
2023-11-30,2023-11-30 11:56:00,967.15,967.19,967.15,967.19,0.0,3.63,3503.85,1
2023-11-30,2023-11-30 11:57:00,967.19,967.23,967.19,967.23,0.0,3.63,3503.85,1
2023-11-30,2023-11-30 11:58:00,967.23,967.26,967.23,967.26,0.0,3.63,3503.85,1
2023-11-30,2023-11-30 11:59:00,967.26,967.3,967.26,967.3,0.0,3.63,3503.85,1
2023-11-30,2023-11-30 12:00:00,967.3,967.34,967.3,967.34,0.0,3.63,3503.85,1
2023-11-30,2023-11-30 12:01:00,967.34,967.37,967.34,967.37,0.0,3.63,3503.85,1
2023-11-30,2023-11-30 12:02:00,967.37,967.41,967.37,967.41,0.0,3.63,3503.85,1
2023-11-30,2023-11-30 12:03:00,967.41,967.45,967.41,967.45,0.0,3.63,3503.85,1
2023-11-30,2023-11-30 12:04:00,967.45,967.48,967.45,967.48,0.0,3.63,3503.85,1
2023-11-30,2023-11-30 12:05:00,967.48,967.52,967.48,967.52,0.0,3.63,3503.85,1
2023-11-30,2023-11-30 12:06:00,967.52,967.56,967.52,967.56,0.0,3.63,3503.85,1
2023-11-30,2023-11-30 12:07:00,967.56,967.59,967.56,967.59,0.0,3.63,3503.85,1
2023-11-30,2023-11-30 12:08:00,967.59,967.63,967.59,967.63,0.0,3.63,3503.85,1
2023-11-30,2023-11-30 12:09:00,967.63,967.67,967.63,967.67,0.0,3.63,3503.85,1
2023-11-30,2023-11-30 12:10:00,967.67,967.7,967.67,967.7,0.0,3.63,3503.85,1
2023-11-30,2023-11-30 12:11:00,967.7,967.74,967.7,967.74,0.0,3.63,3503.85,1
2023-11-30,2023-11-30 12:12:00,967.74,967.78,967.74,967.78,0.0,3.63,3503.85,1
2023-11-30,2023-11-30 12:13:00,967.78,967.81,967.78,967.81,0.0,3.63,3503.85,1
2023-11-30,2023-11-30 12:14:00,967.81,967.85,967.81,967.85,0.0,3.63,3503.85,1
2023-11-30,2023-11-30 12:15:00,967.85,967.89,967.85,967.89,0.0,3.63,3503.85,1
2023-11-30,2023-11-30 12:16:00,967.89,967.92,967.89,967.92,0.0,3.63,3503.85,1
2023-11-30,2023-11-30 12:17:00,967.92,967.96,967.92,967.96,0.0,3.63,3503.85,1
2023-11-30,2023-11-30 12:18:00,967.96,968.0,967.96,968.0,0.0,3.63,3503.85,1
2023-11-30,2023-11-30 12:19:00,968.0,968.03,968.0,968.03,0.0,3.63,3503.85,1
2023-11-30,2023-11-30 12:20:00,968.03,968.07,968.03,968.07,0.0,3.63,3503.85,1
2023-11-30,2023-11-30 12:21:00,968.07,968.11,968.07,968.11,0.0,3.63,3503.85,1
2023-11-30,2023-11-30 12:22:00,968.11,968.14,968.11,968.14,0.0,3.63,3503.85,1
2023-11-30,2023-11-30 12:23:00,968.14,968.18,968.14,968.18,0.0,3.63,3503.85,1
2023-11-30,2023-11-30 12:24:00,968.18,968.22,968.18,968.22,0.0,3.63,3503.85,1
2023-11-30,2023-11-30 12:25:00,968.22,968.25,968.22,968.25,0.0,3.63,3503.85,1
2023-11-30,2023-11-30 12:26:00,968.25,968.29,968.25,968.29,0.0,3.63,3503.85,1
2023-11-30,2023-11-30 12:27:00,968.29,968.33,968.29,968.33,0.0,3.63,3503.85,1
2023-11-30,2023-11-30 12:28:00,968.33,968.36,968.33,968.36,0.0,3.63,3503.85,1
2023-11-30,2023-11-30 12:29:00,968.36,968.4,968.36,968.4,0.0,3.63,3503.85,1
2023-11-30,2023-11-30 12:30:00,968.4,968.44,968.4,968.44,0.0,3.63,3503.85,1
2023-11-30,2023-11-30 12:31:00,968.44,968.47,968.44,968.47,0.0,3.63,3503.85,1
2023-11-30,2023-11-30 12:32:00,968.47,968.51,968.47,968.51,0.0,3.63,3503.85,1
2023-11-30,2023-11-30 12:33:00,968.51,968.55,968.51,968.55,0.0,3.63,3503.85,1
2023-11-30,2023-11-30 12:34:00,968.55,968.58,968.55,968.58,0.0,3.63,3503.85,1
2023-11-30,2023-11-30 12:35:00,968.58,968.62,968.58,968.62,0.0,3.63,3503.85,1
2023-11-30,2023-11-30 12:36:00,968.62,968.66,968.62,968.66,0.0,3.63,3503.85,1
2023-11-30,2023-11-30 12:37:00,968.66,968.69,968.66,968.69,0.0,3.63,3503.85,1
2023-11-30,2023-11-30 12:38:00,968.69,968.73,968.69,968.73,0.0,3.63,3503.85,1
2023-11-30,2023-11-30 12:39:00,968.73,968.77,968.73,968.77,0.0,3.63,3503.85,1
2023-11-30,2023-11-30 12:40:00,968.77,968.8,968.77,968.8,0.0,3.63,3503.85,1
2023-11-30,2023-11-30 12:41:00,968.8,968.84,968.8,968.84,0.0,3.63,3503.85,1
2023-11-30,2023-11-30 12:42:00,968.84,968.88,968.84,968.88,0.0,3.63,3503.85,1
2023-11-30,2023-11-30 12:43:00,968.88,968.91,968.88,968.91,0.0,3.63,3503.85,1
2023-11-30,2023-11-30 12:44:00,968.91,968.95,968.91,968.95,0.0,3.63,3503.85,1
2023-11-30,2023-11-30 12:45:00,968.95,968.99,968.95,968.99,0.0,3.63,3503.85,1
2023-11-30,2023-11-30 12:46:00,968.99,969.02,968.99,969.02,0.0,3.63,3503.85,1
2023-11-30,2023-11-30 12:47:00,969.02,969.06,969.02,969.06,0.0,3.63,3503.85,1
2023-11-30,2023-11-30 12:48:00,969.06,969.1,969.06,969.1,0.0,3.63,3503.85,1
2023-11-30,2023-11-30 12:49:00,969.1,969.13,969.1,969.13,0.0,3.63,3503.85,1
2023-11-30,2023-11-30 12:50:00,969.13,969.17,969.13,969.17,0.0,3.63,3503.85,1
2023-11-30,2023-11-30 12:51:00,969.17,969.21,969.17,969.21,0.0,3.63,3503.85,1
2023-11-30,2023-11-30 12:52:00,969.21,969.24,969.21,969.24,0.0,3.63,3503.85,1
2023-11-30,2023-11-30 12:53:00,969.24,969.28,969.24,969.28,0.0,3.63,3503.85,1
2023-11-30,2023-11-30 12:54:00,969.28,969.32,969.28,969.32,0.0,3.63,3503.85,1
2023-11-30,2023-11-30 12:55:00,969.32,969.35,969.32,969.35,0.0,3.63,3503.85,1
2023-11-30,2023-11-30 12:56:00,969.35,969.39,969.35,969.39,0.0,3.63,3503.85,1
2023-11-30,2023-11-30 12:57:00,969.39,969.43,969.39,969.43,0.0,3.63,3503.85,1
2023-11-30,2023-11-30 12:58:00,969.43,969.46,969.43,969.46,0.0,3.63,3503.85,1
2023-11-30,2023-11-30 12:59:00,969.46,969.5,969.46,969.5,0.0,3.63,3503.85,1
2023-11-30,2023-11-30 13:00:00,969.5,987.0,955.0,969.54,0.0,3.63,3503.85,1
2023-11-30,2023-11-30 13:01:00,969.54,969.57,969.54,969.57,0.0,3.63,3503.85,1
2023-11-30,2023-11-30 13:02:00,969.57,969.61,969.57,969.61,0.0,3.63,3503.85,1
2023-11-30,2023-11-30 13:03:00,969.61,969.65,969.61,969.65,0.0,3.63,3503.85,1
2023-11-30,2023-11-30 13:04:00,969.65,969.68,969.65,969.68,0.0,3.63,3503.85,1
2023-11-30,2023-11-30 13:05:00,969.68,969.72,969.68,969.72,0.0,3.63,3503.85,1
2023-11-30,2023-11-30 13:06:00,969.72,969.76,969.72,969.76,0.0,3.63,3503.85,1
2023-11-30,2023-11-30 13:07:00,969.76,969.79,969.76,969.79,0.0,3.63,3503.85,1
2023-11-30,2023-11-30 13:08:00,969.79,969.83,969.79,969.83,0.0,3.63,3503.85,1
2023-11-30,2023-11-30 13:09:00,969.83,969.87,969.83,969.87,0.0,3.63,3503.85,1
2023-11-30,2023-11-30 13:10:00,969.87,969.9,969.87,969.9,0.0,3.63,3503.85,1
2023-11-30,2023-11-30 13:11:00,969.9,969.94,969.9,969.94,0.0,3.63,3503.85,1
2023-11-30,2023-11-30 13:12:00,969.94,969.98,969.94,969.98,0.0,3.63,3503.85,1
2023-11-30,2023-11-30 13:13:00,969.98,970.01,969.98,970.01,0.0,3.63,3503.85,1
2023-11-30,2023-11-30 13:14:00,970.01,970.05,970.01,970.05,0.0,3.63,3503.85,1
2023-11-30,2023-11-30 13:15:00,970.05,970.09,970.05,970.09,0.0,3.63,3503.85,1
2023-11-30,2023-11-30 13:16:00,970.09,970.12,970.09,970.12,0.0,3.63,3503.85,1
2023-11-30,2023-11-30 13:17:00,970.12,970.16,970.12,970.16,0.0,3.63,3503.85,1
2023-11-30,2023-11-30 13:18:00,970.16,970.2,970.16,970.2,0.0,3.63,3503.85,1
2023-11-30,2023-11-30 13:19:00,970.2,970.23,970.2,970.23,0.0,3.63,3503.85,1
2023-11-30,2023-11-30 13:20:00,970.23,970.27,970.23,970.27,0.0,3.63,3503.85,1
2023-11-30,2023-11-30 13:21:00,970.27,970.31,970.27,970.31,0.0,3.63,3503.85,1
2023-11-30,2023-11-30 13:22:00,970.31,970.34,970.31,970.34,0.0,3.63,3503.85,1
2023-11-30,2023-11-30 13:23:00,970.34,970.38,970.34,970.38,0.0,3.63,3503.85,1
2023-11-30,2023-11-30 13:24:00,970.38,970.42,970.38,970.42,0.0,3.63,3503.85,1
2023-11-30,2023-11-30 13:25:00,970.42,970.45,970.42,970.45,0.0,3.63,3503.85,1
2023-11-30,2023-11-30 13:26:00,970.45,970.49,970.45,970.49,0.0,3.63,3503.85,1
2023-11-30,2023-11-30 13:27:00,970.49,970.53,970.49,970.53,0.0,3.63,3503.85,1
2023-11-30,2023-11-30 13:28:00,970.53,970.56,970.53,970.56,0.0,3.63,3503.85,1
2023-11-30,2023-11-30 13:29:00,970.56,970.6,970.56,970.6,0.0,3.63,3503.85,1
2023-11-30,2023-11-30 13:30:00,970.6,970.64,970.6,970.64,0.0,3.63,3503.85,1
2023-11-30,2023-11-30 13:31:00,970.64,970.67,970.64,970.67,0.0,3.63,3503.85,1
2023-11-30,2023-11-30 13:32:00,970.67,970.71,970.67,970.71,0.0,3.63,3503.85,1
2023-11-30,2023-11-30 13:33:00,970.71,970.75,970.71,970.75,0.0,3.63,3503.85,1
2023-11-30,2023-11-30 13:34:00,970.75,970.78,970.75,970.78,0.0,3.63,3503.85,1
2023-11-30,2023-11-30 13:35:00,970.78,970.82,970.78,970.82,0.0,3.63,3503.85,1
2023-11-30,2023-11-30 13:36:00,970.82,970.86,970.82,970.86,0.0,3.63,3503.85,1
2023-11-30,2023-11-30 13:37:00,970.86,970.89,970.86,970.89,0.0,3.63,3503.85,1
2023-11-30,2023-11-30 13:38:00,970.89,970.93,970.89,970.93,0.0,3.63,3503.85,1
2023-11-30,2023-11-30 13:39:00,970.93,970.97,970.93,970.97,0.0,3.63,3503.85,1
2023-11-30,2023-11-30 13:40:00,970.97,971.0,970.97,971.0,0.0,3.63,3503.85,1
2023-11-30,2023-11-30 13:41:00,971.0,971.04,971.0,971.04,0.0,3.63,3503.85,1
2023-11-30,2023-11-30 13:42:00,971.04,971.08,971.04,971.08,0.0,3.63,3503.85,1
2023-11-30,2023-11-30 13:43:00,971.08,971.11,971.08,971.11,0.0,3.63,3503.85,1
2023-11-30,2023-11-30 13:44:00,971.11,971.15,971.11,971.15,0.0,3.63,3503.85,1
2023-11-30,2023-11-30 13:45:00,971.15,971.19,971.15,971.19,0.0,3.63,3503.85,1
2023-11-30,2023-11-30 13:46:00,971.19,971.22,971.19,971.22,0.0,3.63,3503.85,1
2023-11-30,2023-11-30 13:47:00,971.22,971.26,971.22,971.26,0.0,3.63,3503.85,1
2023-11-30,2023-11-30 13:48:00,971.26,971.3,971.26,971.3,0.0,3.63,3503.85,1
2023-11-30,2023-11-30 13:49:00,971.3,971.33,971.3,971.33,0.0,3.63,3503.85,1
2023-11-30,2023-11-30 13:50:00,971.33,971.37,971.33,971.37,0.0,3.63,3503.85,1
2023-11-30,2023-11-30 13:51:00,971.37,971.41,971.37,971.41,0.0,3.63,3503.85,1
2023-11-30,2023-11-30 13:52:00,971.41,971.44,971.41,971.44,0.0,3.63,3503.85,1
2023-11-30,2023-11-30 13:53:00,971.44,971.48,971.44,971.48,0.0,3.63,3503.85,1
2023-11-30,2023-11-30 13:54:00,971.48,971.52,971.48,971.52,0.0,3.63,3503.85,1
2023-11-30,2023-11-30 13:55:00,971.52,971.55,971.52,971.55,0.0,3.63,3503.85,1
2023-11-30,2023-11-30 13:56:00,971.55,971.59,971.55,971.59,0.0,3.63,3503.85,1
2023-11-30,2023-11-30 13:57:00,971.59,971.63,971.59,971.63,0.0,3.63,3503.85,1
2023-11-30,2023-11-30 13:58:00,971.63,971.66,971.63,971.66,0.0,3.63,3503.85,1
2023-11-30,2023-11-30 13:59:00,971.66,971.7,971.66,971.7,0.0,3.63,3503.85,1
2023-11-30,2023-11-30 14:00:00,971.7,971.74,971.7,971.74,0.0,3.63,3503.85,1
2023-11-30,2023-11-30 14:01:00,971.74,971.77,971.74,971.77,0.0,3.63,3503.85,1
2023-11-30,2023-11-30 14:02:00,971.77,971.81,971.77,971.81,0.0,3.63,3503.85,1
2023-11-30,2023-11-30 14:03:00,971.81,971.85,971.81,971.85,0.0,3.63,3503.85,1
2023-11-30,2023-11-30 14:04:00,971.85,971.88,971.85,971.88,0.0,3.63,3503.85,1
2023-11-30,2023-11-30 14:05:00,971.88,971.92,971.88,971.92,0.0,3.63,3503.85,1
2023-11-30,2023-11-30 14:06:00,971.92,971.96,971.92,971.96,0.0,3.63,3503.85,1
2023-11-30,2023-11-30 14:07:00,971.96,971.99,971.96,971.99,0.0,3.63,3503.85,1
2023-11-30,2023-11-30 14:08:00,971.99,972.03,971.99,972.03,0.0,3.63,3503.85,1
2023-11-30,2023-11-30 14:09:00,972.03,972.07,972.03,972.07,0.0,3.63,3503.85,1
2023-11-30,2023-11-30 14:10:00,972.07,972.1,972.07,972.1,0.0,3.63,3503.85,1
2023-11-30,2023-11-30 14:11:00,972.1,972.14,972.1,972.14,0.0,3.63,3503.85,1
2023-11-30,2023-11-30 14:12:00,972.14,972.18,972.14,972.18,0.0,3.63,3503.85,1
2023-11-30,2023-11-30 14:13:00,972.18,972.21,972.18,972.21,0.0,3.63,3503.85,1
2023-11-30,2023-11-30 14:14:00,972.21,972.25,972.21,972.25,0.0,3.63,3503.85,1
2023-11-30,2023-11-30 14:15:00,972.25,972.29,972.25,972.29,0.0,3.63,3503.85,1
2023-11-30,2023-11-30 14:16:00,972.29,972.32,972.29,972.32,0.0,3.63,3503.85,1
2023-11-30,2023-11-30 14:17:00,972.32,972.36,972.32,972.36,0.0,3.63,3503.85,1
2023-11-30,2023-11-30 14:18:00,972.36,972.4,972.36,972.4,0.0,3.63,3503.85,1
2023-11-30,2023-11-30 14:19:00,972.4,972.43,972.4,972.43,0.0,3.63,3503.85,1
2023-11-30,2023-11-30 14:20:00,972.43,972.47,972.43,972.47,0.0,3.63,3503.85,1
2023-11-30,2023-11-30 14:21:00,972.47,972.51,972.47,972.51,0.0,3.63,3503.85,1
2023-11-30,2023-11-30 14:22:00,972.51,972.54,972.51,972.54,0.0,3.63,3503.85,1
2023-11-30,2023-11-30 14:23:00,972.54,972.58,972.54,972.58,0.0,3.63,3503.85,1
2023-11-30,2023-11-30 14:24:00,972.58,972.62,972.58,972.62,0.0,3.63,3503.85,1
2023-11-30,2023-11-30 14:25:00,972.62,972.65,972.62,972.65,0.0,3.63,3503.85,1
2023-11-30,2023-11-30 14:26:00,972.65,972.69,972.65,972.69,0.0,3.63,3503.85,1
2023-11-30,2023-11-30 14:27:00,972.69,972.73,972.69,972.73,0.0,3.63,3503.85,1
2023-11-30,2023-11-30 14:28:00,972.73,972.76,972.73,972.76,0.0,3.63,3503.85,1
2023-11-30,2023-11-30 14:29:00,972.76,972.8,972.76,972.8,0.0,3.63,3503.85,1
2023-11-30,2023-11-30 14:30:00,972.8,972.84,972.8,972.84,0.0,3.63,3503.85,1
2023-11-30,2023-11-30 14:31:00,972.84,972.87,972.84,972.87,0.0,3.63,3503.85,1
2023-11-30,2023-11-30 14:32:00,972.87,972.91,972.87,972.91,0.0,3.63,3503.85,1
2023-11-30,2023-11-30 14:33:00,972.91,972.95,972.91,972.95,0.0,3.63,3503.85,1
2023-11-30,2023-11-30 14:34:00,972.95,972.98,972.95,972.98,0.0,3.63,3503.85,1
2023-11-30,2023-11-30 14:35:00,972.98,973.02,972.98,973.02,0.0,3.63,3503.85,1
2023-11-30,2023-11-30 14:36:00,973.02,973.06,973.02,973.06,0.0,3.63,3503.85,1
2023-11-30,2023-11-30 14:37:00,973.06,973.09,973.06,973.09,0.0,3.63,3503.85,1
2023-11-30,2023-11-30 14:38:00,973.09,973.13,973.09,973.13,0.0,3.63,3503.85,1
2023-11-30,2023-11-30 14:39:00,973.13,973.17,973.13,973.17,0.0,3.63,3503.85,1
2023-11-30,2023-11-30 14:40:00,973.17,973.2,973.17,973.2,0.0,3.63,3503.85,1
2023-11-30,2023-11-30 14:41:00,973.2,973.24,973.2,973.24,0.0,3.63,3503.85,1
2023-11-30,2023-11-30 14:42:00,973.24,973.28,973.24,973.28,0.0,3.63,3503.85,1
2023-11-30,2023-11-30 14:43:00,973.28,973.31,973.28,973.31,0.0,3.63,3503.85,1
2023-11-30,2023-11-30 14:44:00,973.31,973.35,973.31,973.35,0.0,3.63,3503.85,1
2023-11-30,2023-11-30 14:45:00,973.35,973.39,973.35,973.39,0.0,3.63,3503.85,1
2023-11-30,2023-11-30 14:46:00,973.39,973.42,973.39,973.42,0.0,3.63,3503.85,1
2023-11-30,2023-11-30 14:47:00,973.42,973.46,973.42,973.46,0.0,3.63,3503.85,1
2023-11-30,2023-11-30 14:48:00,973.46,973.5,973.46,973.5,0.0,3.63,3503.85,1
2023-11-30,2023-11-30 14:49:00,973.5,973.53,973.5,973.53,0.0,3.63,3503.85,1
2023-11-30,2023-11-30 14:50:00,973.53,973.57,973.53,973.57,0.0,3.63,3503.85,1
2023-11-30,2023-11-30 14:51:00,973.57,973.61,973.57,973.61,0.0,3.63,3503.85,1
2023-11-30,2023-11-30 14:52:00,973.61,973.64,973.61,973.64,0.0,3.63,3503.85,1
2023-11-30,2023-11-30 14:53:00,973.64,973.68,973.64,973.68,0.0,3.63,3503.85,1
2023-11-30,2023-11-30 14:54:00,973.68,973.72,973.68,973.72,0.0,3.63,3503.85,1
2023-11-30,2023-11-30 14:55:00,973.72,973.75,973.72,973.75,0.0,3.63,3503.85,1
2023-11-30,2023-11-30 14:56:00,973.75,973.79,973.75,973.79,0.0,3.63,3503.85,1
2023-11-30,2023-11-30 14:57:00,973.79,973.83,973.79,973.83,0.0,3.63,3503.85,1
2023-11-30,2023-11-30 14:58:00,973.83,973.86,973.83,973.86,0.0,3.63,3503.85,1
2023-11-30,2023-11-30 14:59:00,973.86,973.9,973.86,973.9,0.0,3.63,3503.85,1
2023-11-30,2023-11-30 15:00:00,973.9,987.0,955.0,973.9,0.0,3.63,3503.85,0
2023-12-03,2023-12-03 11:00:00,973.0,977.8,961.9,972.9,-0.01,6.84,6497.05,-1
2023-12-03,2023-12-03 11:01:00,972.9,972.9,972.81,972.81,-0.01,6.84,6497.05,-1
2023-12-03,2023-12-03 11:02:00,972.81,972.81,972.71,972.71,-0.01,6.84,6497.05,-1
2023-12-03,2023-12-03 11:03:00,972.71,972.71,972.62,972.62,-0.01,6.84,6497.05,-1
2023-12-03,2023-12-03 11:04:00,972.62,972.62,972.52,972.52,-0.01,6.84,6497.05,-1
2023-12-03,2023-12-03 11:05:00,972.52,972.52,972.42,972.42,-0.01,6.84,6497.05,-1
2023-12-03,2023-12-03 11:06:00,972.42,972.42,972.33,972.33,-0.01,6.84,6497.05,-1
2023-12-03,2023-12-03 11:07:00,972.33,972.33,972.23,972.23,-0.01,6.84,6497.05,-1
2023-12-03,2023-12-03 11:08:00,972.23,972.23,972.14,972.14,-0.01,6.84,6497.05,-1
2023-12-03,2023-12-03 11:09:00,972.14,972.14,972.04,972.04,-0.01,6.84,6497.05,-1
2023-12-03,2023-12-03 11:10:00,972.04,972.04,971.95,971.95,-0.01,6.84,6497.05,-1
2023-12-03,2023-12-03 11:11:00,971.95,971.95,971.85,971.85,-0.01,6.84,6497.05,-1
2023-12-03,2023-12-03 11:12:00,971.85,971.85,971.75,971.75,-0.01,6.84,6497.05,-1
2023-12-03,2023-12-03 11:13:00,971.75,971.75,971.66,971.66,-0.01,6.84,6497.05,-1
2023-12-03,2023-12-03 11:14:00,971.66,971.66,971.56,971.56,-0.01,6.84,6497.05,-1
2023-12-03,2023-12-03 11:15:00,971.56,971.56,971.47,971.47,-0.01,6.84,6497.05,-1
2023-12-03,2023-12-03 11:16:00,971.47,971.47,971.37,971.37,-0.01,6.84,6497.05,-1
2023-12-03,2023-12-03 11:17:00,971.37,971.37,971.27,971.27,-0.01,6.84,6497.05,-1
2023-12-03,2023-12-03 11:18:00,971.27,971.27,971.18,971.18,-0.01,6.84,6497.05,-1
2023-12-03,2023-12-03 11:19:00,971.18,971.18,971.08,971.08,-0.01,6.84,6497.05,-1
2023-12-03,2023-12-03 11:20:00,971.08,971.08,970.99,970.99,-0.01,6.84,6497.05,-1
2023-12-03,2023-12-03 11:21:00,970.99,970.99,970.89,970.89,-0.01,6.84,6497.05,-1
2023-12-03,2023-12-03 11:22:00,970.89,970.89,970.8,970.8,-0.01,6.84,6497.05,-1
2023-12-03,2023-12-03 11:23:00,970.8,970.8,970.7,970.7,-0.01,6.84,6497.05,-1
2023-12-03,2023-12-03 11:24:00,970.7,970.7,970.6,970.6,-0.01,6.84,6497.05,-1
2023-12-03,2023-12-03 11:25:00,970.6,970.6,970.51,970.51,-0.01,6.84,6497.05,-1
2023-12-03,2023-12-03 11:26:00,970.51,970.51,970.41,970.41,-0.01,6.84,6497.05,-1
2023-12-03,2023-12-03 11:27:00,970.41,970.41,970.32,970.32,-0.01,6.84,6497.05,-1
2023-12-03,2023-12-03 11:28:00,970.32,970.32,970.22,970.22,-0.01,6.84,6497.05,-1
2023-12-03,2023-12-03 11:29:00,970.22,970.22,970.12,970.12,-0.01,6.84,6497.05,-1
2023-12-03,2023-12-03 11:30:00,970.12,970.12,970.03,970.03,-0.01,6.84,6497.05,-1
2023-12-03,2023-12-03 11:31:00,970.03,970.03,969.93,969.93,-0.01,6.84,6497.05,-1
2023-12-03,2023-12-03 11:32:00,969.93,969.93,969.84,969.84,-0.01,6.84,6497.05,-1
2023-12-03,2023-12-03 11:33:00,969.84,969.84,969.74,969.74,-0.01,6.84,6497.05,-1
2023-12-03,2023-12-03 11:34:00,969.74,969.74,969.65,969.65,-0.01,6.84,6497.05,-1
2023-12-03,2023-12-03 11:35:00,969.65,969.65,969.55,969.55,-0.01,6.84,6497.05,-1
2023-12-03,2023-12-03 11:36:00,969.55,969.55,969.45,969.45,-0.01,6.84,6497.05,-1
2023-12-03,2023-12-03 11:37:00,969.45,969.45,969.36,969.36,-0.01,6.84,6497.05,-1
2023-12-03,2023-12-03 11:38:00,969.36,969.36,969.26,969.26,-0.01,6.84,6497.05,-1
2023-12-03,2023-12-03 11:39:00,969.26,969.26,969.17,969.17,-0.01,6.84,6497.05,-1
2023-12-03,2023-12-03 11:40:00,969.17,969.17,969.07,969.07,-0.01,6.84,6497.05,-1
2023-12-03,2023-12-03 11:41:00,969.07,969.07,968.98,968.98,-0.01,6.84,6497.05,-1
2023-12-03,2023-12-03 11:42:00,968.98,968.98,968.88,968.88,-0.01,6.84,6497.05,-1
2023-12-03,2023-12-03 11:43:00,968.88,968.88,968.78,968.78,-0.01,6.84,6497.05,-1
2023-12-03,2023-12-03 11:44:00,968.78,968.78,968.69,968.69,-0.01,6.84,6497.05,-1
2023-12-03,2023-12-03 11:45:00,968.69,968.69,968.59,968.59,-0.01,6.84,6497.05,-1
2023-12-03,2023-12-03 11:46:00,968.59,968.59,968.5,968.5,-0.01,6.84,6497.05,-1
2023-12-03,2023-12-03 11:47:00,968.5,968.5,968.4,968.4,-0.01,6.84,6497.05,-1
2023-12-03,2023-12-03 11:48:00,968.4,968.4,968.3,968.3,-0.01,6.84,6497.05,-1
2023-12-03,2023-12-03 11:49:00,968.3,968.3,968.21,968.21,-0.01,6.84,6497.05,-1
2023-12-03,2023-12-03 11:50:00,968.21,968.21,968.11,968.11,-0.01,6.84,6497.05,-1
2023-12-03,2023-12-03 11:51:00,968.11,968.11,968.02,968.02,-0.01,6.84,6497.05,-1
2023-12-03,2023-12-03 11:52:00,968.02,968.02,967.92,967.92,-0.01,6.84,6497.05,-1
2023-12-03,2023-12-03 11:53:00,967.92,967.92,967.83,967.83,-0.01,6.84,6497.05,-1
2023-12-03,2023-12-03 11:54:00,967.83,967.83,967.73,967.73,-0.01,6.84,6497.05,-1
2023-12-03,2023-12-03 11:55:00,967.73,967.73,967.63,967.63,-0.01,6.84,6497.05,-1
2023-12-03,2023-12-03 11:56:00,967.63,967.63,967.54,967.54,-0.01,6.84,6497.05,-1
2023-12-03,2023-12-03 11:57:00,967.54,967.54,967.44,967.44,-0.01,6.84,6497.05,-1
2023-12-03,2023-12-03 11:58:00,967.44,967.44,967.35,967.35,-0.01,6.84,6497.05,-1
2023-12-03,2023-12-03 11:59:00,967.35,967.35,967.25,967.25,-0.01,6.84,6497.05,-1
2023-12-03,2023-12-03 12:00:00,967.25,967.25,967.15,967.15,-0.01,6.84,6497.05,-1
2023-12-03,2023-12-03 12:01:00,967.15,967.15,967.06,967.06,-0.01,6.84,6497.05,-1
2023-12-03,2023-12-03 12:02:00,967.06,967.06,966.96,966.96,-0.01,6.84,6497.05,-1
2023-12-03,2023-12-03 12:03:00,966.96,966.96,966.87,966.87,-0.01,6.84,6497.05,-1
2023-12-03,2023-12-03 12:04:00,966.87,966.87,966.77,966.77,-0.01,6.84,6497.05,-1
2023-12-03,2023-12-03 12:05:00,966.77,966.77,966.67,966.67,-0.01,6.84,6497.05,-1
2023-12-03,2023-12-03 12:06:00,966.67,966.67,966.58,966.58,-0.01,6.84,6497.05,-1
2023-12-03,2023-12-03 12:07:00,966.58,966.58,966.48,966.48,-0.01,6.84,6497.05,-1
2023-12-03,2023-12-03 12:08:00,966.48,966.48,966.39,966.39,-0.01,6.84,6497.05,-1
2023-12-03,2023-12-03 12:09:00,966.39,966.39,966.29,966.29,-0.01,6.84,6497.05,-1
2023-12-03,2023-12-03 12:10:00,966.29,966.29,966.2,966.2,-0.01,6.84,6497.05,-1
2023-12-03,2023-12-03 12:11:00,966.2,966.2,966.1,966.1,-0.01,6.84,6497.05,-1
2023-12-03,2023-12-03 12:12:00,966.1,966.1,966.0,966.0,-0.01,6.84,6497.05,-1
2023-12-03,2023-12-03 12:13:00,966.0,966.0,965.91,965.91,-0.01,6.84,6497.05,-1
2023-12-03,2023-12-03 12:14:00,965.91,965.91,965.81,965.81,-0.01,6.84,6497.05,-1
2023-12-03,2023-12-03 12:15:00,965.81,965.81,965.72,965.72,-0.01,6.84,6497.05,-1
2023-12-03,2023-12-03 12:16:00,965.72,965.72,965.62,965.62,-0.01,6.84,6497.05,-1
2023-12-03,2023-12-03 12:17:00,965.62,965.62,965.52,965.52,-0.01,6.84,6497.05,-1
2023-12-03,2023-12-03 12:18:00,965.52,965.52,965.43,965.43,-0.01,6.84,6497.05,-1
2023-12-03,2023-12-03 12:19:00,965.43,965.43,965.33,965.33,-0.01,6.84,6497.05,-1
2023-12-03,2023-12-03 12:20:00,965.33,965.33,965.24,965.24,-0.01,6.84,6497.05,-1
2023-12-03,2023-12-03 12:21:00,965.24,965.24,965.14,965.14,-0.01,6.84,6497.05,-1
2023-12-03,2023-12-03 12:22:00,965.14,965.14,965.05,965.05,-0.01,6.84,6497.05,-1
2023-12-03,2023-12-03 12:23:00,965.05,965.05,964.95,964.95,-0.01,6.84,6497.05,-1
2023-12-03,2023-12-03 12:24:00,964.95,964.95,964.85,964.85,-0.01,6.84,6497.05,-1
2023-12-03,2023-12-03 12:25:00,964.85,964.85,964.76,964.76,-0.01,6.84,6497.05,-1
2023-12-03,2023-12-03 12:26:00,964.76,964.76,964.66,964.66,-0.01,6.84,6497.05,-1
2023-12-03,2023-12-03 12:27:00,964.66,964.66,964.57,964.57,-0.01,6.84,6497.05,-1
2023-12-03,2023-12-03 12:28:00,964.57,964.57,964.47,964.47,-0.01,6.84,6497.05,-1
2023-12-03,2023-12-03 12:29:00,964.47,964.47,964.38,964.38,-0.01,6.84,6497.05,-1
2023-12-03,2023-12-03 12:30:00,964.38,964.38,964.28,964.28,-0.01,6.84,6497.05,-1
2023-12-03,2023-12-03 12:31:00,964.28,964.28,964.18,964.18,-0.01,6.84,6497.05,-1
2023-12-03,2023-12-03 12:32:00,964.18,964.18,964.09,964.09,-0.01,6.84,6497.05,-1
2023-12-03,2023-12-03 12:33:00,964.09,964.09,963.99,963.99,-0.01,6.84,6497.05,-1
2023-12-03,2023-12-03 12:34:00,963.99,963.99,963.9,963.9,-0.01,6.84,6497.05,-1
2023-12-03,2023-12-03 12:35:00,963.9,963.9,963.8,963.8,-0.01,6.84,6497.05,-1
2023-12-03,2023-12-03 12:36:00,963.8,963.8,963.7,963.7,-0.01,6.84,6497.05,-1
2023-12-03,2023-12-03 12:37:00,963.7,963.7,963.61,963.61,-0.01,6.84,6497.05,-1
2023-12-03,2023-12-03 12:38:00,963.61,963.61,963.51,963.51,-0.01,6.84,6497.05,-1
2023-12-03,2023-12-03 12:39:00,963.51,963.51,963.42,963.42,-0.01,6.84,6497.05,-1
2023-12-03,2023-12-03 12:40:00,963.42,963.42,963.32,963.32,-0.01,6.84,6497.05,-1
2023-12-03,2023-12-03 12:41:00,963.32,963.32,963.23,963.23,-0.01,6.84,6497.05,-1
2023-12-03,2023-12-03 12:42:00,963.23,963.23,963.13,963.13,-0.01,6.84,6497.05,-1
2023-12-03,2023-12-03 12:43:00,963.13,963.13,963.03,963.03,-0.01,6.84,6497.05,-1
2023-12-03,2023-12-03 12:44:00,963.03,963.03,962.94,962.94,-0.01,6.84,6497.05,-1
2023-12-03,2023-12-03 12:45:00,962.94,962.94,962.84,962.84,-0.01,6.84,6497.05,-1
2023-12-03,2023-12-03 12:46:00,962.84,962.84,962.75,962.75,-0.01,6.84,6497.05,-1
2023-12-03,2023-12-03 12:47:00,962.75,962.75,962.65,962.65,-0.01,6.84,6497.05,-1
2023-12-03,2023-12-03 12:48:00,962.65,962.65,962.55,962.55,-0.01,6.84,6497.05,-1
2023-12-03,2023-12-03 12:49:00,962.55,962.55,962.46,962.46,-0.01,6.84,6497.05,-1
2023-12-03,2023-12-03 12:50:00,962.46,962.46,962.36,962.36,-0.01,6.84,6497.05,-1
2023-12-03,2023-12-03 12:51:00,962.36,962.36,962.27,962.27,-0.01,6.84,6497.05,-1
2023-12-03,2023-12-03 12:52:00,962.27,962.27,962.17,962.17,-0.01,6.84,6497.05,-1
2023-12-03,2023-12-03 12:53:00,962.17,962.17,962.08,962.08,-0.01,6.84,6497.05,-1
2023-12-03,2023-12-03 12:54:00,962.08,962.08,961.98,961.98,-0.01,6.84,6497.05,-1
2023-12-03,2023-12-03 12:55:00,961.98,961.98,961.88,961.88,-0.01,6.84,6497.05,-1
2023-12-03,2023-12-03 12:56:00,961.88,961.88,961.79,961.79,-0.01,6.84,6497.05,-1
2023-12-03,2023-12-03 12:57:00,961.79,961.79,961.69,961.69,-0.01,6.84,6497.05,-1
2023-12-03,2023-12-03 12:58:00,961.69,961.69,961.6,961.6,-0.01,6.84,6497.05,-1
2023-12-03,2023-12-03 12:59:00,961.6,961.6,961.5,961.5,-0.01,6.84,6497.05,-1
2023-12-03,2023-12-03 13:00:00,961.5,989.0,936.0,961.4,-0.01,6.84,6497.05,-1
2023-12-03,2023-12-03 13:01:00,961.4,961.4,961.31,961.31,-0.01,6.84,6497.05,-1
2023-12-03,2023-12-03 13:02:00,961.31,961.31,961.21,961.21,-0.01,6.84,6497.05,-1
2023-12-03,2023-12-03 13:03:00,961.21,961.21,961.12,961.12,-0.01,6.84,6497.05,-1
2023-12-03,2023-12-03 13:04:00,961.12,961.12,961.02,961.02,-0.01,6.84,6497.05,-1
2023-12-03,2023-12-03 13:05:00,961.02,961.02,960.92,960.92,-0.01,6.84,6497.05,-1
2023-12-03,2023-12-03 13:06:00,960.92,960.92,960.83,960.83,-0.01,6.84,6497.05,-1
2023-12-03,2023-12-03 13:07:00,960.83,960.83,960.73,960.73,-0.01,6.84,6497.05,-1
2023-12-03,2023-12-03 13:08:00,960.73,960.73,960.64,960.64,-0.01,6.84,6497.05,-1
2023-12-03,2023-12-03 13:09:00,960.64,960.64,960.54,960.54,-0.01,6.84,6497.05,-1
2023-12-03,2023-12-03 13:10:00,960.54,960.54,960.45,960.45,-0.01,6.84,6497.05,-1
2023-12-03,2023-12-03 13:11:00,960.45,960.45,960.35,960.35,-0.01,6.84,6497.05,-1
2023-12-03,2023-12-03 13:12:00,960.35,960.35,960.25,960.25,-0.01,6.84,6497.05,-1
2023-12-03,2023-12-03 13:13:00,960.25,960.25,960.16,960.16,-0.01,6.84,6497.05,-1
2023-12-03,2023-12-03 13:14:00,960.16,960.16,960.06,960.06,-0.01,6.84,6497.05,-1
2023-12-03,2023-12-03 13:15:00,960.06,960.06,959.97,959.97,-0.01,6.84,6497.05,-1
2023-12-03,2023-12-03 13:16:00,959.97,959.97,959.87,959.87,-0.01,6.84,6497.05,-1
2023-12-03,2023-12-03 13:17:00,959.87,959.87,959.77,959.77,-0.01,6.84,6497.05,-1
2023-12-03,2023-12-03 13:18:00,959.77,959.77,959.68,959.68,-0.01,6.84,6497.05,-1
2023-12-03,2023-12-03 13:19:00,959.68,959.68,959.58,959.58,-0.01,6.84,6497.05,-1
2023-12-03,2023-12-03 13:20:00,959.58,959.58,959.49,959.49,-0.01,6.84,6497.05,-1
2023-12-03,2023-12-03 13:21:00,959.49,959.49,959.39,959.39,-0.01,6.84,6497.05,-1
2023-12-03,2023-12-03 13:22:00,959.39,959.39,959.3,959.3,-0.01,6.84,6497.05,-1
2023-12-03,2023-12-03 13:23:00,959.3,959.3,959.2,959.2,-0.01,6.84,6497.05,-1
2023-12-03,2023-12-03 13:24:00,959.2,959.2,959.1,959.1,-0.01,6.84,6497.05,-1
2023-12-03,2023-12-03 13:25:00,959.1,959.1,959.01,959.01,-0.01,6.84,6497.05,-1
2023-12-03,2023-12-03 13:26:00,959.01,959.01,958.91,958.91,-0.01,6.84,6497.05,-1
2023-12-03,2023-12-03 13:27:00,958.91,958.91,958.82,958.82,-0.01,6.84,6497.05,-1
2023-12-03,2023-12-03 13:28:00,958.82,958.82,958.72,958.72,-0.01,6.84,6497.05,-1
2023-12-03,2023-12-03 13:29:00,958.72,958.72,958.62,958.62,-0.01,6.84,6497.05,-1
2023-12-03,2023-12-03 13:30:00,958.62,958.62,958.53,958.53,-0.01,6.84,6497.05,-1
2023-12-03,2023-12-03 13:31:00,958.53,958.53,958.43,958.43,-0.01,6.84,6497.05,-1
2023-12-03,2023-12-03 13:32:00,958.43,958.43,958.34,958.34,-0.01,6.84,6497.05,-1
2023-12-03,2023-12-03 13:33:00,958.34,958.34,958.24,958.24,-0.01,6.84,6497.05,-1
2023-12-03,2023-12-03 13:34:00,958.24,958.24,958.15,958.15,-0.01,6.84,6497.05,-1
2023-12-03,2023-12-03 13:35:00,958.15,958.15,958.05,958.05,-0.01,6.84,6497.05,-1
2023-12-03,2023-12-03 13:36:00,958.05,958.05,957.95,957.95,-0.01,6.84,6497.05,-1
2023-12-03,2023-12-03 13:37:00,957.95,957.95,957.86,957.86,-0.01,6.84,6497.05,-1
2023-12-03,2023-12-03 13:38:00,957.86,957.86,957.76,957.76,-0.01,6.84,6497.05,-1
2023-12-03,2023-12-03 13:39:00,957.76,957.76,957.67,957.67,-0.01,6.84,6497.05,-1
2023-12-03,2023-12-03 13:40:00,957.67,957.67,957.57,957.57,-0.01,6.84,6497.05,-1
2023-12-03,2023-12-03 13:41:00,957.57,957.57,957.48,957.48,-0.01,6.84,6497.05,-1
2023-12-03,2023-12-03 13:42:00,957.48,957.48,957.38,957.38,-0.01,6.84,6497.05,-1
2023-12-03,2023-12-03 13:43:00,957.38,957.38,957.28,957.28,-0.01,6.84,6497.05,-1
2023-12-03,2023-12-03 13:44:00,957.28,957.28,957.19,957.19,-0.01,6.84,6497.05,-1
2023-12-03,2023-12-03 13:45:00,957.19,957.19,957.09,957.09,-0.01,6.84,6497.05,-1
2023-12-03,2023-12-03 13:46:00,957.09,957.09,957.0,957.0,-0.01,6.84,6497.05,-1
2023-12-03,2023-12-03 13:47:00,957.0,957.0,956.9,956.9,-0.01,6.84,6497.05,-1
2023-12-03,2023-12-03 13:48:00,956.9,956.9,956.8,956.8,-0.01,6.84,6497.05,-1
2023-12-03,2023-12-03 13:49:00,956.8,956.8,956.71,956.71,-0.01,6.84,6497.05,-1
2023-12-03,2023-12-03 13:50:00,956.71,956.71,956.61,956.61,-0.01,6.84,6497.05,-1
2023-12-03,2023-12-03 13:51:00,956.61,956.61,956.52,956.52,-0.01,6.84,6497.05,-1
2023-12-03,2023-12-03 13:52:00,956.52,956.52,956.42,956.42,-0.01,6.84,6497.05,-1
2023-12-03,2023-12-03 13:53:00,956.42,956.42,956.33,956.33,-0.01,6.84,6497.05,-1
2023-12-03,2023-12-03 13:54:00,956.33,956.33,956.23,956.23,-0.01,6.84,6497.05,-1
2023-12-03,2023-12-03 13:55:00,956.23,956.23,956.13,956.13,-0.01,6.84,6497.05,-1
2023-12-03,2023-12-03 13:56:00,956.13,956.13,956.04,956.04,-0.01,6.84,6497.05,-1
2023-12-03,2023-12-03 13:57:00,956.04,956.04,955.94,955.94,-0.01,6.84,6497.05,-1
2023-12-03,2023-12-03 13:58:00,955.94,955.94,955.85,955.85,-0.01,6.84,6497.05,-1
2023-12-03,2023-12-03 13:59:00,955.85,955.85,955.75,955.75,-0.01,6.84,6497.05,-1
2023-12-03,2023-12-03 14:00:00,955.75,955.75,955.65,955.65,-0.01,6.84,6497.05,-1
2023-12-03,2023-12-03 14:01:00,955.65,955.65,955.56,955.56,-0.01,6.84,6497.05,-1
2023-12-03,2023-12-03 14:02:00,955.56,955.56,955.46,955.46,-0.01,6.84,6497.05,-1
2023-12-03,2023-12-03 14:03:00,955.46,955.46,955.37,955.37,-0.01,6.84,6497.05,-1
2023-12-03,2023-12-03 14:04:00,955.37,955.37,955.27,955.27,-0.01,6.84,6497.05,-1
2023-12-03,2023-12-03 14:05:00,955.27,955.27,955.17,955.17,-0.01,6.84,6497.05,-1
2023-12-03,2023-12-03 14:06:00,955.17,955.17,955.08,955.08,-0.01,6.84,6497.05,-1
2023-12-03,2023-12-03 14:07:00,955.08,955.08,954.98,954.98,-0.01,6.84,6497.05,-1
2023-12-03,2023-12-03 14:08:00,954.98,954.98,954.89,954.89,-0.01,6.84,6497.05,-1
2023-12-03,2023-12-03 14:09:00,954.89,954.89,954.79,954.79,-0.01,6.84,6497.05,-1
2023-12-03,2023-12-03 14:10:00,954.79,954.79,954.7,954.7,-0.01,6.84,6497.05,-1
2023-12-03,2023-12-03 14:11:00,954.7,954.7,954.6,954.6,-0.01,6.84,6497.05,-1
2023-12-03,2023-12-03 14:12:00,954.6,954.6,954.5,954.5,-0.01,6.84,6497.05,-1
2023-12-03,2023-12-03 14:13:00,954.5,954.5,954.41,954.41,-0.01,6.84,6497.05,-1
2023-12-03,2023-12-03 14:14:00,954.41,954.41,954.31,954.31,-0.01,6.84,6497.05,-1
2023-12-03,2023-12-03 14:15:00,954.31,954.31,954.22,954.22,-0.01,6.84,6497.05,-1
2023-12-03,2023-12-03 14:16:00,954.22,954.22,954.12,954.12,-0.01,6.84,6497.05,-1
2023-12-03,2023-12-03 14:17:00,954.12,954.12,954.02,954.02,-0.01,6.84,6497.05,-1
2023-12-03,2023-12-03 14:18:00,954.02,954.02,953.93,953.93,-0.01,6.84,6497.05,-1
2023-12-03,2023-12-03 14:19:00,953.93,953.93,953.83,953.83,-0.01,6.84,6497.05,-1
2023-12-03,2023-12-03 14:20:00,953.83,953.83,953.74,953.74,-0.01,6.84,6497.05,-1
2023-12-03,2023-12-03 14:21:00,953.74,953.74,953.64,953.64,-0.01,6.84,6497.05,-1
2023-12-03,2023-12-03 14:22:00,953.64,953.64,953.55,953.55,-0.01,6.84,6497.05,-1
2023-12-03,2023-12-03 14:23:00,953.55,953.55,953.45,953.45,-0.01,6.84,6497.05,-1
2023-12-03,2023-12-03 14:24:00,953.45,953.45,953.35,953.35,-0.01,6.84,6497.05,-1
2023-12-03,2023-12-03 14:25:00,953.35,953.35,953.26,953.26,-0.01,6.84,6497.05,-1
2023-12-03,2023-12-03 14:26:00,953.26,953.26,953.16,953.16,-0.01,6.84,6497.05,-1
2023-12-03,2023-12-03 14:27:00,953.16,953.16,953.07,953.07,-0.01,6.84,6497.05,-1
2023-12-03,2023-12-03 14:28:00,953.07,953.07,952.97,952.97,-0.01,6.84,6497.05,-1
2023-12-03,2023-12-03 14:29:00,952.97,952.97,952.88,952.88,-0.01,6.84,6497.05,-1
2023-12-03,2023-12-03 14:30:00,952.88,952.88,952.78,952.78,-0.01,6.84,6497.05,-1
2023-12-03,2023-12-03 14:31:00,952.78,952.78,952.68,952.68,-0.01,6.84,6497.05,-1
2023-12-03,2023-12-03 14:32:00,952.68,952.68,952.59,952.59,-0.01,6.84,6497.05,-1
2023-12-03,2023-12-03 14:33:00,952.59,952.59,952.49,952.49,-0.01,6.84,6497.05,-1
2023-12-03,2023-12-03 14:34:00,952.49,952.49,952.4,952.4,-0.01,6.84,6497.05,-1
2023-12-03,2023-12-03 14:35:00,952.4,952.4,952.3,952.3,-0.01,6.84,6497.05,-1
2023-12-03,2023-12-03 14:36:00,952.3,952.3,952.2,952.2,-0.01,6.84,6497.05,-1
2023-12-03,2023-12-03 14:37:00,952.2,952.2,952.11,952.11,-0.01,6.84,6497.05,-1
2023-12-03,2023-12-03 14:38:00,952.11,952.11,952.01,952.01,-0.01,6.84,6497.05,-1
2023-12-03,2023-12-03 14:39:00,952.01,952.01,951.92,951.92,-0.01,6.84,6497.05,-1
2023-12-03,2023-12-03 14:40:00,951.92,951.92,951.82,951.82,-0.01,6.84,6497.05,-1
2023-12-03,2023-12-03 14:41:00,951.82,951.82,951.73,951.73,-0.01,6.84,6497.05,-1
2023-12-03,2023-12-03 14:42:00,951.73,951.73,951.63,951.63,-0.01,6.84,6497.05,-1
2023-12-03,2023-12-03 14:43:00,951.63,951.63,951.53,951.53,-0.01,6.84,6497.05,-1
2023-12-03,2023-12-03 14:44:00,951.53,951.53,951.44,951.44,-0.01,6.84,6497.05,-1
2023-12-03,2023-12-03 14:45:00,951.44,951.44,951.34,951.34,-0.01,6.84,6497.05,-1
2023-12-03,2023-12-03 14:46:00,951.34,951.34,951.25,951.25,-0.01,6.84,6497.05,-1
2023-12-03,2023-12-03 14:47:00,951.25,951.25,951.15,951.15,-0.01,6.84,6497.05,-1
2023-12-03,2023-12-03 14:48:00,951.15,951.15,951.05,951.05,-0.01,6.84,6497.05,-1
2023-12-03,2023-12-03 14:49:00,951.05,951.05,950.96,950.96,-0.01,6.84,6497.05,-1
2023-12-03,2023-12-03 14:50:00,950.96,950.96,950.86,950.86,-0.01,6.84,6497.05,-1
2023-12-03,2023-12-03 14:51:00,950.86,950.86,950.77,950.77,-0.01,6.84,6497.05,-1
2023-12-03,2023-12-03 14:52:00,950.77,950.77,950.67,950.67,-0.01,6.84,6497.05,-1
2023-12-03,2023-12-03 14:53:00,950.67,950.67,950.58,950.58,-0.01,6.84,6497.05,-1
2023-12-03,2023-12-03 14:54:00,950.58,950.58,950.48,950.48,-0.01,6.84,6497.05,-1
2023-12-03,2023-12-03 14:55:00,950.48,950.48,950.38,950.38,-0.01,6.84,6497.05,-1
2023-12-03,2023-12-03 14:56:00,950.38,950.38,950.29,950.29,-0.01,6.84,6497.05,-1
2023-12-03,2023-12-03 14:57:00,950.29,950.29,950.19,950.19,-0.01,6.84,6497.05,-1
2023-12-03,2023-12-03 14:58:00,950.19,950.19,950.1,950.1,-0.01,6.84,6497.05,-1
2023-12-03,2023-12-03 14:59:00,950.1,950.1,950.0,950.0,-0.01,6.84,6497.05,-1
2023-12-03,2023-12-03 15:00:00,950.0,989.0,936.0,950.0,0.0,6.84,6497.05,0
2023-12-04,2023-12-04 11:00:00,968.0,968.0,955.1,967.92,-0.01,10.1,9430.16,-1
2023-12-04,2023-12-04 11:01:00,967.92,967.92,967.83,967.83,-0.01,10.1,9430.16,-1
2023-12-04,2023-12-04 11:02:00,967.83,967.83,967.75,967.75,-0.01,10.1,9430.16,-1
2023-12-04,2023-12-04 11:03:00,967.75,967.75,967.67,967.67,-0.01,10.1,9430.16,-1
2023-12-04,2023-12-04 11:04:00,967.67,967.67,967.58,967.58,-0.01,10.1,9430.16,-1
2023-12-04,2023-12-04 11:05:00,967.58,967.58,967.5,967.5,-0.01,10.1,9430.16,-1
2023-12-04,2023-12-04 11:06:00,967.5,967.5,967.42,967.42,-0.01,10.1,9430.16,-1
2023-12-04,2023-12-04 11:07:00,967.42,967.42,967.33,967.33,-0.01,10.1,9430.16,-1
2023-12-04,2023-12-04 11:08:00,967.33,967.33,967.25,967.25,-0.01,10.1,9430.16,-1
2023-12-04,2023-12-04 11:09:00,967.25,967.25,967.17,967.17,-0.01,10.1,9430.16,-1
2023-12-04,2023-12-04 11:10:00,967.17,967.17,967.08,967.08,-0.01,10.1,9430.16,-1
2023-12-04,2023-12-04 11:11:00,967.08,967.08,967.0,967.0,-0.01,10.1,9430.16,-1
2023-12-04,2023-12-04 11:12:00,967.0,967.0,966.92,966.92,-0.01,10.1,9430.16,-1
2023-12-04,2023-12-04 11:13:00,966.92,966.92,966.83,966.83,-0.01,10.1,9430.16,-1
2023-12-04,2023-12-04 11:14:00,966.83,966.83,966.75,966.75,-0.01,10.1,9430.16,-1
2023-12-04,2023-12-04 11:15:00,966.75,966.75,966.67,966.67,-0.01,10.1,9430.16,-1
2023-12-04,2023-12-04 11:16:00,966.67,966.67,966.58,966.58,-0.01,10.1,9430.16,-1
2023-12-04,2023-12-04 11:17:00,966.58,966.58,966.5,966.5,-0.01,10.1,9430.16,-1
2023-12-04,2023-12-04 11:18:00,966.5,966.5,966.42,966.42,-0.01,10.1,9430.16,-1
2023-12-04,2023-12-04 11:19:00,966.42,966.42,966.33,966.33,-0.01,10.1,9430.16,-1
2023-12-04,2023-12-04 11:20:00,966.33,966.33,966.25,966.25,-0.01,10.1,9430.16,-1
2023-12-04,2023-12-04 11:21:00,966.25,966.25,966.17,966.17,-0.01,10.1,9430.16,-1
2023-12-04,2023-12-04 11:22:00,966.17,966.17,966.08,966.08,-0.01,10.1,9430.16,-1
2023-12-04,2023-12-04 11:23:00,966.08,966.08,966.0,966.0,-0.01,10.1,9430.16,-1
2023-12-04,2023-12-04 11:24:00,966.0,966.0,965.92,965.92,-0.01,10.1,9430.16,-1
2023-12-04,2023-12-04 11:25:00,965.92,965.92,965.83,965.83,-0.01,10.1,9430.16,-1
2023-12-04,2023-12-04 11:26:00,965.83,965.83,965.75,965.75,-0.01,10.1,9430.16,-1
2023-12-04,2023-12-04 11:27:00,965.75,965.75,965.67,965.67,-0.01,10.1,9430.16,-1
2023-12-04,2023-12-04 11:28:00,965.67,965.67,965.58,965.58,-0.01,10.1,9430.16,-1
2023-12-04,2023-12-04 11:29:00,965.58,965.58,965.5,965.5,-0.01,10.1,9430.16,-1
2023-12-04,2023-12-04 11:30:00,965.5,965.5,965.42,965.42,-0.01,10.1,9430.16,-1
2023-12-04,2023-12-04 11:31:00,965.42,965.42,965.33,965.33,-0.01,10.1,9430.16,-1
2023-12-04,2023-12-04 11:32:00,965.33,965.33,965.25,965.25,-0.01,10.1,9430.16,-1
2023-12-04,2023-12-04 11:33:00,965.25,965.25,965.17,965.17,-0.01,10.1,9430.16,-1
2023-12-04,2023-12-04 11:34:00,965.17,965.17,965.08,965.08,-0.01,10.1,9430.16,-1
2023-12-04,2023-12-04 11:35:00,965.08,965.08,965.0,965.0,-0.01,10.1,9430.16,-1
2023-12-04,2023-12-04 11:36:00,965.0,965.0,964.92,964.92,-0.01,10.1,9430.16,-1
2023-12-04,2023-12-04 11:37:00,964.92,964.92,964.83,964.83,-0.01,10.1,9430.16,-1
2023-12-04,2023-12-04 11:38:00,964.83,964.83,964.75,964.75,-0.01,10.1,9430.16,-1
2023-12-04,2023-12-04 11:39:00,964.75,964.75,964.67,964.67,-0.01,10.1,9430.16,-1
2023-12-04,2023-12-04 11:40:00,964.67,964.67,964.58,964.58,-0.01,10.1,9430.16,-1
2023-12-04,2023-12-04 11:41:00,964.58,964.58,964.5,964.5,-0.01,10.1,9430.16,-1
2023-12-04,2023-12-04 11:42:00,964.5,964.5,964.42,964.42,-0.01,10.1,9430.16,-1
2023-12-04,2023-12-04 11:43:00,964.42,964.42,964.33,964.33,-0.01,10.1,9430.16,-1
2023-12-04,2023-12-04 11:44:00,964.33,964.33,964.25,964.25,-0.01,10.1,9430.16,-1
2023-12-04,2023-12-04 11:45:00,964.25,964.25,964.17,964.17,-0.01,10.1,9430.16,-1
2023-12-04,2023-12-04 11:46:00,964.17,964.17,964.08,964.08,-0.01,10.1,9430.16,-1
2023-12-04,2023-12-04 11:47:00,964.08,964.08,964.0,964.0,-0.01,10.1,9430.16,-1
2023-12-04,2023-12-04 11:48:00,964.0,964.0,963.92,963.92,-0.01,10.1,9430.16,-1
2023-12-04,2023-12-04 11:49:00,963.92,963.92,963.83,963.83,-0.01,10.1,9430.16,-1
2023-12-04,2023-12-04 11:50:00,963.83,963.83,963.75,963.75,-0.01,10.1,9430.16,-1
2023-12-04,2023-12-04 11:51:00,963.75,963.75,963.67,963.67,-0.01,10.1,9430.16,-1
2023-12-04,2023-12-04 11:52:00,963.67,963.67,963.58,963.58,-0.01,10.1,9430.16,-1
2023-12-04,2023-12-04 11:53:00,963.58,963.58,963.5,963.5,-0.01,10.1,9430.16,-1
2023-12-04,2023-12-04 11:54:00,963.5,963.5,963.42,963.42,-0.01,10.1,9430.16,-1
2023-12-04,2023-12-04 11:55:00,963.42,963.42,963.33,963.33,-0.01,10.1,9430.16,-1
2023-12-04,2023-12-04 11:56:00,963.33,963.33,963.25,963.25,-0.01,10.1,9430.16,-1
2023-12-04,2023-12-04 11:57:00,963.25,963.25,963.17,963.17,-0.01,10.1,9430.16,-1
2023-12-04,2023-12-04 11:58:00,963.17,963.17,963.08,963.08,-0.01,10.1,9430.16,-1
2023-12-04,2023-12-04 11:59:00,963.08,963.08,963.0,963.0,-0.01,10.1,9430.16,-1
2023-12-04,2023-12-04 12:00:00,963.0,963.0,962.92,962.92,-0.01,10.1,9430.16,-1
2023-12-04,2023-12-04 12:01:00,962.92,962.92,962.83,962.83,-0.01,10.1,9430.16,-1
2023-12-04,2023-12-04 12:02:00,962.83,962.83,962.75,962.75,-0.01,10.1,9430.16,-1
2023-12-04,2023-12-04 12:03:00,962.75,962.75,962.67,962.67,-0.01,10.1,9430.16,-1
2023-12-04,2023-12-04 12:04:00,962.67,962.67,962.58,962.58,-0.01,10.1,9430.16,-1
2023-12-04,2023-12-04 12:05:00,962.58,962.58,962.5,962.5,-0.01,10.1,9430.16,-1
2023-12-04,2023-12-04 12:06:00,962.5,962.5,962.42,962.42,-0.01,10.1,9430.16,-1
2023-12-04,2023-12-04 12:07:00,962.42,962.42,962.33,962.33,-0.01,10.1,9430.16,-1
2023-12-04,2023-12-04 12:08:00,962.33,962.33,962.25,962.25,-0.01,10.1,9430.16,-1
2023-12-04,2023-12-04 12:09:00,962.25,962.25,962.17,962.17,-0.01,10.1,9430.16,-1
2023-12-04,2023-12-04 12:10:00,962.17,962.17,962.08,962.08,-0.01,10.1,9430.16,-1
2023-12-04,2023-12-04 12:11:00,962.08,962.08,962.0,962.0,-0.01,10.1,9430.16,-1
2023-12-04,2023-12-04 12:12:00,962.0,962.0,961.92,961.92,-0.01,10.1,9430.16,-1
2023-12-04,2023-12-04 12:13:00,961.92,961.92,961.83,961.83,-0.01,10.1,9430.16,-1
2023-12-04,2023-12-04 12:14:00,961.83,961.83,961.75,961.75,-0.01,10.1,9430.16,-1
2023-12-04,2023-12-04 12:15:00,961.75,961.75,961.67,961.67,-0.01,10.1,9430.16,-1
2023-12-04,2023-12-04 12:16:00,961.67,961.67,961.58,961.58,-0.01,10.1,9430.16,-1
2023-12-04,2023-12-04 12:17:00,961.58,961.58,961.5,961.5,-0.01,10.1,9430.16,-1
2023-12-04,2023-12-04 12:18:00,961.5,961.5,961.42,961.42,-0.01,10.1,9430.16,-1
2023-12-04,2023-12-04 12:19:00,961.42,961.42,961.33,961.33,-0.01,10.1,9430.16,-1
2023-12-04,2023-12-04 12:20:00,961.33,961.33,961.25,961.25,-0.01,10.1,9430.16,-1
2023-12-04,2023-12-04 12:21:00,961.25,961.25,961.17,961.17,-0.01,10.1,9430.16,-1
2023-12-04,2023-12-04 12:22:00,961.17,961.17,961.08,961.08,-0.01,10.1,9430.16,-1
2023-12-04,2023-12-04 12:23:00,961.08,961.08,961.0,961.0,-0.01,10.1,9430.16,-1
2023-12-04,2023-12-04 12:24:00,961.0,961.0,960.92,960.92,-0.01,10.1,9430.16,-1
2023-12-04,2023-12-04 12:25:00,960.92,960.92,960.83,960.83,-0.01,10.1,9430.16,-1
2023-12-04,2023-12-04 12:26:00,960.83,960.83,960.75,960.75,-0.01,10.1,9430.16,-1
2023-12-04,2023-12-04 12:27:00,960.75,960.75,960.67,960.67,-0.01,10.1,9430.16,-1
2023-12-04,2023-12-04 12:28:00,960.67,960.67,960.58,960.58,-0.01,10.1,9430.16,-1
2023-12-04,2023-12-04 12:29:00,960.58,960.58,960.5,960.5,-0.01,10.1,9430.16,-1
2023-12-04,2023-12-04 12:30:00,960.5,960.5,960.42,960.42,-0.01,10.1,9430.16,-1
2023-12-04,2023-12-04 12:31:00,960.42,960.42,960.33,960.33,-0.01,10.1,9430.16,-1
2023-12-04,2023-12-04 12:32:00,960.33,960.33,960.25,960.25,-0.01,10.1,9430.16,-1
2023-12-04,2023-12-04 12:33:00,960.25,960.25,960.17,960.17,-0.01,10.1,9430.16,-1
2023-12-04,2023-12-04 12:34:00,960.17,960.17,960.08,960.08,-0.01,10.1,9430.16,-1
2023-12-04,2023-12-04 12:35:00,960.08,960.08,960.0,960.0,-0.01,10.1,9430.16,-1
2023-12-04,2023-12-04 12:36:00,960.0,960.0,959.92,959.92,-0.01,10.1,9430.16,-1
2023-12-04,2023-12-04 12:37:00,959.92,959.92,959.83,959.83,-0.01,10.1,9430.16,-1
2023-12-04,2023-12-04 12:38:00,959.83,959.83,959.75,959.75,-0.01,10.1,9430.16,-1
2023-12-04,2023-12-04 12:39:00,959.75,959.75,959.67,959.67,-0.01,10.1,9430.16,-1
2023-12-04,2023-12-04 12:40:00,959.67,959.67,959.58,959.58,-0.01,10.1,9430.16,-1
2023-12-04,2023-12-04 12:41:00,959.58,959.58,959.5,959.5,-0.01,10.1,9430.16,-1
2023-12-04,2023-12-04 12:42:00,959.5,959.5,959.42,959.42,-0.01,10.1,9430.16,-1
2023-12-04,2023-12-04 12:43:00,959.42,959.42,959.33,959.33,-0.01,10.1,9430.16,-1
2023-12-04,2023-12-04 12:44:00,959.33,959.33,959.25,959.25,-0.01,10.1,9430.16,-1
2023-12-04,2023-12-04 12:45:00,959.25,959.25,959.17,959.17,-0.01,10.1,9430.16,-1
2023-12-04,2023-12-04 12:46:00,959.17,959.17,959.08,959.08,-0.01,10.1,9430.16,-1
2023-12-04,2023-12-04 12:47:00,959.08,959.08,959.0,959.0,-0.01,10.1,9430.16,-1
2023-12-04,2023-12-04 12:48:00,959.0,959.0,958.92,958.92,-0.01,10.1,9430.16,-1
2023-12-04,2023-12-04 12:49:00,958.92,958.92,958.83,958.83,-0.01,10.1,9430.16,-1
2023-12-04,2023-12-04 12:50:00,958.83,958.83,958.75,958.75,-0.01,10.1,9430.16,-1
2023-12-04,2023-12-04 12:51:00,958.75,958.75,958.67,958.67,-0.01,10.1,9430.16,-1
2023-12-04,2023-12-04 12:52:00,958.67,958.67,958.58,958.58,-0.01,10.1,9430.16,-1
2023-12-04,2023-12-04 12:53:00,958.58,958.58,958.5,958.5,-0.01,10.1,9430.16,-1
2023-12-04,2023-12-04 12:54:00,958.5,958.5,958.42,958.42,-0.01,10.1,9430.16,-1
2023-12-04,2023-12-04 12:55:00,958.42,958.42,958.33,958.33,-0.01,10.1,9430.16,-1
2023-12-04,2023-12-04 12:56:00,958.33,958.33,958.25,958.25,-0.01,10.1,9430.16,-1
2023-12-04,2023-12-04 12:57:00,958.25,958.25,958.17,958.17,-0.01,10.1,9430.16,-1
2023-12-04,2023-12-04 12:58:00,958.17,958.17,958.08,958.08,-0.01,10.1,9430.16,-1
2023-12-04,2023-12-04 12:59:00,958.08,958.08,958.0,958.0,-0.01,10.1,9430.16,-1
2023-12-04,2023-12-04 13:00:00,958.0,968.0,925.0,957.92,-0.01,10.1,9430.16,-1
2023-12-04,2023-12-04 13:01:00,957.92,957.92,957.83,957.83,-0.01,10.1,9430.16,-1
2023-12-04,2023-12-04 13:02:00,957.83,957.83,957.75,957.75,-0.01,10.1,9430.16,-1
2023-12-04,2023-12-04 13:03:00,957.75,957.75,957.67,957.67,-0.01,10.1,9430.16,-1
2023-12-04,2023-12-04 13:04:00,957.67,957.67,957.58,957.58,-0.01,10.1,9430.16,-1
2023-12-04,2023-12-04 13:05:00,957.58,957.58,957.5,957.5,-0.01,10.1,9430.16,-1
2023-12-04,2023-12-04 13:06:00,957.5,957.5,957.42,957.42,-0.01,10.1,9430.16,-1
2023-12-04,2023-12-04 13:07:00,957.42,957.42,957.33,957.33,-0.01,10.1,9430.16,-1
2023-12-04,2023-12-04 13:08:00,957.33,957.33,957.25,957.25,-0.01,10.1,9430.16,-1
2023-12-04,2023-12-04 13:09:00,957.25,957.25,957.17,957.17,-0.01,10.1,9430.16,-1
2023-12-04,2023-12-04 13:10:00,957.17,957.17,957.08,957.08,-0.01,10.1,9430.16,-1
2023-12-04,2023-12-04 13:11:00,957.08,957.08,957.0,957.0,-0.01,10.1,9430.16,-1
2023-12-04,2023-12-04 13:12:00,957.0,957.0,956.92,956.92,-0.01,10.1,9430.16,-1
2023-12-04,2023-12-04 13:13:00,956.92,956.92,956.83,956.83,-0.01,10.1,9430.16,-1
2023-12-04,2023-12-04 13:14:00,956.83,956.83,956.75,956.75,-0.01,10.1,9430.16,-1
2023-12-04,2023-12-04 13:15:00,956.75,956.75,956.67,956.67,-0.01,10.1,9430.16,-1
2023-12-04,2023-12-04 13:16:00,956.67,956.67,956.58,956.58,-0.01,10.1,9430.16,-1
2023-12-04,2023-12-04 13:17:00,956.58,956.58,956.5,956.5,-0.01,10.1,9430.16,-1
2023-12-04,2023-12-04 13:18:00,956.5,956.5,956.42,956.42,-0.01,10.1,9430.16,-1
2023-12-04,2023-12-04 13:19:00,956.42,956.42,956.33,956.33,-0.01,10.1,9430.16,-1
2023-12-04,2023-12-04 13:20:00,956.33,956.33,956.25,956.25,-0.01,10.1,9430.16,-1
2023-12-04,2023-12-04 13:21:00,956.25,956.25,956.17,956.17,-0.01,10.1,9430.16,-1
2023-12-04,2023-12-04 13:22:00,956.17,956.17,956.08,956.08,-0.01,10.1,9430.16,-1
2023-12-04,2023-12-04 13:23:00,956.08,956.08,956.0,956.0,-0.01,10.1,9430.16,-1
2023-12-04,2023-12-04 13:24:00,956.0,956.0,955.92,955.92,-0.01,10.1,9430.16,-1
2023-12-04,2023-12-04 13:25:00,955.92,955.92,955.83,955.83,-0.01,10.1,9430.16,-1
2023-12-04,2023-12-04 13:26:00,955.83,955.83,955.75,955.75,-0.01,10.1,9430.16,-1
2023-12-04,2023-12-04 13:27:00,955.75,955.75,955.67,955.67,-0.01,10.1,9430.16,-1
2023-12-04,2023-12-04 13:28:00,955.67,955.67,955.58,955.58,-0.01,10.1,9430.16,-1
2023-12-04,2023-12-04 13:29:00,955.58,955.58,955.5,955.5,-0.01,10.1,9430.16,-1
2023-12-04,2023-12-04 13:30:00,955.5,955.5,955.42,955.42,-0.01,10.1,9430.16,-1
2023-12-04,2023-12-04 13:31:00,955.42,955.42,955.33,955.33,-0.01,10.1,9430.16,-1
2023-12-04,2023-12-04 13:32:00,955.33,955.33,955.25,955.25,-0.01,10.1,9430.16,-1
2023-12-04,2023-12-04 13:33:00,955.25,955.25,955.17,955.17,-0.01,10.1,9430.16,-1
2023-12-04,2023-12-04 13:34:00,955.17,955.17,955.08,955.08,-0.01,10.1,9430.16,-1
2023-12-04,2023-12-04 13:35:00,955.08,955.08,955.0,955.0,-0.01,10.1,9430.16,-1
2023-12-04,2023-12-04 13:36:00,955.0,955.0,954.92,954.92,-0.01,10.1,9430.16,-1
2023-12-04,2023-12-04 13:37:00,954.92,954.92,954.83,954.83,-0.01,10.1,9430.16,-1
2023-12-04,2023-12-04 13:38:00,954.83,954.83,954.75,954.75,-0.01,10.1,9430.16,-1
2023-12-04,2023-12-04 13:39:00,954.75,954.75,954.67,954.67,-0.01,10.1,9430.16,-1
2023-12-04,2023-12-04 13:40:00,954.67,954.67,954.58,954.58,-0.01,10.1,9430.16,-1
2023-12-04,2023-12-04 13:41:00,954.58,954.58,954.5,954.5,-0.01,10.1,9430.16,-1
2023-12-04,2023-12-04 13:42:00,954.5,954.5,954.42,954.42,-0.01,10.1,9430.16,-1
2023-12-04,2023-12-04 13:43:00,954.42,954.42,954.33,954.33,-0.01,10.1,9430.16,-1
2023-12-04,2023-12-04 13:44:00,954.33,954.33,954.25,954.25,-0.01,10.1,9430.16,-1
2023-12-04,2023-12-04 13:45:00,954.25,954.25,954.17,954.17,-0.01,10.1,9430.16,-1
2023-12-04,2023-12-04 13:46:00,954.17,954.17,954.08,954.08,-0.01,10.1,9430.16,-1
2023-12-04,2023-12-04 13:47:00,954.08,954.08,954.0,954.0,-0.01,10.1,9430.16,-1
2023-12-04,2023-12-04 13:48:00,954.0,954.0,953.92,953.92,-0.01,10.1,9430.16,-1
2023-12-04,2023-12-04 13:49:00,953.92,953.92,953.83,953.83,-0.01,10.1,9430.16,-1
2023-12-04,2023-12-04 13:50:00,953.83,953.83,953.75,953.75,-0.01,10.1,9430.16,-1
2023-12-04,2023-12-04 13:51:00,953.75,953.75,953.67,953.67,-0.01,10.1,9430.16,-1
2023-12-04,2023-12-04 13:52:00,953.67,953.67,953.58,953.58,-0.01,10.1,9430.16,-1
2023-12-04,2023-12-04 13:53:00,953.58,953.58,953.5,953.5,-0.01,10.1,9430.16,-1
2023-12-04,2023-12-04 13:54:00,953.5,953.5,953.42,953.42,-0.01,10.1,9430.16,-1
2023-12-04,2023-12-04 13:55:00,953.42,953.42,953.33,953.33,-0.01,10.1,9430.16,-1
2023-12-04,2023-12-04 13:56:00,953.33,953.33,953.25,953.25,-0.01,10.1,9430.16,-1
2023-12-04,2023-12-04 13:57:00,953.25,953.25,953.17,953.17,-0.01,10.1,9430.16,-1
2023-12-04,2023-12-04 13:58:00,953.17,953.17,953.08,953.08,-0.01,10.1,9430.16,-1
2023-12-04,2023-12-04 13:59:00,953.08,953.08,953.0,953.0,-0.01,10.1,9430.16,-1
2023-12-04,2023-12-04 14:00:00,953.0,953.0,952.92,952.92,-0.01,10.1,9430.16,-1
2023-12-04,2023-12-04 14:01:00,952.92,952.92,952.83,952.83,-0.01,10.1,9430.16,-1
2023-12-04,2023-12-04 14:02:00,952.83,952.83,952.75,952.75,-0.01,10.1,9430.16,-1
2023-12-04,2023-12-04 14:03:00,952.75,952.75,952.67,952.67,-0.01,10.1,9430.16,-1
2023-12-04,2023-12-04 14:04:00,952.67,952.67,952.58,952.58,-0.01,10.1,9430.16,-1
2023-12-04,2023-12-04 14:05:00,952.58,952.58,952.5,952.5,-0.01,10.1,9430.16,-1
2023-12-04,2023-12-04 14:06:00,952.5,952.5,952.42,952.42,-0.01,10.1,9430.16,-1
2023-12-04,2023-12-04 14:07:00,952.42,952.42,952.33,952.33,-0.01,10.1,9430.16,-1
2023-12-04,2023-12-04 14:08:00,952.33,952.33,952.25,952.25,-0.01,10.1,9430.16,-1
2023-12-04,2023-12-04 14:09:00,952.25,952.25,952.17,952.17,-0.01,10.1,9430.16,-1
2023-12-04,2023-12-04 14:10:00,952.17,952.17,952.08,952.08,-0.01,10.1,9430.16,-1
2023-12-04,2023-12-04 14:11:00,952.08,952.08,952.0,952.0,-0.01,10.1,9430.16,-1
2023-12-04,2023-12-04 14:12:00,952.0,952.0,951.92,951.92,-0.01,10.1,9430.16,-1
2023-12-04,2023-12-04 14:13:00,951.92,951.92,951.83,951.83,-0.01,10.1,9430.16,-1
2023-12-04,2023-12-04 14:14:00,951.83,951.83,951.75,951.75,-0.01,10.1,9430.16,-1
2023-12-04,2023-12-04 14:15:00,951.75,951.75,951.67,951.67,-0.01,10.1,9430.16,-1
2023-12-04,2023-12-04 14:16:00,951.67,951.67,951.58,951.58,-0.01,10.1,9430.16,-1
2023-12-04,2023-12-04 14:17:00,951.58,951.58,951.5,951.5,-0.01,10.1,9430.16,-1
2023-12-04,2023-12-04 14:18:00,951.5,951.5,951.42,951.42,-0.01,10.1,9430.16,-1
2023-12-04,2023-12-04 14:19:00,951.42,951.42,951.33,951.33,-0.01,10.1,9430.16,-1
2023-12-04,2023-12-04 14:20:00,951.33,951.33,951.25,951.25,-0.01,10.1,9430.16,-1
2023-12-04,2023-12-04 14:21:00,951.25,951.25,951.17,951.17,-0.01,10.1,9430.16,-1
2023-12-04,2023-12-04 14:22:00,951.17,951.17,951.08,951.08,-0.01,10.1,9430.16,-1
2023-12-04,2023-12-04 14:23:00,951.08,951.08,951.0,951.0,-0.01,10.1,9430.16,-1
2023-12-04,2023-12-04 14:24:00,951.0,951.0,950.92,950.92,-0.01,10.1,9430.16,-1
2023-12-04,2023-12-04 14:25:00,950.92,950.92,950.83,950.83,-0.01,10.1,9430.16,-1
2023-12-04,2023-12-04 14:26:00,950.83,950.83,950.75,950.75,-0.01,10.1,9430.16,-1
2023-12-04,2023-12-04 14:27:00,950.75,950.75,950.67,950.67,-0.01,10.1,9430.16,-1
2023-12-04,2023-12-04 14:28:00,950.67,950.67,950.58,950.58,-0.01,10.1,9430.16,-1
2023-12-04,2023-12-04 14:29:00,950.58,950.58,950.5,950.5,-0.01,10.1,9430.16,-1
2023-12-04,2023-12-04 14:30:00,950.5,950.5,950.42,950.42,-0.01,10.1,9430.16,-1
2023-12-04,2023-12-04 14:31:00,950.42,950.42,950.33,950.33,-0.01,10.1,9430.16,-1
2023-12-04,2023-12-04 14:32:00,950.33,950.33,950.25,950.25,-0.01,10.1,9430.16,-1
2023-12-04,2023-12-04 14:33:00,950.25,950.25,950.17,950.17,-0.01,10.1,9430.16,-1
2023-12-04,2023-12-04 14:34:00,950.17,950.17,950.08,950.08,-0.01,10.1,9430.16,-1
2023-12-04,2023-12-04 14:35:00,950.08,950.08,950.0,950.0,-0.01,10.1,9430.16,-1
2023-12-04,2023-12-04 14:36:00,950.0,950.0,949.92,949.92,-0.01,10.1,9430.16,-1
2023-12-04,2023-12-04 14:37:00,949.92,949.92,949.83,949.83,-0.01,10.1,9430.16,-1
2023-12-04,2023-12-04 14:38:00,949.83,949.83,949.75,949.75,-0.01,10.1,9430.16,-1
2023-12-04,2023-12-04 14:39:00,949.75,949.75,949.67,949.67,-0.01,10.1,9430.16,-1
2023-12-04,2023-12-04 14:40:00,949.67,949.67,949.58,949.58,-0.01,10.1,9430.16,-1
2023-12-04,2023-12-04 14:41:00,949.58,949.58,949.5,949.5,-0.01,10.1,9430.16,-1
2023-12-04,2023-12-04 14:42:00,949.5,949.5,949.42,949.42,-0.01,10.1,9430.16,-1
2023-12-04,2023-12-04 14:43:00,949.42,949.42,949.33,949.33,-0.01,10.1,9430.16,-1
2023-12-04,2023-12-04 14:44:00,949.33,949.33,949.25,949.25,-0.01,10.1,9430.16,-1
2023-12-04,2023-12-04 14:45:00,949.25,949.25,949.17,949.17,-0.01,10.1,9430.16,-1
2023-12-04,2023-12-04 14:46:00,949.17,949.17,949.08,949.08,-0.01,10.1,9430.16,-1
2023-12-04,2023-12-04 14:47:00,949.08,949.08,949.0,949.0,-0.01,10.1,9430.16,-1
2023-12-04,2023-12-04 14:48:00,949.0,949.0,948.92,948.92,-0.01,10.1,9430.16,-1
2023-12-04,2023-12-04 14:49:00,948.92,948.92,948.83,948.83,-0.01,10.1,9430.16,-1
2023-12-04,2023-12-04 14:50:00,948.83,948.83,948.75,948.75,-0.01,10.1,9430.16,-1
2023-12-04,2023-12-04 14:51:00,948.75,948.75,948.67,948.67,-0.01,10.1,9430.16,-1
2023-12-04,2023-12-04 14:52:00,948.67,948.67,948.58,948.58,-0.01,10.1,9430.16,-1
2023-12-04,2023-12-04 14:53:00,948.58,948.58,948.5,948.5,-0.01,10.1,9430.16,-1
2023-12-04,2023-12-04 14:54:00,948.5,948.5,948.42,948.42,-0.01,10.1,9430.16,-1
2023-12-04,2023-12-04 14:55:00,948.42,948.42,948.33,948.33,-0.01,10.1,9430.16,-1
2023-12-04,2023-12-04 14:56:00,948.33,948.33,948.25,948.25,-0.01,10.1,9430.16,-1
2023-12-04,2023-12-04 14:57:00,948.25,948.25,948.17,948.17,-0.01,10.1,9430.16,-1
2023-12-04,2023-12-04 14:58:00,948.17,948.17,948.08,948.08,-0.01,10.1,9430.16,-1
2023-12-04,2023-12-04 14:59:00,948.08,948.08,948.0,948.0,-0.01,10.1,9430.16,-1
2023-12-04,2023-12-04 15:00:00,948.0,968.0,925.0,948.0,0.0,10.1,9430.16,0
2023-12-05,2023-12-05 11:00:00,930.0,934.5,924.21,930.02,0.0,3.81,3522.15,1
2023-12-05,2023-12-05 11:01:00,930.02,930.04,930.02,930.04,0.0,3.81,3522.15,1
2023-12-05,2023-12-05 11:02:00,930.04,930.06,930.04,930.06,0.0,3.81,3522.15,1
2023-12-05,2023-12-05 11:03:00,930.06,930.08,930.06,930.08,0.0,3.81,3522.15,1
2023-12-05,2023-12-05 11:04:00,930.08,930.1,930.08,930.1,0.0,3.81,3522.15,1
2023-12-05,2023-12-05 11:05:00,930.1,930.12,930.1,930.12,0.0,3.81,3522.15,1
2023-12-05,2023-12-05 11:06:00,930.12,930.15,930.12,930.15,0.0,3.81,3522.15,1
2023-12-05,2023-12-05 11:07:00,930.15,930.17,930.15,930.17,0.0,3.81,3522.15,1
2023-12-05,2023-12-05 11:08:00,930.17,930.19,930.17,930.19,0.0,3.81,3522.15,1
2023-12-05,2023-12-05 11:09:00,930.19,930.21,930.19,930.21,0.0,3.81,3522.15,1
2023-12-05,2023-12-05 11:10:00,930.21,930.23,930.21,930.23,0.0,3.81,3522.15,1
2023-12-05,2023-12-05 11:11:00,930.23,930.25,930.23,930.25,0.0,3.81,3522.15,1
2023-12-05,2023-12-05 11:12:00,930.25,930.27,930.25,930.27,0.0,3.81,3522.15,1
2023-12-05,2023-12-05 11:13:00,930.27,930.29,930.27,930.29,0.0,3.81,3522.15,1
2023-12-05,2023-12-05 11:14:00,930.29,930.31,930.29,930.31,0.0,3.81,3522.15,1
2023-12-05,2023-12-05 11:15:00,930.31,930.33,930.31,930.33,0.0,3.81,3522.15,1
2023-12-05,2023-12-05 11:16:00,930.33,930.35,930.33,930.35,0.0,3.81,3522.15,1
2023-12-05,2023-12-05 11:17:00,930.35,930.38,930.35,930.38,0.0,3.81,3522.15,1
2023-12-05,2023-12-05 11:18:00,930.38,930.4,930.38,930.4,0.0,3.81,3522.15,1
2023-12-05,2023-12-05 11:19:00,930.4,930.42,930.4,930.42,0.0,3.81,3522.15,1
2023-12-05,2023-12-05 11:20:00,930.42,930.44,930.42,930.44,0.0,3.81,3522.15,1
2023-12-05,2023-12-05 11:21:00,930.44,930.46,930.44,930.46,0.0,3.81,3522.15,1
2023-12-05,2023-12-05 11:22:00,930.46,930.48,930.46,930.48,0.0,3.81,3522.15,1
2023-12-05,2023-12-05 11:23:00,930.48,930.5,930.48,930.5,0.0,3.81,3522.15,1
2023-12-05,2023-12-05 11:24:00,930.5,930.52,930.5,930.52,0.0,3.81,3522.15,1
2023-12-05,2023-12-05 11:25:00,930.52,930.54,930.52,930.54,0.0,3.81,3522.15,1
2023-12-05,2023-12-05 11:26:00,930.54,930.56,930.54,930.56,0.0,3.81,3522.15,1
2023-12-05,2023-12-05 11:27:00,930.56,930.58,930.56,930.58,0.0,3.81,3522.15,1
2023-12-05,2023-12-05 11:28:00,930.58,930.6,930.58,930.6,0.0,3.81,3522.15,1
2023-12-05,2023-12-05 11:29:00,930.6,930.62,930.6,930.62,0.0,3.81,3522.15,1
2023-12-05,2023-12-05 11:30:00,930.62,930.65,930.62,930.65,0.0,3.81,3522.15,1
2023-12-05,2023-12-05 11:31:00,930.65,930.67,930.65,930.67,0.0,3.81,3522.15,1
2023-12-05,2023-12-05 11:32:00,930.67,930.69,930.67,930.69,0.0,3.81,3522.15,1
2023-12-05,2023-12-05 11:33:00,930.69,930.71,930.69,930.71,0.0,3.81,3522.15,1
2023-12-05,2023-12-05 11:34:00,930.71,930.73,930.71,930.73,0.0,3.81,3522.15,1
2023-12-05,2023-12-05 11:35:00,930.73,930.75,930.73,930.75,0.0,3.81,3522.15,1
2023-12-05,2023-12-05 11:36:00,930.75,930.77,930.75,930.77,0.0,3.81,3522.15,1
2023-12-05,2023-12-05 11:37:00,930.77,930.79,930.77,930.79,0.0,3.81,3522.15,1
2023-12-05,2023-12-05 11:38:00,930.79,930.81,930.79,930.81,0.0,3.81,3522.15,1
2023-12-05,2023-12-05 11:39:00,930.81,930.83,930.81,930.83,0.0,3.81,3522.15,1
2023-12-05,2023-12-05 11:40:00,930.83,930.85,930.83,930.85,0.0,3.81,3522.15,1
2023-12-05,2023-12-05 11:41:00,930.85,930.88,930.85,930.88,0.0,3.81,3522.15,1
2023-12-05,2023-12-05 11:42:00,930.88,930.9,930.88,930.9,0.0,3.81,3522.15,1
2023-12-05,2023-12-05 11:43:00,930.9,930.92,930.9,930.92,0.0,3.81,3522.15,1
2023-12-05,2023-12-05 11:44:00,930.92,930.94,930.92,930.94,0.0,3.81,3522.15,1
2023-12-05,2023-12-05 11:45:00,930.94,930.96,930.94,930.96,0.0,3.81,3522.15,1
2023-12-05,2023-12-05 11:46:00,930.96,930.98,930.96,930.98,0.0,3.81,3522.15,1
2023-12-05,2023-12-05 11:47:00,930.98,931.0,930.98,931.0,0.0,3.81,3522.15,1
2023-12-05,2023-12-05 11:48:00,931.0,931.02,931.0,931.02,0.0,3.81,3522.15,1
2023-12-05,2023-12-05 11:49:00,931.02,931.04,931.02,931.04,0.0,3.81,3522.15,1
2023-12-05,2023-12-05 11:50:00,931.04,931.06,931.04,931.06,0.0,3.81,3522.15,1
2023-12-05,2023-12-05 11:51:00,931.06,931.08,931.06,931.08,0.0,3.81,3522.15,1
2023-12-05,2023-12-05 11:52:00,931.08,931.1,931.08,931.1,0.0,3.81,3522.15,1
2023-12-05,2023-12-05 11:53:00,931.1,931.12,931.1,931.12,0.0,3.81,3522.15,1
2023-12-05,2023-12-05 11:54:00,931.12,931.15,931.12,931.15,0.0,3.81,3522.15,1
2023-12-05,2023-12-05 11:55:00,931.15,931.17,931.15,931.17,0.0,3.81,3522.15,1
2023-12-05,2023-12-05 11:56:00,931.17,931.19,931.17,931.19,0.0,3.81,3522.15,1
2023-12-05,2023-12-05 11:57:00,931.19,931.21,931.19,931.21,0.0,3.81,3522.15,1
2023-12-05,2023-12-05 11:58:00,931.21,931.23,931.21,931.23,0.0,3.81,3522.15,1
2023-12-05,2023-12-05 11:59:00,931.23,931.25,931.23,931.25,0.0,3.81,3522.15,1
2023-12-05,2023-12-05 12:00:00,931.25,931.27,931.25,931.27,0.0,3.81,3522.15,1
2023-12-05,2023-12-05 12:01:00,931.27,931.29,931.27,931.29,0.0,3.81,3522.15,1
2023-12-05,2023-12-05 12:02:00,931.29,931.31,931.29,931.31,0.0,3.81,3522.15,1
2023-12-05,2023-12-05 12:03:00,931.31,931.33,931.31,931.33,0.0,3.81,3522.15,1
2023-12-05,2023-12-05 12:04:00,931.33,931.35,931.33,931.35,0.0,3.81,3522.15,1
2023-12-05,2023-12-05 12:05:00,931.35,931.38,931.35,931.38,0.0,3.81,3522.15,1
2023-12-05,2023-12-05 12:06:00,931.38,931.4,931.38,931.4,0.0,3.81,3522.15,1
2023-12-05,2023-12-05 12:07:00,931.4,931.42,931.4,931.42,0.0,3.81,3522.15,1
2023-12-05,2023-12-05 12:08:00,931.42,931.44,931.42,931.44,0.0,3.81,3522.15,1
2023-12-05,2023-12-05 12:09:00,931.44,931.46,931.44,931.46,0.0,3.81,3522.15,1
2023-12-05,2023-12-05 12:10:00,931.46,931.48,931.46,931.48,0.0,3.81,3522.15,1
2023-12-05,2023-12-05 12:11:00,931.48,931.5,931.48,931.5,0.0,3.81,3522.15,1
2023-12-05,2023-12-05 12:12:00,931.5,931.52,931.5,931.52,0.0,3.81,3522.15,1
2023-12-05,2023-12-05 12:13:00,931.52,931.54,931.52,931.54,0.0,3.81,3522.15,1
2023-12-05,2023-12-05 12:14:00,931.54,931.56,931.54,931.56,0.0,3.81,3522.15,1
2023-12-05,2023-12-05 12:15:00,931.56,931.58,931.56,931.58,0.0,3.81,3522.15,1
2023-12-05,2023-12-05 12:16:00,931.58,931.6,931.58,931.6,0.0,3.81,3522.15,1
2023-12-05,2023-12-05 12:17:00,931.6,931.62,931.6,931.62,0.0,3.81,3522.15,1
2023-12-05,2023-12-05 12:18:00,931.62,931.65,931.62,931.65,0.0,3.81,3522.15,1
2023-12-05,2023-12-05 12:19:00,931.65,931.67,931.65,931.67,0.0,3.81,3522.15,1
2023-12-05,2023-12-05 12:20:00,931.67,931.69,931.67,931.69,0.0,3.81,3522.15,1
2023-12-05,2023-12-05 12:21:00,931.69,931.71,931.69,931.71,0.0,3.81,3522.15,1
2023-12-05,2023-12-05 12:22:00,931.71,931.73,931.71,931.73,0.0,3.81,3522.15,1
2023-12-05,2023-12-05 12:23:00,931.73,931.75,931.73,931.75,0.0,3.81,3522.15,1
2023-12-05,2023-12-05 12:24:00,931.75,931.77,931.75,931.77,0.0,3.81,3522.15,1
2023-12-05,2023-12-05 12:25:00,931.77,931.79,931.77,931.79,0.0,3.81,3522.15,1
2023-12-05,2023-12-05 12:26:00,931.79,931.81,931.79,931.81,0.0,3.81,3522.15,1
2023-12-05,2023-12-05 12:27:00,931.81,931.83,931.81,931.83,0.0,3.81,3522.15,1
2023-12-05,2023-12-05 12:28:00,931.83,931.85,931.83,931.85,0.0,3.81,3522.15,1
2023-12-05,2023-12-05 12:29:00,931.85,931.88,931.85,931.88,0.0,3.81,3522.15,1
2023-12-05,2023-12-05 12:30:00,931.88,931.9,931.88,931.9,0.0,3.81,3522.15,1
2023-12-05,2023-12-05 12:31:00,931.9,931.92,931.9,931.92,0.0,3.81,3522.15,1
2023-12-05,2023-12-05 12:32:00,931.92,931.94,931.92,931.94,0.0,3.81,3522.15,1
2023-12-05,2023-12-05 12:33:00,931.94,931.96,931.94,931.96,0.0,3.81,3522.15,1
2023-12-05,2023-12-05 12:34:00,931.96,931.98,931.96,931.98,0.0,3.81,3522.15,1
2023-12-05,2023-12-05 12:35:00,931.98,932.0,931.98,932.0,0.0,3.81,3522.15,1
2023-12-05,2023-12-05 12:36:00,932.0,932.02,932.0,932.02,0.0,3.81,3522.15,1
2023-12-05,2023-12-05 12:37:00,932.02,932.04,932.02,932.04,0.0,3.81,3522.15,1
2023-12-05,2023-12-05 12:38:00,932.04,932.06,932.04,932.06,0.0,3.81,3522.15,1
2023-12-05,2023-12-05 12:39:00,932.06,932.08,932.06,932.08,0.0,3.81,3522.15,1
2023-12-05,2023-12-05 12:40:00,932.08,932.1,932.08,932.1,0.0,3.81,3522.15,1
2023-12-05,2023-12-05 12:41:00,932.1,932.12,932.1,932.12,0.0,3.81,3522.15,1
2023-12-05,2023-12-05 12:42:00,932.12,932.15,932.12,932.15,0.0,3.81,3522.15,1
2023-12-05,2023-12-05 12:43:00,932.15,932.17,932.15,932.17,0.0,3.81,3522.15,1
2023-12-05,2023-12-05 12:44:00,932.17,932.19,932.17,932.19,0.0,3.81,3522.15,1
2023-12-05,2023-12-05 12:45:00,932.19,932.21,932.19,932.21,0.0,3.81,3522.15,1
2023-12-05,2023-12-05 12:46:00,932.21,932.23,932.21,932.23,0.0,3.81,3522.15,1
2023-12-05,2023-12-05 12:47:00,932.23,932.25,932.23,932.25,0.0,3.81,3522.15,1
2023-12-05,2023-12-05 12:48:00,932.25,932.27,932.25,932.27,0.0,3.81,3522.15,1
2023-12-05,2023-12-05 12:49:00,932.27,932.29,932.27,932.29,0.0,3.81,3522.15,1
2023-12-05,2023-12-05 12:50:00,932.29,932.31,932.29,932.31,0.0,3.81,3522.15,1
2023-12-05,2023-12-05 12:51:00,932.31,932.33,932.31,932.33,0.0,3.81,3522.15,1
2023-12-05,2023-12-05 12:52:00,932.33,932.35,932.33,932.35,0.0,3.81,3522.15,1
2023-12-05,2023-12-05 12:53:00,932.35,932.38,932.35,932.38,0.0,3.81,3522.15,1
2023-12-05,2023-12-05 12:54:00,932.38,932.4,932.38,932.4,0.0,3.81,3522.15,1
2023-12-05,2023-12-05 12:55:00,932.4,932.42,932.4,932.42,0.0,3.81,3522.15,1
2023-12-05,2023-12-05 12:56:00,932.42,932.44,932.42,932.44,0.0,3.81,3522.15,1
2023-12-05,2023-12-05 12:57:00,932.44,932.46,932.44,932.46,0.0,3.81,3522.15,1
2023-12-05,2023-12-05 12:58:00,932.46,932.48,932.46,932.48,0.0,3.81,3522.15,1
2023-12-05,2023-12-05 12:59:00,932.48,932.5,932.48,932.5,0.0,3.81,3522.15,1
2023-12-05,2023-12-05 13:00:00,932.5,945.0,910.7,932.52,0.0,3.81,3522.15,1
2023-12-05,2023-12-05 13:01:00,932.52,932.54,932.52,932.54,0.0,3.81,3522.15,1
2023-12-05,2023-12-05 13:02:00,932.54,932.56,932.54,932.56,0.0,3.81,3522.15,1
2023-12-05,2023-12-05 13:03:00,932.56,932.58,932.56,932.58,0.0,3.81,3522.15,1
2023-12-05,2023-12-05 13:04:00,932.58,932.6,932.58,932.6,0.0,3.81,3522.15,1
2023-12-05,2023-12-05 13:05:00,932.6,932.62,932.6,932.62,0.0,3.81,3522.15,1
2023-12-05,2023-12-05 13:06:00,932.62,932.65,932.62,932.65,0.0,3.81,3522.15,1
2023-12-05,2023-12-05 13:07:00,932.65,932.67,932.65,932.67,0.0,3.81,3522.15,1
2023-12-05,2023-12-05 13:08:00,932.67,932.69,932.67,932.69,0.0,3.81,3522.15,1
2023-12-05,2023-12-05 13:09:00,932.69,932.71,932.69,932.71,0.0,3.81,3522.15,1
2023-12-05,2023-12-05 13:10:00,932.71,932.73,932.71,932.73,0.0,3.81,3522.15,1
2023-12-05,2023-12-05 13:11:00,932.73,932.75,932.73,932.75,0.0,3.81,3522.15,1
2023-12-05,2023-12-05 13:12:00,932.75,932.77,932.75,932.77,0.0,3.81,3522.15,1
2023-12-05,2023-12-05 13:13:00,932.77,932.79,932.77,932.79,0.0,3.81,3522.15,1
2023-12-05,2023-12-05 13:14:00,932.79,932.81,932.79,932.81,0.0,3.81,3522.15,1
2023-12-05,2023-12-05 13:15:00,932.81,932.83,932.81,932.83,0.0,3.81,3522.15,1
2023-12-05,2023-12-05 13:16:00,932.83,932.85,932.83,932.85,0.0,3.81,3522.15,1
2023-12-05,2023-12-05 13:17:00,932.85,932.88,932.85,932.88,0.0,3.81,3522.15,1
2023-12-05,2023-12-05 13:18:00,932.88,932.9,932.88,932.9,0.0,3.81,3522.15,1
2023-12-05,2023-12-05 13:19:00,932.9,932.92,932.9,932.92,0.0,3.81,3522.15,1
2023-12-05,2023-12-05 13:20:00,932.92,932.94,932.92,932.94,0.0,3.81,3522.15,1
2023-12-05,2023-12-05 13:21:00,932.94,932.96,932.94,932.96,0.0,3.81,3522.15,1
2023-12-05,2023-12-05 13:22:00,932.96,932.98,932.96,932.98,0.0,3.81,3522.15,1
2023-12-05,2023-12-05 13:23:00,932.98,933.0,932.98,933.0,0.0,3.81,3522.15,1
2023-12-05,2023-12-05 13:24:00,933.0,933.02,933.0,933.02,0.0,3.81,3522.15,1
2023-12-05,2023-12-05 13:25:00,933.02,933.04,933.02,933.04,0.0,3.81,3522.15,1
2023-12-05,2023-12-05 13:26:00,933.04,933.06,933.04,933.06,0.0,3.81,3522.15,1
2023-12-05,2023-12-05 13:27:00,933.06,933.08,933.06,933.08,0.0,3.81,3522.15,1
2023-12-05,2023-12-05 13:28:00,933.08,933.1,933.08,933.1,0.0,3.81,3522.15,1
2023-12-05,2023-12-05 13:29:00,933.1,933.12,933.1,933.12,0.0,3.81,3522.15,1
2023-12-05,2023-12-05 13:30:00,933.12,933.15,933.12,933.15,0.0,3.81,3522.15,1
2023-12-05,2023-12-05 13:31:00,933.15,933.17,933.15,933.17,0.0,3.81,3522.15,1
2023-12-05,2023-12-05 13:32:00,933.17,933.19,933.17,933.19,0.0,3.81,3522.15,1
2023-12-05,2023-12-05 13:33:00,933.19,933.21,933.19,933.21,0.0,3.81,3522.15,1
2023-12-05,2023-12-05 13:34:00,933.21,933.23,933.21,933.23,0.0,3.81,3522.15,1
2023-12-05,2023-12-05 13:35:00,933.23,933.25,933.23,933.25,0.0,3.81,3522.15,1
2023-12-05,2023-12-05 13:36:00,933.25,933.27,933.25,933.27,0.0,3.81,3522.15,1
2023-12-05,2023-12-05 13:37:00,933.27,933.29,933.27,933.29,0.0,3.81,3522.15,1
2023-12-05,2023-12-05 13:38:00,933.29,933.31,933.29,933.31,0.0,3.81,3522.15,1
2023-12-05,2023-12-05 13:39:00,933.31,933.33,933.31,933.33,0.0,3.81,3522.15,1
2023-12-05,2023-12-05 13:40:00,933.33,933.35,933.33,933.35,0.0,3.81,3522.15,1
2023-12-05,2023-12-05 13:41:00,933.35,933.38,933.35,933.38,0.0,3.81,3522.15,1
2023-12-05,2023-12-05 13:42:00,933.38,933.4,933.38,933.4,0.0,3.81,3522.15,1
2023-12-05,2023-12-05 13:43:00,933.4,933.42,933.4,933.42,0.0,3.81,3522.15,1
2023-12-05,2023-12-05 13:44:00,933.42,933.44,933.42,933.44,0.0,3.81,3522.15,1
2023-12-05,2023-12-05 13:45:00,933.44,933.46,933.44,933.46,0.0,3.81,3522.15,1
2023-12-05,2023-12-05 13:46:00,933.46,933.48,933.46,933.48,0.0,3.81,3522.15,1
2023-12-05,2023-12-05 13:47:00,933.48,933.5,933.48,933.5,0.0,3.81,3522.15,1
2023-12-05,2023-12-05 13:48:00,933.5,933.52,933.5,933.52,0.0,3.81,3522.15,1
2023-12-05,2023-12-05 13:49:00,933.52,933.54,933.52,933.54,0.0,3.81,3522.15,1
2023-12-05,2023-12-05 13:50:00,933.54,933.56,933.54,933.56,0.0,3.81,3522.15,1
2023-12-05,2023-12-05 13:51:00,933.56,933.58,933.56,933.58,0.0,3.81,3522.15,1
2023-12-05,2023-12-05 13:52:00,933.58,933.6,933.58,933.6,0.0,3.81,3522.15,1
2023-12-05,2023-12-05 13:53:00,933.6,933.62,933.6,933.62,0.0,3.81,3522.15,1
2023-12-05,2023-12-05 13:54:00,933.62,933.65,933.62,933.65,0.0,3.81,3522.15,1
2023-12-05,2023-12-05 13:55:00,933.65,933.67,933.65,933.67,0.0,3.81,3522.15,1
2023-12-05,2023-12-05 13:56:00,933.67,933.69,933.67,933.69,0.0,3.81,3522.15,1
2023-12-05,2023-12-05 13:57:00,933.69,933.71,933.69,933.71,0.0,3.81,3522.15,1
2023-12-05,2023-12-05 13:58:00,933.71,933.73,933.71,933.73,0.0,3.81,3522.15,1
2023-12-05,2023-12-05 13:59:00,933.73,933.75,933.73,933.75,0.0,3.81,3522.15,1
2023-12-05,2023-12-05 14:00:00,933.75,933.77,933.75,933.77,0.0,3.81,3522.15,1
2023-12-05,2023-12-05 14:01:00,933.77,933.79,933.77,933.79,0.0,3.81,3522.15,1
2023-12-05,2023-12-05 14:02:00,933.79,933.81,933.79,933.81,0.0,3.81,3522.15,1
2023-12-05,2023-12-05 14:03:00,933.81,933.83,933.81,933.83,0.0,3.81,3522.15,1
2023-12-05,2023-12-05 14:04:00,933.83,933.85,933.83,933.85,0.0,3.81,3522.15,1
2023-12-05,2023-12-05 14:05:00,933.85,933.88,933.85,933.88,0.0,3.81,3522.15,1
2023-12-05,2023-12-05 14:06:00,933.88,933.9,933.88,933.9,0.0,3.81,3522.15,1
2023-12-05,2023-12-05 14:07:00,933.9,933.92,933.9,933.92,0.0,3.81,3522.15,1
2023-12-05,2023-12-05 14:08:00,933.92,933.94,933.92,933.94,0.0,3.81,3522.15,1
2023-12-05,2023-12-05 14:09:00,933.94,933.96,933.94,933.96,0.0,3.81,3522.15,1
2023-12-05,2023-12-05 14:10:00,933.96,933.98,933.96,933.98,0.0,3.81,3522.15,1
2023-12-05,2023-12-05 14:11:00,933.98,934.0,933.98,934.0,0.0,3.81,3522.15,1
2023-12-05,2023-12-05 14:12:00,934.0,934.02,934.0,934.02,0.0,3.81,3522.15,1
2023-12-05,2023-12-05 14:13:00,934.02,934.04,934.02,934.04,0.0,3.81,3522.15,1
2023-12-05,2023-12-05 14:14:00,934.04,934.06,934.04,934.06,0.0,3.81,3522.15,1
2023-12-05,2023-12-05 14:15:00,934.06,934.08,934.06,934.08,0.0,3.81,3522.15,1
2023-12-05,2023-12-05 14:16:00,934.08,934.1,934.08,934.1,0.0,3.81,3522.15,1
2023-12-05,2023-12-05 14:17:00,934.1,934.12,934.1,934.12,0.0,3.81,3522.15,1
2023-12-05,2023-12-05 14:18:00,934.12,934.15,934.12,934.15,0.0,3.81,3522.15,1
2023-12-05,2023-12-05 14:19:00,934.15,934.17,934.15,934.17,0.0,3.81,3522.15,1
2023-12-05,2023-12-05 14:20:00,934.17,934.19,934.17,934.19,0.0,3.81,3522.15,1
2023-12-05,2023-12-05 14:21:00,934.19,934.21,934.19,934.21,0.0,3.81,3522.15,1
2023-12-05,2023-12-05 14:22:00,934.21,934.23,934.21,934.23,0.0,3.81,3522.15,1
2023-12-05,2023-12-05 14:23:00,934.23,934.25,934.23,934.25,0.0,3.81,3522.15,1
2023-12-05,2023-12-05 14:24:00,934.25,934.27,934.25,934.27,0.0,3.81,3522.15,1
2023-12-05,2023-12-05 14:25:00,934.27,934.29,934.27,934.29,0.0,3.81,3522.15,1
2023-12-05,2023-12-05 14:26:00,934.29,934.31,934.29,934.31,0.0,3.81,3522.15,1
2023-12-05,2023-12-05 14:27:00,934.31,934.33,934.31,934.33,0.0,3.81,3522.15,1
2023-12-05,2023-12-05 14:28:00,934.33,934.35,934.33,934.35,0.0,3.81,3522.15,1
2023-12-05,2023-12-05 14:29:00,934.35,934.38,934.35,934.38,0.0,3.81,3522.15,1
2023-12-05,2023-12-05 14:30:00,934.38,934.4,934.38,934.4,0.0,3.81,3522.15,1
2023-12-05,2023-12-05 14:31:00,934.4,934.42,934.4,934.42,0.0,3.81,3522.15,1
2023-12-05,2023-12-05 14:32:00,934.42,934.44,934.42,934.44,0.0,3.81,3522.15,1
2023-12-05,2023-12-05 14:33:00,934.44,934.46,934.44,934.46,0.0,3.81,3522.15,1
2023-12-05,2023-12-05 14:34:00,934.46,934.48,934.46,934.48,0.0,3.81,3522.15,1
2023-12-05,2023-12-05 14:35:00,934.48,934.5,934.48,934.5,0.0,3.81,3522.15,1
2023-12-05,2023-12-05 14:36:00,934.5,934.52,934.5,934.52,0.0,3.81,3522.15,1
2023-12-05,2023-12-05 14:37:00,934.52,934.54,934.52,934.54,0.0,3.81,3522.15,1
2023-12-05,2023-12-05 14:38:00,934.54,934.56,934.54,934.56,0.0,3.81,3522.15,1
2023-12-05,2023-12-05 14:39:00,934.56,934.58,934.56,934.58,0.0,3.81,3522.15,1
2023-12-05,2023-12-05 14:40:00,934.58,934.6,934.58,934.6,0.0,3.81,3522.15,1
2023-12-05,2023-12-05 14:41:00,934.6,934.62,934.6,934.62,0.0,3.81,3522.15,1
2023-12-05,2023-12-05 14:42:00,934.62,934.65,934.62,934.65,0.0,3.81,3522.15,1
2023-12-05,2023-12-05 14:43:00,934.65,934.67,934.65,934.67,0.0,3.81,3522.15,1
2023-12-05,2023-12-05 14:44:00,934.67,934.69,934.67,934.69,0.0,3.81,3522.15,1
2023-12-05,2023-12-05 14:45:00,934.69,934.71,934.69,934.71,0.0,3.81,3522.15,1
2023-12-05,2023-12-05 14:46:00,934.71,934.73,934.71,934.73,0.0,3.81,3522.15,1
2023-12-05,2023-12-05 14:47:00,934.73,934.75,934.73,934.75,0.0,3.81,3522.15,1
2023-12-05,2023-12-05 14:48:00,934.75,934.77,934.75,934.77,0.0,3.81,3522.15,1
2023-12-05,2023-12-05 14:49:00,934.77,934.79,934.77,934.79,0.0,3.81,3522.15,1
2023-12-05,2023-12-05 14:50:00,934.79,934.81,934.79,934.81,0.0,3.81,3522.15,1
2023-12-05,2023-12-05 14:51:00,934.81,934.83,934.81,934.83,0.0,3.81,3522.15,1
2023-12-05,2023-12-05 14:52:00,934.83,934.85,934.83,934.85,0.0,3.81,3522.15,1
2023-12-05,2023-12-05 14:53:00,934.85,934.88,934.85,934.88,0.0,3.81,3522.15,1
2023-12-05,2023-12-05 14:54:00,934.88,934.9,934.88,934.9,0.0,3.81,3522.15,1
2023-12-05,2023-12-05 14:55:00,934.9,934.92,934.9,934.92,0.0,3.81,3522.15,1
2023-12-05,2023-12-05 14:56:00,934.92,934.94,934.92,934.94,0.0,3.81,3522.15,1
2023-12-05,2023-12-05 14:57:00,934.94,934.96,934.94,934.96,0.0,3.81,3522.15,1
2023-12-05,2023-12-05 14:58:00,934.96,934.98,934.96,934.98,0.0,3.81,3522.15,1
2023-12-05,2023-12-05 14:59:00,934.98,935.0,934.98,935.0,0.0,3.81,3522.15,1
2023-12-05,2023-12-05 15:00:00,935.0,945.0,910.7,935.0,0.0,3.81,3522.15,0
2023-12-06,2023-12-06 11:00:00,943.0,943.0,924.7,942.8,-0.02,14.77,13350.34,-1
2023-12-06,2023-12-06 11:01:00,942.8,942.8,942.6,942.6,-0.02,14.77,13350.34,-1
2023-12-06,2023-12-06 11:02:00,942.6,942.6,942.4,942.4,-0.02,14.77,13350.34,-1
2023-12-06,2023-12-06 11:03:00,942.4,942.4,942.21,942.21,-0.02,14.77,13350.34,-1
2023-12-06,2023-12-06 11:04:00,942.21,942.21,942.01,942.01,-0.02,14.77,13350.34,-1
2023-12-06,2023-12-06 11:05:00,942.01,942.01,941.81,941.81,-0.02,14.77,13350.34,-1
2023-12-06,2023-12-06 11:06:00,941.81,941.81,941.61,941.61,-0.02,14.77,13350.34,-1
2023-12-06,2023-12-06 11:07:00,941.61,941.61,941.41,941.41,-0.02,14.77,13350.34,-1
2023-12-06,2023-12-06 11:08:00,941.41,941.41,941.21,941.21,-0.02,14.77,13350.34,-1
2023-12-06,2023-12-06 11:09:00,941.21,941.21,941.01,941.01,-0.02,14.77,13350.34,-1
2023-12-06,2023-12-06 11:10:00,941.01,941.01,940.81,940.81,-0.02,14.77,13350.34,-1
2023-12-06,2023-12-06 11:11:00,940.81,940.81,940.62,940.62,-0.02,14.77,13350.34,-1
2023-12-06,2023-12-06 11:12:00,940.62,940.62,940.42,940.42,-0.02,14.77,13350.34,-1
2023-12-06,2023-12-06 11:13:00,940.42,940.42,940.22,940.22,-0.02,14.77,13350.34,-1
2023-12-06,2023-12-06 11:14:00,940.22,940.22,940.02,940.02,-0.02,14.77,13350.34,-1
2023-12-06,2023-12-06 11:15:00,940.02,940.02,939.82,939.82,-0.02,14.77,13350.34,-1
2023-12-06,2023-12-06 11:16:00,939.82,939.82,939.62,939.62,-0.02,14.77,13350.34,-1
2023-12-06,2023-12-06 11:17:00,939.62,939.62,939.42,939.42,-0.02,14.77,13350.34,-1
2023-12-06,2023-12-06 11:18:00,939.42,939.42,939.22,939.22,-0.02,14.77,13350.34,-1
2023-12-06,2023-12-06 11:19:00,939.22,939.22,939.02,939.02,-0.02,14.77,13350.34,-1
2023-12-06,2023-12-06 11:20:00,939.02,939.02,938.83,938.83,-0.02,14.77,13350.34,-1
2023-12-06,2023-12-06 11:21:00,938.83,938.83,938.63,938.63,-0.02,14.77,13350.34,-1
2023-12-06,2023-12-06 11:22:00,938.63,938.63,938.43,938.43,-0.02,14.77,13350.34,-1
2023-12-06,2023-12-06 11:23:00,938.43,938.43,938.23,938.23,-0.02,14.77,13350.34,-1
2023-12-06,2023-12-06 11:24:00,938.23,938.23,938.03,938.03,-0.02,14.77,13350.34,-1
2023-12-06,2023-12-06 11:25:00,938.03,938.03,937.83,937.83,-0.02,14.77,13350.34,-1
2023-12-06,2023-12-06 11:26:00,937.83,937.83,937.63,937.63,-0.02,14.77,13350.34,-1
2023-12-06,2023-12-06 11:27:00,937.63,937.63,937.43,937.43,-0.02,14.77,13350.34,-1
2023-12-06,2023-12-06 11:28:00,937.43,937.43,937.24,937.24,-0.02,14.77,13350.34,-1
2023-12-06,2023-12-06 11:29:00,937.24,937.24,937.04,937.04,-0.02,14.77,13350.34,-1
2023-12-06,2023-12-06 11:30:00,937.04,937.04,936.84,936.84,-0.02,14.77,13350.34,-1
2023-12-06,2023-12-06 11:31:00,936.84,936.84,936.64,936.64,-0.02,14.77,13350.34,-1
2023-12-06,2023-12-06 11:32:00,936.64,936.64,936.44,936.44,-0.02,14.77,13350.34,-1
2023-12-06,2023-12-06 11:33:00,936.44,936.44,936.24,936.24,-0.02,14.77,13350.34,-1
2023-12-06,2023-12-06 11:34:00,936.24,936.24,936.04,936.04,-0.02,14.77,13350.34,-1
2023-12-06,2023-12-06 11:35:00,936.04,936.04,935.85,935.85,-0.02,14.77,13350.34,-1
2023-12-06,2023-12-06 11:36:00,935.85,935.85,935.65,935.65,-0.02,14.77,13350.34,-1
2023-12-06,2023-12-06 11:37:00,935.65,935.65,935.45,935.45,-0.02,14.77,13350.34,-1
2023-12-06,2023-12-06 11:38:00,935.45,935.45,935.25,935.25,-0.02,14.77,13350.34,-1
2023-12-06,2023-12-06 11:39:00,935.25,935.25,935.05,935.05,-0.02,14.77,13350.34,-1
2023-12-06,2023-12-06 11:40:00,935.05,935.05,934.85,934.85,-0.02,14.77,13350.34,-1
2023-12-06,2023-12-06 11:41:00,934.85,934.85,934.65,934.65,-0.02,14.77,13350.34,-1
2023-12-06,2023-12-06 11:42:00,934.65,934.65,934.45,934.45,-0.02,14.77,13350.34,-1
2023-12-06,2023-12-06 11:43:00,934.45,934.45,934.25,934.25,-0.02,14.77,13350.34,-1
2023-12-06,2023-12-06 11:44:00,934.25,934.25,934.06,934.06,-0.02,14.77,13350.34,-1
2023-12-06,2023-12-06 11:45:00,934.06,934.06,933.86,933.86,-0.02,14.77,13350.34,-1
2023-12-06,2023-12-06 11:46:00,933.86,933.86,933.66,933.66,-0.02,14.77,13350.34,-1
2023-12-06,2023-12-06 11:47:00,933.66,933.66,933.46,933.46,-0.02,14.77,13350.34,-1
2023-12-06,2023-12-06 11:48:00,933.46,933.46,933.26,933.26,-0.02,14.77,13350.34,-1
2023-12-06,2023-12-06 11:49:00,933.26,933.26,933.06,933.06,-0.02,14.77,13350.34,-1
2023-12-06,2023-12-06 11:50:00,933.06,933.06,932.86,932.86,-0.02,14.77,13350.34,-1
2023-12-06,2023-12-06 11:51:00,932.86,932.86,932.66,932.66,-0.02,14.77,13350.34,-1
2023-12-06,2023-12-06 11:52:00,932.66,932.66,932.47,932.47,-0.02,14.77,13350.34,-1
2023-12-06,2023-12-06 11:53:00,932.47,932.47,932.27,932.27,-0.02,14.77,13350.34,-1
2023-12-06,2023-12-06 11:54:00,932.27,932.27,932.07,932.07,-0.02,14.77,13350.34,-1
2023-12-06,2023-12-06 11:55:00,932.07,932.07,931.87,931.87,-0.02,14.77,13350.34,-1
2023-12-06,2023-12-06 11:56:00,931.87,931.87,931.67,931.67,-0.02,14.77,13350.34,-1
2023-12-06,2023-12-06 11:57:00,931.67,931.67,931.47,931.47,-0.02,14.77,13350.34,-1
2023-12-06,2023-12-06 11:58:00,931.47,931.47,931.27,931.27,-0.02,14.77,13350.34,-1
2023-12-06,2023-12-06 11:59:00,931.27,931.27,931.08,931.08,-0.02,14.77,13350.34,-1
2023-12-06,2023-12-06 12:00:00,931.08,931.08,930.88,930.88,-0.02,14.77,13350.34,-1
2023-12-06,2023-12-06 12:01:00,930.88,930.88,930.68,930.68,-0.02,14.77,13350.34,-1
2023-12-06,2023-12-06 12:02:00,930.68,930.68,930.48,930.48,-0.02,14.77,13350.34,-1
2023-12-06,2023-12-06 12:03:00,930.48,930.48,930.28,930.28,-0.02,14.77,13350.34,-1
2023-12-06,2023-12-06 12:04:00,930.28,930.28,930.08,930.08,-0.02,14.77,13350.34,-1
2023-12-06,2023-12-06 12:05:00,930.08,930.08,929.88,929.88,-0.02,14.77,13350.34,-1
2023-12-06,2023-12-06 12:06:00,929.88,929.88,929.68,929.68,-0.02,14.77,13350.34,-1
2023-12-06,2023-12-06 12:07:00,929.68,929.68,929.49,929.49,-0.02,14.77,13350.34,-1
2023-12-06,2023-12-06 12:08:00,929.49,929.49,929.29,929.29,-0.02,14.77,13350.34,-1
2023-12-06,2023-12-06 12:09:00,929.29,929.29,929.09,929.09,-0.02,14.77,13350.34,-1
2023-12-06,2023-12-06 12:10:00,929.09,929.09,928.89,928.89,-0.02,14.77,13350.34,-1
2023-12-06,2023-12-06 12:11:00,928.89,928.89,928.69,928.69,-0.02,14.77,13350.34,-1
2023-12-06,2023-12-06 12:12:00,928.69,928.69,928.49,928.49,-0.02,14.77,13350.34,-1
2023-12-06,2023-12-06 12:13:00,928.49,928.49,928.29,928.29,-0.02,14.77,13350.34,-1
2023-12-06,2023-12-06 12:14:00,928.29,928.29,928.09,928.09,-0.02,14.77,13350.34,-1
2023-12-06,2023-12-06 12:15:00,928.09,928.09,927.89,927.89,-0.02,14.77,13350.34,-1
2023-12-06,2023-12-06 12:16:00,927.89,927.89,927.7,927.7,-0.02,14.77,13350.34,-1
2023-12-06,2023-12-06 12:17:00,927.7,927.7,927.5,927.5,-0.02,14.77,13350.34,-1
2023-12-06,2023-12-06 12:18:00,927.5,927.5,927.3,927.3,-0.02,14.77,13350.34,-1
2023-12-06,2023-12-06 12:19:00,927.3,927.3,927.1,927.1,-0.02,14.77,13350.34,-1
2023-12-06,2023-12-06 12:20:00,927.1,927.1,926.9,926.9,-0.02,14.77,13350.34,-1
2023-12-06,2023-12-06 12:21:00,926.9,926.9,926.7,926.7,-0.02,14.77,13350.34,-1
2023-12-06,2023-12-06 12:22:00,926.7,926.7,926.5,926.5,-0.02,14.77,13350.34,-1
2023-12-06,2023-12-06 12:23:00,926.5,926.5,926.3,926.3,-0.02,14.77,13350.34,-1
2023-12-06,2023-12-06 12:24:00,926.3,926.3,926.11,926.11,-0.02,14.77,13350.34,-1
2023-12-06,2023-12-06 12:25:00,926.11,926.11,925.91,925.91,-0.02,14.77,13350.34,-1
2023-12-06,2023-12-06 12:26:00,925.91,925.91,925.71,925.71,-0.02,14.77,13350.34,-1
2023-12-06,2023-12-06 12:27:00,925.71,925.71,925.51,925.51,-0.02,14.77,13350.34,-1
2023-12-06,2023-12-06 12:28:00,925.51,925.51,925.31,925.31,-0.02,14.77,13350.34,-1
2023-12-06,2023-12-06 12:29:00,925.31,925.31,925.11,925.11,-0.02,14.77,13350.34,-1
2023-12-06,2023-12-06 12:30:00,925.11,925.11,924.91,924.91,-0.02,14.77,13350.34,-1
2023-12-06,2023-12-06 12:31:00,924.91,924.91,924.72,924.72,-0.02,14.77,13350.34,-1
2023-12-06,2023-12-06 12:32:00,924.72,924.72,924.52,924.52,-0.02,14.77,13350.34,-1
2023-12-06,2023-12-06 12:33:00,924.52,924.52,924.32,924.32,-0.02,14.77,13350.34,-1
2023-12-06,2023-12-06 12:34:00,924.32,924.32,924.12,924.12,-0.02,14.77,13350.34,-1
2023-12-06,2023-12-06 12:35:00,924.12,924.12,923.92,923.92,-0.02,14.77,13350.34,-1
2023-12-06,2023-12-06 12:36:00,923.92,923.92,923.72,923.72,-0.02,14.77,13350.34,-1
2023-12-06,2023-12-06 12:37:00,923.72,923.72,923.52,923.52,-0.02,14.77,13350.34,-1
2023-12-06,2023-12-06 12:38:00,923.52,923.52,923.32,923.32,-0.02,14.77,13350.34,-1
2023-12-06,2023-12-06 12:39:00,923.32,923.32,923.12,923.12,-0.02,14.77,13350.34,-1
2023-12-06,2023-12-06 12:40:00,923.12,923.12,922.93,922.93,-0.02,14.77,13350.34,-1
2023-12-06,2023-12-06 12:41:00,922.93,922.93,922.73,922.73,-0.02,14.77,13350.34,-1
2023-12-06,2023-12-06 12:42:00,922.73,922.73,922.53,922.53,-0.02,14.77,13350.34,-1
2023-12-06,2023-12-06 12:43:00,922.53,922.53,922.33,922.33,-0.02,14.77,13350.34,-1
2023-12-06,2023-12-06 12:44:00,922.33,922.33,922.13,922.13,-0.02,14.77,13350.34,-1
2023-12-06,2023-12-06 12:45:00,922.13,922.13,921.93,921.93,-0.02,14.77,13350.34,-1
2023-12-06,2023-12-06 12:46:00,921.93,921.93,921.73,921.73,-0.02,14.77,13350.34,-1
2023-12-06,2023-12-06 12:47:00,921.73,921.73,921.53,921.53,-0.02,14.77,13350.34,-1
2023-12-06,2023-12-06 12:48:00,921.53,921.53,921.34,921.34,-0.02,14.77,13350.34,-1
2023-12-06,2023-12-06 12:49:00,921.34,921.34,921.14,921.14,-0.02,14.77,13350.34,-1
2023-12-06,2023-12-06 12:50:00,921.14,921.14,920.94,920.94,-0.02,14.77,13350.34,-1
2023-12-06,2023-12-06 12:51:00,920.94,920.94,920.74,920.74,-0.02,14.77,13350.34,-1
2023-12-06,2023-12-06 12:52:00,920.74,920.74,920.54,920.54,-0.02,14.77,13350.34,-1
2023-12-06,2023-12-06 12:53:00,920.54,920.54,920.34,920.34,-0.02,14.77,13350.34,-1
2023-12-06,2023-12-06 12:54:00,920.34,920.34,920.14,920.14,-0.02,14.77,13350.34,-1
2023-12-06,2023-12-06 12:55:00,920.14,920.14,919.94,919.94,-0.02,14.77,13350.34,-1
2023-12-06,2023-12-06 12:56:00,919.94,919.94,919.75,919.75,-0.02,14.77,13350.34,-1
2023-12-06,2023-12-06 12:57:00,919.75,919.75,919.55,919.55,-0.02,14.77,13350.34,-1
2023-12-06,2023-12-06 12:58:00,919.55,919.55,919.35,919.35,-0.02,14.77,13350.34,-1
2023-12-06,2023-12-06 12:59:00,919.35,919.35,919.15,919.15,-0.02,14.77,13350.34,-1
2023-12-06,2023-12-06 13:00:00,919.15,943.0,882.0,918.95,-0.02,14.77,13350.34,-1
2023-12-06,2023-12-06 13:01:00,918.95,918.95,918.75,918.75,-0.02,14.77,13350.34,-1
2023-12-06,2023-12-06 13:02:00,918.75,918.75,918.55,918.55,-0.02,14.77,13350.34,-1
2023-12-06,2023-12-06 13:03:00,918.55,918.55,918.36,918.36,-0.02,14.77,13350.34,-1
2023-12-06,2023-12-06 13:04:00,918.36,918.36,918.16,918.16,-0.02,14.77,13350.34,-1
2023-12-06,2023-12-06 13:05:00,918.16,918.16,917.96,917.96,-0.02,14.77,13350.34,-1
2023-12-06,2023-12-06 13:06:00,917.96,917.96,917.76,917.76,-0.02,14.77,13350.34,-1
2023-12-06,2023-12-06 13:07:00,917.76,917.76,917.56,917.56,-0.02,14.77,13350.34,-1
2023-12-06,2023-12-06 13:08:00,917.56,917.56,917.36,917.36,-0.02,14.77,13350.34,-1
2023-12-06,2023-12-06 13:09:00,917.36,917.36,917.16,917.16,-0.02,14.77,13350.34,-1
2023-12-06,2023-12-06 13:10:00,917.16,917.16,916.96,916.96,-0.02,14.77,13350.34,-1
2023-12-06,2023-12-06 13:11:00,916.96,916.96,916.76,916.76,-0.02,14.77,13350.34,-1
2023-12-06,2023-12-06 13:12:00,916.76,916.76,916.57,916.57,-0.02,14.77,13350.34,-1
2023-12-06,2023-12-06 13:13:00,916.57,916.57,916.37,916.37,-0.02,14.77,13350.34,-1
2023-12-06,2023-12-06 13:14:00,916.37,916.37,916.17,916.17,-0.02,14.77,13350.34,-1
2023-12-06,2023-12-06 13:15:00,916.17,916.17,915.97,915.97,-0.02,14.77,13350.34,-1
2023-12-06,2023-12-06 13:16:00,915.97,915.97,915.77,915.77,-0.02,14.77,13350.34,-1
2023-12-06,2023-12-06 13:17:00,915.77,915.77,915.57,915.57,-0.02,14.77,13350.34,-1
2023-12-06,2023-12-06 13:18:00,915.57,915.57,915.37,915.37,-0.02,14.77,13350.34,-1
2023-12-06,2023-12-06 13:19:00,915.37,915.37,915.17,915.17,-0.02,14.77,13350.34,-1
2023-12-06,2023-12-06 13:20:00,915.17,915.17,914.98,914.98,-0.02,14.77,13350.34,-1
2023-12-06,2023-12-06 13:21:00,914.98,914.98,914.78,914.78,-0.02,14.77,13350.34,-1
2023-12-06,2023-12-06 13:22:00,914.78,914.78,914.58,914.58,-0.02,14.77,13350.34,-1
2023-12-06,2023-12-06 13:23:00,914.58,914.58,914.38,914.38,-0.02,14.77,13350.34,-1
2023-12-06,2023-12-06 13:24:00,914.38,914.38,914.18,914.18,-0.02,14.77,13350.34,-1
2023-12-06,2023-12-06 13:25:00,914.18,914.18,913.98,913.98,-0.02,14.77,13350.34,-1
2023-12-06,2023-12-06 13:26:00,913.98,913.98,913.78,913.78,-0.02,14.77,13350.34,-1
2023-12-06,2023-12-06 13:27:00,913.78,913.78,913.58,913.58,-0.02,14.77,13350.34,-1
2023-12-06,2023-12-06 13:28:00,913.58,913.58,913.39,913.39,-0.02,14.77,13350.34,-1
2023-12-06,2023-12-06 13:29:00,913.39,913.39,913.19,913.19,-0.02,14.77,13350.34,-1
2023-12-06,2023-12-06 13:30:00,913.19,913.19,912.99,912.99,-0.02,14.77,13350.34,-1
2023-12-06,2023-12-06 13:31:00,912.99,912.99,912.79,912.79,-0.02,14.77,13350.34,-1
2023-12-06,2023-12-06 13:32:00,912.79,912.79,912.59,912.59,-0.02,14.77,13350.34,-1
2023-12-06,2023-12-06 13:33:00,912.59,912.59,912.39,912.39,-0.02,14.77,13350.34,-1
2023-12-06,2023-12-06 13:34:00,912.39,912.39,912.19,912.19,-0.02,14.77,13350.34,-1
2023-12-06,2023-12-06 13:35:00,912.19,912.19,912.0,912.0,-0.02,14.77,13350.34,-1
2023-12-06,2023-12-06 13:36:00,912.0,912.0,911.8,911.8,-0.02,14.77,13350.34,-1
2023-12-06,2023-12-06 13:37:00,911.8,911.8,911.6,911.6,-0.02,14.77,13350.34,-1
2023-12-06,2023-12-06 13:38:00,911.6,911.6,911.4,911.4,-0.02,14.77,13350.34,-1
2023-12-06,2023-12-06 13:39:00,911.4,911.4,911.2,911.2,-0.02,14.77,13350.34,-1
2023-12-06,2023-12-06 13:40:00,911.2,911.2,911.0,911.0,-0.02,14.77,13350.34,-1
2023-12-06,2023-12-06 13:41:00,911.0,911.0,910.8,910.8,-0.02,14.77,13350.34,-1
2023-12-06,2023-12-06 13:42:00,910.8,910.8,910.6,910.6,-0.02,14.77,13350.34,-1
2023-12-06,2023-12-06 13:43:00,910.6,910.6,910.4,910.4,-0.02,14.77,13350.34,-1
2023-12-06,2023-12-06 13:44:00,910.4,910.4,910.21,910.21,-0.02,14.77,13350.34,-1
2023-12-06,2023-12-06 13:45:00,910.21,910.21,910.01,910.01,-0.02,14.77,13350.34,-1
2023-12-06,2023-12-06 13:46:00,910.01,910.01,909.81,909.81,-0.02,14.77,13350.34,-1
2023-12-06,2023-12-06 13:47:00,909.81,909.81,909.61,909.61,-0.02,14.77,13350.34,-1
2023-12-06,2023-12-06 13:48:00,909.61,909.61,909.41,909.41,-0.02,14.77,13350.34,-1
2023-12-06,2023-12-06 13:49:00,909.41,909.41,909.21,909.21,-0.02,14.77,13350.34,-1
2023-12-06,2023-12-06 13:50:00,909.21,909.21,909.01,909.01,-0.02,14.77,13350.34,-1
2023-12-06,2023-12-06 13:51:00,909.01,909.01,908.81,908.81,-0.02,14.77,13350.34,-1
2023-12-06,2023-12-06 13:52:00,908.81,908.81,908.62,908.62,-0.02,14.77,13350.34,-1
2023-12-06,2023-12-06 13:53:00,908.62,908.62,908.42,908.42,-0.02,14.77,13350.34,-1
2023-12-06,2023-12-06 13:54:00,908.42,908.42,908.22,908.22,-0.02,14.77,13350.34,-1
2023-12-06,2023-12-06 13:55:00,908.22,908.22,908.02,908.02,-0.02,14.77,13350.34,-1
2023-12-06,2023-12-06 13:56:00,908.02,908.02,907.82,907.82,-0.02,14.77,13350.34,-1
2023-12-06,2023-12-06 13:57:00,907.82,907.82,907.62,907.62,-0.02,14.77,13350.34,-1
2023-12-06,2023-12-06 13:58:00,907.62,907.62,907.42,907.42,-0.02,14.77,13350.34,-1
2023-12-06,2023-12-06 13:59:00,907.42,907.42,907.22,907.22,-0.02,14.77,13350.34,-1
2023-12-06,2023-12-06 14:00:00,907.22,907.22,907.03,907.03,-0.02,14.77,13350.34,-1
2023-12-06,2023-12-06 14:01:00,907.03,907.03,906.83,906.83,-0.02,14.77,13350.34,-1
2023-12-06,2023-12-06 14:02:00,906.83,906.83,906.63,906.63,-0.02,14.77,13350.34,-1
2023-12-06,2023-12-06 14:03:00,906.63,906.63,906.43,906.43,-0.02,14.77,13350.34,-1
2023-12-06,2023-12-06 14:04:00,906.43,906.43,906.23,906.23,-0.02,14.77,13350.34,-1
2023-12-06,2023-12-06 14:05:00,906.23,906.23,906.03,906.03,-0.02,14.77,13350.34,-1
2023-12-06,2023-12-06 14:06:00,906.03,906.03,905.83,905.83,-0.02,14.77,13350.34,-1
2023-12-06,2023-12-06 14:07:00,905.83,905.83,905.63,905.63,-0.02,14.77,13350.34,-1
2023-12-06,2023-12-06 14:08:00,905.63,905.63,905.44,905.44,-0.02,14.77,13350.34,-1
2023-12-06,2023-12-06 14:09:00,905.44,905.44,905.24,905.24,-0.02,14.77,13350.34,-1
2023-12-06,2023-12-06 14:10:00,905.24,905.24,905.04,905.04,-0.02,14.77,13350.34,-1
2023-12-06,2023-12-06 14:11:00,905.04,905.04,904.84,904.84,-0.02,14.77,13350.34,-1
2023-12-06,2023-12-06 14:12:00,904.84,904.84,904.64,904.64,-0.02,14.77,13350.34,-1
2023-12-06,2023-12-06 14:13:00,904.64,904.64,904.44,904.44,-0.02,14.77,13350.34,-1
2023-12-06,2023-12-06 14:14:00,904.44,904.44,904.24,904.24,-0.02,14.77,13350.34,-1
2023-12-06,2023-12-06 14:15:00,904.24,904.24,904.04,904.04,-0.02,14.77,13350.34,-1
2023-12-06,2023-12-06 14:16:00,904.04,904.04,903.85,903.85,-0.02,14.77,13350.34,-1
2023-12-06,2023-12-06 14:17:00,903.85,903.85,903.65,903.65,-0.02,14.77,13350.34,-1
2023-12-06,2023-12-06 14:18:00,903.65,903.65,903.45,903.45,-0.02,14.77,13350.34,-1
2023-12-06,2023-12-06 14:19:00,903.45,903.45,903.25,903.25,-0.02,14.77,13350.34,-1
2023-12-06,2023-12-06 14:20:00,903.25,903.25,903.05,903.05,-0.02,14.77,13350.34,-1
2023-12-06,2023-12-06 14:21:00,903.05,903.05,902.85,902.85,-0.02,14.77,13350.34,-1
2023-12-06,2023-12-06 14:22:00,902.85,902.85,902.65,902.65,-0.02,14.77,13350.34,-1
2023-12-06,2023-12-06 14:23:00,902.65,902.65,902.45,902.45,-0.02,14.77,13350.34,-1
2023-12-06,2023-12-06 14:24:00,902.45,902.45,902.26,902.26,-0.02,14.77,13350.34,-1
2023-12-06,2023-12-06 14:25:00,902.26,902.26,902.06,902.06,-0.02,14.77,13350.34,-1
2023-12-06,2023-12-06 14:26:00,902.06,902.06,901.86,901.86,-0.02,14.77,13350.34,-1
2023-12-06,2023-12-06 14:27:00,901.86,901.86,901.66,901.66,-0.02,14.77,13350.34,-1
2023-12-06,2023-12-06 14:28:00,901.66,901.66,901.46,901.46,-0.02,14.77,13350.34,-1
2023-12-06,2023-12-06 14:29:00,901.46,901.46,901.26,901.26,-0.02,14.77,13350.34,-1
2023-12-06,2023-12-06 14:30:00,901.26,901.26,901.06,901.06,-0.02,14.77,13350.34,-1
2023-12-06,2023-12-06 14:31:00,901.06,901.06,900.87,900.87,-0.02,14.77,13350.34,-1
2023-12-06,2023-12-06 14:32:00,900.87,900.87,900.67,900.67,-0.02,14.77,13350.34,-1
2023-12-06,2023-12-06 14:33:00,900.67,900.67,900.47,900.47,-0.02,14.77,13350.34,-1
2023-12-06,2023-12-06 14:34:00,900.47,900.47,900.27,900.27,-0.02,14.77,13350.34,-1
2023-12-06,2023-12-06 14:35:00,900.27,900.27,900.07,900.07,-0.02,14.77,13350.34,-1
2023-12-06,2023-12-06 14:36:00,900.07,900.07,899.87,899.87,-0.02,14.77,13350.34,-1
2023-12-06,2023-12-06 14:37:00,899.87,899.87,899.67,899.67,-0.02,14.77,13350.34,-1
2023-12-06,2023-12-06 14:38:00,899.67,899.67,899.47,899.47,-0.02,14.77,13350.34,-1
2023-12-06,2023-12-06 14:39:00,899.47,899.47,899.27,899.27,-0.02,14.77,13350.34,-1
2023-12-06,2023-12-06 14:40:00,899.27,899.27,899.08,899.08,-0.02,14.77,13350.34,-1
2023-12-06,2023-12-06 14:41:00,899.08,899.08,898.88,898.88,-0.02,14.77,13350.34,-1
2023-12-06,2023-12-06 14:42:00,898.88,898.88,898.68,898.68,-0.02,14.77,13350.34,-1
2023-12-06,2023-12-06 14:43:00,898.68,898.68,898.48,898.48,-0.02,14.77,13350.34,-1
2023-12-06,2023-12-06 14:44:00,898.48,898.48,898.28,898.28,-0.02,14.77,13350.34,-1
2023-12-06,2023-12-06 14:45:00,898.28,898.28,898.08,898.08,-0.02,14.77,13350.34,-1
2023-12-06,2023-12-06 14:46:00,898.08,898.08,897.88,897.88,-0.02,14.77,13350.34,-1
2023-12-06,2023-12-06 14:47:00,897.88,897.88,897.68,897.68,-0.02,14.77,13350.34,-1
2023-12-06,2023-12-06 14:48:00,897.68,897.68,897.49,897.49,-0.02,14.77,13350.34,-1
2023-12-06,2023-12-06 14:49:00,897.49,897.49,897.29,897.29,-0.02,14.77,13350.34,-1
2023-12-06,2023-12-06 14:50:00,897.29,897.29,897.09,897.09,-0.02,14.77,13350.34,-1
2023-12-06,2023-12-06 14:51:00,897.09,897.09,896.89,896.89,-0.02,14.77,13350.34,-1
2023-12-06,2023-12-06 14:52:00,896.89,896.89,896.69,896.69,-0.02,14.77,13350.34,-1
2023-12-06,2023-12-06 14:53:00,896.69,896.69,896.49,896.49,-0.02,14.77,13350.34,-1
2023-12-06,2023-12-06 14:54:00,896.49,896.49,896.29,896.29,-0.02,14.77,13350.34,-1
2023-12-06,2023-12-06 14:55:00,896.29,896.29,896.09,896.09,-0.02,14.77,13350.34,-1
2023-12-06,2023-12-06 14:56:00,896.09,896.09,895.9,895.9,-0.02,14.77,13350.34,-1
2023-12-06,2023-12-06 14:57:00,895.9,895.9,895.7,895.7,-0.02,14.77,13350.34,-1
2023-12-06,2023-12-06 14:58:00,895.7,895.7,895.5,895.5,-0.02,14.77,13350.34,-1
2023-12-06,2023-12-06 14:59:00,895.5,895.5,895.3,895.3,-0.02,14.77,13350.34,-1
2023-12-06,2023-12-06 15:00:00,895.3,943.0,882.0,895.3,0.0,14.77,13350.34,0
2023-12-07,2023-12-07 11:00:00,882.3,912.81,882.3,882.72,0.05,28.62,25933.31,1
2023-12-07,2023-12-07 11:01:00,882.72,883.15,882.72,883.15,0.05,28.62,25933.31,1
2023-12-07,2023-12-07 11:02:00,883.15,883.57,883.15,883.57,0.05,28.62,25933.31,1
2023-12-07,2023-12-07 11:03:00,883.57,884.0,883.57,884.0,0.05,28.62,25933.31,1
2023-12-07,2023-12-07 11:04:00,884.0,884.42,884.0,884.42,0.05,28.62,25933.31,1
2023-12-07,2023-12-07 11:05:00,884.42,884.84,884.42,884.84,0.05,28.62,25933.31,1
2023-12-07,2023-12-07 11:06:00,884.84,885.27,884.84,885.27,0.05,28.62,25933.31,1
2023-12-07,2023-12-07 11:07:00,885.27,885.69,885.27,885.69,0.05,28.62,25933.31,1
2023-12-07,2023-12-07 11:08:00,885.69,886.11,885.69,886.11,0.05,28.62,25933.31,1
2023-12-07,2023-12-07 11:09:00,886.11,886.54,886.11,886.54,0.05,28.62,25933.31,1
2023-12-07,2023-12-07 11:10:00,886.54,886.96,886.54,886.96,0.05,28.62,25933.31,1
2023-12-07,2023-12-07 11:11:00,886.96,887.38,886.96,887.38,0.05,28.62,25933.31,1
2023-12-07,2023-12-07 11:12:00,887.38,887.81,887.38,887.81,0.05,28.62,25933.31,1
2023-12-07,2023-12-07 11:13:00,887.81,888.23,887.81,888.23,0.05,28.62,25933.31,1
2023-12-07,2023-12-07 11:14:00,888.23,888.66,888.23,888.66,0.05,28.62,25933.31,1
2023-12-07,2023-12-07 11:15:00,888.66,889.08,888.66,889.08,0.05,28.62,25933.31,1
2023-12-07,2023-12-07 11:16:00,889.08,889.5,889.08,889.5,0.05,28.62,25933.31,1
2023-12-07,2023-12-07 11:17:00,889.5,889.93,889.5,889.93,0.05,28.62,25933.31,1
2023-12-07,2023-12-07 11:18:00,889.93,890.35,889.93,890.35,0.05,28.62,25933.31,1
2023-12-07,2023-12-07 11:19:00,890.35,890.77,890.35,890.77,0.05,28.62,25933.31,1
2023-12-07,2023-12-07 11:20:00,890.77,891.2,890.77,891.2,0.05,28.62,25933.31,1
2023-12-07,2023-12-07 11:21:00,891.2,891.62,891.2,891.62,0.05,28.62,25933.31,1
2023-12-07,2023-12-07 11:22:00,891.62,892.05,891.62,892.05,0.05,28.62,25933.31,1
2023-12-07,2023-12-07 11:23:00,892.05,892.47,892.05,892.47,0.05,28.62,25933.31,1
2023-12-07,2023-12-07 11:24:00,892.47,892.89,892.47,892.89,0.05,28.62,25933.31,1
2023-12-07,2023-12-07 11:25:00,892.89,893.32,892.89,893.32,0.05,28.62,25933.31,1
2023-12-07,2023-12-07 11:26:00,893.32,893.74,893.32,893.74,0.05,28.62,25933.31,1
2023-12-07,2023-12-07 11:27:00,893.74,894.16,893.74,894.16,0.05,28.62,25933.31,1
2023-12-07,2023-12-07 11:28:00,894.16,894.59,894.16,894.59,0.05,28.62,25933.31,1
2023-12-07,2023-12-07 11:29:00,894.59,895.01,894.59,895.01,0.05,28.62,25933.31,1
2023-12-07,2023-12-07 11:30:00,895.01,895.44,895.01,895.44,0.05,28.62,25933.31,1
2023-12-07,2023-12-07 11:31:00,895.44,895.86,895.44,895.86,0.05,28.62,25933.31,1
2023-12-07,2023-12-07 11:32:00,895.86,896.28,895.86,896.28,0.05,28.62,25933.31,1
2023-12-07,2023-12-07 11:33:00,896.28,896.71,896.28,896.71,0.05,28.62,25933.31,1
2023-12-07,2023-12-07 11:34:00,896.71,897.13,896.71,897.13,0.05,28.62,25933.31,1
2023-12-07,2023-12-07 11:35:00,897.13,897.55,897.13,897.55,0.05,28.62,25933.31,1
2023-12-07,2023-12-07 11:36:00,897.55,897.98,897.55,897.98,0.05,28.62,25933.31,1
2023-12-07,2023-12-07 11:37:00,897.98,898.4,897.98,898.4,0.05,28.62,25933.31,1
2023-12-07,2023-12-07 11:38:00,898.4,898.83,898.4,898.83,0.05,28.62,25933.31,1
2023-12-07,2023-12-07 11:39:00,898.83,899.25,898.83,899.25,0.05,28.62,25933.31,1
2023-12-07,2023-12-07 11:40:00,899.25,899.67,899.25,899.67,0.05,28.62,25933.31,1
2023-12-07,2023-12-07 11:41:00,899.67,900.1,899.67,900.1,0.05,28.62,25933.31,1
2023-12-07,2023-12-07 11:42:00,900.1,900.52,900.1,900.52,0.05,28.62,25933.31,1
2023-12-07,2023-12-07 11:43:00,900.52,900.94,900.52,900.94,0.05,28.62,25933.31,1
2023-12-07,2023-12-07 11:44:00,900.94,901.37,900.94,901.37,0.05,28.62,25933.31,1
2023-12-07,2023-12-07 11:45:00,901.37,901.79,901.37,901.79,0.05,28.62,25933.31,1
2023-12-07,2023-12-07 11:46:00,901.79,902.22,901.79,902.22,0.05,28.62,25933.31,1
2023-12-07,2023-12-07 11:47:00,902.22,902.64,902.22,902.64,0.05,28.62,25933.31,1
2023-12-07,2023-12-07 11:48:00,902.64,903.06,902.64,903.06,0.05,28.62,25933.31,1
2023-12-07,2023-12-07 11:49:00,903.06,903.49,903.06,903.49,0.05,28.62,25933.31,1
2023-12-07,2023-12-07 11:50:00,903.49,903.91,903.49,903.91,0.05,28.62,25933.31,1
2023-12-07,2023-12-07 11:51:00,903.91,904.33,903.91,904.33,0.05,28.62,25933.31,1
2023-12-07,2023-12-07 11:52:00,904.33,904.76,904.33,904.76,0.05,28.62,25933.31,1
2023-12-07,2023-12-07 11:53:00,904.76,905.18,904.76,905.18,0.05,28.62,25933.31,1
2023-12-07,2023-12-07 11:54:00,905.18,905.61,905.18,905.61,0.05,28.62,25933.31,1
2023-12-07,2023-12-07 11:55:00,905.61,906.03,905.61,906.03,0.05,28.62,25933.31,1
2023-12-07,2023-12-07 11:56:00,906.03,906.45,906.03,906.45,0.05,28.62,25933.31,1
2023-12-07,2023-12-07 11:57:00,906.45,906.88,906.45,906.88,0.05,28.62,25933.31,1
2023-12-07,2023-12-07 11:58:00,906.88,907.3,906.88,907.3,0.05,28.62,25933.31,1
2023-12-07,2023-12-07 11:59:00,907.3,907.72,907.3,907.72,0.05,28.62,25933.31,1
2023-12-07,2023-12-07 12:00:00,907.72,908.15,907.72,908.15,0.05,28.62,25933.31,1
2023-12-07,2023-12-07 12:01:00,908.15,908.57,908.15,908.57,0.05,28.62,25933.31,1
2023-12-07,2023-12-07 12:02:00,908.57,909.0,908.57,909.0,0.05,28.62,25933.31,1
2023-12-07,2023-12-07 12:03:00,909.0,909.42,909.0,909.42,0.05,28.62,25933.31,1
2023-12-07,2023-12-07 12:04:00,909.42,909.84,909.42,909.84,0.05,28.62,25933.31,1
2023-12-07,2023-12-07 12:05:00,909.84,910.27,909.84,910.27,0.05,28.62,25933.31,1
2023-12-07,2023-12-07 12:06:00,910.27,910.69,910.27,910.69,0.05,28.62,25933.31,1
2023-12-07,2023-12-07 12:07:00,910.69,911.12,910.69,911.12,0.05,28.62,25933.31,1
2023-12-07,2023-12-07 12:08:00,911.12,911.54,911.12,911.54,0.05,28.62,25933.31,1
2023-12-07,2023-12-07 12:09:00,911.54,911.96,911.54,911.96,0.05,28.62,25933.31,1
2023-12-07,2023-12-07 12:10:00,911.96,912.39,911.96,912.39,0.05,28.62,25933.31,1
2023-12-07,2023-12-07 12:11:00,912.39,912.81,912.39,912.81,0.05,28.62,25933.31,1
2023-12-07,2023-12-07 12:12:00,912.81,913.23,912.81,913.23,0.05,28.62,25933.31,1
2023-12-07,2023-12-07 12:13:00,913.23,913.66,913.23,913.66,0.05,28.62,25933.31,1
2023-12-07,2023-12-07 12:14:00,913.66,914.08,913.66,914.08,0.05,28.62,25933.31,1
2023-12-07,2023-12-07 12:15:00,914.08,914.5,914.08,914.5,0.05,28.62,25933.31,1
2023-12-07,2023-12-07 12:16:00,914.5,914.93,914.5,914.93,0.05,28.62,25933.31,1
2023-12-07,2023-12-07 12:17:00,914.93,915.35,914.93,915.35,0.05,28.62,25933.31,1
2023-12-07,2023-12-07 12:18:00,915.35,915.78,915.35,915.78,0.05,28.62,25933.31,1
2023-12-07,2023-12-07 12:19:00,915.78,916.2,915.78,916.2,0.05,28.62,25933.31,1
2023-12-07,2023-12-07 12:20:00,916.2,916.62,916.2,916.62,0.05,28.62,25933.31,1
2023-12-07,2023-12-07 12:21:00,916.62,917.05,916.62,917.05,0.05,28.62,25933.31,1
2023-12-07,2023-12-07 12:22:00,917.05,917.47,917.05,917.47,0.05,28.62,25933.31,1
2023-12-07,2023-12-07 12:23:00,917.47,917.89,917.47,917.89,0.05,28.62,25933.31,1
2023-12-07,2023-12-07 12:24:00,917.89,918.32,917.89,918.32,0.05,28.62,25933.31,1
2023-12-07,2023-12-07 12:25:00,918.32,918.74,918.32,918.74,0.05,28.62,25933.31,1
2023-12-07,2023-12-07 12:26:00,918.74,919.17,918.74,919.17,0.05,28.62,25933.31,1
2023-12-07,2023-12-07 12:27:00,919.17,919.59,919.17,919.59,0.05,28.62,25933.31,1
2023-12-07,2023-12-07 12:28:00,919.59,920.01,919.59,920.01,0.05,28.62,25933.31,1
2023-12-07,2023-12-07 12:29:00,920.01,920.44,920.01,920.44,0.05,28.62,25933.31,1
2023-12-07,2023-12-07 12:30:00,920.44,920.86,920.44,920.86,0.05,28.62,25933.31,1
2023-12-07,2023-12-07 12:31:00,920.86,921.28,920.86,921.28,0.05,28.62,25933.31,1
2023-12-07,2023-12-07 12:32:00,921.28,921.71,921.28,921.71,0.05,28.62,25933.31,1
2023-12-07,2023-12-07 12:33:00,921.71,922.13,921.71,922.13,0.05,28.62,25933.31,1
2023-12-07,2023-12-07 12:34:00,922.13,922.56,922.13,922.56,0.05,28.62,25933.31,1
2023-12-07,2023-12-07 12:35:00,922.56,922.98,922.56,922.98,0.05,28.62,25933.31,1
2023-12-07,2023-12-07 12:36:00,922.98,923.4,922.98,923.4,0.05,28.62,25933.31,1
2023-12-07,2023-12-07 12:37:00,923.4,923.83,923.4,923.83,0.05,28.62,25933.31,1
2023-12-07,2023-12-07 12:38:00,923.83,924.25,923.83,924.25,0.05,28.62,25933.31,1
2023-12-07,2023-12-07 12:39:00,924.25,924.67,924.25,924.67,0.05,28.62,25933.31,1
2023-12-07,2023-12-07 12:40:00,924.67,925.1,924.67,925.1,0.05,28.62,25933.31,1
2023-12-07,2023-12-07 12:41:00,925.1,925.52,925.1,925.52,0.05,28.62,25933.31,1
2023-12-07,2023-12-07 12:42:00,925.52,925.95,925.52,925.95,0.05,28.62,25933.31,1
2023-12-07,2023-12-07 12:43:00,925.95,926.37,925.95,926.37,0.05,28.62,25933.31,1
2023-12-07,2023-12-07 12:44:00,926.37,926.79,926.37,926.79,0.05,28.62,25933.31,1
2023-12-07,2023-12-07 12:45:00,926.79,927.22,926.79,927.22,0.05,28.62,25933.31,1
2023-12-07,2023-12-07 12:46:00,927.22,927.64,927.22,927.64,0.05,28.62,25933.31,1
2023-12-07,2023-12-07 12:47:00,927.64,928.06,927.64,928.06,0.05,28.62,25933.31,1
2023-12-07,2023-12-07 12:48:00,928.06,928.49,928.06,928.49,0.05,28.62,25933.31,1
2023-12-07,2023-12-07 12:49:00,928.49,928.91,928.49,928.91,0.05,28.62,25933.31,1
2023-12-07,2023-12-07 12:50:00,928.91,929.34,928.91,929.34,0.05,28.62,25933.31,1
2023-12-07,2023-12-07 12:51:00,929.34,929.76,929.34,929.76,0.05,28.62,25933.31,1
2023-12-07,2023-12-07 12:52:00,929.76,930.18,929.76,930.18,0.05,28.62,25933.31,1
2023-12-07,2023-12-07 12:53:00,930.18,930.61,930.18,930.61,0.05,28.62,25933.31,1
2023-12-07,2023-12-07 12:54:00,930.61,931.03,930.61,931.03,0.05,28.62,25933.31,1
2023-12-07,2023-12-07 12:55:00,931.03,931.45,931.03,931.45,0.05,28.62,25933.31,1
2023-12-07,2023-12-07 12:56:00,931.45,931.88,931.45,931.88,0.05,28.62,25933.31,1
2023-12-07,2023-12-07 12:57:00,931.88,932.3,931.88,932.3,0.05,28.62,25933.31,1
2023-12-07,2023-12-07 12:58:00,932.3,932.73,932.3,932.73,0.05,28.62,25933.31,1
2023-12-07,2023-12-07 12:59:00,932.73,933.15,932.73,933.15,0.05,28.62,25933.31,1
2023-12-07,2023-12-07 13:00:00,933.15,984.0,882.3,933.57,0.05,28.62,25933.31,1
2023-12-07,2023-12-07 13:01:00,933.57,934.0,933.57,934.0,0.05,28.62,25933.31,1
2023-12-07,2023-12-07 13:02:00,934.0,934.42,934.0,934.42,0.04,28.62,25933.31,1
2023-12-07,2023-12-07 13:03:00,934.42,934.85,934.42,934.85,0.05,28.62,25933.31,1
2023-12-07,2023-12-07 13:04:00,934.85,935.27,934.85,935.27,0.04,28.62,25933.31,1
2023-12-07,2023-12-07 13:05:00,935.27,935.69,935.27,935.69,0.04,28.62,25933.31,1
2023-12-07,2023-12-07 13:06:00,935.69,936.12,935.69,936.12,0.05,28.62,25933.31,1
2023-12-07,2023-12-07 13:07:00,936.12,936.54,936.12,936.54,0.04,28.62,25933.31,1
2023-12-07,2023-12-07 13:08:00,936.54,936.96,936.54,936.96,0.04,28.62,25933.31,1
2023-12-07,2023-12-07 13:09:00,936.96,937.39,936.96,937.39,0.05,28.62,25933.31,1
2023-12-07,2023-12-07 13:10:00,937.39,937.81,937.39,937.81,0.04,28.62,25933.31,1
2023-12-07,2023-12-07 13:11:00,937.81,938.24,937.81,938.24,0.05,28.62,25933.31,1
2023-12-07,2023-12-07 13:12:00,938.24,938.66,938.24,938.66,0.04,28.62,25933.31,1
2023-12-07,2023-12-07 13:13:00,938.66,939.08,938.66,939.08,0.04,28.62,25933.31,1
2023-12-07,2023-12-07 13:14:00,939.08,939.51,939.08,939.51,0.05,28.62,25933.31,1
2023-12-07,2023-12-07 13:15:00,939.51,939.93,939.51,939.93,0.04,28.62,25933.31,1
2023-12-07,2023-12-07 13:16:00,939.93,940.35,939.93,940.35,0.04,28.62,25933.31,1
2023-12-07,2023-12-07 13:17:00,940.35,940.78,940.35,940.78,0.05,28.62,25933.31,1
2023-12-07,2023-12-07 13:18:00,940.78,941.2,940.78,941.2,0.04,28.62,25933.31,1
2023-12-07,2023-12-07 13:19:00,941.2,941.62,941.2,941.62,0.04,28.62,25933.31,1
2023-12-07,2023-12-07 13:20:00,941.62,942.05,941.62,942.05,0.05,28.62,25933.31,1
2023-12-07,2023-12-07 13:21:00,942.05,942.47,942.05,942.47,0.04,28.62,25933.31,1
2023-12-07,2023-12-07 13:22:00,942.47,942.9,942.47,942.9,0.05,28.62,25933.31,1
2023-12-07,2023-12-07 13:23:00,942.9,943.32,942.9,943.32,0.04,28.62,25933.31,1
2023-12-07,2023-12-07 13:24:00,943.32,943.74,943.32,943.74,0.04,28.62,25933.31,1
2023-12-07,2023-12-07 13:25:00,943.74,944.17,943.74,944.17,0.05,28.62,25933.31,1
2023-12-07,2023-12-07 13:26:00,944.17,944.59,944.17,944.59,0.04,28.62,25933.31,1
2023-12-07,2023-12-07 13:27:00,944.59,945.01,944.59,945.01,0.04,28.62,25933.31,1
2023-12-07,2023-12-07 13:28:00,945.01,945.44,945.01,945.44,0.05,28.62,25933.31,1
2023-12-07,2023-12-07 13:29:00,945.44,945.86,945.44,945.86,0.04,28.62,25933.31,1
2023-12-07,2023-12-07 13:30:00,945.86,946.29,945.86,946.29,0.05,28.62,25933.31,1
2023-12-07,2023-12-07 13:31:00,946.29,946.71,946.29,946.71,0.04,28.62,25933.31,1
2023-12-07,2023-12-07 13:32:00,946.71,947.13,946.71,947.13,0.04,28.62,25933.31,1
2023-12-07,2023-12-07 13:33:00,947.13,947.56,947.13,947.56,0.05,28.62,25933.31,1
2023-12-07,2023-12-07 13:34:00,947.56,947.98,947.56,947.98,0.04,28.62,25933.31,1
2023-12-07,2023-12-07 13:35:00,947.98,948.4,947.98,948.4,0.04,28.62,25933.31,1
2023-12-07,2023-12-07 13:36:00,948.4,948.83,948.4,948.83,0.05,28.62,25933.31,1
2023-12-07,2023-12-07 13:37:00,948.83,949.25,948.83,949.25,0.04,28.62,25933.31,1
2023-12-07,2023-12-07 13:38:00,949.25,949.68,949.25,949.68,0.05,28.62,25933.31,1
2023-12-07,2023-12-07 13:39:00,949.68,950.1,949.68,950.1,0.04,28.62,25933.31,1
2023-12-07,2023-12-07 13:40:00,950.1,950.52,950.1,950.52,0.04,28.62,25933.31,1
2023-12-07,2023-12-07 13:41:00,950.52,950.95,950.52,950.95,0.05,28.62,25933.31,1
2023-12-07,2023-12-07 13:42:00,950.95,951.37,950.95,951.37,0.04,28.62,25933.31,1
2023-12-07,2023-12-07 13:43:00,951.37,951.79,951.37,951.79,0.04,28.62,25933.31,1
2023-12-07,2023-12-07 13:44:00,951.79,952.22,951.79,952.22,0.05,28.62,25933.31,1
2023-12-07,2023-12-07 13:45:00,952.22,952.64,952.22,952.64,0.04,28.62,25933.31,1
2023-12-07,2023-12-07 13:46:00,952.64,953.07,952.64,953.07,0.05,28.62,25933.31,1
2023-12-07,2023-12-07 13:47:00,953.07,953.49,953.07,953.49,0.04,28.62,25933.31,1
2023-12-07,2023-12-07 13:48:00,953.49,953.91,953.49,953.91,0.04,28.62,25933.31,1
2023-12-07,2023-12-07 13:49:00,953.91,954.34,953.91,954.34,0.05,28.62,25933.31,1
2023-12-07,2023-12-07 13:50:00,954.34,954.76,954.34,954.76,0.04,28.62,25933.31,1
2023-12-07,2023-12-07 13:51:00,954.76,955.18,954.76,955.18,0.04,28.62,25933.31,1
2023-12-07,2023-12-07 13:52:00,955.18,955.61,955.18,955.61,0.05,28.62,25933.31,1
2023-12-07,2023-12-07 13:53:00,955.61,956.03,955.61,956.03,0.04,28.62,25933.31,1
2023-12-07,2023-12-07 13:54:00,956.03,956.46,956.03,956.46,0.04,28.62,25933.31,1
2023-12-07,2023-12-07 13:55:00,956.46,956.88,956.46,956.88,0.04,28.62,25933.31,1
2023-12-07,2023-12-07 13:56:00,956.88,957.3,956.88,957.3,0.04,28.62,25933.31,1
2023-12-07,2023-12-07 13:57:00,957.3,957.73,957.3,957.73,0.04,28.62,25933.31,1
2023-12-07,2023-12-07 13:58:00,957.73,958.15,957.73,958.15,0.04,28.62,25933.31,1
2023-12-07,2023-12-07 13:59:00,958.15,958.58,958.15,958.58,0.04,28.62,25933.31,1
2023-12-07,2023-12-07 14:00:00,958.58,959.0,958.58,959.0,0.04,28.62,25933.31,1
2023-12-07,2023-12-07 14:01:00,959.0,959.42,959.0,959.42,0.04,28.62,25933.31,1
2023-12-07,2023-12-07 14:02:00,959.42,959.85,959.42,959.85,0.04,28.62,25933.31,1
2023-12-07,2023-12-07 14:03:00,959.85,960.27,959.85,960.27,0.04,28.62,25933.31,1
2023-12-07,2023-12-07 14:04:00,960.27,960.69,960.27,960.69,0.04,28.62,25933.31,1
2023-12-07,2023-12-07 14:05:00,960.69,961.12,960.69,961.12,0.04,28.62,25933.31,1
2023-12-07,2023-12-07 14:06:00,961.12,961.54,961.12,961.54,0.04,28.62,25933.31,1
2023-12-07,2023-12-07 14:07:00,961.54,961.97,961.54,961.97,0.04,28.62,25933.31,1
2023-12-07,2023-12-07 14:08:00,961.97,962.39,961.97,962.39,0.04,28.62,25933.31,1
2023-12-07,2023-12-07 14:09:00,962.39,962.81,962.39,962.81,0.04,28.62,25933.31,1
2023-12-07,2023-12-07 14:10:00,962.81,963.24,962.81,963.24,0.04,28.62,25933.31,1
2023-12-07,2023-12-07 14:11:00,963.24,963.66,963.24,963.66,0.04,28.62,25933.31,1
2023-12-07,2023-12-07 14:12:00,963.66,964.08,963.66,964.08,0.04,28.62,25933.31,1
2023-12-07,2023-12-07 14:13:00,964.08,964.51,964.08,964.51,0.04,28.62,25933.31,1
2023-12-07,2023-12-07 14:14:00,964.51,964.93,964.51,964.93,0.04,28.62,25933.31,1
2023-12-07,2023-12-07 14:15:00,964.93,965.36,964.93,965.36,0.04,28.62,25933.31,1
2023-12-07,2023-12-07 14:16:00,965.36,965.78,965.36,965.78,0.04,28.62,25933.31,1
2023-12-07,2023-12-07 14:17:00,965.78,966.2,965.78,966.2,0.04,28.62,25933.31,1
2023-12-07,2023-12-07 14:18:00,966.2,966.63,966.2,966.63,0.04,28.62,25933.31,1
2023-12-07,2023-12-07 14:19:00,966.63,967.05,966.63,967.05,0.04,28.62,25933.31,1
2023-12-07,2023-12-07 14:20:00,967.05,967.47,967.05,967.47,0.04,28.62,25933.31,1
2023-12-07,2023-12-07 14:21:00,967.47,967.9,967.47,967.9,0.04,28.62,25933.31,1
2023-12-07,2023-12-07 14:22:00,967.9,968.32,967.9,968.32,0.04,28.62,25933.31,1
2023-12-07,2023-12-07 14:23:00,968.32,968.75,968.32,968.75,0.04,28.62,25933.31,1
2023-12-07,2023-12-07 14:24:00,968.75,969.17,968.75,969.17,0.04,28.62,25933.31,1
2023-12-07,2023-12-07 14:25:00,969.17,969.59,969.17,969.59,0.04,28.62,25933.31,1
2023-12-07,2023-12-07 14:26:00,969.59,970.02,969.59,970.02,0.04,28.62,25933.31,1
2023-12-07,2023-12-07 14:27:00,970.02,970.44,970.02,970.44,0.04,28.62,25933.31,1
2023-12-07,2023-12-07 14:28:00,970.44,970.86,970.44,970.86,0.04,28.62,25933.31,1
2023-12-07,2023-12-07 14:29:00,970.86,971.29,970.86,971.29,0.04,28.62,25933.31,1
2023-12-07,2023-12-07 14:30:00,971.29,971.71,971.29,971.71,0.04,28.62,25933.31,1
2023-12-07,2023-12-07 14:31:00,971.71,972.13,971.71,972.13,0.04,28.62,25933.31,1
2023-12-07,2023-12-07 14:32:00,972.13,972.56,972.13,972.56,0.04,28.62,25933.31,1
2023-12-07,2023-12-07 14:33:00,972.56,972.98,972.56,972.98,0.04,28.62,25933.31,1
2023-12-07,2023-12-07 14:34:00,972.98,973.41,972.98,973.41,0.04,28.62,25933.31,1
2023-12-07,2023-12-07 14:35:00,973.41,973.83,973.41,973.83,0.04,28.62,25933.31,1
2023-12-07,2023-12-07 14:36:00,973.83,974.25,973.83,974.25,0.04,28.62,25933.31,1
2023-12-07,2023-12-07 14:37:00,974.25,974.68,974.25,974.68,0.04,28.62,25933.31,1
2023-12-07,2023-12-07 14:38:00,974.68,975.1,974.68,975.1,0.04,28.62,25933.31,1
2023-12-07,2023-12-07 14:39:00,975.1,975.52,975.1,975.52,0.04,28.62,25933.31,1
2023-12-07,2023-12-07 14:40:00,975.52,975.95,975.52,975.95,0.04,28.62,25933.31,1
2023-12-07,2023-12-07 14:41:00,975.95,976.37,975.95,976.37,0.04,28.62,25933.31,1
2023-12-07,2023-12-07 14:42:00,976.37,976.8,976.37,976.8,0.04,28.62,25933.31,1
2023-12-07,2023-12-07 14:43:00,976.8,977.22,976.8,977.22,0.04,28.62,25933.31,1
2023-12-07,2023-12-07 14:44:00,977.22,977.64,977.22,977.64,0.04,28.62,25933.31,1
2023-12-07,2023-12-07 14:45:00,977.64,978.07,977.64,978.07,0.04,28.62,25933.31,1
2023-12-07,2023-12-07 14:46:00,978.07,978.49,978.07,978.49,0.04,28.62,25933.31,1
2023-12-07,2023-12-07 14:47:00,978.49,978.91,978.49,978.91,0.04,28.62,25933.31,1
2023-12-07,2023-12-07 14:48:00,978.91,979.34,978.91,979.34,0.04,28.62,25933.31,1
2023-12-07,2023-12-07 14:49:00,979.34,979.76,979.34,979.76,0.04,28.62,25933.31,1
2023-12-07,2023-12-07 14:50:00,979.76,980.19,979.76,980.19,0.04,28.62,25933.31,1
2023-12-07,2023-12-07 14:51:00,980.19,980.61,980.19,980.61,0.04,28.62,25933.31,1
2023-12-07,2023-12-07 14:52:00,980.61,981.03,980.61,981.03,0.04,28.62,25933.31,1
2023-12-07,2023-12-07 14:53:00,981.03,981.46,981.03,981.46,0.04,28.62,25933.31,1
2023-12-07,2023-12-07 14:54:00,981.46,981.88,981.46,981.88,0.04,28.62,25933.31,1
2023-12-07,2023-12-07 14:55:00,981.88,982.3,981.88,982.3,0.04,28.62,25933.31,1
2023-12-07,2023-12-07 14:56:00,982.3,982.73,982.3,982.73,0.04,28.62,25933.31,1
2023-12-07,2023-12-07 14:57:00,982.73,983.15,982.73,983.15,0.04,28.62,25933.31,1
2023-12-07,2023-12-07 14:58:00,983.15,983.58,983.15,983.58,0.04,28.62,25933.31,1
2023-12-07,2023-12-07 14:59:00,983.58,984.0,983.58,984.0,0.04,28.62,25933.31,1
2023-12-07,2023-12-07 15:00:00,984.0,984.0,882.3,984.0,0.0,28.62,25933.31,0
2023-12-10,2023-12-10 11:00:00,964.4,999.38,964.4,964.89,0.05,4.07,4115.93,1
2023-12-10,2023-12-10 11:01:00,964.89,965.37,964.89,965.37,0.05,4.07,4115.93,1
2023-12-10,2023-12-10 11:02:00,965.37,965.86,965.37,965.86,0.05,4.07,4115.93,1
2023-12-10,2023-12-10 11:03:00,965.86,966.34,965.86,966.34,0.05,4.07,4115.93,1
2023-12-10,2023-12-10 11:04:00,966.34,966.83,966.34,966.83,0.05,4.07,4115.93,1
2023-12-10,2023-12-10 11:05:00,966.83,967.31,966.83,967.31,0.05,4.07,4115.93,1
2023-12-10,2023-12-10 11:06:00,967.31,967.8,967.31,967.8,0.05,4.07,4115.93,1
2023-12-10,2023-12-10 11:07:00,967.8,968.29,967.8,968.29,0.05,4.07,4115.93,1
2023-12-10,2023-12-10 11:08:00,968.29,968.77,968.29,968.77,0.05,4.07,4115.93,1
2023-12-10,2023-12-10 11:09:00,968.77,969.26,968.77,969.26,0.05,4.07,4115.93,1
2023-12-10,2023-12-10 11:10:00,969.26,969.74,969.26,969.74,0.05,4.07,4115.93,1
2023-12-10,2023-12-10 11:11:00,969.74,970.23,969.74,970.23,0.05,4.07,4115.93,1
2023-12-10,2023-12-10 11:12:00,970.23,970.72,970.23,970.72,0.05,4.07,4115.93,1
2023-12-10,2023-12-10 11:13:00,970.72,971.2,970.72,971.2,0.05,4.07,4115.93,1
2023-12-10,2023-12-10 11:14:00,971.2,971.69,971.2,971.69,0.05,4.07,4115.93,1
2023-12-10,2023-12-10 11:15:00,971.69,972.17,971.69,972.17,0.05,4.07,4115.93,1
2023-12-10,2023-12-10 11:16:00,972.17,972.66,972.17,972.66,0.05,4.07,4115.93,1
2023-12-10,2023-12-10 11:17:00,972.66,973.14,972.66,973.14,0.05,4.07,4115.93,1
2023-12-10,2023-12-10 11:18:00,973.14,973.63,973.14,973.63,0.05,4.07,4115.93,1
2023-12-10,2023-12-10 11:19:00,973.63,974.12,973.63,974.12,0.05,4.07,4115.93,1
2023-12-10,2023-12-10 11:20:00,974.12,974.6,974.12,974.6,0.05,4.07,4115.93,1
2023-12-10,2023-12-10 11:21:00,974.6,975.09,974.6,975.09,0.05,4.07,4115.93,1
2023-12-10,2023-12-10 11:22:00,975.09,975.57,975.09,975.57,0.05,4.07,4115.93,1
2023-12-10,2023-12-10 11:23:00,975.57,976.06,975.57,976.06,0.05,4.07,4115.93,1
2023-12-10,2023-12-10 11:24:00,976.06,976.55,976.06,976.55,0.05,4.07,4115.93,1
2023-12-10,2023-12-10 11:25:00,976.55,977.03,976.55,977.03,0.05,4.07,4115.93,1
2023-12-10,2023-12-10 11:26:00,977.03,977.52,977.03,977.52,0.05,4.07,4115.93,1
2023-12-10,2023-12-10 11:27:00,977.52,978.0,977.52,978.0,0.05,4.07,4115.93,1
2023-12-10,2023-12-10 11:28:00,978.0,978.49,978.0,978.49,0.05,4.07,4115.93,1
2023-12-10,2023-12-10 11:29:00,978.49,978.98,978.49,978.98,0.05,4.07,4115.93,1
2023-12-10,2023-12-10 11:30:00,978.98,979.46,978.98,979.46,0.05,4.07,4115.93,1
2023-12-10,2023-12-10 11:31:00,979.46,979.95,979.46,979.95,0.05,4.07,4115.93,1
2023-12-10,2023-12-10 11:32:00,979.95,980.43,979.95,980.43,0.05,4.07,4115.93,1
2023-12-10,2023-12-10 11:33:00,980.43,980.92,980.43,980.92,0.05,4.07,4115.93,1
2023-12-10,2023-12-10 11:34:00,980.92,981.4,980.92,981.4,0.05,4.07,4115.93,1
2023-12-10,2023-12-10 11:35:00,981.4,981.89,981.4,981.89,0.05,4.07,4115.93,1
2023-12-10,2023-12-10 11:36:00,981.89,982.38,981.89,982.38,0.05,4.07,4115.93,1
2023-12-10,2023-12-10 11:37:00,982.38,982.86,982.38,982.86,0.05,4.07,4115.93,1
2023-12-10,2023-12-10 11:38:00,982.86,983.35,982.86,983.35,0.05,4.07,4115.93,1
2023-12-10,2023-12-10 11:39:00,983.35,983.83,983.35,983.83,0.05,4.07,4115.93,1
2023-12-10,2023-12-10 11:40:00,983.83,984.32,983.83,984.32,0.05,4.07,4115.93,1
2023-12-10,2023-12-10 11:41:00,984.32,984.8,984.32,984.8,0.05,4.07,4115.93,1
2023-12-10,2023-12-10 11:42:00,984.8,985.29,984.8,985.29,0.05,4.07,4115.93,1
2023-12-10,2023-12-10 11:43:00,985.29,985.78,985.29,985.78,0.05,4.07,4115.93,1
2023-12-10,2023-12-10 11:44:00,985.78,986.26,985.78,986.26,0.05,4.07,4115.93,1
2023-12-10,2023-12-10 11:45:00,986.26,986.75,986.26,986.75,0.05,4.07,4115.93,1
2023-12-10,2023-12-10 11:46:00,986.75,987.23,986.75,987.23,0.05,4.07,4115.93,1
2023-12-10,2023-12-10 11:47:00,987.23,987.72,987.23,987.72,0.05,4.07,4115.93,1
2023-12-10,2023-12-10 11:48:00,987.72,988.21,987.72,988.21,0.05,4.07,4115.93,1
2023-12-10,2023-12-10 11:49:00,988.21,988.69,988.21,988.69,0.05,4.07,4115.93,1
2023-12-10,2023-12-10 11:50:00,988.69,989.18,988.69,989.18,0.05,4.07,4115.93,1
2023-12-10,2023-12-10 11:51:00,989.18,989.66,989.18,989.66,0.05,4.07,4115.93,1
2023-12-10,2023-12-10 11:52:00,989.66,990.15,989.66,990.15,0.05,4.07,4115.93,1
2023-12-10,2023-12-10 11:53:00,990.15,990.63,990.15,990.63,0.05,4.07,4115.93,1
2023-12-10,2023-12-10 11:54:00,990.63,991.12,990.63,991.12,0.05,4.07,4115.93,1
2023-12-10,2023-12-10 11:55:00,991.12,991.61,991.12,991.61,0.05,4.07,4115.93,1
2023-12-10,2023-12-10 11:56:00,991.61,992.09,991.61,992.09,0.05,4.07,4115.93,1
2023-12-10,2023-12-10 11:57:00,992.09,992.58,992.09,992.58,0.05,4.07,4115.93,1
2023-12-10,2023-12-10 11:58:00,992.58,993.06,992.58,993.06,0.05,4.07,4115.93,1
2023-12-10,2023-12-10 11:59:00,993.06,993.55,993.06,993.55,0.05,4.07,4115.93,1
2023-12-10,2023-12-10 12:00:00,993.55,994.04,993.55,994.04,0.05,4.07,4115.93,1
2023-12-10,2023-12-10 12:01:00,994.04,994.52,994.04,994.52,0.05,4.07,4115.93,1
2023-12-10,2023-12-10 12:02:00,994.52,995.01,994.52,995.01,0.05,4.07,4115.93,1
2023-12-10,2023-12-10 12:03:00,995.01,995.49,995.01,995.49,0.05,4.07,4115.93,1
2023-12-10,2023-12-10 12:04:00,995.49,995.98,995.49,995.98,0.05,4.07,4115.93,1
2023-12-10,2023-12-10 12:05:00,995.98,996.47,995.98,996.47,0.05,4.07,4115.93,1
2023-12-10,2023-12-10 12:06:00,996.47,996.95,996.47,996.95,0.05,4.07,4115.93,1
2023-12-10,2023-12-10 12:07:00,996.95,997.44,996.95,997.44,0.05,4.07,4115.93,1
2023-12-10,2023-12-10 12:08:00,997.44,997.92,997.44,997.92,0.05,4.07,4115.93,1
2023-12-10,2023-12-10 12:09:00,997.92,998.41,997.92,998.41,0.05,4.07,4115.93,1
2023-12-10,2023-12-10 12:10:00,998.41,998.89,998.41,998.89,0.05,4.07,4115.93,1
2023-12-10,2023-12-10 12:11:00,998.89,999.38,998.89,999.38,0.05,4.07,4115.93,1
2023-12-10,2023-12-10 12:12:00,999.38,999.87,999.38,999.87,0.05,4.07,4115.93,1
2023-12-10,2023-12-10 12:13:00,999.87,1000.35,999.87,1000.35,0.05,4.07,4115.93,1
2023-12-10,2023-12-10 12:14:00,1000.35,1000.84,1000.35,1000.84,0.05,4.07,4115.93,1
2023-12-10,2023-12-10 12:15:00,1000.84,1001.32,1000.84,1001.32,0.05,4.07,4115.93,1
2023-12-10,2023-12-10 12:16:00,1001.32,1001.81,1001.32,1001.81,0.05,4.07,4115.93,1
2023-12-10,2023-12-10 12:17:00,1001.81,1002.29,1001.81,1002.29,0.05,4.07,4115.93,1
2023-12-10,2023-12-10 12:18:00,1002.29,1002.78,1002.29,1002.78,0.05,4.07,4115.93,1
2023-12-10,2023-12-10 12:19:00,1002.78,1003.27,1002.78,1003.27,0.05,4.07,4115.93,1
2023-12-10,2023-12-10 12:20:00,1003.27,1003.75,1003.27,1003.75,0.05,4.07,4115.93,1
2023-12-10,2023-12-10 12:21:00,1003.75,1004.24,1003.75,1004.24,0.05,4.07,4115.93,1
2023-12-10,2023-12-10 12:22:00,1004.24,1004.72,1004.24,1004.72,0.05,4.07,4115.93,1
2023-12-10,2023-12-10 12:23:00,1004.72,1005.21,1004.72,1005.21,0.05,4.07,4115.93,1
2023-12-10,2023-12-10 12:24:00,1005.21,1005.7,1005.21,1005.7,0.05,4.07,4115.93,1
2023-12-10,2023-12-10 12:25:00,1005.7,1006.18,1005.7,1006.18,0.05,4.07,4115.93,1
2023-12-10,2023-12-10 12:26:00,1006.18,1006.67,1006.18,1006.67,0.05,4.07,4115.93,1
2023-12-10,2023-12-10 12:27:00,1006.67,1007.15,1006.67,1007.15,0.05,4.07,4115.93,1
2023-12-10,2023-12-10 12:28:00,1007.15,1007.64,1007.15,1007.64,0.05,4.07,4115.93,1
2023-12-10,2023-12-10 12:29:00,1007.64,1008.12,1007.64,1008.12,0.05,4.07,4115.93,1
2023-12-10,2023-12-10 12:30:00,1008.12,1008.61,1008.12,1008.61,0.05,4.07,4115.93,1
2023-12-10,2023-12-10 12:31:00,1008.61,1009.1,1008.61,1009.1,0.05,4.07,4115.93,1
2023-12-10,2023-12-10 12:32:00,1009.1,1009.58,1009.1,1009.58,0.05,4.07,4115.93,1
2023-12-10,2023-12-10 12:33:00,1009.58,1010.07,1009.58,1010.07,0.05,4.07,4115.93,1
2023-12-10,2023-12-10 12:34:00,1010.07,1010.55,1010.07,1010.55,0.05,4.07,4115.93,1
2023-12-10,2023-12-10 12:35:00,1010.55,1011.04,1010.55,1011.04,0.05,4.07,4115.93,1
2023-12-10,2023-12-10 12:36:00,1011.04,1011.53,1011.04,1011.53,0.05,4.07,4115.93,1
2023-12-10,2023-12-10 12:37:00,1011.53,1012.01,1011.53,1012.01,0.05,4.07,4115.93,1
2023-12-10,2023-12-10 12:38:00,1012.01,1012.5,1012.01,1012.5,0.05,4.07,4115.93,1
2023-12-10,2023-12-10 12:39:00,1012.5,1012.98,1012.5,1012.98,0.05,4.07,4115.93,1
2023-12-10,2023-12-10 12:40:00,1012.98,1013.47,1012.98,1013.47,0.05,4.07,4115.93,1
2023-12-10,2023-12-10 12:41:00,1013.47,1013.95,1013.47,1013.95,0.05,4.07,4115.93,1
2023-12-10,2023-12-10 12:42:00,1013.95,1014.44,1013.95,1014.44,0.05,4.07,4115.93,1
2023-12-10,2023-12-10 12:43:00,1014.44,1014.93,1014.44,1014.93,0.05,4.07,4115.93,1
2023-12-10,2023-12-10 12:44:00,1014.93,1015.41,1014.93,1015.41,0.05,4.07,4115.93,1
2023-12-10,2023-12-10 12:45:00,1015.41,1015.9,1015.41,1015.9,0.05,4.07,4115.93,1
2023-12-10,2023-12-10 12:46:00,1015.9,1016.38,1015.9,1016.38,0.05,4.07,4115.93,1
2023-12-10,2023-12-10 12:47:00,1016.38,1016.87,1016.38,1016.87,0.05,4.07,4115.93,1
2023-12-10,2023-12-10 12:48:00,1016.87,1017.36,1016.87,1017.36,0.05,4.07,4115.93,1
2023-12-10,2023-12-10 12:49:00,1017.36,1017.84,1017.36,1017.84,0.05,4.07,4115.93,1
2023-12-10,2023-12-10 12:50:00,1017.84,1018.33,1017.84,1018.33,0.05,4.07,4115.93,1
2023-12-10,2023-12-10 12:51:00,1018.33,1018.81,1018.33,1018.81,0.05,4.07,4115.93,1
2023-12-10,2023-12-10 12:52:00,1018.81,1019.3,1018.81,1019.3,0.05,4.07,4115.93,1
2023-12-10,2023-12-10 12:53:00,1019.3,1019.78,1019.3,1019.78,0.05,4.07,4115.93,1
2023-12-10,2023-12-10 12:54:00,1019.78,1020.27,1019.78,1020.27,0.05,4.07,4115.93,1
2023-12-10,2023-12-10 12:55:00,1020.27,1020.76,1020.27,1020.76,0.05,4.07,4115.93,1
2023-12-10,2023-12-10 12:56:00,1020.76,1021.24,1020.76,1021.24,0.05,4.07,4115.93,1
2023-12-10,2023-12-10 12:57:00,1021.24,1021.73,1021.24,1021.73,0.05,4.07,4115.93,1
2023-12-10,2023-12-10 12:58:00,1021.73,1022.21,1021.73,1022.21,0.05,4.07,4115.93,1
2023-12-10,2023-12-10 12:59:00,1022.21,1022.7,1022.21,1022.7,0.05,4.07,4115.93,1
2023-12-10,2023-12-10 13:00:00,1022.7,1081.0,964.4,1023.19,0.05,4.07,4115.93,1
2023-12-10,2023-12-10 13:01:00,1023.19,1023.67,1023.19,1023.67,0.05,4.07,4115.93,1
2023-12-10,2023-12-10 13:02:00,1023.67,1024.16,1023.67,1024.16,0.05,4.07,4115.93,1
2023-12-10,2023-12-10 13:03:00,1024.16,1024.64,1024.16,1024.64,0.05,4.07,4115.93,1
2023-12-10,2023-12-10 13:04:00,1024.64,1025.13,1024.64,1025.13,0.05,4.07,4115.93,1
2023-12-10,2023-12-10 13:05:00,1025.13,1025.62,1025.13,1025.62,0.05,4.07,4115.93,1
2023-12-10,2023-12-10 13:06:00,1025.62,1026.1,1025.62,1026.1,0.05,4.07,4115.93,1
2023-12-10,2023-12-10 13:07:00,1026.1,1026.59,1026.1,1026.59,0.05,4.07,4115.93,1
2023-12-10,2023-12-10 13:08:00,1026.59,1027.07,1026.59,1027.07,0.05,4.07,4115.93,1
2023-12-10,2023-12-10 13:09:00,1027.07,1027.56,1027.07,1027.56,0.05,4.07,4115.93,1
2023-12-10,2023-12-10 13:10:00,1027.56,1028.04,1027.56,1028.04,0.05,4.07,4115.93,1
2023-12-10,2023-12-10 13:11:00,1028.04,1028.53,1028.04,1028.53,0.05,4.07,4115.93,1
2023-12-10,2023-12-10 13:12:00,1028.53,1029.02,1028.53,1029.02,0.05,4.07,4115.93,1
2023-12-10,2023-12-10 13:13:00,1029.02,1029.5,1029.02,1029.5,0.05,4.07,4115.93,1
2023-12-10,2023-12-10 13:14:00,1029.5,1029.99,1029.5,1029.99,0.05,4.07,4115.93,1
2023-12-10,2023-12-10 13:15:00,1029.99,1030.47,1029.99,1030.47,0.05,4.07,4115.93,1
2023-12-10,2023-12-10 13:16:00,1030.47,1030.96,1030.47,1030.96,0.05,4.07,4115.93,1
2023-12-10,2023-12-10 13:17:00,1030.96,1031.44,1030.96,1031.44,0.05,4.07,4115.93,1
2023-12-10,2023-12-10 13:18:00,1031.44,1031.93,1031.44,1031.93,0.05,4.07,4115.93,1
2023-12-10,2023-12-10 13:19:00,1031.93,1032.42,1031.93,1032.42,0.05,4.07,4115.93,1
2023-12-10,2023-12-10 13:20:00,1032.42,1032.9,1032.42,1032.9,0.05,4.07,4115.93,1
2023-12-10,2023-12-10 13:21:00,1032.9,1033.39,1032.9,1033.39,0.05,4.07,4115.93,1
2023-12-10,2023-12-10 13:22:00,1033.39,1033.87,1033.39,1033.87,0.05,4.07,4115.93,1
2023-12-10,2023-12-10 13:23:00,1033.87,1034.36,1033.87,1034.36,0.05,4.07,4115.93,1
2023-12-10,2023-12-10 13:24:00,1034.36,1034.85,1034.36,1034.85,0.05,4.07,4115.93,1
2023-12-10,2023-12-10 13:25:00,1034.85,1035.33,1034.85,1035.33,0.05,4.07,4115.93,1
2023-12-10,2023-12-10 13:26:00,1035.33,1035.82,1035.33,1035.82,0.05,4.07,4115.93,1
2023-12-10,2023-12-10 13:27:00,1035.82,1036.3,1035.82,1036.3,0.05,4.07,4115.93,1
2023-12-10,2023-12-10 13:28:00,1036.3,1036.79,1036.3,1036.79,0.05,4.07,4115.93,1
2023-12-10,2023-12-10 13:29:00,1036.79,1037.28,1036.79,1037.28,0.05,4.07,4115.93,1
2023-12-10,2023-12-10 13:30:00,1037.28,1037.76,1037.28,1037.76,0.05,4.07,4115.93,1
2023-12-10,2023-12-10 13:31:00,1037.76,1038.25,1037.76,1038.25,0.05,4.07,4115.93,1
2023-12-10,2023-12-10 13:32:00,1038.25,1038.73,1038.25,1038.73,0.05,4.07,4115.93,1
2023-12-10,2023-12-10 13:33:00,1038.73,1039.22,1038.73,1039.22,0.05,4.07,4115.93,1
2023-12-10,2023-12-10 13:34:00,1039.22,1039.7,1039.22,1039.7,0.05,4.07,4115.93,1
2023-12-10,2023-12-10 13:35:00,1039.7,1040.19,1039.7,1040.19,0.05,4.07,4115.93,1
2023-12-10,2023-12-10 13:36:00,1040.19,1040.68,1040.19,1040.68,0.05,4.07,4115.93,1
2023-12-10,2023-12-10 13:37:00,1040.68,1041.16,1040.68,1041.16,0.05,4.07,4115.93,1
2023-12-10,2023-12-10 13:38:00,1041.16,1041.65,1041.16,1041.65,0.05,4.07,4115.93,1
2023-12-10,2023-12-10 13:39:00,1041.65,1042.13,1041.65,1042.13,0.05,4.07,4115.93,1
2023-12-10,2023-12-10 13:40:00,1042.13,1042.62,1042.13,1042.62,0.05,4.07,4115.93,1
2023-12-10,2023-12-10 13:41:00,1042.62,1043.11,1042.62,1043.11,0.05,4.07,4115.93,1
2023-12-10,2023-12-10 13:42:00,1043.11,1043.59,1043.11,1043.59,0.05,4.07,4115.93,1
2023-12-10,2023-12-10 13:43:00,1043.59,1044.08,1043.59,1044.08,0.05,4.07,4115.93,1
2023-12-10,2023-12-10 13:44:00,1044.08,1044.56,1044.08,1044.56,0.05,4.07,4115.93,1
2023-12-10,2023-12-10 13:45:00,1044.56,1045.05,1044.56,1045.05,0.05,4.07,4115.93,1
2023-12-10,2023-12-10 13:46:00,1045.05,1045.53,1045.05,1045.53,0.05,4.07,4115.93,1
2023-12-10,2023-12-10 13:47:00,1045.53,1046.02,1045.53,1046.02,0.05,4.07,4115.93,1
2023-12-10,2023-12-10 13:48:00,1046.02,1046.51,1046.02,1046.51,0.05,4.07,4115.93,1
2023-12-10,2023-12-10 13:49:00,1046.51,1046.99,1046.51,1046.99,0.05,4.07,4115.93,1
2023-12-10,2023-12-10 13:50:00,1046.99,1047.48,1046.99,1047.48,0.05,4.07,4115.93,1
2023-12-10,2023-12-10 13:51:00,1047.48,1047.96,1047.48,1047.96,0.05,4.07,4115.93,1
2023-12-10,2023-12-10 13:52:00,1047.96,1048.45,1047.96,1048.45,0.05,4.07,4115.93,1
2023-12-10,2023-12-10 13:53:00,1048.45,1048.93,1048.45,1048.93,0.05,4.07,4115.93,1
2023-12-10,2023-12-10 13:54:00,1048.93,1049.42,1048.93,1049.42,0.05,4.07,4115.93,1
2023-12-10,2023-12-10 13:55:00,1049.42,1049.91,1049.42,1049.91,0.05,4.07,4115.93,1
2023-12-10,2023-12-10 13:56:00,1049.91,1050.39,1049.91,1050.39,0.05,4.07,4115.93,1
2023-12-10,2023-12-10 13:57:00,1050.39,1050.88,1050.39,1050.88,0.05,4.07,4115.93,1
2023-12-10,2023-12-10 13:58:00,1050.88,1051.36,1050.88,1051.36,0.05,4.07,4115.93,1
2023-12-10,2023-12-10 13:59:00,1051.36,1051.85,1051.36,1051.85,0.05,4.07,4115.93,1
2023-12-10,2023-12-10 14:00:00,1051.85,1052.34,1051.85,1052.34,0.05,4.07,4115.93,1
2023-12-10,2023-12-10 14:01:00,1052.34,1052.82,1052.34,1052.82,0.05,4.07,4115.93,1
2023-12-10,2023-12-10 14:02:00,1052.82,1053.31,1052.82,1053.31,0.05,4.07,4115.93,1
2023-12-10,2023-12-10 14:03:00,1053.31,1053.79,1053.31,1053.79,0.05,4.07,4115.93,1
2023-12-10,2023-12-10 14:04:00,1053.79,1054.28,1053.79,1054.28,0.05,4.07,4115.93,1
2023-12-10,2023-12-10 14:05:00,1054.28,1054.77,1054.28,1054.77,0.05,4.07,4115.93,1
2023-12-10,2023-12-10 14:06:00,1054.77,1055.25,1054.77,1055.25,0.05,4.07,4115.93,1
2023-12-10,2023-12-10 14:07:00,1055.25,1055.74,1055.25,1055.74,0.05,4.07,4115.93,1
2023-12-10,2023-12-10 14:08:00,1055.74,1056.22,1055.74,1056.22,0.05,4.07,4115.93,1
2023-12-10,2023-12-10 14:09:00,1056.22,1056.71,1056.22,1056.71,0.05,4.07,4115.93,1
2023-12-10,2023-12-10 14:10:00,1056.71,1057.19,1056.71,1057.19,0.05,4.07,4115.93,1
2023-12-10,2023-12-10 14:11:00,1057.19,1057.68,1057.19,1057.68,0.05,4.07,4115.93,1
2023-12-10,2023-12-10 14:12:00,1057.68,1058.17,1057.68,1058.17,0.05,4.07,4115.93,1
2023-12-10,2023-12-10 14:13:00,1058.17,1058.65,1058.17,1058.65,0.05,4.07,4115.93,1
2023-12-10,2023-12-10 14:14:00,1058.65,1059.14,1058.65,1059.14,0.05,4.07,4115.93,1
2023-12-10,2023-12-10 14:15:00,1059.14,1059.62,1059.14,1059.62,0.05,4.07,4115.93,1
2023-12-10,2023-12-10 14:16:00,1059.62,1060.11,1059.62,1060.11,0.05,4.07,4115.93,1
2023-12-10,2023-12-10 14:17:00,1060.11,1060.6,1060.11,1060.6,0.05,4.07,4115.93,1
2023-12-10,2023-12-10 14:18:00,1060.6,1061.08,1060.6,1061.08,0.05,4.07,4115.93,1
2023-12-10,2023-12-10 14:19:00,1061.08,1061.57,1061.08,1061.57,0.05,4.07,4115.93,1
2023-12-10,2023-12-10 14:20:00,1061.57,1062.05,1061.57,1062.05,0.05,4.07,4115.93,1
2023-12-10,2023-12-10 14:21:00,1062.05,1062.54,1062.05,1062.54,0.05,4.07,4115.93,1
2023-12-10,2023-12-10 14:22:00,1062.54,1063.02,1062.54,1063.02,0.05,4.07,4115.93,1
2023-12-10,2023-12-10 14:23:00,1063.02,1063.51,1063.02,1063.51,0.05,4.07,4115.93,1
2023-12-10,2023-12-10 14:24:00,1063.51,1064.0,1063.51,1064.0,0.05,4.07,4115.93,1
2023-12-10,2023-12-10 14:25:00,1064.0,1064.48,1064.0,1064.48,0.05,4.07,4115.93,1
2023-12-10,2023-12-10 14:26:00,1064.48,1064.97,1064.48,1064.97,0.05,4.07,4115.93,1
2023-12-10,2023-12-10 14:27:00,1064.97,1065.45,1064.97,1065.45,0.05,4.07,4115.93,1
2023-12-10,2023-12-10 14:28:00,1065.45,1065.94,1065.45,1065.94,0.05,4.07,4115.93,1
2023-12-10,2023-12-10 14:29:00,1065.94,1066.42,1065.94,1066.42,0.05,4.07,4115.93,1
2023-12-10,2023-12-10 14:30:00,1066.42,1066.91,1066.42,1066.91,0.05,4.07,4115.93,1
2023-12-10,2023-12-10 14:31:00,1066.91,1067.4,1066.91,1067.4,0.05,4.07,4115.93,1
2023-12-10,2023-12-10 14:32:00,1067.4,1067.88,1067.4,1067.88,0.04,4.07,4115.93,1
2023-12-10,2023-12-10 14:33:00,1067.88,1068.37,1067.88,1068.37,0.05,4.07,4115.93,1
2023-12-10,2023-12-10 14:34:00,1068.37,1068.85,1068.37,1068.85,0.04,4.07,4115.93,1
2023-12-10,2023-12-10 14:35:00,1068.85,1069.34,1068.85,1069.34,0.05,4.07,4115.93,1
2023-12-10,2023-12-10 14:36:00,1069.34,1069.83,1069.34,1069.83,0.05,4.07,4115.93,1
2023-12-10,2023-12-10 14:37:00,1069.83,1070.31,1069.83,1070.31,0.04,4.07,4115.93,1
2023-12-10,2023-12-10 14:38:00,1070.31,1070.8,1070.31,1070.8,0.05,4.07,4115.93,1
2023-12-10,2023-12-10 14:39:00,1070.8,1071.28,1070.8,1071.28,0.04,4.07,4115.93,1
2023-12-10,2023-12-10 14:40:00,1071.28,1071.77,1071.28,1071.77,0.05,4.07,4115.93,1
2023-12-10,2023-12-10 14:41:00,1071.77,1072.26,1071.77,1072.26,0.05,4.07,4115.93,1
2023-12-10,2023-12-10 14:42:00,1072.26,1072.74,1072.26,1072.74,0.04,4.07,4115.93,1
2023-12-10,2023-12-10 14:43:00,1072.74,1073.23,1072.74,1073.23,0.05,4.07,4115.93,1
2023-12-10,2023-12-10 14:44:00,1073.23,1073.71,1073.23,1073.71,0.04,4.07,4115.93,1
2023-12-10,2023-12-10 14:45:00,1073.71,1074.2,1073.71,1074.2,0.05,4.07,4115.93,1
2023-12-10,2023-12-10 14:46:00,1074.2,1074.68,1074.2,1074.68,0.04,4.07,4115.93,1
2023-12-10,2023-12-10 14:47:00,1074.68,1075.17,1074.68,1075.17,0.05,4.07,4115.93,1
2023-12-10,2023-12-10 14:48:00,1075.17,1075.66,1075.17,1075.66,0.05,4.07,4115.93,1
2023-12-10,2023-12-10 14:49:00,1075.66,1076.14,1075.66,1076.14,0.04,4.07,4115.93,1
2023-12-10,2023-12-10 14:50:00,1076.14,1076.63,1076.14,1076.63,0.05,4.07,4115.93,1
2023-12-10,2023-12-10 14:51:00,1076.63,1077.11,1076.63,1077.11,0.04,4.07,4115.93,1
2023-12-10,2023-12-10 14:52:00,1077.11,1077.6,1077.11,1077.6,0.05,4.07,4115.93,1
2023-12-10,2023-12-10 14:53:00,1077.6,1078.09,1077.6,1078.09,0.05,4.07,4115.93,1
2023-12-10,2023-12-10 14:54:00,1078.09,1078.57,1078.09,1078.57,0.04,4.07,4115.93,1
2023-12-10,2023-12-10 14:55:00,1078.57,1079.06,1078.57,1079.06,0.05,4.07,4115.93,1
2023-12-10,2023-12-10 14:56:00,1079.06,1079.54,1079.06,1079.54,0.04,4.07,4115.93,1
2023-12-10,2023-12-10 14:57:00,1079.54,1080.03,1079.54,1080.03,0.05,4.07,4115.93,1
2023-12-10,2023-12-10 14:58:00,1080.03,1080.51,1080.03,1080.51,0.04,4.07,4115.93,1
2023-12-10,2023-12-10 14:59:00,1080.51,1081.0,1080.51,1081.0,0.05,4.07,4115.93,1
2023-12-10,2023-12-10 15:00:00,1081.0,1081.0,964.4,1081.0,0.0,4.07,4115.93,0
2023-12-11,2023-12-11 11:00:00,1059.9,1091.13,1038.93,1060.3,0.04,50.76,51597.75,1
2023-12-11,2023-12-11 11:01:00,1060.3,1060.69,1060.3,1060.69,0.04,50.76,51597.75,1
2023-12-11,2023-12-11 11:02:00,1060.69,1061.09,1060.69,1061.09,0.04,50.76,51597.75,1
2023-12-11,2023-12-11 11:03:00,1061.09,1061.49,1061.09,1061.49,0.04,50.76,51597.75,1
2023-12-11,2023-12-11 11:04:00,1061.49,1061.88,1061.49,1061.88,0.04,50.76,51597.75,1
2023-12-11,2023-12-11 11:05:00,1061.88,1062.28,1061.88,1062.28,0.04,50.76,51597.75,1
2023-12-11,2023-12-11 11:06:00,1062.28,1062.67,1062.28,1062.67,0.04,50.76,51597.75,1
2023-12-11,2023-12-11 11:07:00,1062.67,1063.07,1062.67,1063.07,0.04,50.76,51597.75,1
2023-12-11,2023-12-11 11:08:00,1063.07,1063.47,1063.07,1063.47,0.04,50.76,51597.75,1
2023-12-11,2023-12-11 11:09:00,1063.47,1063.86,1063.47,1063.86,0.04,50.76,51597.75,1
2023-12-11,2023-12-11 11:10:00,1063.86,1064.26,1063.86,1064.26,0.04,50.76,51597.75,1
2023-12-11,2023-12-11 11:11:00,1064.26,1064.66,1064.26,1064.66,0.04,50.76,51597.75,1
2023-12-11,2023-12-11 11:12:00,1064.66,1065.05,1064.66,1065.05,0.04,50.76,51597.75,1
2023-12-11,2023-12-11 11:13:00,1065.05,1065.45,1065.05,1065.45,0.04,50.76,51597.75,1
2023-12-11,2023-12-11 11:14:00,1065.45,1065.84,1065.45,1065.84,0.04,50.76,51597.75,1
2023-12-11,2023-12-11 11:15:00,1065.84,1066.24,1065.84,1066.24,0.04,50.76,51597.75,1
2023-12-11,2023-12-11 11:16:00,1066.24,1066.64,1066.24,1066.64,0.04,50.76,51597.75,1
2023-12-11,2023-12-11 11:17:00,1066.64,1067.03,1066.64,1067.03,0.04,50.76,51597.75,1
2023-12-11,2023-12-11 11:18:00,1067.03,1067.43,1067.03,1067.43,0.04,50.76,51597.75,1
2023-12-11,2023-12-11 11:19:00,1067.43,1067.83,1067.43,1067.83,0.04,50.76,51597.75,1
2023-12-11,2023-12-11 11:20:00,1067.83,1068.22,1067.83,1068.22,0.04,50.76,51597.75,1
2023-12-11,2023-12-11 11:21:00,1068.22,1068.62,1068.22,1068.62,0.04,50.76,51597.75,1
2023-12-11,2023-12-11 11:22:00,1068.62,1069.01,1068.62,1069.01,0.04,50.76,51597.75,1
2023-12-11,2023-12-11 11:23:00,1069.01,1069.41,1069.01,1069.41,0.04,50.76,51597.75,1
2023-12-11,2023-12-11 11:24:00,1069.41,1069.81,1069.41,1069.81,0.04,50.76,51597.75,1
2023-12-11,2023-12-11 11:25:00,1069.81,1070.2,1069.81,1070.2,0.04,50.76,51597.75,1
2023-12-11,2023-12-11 11:26:00,1070.2,1070.6,1070.2,1070.6,0.04,50.76,51597.75,1
2023-12-11,2023-12-11 11:27:00,1070.6,1071.0,1070.6,1071.0,0.04,50.76,51597.75,1
2023-12-11,2023-12-11 11:28:00,1071.0,1071.39,1071.0,1071.39,0.04,50.76,51597.75,1
2023-12-11,2023-12-11 11:29:00,1071.39,1071.79,1071.39,1071.79,0.04,50.76,51597.75,1
2023-12-11,2023-12-11 11:30:00,1071.79,1072.18,1071.79,1072.18,0.04,50.76,51597.75,1
2023-12-11,2023-12-11 11:31:00,1072.18,1072.58,1072.18,1072.58,0.04,50.76,51597.75,1
2023-12-11,2023-12-11 11:32:00,1072.58,1072.98,1072.58,1072.98,0.04,50.76,51597.75,1
2023-12-11,2023-12-11 11:33:00,1072.98,1073.37,1072.98,1073.37,0.04,50.76,51597.75,1
2023-12-11,2023-12-11 11:34:00,1073.37,1073.77,1073.37,1073.77,0.04,50.76,51597.75,1
2023-12-11,2023-12-11 11:35:00,1073.77,1074.16,1073.77,1074.16,0.04,50.76,51597.75,1
2023-12-11,2023-12-11 11:36:00,1074.16,1074.56,1074.16,1074.56,0.04,50.76,51597.75,1
2023-12-11,2023-12-11 11:37:00,1074.56,1074.96,1074.56,1074.96,0.04,50.76,51597.75,1
2023-12-11,2023-12-11 11:38:00,1074.96,1075.35,1074.96,1075.35,0.04,50.76,51597.75,1
2023-12-11,2023-12-11 11:39:00,1075.35,1075.75,1075.35,1075.75,0.04,50.76,51597.75,1
2023-12-11,2023-12-11 11:40:00,1075.75,1076.15,1075.75,1076.15,0.04,50.76,51597.75,1
2023-12-11,2023-12-11 11:41:00,1076.15,1076.54,1076.15,1076.54,0.04,50.76,51597.75,1
2023-12-11,2023-12-11 11:42:00,1076.54,1076.94,1076.54,1076.94,0.04,50.76,51597.75,1
2023-12-11,2023-12-11 11:43:00,1076.94,1077.34,1076.94,1077.34,0.04,50.76,51597.75,1
2023-12-11,2023-12-11 11:44:00,1077.34,1077.73,1077.34,1077.73,0.04,50.76,51597.75,1
2023-12-11,2023-12-11 11:45:00,1077.73,1078.13,1077.73,1078.13,0.04,50.76,51597.75,1
2023-12-11,2023-12-11 11:46:00,1078.13,1078.52,1078.13,1078.52,0.04,50.76,51597.75,1
2023-12-11,2023-12-11 11:47:00,1078.52,1078.92,1078.52,1078.92,0.04,50.76,51597.75,1
2023-12-11,2023-12-11 11:48:00,1078.92,1079.32,1078.92,1079.32,0.04,50.76,51597.75,1
2023-12-11,2023-12-11 11:49:00,1079.32,1079.71,1079.32,1079.71,0.04,50.76,51597.75,1
2023-12-11,2023-12-11 11:50:00,1079.71,1080.11,1079.71,1080.11,0.04,50.76,51597.75,1
2023-12-11,2023-12-11 11:51:00,1080.11,1080.51,1080.11,1080.51,0.04,50.76,51597.75,1
2023-12-11,2023-12-11 11:52:00,1080.51,1080.9,1080.51,1080.9,0.04,50.76,51597.75,1
2023-12-11,2023-12-11 11:53:00,1080.9,1081.3,1080.9,1081.3,0.04,50.76,51597.75,1
2023-12-11,2023-12-11 11:54:00,1081.3,1081.69,1081.3,1081.69,0.04,50.76,51597.75,1
2023-12-11,2023-12-11 11:55:00,1081.69,1082.09,1081.69,1082.09,0.04,50.76,51597.75,1
2023-12-11,2023-12-11 11:56:00,1082.09,1082.49,1082.09,1082.49,0.04,50.76,51597.75,1
2023-12-11,2023-12-11 11:57:00,1082.49,1082.88,1082.49,1082.88,0.04,50.76,51597.75,1
2023-12-11,2023-12-11 11:58:00,1082.88,1083.28,1082.88,1083.28,0.04,50.76,51597.75,1
2023-12-11,2023-12-11 11:59:00,1083.28,1083.68,1083.28,1083.68,0.04,50.76,51597.75,1
2023-12-11,2023-12-11 12:00:00,1083.68,1084.07,1083.68,1084.07,0.04,50.76,51597.75,1
2023-12-11,2023-12-11 12:01:00,1084.07,1084.47,1084.07,1084.47,0.04,50.76,51597.75,1
2023-12-11,2023-12-11 12:02:00,1084.47,1084.86,1084.47,1084.86,0.04,50.76,51597.75,1
2023-12-11,2023-12-11 12:03:00,1084.86,1085.26,1084.86,1085.26,0.04,50.76,51597.75,1
2023-12-11,2023-12-11 12:04:00,1085.26,1085.66,1085.26,1085.66,0.04,50.76,51597.75,1
2023-12-11,2023-12-11 12:05:00,1085.66,1086.05,1085.66,1086.05,0.04,50.76,51597.75,1
2023-12-11,2023-12-11 12:06:00,1086.05,1086.45,1086.05,1086.45,0.04,50.76,51597.75,1
2023-12-11,2023-12-11 12:07:00,1086.45,1086.85,1086.45,1086.85,0.04,50.76,51597.75,1
2023-12-11,2023-12-11 12:08:00,1086.85,1087.24,1086.85,1087.24,0.04,50.76,51597.75,1
2023-12-11,2023-12-11 12:09:00,1087.24,1087.64,1087.24,1087.64,0.04,50.76,51597.75,1
2023-12-11,2023-12-11 12:10:00,1087.64,1088.03,1087.64,1088.03,0.04,50.76,51597.75,1
2023-12-11,2023-12-11 12:11:00,1088.03,1088.43,1088.03,1088.43,0.04,50.76,51597.75,1
2023-12-11,2023-12-11 12:12:00,1088.43,1088.83,1088.43,1088.83,0.04,50.76,51597.75,1
2023-12-11,2023-12-11 12:13:00,1088.83,1089.22,1088.83,1089.22,0.04,50.76,51597.75,1
2023-12-11,2023-12-11 12:14:00,1089.22,1089.62,1089.22,1089.62,0.04,50.76,51597.75,1
2023-12-11,2023-12-11 12:15:00,1089.62,1090.02,1089.62,1090.02,0.04,50.76,51597.75,1
2023-12-11,2023-12-11 12:16:00,1090.02,1090.41,1090.02,1090.41,0.04,50.76,51597.75,1
2023-12-11,2023-12-11 12:17:00,1090.41,1090.81,1090.41,1090.81,0.04,50.76,51597.75,1
2023-12-11,2023-12-11 12:18:00,1090.81,1091.2,1090.81,1091.2,0.04,50.76,51597.75,1
2023-12-11,2023-12-11 12:19:00,1091.2,1091.6,1091.2,1091.6,0.04,50.76,51597.75,1
2023-12-11,2023-12-11 12:20:00,1091.6,1092.0,1091.6,1092.0,0.04,50.76,51597.75,1
2023-12-11,2023-12-11 12:21:00,1092.0,1092.39,1092.0,1092.39,0.04,50.76,51597.75,1
2023-12-11,2023-12-11 12:22:00,1092.39,1092.79,1092.39,1092.79,0.04,50.76,51597.75,1
2023-12-11,2023-12-11 12:23:00,1092.79,1093.18,1092.79,1093.18,0.04,50.76,51597.75,1
2023-12-11,2023-12-11 12:24:00,1093.18,1093.58,1093.18,1093.58,0.04,50.76,51597.75,1
2023-12-11,2023-12-11 12:25:00,1093.58,1093.98,1093.58,1093.98,0.04,50.76,51597.75,1
2023-12-11,2023-12-11 12:26:00,1093.98,1094.37,1093.98,1094.37,0.04,50.76,51597.75,1
2023-12-11,2023-12-11 12:27:00,1094.37,1094.77,1094.37,1094.77,0.04,50.76,51597.75,1
2023-12-11,2023-12-11 12:28:00,1094.77,1095.17,1094.77,1095.17,0.04,50.76,51597.75,1
2023-12-11,2023-12-11 12:29:00,1095.17,1095.56,1095.17,1095.56,0.04,50.76,51597.75,1
2023-12-11,2023-12-11 12:30:00,1095.56,1095.96,1095.56,1095.96,0.04,50.76,51597.75,1
2023-12-11,2023-12-11 12:31:00,1095.96,1096.36,1095.96,1096.36,0.04,50.76,51597.75,1
2023-12-11,2023-12-11 12:32:00,1096.36,1096.75,1096.36,1096.75,0.04,50.76,51597.75,1
2023-12-11,2023-12-11 12:33:00,1096.75,1097.15,1096.75,1097.15,0.04,50.76,51597.75,1
2023-12-11,2023-12-11 12:34:00,1097.15,1097.54,1097.15,1097.54,0.04,50.76,51597.75,1
2023-12-11,2023-12-11 12:35:00,1097.54,1097.94,1097.54,1097.94,0.04,50.76,51597.75,1
2023-12-11,2023-12-11 12:36:00,1097.94,1098.34,1097.94,1098.34,0.04,50.76,51597.75,1
2023-12-11,2023-12-11 12:37:00,1098.34,1098.73,1098.34,1098.73,0.04,50.76,51597.75,1
2023-12-11,2023-12-11 12:38:00,1098.73,1099.13,1098.73,1099.13,0.04,50.76,51597.75,1
2023-12-11,2023-12-11 12:39:00,1099.13,1099.53,1099.13,1099.53,0.04,50.76,51597.75,1
2023-12-11,2023-12-11 12:40:00,1099.53,1099.92,1099.53,1099.92,0.04,50.76,51597.75,1
2023-12-11,2023-12-11 12:41:00,1099.92,1100.32,1099.92,1100.32,0.04,50.76,51597.75,1
2023-12-11,2023-12-11 12:42:00,1100.32,1100.71,1100.32,1100.71,0.04,50.76,51597.75,1
2023-12-11,2023-12-11 12:43:00,1100.71,1101.11,1100.71,1101.11,0.04,50.76,51597.75,1
2023-12-11,2023-12-11 12:44:00,1101.11,1101.51,1101.11,1101.51,0.04,50.76,51597.75,1
2023-12-11,2023-12-11 12:45:00,1101.51,1101.9,1101.51,1101.9,0.04,50.76,51597.75,1
2023-12-11,2023-12-11 12:46:00,1101.9,1102.3,1101.9,1102.3,0.04,50.76,51597.75,1
2023-12-11,2023-12-11 12:47:00,1102.3,1102.7,1102.3,1102.7,0.04,50.76,51597.75,1
2023-12-11,2023-12-11 12:48:00,1102.7,1103.09,1102.7,1103.09,0.04,50.76,51597.75,1
2023-12-11,2023-12-11 12:49:00,1103.09,1103.49,1103.09,1103.49,0.04,50.76,51597.75,1
2023-12-11,2023-12-11 12:50:00,1103.49,1103.88,1103.49,1103.88,0.04,50.76,51597.75,1
2023-12-11,2023-12-11 12:51:00,1103.88,1104.28,1103.88,1104.28,0.04,50.76,51597.75,1
2023-12-11,2023-12-11 12:52:00,1104.28,1104.68,1104.28,1104.68,0.04,50.76,51597.75,1
2023-12-11,2023-12-11 12:53:00,1104.68,1105.07,1104.68,1105.07,0.04,50.76,51597.75,1
2023-12-11,2023-12-11 12:54:00,1105.07,1105.47,1105.07,1105.47,0.04,50.76,51597.75,1
2023-12-11,2023-12-11 12:55:00,1105.47,1105.87,1105.47,1105.87,0.04,50.76,51597.75,1
2023-12-11,2023-12-11 12:56:00,1105.87,1106.26,1105.87,1106.26,0.04,50.76,51597.75,1
2023-12-11,2023-12-11 12:57:00,1106.26,1106.66,1106.26,1106.66,0.04,50.76,51597.75,1
2023-12-11,2023-12-11 12:58:00,1106.66,1107.05,1106.66,1107.05,0.04,50.76,51597.75,1
2023-12-11,2023-12-11 12:59:00,1107.05,1107.45,1107.05,1107.45,0.04,50.76,51597.75,1
2023-12-11,2023-12-11 13:00:00,1107.45,1164.0,990.0,1107.85,0.04,50.76,51597.75,1
2023-12-11,2023-12-11 13:01:00,1107.85,1108.24,1107.85,1108.24,0.04,50.76,51597.75,1
2023-12-11,2023-12-11 13:02:00,1108.24,1108.64,1108.24,1108.64,0.04,50.76,51597.75,1
2023-12-11,2023-12-11 13:03:00,1108.64,1109.04,1108.64,1109.04,0.04,50.76,51597.75,1
2023-12-11,2023-12-11 13:04:00,1109.04,1109.43,1109.04,1109.43,0.04,50.76,51597.75,1
2023-12-11,2023-12-11 13:05:00,1109.43,1109.83,1109.43,1109.83,0.04,50.76,51597.75,1
2023-12-11,2023-12-11 13:06:00,1109.83,1110.22,1109.83,1110.22,0.04,50.76,51597.75,1
2023-12-11,2023-12-11 13:07:00,1110.22,1110.62,1110.22,1110.62,0.04,50.76,51597.75,1
2023-12-11,2023-12-11 13:08:00,1110.62,1111.02,1110.62,1111.02,0.04,50.76,51597.75,1
2023-12-11,2023-12-11 13:09:00,1111.02,1111.41,1111.02,1111.41,0.04,50.76,51597.75,1
2023-12-11,2023-12-11 13:10:00,1111.41,1111.81,1111.41,1111.81,0.04,50.76,51597.75,1
2023-12-11,2023-12-11 13:11:00,1111.81,1112.21,1111.81,1112.21,0.04,50.76,51597.75,1
2023-12-11,2023-12-11 13:12:00,1112.21,1112.6,1112.21,1112.6,0.04,50.76,51597.75,1
2023-12-11,2023-12-11 13:13:00,1112.6,1113.0,1112.6,1113.0,0.04,50.76,51597.75,1
2023-12-11,2023-12-11 13:14:00,1113.0,1113.39,1113.0,1113.39,0.04,50.76,51597.75,1
2023-12-11,2023-12-11 13:15:00,1113.39,1113.79,1113.39,1113.79,0.04,50.76,51597.75,1
2023-12-11,2023-12-11 13:16:00,1113.79,1114.19,1113.79,1114.19,0.04,50.76,51597.75,1
2023-12-11,2023-12-11 13:17:00,1114.19,1114.58,1114.19,1114.58,0.04,50.76,51597.75,1
2023-12-11,2023-12-11 13:18:00,1114.58,1114.98,1114.58,1114.98,0.04,50.76,51597.75,1
2023-12-11,2023-12-11 13:19:00,1114.98,1115.38,1114.98,1115.38,0.04,50.76,51597.75,1
2023-12-11,2023-12-11 13:20:00,1115.38,1115.77,1115.38,1115.77,0.03,50.76,51597.75,1
2023-12-11,2023-12-11 13:21:00,1115.77,1116.17,1115.77,1116.17,0.04,50.76,51597.75,1
2023-12-11,2023-12-11 13:22:00,1116.17,1116.56,1116.17,1116.56,0.03,50.76,51597.75,1
2023-12-11,2023-12-11 13:23:00,1116.56,1116.96,1116.56,1116.96,0.04,50.76,51597.75,1
2023-12-11,2023-12-11 13:24:00,1116.96,1117.36,1116.96,1117.36,0.04,50.76,51597.75,1
2023-12-11,2023-12-11 13:25:00,1117.36,1117.75,1117.36,1117.75,0.03,50.76,51597.75,1
2023-12-11,2023-12-11 13:26:00,1117.75,1118.15,1117.75,1118.15,0.04,50.76,51597.75,1
2023-12-11,2023-12-11 13:27:00,1118.15,1118.55,1118.15,1118.55,0.04,50.76,51597.75,1
2023-12-11,2023-12-11 13:28:00,1118.55,1118.94,1118.55,1118.94,0.03,50.76,51597.75,1
2023-12-11,2023-12-11 13:29:00,1118.94,1119.34,1118.94,1119.34,0.04,50.76,51597.75,1
2023-12-11,2023-12-11 13:30:00,1119.34,1119.73,1119.34,1119.73,0.03,50.76,51597.75,1
2023-12-11,2023-12-11 13:31:00,1119.73,1120.13,1119.73,1120.13,0.04,50.76,51597.75,1
2023-12-11,2023-12-11 13:32:00,1120.13,1120.53,1120.13,1120.53,0.04,50.76,51597.75,1
2023-12-11,2023-12-11 13:33:00,1120.53,1120.92,1120.53,1120.92,0.03,50.76,51597.75,1
2023-12-11,2023-12-11 13:34:00,1120.92,1121.32,1120.92,1121.32,0.04,50.76,51597.75,1
2023-12-11,2023-12-11 13:35:00,1121.32,1121.72,1121.32,1121.72,0.04,50.76,51597.75,1
2023-12-11,2023-12-11 13:36:00,1121.72,1122.11,1121.72,1122.11,0.03,50.76,51597.75,1
2023-12-11,2023-12-11 13:37:00,1122.11,1122.51,1122.11,1122.51,0.04,50.76,51597.75,1
2023-12-11,2023-12-11 13:38:00,1122.51,1122.9,1122.51,1122.9,0.03,50.76,51597.75,1
2023-12-11,2023-12-11 13:39:00,1122.9,1123.3,1122.9,1123.3,0.04,50.76,51597.75,1
2023-12-11,2023-12-11 13:40:00,1123.3,1123.7,1123.3,1123.7,0.04,50.76,51597.75,1
2023-12-11,2023-12-11 13:41:00,1123.7,1124.09,1123.7,1124.09,0.03,50.76,51597.75,1
2023-12-11,2023-12-11 13:42:00,1124.09,1124.49,1124.09,1124.49,0.04,50.76,51597.75,1
2023-12-11,2023-12-11 13:43:00,1124.49,1124.88,1124.49,1124.88,0.03,50.76,51597.75,1
2023-12-11,2023-12-11 13:44:00,1124.88,1125.28,1124.88,1125.28,0.04,50.76,51597.75,1
2023-12-11,2023-12-11 13:45:00,1125.28,1125.68,1125.28,1125.68,0.04,50.76,51597.75,1
2023-12-11,2023-12-11 13:46:00,1125.68,1126.07,1125.68,1126.07,0.03,50.76,51597.75,1
2023-12-11,2023-12-11 13:47:00,1126.07,1126.47,1126.07,1126.47,0.04,50.76,51597.75,1
2023-12-11,2023-12-11 13:48:00,1126.47,1126.87,1126.47,1126.87,0.04,50.76,51597.75,1
2023-12-11,2023-12-11 13:49:00,1126.87,1127.26,1126.87,1127.26,0.03,50.76,51597.75,1
2023-12-11,2023-12-11 13:50:00,1127.26,1127.66,1127.26,1127.66,0.04,50.76,51597.75,1
2023-12-11,2023-12-11 13:51:00,1127.66,1128.06,1127.66,1128.06,0.04,50.76,51597.75,1
2023-12-11,2023-12-11 13:52:00,1128.06,1128.45,1128.06,1128.45,0.03,50.76,51597.75,1
2023-12-11,2023-12-11 13:53:00,1128.45,1128.85,1128.45,1128.85,0.04,50.76,51597.75,1
2023-12-11,2023-12-11 13:54:00,1128.85,1129.24,1128.85,1129.24,0.03,50.76,51597.75,1
2023-12-11,2023-12-11 13:55:00,1129.24,1129.64,1129.24,1129.64,0.04,50.76,51597.75,1
2023-12-11,2023-12-11 13:56:00,1129.64,1130.04,1129.64,1130.04,0.04,50.76,51597.75,1
2023-12-11,2023-12-11 13:57:00,1130.04,1130.43,1130.04,1130.43,0.03,50.76,51597.75,1
2023-12-11,2023-12-11 13:58:00,1130.43,1130.83,1130.43,1130.83,0.04,50.76,51597.75,1
2023-12-11,2023-12-11 13:59:00,1130.83,1131.22,1130.83,1131.22,0.03,50.76,51597.75,1
2023-12-11,2023-12-11 14:00:00,1131.22,1131.62,1131.22,1131.62,0.04,50.76,51597.75,1
2023-12-11,2023-12-11 14:01:00,1131.62,1132.02,1131.62,1132.02,0.04,50.76,51597.75,1
2023-12-11,2023-12-11 14:02:00,1132.02,1132.41,1132.02,1132.41,0.03,50.76,51597.75,1
2023-12-11,2023-12-11 14:03:00,1132.41,1132.81,1132.41,1132.81,0.04,50.76,51597.75,1
2023-12-11,2023-12-11 14:04:00,1132.81,1133.21,1132.81,1133.21,0.04,50.76,51597.75,1
2023-12-11,2023-12-11 14:05:00,1133.21,1133.6,1133.21,1133.6,0.03,50.76,51597.75,1
2023-12-11,2023-12-11 14:06:00,1133.6,1134.0,1133.6,1134.0,0.04,50.76,51597.75,1
2023-12-11,2023-12-11 14:07:00,1134.0,1134.39,1134.0,1134.39,0.03,50.76,51597.75,1
2023-12-11,2023-12-11 14:08:00,1134.39,1134.79,1134.39,1134.79,0.04,50.76,51597.75,1
2023-12-11,2023-12-11 14:09:00,1134.79,1135.19,1134.79,1135.19,0.04,50.76,51597.75,1
2023-12-11,2023-12-11 14:10:00,1135.19,1135.58,1135.19,1135.58,0.03,50.76,51597.75,1
2023-12-11,2023-12-11 14:11:00,1135.58,1135.98,1135.58,1135.98,0.04,50.76,51597.75,1
2023-12-11,2023-12-11 14:12:00,1135.98,1136.38,1135.98,1136.38,0.04,50.76,51597.75,1
2023-12-11,2023-12-11 14:13:00,1136.38,1136.77,1136.38,1136.77,0.03,50.76,51597.75,1
2023-12-11,2023-12-11 14:14:00,1136.77,1137.17,1136.77,1137.17,0.04,50.76,51597.75,1
2023-12-11,2023-12-11 14:15:00,1137.17,1137.57,1137.17,1137.57,0.04,50.76,51597.75,1
2023-12-11,2023-12-11 14:16:00,1137.57,1137.96,1137.57,1137.96,0.03,50.76,51597.75,1
2023-12-11,2023-12-11 14:17:00,1137.96,1138.36,1137.96,1138.36,0.04,50.76,51597.75,1
2023-12-11,2023-12-11 14:18:00,1138.36,1138.75,1138.36,1138.75,0.03,50.76,51597.75,1
2023-12-11,2023-12-11 14:19:00,1138.75,1139.15,1138.75,1139.15,0.04,50.76,51597.75,1
2023-12-11,2023-12-11 14:20:00,1139.15,1139.55,1139.15,1139.55,0.04,50.76,51597.75,1
2023-12-11,2023-12-11 14:21:00,1139.55,1139.94,1139.55,1139.94,0.03,50.76,51597.75,1
2023-12-11,2023-12-11 14:22:00,1139.94,1140.34,1139.94,1140.34,0.04,50.76,51597.75,1
2023-12-11,2023-12-11 14:23:00,1140.34,1140.74,1140.34,1140.74,0.04,50.76,51597.75,1
2023-12-11,2023-12-11 14:24:00,1140.74,1141.13,1140.74,1141.13,0.03,50.76,51597.75,1
2023-12-11,2023-12-11 14:25:00,1141.13,1141.53,1141.13,1141.53,0.04,50.76,51597.75,1
2023-12-11,2023-12-11 14:26:00,1141.53,1141.92,1141.53,1141.92,0.03,50.76,51597.75,1
2023-12-11,2023-12-11 14:27:00,1141.92,1142.32,1141.92,1142.32,0.04,50.76,51597.75,1
2023-12-11,2023-12-11 14:28:00,1142.32,1142.72,1142.32,1142.72,0.04,50.76,51597.75,1
2023-12-11,2023-12-11 14:29:00,1142.72,1143.11,1142.72,1143.11,0.03,50.76,51597.75,1
2023-12-11,2023-12-11 14:30:00,1143.11,1143.51,1143.11,1143.51,0.03,50.76,51597.75,1
2023-12-11,2023-12-11 14:31:00,1143.51,1143.9,1143.51,1143.9,0.03,50.76,51597.75,1
2023-12-11,2023-12-11 14:32:00,1143.9,1144.3,1143.9,1144.3,0.03,50.76,51597.75,1
2023-12-11,2023-12-11 14:33:00,1144.3,1144.7,1144.3,1144.7,0.03,50.76,51597.75,1
2023-12-11,2023-12-11 14:34:00,1144.7,1145.09,1144.7,1145.09,0.03,50.76,51597.75,1
2023-12-11,2023-12-11 14:35:00,1145.09,1145.49,1145.09,1145.49,0.03,50.76,51597.75,1
2023-12-11,2023-12-11 14:36:00,1145.49,1145.89,1145.49,1145.89,0.03,50.76,51597.75,1
2023-12-11,2023-12-11 14:37:00,1145.89,1146.28,1145.89,1146.28,0.03,50.76,51597.75,1
2023-12-11,2023-12-11 14:38:00,1146.28,1146.68,1146.28,1146.68,0.03,50.76,51597.75,1
2023-12-11,2023-12-11 14:39:00,1146.68,1147.08,1146.68,1147.08,0.03,50.76,51597.75,1
2023-12-11,2023-12-11 14:40:00,1147.08,1147.47,1147.08,1147.47,0.03,50.76,51597.75,1
2023-12-11,2023-12-11 14:41:00,1147.47,1147.87,1147.47,1147.87,0.03,50.76,51597.75,1
2023-12-11,2023-12-11 14:42:00,1147.87,1148.26,1147.87,1148.26,0.03,50.76,51597.75,1
2023-12-11,2023-12-11 14:43:00,1148.26,1148.66,1148.26,1148.66,0.03,50.76,51597.75,1
2023-12-11,2023-12-11 14:44:00,1148.66,1149.06,1148.66,1149.06,0.03,50.76,51597.75,1
2023-12-11,2023-12-11 14:45:00,1149.06,1149.45,1149.06,1149.45,0.03,50.76,51597.75,1
2023-12-11,2023-12-11 14:46:00,1149.45,1149.85,1149.45,1149.85,0.03,50.76,51597.75,1
2023-12-11,2023-12-11 14:47:00,1149.85,1150.24,1149.85,1150.24,0.03,50.76,51597.75,1
2023-12-11,2023-12-11 14:48:00,1150.24,1150.64,1150.24,1150.64,0.03,50.76,51597.75,1
2023-12-11,2023-12-11 14:49:00,1150.64,1151.04,1150.64,1151.04,0.03,50.76,51597.75,1
2023-12-11,2023-12-11 14:50:00,1151.04,1151.43,1151.04,1151.43,0.03,50.76,51597.75,1
2023-12-11,2023-12-11 14:51:00,1151.43,1151.83,1151.43,1151.83,0.03,50.76,51597.75,1
2023-12-11,2023-12-11 14:52:00,1151.83,1152.23,1151.83,1152.23,0.03,50.76,51597.75,1
2023-12-11,2023-12-11 14:53:00,1152.23,1152.62,1152.23,1152.62,0.03,50.76,51597.75,1
2023-12-11,2023-12-11 14:54:00,1152.62,1153.02,1152.62,1153.02,0.03,50.76,51597.75,1
2023-12-11,2023-12-11 14:55:00,1153.02,1153.41,1153.02,1153.41,0.03,50.76,51597.75,1
2023-12-11,2023-12-11 14:56:00,1153.41,1153.81,1153.41,1153.81,0.03,50.76,51597.75,1
2023-12-11,2023-12-11 14:57:00,1153.81,1154.21,1153.81,1154.21,0.03,50.76,51597.75,1
2023-12-11,2023-12-11 14:58:00,1154.21,1154.6,1154.21,1154.6,0.03,50.76,51597.75,1
2023-12-11,2023-12-11 14:59:00,1154.6,1155.0,1154.6,1155.0,0.03,50.76,51597.75,1
2023-12-11,2023-12-11 15:00:00,1155.0,1164.0,990.0,1155.0,0.0,50.76,51597.75,0
2023-12-12,2023-12-12 11:00:00,1132.0,1132.0,1104.64,1131.85,-0.01,24.74,26522.33,-1
2023-12-12,2023-12-12 11:01:00,1131.85,1131.85,1131.7,1131.7,-0.01,24.74,26522.33,-1
2023-12-12,2023-12-12 11:02:00,1131.7,1131.7,1131.55,1131.55,-0.01,24.74,26522.33,-1
2023-12-12,2023-12-12 11:03:00,1131.55,1131.55,1131.4,1131.4,-0.01,24.74,26522.33,-1
2023-12-12,2023-12-12 11:04:00,1131.4,1131.4,1131.25,1131.25,-0.01,24.74,26522.33,-1
2023-12-12,2023-12-12 11:05:00,1131.25,1131.25,1131.1,1131.1,-0.01,24.74,26522.33,-1
2023-12-12,2023-12-12 11:06:00,1131.1,1131.1,1130.95,1130.95,-0.01,24.74,26522.33,-1
2023-12-12,2023-12-12 11:07:00,1130.95,1130.95,1130.8,1130.8,-0.01,24.74,26522.33,-1
2023-12-12,2023-12-12 11:08:00,1130.8,1130.8,1130.65,1130.65,-0.01,24.74,26522.33,-1
2023-12-12,2023-12-12 11:09:00,1130.65,1130.65,1130.5,1130.5,-0.01,24.74,26522.33,-1
2023-12-12,2023-12-12 11:10:00,1130.5,1130.5,1130.35,1130.35,-0.01,24.74,26522.33,-1
2023-12-12,2023-12-12 11:11:00,1130.35,1130.35,1130.2,1130.2,-0.01,24.74,26522.33,-1
2023-12-12,2023-12-12 11:12:00,1130.2,1130.2,1130.05,1130.05,-0.01,24.74,26522.33,-1
2023-12-12,2023-12-12 11:13:00,1130.05,1130.05,1129.9,1129.9,-0.01,24.74,26522.33,-1
2023-12-12,2023-12-12 11:14:00,1129.9,1129.9,1129.75,1129.75,-0.01,24.74,26522.33,-1
2023-12-12,2023-12-12 11:15:00,1129.75,1129.75,1129.6,1129.6,-0.01,24.74,26522.33,-1
2023-12-12,2023-12-12 11:16:00,1129.6,1129.6,1129.45,1129.45,-0.01,24.74,26522.33,-1
2023-12-12,2023-12-12 11:17:00,1129.45,1129.45,1129.3,1129.3,-0.01,24.74,26522.33,-1
2023-12-12,2023-12-12 11:18:00,1129.3,1129.3,1129.15,1129.15,-0.01,24.74,26522.33,-1
2023-12-12,2023-12-12 11:19:00,1129.15,1129.15,1129.0,1129.0,-0.01,24.74,26522.33,-1
2023-12-12,2023-12-12 11:20:00,1129.0,1129.0,1128.85,1128.85,-0.01,24.74,26522.33,-1
2023-12-12,2023-12-12 11:21:00,1128.85,1128.85,1128.7,1128.7,-0.01,24.74,26522.33,-1
2023-12-12,2023-12-12 11:22:00,1128.7,1128.7,1128.55,1128.55,-0.01,24.74,26522.33,-1
2023-12-12,2023-12-12 11:23:00,1128.55,1128.55,1128.4,1128.4,-0.01,24.74,26522.33,-1
2023-12-12,2023-12-12 11:24:00,1128.4,1128.4,1128.25,1128.25,-0.01,24.74,26522.33,-1
2023-12-12,2023-12-12 11:25:00,1128.25,1128.25,1128.1,1128.1,-0.01,24.74,26522.33,-1
2023-12-12,2023-12-12 11:26:00,1128.1,1128.1,1127.95,1127.95,-0.01,24.74,26522.33,-1
2023-12-12,2023-12-12 11:27:00,1127.95,1127.95,1127.8,1127.8,-0.01,24.74,26522.33,-1
2023-12-12,2023-12-12 11:28:00,1127.8,1127.8,1127.65,1127.65,-0.01,24.74,26522.33,-1
2023-12-12,2023-12-12 11:29:00,1127.65,1127.65,1127.5,1127.5,-0.01,24.74,26522.33,-1
2023-12-12,2023-12-12 11:30:00,1127.5,1127.5,1127.35,1127.35,-0.01,24.74,26522.33,-1
2023-12-12,2023-12-12 11:31:00,1127.35,1127.35,1127.2,1127.2,-0.01,24.74,26522.33,-1
2023-12-12,2023-12-12 11:32:00,1127.2,1127.2,1127.05,1127.05,-0.01,24.74,26522.33,-1
2023-12-12,2023-12-12 11:33:00,1127.05,1127.05,1126.9,1126.9,-0.01,24.74,26522.33,-1
2023-12-12,2023-12-12 11:34:00,1126.9,1126.9,1126.75,1126.75,-0.01,24.74,26522.33,-1
2023-12-12,2023-12-12 11:35:00,1126.75,1126.75,1126.6,1126.6,-0.01,24.74,26522.33,-1
2023-12-12,2023-12-12 11:36:00,1126.6,1126.6,1126.45,1126.45,-0.01,24.74,26522.33,-1
2023-12-12,2023-12-12 11:37:00,1126.45,1126.45,1126.3,1126.3,-0.01,24.74,26522.33,-1
2023-12-12,2023-12-12 11:38:00,1126.3,1126.3,1126.15,1126.15,-0.01,24.74,26522.33,-1
2023-12-12,2023-12-12 11:39:00,1126.15,1126.15,1126.0,1126.0,-0.01,24.74,26522.33,-1
2023-12-12,2023-12-12 11:40:00,1126.0,1126.0,1125.85,1125.85,-0.01,24.74,26522.33,-1
2023-12-12,2023-12-12 11:41:00,1125.85,1125.85,1125.7,1125.7,-0.01,24.74,26522.33,-1
2023-12-12,2023-12-12 11:42:00,1125.7,1125.7,1125.55,1125.55,-0.01,24.74,26522.33,-1
2023-12-12,2023-12-12 11:43:00,1125.55,1125.55,1125.4,1125.4,-0.01,24.74,26522.33,-1
2023-12-12,2023-12-12 11:44:00,1125.4,1125.4,1125.25,1125.25,-0.01,24.74,26522.33,-1
2023-12-12,2023-12-12 11:45:00,1125.25,1125.25,1125.1,1125.1,-0.01,24.74,26522.33,-1
2023-12-12,2023-12-12 11:46:00,1125.1,1125.1,1124.95,1124.95,-0.01,24.74,26522.33,-1
2023-12-12,2023-12-12 11:47:00,1124.95,1124.95,1124.8,1124.8,-0.01,24.74,26522.33,-1
2023-12-12,2023-12-12 11:48:00,1124.8,1124.8,1124.65,1124.65,-0.01,24.74,26522.33,-1
2023-12-12,2023-12-12 11:49:00,1124.65,1124.65,1124.5,1124.5,-0.01,24.74,26522.33,-1
2023-12-12,2023-12-12 11:50:00,1124.5,1124.5,1124.35,1124.35,-0.01,24.74,26522.33,-1
2023-12-12,2023-12-12 11:51:00,1124.35,1124.35,1124.2,1124.2,-0.01,24.74,26522.33,-1
2023-12-12,2023-12-12 11:52:00,1124.2,1124.2,1124.05,1124.05,-0.01,24.74,26522.33,-1
2023-12-12,2023-12-12 11:53:00,1124.05,1124.05,1123.9,1123.9,-0.01,24.74,26522.33,-1
2023-12-12,2023-12-12 11:54:00,1123.9,1123.9,1123.75,1123.75,-0.01,24.74,26522.33,-1
2023-12-12,2023-12-12 11:55:00,1123.75,1123.75,1123.6,1123.6,-0.01,24.74,26522.33,-1
2023-12-12,2023-12-12 11:56:00,1123.6,1123.6,1123.45,1123.45,-0.01,24.74,26522.33,-1
2023-12-12,2023-12-12 11:57:00,1123.45,1123.45,1123.3,1123.3,-0.01,24.74,26522.33,-1
2023-12-12,2023-12-12 11:58:00,1123.3,1123.3,1123.15,1123.15,-0.01,24.74,26522.33,-1
2023-12-12,2023-12-12 11:59:00,1123.15,1123.15,1123.0,1123.0,-0.01,24.74,26522.33,-1
2023-12-12,2023-12-12 12:00:00,1123.0,1123.0,1122.85,1122.85,-0.01,24.74,26522.33,-1
2023-12-12,2023-12-12 12:01:00,1122.85,1122.85,1122.7,1122.7,-0.01,24.74,26522.33,-1
2023-12-12,2023-12-12 12:02:00,1122.7,1122.7,1122.55,1122.55,-0.01,24.74,26522.33,-1
2023-12-12,2023-12-12 12:03:00,1122.55,1122.55,1122.4,1122.4,-0.01,24.74,26522.33,-1
2023-12-12,2023-12-12 12:04:00,1122.4,1122.4,1122.25,1122.25,-0.01,24.74,26522.33,-1
2023-12-12,2023-12-12 12:05:00,1122.25,1122.25,1122.1,1122.1,-0.01,24.74,26522.33,-1
2023-12-12,2023-12-12 12:06:00,1122.1,1122.1,1121.95,1121.95,-0.01,24.74,26522.33,-1
2023-12-12,2023-12-12 12:07:00,1121.95,1121.95,1121.8,1121.8,-0.01,24.74,26522.33,-1
2023-12-12,2023-12-12 12:08:00,1121.8,1121.8,1121.65,1121.65,-0.01,24.74,26522.33,-1
2023-12-12,2023-12-12 12:09:00,1121.65,1121.65,1121.5,1121.5,-0.01,24.74,26522.33,-1
2023-12-12,2023-12-12 12:10:00,1121.5,1121.5,1121.35,1121.35,-0.01,24.74,26522.33,-1
2023-12-12,2023-12-12 12:11:00,1121.35,1121.35,1121.2,1121.2,-0.01,24.74,26522.33,-1
2023-12-12,2023-12-12 12:12:00,1121.2,1121.2,1121.05,1121.05,-0.01,24.74,26522.33,-1
2023-12-12,2023-12-12 12:13:00,1121.05,1121.05,1120.9,1120.9,-0.01,24.74,26522.33,-1
2023-12-12,2023-12-12 12:14:00,1120.9,1120.9,1120.75,1120.75,-0.01,24.74,26522.33,-1
2023-12-12,2023-12-12 12:15:00,1120.75,1120.75,1120.6,1120.6,-0.01,24.74,26522.33,-1
2023-12-12,2023-12-12 12:16:00,1120.6,1120.6,1120.45,1120.45,-0.01,24.74,26522.33,-1
2023-12-12,2023-12-12 12:17:00,1120.45,1120.45,1120.3,1120.3,-0.01,24.74,26522.33,-1
2023-12-12,2023-12-12 12:18:00,1120.3,1120.3,1120.15,1120.15,-0.01,24.74,26522.33,-1
2023-12-12,2023-12-12 12:19:00,1120.15,1120.15,1120.0,1120.0,-0.01,24.74,26522.33,-1
2023-12-12,2023-12-12 12:20:00,1120.0,1120.0,1119.85,1119.85,-0.01,24.74,26522.33,-1
2023-12-12,2023-12-12 12:21:00,1119.85,1119.85,1119.7,1119.7,-0.01,24.74,26522.33,-1
2023-12-12,2023-12-12 12:22:00,1119.7,1119.7,1119.55,1119.55,-0.01,24.74,26522.33,-1
2023-12-12,2023-12-12 12:23:00,1119.55,1119.55,1119.4,1119.4,-0.01,24.74,26522.33,-1
2023-12-12,2023-12-12 12:24:00,1119.4,1119.4,1119.25,1119.25,-0.01,24.74,26522.33,-1
2023-12-12,2023-12-12 12:25:00,1119.25,1119.25,1119.1,1119.1,-0.01,24.74,26522.33,-1
2023-12-12,2023-12-12 12:26:00,1119.1,1119.1,1118.95,1118.95,-0.01,24.74,26522.33,-1
2023-12-12,2023-12-12 12:27:00,1118.95,1118.95,1118.8,1118.8,-0.01,24.74,26522.33,-1
2023-12-12,2023-12-12 12:28:00,1118.8,1118.8,1118.65,1118.65,-0.01,24.74,26522.33,-1
2023-12-12,2023-12-12 12:29:00,1118.65,1118.65,1118.5,1118.5,-0.01,24.74,26522.33,-1
2023-12-12,2023-12-12 12:30:00,1118.5,1118.5,1118.35,1118.35,-0.01,24.74,26522.33,-1
2023-12-12,2023-12-12 12:31:00,1118.35,1118.35,1118.2,1118.2,-0.01,24.74,26522.33,-1
2023-12-12,2023-12-12 12:32:00,1118.2,1118.2,1118.05,1118.05,-0.01,24.74,26522.33,-1
2023-12-12,2023-12-12 12:33:00,1118.05,1118.05,1117.9,1117.9,-0.01,24.74,26522.33,-1
2023-12-12,2023-12-12 12:34:00,1117.9,1117.9,1117.75,1117.75,-0.01,24.74,26522.33,-1
2023-12-12,2023-12-12 12:35:00,1117.75,1117.75,1117.6,1117.6,-0.01,24.74,26522.33,-1
2023-12-12,2023-12-12 12:36:00,1117.6,1117.6,1117.45,1117.45,-0.01,24.74,26522.33,-1
2023-12-12,2023-12-12 12:37:00,1117.45,1117.45,1117.3,1117.3,-0.01,24.74,26522.33,-1
2023-12-12,2023-12-12 12:38:00,1117.3,1117.3,1117.15,1117.15,-0.01,24.74,26522.33,-1
2023-12-12,2023-12-12 12:39:00,1117.15,1117.15,1117.0,1117.0,-0.01,24.74,26522.33,-1
2023-12-12,2023-12-12 12:40:00,1117.0,1117.0,1116.85,1116.85,-0.01,24.74,26522.33,-1
2023-12-12,2023-12-12 12:41:00,1116.85,1116.85,1116.7,1116.7,-0.01,24.74,26522.33,-1
2023-12-12,2023-12-12 12:42:00,1116.7,1116.7,1116.55,1116.55,-0.01,24.74,26522.33,-1
2023-12-12,2023-12-12 12:43:00,1116.55,1116.55,1116.4,1116.4,-0.01,24.74,26522.33,-1
2023-12-12,2023-12-12 12:44:00,1116.4,1116.4,1116.25,1116.25,-0.01,24.74,26522.33,-1
2023-12-12,2023-12-12 12:45:00,1116.25,1116.25,1116.1,1116.1,-0.01,24.74,26522.33,-1
2023-12-12,2023-12-12 12:46:00,1116.1,1116.1,1115.95,1115.95,-0.01,24.74,26522.33,-1
2023-12-12,2023-12-12 12:47:00,1115.95,1115.95,1115.8,1115.8,-0.01,24.74,26522.33,-1
2023-12-12,2023-12-12 12:48:00,1115.8,1115.8,1115.65,1115.65,-0.01,24.74,26522.33,-1
2023-12-12,2023-12-12 12:49:00,1115.65,1115.65,1115.5,1115.5,-0.01,24.74,26522.33,-1
2023-12-12,2023-12-12 12:50:00,1115.5,1115.5,1115.35,1115.35,-0.01,24.74,26522.33,-1
2023-12-12,2023-12-12 12:51:00,1115.35,1115.35,1115.2,1115.2,-0.01,24.74,26522.33,-1
2023-12-12,2023-12-12 12:52:00,1115.2,1115.2,1115.05,1115.05,-0.01,24.74,26522.33,-1
2023-12-12,2023-12-12 12:53:00,1115.05,1115.05,1114.9,1114.9,-0.01,24.74,26522.33,-1
2023-12-12,2023-12-12 12:54:00,1114.9,1114.9,1114.75,1114.75,-0.01,24.74,26522.33,-1
2023-12-12,2023-12-12 12:55:00,1114.75,1114.75,1114.6,1114.6,-0.01,24.74,26522.33,-1
2023-12-12,2023-12-12 12:56:00,1114.6,1114.6,1114.45,1114.45,-0.01,24.74,26522.33,-1
2023-12-12,2023-12-12 12:57:00,1114.45,1114.45,1114.3,1114.3,-0.01,24.74,26522.33,-1
2023-12-12,2023-12-12 12:58:00,1114.3,1114.3,1114.15,1114.15,-0.01,24.74,26522.33,-1
2023-12-12,2023-12-12 12:59:00,1114.15,1114.15,1114.0,1114.0,-0.01,24.74,26522.33,-1
2023-12-12,2023-12-12 13:00:00,1114.0,1132.0,1040.8,1113.85,-0.01,24.74,26522.33,-1
2023-12-12,2023-12-12 13:01:00,1113.85,1113.85,1113.7,1113.7,-0.01,24.74,26522.33,-1
2023-12-12,2023-12-12 13:02:00,1113.7,1113.7,1113.55,1113.55,-0.01,24.74,26522.33,-1
2023-12-12,2023-12-12 13:03:00,1113.55,1113.55,1113.4,1113.4,-0.01,24.74,26522.33,-1
2023-12-12,2023-12-12 13:04:00,1113.4,1113.4,1113.25,1113.25,-0.01,24.74,26522.33,-1
2023-12-12,2023-12-12 13:05:00,1113.25,1113.25,1113.1,1113.1,-0.01,24.74,26522.33,-1
2023-12-12,2023-12-12 13:06:00,1113.1,1113.1,1112.95,1112.95,-0.01,24.74,26522.33,-1
2023-12-12,2023-12-12 13:07:00,1112.95,1112.95,1112.8,1112.8,-0.01,24.74,26522.33,-1
2023-12-12,2023-12-12 13:08:00,1112.8,1112.8,1112.65,1112.65,-0.01,24.74,26522.33,-1
2023-12-12,2023-12-12 13:09:00,1112.65,1112.65,1112.5,1112.5,-0.01,24.74,26522.33,-1
2023-12-12,2023-12-12 13:10:00,1112.5,1112.5,1112.35,1112.35,-0.01,24.74,26522.33,-1
2023-12-12,2023-12-12 13:11:00,1112.35,1112.35,1112.2,1112.2,-0.01,24.74,26522.33,-1
2023-12-12,2023-12-12 13:12:00,1112.2,1112.2,1112.05,1112.05,-0.01,24.74,26522.33,-1
2023-12-12,2023-12-12 13:13:00,1112.05,1112.05,1111.9,1111.9,-0.01,24.74,26522.33,-1
2023-12-12,2023-12-12 13:14:00,1111.9,1111.9,1111.75,1111.75,-0.01,24.74,26522.33,-1
2023-12-12,2023-12-12 13:15:00,1111.75,1111.75,1111.6,1111.6,-0.01,24.74,26522.33,-1
2023-12-12,2023-12-12 13:16:00,1111.6,1111.6,1111.45,1111.45,-0.01,24.74,26522.33,-1
2023-12-12,2023-12-12 13:17:00,1111.45,1111.45,1111.3,1111.3,-0.01,24.74,26522.33,-1
2023-12-12,2023-12-12 13:18:00,1111.3,1111.3,1111.15,1111.15,-0.01,24.74,26522.33,-1
2023-12-12,2023-12-12 13:19:00,1111.15,1111.15,1111.0,1111.0,-0.01,24.74,26522.33,-1
2023-12-12,2023-12-12 13:20:00,1111.0,1111.0,1110.85,1110.85,-0.01,24.74,26522.33,-1
2023-12-12,2023-12-12 13:21:00,1110.85,1110.85,1110.7,1110.7,-0.01,24.74,26522.33,-1
2023-12-12,2023-12-12 13:22:00,1110.7,1110.7,1110.55,1110.55,-0.01,24.74,26522.33,-1
2023-12-12,2023-12-12 13:23:00,1110.55,1110.55,1110.4,1110.4,-0.01,24.74,26522.33,-1
2023-12-12,2023-12-12 13:24:00,1110.4,1110.4,1110.25,1110.25,-0.01,24.74,26522.33,-1
2023-12-12,2023-12-12 13:25:00,1110.25,1110.25,1110.1,1110.1,-0.01,24.74,26522.33,-1
2023-12-12,2023-12-12 13:26:00,1110.1,1110.1,1109.95,1109.95,-0.01,24.74,26522.33,-1
2023-12-12,2023-12-12 13:27:00,1109.95,1109.95,1109.8,1109.8,-0.01,24.74,26522.33,-1
2023-12-12,2023-12-12 13:28:00,1109.8,1109.8,1109.65,1109.65,-0.01,24.74,26522.33,-1
2023-12-12,2023-12-12 13:29:00,1109.65,1109.65,1109.5,1109.5,-0.01,24.74,26522.33,-1
2023-12-12,2023-12-12 13:30:00,1109.5,1109.5,1109.35,1109.35,-0.01,24.74,26522.33,-1
2023-12-12,2023-12-12 13:31:00,1109.35,1109.35,1109.2,1109.2,-0.01,24.74,26522.33,-1
2023-12-12,2023-12-12 13:32:00,1109.2,1109.2,1109.05,1109.05,-0.01,24.74,26522.33,-1
2023-12-12,2023-12-12 13:33:00,1109.05,1109.05,1108.9,1108.9,-0.01,24.74,26522.33,-1
2023-12-12,2023-12-12 13:34:00,1108.9,1108.9,1108.75,1108.75,-0.01,24.74,26522.33,-1
2023-12-12,2023-12-12 13:35:00,1108.75,1108.75,1108.6,1108.6,-0.01,24.74,26522.33,-1
2023-12-12,2023-12-12 13:36:00,1108.6,1108.6,1108.45,1108.45,-0.01,24.74,26522.33,-1
2023-12-12,2023-12-12 13:37:00,1108.45,1108.45,1108.3,1108.3,-0.01,24.74,26522.33,-1
2023-12-12,2023-12-12 13:38:00,1108.3,1108.3,1108.15,1108.15,-0.01,24.74,26522.33,-1
2023-12-12,2023-12-12 13:39:00,1108.15,1108.15,1108.0,1108.0,-0.01,24.74,26522.33,-1
2023-12-12,2023-12-12 13:40:00,1108.0,1108.0,1107.85,1107.85,-0.01,24.74,26522.33,-1
2023-12-12,2023-12-12 13:41:00,1107.85,1107.85,1107.7,1107.7,-0.01,24.74,26522.33,-1
2023-12-12,2023-12-12 13:42:00,1107.7,1107.7,1107.55,1107.55,-0.01,24.74,26522.33,-1
2023-12-12,2023-12-12 13:43:00,1107.55,1107.55,1107.4,1107.4,-0.01,24.74,26522.33,-1
2023-12-12,2023-12-12 13:44:00,1107.4,1107.4,1107.25,1107.25,-0.01,24.74,26522.33,-1
2023-12-12,2023-12-12 13:45:00,1107.25,1107.25,1107.1,1107.1,-0.01,24.74,26522.33,-1
2023-12-12,2023-12-12 13:46:00,1107.1,1107.1,1106.95,1106.95,-0.01,24.74,26522.33,-1
2023-12-12,2023-12-12 13:47:00,1106.95,1106.95,1106.8,1106.8,-0.01,24.74,26522.33,-1
2023-12-12,2023-12-12 13:48:00,1106.8,1106.8,1106.65,1106.65,-0.01,24.74,26522.33,-1
2023-12-12,2023-12-12 13:49:00,1106.65,1106.65,1106.5,1106.5,-0.01,24.74,26522.33,-1
2023-12-12,2023-12-12 13:50:00,1106.5,1106.5,1106.35,1106.35,-0.01,24.74,26522.33,-1
2023-12-12,2023-12-12 13:51:00,1106.35,1106.35,1106.2,1106.2,-0.01,24.74,26522.33,-1
2023-12-12,2023-12-12 13:52:00,1106.2,1106.2,1106.05,1106.05,-0.01,24.74,26522.33,-1
2023-12-12,2023-12-12 13:53:00,1106.05,1106.05,1105.9,1105.9,-0.01,24.74,26522.33,-1
2023-12-12,2023-12-12 13:54:00,1105.9,1105.9,1105.75,1105.75,-0.01,24.74,26522.33,-1
2023-12-12,2023-12-12 13:55:00,1105.75,1105.75,1105.6,1105.6,-0.01,24.74,26522.33,-1
2023-12-12,2023-12-12 13:56:00,1105.6,1105.6,1105.45,1105.45,-0.01,24.74,26522.33,-1
2023-12-12,2023-12-12 13:57:00,1105.45,1105.45,1105.3,1105.3,-0.01,24.74,26522.33,-1
2023-12-12,2023-12-12 13:58:00,1105.3,1105.3,1105.15,1105.15,-0.01,24.74,26522.33,-1
2023-12-12,2023-12-12 13:59:00,1105.15,1105.15,1105.0,1105.0,-0.01,24.74,26522.33,-1
2023-12-12,2023-12-12 14:00:00,1105.0,1105.0,1104.85,1104.85,-0.01,24.74,26522.33,-1
2023-12-12,2023-12-12 14:01:00,1104.85,1104.85,1104.7,1104.7,-0.01,24.74,26522.33,-1
2023-12-12,2023-12-12 14:02:00,1104.7,1104.7,1104.55,1104.55,-0.01,24.74,26522.33,-1
2023-12-12,2023-12-12 14:03:00,1104.55,1104.55,1104.4,1104.4,-0.01,24.74,26522.33,-1
2023-12-12,2023-12-12 14:04:00,1104.4,1104.4,1104.25,1104.25,-0.01,24.74,26522.33,-1
2023-12-12,2023-12-12 14:05:00,1104.25,1104.25,1104.1,1104.1,-0.01,24.74,26522.33,-1
2023-12-12,2023-12-12 14:06:00,1104.1,1104.1,1103.95,1103.95,-0.01,24.74,26522.33,-1
2023-12-12,2023-12-12 14:07:00,1103.95,1103.95,1103.8,1103.8,-0.01,24.74,26522.33,-1
2023-12-12,2023-12-12 14:08:00,1103.8,1103.8,1103.65,1103.65,-0.01,24.74,26522.33,-1
2023-12-12,2023-12-12 14:09:00,1103.65,1103.65,1103.5,1103.5,-0.01,24.74,26522.33,-1
2023-12-12,2023-12-12 14:10:00,1103.5,1103.5,1103.35,1103.35,-0.01,24.74,26522.33,-1
2023-12-12,2023-12-12 14:11:00,1103.35,1103.35,1103.2,1103.2,-0.01,24.74,26522.33,-1
2023-12-12,2023-12-12 14:12:00,1103.2,1103.2,1103.05,1103.05,-0.01,24.74,26522.33,-1
2023-12-12,2023-12-12 14:13:00,1103.05,1103.05,1102.9,1102.9,-0.01,24.74,26522.33,-1
2023-12-12,2023-12-12 14:14:00,1102.9,1102.9,1102.75,1102.75,-0.01,24.74,26522.33,-1
2023-12-12,2023-12-12 14:15:00,1102.75,1102.75,1102.6,1102.6,-0.01,24.74,26522.33,-1
2023-12-12,2023-12-12 14:16:00,1102.6,1102.6,1102.45,1102.45,-0.01,24.74,26522.33,-1
2023-12-12,2023-12-12 14:17:00,1102.45,1102.45,1102.3,1102.3,-0.01,24.74,26522.33,-1
2023-12-12,2023-12-12 14:18:00,1102.3,1102.3,1102.15,1102.15,-0.01,24.74,26522.33,-1
2023-12-12,2023-12-12 14:19:00,1102.15,1102.15,1102.0,1102.0,-0.01,24.74,26522.33,-1
2023-12-12,2023-12-12 14:20:00,1102.0,1102.0,1101.85,1101.85,-0.01,24.74,26522.33,-1
2023-12-12,2023-12-12 14:21:00,1101.85,1101.85,1101.7,1101.7,-0.01,24.74,26522.33,-1
2023-12-12,2023-12-12 14:22:00,1101.7,1101.7,1101.55,1101.55,-0.01,24.74,26522.33,-1
2023-12-12,2023-12-12 14:23:00,1101.55,1101.55,1101.4,1101.4,-0.01,24.74,26522.33,-1
2023-12-12,2023-12-12 14:24:00,1101.4,1101.4,1101.25,1101.25,-0.01,24.74,26522.33,-1
2023-12-12,2023-12-12 14:25:00,1101.25,1101.25,1101.1,1101.1,-0.01,24.74,26522.33,-1
2023-12-12,2023-12-12 14:26:00,1101.1,1101.1,1100.95,1100.95,-0.01,24.74,26522.33,-1
2023-12-12,2023-12-12 14:27:00,1100.95,1100.95,1100.8,1100.8,-0.01,24.74,26522.33,-1
2023-12-12,2023-12-12 14:28:00,1100.8,1100.8,1100.65,1100.65,-0.01,24.74,26522.33,-1
2023-12-12,2023-12-12 14:29:00,1100.65,1100.65,1100.5,1100.5,-0.01,24.74,26522.33,-1
2023-12-12,2023-12-12 14:30:00,1100.5,1100.5,1100.35,1100.35,-0.01,24.74,26522.33,-1
2023-12-12,2023-12-12 14:31:00,1100.35,1100.35,1100.2,1100.2,-0.01,24.74,26522.33,-1
2023-12-12,2023-12-12 14:32:00,1100.2,1100.2,1100.05,1100.05,-0.01,24.74,26522.33,-1
2023-12-12,2023-12-12 14:33:00,1100.05,1100.05,1099.9,1099.9,-0.01,24.74,26522.33,-1
2023-12-12,2023-12-12 14:34:00,1099.9,1099.9,1099.75,1099.75,-0.01,24.74,26522.33,-1
2023-12-12,2023-12-12 14:35:00,1099.75,1099.75,1099.6,1099.6,-0.01,24.74,26522.33,-1
2023-12-12,2023-12-12 14:36:00,1099.6,1099.6,1099.45,1099.45,-0.01,24.74,26522.33,-1
2023-12-12,2023-12-12 14:37:00,1099.45,1099.45,1099.3,1099.3,-0.01,24.74,26522.33,-1
2023-12-12,2023-12-12 14:38:00,1099.3,1099.3,1099.15,1099.15,-0.01,24.74,26522.33,-1
2023-12-12,2023-12-12 14:39:00,1099.15,1099.15,1099.0,1099.0,-0.01,24.74,26522.33,-1
2023-12-12,2023-12-12 14:40:00,1099.0,1099.0,1098.85,1098.85,-0.01,24.74,26522.33,-1
2023-12-12,2023-12-12 14:41:00,1098.85,1098.85,1098.7,1098.7,-0.01,24.74,26522.33,-1
2023-12-12,2023-12-12 14:42:00,1098.7,1098.7,1098.55,1098.55,-0.01,24.74,26522.33,-1
2023-12-12,2023-12-12 14:43:00,1098.55,1098.55,1098.4,1098.4,-0.01,24.74,26522.33,-1
2023-12-12,2023-12-12 14:44:00,1098.4,1098.4,1098.25,1098.25,-0.01,24.74,26522.33,-1
2023-12-12,2023-12-12 14:45:00,1098.25,1098.25,1098.1,1098.1,-0.01,24.74,26522.33,-1
2023-12-12,2023-12-12 14:46:00,1098.1,1098.1,1097.95,1097.95,-0.01,24.74,26522.33,-1
2023-12-12,2023-12-12 14:47:00,1097.95,1097.95,1097.8,1097.8,-0.01,24.74,26522.33,-1
2023-12-12,2023-12-12 14:48:00,1097.8,1097.8,1097.65,1097.65,-0.01,24.74,26522.33,-1
2023-12-12,2023-12-12 14:49:00,1097.65,1097.65,1097.5,1097.5,-0.01,24.74,26522.33,-1
2023-12-12,2023-12-12 14:50:00,1097.5,1097.5,1097.35,1097.35,-0.01,24.74,26522.33,-1
2023-12-12,2023-12-12 14:51:00,1097.35,1097.35,1097.2,1097.2,-0.01,24.74,26522.33,-1
2023-12-12,2023-12-12 14:52:00,1097.2,1097.2,1097.05,1097.05,-0.01,24.74,26522.33,-1
2023-12-12,2023-12-12 14:53:00,1097.05,1097.05,1096.9,1096.9,-0.01,24.74,26522.33,-1
2023-12-12,2023-12-12 14:54:00,1096.9,1096.9,1096.75,1096.75,-0.01,24.74,26522.33,-1
2023-12-12,2023-12-12 14:55:00,1096.75,1096.75,1096.6,1096.6,-0.01,24.74,26522.33,-1
2023-12-12,2023-12-12 14:56:00,1096.6,1096.6,1096.45,1096.45,-0.01,24.74,26522.33,-1
2023-12-12,2023-12-12 14:57:00,1096.45,1096.45,1096.3,1096.3,-0.01,24.74,26522.33,-1
2023-12-12,2023-12-12 14:58:00,1096.3,1096.3,1096.15,1096.15,-0.01,24.74,26522.33,-1
2023-12-12,2023-12-12 14:59:00,1096.15,1096.15,1096.0,1096.0,-0.01,24.74,26522.33,-1
2023-12-12,2023-12-12 15:00:00,1096.0,1132.0,1040.8,1096.0,0.0,24.74,26522.33,0
2023-12-13,2023-12-13 11:00:00,1098.0,1099.8,1078.5,1097.85,-0.01,11.91,12675.93,-1
2023-12-13,2023-12-13 11:01:00,1097.85,1097.85,1097.71,1097.71,-0.01,11.91,12675.93,-1
2023-12-13,2023-12-13 11:02:00,1097.71,1097.71,1097.56,1097.56,-0.01,11.91,12675.93,-1
2023-12-13,2023-12-13 11:03:00,1097.56,1097.56,1097.41,1097.41,-0.01,11.91,12675.93,-1
2023-12-13,2023-12-13 11:04:00,1097.41,1097.41,1097.27,1097.27,-0.01,11.91,12675.93,-1
2023-12-13,2023-12-13 11:05:00,1097.27,1097.27,1097.12,1097.12,-0.01,11.91,12675.93,-1
2023-12-13,2023-12-13 11:06:00,1097.12,1097.12,1096.98,1096.98,-0.01,11.91,12675.93,-1
2023-12-13,2023-12-13 11:07:00,1096.98,1096.98,1096.83,1096.83,-0.01,11.91,12675.93,-1
2023-12-13,2023-12-13 11:08:00,1096.83,1096.83,1096.68,1096.68,-0.01,11.91,12675.93,-1
2023-12-13,2023-12-13 11:09:00,1096.68,1096.68,1096.54,1096.54,-0.01,11.91,12675.93,-1
2023-12-13,2023-12-13 11:10:00,1096.54,1096.54,1096.39,1096.39,-0.01,11.91,12675.93,-1
2023-12-13,2023-12-13 11:11:00,1096.39,1096.39,1096.24,1096.24,-0.01,11.91,12675.93,-1
2023-12-13,2023-12-13 11:12:00,1096.24,1096.24,1096.1,1096.1,-0.01,11.91,12675.93,-1
2023-12-13,2023-12-13 11:13:00,1096.1,1096.1,1095.95,1095.95,-0.01,11.91,12675.93,-1
2023-12-13,2023-12-13 11:14:00,1095.95,1095.95,1095.81,1095.81,-0.01,11.91,12675.93,-1
2023-12-13,2023-12-13 11:15:00,1095.81,1095.81,1095.66,1095.66,-0.01,11.91,12675.93,-1
2023-12-13,2023-12-13 11:16:00,1095.66,1095.66,1095.51,1095.51,-0.01,11.91,12675.93,-1
2023-12-13,2023-12-13 11:17:00,1095.51,1095.51,1095.37,1095.37,-0.01,11.91,12675.93,-1
2023-12-13,2023-12-13 11:18:00,1095.37,1095.37,1095.22,1095.22,-0.01,11.91,12675.93,-1
2023-12-13,2023-12-13 11:19:00,1095.22,1095.22,1095.08,1095.08,-0.01,11.91,12675.93,-1
2023-12-13,2023-12-13 11:20:00,1095.08,1095.08,1094.93,1094.93,-0.01,11.91,12675.93,-1
2023-12-13,2023-12-13 11:21:00,1094.93,1094.93,1094.78,1094.78,-0.01,11.91,12675.93,-1
2023-12-13,2023-12-13 11:22:00,1094.78,1094.78,1094.64,1094.64,-0.01,11.91,12675.93,-1
2023-12-13,2023-12-13 11:23:00,1094.64,1094.64,1094.49,1094.49,-0.01,11.91,12675.93,-1
2023-12-13,2023-12-13 11:24:00,1094.49,1094.49,1094.34,1094.34,-0.01,11.91,12675.93,-1
2023-12-13,2023-12-13 11:25:00,1094.34,1094.34,1094.2,1094.2,-0.01,11.91,12675.93,-1
2023-12-13,2023-12-13 11:26:00,1094.2,1094.2,1094.05,1094.05,-0.01,11.91,12675.93,-1
2023-12-13,2023-12-13 11:27:00,1094.05,1094.05,1093.9,1093.9,-0.01,11.91,12675.93,-1
2023-12-13,2023-12-13 11:28:00,1093.9,1093.9,1093.76,1093.76,-0.01,11.91,12675.93,-1
2023-12-13,2023-12-13 11:29:00,1093.76,1093.76,1093.61,1093.61,-0.01,11.91,12675.93,-1
2023-12-13,2023-12-13 11:30:00,1093.61,1093.61,1093.47,1093.47,-0.01,11.91,12675.93,-1
2023-12-13,2023-12-13 11:31:00,1093.47,1093.47,1093.32,1093.32,-0.01,11.91,12675.93,-1
2023-12-13,2023-12-13 11:32:00,1093.32,1093.32,1093.17,1093.17,-0.01,11.91,12675.93,-1
2023-12-13,2023-12-13 11:33:00,1093.17,1093.17,1093.03,1093.03,-0.01,11.91,12675.93,-1
2023-12-13,2023-12-13 11:34:00,1093.03,1093.03,1092.88,1092.88,-0.01,11.91,12675.93,-1
2023-12-13,2023-12-13 11:35:00,1092.88,1092.88,1092.74,1092.74,-0.01,11.91,12675.93,-1
2023-12-13,2023-12-13 11:36:00,1092.74,1092.74,1092.59,1092.59,-0.01,11.91,12675.93,-1
2023-12-13,2023-12-13 11:37:00,1092.59,1092.59,1092.44,1092.44,-0.01,11.91,12675.93,-1
2023-12-13,2023-12-13 11:38:00,1092.44,1092.44,1092.3,1092.3,-0.01,11.91,12675.93,-1
2023-12-13,2023-12-13 11:39:00,1092.3,1092.3,1092.15,1092.15,-0.01,11.91,12675.93,-1
2023-12-13,2023-12-13 11:40:00,1092.15,1092.15,1092.0,1092.0,-0.01,11.91,12675.93,-1
2023-12-13,2023-12-13 11:41:00,1092.0,1092.0,1091.86,1091.86,-0.01,11.91,12675.93,-1
2023-12-13,2023-12-13 11:42:00,1091.86,1091.86,1091.71,1091.71,-0.01,11.91,12675.93,-1
2023-12-13,2023-12-13 11:43:00,1091.71,1091.71,1091.57,1091.57,-0.01,11.91,12675.93,-1
2023-12-13,2023-12-13 11:44:00,1091.57,1091.57,1091.42,1091.42,-0.01,11.91,12675.93,-1
2023-12-13,2023-12-13 11:45:00,1091.42,1091.42,1091.27,1091.27,-0.01,11.91,12675.93,-1
2023-12-13,2023-12-13 11:46:00,1091.27,1091.27,1091.13,1091.13,-0.01,11.91,12675.93,-1
2023-12-13,2023-12-13 11:47:00,1091.13,1091.13,1090.98,1090.98,-0.01,11.91,12675.93,-1
2023-12-13,2023-12-13 11:48:00,1090.98,1090.98,1090.83,1090.83,-0.01,11.91,12675.93,-1
2023-12-13,2023-12-13 11:49:00,1090.83,1090.83,1090.69,1090.69,-0.01,11.91,12675.93,-1
2023-12-13,2023-12-13 11:50:00,1090.69,1090.69,1090.54,1090.54,-0.01,11.91,12675.93,-1
2023-12-13,2023-12-13 11:51:00,1090.54,1090.54,1090.39,1090.39,-0.01,11.91,12675.93,-1
2023-12-13,2023-12-13 11:52:00,1090.39,1090.39,1090.25,1090.25,-0.01,11.91,12675.93,-1
2023-12-13,2023-12-13 11:53:00,1090.25,1090.25,1090.1,1090.1,-0.01,11.91,12675.93,-1
2023-12-13,2023-12-13 11:54:00,1090.1,1090.1,1089.96,1089.96,-0.01,11.91,12675.93,-1
2023-12-13,2023-12-13 11:55:00,1089.96,1089.96,1089.81,1089.81,-0.01,11.91,12675.93,-1
2023-12-13,2023-12-13 11:56:00,1089.81,1089.81,1089.66,1089.66,-0.01,11.91,12675.93,-1
2023-12-13,2023-12-13 11:57:00,1089.66,1089.66,1089.52,1089.52,-0.01,11.91,12675.93,-1
2023-12-13,2023-12-13 11:58:00,1089.52,1089.52,1089.37,1089.37,-0.01,11.91,12675.93,-1
2023-12-13,2023-12-13 11:59:00,1089.37,1089.37,1089.22,1089.22,-0.01,11.91,12675.93,-1
2023-12-13,2023-12-13 12:00:00,1089.22,1089.22,1089.08,1089.08,-0.01,11.91,12675.93,-1
2023-12-13,2023-12-13 12:01:00,1089.08,1089.08,1088.93,1088.93,-0.01,11.91,12675.93,-1
2023-12-13,2023-12-13 12:02:00,1088.93,1088.93,1088.79,1088.79,-0.01,11.91,12675.93,-1
2023-12-13,2023-12-13 12:03:00,1088.79,1088.79,1088.64,1088.64,-0.01,11.91,12675.93,-1
2023-12-13,2023-12-13 12:04:00,1088.64,1088.64,1088.49,1088.49,-0.01,11.91,12675.93,-1
2023-12-13,2023-12-13 12:05:00,1088.49,1088.49,1088.35,1088.35,-0.01,11.91,12675.93,-1
2023-12-13,2023-12-13 12:06:00,1088.35,1088.35,1088.2,1088.2,-0.01,11.91,12675.93,-1
2023-12-13,2023-12-13 12:07:00,1088.2,1088.2,1088.06,1088.06,-0.01,11.91,12675.93,-1
2023-12-13,2023-12-13 12:08:00,1088.06,1088.06,1087.91,1087.91,-0.01,11.91,12675.93,-1
2023-12-13,2023-12-13 12:09:00,1087.91,1087.91,1087.76,1087.76,-0.01,11.91,12675.93,-1
2023-12-13,2023-12-13 12:10:00,1087.76,1087.76,1087.62,1087.62,-0.01,11.91,12675.93,-1
2023-12-13,2023-12-13 12:11:00,1087.62,1087.62,1087.47,1087.47,-0.01,11.91,12675.93,-1
2023-12-13,2023-12-13 12:12:00,1087.47,1087.47,1087.32,1087.32,-0.01,11.91,12675.93,-1
2023-12-13,2023-12-13 12:13:00,1087.32,1087.32,1087.18,1087.18,-0.01,11.91,12675.93,-1
2023-12-13,2023-12-13 12:14:00,1087.18,1087.18,1087.03,1087.03,-0.01,11.91,12675.93,-1
2023-12-13,2023-12-13 12:15:00,1087.03,1087.03,1086.88,1086.88,-0.01,11.91,12675.93,-1
2023-12-13,2023-12-13 12:16:00,1086.88,1086.88,1086.74,1086.74,-0.01,11.91,12675.93,-1
2023-12-13,2023-12-13 12:17:00,1086.74,1086.74,1086.59,1086.59,-0.01,11.91,12675.93,-1
2023-12-13,2023-12-13 12:18:00,1086.59,1086.59,1086.45,1086.45,-0.01,11.91,12675.93,-1
2023-12-13,2023-12-13 12:19:00,1086.45,1086.45,1086.3,1086.3,-0.01,11.91,12675.93,-1
2023-12-13,2023-12-13 12:20:00,1086.3,1086.3,1086.15,1086.15,-0.01,11.91,12675.93,-1
2023-12-13,2023-12-13 12:21:00,1086.15,1086.15,1086.01,1086.01,-0.01,11.91,12675.93,-1
2023-12-13,2023-12-13 12:22:00,1086.01,1086.01,1085.86,1085.86,-0.01,11.91,12675.93,-1
2023-12-13,2023-12-13 12:23:00,1085.86,1085.86,1085.72,1085.72,-0.01,11.91,12675.93,-1
2023-12-13,2023-12-13 12:24:00,1085.72,1085.72,1085.57,1085.57,-0.01,11.91,12675.93,-1
2023-12-13,2023-12-13 12:25:00,1085.57,1085.57,1085.42,1085.42,-0.01,11.91,12675.93,-1
2023-12-13,2023-12-13 12:26:00,1085.42,1085.42,1085.28,1085.28,-0.01,11.91,12675.93,-1
2023-12-13,2023-12-13 12:27:00,1085.28,1085.28,1085.13,1085.13,-0.01,11.91,12675.93,-1
2023-12-13,2023-12-13 12:28:00,1085.13,1085.13,1084.98,1084.98,-0.01,11.91,12675.93,-1
2023-12-13,2023-12-13 12:29:00,1084.98,1084.98,1084.84,1084.84,-0.01,11.91,12675.93,-1
2023-12-13,2023-12-13 12:30:00,1084.84,1084.84,1084.69,1084.69,-0.01,11.91,12675.93,-1
2023-12-13,2023-12-13 12:31:00,1084.69,1084.69,1084.55,1084.55,-0.01,11.91,12675.93,-1
2023-12-13,2023-12-13 12:32:00,1084.55,1084.55,1084.4,1084.4,-0.01,11.91,12675.93,-1
2023-12-13,2023-12-13 12:33:00,1084.4,1084.4,1084.25,1084.25,-0.01,11.91,12675.93,-1
2023-12-13,2023-12-13 12:34:00,1084.25,1084.25,1084.11,1084.11,-0.01,11.91,12675.93,-1
2023-12-13,2023-12-13 12:35:00,1084.11,1084.11,1083.96,1083.96,-0.01,11.91,12675.93,-1
2023-12-13,2023-12-13 12:36:00,1083.96,1083.96,1083.81,1083.81,-0.01,11.91,12675.93,-1
2023-12-13,2023-12-13 12:37:00,1083.81,1083.81,1083.67,1083.67,-0.01,11.91,12675.93,-1
2023-12-13,2023-12-13 12:38:00,1083.67,1083.67,1083.52,1083.52,-0.01,11.91,12675.93,-1
2023-12-13,2023-12-13 12:39:00,1083.52,1083.52,1083.38,1083.38,-0.01,11.91,12675.93,-1
2023-12-13,2023-12-13 12:40:00,1083.38,1083.38,1083.23,1083.23,-0.01,11.91,12675.93,-1
2023-12-13,2023-12-13 12:41:00,1083.23,1083.23,1083.08,1083.08,-0.01,11.91,12675.93,-1
2023-12-13,2023-12-13 12:42:00,1083.08,1083.08,1082.94,1082.94,-0.01,11.91,12675.93,-1
2023-12-13,2023-12-13 12:43:00,1082.94,1082.94,1082.79,1082.79,-0.01,11.91,12675.93,-1
2023-12-13,2023-12-13 12:44:00,1082.79,1082.79,1082.64,1082.64,-0.01,11.91,12675.93,-1
2023-12-13,2023-12-13 12:45:00,1082.64,1082.64,1082.5,1082.5,-0.01,11.91,12675.93,-1
2023-12-13,2023-12-13 12:46:00,1082.5,1082.5,1082.35,1082.35,-0.01,11.91,12675.93,-1
2023-12-13,2023-12-13 12:47:00,1082.35,1082.35,1082.2,1082.2,-0.01,11.91,12675.93,-1
2023-12-13,2023-12-13 12:48:00,1082.2,1082.2,1082.06,1082.06,-0.01,11.91,12675.93,-1
2023-12-13,2023-12-13 12:49:00,1082.06,1082.06,1081.91,1081.91,-0.01,11.91,12675.93,-1
2023-12-13,2023-12-13 12:50:00,1081.91,1081.91,1081.77,1081.77,-0.01,11.91,12675.93,-1
2023-12-13,2023-12-13 12:51:00,1081.77,1081.77,1081.62,1081.62,-0.01,11.91,12675.93,-1
2023-12-13,2023-12-13 12:52:00,1081.62,1081.62,1081.47,1081.47,-0.01,11.91,12675.93,-1
2023-12-13,2023-12-13 12:53:00,1081.47,1081.47,1081.33,1081.33,-0.01,11.91,12675.93,-1
2023-12-13,2023-12-13 12:54:00,1081.33,1081.33,1081.18,1081.18,-0.01,11.91,12675.93,-1
2023-12-13,2023-12-13 12:55:00,1081.18,1081.18,1081.04,1081.04,-0.01,11.91,12675.93,-1
2023-12-13,2023-12-13 12:56:00,1081.04,1081.04,1080.89,1080.89,-0.01,11.91,12675.93,-1
2023-12-13,2023-12-13 12:57:00,1080.89,1080.89,1080.74,1080.74,-0.01,11.91,12675.93,-1
2023-12-13,2023-12-13 12:58:00,1080.74,1080.74,1080.6,1080.6,-0.01,11.91,12675.93,-1
2023-12-13,2023-12-13 12:59:00,1080.6,1080.6,1080.45,1080.45,-0.01,11.91,12675.93,-1
2023-12-13,2023-12-13 13:00:00,1080.45,1104.0,1033.0,1080.3,-0.01,11.91,12675.93,-1
2023-12-13,2023-12-13 13:01:00,1080.3,1080.3,1080.16,1080.16,-0.01,11.91,12675.93,-1
2023-12-13,2023-12-13 13:02:00,1080.16,1080.16,1080.01,1080.01,-0.01,11.91,12675.93,-1
2023-12-13,2023-12-13 13:03:00,1080.01,1080.01,1079.87,1079.87,-0.01,11.91,12675.93,-1
2023-12-13,2023-12-13 13:04:00,1079.87,1079.87,1079.72,1079.72,-0.01,11.91,12675.93,-1
2023-12-13,2023-12-13 13:05:00,1079.72,1079.72,1079.57,1079.57,-0.01,11.91,12675.93,-1
2023-12-13,2023-12-13 13:06:00,1079.57,1079.57,1079.43,1079.43,-0.01,11.91,12675.93,-1
2023-12-13,2023-12-13 13:07:00,1079.43,1079.43,1079.28,1079.28,-0.01,11.91,12675.93,-1
2023-12-13,2023-12-13 13:08:00,1079.28,1079.28,1079.13,1079.13,-0.01,11.91,12675.93,-1
2023-12-13,2023-12-13 13:09:00,1079.13,1079.13,1078.99,1078.99,-0.01,11.91,12675.93,-1
2023-12-13,2023-12-13 13:10:00,1078.99,1078.99,1078.84,1078.84,-0.01,11.91,12675.93,-1
2023-12-13,2023-12-13 13:11:00,1078.84,1078.84,1078.7,1078.7,-0.01,11.91,12675.93,-1
2023-12-13,2023-12-13 13:12:00,1078.7,1078.7,1078.55,1078.55,-0.01,11.91,12675.93,-1
2023-12-13,2023-12-13 13:13:00,1078.55,1078.55,1078.4,1078.4,-0.01,11.91,12675.93,-1
2023-12-13,2023-12-13 13:14:00,1078.4,1078.4,1078.26,1078.26,-0.01,11.91,12675.93,-1
2023-12-13,2023-12-13 13:15:00,1078.26,1078.26,1078.11,1078.11,-0.01,11.91,12675.93,-1
2023-12-13,2023-12-13 13:16:00,1078.11,1078.11,1077.96,1077.96,-0.01,11.91,12675.93,-1
2023-12-13,2023-12-13 13:17:00,1077.96,1077.96,1077.82,1077.82,-0.01,11.91,12675.93,-1
2023-12-13,2023-12-13 13:18:00,1077.82,1077.82,1077.67,1077.67,-0.01,11.91,12675.93,-1
2023-12-13,2023-12-13 13:19:00,1077.67,1077.67,1077.53,1077.53,-0.01,11.91,12675.93,-1
2023-12-13,2023-12-13 13:20:00,1077.53,1077.53,1077.38,1077.38,-0.01,11.91,12675.93,-1
2023-12-13,2023-12-13 13:21:00,1077.38,1077.38,1077.23,1077.23,-0.01,11.91,12675.93,-1
2023-12-13,2023-12-13 13:22:00,1077.23,1077.23,1077.09,1077.09,-0.01,11.91,12675.93,-1
2023-12-13,2023-12-13 13:23:00,1077.09,1077.09,1076.94,1076.94,-0.01,11.91,12675.93,-1
2023-12-13,2023-12-13 13:24:00,1076.94,1076.94,1076.79,1076.79,-0.01,11.91,12675.93,-1
2023-12-13,2023-12-13 13:25:00,1076.79,1076.79,1076.65,1076.65,-0.01,11.91,12675.93,-1
2023-12-13,2023-12-13 13:26:00,1076.65,1076.65,1076.5,1076.5,-0.01,11.91,12675.93,-1
2023-12-13,2023-12-13 13:27:00,1076.5,1076.5,1076.36,1076.36,-0.01,11.91,12675.93,-1
2023-12-13,2023-12-13 13:28:00,1076.36,1076.36,1076.21,1076.21,-0.01,11.91,12675.93,-1
2023-12-13,2023-12-13 13:29:00,1076.21,1076.21,1076.06,1076.06,-0.01,11.91,12675.93,-1
2023-12-13,2023-12-13 13:30:00,1076.06,1076.06,1075.92,1075.92,-0.01,11.91,12675.93,-1
2023-12-13,2023-12-13 13:31:00,1075.92,1075.92,1075.77,1075.77,-0.01,11.91,12675.93,-1
2023-12-13,2023-12-13 13:32:00,1075.77,1075.77,1075.62,1075.62,-0.01,11.91,12675.93,-1
2023-12-13,2023-12-13 13:33:00,1075.62,1075.62,1075.48,1075.48,-0.01,11.91,12675.93,-1
2023-12-13,2023-12-13 13:34:00,1075.48,1075.48,1075.33,1075.33,-0.01,11.91,12675.93,-1
2023-12-13,2023-12-13 13:35:00,1075.33,1075.33,1075.18,1075.18,-0.01,11.91,12675.93,-1
2023-12-13,2023-12-13 13:36:00,1075.18,1075.18,1075.04,1075.04,-0.01,11.91,12675.93,-1
2023-12-13,2023-12-13 13:37:00,1075.04,1075.04,1074.89,1074.89,-0.01,11.91,12675.93,-1
2023-12-13,2023-12-13 13:38:00,1074.89,1074.89,1074.75,1074.75,-0.01,11.91,12675.93,-1
2023-12-13,2023-12-13 13:39:00,1074.75,1074.75,1074.6,1074.6,-0.01,11.91,12675.93,-1
2023-12-13,2023-12-13 13:40:00,1074.6,1074.6,1074.45,1074.45,-0.01,11.91,12675.93,-1
2023-12-13,2023-12-13 13:41:00,1074.45,1074.45,1074.31,1074.31,-0.01,11.91,12675.93,-1
2023-12-13,2023-12-13 13:42:00,1074.31,1074.31,1074.16,1074.16,-0.01,11.91,12675.93,-1
2023-12-13,2023-12-13 13:43:00,1074.16,1074.16,1074.02,1074.02,-0.01,11.91,12675.93,-1
2023-12-13,2023-12-13 13:44:00,1074.02,1074.02,1073.87,1073.87,-0.01,11.91,12675.93,-1
2023-12-13,2023-12-13 13:45:00,1073.87,1073.87,1073.72,1073.72,-0.01,11.91,12675.93,-1
2023-12-13,2023-12-13 13:46:00,1073.72,1073.72,1073.58,1073.58,-0.01,11.91,12675.93,-1
2023-12-13,2023-12-13 13:47:00,1073.58,1073.58,1073.43,1073.43,-0.01,11.91,12675.93,-1
2023-12-13,2023-12-13 13:48:00,1073.43,1073.43,1073.28,1073.28,-0.01,11.91,12675.93,-1
2023-12-13,2023-12-13 13:49:00,1073.28,1073.28,1073.14,1073.14,-0.01,11.91,12675.93,-1
2023-12-13,2023-12-13 13:50:00,1073.14,1073.14,1072.99,1072.99,-0.01,11.91,12675.93,-1
2023-12-13,2023-12-13 13:51:00,1072.99,1072.99,1072.85,1072.85,-0.01,11.91,12675.93,-1
2023-12-13,2023-12-13 13:52:00,1072.85,1072.85,1072.7,1072.7,-0.01,11.91,12675.93,-1
2023-12-13,2023-12-13 13:53:00,1072.7,1072.7,1072.55,1072.55,-0.01,11.91,12675.93,-1
2023-12-13,2023-12-13 13:54:00,1072.55,1072.55,1072.41,1072.41,-0.01,11.91,12675.93,-1
2023-12-13,2023-12-13 13:55:00,1072.41,1072.41,1072.26,1072.26,-0.01,11.91,12675.93,-1
2023-12-13,2023-12-13 13:56:00,1072.26,1072.26,1072.11,1072.11,-0.01,11.91,12675.93,-1
2023-12-13,2023-12-13 13:57:00,1072.11,1072.11,1071.97,1071.97,-0.01,11.91,12675.93,-1
2023-12-13,2023-12-13 13:58:00,1071.97,1071.97,1071.82,1071.82,-0.01,11.91,12675.93,-1
2023-12-13,2023-12-13 13:59:00,1071.82,1071.82,1071.68,1071.68,-0.01,11.91,12675.93,-1
2023-12-13,2023-12-13 14:00:00,1071.68,1071.68,1071.53,1071.53,-0.01,11.91,12675.93,-1
2023-12-13,2023-12-13 14:01:00,1071.53,1071.53,1071.38,1071.38,-0.01,11.91,12675.93,-1
2023-12-13,2023-12-13 14:02:00,1071.38,1071.38,1071.24,1071.24,-0.01,11.91,12675.93,-1
2023-12-13,2023-12-13 14:03:00,1071.24,1071.24,1071.09,1071.09,-0.01,11.91,12675.93,-1
2023-12-13,2023-12-13 14:04:00,1071.09,1071.09,1070.94,1070.94,-0.01,11.91,12675.93,-1
2023-12-13,2023-12-13 14:05:00,1070.94,1070.94,1070.8,1070.8,-0.01,11.91,12675.93,-1
2023-12-13,2023-12-13 14:06:00,1070.8,1070.8,1070.65,1070.65,-0.01,11.91,12675.93,-1
2023-12-13,2023-12-13 14:07:00,1070.65,1070.65,1070.51,1070.51,-0.01,11.91,12675.93,-1
2023-12-13,2023-12-13 14:08:00,1070.51,1070.51,1070.36,1070.36,-0.01,11.91,12675.93,-1
2023-12-13,2023-12-13 14:09:00,1070.36,1070.36,1070.21,1070.21,-0.01,11.91,12675.93,-1
2023-12-13,2023-12-13 14:10:00,1070.21,1070.21,1070.07,1070.07,-0.01,11.91,12675.93,-1
2023-12-13,2023-12-13 14:11:00,1070.07,1070.07,1069.92,1069.92,-0.01,11.91,12675.93,-1
2023-12-13,2023-12-13 14:12:00,1069.92,1069.92,1069.77,1069.77,-0.01,11.91,12675.93,-1
2023-12-13,2023-12-13 14:13:00,1069.77,1069.77,1069.63,1069.63,-0.01,11.91,12675.93,-1
2023-12-13,2023-12-13 14:14:00,1069.63,1069.63,1069.48,1069.48,-0.01,11.91,12675.93,-1
2023-12-13,2023-12-13 14:15:00,1069.48,1069.48,1069.34,1069.34,-0.01,11.91,12675.93,-1
2023-12-13,2023-12-13 14:16:00,1069.34,1069.34,1069.19,1069.19,-0.01,11.91,12675.93,-1
2023-12-13,2023-12-13 14:17:00,1069.19,1069.19,1069.04,1069.04,-0.01,11.91,12675.93,-1
2023-12-13,2023-12-13 14:18:00,1069.04,1069.04,1068.9,1068.9,-0.01,11.91,12675.93,-1
2023-12-13,2023-12-13 14:19:00,1068.9,1068.9,1068.75,1068.75,-0.01,11.91,12675.93,-1
2023-12-13,2023-12-13 14:20:00,1068.75,1068.75,1068.6,1068.6,-0.01,11.91,12675.93,-1
2023-12-13,2023-12-13 14:21:00,1068.6,1068.6,1068.46,1068.46,-0.01,11.91,12675.93,-1
2023-12-13,2023-12-13 14:22:00,1068.46,1068.46,1068.31,1068.31,-0.01,11.91,12675.93,-1
2023-12-13,2023-12-13 14:23:00,1068.31,1068.31,1068.16,1068.16,-0.01,11.91,12675.93,-1
2023-12-13,2023-12-13 14:24:00,1068.16,1068.16,1068.02,1068.02,-0.01,11.91,12675.93,-1
2023-12-13,2023-12-13 14:25:00,1068.02,1068.02,1067.87,1067.87,-0.01,11.91,12675.93,-1
2023-12-13,2023-12-13 14:26:00,1067.87,1067.87,1067.73,1067.73,-0.01,11.91,12675.93,-1
2023-12-13,2023-12-13 14:27:00,1067.73,1067.73,1067.58,1067.58,-0.01,11.91,12675.93,-1
2023-12-13,2023-12-13 14:28:00,1067.58,1067.58,1067.43,1067.43,-0.01,11.91,12675.93,-1
2023-12-13,2023-12-13 14:29:00,1067.43,1067.43,1067.29,1067.29,-0.01,11.91,12675.93,-1
2023-12-13,2023-12-13 14:30:00,1067.29,1067.29,1067.14,1067.14,-0.01,11.91,12675.93,-1
2023-12-13,2023-12-13 14:31:00,1067.14,1067.14,1067.0,1067.0,-0.01,11.91,12675.93,-1
2023-12-13,2023-12-13 14:32:00,1067.0,1067.0,1066.85,1066.85,-0.01,11.91,12675.93,-1
2023-12-13,2023-12-13 14:33:00,1066.85,1066.85,1066.7,1066.7,-0.01,11.91,12675.93,-1
2023-12-13,2023-12-13 14:34:00,1066.7,1066.7,1066.56,1066.56,-0.01,11.91,12675.93,-1
2023-12-13,2023-12-13 14:35:00,1066.56,1066.56,1066.41,1066.41,-0.01,11.91,12675.93,-1
2023-12-13,2023-12-13 14:36:00,1066.41,1066.41,1066.26,1066.26,-0.01,11.91,12675.93,-1
2023-12-13,2023-12-13 14:37:00,1066.26,1066.26,1066.12,1066.12,-0.01,11.91,12675.93,-1
2023-12-13,2023-12-13 14:38:00,1066.12,1066.12,1065.97,1065.97,-0.01,11.91,12675.93,-1
2023-12-13,2023-12-13 14:39:00,1065.97,1065.97,1065.83,1065.83,-0.01,11.91,12675.93,-1
2023-12-13,2023-12-13 14:40:00,1065.83,1065.83,1065.68,1065.68,-0.01,11.91,12675.93,-1
2023-12-13,2023-12-13 14:41:00,1065.68,1065.68,1065.53,1065.53,-0.01,11.91,12675.93,-1
2023-12-13,2023-12-13 14:42:00,1065.53,1065.53,1065.39,1065.39,-0.01,11.91,12675.93,-1
2023-12-13,2023-12-13 14:43:00,1065.39,1065.39,1065.24,1065.24,-0.01,11.91,12675.93,-1
2023-12-13,2023-12-13 14:44:00,1065.24,1065.24,1065.09,1065.09,-0.01,11.91,12675.93,-1
2023-12-13,2023-12-13 14:45:00,1065.09,1065.09,1064.95,1064.95,-0.01,11.91,12675.93,-1
2023-12-13,2023-12-13 14:46:00,1064.95,1064.95,1064.8,1064.8,-0.01,11.91,12675.93,-1
2023-12-13,2023-12-13 14:47:00,1064.8,1064.8,1064.66,1064.66,-0.01,11.91,12675.93,-1
2023-12-13,2023-12-13 14:48:00,1064.66,1064.66,1064.51,1064.51,-0.01,11.91,12675.93,-1
2023-12-13,2023-12-13 14:49:00,1064.51,1064.51,1064.36,1064.36,-0.01,11.91,12675.93,-1
2023-12-13,2023-12-13 14:50:00,1064.36,1064.36,1064.22,1064.22,-0.01,11.91,12675.93,-1
2023-12-13,2023-12-13 14:51:00,1064.22,1064.22,1064.07,1064.07,-0.01,11.91,12675.93,-1
2023-12-13,2023-12-13 14:52:00,1064.07,1064.07,1063.92,1063.92,-0.01,11.91,12675.93,-1
2023-12-13,2023-12-13 14:53:00,1063.92,1063.92,1063.78,1063.78,-0.01,11.91,12675.93,-1
2023-12-13,2023-12-13 14:54:00,1063.78,1063.78,1063.63,1063.63,-0.01,11.91,12675.93,-1
2023-12-13,2023-12-13 14:55:00,1063.63,1063.63,1063.49,1063.49,-0.01,11.91,12675.93,-1
2023-12-13,2023-12-13 14:56:00,1063.49,1063.49,1063.34,1063.34,-0.01,11.91,12675.93,-1
2023-12-13,2023-12-13 14:57:00,1063.34,1063.34,1063.19,1063.19,-0.01,11.91,12675.93,-1
2023-12-13,2023-12-13 14:58:00,1063.19,1063.19,1063.05,1063.05,-0.01,11.91,12675.93,-1
2023-12-13,2023-12-13 14:59:00,1063.05,1063.05,1062.9,1062.9,-0.01,11.91,12675.93,-1
2023-12-13,2023-12-13 15:00:00,1062.9,1104.0,1033.0,1062.9,0.0,11.91,12675.93,0
2023-12-14,2023-12-14 11:00:00,1041.7,1052.89,1029.19,1041.61,-0.01,21.23,21738.96,-1
2023-12-14,2023-12-14 11:01:00,1041.61,1041.61,1041.52,1041.52,-0.01,21.23,21738.96,-1
2023-12-14,2023-12-14 11:02:00,1041.52,1041.52,1041.43,1041.43,-0.01,21.23,21738.96,-1
2023-12-14,2023-12-14 11:03:00,1041.43,1041.43,1041.34,1041.34,-0.01,21.23,21738.96,-1
2023-12-14,2023-12-14 11:04:00,1041.34,1041.34,1041.25,1041.25,-0.01,21.23,21738.96,-1
2023-12-14,2023-12-14 11:05:00,1041.25,1041.25,1041.16,1041.16,-0.01,21.23,21738.96,-1
2023-12-14,2023-12-14 11:06:00,1041.16,1041.16,1041.07,1041.07,-0.01,21.23,21738.96,-1
2023-12-14,2023-12-14 11:07:00,1041.07,1041.07,1040.98,1040.98,-0.01,21.23,21738.96,-1
2023-12-14,2023-12-14 11:08:00,1040.98,1040.98,1040.89,1040.89,-0.01,21.23,21738.96,-1
2023-12-14,2023-12-14 11:09:00,1040.89,1040.89,1040.8,1040.8,-0.01,21.23,21738.96,-1
2023-12-14,2023-12-14 11:10:00,1040.8,1040.8,1040.71,1040.71,-0.01,21.23,21738.96,-1
2023-12-14,2023-12-14 11:11:00,1040.71,1040.71,1040.62,1040.62,-0.01,21.23,21738.96,-1
2023-12-14,2023-12-14 11:12:00,1040.62,1040.62,1040.52,1040.52,-0.01,21.23,21738.96,-1
2023-12-14,2023-12-14 11:13:00,1040.52,1040.52,1040.43,1040.43,-0.01,21.23,21738.96,-1
2023-12-14,2023-12-14 11:14:00,1040.43,1040.43,1040.34,1040.34,-0.01,21.23,21738.96,-1
2023-12-14,2023-12-14 11:15:00,1040.34,1040.34,1040.25,1040.25,-0.01,21.23,21738.96,-1
2023-12-14,2023-12-14 11:16:00,1040.25,1040.25,1040.16,1040.16,-0.01,21.23,21738.96,-1
2023-12-14,2023-12-14 11:17:00,1040.16,1040.16,1040.07,1040.07,-0.01,21.23,21738.96,-1
2023-12-14,2023-12-14 11:18:00,1040.07,1040.07,1039.98,1039.98,-0.01,21.23,21738.96,-1
2023-12-14,2023-12-14 11:19:00,1039.98,1039.98,1039.89,1039.89,-0.01,21.23,21738.96,-1
2023-12-14,2023-12-14 11:20:00,1039.89,1039.89,1039.8,1039.8,-0.01,21.23,21738.96,-1
2023-12-14,2023-12-14 11:21:00,1039.8,1039.8,1039.71,1039.71,-0.01,21.23,21738.96,-1
2023-12-14,2023-12-14 11:22:00,1039.71,1039.71,1039.62,1039.62,-0.01,21.23,21738.96,-1
2023-12-14,2023-12-14 11:23:00,1039.62,1039.62,1039.53,1039.53,-0.01,21.23,21738.96,-1
2023-12-14,2023-12-14 11:24:00,1039.53,1039.53,1039.44,1039.44,-0.01,21.23,21738.96,-1
2023-12-14,2023-12-14 11:25:00,1039.44,1039.44,1039.35,1039.35,-0.01,21.23,21738.96,-1
2023-12-14,2023-12-14 11:26:00,1039.35,1039.35,1039.26,1039.26,-0.01,21.23,21738.96,-1
2023-12-14,2023-12-14 11:27:00,1039.26,1039.26,1039.17,1039.17,-0.01,21.23,21738.96,-1
2023-12-14,2023-12-14 11:28:00,1039.17,1039.17,1039.08,1039.08,-0.01,21.23,21738.96,-1
2023-12-14,2023-12-14 11:29:00,1039.08,1039.08,1038.99,1038.99,-0.01,21.23,21738.96,-1
2023-12-14,2023-12-14 11:30:00,1038.99,1038.99,1038.9,1038.9,-0.01,21.23,21738.96,-1
2023-12-14,2023-12-14 11:31:00,1038.9,1038.9,1038.81,1038.81,-0.01,21.23,21738.96,-1
2023-12-14,2023-12-14 11:32:00,1038.81,1038.81,1038.72,1038.72,-0.01,21.23,21738.96,-1
2023-12-14,2023-12-14 11:33:00,1038.72,1038.72,1038.63,1038.63,-0.01,21.23,21738.96,-1
2023-12-14,2023-12-14 11:34:00,1038.63,1038.63,1038.54,1038.54,-0.01,21.23,21738.96,-1
2023-12-14,2023-12-14 11:35:00,1038.54,1038.54,1038.44,1038.44,-0.01,21.23,21738.96,-1
2023-12-14,2023-12-14 11:36:00,1038.44,1038.44,1038.35,1038.35,-0.01,21.23,21738.96,-1
2023-12-14,2023-12-14 11:37:00,1038.35,1038.35,1038.26,1038.26,-0.01,21.23,21738.96,-1
2023-12-14,2023-12-14 11:38:00,1038.26,1038.26,1038.17,1038.17,-0.01,21.23,21738.96,-1
2023-12-14,2023-12-14 11:39:00,1038.17,1038.17,1038.08,1038.08,-0.01,21.23,21738.96,-1
2023-12-14,2023-12-14 11:40:00,1038.08,1038.08,1037.99,1037.99,-0.01,21.23,21738.96,-1
2023-12-14,2023-12-14 11:41:00,1037.99,1037.99,1037.9,1037.9,-0.01,21.23,21738.96,-1
2023-12-14,2023-12-14 11:42:00,1037.9,1037.9,1037.81,1037.81,-0.01,21.23,21738.96,-1
2023-12-14,2023-12-14 11:43:00,1037.81,1037.81,1037.72,1037.72,-0.01,21.23,21738.96,-1
2023-12-14,2023-12-14 11:44:00,1037.72,1037.72,1037.63,1037.63,-0.01,21.23,21738.96,-1
2023-12-14,2023-12-14 11:45:00,1037.63,1037.63,1037.54,1037.54,-0.01,21.23,21738.96,-1
2023-12-14,2023-12-14 11:46:00,1037.54,1037.54,1037.45,1037.45,-0.01,21.23,21738.96,-1
2023-12-14,2023-12-14 11:47:00,1037.45,1037.45,1037.36,1037.36,-0.01,21.23,21738.96,-1
2023-12-14,2023-12-14 11:48:00,1037.36,1037.36,1037.27,1037.27,-0.01,21.23,21738.96,-1
2023-12-14,2023-12-14 11:49:00,1037.27,1037.27,1037.18,1037.18,-0.01,21.23,21738.96,-1
2023-12-14,2023-12-14 11:50:00,1037.18,1037.18,1037.09,1037.09,-0.01,21.23,21738.96,-1
2023-12-14,2023-12-14 11:51:00,1037.09,1037.09,1037.0,1037.0,-0.01,21.23,21738.96,-1
2023-12-14,2023-12-14 11:52:00,1037.0,1037.0,1036.91,1036.91,-0.01,21.23,21738.96,-1
2023-12-14,2023-12-14 11:53:00,1036.91,1036.91,1036.82,1036.82,-0.01,21.23,21738.96,-1
2023-12-14,2023-12-14 11:54:00,1036.82,1036.82,1036.73,1036.73,-0.01,21.23,21738.96,-1
2023-12-14,2023-12-14 11:55:00,1036.73,1036.73,1036.64,1036.64,-0.01,21.23,21738.96,-1
2023-12-14,2023-12-14 11:56:00,1036.64,1036.64,1036.55,1036.55,-0.01,21.23,21738.96,-1
2023-12-14,2023-12-14 11:57:00,1036.55,1036.55,1036.46,1036.46,-0.01,21.23,21738.96,-1
2023-12-14,2023-12-14 11:58:00,1036.46,1036.46,1036.37,1036.37,-0.01,21.23,21738.96,-1
2023-12-14,2023-12-14 11:59:00,1036.37,1036.37,1036.28,1036.28,-0.01,21.23,21738.96,-1
2023-12-14,2023-12-14 12:00:00,1036.28,1036.28,1036.18,1036.18,-0.01,21.23,21738.96,-1
2023-12-14,2023-12-14 12:01:00,1036.18,1036.18,1036.09,1036.09,-0.01,21.23,21738.96,-1
2023-12-14,2023-12-14 12:02:00,1036.09,1036.09,1036.0,1036.0,-0.01,21.23,21738.96,-1
2023-12-14,2023-12-14 12:03:00,1036.0,1036.0,1035.91,1035.91,-0.01,21.23,21738.96,-1
2023-12-14,2023-12-14 12:04:00,1035.91,1035.91,1035.82,1035.82,-0.01,21.23,21738.96,-1
2023-12-14,2023-12-14 12:05:00,1035.82,1035.82,1035.73,1035.73,-0.01,21.23,21738.96,-1
2023-12-14,2023-12-14 12:06:00,1035.73,1035.73,1035.64,1035.64,-0.01,21.23,21738.96,-1
2023-12-14,2023-12-14 12:07:00,1035.64,1035.64,1035.55,1035.55,-0.01,21.23,21738.96,-1
2023-12-14,2023-12-14 12:08:00,1035.55,1035.55,1035.46,1035.46,-0.01,21.23,21738.96,-1
2023-12-14,2023-12-14 12:09:00,1035.46,1035.46,1035.37,1035.37,-0.01,21.23,21738.96,-1
2023-12-14,2023-12-14 12:10:00,1035.37,1035.37,1035.28,1035.28,-0.01,21.23,21738.96,-1
2023-12-14,2023-12-14 12:11:00,1035.28,1035.28,1035.19,1035.19,-0.01,21.23,21738.96,-1
2023-12-14,2023-12-14 12:12:00,1035.19,1035.19,1035.1,1035.1,-0.01,21.23,21738.96,-1
2023-12-14,2023-12-14 12:13:00,1035.1,1035.1,1035.01,1035.01,-0.01,21.23,21738.96,-1
2023-12-14,2023-12-14 12:14:00,1035.01,1035.01,1034.92,1034.92,-0.01,21.23,21738.96,-1
2023-12-14,2023-12-14 12:15:00,1034.92,1034.92,1034.83,1034.83,-0.01,21.23,21738.96,-1
2023-12-14,2023-12-14 12:16:00,1034.83,1034.83,1034.74,1034.74,-0.01,21.23,21738.96,-1
2023-12-14,2023-12-14 12:17:00,1034.74,1034.74,1034.65,1034.65,-0.01,21.23,21738.96,-1
2023-12-14,2023-12-14 12:18:00,1034.65,1034.65,1034.56,1034.56,-0.01,21.23,21738.96,-1
2023-12-14,2023-12-14 12:19:00,1034.56,1034.56,1034.47,1034.47,-0.01,21.23,21738.96,-1
2023-12-14,2023-12-14 12:20:00,1034.47,1034.47,1034.38,1034.38,-0.01,21.23,21738.96,-1
2023-12-14,2023-12-14 12:21:00,1034.38,1034.38,1034.29,1034.29,-0.01,21.23,21738.96,-1
2023-12-14,2023-12-14 12:22:00,1034.29,1034.29,1034.2,1034.2,-0.01,21.23,21738.96,-1
2023-12-14,2023-12-14 12:23:00,1034.2,1034.2,1034.11,1034.11,-0.01,21.23,21738.96,-1
2023-12-14,2023-12-14 12:24:00,1034.11,1034.11,1034.01,1034.01,-0.01,21.23,21738.96,-1
2023-12-14,2023-12-14 12:25:00,1034.01,1034.01,1033.92,1033.92,-0.01,21.23,21738.96,-1
2023-12-14,2023-12-14 12:26:00,1033.92,1033.92,1033.83,1033.83,-0.01,21.23,21738.96,-1
2023-12-14,2023-12-14 12:27:00,1033.83,1033.83,1033.74,1033.74,-0.01,21.23,21738.96,-1
2023-12-14,2023-12-14 12:28:00,1033.74,1033.74,1033.65,1033.65,-0.01,21.23,21738.96,-1
2023-12-14,2023-12-14 12:29:00,1033.65,1033.65,1033.56,1033.56,-0.01,21.23,21738.96,-1
2023-12-14,2023-12-14 12:30:00,1033.56,1033.56,1033.47,1033.47,-0.01,21.23,21738.96,-1
2023-12-14,2023-12-14 12:31:00,1033.47,1033.47,1033.38,1033.38,-0.01,21.23,21738.96,-1
2023-12-14,2023-12-14 12:32:00,1033.38,1033.38,1033.29,1033.29,-0.01,21.23,21738.96,-1
2023-12-14,2023-12-14 12:33:00,1033.29,1033.29,1033.2,1033.2,-0.01,21.23,21738.96,-1
2023-12-14,2023-12-14 12:34:00,1033.2,1033.2,1033.11,1033.11,-0.01,21.23,21738.96,-1
2023-12-14,2023-12-14 12:35:00,1033.11,1033.11,1033.02,1033.02,-0.01,21.23,21738.96,-1
2023-12-14,2023-12-14 12:36:00,1033.02,1033.02,1032.93,1032.93,-0.01,21.23,21738.96,-1
2023-12-14,2023-12-14 12:37:00,1032.93,1032.93,1032.84,1032.84,-0.01,21.23,21738.96,-1
2023-12-14,2023-12-14 12:38:00,1032.84,1032.84,1032.75,1032.75,-0.01,21.23,21738.96,-1
2023-12-14,2023-12-14 12:39:00,1032.75,1032.75,1032.66,1032.66,-0.01,21.23,21738.96,-1
2023-12-14,2023-12-14 12:40:00,1032.66,1032.66,1032.57,1032.57,-0.01,21.23,21738.96,-1
2023-12-14,2023-12-14 12:41:00,1032.57,1032.57,1032.48,1032.48,-0.01,21.23,21738.96,-1
2023-12-14,2023-12-14 12:42:00,1032.48,1032.48,1032.39,1032.39,-0.01,21.23,21738.96,-1
2023-12-14,2023-12-14 12:43:00,1032.39,1032.39,1032.3,1032.3,-0.01,21.23,21738.96,-1
2023-12-14,2023-12-14 12:44:00,1032.3,1032.3,1032.21,1032.21,-0.01,21.23,21738.96,-1
2023-12-14,2023-12-14 12:45:00,1032.21,1032.21,1032.12,1032.12,-0.01,21.23,21738.96,-1
2023-12-14,2023-12-14 12:46:00,1032.12,1032.12,1032.03,1032.03,-0.01,21.23,21738.96,-1
2023-12-14,2023-12-14 12:47:00,1032.03,1032.03,1031.93,1031.93,-0.01,21.23,21738.96,-1
2023-12-14,2023-12-14 12:48:00,1031.93,1031.93,1031.84,1031.84,-0.01,21.23,21738.96,-1
2023-12-14,2023-12-14 12:49:00,1031.84,1031.84,1031.75,1031.75,-0.01,21.23,21738.96,-1
2023-12-14,2023-12-14 12:50:00,1031.75,1031.75,1031.66,1031.66,-0.01,21.23,21738.96,-1
2023-12-14,2023-12-14 12:51:00,1031.66,1031.66,1031.57,1031.57,-0.01,21.23,21738.96,-1
2023-12-14,2023-12-14 12:52:00,1031.57,1031.57,1031.48,1031.48,-0.01,21.23,21738.96,-1
2023-12-14,2023-12-14 12:53:00,1031.48,1031.48,1031.39,1031.39,-0.01,21.23,21738.96,-1
2023-12-14,2023-12-14 12:54:00,1031.39,1031.39,1031.3,1031.3,-0.01,21.23,21738.96,-1
2023-12-14,2023-12-14 12:55:00,1031.3,1031.3,1031.21,1031.21,-0.01,21.23,21738.96,-1
2023-12-14,2023-12-14 12:56:00,1031.21,1031.21,1031.12,1031.12,-0.01,21.23,21738.96,-1
2023-12-14,2023-12-14 12:57:00,1031.12,1031.12,1031.03,1031.03,-0.01,21.23,21738.96,-1
2023-12-14,2023-12-14 12:58:00,1031.03,1031.03,1030.94,1030.94,-0.01,21.23,21738.96,-1
2023-12-14,2023-12-14 12:59:00,1030.94,1030.94,1030.85,1030.85,-0.01,21.23,21738.96,-1
2023-12-14,2023-12-14 13:00:00,1030.85,1079.0,1000.0,1030.76,-0.01,21.23,21738.96,-1
2023-12-14,2023-12-14 13:01:00,1030.76,1030.76,1030.67,1030.67,-0.01,21.23,21738.96,-1
2023-12-14,2023-12-14 13:02:00,1030.67,1030.67,1030.58,1030.58,-0.01,21.23,21738.96,-1
2023-12-14,2023-12-14 13:03:00,1030.58,1030.58,1030.49,1030.49,-0.01,21.23,21738.96,-1
2023-12-14,2023-12-14 13:04:00,1030.49,1030.49,1030.4,1030.4,-0.01,21.23,21738.96,-1
2023-12-14,2023-12-14 13:05:00,1030.4,1030.4,1030.31,1030.31,-0.01,21.23,21738.96,-1
2023-12-14,2023-12-14 13:06:00,1030.31,1030.31,1030.22,1030.22,-0.01,21.23,21738.96,-1
2023-12-14,2023-12-14 13:07:00,1030.22,1030.22,1030.13,1030.13,-0.01,21.23,21738.96,-1
2023-12-14,2023-12-14 13:08:00,1030.13,1030.13,1030.04,1030.04,-0.01,21.23,21738.96,-1
2023-12-14,2023-12-14 13:09:00,1030.04,1030.04,1029.95,1029.95,-0.01,21.23,21738.96,-1
2023-12-14,2023-12-14 13:10:00,1029.95,1029.95,1029.86,1029.86,-0.01,21.23,21738.96,-1
2023-12-14,2023-12-14 13:11:00,1029.86,1029.86,1029.77,1029.77,-0.01,21.23,21738.96,-1
2023-12-14,2023-12-14 13:12:00,1029.77,1029.77,1029.67,1029.67,-0.01,21.23,21738.96,-1
2023-12-14,2023-12-14 13:13:00,1029.67,1029.67,1029.58,1029.58,-0.01,21.23,21738.96,-1
2023-12-14,2023-12-14 13:14:00,1029.58,1029.58,1029.49,1029.49,-0.01,21.23,21738.96,-1
2023-12-14,2023-12-14 13:15:00,1029.49,1029.49,1029.4,1029.4,-0.01,21.23,21738.96,-1
2023-12-14,2023-12-14 13:16:00,1029.4,1029.4,1029.31,1029.31,-0.01,21.23,21738.96,-1
2023-12-14,2023-12-14 13:17:00,1029.31,1029.31,1029.22,1029.22,-0.01,21.23,21738.96,-1
2023-12-14,2023-12-14 13:18:00,1029.22,1029.22,1029.13,1029.13,-0.01,21.23,21738.96,-1
2023-12-14,2023-12-14 13:19:00,1029.13,1029.13,1029.04,1029.04,-0.01,21.23,21738.96,-1
2023-12-14,2023-12-14 13:20:00,1029.04,1029.04,1028.95,1028.95,-0.01,21.23,21738.96,-1
2023-12-14,2023-12-14 13:21:00,1028.95,1028.95,1028.86,1028.86,-0.01,21.23,21738.96,-1
2023-12-14,2023-12-14 13:22:00,1028.86,1028.86,1028.77,1028.77,-0.01,21.23,21738.96,-1
2023-12-14,2023-12-14 13:23:00,1028.77,1028.77,1028.68,1028.68,-0.01,21.23,21738.96,-1
2023-12-14,2023-12-14 13:24:00,1028.68,1028.68,1028.59,1028.59,-0.01,21.23,21738.96,-1
2023-12-14,2023-12-14 13:25:00,1028.59,1028.59,1028.5,1028.5,-0.01,21.23,21738.96,-1
2023-12-14,2023-12-14 13:26:00,1028.5,1028.5,1028.41,1028.41,-0.01,21.23,21738.96,-1
2023-12-14,2023-12-14 13:27:00,1028.41,1028.41,1028.32,1028.32,-0.01,21.23,21738.96,-1
2023-12-14,2023-12-14 13:28:00,1028.32,1028.32,1028.23,1028.23,-0.01,21.23,21738.96,-1
2023-12-14,2023-12-14 13:29:00,1028.23,1028.23,1028.14,1028.14,-0.01,21.23,21738.96,-1
2023-12-14,2023-12-14 13:30:00,1028.14,1028.14,1028.05,1028.05,-0.01,21.23,21738.96,-1
2023-12-14,2023-12-14 13:31:00,1028.05,1028.05,1027.96,1027.96,-0.01,21.23,21738.96,-1
2023-12-14,2023-12-14 13:32:00,1027.96,1027.96,1027.87,1027.87,-0.01,21.23,21738.96,-1
2023-12-14,2023-12-14 13:33:00,1027.87,1027.87,1027.78,1027.78,-0.01,21.23,21738.96,-1
2023-12-14,2023-12-14 13:34:00,1027.78,1027.78,1027.69,1027.69,-0.01,21.23,21738.96,-1
2023-12-14,2023-12-14 13:35:00,1027.69,1027.69,1027.6,1027.6,-0.01,21.23,21738.96,-1
2023-12-14,2023-12-14 13:36:00,1027.6,1027.6,1027.5,1027.5,-0.01,21.23,21738.96,-1
2023-12-14,2023-12-14 13:37:00,1027.5,1027.5,1027.41,1027.41,-0.01,21.23,21738.96,-1
2023-12-14,2023-12-14 13:38:00,1027.41,1027.41,1027.32,1027.32,-0.01,21.23,21738.96,-1
2023-12-14,2023-12-14 13:39:00,1027.32,1027.32,1027.23,1027.23,-0.01,21.23,21738.96,-1
2023-12-14,2023-12-14 13:40:00,1027.23,1027.23,1027.14,1027.14,-0.01,21.23,21738.96,-1
2023-12-14,2023-12-14 13:41:00,1027.14,1027.14,1027.05,1027.05,-0.01,21.23,21738.96,-1
2023-12-14,2023-12-14 13:42:00,1027.05,1027.05,1026.96,1026.96,-0.01,21.23,21738.96,-1
2023-12-14,2023-12-14 13:43:00,1026.96,1026.96,1026.87,1026.87,-0.01,21.23,21738.96,-1
2023-12-14,2023-12-14 13:44:00,1026.87,1026.87,1026.78,1026.78,-0.01,21.23,21738.96,-1
2023-12-14,2023-12-14 13:45:00,1026.78,1026.78,1026.69,1026.69,-0.01,21.23,21738.96,-1
2023-12-14,2023-12-14 13:46:00,1026.69,1026.69,1026.6,1026.6,-0.01,21.23,21738.96,-1
2023-12-14,2023-12-14 13:47:00,1026.6,1026.6,1026.51,1026.51,-0.01,21.23,21738.96,-1
2023-12-14,2023-12-14 13:48:00,1026.51,1026.51,1026.42,1026.42,-0.01,21.23,21738.96,-1
2023-12-14,2023-12-14 13:49:00,1026.42,1026.42,1026.33,1026.33,-0.01,21.23,21738.96,-1
2023-12-14,2023-12-14 13:50:00,1026.33,1026.33,1026.24,1026.24,-0.01,21.23,21738.96,-1
2023-12-14,2023-12-14 13:51:00,1026.24,1026.24,1026.15,1026.15,-0.01,21.23,21738.96,-1
2023-12-14,2023-12-14 13:52:00,1026.15,1026.15,1026.06,1026.06,-0.01,21.23,21738.96,-1
2023-12-14,2023-12-14 13:53:00,1026.06,1026.06,1025.97,1025.97,-0.01,21.23,21738.96,-1
2023-12-14,2023-12-14 13:54:00,1025.97,1025.97,1025.88,1025.88,-0.01,21.23,21738.96,-1
2023-12-14,2023-12-14 13:55:00,1025.88,1025.88,1025.79,1025.79,-0.01,21.23,21738.96,-1
2023-12-14,2023-12-14 13:56:00,1025.79,1025.79,1025.7,1025.7,-0.01,21.23,21738.96,-1
2023-12-14,2023-12-14 13:57:00,1025.7,1025.7,1025.61,1025.61,-0.01,21.23,21738.96,-1
2023-12-14,2023-12-14 13:58:00,1025.61,1025.61,1025.52,1025.52,-0.01,21.23,21738.96,-1
2023-12-14,2023-12-14 13:59:00,1025.52,1025.52,1025.42,1025.42,-0.01,21.23,21738.96,-1
2023-12-14,2023-12-14 14:00:00,1025.42,1025.42,1025.33,1025.33,-0.01,21.23,21738.96,-1
2023-12-14,2023-12-14 14:01:00,1025.33,1025.33,1025.24,1025.24,-0.01,21.23,21738.96,-1
2023-12-14,2023-12-14 14:02:00,1025.24,1025.24,1025.15,1025.15,-0.01,21.23,21738.96,-1
2023-12-14,2023-12-14 14:03:00,1025.15,1025.15,1025.06,1025.06,-0.01,21.23,21738.96,-1
2023-12-14,2023-12-14 14:04:00,1025.06,1025.06,1024.97,1024.97,-0.01,21.23,21738.96,-1
2023-12-14,2023-12-14 14:05:00,1024.97,1024.97,1024.88,1024.88,-0.01,21.23,21738.96,-1
2023-12-14,2023-12-14 14:06:00,1024.88,1024.88,1024.79,1024.79,-0.01,21.23,21738.96,-1
2023-12-14,2023-12-14 14:07:00,1024.79,1024.79,1024.7,1024.7,-0.01,21.23,21738.96,-1
2023-12-14,2023-12-14 14:08:00,1024.7,1024.7,1024.61,1024.61,-0.01,21.23,21738.96,-1
2023-12-14,2023-12-14 14:09:00,1024.61,1024.61,1024.52,1024.52,-0.01,21.23,21738.96,-1
2023-12-14,2023-12-14 14:10:00,1024.52,1024.52,1024.43,1024.43,-0.01,21.23,21738.96,-1
2023-12-14,2023-12-14 14:11:00,1024.43,1024.43,1024.34,1024.34,-0.01,21.23,21738.96,-1
2023-12-14,2023-12-14 14:12:00,1024.34,1024.34,1024.25,1024.25,-0.01,21.23,21738.96,-1
2023-12-14,2023-12-14 14:13:00,1024.25,1024.25,1024.16,1024.16,-0.01,21.23,21738.96,-1
2023-12-14,2023-12-14 14:14:00,1024.16,1024.16,1024.07,1024.07,-0.01,21.23,21738.96,-1
2023-12-14,2023-12-14 14:15:00,1024.07,1024.07,1023.98,1023.98,-0.01,21.23,21738.96,-1
2023-12-14,2023-12-14 14:16:00,1023.98,1023.98,1023.89,1023.89,-0.01,21.23,21738.96,-1
2023-12-14,2023-12-14 14:17:00,1023.89,1023.89,1023.8,1023.8,-0.01,21.23,21738.96,-1
2023-12-14,2023-12-14 14:18:00,1023.8,1023.8,1023.71,1023.71,-0.01,21.23,21738.96,-1
2023-12-14,2023-12-14 14:19:00,1023.71,1023.71,1023.62,1023.62,-0.01,21.23,21738.96,-1
2023-12-14,2023-12-14 14:20:00,1023.62,1023.62,1023.53,1023.53,-0.01,21.23,21738.96,-1
2023-12-14,2023-12-14 14:21:00,1023.53,1023.53,1023.44,1023.44,-0.01,21.23,21738.96,-1
2023-12-14,2023-12-14 14:22:00,1023.44,1023.44,1023.35,1023.35,-0.01,21.23,21738.96,-1
2023-12-14,2023-12-14 14:23:00,1023.35,1023.35,1023.25,1023.25,-0.01,21.23,21738.96,-1
2023-12-14,2023-12-14 14:24:00,1023.25,1023.25,1023.16,1023.16,-0.01,21.23,21738.96,-1
2023-12-14,2023-12-14 14:25:00,1023.16,1023.16,1023.07,1023.07,-0.01,21.23,21738.96,-1
2023-12-14,2023-12-14 14:26:00,1023.07,1023.07,1022.98,1022.98,-0.01,21.23,21738.96,-1
2023-12-14,2023-12-14 14:27:00,1022.98,1022.98,1022.89,1022.89,-0.01,21.23,21738.96,-1
2023-12-14,2023-12-14 14:28:00,1022.89,1022.89,1022.8,1022.8,-0.01,21.23,21738.96,-1
2023-12-14,2023-12-14 14:29:00,1022.8,1022.8,1022.71,1022.71,-0.01,21.23,21738.96,-1
2023-12-14,2023-12-14 14:30:00,1022.71,1022.71,1022.62,1022.62,-0.01,21.23,21738.96,-1
2023-12-14,2023-12-14 14:31:00,1022.62,1022.62,1022.53,1022.53,-0.01,21.23,21738.96,-1
2023-12-14,2023-12-14 14:32:00,1022.53,1022.53,1022.44,1022.44,-0.01,21.23,21738.96,-1
2023-12-14,2023-12-14 14:33:00,1022.44,1022.44,1022.35,1022.35,-0.01,21.23,21738.96,-1
2023-12-14,2023-12-14 14:34:00,1022.35,1022.35,1022.26,1022.26,-0.01,21.23,21738.96,-1
2023-12-14,2023-12-14 14:35:00,1022.26,1022.26,1022.17,1022.17,-0.01,21.23,21738.96,-1
2023-12-14,2023-12-14 14:36:00,1022.17,1022.17,1022.08,1022.08,-0.01,21.23,21738.96,-1
2023-12-14,2023-12-14 14:37:00,1022.08,1022.08,1021.99,1021.99,-0.01,21.23,21738.96,-1
2023-12-14,2023-12-14 14:38:00,1021.99,1021.99,1021.9,1021.9,-0.01,21.23,21738.96,-1
2023-12-14,2023-12-14 14:39:00,1021.9,1021.9,1021.81,1021.81,-0.01,21.23,21738.96,-1
2023-12-14,2023-12-14 14:40:00,1021.81,1021.81,1021.72,1021.72,-0.01,21.23,21738.96,-1
2023-12-14,2023-12-14 14:41:00,1021.72,1021.72,1021.63,1021.63,-0.01,21.23,21738.96,-1
2023-12-14,2023-12-14 14:42:00,1021.63,1021.63,1021.54,1021.54,-0.01,21.23,21738.96,-1
2023-12-14,2023-12-14 14:43:00,1021.54,1021.54,1021.45,1021.45,-0.01,21.23,21738.96,-1
2023-12-14,2023-12-14 14:44:00,1021.45,1021.45,1021.36,1021.36,-0.01,21.23,21738.96,-1
2023-12-14,2023-12-14 14:45:00,1021.36,1021.36,1021.27,1021.27,-0.01,21.23,21738.96,-1
2023-12-14,2023-12-14 14:46:00,1021.27,1021.27,1021.18,1021.18,-0.01,21.23,21738.96,-1
2023-12-14,2023-12-14 14:47:00,1021.18,1021.18,1021.09,1021.09,-0.01,21.23,21738.96,-1
2023-12-14,2023-12-14 14:48:00,1021.09,1021.09,1020.99,1020.99,-0.01,21.23,21738.96,-1
2023-12-14,2023-12-14 14:49:00,1020.99,1020.99,1020.9,1020.9,-0.01,21.23,21738.96,-1
2023-12-14,2023-12-14 14:50:00,1020.9,1020.9,1020.81,1020.81,-0.01,21.23,21738.96,-1
2023-12-14,2023-12-14 14:51:00,1020.81,1020.81,1020.72,1020.72,-0.01,21.23,21738.96,-1
2023-12-14,2023-12-14 14:52:00,1020.72,1020.72,1020.63,1020.63,-0.01,21.23,21738.96,-1
2023-12-14,2023-12-14 14:53:00,1020.63,1020.63,1020.54,1020.54,-0.01,21.23,21738.96,-1
2023-12-14,2023-12-14 14:54:00,1020.54,1020.54,1020.45,1020.45,-0.01,21.23,21738.96,-1
2023-12-14,2023-12-14 14:55:00,1020.45,1020.45,1020.36,1020.36,-0.01,21.23,21738.96,-1
2023-12-14,2023-12-14 14:56:00,1020.36,1020.36,1020.27,1020.27,-0.01,21.23,21738.96,-1
2023-12-14,2023-12-14 14:57:00,1020.27,1020.27,1020.18,1020.18,-0.01,21.23,21738.96,-1
2023-12-14,2023-12-14 14:58:00,1020.18,1020.18,1020.09,1020.09,-0.01,21.23,21738.96,-1
2023-12-14,2023-12-14 14:59:00,1020.09,1020.09,1020.0,1020.0,-0.01,21.23,21738.96,-1
2023-12-14,2023-12-14 15:00:00,1020.0,1079.0,1000.0,1020.0,0.0,21.23,21738.96,0
2023-12-17,2023-12-17 11:00:00,1020.0,1044.9,1013.88,1020.02,0.0,29.37,29728.63,1
2023-12-17,2023-12-17 11:01:00,1020.02,1020.04,1020.02,1020.04,0.0,29.37,29728.63,1
2023-12-17,2023-12-17 11:02:00,1020.04,1020.06,1020.04,1020.06,0.0,29.37,29728.63,1
2023-12-17,2023-12-17 11:03:00,1020.06,1020.08,1020.06,1020.08,0.0,29.37,29728.63,1
2023-12-17,2023-12-17 11:04:00,1020.08,1020.1,1020.08,1020.1,0.0,29.37,29728.63,1
2023-12-17,2023-12-17 11:05:00,1020.1,1020.12,1020.1,1020.12,0.0,29.37,29728.63,1
2023-12-17,2023-12-17 11:06:00,1020.12,1020.15,1020.12,1020.15,0.0,29.37,29728.63,1
2023-12-17,2023-12-17 11:07:00,1020.15,1020.17,1020.15,1020.17,0.0,29.37,29728.63,1
2023-12-17,2023-12-17 11:08:00,1020.17,1020.19,1020.17,1020.19,0.0,29.37,29728.63,1
2023-12-17,2023-12-17 11:09:00,1020.19,1020.21,1020.19,1020.21,0.0,29.37,29728.63,1
2023-12-17,2023-12-17 11:10:00,1020.21,1020.23,1020.21,1020.23,0.0,29.37,29728.63,1
2023-12-17,2023-12-17 11:11:00,1020.23,1020.25,1020.23,1020.25,0.0,29.37,29728.63,1
2023-12-17,2023-12-17 11:12:00,1020.25,1020.27,1020.25,1020.27,0.0,29.37,29728.63,1
2023-12-17,2023-12-17 11:13:00,1020.27,1020.29,1020.27,1020.29,0.0,29.37,29728.63,1
2023-12-17,2023-12-17 11:14:00,1020.29,1020.31,1020.29,1020.31,0.0,29.37,29728.63,1
2023-12-17,2023-12-17 11:15:00,1020.31,1020.33,1020.31,1020.33,0.0,29.37,29728.63,1
2023-12-17,2023-12-17 11:16:00,1020.33,1020.35,1020.33,1020.35,0.0,29.37,29728.63,1
2023-12-17,2023-12-17 11:17:00,1020.35,1020.38,1020.35,1020.38,0.0,29.37,29728.63,1
2023-12-17,2023-12-17 11:18:00,1020.38,1020.4,1020.38,1020.4,0.0,29.37,29728.63,1
2023-12-17,2023-12-17 11:19:00,1020.4,1020.42,1020.4,1020.42,0.0,29.37,29728.63,1
2023-12-17,2023-12-17 11:20:00,1020.42,1020.44,1020.42,1020.44,0.0,29.37,29728.63,1
2023-12-17,2023-12-17 11:21:00,1020.44,1020.46,1020.44,1020.46,0.0,29.37,29728.63,1
2023-12-17,2023-12-17 11:22:00,1020.46,1020.48,1020.46,1020.48,0.0,29.37,29728.63,1
2023-12-17,2023-12-17 11:23:00,1020.48,1020.5,1020.48,1020.5,0.0,29.37,29728.63,1
2023-12-17,2023-12-17 11:24:00,1020.5,1020.52,1020.5,1020.52,0.0,29.37,29728.63,1
2023-12-17,2023-12-17 11:25:00,1020.52,1020.54,1020.52,1020.54,0.0,29.37,29728.63,1
2023-12-17,2023-12-17 11:26:00,1020.54,1020.56,1020.54,1020.56,0.0,29.37,29728.63,1
2023-12-17,2023-12-17 11:27:00,1020.56,1020.58,1020.56,1020.58,0.0,29.37,29728.63,1
2023-12-17,2023-12-17 11:28:00,1020.58,1020.6,1020.58,1020.6,0.0,29.37,29728.63,1
2023-12-17,2023-12-17 11:29:00,1020.6,1020.62,1020.6,1020.62,0.0,29.37,29728.63,1
2023-12-17,2023-12-17 11:30:00,1020.62,1020.65,1020.62,1020.65,0.0,29.37,29728.63,1
2023-12-17,2023-12-17 11:31:00,1020.65,1020.67,1020.65,1020.67,0.0,29.37,29728.63,1
2023-12-17,2023-12-17 11:32:00,1020.67,1020.69,1020.67,1020.69,0.0,29.37,29728.63,1
2023-12-17,2023-12-17 11:33:00,1020.69,1020.71,1020.69,1020.71,0.0,29.37,29728.63,1
2023-12-17,2023-12-17 11:34:00,1020.71,1020.73,1020.71,1020.73,0.0,29.37,29728.63,1
2023-12-17,2023-12-17 11:35:00,1020.73,1020.75,1020.73,1020.75,0.0,29.37,29728.63,1
2023-12-17,2023-12-17 11:36:00,1020.75,1020.77,1020.75,1020.77,0.0,29.37,29728.63,1
2023-12-17,2023-12-17 11:37:00,1020.77,1020.79,1020.77,1020.79,0.0,29.37,29728.63,1
2023-12-17,2023-12-17 11:38:00,1020.79,1020.81,1020.79,1020.81,0.0,29.37,29728.63,1
2023-12-17,2023-12-17 11:39:00,1020.81,1020.83,1020.81,1020.83,0.0,29.37,29728.63,1
2023-12-17,2023-12-17 11:40:00,1020.83,1020.85,1020.83,1020.85,0.0,29.37,29728.63,1
2023-12-17,2023-12-17 11:41:00,1020.85,1020.88,1020.85,1020.88,0.0,29.37,29728.63,1
2023-12-17,2023-12-17 11:42:00,1020.88,1020.9,1020.88,1020.9,0.0,29.37,29728.63,1
2023-12-17,2023-12-17 11:43:00,1020.9,1020.92,1020.9,1020.92,0.0,29.37,29728.63,1
2023-12-17,2023-12-17 11:44:00,1020.92,1020.94,1020.92,1020.94,0.0,29.37,29728.63,1
2023-12-17,2023-12-17 11:45:00,1020.94,1020.96,1020.94,1020.96,0.0,29.37,29728.63,1
2023-12-17,2023-12-17 11:46:00,1020.96,1020.98,1020.96,1020.98,0.0,29.37,29728.63,1
2023-12-17,2023-12-17 11:47:00,1020.98,1021.0,1020.98,1021.0,0.0,29.37,29728.63,1
2023-12-17,2023-12-17 11:48:00,1021.0,1021.02,1021.0,1021.02,0.0,29.37,29728.63,1
2023-12-17,2023-12-17 11:49:00,1021.02,1021.04,1021.02,1021.04,0.0,29.37,29728.63,1
2023-12-17,2023-12-17 11:50:00,1021.04,1021.06,1021.04,1021.06,0.0,29.37,29728.63,1
2023-12-17,2023-12-17 11:51:00,1021.06,1021.08,1021.06,1021.08,0.0,29.37,29728.63,1
2023-12-17,2023-12-17 11:52:00,1021.08,1021.1,1021.08,1021.1,0.0,29.37,29728.63,1
2023-12-17,2023-12-17 11:53:00,1021.1,1021.12,1021.1,1021.12,0.0,29.37,29728.63,1
2023-12-17,2023-12-17 11:54:00,1021.12,1021.15,1021.12,1021.15,0.0,29.37,29728.63,1
2023-12-17,2023-12-17 11:55:00,1021.15,1021.17,1021.15,1021.17,0.0,29.37,29728.63,1
2023-12-17,2023-12-17 11:56:00,1021.17,1021.19,1021.17,1021.19,0.0,29.37,29728.63,1
2023-12-17,2023-12-17 11:57:00,1021.19,1021.21,1021.19,1021.21,0.0,29.37,29728.63,1
2023-12-17,2023-12-17 11:58:00,1021.21,1021.23,1021.21,1021.23,0.0,29.37,29728.63,1
2023-12-17,2023-12-17 11:59:00,1021.23,1021.25,1021.23,1021.25,0.0,29.37,29728.63,1
2023-12-17,2023-12-17 12:00:00,1021.25,1021.27,1021.25,1021.27,0.0,29.37,29728.63,1
2023-12-17,2023-12-17 12:01:00,1021.27,1021.29,1021.27,1021.29,0.0,29.37,29728.63,1
2023-12-17,2023-12-17 12:02:00,1021.29,1021.31,1021.29,1021.31,0.0,29.37,29728.63,1
2023-12-17,2023-12-17 12:03:00,1021.31,1021.33,1021.31,1021.33,0.0,29.37,29728.63,1
2023-12-17,2023-12-17 12:04:00,1021.33,1021.35,1021.33,1021.35,0.0,29.37,29728.63,1
2023-12-17,2023-12-17 12:05:00,1021.35,1021.38,1021.35,1021.38,0.0,29.37,29728.63,1
2023-12-17,2023-12-17 12:06:00,1021.38,1021.4,1021.38,1021.4,0.0,29.37,29728.63,1
2023-12-17,2023-12-17 12:07:00,1021.4,1021.42,1021.4,1021.42,0.0,29.37,29728.63,1
2023-12-17,2023-12-17 12:08:00,1021.42,1021.44,1021.42,1021.44,0.0,29.37,29728.63,1
2023-12-17,2023-12-17 12:09:00,1021.44,1021.46,1021.44,1021.46,0.0,29.37,29728.63,1
2023-12-17,2023-12-17 12:10:00,1021.46,1021.48,1021.46,1021.48,0.0,29.37,29728.63,1
2023-12-17,2023-12-17 12:11:00,1021.48,1021.5,1021.48,1021.5,0.0,29.37,29728.63,1
2023-12-17,2023-12-17 12:12:00,1021.5,1021.52,1021.5,1021.52,0.0,29.37,29728.63,1
2023-12-17,2023-12-17 12:13:00,1021.52,1021.54,1021.52,1021.54,0.0,29.37,29728.63,1
2023-12-17,2023-12-17 12:14:00,1021.54,1021.56,1021.54,1021.56,0.0,29.37,29728.63,1
2023-12-17,2023-12-17 12:15:00,1021.56,1021.58,1021.56,1021.58,0.0,29.37,29728.63,1
2023-12-17,2023-12-17 12:16:00,1021.58,1021.6,1021.58,1021.6,0.0,29.37,29728.63,1
2023-12-17,2023-12-17 12:17:00,1021.6,1021.62,1021.6,1021.62,0.0,29.37,29728.63,1
2023-12-17,2023-12-17 12:18:00,1021.62,1021.65,1021.62,1021.65,0.0,29.37,29728.63,1
2023-12-17,2023-12-17 12:19:00,1021.65,1021.67,1021.65,1021.67,0.0,29.37,29728.63,1
2023-12-17,2023-12-17 12:20:00,1021.67,1021.69,1021.67,1021.69,0.0,29.37,29728.63,1
2023-12-17,2023-12-17 12:21:00,1021.69,1021.71,1021.69,1021.71,0.0,29.37,29728.63,1
2023-12-17,2023-12-17 12:22:00,1021.71,1021.73,1021.71,1021.73,0.0,29.37,29728.63,1
2023-12-17,2023-12-17 12:23:00,1021.73,1021.75,1021.73,1021.75,0.0,29.37,29728.63,1
2023-12-17,2023-12-17 12:24:00,1021.75,1021.77,1021.75,1021.77,0.0,29.37,29728.63,1
2023-12-17,2023-12-17 12:25:00,1021.77,1021.79,1021.77,1021.79,0.0,29.37,29728.63,1
2023-12-17,2023-12-17 12:26:00,1021.79,1021.81,1021.79,1021.81,0.0,29.37,29728.63,1
2023-12-17,2023-12-17 12:27:00,1021.81,1021.83,1021.81,1021.83,0.0,29.37,29728.63,1
2023-12-17,2023-12-17 12:28:00,1021.83,1021.85,1021.83,1021.85,0.0,29.37,29728.63,1
2023-12-17,2023-12-17 12:29:00,1021.85,1021.88,1021.85,1021.88,0.0,29.37,29728.63,1
2023-12-17,2023-12-17 12:30:00,1021.88,1021.9,1021.88,1021.9,0.0,29.37,29728.63,1
2023-12-17,2023-12-17 12:31:00,1021.9,1021.92,1021.9,1021.92,0.0,29.37,29728.63,1
2023-12-17,2023-12-17 12:32:00,1021.92,1021.94,1021.92,1021.94,0.0,29.37,29728.63,1
2023-12-17,2023-12-17 12:33:00,1021.94,1021.96,1021.94,1021.96,0.0,29.37,29728.63,1
2023-12-17,2023-12-17 12:34:00,1021.96,1021.98,1021.96,1021.98,0.0,29.37,29728.63,1
2023-12-17,2023-12-17 12:35:00,1021.98,1022.0,1021.98,1022.0,0.0,29.37,29728.63,1
2023-12-17,2023-12-17 12:36:00,1022.0,1022.02,1022.0,1022.02,0.0,29.37,29728.63,1
2023-12-17,2023-12-17 12:37:00,1022.02,1022.04,1022.02,1022.04,0.0,29.37,29728.63,1
2023-12-17,2023-12-17 12:38:00,1022.04,1022.06,1022.04,1022.06,0.0,29.37,29728.63,1
2023-12-17,2023-12-17 12:39:00,1022.06,1022.08,1022.06,1022.08,0.0,29.37,29728.63,1
2023-12-17,2023-12-17 12:40:00,1022.08,1022.1,1022.08,1022.1,0.0,29.37,29728.63,1
2023-12-17,2023-12-17 12:41:00,1022.1,1022.12,1022.1,1022.12,0.0,29.37,29728.63,1
2023-12-17,2023-12-17 12:42:00,1022.12,1022.15,1022.12,1022.15,0.0,29.37,29728.63,1
2023-12-17,2023-12-17 12:43:00,1022.15,1022.17,1022.15,1022.17,0.0,29.37,29728.63,1
2023-12-17,2023-12-17 12:44:00,1022.17,1022.19,1022.17,1022.19,0.0,29.37,29728.63,1
2023-12-17,2023-12-17 12:45:00,1022.19,1022.21,1022.19,1022.21,0.0,29.37,29728.63,1
2023-12-17,2023-12-17 12:46:00,1022.21,1022.23,1022.21,1022.23,0.0,29.37,29728.63,1
2023-12-17,2023-12-17 12:47:00,1022.23,1022.25,1022.23,1022.25,0.0,29.37,29728.63,1
2023-12-17,2023-12-17 12:48:00,1022.25,1022.27,1022.25,1022.27,0.0,29.37,29728.63,1
2023-12-17,2023-12-17 12:49:00,1022.27,1022.29,1022.27,1022.29,0.0,29.37,29728.63,1
2023-12-17,2023-12-17 12:50:00,1022.29,1022.31,1022.29,1022.31,0.0,29.37,29728.63,1
2023-12-17,2023-12-17 12:51:00,1022.31,1022.33,1022.31,1022.33,0.0,29.37,29728.63,1
2023-12-17,2023-12-17 12:52:00,1022.33,1022.35,1022.33,1022.35,0.0,29.37,29728.63,1
2023-12-17,2023-12-17 12:53:00,1022.35,1022.38,1022.35,1022.38,0.0,29.37,29728.63,1
2023-12-17,2023-12-17 12:54:00,1022.38,1022.4,1022.38,1022.4,0.0,29.37,29728.63,1
2023-12-17,2023-12-17 12:55:00,1022.4,1022.42,1022.4,1022.42,0.0,29.37,29728.63,1
2023-12-17,2023-12-17 12:56:00,1022.42,1022.44,1022.42,1022.44,0.0,29.37,29728.63,1
2023-12-17,2023-12-17 12:57:00,1022.44,1022.46,1022.44,1022.46,0.0,29.37,29728.63,1
2023-12-17,2023-12-17 12:58:00,1022.46,1022.48,1022.46,1022.48,0.0,29.37,29728.63,1
2023-12-17,2023-12-17 12:59:00,1022.48,1022.5,1022.48,1022.5,0.0,29.37,29728.63,1
2023-12-17,2023-12-17 13:00:00,1022.5,1103.0,999.6,1022.52,0.0,29.37,29728.63,1
2023-12-17,2023-12-17 13:01:00,1022.52,1022.54,1022.52,1022.54,0.0,29.37,29728.63,1
2023-12-17,2023-12-17 13:02:00,1022.54,1022.56,1022.54,1022.56,0.0,29.37,29728.63,1
2023-12-17,2023-12-17 13:03:00,1022.56,1022.58,1022.56,1022.58,0.0,29.37,29728.63,1
2023-12-17,2023-12-17 13:04:00,1022.58,1022.6,1022.58,1022.6,0.0,29.37,29728.63,1
2023-12-17,2023-12-17 13:05:00,1022.6,1022.62,1022.6,1022.62,0.0,29.37,29728.63,1
2023-12-17,2023-12-17 13:06:00,1022.62,1022.65,1022.62,1022.65,0.0,29.37,29728.63,1
2023-12-17,2023-12-17 13:07:00,1022.65,1022.67,1022.65,1022.67,0.0,29.37,29728.63,1
2023-12-17,2023-12-17 13:08:00,1022.67,1022.69,1022.67,1022.69,0.0,29.37,29728.63,1
2023-12-17,2023-12-17 13:09:00,1022.69,1022.71,1022.69,1022.71,0.0,29.37,29728.63,1
2023-12-17,2023-12-17 13:10:00,1022.71,1022.73,1022.71,1022.73,0.0,29.37,29728.63,1
2023-12-17,2023-12-17 13:11:00,1022.73,1022.75,1022.73,1022.75,0.0,29.37,29728.63,1
2023-12-17,2023-12-17 13:12:00,1022.75,1022.77,1022.75,1022.77,0.0,29.37,29728.63,1
2023-12-17,2023-12-17 13:13:00,1022.77,1022.79,1022.77,1022.79,0.0,29.37,29728.63,1
2023-12-17,2023-12-17 13:14:00,1022.79,1022.81,1022.79,1022.81,0.0,29.37,29728.63,1
2023-12-17,2023-12-17 13:15:00,1022.81,1022.83,1022.81,1022.83,0.0,29.37,29728.63,1
2023-12-17,2023-12-17 13:16:00,1022.83,1022.85,1022.83,1022.85,0.0,29.37,29728.63,1
2023-12-17,2023-12-17 13:17:00,1022.85,1022.88,1022.85,1022.88,0.0,29.37,29728.63,1
2023-12-17,2023-12-17 13:18:00,1022.88,1022.9,1022.88,1022.9,0.0,29.37,29728.63,1
2023-12-17,2023-12-17 13:19:00,1022.9,1022.92,1022.9,1022.92,0.0,29.37,29728.63,1
2023-12-17,2023-12-17 13:20:00,1022.92,1022.94,1022.92,1022.94,0.0,29.37,29728.63,1
2023-12-17,2023-12-17 13:21:00,1022.94,1022.96,1022.94,1022.96,0.0,29.37,29728.63,1
2023-12-17,2023-12-17 13:22:00,1022.96,1022.98,1022.96,1022.98,0.0,29.37,29728.63,1
2023-12-17,2023-12-17 13:23:00,1022.98,1023.0,1022.98,1023.0,0.0,29.37,29728.63,1
2023-12-17,2023-12-17 13:24:00,1023.0,1023.02,1023.0,1023.02,0.0,29.37,29728.63,1
2023-12-17,2023-12-17 13:25:00,1023.02,1023.04,1023.02,1023.04,0.0,29.37,29728.63,1
2023-12-17,2023-12-17 13:26:00,1023.04,1023.06,1023.04,1023.06,0.0,29.37,29728.63,1
2023-12-17,2023-12-17 13:27:00,1023.06,1023.08,1023.06,1023.08,0.0,29.37,29728.63,1
2023-12-17,2023-12-17 13:28:00,1023.08,1023.1,1023.08,1023.1,0.0,29.37,29728.63,1
2023-12-17,2023-12-17 13:29:00,1023.1,1023.12,1023.1,1023.12,0.0,29.37,29728.63,1
2023-12-17,2023-12-17 13:30:00,1023.12,1023.15,1023.12,1023.15,0.0,29.37,29728.63,1
2023-12-17,2023-12-17 13:31:00,1023.15,1023.17,1023.15,1023.17,0.0,29.37,29728.63,1
2023-12-17,2023-12-17 13:32:00,1023.17,1023.19,1023.17,1023.19,0.0,29.37,29728.63,1
2023-12-17,2023-12-17 13:33:00,1023.19,1023.21,1023.19,1023.21,0.0,29.37,29728.63,1
2023-12-17,2023-12-17 13:34:00,1023.21,1023.23,1023.21,1023.23,0.0,29.37,29728.63,1
2023-12-17,2023-12-17 13:35:00,1023.23,1023.25,1023.23,1023.25,0.0,29.37,29728.63,1
2023-12-17,2023-12-17 13:36:00,1023.25,1023.27,1023.25,1023.27,0.0,29.37,29728.63,1
2023-12-17,2023-12-17 13:37:00,1023.27,1023.29,1023.27,1023.29,0.0,29.37,29728.63,1
2023-12-17,2023-12-17 13:38:00,1023.29,1023.31,1023.29,1023.31,0.0,29.37,29728.63,1
2023-12-17,2023-12-17 13:39:00,1023.31,1023.33,1023.31,1023.33,0.0,29.37,29728.63,1
2023-12-17,2023-12-17 13:40:00,1023.33,1023.35,1023.33,1023.35,0.0,29.37,29728.63,1
2023-12-17,2023-12-17 13:41:00,1023.35,1023.38,1023.35,1023.38,0.0,29.37,29728.63,1
2023-12-17,2023-12-17 13:42:00,1023.38,1023.4,1023.38,1023.4,0.0,29.37,29728.63,1
2023-12-17,2023-12-17 13:43:00,1023.4,1023.42,1023.4,1023.42,0.0,29.37,29728.63,1
2023-12-17,2023-12-17 13:44:00,1023.42,1023.44,1023.42,1023.44,0.0,29.37,29728.63,1
2023-12-17,2023-12-17 13:45:00,1023.44,1023.46,1023.44,1023.46,0.0,29.37,29728.63,1
2023-12-17,2023-12-17 13:46:00,1023.46,1023.48,1023.46,1023.48,0.0,29.37,29728.63,1
2023-12-17,2023-12-17 13:47:00,1023.48,1023.5,1023.48,1023.5,0.0,29.37,29728.63,1
2023-12-17,2023-12-17 13:48:00,1023.5,1023.52,1023.5,1023.52,0.0,29.37,29728.63,1
2023-12-17,2023-12-17 13:49:00,1023.52,1023.54,1023.52,1023.54,0.0,29.37,29728.63,1
2023-12-17,2023-12-17 13:50:00,1023.54,1023.56,1023.54,1023.56,0.0,29.37,29728.63,1
2023-12-17,2023-12-17 13:51:00,1023.56,1023.58,1023.56,1023.58,0.0,29.37,29728.63,1
2023-12-17,2023-12-17 13:52:00,1023.58,1023.6,1023.58,1023.6,0.0,29.37,29728.63,1
2023-12-17,2023-12-17 13:53:00,1023.6,1023.62,1023.6,1023.62,0.0,29.37,29728.63,1
2023-12-17,2023-12-17 13:54:00,1023.62,1023.65,1023.62,1023.65,0.0,29.37,29728.63,1
2023-12-17,2023-12-17 13:55:00,1023.65,1023.67,1023.65,1023.67,0.0,29.37,29728.63,1
2023-12-17,2023-12-17 13:56:00,1023.67,1023.69,1023.67,1023.69,0.0,29.37,29728.63,1
2023-12-17,2023-12-17 13:57:00,1023.69,1023.71,1023.69,1023.71,0.0,29.37,29728.63,1
2023-12-17,2023-12-17 13:58:00,1023.71,1023.73,1023.71,1023.73,0.0,29.37,29728.63,1
2023-12-17,2023-12-17 13:59:00,1023.73,1023.75,1023.73,1023.75,0.0,29.37,29728.63,1
2023-12-17,2023-12-17 14:00:00,1023.75,1023.77,1023.75,1023.77,0.0,29.37,29728.63,1
2023-12-17,2023-12-17 14:01:00,1023.77,1023.79,1023.77,1023.79,0.0,29.37,29728.63,1
2023-12-17,2023-12-17 14:02:00,1023.79,1023.81,1023.79,1023.81,0.0,29.37,29728.63,1
2023-12-17,2023-12-17 14:03:00,1023.81,1023.83,1023.81,1023.83,0.0,29.37,29728.63,1
2023-12-17,2023-12-17 14:04:00,1023.83,1023.85,1023.83,1023.85,0.0,29.37,29728.63,1
2023-12-17,2023-12-17 14:05:00,1023.85,1023.88,1023.85,1023.88,0.0,29.37,29728.63,1
2023-12-17,2023-12-17 14:06:00,1023.88,1023.9,1023.88,1023.9,0.0,29.37,29728.63,1
2023-12-17,2023-12-17 14:07:00,1023.9,1023.92,1023.9,1023.92,0.0,29.37,29728.63,1
2023-12-17,2023-12-17 14:08:00,1023.92,1023.94,1023.92,1023.94,0.0,29.37,29728.63,1
2023-12-17,2023-12-17 14:09:00,1023.94,1023.96,1023.94,1023.96,0.0,29.37,29728.63,1
2023-12-17,2023-12-17 14:10:00,1023.96,1023.98,1023.96,1023.98,0.0,29.37,29728.63,1
2023-12-17,2023-12-17 14:11:00,1023.98,1024.0,1023.98,1024.0,0.0,29.37,29728.63,1
2023-12-17,2023-12-17 14:12:00,1024.0,1024.02,1024.0,1024.02,0.0,29.37,29728.63,1
2023-12-17,2023-12-17 14:13:00,1024.02,1024.04,1024.02,1024.04,0.0,29.37,29728.63,1
2023-12-17,2023-12-17 14:14:00,1024.04,1024.06,1024.04,1024.06,0.0,29.37,29728.63,1
2023-12-17,2023-12-17 14:15:00,1024.06,1024.08,1024.06,1024.08,0.0,29.37,29728.63,1
2023-12-17,2023-12-17 14:16:00,1024.08,1024.1,1024.08,1024.1,0.0,29.37,29728.63,1
2023-12-17,2023-12-17 14:17:00,1024.1,1024.12,1024.1,1024.12,0.0,29.37,29728.63,1
2023-12-17,2023-12-17 14:18:00,1024.12,1024.15,1024.12,1024.15,0.0,29.37,29728.63,1
2023-12-17,2023-12-17 14:19:00,1024.15,1024.17,1024.15,1024.17,0.0,29.37,29728.63,1
2023-12-17,2023-12-17 14:20:00,1024.17,1024.19,1024.17,1024.19,0.0,29.37,29728.63,1
2023-12-17,2023-12-17 14:21:00,1024.19,1024.21,1024.19,1024.21,0.0,29.37,29728.63,1
2023-12-17,2023-12-17 14:22:00,1024.21,1024.23,1024.21,1024.23,0.0,29.37,29728.63,1
2023-12-17,2023-12-17 14:23:00,1024.23,1024.25,1024.23,1024.25,0.0,29.37,29728.63,1
2023-12-17,2023-12-17 14:24:00,1024.25,1024.27,1024.25,1024.27,0.0,29.37,29728.63,1
2023-12-17,2023-12-17 14:25:00,1024.27,1024.29,1024.27,1024.29,0.0,29.37,29728.63,1
2023-12-17,2023-12-17 14:26:00,1024.29,1024.31,1024.29,1024.31,0.0,29.37,29728.63,1
2023-12-17,2023-12-17 14:27:00,1024.31,1024.33,1024.31,1024.33,0.0,29.37,29728.63,1
2023-12-17,2023-12-17 14:28:00,1024.33,1024.35,1024.33,1024.35,0.0,29.37,29728.63,1
2023-12-17,2023-12-17 14:29:00,1024.35,1024.38,1024.35,1024.38,0.0,29.37,29728.63,1
2023-12-17,2023-12-17 14:30:00,1024.38,1024.4,1024.38,1024.4,0.0,29.37,29728.63,1
2023-12-17,2023-12-17 14:31:00,1024.4,1024.42,1024.4,1024.42,0.0,29.37,29728.63,1
2023-12-17,2023-12-17 14:32:00,1024.42,1024.44,1024.42,1024.44,0.0,29.37,29728.63,1
2023-12-17,2023-12-17 14:33:00,1024.44,1024.46,1024.44,1024.46,0.0,29.37,29728.63,1
2023-12-17,2023-12-17 14:34:00,1024.46,1024.48,1024.46,1024.48,0.0,29.37,29728.63,1
2023-12-17,2023-12-17 14:35:00,1024.48,1024.5,1024.48,1024.5,0.0,29.37,29728.63,1
2023-12-17,2023-12-17 14:36:00,1024.5,1024.52,1024.5,1024.52,0.0,29.37,29728.63,1
2023-12-17,2023-12-17 14:37:00,1024.52,1024.54,1024.52,1024.54,0.0,29.37,29728.63,1
2023-12-17,2023-12-17 14:38:00,1024.54,1024.56,1024.54,1024.56,0.0,29.37,29728.63,1
2023-12-17,2023-12-17 14:39:00,1024.56,1024.58,1024.56,1024.58,0.0,29.37,29728.63,1
2023-12-17,2023-12-17 14:40:00,1024.58,1024.6,1024.58,1024.6,0.0,29.37,29728.63,1
2023-12-17,2023-12-17 14:41:00,1024.6,1024.62,1024.6,1024.62,0.0,29.37,29728.63,1
2023-12-17,2023-12-17 14:42:00,1024.62,1024.65,1024.62,1024.65,0.0,29.37,29728.63,1
2023-12-17,2023-12-17 14:43:00,1024.65,1024.67,1024.65,1024.67,0.0,29.37,29728.63,1
2023-12-17,2023-12-17 14:44:00,1024.67,1024.69,1024.67,1024.69,0.0,29.37,29728.63,1
2023-12-17,2023-12-17 14:45:00,1024.69,1024.71,1024.69,1024.71,0.0,29.37,29728.63,1
2023-12-17,2023-12-17 14:46:00,1024.71,1024.73,1024.71,1024.73,0.0,29.37,29728.63,1
2023-12-17,2023-12-17 14:47:00,1024.73,1024.75,1024.73,1024.75,0.0,29.37,29728.63,1
2023-12-17,2023-12-17 14:48:00,1024.75,1024.77,1024.75,1024.77,0.0,29.37,29728.63,1
2023-12-17,2023-12-17 14:49:00,1024.77,1024.79,1024.77,1024.79,0.0,29.37,29728.63,1
2023-12-17,2023-12-17 14:50:00,1024.79,1024.81,1024.79,1024.81,0.0,29.37,29728.63,1
2023-12-17,2023-12-17 14:51:00,1024.81,1024.83,1024.81,1024.83,0.0,29.37,29728.63,1
2023-12-17,2023-12-17 14:52:00,1024.83,1024.85,1024.83,1024.85,0.0,29.37,29728.63,1
2023-12-17,2023-12-17 14:53:00,1024.85,1024.88,1024.85,1024.88,0.0,29.37,29728.63,1
2023-12-17,2023-12-17 14:54:00,1024.88,1024.9,1024.88,1024.9,0.0,29.37,29728.63,1
2023-12-17,2023-12-17 14:55:00,1024.9,1024.92,1024.9,1024.92,0.0,29.37,29728.63,1
2023-12-17,2023-12-17 14:56:00,1024.92,1024.94,1024.92,1024.94,0.0,29.37,29728.63,1
2023-12-17,2023-12-17 14:57:00,1024.94,1024.96,1024.94,1024.96,0.0,29.37,29728.63,1
2023-12-17,2023-12-17 14:58:00,1024.96,1024.98,1024.96,1024.98,0.0,29.37,29728.63,1
2023-12-17,2023-12-17 14:59:00,1024.98,1025.0,1024.98,1025.0,0.0,29.37,29728.63,1
2023-12-17,2023-12-17 15:00:00,1025.0,1103.0,999.6,1025.0,0.0,29.37,29728.63,0
2023-12-18,2023-12-18 11:00:00,1004.5,1030.15,1004.5,1004.83,0.03,42.49,45357.5,1
2023-12-18,2023-12-18 11:01:00,1004.83,1005.16,1004.83,1005.16,0.03,42.49,45357.5,1
2023-12-18,2023-12-18 11:02:00,1005.16,1005.49,1005.16,1005.49,0.03,42.49,45357.5,1
2023-12-18,2023-12-18 11:03:00,1005.49,1005.82,1005.49,1005.82,0.03,42.49,45357.5,1
2023-12-18,2023-12-18 11:04:00,1005.82,1006.15,1005.82,1006.15,0.03,42.49,45357.5,1
2023-12-18,2023-12-18 11:05:00,1006.15,1006.49,1006.15,1006.49,0.03,42.49,45357.5,1
2023-12-18,2023-12-18 11:06:00,1006.49,1006.82,1006.49,1006.82,0.03,42.49,45357.5,1
2023-12-18,2023-12-18 11:07:00,1006.82,1007.15,1006.82,1007.15,0.03,42.49,45357.5,1
2023-12-18,2023-12-18 11:08:00,1007.15,1007.48,1007.15,1007.48,0.03,42.49,45357.5,1
2023-12-18,2023-12-18 11:09:00,1007.48,1007.81,1007.48,1007.81,0.03,42.49,45357.5,1
2023-12-18,2023-12-18 11:10:00,1007.81,1008.14,1007.81,1008.14,0.03,42.49,45357.5,1
2023-12-18,2023-12-18 11:11:00,1008.14,1008.47,1008.14,1008.47,0.03,42.49,45357.5,1
2023-12-18,2023-12-18 11:12:00,1008.47,1008.8,1008.47,1008.8,0.03,42.49,45357.5,1
2023-12-18,2023-12-18 11:13:00,1008.8,1009.13,1008.8,1009.13,0.03,42.49,45357.5,1
2023-12-18,2023-12-18 11:14:00,1009.13,1009.46,1009.13,1009.46,0.03,42.49,45357.5,1
2023-12-18,2023-12-18 11:15:00,1009.46,1009.79,1009.46,1009.79,0.03,42.49,45357.5,1
2023-12-18,2023-12-18 11:16:00,1009.79,1010.12,1009.79,1010.12,0.03,42.49,45357.5,1
2023-12-18,2023-12-18 11:17:00,1010.12,1010.46,1010.12,1010.46,0.03,42.49,45357.5,1
2023-12-18,2023-12-18 11:18:00,1010.46,1010.79,1010.46,1010.79,0.03,42.49,45357.5,1
2023-12-18,2023-12-18 11:19:00,1010.79,1011.12,1010.79,1011.12,0.03,42.49,45357.5,1
2023-12-18,2023-12-18 11:20:00,1011.12,1011.45,1011.12,1011.45,0.03,42.49,45357.5,1
2023-12-18,2023-12-18 11:21:00,1011.45,1011.78,1011.45,1011.78,0.03,42.49,45357.5,1
2023-12-18,2023-12-18 11:22:00,1011.78,1012.11,1011.78,1012.11,0.03,42.49,45357.5,1
2023-12-18,2023-12-18 11:23:00,1012.11,1012.44,1012.11,1012.44,0.03,42.49,45357.5,1
2023-12-18,2023-12-18 11:24:00,1012.44,1012.77,1012.44,1012.77,0.03,42.49,45357.5,1
2023-12-18,2023-12-18 11:25:00,1012.77,1013.1,1012.77,1013.1,0.03,42.49,45357.5,1
2023-12-18,2023-12-18 11:26:00,1013.1,1013.43,1013.1,1013.43,0.03,42.49,45357.5,1
2023-12-18,2023-12-18 11:27:00,1013.43,1013.76,1013.43,1013.76,0.03,42.49,45357.5,1
2023-12-18,2023-12-18 11:28:00,1013.76,1014.09,1013.76,1014.09,0.03,42.49,45357.5,1
2023-12-18,2023-12-18 11:29:00,1014.09,1014.42,1014.09,1014.42,0.03,42.49,45357.5,1
2023-12-18,2023-12-18 11:30:00,1014.42,1014.76,1014.42,1014.76,0.03,42.49,45357.5,1
2023-12-18,2023-12-18 11:31:00,1014.76,1015.09,1014.76,1015.09,0.03,42.49,45357.5,1
2023-12-18,2023-12-18 11:32:00,1015.09,1015.42,1015.09,1015.42,0.03,42.49,45357.5,1
2023-12-18,2023-12-18 11:33:00,1015.42,1015.75,1015.42,1015.75,0.03,42.49,45357.5,1
2023-12-18,2023-12-18 11:34:00,1015.75,1016.08,1015.75,1016.08,0.03,42.49,45357.5,1
2023-12-18,2023-12-18 11:35:00,1016.08,1016.41,1016.08,1016.41,0.03,42.49,45357.5,1
2023-12-18,2023-12-18 11:36:00,1016.41,1016.74,1016.41,1016.74,0.03,42.49,45357.5,1
2023-12-18,2023-12-18 11:37:00,1016.74,1017.07,1016.74,1017.07,0.03,42.49,45357.5,1
2023-12-18,2023-12-18 11:38:00,1017.07,1017.4,1017.07,1017.4,0.03,42.49,45357.5,1
2023-12-18,2023-12-18 11:39:00,1017.4,1017.73,1017.4,1017.73,0.03,42.49,45357.5,1
2023-12-18,2023-12-18 11:40:00,1017.73,1018.06,1017.73,1018.06,0.03,42.49,45357.5,1
2023-12-18,2023-12-18 11:41:00,1018.06,1018.39,1018.06,1018.39,0.03,42.49,45357.5,1
2023-12-18,2023-12-18 11:42:00,1018.39,1018.73,1018.39,1018.73,0.03,42.49,45357.5,1
2023-12-18,2023-12-18 11:43:00,1018.73,1019.06,1018.73,1019.06,0.03,42.49,45357.5,1
2023-12-18,2023-12-18 11:44:00,1019.06,1019.39,1019.06,1019.39,0.03,42.49,45357.5,1
2023-12-18,2023-12-18 11:45:00,1019.39,1019.72,1019.39,1019.72,0.03,42.49,45357.5,1
2023-12-18,2023-12-18 11:46:00,1019.72,1020.05,1019.72,1020.05,0.03,42.49,45357.5,1
2023-12-18,2023-12-18 11:47:00,1020.05,1020.38,1020.05,1020.38,0.03,42.49,45357.5,1
2023-12-18,2023-12-18 11:48:00,1020.38,1020.71,1020.38,1020.71,0.03,42.49,45357.5,1
2023-12-18,2023-12-18 11:49:00,1020.71,1021.04,1020.71,1021.04,0.03,42.49,45357.5,1
2023-12-18,2023-12-18 11:50:00,1021.04,1021.37,1021.04,1021.37,0.03,42.49,45357.5,1
2023-12-18,2023-12-18 11:51:00,1021.37,1021.7,1021.37,1021.7,0.03,42.49,45357.5,1
2023-12-18,2023-12-18 11:52:00,1021.7,1022.03,1021.7,1022.03,0.03,42.49,45357.5,1
2023-12-18,2023-12-18 11:53:00,1022.03,1022.37,1022.03,1022.37,0.03,42.49,45357.5,1
2023-12-18,2023-12-18 11:54:00,1022.37,1022.7,1022.37,1022.7,0.03,42.49,45357.5,1
2023-12-18,2023-12-18 11:55:00,1022.7,1023.03,1022.7,1023.03,0.03,42.49,45357.5,1
2023-12-18,2023-12-18 11:56:00,1023.03,1023.36,1023.03,1023.36,0.03,42.49,45357.5,1
2023-12-18,2023-12-18 11:57:00,1023.36,1023.69,1023.36,1023.69,0.03,42.49,45357.5,1
2023-12-18,2023-12-18 11:58:00,1023.69,1024.02,1023.69,1024.02,0.03,42.49,45357.5,1
2023-12-18,2023-12-18 11:59:00,1024.02,1024.35,1024.02,1024.35,0.03,42.49,45357.5,1
2023-12-18,2023-12-18 12:00:00,1024.35,1024.68,1024.35,1024.68,0.03,42.49,45357.5,1
2023-12-18,2023-12-18 12:01:00,1024.68,1025.01,1024.68,1025.01,0.03,42.49,45357.5,1
2023-12-18,2023-12-18 12:02:00,1025.01,1025.34,1025.01,1025.34,0.03,42.49,45357.5,1
2023-12-18,2023-12-18 12:03:00,1025.34,1025.67,1025.34,1025.67,0.03,42.49,45357.5,1
2023-12-18,2023-12-18 12:04:00,1025.67,1026.0,1025.67,1026.0,0.03,42.49,45357.5,1
2023-12-18,2023-12-18 12:05:00,1026.0,1026.34,1026.0,1026.34,0.03,42.49,45357.5,1
2023-12-18,2023-12-18 12:06:00,1026.34,1026.67,1026.34,1026.67,0.03,42.49,45357.5,1
2023-12-18,2023-12-18 12:07:00,1026.67,1027.0,1026.67,1027.0,0.03,42.49,45357.5,1
2023-12-18,2023-12-18 12:08:00,1027.0,1027.33,1027.0,1027.33,0.03,42.49,45357.5,1
2023-12-18,2023-12-18 12:09:00,1027.33,1027.66,1027.33,1027.66,0.03,42.49,45357.5,1
2023-12-18,2023-12-18 12:10:00,1027.66,1027.99,1027.66,1027.99,0.03,42.49,45357.5,1
2023-12-18,2023-12-18 12:11:00,1027.99,1028.32,1027.99,1028.32,0.03,42.49,45357.5,1
2023-12-18,2023-12-18 12:12:00,1028.32,1028.65,1028.32,1028.65,0.03,42.49,45357.5,1
2023-12-18,2023-12-18 12:13:00,1028.65,1028.98,1028.65,1028.98,0.03,42.49,45357.5,1
2023-12-18,2023-12-18 12:14:00,1028.98,1029.31,1028.98,1029.31,0.03,42.49,45357.5,1
2023-12-18,2023-12-18 12:15:00,1029.31,1029.64,1029.31,1029.64,0.03,42.49,45357.5,1
2023-12-18,2023-12-18 12:16:00,1029.64,1029.97,1029.64,1029.97,0.03,42.49,45357.5,1
2023-12-18,2023-12-18 12:17:00,1029.97,1030.31,1029.97,1030.31,0.03,42.49,45357.5,1
2023-12-18,2023-12-18 12:18:00,1030.31,1030.64,1030.31,1030.64,0.03,42.49,45357.5,1
2023-12-18,2023-12-18 12:19:00,1030.64,1030.97,1030.64,1030.97,0.03,42.49,45357.5,1
2023-12-18,2023-12-18 12:20:00,1030.97,1031.3,1030.97,1031.3,0.03,42.49,45357.5,1
2023-12-18,2023-12-18 12:21:00,1031.3,1031.63,1031.3,1031.63,0.03,42.49,45357.5,1
2023-12-18,2023-12-18 12:22:00,1031.63,1031.96,1031.63,1031.96,0.03,42.49,45357.5,1
2023-12-18,2023-12-18 12:23:00,1031.96,1032.29,1031.96,1032.29,0.03,42.49,45357.5,1
2023-12-18,2023-12-18 12:24:00,1032.29,1032.62,1032.29,1032.62,0.03,42.49,45357.5,1
2023-12-18,2023-12-18 12:25:00,1032.62,1032.95,1032.62,1032.95,0.03,42.49,45357.5,1
2023-12-18,2023-12-18 12:26:00,1032.95,1033.28,1032.95,1033.28,0.03,42.49,45357.5,1
2023-12-18,2023-12-18 12:27:00,1033.28,1033.61,1033.28,1033.61,0.03,42.49,45357.5,1
2023-12-18,2023-12-18 12:28:00,1033.61,1033.94,1033.61,1033.94,0.03,42.49,45357.5,1
2023-12-18,2023-12-18 12:29:00,1033.94,1034.28,1033.94,1034.28,0.03,42.49,45357.5,1
2023-12-18,2023-12-18 12:30:00,1034.28,1034.61,1034.28,1034.61,0.03,42.49,45357.5,1
2023-12-18,2023-12-18 12:31:00,1034.61,1034.94,1034.61,1034.94,0.03,42.49,45357.5,1
2023-12-18,2023-12-18 12:32:00,1034.94,1035.27,1034.94,1035.27,0.03,42.49,45357.5,1
2023-12-18,2023-12-18 12:33:00,1035.27,1035.6,1035.27,1035.6,0.03,42.49,45357.5,1
2023-12-18,2023-12-18 12:34:00,1035.6,1035.93,1035.6,1035.93,0.03,42.49,45357.5,1
2023-12-18,2023-12-18 12:35:00,1035.93,1036.26,1035.93,1036.26,0.03,42.49,45357.5,1
2023-12-18,2023-12-18 12:36:00,1036.26,1036.59,1036.26,1036.59,0.03,42.49,45357.5,1
2023-12-18,2023-12-18 12:37:00,1036.59,1036.92,1036.59,1036.92,0.03,42.49,45357.5,1
2023-12-18,2023-12-18 12:38:00,1036.92,1037.25,1036.92,1037.25,0.03,42.49,45357.5,1
2023-12-18,2023-12-18 12:39:00,1037.25,1037.58,1037.25,1037.58,0.03,42.49,45357.5,1
2023-12-18,2023-12-18 12:40:00,1037.58,1037.91,1037.58,1037.91,0.03,42.49,45357.5,1
2023-12-18,2023-12-18 12:41:00,1037.91,1038.25,1037.91,1038.25,0.03,42.49,45357.5,1
2023-12-18,2023-12-18 12:42:00,1038.25,1038.58,1038.25,1038.58,0.03,42.49,45357.5,1
2023-12-18,2023-12-18 12:43:00,1038.58,1038.91,1038.58,1038.91,0.03,42.49,45357.5,1
2023-12-18,2023-12-18 12:44:00,1038.91,1039.24,1038.91,1039.24,0.03,42.49,45357.5,1
2023-12-18,2023-12-18 12:45:00,1039.24,1039.57,1039.24,1039.57,0.03,42.49,45357.5,1
2023-12-18,2023-12-18 12:46:00,1039.57,1039.9,1039.57,1039.9,0.03,42.49,45357.5,1
2023-12-18,2023-12-18 12:47:00,1039.9,1040.23,1039.9,1040.23,0.03,42.49,45357.5,1
2023-12-18,2023-12-18 12:48:00,1040.23,1040.56,1040.23,1040.56,0.03,42.49,45357.5,1
2023-12-18,2023-12-18 12:49:00,1040.56,1040.89,1040.56,1040.89,0.03,42.49,45357.5,1
2023-12-18,2023-12-18 12:50:00,1040.89,1041.22,1040.89,1041.22,0.03,42.49,45357.5,1
2023-12-18,2023-12-18 12:51:00,1041.22,1041.55,1041.22,1041.55,0.03,42.49,45357.5,1
2023-12-18,2023-12-18 12:52:00,1041.55,1041.88,1041.55,1041.88,0.03,42.49,45357.5,1
2023-12-18,2023-12-18 12:53:00,1041.88,1042.22,1041.88,1042.22,0.03,42.49,45357.5,1
2023-12-18,2023-12-18 12:54:00,1042.22,1042.55,1042.22,1042.55,0.03,42.49,45357.5,1
2023-12-18,2023-12-18 12:55:00,1042.55,1042.88,1042.55,1042.88,0.03,42.49,45357.5,1
2023-12-18,2023-12-18 12:56:00,1042.88,1043.21,1042.88,1043.21,0.03,42.49,45357.5,1
2023-12-18,2023-12-18 12:57:00,1043.21,1043.54,1043.21,1043.54,0.03,42.49,45357.5,1
2023-12-18,2023-12-18 12:58:00,1043.54,1043.87,1043.54,1043.87,0.03,42.49,45357.5,1
2023-12-18,2023-12-18 12:59:00,1043.87,1044.2,1043.87,1044.2,0.03,42.49,45357.5,1
2023-12-18,2023-12-18 13:00:00,1044.2,1090.0,1004.5,1044.53,0.03,42.49,45357.5,1
2023-12-18,2023-12-18 13:01:00,1044.53,1044.86,1044.53,1044.86,0.03,42.49,45357.5,1
2023-12-18,2023-12-18 13:02:00,1044.86,1045.19,1044.86,1045.19,0.03,42.49,45357.5,1
2023-12-18,2023-12-18 13:03:00,1045.19,1045.52,1045.19,1045.52,0.03,42.49,45357.5,1
2023-12-18,2023-12-18 13:04:00,1045.52,1045.85,1045.52,1045.85,0.03,42.49,45357.5,1
2023-12-18,2023-12-18 13:05:00,1045.85,1046.18,1045.85,1046.18,0.03,42.49,45357.5,1
2023-12-18,2023-12-18 13:06:00,1046.18,1046.52,1046.18,1046.52,0.03,42.49,45357.5,1
2023-12-18,2023-12-18 13:07:00,1046.52,1046.85,1046.52,1046.85,0.03,42.49,45357.5,1
2023-12-18,2023-12-18 13:08:00,1046.85,1047.18,1046.85,1047.18,0.03,42.49,45357.5,1
2023-12-18,2023-12-18 13:09:00,1047.18,1047.51,1047.18,1047.51,0.03,42.49,45357.5,1
2023-12-18,2023-12-18 13:10:00,1047.51,1047.84,1047.51,1047.84,0.03,42.49,45357.5,1
2023-12-18,2023-12-18 13:11:00,1047.84,1048.17,1047.84,1048.17,0.03,42.49,45357.5,1
2023-12-18,2023-12-18 13:12:00,1048.17,1048.5,1048.17,1048.5,0.03,42.49,45357.5,1
2023-12-18,2023-12-18 13:13:00,1048.5,1048.83,1048.5,1048.83,0.03,42.49,45357.5,1
2023-12-18,2023-12-18 13:14:00,1048.83,1049.16,1048.83,1049.16,0.03,42.49,45357.5,1
2023-12-18,2023-12-18 13:15:00,1049.16,1049.49,1049.16,1049.49,0.03,42.49,45357.5,1
2023-12-18,2023-12-18 13:16:00,1049.49,1049.82,1049.49,1049.82,0.03,42.49,45357.5,1
2023-12-18,2023-12-18 13:17:00,1049.82,1050.15,1049.82,1050.15,0.03,42.49,45357.5,1
2023-12-18,2023-12-18 13:18:00,1050.15,1050.49,1050.15,1050.49,0.03,42.49,45357.5,1
2023-12-18,2023-12-18 13:19:00,1050.49,1050.82,1050.49,1050.82,0.03,42.49,45357.5,1
2023-12-18,2023-12-18 13:20:00,1050.82,1051.15,1050.82,1051.15,0.03,42.49,45357.5,1
2023-12-18,2023-12-18 13:21:00,1051.15,1051.48,1051.15,1051.48,0.03,42.49,45357.5,1
2023-12-18,2023-12-18 13:22:00,1051.48,1051.81,1051.48,1051.81,0.03,42.49,45357.5,1
2023-12-18,2023-12-18 13:23:00,1051.81,1052.14,1051.81,1052.14,0.03,42.49,45357.5,1
2023-12-18,2023-12-18 13:24:00,1052.14,1052.47,1052.14,1052.47,0.03,42.49,45357.5,1
2023-12-18,2023-12-18 13:25:00,1052.47,1052.8,1052.47,1052.8,0.03,42.49,45357.5,1
2023-12-18,2023-12-18 13:26:00,1052.8,1053.13,1052.8,1053.13,0.03,42.49,45357.5,1
2023-12-18,2023-12-18 13:27:00,1053.13,1053.46,1053.13,1053.46,0.03,42.49,45357.5,1
2023-12-18,2023-12-18 13:28:00,1053.46,1053.79,1053.46,1053.79,0.03,42.49,45357.5,1
2023-12-18,2023-12-18 13:29:00,1053.79,1054.12,1053.79,1054.12,0.03,42.49,45357.5,1
2023-12-18,2023-12-18 13:30:00,1054.12,1054.46,1054.12,1054.46,0.03,42.49,45357.5,1
2023-12-18,2023-12-18 13:31:00,1054.46,1054.79,1054.46,1054.79,0.03,42.49,45357.5,1
2023-12-18,2023-12-18 13:32:00,1054.79,1055.12,1054.79,1055.12,0.03,42.49,45357.5,1
2023-12-18,2023-12-18 13:33:00,1055.12,1055.45,1055.12,1055.45,0.03,42.49,45357.5,1
2023-12-18,2023-12-18 13:34:00,1055.45,1055.78,1055.45,1055.78,0.03,42.49,45357.5,1
2023-12-18,2023-12-18 13:35:00,1055.78,1056.11,1055.78,1056.11,0.03,42.49,45357.5,1
2023-12-18,2023-12-18 13:36:00,1056.11,1056.44,1056.11,1056.44,0.03,42.49,45357.5,1
2023-12-18,2023-12-18 13:37:00,1056.44,1056.77,1056.44,1056.77,0.03,42.49,45357.5,1
2023-12-18,2023-12-18 13:38:00,1056.77,1057.1,1056.77,1057.1,0.03,42.49,45357.5,1
2023-12-18,2023-12-18 13:39:00,1057.1,1057.43,1057.1,1057.43,0.03,42.49,45357.5,1
2023-12-18,2023-12-18 13:40:00,1057.43,1057.76,1057.43,1057.76,0.03,42.49,45357.5,1
2023-12-18,2023-12-18 13:41:00,1057.76,1058.1,1057.76,1058.1,0.03,42.49,45357.5,1
2023-12-18,2023-12-18 13:42:00,1058.1,1058.43,1058.1,1058.43,0.03,42.49,45357.5,1
2023-12-18,2023-12-18 13:43:00,1058.43,1058.76,1058.43,1058.76,0.03,42.49,45357.5,1
2023-12-18,2023-12-18 13:44:00,1058.76,1059.09,1058.76,1059.09,0.03,42.49,45357.5,1
2023-12-18,2023-12-18 13:45:00,1059.09,1059.42,1059.09,1059.42,0.03,42.49,45357.5,1
2023-12-18,2023-12-18 13:46:00,1059.42,1059.75,1059.42,1059.75,0.03,42.49,45357.5,1
2023-12-18,2023-12-18 13:47:00,1059.75,1060.08,1059.75,1060.08,0.03,42.49,45357.5,1
2023-12-18,2023-12-18 13:48:00,1060.08,1060.41,1060.08,1060.41,0.03,42.49,45357.5,1
2023-12-18,2023-12-18 13:49:00,1060.41,1060.74,1060.41,1060.74,0.03,42.49,45357.5,1
2023-12-18,2023-12-18 13:50:00,1060.74,1061.07,1060.74,1061.07,0.03,42.49,45357.5,1
2023-12-18,2023-12-18 13:51:00,1061.07,1061.4,1061.07,1061.4,0.03,42.49,45357.5,1
2023-12-18,2023-12-18 13:52:00,1061.4,1061.73,1061.4,1061.73,0.03,42.49,45357.5,1
2023-12-18,2023-12-18 13:53:00,1061.73,1062.07,1061.73,1062.07,0.03,42.49,45357.5,1
2023-12-18,2023-12-18 13:54:00,1062.07,1062.4,1062.07,1062.4,0.03,42.49,45357.5,1
2023-12-18,2023-12-18 13:55:00,1062.4,1062.73,1062.4,1062.73,0.03,42.49,45357.5,1
2023-12-18,2023-12-18 13:56:00,1062.73,1063.06,1062.73,1063.06,0.03,42.49,45357.5,1
2023-12-18,2023-12-18 13:57:00,1063.06,1063.39,1063.06,1063.39,0.03,42.49,45357.5,1
2023-12-18,2023-12-18 13:58:00,1063.39,1063.72,1063.39,1063.72,0.03,42.49,45357.5,1
2023-12-18,2023-12-18 13:59:00,1063.72,1064.05,1063.72,1064.05,0.03,42.49,45357.5,1
2023-12-18,2023-12-18 14:00:00,1064.05,1064.38,1064.05,1064.38,0.03,42.49,45357.5,1
2023-12-18,2023-12-18 14:01:00,1064.38,1064.71,1064.38,1064.71,0.03,42.49,45357.5,1
2023-12-18,2023-12-18 14:02:00,1064.71,1065.04,1064.71,1065.04,0.03,42.49,45357.5,1
2023-12-18,2023-12-18 14:03:00,1065.04,1065.37,1065.04,1065.37,0.03,42.49,45357.5,1
2023-12-18,2023-12-18 14:04:00,1065.37,1065.7,1065.37,1065.7,0.03,42.49,45357.5,1
2023-12-18,2023-12-18 14:05:00,1065.7,1066.04,1065.7,1066.04,0.03,42.49,45357.5,1
2023-12-18,2023-12-18 14:06:00,1066.04,1066.37,1066.04,1066.37,0.03,42.49,45357.5,1
2023-12-18,2023-12-18 14:07:00,1066.37,1066.7,1066.37,1066.7,0.03,42.49,45357.5,1
2023-12-18,2023-12-18 14:08:00,1066.7,1067.03,1066.7,1067.03,0.03,42.49,45357.5,1
2023-12-18,2023-12-18 14:09:00,1067.03,1067.36,1067.03,1067.36,0.03,42.49,45357.5,1
2023-12-18,2023-12-18 14:10:00,1067.36,1067.69,1067.36,1067.69,0.03,42.49,45357.5,1
2023-12-18,2023-12-18 14:11:00,1067.69,1068.02,1067.69,1068.02,0.03,42.49,45357.5,1
2023-12-18,2023-12-18 14:12:00,1068.02,1068.35,1068.02,1068.35,0.03,42.49,45357.5,1
2023-12-18,2023-12-18 14:13:00,1068.35,1068.68,1068.35,1068.68,0.03,42.49,45357.5,1
2023-12-18,2023-12-18 14:14:00,1068.68,1069.01,1068.68,1069.01,0.03,42.49,45357.5,1
2023-12-18,2023-12-18 14:15:00,1069.01,1069.34,1069.01,1069.34,0.03,42.49,45357.5,1
2023-12-18,2023-12-18 14:16:00,1069.34,1069.67,1069.34,1069.67,0.03,42.49,45357.5,1
2023-12-18,2023-12-18 14:17:00,1069.67,1070.01,1069.67,1070.01,0.03,42.49,45357.5,1
2023-12-18,2023-12-18 14:18:00,1070.01,1070.34,1070.01,1070.34,0.03,42.49,45357.5,1
2023-12-18,2023-12-18 14:19:00,1070.34,1070.67,1070.34,1070.67,0.03,42.49,45357.5,1
2023-12-18,2023-12-18 14:20:00,1070.67,1071.0,1070.67,1071.0,0.03,42.49,45357.5,1
2023-12-18,2023-12-18 14:21:00,1071.0,1071.33,1071.0,1071.33,0.03,42.49,45357.5,1
2023-12-18,2023-12-18 14:22:00,1071.33,1071.66,1071.33,1071.66,0.03,42.49,45357.5,1
2023-12-18,2023-12-18 14:23:00,1071.66,1071.99,1071.66,1071.99,0.03,42.49,45357.5,1
2023-12-18,2023-12-18 14:24:00,1071.99,1072.32,1071.99,1072.32,0.03,42.49,45357.5,1
2023-12-18,2023-12-18 14:25:00,1072.32,1072.65,1072.32,1072.65,0.03,42.49,45357.5,1
2023-12-18,2023-12-18 14:26:00,1072.65,1072.98,1072.65,1072.98,0.03,42.49,45357.5,1
2023-12-18,2023-12-18 14:27:00,1072.98,1073.31,1072.98,1073.31,0.03,42.49,45357.5,1
2023-12-18,2023-12-18 14:28:00,1073.31,1073.64,1073.31,1073.64,0.03,42.49,45357.5,1
2023-12-18,2023-12-18 14:29:00,1073.64,1073.98,1073.64,1073.98,0.03,42.49,45357.5,1
2023-12-18,2023-12-18 14:30:00,1073.98,1074.31,1073.98,1074.31,0.03,42.49,45357.5,1
2023-12-18,2023-12-18 14:31:00,1074.31,1074.64,1074.31,1074.64,0.03,42.49,45357.5,1
2023-12-18,2023-12-18 14:32:00,1074.64,1074.97,1074.64,1074.97,0.03,42.49,45357.5,1
2023-12-18,2023-12-18 14:33:00,1074.97,1075.3,1074.97,1075.3,0.03,42.49,45357.5,1
2023-12-18,2023-12-18 14:34:00,1075.3,1075.63,1075.3,1075.63,0.03,42.49,45357.5,1
2023-12-18,2023-12-18 14:35:00,1075.63,1075.96,1075.63,1075.96,0.03,42.49,45357.5,1
2023-12-18,2023-12-18 14:36:00,1075.96,1076.29,1075.96,1076.29,0.03,42.49,45357.5,1
2023-12-18,2023-12-18 14:37:00,1076.29,1076.62,1076.29,1076.62,0.03,42.49,45357.5,1
2023-12-18,2023-12-18 14:38:00,1076.62,1076.95,1076.62,1076.95,0.03,42.49,45357.5,1
2023-12-18,2023-12-18 14:39:00,1076.95,1077.28,1076.95,1077.28,0.03,42.49,45357.5,1
2023-12-18,2023-12-18 14:40:00,1077.28,1077.61,1077.28,1077.61,0.03,42.49,45357.5,1
2023-12-18,2023-12-18 14:41:00,1077.61,1077.95,1077.61,1077.95,0.03,42.49,45357.5,1
2023-12-18,2023-12-18 14:42:00,1077.95,1078.28,1077.95,1078.28,0.03,42.49,45357.5,1
2023-12-18,2023-12-18 14:43:00,1078.28,1078.61,1078.28,1078.61,0.03,42.49,45357.5,1
2023-12-18,2023-12-18 14:44:00,1078.61,1078.94,1078.61,1078.94,0.03,42.49,45357.5,1
2023-12-18,2023-12-18 14:45:00,1078.94,1079.27,1078.94,1079.27,0.03,42.49,45357.5,1
2023-12-18,2023-12-18 14:46:00,1079.27,1079.6,1079.27,1079.6,0.03,42.49,45357.5,1
2023-12-18,2023-12-18 14:47:00,1079.6,1079.93,1079.6,1079.93,0.03,42.49,45357.5,1
2023-12-18,2023-12-18 14:48:00,1079.93,1080.26,1079.93,1080.26,0.03,42.49,45357.5,1
2023-12-18,2023-12-18 14:49:00,1080.26,1080.59,1080.26,1080.59,0.03,42.49,45357.5,1
2023-12-18,2023-12-18 14:50:00,1080.59,1080.92,1080.59,1080.92,0.03,42.49,45357.5,1
2023-12-18,2023-12-18 14:51:00,1080.92,1081.25,1080.92,1081.25,0.03,42.49,45357.5,1
2023-12-18,2023-12-18 14:52:00,1081.25,1081.58,1081.25,1081.58,0.03,42.49,45357.5,1
2023-12-18,2023-12-18 14:53:00,1081.58,1081.92,1081.58,1081.92,0.03,42.49,45357.5,1
2023-12-18,2023-12-18 14:54:00,1081.92,1082.25,1081.92,1082.25,0.03,42.49,45357.5,1
2023-12-18,2023-12-18 14:55:00,1082.25,1082.58,1082.25,1082.58,0.03,42.49,45357.5,1
2023-12-18,2023-12-18 14:56:00,1082.58,1082.91,1082.58,1082.91,0.03,42.49,45357.5,1
2023-12-18,2023-12-18 14:57:00,1082.91,1083.24,1082.91,1083.24,0.03,42.49,45357.5,1
2023-12-18,2023-12-18 14:58:00,1083.24,1083.57,1083.24,1083.57,0.03,42.49,45357.5,1
2023-12-18,2023-12-18 14:59:00,1083.57,1083.9,1083.57,1083.9,0.03,42.49,45357.5,1
2023-12-18,2023-12-18 15:00:00,1083.9,1090.0,1004.5,1083.9,0.0,42.49,45357.5,0
2023-12-19,2023-12-19 11:00:00,1100.0,1100.0,1088.0,1099.94,-0.01,24.72,26607.16,-1
2023-12-19,2023-12-19 11:01:00,1099.94,1099.94,1099.88,1099.88,-0.01,24.72,26607.16,-1
2023-12-19,2023-12-19 11:02:00,1099.88,1099.88,1099.81,1099.81,-0.01,24.72,26607.16,-1
2023-12-19,2023-12-19 11:03:00,1099.81,1099.81,1099.75,1099.75,-0.01,24.72,26607.16,-1
2023-12-19,2023-12-19 11:04:00,1099.75,1099.75,1099.69,1099.69,-0.01,24.72,26607.16,-1
2023-12-19,2023-12-19 11:05:00,1099.69,1099.69,1099.62,1099.62,-0.01,24.72,26607.16,-1
2023-12-19,2023-12-19 11:06:00,1099.62,1099.62,1099.56,1099.56,-0.01,24.72,26607.16,-1
2023-12-19,2023-12-19 11:07:00,1099.56,1099.56,1099.5,1099.5,-0.01,24.72,26607.16,-1
2023-12-19,2023-12-19 11:08:00,1099.5,1099.5,1099.44,1099.44,-0.01,24.72,26607.16,-1
2023-12-19,2023-12-19 11:09:00,1099.44,1099.44,1099.38,1099.38,-0.01,24.72,26607.16,-1
2023-12-19,2023-12-19 11:10:00,1099.38,1099.38,1099.31,1099.31,-0.01,24.72,26607.16,-1
2023-12-19,2023-12-19 11:11:00,1099.31,1099.31,1099.25,1099.25,-0.01,24.72,26607.16,-1
2023-12-19,2023-12-19 11:12:00,1099.25,1099.25,1099.19,1099.19,-0.01,24.72,26607.16,-1
2023-12-19,2023-12-19 11:13:00,1099.19,1099.19,1099.12,1099.12,-0.01,24.72,26607.16,-1
2023-12-19,2023-12-19 11:14:00,1099.12,1099.12,1099.06,1099.06,-0.01,24.72,26607.16,-1
2023-12-19,2023-12-19 11:15:00,1099.06,1099.06,1099.0,1099.0,-0.01,24.72,26607.16,-1
2023-12-19,2023-12-19 11:16:00,1099.0,1099.0,1098.94,1098.94,-0.01,24.72,26607.16,-1
2023-12-19,2023-12-19 11:17:00,1098.94,1098.94,1098.88,1098.88,-0.01,24.72,26607.16,-1
2023-12-19,2023-12-19 11:18:00,1098.88,1098.88,1098.81,1098.81,-0.01,24.72,26607.16,-1
2023-12-19,2023-12-19 11:19:00,1098.81,1098.81,1098.75,1098.75,-0.01,24.72,26607.16,-1
2023-12-19,2023-12-19 11:20:00,1098.75,1098.75,1098.69,1098.69,-0.01,24.72,26607.16,-1
2023-12-19,2023-12-19 11:21:00,1098.69,1098.69,1098.62,1098.62,-0.01,24.72,26607.16,-1
2023-12-19,2023-12-19 11:22:00,1098.62,1098.62,1098.56,1098.56,-0.01,24.72,26607.16,-1
2023-12-19,2023-12-19 11:23:00,1098.56,1098.56,1098.5,1098.5,-0.01,24.72,26607.16,-1
2023-12-19,2023-12-19 11:24:00,1098.5,1098.5,1098.44,1098.44,-0.01,24.72,26607.16,-1
2023-12-19,2023-12-19 11:25:00,1098.44,1098.44,1098.38,1098.38,-0.01,24.72,26607.16,-1
2023-12-19,2023-12-19 11:26:00,1098.38,1098.38,1098.31,1098.31,-0.01,24.72,26607.16,-1
2023-12-19,2023-12-19 11:27:00,1098.31,1098.31,1098.25,1098.25,-0.01,24.72,26607.16,-1
2023-12-19,2023-12-19 11:28:00,1098.25,1098.25,1098.19,1098.19,-0.01,24.72,26607.16,-1
2023-12-19,2023-12-19 11:29:00,1098.19,1098.19,1098.12,1098.12,-0.01,24.72,26607.16,-1
2023-12-19,2023-12-19 11:30:00,1098.12,1098.12,1098.06,1098.06,-0.01,24.72,26607.16,-1
2023-12-19,2023-12-19 11:31:00,1098.06,1098.06,1098.0,1098.0,-0.01,24.72,26607.16,-1
2023-12-19,2023-12-19 11:32:00,1098.0,1098.0,1097.94,1097.94,-0.01,24.72,26607.16,-1
2023-12-19,2023-12-19 11:33:00,1097.94,1097.94,1097.88,1097.88,-0.01,24.72,26607.16,-1
2023-12-19,2023-12-19 11:34:00,1097.88,1097.88,1097.81,1097.81,-0.01,24.72,26607.16,-1
2023-12-19,2023-12-19 11:35:00,1097.81,1097.81,1097.75,1097.75,-0.01,24.72,26607.16,-1
2023-12-19,2023-12-19 11:36:00,1097.75,1097.75,1097.69,1097.69,-0.01,24.72,26607.16,-1
2023-12-19,2023-12-19 11:37:00,1097.69,1097.69,1097.62,1097.62,-0.01,24.72,26607.16,-1
2023-12-19,2023-12-19 11:38:00,1097.62,1097.62,1097.56,1097.56,-0.01,24.72,26607.16,-1
2023-12-19,2023-12-19 11:39:00,1097.56,1097.56,1097.5,1097.5,-0.01,24.72,26607.16,-1
2023-12-19,2023-12-19 11:40:00,1097.5,1097.5,1097.44,1097.44,-0.01,24.72,26607.16,-1
2023-12-19,2023-12-19 11:41:00,1097.44,1097.44,1097.38,1097.38,-0.01,24.72,26607.16,-1
2023-12-19,2023-12-19 11:42:00,1097.38,1097.38,1097.31,1097.31,-0.01,24.72,26607.16,-1
2023-12-19,2023-12-19 11:43:00,1097.31,1097.31,1097.25,1097.25,-0.01,24.72,26607.16,-1
2023-12-19,2023-12-19 11:44:00,1097.25,1097.25,1097.19,1097.19,-0.01,24.72,26607.16,-1
2023-12-19,2023-12-19 11:45:00,1097.19,1097.19,1097.12,1097.12,-0.01,24.72,26607.16,-1
2023-12-19,2023-12-19 11:46:00,1097.12,1097.12,1097.06,1097.06,-0.01,24.72,26607.16,-1
2023-12-19,2023-12-19 11:47:00,1097.06,1097.06,1097.0,1097.0,-0.01,24.72,26607.16,-1
2023-12-19,2023-12-19 11:48:00,1097.0,1097.0,1096.94,1096.94,-0.01,24.72,26607.16,-1
2023-12-19,2023-12-19 11:49:00,1096.94,1096.94,1096.88,1096.88,-0.01,24.72,26607.16,-1
2023-12-19,2023-12-19 11:50:00,1096.88,1096.88,1096.81,1096.81,-0.01,24.72,26607.16,-1
2023-12-19,2023-12-19 11:51:00,1096.81,1096.81,1096.75,1096.75,-0.01,24.72,26607.16,-1
2023-12-19,2023-12-19 11:52:00,1096.75,1096.75,1096.69,1096.69,-0.01,24.72,26607.16,-1
2023-12-19,2023-12-19 11:53:00,1096.69,1096.69,1096.62,1096.62,-0.01,24.72,26607.16,-1
2023-12-19,2023-12-19 11:54:00,1096.62,1096.62,1096.56,1096.56,-0.01,24.72,26607.16,-1
2023-12-19,2023-12-19 11:55:00,1096.56,1096.56,1096.5,1096.5,-0.01,24.72,26607.16,-1
2023-12-19,2023-12-19 11:56:00,1096.5,1096.5,1096.44,1096.44,-0.01,24.72,26607.16,-1
2023-12-19,2023-12-19 11:57:00,1096.44,1096.44,1096.38,1096.38,-0.01,24.72,26607.16,-1
2023-12-19,2023-12-19 11:58:00,1096.38,1096.38,1096.31,1096.31,-0.01,24.72,26607.16,-1
2023-12-19,2023-12-19 11:59:00,1096.31,1096.31,1096.25,1096.25,-0.01,24.72,26607.16,-1
2023-12-19,2023-12-19 12:00:00,1096.25,1096.25,1096.19,1096.19,-0.01,24.72,26607.16,-1
2023-12-19,2023-12-19 12:01:00,1096.19,1096.19,1096.12,1096.12,-0.01,24.72,26607.16,-1
2023-12-19,2023-12-19 12:02:00,1096.12,1096.12,1096.06,1096.06,-0.01,24.72,26607.16,-1
2023-12-19,2023-12-19 12:03:00,1096.06,1096.06,1096.0,1096.0,-0.01,24.72,26607.16,-1
2023-12-19,2023-12-19 12:04:00,1096.0,1096.0,1095.94,1095.94,-0.01,24.72,26607.16,-1
2023-12-19,2023-12-19 12:05:00,1095.94,1095.94,1095.88,1095.88,-0.01,24.72,26607.16,-1
2023-12-19,2023-12-19 12:06:00,1095.88,1095.88,1095.81,1095.81,-0.01,24.72,26607.16,-1
2023-12-19,2023-12-19 12:07:00,1095.81,1095.81,1095.75,1095.75,-0.01,24.72,26607.16,-1
2023-12-19,2023-12-19 12:08:00,1095.75,1095.75,1095.69,1095.69,-0.01,24.72,26607.16,-1
2023-12-19,2023-12-19 12:09:00,1095.69,1095.69,1095.62,1095.62,-0.01,24.72,26607.16,-1
2023-12-19,2023-12-19 12:10:00,1095.62,1095.62,1095.56,1095.56,-0.01,24.72,26607.16,-1
2023-12-19,2023-12-19 12:11:00,1095.56,1095.56,1095.5,1095.5,-0.01,24.72,26607.16,-1
2023-12-19,2023-12-19 12:12:00,1095.5,1095.5,1095.44,1095.44,-0.01,24.72,26607.16,-1
2023-12-19,2023-12-19 12:13:00,1095.44,1095.44,1095.38,1095.38,-0.01,24.72,26607.16,-1
2023-12-19,2023-12-19 12:14:00,1095.38,1095.38,1095.31,1095.31,-0.01,24.72,26607.16,-1
2023-12-19,2023-12-19 12:15:00,1095.31,1095.31,1095.25,1095.25,-0.01,24.72,26607.16,-1
2023-12-19,2023-12-19 12:16:00,1095.25,1095.25,1095.19,1095.19,-0.01,24.72,26607.16,-1
2023-12-19,2023-12-19 12:17:00,1095.19,1095.19,1095.12,1095.12,-0.01,24.72,26607.16,-1
2023-12-19,2023-12-19 12:18:00,1095.12,1095.12,1095.06,1095.06,-0.01,24.72,26607.16,-1
2023-12-19,2023-12-19 12:19:00,1095.06,1095.06,1095.0,1095.0,-0.01,24.72,26607.16,-1
2023-12-19,2023-12-19 12:20:00,1095.0,1095.0,1094.94,1094.94,-0.01,24.72,26607.16,-1
2023-12-19,2023-12-19 12:21:00,1094.94,1094.94,1094.88,1094.88,-0.01,24.72,26607.16,-1
2023-12-19,2023-12-19 12:22:00,1094.88,1094.88,1094.81,1094.81,-0.01,24.72,26607.16,-1
2023-12-19,2023-12-19 12:23:00,1094.81,1094.81,1094.75,1094.75,-0.01,24.72,26607.16,-1
2023-12-19,2023-12-19 12:24:00,1094.75,1094.75,1094.69,1094.69,-0.01,24.72,26607.16,-1
2023-12-19,2023-12-19 12:25:00,1094.69,1094.69,1094.62,1094.62,-0.01,24.72,26607.16,-1
2023-12-19,2023-12-19 12:26:00,1094.62,1094.62,1094.56,1094.56,-0.01,24.72,26607.16,-1
2023-12-19,2023-12-19 12:27:00,1094.56,1094.56,1094.5,1094.5,-0.01,24.72,26607.16,-1
2023-12-19,2023-12-19 12:28:00,1094.5,1094.5,1094.44,1094.44,-0.01,24.72,26607.16,-1
2023-12-19,2023-12-19 12:29:00,1094.44,1094.44,1094.38,1094.38,-0.01,24.72,26607.16,-1
2023-12-19,2023-12-19 12:30:00,1094.38,1094.38,1094.31,1094.31,-0.01,24.72,26607.16,-1
2023-12-19,2023-12-19 12:31:00,1094.31,1094.31,1094.25,1094.25,-0.01,24.72,26607.16,-1
2023-12-19,2023-12-19 12:32:00,1094.25,1094.25,1094.19,1094.19,-0.01,24.72,26607.16,-1
2023-12-19,2023-12-19 12:33:00,1094.19,1094.19,1094.12,1094.12,-0.01,24.72,26607.16,-1
2023-12-19,2023-12-19 12:34:00,1094.12,1094.12,1094.06,1094.06,-0.01,24.72,26607.16,-1
2023-12-19,2023-12-19 12:35:00,1094.06,1094.06,1094.0,1094.0,-0.01,24.72,26607.16,-1
2023-12-19,2023-12-19 12:36:00,1094.0,1094.0,1093.94,1093.94,-0.01,24.72,26607.16,-1
2023-12-19,2023-12-19 12:37:00,1093.94,1093.94,1093.88,1093.88,-0.01,24.72,26607.16,-1
2023-12-19,2023-12-19 12:38:00,1093.88,1093.88,1093.81,1093.81,-0.01,24.72,26607.16,-1
2023-12-19,2023-12-19 12:39:00,1093.81,1093.81,1093.75,1093.75,-0.01,24.72,26607.16,-1
2023-12-19,2023-12-19 12:40:00,1093.75,1093.75,1093.69,1093.69,-0.01,24.72,26607.16,-1
2023-12-19,2023-12-19 12:41:00,1093.69,1093.69,1093.62,1093.62,-0.01,24.72,26607.16,-1
2023-12-19,2023-12-19 12:42:00,1093.62,1093.62,1093.56,1093.56,-0.01,24.72,26607.16,-1
2023-12-19,2023-12-19 12:43:00,1093.56,1093.56,1093.5,1093.5,-0.01,24.72,26607.16,-1
2023-12-19,2023-12-19 12:44:00,1093.5,1093.5,1093.44,1093.44,-0.01,24.72,26607.16,-1
2023-12-19,2023-12-19 12:45:00,1093.44,1093.44,1093.38,1093.38,-0.01,24.72,26607.16,-1
2023-12-19,2023-12-19 12:46:00,1093.38,1093.38,1093.31,1093.31,-0.01,24.72,26607.16,-1
2023-12-19,2023-12-19 12:47:00,1093.31,1093.31,1093.25,1093.25,-0.01,24.72,26607.16,-1
2023-12-19,2023-12-19 12:48:00,1093.25,1093.25,1093.19,1093.19,-0.01,24.72,26607.16,-1
2023-12-19,2023-12-19 12:49:00,1093.19,1093.19,1093.12,1093.12,-0.01,24.72,26607.16,-1
2023-12-19,2023-12-19 12:50:00,1093.12,1093.12,1093.06,1093.06,-0.01,24.72,26607.16,-1
2023-12-19,2023-12-19 12:51:00,1093.06,1093.06,1093.0,1093.0,-0.01,24.72,26607.16,-1
2023-12-19,2023-12-19 12:52:00,1093.0,1093.0,1092.94,1092.94,-0.01,24.72,26607.16,-1
2023-12-19,2023-12-19 12:53:00,1092.94,1092.94,1092.88,1092.88,-0.01,24.72,26607.16,-1
2023-12-19,2023-12-19 12:54:00,1092.88,1092.88,1092.81,1092.81,-0.01,24.72,26607.16,-1
2023-12-19,2023-12-19 12:55:00,1092.81,1092.81,1092.75,1092.75,-0.01,24.72,26607.16,-1
2023-12-19,2023-12-19 12:56:00,1092.75,1092.75,1092.69,1092.69,-0.01,24.72,26607.16,-1
2023-12-19,2023-12-19 12:57:00,1092.69,1092.69,1092.62,1092.62,-0.01,24.72,26607.16,-1
2023-12-19,2023-12-19 12:58:00,1092.62,1092.62,1092.56,1092.56,-0.01,24.72,26607.16,-1
2023-12-19,2023-12-19 12:59:00,1092.56,1092.56,1092.5,1092.5,-0.01,24.72,26607.16,-1
2023-12-19,2023-12-19 13:00:00,1092.5,1100.0,1060.0,1092.44,-0.01,24.72,26607.16,-1
2023-12-19,2023-12-19 13:01:00,1092.44,1092.44,1092.38,1092.38,-0.01,24.72,26607.16,-1
2023-12-19,2023-12-19 13:02:00,1092.38,1092.38,1092.31,1092.31,-0.01,24.72,26607.16,-1
2023-12-19,2023-12-19 13:03:00,1092.31,1092.31,1092.25,1092.25,-0.01,24.72,26607.16,-1
2023-12-19,2023-12-19 13:04:00,1092.25,1092.25,1092.19,1092.19,-0.01,24.72,26607.16,-1
2023-12-19,2023-12-19 13:05:00,1092.19,1092.19,1092.12,1092.12,-0.01,24.72,26607.16,-1
2023-12-19,2023-12-19 13:06:00,1092.12,1092.12,1092.06,1092.06,-0.01,24.72,26607.16,-1
2023-12-19,2023-12-19 13:07:00,1092.06,1092.06,1092.0,1092.0,-0.01,24.72,26607.16,-1
2023-12-19,2023-12-19 13:08:00,1092.0,1092.0,1091.94,1091.94,-0.01,24.72,26607.16,-1
2023-12-19,2023-12-19 13:09:00,1091.94,1091.94,1091.88,1091.88,-0.01,24.72,26607.16,-1
2023-12-19,2023-12-19 13:10:00,1091.88,1091.88,1091.81,1091.81,-0.01,24.72,26607.16,-1
2023-12-19,2023-12-19 13:11:00,1091.81,1091.81,1091.75,1091.75,-0.01,24.72,26607.16,-1
2023-12-19,2023-12-19 13:12:00,1091.75,1091.75,1091.69,1091.69,-0.01,24.72,26607.16,-1
2023-12-19,2023-12-19 13:13:00,1091.69,1091.69,1091.62,1091.62,-0.01,24.72,26607.16,-1
2023-12-19,2023-12-19 13:14:00,1091.62,1091.62,1091.56,1091.56,-0.01,24.72,26607.16,-1
2023-12-19,2023-12-19 13:15:00,1091.56,1091.56,1091.5,1091.5,-0.01,24.72,26607.16,-1
2023-12-19,2023-12-19 13:16:00,1091.5,1091.5,1091.44,1091.44,-0.01,24.72,26607.16,-1
2023-12-19,2023-12-19 13:17:00,1091.44,1091.44,1091.38,1091.38,-0.01,24.72,26607.16,-1
2023-12-19,2023-12-19 13:18:00,1091.38,1091.38,1091.31,1091.31,-0.01,24.72,26607.16,-1
2023-12-19,2023-12-19 13:19:00,1091.31,1091.31,1091.25,1091.25,-0.01,24.72,26607.16,-1
2023-12-19,2023-12-19 13:20:00,1091.25,1091.25,1091.19,1091.19,-0.01,24.72,26607.16,-1
2023-12-19,2023-12-19 13:21:00,1091.19,1091.19,1091.12,1091.12,-0.01,24.72,26607.16,-1
2023-12-19,2023-12-19 13:22:00,1091.12,1091.12,1091.06,1091.06,-0.01,24.72,26607.16,-1
2023-12-19,2023-12-19 13:23:00,1091.06,1091.06,1091.0,1091.0,-0.01,24.72,26607.16,-1
2023-12-19,2023-12-19 13:24:00,1091.0,1091.0,1090.94,1090.94,-0.01,24.72,26607.16,-1
2023-12-19,2023-12-19 13:25:00,1090.94,1090.94,1090.88,1090.88,-0.01,24.72,26607.16,-1
2023-12-19,2023-12-19 13:26:00,1090.88,1090.88,1090.81,1090.81,-0.01,24.72,26607.16,-1
2023-12-19,2023-12-19 13:27:00,1090.81,1090.81,1090.75,1090.75,-0.01,24.72,26607.16,-1
2023-12-19,2023-12-19 13:28:00,1090.75,1090.75,1090.69,1090.69,-0.01,24.72,26607.16,-1
2023-12-19,2023-12-19 13:29:00,1090.69,1090.69,1090.62,1090.62,-0.01,24.72,26607.16,-1
2023-12-19,2023-12-19 13:30:00,1090.62,1090.62,1090.56,1090.56,-0.01,24.72,26607.16,-1
2023-12-19,2023-12-19 13:31:00,1090.56,1090.56,1090.5,1090.5,-0.01,24.72,26607.16,-1
2023-12-19,2023-12-19 13:32:00,1090.5,1090.5,1090.44,1090.44,-0.01,24.72,26607.16,-1
2023-12-19,2023-12-19 13:33:00,1090.44,1090.44,1090.38,1090.38,-0.01,24.72,26607.16,-1
2023-12-19,2023-12-19 13:34:00,1090.38,1090.38,1090.31,1090.31,-0.01,24.72,26607.16,-1
2023-12-19,2023-12-19 13:35:00,1090.31,1090.31,1090.25,1090.25,-0.01,24.72,26607.16,-1
2023-12-19,2023-12-19 13:36:00,1090.25,1090.25,1090.19,1090.19,-0.01,24.72,26607.16,-1
2023-12-19,2023-12-19 13:37:00,1090.19,1090.19,1090.12,1090.12,-0.01,24.72,26607.16,-1
2023-12-19,2023-12-19 13:38:00,1090.12,1090.12,1090.06,1090.06,-0.01,24.72,26607.16,-1
2023-12-19,2023-12-19 13:39:00,1090.06,1090.06,1090.0,1090.0,-0.01,24.72,26607.16,-1
2023-12-19,2023-12-19 13:40:00,1090.0,1090.0,1089.94,1089.94,-0.01,24.72,26607.16,-1
2023-12-19,2023-12-19 13:41:00,1089.94,1089.94,1089.88,1089.88,-0.01,24.72,26607.16,-1
2023-12-19,2023-12-19 13:42:00,1089.88,1089.88,1089.81,1089.81,-0.01,24.72,26607.16,-1
2023-12-19,2023-12-19 13:43:00,1089.81,1089.81,1089.75,1089.75,-0.01,24.72,26607.16,-1
2023-12-19,2023-12-19 13:44:00,1089.75,1089.75,1089.69,1089.69,-0.01,24.72,26607.16,-1
2023-12-19,2023-12-19 13:45:00,1089.69,1089.69,1089.62,1089.62,-0.01,24.72,26607.16,-1
2023-12-19,2023-12-19 13:46:00,1089.62,1089.62,1089.56,1089.56,-0.01,24.72,26607.16,-1
2023-12-19,2023-12-19 13:47:00,1089.56,1089.56,1089.5,1089.5,-0.01,24.72,26607.16,-1
2023-12-19,2023-12-19 13:48:00,1089.5,1089.5,1089.44,1089.44,-0.01,24.72,26607.16,-1
2023-12-19,2023-12-19 13:49:00,1089.44,1089.44,1089.38,1089.38,-0.01,24.72,26607.16,-1
2023-12-19,2023-12-19 13:50:00,1089.38,1089.38,1089.31,1089.31,-0.01,24.72,26607.16,-1
2023-12-19,2023-12-19 13:51:00,1089.31,1089.31,1089.25,1089.25,-0.01,24.72,26607.16,-1
2023-12-19,2023-12-19 13:52:00,1089.25,1089.25,1089.19,1089.19,-0.01,24.72,26607.16,-1
2023-12-19,2023-12-19 13:53:00,1089.19,1089.19,1089.12,1089.12,-0.01,24.72,26607.16,-1
2023-12-19,2023-12-19 13:54:00,1089.12,1089.12,1089.06,1089.06,-0.01,24.72,26607.16,-1
2023-12-19,2023-12-19 13:55:00,1089.06,1089.06,1089.0,1089.0,-0.01,24.72,26607.16,-1
2023-12-19,2023-12-19 13:56:00,1089.0,1089.0,1088.94,1088.94,-0.01,24.72,26607.16,-1
2023-12-19,2023-12-19 13:57:00,1088.94,1088.94,1088.88,1088.88,-0.01,24.72,26607.16,-1
2023-12-19,2023-12-19 13:58:00,1088.88,1088.88,1088.81,1088.81,-0.01,24.72,26607.16,-1
2023-12-19,2023-12-19 13:59:00,1088.81,1088.81,1088.75,1088.75,-0.01,24.72,26607.16,-1
2023-12-19,2023-12-19 14:00:00,1088.75,1088.75,1088.69,1088.69,-0.01,24.72,26607.16,-1
2023-12-19,2023-12-19 14:01:00,1088.69,1088.69,1088.62,1088.62,-0.01,24.72,26607.16,-1
2023-12-19,2023-12-19 14:02:00,1088.62,1088.62,1088.56,1088.56,-0.01,24.72,26607.16,-1
2023-12-19,2023-12-19 14:03:00,1088.56,1088.56,1088.5,1088.5,-0.01,24.72,26607.16,-1
2023-12-19,2023-12-19 14:04:00,1088.5,1088.5,1088.44,1088.44,-0.01,24.72,26607.16,-1
2023-12-19,2023-12-19 14:05:00,1088.44,1088.44,1088.38,1088.38,-0.01,24.72,26607.16,-1
2023-12-19,2023-12-19 14:06:00,1088.38,1088.38,1088.31,1088.31,-0.01,24.72,26607.16,-1
2023-12-19,2023-12-19 14:07:00,1088.31,1088.31,1088.25,1088.25,-0.01,24.72,26607.16,-1
2023-12-19,2023-12-19 14:08:00,1088.25,1088.25,1088.19,1088.19,-0.01,24.72,26607.16,-1
2023-12-19,2023-12-19 14:09:00,1088.19,1088.19,1088.12,1088.12,-0.01,24.72,26607.16,-1
2023-12-19,2023-12-19 14:10:00,1088.12,1088.12,1088.06,1088.06,-0.01,24.72,26607.16,-1
2023-12-19,2023-12-19 14:11:00,1088.06,1088.06,1088.0,1088.0,-0.01,24.72,26607.16,-1
2023-12-19,2023-12-19 14:12:00,1088.0,1088.0,1087.94,1087.94,-0.01,24.72,26607.16,-1
2023-12-19,2023-12-19 14:13:00,1087.94,1087.94,1087.88,1087.88,-0.01,24.72,26607.16,-1
2023-12-19,2023-12-19 14:14:00,1087.88,1087.88,1087.81,1087.81,-0.01,24.72,26607.16,-1
2023-12-19,2023-12-19 14:15:00,1087.81,1087.81,1087.75,1087.75,-0.01,24.72,26607.16,-1
2023-12-19,2023-12-19 14:16:00,1087.75,1087.75,1087.69,1087.69,-0.01,24.72,26607.16,-1
2023-12-19,2023-12-19 14:17:00,1087.69,1087.69,1087.62,1087.62,-0.01,24.72,26607.16,-1
2023-12-19,2023-12-19 14:18:00,1087.62,1087.62,1087.56,1087.56,-0.01,24.72,26607.16,-1
2023-12-19,2023-12-19 14:19:00,1087.56,1087.56,1087.5,1087.5,-0.01,24.72,26607.16,-1
2023-12-19,2023-12-19 14:20:00,1087.5,1087.5,1087.44,1087.44,-0.01,24.72,26607.16,-1
2023-12-19,2023-12-19 14:21:00,1087.44,1087.44,1087.38,1087.38,-0.01,24.72,26607.16,-1
2023-12-19,2023-12-19 14:22:00,1087.38,1087.38,1087.31,1087.31,-0.01,24.72,26607.16,-1
2023-12-19,2023-12-19 14:23:00,1087.31,1087.31,1087.25,1087.25,-0.01,24.72,26607.16,-1
2023-12-19,2023-12-19 14:24:00,1087.25,1087.25,1087.19,1087.19,-0.01,24.72,26607.16,-1
2023-12-19,2023-12-19 14:25:00,1087.19,1087.19,1087.12,1087.12,-0.01,24.72,26607.16,-1
2023-12-19,2023-12-19 14:26:00,1087.12,1087.12,1087.06,1087.06,-0.01,24.72,26607.16,-1
2023-12-19,2023-12-19 14:27:00,1087.06,1087.06,1087.0,1087.0,-0.01,24.72,26607.16,-1
2023-12-19,2023-12-19 14:28:00,1087.0,1087.0,1086.94,1086.94,-0.01,24.72,26607.16,-1
2023-12-19,2023-12-19 14:29:00,1086.94,1086.94,1086.88,1086.88,-0.01,24.72,26607.16,-1
2023-12-19,2023-12-19 14:30:00,1086.88,1086.88,1086.81,1086.81,-0.01,24.72,26607.16,-1
2023-12-19,2023-12-19 14:31:00,1086.81,1086.81,1086.75,1086.75,-0.01,24.72,26607.16,-1
2023-12-19,2023-12-19 14:32:00,1086.75,1086.75,1086.69,1086.69,-0.01,24.72,26607.16,-1
2023-12-19,2023-12-19 14:33:00,1086.69,1086.69,1086.62,1086.62,-0.01,24.72,26607.16,-1
2023-12-19,2023-12-19 14:34:00,1086.62,1086.62,1086.56,1086.56,-0.01,24.72,26607.16,-1
2023-12-19,2023-12-19 14:35:00,1086.56,1086.56,1086.5,1086.5,-0.01,24.72,26607.16,-1
2023-12-19,2023-12-19 14:36:00,1086.5,1086.5,1086.44,1086.44,-0.01,24.72,26607.16,-1
2023-12-19,2023-12-19 14:37:00,1086.44,1086.44,1086.38,1086.38,-0.01,24.72,26607.16,-1
2023-12-19,2023-12-19 14:38:00,1086.38,1086.38,1086.31,1086.31,-0.01,24.72,26607.16,-1
2023-12-19,2023-12-19 14:39:00,1086.31,1086.31,1086.25,1086.25,-0.01,24.72,26607.16,-1
2023-12-19,2023-12-19 14:40:00,1086.25,1086.25,1086.19,1086.19,-0.01,24.72,26607.16,-1
2023-12-19,2023-12-19 14:41:00,1086.19,1086.19,1086.12,1086.12,-0.01,24.72,26607.16,-1
2023-12-19,2023-12-19 14:42:00,1086.12,1086.12,1086.06,1086.06,-0.01,24.72,26607.16,-1
2023-12-19,2023-12-19 14:43:00,1086.06,1086.06,1086.0,1086.0,-0.01,24.72,26607.16,-1
2023-12-19,2023-12-19 14:44:00,1086.0,1086.0,1085.94,1085.94,-0.01,24.72,26607.16,-1
2023-12-19,2023-12-19 14:45:00,1085.94,1085.94,1085.88,1085.88,-0.01,24.72,26607.16,-1
2023-12-19,2023-12-19 14:46:00,1085.88,1085.88,1085.81,1085.81,-0.01,24.72,26607.16,-1
2023-12-19,2023-12-19 14:47:00,1085.81,1085.81,1085.75,1085.75,-0.01,24.72,26607.16,-1
2023-12-19,2023-12-19 14:48:00,1085.75,1085.75,1085.69,1085.69,-0.01,24.72,26607.16,-1
2023-12-19,2023-12-19 14:49:00,1085.69,1085.69,1085.62,1085.62,-0.01,24.72,26607.16,-1
2023-12-19,2023-12-19 14:50:00,1085.62,1085.62,1085.56,1085.56,-0.01,24.72,26607.16,-1
2023-12-19,2023-12-19 14:51:00,1085.56,1085.56,1085.5,1085.5,-0.01,24.72,26607.16,-1
2023-12-19,2023-12-19 14:52:00,1085.5,1085.5,1085.44,1085.44,-0.01,24.72,26607.16,-1
2023-12-19,2023-12-19 14:53:00,1085.44,1085.44,1085.38,1085.38,-0.01,24.72,26607.16,-1
2023-12-19,2023-12-19 14:54:00,1085.38,1085.38,1085.31,1085.31,-0.01,24.72,26607.16,-1
2023-12-19,2023-12-19 14:55:00,1085.31,1085.31,1085.25,1085.25,-0.01,24.72,26607.16,-1
2023-12-19,2023-12-19 14:56:00,1085.25,1085.25,1085.19,1085.19,-0.01,24.72,26607.16,-1
2023-12-19,2023-12-19 14:57:00,1085.19,1085.19,1085.12,1085.12,-0.01,24.72,26607.16,-1
2023-12-19,2023-12-19 14:58:00,1085.12,1085.12,1085.06,1085.06,-0.01,24.72,26607.16,-1
2023-12-19,2023-12-19 14:59:00,1085.06,1085.06,1085.0,1085.0,-0.01,24.72,26607.16,-1
2023-12-19,2023-12-19 15:00:00,1085.0,1100.0,1060.0,1085.0,0.0,24.72,26607.16,0
2023-12-20,2023-12-20 11:00:00,1065.0,1082.1,1058.4,1065.03,0.0,46.54,49925.9,1
2023-12-20,2023-12-20 11:01:00,1065.03,1065.07,1065.03,1065.07,0.0,46.54,49925.9,1
2023-12-20,2023-12-20 11:02:00,1065.07,1065.1,1065.07,1065.1,0.0,46.54,49925.9,1
2023-12-20,2023-12-20 11:03:00,1065.1,1065.13,1065.1,1065.13,0.0,46.54,49925.9,1
2023-12-20,2023-12-20 11:04:00,1065.13,1065.17,1065.13,1065.17,0.0,46.54,49925.9,1
2023-12-20,2023-12-20 11:05:00,1065.17,1065.2,1065.17,1065.2,0.0,46.54,49925.9,1
2023-12-20,2023-12-20 11:06:00,1065.2,1065.23,1065.2,1065.23,0.0,46.54,49925.9,1
2023-12-20,2023-12-20 11:07:00,1065.23,1065.27,1065.23,1065.27,0.0,46.54,49925.9,1
2023-12-20,2023-12-20 11:08:00,1065.27,1065.3,1065.27,1065.3,0.0,46.54,49925.9,1
2023-12-20,2023-12-20 11:09:00,1065.3,1065.33,1065.3,1065.33,0.0,46.54,49925.9,1
2023-12-20,2023-12-20 11:10:00,1065.33,1065.37,1065.33,1065.37,0.0,46.54,49925.9,1
2023-12-20,2023-12-20 11:11:00,1065.37,1065.4,1065.37,1065.4,0.0,46.54,49925.9,1
2023-12-20,2023-12-20 11:12:00,1065.4,1065.43,1065.4,1065.43,0.0,46.54,49925.9,1
2023-12-20,2023-12-20 11:13:00,1065.43,1065.47,1065.43,1065.47,0.0,46.54,49925.9,1
2023-12-20,2023-12-20 11:14:00,1065.47,1065.5,1065.47,1065.5,0.0,46.54,49925.9,1
2023-12-20,2023-12-20 11:15:00,1065.5,1065.53,1065.5,1065.53,0.0,46.54,49925.9,1
2023-12-20,2023-12-20 11:16:00,1065.53,1065.57,1065.53,1065.57,0.0,46.54,49925.9,1
2023-12-20,2023-12-20 11:17:00,1065.57,1065.6,1065.57,1065.6,0.0,46.54,49925.9,1
2023-12-20,2023-12-20 11:18:00,1065.6,1065.63,1065.6,1065.63,0.0,46.54,49925.9,1
2023-12-20,2023-12-20 11:19:00,1065.63,1065.67,1065.63,1065.67,0.0,46.54,49925.9,1
2023-12-20,2023-12-20 11:20:00,1065.67,1065.7,1065.67,1065.7,0.0,46.54,49925.9,1
2023-12-20,2023-12-20 11:21:00,1065.7,1065.73,1065.7,1065.73,0.0,46.54,49925.9,1
2023-12-20,2023-12-20 11:22:00,1065.73,1065.77,1065.73,1065.77,0.0,46.54,49925.9,1
2023-12-20,2023-12-20 11:23:00,1065.77,1065.8,1065.77,1065.8,0.0,46.54,49925.9,1
2023-12-20,2023-12-20 11:24:00,1065.8,1065.83,1065.8,1065.83,0.0,46.54,49925.9,1
2023-12-20,2023-12-20 11:25:00,1065.83,1065.87,1065.83,1065.87,0.0,46.54,49925.9,1
2023-12-20,2023-12-20 11:26:00,1065.87,1065.9,1065.87,1065.9,0.0,46.54,49925.9,1
2023-12-20,2023-12-20 11:27:00,1065.9,1065.93,1065.9,1065.93,0.0,46.54,49925.9,1
2023-12-20,2023-12-20 11:28:00,1065.93,1065.97,1065.93,1065.97,0.0,46.54,49925.9,1
2023-12-20,2023-12-20 11:29:00,1065.97,1066.0,1065.97,1066.0,0.0,46.54,49925.9,1
2023-12-20,2023-12-20 11:30:00,1066.0,1066.03,1066.0,1066.03,0.0,46.54,49925.9,1
2023-12-20,2023-12-20 11:31:00,1066.03,1066.07,1066.03,1066.07,0.0,46.54,49925.9,1
2023-12-20,2023-12-20 11:32:00,1066.07,1066.1,1066.07,1066.1,0.0,46.54,49925.9,1
2023-12-20,2023-12-20 11:33:00,1066.1,1066.13,1066.1,1066.13,0.0,46.54,49925.9,1
2023-12-20,2023-12-20 11:34:00,1066.13,1066.17,1066.13,1066.17,0.0,46.54,49925.9,1
2023-12-20,2023-12-20 11:35:00,1066.17,1066.2,1066.17,1066.2,0.0,46.54,49925.9,1
2023-12-20,2023-12-20 11:36:00,1066.2,1066.23,1066.2,1066.23,0.0,46.54,49925.9,1
2023-12-20,2023-12-20 11:37:00,1066.23,1066.27,1066.23,1066.27,0.0,46.54,49925.9,1
2023-12-20,2023-12-20 11:38:00,1066.27,1066.3,1066.27,1066.3,0.0,46.54,49925.9,1
2023-12-20,2023-12-20 11:39:00,1066.3,1066.33,1066.3,1066.33,0.0,46.54,49925.9,1
2023-12-20,2023-12-20 11:40:00,1066.33,1066.37,1066.33,1066.37,0.0,46.54,49925.9,1
2023-12-20,2023-12-20 11:41:00,1066.37,1066.4,1066.37,1066.4,0.0,46.54,49925.9,1
2023-12-20,2023-12-20 11:42:00,1066.4,1066.43,1066.4,1066.43,0.0,46.54,49925.9,1
2023-12-20,2023-12-20 11:43:00,1066.43,1066.47,1066.43,1066.47,0.0,46.54,49925.9,1
2023-12-20,2023-12-20 11:44:00,1066.47,1066.5,1066.47,1066.5,0.0,46.54,49925.9,1
2023-12-20,2023-12-20 11:45:00,1066.5,1066.53,1066.5,1066.53,0.0,46.54,49925.9,1
2023-12-20,2023-12-20 11:46:00,1066.53,1066.57,1066.53,1066.57,0.0,46.54,49925.9,1
2023-12-20,2023-12-20 11:47:00,1066.57,1066.6,1066.57,1066.6,0.0,46.54,49925.9,1
2023-12-20,2023-12-20 11:48:00,1066.6,1066.63,1066.6,1066.63,0.0,46.54,49925.9,1
2023-12-20,2023-12-20 11:49:00,1066.63,1066.67,1066.63,1066.67,0.0,46.54,49925.9,1
2023-12-20,2023-12-20 11:50:00,1066.67,1066.7,1066.67,1066.7,0.0,46.54,49925.9,1
2023-12-20,2023-12-20 11:51:00,1066.7,1066.73,1066.7,1066.73,0.0,46.54,49925.9,1
2023-12-20,2023-12-20 11:52:00,1066.73,1066.77,1066.73,1066.77,0.0,46.54,49925.9,1
2023-12-20,2023-12-20 11:53:00,1066.77,1066.8,1066.77,1066.8,0.0,46.54,49925.9,1
2023-12-20,2023-12-20 11:54:00,1066.8,1066.83,1066.8,1066.83,0.0,46.54,49925.9,1
2023-12-20,2023-12-20 11:55:00,1066.83,1066.87,1066.83,1066.87,0.0,46.54,49925.9,1
2023-12-20,2023-12-20 11:56:00,1066.87,1066.9,1066.87,1066.9,0.0,46.54,49925.9,1
2023-12-20,2023-12-20 11:57:00,1066.9,1066.93,1066.9,1066.93,0.0,46.54,49925.9,1
2023-12-20,2023-12-20 11:58:00,1066.93,1066.97,1066.93,1066.97,0.0,46.54,49925.9,1
2023-12-20,2023-12-20 11:59:00,1066.97,1067.0,1066.97,1067.0,0.0,46.54,49925.9,1
2023-12-20,2023-12-20 12:00:00,1067.0,1067.03,1067.0,1067.03,0.0,46.54,49925.9,1
2023-12-20,2023-12-20 12:01:00,1067.03,1067.07,1067.03,1067.07,0.0,46.54,49925.9,1
2023-12-20,2023-12-20 12:02:00,1067.07,1067.1,1067.07,1067.1,0.0,46.54,49925.9,1
2023-12-20,2023-12-20 12:03:00,1067.1,1067.13,1067.1,1067.13,0.0,46.54,49925.9,1
2023-12-20,2023-12-20 12:04:00,1067.13,1067.17,1067.13,1067.17,0.0,46.54,49925.9,1
2023-12-20,2023-12-20 12:05:00,1067.17,1067.2,1067.17,1067.2,0.0,46.54,49925.9,1
2023-12-20,2023-12-20 12:06:00,1067.2,1067.23,1067.2,1067.23,0.0,46.54,49925.9,1
2023-12-20,2023-12-20 12:07:00,1067.23,1067.27,1067.23,1067.27,0.0,46.54,49925.9,1
2023-12-20,2023-12-20 12:08:00,1067.27,1067.3,1067.27,1067.3,0.0,46.54,49925.9,1
2023-12-20,2023-12-20 12:09:00,1067.3,1067.33,1067.3,1067.33,0.0,46.54,49925.9,1
2023-12-20,2023-12-20 12:10:00,1067.33,1067.37,1067.33,1067.37,0.0,46.54,49925.9,1
2023-12-20,2023-12-20 12:11:00,1067.37,1067.4,1067.37,1067.4,0.0,46.54,49925.9,1
2023-12-20,2023-12-20 12:12:00,1067.4,1067.43,1067.4,1067.43,0.0,46.54,49925.9,1
2023-12-20,2023-12-20 12:13:00,1067.43,1067.47,1067.43,1067.47,0.0,46.54,49925.9,1
2023-12-20,2023-12-20 12:14:00,1067.47,1067.5,1067.47,1067.5,0.0,46.54,49925.9,1
2023-12-20,2023-12-20 12:15:00,1067.5,1067.53,1067.5,1067.53,0.0,46.54,49925.9,1
2023-12-20,2023-12-20 12:16:00,1067.53,1067.57,1067.53,1067.57,0.0,46.54,49925.9,1
2023-12-20,2023-12-20 12:17:00,1067.57,1067.6,1067.57,1067.6,0.0,46.54,49925.9,1
2023-12-20,2023-12-20 12:18:00,1067.6,1067.63,1067.6,1067.63,0.0,46.54,49925.9,1
2023-12-20,2023-12-20 12:19:00,1067.63,1067.67,1067.63,1067.67,0.0,46.54,49925.9,1
2023-12-20,2023-12-20 12:20:00,1067.67,1067.7,1067.67,1067.7,0.0,46.54,49925.9,1
2023-12-20,2023-12-20 12:21:00,1067.7,1067.73,1067.7,1067.73,0.0,46.54,49925.9,1
2023-12-20,2023-12-20 12:22:00,1067.73,1067.77,1067.73,1067.77,0.0,46.54,49925.9,1
2023-12-20,2023-12-20 12:23:00,1067.77,1067.8,1067.77,1067.8,0.0,46.54,49925.9,1
2023-12-20,2023-12-20 12:24:00,1067.8,1067.83,1067.8,1067.83,0.0,46.54,49925.9,1
2023-12-20,2023-12-20 12:25:00,1067.83,1067.87,1067.83,1067.87,0.0,46.54,49925.9,1
2023-12-20,2023-12-20 12:26:00,1067.87,1067.9,1067.87,1067.9,0.0,46.54,49925.9,1
2023-12-20,2023-12-20 12:27:00,1067.9,1067.93,1067.9,1067.93,0.0,46.54,49925.9,1
2023-12-20,2023-12-20 12:28:00,1067.93,1067.97,1067.93,1067.97,0.0,46.54,49925.9,1
2023-12-20,2023-12-20 12:29:00,1067.97,1068.0,1067.97,1068.0,0.0,46.54,49925.9,1
2023-12-20,2023-12-20 12:30:00,1068.0,1068.03,1068.0,1068.03,0.0,46.54,49925.9,1
2023-12-20,2023-12-20 12:31:00,1068.03,1068.07,1068.03,1068.07,0.0,46.54,49925.9,1
2023-12-20,2023-12-20 12:32:00,1068.07,1068.1,1068.07,1068.1,0.0,46.54,49925.9,1
2023-12-20,2023-12-20 12:33:00,1068.1,1068.13,1068.1,1068.13,0.0,46.54,49925.9,1
2023-12-20,2023-12-20 12:34:00,1068.13,1068.17,1068.13,1068.17,0.0,46.54,49925.9,1
2023-12-20,2023-12-20 12:35:00,1068.17,1068.2,1068.17,1068.2,0.0,46.54,49925.9,1
2023-12-20,2023-12-20 12:36:00,1068.2,1068.23,1068.2,1068.23,0.0,46.54,49925.9,1
2023-12-20,2023-12-20 12:37:00,1068.23,1068.27,1068.23,1068.27,0.0,46.54,49925.9,1
2023-12-20,2023-12-20 12:38:00,1068.27,1068.3,1068.27,1068.3,0.0,46.54,49925.9,1
2023-12-20,2023-12-20 12:39:00,1068.3,1068.33,1068.3,1068.33,0.0,46.54,49925.9,1
2023-12-20,2023-12-20 12:40:00,1068.33,1068.37,1068.33,1068.37,0.0,46.54,49925.9,1
2023-12-20,2023-12-20 12:41:00,1068.37,1068.4,1068.37,1068.4,0.0,46.54,49925.9,1
2023-12-20,2023-12-20 12:42:00,1068.4,1068.43,1068.4,1068.43,0.0,46.54,49925.9,1
2023-12-20,2023-12-20 12:43:00,1068.43,1068.47,1068.43,1068.47,0.0,46.54,49925.9,1
2023-12-20,2023-12-20 12:44:00,1068.47,1068.5,1068.47,1068.5,0.0,46.54,49925.9,1
2023-12-20,2023-12-20 12:45:00,1068.5,1068.53,1068.5,1068.53,0.0,46.54,49925.9,1
2023-12-20,2023-12-20 12:46:00,1068.53,1068.57,1068.53,1068.57,0.0,46.54,49925.9,1
2023-12-20,2023-12-20 12:47:00,1068.57,1068.6,1068.57,1068.6,0.0,46.54,49925.9,1
2023-12-20,2023-12-20 12:48:00,1068.6,1068.63,1068.6,1068.63,0.0,46.54,49925.9,1
2023-12-20,2023-12-20 12:49:00,1068.63,1068.67,1068.63,1068.67,0.0,46.54,49925.9,1
2023-12-20,2023-12-20 12:50:00,1068.67,1068.7,1068.67,1068.7,0.0,46.54,49925.9,1
2023-12-20,2023-12-20 12:51:00,1068.7,1068.73,1068.7,1068.73,0.0,46.54,49925.9,1
2023-12-20,2023-12-20 12:52:00,1068.73,1068.77,1068.73,1068.77,0.0,46.54,49925.9,1
2023-12-20,2023-12-20 12:53:00,1068.77,1068.8,1068.77,1068.8,0.0,46.54,49925.9,1
2023-12-20,2023-12-20 12:54:00,1068.8,1068.83,1068.8,1068.83,0.0,46.54,49925.9,1
2023-12-20,2023-12-20 12:55:00,1068.83,1068.87,1068.83,1068.87,0.0,46.54,49925.9,1
2023-12-20,2023-12-20 12:56:00,1068.87,1068.9,1068.87,1068.9,0.0,46.54,49925.9,1
2023-12-20,2023-12-20 12:57:00,1068.9,1068.93,1068.9,1068.93,0.0,46.54,49925.9,1
2023-12-20,2023-12-20 12:58:00,1068.93,1068.97,1068.93,1068.97,0.0,46.54,49925.9,1
2023-12-20,2023-12-20 12:59:00,1068.97,1069.0,1068.97,1069.0,0.0,46.54,49925.9,1
2023-12-20,2023-12-20 13:00:00,1069.0,1122.0,1043.0,1069.03,0.0,46.54,49925.9,1
2023-12-20,2023-12-20 13:01:00,1069.03,1069.07,1069.03,1069.07,0.0,46.54,49925.9,1
2023-12-20,2023-12-20 13:02:00,1069.07,1069.1,1069.07,1069.1,0.0,46.54,49925.9,1
2023-12-20,2023-12-20 13:03:00,1069.1,1069.13,1069.1,1069.13,0.0,46.54,49925.9,1
2023-12-20,2023-12-20 13:04:00,1069.13,1069.17,1069.13,1069.17,0.0,46.54,49925.9,1
2023-12-20,2023-12-20 13:05:00,1069.17,1069.2,1069.17,1069.2,0.0,46.54,49925.9,1
2023-12-20,2023-12-20 13:06:00,1069.2,1069.23,1069.2,1069.23,0.0,46.54,49925.9,1
2023-12-20,2023-12-20 13:07:00,1069.23,1069.27,1069.23,1069.27,0.0,46.54,49925.9,1
2023-12-20,2023-12-20 13:08:00,1069.27,1069.3,1069.27,1069.3,0.0,46.54,49925.9,1
2023-12-20,2023-12-20 13:09:00,1069.3,1069.33,1069.3,1069.33,0.0,46.54,49925.9,1
2023-12-20,2023-12-20 13:10:00,1069.33,1069.37,1069.33,1069.37,0.0,46.54,49925.9,1
2023-12-20,2023-12-20 13:11:00,1069.37,1069.4,1069.37,1069.4,0.0,46.54,49925.9,1
2023-12-20,2023-12-20 13:12:00,1069.4,1069.43,1069.4,1069.43,0.0,46.54,49925.9,1
2023-12-20,2023-12-20 13:13:00,1069.43,1069.47,1069.43,1069.47,0.0,46.54,49925.9,1
2023-12-20,2023-12-20 13:14:00,1069.47,1069.5,1069.47,1069.5,0.0,46.54,49925.9,1
2023-12-20,2023-12-20 13:15:00,1069.5,1069.53,1069.5,1069.53,0.0,46.54,49925.9,1
2023-12-20,2023-12-20 13:16:00,1069.53,1069.57,1069.53,1069.57,0.0,46.54,49925.9,1
2023-12-20,2023-12-20 13:17:00,1069.57,1069.6,1069.57,1069.6,0.0,46.54,49925.9,1
2023-12-20,2023-12-20 13:18:00,1069.6,1069.63,1069.6,1069.63,0.0,46.54,49925.9,1
2023-12-20,2023-12-20 13:19:00,1069.63,1069.67,1069.63,1069.67,0.0,46.54,49925.9,1
2023-12-20,2023-12-20 13:20:00,1069.67,1069.7,1069.67,1069.7,0.0,46.54,49925.9,1
2023-12-20,2023-12-20 13:21:00,1069.7,1069.73,1069.7,1069.73,0.0,46.54,49925.9,1
2023-12-20,2023-12-20 13:22:00,1069.73,1069.77,1069.73,1069.77,0.0,46.54,49925.9,1
2023-12-20,2023-12-20 13:23:00,1069.77,1069.8,1069.77,1069.8,0.0,46.54,49925.9,1
2023-12-20,2023-12-20 13:24:00,1069.8,1069.83,1069.8,1069.83,0.0,46.54,49925.9,1
2023-12-20,2023-12-20 13:25:00,1069.83,1069.87,1069.83,1069.87,0.0,46.54,49925.9,1
2023-12-20,2023-12-20 13:26:00,1069.87,1069.9,1069.87,1069.9,0.0,46.54,49925.9,1
2023-12-20,2023-12-20 13:27:00,1069.9,1069.93,1069.9,1069.93,0.0,46.54,49925.9,1
2023-12-20,2023-12-20 13:28:00,1069.93,1069.97,1069.93,1069.97,0.0,46.54,49925.9,1
2023-12-20,2023-12-20 13:29:00,1069.97,1070.0,1069.97,1070.0,0.0,46.54,49925.9,1
2023-12-20,2023-12-20 13:30:00,1070.0,1070.03,1070.0,1070.03,0.0,46.54,49925.9,1
2023-12-20,2023-12-20 13:31:00,1070.03,1070.07,1070.03,1070.07,0.0,46.54,49925.9,1
2023-12-20,2023-12-20 13:32:00,1070.07,1070.1,1070.07,1070.1,0.0,46.54,49925.9,1
2023-12-20,2023-12-20 13:33:00,1070.1,1070.13,1070.1,1070.13,0.0,46.54,49925.9,1
2023-12-20,2023-12-20 13:34:00,1070.13,1070.17,1070.13,1070.17,0.0,46.54,49925.9,1
2023-12-20,2023-12-20 13:35:00,1070.17,1070.2,1070.17,1070.2,0.0,46.54,49925.9,1
2023-12-20,2023-12-20 13:36:00,1070.2,1070.23,1070.2,1070.23,0.0,46.54,49925.9,1
2023-12-20,2023-12-20 13:37:00,1070.23,1070.27,1070.23,1070.27,0.0,46.54,49925.9,1
2023-12-20,2023-12-20 13:38:00,1070.27,1070.3,1070.27,1070.3,0.0,46.54,49925.9,1
2023-12-20,2023-12-20 13:39:00,1070.3,1070.33,1070.3,1070.33,0.0,46.54,49925.9,1
2023-12-20,2023-12-20 13:40:00,1070.33,1070.37,1070.33,1070.37,0.0,46.54,49925.9,1
2023-12-20,2023-12-20 13:41:00,1070.37,1070.4,1070.37,1070.4,0.0,46.54,49925.9,1
2023-12-20,2023-12-20 13:42:00,1070.4,1070.43,1070.4,1070.43,0.0,46.54,49925.9,1
2023-12-20,2023-12-20 13:43:00,1070.43,1070.47,1070.43,1070.47,0.0,46.54,49925.9,1
2023-12-20,2023-12-20 13:44:00,1070.47,1070.5,1070.47,1070.5,0.0,46.54,49925.9,1
2023-12-20,2023-12-20 13:45:00,1070.5,1070.53,1070.5,1070.53,0.0,46.54,49925.9,1
2023-12-20,2023-12-20 13:46:00,1070.53,1070.57,1070.53,1070.57,0.0,46.54,49925.9,1
2023-12-20,2023-12-20 13:47:00,1070.57,1070.6,1070.57,1070.6,0.0,46.54,49925.9,1
2023-12-20,2023-12-20 13:48:00,1070.6,1070.63,1070.6,1070.63,0.0,46.54,49925.9,1
2023-12-20,2023-12-20 13:49:00,1070.63,1070.67,1070.63,1070.67,0.0,46.54,49925.9,1
2023-12-20,2023-12-20 13:50:00,1070.67,1070.7,1070.67,1070.7,0.0,46.54,49925.9,1
2023-12-20,2023-12-20 13:51:00,1070.7,1070.73,1070.7,1070.73,0.0,46.54,49925.9,1
2023-12-20,2023-12-20 13:52:00,1070.73,1070.77,1070.73,1070.77,0.0,46.54,49925.9,1
2023-12-20,2023-12-20 13:53:00,1070.77,1070.8,1070.77,1070.8,0.0,46.54,49925.9,1
2023-12-20,2023-12-20 13:54:00,1070.8,1070.83,1070.8,1070.83,0.0,46.54,49925.9,1
2023-12-20,2023-12-20 13:55:00,1070.83,1070.87,1070.83,1070.87,0.0,46.54,49925.9,1
2023-12-20,2023-12-20 13:56:00,1070.87,1070.9,1070.87,1070.9,0.0,46.54,49925.9,1
2023-12-20,2023-12-20 13:57:00,1070.9,1070.93,1070.9,1070.93,0.0,46.54,49925.9,1
2023-12-20,2023-12-20 13:58:00,1070.93,1070.97,1070.93,1070.97,0.0,46.54,49925.9,1
2023-12-20,2023-12-20 13:59:00,1070.97,1071.0,1070.97,1071.0,0.0,46.54,49925.9,1
2023-12-20,2023-12-20 14:00:00,1071.0,1071.03,1071.0,1071.03,0.0,46.54,49925.9,1
2023-12-20,2023-12-20 14:01:00,1071.03,1071.07,1071.03,1071.07,0.0,46.54,49925.9,1
2023-12-20,2023-12-20 14:02:00,1071.07,1071.1,1071.07,1071.1,0.0,46.54,49925.9,1
2023-12-20,2023-12-20 14:03:00,1071.1,1071.13,1071.1,1071.13,0.0,46.54,49925.9,1
2023-12-20,2023-12-20 14:04:00,1071.13,1071.17,1071.13,1071.17,0.0,46.54,49925.9,1
2023-12-20,2023-12-20 14:05:00,1071.17,1071.2,1071.17,1071.2,0.0,46.54,49925.9,1
2023-12-20,2023-12-20 14:06:00,1071.2,1071.23,1071.2,1071.23,0.0,46.54,49925.9,1
2023-12-20,2023-12-20 14:07:00,1071.23,1071.27,1071.23,1071.27,0.0,46.54,49925.9,1
2023-12-20,2023-12-20 14:08:00,1071.27,1071.3,1071.27,1071.3,0.0,46.54,49925.9,1
2023-12-20,2023-12-20 14:09:00,1071.3,1071.33,1071.3,1071.33,0.0,46.54,49925.9,1
2023-12-20,2023-12-20 14:10:00,1071.33,1071.37,1071.33,1071.37,0.0,46.54,49925.9,1
2023-12-20,2023-12-20 14:11:00,1071.37,1071.4,1071.37,1071.4,0.0,46.54,49925.9,1
2023-12-20,2023-12-20 14:12:00,1071.4,1071.43,1071.4,1071.43,0.0,46.54,49925.9,1
2023-12-20,2023-12-20 14:13:00,1071.43,1071.47,1071.43,1071.47,0.0,46.54,49925.9,1
2023-12-20,2023-12-20 14:14:00,1071.47,1071.5,1071.47,1071.5,0.0,46.54,49925.9,1
2023-12-20,2023-12-20 14:15:00,1071.5,1071.53,1071.5,1071.53,0.0,46.54,49925.9,1
2023-12-20,2023-12-20 14:16:00,1071.53,1071.57,1071.53,1071.57,0.0,46.54,49925.9,1
2023-12-20,2023-12-20 14:17:00,1071.57,1071.6,1071.57,1071.6,0.0,46.54,49925.9,1
2023-12-20,2023-12-20 14:18:00,1071.6,1071.63,1071.6,1071.63,0.0,46.54,49925.9,1
2023-12-20,2023-12-20 14:19:00,1071.63,1071.67,1071.63,1071.67,0.0,46.54,49925.9,1
2023-12-20,2023-12-20 14:20:00,1071.67,1071.7,1071.67,1071.7,0.0,46.54,49925.9,1
2023-12-20,2023-12-20 14:21:00,1071.7,1071.73,1071.7,1071.73,0.0,46.54,49925.9,1
2023-12-20,2023-12-20 14:22:00,1071.73,1071.77,1071.73,1071.77,0.0,46.54,49925.9,1
2023-12-20,2023-12-20 14:23:00,1071.77,1071.8,1071.77,1071.8,0.0,46.54,49925.9,1
2023-12-20,2023-12-20 14:24:00,1071.8,1071.83,1071.8,1071.83,0.0,46.54,49925.9,1
2023-12-20,2023-12-20 14:25:00,1071.83,1071.87,1071.83,1071.87,0.0,46.54,49925.9,1
2023-12-20,2023-12-20 14:26:00,1071.87,1071.9,1071.87,1071.9,0.0,46.54,49925.9,1
2023-12-20,2023-12-20 14:27:00,1071.9,1071.93,1071.9,1071.93,0.0,46.54,49925.9,1
2023-12-20,2023-12-20 14:28:00,1071.93,1071.97,1071.93,1071.97,0.0,46.54,49925.9,1
2023-12-20,2023-12-20 14:29:00,1071.97,1072.0,1071.97,1072.0,0.0,46.54,49925.9,1
2023-12-20,2023-12-20 14:30:00,1072.0,1072.03,1072.0,1072.03,0.0,46.54,49925.9,1
2023-12-20,2023-12-20 14:31:00,1072.03,1072.07,1072.03,1072.07,0.0,46.54,49925.9,1
2023-12-20,2023-12-20 14:32:00,1072.07,1072.1,1072.07,1072.1,0.0,46.54,49925.9,1
2023-12-20,2023-12-20 14:33:00,1072.1,1072.13,1072.1,1072.13,0.0,46.54,49925.9,1
2023-12-20,2023-12-20 14:34:00,1072.13,1072.17,1072.13,1072.17,0.0,46.54,49925.9,1
2023-12-20,2023-12-20 14:35:00,1072.17,1072.2,1072.17,1072.2,0.0,46.54,49925.9,1
2023-12-20,2023-12-20 14:36:00,1072.2,1072.23,1072.2,1072.23,0.0,46.54,49925.9,1
2023-12-20,2023-12-20 14:37:00,1072.23,1072.27,1072.23,1072.27,0.0,46.54,49925.9,1
2023-12-20,2023-12-20 14:38:00,1072.27,1072.3,1072.27,1072.3,0.0,46.54,49925.9,1
2023-12-20,2023-12-20 14:39:00,1072.3,1072.33,1072.3,1072.33,0.0,46.54,49925.9,1
2023-12-20,2023-12-20 14:40:00,1072.33,1072.37,1072.33,1072.37,0.0,46.54,49925.9,1
2023-12-20,2023-12-20 14:41:00,1072.37,1072.4,1072.37,1072.4,0.0,46.54,49925.9,1
2023-12-20,2023-12-20 14:42:00,1072.4,1072.43,1072.4,1072.43,0.0,46.54,49925.9,1
2023-12-20,2023-12-20 14:43:00,1072.43,1072.47,1072.43,1072.47,0.0,46.54,49925.9,1
2023-12-20,2023-12-20 14:44:00,1072.47,1072.5,1072.47,1072.5,0.0,46.54,49925.9,1
2023-12-20,2023-12-20 14:45:00,1072.5,1072.53,1072.5,1072.53,0.0,46.54,49925.9,1
2023-12-20,2023-12-20 14:46:00,1072.53,1072.57,1072.53,1072.57,0.0,46.54,49925.9,1
2023-12-20,2023-12-20 14:47:00,1072.57,1072.6,1072.57,1072.6,0.0,46.54,49925.9,1
2023-12-20,2023-12-20 14:48:00,1072.6,1072.63,1072.6,1072.63,0.0,46.54,49925.9,1
2023-12-20,2023-12-20 14:49:00,1072.63,1072.67,1072.63,1072.67,0.0,46.54,49925.9,1
2023-12-20,2023-12-20 14:50:00,1072.67,1072.7,1072.67,1072.7,0.0,46.54,49925.9,1
2023-12-20,2023-12-20 14:51:00,1072.7,1072.73,1072.7,1072.73,0.0,46.54,49925.9,1
2023-12-20,2023-12-20 14:52:00,1072.73,1072.77,1072.73,1072.77,0.0,46.54,49925.9,1
2023-12-20,2023-12-20 14:53:00,1072.77,1072.8,1072.77,1072.8,0.0,46.54,49925.9,1
2023-12-20,2023-12-20 14:54:00,1072.8,1072.83,1072.8,1072.83,0.0,46.54,49925.9,1
2023-12-20,2023-12-20 14:55:00,1072.83,1072.87,1072.83,1072.87,0.0,46.54,49925.9,1
2023-12-20,2023-12-20 14:56:00,1072.87,1072.9,1072.87,1072.9,0.0,46.54,49925.9,1
2023-12-20,2023-12-20 14:57:00,1072.9,1072.93,1072.9,1072.93,0.0,46.54,49925.9,1
2023-12-20,2023-12-20 14:58:00,1072.93,1072.97,1072.93,1072.97,0.0,46.54,49925.9,1
2023-12-20,2023-12-20 14:59:00,1072.97,1073.0,1072.97,1073.0,0.0,46.54,49925.9,1
2023-12-20,2023-12-20 15:00:00,1073.0,1122.0,1043.0,1073.0,0.0,46.54,49925.9,0
2023-12-21,2023-12-21 11:00:00,1051.6,1064.32,1051.12,1051.74,0.01,27.74,29555.44,1
2023-12-21,2023-12-21 11:01:00,1051.74,1051.89,1051.74,1051.89,0.01,27.74,29555.44,1
2023-12-21,2023-12-21 11:02:00,1051.89,1052.03,1051.89,1052.03,0.01,27.74,29555.44,1
2023-12-21,2023-12-21 11:03:00,1052.03,1052.17,1052.03,1052.17,0.01,27.74,29555.44,1
2023-12-21,2023-12-21 11:04:00,1052.17,1052.32,1052.17,1052.32,0.01,27.74,29555.44,1
2023-12-21,2023-12-21 11:05:00,1052.32,1052.46,1052.32,1052.46,0.01,27.74,29555.44,1
2023-12-21,2023-12-21 11:06:00,1052.46,1052.6,1052.46,1052.6,0.01,27.74,29555.44,1
2023-12-21,2023-12-21 11:07:00,1052.6,1052.75,1052.6,1052.75,0.01,27.74,29555.44,1
2023-12-21,2023-12-21 11:08:00,1052.75,1052.89,1052.75,1052.89,0.01,27.74,29555.44,1
2023-12-21,2023-12-21 11:09:00,1052.89,1053.03,1052.89,1053.03,0.01,27.74,29555.44,1
2023-12-21,2023-12-21 11:10:00,1053.03,1053.18,1053.03,1053.18,0.01,27.74,29555.44,1
2023-12-21,2023-12-21 11:11:00,1053.18,1053.32,1053.18,1053.32,0.01,27.74,29555.44,1
2023-12-21,2023-12-21 11:12:00,1053.32,1053.46,1053.32,1053.46,0.01,27.74,29555.44,1
2023-12-21,2023-12-21 11:13:00,1053.46,1053.61,1053.46,1053.61,0.01,27.74,29555.44,1
2023-12-21,2023-12-21 11:14:00,1053.61,1053.75,1053.61,1053.75,0.01,27.74,29555.44,1
2023-12-21,2023-12-21 11:15:00,1053.75,1053.89,1053.75,1053.89,0.01,27.74,29555.44,1
2023-12-21,2023-12-21 11:16:00,1053.89,1054.04,1053.89,1054.04,0.01,27.74,29555.44,1
2023-12-21,2023-12-21 11:17:00,1054.04,1054.18,1054.04,1054.18,0.01,27.74,29555.44,1
2023-12-21,2023-12-21 11:18:00,1054.18,1054.32,1054.18,1054.32,0.01,27.74,29555.44,1
2023-12-21,2023-12-21 11:19:00,1054.32,1054.47,1054.32,1054.47,0.01,27.74,29555.44,1
2023-12-21,2023-12-21 11:20:00,1054.47,1054.61,1054.47,1054.61,0.01,27.74,29555.44,1
2023-12-21,2023-12-21 11:21:00,1054.61,1054.75,1054.61,1054.75,0.01,27.74,29555.44,1
2023-12-21,2023-12-21 11:22:00,1054.75,1054.9,1054.75,1054.9,0.01,27.74,29555.44,1
2023-12-21,2023-12-21 11:23:00,1054.9,1055.04,1054.9,1055.04,0.01,27.74,29555.44,1
2023-12-21,2023-12-21 11:24:00,1055.04,1055.18,1055.04,1055.18,0.01,27.74,29555.44,1
2023-12-21,2023-12-21 11:25:00,1055.18,1055.33,1055.18,1055.33,0.01,27.74,29555.44,1
2023-12-21,2023-12-21 11:26:00,1055.33,1055.47,1055.33,1055.47,0.01,27.74,29555.44,1
2023-12-21,2023-12-21 11:27:00,1055.47,1055.61,1055.47,1055.61,0.01,27.74,29555.44,1
2023-12-21,2023-12-21 11:28:00,1055.61,1055.76,1055.61,1055.76,0.01,27.74,29555.44,1
2023-12-21,2023-12-21 11:29:00,1055.76,1055.9,1055.76,1055.9,0.01,27.74,29555.44,1
2023-12-21,2023-12-21 11:30:00,1055.9,1056.04,1055.9,1056.04,0.01,27.74,29555.44,1
2023-12-21,2023-12-21 11:31:00,1056.04,1056.19,1056.04,1056.19,0.01,27.74,29555.44,1
2023-12-21,2023-12-21 11:32:00,1056.19,1056.33,1056.19,1056.33,0.01,27.74,29555.44,1
2023-12-21,2023-12-21 11:33:00,1056.33,1056.47,1056.33,1056.47,0.01,27.74,29555.44,1
2023-12-21,2023-12-21 11:34:00,1056.47,1056.62,1056.47,1056.62,0.01,27.74,29555.44,1
2023-12-21,2023-12-21 11:35:00,1056.62,1056.76,1056.62,1056.76,0.01,27.74,29555.44,1
2023-12-21,2023-12-21 11:36:00,1056.76,1056.9,1056.76,1056.9,0.01,27.74,29555.44,1
2023-12-21,2023-12-21 11:37:00,1056.9,1057.05,1056.9,1057.05,0.01,27.74,29555.44,1
2023-12-21,2023-12-21 11:38:00,1057.05,1057.19,1057.05,1057.19,0.01,27.74,29555.44,1
2023-12-21,2023-12-21 11:39:00,1057.19,1057.33,1057.19,1057.33,0.01,27.74,29555.44,1
2023-12-21,2023-12-21 11:40:00,1057.33,1057.48,1057.33,1057.48,0.01,27.74,29555.44,1
2023-12-21,2023-12-21 11:41:00,1057.48,1057.62,1057.48,1057.62,0.01,27.74,29555.44,1
2023-12-21,2023-12-21 11:42:00,1057.62,1057.76,1057.62,1057.76,0.01,27.74,29555.44,1
2023-12-21,2023-12-21 11:43:00,1057.76,1057.91,1057.76,1057.91,0.01,27.74,29555.44,1
2023-12-21,2023-12-21 11:44:00,1057.91,1058.05,1057.91,1058.05,0.01,27.74,29555.44,1
2023-12-21,2023-12-21 11:45:00,1058.05,1058.19,1058.05,1058.19,0.01,27.74,29555.44,1
2023-12-21,2023-12-21 11:46:00,1058.19,1058.34,1058.19,1058.34,0.01,27.74,29555.44,1
2023-12-21,2023-12-21 11:47:00,1058.34,1058.48,1058.34,1058.48,0.01,27.74,29555.44,1
2023-12-21,2023-12-21 11:48:00,1058.48,1058.62,1058.48,1058.62,0.01,27.74,29555.44,1
2023-12-21,2023-12-21 11:49:00,1058.62,1058.77,1058.62,1058.77,0.01,27.74,29555.44,1
2023-12-21,2023-12-21 11:50:00,1058.77,1058.91,1058.77,1058.91,0.01,27.74,29555.44,1
2023-12-21,2023-12-21 11:51:00,1058.91,1059.05,1058.91,1059.05,0.01,27.74,29555.44,1
2023-12-21,2023-12-21 11:52:00,1059.05,1059.2,1059.05,1059.2,0.01,27.74,29555.44,1
2023-12-21,2023-12-21 11:53:00,1059.2,1059.34,1059.2,1059.34,0.01,27.74,29555.44,1
2023-12-21,2023-12-21 11:54:00,1059.34,1059.48,1059.34,1059.48,0.01,27.74,29555.44,1
2023-12-21,2023-12-21 11:55:00,1059.48,1059.63,1059.48,1059.63,0.01,27.74,29555.44,1
2023-12-21,2023-12-21 11:56:00,1059.63,1059.77,1059.63,1059.77,0.01,27.74,29555.44,1
2023-12-21,2023-12-21 11:57:00,1059.77,1059.91,1059.77,1059.91,0.01,27.74,29555.44,1
2023-12-21,2023-12-21 11:58:00,1059.91,1060.06,1059.91,1060.06,0.01,27.74,29555.44,1
2023-12-21,2023-12-21 11:59:00,1060.06,1060.2,1060.06,1060.2,0.01,27.74,29555.44,1
2023-12-21,2023-12-21 12:00:00,1060.2,1060.34,1060.2,1060.34,0.01,27.74,29555.44,1
2023-12-21,2023-12-21 12:01:00,1060.34,1060.49,1060.34,1060.49,0.01,27.74,29555.44,1
2023-12-21,2023-12-21 12:02:00,1060.49,1060.63,1060.49,1060.63,0.01,27.74,29555.44,1
2023-12-21,2023-12-21 12:03:00,1060.63,1060.77,1060.63,1060.77,0.01,27.74,29555.44,1
2023-12-21,2023-12-21 12:04:00,1060.77,1060.92,1060.77,1060.92,0.01,27.74,29555.44,1
2023-12-21,2023-12-21 12:05:00,1060.92,1061.06,1060.92,1061.06,0.01,27.74,29555.44,1
2023-12-21,2023-12-21 12:06:00,1061.06,1061.2,1061.06,1061.2,0.01,27.74,29555.44,1
2023-12-21,2023-12-21 12:07:00,1061.2,1061.35,1061.2,1061.35,0.01,27.74,29555.44,1
2023-12-21,2023-12-21 12:08:00,1061.35,1061.49,1061.35,1061.49,0.01,27.74,29555.44,1
2023-12-21,2023-12-21 12:09:00,1061.49,1061.63,1061.49,1061.63,0.01,27.74,29555.44,1
2023-12-21,2023-12-21 12:10:00,1061.63,1061.78,1061.63,1061.78,0.01,27.74,29555.44,1
2023-12-21,2023-12-21 12:11:00,1061.78,1061.92,1061.78,1061.92,0.01,27.74,29555.44,1
2023-12-21,2023-12-21 12:12:00,1061.92,1062.06,1061.92,1062.06,0.01,27.74,29555.44,1
2023-12-21,2023-12-21 12:13:00,1062.06,1062.21,1062.06,1062.21,0.01,27.74,29555.44,1
2023-12-21,2023-12-21 12:14:00,1062.21,1062.35,1062.21,1062.35,0.01,27.74,29555.44,1
2023-12-21,2023-12-21 12:15:00,1062.35,1062.49,1062.35,1062.49,0.01,27.74,29555.44,1
2023-12-21,2023-12-21 12:16:00,1062.49,1062.64,1062.49,1062.64,0.01,27.74,29555.44,1
2023-12-21,2023-12-21 12:17:00,1062.64,1062.78,1062.64,1062.78,0.01,27.74,29555.44,1
2023-12-21,2023-12-21 12:18:00,1062.78,1062.92,1062.78,1062.92,0.01,27.74,29555.44,1
2023-12-21,2023-12-21 12:19:00,1062.92,1063.07,1062.92,1063.07,0.01,27.74,29555.44,1
2023-12-21,2023-12-21 12:20:00,1063.07,1063.21,1063.07,1063.21,0.01,27.74,29555.44,1
2023-12-21,2023-12-21 12:21:00,1063.21,1063.35,1063.21,1063.35,0.01,27.74,29555.44,1
2023-12-21,2023-12-21 12:22:00,1063.35,1063.5,1063.35,1063.5,0.01,27.74,29555.44,1
2023-12-21,2023-12-21 12:23:00,1063.5,1063.64,1063.5,1063.64,0.01,27.74,29555.44,1
2023-12-21,2023-12-21 12:24:00,1063.64,1063.78,1063.64,1063.78,0.01,27.74,29555.44,1
2023-12-21,2023-12-21 12:25:00,1063.78,1063.93,1063.78,1063.93,0.01,27.74,29555.44,1
2023-12-21,2023-12-21 12:26:00,1063.93,1064.07,1063.93,1064.07,0.01,27.74,29555.44,1
2023-12-21,2023-12-21 12:27:00,1064.07,1064.21,1064.07,1064.21,0.01,27.74,29555.44,1
2023-12-21,2023-12-21 12:28:00,1064.21,1064.36,1064.21,1064.36,0.01,27.74,29555.44,1
2023-12-21,2023-12-21 12:29:00,1064.36,1064.5,1064.36,1064.5,0.01,27.74,29555.44,1
2023-12-21,2023-12-21 12:30:00,1064.5,1064.64,1064.5,1064.64,0.01,27.74,29555.44,1
2023-12-21,2023-12-21 12:31:00,1064.64,1064.79,1064.64,1064.79,0.01,27.74,29555.44,1
2023-12-21,2023-12-21 12:32:00,1064.79,1064.93,1064.79,1064.93,0.01,27.74,29555.44,1
2023-12-21,2023-12-21 12:33:00,1064.93,1065.07,1064.93,1065.07,0.01,27.74,29555.44,1
2023-12-21,2023-12-21 12:34:00,1065.07,1065.22,1065.07,1065.22,0.01,27.74,29555.44,1
2023-12-21,2023-12-21 12:35:00,1065.22,1065.36,1065.22,1065.36,0.01,27.74,29555.44,1
2023-12-21,2023-12-21 12:36:00,1065.36,1065.5,1065.36,1065.5,0.01,27.74,29555.44,1
2023-12-21,2023-12-21 12:37:00,1065.5,1065.65,1065.5,1065.65,0.01,27.74,29555.44,1
2023-12-21,2023-12-21 12:38:00,1065.65,1065.79,1065.65,1065.79,0.01,27.74,29555.44,1
2023-12-21,2023-12-21 12:39:00,1065.79,1065.93,1065.79,1065.93,0.01,27.74,29555.44,1
2023-12-21,2023-12-21 12:40:00,1065.93,1066.08,1065.93,1066.08,0.01,27.74,29555.44,1
2023-12-21,2023-12-21 12:41:00,1066.08,1066.22,1066.08,1066.22,0.01,27.74,29555.44,1
2023-12-21,2023-12-21 12:42:00,1066.22,1066.36,1066.22,1066.36,0.01,27.74,29555.44,1
2023-12-21,2023-12-21 12:43:00,1066.36,1066.51,1066.36,1066.51,0.01,27.74,29555.44,1
2023-12-21,2023-12-21 12:44:00,1066.51,1066.65,1066.51,1066.65,0.01,27.74,29555.44,1
2023-12-21,2023-12-21 12:45:00,1066.65,1066.79,1066.65,1066.79,0.01,27.74,29555.44,1
2023-12-21,2023-12-21 12:46:00,1066.79,1066.94,1066.79,1066.94,0.01,27.74,29555.44,1
2023-12-21,2023-12-21 12:47:00,1066.94,1067.08,1066.94,1067.08,0.01,27.74,29555.44,1
2023-12-21,2023-12-21 12:48:00,1067.08,1067.22,1067.08,1067.22,0.01,27.74,29555.44,1
2023-12-21,2023-12-21 12:49:00,1067.22,1067.37,1067.22,1067.37,0.01,27.74,29555.44,1
2023-12-21,2023-12-21 12:50:00,1067.37,1067.51,1067.37,1067.51,0.01,27.74,29555.44,1
2023-12-21,2023-12-21 12:51:00,1067.51,1067.65,1067.51,1067.65,0.01,27.74,29555.44,1
2023-12-21,2023-12-21 12:52:00,1067.65,1067.8,1067.65,1067.8,0.01,27.74,29555.44,1
2023-12-21,2023-12-21 12:53:00,1067.8,1067.94,1067.8,1067.94,0.01,27.74,29555.44,1
2023-12-21,2023-12-21 12:54:00,1067.94,1068.08,1067.94,1068.08,0.01,27.74,29555.44,1
2023-12-21,2023-12-21 12:55:00,1068.08,1068.23,1068.08,1068.23,0.01,27.74,29555.44,1
2023-12-21,2023-12-21 12:56:00,1068.23,1068.37,1068.23,1068.37,0.01,27.74,29555.44,1
2023-12-21,2023-12-21 12:57:00,1068.37,1068.51,1068.37,1068.51,0.01,27.74,29555.44,1
2023-12-21,2023-12-21 12:58:00,1068.51,1068.66,1068.51,1068.66,0.01,27.74,29555.44,1
2023-12-21,2023-12-21 12:59:00,1068.66,1068.8,1068.66,1068.8,0.01,27.74,29555.44,1
2023-12-21,2023-12-21 13:00:00,1068.8,1094.0,1050.0,1068.94,0.01,27.74,29555.44,1
2023-12-21,2023-12-21 13:01:00,1068.94,1069.09,1068.94,1069.09,0.01,27.74,29555.44,1
2023-12-21,2023-12-21 13:02:00,1069.09,1069.23,1069.09,1069.23,0.01,27.74,29555.44,1
2023-12-21,2023-12-21 13:03:00,1069.23,1069.37,1069.23,1069.37,0.01,27.74,29555.44,1
2023-12-21,2023-12-21 13:04:00,1069.37,1069.52,1069.37,1069.52,0.01,27.74,29555.44,1
2023-12-21,2023-12-21 13:05:00,1069.52,1069.66,1069.52,1069.66,0.01,27.74,29555.44,1
2023-12-21,2023-12-21 13:06:00,1069.66,1069.8,1069.66,1069.8,0.01,27.74,29555.44,1
2023-12-21,2023-12-21 13:07:00,1069.8,1069.95,1069.8,1069.95,0.01,27.74,29555.44,1
2023-12-21,2023-12-21 13:08:00,1069.95,1070.09,1069.95,1070.09,0.01,27.74,29555.44,1
2023-12-21,2023-12-21 13:09:00,1070.09,1070.23,1070.09,1070.23,0.01,27.74,29555.44,1
2023-12-21,2023-12-21 13:10:00,1070.23,1070.38,1070.23,1070.38,0.01,27.74,29555.44,1
2023-12-21,2023-12-21 13:11:00,1070.38,1070.52,1070.38,1070.52,0.01,27.74,29555.44,1
2023-12-21,2023-12-21 13:12:00,1070.52,1070.66,1070.52,1070.66,0.01,27.74,29555.44,1
2023-12-21,2023-12-21 13:13:00,1070.66,1070.81,1070.66,1070.81,0.01,27.74,29555.44,1
2023-12-21,2023-12-21 13:14:00,1070.81,1070.95,1070.81,1070.95,0.01,27.74,29555.44,1
2023-12-21,2023-12-21 13:15:00,1070.95,1071.09,1070.95,1071.09,0.01,27.74,29555.44,1
2023-12-21,2023-12-21 13:16:00,1071.09,1071.24,1071.09,1071.24,0.01,27.74,29555.44,1
2023-12-21,2023-12-21 13:17:00,1071.24,1071.38,1071.24,1071.38,0.01,27.74,29555.44,1
2023-12-21,2023-12-21 13:18:00,1071.38,1071.52,1071.38,1071.52,0.01,27.74,29555.44,1
2023-12-21,2023-12-21 13:19:00,1071.52,1071.67,1071.52,1071.67,0.01,27.74,29555.44,1
2023-12-21,2023-12-21 13:20:00,1071.67,1071.81,1071.67,1071.81,0.01,27.74,29555.44,1
2023-12-21,2023-12-21 13:21:00,1071.81,1071.95,1071.81,1071.95,0.01,27.74,29555.44,1
2023-12-21,2023-12-21 13:22:00,1071.95,1072.1,1071.95,1072.1,0.01,27.74,29555.44,1
2023-12-21,2023-12-21 13:23:00,1072.1,1072.24,1072.1,1072.24,0.01,27.74,29555.44,1
2023-12-21,2023-12-21 13:24:00,1072.24,1072.38,1072.24,1072.38,0.01,27.74,29555.44,1
2023-12-21,2023-12-21 13:25:00,1072.38,1072.53,1072.38,1072.53,0.01,27.74,29555.44,1
2023-12-21,2023-12-21 13:26:00,1072.53,1072.67,1072.53,1072.67,0.01,27.74,29555.44,1
2023-12-21,2023-12-21 13:27:00,1072.67,1072.81,1072.67,1072.81,0.01,27.74,29555.44,1
2023-12-21,2023-12-21 13:28:00,1072.81,1072.96,1072.81,1072.96,0.01,27.74,29555.44,1
2023-12-21,2023-12-21 13:29:00,1072.96,1073.1,1072.96,1073.1,0.01,27.74,29555.44,1
2023-12-21,2023-12-21 13:30:00,1073.1,1073.24,1073.1,1073.24,0.01,27.74,29555.44,1
2023-12-21,2023-12-21 13:31:00,1073.24,1073.39,1073.24,1073.39,0.01,27.74,29555.44,1
2023-12-21,2023-12-21 13:32:00,1073.39,1073.53,1073.39,1073.53,0.01,27.74,29555.44,1
2023-12-21,2023-12-21 13:33:00,1073.53,1073.67,1073.53,1073.67,0.01,27.74,29555.44,1
2023-12-21,2023-12-21 13:34:00,1073.67,1073.82,1073.67,1073.82,0.01,27.74,29555.44,1
2023-12-21,2023-12-21 13:35:00,1073.82,1073.96,1073.82,1073.96,0.01,27.74,29555.44,1
2023-12-21,2023-12-21 13:36:00,1073.96,1074.1,1073.96,1074.1,0.01,27.74,29555.44,1
2023-12-21,2023-12-21 13:37:00,1074.1,1074.25,1074.1,1074.25,0.01,27.74,29555.44,1
2023-12-21,2023-12-21 13:38:00,1074.25,1074.39,1074.25,1074.39,0.01,27.74,29555.44,1
2023-12-21,2023-12-21 13:39:00,1074.39,1074.53,1074.39,1074.53,0.01,27.74,29555.44,1
2023-12-21,2023-12-21 13:40:00,1074.53,1074.68,1074.53,1074.68,0.01,27.74,29555.44,1
2023-12-21,2023-12-21 13:41:00,1074.68,1074.82,1074.68,1074.82,0.01,27.74,29555.44,1
2023-12-21,2023-12-21 13:42:00,1074.82,1074.96,1074.82,1074.96,0.01,27.74,29555.44,1
2023-12-21,2023-12-21 13:43:00,1074.96,1075.11,1074.96,1075.11,0.01,27.74,29555.44,1
2023-12-21,2023-12-21 13:44:00,1075.11,1075.25,1075.11,1075.25,0.01,27.74,29555.44,1
2023-12-21,2023-12-21 13:45:00,1075.25,1075.39,1075.25,1075.39,0.01,27.74,29555.44,1
2023-12-21,2023-12-21 13:46:00,1075.39,1075.54,1075.39,1075.54,0.01,27.74,29555.44,1
2023-12-21,2023-12-21 13:47:00,1075.54,1075.68,1075.54,1075.68,0.01,27.74,29555.44,1
2023-12-21,2023-12-21 13:48:00,1075.68,1075.82,1075.68,1075.82,0.01,27.74,29555.44,1
2023-12-21,2023-12-21 13:49:00,1075.82,1075.97,1075.82,1075.97,0.01,27.74,29555.44,1
2023-12-21,2023-12-21 13:50:00,1075.97,1076.11,1075.97,1076.11,0.01,27.74,29555.44,1
2023-12-21,2023-12-21 13:51:00,1076.11,1076.25,1076.11,1076.25,0.01,27.74,29555.44,1
2023-12-21,2023-12-21 13:52:00,1076.25,1076.4,1076.25,1076.4,0.01,27.74,29555.44,1
2023-12-21,2023-12-21 13:53:00,1076.4,1076.54,1076.4,1076.54,0.01,27.74,29555.44,1
2023-12-21,2023-12-21 13:54:00,1076.54,1076.68,1076.54,1076.68,0.01,27.74,29555.44,1
2023-12-21,2023-12-21 13:55:00,1076.68,1076.83,1076.68,1076.83,0.01,27.74,29555.44,1
2023-12-21,2023-12-21 13:56:00,1076.83,1076.97,1076.83,1076.97,0.01,27.74,29555.44,1
2023-12-21,2023-12-21 13:57:00,1076.97,1077.11,1076.97,1077.11,0.01,27.74,29555.44,1
2023-12-21,2023-12-21 13:58:00,1077.11,1077.26,1077.11,1077.26,0.01,27.74,29555.44,1
2023-12-21,2023-12-21 13:59:00,1077.26,1077.4,1077.26,1077.4,0.01,27.74,29555.44,1
2023-12-21,2023-12-21 14:00:00,1077.4,1077.54,1077.4,1077.54,0.01,27.74,29555.44,1
2023-12-21,2023-12-21 14:01:00,1077.54,1077.69,1077.54,1077.69,0.01,27.74,29555.44,1
2023-12-21,2023-12-21 14:02:00,1077.69,1077.83,1077.69,1077.83,0.01,27.74,29555.44,1
2023-12-21,2023-12-21 14:03:00,1077.83,1077.97,1077.83,1077.97,0.01,27.74,29555.44,1
2023-12-21,2023-12-21 14:04:00,1077.97,1078.12,1077.97,1078.12,0.01,27.74,29555.44,1
2023-12-21,2023-12-21 14:05:00,1078.12,1078.26,1078.12,1078.26,0.01,27.74,29555.44,1
2023-12-21,2023-12-21 14:06:00,1078.26,1078.4,1078.26,1078.4,0.01,27.74,29555.44,1
2023-12-21,2023-12-21 14:07:00,1078.4,1078.55,1078.4,1078.55,0.01,27.74,29555.44,1
2023-12-21,2023-12-21 14:08:00,1078.55,1078.69,1078.55,1078.69,0.01,27.74,29555.44,1
2023-12-21,2023-12-21 14:09:00,1078.69,1078.83,1078.69,1078.83,0.01,27.74,29555.44,1
2023-12-21,2023-12-21 14:10:00,1078.83,1078.98,1078.83,1078.98,0.01,27.74,29555.44,1
2023-12-21,2023-12-21 14:11:00,1078.98,1079.12,1078.98,1079.12,0.01,27.74,29555.44,1
2023-12-21,2023-12-21 14:12:00,1079.12,1079.26,1079.12,1079.26,0.01,27.74,29555.44,1
2023-12-21,2023-12-21 14:13:00,1079.26,1079.41,1079.26,1079.41,0.01,27.74,29555.44,1
2023-12-21,2023-12-21 14:14:00,1079.41,1079.55,1079.41,1079.55,0.01,27.74,29555.44,1
2023-12-21,2023-12-21 14:15:00,1079.55,1079.69,1079.55,1079.69,0.01,27.74,29555.44,1
2023-12-21,2023-12-21 14:16:00,1079.69,1079.84,1079.69,1079.84,0.01,27.74,29555.44,1
2023-12-21,2023-12-21 14:17:00,1079.84,1079.98,1079.84,1079.98,0.01,27.74,29555.44,1
2023-12-21,2023-12-21 14:18:00,1079.98,1080.12,1079.98,1080.12,0.01,27.74,29555.44,1
2023-12-21,2023-12-21 14:19:00,1080.12,1080.27,1080.12,1080.27,0.01,27.74,29555.44,1
2023-12-21,2023-12-21 14:20:00,1080.27,1080.41,1080.27,1080.41,0.01,27.74,29555.44,1
2023-12-21,2023-12-21 14:21:00,1080.41,1080.55,1080.41,1080.55,0.01,27.74,29555.44,1
2023-12-21,2023-12-21 14:22:00,1080.55,1080.7,1080.55,1080.7,0.01,27.74,29555.44,1
2023-12-21,2023-12-21 14:23:00,1080.7,1080.84,1080.7,1080.84,0.01,27.74,29555.44,1
2023-12-21,2023-12-21 14:24:00,1080.84,1080.98,1080.84,1080.98,0.01,27.74,29555.44,1
2023-12-21,2023-12-21 14:25:00,1080.98,1081.13,1080.98,1081.13,0.01,27.74,29555.44,1
2023-12-21,2023-12-21 14:26:00,1081.13,1081.27,1081.13,1081.27,0.01,27.74,29555.44,1
2023-12-21,2023-12-21 14:27:00,1081.27,1081.41,1081.27,1081.41,0.01,27.74,29555.44,1
2023-12-21,2023-12-21 14:28:00,1081.41,1081.56,1081.41,1081.56,0.01,27.74,29555.44,1
2023-12-21,2023-12-21 14:29:00,1081.56,1081.7,1081.56,1081.7,0.01,27.74,29555.44,1
2023-12-21,2023-12-21 14:30:00,1081.7,1081.84,1081.7,1081.84,0.01,27.74,29555.44,1
2023-12-21,2023-12-21 14:31:00,1081.84,1081.99,1081.84,1081.99,0.01,27.74,29555.44,1
2023-12-21,2023-12-21 14:32:00,1081.99,1082.13,1081.99,1082.13,0.01,27.74,29555.44,1
2023-12-21,2023-12-21 14:33:00,1082.13,1082.27,1082.13,1082.27,0.01,27.74,29555.44,1
2023-12-21,2023-12-21 14:34:00,1082.27,1082.42,1082.27,1082.42,0.01,27.74,29555.44,1
2023-12-21,2023-12-21 14:35:00,1082.42,1082.56,1082.42,1082.56,0.01,27.74,29555.44,1
2023-12-21,2023-12-21 14:36:00,1082.56,1082.7,1082.56,1082.7,0.01,27.74,29555.44,1
2023-12-21,2023-12-21 14:37:00,1082.7,1082.85,1082.7,1082.85,0.01,27.74,29555.44,1
2023-12-21,2023-12-21 14:38:00,1082.85,1082.99,1082.85,1082.99,0.01,27.74,29555.44,1
2023-12-21,2023-12-21 14:39:00,1082.99,1083.13,1082.99,1083.13,0.01,27.74,29555.44,1
2023-12-21,2023-12-21 14:40:00,1083.13,1083.28,1083.13,1083.28,0.01,27.74,29555.44,1
2023-12-21,2023-12-21 14:41:00,1083.28,1083.42,1083.28,1083.42,0.01,27.74,29555.44,1
2023-12-21,2023-12-21 14:42:00,1083.42,1083.56,1083.42,1083.56,0.01,27.74,29555.44,1
2023-12-21,2023-12-21 14:43:00,1083.56,1083.71,1083.56,1083.71,0.01,27.74,29555.44,1
2023-12-21,2023-12-21 14:44:00,1083.71,1083.85,1083.71,1083.85,0.01,27.74,29555.44,1
2023-12-21,2023-12-21 14:45:00,1083.85,1083.99,1083.85,1083.99,0.01,27.74,29555.44,1
2023-12-21,2023-12-21 14:46:00,1083.99,1084.14,1083.99,1084.14,0.01,27.74,29555.44,1
2023-12-21,2023-12-21 14:47:00,1084.14,1084.28,1084.14,1084.28,0.01,27.74,29555.44,1
2023-12-21,2023-12-21 14:48:00,1084.28,1084.42,1084.28,1084.42,0.01,27.74,29555.44,1
2023-12-21,2023-12-21 14:49:00,1084.42,1084.57,1084.42,1084.57,0.01,27.74,29555.44,1
2023-12-21,2023-12-21 14:50:00,1084.57,1084.71,1084.57,1084.71,0.01,27.74,29555.44,1
2023-12-21,2023-12-21 14:51:00,1084.71,1084.85,1084.71,1084.85,0.01,27.74,29555.44,1
2023-12-21,2023-12-21 14:52:00,1084.85,1085.0,1084.85,1085.0,0.01,27.74,29555.44,1
2023-12-21,2023-12-21 14:53:00,1085.0,1085.14,1085.0,1085.14,0.01,27.74,29555.44,1
2023-12-21,2023-12-21 14:54:00,1085.14,1085.28,1085.14,1085.28,0.01,27.74,29555.44,1
2023-12-21,2023-12-21 14:55:00,1085.28,1085.43,1085.28,1085.43,0.01,27.74,29555.44,1
2023-12-21,2023-12-21 14:56:00,1085.43,1085.57,1085.43,1085.57,0.01,27.74,29555.44,1
2023-12-21,2023-12-21 14:57:00,1085.57,1085.71,1085.57,1085.71,0.01,27.74,29555.44,1
2023-12-21,2023-12-21 14:58:00,1085.71,1085.86,1085.71,1085.86,0.01,27.74,29555.44,1
2023-12-21,2023-12-21 14:59:00,1085.86,1086.0,1085.86,1086.0,0.01,27.74,29555.44,1
2023-12-21,2023-12-21 15:00:00,1086.0,1094.0,1050.0,1086.0,0.0,27.74,29555.44,0
2023-12-24,2023-12-24 11:00:00,1086.0,1087.2,1073.31,1085.89,-0.01,21.46,23029.47,-1
2023-12-24,2023-12-24 11:01:00,1085.89,1085.89,1085.78,1085.78,-0.01,21.46,23029.47,-1
2023-12-24,2023-12-24 11:02:00,1085.78,1085.78,1085.67,1085.67,-0.01,21.46,23029.47,-1
2023-12-24,2023-12-24 11:03:00,1085.67,1085.67,1085.57,1085.57,-0.01,21.46,23029.47,-1
2023-12-24,2023-12-24 11:04:00,1085.57,1085.57,1085.46,1085.46,-0.01,21.46,23029.47,-1
2023-12-24,2023-12-24 11:05:00,1085.46,1085.46,1085.35,1085.35,-0.01,21.46,23029.47,-1
2023-12-24,2023-12-24 11:06:00,1085.35,1085.35,1085.24,1085.24,-0.01,21.46,23029.47,-1
2023-12-24,2023-12-24 11:07:00,1085.24,1085.24,1085.13,1085.13,-0.01,21.46,23029.47,-1
2023-12-24,2023-12-24 11:08:00,1085.13,1085.13,1085.03,1085.03,-0.01,21.46,23029.47,-1
2023-12-24,2023-12-24 11:09:00,1085.03,1085.03,1084.92,1084.92,-0.01,21.46,23029.47,-1
2023-12-24,2023-12-24 11:10:00,1084.92,1084.92,1084.81,1084.81,-0.01,21.46,23029.47,-1
2023-12-24,2023-12-24 11:11:00,1084.81,1084.81,1084.7,1084.7,-0.01,21.46,23029.47,-1
2023-12-24,2023-12-24 11:12:00,1084.7,1084.7,1084.59,1084.59,-0.01,21.46,23029.47,-1
2023-12-24,2023-12-24 11:13:00,1084.59,1084.59,1084.48,1084.48,-0.01,21.46,23029.47,-1
2023-12-24,2023-12-24 11:14:00,1084.48,1084.48,1084.38,1084.38,-0.01,21.46,23029.47,-1
2023-12-24,2023-12-24 11:15:00,1084.38,1084.38,1084.27,1084.27,-0.01,21.46,23029.47,-1
2023-12-24,2023-12-24 11:16:00,1084.27,1084.27,1084.16,1084.16,-0.01,21.46,23029.47,-1
2023-12-24,2023-12-24 11:17:00,1084.16,1084.16,1084.05,1084.05,-0.01,21.46,23029.47,-1
2023-12-24,2023-12-24 11:18:00,1084.05,1084.05,1083.94,1083.94,-0.01,21.46,23029.47,-1
2023-12-24,2023-12-24 11:19:00,1083.94,1083.94,1083.83,1083.83,-0.01,21.46,23029.47,-1
2023-12-24,2023-12-24 11:20:00,1083.83,1083.83,1083.72,1083.72,-0.01,21.46,23029.47,-1
2023-12-24,2023-12-24 11:21:00,1083.72,1083.72,1083.62,1083.62,-0.01,21.46,23029.47,-1
2023-12-24,2023-12-24 11:22:00,1083.62,1083.62,1083.51,1083.51,-0.01,21.46,23029.47,-1
2023-12-24,2023-12-24 11:23:00,1083.51,1083.51,1083.4,1083.4,-0.01,21.46,23029.47,-1
2023-12-24,2023-12-24 11:24:00,1083.4,1083.4,1083.29,1083.29,-0.01,21.46,23029.47,-1
2023-12-24,2023-12-24 11:25:00,1083.29,1083.29,1083.18,1083.18,-0.01,21.46,23029.47,-1
2023-12-24,2023-12-24 11:26:00,1083.18,1083.18,1083.08,1083.08,-0.01,21.46,23029.47,-1
2023-12-24,2023-12-24 11:27:00,1083.08,1083.08,1082.97,1082.97,-0.01,21.46,23029.47,-1
2023-12-24,2023-12-24 11:28:00,1082.97,1082.97,1082.86,1082.86,-0.01,21.46,23029.47,-1
2023-12-24,2023-12-24 11:29:00,1082.86,1082.86,1082.75,1082.75,-0.01,21.46,23029.47,-1
2023-12-24,2023-12-24 11:30:00,1082.75,1082.75,1082.64,1082.64,-0.01,21.46,23029.47,-1
2023-12-24,2023-12-24 11:31:00,1082.64,1082.64,1082.53,1082.53,-0.01,21.46,23029.47,-1
2023-12-24,2023-12-24 11:32:00,1082.53,1082.53,1082.42,1082.42,-0.01,21.46,23029.47,-1
2023-12-24,2023-12-24 11:33:00,1082.42,1082.42,1082.32,1082.32,-0.01,21.46,23029.47,-1
2023-12-24,2023-12-24 11:34:00,1082.32,1082.32,1082.21,1082.21,-0.01,21.46,23029.47,-1
2023-12-24,2023-12-24 11:35:00,1082.21,1082.21,1082.1,1082.1,-0.01,21.46,23029.47,-1
2023-12-24,2023-12-24 11:36:00,1082.1,1082.1,1081.99,1081.99,-0.01,21.46,23029.47,-1
2023-12-24,2023-12-24 11:37:00,1081.99,1081.99,1081.88,1081.88,-0.01,21.46,23029.47,-1
2023-12-24,2023-12-24 11:38:00,1081.88,1081.88,1081.78,1081.78,-0.01,21.46,23029.47,-1
2023-12-24,2023-12-24 11:39:00,1081.78,1081.78,1081.67,1081.67,-0.01,21.46,23029.47,-1
2023-12-24,2023-12-24 11:40:00,1081.67,1081.67,1081.56,1081.56,-0.01,21.46,23029.47,-1
2023-12-24,2023-12-24 11:41:00,1081.56,1081.56,1081.45,1081.45,-0.01,21.46,23029.47,-1
2023-12-24,2023-12-24 11:42:00,1081.45,1081.45,1081.34,1081.34,-0.01,21.46,23029.47,-1
2023-12-24,2023-12-24 11:43:00,1081.34,1081.34,1081.23,1081.23,-0.01,21.46,23029.47,-1
2023-12-24,2023-12-24 11:44:00,1081.23,1081.23,1081.12,1081.12,-0.01,21.46,23029.47,-1
2023-12-24,2023-12-24 11:45:00,1081.12,1081.12,1081.02,1081.02,-0.01,21.46,23029.47,-1
2023-12-24,2023-12-24 11:46:00,1081.02,1081.02,1080.91,1080.91,-0.01,21.46,23029.47,-1
2023-12-24,2023-12-24 11:47:00,1080.91,1080.91,1080.8,1080.8,-0.01,21.46,23029.47,-1
2023-12-24,2023-12-24 11:48:00,1080.8,1080.8,1080.69,1080.69,-0.01,21.46,23029.47,-1
2023-12-24,2023-12-24 11:49:00,1080.69,1080.69,1080.58,1080.58,-0.01,21.46,23029.47,-1
2023-12-24,2023-12-24 11:50:00,1080.58,1080.58,1080.47,1080.47,-0.01,21.46,23029.47,-1
2023-12-24,2023-12-24 11:51:00,1080.47,1080.47,1080.37,1080.37,-0.01,21.46,23029.47,-1
2023-12-24,2023-12-24 11:52:00,1080.37,1080.37,1080.26,1080.26,-0.01,21.46,23029.47,-1
2023-12-24,2023-12-24 11:53:00,1080.26,1080.26,1080.15,1080.15,-0.01,21.46,23029.47,-1
2023-12-24,2023-12-24 11:54:00,1080.15,1080.15,1080.04,1080.04,-0.01,21.46,23029.47,-1
2023-12-24,2023-12-24 11:55:00,1080.04,1080.04,1079.93,1079.93,-0.01,21.46,23029.47,-1
2023-12-24,2023-12-24 11:56:00,1079.93,1079.93,1079.83,1079.83,-0.01,21.46,23029.47,-1
2023-12-24,2023-12-24 11:57:00,1079.83,1079.83,1079.72,1079.72,-0.01,21.46,23029.47,-1
2023-12-24,2023-12-24 11:58:00,1079.72,1079.72,1079.61,1079.61,-0.01,21.46,23029.47,-1
2023-12-24,2023-12-24 11:59:00,1079.61,1079.61,1079.5,1079.5,-0.01,21.46,23029.47,-1
2023-12-24,2023-12-24 12:00:00,1079.5,1079.5,1079.39,1079.39,-0.01,21.46,23029.47,-1
2023-12-24,2023-12-24 12:01:00,1079.39,1079.39,1079.28,1079.28,-0.01,21.46,23029.47,-1
2023-12-24,2023-12-24 12:02:00,1079.28,1079.28,1079.17,1079.17,-0.01,21.46,23029.47,-1
2023-12-24,2023-12-24 12:03:00,1079.17,1079.17,1079.07,1079.07,-0.01,21.46,23029.47,-1
2023-12-24,2023-12-24 12:04:00,1079.07,1079.07,1078.96,1078.96,-0.01,21.46,23029.47,-1
2023-12-24,2023-12-24 12:05:00,1078.96,1078.96,1078.85,1078.85,-0.01,21.46,23029.47,-1
2023-12-24,2023-12-24 12:06:00,1078.85,1078.85,1078.74,1078.74,-0.01,21.46,23029.47,-1
2023-12-24,2023-12-24 12:07:00,1078.74,1078.74,1078.63,1078.63,-0.01,21.46,23029.47,-1
2023-12-24,2023-12-24 12:08:00,1078.63,1078.63,1078.53,1078.53,-0.01,21.46,23029.47,-1
2023-12-24,2023-12-24 12:09:00,1078.53,1078.53,1078.42,1078.42,-0.01,21.46,23029.47,-1
2023-12-24,2023-12-24 12:10:00,1078.42,1078.42,1078.31,1078.31,-0.01,21.46,23029.47,-1
2023-12-24,2023-12-24 12:11:00,1078.31,1078.31,1078.2,1078.2,-0.01,21.46,23029.47,-1
2023-12-24,2023-12-24 12:12:00,1078.2,1078.2,1078.09,1078.09,-0.01,21.46,23029.47,-1
2023-12-24,2023-12-24 12:13:00,1078.09,1078.09,1077.98,1077.98,-0.01,21.46,23029.47,-1
2023-12-24,2023-12-24 12:14:00,1077.98,1077.98,1077.88,1077.88,-0.01,21.46,23029.47,-1
2023-12-24,2023-12-24 12:15:00,1077.88,1077.88,1077.77,1077.77,-0.01,21.46,23029.47,-1
2023-12-24,2023-12-24 12:16:00,1077.77,1077.77,1077.66,1077.66,-0.01,21.46,23029.47,-1
2023-12-24,2023-12-24 12:17:00,1077.66,1077.66,1077.55,1077.55,-0.01,21.46,23029.47,-1
2023-12-24,2023-12-24 12:18:00,1077.55,1077.55,1077.44,1077.44,-0.01,21.46,23029.47,-1
2023-12-24,2023-12-24 12:19:00,1077.44,1077.44,1077.33,1077.33,-0.01,21.46,23029.47,-1
2023-12-24,2023-12-24 12:20:00,1077.33,1077.33,1077.22,1077.22,-0.01,21.46,23029.47,-1
2023-12-24,2023-12-24 12:21:00,1077.22,1077.22,1077.12,1077.12,-0.01,21.46,23029.47,-1
2023-12-24,2023-12-24 12:22:00,1077.12,1077.12,1077.01,1077.01,-0.01,21.46,23029.47,-1
2023-12-24,2023-12-24 12:23:00,1077.01,1077.01,1076.9,1076.9,-0.01,21.46,23029.47,-1
2023-12-24,2023-12-24 12:24:00,1076.9,1076.9,1076.79,1076.79,-0.01,21.46,23029.47,-1
2023-12-24,2023-12-24 12:25:00,1076.79,1076.79,1076.68,1076.68,-0.01,21.46,23029.47,-1
2023-12-24,2023-12-24 12:26:00,1076.68,1076.68,1076.58,1076.58,-0.01,21.46,23029.47,-1
2023-12-24,2023-12-24 12:27:00,1076.58,1076.58,1076.47,1076.47,-0.01,21.46,23029.47,-1
2023-12-24,2023-12-24 12:28:00,1076.47,1076.47,1076.36,1076.36,-0.01,21.46,23029.47,-1
2023-12-24,2023-12-24 12:29:00,1076.36,1076.36,1076.25,1076.25,-0.01,21.46,23029.47,-1
2023-12-24,2023-12-24 12:30:00,1076.25,1076.25,1076.14,1076.14,-0.01,21.46,23029.47,-1
2023-12-24,2023-12-24 12:31:00,1076.14,1076.14,1076.03,1076.03,-0.01,21.46,23029.47,-1
2023-12-24,2023-12-24 12:32:00,1076.03,1076.03,1075.92,1075.92,-0.01,21.46,23029.47,-1
2023-12-24,2023-12-24 12:33:00,1075.92,1075.92,1075.82,1075.82,-0.01,21.46,23029.47,-1
2023-12-24,2023-12-24 12:34:00,1075.82,1075.82,1075.71,1075.71,-0.01,21.46,23029.47,-1
2023-12-24,2023-12-24 12:35:00,1075.71,1075.71,1075.6,1075.6,-0.01,21.46,23029.47,-1
2023-12-24,2023-12-24 12:36:00,1075.6,1075.6,1075.49,1075.49,-0.01,21.46,23029.47,-1
2023-12-24,2023-12-24 12:37:00,1075.49,1075.49,1075.38,1075.38,-0.01,21.46,23029.47,-1
2023-12-24,2023-12-24 12:38:00,1075.38,1075.38,1075.28,1075.28,-0.01,21.46,23029.47,-1
2023-12-24,2023-12-24 12:39:00,1075.28,1075.28,1075.17,1075.17,-0.01,21.46,23029.47,-1
2023-12-24,2023-12-24 12:40:00,1075.17,1075.17,1075.06,1075.06,-0.01,21.46,23029.47,-1
2023-12-24,2023-12-24 12:41:00,1075.06,1075.06,1074.95,1074.95,-0.01,21.46,23029.47,-1
2023-12-24,2023-12-24 12:42:00,1074.95,1074.95,1074.84,1074.84,-0.01,21.46,23029.47,-1
2023-12-24,2023-12-24 12:43:00,1074.84,1074.84,1074.73,1074.73,-0.01,21.46,23029.47,-1
2023-12-24,2023-12-24 12:44:00,1074.73,1074.73,1074.62,1074.62,-0.01,21.46,23029.47,-1
2023-12-24,2023-12-24 12:45:00,1074.62,1074.62,1074.52,1074.52,-0.01,21.46,23029.47,-1
2023-12-24,2023-12-24 12:46:00,1074.52,1074.52,1074.41,1074.41,-0.01,21.46,23029.47,-1
2023-12-24,2023-12-24 12:47:00,1074.41,1074.41,1074.3,1074.3,-0.01,21.46,23029.47,-1
2023-12-24,2023-12-24 12:48:00,1074.3,1074.3,1074.19,1074.19,-0.01,21.46,23029.47,-1
2023-12-24,2023-12-24 12:49:00,1074.19,1074.19,1074.08,1074.08,-0.01,21.46,23029.47,-1
2023-12-24,2023-12-24 12:50:00,1074.08,1074.08,1073.97,1073.97,-0.01,21.46,23029.47,-1
2023-12-24,2023-12-24 12:51:00,1073.97,1073.97,1073.87,1073.87,-0.01,21.46,23029.47,-1
2023-12-24,2023-12-24 12:52:00,1073.87,1073.87,1073.76,1073.76,-0.01,21.46,23029.47,-1
2023-12-24,2023-12-24 12:53:00,1073.76,1073.76,1073.65,1073.65,-0.01,21.46,23029.47,-1
2023-12-24,2023-12-24 12:54:00,1073.65,1073.65,1073.54,1073.54,-0.01,21.46,23029.47,-1
2023-12-24,2023-12-24 12:55:00,1073.54,1073.54,1073.43,1073.43,-0.01,21.46,23029.47,-1
2023-12-24,2023-12-24 12:56:00,1073.43,1073.43,1073.33,1073.33,-0.01,21.46,23029.47,-1
2023-12-24,2023-12-24 12:57:00,1073.33,1073.33,1073.22,1073.22,-0.01,21.46,23029.47,-1
2023-12-24,2023-12-24 12:58:00,1073.22,1073.22,1073.11,1073.11,-0.01,21.46,23029.47,-1
2023-12-24,2023-12-24 12:59:00,1073.11,1073.11,1073.0,1073.0,-0.01,21.46,23029.47,-1
2023-12-24,2023-12-24 13:00:00,1073.0,1090.0,1043.7,1072.89,-0.01,21.46,23029.47,-1
2023-12-24,2023-12-24 13:01:00,1072.89,1072.89,1072.78,1072.78,-0.01,21.46,23029.47,-1
2023-12-24,2023-12-24 13:02:00,1072.78,1072.78,1072.67,1072.67,-0.01,21.46,23029.47,-1
2023-12-24,2023-12-24 13:03:00,1072.67,1072.67,1072.57,1072.57,-0.01,21.46,23029.47,-1
2023-12-24,2023-12-24 13:04:00,1072.57,1072.57,1072.46,1072.46,-0.01,21.46,23029.47,-1
2023-12-24,2023-12-24 13:05:00,1072.46,1072.46,1072.35,1072.35,-0.01,21.46,23029.47,-1
2023-12-24,2023-12-24 13:06:00,1072.35,1072.35,1072.24,1072.24,-0.01,21.46,23029.47,-1
2023-12-24,2023-12-24 13:07:00,1072.24,1072.24,1072.13,1072.13,-0.01,21.46,23029.47,-1
2023-12-24,2023-12-24 13:08:00,1072.13,1072.13,1072.03,1072.03,-0.01,21.46,23029.47,-1
2023-12-24,2023-12-24 13:09:00,1072.03,1072.03,1071.92,1071.92,-0.01,21.46,23029.47,-1
2023-12-24,2023-12-24 13:10:00,1071.92,1071.92,1071.81,1071.81,-0.01,21.46,23029.47,-1
2023-12-24,2023-12-24 13:11:00,1071.81,1071.81,1071.7,1071.7,-0.01,21.46,23029.47,-1
2023-12-24,2023-12-24 13:12:00,1071.7,1071.7,1071.59,1071.59,-0.01,21.46,23029.47,-1
2023-12-24,2023-12-24 13:13:00,1071.59,1071.59,1071.48,1071.48,-0.01,21.46,23029.47,-1
2023-12-24,2023-12-24 13:14:00,1071.48,1071.48,1071.38,1071.38,-0.01,21.46,23029.47,-1
2023-12-24,2023-12-24 13:15:00,1071.38,1071.38,1071.27,1071.27,-0.01,21.46,23029.47,-1
2023-12-24,2023-12-24 13:16:00,1071.27,1071.27,1071.16,1071.16,-0.01,21.46,23029.47,-1
2023-12-24,2023-12-24 13:17:00,1071.16,1071.16,1071.05,1071.05,-0.01,21.46,23029.47,-1
2023-12-24,2023-12-24 13:18:00,1071.05,1071.05,1070.94,1070.94,-0.01,21.46,23029.47,-1
2023-12-24,2023-12-24 13:19:00,1070.94,1070.94,1070.83,1070.83,-0.01,21.46,23029.47,-1
2023-12-24,2023-12-24 13:20:00,1070.83,1070.83,1070.72,1070.72,-0.01,21.46,23029.47,-1
2023-12-24,2023-12-24 13:21:00,1070.72,1070.72,1070.62,1070.62,-0.01,21.46,23029.47,-1
2023-12-24,2023-12-24 13:22:00,1070.62,1070.62,1070.51,1070.51,-0.01,21.46,23029.47,-1
2023-12-24,2023-12-24 13:23:00,1070.51,1070.51,1070.4,1070.4,-0.01,21.46,23029.47,-1
2023-12-24,2023-12-24 13:24:00,1070.4,1070.4,1070.29,1070.29,-0.01,21.46,23029.47,-1
2023-12-24,2023-12-24 13:25:00,1070.29,1070.29,1070.18,1070.18,-0.01,21.46,23029.47,-1
2023-12-24,2023-12-24 13:26:00,1070.18,1070.18,1070.08,1070.08,-0.01,21.46,23029.47,-1
2023-12-24,2023-12-24 13:27:00,1070.08,1070.08,1069.97,1069.97,-0.01,21.46,23029.47,-1
2023-12-24,2023-12-24 13:28:00,1069.97,1069.97,1069.86,1069.86,-0.01,21.46,23029.47,-1
2023-12-24,2023-12-24 13:29:00,1069.86,1069.86,1069.75,1069.75,-0.01,21.46,23029.47,-1
2023-12-24,2023-12-24 13:30:00,1069.75,1069.75,1069.64,1069.64,-0.01,21.46,23029.47,-1
2023-12-24,2023-12-24 13:31:00,1069.64,1069.64,1069.53,1069.53,-0.01,21.46,23029.47,-1
2023-12-24,2023-12-24 13:32:00,1069.53,1069.53,1069.42,1069.42,-0.01,21.46,23029.47,-1
2023-12-24,2023-12-24 13:33:00,1069.42,1069.42,1069.32,1069.32,-0.01,21.46,23029.47,-1
2023-12-24,2023-12-24 13:34:00,1069.32,1069.32,1069.21,1069.21,-0.01,21.46,23029.47,-1
2023-12-24,2023-12-24 13:35:00,1069.21,1069.21,1069.1,1069.1,-0.01,21.46,23029.47,-1
2023-12-24,2023-12-24 13:36:00,1069.1,1069.1,1068.99,1068.99,-0.01,21.46,23029.47,-1
2023-12-24,2023-12-24 13:37:00,1068.99,1068.99,1068.88,1068.88,-0.01,21.46,23029.47,-1
2023-12-24,2023-12-24 13:38:00,1068.88,1068.88,1068.78,1068.78,-0.01,21.46,23029.47,-1
2023-12-24,2023-12-24 13:39:00,1068.78,1068.78,1068.67,1068.67,-0.01,21.46,23029.47,-1
2023-12-24,2023-12-24 13:40:00,1068.67,1068.67,1068.56,1068.56,-0.01,21.46,23029.47,-1
2023-12-24,2023-12-24 13:41:00,1068.56,1068.56,1068.45,1068.45,-0.01,21.46,23029.47,-1
2023-12-24,2023-12-24 13:42:00,1068.45,1068.45,1068.34,1068.34,-0.01,21.46,23029.47,-1
2023-12-24,2023-12-24 13:43:00,1068.34,1068.34,1068.23,1068.23,-0.01,21.46,23029.47,-1
2023-12-24,2023-12-24 13:44:00,1068.23,1068.23,1068.12,1068.12,-0.01,21.46,23029.47,-1
2023-12-24,2023-12-24 13:45:00,1068.12,1068.12,1068.02,1068.02,-0.01,21.46,23029.47,-1
2023-12-24,2023-12-24 13:46:00,1068.02,1068.02,1067.91,1067.91,-0.01,21.46,23029.47,-1
2023-12-24,2023-12-24 13:47:00,1067.91,1067.91,1067.8,1067.8,-0.01,21.46,23029.47,-1
2023-12-24,2023-12-24 13:48:00,1067.8,1067.8,1067.69,1067.69,-0.01,21.46,23029.47,-1
2023-12-24,2023-12-24 13:49:00,1067.69,1067.69,1067.58,1067.58,-0.01,21.46,23029.47,-1
2023-12-24,2023-12-24 13:50:00,1067.58,1067.58,1067.47,1067.47,-0.01,21.46,23029.47,-1
2023-12-24,2023-12-24 13:51:00,1067.47,1067.47,1067.37,1067.37,-0.01,21.46,23029.47,-1
2023-12-24,2023-12-24 13:52:00,1067.37,1067.37,1067.26,1067.26,-0.01,21.46,23029.47,-1
2023-12-24,2023-12-24 13:53:00,1067.26,1067.26,1067.15,1067.15,-0.01,21.46,23029.47,-1
2023-12-24,2023-12-24 13:54:00,1067.15,1067.15,1067.04,1067.04,-0.01,21.46,23029.47,-1
2023-12-24,2023-12-24 13:55:00,1067.04,1067.04,1066.93,1066.93,-0.01,21.46,23029.47,-1
2023-12-24,2023-12-24 13:56:00,1066.93,1066.93,1066.83,1066.83,-0.01,21.46,23029.47,-1
2023-12-24,2023-12-24 13:57:00,1066.83,1066.83,1066.72,1066.72,-0.01,21.46,23029.47,-1
2023-12-24,2023-12-24 13:58:00,1066.72,1066.72,1066.61,1066.61,-0.01,21.46,23029.47,-1
2023-12-24,2023-12-24 13:59:00,1066.61,1066.61,1066.5,1066.5,-0.01,21.46,23029.47,-1
2023-12-24,2023-12-24 14:00:00,1066.5,1066.5,1066.39,1066.39,-0.01,21.46,23029.47,-1
2023-12-24,2023-12-24 14:01:00,1066.39,1066.39,1066.28,1066.28,-0.01,21.46,23029.47,-1
2023-12-24,2023-12-24 14:02:00,1066.28,1066.28,1066.17,1066.17,-0.01,21.46,23029.47,-1
2023-12-24,2023-12-24 14:03:00,1066.17,1066.17,1066.07,1066.07,-0.01,21.46,23029.47,-1
2023-12-24,2023-12-24 14:04:00,1066.07,1066.07,1065.96,1065.96,-0.01,21.46,23029.47,-1
2023-12-24,2023-12-24 14:05:00,1065.96,1065.96,1065.85,1065.85,-0.01,21.46,23029.47,-1
2023-12-24,2023-12-24 14:06:00,1065.85,1065.85,1065.74,1065.74,-0.01,21.46,23029.47,-1
2023-12-24,2023-12-24 14:07:00,1065.74,1065.74,1065.63,1065.63,-0.01,21.46,23029.47,-1
2023-12-24,2023-12-24 14:08:00,1065.63,1065.63,1065.53,1065.53,-0.01,21.46,23029.47,-1
2023-12-24,2023-12-24 14:09:00,1065.53,1065.53,1065.42,1065.42,-0.01,21.46,23029.47,-1
2023-12-24,2023-12-24 14:10:00,1065.42,1065.42,1065.31,1065.31,-0.01,21.46,23029.47,-1
2023-12-24,2023-12-24 14:11:00,1065.31,1065.31,1065.2,1065.2,-0.01,21.46,23029.47,-1
2023-12-24,2023-12-24 14:12:00,1065.2,1065.2,1065.09,1065.09,-0.01,21.46,23029.47,-1
2023-12-24,2023-12-24 14:13:00,1065.09,1065.09,1064.98,1064.98,-0.01,21.46,23029.47,-1
2023-12-24,2023-12-24 14:14:00,1064.98,1064.98,1064.88,1064.88,-0.01,21.46,23029.47,-1
2023-12-24,2023-12-24 14:15:00,1064.88,1064.88,1064.77,1064.77,-0.01,21.46,23029.47,-1
2023-12-24,2023-12-24 14:16:00,1064.77,1064.77,1064.66,1064.66,-0.01,21.46,23029.47,-1
2023-12-24,2023-12-24 14:17:00,1064.66,1064.66,1064.55,1064.55,-0.01,21.46,23029.47,-1
2023-12-24,2023-12-24 14:18:00,1064.55,1064.55,1064.44,1064.44,-0.01,21.46,23029.47,-1
2023-12-24,2023-12-24 14:19:00,1064.44,1064.44,1064.33,1064.33,-0.01,21.46,23029.47,-1
2023-12-24,2023-12-24 14:20:00,1064.33,1064.33,1064.22,1064.22,-0.01,21.46,23029.47,-1
2023-12-24,2023-12-24 14:21:00,1064.22,1064.22,1064.12,1064.12,-0.01,21.46,23029.47,-1
2023-12-24,2023-12-24 14:22:00,1064.12,1064.12,1064.01,1064.01,-0.01,21.46,23029.47,-1
2023-12-24,2023-12-24 14:23:00,1064.01,1064.01,1063.9,1063.9,-0.01,21.46,23029.47,-1
2023-12-24,2023-12-24 14:24:00,1063.9,1063.9,1063.79,1063.79,-0.01,21.46,23029.47,-1
2023-12-24,2023-12-24 14:25:00,1063.79,1063.79,1063.68,1063.68,-0.01,21.46,23029.47,-1
2023-12-24,2023-12-24 14:26:00,1063.68,1063.68,1063.58,1063.58,-0.01,21.46,23029.47,-1
2023-12-24,2023-12-24 14:27:00,1063.58,1063.58,1063.47,1063.47,-0.01,21.46,23029.47,-1
2023-12-24,2023-12-24 14:28:00,1063.47,1063.47,1063.36,1063.36,-0.01,21.46,23029.47,-1
2023-12-24,2023-12-24 14:29:00,1063.36,1063.36,1063.25,1063.25,-0.01,21.46,23029.47,-1
2023-12-24,2023-12-24 14:30:00,1063.25,1063.25,1063.14,1063.14,-0.01,21.46,23029.47,-1
2023-12-24,2023-12-24 14:31:00,1063.14,1063.14,1063.03,1063.03,-0.01,21.46,23029.47,-1
2023-12-24,2023-12-24 14:32:00,1063.03,1063.03,1062.92,1062.92,-0.01,21.46,23029.47,-1
2023-12-24,2023-12-24 14:33:00,1062.92,1062.92,1062.82,1062.82,-0.01,21.46,23029.47,-1
2023-12-24,2023-12-24 14:34:00,1062.82,1062.82,1062.71,1062.71,-0.01,21.46,23029.47,-1
2023-12-24,2023-12-24 14:35:00,1062.71,1062.71,1062.6,1062.6,-0.01,21.46,23029.47,-1
2023-12-24,2023-12-24 14:36:00,1062.6,1062.6,1062.49,1062.49,-0.01,21.46,23029.47,-1
2023-12-24,2023-12-24 14:37:00,1062.49,1062.49,1062.38,1062.38,-0.01,21.46,23029.47,-1
2023-12-24,2023-12-24 14:38:00,1062.38,1062.38,1062.28,1062.28,-0.01,21.46,23029.47,-1
2023-12-24,2023-12-24 14:39:00,1062.28,1062.28,1062.17,1062.17,-0.01,21.46,23029.47,-1
2023-12-24,2023-12-24 14:40:00,1062.17,1062.17,1062.06,1062.06,-0.01,21.46,23029.47,-1
2023-12-24,2023-12-24 14:41:00,1062.06,1062.06,1061.95,1061.95,-0.01,21.46,23029.47,-1
2023-12-24,2023-12-24 14:42:00,1061.95,1061.95,1061.84,1061.84,-0.01,21.46,23029.47,-1
2023-12-24,2023-12-24 14:43:00,1061.84,1061.84,1061.73,1061.73,-0.01,21.46,23029.47,-1
2023-12-24,2023-12-24 14:44:00,1061.73,1061.73,1061.62,1061.62,-0.01,21.46,23029.47,-1
2023-12-24,2023-12-24 14:45:00,1061.62,1061.62,1061.52,1061.52,-0.01,21.46,23029.47,-1
2023-12-24,2023-12-24 14:46:00,1061.52,1061.52,1061.41,1061.41,-0.01,21.46,23029.47,-1
2023-12-24,2023-12-24 14:47:00,1061.41,1061.41,1061.3,1061.3,-0.01,21.46,23029.47,-1
2023-12-24,2023-12-24 14:48:00,1061.3,1061.3,1061.19,1061.19,-0.01,21.46,23029.47,-1
2023-12-24,2023-12-24 14:49:00,1061.19,1061.19,1061.08,1061.08,-0.01,21.46,23029.47,-1
2023-12-24,2023-12-24 14:50:00,1061.08,1061.08,1060.97,1060.97,-0.01,21.46,23029.47,-1
2023-12-24,2023-12-24 14:51:00,1060.97,1060.97,1060.87,1060.87,-0.01,21.46,23029.47,-1
2023-12-24,2023-12-24 14:52:00,1060.87,1060.87,1060.76,1060.76,-0.01,21.46,23029.47,-1
2023-12-24,2023-12-24 14:53:00,1060.76,1060.76,1060.65,1060.65,-0.01,21.46,23029.47,-1
2023-12-24,2023-12-24 14:54:00,1060.65,1060.65,1060.54,1060.54,-0.01,21.46,23029.47,-1
2023-12-24,2023-12-24 14:55:00,1060.54,1060.54,1060.43,1060.43,-0.01,21.46,23029.47,-1
2023-12-24,2023-12-24 14:56:00,1060.43,1060.43,1060.33,1060.33,-0.01,21.46,23029.47,-1
2023-12-24,2023-12-24 14:57:00,1060.33,1060.33,1060.22,1060.22,-0.01,21.46,23029.47,-1
2023-12-24,2023-12-24 14:58:00,1060.22,1060.22,1060.11,1060.11,-0.01,21.46,23029.47,-1
2023-12-24,2023-12-24 14:59:00,1060.11,1060.11,1060.0,1060.0,-0.01,21.46,23029.47,-1
2023-12-24,2023-12-24 15:00:00,1060.0,1090.0,1043.7,1060.0,0.0,21.46,23029.47,0
2023-12-27,2023-12-27 11:00:00,1060.0,1066.0,1050.1,1059.96,-0.0,24.68,25810.87,-1
2023-12-27,2023-12-27 11:01:00,1059.96,1059.96,1059.92,1059.92,-0.0,24.68,25810.87,-1
2023-12-27,2023-12-27 11:02:00,1059.92,1059.92,1059.88,1059.88,-0.0,24.68,25810.87,-1
2023-12-27,2023-12-27 11:03:00,1059.88,1059.88,1059.83,1059.83,-0.0,24.68,25810.87,-1
2023-12-27,2023-12-27 11:04:00,1059.83,1059.83,1059.79,1059.79,-0.0,24.68,25810.87,-1
2023-12-27,2023-12-27 11:05:00,1059.79,1059.79,1059.75,1059.75,-0.0,24.68,25810.87,-1
2023-12-27,2023-12-27 11:06:00,1059.75,1059.75,1059.71,1059.71,-0.0,24.68,25810.87,-1
2023-12-27,2023-12-27 11:07:00,1059.71,1059.71,1059.67,1059.67,-0.0,24.68,25810.87,-1
2023-12-27,2023-12-27 11:08:00,1059.67,1059.67,1059.62,1059.62,-0.0,24.68,25810.87,-1
2023-12-27,2023-12-27 11:09:00,1059.62,1059.62,1059.58,1059.58,-0.0,24.68,25810.87,-1
2023-12-27,2023-12-27 11:10:00,1059.58,1059.58,1059.54,1059.54,-0.0,24.68,25810.87,-1
2023-12-27,2023-12-27 11:11:00,1059.54,1059.54,1059.5,1059.5,-0.0,24.68,25810.87,-1
2023-12-27,2023-12-27 11:12:00,1059.5,1059.5,1059.46,1059.46,-0.0,24.68,25810.87,-1
2023-12-27,2023-12-27 11:13:00,1059.46,1059.46,1059.42,1059.42,-0.0,24.68,25810.87,-1
2023-12-27,2023-12-27 11:14:00,1059.42,1059.42,1059.38,1059.38,-0.0,24.68,25810.87,-1
2023-12-27,2023-12-27 11:15:00,1059.38,1059.38,1059.33,1059.33,-0.0,24.68,25810.87,-1
2023-12-27,2023-12-27 11:16:00,1059.33,1059.33,1059.29,1059.29,-0.0,24.68,25810.87,-1
2023-12-27,2023-12-27 11:17:00,1059.29,1059.29,1059.25,1059.25,-0.0,24.68,25810.87,-1
2023-12-27,2023-12-27 11:18:00,1059.25,1059.25,1059.21,1059.21,-0.0,24.68,25810.87,-1
2023-12-27,2023-12-27 11:19:00,1059.21,1059.21,1059.17,1059.17,-0.0,24.68,25810.87,-1
2023-12-27,2023-12-27 11:20:00,1059.17,1059.17,1059.12,1059.12,-0.0,24.68,25810.87,-1
2023-12-27,2023-12-27 11:21:00,1059.12,1059.12,1059.08,1059.08,-0.0,24.68,25810.87,-1
2023-12-27,2023-12-27 11:22:00,1059.08,1059.08,1059.04,1059.04,-0.0,24.68,25810.87,-1
2023-12-27,2023-12-27 11:23:00,1059.04,1059.04,1059.0,1059.0,-0.0,24.68,25810.87,-1
2023-12-27,2023-12-27 11:24:00,1059.0,1059.0,1058.96,1058.96,-0.0,24.68,25810.87,-1
2023-12-27,2023-12-27 11:25:00,1058.96,1058.96,1058.92,1058.92,-0.0,24.68,25810.87,-1
2023-12-27,2023-12-27 11:26:00,1058.92,1058.92,1058.88,1058.88,-0.0,24.68,25810.87,-1
2023-12-27,2023-12-27 11:27:00,1058.88,1058.88,1058.83,1058.83,-0.0,24.68,25810.87,-1
2023-12-27,2023-12-27 11:28:00,1058.83,1058.83,1058.79,1058.79,-0.0,24.68,25810.87,-1
2023-12-27,2023-12-27 11:29:00,1058.79,1058.79,1058.75,1058.75,-0.0,24.68,25810.87,-1
2023-12-27,2023-12-27 11:30:00,1058.75,1058.75,1058.71,1058.71,-0.0,24.68,25810.87,-1
2023-12-27,2023-12-27 11:31:00,1058.71,1058.71,1058.67,1058.67,-0.0,24.68,25810.87,-1
2023-12-27,2023-12-27 11:32:00,1058.67,1058.67,1058.62,1058.62,-0.0,24.68,25810.87,-1
2023-12-27,2023-12-27 11:33:00,1058.62,1058.62,1058.58,1058.58,-0.0,24.68,25810.87,-1
2023-12-27,2023-12-27 11:34:00,1058.58,1058.58,1058.54,1058.54,-0.0,24.68,25810.87,-1
2023-12-27,2023-12-27 11:35:00,1058.54,1058.54,1058.5,1058.5,-0.0,24.68,25810.87,-1
2023-12-27,2023-12-27 11:36:00,1058.5,1058.5,1058.46,1058.46,-0.0,24.68,25810.87,-1
2023-12-27,2023-12-27 11:37:00,1058.46,1058.46,1058.42,1058.42,-0.0,24.68,25810.87,-1
2023-12-27,2023-12-27 11:38:00,1058.42,1058.42,1058.38,1058.38,-0.0,24.68,25810.87,-1
2023-12-27,2023-12-27 11:39:00,1058.38,1058.38,1058.33,1058.33,-0.0,24.68,25810.87,-1
2023-12-27,2023-12-27 11:40:00,1058.33,1058.33,1058.29,1058.29,-0.0,24.68,25810.87,-1
2023-12-27,2023-12-27 11:41:00,1058.29,1058.29,1058.25,1058.25,-0.0,24.68,25810.87,-1
2023-12-27,2023-12-27 11:42:00,1058.25,1058.25,1058.21,1058.21,-0.0,24.68,25810.87,-1
2023-12-27,2023-12-27 11:43:00,1058.21,1058.21,1058.17,1058.17,-0.0,24.68,25810.87,-1
2023-12-27,2023-12-27 11:44:00,1058.17,1058.17,1058.12,1058.12,-0.0,24.68,25810.87,-1
2023-12-27,2023-12-27 11:45:00,1058.12,1058.12,1058.08,1058.08,-0.0,24.68,25810.87,-1
2023-12-27,2023-12-27 11:46:00,1058.08,1058.08,1058.04,1058.04,-0.0,24.68,25810.87,-1
2023-12-27,2023-12-27 11:47:00,1058.04,1058.04,1058.0,1058.0,-0.0,24.68,25810.87,-1
2023-12-27,2023-12-27 11:48:00,1058.0,1058.0,1057.96,1057.96,-0.0,24.68,25810.87,-1
2023-12-27,2023-12-27 11:49:00,1057.96,1057.96,1057.92,1057.92,-0.0,24.68,25810.87,-1
2023-12-27,2023-12-27 11:50:00,1057.92,1057.92,1057.88,1057.88,-0.0,24.68,25810.87,-1
2023-12-27,2023-12-27 11:51:00,1057.88,1057.88,1057.83,1057.83,-0.0,24.68,25810.87,-1
2023-12-27,2023-12-27 11:52:00,1057.83,1057.83,1057.79,1057.79,-0.0,24.68,25810.87,-1
2023-12-27,2023-12-27 11:53:00,1057.79,1057.79,1057.75,1057.75,-0.0,24.68,25810.87,-1
2023-12-27,2023-12-27 11:54:00,1057.75,1057.75,1057.71,1057.71,-0.0,24.68,25810.87,-1
2023-12-27,2023-12-27 11:55:00,1057.71,1057.71,1057.67,1057.67,-0.0,24.68,25810.87,-1
2023-12-27,2023-12-27 11:56:00,1057.67,1057.67,1057.62,1057.62,-0.0,24.68,25810.87,-1
2023-12-27,2023-12-27 11:57:00,1057.62,1057.62,1057.58,1057.58,-0.0,24.68,25810.87,-1
2023-12-27,2023-12-27 11:58:00,1057.58,1057.58,1057.54,1057.54,-0.0,24.68,25810.87,-1
2023-12-27,2023-12-27 11:59:00,1057.54,1057.54,1057.5,1057.5,-0.0,24.68,25810.87,-1
2023-12-27,2023-12-27 12:00:00,1057.5,1057.5,1057.46,1057.46,-0.0,24.68,25810.87,-1
2023-12-27,2023-12-27 12:01:00,1057.46,1057.46,1057.42,1057.42,-0.0,24.68,25810.87,-1
2023-12-27,2023-12-27 12:02:00,1057.42,1057.42,1057.38,1057.38,-0.0,24.68,25810.87,-1
2023-12-27,2023-12-27 12:03:00,1057.38,1057.38,1057.33,1057.33,-0.0,24.68,25810.87,-1
2023-12-27,2023-12-27 12:04:00,1057.33,1057.33,1057.29,1057.29,-0.0,24.68,25810.87,-1
2023-12-27,2023-12-27 12:05:00,1057.29,1057.29,1057.25,1057.25,-0.0,24.68,25810.87,-1
2023-12-27,2023-12-27 12:06:00,1057.25,1057.25,1057.21,1057.21,-0.0,24.68,25810.87,-1
2023-12-27,2023-12-27 12:07:00,1057.21,1057.21,1057.17,1057.17,-0.0,24.68,25810.87,-1
2023-12-27,2023-12-27 12:08:00,1057.17,1057.17,1057.12,1057.12,-0.0,24.68,25810.87,-1
2023-12-27,2023-12-27 12:09:00,1057.12,1057.12,1057.08,1057.08,-0.0,24.68,25810.87,-1
2023-12-27,2023-12-27 12:10:00,1057.08,1057.08,1057.04,1057.04,-0.0,24.68,25810.87,-1
2023-12-27,2023-12-27 12:11:00,1057.04,1057.04,1057.0,1057.0,-0.0,24.68,25810.87,-1
2023-12-27,2023-12-27 12:12:00,1057.0,1057.0,1056.96,1056.96,-0.0,24.68,25810.87,-1
2023-12-27,2023-12-27 12:13:00,1056.96,1056.96,1056.92,1056.92,-0.0,24.68,25810.87,-1
2023-12-27,2023-12-27 12:14:00,1056.92,1056.92,1056.88,1056.88,-0.0,24.68,25810.87,-1
2023-12-27,2023-12-27 12:15:00,1056.88,1056.88,1056.83,1056.83,-0.0,24.68,25810.87,-1
2023-12-27,2023-12-27 12:16:00,1056.83,1056.83,1056.79,1056.79,-0.0,24.68,25810.87,-1
2023-12-27,2023-12-27 12:17:00,1056.79,1056.79,1056.75,1056.75,-0.0,24.68,25810.87,-1
2023-12-27,2023-12-27 12:18:00,1056.75,1056.75,1056.71,1056.71,-0.0,24.68,25810.87,-1
2023-12-27,2023-12-27 12:19:00,1056.71,1056.71,1056.67,1056.67,-0.0,24.68,25810.87,-1
2023-12-27,2023-12-27 12:20:00,1056.67,1056.67,1056.62,1056.62,-0.0,24.68,25810.87,-1
2023-12-27,2023-12-27 12:21:00,1056.62,1056.62,1056.58,1056.58,-0.0,24.68,25810.87,-1
2023-12-27,2023-12-27 12:22:00,1056.58,1056.58,1056.54,1056.54,-0.0,24.68,25810.87,-1
2023-12-27,2023-12-27 12:23:00,1056.54,1056.54,1056.5,1056.5,-0.0,24.68,25810.87,-1
2023-12-27,2023-12-27 12:24:00,1056.5,1056.5,1056.46,1056.46,-0.0,24.68,25810.87,-1
2023-12-27,2023-12-27 12:25:00,1056.46,1056.46,1056.42,1056.42,-0.0,24.68,25810.87,-1
2023-12-27,2023-12-27 12:26:00,1056.42,1056.42,1056.38,1056.38,-0.0,24.68,25810.87,-1
2023-12-27,2023-12-27 12:27:00,1056.38,1056.38,1056.33,1056.33,-0.0,24.68,25810.87,-1
2023-12-27,2023-12-27 12:28:00,1056.33,1056.33,1056.29,1056.29,-0.0,24.68,25810.87,-1
2023-12-27,2023-12-27 12:29:00,1056.29,1056.29,1056.25,1056.25,-0.0,24.68,25810.87,-1
2023-12-27,2023-12-27 12:30:00,1056.25,1056.25,1056.21,1056.21,-0.0,24.68,25810.87,-1
2023-12-27,2023-12-27 12:31:00,1056.21,1056.21,1056.17,1056.17,-0.0,24.68,25810.87,-1
2023-12-27,2023-12-27 12:32:00,1056.17,1056.17,1056.12,1056.12,-0.0,24.68,25810.87,-1
2023-12-27,2023-12-27 12:33:00,1056.12,1056.12,1056.08,1056.08,-0.0,24.68,25810.87,-1
2023-12-27,2023-12-27 12:34:00,1056.08,1056.08,1056.04,1056.04,-0.0,24.68,25810.87,-1
2023-12-27,2023-12-27 12:35:00,1056.04,1056.04,1056.0,1056.0,-0.0,24.68,25810.87,-1
2023-12-27,2023-12-27 12:36:00,1056.0,1056.0,1055.96,1055.96,-0.0,24.68,25810.87,-1
2023-12-27,2023-12-27 12:37:00,1055.96,1055.96,1055.92,1055.92,-0.0,24.68,25810.87,-1
2023-12-27,2023-12-27 12:38:00,1055.92,1055.92,1055.88,1055.88,-0.0,24.68,25810.87,-1
2023-12-27,2023-12-27 12:39:00,1055.88,1055.88,1055.83,1055.83,-0.0,24.68,25810.87,-1
2023-12-27,2023-12-27 12:40:00,1055.83,1055.83,1055.79,1055.79,-0.0,24.68,25810.87,-1
2023-12-27,2023-12-27 12:41:00,1055.79,1055.79,1055.75,1055.75,-0.0,24.68,25810.87,-1
2023-12-27,2023-12-27 12:42:00,1055.75,1055.75,1055.71,1055.71,-0.0,24.68,25810.87,-1
2023-12-27,2023-12-27 12:43:00,1055.71,1055.71,1055.67,1055.67,-0.0,24.68,25810.87,-1
2023-12-27,2023-12-27 12:44:00,1055.67,1055.67,1055.62,1055.62,-0.0,24.68,25810.87,-1
2023-12-27,2023-12-27 12:45:00,1055.62,1055.62,1055.58,1055.58,-0.0,24.68,25810.87,-1
2023-12-27,2023-12-27 12:46:00,1055.58,1055.58,1055.54,1055.54,-0.0,24.68,25810.87,-1
2023-12-27,2023-12-27 12:47:00,1055.54,1055.54,1055.5,1055.5,-0.0,24.68,25810.87,-1
2023-12-27,2023-12-27 12:48:00,1055.5,1055.5,1055.46,1055.46,-0.0,24.68,25810.87,-1
2023-12-27,2023-12-27 12:49:00,1055.46,1055.46,1055.42,1055.42,-0.0,24.68,25810.87,-1
2023-12-27,2023-12-27 12:50:00,1055.42,1055.42,1055.38,1055.38,-0.0,24.68,25810.87,-1
2023-12-27,2023-12-27 12:51:00,1055.38,1055.38,1055.33,1055.33,-0.0,24.68,25810.87,-1
2023-12-27,2023-12-27 12:52:00,1055.33,1055.33,1055.29,1055.29,-0.0,24.68,25810.87,-1
2023-12-27,2023-12-27 12:53:00,1055.29,1055.29,1055.25,1055.25,-0.0,24.68,25810.87,-1
2023-12-27,2023-12-27 12:54:00,1055.25,1055.25,1055.21,1055.21,-0.0,24.68,25810.87,-1
2023-12-27,2023-12-27 12:55:00,1055.21,1055.21,1055.17,1055.17,-0.0,24.68,25810.87,-1
2023-12-27,2023-12-27 12:56:00,1055.17,1055.17,1055.12,1055.12,-0.0,24.68,25810.87,-1
2023-12-27,2023-12-27 12:57:00,1055.12,1055.12,1055.08,1055.08,-0.0,24.68,25810.87,-1
2023-12-27,2023-12-27 12:58:00,1055.08,1055.08,1055.04,1055.04,-0.0,24.68,25810.87,-1
2023-12-27,2023-12-27 12:59:00,1055.04,1055.04,1055.0,1055.0,-0.0,24.68,25810.87,-1
2023-12-27,2023-12-27 13:00:00,1055.0,1080.0,1027.0,1054.96,-0.0,24.68,25810.87,-1
2023-12-27,2023-12-27 13:01:00,1054.96,1054.96,1054.92,1054.92,-0.0,24.68,25810.87,-1
2023-12-27,2023-12-27 13:02:00,1054.92,1054.92,1054.88,1054.88,-0.0,24.68,25810.87,-1
2023-12-27,2023-12-27 13:03:00,1054.88,1054.88,1054.83,1054.83,-0.0,24.68,25810.87,-1
2023-12-27,2023-12-27 13:04:00,1054.83,1054.83,1054.79,1054.79,-0.0,24.68,25810.87,-1
2023-12-27,2023-12-27 13:05:00,1054.79,1054.79,1054.75,1054.75,-0.0,24.68,25810.87,-1
2023-12-27,2023-12-27 13:06:00,1054.75,1054.75,1054.71,1054.71,-0.0,24.68,25810.87,-1
2023-12-27,2023-12-27 13:07:00,1054.71,1054.71,1054.67,1054.67,-0.0,24.68,25810.87,-1
2023-12-27,2023-12-27 13:08:00,1054.67,1054.67,1054.62,1054.62,-0.0,24.68,25810.87,-1
2023-12-27,2023-12-27 13:09:00,1054.62,1054.62,1054.58,1054.58,-0.0,24.68,25810.87,-1
2023-12-27,2023-12-27 13:10:00,1054.58,1054.58,1054.54,1054.54,-0.0,24.68,25810.87,-1
2023-12-27,2023-12-27 13:11:00,1054.54,1054.54,1054.5,1054.5,-0.0,24.68,25810.87,-1
2023-12-27,2023-12-27 13:12:00,1054.5,1054.5,1054.46,1054.46,-0.0,24.68,25810.87,-1
2023-12-27,2023-12-27 13:13:00,1054.46,1054.46,1054.42,1054.42,-0.0,24.68,25810.87,-1
2023-12-27,2023-12-27 13:14:00,1054.42,1054.42,1054.38,1054.38,-0.0,24.68,25810.87,-1
2023-12-27,2023-12-27 13:15:00,1054.38,1054.38,1054.33,1054.33,-0.0,24.68,25810.87,-1
2023-12-27,2023-12-27 13:16:00,1054.33,1054.33,1054.29,1054.29,-0.0,24.68,25810.87,-1
2023-12-27,2023-12-27 13:17:00,1054.29,1054.29,1054.25,1054.25,-0.0,24.68,25810.87,-1
2023-12-27,2023-12-27 13:18:00,1054.25,1054.25,1054.21,1054.21,-0.0,24.68,25810.87,-1
2023-12-27,2023-12-27 13:19:00,1054.21,1054.21,1054.17,1054.17,-0.0,24.68,25810.87,-1
2023-12-27,2023-12-27 13:20:00,1054.17,1054.17,1054.12,1054.12,-0.0,24.68,25810.87,-1
2023-12-27,2023-12-27 13:21:00,1054.12,1054.12,1054.08,1054.08,-0.0,24.68,25810.87,-1
2023-12-27,2023-12-27 13:22:00,1054.08,1054.08,1054.04,1054.04,-0.0,24.68,25810.87,-1
2023-12-27,2023-12-27 13:23:00,1054.04,1054.04,1054.0,1054.0,-0.0,24.68,25810.87,-1
2023-12-27,2023-12-27 13:24:00,1054.0,1054.0,1053.96,1053.96,-0.0,24.68,25810.87,-1
2023-12-27,2023-12-27 13:25:00,1053.96,1053.96,1053.92,1053.92,-0.0,24.68,25810.87,-1
2023-12-27,2023-12-27 13:26:00,1053.92,1053.92,1053.88,1053.88,-0.0,24.68,25810.87,-1
2023-12-27,2023-12-27 13:27:00,1053.88,1053.88,1053.83,1053.83,-0.0,24.68,25810.87,-1
2023-12-27,2023-12-27 13:28:00,1053.83,1053.83,1053.79,1053.79,-0.0,24.68,25810.87,-1
2023-12-27,2023-12-27 13:29:00,1053.79,1053.79,1053.75,1053.75,-0.0,24.68,25810.87,-1
2023-12-27,2023-12-27 13:30:00,1053.75,1053.75,1053.71,1053.71,-0.0,24.68,25810.87,-1
2023-12-27,2023-12-27 13:31:00,1053.71,1053.71,1053.67,1053.67,-0.0,24.68,25810.87,-1
2023-12-27,2023-12-27 13:32:00,1053.67,1053.67,1053.62,1053.62,-0.0,24.68,25810.87,-1
2023-12-27,2023-12-27 13:33:00,1053.62,1053.62,1053.58,1053.58,-0.0,24.68,25810.87,-1
2023-12-27,2023-12-27 13:34:00,1053.58,1053.58,1053.54,1053.54,-0.0,24.68,25810.87,-1
2023-12-27,2023-12-27 13:35:00,1053.54,1053.54,1053.5,1053.5,-0.0,24.68,25810.87,-1
2023-12-27,2023-12-27 13:36:00,1053.5,1053.5,1053.46,1053.46,-0.0,24.68,25810.87,-1
2023-12-27,2023-12-27 13:37:00,1053.46,1053.46,1053.42,1053.42,-0.0,24.68,25810.87,-1
2023-12-27,2023-12-27 13:38:00,1053.42,1053.42,1053.38,1053.38,-0.0,24.68,25810.87,-1
2023-12-27,2023-12-27 13:39:00,1053.38,1053.38,1053.33,1053.33,-0.0,24.68,25810.87,-1
2023-12-27,2023-12-27 13:40:00,1053.33,1053.33,1053.29,1053.29,-0.0,24.68,25810.87,-1
2023-12-27,2023-12-27 13:41:00,1053.29,1053.29,1053.25,1053.25,-0.0,24.68,25810.87,-1
2023-12-27,2023-12-27 13:42:00,1053.25,1053.25,1053.21,1053.21,-0.0,24.68,25810.87,-1
2023-12-27,2023-12-27 13:43:00,1053.21,1053.21,1053.17,1053.17,-0.0,24.68,25810.87,-1
2023-12-27,2023-12-27 13:44:00,1053.17,1053.17,1053.12,1053.12,-0.0,24.68,25810.87,-1
2023-12-27,2023-12-27 13:45:00,1053.12,1053.12,1053.08,1053.08,-0.0,24.68,25810.87,-1
2023-12-27,2023-12-27 13:46:00,1053.08,1053.08,1053.04,1053.04,-0.0,24.68,25810.87,-1
2023-12-27,2023-12-27 13:47:00,1053.04,1053.04,1053.0,1053.0,-0.0,24.68,25810.87,-1
2023-12-27,2023-12-27 13:48:00,1053.0,1053.0,1052.96,1052.96,-0.0,24.68,25810.87,-1
2023-12-27,2023-12-27 13:49:00,1052.96,1052.96,1052.92,1052.92,-0.0,24.68,25810.87,-1
2023-12-27,2023-12-27 13:50:00,1052.92,1052.92,1052.88,1052.88,-0.0,24.68,25810.87,-1
2023-12-27,2023-12-27 13:51:00,1052.88,1052.88,1052.83,1052.83,-0.0,24.68,25810.87,-1
2023-12-27,2023-12-27 13:52:00,1052.83,1052.83,1052.79,1052.79,-0.0,24.68,25810.87,-1
2023-12-27,2023-12-27 13:53:00,1052.79,1052.79,1052.75,1052.75,-0.0,24.68,25810.87,-1
2023-12-27,2023-12-27 13:54:00,1052.75,1052.75,1052.71,1052.71,-0.0,24.68,25810.87,-1
2023-12-27,2023-12-27 13:55:00,1052.71,1052.71,1052.67,1052.67,-0.0,24.68,25810.87,-1
2023-12-27,2023-12-27 13:56:00,1052.67,1052.67,1052.62,1052.62,-0.0,24.68,25810.87,-1
2023-12-27,2023-12-27 13:57:00,1052.62,1052.62,1052.58,1052.58,-0.0,24.68,25810.87,-1
2023-12-27,2023-12-27 13:58:00,1052.58,1052.58,1052.54,1052.54,-0.0,24.68,25810.87,-1
2023-12-27,2023-12-27 13:59:00,1052.54,1052.54,1052.5,1052.5,-0.0,24.68,25810.87,-1
2023-12-27,2023-12-27 14:00:00,1052.5,1052.5,1052.46,1052.46,-0.0,24.68,25810.87,-1
2023-12-27,2023-12-27 14:01:00,1052.46,1052.46,1052.42,1052.42,-0.0,24.68,25810.87,-1
2023-12-27,2023-12-27 14:02:00,1052.42,1052.42,1052.38,1052.38,-0.0,24.68,25810.87,-1
2023-12-27,2023-12-27 14:03:00,1052.38,1052.38,1052.33,1052.33,-0.0,24.68,25810.87,-1
2023-12-27,2023-12-27 14:04:00,1052.33,1052.33,1052.29,1052.29,-0.0,24.68,25810.87,-1
2023-12-27,2023-12-27 14:05:00,1052.29,1052.29,1052.25,1052.25,-0.0,24.68,25810.87,-1
2023-12-27,2023-12-27 14:06:00,1052.25,1052.25,1052.21,1052.21,-0.0,24.68,25810.87,-1
2023-12-27,2023-12-27 14:07:00,1052.21,1052.21,1052.17,1052.17,-0.0,24.68,25810.87,-1
2023-12-27,2023-12-27 14:08:00,1052.17,1052.17,1052.12,1052.12,-0.0,24.68,25810.87,-1
2023-12-27,2023-12-27 14:09:00,1052.12,1052.12,1052.08,1052.08,-0.0,24.68,25810.87,-1
2023-12-27,2023-12-27 14:10:00,1052.08,1052.08,1052.04,1052.04,-0.0,24.68,25810.87,-1
2023-12-27,2023-12-27 14:11:00,1052.04,1052.04,1052.0,1052.0,-0.0,24.68,25810.87,-1
2023-12-27,2023-12-27 14:12:00,1052.0,1052.0,1051.96,1051.96,-0.0,24.68,25810.87,-1
2023-12-27,2023-12-27 14:13:00,1051.96,1051.96,1051.92,1051.92,-0.0,24.68,25810.87,-1
2023-12-27,2023-12-27 14:14:00,1051.92,1051.92,1051.88,1051.88,-0.0,24.68,25810.87,-1
2023-12-27,2023-12-27 14:15:00,1051.88,1051.88,1051.83,1051.83,-0.0,24.68,25810.87,-1
2023-12-27,2023-12-27 14:16:00,1051.83,1051.83,1051.79,1051.79,-0.0,24.68,25810.87,-1
2023-12-27,2023-12-27 14:17:00,1051.79,1051.79,1051.75,1051.75,-0.0,24.68,25810.87,-1
2023-12-27,2023-12-27 14:18:00,1051.75,1051.75,1051.71,1051.71,-0.0,24.68,25810.87,-1
2023-12-27,2023-12-27 14:19:00,1051.71,1051.71,1051.67,1051.67,-0.0,24.68,25810.87,-1
2023-12-27,2023-12-27 14:20:00,1051.67,1051.67,1051.62,1051.62,-0.0,24.68,25810.87,-1
2023-12-27,2023-12-27 14:21:00,1051.62,1051.62,1051.58,1051.58,-0.0,24.68,25810.87,-1
2023-12-27,2023-12-27 14:22:00,1051.58,1051.58,1051.54,1051.54,-0.0,24.68,25810.87,-1
2023-12-27,2023-12-27 14:23:00,1051.54,1051.54,1051.5,1051.5,-0.0,24.68,25810.87,-1
2023-12-27,2023-12-27 14:24:00,1051.5,1051.5,1051.46,1051.46,-0.0,24.68,25810.87,-1
2023-12-27,2023-12-27 14:25:00,1051.46,1051.46,1051.42,1051.42,-0.0,24.68,25810.87,-1
2023-12-27,2023-12-27 14:26:00,1051.42,1051.42,1051.38,1051.38,-0.0,24.68,25810.87,-1
2023-12-27,2023-12-27 14:27:00,1051.38,1051.38,1051.33,1051.33,-0.0,24.68,25810.87,-1
2023-12-27,2023-12-27 14:28:00,1051.33,1051.33,1051.29,1051.29,-0.0,24.68,25810.87,-1
2023-12-27,2023-12-27 14:29:00,1051.29,1051.29,1051.25,1051.25,-0.0,24.68,25810.87,-1
2023-12-27,2023-12-27 14:30:00,1051.25,1051.25,1051.21,1051.21,-0.0,24.68,25810.87,-1
2023-12-27,2023-12-27 14:31:00,1051.21,1051.21,1051.17,1051.17,-0.0,24.68,25810.87,-1
2023-12-27,2023-12-27 14:32:00,1051.17,1051.17,1051.12,1051.12,-0.0,24.68,25810.87,-1
2023-12-27,2023-12-27 14:33:00,1051.12,1051.12,1051.08,1051.08,-0.0,24.68,25810.87,-1
2023-12-27,2023-12-27 14:34:00,1051.08,1051.08,1051.04,1051.04,-0.0,24.68,25810.87,-1
2023-12-27,2023-12-27 14:35:00,1051.04,1051.04,1051.0,1051.0,-0.0,24.68,25810.87,-1
2023-12-27,2023-12-27 14:36:00,1051.0,1051.0,1050.96,1050.96,-0.0,24.68,25810.87,-1
2023-12-27,2023-12-27 14:37:00,1050.96,1050.96,1050.92,1050.92,-0.0,24.68,25810.87,-1
2023-12-27,2023-12-27 14:38:00,1050.92,1050.92,1050.88,1050.88,-0.0,24.68,25810.87,-1
2023-12-27,2023-12-27 14:39:00,1050.88,1050.88,1050.83,1050.83,-0.0,24.68,25810.87,-1
2023-12-27,2023-12-27 14:40:00,1050.83,1050.83,1050.79,1050.79,-0.0,24.68,25810.87,-1
2023-12-27,2023-12-27 14:41:00,1050.79,1050.79,1050.75,1050.75,-0.0,24.68,25810.87,-1
2023-12-27,2023-12-27 14:42:00,1050.75,1050.75,1050.71,1050.71,-0.0,24.68,25810.87,-1
2023-12-27,2023-12-27 14:43:00,1050.71,1050.71,1050.67,1050.67,-0.0,24.68,25810.87,-1
2023-12-27,2023-12-27 14:44:00,1050.67,1050.67,1050.62,1050.62,-0.0,24.68,25810.87,-1
2023-12-27,2023-12-27 14:45:00,1050.62,1050.62,1050.58,1050.58,-0.0,24.68,25810.87,-1
2023-12-27,2023-12-27 14:46:00,1050.58,1050.58,1050.54,1050.54,-0.0,24.68,25810.87,-1
2023-12-27,2023-12-27 14:47:00,1050.54,1050.54,1050.5,1050.5,-0.0,24.68,25810.87,-1
2023-12-27,2023-12-27 14:48:00,1050.5,1050.5,1050.46,1050.46,-0.0,24.68,25810.87,-1
2023-12-27,2023-12-27 14:49:00,1050.46,1050.46,1050.42,1050.42,-0.0,24.68,25810.87,-1
2023-12-27,2023-12-27 14:50:00,1050.42,1050.42,1050.38,1050.38,-0.0,24.68,25810.87,-1
2023-12-27,2023-12-27 14:51:00,1050.38,1050.38,1050.33,1050.33,-0.0,24.68,25810.87,-1
2023-12-27,2023-12-27 14:52:00,1050.33,1050.33,1050.29,1050.29,-0.0,24.68,25810.87,-1
2023-12-27,2023-12-27 14:53:00,1050.29,1050.29,1050.25,1050.25,-0.0,24.68,25810.87,-1
2023-12-27,2023-12-27 14:54:00,1050.25,1050.25,1050.21,1050.21,-0.0,24.68,25810.87,-1
2023-12-27,2023-12-27 14:55:00,1050.21,1050.21,1050.17,1050.17,-0.0,24.68,25810.87,-1
2023-12-27,2023-12-27 14:56:00,1050.17,1050.17,1050.12,1050.12,-0.0,24.68,25810.87,-1
2023-12-27,2023-12-27 14:57:00,1050.12,1050.12,1050.08,1050.08,-0.0,24.68,25810.87,-1
2023-12-27,2023-12-27 14:58:00,1050.08,1050.08,1050.04,1050.04,-0.0,24.68,25810.87,-1
2023-12-27,2023-12-27 14:59:00,1050.04,1050.04,1050.0,1050.0,-0.0,24.68,25810.87,-1
2023-12-27,2023-12-27 15:00:00,1050.0,1080.0,1027.0,1050.0,0.0,24.68,25810.87,0
2023-12-28,2023-12-28 11:00:00,1071.0,1089.6,1057.5,1071.26,0.02,29.31,30697.48,1
2023-12-28,2023-12-28 11:01:00,1071.26,1071.52,1071.26,1071.52,0.02,29.31,30697.48,1
2023-12-28,2023-12-28 11:02:00,1071.52,1071.78,1071.52,1071.78,0.02,29.31,30697.48,1
2023-12-28,2023-12-28 11:03:00,1071.78,1072.03,1071.78,1072.03,0.02,29.31,30697.48,1
2023-12-28,2023-12-28 11:04:00,1072.03,1072.29,1072.03,1072.29,0.02,29.31,30697.48,1
2023-12-28,2023-12-28 11:05:00,1072.29,1072.55,1072.29,1072.55,0.02,29.31,30697.48,1
2023-12-28,2023-12-28 11:06:00,1072.55,1072.81,1072.55,1072.81,0.02,29.31,30697.48,1
2023-12-28,2023-12-28 11:07:00,1072.81,1073.07,1072.81,1073.07,0.02,29.31,30697.48,1
2023-12-28,2023-12-28 11:08:00,1073.07,1073.33,1073.07,1073.33,0.02,29.31,30697.48,1
2023-12-28,2023-12-28 11:09:00,1073.33,1073.58,1073.33,1073.58,0.02,29.31,30697.48,1
2023-12-28,2023-12-28 11:10:00,1073.58,1073.84,1073.58,1073.84,0.02,29.31,30697.48,1
2023-12-28,2023-12-28 11:11:00,1073.84,1074.1,1073.84,1074.1,0.02,29.31,30697.48,1
2023-12-28,2023-12-28 11:12:00,1074.1,1074.36,1074.1,1074.36,0.02,29.31,30697.48,1
2023-12-28,2023-12-28 11:13:00,1074.36,1074.62,1074.36,1074.62,0.02,29.31,30697.48,1
2023-12-28,2023-12-28 11:14:00,1074.62,1074.88,1074.62,1074.88,0.02,29.31,30697.48,1
2023-12-28,2023-12-28 11:15:00,1074.88,1075.13,1074.88,1075.13,0.02,29.31,30697.48,1
2023-12-28,2023-12-28 11:16:00,1075.13,1075.39,1075.13,1075.39,0.02,29.31,30697.48,1
2023-12-28,2023-12-28 11:17:00,1075.39,1075.65,1075.39,1075.65,0.02,29.31,30697.48,1
2023-12-28,2023-12-28 11:18:00,1075.65,1075.91,1075.65,1075.91,0.02,29.31,30697.48,1
2023-12-28,2023-12-28 11:19:00,1075.91,1076.17,1075.91,1076.17,0.02,29.31,30697.48,1
2023-12-28,2023-12-28 11:20:00,1076.17,1076.42,1076.17,1076.42,0.02,29.31,30697.48,1
2023-12-28,2023-12-28 11:21:00,1076.42,1076.68,1076.42,1076.68,0.02,29.31,30697.48,1
2023-12-28,2023-12-28 11:22:00,1076.68,1076.94,1076.68,1076.94,0.02,29.31,30697.48,1
2023-12-28,2023-12-28 11:23:00,1076.94,1077.2,1076.94,1077.2,0.02,29.31,30697.48,1
2023-12-28,2023-12-28 11:24:00,1077.2,1077.46,1077.2,1077.46,0.02,29.31,30697.48,1
2023-12-28,2023-12-28 11:25:00,1077.46,1077.72,1077.46,1077.72,0.02,29.31,30697.48,1
2023-12-28,2023-12-28 11:26:00,1077.72,1077.97,1077.72,1077.97,0.02,29.31,30697.48,1
2023-12-28,2023-12-28 11:27:00,1077.97,1078.23,1077.97,1078.23,0.02,29.31,30697.48,1
2023-12-28,2023-12-28 11:28:00,1078.23,1078.49,1078.23,1078.49,0.02,29.31,30697.48,1
2023-12-28,2023-12-28 11:29:00,1078.49,1078.75,1078.49,1078.75,0.02,29.31,30697.48,1
2023-12-28,2023-12-28 11:30:00,1078.75,1079.01,1078.75,1079.01,0.02,29.31,30697.48,1
2023-12-28,2023-12-28 11:31:00,1079.01,1079.27,1079.01,1079.27,0.02,29.31,30697.48,1
2023-12-28,2023-12-28 11:32:00,1079.27,1079.53,1079.27,1079.53,0.02,29.31,30697.48,1
2023-12-28,2023-12-28 11:33:00,1079.53,1079.78,1079.53,1079.78,0.02,29.31,30697.48,1
2023-12-28,2023-12-28 11:34:00,1079.78,1080.04,1079.78,1080.04,0.02,29.31,30697.48,1
2023-12-28,2023-12-28 11:35:00,1080.04,1080.3,1080.04,1080.3,0.02,29.31,30697.48,1
2023-12-28,2023-12-28 11:36:00,1080.3,1080.56,1080.3,1080.56,0.02,29.31,30697.48,1
2023-12-28,2023-12-28 11:37:00,1080.56,1080.82,1080.56,1080.82,0.02,29.31,30697.48,1
2023-12-28,2023-12-28 11:38:00,1080.82,1081.08,1080.82,1081.08,0.02,29.31,30697.48,1
2023-12-28,2023-12-28 11:39:00,1081.08,1081.33,1081.08,1081.33,0.02,29.31,30697.48,1
2023-12-28,2023-12-28 11:40:00,1081.33,1081.59,1081.33,1081.59,0.02,29.31,30697.48,1
2023-12-28,2023-12-28 11:41:00,1081.59,1081.85,1081.59,1081.85,0.02,29.31,30697.48,1
2023-12-28,2023-12-28 11:42:00,1081.85,1082.11,1081.85,1082.11,0.02,29.31,30697.48,1
2023-12-28,2023-12-28 11:43:00,1082.11,1082.37,1082.11,1082.37,0.02,29.31,30697.48,1
2023-12-28,2023-12-28 11:44:00,1082.37,1082.62,1082.37,1082.62,0.02,29.31,30697.48,1
2023-12-28,2023-12-28 11:45:00,1082.62,1082.88,1082.62,1082.88,0.02,29.31,30697.48,1
2023-12-28,2023-12-28 11:46:00,1082.88,1083.14,1082.88,1083.14,0.02,29.31,30697.48,1
2023-12-28,2023-12-28 11:47:00,1083.14,1083.4,1083.14,1083.4,0.02,29.31,30697.48,1
2023-12-28,2023-12-28 11:48:00,1083.4,1083.66,1083.4,1083.66,0.02,29.31,30697.48,1
2023-12-28,2023-12-28 11:49:00,1083.66,1083.92,1083.66,1083.92,0.02,29.31,30697.48,1
2023-12-28,2023-12-28 11:50:00,1083.92,1084.17,1083.92,1084.17,0.02,29.31,30697.48,1
2023-12-28,2023-12-28 11:51:00,1084.17,1084.43,1084.17,1084.43,0.02,29.31,30697.48,1
2023-12-28,2023-12-28 11:52:00,1084.43,1084.69,1084.43,1084.69,0.02,29.31,30697.48,1
2023-12-28,2023-12-28 11:53:00,1084.69,1084.95,1084.69,1084.95,0.02,29.31,30697.48,1
2023-12-28,2023-12-28 11:54:00,1084.95,1085.21,1084.95,1085.21,0.02,29.31,30697.48,1
2023-12-28,2023-12-28 11:55:00,1085.21,1085.47,1085.21,1085.47,0.02,29.31,30697.48,1
2023-12-28,2023-12-28 11:56:00,1085.47,1085.72,1085.47,1085.72,0.02,29.31,30697.48,1
2023-12-28,2023-12-28 11:57:00,1085.72,1085.98,1085.72,1085.98,0.02,29.31,30697.48,1
2023-12-28,2023-12-28 11:58:00,1085.98,1086.24,1085.98,1086.24,0.02,29.31,30697.48,1
2023-12-28,2023-12-28 11:59:00,1086.24,1086.5,1086.24,1086.5,0.02,29.31,30697.48,1
2023-12-28,2023-12-28 12:00:00,1086.5,1086.76,1086.5,1086.76,0.02,29.31,30697.48,1
2023-12-28,2023-12-28 12:01:00,1086.76,1087.02,1086.76,1087.02,0.02,29.31,30697.48,1
2023-12-28,2023-12-28 12:02:00,1087.02,1087.28,1087.02,1087.28,0.02,29.31,30697.48,1
2023-12-28,2023-12-28 12:03:00,1087.28,1087.53,1087.28,1087.53,0.02,29.31,30697.48,1
2023-12-28,2023-12-28 12:04:00,1087.53,1087.79,1087.53,1087.79,0.02,29.31,30697.48,1
2023-12-28,2023-12-28 12:05:00,1087.79,1088.05,1087.79,1088.05,0.02,29.31,30697.48,1
2023-12-28,2023-12-28 12:06:00,1088.05,1088.31,1088.05,1088.31,0.02,29.31,30697.48,1
2023-12-28,2023-12-28 12:07:00,1088.31,1088.57,1088.31,1088.57,0.02,29.31,30697.48,1
2023-12-28,2023-12-28 12:08:00,1088.57,1088.83,1088.57,1088.83,0.02,29.31,30697.48,1
2023-12-28,2023-12-28 12:09:00,1088.83,1089.08,1088.83,1089.08,0.02,29.31,30697.48,1
2023-12-28,2023-12-28 12:10:00,1089.08,1089.34,1089.08,1089.34,0.02,29.31,30697.48,1
2023-12-28,2023-12-28 12:11:00,1089.34,1089.6,1089.34,1089.6,0.02,29.31,30697.48,1
2023-12-28,2023-12-28 12:12:00,1089.6,1089.86,1089.6,1089.86,0.02,29.31,30697.48,1
2023-12-28,2023-12-28 12:13:00,1089.86,1090.12,1089.86,1090.12,0.02,29.31,30697.48,1
2023-12-28,2023-12-28 12:14:00,1090.12,1090.38,1090.12,1090.38,0.02,29.31,30697.48,1
2023-12-28,2023-12-28 12:15:00,1090.38,1090.63,1090.38,1090.63,0.02,29.31,30697.48,1
2023-12-28,2023-12-28 12:16:00,1090.63,1090.89,1090.63,1090.89,0.02,29.31,30697.48,1
2023-12-28,2023-12-28 12:17:00,1090.89,1091.15,1090.89,1091.15,0.02,29.31,30697.48,1
2023-12-28,2023-12-28 12:18:00,1091.15,1091.41,1091.15,1091.41,0.02,29.31,30697.48,1
2023-12-28,2023-12-28 12:19:00,1091.41,1091.67,1091.41,1091.67,0.02,29.31,30697.48,1
2023-12-28,2023-12-28 12:20:00,1091.67,1091.92,1091.67,1091.92,0.02,29.31,30697.48,1
2023-12-28,2023-12-28 12:21:00,1091.92,1092.18,1091.92,1092.18,0.02,29.31,30697.48,1
2023-12-28,2023-12-28 12:22:00,1092.18,1092.44,1092.18,1092.44,0.02,29.31,30697.48,1
2023-12-28,2023-12-28 12:23:00,1092.44,1092.7,1092.44,1092.7,0.02,29.31,30697.48,1
2023-12-28,2023-12-28 12:24:00,1092.7,1092.96,1092.7,1092.96,0.02,29.31,30697.48,1
2023-12-28,2023-12-28 12:25:00,1092.96,1093.22,1092.96,1093.22,0.02,29.31,30697.48,1
2023-12-28,2023-12-28 12:26:00,1093.22,1093.47,1093.22,1093.47,0.02,29.31,30697.48,1
2023-12-28,2023-12-28 12:27:00,1093.47,1093.73,1093.47,1093.73,0.02,29.31,30697.48,1
2023-12-28,2023-12-28 12:28:00,1093.73,1093.99,1093.73,1093.99,0.02,29.31,30697.48,1
2023-12-28,2023-12-28 12:29:00,1093.99,1094.25,1093.99,1094.25,0.02,29.31,30697.48,1
2023-12-28,2023-12-28 12:30:00,1094.25,1094.51,1094.25,1094.51,0.02,29.31,30697.48,1
2023-12-28,2023-12-28 12:31:00,1094.51,1094.77,1094.51,1094.77,0.02,29.31,30697.48,1
2023-12-28,2023-12-28 12:32:00,1094.77,1095.03,1094.77,1095.03,0.02,29.31,30697.48,1
2023-12-28,2023-12-28 12:33:00,1095.03,1095.28,1095.03,1095.28,0.02,29.31,30697.48,1
2023-12-28,2023-12-28 12:34:00,1095.28,1095.54,1095.28,1095.54,0.02,29.31,30697.48,1
2023-12-28,2023-12-28 12:35:00,1095.54,1095.8,1095.54,1095.8,0.02,29.31,30697.48,1
2023-12-28,2023-12-28 12:36:00,1095.8,1096.06,1095.8,1096.06,0.02,29.31,30697.48,1
2023-12-28,2023-12-28 12:37:00,1096.06,1096.32,1096.06,1096.32,0.02,29.31,30697.48,1
2023-12-28,2023-12-28 12:38:00,1096.32,1096.58,1096.32,1096.58,0.02,29.31,30697.48,1
2023-12-28,2023-12-28 12:39:00,1096.58,1096.83,1096.58,1096.83,0.02,29.31,30697.48,1
2023-12-28,2023-12-28 12:40:00,1096.83,1097.09,1096.83,1097.09,0.02,29.31,30697.48,1
2023-12-28,2023-12-28 12:41:00,1097.09,1097.35,1097.09,1097.35,0.02,29.31,30697.48,1
2023-12-28,2023-12-28 12:42:00,1097.35,1097.61,1097.35,1097.61,0.02,29.31,30697.48,1
2023-12-28,2023-12-28 12:43:00,1097.61,1097.87,1097.61,1097.87,0.02,29.31,30697.48,1
2023-12-28,2023-12-28 12:44:00,1097.87,1098.12,1097.87,1098.12,0.02,29.31,30697.48,1
2023-12-28,2023-12-28 12:45:00,1098.12,1098.38,1098.12,1098.38,0.02,29.31,30697.48,1
2023-12-28,2023-12-28 12:46:00,1098.38,1098.64,1098.38,1098.64,0.02,29.31,30697.48,1
2023-12-28,2023-12-28 12:47:00,1098.64,1098.9,1098.64,1098.9,0.02,29.31,30697.48,1
2023-12-28,2023-12-28 12:48:00,1098.9,1099.16,1098.9,1099.16,0.02,29.31,30697.48,1
2023-12-28,2023-12-28 12:49:00,1099.16,1099.42,1099.16,1099.42,0.02,29.31,30697.48,1
2023-12-28,2023-12-28 12:50:00,1099.42,1099.67,1099.42,1099.67,0.02,29.31,30697.48,1
2023-12-28,2023-12-28 12:51:00,1099.67,1099.93,1099.67,1099.93,0.02,29.31,30697.48,1
2023-12-28,2023-12-28 12:52:00,1099.93,1100.19,1099.93,1100.19,0.02,29.31,30697.48,1
2023-12-28,2023-12-28 12:53:00,1100.19,1100.45,1100.19,1100.45,0.02,29.31,30697.48,1
2023-12-28,2023-12-28 12:54:00,1100.45,1100.71,1100.45,1100.71,0.02,29.31,30697.48,1
2023-12-28,2023-12-28 12:55:00,1100.71,1100.97,1100.71,1100.97,0.02,29.31,30697.48,1
2023-12-28,2023-12-28 12:56:00,1100.97,1101.22,1100.97,1101.22,0.02,29.31,30697.48,1
2023-12-28,2023-12-28 12:57:00,1101.22,1101.48,1101.22,1101.48,0.02,29.31,30697.48,1
2023-12-28,2023-12-28 12:58:00,1101.48,1101.74,1101.48,1101.74,0.02,29.31,30697.48,1
2023-12-28,2023-12-28 12:59:00,1101.74,1102.0,1101.74,1102.0,0.02,29.31,30697.48,1
2023-12-28,2023-12-28 13:00:00,1102.0,1133.0,1026.0,1102.26,0.02,29.31,30697.48,1
2023-12-28,2023-12-28 13:01:00,1102.26,1102.52,1102.26,1102.52,0.02,29.31,30697.48,1
2023-12-28,2023-12-28 13:02:00,1102.52,1102.78,1102.52,1102.78,0.02,29.31,30697.48,1
2023-12-28,2023-12-28 13:03:00,1102.78,1103.03,1102.78,1103.03,0.02,29.31,30697.48,1
2023-12-28,2023-12-28 13:04:00,1103.03,1103.29,1103.03,1103.29,0.02,29.31,30697.48,1
2023-12-28,2023-12-28 13:05:00,1103.29,1103.55,1103.29,1103.55,0.02,29.31,30697.48,1
2023-12-28,2023-12-28 13:06:00,1103.55,1103.81,1103.55,1103.81,0.02,29.31,30697.48,1
2023-12-28,2023-12-28 13:07:00,1103.81,1104.07,1103.81,1104.07,0.02,29.31,30697.48,1
2023-12-28,2023-12-28 13:08:00,1104.07,1104.33,1104.07,1104.33,0.02,29.31,30697.48,1
2023-12-28,2023-12-28 13:09:00,1104.33,1104.58,1104.33,1104.58,0.02,29.31,30697.48,1
2023-12-28,2023-12-28 13:10:00,1104.58,1104.84,1104.58,1104.84,0.02,29.31,30697.48,1
2023-12-28,2023-12-28 13:11:00,1104.84,1105.1,1104.84,1105.1,0.02,29.31,30697.48,1
2023-12-28,2023-12-28 13:12:00,1105.1,1105.36,1105.1,1105.36,0.02,29.31,30697.48,1
2023-12-28,2023-12-28 13:13:00,1105.36,1105.62,1105.36,1105.62,0.02,29.31,30697.48,1
2023-12-28,2023-12-28 13:14:00,1105.62,1105.88,1105.62,1105.88,0.02,29.31,30697.48,1
2023-12-28,2023-12-28 13:15:00,1105.88,1106.13,1105.88,1106.13,0.02,29.31,30697.48,1
2023-12-28,2023-12-28 13:16:00,1106.13,1106.39,1106.13,1106.39,0.02,29.31,30697.48,1
2023-12-28,2023-12-28 13:17:00,1106.39,1106.65,1106.39,1106.65,0.02,29.31,30697.48,1
2023-12-28,2023-12-28 13:18:00,1106.65,1106.91,1106.65,1106.91,0.02,29.31,30697.48,1
2023-12-28,2023-12-28 13:19:00,1106.91,1107.17,1106.91,1107.17,0.02,29.31,30697.48,1
2023-12-28,2023-12-28 13:20:00,1107.17,1107.42,1107.17,1107.42,0.02,29.31,30697.48,1
2023-12-28,2023-12-28 13:21:00,1107.42,1107.68,1107.42,1107.68,0.02,29.31,30697.48,1
2023-12-28,2023-12-28 13:22:00,1107.68,1107.94,1107.68,1107.94,0.02,29.31,30697.48,1
2023-12-28,2023-12-28 13:23:00,1107.94,1108.2,1107.94,1108.2,0.02,29.31,30697.48,1
2023-12-28,2023-12-28 13:24:00,1108.2,1108.46,1108.2,1108.46,0.02,29.31,30697.48,1
2023-12-28,2023-12-28 13:25:00,1108.46,1108.72,1108.46,1108.72,0.02,29.31,30697.48,1
2023-12-28,2023-12-28 13:26:00,1108.72,1108.97,1108.72,1108.97,0.02,29.31,30697.48,1
2023-12-28,2023-12-28 13:27:00,1108.97,1109.23,1108.97,1109.23,0.02,29.31,30697.48,1
2023-12-28,2023-12-28 13:28:00,1109.23,1109.49,1109.23,1109.49,0.02,29.31,30697.48,1
2023-12-28,2023-12-28 13:29:00,1109.49,1109.75,1109.49,1109.75,0.02,29.31,30697.48,1
2023-12-28,2023-12-28 13:30:00,1109.75,1110.01,1109.75,1110.01,0.02,29.31,30697.48,1
2023-12-28,2023-12-28 13:31:00,1110.01,1110.27,1110.01,1110.27,0.02,29.31,30697.48,1
2023-12-28,2023-12-28 13:32:00,1110.27,1110.53,1110.27,1110.53,0.02,29.31,30697.48,1
2023-12-28,2023-12-28 13:33:00,1110.53,1110.78,1110.53,1110.78,0.02,29.31,30697.48,1
2023-12-28,2023-12-28 13:34:00,1110.78,1111.04,1110.78,1111.04,0.02,29.31,30697.48,1
2023-12-28,2023-12-28 13:35:00,1111.04,1111.3,1111.04,1111.3,0.02,29.31,30697.48,1
2023-12-28,2023-12-28 13:36:00,1111.3,1111.56,1111.3,1111.56,0.02,29.31,30697.48,1
2023-12-28,2023-12-28 13:37:00,1111.56,1111.82,1111.56,1111.82,0.02,29.31,30697.48,1
2023-12-28,2023-12-28 13:38:00,1111.82,1112.08,1111.82,1112.08,0.02,29.31,30697.48,1
2023-12-28,2023-12-28 13:39:00,1112.08,1112.33,1112.08,1112.33,0.02,29.31,30697.48,1
2023-12-28,2023-12-28 13:40:00,1112.33,1112.59,1112.33,1112.59,0.02,29.31,30697.48,1
2023-12-28,2023-12-28 13:41:00,1112.59,1112.85,1112.59,1112.85,0.02,29.31,30697.48,1
2023-12-28,2023-12-28 13:42:00,1112.85,1113.11,1112.85,1113.11,0.02,29.31,30697.48,1
2023-12-28,2023-12-28 13:43:00,1113.11,1113.37,1113.11,1113.37,0.02,29.31,30697.48,1
2023-12-28,2023-12-28 13:44:00,1113.37,1113.62,1113.37,1113.62,0.02,29.31,30697.48,1
2023-12-28,2023-12-28 13:45:00,1113.62,1113.88,1113.62,1113.88,0.02,29.31,30697.48,1
2023-12-28,2023-12-28 13:46:00,1113.88,1114.14,1113.88,1114.14,0.02,29.31,30697.48,1
2023-12-28,2023-12-28 13:47:00,1114.14,1114.4,1114.14,1114.4,0.02,29.31,30697.48,1
2023-12-28,2023-12-28 13:48:00,1114.4,1114.66,1114.4,1114.66,0.02,29.31,30697.48,1
2023-12-28,2023-12-28 13:49:00,1114.66,1114.92,1114.66,1114.92,0.02,29.31,30697.48,1
2023-12-28,2023-12-28 13:50:00,1114.92,1115.17,1114.92,1115.17,0.02,29.31,30697.48,1
2023-12-28,2023-12-28 13:51:00,1115.17,1115.43,1115.17,1115.43,0.02,29.31,30697.48,1
2023-12-28,2023-12-28 13:52:00,1115.43,1115.69,1115.43,1115.69,0.02,29.31,30697.48,1
2023-12-28,2023-12-28 13:53:00,1115.69,1115.95,1115.69,1115.95,0.02,29.31,30697.48,1
2023-12-28,2023-12-28 13:54:00,1115.95,1116.21,1115.95,1116.21,0.02,29.31,30697.48,1
2023-12-28,2023-12-28 13:55:00,1116.21,1116.47,1116.21,1116.47,0.02,29.31,30697.48,1
2023-12-28,2023-12-28 13:56:00,1116.47,1116.72,1116.47,1116.72,0.02,29.31,30697.48,1
2023-12-28,2023-12-28 13:57:00,1116.72,1116.98,1116.72,1116.98,0.02,29.31,30697.48,1
2023-12-28,2023-12-28 13:58:00,1116.98,1117.24,1116.98,1117.24,0.02,29.31,30697.48,1
2023-12-28,2023-12-28 13:59:00,1117.24,1117.5,1117.24,1117.5,0.02,29.31,30697.48,1
2023-12-28,2023-12-28 14:00:00,1117.5,1117.76,1117.5,1117.76,0.02,29.31,30697.48,1
2023-12-28,2023-12-28 14:01:00,1117.76,1118.02,1117.76,1118.02,0.02,29.31,30697.48,1
2023-12-28,2023-12-28 14:02:00,1118.02,1118.28,1118.02,1118.28,0.02,29.31,30697.48,1
2023-12-28,2023-12-28 14:03:00,1118.28,1118.53,1118.28,1118.53,0.02,29.31,30697.48,1
2023-12-28,2023-12-28 14:04:00,1118.53,1118.79,1118.53,1118.79,0.02,29.31,30697.48,1
2023-12-28,2023-12-28 14:05:00,1118.79,1119.05,1118.79,1119.05,0.02,29.31,30697.48,1
2023-12-28,2023-12-28 14:06:00,1119.05,1119.31,1119.05,1119.31,0.02,29.31,30697.48,1
2023-12-28,2023-12-28 14:07:00,1119.31,1119.57,1119.31,1119.57,0.02,29.31,30697.48,1
2023-12-28,2023-12-28 14:08:00,1119.57,1119.83,1119.57,1119.83,0.02,29.31,30697.48,1
2023-12-28,2023-12-28 14:09:00,1119.83,1120.08,1119.83,1120.08,0.02,29.31,30697.48,1
2023-12-28,2023-12-28 14:10:00,1120.08,1120.34,1120.08,1120.34,0.02,29.31,30697.48,1
2023-12-28,2023-12-28 14:11:00,1120.34,1120.6,1120.34,1120.6,0.02,29.31,30697.48,1
2023-12-28,2023-12-28 14:12:00,1120.6,1120.86,1120.6,1120.86,0.02,29.31,30697.48,1
2023-12-28,2023-12-28 14:13:00,1120.86,1121.12,1120.86,1121.12,0.02,29.31,30697.48,1
2023-12-28,2023-12-28 14:14:00,1121.12,1121.38,1121.12,1121.38,0.02,29.31,30697.48,1
2023-12-28,2023-12-28 14:15:00,1121.38,1121.63,1121.38,1121.63,0.02,29.31,30697.48,1
2023-12-28,2023-12-28 14:16:00,1121.63,1121.89,1121.63,1121.89,0.02,29.31,30697.48,1
2023-12-28,2023-12-28 14:17:00,1121.89,1122.15,1121.89,1122.15,0.02,29.31,30697.48,1
2023-12-28,2023-12-28 14:18:00,1122.15,1122.41,1122.15,1122.41,0.02,29.31,30697.48,1
2023-12-28,2023-12-28 14:19:00,1122.41,1122.67,1122.41,1122.67,0.02,29.31,30697.48,1
2023-12-28,2023-12-28 14:20:00,1122.67,1122.92,1122.67,1122.92,0.02,29.31,30697.48,1
2023-12-28,2023-12-28 14:21:00,1122.92,1123.18,1122.92,1123.18,0.02,29.31,30697.48,1
2023-12-28,2023-12-28 14:22:00,1123.18,1123.44,1123.18,1123.44,0.02,29.31,30697.48,1
2023-12-28,2023-12-28 14:23:00,1123.44,1123.7,1123.44,1123.7,0.02,29.31,30697.48,1
2023-12-28,2023-12-28 14:24:00,1123.7,1123.96,1123.7,1123.96,0.02,29.31,30697.48,1
2023-12-28,2023-12-28 14:25:00,1123.96,1124.22,1123.96,1124.22,0.02,29.31,30697.48,1
2023-12-28,2023-12-28 14:26:00,1124.22,1124.47,1124.22,1124.47,0.02,29.31,30697.48,1
2023-12-28,2023-12-28 14:27:00,1124.47,1124.73,1124.47,1124.73,0.02,29.31,30697.48,1
2023-12-28,2023-12-28 14:28:00,1124.73,1124.99,1124.73,1124.99,0.02,29.31,30697.48,1
2023-12-28,2023-12-28 14:29:00,1124.99,1125.25,1124.99,1125.25,0.02,29.31,30697.48,1
2023-12-28,2023-12-28 14:30:00,1125.25,1125.51,1125.25,1125.51,0.02,29.31,30697.48,1
2023-12-28,2023-12-28 14:31:00,1125.51,1125.77,1125.51,1125.77,0.02,29.31,30697.48,1
2023-12-28,2023-12-28 14:32:00,1125.77,1126.03,1125.77,1126.03,0.02,29.31,30697.48,1
2023-12-28,2023-12-28 14:33:00,1126.03,1126.28,1126.03,1126.28,0.02,29.31,30697.48,1
2023-12-28,2023-12-28 14:34:00,1126.28,1126.54,1126.28,1126.54,0.02,29.31,30697.48,1
2023-12-28,2023-12-28 14:35:00,1126.54,1126.8,1126.54,1126.8,0.02,29.31,30697.48,1
2023-12-28,2023-12-28 14:36:00,1126.8,1127.06,1126.8,1127.06,0.02,29.31,30697.48,1
2023-12-28,2023-12-28 14:37:00,1127.06,1127.32,1127.06,1127.32,0.02,29.31,30697.48,1
2023-12-28,2023-12-28 14:38:00,1127.32,1127.58,1127.32,1127.58,0.02,29.31,30697.48,1
2023-12-28,2023-12-28 14:39:00,1127.58,1127.83,1127.58,1127.83,0.02,29.31,30697.48,1
2023-12-28,2023-12-28 14:40:00,1127.83,1128.09,1127.83,1128.09,0.02,29.31,30697.48,1
2023-12-28,2023-12-28 14:41:00,1128.09,1128.35,1128.09,1128.35,0.02,29.31,30697.48,1
2023-12-28,2023-12-28 14:42:00,1128.35,1128.61,1128.35,1128.61,0.02,29.31,30697.48,1
2023-12-28,2023-12-28 14:43:00,1128.61,1128.87,1128.61,1128.87,0.02,29.31,30697.48,1
2023-12-28,2023-12-28 14:44:00,1128.87,1129.12,1128.87,1129.12,0.02,29.31,30697.48,1
2023-12-28,2023-12-28 14:45:00,1129.12,1129.38,1129.12,1129.38,0.02,29.31,30697.48,1
2023-12-28,2023-12-28 14:46:00,1129.38,1129.64,1129.38,1129.64,0.02,29.31,30697.48,1
2023-12-28,2023-12-28 14:47:00,1129.64,1129.9,1129.64,1129.9,0.02,29.31,30697.48,1
2023-12-28,2023-12-28 14:48:00,1129.9,1130.16,1129.9,1130.16,0.02,29.31,30697.48,1
2023-12-28,2023-12-28 14:49:00,1130.16,1130.42,1130.16,1130.42,0.02,29.31,30697.48,1
2023-12-28,2023-12-28 14:50:00,1130.42,1130.67,1130.42,1130.67,0.02,29.31,30697.48,1
2023-12-28,2023-12-28 14:51:00,1130.67,1130.93,1130.67,1130.93,0.02,29.31,30697.48,1
2023-12-28,2023-12-28 14:52:00,1130.93,1131.19,1130.93,1131.19,0.02,29.31,30697.48,1
2023-12-28,2023-12-28 14:53:00,1131.19,1131.45,1131.19,1131.45,0.02,29.31,30697.48,1
2023-12-28,2023-12-28 14:54:00,1131.45,1131.71,1131.45,1131.71,0.02,29.31,30697.48,1
2023-12-28,2023-12-28 14:55:00,1131.71,1131.97,1131.71,1131.97,0.02,29.31,30697.48,1
2023-12-28,2023-12-28 14:56:00,1131.97,1132.22,1131.97,1132.22,0.02,29.31,30697.48,1
2023-12-28,2023-12-28 14:57:00,1132.22,1132.48,1132.22,1132.48,0.02,29.31,30697.48,1
2023-12-28,2023-12-28 14:58:00,1132.48,1132.74,1132.48,1132.74,0.02,29.31,30697.48,1
2023-12-28,2023-12-28 14:59:00,1132.74,1133.0,1132.74,1133.0,0.02,29.31,30697.48,1
2023-12-28,2023-12-28 15:00:00,1133.0,1133.0,1026.0,1133.0,0.0,29.31,30697.48,0
2024-01-01,2024-01-01 11:00:00,1134.0,1134.0,1103.1,1133.75,-0.02,22.04,23798.29,-1
2024-01-01,2024-01-01 11:01:00,1133.75,1133.75,1133.51,1133.51,-0.02,22.04,23798.29,-1
2024-01-01,2024-01-01 11:02:00,1133.51,1133.51,1133.26,1133.26,-0.02,22.04,23798.29,-1
2024-01-01,2024-01-01 11:03:00,1133.26,1133.26,1133.02,1133.02,-0.02,22.04,23798.29,-1
2024-01-01,2024-01-01 11:04:00,1133.02,1133.02,1132.77,1132.77,-0.02,22.04,23798.29,-1
2024-01-01,2024-01-01 11:05:00,1132.77,1132.77,1132.53,1132.53,-0.02,22.04,23798.29,-1
2024-01-01,2024-01-01 11:06:00,1132.53,1132.53,1132.28,1132.28,-0.02,22.04,23798.29,-1
2024-01-01,2024-01-01 11:07:00,1132.28,1132.28,1132.03,1132.03,-0.02,22.04,23798.29,-1
2024-01-01,2024-01-01 11:08:00,1132.03,1132.03,1131.79,1131.79,-0.02,22.04,23798.29,-1
2024-01-01,2024-01-01 11:09:00,1131.79,1131.79,1131.54,1131.54,-0.02,22.04,23798.29,-1
2024-01-01,2024-01-01 11:10:00,1131.54,1131.54,1131.3,1131.3,-0.02,22.04,23798.29,-1
2024-01-01,2024-01-01 11:11:00,1131.3,1131.3,1131.05,1131.05,-0.02,22.04,23798.29,-1
2024-01-01,2024-01-01 11:12:00,1131.05,1131.05,1130.8,1130.8,-0.02,22.04,23798.29,-1
2024-01-01,2024-01-01 11:13:00,1130.8,1130.8,1130.56,1130.56,-0.02,22.04,23798.29,-1
2024-01-01,2024-01-01 11:14:00,1130.56,1130.56,1130.31,1130.31,-0.02,22.04,23798.29,-1
2024-01-01,2024-01-01 11:15:00,1130.31,1130.31,1130.07,1130.07,-0.02,22.04,23798.29,-1
2024-01-01,2024-01-01 11:16:00,1130.07,1130.07,1129.82,1129.82,-0.02,22.04,23798.29,-1
2024-01-01,2024-01-01 11:17:00,1129.82,1129.82,1129.58,1129.58,-0.02,22.04,23798.29,-1
2024-01-01,2024-01-01 11:18:00,1129.58,1129.58,1129.33,1129.33,-0.02,22.04,23798.29,-1
2024-01-01,2024-01-01 11:19:00,1129.33,1129.33,1129.08,1129.08,-0.02,22.04,23798.29,-1
2024-01-01,2024-01-01 11:20:00,1129.08,1129.08,1128.84,1128.84,-0.02,22.04,23798.29,-1
2024-01-01,2024-01-01 11:21:00,1128.84,1128.84,1128.59,1128.59,-0.02,22.04,23798.29,-1
2024-01-01,2024-01-01 11:22:00,1128.59,1128.59,1128.35,1128.35,-0.02,22.04,23798.29,-1
2024-01-01,2024-01-01 11:23:00,1128.35,1128.35,1128.1,1128.1,-0.02,22.04,23798.29,-1
2024-01-01,2024-01-01 11:24:00,1128.1,1128.1,1127.85,1127.85,-0.02,22.04,23798.29,-1
2024-01-01,2024-01-01 11:25:00,1127.85,1127.85,1127.61,1127.61,-0.02,22.04,23798.29,-1
2024-01-01,2024-01-01 11:26:00,1127.61,1127.61,1127.36,1127.36,-0.02,22.04,23798.29,-1
2024-01-01,2024-01-01 11:27:00,1127.36,1127.36,1127.12,1127.12,-0.02,22.04,23798.29,-1
2024-01-01,2024-01-01 11:28:00,1127.12,1127.12,1126.87,1126.87,-0.02,22.04,23798.29,-1
2024-01-01,2024-01-01 11:29:00,1126.87,1126.87,1126.62,1126.62,-0.02,22.04,23798.29,-1
2024-01-01,2024-01-01 11:30:00,1126.62,1126.62,1126.38,1126.38,-0.02,22.04,23798.29,-1
2024-01-01,2024-01-01 11:31:00,1126.38,1126.38,1126.13,1126.13,-0.02,22.04,23798.29,-1
2024-01-01,2024-01-01 11:32:00,1126.13,1126.13,1125.89,1125.89,-0.02,22.04,23798.29,-1
2024-01-01,2024-01-01 11:33:00,1125.89,1125.89,1125.64,1125.64,-0.02,22.04,23798.29,-1
2024-01-01,2024-01-01 11:34:00,1125.64,1125.64,1125.4,1125.4,-0.02,22.04,23798.29,-1
2024-01-01,2024-01-01 11:35:00,1125.4,1125.4,1125.15,1125.15,-0.02,22.04,23798.29,-1
2024-01-01,2024-01-01 11:36:00,1125.15,1125.15,1124.9,1124.9,-0.02,22.04,23798.29,-1
2024-01-01,2024-01-01 11:37:00,1124.9,1124.9,1124.66,1124.66,-0.02,22.04,23798.29,-1
2024-01-01,2024-01-01 11:38:00,1124.66,1124.66,1124.41,1124.41,-0.02,22.04,23798.29,-1
2024-01-01,2024-01-01 11:39:00,1124.41,1124.41,1124.17,1124.17,-0.02,22.04,23798.29,-1
2024-01-01,2024-01-01 11:40:00,1124.17,1124.17,1123.92,1123.92,-0.02,22.04,23798.29,-1
2024-01-01,2024-01-01 11:41:00,1123.92,1123.92,1123.67,1123.67,-0.02,22.04,23798.29,-1
2024-01-01,2024-01-01 11:42:00,1123.67,1123.67,1123.43,1123.43,-0.02,22.04,23798.29,-1
2024-01-01,2024-01-01 11:43:00,1123.43,1123.43,1123.18,1123.18,-0.02,22.04,23798.29,-1
2024-01-01,2024-01-01 11:44:00,1123.18,1123.18,1122.94,1122.94,-0.02,22.04,23798.29,-1
2024-01-01,2024-01-01 11:45:00,1122.94,1122.94,1122.69,1122.69,-0.02,22.04,23798.29,-1
2024-01-01,2024-01-01 11:46:00,1122.69,1122.69,1122.45,1122.45,-0.02,22.04,23798.29,-1
2024-01-01,2024-01-01 11:47:00,1122.45,1122.45,1122.2,1122.2,-0.02,22.04,23798.29,-1
2024-01-01,2024-01-01 11:48:00,1122.2,1122.2,1121.95,1121.95,-0.02,22.04,23798.29,-1
2024-01-01,2024-01-01 11:49:00,1121.95,1121.95,1121.71,1121.71,-0.02,22.04,23798.29,-1
2024-01-01,2024-01-01 11:50:00,1121.71,1121.71,1121.46,1121.46,-0.02,22.04,23798.29,-1
2024-01-01,2024-01-01 11:51:00,1121.46,1121.46,1121.22,1121.22,-0.02,22.04,23798.29,-1
2024-01-01,2024-01-01 11:52:00,1121.22,1121.22,1120.97,1120.97,-0.02,22.04,23798.29,-1
2024-01-01,2024-01-01 11:53:00,1120.97,1120.97,1120.72,1120.72,-0.02,22.04,23798.29,-1
2024-01-01,2024-01-01 11:54:00,1120.72,1120.72,1120.48,1120.48,-0.02,22.04,23798.29,-1
2024-01-01,2024-01-01 11:55:00,1120.48,1120.48,1120.23,1120.23,-0.02,22.04,23798.29,-1
2024-01-01,2024-01-01 11:56:00,1120.23,1120.23,1119.99,1119.99,-0.02,22.04,23798.29,-1
2024-01-01,2024-01-01 11:57:00,1119.99,1119.99,1119.74,1119.74,-0.02,22.04,23798.29,-1
2024-01-01,2024-01-01 11:58:00,1119.74,1119.74,1119.5,1119.5,-0.02,22.04,23798.29,-1
2024-01-01,2024-01-01 11:59:00,1119.5,1119.5,1119.25,1119.25,-0.02,22.04,23798.29,-1
2024-01-01,2024-01-01 12:00:00,1119.25,1119.25,1119.0,1119.0,-0.02,22.04,23798.29,-1
2024-01-01,2024-01-01 12:01:00,1119.0,1119.0,1118.76,1118.76,-0.02,22.04,23798.29,-1
2024-01-01,2024-01-01 12:02:00,1118.76,1118.76,1118.51,1118.51,-0.02,22.04,23798.29,-1
2024-01-01,2024-01-01 12:03:00,1118.51,1118.51,1118.27,1118.27,-0.02,22.04,23798.29,-1
2024-01-01,2024-01-01 12:04:00,1118.27,1118.27,1118.02,1118.02,-0.02,22.04,23798.29,-1
2024-01-01,2024-01-01 12:05:00,1118.02,1118.02,1117.78,1117.78,-0.02,22.04,23798.29,-1
2024-01-01,2024-01-01 12:06:00,1117.78,1117.78,1117.53,1117.53,-0.02,22.04,23798.29,-1
2024-01-01,2024-01-01 12:07:00,1117.53,1117.53,1117.28,1117.28,-0.02,22.04,23798.29,-1
2024-01-01,2024-01-01 12:08:00,1117.28,1117.28,1117.04,1117.04,-0.02,22.04,23798.29,-1
2024-01-01,2024-01-01 12:09:00,1117.04,1117.04,1116.79,1116.79,-0.02,22.04,23798.29,-1
2024-01-01,2024-01-01 12:10:00,1116.79,1116.79,1116.55,1116.55,-0.02,22.04,23798.29,-1
2024-01-01,2024-01-01 12:11:00,1116.55,1116.55,1116.3,1116.3,-0.02,22.04,23798.29,-1
2024-01-01,2024-01-01 12:12:00,1116.3,1116.3,1116.05,1116.05,-0.02,22.04,23798.29,-1
2024-01-01,2024-01-01 12:13:00,1116.05,1116.05,1115.81,1115.81,-0.02,22.04,23798.29,-1
2024-01-01,2024-01-01 12:14:00,1115.81,1115.81,1115.56,1115.56,-0.02,22.04,23798.29,-1
2024-01-01,2024-01-01 12:15:00,1115.56,1115.56,1115.32,1115.32,-0.02,22.04,23798.29,-1
2024-01-01,2024-01-01 12:16:00,1115.32,1115.32,1115.07,1115.07,-0.02,22.04,23798.29,-1
2024-01-01,2024-01-01 12:17:00,1115.07,1115.07,1114.83,1114.83,-0.02,22.04,23798.29,-1
2024-01-01,2024-01-01 12:18:00,1114.83,1114.83,1114.58,1114.58,-0.02,22.04,23798.29,-1
2024-01-01,2024-01-01 12:19:00,1114.58,1114.58,1114.33,1114.33,-0.02,22.04,23798.29,-1
2024-01-01,2024-01-01 12:20:00,1114.33,1114.33,1114.09,1114.09,-0.02,22.04,23798.29,-1
2024-01-01,2024-01-01 12:21:00,1114.09,1114.09,1113.84,1113.84,-0.02,22.04,23798.29,-1
2024-01-01,2024-01-01 12:22:00,1113.84,1113.84,1113.6,1113.6,-0.02,22.04,23798.29,-1
2024-01-01,2024-01-01 12:23:00,1113.6,1113.6,1113.35,1113.35,-0.02,22.04,23798.29,-1
2024-01-01,2024-01-01 12:24:00,1113.35,1113.35,1113.1,1113.1,-0.02,22.04,23798.29,-1
2024-01-01,2024-01-01 12:25:00,1113.1,1113.1,1112.86,1112.86,-0.02,22.04,23798.29,-1
2024-01-01,2024-01-01 12:26:00,1112.86,1112.86,1112.61,1112.61,-0.02,22.04,23798.29,-1
2024-01-01,2024-01-01 12:27:00,1112.61,1112.61,1112.37,1112.37,-0.02,22.04,23798.29,-1
2024-01-01,2024-01-01 12:28:00,1112.37,1112.37,1112.12,1112.12,-0.02,22.04,23798.29,-1
2024-01-01,2024-01-01 12:29:00,1112.12,1112.12,1111.88,1111.88,-0.02,22.04,23798.29,-1
2024-01-01,2024-01-01 12:30:00,1111.88,1111.88,1111.63,1111.63,-0.02,22.04,23798.29,-1
2024-01-01,2024-01-01 12:31:00,1111.63,1111.63,1111.38,1111.38,-0.02,22.04,23798.29,-1
2024-01-01,2024-01-01 12:32:00,1111.38,1111.38,1111.14,1111.14,-0.02,22.04,23798.29,-1
2024-01-01,2024-01-01 12:33:00,1111.14,1111.14,1110.89,1110.89,-0.02,22.04,23798.29,-1
2024-01-01,2024-01-01 12:34:00,1110.89,1110.89,1110.65,1110.65,-0.02,22.04,23798.29,-1
2024-01-01,2024-01-01 12:35:00,1110.65,1110.65,1110.4,1110.4,-0.02,22.04,23798.29,-1
2024-01-01,2024-01-01 12:36:00,1110.4,1110.4,1110.15,1110.15,-0.02,22.04,23798.29,-1
2024-01-01,2024-01-01 12:37:00,1110.15,1110.15,1109.91,1109.91,-0.02,22.04,23798.29,-1
2024-01-01,2024-01-01 12:38:00,1109.91,1109.91,1109.66,1109.66,-0.02,22.04,23798.29,-1
2024-01-01,2024-01-01 12:39:00,1109.66,1109.66,1109.42,1109.42,-0.02,22.04,23798.29,-1
2024-01-01,2024-01-01 12:40:00,1109.42,1109.42,1109.17,1109.17,-0.02,22.04,23798.29,-1
2024-01-01,2024-01-01 12:41:00,1109.17,1109.17,1108.92,1108.92,-0.02,22.04,23798.29,-1
2024-01-01,2024-01-01 12:42:00,1108.92,1108.92,1108.68,1108.68,-0.02,22.04,23798.29,-1
2024-01-01,2024-01-01 12:43:00,1108.68,1108.68,1108.43,1108.43,-0.02,22.04,23798.29,-1
2024-01-01,2024-01-01 12:44:00,1108.43,1108.43,1108.19,1108.19,-0.02,22.04,23798.29,-1
2024-01-01,2024-01-01 12:45:00,1108.19,1108.19,1107.94,1107.94,-0.02,22.04,23798.29,-1
2024-01-01,2024-01-01 12:46:00,1107.94,1107.94,1107.7,1107.7,-0.02,22.04,23798.29,-1
2024-01-01,2024-01-01 12:47:00,1107.7,1107.7,1107.45,1107.45,-0.02,22.04,23798.29,-1
2024-01-01,2024-01-01 12:48:00,1107.45,1107.45,1107.2,1107.2,-0.02,22.04,23798.29,-1
2024-01-01,2024-01-01 12:49:00,1107.2,1107.2,1106.96,1106.96,-0.02,22.04,23798.29,-1
2024-01-01,2024-01-01 12:50:00,1106.96,1106.96,1106.71,1106.71,-0.02,22.04,23798.29,-1
2024-01-01,2024-01-01 12:51:00,1106.71,1106.71,1106.47,1106.47,-0.02,22.04,23798.29,-1
2024-01-01,2024-01-01 12:52:00,1106.47,1106.47,1106.22,1106.22,-0.02,22.04,23798.29,-1
2024-01-01,2024-01-01 12:53:00,1106.22,1106.22,1105.97,1105.97,-0.02,22.04,23798.29,-1
2024-01-01,2024-01-01 12:54:00,1105.97,1105.97,1105.73,1105.73,-0.02,22.04,23798.29,-1
2024-01-01,2024-01-01 12:55:00,1105.73,1105.73,1105.48,1105.48,-0.02,22.04,23798.29,-1
2024-01-01,2024-01-01 12:56:00,1105.48,1105.48,1105.24,1105.24,-0.02,22.04,23798.29,-1
2024-01-01,2024-01-01 12:57:00,1105.24,1105.24,1104.99,1104.99,-0.02,22.04,23798.29,-1
2024-01-01,2024-01-01 12:58:00,1104.99,1104.99,1104.75,1104.75,-0.02,22.04,23798.29,-1
2024-01-01,2024-01-01 12:59:00,1104.75,1104.75,1104.5,1104.5,-0.02,22.04,23798.29,-1
2024-01-01,2024-01-01 13:00:00,1104.5,1134.0,1031.0,1104.25,-0.02,22.04,23798.29,-1
2024-01-01,2024-01-01 13:01:00,1104.25,1104.25,1104.01,1104.01,-0.02,22.04,23798.29,-1
2024-01-01,2024-01-01 13:02:00,1104.01,1104.01,1103.76,1103.76,-0.02,22.04,23798.29,-1
2024-01-01,2024-01-01 13:03:00,1103.76,1103.76,1103.52,1103.52,-0.02,22.04,23798.29,-1
2024-01-01,2024-01-01 13:04:00,1103.52,1103.52,1103.27,1103.27,-0.02,22.04,23798.29,-1
2024-01-01,2024-01-01 13:05:00,1103.27,1103.27,1103.03,1103.03,-0.02,22.04,23798.29,-1
2024-01-01,2024-01-01 13:06:00,1103.03,1103.03,1102.78,1102.78,-0.02,22.04,23798.29,-1
2024-01-01,2024-01-01 13:07:00,1102.78,1102.78,1102.53,1102.53,-0.02,22.04,23798.29,-1
2024-01-01,2024-01-01 13:08:00,1102.53,1102.53,1102.29,1102.29,-0.02,22.04,23798.29,-1
2024-01-01,2024-01-01 13:09:00,1102.29,1102.29,1102.04,1102.04,-0.02,22.04,23798.29,-1
2024-01-01,2024-01-01 13:10:00,1102.04,1102.04,1101.8,1101.8,-0.02,22.04,23798.29,-1
2024-01-01,2024-01-01 13:11:00,1101.8,1101.8,1101.55,1101.55,-0.02,22.04,23798.29,-1
2024-01-01,2024-01-01 13:12:00,1101.55,1101.55,1101.3,1101.3,-0.02,22.04,23798.29,-1
2024-01-01,2024-01-01 13:13:00,1101.3,1101.3,1101.06,1101.06,-0.02,22.04,23798.29,-1
2024-01-01,2024-01-01 13:14:00,1101.06,1101.06,1100.81,1100.81,-0.02,22.04,23798.29,-1
2024-01-01,2024-01-01 13:15:00,1100.81,1100.81,1100.57,1100.57,-0.02,22.04,23798.29,-1
2024-01-01,2024-01-01 13:16:00,1100.57,1100.57,1100.32,1100.32,-0.02,22.04,23798.29,-1
2024-01-01,2024-01-01 13:17:00,1100.32,1100.32,1100.08,1100.08,-0.02,22.04,23798.29,-1
2024-01-01,2024-01-01 13:18:00,1100.08,1100.08,1099.83,1099.83,-0.02,22.04,23798.29,-1
2024-01-01,2024-01-01 13:19:00,1099.83,1099.83,1099.58,1099.58,-0.02,22.04,23798.29,-1
2024-01-01,2024-01-01 13:20:00,1099.58,1099.58,1099.34,1099.34,-0.02,22.04,23798.29,-1
2024-01-01,2024-01-01 13:21:00,1099.34,1099.34,1099.09,1099.09,-0.02,22.04,23798.29,-1
2024-01-01,2024-01-01 13:22:00,1099.09,1099.09,1098.85,1098.85,-0.02,22.04,23798.29,-1
2024-01-01,2024-01-01 13:23:00,1098.85,1098.85,1098.6,1098.6,-0.02,22.04,23798.29,-1
2024-01-01,2024-01-01 13:24:00,1098.6,1098.6,1098.35,1098.35,-0.02,22.04,23798.29,-1
2024-01-01,2024-01-01 13:25:00,1098.35,1098.35,1098.11,1098.11,-0.02,22.04,23798.29,-1
2024-01-01,2024-01-01 13:26:00,1098.11,1098.11,1097.86,1097.86,-0.02,22.04,23798.29,-1
2024-01-01,2024-01-01 13:27:00,1097.86,1097.86,1097.62,1097.62,-0.02,22.04,23798.29,-1
2024-01-01,2024-01-01 13:28:00,1097.62,1097.62,1097.37,1097.37,-0.02,22.04,23798.29,-1
2024-01-01,2024-01-01 13:29:00,1097.37,1097.37,1097.12,1097.12,-0.02,22.04,23798.29,-1
2024-01-01,2024-01-01 13:30:00,1097.12,1097.12,1096.88,1096.88,-0.02,22.04,23798.29,-1
2024-01-01,2024-01-01 13:31:00,1096.88,1096.88,1096.63,1096.63,-0.02,22.04,23798.29,-1
2024-01-01,2024-01-01 13:32:00,1096.63,1096.63,1096.39,1096.39,-0.02,22.04,23798.29,-1
2024-01-01,2024-01-01 13:33:00,1096.39,1096.39,1096.14,1096.14,-0.02,22.04,23798.29,-1
2024-01-01,2024-01-01 13:34:00,1096.14,1096.14,1095.9,1095.9,-0.02,22.04,23798.29,-1
2024-01-01,2024-01-01 13:35:00,1095.9,1095.9,1095.65,1095.65,-0.02,22.04,23798.29,-1
2024-01-01,2024-01-01 13:36:00,1095.65,1095.65,1095.4,1095.4,-0.02,22.04,23798.29,-1
2024-01-01,2024-01-01 13:37:00,1095.4,1095.4,1095.16,1095.16,-0.02,22.04,23798.29,-1
2024-01-01,2024-01-01 13:38:00,1095.16,1095.16,1094.91,1094.91,-0.02,22.04,23798.29,-1
2024-01-01,2024-01-01 13:39:00,1094.91,1094.91,1094.67,1094.67,-0.02,22.04,23798.29,-1
2024-01-01,2024-01-01 13:40:00,1094.67,1094.67,1094.42,1094.42,-0.02,22.04,23798.29,-1
2024-01-01,2024-01-01 13:41:00,1094.42,1094.42,1094.17,1094.17,-0.02,22.04,23798.29,-1
2024-01-01,2024-01-01 13:42:00,1094.17,1094.17,1093.93,1093.93,-0.02,22.04,23798.29,-1
2024-01-01,2024-01-01 13:43:00,1093.93,1093.93,1093.68,1093.68,-0.02,22.04,23798.29,-1
2024-01-01,2024-01-01 13:44:00,1093.68,1093.68,1093.44,1093.44,-0.02,22.04,23798.29,-1
2024-01-01,2024-01-01 13:45:00,1093.44,1093.44,1093.19,1093.19,-0.02,22.04,23798.29,-1
2024-01-01,2024-01-01 13:46:00,1093.19,1093.19,1092.95,1092.95,-0.02,22.04,23798.29,-1
2024-01-01,2024-01-01 13:47:00,1092.95,1092.95,1092.7,1092.7,-0.02,22.04,23798.29,-1
2024-01-01,2024-01-01 13:48:00,1092.7,1092.7,1092.45,1092.45,-0.02,22.04,23798.29,-1
2024-01-01,2024-01-01 13:49:00,1092.45,1092.45,1092.21,1092.21,-0.02,22.04,23798.29,-1
2024-01-01,2024-01-01 13:50:00,1092.21,1092.21,1091.96,1091.96,-0.02,22.04,23798.29,-1
2024-01-01,2024-01-01 13:51:00,1091.96,1091.96,1091.72,1091.72,-0.02,22.04,23798.29,-1
2024-01-01,2024-01-01 13:52:00,1091.72,1091.72,1091.47,1091.47,-0.02,22.04,23798.29,-1
2024-01-01,2024-01-01 13:53:00,1091.47,1091.47,1091.22,1091.22,-0.02,22.04,23798.29,-1
2024-01-01,2024-01-01 13:54:00,1091.22,1091.22,1090.98,1090.98,-0.02,22.04,23798.29,-1
2024-01-01,2024-01-01 13:55:00,1090.98,1090.98,1090.73,1090.73,-0.02,22.04,23798.29,-1
2024-01-01,2024-01-01 13:56:00,1090.73,1090.73,1090.49,1090.49,-0.02,22.04,23798.29,-1
2024-01-01,2024-01-01 13:57:00,1090.49,1090.49,1090.24,1090.24,-0.02,22.04,23798.29,-1
2024-01-01,2024-01-01 13:58:00,1090.24,1090.24,1090.0,1090.0,-0.02,22.04,23798.29,-1
2024-01-01,2024-01-01 13:59:00,1090.0,1090.0,1089.75,1089.75,-0.02,22.04,23798.29,-1
2024-01-01,2024-01-01 14:00:00,1089.75,1089.75,1089.5,1089.5,-0.02,22.04,23798.29,-1
2024-01-01,2024-01-01 14:01:00,1089.5,1089.5,1089.26,1089.26,-0.02,22.04,23798.29,-1
2024-01-01,2024-01-01 14:02:00,1089.26,1089.26,1089.01,1089.01,-0.02,22.04,23798.29,-1
2024-01-01,2024-01-01 14:03:00,1089.01,1089.01,1088.77,1088.77,-0.02,22.04,23798.29,-1
2024-01-01,2024-01-01 14:04:00,1088.77,1088.77,1088.52,1088.52,-0.02,22.04,23798.29,-1
2024-01-01,2024-01-01 14:05:00,1088.52,1088.52,1088.28,1088.28,-0.02,22.04,23798.29,-1
2024-01-01,2024-01-01 14:06:00,1088.28,1088.28,1088.03,1088.03,-0.02,22.04,23798.29,-1
2024-01-01,2024-01-01 14:07:00,1088.03,1088.03,1087.78,1087.78,-0.02,22.04,23798.29,-1
2024-01-01,2024-01-01 14:08:00,1087.78,1087.78,1087.54,1087.54,-0.02,22.04,23798.29,-1
2024-01-01,2024-01-01 14:09:00,1087.54,1087.54,1087.29,1087.29,-0.02,22.04,23798.29,-1
2024-01-01,2024-01-01 14:10:00,1087.29,1087.29,1087.05,1087.05,-0.02,22.04,23798.29,-1
2024-01-01,2024-01-01 14:11:00,1087.05,1087.05,1086.8,1086.8,-0.02,22.04,23798.29,-1
2024-01-01,2024-01-01 14:12:00,1086.8,1086.8,1086.55,1086.55,-0.02,22.04,23798.29,-1
2024-01-01,2024-01-01 14:13:00,1086.55,1086.55,1086.31,1086.31,-0.02,22.04,23798.29,-1
2024-01-01,2024-01-01 14:14:00,1086.31,1086.31,1086.06,1086.06,-0.02,22.04,23798.29,-1
2024-01-01,2024-01-01 14:15:00,1086.06,1086.06,1085.82,1085.82,-0.02,22.04,23798.29,-1
2024-01-01,2024-01-01 14:16:00,1085.82,1085.82,1085.57,1085.57,-0.02,22.04,23798.29,-1
2024-01-01,2024-01-01 14:17:00,1085.57,1085.57,1085.33,1085.33,-0.02,22.04,23798.29,-1
2024-01-01,2024-01-01 14:18:00,1085.33,1085.33,1085.08,1085.08,-0.02,22.04,23798.29,-1
2024-01-01,2024-01-01 14:19:00,1085.08,1085.08,1084.83,1084.83,-0.02,22.04,23798.29,-1
2024-01-01,2024-01-01 14:20:00,1084.83,1084.83,1084.59,1084.59,-0.02,22.04,23798.29,-1
2024-01-01,2024-01-01 14:21:00,1084.59,1084.59,1084.34,1084.34,-0.02,22.04,23798.29,-1
2024-01-01,2024-01-01 14:22:00,1084.34,1084.34,1084.1,1084.1,-0.02,22.04,23798.29,-1
2024-01-01,2024-01-01 14:23:00,1084.1,1084.1,1083.85,1083.85,-0.02,22.04,23798.29,-1
2024-01-01,2024-01-01 14:24:00,1083.85,1083.85,1083.6,1083.6,-0.02,22.04,23798.29,-1
2024-01-01,2024-01-01 14:25:00,1083.6,1083.6,1083.36,1083.36,-0.02,22.04,23798.29,-1
2024-01-01,2024-01-01 14:26:00,1083.36,1083.36,1083.11,1083.11,-0.02,22.04,23798.29,-1
2024-01-01,2024-01-01 14:27:00,1083.11,1083.11,1082.87,1082.87,-0.02,22.04,23798.29,-1
2024-01-01,2024-01-01 14:28:00,1082.87,1082.87,1082.62,1082.62,-0.02,22.04,23798.29,-1
2024-01-01,2024-01-01 14:29:00,1082.62,1082.62,1082.38,1082.38,-0.02,22.04,23798.29,-1
2024-01-01,2024-01-01 14:30:00,1082.38,1082.38,1082.13,1082.13,-0.02,22.04,23798.29,-1
2024-01-01,2024-01-01 14:31:00,1082.13,1082.13,1081.88,1081.88,-0.02,22.04,23798.29,-1
2024-01-01,2024-01-01 14:32:00,1081.88,1081.88,1081.64,1081.64,-0.02,22.04,23798.29,-1
2024-01-01,2024-01-01 14:33:00,1081.64,1081.64,1081.39,1081.39,-0.02,22.04,23798.29,-1
2024-01-01,2024-01-01 14:34:00,1081.39,1081.39,1081.15,1081.15,-0.02,22.04,23798.29,-1
2024-01-01,2024-01-01 14:35:00,1081.15,1081.15,1080.9,1080.9,-0.02,22.04,23798.29,-1
2024-01-01,2024-01-01 14:36:00,1080.9,1080.9,1080.65,1080.65,-0.02,22.04,23798.29,-1
2024-01-01,2024-01-01 14:37:00,1080.65,1080.65,1080.41,1080.41,-0.02,22.04,23798.29,-1
2024-01-01,2024-01-01 14:38:00,1080.41,1080.41,1080.16,1080.16,-0.02,22.04,23798.29,-1
2024-01-01,2024-01-01 14:39:00,1080.16,1080.16,1079.92,1079.92,-0.02,22.04,23798.29,-1
2024-01-01,2024-01-01 14:40:00,1079.92,1079.92,1079.67,1079.67,-0.02,22.04,23798.29,-1
2024-01-01,2024-01-01 14:41:00,1079.67,1079.67,1079.42,1079.42,-0.02,22.04,23798.29,-1
2024-01-01,2024-01-01 14:42:00,1079.42,1079.42,1079.18,1079.18,-0.02,22.04,23798.29,-1
2024-01-01,2024-01-01 14:43:00,1079.18,1079.18,1078.93,1078.93,-0.02,22.04,23798.29,-1
2024-01-01,2024-01-01 14:44:00,1078.93,1078.93,1078.69,1078.69,-0.02,22.04,23798.29,-1
2024-01-01,2024-01-01 14:45:00,1078.69,1078.69,1078.44,1078.44,-0.02,22.04,23798.29,-1
2024-01-01,2024-01-01 14:46:00,1078.44,1078.44,1078.2,1078.2,-0.02,22.04,23798.29,-1
2024-01-01,2024-01-01 14:47:00,1078.2,1078.2,1077.95,1077.95,-0.02,22.04,23798.29,-1
2024-01-01,2024-01-01 14:48:00,1077.95,1077.95,1077.7,1077.7,-0.02,22.04,23798.29,-1
2024-01-01,2024-01-01 14:49:00,1077.7,1077.7,1077.46,1077.46,-0.02,22.04,23798.29,-1
2024-01-01,2024-01-01 14:50:00,1077.46,1077.46,1077.21,1077.21,-0.02,22.04,23798.29,-1
2024-01-01,2024-01-01 14:51:00,1077.21,1077.21,1076.97,1076.97,-0.02,22.04,23798.29,-1
2024-01-01,2024-01-01 14:52:00,1076.97,1076.97,1076.72,1076.72,-0.02,22.04,23798.29,-1
2024-01-01,2024-01-01 14:53:00,1076.72,1076.72,1076.47,1076.47,-0.02,22.04,23798.29,-1
2024-01-01,2024-01-01 14:54:00,1076.47,1076.47,1076.23,1076.23,-0.02,22.04,23798.29,-1
2024-01-01,2024-01-01 14:55:00,1076.23,1076.23,1075.98,1075.98,-0.02,22.04,23798.29,-1
2024-01-01,2024-01-01 14:56:00,1075.98,1075.98,1075.74,1075.74,-0.02,22.04,23798.29,-1
2024-01-01,2024-01-01 14:57:00,1075.74,1075.74,1075.49,1075.49,-0.02,22.04,23798.29,-1
2024-01-01,2024-01-01 14:58:00,1075.49,1075.49,1075.25,1075.25,-0.02,22.04,23798.29,-1
2024-01-01,2024-01-01 14:59:00,1075.25,1075.25,1075.0,1075.0,-0.02,22.04,23798.29,-1
2024-01-01,2024-01-01 15:00:00,1075.0,1134.0,1031.0,1075.0,0.0,22.04,23798.29,0
2024-01-02,2024-01-02 11:00:00,1092.0,1093.2,1073.4,1091.8,-0.02,20.1,21089.73,-1
2024-01-02,2024-01-02 11:01:00,1091.8,1091.8,1091.59,1091.59,-0.02,20.1,21089.73,-1
2024-01-02,2024-01-02 11:02:00,1091.59,1091.59,1091.39,1091.39,-0.02,20.1,21089.73,-1
2024-01-02,2024-01-02 11:03:00,1091.39,1091.39,1091.18,1091.18,-0.02,20.1,21089.73,-1
2024-01-02,2024-01-02 11:04:00,1091.18,1091.18,1090.98,1090.98,-0.02,20.1,21089.73,-1
2024-01-02,2024-01-02 11:05:00,1090.98,1090.98,1090.78,1090.78,-0.02,20.1,21089.73,-1
2024-01-02,2024-01-02 11:06:00,1090.78,1090.78,1090.57,1090.57,-0.02,20.1,21089.73,-1
2024-01-02,2024-01-02 11:07:00,1090.57,1090.57,1090.37,1090.37,-0.02,20.1,21089.73,-1
2024-01-02,2024-01-02 11:08:00,1090.37,1090.37,1090.17,1090.17,-0.02,20.1,21089.73,-1
2024-01-02,2024-01-02 11:09:00,1090.17,1090.17,1089.96,1089.96,-0.02,20.1,21089.73,-1
2024-01-02,2024-01-02 11:10:00,1089.96,1089.96,1089.76,1089.76,-0.02,20.1,21089.73,-1
2024-01-02,2024-01-02 11:11:00,1089.76,1089.76,1089.56,1089.56,-0.02,20.1,21089.73,-1
2024-01-02,2024-01-02 11:12:00,1089.56,1089.56,1089.35,1089.35,-0.02,20.1,21089.73,-1
2024-01-02,2024-01-02 11:13:00,1089.35,1089.35,1089.15,1089.15,-0.02,20.1,21089.73,-1
2024-01-02,2024-01-02 11:14:00,1089.15,1089.15,1088.94,1088.94,-0.02,20.1,21089.73,-1
2024-01-02,2024-01-02 11:15:00,1088.94,1088.94,1088.74,1088.74,-0.02,20.1,21089.73,-1
2024-01-02,2024-01-02 11:16:00,1088.74,1088.74,1088.54,1088.54,-0.02,20.1,21089.73,-1
2024-01-02,2024-01-02 11:17:00,1088.54,1088.54,1088.33,1088.33,-0.02,20.1,21089.73,-1
2024-01-02,2024-01-02 11:18:00,1088.33,1088.33,1088.13,1088.13,-0.02,20.1,21089.73,-1
2024-01-02,2024-01-02 11:19:00,1088.13,1088.13,1087.92,1087.92,-0.02,20.1,21089.73,-1
2024-01-02,2024-01-02 11:20:00,1087.92,1087.92,1087.72,1087.72,-0.02,20.1,21089.73,-1
2024-01-02,2024-01-02 11:21:00,1087.72,1087.72,1087.52,1087.52,-0.02,20.1,21089.73,-1
2024-01-02,2024-01-02 11:22:00,1087.52,1087.52,1087.31,1087.31,-0.02,20.1,21089.73,-1
2024-01-02,2024-01-02 11:23:00,1087.31,1087.31,1087.11,1087.11,-0.02,20.1,21089.73,-1
2024-01-02,2024-01-02 11:24:00,1087.11,1087.11,1086.91,1086.91,-0.02,20.1,21089.73,-1
2024-01-02,2024-01-02 11:25:00,1086.91,1086.91,1086.7,1086.7,-0.02,20.1,21089.73,-1
2024-01-02,2024-01-02 11:26:00,1086.7,1086.7,1086.5,1086.5,-0.02,20.1,21089.73,-1
2024-01-02,2024-01-02 11:27:00,1086.5,1086.5,1086.3,1086.3,-0.02,20.1,21089.73,-1
2024-01-02,2024-01-02 11:28:00,1086.3,1086.3,1086.09,1086.09,-0.02,20.1,21089.73,-1
2024-01-02,2024-01-02 11:29:00,1086.09,1086.09,1085.89,1085.89,-0.02,20.1,21089.73,-1
2024-01-02,2024-01-02 11:30:00,1085.89,1085.89,1085.68,1085.68,-0.02,20.1,21089.73,-1
2024-01-02,2024-01-02 11:31:00,1085.68,1085.68,1085.48,1085.48,-0.02,20.1,21089.73,-1
2024-01-02,2024-01-02 11:32:00,1085.48,1085.48,1085.28,1085.28,-0.02,20.1,21089.73,-1
2024-01-02,2024-01-02 11:33:00,1085.28,1085.28,1085.07,1085.07,-0.02,20.1,21089.73,-1
2024-01-02,2024-01-02 11:34:00,1085.07,1085.07,1084.87,1084.87,-0.02,20.1,21089.73,-1
2024-01-02,2024-01-02 11:35:00,1084.87,1084.87,1084.66,1084.66,-0.02,20.1,21089.73,-1
2024-01-02,2024-01-02 11:36:00,1084.66,1084.66,1084.46,1084.46,-0.02,20.1,21089.73,-1
2024-01-02,2024-01-02 11:37:00,1084.46,1084.46,1084.26,1084.26,-0.02,20.1,21089.73,-1
2024-01-02,2024-01-02 11:38:00,1084.26,1084.26,1084.05,1084.05,-0.02,20.1,21089.73,-1
2024-01-02,2024-01-02 11:39:00,1084.05,1084.05,1083.85,1083.85,-0.02,20.1,21089.73,-1
2024-01-02,2024-01-02 11:40:00,1083.85,1083.85,1083.65,1083.65,-0.02,20.1,21089.73,-1
2024-01-02,2024-01-02 11:41:00,1083.65,1083.65,1083.44,1083.44,-0.02,20.1,21089.73,-1
2024-01-02,2024-01-02 11:42:00,1083.44,1083.44,1083.24,1083.24,-0.02,20.1,21089.73,-1
2024-01-02,2024-01-02 11:43:00,1083.24,1083.24,1083.04,1083.04,-0.02,20.1,21089.73,-1
2024-01-02,2024-01-02 11:44:00,1083.04,1083.04,1082.83,1082.83,-0.02,20.1,21089.73,-1
2024-01-02,2024-01-02 11:45:00,1082.83,1082.83,1082.63,1082.63,-0.02,20.1,21089.73,-1
2024-01-02,2024-01-02 11:46:00,1082.63,1082.63,1082.42,1082.42,-0.02,20.1,21089.73,-1
2024-01-02,2024-01-02 11:47:00,1082.42,1082.42,1082.22,1082.22,-0.02,20.1,21089.73,-1
2024-01-02,2024-01-02 11:48:00,1082.22,1082.22,1082.02,1082.02,-0.02,20.1,21089.73,-1
2024-01-02,2024-01-02 11:49:00,1082.02,1082.02,1081.81,1081.81,-0.02,20.1,21089.73,-1
2024-01-02,2024-01-02 11:50:00,1081.81,1081.81,1081.61,1081.61,-0.02,20.1,21089.73,-1
2024-01-02,2024-01-02 11:51:00,1081.61,1081.61,1081.4,1081.4,-0.02,20.1,21089.73,-1
2024-01-02,2024-01-02 11:52:00,1081.4,1081.4,1081.2,1081.2,-0.02,20.1,21089.73,-1
2024-01-02,2024-01-02 11:53:00,1081.2,1081.2,1081.0,1081.0,-0.02,20.1,21089.73,-1
2024-01-02,2024-01-02 11:54:00,1081.0,1081.0,1080.79,1080.79,-0.02,20.1,21089.73,-1
2024-01-02,2024-01-02 11:55:00,1080.79,1080.79,1080.59,1080.59,-0.02,20.1,21089.73,-1
2024-01-02,2024-01-02 11:56:00,1080.59,1080.59,1080.39,1080.39,-0.02,20.1,21089.73,-1
2024-01-02,2024-01-02 11:57:00,1080.39,1080.39,1080.18,1080.18,-0.02,20.1,21089.73,-1
2024-01-02,2024-01-02 11:58:00,1080.18,1080.18,1079.98,1079.98,-0.02,20.1,21089.73,-1
2024-01-02,2024-01-02 11:59:00,1079.98,1079.98,1079.78,1079.78,-0.02,20.1,21089.73,-1
2024-01-02,2024-01-02 12:00:00,1079.78,1079.78,1079.57,1079.57,-0.02,20.1,21089.73,-1
2024-01-02,2024-01-02 12:01:00,1079.57,1079.57,1079.37,1079.37,-0.02,20.1,21089.73,-1
2024-01-02,2024-01-02 12:02:00,1079.37,1079.37,1079.16,1079.16,-0.02,20.1,21089.73,-1
2024-01-02,2024-01-02 12:03:00,1079.16,1079.16,1078.96,1078.96,-0.02,20.1,21089.73,-1
2024-01-02,2024-01-02 12:04:00,1078.96,1078.96,1078.76,1078.76,-0.02,20.1,21089.73,-1
2024-01-02,2024-01-02 12:05:00,1078.76,1078.76,1078.55,1078.55,-0.02,20.1,21089.73,-1
2024-01-02,2024-01-02 12:06:00,1078.55,1078.55,1078.35,1078.35,-0.02,20.1,21089.73,-1
2024-01-02,2024-01-02 12:07:00,1078.35,1078.35,1078.14,1078.14,-0.02,20.1,21089.73,-1
2024-01-02,2024-01-02 12:08:00,1078.14,1078.14,1077.94,1077.94,-0.02,20.1,21089.73,-1
2024-01-02,2024-01-02 12:09:00,1077.94,1077.94,1077.74,1077.74,-0.02,20.1,21089.73,-1
2024-01-02,2024-01-02 12:10:00,1077.74,1077.74,1077.53,1077.53,-0.02,20.1,21089.73,-1
2024-01-02,2024-01-02 12:11:00,1077.53,1077.53,1077.33,1077.33,-0.02,20.1,21089.73,-1
2024-01-02,2024-01-02 12:12:00,1077.33,1077.33,1077.13,1077.13,-0.02,20.1,21089.73,-1
2024-01-02,2024-01-02 12:13:00,1077.13,1077.13,1076.92,1076.92,-0.02,20.1,21089.73,-1
2024-01-02,2024-01-02 12:14:00,1076.92,1076.92,1076.72,1076.72,-0.02,20.1,21089.73,-1
2024-01-02,2024-01-02 12:15:00,1076.72,1076.72,1076.51,1076.51,-0.02,20.1,21089.73,-1
2024-01-02,2024-01-02 12:16:00,1076.51,1076.51,1076.31,1076.31,-0.02,20.1,21089.73,-1
2024-01-02,2024-01-02 12:17:00,1076.31,1076.31,1076.11,1076.11,-0.02,20.1,21089.73,-1
2024-01-02,2024-01-02 12:18:00,1076.11,1076.11,1075.9,1075.9,-0.02,20.1,21089.73,-1
2024-01-02,2024-01-02 12:19:00,1075.9,1075.9,1075.7,1075.7,-0.02,20.1,21089.73,-1
2024-01-02,2024-01-02 12:20:00,1075.7,1075.7,1075.5,1075.5,-0.02,20.1,21089.73,-1
2024-01-02,2024-01-02 12:21:00,1075.5,1075.5,1075.29,1075.29,-0.02,20.1,21089.73,-1
2024-01-02,2024-01-02 12:22:00,1075.29,1075.29,1075.09,1075.09,-0.02,20.1,21089.73,-1
2024-01-02,2024-01-02 12:23:00,1075.09,1075.09,1074.88,1074.88,-0.02,20.1,21089.73,-1
2024-01-02,2024-01-02 12:24:00,1074.88,1074.88,1074.68,1074.68,-0.02,20.1,21089.73,-1
2024-01-02,2024-01-02 12:25:00,1074.68,1074.68,1074.48,1074.48,-0.02,20.1,21089.73,-1
2024-01-02,2024-01-02 12:26:00,1074.48,1074.48,1074.27,1074.27,-0.02,20.1,21089.73,-1
2024-01-02,2024-01-02 12:27:00,1074.27,1074.27,1074.07,1074.07,-0.02,20.1,21089.73,-1
2024-01-02,2024-01-02 12:28:00,1074.07,1074.07,1073.87,1073.87,-0.02,20.1,21089.73,-1
2024-01-02,2024-01-02 12:29:00,1073.87,1073.87,1073.66,1073.66,-0.02,20.1,21089.73,-1
2024-01-02,2024-01-02 12:30:00,1073.66,1073.66,1073.46,1073.46,-0.02,20.1,21089.73,-1
2024-01-02,2024-01-02 12:31:00,1073.46,1073.46,1073.25,1073.25,-0.02,20.1,21089.73,-1
2024-01-02,2024-01-02 12:32:00,1073.25,1073.25,1073.05,1073.05,-0.02,20.1,21089.73,-1
2024-01-02,2024-01-02 12:33:00,1073.05,1073.05,1072.85,1072.85,-0.02,20.1,21089.73,-1
2024-01-02,2024-01-02 12:34:00,1072.85,1072.85,1072.64,1072.64,-0.02,20.1,21089.73,-1
2024-01-02,2024-01-02 12:35:00,1072.64,1072.64,1072.44,1072.44,-0.02,20.1,21089.73,-1
2024-01-02,2024-01-02 12:36:00,1072.44,1072.44,1072.24,1072.24,-0.02,20.1,21089.73,-1
2024-01-02,2024-01-02 12:37:00,1072.24,1072.24,1072.03,1072.03,-0.02,20.1,21089.73,-1
2024-01-02,2024-01-02 12:38:00,1072.03,1072.03,1071.83,1071.83,-0.02,20.1,21089.73,-1
2024-01-02,2024-01-02 12:39:00,1071.83,1071.83,1071.62,1071.62,-0.02,20.1,21089.73,-1
2024-01-02,2024-01-02 12:40:00,1071.62,1071.62,1071.42,1071.42,-0.02,20.1,21089.73,-1
2024-01-02,2024-01-02 12:41:00,1071.42,1071.42,1071.22,1071.22,-0.02,20.1,21089.73,-1
2024-01-02,2024-01-02 12:42:00,1071.22,1071.22,1071.01,1071.01,-0.02,20.1,21089.73,-1
2024-01-02,2024-01-02 12:43:00,1071.01,1071.01,1070.81,1070.81,-0.02,20.1,21089.73,-1
2024-01-02,2024-01-02 12:44:00,1070.81,1070.81,1070.61,1070.61,-0.02,20.1,21089.73,-1
2024-01-02,2024-01-02 12:45:00,1070.61,1070.61,1070.4,1070.4,-0.02,20.1,21089.73,-1
2024-01-02,2024-01-02 12:46:00,1070.4,1070.4,1070.2,1070.2,-0.02,20.1,21089.73,-1
2024-01-02,2024-01-02 12:47:00,1070.2,1070.2,1069.99,1069.99,-0.02,20.1,21089.73,-1
2024-01-02,2024-01-02 12:48:00,1069.99,1069.99,1069.79,1069.79,-0.02,20.1,21089.73,-1
2024-01-02,2024-01-02 12:49:00,1069.79,1069.79,1069.59,1069.59,-0.02,20.1,21089.73,-1
2024-01-02,2024-01-02 12:50:00,1069.59,1069.59,1069.38,1069.38,-0.02,20.1,21089.73,-1
2024-01-02,2024-01-02 12:51:00,1069.38,1069.38,1069.18,1069.18,-0.02,20.1,21089.73,-1
2024-01-02,2024-01-02 12:52:00,1069.18,1069.18,1068.98,1068.98,-0.02,20.1,21089.73,-1
2024-01-02,2024-01-02 12:53:00,1068.98,1068.98,1068.77,1068.77,-0.02,20.1,21089.73,-1
2024-01-02,2024-01-02 12:54:00,1068.77,1068.77,1068.57,1068.57,-0.02,20.1,21089.73,-1
2024-01-02,2024-01-02 12:55:00,1068.57,1068.57,1068.37,1068.37,-0.02,20.1,21089.73,-1
2024-01-02,2024-01-02 12:56:00,1068.37,1068.37,1068.16,1068.16,-0.02,20.1,21089.73,-1
2024-01-02,2024-01-02 12:57:00,1068.16,1068.16,1067.96,1067.96,-0.02,20.1,21089.73,-1
2024-01-02,2024-01-02 12:58:00,1067.96,1067.96,1067.75,1067.75,-0.02,20.1,21089.73,-1
2024-01-02,2024-01-02 12:59:00,1067.75,1067.75,1067.55,1067.55,-0.02,20.1,21089.73,-1
2024-01-02,2024-01-02 13:00:00,1067.55,1096.0,1030.0,1067.35,-0.02,20.1,21089.73,-1
2024-01-02,2024-01-02 13:01:00,1067.35,1067.35,1067.14,1067.14,-0.02,20.1,21089.73,-1
2024-01-02,2024-01-02 13:02:00,1067.14,1067.14,1066.94,1066.94,-0.02,20.1,21089.73,-1
2024-01-02,2024-01-02 13:03:00,1066.94,1066.94,1066.73,1066.73,-0.02,20.1,21089.73,-1
2024-01-02,2024-01-02 13:04:00,1066.73,1066.73,1066.53,1066.53,-0.02,20.1,21089.73,-1
2024-01-02,2024-01-02 13:05:00,1066.53,1066.53,1066.33,1066.33,-0.02,20.1,21089.73,-1
2024-01-02,2024-01-02 13:06:00,1066.33,1066.33,1066.12,1066.12,-0.02,20.1,21089.73,-1
2024-01-02,2024-01-02 13:07:00,1066.12,1066.12,1065.92,1065.92,-0.02,20.1,21089.73,-1
2024-01-02,2024-01-02 13:08:00,1065.92,1065.92,1065.72,1065.72,-0.02,20.1,21089.73,-1
2024-01-02,2024-01-02 13:09:00,1065.72,1065.72,1065.51,1065.51,-0.02,20.1,21089.73,-1
2024-01-02,2024-01-02 13:10:00,1065.51,1065.51,1065.31,1065.31,-0.02,20.1,21089.73,-1
2024-01-02,2024-01-02 13:11:00,1065.31,1065.31,1065.11,1065.11,-0.02,20.1,21089.73,-1
2024-01-02,2024-01-02 13:12:00,1065.11,1065.11,1064.9,1064.9,-0.02,20.1,21089.73,-1
2024-01-02,2024-01-02 13:13:00,1064.9,1064.9,1064.7,1064.7,-0.02,20.1,21089.73,-1
2024-01-02,2024-01-02 13:14:00,1064.7,1064.7,1064.49,1064.49,-0.02,20.1,21089.73,-1
2024-01-02,2024-01-02 13:15:00,1064.49,1064.49,1064.29,1064.29,-0.02,20.1,21089.73,-1
2024-01-02,2024-01-02 13:16:00,1064.29,1064.29,1064.09,1064.09,-0.02,20.1,21089.73,-1
2024-01-02,2024-01-02 13:17:00,1064.09,1064.09,1063.88,1063.88,-0.02,20.1,21089.73,-1
2024-01-02,2024-01-02 13:18:00,1063.88,1063.88,1063.68,1063.68,-0.02,20.1,21089.73,-1
2024-01-02,2024-01-02 13:19:00,1063.68,1063.68,1063.47,1063.47,-0.02,20.1,21089.73,-1
2024-01-02,2024-01-02 13:20:00,1063.47,1063.47,1063.27,1063.27,-0.02,20.1,21089.73,-1
2024-01-02,2024-01-02 13:21:00,1063.27,1063.27,1063.07,1063.07,-0.02,20.1,21089.73,-1
2024-01-02,2024-01-02 13:22:00,1063.07,1063.07,1062.86,1062.86,-0.02,20.1,21089.73,-1
2024-01-02,2024-01-02 13:23:00,1062.86,1062.86,1062.66,1062.66,-0.02,20.1,21089.73,-1
2024-01-02,2024-01-02 13:24:00,1062.66,1062.66,1062.46,1062.46,-0.02,20.1,21089.73,-1
2024-01-02,2024-01-02 13:25:00,1062.46,1062.46,1062.25,1062.25,-0.02,20.1,21089.73,-1
2024-01-02,2024-01-02 13:26:00,1062.25,1062.25,1062.05,1062.05,-0.02,20.1,21089.73,-1
2024-01-02,2024-01-02 13:27:00,1062.05,1062.05,1061.85,1061.85,-0.02,20.1,21089.73,-1
2024-01-02,2024-01-02 13:28:00,1061.85,1061.85,1061.64,1061.64,-0.02,20.1,21089.73,-1
2024-01-02,2024-01-02 13:29:00,1061.64,1061.64,1061.44,1061.44,-0.02,20.1,21089.73,-1
2024-01-02,2024-01-02 13:30:00,1061.44,1061.44,1061.23,1061.23,-0.02,20.1,21089.73,-1
2024-01-02,2024-01-02 13:31:00,1061.23,1061.23,1061.03,1061.03,-0.02,20.1,21089.73,-1
2024-01-02,2024-01-02 13:32:00,1061.03,1061.03,1060.83,1060.83,-0.02,20.1,21089.73,-1
2024-01-02,2024-01-02 13:33:00,1060.83,1060.83,1060.62,1060.62,-0.02,20.1,21089.73,-1
2024-01-02,2024-01-02 13:34:00,1060.62,1060.62,1060.42,1060.42,-0.02,20.1,21089.73,-1
2024-01-02,2024-01-02 13:35:00,1060.42,1060.42,1060.21,1060.21,-0.02,20.1,21089.73,-1
2024-01-02,2024-01-02 13:36:00,1060.21,1060.21,1060.01,1060.01,-0.02,20.1,21089.73,-1
2024-01-02,2024-01-02 13:37:00,1060.01,1060.01,1059.81,1059.81,-0.02,20.1,21089.73,-1
2024-01-02,2024-01-02 13:38:00,1059.81,1059.81,1059.6,1059.6,-0.02,20.1,21089.73,-1
2024-01-02,2024-01-02 13:39:00,1059.6,1059.6,1059.4,1059.4,-0.02,20.1,21089.73,-1
2024-01-02,2024-01-02 13:40:00,1059.4,1059.4,1059.2,1059.2,-0.02,20.1,21089.73,-1
2024-01-02,2024-01-02 13:41:00,1059.2,1059.2,1058.99,1058.99,-0.02,20.1,21089.73,-1
2024-01-02,2024-01-02 13:42:00,1058.99,1058.99,1058.79,1058.79,-0.02,20.1,21089.73,-1
2024-01-02,2024-01-02 13:43:00,1058.79,1058.79,1058.59,1058.59,-0.02,20.1,21089.73,-1
2024-01-02,2024-01-02 13:44:00,1058.59,1058.59,1058.38,1058.38,-0.02,20.1,21089.73,-1
2024-01-02,2024-01-02 13:45:00,1058.38,1058.38,1058.18,1058.18,-0.02,20.1,21089.73,-1
2024-01-02,2024-01-02 13:46:00,1058.18,1058.18,1057.97,1057.97,-0.02,20.1,21089.73,-1
2024-01-02,2024-01-02 13:47:00,1057.97,1057.97,1057.77,1057.77,-0.02,20.1,21089.73,-1
2024-01-02,2024-01-02 13:48:00,1057.77,1057.77,1057.57,1057.57,-0.02,20.1,21089.73,-1
2024-01-02,2024-01-02 13:49:00,1057.57,1057.57,1057.36,1057.36,-0.02,20.1,21089.73,-1
2024-01-02,2024-01-02 13:50:00,1057.36,1057.36,1057.16,1057.16,-0.02,20.1,21089.73,-1
2024-01-02,2024-01-02 13:51:00,1057.16,1057.16,1056.95,1056.95,-0.02,20.1,21089.73,-1
2024-01-02,2024-01-02 13:52:00,1056.95,1056.95,1056.75,1056.75,-0.02,20.1,21089.73,-1
2024-01-02,2024-01-02 13:53:00,1056.75,1056.75,1056.55,1056.55,-0.02,20.1,21089.73,-1
2024-01-02,2024-01-02 13:54:00,1056.55,1056.55,1056.34,1056.34,-0.02,20.1,21089.73,-1
2024-01-02,2024-01-02 13:55:00,1056.34,1056.34,1056.14,1056.14,-0.02,20.1,21089.73,-1
2024-01-02,2024-01-02 13:56:00,1056.14,1056.14,1055.94,1055.94,-0.02,20.1,21089.73,-1
2024-01-02,2024-01-02 13:57:00,1055.94,1055.94,1055.73,1055.73,-0.02,20.1,21089.73,-1
2024-01-02,2024-01-02 13:58:00,1055.73,1055.73,1055.53,1055.53,-0.02,20.1,21089.73,-1
2024-01-02,2024-01-02 13:59:00,1055.53,1055.53,1055.32,1055.32,-0.02,20.1,21089.73,-1
2024-01-02,2024-01-02 14:00:00,1055.32,1055.32,1055.12,1055.12,-0.02,20.1,21089.73,-1
2024-01-02,2024-01-02 14:01:00,1055.12,1055.12,1054.92,1054.92,-0.02,20.1,21089.73,-1
2024-01-02,2024-01-02 14:02:00,1054.92,1054.92,1054.71,1054.71,-0.02,20.1,21089.73,-1
2024-01-02,2024-01-02 14:03:00,1054.71,1054.71,1054.51,1054.51,-0.02,20.1,21089.73,-1
2024-01-02,2024-01-02 14:04:00,1054.51,1054.51,1054.31,1054.31,-0.02,20.1,21089.73,-1
2024-01-02,2024-01-02 14:05:00,1054.31,1054.31,1054.1,1054.1,-0.02,20.1,21089.73,-1
2024-01-02,2024-01-02 14:06:00,1054.1,1054.1,1053.9,1053.9,-0.02,20.1,21089.73,-1
2024-01-02,2024-01-02 14:07:00,1053.9,1053.9,1053.69,1053.69,-0.02,20.1,21089.73,-1
2024-01-02,2024-01-02 14:08:00,1053.69,1053.69,1053.49,1053.49,-0.02,20.1,21089.73,-1
2024-01-02,2024-01-02 14:09:00,1053.49,1053.49,1053.29,1053.29,-0.02,20.1,21089.73,-1
2024-01-02,2024-01-02 14:10:00,1053.29,1053.29,1053.08,1053.08,-0.02,20.1,21089.73,-1
2024-01-02,2024-01-02 14:11:00,1053.08,1053.08,1052.88,1052.88,-0.02,20.1,21089.73,-1
2024-01-02,2024-01-02 14:12:00,1052.88,1052.88,1052.68,1052.68,-0.02,20.1,21089.73,-1
2024-01-02,2024-01-02 14:13:00,1052.68,1052.68,1052.47,1052.47,-0.02,20.1,21089.73,-1
2024-01-02,2024-01-02 14:14:00,1052.47,1052.47,1052.27,1052.27,-0.02,20.1,21089.73,-1
2024-01-02,2024-01-02 14:15:00,1052.27,1052.27,1052.06,1052.06,-0.02,20.1,21089.73,-1
2024-01-02,2024-01-02 14:16:00,1052.06,1052.06,1051.86,1051.86,-0.02,20.1,21089.73,-1
2024-01-02,2024-01-02 14:17:00,1051.86,1051.86,1051.66,1051.66,-0.02,20.1,21089.73,-1
2024-01-02,2024-01-02 14:18:00,1051.66,1051.66,1051.45,1051.45,-0.02,20.1,21089.73,-1
2024-01-02,2024-01-02 14:19:00,1051.45,1051.45,1051.25,1051.25,-0.02,20.1,21089.73,-1
2024-01-02,2024-01-02 14:20:00,1051.25,1051.25,1051.05,1051.05,-0.02,20.1,21089.73,-1
2024-01-02,2024-01-02 14:21:00,1051.05,1051.05,1050.84,1050.84,-0.02,20.1,21089.73,-1
2024-01-02,2024-01-02 14:22:00,1050.84,1050.84,1050.64,1050.64,-0.02,20.1,21089.73,-1
2024-01-02,2024-01-02 14:23:00,1050.64,1050.64,1050.43,1050.43,-0.02,20.1,21089.73,-1
2024-01-02,2024-01-02 14:24:00,1050.43,1050.43,1050.23,1050.23,-0.02,20.1,21089.73,-1
2024-01-02,2024-01-02 14:25:00,1050.23,1050.23,1050.03,1050.03,-0.02,20.1,21089.73,-1
2024-01-02,2024-01-02 14:26:00,1050.03,1050.03,1049.82,1049.82,-0.02,20.1,21089.73,-1
2024-01-02,2024-01-02 14:27:00,1049.82,1049.82,1049.62,1049.62,-0.02,20.1,21089.73,-1
2024-01-02,2024-01-02 14:28:00,1049.62,1049.62,1049.42,1049.42,-0.02,20.1,21089.73,-1
2024-01-02,2024-01-02 14:29:00,1049.42,1049.42,1049.21,1049.21,-0.02,20.1,21089.73,-1
2024-01-02,2024-01-02 14:30:00,1049.21,1049.21,1049.01,1049.01,-0.02,20.1,21089.73,-1
2024-01-02,2024-01-02 14:31:00,1049.01,1049.01,1048.8,1048.8,-0.02,20.1,21089.73,-1
2024-01-02,2024-01-02 14:32:00,1048.8,1048.8,1048.6,1048.6,-0.02,20.1,21089.73,-1
2024-01-02,2024-01-02 14:33:00,1048.6,1048.6,1048.4,1048.4,-0.02,20.1,21089.73,-1
2024-01-02,2024-01-02 14:34:00,1048.4,1048.4,1048.19,1048.19,-0.02,20.1,21089.73,-1
2024-01-02,2024-01-02 14:35:00,1048.19,1048.19,1047.99,1047.99,-0.02,20.1,21089.73,-1
2024-01-02,2024-01-02 14:36:00,1047.99,1047.99,1047.79,1047.79,-0.02,20.1,21089.73,-1
2024-01-02,2024-01-02 14:37:00,1047.79,1047.79,1047.58,1047.58,-0.02,20.1,21089.73,-1
2024-01-02,2024-01-02 14:38:00,1047.58,1047.58,1047.38,1047.38,-0.02,20.1,21089.73,-1
2024-01-02,2024-01-02 14:39:00,1047.38,1047.38,1047.17,1047.17,-0.02,20.1,21089.73,-1
2024-01-02,2024-01-02 14:40:00,1047.17,1047.17,1046.97,1046.97,-0.02,20.1,21089.73,-1
2024-01-02,2024-01-02 14:41:00,1046.97,1046.97,1046.77,1046.77,-0.02,20.1,21089.73,-1
2024-01-02,2024-01-02 14:42:00,1046.77,1046.77,1046.56,1046.56,-0.02,20.1,21089.73,-1
2024-01-02,2024-01-02 14:43:00,1046.56,1046.56,1046.36,1046.36,-0.02,20.1,21089.73,-1
2024-01-02,2024-01-02 14:44:00,1046.36,1046.36,1046.16,1046.16,-0.02,20.1,21089.73,-1
2024-01-02,2024-01-02 14:45:00,1046.16,1046.16,1045.95,1045.95,-0.02,20.1,21089.73,-1
2024-01-02,2024-01-02 14:46:00,1045.95,1045.95,1045.75,1045.75,-0.02,20.1,21089.73,-1
2024-01-02,2024-01-02 14:47:00,1045.75,1045.75,1045.54,1045.54,-0.02,20.1,21089.73,-1
2024-01-02,2024-01-02 14:48:00,1045.54,1045.54,1045.34,1045.34,-0.02,20.1,21089.73,-1
2024-01-02,2024-01-02 14:49:00,1045.34,1045.34,1045.14,1045.14,-0.02,20.1,21089.73,-1
2024-01-02,2024-01-02 14:50:00,1045.14,1045.14,1044.93,1044.93,-0.02,20.1,21089.73,-1
2024-01-02,2024-01-02 14:51:00,1044.93,1044.93,1044.73,1044.73,-0.02,20.1,21089.73,-1
2024-01-02,2024-01-02 14:52:00,1044.73,1044.73,1044.53,1044.53,-0.02,20.1,21089.73,-1
2024-01-02,2024-01-02 14:53:00,1044.53,1044.53,1044.32,1044.32,-0.02,20.1,21089.73,-1
2024-01-02,2024-01-02 14:54:00,1044.32,1044.32,1044.12,1044.12,-0.02,20.1,21089.73,-1
2024-01-02,2024-01-02 14:55:00,1044.12,1044.12,1043.91,1043.91,-0.02,20.1,21089.73,-1
2024-01-02,2024-01-02 14:56:00,1043.91,1043.91,1043.71,1043.71,-0.02,20.1,21089.73,-1
2024-01-02,2024-01-02 14:57:00,1043.71,1043.71,1043.51,1043.51,-0.02,20.1,21089.73,-1
2024-01-02,2024-01-02 14:58:00,1043.51,1043.51,1043.3,1043.3,-0.02,20.1,21089.73,-1
2024-01-02,2024-01-02 14:59:00,1043.3,1043.3,1043.1,1043.1,-0.02,20.1,21089.73,-1
2024-01-02,2024-01-02 15:00:00,1043.1,1096.0,1030.0,1043.1,0.0,20.1,21089.73,0
2024-01-03,2024-01-03 11:00:00,1022.3,1046.81,1022.3,1022.48,0.02,13.05,13634.7,1
2024-01-03,2024-01-03 11:01:00,1022.48,1022.66,1022.48,1022.66,0.02,13.05,13634.7,1
2024-01-03,2024-01-03 11:02:00,1022.66,1022.83,1022.66,1022.83,0.02,13.05,13634.7,1
2024-01-03,2024-01-03 11:03:00,1022.83,1023.01,1022.83,1023.01,0.02,13.05,13634.7,1
2024-01-03,2024-01-03 11:04:00,1023.01,1023.19,1023.01,1023.19,0.02,13.05,13634.7,1
2024-01-03,2024-01-03 11:05:00,1023.19,1023.37,1023.19,1023.37,0.02,13.05,13634.7,1
2024-01-03,2024-01-03 11:06:00,1023.37,1023.55,1023.37,1023.55,0.02,13.05,13634.7,1
2024-01-03,2024-01-03 11:07:00,1023.55,1023.73,1023.55,1023.73,0.02,13.05,13634.7,1
2024-01-03,2024-01-03 11:08:00,1023.73,1023.9,1023.73,1023.9,0.02,13.05,13634.7,1
2024-01-03,2024-01-03 11:09:00,1023.9,1024.08,1023.9,1024.08,0.02,13.05,13634.7,1
2024-01-03,2024-01-03 11:10:00,1024.08,1024.26,1024.08,1024.26,0.02,13.05,13634.7,1
2024-01-03,2024-01-03 11:11:00,1024.26,1024.44,1024.26,1024.44,0.02,13.05,13634.7,1
2024-01-03,2024-01-03 11:12:00,1024.44,1024.62,1024.44,1024.62,0.02,13.05,13634.7,1
2024-01-03,2024-01-03 11:13:00,1024.62,1024.8,1024.62,1024.8,0.02,13.05,13634.7,1
2024-01-03,2024-01-03 11:14:00,1024.8,1024.97,1024.8,1024.97,0.02,13.05,13634.7,1
2024-01-03,2024-01-03 11:15:00,1024.97,1025.15,1024.97,1025.15,0.02,13.05,13634.7,1
2024-01-03,2024-01-03 11:16:00,1025.15,1025.33,1025.15,1025.33,0.02,13.05,13634.7,1
2024-01-03,2024-01-03 11:17:00,1025.33,1025.51,1025.33,1025.51,0.02,13.05,13634.7,1
2024-01-03,2024-01-03 11:18:00,1025.51,1025.69,1025.51,1025.69,0.02,13.05,13634.7,1
2024-01-03,2024-01-03 11:19:00,1025.69,1025.87,1025.69,1025.87,0.02,13.05,13634.7,1
2024-01-03,2024-01-03 11:20:00,1025.87,1026.04,1025.87,1026.04,0.02,13.05,13634.7,1
2024-01-03,2024-01-03 11:21:00,1026.04,1026.22,1026.04,1026.22,0.02,13.05,13634.7,1
2024-01-03,2024-01-03 11:22:00,1026.22,1026.4,1026.22,1026.4,0.02,13.05,13634.7,1
2024-01-03,2024-01-03 11:23:00,1026.4,1026.58,1026.4,1026.58,0.02,13.05,13634.7,1
2024-01-03,2024-01-03 11:24:00,1026.58,1026.76,1026.58,1026.76,0.02,13.05,13634.7,1
2024-01-03,2024-01-03 11:25:00,1026.76,1026.94,1026.76,1026.94,0.02,13.05,13634.7,1
2024-01-03,2024-01-03 11:26:00,1026.94,1027.12,1026.94,1027.12,0.02,13.05,13634.7,1
2024-01-03,2024-01-03 11:27:00,1027.12,1027.29,1027.12,1027.29,0.02,13.05,13634.7,1
2024-01-03,2024-01-03 11:28:00,1027.29,1027.47,1027.29,1027.47,0.02,13.05,13634.7,1
2024-01-03,2024-01-03 11:29:00,1027.47,1027.65,1027.47,1027.65,0.02,13.05,13634.7,1
2024-01-03,2024-01-03 11:30:00,1027.65,1027.83,1027.65,1027.83,0.02,13.05,13634.7,1
2024-01-03,2024-01-03 11:31:00,1027.83,1028.01,1027.83,1028.01,0.02,13.05,13634.7,1
2024-01-03,2024-01-03 11:32:00,1028.01,1028.18,1028.01,1028.18,0.02,13.05,13634.7,1
2024-01-03,2024-01-03 11:33:00,1028.18,1028.36,1028.18,1028.36,0.02,13.05,13634.7,1
2024-01-03,2024-01-03 11:34:00,1028.36,1028.54,1028.36,1028.54,0.02,13.05,13634.7,1
2024-01-03,2024-01-03 11:35:00,1028.54,1028.72,1028.54,1028.72,0.02,13.05,13634.7,1
2024-01-03,2024-01-03 11:36:00,1028.72,1028.9,1028.72,1028.9,0.02,13.05,13634.7,1
2024-01-03,2024-01-03 11:37:00,1028.9,1029.08,1028.9,1029.08,0.02,13.05,13634.7,1
2024-01-03,2024-01-03 11:38:00,1029.08,1029.25,1029.08,1029.25,0.02,13.05,13634.7,1
2024-01-03,2024-01-03 11:39:00,1029.25,1029.43,1029.25,1029.43,0.02,13.05,13634.7,1
2024-01-03,2024-01-03 11:40:00,1029.43,1029.61,1029.43,1029.61,0.02,13.05,13634.7,1
2024-01-03,2024-01-03 11:41:00,1029.61,1029.79,1029.61,1029.79,0.02,13.05,13634.7,1
2024-01-03,2024-01-03 11:42:00,1029.79,1029.97,1029.79,1029.97,0.02,13.05,13634.7,1
2024-01-03,2024-01-03 11:43:00,1029.97,1030.15,1029.97,1030.15,0.02,13.05,13634.7,1
2024-01-03,2024-01-03 11:44:00,1030.15,1030.33,1030.15,1030.33,0.02,13.05,13634.7,1
2024-01-03,2024-01-03 11:45:00,1030.33,1030.5,1030.33,1030.5,0.02,13.05,13634.7,1
2024-01-03,2024-01-03 11:46:00,1030.5,1030.68,1030.5,1030.68,0.02,13.05,13634.7,1
2024-01-03,2024-01-03 11:47:00,1030.68,1030.86,1030.68,1030.86,0.02,13.05,13634.7,1
2024-01-03,2024-01-03 11:48:00,1030.86,1031.04,1030.86,1031.04,0.02,13.05,13634.7,1
2024-01-03,2024-01-03 11:49:00,1031.04,1031.22,1031.04,1031.22,0.02,13.05,13634.7,1
2024-01-03,2024-01-03 11:50:00,1031.22,1031.39,1031.22,1031.39,0.02,13.05,13634.7,1
2024-01-03,2024-01-03 11:51:00,1031.39,1031.57,1031.39,1031.57,0.02,13.05,13634.7,1
2024-01-03,2024-01-03 11:52:00,1031.57,1031.75,1031.57,1031.75,0.02,13.05,13634.7,1
2024-01-03,2024-01-03 11:53:00,1031.75,1031.93,1031.75,1031.93,0.02,13.05,13634.7,1
2024-01-03,2024-01-03 11:54:00,1031.93,1032.11,1031.93,1032.11,0.02,13.05,13634.7,1
2024-01-03,2024-01-03 11:55:00,1032.11,1032.29,1032.11,1032.29,0.02,13.05,13634.7,1
2024-01-03,2024-01-03 11:56:00,1032.29,1032.46,1032.29,1032.46,0.02,13.05,13634.7,1
2024-01-03,2024-01-03 11:57:00,1032.46,1032.64,1032.46,1032.64,0.02,13.05,13634.7,1
2024-01-03,2024-01-03 11:58:00,1032.64,1032.82,1032.64,1032.82,0.02,13.05,13634.7,1
2024-01-03,2024-01-03 11:59:00,1032.82,1033.0,1032.82,1033.0,0.02,13.05,13634.7,1
2024-01-03,2024-01-03 12:00:00,1033.0,1033.18,1033.0,1033.18,0.02,13.05,13634.7,1
2024-01-03,2024-01-03 12:01:00,1033.18,1033.36,1033.18,1033.36,0.02,13.05,13634.7,1
2024-01-03,2024-01-03 12:02:00,1033.36,1033.53,1033.36,1033.53,0.02,13.05,13634.7,1
2024-01-03,2024-01-03 12:03:00,1033.53,1033.71,1033.53,1033.71,0.02,13.05,13634.7,1
2024-01-03,2024-01-03 12:04:00,1033.71,1033.89,1033.71,1033.89,0.02,13.05,13634.7,1
2024-01-03,2024-01-03 12:05:00,1033.89,1034.07,1033.89,1034.07,0.02,13.05,13634.7,1
2024-01-03,2024-01-03 12:06:00,1034.07,1034.25,1034.07,1034.25,0.02,13.05,13634.7,1
2024-01-03,2024-01-03 12:07:00,1034.25,1034.43,1034.25,1034.43,0.02,13.05,13634.7,1
2024-01-03,2024-01-03 12:08:00,1034.43,1034.61,1034.43,1034.61,0.02,13.05,13634.7,1
2024-01-03,2024-01-03 12:09:00,1034.61,1034.78,1034.61,1034.78,0.02,13.05,13634.7,1
2024-01-03,2024-01-03 12:10:00,1034.78,1034.96,1034.78,1034.96,0.02,13.05,13634.7,1
2024-01-03,2024-01-03 12:11:00,1034.96,1035.14,1034.96,1035.14,0.02,13.05,13634.7,1
2024-01-03,2024-01-03 12:12:00,1035.14,1035.32,1035.14,1035.32,0.02,13.05,13634.7,1
2024-01-03,2024-01-03 12:13:00,1035.32,1035.5,1035.32,1035.5,0.02,13.05,13634.7,1
2024-01-03,2024-01-03 12:14:00,1035.5,1035.67,1035.5,1035.67,0.02,13.05,13634.7,1
2024-01-03,2024-01-03 12:15:00,1035.67,1035.85,1035.67,1035.85,0.02,13.05,13634.7,1
2024-01-03,2024-01-03 12:16:00,1035.85,1036.03,1035.85,1036.03,0.02,13.05,13634.7,1
2024-01-03,2024-01-03 12:17:00,1036.03,1036.21,1036.03,1036.21,0.02,13.05,13634.7,1
2024-01-03,2024-01-03 12:18:00,1036.21,1036.39,1036.21,1036.39,0.02,13.05,13634.7,1
2024-01-03,2024-01-03 12:19:00,1036.39,1036.57,1036.39,1036.57,0.02,13.05,13634.7,1
2024-01-03,2024-01-03 12:20:00,1036.57,1036.74,1036.57,1036.74,0.02,13.05,13634.7,1
2024-01-03,2024-01-03 12:21:00,1036.74,1036.92,1036.74,1036.92,0.02,13.05,13634.7,1
2024-01-03,2024-01-03 12:22:00,1036.92,1037.1,1036.92,1037.1,0.02,13.05,13634.7,1
2024-01-03,2024-01-03 12:23:00,1037.1,1037.28,1037.1,1037.28,0.02,13.05,13634.7,1
2024-01-03,2024-01-03 12:24:00,1037.28,1037.46,1037.28,1037.46,0.02,13.05,13634.7,1
2024-01-03,2024-01-03 12:25:00,1037.46,1037.64,1037.46,1037.64,0.02,13.05,13634.7,1
2024-01-03,2024-01-03 12:26:00,1037.64,1037.81,1037.64,1037.81,0.02,13.05,13634.7,1
2024-01-03,2024-01-03 12:27:00,1037.81,1037.99,1037.81,1037.99,0.02,13.05,13634.7,1
2024-01-03,2024-01-03 12:28:00,1037.99,1038.17,1037.99,1038.17,0.02,13.05,13634.7,1
2024-01-03,2024-01-03 12:29:00,1038.17,1038.35,1038.17,1038.35,0.02,13.05,13634.7,1
2024-01-03,2024-01-03 12:30:00,1038.35,1038.53,1038.35,1038.53,0.02,13.05,13634.7,1
2024-01-03,2024-01-03 12:31:00,1038.53,1038.71,1038.53,1038.71,0.02,13.05,13634.7,1
2024-01-03,2024-01-03 12:32:00,1038.71,1038.88,1038.71,1038.88,0.02,13.05,13634.7,1
2024-01-03,2024-01-03 12:33:00,1038.88,1039.06,1038.88,1039.06,0.02,13.05,13634.7,1
2024-01-03,2024-01-03 12:34:00,1039.06,1039.24,1039.06,1039.24,0.02,13.05,13634.7,1
2024-01-03,2024-01-03 12:35:00,1039.24,1039.42,1039.24,1039.42,0.02,13.05,13634.7,1
2024-01-03,2024-01-03 12:36:00,1039.42,1039.6,1039.42,1039.6,0.02,13.05,13634.7,1
2024-01-03,2024-01-03 12:37:00,1039.6,1039.78,1039.6,1039.78,0.02,13.05,13634.7,1
2024-01-03,2024-01-03 12:38:00,1039.78,1039.95,1039.78,1039.95,0.02,13.05,13634.7,1
2024-01-03,2024-01-03 12:39:00,1039.95,1040.13,1039.95,1040.13,0.02,13.05,13634.7,1
2024-01-03,2024-01-03 12:40:00,1040.13,1040.31,1040.13,1040.31,0.02,13.05,13634.7,1
2024-01-03,2024-01-03 12:41:00,1040.31,1040.49,1040.31,1040.49,0.02,13.05,13634.7,1
2024-01-03,2024-01-03 12:42:00,1040.49,1040.67,1040.49,1040.67,0.02,13.05,13634.7,1
2024-01-03,2024-01-03 12:43:00,1040.67,1040.85,1040.67,1040.85,0.02,13.05,13634.7,1
2024-01-03,2024-01-03 12:44:00,1040.85,1041.02,1040.85,1041.02,0.02,13.05,13634.7,1
2024-01-03,2024-01-03 12:45:00,1041.02,1041.2,1041.02,1041.2,0.02,13.05,13634.7,1
2024-01-03,2024-01-03 12:46:00,1041.2,1041.38,1041.2,1041.38,0.02,13.05,13634.7,1
2024-01-03,2024-01-03 12:47:00,1041.38,1041.56,1041.38,1041.56,0.02,13.05,13634.7,1
2024-01-03,2024-01-03 12:48:00,1041.56,1041.74,1041.56,1041.74,0.02,13.05,13634.7,1
2024-01-03,2024-01-03 12:49:00,1041.74,1041.92,1041.74,1041.92,0.02,13.05,13634.7,1
2024-01-03,2024-01-03 12:50:00,1041.92,1042.1,1041.92,1042.1,0.02,13.05,13634.7,1
2024-01-03,2024-01-03 12:51:00,1042.1,1042.27,1042.1,1042.27,0.02,13.05,13634.7,1
2024-01-03,2024-01-03 12:52:00,1042.27,1042.45,1042.27,1042.45,0.02,13.05,13634.7,1
2024-01-03,2024-01-03 12:53:00,1042.45,1042.63,1042.45,1042.63,0.02,13.05,13634.7,1
2024-01-03,2024-01-03 12:54:00,1042.63,1042.81,1042.63,1042.81,0.02,13.05,13634.7,1
2024-01-03,2024-01-03 12:55:00,1042.81,1042.99,1042.81,1042.99,0.02,13.05,13634.7,1
2024-01-03,2024-01-03 12:56:00,1042.99,1043.16,1042.99,1043.16,0.02,13.05,13634.7,1
2024-01-03,2024-01-03 12:57:00,1043.16,1043.34,1043.16,1043.34,0.02,13.05,13634.7,1
2024-01-03,2024-01-03 12:58:00,1043.34,1043.52,1043.34,1043.52,0.02,13.05,13634.7,1
2024-01-03,2024-01-03 12:59:00,1043.52,1043.7,1043.52,1043.7,0.02,13.05,13634.7,1
2024-01-03,2024-01-03 13:00:00,1043.7,1104.0,1022.3,1043.88,0.02,13.05,13634.7,1
2024-01-03,2024-01-03 13:01:00,1043.88,1044.06,1043.88,1044.06,0.02,13.05,13634.7,1
2024-01-03,2024-01-03 13:02:00,1044.06,1044.23,1044.06,1044.23,0.02,13.05,13634.7,1
2024-01-03,2024-01-03 13:03:00,1044.23,1044.41,1044.23,1044.41,0.02,13.05,13634.7,1
2024-01-03,2024-01-03 13:04:00,1044.41,1044.59,1044.41,1044.59,0.02,13.05,13634.7,1
2024-01-03,2024-01-03 13:05:00,1044.59,1044.77,1044.59,1044.77,0.02,13.05,13634.7,1
2024-01-03,2024-01-03 13:06:00,1044.77,1044.95,1044.77,1044.95,0.02,13.05,13634.7,1
2024-01-03,2024-01-03 13:07:00,1044.95,1045.13,1044.95,1045.13,0.02,13.05,13634.7,1
2024-01-03,2024-01-03 13:08:00,1045.13,1045.3,1045.13,1045.3,0.02,13.05,13634.7,1
2024-01-03,2024-01-03 13:09:00,1045.3,1045.48,1045.3,1045.48,0.02,13.05,13634.7,1
2024-01-03,2024-01-03 13:10:00,1045.48,1045.66,1045.48,1045.66,0.02,13.05,13634.7,1
2024-01-03,2024-01-03 13:11:00,1045.66,1045.84,1045.66,1045.84,0.02,13.05,13634.7,1
2024-01-03,2024-01-03 13:12:00,1045.84,1046.02,1045.84,1046.02,0.02,13.05,13634.7,1
2024-01-03,2024-01-03 13:13:00,1046.02,1046.2,1046.02,1046.2,0.02,13.05,13634.7,1
2024-01-03,2024-01-03 13:14:00,1046.2,1046.38,1046.2,1046.38,0.02,13.05,13634.7,1
2024-01-03,2024-01-03 13:15:00,1046.38,1046.55,1046.38,1046.55,0.02,13.05,13634.7,1
2024-01-03,2024-01-03 13:16:00,1046.55,1046.73,1046.55,1046.73,0.02,13.05,13634.7,1
2024-01-03,2024-01-03 13:17:00,1046.73,1046.91,1046.73,1046.91,0.02,13.05,13634.7,1
2024-01-03,2024-01-03 13:18:00,1046.91,1047.09,1046.91,1047.09,0.02,13.05,13634.7,1
2024-01-03,2024-01-03 13:19:00,1047.09,1047.27,1047.09,1047.27,0.02,13.05,13634.7,1
2024-01-03,2024-01-03 13:20:00,1047.27,1047.44,1047.27,1047.44,0.02,13.05,13634.7,1
2024-01-03,2024-01-03 13:21:00,1047.44,1047.62,1047.44,1047.62,0.02,13.05,13634.7,1
2024-01-03,2024-01-03 13:22:00,1047.62,1047.8,1047.62,1047.8,0.02,13.05,13634.7,1
2024-01-03,2024-01-03 13:23:00,1047.8,1047.98,1047.8,1047.98,0.02,13.05,13634.7,1
2024-01-03,2024-01-03 13:24:00,1047.98,1048.16,1047.98,1048.16,0.02,13.05,13634.7,1
2024-01-03,2024-01-03 13:25:00,1048.16,1048.34,1048.16,1048.34,0.02,13.05,13634.7,1
2024-01-03,2024-01-03 13:26:00,1048.34,1048.51,1048.34,1048.51,0.02,13.05,13634.7,1
2024-01-03,2024-01-03 13:27:00,1048.51,1048.69,1048.51,1048.69,0.02,13.05,13634.7,1
2024-01-03,2024-01-03 13:28:00,1048.69,1048.87,1048.69,1048.87,0.02,13.05,13634.7,1
2024-01-03,2024-01-03 13:29:00,1048.87,1049.05,1048.87,1049.05,0.02,13.05,13634.7,1
2024-01-03,2024-01-03 13:30:00,1049.05,1049.23,1049.05,1049.23,0.02,13.05,13634.7,1
2024-01-03,2024-01-03 13:31:00,1049.23,1049.41,1049.23,1049.41,0.02,13.05,13634.7,1
2024-01-03,2024-01-03 13:32:00,1049.41,1049.59,1049.41,1049.59,0.02,13.05,13634.7,1
2024-01-03,2024-01-03 13:33:00,1049.59,1049.76,1049.59,1049.76,0.02,13.05,13634.7,1
2024-01-03,2024-01-03 13:34:00,1049.76,1049.94,1049.76,1049.94,0.02,13.05,13634.7,1
2024-01-03,2024-01-03 13:35:00,1049.94,1050.12,1049.94,1050.12,0.02,13.05,13634.7,1
2024-01-03,2024-01-03 13:36:00,1050.12,1050.3,1050.12,1050.3,0.02,13.05,13634.7,1
2024-01-03,2024-01-03 13:37:00,1050.3,1050.48,1050.3,1050.48,0.02,13.05,13634.7,1
2024-01-03,2024-01-03 13:38:00,1050.48,1050.65,1050.48,1050.65,0.02,13.05,13634.7,1
2024-01-03,2024-01-03 13:39:00,1050.65,1050.83,1050.65,1050.83,0.02,13.05,13634.7,1
2024-01-03,2024-01-03 13:40:00,1050.83,1051.01,1050.83,1051.01,0.02,13.05,13634.7,1
2024-01-03,2024-01-03 13:41:00,1051.01,1051.19,1051.01,1051.19,0.02,13.05,13634.7,1
2024-01-03,2024-01-03 13:42:00,1051.19,1051.37,1051.19,1051.37,0.02,13.05,13634.7,1
2024-01-03,2024-01-03 13:43:00,1051.37,1051.55,1051.37,1051.55,0.02,13.05,13634.7,1
2024-01-03,2024-01-03 13:44:00,1051.55,1051.72,1051.55,1051.72,0.02,13.05,13634.7,1
2024-01-03,2024-01-03 13:45:00,1051.72,1051.9,1051.72,1051.9,0.02,13.05,13634.7,1
2024-01-03,2024-01-03 13:46:00,1051.9,1052.08,1051.9,1052.08,0.02,13.05,13634.7,1
2024-01-03,2024-01-03 13:47:00,1052.08,1052.26,1052.08,1052.26,0.02,13.05,13634.7,1
2024-01-03,2024-01-03 13:48:00,1052.26,1052.44,1052.26,1052.44,0.02,13.05,13634.7,1
2024-01-03,2024-01-03 13:49:00,1052.44,1052.62,1052.44,1052.62,0.02,13.05,13634.7,1
2024-01-03,2024-01-03 13:50:00,1052.62,1052.79,1052.62,1052.79,0.02,13.05,13634.7,1
2024-01-03,2024-01-03 13:51:00,1052.79,1052.97,1052.79,1052.97,0.02,13.05,13634.7,1
2024-01-03,2024-01-03 13:52:00,1052.97,1053.15,1052.97,1053.15,0.02,13.05,13634.7,1
2024-01-03,2024-01-03 13:53:00,1053.15,1053.33,1053.15,1053.33,0.02,13.05,13634.7,1
2024-01-03,2024-01-03 13:54:00,1053.33,1053.51,1053.33,1053.51,0.02,13.05,13634.7,1
2024-01-03,2024-01-03 13:55:00,1053.51,1053.69,1053.51,1053.69,0.02,13.05,13634.7,1
2024-01-03,2024-01-03 13:56:00,1053.69,1053.87,1053.69,1053.87,0.02,13.05,13634.7,1
2024-01-03,2024-01-03 13:57:00,1053.87,1054.04,1053.87,1054.04,0.02,13.05,13634.7,1
2024-01-03,2024-01-03 13:58:00,1054.04,1054.22,1054.04,1054.22,0.02,13.05,13634.7,1
2024-01-03,2024-01-03 13:59:00,1054.22,1054.4,1054.22,1054.4,0.02,13.05,13634.7,1
2024-01-03,2024-01-03 14:00:00,1054.4,1054.58,1054.4,1054.58,0.02,13.05,13634.7,1
2024-01-03,2024-01-03 14:01:00,1054.58,1054.76,1054.58,1054.76,0.02,13.05,13634.7,1
2024-01-03,2024-01-03 14:02:00,1054.76,1054.93,1054.76,1054.93,0.02,13.05,13634.7,1
2024-01-03,2024-01-03 14:03:00,1054.93,1055.11,1054.93,1055.11,0.02,13.05,13634.7,1
2024-01-03,2024-01-03 14:04:00,1055.11,1055.29,1055.11,1055.29,0.02,13.05,13634.7,1
2024-01-03,2024-01-03 14:05:00,1055.29,1055.47,1055.29,1055.47,0.02,13.05,13634.7,1
2024-01-03,2024-01-03 14:06:00,1055.47,1055.65,1055.47,1055.65,0.02,13.05,13634.7,1
2024-01-03,2024-01-03 14:07:00,1055.65,1055.83,1055.65,1055.83,0.02,13.05,13634.7,1
2024-01-03,2024-01-03 14:08:00,1055.83,1056.0,1055.83,1056.0,0.02,13.05,13634.7,1
2024-01-03,2024-01-03 14:09:00,1056.0,1056.18,1056.0,1056.18,0.02,13.05,13634.7,1
2024-01-03,2024-01-03 14:10:00,1056.18,1056.36,1056.18,1056.36,0.02,13.05,13634.7,1
2024-01-03,2024-01-03 14:11:00,1056.36,1056.54,1056.36,1056.54,0.02,13.05,13634.7,1
2024-01-03,2024-01-03 14:12:00,1056.54,1056.72,1056.54,1056.72,0.02,13.05,13634.7,1
2024-01-03,2024-01-03 14:13:00,1056.72,1056.9,1056.72,1056.9,0.02,13.05,13634.7,1
2024-01-03,2024-01-03 14:14:00,1056.9,1057.07,1056.9,1057.07,0.02,13.05,13634.7,1
2024-01-03,2024-01-03 14:15:00,1057.07,1057.25,1057.07,1057.25,0.02,13.05,13634.7,1
2024-01-03,2024-01-03 14:16:00,1057.25,1057.43,1057.25,1057.43,0.02,13.05,13634.7,1
2024-01-03,2024-01-03 14:17:00,1057.43,1057.61,1057.43,1057.61,0.02,13.05,13634.7,1
2024-01-03,2024-01-03 14:18:00,1057.61,1057.79,1057.61,1057.79,0.02,13.05,13634.7,1
2024-01-03,2024-01-03 14:19:00,1057.79,1057.97,1057.79,1057.97,0.02,13.05,13634.7,1
2024-01-03,2024-01-03 14:20:00,1057.97,1058.14,1057.97,1058.14,0.02,13.05,13634.7,1
2024-01-03,2024-01-03 14:21:00,1058.14,1058.32,1058.14,1058.32,0.02,13.05,13634.7,1
2024-01-03,2024-01-03 14:22:00,1058.32,1058.5,1058.32,1058.5,0.02,13.05,13634.7,1
2024-01-03,2024-01-03 14:23:00,1058.5,1058.68,1058.5,1058.68,0.02,13.05,13634.7,1
2024-01-03,2024-01-03 14:24:00,1058.68,1058.86,1058.68,1058.86,0.02,13.05,13634.7,1
2024-01-03,2024-01-03 14:25:00,1058.86,1059.04,1058.86,1059.04,0.02,13.05,13634.7,1
2024-01-03,2024-01-03 14:26:00,1059.04,1059.21,1059.04,1059.21,0.02,13.05,13634.7,1
2024-01-03,2024-01-03 14:27:00,1059.21,1059.39,1059.21,1059.39,0.02,13.05,13634.7,1
2024-01-03,2024-01-03 14:28:00,1059.39,1059.57,1059.39,1059.57,0.02,13.05,13634.7,1
2024-01-03,2024-01-03 14:29:00,1059.57,1059.75,1059.57,1059.75,0.02,13.05,13634.7,1
2024-01-03,2024-01-03 14:30:00,1059.75,1059.93,1059.75,1059.93,0.02,13.05,13634.7,1
2024-01-03,2024-01-03 14:31:00,1059.93,1060.11,1059.93,1060.11,0.02,13.05,13634.7,1
2024-01-03,2024-01-03 14:32:00,1060.11,1060.28,1060.11,1060.28,0.02,13.05,13634.7,1
2024-01-03,2024-01-03 14:33:00,1060.28,1060.46,1060.28,1060.46,0.02,13.05,13634.7,1
2024-01-03,2024-01-03 14:34:00,1060.46,1060.64,1060.46,1060.64,0.02,13.05,13634.7,1
2024-01-03,2024-01-03 14:35:00,1060.64,1060.82,1060.64,1060.82,0.02,13.05,13634.7,1
2024-01-03,2024-01-03 14:36:00,1060.82,1061.0,1060.82,1061.0,0.02,13.05,13634.7,1
2024-01-03,2024-01-03 14:37:00,1061.0,1061.18,1061.0,1061.18,0.02,13.05,13634.7,1
2024-01-03,2024-01-03 14:38:00,1061.18,1061.36,1061.18,1061.36,0.02,13.05,13634.7,1
2024-01-03,2024-01-03 14:39:00,1061.36,1061.53,1061.36,1061.53,0.02,13.05,13634.7,1
2024-01-03,2024-01-03 14:40:00,1061.53,1061.71,1061.53,1061.71,0.02,13.05,13634.7,1
2024-01-03,2024-01-03 14:41:00,1061.71,1061.89,1061.71,1061.89,0.02,13.05,13634.7,1
2024-01-03,2024-01-03 14:42:00,1061.89,1062.07,1061.89,1062.07,0.02,13.05,13634.7,1
2024-01-03,2024-01-03 14:43:00,1062.07,1062.25,1062.07,1062.25,0.02,13.05,13634.7,1
2024-01-03,2024-01-03 14:44:00,1062.25,1062.42,1062.25,1062.42,0.02,13.05,13634.7,1
2024-01-03,2024-01-03 14:45:00,1062.42,1062.6,1062.42,1062.6,0.02,13.05,13634.7,1
2024-01-03,2024-01-03 14:46:00,1062.6,1062.78,1062.6,1062.78,0.02,13.05,13634.7,1
2024-01-03,2024-01-03 14:47:00,1062.78,1062.96,1062.78,1062.96,0.02,13.05,13634.7,1
2024-01-03,2024-01-03 14:48:00,1062.96,1063.14,1062.96,1063.14,0.02,13.05,13634.7,1
2024-01-03,2024-01-03 14:49:00,1063.14,1063.32,1063.14,1063.32,0.02,13.05,13634.7,1
2024-01-03,2024-01-03 14:50:00,1063.32,1063.49,1063.32,1063.49,0.02,13.05,13634.7,1
2024-01-03,2024-01-03 14:51:00,1063.49,1063.67,1063.49,1063.67,0.02,13.05,13634.7,1
2024-01-03,2024-01-03 14:52:00,1063.67,1063.85,1063.67,1063.85,0.02,13.05,13634.7,1
2024-01-03,2024-01-03 14:53:00,1063.85,1064.03,1063.85,1064.03,0.02,13.05,13634.7,1
2024-01-03,2024-01-03 14:54:00,1064.03,1064.21,1064.03,1064.21,0.02,13.05,13634.7,1
2024-01-03,2024-01-03 14:55:00,1064.21,1064.39,1064.21,1064.39,0.02,13.05,13634.7,1
2024-01-03,2024-01-03 14:56:00,1064.39,1064.56,1064.39,1064.56,0.02,13.05,13634.7,1
2024-01-03,2024-01-03 14:57:00,1064.56,1064.74,1064.56,1064.74,0.02,13.05,13634.7,1
2024-01-03,2024-01-03 14:58:00,1064.74,1064.92,1064.74,1064.92,0.02,13.05,13634.7,1
2024-01-03,2024-01-03 14:59:00,1064.92,1065.1,1064.92,1065.1,0.02,13.05,13634.7,1
2024-01-03,2024-01-03 15:00:00,1065.1,1104.0,1022.3,1065.1,0.0,13.05,13634.7,0
2024-01-04,2024-01-04 11:00:00,1044.0,1056.3,1038.3,1044.03,0.0,22.02,22959.25,1
2024-01-04,2024-01-04 11:01:00,1044.03,1044.06,1044.03,1044.06,0.0,22.02,22959.25,1
2024-01-04,2024-01-04 11:02:00,1044.06,1044.09,1044.06,1044.09,0.0,22.02,22959.25,1
2024-01-04,2024-01-04 11:03:00,1044.09,1044.12,1044.09,1044.12,0.0,22.02,22959.25,1
2024-01-04,2024-01-04 11:04:00,1044.12,1044.15,1044.12,1044.15,0.0,22.02,22959.25,1
2024-01-04,2024-01-04 11:05:00,1044.15,1044.17,1044.15,1044.17,0.0,22.02,22959.25,1
2024-01-04,2024-01-04 11:06:00,1044.17,1044.2,1044.17,1044.2,0.0,22.02,22959.25,1
2024-01-04,2024-01-04 11:07:00,1044.2,1044.23,1044.2,1044.23,0.0,22.02,22959.25,1
2024-01-04,2024-01-04 11:08:00,1044.23,1044.26,1044.23,1044.26,0.0,22.02,22959.25,1
2024-01-04,2024-01-04 11:09:00,1044.26,1044.29,1044.26,1044.29,0.0,22.02,22959.25,1
2024-01-04,2024-01-04 11:10:00,1044.29,1044.32,1044.29,1044.32,0.0,22.02,22959.25,1
2024-01-04,2024-01-04 11:11:00,1044.32,1044.35,1044.32,1044.35,0.0,22.02,22959.25,1
2024-01-04,2024-01-04 11:12:00,1044.35,1044.38,1044.35,1044.38,0.0,22.02,22959.25,1
2024-01-04,2024-01-04 11:13:00,1044.38,1044.41,1044.38,1044.41,0.0,22.02,22959.25,1
2024-01-04,2024-01-04 11:14:00,1044.41,1044.44,1044.41,1044.44,0.0,22.02,22959.25,1
2024-01-04,2024-01-04 11:15:00,1044.44,1044.47,1044.44,1044.47,0.0,22.02,22959.25,1
2024-01-04,2024-01-04 11:16:00,1044.47,1044.5,1044.47,1044.5,0.0,22.02,22959.25,1
2024-01-04,2024-01-04 11:17:00,1044.5,1044.53,1044.5,1044.53,0.0,22.02,22959.25,1
2024-01-04,2024-01-04 11:18:00,1044.53,1044.55,1044.53,1044.55,0.0,22.02,22959.25,1
2024-01-04,2024-01-04 11:19:00,1044.55,1044.58,1044.55,1044.58,0.0,22.02,22959.25,1
2024-01-04,2024-01-04 11:20:00,1044.58,1044.61,1044.58,1044.61,0.0,22.02,22959.25,1
2024-01-04,2024-01-04 11:21:00,1044.61,1044.64,1044.61,1044.64,0.0,22.02,22959.25,1
2024-01-04,2024-01-04 11:22:00,1044.64,1044.67,1044.64,1044.67,0.0,22.02,22959.25,1
2024-01-04,2024-01-04 11:23:00,1044.67,1044.7,1044.67,1044.7,0.0,22.02,22959.25,1
2024-01-04,2024-01-04 11:24:00,1044.7,1044.73,1044.7,1044.73,0.0,22.02,22959.25,1
2024-01-04,2024-01-04 11:25:00,1044.73,1044.76,1044.73,1044.76,0.0,22.02,22959.25,1
2024-01-04,2024-01-04 11:26:00,1044.76,1044.79,1044.76,1044.79,0.0,22.02,22959.25,1
2024-01-04,2024-01-04 11:27:00,1044.79,1044.82,1044.79,1044.82,0.0,22.02,22959.25,1
2024-01-04,2024-01-04 11:28:00,1044.82,1044.85,1044.82,1044.85,0.0,22.02,22959.25,1
2024-01-04,2024-01-04 11:29:00,1044.85,1044.88,1044.85,1044.88,0.0,22.02,22959.25,1
2024-01-04,2024-01-04 11:30:00,1044.88,1044.9,1044.88,1044.9,0.0,22.02,22959.25,1
2024-01-04,2024-01-04 11:31:00,1044.9,1044.93,1044.9,1044.93,0.0,22.02,22959.25,1
2024-01-04,2024-01-04 11:32:00,1044.93,1044.96,1044.93,1044.96,0.0,22.02,22959.25,1
2024-01-04,2024-01-04 11:33:00,1044.96,1044.99,1044.96,1044.99,0.0,22.02,22959.25,1
2024-01-04,2024-01-04 11:34:00,1044.99,1045.02,1044.99,1045.02,0.0,22.02,22959.25,1
2024-01-04,2024-01-04 11:35:00,1045.02,1045.05,1045.02,1045.05,0.0,22.02,22959.25,1
2024-01-04,2024-01-04 11:36:00,1045.05,1045.08,1045.05,1045.08,0.0,22.02,22959.25,1
2024-01-04,2024-01-04 11:37:00,1045.08,1045.11,1045.08,1045.11,0.0,22.02,22959.25,1
2024-01-04,2024-01-04 11:38:00,1045.11,1045.14,1045.11,1045.14,0.0,22.02,22959.25,1
2024-01-04,2024-01-04 11:39:00,1045.14,1045.17,1045.14,1045.17,0.0,22.02,22959.25,1
2024-01-04,2024-01-04 11:40:00,1045.17,1045.2,1045.17,1045.2,0.0,22.02,22959.25,1
2024-01-04,2024-01-04 11:41:00,1045.2,1045.22,1045.2,1045.22,0.0,22.02,22959.25,1
2024-01-04,2024-01-04 11:42:00,1045.22,1045.25,1045.22,1045.25,0.0,22.02,22959.25,1
2024-01-04,2024-01-04 11:43:00,1045.25,1045.28,1045.25,1045.28,0.0,22.02,22959.25,1
2024-01-04,2024-01-04 11:44:00,1045.28,1045.31,1045.28,1045.31,0.0,22.02,22959.25,1
2024-01-04,2024-01-04 11:45:00,1045.31,1045.34,1045.31,1045.34,0.0,22.02,22959.25,1
2024-01-04,2024-01-04 11:46:00,1045.34,1045.37,1045.34,1045.37,0.0,22.02,22959.25,1
2024-01-04,2024-01-04 11:47:00,1045.37,1045.4,1045.37,1045.4,0.0,22.02,22959.25,1
2024-01-04,2024-01-04 11:48:00,1045.4,1045.43,1045.4,1045.43,0.0,22.02,22959.25,1
2024-01-04,2024-01-04 11:49:00,1045.43,1045.46,1045.43,1045.46,0.0,22.02,22959.25,1
2024-01-04,2024-01-04 11:50:00,1045.46,1045.49,1045.46,1045.49,0.0,22.02,22959.25,1
2024-01-04,2024-01-04 11:51:00,1045.49,1045.52,1045.49,1045.52,0.0,22.02,22959.25,1
2024-01-04,2024-01-04 11:52:00,1045.52,1045.55,1045.52,1045.55,0.0,22.02,22959.25,1
2024-01-04,2024-01-04 11:53:00,1045.55,1045.58,1045.55,1045.58,0.0,22.02,22959.25,1
2024-01-04,2024-01-04 11:54:00,1045.58,1045.6,1045.58,1045.6,0.0,22.02,22959.25,1
2024-01-04,2024-01-04 11:55:00,1045.6,1045.63,1045.6,1045.63,0.0,22.02,22959.25,1
2024-01-04,2024-01-04 11:56:00,1045.63,1045.66,1045.63,1045.66,0.0,22.02,22959.25,1
2024-01-04,2024-01-04 11:57:00,1045.66,1045.69,1045.66,1045.69,0.0,22.02,22959.25,1
2024-01-04,2024-01-04 11:58:00,1045.69,1045.72,1045.69,1045.72,0.0,22.02,22959.25,1
2024-01-04,2024-01-04 11:59:00,1045.72,1045.75,1045.72,1045.75,0.0,22.02,22959.25,1
2024-01-04,2024-01-04 12:00:00,1045.75,1045.78,1045.75,1045.78,0.0,22.02,22959.25,1
2024-01-04,2024-01-04 12:01:00,1045.78,1045.81,1045.78,1045.81,0.0,22.02,22959.25,1
2024-01-04,2024-01-04 12:02:00,1045.81,1045.84,1045.81,1045.84,0.0,22.02,22959.25,1
2024-01-04,2024-01-04 12:03:00,1045.84,1045.87,1045.84,1045.87,0.0,22.02,22959.25,1
2024-01-04,2024-01-04 12:04:00,1045.87,1045.9,1045.87,1045.9,0.0,22.02,22959.25,1
2024-01-04,2024-01-04 12:05:00,1045.9,1045.92,1045.9,1045.92,0.0,22.02,22959.25,1
2024-01-04,2024-01-04 12:06:00,1045.92,1045.95,1045.92,1045.95,0.0,22.02,22959.25,1
2024-01-04,2024-01-04 12:07:00,1045.95,1045.98,1045.95,1045.98,0.0,22.02,22959.25,1
2024-01-04,2024-01-04 12:08:00,1045.98,1046.01,1045.98,1046.01,0.0,22.02,22959.25,1
2024-01-04,2024-01-04 12:09:00,1046.01,1046.04,1046.01,1046.04,0.0,22.02,22959.25,1
2024-01-04,2024-01-04 12:10:00,1046.04,1046.07,1046.04,1046.07,0.0,22.02,22959.25,1
2024-01-04,2024-01-04 12:11:00,1046.07,1046.1,1046.07,1046.1,0.0,22.02,22959.25,1
2024-01-04,2024-01-04 12:12:00,1046.1,1046.13,1046.1,1046.13,0.0,22.02,22959.25,1
2024-01-04,2024-01-04 12:13:00,1046.13,1046.16,1046.13,1046.16,0.0,22.02,22959.25,1
2024-01-04,2024-01-04 12:14:00,1046.16,1046.19,1046.16,1046.19,0.0,22.02,22959.25,1
2024-01-04,2024-01-04 12:15:00,1046.19,1046.22,1046.19,1046.22,0.0,22.02,22959.25,1
2024-01-04,2024-01-04 12:16:00,1046.22,1046.25,1046.22,1046.25,0.0,22.02,22959.25,1
2024-01-04,2024-01-04 12:17:00,1046.25,1046.28,1046.25,1046.28,0.0,22.02,22959.25,1
2024-01-04,2024-01-04 12:18:00,1046.28,1046.3,1046.28,1046.3,0.0,22.02,22959.25,1
2024-01-04,2024-01-04 12:19:00,1046.3,1046.33,1046.3,1046.33,0.0,22.02,22959.25,1
2024-01-04,2024-01-04 12:20:00,1046.33,1046.36,1046.33,1046.36,0.0,22.02,22959.25,1
2024-01-04,2024-01-04 12:21:00,1046.36,1046.39,1046.36,1046.39,0.0,22.02,22959.25,1
2024-01-04,2024-01-04 12:22:00,1046.39,1046.42,1046.39,1046.42,0.0,22.02,22959.25,1
2024-01-04,2024-01-04 12:23:00,1046.42,1046.45,1046.42,1046.45,0.0,22.02,22959.25,1
2024-01-04,2024-01-04 12:24:00,1046.45,1046.48,1046.45,1046.48,0.0,22.02,22959.25,1
2024-01-04,2024-01-04 12:25:00,1046.48,1046.51,1046.48,1046.51,0.0,22.02,22959.25,1
2024-01-04,2024-01-04 12:26:00,1046.51,1046.54,1046.51,1046.54,0.0,22.02,22959.25,1
2024-01-04,2024-01-04 12:27:00,1046.54,1046.57,1046.54,1046.57,0.0,22.02,22959.25,1
2024-01-04,2024-01-04 12:28:00,1046.57,1046.6,1046.57,1046.6,0.0,22.02,22959.25,1
2024-01-04,2024-01-04 12:29:00,1046.6,1046.62,1046.6,1046.62,0.0,22.02,22959.25,1
2024-01-04,2024-01-04 12:30:00,1046.62,1046.65,1046.62,1046.65,0.0,22.02,22959.25,1
2024-01-04,2024-01-04 12:31:00,1046.65,1046.68,1046.65,1046.68,0.0,22.02,22959.25,1
2024-01-04,2024-01-04 12:32:00,1046.68,1046.71,1046.68,1046.71,0.0,22.02,22959.25,1
2024-01-04,2024-01-04 12:33:00,1046.71,1046.74,1046.71,1046.74,0.0,22.02,22959.25,1
2024-01-04,2024-01-04 12:34:00,1046.74,1046.77,1046.74,1046.77,0.0,22.02,22959.25,1
2024-01-04,2024-01-04 12:35:00,1046.77,1046.8,1046.77,1046.8,0.0,22.02,22959.25,1
2024-01-04,2024-01-04 12:36:00,1046.8,1046.83,1046.8,1046.83,0.0,22.02,22959.25,1
2024-01-04,2024-01-04 12:37:00,1046.83,1046.86,1046.83,1046.86,0.0,22.02,22959.25,1
2024-01-04,2024-01-04 12:38:00,1046.86,1046.89,1046.86,1046.89,0.0,22.02,22959.25,1
2024-01-04,2024-01-04 12:39:00,1046.89,1046.92,1046.89,1046.92,0.0,22.02,22959.25,1
2024-01-04,2024-01-04 12:40:00,1046.92,1046.95,1046.92,1046.95,0.0,22.02,22959.25,1
2024-01-04,2024-01-04 12:41:00,1046.95,1046.97,1046.95,1046.97,0.0,22.02,22959.25,1
2024-01-04,2024-01-04 12:42:00,1046.97,1047.0,1046.97,1047.0,0.0,22.02,22959.25,1
2024-01-04,2024-01-04 12:43:00,1047.0,1047.03,1047.0,1047.03,0.0,22.02,22959.25,1
2024-01-04,2024-01-04 12:44:00,1047.03,1047.06,1047.03,1047.06,0.0,22.02,22959.25,1
2024-01-04,2024-01-04 12:45:00,1047.06,1047.09,1047.06,1047.09,0.0,22.02,22959.25,1
2024-01-04,2024-01-04 12:46:00,1047.09,1047.12,1047.09,1047.12,0.0,22.02,22959.25,1
2024-01-04,2024-01-04 12:47:00,1047.12,1047.15,1047.12,1047.15,0.0,22.02,22959.25,1
2024-01-04,2024-01-04 12:48:00,1047.15,1047.18,1047.15,1047.18,0.0,22.02,22959.25,1
2024-01-04,2024-01-04 12:49:00,1047.18,1047.21,1047.18,1047.21,0.0,22.02,22959.25,1
2024-01-04,2024-01-04 12:50:00,1047.21,1047.24,1047.21,1047.24,0.0,22.02,22959.25,1
2024-01-04,2024-01-04 12:51:00,1047.24,1047.27,1047.24,1047.27,0.0,22.02,22959.25,1
2024-01-04,2024-01-04 12:52:00,1047.27,1047.3,1047.27,1047.3,0.0,22.02,22959.25,1
2024-01-04,2024-01-04 12:53:00,1047.3,1047.33,1047.3,1047.33,0.0,22.02,22959.25,1
2024-01-04,2024-01-04 12:54:00,1047.33,1047.35,1047.33,1047.35,0.0,22.02,22959.25,1
2024-01-04,2024-01-04 12:55:00,1047.35,1047.38,1047.35,1047.38,0.0,22.02,22959.25,1
2024-01-04,2024-01-04 12:56:00,1047.38,1047.41,1047.38,1047.41,0.0,22.02,22959.25,1
2024-01-04,2024-01-04 12:57:00,1047.41,1047.44,1047.41,1047.44,0.0,22.02,22959.25,1
2024-01-04,2024-01-04 12:58:00,1047.44,1047.47,1047.44,1047.47,0.0,22.02,22959.25,1
2024-01-04,2024-01-04 12:59:00,1047.47,1047.5,1047.47,1047.5,0.0,22.02,22959.25,1
2024-01-04,2024-01-04 13:00:00,1047.5,1085.0,1025.0,1047.53,0.0,22.02,22959.25,1
2024-01-04,2024-01-04 13:01:00,1047.53,1047.56,1047.53,1047.56,0.0,22.02,22959.25,1
2024-01-04,2024-01-04 13:02:00,1047.56,1047.59,1047.56,1047.59,0.0,22.02,22959.25,1
2024-01-04,2024-01-04 13:03:00,1047.59,1047.62,1047.59,1047.62,0.0,22.02,22959.25,1
2024-01-04,2024-01-04 13:04:00,1047.62,1047.65,1047.62,1047.65,0.0,22.02,22959.25,1
2024-01-04,2024-01-04 13:05:00,1047.65,1047.67,1047.65,1047.67,0.0,22.02,22959.25,1
2024-01-04,2024-01-04 13:06:00,1047.67,1047.7,1047.67,1047.7,0.0,22.02,22959.25,1
2024-01-04,2024-01-04 13:07:00,1047.7,1047.73,1047.7,1047.73,0.0,22.02,22959.25,1
2024-01-04,2024-01-04 13:08:00,1047.73,1047.76,1047.73,1047.76,0.0,22.02,22959.25,1
2024-01-04,2024-01-04 13:09:00,1047.76,1047.79,1047.76,1047.79,0.0,22.02,22959.25,1
2024-01-04,2024-01-04 13:10:00,1047.79,1047.82,1047.79,1047.82,0.0,22.02,22959.25,1
2024-01-04,2024-01-04 13:11:00,1047.82,1047.85,1047.82,1047.85,0.0,22.02,22959.25,1
2024-01-04,2024-01-04 13:12:00,1047.85,1047.88,1047.85,1047.88,0.0,22.02,22959.25,1
2024-01-04,2024-01-04 13:13:00,1047.88,1047.91,1047.88,1047.91,0.0,22.02,22959.25,1
2024-01-04,2024-01-04 13:14:00,1047.91,1047.94,1047.91,1047.94,0.0,22.02,22959.25,1
2024-01-04,2024-01-04 13:15:00,1047.94,1047.97,1047.94,1047.97,0.0,22.02,22959.25,1
2024-01-04,2024-01-04 13:16:00,1047.97,1048.0,1047.97,1048.0,0.0,22.02,22959.25,1
2024-01-04,2024-01-04 13:17:00,1048.0,1048.03,1048.0,1048.03,0.0,22.02,22959.25,1
2024-01-04,2024-01-04 13:18:00,1048.03,1048.05,1048.03,1048.05,0.0,22.02,22959.25,1
2024-01-04,2024-01-04 13:19:00,1048.05,1048.08,1048.05,1048.08,0.0,22.02,22959.25,1
2024-01-04,2024-01-04 13:20:00,1048.08,1048.11,1048.08,1048.11,0.0,22.02,22959.25,1
2024-01-04,2024-01-04 13:21:00,1048.11,1048.14,1048.11,1048.14,0.0,22.02,22959.25,1
2024-01-04,2024-01-04 13:22:00,1048.14,1048.17,1048.14,1048.17,0.0,22.02,22959.25,1
2024-01-04,2024-01-04 13:23:00,1048.17,1048.2,1048.17,1048.2,0.0,22.02,22959.25,1
2024-01-04,2024-01-04 13:24:00,1048.2,1048.23,1048.2,1048.23,0.0,22.02,22959.25,1
2024-01-04,2024-01-04 13:25:00,1048.23,1048.26,1048.23,1048.26,0.0,22.02,22959.25,1
2024-01-04,2024-01-04 13:26:00,1048.26,1048.29,1048.26,1048.29,0.0,22.02,22959.25,1
2024-01-04,2024-01-04 13:27:00,1048.29,1048.32,1048.29,1048.32,0.0,22.02,22959.25,1
2024-01-04,2024-01-04 13:28:00,1048.32,1048.35,1048.32,1048.35,0.0,22.02,22959.25,1
2024-01-04,2024-01-04 13:29:00,1048.35,1048.38,1048.35,1048.38,0.0,22.02,22959.25,1
2024-01-04,2024-01-04 13:30:00,1048.38,1048.4,1048.38,1048.4,0.0,22.02,22959.25,1
2024-01-04,2024-01-04 13:31:00,1048.4,1048.43,1048.4,1048.43,0.0,22.02,22959.25,1
2024-01-04,2024-01-04 13:32:00,1048.43,1048.46,1048.43,1048.46,0.0,22.02,22959.25,1
2024-01-04,2024-01-04 13:33:00,1048.46,1048.49,1048.46,1048.49,0.0,22.02,22959.25,1
2024-01-04,2024-01-04 13:34:00,1048.49,1048.52,1048.49,1048.52,0.0,22.02,22959.25,1
2024-01-04,2024-01-04 13:35:00,1048.52,1048.55,1048.52,1048.55,0.0,22.02,22959.25,1
2024-01-04,2024-01-04 13:36:00,1048.55,1048.58,1048.55,1048.58,0.0,22.02,22959.25,1
2024-01-04,2024-01-04 13:37:00,1048.58,1048.61,1048.58,1048.61,0.0,22.02,22959.25,1
2024-01-04,2024-01-04 13:38:00,1048.61,1048.64,1048.61,1048.64,0.0,22.02,22959.25,1
2024-01-04,2024-01-04 13:39:00,1048.64,1048.67,1048.64,1048.67,0.0,22.02,22959.25,1
2024-01-04,2024-01-04 13:40:00,1048.67,1048.7,1048.67,1048.7,0.0,22.02,22959.25,1
2024-01-04,2024-01-04 13:41:00,1048.7,1048.72,1048.7,1048.72,0.0,22.02,22959.25,1
2024-01-04,2024-01-04 13:42:00,1048.72,1048.75,1048.72,1048.75,0.0,22.02,22959.25,1
2024-01-04,2024-01-04 13:43:00,1048.75,1048.78,1048.75,1048.78,0.0,22.02,22959.25,1
2024-01-04,2024-01-04 13:44:00,1048.78,1048.81,1048.78,1048.81,0.0,22.02,22959.25,1
2024-01-04,2024-01-04 13:45:00,1048.81,1048.84,1048.81,1048.84,0.0,22.02,22959.25,1
2024-01-04,2024-01-04 13:46:00,1048.84,1048.87,1048.84,1048.87,0.0,22.02,22959.25,1
2024-01-04,2024-01-04 13:47:00,1048.87,1048.9,1048.87,1048.9,0.0,22.02,22959.25,1
2024-01-04,2024-01-04 13:48:00,1048.9,1048.93,1048.9,1048.93,0.0,22.02,22959.25,1
2024-01-04,2024-01-04 13:49:00,1048.93,1048.96,1048.93,1048.96,0.0,22.02,22959.25,1
2024-01-04,2024-01-04 13:50:00,1048.96,1048.99,1048.96,1048.99,0.0,22.02,22959.25,1
2024-01-04,2024-01-04 13:51:00,1048.99,1049.02,1048.99,1049.02,0.0,22.02,22959.25,1
2024-01-04,2024-01-04 13:52:00,1049.02,1049.05,1049.02,1049.05,0.0,22.02,22959.25,1
2024-01-04,2024-01-04 13:53:00,1049.05,1049.08,1049.05,1049.08,0.0,22.02,22959.25,1
2024-01-04,2024-01-04 13:54:00,1049.08,1049.1,1049.08,1049.1,0.0,22.02,22959.25,1
2024-01-04,2024-01-04 13:55:00,1049.1,1049.13,1049.1,1049.13,0.0,22.02,22959.25,1
2024-01-04,2024-01-04 13:56:00,1049.13,1049.16,1049.13,1049.16,0.0,22.02,22959.25,1
2024-01-04,2024-01-04 13:57:00,1049.16,1049.19,1049.16,1049.19,0.0,22.02,22959.25,1
2024-01-04,2024-01-04 13:58:00,1049.19,1049.22,1049.19,1049.22,0.0,22.02,22959.25,1
2024-01-04,2024-01-04 13:59:00,1049.22,1049.25,1049.22,1049.25,0.0,22.02,22959.25,1
2024-01-04,2024-01-04 14:00:00,1049.25,1049.28,1049.25,1049.28,0.0,22.02,22959.25,1
2024-01-04,2024-01-04 14:01:00,1049.28,1049.31,1049.28,1049.31,0.0,22.02,22959.25,1
2024-01-04,2024-01-04 14:02:00,1049.31,1049.34,1049.31,1049.34,0.0,22.02,22959.25,1
2024-01-04,2024-01-04 14:03:00,1049.34,1049.37,1049.34,1049.37,0.0,22.02,22959.25,1
2024-01-04,2024-01-04 14:04:00,1049.37,1049.4,1049.37,1049.4,0.0,22.02,22959.25,1
2024-01-04,2024-01-04 14:05:00,1049.4,1049.42,1049.4,1049.42,0.0,22.02,22959.25,1
2024-01-04,2024-01-04 14:06:00,1049.42,1049.45,1049.42,1049.45,0.0,22.02,22959.25,1
2024-01-04,2024-01-04 14:07:00,1049.45,1049.48,1049.45,1049.48,0.0,22.02,22959.25,1
2024-01-04,2024-01-04 14:08:00,1049.48,1049.51,1049.48,1049.51,0.0,22.02,22959.25,1
2024-01-04,2024-01-04 14:09:00,1049.51,1049.54,1049.51,1049.54,0.0,22.02,22959.25,1
2024-01-04,2024-01-04 14:10:00,1049.54,1049.57,1049.54,1049.57,0.0,22.02,22959.25,1
2024-01-04,2024-01-04 14:11:00,1049.57,1049.6,1049.57,1049.6,0.0,22.02,22959.25,1
2024-01-04,2024-01-04 14:12:00,1049.6,1049.63,1049.6,1049.63,0.0,22.02,22959.25,1
2024-01-04,2024-01-04 14:13:00,1049.63,1049.66,1049.63,1049.66,0.0,22.02,22959.25,1
2024-01-04,2024-01-04 14:14:00,1049.66,1049.69,1049.66,1049.69,0.0,22.02,22959.25,1
2024-01-04,2024-01-04 14:15:00,1049.69,1049.72,1049.69,1049.72,0.0,22.02,22959.25,1
2024-01-04,2024-01-04 14:16:00,1049.72,1049.75,1049.72,1049.75,0.0,22.02,22959.25,1
2024-01-04,2024-01-04 14:17:00,1049.75,1049.78,1049.75,1049.78,0.0,22.02,22959.25,1
2024-01-04,2024-01-04 14:18:00,1049.78,1049.8,1049.78,1049.8,0.0,22.02,22959.25,1
2024-01-04,2024-01-04 14:19:00,1049.8,1049.83,1049.8,1049.83,0.0,22.02,22959.25,1
2024-01-04,2024-01-04 14:20:00,1049.83,1049.86,1049.83,1049.86,0.0,22.02,22959.25,1
2024-01-04,2024-01-04 14:21:00,1049.86,1049.89,1049.86,1049.89,0.0,22.02,22959.25,1
2024-01-04,2024-01-04 14:22:00,1049.89,1049.92,1049.89,1049.92,0.0,22.02,22959.25,1
2024-01-04,2024-01-04 14:23:00,1049.92,1049.95,1049.92,1049.95,0.0,22.02,22959.25,1
2024-01-04,2024-01-04 14:24:00,1049.95,1049.98,1049.95,1049.98,0.0,22.02,22959.25,1
2024-01-04,2024-01-04 14:25:00,1049.98,1050.01,1049.98,1050.01,0.0,22.02,22959.25,1
2024-01-04,2024-01-04 14:26:00,1050.01,1050.04,1050.01,1050.04,0.0,22.02,22959.25,1
2024-01-04,2024-01-04 14:27:00,1050.04,1050.07,1050.04,1050.07,0.0,22.02,22959.25,1
2024-01-04,2024-01-04 14:28:00,1050.07,1050.1,1050.07,1050.1,0.0,22.02,22959.25,1
2024-01-04,2024-01-04 14:29:00,1050.1,1050.12,1050.1,1050.12,0.0,22.02,22959.25,1
2024-01-04,2024-01-04 14:30:00,1050.12,1050.15,1050.12,1050.15,0.0,22.02,22959.25,1
2024-01-04,2024-01-04 14:31:00,1050.15,1050.18,1050.15,1050.18,0.0,22.02,22959.25,1
2024-01-04,2024-01-04 14:32:00,1050.18,1050.21,1050.18,1050.21,0.0,22.02,22959.25,1
2024-01-04,2024-01-04 14:33:00,1050.21,1050.24,1050.21,1050.24,0.0,22.02,22959.25,1
2024-01-04,2024-01-04 14:34:00,1050.24,1050.27,1050.24,1050.27,0.0,22.02,22959.25,1
2024-01-04,2024-01-04 14:35:00,1050.27,1050.3,1050.27,1050.3,0.0,22.02,22959.25,1
2024-01-04,2024-01-04 14:36:00,1050.3,1050.33,1050.3,1050.33,0.0,22.02,22959.25,1
2024-01-04,2024-01-04 14:37:00,1050.33,1050.36,1050.33,1050.36,0.0,22.02,22959.25,1
2024-01-04,2024-01-04 14:38:00,1050.36,1050.39,1050.36,1050.39,0.0,22.02,22959.25,1
2024-01-04,2024-01-04 14:39:00,1050.39,1050.42,1050.39,1050.42,0.0,22.02,22959.25,1
2024-01-04,2024-01-04 14:40:00,1050.42,1050.45,1050.42,1050.45,0.0,22.02,22959.25,1
2024-01-04,2024-01-04 14:41:00,1050.45,1050.47,1050.45,1050.47,0.0,22.02,22959.25,1
2024-01-04,2024-01-04 14:42:00,1050.47,1050.5,1050.47,1050.5,0.0,22.02,22959.25,1
2024-01-04,2024-01-04 14:43:00,1050.5,1050.53,1050.5,1050.53,0.0,22.02,22959.25,1
2024-01-04,2024-01-04 14:44:00,1050.53,1050.56,1050.53,1050.56,0.0,22.02,22959.25,1
2024-01-04,2024-01-04 14:45:00,1050.56,1050.59,1050.56,1050.59,0.0,22.02,22959.25,1
2024-01-04,2024-01-04 14:46:00,1050.59,1050.62,1050.59,1050.62,0.0,22.02,22959.25,1
2024-01-04,2024-01-04 14:47:00,1050.62,1050.65,1050.62,1050.65,0.0,22.02,22959.25,1
2024-01-04,2024-01-04 14:48:00,1050.65,1050.68,1050.65,1050.68,0.0,22.02,22959.25,1
2024-01-04,2024-01-04 14:49:00,1050.68,1050.71,1050.68,1050.71,0.0,22.02,22959.25,1
2024-01-04,2024-01-04 14:50:00,1050.71,1050.74,1050.71,1050.74,0.0,22.02,22959.25,1
2024-01-04,2024-01-04 14:51:00,1050.74,1050.77,1050.74,1050.77,0.0,22.02,22959.25,1
2024-01-04,2024-01-04 14:52:00,1050.77,1050.8,1050.77,1050.8,0.0,22.02,22959.25,1
2024-01-04,2024-01-04 14:53:00,1050.8,1050.83,1050.8,1050.83,0.0,22.02,22959.25,1
2024-01-04,2024-01-04 14:54:00,1050.83,1050.85,1050.83,1050.85,0.0,22.02,22959.25,1
2024-01-04,2024-01-04 14:55:00,1050.85,1050.88,1050.85,1050.88,0.0,22.02,22959.25,1
2024-01-04,2024-01-04 14:56:00,1050.88,1050.91,1050.88,1050.91,0.0,22.02,22959.25,1
2024-01-04,2024-01-04 14:57:00,1050.91,1050.94,1050.91,1050.94,0.0,22.02,22959.25,1
2024-01-04,2024-01-04 14:58:00,1050.94,1050.97,1050.94,1050.97,0.0,22.02,22959.25,1
2024-01-04,2024-01-04 14:59:00,1050.97,1051.0,1050.97,1051.0,0.0,22.02,22959.25,1
2024-01-04,2024-01-04 15:00:00,1051.0,1085.0,1025.0,1051.0,0.0,22.02,22959.25,0
2024-01-07,2024-01-07 11:00:00,1052.0,1052.6,1042.7,1051.88,-0.01,15.55,16018.56,-1
2024-01-07,2024-01-07 11:01:00,1051.88,1051.88,1051.76,1051.76,-0.01,15.55,16018.56,-1
2024-01-07,2024-01-07 11:02:00,1051.76,1051.76,1051.64,1051.64,-0.01,15.55,16018.56,-1
2024-01-07,2024-01-07 11:03:00,1051.64,1051.64,1051.52,1051.52,-0.01,15.55,16018.56,-1
2024-01-07,2024-01-07 11:04:00,1051.52,1051.52,1051.4,1051.4,-0.01,15.55,16018.56,-1
2024-01-07,2024-01-07 11:05:00,1051.4,1051.4,1051.28,1051.28,-0.01,15.55,16018.56,-1
2024-01-07,2024-01-07 11:06:00,1051.28,1051.28,1051.15,1051.15,-0.01,15.55,16018.56,-1
2024-01-07,2024-01-07 11:07:00,1051.15,1051.15,1051.03,1051.03,-0.01,15.55,16018.56,-1
2024-01-07,2024-01-07 11:08:00,1051.03,1051.03,1050.91,1050.91,-0.01,15.55,16018.56,-1
2024-01-07,2024-01-07 11:09:00,1050.91,1050.91,1050.79,1050.79,-0.01,15.55,16018.56,-1
2024-01-07,2024-01-07 11:10:00,1050.79,1050.79,1050.67,1050.67,-0.01,15.55,16018.56,-1
2024-01-07,2024-01-07 11:11:00,1050.67,1050.67,1050.55,1050.55,-0.01,15.55,16018.56,-1
2024-01-07,2024-01-07 11:12:00,1050.55,1050.55,1050.43,1050.43,-0.01,15.55,16018.56,-1
2024-01-07,2024-01-07 11:13:00,1050.43,1050.43,1050.31,1050.31,-0.01,15.55,16018.56,-1
2024-01-07,2024-01-07 11:14:00,1050.31,1050.31,1050.19,1050.19,-0.01,15.55,16018.56,-1
2024-01-07,2024-01-07 11:15:00,1050.19,1050.19,1050.07,1050.07,-0.01,15.55,16018.56,-1
2024-01-07,2024-01-07 11:16:00,1050.07,1050.07,1049.95,1049.95,-0.01,15.55,16018.56,-1
2024-01-07,2024-01-07 11:17:00,1049.95,1049.95,1049.83,1049.83,-0.01,15.55,16018.56,-1
2024-01-07,2024-01-07 11:18:00,1049.83,1049.83,1049.7,1049.7,-0.01,15.55,16018.56,-1
2024-01-07,2024-01-07 11:19:00,1049.7,1049.7,1049.58,1049.58,-0.01,15.55,16018.56,-1
2024-01-07,2024-01-07 11:20:00,1049.58,1049.58,1049.46,1049.46,-0.01,15.55,16018.56,-1
2024-01-07,2024-01-07 11:21:00,1049.46,1049.46,1049.34,1049.34,-0.01,15.55,16018.56,-1
2024-01-07,2024-01-07 11:22:00,1049.34,1049.34,1049.22,1049.22,-0.01,15.55,16018.56,-1
2024-01-07,2024-01-07 11:23:00,1049.22,1049.22,1049.1,1049.1,-0.01,15.55,16018.56,-1
2024-01-07,2024-01-07 11:24:00,1049.1,1049.1,1048.98,1048.98,-0.01,15.55,16018.56,-1
2024-01-07,2024-01-07 11:25:00,1048.98,1048.98,1048.86,1048.86,-0.01,15.55,16018.56,-1
2024-01-07,2024-01-07 11:26:00,1048.86,1048.86,1048.74,1048.74,-0.01,15.55,16018.56,-1
2024-01-07,2024-01-07 11:27:00,1048.74,1048.74,1048.62,1048.62,-0.01,15.55,16018.56,-1
2024-01-07,2024-01-07 11:28:00,1048.62,1048.62,1048.5,1048.5,-0.01,15.55,16018.56,-1
2024-01-07,2024-01-07 11:29:00,1048.5,1048.5,1048.38,1048.38,-0.01,15.55,16018.56,-1
2024-01-07,2024-01-07 11:30:00,1048.38,1048.38,1048.25,1048.25,-0.01,15.55,16018.56,-1
2024-01-07,2024-01-07 11:31:00,1048.25,1048.25,1048.13,1048.13,-0.01,15.55,16018.56,-1
2024-01-07,2024-01-07 11:32:00,1048.13,1048.13,1048.01,1048.01,-0.01,15.55,16018.56,-1
2024-01-07,2024-01-07 11:33:00,1048.01,1048.01,1047.89,1047.89,-0.01,15.55,16018.56,-1
2024-01-07,2024-01-07 11:34:00,1047.89,1047.89,1047.77,1047.77,-0.01,15.55,16018.56,-1
2024-01-07,2024-01-07 11:35:00,1047.77,1047.77,1047.65,1047.65,-0.01,15.55,16018.56,-1
2024-01-07,2024-01-07 11:36:00,1047.65,1047.65,1047.53,1047.53,-0.01,15.55,16018.56,-1
2024-01-07,2024-01-07 11:37:00,1047.53,1047.53,1047.41,1047.41,-0.01,15.55,16018.56,-1
2024-01-07,2024-01-07 11:38:00,1047.41,1047.41,1047.29,1047.29,-0.01,15.55,16018.56,-1
2024-01-07,2024-01-07 11:39:00,1047.29,1047.29,1047.17,1047.17,-0.01,15.55,16018.56,-1
2024-01-07,2024-01-07 11:40:00,1047.17,1047.17,1047.05,1047.05,-0.01,15.55,16018.56,-1
2024-01-07,2024-01-07 11:41:00,1047.05,1047.05,1046.92,1046.92,-0.01,15.55,16018.56,-1
2024-01-07,2024-01-07 11:42:00,1046.92,1046.92,1046.8,1046.8,-0.01,15.55,16018.56,-1
2024-01-07,2024-01-07 11:43:00,1046.8,1046.8,1046.68,1046.68,-0.01,15.55,16018.56,-1
2024-01-07,2024-01-07 11:44:00,1046.68,1046.68,1046.56,1046.56,-0.01,15.55,16018.56,-1
2024-01-07,2024-01-07 11:45:00,1046.56,1046.56,1046.44,1046.44,-0.01,15.55,16018.56,-1
2024-01-07,2024-01-07 11:46:00,1046.44,1046.44,1046.32,1046.32,-0.01,15.55,16018.56,-1
2024-01-07,2024-01-07 11:47:00,1046.32,1046.32,1046.2,1046.2,-0.01,15.55,16018.56,-1
2024-01-07,2024-01-07 11:48:00,1046.2,1046.2,1046.08,1046.08,-0.01,15.55,16018.56,-1
2024-01-07,2024-01-07 11:49:00,1046.08,1046.08,1045.96,1045.96,-0.01,15.55,16018.56,-1
2024-01-07,2024-01-07 11:50:00,1045.96,1045.96,1045.84,1045.84,-0.01,15.55,16018.56,-1
2024-01-07,2024-01-07 11:51:00,1045.84,1045.84,1045.72,1045.72,-0.01,15.55,16018.56,-1
2024-01-07,2024-01-07 11:52:00,1045.72,1045.72,1045.6,1045.6,-0.01,15.55,16018.56,-1
2024-01-07,2024-01-07 11:53:00,1045.6,1045.6,1045.47,1045.47,-0.01,15.55,16018.56,-1
2024-01-07,2024-01-07 11:54:00,1045.47,1045.47,1045.35,1045.35,-0.01,15.55,16018.56,-1
2024-01-07,2024-01-07 11:55:00,1045.35,1045.35,1045.23,1045.23,-0.01,15.55,16018.56,-1
2024-01-07,2024-01-07 11:56:00,1045.23,1045.23,1045.11,1045.11,-0.01,15.55,16018.56,-1
2024-01-07,2024-01-07 11:57:00,1045.11,1045.11,1044.99,1044.99,-0.01,15.55,16018.56,-1
2024-01-07,2024-01-07 11:58:00,1044.99,1044.99,1044.87,1044.87,-0.01,15.55,16018.56,-1
2024-01-07,2024-01-07 11:59:00,1044.87,1044.87,1044.75,1044.75,-0.01,15.55,16018.56,-1
2024-01-07,2024-01-07 12:00:00,1044.75,1044.75,1044.63,1044.63,-0.01,15.55,16018.56,-1
2024-01-07,2024-01-07 12:01:00,1044.63,1044.63,1044.51,1044.51,-0.01,15.55,16018.56,-1
2024-01-07,2024-01-07 12:02:00,1044.51,1044.51,1044.39,1044.39,-0.01,15.55,16018.56,-1
2024-01-07,2024-01-07 12:03:00,1044.39,1044.39,1044.27,1044.27,-0.01,15.55,16018.56,-1
2024-01-07,2024-01-07 12:04:00,1044.27,1044.27,1044.15,1044.15,-0.01,15.55,16018.56,-1
2024-01-07,2024-01-07 12:05:00,1044.15,1044.15,1044.03,1044.03,-0.01,15.55,16018.56,-1
2024-01-07,2024-01-07 12:06:00,1044.03,1044.03,1043.9,1043.9,-0.01,15.55,16018.56,-1
2024-01-07,2024-01-07 12:07:00,1043.9,1043.9,1043.78,1043.78,-0.01,15.55,16018.56,-1
2024-01-07,2024-01-07 12:08:00,1043.78,1043.78,1043.66,1043.66,-0.01,15.55,16018.56,-1
2024-01-07,2024-01-07 12:09:00,1043.66,1043.66,1043.54,1043.54,-0.01,15.55,16018.56,-1
2024-01-07,2024-01-07 12:10:00,1043.54,1043.54,1043.42,1043.42,-0.01,15.55,16018.56,-1
2024-01-07,2024-01-07 12:11:00,1043.42,1043.42,1043.3,1043.3,-0.01,15.55,16018.56,-1
2024-01-07,2024-01-07 12:12:00,1043.3,1043.3,1043.18,1043.18,-0.01,15.55,16018.56,-1
2024-01-07,2024-01-07 12:13:00,1043.18,1043.18,1043.06,1043.06,-0.01,15.55,16018.56,-1
2024-01-07,2024-01-07 12:14:00,1043.06,1043.06,1042.94,1042.94,-0.01,15.55,16018.56,-1
2024-01-07,2024-01-07 12:15:00,1042.94,1042.94,1042.82,1042.82,-0.01,15.55,16018.56,-1
2024-01-07,2024-01-07 12:16:00,1042.82,1042.82,1042.7,1042.7,-0.01,15.55,16018.56,-1
2024-01-07,2024-01-07 12:17:00,1042.7,1042.7,1042.58,1042.58,-0.01,15.55,16018.56,-1
2024-01-07,2024-01-07 12:18:00,1042.58,1042.58,1042.45,1042.45,-0.01,15.55,16018.56,-1
2024-01-07,2024-01-07 12:19:00,1042.45,1042.45,1042.33,1042.33,-0.01,15.55,16018.56,-1
2024-01-07,2024-01-07 12:20:00,1042.33,1042.33,1042.21,1042.21,-0.01,15.55,16018.56,-1
2024-01-07,2024-01-07 12:21:00,1042.21,1042.21,1042.09,1042.09,-0.01,15.55,16018.56,-1
2024-01-07,2024-01-07 12:22:00,1042.09,1042.09,1041.97,1041.97,-0.01,15.55,16018.56,-1
2024-01-07,2024-01-07 12:23:00,1041.97,1041.97,1041.85,1041.85,-0.01,15.55,16018.56,-1
2024-01-07,2024-01-07 12:24:00,1041.85,1041.85,1041.73,1041.73,-0.01,15.55,16018.56,-1
2024-01-07,2024-01-07 12:25:00,1041.73,1041.73,1041.61,1041.61,-0.01,15.55,16018.56,-1
2024-01-07,2024-01-07 12:26:00,1041.61,1041.61,1041.49,1041.49,-0.01,15.55,16018.56,-1
2024-01-07,2024-01-07 12:27:00,1041.49,1041.49,1041.37,1041.37,-0.01,15.55,16018.56,-1
2024-01-07,2024-01-07 12:28:00,1041.37,1041.37,1041.25,1041.25,-0.01,15.55,16018.56,-1
2024-01-07,2024-01-07 12:29:00,1041.25,1041.25,1041.12,1041.12,-0.01,15.55,16018.56,-1
2024-01-07,2024-01-07 12:30:00,1041.12,1041.12,1041.0,1041.0,-0.01,15.55,16018.56,-1
2024-01-07,2024-01-07 12:31:00,1041.0,1041.0,1040.88,1040.88,-0.01,15.55,16018.56,-1
2024-01-07,2024-01-07 12:32:00,1040.88,1040.88,1040.76,1040.76,-0.01,15.55,16018.56,-1
2024-01-07,2024-01-07 12:33:00,1040.76,1040.76,1040.64,1040.64,-0.01,15.55,16018.56,-1
2024-01-07,2024-01-07 12:34:00,1040.64,1040.64,1040.52,1040.52,-0.01,15.55,16018.56,-1
2024-01-07,2024-01-07 12:35:00,1040.52,1040.52,1040.4,1040.4,-0.01,15.55,16018.56,-1
2024-01-07,2024-01-07 12:36:00,1040.4,1040.4,1040.28,1040.28,-0.01,15.55,16018.56,-1
2024-01-07,2024-01-07 12:37:00,1040.28,1040.28,1040.16,1040.16,-0.01,15.55,16018.56,-1
2024-01-07,2024-01-07 12:38:00,1040.16,1040.16,1040.04,1040.04,-0.01,15.55,16018.56,-1
2024-01-07,2024-01-07 12:39:00,1040.04,1040.04,1039.92,1039.92,-0.01,15.55,16018.56,-1
2024-01-07,2024-01-07 12:40:00,1039.92,1039.92,1039.8,1039.8,-0.01,15.55,16018.56,-1
2024-01-07,2024-01-07 12:41:00,1039.8,1039.8,1039.67,1039.67,-0.01,15.55,16018.56,-1
2024-01-07,2024-01-07 12:42:00,1039.67,1039.67,1039.55,1039.55,-0.01,15.55,16018.56,-1
2024-01-07,2024-01-07 12:43:00,1039.55,1039.55,1039.43,1039.43,-0.01,15.55,16018.56,-1
2024-01-07,2024-01-07 12:44:00,1039.43,1039.43,1039.31,1039.31,-0.01,15.55,16018.56,-1
2024-01-07,2024-01-07 12:45:00,1039.31,1039.31,1039.19,1039.19,-0.01,15.55,16018.56,-1
2024-01-07,2024-01-07 12:46:00,1039.19,1039.19,1039.07,1039.07,-0.01,15.55,16018.56,-1
2024-01-07,2024-01-07 12:47:00,1039.07,1039.07,1038.95,1038.95,-0.01,15.55,16018.56,-1
2024-01-07,2024-01-07 12:48:00,1038.95,1038.95,1038.83,1038.83,-0.01,15.55,16018.56,-1
2024-01-07,2024-01-07 12:49:00,1038.83,1038.83,1038.71,1038.71,-0.01,15.55,16018.56,-1
2024-01-07,2024-01-07 12:50:00,1038.71,1038.71,1038.59,1038.59,-0.01,15.55,16018.56,-1
2024-01-07,2024-01-07 12:51:00,1038.59,1038.59,1038.47,1038.47,-0.01,15.55,16018.56,-1
2024-01-07,2024-01-07 12:52:00,1038.47,1038.47,1038.35,1038.35,-0.01,15.55,16018.56,-1
2024-01-07,2024-01-07 12:53:00,1038.35,1038.35,1038.22,1038.22,-0.01,15.55,16018.56,-1
2024-01-07,2024-01-07 12:54:00,1038.22,1038.22,1038.1,1038.1,-0.01,15.55,16018.56,-1
2024-01-07,2024-01-07 12:55:00,1038.1,1038.1,1037.98,1037.98,-0.01,15.55,16018.56,-1
2024-01-07,2024-01-07 12:56:00,1037.98,1037.98,1037.86,1037.86,-0.01,15.55,16018.56,-1
2024-01-07,2024-01-07 12:57:00,1037.86,1037.86,1037.74,1037.74,-0.01,15.55,16018.56,-1
2024-01-07,2024-01-07 12:58:00,1037.74,1037.74,1037.62,1037.62,-0.01,15.55,16018.56,-1
2024-01-07,2024-01-07 12:59:00,1037.62,1037.62,1037.5,1037.5,-0.01,15.55,16018.56,-1
2024-01-07,2024-01-07 13:00:00,1037.5,1054.0,1021.0,1037.38,-0.01,15.55,16018.56,-1
2024-01-07,2024-01-07 13:01:00,1037.38,1037.38,1037.26,1037.26,-0.01,15.55,16018.56,-1
2024-01-07,2024-01-07 13:02:00,1037.26,1037.26,1037.14,1037.14,-0.01,15.55,16018.56,-1
2024-01-07,2024-01-07 13:03:00,1037.14,1037.14,1037.02,1037.02,-0.01,15.55,16018.56,-1
2024-01-07,2024-01-07 13:04:00,1037.02,1037.02,1036.9,1036.9,-0.01,15.55,16018.56,-1
2024-01-07,2024-01-07 13:05:00,1036.9,1036.9,1036.78,1036.78,-0.01,15.55,16018.56,-1
2024-01-07,2024-01-07 13:06:00,1036.78,1036.78,1036.65,1036.65,-0.01,15.55,16018.56,-1
2024-01-07,2024-01-07 13:07:00,1036.65,1036.65,1036.53,1036.53,-0.01,15.55,16018.56,-1
2024-01-07,2024-01-07 13:08:00,1036.53,1036.53,1036.41,1036.41,-0.01,15.55,16018.56,-1
2024-01-07,2024-01-07 13:09:00,1036.41,1036.41,1036.29,1036.29,-0.01,15.55,16018.56,-1
2024-01-07,2024-01-07 13:10:00,1036.29,1036.29,1036.17,1036.17,-0.01,15.55,16018.56,-1
2024-01-07,2024-01-07 13:11:00,1036.17,1036.17,1036.05,1036.05,-0.01,15.55,16018.56,-1
2024-01-07,2024-01-07 13:12:00,1036.05,1036.05,1035.93,1035.93,-0.01,15.55,16018.56,-1
2024-01-07,2024-01-07 13:13:00,1035.93,1035.93,1035.81,1035.81,-0.01,15.55,16018.56,-1
2024-01-07,2024-01-07 13:14:00,1035.81,1035.81,1035.69,1035.69,-0.01,15.55,16018.56,-1
2024-01-07,2024-01-07 13:15:00,1035.69,1035.69,1035.57,1035.57,-0.01,15.55,16018.56,-1
2024-01-07,2024-01-07 13:16:00,1035.57,1035.57,1035.45,1035.45,-0.01,15.55,16018.56,-1
2024-01-07,2024-01-07 13:17:00,1035.45,1035.45,1035.33,1035.33,-0.01,15.55,16018.56,-1
2024-01-07,2024-01-07 13:18:00,1035.33,1035.33,1035.2,1035.2,-0.01,15.55,16018.56,-1
2024-01-07,2024-01-07 13:19:00,1035.2,1035.2,1035.08,1035.08,-0.01,15.55,16018.56,-1
2024-01-07,2024-01-07 13:20:00,1035.08,1035.08,1034.96,1034.96,-0.01,15.55,16018.56,-1
2024-01-07,2024-01-07 13:21:00,1034.96,1034.96,1034.84,1034.84,-0.01,15.55,16018.56,-1
2024-01-07,2024-01-07 13:22:00,1034.84,1034.84,1034.72,1034.72,-0.01,15.55,16018.56,-1
2024-01-07,2024-01-07 13:23:00,1034.72,1034.72,1034.6,1034.6,-0.01,15.55,16018.56,-1
2024-01-07,2024-01-07 13:24:00,1034.6,1034.6,1034.48,1034.48,-0.01,15.55,16018.56,-1
2024-01-07,2024-01-07 13:25:00,1034.48,1034.48,1034.36,1034.36,-0.01,15.55,16018.56,-1
2024-01-07,2024-01-07 13:26:00,1034.36,1034.36,1034.24,1034.24,-0.01,15.55,16018.56,-1
2024-01-07,2024-01-07 13:27:00,1034.24,1034.24,1034.12,1034.12,-0.01,15.55,16018.56,-1
2024-01-07,2024-01-07 13:28:00,1034.12,1034.12,1034.0,1034.0,-0.01,15.55,16018.56,-1
2024-01-07,2024-01-07 13:29:00,1034.0,1034.0,1033.88,1033.88,-0.01,15.55,16018.56,-1
2024-01-07,2024-01-07 13:30:00,1033.88,1033.88,1033.75,1033.75,-0.01,15.55,16018.56,-1
2024-01-07,2024-01-07 13:31:00,1033.75,1033.75,1033.63,1033.63,-0.01,15.55,16018.56,-1
2024-01-07,2024-01-07 13:32:00,1033.63,1033.63,1033.51,1033.51,-0.01,15.55,16018.56,-1
2024-01-07,2024-01-07 13:33:00,1033.51,1033.51,1033.39,1033.39,-0.01,15.55,16018.56,-1
2024-01-07,2024-01-07 13:34:00,1033.39,1033.39,1033.27,1033.27,-0.01,15.55,16018.56,-1
2024-01-07,2024-01-07 13:35:00,1033.27,1033.27,1033.15,1033.15,-0.01,15.55,16018.56,-1
2024-01-07,2024-01-07 13:36:00,1033.15,1033.15,1033.03,1033.03,-0.01,15.55,16018.56,-1
2024-01-07,2024-01-07 13:37:00,1033.03,1033.03,1032.91,1032.91,-0.01,15.55,16018.56,-1
2024-01-07,2024-01-07 13:38:00,1032.91,1032.91,1032.79,1032.79,-0.01,15.55,16018.56,-1
2024-01-07,2024-01-07 13:39:00,1032.79,1032.79,1032.67,1032.67,-0.01,15.55,16018.56,-1
2024-01-07,2024-01-07 13:40:00,1032.67,1032.67,1032.55,1032.55,-0.01,15.55,16018.56,-1
2024-01-07,2024-01-07 13:41:00,1032.55,1032.55,1032.42,1032.42,-0.01,15.55,16018.56,-1
2024-01-07,2024-01-07 13:42:00,1032.42,1032.42,1032.3,1032.3,-0.01,15.55,16018.56,-1
2024-01-07,2024-01-07 13:43:00,1032.3,1032.3,1032.18,1032.18,-0.01,15.55,16018.56,-1
2024-01-07,2024-01-07 13:44:00,1032.18,1032.18,1032.06,1032.06,-0.01,15.55,16018.56,-1
2024-01-07,2024-01-07 13:45:00,1032.06,1032.06,1031.94,1031.94,-0.01,15.55,16018.56,-1
2024-01-07,2024-01-07 13:46:00,1031.94,1031.94,1031.82,1031.82,-0.01,15.55,16018.56,-1
2024-01-07,2024-01-07 13:47:00,1031.82,1031.82,1031.7,1031.7,-0.01,15.55,16018.56,-1
2024-01-07,2024-01-07 13:48:00,1031.7,1031.7,1031.58,1031.58,-0.01,15.55,16018.56,-1
2024-01-07,2024-01-07 13:49:00,1031.58,1031.58,1031.46,1031.46,-0.01,15.55,16018.56,-1
2024-01-07,2024-01-07 13:50:00,1031.46,1031.46,1031.34,1031.34,-0.01,15.55,16018.56,-1
2024-01-07,2024-01-07 13:51:00,1031.34,1031.34,1031.22,1031.22,-0.01,15.55,16018.56,-1
2024-01-07,2024-01-07 13:52:00,1031.22,1031.22,1031.1,1031.1,-0.01,15.55,16018.56,-1
2024-01-07,2024-01-07 13:53:00,1031.1,1031.1,1030.97,1030.97,-0.01,15.55,16018.56,-1
2024-01-07,2024-01-07 13:54:00,1030.97,1030.97,1030.85,1030.85,-0.01,15.55,16018.56,-1
2024-01-07,2024-01-07 13:55:00,1030.85,1030.85,1030.73,1030.73,-0.01,15.55,16018.56,-1
2024-01-07,2024-01-07 13:56:00,1030.73,1030.73,1030.61,1030.61,-0.01,15.55,16018.56,-1
2024-01-07,2024-01-07 13:57:00,1030.61,1030.61,1030.49,1030.49,-0.01,15.55,16018.56,-1
2024-01-07,2024-01-07 13:58:00,1030.49,1030.49,1030.37,1030.37,-0.01,15.55,16018.56,-1
2024-01-07,2024-01-07 13:59:00,1030.37,1030.37,1030.25,1030.25,-0.01,15.55,16018.56,-1
2024-01-07,2024-01-07 14:00:00,1030.25,1030.25,1030.13,1030.13,-0.01,15.55,16018.56,-1
2024-01-07,2024-01-07 14:01:00,1030.13,1030.13,1030.01,1030.01,-0.01,15.55,16018.56,-1
2024-01-07,2024-01-07 14:02:00,1030.01,1030.01,1029.89,1029.89,-0.01,15.55,16018.56,-1
2024-01-07,2024-01-07 14:03:00,1029.89,1029.89,1029.77,1029.77,-0.01,15.55,16018.56,-1
2024-01-07,2024-01-07 14:04:00,1029.77,1029.77,1029.65,1029.65,-0.01,15.55,16018.56,-1
2024-01-07,2024-01-07 14:05:00,1029.65,1029.65,1029.53,1029.53,-0.01,15.55,16018.56,-1
2024-01-07,2024-01-07 14:06:00,1029.53,1029.53,1029.4,1029.4,-0.01,15.55,16018.56,-1
2024-01-07,2024-01-07 14:07:00,1029.4,1029.4,1029.28,1029.28,-0.01,15.55,16018.56,-1
2024-01-07,2024-01-07 14:08:00,1029.28,1029.28,1029.16,1029.16,-0.01,15.55,16018.56,-1
2024-01-07,2024-01-07 14:09:00,1029.16,1029.16,1029.04,1029.04,-0.01,15.55,16018.56,-1
2024-01-07,2024-01-07 14:10:00,1029.04,1029.04,1028.92,1028.92,-0.01,15.55,16018.56,-1
2024-01-07,2024-01-07 14:11:00,1028.92,1028.92,1028.8,1028.8,-0.01,15.55,16018.56,-1
2024-01-07,2024-01-07 14:12:00,1028.8,1028.8,1028.68,1028.68,-0.01,15.55,16018.56,-1
2024-01-07,2024-01-07 14:13:00,1028.68,1028.68,1028.56,1028.56,-0.01,15.55,16018.56,-1
2024-01-07,2024-01-07 14:14:00,1028.56,1028.56,1028.44,1028.44,-0.01,15.55,16018.56,-1
2024-01-07,2024-01-07 14:15:00,1028.44,1028.44,1028.32,1028.32,-0.01,15.55,16018.56,-1
2024-01-07,2024-01-07 14:16:00,1028.32,1028.32,1028.2,1028.2,-0.01,15.55,16018.56,-1
2024-01-07,2024-01-07 14:17:00,1028.2,1028.2,1028.08,1028.08,-0.01,15.55,16018.56,-1
2024-01-07,2024-01-07 14:18:00,1028.08,1028.08,1027.95,1027.95,-0.01,15.55,16018.56,-1
2024-01-07,2024-01-07 14:19:00,1027.95,1027.95,1027.83,1027.83,-0.01,15.55,16018.56,-1
2024-01-07,2024-01-07 14:20:00,1027.83,1027.83,1027.71,1027.71,-0.01,15.55,16018.56,-1
2024-01-07,2024-01-07 14:21:00,1027.71,1027.71,1027.59,1027.59,-0.01,15.55,16018.56,-1
2024-01-07,2024-01-07 14:22:00,1027.59,1027.59,1027.47,1027.47,-0.01,15.55,16018.56,-1
2024-01-07,2024-01-07 14:23:00,1027.47,1027.47,1027.35,1027.35,-0.01,15.55,16018.56,-1
2024-01-07,2024-01-07 14:24:00,1027.35,1027.35,1027.23,1027.23,-0.01,15.55,16018.56,-1
2024-01-07,2024-01-07 14:25:00,1027.23,1027.23,1027.11,1027.11,-0.01,15.55,16018.56,-1
2024-01-07,2024-01-07 14:26:00,1027.11,1027.11,1026.99,1026.99,-0.01,15.55,16018.56,-1
2024-01-07,2024-01-07 14:27:00,1026.99,1026.99,1026.87,1026.87,-0.01,15.55,16018.56,-1
2024-01-07,2024-01-07 14:28:00,1026.87,1026.87,1026.75,1026.75,-0.01,15.55,16018.56,-1
2024-01-07,2024-01-07 14:29:00,1026.75,1026.75,1026.62,1026.62,-0.01,15.55,16018.56,-1
2024-01-07,2024-01-07 14:30:00,1026.62,1026.62,1026.5,1026.5,-0.01,15.55,16018.56,-1
2024-01-07,2024-01-07 14:31:00,1026.5,1026.5,1026.38,1026.38,-0.01,15.55,16018.56,-1
2024-01-07,2024-01-07 14:32:00,1026.38,1026.38,1026.26,1026.26,-0.01,15.55,16018.56,-1
2024-01-07,2024-01-07 14:33:00,1026.26,1026.26,1026.14,1026.14,-0.01,15.55,16018.56,-1
2024-01-07,2024-01-07 14:34:00,1026.14,1026.14,1026.02,1026.02,-0.01,15.55,16018.56,-1
2024-01-07,2024-01-07 14:35:00,1026.02,1026.02,1025.9,1025.9,-0.01,15.55,16018.56,-1
2024-01-07,2024-01-07 14:36:00,1025.9,1025.9,1025.78,1025.78,-0.01,15.55,16018.56,-1
2024-01-07,2024-01-07 14:37:00,1025.78,1025.78,1025.66,1025.66,-0.01,15.55,16018.56,-1
2024-01-07,2024-01-07 14:38:00,1025.66,1025.66,1025.54,1025.54,-0.01,15.55,16018.56,-1
2024-01-07,2024-01-07 14:39:00,1025.54,1025.54,1025.42,1025.42,-0.01,15.55,16018.56,-1
2024-01-07,2024-01-07 14:40:00,1025.42,1025.42,1025.3,1025.3,-0.01,15.55,16018.56,-1
2024-01-07,2024-01-07 14:41:00,1025.3,1025.3,1025.17,1025.17,-0.01,15.55,16018.56,-1
2024-01-07,2024-01-07 14:42:00,1025.17,1025.17,1025.05,1025.05,-0.01,15.55,16018.56,-1
2024-01-07,2024-01-07 14:43:00,1025.05,1025.05,1024.93,1024.93,-0.01,15.55,16018.56,-1
2024-01-07,2024-01-07 14:44:00,1024.93,1024.93,1024.81,1024.81,-0.01,15.55,16018.56,-1
2024-01-07,2024-01-07 14:45:00,1024.81,1024.81,1024.69,1024.69,-0.01,15.55,16018.56,-1
2024-01-07,2024-01-07 14:46:00,1024.69,1024.69,1024.57,1024.57,-0.01,15.55,16018.56,-1
2024-01-07,2024-01-07 14:47:00,1024.57,1024.57,1024.45,1024.45,-0.01,15.55,16018.56,-1
2024-01-07,2024-01-07 14:48:00,1024.45,1024.45,1024.33,1024.33,-0.01,15.55,16018.56,-1
2024-01-07,2024-01-07 14:49:00,1024.33,1024.33,1024.21,1024.21,-0.01,15.55,16018.56,-1
2024-01-07,2024-01-07 14:50:00,1024.21,1024.21,1024.09,1024.09,-0.01,15.55,16018.56,-1
2024-01-07,2024-01-07 14:51:00,1024.09,1024.09,1023.97,1023.97,-0.01,15.55,16018.56,-1
2024-01-07,2024-01-07 14:52:00,1023.97,1023.97,1023.85,1023.85,-0.01,15.55,16018.56,-1
2024-01-07,2024-01-07 14:53:00,1023.85,1023.85,1023.73,1023.73,-0.01,15.55,16018.56,-1
2024-01-07,2024-01-07 14:54:00,1023.73,1023.73,1023.6,1023.6,-0.01,15.55,16018.56,-1
2024-01-07,2024-01-07 14:55:00,1023.6,1023.6,1023.48,1023.48,-0.01,15.55,16018.56,-1
2024-01-07,2024-01-07 14:56:00,1023.48,1023.48,1023.36,1023.36,-0.01,15.55,16018.56,-1
2024-01-07,2024-01-07 14:57:00,1023.36,1023.36,1023.24,1023.24,-0.01,15.55,16018.56,-1
2024-01-07,2024-01-07 14:58:00,1023.24,1023.24,1023.12,1023.12,-0.01,15.55,16018.56,-1
2024-01-07,2024-01-07 14:59:00,1023.12,1023.12,1023.0,1023.0,-0.01,15.55,16018.56,-1
2024-01-07,2024-01-07 15:00:00,1023.0,1054.0,1021.0,1023.0,0.0,15.55,16018.56,0
2024-01-08,2024-01-08 11:00:00,1007.1,1022.97,1007.1,1007.28,0.02,10.95,11306.5,1
2024-01-08,2024-01-08 11:01:00,1007.28,1007.46,1007.28,1007.46,0.02,10.95,11306.5,1
2024-01-08,2024-01-08 11:02:00,1007.46,1007.64,1007.46,1007.64,0.02,10.95,11306.5,1
2024-01-08,2024-01-08 11:03:00,1007.64,1007.82,1007.64,1007.82,0.02,10.95,11306.5,1
2024-01-08,2024-01-08 11:04:00,1007.82,1007.99,1007.82,1007.99,0.02,10.95,11306.5,1
2024-01-08,2024-01-08 11:05:00,1007.99,1008.17,1007.99,1008.17,0.02,10.95,11306.5,1
2024-01-08,2024-01-08 11:06:00,1008.17,1008.35,1008.17,1008.35,0.02,10.95,11306.5,1
2024-01-08,2024-01-08 11:07:00,1008.35,1008.53,1008.35,1008.53,0.02,10.95,11306.5,1
2024-01-08,2024-01-08 11:08:00,1008.53,1008.71,1008.53,1008.71,0.02,10.95,11306.5,1
2024-01-08,2024-01-08 11:09:00,1008.71,1008.89,1008.71,1008.89,0.02,10.95,11306.5,1
2024-01-08,2024-01-08 11:10:00,1008.89,1009.07,1008.89,1009.07,0.02,10.95,11306.5,1
2024-01-08,2024-01-08 11:11:00,1009.07,1009.25,1009.07,1009.25,0.02,10.95,11306.5,1
2024-01-08,2024-01-08 11:12:00,1009.25,1009.42,1009.25,1009.42,0.02,10.95,11306.5,1
2024-01-08,2024-01-08 11:13:00,1009.42,1009.6,1009.42,1009.6,0.02,10.95,11306.5,1
2024-01-08,2024-01-08 11:14:00,1009.6,1009.78,1009.6,1009.78,0.02,10.95,11306.5,1
2024-01-08,2024-01-08 11:15:00,1009.78,1009.96,1009.78,1009.96,0.02,10.95,11306.5,1
2024-01-08,2024-01-08 11:16:00,1009.96,1010.14,1009.96,1010.14,0.02,10.95,11306.5,1
2024-01-08,2024-01-08 11:17:00,1010.14,1010.32,1010.14,1010.32,0.02,10.95,11306.5,1
2024-01-08,2024-01-08 11:18:00,1010.32,1010.5,1010.32,1010.5,0.02,10.95,11306.5,1
2024-01-08,2024-01-08 11:19:00,1010.5,1010.68,1010.5,1010.68,0.02,10.95,11306.5,1
2024-01-08,2024-01-08 11:20:00,1010.68,1010.85,1010.68,1010.85,0.02,10.95,11306.5,1
2024-01-08,2024-01-08 11:21:00,1010.85,1011.03,1010.85,1011.03,0.02,10.95,11306.5,1
2024-01-08,2024-01-08 11:22:00,1011.03,1011.21,1011.03,1011.21,0.02,10.95,11306.5,1
2024-01-08,2024-01-08 11:23:00,1011.21,1011.39,1011.21,1011.39,0.02,10.95,11306.5,1
2024-01-08,2024-01-08 11:24:00,1011.39,1011.57,1011.39,1011.57,0.02,10.95,11306.5,1
2024-01-08,2024-01-08 11:25:00,1011.57,1011.75,1011.57,1011.75,0.02,10.95,11306.5,1
2024-01-08,2024-01-08 11:26:00,1011.75,1011.93,1011.75,1011.93,0.02,10.95,11306.5,1
2024-01-08,2024-01-08 11:27:00,1011.93,1012.11,1011.93,1012.11,0.02,10.95,11306.5,1
2024-01-08,2024-01-08 11:28:00,1012.11,1012.28,1012.11,1012.28,0.02,10.95,11306.5,1
2024-01-08,2024-01-08 11:29:00,1012.28,1012.46,1012.28,1012.46,0.02,10.95,11306.5,1
2024-01-08,2024-01-08 11:30:00,1012.46,1012.64,1012.46,1012.64,0.02,10.95,11306.5,1
2024-01-08,2024-01-08 11:31:00,1012.64,1012.82,1012.64,1012.82,0.02,10.95,11306.5,1
2024-01-08,2024-01-08 11:32:00,1012.82,1013.0,1012.82,1013.0,0.02,10.95,11306.5,1
2024-01-08,2024-01-08 11:33:00,1013.0,1013.18,1013.0,1013.18,0.02,10.95,11306.5,1
2024-01-08,2024-01-08 11:34:00,1013.18,1013.36,1013.18,1013.36,0.02,10.95,11306.5,1
2024-01-08,2024-01-08 11:35:00,1013.36,1013.53,1013.36,1013.53,0.02,10.95,11306.5,1
2024-01-08,2024-01-08 11:36:00,1013.53,1013.71,1013.53,1013.71,0.02,10.95,11306.5,1
2024-01-08,2024-01-08 11:37:00,1013.71,1013.89,1013.71,1013.89,0.02,10.95,11306.5,1
2024-01-08,2024-01-08 11:38:00,1013.89,1014.07,1013.89,1014.07,0.02,10.95,11306.5,1
2024-01-08,2024-01-08 11:39:00,1014.07,1014.25,1014.07,1014.25,0.02,10.95,11306.5,1
2024-01-08,2024-01-08 11:40:00,1014.25,1014.43,1014.25,1014.43,0.02,10.95,11306.5,1
2024-01-08,2024-01-08 11:41:00,1014.43,1014.61,1014.43,1014.61,0.02,10.95,11306.5,1
2024-01-08,2024-01-08 11:42:00,1014.61,1014.79,1014.61,1014.79,0.02,10.95,11306.5,1
2024-01-08,2024-01-08 11:43:00,1014.79,1014.97,1014.79,1014.97,0.02,10.95,11306.5,1
2024-01-08,2024-01-08 11:44:00,1014.97,1015.14,1014.97,1015.14,0.02,10.95,11306.5,1
2024-01-08,2024-01-08 11:45:00,1015.14,1015.32,1015.14,1015.32,0.02,10.95,11306.5,1
2024-01-08,2024-01-08 11:46:00,1015.32,1015.5,1015.32,1015.5,0.02,10.95,11306.5,1
2024-01-08,2024-01-08 11:47:00,1015.5,1015.68,1015.5,1015.68,0.02,10.95,11306.5,1
2024-01-08,2024-01-08 11:48:00,1015.68,1015.86,1015.68,1015.86,0.02,10.95,11306.5,1
2024-01-08,2024-01-08 11:49:00,1015.86,1016.04,1015.86,1016.04,0.02,10.95,11306.5,1
2024-01-08,2024-01-08 11:50:00,1016.04,1016.22,1016.04,1016.22,0.02,10.95,11306.5,1
2024-01-08,2024-01-08 11:51:00,1016.22,1016.39,1016.22,1016.39,0.02,10.95,11306.5,1
2024-01-08,2024-01-08 11:52:00,1016.39,1016.57,1016.39,1016.57,0.02,10.95,11306.5,1
2024-01-08,2024-01-08 11:53:00,1016.57,1016.75,1016.57,1016.75,0.02,10.95,11306.5,1
2024-01-08,2024-01-08 11:54:00,1016.75,1016.93,1016.75,1016.93,0.02,10.95,11306.5,1
2024-01-08,2024-01-08 11:55:00,1016.93,1017.11,1016.93,1017.11,0.02,10.95,11306.5,1
2024-01-08,2024-01-08 11:56:00,1017.11,1017.29,1017.11,1017.29,0.02,10.95,11306.5,1
2024-01-08,2024-01-08 11:57:00,1017.29,1017.47,1017.29,1017.47,0.02,10.95,11306.5,1
2024-01-08,2024-01-08 11:58:00,1017.47,1017.65,1017.47,1017.65,0.02,10.95,11306.5,1
2024-01-08,2024-01-08 11:59:00,1017.65,1017.83,1017.65,1017.83,0.02,10.95,11306.5,1
2024-01-08,2024-01-08 12:00:00,1017.83,1018.0,1017.83,1018.0,0.02,10.95,11306.5,1
2024-01-08,2024-01-08 12:01:00,1018.0,1018.18,1018.0,1018.18,0.02,10.95,11306.5,1
2024-01-08,2024-01-08 12:02:00,1018.18,1018.36,1018.18,1018.36,0.02,10.95,11306.5,1
2024-01-08,2024-01-08 12:03:00,1018.36,1018.54,1018.36,1018.54,0.02,10.95,11306.5,1
2024-01-08,2024-01-08 12:04:00,1018.54,1018.72,1018.54,1018.72,0.02,10.95,11306.5,1
2024-01-08,2024-01-08 12:05:00,1018.72,1018.9,1018.72,1018.9,0.02,10.95,11306.5,1
2024-01-08,2024-01-08 12:06:00,1018.9,1019.08,1018.9,1019.08,0.02,10.95,11306.5,1
2024-01-08,2024-01-08 12:07:00,1019.08,1019.25,1019.08,1019.25,0.02,10.95,11306.5,1
2024-01-08,2024-01-08 12:08:00,1019.25,1019.43,1019.25,1019.43,0.02,10.95,11306.5,1
2024-01-08,2024-01-08 12:09:00,1019.43,1019.61,1019.43,1019.61,0.02,10.95,11306.5,1
2024-01-08,2024-01-08 12:10:00,1019.61,1019.79,1019.61,1019.79,0.02,10.95,11306.5,1
2024-01-08,2024-01-08 12:11:00,1019.79,1019.97,1019.79,1019.97,0.02,10.95,11306.5,1
2024-01-08,2024-01-08 12:12:00,1019.97,1020.15,1019.97,1020.15,0.02,10.95,11306.5,1
2024-01-08,2024-01-08 12:13:00,1020.15,1020.33,1020.15,1020.33,0.02,10.95,11306.5,1
2024-01-08,2024-01-08 12:14:00,1020.33,1020.51,1020.33,1020.51,0.02,10.95,11306.5,1
2024-01-08,2024-01-08 12:15:00,1020.51,1020.69,1020.51,1020.69,0.02,10.95,11306.5,1
2024-01-08,2024-01-08 12:16:00,1020.69,1020.86,1020.69,1020.86,0.02,10.95,11306.5,1
2024-01-08,2024-01-08 12:17:00,1020.86,1021.04,1020.86,1021.04,0.02,10.95,11306.5,1
2024-01-08,2024-01-08 12:18:00,1021.04,1021.22,1021.04,1021.22,0.02,10.95,11306.5,1
2024-01-08,2024-01-08 12:19:00,1021.22,1021.4,1021.22,1021.4,0.02,10.95,11306.5,1
2024-01-08,2024-01-08 12:20:00,1021.4,1021.58,1021.4,1021.58,0.02,10.95,11306.5,1
2024-01-08,2024-01-08 12:21:00,1021.58,1021.76,1021.58,1021.76,0.02,10.95,11306.5,1
2024-01-08,2024-01-08 12:22:00,1021.76,1021.94,1021.76,1021.94,0.02,10.95,11306.5,1
2024-01-08,2024-01-08 12:23:00,1021.94,1022.12,1021.94,1022.12,0.02,10.95,11306.5,1
2024-01-08,2024-01-08 12:24:00,1022.12,1022.29,1022.12,1022.29,0.02,10.95,11306.5,1
2024-01-08,2024-01-08 12:25:00,1022.29,1022.47,1022.29,1022.47,0.02,10.95,11306.5,1
2024-01-08,2024-01-08 12:26:00,1022.47,1022.65,1022.47,1022.65,0.02,10.95,11306.5,1
2024-01-08,2024-01-08 12:27:00,1022.65,1022.83,1022.65,1022.83,0.02,10.95,11306.5,1
2024-01-08,2024-01-08 12:28:00,1022.83,1023.01,1022.83,1023.01,0.02,10.95,11306.5,1
2024-01-08,2024-01-08 12:29:00,1023.01,1023.19,1023.01,1023.19,0.02,10.95,11306.5,1
2024-01-08,2024-01-08 12:30:00,1023.19,1023.37,1023.19,1023.37,0.02,10.95,11306.5,1
2024-01-08,2024-01-08 12:31:00,1023.37,1023.55,1023.37,1023.55,0.02,10.95,11306.5,1
2024-01-08,2024-01-08 12:32:00,1023.55,1023.72,1023.55,1023.72,0.02,10.95,11306.5,1
2024-01-08,2024-01-08 12:33:00,1023.72,1023.9,1023.72,1023.9,0.02,10.95,11306.5,1
2024-01-08,2024-01-08 12:34:00,1023.9,1024.08,1023.9,1024.08,0.02,10.95,11306.5,1
2024-01-08,2024-01-08 12:35:00,1024.08,1024.26,1024.08,1024.26,0.02,10.95,11306.5,1
2024-01-08,2024-01-08 12:36:00,1024.26,1024.44,1024.26,1024.44,0.02,10.95,11306.5,1
2024-01-08,2024-01-08 12:37:00,1024.44,1024.62,1024.44,1024.62,0.02,10.95,11306.5,1
2024-01-08,2024-01-08 12:38:00,1024.62,1024.8,1024.62,1024.8,0.02,10.95,11306.5,1
2024-01-08,2024-01-08 12:39:00,1024.8,1024.97,1024.8,1024.97,0.02,10.95,11306.5,1
2024-01-08,2024-01-08 12:40:00,1024.97,1025.15,1024.97,1025.15,0.02,10.95,11306.5,1
2024-01-08,2024-01-08 12:41:00,1025.15,1025.33,1025.15,1025.33,0.02,10.95,11306.5,1
2024-01-08,2024-01-08 12:42:00,1025.33,1025.51,1025.33,1025.51,0.02,10.95,11306.5,1
2024-01-08,2024-01-08 12:43:00,1025.51,1025.69,1025.51,1025.69,0.02,10.95,11306.5,1
2024-01-08,2024-01-08 12:44:00,1025.69,1025.87,1025.69,1025.87,0.02,10.95,11306.5,1
2024-01-08,2024-01-08 12:45:00,1025.87,1026.05,1025.87,1026.05,0.02,10.95,11306.5,1
2024-01-08,2024-01-08 12:46:00,1026.05,1026.23,1026.05,1026.23,0.02,10.95,11306.5,1
2024-01-08,2024-01-08 12:47:00,1026.23,1026.4,1026.23,1026.4,0.02,10.95,11306.5,1
2024-01-08,2024-01-08 12:48:00,1026.4,1026.58,1026.4,1026.58,0.02,10.95,11306.5,1
2024-01-08,2024-01-08 12:49:00,1026.58,1026.76,1026.58,1026.76,0.02,10.95,11306.5,1
2024-01-08,2024-01-08 12:50:00,1026.76,1026.94,1026.76,1026.94,0.02,10.95,11306.5,1
2024-01-08,2024-01-08 12:51:00,1026.94,1027.12,1026.94,1027.12,0.02,10.95,11306.5,1
2024-01-08,2024-01-08 12:52:00,1027.12,1027.3,1027.12,1027.3,0.02,10.95,11306.5,1
2024-01-08,2024-01-08 12:53:00,1027.3,1027.48,1027.3,1027.48,0.02,10.95,11306.5,1
2024-01-08,2024-01-08 12:54:00,1027.48,1027.66,1027.48,1027.66,0.02,10.95,11306.5,1
2024-01-08,2024-01-08 12:55:00,1027.66,1027.84,1027.66,1027.84,0.02,10.95,11306.5,1
2024-01-08,2024-01-08 12:56:00,1027.84,1028.01,1027.84,1028.01,0.02,10.95,11306.5,1
2024-01-08,2024-01-08 12:57:00,1028.01,1028.19,1028.01,1028.19,0.02,10.95,11306.5,1
2024-01-08,2024-01-08 12:58:00,1028.19,1028.37,1028.19,1028.37,0.02,10.95,11306.5,1
2024-01-08,2024-01-08 12:59:00,1028.37,1028.55,1028.37,1028.55,0.02,10.95,11306.5,1
2024-01-08,2024-01-08 13:00:00,1028.55,1060.0,1007.1,1028.73,0.02,10.95,11306.5,1
2024-01-08,2024-01-08 13:01:00,1028.73,1028.91,1028.73,1028.91,0.02,10.95,11306.5,1
2024-01-08,2024-01-08 13:02:00,1028.91,1029.09,1028.91,1029.09,0.02,10.95,11306.5,1
2024-01-08,2024-01-08 13:03:00,1029.09,1029.27,1029.09,1029.27,0.02,10.95,11306.5,1
2024-01-08,2024-01-08 13:04:00,1029.27,1029.44,1029.27,1029.44,0.02,10.95,11306.5,1
2024-01-08,2024-01-08 13:05:00,1029.44,1029.62,1029.44,1029.62,0.02,10.95,11306.5,1
2024-01-08,2024-01-08 13:06:00,1029.62,1029.8,1029.62,1029.8,0.02,10.95,11306.5,1
2024-01-08,2024-01-08 13:07:00,1029.8,1029.98,1029.8,1029.98,0.02,10.95,11306.5,1
2024-01-08,2024-01-08 13:08:00,1029.98,1030.16,1029.98,1030.16,0.02,10.95,11306.5,1
2024-01-08,2024-01-08 13:09:00,1030.16,1030.34,1030.16,1030.34,0.02,10.95,11306.5,1
2024-01-08,2024-01-08 13:10:00,1030.34,1030.52,1030.34,1030.52,0.02,10.95,11306.5,1
2024-01-08,2024-01-08 13:11:00,1030.52,1030.69,1030.52,1030.69,0.02,10.95,11306.5,1
2024-01-08,2024-01-08 13:12:00,1030.69,1030.87,1030.69,1030.87,0.02,10.95,11306.5,1
2024-01-08,2024-01-08 13:13:00,1030.87,1031.05,1030.87,1031.05,0.02,10.95,11306.5,1
2024-01-08,2024-01-08 13:14:00,1031.05,1031.23,1031.05,1031.23,0.02,10.95,11306.5,1
2024-01-08,2024-01-08 13:15:00,1031.23,1031.41,1031.23,1031.41,0.02,10.95,11306.5,1
2024-01-08,2024-01-08 13:16:00,1031.41,1031.59,1031.41,1031.59,0.02,10.95,11306.5,1
2024-01-08,2024-01-08 13:17:00,1031.59,1031.77,1031.59,1031.77,0.02,10.95,11306.5,1
2024-01-08,2024-01-08 13:18:00,1031.77,1031.95,1031.77,1031.95,0.02,10.95,11306.5,1
2024-01-08,2024-01-08 13:19:00,1031.95,1032.12,1031.95,1032.12,0.02,10.95,11306.5,1
2024-01-08,2024-01-08 13:20:00,1032.12,1032.3,1032.12,1032.3,0.02,10.95,11306.5,1
2024-01-08,2024-01-08 13:21:00,1032.3,1032.48,1032.3,1032.48,0.02,10.95,11306.5,1
2024-01-08,2024-01-08 13:22:00,1032.48,1032.66,1032.48,1032.66,0.02,10.95,11306.5,1
2024-01-08,2024-01-08 13:23:00,1032.66,1032.84,1032.66,1032.84,0.02,10.95,11306.5,1
2024-01-08,2024-01-08 13:24:00,1032.84,1033.02,1032.84,1033.02,0.02,10.95,11306.5,1
2024-01-08,2024-01-08 13:25:00,1033.02,1033.2,1033.02,1033.2,0.02,10.95,11306.5,1
2024-01-08,2024-01-08 13:26:00,1033.2,1033.38,1033.2,1033.38,0.02,10.95,11306.5,1
2024-01-08,2024-01-08 13:27:00,1033.38,1033.56,1033.38,1033.56,0.02,10.95,11306.5,1
2024-01-08,2024-01-08 13:28:00,1033.56,1033.73,1033.56,1033.73,0.02,10.95,11306.5,1
2024-01-08,2024-01-08 13:29:00,1033.73,1033.91,1033.73,1033.91,0.02,10.95,11306.5,1
2024-01-08,2024-01-08 13:30:00,1033.91,1034.09,1033.91,1034.09,0.02,10.95,11306.5,1
2024-01-08,2024-01-08 13:31:00,1034.09,1034.27,1034.09,1034.27,0.02,10.95,11306.5,1
2024-01-08,2024-01-08 13:32:00,1034.27,1034.45,1034.27,1034.45,0.02,10.95,11306.5,1
2024-01-08,2024-01-08 13:33:00,1034.45,1034.63,1034.45,1034.63,0.02,10.95,11306.5,1
2024-01-08,2024-01-08 13:34:00,1034.63,1034.81,1034.63,1034.81,0.02,10.95,11306.5,1
2024-01-08,2024-01-08 13:35:00,1034.81,1034.98,1034.81,1034.98,0.02,10.95,11306.5,1
2024-01-08,2024-01-08 13:36:00,1034.98,1035.16,1034.98,1035.16,0.02,10.95,11306.5,1
2024-01-08,2024-01-08 13:37:00,1035.16,1035.34,1035.16,1035.34,0.02,10.95,11306.5,1
2024-01-08,2024-01-08 13:38:00,1035.34,1035.52,1035.34,1035.52,0.02,10.95,11306.5,1
2024-01-08,2024-01-08 13:39:00,1035.52,1035.7,1035.52,1035.7,0.02,10.95,11306.5,1
2024-01-08,2024-01-08 13:40:00,1035.7,1035.88,1035.7,1035.88,0.02,10.95,11306.5,1
2024-01-08,2024-01-08 13:41:00,1035.88,1036.06,1035.88,1036.06,0.02,10.95,11306.5,1
2024-01-08,2024-01-08 13:42:00,1036.06,1036.24,1036.06,1036.24,0.02,10.95,11306.5,1
2024-01-08,2024-01-08 13:43:00,1036.24,1036.41,1036.24,1036.41,0.02,10.95,11306.5,1
2024-01-08,2024-01-08 13:44:00,1036.41,1036.59,1036.41,1036.59,0.02,10.95,11306.5,1
2024-01-08,2024-01-08 13:45:00,1036.59,1036.77,1036.59,1036.77,0.02,10.95,11306.5,1
2024-01-08,2024-01-08 13:46:00,1036.77,1036.95,1036.77,1036.95,0.02,10.95,11306.5,1
2024-01-08,2024-01-08 13:47:00,1036.95,1037.13,1036.95,1037.13,0.02,10.95,11306.5,1
2024-01-08,2024-01-08 13:48:00,1037.13,1037.31,1037.13,1037.31,0.02,10.95,11306.5,1
2024-01-08,2024-01-08 13:49:00,1037.31,1037.49,1037.31,1037.49,0.02,10.95,11306.5,1
2024-01-08,2024-01-08 13:50:00,1037.49,1037.67,1037.49,1037.67,0.02,10.95,11306.5,1
2024-01-08,2024-01-08 13:51:00,1037.67,1037.85,1037.67,1037.85,0.02,10.95,11306.5,1
2024-01-08,2024-01-08 13:52:00,1037.85,1038.02,1037.85,1038.02,0.02,10.95,11306.5,1
2024-01-08,2024-01-08 13:53:00,1038.02,1038.2,1038.02,1038.2,0.02,10.95,11306.5,1
2024-01-08,2024-01-08 13:54:00,1038.2,1038.38,1038.2,1038.38,0.02,10.95,11306.5,1
2024-01-08,2024-01-08 13:55:00,1038.38,1038.56,1038.38,1038.56,0.02,10.95,11306.5,1
2024-01-08,2024-01-08 13:56:00,1038.56,1038.74,1038.56,1038.74,0.02,10.95,11306.5,1
2024-01-08,2024-01-08 13:57:00,1038.74,1038.92,1038.74,1038.92,0.02,10.95,11306.5,1
2024-01-08,2024-01-08 13:58:00,1038.92,1039.1,1038.92,1039.1,0.02,10.95,11306.5,1
2024-01-08,2024-01-08 13:59:00,1039.1,1039.28,1039.1,1039.28,0.02,10.95,11306.5,1
2024-01-08,2024-01-08 14:00:00,1039.28,1039.45,1039.28,1039.45,0.02,10.95,11306.5,1
2024-01-08,2024-01-08 14:01:00,1039.45,1039.63,1039.45,1039.63,0.02,10.95,11306.5,1
2024-01-08,2024-01-08 14:02:00,1039.63,1039.81,1039.63,1039.81,0.02,10.95,11306.5,1
2024-01-08,2024-01-08 14:03:00,1039.81,1039.99,1039.81,1039.99,0.02,10.95,11306.5,1
2024-01-08,2024-01-08 14:04:00,1039.99,1040.17,1039.99,1040.17,0.02,10.95,11306.5,1
2024-01-08,2024-01-08 14:05:00,1040.17,1040.35,1040.17,1040.35,0.02,10.95,11306.5,1
2024-01-08,2024-01-08 14:06:00,1040.35,1040.53,1040.35,1040.53,0.02,10.95,11306.5,1
2024-01-08,2024-01-08 14:07:00,1040.53,1040.7,1040.53,1040.7,0.02,10.95,11306.5,1
2024-01-08,2024-01-08 14:08:00,1040.7,1040.88,1040.7,1040.88,0.02,10.95,11306.5,1
2024-01-08,2024-01-08 14:09:00,1040.88,1041.06,1040.88,1041.06,0.02,10.95,11306.5,1
2024-01-08,2024-01-08 14:10:00,1041.06,1041.24,1041.06,1041.24,0.02,10.95,11306.5,1
2024-01-08,2024-01-08 14:11:00,1041.24,1041.42,1041.24,1041.42,0.02,10.95,11306.5,1
2024-01-08,2024-01-08 14:12:00,1041.42,1041.6,1041.42,1041.6,0.02,10.95,11306.5,1
2024-01-08,2024-01-08 14:13:00,1041.6,1041.78,1041.6,1041.78,0.02,10.95,11306.5,1
2024-01-08,2024-01-08 14:14:00,1041.78,1041.96,1041.78,1041.96,0.02,10.95,11306.5,1
2024-01-08,2024-01-08 14:15:00,1041.96,1042.13,1041.96,1042.13,0.02,10.95,11306.5,1
2024-01-08,2024-01-08 14:16:00,1042.13,1042.31,1042.13,1042.31,0.02,10.95,11306.5,1
2024-01-08,2024-01-08 14:17:00,1042.31,1042.49,1042.31,1042.49,0.02,10.95,11306.5,1
2024-01-08,2024-01-08 14:18:00,1042.49,1042.67,1042.49,1042.67,0.02,10.95,11306.5,1
2024-01-08,2024-01-08 14:19:00,1042.67,1042.85,1042.67,1042.85,0.02,10.95,11306.5,1
2024-01-08,2024-01-08 14:20:00,1042.85,1043.03,1042.85,1043.03,0.02,10.95,11306.5,1
2024-01-08,2024-01-08 14:21:00,1043.03,1043.21,1043.03,1043.21,0.02,10.95,11306.5,1
2024-01-08,2024-01-08 14:22:00,1043.21,1043.39,1043.21,1043.39,0.02,10.95,11306.5,1
2024-01-08,2024-01-08 14:23:00,1043.39,1043.57,1043.39,1043.57,0.02,10.95,11306.5,1
2024-01-08,2024-01-08 14:24:00,1043.57,1043.74,1043.57,1043.74,0.02,10.95,11306.5,1
2024-01-08,2024-01-08 14:25:00,1043.74,1043.92,1043.74,1043.92,0.02,10.95,11306.5,1
2024-01-08,2024-01-08 14:26:00,1043.92,1044.1,1043.92,1044.1,0.02,10.95,11306.5,1
2024-01-08,2024-01-08 14:27:00,1044.1,1044.28,1044.1,1044.28,0.02,10.95,11306.5,1
2024-01-08,2024-01-08 14:28:00,1044.28,1044.46,1044.28,1044.46,0.02,10.95,11306.5,1
2024-01-08,2024-01-08 14:29:00,1044.46,1044.64,1044.46,1044.64,0.02,10.95,11306.5,1
2024-01-08,2024-01-08 14:30:00,1044.64,1044.82,1044.64,1044.82,0.02,10.95,11306.5,1
2024-01-08,2024-01-08 14:31:00,1044.82,1044.99,1044.82,1044.99,0.02,10.95,11306.5,1
2024-01-08,2024-01-08 14:32:00,1044.99,1045.17,1044.99,1045.17,0.02,10.95,11306.5,1
2024-01-08,2024-01-08 14:33:00,1045.17,1045.35,1045.17,1045.35,0.02,10.95,11306.5,1
2024-01-08,2024-01-08 14:34:00,1045.35,1045.53,1045.35,1045.53,0.02,10.95,11306.5,1
2024-01-08,2024-01-08 14:35:00,1045.53,1045.71,1045.53,1045.71,0.02,10.95,11306.5,1
2024-01-08,2024-01-08 14:36:00,1045.71,1045.89,1045.71,1045.89,0.02,10.95,11306.5,1
2024-01-08,2024-01-08 14:37:00,1045.89,1046.07,1045.89,1046.07,0.02,10.95,11306.5,1
2024-01-08,2024-01-08 14:38:00,1046.07,1046.25,1046.07,1046.25,0.02,10.95,11306.5,1
2024-01-08,2024-01-08 14:39:00,1046.25,1046.42,1046.25,1046.42,0.02,10.95,11306.5,1
2024-01-08,2024-01-08 14:40:00,1046.42,1046.6,1046.42,1046.6,0.02,10.95,11306.5,1
2024-01-08,2024-01-08 14:41:00,1046.6,1046.78,1046.6,1046.78,0.02,10.95,11306.5,1
2024-01-08,2024-01-08 14:42:00,1046.78,1046.96,1046.78,1046.96,0.02,10.95,11306.5,1
2024-01-08,2024-01-08 14:43:00,1046.96,1047.14,1046.96,1047.14,0.02,10.95,11306.5,1
2024-01-08,2024-01-08 14:44:00,1047.14,1047.32,1047.14,1047.32,0.02,10.95,11306.5,1
2024-01-08,2024-01-08 14:45:00,1047.32,1047.5,1047.32,1047.5,0.02,10.95,11306.5,1
2024-01-08,2024-01-08 14:46:00,1047.5,1047.68,1047.5,1047.68,0.02,10.95,11306.5,1
2024-01-08,2024-01-08 14:47:00,1047.68,1047.86,1047.68,1047.86,0.02,10.95,11306.5,1
2024-01-08,2024-01-08 14:48:00,1047.86,1048.03,1047.86,1048.03,0.02,10.95,11306.5,1
2024-01-08,2024-01-08 14:49:00,1048.03,1048.21,1048.03,1048.21,0.02,10.95,11306.5,1
2024-01-08,2024-01-08 14:50:00,1048.21,1048.39,1048.21,1048.39,0.02,10.95,11306.5,1
2024-01-08,2024-01-08 14:51:00,1048.39,1048.57,1048.39,1048.57,0.02,10.95,11306.5,1
2024-01-08,2024-01-08 14:52:00,1048.57,1048.75,1048.57,1048.75,0.02,10.95,11306.5,1
2024-01-08,2024-01-08 14:53:00,1048.75,1048.93,1048.75,1048.93,0.02,10.95,11306.5,1
2024-01-08,2024-01-08 14:54:00,1048.93,1049.11,1048.93,1049.11,0.02,10.95,11306.5,1
2024-01-08,2024-01-08 14:55:00,1049.11,1049.29,1049.11,1049.29,0.02,10.95,11306.5,1
2024-01-08,2024-01-08 14:56:00,1049.29,1049.46,1049.29,1049.46,0.02,10.95,11306.5,1
2024-01-08,2024-01-08 14:57:00,1049.46,1049.64,1049.46,1049.64,0.02,10.95,11306.5,1
2024-01-08,2024-01-08 14:58:00,1049.64,1049.82,1049.64,1049.82,0.02,10.95,11306.5,1
2024-01-08,2024-01-08 14:59:00,1049.82,1050.0,1049.82,1050.0,0.02,10.95,11306.5,1
2024-01-08,2024-01-08 15:00:00,1050.0,1060.0,1007.1,1050.0,0.0,10.95,11306.5,0
2024-01-09,2024-01-09 11:00:00,1031.1,1038.27,1031.1,1031.13,0.0,12.36,12884.07,1
2024-01-09,2024-01-09 11:01:00,1031.13,1031.16,1031.13,1031.16,0.0,12.36,12884.07,1
2024-01-09,2024-01-09 11:02:00,1031.16,1031.19,1031.16,1031.19,0.0,12.36,12884.07,1
2024-01-09,2024-01-09 11:03:00,1031.19,1031.21,1031.19,1031.21,0.0,12.36,12884.07,1
2024-01-09,2024-01-09 11:04:00,1031.21,1031.24,1031.21,1031.24,0.0,12.36,12884.07,1
2024-01-09,2024-01-09 11:05:00,1031.24,1031.27,1031.24,1031.27,0.0,12.36,12884.07,1
2024-01-09,2024-01-09 11:06:00,1031.27,1031.3,1031.27,1031.3,0.0,12.36,12884.07,1
2024-01-09,2024-01-09 11:07:00,1031.3,1031.33,1031.3,1031.33,0.0,12.36,12884.07,1
2024-01-09,2024-01-09 11:08:00,1031.33,1031.36,1031.33,1031.36,0.0,12.36,12884.07,1
2024-01-09,2024-01-09 11:09:00,1031.36,1031.39,1031.36,1031.39,0.0,12.36,12884.07,1
2024-01-09,2024-01-09 11:10:00,1031.39,1031.42,1031.39,1031.42,0.0,12.36,12884.07,1
2024-01-09,2024-01-09 11:11:00,1031.42,1031.44,1031.42,1031.44,0.0,12.36,12884.07,1
2024-01-09,2024-01-09 11:12:00,1031.44,1031.47,1031.44,1031.47,0.0,12.36,12884.07,1
2024-01-09,2024-01-09 11:13:00,1031.47,1031.5,1031.47,1031.5,0.0,12.36,12884.07,1
2024-01-09,2024-01-09 11:14:00,1031.5,1031.53,1031.5,1031.53,0.0,12.36,12884.07,1
2024-01-09,2024-01-09 11:15:00,1031.53,1031.56,1031.53,1031.56,0.0,12.36,12884.07,1
2024-01-09,2024-01-09 11:16:00,1031.56,1031.59,1031.56,1031.59,0.0,12.36,12884.07,1
2024-01-09,2024-01-09 11:17:00,1031.59,1031.62,1031.59,1031.62,0.0,12.36,12884.07,1
2024-01-09,2024-01-09 11:18:00,1031.62,1031.65,1031.62,1031.65,0.0,12.36,12884.07,1
2024-01-09,2024-01-09 11:19:00,1031.65,1031.67,1031.65,1031.67,0.0,12.36,12884.07,1
2024-01-09,2024-01-09 11:20:00,1031.67,1031.7,1031.67,1031.7,0.0,12.36,12884.07,1
2024-01-09,2024-01-09 11:21:00,1031.7,1031.73,1031.7,1031.73,0.0,12.36,12884.07,1
2024-01-09,2024-01-09 11:22:00,1031.73,1031.76,1031.73,1031.76,0.0,12.36,12884.07,1
2024-01-09,2024-01-09 11:23:00,1031.76,1031.79,1031.76,1031.79,0.0,12.36,12884.07,1
2024-01-09,2024-01-09 11:24:00,1031.79,1031.82,1031.79,1031.82,0.0,12.36,12884.07,1
2024-01-09,2024-01-09 11:25:00,1031.82,1031.85,1031.82,1031.85,0.0,12.36,12884.07,1
2024-01-09,2024-01-09 11:26:00,1031.85,1031.88,1031.85,1031.88,0.0,12.36,12884.07,1
2024-01-09,2024-01-09 11:27:00,1031.88,1031.9,1031.88,1031.9,0.0,12.36,12884.07,1
2024-01-09,2024-01-09 11:28:00,1031.9,1031.93,1031.9,1031.93,0.0,12.36,12884.07,1
2024-01-09,2024-01-09 11:29:00,1031.93,1031.96,1031.93,1031.96,0.0,12.36,12884.07,1
2024-01-09,2024-01-09 11:30:00,1031.96,1031.99,1031.96,1031.99,0.0,12.36,12884.07,1
2024-01-09,2024-01-09 11:31:00,1031.99,1032.02,1031.99,1032.02,0.0,12.36,12884.07,1
2024-01-09,2024-01-09 11:32:00,1032.02,1032.05,1032.02,1032.05,0.0,12.36,12884.07,1
2024-01-09,2024-01-09 11:33:00,1032.05,1032.08,1032.05,1032.08,0.0,12.36,12884.07,1
2024-01-09,2024-01-09 11:34:00,1032.08,1032.11,1032.08,1032.11,0.0,12.36,12884.07,1
2024-01-09,2024-01-09 11:35:00,1032.11,1032.13,1032.11,1032.13,0.0,12.36,12884.07,1
2024-01-09,2024-01-09 11:36:00,1032.13,1032.16,1032.13,1032.16,0.0,12.36,12884.07,1
2024-01-09,2024-01-09 11:37:00,1032.16,1032.19,1032.16,1032.19,0.0,12.36,12884.07,1
2024-01-09,2024-01-09 11:38:00,1032.19,1032.22,1032.19,1032.22,0.0,12.36,12884.07,1
2024-01-09,2024-01-09 11:39:00,1032.22,1032.25,1032.22,1032.25,0.0,12.36,12884.07,1
2024-01-09,2024-01-09 11:40:00,1032.25,1032.28,1032.25,1032.28,0.0,12.36,12884.07,1
2024-01-09,2024-01-09 11:41:00,1032.28,1032.31,1032.28,1032.31,0.0,12.36,12884.07,1
2024-01-09,2024-01-09 11:42:00,1032.31,1032.34,1032.31,1032.34,0.0,12.36,12884.07,1
2024-01-09,2024-01-09 11:43:00,1032.34,1032.37,1032.34,1032.37,0.0,12.36,12884.07,1
2024-01-09,2024-01-09 11:44:00,1032.37,1032.39,1032.37,1032.39,0.0,12.36,12884.07,1
2024-01-09,2024-01-09 11:45:00,1032.39,1032.42,1032.39,1032.42,0.0,12.36,12884.07,1
2024-01-09,2024-01-09 11:46:00,1032.42,1032.45,1032.42,1032.45,0.0,12.36,12884.07,1
2024-01-09,2024-01-09 11:47:00,1032.45,1032.48,1032.45,1032.48,0.0,12.36,12884.07,1
2024-01-09,2024-01-09 11:48:00,1032.48,1032.51,1032.48,1032.51,0.0,12.36,12884.07,1
2024-01-09,2024-01-09 11:49:00,1032.51,1032.54,1032.51,1032.54,0.0,12.36,12884.07,1
2024-01-09,2024-01-09 11:50:00,1032.54,1032.57,1032.54,1032.57,0.0,12.36,12884.07,1
2024-01-09,2024-01-09 11:51:00,1032.57,1032.6,1032.57,1032.6,0.0,12.36,12884.07,1
2024-01-09,2024-01-09 11:52:00,1032.6,1032.62,1032.6,1032.62,0.0,12.36,12884.07,1
2024-01-09,2024-01-09 11:53:00,1032.62,1032.65,1032.62,1032.65,0.0,12.36,12884.07,1
2024-01-09,2024-01-09 11:54:00,1032.65,1032.68,1032.65,1032.68,0.0,12.36,12884.07,1
2024-01-09,2024-01-09 11:55:00,1032.68,1032.71,1032.68,1032.71,0.0,12.36,12884.07,1
2024-01-09,2024-01-09 11:56:00,1032.71,1032.74,1032.71,1032.74,0.0,12.36,12884.07,1
2024-01-09,2024-01-09 11:57:00,1032.74,1032.77,1032.74,1032.77,0.0,12.36,12884.07,1
2024-01-09,2024-01-09 11:58:00,1032.77,1032.8,1032.77,1032.8,0.0,12.36,12884.07,1
2024-01-09,2024-01-09 11:59:00,1032.8,1032.82,1032.8,1032.82,0.0,12.36,12884.07,1
2024-01-09,2024-01-09 12:00:00,1032.82,1032.85,1032.82,1032.85,0.0,12.36,12884.07,1
2024-01-09,2024-01-09 12:01:00,1032.85,1032.88,1032.85,1032.88,0.0,12.36,12884.07,1
2024-01-09,2024-01-09 12:02:00,1032.88,1032.91,1032.88,1032.91,0.0,12.36,12884.07,1
2024-01-09,2024-01-09 12:03:00,1032.91,1032.94,1032.91,1032.94,0.0,12.36,12884.07,1
2024-01-09,2024-01-09 12:04:00,1032.94,1032.97,1032.94,1032.97,0.0,12.36,12884.07,1
2024-01-09,2024-01-09 12:05:00,1032.97,1033.0,1032.97,1033.0,0.0,12.36,12884.07,1
2024-01-09,2024-01-09 12:06:00,1033.0,1033.03,1033.0,1033.03,0.0,12.36,12884.07,1
2024-01-09,2024-01-09 12:07:00,1033.03,1033.05,1033.03,1033.05,0.0,12.36,12884.07,1
2024-01-09,2024-01-09 12:08:00,1033.05,1033.08,1033.05,1033.08,0.0,12.36,12884.07,1
2024-01-09,2024-01-09 12:09:00,1033.08,1033.11,1033.08,1033.11,0.0,12.36,12884.07,1
2024-01-09,2024-01-09 12:10:00,1033.11,1033.14,1033.11,1033.14,0.0,12.36,12884.07,1
2024-01-09,2024-01-09 12:11:00,1033.14,1033.17,1033.14,1033.17,0.0,12.36,12884.07,1
2024-01-09,2024-01-09 12:12:00,1033.17,1033.2,1033.17,1033.2,0.0,12.36,12884.07,1
2024-01-09,2024-01-09 12:13:00,1033.2,1033.23,1033.2,1033.23,0.0,12.36,12884.07,1
2024-01-09,2024-01-09 12:14:00,1033.23,1033.26,1033.23,1033.26,0.0,12.36,12884.07,1
2024-01-09,2024-01-09 12:15:00,1033.26,1033.28,1033.26,1033.28,0.0,12.36,12884.07,1
2024-01-09,2024-01-09 12:16:00,1033.28,1033.31,1033.28,1033.31,0.0,12.36,12884.07,1
2024-01-09,2024-01-09 12:17:00,1033.31,1033.34,1033.31,1033.34,0.0,12.36,12884.07,1
2024-01-09,2024-01-09 12:18:00,1033.34,1033.37,1033.34,1033.37,0.0,12.36,12884.07,1
2024-01-09,2024-01-09 12:19:00,1033.37,1033.4,1033.37,1033.4,0.0,12.36,12884.07,1
2024-01-09,2024-01-09 12:20:00,1033.4,1033.43,1033.4,1033.43,0.0,12.36,12884.07,1
2024-01-09,2024-01-09 12:21:00,1033.43,1033.46,1033.43,1033.46,0.0,12.36,12884.07,1
2024-01-09,2024-01-09 12:22:00,1033.46,1033.49,1033.46,1033.49,0.0,12.36,12884.07,1
2024-01-09,2024-01-09 12:23:00,1033.49,1033.51,1033.49,1033.51,0.0,12.36,12884.07,1
2024-01-09,2024-01-09 12:24:00,1033.51,1033.54,1033.51,1033.54,0.0,12.36,12884.07,1
2024-01-09,2024-01-09 12:25:00,1033.54,1033.57,1033.54,1033.57,0.0,12.36,12884.07,1
2024-01-09,2024-01-09 12:26:00,1033.57,1033.6,1033.57,1033.6,0.0,12.36,12884.07,1
2024-01-09,2024-01-09 12:27:00,1033.6,1033.63,1033.6,1033.63,0.0,12.36,12884.07,1
2024-01-09,2024-01-09 12:28:00,1033.63,1033.66,1033.63,1033.66,0.0,12.36,12884.07,1
2024-01-09,2024-01-09 12:29:00,1033.66,1033.69,1033.66,1033.69,0.0,12.36,12884.07,1
2024-01-09,2024-01-09 12:30:00,1033.69,1033.72,1033.69,1033.72,0.0,12.36,12884.07,1
2024-01-09,2024-01-09 12:31:00,1033.72,1033.74,1033.72,1033.74,0.0,12.36,12884.07,1
2024-01-09,2024-01-09 12:32:00,1033.74,1033.77,1033.74,1033.77,0.0,12.36,12884.07,1
2024-01-09,2024-01-09 12:33:00,1033.77,1033.8,1033.77,1033.8,0.0,12.36,12884.07,1
2024-01-09,2024-01-09 12:34:00,1033.8,1033.83,1033.8,1033.83,0.0,12.36,12884.07,1
2024-01-09,2024-01-09 12:35:00,1033.83,1033.86,1033.83,1033.86,0.0,12.36,12884.07,1
2024-01-09,2024-01-09 12:36:00,1033.86,1033.89,1033.86,1033.89,0.0,12.36,12884.07,1
2024-01-09,2024-01-09 12:37:00,1033.89,1033.92,1033.89,1033.92,0.0,12.36,12884.07,1
2024-01-09,2024-01-09 12:38:00,1033.92,1033.95,1033.92,1033.95,0.0,12.36,12884.07,1
2024-01-09,2024-01-09 12:39:00,1033.95,1033.97,1033.95,1033.97,0.0,12.36,12884.07,1
2024-01-09,2024-01-09 12:40:00,1033.97,1034.0,1033.97,1034.0,0.0,12.36,12884.07,1
2024-01-09,2024-01-09 12:41:00,1034.0,1034.03,1034.0,1034.03,0.0,12.36,12884.07,1
2024-01-09,2024-01-09 12:42:00,1034.03,1034.06,1034.03,1034.06,0.0,12.36,12884.07,1
2024-01-09,2024-01-09 12:43:00,1034.06,1034.09,1034.06,1034.09,0.0,12.36,12884.07,1
2024-01-09,2024-01-09 12:44:00,1034.09,1034.12,1034.09,1034.12,0.0,12.36,12884.07,1
2024-01-09,2024-01-09 12:45:00,1034.12,1034.15,1034.12,1034.15,0.0,12.36,12884.07,1
2024-01-09,2024-01-09 12:46:00,1034.15,1034.18,1034.15,1034.18,0.0,12.36,12884.07,1
2024-01-09,2024-01-09 12:47:00,1034.18,1034.2,1034.18,1034.2,0.0,12.36,12884.07,1
2024-01-09,2024-01-09 12:48:00,1034.2,1034.23,1034.2,1034.23,0.0,12.36,12884.07,1
2024-01-09,2024-01-09 12:49:00,1034.23,1034.26,1034.23,1034.26,0.0,12.36,12884.07,1
2024-01-09,2024-01-09 12:50:00,1034.26,1034.29,1034.26,1034.29,0.0,12.36,12884.07,1
2024-01-09,2024-01-09 12:51:00,1034.29,1034.32,1034.29,1034.32,0.0,12.36,12884.07,1
2024-01-09,2024-01-09 12:52:00,1034.32,1034.35,1034.32,1034.35,0.0,12.36,12884.07,1
2024-01-09,2024-01-09 12:53:00,1034.35,1034.38,1034.35,1034.38,0.0,12.36,12884.07,1
2024-01-09,2024-01-09 12:54:00,1034.38,1034.41,1034.38,1034.41,0.0,12.36,12884.07,1
2024-01-09,2024-01-09 12:55:00,1034.41,1034.43,1034.41,1034.43,0.0,12.36,12884.07,1
2024-01-09,2024-01-09 12:56:00,1034.43,1034.46,1034.43,1034.46,0.0,12.36,12884.07,1
2024-01-09,2024-01-09 12:57:00,1034.46,1034.49,1034.46,1034.49,0.0,12.36,12884.07,1
2024-01-09,2024-01-09 12:58:00,1034.49,1034.52,1034.49,1034.52,0.0,12.36,12884.07,1
2024-01-09,2024-01-09 12:59:00,1034.52,1034.55,1034.52,1034.55,0.0,12.36,12884.07,1
2024-01-09,2024-01-09 13:00:00,1034.55,1055.0,1031.1,1034.58,0.0,12.36,12884.07,1
2024-01-09,2024-01-09 13:01:00,1034.58,1034.61,1034.58,1034.61,0.0,12.36,12884.07,1
2024-01-09,2024-01-09 13:02:00,1034.61,1034.64,1034.61,1034.64,0.0,12.36,12884.07,1
2024-01-09,2024-01-09 13:03:00,1034.64,1034.66,1034.64,1034.66,0.0,12.36,12884.07,1
2024-01-09,2024-01-09 13:04:00,1034.66,1034.69,1034.66,1034.69,0.0,12.36,12884.07,1
2024-01-09,2024-01-09 13:05:00,1034.69,1034.72,1034.69,1034.72,0.0,12.36,12884.07,1
2024-01-09,2024-01-09 13:06:00,1034.72,1034.75,1034.72,1034.75,0.0,12.36,12884.07,1
2024-01-09,2024-01-09 13:07:00,1034.75,1034.78,1034.75,1034.78,0.0,12.36,12884.07,1
2024-01-09,2024-01-09 13:08:00,1034.78,1034.81,1034.78,1034.81,0.0,12.36,12884.07,1
2024-01-09,2024-01-09 13:09:00,1034.81,1034.84,1034.81,1034.84,0.0,12.36,12884.07,1
2024-01-09,2024-01-09 13:10:00,1034.84,1034.87,1034.84,1034.87,0.0,12.36,12884.07,1
2024-01-09,2024-01-09 13:11:00,1034.87,1034.89,1034.87,1034.89,0.0,12.36,12884.07,1
2024-01-09,2024-01-09 13:12:00,1034.89,1034.92,1034.89,1034.92,0.0,12.36,12884.07,1
2024-01-09,2024-01-09 13:13:00,1034.92,1034.95,1034.92,1034.95,0.0,12.36,12884.07,1
2024-01-09,2024-01-09 13:14:00,1034.95,1034.98,1034.95,1034.98,0.0,12.36,12884.07,1
2024-01-09,2024-01-09 13:15:00,1034.98,1035.01,1034.98,1035.01,0.0,12.36,12884.07,1
2024-01-09,2024-01-09 13:16:00,1035.01,1035.04,1035.01,1035.04,0.0,12.36,12884.07,1
2024-01-09,2024-01-09 13:17:00,1035.04,1035.07,1035.04,1035.07,0.0,12.36,12884.07,1
2024-01-09,2024-01-09 13:18:00,1035.07,1035.1,1035.07,1035.1,0.0,12.36,12884.07,1
2024-01-09,2024-01-09 13:19:00,1035.1,1035.12,1035.1,1035.12,0.0,12.36,12884.07,1
2024-01-09,2024-01-09 13:20:00,1035.12,1035.15,1035.12,1035.15,0.0,12.36,12884.07,1
2024-01-09,2024-01-09 13:21:00,1035.15,1035.18,1035.15,1035.18,0.0,12.36,12884.07,1
2024-01-09,2024-01-09 13:22:00,1035.18,1035.21,1035.18,1035.21,0.0,12.36,12884.07,1
2024-01-09,2024-01-09 13:23:00,1035.21,1035.24,1035.21,1035.24,0.0,12.36,12884.07,1
2024-01-09,2024-01-09 13:24:00,1035.24,1035.27,1035.24,1035.27,0.0,12.36,12884.07,1
2024-01-09,2024-01-09 13:25:00,1035.27,1035.3,1035.27,1035.3,0.0,12.36,12884.07,1
2024-01-09,2024-01-09 13:26:00,1035.3,1035.33,1035.3,1035.33,0.0,12.36,12884.07,1
2024-01-09,2024-01-09 13:27:00,1035.33,1035.36,1035.33,1035.36,0.0,12.36,12884.07,1
2024-01-09,2024-01-09 13:28:00,1035.36,1035.38,1035.36,1035.38,0.0,12.36,12884.07,1
2024-01-09,2024-01-09 13:29:00,1035.38,1035.41,1035.38,1035.41,0.0,12.36,12884.07,1
2024-01-09,2024-01-09 13:30:00,1035.41,1035.44,1035.41,1035.44,0.0,12.36,12884.07,1
2024-01-09,2024-01-09 13:31:00,1035.44,1035.47,1035.44,1035.47,0.0,12.36,12884.07,1
2024-01-09,2024-01-09 13:32:00,1035.47,1035.5,1035.47,1035.5,0.0,12.36,12884.07,1
2024-01-09,2024-01-09 13:33:00,1035.5,1035.53,1035.5,1035.53,0.0,12.36,12884.07,1
2024-01-09,2024-01-09 13:34:00,1035.53,1035.56,1035.53,1035.56,0.0,12.36,12884.07,1
2024-01-09,2024-01-09 13:35:00,1035.56,1035.59,1035.56,1035.59,0.0,12.36,12884.07,1
2024-01-09,2024-01-09 13:36:00,1035.59,1035.61,1035.59,1035.61,0.0,12.36,12884.07,1
2024-01-09,2024-01-09 13:37:00,1035.61,1035.64,1035.61,1035.64,0.0,12.36,12884.07,1
2024-01-09,2024-01-09 13:38:00,1035.64,1035.67,1035.64,1035.67,0.0,12.36,12884.07,1
2024-01-09,2024-01-09 13:39:00,1035.67,1035.7,1035.67,1035.7,0.0,12.36,12884.07,1
2024-01-09,2024-01-09 13:40:00,1035.7,1035.73,1035.7,1035.73,0.0,12.36,12884.07,1
2024-01-09,2024-01-09 13:41:00,1035.73,1035.76,1035.73,1035.76,0.0,12.36,12884.07,1
2024-01-09,2024-01-09 13:42:00,1035.76,1035.79,1035.76,1035.79,0.0,12.36,12884.07,1
2024-01-09,2024-01-09 13:43:00,1035.79,1035.82,1035.79,1035.82,0.0,12.36,12884.07,1
2024-01-09,2024-01-09 13:44:00,1035.82,1035.84,1035.82,1035.84,0.0,12.36,12884.07,1
2024-01-09,2024-01-09 13:45:00,1035.84,1035.87,1035.84,1035.87,0.0,12.36,12884.07,1
2024-01-09,2024-01-09 13:46:00,1035.87,1035.9,1035.87,1035.9,0.0,12.36,12884.07,1
2024-01-09,2024-01-09 13:47:00,1035.9,1035.93,1035.9,1035.93,0.0,12.36,12884.07,1
2024-01-09,2024-01-09 13:48:00,1035.93,1035.96,1035.93,1035.96,0.0,12.36,12884.07,1
2024-01-09,2024-01-09 13:49:00,1035.96,1035.99,1035.96,1035.99,0.0,12.36,12884.07,1
2024-01-09,2024-01-09 13:50:00,1035.99,1036.02,1035.99,1036.02,0.0,12.36,12884.07,1
2024-01-09,2024-01-09 13:51:00,1036.02,1036.05,1036.02,1036.05,0.0,12.36,12884.07,1
2024-01-09,2024-01-09 13:52:00,1036.05,1036.07,1036.05,1036.07,0.0,12.36,12884.07,1
2024-01-09,2024-01-09 13:53:00,1036.07,1036.1,1036.07,1036.1,0.0,12.36,12884.07,1
2024-01-09,2024-01-09 13:54:00,1036.1,1036.13,1036.1,1036.13,0.0,12.36,12884.07,1
2024-01-09,2024-01-09 13:55:00,1036.13,1036.16,1036.13,1036.16,0.0,12.36,12884.07,1
2024-01-09,2024-01-09 13:56:00,1036.16,1036.19,1036.16,1036.19,0.0,12.36,12884.07,1
2024-01-09,2024-01-09 13:57:00,1036.19,1036.22,1036.19,1036.22,0.0,12.36,12884.07,1
2024-01-09,2024-01-09 13:58:00,1036.22,1036.25,1036.22,1036.25,0.0,12.36,12884.07,1
2024-01-09,2024-01-09 13:59:00,1036.25,1036.28,1036.25,1036.28,0.0,12.36,12884.07,1
2024-01-09,2024-01-09 14:00:00,1036.28,1036.3,1036.28,1036.3,0.0,12.36,12884.07,1
2024-01-09,2024-01-09 14:01:00,1036.3,1036.33,1036.3,1036.33,0.0,12.36,12884.07,1
2024-01-09,2024-01-09 14:02:00,1036.33,1036.36,1036.33,1036.36,0.0,12.36,12884.07,1
2024-01-09,2024-01-09 14:03:00,1036.36,1036.39,1036.36,1036.39,0.0,12.36,12884.07,1
2024-01-09,2024-01-09 14:04:00,1036.39,1036.42,1036.39,1036.42,0.0,12.36,12884.07,1
2024-01-09,2024-01-09 14:05:00,1036.42,1036.45,1036.42,1036.45,0.0,12.36,12884.07,1
2024-01-09,2024-01-09 14:06:00,1036.45,1036.48,1036.45,1036.48,0.0,12.36,12884.07,1
2024-01-09,2024-01-09 14:07:00,1036.48,1036.5,1036.48,1036.5,0.0,12.36,12884.07,1
2024-01-09,2024-01-09 14:08:00,1036.5,1036.53,1036.5,1036.53,0.0,12.36,12884.07,1
2024-01-09,2024-01-09 14:09:00,1036.53,1036.56,1036.53,1036.56,0.0,12.36,12884.07,1
2024-01-09,2024-01-09 14:10:00,1036.56,1036.59,1036.56,1036.59,0.0,12.36,12884.07,1
2024-01-09,2024-01-09 14:11:00,1036.59,1036.62,1036.59,1036.62,0.0,12.36,12884.07,1
2024-01-09,2024-01-09 14:12:00,1036.62,1036.65,1036.62,1036.65,0.0,12.36,12884.07,1
2024-01-09,2024-01-09 14:13:00,1036.65,1036.68,1036.65,1036.68,0.0,12.36,12884.07,1
2024-01-09,2024-01-09 14:14:00,1036.68,1036.71,1036.68,1036.71,0.0,12.36,12884.07,1
2024-01-09,2024-01-09 14:15:00,1036.71,1036.73,1036.71,1036.73,0.0,12.36,12884.07,1
2024-01-09,2024-01-09 14:16:00,1036.73,1036.76,1036.73,1036.76,0.0,12.36,12884.07,1
2024-01-09,2024-01-09 14:17:00,1036.76,1036.79,1036.76,1036.79,0.0,12.36,12884.07,1
2024-01-09,2024-01-09 14:18:00,1036.79,1036.82,1036.79,1036.82,0.0,12.36,12884.07,1
2024-01-09,2024-01-09 14:19:00,1036.82,1036.85,1036.82,1036.85,0.0,12.36,12884.07,1
2024-01-09,2024-01-09 14:20:00,1036.85,1036.88,1036.85,1036.88,0.0,12.36,12884.07,1
2024-01-09,2024-01-09 14:21:00,1036.88,1036.91,1036.88,1036.91,0.0,12.36,12884.07,1
2024-01-09,2024-01-09 14:22:00,1036.91,1036.94,1036.91,1036.94,0.0,12.36,12884.07,1
2024-01-09,2024-01-09 14:23:00,1036.94,1036.96,1036.94,1036.96,0.0,12.36,12884.07,1
2024-01-09,2024-01-09 14:24:00,1036.96,1036.99,1036.96,1036.99,0.0,12.36,12884.07,1
2024-01-09,2024-01-09 14:25:00,1036.99,1037.02,1036.99,1037.02,0.0,12.36,12884.07,1
2024-01-09,2024-01-09 14:26:00,1037.02,1037.05,1037.02,1037.05,0.0,12.36,12884.07,1
2024-01-09,2024-01-09 14:27:00,1037.05,1037.08,1037.05,1037.08,0.0,12.36,12884.07,1
2024-01-09,2024-01-09 14:28:00,1037.08,1037.11,1037.08,1037.11,0.0,12.36,12884.07,1
2024-01-09,2024-01-09 14:29:00,1037.11,1037.14,1037.11,1037.14,0.0,12.36,12884.07,1
2024-01-09,2024-01-09 14:30:00,1037.14,1037.17,1037.14,1037.17,0.0,12.36,12884.07,1
2024-01-09,2024-01-09 14:31:00,1037.17,1037.19,1037.17,1037.19,0.0,12.36,12884.07,1
2024-01-09,2024-01-09 14:32:00,1037.19,1037.22,1037.19,1037.22,0.0,12.36,12884.07,1
2024-01-09,2024-01-09 14:33:00,1037.22,1037.25,1037.22,1037.25,0.0,12.36,12884.07,1
2024-01-09,2024-01-09 14:34:00,1037.25,1037.28,1037.25,1037.28,0.0,12.36,12884.07,1
2024-01-09,2024-01-09 14:35:00,1037.28,1037.31,1037.28,1037.31,0.0,12.36,12884.07,1
2024-01-09,2024-01-09 14:36:00,1037.31,1037.34,1037.31,1037.34,0.0,12.36,12884.07,1
2024-01-09,2024-01-09 14:37:00,1037.34,1037.37,1037.34,1037.37,0.0,12.36,12884.07,1
2024-01-09,2024-01-09 14:38:00,1037.37,1037.4,1037.37,1037.4,0.0,12.36,12884.07,1
2024-01-09,2024-01-09 14:39:00,1037.4,1037.42,1037.4,1037.42,0.0,12.36,12884.07,1
2024-01-09,2024-01-09 14:40:00,1037.42,1037.45,1037.42,1037.45,0.0,12.36,12884.07,1
2024-01-09,2024-01-09 14:41:00,1037.45,1037.48,1037.45,1037.48,0.0,12.36,12884.07,1
2024-01-09,2024-01-09 14:42:00,1037.48,1037.51,1037.48,1037.51,0.0,12.36,12884.07,1
2024-01-09,2024-01-09 14:43:00,1037.51,1037.54,1037.51,1037.54,0.0,12.36,12884.07,1
2024-01-09,2024-01-09 14:44:00,1037.54,1037.57,1037.54,1037.57,0.0,12.36,12884.07,1
2024-01-09,2024-01-09 14:45:00,1037.57,1037.6,1037.57,1037.6,0.0,12.36,12884.07,1
2024-01-09,2024-01-09 14:46:00,1037.6,1037.63,1037.6,1037.63,0.0,12.36,12884.07,1
2024-01-09,2024-01-09 14:47:00,1037.63,1037.65,1037.63,1037.65,0.0,12.36,12884.07,1
2024-01-09,2024-01-09 14:48:00,1037.65,1037.68,1037.65,1037.68,0.0,12.36,12884.07,1
2024-01-09,2024-01-09 14:49:00,1037.68,1037.71,1037.68,1037.71,0.0,12.36,12884.07,1
2024-01-09,2024-01-09 14:50:00,1037.71,1037.74,1037.71,1037.74,0.0,12.36,12884.07,1
2024-01-09,2024-01-09 14:51:00,1037.74,1037.77,1037.74,1037.77,0.0,12.36,12884.07,1
2024-01-09,2024-01-09 14:52:00,1037.77,1037.8,1037.77,1037.8,0.0,12.36,12884.07,1
2024-01-09,2024-01-09 14:53:00,1037.8,1037.83,1037.8,1037.83,0.0,12.36,12884.07,1
2024-01-09,2024-01-09 14:54:00,1037.83,1037.86,1037.83,1037.86,0.0,12.36,12884.07,1
2024-01-09,2024-01-09 14:55:00,1037.86,1037.88,1037.86,1037.88,0.0,12.36,12884.07,1
2024-01-09,2024-01-09 14:56:00,1037.88,1037.91,1037.88,1037.91,0.0,12.36,12884.07,1
2024-01-09,2024-01-09 14:57:00,1037.91,1037.94,1037.91,1037.94,0.0,12.36,12884.07,1
2024-01-09,2024-01-09 14:58:00,1037.94,1037.97,1037.94,1037.97,0.0,12.36,12884.07,1
2024-01-09,2024-01-09 14:59:00,1037.97,1038.0,1037.97,1038.0,0.0,12.36,12884.07,1
2024-01-09,2024-01-09 15:00:00,1038.0,1055.0,1031.1,1038.0,0.0,12.36,12884.07,0
2024-01-10,2024-01-10 11:00:00,1038.0,1048.8,1038.0,1038.03,0.0,23.2,24505.19,1
2024-01-10,2024-01-10 11:01:00,1038.03,1038.05,1038.03,1038.05,0.0,23.2,24505.19,1
2024-01-10,2024-01-10 11:02:00,1038.05,1038.08,1038.05,1038.08,0.0,23.2,24505.19,1
2024-01-10,2024-01-10 11:03:00,1038.08,1038.1,1038.08,1038.1,0.0,23.2,24505.19,1
2024-01-10,2024-01-10 11:04:00,1038.1,1038.12,1038.1,1038.12,0.0,23.2,24505.19,1
2024-01-10,2024-01-10 11:05:00,1038.12,1038.15,1038.12,1038.15,0.0,23.2,24505.19,1
2024-01-10,2024-01-10 11:06:00,1038.15,1038.17,1038.15,1038.17,0.0,23.2,24505.19,1
2024-01-10,2024-01-10 11:07:00,1038.17,1038.2,1038.17,1038.2,0.0,23.2,24505.19,1
2024-01-10,2024-01-10 11:08:00,1038.2,1038.22,1038.2,1038.22,0.0,23.2,24505.19,1
2024-01-10,2024-01-10 11:09:00,1038.22,1038.25,1038.22,1038.25,0.0,23.2,24505.19,1
2024-01-10,2024-01-10 11:10:00,1038.25,1038.28,1038.25,1038.28,0.0,23.2,24505.19,1
2024-01-10,2024-01-10 11:11:00,1038.28,1038.3,1038.28,1038.3,0.0,23.2,24505.19,1
2024-01-10,2024-01-10 11:12:00,1038.3,1038.33,1038.3,1038.33,0.0,23.2,24505.19,1
2024-01-10,2024-01-10 11:13:00,1038.33,1038.35,1038.33,1038.35,0.0,23.2,24505.19,1
2024-01-10,2024-01-10 11:14:00,1038.35,1038.38,1038.35,1038.38,0.0,23.2,24505.19,1
2024-01-10,2024-01-10 11:15:00,1038.38,1038.4,1038.38,1038.4,0.0,23.2,24505.19,1
2024-01-10,2024-01-10 11:16:00,1038.4,1038.42,1038.4,1038.42,0.0,23.2,24505.19,1
2024-01-10,2024-01-10 11:17:00,1038.42,1038.45,1038.42,1038.45,0.0,23.2,24505.19,1
2024-01-10,2024-01-10 11:18:00,1038.45,1038.47,1038.45,1038.47,0.0,23.2,24505.19,1
2024-01-10,2024-01-10 11:19:00,1038.47,1038.5,1038.47,1038.5,0.0,23.2,24505.19,1
2024-01-10,2024-01-10 11:20:00,1038.5,1038.53,1038.5,1038.53,0.0,23.2,24505.19,1
2024-01-10,2024-01-10 11:21:00,1038.53,1038.55,1038.53,1038.55,0.0,23.2,24505.19,1
2024-01-10,2024-01-10 11:22:00,1038.55,1038.58,1038.55,1038.58,0.0,23.2,24505.19,1
2024-01-10,2024-01-10 11:23:00,1038.58,1038.6,1038.58,1038.6,0.0,23.2,24505.19,1
2024-01-10,2024-01-10 11:24:00,1038.6,1038.62,1038.6,1038.62,0.0,23.2,24505.19,1
2024-01-10,2024-01-10 11:25:00,1038.62,1038.65,1038.62,1038.65,0.0,23.2,24505.19,1
2024-01-10,2024-01-10 11:26:00,1038.65,1038.67,1038.65,1038.67,0.0,23.2,24505.19,1
2024-01-10,2024-01-10 11:27:00,1038.67,1038.7,1038.67,1038.7,0.0,23.2,24505.19,1
2024-01-10,2024-01-10 11:28:00,1038.7,1038.72,1038.7,1038.72,0.0,23.2,24505.19,1
2024-01-10,2024-01-10 11:29:00,1038.72,1038.75,1038.72,1038.75,0.0,23.2,24505.19,1
2024-01-10,2024-01-10 11:30:00,1038.75,1038.78,1038.75,1038.78,0.0,23.2,24505.19,1
2024-01-10,2024-01-10 11:31:00,1038.78,1038.8,1038.78,1038.8,0.0,23.2,24505.19,1
2024-01-10,2024-01-10 11:32:00,1038.8,1038.83,1038.8,1038.83,0.0,23.2,24505.19,1
2024-01-10,2024-01-10 11:33:00,1038.83,1038.85,1038.83,1038.85,0.0,23.2,24505.19,1
2024-01-10,2024-01-10 11:34:00,1038.85,1038.88,1038.85,1038.88,0.0,23.2,24505.19,1
2024-01-10,2024-01-10 11:35:00,1038.88,1038.9,1038.88,1038.9,0.0,23.2,24505.19,1
2024-01-10,2024-01-10 11:36:00,1038.9,1038.92,1038.9,1038.92,0.0,23.2,24505.19,1
2024-01-10,2024-01-10 11:37:00,1038.92,1038.95,1038.92,1038.95,0.0,23.2,24505.19,1
2024-01-10,2024-01-10 11:38:00,1038.95,1038.97,1038.95,1038.97,0.0,23.2,24505.19,1
2024-01-10,2024-01-10 11:39:00,1038.97,1039.0,1038.97,1039.0,0.0,23.2,24505.19,1
2024-01-10,2024-01-10 11:40:00,1039.0,1039.03,1039.0,1039.03,0.0,23.2,24505.19,1
2024-01-10,2024-01-10 11:41:00,1039.03,1039.05,1039.03,1039.05,0.0,23.2,24505.19,1
2024-01-10,2024-01-10 11:42:00,1039.05,1039.08,1039.05,1039.08,0.0,23.2,24505.19,1
2024-01-10,2024-01-10 11:43:00,1039.08,1039.1,1039.08,1039.1,0.0,23.2,24505.19,1
2024-01-10,2024-01-10 11:44:00,1039.1,1039.12,1039.1,1039.12,0.0,23.2,24505.19,1
2024-01-10,2024-01-10 11:45:00,1039.12,1039.15,1039.12,1039.15,0.0,23.2,24505.19,1
2024-01-10,2024-01-10 11:46:00,1039.15,1039.17,1039.15,1039.17,0.0,23.2,24505.19,1
2024-01-10,2024-01-10 11:47:00,1039.17,1039.2,1039.17,1039.2,0.0,23.2,24505.19,1
2024-01-10,2024-01-10 11:48:00,1039.2,1039.22,1039.2,1039.22,0.0,23.2,24505.19,1
2024-01-10,2024-01-10 11:49:00,1039.22,1039.25,1039.22,1039.25,0.0,23.2,24505.19,1
2024-01-10,2024-01-10 11:50:00,1039.25,1039.28,1039.25,1039.28,0.0,23.2,24505.19,1
2024-01-10,2024-01-10 11:51:00,1039.28,1039.3,1039.28,1039.3,0.0,23.2,24505.19,1
2024-01-10,2024-01-10 11:52:00,1039.3,1039.33,1039.3,1039.33,0.0,23.2,24505.19,1
2024-01-10,2024-01-10 11:53:00,1039.33,1039.35,1039.33,1039.35,0.0,23.2,24505.19,1
2024-01-10,2024-01-10 11:54:00,1039.35,1039.38,1039.35,1039.38,0.0,23.2,24505.19,1
2024-01-10,2024-01-10 11:55:00,1039.38,1039.4,1039.38,1039.4,0.0,23.2,24505.19,1
2024-01-10,2024-01-10 11:56:00,1039.4,1039.42,1039.4,1039.42,0.0,23.2,24505.19,1
2024-01-10,2024-01-10 11:57:00,1039.42,1039.45,1039.42,1039.45,0.0,23.2,24505.19,1
2024-01-10,2024-01-10 11:58:00,1039.45,1039.47,1039.45,1039.47,0.0,23.2,24505.19,1
2024-01-10,2024-01-10 11:59:00,1039.47,1039.5,1039.47,1039.5,0.0,23.2,24505.19,1
2024-01-10,2024-01-10 12:00:00,1039.5,1039.53,1039.5,1039.53,0.0,23.2,24505.19,1
2024-01-10,2024-01-10 12:01:00,1039.53,1039.55,1039.53,1039.55,0.0,23.2,24505.19,1
2024-01-10,2024-01-10 12:02:00,1039.55,1039.58,1039.55,1039.58,0.0,23.2,24505.19,1
2024-01-10,2024-01-10 12:03:00,1039.58,1039.6,1039.58,1039.6,0.0,23.2,24505.19,1
2024-01-10,2024-01-10 12:04:00,1039.6,1039.62,1039.6,1039.62,0.0,23.2,24505.19,1
2024-01-10,2024-01-10 12:05:00,1039.62,1039.65,1039.62,1039.65,0.0,23.2,24505.19,1
2024-01-10,2024-01-10 12:06:00,1039.65,1039.67,1039.65,1039.67,0.0,23.2,24505.19,1
2024-01-10,2024-01-10 12:07:00,1039.67,1039.7,1039.67,1039.7,0.0,23.2,24505.19,1
2024-01-10,2024-01-10 12:08:00,1039.7,1039.72,1039.7,1039.72,0.0,23.2,24505.19,1
2024-01-10,2024-01-10 12:09:00,1039.72,1039.75,1039.72,1039.75,0.0,23.2,24505.19,1
2024-01-10,2024-01-10 12:10:00,1039.75,1039.78,1039.75,1039.78,0.0,23.2,24505.19,1
2024-01-10,2024-01-10 12:11:00,1039.78,1039.8,1039.78,1039.8,0.0,23.2,24505.19,1
2024-01-10,2024-01-10 12:12:00,1039.8,1039.83,1039.8,1039.83,0.0,23.2,24505.19,1
2024-01-10,2024-01-10 12:13:00,1039.83,1039.85,1039.83,1039.85,0.0,23.2,24505.19,1
2024-01-10,2024-01-10 12:14:00,1039.85,1039.88,1039.85,1039.88,0.0,23.2,24505.19,1
2024-01-10,2024-01-10 12:15:00,1039.88,1039.9,1039.88,1039.9,0.0,23.2,24505.19,1
2024-01-10,2024-01-10 12:16:00,1039.9,1039.92,1039.9,1039.92,0.0,23.2,24505.19,1
2024-01-10,2024-01-10 12:17:00,1039.92,1039.95,1039.92,1039.95,0.0,23.2,24505.19,1
2024-01-10,2024-01-10 12:18:00,1039.95,1039.97,1039.95,1039.97,0.0,23.2,24505.19,1
2024-01-10,2024-01-10 12:19:00,1039.97,1040.0,1039.97,1040.0,0.0,23.2,24505.19,1
2024-01-10,2024-01-10 12:20:00,1040.0,1040.03,1040.0,1040.03,0.0,23.2,24505.19,1
2024-01-10,2024-01-10 12:21:00,1040.03,1040.05,1040.03,1040.05,0.0,23.2,24505.19,1
2024-01-10,2024-01-10 12:22:00,1040.05,1040.08,1040.05,1040.08,0.0,23.2,24505.19,1
2024-01-10,2024-01-10 12:23:00,1040.08,1040.1,1040.08,1040.1,0.0,23.2,24505.19,1
2024-01-10,2024-01-10 12:24:00,1040.1,1040.12,1040.1,1040.12,0.0,23.2,24505.19,1
2024-01-10,2024-01-10 12:25:00,1040.12,1040.15,1040.12,1040.15,0.0,23.2,24505.19,1
2024-01-10,2024-01-10 12:26:00,1040.15,1040.17,1040.15,1040.17,0.0,23.2,24505.19,1
2024-01-10,2024-01-10 12:27:00,1040.17,1040.2,1040.17,1040.2,0.0,23.2,24505.19,1
2024-01-10,2024-01-10 12:28:00,1040.2,1040.22,1040.2,1040.22,0.0,23.2,24505.19,1
2024-01-10,2024-01-10 12:29:00,1040.22,1040.25,1040.22,1040.25,0.0,23.2,24505.19,1
2024-01-10,2024-01-10 12:30:00,1040.25,1040.28,1040.25,1040.28,0.0,23.2,24505.19,1
2024-01-10,2024-01-10 12:31:00,1040.28,1040.3,1040.28,1040.3,0.0,23.2,24505.19,1
2024-01-10,2024-01-10 12:32:00,1040.3,1040.33,1040.3,1040.33,0.0,23.2,24505.19,1
2024-01-10,2024-01-10 12:33:00,1040.33,1040.35,1040.33,1040.35,0.0,23.2,24505.19,1
2024-01-10,2024-01-10 12:34:00,1040.35,1040.38,1040.35,1040.38,0.0,23.2,24505.19,1
2024-01-10,2024-01-10 12:35:00,1040.38,1040.4,1040.38,1040.4,0.0,23.2,24505.19,1
2024-01-10,2024-01-10 12:36:00,1040.4,1040.42,1040.4,1040.42,0.0,23.2,24505.19,1
2024-01-10,2024-01-10 12:37:00,1040.42,1040.45,1040.42,1040.45,0.0,23.2,24505.19,1
2024-01-10,2024-01-10 12:38:00,1040.45,1040.47,1040.45,1040.47,0.0,23.2,24505.19,1
2024-01-10,2024-01-10 12:39:00,1040.47,1040.5,1040.47,1040.5,0.0,23.2,24505.19,1
2024-01-10,2024-01-10 12:40:00,1040.5,1040.53,1040.5,1040.53,0.0,23.2,24505.19,1
2024-01-10,2024-01-10 12:41:00,1040.53,1040.55,1040.53,1040.55,0.0,23.2,24505.19,1
2024-01-10,2024-01-10 12:42:00,1040.55,1040.58,1040.55,1040.58,0.0,23.2,24505.19,1
2024-01-10,2024-01-10 12:43:00,1040.58,1040.6,1040.58,1040.6,0.0,23.2,24505.19,1
2024-01-10,2024-01-10 12:44:00,1040.6,1040.62,1040.6,1040.62,0.0,23.2,24505.19,1
2024-01-10,2024-01-10 12:45:00,1040.62,1040.65,1040.62,1040.65,0.0,23.2,24505.19,1
2024-01-10,2024-01-10 12:46:00,1040.65,1040.67,1040.65,1040.67,0.0,23.2,24505.19,1
2024-01-10,2024-01-10 12:47:00,1040.67,1040.7,1040.67,1040.7,0.0,23.2,24505.19,1
2024-01-10,2024-01-10 12:48:00,1040.7,1040.72,1040.7,1040.72,0.0,23.2,24505.19,1
2024-01-10,2024-01-10 12:49:00,1040.72,1040.75,1040.72,1040.75,0.0,23.2,24505.19,1
2024-01-10,2024-01-10 12:50:00,1040.75,1040.78,1040.75,1040.78,0.0,23.2,24505.19,1
2024-01-10,2024-01-10 12:51:00,1040.78,1040.8,1040.78,1040.8,0.0,23.2,24505.19,1
2024-01-10,2024-01-10 12:52:00,1040.8,1040.83,1040.8,1040.83,0.0,23.2,24505.19,1
2024-01-10,2024-01-10 12:53:00,1040.83,1040.85,1040.83,1040.85,0.0,23.2,24505.19,1
2024-01-10,2024-01-10 12:54:00,1040.85,1040.88,1040.85,1040.88,0.0,23.2,24505.19,1
2024-01-10,2024-01-10 12:55:00,1040.88,1040.9,1040.88,1040.9,0.0,23.2,24505.19,1
2024-01-10,2024-01-10 12:56:00,1040.9,1040.92,1040.9,1040.92,0.0,23.2,24505.19,1
2024-01-10,2024-01-10 12:57:00,1040.92,1040.95,1040.92,1040.95,0.0,23.2,24505.19,1
2024-01-10,2024-01-10 12:58:00,1040.95,1040.97,1040.95,1040.97,0.0,23.2,24505.19,1
2024-01-10,2024-01-10 12:59:00,1040.97,1041.0,1040.97,1041.0,0.0,23.2,24505.19,1
2024-01-10,2024-01-10 13:00:00,1041.0,1074.0,1038.0,1041.03,0.0,23.2,24505.19,1
2024-01-10,2024-01-10 13:01:00,1041.03,1041.05,1041.03,1041.05,0.0,23.2,24505.19,1
2024-01-10,2024-01-10 13:02:00,1041.05,1041.08,1041.05,1041.08,0.0,23.2,24505.19,1
2024-01-10,2024-01-10 13:03:00,1041.08,1041.1,1041.08,1041.1,0.0,23.2,24505.19,1
2024-01-10,2024-01-10 13:04:00,1041.1,1041.12,1041.1,1041.12,0.0,23.2,24505.19,1
2024-01-10,2024-01-10 13:05:00,1041.12,1041.15,1041.12,1041.15,0.0,23.2,24505.19,1
2024-01-10,2024-01-10 13:06:00,1041.15,1041.17,1041.15,1041.17,0.0,23.2,24505.19,1
2024-01-10,2024-01-10 13:07:00,1041.17,1041.2,1041.17,1041.2,0.0,23.2,24505.19,1
2024-01-10,2024-01-10 13:08:00,1041.2,1041.22,1041.2,1041.22,0.0,23.2,24505.19,1
2024-01-10,2024-01-10 13:09:00,1041.22,1041.25,1041.22,1041.25,0.0,23.2,24505.19,1
2024-01-10,2024-01-10 13:10:00,1041.25,1041.28,1041.25,1041.28,0.0,23.2,24505.19,1
2024-01-10,2024-01-10 13:11:00,1041.28,1041.3,1041.28,1041.3,0.0,23.2,24505.19,1
2024-01-10,2024-01-10 13:12:00,1041.3,1041.33,1041.3,1041.33,0.0,23.2,24505.19,1
2024-01-10,2024-01-10 13:13:00,1041.33,1041.35,1041.33,1041.35,0.0,23.2,24505.19,1
2024-01-10,2024-01-10 13:14:00,1041.35,1041.38,1041.35,1041.38,0.0,23.2,24505.19,1
2024-01-10,2024-01-10 13:15:00,1041.38,1041.4,1041.38,1041.4,0.0,23.2,24505.19,1
2024-01-10,2024-01-10 13:16:00,1041.4,1041.42,1041.4,1041.42,0.0,23.2,24505.19,1
2024-01-10,2024-01-10 13:17:00,1041.42,1041.45,1041.42,1041.45,0.0,23.2,24505.19,1
2024-01-10,2024-01-10 13:18:00,1041.45,1041.47,1041.45,1041.47,0.0,23.2,24505.19,1
2024-01-10,2024-01-10 13:19:00,1041.47,1041.5,1041.47,1041.5,0.0,23.2,24505.19,1
2024-01-10,2024-01-10 13:20:00,1041.5,1041.53,1041.5,1041.53,0.0,23.2,24505.19,1
2024-01-10,2024-01-10 13:21:00,1041.53,1041.55,1041.53,1041.55,0.0,23.2,24505.19,1
2024-01-10,2024-01-10 13:22:00,1041.55,1041.58,1041.55,1041.58,0.0,23.2,24505.19,1
2024-01-10,2024-01-10 13:23:00,1041.58,1041.6,1041.58,1041.6,0.0,23.2,24505.19,1
2024-01-10,2024-01-10 13:24:00,1041.6,1041.62,1041.6,1041.62,0.0,23.2,24505.19,1
2024-01-10,2024-01-10 13:25:00,1041.62,1041.65,1041.62,1041.65,0.0,23.2,24505.19,1
2024-01-10,2024-01-10 13:26:00,1041.65,1041.67,1041.65,1041.67,0.0,23.2,24505.19,1
2024-01-10,2024-01-10 13:27:00,1041.67,1041.7,1041.67,1041.7,0.0,23.2,24505.19,1
2024-01-10,2024-01-10 13:28:00,1041.7,1041.72,1041.7,1041.72,0.0,23.2,24505.19,1
2024-01-10,2024-01-10 13:29:00,1041.72,1041.75,1041.72,1041.75,0.0,23.2,24505.19,1
2024-01-10,2024-01-10 13:30:00,1041.75,1041.78,1041.75,1041.78,0.0,23.2,24505.19,1
2024-01-10,2024-01-10 13:31:00,1041.78,1041.8,1041.78,1041.8,0.0,23.2,24505.19,1
2024-01-10,2024-01-10 13:32:00,1041.8,1041.83,1041.8,1041.83,0.0,23.2,24505.19,1
2024-01-10,2024-01-10 13:33:00,1041.83,1041.85,1041.83,1041.85,0.0,23.2,24505.19,1
2024-01-10,2024-01-10 13:34:00,1041.85,1041.88,1041.85,1041.88,0.0,23.2,24505.19,1
2024-01-10,2024-01-10 13:35:00,1041.88,1041.9,1041.88,1041.9,0.0,23.2,24505.19,1
2024-01-10,2024-01-10 13:36:00,1041.9,1041.92,1041.9,1041.92,0.0,23.2,24505.19,1
2024-01-10,2024-01-10 13:37:00,1041.92,1041.95,1041.92,1041.95,0.0,23.2,24505.19,1
2024-01-10,2024-01-10 13:38:00,1041.95,1041.97,1041.95,1041.97,0.0,23.2,24505.19,1
2024-01-10,2024-01-10 13:39:00,1041.97,1042.0,1041.97,1042.0,0.0,23.2,24505.19,1
2024-01-10,2024-01-10 13:40:00,1042.0,1042.03,1042.0,1042.03,0.0,23.2,24505.19,1
2024-01-10,2024-01-10 13:41:00,1042.03,1042.05,1042.03,1042.05,0.0,23.2,24505.19,1
2024-01-10,2024-01-10 13:42:00,1042.05,1042.08,1042.05,1042.08,0.0,23.2,24505.19,1
2024-01-10,2024-01-10 13:43:00,1042.08,1042.1,1042.08,1042.1,0.0,23.2,24505.19,1
2024-01-10,2024-01-10 13:44:00,1042.1,1042.12,1042.1,1042.12,0.0,23.2,24505.19,1
2024-01-10,2024-01-10 13:45:00,1042.12,1042.15,1042.12,1042.15,0.0,23.2,24505.19,1
2024-01-10,2024-01-10 13:46:00,1042.15,1042.17,1042.15,1042.17,0.0,23.2,24505.19,1
2024-01-10,2024-01-10 13:47:00,1042.17,1042.2,1042.17,1042.2,0.0,23.2,24505.19,1
2024-01-10,2024-01-10 13:48:00,1042.2,1042.22,1042.2,1042.22,0.0,23.2,24505.19,1
2024-01-10,2024-01-10 13:49:00,1042.22,1042.25,1042.22,1042.25,0.0,23.2,24505.19,1
2024-01-10,2024-01-10 13:50:00,1042.25,1042.28,1042.25,1042.28,0.0,23.2,24505.19,1
2024-01-10,2024-01-10 13:51:00,1042.28,1042.3,1042.28,1042.3,0.0,23.2,24505.19,1
2024-01-10,2024-01-10 13:52:00,1042.3,1042.33,1042.3,1042.33,0.0,23.2,24505.19,1
2024-01-10,2024-01-10 13:53:00,1042.33,1042.35,1042.33,1042.35,0.0,23.2,24505.19,1
2024-01-10,2024-01-10 13:54:00,1042.35,1042.38,1042.35,1042.38,0.0,23.2,24505.19,1
2024-01-10,2024-01-10 13:55:00,1042.38,1042.4,1042.38,1042.4,0.0,23.2,24505.19,1
2024-01-10,2024-01-10 13:56:00,1042.4,1042.42,1042.4,1042.42,0.0,23.2,24505.19,1
2024-01-10,2024-01-10 13:57:00,1042.42,1042.45,1042.42,1042.45,0.0,23.2,24505.19,1
2024-01-10,2024-01-10 13:58:00,1042.45,1042.47,1042.45,1042.47,0.0,23.2,24505.19,1
2024-01-10,2024-01-10 13:59:00,1042.47,1042.5,1042.47,1042.5,0.0,23.2,24505.19,1
2024-01-10,2024-01-10 14:00:00,1042.5,1042.53,1042.5,1042.53,0.0,23.2,24505.19,1
2024-01-10,2024-01-10 14:01:00,1042.53,1042.55,1042.53,1042.55,0.0,23.2,24505.19,1
2024-01-10,2024-01-10 14:02:00,1042.55,1042.58,1042.55,1042.58,0.0,23.2,24505.19,1
2024-01-10,2024-01-10 14:03:00,1042.58,1042.6,1042.58,1042.6,0.0,23.2,24505.19,1
2024-01-10,2024-01-10 14:04:00,1042.6,1042.62,1042.6,1042.62,0.0,23.2,24505.19,1
2024-01-10,2024-01-10 14:05:00,1042.62,1042.65,1042.62,1042.65,0.0,23.2,24505.19,1
2024-01-10,2024-01-10 14:06:00,1042.65,1042.67,1042.65,1042.67,0.0,23.2,24505.19,1
2024-01-10,2024-01-10 14:07:00,1042.67,1042.7,1042.67,1042.7,0.0,23.2,24505.19,1
2024-01-10,2024-01-10 14:08:00,1042.7,1042.72,1042.7,1042.72,0.0,23.2,24505.19,1
2024-01-10,2024-01-10 14:09:00,1042.72,1042.75,1042.72,1042.75,0.0,23.2,24505.19,1
2024-01-10,2024-01-10 14:10:00,1042.75,1042.78,1042.75,1042.78,0.0,23.2,24505.19,1
2024-01-10,2024-01-10 14:11:00,1042.78,1042.8,1042.78,1042.8,0.0,23.2,24505.19,1
2024-01-10,2024-01-10 14:12:00,1042.8,1042.83,1042.8,1042.83,0.0,23.2,24505.19,1
2024-01-10,2024-01-10 14:13:00,1042.83,1042.85,1042.83,1042.85,0.0,23.2,24505.19,1
2024-01-10,2024-01-10 14:14:00,1042.85,1042.88,1042.85,1042.88,0.0,23.2,24505.19,1
2024-01-10,2024-01-10 14:15:00,1042.88,1042.9,1042.88,1042.9,0.0,23.2,24505.19,1
2024-01-10,2024-01-10 14:16:00,1042.9,1042.92,1042.9,1042.92,0.0,23.2,24505.19,1
2024-01-10,2024-01-10 14:17:00,1042.92,1042.95,1042.92,1042.95,0.0,23.2,24505.19,1
2024-01-10,2024-01-10 14:18:00,1042.95,1042.97,1042.95,1042.97,0.0,23.2,24505.19,1
2024-01-10,2024-01-10 14:19:00,1042.97,1043.0,1042.97,1043.0,0.0,23.2,24505.19,1
2024-01-10,2024-01-10 14:20:00,1043.0,1043.03,1043.0,1043.03,0.0,23.2,24505.19,1
2024-01-10,2024-01-10 14:21:00,1043.03,1043.05,1043.03,1043.05,0.0,23.2,24505.19,1
2024-01-10,2024-01-10 14:22:00,1043.05,1043.08,1043.05,1043.08,0.0,23.2,24505.19,1
2024-01-10,2024-01-10 14:23:00,1043.08,1043.1,1043.08,1043.1,0.0,23.2,24505.19,1
2024-01-10,2024-01-10 14:24:00,1043.1,1043.12,1043.1,1043.12,0.0,23.2,24505.19,1
2024-01-10,2024-01-10 14:25:00,1043.12,1043.15,1043.12,1043.15,0.0,23.2,24505.19,1
2024-01-10,2024-01-10 14:26:00,1043.15,1043.17,1043.15,1043.17,0.0,23.2,24505.19,1
2024-01-10,2024-01-10 14:27:00,1043.17,1043.2,1043.17,1043.2,0.0,23.2,24505.19,1
2024-01-10,2024-01-10 14:28:00,1043.2,1043.22,1043.2,1043.22,0.0,23.2,24505.19,1
2024-01-10,2024-01-10 14:29:00,1043.22,1043.25,1043.22,1043.25,0.0,23.2,24505.19,1
2024-01-10,2024-01-10 14:30:00,1043.25,1043.28,1043.25,1043.28,0.0,23.2,24505.19,1
2024-01-10,2024-01-10 14:31:00,1043.28,1043.3,1043.28,1043.3,0.0,23.2,24505.19,1
2024-01-10,2024-01-10 14:32:00,1043.3,1043.33,1043.3,1043.33,0.0,23.2,24505.19,1
2024-01-10,2024-01-10 14:33:00,1043.33,1043.35,1043.33,1043.35,0.0,23.2,24505.19,1
2024-01-10,2024-01-10 14:34:00,1043.35,1043.38,1043.35,1043.38,0.0,23.2,24505.19,1
2024-01-10,2024-01-10 14:35:00,1043.38,1043.4,1043.38,1043.4,0.0,23.2,24505.19,1
2024-01-10,2024-01-10 14:36:00,1043.4,1043.42,1043.4,1043.42,0.0,23.2,24505.19,1
2024-01-10,2024-01-10 14:37:00,1043.42,1043.45,1043.42,1043.45,0.0,23.2,24505.19,1
2024-01-10,2024-01-10 14:38:00,1043.45,1043.47,1043.45,1043.47,0.0,23.2,24505.19,1
2024-01-10,2024-01-10 14:39:00,1043.47,1043.5,1043.47,1043.5,0.0,23.2,24505.19,1
2024-01-10,2024-01-10 14:40:00,1043.5,1043.53,1043.5,1043.53,0.0,23.2,24505.19,1
2024-01-10,2024-01-10 14:41:00,1043.53,1043.55,1043.53,1043.55,0.0,23.2,24505.19,1
2024-01-10,2024-01-10 14:42:00,1043.55,1043.58,1043.55,1043.58,0.0,23.2,24505.19,1
2024-01-10,2024-01-10 14:43:00,1043.58,1043.6,1043.58,1043.6,0.0,23.2,24505.19,1
2024-01-10,2024-01-10 14:44:00,1043.6,1043.62,1043.6,1043.62,0.0,23.2,24505.19,1
2024-01-10,2024-01-10 14:45:00,1043.62,1043.65,1043.62,1043.65,0.0,23.2,24505.19,1
2024-01-10,2024-01-10 14:46:00,1043.65,1043.67,1043.65,1043.67,0.0,23.2,24505.19,1
2024-01-10,2024-01-10 14:47:00,1043.67,1043.7,1043.67,1043.7,0.0,23.2,24505.19,1
2024-01-10,2024-01-10 14:48:00,1043.7,1043.72,1043.7,1043.72,0.0,23.2,24505.19,1
2024-01-10,2024-01-10 14:49:00,1043.72,1043.75,1043.72,1043.75,0.0,23.2,24505.19,1
2024-01-10,2024-01-10 14:50:00,1043.75,1043.78,1043.75,1043.78,0.0,23.2,24505.19,1
2024-01-10,2024-01-10 14:51:00,1043.78,1043.8,1043.78,1043.8,0.0,23.2,24505.19,1
2024-01-10,2024-01-10 14:52:00,1043.8,1043.83,1043.8,1043.83,0.0,23.2,24505.19,1
2024-01-10,2024-01-10 14:53:00,1043.83,1043.85,1043.83,1043.85,0.0,23.2,24505.19,1
2024-01-10,2024-01-10 14:54:00,1043.85,1043.88,1043.85,1043.88,0.0,23.2,24505.19,1
2024-01-10,2024-01-10 14:55:00,1043.88,1043.9,1043.88,1043.9,0.0,23.2,24505.19,1
2024-01-10,2024-01-10 14:56:00,1043.9,1043.92,1043.9,1043.92,0.0,23.2,24505.19,1
2024-01-10,2024-01-10 14:57:00,1043.92,1043.95,1043.92,1043.95,0.0,23.2,24505.19,1
2024-01-10,2024-01-10 14:58:00,1043.95,1043.97,1043.95,1043.97,0.0,23.2,24505.19,1
2024-01-10,2024-01-10 14:59:00,1043.97,1044.0,1043.97,1044.0,0.0,23.2,24505.19,1
2024-01-10,2024-01-10 15:00:00,1044.0,1074.0,1038.0,1044.0,0.0,23.2,24505.19,0
2024-01-11,2024-01-11 11:00:00,1064.0,1064.0,1058.3,1063.94,-0.01,9.18,9629.4,-1
2024-01-11,2024-01-11 11:01:00,1063.94,1063.94,1063.88,1063.88,-0.01,9.18,9629.4,-1
2024-01-11,2024-01-11 11:02:00,1063.88,1063.88,1063.83,1063.83,-0.0,9.18,9629.4,-1
2024-01-11,2024-01-11 11:03:00,1063.83,1063.83,1063.77,1063.77,-0.01,9.18,9629.4,-1
2024-01-11,2024-01-11 11:04:00,1063.77,1063.77,1063.71,1063.71,-0.01,9.18,9629.4,-1
2024-01-11,2024-01-11 11:05:00,1063.71,1063.71,1063.65,1063.65,-0.01,9.18,9629.4,-1
2024-01-11,2024-01-11 11:06:00,1063.65,1063.65,1063.59,1063.59,-0.01,9.18,9629.4,-1
2024-01-11,2024-01-11 11:07:00,1063.59,1063.59,1063.53,1063.53,-0.01,9.18,9629.4,-1
2024-01-11,2024-01-11 11:08:00,1063.53,1063.53,1063.47,1063.47,-0.01,9.18,9629.4,-1
2024-01-11,2024-01-11 11:09:00,1063.47,1063.47,1063.42,1063.42,-0.0,9.18,9629.4,-1
2024-01-11,2024-01-11 11:10:00,1063.42,1063.42,1063.36,1063.36,-0.01,9.18,9629.4,-1
2024-01-11,2024-01-11 11:11:00,1063.36,1063.36,1063.3,1063.3,-0.01,9.18,9629.4,-1
2024-01-11,2024-01-11 11:12:00,1063.3,1063.3,1063.24,1063.24,-0.01,9.18,9629.4,-1
2024-01-11,2024-01-11 11:13:00,1063.24,1063.24,1063.18,1063.18,-0.01,9.18,9629.4,-1
2024-01-11,2024-01-11 11:14:00,1063.18,1063.18,1063.12,1063.12,-0.01,9.18,9629.4,-1
2024-01-11,2024-01-11 11:15:00,1063.12,1063.12,1063.07,1063.07,-0.0,9.18,9629.4,-1
2024-01-11,2024-01-11 11:16:00,1063.07,1063.07,1063.01,1063.01,-0.01,9.18,9629.4,-1
2024-01-11,2024-01-11 11:17:00,1063.01,1063.01,1062.95,1062.95,-0.01,9.18,9629.4,-1
2024-01-11,2024-01-11 11:18:00,1062.95,1062.95,1062.89,1062.89,-0.01,9.18,9629.4,-1
2024-01-11,2024-01-11 11:19:00,1062.89,1062.89,1062.83,1062.83,-0.01,9.18,9629.4,-1
2024-01-11,2024-01-11 11:20:00,1062.83,1062.83,1062.78,1062.78,-0.0,9.18,9629.4,-1
2024-01-11,2024-01-11 11:21:00,1062.78,1062.78,1062.72,1062.72,-0.01,9.18,9629.4,-1
2024-01-11,2024-01-11 11:22:00,1062.72,1062.72,1062.66,1062.66,-0.01,9.18,9629.4,-1
2024-01-11,2024-01-11 11:23:00,1062.66,1062.66,1062.6,1062.6,-0.01,9.18,9629.4,-1
2024-01-11,2024-01-11 11:24:00,1062.6,1062.6,1062.54,1062.54,-0.01,9.18,9629.4,-1
2024-01-11,2024-01-11 11:25:00,1062.54,1062.54,1062.48,1062.48,-0.01,9.18,9629.4,-1
2024-01-11,2024-01-11 11:26:00,1062.48,1062.48,1062.42,1062.42,-0.01,9.18,9629.4,-1
2024-01-11,2024-01-11 11:27:00,1062.42,1062.42,1062.37,1062.37,-0.0,9.18,9629.4,-1
2024-01-11,2024-01-11 11:28:00,1062.37,1062.37,1062.31,1062.31,-0.01,9.18,9629.4,-1
2024-01-11,2024-01-11 11:29:00,1062.31,1062.31,1062.25,1062.25,-0.01,9.18,9629.4,-1
2024-01-11,2024-01-11 11:30:00,1062.25,1062.25,1062.19,1062.19,-0.01,9.18,9629.4,-1
2024-01-11,2024-01-11 11:31:00,1062.19,1062.19,1062.13,1062.13,-0.01,9.18,9629.4,-1
2024-01-11,2024-01-11 11:32:00,1062.13,1062.13,1062.08,1062.08,-0.0,9.18,9629.4,-1
2024-01-11,2024-01-11 11:33:00,1062.08,1062.08,1062.02,1062.02,-0.01,9.18,9629.4,-1
2024-01-11,2024-01-11 11:34:00,1062.02,1062.02,1061.96,1061.96,-0.01,9.18,9629.4,-1
2024-01-11,2024-01-11 11:35:00,1061.96,1061.96,1061.9,1061.9,-0.01,9.18,9629.4,-1
2024-01-11,2024-01-11 11:36:00,1061.9,1061.9,1061.84,1061.84,-0.01,9.18,9629.4,-1
2024-01-11,2024-01-11 11:37:00,1061.84,1061.84,1061.78,1061.78,-0.01,9.18,9629.4,-1
2024-01-11,2024-01-11 11:38:00,1061.78,1061.78,1061.72,1061.72,-0.01,9.18,9629.4,-1
2024-01-11,2024-01-11 11:39:00,1061.72,1061.72,1061.67,1061.67,-0.0,9.18,9629.4,-1
2024-01-11,2024-01-11 11:40:00,1061.67,1061.67,1061.61,1061.61,-0.01,9.18,9629.4,-1
2024-01-11,2024-01-11 11:41:00,1061.61,1061.61,1061.55,1061.55,-0.01,9.18,9629.4,-1
2024-01-11,2024-01-11 11:42:00,1061.55,1061.55,1061.49,1061.49,-0.01,9.18,9629.4,-1
2024-01-11,2024-01-11 11:43:00,1061.49,1061.49,1061.43,1061.43,-0.01,9.18,9629.4,-1
2024-01-11,2024-01-11 11:44:00,1061.43,1061.43,1061.38,1061.38,-0.0,9.18,9629.4,-1
2024-01-11,2024-01-11 11:45:00,1061.38,1061.38,1061.32,1061.32,-0.01,9.18,9629.4,-1
2024-01-11,2024-01-11 11:46:00,1061.32,1061.32,1061.26,1061.26,-0.01,9.18,9629.4,-1
2024-01-11,2024-01-11 11:47:00,1061.26,1061.26,1061.2,1061.2,-0.01,9.18,9629.4,-1
2024-01-11,2024-01-11 11:48:00,1061.2,1061.2,1061.14,1061.14,-0.01,9.18,9629.4,-1
2024-01-11,2024-01-11 11:49:00,1061.14,1061.14,1061.08,1061.08,-0.01,9.18,9629.4,-1
2024-01-11,2024-01-11 11:50:00,1061.08,1061.08,1061.03,1061.03,-0.0,9.18,9629.4,-1
2024-01-11,2024-01-11 11:51:00,1061.03,1061.03,1060.97,1060.97,-0.01,9.18,9629.4,-1
2024-01-11,2024-01-11 11:52:00,1060.97,1060.97,1060.91,1060.91,-0.01,9.18,9629.4,-1
2024-01-11,2024-01-11 11:53:00,1060.91,1060.91,1060.85,1060.85,-0.01,9.18,9629.4,-1
2024-01-11,2024-01-11 11:54:00,1060.85,1060.85,1060.79,1060.79,-0.01,9.18,9629.4,-1
2024-01-11,2024-01-11 11:55:00,1060.79,1060.79,1060.73,1060.73,-0.01,9.18,9629.4,-1
2024-01-11,2024-01-11 11:56:00,1060.73,1060.73,1060.67,1060.67,-0.01,9.18,9629.4,-1
2024-01-11,2024-01-11 11:57:00,1060.67,1060.67,1060.62,1060.62,-0.0,9.18,9629.4,-1
2024-01-11,2024-01-11 11:58:00,1060.62,1060.62,1060.56,1060.56,-0.01,9.18,9629.4,-1
2024-01-11,2024-01-11 11:59:00,1060.56,1060.56,1060.5,1060.5,-0.01,9.18,9629.4,-1
2024-01-11,2024-01-11 12:00:00,1060.5,1060.5,1060.44,1060.44,-0.01,9.18,9629.4,-1
2024-01-11,2024-01-11 12:01:00,1060.44,1060.44,1060.38,1060.38,-0.01,9.18,9629.4,-1
2024-01-11,2024-01-11 12:02:00,1060.38,1060.38,1060.33,1060.33,-0.0,9.18,9629.4,-1
2024-01-11,2024-01-11 12:03:00,1060.33,1060.33,1060.27,1060.27,-0.01,9.18,9629.4,-1
2024-01-11,2024-01-11 12:04:00,1060.27,1060.27,1060.21,1060.21,-0.01,9.18,9629.4,-1
2024-01-11,2024-01-11 12:05:00,1060.21,1060.21,1060.15,1060.15,-0.01,9.18,9629.4,-1
2024-01-11,2024-01-11 12:06:00,1060.15,1060.15,1060.09,1060.09,-0.01,9.18,9629.4,-1
2024-01-11,2024-01-11 12:07:00,1060.09,1060.09,1060.03,1060.03,-0.01,9.18,9629.4,-1
2024-01-11,2024-01-11 12:08:00,1060.03,1060.03,1059.97,1059.97,-0.01,9.18,9629.4,-1
2024-01-11,2024-01-11 12:09:00,1059.97,1059.97,1059.92,1059.92,-0.0,9.18,9629.4,-1
2024-01-11,2024-01-11 12:10:00,1059.92,1059.92,1059.86,1059.86,-0.01,9.18,9629.4,-1
2024-01-11,2024-01-11 12:11:00,1059.86,1059.86,1059.8,1059.8,-0.01,9.18,9629.4,-1
2024-01-11,2024-01-11 12:12:00,1059.8,1059.8,1059.74,1059.74,-0.01,9.18,9629.4,-1
2024-01-11,2024-01-11 12:13:00,1059.74,1059.74,1059.68,1059.68,-0.01,9.18,9629.4,-1
2024-01-11,2024-01-11 12:14:00,1059.68,1059.68,1059.62,1059.62,-0.01,9.18,9629.4,-1
2024-01-11,2024-01-11 12:15:00,1059.62,1059.62,1059.57,1059.57,-0.0,9.18,9629.4,-1
2024-01-11,2024-01-11 12:16:00,1059.57,1059.57,1059.51,1059.51,-0.01,9.18,9629.4,-1
2024-01-11,2024-01-11 12:17:00,1059.51,1059.51,1059.45,1059.45,-0.01,9.18,9629.4,-1
2024-01-11,2024-01-11 12:18:00,1059.45,1059.45,1059.39,1059.39,-0.01,9.18,9629.4,-1
2024-01-11,2024-01-11 12:19:00,1059.39,1059.39,1059.33,1059.33,-0.01,9.18,9629.4,-1
2024-01-11,2024-01-11 12:20:00,1059.33,1059.33,1059.28,1059.28,-0.0,9.18,9629.4,-1
2024-01-11,2024-01-11 12:21:00,1059.28,1059.28,1059.22,1059.22,-0.01,9.18,9629.4,-1
2024-01-11,2024-01-11 12:22:00,1059.22,1059.22,1059.16,1059.16,-0.01,9.18,9629.4,-1
2024-01-11,2024-01-11 12:23:00,1059.16,1059.16,1059.1,1059.1,-0.01,9.18,9629.4,-1
2024-01-11,2024-01-11 12:24:00,1059.1,1059.1,1059.04,1059.04,-0.01,9.18,9629.4,-1
2024-01-11,2024-01-11 12:25:00,1059.04,1059.04,1058.98,1058.98,-0.01,9.18,9629.4,-1
2024-01-11,2024-01-11 12:26:00,1058.98,1058.98,1058.92,1058.92,-0.01,9.18,9629.4,-1
2024-01-11,2024-01-11 12:27:00,1058.92,1058.92,1058.87,1058.87,-0.0,9.18,9629.4,-1
2024-01-11,2024-01-11 12:28:00,1058.87,1058.87,1058.81,1058.81,-0.01,9.18,9629.4,-1
2024-01-11,2024-01-11 12:29:00,1058.81,1058.81,1058.75,1058.75,-0.01,9.18,9629.4,-1
2024-01-11,2024-01-11 12:30:00,1058.75,1058.75,1058.69,1058.69,-0.01,9.18,9629.4,-1
2024-01-11,2024-01-11 12:31:00,1058.69,1058.69,1058.63,1058.63,-0.01,9.18,9629.4,-1
2024-01-11,2024-01-11 12:32:00,1058.63,1058.63,1058.58,1058.58,-0.0,9.18,9629.4,-1
2024-01-11,2024-01-11 12:33:00,1058.58,1058.58,1058.52,1058.52,-0.01,9.18,9629.4,-1
2024-01-11,2024-01-11 12:34:00,1058.52,1058.52,1058.46,1058.46,-0.01,9.18,9629.4,-1
2024-01-11,2024-01-11 12:35:00,1058.46,1058.46,1058.4,1058.4,-0.01,9.18,9629.4,-1
2024-01-11,2024-01-11 12:36:00,1058.4,1058.4,1058.34,1058.34,-0.01,9.18,9629.4,-1
2024-01-11,2024-01-11 12:37:00,1058.34,1058.34,1058.28,1058.28,-0.01,9.18,9629.4,-1
2024-01-11,2024-01-11 12:38:00,1058.28,1058.28,1058.22,1058.22,-0.01,9.18,9629.4,-1
2024-01-11,2024-01-11 12:39:00,1058.22,1058.22,1058.17,1058.17,-0.0,9.18,9629.4,-1
2024-01-11,2024-01-11 12:40:00,1058.17,1058.17,1058.11,1058.11,-0.01,9.18,9629.4,-1
2024-01-11,2024-01-11 12:41:00,1058.11,1058.11,1058.05,1058.05,-0.01,9.18,9629.4,-1
2024-01-11,2024-01-11 12:42:00,1058.05,1058.05,1057.99,1057.99,-0.01,9.18,9629.4,-1
2024-01-11,2024-01-11 12:43:00,1057.99,1057.99,1057.93,1057.93,-0.01,9.18,9629.4,-1
2024-01-11,2024-01-11 12:44:00,1057.93,1057.93,1057.88,1057.88,-0.0,9.18,9629.4,-1
2024-01-11,2024-01-11 12:45:00,1057.88,1057.88,1057.82,1057.82,-0.01,9.18,9629.4,-1
2024-01-11,2024-01-11 12:46:00,1057.82,1057.82,1057.76,1057.76,-0.01,9.18,9629.4,-1
2024-01-11,2024-01-11 12:47:00,1057.76,1057.76,1057.7,1057.7,-0.01,9.18,9629.4,-1
2024-01-11,2024-01-11 12:48:00,1057.7,1057.7,1057.64,1057.64,-0.01,9.18,9629.4,-1
2024-01-11,2024-01-11 12:49:00,1057.64,1057.64,1057.58,1057.58,-0.01,9.18,9629.4,-1
2024-01-11,2024-01-11 12:50:00,1057.58,1057.58,1057.53,1057.53,-0.0,9.18,9629.4,-1
2024-01-11,2024-01-11 12:51:00,1057.53,1057.53,1057.47,1057.47,-0.01,9.18,9629.4,-1
2024-01-11,2024-01-11 12:52:00,1057.47,1057.47,1057.41,1057.41,-0.01,9.18,9629.4,-1
2024-01-11,2024-01-11 12:53:00,1057.41,1057.41,1057.35,1057.35,-0.01,9.18,9629.4,-1
2024-01-11,2024-01-11 12:54:00,1057.35,1057.35,1057.29,1057.29,-0.01,9.18,9629.4,-1
2024-01-11,2024-01-11 12:55:00,1057.29,1057.29,1057.23,1057.23,-0.01,9.18,9629.4,-1
2024-01-11,2024-01-11 12:56:00,1057.23,1057.23,1057.17,1057.17,-0.01,9.18,9629.4,-1
2024-01-11,2024-01-11 12:57:00,1057.17,1057.17,1057.12,1057.12,-0.0,9.18,9629.4,-1
2024-01-11,2024-01-11 12:58:00,1057.12,1057.12,1057.06,1057.06,-0.01,9.18,9629.4,-1
2024-01-11,2024-01-11 12:59:00,1057.06,1057.06,1057.0,1057.0,-0.01,9.18,9629.4,-1
2024-01-11,2024-01-11 13:00:00,1057.0,1064.0,1045.0,1056.94,-0.01,9.18,9629.4,-1
2024-01-11,2024-01-11 13:01:00,1056.94,1056.94,1056.88,1056.88,-0.01,9.18,9629.4,-1
2024-01-11,2024-01-11 13:02:00,1056.88,1056.88,1056.83,1056.83,-0.0,9.18,9629.4,-1
2024-01-11,2024-01-11 13:03:00,1056.83,1056.83,1056.77,1056.77,-0.01,9.18,9629.4,-1
2024-01-11,2024-01-11 13:04:00,1056.77,1056.77,1056.71,1056.71,-0.01,9.18,9629.4,-1
2024-01-11,2024-01-11 13:05:00,1056.71,1056.71,1056.65,1056.65,-0.01,9.18,9629.4,-1
2024-01-11,2024-01-11 13:06:00,1056.65,1056.65,1056.59,1056.59,-0.01,9.18,9629.4,-1
2024-01-11,2024-01-11 13:07:00,1056.59,1056.59,1056.53,1056.53,-0.01,9.18,9629.4,-1
2024-01-11,2024-01-11 13:08:00,1056.53,1056.53,1056.47,1056.47,-0.01,9.18,9629.4,-1
2024-01-11,2024-01-11 13:09:00,1056.47,1056.47,1056.42,1056.42,-0.0,9.18,9629.4,-1
2024-01-11,2024-01-11 13:10:00,1056.42,1056.42,1056.36,1056.36,-0.01,9.18,9629.4,-1
2024-01-11,2024-01-11 13:11:00,1056.36,1056.36,1056.3,1056.3,-0.01,9.18,9629.4,-1
2024-01-11,2024-01-11 13:12:00,1056.3,1056.3,1056.24,1056.24,-0.01,9.18,9629.4,-1
2024-01-11,2024-01-11 13:13:00,1056.24,1056.24,1056.18,1056.18,-0.01,9.18,9629.4,-1
2024-01-11,2024-01-11 13:14:00,1056.18,1056.18,1056.12,1056.12,-0.01,9.18,9629.4,-1
2024-01-11,2024-01-11 13:15:00,1056.12,1056.12,1056.07,1056.07,-0.0,9.18,9629.4,-1
2024-01-11,2024-01-11 13:16:00,1056.07,1056.07,1056.01,1056.01,-0.01,9.18,9629.4,-1
2024-01-11,2024-01-11 13:17:00,1056.01,1056.01,1055.95,1055.95,-0.01,9.18,9629.4,-1
2024-01-11,2024-01-11 13:18:00,1055.95,1055.95,1055.89,1055.89,-0.01,9.18,9629.4,-1
2024-01-11,2024-01-11 13:19:00,1055.89,1055.89,1055.83,1055.83,-0.01,9.18,9629.4,-1
2024-01-11,2024-01-11 13:20:00,1055.83,1055.83,1055.78,1055.78,-0.0,9.18,9629.4,-1
2024-01-11,2024-01-11 13:21:00,1055.78,1055.78,1055.72,1055.72,-0.01,9.18,9629.4,-1
2024-01-11,2024-01-11 13:22:00,1055.72,1055.72,1055.66,1055.66,-0.01,9.18,9629.4,-1
2024-01-11,2024-01-11 13:23:00,1055.66,1055.66,1055.6,1055.6,-0.01,9.18,9629.4,-1
2024-01-11,2024-01-11 13:24:00,1055.6,1055.6,1055.54,1055.54,-0.01,9.18,9629.4,-1
2024-01-11,2024-01-11 13:25:00,1055.54,1055.54,1055.48,1055.48,-0.01,9.18,9629.4,-1
2024-01-11,2024-01-11 13:26:00,1055.48,1055.48,1055.42,1055.42,-0.01,9.18,9629.4,-1
2024-01-11,2024-01-11 13:27:00,1055.42,1055.42,1055.37,1055.37,-0.0,9.18,9629.4,-1
2024-01-11,2024-01-11 13:28:00,1055.37,1055.37,1055.31,1055.31,-0.01,9.18,9629.4,-1
2024-01-11,2024-01-11 13:29:00,1055.31,1055.31,1055.25,1055.25,-0.01,9.18,9629.4,-1
2024-01-11,2024-01-11 13:30:00,1055.25,1055.25,1055.19,1055.19,-0.01,9.18,9629.4,-1
2024-01-11,2024-01-11 13:31:00,1055.19,1055.19,1055.13,1055.13,-0.01,9.18,9629.4,-1
2024-01-11,2024-01-11 13:32:00,1055.13,1055.13,1055.08,1055.08,-0.0,9.18,9629.4,-1
2024-01-11,2024-01-11 13:33:00,1055.08,1055.08,1055.02,1055.02,-0.01,9.18,9629.4,-1
2024-01-11,2024-01-11 13:34:00,1055.02,1055.02,1054.96,1054.96,-0.01,9.18,9629.4,-1
2024-01-11,2024-01-11 13:35:00,1054.96,1054.96,1054.9,1054.9,-0.01,9.18,9629.4,-1
2024-01-11,2024-01-11 13:36:00,1054.9,1054.9,1054.84,1054.84,-0.01,9.18,9629.4,-1
2024-01-11,2024-01-11 13:37:00,1054.84,1054.84,1054.78,1054.78,-0.01,9.18,9629.4,-1
2024-01-11,2024-01-11 13:38:00,1054.78,1054.78,1054.72,1054.72,-0.01,9.18,9629.4,-1
2024-01-11,2024-01-11 13:39:00,1054.72,1054.72,1054.67,1054.67,-0.0,9.18,9629.4,-1
2024-01-11,2024-01-11 13:40:00,1054.67,1054.67,1054.61,1054.61,-0.01,9.18,9629.4,-1
2024-01-11,2024-01-11 13:41:00,1054.61,1054.61,1054.55,1054.55,-0.01,9.18,9629.4,-1
2024-01-11,2024-01-11 13:42:00,1054.55,1054.55,1054.49,1054.49,-0.01,9.18,9629.4,-1
2024-01-11,2024-01-11 13:43:00,1054.49,1054.49,1054.43,1054.43,-0.01,9.18,9629.4,-1
2024-01-11,2024-01-11 13:44:00,1054.43,1054.43,1054.38,1054.38,-0.0,9.18,9629.4,-1
2024-01-11,2024-01-11 13:45:00,1054.38,1054.38,1054.32,1054.32,-0.01,9.18,9629.4,-1
2024-01-11,2024-01-11 13:46:00,1054.32,1054.32,1054.26,1054.26,-0.01,9.18,9629.4,-1
2024-01-11,2024-01-11 13:47:00,1054.26,1054.26,1054.2,1054.2,-0.01,9.18,9629.4,-1
2024-01-11,2024-01-11 13:48:00,1054.2,1054.2,1054.14,1054.14,-0.01,9.18,9629.4,-1
2024-01-11,2024-01-11 13:49:00,1054.14,1054.14,1054.08,1054.08,-0.01,9.18,9629.4,-1
2024-01-11,2024-01-11 13:50:00,1054.08,1054.08,1054.03,1054.03,-0.0,9.18,9629.4,-1
2024-01-11,2024-01-11 13:51:00,1054.03,1054.03,1053.97,1053.97,-0.01,9.18,9629.4,-1
2024-01-11,2024-01-11 13:52:00,1053.97,1053.97,1053.91,1053.91,-0.01,9.18,9629.4,-1
2024-01-11,2024-01-11 13:53:00,1053.91,1053.91,1053.85,1053.85,-0.01,9.18,9629.4,-1
2024-01-11,2024-01-11 13:54:00,1053.85,1053.85,1053.79,1053.79,-0.01,9.18,9629.4,-1
2024-01-11,2024-01-11 13:55:00,1053.79,1053.79,1053.73,1053.73,-0.01,9.18,9629.4,-1
2024-01-11,2024-01-11 13:56:00,1053.73,1053.73,1053.67,1053.67,-0.01,9.18,9629.4,-1
2024-01-11,2024-01-11 13:57:00,1053.67,1053.67,1053.62,1053.62,-0.0,9.18,9629.4,-1
2024-01-11,2024-01-11 13:58:00,1053.62,1053.62,1053.56,1053.56,-0.01,9.18,9629.4,-1
2024-01-11,2024-01-11 13:59:00,1053.56,1053.56,1053.5,1053.5,-0.01,9.18,9629.4,-1
2024-01-11,2024-01-11 14:00:00,1053.5,1053.5,1053.44,1053.44,-0.01,9.18,9629.4,-1
2024-01-11,2024-01-11 14:01:00,1053.44,1053.44,1053.38,1053.38,-0.01,9.18,9629.4,-1
2024-01-11,2024-01-11 14:02:00,1053.38,1053.38,1053.33,1053.33,-0.0,9.18,9629.4,-1
2024-01-11,2024-01-11 14:03:00,1053.33,1053.33,1053.27,1053.27,-0.01,9.18,9629.4,-1
2024-01-11,2024-01-11 14:04:00,1053.27,1053.27,1053.21,1053.21,-0.01,9.18,9629.4,-1
2024-01-11,2024-01-11 14:05:00,1053.21,1053.21,1053.15,1053.15,-0.01,9.18,9629.4,-1
2024-01-11,2024-01-11 14:06:00,1053.15,1053.15,1053.09,1053.09,-0.01,9.18,9629.4,-1
2024-01-11,2024-01-11 14:07:00,1053.09,1053.09,1053.03,1053.03,-0.01,9.18,9629.4,-1
2024-01-11,2024-01-11 14:08:00,1053.03,1053.03,1052.97,1052.97,-0.01,9.18,9629.4,-1
2024-01-11,2024-01-11 14:09:00,1052.97,1052.97,1052.92,1052.92,-0.0,9.18,9629.4,-1
2024-01-11,2024-01-11 14:10:00,1052.92,1052.92,1052.86,1052.86,-0.01,9.18,9629.4,-1
2024-01-11,2024-01-11 14:11:00,1052.86,1052.86,1052.8,1052.8,-0.01,9.18,9629.4,-1
2024-01-11,2024-01-11 14:12:00,1052.8,1052.8,1052.74,1052.74,-0.01,9.18,9629.4,-1
2024-01-11,2024-01-11 14:13:00,1052.74,1052.74,1052.68,1052.68,-0.01,9.18,9629.4,-1
2024-01-11,2024-01-11 14:14:00,1052.68,1052.68,1052.62,1052.62,-0.01,9.18,9629.4,-1
2024-01-11,2024-01-11 14:15:00,1052.62,1052.62,1052.57,1052.57,-0.0,9.18,9629.4,-1
2024-01-11,2024-01-11 14:16:00,1052.57,1052.57,1052.51,1052.51,-0.01,9.18,9629.4,-1
2024-01-11,2024-01-11 14:17:00,1052.51,1052.51,1052.45,1052.45,-0.01,9.18,9629.4,-1
2024-01-11,2024-01-11 14:18:00,1052.45,1052.45,1052.39,1052.39,-0.01,9.18,9629.4,-1
2024-01-11,2024-01-11 14:19:00,1052.39,1052.39,1052.33,1052.33,-0.01,9.18,9629.4,-1
2024-01-11,2024-01-11 14:20:00,1052.33,1052.33,1052.28,1052.28,-0.0,9.18,9629.4,-1
2024-01-11,2024-01-11 14:21:00,1052.28,1052.28,1052.22,1052.22,-0.01,9.18,9629.4,-1
2024-01-11,2024-01-11 14:22:00,1052.22,1052.22,1052.16,1052.16,-0.01,9.18,9629.4,-1
2024-01-11,2024-01-11 14:23:00,1052.16,1052.16,1052.1,1052.1,-0.01,9.18,9629.4,-1
2024-01-11,2024-01-11 14:24:00,1052.1,1052.1,1052.04,1052.04,-0.01,9.18,9629.4,-1
2024-01-11,2024-01-11 14:25:00,1052.04,1052.04,1051.98,1051.98,-0.01,9.18,9629.4,-1
2024-01-11,2024-01-11 14:26:00,1051.98,1051.98,1051.92,1051.92,-0.01,9.18,9629.4,-1
2024-01-11,2024-01-11 14:27:00,1051.92,1051.92,1051.87,1051.87,-0.0,9.18,9629.4,-1
2024-01-11,2024-01-11 14:28:00,1051.87,1051.87,1051.81,1051.81,-0.01,9.18,9629.4,-1
2024-01-11,2024-01-11 14:29:00,1051.81,1051.81,1051.75,1051.75,-0.01,9.18,9629.4,-1
2024-01-11,2024-01-11 14:30:00,1051.75,1051.75,1051.69,1051.69,-0.01,9.18,9629.4,-1
2024-01-11,2024-01-11 14:31:00,1051.69,1051.69,1051.63,1051.63,-0.01,9.18,9629.4,-1
2024-01-11,2024-01-11 14:32:00,1051.63,1051.63,1051.58,1051.58,-0.0,9.18,9629.4,-1
2024-01-11,2024-01-11 14:33:00,1051.58,1051.58,1051.52,1051.52,-0.01,9.18,9629.4,-1
2024-01-11,2024-01-11 14:34:00,1051.52,1051.52,1051.46,1051.46,-0.01,9.18,9629.4,-1
2024-01-11,2024-01-11 14:35:00,1051.46,1051.46,1051.4,1051.4,-0.01,9.18,9629.4,-1
2024-01-11,2024-01-11 14:36:00,1051.4,1051.4,1051.34,1051.34,-0.01,9.18,9629.4,-1
2024-01-11,2024-01-11 14:37:00,1051.34,1051.34,1051.28,1051.28,-0.01,9.18,9629.4,-1
2024-01-11,2024-01-11 14:38:00,1051.28,1051.28,1051.22,1051.22,-0.01,9.18,9629.4,-1
2024-01-11,2024-01-11 14:39:00,1051.22,1051.22,1051.17,1051.17,-0.0,9.18,9629.4,-1
2024-01-11,2024-01-11 14:40:00,1051.17,1051.17,1051.11,1051.11,-0.01,9.18,9629.4,-1
2024-01-11,2024-01-11 14:41:00,1051.11,1051.11,1051.05,1051.05,-0.01,9.18,9629.4,-1
2024-01-11,2024-01-11 14:42:00,1051.05,1051.05,1050.99,1050.99,-0.01,9.18,9629.4,-1
2024-01-11,2024-01-11 14:43:00,1050.99,1050.99,1050.93,1050.93,-0.01,9.18,9629.4,-1
2024-01-11,2024-01-11 14:44:00,1050.93,1050.93,1050.88,1050.88,-0.0,9.18,9629.4,-1
2024-01-11,2024-01-11 14:45:00,1050.88,1050.88,1050.82,1050.82,-0.01,9.18,9629.4,-1
2024-01-11,2024-01-11 14:46:00,1050.82,1050.82,1050.76,1050.76,-0.01,9.18,9629.4,-1
2024-01-11,2024-01-11 14:47:00,1050.76,1050.76,1050.7,1050.7,-0.01,9.18,9629.4,-1
2024-01-11,2024-01-11 14:48:00,1050.7,1050.7,1050.64,1050.64,-0.01,9.18,9629.4,-1
2024-01-11,2024-01-11 14:49:00,1050.64,1050.64,1050.58,1050.58,-0.01,9.18,9629.4,-1
2024-01-11,2024-01-11 14:50:00,1050.58,1050.58,1050.53,1050.53,-0.0,9.18,9629.4,-1
2024-01-11,2024-01-11 14:51:00,1050.53,1050.53,1050.47,1050.47,-0.01,9.18,9629.4,-1
2024-01-11,2024-01-11 14:52:00,1050.47,1050.47,1050.41,1050.41,-0.01,9.18,9629.4,-1
2024-01-11,2024-01-11 14:53:00,1050.41,1050.41,1050.35,1050.35,-0.01,9.18,9629.4,-1
2024-01-11,2024-01-11 14:54:00,1050.35,1050.35,1050.29,1050.29,-0.01,9.18,9629.4,-1
2024-01-11,2024-01-11 14:55:00,1050.29,1050.29,1050.23,1050.23,-0.01,9.18,9629.4,-1
2024-01-11,2024-01-11 14:56:00,1050.23,1050.23,1050.17,1050.17,-0.01,9.18,9629.4,-1
2024-01-11,2024-01-11 14:57:00,1050.17,1050.17,1050.12,1050.12,-0.0,9.18,9629.4,-1
2024-01-11,2024-01-11 14:58:00,1050.12,1050.12,1050.06,1050.06,-0.01,9.18,9629.4,-1
2024-01-11,2024-01-11 14:59:00,1050.06,1050.06,1050.0,1050.0,-0.01,9.18,9629.4,-1
2024-01-11,2024-01-11 15:00:00,1050.0,1064.0,1045.0,1050.0,0.0,9.18,9629.4,0
2024-01-14,2024-01-14 11:00:00,1029.0,1044.3,1029.0,1029.17,0.02,21.71,23280.82,1
2024-01-14,2024-01-14 11:01:00,1029.17,1029.34,1029.17,1029.34,0.02,21.71,23280.82,1
2024-01-14,2024-01-14 11:02:00,1029.34,1029.51,1029.34,1029.51,0.02,21.71,23280.82,1
2024-01-14,2024-01-14 11:03:00,1029.51,1029.68,1029.51,1029.68,0.02,21.71,23280.82,1
2024-01-14,2024-01-14 11:04:00,1029.68,1029.85,1029.68,1029.85,0.02,21.71,23280.82,1
2024-01-14,2024-01-14 11:05:00,1029.85,1030.03,1029.85,1030.03,0.02,21.71,23280.82,1
2024-01-14,2024-01-14 11:06:00,1030.03,1030.2,1030.03,1030.2,0.02,21.71,23280.82,1
2024-01-14,2024-01-14 11:07:00,1030.2,1030.37,1030.2,1030.37,0.02,21.71,23280.82,1
2024-01-14,2024-01-14 11:08:00,1030.37,1030.54,1030.37,1030.54,0.02,21.71,23280.82,1
2024-01-14,2024-01-14 11:09:00,1030.54,1030.71,1030.54,1030.71,0.02,21.71,23280.82,1
2024-01-14,2024-01-14 11:10:00,1030.71,1030.88,1030.71,1030.88,0.02,21.71,23280.82,1
2024-01-14,2024-01-14 11:11:00,1030.88,1031.05,1030.88,1031.05,0.02,21.71,23280.82,1
2024-01-14,2024-01-14 11:12:00,1031.05,1031.22,1031.05,1031.22,0.02,21.71,23280.82,1
2024-01-14,2024-01-14 11:13:00,1031.22,1031.39,1031.22,1031.39,0.02,21.71,23280.82,1
2024-01-14,2024-01-14 11:14:00,1031.39,1031.56,1031.39,1031.56,0.02,21.71,23280.82,1
2024-01-14,2024-01-14 11:15:00,1031.56,1031.73,1031.56,1031.73,0.02,21.71,23280.82,1
2024-01-14,2024-01-14 11:16:00,1031.73,1031.9,1031.73,1031.9,0.02,21.71,23280.82,1
2024-01-14,2024-01-14 11:17:00,1031.9,1032.08,1031.9,1032.08,0.02,21.71,23280.82,1
2024-01-14,2024-01-14 11:18:00,1032.08,1032.25,1032.08,1032.25,0.02,21.71,23280.82,1
2024-01-14,2024-01-14 11:19:00,1032.25,1032.42,1032.25,1032.42,0.02,21.71,23280.82,1
2024-01-14,2024-01-14 11:20:00,1032.42,1032.59,1032.42,1032.59,0.02,21.71,23280.82,1
2024-01-14,2024-01-14 11:21:00,1032.59,1032.76,1032.59,1032.76,0.02,21.71,23280.82,1
2024-01-14,2024-01-14 11:22:00,1032.76,1032.93,1032.76,1032.93,0.02,21.71,23280.82,1
2024-01-14,2024-01-14 11:23:00,1032.93,1033.1,1032.93,1033.1,0.02,21.71,23280.82,1
2024-01-14,2024-01-14 11:24:00,1033.1,1033.27,1033.1,1033.27,0.02,21.71,23280.82,1
2024-01-14,2024-01-14 11:25:00,1033.27,1033.44,1033.27,1033.44,0.02,21.71,23280.82,1
2024-01-14,2024-01-14 11:26:00,1033.44,1033.61,1033.44,1033.61,0.02,21.71,23280.82,1
2024-01-14,2024-01-14 11:27:00,1033.61,1033.78,1033.61,1033.78,0.02,21.71,23280.82,1
2024-01-14,2024-01-14 11:28:00,1033.78,1033.95,1033.78,1033.95,0.02,21.71,23280.82,1
2024-01-14,2024-01-14 11:29:00,1033.95,1034.12,1033.95,1034.12,0.02,21.71,23280.82,1
2024-01-14,2024-01-14 11:30:00,1034.12,1034.3,1034.12,1034.3,0.02,21.71,23280.82,1
2024-01-14,2024-01-14 11:31:00,1034.3,1034.47,1034.3,1034.47,0.02,21.71,23280.82,1
2024-01-14,2024-01-14 11:32:00,1034.47,1034.64,1034.47,1034.64,0.02,21.71,23280.82,1
2024-01-14,2024-01-14 11:33:00,1034.64,1034.81,1034.64,1034.81,0.02,21.71,23280.82,1
2024-01-14,2024-01-14 11:34:00,1034.81,1034.98,1034.81,1034.98,0.02,21.71,23280.82,1
2024-01-14,2024-01-14 11:35:00,1034.98,1035.15,1034.98,1035.15,0.02,21.71,23280.82,1
2024-01-14,2024-01-14 11:36:00,1035.15,1035.32,1035.15,1035.32,0.02,21.71,23280.82,1
2024-01-14,2024-01-14 11:37:00,1035.32,1035.49,1035.32,1035.49,0.02,21.71,23280.82,1
2024-01-14,2024-01-14 11:38:00,1035.49,1035.66,1035.49,1035.66,0.02,21.71,23280.82,1
2024-01-14,2024-01-14 11:39:00,1035.66,1035.83,1035.66,1035.83,0.02,21.71,23280.82,1
2024-01-14,2024-01-14 11:40:00,1035.83,1036.0,1035.83,1036.0,0.02,21.71,23280.82,1
2024-01-14,2024-01-14 11:41:00,1036.0,1036.17,1036.0,1036.17,0.02,21.71,23280.82,1
2024-01-14,2024-01-14 11:42:00,1036.17,1036.35,1036.17,1036.35,0.02,21.71,23280.82,1
2024-01-14,2024-01-14 11:43:00,1036.35,1036.52,1036.35,1036.52,0.02,21.71,23280.82,1
2024-01-14,2024-01-14 11:44:00,1036.52,1036.69,1036.52,1036.69,0.02,21.71,23280.82,1
2024-01-14,2024-01-14 11:45:00,1036.69,1036.86,1036.69,1036.86,0.02,21.71,23280.82,1
2024-01-14,2024-01-14 11:46:00,1036.86,1037.03,1036.86,1037.03,0.02,21.71,23280.82,1
2024-01-14,2024-01-14 11:47:00,1037.03,1037.2,1037.03,1037.2,0.02,21.71,23280.82,1
2024-01-14,2024-01-14 11:48:00,1037.2,1037.37,1037.2,1037.37,0.02,21.71,23280.82,1
2024-01-14,2024-01-14 11:49:00,1037.37,1037.54,1037.37,1037.54,0.02,21.71,23280.82,1
2024-01-14,2024-01-14 11:50:00,1037.54,1037.71,1037.54,1037.71,0.02,21.71,23280.82,1
2024-01-14,2024-01-14 11:51:00,1037.71,1037.88,1037.71,1037.88,0.02,21.71,23280.82,1
2024-01-14,2024-01-14 11:52:00,1037.88,1038.05,1037.88,1038.05,0.02,21.71,23280.82,1
2024-01-14,2024-01-14 11:53:00,1038.05,1038.22,1038.05,1038.22,0.02,21.71,23280.82,1
2024-01-14,2024-01-14 11:54:00,1038.22,1038.4,1038.22,1038.4,0.02,21.71,23280.82,1
2024-01-14,2024-01-14 11:55:00,1038.4,1038.57,1038.4,1038.57,0.02,21.71,23280.82,1
2024-01-14,2024-01-14 11:56:00,1038.57,1038.74,1038.57,1038.74,0.02,21.71,23280.82,1
2024-01-14,2024-01-14 11:57:00,1038.74,1038.91,1038.74,1038.91,0.02,21.71,23280.82,1
2024-01-14,2024-01-14 11:58:00,1038.91,1039.08,1038.91,1039.08,0.02,21.71,23280.82,1
2024-01-14,2024-01-14 11:59:00,1039.08,1039.25,1039.08,1039.25,0.02,21.71,23280.82,1
2024-01-14,2024-01-14 12:00:00,1039.25,1039.42,1039.25,1039.42,0.02,21.71,23280.82,1
2024-01-14,2024-01-14 12:01:00,1039.42,1039.59,1039.42,1039.59,0.02,21.71,23280.82,1
2024-01-14,2024-01-14 12:02:00,1039.59,1039.76,1039.59,1039.76,0.02,21.71,23280.82,1
2024-01-14,2024-01-14 12:03:00,1039.76,1039.93,1039.76,1039.93,0.02,21.71,23280.82,1
2024-01-14,2024-01-14 12:04:00,1039.93,1040.1,1039.93,1040.1,0.02,21.71,23280.82,1
2024-01-14,2024-01-14 12:05:00,1040.1,1040.28,1040.1,1040.28,0.02,21.71,23280.82,1
2024-01-14,2024-01-14 12:06:00,1040.28,1040.45,1040.28,1040.45,0.02,21.71,23280.82,1
2024-01-14,2024-01-14 12:07:00,1040.45,1040.62,1040.45,1040.62,0.02,21.71,23280.82,1
2024-01-14,2024-01-14 12:08:00,1040.62,1040.79,1040.62,1040.79,0.02,21.71,23280.82,1
2024-01-14,2024-01-14 12:09:00,1040.79,1040.96,1040.79,1040.96,0.02,21.71,23280.82,1
2024-01-14,2024-01-14 12:10:00,1040.96,1041.13,1040.96,1041.13,0.02,21.71,23280.82,1
2024-01-14,2024-01-14 12:11:00,1041.13,1041.3,1041.13,1041.3,0.02,21.71,23280.82,1
2024-01-14,2024-01-14 12:12:00,1041.3,1041.47,1041.3,1041.47,0.02,21.71,23280.82,1
2024-01-14,2024-01-14 12:13:00,1041.47,1041.64,1041.47,1041.64,0.02,21.71,23280.82,1
2024-01-14,2024-01-14 12:14:00,1041.64,1041.81,1041.64,1041.81,0.02,21.71,23280.82,1
2024-01-14,2024-01-14 12:15:00,1041.81,1041.98,1041.81,1041.98,0.02,21.71,23280.82,1
2024-01-14,2024-01-14 12:16:00,1041.98,1042.15,1041.98,1042.15,0.02,21.71,23280.82,1
2024-01-14,2024-01-14 12:17:00,1042.15,1042.33,1042.15,1042.33,0.02,21.71,23280.82,1
2024-01-14,2024-01-14 12:18:00,1042.33,1042.5,1042.33,1042.5,0.02,21.71,23280.82,1
2024-01-14,2024-01-14 12:19:00,1042.5,1042.67,1042.5,1042.67,0.02,21.71,23280.82,1
2024-01-14,2024-01-14 12:20:00,1042.67,1042.84,1042.67,1042.84,0.02,21.71,23280.82,1
2024-01-14,2024-01-14 12:21:00,1042.84,1043.01,1042.84,1043.01,0.02,21.71,23280.82,1
2024-01-14,2024-01-14 12:22:00,1043.01,1043.18,1043.01,1043.18,0.02,21.71,23280.82,1
2024-01-14,2024-01-14 12:23:00,1043.18,1043.35,1043.18,1043.35,0.02,21.71,23280.82,1
2024-01-14,2024-01-14 12:24:00,1043.35,1043.52,1043.35,1043.52,0.02,21.71,23280.82,1
2024-01-14,2024-01-14 12:25:00,1043.52,1043.69,1043.52,1043.69,0.02,21.71,23280.82,1
2024-01-14,2024-01-14 12:26:00,1043.69,1043.86,1043.69,1043.86,0.02,21.71,23280.82,1
2024-01-14,2024-01-14 12:27:00,1043.86,1044.03,1043.86,1044.03,0.02,21.71,23280.82,1
2024-01-14,2024-01-14 12:28:00,1044.03,1044.2,1044.03,1044.2,0.02,21.71,23280.82,1
2024-01-14,2024-01-14 12:29:00,1044.2,1044.38,1044.2,1044.38,0.02,21.71,23280.82,1
2024-01-14,2024-01-14 12:30:00,1044.38,1044.55,1044.38,1044.55,0.02,21.71,23280.82,1
2024-01-14,2024-01-14 12:31:00,1044.55,1044.72,1044.55,1044.72,0.02,21.71,23280.82,1
2024-01-14,2024-01-14 12:32:00,1044.72,1044.89,1044.72,1044.89,0.02,21.71,23280.82,1
2024-01-14,2024-01-14 12:33:00,1044.89,1045.06,1044.89,1045.06,0.02,21.71,23280.82,1
2024-01-14,2024-01-14 12:34:00,1045.06,1045.23,1045.06,1045.23,0.02,21.71,23280.82,1
2024-01-14,2024-01-14 12:35:00,1045.23,1045.4,1045.23,1045.4,0.02,21.71,23280.82,1
2024-01-14,2024-01-14 12:36:00,1045.4,1045.57,1045.4,1045.57,0.02,21.71,23280.82,1
2024-01-14,2024-01-14 12:37:00,1045.57,1045.74,1045.57,1045.74,0.02,21.71,23280.82,1
2024-01-14,2024-01-14 12:38:00,1045.74,1045.91,1045.74,1045.91,0.02,21.71,23280.82,1
2024-01-14,2024-01-14 12:39:00,1045.91,1046.08,1045.91,1046.08,0.02,21.71,23280.82,1
2024-01-14,2024-01-14 12:40:00,1046.08,1046.25,1046.08,1046.25,0.02,21.71,23280.82,1
2024-01-14,2024-01-14 12:41:00,1046.25,1046.42,1046.25,1046.42,0.02,21.71,23280.82,1
2024-01-14,2024-01-14 12:42:00,1046.42,1046.6,1046.42,1046.6,0.02,21.71,23280.82,1
2024-01-14,2024-01-14 12:43:00,1046.6,1046.77,1046.6,1046.77,0.02,21.71,23280.82,1
2024-01-14,2024-01-14 12:44:00,1046.77,1046.94,1046.77,1046.94,0.02,21.71,23280.82,1
2024-01-14,2024-01-14 12:45:00,1046.94,1047.11,1046.94,1047.11,0.02,21.71,23280.82,1
2024-01-14,2024-01-14 12:46:00,1047.11,1047.28,1047.11,1047.28,0.02,21.71,23280.82,1
2024-01-14,2024-01-14 12:47:00,1047.28,1047.45,1047.28,1047.45,0.02,21.71,23280.82,1
2024-01-14,2024-01-14 12:48:00,1047.45,1047.62,1047.45,1047.62,0.02,21.71,23280.82,1
2024-01-14,2024-01-14 12:49:00,1047.62,1047.79,1047.62,1047.79,0.02,21.71,23280.82,1
2024-01-14,2024-01-14 12:50:00,1047.79,1047.96,1047.79,1047.96,0.02,21.71,23280.82,1
2024-01-14,2024-01-14 12:51:00,1047.96,1048.13,1047.96,1048.13,0.02,21.71,23280.82,1
2024-01-14,2024-01-14 12:52:00,1048.13,1048.3,1048.13,1048.3,0.02,21.71,23280.82,1
2024-01-14,2024-01-14 12:53:00,1048.3,1048.47,1048.3,1048.47,0.02,21.71,23280.82,1
2024-01-14,2024-01-14 12:54:00,1048.47,1048.65,1048.47,1048.65,0.02,21.71,23280.82,1
2024-01-14,2024-01-14 12:55:00,1048.65,1048.82,1048.65,1048.82,0.02,21.71,23280.82,1
2024-01-14,2024-01-14 12:56:00,1048.82,1048.99,1048.82,1048.99,0.02,21.71,23280.82,1
2024-01-14,2024-01-14 12:57:00,1048.99,1049.16,1048.99,1049.16,0.02,21.71,23280.82,1
2024-01-14,2024-01-14 12:58:00,1049.16,1049.33,1049.16,1049.33,0.02,21.71,23280.82,1
2024-01-14,2024-01-14 12:59:00,1049.33,1049.5,1049.33,1049.5,0.02,21.71,23280.82,1
2024-01-14,2024-01-14 13:00:00,1049.5,1080.0,1029.0,1049.67,0.02,21.71,23280.82,1
2024-01-14,2024-01-14 13:01:00,1049.67,1049.84,1049.67,1049.84,0.02,21.71,23280.82,1
2024-01-14,2024-01-14 13:02:00,1049.84,1050.01,1049.84,1050.01,0.02,21.71,23280.82,1
2024-01-14,2024-01-14 13:03:00,1050.01,1050.18,1050.01,1050.18,0.02,21.71,23280.82,1
2024-01-14,2024-01-14 13:04:00,1050.18,1050.35,1050.18,1050.35,0.02,21.71,23280.82,1
2024-01-14,2024-01-14 13:05:00,1050.35,1050.53,1050.35,1050.53,0.02,21.71,23280.82,1
2024-01-14,2024-01-14 13:06:00,1050.53,1050.7,1050.53,1050.7,0.02,21.71,23280.82,1
2024-01-14,2024-01-14 13:07:00,1050.7,1050.87,1050.7,1050.87,0.02,21.71,23280.82,1
2024-01-14,2024-01-14 13:08:00,1050.87,1051.04,1050.87,1051.04,0.02,21.71,23280.82,1
2024-01-14,2024-01-14 13:09:00,1051.04,1051.21,1051.04,1051.21,0.02,21.71,23280.82,1
2024-01-14,2024-01-14 13:10:00,1051.21,1051.38,1051.21,1051.38,0.02,21.71,23280.82,1
2024-01-14,2024-01-14 13:11:00,1051.38,1051.55,1051.38,1051.55,0.02,21.71,23280.82,1
2024-01-14,2024-01-14 13:12:00,1051.55,1051.72,1051.55,1051.72,0.02,21.71,23280.82,1
2024-01-14,2024-01-14 13:13:00,1051.72,1051.89,1051.72,1051.89,0.02,21.71,23280.82,1
2024-01-14,2024-01-14 13:14:00,1051.89,1052.06,1051.89,1052.06,0.02,21.71,23280.82,1
2024-01-14,2024-01-14 13:15:00,1052.06,1052.23,1052.06,1052.23,0.02,21.71,23280.82,1
2024-01-14,2024-01-14 13:16:00,1052.23,1052.4,1052.23,1052.4,0.02,21.71,23280.82,1
2024-01-14,2024-01-14 13:17:00,1052.4,1052.58,1052.4,1052.58,0.02,21.71,23280.82,1
2024-01-14,2024-01-14 13:18:00,1052.58,1052.75,1052.58,1052.75,0.02,21.71,23280.82,1
2024-01-14,2024-01-14 13:19:00,1052.75,1052.92,1052.75,1052.92,0.02,21.71,23280.82,1
2024-01-14,2024-01-14 13:20:00,1052.92,1053.09,1052.92,1053.09,0.02,21.71,23280.82,1
2024-01-14,2024-01-14 13:21:00,1053.09,1053.26,1053.09,1053.26,0.02,21.71,23280.82,1
2024-01-14,2024-01-14 13:22:00,1053.26,1053.43,1053.26,1053.43,0.02,21.71,23280.82,1
2024-01-14,2024-01-14 13:23:00,1053.43,1053.6,1053.43,1053.6,0.02,21.71,23280.82,1
2024-01-14,2024-01-14 13:24:00,1053.6,1053.77,1053.6,1053.77,0.02,21.71,23280.82,1
2024-01-14,2024-01-14 13:25:00,1053.77,1053.94,1053.77,1053.94,0.02,21.71,23280.82,1
2024-01-14,2024-01-14 13:26:00,1053.94,1054.11,1053.94,1054.11,0.02,21.71,23280.82,1
2024-01-14,2024-01-14 13:27:00,1054.11,1054.28,1054.11,1054.28,0.02,21.71,23280.82,1
2024-01-14,2024-01-14 13:28:00,1054.28,1054.45,1054.28,1054.45,0.02,21.71,23280.82,1
2024-01-14,2024-01-14 13:29:00,1054.45,1054.62,1054.45,1054.62,0.02,21.71,23280.82,1
2024-01-14,2024-01-14 13:30:00,1054.62,1054.8,1054.62,1054.8,0.02,21.71,23280.82,1
2024-01-14,2024-01-14 13:31:00,1054.8,1054.97,1054.8,1054.97,0.02,21.71,23280.82,1
2024-01-14,2024-01-14 13:32:00,1054.97,1055.14,1054.97,1055.14,0.02,21.71,23280.82,1
2024-01-14,2024-01-14 13:33:00,1055.14,1055.31,1055.14,1055.31,0.02,21.71,23280.82,1
2024-01-14,2024-01-14 13:34:00,1055.31,1055.48,1055.31,1055.48,0.02,21.71,23280.82,1
2024-01-14,2024-01-14 13:35:00,1055.48,1055.65,1055.48,1055.65,0.02,21.71,23280.82,1
2024-01-14,2024-01-14 13:36:00,1055.65,1055.82,1055.65,1055.82,0.02,21.71,23280.82,1
2024-01-14,2024-01-14 13:37:00,1055.82,1055.99,1055.82,1055.99,0.02,21.71,23280.82,1
2024-01-14,2024-01-14 13:38:00,1055.99,1056.16,1055.99,1056.16,0.02,21.71,23280.82,1
2024-01-14,2024-01-14 13:39:00,1056.16,1056.33,1056.16,1056.33,0.02,21.71,23280.82,1
2024-01-14,2024-01-14 13:40:00,1056.33,1056.5,1056.33,1056.5,0.02,21.71,23280.82,1
2024-01-14,2024-01-14 13:41:00,1056.5,1056.67,1056.5,1056.67,0.02,21.71,23280.82,1
2024-01-14,2024-01-14 13:42:00,1056.67,1056.85,1056.67,1056.85,0.02,21.71,23280.82,1
2024-01-14,2024-01-14 13:43:00,1056.85,1057.02,1056.85,1057.02,0.02,21.71,23280.82,1
2024-01-14,2024-01-14 13:44:00,1057.02,1057.19,1057.02,1057.19,0.02,21.71,23280.82,1
2024-01-14,2024-01-14 13:45:00,1057.19,1057.36,1057.19,1057.36,0.02,21.71,23280.82,1
2024-01-14,2024-01-14 13:46:00,1057.36,1057.53,1057.36,1057.53,0.02,21.71,23280.82,1
2024-01-14,2024-01-14 13:47:00,1057.53,1057.7,1057.53,1057.7,0.02,21.71,23280.82,1
2024-01-14,2024-01-14 13:48:00,1057.7,1057.87,1057.7,1057.87,0.02,21.71,23280.82,1
2024-01-14,2024-01-14 13:49:00,1057.87,1058.04,1057.87,1058.04,0.02,21.71,23280.82,1
2024-01-14,2024-01-14 13:50:00,1058.04,1058.21,1058.04,1058.21,0.02,21.71,23280.82,1
2024-01-14,2024-01-14 13:51:00,1058.21,1058.38,1058.21,1058.38,0.02,21.71,23280.82,1
2024-01-14,2024-01-14 13:52:00,1058.38,1058.55,1058.38,1058.55,0.02,21.71,23280.82,1
2024-01-14,2024-01-14 13:53:00,1058.55,1058.72,1058.55,1058.72,0.02,21.71,23280.82,1
2024-01-14,2024-01-14 13:54:00,1058.72,1058.9,1058.72,1058.9,0.02,21.71,23280.82,1
2024-01-14,2024-01-14 13:55:00,1058.9,1059.07,1058.9,1059.07,0.02,21.71,23280.82,1
2024-01-14,2024-01-14 13:56:00,1059.07,1059.24,1059.07,1059.24,0.02,21.71,23280.82,1
2024-01-14,2024-01-14 13:57:00,1059.24,1059.41,1059.24,1059.41,0.02,21.71,23280.82,1
2024-01-14,2024-01-14 13:58:00,1059.41,1059.58,1059.41,1059.58,0.02,21.71,23280.82,1
2024-01-14,2024-01-14 13:59:00,1059.58,1059.75,1059.58,1059.75,0.02,21.71,23280.82,1
2024-01-14,2024-01-14 14:00:00,1059.75,1059.92,1059.75,1059.92,0.02,21.71,23280.82,1
2024-01-14,2024-01-14 14:01:00,1059.92,1060.09,1059.92,1060.09,0.02,21.71,23280.82,1
2024-01-14,2024-01-14 14:02:00,1060.09,1060.26,1060.09,1060.26,0.02,21.71,23280.82,1
2024-01-14,2024-01-14 14:03:00,1060.26,1060.43,1060.26,1060.43,0.02,21.71,23280.82,1
2024-01-14,2024-01-14 14:04:00,1060.43,1060.6,1060.43,1060.6,0.02,21.71,23280.82,1
2024-01-14,2024-01-14 14:05:00,1060.6,1060.78,1060.6,1060.78,0.02,21.71,23280.82,1
2024-01-14,2024-01-14 14:06:00,1060.78,1060.95,1060.78,1060.95,0.02,21.71,23280.82,1
2024-01-14,2024-01-14 14:07:00,1060.95,1061.12,1060.95,1061.12,0.02,21.71,23280.82,1
2024-01-14,2024-01-14 14:08:00,1061.12,1061.29,1061.12,1061.29,0.02,21.71,23280.82,1
2024-01-14,2024-01-14 14:09:00,1061.29,1061.46,1061.29,1061.46,0.02,21.71,23280.82,1
2024-01-14,2024-01-14 14:10:00,1061.46,1061.63,1061.46,1061.63,0.02,21.71,23280.82,1
2024-01-14,2024-01-14 14:11:00,1061.63,1061.8,1061.63,1061.8,0.02,21.71,23280.82,1
2024-01-14,2024-01-14 14:12:00,1061.8,1061.97,1061.8,1061.97,0.02,21.71,23280.82,1
2024-01-14,2024-01-14 14:13:00,1061.97,1062.14,1061.97,1062.14,0.02,21.71,23280.82,1
2024-01-14,2024-01-14 14:14:00,1062.14,1062.31,1062.14,1062.31,0.02,21.71,23280.82,1
2024-01-14,2024-01-14 14:15:00,1062.31,1062.48,1062.31,1062.48,0.02,21.71,23280.82,1
2024-01-14,2024-01-14 14:16:00,1062.48,1062.65,1062.48,1062.65,0.02,21.71,23280.82,1
2024-01-14,2024-01-14 14:17:00,1062.65,1062.83,1062.65,1062.83,0.02,21.71,23280.82,1
2024-01-14,2024-01-14 14:18:00,1062.83,1063.0,1062.83,1063.0,0.02,21.71,23280.82,1
2024-01-14,2024-01-14 14:19:00,1063.0,1063.17,1063.0,1063.17,0.02,21.71,23280.82,1
2024-01-14,2024-01-14 14:20:00,1063.17,1063.34,1063.17,1063.34,0.02,21.71,23280.82,1
2024-01-14,2024-01-14 14:21:00,1063.34,1063.51,1063.34,1063.51,0.02,21.71,23280.82,1
2024-01-14,2024-01-14 14:22:00,1063.51,1063.68,1063.51,1063.68,0.02,21.71,23280.82,1
2024-01-14,2024-01-14 14:23:00,1063.68,1063.85,1063.68,1063.85,0.02,21.71,23280.82,1
2024-01-14,2024-01-14 14:24:00,1063.85,1064.02,1063.85,1064.02,0.02,21.71,23280.82,1
2024-01-14,2024-01-14 14:25:00,1064.02,1064.19,1064.02,1064.19,0.02,21.71,23280.82,1
2024-01-14,2024-01-14 14:26:00,1064.19,1064.36,1064.19,1064.36,0.02,21.71,23280.82,1
2024-01-14,2024-01-14 14:27:00,1064.36,1064.53,1064.36,1064.53,0.02,21.71,23280.82,1
2024-01-14,2024-01-14 14:28:00,1064.53,1064.7,1064.53,1064.7,0.02,21.71,23280.82,1
2024-01-14,2024-01-14 14:29:00,1064.7,1064.88,1064.7,1064.88,0.02,21.71,23280.82,1
2024-01-14,2024-01-14 14:30:00,1064.88,1065.05,1064.88,1065.05,0.02,21.71,23280.82,1
2024-01-14,2024-01-14 14:31:00,1065.05,1065.22,1065.05,1065.22,0.02,21.71,23280.82,1
2024-01-14,2024-01-14 14:32:00,1065.22,1065.39,1065.22,1065.39,0.02,21.71,23280.82,1
2024-01-14,2024-01-14 14:33:00,1065.39,1065.56,1065.39,1065.56,0.02,21.71,23280.82,1
2024-01-14,2024-01-14 14:34:00,1065.56,1065.73,1065.56,1065.73,0.02,21.71,23280.82,1
2024-01-14,2024-01-14 14:35:00,1065.73,1065.9,1065.73,1065.9,0.02,21.71,23280.82,1
2024-01-14,2024-01-14 14:36:00,1065.9,1066.07,1065.9,1066.07,0.02,21.71,23280.82,1
2024-01-14,2024-01-14 14:37:00,1066.07,1066.24,1066.07,1066.24,0.02,21.71,23280.82,1
2024-01-14,2024-01-14 14:38:00,1066.24,1066.41,1066.24,1066.41,0.02,21.71,23280.82,1
2024-01-14,2024-01-14 14:39:00,1066.41,1066.58,1066.41,1066.58,0.02,21.71,23280.82,1
2024-01-14,2024-01-14 14:40:00,1066.58,1066.75,1066.58,1066.75,0.02,21.71,23280.82,1
2024-01-14,2024-01-14 14:41:00,1066.75,1066.92,1066.75,1066.92,0.02,21.71,23280.82,1
2024-01-14,2024-01-14 14:42:00,1066.92,1067.1,1066.92,1067.1,0.02,21.71,23280.82,1
2024-01-14,2024-01-14 14:43:00,1067.1,1067.27,1067.1,1067.27,0.02,21.71,23280.82,1
2024-01-14,2024-01-14 14:44:00,1067.27,1067.44,1067.27,1067.44,0.02,21.71,23280.82,1
2024-01-14,2024-01-14 14:45:00,1067.44,1067.61,1067.44,1067.61,0.02,21.71,23280.82,1
2024-01-14,2024-01-14 14:46:00,1067.61,1067.78,1067.61,1067.78,0.02,21.71,23280.82,1
2024-01-14,2024-01-14 14:47:00,1067.78,1067.95,1067.78,1067.95,0.02,21.71,23280.82,1
2024-01-14,2024-01-14 14:48:00,1067.95,1068.12,1067.95,1068.12,0.02,21.71,23280.82,1
2024-01-14,2024-01-14 14:49:00,1068.12,1068.29,1068.12,1068.29,0.02,21.71,23280.82,1
2024-01-14,2024-01-14 14:50:00,1068.29,1068.46,1068.29,1068.46,0.02,21.71,23280.82,1
2024-01-14,2024-01-14 14:51:00,1068.46,1068.63,1068.46,1068.63,0.02,21.71,23280.82,1
2024-01-14,2024-01-14 14:52:00,1068.63,1068.8,1068.63,1068.8,0.02,21.71,23280.82,1
2024-01-14,2024-01-14 14:53:00,1068.8,1068.97,1068.8,1068.97,0.02,21.71,23280.82,1
2024-01-14,2024-01-14 14:54:00,1068.97,1069.15,1068.97,1069.15,0.02,21.71,23280.82,1
2024-01-14,2024-01-14 14:55:00,1069.15,1069.32,1069.15,1069.32,0.02,21.71,23280.82,1
2024-01-14,2024-01-14 14:56:00,1069.32,1069.49,1069.32,1069.49,0.02,21.71,23280.82,1
2024-01-14,2024-01-14 14:57:00,1069.49,1069.66,1069.49,1069.66,0.02,21.71,23280.82,1
2024-01-14,2024-01-14 14:58:00,1069.66,1069.83,1069.66,1069.83,0.02,21.71,23280.82,1
2024-01-14,2024-01-14 14:59:00,1069.83,1070.0,1069.83,1070.0,0.02,21.71,23280.82,1
2024-01-14,2024-01-14 15:00:00,1070.0,1080.0,1029.0,1070.0,0.0,21.71,23280.82,0
2024-01-16,2024-01-16 11:00:00,1080.0,1100.1,1080.0,1080.24,0.02,58.82,66716.94,1
2024-01-16,2024-01-16 11:01:00,1080.24,1080.48,1080.24,1080.48,0.02,58.82,66716.94,1
2024-01-16,2024-01-16 11:02:00,1080.48,1080.72,1080.48,1080.72,0.02,58.82,66716.94,1
2024-01-16,2024-01-16 11:03:00,1080.72,1080.97,1080.72,1080.97,0.02,58.82,66716.94,1
2024-01-16,2024-01-16 11:04:00,1080.97,1081.21,1080.97,1081.21,0.02,58.82,66716.94,1
2024-01-16,2024-01-16 11:05:00,1081.21,1081.45,1081.21,1081.45,0.02,58.82,66716.94,1
2024-01-16,2024-01-16 11:06:00,1081.45,1081.69,1081.45,1081.69,0.02,58.82,66716.94,1
2024-01-16,2024-01-16 11:07:00,1081.69,1081.93,1081.69,1081.93,0.02,58.82,66716.94,1
2024-01-16,2024-01-16 11:08:00,1081.93,1082.17,1081.93,1082.17,0.02,58.82,66716.94,1
2024-01-16,2024-01-16 11:09:00,1082.17,1082.42,1082.17,1082.42,0.02,58.82,66716.94,1
2024-01-16,2024-01-16 11:10:00,1082.42,1082.66,1082.42,1082.66,0.02,58.82,66716.94,1
2024-01-16,2024-01-16 11:11:00,1082.66,1082.9,1082.66,1082.9,0.02,58.82,66716.94,1
2024-01-16,2024-01-16 11:12:00,1082.9,1083.14,1082.9,1083.14,0.02,58.82,66716.94,1
2024-01-16,2024-01-16 11:13:00,1083.14,1083.38,1083.14,1083.38,0.02,58.82,66716.94,1
2024-01-16,2024-01-16 11:14:00,1083.38,1083.62,1083.38,1083.62,0.02,58.82,66716.94,1
2024-01-16,2024-01-16 11:15:00,1083.62,1083.87,1083.62,1083.87,0.02,58.82,66716.94,1
2024-01-16,2024-01-16 11:16:00,1083.87,1084.11,1083.87,1084.11,0.02,58.82,66716.94,1
2024-01-16,2024-01-16 11:17:00,1084.11,1084.35,1084.11,1084.35,0.02,58.82,66716.94,1
2024-01-16,2024-01-16 11:18:00,1084.35,1084.59,1084.35,1084.59,0.02,58.82,66716.94,1
2024-01-16,2024-01-16 11:19:00,1084.59,1084.83,1084.59,1084.83,0.02,58.82,66716.94,1
2024-01-16,2024-01-16 11:20:00,1084.83,1085.08,1084.83,1085.08,0.02,58.82,66716.94,1
2024-01-16,2024-01-16 11:21:00,1085.08,1085.32,1085.08,1085.32,0.02,58.82,66716.94,1
2024-01-16,2024-01-16 11:22:00,1085.32,1085.56,1085.32,1085.56,0.02,58.82,66716.94,1
2024-01-16,2024-01-16 11:23:00,1085.56,1085.8,1085.56,1085.8,0.02,58.82,66716.94,1
2024-01-16,2024-01-16 11:24:00,1085.8,1086.04,1085.8,1086.04,0.02,58.82,66716.94,1
2024-01-16,2024-01-16 11:25:00,1086.04,1086.28,1086.04,1086.28,0.02,58.82,66716.94,1
2024-01-16,2024-01-16 11:26:00,1086.28,1086.53,1086.28,1086.53,0.02,58.82,66716.94,1
2024-01-16,2024-01-16 11:27:00,1086.53,1086.77,1086.53,1086.77,0.02,58.82,66716.94,1
2024-01-16,2024-01-16 11:28:00,1086.77,1087.01,1086.77,1087.01,0.02,58.82,66716.94,1
2024-01-16,2024-01-16 11:29:00,1087.01,1087.25,1087.01,1087.25,0.02,58.82,66716.94,1
2024-01-16,2024-01-16 11:30:00,1087.25,1087.49,1087.25,1087.49,0.02,58.82,66716.94,1
2024-01-16,2024-01-16 11:31:00,1087.49,1087.73,1087.49,1087.73,0.02,58.82,66716.94,1
2024-01-16,2024-01-16 11:32:00,1087.73,1087.97,1087.73,1087.97,0.02,58.82,66716.94,1
2024-01-16,2024-01-16 11:33:00,1087.97,1088.22,1087.97,1088.22,0.02,58.82,66716.94,1
2024-01-16,2024-01-16 11:34:00,1088.22,1088.46,1088.22,1088.46,0.02,58.82,66716.94,1
2024-01-16,2024-01-16 11:35:00,1088.46,1088.7,1088.46,1088.7,0.02,58.82,66716.94,1
2024-01-16,2024-01-16 11:36:00,1088.7,1088.94,1088.7,1088.94,0.02,58.82,66716.94,1
2024-01-16,2024-01-16 11:37:00,1088.94,1089.18,1088.94,1089.18,0.02,58.82,66716.94,1
2024-01-16,2024-01-16 11:38:00,1089.18,1089.42,1089.18,1089.42,0.02,58.82,66716.94,1
2024-01-16,2024-01-16 11:39:00,1089.42,1089.67,1089.42,1089.67,0.02,58.82,66716.94,1
2024-01-16,2024-01-16 11:40:00,1089.67,1089.91,1089.67,1089.91,0.02,58.82,66716.94,1
2024-01-16,2024-01-16 11:41:00,1089.91,1090.15,1089.91,1090.15,0.02,58.82,66716.94,1
2024-01-16,2024-01-16 11:42:00,1090.15,1090.39,1090.15,1090.39,0.02,58.82,66716.94,1
2024-01-16,2024-01-16 11:43:00,1090.39,1090.63,1090.39,1090.63,0.02,58.82,66716.94,1
2024-01-16,2024-01-16 11:44:00,1090.63,1090.88,1090.63,1090.88,0.02,58.82,66716.94,1
2024-01-16,2024-01-16 11:45:00,1090.88,1091.12,1090.88,1091.12,0.02,58.82,66716.94,1
2024-01-16,2024-01-16 11:46:00,1091.12,1091.36,1091.12,1091.36,0.02,58.82,66716.94,1
2024-01-16,2024-01-16 11:47:00,1091.36,1091.6,1091.36,1091.6,0.02,58.82,66716.94,1
2024-01-16,2024-01-16 11:48:00,1091.6,1091.84,1091.6,1091.84,0.02,58.82,66716.94,1
2024-01-16,2024-01-16 11:49:00,1091.84,1092.08,1091.84,1092.08,0.02,58.82,66716.94,1
2024-01-16,2024-01-16 11:50:00,1092.08,1092.33,1092.08,1092.33,0.02,58.82,66716.94,1
2024-01-16,2024-01-16 11:51:00,1092.33,1092.57,1092.33,1092.57,0.02,58.82,66716.94,1
2024-01-16,2024-01-16 11:52:00,1092.57,1092.81,1092.57,1092.81,0.02,58.82,66716.94,1
2024-01-16,2024-01-16 11:53:00,1092.81,1093.05,1092.81,1093.05,0.02,58.82,66716.94,1
2024-01-16,2024-01-16 11:54:00,1093.05,1093.29,1093.05,1093.29,0.02,58.82,66716.94,1
2024-01-16,2024-01-16 11:55:00,1093.29,1093.53,1093.29,1093.53,0.02,58.82,66716.94,1
2024-01-16,2024-01-16 11:56:00,1093.53,1093.78,1093.53,1093.78,0.02,58.82,66716.94,1
2024-01-16,2024-01-16 11:57:00,1093.78,1094.02,1093.78,1094.02,0.02,58.82,66716.94,1
2024-01-16,2024-01-16 11:58:00,1094.02,1094.26,1094.02,1094.26,0.02,58.82,66716.94,1
2024-01-16,2024-01-16 11:59:00,1094.26,1094.5,1094.26,1094.5,0.02,58.82,66716.94,1
2024-01-16,2024-01-16 12:00:00,1094.5,1094.74,1094.5,1094.74,0.02,58.82,66716.94,1
2024-01-16,2024-01-16 12:01:00,1094.74,1094.98,1094.74,1094.98,0.02,58.82,66716.94,1
2024-01-16,2024-01-16 12:02:00,1094.98,1095.22,1094.98,1095.22,0.02,58.82,66716.94,1
2024-01-16,2024-01-16 12:03:00,1095.22,1095.47,1095.22,1095.47,0.02,58.82,66716.94,1
2024-01-16,2024-01-16 12:04:00,1095.47,1095.71,1095.47,1095.71,0.02,58.82,66716.94,1
2024-01-16,2024-01-16 12:05:00,1095.71,1095.95,1095.71,1095.95,0.02,58.82,66716.94,1
2024-01-16,2024-01-16 12:06:00,1095.95,1096.19,1095.95,1096.19,0.02,58.82,66716.94,1
2024-01-16,2024-01-16 12:07:00,1096.19,1096.43,1096.19,1096.43,0.02,58.82,66716.94,1
2024-01-16,2024-01-16 12:08:00,1096.43,1096.67,1096.43,1096.67,0.02,58.82,66716.94,1
2024-01-16,2024-01-16 12:09:00,1096.67,1096.92,1096.67,1096.92,0.02,58.82,66716.94,1
2024-01-16,2024-01-16 12:10:00,1096.92,1097.16,1096.92,1097.16,0.02,58.82,66716.94,1
2024-01-16,2024-01-16 12:11:00,1097.16,1097.4,1097.16,1097.4,0.02,58.82,66716.94,1
2024-01-16,2024-01-16 12:12:00,1097.4,1097.64,1097.4,1097.64,0.02,58.82,66716.94,1
2024-01-16,2024-01-16 12:13:00,1097.64,1097.88,1097.64,1097.88,0.02,58.82,66716.94,1
2024-01-16,2024-01-16 12:14:00,1097.88,1098.12,1097.88,1098.12,0.02,58.82,66716.94,1
2024-01-16,2024-01-16 12:15:00,1098.12,1098.37,1098.12,1098.37,0.02,58.82,66716.94,1
2024-01-16,2024-01-16 12:16:00,1098.37,1098.61,1098.37,1098.61,0.02,58.82,66716.94,1
2024-01-16,2024-01-16 12:17:00,1098.61,1098.85,1098.61,1098.85,0.02,58.82,66716.94,1
2024-01-16,2024-01-16 12:18:00,1098.85,1099.09,1098.85,1099.09,0.02,58.82,66716.94,1
2024-01-16,2024-01-16 12:19:00,1099.09,1099.33,1099.09,1099.33,0.02,58.82,66716.94,1
2024-01-16,2024-01-16 12:20:00,1099.33,1099.58,1099.33,1099.58,0.02,58.82,66716.94,1
2024-01-16,2024-01-16 12:21:00,1099.58,1099.82,1099.58,1099.82,0.02,58.82,66716.94,1
2024-01-16,2024-01-16 12:22:00,1099.82,1100.06,1099.82,1100.06,0.02,58.82,66716.94,1
2024-01-16,2024-01-16 12:23:00,1100.06,1100.3,1100.06,1100.3,0.02,58.82,66716.94,1
2024-01-16,2024-01-16 12:24:00,1100.3,1100.54,1100.3,1100.54,0.02,58.82,66716.94,1
2024-01-16,2024-01-16 12:25:00,1100.54,1100.78,1100.54,1100.78,0.02,58.82,66716.94,1
2024-01-16,2024-01-16 12:26:00,1100.78,1101.03,1100.78,1101.03,0.02,58.82,66716.94,1
2024-01-16,2024-01-16 12:27:00,1101.03,1101.27,1101.03,1101.27,0.02,58.82,66716.94,1
2024-01-16,2024-01-16 12:28:00,1101.27,1101.51,1101.27,1101.51,0.02,58.82,66716.94,1
2024-01-16,2024-01-16 12:29:00,1101.51,1101.75,1101.51,1101.75,0.02,58.82,66716.94,1
2024-01-16,2024-01-16 12:30:00,1101.75,1101.99,1101.75,1101.99,0.02,58.82,66716.94,1
2024-01-16,2024-01-16 12:31:00,1101.99,1102.23,1101.99,1102.23,0.02,58.82,66716.94,1
2024-01-16,2024-01-16 12:32:00,1102.23,1102.47,1102.23,1102.47,0.02,58.82,66716.94,1
2024-01-16,2024-01-16 12:33:00,1102.47,1102.72,1102.47,1102.72,0.02,58.82,66716.94,1
2024-01-16,2024-01-16 12:34:00,1102.72,1102.96,1102.72,1102.96,0.02,58.82,66716.94,1
2024-01-16,2024-01-16 12:35:00,1102.96,1103.2,1102.96,1103.2,0.02,58.82,66716.94,1
2024-01-16,2024-01-16 12:36:00,1103.2,1103.44,1103.2,1103.44,0.02,58.82,66716.94,1
2024-01-16,2024-01-16 12:37:00,1103.44,1103.68,1103.44,1103.68,0.02,58.82,66716.94,1
2024-01-16,2024-01-16 12:38:00,1103.68,1103.92,1103.68,1103.92,0.02,58.82,66716.94,1
2024-01-16,2024-01-16 12:39:00,1103.92,1104.17,1103.92,1104.17,0.02,58.82,66716.94,1
2024-01-16,2024-01-16 12:40:00,1104.17,1104.41,1104.17,1104.41,0.02,58.82,66716.94,1
2024-01-16,2024-01-16 12:41:00,1104.41,1104.65,1104.41,1104.65,0.02,58.82,66716.94,1
2024-01-16,2024-01-16 12:42:00,1104.65,1104.89,1104.65,1104.89,0.02,58.82,66716.94,1
2024-01-16,2024-01-16 12:43:00,1104.89,1105.13,1104.89,1105.13,0.02,58.82,66716.94,1
2024-01-16,2024-01-16 12:44:00,1105.13,1105.38,1105.13,1105.38,0.02,58.82,66716.94,1
2024-01-16,2024-01-16 12:45:00,1105.38,1105.62,1105.38,1105.62,0.02,58.82,66716.94,1
2024-01-16,2024-01-16 12:46:00,1105.62,1105.86,1105.62,1105.86,0.02,58.82,66716.94,1
2024-01-16,2024-01-16 12:47:00,1105.86,1106.1,1105.86,1106.1,0.02,58.82,66716.94,1
2024-01-16,2024-01-16 12:48:00,1106.1,1106.34,1106.1,1106.34,0.02,58.82,66716.94,1
2024-01-16,2024-01-16 12:49:00,1106.34,1106.58,1106.34,1106.58,0.02,58.82,66716.94,1
2024-01-16,2024-01-16 12:50:00,1106.58,1106.83,1106.58,1106.83,0.02,58.82,66716.94,1
2024-01-16,2024-01-16 12:51:00,1106.83,1107.07,1106.83,1107.07,0.02,58.82,66716.94,1
2024-01-16,2024-01-16 12:52:00,1107.07,1107.31,1107.07,1107.31,0.02,58.82,66716.94,1
2024-01-16,2024-01-16 12:53:00,1107.31,1107.55,1107.31,1107.55,0.02,58.82,66716.94,1
2024-01-16,2024-01-16 12:54:00,1107.55,1107.79,1107.55,1107.79,0.02,58.82,66716.94,1
2024-01-16,2024-01-16 12:55:00,1107.79,1108.03,1107.79,1108.03,0.02,58.82,66716.94,1
2024-01-16,2024-01-16 12:56:00,1108.03,1108.28,1108.03,1108.28,0.02,58.82,66716.94,1
2024-01-16,2024-01-16 12:57:00,1108.28,1108.52,1108.28,1108.52,0.02,58.82,66716.94,1
2024-01-16,2024-01-16 12:58:00,1108.52,1108.76,1108.52,1108.76,0.02,58.82,66716.94,1
2024-01-16,2024-01-16 12:59:00,1108.76,1109.0,1108.76,1109.0,0.02,58.82,66716.94,1
2024-01-16,2024-01-16 13:00:00,1109.0,1147.0,1080.0,1109.24,0.02,58.82,66716.94,1
2024-01-16,2024-01-16 13:01:00,1109.24,1109.48,1109.24,1109.48,0.02,58.82,66716.94,1
2024-01-16,2024-01-16 13:02:00,1109.48,1109.72,1109.48,1109.72,0.02,58.82,66716.94,1
2024-01-16,2024-01-16 13:03:00,1109.72,1109.97,1109.72,1109.97,0.02,58.82,66716.94,1
2024-01-16,2024-01-16 13:04:00,1109.97,1110.21,1109.97,1110.21,0.02,58.82,66716.94,1
2024-01-16,2024-01-16 13:05:00,1110.21,1110.45,1110.21,1110.45,0.02,58.82,66716.94,1
2024-01-16,2024-01-16 13:06:00,1110.45,1110.69,1110.45,1110.69,0.02,58.82,66716.94,1
2024-01-16,2024-01-16 13:07:00,1110.69,1110.93,1110.69,1110.93,0.02,58.82,66716.94,1
2024-01-16,2024-01-16 13:08:00,1110.93,1111.17,1110.93,1111.17,0.02,58.82,66716.94,1
2024-01-16,2024-01-16 13:09:00,1111.17,1111.42,1111.17,1111.42,0.02,58.82,66716.94,1
2024-01-16,2024-01-16 13:10:00,1111.42,1111.66,1111.42,1111.66,0.02,58.82,66716.94,1
2024-01-16,2024-01-16 13:11:00,1111.66,1111.9,1111.66,1111.9,0.02,58.82,66716.94,1
2024-01-16,2024-01-16 13:12:00,1111.9,1112.14,1111.9,1112.14,0.02,58.82,66716.94,1
2024-01-16,2024-01-16 13:13:00,1112.14,1112.38,1112.14,1112.38,0.02,58.82,66716.94,1
2024-01-16,2024-01-16 13:14:00,1112.38,1112.62,1112.38,1112.62,0.02,58.82,66716.94,1
2024-01-16,2024-01-16 13:15:00,1112.62,1112.87,1112.62,1112.87,0.02,58.82,66716.94,1
2024-01-16,2024-01-16 13:16:00,1112.87,1113.11,1112.87,1113.11,0.02,58.82,66716.94,1
2024-01-16,2024-01-16 13:17:00,1113.11,1113.35,1113.11,1113.35,0.02,58.82,66716.94,1
2024-01-16,2024-01-16 13:18:00,1113.35,1113.59,1113.35,1113.59,0.02,58.82,66716.94,1
2024-01-16,2024-01-16 13:19:00,1113.59,1113.83,1113.59,1113.83,0.02,58.82,66716.94,1
2024-01-16,2024-01-16 13:20:00,1113.83,1114.08,1113.83,1114.08,0.02,58.82,66716.94,1
2024-01-16,2024-01-16 13:21:00,1114.08,1114.32,1114.08,1114.32,0.02,58.82,66716.94,1
2024-01-16,2024-01-16 13:22:00,1114.32,1114.56,1114.32,1114.56,0.02,58.82,66716.94,1
2024-01-16,2024-01-16 13:23:00,1114.56,1114.8,1114.56,1114.8,0.02,58.82,66716.94,1
2024-01-16,2024-01-16 13:24:00,1114.8,1115.04,1114.8,1115.04,0.02,58.82,66716.94,1
2024-01-16,2024-01-16 13:25:00,1115.04,1115.28,1115.04,1115.28,0.02,58.82,66716.94,1
2024-01-16,2024-01-16 13:26:00,1115.28,1115.53,1115.28,1115.53,0.02,58.82,66716.94,1
2024-01-16,2024-01-16 13:27:00,1115.53,1115.77,1115.53,1115.77,0.02,58.82,66716.94,1
2024-01-16,2024-01-16 13:28:00,1115.77,1116.01,1115.77,1116.01,0.02,58.82,66716.94,1
2024-01-16,2024-01-16 13:29:00,1116.01,1116.25,1116.01,1116.25,0.02,58.82,66716.94,1
2024-01-16,2024-01-16 13:30:00,1116.25,1116.49,1116.25,1116.49,0.02,58.82,66716.94,1
2024-01-16,2024-01-16 13:31:00,1116.49,1116.73,1116.49,1116.73,0.02,58.82,66716.94,1
2024-01-16,2024-01-16 13:32:00,1116.73,1116.97,1116.73,1116.97,0.02,58.82,66716.94,1
2024-01-16,2024-01-16 13:33:00,1116.97,1117.22,1116.97,1117.22,0.02,58.82,66716.94,1
2024-01-16,2024-01-16 13:34:00,1117.22,1117.46,1117.22,1117.46,0.02,58.82,66716.94,1
2024-01-16,2024-01-16 13:35:00,1117.46,1117.7,1117.46,1117.7,0.02,58.82,66716.94,1
2024-01-16,2024-01-16 13:36:00,1117.7,1117.94,1117.7,1117.94,0.02,58.82,66716.94,1
2024-01-16,2024-01-16 13:37:00,1117.94,1118.18,1117.94,1118.18,0.02,58.82,66716.94,1
2024-01-16,2024-01-16 13:38:00,1118.18,1118.42,1118.18,1118.42,0.02,58.82,66716.94,1
2024-01-16,2024-01-16 13:39:00,1118.42,1118.67,1118.42,1118.67,0.02,58.82,66716.94,1
2024-01-16,2024-01-16 13:40:00,1118.67,1118.91,1118.67,1118.91,0.02,58.82,66716.94,1
2024-01-16,2024-01-16 13:41:00,1118.91,1119.15,1118.91,1119.15,0.02,58.82,66716.94,1
2024-01-16,2024-01-16 13:42:00,1119.15,1119.39,1119.15,1119.39,0.02,58.82,66716.94,1
2024-01-16,2024-01-16 13:43:00,1119.39,1119.63,1119.39,1119.63,0.02,58.82,66716.94,1
2024-01-16,2024-01-16 13:44:00,1119.63,1119.88,1119.63,1119.88,0.02,58.82,66716.94,1
2024-01-16,2024-01-16 13:45:00,1119.88,1120.12,1119.88,1120.12,0.02,58.82,66716.94,1
2024-01-16,2024-01-16 13:46:00,1120.12,1120.36,1120.12,1120.36,0.02,58.82,66716.94,1
2024-01-16,2024-01-16 13:47:00,1120.36,1120.6,1120.36,1120.6,0.02,58.82,66716.94,1
2024-01-16,2024-01-16 13:48:00,1120.6,1120.84,1120.6,1120.84,0.02,58.82,66716.94,1
2024-01-16,2024-01-16 13:49:00,1120.84,1121.08,1120.84,1121.08,0.02,58.82,66716.94,1
2024-01-16,2024-01-16 13:50:00,1121.08,1121.33,1121.08,1121.33,0.02,58.82,66716.94,1
2024-01-16,2024-01-16 13:51:00,1121.33,1121.57,1121.33,1121.57,0.02,58.82,66716.94,1
2024-01-16,2024-01-16 13:52:00,1121.57,1121.81,1121.57,1121.81,0.02,58.82,66716.94,1
2024-01-16,2024-01-16 13:53:00,1121.81,1122.05,1121.81,1122.05,0.02,58.82,66716.94,1
2024-01-16,2024-01-16 13:54:00,1122.05,1122.29,1122.05,1122.29,0.02,58.82,66716.94,1
2024-01-16,2024-01-16 13:55:00,1122.29,1122.53,1122.29,1122.53,0.02,58.82,66716.94,1
2024-01-16,2024-01-16 13:56:00,1122.53,1122.78,1122.53,1122.78,0.02,58.82,66716.94,1
2024-01-16,2024-01-16 13:57:00,1122.78,1123.02,1122.78,1123.02,0.02,58.82,66716.94,1
2024-01-16,2024-01-16 13:58:00,1123.02,1123.26,1123.02,1123.26,0.02,58.82,66716.94,1
2024-01-16,2024-01-16 13:59:00,1123.26,1123.5,1123.26,1123.5,0.02,58.82,66716.94,1
2024-01-16,2024-01-16 14:00:00,1123.5,1123.74,1123.5,1123.74,0.02,58.82,66716.94,1
2024-01-16,2024-01-16 14:01:00,1123.74,1123.98,1123.74,1123.98,0.02,58.82,66716.94,1
2024-01-16,2024-01-16 14:02:00,1123.98,1124.22,1123.98,1124.22,0.02,58.82,66716.94,1
2024-01-16,2024-01-16 14:03:00,1124.22,1124.47,1124.22,1124.47,0.02,58.82,66716.94,1
2024-01-16,2024-01-16 14:04:00,1124.47,1124.71,1124.47,1124.71,0.02,58.82,66716.94,1
2024-01-16,2024-01-16 14:05:00,1124.71,1124.95,1124.71,1124.95,0.02,58.82,66716.94,1
2024-01-16,2024-01-16 14:06:00,1124.95,1125.19,1124.95,1125.19,0.02,58.82,66716.94,1
2024-01-16,2024-01-16 14:07:00,1125.19,1125.43,1125.19,1125.43,0.02,58.82,66716.94,1
2024-01-16,2024-01-16 14:08:00,1125.43,1125.67,1125.43,1125.67,0.02,58.82,66716.94,1
2024-01-16,2024-01-16 14:09:00,1125.67,1125.92,1125.67,1125.92,0.02,58.82,66716.94,1
2024-01-16,2024-01-16 14:10:00,1125.92,1126.16,1125.92,1126.16,0.02,58.82,66716.94,1
2024-01-16,2024-01-16 14:11:00,1126.16,1126.4,1126.16,1126.4,0.02,58.82,66716.94,1
2024-01-16,2024-01-16 14:12:00,1126.4,1126.64,1126.4,1126.64,0.02,58.82,66716.94,1
2024-01-16,2024-01-16 14:13:00,1126.64,1126.88,1126.64,1126.88,0.02,58.82,66716.94,1
2024-01-16,2024-01-16 14:14:00,1126.88,1127.12,1126.88,1127.12,0.02,58.82,66716.94,1
2024-01-16,2024-01-16 14:15:00,1127.12,1127.37,1127.12,1127.37,0.02,58.82,66716.94,1
2024-01-16,2024-01-16 14:16:00,1127.37,1127.61,1127.37,1127.61,0.02,58.82,66716.94,1
2024-01-16,2024-01-16 14:17:00,1127.61,1127.85,1127.61,1127.85,0.02,58.82,66716.94,1
2024-01-16,2024-01-16 14:18:00,1127.85,1128.09,1127.85,1128.09,0.02,58.82,66716.94,1
2024-01-16,2024-01-16 14:19:00,1128.09,1128.33,1128.09,1128.33,0.02,58.82,66716.94,1
2024-01-16,2024-01-16 14:20:00,1128.33,1128.58,1128.33,1128.58,0.02,58.82,66716.94,1
2024-01-16,2024-01-16 14:21:00,1128.58,1128.82,1128.58,1128.82,0.02,58.82,66716.94,1
2024-01-16,2024-01-16 14:22:00,1128.82,1129.06,1128.82,1129.06,0.02,58.82,66716.94,1
2024-01-16,2024-01-16 14:23:00,1129.06,1129.3,1129.06,1129.3,0.02,58.82,66716.94,1
2024-01-16,2024-01-16 14:24:00,1129.3,1129.54,1129.3,1129.54,0.02,58.82,66716.94,1
2024-01-16,2024-01-16 14:25:00,1129.54,1129.78,1129.54,1129.78,0.02,58.82,66716.94,1
2024-01-16,2024-01-16 14:26:00,1129.78,1130.03,1129.78,1130.03,0.02,58.82,66716.94,1
2024-01-16,2024-01-16 14:27:00,1130.03,1130.27,1130.03,1130.27,0.02,58.82,66716.94,1
2024-01-16,2024-01-16 14:28:00,1130.27,1130.51,1130.27,1130.51,0.02,58.82,66716.94,1
2024-01-16,2024-01-16 14:29:00,1130.51,1130.75,1130.51,1130.75,0.02,58.82,66716.94,1
2024-01-16,2024-01-16 14:30:00,1130.75,1130.99,1130.75,1130.99,0.02,58.82,66716.94,1
2024-01-16,2024-01-16 14:31:00,1130.99,1131.23,1130.99,1131.23,0.02,58.82,66716.94,1
2024-01-16,2024-01-16 14:32:00,1131.23,1131.47,1131.23,1131.47,0.02,58.82,66716.94,1
2024-01-16,2024-01-16 14:33:00,1131.47,1131.72,1131.47,1131.72,0.02,58.82,66716.94,1
2024-01-16,2024-01-16 14:34:00,1131.72,1131.96,1131.72,1131.96,0.02,58.82,66716.94,1
2024-01-16,2024-01-16 14:35:00,1131.96,1132.2,1131.96,1132.2,0.02,58.82,66716.94,1
2024-01-16,2024-01-16 14:36:00,1132.2,1132.44,1132.2,1132.44,0.02,58.82,66716.94,1
2024-01-16,2024-01-16 14:37:00,1132.44,1132.68,1132.44,1132.68,0.02,58.82,66716.94,1
2024-01-16,2024-01-16 14:38:00,1132.68,1132.92,1132.68,1132.92,0.02,58.82,66716.94,1
2024-01-16,2024-01-16 14:39:00,1132.92,1133.17,1132.92,1133.17,0.02,58.82,66716.94,1
2024-01-16,2024-01-16 14:40:00,1133.17,1133.41,1133.17,1133.41,0.02,58.82,66716.94,1
2024-01-16,2024-01-16 14:41:00,1133.41,1133.65,1133.41,1133.65,0.02,58.82,66716.94,1
2024-01-16,2024-01-16 14:42:00,1133.65,1133.89,1133.65,1133.89,0.02,58.82,66716.94,1
2024-01-16,2024-01-16 14:43:00,1133.89,1134.13,1133.89,1134.13,0.02,58.82,66716.94,1
2024-01-16,2024-01-16 14:44:00,1134.13,1134.38,1134.13,1134.38,0.02,58.82,66716.94,1
2024-01-16,2024-01-16 14:45:00,1134.38,1134.62,1134.38,1134.62,0.02,58.82,66716.94,1
2024-01-16,2024-01-16 14:46:00,1134.62,1134.86,1134.62,1134.86,0.02,58.82,66716.94,1
2024-01-16,2024-01-16 14:47:00,1134.86,1135.1,1134.86,1135.1,0.02,58.82,66716.94,1
2024-01-16,2024-01-16 14:48:00,1135.1,1135.34,1135.1,1135.34,0.02,58.82,66716.94,1
2024-01-16,2024-01-16 14:49:00,1135.34,1135.58,1135.34,1135.58,0.02,58.82,66716.94,1
2024-01-16,2024-01-16 14:50:00,1135.58,1135.83,1135.58,1135.83,0.02,58.82,66716.94,1
2024-01-16,2024-01-16 14:51:00,1135.83,1136.07,1135.83,1136.07,0.02,58.82,66716.94,1
2024-01-16,2024-01-16 14:52:00,1136.07,1136.31,1136.07,1136.31,0.02,58.82,66716.94,1
2024-01-16,2024-01-16 14:53:00,1136.31,1136.55,1136.31,1136.55,0.02,58.82,66716.94,1
2024-01-16,2024-01-16 14:54:00,1136.55,1136.79,1136.55,1136.79,0.02,58.82,66716.94,1
2024-01-16,2024-01-16 14:55:00,1136.79,1137.03,1136.79,1137.03,0.02,58.82,66716.94,1
2024-01-16,2024-01-16 14:56:00,1137.03,1137.28,1137.03,1137.28,0.02,58.82,66716.94,1
2024-01-16,2024-01-16 14:57:00,1137.28,1137.52,1137.28,1137.52,0.02,58.82,66716.94,1
2024-01-16,2024-01-16 14:58:00,1137.52,1137.76,1137.52,1137.76,0.02,58.82,66716.94,1
2024-01-16,2024-01-16 14:59:00,1137.76,1138.0,1137.76,1138.0,0.02,58.82,66716.94,1
2024-01-16,2024-01-16 15:00:00,1138.0,1147.0,1080.0,1138.0,0.0,58.82,66716.94,0
2024-01-17,2024-01-17 11:00:00,1115.3,1156.25,1115.3,1115.64,0.03,85.5,103501.33,1
2024-01-17,2024-01-17 11:01:00,1115.64,1115.99,1115.64,1115.99,0.03,85.5,103501.33,1
2024-01-17,2024-01-17 11:02:00,1115.99,1116.33,1115.99,1116.33,0.03,85.5,103501.33,1
2024-01-17,2024-01-17 11:03:00,1116.33,1116.68,1116.33,1116.68,0.03,85.5,103501.33,1
2024-01-17,2024-01-17 11:04:00,1116.68,1117.02,1116.68,1117.02,0.03,85.5,103501.33,1
2024-01-17,2024-01-17 11:05:00,1117.02,1117.37,1117.02,1117.37,0.03,85.5,103501.33,1
2024-01-17,2024-01-17 11:06:00,1117.37,1117.71,1117.37,1117.71,0.03,85.5,103501.33,1
2024-01-17,2024-01-17 11:07:00,1117.71,1118.06,1117.71,1118.06,0.03,85.5,103501.33,1
2024-01-17,2024-01-17 11:08:00,1118.06,1118.4,1118.06,1118.4,0.03,85.5,103501.33,1
2024-01-17,2024-01-17 11:09:00,1118.4,1118.75,1118.4,1118.75,0.03,85.5,103501.33,1
2024-01-17,2024-01-17 11:10:00,1118.75,1119.09,1118.75,1119.09,0.03,85.5,103501.33,1
2024-01-17,2024-01-17 11:11:00,1119.09,1119.43,1119.09,1119.43,0.03,85.5,103501.33,1
2024-01-17,2024-01-17 11:12:00,1119.43,1119.78,1119.43,1119.78,0.03,85.5,103501.33,1
2024-01-17,2024-01-17 11:13:00,1119.78,1120.12,1119.78,1120.12,0.03,85.5,103501.33,1
2024-01-17,2024-01-17 11:14:00,1120.12,1120.47,1120.12,1120.47,0.03,85.5,103501.33,1
2024-01-17,2024-01-17 11:15:00,1120.47,1120.81,1120.47,1120.81,0.03,85.5,103501.33,1
2024-01-17,2024-01-17 11:16:00,1120.81,1121.16,1120.81,1121.16,0.03,85.5,103501.33,1
2024-01-17,2024-01-17 11:17:00,1121.16,1121.5,1121.16,1121.5,0.03,85.5,103501.33,1
2024-01-17,2024-01-17 11:18:00,1121.5,1121.85,1121.5,1121.85,0.03,85.5,103501.33,1
2024-01-17,2024-01-17 11:19:00,1121.85,1122.19,1121.85,1122.19,0.03,85.5,103501.33,1
2024-01-17,2024-01-17 11:20:00,1122.19,1122.54,1122.19,1122.54,0.03,85.5,103501.33,1
2024-01-17,2024-01-17 11:21:00,1122.54,1122.88,1122.54,1122.88,0.03,85.5,103501.33,1
2024-01-17,2024-01-17 11:22:00,1122.88,1123.23,1122.88,1123.23,0.03,85.5,103501.33,1
2024-01-17,2024-01-17 11:23:00,1123.23,1123.57,1123.23,1123.57,0.03,85.5,103501.33,1
2024-01-17,2024-01-17 11:24:00,1123.57,1123.91,1123.57,1123.91,0.03,85.5,103501.33,1
2024-01-17,2024-01-17 11:25:00,1123.91,1124.26,1123.91,1124.26,0.03,85.5,103501.33,1
2024-01-17,2024-01-17 11:26:00,1124.26,1124.6,1124.26,1124.6,0.03,85.5,103501.33,1
2024-01-17,2024-01-17 11:27:00,1124.6,1124.95,1124.6,1124.95,0.03,85.5,103501.33,1
2024-01-17,2024-01-17 11:28:00,1124.95,1125.29,1124.95,1125.29,0.03,85.5,103501.33,1
2024-01-17,2024-01-17 11:29:00,1125.29,1125.64,1125.29,1125.64,0.03,85.5,103501.33,1
2024-01-17,2024-01-17 11:30:00,1125.64,1125.98,1125.64,1125.98,0.03,85.5,103501.33,1
2024-01-17,2024-01-17 11:31:00,1125.98,1126.33,1125.98,1126.33,0.03,85.5,103501.33,1
2024-01-17,2024-01-17 11:32:00,1126.33,1126.67,1126.33,1126.67,0.03,85.5,103501.33,1
2024-01-17,2024-01-17 11:33:00,1126.67,1127.02,1126.67,1127.02,0.03,85.5,103501.33,1
2024-01-17,2024-01-17 11:34:00,1127.02,1127.36,1127.02,1127.36,0.03,85.5,103501.33,1
2024-01-17,2024-01-17 11:35:00,1127.36,1127.7,1127.36,1127.7,0.03,85.5,103501.33,1
2024-01-17,2024-01-17 11:36:00,1127.7,1128.05,1127.7,1128.05,0.03,85.5,103501.33,1
2024-01-17,2024-01-17 11:37:00,1128.05,1128.39,1128.05,1128.39,0.03,85.5,103501.33,1
2024-01-17,2024-01-17 11:38:00,1128.39,1128.74,1128.39,1128.74,0.03,85.5,103501.33,1
2024-01-17,2024-01-17 11:39:00,1128.74,1129.08,1128.74,1129.08,0.03,85.5,103501.33,1
2024-01-17,2024-01-17 11:40:00,1129.08,1129.43,1129.08,1129.43,0.03,85.5,103501.33,1
2024-01-17,2024-01-17 11:41:00,1129.43,1129.77,1129.43,1129.77,0.03,85.5,103501.33,1
2024-01-17,2024-01-17 11:42:00,1129.77,1130.12,1129.77,1130.12,0.03,85.5,103501.33,1
2024-01-17,2024-01-17 11:43:00,1130.12,1130.46,1130.12,1130.46,0.03,85.5,103501.33,1
2024-01-17,2024-01-17 11:44:00,1130.46,1130.81,1130.46,1130.81,0.03,85.5,103501.33,1
2024-01-17,2024-01-17 11:45:00,1130.81,1131.15,1130.81,1131.15,0.03,85.5,103501.33,1
2024-01-17,2024-01-17 11:46:00,1131.15,1131.5,1131.15,1131.5,0.03,85.5,103501.33,1
2024-01-17,2024-01-17 11:47:00,1131.5,1131.84,1131.5,1131.84,0.03,85.5,103501.33,1
2024-01-17,2024-01-17 11:48:00,1131.84,1132.18,1131.84,1132.18,0.03,85.5,103501.33,1
2024-01-17,2024-01-17 11:49:00,1132.18,1132.53,1132.18,1132.53,0.03,85.5,103501.33,1
2024-01-17,2024-01-17 11:50:00,1132.53,1132.87,1132.53,1132.87,0.03,85.5,103501.33,1
2024-01-17,2024-01-17 11:51:00,1132.87,1133.22,1132.87,1133.22,0.03,85.5,103501.33,1
2024-01-17,2024-01-17 11:52:00,1133.22,1133.56,1133.22,1133.56,0.03,85.5,103501.33,1
2024-01-17,2024-01-17 11:53:00,1133.56,1133.91,1133.56,1133.91,0.03,85.5,103501.33,1
2024-01-17,2024-01-17 11:54:00,1133.91,1134.25,1133.91,1134.25,0.03,85.5,103501.33,1
2024-01-17,2024-01-17 11:55:00,1134.25,1134.6,1134.25,1134.6,0.03,85.5,103501.33,1
2024-01-17,2024-01-17 11:56:00,1134.6,1134.94,1134.6,1134.94,0.03,85.5,103501.33,1
2024-01-17,2024-01-17 11:57:00,1134.94,1135.29,1134.94,1135.29,0.03,85.5,103501.33,1
2024-01-17,2024-01-17 11:58:00,1135.29,1135.63,1135.29,1135.63,0.03,85.5,103501.33,1
2024-01-17,2024-01-17 11:59:00,1135.63,1135.97,1135.63,1135.97,0.03,85.5,103501.33,1
2024-01-17,2024-01-17 12:00:00,1135.97,1136.32,1135.97,1136.32,0.03,85.5,103501.33,1
2024-01-17,2024-01-17 12:01:00,1136.32,1136.66,1136.32,1136.66,0.03,85.5,103501.33,1
2024-01-17,2024-01-17 12:02:00,1136.66,1137.01,1136.66,1137.01,0.03,85.5,103501.33,1
2024-01-17,2024-01-17 12:03:00,1137.01,1137.35,1137.01,1137.35,0.03,85.5,103501.33,1
2024-01-17,2024-01-17 12:04:00,1137.35,1137.7,1137.35,1137.7,0.03,85.5,103501.33,1
2024-01-17,2024-01-17 12:05:00,1137.7,1138.04,1137.7,1138.04,0.03,85.5,103501.33,1
2024-01-17,2024-01-17 12:06:00,1138.04,1138.39,1138.04,1138.39,0.03,85.5,103501.33,1
2024-01-17,2024-01-17 12:07:00,1138.39,1138.73,1138.39,1138.73,0.03,85.5,103501.33,1
2024-01-17,2024-01-17 12:08:00,1138.73,1139.08,1138.73,1139.08,0.03,85.5,103501.33,1
2024-01-17,2024-01-17 12:09:00,1139.08,1139.42,1139.08,1139.42,0.03,85.5,103501.33,1
2024-01-17,2024-01-17 12:10:00,1139.42,1139.77,1139.42,1139.77,0.03,85.5,103501.33,1
2024-01-17,2024-01-17 12:11:00,1139.77,1140.11,1139.77,1140.11,0.03,85.5,103501.33,1
2024-01-17,2024-01-17 12:12:00,1140.11,1140.45,1140.11,1140.45,0.03,85.5,103501.33,1
2024-01-17,2024-01-17 12:13:00,1140.45,1140.8,1140.45,1140.8,0.03,85.5,103501.33,1
2024-01-17,2024-01-17 12:14:00,1140.8,1141.14,1140.8,1141.14,0.03,85.5,103501.33,1
2024-01-17,2024-01-17 12:15:00,1141.14,1141.49,1141.14,1141.49,0.03,85.5,103501.33,1
2024-01-17,2024-01-17 12:16:00,1141.49,1141.83,1141.49,1141.83,0.03,85.5,103501.33,1
2024-01-17,2024-01-17 12:17:00,1141.83,1142.18,1141.83,1142.18,0.03,85.5,103501.33,1
2024-01-17,2024-01-17 12:18:00,1142.18,1142.52,1142.18,1142.52,0.03,85.5,103501.33,1
2024-01-17,2024-01-17 12:19:00,1142.52,1142.87,1142.52,1142.87,0.03,85.5,103501.33,1
2024-01-17,2024-01-17 12:20:00,1142.87,1143.21,1142.87,1143.21,0.03,85.5,103501.33,1
2024-01-17,2024-01-17 12:21:00,1143.21,1143.56,1143.21,1143.56,0.03,85.5,103501.33,1
2024-01-17,2024-01-17 12:22:00,1143.56,1143.9,1143.56,1143.9,0.03,85.5,103501.33,1
2024-01-17,2024-01-17 12:23:00,1143.9,1144.24,1143.9,1144.24,0.03,85.5,103501.33,1
2024-01-17,2024-01-17 12:24:00,1144.24,1144.59,1144.24,1144.59,0.03,85.5,103501.33,1
2024-01-17,2024-01-17 12:25:00,1144.59,1144.93,1144.59,1144.93,0.03,85.5,103501.33,1
2024-01-17,2024-01-17 12:26:00,1144.93,1145.28,1144.93,1145.28,0.03,85.5,103501.33,1
2024-01-17,2024-01-17 12:27:00,1145.28,1145.62,1145.28,1145.62,0.03,85.5,103501.33,1
2024-01-17,2024-01-17 12:28:00,1145.62,1145.97,1145.62,1145.97,0.03,85.5,103501.33,1
2024-01-17,2024-01-17 12:29:00,1145.97,1146.31,1145.97,1146.31,0.03,85.5,103501.33,1
2024-01-17,2024-01-17 12:30:00,1146.31,1146.66,1146.31,1146.66,0.03,85.5,103501.33,1
2024-01-17,2024-01-17 12:31:00,1146.66,1147.0,1146.66,1147.0,0.03,85.5,103501.33,1
2024-01-17,2024-01-17 12:32:00,1147.0,1147.35,1147.0,1147.35,0.03,85.5,103501.33,1
2024-01-17,2024-01-17 12:33:00,1147.35,1147.69,1147.35,1147.69,0.03,85.5,103501.33,1
2024-01-17,2024-01-17 12:34:00,1147.69,1148.04,1147.69,1148.04,0.03,85.5,103501.33,1
2024-01-17,2024-01-17 12:35:00,1148.04,1148.38,1148.04,1148.38,0.03,85.5,103501.33,1
2024-01-17,2024-01-17 12:36:00,1148.38,1148.72,1148.38,1148.72,0.03,85.5,103501.33,1
2024-01-17,2024-01-17 12:37:00,1148.72,1149.07,1148.72,1149.07,0.03,85.5,103501.33,1
2024-01-17,2024-01-17 12:38:00,1149.07,1149.41,1149.07,1149.41,0.03,85.5,103501.33,1
2024-01-17,2024-01-17 12:39:00,1149.41,1149.76,1149.41,1149.76,0.03,85.5,103501.33,1
2024-01-17,2024-01-17 12:40:00,1149.76,1150.1,1149.76,1150.1,0.03,85.5,103501.33,1
2024-01-17,2024-01-17 12:41:00,1150.1,1150.45,1150.1,1150.45,0.03,85.5,103501.33,1
2024-01-17,2024-01-17 12:42:00,1150.45,1150.79,1150.45,1150.79,0.03,85.5,103501.33,1
2024-01-17,2024-01-17 12:43:00,1150.79,1151.14,1150.79,1151.14,0.03,85.5,103501.33,1
2024-01-17,2024-01-17 12:44:00,1151.14,1151.48,1151.14,1151.48,0.03,85.5,103501.33,1
2024-01-17,2024-01-17 12:45:00,1151.48,1151.83,1151.48,1151.83,0.03,85.5,103501.33,1
2024-01-17,2024-01-17 12:46:00,1151.83,1152.17,1151.83,1152.17,0.03,85.5,103501.33,1
2024-01-17,2024-01-17 12:47:00,1152.17,1152.51,1152.17,1152.51,0.03,85.5,103501.33,1
2024-01-17,2024-01-17 12:48:00,1152.51,1152.86,1152.51,1152.86,0.03,85.5,103501.33,1
2024-01-17,2024-01-17 12:49:00,1152.86,1153.2,1152.86,1153.2,0.03,85.5,103501.33,1
2024-01-17,2024-01-17 12:50:00,1153.2,1153.55,1153.2,1153.55,0.03,85.5,103501.33,1
2024-01-17,2024-01-17 12:51:00,1153.55,1153.89,1153.55,1153.89,0.03,85.5,103501.33,1
2024-01-17,2024-01-17 12:52:00,1153.89,1154.24,1153.89,1154.24,0.03,85.5,103501.33,1
2024-01-17,2024-01-17 12:53:00,1154.24,1154.58,1154.24,1154.58,0.03,85.5,103501.33,1
2024-01-17,2024-01-17 12:54:00,1154.58,1154.93,1154.58,1154.93,0.03,85.5,103501.33,1
2024-01-17,2024-01-17 12:55:00,1154.93,1155.27,1154.93,1155.27,0.03,85.5,103501.33,1
2024-01-17,2024-01-17 12:56:00,1155.27,1155.62,1155.27,1155.62,0.03,85.5,103501.33,1
2024-01-17,2024-01-17 12:57:00,1155.62,1155.96,1155.62,1155.96,0.03,85.5,103501.33,1
2024-01-17,2024-01-17 12:58:00,1155.96,1156.31,1155.96,1156.31,0.03,85.5,103501.33,1
2024-01-17,2024-01-17 12:59:00,1156.31,1156.65,1156.31,1156.65,0.03,85.5,103501.33,1
2024-01-17,2024-01-17 13:00:00,1156.65,1251.8,1115.3,1156.99,0.03,85.5,103501.33,1
2024-01-17,2024-01-17 13:01:00,1156.99,1157.34,1156.99,1157.34,0.03,85.5,103501.33,1
2024-01-17,2024-01-17 13:02:00,1157.34,1157.68,1157.34,1157.68,0.03,85.5,103501.33,1
2024-01-17,2024-01-17 13:03:00,1157.68,1158.03,1157.68,1158.03,0.03,85.5,103501.33,1
2024-01-17,2024-01-17 13:04:00,1158.03,1158.37,1158.03,1158.37,0.03,85.5,103501.33,1
2024-01-17,2024-01-17 13:05:00,1158.37,1158.72,1158.37,1158.72,0.03,85.5,103501.33,1
2024-01-17,2024-01-17 13:06:00,1158.72,1159.06,1158.72,1159.06,0.03,85.5,103501.33,1
2024-01-17,2024-01-17 13:07:00,1159.06,1159.41,1159.06,1159.41,0.03,85.5,103501.33,1
2024-01-17,2024-01-17 13:08:00,1159.41,1159.75,1159.41,1159.75,0.03,85.5,103501.33,1
2024-01-17,2024-01-17 13:09:00,1159.75,1160.1,1159.75,1160.1,0.03,85.5,103501.33,1
2024-01-17,2024-01-17 13:10:00,1160.1,1160.44,1160.1,1160.44,0.03,85.5,103501.33,1
2024-01-17,2024-01-17 13:11:00,1160.44,1160.79,1160.44,1160.79,0.03,85.5,103501.33,1
2024-01-17,2024-01-17 13:12:00,1160.79,1161.13,1160.79,1161.13,0.03,85.5,103501.33,1
2024-01-17,2024-01-17 13:13:00,1161.13,1161.47,1161.13,1161.47,0.03,85.5,103501.33,1
2024-01-17,2024-01-17 13:14:00,1161.47,1161.82,1161.47,1161.82,0.03,85.5,103501.33,1
2024-01-17,2024-01-17 13:15:00,1161.82,1162.16,1161.82,1162.16,0.03,85.5,103501.33,1
2024-01-17,2024-01-17 13:16:00,1162.16,1162.51,1162.16,1162.51,0.03,85.5,103501.33,1
2024-01-17,2024-01-17 13:17:00,1162.51,1162.85,1162.51,1162.85,0.03,85.5,103501.33,1
2024-01-17,2024-01-17 13:18:00,1162.85,1163.2,1162.85,1163.2,0.03,85.5,103501.33,1
2024-01-17,2024-01-17 13:19:00,1163.2,1163.54,1163.2,1163.54,0.03,85.5,103501.33,1
2024-01-17,2024-01-17 13:20:00,1163.54,1163.89,1163.54,1163.89,0.03,85.5,103501.33,1
2024-01-17,2024-01-17 13:21:00,1163.89,1164.23,1163.89,1164.23,0.03,85.5,103501.33,1
2024-01-17,2024-01-17 13:22:00,1164.23,1164.58,1164.23,1164.58,0.03,85.5,103501.33,1
2024-01-17,2024-01-17 13:23:00,1164.58,1164.92,1164.58,1164.92,0.03,85.5,103501.33,1
2024-01-17,2024-01-17 13:24:00,1164.92,1165.26,1164.92,1165.26,0.03,85.5,103501.33,1
2024-01-17,2024-01-17 13:25:00,1165.26,1165.61,1165.26,1165.61,0.03,85.5,103501.33,1
2024-01-17,2024-01-17 13:26:00,1165.61,1165.95,1165.61,1165.95,0.03,85.5,103501.33,1
2024-01-17,2024-01-17 13:27:00,1165.95,1166.3,1165.95,1166.3,0.03,85.5,103501.33,1
2024-01-17,2024-01-17 13:28:00,1166.3,1166.64,1166.3,1166.64,0.03,85.5,103501.33,1
2024-01-17,2024-01-17 13:29:00,1166.64,1166.99,1166.64,1166.99,0.03,85.5,103501.33,1
2024-01-17,2024-01-17 13:30:00,1166.99,1167.33,1166.99,1167.33,0.03,85.5,103501.33,1
2024-01-17,2024-01-17 13:31:00,1167.33,1167.68,1167.33,1167.68,0.03,85.5,103501.33,1
2024-01-17,2024-01-17 13:32:00,1167.68,1168.02,1167.68,1168.02,0.03,85.5,103501.33,1
2024-01-17,2024-01-17 13:33:00,1168.02,1168.37,1168.02,1168.37,0.03,85.5,103501.33,1
2024-01-17,2024-01-17 13:34:00,1168.37,1168.71,1168.37,1168.71,0.03,85.5,103501.33,1
2024-01-17,2024-01-17 13:35:00,1168.71,1169.06,1168.71,1169.06,0.03,85.5,103501.33,1
2024-01-17,2024-01-17 13:36:00,1169.06,1169.4,1169.06,1169.4,0.03,85.5,103501.33,1
2024-01-17,2024-01-17 13:37:00,1169.4,1169.74,1169.4,1169.74,0.03,85.5,103501.33,1
2024-01-17,2024-01-17 13:38:00,1169.74,1170.09,1169.74,1170.09,0.03,85.5,103501.33,1
2024-01-17,2024-01-17 13:39:00,1170.09,1170.43,1170.09,1170.43,0.03,85.5,103501.33,1
2024-01-17,2024-01-17 13:40:00,1170.43,1170.78,1170.43,1170.78,0.03,85.5,103501.33,1
2024-01-17,2024-01-17 13:41:00,1170.78,1171.12,1170.78,1171.12,0.03,85.5,103501.33,1
2024-01-17,2024-01-17 13:42:00,1171.12,1171.47,1171.12,1171.47,0.03,85.5,103501.33,1
2024-01-17,2024-01-17 13:43:00,1171.47,1171.81,1171.47,1171.81,0.03,85.5,103501.33,1
2024-01-17,2024-01-17 13:44:00,1171.81,1172.16,1171.81,1172.16,0.03,85.5,103501.33,1
2024-01-17,2024-01-17 13:45:00,1172.16,1172.5,1172.16,1172.5,0.03,85.5,103501.33,1
2024-01-17,2024-01-17 13:46:00,1172.5,1172.85,1172.5,1172.85,0.03,85.5,103501.33,1
2024-01-17,2024-01-17 13:47:00,1172.85,1173.19,1172.85,1173.19,0.03,85.5,103501.33,1
2024-01-17,2024-01-17 13:48:00,1173.19,1173.53,1173.19,1173.53,0.03,85.5,103501.33,1
2024-01-17,2024-01-17 13:49:00,1173.53,1173.88,1173.53,1173.88,0.03,85.5,103501.33,1
2024-01-17,2024-01-17 13:50:00,1173.88,1174.22,1173.88,1174.22,0.03,85.5,103501.33,1
2024-01-17,2024-01-17 13:51:00,1174.22,1174.57,1174.22,1174.57,0.03,85.5,103501.33,1
2024-01-17,2024-01-17 13:52:00,1174.57,1174.91,1174.57,1174.91,0.03,85.5,103501.33,1
2024-01-17,2024-01-17 13:53:00,1174.91,1175.26,1174.91,1175.26,0.03,85.5,103501.33,1
2024-01-17,2024-01-17 13:54:00,1175.26,1175.6,1175.26,1175.6,0.03,85.5,103501.33,1
2024-01-17,2024-01-17 13:55:00,1175.6,1175.95,1175.6,1175.95,0.03,85.5,103501.33,1
2024-01-17,2024-01-17 13:56:00,1175.95,1176.29,1175.95,1176.29,0.03,85.5,103501.33,1
2024-01-17,2024-01-17 13:57:00,1176.29,1176.64,1176.29,1176.64,0.03,85.5,103501.33,1
2024-01-17,2024-01-17 13:58:00,1176.64,1176.98,1176.64,1176.98,0.03,85.5,103501.33,1
2024-01-17,2024-01-17 13:59:00,1176.98,1177.33,1176.98,1177.33,0.03,85.5,103501.33,1
2024-01-17,2024-01-17 14:00:00,1177.33,1177.67,1177.33,1177.67,0.03,85.5,103501.33,1
2024-01-17,2024-01-17 14:01:00,1177.67,1178.01,1177.67,1178.01,0.03,85.5,103501.33,1
2024-01-17,2024-01-17 14:02:00,1178.01,1178.36,1178.01,1178.36,0.03,85.5,103501.33,1
2024-01-17,2024-01-17 14:03:00,1178.36,1178.7,1178.36,1178.7,0.03,85.5,103501.33,1
2024-01-17,2024-01-17 14:04:00,1178.7,1179.05,1178.7,1179.05,0.03,85.5,103501.33,1
2024-01-17,2024-01-17 14:05:00,1179.05,1179.39,1179.05,1179.39,0.03,85.5,103501.33,1
2024-01-17,2024-01-17 14:06:00,1179.39,1179.74,1179.39,1179.74,0.03,85.5,103501.33,1
2024-01-17,2024-01-17 14:07:00,1179.74,1180.08,1179.74,1180.08,0.03,85.5,103501.33,1
2024-01-17,2024-01-17 14:08:00,1180.08,1180.43,1180.08,1180.43,0.03,85.5,103501.33,1
2024-01-17,2024-01-17 14:09:00,1180.43,1180.77,1180.43,1180.77,0.03,85.5,103501.33,1
2024-01-17,2024-01-17 14:10:00,1180.77,1181.12,1180.77,1181.12,0.03,85.5,103501.33,1
2024-01-17,2024-01-17 14:11:00,1181.12,1181.46,1181.12,1181.46,0.03,85.5,103501.33,1
2024-01-17,2024-01-17 14:12:00,1181.46,1181.8,1181.46,1181.8,0.03,85.5,103501.33,1
2024-01-17,2024-01-17 14:13:00,1181.8,1182.15,1181.8,1182.15,0.03,85.5,103501.33,1
2024-01-17,2024-01-17 14:14:00,1182.15,1182.49,1182.15,1182.49,0.03,85.5,103501.33,1
2024-01-17,2024-01-17 14:15:00,1182.49,1182.84,1182.49,1182.84,0.03,85.5,103501.33,1
2024-01-17,2024-01-17 14:16:00,1182.84,1183.18,1182.84,1183.18,0.03,85.5,103501.33,1
2024-01-17,2024-01-17 14:17:00,1183.18,1183.53,1183.18,1183.53,0.03,85.5,103501.33,1
2024-01-17,2024-01-17 14:18:00,1183.53,1183.87,1183.53,1183.87,0.03,85.5,103501.33,1
2024-01-17,2024-01-17 14:19:00,1183.87,1184.22,1183.87,1184.22,0.03,85.5,103501.33,1
2024-01-17,2024-01-17 14:20:00,1184.22,1184.56,1184.22,1184.56,0.03,85.5,103501.33,1
2024-01-17,2024-01-17 14:21:00,1184.56,1184.91,1184.56,1184.91,0.03,85.5,103501.33,1
2024-01-17,2024-01-17 14:22:00,1184.91,1185.25,1184.91,1185.25,0.03,85.5,103501.33,1
2024-01-17,2024-01-17 14:23:00,1185.25,1185.6,1185.25,1185.6,0.03,85.5,103501.33,1
2024-01-17,2024-01-17 14:24:00,1185.6,1185.94,1185.6,1185.94,0.03,85.5,103501.33,1
2024-01-17,2024-01-17 14:25:00,1185.94,1186.28,1185.94,1186.28,0.03,85.5,103501.33,1
2024-01-17,2024-01-17 14:26:00,1186.28,1186.63,1186.28,1186.63,0.03,85.5,103501.33,1
2024-01-17,2024-01-17 14:27:00,1186.63,1186.97,1186.63,1186.97,0.03,85.5,103501.33,1
2024-01-17,2024-01-17 14:28:00,1186.97,1187.32,1186.97,1187.32,0.03,85.5,103501.33,1
2024-01-17,2024-01-17 14:29:00,1187.32,1187.66,1187.32,1187.66,0.03,85.5,103501.33,1
2024-01-17,2024-01-17 14:30:00,1187.66,1188.01,1187.66,1188.01,0.03,85.5,103501.33,1
2024-01-17,2024-01-17 14:31:00,1188.01,1188.35,1188.01,1188.35,0.03,85.5,103501.33,1
2024-01-17,2024-01-17 14:32:00,1188.35,1188.7,1188.35,1188.7,0.03,85.5,103501.33,1
2024-01-17,2024-01-17 14:33:00,1188.7,1189.04,1188.7,1189.04,0.03,85.5,103501.33,1
2024-01-17,2024-01-17 14:34:00,1189.04,1189.39,1189.04,1189.39,0.03,85.5,103501.33,1
2024-01-17,2024-01-17 14:35:00,1189.39,1189.73,1189.39,1189.73,0.03,85.5,103501.33,1
2024-01-17,2024-01-17 14:36:00,1189.73,1190.07,1189.73,1190.07,0.03,85.5,103501.33,1
2024-01-17,2024-01-17 14:37:00,1190.07,1190.42,1190.07,1190.42,0.03,85.5,103501.33,1
2024-01-17,2024-01-17 14:38:00,1190.42,1190.76,1190.42,1190.76,0.03,85.5,103501.33,1
2024-01-17,2024-01-17 14:39:00,1190.76,1191.11,1190.76,1191.11,0.03,85.5,103501.33,1
2024-01-17,2024-01-17 14:40:00,1191.11,1191.45,1191.11,1191.45,0.03,85.5,103501.33,1
2024-01-17,2024-01-17 14:41:00,1191.45,1191.8,1191.45,1191.8,0.03,85.5,103501.33,1
2024-01-17,2024-01-17 14:42:00,1191.8,1192.14,1191.8,1192.14,0.03,85.5,103501.33,1
2024-01-17,2024-01-17 14:43:00,1192.14,1192.49,1192.14,1192.49,0.03,85.5,103501.33,1
2024-01-17,2024-01-17 14:44:00,1192.49,1192.83,1192.49,1192.83,0.03,85.5,103501.33,1
2024-01-17,2024-01-17 14:45:00,1192.83,1193.18,1192.83,1193.18,0.03,85.5,103501.33,1
2024-01-17,2024-01-17 14:46:00,1193.18,1193.52,1193.18,1193.52,0.03,85.5,103501.33,1
2024-01-17,2024-01-17 14:47:00,1193.52,1193.87,1193.52,1193.87,0.03,85.5,103501.33,1
2024-01-17,2024-01-17 14:48:00,1193.87,1194.21,1193.87,1194.21,0.03,85.5,103501.33,1
2024-01-17,2024-01-17 14:49:00,1194.21,1194.55,1194.21,1194.55,0.03,85.5,103501.33,1
2024-01-17,2024-01-17 14:50:00,1194.55,1194.9,1194.55,1194.9,0.03,85.5,103501.33,1
2024-01-17,2024-01-17 14:51:00,1194.9,1195.24,1194.9,1195.24,0.03,85.5,103501.33,1
2024-01-17,2024-01-17 14:52:00,1195.24,1195.59,1195.24,1195.59,0.03,85.5,103501.33,1
2024-01-17,2024-01-17 14:53:00,1195.59,1195.93,1195.59,1195.93,0.03,85.5,103501.33,1
2024-01-17,2024-01-17 14:54:00,1195.93,1196.28,1195.93,1196.28,0.03,85.5,103501.33,1
2024-01-17,2024-01-17 14:55:00,1196.28,1196.62,1196.28,1196.62,0.03,85.5,103501.33,1
2024-01-17,2024-01-17 14:56:00,1196.62,1196.97,1196.62,1196.97,0.03,85.5,103501.33,1
2024-01-17,2024-01-17 14:57:00,1196.97,1197.31,1196.97,1197.31,0.03,85.5,103501.33,1
2024-01-17,2024-01-17 14:58:00,1197.31,1197.66,1197.31,1197.66,0.03,85.5,103501.33,1
2024-01-17,2024-01-17 14:59:00,1197.66,1198.0,1197.66,1198.0,0.03,85.5,103501.33,1
2024-01-17,2024-01-17 15:00:00,1198.0,1251.8,1115.3,1198.0,0.0,85.5,103501.33,0
2024-01-18,2024-01-18 11:00:00,1221.9,1221.9,1198.83,1221.73,-0.01,28.07,32964.72,-1
2024-01-18,2024-01-18 11:01:00,1221.73,1221.73,1221.56,1221.56,-0.01,28.07,32964.72,-1
2024-01-18,2024-01-18 11:02:00,1221.56,1221.56,1221.39,1221.39,-0.01,28.07,32964.72,-1
2024-01-18,2024-01-18 11:03:00,1221.39,1221.39,1221.22,1221.22,-0.01,28.07,32964.72,-1
2024-01-18,2024-01-18 11:04:00,1221.22,1221.22,1221.05,1221.05,-0.01,28.07,32964.72,-1
2024-01-18,2024-01-18 11:05:00,1221.05,1221.05,1220.88,1220.88,-0.01,28.07,32964.72,-1
2024-01-18,2024-01-18 11:06:00,1220.88,1220.88,1220.71,1220.71,-0.01,28.07,32964.72,-1
2024-01-18,2024-01-18 11:07:00,1220.71,1220.71,1220.54,1220.54,-0.01,28.07,32964.72,-1
2024-01-18,2024-01-18 11:08:00,1220.54,1220.54,1220.37,1220.37,-0.01,28.07,32964.72,-1
2024-01-18,2024-01-18 11:09:00,1220.37,1220.37,1220.2,1220.2,-0.01,28.07,32964.72,-1
2024-01-18,2024-01-18 11:10:00,1220.2,1220.2,1220.03,1220.03,-0.01,28.07,32964.72,-1
2024-01-18,2024-01-18 11:11:00,1220.03,1220.03,1219.86,1219.86,-0.01,28.07,32964.72,-1
2024-01-18,2024-01-18 11:12:00,1219.86,1219.86,1219.68,1219.68,-0.01,28.07,32964.72,-1
2024-01-18,2024-01-18 11:13:00,1219.68,1219.68,1219.51,1219.51,-0.01,28.07,32964.72,-1
2024-01-18,2024-01-18 11:14:00,1219.51,1219.51,1219.34,1219.34,-0.01,28.07,32964.72,-1
2024-01-18,2024-01-18 11:15:00,1219.34,1219.34,1219.17,1219.17,-0.01,28.07,32964.72,-1
2024-01-18,2024-01-18 11:16:00,1219.17,1219.17,1219.0,1219.0,-0.01,28.07,32964.72,-1
2024-01-18,2024-01-18 11:17:00,1219.0,1219.0,1218.83,1218.83,-0.01,28.07,32964.72,-1
2024-01-18,2024-01-18 11:18:00,1218.83,1218.83,1218.66,1218.66,-0.01,28.07,32964.72,-1
2024-01-18,2024-01-18 11:19:00,1218.66,1218.66,1218.49,1218.49,-0.01,28.07,32964.72,-1
2024-01-18,2024-01-18 11:20:00,1218.49,1218.49,1218.32,1218.32,-0.01,28.07,32964.72,-1
2024-01-18,2024-01-18 11:21:00,1218.32,1218.32,1218.15,1218.15,-0.01,28.07,32964.72,-1
2024-01-18,2024-01-18 11:22:00,1218.15,1218.15,1217.98,1217.98,-0.01,28.07,32964.72,-1
2024-01-18,2024-01-18 11:23:00,1217.98,1217.98,1217.81,1217.81,-0.01,28.07,32964.72,-1
2024-01-18,2024-01-18 11:24:00,1217.81,1217.81,1217.64,1217.64,-0.01,28.07,32964.72,-1
2024-01-18,2024-01-18 11:25:00,1217.64,1217.64,1217.47,1217.47,-0.01,28.07,32964.72,-1
2024-01-18,2024-01-18 11:26:00,1217.47,1217.47,1217.3,1217.3,-0.01,28.07,32964.72,-1
2024-01-18,2024-01-18 11:27:00,1217.3,1217.3,1217.13,1217.13,-0.01,28.07,32964.72,-1
2024-01-18,2024-01-18 11:28:00,1217.13,1217.13,1216.96,1216.96,-0.01,28.07,32964.72,-1
2024-01-18,2024-01-18 11:29:00,1216.96,1216.96,1216.79,1216.79,-0.01,28.07,32964.72,-1
2024-01-18,2024-01-18 11:30:00,1216.79,1216.79,1216.62,1216.62,-0.01,28.07,32964.72,-1
2024-01-18,2024-01-18 11:31:00,1216.62,1216.62,1216.45,1216.45,-0.01,28.07,32964.72,-1
2024-01-18,2024-01-18 11:32:00,1216.45,1216.45,1216.28,1216.28,-0.01,28.07,32964.72,-1
2024-01-18,2024-01-18 11:33:00,1216.28,1216.28,1216.11,1216.11,-0.01,28.07,32964.72,-1
2024-01-18,2024-01-18 11:34:00,1216.11,1216.11,1215.94,1215.94,-0.01,28.07,32964.72,-1
2024-01-18,2024-01-18 11:35:00,1215.94,1215.94,1215.77,1215.77,-0.01,28.07,32964.72,-1
2024-01-18,2024-01-18 11:36:00,1215.77,1215.77,1215.59,1215.59,-0.01,28.07,32964.72,-1
2024-01-18,2024-01-18 11:37:00,1215.59,1215.59,1215.42,1215.42,-0.01,28.07,32964.72,-1
2024-01-18,2024-01-18 11:38:00,1215.42,1215.42,1215.25,1215.25,-0.01,28.07,32964.72,-1
2024-01-18,2024-01-18 11:39:00,1215.25,1215.25,1215.08,1215.08,-0.01,28.07,32964.72,-1
2024-01-18,2024-01-18 11:40:00,1215.08,1215.08,1214.91,1214.91,-0.01,28.07,32964.72,-1
2024-01-18,2024-01-18 11:41:00,1214.91,1214.91,1214.74,1214.74,-0.01,28.07,32964.72,-1
2024-01-18,2024-01-18 11:42:00,1214.74,1214.74,1214.57,1214.57,-0.01,28.07,32964.72,-1
2024-01-18,2024-01-18 11:43:00,1214.57,1214.57,1214.4,1214.4,-0.01,28.07,32964.72,-1
2024-01-18,2024-01-18 11:44:00,1214.4,1214.4,1214.23,1214.23,-0.01,28.07,32964.72,-1
2024-01-18,2024-01-18 11:45:00,1214.23,1214.23,1214.06,1214.06,-0.01,28.07,32964.72,-1
2024-01-18,2024-01-18 11:46:00,1214.06,1214.06,1213.89,1213.89,-0.01,28.07,32964.72,-1
2024-01-18,2024-01-18 11:47:00,1213.89,1213.89,1213.72,1213.72,-0.01,28.07,32964.72,-1
2024-01-18,2024-01-18 11:48:00,1213.72,1213.72,1213.55,1213.55,-0.01,28.07,32964.72,-1
2024-01-18,2024-01-18 11:49:00,1213.55,1213.55,1213.38,1213.38,-0.01,28.07,32964.72,-1
2024-01-18,2024-01-18 11:50:00,1213.38,1213.38,1213.21,1213.21,-0.01,28.07,32964.72,-1
2024-01-18,2024-01-18 11:51:00,1213.21,1213.21,1213.04,1213.04,-0.01,28.07,32964.72,-1
2024-01-18,2024-01-18 11:52:00,1213.04,1213.04,1212.87,1212.87,-0.01,28.07,32964.72,-1
2024-01-18,2024-01-18 11:53:00,1212.87,1212.87,1212.7,1212.7,-0.01,28.07,32964.72,-1
2024-01-18,2024-01-18 11:54:00,1212.7,1212.7,1212.53,1212.53,-0.01,28.07,32964.72,-1
2024-01-18,2024-01-18 11:55:00,1212.53,1212.53,1212.36,1212.36,-0.01,28.07,32964.72,-1
2024-01-18,2024-01-18 11:56:00,1212.36,1212.36,1212.19,1212.19,-0.01,28.07,32964.72,-1
2024-01-18,2024-01-18 11:57:00,1212.19,1212.19,1212.02,1212.02,-0.01,28.07,32964.72,-1
2024-01-18,2024-01-18 11:58:00,1212.02,1212.02,1211.85,1211.85,-0.01,28.07,32964.72,-1
2024-01-18,2024-01-18 11:59:00,1211.85,1211.85,1211.68,1211.68,-0.01,28.07,32964.72,-1
2024-01-18,2024-01-18 12:00:00,1211.68,1211.68,1211.5,1211.5,-0.01,28.07,32964.72,-1
2024-01-18,2024-01-18 12:01:00,1211.5,1211.5,1211.33,1211.33,-0.01,28.07,32964.72,-1
2024-01-18,2024-01-18 12:02:00,1211.33,1211.33,1211.16,1211.16,-0.01,28.07,32964.72,-1
2024-01-18,2024-01-18 12:03:00,1211.16,1211.16,1210.99,1210.99,-0.01,28.07,32964.72,-1
2024-01-18,2024-01-18 12:04:00,1210.99,1210.99,1210.82,1210.82,-0.01,28.07,32964.72,-1
2024-01-18,2024-01-18 12:05:00,1210.82,1210.82,1210.65,1210.65,-0.01,28.07,32964.72,-1
2024-01-18,2024-01-18 12:06:00,1210.65,1210.65,1210.48,1210.48,-0.01,28.07,32964.72,-1
2024-01-18,2024-01-18 12:07:00,1210.48,1210.48,1210.31,1210.31,-0.01,28.07,32964.72,-1
2024-01-18,2024-01-18 12:08:00,1210.31,1210.31,1210.14,1210.14,-0.01,28.07,32964.72,-1
2024-01-18,2024-01-18 12:09:00,1210.14,1210.14,1209.97,1209.97,-0.01,28.07,32964.72,-1
2024-01-18,2024-01-18 12:10:00,1209.97,1209.97,1209.8,1209.8,-0.01,28.07,32964.72,-1
2024-01-18,2024-01-18 12:11:00,1209.8,1209.8,1209.63,1209.63,-0.01,28.07,32964.72,-1
2024-01-18,2024-01-18 12:12:00,1209.63,1209.63,1209.46,1209.46,-0.01,28.07,32964.72,-1
2024-01-18,2024-01-18 12:13:00,1209.46,1209.46,1209.29,1209.29,-0.01,28.07,32964.72,-1
2024-01-18,2024-01-18 12:14:00,1209.29,1209.29,1209.12,1209.12,-0.01,28.07,32964.72,-1
2024-01-18,2024-01-18 12:15:00,1209.12,1209.12,1208.95,1208.95,-0.01,28.07,32964.72,-1
2024-01-18,2024-01-18 12:16:00,1208.95,1208.95,1208.78,1208.78,-0.01,28.07,32964.72,-1
2024-01-18,2024-01-18 12:17:00,1208.78,1208.78,1208.61,1208.61,-0.01,28.07,32964.72,-1
2024-01-18,2024-01-18 12:18:00,1208.61,1208.61,1208.44,1208.44,-0.01,28.07,32964.72,-1
2024-01-18,2024-01-18 12:19:00,1208.44,1208.44,1208.27,1208.27,-0.01,28.07,32964.72,-1
2024-01-18,2024-01-18 12:20:00,1208.27,1208.27,1208.1,1208.1,-0.01,28.07,32964.72,-1
2024-01-18,2024-01-18 12:21:00,1208.1,1208.1,1207.93,1207.93,-0.01,28.07,32964.72,-1
2024-01-18,2024-01-18 12:22:00,1207.93,1207.93,1207.76,1207.76,-0.01,28.07,32964.72,-1
2024-01-18,2024-01-18 12:23:00,1207.76,1207.76,1207.59,1207.59,-0.01,28.07,32964.72,-1
2024-01-18,2024-01-18 12:24:00,1207.59,1207.59,1207.41,1207.41,-0.01,28.07,32964.72,-1
2024-01-18,2024-01-18 12:25:00,1207.41,1207.41,1207.24,1207.24,-0.01,28.07,32964.72,-1
2024-01-18,2024-01-18 12:26:00,1207.24,1207.24,1207.07,1207.07,-0.01,28.07,32964.72,-1
2024-01-18,2024-01-18 12:27:00,1207.07,1207.07,1206.9,1206.9,-0.01,28.07,32964.72,-1
2024-01-18,2024-01-18 12:28:00,1206.9,1206.9,1206.73,1206.73,-0.01,28.07,32964.72,-1
2024-01-18,2024-01-18 12:29:00,1206.73,1206.73,1206.56,1206.56,-0.01,28.07,32964.72,-1
2024-01-18,2024-01-18 12:30:00,1206.56,1206.56,1206.39,1206.39,-0.01,28.07,32964.72,-1
2024-01-18,2024-01-18 12:31:00,1206.39,1206.39,1206.22,1206.22,-0.01,28.07,32964.72,-1
2024-01-18,2024-01-18 12:32:00,1206.22,1206.22,1206.05,1206.05,-0.01,28.07,32964.72,-1
2024-01-18,2024-01-18 12:33:00,1206.05,1206.05,1205.88,1205.88,-0.01,28.07,32964.72,-1
2024-01-18,2024-01-18 12:34:00,1205.88,1205.88,1205.71,1205.71,-0.01,28.07,32964.72,-1
2024-01-18,2024-01-18 12:35:00,1205.71,1205.71,1205.54,1205.54,-0.01,28.07,32964.72,-1
2024-01-18,2024-01-18 12:36:00,1205.54,1205.54,1205.37,1205.37,-0.01,28.07,32964.72,-1
2024-01-18,2024-01-18 12:37:00,1205.37,1205.37,1205.2,1205.2,-0.01,28.07,32964.72,-1
2024-01-18,2024-01-18 12:38:00,1205.2,1205.2,1205.03,1205.03,-0.01,28.07,32964.72,-1
2024-01-18,2024-01-18 12:39:00,1205.03,1205.03,1204.86,1204.86,-0.01,28.07,32964.72,-1
2024-01-18,2024-01-18 12:40:00,1204.86,1204.86,1204.69,1204.69,-0.01,28.07,32964.72,-1
2024-01-18,2024-01-18 12:41:00,1204.69,1204.69,1204.52,1204.52,-0.01,28.07,32964.72,-1
2024-01-18,2024-01-18 12:42:00,1204.52,1204.52,1204.35,1204.35,-0.01,28.07,32964.72,-1
2024-01-18,2024-01-18 12:43:00,1204.35,1204.35,1204.18,1204.18,-0.01,28.07,32964.72,-1
2024-01-18,2024-01-18 12:44:00,1204.18,1204.18,1204.01,1204.01,-0.01,28.07,32964.72,-1
2024-01-18,2024-01-18 12:45:00,1204.01,1204.01,1203.84,1203.84,-0.01,28.07,32964.72,-1
2024-01-18,2024-01-18 12:46:00,1203.84,1203.84,1203.67,1203.67,-0.01,28.07,32964.72,-1
2024-01-18,2024-01-18 12:47:00,1203.67,1203.67,1203.5,1203.5,-0.01,28.07,32964.72,-1
2024-01-18,2024-01-18 12:48:00,1203.5,1203.5,1203.32,1203.32,-0.01,28.07,32964.72,-1
2024-01-18,2024-01-18 12:49:00,1203.32,1203.32,1203.15,1203.15,-0.01,28.07,32964.72,-1
2024-01-18,2024-01-18 12:50:00,1203.15,1203.15,1202.98,1202.98,-0.01,28.07,32964.72,-1
2024-01-18,2024-01-18 12:51:00,1202.98,1202.98,1202.81,1202.81,-0.01,28.07,32964.72,-1
2024-01-18,2024-01-18 12:52:00,1202.81,1202.81,1202.64,1202.64,-0.01,28.07,32964.72,-1
2024-01-18,2024-01-18 12:53:00,1202.64,1202.64,1202.47,1202.47,-0.01,28.07,32964.72,-1
2024-01-18,2024-01-18 12:54:00,1202.47,1202.47,1202.3,1202.3,-0.01,28.07,32964.72,-1
2024-01-18,2024-01-18 12:55:00,1202.3,1202.3,1202.13,1202.13,-0.01,28.07,32964.72,-1
2024-01-18,2024-01-18 12:56:00,1202.13,1202.13,1201.96,1201.96,-0.01,28.07,32964.72,-1
2024-01-18,2024-01-18 12:57:00,1201.96,1201.96,1201.79,1201.79,-0.01,28.07,32964.72,-1
2024-01-18,2024-01-18 12:58:00,1201.79,1201.79,1201.62,1201.62,-0.01,28.07,32964.72,-1
2024-01-18,2024-01-18 12:59:00,1201.62,1201.62,1201.45,1201.45,-0.01,28.07,32964.72,-1
2024-01-18,2024-01-18 13:00:00,1201.45,1221.9,1145.0,1201.28,-0.01,28.07,32964.72,-1
2024-01-18,2024-01-18 13:01:00,1201.28,1201.28,1201.11,1201.11,-0.01,28.07,32964.72,-1
2024-01-18,2024-01-18 13:02:00,1201.11,1201.11,1200.94,1200.94,-0.01,28.07,32964.72,-1
2024-01-18,2024-01-18 13:03:00,1200.94,1200.94,1200.77,1200.77,-0.01,28.07,32964.72,-1
2024-01-18,2024-01-18 13:04:00,1200.77,1200.77,1200.6,1200.6,-0.01,28.07,32964.72,-1
2024-01-18,2024-01-18 13:05:00,1200.6,1200.6,1200.43,1200.43,-0.01,28.07,32964.72,-1
2024-01-18,2024-01-18 13:06:00,1200.43,1200.43,1200.26,1200.26,-0.01,28.07,32964.72,-1
2024-01-18,2024-01-18 13:07:00,1200.26,1200.26,1200.09,1200.09,-0.01,28.07,32964.72,-1
2024-01-18,2024-01-18 13:08:00,1200.09,1200.09,1199.92,1199.92,-0.01,28.07,32964.72,-1
2024-01-18,2024-01-18 13:09:00,1199.92,1199.92,1199.75,1199.75,-0.01,28.07,32964.72,-1
2024-01-18,2024-01-18 13:10:00,1199.75,1199.75,1199.58,1199.58,-0.01,28.07,32964.72,-1
2024-01-18,2024-01-18 13:11:00,1199.58,1199.58,1199.4,1199.4,-0.02,28.07,32964.72,-1
2024-01-18,2024-01-18 13:12:00,1199.4,1199.4,1199.23,1199.23,-0.01,28.07,32964.72,-1
2024-01-18,2024-01-18 13:13:00,1199.23,1199.23,1199.06,1199.06,-0.01,28.07,32964.72,-1
2024-01-18,2024-01-18 13:14:00,1199.06,1199.06,1198.89,1198.89,-0.01,28.07,32964.72,-1
2024-01-18,2024-01-18 13:15:00,1198.89,1198.89,1198.72,1198.72,-0.01,28.07,32964.72,-1
2024-01-18,2024-01-18 13:16:00,1198.72,1198.72,1198.55,1198.55,-0.01,28.07,32964.72,-1
2024-01-18,2024-01-18 13:17:00,1198.55,1198.55,1198.38,1198.38,-0.01,28.07,32964.72,-1
2024-01-18,2024-01-18 13:18:00,1198.38,1198.38,1198.21,1198.21,-0.01,28.07,32964.72,-1
2024-01-18,2024-01-18 13:19:00,1198.21,1198.21,1198.04,1198.04,-0.01,28.07,32964.72,-1
2024-01-18,2024-01-18 13:20:00,1198.04,1198.04,1197.87,1197.87,-0.01,28.07,32964.72,-1
2024-01-18,2024-01-18 13:21:00,1197.87,1197.87,1197.7,1197.7,-0.01,28.07,32964.72,-1
2024-01-18,2024-01-18 13:22:00,1197.7,1197.7,1197.53,1197.53,-0.01,28.07,32964.72,-1
2024-01-18,2024-01-18 13:23:00,1197.53,1197.53,1197.36,1197.36,-0.01,28.07,32964.72,-1
2024-01-18,2024-01-18 13:24:00,1197.36,1197.36,1197.19,1197.19,-0.01,28.07,32964.72,-1
2024-01-18,2024-01-18 13:25:00,1197.19,1197.19,1197.02,1197.02,-0.01,28.07,32964.72,-1
2024-01-18,2024-01-18 13:26:00,1197.02,1197.02,1196.85,1196.85,-0.01,28.07,32964.72,-1
2024-01-18,2024-01-18 13:27:00,1196.85,1196.85,1196.68,1196.68,-0.01,28.07,32964.72,-1
2024-01-18,2024-01-18 13:28:00,1196.68,1196.68,1196.51,1196.51,-0.01,28.07,32964.72,-1
2024-01-18,2024-01-18 13:29:00,1196.51,1196.51,1196.34,1196.34,-0.01,28.07,32964.72,-1
2024-01-18,2024-01-18 13:30:00,1196.34,1196.34,1196.17,1196.17,-0.01,28.07,32964.72,-1
2024-01-18,2024-01-18 13:31:00,1196.17,1196.17,1196.0,1196.0,-0.01,28.07,32964.72,-1
2024-01-18,2024-01-18 13:32:00,1196.0,1196.0,1195.83,1195.83,-0.01,28.07,32964.72,-1
2024-01-18,2024-01-18 13:33:00,1195.83,1195.83,1195.66,1195.66,-0.01,28.07,32964.72,-1
2024-01-18,2024-01-18 13:34:00,1195.66,1195.66,1195.49,1195.49,-0.01,28.07,32964.72,-1
2024-01-18,2024-01-18 13:35:00,1195.49,1195.49,1195.32,1195.32,-0.01,28.07,32964.72,-1
2024-01-18,2024-01-18 13:36:00,1195.32,1195.32,1195.14,1195.14,-0.02,28.07,32964.72,-1
2024-01-18,2024-01-18 13:37:00,1195.14,1195.14,1194.97,1194.97,-0.01,28.07,32964.72,-1
2024-01-18,2024-01-18 13:38:00,1194.97,1194.97,1194.8,1194.8,-0.01,28.07,32964.72,-1
2024-01-18,2024-01-18 13:39:00,1194.8,1194.8,1194.63,1194.63,-0.01,28.07,32964.72,-1
2024-01-18,2024-01-18 13:40:00,1194.63,1194.63,1194.46,1194.46,-0.01,28.07,32964.72,-1
2024-01-18,2024-01-18 13:41:00,1194.46,1194.46,1194.29,1194.29,-0.01,28.07,32964.72,-1
2024-01-18,2024-01-18 13:42:00,1194.29,1194.29,1194.12,1194.12,-0.01,28.07,32964.72,-1
2024-01-18,2024-01-18 13:43:00,1194.12,1194.12,1193.95,1193.95,-0.01,28.07,32964.72,-1
2024-01-18,2024-01-18 13:44:00,1193.95,1193.95,1193.78,1193.78,-0.01,28.07,32964.72,-1
2024-01-18,2024-01-18 13:45:00,1193.78,1193.78,1193.61,1193.61,-0.01,28.07,32964.72,-1
2024-01-18,2024-01-18 13:46:00,1193.61,1193.61,1193.44,1193.44,-0.01,28.07,32964.72,-1
2024-01-18,2024-01-18 13:47:00,1193.44,1193.44,1193.27,1193.27,-0.01,28.07,32964.72,-1
2024-01-18,2024-01-18 13:48:00,1193.27,1193.27,1193.1,1193.1,-0.01,28.07,32964.72,-1
2024-01-18,2024-01-18 13:49:00,1193.1,1193.1,1192.93,1192.93,-0.01,28.07,32964.72,-1
2024-01-18,2024-01-18 13:50:00,1192.93,1192.93,1192.76,1192.76,-0.01,28.07,32964.72,-1
2024-01-18,2024-01-18 13:51:00,1192.76,1192.76,1192.59,1192.59,-0.01,28.07,32964.72,-1
2024-01-18,2024-01-18 13:52:00,1192.59,1192.59,1192.42,1192.42,-0.01,28.07,32964.72,-1
2024-01-18,2024-01-18 13:53:00,1192.42,1192.42,1192.25,1192.25,-0.01,28.07,32964.72,-1
2024-01-18,2024-01-18 13:54:00,1192.25,1192.25,1192.08,1192.08,-0.01,28.07,32964.72,-1
2024-01-18,2024-01-18 13:55:00,1192.08,1192.08,1191.91,1191.91,-0.01,28.07,32964.72,-1
2024-01-18,2024-01-18 13:56:00,1191.91,1191.91,1191.74,1191.74,-0.01,28.07,32964.72,-1
2024-01-18,2024-01-18 13:57:00,1191.74,1191.74,1191.57,1191.57,-0.01,28.07,32964.72,-1
2024-01-18,2024-01-18 13:58:00,1191.57,1191.57,1191.4,1191.4,-0.01,28.07,32964.72,-1
2024-01-18,2024-01-18 13:59:00,1191.4,1191.4,1191.22,1191.22,-0.02,28.07,32964.72,-1
2024-01-18,2024-01-18 14:00:00,1191.22,1191.22,1191.05,1191.05,-0.01,28.07,32964.72,-1
2024-01-18,2024-01-18 14:01:00,1191.05,1191.05,1190.88,1190.88,-0.01,28.07,32964.72,-1
2024-01-18,2024-01-18 14:02:00,1190.88,1190.88,1190.71,1190.71,-0.01,28.07,32964.72,-1
2024-01-18,2024-01-18 14:03:00,1190.71,1190.71,1190.54,1190.54,-0.01,28.07,32964.72,-1
2024-01-18,2024-01-18 14:04:00,1190.54,1190.54,1190.37,1190.37,-0.01,28.07,32964.72,-1
2024-01-18,2024-01-18 14:05:00,1190.37,1190.37,1190.2,1190.2,-0.01,28.07,32964.72,-1
2024-01-18,2024-01-18 14:06:00,1190.2,1190.2,1190.03,1190.03,-0.01,28.07,32964.72,-1
2024-01-18,2024-01-18 14:07:00,1190.03,1190.03,1189.86,1189.86,-0.01,28.07,32964.72,-1
2024-01-18,2024-01-18 14:08:00,1189.86,1189.86,1189.69,1189.69,-0.01,28.07,32964.72,-1
2024-01-18,2024-01-18 14:09:00,1189.69,1189.69,1189.52,1189.52,-0.01,28.07,32964.72,-1
2024-01-18,2024-01-18 14:10:00,1189.52,1189.52,1189.35,1189.35,-0.01,28.07,32964.72,-1
2024-01-18,2024-01-18 14:11:00,1189.35,1189.35,1189.18,1189.18,-0.01,28.07,32964.72,-1
2024-01-18,2024-01-18 14:12:00,1189.18,1189.18,1189.01,1189.01,-0.01,28.07,32964.72,-1
2024-01-18,2024-01-18 14:13:00,1189.01,1189.01,1188.84,1188.84,-0.01,28.07,32964.72,-1
2024-01-18,2024-01-18 14:14:00,1188.84,1188.84,1188.67,1188.67,-0.01,28.07,32964.72,-1
2024-01-18,2024-01-18 14:15:00,1188.67,1188.67,1188.5,1188.5,-0.01,28.07,32964.72,-1
2024-01-18,2024-01-18 14:16:00,1188.5,1188.5,1188.33,1188.33,-0.01,28.07,32964.72,-1
2024-01-18,2024-01-18 14:17:00,1188.33,1188.33,1188.16,1188.16,-0.01,28.07,32964.72,-1
2024-01-18,2024-01-18 14:18:00,1188.16,1188.16,1187.99,1187.99,-0.01,28.07,32964.72,-1
2024-01-18,2024-01-18 14:19:00,1187.99,1187.99,1187.82,1187.82,-0.01,28.07,32964.72,-1
2024-01-18,2024-01-18 14:20:00,1187.82,1187.82,1187.65,1187.65,-0.01,28.07,32964.72,-1
2024-01-18,2024-01-18 14:21:00,1187.65,1187.65,1187.48,1187.48,-0.01,28.07,32964.72,-1
2024-01-18,2024-01-18 14:22:00,1187.48,1187.48,1187.31,1187.31,-0.01,28.07,32964.72,-1
2024-01-18,2024-01-18 14:23:00,1187.31,1187.31,1187.13,1187.13,-0.02,28.07,32964.72,-1
2024-01-18,2024-01-18 14:24:00,1187.13,1187.13,1186.96,1186.96,-0.01,28.07,32964.72,-1
2024-01-18,2024-01-18 14:25:00,1186.96,1186.96,1186.79,1186.79,-0.01,28.07,32964.72,-1
2024-01-18,2024-01-18 14:26:00,1186.79,1186.79,1186.62,1186.62,-0.01,28.07,32964.72,-1
2024-01-18,2024-01-18 14:27:00,1186.62,1186.62,1186.45,1186.45,-0.01,28.07,32964.72,-1
2024-01-18,2024-01-18 14:28:00,1186.45,1186.45,1186.28,1186.28,-0.01,28.07,32964.72,-1
2024-01-18,2024-01-18 14:29:00,1186.28,1186.28,1186.11,1186.11,-0.01,28.07,32964.72,-1
2024-01-18,2024-01-18 14:30:00,1186.11,1186.11,1185.94,1185.94,-0.01,28.07,32964.72,-1
2024-01-18,2024-01-18 14:31:00,1185.94,1185.94,1185.77,1185.77,-0.01,28.07,32964.72,-1
2024-01-18,2024-01-18 14:32:00,1185.77,1185.77,1185.6,1185.6,-0.01,28.07,32964.72,-1
2024-01-18,2024-01-18 14:33:00,1185.6,1185.6,1185.43,1185.43,-0.01,28.07,32964.72,-1
2024-01-18,2024-01-18 14:34:00,1185.43,1185.43,1185.26,1185.26,-0.01,28.07,32964.72,-1
2024-01-18,2024-01-18 14:35:00,1185.26,1185.26,1185.09,1185.09,-0.01,28.07,32964.72,-1
2024-01-18,2024-01-18 14:36:00,1185.09,1185.09,1184.92,1184.92,-0.01,28.07,32964.72,-1
2024-01-18,2024-01-18 14:37:00,1184.92,1184.92,1184.75,1184.75,-0.01,28.07,32964.72,-1
2024-01-18,2024-01-18 14:38:00,1184.75,1184.75,1184.58,1184.58,-0.01,28.07,32964.72,-1
2024-01-18,2024-01-18 14:39:00,1184.58,1184.58,1184.41,1184.41,-0.01,28.07,32964.72,-1
2024-01-18,2024-01-18 14:40:00,1184.41,1184.41,1184.24,1184.24,-0.01,28.07,32964.72,-1
2024-01-18,2024-01-18 14:41:00,1184.24,1184.24,1184.07,1184.07,-0.01,28.07,32964.72,-1
2024-01-18,2024-01-18 14:42:00,1184.07,1184.07,1183.9,1183.9,-0.01,28.07,32964.72,-1
2024-01-18,2024-01-18 14:43:00,1183.9,1183.9,1183.73,1183.73,-0.01,28.07,32964.72,-1
2024-01-18,2024-01-18 14:44:00,1183.73,1183.73,1183.56,1183.56,-0.01,28.07,32964.72,-1
2024-01-18,2024-01-18 14:45:00,1183.56,1183.56,1183.39,1183.39,-0.01,28.07,32964.72,-1
2024-01-18,2024-01-18 14:46:00,1183.39,1183.39,1183.22,1183.22,-0.01,28.07,32964.72,-1
2024-01-18,2024-01-18 14:47:00,1183.22,1183.22,1183.05,1183.05,-0.01,28.07,32964.72,-1
2024-01-18,2024-01-18 14:48:00,1183.05,1183.05,1182.87,1182.87,-0.02,28.07,32964.72,-1
2024-01-18,2024-01-18 14:49:00,1182.87,1182.87,1182.7,1182.7,-0.01,28.07,32964.72,-1
2024-01-18,2024-01-18 14:50:00,1182.7,1182.7,1182.53,1182.53,-0.01,28.07,32964.72,-1
2024-01-18,2024-01-18 14:51:00,1182.53,1182.53,1182.36,1182.36,-0.01,28.07,32964.72,-1
2024-01-18,2024-01-18 14:52:00,1182.36,1182.36,1182.19,1182.19,-0.01,28.07,32964.72,-1
2024-01-18,2024-01-18 14:53:00,1182.19,1182.19,1182.02,1182.02,-0.01,28.07,32964.72,-1
2024-01-18,2024-01-18 14:54:00,1182.02,1182.02,1181.85,1181.85,-0.01,28.07,32964.72,-1
2024-01-18,2024-01-18 14:55:00,1181.85,1181.85,1181.68,1181.68,-0.01,28.07,32964.72,-1
2024-01-18,2024-01-18 14:56:00,1181.68,1181.68,1181.51,1181.51,-0.01,28.07,32964.72,-1
2024-01-18,2024-01-18 14:57:00,1181.51,1181.51,1181.34,1181.34,-0.01,28.07,32964.72,-1
2024-01-18,2024-01-18 14:58:00,1181.34,1181.34,1181.17,1181.17,-0.01,28.07,32964.72,-1
2024-01-18,2024-01-18 14:59:00,1181.17,1181.17,1181.0,1181.0,-0.01,28.07,32964.72,-1
2024-01-18,2024-01-18 15:00:00,1181.0,1221.9,1145.0,1181.0,0.0,28.07,32964.72,0
2024-01-21,2024-01-21 11:00:00,1158.0,1200.33,1158.0,1158.22,0.02,63.79,77252.77,1
2024-01-21,2024-01-21 11:01:00,1158.22,1158.43,1158.22,1158.43,0.02,63.79,77252.77,1
2024-01-21,2024-01-21 11:02:00,1158.43,1158.65,1158.43,1158.65,0.02,63.79,77252.77,1
2024-01-21,2024-01-21 11:03:00,1158.65,1158.87,1158.65,1158.87,0.02,63.79,77252.77,1
2024-01-21,2024-01-21 11:04:00,1158.87,1159.08,1158.87,1159.08,0.02,63.79,77252.77,1
2024-01-21,2024-01-21 11:05:00,1159.08,1159.3,1159.08,1159.3,0.02,63.79,77252.77,1
2024-01-21,2024-01-21 11:06:00,1159.3,1159.52,1159.3,1159.52,0.02,63.79,77252.77,1
2024-01-21,2024-01-21 11:07:00,1159.52,1159.73,1159.52,1159.73,0.02,63.79,77252.77,1
2024-01-21,2024-01-21 11:08:00,1159.73,1159.95,1159.73,1159.95,0.02,63.79,77252.77,1
2024-01-21,2024-01-21 11:09:00,1159.95,1160.17,1159.95,1160.17,0.02,63.79,77252.77,1
2024-01-21,2024-01-21 11:10:00,1160.17,1160.38,1160.17,1160.38,0.02,63.79,77252.77,1
2024-01-21,2024-01-21 11:11:00,1160.38,1160.6,1160.38,1160.6,0.02,63.79,77252.77,1
2024-01-21,2024-01-21 11:12:00,1160.6,1160.82,1160.6,1160.82,0.02,63.79,77252.77,1
2024-01-21,2024-01-21 11:13:00,1160.82,1161.03,1160.82,1161.03,0.02,63.79,77252.77,1
2024-01-21,2024-01-21 11:14:00,1161.03,1161.25,1161.03,1161.25,0.02,63.79,77252.77,1
2024-01-21,2024-01-21 11:15:00,1161.25,1161.47,1161.25,1161.47,0.02,63.79,77252.77,1
2024-01-21,2024-01-21 11:16:00,1161.47,1161.68,1161.47,1161.68,0.02,63.79,77252.77,1
2024-01-21,2024-01-21 11:17:00,1161.68,1161.9,1161.68,1161.9,0.02,63.79,77252.77,1
2024-01-21,2024-01-21 11:18:00,1161.9,1162.12,1161.9,1162.12,0.02,63.79,77252.77,1
2024-01-21,2024-01-21 11:19:00,1162.12,1162.33,1162.12,1162.33,0.02,63.79,77252.77,1
2024-01-21,2024-01-21 11:20:00,1162.33,1162.55,1162.33,1162.55,0.02,63.79,77252.77,1
2024-01-21,2024-01-21 11:21:00,1162.55,1162.77,1162.55,1162.77,0.02,63.79,77252.77,1
2024-01-21,2024-01-21 11:22:00,1162.77,1162.98,1162.77,1162.98,0.02,63.79,77252.77,1
2024-01-21,2024-01-21 11:23:00,1162.98,1163.2,1162.98,1163.2,0.02,63.79,77252.77,1
2024-01-21,2024-01-21 11:24:00,1163.2,1163.42,1163.2,1163.42,0.02,63.79,77252.77,1
2024-01-21,2024-01-21 11:25:00,1163.42,1163.63,1163.42,1163.63,0.02,63.79,77252.77,1
2024-01-21,2024-01-21 11:26:00,1163.63,1163.85,1163.63,1163.85,0.02,63.79,77252.77,1
2024-01-21,2024-01-21 11:27:00,1163.85,1164.07,1163.85,1164.07,0.02,63.79,77252.77,1
2024-01-21,2024-01-21 11:28:00,1164.07,1164.28,1164.07,1164.28,0.02,63.79,77252.77,1
2024-01-21,2024-01-21 11:29:00,1164.28,1164.5,1164.28,1164.5,0.02,63.79,77252.77,1
2024-01-21,2024-01-21 11:30:00,1164.5,1164.72,1164.5,1164.72,0.02,63.79,77252.77,1
2024-01-21,2024-01-21 11:31:00,1164.72,1164.93,1164.72,1164.93,0.02,63.79,77252.77,1
2024-01-21,2024-01-21 11:32:00,1164.93,1165.15,1164.93,1165.15,0.02,63.79,77252.77,1
2024-01-21,2024-01-21 11:33:00,1165.15,1165.37,1165.15,1165.37,0.02,63.79,77252.77,1
2024-01-21,2024-01-21 11:34:00,1165.37,1165.58,1165.37,1165.58,0.02,63.79,77252.77,1
2024-01-21,2024-01-21 11:35:00,1165.58,1165.8,1165.58,1165.8,0.02,63.79,77252.77,1
2024-01-21,2024-01-21 11:36:00,1165.8,1166.02,1165.8,1166.02,0.02,63.79,77252.77,1
2024-01-21,2024-01-21 11:37:00,1166.02,1166.23,1166.02,1166.23,0.02,63.79,77252.77,1
2024-01-21,2024-01-21 11:38:00,1166.23,1166.45,1166.23,1166.45,0.02,63.79,77252.77,1
2024-01-21,2024-01-21 11:39:00,1166.45,1166.67,1166.45,1166.67,0.02,63.79,77252.77,1
2024-01-21,2024-01-21 11:40:00,1166.67,1166.88,1166.67,1166.88,0.02,63.79,77252.77,1
2024-01-21,2024-01-21 11:41:00,1166.88,1167.1,1166.88,1167.1,0.02,63.79,77252.77,1
2024-01-21,2024-01-21 11:42:00,1167.1,1167.32,1167.1,1167.32,0.02,63.79,77252.77,1
2024-01-21,2024-01-21 11:43:00,1167.32,1167.53,1167.32,1167.53,0.02,63.79,77252.77,1
2024-01-21,2024-01-21 11:44:00,1167.53,1167.75,1167.53,1167.75,0.02,63.79,77252.77,1
2024-01-21,2024-01-21 11:45:00,1167.75,1167.97,1167.75,1167.97,0.02,63.79,77252.77,1
2024-01-21,2024-01-21 11:46:00,1167.97,1168.18,1167.97,1168.18,0.02,63.79,77252.77,1
2024-01-21,2024-01-21 11:47:00,1168.18,1168.4,1168.18,1168.4,0.02,63.79,77252.77,1
2024-01-21,2024-01-21 11:48:00,1168.4,1168.62,1168.4,1168.62,0.02,63.79,77252.77,1
2024-01-21,2024-01-21 11:49:00,1168.62,1168.83,1168.62,1168.83,0.02,63.79,77252.77,1
2024-01-21,2024-01-21 11:50:00,1168.83,1169.05,1168.83,1169.05,0.02,63.79,77252.77,1
2024-01-21,2024-01-21 11:51:00,1169.05,1169.27,1169.05,1169.27,0.02,63.79,77252.77,1
2024-01-21,2024-01-21 11:52:00,1169.27,1169.48,1169.27,1169.48,0.02,63.79,77252.77,1
2024-01-21,2024-01-21 11:53:00,1169.48,1169.7,1169.48,1169.7,0.02,63.79,77252.77,1
2024-01-21,2024-01-21 11:54:00,1169.7,1169.92,1169.7,1169.92,0.02,63.79,77252.77,1
2024-01-21,2024-01-21 11:55:00,1169.92,1170.13,1169.92,1170.13,0.02,63.79,77252.77,1
2024-01-21,2024-01-21 11:56:00,1170.13,1170.35,1170.13,1170.35,0.02,63.79,77252.77,1
2024-01-21,2024-01-21 11:57:00,1170.35,1170.57,1170.35,1170.57,0.02,63.79,77252.77,1
2024-01-21,2024-01-21 11:58:00,1170.57,1170.78,1170.57,1170.78,0.02,63.79,77252.77,1
2024-01-21,2024-01-21 11:59:00,1170.78,1171.0,1170.78,1171.0,0.02,63.79,77252.77,1
2024-01-21,2024-01-21 12:00:00,1171.0,1171.22,1171.0,1171.22,0.02,63.79,77252.77,1
2024-01-21,2024-01-21 12:01:00,1171.22,1171.43,1171.22,1171.43,0.02,63.79,77252.77,1
2024-01-21,2024-01-21 12:02:00,1171.43,1171.65,1171.43,1171.65,0.02,63.79,77252.77,1
2024-01-21,2024-01-21 12:03:00,1171.65,1171.87,1171.65,1171.87,0.02,63.79,77252.77,1
2024-01-21,2024-01-21 12:04:00,1171.87,1172.08,1171.87,1172.08,0.02,63.79,77252.77,1
2024-01-21,2024-01-21 12:05:00,1172.08,1172.3,1172.08,1172.3,0.02,63.79,77252.77,1
2024-01-21,2024-01-21 12:06:00,1172.3,1172.52,1172.3,1172.52,0.02,63.79,77252.77,1
2024-01-21,2024-01-21 12:07:00,1172.52,1172.73,1172.52,1172.73,0.02,63.79,77252.77,1
2024-01-21,2024-01-21 12:08:00,1172.73,1172.95,1172.73,1172.95,0.02,63.79,77252.77,1
2024-01-21,2024-01-21 12:09:00,1172.95,1173.17,1172.95,1173.17,0.02,63.79,77252.77,1
2024-01-21,2024-01-21 12:10:00,1173.17,1173.38,1173.17,1173.38,0.02,63.79,77252.77,1
2024-01-21,2024-01-21 12:11:00,1173.38,1173.6,1173.38,1173.6,0.02,63.79,77252.77,1
2024-01-21,2024-01-21 12:12:00,1173.6,1173.82,1173.6,1173.82,0.02,63.79,77252.77,1
2024-01-21,2024-01-21 12:13:00,1173.82,1174.03,1173.82,1174.03,0.02,63.79,77252.77,1
2024-01-21,2024-01-21 12:14:00,1174.03,1174.25,1174.03,1174.25,0.02,63.79,77252.77,1
2024-01-21,2024-01-21 12:15:00,1174.25,1174.47,1174.25,1174.47,0.02,63.79,77252.77,1
2024-01-21,2024-01-21 12:16:00,1174.47,1174.68,1174.47,1174.68,0.02,63.79,77252.77,1
2024-01-21,2024-01-21 12:17:00,1174.68,1174.9,1174.68,1174.9,0.02,63.79,77252.77,1
2024-01-21,2024-01-21 12:18:00,1174.9,1175.12,1174.9,1175.12,0.02,63.79,77252.77,1
2024-01-21,2024-01-21 12:19:00,1175.12,1175.33,1175.12,1175.33,0.02,63.79,77252.77,1
2024-01-21,2024-01-21 12:20:00,1175.33,1175.55,1175.33,1175.55,0.02,63.79,77252.77,1
2024-01-21,2024-01-21 12:21:00,1175.55,1175.77,1175.55,1175.77,0.02,63.79,77252.77,1
2024-01-21,2024-01-21 12:22:00,1175.77,1175.98,1175.77,1175.98,0.02,63.79,77252.77,1
2024-01-21,2024-01-21 12:23:00,1175.98,1176.2,1175.98,1176.2,0.02,63.79,77252.77,1
2024-01-21,2024-01-21 12:24:00,1176.2,1176.42,1176.2,1176.42,0.02,63.79,77252.77,1
2024-01-21,2024-01-21 12:25:00,1176.42,1176.63,1176.42,1176.63,0.02,63.79,77252.77,1
2024-01-21,2024-01-21 12:26:00,1176.63,1176.85,1176.63,1176.85,0.02,63.79,77252.77,1
2024-01-21,2024-01-21 12:27:00,1176.85,1177.07,1176.85,1177.07,0.02,63.79,77252.77,1
2024-01-21,2024-01-21 12:28:00,1177.07,1177.28,1177.07,1177.28,0.02,63.79,77252.77,1
2024-01-21,2024-01-21 12:29:00,1177.28,1177.5,1177.28,1177.5,0.02,63.79,77252.77,1
2024-01-21,2024-01-21 12:30:00,1177.5,1177.72,1177.5,1177.72,0.02,63.79,77252.77,1
2024-01-21,2024-01-21 12:31:00,1177.72,1177.93,1177.72,1177.93,0.02,63.79,77252.77,1
2024-01-21,2024-01-21 12:32:00,1177.93,1178.15,1177.93,1178.15,0.02,63.79,77252.77,1
2024-01-21,2024-01-21 12:33:00,1178.15,1178.37,1178.15,1178.37,0.02,63.79,77252.77,1
2024-01-21,2024-01-21 12:34:00,1178.37,1178.58,1178.37,1178.58,0.02,63.79,77252.77,1
2024-01-21,2024-01-21 12:35:00,1178.58,1178.8,1178.58,1178.8,0.02,63.79,77252.77,1
2024-01-21,2024-01-21 12:36:00,1178.8,1179.02,1178.8,1179.02,0.02,63.79,77252.77,1
2024-01-21,2024-01-21 12:37:00,1179.02,1179.23,1179.02,1179.23,0.02,63.79,77252.77,1
2024-01-21,2024-01-21 12:38:00,1179.23,1179.45,1179.23,1179.45,0.02,63.79,77252.77,1
2024-01-21,2024-01-21 12:39:00,1179.45,1179.67,1179.45,1179.67,0.02,63.79,77252.77,1
2024-01-21,2024-01-21 12:40:00,1179.67,1179.88,1179.67,1179.88,0.02,63.79,77252.77,1
2024-01-21,2024-01-21 12:41:00,1179.88,1180.1,1179.88,1180.1,0.02,63.79,77252.77,1
2024-01-21,2024-01-21 12:42:00,1180.1,1180.32,1180.1,1180.32,0.02,63.79,77252.77,1
2024-01-21,2024-01-21 12:43:00,1180.32,1180.53,1180.32,1180.53,0.02,63.79,77252.77,1
2024-01-21,2024-01-21 12:44:00,1180.53,1180.75,1180.53,1180.75,0.02,63.79,77252.77,1
2024-01-21,2024-01-21 12:45:00,1180.75,1180.97,1180.75,1180.97,0.02,63.79,77252.77,1
2024-01-21,2024-01-21 12:46:00,1180.97,1181.18,1180.97,1181.18,0.02,63.79,77252.77,1
2024-01-21,2024-01-21 12:47:00,1181.18,1181.4,1181.18,1181.4,0.02,63.79,77252.77,1
2024-01-21,2024-01-21 12:48:00,1181.4,1181.62,1181.4,1181.62,0.02,63.79,77252.77,1
2024-01-21,2024-01-21 12:49:00,1181.62,1181.83,1181.62,1181.83,0.02,63.79,77252.77,1
2024-01-21,2024-01-21 12:50:00,1181.83,1182.05,1181.83,1182.05,0.02,63.79,77252.77,1
2024-01-21,2024-01-21 12:51:00,1182.05,1182.27,1182.05,1182.27,0.02,63.79,77252.77,1
2024-01-21,2024-01-21 12:52:00,1182.27,1182.48,1182.27,1182.48,0.02,63.79,77252.77,1
2024-01-21,2024-01-21 12:53:00,1182.48,1182.7,1182.48,1182.7,0.02,63.79,77252.77,1
2024-01-21,2024-01-21 12:54:00,1182.7,1182.92,1182.7,1182.92,0.02,63.79,77252.77,1
2024-01-21,2024-01-21 12:55:00,1182.92,1183.13,1182.92,1183.13,0.02,63.79,77252.77,1
2024-01-21,2024-01-21 12:56:00,1183.13,1183.35,1183.13,1183.35,0.02,63.79,77252.77,1
2024-01-21,2024-01-21 12:57:00,1183.35,1183.57,1183.35,1183.57,0.02,63.79,77252.77,1
2024-01-21,2024-01-21 12:58:00,1183.57,1183.78,1183.57,1183.78,0.02,63.79,77252.77,1
2024-01-21,2024-01-21 12:59:00,1183.78,1184.0,1183.78,1184.0,0.02,63.79,77252.77,1
2024-01-21,2024-01-21 13:00:00,1184.0,1299.1,1158.0,1184.22,0.02,63.79,77252.77,1
2024-01-21,2024-01-21 13:01:00,1184.22,1184.43,1184.22,1184.43,0.02,63.79,77252.77,1
2024-01-21,2024-01-21 13:02:00,1184.43,1184.65,1184.43,1184.65,0.02,63.79,77252.77,1
2024-01-21,2024-01-21 13:03:00,1184.65,1184.87,1184.65,1184.87,0.02,63.79,77252.77,1
2024-01-21,2024-01-21 13:04:00,1184.87,1185.08,1184.87,1185.08,0.02,63.79,77252.77,1
2024-01-21,2024-01-21 13:05:00,1185.08,1185.3,1185.08,1185.3,0.02,63.79,77252.77,1
2024-01-21,2024-01-21 13:06:00,1185.3,1185.52,1185.3,1185.52,0.02,63.79,77252.77,1
2024-01-21,2024-01-21 13:07:00,1185.52,1185.73,1185.52,1185.73,0.02,63.79,77252.77,1
2024-01-21,2024-01-21 13:08:00,1185.73,1185.95,1185.73,1185.95,0.02,63.79,77252.77,1
2024-01-21,2024-01-21 13:09:00,1185.95,1186.17,1185.95,1186.17,0.02,63.79,77252.77,1
2024-01-21,2024-01-21 13:10:00,1186.17,1186.38,1186.17,1186.38,0.02,63.79,77252.77,1
2024-01-21,2024-01-21 13:11:00,1186.38,1186.6,1186.38,1186.6,0.02,63.79,77252.77,1
2024-01-21,2024-01-21 13:12:00,1186.6,1186.82,1186.6,1186.82,0.02,63.79,77252.77,1
2024-01-21,2024-01-21 13:13:00,1186.82,1187.03,1186.82,1187.03,0.02,63.79,77252.77,1
2024-01-21,2024-01-21 13:14:00,1187.03,1187.25,1187.03,1187.25,0.02,63.79,77252.77,1
2024-01-21,2024-01-21 13:15:00,1187.25,1187.47,1187.25,1187.47,0.02,63.79,77252.77,1
2024-01-21,2024-01-21 13:16:00,1187.47,1187.68,1187.47,1187.68,0.02,63.79,77252.77,1
2024-01-21,2024-01-21 13:17:00,1187.68,1187.9,1187.68,1187.9,0.02,63.79,77252.77,1
2024-01-21,2024-01-21 13:18:00,1187.9,1188.12,1187.9,1188.12,0.02,63.79,77252.77,1
2024-01-21,2024-01-21 13:19:00,1188.12,1188.33,1188.12,1188.33,0.02,63.79,77252.77,1
2024-01-21,2024-01-21 13:20:00,1188.33,1188.55,1188.33,1188.55,0.02,63.79,77252.77,1
2024-01-21,2024-01-21 13:21:00,1188.55,1188.77,1188.55,1188.77,0.02,63.79,77252.77,1
2024-01-21,2024-01-21 13:22:00,1188.77,1188.98,1188.77,1188.98,0.02,63.79,77252.77,1
2024-01-21,2024-01-21 13:23:00,1188.98,1189.2,1188.98,1189.2,0.02,63.79,77252.77,1
2024-01-21,2024-01-21 13:24:00,1189.2,1189.42,1189.2,1189.42,0.02,63.79,77252.77,1
2024-01-21,2024-01-21 13:25:00,1189.42,1189.63,1189.42,1189.63,0.02,63.79,77252.77,1
2024-01-21,2024-01-21 13:26:00,1189.63,1189.85,1189.63,1189.85,0.02,63.79,77252.77,1
2024-01-21,2024-01-21 13:27:00,1189.85,1190.07,1189.85,1190.07,0.02,63.79,77252.77,1
2024-01-21,2024-01-21 13:28:00,1190.07,1190.28,1190.07,1190.28,0.02,63.79,77252.77,1
2024-01-21,2024-01-21 13:29:00,1190.28,1190.5,1190.28,1190.5,0.02,63.79,77252.77,1
2024-01-21,2024-01-21 13:30:00,1190.5,1190.72,1190.5,1190.72,0.02,63.79,77252.77,1
2024-01-21,2024-01-21 13:31:00,1190.72,1190.93,1190.72,1190.93,0.02,63.79,77252.77,1
2024-01-21,2024-01-21 13:32:00,1190.93,1191.15,1190.93,1191.15,0.02,63.79,77252.77,1
2024-01-21,2024-01-21 13:33:00,1191.15,1191.37,1191.15,1191.37,0.02,63.79,77252.77,1
2024-01-21,2024-01-21 13:34:00,1191.37,1191.58,1191.37,1191.58,0.02,63.79,77252.77,1
2024-01-21,2024-01-21 13:35:00,1191.58,1191.8,1191.58,1191.8,0.02,63.79,77252.77,1
2024-01-21,2024-01-21 13:36:00,1191.8,1192.02,1191.8,1192.02,0.02,63.79,77252.77,1
2024-01-21,2024-01-21 13:37:00,1192.02,1192.23,1192.02,1192.23,0.02,63.79,77252.77,1
2024-01-21,2024-01-21 13:38:00,1192.23,1192.45,1192.23,1192.45,0.02,63.79,77252.77,1
2024-01-21,2024-01-21 13:39:00,1192.45,1192.67,1192.45,1192.67,0.02,63.79,77252.77,1
2024-01-21,2024-01-21 13:40:00,1192.67,1192.88,1192.67,1192.88,0.02,63.79,77252.77,1
2024-01-21,2024-01-21 13:41:00,1192.88,1193.1,1192.88,1193.1,0.02,63.79,77252.77,1
2024-01-21,2024-01-21 13:42:00,1193.1,1193.32,1193.1,1193.32,0.02,63.79,77252.77,1
2024-01-21,2024-01-21 13:43:00,1193.32,1193.53,1193.32,1193.53,0.02,63.79,77252.77,1
2024-01-21,2024-01-21 13:44:00,1193.53,1193.75,1193.53,1193.75,0.02,63.79,77252.77,1
2024-01-21,2024-01-21 13:45:00,1193.75,1193.97,1193.75,1193.97,0.02,63.79,77252.77,1
2024-01-21,2024-01-21 13:46:00,1193.97,1194.18,1193.97,1194.18,0.02,63.79,77252.77,1
2024-01-21,2024-01-21 13:47:00,1194.18,1194.4,1194.18,1194.4,0.02,63.79,77252.77,1
2024-01-21,2024-01-21 13:48:00,1194.4,1194.62,1194.4,1194.62,0.02,63.79,77252.77,1
2024-01-21,2024-01-21 13:49:00,1194.62,1194.83,1194.62,1194.83,0.02,63.79,77252.77,1
2024-01-21,2024-01-21 13:50:00,1194.83,1195.05,1194.83,1195.05,0.02,63.79,77252.77,1
2024-01-21,2024-01-21 13:51:00,1195.05,1195.27,1195.05,1195.27,0.02,63.79,77252.77,1
2024-01-21,2024-01-21 13:52:00,1195.27,1195.48,1195.27,1195.48,0.02,63.79,77252.77,1
2024-01-21,2024-01-21 13:53:00,1195.48,1195.7,1195.48,1195.7,0.02,63.79,77252.77,1
2024-01-21,2024-01-21 13:54:00,1195.7,1195.92,1195.7,1195.92,0.02,63.79,77252.77,1
2024-01-21,2024-01-21 13:55:00,1195.92,1196.13,1195.92,1196.13,0.02,63.79,77252.77,1
2024-01-21,2024-01-21 13:56:00,1196.13,1196.35,1196.13,1196.35,0.02,63.79,77252.77,1
2024-01-21,2024-01-21 13:57:00,1196.35,1196.57,1196.35,1196.57,0.02,63.79,77252.77,1
2024-01-21,2024-01-21 13:58:00,1196.57,1196.78,1196.57,1196.78,0.02,63.79,77252.77,1
2024-01-21,2024-01-21 13:59:00,1196.78,1197.0,1196.78,1197.0,0.02,63.79,77252.77,1
2024-01-21,2024-01-21 14:00:00,1197.0,1197.22,1197.0,1197.22,0.02,63.79,77252.77,1
2024-01-21,2024-01-21 14:01:00,1197.22,1197.43,1197.22,1197.43,0.02,63.79,77252.77,1
2024-01-21,2024-01-21 14:02:00,1197.43,1197.65,1197.43,1197.65,0.02,63.79,77252.77,1
2024-01-21,2024-01-21 14:03:00,1197.65,1197.87,1197.65,1197.87,0.02,63.79,77252.77,1
2024-01-21,2024-01-21 14:04:00,1197.87,1198.08,1197.87,1198.08,0.02,63.79,77252.77,1
2024-01-21,2024-01-21 14:05:00,1198.08,1198.3,1198.08,1198.3,0.02,63.79,77252.77,1
2024-01-21,2024-01-21 14:06:00,1198.3,1198.52,1198.3,1198.52,0.02,63.79,77252.77,1
2024-01-21,2024-01-21 14:07:00,1198.52,1198.73,1198.52,1198.73,0.02,63.79,77252.77,1
2024-01-21,2024-01-21 14:08:00,1198.73,1198.95,1198.73,1198.95,0.02,63.79,77252.77,1
2024-01-21,2024-01-21 14:09:00,1198.95,1199.17,1198.95,1199.17,0.02,63.79,77252.77,1
2024-01-21,2024-01-21 14:10:00,1199.17,1199.38,1199.17,1199.38,0.02,63.79,77252.77,1
2024-01-21,2024-01-21 14:11:00,1199.38,1199.6,1199.38,1199.6,0.02,63.79,77252.77,1
2024-01-21,2024-01-21 14:12:00,1199.6,1199.82,1199.6,1199.82,0.02,63.79,77252.77,1
2024-01-21,2024-01-21 14:13:00,1199.82,1200.03,1199.82,1200.03,0.02,63.79,77252.77,1
2024-01-21,2024-01-21 14:14:00,1200.03,1200.25,1200.03,1200.25,0.02,63.79,77252.77,1
2024-01-21,2024-01-21 14:15:00,1200.25,1200.47,1200.25,1200.47,0.02,63.79,77252.77,1
2024-01-21,2024-01-21 14:16:00,1200.47,1200.68,1200.47,1200.68,0.02,63.79,77252.77,1
2024-01-21,2024-01-21 14:17:00,1200.68,1200.9,1200.68,1200.9,0.02,63.79,77252.77,1
2024-01-21,2024-01-21 14:18:00,1200.9,1201.12,1200.9,1201.12,0.02,63.79,77252.77,1
2024-01-21,2024-01-21 14:19:00,1201.12,1201.33,1201.12,1201.33,0.02,63.79,77252.77,1
2024-01-21,2024-01-21 14:20:00,1201.33,1201.55,1201.33,1201.55,0.02,63.79,77252.77,1
2024-01-21,2024-01-21 14:21:00,1201.55,1201.77,1201.55,1201.77,0.02,63.79,77252.77,1
2024-01-21,2024-01-21 14:22:00,1201.77,1201.98,1201.77,1201.98,0.02,63.79,77252.77,1
2024-01-21,2024-01-21 14:23:00,1201.98,1202.2,1201.98,1202.2,0.02,63.79,77252.77,1
2024-01-21,2024-01-21 14:24:00,1202.2,1202.42,1202.2,1202.42,0.02,63.79,77252.77,1
2024-01-21,2024-01-21 14:25:00,1202.42,1202.63,1202.42,1202.63,0.02,63.79,77252.77,1
2024-01-21,2024-01-21 14:26:00,1202.63,1202.85,1202.63,1202.85,0.02,63.79,77252.77,1
2024-01-21,2024-01-21 14:27:00,1202.85,1203.07,1202.85,1203.07,0.02,63.79,77252.77,1
2024-01-21,2024-01-21 14:28:00,1203.07,1203.28,1203.07,1203.28,0.02,63.79,77252.77,1
2024-01-21,2024-01-21 14:29:00,1203.28,1203.5,1203.28,1203.5,0.02,63.79,77252.77,1
2024-01-21,2024-01-21 14:30:00,1203.5,1203.72,1203.5,1203.72,0.02,63.79,77252.77,1
2024-01-21,2024-01-21 14:31:00,1203.72,1203.93,1203.72,1203.93,0.02,63.79,77252.77,1
2024-01-21,2024-01-21 14:32:00,1203.93,1204.15,1203.93,1204.15,0.02,63.79,77252.77,1
2024-01-21,2024-01-21 14:33:00,1204.15,1204.37,1204.15,1204.37,0.02,63.79,77252.77,1
2024-01-21,2024-01-21 14:34:00,1204.37,1204.58,1204.37,1204.58,0.02,63.79,77252.77,1
2024-01-21,2024-01-21 14:35:00,1204.58,1204.8,1204.58,1204.8,0.02,63.79,77252.77,1
2024-01-21,2024-01-21 14:36:00,1204.8,1205.02,1204.8,1205.02,0.02,63.79,77252.77,1
2024-01-21,2024-01-21 14:37:00,1205.02,1205.23,1205.02,1205.23,0.02,63.79,77252.77,1
2024-01-21,2024-01-21 14:38:00,1205.23,1205.45,1205.23,1205.45,0.02,63.79,77252.77,1
2024-01-21,2024-01-21 14:39:00,1205.45,1205.67,1205.45,1205.67,0.02,63.79,77252.77,1
2024-01-21,2024-01-21 14:40:00,1205.67,1205.88,1205.67,1205.88,0.02,63.79,77252.77,1
2024-01-21,2024-01-21 14:41:00,1205.88,1206.1,1205.88,1206.1,0.02,63.79,77252.77,1
2024-01-21,2024-01-21 14:42:00,1206.1,1206.32,1206.1,1206.32,0.02,63.79,77252.77,1
2024-01-21,2024-01-21 14:43:00,1206.32,1206.53,1206.32,1206.53,0.02,63.79,77252.77,1
2024-01-21,2024-01-21 14:44:00,1206.53,1206.75,1206.53,1206.75,0.02,63.79,77252.77,1
2024-01-21,2024-01-21 14:45:00,1206.75,1206.97,1206.75,1206.97,0.02,63.79,77252.77,1
2024-01-21,2024-01-21 14:46:00,1206.97,1207.18,1206.97,1207.18,0.02,63.79,77252.77,1
2024-01-21,2024-01-21 14:47:00,1207.18,1207.4,1207.18,1207.4,0.02,63.79,77252.77,1
2024-01-21,2024-01-21 14:48:00,1207.4,1207.62,1207.4,1207.62,0.02,63.79,77252.77,1
2024-01-21,2024-01-21 14:49:00,1207.62,1207.83,1207.62,1207.83,0.02,63.79,77252.77,1
2024-01-21,2024-01-21 14:50:00,1207.83,1208.05,1207.83,1208.05,0.02,63.79,77252.77,1
2024-01-21,2024-01-21 14:51:00,1208.05,1208.27,1208.05,1208.27,0.02,63.79,77252.77,1
2024-01-21,2024-01-21 14:52:00,1208.27,1208.48,1208.27,1208.48,0.02,63.79,77252.77,1
2024-01-21,2024-01-21 14:53:00,1208.48,1208.7,1208.48,1208.7,0.02,63.79,77252.77,1
2024-01-21,2024-01-21 14:54:00,1208.7,1208.92,1208.7,1208.92,0.02,63.79,77252.77,1
2024-01-21,2024-01-21 14:55:00,1208.92,1209.13,1208.92,1209.13,0.02,63.79,77252.77,1
2024-01-21,2024-01-21 14:56:00,1209.13,1209.35,1209.13,1209.35,0.02,63.79,77252.77,1
2024-01-21,2024-01-21 14:57:00,1209.35,1209.57,1209.35,1209.57,0.02,63.79,77252.77,1
2024-01-21,2024-01-21 14:58:00,1209.57,1209.78,1209.57,1209.78,0.02,63.79,77252.77,1
2024-01-21,2024-01-21 14:59:00,1209.78,1210.0,1209.78,1210.0,0.02,63.79,77252.77,1
2024-01-21,2024-01-21 15:00:00,1210.0,1299.1,1158.0,1210.0,0.0,63.79,77252.77,0
2024-01-22,2024-01-22 11:00:00,1185.8,1229.06,1172.06,1185.73,-0.01,36.4,43309.99,-1
2024-01-22,2024-01-22 11:01:00,1185.73,1185.73,1185.67,1185.67,-0.01,36.4,43309.99,-1
2024-01-22,2024-01-22 11:02:00,1185.67,1185.67,1185.6,1185.6,-0.01,36.4,43309.99,-1
2024-01-22,2024-01-22 11:03:00,1185.6,1185.6,1185.54,1185.54,-0.01,36.4,43309.99,-1
2024-01-22,2024-01-22 11:04:00,1185.54,1185.54,1185.47,1185.47,-0.01,36.4,43309.99,-1
2024-01-22,2024-01-22 11:05:00,1185.47,1185.47,1185.4,1185.4,-0.01,36.4,43309.99,-1
2024-01-22,2024-01-22 11:06:00,1185.4,1185.4,1185.34,1185.34,-0.01,36.4,43309.99,-1
2024-01-22,2024-01-22 11:07:00,1185.34,1185.34,1185.27,1185.27,-0.01,36.4,43309.99,-1
2024-01-22,2024-01-22 11:08:00,1185.27,1185.27,1185.21,1185.21,-0.01,36.4,43309.99,-1
2024-01-22,2024-01-22 11:09:00,1185.21,1185.21,1185.14,1185.14,-0.01,36.4,43309.99,-1
2024-01-22,2024-01-22 11:10:00,1185.14,1185.14,1185.08,1185.08,-0.01,36.4,43309.99,-1
2024-01-22,2024-01-22 11:11:00,1185.08,1185.08,1185.01,1185.01,-0.01,36.4,43309.99,-1
2024-01-22,2024-01-22 11:12:00,1185.01,1185.01,1184.94,1184.94,-0.01,36.4,43309.99,-1
2024-01-22,2024-01-22 11:13:00,1184.94,1184.94,1184.88,1184.88,-0.01,36.4,43309.99,-1
2024-01-22,2024-01-22 11:14:00,1184.88,1184.88,1184.81,1184.81,-0.01,36.4,43309.99,-1
2024-01-22,2024-01-22 11:15:00,1184.81,1184.81,1184.75,1184.75,-0.01,36.4,43309.99,-1
2024-01-22,2024-01-22 11:16:00,1184.75,1184.75,1184.68,1184.68,-0.01,36.4,43309.99,-1
2024-01-22,2024-01-22 11:17:00,1184.68,1184.68,1184.62,1184.62,-0.01,36.4,43309.99,-1
2024-01-22,2024-01-22 11:18:00,1184.62,1184.62,1184.55,1184.55,-0.01,36.4,43309.99,-1
2024-01-22,2024-01-22 11:19:00,1184.55,1184.55,1184.48,1184.48,-0.01,36.4,43309.99,-1
2024-01-22,2024-01-22 11:20:00,1184.48,1184.48,1184.42,1184.42,-0.01,36.4,43309.99,-1
2024-01-22,2024-01-22 11:21:00,1184.42,1184.42,1184.35,1184.35,-0.01,36.4,43309.99,-1
2024-01-22,2024-01-22 11:22:00,1184.35,1184.35,1184.29,1184.29,-0.01,36.4,43309.99,-1
2024-01-22,2024-01-22 11:23:00,1184.29,1184.29,1184.22,1184.22,-0.01,36.4,43309.99,-1
2024-01-22,2024-01-22 11:24:00,1184.22,1184.22,1184.15,1184.15,-0.01,36.4,43309.99,-1
2024-01-22,2024-01-22 11:25:00,1184.15,1184.15,1184.09,1184.09,-0.01,36.4,43309.99,-1
2024-01-22,2024-01-22 11:26:00,1184.09,1184.09,1184.02,1184.02,-0.01,36.4,43309.99,-1
2024-01-22,2024-01-22 11:27:00,1184.02,1184.02,1183.96,1183.96,-0.01,36.4,43309.99,-1
2024-01-22,2024-01-22 11:28:00,1183.96,1183.96,1183.89,1183.89,-0.01,36.4,43309.99,-1
2024-01-22,2024-01-22 11:29:00,1183.89,1183.89,1183.83,1183.83,-0.01,36.4,43309.99,-1
2024-01-22,2024-01-22 11:30:00,1183.83,1183.83,1183.76,1183.76,-0.01,36.4,43309.99,-1
2024-01-22,2024-01-22 11:31:00,1183.76,1183.76,1183.69,1183.69,-0.01,36.4,43309.99,-1
2024-01-22,2024-01-22 11:32:00,1183.69,1183.69,1183.63,1183.63,-0.01,36.4,43309.99,-1
2024-01-22,2024-01-22 11:33:00,1183.63,1183.63,1183.56,1183.56,-0.01,36.4,43309.99,-1
2024-01-22,2024-01-22 11:34:00,1183.56,1183.56,1183.5,1183.5,-0.01,36.4,43309.99,-1
2024-01-22,2024-01-22 11:35:00,1183.5,1183.5,1183.43,1183.43,-0.01,36.4,43309.99,-1
2024-01-22,2024-01-22 11:36:00,1183.43,1183.43,1183.36,1183.36,-0.01,36.4,43309.99,-1
2024-01-22,2024-01-22 11:37:00,1183.36,1183.36,1183.3,1183.3,-0.01,36.4,43309.99,-1
2024-01-22,2024-01-22 11:38:00,1183.3,1183.3,1183.23,1183.23,-0.01,36.4,43309.99,-1
2024-01-22,2024-01-22 11:39:00,1183.23,1183.23,1183.17,1183.17,-0.01,36.4,43309.99,-1
2024-01-22,2024-01-22 11:40:00,1183.17,1183.17,1183.1,1183.1,-0.01,36.4,43309.99,-1
2024-01-22,2024-01-22 11:41:00,1183.1,1183.1,1183.03,1183.03,-0.01,36.4,43309.99,-1
2024-01-22,2024-01-22 11:42:00,1183.03,1183.03,1182.97,1182.97,-0.01,36.4,43309.99,-1
2024-01-22,2024-01-22 11:43:00,1182.97,1182.97,1182.9,1182.9,-0.01,36.4,43309.99,-1
2024-01-22,2024-01-22 11:44:00,1182.9,1182.9,1182.84,1182.84,-0.01,36.4,43309.99,-1
2024-01-22,2024-01-22 11:45:00,1182.84,1182.84,1182.77,1182.77,-0.01,36.4,43309.99,-1
2024-01-22,2024-01-22 11:46:00,1182.77,1182.77,1182.71,1182.71,-0.01,36.4,43309.99,-1
2024-01-22,2024-01-22 11:47:00,1182.71,1182.71,1182.64,1182.64,-0.01,36.4,43309.99,-1
2024-01-22,2024-01-22 11:48:00,1182.64,1182.64,1182.57,1182.57,-0.01,36.4,43309.99,-1
2024-01-22,2024-01-22 11:49:00,1182.57,1182.57,1182.51,1182.51,-0.01,36.4,43309.99,-1
2024-01-22,2024-01-22 11:50:00,1182.51,1182.51,1182.44,1182.44,-0.01,36.4,43309.99,-1
2024-01-22,2024-01-22 11:51:00,1182.44,1182.44,1182.38,1182.38,-0.01,36.4,43309.99,-1
2024-01-22,2024-01-22 11:52:00,1182.38,1182.38,1182.31,1182.31,-0.01,36.4,43309.99,-1
2024-01-22,2024-01-22 11:53:00,1182.31,1182.31,1182.24,1182.24,-0.01,36.4,43309.99,-1
2024-01-22,2024-01-22 11:54:00,1182.24,1182.24,1182.18,1182.18,-0.01,36.4,43309.99,-1
2024-01-22,2024-01-22 11:55:00,1182.18,1182.18,1182.11,1182.11,-0.01,36.4,43309.99,-1
2024-01-22,2024-01-22 11:56:00,1182.11,1182.11,1182.05,1182.05,-0.01,36.4,43309.99,-1
2024-01-22,2024-01-22 11:57:00,1182.05,1182.05,1181.98,1181.98,-0.01,36.4,43309.99,-1
2024-01-22,2024-01-22 11:58:00,1181.98,1181.98,1181.92,1181.92,-0.01,36.4,43309.99,-1
2024-01-22,2024-01-22 11:59:00,1181.92,1181.92,1181.85,1181.85,-0.01,36.4,43309.99,-1
2024-01-22,2024-01-22 12:00:00,1181.85,1181.85,1181.78,1181.78,-0.01,36.4,43309.99,-1
2024-01-22,2024-01-22 12:01:00,1181.78,1181.78,1181.72,1181.72,-0.01,36.4,43309.99,-1
2024-01-22,2024-01-22 12:02:00,1181.72,1181.72,1181.65,1181.65,-0.01,36.4,43309.99,-1
2024-01-22,2024-01-22 12:03:00,1181.65,1181.65,1181.59,1181.59,-0.01,36.4,43309.99,-1
2024-01-22,2024-01-22 12:04:00,1181.59,1181.59,1181.52,1181.52,-0.01,36.4,43309.99,-1
2024-01-22,2024-01-22 12:05:00,1181.52,1181.52,1181.45,1181.45,-0.01,36.4,43309.99,-1
2024-01-22,2024-01-22 12:06:00,1181.45,1181.45,1181.39,1181.39,-0.01,36.4,43309.99,-1
2024-01-22,2024-01-22 12:07:00,1181.39,1181.39,1181.32,1181.32,-0.01,36.4,43309.99,-1
2024-01-22,2024-01-22 12:08:00,1181.32,1181.32,1181.26,1181.26,-0.01,36.4,43309.99,-1
2024-01-22,2024-01-22 12:09:00,1181.26,1181.26,1181.19,1181.19,-0.01,36.4,43309.99,-1
2024-01-22,2024-01-22 12:10:00,1181.19,1181.19,1181.13,1181.13,-0.01,36.4,43309.99,-1
2024-01-22,2024-01-22 12:11:00,1181.13,1181.13,1181.06,1181.06,-0.01,36.4,43309.99,-1
2024-01-22,2024-01-22 12:12:00,1181.06,1181.06,1180.99,1180.99,-0.01,36.4,43309.99,-1
2024-01-22,2024-01-22 12:13:00,1180.99,1180.99,1180.93,1180.93,-0.01,36.4,43309.99,-1
2024-01-22,2024-01-22 12:14:00,1180.93,1180.93,1180.86,1180.86,-0.01,36.4,43309.99,-1
2024-01-22,2024-01-22 12:15:00,1180.86,1180.86,1180.8,1180.8,-0.01,36.4,43309.99,-1
2024-01-22,2024-01-22 12:16:00,1180.8,1180.8,1180.73,1180.73,-0.01,36.4,43309.99,-1
2024-01-22,2024-01-22 12:17:00,1180.73,1180.73,1180.66,1180.66,-0.01,36.4,43309.99,-1
2024-01-22,2024-01-22 12:18:00,1180.66,1180.66,1180.6,1180.6,-0.01,36.4,43309.99,-1
2024-01-22,2024-01-22 12:19:00,1180.6,1180.6,1180.53,1180.53,-0.01,36.4,43309.99,-1
2024-01-22,2024-01-22 12:20:00,1180.53,1180.53,1180.47,1180.47,-0.01,36.4,43309.99,-1
2024-01-22,2024-01-22 12:21:00,1180.47,1180.47,1180.4,1180.4,-0.01,36.4,43309.99,-1
2024-01-22,2024-01-22 12:22:00,1180.4,1180.4,1180.34,1180.34,-0.01,36.4,43309.99,-1
2024-01-22,2024-01-22 12:23:00,1180.34,1180.34,1180.27,1180.27,-0.01,36.4,43309.99,-1
2024-01-22,2024-01-22 12:24:00,1180.27,1180.27,1180.2,1180.2,-0.01,36.4,43309.99,-1
2024-01-22,2024-01-22 12:25:00,1180.2,1180.2,1180.14,1180.14,-0.01,36.4,43309.99,-1
2024-01-22,2024-01-22 12:26:00,1180.14,1180.14,1180.07,1180.07,-0.01,36.4,43309.99,-1
2024-01-22,2024-01-22 12:27:00,1180.07,1180.07,1180.01,1180.01,-0.01,36.4,43309.99,-1
2024-01-22,2024-01-22 12:28:00,1180.01,1180.01,1179.94,1179.94,-0.01,36.4,43309.99,-1
2024-01-22,2024-01-22 12:29:00,1179.94,1179.94,1179.88,1179.88,-0.01,36.4,43309.99,-1
2024-01-22,2024-01-22 12:30:00,1179.88,1179.88,1179.81,1179.81,-0.01,36.4,43309.99,-1
2024-01-22,2024-01-22 12:31:00,1179.81,1179.81,1179.74,1179.74,-0.01,36.4,43309.99,-1
2024-01-22,2024-01-22 12:32:00,1179.74,1179.74,1179.68,1179.68,-0.01,36.4,43309.99,-1
2024-01-22,2024-01-22 12:33:00,1179.68,1179.68,1179.61,1179.61,-0.01,36.4,43309.99,-1
2024-01-22,2024-01-22 12:34:00,1179.61,1179.61,1179.55,1179.55,-0.01,36.4,43309.99,-1
2024-01-22,2024-01-22 12:35:00,1179.55,1179.55,1179.48,1179.48,-0.01,36.4,43309.99,-1
2024-01-22,2024-01-22 12:36:00,1179.48,1179.48,1179.41,1179.41,-0.01,36.4,43309.99,-1
2024-01-22,2024-01-22 12:37:00,1179.41,1179.41,1179.35,1179.35,-0.01,36.4,43309.99,-1
2024-01-22,2024-01-22 12:38:00,1179.35,1179.35,1179.28,1179.28,-0.01,36.4,43309.99,-1
2024-01-22,2024-01-22 12:39:00,1179.28,1179.28,1179.22,1179.22,-0.01,36.4,43309.99,-1
2024-01-22,2024-01-22 12:40:00,1179.22,1179.22,1179.15,1179.15,-0.01,36.4,43309.99,-1
2024-01-22,2024-01-22 12:41:00,1179.15,1179.15,1179.09,1179.09,-0.01,36.4,43309.99,-1
2024-01-22,2024-01-22 12:42:00,1179.09,1179.09,1179.02,1179.02,-0.01,36.4,43309.99,-1
2024-01-22,2024-01-22 12:43:00,1179.02,1179.02,1178.95,1178.95,-0.01,36.4,43309.99,-1
2024-01-22,2024-01-22 12:44:00,1178.95,1178.95,1178.89,1178.89,-0.01,36.4,43309.99,-1
2024-01-22,2024-01-22 12:45:00,1178.89,1178.89,1178.82,1178.82,-0.01,36.4,43309.99,-1
2024-01-22,2024-01-22 12:46:00,1178.82,1178.82,1178.76,1178.76,-0.01,36.4,43309.99,-1
2024-01-22,2024-01-22 12:47:00,1178.76,1178.76,1178.69,1178.69,-0.01,36.4,43309.99,-1
2024-01-22,2024-01-22 12:48:00,1178.69,1178.69,1178.62,1178.62,-0.01,36.4,43309.99,-1
2024-01-22,2024-01-22 12:49:00,1178.62,1178.62,1178.56,1178.56,-0.01,36.4,43309.99,-1
2024-01-22,2024-01-22 12:50:00,1178.56,1178.56,1178.49,1178.49,-0.01,36.4,43309.99,-1
2024-01-22,2024-01-22 12:51:00,1178.49,1178.49,1178.43,1178.43,-0.01,36.4,43309.99,-1
2024-01-22,2024-01-22 12:52:00,1178.43,1178.43,1178.36,1178.36,-0.01,36.4,43309.99,-1
2024-01-22,2024-01-22 12:53:00,1178.36,1178.36,1178.3,1178.3,-0.01,36.4,43309.99,-1
2024-01-22,2024-01-22 12:54:00,1178.3,1178.3,1178.23,1178.23,-0.01,36.4,43309.99,-1
2024-01-22,2024-01-22 12:55:00,1178.23,1178.23,1178.16,1178.16,-0.01,36.4,43309.99,-1
2024-01-22,2024-01-22 12:56:00,1178.16,1178.16,1178.1,1178.1,-0.01,36.4,43309.99,-1
2024-01-22,2024-01-22 12:57:00,1178.1,1178.1,1178.03,1178.03,-0.01,36.4,43309.99,-1
2024-01-22,2024-01-22 12:58:00,1178.03,1178.03,1177.97,1177.97,-0.01,36.4,43309.99,-1
2024-01-22,2024-01-22 12:59:00,1177.97,1177.97,1177.9,1177.9,-0.01,36.4,43309.99,-1
2024-01-22,2024-01-22 13:00:00,1177.9,1330.0,1140.0,1177.83,-0.01,36.4,43309.99,-1
2024-01-22,2024-01-22 13:01:00,1177.83,1177.83,1177.77,1177.77,-0.01,36.4,43309.99,-1
2024-01-22,2024-01-22 13:02:00,1177.77,1177.77,1177.7,1177.7,-0.01,36.4,43309.99,-1
2024-01-22,2024-01-22 13:03:00,1177.7,1177.7,1177.64,1177.64,-0.01,36.4,43309.99,-1
2024-01-22,2024-01-22 13:04:00,1177.64,1177.64,1177.57,1177.57,-0.01,36.4,43309.99,-1
2024-01-22,2024-01-22 13:05:00,1177.57,1177.57,1177.5,1177.5,-0.01,36.4,43309.99,-1
2024-01-22,2024-01-22 13:06:00,1177.5,1177.5,1177.44,1177.44,-0.01,36.4,43309.99,-1
2024-01-22,2024-01-22 13:07:00,1177.44,1177.44,1177.37,1177.37,-0.01,36.4,43309.99,-1
2024-01-22,2024-01-22 13:08:00,1177.37,1177.37,1177.31,1177.31,-0.01,36.4,43309.99,-1
2024-01-22,2024-01-22 13:09:00,1177.31,1177.31,1177.24,1177.24,-0.01,36.4,43309.99,-1
2024-01-22,2024-01-22 13:10:00,1177.24,1177.24,1177.18,1177.18,-0.01,36.4,43309.99,-1
2024-01-22,2024-01-22 13:11:00,1177.18,1177.18,1177.11,1177.11,-0.01,36.4,43309.99,-1
2024-01-22,2024-01-22 13:12:00,1177.11,1177.11,1177.04,1177.04,-0.01,36.4,43309.99,-1
2024-01-22,2024-01-22 13:13:00,1177.04,1177.04,1176.98,1176.98,-0.01,36.4,43309.99,-1
2024-01-22,2024-01-22 13:14:00,1176.98,1176.98,1176.91,1176.91,-0.01,36.4,43309.99,-1
2024-01-22,2024-01-22 13:15:00,1176.91,1176.91,1176.85,1176.85,-0.01,36.4,43309.99,-1
2024-01-22,2024-01-22 13:16:00,1176.85,1176.85,1176.78,1176.78,-0.01,36.4,43309.99,-1
2024-01-22,2024-01-22 13:17:00,1176.78,1176.78,1176.71,1176.71,-0.01,36.4,43309.99,-1
2024-01-22,2024-01-22 13:18:00,1176.71,1176.71,1176.65,1176.65,-0.01,36.4,43309.99,-1
2024-01-22,2024-01-22 13:19:00,1176.65,1176.65,1176.58,1176.58,-0.01,36.4,43309.99,-1
2024-01-22,2024-01-22 13:20:00,1176.58,1176.58,1176.52,1176.52,-0.01,36.4,43309.99,-1
2024-01-22,2024-01-22 13:21:00,1176.52,1176.52,1176.45,1176.45,-0.01,36.4,43309.99,-1
2024-01-22,2024-01-22 13:22:00,1176.45,1176.45,1176.39,1176.39,-0.01,36.4,43309.99,-1
2024-01-22,2024-01-22 13:23:00,1176.39,1176.39,1176.32,1176.32,-0.01,36.4,43309.99,-1
2024-01-22,2024-01-22 13:24:00,1176.32,1176.32,1176.25,1176.25,-0.01,36.4,43309.99,-1
2024-01-22,2024-01-22 13:25:00,1176.25,1176.25,1176.19,1176.19,-0.01,36.4,43309.99,-1
2024-01-22,2024-01-22 13:26:00,1176.19,1176.19,1176.12,1176.12,-0.01,36.4,43309.99,-1
2024-01-22,2024-01-22 13:27:00,1176.12,1176.12,1176.06,1176.06,-0.01,36.4,43309.99,-1
2024-01-22,2024-01-22 13:28:00,1176.06,1176.06,1175.99,1175.99,-0.01,36.4,43309.99,-1
2024-01-22,2024-01-22 13:29:00,1175.99,1175.99,1175.92,1175.92,-0.01,36.4,43309.99,-1
2024-01-22,2024-01-22 13:30:00,1175.92,1175.92,1175.86,1175.86,-0.01,36.4,43309.99,-1
2024-01-22,2024-01-22 13:31:00,1175.86,1175.86,1175.79,1175.79,-0.01,36.4,43309.99,-1
2024-01-22,2024-01-22 13:32:00,1175.79,1175.79,1175.73,1175.73,-0.01,36.4,43309.99,-1
2024-01-22,2024-01-22 13:33:00,1175.73,1175.73,1175.66,1175.66,-0.01,36.4,43309.99,-1
2024-01-22,2024-01-22 13:34:00,1175.66,1175.66,1175.6,1175.6,-0.01,36.4,43309.99,-1
2024-01-22,2024-01-22 13:35:00,1175.6,1175.6,1175.53,1175.53,-0.01,36.4,43309.99,-1
2024-01-22,2024-01-22 13:36:00,1175.53,1175.53,1175.46,1175.46,-0.01,36.4,43309.99,-1
2024-01-22,2024-01-22 13:37:00,1175.46,1175.46,1175.4,1175.4,-0.01,36.4,43309.99,-1
2024-01-22,2024-01-22 13:38:00,1175.4,1175.4,1175.33,1175.33,-0.01,36.4,43309.99,-1
2024-01-22,2024-01-22 13:39:00,1175.33,1175.33,1175.27,1175.27,-0.01,36.4,43309.99,-1
2024-01-22,2024-01-22 13:40:00,1175.27,1175.27,1175.2,1175.2,-0.01,36.4,43309.99,-1
2024-01-22,2024-01-22 13:41:00,1175.2,1175.2,1175.13,1175.13,-0.01,36.4,43309.99,-1
2024-01-22,2024-01-22 13:42:00,1175.13,1175.13,1175.07,1175.07,-0.01,36.4,43309.99,-1
2024-01-22,2024-01-22 13:43:00,1175.07,1175.07,1175.0,1175.0,-0.01,36.4,43309.99,-1
2024-01-22,2024-01-22 13:44:00,1175.0,1175.0,1174.94,1174.94,-0.01,36.4,43309.99,-1
2024-01-22,2024-01-22 13:45:00,1174.94,1174.94,1174.87,1174.87,-0.01,36.4,43309.99,-1
2024-01-22,2024-01-22 13:46:00,1174.87,1174.87,1174.81,1174.81,-0.01,36.4,43309.99,-1
2024-01-22,2024-01-22 13:47:00,1174.81,1174.81,1174.74,1174.74,-0.01,36.4,43309.99,-1
2024-01-22,2024-01-22 13:48:00,1174.74,1174.74,1174.67,1174.67,-0.01,36.4,43309.99,-1
2024-01-22,2024-01-22 13:49:00,1174.67,1174.67,1174.61,1174.61,-0.01,36.4,43309.99,-1
2024-01-22,2024-01-22 13:50:00,1174.61,1174.61,1174.54,1174.54,-0.01,36.4,43309.99,-1
2024-01-22,2024-01-22 13:51:00,1174.54,1174.54,1174.48,1174.48,-0.01,36.4,43309.99,-1
2024-01-22,2024-01-22 13:52:00,1174.48,1174.48,1174.41,1174.41,-0.01,36.4,43309.99,-1
2024-01-22,2024-01-22 13:53:00,1174.41,1174.41,1174.35,1174.35,-0.01,36.4,43309.99,-1
2024-01-22,2024-01-22 13:54:00,1174.35,1174.35,1174.28,1174.28,-0.01,36.4,43309.99,-1
2024-01-22,2024-01-22 13:55:00,1174.28,1174.28,1174.21,1174.21,-0.01,36.4,43309.99,-1
2024-01-22,2024-01-22 13:56:00,1174.21,1174.21,1174.15,1174.15,-0.01,36.4,43309.99,-1
2024-01-22,2024-01-22 13:57:00,1174.15,1174.15,1174.08,1174.08,-0.01,36.4,43309.99,-1
2024-01-22,2024-01-22 13:58:00,1174.08,1174.08,1174.02,1174.02,-0.01,36.4,43309.99,-1
2024-01-22,2024-01-22 13:59:00,1174.02,1174.02,1173.95,1173.95,-0.01,36.4,43309.99,-1
2024-01-22,2024-01-22 14:00:00,1173.95,1173.95,1173.88,1173.88,-0.01,36.4,43309.99,-1
2024-01-22,2024-01-22 14:01:00,1173.88,1173.88,1173.82,1173.82,-0.01,36.4,43309.99,-1
2024-01-22,2024-01-22 14:02:00,1173.82,1173.82,1173.75,1173.75,-0.01,36.4,43309.99,-1
2024-01-22,2024-01-22 14:03:00,1173.75,1173.75,1173.69,1173.69,-0.01,36.4,43309.99,-1
2024-01-22,2024-01-22 14:04:00,1173.69,1173.69,1173.62,1173.62,-0.01,36.4,43309.99,-1
2024-01-22,2024-01-22 14:05:00,1173.62,1173.62,1173.56,1173.56,-0.01,36.4,43309.99,-1
2024-01-22,2024-01-22 14:06:00,1173.56,1173.56,1173.49,1173.49,-0.01,36.4,43309.99,-1
2024-01-22,2024-01-22 14:07:00,1173.49,1173.49,1173.42,1173.42,-0.01,36.4,43309.99,-1
2024-01-22,2024-01-22 14:08:00,1173.42,1173.42,1173.36,1173.36,-0.01,36.4,43309.99,-1
2024-01-22,2024-01-22 14:09:00,1173.36,1173.36,1173.29,1173.29,-0.01,36.4,43309.99,-1
2024-01-22,2024-01-22 14:10:00,1173.29,1173.29,1173.23,1173.23,-0.01,36.4,43309.99,-1
2024-01-22,2024-01-22 14:11:00,1173.23,1173.23,1173.16,1173.16,-0.01,36.4,43309.99,-1
2024-01-22,2024-01-22 14:12:00,1173.16,1173.16,1173.09,1173.09,-0.01,36.4,43309.99,-1
2024-01-22,2024-01-22 14:13:00,1173.09,1173.09,1173.03,1173.03,-0.01,36.4,43309.99,-1
2024-01-22,2024-01-22 14:14:00,1173.03,1173.03,1172.96,1172.96,-0.01,36.4,43309.99,-1
2024-01-22,2024-01-22 14:15:00,1172.96,1172.96,1172.9,1172.9,-0.01,36.4,43309.99,-1
2024-01-22,2024-01-22 14:16:00,1172.9,1172.9,1172.83,1172.83,-0.01,36.4,43309.99,-1
2024-01-22,2024-01-22 14:17:00,1172.83,1172.83,1172.77,1172.77,-0.01,36.4,43309.99,-1
2024-01-22,2024-01-22 14:18:00,1172.77,1172.77,1172.7,1172.7,-0.01,36.4,43309.99,-1
2024-01-22,2024-01-22 14:19:00,1172.7,1172.7,1172.63,1172.63,-0.01,36.4,43309.99,-1
2024-01-22,2024-01-22 14:20:00,1172.63,1172.63,1172.57,1172.57,-0.01,36.4,43309.99,-1
2024-01-22,2024-01-22 14:21:00,1172.57,1172.57,1172.5,1172.5,-0.01,36.4,43309.99,-1
2024-01-22,2024-01-22 14:22:00,1172.5,1172.5,1172.44,1172.44,-0.01,36.4,43309.99,-1
2024-01-22,2024-01-22 14:23:00,1172.44,1172.44,1172.37,1172.37,-0.01,36.4,43309.99,-1
2024-01-22,2024-01-22 14:24:00,1172.37,1172.37,1172.3,1172.3,-0.01,36.4,43309.99,-1
2024-01-22,2024-01-22 14:25:00,1172.3,1172.3,1172.24,1172.24,-0.01,36.4,43309.99,-1
2024-01-22,2024-01-22 14:26:00,1172.24,1172.24,1172.17,1172.17,-0.01,36.4,43309.99,-1
2024-01-22,2024-01-22 14:27:00,1172.17,1172.17,1172.11,1172.11,-0.01,36.4,43309.99,-1
2024-01-22,2024-01-22 14:28:00,1172.11,1172.11,1172.04,1172.04,-0.01,36.4,43309.99,-1
2024-01-22,2024-01-22 14:29:00,1172.04,1172.04,1171.97,1171.97,-0.01,36.4,43309.99,-1
2024-01-22,2024-01-22 14:30:00,1171.97,1171.97,1171.91,1171.91,-0.01,36.4,43309.99,-1
2024-01-22,2024-01-22 14:31:00,1171.91,1171.91,1171.84,1171.84,-0.01,36.4,43309.99,-1
2024-01-22,2024-01-22 14:32:00,1171.84,1171.84,1171.78,1171.78,-0.01,36.4,43309.99,-1
2024-01-22,2024-01-22 14:33:00,1171.78,1171.78,1171.71,1171.71,-0.01,36.4,43309.99,-1
2024-01-22,2024-01-22 14:34:00,1171.71,1171.71,1171.65,1171.65,-0.01,36.4,43309.99,-1
2024-01-22,2024-01-22 14:35:00,1171.65,1171.65,1171.58,1171.58,-0.01,36.4,43309.99,-1
2024-01-22,2024-01-22 14:36:00,1171.58,1171.58,1171.51,1171.51,-0.01,36.4,43309.99,-1
2024-01-22,2024-01-22 14:37:00,1171.51,1171.51,1171.45,1171.45,-0.01,36.4,43309.99,-1
2024-01-22,2024-01-22 14:38:00,1171.45,1171.45,1171.38,1171.38,-0.01,36.4,43309.99,-1
2024-01-22,2024-01-22 14:39:00,1171.38,1171.38,1171.32,1171.32,-0.01,36.4,43309.99,-1
2024-01-22,2024-01-22 14:40:00,1171.32,1171.32,1171.25,1171.25,-0.01,36.4,43309.99,-1
2024-01-22,2024-01-22 14:41:00,1171.25,1171.25,1171.18,1171.18,-0.01,36.4,43309.99,-1
2024-01-22,2024-01-22 14:42:00,1171.18,1171.18,1171.12,1171.12,-0.01,36.4,43309.99,-1
2024-01-22,2024-01-22 14:43:00,1171.12,1171.12,1171.05,1171.05,-0.01,36.4,43309.99,-1
2024-01-22,2024-01-22 14:44:00,1171.05,1171.05,1170.99,1170.99,-0.01,36.4,43309.99,-1
2024-01-22,2024-01-22 14:45:00,1170.99,1170.99,1170.92,1170.92,-0.01,36.4,43309.99,-1
2024-01-22,2024-01-22 14:46:00,1170.92,1170.92,1170.86,1170.86,-0.01,36.4,43309.99,-1
2024-01-22,2024-01-22 14:47:00,1170.86,1170.86,1170.79,1170.79,-0.01,36.4,43309.99,-1
2024-01-22,2024-01-22 14:48:00,1170.79,1170.79,1170.72,1170.72,-0.01,36.4,43309.99,-1
2024-01-22,2024-01-22 14:49:00,1170.72,1170.72,1170.66,1170.66,-0.01,36.4,43309.99,-1
2024-01-22,2024-01-22 14:50:00,1170.66,1170.66,1170.59,1170.59,-0.01,36.4,43309.99,-1
2024-01-22,2024-01-22 14:51:00,1170.59,1170.59,1170.53,1170.53,-0.01,36.4,43309.99,-1
2024-01-22,2024-01-22 14:52:00,1170.53,1170.53,1170.46,1170.46,-0.01,36.4,43309.99,-1
2024-01-22,2024-01-22 14:53:00,1170.46,1170.46,1170.39,1170.39,-0.01,36.4,43309.99,-1
2024-01-22,2024-01-22 14:54:00,1170.39,1170.39,1170.33,1170.33,-0.01,36.4,43309.99,-1
2024-01-22,2024-01-22 14:55:00,1170.33,1170.33,1170.26,1170.26,-0.01,36.4,43309.99,-1
2024-01-22,2024-01-22 14:56:00,1170.26,1170.26,1170.2,1170.2,-0.01,36.4,43309.99,-1
2024-01-22,2024-01-22 14:57:00,1170.2,1170.2,1170.13,1170.13,-0.01,36.4,43309.99,-1
2024-01-22,2024-01-22 14:58:00,1170.13,1170.13,1170.07,1170.07,-0.01,36.4,43309.99,-1
2024-01-22,2024-01-22 14:59:00,1170.07,1170.07,1170.0,1170.0,-0.01,36.4,43309.99,-1
2024-01-22,2024-01-22 15:00:00,1170.0,1330.0,1140.0,1170.0,0.0,36.4,43309.99,0
2024-01-23,2024-01-23 11:00:00,1146.6,1180.62,1139.73,1147.01,0.04,39.83,46534.59,1
2024-01-23,2024-01-23 11:01:00,1147.01,1147.41,1147.01,1147.41,0.03,39.83,46534.59,1
2024-01-23,2024-01-23 11:02:00,1147.41,1147.82,1147.41,1147.82,0.04,39.83,46534.59,1
2024-01-23,2024-01-23 11:03:00,1147.82,1148.22,1147.82,1148.22,0.03,39.83,46534.59,1
2024-01-23,2024-01-23 11:04:00,1148.22,1148.63,1148.22,1148.63,0.04,39.83,46534.59,1
2024-01-23,2024-01-23 11:05:00,1148.63,1149.03,1148.63,1149.03,0.03,39.83,46534.59,1
2024-01-23,2024-01-23 11:06:00,1149.03,1149.44,1149.03,1149.44,0.04,39.83,46534.59,1
2024-01-23,2024-01-23 11:07:00,1149.44,1149.85,1149.44,1149.85,0.04,39.83,46534.59,1
2024-01-23,2024-01-23 11:08:00,1149.85,1150.25,1149.85,1150.25,0.03,39.83,46534.59,1
2024-01-23,2024-01-23 11:09:00,1150.25,1150.66,1150.25,1150.66,0.04,39.83,46534.59,1
2024-01-23,2024-01-23 11:10:00,1150.66,1151.06,1150.66,1151.06,0.03,39.83,46534.59,1
2024-01-23,2024-01-23 11:11:00,1151.06,1151.47,1151.06,1151.47,0.04,39.83,46534.59,1
2024-01-23,2024-01-23 11:12:00,1151.47,1151.88,1151.47,1151.88,0.04,39.83,46534.59,1
2024-01-23,2024-01-23 11:13:00,1151.88,1152.28,1151.88,1152.28,0.03,39.83,46534.59,1
2024-01-23,2024-01-23 11:14:00,1152.28,1152.69,1152.28,1152.69,0.04,39.83,46534.59,1
2024-01-23,2024-01-23 11:15:00,1152.69,1153.09,1152.69,1153.09,0.03,39.83,46534.59,1
2024-01-23,2024-01-23 11:16:00,1153.09,1153.5,1153.09,1153.5,0.04,39.83,46534.59,1
2024-01-23,2024-01-23 11:17:00,1153.5,1153.9,1153.5,1153.9,0.03,39.83,46534.59,1
2024-01-23,2024-01-23 11:18:00,1153.9,1154.31,1153.9,1154.31,0.04,39.83,46534.59,1
2024-01-23,2024-01-23 11:19:00,1154.31,1154.72,1154.31,1154.72,0.04,39.83,46534.59,1
2024-01-23,2024-01-23 11:20:00,1154.72,1155.12,1154.72,1155.12,0.03,39.83,46534.59,1
2024-01-23,2024-01-23 11:21:00,1155.12,1155.53,1155.12,1155.53,0.04,39.83,46534.59,1
2024-01-23,2024-01-23 11:22:00,1155.53,1155.93,1155.53,1155.93,0.03,39.83,46534.59,1
2024-01-23,2024-01-23 11:23:00,1155.93,1156.34,1155.93,1156.34,0.04,39.83,46534.59,1
2024-01-23,2024-01-23 11:24:00,1156.34,1156.75,1156.34,1156.75,0.04,39.83,46534.59,1
2024-01-23,2024-01-23 11:25:00,1156.75,1157.15,1156.75,1157.15,0.03,39.83,46534.59,1
2024-01-23,2024-01-23 11:26:00,1157.15,1157.56,1157.15,1157.56,0.04,39.83,46534.59,1
2024-01-23,2024-01-23 11:27:00,1157.56,1157.96,1157.56,1157.96,0.03,39.83,46534.59,1
2024-01-23,2024-01-23 11:28:00,1157.96,1158.37,1157.96,1158.37,0.04,39.83,46534.59,1
2024-01-23,2024-01-23 11:29:00,1158.37,1158.77,1158.37,1158.77,0.03,39.83,46534.59,1
2024-01-23,2024-01-23 11:30:00,1158.77,1159.18,1158.77,1159.18,0.04,39.83,46534.59,1
2024-01-23,2024-01-23 11:31:00,1159.18,1159.59,1159.18,1159.59,0.04,39.83,46534.59,1
2024-01-23,2024-01-23 11:32:00,1159.59,1159.99,1159.59,1159.99,0.03,39.83,46534.59,1
2024-01-23,2024-01-23 11:33:00,1159.99,1160.4,1159.99,1160.4,0.04,39.83,46534.59,1
2024-01-23,2024-01-23 11:34:00,1160.4,1160.8,1160.4,1160.8,0.03,39.83,46534.59,1
2024-01-23,2024-01-23 11:35:00,1160.8,1161.21,1160.8,1161.21,0.04,39.83,46534.59,1
2024-01-23,2024-01-23 11:36:00,1161.21,1161.62,1161.21,1161.62,0.04,39.83,46534.59,1
2024-01-23,2024-01-23 11:37:00,1161.62,1162.02,1161.62,1162.02,0.03,39.83,46534.59,1
2024-01-23,2024-01-23 11:38:00,1162.02,1162.43,1162.02,1162.43,0.04,39.83,46534.59,1
2024-01-23,2024-01-23 11:39:00,1162.43,1162.83,1162.43,1162.83,0.03,39.83,46534.59,1
2024-01-23,2024-01-23 11:40:00,1162.83,1163.24,1162.83,1163.24,0.04,39.83,46534.59,1
2024-01-23,2024-01-23 11:41:00,1163.24,1163.64,1163.24,1163.64,0.03,39.83,46534.59,1
2024-01-23,2024-01-23 11:42:00,1163.64,1164.05,1163.64,1164.05,0.04,39.83,46534.59,1
2024-01-23,2024-01-23 11:43:00,1164.05,1164.46,1164.05,1164.46,0.04,39.83,46534.59,1
2024-01-23,2024-01-23 11:44:00,1164.46,1164.86,1164.46,1164.86,0.03,39.83,46534.59,1
2024-01-23,2024-01-23 11:45:00,1164.86,1165.27,1164.86,1165.27,0.04,39.83,46534.59,1
2024-01-23,2024-01-23 11:46:00,1165.27,1165.67,1165.27,1165.67,0.03,39.83,46534.59,1
2024-01-23,2024-01-23 11:47:00,1165.67,1166.08,1165.67,1166.08,0.04,39.83,46534.59,1
2024-01-23,2024-01-23 11:48:00,1166.08,1166.49,1166.08,1166.49,0.04,39.83,46534.59,1
2024-01-23,2024-01-23 11:49:00,1166.49,1166.89,1166.49,1166.89,0.03,39.83,46534.59,1
2024-01-23,2024-01-23 11:50:00,1166.89,1167.3,1166.89,1167.3,0.04,39.83,46534.59,1
2024-01-23,2024-01-23 11:51:00,1167.3,1167.7,1167.3,1167.7,0.03,39.83,46534.59,1
2024-01-23,2024-01-23 11:52:00,1167.7,1168.11,1167.7,1168.11,0.04,39.83,46534.59,1
2024-01-23,2024-01-23 11:53:00,1168.11,1168.51,1168.11,1168.51,0.03,39.83,46534.59,1
2024-01-23,2024-01-23 11:54:00,1168.51,1168.92,1168.51,1168.92,0.04,39.83,46534.59,1
2024-01-23,2024-01-23 11:55:00,1168.92,1169.33,1168.92,1169.33,0.04,39.83,46534.59,1
2024-01-23,2024-01-23 11:56:00,1169.33,1169.73,1169.33,1169.73,0.03,39.83,46534.59,1
2024-01-23,2024-01-23 11:57:00,1169.73,1170.14,1169.73,1170.14,0.04,39.83,46534.59,1
2024-01-23,2024-01-23 11:58:00,1170.14,1170.54,1170.14,1170.54,0.03,39.83,46534.59,1
2024-01-23,2024-01-23 11:59:00,1170.54,1170.95,1170.54,1170.95,0.04,39.83,46534.59,1
2024-01-23,2024-01-23 12:00:00,1170.95,1171.36,1170.95,1171.36,0.04,39.83,46534.59,1
2024-01-23,2024-01-23 12:01:00,1171.36,1171.76,1171.36,1171.76,0.03,39.83,46534.59,1
2024-01-23,2024-01-23 12:02:00,1171.76,1172.17,1171.76,1172.17,0.03,39.83,46534.59,1
2024-01-23,2024-01-23 12:03:00,1172.17,1172.57,1172.17,1172.57,0.03,39.83,46534.59,1
2024-01-23,2024-01-23 12:04:00,1172.57,1172.98,1172.57,1172.98,0.03,39.83,46534.59,1
2024-01-23,2024-01-23 12:05:00,1172.98,1173.38,1172.98,1173.38,0.03,39.83,46534.59,1
2024-01-23,2024-01-23 12:06:00,1173.38,1173.79,1173.38,1173.79,0.03,39.83,46534.59,1
2024-01-23,2024-01-23 12:07:00,1173.79,1174.2,1173.79,1174.2,0.03,39.83,46534.59,1
2024-01-23,2024-01-23 12:08:00,1174.2,1174.6,1174.2,1174.6,0.03,39.83,46534.59,1
2024-01-23,2024-01-23 12:09:00,1174.6,1175.01,1174.6,1175.01,0.03,39.83,46534.59,1
2024-01-23,2024-01-23 12:10:00,1175.01,1175.41,1175.01,1175.41,0.03,39.83,46534.59,1
2024-01-23,2024-01-23 12:11:00,1175.41,1175.82,1175.41,1175.82,0.03,39.83,46534.59,1
2024-01-23,2024-01-23 12:12:00,1175.82,1176.23,1175.82,1176.23,0.03,39.83,46534.59,1
2024-01-23,2024-01-23 12:13:00,1176.23,1176.63,1176.23,1176.63,0.03,39.83,46534.59,1
2024-01-23,2024-01-23 12:14:00,1176.63,1177.04,1176.63,1177.04,0.03,39.83,46534.59,1
2024-01-23,2024-01-23 12:15:00,1177.04,1177.44,1177.04,1177.44,0.03,39.83,46534.59,1
2024-01-23,2024-01-23 12:16:00,1177.44,1177.85,1177.44,1177.85,0.03,39.83,46534.59,1
2024-01-23,2024-01-23 12:17:00,1177.85,1178.25,1177.85,1178.25,0.03,39.83,46534.59,1
2024-01-23,2024-01-23 12:18:00,1178.25,1178.66,1178.25,1178.66,0.03,39.83,46534.59,1
2024-01-23,2024-01-23 12:19:00,1178.66,1179.07,1178.66,1179.07,0.03,39.83,46534.59,1
2024-01-23,2024-01-23 12:20:00,1179.07,1179.47,1179.07,1179.47,0.03,39.83,46534.59,1
2024-01-23,2024-01-23 12:21:00,1179.47,1179.88,1179.47,1179.88,0.03,39.83,46534.59,1
2024-01-23,2024-01-23 12:22:00,1179.88,1180.28,1179.88,1180.28,0.03,39.83,46534.59,1
2024-01-23,2024-01-23 12:23:00,1180.28,1180.69,1180.28,1180.69,0.03,39.83,46534.59,1
2024-01-23,2024-01-23 12:24:00,1180.69,1181.1,1180.69,1181.1,0.03,39.83,46534.59,1
2024-01-23,2024-01-23 12:25:00,1181.1,1181.5,1181.1,1181.5,0.03,39.83,46534.59,1
2024-01-23,2024-01-23 12:26:00,1181.5,1181.91,1181.5,1181.91,0.03,39.83,46534.59,1
2024-01-23,2024-01-23 12:27:00,1181.91,1182.31,1181.91,1182.31,0.03,39.83,46534.59,1
2024-01-23,2024-01-23 12:28:00,1182.31,1182.72,1182.31,1182.72,0.03,39.83,46534.59,1
2024-01-23,2024-01-23 12:29:00,1182.72,1183.12,1182.72,1183.12,0.03,39.83,46534.59,1
2024-01-23,2024-01-23 12:30:00,1183.12,1183.53,1183.12,1183.53,0.03,39.83,46534.59,1
2024-01-23,2024-01-23 12:31:00,1183.53,1183.94,1183.53,1183.94,0.03,39.83,46534.59,1
2024-01-23,2024-01-23 12:32:00,1183.94,1184.34,1183.94,1184.34,0.03,39.83,46534.59,1
2024-01-23,2024-01-23 12:33:00,1184.34,1184.75,1184.34,1184.75,0.03,39.83,46534.59,1
2024-01-23,2024-01-23 12:34:00,1184.75,1185.15,1184.75,1185.15,0.03,39.83,46534.59,1
2024-01-23,2024-01-23 12:35:00,1185.15,1185.56,1185.15,1185.56,0.03,39.83,46534.59,1
2024-01-23,2024-01-23 12:36:00,1185.56,1185.97,1185.56,1185.97,0.03,39.83,46534.59,1
2024-01-23,2024-01-23 12:37:00,1185.97,1186.37,1185.97,1186.37,0.03,39.83,46534.59,1
2024-01-23,2024-01-23 12:38:00,1186.37,1186.78,1186.37,1186.78,0.03,39.83,46534.59,1
2024-01-23,2024-01-23 12:39:00,1186.78,1187.18,1186.78,1187.18,0.03,39.83,46534.59,1
2024-01-23,2024-01-23 12:40:00,1187.18,1187.59,1187.18,1187.59,0.03,39.83,46534.59,1
2024-01-23,2024-01-23 12:41:00,1187.59,1187.99,1187.59,1187.99,0.03,39.83,46534.59,1
2024-01-23,2024-01-23 12:42:00,1187.99,1188.4,1187.99,1188.4,0.03,39.83,46534.59,1
2024-01-23,2024-01-23 12:43:00,1188.4,1188.81,1188.4,1188.81,0.03,39.83,46534.59,1
2024-01-23,2024-01-23 12:44:00,1188.81,1189.21,1188.81,1189.21,0.03,39.83,46534.59,1
2024-01-23,2024-01-23 12:45:00,1189.21,1189.62,1189.21,1189.62,0.03,39.83,46534.59,1
2024-01-23,2024-01-23 12:46:00,1189.62,1190.02,1189.62,1190.02,0.03,39.83,46534.59,1
2024-01-23,2024-01-23 12:47:00,1190.02,1190.43,1190.02,1190.43,0.03,39.83,46534.59,1
2024-01-23,2024-01-23 12:48:00,1190.43,1190.84,1190.43,1190.84,0.03,39.83,46534.59,1
2024-01-23,2024-01-23 12:49:00,1190.84,1191.24,1190.84,1191.24,0.03,39.83,46534.59,1
2024-01-23,2024-01-23 12:50:00,1191.24,1191.65,1191.24,1191.65,0.03,39.83,46534.59,1
2024-01-23,2024-01-23 12:51:00,1191.65,1192.05,1191.65,1192.05,0.03,39.83,46534.59,1
2024-01-23,2024-01-23 12:52:00,1192.05,1192.46,1192.05,1192.46,0.03,39.83,46534.59,1
2024-01-23,2024-01-23 12:53:00,1192.46,1192.87,1192.46,1192.87,0.03,39.83,46534.59,1
2024-01-23,2024-01-23 12:54:00,1192.87,1193.27,1192.87,1193.27,0.03,39.83,46534.59,1
2024-01-23,2024-01-23 12:55:00,1193.27,1193.68,1193.27,1193.68,0.03,39.83,46534.59,1
2024-01-23,2024-01-23 12:56:00,1193.68,1194.08,1193.68,1194.08,0.03,39.83,46534.59,1
2024-01-23,2024-01-23 12:57:00,1194.08,1194.49,1194.08,1194.49,0.03,39.83,46534.59,1
2024-01-23,2024-01-23 12:58:00,1194.49,1194.89,1194.49,1194.89,0.03,39.83,46534.59,1
2024-01-23,2024-01-23 12:59:00,1194.89,1195.3,1194.89,1195.3,0.03,39.83,46534.59,1
2024-01-23,2024-01-23 13:00:00,1195.3,1260.0,1123.7,1195.71,0.03,39.83,46534.59,1
2024-01-23,2024-01-23 13:01:00,1195.71,1196.11,1195.71,1196.11,0.03,39.83,46534.59,1
2024-01-23,2024-01-23 13:02:00,1196.11,1196.52,1196.11,1196.52,0.03,39.83,46534.59,1
2024-01-23,2024-01-23 13:03:00,1196.52,1196.92,1196.52,1196.92,0.03,39.83,46534.59,1
2024-01-23,2024-01-23 13:04:00,1196.92,1197.33,1196.92,1197.33,0.03,39.83,46534.59,1
2024-01-23,2024-01-23 13:05:00,1197.33,1197.73,1197.33,1197.73,0.03,39.83,46534.59,1
2024-01-23,2024-01-23 13:06:00,1197.73,1198.14,1197.73,1198.14,0.03,39.83,46534.59,1
2024-01-23,2024-01-23 13:07:00,1198.14,1198.55,1198.14,1198.55,0.03,39.83,46534.59,1
2024-01-23,2024-01-23 13:08:00,1198.55,1198.95,1198.55,1198.95,0.03,39.83,46534.59,1
2024-01-23,2024-01-23 13:09:00,1198.95,1199.36,1198.95,1199.36,0.03,39.83,46534.59,1
2024-01-23,2024-01-23 13:10:00,1199.36,1199.76,1199.36,1199.76,0.03,39.83,46534.59,1
2024-01-23,2024-01-23 13:11:00,1199.76,1200.17,1199.76,1200.17,0.03,39.83,46534.59,1
2024-01-23,2024-01-23 13:12:00,1200.17,1200.58,1200.17,1200.58,0.03,39.83,46534.59,1
2024-01-23,2024-01-23 13:13:00,1200.58,1200.98,1200.58,1200.98,0.03,39.83,46534.59,1
2024-01-23,2024-01-23 13:14:00,1200.98,1201.39,1200.98,1201.39,0.03,39.83,46534.59,1
2024-01-23,2024-01-23 13:15:00,1201.39,1201.79,1201.39,1201.79,0.03,39.83,46534.59,1
2024-01-23,2024-01-23 13:16:00,1201.79,1202.2,1201.79,1202.2,0.03,39.83,46534.59,1
2024-01-23,2024-01-23 13:17:00,1202.2,1202.61,1202.2,1202.61,0.03,39.83,46534.59,1
2024-01-23,2024-01-23 13:18:00,1202.61,1203.01,1202.61,1203.01,0.03,39.83,46534.59,1
2024-01-23,2024-01-23 13:19:00,1203.01,1203.42,1203.01,1203.42,0.03,39.83,46534.59,1
2024-01-23,2024-01-23 13:20:00,1203.42,1203.82,1203.42,1203.82,0.03,39.83,46534.59,1
2024-01-23,2024-01-23 13:21:00,1203.82,1204.23,1203.82,1204.23,0.03,39.83,46534.59,1
2024-01-23,2024-01-23 13:22:00,1204.23,1204.63,1204.23,1204.63,0.03,39.83,46534.59,1
2024-01-23,2024-01-23 13:23:00,1204.63,1205.04,1204.63,1205.04,0.03,39.83,46534.59,1
2024-01-23,2024-01-23 13:24:00,1205.04,1205.45,1205.04,1205.45,0.03,39.83,46534.59,1
2024-01-23,2024-01-23 13:25:00,1205.45,1205.85,1205.45,1205.85,0.03,39.83,46534.59,1
2024-01-23,2024-01-23 13:26:00,1205.85,1206.26,1205.85,1206.26,0.03,39.83,46534.59,1
2024-01-23,2024-01-23 13:27:00,1206.26,1206.66,1206.26,1206.66,0.03,39.83,46534.59,1
2024-01-23,2024-01-23 13:28:00,1206.66,1207.07,1206.66,1207.07,0.03,39.83,46534.59,1
2024-01-23,2024-01-23 13:29:00,1207.07,1207.47,1207.07,1207.47,0.03,39.83,46534.59,1
2024-01-23,2024-01-23 13:30:00,1207.47,1207.88,1207.47,1207.88,0.03,39.83,46534.59,1
2024-01-23,2024-01-23 13:31:00,1207.88,1208.29,1207.88,1208.29,0.03,39.83,46534.59,1
2024-01-23,2024-01-23 13:32:00,1208.29,1208.69,1208.29,1208.69,0.03,39.83,46534.59,1
2024-01-23,2024-01-23 13:33:00,1208.69,1209.1,1208.69,1209.1,0.03,39.83,46534.59,1
2024-01-23,2024-01-23 13:34:00,1209.1,1209.5,1209.1,1209.5,0.03,39.83,46534.59,1
2024-01-23,2024-01-23 13:35:00,1209.5,1209.91,1209.5,1209.91,0.03,39.83,46534.59,1
2024-01-23,2024-01-23 13:36:00,1209.91,1210.32,1209.91,1210.32,0.03,39.83,46534.59,1
2024-01-23,2024-01-23 13:37:00,1210.32,1210.72,1210.32,1210.72,0.03,39.83,46534.59,1
2024-01-23,2024-01-23 13:38:00,1210.72,1211.13,1210.72,1211.13,0.03,39.83,46534.59,1
2024-01-23,2024-01-23 13:39:00,1211.13,1211.53,1211.13,1211.53,0.03,39.83,46534.59,1
2024-01-23,2024-01-23 13:40:00,1211.53,1211.94,1211.53,1211.94,0.03,39.83,46534.59,1
2024-01-23,2024-01-23 13:41:00,1211.94,1212.35,1211.94,1212.35,0.03,39.83,46534.59,1
2024-01-23,2024-01-23 13:42:00,1212.35,1212.75,1212.35,1212.75,0.03,39.83,46534.59,1
2024-01-23,2024-01-23 13:43:00,1212.75,1213.16,1212.75,1213.16,0.03,39.83,46534.59,1
2024-01-23,2024-01-23 13:44:00,1213.16,1213.56,1213.16,1213.56,0.03,39.83,46534.59,1
2024-01-23,2024-01-23 13:45:00,1213.56,1213.97,1213.56,1213.97,0.03,39.83,46534.59,1
2024-01-23,2024-01-23 13:46:00,1213.97,1214.37,1213.97,1214.37,0.03,39.83,46534.59,1
2024-01-23,2024-01-23 13:47:00,1214.37,1214.78,1214.37,1214.78,0.03,39.83,46534.59,1
2024-01-23,2024-01-23 13:48:00,1214.78,1215.19,1214.78,1215.19,0.03,39.83,46534.59,1
2024-01-23,2024-01-23 13:49:00,1215.19,1215.59,1215.19,1215.59,0.03,39.83,46534.59,1
2024-01-23,2024-01-23 13:50:00,1215.59,1216.0,1215.59,1216.0,0.03,39.83,46534.59,1
2024-01-23,2024-01-23 13:51:00,1216.0,1216.4,1216.0,1216.4,0.03,39.83,46534.59,1
2024-01-23,2024-01-23 13:52:00,1216.4,1216.81,1216.4,1216.81,0.03,39.83,46534.59,1
2024-01-23,2024-01-23 13:53:00,1216.81,1217.21,1216.81,1217.21,0.03,39.83,46534.59,1
2024-01-23,2024-01-23 13:54:00,1217.21,1217.62,1217.21,1217.62,0.03,39.83,46534.59,1
2024-01-23,2024-01-23 13:55:00,1217.62,1218.03,1217.62,1218.03,0.03,39.83,46534.59,1
2024-01-23,2024-01-23 13:56:00,1218.03,1218.43,1218.03,1218.43,0.03,39.83,46534.59,1
2024-01-23,2024-01-23 13:57:00,1218.43,1218.84,1218.43,1218.84,0.03,39.83,46534.59,1
2024-01-23,2024-01-23 13:58:00,1218.84,1219.24,1218.84,1219.24,0.03,39.83,46534.59,1
2024-01-23,2024-01-23 13:59:00,1219.24,1219.65,1219.24,1219.65,0.03,39.83,46534.59,1
2024-01-23,2024-01-23 14:00:00,1219.65,1220.06,1219.65,1220.06,0.03,39.83,46534.59,1
2024-01-23,2024-01-23 14:01:00,1220.06,1220.46,1220.06,1220.46,0.03,39.83,46534.59,1
2024-01-23,2024-01-23 14:02:00,1220.46,1220.87,1220.46,1220.87,0.03,39.83,46534.59,1
2024-01-23,2024-01-23 14:03:00,1220.87,1221.27,1220.87,1221.27,0.03,39.83,46534.59,1
2024-01-23,2024-01-23 14:04:00,1221.27,1221.68,1221.27,1221.68,0.03,39.83,46534.59,1
2024-01-23,2024-01-23 14:05:00,1221.68,1222.09,1221.68,1222.09,0.03,39.83,46534.59,1
2024-01-23,2024-01-23 14:06:00,1222.09,1222.49,1222.09,1222.49,0.03,39.83,46534.59,1
2024-01-23,2024-01-23 14:07:00,1222.49,1222.9,1222.49,1222.9,0.03,39.83,46534.59,1
2024-01-23,2024-01-23 14:08:00,1222.9,1223.3,1222.9,1223.3,0.03,39.83,46534.59,1
2024-01-23,2024-01-23 14:09:00,1223.3,1223.71,1223.3,1223.71,0.03,39.83,46534.59,1
2024-01-23,2024-01-23 14:10:00,1223.71,1224.11,1223.71,1224.11,0.03,39.83,46534.59,1
2024-01-23,2024-01-23 14:11:00,1224.11,1224.52,1224.11,1224.52,0.03,39.83,46534.59,1
2024-01-23,2024-01-23 14:12:00,1224.52,1224.93,1224.52,1224.93,0.03,39.83,46534.59,1
2024-01-23,2024-01-23 14:13:00,1224.93,1225.33,1224.93,1225.33,0.03,39.83,46534.59,1
2024-01-23,2024-01-23 14:14:00,1225.33,1225.74,1225.33,1225.74,0.03,39.83,46534.59,1
2024-01-23,2024-01-23 14:15:00,1225.74,1226.14,1225.74,1226.14,0.03,39.83,46534.59,1
2024-01-23,2024-01-23 14:16:00,1226.14,1226.55,1226.14,1226.55,0.03,39.83,46534.59,1
2024-01-23,2024-01-23 14:17:00,1226.55,1226.95,1226.55,1226.95,0.03,39.83,46534.59,1
2024-01-23,2024-01-23 14:18:00,1226.95,1227.36,1226.95,1227.36,0.03,39.83,46534.59,1
2024-01-23,2024-01-23 14:19:00,1227.36,1227.77,1227.36,1227.77,0.03,39.83,46534.59,1
2024-01-23,2024-01-23 14:20:00,1227.77,1228.17,1227.77,1228.17,0.03,39.83,46534.59,1
2024-01-23,2024-01-23 14:21:00,1228.17,1228.58,1228.17,1228.58,0.03,39.83,46534.59,1
2024-01-23,2024-01-23 14:22:00,1228.58,1228.98,1228.58,1228.98,0.03,39.83,46534.59,1
2024-01-23,2024-01-23 14:23:00,1228.98,1229.39,1228.98,1229.39,0.03,39.83,46534.59,1
2024-01-23,2024-01-23 14:24:00,1229.39,1229.8,1229.39,1229.8,0.03,39.83,46534.59,1
2024-01-23,2024-01-23 14:25:00,1229.8,1230.2,1229.8,1230.2,0.03,39.83,46534.59,1
2024-01-23,2024-01-23 14:26:00,1230.2,1230.61,1230.2,1230.61,0.03,39.83,46534.59,1
2024-01-23,2024-01-23 14:27:00,1230.61,1231.01,1230.61,1231.01,0.03,39.83,46534.59,1
2024-01-23,2024-01-23 14:28:00,1231.01,1231.42,1231.01,1231.42,0.03,39.83,46534.59,1
2024-01-23,2024-01-23 14:29:00,1231.42,1231.83,1231.42,1231.83,0.03,39.83,46534.59,1
2024-01-23,2024-01-23 14:30:00,1231.83,1232.23,1231.83,1232.23,0.03,39.83,46534.59,1
2024-01-23,2024-01-23 14:31:00,1232.23,1232.64,1232.23,1232.64,0.03,39.83,46534.59,1
2024-01-23,2024-01-23 14:32:00,1232.64,1233.04,1232.64,1233.04,0.03,39.83,46534.59,1
2024-01-23,2024-01-23 14:33:00,1233.04,1233.45,1233.04,1233.45,0.03,39.83,46534.59,1
2024-01-23,2024-01-23 14:34:00,1233.45,1233.85,1233.45,1233.85,0.03,39.83,46534.59,1
2024-01-23,2024-01-23 14:35:00,1233.85,1234.26,1233.85,1234.26,0.03,39.83,46534.59,1
2024-01-23,2024-01-23 14:36:00,1234.26,1234.67,1234.26,1234.67,0.03,39.83,46534.59,1
2024-01-23,2024-01-23 14:37:00,1234.67,1235.07,1234.67,1235.07,0.03,39.83,46534.59,1
2024-01-23,2024-01-23 14:38:00,1235.07,1235.48,1235.07,1235.48,0.03,39.83,46534.59,1
2024-01-23,2024-01-23 14:39:00,1235.48,1235.88,1235.48,1235.88,0.03,39.83,46534.59,1
2024-01-23,2024-01-23 14:40:00,1235.88,1236.29,1235.88,1236.29,0.03,39.83,46534.59,1
2024-01-23,2024-01-23 14:41:00,1236.29,1236.69,1236.29,1236.69,0.03,39.83,46534.59,1
2024-01-23,2024-01-23 14:42:00,1236.69,1237.1,1236.69,1237.1,0.03,39.83,46534.59,1
2024-01-23,2024-01-23 14:43:00,1237.1,1237.51,1237.1,1237.51,0.03,39.83,46534.59,1
2024-01-23,2024-01-23 14:44:00,1237.51,1237.91,1237.51,1237.91,0.03,39.83,46534.59,1
2024-01-23,2024-01-23 14:45:00,1237.91,1238.32,1237.91,1238.32,0.03,39.83,46534.59,1
2024-01-23,2024-01-23 14:46:00,1238.32,1238.72,1238.32,1238.72,0.03,39.83,46534.59,1
2024-01-23,2024-01-23 14:47:00,1238.72,1239.13,1238.72,1239.13,0.03,39.83,46534.59,1
2024-01-23,2024-01-23 14:48:00,1239.13,1239.54,1239.13,1239.54,0.03,39.83,46534.59,1
2024-01-23,2024-01-23 14:49:00,1239.54,1239.94,1239.54,1239.94,0.03,39.83,46534.59,1
2024-01-23,2024-01-23 14:50:00,1239.94,1240.35,1239.94,1240.35,0.03,39.83,46534.59,1
2024-01-23,2024-01-23 14:51:00,1240.35,1240.75,1240.35,1240.75,0.03,39.83,46534.59,1
2024-01-23,2024-01-23 14:52:00,1240.75,1241.16,1240.75,1241.16,0.03,39.83,46534.59,1
2024-01-23,2024-01-23 14:53:00,1241.16,1241.57,1241.16,1241.57,0.03,39.83,46534.59,1
2024-01-23,2024-01-23 14:54:00,1241.57,1241.97,1241.57,1241.97,0.03,39.83,46534.59,1
2024-01-23,2024-01-23 14:55:00,1241.97,1242.38,1241.97,1242.38,0.03,39.83,46534.59,1
2024-01-23,2024-01-23 14:56:00,1242.38,1242.78,1242.38,1242.78,0.03,39.83,46534.59,1
2024-01-23,2024-01-23 14:57:00,1242.78,1243.19,1242.78,1243.19,0.03,39.83,46534.59,1
2024-01-23,2024-01-23 14:58:00,1243.19,1243.59,1243.19,1243.59,0.03,39.83,46534.59,1
2024-01-23,2024-01-23 14:59:00,1243.59,1244.0,1243.59,1244.0,0.03,39.83,46534.59,1
2024-01-23,2024-01-23 15:00:00,1244.0,1260.0,1123.7,1244.0,0.0,39.83,46534.59,0
2024-01-24,2024-01-24 11:00:00,1219.2,1219.2,1204.44,1219.04,-0.01,43.24,51350.94,-1
2024-01-24,2024-01-24 11:01:00,1219.04,1219.04,1218.87,1218.87,-0.01,43.24,51350.94,-1
2024-01-24,2024-01-24 11:02:00,1218.87,1218.87,1218.71,1218.71,-0.01,43.24,51350.94,-1
2024-01-24,2024-01-24 11:03:00,1218.71,1218.71,1218.55,1218.55,-0.01,43.24,51350.94,-1
2024-01-24,2024-01-24 11:04:00,1218.55,1218.55,1218.38,1218.38,-0.01,43.24,51350.94,-1
2024-01-24,2024-01-24 11:05:00,1218.38,1218.38,1218.22,1218.22,-0.01,43.24,51350.94,-1
2024-01-24,2024-01-24 11:06:00,1218.22,1218.22,1218.06,1218.06,-0.01,43.24,51350.94,-1
2024-01-24,2024-01-24 11:07:00,1218.06,1218.06,1217.89,1217.89,-0.01,43.24,51350.94,-1
2024-01-24,2024-01-24 11:08:00,1217.89,1217.89,1217.73,1217.73,-0.01,43.24,51350.94,-1
2024-01-24,2024-01-24 11:09:00,1217.73,1217.73,1217.57,1217.57,-0.01,43.24,51350.94,-1
2024-01-24,2024-01-24 11:10:00,1217.57,1217.57,1217.4,1217.4,-0.01,43.24,51350.94,-1
2024-01-24,2024-01-24 11:11:00,1217.4,1217.4,1217.24,1217.24,-0.01,43.24,51350.94,-1
2024-01-24,2024-01-24 11:12:00,1217.24,1217.24,1217.08,1217.08,-0.01,43.24,51350.94,-1
2024-01-24,2024-01-24 11:13:00,1217.08,1217.08,1216.91,1216.91,-0.01,43.24,51350.94,-1
2024-01-24,2024-01-24 11:14:00,1216.91,1216.91,1216.75,1216.75,-0.01,43.24,51350.94,-1
2024-01-24,2024-01-24 11:15:00,1216.75,1216.75,1216.59,1216.59,-0.01,43.24,51350.94,-1
2024-01-24,2024-01-24 11:16:00,1216.59,1216.59,1216.42,1216.42,-0.01,43.24,51350.94,-1
2024-01-24,2024-01-24 11:17:00,1216.42,1216.42,1216.26,1216.26,-0.01,43.24,51350.94,-1
2024-01-24,2024-01-24 11:18:00,1216.26,1216.26,1216.1,1216.1,-0.01,43.24,51350.94,-1
2024-01-24,2024-01-24 11:19:00,1216.1,1216.1,1215.93,1215.93,-0.01,43.24,51350.94,-1
2024-01-24,2024-01-24 11:20:00,1215.93,1215.93,1215.77,1215.77,-0.01,43.24,51350.94,-1
2024-01-24,2024-01-24 11:21:00,1215.77,1215.77,1215.61,1215.61,-0.01,43.24,51350.94,-1
2024-01-24,2024-01-24 11:22:00,1215.61,1215.61,1215.44,1215.44,-0.01,43.24,51350.94,-1
2024-01-24,2024-01-24 11:23:00,1215.44,1215.44,1215.28,1215.28,-0.01,43.24,51350.94,-1
2024-01-24,2024-01-24 11:24:00,1215.28,1215.28,1215.12,1215.12,-0.01,43.24,51350.94,-1
2024-01-24,2024-01-24 11:25:00,1215.12,1215.12,1214.95,1214.95,-0.01,43.24,51350.94,-1
2024-01-24,2024-01-24 11:26:00,1214.95,1214.95,1214.79,1214.79,-0.01,43.24,51350.94,-1
2024-01-24,2024-01-24 11:27:00,1214.79,1214.79,1214.63,1214.63,-0.01,43.24,51350.94,-1
2024-01-24,2024-01-24 11:28:00,1214.63,1214.63,1214.46,1214.46,-0.01,43.24,51350.94,-1
2024-01-24,2024-01-24 11:29:00,1214.46,1214.46,1214.3,1214.3,-0.01,43.24,51350.94,-1
2024-01-24,2024-01-24 11:30:00,1214.3,1214.3,1214.14,1214.14,-0.01,43.24,51350.94,-1
2024-01-24,2024-01-24 11:31:00,1214.14,1214.14,1213.97,1213.97,-0.01,43.24,51350.94,-1
2024-01-24,2024-01-24 11:32:00,1213.97,1213.97,1213.81,1213.81,-0.01,43.24,51350.94,-1
2024-01-24,2024-01-24 11:33:00,1213.81,1213.81,1213.65,1213.65,-0.01,43.24,51350.94,-1
2024-01-24,2024-01-24 11:34:00,1213.65,1213.65,1213.48,1213.48,-0.01,43.24,51350.94,-1
2024-01-24,2024-01-24 11:35:00,1213.48,1213.48,1213.32,1213.32,-0.01,43.24,51350.94,-1
2024-01-24,2024-01-24 11:36:00,1213.32,1213.32,1213.16,1213.16,-0.01,43.24,51350.94,-1
2024-01-24,2024-01-24 11:37:00,1213.16,1213.16,1212.99,1212.99,-0.01,43.24,51350.94,-1
2024-01-24,2024-01-24 11:38:00,1212.99,1212.99,1212.83,1212.83,-0.01,43.24,51350.94,-1
2024-01-24,2024-01-24 11:39:00,1212.83,1212.83,1212.67,1212.67,-0.01,43.24,51350.94,-1
2024-01-24,2024-01-24 11:40:00,1212.67,1212.67,1212.5,1212.5,-0.01,43.24,51350.94,-1
2024-01-24,2024-01-24 11:41:00,1212.5,1212.5,1212.34,1212.34,-0.01,43.24,51350.94,-1
2024-01-24,2024-01-24 11:42:00,1212.34,1212.34,1212.18,1212.18,-0.01,43.24,51350.94,-1
2024-01-24,2024-01-24 11:43:00,1212.18,1212.18,1212.01,1212.01,-0.01,43.24,51350.94,-1
2024-01-24,2024-01-24 11:44:00,1212.01,1212.01,1211.85,1211.85,-0.01,43.24,51350.94,-1
2024-01-24,2024-01-24 11:45:00,1211.85,1211.85,1211.69,1211.69,-0.01,43.24,51350.94,-1
2024-01-24,2024-01-24 11:46:00,1211.69,1211.69,1211.52,1211.52,-0.01,43.24,51350.94,-1
2024-01-24,2024-01-24 11:47:00,1211.52,1211.52,1211.36,1211.36,-0.01,43.24,51350.94,-1
2024-01-24,2024-01-24 11:48:00,1211.36,1211.36,1211.2,1211.2,-0.01,43.24,51350.94,-1
2024-01-24,2024-01-24 11:49:00,1211.2,1211.2,1211.03,1211.03,-0.01,43.24,51350.94,-1
2024-01-24,2024-01-24 11:50:00,1211.03,1211.03,1210.87,1210.87,-0.01,43.24,51350.94,-1
2024-01-24,2024-01-24 11:51:00,1210.87,1210.87,1210.71,1210.71,-0.01,43.24,51350.94,-1
2024-01-24,2024-01-24 11:52:00,1210.71,1210.71,1210.54,1210.54,-0.01,43.24,51350.94,-1
2024-01-24,2024-01-24 11:53:00,1210.54,1210.54,1210.38,1210.38,-0.01,43.24,51350.94,-1
2024-01-24,2024-01-24 11:54:00,1210.38,1210.38,1210.22,1210.22,-0.01,43.24,51350.94,-1
2024-01-24,2024-01-24 11:55:00,1210.22,1210.22,1210.05,1210.05,-0.01,43.24,51350.94,-1
2024-01-24,2024-01-24 11:56:00,1210.05,1210.05,1209.89,1209.89,-0.01,43.24,51350.94,-1
2024-01-24,2024-01-24 11:57:00,1209.89,1209.89,1209.73,1209.73,-0.01,43.24,51350.94,-1
2024-01-24,2024-01-24 11:58:00,1209.73,1209.73,1209.56,1209.56,-0.01,43.24,51350.94,-1
2024-01-24,2024-01-24 11:59:00,1209.56,1209.56,1209.4,1209.4,-0.01,43.24,51350.94,-1
2024-01-24,2024-01-24 12:00:00,1209.4,1209.4,1209.24,1209.24,-0.01,43.24,51350.94,-1
2024-01-24,2024-01-24 12:01:00,1209.24,1209.24,1209.07,1209.07,-0.01,43.24,51350.94,-1
2024-01-24,2024-01-24 12:02:00,1209.07,1209.07,1208.91,1208.91,-0.01,43.24,51350.94,-1
2024-01-24,2024-01-24 12:03:00,1208.91,1208.91,1208.75,1208.75,-0.01,43.24,51350.94,-1
2024-01-24,2024-01-24 12:04:00,1208.75,1208.75,1208.58,1208.58,-0.01,43.24,51350.94,-1
2024-01-24,2024-01-24 12:05:00,1208.58,1208.58,1208.42,1208.42,-0.01,43.24,51350.94,-1
2024-01-24,2024-01-24 12:06:00,1208.42,1208.42,1208.26,1208.26,-0.01,43.24,51350.94,-1
2024-01-24,2024-01-24 12:07:00,1208.26,1208.26,1208.09,1208.09,-0.01,43.24,51350.94,-1
2024-01-24,2024-01-24 12:08:00,1208.09,1208.09,1207.93,1207.93,-0.01,43.24,51350.94,-1
2024-01-24,2024-01-24 12:09:00,1207.93,1207.93,1207.77,1207.77,-0.01,43.24,51350.94,-1
2024-01-24,2024-01-24 12:10:00,1207.77,1207.77,1207.6,1207.6,-0.01,43.24,51350.94,-1
2024-01-24,2024-01-24 12:11:00,1207.6,1207.6,1207.44,1207.44,-0.01,43.24,51350.94,-1
2024-01-24,2024-01-24 12:12:00,1207.44,1207.44,1207.28,1207.28,-0.01,43.24,51350.94,-1
2024-01-24,2024-01-24 12:13:00,1207.28,1207.28,1207.11,1207.11,-0.01,43.24,51350.94,-1
2024-01-24,2024-01-24 12:14:00,1207.11,1207.11,1206.95,1206.95,-0.01,43.24,51350.94,-1
2024-01-24,2024-01-24 12:15:00,1206.95,1206.95,1206.79,1206.79,-0.01,43.24,51350.94,-1
2024-01-24,2024-01-24 12:16:00,1206.79,1206.79,1206.62,1206.62,-0.01,43.24,51350.94,-1
2024-01-24,2024-01-24 12:17:00,1206.62,1206.62,1206.46,1206.46,-0.01,43.24,51350.94,-1
2024-01-24,2024-01-24 12:18:00,1206.46,1206.46,1206.3,1206.3,-0.01,43.24,51350.94,-1
2024-01-24,2024-01-24 12:19:00,1206.3,1206.3,1206.13,1206.13,-0.01,43.24,51350.94,-1
2024-01-24,2024-01-24 12:20:00,1206.13,1206.13,1205.97,1205.97,-0.01,43.24,51350.94,-1
2024-01-24,2024-01-24 12:21:00,1205.97,1205.97,1205.81,1205.81,-0.01,43.24,51350.94,-1
2024-01-24,2024-01-24 12:22:00,1205.81,1205.81,1205.64,1205.64,-0.01,43.24,51350.94,-1
2024-01-24,2024-01-24 12:23:00,1205.64,1205.64,1205.48,1205.48,-0.01,43.24,51350.94,-1
2024-01-24,2024-01-24 12:24:00,1205.48,1205.48,1205.32,1205.32,-0.01,43.24,51350.94,-1
2024-01-24,2024-01-24 12:25:00,1205.32,1205.32,1205.15,1205.15,-0.01,43.24,51350.94,-1
2024-01-24,2024-01-24 12:26:00,1205.15,1205.15,1204.99,1204.99,-0.01,43.24,51350.94,-1
2024-01-24,2024-01-24 12:27:00,1204.99,1204.99,1204.83,1204.83,-0.01,43.24,51350.94,-1
2024-01-24,2024-01-24 12:28:00,1204.83,1204.83,1204.66,1204.66,-0.01,43.24,51350.94,-1
2024-01-24,2024-01-24 12:29:00,1204.66,1204.66,1204.5,1204.5,-0.01,43.24,51350.94,-1
2024-01-24,2024-01-24 12:30:00,1204.5,1204.5,1204.34,1204.34,-0.01,43.24,51350.94,-1
2024-01-24,2024-01-24 12:31:00,1204.34,1204.34,1204.17,1204.17,-0.01,43.24,51350.94,-1
2024-01-24,2024-01-24 12:32:00,1204.17,1204.17,1204.01,1204.01,-0.01,43.24,51350.94,-1
2024-01-24,2024-01-24 12:33:00,1204.01,1204.01,1203.85,1203.85,-0.01,43.24,51350.94,-1
2024-01-24,2024-01-24 12:34:00,1203.85,1203.85,1203.68,1203.68,-0.01,43.24,51350.94,-1
2024-01-24,2024-01-24 12:35:00,1203.68,1203.68,1203.52,1203.52,-0.01,43.24,51350.94,-1
2024-01-24,2024-01-24 12:36:00,1203.52,1203.52,1203.36,1203.36,-0.01,43.24,51350.94,-1
2024-01-24,2024-01-24 12:37:00,1203.36,1203.36,1203.19,1203.19,-0.01,43.24,51350.94,-1
2024-01-24,2024-01-24 12:38:00,1203.19,1203.19,1203.03,1203.03,-0.01,43.24,51350.94,-1
2024-01-24,2024-01-24 12:39:00,1203.03,1203.03,1202.87,1202.87,-0.01,43.24,51350.94,-1
2024-01-24,2024-01-24 12:40:00,1202.87,1202.87,1202.7,1202.7,-0.01,43.24,51350.94,-1
2024-01-24,2024-01-24 12:41:00,1202.7,1202.7,1202.54,1202.54,-0.01,43.24,51350.94,-1
2024-01-24,2024-01-24 12:42:00,1202.54,1202.54,1202.38,1202.38,-0.01,43.24,51350.94,-1
2024-01-24,2024-01-24 12:43:00,1202.38,1202.38,1202.21,1202.21,-0.01,43.24,51350.94,-1
2024-01-24,2024-01-24 12:44:00,1202.21,1202.21,1202.05,1202.05,-0.01,43.24,51350.94,-1
2024-01-24,2024-01-24 12:45:00,1202.05,1202.05,1201.89,1201.89,-0.01,43.24,51350.94,-1
2024-01-24,2024-01-24 12:46:00,1201.89,1201.89,1201.72,1201.72,-0.01,43.24,51350.94,-1
2024-01-24,2024-01-24 12:47:00,1201.72,1201.72,1201.56,1201.56,-0.01,43.24,51350.94,-1
2024-01-24,2024-01-24 12:48:00,1201.56,1201.56,1201.4,1201.4,-0.01,43.24,51350.94,-1
2024-01-24,2024-01-24 12:49:00,1201.4,1201.4,1201.23,1201.23,-0.01,43.24,51350.94,-1
2024-01-24,2024-01-24 12:50:00,1201.23,1201.23,1201.07,1201.07,-0.01,43.24,51350.94,-1
2024-01-24,2024-01-24 12:51:00,1201.07,1201.07,1200.91,1200.91,-0.01,43.24,51350.94,-1
2024-01-24,2024-01-24 12:52:00,1200.91,1200.91,1200.74,1200.74,-0.01,43.24,51350.94,-1
2024-01-24,2024-01-24 12:53:00,1200.74,1200.74,1200.58,1200.58,-0.01,43.24,51350.94,-1
2024-01-24,2024-01-24 12:54:00,1200.58,1200.58,1200.42,1200.42,-0.01,43.24,51350.94,-1
2024-01-24,2024-01-24 12:55:00,1200.42,1200.42,1200.25,1200.25,-0.01,43.24,51350.94,-1
2024-01-24,2024-01-24 12:56:00,1200.25,1200.25,1200.09,1200.09,-0.01,43.24,51350.94,-1
2024-01-24,2024-01-24 12:57:00,1200.09,1200.09,1199.93,1199.93,-0.01,43.24,51350.94,-1
2024-01-24,2024-01-24 12:58:00,1199.93,1199.93,1199.76,1199.76,-0.01,43.24,51350.94,-1
2024-01-24,2024-01-24 12:59:00,1199.76,1199.76,1199.6,1199.6,-0.01,43.24,51350.94,-1
2024-01-24,2024-01-24 13:00:00,1199.6,1219.2,1170.0,1199.44,-0.01,43.24,51350.94,-1
2024-01-24,2024-01-24 13:01:00,1199.44,1199.44,1199.27,1199.27,-0.01,43.24,51350.94,-1
2024-01-24,2024-01-24 13:02:00,1199.27,1199.27,1199.11,1199.11,-0.01,43.24,51350.94,-1
2024-01-24,2024-01-24 13:03:00,1199.11,1199.11,1198.95,1198.95,-0.01,43.24,51350.94,-1
2024-01-24,2024-01-24 13:04:00,1198.95,1198.95,1198.78,1198.78,-0.01,43.24,51350.94,-1
2024-01-24,2024-01-24 13:05:00,1198.78,1198.78,1198.62,1198.62,-0.01,43.24,51350.94,-1
2024-01-24,2024-01-24 13:06:00,1198.62,1198.62,1198.46,1198.46,-0.01,43.24,51350.94,-1
2024-01-24,2024-01-24 13:07:00,1198.46,1198.46,1198.29,1198.29,-0.01,43.24,51350.94,-1
2024-01-24,2024-01-24 13:08:00,1198.29,1198.29,1198.13,1198.13,-0.01,43.24,51350.94,-1
2024-01-24,2024-01-24 13:09:00,1198.13,1198.13,1197.97,1197.97,-0.01,43.24,51350.94,-1
2024-01-24,2024-01-24 13:10:00,1197.97,1197.97,1197.8,1197.8,-0.01,43.24,51350.94,-1
2024-01-24,2024-01-24 13:11:00,1197.8,1197.8,1197.64,1197.64,-0.01,43.24,51350.94,-1
2024-01-24,2024-01-24 13:12:00,1197.64,1197.64,1197.48,1197.48,-0.01,43.24,51350.94,-1
2024-01-24,2024-01-24 13:13:00,1197.48,1197.48,1197.31,1197.31,-0.01,43.24,51350.94,-1
2024-01-24,2024-01-24 13:14:00,1197.31,1197.31,1197.15,1197.15,-0.01,43.24,51350.94,-1
2024-01-24,2024-01-24 13:15:00,1197.15,1197.15,1196.99,1196.99,-0.01,43.24,51350.94,-1
2024-01-24,2024-01-24 13:16:00,1196.99,1196.99,1196.82,1196.82,-0.01,43.24,51350.94,-1
2024-01-24,2024-01-24 13:17:00,1196.82,1196.82,1196.66,1196.66,-0.01,43.24,51350.94,-1
2024-01-24,2024-01-24 13:18:00,1196.66,1196.66,1196.5,1196.5,-0.01,43.24,51350.94,-1
2024-01-24,2024-01-24 13:19:00,1196.5,1196.5,1196.33,1196.33,-0.01,43.24,51350.94,-1
2024-01-24,2024-01-24 13:20:00,1196.33,1196.33,1196.17,1196.17,-0.01,43.24,51350.94,-1
2024-01-24,2024-01-24 13:21:00,1196.17,1196.17,1196.01,1196.01,-0.01,43.24,51350.94,-1
2024-01-24,2024-01-24 13:22:00,1196.01,1196.01,1195.84,1195.84,-0.01,43.24,51350.94,-1
2024-01-24,2024-01-24 13:23:00,1195.84,1195.84,1195.68,1195.68,-0.01,43.24,51350.94,-1
2024-01-24,2024-01-24 13:24:00,1195.68,1195.68,1195.52,1195.52,-0.01,43.24,51350.94,-1
2024-01-24,2024-01-24 13:25:00,1195.52,1195.52,1195.35,1195.35,-0.01,43.24,51350.94,-1
2024-01-24,2024-01-24 13:26:00,1195.35,1195.35,1195.19,1195.19,-0.01,43.24,51350.94,-1
2024-01-24,2024-01-24 13:27:00,1195.19,1195.19,1195.03,1195.03,-0.01,43.24,51350.94,-1
2024-01-24,2024-01-24 13:28:00,1195.03,1195.03,1194.86,1194.86,-0.01,43.24,51350.94,-1
2024-01-24,2024-01-24 13:29:00,1194.86,1194.86,1194.7,1194.7,-0.01,43.24,51350.94,-1
2024-01-24,2024-01-24 13:30:00,1194.7,1194.7,1194.54,1194.54,-0.01,43.24,51350.94,-1
2024-01-24,2024-01-24 13:31:00,1194.54,1194.54,1194.37,1194.37,-0.01,43.24,51350.94,-1
2024-01-24,2024-01-24 13:32:00,1194.37,1194.37,1194.21,1194.21,-0.01,43.24,51350.94,-1
2024-01-24,2024-01-24 13:33:00,1194.21,1194.21,1194.05,1194.05,-0.01,43.24,51350.94,-1
2024-01-24,2024-01-24 13:34:00,1194.05,1194.05,1193.88,1193.88,-0.01,43.24,51350.94,-1
2024-01-24,2024-01-24 13:35:00,1193.88,1193.88,1193.72,1193.72,-0.01,43.24,51350.94,-1
2024-01-24,2024-01-24 13:36:00,1193.72,1193.72,1193.56,1193.56,-0.01,43.24,51350.94,-1
2024-01-24,2024-01-24 13:37:00,1193.56,1193.56,1193.39,1193.39,-0.01,43.24,51350.94,-1
2024-01-24,2024-01-24 13:38:00,1193.39,1193.39,1193.23,1193.23,-0.01,43.24,51350.94,-1
2024-01-24,2024-01-24 13:39:00,1193.23,1193.23,1193.07,1193.07,-0.01,43.24,51350.94,-1
2024-01-24,2024-01-24 13:40:00,1193.07,1193.07,1192.9,1192.9,-0.01,43.24,51350.94,-1
2024-01-24,2024-01-24 13:41:00,1192.9,1192.9,1192.74,1192.74,-0.01,43.24,51350.94,-1
2024-01-24,2024-01-24 13:42:00,1192.74,1192.74,1192.58,1192.58,-0.01,43.24,51350.94,-1
2024-01-24,2024-01-24 13:43:00,1192.58,1192.58,1192.41,1192.41,-0.01,43.24,51350.94,-1
2024-01-24,2024-01-24 13:44:00,1192.41,1192.41,1192.25,1192.25,-0.01,43.24,51350.94,-1
2024-01-24,2024-01-24 13:45:00,1192.25,1192.25,1192.09,1192.09,-0.01,43.24,51350.94,-1
2024-01-24,2024-01-24 13:46:00,1192.09,1192.09,1191.92,1191.92,-0.01,43.24,51350.94,-1
2024-01-24,2024-01-24 13:47:00,1191.92,1191.92,1191.76,1191.76,-0.01,43.24,51350.94,-1
2024-01-24,2024-01-24 13:48:00,1191.76,1191.76,1191.6,1191.6,-0.01,43.24,51350.94,-1
2024-01-24,2024-01-24 13:49:00,1191.6,1191.6,1191.43,1191.43,-0.01,43.24,51350.94,-1
2024-01-24,2024-01-24 13:50:00,1191.43,1191.43,1191.27,1191.27,-0.01,43.24,51350.94,-1
2024-01-24,2024-01-24 13:51:00,1191.27,1191.27,1191.11,1191.11,-0.01,43.24,51350.94,-1
2024-01-24,2024-01-24 13:52:00,1191.11,1191.11,1190.94,1190.94,-0.01,43.24,51350.94,-1
2024-01-24,2024-01-24 13:53:00,1190.94,1190.94,1190.78,1190.78,-0.01,43.24,51350.94,-1
2024-01-24,2024-01-24 13:54:00,1190.78,1190.78,1190.62,1190.62,-0.01,43.24,51350.94,-1
2024-01-24,2024-01-24 13:55:00,1190.62,1190.62,1190.45,1190.45,-0.01,43.24,51350.94,-1
2024-01-24,2024-01-24 13:56:00,1190.45,1190.45,1190.29,1190.29,-0.01,43.24,51350.94,-1
2024-01-24,2024-01-24 13:57:00,1190.29,1190.29,1190.13,1190.13,-0.01,43.24,51350.94,-1
2024-01-24,2024-01-24 13:58:00,1190.13,1190.13,1189.96,1189.96,-0.01,43.24,51350.94,-1
2024-01-24,2024-01-24 13:59:00,1189.96,1189.96,1189.8,1189.8,-0.01,43.24,51350.94,-1
2024-01-24,2024-01-24 14:00:00,1189.8,1189.8,1189.64,1189.64,-0.01,43.24,51350.94,-1
2024-01-24,2024-01-24 14:01:00,1189.64,1189.64,1189.47,1189.47,-0.01,43.24,51350.94,-1
2024-01-24,2024-01-24 14:02:00,1189.47,1189.47,1189.31,1189.31,-0.01,43.24,51350.94,-1
2024-01-24,2024-01-24 14:03:00,1189.31,1189.31,1189.15,1189.15,-0.01,43.24,51350.94,-1
2024-01-24,2024-01-24 14:04:00,1189.15,1189.15,1188.98,1188.98,-0.01,43.24,51350.94,-1
2024-01-24,2024-01-24 14:05:00,1188.98,1188.98,1188.82,1188.82,-0.01,43.24,51350.94,-1
2024-01-24,2024-01-24 14:06:00,1188.82,1188.82,1188.66,1188.66,-0.01,43.24,51350.94,-1
2024-01-24,2024-01-24 14:07:00,1188.66,1188.66,1188.49,1188.49,-0.01,43.24,51350.94,-1
2024-01-24,2024-01-24 14:08:00,1188.49,1188.49,1188.33,1188.33,-0.01,43.24,51350.94,-1
2024-01-24,2024-01-24 14:09:00,1188.33,1188.33,1188.17,1188.17,-0.01,43.24,51350.94,-1
2024-01-24,2024-01-24 14:10:00,1188.17,1188.17,1188.0,1188.0,-0.01,43.24,51350.94,-1
2024-01-24,2024-01-24 14:11:00,1188.0,1188.0,1187.84,1187.84,-0.01,43.24,51350.94,-1
2024-01-24,2024-01-24 14:12:00,1187.84,1187.84,1187.68,1187.68,-0.01,43.24,51350.94,-1
2024-01-24,2024-01-24 14:13:00,1187.68,1187.68,1187.51,1187.51,-0.01,43.24,51350.94,-1
2024-01-24,2024-01-24 14:14:00,1187.51,1187.51,1187.35,1187.35,-0.01,43.24,51350.94,-1
2024-01-24,2024-01-24 14:15:00,1187.35,1187.35,1187.19,1187.19,-0.01,43.24,51350.94,-1
2024-01-24,2024-01-24 14:16:00,1187.19,1187.19,1187.02,1187.02,-0.01,43.24,51350.94,-1
2024-01-24,2024-01-24 14:17:00,1187.02,1187.02,1186.86,1186.86,-0.01,43.24,51350.94,-1
2024-01-24,2024-01-24 14:18:00,1186.86,1186.86,1186.7,1186.7,-0.01,43.24,51350.94,-1
2024-01-24,2024-01-24 14:19:00,1186.7,1186.7,1186.53,1186.53,-0.01,43.24,51350.94,-1
2024-01-24,2024-01-24 14:20:00,1186.53,1186.53,1186.37,1186.37,-0.01,43.24,51350.94,-1
2024-01-24,2024-01-24 14:21:00,1186.37,1186.37,1186.21,1186.21,-0.01,43.24,51350.94,-1
2024-01-24,2024-01-24 14:22:00,1186.21,1186.21,1186.04,1186.04,-0.01,43.24,51350.94,-1
2024-01-24,2024-01-24 14:23:00,1186.04,1186.04,1185.88,1185.88,-0.01,43.24,51350.94,-1
2024-01-24,2024-01-24 14:24:00,1185.88,1185.88,1185.72,1185.72,-0.01,43.24,51350.94,-1
2024-01-24,2024-01-24 14:25:00,1185.72,1185.72,1185.55,1185.55,-0.01,43.24,51350.94,-1
2024-01-24,2024-01-24 14:26:00,1185.55,1185.55,1185.39,1185.39,-0.01,43.24,51350.94,-1
2024-01-24,2024-01-24 14:27:00,1185.39,1185.39,1185.23,1185.23,-0.01,43.24,51350.94,-1
2024-01-24,2024-01-24 14:28:00,1185.23,1185.23,1185.06,1185.06,-0.01,43.24,51350.94,-1
2024-01-24,2024-01-24 14:29:00,1185.06,1185.06,1184.9,1184.9,-0.01,43.24,51350.94,-1
2024-01-24,2024-01-24 14:30:00,1184.9,1184.9,1184.74,1184.74,-0.01,43.24,51350.94,-1
2024-01-24,2024-01-24 14:31:00,1184.74,1184.74,1184.57,1184.57,-0.01,43.24,51350.94,-1
2024-01-24,2024-01-24 14:32:00,1184.57,1184.57,1184.41,1184.41,-0.01,43.24,51350.94,-1
2024-01-24,2024-01-24 14:33:00,1184.41,1184.41,1184.25,1184.25,-0.01,43.24,51350.94,-1
2024-01-24,2024-01-24 14:34:00,1184.25,1184.25,1184.08,1184.08,-0.01,43.24,51350.94,-1
2024-01-24,2024-01-24 14:35:00,1184.08,1184.08,1183.92,1183.92,-0.01,43.24,51350.94,-1
2024-01-24,2024-01-24 14:36:00,1183.92,1183.92,1183.76,1183.76,-0.01,43.24,51350.94,-1
2024-01-24,2024-01-24 14:37:00,1183.76,1183.76,1183.59,1183.59,-0.01,43.24,51350.94,-1
2024-01-24,2024-01-24 14:38:00,1183.59,1183.59,1183.43,1183.43,-0.01,43.24,51350.94,-1
2024-01-24,2024-01-24 14:39:00,1183.43,1183.43,1183.27,1183.27,-0.01,43.24,51350.94,-1
2024-01-24,2024-01-24 14:40:00,1183.27,1183.27,1183.1,1183.1,-0.01,43.24,51350.94,-1
2024-01-24,2024-01-24 14:41:00,1183.1,1183.1,1182.94,1182.94,-0.01,43.24,51350.94,-1
2024-01-24,2024-01-24 14:42:00,1182.94,1182.94,1182.78,1182.78,-0.01,43.24,51350.94,-1
2024-01-24,2024-01-24 14:43:00,1182.78,1182.78,1182.61,1182.61,-0.01,43.24,51350.94,-1
2024-01-24,2024-01-24 14:44:00,1182.61,1182.61,1182.45,1182.45,-0.01,43.24,51350.94,-1
2024-01-24,2024-01-24 14:45:00,1182.45,1182.45,1182.29,1182.29,-0.01,43.24,51350.94,-1
2024-01-24,2024-01-24 14:46:00,1182.29,1182.29,1182.12,1182.12,-0.01,43.24,51350.94,-1
2024-01-24,2024-01-24 14:47:00,1182.12,1182.12,1181.96,1181.96,-0.01,43.24,51350.94,-1
2024-01-24,2024-01-24 14:48:00,1181.96,1181.96,1181.8,1181.8,-0.01,43.24,51350.94,-1
2024-01-24,2024-01-24 14:49:00,1181.8,1181.8,1181.63,1181.63,-0.01,43.24,51350.94,-1
2024-01-24,2024-01-24 14:50:00,1181.63,1181.63,1181.47,1181.47,-0.01,43.24,51350.94,-1
2024-01-24,2024-01-24 14:51:00,1181.47,1181.47,1181.31,1181.31,-0.01,43.24,51350.94,-1
2024-01-24,2024-01-24 14:52:00,1181.31,1181.31,1181.14,1181.14,-0.01,43.24,51350.94,-1
2024-01-24,2024-01-24 14:53:00,1181.14,1181.14,1180.98,1180.98,-0.01,43.24,51350.94,-1
2024-01-24,2024-01-24 14:54:00,1180.98,1180.98,1180.82,1180.82,-0.01,43.24,51350.94,-1
2024-01-24,2024-01-24 14:55:00,1180.82,1180.82,1180.65,1180.65,-0.01,43.24,51350.94,-1
2024-01-24,2024-01-24 14:56:00,1180.65,1180.65,1180.49,1180.49,-0.01,43.24,51350.94,-1
2024-01-24,2024-01-24 14:57:00,1180.49,1180.49,1180.33,1180.33,-0.01,43.24,51350.94,-1
2024-01-24,2024-01-24 14:58:00,1180.33,1180.33,1180.16,1180.16,-0.01,43.24,51350.94,-1
2024-01-24,2024-01-24 14:59:00,1180.16,1180.16,1180.0,1180.0,-0.01,43.24,51350.94,-1
2024-01-24,2024-01-24 15:00:00,1180.0,1219.2,1170.0,1180.0,0.0,43.24,51350.94,0
2024-01-25,2024-01-25 11:00:00,1200.0,1200.0,1184.4,1199.84,-0.01,18.62,21552.42,-1
2024-01-25,2024-01-25 11:01:00,1199.84,1199.84,1199.68,1199.68,-0.01,18.62,21552.42,-1
2024-01-25,2024-01-25 11:02:00,1199.68,1199.68,1199.53,1199.53,-0.01,18.62,21552.42,-1
2024-01-25,2024-01-25 11:03:00,1199.53,1199.53,1199.37,1199.37,-0.01,18.62,21552.42,-1
2024-01-25,2024-01-25 11:04:00,1199.37,1199.37,1199.21,1199.21,-0.01,18.62,21552.42,-1
2024-01-25,2024-01-25 11:05:00,1199.21,1199.21,1199.05,1199.05,-0.01,18.62,21552.42,-1
2024-01-25,2024-01-25 11:06:00,1199.05,1199.05,1198.89,1198.89,-0.01,18.62,21552.42,-1
2024-01-25,2024-01-25 11:07:00,1198.89,1198.89,1198.73,1198.73,-0.01,18.62,21552.42,-1
2024-01-25,2024-01-25 11:08:00,1198.73,1198.73,1198.58,1198.58,-0.01,18.62,21552.42,-1
2024-01-25,2024-01-25 11:09:00,1198.58,1198.58,1198.42,1198.42,-0.01,18.62,21552.42,-1
2024-01-25,2024-01-25 11:10:00,1198.42,1198.42,1198.26,1198.26,-0.01,18.62,21552.42,-1
2024-01-25,2024-01-25 11:11:00,1198.26,1198.26,1198.1,1198.1,-0.01,18.62,21552.42,-1
2024-01-25,2024-01-25 11:12:00,1198.1,1198.1,1197.94,1197.94,-0.01,18.62,21552.42,-1
2024-01-25,2024-01-25 11:13:00,1197.94,1197.94,1197.78,1197.78,-0.01,18.62,21552.42,-1
2024-01-25,2024-01-25 11:14:00,1197.78,1197.78,1197.62,1197.62,-0.01,18.62,21552.42,-1
2024-01-25,2024-01-25 11:15:00,1197.62,1197.62,1197.47,1197.47,-0.01,18.62,21552.42,-1
2024-01-25,2024-01-25 11:16:00,1197.47,1197.47,1197.31,1197.31,-0.01,18.62,21552.42,-1
2024-01-25,2024-01-25 11:17:00,1197.31,1197.31,1197.15,1197.15,-0.01,18.62,21552.42,-1
2024-01-25,2024-01-25 11:18:00,1197.15,1197.15,1196.99,1196.99,-0.01,18.62,21552.42,-1
2024-01-25,2024-01-25 11:19:00,1196.99,1196.99,1196.83,1196.83,-0.01,18.62,21552.42,-1
2024-01-25,2024-01-25 11:20:00,1196.83,1196.83,1196.67,1196.67,-0.01,18.62,21552.42,-1
2024-01-25,2024-01-25 11:21:00,1196.67,1196.67,1196.52,1196.52,-0.01,18.62,21552.42,-1
2024-01-25,2024-01-25 11:22:00,1196.52,1196.52,1196.36,1196.36,-0.01,18.62,21552.42,-1
2024-01-25,2024-01-25 11:23:00,1196.36,1196.36,1196.2,1196.2,-0.01,18.62,21552.42,-1
2024-01-25,2024-01-25 11:24:00,1196.2,1196.2,1196.04,1196.04,-0.01,18.62,21552.42,-1
2024-01-25,2024-01-25 11:25:00,1196.04,1196.04,1195.88,1195.88,-0.01,18.62,21552.42,-1
2024-01-25,2024-01-25 11:26:00,1195.88,1195.88,1195.72,1195.72,-0.01,18.62,21552.42,-1
2024-01-25,2024-01-25 11:27:00,1195.72,1195.72,1195.57,1195.57,-0.01,18.62,21552.42,-1
2024-01-25,2024-01-25 11:28:00,1195.57,1195.57,1195.41,1195.41,-0.01,18.62,21552.42,-1
2024-01-25,2024-01-25 11:29:00,1195.41,1195.41,1195.25,1195.25,-0.01,18.62,21552.42,-1
2024-01-25,2024-01-25 11:30:00,1195.25,1195.25,1195.09,1195.09,-0.01,18.62,21552.42,-1
2024-01-25,2024-01-25 11:31:00,1195.09,1195.09,1194.93,1194.93,-0.01,18.62,21552.42,-1
2024-01-25,2024-01-25 11:32:00,1194.93,1194.93,1194.78,1194.78,-0.01,18.62,21552.42,-1
2024-01-25,2024-01-25 11:33:00,1194.78,1194.78,1194.62,1194.62,-0.01,18.62,21552.42,-1
2024-01-25,2024-01-25 11:34:00,1194.62,1194.62,1194.46,1194.46,-0.01,18.62,21552.42,-1
2024-01-25,2024-01-25 11:35:00,1194.46,1194.46,1194.3,1194.3,-0.01,18.62,21552.42,-1
2024-01-25,2024-01-25 11:36:00,1194.3,1194.3,1194.14,1194.14,-0.01,18.62,21552.42,-1
2024-01-25,2024-01-25 11:37:00,1194.14,1194.14,1193.98,1193.98,-0.01,18.62,21552.42,-1
2024-01-25,2024-01-25 11:38:00,1193.98,1193.98,1193.83,1193.83,-0.01,18.62,21552.42,-1
2024-01-25,2024-01-25 11:39:00,1193.83,1193.83,1193.67,1193.67,-0.01,18.62,21552.42,-1
2024-01-25,2024-01-25 11:40:00,1193.67,1193.67,1193.51,1193.51,-0.01,18.62,21552.42,-1
2024-01-25,2024-01-25 11:41:00,1193.51,1193.51,1193.35,1193.35,-0.01,18.62,21552.42,-1
2024-01-25,2024-01-25 11:42:00,1193.35,1193.35,1193.19,1193.19,-0.01,18.62,21552.42,-1
2024-01-25,2024-01-25 11:43:00,1193.19,1193.19,1193.03,1193.03,-0.01,18.62,21552.42,-1
2024-01-25,2024-01-25 11:44:00,1193.03,1193.03,1192.88,1192.88,-0.01,18.62,21552.42,-1
2024-01-25,2024-01-25 11:45:00,1192.88,1192.88,1192.72,1192.72,-0.01,18.62,21552.42,-1
2024-01-25,2024-01-25 11:46:00,1192.72,1192.72,1192.56,1192.56,-0.01,18.62,21552.42,-1
2024-01-25,2024-01-25 11:47:00,1192.56,1192.56,1192.4,1192.4,-0.01,18.62,21552.42,-1
2024-01-25,2024-01-25 11:48:00,1192.4,1192.4,1192.24,1192.24,-0.01,18.62,21552.42,-1
2024-01-25,2024-01-25 11:49:00,1192.24,1192.24,1192.08,1192.08,-0.01,18.62,21552.42,-1
2024-01-25,2024-01-25 11:50:00,1192.08,1192.08,1191.92,1191.92,-0.01,18.62,21552.42,-1
2024-01-25,2024-01-25 11:51:00,1191.92,1191.92,1191.77,1191.77,-0.01,18.62,21552.42,-1
2024-01-25,2024-01-25 11:52:00,1191.77,1191.77,1191.61,1191.61,-0.01,18.62,21552.42,-1
2024-01-25,2024-01-25 11:53:00,1191.61,1191.61,1191.45,1191.45,-0.01,18.62,21552.42,-1
2024-01-25,2024-01-25 11:54:00,1191.45,1191.45,1191.29,1191.29,-0.01,18.62,21552.42,-1
2024-01-25,2024-01-25 11:55:00,1191.29,1191.29,1191.13,1191.13,-0.01,18.62,21552.42,-1
2024-01-25,2024-01-25 11:56:00,1191.13,1191.13,1190.97,1190.97,-0.01,18.62,21552.42,-1
2024-01-25,2024-01-25 11:57:00,1190.97,1190.97,1190.82,1190.82,-0.01,18.62,21552.42,-1
2024-01-25,2024-01-25 11:58:00,1190.82,1190.82,1190.66,1190.66,-0.01,18.62,21552.42,-1
2024-01-25,2024-01-25 11:59:00,1190.66,1190.66,1190.5,1190.5,-0.01,18.62,21552.42,-1
2024-01-25,2024-01-25 12:00:00,1190.5,1190.5,1190.34,1190.34,-0.01,18.62,21552.42,-1
2024-01-25,2024-01-25 12:01:00,1190.34,1190.34,1190.18,1190.18,-0.01,18.62,21552.42,-1
2024-01-25,2024-01-25 12:02:00,1190.18,1190.18,1190.03,1190.03,-0.01,18.62,21552.42,-1
2024-01-25,2024-01-25 12:03:00,1190.03,1190.03,1189.87,1189.87,-0.01,18.62,21552.42,-1
2024-01-25,2024-01-25 12:04:00,1189.87,1189.87,1189.71,1189.71,-0.01,18.62,21552.42,-1
2024-01-25,2024-01-25 12:05:00,1189.71,1189.71,1189.55,1189.55,-0.01,18.62,21552.42,-1
2024-01-25,2024-01-25 12:06:00,1189.55,1189.55,1189.39,1189.39,-0.01,18.62,21552.42,-1
2024-01-25,2024-01-25 12:07:00,1189.39,1189.39,1189.23,1189.23,-0.01,18.62,21552.42,-1
2024-01-25,2024-01-25 12:08:00,1189.23,1189.23,1189.08,1189.08,-0.01,18.62,21552.42,-1
2024-01-25,2024-01-25 12:09:00,1189.08,1189.08,1188.92,1188.92,-0.01,18.62,21552.42,-1
2024-01-25,2024-01-25 12:10:00,1188.92,1188.92,1188.76,1188.76,-0.01,18.62,21552.42,-1
2024-01-25,2024-01-25 12:11:00,1188.76,1188.76,1188.6,1188.6,-0.01,18.62,21552.42,-1
2024-01-25,2024-01-25 12:12:00,1188.6,1188.6,1188.44,1188.44,-0.01,18.62,21552.42,-1
2024-01-25,2024-01-25 12:13:00,1188.44,1188.44,1188.28,1188.28,-0.01,18.62,21552.42,-1
2024-01-25,2024-01-25 12:14:00,1188.28,1188.28,1188.12,1188.12,-0.01,18.62,21552.42,-1
2024-01-25,2024-01-25 12:15:00,1188.12,1188.12,1187.97,1187.97,-0.01,18.62,21552.42,-1
2024-01-25,2024-01-25 12:16:00,1187.97,1187.97,1187.81,1187.81,-0.01,18.62,21552.42,-1
2024-01-25,2024-01-25 12:17:00,1187.81,1187.81,1187.65,1187.65,-0.01,18.62,21552.42,-1
2024-01-25,2024-01-25 12:18:00,1187.65,1187.65,1187.49,1187.49,-0.01,18.62,21552.42,-1
2024-01-25,2024-01-25 12:19:00,1187.49,1187.49,1187.33,1187.33,-0.01,18.62,21552.42,-1
2024-01-25,2024-01-25 12:20:00,1187.33,1187.33,1187.17,1187.17,-0.01,18.62,21552.42,-1
2024-01-25,2024-01-25 12:21:00,1187.17,1187.17,1187.02,1187.02,-0.01,18.62,21552.42,-1
2024-01-25,2024-01-25 12:22:00,1187.02,1187.02,1186.86,1186.86,-0.01,18.62,21552.42,-1
2024-01-25,2024-01-25 12:23:00,1186.86,1186.86,1186.7,1186.7,-0.01,18.62,21552.42,-1
2024-01-25,2024-01-25 12:24:00,1186.7,1186.7,1186.54,1186.54,-0.01,18.62,21552.42,-1
2024-01-25,2024-01-25 12:25:00,1186.54,1186.54,1186.38,1186.38,-0.01,18.62,21552.42,-1
2024-01-25,2024-01-25 12:26:00,1186.38,1186.38,1186.22,1186.22,-0.01,18.62,21552.42,-1
2024-01-25,2024-01-25 12:27:00,1186.22,1186.22,1186.07,1186.07,-0.01,18.62,21552.42,-1
2024-01-25,2024-01-25 12:28:00,1186.07,1186.07,1185.91,1185.91,-0.01,18.62,21552.42,-1
2024-01-25,2024-01-25 12:29:00,1185.91,1185.91,1185.75,1185.75,-0.01,18.62,21552.42,-1
2024-01-25,2024-01-25 12:30:00,1185.75,1185.75,1185.59,1185.59,-0.01,18.62,21552.42,-1
2024-01-25,2024-01-25 12:31:00,1185.59,1185.59,1185.43,1185.43,-0.01,18.62,21552.42,-1
2024-01-25,2024-01-25 12:32:00,1185.43,1185.43,1185.28,1185.28,-0.01,18.62,21552.42,-1
2024-01-25,2024-01-25 12:33:00,1185.28,1185.28,1185.12,1185.12,-0.01,18.62,21552.42,-1
2024-01-25,2024-01-25 12:34:00,1185.12,1185.12,1184.96,1184.96,-0.01,18.62,21552.42,-1
2024-01-25,2024-01-25 12:35:00,1184.96,1184.96,1184.8,1184.8,-0.01,18.62,21552.42,-1
2024-01-25,2024-01-25 12:36:00,1184.8,1184.8,1184.64,1184.64,-0.01,18.62,21552.42,-1
2024-01-25,2024-01-25 12:37:00,1184.64,1184.64,1184.48,1184.48,-0.01,18.62,21552.42,-1
2024-01-25,2024-01-25 12:38:00,1184.48,1184.48,1184.33,1184.33,-0.01,18.62,21552.42,-1
2024-01-25,2024-01-25 12:39:00,1184.33,1184.33,1184.17,1184.17,-0.01,18.62,21552.42,-1
2024-01-25,2024-01-25 12:40:00,1184.17,1184.17,1184.01,1184.01,-0.01,18.62,21552.42,-1
2024-01-25,2024-01-25 12:41:00,1184.01,1184.01,1183.85,1183.85,-0.01,18.62,21552.42,-1
2024-01-25,2024-01-25 12:42:00,1183.85,1183.85,1183.69,1183.69,-0.01,18.62,21552.42,-1
2024-01-25,2024-01-25 12:43:00,1183.69,1183.69,1183.53,1183.53,-0.01,18.62,21552.42,-1
2024-01-25,2024-01-25 12:44:00,1183.53,1183.53,1183.38,1183.38,-0.01,18.62,21552.42,-1
2024-01-25,2024-01-25 12:45:00,1183.38,1183.38,1183.22,1183.22,-0.01,18.62,21552.42,-1
2024-01-25,2024-01-25 12:46:00,1183.22,1183.22,1183.06,1183.06,-0.01,18.62,21552.42,-1
2024-01-25,2024-01-25 12:47:00,1183.06,1183.06,1182.9,1182.9,-0.01,18.62,21552.42,-1
2024-01-25,2024-01-25 12:48:00,1182.9,1182.9,1182.74,1182.74,-0.01,18.62,21552.42,-1
2024-01-25,2024-01-25 12:49:00,1182.74,1182.74,1182.58,1182.58,-0.01,18.62,21552.42,-1
2024-01-25,2024-01-25 12:50:00,1182.58,1182.58,1182.42,1182.42,-0.01,18.62,21552.42,-1
2024-01-25,2024-01-25 12:51:00,1182.42,1182.42,1182.27,1182.27,-0.01,18.62,21552.42,-1
2024-01-25,2024-01-25 12:52:00,1182.27,1182.27,1182.11,1182.11,-0.01,18.62,21552.42,-1
2024-01-25,2024-01-25 12:53:00,1182.11,1182.11,1181.95,1181.95,-0.01,18.62,21552.42,-1
2024-01-25,2024-01-25 12:54:00,1181.95,1181.95,1181.79,1181.79,-0.01,18.62,21552.42,-1
2024-01-25,2024-01-25 12:55:00,1181.79,1181.79,1181.63,1181.63,-0.01,18.62,21552.42,-1
2024-01-25,2024-01-25 12:56:00,1181.63,1181.63,1181.47,1181.47,-0.01,18.62,21552.42,-1
2024-01-25,2024-01-25 12:57:00,1181.47,1181.47,1181.32,1181.32,-0.01,18.62,21552.42,-1
2024-01-25,2024-01-25 12:58:00,1181.32,1181.32,1181.16,1181.16,-0.01,18.62,21552.42,-1
2024-01-25,2024-01-25 12:59:00,1181.16,1181.16,1181.0,1181.0,-0.01,18.62,21552.42,-1
2024-01-25,2024-01-25 13:00:00,1181.0,1200.0,1148.0,1180.84,-0.01,18.62,21552.42,-1
2024-01-25,2024-01-25 13:01:00,1180.84,1180.84,1180.68,1180.68,-0.01,18.62,21552.42,-1
2024-01-25,2024-01-25 13:02:00,1180.68,1180.68,1180.53,1180.53,-0.01,18.62,21552.42,-1
2024-01-25,2024-01-25 13:03:00,1180.53,1180.53,1180.37,1180.37,-0.01,18.62,21552.42,-1
2024-01-25,2024-01-25 13:04:00,1180.37,1180.37,1180.21,1180.21,-0.01,18.62,21552.42,-1
2024-01-25,2024-01-25 13:05:00,1180.21,1180.21,1180.05,1180.05,-0.01,18.62,21552.42,-1
2024-01-25,2024-01-25 13:06:00,1180.05,1180.05,1179.89,1179.89,-0.01,18.62,21552.42,-1
2024-01-25,2024-01-25 13:07:00,1179.89,1179.89,1179.73,1179.73,-0.01,18.62,21552.42,-1
2024-01-25,2024-01-25 13:08:00,1179.73,1179.73,1179.58,1179.58,-0.01,18.62,21552.42,-1
2024-01-25,2024-01-25 13:09:00,1179.58,1179.58,1179.42,1179.42,-0.01,18.62,21552.42,-1
2024-01-25,2024-01-25 13:10:00,1179.42,1179.42,1179.26,1179.26,-0.01,18.62,21552.42,-1
2024-01-25,2024-01-25 13:11:00,1179.26,1179.26,1179.1,1179.1,-0.01,18.62,21552.42,-1
2024-01-25,2024-01-25 13:12:00,1179.1,1179.1,1178.94,1178.94,-0.01,18.62,21552.42,-1
2024-01-25,2024-01-25 13:13:00,1178.94,1178.94,1178.78,1178.78,-0.01,18.62,21552.42,-1
2024-01-25,2024-01-25 13:14:00,1178.78,1178.78,1178.62,1178.62,-0.01,18.62,21552.42,-1
2024-01-25,2024-01-25 13:15:00,1178.62,1178.62,1178.47,1178.47,-0.01,18.62,21552.42,-1
2024-01-25,2024-01-25 13:16:00,1178.47,1178.47,1178.31,1178.31,-0.01,18.62,21552.42,-1
2024-01-25,2024-01-25 13:17:00,1178.31,1178.31,1178.15,1178.15,-0.01,18.62,21552.42,-1
2024-01-25,2024-01-25 13:18:00,1178.15,1178.15,1177.99,1177.99,-0.01,18.62,21552.42,-1
2024-01-25,2024-01-25 13:19:00,1177.99,1177.99,1177.83,1177.83,-0.01,18.62,21552.42,-1
2024-01-25,2024-01-25 13:20:00,1177.83,1177.83,1177.67,1177.67,-0.01,18.62,21552.42,-1
2024-01-25,2024-01-25 13:21:00,1177.67,1177.67,1177.52,1177.52,-0.01,18.62,21552.42,-1
2024-01-25,2024-01-25 13:22:00,1177.52,1177.52,1177.36,1177.36,-0.01,18.62,21552.42,-1
2024-01-25,2024-01-25 13:23:00,1177.36,1177.36,1177.2,1177.2,-0.01,18.62,21552.42,-1
2024-01-25,2024-01-25 13:24:00,1177.2,1177.2,1177.04,1177.04,-0.01,18.62,21552.42,-1
2024-01-25,2024-01-25 13:25:00,1177.04,1177.04,1176.88,1176.88,-0.01,18.62,21552.42,-1
2024-01-25,2024-01-25 13:26:00,1176.88,1176.88,1176.72,1176.72,-0.01,18.62,21552.42,-1
2024-01-25,2024-01-25 13:27:00,1176.72,1176.72,1176.57,1176.57,-0.01,18.62,21552.42,-1
2024-01-25,2024-01-25 13:28:00,1176.57,1176.57,1176.41,1176.41,-0.01,18.62,21552.42,-1
2024-01-25,2024-01-25 13:29:00,1176.41,1176.41,1176.25,1176.25,-0.01,18.62,21552.42,-1
2024-01-25,2024-01-25 13:30:00,1176.25,1176.25,1176.09,1176.09,-0.01,18.62,21552.42,-1
2024-01-25,2024-01-25 13:31:00,1176.09,1176.09,1175.93,1175.93,-0.01,18.62,21552.42,-1
2024-01-25,2024-01-25 13:32:00,1175.93,1175.93,1175.78,1175.78,-0.01,18.62,21552.42,-1
2024-01-25,2024-01-25 13:33:00,1175.78,1175.78,1175.62,1175.62,-0.01,18.62,21552.42,-1
2024-01-25,2024-01-25 13:34:00,1175.62,1175.62,1175.46,1175.46,-0.01,18.62,21552.42,-1
2024-01-25,2024-01-25 13:35:00,1175.46,1175.46,1175.3,1175.3,-0.01,18.62,21552.42,-1
2024-01-25,2024-01-25 13:36:00,1175.3,1175.3,1175.14,1175.14,-0.01,18.62,21552.42,-1
2024-01-25,2024-01-25 13:37:00,1175.14,1175.14,1174.98,1174.98,-0.01,18.62,21552.42,-1
2024-01-25,2024-01-25 13:38:00,1174.98,1174.98,1174.83,1174.83,-0.01,18.62,21552.42,-1
2024-01-25,2024-01-25 13:39:00,1174.83,1174.83,1174.67,1174.67,-0.01,18.62,21552.42,-1
2024-01-25,2024-01-25 13:40:00,1174.67,1174.67,1174.51,1174.51,-0.01,18.62,21552.42,-1
2024-01-25,2024-01-25 13:41:00,1174.51,1174.51,1174.35,1174.35,-0.01,18.62,21552.42,-1
2024-01-25,2024-01-25 13:42:00,1174.35,1174.35,1174.19,1174.19,-0.01,18.62,21552.42,-1
2024-01-25,2024-01-25 13:43:00,1174.19,1174.19,1174.03,1174.03,-0.01,18.62,21552.42,-1
2024-01-25,2024-01-25 13:44:00,1174.03,1174.03,1173.88,1173.88,-0.01,18.62,21552.42,-1
2024-01-25,2024-01-25 13:45:00,1173.88,1173.88,1173.72,1173.72,-0.01,18.62,21552.42,-1
2024-01-25,2024-01-25 13:46:00,1173.72,1173.72,1173.56,1173.56,-0.01,18.62,21552.42,-1
2024-01-25,2024-01-25 13:47:00,1173.56,1173.56,1173.4,1173.4,-0.01,18.62,21552.42,-1
2024-01-25,2024-01-25 13:48:00,1173.4,1173.4,1173.24,1173.24,-0.01,18.62,21552.42,-1
2024-01-25,2024-01-25 13:49:00,1173.24,1173.24,1173.08,1173.08,-0.01,18.62,21552.42,-1
2024-01-25,2024-01-25 13:50:00,1173.08,1173.08,1172.92,1172.92,-0.01,18.62,21552.42,-1
2024-01-25,2024-01-25 13:51:00,1172.92,1172.92,1172.77,1172.77,-0.01,18.62,21552.42,-1
2024-01-25,2024-01-25 13:52:00,1172.77,1172.77,1172.61,1172.61,-0.01,18.62,21552.42,-1
2024-01-25,2024-01-25 13:53:00,1172.61,1172.61,1172.45,1172.45,-0.01,18.62,21552.42,-1
2024-01-25,2024-01-25 13:54:00,1172.45,1172.45,1172.29,1172.29,-0.01,18.62,21552.42,-1
2024-01-25,2024-01-25 13:55:00,1172.29,1172.29,1172.13,1172.13,-0.01,18.62,21552.42,-1
2024-01-25,2024-01-25 13:56:00,1172.13,1172.13,1171.97,1171.97,-0.01,18.62,21552.42,-1
2024-01-25,2024-01-25 13:57:00,1171.97,1171.97,1171.82,1171.82,-0.01,18.62,21552.42,-1
2024-01-25,2024-01-25 13:58:00,1171.82,1171.82,1171.66,1171.66,-0.01,18.62,21552.42,-1
2024-01-25,2024-01-25 13:59:00,1171.66,1171.66,1171.5,1171.5,-0.01,18.62,21552.42,-1
2024-01-25,2024-01-25 14:00:00,1171.5,1171.5,1171.34,1171.34,-0.01,18.62,21552.42,-1
2024-01-25,2024-01-25 14:01:00,1171.34,1171.34,1171.18,1171.18,-0.01,18.62,21552.42,-1
2024-01-25,2024-01-25 14:02:00,1171.18,1171.18,1171.03,1171.03,-0.01,18.62,21552.42,-1
2024-01-25,2024-01-25 14:03:00,1171.03,1171.03,1170.87,1170.87,-0.01,18.62,21552.42,-1
2024-01-25,2024-01-25 14:04:00,1170.87,1170.87,1170.71,1170.71,-0.01,18.62,21552.42,-1
2024-01-25,2024-01-25 14:05:00,1170.71,1170.71,1170.55,1170.55,-0.01,18.62,21552.42,-1
2024-01-25,2024-01-25 14:06:00,1170.55,1170.55,1170.39,1170.39,-0.01,18.62,21552.42,-1
2024-01-25,2024-01-25 14:07:00,1170.39,1170.39,1170.23,1170.23,-0.01,18.62,21552.42,-1
2024-01-25,2024-01-25 14:08:00,1170.23,1170.23,1170.08,1170.08,-0.01,18.62,21552.42,-1
2024-01-25,2024-01-25 14:09:00,1170.08,1170.08,1169.92,1169.92,-0.01,18.62,21552.42,-1
2024-01-25,2024-01-25 14:10:00,1169.92,1169.92,1169.76,1169.76,-0.01,18.62,21552.42,-1
2024-01-25,2024-01-25 14:11:00,1169.76,1169.76,1169.6,1169.6,-0.01,18.62,21552.42,-1
2024-01-25,2024-01-25 14:12:00,1169.6,1169.6,1169.44,1169.44,-0.01,18.62,21552.42,-1
2024-01-25,2024-01-25 14:13:00,1169.44,1169.44,1169.28,1169.28,-0.01,18.62,21552.42,-1
2024-01-25,2024-01-25 14:14:00,1169.28,1169.28,1169.12,1169.12,-0.01,18.62,21552.42,-1
2024-01-25,2024-01-25 14:15:00,1169.12,1169.12,1168.97,1168.97,-0.01,18.62,21552.42,-1
2024-01-25,2024-01-25 14:16:00,1168.97,1168.97,1168.81,1168.81,-0.01,18.62,21552.42,-1
2024-01-25,2024-01-25 14:17:00,1168.81,1168.81,1168.65,1168.65,-0.01,18.62,21552.42,-1
2024-01-25,2024-01-25 14:18:00,1168.65,1168.65,1168.49,1168.49,-0.01,18.62,21552.42,-1
2024-01-25,2024-01-25 14:19:00,1168.49,1168.49,1168.33,1168.33,-0.01,18.62,21552.42,-1
2024-01-25,2024-01-25 14:20:00,1168.33,1168.33,1168.17,1168.17,-0.01,18.62,21552.42,-1
2024-01-25,2024-01-25 14:21:00,1168.17,1168.17,1168.02,1168.02,-0.01,18.62,21552.42,-1
2024-01-25,2024-01-25 14:22:00,1168.02,1168.02,1167.86,1167.86,-0.01,18.62,21552.42,-1
2024-01-25,2024-01-25 14:23:00,1167.86,1167.86,1167.7,1167.7,-0.01,18.62,21552.42,-1
2024-01-25,2024-01-25 14:24:00,1167.7,1167.7,1167.54,1167.54,-0.01,18.62,21552.42,-1
2024-01-25,2024-01-25 14:25:00,1167.54,1167.54,1167.38,1167.38,-0.01,18.62,21552.42,-1
2024-01-25,2024-01-25 14:26:00,1167.38,1167.38,1167.22,1167.22,-0.01,18.62,21552.42,-1
2024-01-25,2024-01-25 14:27:00,1167.22,1167.22,1167.07,1167.07,-0.01,18.62,21552.42,-1
2024-01-25,2024-01-25 14:28:00,1167.07,1167.07,1166.91,1166.91,-0.01,18.62,21552.42,-1
2024-01-25,2024-01-25 14:29:00,1166.91,1166.91,1166.75,1166.75,-0.01,18.62,21552.42,-1
2024-01-25,2024-01-25 14:30:00,1166.75,1166.75,1166.59,1166.59,-0.01,18.62,21552.42,-1
2024-01-25,2024-01-25 14:31:00,1166.59,1166.59,1166.43,1166.43,-0.01,18.62,21552.42,-1
2024-01-25,2024-01-25 14:32:00,1166.43,1166.43,1166.28,1166.28,-0.01,18.62,21552.42,-1
2024-01-25,2024-01-25 14:33:00,1166.28,1166.28,1166.12,1166.12,-0.01,18.62,21552.42,-1
2024-01-25,2024-01-25 14:34:00,1166.12,1166.12,1165.96,1165.96,-0.01,18.62,21552.42,-1
2024-01-25,2024-01-25 14:35:00,1165.96,1165.96,1165.8,1165.8,-0.01,18.62,21552.42,-1
2024-01-25,2024-01-25 14:36:00,1165.8,1165.8,1165.64,1165.64,-0.01,18.62,21552.42,-1
2024-01-25,2024-01-25 14:37:00,1165.64,1165.64,1165.48,1165.48,-0.01,18.62,21552.42,-1
2024-01-25,2024-01-25 14:38:00,1165.48,1165.48,1165.33,1165.33,-0.01,18.62,21552.42,-1
2024-01-25,2024-01-25 14:39:00,1165.33,1165.33,1165.17,1165.17,-0.01,18.62,21552.42,-1
2024-01-25,2024-01-25 14:40:00,1165.17,1165.17,1165.01,1165.01,-0.01,18.62,21552.42,-1
2024-01-25,2024-01-25 14:41:00,1165.01,1165.01,1164.85,1164.85,-0.01,18.62,21552.42,-1
2024-01-25,2024-01-25 14:42:00,1164.85,1164.85,1164.69,1164.69,-0.01,18.62,21552.42,-1
2024-01-25,2024-01-25 14:43:00,1164.69,1164.69,1164.53,1164.53,-0.01,18.62,21552.42,-1
2024-01-25,2024-01-25 14:44:00,1164.53,1164.53,1164.38,1164.38,-0.01,18.62,21552.42,-1
2024-01-25,2024-01-25 14:45:00,1164.38,1164.38,1164.22,1164.22,-0.01,18.62,21552.42,-1
2024-01-25,2024-01-25 14:46:00,1164.22,1164.22,1164.06,1164.06,-0.01,18.62,21552.42,-1
2024-01-25,2024-01-25 14:47:00,1164.06,1164.06,1163.9,1163.9,-0.01,18.62,21552.42,-1
2024-01-25,2024-01-25 14:48:00,1163.9,1163.9,1163.74,1163.74,-0.01,18.62,21552.42,-1
2024-01-25,2024-01-25 14:49:00,1163.74,1163.74,1163.58,1163.58,-0.01,18.62,21552.42,-1
2024-01-25,2024-01-25 14:50:00,1163.58,1163.58,1163.42,1163.42,-0.01,18.62,21552.42,-1
2024-01-25,2024-01-25 14:51:00,1163.42,1163.42,1163.27,1163.27,-0.01,18.62,21552.42,-1
2024-01-25,2024-01-25 14:52:00,1163.27,1163.27,1163.11,1163.11,-0.01,18.62,21552.42,-1
2024-01-25,2024-01-25 14:53:00,1163.11,1163.11,1162.95,1162.95,-0.01,18.62,21552.42,-1
2024-01-25,2024-01-25 14:54:00,1162.95,1162.95,1162.79,1162.79,-0.01,18.62,21552.42,-1
2024-01-25,2024-01-25 14:55:00,1162.79,1162.79,1162.63,1162.63,-0.01,18.62,21552.42,-1
2024-01-25,2024-01-25 14:56:00,1162.63,1162.63,1162.47,1162.47,-0.01,18.62,21552.42,-1
2024-01-25,2024-01-25 14:57:00,1162.47,1162.47,1162.32,1162.32,-0.01,18.62,21552.42,-1
2024-01-25,2024-01-25 14:58:00,1162.32,1162.32,1162.16,1162.16,-0.01,18.62,21552.42,-1
2024-01-25,2024-01-25 14:59:00,1162.16,1162.16,1162.0,1162.0,-0.01,18.62,21552.42,-1
2024-01-25,2024-01-25 15:00:00,1162.0,1200.0,1148.0,1162.0,0.0,18.62,21552.42,0
2024-01-28,2024-01-28 11:00:00,1138.8,1172.16,1138.8,1138.97,0.01,25.93,30477.14,1
2024-01-28,2024-01-28 11:01:00,1138.97,1139.14,1138.97,1139.14,0.01,25.93,30477.14,1
2024-01-28,2024-01-28 11:02:00,1139.14,1139.31,1139.14,1139.31,0.01,25.93,30477.14,1
2024-01-28,2024-01-28 11:03:00,1139.31,1139.48,1139.31,1139.48,0.01,25.93,30477.14,1
2024-01-28,2024-01-28 11:04:00,1139.48,1139.66,1139.48,1139.66,0.02,25.93,30477.14,1
2024-01-28,2024-01-28 11:05:00,1139.66,1139.83,1139.66,1139.83,0.01,25.93,30477.14,1
2024-01-28,2024-01-28 11:06:00,1139.83,1140.0,1139.83,1140.0,0.01,25.93,30477.14,1
2024-01-28,2024-01-28 11:07:00,1140.0,1140.17,1140.0,1140.17,0.01,25.93,30477.14,1
2024-01-28,2024-01-28 11:08:00,1140.17,1140.34,1140.17,1140.34,0.01,25.93,30477.14,1
2024-01-28,2024-01-28 11:09:00,1140.34,1140.51,1140.34,1140.51,0.01,25.93,30477.14,1
2024-01-28,2024-01-28 11:10:00,1140.51,1140.68,1140.51,1140.68,0.01,25.93,30477.14,1
2024-01-28,2024-01-28 11:11:00,1140.68,1140.86,1140.68,1140.86,0.02,25.93,30477.14,1
2024-01-28,2024-01-28 11:12:00,1140.86,1141.03,1140.86,1141.03,0.01,25.93,30477.14,1
2024-01-28,2024-01-28 11:13:00,1141.03,1141.2,1141.03,1141.2,0.01,25.93,30477.14,1
2024-01-28,2024-01-28 11:14:00,1141.2,1141.37,1141.2,1141.37,0.01,25.93,30477.14,1
2024-01-28,2024-01-28 11:15:00,1141.37,1141.54,1141.37,1141.54,0.01,25.93,30477.14,1
2024-01-28,2024-01-28 11:16:00,1141.54,1141.71,1141.54,1141.71,0.01,25.93,30477.14,1
2024-01-28,2024-01-28 11:17:00,1141.71,1141.88,1141.71,1141.88,0.01,25.93,30477.14,1
2024-01-28,2024-01-28 11:18:00,1141.88,1142.05,1141.88,1142.05,0.01,25.93,30477.14,1
2024-01-28,2024-01-28 11:19:00,1142.05,1142.22,1142.05,1142.22,0.01,25.93,30477.14,1
2024-01-28,2024-01-28 11:20:00,1142.22,1142.4,1142.22,1142.4,0.02,25.93,30477.14,1
2024-01-28,2024-01-28 11:21:00,1142.4,1142.57,1142.4,1142.57,0.01,25.93,30477.14,1
2024-01-28,2024-01-28 11:22:00,1142.57,1142.74,1142.57,1142.74,0.01,25.93,30477.14,1
2024-01-28,2024-01-28 11:23:00,1142.74,1142.91,1142.74,1142.91,0.01,25.93,30477.14,1
2024-01-28,2024-01-28 11:24:00,1142.91,1143.08,1142.91,1143.08,0.01,25.93,30477.14,1
2024-01-28,2024-01-28 11:25:00,1143.08,1143.25,1143.08,1143.25,0.01,25.93,30477.14,1
2024-01-28,2024-01-28 11:26:00,1143.25,1143.42,1143.25,1143.42,0.01,25.93,30477.14,1
2024-01-28,2024-01-28 11:27:00,1143.42,1143.6,1143.42,1143.6,0.02,25.93,30477.14,1
2024-01-28,2024-01-28 11:28:00,1143.6,1143.77,1143.6,1143.77,0.01,25.93,30477.14,1
2024-01-28,2024-01-28 11:29:00,1143.77,1143.94,1143.77,1143.94,0.01,25.93,30477.14,1
2024-01-28,2024-01-28 11:30:00,1143.94,1144.11,1143.94,1144.11,0.01,25.93,30477.14,1
2024-01-28,2024-01-28 11:31:00,1144.11,1144.28,1144.11,1144.28,0.01,25.93,30477.14,1
2024-01-28,2024-01-28 11:32:00,1144.28,1144.45,1144.28,1144.45,0.01,25.93,30477.14,1
2024-01-28,2024-01-28 11:33:00,1144.45,1144.62,1144.45,1144.62,0.01,25.93,30477.14,1
2024-01-28,2024-01-28 11:34:00,1144.62,1144.79,1144.62,1144.79,0.01,25.93,30477.14,1
2024-01-28,2024-01-28 11:35:00,1144.79,1144.96,1144.79,1144.96,0.01,25.93,30477.14,1
2024-01-28,2024-01-28 11:36:00,1144.96,1145.14,1144.96,1145.14,0.02,25.93,30477.14,1
2024-01-28,2024-01-28 11:37:00,1145.14,1145.31,1145.14,1145.31,0.01,25.93,30477.14,1
2024-01-28,2024-01-28 11:38:00,1145.31,1145.48,1145.31,1145.48,0.01,25.93,30477.14,1
2024-01-28,2024-01-28 11:39:00,1145.48,1145.65,1145.48,1145.65,0.01,25.93,30477.14,1
2024-01-28,2024-01-28 11:40:00,1145.65,1145.82,1145.65,1145.82,0.01,25.93,30477.14,1
2024-01-28,2024-01-28 11:41:00,1145.82,1145.99,1145.82,1145.99,0.01,25.93,30477.14,1
2024-01-28,2024-01-28 11:42:00,1145.99,1146.16,1145.99,1146.16,0.01,25.93,30477.14,1
2024-01-28,2024-01-28 11:43:00,1146.16,1146.34,1146.16,1146.34,0.02,25.93,30477.14,1
2024-01-28,2024-01-28 11:44:00,1146.34,1146.51,1146.34,1146.51,0.01,25.93,30477.14,1
2024-01-28,2024-01-28 11:45:00,1146.51,1146.68,1146.51,1146.68,0.01,25.93,30477.14,1
2024-01-28,2024-01-28 11:46:00,1146.68,1146.85,1146.68,1146.85,0.01,25.93,30477.14,1
2024-01-28,2024-01-28 11:47:00,1146.85,1147.02,1146.85,1147.02,0.01,25.93,30477.14,1
2024-01-28,2024-01-28 11:48:00,1147.02,1147.19,1147.02,1147.19,0.01,25.93,30477.14,1
2024-01-28,2024-01-28 11:49:00,1147.19,1147.36,1147.19,1147.36,0.01,25.93,30477.14,1
2024-01-28,2024-01-28 11:50:00,1147.36,1147.53,1147.36,1147.53,0.01,25.93,30477.14,1
2024-01-28,2024-01-28 11:51:00,1147.53,1147.7,1147.53,1147.7,0.01,25.93,30477.14,1
2024-01-28,2024-01-28 11:52:00,1147.7,1147.88,1147.7,1147.88,0.02,25.93,30477.14,1
2024-01-28,2024-01-28 11:53:00,1147.88,1148.05,1147.88,1148.05,0.01,25.93,30477.14,1
2024-01-28,2024-01-28 11:54:00,1148.05,1148.22,1148.05,1148.22,0.01,25.93,30477.14,1
2024-01-28,2024-01-28 11:55:00,1148.22,1148.39,1148.22,1148.39,0.01,25.93,30477.14,1
2024-01-28,2024-01-28 11:56:00,1148.39,1148.56,1148.39,1148.56,0.01,25.93,30477.14,1
2024-01-28,2024-01-28 11:57:00,1148.56,1148.73,1148.56,1148.73,0.01,25.93,30477.14,1
2024-01-28,2024-01-28 11:58:00,1148.73,1148.9,1148.73,1148.9,0.01,25.93,30477.14,1
2024-01-28,2024-01-28 11:59:00,1148.9,1149.08,1148.9,1149.08,0.02,25.93,30477.14,1
2024-01-28,2024-01-28 12:00:00,1149.08,1149.25,1149.08,1149.25,0.01,25.93,30477.14,1
2024-01-28,2024-01-28 12:01:00,1149.25,1149.42,1149.25,1149.42,0.01,25.93,30477.14,1
2024-01-28,2024-01-28 12:02:00,1149.42,1149.59,1149.42,1149.59,0.01,25.93,30477.14,1
2024-01-28,2024-01-28 12:03:00,1149.59,1149.76,1149.59,1149.76,0.01,25.93,30477.14,1
2024-01-28,2024-01-28 12:04:00,1149.76,1149.93,1149.76,1149.93,0.01,25.93,30477.14,1
2024-01-28,2024-01-28 12:05:00,1149.93,1150.1,1149.93,1150.1,0.01,25.93,30477.14,1
2024-01-28,2024-01-28 12:06:00,1150.1,1150.27,1150.1,1150.27,0.01,25.93,30477.14,1
2024-01-28,2024-01-28 12:07:00,1150.27,1150.44,1150.27,1150.44,0.01,25.93,30477.14,1
2024-01-28,2024-01-28 12:08:00,1150.44,1150.62,1150.44,1150.62,0.02,25.93,30477.14,1
2024-01-28,2024-01-28 12:09:00,1150.62,1150.79,1150.62,1150.79,0.01,25.93,30477.14,1
2024-01-28,2024-01-28 12:10:00,1150.79,1150.96,1150.79,1150.96,0.01,25.93,30477.14,1
2024-01-28,2024-01-28 12:11:00,1150.96,1151.13,1150.96,1151.13,0.01,25.93,30477.14,1
2024-01-28,2024-01-28 12:12:00,1151.13,1151.3,1151.13,1151.3,0.01,25.93,30477.14,1
2024-01-28,2024-01-28 12:13:00,1151.3,1151.47,1151.3,1151.47,0.01,25.93,30477.14,1
2024-01-28,2024-01-28 12:14:00,1151.47,1151.64,1151.47,1151.64,0.01,25.93,30477.14,1
2024-01-28,2024-01-28 12:15:00,1151.64,1151.82,1151.64,1151.82,0.02,25.93,30477.14,1
2024-01-28,2024-01-28 12:16:00,1151.82,1151.99,1151.82,1151.99,0.01,25.93,30477.14,1
2024-01-28,2024-01-28 12:17:00,1151.99,1152.16,1151.99,1152.16,0.01,25.93,30477.14,1
2024-01-28,2024-01-28 12:18:00,1152.16,1152.33,1152.16,1152.33,0.01,25.93,30477.14,1
2024-01-28,2024-01-28 12:19:00,1152.33,1152.5,1152.33,1152.5,0.01,25.93,30477.14,1
2024-01-28,2024-01-28 12:20:00,1152.5,1152.67,1152.5,1152.67,0.01,25.93,30477.14,1
2024-01-28,2024-01-28 12:21:00,1152.67,1152.84,1152.67,1152.84,0.01,25.93,30477.14,1
2024-01-28,2024-01-28 12:22:00,1152.84,1153.01,1152.84,1153.01,0.01,25.93,30477.14,1
2024-01-28,2024-01-28 12:23:00,1153.01,1153.18,1153.01,1153.18,0.01,25.93,30477.14,1
2024-01-28,2024-01-28 12:24:00,1153.18,1153.36,1153.18,1153.36,0.02,25.93,30477.14,1
2024-01-28,2024-01-28 12:25:00,1153.36,1153.53,1153.36,1153.53,0.01,25.93,30477.14,1
2024-01-28,2024-01-28 12:26:00,1153.53,1153.7,1153.53,1153.7,0.01,25.93,30477.14,1
2024-01-28,2024-01-28 12:27:00,1153.7,1153.87,1153.7,1153.87,0.01,25.93,30477.14,1
2024-01-28,2024-01-28 12:28:00,1153.87,1154.04,1153.87,1154.04,0.01,25.93,30477.14,1
2024-01-28,2024-01-28 12:29:00,1154.04,1154.21,1154.04,1154.21,0.01,25.93,30477.14,1
2024-01-28,2024-01-28 12:30:00,1154.21,1154.38,1154.21,1154.38,0.01,25.93,30477.14,1
2024-01-28,2024-01-28 12:31:00,1154.38,1154.56,1154.38,1154.56,0.02,25.93,30477.14,1
2024-01-28,2024-01-28 12:32:00,1154.56,1154.73,1154.56,1154.73,0.01,25.93,30477.14,1
2024-01-28,2024-01-28 12:33:00,1154.73,1154.9,1154.73,1154.9,0.01,25.93,30477.14,1
2024-01-28,2024-01-28 12:34:00,1154.9,1155.07,1154.9,1155.07,0.01,25.93,30477.14,1
2024-01-28,2024-01-28 12:35:00,1155.07,1155.24,1155.07,1155.24,0.01,25.93,30477.14,1
2024-01-28,2024-01-28 12:36:00,1155.24,1155.41,1155.24,1155.41,0.01,25.93,30477.14,1
2024-01-28,2024-01-28 12:37:00,1155.41,1155.58,1155.41,1155.58,0.01,25.93,30477.14,1
2024-01-28,2024-01-28 12:38:00,1155.58,1155.75,1155.58,1155.75,0.01,25.93,30477.14,1
2024-01-28,2024-01-28 12:39:00,1155.75,1155.92,1155.75,1155.92,0.01,25.93,30477.14,1
2024-01-28,2024-01-28 12:40:00,1155.92,1156.1,1155.92,1156.1,0.02,25.93,30477.14,1
2024-01-28,2024-01-28 12:41:00,1156.1,1156.27,1156.1,1156.27,0.01,25.93,30477.14,1
2024-01-28,2024-01-28 12:42:00,1156.27,1156.44,1156.27,1156.44,0.01,25.93,30477.14,1
2024-01-28,2024-01-28 12:43:00,1156.44,1156.61,1156.44,1156.61,0.01,25.93,30477.14,1
2024-01-28,2024-01-28 12:44:00,1156.61,1156.78,1156.61,1156.78,0.01,25.93,30477.14,1
2024-01-28,2024-01-28 12:45:00,1156.78,1156.95,1156.78,1156.95,0.01,25.93,30477.14,1
2024-01-28,2024-01-28 12:46:00,1156.95,1157.12,1156.95,1157.12,0.01,25.93,30477.14,1
2024-01-28,2024-01-28 12:47:00,1157.12,1157.3,1157.12,1157.3,0.02,25.93,30477.14,1
2024-01-28,2024-01-28 12:48:00,1157.3,1157.47,1157.3,1157.47,0.01,25.93,30477.14,1
2024-01-28,2024-01-28 12:49:00,1157.47,1157.64,1157.47,1157.64,0.01,25.93,30477.14,1
2024-01-28,2024-01-28 12:50:00,1157.64,1157.81,1157.64,1157.81,0.01,25.93,30477.14,1
2024-01-28,2024-01-28 12:51:00,1157.81,1157.98,1157.81,1157.98,0.01,25.93,30477.14,1
2024-01-28,2024-01-28 12:52:00,1157.98,1158.15,1157.98,1158.15,0.01,25.93,30477.14,1
2024-01-28,2024-01-28 12:53:00,1158.15,1158.32,1158.15,1158.32,0.01,25.93,30477.14,1
2024-01-28,2024-01-28 12:54:00,1158.32,1158.49,1158.32,1158.49,0.01,25.93,30477.14,1
2024-01-28,2024-01-28 12:55:00,1158.49,1158.66,1158.49,1158.66,0.01,25.93,30477.14,1
2024-01-28,2024-01-28 12:56:00,1158.66,1158.84,1158.66,1158.84,0.02,25.93,30477.14,1
2024-01-28,2024-01-28 12:57:00,1158.84,1159.01,1158.84,1159.01,0.01,25.93,30477.14,1
2024-01-28,2024-01-28 12:58:00,1159.01,1159.18,1159.01,1159.18,0.01,25.93,30477.14,1
2024-01-28,2024-01-28 12:59:00,1159.18,1159.35,1159.18,1159.35,0.01,25.93,30477.14,1
2024-01-28,2024-01-28 13:00:00,1159.35,1250.0,1138.8,1159.52,0.01,25.93,30477.14,1
2024-01-28,2024-01-28 13:01:00,1159.52,1159.69,1159.52,1159.69,0.01,25.93,30477.14,1
2024-01-28,2024-01-28 13:02:00,1159.69,1159.86,1159.69,1159.86,0.01,25.93,30477.14,1
2024-01-28,2024-01-28 13:03:00,1159.86,1160.04,1159.86,1160.04,0.02,25.93,30477.14,1
2024-01-28,2024-01-28 13:04:00,1160.04,1160.21,1160.04,1160.21,0.01,25.93,30477.14,1
2024-01-28,2024-01-28 13:05:00,1160.21,1160.38,1160.21,1160.38,0.01,25.93,30477.14,1
2024-01-28,2024-01-28 13:06:00,1160.38,1160.55,1160.38,1160.55,0.01,25.93,30477.14,1
2024-01-28,2024-01-28 13:07:00,1160.55,1160.72,1160.55,1160.72,0.01,25.93,30477.14,1
2024-01-28,2024-01-28 13:08:00,1160.72,1160.89,1160.72,1160.89,0.01,25.93,30477.14,1
2024-01-28,2024-01-28 13:09:00,1160.89,1161.06,1160.89,1161.06,0.01,25.93,30477.14,1
2024-01-28,2024-01-28 13:10:00,1161.06,1161.23,1161.06,1161.23,0.01,25.93,30477.14,1
2024-01-28,2024-01-28 13:11:00,1161.23,1161.4,1161.23,1161.4,0.01,25.93,30477.14,1
2024-01-28,2024-01-28 13:12:00,1161.4,1161.58,1161.4,1161.58,0.02,25.93,30477.14,1
2024-01-28,2024-01-28 13:13:00,1161.58,1161.75,1161.58,1161.75,0.01,25.93,30477.14,1
2024-01-28,2024-01-28 13:14:00,1161.75,1161.92,1161.75,1161.92,0.01,25.93,30477.14,1
2024-01-28,2024-01-28 13:15:00,1161.92,1162.09,1161.92,1162.09,0.01,25.93,30477.14,1
2024-01-28,2024-01-28 13:16:00,1162.09,1162.26,1162.09,1162.26,0.01,25.93,30477.14,1
2024-01-28,2024-01-28 13:17:00,1162.26,1162.43,1162.26,1162.43,0.01,25.93,30477.14,1
2024-01-28,2024-01-28 13:18:00,1162.43,1162.6,1162.43,1162.6,0.01,25.93,30477.14,1
2024-01-28,2024-01-28 13:19:00,1162.6,1162.78,1162.6,1162.78,0.02,25.93,30477.14,1
2024-01-28,2024-01-28 13:20:00,1162.78,1162.95,1162.78,1162.95,0.01,25.93,30477.14,1
2024-01-28,2024-01-28 13:21:00,1162.95,1163.12,1162.95,1163.12,0.01,25.93,30477.14,1
2024-01-28,2024-01-28 13:22:00,1163.12,1163.29,1163.12,1163.29,0.01,25.93,30477.14,1
2024-01-28,2024-01-28 13:23:00,1163.29,1163.46,1163.29,1163.46,0.01,25.93,30477.14,1
2024-01-28,2024-01-28 13:24:00,1163.46,1163.63,1163.46,1163.63,0.01,25.93,30477.14,1
2024-01-28,2024-01-28 13:25:00,1163.63,1163.8,1163.63,1163.8,0.01,25.93,30477.14,1
2024-01-28,2024-01-28 13:26:00,1163.8,1163.97,1163.8,1163.97,0.01,25.93,30477.14,1
2024-01-28,2024-01-28 13:27:00,1163.97,1164.14,1163.97,1164.14,0.01,25.93,30477.14,1
2024-01-28,2024-01-28 13:28:00,1164.14,1164.32,1164.14,1164.32,0.02,25.93,30477.14,1
2024-01-28,2024-01-28 13:29:00,1164.32,1164.49,1164.32,1164.49,0.01,25.93,30477.14,1
2024-01-28,2024-01-28 13:30:00,1164.49,1164.66,1164.49,1164.66,0.01,25.93,30477.14,1
2024-01-28,2024-01-28 13:31:00,1164.66,1164.83,1164.66,1164.83,0.01,25.93,30477.14,1
2024-01-28,2024-01-28 13:32:00,1164.83,1165.0,1164.83,1165.0,0.01,25.93,30477.14,1
2024-01-28,2024-01-28 13:33:00,1165.0,1165.17,1165.0,1165.17,0.01,25.93,30477.14,1
2024-01-28,2024-01-28 13:34:00,1165.17,1165.34,1165.17,1165.34,0.01,25.93,30477.14,1
2024-01-28,2024-01-28 13:35:00,1165.34,1165.52,1165.34,1165.52,0.02,25.93,30477.14,1
2024-01-28,2024-01-28 13:36:00,1165.52,1165.69,1165.52,1165.69,0.01,25.93,30477.14,1
2024-01-28,2024-01-28 13:37:00,1165.69,1165.86,1165.69,1165.86,0.01,25.93,30477.14,1
2024-01-28,2024-01-28 13:38:00,1165.86,1166.03,1165.86,1166.03,0.01,25.93,30477.14,1
2024-01-28,2024-01-28 13:39:00,1166.03,1166.2,1166.03,1166.2,0.01,25.93,30477.14,1
2024-01-28,2024-01-28 13:40:00,1166.2,1166.37,1166.2,1166.37,0.01,25.93,30477.14,1
2024-01-28,2024-01-28 13:41:00,1166.37,1166.54,1166.37,1166.54,0.01,25.93,30477.14,1
2024-01-28,2024-01-28 13:42:00,1166.54,1166.71,1166.54,1166.71,0.01,25.93,30477.14,1
2024-01-28,2024-01-28 13:43:00,1166.71,1166.88,1166.71,1166.88,0.01,25.93,30477.14,1
2024-01-28,2024-01-28 13:44:00,1166.88,1167.06,1166.88,1167.06,0.02,25.93,30477.14,1
2024-01-28,2024-01-28 13:45:00,1167.06,1167.23,1167.06,1167.23,0.01,25.93,30477.14,1
2024-01-28,2024-01-28 13:46:00,1167.23,1167.4,1167.23,1167.4,0.01,25.93,30477.14,1
2024-01-28,2024-01-28 13:47:00,1167.4,1167.57,1167.4,1167.57,0.01,25.93,30477.14,1
2024-01-28,2024-01-28 13:48:00,1167.57,1167.74,1167.57,1167.74,0.01,25.93,30477.14,1
2024-01-28,2024-01-28 13:49:00,1167.74,1167.91,1167.74,1167.91,0.01,25.93,30477.14,1
2024-01-28,2024-01-28 13:50:00,1167.91,1168.08,1167.91,1168.08,0.01,25.93,30477.14,1
2024-01-28,2024-01-28 13:51:00,1168.08,1168.26,1168.08,1168.26,0.02,25.93,30477.14,1
2024-01-28,2024-01-28 13:52:00,1168.26,1168.43,1168.26,1168.43,0.01,25.93,30477.14,1
2024-01-28,2024-01-28 13:53:00,1168.43,1168.6,1168.43,1168.6,0.01,25.93,30477.14,1
2024-01-28,2024-01-28 13:54:00,1168.6,1168.77,1168.6,1168.77,0.01,25.93,30477.14,1
2024-01-28,2024-01-28 13:55:00,1168.77,1168.94,1168.77,1168.94,0.01,25.93,30477.14,1
2024-01-28,2024-01-28 13:56:00,1168.94,1169.11,1168.94,1169.11,0.01,25.93,30477.14,1
2024-01-28,2024-01-28 13:57:00,1169.11,1169.28,1169.11,1169.28,0.01,25.93,30477.14,1
2024-01-28,2024-01-28 13:58:00,1169.28,1169.45,1169.28,1169.45,0.01,25.93,30477.14,1
2024-01-28,2024-01-28 13:59:00,1169.45,1169.62,1169.45,1169.62,0.01,25.93,30477.14,1
2024-01-28,2024-01-28 14:00:00,1169.62,1169.8,1169.62,1169.8,0.02,25.93,30477.14,1
2024-01-28,2024-01-28 14:01:00,1169.8,1169.97,1169.8,1169.97,0.01,25.93,30477.14,1
2024-01-28,2024-01-28 14:02:00,1169.97,1170.14,1169.97,1170.14,0.01,25.93,30477.14,1
2024-01-28,2024-01-28 14:03:00,1170.14,1170.31,1170.14,1170.31,0.01,25.93,30477.14,1
2024-01-28,2024-01-28 14:04:00,1170.31,1170.48,1170.31,1170.48,0.01,25.93,30477.14,1
2024-01-28,2024-01-28 14:05:00,1170.48,1170.65,1170.48,1170.65,0.01,25.93,30477.14,1
2024-01-28,2024-01-28 14:06:00,1170.65,1170.82,1170.65,1170.82,0.01,25.93,30477.14,1
2024-01-28,2024-01-28 14:07:00,1170.82,1171.0,1170.82,1171.0,0.02,25.93,30477.14,1
2024-01-28,2024-01-28 14:08:00,1171.0,1171.17,1171.0,1171.17,0.01,25.93,30477.14,1
2024-01-28,2024-01-28 14:09:00,1171.17,1171.34,1171.17,1171.34,0.01,25.93,30477.14,1
2024-01-28,2024-01-28 14:10:00,1171.34,1171.51,1171.34,1171.51,0.01,25.93,30477.14,1
2024-01-28,2024-01-28 14:11:00,1171.51,1171.68,1171.51,1171.68,0.01,25.93,30477.14,1
2024-01-28,2024-01-28 14:12:00,1171.68,1171.85,1171.68,1171.85,0.01,25.93,30477.14,1
2024-01-28,2024-01-28 14:13:00,1171.85,1172.02,1171.85,1172.02,0.01,25.93,30477.14,1
2024-01-28,2024-01-28 14:14:00,1172.02,1172.19,1172.02,1172.19,0.01,25.93,30477.14,1
2024-01-28,2024-01-28 14:15:00,1172.19,1172.37,1172.19,1172.37,0.02,25.93,30477.14,1
2024-01-28,2024-01-28 14:16:00,1172.37,1172.54,1172.37,1172.54,0.01,25.93,30477.14,1
2024-01-28,2024-01-28 14:17:00,1172.54,1172.71,1172.54,1172.71,0.01,25.93,30477.14,1
2024-01-28,2024-01-28 14:18:00,1172.71,1172.88,1172.71,1172.88,0.01,25.93,30477.14,1
2024-01-28,2024-01-28 14:19:00,1172.88,1173.05,1172.88,1173.05,0.01,25.93,30477.14,1
2024-01-28,2024-01-28 14:20:00,1173.05,1173.22,1173.05,1173.22,0.01,25.93,30477.14,1
2024-01-28,2024-01-28 14:21:00,1173.22,1173.39,1173.22,1173.39,0.01,25.93,30477.14,1
2024-01-28,2024-01-28 14:22:00,1173.39,1173.56,1173.39,1173.56,0.01,25.93,30477.14,1
2024-01-28,2024-01-28 14:23:00,1173.56,1173.74,1173.56,1173.74,0.02,25.93,30477.14,1
2024-01-28,2024-01-28 14:24:00,1173.74,1173.91,1173.74,1173.91,0.01,25.93,30477.14,1
2024-01-28,2024-01-28 14:25:00,1173.91,1174.08,1173.91,1174.08,0.01,25.93,30477.14,1
2024-01-28,2024-01-28 14:26:00,1174.08,1174.25,1174.08,1174.25,0.01,25.93,30477.14,1
2024-01-28,2024-01-28 14:27:00,1174.25,1174.42,1174.25,1174.42,0.01,25.93,30477.14,1
2024-01-28,2024-01-28 14:28:00,1174.42,1174.59,1174.42,1174.59,0.01,25.93,30477.14,1
2024-01-28,2024-01-28 14:29:00,1174.59,1174.76,1174.59,1174.76,0.01,25.93,30477.14,1
2024-01-28,2024-01-28 14:30:00,1174.76,1174.93,1174.76,1174.93,0.01,25.93,30477.14,1
2024-01-28,2024-01-28 14:31:00,1174.93,1175.11,1174.93,1175.11,0.02,25.93,30477.14,1
2024-01-28,2024-01-28 14:32:00,1175.11,1175.28,1175.11,1175.28,0.01,25.93,30477.14,1
2024-01-28,2024-01-28 14:33:00,1175.28,1175.45,1175.28,1175.45,0.01,25.93,30477.14,1
2024-01-28,2024-01-28 14:34:00,1175.45,1175.62,1175.45,1175.62,0.01,25.93,30477.14,1
2024-01-28,2024-01-28 14:35:00,1175.62,1175.79,1175.62,1175.79,0.01,25.93,30477.14,1
2024-01-28,2024-01-28 14:36:00,1175.79,1175.96,1175.79,1175.96,0.01,25.93,30477.14,1
2024-01-28,2024-01-28 14:37:00,1175.96,1176.13,1175.96,1176.13,0.01,25.93,30477.14,1
2024-01-28,2024-01-28 14:38:00,1176.13,1176.3,1176.13,1176.3,0.01,25.93,30477.14,1
2024-01-28,2024-01-28 14:39:00,1176.3,1176.48,1176.3,1176.48,0.02,25.93,30477.14,1
2024-01-28,2024-01-28 14:40:00,1176.48,1176.65,1176.48,1176.65,0.01,25.93,30477.14,1
2024-01-28,2024-01-28 14:41:00,1176.65,1176.82,1176.65,1176.82,0.01,25.93,30477.14,1
2024-01-28,2024-01-28 14:42:00,1176.82,1176.99,1176.82,1176.99,0.01,25.93,30477.14,1
2024-01-28,2024-01-28 14:43:00,1176.99,1177.16,1176.99,1177.16,0.01,25.93,30477.14,1
2024-01-28,2024-01-28 14:44:00,1177.16,1177.33,1177.16,1177.33,0.01,25.93,30477.14,1
2024-01-28,2024-01-28 14:45:00,1177.33,1177.5,1177.33,1177.5,0.01,25.93,30477.14,1
2024-01-28,2024-01-28 14:46:00,1177.5,1177.67,1177.5,1177.67,0.01,25.93,30477.14,1
2024-01-28,2024-01-28 14:47:00,1177.67,1177.85,1177.67,1177.85,0.02,25.93,30477.14,1
2024-01-28,2024-01-28 14:48:00,1177.85,1178.02,1177.85,1178.02,0.01,25.93,30477.14,1
2024-01-28,2024-01-28 14:49:00,1178.02,1178.19,1178.02,1178.19,0.01,25.93,30477.14,1
2024-01-28,2024-01-28 14:50:00,1178.19,1178.36,1178.19,1178.36,0.01,25.93,30477.14,1
2024-01-28,2024-01-28 14:51:00,1178.36,1178.53,1178.36,1178.53,0.01,25.93,30477.14,1
2024-01-28,2024-01-28 14:52:00,1178.53,1178.7,1178.53,1178.7,0.01,25.93,30477.14,1
2024-01-28,2024-01-28 14:53:00,1178.7,1178.87,1178.7,1178.87,0.01,25.93,30477.14,1
2024-01-28,2024-01-28 14:54:00,1178.87,1179.04,1178.87,1179.04,0.01,25.93,30477.14,1
2024-01-28,2024-01-28 14:55:00,1179.04,1179.22,1179.04,1179.22,0.02,25.93,30477.14,1
2024-01-28,2024-01-28 14:56:00,1179.22,1179.39,1179.22,1179.39,0.01,25.93,30477.14,1
2024-01-28,2024-01-28 14:57:00,1179.39,1179.56,1179.39,1179.56,0.01,25.93,30477.14,1
2024-01-28,2024-01-28 14:58:00,1179.56,1179.73,1179.56,1179.73,0.01,25.93,30477.14,1
2024-01-28,2024-01-28 14:59:00,1179.73,1179.9,1179.73,1179.9,0.01,25.93,30477.14,1
2024-01-28,2024-01-28 15:00:00,1179.9,1250.0,1138.8,1179.9,0.0,25.93,30477.14,0
2024-01-29,2024-01-29 11:00:00,1156.4,1165.88,1155.98,1156.45,0.0,11.53,13420.94,1
2024-01-29,2024-01-29 11:01:00,1156.45,1156.51,1156.45,1156.51,0.01,11.53,13420.94,1
2024-01-29,2024-01-29 11:02:00,1156.51,1156.56,1156.51,1156.56,0.0,11.53,13420.94,1
2024-01-29,2024-01-29 11:03:00,1156.56,1156.61,1156.56,1156.61,0.0,11.53,13420.94,1
2024-01-29,2024-01-29 11:04:00,1156.61,1156.66,1156.61,1156.66,0.0,11.53,13420.94,1
2024-01-29,2024-01-29 11:05:00,1156.66,1156.72,1156.66,1156.72,0.01,11.53,13420.94,1
2024-01-29,2024-01-29 11:06:00,1156.72,1156.77,1156.72,1156.77,0.0,11.53,13420.94,1
2024-01-29,2024-01-29 11:07:00,1156.77,1156.82,1156.77,1156.82,0.0,11.53,13420.94,1
2024-01-29,2024-01-29 11:08:00,1156.82,1156.87,1156.82,1156.87,0.0,11.53,13420.94,1
2024-01-29,2024-01-29 11:09:00,1156.87,1156.93,1156.87,1156.93,0.01,11.53,13420.94,1
2024-01-29,2024-01-29 11:10:00,1156.93,1156.98,1156.93,1156.98,0.0,11.53,13420.94,1
2024-01-29,2024-01-29 11:11:00,1156.98,1157.03,1156.98,1157.03,0.0,11.53,13420.94,1
2024-01-29,2024-01-29 11:12:00,1157.03,1157.08,1157.03,1157.08,0.0,11.53,13420.94,1
2024-01-29,2024-01-29 11:13:00,1157.08,1157.13,1157.08,1157.13,0.0,11.53,13420.94,1
2024-01-29,2024-01-29 11:14:00,1157.13,1157.19,1157.13,1157.19,0.01,11.53,13420.94,1
2024-01-29,2024-01-29 11:15:00,1157.19,1157.24,1157.19,1157.24,0.0,11.53,13420.94,1
2024-01-29,2024-01-29 11:16:00,1157.24,1157.29,1157.24,1157.29,0.0,11.53,13420.94,1
2024-01-29,2024-01-29 11:17:00,1157.29,1157.35,1157.29,1157.35,0.01,11.53,13420.94,1
2024-01-29,2024-01-29 11:18:00,1157.35,1157.4,1157.35,1157.4,0.0,11.53,13420.94,1
2024-01-29,2024-01-29 11:19:00,1157.4,1157.45,1157.4,1157.45,0.0,11.53,13420.94,1
2024-01-29,2024-01-29 11:20:00,1157.45,1157.5,1157.45,1157.5,0.0,11.53,13420.94,1
2024-01-29,2024-01-29 11:21:00,1157.5,1157.56,1157.5,1157.56,0.01,11.53,13420.94,1
2024-01-29,2024-01-29 11:22:00,1157.56,1157.61,1157.56,1157.61,0.0,11.53,13420.94,1
2024-01-29,2024-01-29 11:23:00,1157.61,1157.66,1157.61,1157.66,0.0,11.53,13420.94,1
2024-01-29,2024-01-29 11:24:00,1157.66,1157.71,1157.66,1157.71,0.0,11.53,13420.94,1
2024-01-29,2024-01-29 11:25:00,1157.71,1157.77,1157.71,1157.77,0.01,11.53,13420.94,1
2024-01-29,2024-01-29 11:26:00,1157.77,1157.82,1157.77,1157.82,0.0,11.53,13420.94,1
2024-01-29,2024-01-29 11:27:00,1157.82,1157.87,1157.82,1157.87,0.0,11.53,13420.94,1
2024-01-29,2024-01-29 11:28:00,1157.87,1157.92,1157.87,1157.92,0.0,11.53,13420.94,1
2024-01-29,2024-01-29 11:29:00,1157.92,1157.98,1157.92,1157.98,0.01,11.53,13420.94,1
2024-01-29,2024-01-29 11:30:00,1157.98,1158.03,1157.98,1158.03,0.0,11.53,13420.94,1
2024-01-29,2024-01-29 11:31:00,1158.03,1158.08,1158.03,1158.08,0.0,11.53,13420.94,1
2024-01-29,2024-01-29 11:32:00,1158.08,1158.13,1158.08,1158.13,0.0,11.53,13420.94,1
2024-01-29,2024-01-29 11:33:00,1158.13,1158.19,1158.13,1158.19,0.01,11.53,13420.94,1
2024-01-29,2024-01-29 11:34:00,1158.19,1158.24,1158.19,1158.24,0.0,11.53,13420.94,1
2024-01-29,2024-01-29 11:35:00,1158.24,1158.29,1158.24,1158.29,0.0,11.53,13420.94,1
2024-01-29,2024-01-29 11:36:00,1158.29,1158.34,1158.29,1158.34,0.0,11.53,13420.94,1
2024-01-29,2024-01-29 11:37:00,1158.34,1158.39,1158.34,1158.39,0.0,11.53,13420.94,1
2024-01-29,2024-01-29 11:38:00,1158.39,1158.45,1158.39,1158.45,0.01,11.53,13420.94,1
2024-01-29,2024-01-29 11:39:00,1158.45,1158.5,1158.45,1158.5,0.0,11.53,13420.94,1
2024-01-29,2024-01-29 11:40:00,1158.5,1158.55,1158.5,1158.55,0.0,11.53,13420.94,1
2024-01-29,2024-01-29 11:41:00,1158.55,1158.61,1158.55,1158.61,0.01,11.53,13420.94,1
2024-01-29,2024-01-29 11:42:00,1158.61,1158.66,1158.61,1158.66,0.0,11.53,13420.94,1
2024-01-29,2024-01-29 11:43:00,1158.66,1158.71,1158.66,1158.71,0.0,11.53,13420.94,1
2024-01-29,2024-01-29 11:44:00,1158.71,1158.76,1158.71,1158.76,0.0,11.53,13420.94,1
2024-01-29,2024-01-29 11:45:00,1158.76,1158.82,1158.76,1158.82,0.01,11.53,13420.94,1
2024-01-29,2024-01-29 11:46:00,1158.82,1158.87,1158.82,1158.87,0.0,11.53,13420.94,1
2024-01-29,2024-01-29 11:47:00,1158.87,1158.92,1158.87,1158.92,0.0,11.53,13420.94,1
2024-01-29,2024-01-29 11:48:00,1158.92,1158.97,1158.92,1158.97,0.0,11.53,13420.94,1
2024-01-29,2024-01-29 11:49:00,1158.97,1159.03,1158.97,1159.03,0.01,11.53,13420.94,1
2024-01-29,2024-01-29 11:50:00,1159.03,1159.08,1159.03,1159.08,0.0,11.53,13420.94,1
2024-01-29,2024-01-29 11:51:00,1159.08,1159.13,1159.08,1159.13,0.0,11.53,13420.94,1
2024-01-29,2024-01-29 11:52:00,1159.13,1159.18,1159.13,1159.18,0.0,11.53,13420.94,1
2024-01-29,2024-01-29 11:53:00,1159.18,1159.24,1159.18,1159.24,0.01,11.53,13420.94,1
2024-01-29,2024-01-29 11:54:00,1159.24,1159.29,1159.24,1159.29,0.0,11.53,13420.94,1
2024-01-29,2024-01-29 11:55:00,1159.29,1159.34,1159.29,1159.34,0.0,11.53,13420.94,1
2024-01-29,2024-01-29 11:56:00,1159.34,1159.39,1159.34,1159.39,0.0,11.53,13420.94,1
2024-01-29,2024-01-29 11:57:00,1159.39,1159.45,1159.39,1159.45,0.01,11.53,13420.94,1
2024-01-29,2024-01-29 11:58:00,1159.45,1159.5,1159.45,1159.5,0.0,11.53,13420.94,1
2024-01-29,2024-01-29 11:59:00,1159.5,1159.55,1159.5,1159.55,0.0,11.53,13420.94,1
2024-01-29,2024-01-29 12:00:00,1159.55,1159.6,1159.55,1159.6,0.0,11.53,13420.94,1
2024-01-29,2024-01-29 12:01:00,1159.6,1159.65,1159.6,1159.65,0.0,11.53,13420.94,1
2024-01-29,2024-01-29 12:02:00,1159.65,1159.71,1159.65,1159.71,0.01,11.53,13420.94,1
2024-01-29,2024-01-29 12:03:00,1159.71,1159.76,1159.71,1159.76,0.0,11.53,13420.94,1
2024-01-29,2024-01-29 12:04:00,1159.76,1159.81,1159.76,1159.81,0.0,11.53,13420.94,1
2024-01-29,2024-01-29 12:05:00,1159.81,1159.87,1159.81,1159.87,0.01,11.53,13420.94,1
2024-01-29,2024-01-29 12:06:00,1159.87,1159.92,1159.87,1159.92,0.0,11.53,13420.94,1
2024-01-29,2024-01-29 12:07:00,1159.92,1159.97,1159.92,1159.97,0.0,11.53,13420.94,1
2024-01-29,2024-01-29 12:08:00,1159.97,1160.02,1159.97,1160.02,0.0,11.53,13420.94,1
2024-01-29,2024-01-29 12:09:00,1160.02,1160.08,1160.02,1160.08,0.01,11.53,13420.94,1
2024-01-29,2024-01-29 12:10:00,1160.08,1160.13,1160.08,1160.13,0.0,11.53,13420.94,1
2024-01-29,2024-01-29 12:11:00,1160.13,1160.18,1160.13,1160.18,0.0,11.53,13420.94,1
2024-01-29,2024-01-29 12:12:00,1160.18,1160.23,1160.18,1160.23,0.0,11.53,13420.94,1
2024-01-29,2024-01-29 12:13:00,1160.23,1160.29,1160.23,1160.29,0.01,11.53,13420.94,1
2024-01-29,2024-01-29 12:14:00,1160.29,1160.34,1160.29,1160.34,0.0,11.53,13420.94,1
2024-01-29,2024-01-29 12:15:00,1160.34,1160.39,1160.34,1160.39,0.0,11.53,13420.94,1
2024-01-29,2024-01-29 12:16:00,1160.39,1160.44,1160.39,1160.44,0.0,11.53,13420.94,1
2024-01-29,2024-01-29 12:17:00,1160.44,1160.5,1160.44,1160.5,0.01,11.53,13420.94,1
2024-01-29,2024-01-29 12:18:00,1160.5,1160.55,1160.5,1160.55,0.0,11.53,13420.94,1
2024-01-29,2024-01-29 12:19:00,1160.55,1160.6,1160.55,1160.6,0.0,11.53,13420.94,1
2024-01-29,2024-01-29 12:20:00,1160.6,1160.65,1160.6,1160.65,0.0,11.53,13420.94,1
2024-01-29,2024-01-29 12:21:00,1160.65,1160.71,1160.65,1160.71,0.01,11.53,13420.94,1
2024-01-29,2024-01-29 12:22:00,1160.71,1160.76,1160.71,1160.76,0.0,11.53,13420.94,1
2024-01-29,2024-01-29 12:23:00,1160.76,1160.81,1160.76,1160.81,0.0,11.53,13420.94,1
2024-01-29,2024-01-29 12:24:00,1160.81,1160.86,1160.81,1160.86,0.0,11.53,13420.94,1
2024-01-29,2024-01-29 12:25:00,1160.86,1160.91,1160.86,1160.91,0.0,11.53,13420.94,1
2024-01-29,2024-01-29 12:26:00,1160.91,1160.97,1160.91,1160.97,0.01,11.53,13420.94,1
2024-01-29,2024-01-29 12:27:00,1160.97,1161.02,1160.97,1161.02,0.0,11.53,13420.94,1
2024-01-29,2024-01-29 12:28:00,1161.02,1161.07,1161.02,1161.07,0.0,11.53,13420.94,1
2024-01-29,2024-01-29 12:29:00,1161.07,1161.12,1161.07,1161.12,0.0,11.53,13420.94,1
2024-01-29,2024-01-29 12:30:00,1161.12,1161.18,1161.12,1161.18,0.01,11.53,13420.94,1
2024-01-29,2024-01-29 12:31:00,1161.18,1161.23,1161.18,1161.23,0.0,11.53,13420.94,1
2024-01-29,2024-01-29 12:32:00,1161.23,1161.28,1161.23,1161.28,0.0,11.53,13420.94,1
2024-01-29,2024-01-29 12:33:00,1161.28,1161.34,1161.28,1161.34,0.01,11.53,13420.94,1
2024-01-29,2024-01-29 12:34:00,1161.34,1161.39,1161.34,1161.39,0.0,11.53,13420.94,1
2024-01-29,2024-01-29 12:35:00,1161.39,1161.44,1161.39,1161.44,0.0,11.53,13420.94,1
2024-01-29,2024-01-29 12:36:00,1161.44,1161.49,1161.44,1161.49,0.0,11.53,13420.94,1
2024-01-29,2024-01-29 12:37:00,1161.49,1161.55,1161.49,1161.55,0.01,11.53,13420.94,1
2024-01-29,2024-01-29 12:38:00,1161.55,1161.6,1161.55,1161.6,0.0,11.53,13420.94,1
2024-01-29,2024-01-29 12:39:00,1161.6,1161.65,1161.6,1161.65,0.0,11.53,13420.94,1
2024-01-29,2024-01-29 12:40:00,1161.65,1161.7,1161.65,1161.7,0.0,11.53,13420.94,1
2024-01-29,2024-01-29 12:41:00,1161.7,1161.76,1161.7,1161.76,0.01,11.53,13420.94,1
2024-01-29,2024-01-29 12:42:00,1161.76,1161.81,1161.76,1161.81,0.0,11.53,13420.94,1
2024-01-29,2024-01-29 12:43:00,1161.81,1161.86,1161.81,1161.86,0.0,11.53,13420.94,1
2024-01-29,2024-01-29 12:44:00,1161.86,1161.91,1161.86,1161.91,0.0,11.53,13420.94,1
2024-01-29,2024-01-29 12:45:00,1161.91,1161.97,1161.91,1161.97,0.01,11.53,13420.94,1
2024-01-29,2024-01-29 12:46:00,1161.97,1162.02,1161.97,1162.02,0.0,11.53,13420.94,1
2024-01-29,2024-01-29 12:47:00,1162.02,1162.07,1162.02,1162.07,0.0,11.53,13420.94,1
2024-01-29,2024-01-29 12:48:00,1162.07,1162.12,1162.07,1162.12,0.0,11.53,13420.94,1
2024-01-29,2024-01-29 12:49:00,1162.12,1162.17,1162.12,1162.17,0.0,11.53,13420.94,1
2024-01-29,2024-01-29 12:50:00,1162.17,1162.23,1162.17,1162.23,0.01,11.53,13420.94,1
2024-01-29,2024-01-29 12:51:00,1162.23,1162.28,1162.23,1162.28,0.0,11.53,13420.94,1
2024-01-29,2024-01-29 12:52:00,1162.28,1162.33,1162.28,1162.33,0.0,11.53,13420.94,1
2024-01-29,2024-01-29 12:53:00,1162.33,1162.38,1162.33,1162.38,0.0,11.53,13420.94,1
2024-01-29,2024-01-29 12:54:00,1162.38,1162.44,1162.38,1162.44,0.01,11.53,13420.94,1
2024-01-29,2024-01-29 12:55:00,1162.44,1162.49,1162.44,1162.49,0.0,11.53,13420.94,1
2024-01-29,2024-01-29 12:56:00,1162.49,1162.54,1162.49,1162.54,0.0,11.53,13420.94,1
2024-01-29,2024-01-29 12:57:00,1162.54,1162.6,1162.54,1162.6,0.01,11.53,13420.94,1
2024-01-29,2024-01-29 12:58:00,1162.6,1162.65,1162.6,1162.65,0.0,11.53,13420.94,1
2024-01-29,2024-01-29 12:59:00,1162.65,1162.7,1162.65,1162.7,0.0,11.53,13420.94,1
2024-01-29,2024-01-29 13:00:00,1162.7,1188.0,1155.0,1162.75,0.0,11.53,13420.94,1
2024-01-29,2024-01-29 13:01:00,1162.75,1162.81,1162.75,1162.81,0.01,11.53,13420.94,1
2024-01-29,2024-01-29 13:02:00,1162.81,1162.86,1162.81,1162.86,0.0,11.53,13420.94,1
2024-01-29,2024-01-29 13:03:00,1162.86,1162.91,1162.86,1162.91,0.0,11.53,13420.94,1
2024-01-29,2024-01-29 13:04:00,1162.91,1162.96,1162.91,1162.96,0.0,11.53,13420.94,1
2024-01-29,2024-01-29 13:05:00,1162.96,1163.02,1162.96,1163.02,0.01,11.53,13420.94,1
2024-01-29,2024-01-29 13:06:00,1163.02,1163.07,1163.02,1163.07,0.0,11.53,13420.94,1
2024-01-29,2024-01-29 13:07:00,1163.07,1163.12,1163.07,1163.12,0.0,11.53,13420.94,1
2024-01-29,2024-01-29 13:08:00,1163.12,1163.17,1163.12,1163.17,0.0,11.53,13420.94,1
2024-01-29,2024-01-29 13:09:00,1163.17,1163.23,1163.17,1163.23,0.01,11.53,13420.94,1
2024-01-29,2024-01-29 13:10:00,1163.23,1163.28,1163.23,1163.28,0.0,11.53,13420.94,1
2024-01-29,2024-01-29 13:11:00,1163.28,1163.33,1163.28,1163.33,0.0,11.53,13420.94,1
2024-01-29,2024-01-29 13:12:00,1163.33,1163.38,1163.33,1163.38,0.0,11.53,13420.94,1
2024-01-29,2024-01-29 13:13:00,1163.38,1163.43,1163.38,1163.43,0.0,11.53,13420.94,1
2024-01-29,2024-01-29 13:14:00,1163.43,1163.49,1163.43,1163.49,0.01,11.53,13420.94,1
2024-01-29,2024-01-29 13:15:00,1163.49,1163.54,1163.49,1163.54,0.0,11.53,13420.94,1
2024-01-29,2024-01-29 13:16:00,1163.54,1163.59,1163.54,1163.59,0.0,11.53,13420.94,1
2024-01-29,2024-01-29 13:17:00,1163.59,1163.64,1163.59,1163.64,0.0,11.53,13420.94,1
2024-01-29,2024-01-29 13:18:00,1163.64,1163.7,1163.64,1163.7,0.01,11.53,13420.94,1
2024-01-29,2024-01-29 13:19:00,1163.7,1163.75,1163.7,1163.75,0.0,11.53,13420.94,1
2024-01-29,2024-01-29 13:20:00,1163.75,1163.8,1163.75,1163.8,0.0,11.53,13420.94,1
2024-01-29,2024-01-29 13:21:00,1163.8,1163.86,1163.8,1163.86,0.01,11.53,13420.94,1
2024-01-29,2024-01-29 13:22:00,1163.86,1163.91,1163.86,1163.91,0.0,11.53,13420.94,1
2024-01-29,2024-01-29 13:23:00,1163.91,1163.96,1163.91,1163.96,0.0,11.53,13420.94,1
2024-01-29,2024-01-29 13:24:00,1163.96,1164.01,1163.96,1164.01,0.0,11.53,13420.94,1
2024-01-29,2024-01-29 13:25:00,1164.01,1164.07,1164.01,1164.07,0.01,11.53,13420.94,1
2024-01-29,2024-01-29 13:26:00,1164.07,1164.12,1164.07,1164.12,0.0,11.53,13420.94,1
2024-01-29,2024-01-29 13:27:00,1164.12,1164.17,1164.12,1164.17,0.0,11.53,13420.94,1
2024-01-29,2024-01-29 13:28:00,1164.17,1164.22,1164.17,1164.22,0.0,11.53,13420.94,1
2024-01-29,2024-01-29 13:29:00,1164.22,1164.28,1164.22,1164.28,0.01,11.53,13420.94,1
2024-01-29,2024-01-29 13:30:00,1164.28,1164.33,1164.28,1164.33,0.0,11.53,13420.94,1
2024-01-29,2024-01-29 13:31:00,1164.33,1164.38,1164.33,1164.38,0.0,11.53,13420.94,1
2024-01-29,2024-01-29 13:32:00,1164.38,1164.43,1164.38,1164.43,0.0,11.53,13420.94,1
2024-01-29,2024-01-29 13:33:00,1164.43,1164.49,1164.43,1164.49,0.01,11.53,13420.94,1
2024-01-29,2024-01-29 13:34:00,1164.49,1164.54,1164.49,1164.54,0.0,11.53,13420.94,1
2024-01-29,2024-01-29 13:35:00,1164.54,1164.59,1164.54,1164.59,0.0,11.53,13420.94,1
2024-01-29,2024-01-29 13:36:00,1164.59,1164.64,1164.59,1164.64,0.0,11.53,13420.94,1
2024-01-29,2024-01-29 13:37:00,1164.64,1164.69,1164.64,1164.69,0.0,11.53,13420.94,1
2024-01-29,2024-01-29 13:38:00,1164.69,1164.75,1164.69,1164.75,0.01,11.53,13420.94,1
2024-01-29,2024-01-29 13:39:00,1164.75,1164.8,1164.75,1164.8,0.0,11.53,13420.94,1
2024-01-29,2024-01-29 13:40:00,1164.8,1164.85,1164.8,1164.85,0.0,11.53,13420.94,1
2024-01-29,2024-01-29 13:41:00,1164.85,1164.9,1164.85,1164.9,0.0,11.53,13420.94,1
2024-01-29,2024-01-29 13:42:00,1164.9,1164.96,1164.9,1164.96,0.01,11.53,13420.94,1
2024-01-29,2024-01-29 13:43:00,1164.96,1165.01,1164.96,1165.01,0.0,11.53,13420.94,1
2024-01-29,2024-01-29 13:44:00,1165.01,1165.06,1165.01,1165.06,0.0,11.53,13420.94,1
2024-01-29,2024-01-29 13:45:00,1165.06,1165.12,1165.06,1165.12,0.01,11.53,13420.94,1
2024-01-29,2024-01-29 13:46:00,1165.12,1165.17,1165.12,1165.17,0.0,11.53,13420.94,1
2024-01-29,2024-01-29 13:47:00,1165.17,1165.22,1165.17,1165.22,0.0,11.53,13420.94,1
2024-01-29,2024-01-29 13:48:00,1165.22,1165.27,1165.22,1165.27,0.0,11.53,13420.94,1
2024-01-29,2024-01-29 13:49:00,1165.27,1165.33,1165.27,1165.33,0.01,11.53,13420.94,1
2024-01-29,2024-01-29 13:50:00,1165.33,1165.38,1165.33,1165.38,0.0,11.53,13420.94,1
2024-01-29,2024-01-29 13:51:00,1165.38,1165.43,1165.38,1165.43,0.0,11.53,13420.94,1
2024-01-29,2024-01-29 13:52:00,1165.43,1165.48,1165.43,1165.48,0.0,11.53,13420.94,1
2024-01-29,2024-01-29 13:53:00,1165.48,1165.54,1165.48,1165.54,0.01,11.53,13420.94,1
2024-01-29,2024-01-29 13:54:00,1165.54,1165.59,1165.54,1165.59,0.0,11.53,13420.94,1
2024-01-29,2024-01-29 13:55:00,1165.59,1165.64,1165.59,1165.64,0.0,11.53,13420.94,1
2024-01-29,2024-01-29 13:56:00,1165.64,1165.69,1165.64,1165.69,0.0,11.53,13420.94,1
2024-01-29,2024-01-29 13:57:00,1165.69,1165.75,1165.69,1165.75,0.01,11.53,13420.94,1
2024-01-29,2024-01-29 13:58:00,1165.75,1165.8,1165.75,1165.8,0.0,11.53,13420.94,1
2024-01-29,2024-01-29 13:59:00,1165.8,1165.85,1165.8,1165.85,0.0,11.53,13420.94,1
2024-01-29,2024-01-29 14:00:00,1165.85,1165.9,1165.85,1165.9,0.0,11.53,13420.94,1
2024-01-29,2024-01-29 14:01:00,1165.9,1165.95,1165.9,1165.95,0.0,11.53,13420.94,1
2024-01-29,2024-01-29 14:02:00,1165.95,1166.01,1165.95,1166.01,0.01,11.53,13420.94,1
2024-01-29,2024-01-29 14:03:00,1166.01,1166.06,1166.01,1166.06,0.0,11.53,13420.94,1
2024-01-29,2024-01-29 14:04:00,1166.06,1166.11,1166.06,1166.11,0.0,11.53,13420.94,1
2024-01-29,2024-01-29 14:05:00,1166.11,1166.16,1166.11,1166.16,0.0,11.53,13420.94,1
2024-01-29,2024-01-29 14:06:00,1166.16,1166.22,1166.16,1166.22,0.01,11.53,13420.94,1
2024-01-29,2024-01-29 14:07:00,1166.22,1166.27,1166.22,1166.27,0.0,11.53,13420.94,1
2024-01-29,2024-01-29 14:08:00,1166.27,1166.32,1166.27,1166.32,0.0,11.53,13420.94,1
2024-01-29,2024-01-29 14:09:00,1166.32,1166.38,1166.32,1166.38,0.01,11.53,13420.94,1
2024-01-29,2024-01-29 14:10:00,1166.38,1166.43,1166.38,1166.43,0.0,11.53,13420.94,1
2024-01-29,2024-01-29 14:11:00,1166.43,1166.48,1166.43,1166.48,0.0,11.53,13420.94,1
2024-01-29,2024-01-29 14:12:00,1166.48,1166.53,1166.48,1166.53,0.0,11.53,13420.94,1
2024-01-29,2024-01-29 14:13:00,1166.53,1166.59,1166.53,1166.59,0.01,11.53,13420.94,1
2024-01-29,2024-01-29 14:14:00,1166.59,1166.64,1166.59,1166.64,0.0,11.53,13420.94,1
2024-01-29,2024-01-29 14:15:00,1166.64,1166.69,1166.64,1166.69,0.0,11.53,13420.94,1
2024-01-29,2024-01-29 14:16:00,1166.69,1166.74,1166.69,1166.74,0.0,11.53,13420.94,1
2024-01-29,2024-01-29 14:17:00,1166.74,1166.8,1166.74,1166.8,0.01,11.53,13420.94,1
2024-01-29,2024-01-29 14:18:00,1166.8,1166.85,1166.8,1166.85,0.0,11.53,13420.94,1
2024-01-29,2024-01-29 14:19:00,1166.85,1166.9,1166.85,1166.9,0.0,11.53,13420.94,1
2024-01-29,2024-01-29 14:20:00,1166.9,1166.95,1166.9,1166.95,0.0,11.53,13420.94,1
2024-01-29,2024-01-29 14:21:00,1166.95,1167.01,1166.95,1167.01,0.01,11.53,13420.94,1
2024-01-29,2024-01-29 14:22:00,1167.01,1167.06,1167.01,1167.06,0.0,11.53,13420.94,1
2024-01-29,2024-01-29 14:23:00,1167.06,1167.11,1167.06,1167.11,0.0,11.53,13420.94,1
2024-01-29,2024-01-29 14:24:00,1167.11,1167.16,1167.11,1167.16,0.0,11.53,13420.94,1
2024-01-29,2024-01-29 14:25:00,1167.16,1167.21,1167.16,1167.21,0.0,11.53,13420.94,1
2024-01-29,2024-01-29 14:26:00,1167.21,1167.27,1167.21,1167.27,0.01,11.53,13420.94,1
2024-01-29,2024-01-29 14:27:00,1167.27,1167.32,1167.27,1167.32,0.0,11.53,13420.94,1
2024-01-29,2024-01-29 14:28:00,1167.32,1167.37,1167.32,1167.37,0.0,11.53,13420.94,1
2024-01-29,2024-01-29 14:29:00,1167.37,1167.42,1167.37,1167.42,0.0,11.53,13420.94,1
2024-01-29,2024-01-29 14:30:00,1167.42,1167.48,1167.42,1167.48,0.01,11.53,13420.94,1
2024-01-29,2024-01-29 14:31:00,1167.48,1167.53,1167.48,1167.53,0.0,11.53,13420.94,1
2024-01-29,2024-01-29 14:32:00,1167.53,1167.58,1167.53,1167.58,0.0,11.53,13420.94,1
2024-01-29,2024-01-29 14:33:00,1167.58,1167.63,1167.58,1167.63,0.0,11.53,13420.94,1
2024-01-29,2024-01-29 14:34:00,1167.63,1167.69,1167.63,1167.69,0.01,11.53,13420.94,1
2024-01-29,2024-01-29 14:35:00,1167.69,1167.74,1167.69,1167.74,0.0,11.53,13420.94,1
2024-01-29,2024-01-29 14:36:00,1167.74,1167.79,1167.74,1167.79,0.0,11.53,13420.94,1
2024-01-29,2024-01-29 14:37:00,1167.79,1167.85,1167.79,1167.85,0.01,11.53,13420.94,1
2024-01-29,2024-01-29 14:38:00,1167.85,1167.9,1167.85,1167.9,0.0,11.53,13420.94,1
2024-01-29,2024-01-29 14:39:00,1167.9,1167.95,1167.9,1167.95,0.0,11.53,13420.94,1
2024-01-29,2024-01-29 14:40:00,1167.95,1168.0,1167.95,1168.0,0.0,11.53,13420.94,1
2024-01-29,2024-01-29 14:41:00,1168.0,1168.06,1168.0,1168.06,0.01,11.53,13420.94,1
2024-01-29,2024-01-29 14:42:00,1168.06,1168.11,1168.06,1168.11,0.0,11.53,13420.94,1
2024-01-29,2024-01-29 14:43:00,1168.11,1168.16,1168.11,1168.16,0.0,11.53,13420.94,1
2024-01-29,2024-01-29 14:44:00,1168.16,1168.21,1168.16,1168.21,0.0,11.53,13420.94,1
2024-01-29,2024-01-29 14:45:00,1168.21,1168.27,1168.21,1168.27,0.01,11.53,13420.94,1
2024-01-29,2024-01-29 14:46:00,1168.27,1168.32,1168.27,1168.32,0.0,11.53,13420.94,1
2024-01-29,2024-01-29 14:47:00,1168.32,1168.37,1168.32,1168.37,0.0,11.53,13420.94,1
2024-01-29,2024-01-29 14:48:00,1168.37,1168.42,1168.37,1168.42,0.0,11.53,13420.94,1
2024-01-29,2024-01-29 14:49:00,1168.42,1168.47,1168.42,1168.47,0.0,11.53,13420.94,1
2024-01-29,2024-01-29 14:50:00,1168.47,1168.53,1168.47,1168.53,0.01,11.53,13420.94,1
2024-01-29,2024-01-29 14:51:00,1168.53,1168.58,1168.53,1168.58,0.0,11.53,13420.94,1
2024-01-29,2024-01-29 14:52:00,1168.58,1168.63,1168.58,1168.63,0.0,11.53,13420.94,1
2024-01-29,2024-01-29 14:53:00,1168.63,1168.68,1168.63,1168.68,0.0,11.53,13420.94,1
2024-01-29,2024-01-29 14:54:00,1168.68,1168.74,1168.68,1168.74,0.01,11.53,13420.94,1
2024-01-29,2024-01-29 14:55:00,1168.74,1168.79,1168.74,1168.79,0.0,11.53,13420.94,1
2024-01-29,2024-01-29 14:56:00,1168.79,1168.84,1168.79,1168.84,0.0,11.53,13420.94,1
2024-01-29,2024-01-29 14:57:00,1168.84,1168.89,1168.84,1168.89,0.0,11.53,13420.94,1
2024-01-29,2024-01-29 14:58:00,1168.89,1168.95,1168.89,1168.95,0.01,11.53,13420.94,1
2024-01-29,2024-01-29 14:59:00,1168.95,1169.0,1168.95,1169.0,0.0,11.53,13420.94,1
2024-01-29,2024-01-29 15:00:00,1169.0,1188.0,1155.0,1169.0,0.0,11.53,13420.94,0
2024-01-30,2024-01-30 11:00:00,1145.7,1173.69,1145.7,1145.72,0.0,17.39,20162.71,1
2024-01-30,2024-01-30 11:01:00,1145.72,1145.74,1145.72,1145.74,0.0,17.39,20162.71,1
2024-01-30,2024-01-30 11:02:00,1145.74,1145.77,1145.74,1145.77,0.0,17.39,20162.71,1
2024-01-30,2024-01-30 11:03:00,1145.77,1145.79,1145.77,1145.79,0.0,17.39,20162.71,1
2024-01-30,2024-01-30 11:04:00,1145.79,1145.81,1145.79,1145.81,0.0,17.39,20162.71,1
2024-01-30,2024-01-30 11:05:00,1145.81,1145.83,1145.81,1145.83,0.0,17.39,20162.71,1
2024-01-30,2024-01-30 11:06:00,1145.83,1145.85,1145.83,1145.85,0.0,17.39,20162.71,1
2024-01-30,2024-01-30 11:07:00,1145.85,1145.88,1145.85,1145.88,0.0,17.39,20162.71,1
2024-01-30,2024-01-30 11:08:00,1145.88,1145.9,1145.88,1145.9,0.0,17.39,20162.71,1
2024-01-30,2024-01-30 11:09:00,1145.9,1145.92,1145.9,1145.92,0.0,17.39,20162.71,1
2024-01-30,2024-01-30 11:10:00,1145.92,1145.94,1145.92,1145.94,0.0,17.39,20162.71,1
2024-01-30,2024-01-30 11:11:00,1145.94,1145.97,1145.94,1145.97,0.0,17.39,20162.71,1
2024-01-30,2024-01-30 11:12:00,1145.97,1145.99,1145.97,1145.99,0.0,17.39,20162.71,1
2024-01-30,2024-01-30 11:13:00,1145.99,1146.01,1145.99,1146.01,0.0,17.39,20162.71,1
2024-01-30,2024-01-30 11:14:00,1146.01,1146.03,1146.01,1146.03,0.0,17.39,20162.71,1
2024-01-30,2024-01-30 11:15:00,1146.03,1146.05,1146.03,1146.05,0.0,17.39,20162.71,1
2024-01-30,2024-01-30 11:16:00,1146.05,1146.08,1146.05,1146.08,0.0,17.39,20162.71,1
2024-01-30,2024-01-30 11:17:00,1146.08,1146.1,1146.08,1146.1,0.0,17.39,20162.71,1
2024-01-30,2024-01-30 11:18:00,1146.1,1146.12,1146.1,1146.12,0.0,17.39,20162.71,1
2024-01-30,2024-01-30 11:19:00,1146.12,1146.14,1146.12,1146.14,0.0,17.39,20162.71,1
2024-01-30,2024-01-30 11:20:00,1146.14,1146.16,1146.14,1146.16,0.0,17.39,20162.71,1
2024-01-30,2024-01-30 11:21:00,1146.16,1146.19,1146.16,1146.19,0.0,17.39,20162.71,1
2024-01-30,2024-01-30 11:22:00,1146.19,1146.21,1146.19,1146.21,0.0,17.39,20162.71,1
2024-01-30,2024-01-30 11:23:00,1146.21,1146.23,1146.21,1146.23,0.0,17.39,20162.71,1
2024-01-30,2024-01-30 11:24:00,1146.23,1146.25,1146.23,1146.25,0.0,17.39,20162.71,1
2024-01-30,2024-01-30 11:25:00,1146.25,1146.27,1146.25,1146.27,0.0,17.39,20162.71,1
2024-01-30,2024-01-30 11:26:00,1146.27,1146.3,1146.27,1146.3,0.0,17.39,20162.71,1
2024-01-30,2024-01-30 11:27:00,1146.3,1146.32,1146.3,1146.32,0.0,17.39,20162.71,1
2024-01-30,2024-01-30 11:28:00,1146.32,1146.34,1146.32,1146.34,0.0,17.39,20162.71,1
2024-01-30,2024-01-30 11:29:00,1146.34,1146.36,1146.34,1146.36,0.0,17.39,20162.71,1
2024-01-30,2024-01-30 11:30:00,1146.36,1146.38,1146.36,1146.38,0.0,17.39,20162.71,1
2024-01-30,2024-01-30 11:31:00,1146.38,1146.41,1146.38,1146.41,0.0,17.39,20162.71,1
2024-01-30,2024-01-30 11:32:00,1146.41,1146.43,1146.41,1146.43,0.0,17.39,20162.71,1
2024-01-30,2024-01-30 11:33:00,1146.43,1146.45,1146.43,1146.45,0.0,17.39,20162.71,1
2024-01-30,2024-01-30 11:34:00,1146.45,1146.47,1146.45,1146.47,0.0,17.39,20162.71,1
2024-01-30,2024-01-30 11:35:00,1146.47,1146.5,1146.47,1146.5,0.0,17.39,20162.71,1
2024-01-30,2024-01-30 11:36:00,1146.5,1146.52,1146.5,1146.52,0.0,17.39,20162.71,1
2024-01-30,2024-01-30 11:37:00,1146.52,1146.54,1146.52,1146.54,0.0,17.39,20162.71,1
2024-01-30,2024-01-30 11:38:00,1146.54,1146.56,1146.54,1146.56,0.0,17.39,20162.71,1
2024-01-30,2024-01-30 11:39:00,1146.56,1146.58,1146.56,1146.58,0.0,17.39,20162.71,1
2024-01-30,2024-01-30 11:40:00,1146.58,1146.61,1146.58,1146.61,0.0,17.39,20162.71,1
2024-01-30,2024-01-30 11:41:00,1146.61,1146.63,1146.61,1146.63,0.0,17.39,20162.71,1
2024-01-30,2024-01-30 11:42:00,1146.63,1146.65,1146.63,1146.65,0.0,17.39,20162.71,1
2024-01-30,2024-01-30 11:43:00,1146.65,1146.67,1146.65,1146.67,0.0,17.39,20162.71,1
2024-01-30,2024-01-30 11:44:00,1146.67,1146.69,1146.67,1146.69,0.0,17.39,20162.71,1
2024-01-30,2024-01-30 11:45:00,1146.69,1146.72,1146.69,1146.72,0.0,17.39,20162.71,1
2024-01-30,2024-01-30 11:46:00,1146.72,1146.74,1146.72,1146.74,0.0,17.39,20162.71,1
2024-01-30,2024-01-30 11:47:00,1146.74,1146.76,1146.74,1146.76,0.0,17.39,20162.71,1
2024-01-30,2024-01-30 11:48:00,1146.76,1146.78,1146.76,1146.78,0.0,17.39,20162.71,1
2024-01-30,2024-01-30 11:49:00,1146.78,1146.8,1146.78,1146.8,0.0,17.39,20162.71,1
2024-01-30,2024-01-30 11:50:00,1146.8,1146.83,1146.8,1146.83,0.0,17.39,20162.71,1
2024-01-30,2024-01-30 11:51:00,1146.83,1146.85,1146.83,1146.85,0.0,17.39,20162.71,1
2024-01-30,2024-01-30 11:52:00,1146.85,1146.87,1146.85,1146.87,0.0,17.39,20162.71,1
2024-01-30,2024-01-30 11:53:00,1146.87,1146.89,1146.87,1146.89,0.0,17.39,20162.71,1
2024-01-30,2024-01-30 11:54:00,1146.89,1146.91,1146.89,1146.91,0.0,17.39,20162.71,1
2024-01-30,2024-01-30 11:55:00,1146.91,1146.94,1146.91,1146.94,0.0,17.39,20162.71,1
2024-01-30,2024-01-30 11:56:00,1146.94,1146.96,1146.94,1146.96,0.0,17.39,20162.71,1
2024-01-30,2024-01-30 11:57:00,1146.96,1146.98,1146.96,1146.98,0.0,17.39,20162.71,1
2024-01-30,2024-01-30 11:58:00,1146.98,1147.0,1146.98,1147.0,0.0,17.39,20162.71,1
2024-01-30,2024-01-30 11:59:00,1147.0,1147.03,1147.0,1147.03,0.0,17.39,20162.71,1
2024-01-30,2024-01-30 12:00:00,1147.03,1147.05,1147.03,1147.05,0.0,17.39,20162.71,1
2024-01-30,2024-01-30 12:01:00,1147.05,1147.07,1147.05,1147.07,0.0,17.39,20162.71,1
2024-01-30,2024-01-30 12:02:00,1147.07,1147.09,1147.07,1147.09,0.0,17.39,20162.71,1
2024-01-30,2024-01-30 12:03:00,1147.09,1147.11,1147.09,1147.11,0.0,17.39,20162.71,1
2024-01-30,2024-01-30 12:04:00,1147.11,1147.14,1147.11,1147.14,0.0,17.39,20162.71,1
2024-01-30,2024-01-30 12:05:00,1147.14,1147.16,1147.14,1147.16,0.0,17.39,20162.71,1
2024-01-30,2024-01-30 12:06:00,1147.16,1147.18,1147.16,1147.18,0.0,17.39,20162.71,1
2024-01-30,2024-01-30 12:07:00,1147.18,1147.2,1147.18,1147.2,0.0,17.39,20162.71,1
2024-01-30,2024-01-30 12:08:00,1147.2,1147.22,1147.2,1147.22,0.0,17.39,20162.71,1
2024-01-30,2024-01-30 12:09:00,1147.22,1147.25,1147.22,1147.25,0.0,17.39,20162.71,1
2024-01-30,2024-01-30 12:10:00,1147.25,1147.27,1147.25,1147.27,0.0,17.39,20162.71,1
2024-01-30,2024-01-30 12:11:00,1147.27,1147.29,1147.27,1147.29,0.0,17.39,20162.71,1
2024-01-30,2024-01-30 12:12:00,1147.29,1147.31,1147.29,1147.31,0.0,17.39,20162.71,1
2024-01-30,2024-01-30 12:13:00,1147.31,1147.33,1147.31,1147.33,0.0,17.39,20162.71,1
2024-01-30,2024-01-30 12:14:00,1147.33,1147.36,1147.33,1147.36,0.0,17.39,20162.71,1
2024-01-30,2024-01-30 12:15:00,1147.36,1147.38,1147.36,1147.38,0.0,17.39,20162.71,1
2024-01-30,2024-01-30 12:16:00,1147.38,1147.4,1147.38,1147.4,0.0,17.39,20162.71,1
2024-01-30,2024-01-30 12:17:00,1147.4,1147.42,1147.4,1147.42,0.0,17.39,20162.71,1
2024-01-30,2024-01-30 12:18:00,1147.42,1147.44,1147.42,1147.44,0.0,17.39,20162.71,1
2024-01-30,2024-01-30 12:19:00,1147.44,1147.47,1147.44,1147.47,0.0,17.39,20162.71,1
2024-01-30,2024-01-30 12:20:00,1147.47,1147.49,1147.47,1147.49,0.0,17.39,20162.71,1
2024-01-30,2024-01-30 12:21:00,1147.49,1147.51,1147.49,1147.51,0.0,17.39,20162.71,1
2024-01-30,2024-01-30 12:22:00,1147.51,1147.53,1147.51,1147.53,0.0,17.39,20162.71,1
2024-01-30,2024-01-30 12:23:00,1147.53,1147.56,1147.53,1147.56,0.0,17.39,20162.71,1
2024-01-30,2024-01-30 12:24:00,1147.56,1147.58,1147.56,1147.58,0.0,17.39,20162.71,1
2024-01-30,2024-01-30 12:25:00,1147.58,1147.6,1147.58,1147.6,0.0,17.39,20162.71,1
2024-01-30,2024-01-30 12:26:00,1147.6,1147.62,1147.6,1147.62,0.0,17.39,20162.71,1
2024-01-30,2024-01-30 12:27:00,1147.62,1147.64,1147.62,1147.64,0.0,17.39,20162.71,1
2024-01-30,2024-01-30 12:28:00,1147.64,1147.67,1147.64,1147.67,0.0,17.39,20162.71,1
2024-01-30,2024-01-30 12:29:00,1147.67,1147.69,1147.67,1147.69,0.0,17.39,20162.71,1
2024-01-30,2024-01-30 12:30:00,1147.69,1147.71,1147.69,1147.71,0.0,17.39,20162.71,1
2024-01-30,2024-01-30 12:31:00,1147.71,1147.73,1147.71,1147.73,0.0,17.39,20162.71,1
2024-01-30,2024-01-30 12:32:00,1147.73,1147.75,1147.73,1147.75,0.0,17.39,20162.71,1
2024-01-30,2024-01-30 12:33:00,1147.75,1147.78,1147.75,1147.78,0.0,17.39,20162.71,1
2024-01-30,2024-01-30 12:34:00,1147.78,1147.8,1147.78,1147.8,0.0,17.39,20162.71,1
2024-01-30,2024-01-30 12:35:00,1147.8,1147.82,1147.8,1147.82,0.0,17.39,20162.71,1
2024-01-30,2024-01-30 12:36:00,1147.82,1147.84,1147.82,1147.84,0.0,17.39,20162.71,1
2024-01-30,2024-01-30 12:37:00,1147.84,1147.86,1147.84,1147.86,0.0,17.39,20162.71,1
2024-01-30,2024-01-30 12:38:00,1147.86,1147.89,1147.86,1147.89,0.0,17.39,20162.71,1
2024-01-30,2024-01-30 12:39:00,1147.89,1147.91,1147.89,1147.91,0.0,17.39,20162.71,1
2024-01-30,2024-01-30 12:40:00,1147.91,1147.93,1147.91,1147.93,0.0,17.39,20162.71,1
2024-01-30,2024-01-30 12:41:00,1147.93,1147.95,1147.93,1147.95,0.0,17.39,20162.71,1
2024-01-30,2024-01-30 12:42:00,1147.95,1147.97,1147.95,1147.97,0.0,17.39,20162.71,1
2024-01-30,2024-01-30 12:43:00,1147.97,1148.0,1147.97,1148.0,0.0,17.39,20162.71,1
2024-01-30,2024-01-30 12:44:00,1148.0,1148.02,1148.0,1148.02,0.0,17.39,20162.71,1
2024-01-30,2024-01-30 12:45:00,1148.02,1148.04,1148.02,1148.04,0.0,17.39,20162.71,1
2024-01-30,2024-01-30 12:46:00,1148.04,1148.06,1148.04,1148.06,0.0,17.39,20162.71,1
2024-01-30,2024-01-30 12:47:00,1148.06,1148.09,1148.06,1148.09,0.0,17.39,20162.71,1
2024-01-30,2024-01-30 12:48:00,1148.09,1148.11,1148.09,1148.11,0.0,17.39,20162.71,1
2024-01-30,2024-01-30 12:49:00,1148.11,1148.13,1148.11,1148.13,0.0,17.39,20162.71,1
2024-01-30,2024-01-30 12:50:00,1148.13,1148.15,1148.13,1148.15,0.0,17.39,20162.71,1
2024-01-30,2024-01-30 12:51:00,1148.15,1148.17,1148.15,1148.17,0.0,17.39,20162.71,1
2024-01-30,2024-01-30 12:52:00,1148.17,1148.2,1148.17,1148.2,0.0,17.39,20162.71,1
2024-01-30,2024-01-30 12:53:00,1148.2,1148.22,1148.2,1148.22,0.0,17.39,20162.71,1
2024-01-30,2024-01-30 12:54:00,1148.22,1148.24,1148.22,1148.24,0.0,17.39,20162.71,1
2024-01-30,2024-01-30 12:55:00,1148.24,1148.26,1148.24,1148.26,0.0,17.39,20162.71,1
2024-01-30,2024-01-30 12:56:00,1148.26,1148.28,1148.26,1148.28,0.0,17.39,20162.71,1
2024-01-30,2024-01-30 12:57:00,1148.28,1148.31,1148.28,1148.31,0.0,17.39,20162.71,1
2024-01-30,2024-01-30 12:58:00,1148.31,1148.33,1148.31,1148.33,0.0,17.39,20162.71,1
2024-01-30,2024-01-30 12:59:00,1148.33,1148.35,1148.33,1148.35,0.0,17.39,20162.71,1
2024-01-30,2024-01-30 13:00:00,1148.35,1239.0,1145.7,1148.37,0.0,17.39,20162.71,1
2024-01-30,2024-01-30 13:01:00,1148.37,1148.39,1148.37,1148.39,0.0,17.39,20162.71,1
2024-01-30,2024-01-30 13:02:00,1148.39,1148.42,1148.39,1148.42,0.0,17.39,20162.71,1
2024-01-30,2024-01-30 13:03:00,1148.42,1148.44,1148.42,1148.44,0.0,17.39,20162.71,1
2024-01-30,2024-01-30 13:04:00,1148.44,1148.46,1148.44,1148.46,0.0,17.39,20162.71,1
2024-01-30,2024-01-30 13:05:00,1148.46,1148.48,1148.46,1148.48,0.0,17.39,20162.71,1
2024-01-30,2024-01-30 13:06:00,1148.48,1148.5,1148.48,1148.5,0.0,17.39,20162.71,1
2024-01-30,2024-01-30 13:07:00,1148.5,1148.53,1148.5,1148.53,0.0,17.39,20162.71,1
2024-01-30,2024-01-30 13:08:00,1148.53,1148.55,1148.53,1148.55,0.0,17.39,20162.71,1
2024-01-30,2024-01-30 13:09:00,1148.55,1148.57,1148.55,1148.57,0.0,17.39,20162.71,1
2024-01-30,2024-01-30 13:10:00,1148.57,1148.59,1148.57,1148.59,0.0,17.39,20162.71,1
2024-01-30,2024-01-30 13:11:00,1148.59,1148.62,1148.59,1148.62,0.0,17.39,20162.71,1
2024-01-30,2024-01-30 13:12:00,1148.62,1148.64,1148.62,1148.64,0.0,17.39,20162.71,1
2024-01-30,2024-01-30 13:13:00,1148.64,1148.66,1148.64,1148.66,0.0,17.39,20162.71,1
2024-01-30,2024-01-30 13:14:00,1148.66,1148.68,1148.66,1148.68,0.0,17.39,20162.71,1
2024-01-30,2024-01-30 13:15:00,1148.68,1148.7,1148.68,1148.7,0.0,17.39,20162.71,1
2024-01-30,2024-01-30 13:16:00,1148.7,1148.73,1148.7,1148.73,0.0,17.39,20162.71,1
2024-01-30,2024-01-30 13:17:00,1148.73,1148.75,1148.73,1148.75,0.0,17.39,20162.71,1
2024-01-30,2024-01-30 13:18:00,1148.75,1148.77,1148.75,1148.77,0.0,17.39,20162.71,1
2024-01-30,2024-01-30 13:19:00,1148.77,1148.79,1148.77,1148.79,0.0,17.39,20162.71,1
2024-01-30,2024-01-30 13:20:00,1148.79,1148.81,1148.79,1148.81,0.0,17.39,20162.71,1
2024-01-30,2024-01-30 13:21:00,1148.81,1148.84,1148.81,1148.84,0.0,17.39,20162.71,1
2024-01-30,2024-01-30 13:22:00,1148.84,1148.86,1148.84,1148.86,0.0,17.39,20162.71,1
2024-01-30,2024-01-30 13:23:00,1148.86,1148.88,1148.86,1148.88,0.0,17.39,20162.71,1
2024-01-30,2024-01-30 13:24:00,1148.88,1148.9,1148.88,1148.9,0.0,17.39,20162.71,1
2024-01-30,2024-01-30 13:25:00,1148.9,1148.92,1148.9,1148.92,0.0,17.39,20162.71,1
2024-01-30,2024-01-30 13:26:00,1148.92,1148.95,1148.92,1148.95,0.0,17.39,20162.71,1
2024-01-30,2024-01-30 13:27:00,1148.95,1148.97,1148.95,1148.97,0.0,17.39,20162.71,1
2024-01-30,2024-01-30 13:28:00,1148.97,1148.99,1148.97,1148.99,0.0,17.39,20162.71,1
2024-01-30,2024-01-30 13:29:00,1148.99,1149.01,1148.99,1149.01,0.0,17.39,20162.71,1
2024-01-30,2024-01-30 13:30:00,1149.01,1149.03,1149.01,1149.03,0.0,17.39,20162.71,1
2024-01-30,2024-01-30 13:31:00,1149.03,1149.06,1149.03,1149.06,0.0,17.39,20162.71,1
2024-01-30,2024-01-30 13:32:00,1149.06,1149.08,1149.06,1149.08,0.0,17.39,20162.71,1
2024-01-30,2024-01-30 13:33:00,1149.08,1149.1,1149.08,1149.1,0.0,17.39,20162.71,1
2024-01-30,2024-01-30 13:34:00,1149.1,1149.12,1149.1,1149.12,0.0,17.39,20162.71,1
2024-01-30,2024-01-30 13:35:00,1149.12,1149.14,1149.12,1149.14,0.0,17.39,20162.71,1
2024-01-30,2024-01-30 13:36:00,1149.14,1149.17,1149.14,1149.17,0.0,17.39,20162.71,1
2024-01-30,2024-01-30 13:37:00,1149.17,1149.19,1149.17,1149.19,0.0,17.39,20162.71,1
2024-01-30,2024-01-30 13:38:00,1149.19,1149.21,1149.19,1149.21,0.0,17.39,20162.71,1
2024-01-30,2024-01-30 13:39:00,1149.21,1149.23,1149.21,1149.23,0.0,17.39,20162.71,1
2024-01-30,2024-01-30 13:40:00,1149.23,1149.26,1149.23,1149.26,0.0,17.39,20162.71,1
2024-01-30,2024-01-30 13:41:00,1149.26,1149.28,1149.26,1149.28,0.0,17.39,20162.71,1
2024-01-30,2024-01-30 13:42:00,1149.28,1149.3,1149.28,1149.3,0.0,17.39,20162.71,1
2024-01-30,2024-01-30 13:43:00,1149.3,1149.32,1149.3,1149.32,0.0,17.39,20162.71,1
2024-01-30,2024-01-30 13:44:00,1149.32,1149.34,1149.32,1149.34,0.0,17.39,20162.71,1
2024-01-30,2024-01-30 13:45:00,1149.34,1149.37,1149.34,1149.37,0.0,17.39,20162.71,1
2024-01-30,2024-01-30 13:46:00,1149.37,1149.39,1149.37,1149.39,0.0,17.39,20162.71,1
2024-01-30,2024-01-30 13:47:00,1149.39,1149.41,1149.39,1149.41,0.0,17.39,20162.71,1
2024-01-30,2024-01-30 13:48:00,1149.41,1149.43,1149.41,1149.43,0.0,17.39,20162.71,1
2024-01-30,2024-01-30 13:49:00,1149.43,1149.45,1149.43,1149.45,0.0,17.39,20162.71,1
2024-01-30,2024-01-30 13:50:00,1149.45,1149.48,1149.45,1149.48,0.0,17.39,20162.71,1
2024-01-30,2024-01-30 13:51:00,1149.48,1149.5,1149.48,1149.5,0.0,17.39,20162.71,1
2024-01-30,2024-01-30 13:52:00,1149.5,1149.52,1149.5,1149.52,0.0,17.39,20162.71,1
2024-01-30,2024-01-30 13:53:00,1149.52,1149.54,1149.52,1149.54,0.0,17.39,20162.71,1
2024-01-30,2024-01-30 13:54:00,1149.54,1149.56,1149.54,1149.56,0.0,17.39,20162.71,1
2024-01-30,2024-01-30 13:55:00,1149.56,1149.59,1149.56,1149.59,0.0,17.39,20162.71,1
2024-01-30,2024-01-30 13:56:00,1149.59,1149.61,1149.59,1149.61,0.0,17.39,20162.71,1
2024-01-30,2024-01-30 13:57:00,1149.61,1149.63,1149.61,1149.63,0.0,17.39,20162.71,1
2024-01-30,2024-01-30 13:58:00,1149.63,1149.65,1149.63,1149.65,0.0,17.39,20162.71,1
2024-01-30,2024-01-30 13:59:00,1149.65,1149.67,1149.65,1149.67,0.0,17.39,20162.71,1
2024-01-30,2024-01-30 14:00:00,1149.67,1149.7,1149.67,1149.7,0.0,17.39,20162.71,1
2024-01-30,2024-01-30 14:01:00,1149.7,1149.72,1149.7,1149.72,0.0,17.39,20162.71,1
2024-01-30,2024-01-30 14:02:00,1149.72,1149.74,1149.72,1149.74,0.0,17.39,20162.71,1
2024-01-30,2024-01-30 14:03:00,1149.74,1149.76,1149.74,1149.76,0.0,17.39,20162.71,1
2024-01-30,2024-01-30 14:04:00,1149.76,1149.79,1149.76,1149.79,0.0,17.39,20162.71,1
2024-01-30,2024-01-30 14:05:00,1149.79,1149.81,1149.79,1149.81,0.0,17.39,20162.71,1
2024-01-30,2024-01-30 14:06:00,1149.81,1149.83,1149.81,1149.83,0.0,17.39,20162.71,1
2024-01-30,2024-01-30 14:07:00,1149.83,1149.85,1149.83,1149.85,0.0,17.39,20162.71,1
2024-01-30,2024-01-30 14:08:00,1149.85,1149.87,1149.85,1149.87,0.0,17.39,20162.71,1
2024-01-30,2024-01-30 14:09:00,1149.87,1149.9,1149.87,1149.9,0.0,17.39,20162.71,1
2024-01-30,2024-01-30 14:10:00,1149.9,1149.92,1149.9,1149.92,0.0,17.39,20162.71,1
2024-01-30,2024-01-30 14:11:00,1149.92,1149.94,1149.92,1149.94,0.0,17.39,20162.71,1
2024-01-30,2024-01-30 14:12:00,1149.94,1149.96,1149.94,1149.96,0.0,17.39,20162.71,1
2024-01-30,2024-01-30 14:13:00,1149.96,1149.98,1149.96,1149.98,0.0,17.39,20162.71,1
2024-01-30,2024-01-30 14:14:00,1149.98,1150.01,1149.98,1150.01,0.0,17.39,20162.71,1
2024-01-30,2024-01-30 14:15:00,1150.01,1150.03,1150.01,1150.03,0.0,17.39,20162.71,1
2024-01-30,2024-01-30 14:16:00,1150.03,1150.05,1150.03,1150.05,0.0,17.39,20162.71,1
2024-01-30,2024-01-30 14:17:00,1150.05,1150.07,1150.05,1150.07,0.0,17.39,20162.71,1
2024-01-30,2024-01-30 14:18:00,1150.07,1150.09,1150.07,1150.09,0.0,17.39,20162.71,1
2024-01-30,2024-01-30 14:19:00,1150.09,1150.12,1150.09,1150.12,0.0,17.39,20162.71,1
2024-01-30,2024-01-30 14:20:00,1150.12,1150.14,1150.12,1150.14,0.0,17.39,20162.71,1
2024-01-30,2024-01-30 14:21:00,1150.14,1150.16,1150.14,1150.16,0.0,17.39,20162.71,1
2024-01-30,2024-01-30 14:22:00,1150.16,1150.18,1150.16,1150.18,0.0,17.39,20162.71,1
2024-01-30,2024-01-30 14:23:00,1150.18,1150.2,1150.18,1150.2,0.0,17.39,20162.71,1
2024-01-30,2024-01-30 14:24:00,1150.2,1150.23,1150.2,1150.23,0.0,17.39,20162.71,1
2024-01-30,2024-01-30 14:25:00,1150.23,1150.25,1150.23,1150.25,0.0,17.39,20162.71,1
2024-01-30,2024-01-30 14:26:00,1150.25,1150.27,1150.25,1150.27,0.0,17.39,20162.71,1
2024-01-30,2024-01-30 14:27:00,1150.27,1150.29,1150.27,1150.29,0.0,17.39,20162.71,1
2024-01-30,2024-01-30 14:28:00,1150.29,1150.32,1150.29,1150.32,0.0,17.39,20162.71,1
2024-01-30,2024-01-30 14:29:00,1150.32,1150.34,1150.32,1150.34,0.0,17.39,20162.71,1
2024-01-30,2024-01-30 14:30:00,1150.34,1150.36,1150.34,1150.36,0.0,17.39,20162.71,1
2024-01-30,2024-01-30 14:31:00,1150.36,1150.38,1150.36,1150.38,0.0,17.39,20162.71,1
2024-01-30,2024-01-30 14:32:00,1150.38,1150.4,1150.38,1150.4,0.0,17.39,20162.71,1
2024-01-30,2024-01-30 14:33:00,1150.4,1150.43,1150.4,1150.43,0.0,17.39,20162.71,1
2024-01-30,2024-01-30 14:34:00,1150.43,1150.45,1150.43,1150.45,0.0,17.39,20162.71,1
2024-01-30,2024-01-30 14:35:00,1150.45,1150.47,1150.45,1150.47,0.0,17.39,20162.71,1
2024-01-30,2024-01-30 14:36:00,1150.47,1150.49,1150.47,1150.49,0.0,17.39,20162.71,1
2024-01-30,2024-01-30 14:37:00,1150.49,1150.51,1150.49,1150.51,0.0,17.39,20162.71,1
2024-01-30,2024-01-30 14:38:00,1150.51,1150.54,1150.51,1150.54,0.0,17.39,20162.71,1
2024-01-30,2024-01-30 14:39:00,1150.54,1150.56,1150.54,1150.56,0.0,17.39,20162.71,1
2024-01-30,2024-01-30 14:40:00,1150.56,1150.58,1150.56,1150.58,0.0,17.39,20162.71,1
2024-01-30,2024-01-30 14:41:00,1150.58,1150.6,1150.58,1150.6,0.0,17.39,20162.71,1
2024-01-30,2024-01-30 14:42:00,1150.6,1150.62,1150.6,1150.62,0.0,17.39,20162.71,1
2024-01-30,2024-01-30 14:43:00,1150.62,1150.65,1150.62,1150.65,0.0,17.39,20162.71,1
2024-01-30,2024-01-30 14:44:00,1150.65,1150.67,1150.65,1150.67,0.0,17.39,20162.71,1
2024-01-30,2024-01-30 14:45:00,1150.67,1150.69,1150.67,1150.69,0.0,17.39,20162.71,1
2024-01-30,2024-01-30 14:46:00,1150.69,1150.71,1150.69,1150.71,0.0,17.39,20162.71,1
2024-01-30,2024-01-30 14:47:00,1150.71,1150.73,1150.71,1150.73,0.0,17.39,20162.71,1
2024-01-30,2024-01-30 14:48:00,1150.73,1150.76,1150.73,1150.76,0.0,17.39,20162.71,1
2024-01-30,2024-01-30 14:49:00,1150.76,1150.78,1150.76,1150.78,0.0,17.39,20162.71,1
2024-01-30,2024-01-30 14:50:00,1150.78,1150.8,1150.78,1150.8,0.0,17.39,20162.71,1
2024-01-30,2024-01-30 14:51:00,1150.8,1150.82,1150.8,1150.82,0.0,17.39,20162.71,1
2024-01-30,2024-01-30 14:52:00,1150.82,1150.85,1150.82,1150.85,0.0,17.39,20162.71,1
2024-01-30,2024-01-30 14:53:00,1150.85,1150.87,1150.85,1150.87,0.0,17.39,20162.71,1
2024-01-30,2024-01-30 14:54:00,1150.87,1150.89,1150.87,1150.89,0.0,17.39,20162.71,1
2024-01-30,2024-01-30 14:55:00,1150.89,1150.91,1150.89,1150.91,0.0,17.39,20162.71,1
2024-01-30,2024-01-30 14:56:00,1150.91,1150.93,1150.91,1150.93,0.0,17.39,20162.71,1
2024-01-30,2024-01-30 14:57:00,1150.93,1150.96,1150.93,1150.96,0.0,17.39,20162.71,1
2024-01-30,2024-01-30 14:58:00,1150.96,1150.98,1150.96,1150.98,0.0,17.39,20162.71,1
2024-01-30,2024-01-30 14:59:00,1150.98,1151.0,1150.98,1151.0,0.0,17.39,20162.71,1
2024-01-30,2024-01-30 15:00:00,1151.0,1239.0,1145.7,1151.0,0.0,17.39,20162.71,0
2024-01-31,2024-01-31 11:00:00,1128.0,1140.6,1125.6,1127.99,-0.0,19.88,22577.91,-1
2024-01-31,2024-01-31 11:01:00,1127.99,1127.99,1127.97,1127.97,-0.0,19.88,22577.91,-1
2024-01-31,2024-01-31 11:02:00,1127.97,1127.97,1127.96,1127.96,-0.0,19.88,22577.91,-1
2024-01-31,2024-01-31 11:03:00,1127.96,1127.96,1127.95,1127.95,-0.0,19.88,22577.91,-1
2024-01-31,2024-01-31 11:04:00,1127.95,1127.95,1127.94,1127.94,-0.0,19.88,22577.91,-1
2024-01-31,2024-01-31 11:05:00,1127.94,1127.94,1127.92,1127.92,-0.0,19.88,22577.91,-1
2024-01-31,2024-01-31 11:06:00,1127.92,1127.92,1127.91,1127.91,-0.0,19.88,22577.91,-1
2024-01-31,2024-01-31 11:07:00,1127.91,1127.91,1127.9,1127.9,-0.0,19.88,22577.91,-1
2024-01-31,2024-01-31 11:08:00,1127.9,1127.9,1127.89,1127.89,-0.0,19.88,22577.91,-1
2024-01-31,2024-01-31 11:09:00,1127.89,1127.89,1127.88,1127.88,-0.0,19.88,22577.91,-1
2024-01-31,2024-01-31 11:10:00,1127.88,1127.88,1127.86,1127.86,-0.0,19.88,22577.91,-1
2024-01-31,2024-01-31 11:11:00,1127.86,1127.86,1127.85,1127.85,-0.0,19.88,22577.91,-1
2024-01-31,2024-01-31 11:12:00,1127.85,1127.85,1127.84,1127.84,-0.0,19.88,22577.91,-1
2024-01-31,2024-01-31 11:13:00,1127.84,1127.84,1127.83,1127.83,-0.0,19.88,22577.91,-1
2024-01-31,2024-01-31 11:14:00,1127.83,1127.83,1127.81,1127.81,-0.0,19.88,22577.91,-1
2024-01-31,2024-01-31 11:15:00,1127.81,1127.81,1127.8,1127.8,-0.0,19.88,22577.91,-1
2024-01-31,2024-01-31 11:16:00,1127.8,1127.8,1127.79,1127.79,-0.0,19.88,22577.91,-1
2024-01-31,2024-01-31 11:17:00,1127.79,1127.79,1127.78,1127.78,-0.0,19.88,22577.91,-1
2024-01-31,2024-01-31 11:18:00,1127.78,1127.78,1127.76,1127.76,-0.0,19.88,22577.91,-1
2024-01-31,2024-01-31 11:19:00,1127.76,1127.76,1127.75,1127.75,-0.0,19.88,22577.91,-1
2024-01-31,2024-01-31 11:20:00,1127.75,1127.75,1127.74,1127.74,-0.0,19.88,22577.91,-1
2024-01-31,2024-01-31 11:21:00,1127.74,1127.74,1127.72,1127.72,-0.0,19.88,22577.91,-1
2024-01-31,2024-01-31 11:22:00,1127.72,1127.72,1127.71,1127.71,-0.0,19.88,22577.91,-1
2024-01-31,2024-01-31 11:23:00,1127.71,1127.71,1127.7,1127.7,-0.0,19.88,22577.91,-1
2024-01-31,2024-01-31 11:24:00,1127.7,1127.7,1127.69,1127.69,-0.0,19.88,22577.91,-1
2024-01-31,2024-01-31 11:25:00,1127.69,1127.69,1127.67,1127.67,-0.0,19.88,22577.91,-1
2024-01-31,2024-01-31 11:26:00,1127.67,1127.67,1127.66,1127.66,-0.0,19.88,22577.91,-1
2024-01-31,2024-01-31 11:27:00,1127.66,1127.66,1127.65,1127.65,-0.0,19.88,22577.91,-1
2024-01-31,2024-01-31 11:28:00,1127.65,1127.65,1127.64,1127.64,-0.0,19.88,22577.91,-1
2024-01-31,2024-01-31 11:29:00,1127.64,1127.64,1127.62,1127.62,-0.0,19.88,22577.91,-1
2024-01-31,2024-01-31 11:30:00,1127.62,1127.62,1127.61,1127.61,-0.0,19.88,22577.91,-1
2024-01-31,2024-01-31 11:31:00,1127.61,1127.61,1127.6,1127.6,-0.0,19.88,22577.91,-1
2024-01-31,2024-01-31 11:32:00,1127.6,1127.6,1127.59,1127.59,-0.0,19.88,22577.91,-1
2024-01-31,2024-01-31 11:33:00,1127.59,1127.59,1127.58,1127.58,-0.0,19.88,22577.91,-1
2024-01-31,2024-01-31 11:34:00,1127.58,1127.58,1127.56,1127.56,-0.0,19.88,22577.91,-1
2024-01-31,2024-01-31 11:35:00,1127.56,1127.56,1127.55,1127.55,-0.0,19.88,22577.91,-1
2024-01-31,2024-01-31 11:36:00,1127.55,1127.55,1127.54,1127.54,-0.0,19.88,22577.91,-1
2024-01-31,2024-01-31 11:37:00,1127.54,1127.54,1127.53,1127.53,-0.0,19.88,22577.91,-1
2024-01-31,2024-01-31 11:38:00,1127.53,1127.53,1127.51,1127.51,-0.0,19.88,22577.91,-1
2024-01-31,2024-01-31 11:39:00,1127.51,1127.51,1127.5,1127.5,-0.0,19.88,22577.91,-1
2024-01-31,2024-01-31 11:40:00,1127.5,1127.5,1127.49,1127.49,-0.0,19.88,22577.91,-1
2024-01-31,2024-01-31 11:41:00,1127.49,1127.49,1127.47,1127.47,-0.0,19.88,22577.91,-1
2024-01-31,2024-01-31 11:42:00,1127.47,1127.47,1127.46,1127.46,-0.0,19.88,22577.91,-1
2024-01-31,2024-01-31 11:43:00,1127.46,1127.46,1127.45,1127.45,-0.0,19.88,22577.91,-1
2024-01-31,2024-01-31 11:44:00,1127.45,1127.45,1127.44,1127.44,-0.0,19.88,22577.91,-1
2024-01-31,2024-01-31 11:45:00,1127.44,1127.44,1127.42,1127.42,-0.0,19.88,22577.91,-1
2024-01-31,2024-01-31 11:46:00,1127.42,1127.42,1127.41,1127.41,-0.0,19.88,22577.91,-1
2024-01-31,2024-01-31 11:47:00,1127.41,1127.41,1127.4,1127.4,-0.0,19.88,22577.91,-1
2024-01-31,2024-01-31 11:48:00,1127.4,1127.4,1127.39,1127.39,-0.0,19.88,22577.91,-1
2024-01-31,2024-01-31 11:49:00,1127.39,1127.39,1127.38,1127.38,-0.0,19.88,22577.91,-1
2024-01-31,2024-01-31 11:50:00,1127.38,1127.38,1127.36,1127.36,-0.0,19.88,22577.91,-1
2024-01-31,2024-01-31 11:51:00,1127.36,1127.36,1127.35,1127.35,-0.0,19.88,22577.91,-1
2024-01-31,2024-01-31 11:52:00,1127.35,1127.35,1127.34,1127.34,-0.0,19.88,22577.91,-1
2024-01-31,2024-01-31 11:53:00,1127.34,1127.34,1127.33,1127.33,-0.0,19.88,22577.91,-1
2024-01-31,2024-01-31 11:54:00,1127.33,1127.33,1127.31,1127.31,-0.0,19.88,22577.91,-1
2024-01-31,2024-01-31 11:55:00,1127.31,1127.31,1127.3,1127.3,-0.0,19.88,22577.91,-1
2024-01-31,2024-01-31 11:56:00,1127.3,1127.3,1127.29,1127.29,-0.0,19.88,22577.91,-1
2024-01-31,2024-01-31 11:57:00,1127.29,1127.29,1127.28,1127.28,-0.0,19.88,22577.91,-1
2024-01-31,2024-01-31 11:58:00,1127.28,1127.28,1127.26,1127.26,-0.0,19.88,22577.91,-1
2024-01-31,2024-01-31 11:59:00,1127.26,1127.26,1127.25,1127.25,-0.0,19.88,22577.91,-1
2024-01-31,2024-01-31 12:00:00,1127.25,1127.25,1127.24,1127.24,-0.0,19.88,22577.91,-1
2024-01-31,2024-01-31 12:01:00,1127.24,1127.24,1127.22,1127.22,-0.0,19.88,22577.91,-1
2024-01-31,2024-01-31 12:02:00,1127.22,1127.22,1127.21,1127.21,-0.0,19.88,22577.91,-1
2024-01-31,2024-01-31 12:03:00,1127.21,1127.21,1127.2,1127.2,-0.0,19.88,22577.91,-1
2024-01-31,2024-01-31 12:04:00,1127.2,1127.2,1127.19,1127.19,-0.0,19.88,22577.91,-1
2024-01-31,2024-01-31 12:05:00,1127.19,1127.19,1127.17,1127.17,-0.0,19.88,22577.91,-1
2024-01-31,2024-01-31 12:06:00,1127.17,1127.17,1127.16,1127.16,-0.0,19.88,22577.91,-1
2024-01-31,2024-01-31 12:07:00,1127.16,1127.16,1127.15,1127.15,-0.0,19.88,22577.91,-1
2024-01-31,2024-01-31 12:08:00,1127.15,1127.15,1127.14,1127.14,-0.0,19.88,22577.91,-1
2024-01-31,2024-01-31 12:09:00,1127.14,1127.14,1127.12,1127.12,-0.0,19.88,22577.91,-1
2024-01-31,2024-01-31 12:10:00,1127.12,1127.12,1127.11,1127.11,-0.0,19.88,22577.91,-1
2024-01-31,2024-01-31 12:11:00,1127.11,1127.11,1127.1,1127.1,-0.0,19.88,22577.91,-1
2024-01-31,2024-01-31 12:12:00,1127.1,1127.1,1127.09,1127.09,-0.0,19.88,22577.91,-1
2024-01-31,2024-01-31 12:13:00,1127.09,1127.09,1127.08,1127.08,-0.0,19.88,22577.91,-1
2024-01-31,2024-01-31 12:14:00,1127.08,1127.08,1127.06,1127.06,-0.0,19.88,22577.91,-1
2024-01-31,2024-01-31 12:15:00,1127.06,1127.06,1127.05,1127.05,-0.0,19.88,22577.91,-1
2024-01-31,2024-01-31 12:16:00,1127.05,1127.05,1127.04,1127.04,-0.0,19.88,22577.91,-1
2024-01-31,2024-01-31 12:17:00,1127.04,1127.04,1127.03,1127.03,-0.0,19.88,22577.91,-1
2024-01-31,2024-01-31 12:18:00,1127.03,1127.03,1127.01,1127.01,-0.0,19.88,22577.91,-1
2024-01-31,2024-01-31 12:19:00,1127.01,1127.01,1127.0,1127.0,-0.0,19.88,22577.91,-1
2024-01-31,2024-01-31 12:20:00,1127.0,1127.0,1126.99,1126.99,-0.0,19.88,22577.91,-1
2024-01-31,2024-01-31 12:21:00,1126.99,1126.99,1126.97,1126.97,-0.0,19.88,22577.91,-1
2024-01-31,2024-01-31 12:22:00,1126.97,1126.97,1126.96,1126.96,-0.0,19.88,22577.91,-1
2024-01-31,2024-01-31 12:23:00,1126.96,1126.96,1126.95,1126.95,-0.0,19.88,22577.91,-1
2024-01-31,2024-01-31 12:24:00,1126.95,1126.95,1126.94,1126.94,-0.0,19.88,22577.91,-1
2024-01-31,2024-01-31 12:25:00,1126.94,1126.94,1126.92,1126.92,-0.0,19.88,22577.91,-1
2024-01-31,2024-01-31 12:26:00,1126.92,1126.92,1126.91,1126.91,-0.0,19.88,22577.91,-1
2024-01-31,2024-01-31 12:27:00,1126.91,1126.91,1126.9,1126.9,-0.0,19.88,22577.91,-1
2024-01-31,2024-01-31 12:28:00,1126.9,1126.9,1126.89,1126.89,-0.0,19.88,22577.91,-1
2024-01-31,2024-01-31 12:29:00,1126.89,1126.89,1126.88,1126.88,-0.0,19.88,22577.91,-1
2024-01-31,2024-01-31 12:30:00,1126.88,1126.88,1126.86,1126.86,-0.0,19.88,22577.91,-1
2024-01-31,2024-01-31 12:31:00,1126.86,1126.86,1126.85,1126.85,-0.0,19.88,22577.91,-1
2024-01-31,2024-01-31 12:32:00,1126.85,1126.85,1126.84,1126.84,-0.0,19.88,22577.91,-1
2024-01-31,2024-01-31 12:33:00,1126.84,1126.84,1126.83,1126.83,-0.0,19.88,22577.91,-1
2024-01-31,2024-01-31 12:34:00,1126.83,1126.83,1126.81,1126.81,-0.0,19.88,22577.91,-1
2024-01-31,2024-01-31 12:35:00,1126.81,1126.81,1126.8,1126.8,-0.0,19.88,22577.91,-1
2024-01-31,2024-01-31 12:36:00,1126.8,1126.8,1126.79,1126.79,-0.0,19.88,22577.91,-1
2024-01-31,2024-01-31 12:37:00,1126.79,1126.79,1126.78,1126.78,-0.0,19.88,22577.91,-1
2024-01-31,2024-01-31 12:38:00,1126.78,1126.78,1126.76,1126.76,-0.0,19.88,22577.91,-1
2024-01-31,2024-01-31 12:39:00,1126.76,1126.76,1126.75,1126.75,-0.0,19.88,22577.91,-1
2024-01-31,2024-01-31 12:40:00,1126.75,1126.75,1126.74,1126.74,-0.0,19.88,22577.91,-1
2024-01-31,2024-01-31 12:41:00,1126.74,1126.74,1126.72,1126.72,-0.0,19.88,22577.91,-1
2024-01-31,2024-01-31 12:42:00,1126.72,1126.72,1126.71,1126.71,-0.0,19.88,22577.91,-1
2024-01-31,2024-01-31 12:43:00,1126.71,1126.71,1126.7,1126.7,-0.0,19.88,22577.91,-1
2024-01-31,2024-01-31 12:44:00,1126.7,1126.7,1126.69,1126.69,-0.0,19.88,22577.91,-1
2024-01-31,2024-01-31 12:45:00,1126.69,1126.69,1126.67,1126.67,-0.0,19.88,22577.91,-1
2024-01-31,2024-01-31 12:46:00,1126.67,1126.67,1126.66,1126.66,-0.0,19.88,22577.91,-1
2024-01-31,2024-01-31 12:47:00,1126.66,1126.66,1126.65,1126.65,-0.0,19.88,22577.91,-1
2024-01-31,2024-01-31 12:48:00,1126.65,1126.65,1126.64,1126.64,-0.0,19.88,22577.91,-1
2024-01-31,2024-01-31 12:49:00,1126.64,1126.64,1126.62,1126.62,-0.0,19.88,22577.91,-1
2024-01-31,2024-01-31 12:50:00,1126.62,1126.62,1126.61,1126.61,-0.0,19.88,22577.91,-1
2024-01-31,2024-01-31 12:51:00,1126.61,1126.61,1126.6,1126.6,-0.0,19.88,22577.91,-1
2024-01-31,2024-01-31 12:52:00,1126.6,1126.6,1126.59,1126.59,-0.0,19.88,22577.91,-1
2024-01-31,2024-01-31 12:53:00,1126.59,1126.59,1126.58,1126.58,-0.0,19.88,22577.91,-1
2024-01-31,2024-01-31 12:54:00,1126.58,1126.58,1126.56,1126.56,-0.0,19.88,22577.91,-1
2024-01-31,2024-01-31 12:55:00,1126.56,1126.56,1126.55,1126.55,-0.0,19.88,22577.91,-1
2024-01-31,2024-01-31 12:56:00,1126.55,1126.55,1126.54,1126.54,-0.0,19.88,22577.91,-1
2024-01-31,2024-01-31 12:57:00,1126.54,1126.54,1126.53,1126.53,-0.0,19.88,22577.91,-1
2024-01-31,2024-01-31 12:58:00,1126.53,1126.53,1126.51,1126.51,-0.0,19.88,22577.91,-1
2024-01-31,2024-01-31 12:59:00,1126.51,1126.51,1126.5,1126.5,-0.0,19.88,22577.91,-1
2024-01-31,2024-01-31 13:00:00,1126.5,1170.0,1120.0,1126.49,-0.0,19.88,22577.91,-1
2024-01-31,2024-01-31 13:01:00,1126.49,1126.49,1126.47,1126.47,-0.0,19.88,22577.91,-1
2024-01-31,2024-01-31 13:02:00,1126.47,1126.47,1126.46,1126.46,-0.0,19.88,22577.91,-1
2024-01-31,2024-01-31 13:03:00,1126.46,1126.46,1126.45,1126.45,-0.0,19.88,22577.91,-1
2024-01-31,2024-01-31 13:04:00,1126.45,1126.45,1126.44,1126.44,-0.0,19.88,22577.91,-1
2024-01-31,2024-01-31 13:05:00,1126.44,1126.44,1126.42,1126.42,-0.0,19.88,22577.91,-1
2024-01-31,2024-01-31 13:06:00,1126.42,1126.42,1126.41,1126.41,-0.0,19.88,22577.91,-1
2024-01-31,2024-01-31 13:07:00,1126.41,1126.41,1126.4,1126.4,-0.0,19.88,22577.91,-1
2024-01-31,2024-01-31 13:08:00,1126.4,1126.4,1126.39,1126.39,-0.0,19.88,22577.91,-1
2024-01-31,2024-01-31 13:09:00,1126.39,1126.39,1126.38,1126.38,-0.0,19.88,22577.91,-1
2024-01-31,2024-01-31 13:10:00,1126.38,1126.38,1126.36,1126.36,-0.0,19.88,22577.91,-1
2024-01-31,2024-01-31 13:11:00,1126.36,1126.36,1126.35,1126.35,-0.0,19.88,22577.91,-1
2024-01-31,2024-01-31 13:12:00,1126.35,1126.35,1126.34,1126.34,-0.0,19.88,22577.91,-1
2024-01-31,2024-01-31 13:13:00,1126.34,1126.34,1126.33,1126.33,-0.0,19.88,22577.91,-1
2024-01-31,2024-01-31 13:14:00,1126.33,1126.33,1126.31,1126.31,-0.0,19.88,22577.91,-1
2024-01-31,2024-01-31 13:15:00,1126.31,1126.31,1126.3,1126.3,-0.0,19.88,22577.91,-1
2024-01-31,2024-01-31 13:16:00,1126.3,1126.3,1126.29,1126.29,-0.0,19.88,22577.91,-1
2024-01-31,2024-01-31 13:17:00,1126.29,1126.29,1126.28,1126.28,-0.0,19.88,22577.91,-1
2024-01-31,2024-01-31 13:18:00,1126.28,1126.28,1126.26,1126.26,-0.0,19.88,22577.91,-1
2024-01-31,2024-01-31 13:19:00,1126.26,1126.26,1126.25,1126.25,-0.0,19.88,22577.91,-1
2024-01-31,2024-01-31 13:20:00,1126.25,1126.25,1126.24,1126.24,-0.0,19.88,22577.91,-1
2024-01-31,2024-01-31 13:21:00,1126.24,1126.24,1126.22,1126.22,-0.0,19.88,22577.91,-1
2024-01-31,2024-01-31 13:22:00,1126.22,1126.22,1126.21,1126.21,-0.0,19.88,22577.91,-1
2024-01-31,2024-01-31 13:23:00,1126.21,1126.21,1126.2,1126.2,-0.0,19.88,22577.91,-1
2024-01-31,2024-01-31 13:24:00,1126.2,1126.2,1126.19,1126.19,-0.0,19.88,22577.91,-1
2024-01-31,2024-01-31 13:25:00,1126.19,1126.19,1126.17,1126.17,-0.0,19.88,22577.91,-1
2024-01-31,2024-01-31 13:26:00,1126.17,1126.17,1126.16,1126.16,-0.0,19.88,22577.91,-1
2024-01-31,2024-01-31 13:27:00,1126.16,1126.16,1126.15,1126.15,-0.0,19.88,22577.91,-1
2024-01-31,2024-01-31 13:28:00,1126.15,1126.15,1126.14,1126.14,-0.0,19.88,22577.91,-1
2024-01-31,2024-01-31 13:29:00,1126.14,1126.14,1126.12,1126.12,-0.0,19.88,22577.91,-1
2024-01-31,2024-01-31 13:30:00,1126.12,1126.12,1126.11,1126.11,-0.0,19.88,22577.91,-1
2024-01-31,2024-01-31 13:31:00,1126.11,1126.11,1126.1,1126.1,-0.0,19.88,22577.91,-1
2024-01-31,2024-01-31 13:32:00,1126.1,1126.1,1126.09,1126.09,-0.0,19.88,22577.91,-1
2024-01-31,2024-01-31 13:33:00,1126.09,1126.09,1126.08,1126.08,-0.0,19.88,22577.91,-1
2024-01-31,2024-01-31 13:34:00,1126.08,1126.08,1126.06,1126.06,-0.0,19.88,22577.91,-1
2024-01-31,2024-01-31 13:35:00,1126.06,1126.06,1126.05,1126.05,-0.0,19.88,22577.91,-1
2024-01-31,2024-01-31 13:36:00,1126.05,1126.05,1126.04,1126.04,-0.0,19.88,22577.91,-1
2024-01-31,2024-01-31 13:37:00,1126.04,1126.04,1126.03,1126.03,-0.0,19.88,22577.91,-1
2024-01-31,2024-01-31 13:38:00,1126.03,1126.03,1126.01,1126.01,-0.0,19.88,22577.91,-1
2024-01-31,2024-01-31 13:39:00,1126.01,1126.01,1126.0,1126.0,-0.0,19.88,22577.91,-1
2024-01-31,2024-01-31 13:40:00,1126.0,1126.0,1125.99,1125.99,-0.0,19.88,22577.91,-1
2024-01-31,2024-01-31 13:41:00,1125.99,1125.99,1125.97,1125.97,-0.0,19.88,22577.91,-1
2024-01-31,2024-01-31 13:42:00,1125.97,1125.97,1125.96,1125.96,-0.0,19.88,22577.91,-1
2024-01-31,2024-01-31 13:43:00,1125.96,1125.96,1125.95,1125.95,-0.0,19.88,22577.91,-1
2024-01-31,2024-01-31 13:44:00,1125.95,1125.95,1125.94,1125.94,-0.0,19.88,22577.91,-1
2024-01-31,2024-01-31 13:45:00,1125.94,1125.94,1125.92,1125.92,-0.0,19.88,22577.91,-1
2024-01-31,2024-01-31 13:46:00,1125.92,1125.92,1125.91,1125.91,-0.0,19.88,22577.91,-1
2024-01-31,2024-01-31 13:47:00,1125.91,1125.91,1125.9,1125.9,-0.0,19.88,22577.91,-1
2024-01-31,2024-01-31 13:48:00,1125.9,1125.9,1125.89,1125.89,-0.0,19.88,22577.91,-1
2024-01-31,2024-01-31 13:49:00,1125.89,1125.89,1125.88,1125.88,-0.0,19.88,22577.91,-1
2024-01-31,2024-01-31 13:50:00,1125.88,1125.88,1125.86,1125.86,-0.0,19.88,22577.91,-1
2024-01-31,2024-01-31 13:51:00,1125.86,1125.86,1125.85,1125.85,-0.0,19.88,22577.91,-1
2024-01-31,2024-01-31 13:52:00,1125.85,1125.85,1125.84,1125.84,-0.0,19.88,22577.91,-1
2024-01-31,2024-01-31 13:53:00,1125.84,1125.84,1125.83,1125.83,-0.0,19.88,22577.91,-1
2024-01-31,2024-01-31 13:54:00,1125.83,1125.83,1125.81,1125.81,-0.0,19.88,22577.91,-1
2024-01-31,2024-01-31 13:55:00,1125.81,1125.81,1125.8,1125.8,-0.0,19.88,22577.91,-1
2024-01-31,2024-01-31 13:56:00,1125.8,1125.8,1125.79,1125.79,-0.0,19.88,22577.91,-1
2024-01-31,2024-01-31 13:57:00,1125.79,1125.79,1125.78,1125.78,-0.0,19.88,22577.91,-1
2024-01-31,2024-01-31 13:58:00,1125.78,1125.78,1125.76,1125.76,-0.0,19.88,22577.91,-1
2024-01-31,2024-01-31 13:59:00,1125.76,1125.76,1125.75,1125.75,-0.0,19.88,22577.91,-1
2024-01-31,2024-01-31 14:00:00,1125.75,1125.75,1125.74,1125.74,-0.0,19.88,22577.91,-1
2024-01-31,2024-01-31 14:01:00,1125.74,1125.74,1125.72,1125.72,-0.0,19.88,22577.91,-1
2024-01-31,2024-01-31 14:02:00,1125.72,1125.72,1125.71,1125.71,-0.0,19.88,22577.91,-1
2024-01-31,2024-01-31 14:03:00,1125.71,1125.71,1125.7,1125.7,-0.0,19.88,22577.91,-1
2024-01-31,2024-01-31 14:04:00,1125.7,1125.7,1125.69,1125.69,-0.0,19.88,22577.91,-1
2024-01-31,2024-01-31 14:05:00,1125.69,1125.69,1125.67,1125.67,-0.0,19.88,22577.91,-1
2024-01-31,2024-01-31 14:06:00,1125.67,1125.67,1125.66,1125.66,-0.0,19.88,22577.91,-1
2024-01-31,2024-01-31 14:07:00,1125.66,1125.66,1125.65,1125.65,-0.0,19.88,22577.91,-1
2024-01-31,2024-01-31 14:08:00,1125.65,1125.65,1125.64,1125.64,-0.0,19.88,22577.91,-1
2024-01-31,2024-01-31 14:09:00,1125.64,1125.64,1125.62,1125.62,-0.0,19.88,22577.91,-1
2024-01-31,2024-01-31 14:10:00,1125.62,1125.62,1125.61,1125.61,-0.0,19.88,22577.91,-1
2024-01-31,2024-01-31 14:11:00,1125.61,1125.61,1125.6,1125.6,-0.0,19.88,22577.91,-1
2024-01-31,2024-01-31 14:12:00,1125.6,1125.6,1125.59,1125.59,-0.0,19.88,22577.91,-1
2024-01-31,2024-01-31 14:13:00,1125.59,1125.59,1125.58,1125.58,-0.0,19.88,22577.91,-1
2024-01-31,2024-01-31 14:14:00,1125.58,1125.58,1125.56,1125.56,-0.0,19.88,22577.91,-1
2024-01-31,2024-01-31 14:15:00,1125.56,1125.56,1125.55,1125.55,-0.0,19.88,22577.91,-1
2024-01-31,2024-01-31 14:16:00,1125.55,1125.55,1125.54,1125.54,-0.0,19.88,22577.91,-1
2024-01-31,2024-01-31 14:17:00,1125.54,1125.54,1125.53,1125.53,-0.0,19.88,22577.91,-1
2024-01-31,2024-01-31 14:18:00,1125.53,1125.53,1125.51,1125.51,-0.0,19.88,22577.91,-1
2024-01-31,2024-01-31 14:19:00,1125.51,1125.51,1125.5,1125.5,-0.0,19.88,22577.91,-1
2024-01-31,2024-01-31 14:20:00,1125.5,1125.5,1125.49,1125.49,-0.0,19.88,22577.91,-1
2024-01-31,2024-01-31 14:21:00,1125.49,1125.49,1125.47,1125.47,-0.0,19.88,22577.91,-1
2024-01-31,2024-01-31 14:22:00,1125.47,1125.47,1125.46,1125.46,-0.0,19.88,22577.91,-1
2024-01-31,2024-01-31 14:23:00,1125.46,1125.46,1125.45,1125.45,-0.0,19.88,22577.91,-1
2024-01-31,2024-01-31 14:24:00,1125.45,1125.45,1125.44,1125.44,-0.0,19.88,22577.91,-1
2024-01-31,2024-01-31 14:25:00,1125.44,1125.44,1125.42,1125.42,-0.0,19.88,22577.91,-1
2024-01-31,2024-01-31 14:26:00,1125.42,1125.42,1125.41,1125.41,-0.0,19.88,22577.91,-1
2024-01-31,2024-01-31 14:27:00,1125.41,1125.41,1125.4,1125.4,-0.0,19.88,22577.91,-1
2024-01-31,2024-01-31 14:28:00,1125.4,1125.4,1125.39,1125.39,-0.0,19.88,22577.91,-1
2024-01-31,2024-01-31 14:29:00,1125.39,1125.39,1125.38,1125.38,-0.0,19.88,22577.91,-1
2024-01-31,2024-01-31 14:30:00,1125.38,1125.38,1125.36,1125.36,-0.0,19.88,22577.91,-1
2024-01-31,2024-01-31 14:31:00,1125.36,1125.36,1125.35,1125.35,-0.0,19.88,22577.91,-1
2024-01-31,2024-01-31 14:32:00,1125.35,1125.35,1125.34,1125.34,-0.0,19.88,22577.91,-1
2024-01-31,2024-01-31 14:33:00,1125.34,1125.34,1125.33,1125.33,-0.0,19.88,22577.91,-1
2024-01-31,2024-01-31 14:34:00,1125.33,1125.33,1125.31,1125.31,-0.0,19.88,22577.91,-1
2024-01-31,2024-01-31 14:35:00,1125.31,1125.31,1125.3,1125.3,-0.0,19.88,22577.91,-1
2024-01-31,2024-01-31 14:36:00,1125.3,1125.3,1125.29,1125.29,-0.0,19.88,22577.91,-1
2024-01-31,2024-01-31 14:37:00,1125.29,1125.29,1125.28,1125.28,-0.0,19.88,22577.91,-1
2024-01-31,2024-01-31 14:38:00,1125.28,1125.28,1125.26,1125.26,-0.0,19.88,22577.91,-1
2024-01-31,2024-01-31 14:39:00,1125.26,1125.26,1125.25,1125.25,-0.0,19.88,22577.91,-1
2024-01-31,2024-01-31 14:40:00,1125.25,1125.25,1125.24,1125.24,-0.0,19.88,22577.91,-1
2024-01-31,2024-01-31 14:41:00,1125.24,1125.24,1125.22,1125.22,-0.0,19.88,22577.91,-1
2024-01-31,2024-01-31 14:42:00,1125.22,1125.22,1125.21,1125.21,-0.0,19.88,22577.91,-1
2024-01-31,2024-01-31 14:43:00,1125.21,1125.21,1125.2,1125.2,-0.0,19.88,22577.91,-1
2024-01-31,2024-01-31 14:44:00,1125.2,1125.2,1125.19,1125.19,-0.0,19.88,22577.91,-1
2024-01-31,2024-01-31 14:45:00,1125.19,1125.19,1125.17,1125.17,-0.0,19.88,22577.91,-1
2024-01-31,2024-01-31 14:46:00,1125.17,1125.17,1125.16,1125.16,-0.0,19.88,22577.91,-1
2024-01-31,2024-01-31 14:47:00,1125.16,1125.16,1125.15,1125.15,-0.0,19.88,22577.91,-1
2024-01-31,2024-01-31 14:48:00,1125.15,1125.15,1125.14,1125.14,-0.0,19.88,22577.91,-1
2024-01-31,2024-01-31 14:49:00,1125.14,1125.14,1125.12,1125.12,-0.0,19.88,22577.91,-1
2024-01-31,2024-01-31 14:50:00,1125.12,1125.12,1125.11,1125.11,-0.0,19.88,22577.91,-1
2024-01-31,2024-01-31 14:51:00,1125.11,1125.11,1125.1,1125.1,-0.0,19.88,22577.91,-1
2024-01-31,2024-01-31 14:52:00,1125.1,1125.1,1125.09,1125.09,-0.0,19.88,22577.91,-1
2024-01-31,2024-01-31 14:53:00,1125.09,1125.09,1125.08,1125.08,-0.0,19.88,22577.91,-1
2024-01-31,2024-01-31 14:54:00,1125.08,1125.08,1125.06,1125.06,-0.0,19.88,22577.91,-1
2024-01-31,2024-01-31 14:55:00,1125.06,1125.06,1125.05,1125.05,-0.0,19.88,22577.91,-1
2024-01-31,2024-01-31 14:56:00,1125.05,1125.05,1125.04,1125.04,-0.0,19.88,22577.91,-1
2024-01-31,2024-01-31 14:57:00,1125.04,1125.04,1125.03,1125.03,-0.0,19.88,22577.91,-1
2024-01-31,2024-01-31 14:58:00,1125.03,1125.03,1125.01,1125.01,-0.0,19.88,22577.91,-1
2024-01-31,2024-01-31 14:59:00,1125.01,1125.01,1125.0,1125.0,-0.0,19.88,22577.91,-1
2024-01-31,2024-01-31 15:00:00,1125.0,1170.0,1120.0,1125.0,0.0,19.88,22577.91,0
2024-02-01,2024-02-01 11:00:00,1124.9,1124.93,1113.83,1124.78,-0.01,20.78,22907.94,-1
2024-02-01,2024-02-01 11:01:00,1124.78,1124.78,1124.67,1124.67,-0.01,20.78,22907.94,-1
2024-02-01,2024-02-01 11:02:00,1124.67,1124.67,1124.55,1124.55,-0.01,20.78,22907.94,-1
2024-02-01,2024-02-01 11:03:00,1124.55,1124.55,1124.44,1124.44,-0.01,20.78,22907.94,-1
2024-02-01,2024-02-01 11:04:00,1124.44,1124.44,1124.32,1124.32,-0.01,20.78,22907.94,-1
2024-02-01,2024-02-01 11:05:00,1124.32,1124.32,1124.2,1124.2,-0.01,20.78,22907.94,-1
2024-02-01,2024-02-01 11:06:00,1124.2,1124.2,1124.09,1124.09,-0.01,20.78,22907.94,-1
2024-02-01,2024-02-01 11:07:00,1124.09,1124.09,1123.97,1123.97,-0.01,20.78,22907.94,-1
2024-02-01,2024-02-01 11:08:00,1123.97,1123.97,1123.85,1123.85,-0.01,20.78,22907.94,-1
2024-02-01,2024-02-01 11:09:00,1123.85,1123.85,1123.74,1123.74,-0.01,20.78,22907.94,-1
2024-02-01,2024-02-01 11:10:00,1123.74,1123.74,1123.62,1123.62,-0.01,20.78,22907.94,-1
2024-02-01,2024-02-01 11:11:00,1123.62,1123.62,1123.51,1123.51,-0.01,20.78,22907.94,-1
2024-02-01,2024-02-01 11:12:00,1123.51,1123.51,1123.39,1123.39,-0.01,20.78,22907.94,-1
2024-02-01,2024-02-01 11:13:00,1123.39,1123.39,1123.27,1123.27,-0.01,20.78,22907.94,-1
2024-02-01,2024-02-01 11:14:00,1123.27,1123.27,1123.16,1123.16,-0.01,20.78,22907.94,-1
2024-02-01,2024-02-01 11:15:00,1123.16,1123.16,1123.04,1123.04,-0.01,20.78,22907.94,-1
2024-02-01,2024-02-01 11:16:00,1123.04,1123.04,1122.92,1122.92,-0.01,20.78,22907.94,-1
2024-02-01,2024-02-01 11:17:00,1122.92,1122.92,1122.81,1122.81,-0.01,20.78,22907.94,-1
2024-02-01,2024-02-01 11:18:00,1122.81,1122.81,1122.69,1122.69,-0.01,20.78,22907.94,-1
2024-02-01,2024-02-01 11:19:00,1122.69,1122.69,1122.58,1122.58,-0.01,20.78,22907.94,-1
2024-02-01,2024-02-01 11:20:00,1122.58,1122.58,1122.46,1122.46,-0.01,20.78,22907.94,-1
2024-02-01,2024-02-01 11:21:00,1122.46,1122.46,1122.34,1122.34,-0.01,20.78,22907.94,-1
2024-02-01,2024-02-01 11:22:00,1122.34,1122.34,1122.23,1122.23,-0.01,20.78,22907.94,-1
2024-02-01,2024-02-01 11:23:00,1122.23,1122.23,1122.11,1122.11,-0.01,20.78,22907.94,-1
2024-02-01,2024-02-01 11:24:00,1122.11,1122.11,1121.99,1121.99,-0.01,20.78,22907.94,-1
2024-02-01,2024-02-01 11:25:00,1121.99,1121.99,1121.88,1121.88,-0.01,20.78,22907.94,-1
2024-02-01,2024-02-01 11:26:00,1121.88,1121.88,1121.76,1121.76,-0.01,20.78,22907.94,-1
2024-02-01,2024-02-01 11:27:00,1121.76,1121.76,1121.64,1121.64,-0.01,20.78,22907.94,-1
2024-02-01,2024-02-01 11:28:00,1121.64,1121.64,1121.53,1121.53,-0.01,20.78,22907.94,-1
2024-02-01,2024-02-01 11:29:00,1121.53,1121.53,1121.41,1121.41,-0.01,20.78,22907.94,-1
2024-02-01,2024-02-01 11:30:00,1121.41,1121.41,1121.3,1121.3,-0.01,20.78,22907.94,-1
2024-02-01,2024-02-01 11:31:00,1121.3,1121.3,1121.18,1121.18,-0.01,20.78,22907.94,-1
2024-02-01,2024-02-01 11:32:00,1121.18,1121.18,1121.06,1121.06,-0.01,20.78,22907.94,-1
2024-02-01,2024-02-01 11:33:00,1121.06,1121.06,1120.95,1120.95,-0.01,20.78,22907.94,-1
2024-02-01,2024-02-01 11:34:00,1120.95,1120.95,1120.83,1120.83,-0.01,20.78,22907.94,-1
2024-02-01,2024-02-01 11:35:00,1120.83,1120.83,1120.72,1120.72,-0.01,20.78,22907.94,-1
2024-02-01,2024-02-01 11:36:00,1120.72,1120.72,1120.6,1120.6,-0.01,20.78,22907.94,-1
2024-02-01,2024-02-01 11:37:00,1120.6,1120.6,1120.48,1120.48,-0.01,20.78,22907.94,-1
2024-02-01,2024-02-01 11:38:00,1120.48,1120.48,1120.37,1120.37,-0.01,20.78,22907.94,-1
2024-02-01,2024-02-01 11:39:00,1120.37,1120.37,1120.25,1120.25,-0.01,20.78,22907.94,-1
2024-02-01,2024-02-01 11:40:00,1120.25,1120.25,1120.13,1120.13,-0.01,20.78,22907.94,-1
2024-02-01,2024-02-01 11:41:00,1120.13,1120.13,1120.02,1120.02,-0.01,20.78,22907.94,-1
2024-02-01,2024-02-01 11:42:00,1120.02,1120.02,1119.9,1119.9,-0.01,20.78,22907.94,-1
2024-02-01,2024-02-01 11:43:00,1119.9,1119.9,1119.79,1119.79,-0.01,20.78,22907.94,-1
2024-02-01,2024-02-01 11:44:00,1119.79,1119.79,1119.67,1119.67,-0.01,20.78,22907.94,-1
2024-02-01,2024-02-01 11:45:00,1119.67,1119.67,1119.55,1119.55,-0.01,20.78,22907.94,-1
2024-02-01,2024-02-01 11:46:00,1119.55,1119.55,1119.44,1119.44,-0.01,20.78,22907.94,-1
2024-02-01,2024-02-01 11:47:00,1119.44,1119.44,1119.32,1119.32,-0.01,20.78,22907.94,-1
2024-02-01,2024-02-01 11:48:00,1119.32,1119.32,1119.2,1119.2,-0.01,20.78,22907.94,-1
2024-02-01,2024-02-01 11:49:00,1119.2,1119.2,1119.09,1119.09,-0.01,20.78,22907.94,-1
2024-02-01,2024-02-01 11:50:00,1119.09,1119.09,1118.97,1118.97,-0.01,20.78,22907.94,-1
2024-02-01,2024-02-01 11:51:00,1118.97,1118.97,1118.86,1118.86,-0.01,20.78,22907.94,-1
2024-02-01,2024-02-01 11:52:00,1118.86,1118.86,1118.74,1118.74,-0.01,20.78,22907.94,-1
2024-02-01,2024-02-01 11:53:00,1118.74,1118.74,1118.62,1118.62,-0.01,20.78,22907.94,-1
2024-02-01,2024-02-01 11:54:00,1118.62,1118.62,1118.51,1118.51,-0.01,20.78,22907.94,-1
2024-02-01,2024-02-01 11:55:00,1118.51,1118.51,1118.39,1118.39,-0.01,20.78,22907.94,-1
2024-02-01,2024-02-01 11:56:00,1118.39,1118.39,1118.27,1118.27,-0.01,20.78,22907.94,-1
2024-02-01,2024-02-01 11:57:00,1118.27,1118.27,1118.16,1118.16,-0.01,20.78,22907.94,-1
2024-02-01,2024-02-01 11:58:00,1118.16,1118.16,1118.04,1118.04,-0.01,20.78,22907.94,-1
2024-02-01,2024-02-01 11:59:00,1118.04,1118.04,1117.93,1117.93,-0.01,20.78,22907.94,-1
2024-02-01,2024-02-01 12:00:00,1117.93,1117.93,1117.81,1117.81,-0.01,20.78,22907.94,-1
2024-02-01,2024-02-01 12:01:00,1117.81,1117.81,1117.69,1117.69,-0.01,20.78,22907.94,-1
2024-02-01,2024-02-01 12:02:00,1117.69,1117.69,1117.58,1117.58,-0.01,20.78,22907.94,-1
2024-02-01,2024-02-01 12:03:00,1117.58,1117.58,1117.46,1117.46,-0.01,20.78,22907.94,-1
2024-02-01,2024-02-01 12:04:00,1117.46,1117.46,1117.34,1117.34,-0.01,20.78,22907.94,-1
2024-02-01,2024-02-01 12:05:00,1117.34,1117.34,1117.23,1117.23,-0.01,20.78,22907.94,-1
2024-02-01,2024-02-01 12:06:00,1117.23,1117.23,1117.11,1117.11,-0.01,20.78,22907.94,-1
2024-02-01,2024-02-01 12:07:00,1117.11,1117.11,1117.0,1117.0,-0.01,20.78,22907.94,-1
2024-02-01,2024-02-01 12:08:00,1117.0,1117.0,1116.88,1116.88,-0.01,20.78,22907.94,-1
2024-02-01,2024-02-01 12:09:00,1116.88,1116.88,1116.76,1116.76,-0.01,20.78,22907.94,-1
2024-02-01,2024-02-01 12:10:00,1116.76,1116.76,1116.65,1116.65,-0.01,20.78,22907.94,-1
2024-02-01,2024-02-01 12:11:00,1116.65,1116.65,1116.53,1116.53,-0.01,20.78,22907.94,-1
2024-02-01,2024-02-01 12:12:00,1116.53,1116.53,1116.41,1116.41,-0.01,20.78,22907.94,-1
2024-02-01,2024-02-01 12:13:00,1116.41,1116.41,1116.3,1116.3,-0.01,20.78,22907.94,-1
2024-02-01,2024-02-01 12:14:00,1116.3,1116.3,1116.18,1116.18,-0.01,20.78,22907.94,-1
2024-02-01,2024-02-01 12:15:00,1116.18,1116.18,1116.07,1116.07,-0.01,20.78,22907.94,-1
2024-02-01,2024-02-01 12:16:00,1116.07,1116.07,1115.95,1115.95,-0.01,20.78,22907.94,-1
2024-02-01,2024-02-01 12:17:00,1115.95,1115.95,1115.83,1115.83,-0.01,20.78,22907.94,-1
2024-02-01,2024-02-01 12:18:00,1115.83,1115.83,1115.72,1115.72,-0.01,20.78,22907.94,-1
2024-02-01,2024-02-01 12:19:00,1115.72,1115.72,1115.6,1115.6,-0.01,20.78,22907.94,-1
2024-02-01,2024-02-01 12:20:00,1115.6,1115.6,1115.48,1115.48,-0.01,20.78,22907.94,-1
2024-02-01,2024-02-01 12:21:00,1115.48,1115.48,1115.37,1115.37,-0.01,20.78,22907.94,-1
2024-02-01,2024-02-01 12:22:00,1115.37,1115.37,1115.25,1115.25,-0.01,20.78,22907.94,-1
2024-02-01,2024-02-01 12:23:00,1115.25,1115.25,1115.13,1115.13,-0.01,20.78,22907.94,-1
2024-02-01,2024-02-01 12:24:00,1115.13,1115.13,1115.02,1115.02,-0.01,20.78,22907.94,-1
2024-02-01,2024-02-01 12:25:00,1115.02,1115.02,1114.9,1114.9,-0.01,20.78,22907.94,-1
2024-02-01,2024-02-01 12:26:00,1114.9,1114.9,1114.79,1114.79,-0.01,20.78,22907.94,-1
2024-02-01,2024-02-01 12:27:00,1114.79,1114.79,1114.67,1114.67,-0.01,20.78,22907.94,-1
2024-02-01,2024-02-01 12:28:00,1114.67,1114.67,1114.55,1114.55,-0.01,20.78,22907.94,-1
2024-02-01,2024-02-01 12:29:00,1114.55,1114.55,1114.44,1114.44,-0.01,20.78,22907.94,-1
2024-02-01,2024-02-01 12:30:00,1114.44,1114.44,1114.32,1114.32,-0.01,20.78,22907.94,-1
2024-02-01,2024-02-01 12:31:00,1114.32,1114.32,1114.21,1114.21,-0.01,20.78,22907.94,-1
2024-02-01,2024-02-01 12:32:00,1114.21,1114.21,1114.09,1114.09,-0.01,20.78,22907.94,-1
2024-02-01,2024-02-01 12:33:00,1114.09,1114.09,1113.97,1113.97,-0.01,20.78,22907.94,-1
2024-02-01,2024-02-01 12:34:00,1113.97,1113.97,1113.86,1113.86,-0.01,20.78,22907.94,-1
2024-02-01,2024-02-01 12:35:00,1113.86,1113.86,1113.74,1113.74,-0.01,20.78,22907.94,-1
2024-02-01,2024-02-01 12:36:00,1113.74,1113.74,1113.62,1113.62,-0.01,20.78,22907.94,-1
2024-02-01,2024-02-01 12:37:00,1113.62,1113.62,1113.51,1113.51,-0.01,20.78,22907.94,-1
2024-02-01,2024-02-01 12:38:00,1113.51,1113.51,1113.39,1113.39,-0.01,20.78,22907.94,-1
2024-02-01,2024-02-01 12:39:00,1113.39,1113.39,1113.28,1113.28,-0.01,20.78,22907.94,-1
2024-02-01,2024-02-01 12:40:00,1113.28,1113.28,1113.16,1113.16,-0.01,20.78,22907.94,-1
2024-02-01,2024-02-01 12:41:00,1113.16,1113.16,1113.04,1113.04,-0.01,20.78,22907.94,-1
2024-02-01,2024-02-01 12:42:00,1113.04,1113.04,1112.93,1112.93,-0.01,20.78,22907.94,-1
2024-02-01,2024-02-01 12:43:00,1112.93,1112.93,1112.81,1112.81,-0.01,20.78,22907.94,-1
2024-02-01,2024-02-01 12:44:00,1112.81,1112.81,1112.69,1112.69,-0.01,20.78,22907.94,-1
2024-02-01,2024-02-01 12:45:00,1112.69,1112.69,1112.58,1112.58,-0.01,20.78,22907.94,-1
2024-02-01,2024-02-01 12:46:00,1112.58,1112.58,1112.46,1112.46,-0.01,20.78,22907.94,-1
2024-02-01,2024-02-01 12:47:00,1112.46,1112.46,1112.35,1112.35,-0.01,20.78,22907.94,-1
2024-02-01,2024-02-01 12:48:00,1112.35,1112.35,1112.23,1112.23,-0.01,20.78,22907.94,-1
2024-02-01,2024-02-01 12:49:00,1112.23,1112.23,1112.11,1112.11,-0.01,20.78,22907.94,-1
2024-02-01,2024-02-01 12:50:00,1112.11,1112.11,1112.0,1112.0,-0.01,20.78,22907.94,-1
2024-02-01,2024-02-01 12:51:00,1112.0,1112.0,1111.88,1111.88,-0.01,20.78,22907.94,-1
2024-02-01,2024-02-01 12:52:00,1111.88,1111.88,1111.76,1111.76,-0.01,20.78,22907.94,-1
2024-02-01,2024-02-01 12:53:00,1111.76,1111.76,1111.65,1111.65,-0.01,20.78,22907.94,-1
2024-02-01,2024-02-01 12:54:00,1111.65,1111.65,1111.53,1111.53,-0.01,20.78,22907.94,-1
2024-02-01,2024-02-01 12:55:00,1111.53,1111.53,1111.41,1111.41,-0.01,20.78,22907.94,-1
2024-02-01,2024-02-01 12:56:00,1111.41,1111.41,1111.3,1111.3,-0.01,20.78,22907.94,-1
2024-02-01,2024-02-01 12:57:00,1111.3,1111.3,1111.18,1111.18,-0.01,20.78,22907.94,-1
2024-02-01,2024-02-01 12:58:00,1111.18,1111.18,1111.07,1111.07,-0.01,20.78,22907.94,-1
2024-02-01,2024-02-01 12:59:00,1111.07,1111.07,1110.95,1110.95,-0.01,20.78,22907.94,-1
2024-02-01,2024-02-01 13:00:00,1110.95,1125.0,1088.0,1110.83,-0.01,20.78,22907.94,-1
2024-02-01,2024-02-01 13:01:00,1110.83,1110.83,1110.72,1110.72,-0.01,20.78,22907.94,-1
2024-02-01,2024-02-01 13:02:00,1110.72,1110.72,1110.6,1110.6,-0.01,20.78,22907.94,-1
2024-02-01,2024-02-01 13:03:00,1110.6,1110.6,1110.49,1110.49,-0.01,20.78,22907.94,-1
2024-02-01,2024-02-01 13:04:00,1110.49,1110.49,1110.37,1110.37,-0.01,20.78,22907.94,-1
2024-02-01,2024-02-01 13:05:00,1110.37,1110.37,1110.25,1110.25,-0.01,20.78,22907.94,-1
2024-02-01,2024-02-01 13:06:00,1110.25,1110.25,1110.14,1110.14,-0.01,20.78,22907.94,-1
2024-02-01,2024-02-01 13:07:00,1110.14,1110.14,1110.02,1110.02,-0.01,20.78,22907.94,-1
2024-02-01,2024-02-01 13:08:00,1110.02,1110.02,1109.9,1109.9,-0.01,20.78,22907.94,-1
2024-02-01,2024-02-01 13:09:00,1109.9,1109.9,1109.79,1109.79,-0.01,20.78,22907.94,-1
2024-02-01,2024-02-01 13:10:00,1109.79,1109.79,1109.67,1109.67,-0.01,20.78,22907.94,-1
2024-02-01,2024-02-01 13:11:00,1109.67,1109.67,1109.56,1109.56,-0.01,20.78,22907.94,-1
2024-02-01,2024-02-01 13:12:00,1109.56,1109.56,1109.44,1109.44,-0.01,20.78,22907.94,-1
2024-02-01,2024-02-01 13:13:00,1109.44,1109.44,1109.32,1109.32,-0.01,20.78,22907.94,-1
2024-02-01,2024-02-01 13:14:00,1109.32,1109.32,1109.21,1109.21,-0.01,20.78,22907.94,-1
2024-02-01,2024-02-01 13:15:00,1109.21,1109.21,1109.09,1109.09,-0.01,20.78,22907.94,-1
2024-02-01,2024-02-01 13:16:00,1109.09,1109.09,1108.97,1108.97,-0.01,20.78,22907.94,-1
2024-02-01,2024-02-01 13:17:00,1108.97,1108.97,1108.86,1108.86,-0.01,20.78,22907.94,-1
2024-02-01,2024-02-01 13:18:00,1108.86,1108.86,1108.74,1108.74,-0.01,20.78,22907.94,-1
2024-02-01,2024-02-01 13:19:00,1108.74,1108.74,1108.62,1108.62,-0.01,20.78,22907.94,-1
2024-02-01,2024-02-01 13:20:00,1108.62,1108.62,1108.51,1108.51,-0.01,20.78,22907.94,-1
2024-02-01,2024-02-01 13:21:00,1108.51,1108.51,1108.39,1108.39,-0.01,20.78,22907.94,-1
2024-02-01,2024-02-01 13:22:00,1108.39,1108.39,1108.28,1108.28,-0.01,20.78,22907.94,-1
2024-02-01,2024-02-01 13:23:00,1108.28,1108.28,1108.16,1108.16,-0.01,20.78,22907.94,-1
2024-02-01,2024-02-01 13:24:00,1108.16,1108.16,1108.04,1108.04,-0.01,20.78,22907.94,-1
2024-02-01,2024-02-01 13:25:00,1108.04,1108.04,1107.93,1107.93,-0.01,20.78,22907.94,-1
2024-02-01,2024-02-01 13:26:00,1107.93,1107.93,1107.81,1107.81,-0.01,20.78,22907.94,-1
2024-02-01,2024-02-01 13:27:00,1107.81,1107.81,1107.69,1107.69,-0.01,20.78,22907.94,-1
2024-02-01,2024-02-01 13:28:00,1107.69,1107.69,1107.58,1107.58,-0.01,20.78,22907.94,-1
2024-02-01,2024-02-01 13:29:00,1107.58,1107.58,1107.46,1107.46,-0.01,20.78,22907.94,-1
2024-02-01,2024-02-01 13:30:00,1107.46,1107.46,1107.35,1107.35,-0.01,20.78,22907.94,-1
2024-02-01,2024-02-01 13:31:00,1107.35,1107.35,1107.23,1107.23,-0.01,20.78,22907.94,-1
2024-02-01,2024-02-01 13:32:00,1107.23,1107.23,1107.11,1107.11,-0.01,20.78,22907.94,-1
2024-02-01,2024-02-01 13:33:00,1107.11,1107.11,1107.0,1107.0,-0.01,20.78,22907.94,-1
2024-02-01,2024-02-01 13:34:00,1107.0,1107.0,1106.88,1106.88,-0.01,20.78,22907.94,-1
2024-02-01,2024-02-01 13:35:00,1106.88,1106.88,1106.77,1106.77,-0.01,20.78,22907.94,-1
2024-02-01,2024-02-01 13:36:00,1106.77,1106.77,1106.65,1106.65,-0.01,20.78,22907.94,-1
2024-02-01,2024-02-01 13:37:00,1106.65,1106.65,1106.53,1106.53,-0.01,20.78,22907.94,-1
2024-02-01,2024-02-01 13:38:00,1106.53,1106.53,1106.42,1106.42,-0.01,20.78,22907.94,-1
2024-02-01,2024-02-01 13:39:00,1106.42,1106.42,1106.3,1106.3,-0.01,20.78,22907.94,-1
2024-02-01,2024-02-01 13:40:00,1106.3,1106.3,1106.18,1106.18,-0.01,20.78,22907.94,-1
2024-02-01,2024-02-01 13:41:00,1106.18,1106.18,1106.07,1106.07,-0.01,20.78,22907.94,-1
2024-02-01,2024-02-01 13:42:00,1106.07,1106.07,1105.95,1105.95,-0.01,20.78,22907.94,-1
2024-02-01,2024-02-01 13:43:00,1105.95,1105.95,1105.84,1105.84,-0.01,20.78,22907.94,-1
2024-02-01,2024-02-01 13:44:00,1105.84,1105.84,1105.72,1105.72,-0.01,20.78,22907.94,-1
2024-02-01,2024-02-01 13:45:00,1105.72,1105.72,1105.6,1105.6,-0.01,20.78,22907.94,-1
2024-02-01,2024-02-01 13:46:00,1105.6,1105.6,1105.49,1105.49,-0.01,20.78,22907.94,-1
2024-02-01,2024-02-01 13:47:00,1105.49,1105.49,1105.37,1105.37,-0.01,20.78,22907.94,-1
2024-02-01,2024-02-01 13:48:00,1105.37,1105.37,1105.25,1105.25,-0.01,20.78,22907.94,-1
2024-02-01,2024-02-01 13:49:00,1105.25,1105.25,1105.14,1105.14,-0.01,20.78,22907.94,-1
2024-02-01,2024-02-01 13:50:00,1105.14,1105.14,1105.02,1105.02,-0.01,20.78,22907.94,-1
2024-02-01,2024-02-01 13:51:00,1105.02,1105.02,1104.9,1104.9,-0.01,20.78,22907.94,-1
2024-02-01,2024-02-01 13:52:00,1104.9,1104.9,1104.79,1104.79,-0.01,20.78,22907.94,-1
2024-02-01,2024-02-01 13:53:00,1104.79,1104.79,1104.67,1104.67,-0.01,20.78,22907.94,-1
2024-02-01,2024-02-01 13:54:00,1104.67,1104.67,1104.56,1104.56,-0.01,20.78,22907.94,-1
2024-02-01,2024-02-01 13:55:00,1104.56,1104.56,1104.44,1104.44,-0.01,20.78,22907.94,-1
2024-02-01,2024-02-01 13:56:00,1104.44,1104.44,1104.32,1104.32,-0.01,20.78,22907.94,-1
2024-02-01,2024-02-01 13:57:00,1104.32,1104.32,1104.21,1104.21,-0.01,20.78,22907.94,-1
2024-02-01,2024-02-01 13:58:00,1104.21,1104.21,1104.09,1104.09,-0.01,20.78,22907.94,-1
2024-02-01,2024-02-01 13:59:00,1104.09,1104.09,1103.97,1103.97,-0.01,20.78,22907.94,-1
2024-02-01,2024-02-01 14:00:00,1103.97,1103.97,1103.86,1103.86,-0.01,20.78,22907.94,-1
2024-02-01,2024-02-01 14:01:00,1103.86,1103.86,1103.74,1103.74,-0.01,20.78,22907.94,-1
2024-02-01,2024-02-01 14:02:00,1103.74,1103.74,1103.63,1103.63,-0.01,20.78,22907.94,-1
2024-02-01,2024-02-01 14:03:00,1103.63,1103.63,1103.51,1103.51,-0.01,20.78,22907.94,-1
2024-02-01,2024-02-01 14:04:00,1103.51,1103.51,1103.39,1103.39,-0.01,20.78,22907.94,-1
2024-02-01,2024-02-01 14:05:00,1103.39,1103.39,1103.28,1103.28,-0.01,20.78,22907.94,-1
2024-02-01,2024-02-01 14:06:00,1103.28,1103.28,1103.16,1103.16,-0.01,20.78,22907.94,-1
2024-02-01,2024-02-01 14:07:00,1103.16,1103.16,1103.05,1103.05,-0.01,20.78,22907.94,-1
2024-02-01,2024-02-01 14:08:00,1103.05,1103.05,1102.93,1102.93,-0.01,20.78,22907.94,-1
2024-02-01,2024-02-01 14:09:00,1102.93,1102.93,1102.81,1102.81,-0.01,20.78,22907.94,-1
2024-02-01,2024-02-01 14:10:00,1102.81,1102.81,1102.7,1102.7,-0.01,20.78,22907.94,-1
2024-02-01,2024-02-01 14:11:00,1102.7,1102.7,1102.58,1102.58,-0.01,20.78,22907.94,-1
2024-02-01,2024-02-01 14:12:00,1102.58,1102.58,1102.46,1102.46,-0.01,20.78,22907.94,-1
2024-02-01,2024-02-01 14:13:00,1102.46,1102.46,1102.35,1102.35,-0.01,20.78,22907.94,-1
2024-02-01,2024-02-01 14:14:00,1102.35,1102.35,1102.23,1102.23,-0.01,20.78,22907.94,-1
2024-02-01,2024-02-01 14:15:00,1102.23,1102.23,1102.12,1102.12,-0.01,20.78,22907.94,-1
2024-02-01,2024-02-01 14:16:00,1102.12,1102.12,1102.0,1102.0,-0.01,20.78,22907.94,-1
2024-02-01,2024-02-01 14:17:00,1102.0,1102.0,1101.88,1101.88,-0.01,20.78,22907.94,-1
2024-02-01,2024-02-01 14:18:00,1101.88,1101.88,1101.77,1101.77,-0.01,20.78,22907.94,-1
2024-02-01,2024-02-01 14:19:00,1101.77,1101.77,1101.65,1101.65,-0.01,20.78,22907.94,-1
2024-02-01,2024-02-01 14:20:00,1101.65,1101.65,1101.53,1101.53,-0.01,20.78,22907.94,-1
2024-02-01,2024-02-01 14:21:00,1101.53,1101.53,1101.42,1101.42,-0.01,20.78,22907.94,-1
2024-02-01,2024-02-01 14:22:00,1101.42,1101.42,1101.3,1101.3,-0.01,20.78,22907.94,-1
2024-02-01,2024-02-01 14:23:00,1101.3,1101.3,1101.18,1101.18,-0.01,20.78,22907.94,-1
2024-02-01,2024-02-01 14:24:00,1101.18,1101.18,1101.07,1101.07,-0.01,20.78,22907.94,-1
2024-02-01,2024-02-01 14:25:00,1101.07,1101.07,1100.95,1100.95,-0.01,20.78,22907.94,-1
2024-02-01,2024-02-01 14:26:00,1100.95,1100.95,1100.84,1100.84,-0.01,20.78,22907.94,-1
2024-02-01,2024-02-01 14:27:00,1100.84,1100.84,1100.72,1100.72,-0.01,20.78,22907.94,-1
2024-02-01,2024-02-01 14:28:00,1100.72,1100.72,1100.6,1100.6,-0.01,20.78,22907.94,-1
2024-02-01,2024-02-01 14:29:00,1100.6,1100.6,1100.49,1100.49,-0.01,20.78,22907.94,-1
2024-02-01,2024-02-01 14:30:00,1100.49,1100.49,1100.37,1100.37,-0.01,20.78,22907.94,-1
2024-02-01,2024-02-01 14:31:00,1100.37,1100.37,1100.26,1100.26,-0.01,20.78,22907.94,-1
2024-02-01,2024-02-01 14:32:00,1100.26,1100.26,1100.14,1100.14,-0.01,20.78,22907.94,-1
2024-02-01,2024-02-01 14:33:00,1100.14,1100.14,1100.02,1100.02,-0.01,20.78,22907.94,-1
2024-02-01,2024-02-01 14:34:00,1100.02,1100.02,1099.91,1099.91,-0.01,20.78,22907.94,-1
2024-02-01,2024-02-01 14:35:00,1099.91,1099.91,1099.79,1099.79,-0.01,20.78,22907.94,-1
2024-02-01,2024-02-01 14:36:00,1099.79,1099.79,1099.67,1099.67,-0.01,20.78,22907.94,-1
2024-02-01,2024-02-01 14:37:00,1099.67,1099.67,1099.56,1099.56,-0.01,20.78,22907.94,-1
2024-02-01,2024-02-01 14:38:00,1099.56,1099.56,1099.44,1099.44,-0.01,20.78,22907.94,-1
2024-02-01,2024-02-01 14:39:00,1099.44,1099.44,1099.33,1099.33,-0.01,20.78,22907.94,-1
2024-02-01,2024-02-01 14:40:00,1099.33,1099.33,1099.21,1099.21,-0.01,20.78,22907.94,-1
2024-02-01,2024-02-01 14:41:00,1099.21,1099.21,1099.09,1099.09,-0.01,20.78,22907.94,-1
2024-02-01,2024-02-01 14:42:00,1099.09,1099.09,1098.98,1098.98,-0.01,20.78,22907.94,-1
2024-02-01,2024-02-01 14:43:00,1098.98,1098.98,1098.86,1098.86,-0.01,20.78,22907.94,-1
2024-02-01,2024-02-01 14:44:00,1098.86,1098.86,1098.74,1098.74,-0.01,20.78,22907.94,-1
2024-02-01,2024-02-01 14:45:00,1098.74,1098.74,1098.63,1098.63,-0.01,20.78,22907.94,-1
2024-02-01,2024-02-01 14:46:00,1098.63,1098.63,1098.51,1098.51,-0.01,20.78,22907.94,-1
2024-02-01,2024-02-01 14:47:00,1098.51,1098.51,1098.39,1098.39,-0.01,20.78,22907.94,-1
2024-02-01,2024-02-01 14:48:00,1098.39,1098.39,1098.28,1098.28,-0.01,20.78,22907.94,-1
2024-02-01,2024-02-01 14:49:00,1098.28,1098.28,1098.16,1098.16,-0.01,20.78,22907.94,-1
2024-02-01,2024-02-01 14:50:00,1098.16,1098.16,1098.05,1098.05,-0.01,20.78,22907.94,-1
2024-02-01,2024-02-01 14:51:00,1098.05,1098.05,1097.93,1097.93,-0.01,20.78,22907.94,-1
2024-02-01,2024-02-01 14:52:00,1097.93,1097.93,1097.81,1097.81,-0.01,20.78,22907.94,-1
2024-02-01,2024-02-01 14:53:00,1097.81,1097.81,1097.7,1097.7,-0.01,20.78,22907.94,-1
2024-02-01,2024-02-01 14:54:00,1097.7,1097.7,1097.58,1097.58,-0.01,20.78,22907.94,-1
2024-02-01,2024-02-01 14:55:00,1097.58,1097.58,1097.46,1097.46,-0.01,20.78,22907.94,-1
2024-02-01,2024-02-01 14:56:00,1097.46,1097.46,1097.35,1097.35,-0.01,20.78,22907.94,-1
2024-02-01,2024-02-01 14:57:00,1097.35,1097.35,1097.23,1097.23,-0.01,20.78,22907.94,-1
2024-02-01,2024-02-01 14:58:00,1097.23,1097.23,1097.12,1097.12,-0.01,20.78,22907.94,-1
2024-02-01,2024-02-01 14:59:00,1097.12,1097.12,1097.0,1097.0,-0.01,20.78,22907.94,-1
2024-02-01,2024-02-01 15:00:00,1097.0,1125.0,1088.0,1097.0,0.0,20.78,22907.94,0
2024-02-04,2024-02-04 11:00:00,1118.0,1120.1,1106.0,1117.99,-0.0,25.93,28692.44,-1
2024-02-04,2024-02-04 11:01:00,1117.99,1117.99,1117.97,1117.97,-0.0,25.93,28692.44,-1
2024-02-04,2024-02-04 11:02:00,1117.97,1117.97,1117.96,1117.96,-0.0,25.93,28692.44,-1
2024-02-04,2024-02-04 11:03:00,1117.96,1117.96,1117.95,1117.95,-0.0,25.93,28692.44,-1
2024-02-04,2024-02-04 11:04:00,1117.95,1117.95,1117.94,1117.94,-0.0,25.93,28692.44,-1
2024-02-04,2024-02-04 11:05:00,1117.94,1117.94,1117.92,1117.92,-0.0,25.93,28692.44,-1
2024-02-04,2024-02-04 11:06:00,1117.92,1117.92,1117.91,1117.91,-0.0,25.93,28692.44,-1
2024-02-04,2024-02-04 11:07:00,1117.91,1117.91,1117.9,1117.9,-0.0,25.93,28692.44,-1
2024-02-04,2024-02-04 11:08:00,1117.9,1117.9,1117.89,1117.89,-0.0,25.93,28692.44,-1
2024-02-04,2024-02-04 11:09:00,1117.89,1117.89,1117.88,1117.88,-0.0,25.93,28692.44,-1
2024-02-04,2024-02-04 11:10:00,1117.88,1117.88,1117.86,1117.86,-0.0,25.93,28692.44,-1
2024-02-04,2024-02-04 11:11:00,1117.86,1117.86,1117.85,1117.85,-0.0,25.93,28692.44,-1
2024-02-04,2024-02-04 11:12:00,1117.85,1117.85,1117.84,1117.84,-0.0,25.93,28692.44,-1
2024-02-04,2024-02-04 11:13:00,1117.84,1117.84,1117.83,1117.83,-0.0,25.93,28692.44,-1
2024-02-04,2024-02-04 11:14:00,1117.83,1117.83,1117.81,1117.81,-0.0,25.93,28692.44,-1
2024-02-04,2024-02-04 11:15:00,1117.81,1117.81,1117.8,1117.8,-0.0,25.93,28692.44,-1
2024-02-04,2024-02-04 11:16:00,1117.8,1117.8,1117.79,1117.79,-0.0,25.93,28692.44,-1
2024-02-04,2024-02-04 11:17:00,1117.79,1117.79,1117.78,1117.78,-0.0,25.93,28692.44,-1
2024-02-04,2024-02-04 11:18:00,1117.78,1117.78,1117.76,1117.76,-0.0,25.93,28692.44,-1
2024-02-04,2024-02-04 11:19:00,1117.76,1117.76,1117.75,1117.75,-0.0,25.93,28692.44,-1
2024-02-04,2024-02-04 11:20:00,1117.75,1117.75,1117.74,1117.74,-0.0,25.93,28692.44,-1
2024-02-04,2024-02-04 11:21:00,1117.74,1117.74,1117.72,1117.72,-0.0,25.93,28692.44,-1
2024-02-04,2024-02-04 11:22:00,1117.72,1117.72,1117.71,1117.71,-0.0,25.93,28692.44,-1
2024-02-04,2024-02-04 11:23:00,1117.71,1117.71,1117.7,1117.7,-0.0,25.93,28692.44,-1
2024-02-04,2024-02-04 11:24:00,1117.7,1117.7,1117.69,1117.69,-0.0,25.93,28692.44,-1
2024-02-04,2024-02-04 11:25:00,1117.69,1117.69,1117.67,1117.67,-0.0,25.93,28692.44,-1
2024-02-04,2024-02-04 11:26:00,1117.67,1117.67,1117.66,1117.66,-0.0,25.93,28692.44,-1
2024-02-04,2024-02-04 11:27:00,1117.66,1117.66,1117.65,1117.65,-0.0,25.93,28692.44,-1
2024-02-04,2024-02-04 11:28:00,1117.65,1117.65,1117.64,1117.64,-0.0,25.93,28692.44,-1
2024-02-04,2024-02-04 11:29:00,1117.64,1117.64,1117.62,1117.62,-0.0,25.93,28692.44,-1
2024-02-04,2024-02-04 11:30:00,1117.62,1117.62,1117.61,1117.61,-0.0,25.93,28692.44,-1
2024-02-04,2024-02-04 11:31:00,1117.61,1117.61,1117.6,1117.6,-0.0,25.93,28692.44,-1
2024-02-04,2024-02-04 11:32:00,1117.6,1117.6,1117.59,1117.59,-0.0,25.93,28692.44,-1
2024-02-04,2024-02-04 11:33:00,1117.59,1117.59,1117.58,1117.58,-0.0,25.93,28692.44,-1
2024-02-04,2024-02-04 11:34:00,1117.58,1117.58,1117.56,1117.56,-0.0,25.93,28692.44,-1
2024-02-04,2024-02-04 11:35:00,1117.56,1117.56,1117.55,1117.55,-0.0,25.93,28692.44,-1
2024-02-04,2024-02-04 11:36:00,1117.55,1117.55,1117.54,1117.54,-0.0,25.93,28692.44,-1
2024-02-04,2024-02-04 11:37:00,1117.54,1117.54,1117.53,1117.53,-0.0,25.93,28692.44,-1
2024-02-04,2024-02-04 11:38:00,1117.53,1117.53,1117.51,1117.51,-0.0,25.93,28692.44,-1
2024-02-04,2024-02-04 11:39:00,1117.51,1117.51,1117.5,1117.5,-0.0,25.93,28692.44,-1
2024-02-04,2024-02-04 11:40:00,1117.5,1117.5,1117.49,1117.49,-0.0,25.93,28692.44,-1
2024-02-04,2024-02-04 11:41:00,1117.49,1117.49,1117.47,1117.47,-0.0,25.93,28692.44,-1
2024-02-04,2024-02-04 11:42:00,1117.47,1117.47,1117.46,1117.46,-0.0,25.93,28692.44,-1
2024-02-04,2024-02-04 11:43:00,1117.46,1117.46,1117.45,1117.45,-0.0,25.93,28692.44,-1
2024-02-04,2024-02-04 11:44:00,1117.45,1117.45,1117.44,1117.44,-0.0,25.93,28692.44,-1
2024-02-04,2024-02-04 11:45:00,1117.44,1117.44,1117.42,1117.42,-0.0,25.93,28692.44,-1
2024-02-04,2024-02-04 11:46:00,1117.42,1117.42,1117.41,1117.41,-0.0,25.93,28692.44,-1
2024-02-04,2024-02-04 11:47:00,1117.41,1117.41,1117.4,1117.4,-0.0,25.93,28692.44,-1
2024-02-04,2024-02-04 11:48:00,1117.4,1117.4,1117.39,1117.39,-0.0,25.93,28692.44,-1
2024-02-04,2024-02-04 11:49:00,1117.39,1117.39,1117.38,1117.38,-0.0,25.93,28692.44,-1
2024-02-04,2024-02-04 11:50:00,1117.38,1117.38,1117.36,1117.36,-0.0,25.93,28692.44,-1
2024-02-04,2024-02-04 11:51:00,1117.36,1117.36,1117.35,1117.35,-0.0,25.93,28692.44,-1
2024-02-04,2024-02-04 11:52:00,1117.35,1117.35,1117.34,1117.34,-0.0,25.93,28692.44,-1
2024-02-04,2024-02-04 11:53:00,1117.34,1117.34,1117.33,1117.33,-0.0,25.93,28692.44,-1
2024-02-04,2024-02-04 11:54:00,1117.33,1117.33,1117.31,1117.31,-0.0,25.93,28692.44,-1
2024-02-04,2024-02-04 11:55:00,1117.31,1117.31,1117.3,1117.3,-0.0,25.93,28692.44,-1
2024-02-04,2024-02-04 11:56:00,1117.3,1117.3,1117.29,1117.29,-0.0,25.93,28692.44,-1
2024-02-04,2024-02-04 11:57:00,1117.29,1117.29,1117.28,1117.28,-0.0,25.93,28692.44,-1
2024-02-04,2024-02-04 11:58:00,1117.28,1117.28,1117.26,1117.26,-0.0,25.93,28692.44,-1
2024-02-04,2024-02-04 11:59:00,1117.26,1117.26,1117.25,1117.25,-0.0,25.93,28692.44,-1
2024-02-04,2024-02-04 12:00:00,1117.25,1117.25,1117.24,1117.24,-0.0,25.93,28692.44,-1
2024-02-04,2024-02-04 12:01:00,1117.24,1117.24,1117.22,1117.22,-0.0,25.93,28692.44,-1
2024-02-04,2024-02-04 12:02:00,1117.22,1117.22,1117.21,1117.21,-0.0,25.93,28692.44,-1
2024-02-04,2024-02-04 12:03:00,1117.21,1117.21,1117.2,1117.2,-0.0,25.93,28692.44,-1
2024-02-04,2024-02-04 12:04:00,1117.2,1117.2,1117.19,1117.19,-0.0,25.93,28692.44,-1
2024-02-04,2024-02-04 12:05:00,1117.19,1117.19,1117.17,1117.17,-0.0,25.93,28692.44,-1
2024-02-04,2024-02-04 12:06:00,1117.17,1117.17,1117.16,1117.16,-0.0,25.93,28692.44,-1
2024-02-04,2024-02-04 12:07:00,1117.16,1117.16,1117.15,1117.15,-0.0,25.93,28692.44,-1
2024-02-04,2024-02-04 12:08:00,1117.15,1117.15,1117.14,1117.14,-0.0,25.93,28692.44,-1
2024-02-04,2024-02-04 12:09:00,1117.14,1117.14,1117.12,1117.12,-0.0,25.93,28692.44,-1
2024-02-04,2024-02-04 12:10:00,1117.12,1117.12,1117.11,1117.11,-0.0,25.93,28692.44,-1
2024-02-04,2024-02-04 12:11:00,1117.11,1117.11,1117.1,1117.1,-0.0,25.93,28692.44,-1
2024-02-04,2024-02-04 12:12:00,1117.1,1117.1,1117.09,1117.09,-0.0,25.93,28692.44,-1
2024-02-04,2024-02-04 12:13:00,1117.09,1117.09,1117.08,1117.08,-0.0,25.93,28692.44,-1
2024-02-04,2024-02-04 12:14:00,1117.08,1117.08,1117.06,1117.06,-0.0,25.93,28692.44,-1
2024-02-04,2024-02-04 12:15:00,1117.06,1117.06,1117.05,1117.05,-0.0,25.93,28692.44,-1
2024-02-04,2024-02-04 12:16:00,1117.05,1117.05,1117.04,1117.04,-0.0,25.93,28692.44,-1
2024-02-04,2024-02-04 12:17:00,1117.04,1117.04,1117.03,1117.03,-0.0,25.93,28692.44,-1
2024-02-04,2024-02-04 12:18:00,1117.03,1117.03,1117.01,1117.01,-0.0,25.93,28692.44,-1
2024-02-04,2024-02-04 12:19:00,1117.01,1117.01,1117.0,1117.0,-0.0,25.93,28692.44,-1
2024-02-04,2024-02-04 12:20:00,1117.0,1117.0,1116.99,1116.99,-0.0,25.93,28692.44,-1
2024-02-04,2024-02-04 12:21:00,1116.99,1116.99,1116.97,1116.97,-0.0,25.93,28692.44,-1
2024-02-04,2024-02-04 12:22:00,1116.97,1116.97,1116.96,1116.96,-0.0,25.93,28692.44,-1
2024-02-04,2024-02-04 12:23:00,1116.96,1116.96,1116.95,1116.95,-0.0,25.93,28692.44,-1
2024-02-04,2024-02-04 12:24:00,1116.95,1116.95,1116.94,1116.94,-0.0,25.93,28692.44,-1
2024-02-04,2024-02-04 12:25:00,1116.94,1116.94,1116.92,1116.92,-0.0,25.93,28692.44,-1
2024-02-04,2024-02-04 12:26:00,1116.92,1116.92,1116.91,1116.91,-0.0,25.93,28692.44,-1
2024-02-04,2024-02-04 12:27:00,1116.91,1116.91,1116.9,1116.9,-0.0,25.93,28692.44,-1
2024-02-04,2024-02-04 12:28:00,1116.9,1116.9,1116.89,1116.89,-0.0,25.93,28692.44,-1
2024-02-04,2024-02-04 12:29:00,1116.89,1116.89,1116.88,1116.88,-0.0,25.93,28692.44,-1
2024-02-04,2024-02-04 12:30:00,1116.88,1116.88,1116.86,1116.86,-0.0,25.93,28692.44,-1
2024-02-04,2024-02-04 12:31:00,1116.86,1116.86,1116.85,1116.85,-0.0,25.93,28692.44,-1
2024-02-04,2024-02-04 12:32:00,1116.85,1116.85,1116.84,1116.84,-0.0,25.93,28692.44,-1
2024-02-04,2024-02-04 12:33:00,1116.84,1116.84,1116.83,1116.83,-0.0,25.93,28692.44,-1
2024-02-04,2024-02-04 12:34:00,1116.83,1116.83,1116.81,1116.81,-0.0,25.93,28692.44,-1
2024-02-04,2024-02-04 12:35:00,1116.81,1116.81,1116.8,1116.8,-0.0,25.93,28692.44,-1
2024-02-04,2024-02-04 12:36:00,1116.8,1116.8,1116.79,1116.79,-0.0,25.93,28692.44,-1
2024-02-04,2024-02-04 12:37:00,1116.79,1116.79,1116.78,1116.78,-0.0,25.93,28692.44,-1
2024-02-04,2024-02-04 12:38:00,1116.78,1116.78,1116.76,1116.76,-0.0,25.93,28692.44,-1
2024-02-04,2024-02-04 12:39:00,1116.76,1116.76,1116.75,1116.75,-0.0,25.93,28692.44,-1
2024-02-04,2024-02-04 12:40:00,1116.75,1116.75,1116.74,1116.74,-0.0,25.93,28692.44,-1
2024-02-04,2024-02-04 12:41:00,1116.74,1116.74,1116.72,1116.72,-0.0,25.93,28692.44,-1
2024-02-04,2024-02-04 12:42:00,1116.72,1116.72,1116.71,1116.71,-0.0,25.93,28692.44,-1
2024-02-04,2024-02-04 12:43:00,1116.71,1116.71,1116.7,1116.7,-0.0,25.93,28692.44,-1
2024-02-04,2024-02-04 12:44:00,1116.7,1116.7,1116.69,1116.69,-0.0,25.93,28692.44,-1
2024-02-04,2024-02-04 12:45:00,1116.69,1116.69,1116.67,1116.67,-0.0,25.93,28692.44,-1
2024-02-04,2024-02-04 12:46:00,1116.67,1116.67,1116.66,1116.66,-0.0,25.93,28692.44,-1
2024-02-04,2024-02-04 12:47:00,1116.66,1116.66,1116.65,1116.65,-0.0,25.93,28692.44,-1
2024-02-04,2024-02-04 12:48:00,1116.65,1116.65,1116.64,1116.64,-0.0,25.93,28692.44,-1
2024-02-04,2024-02-04 12:49:00,1116.64,1116.64,1116.62,1116.62,-0.0,25.93,28692.44,-1
2024-02-04,2024-02-04 12:50:00,1116.62,1116.62,1116.61,1116.61,-0.0,25.93,28692.44,-1
2024-02-04,2024-02-04 12:51:00,1116.61,1116.61,1116.6,1116.6,-0.0,25.93,28692.44,-1
2024-02-04,2024-02-04 12:52:00,1116.6,1116.6,1116.59,1116.59,-0.0,25.93,28692.44,-1
2024-02-04,2024-02-04 12:53:00,1116.59,1116.59,1116.58,1116.58,-0.0,25.93,28692.44,-1
2024-02-04,2024-02-04 12:54:00,1116.58,1116.58,1116.56,1116.56,-0.0,25.93,28692.44,-1
2024-02-04,2024-02-04 12:55:00,1116.56,1116.56,1116.55,1116.55,-0.0,25.93,28692.44,-1
2024-02-04,2024-02-04 12:56:00,1116.55,1116.55,1116.54,1116.54,-0.0,25.93,28692.44,-1
2024-02-04,2024-02-04 12:57:00,1116.54,1116.54,1116.53,1116.53,-0.0,25.93,28692.44,-1
2024-02-04,2024-02-04 12:58:00,1116.53,1116.53,1116.51,1116.51,-0.0,25.93,28692.44,-1
2024-02-04,2024-02-04 12:59:00,1116.51,1116.51,1116.5,1116.5,-0.0,25.93,28692.44,-1
2024-02-04,2024-02-04 13:00:00,1116.5,1125.0,1078.0,1116.49,-0.0,25.93,28692.44,-1
2024-02-04,2024-02-04 13:01:00,1116.49,1116.49,1116.47,1116.47,-0.0,25.93,28692.44,-1
2024-02-04,2024-02-04 13:02:00,1116.47,1116.47,1116.46,1116.46,-0.0,25.93,28692.44,-1
2024-02-04,2024-02-04 13:03:00,1116.46,1116.46,1116.45,1116.45,-0.0,25.93,28692.44,-1
2024-02-04,2024-02-04 13:04:00,1116.45,1116.45,1116.44,1116.44,-0.0,25.93,28692.44,-1
2024-02-04,2024-02-04 13:05:00,1116.44,1116.44,1116.42,1116.42,-0.0,25.93,28692.44,-1
2024-02-04,2024-02-04 13:06:00,1116.42,1116.42,1116.41,1116.41,-0.0,25.93,28692.44,-1
2024-02-04,2024-02-04 13:07:00,1116.41,1116.41,1116.4,1116.4,-0.0,25.93,28692.44,-1
2024-02-04,2024-02-04 13:08:00,1116.4,1116.4,1116.39,1116.39,-0.0,25.93,28692.44,-1
2024-02-04,2024-02-04 13:09:00,1116.39,1116.39,1116.38,1116.38,-0.0,25.93,28692.44,-1
2024-02-04,2024-02-04 13:10:00,1116.38,1116.38,1116.36,1116.36,-0.0,25.93,28692.44,-1
2024-02-04,2024-02-04 13:11:00,1116.36,1116.36,1116.35,1116.35,-0.0,25.93,28692.44,-1
2024-02-04,2024-02-04 13:12:00,1116.35,1116.35,1116.34,1116.34,-0.0,25.93,28692.44,-1
2024-02-04,2024-02-04 13:13:00,1116.34,1116.34,1116.33,1116.33,-0.0,25.93,28692.44,-1
2024-02-04,2024-02-04 13:14:00,1116.33,1116.33,1116.31,1116.31,-0.0,25.93,28692.44,-1
2024-02-04,2024-02-04 13:15:00,1116.31,1116.31,1116.3,1116.3,-0.0,25.93,28692.44,-1
2024-02-04,2024-02-04 13:16:00,1116.3,1116.3,1116.29,1116.29,-0.0,25.93,28692.44,-1
2024-02-04,2024-02-04 13:17:00,1116.29,1116.29,1116.28,1116.28,-0.0,25.93,28692.44,-1
2024-02-04,2024-02-04 13:18:00,1116.28,1116.28,1116.26,1116.26,-0.0,25.93,28692.44,-1
2024-02-04,2024-02-04 13:19:00,1116.26,1116.26,1116.25,1116.25,-0.0,25.93,28692.44,-1
2024-02-04,2024-02-04 13:20:00,1116.25,1116.25,1116.24,1116.24,-0.0,25.93,28692.44,-1
2024-02-04,2024-02-04 13:21:00,1116.24,1116.24,1116.22,1116.22,-0.0,25.93,28692.44,-1
2024-02-04,2024-02-04 13:22:00,1116.22,1116.22,1116.21,1116.21,-0.0,25.93,28692.44,-1
2024-02-04,2024-02-04 13:23:00,1116.21,1116.21,1116.2,1116.2,-0.0,25.93,28692.44,-1
2024-02-04,2024-02-04 13:24:00,1116.2,1116.2,1116.19,1116.19,-0.0,25.93,28692.44,-1
2024-02-04,2024-02-04 13:25:00,1116.19,1116.19,1116.17,1116.17,-0.0,25.93,28692.44,-1
2024-02-04,2024-02-04 13:26:00,1116.17,1116.17,1116.16,1116.16,-0.0,25.93,28692.44,-1
2024-02-04,2024-02-04 13:27:00,1116.16,1116.16,1116.15,1116.15,-0.0,25.93,28692.44,-1
2024-02-04,2024-02-04 13:28:00,1116.15,1116.15,1116.14,1116.14,-0.0,25.93,28692.44,-1
2024-02-04,2024-02-04 13:29:00,1116.14,1116.14,1116.12,1116.12,-0.0,25.93,28692.44,-1
2024-02-04,2024-02-04 13:30:00,1116.12,1116.12,1116.11,1116.11,-0.0,25.93,28692.44,-1
2024-02-04,2024-02-04 13:31:00,1116.11,1116.11,1116.1,1116.1,-0.0,25.93,28692.44,-1
2024-02-04,2024-02-04 13:32:00,1116.1,1116.1,1116.09,1116.09,-0.0,25.93,28692.44,-1
2024-02-04,2024-02-04 13:33:00,1116.09,1116.09,1116.08,1116.08,-0.0,25.93,28692.44,-1
2024-02-04,2024-02-04 13:34:00,1116.08,1116.08,1116.06,1116.06,-0.0,25.93,28692.44,-1
2024-02-04,2024-02-04 13:35:00,1116.06,1116.06,1116.05,1116.05,-0.0,25.93,28692.44,-1
2024-02-04,2024-02-04 13:36:00,1116.05,1116.05,1116.04,1116.04,-0.0,25.93,28692.44,-1
2024-02-04,2024-02-04 13:37:00,1116.04,1116.04,1116.03,1116.03,-0.0,25.93,28692.44,-1
2024-02-04,2024-02-04 13:38:00,1116.03,1116.03,1116.01,1116.01,-0.0,25.93,28692.44,-1
2024-02-04,2024-02-04 13:39:00,1116.01,1116.01,1116.0,1116.0,-0.0,25.93,28692.44,-1
2024-02-04,2024-02-04 13:40:00,1116.0,1116.0,1115.99,1115.99,-0.0,25.93,28692.44,-1
2024-02-04,2024-02-04 13:41:00,1115.99,1115.99,1115.97,1115.97,-0.0,25.93,28692.44,-1
2024-02-04,2024-02-04 13:42:00,1115.97,1115.97,1115.96,1115.96,-0.0,25.93,28692.44,-1
2024-02-04,2024-02-04 13:43:00,1115.96,1115.96,1115.95,1115.95,-0.0,25.93,28692.44,-1
2024-02-04,2024-02-04 13:44:00,1115.95,1115.95,1115.94,1115.94,-0.0,25.93,28692.44,-1
2024-02-04,2024-02-04 13:45:00,1115.94,1115.94,1115.92,1115.92,-0.0,25.93,28692.44,-1
2024-02-04,2024-02-04 13:46:00,1115.92,1115.92,1115.91,1115.91,-0.0,25.93,28692.44,-1
2024-02-04,2024-02-04 13:47:00,1115.91,1115.91,1115.9,1115.9,-0.0,25.93,28692.44,-1
2024-02-04,2024-02-04 13:48:00,1115.9,1115.9,1115.89,1115.89,-0.0,25.93,28692.44,-1
2024-02-04,2024-02-04 13:49:00,1115.89,1115.89,1115.88,1115.88,-0.0,25.93,28692.44,-1
2024-02-04,2024-02-04 13:50:00,1115.88,1115.88,1115.86,1115.86,-0.0,25.93,28692.44,-1
2024-02-04,2024-02-04 13:51:00,1115.86,1115.86,1115.85,1115.85,-0.0,25.93,28692.44,-1
2024-02-04,2024-02-04 13:52:00,1115.85,1115.85,1115.84,1115.84,-0.0,25.93,28692.44,-1
2024-02-04,2024-02-04 13:53:00,1115.84,1115.84,1115.83,1115.83,-0.0,25.93,28692.44,-1
2024-02-04,2024-02-04 13:54:00,1115.83,1115.83,1115.81,1115.81,-0.0,25.93,28692.44,-1
2024-02-04,2024-02-04 13:55:00,1115.81,1115.81,1115.8,1115.8,-0.0,25.93,28692.44,-1
2024-02-04,2024-02-04 13:56:00,1115.8,1115.8,1115.79,1115.79,-0.0,25.93,28692.44,-1
2024-02-04,2024-02-04 13:57:00,1115.79,1115.79,1115.78,1115.78,-0.0,25.93,28692.44,-1
2024-02-04,2024-02-04 13:58:00,1115.78,1115.78,1115.76,1115.76,-0.0,25.93,28692.44,-1
2024-02-04,2024-02-04 13:59:00,1115.76,1115.76,1115.75,1115.75,-0.0,25.93,28692.44,-1
2024-02-04,2024-02-04 14:00:00,1115.75,1115.75,1115.74,1115.74,-0.0,25.93,28692.44,-1
2024-02-04,2024-02-04 14:01:00,1115.74,1115.74,1115.72,1115.72,-0.0,25.93,28692.44,-1
2024-02-04,2024-02-04 14:02:00,1115.72,1115.72,1115.71,1115.71,-0.0,25.93,28692.44,-1
2024-02-04,2024-02-04 14:03:00,1115.71,1115.71,1115.7,1115.7,-0.0,25.93,28692.44,-1
2024-02-04,2024-02-04 14:04:00,1115.7,1115.7,1115.69,1115.69,-0.0,25.93,28692.44,-1
2024-02-04,2024-02-04 14:05:00,1115.69,1115.69,1115.67,1115.67,-0.0,25.93,28692.44,-1
2024-02-04,2024-02-04 14:06:00,1115.67,1115.67,1115.66,1115.66,-0.0,25.93,28692.44,-1
2024-02-04,2024-02-04 14:07:00,1115.66,1115.66,1115.65,1115.65,-0.0,25.93,28692.44,-1
2024-02-04,2024-02-04 14:08:00,1115.65,1115.65,1115.64,1115.64,-0.0,25.93,28692.44,-1
2024-02-04,2024-02-04 14:09:00,1115.64,1115.64,1115.62,1115.62,-0.0,25.93,28692.44,-1
2024-02-04,2024-02-04 14:10:00,1115.62,1115.62,1115.61,1115.61,-0.0,25.93,28692.44,-1
2024-02-04,2024-02-04 14:11:00,1115.61,1115.61,1115.6,1115.6,-0.0,25.93,28692.44,-1
2024-02-04,2024-02-04 14:12:00,1115.6,1115.6,1115.59,1115.59,-0.0,25.93,28692.44,-1
2024-02-04,2024-02-04 14:13:00,1115.59,1115.59,1115.58,1115.58,-0.0,25.93,28692.44,-1
2024-02-04,2024-02-04 14:14:00,1115.58,1115.58,1115.56,1115.56,-0.0,25.93,28692.44,-1
2024-02-04,2024-02-04 14:15:00,1115.56,1115.56,1115.55,1115.55,-0.0,25.93,28692.44,-1
2024-02-04,2024-02-04 14:16:00,1115.55,1115.55,1115.54,1115.54,-0.0,25.93,28692.44,-1
2024-02-04,2024-02-04 14:17:00,1115.54,1115.54,1115.53,1115.53,-0.0,25.93,28692.44,-1
2024-02-04,2024-02-04 14:18:00,1115.53,1115.53,1115.51,1115.51,-0.0,25.93,28692.44,-1
2024-02-04,2024-02-04 14:19:00,1115.51,1115.51,1115.5,1115.5,-0.0,25.93,28692.44,-1
2024-02-04,2024-02-04 14:20:00,1115.5,1115.5,1115.49,1115.49,-0.0,25.93,28692.44,-1
2024-02-04,2024-02-04 14:21:00,1115.49,1115.49,1115.47,1115.47,-0.0,25.93,28692.44,-1
2024-02-04,2024-02-04 14:22:00,1115.47,1115.47,1115.46,1115.46,-0.0,25.93,28692.44,-1
2024-02-04,2024-02-04 14:23:00,1115.46,1115.46,1115.45,1115.45,-0.0,25.93,28692.44,-1
2024-02-04,2024-02-04 14:24:00,1115.45,1115.45,1115.44,1115.44,-0.0,25.93,28692.44,-1
2024-02-04,2024-02-04 14:25:00,1115.44,1115.44,1115.42,1115.42,-0.0,25.93,28692.44,-1
2024-02-04,2024-02-04 14:26:00,1115.42,1115.42,1115.41,1115.41,-0.0,25.93,28692.44,-1
2024-02-04,2024-02-04 14:27:00,1115.41,1115.41,1115.4,1115.4,-0.0,25.93,28692.44,-1
2024-02-04,2024-02-04 14:28:00,1115.4,1115.4,1115.39,1115.39,-0.0,25.93,28692.44,-1
2024-02-04,2024-02-04 14:29:00,1115.39,1115.39,1115.38,1115.38,-0.0,25.93,28692.44,-1
2024-02-04,2024-02-04 14:30:00,1115.38,1115.38,1115.36,1115.36,-0.0,25.93,28692.44,-1
2024-02-04,2024-02-04 14:31:00,1115.36,1115.36,1115.35,1115.35,-0.0,25.93,28692.44,-1
2024-02-04,2024-02-04 14:32:00,1115.35,1115.35,1115.34,1115.34,-0.0,25.93,28692.44,-1
2024-02-04,2024-02-04 14:33:00,1115.34,1115.34,1115.33,1115.33,-0.0,25.93,28692.44,-1
2024-02-04,2024-02-04 14:34:00,1115.33,1115.33,1115.31,1115.31,-0.0,25.93,28692.44,-1
2024-02-04,2024-02-04 14:35:00,1115.31,1115.31,1115.3,1115.3,-0.0,25.93,28692.44,-1
2024-02-04,2024-02-04 14:36:00,1115.3,1115.3,1115.29,1115.29,-0.0,25.93,28692.44,-1
2024-02-04,2024-02-04 14:37:00,1115.29,1115.29,1115.28,1115.28,-0.0,25.93,28692.44,-1
2024-02-04,2024-02-04 14:38:00,1115.28,1115.28,1115.26,1115.26,-0.0,25.93,28692.44,-1
2024-02-04,2024-02-04 14:39:00,1115.26,1115.26,1115.25,1115.25,-0.0,25.93,28692.44,-1
2024-02-04,2024-02-04 14:40:00,1115.25,1115.25,1115.24,1115.24,-0.0,25.93,28692.44,-1
2024-02-04,2024-02-04 14:41:00,1115.24,1115.24,1115.22,1115.22,-0.0,25.93,28692.44,-1
2024-02-04,2024-02-04 14:42:00,1115.22,1115.22,1115.21,1115.21,-0.0,25.93,28692.44,-1
2024-02-04,2024-02-04 14:43:00,1115.21,1115.21,1115.2,1115.2,-0.0,25.93,28692.44,-1
2024-02-04,2024-02-04 14:44:00,1115.2,1115.2,1115.19,1115.19,-0.0,25.93,28692.44,-1
2024-02-04,2024-02-04 14:45:00,1115.19,1115.19,1115.17,1115.17,-0.0,25.93,28692.44,-1
2024-02-04,2024-02-04 14:46:00,1115.17,1115.17,1115.16,1115.16,-0.0,25.93,28692.44,-1
2024-02-04,2024-02-04 14:47:00,1115.16,1115.16,1115.15,1115.15,-0.0,25.93,28692.44,-1
2024-02-04,2024-02-04 14:48:00,1115.15,1115.15,1115.14,1115.14,-0.0,25.93,28692.44,-1
2024-02-04,2024-02-04 14:49:00,1115.14,1115.14,1115.12,1115.12,-0.0,25.93,28692.44,-1
2024-02-04,2024-02-04 14:50:00,1115.12,1115.12,1115.11,1115.11,-0.0,25.93,28692.44,-1
2024-02-04,2024-02-04 14:51:00,1115.11,1115.11,1115.1,1115.1,-0.0,25.93,28692.44,-1
2024-02-04,2024-02-04 14:52:00,1115.1,1115.1,1115.09,1115.09,-0.0,25.93,28692.44,-1
2024-02-04,2024-02-04 14:53:00,1115.09,1115.09,1115.08,1115.08,-0.0,25.93,28692.44,-1
2024-02-04,2024-02-04 14:54:00,1115.08,1115.08,1115.06,1115.06,-0.0,25.93,28692.44,-1
2024-02-04,2024-02-04 14:55:00,1115.06,1115.06,1115.05,1115.05,-0.0,25.93,28692.44,-1
2024-02-04,2024-02-04 14:56:00,1115.05,1115.05,1115.04,1115.04,-0.0,25.93,28692.44,-1
2024-02-04,2024-02-04 14:57:00,1115.04,1115.04,1115.03,1115.03,-0.0,25.93,28692.44,-1
2024-02-04,2024-02-04 14:58:00,1115.03,1115.03,1115.01,1115.01,-0.0,25.93,28692.44,-1
2024-02-04,2024-02-04 14:59:00,1115.01,1115.01,1115.0,1115.0,-0.0,25.93,28692.44,-1
2024-02-04,2024-02-04 15:00:00,1115.0,1125.0,1078.0,1115.0,0.0,25.93,28692.44,0
2024-02-05,2024-02-05 11:00:00,1115.0,1120.61,1109.03,1114.95,-0.0,9.37,10340.8,-1
2024-02-05,2024-02-05 11:01:00,1114.95,1114.95,1114.89,1114.89,-0.01,9.37,10340.8,-1
2024-02-05,2024-02-05 11:02:00,1114.89,1114.89,1114.84,1114.84,-0.0,9.37,10340.8,-1
2024-02-05,2024-02-05 11:03:00,1114.84,1114.84,1114.78,1114.78,-0.01,9.37,10340.8,-1
2024-02-05,2024-02-05 11:04:00,1114.78,1114.78,1114.73,1114.73,-0.0,9.37,10340.8,-1
2024-02-05,2024-02-05 11:05:00,1114.73,1114.73,1114.67,1114.67,-0.01,9.37,10340.8,-1
2024-02-05,2024-02-05 11:06:00,1114.67,1114.67,1114.62,1114.62,-0.0,9.37,10340.8,-1
2024-02-05,2024-02-05 11:07:00,1114.62,1114.62,1114.57,1114.57,-0.0,9.37,10340.8,-1
2024-02-05,2024-02-05 11:08:00,1114.57,1114.57,1114.51,1114.51,-0.01,9.37,10340.8,-1
2024-02-05,2024-02-05 11:09:00,1114.51,1114.51,1114.46,1114.46,-0.0,9.37,10340.8,-1
2024-02-05,2024-02-05 11:10:00,1114.46,1114.46,1114.4,1114.4,-0.01,9.37,10340.8,-1
2024-02-05,2024-02-05 11:11:00,1114.4,1114.4,1114.35,1114.35,-0.0,9.37,10340.8,-1
2024-02-05,2024-02-05 11:12:00,1114.35,1114.35,1114.3,1114.3,-0.0,9.37,10340.8,-1
2024-02-05,2024-02-05 11:13:00,1114.3,1114.3,1114.24,1114.24,-0.01,9.37,10340.8,-1
2024-02-05,2024-02-05 11:14:00,1114.24,1114.24,1114.19,1114.19,-0.0,9.37,10340.8,-1
2024-02-05,2024-02-05 11:15:00,1114.19,1114.19,1114.13,1114.13,-0.01,9.37,10340.8,-1
2024-02-05,2024-02-05 11:16:00,1114.13,1114.13,1114.08,1114.08,-0.0,9.37,10340.8,-1
2024-02-05,2024-02-05 11:17:00,1114.08,1114.08,1114.03,1114.03,-0.0,9.37,10340.8,-1
2024-02-05,2024-02-05 11:18:00,1114.03,1114.03,1113.97,1113.97,-0.01,9.37,10340.8,-1
2024-02-05,2024-02-05 11:19:00,1113.97,1113.97,1113.92,1113.92,-0.0,9.37,10340.8,-1
2024-02-05,2024-02-05 11:20:00,1113.92,1113.92,1113.86,1113.86,-0.01,9.37,10340.8,-1
2024-02-05,2024-02-05 11:21:00,1113.86,1113.86,1113.81,1113.81,-0.0,9.37,10340.8,-1
2024-02-05,2024-02-05 11:22:00,1113.81,1113.81,1113.75,1113.75,-0.01,9.37,10340.8,-1
2024-02-05,2024-02-05 11:23:00,1113.75,1113.75,1113.7,1113.7,-0.0,9.37,10340.8,-1
2024-02-05,2024-02-05 11:24:00,1113.7,1113.7,1113.65,1113.65,-0.0,9.37,10340.8,-1
2024-02-05,2024-02-05 11:25:00,1113.65,1113.65,1113.59,1113.59,-0.01,9.37,10340.8,-1
2024-02-05,2024-02-05 11:26:00,1113.59,1113.59,1113.54,1113.54,-0.0,9.37,10340.8,-1
2024-02-05,2024-02-05 11:27:00,1113.54,1113.54,1113.48,1113.48,-0.01,9.37,10340.8,-1
2024-02-05,2024-02-05 11:28:00,1113.48,1113.48,1113.43,1113.43,-0.0,9.37,10340.8,-1
2024-02-05,2024-02-05 11:29:00,1113.43,1113.43,1113.38,1113.38,-0.0,9.37,10340.8,-1
2024-02-05,2024-02-05 11:30:00,1113.38,1113.38,1113.32,1113.32,-0.01,9.37,10340.8,-1
2024-02-05,2024-02-05 11:31:00,1113.32,1113.32,1113.27,1113.27,-0.0,9.37,10340.8,-1
2024-02-05,2024-02-05 11:32:00,1113.27,1113.27,1113.21,1113.21,-0.01,9.37,10340.8,-1
2024-02-05,2024-02-05 11:33:00,1113.21,1113.21,1113.16,1113.16,-0.0,9.37,10340.8,-1
2024-02-05,2024-02-05 11:34:00,1113.16,1113.16,1113.1,1113.1,-0.01,9.37,10340.8,-1
2024-02-05,2024-02-05 11:35:00,1113.1,1113.1,1113.05,1113.05,-0.0,9.37,10340.8,-1
2024-02-05,2024-02-05 11:36:00,1113.05,1113.05,1113.0,1113.0,-0.0,9.37,10340.8,-1
2024-02-05,2024-02-05 11:37:00,1113.0,1113.0,1112.94,1112.94,-0.01,9.37,10340.8,-1
2024-02-05,2024-02-05 11:38:00,1112.94,1112.94,1112.89,1112.89,-0.0,9.37,10340.8,-1
2024-02-05,2024-02-05 11:39:00,1112.89,1112.89,1112.83,1112.83,-0.01,9.37,10340.8,-1
2024-02-05,2024-02-05 11:40:00,1112.83,1112.83,1112.78,1112.78,-0.0,9.37,10340.8,-1
2024-02-05,2024-02-05 11:41:00,1112.78,1112.78,1112.72,1112.72,-0.01,9.37,10340.8,-1
2024-02-05,2024-02-05 11:42:00,1112.72,1112.72,1112.67,1112.67,-0.0,9.37,10340.8,-1
2024-02-05,2024-02-05 11:43:00,1112.67,1112.67,1112.62,1112.62,-0.0,9.37,10340.8,-1
2024-02-05,2024-02-05 11:44:00,1112.62,1112.62,1112.56,1112.56,-0.01,9.37,10340.8,-1
2024-02-05,2024-02-05 11:45:00,1112.56,1112.56,1112.51,1112.51,-0.0,9.37,10340.8,-1
2024-02-05,2024-02-05 11:46:00,1112.51,1112.51,1112.45,1112.45,-0.01,9.37,10340.8,-1
2024-02-05,2024-02-05 11:47:00,1112.45,1112.45,1112.4,1112.4,-0.0,9.37,10340.8,-1
2024-02-05,2024-02-05 11:48:00,1112.4,1112.4,1112.35,1112.35,-0.0,9.37,10340.8,-1
2024-02-05,2024-02-05 11:49:00,1112.35,1112.35,1112.29,1112.29,-0.01,9.37,10340.8,-1
2024-02-05,2024-02-05 11:50:00,1112.29,1112.29,1112.24,1112.24,-0.0,9.37,10340.8,-1
2024-02-05,2024-02-05 11:51:00,1112.24,1112.24,1112.18,1112.18,-0.01,9.37,10340.8,-1
2024-02-05,2024-02-05 11:52:00,1112.18,1112.18,1112.13,1112.13,-0.0,9.37,10340.8,-1
2024-02-05,2024-02-05 11:53:00,1112.13,1112.13,1112.08,1112.08,-0.0,9.37,10340.8,-1
2024-02-05,2024-02-05 11:54:00,1112.08,1112.08,1112.02,1112.02,-0.01,9.37,10340.8,-1
2024-02-05,2024-02-05 11:55:00,1112.02,1112.02,1111.97,1111.97,-0.0,9.37,10340.8,-1
2024-02-05,2024-02-05 11:56:00,1111.97,1111.97,1111.91,1111.91,-0.01,9.37,10340.8,-1
2024-02-05,2024-02-05 11:57:00,1111.91,1111.91,1111.86,1111.86,-0.0,9.37,10340.8,-1
2024-02-05,2024-02-05 11:58:00,1111.86,1111.86,1111.8,1111.8,-0.01,9.37,10340.8,-1
2024-02-05,2024-02-05 11:59:00,1111.8,1111.8,1111.75,1111.75,-0.0,9.37,10340.8,-1
2024-02-05,2024-02-05 12:00:00,1111.75,1111.75,1111.7,1111.7,-0.0,9.37,10340.8,-1
2024-02-05,2024-02-05 12:01:00,1111.7,1111.7,1111.64,1111.64,-0.01,9.37,10340.8,-1
2024-02-05,2024-02-05 12:02:00,1111.64,1111.64,1111.59,1111.59,-0.0,9.37,10340.8,-1
2024-02-05,2024-02-05 12:03:00,1111.59,1111.59,1111.53,1111.53,-0.01,9.37,10340.8,-1
2024-02-05,2024-02-05 12:04:00,1111.53,1111.53,1111.48,1111.48,-0.0,9.37,10340.8,-1
2024-02-05,2024-02-05 12:05:00,1111.48,1111.48,1111.42,1111.42,-0.01,9.37,10340.8,-1
2024-02-05,2024-02-05 12:06:00,1111.42,1111.42,1111.37,1111.37,-0.0,9.37,10340.8,-1
2024-02-05,2024-02-05 12:07:00,1111.37,1111.37,1111.32,1111.32,-0.0,9.37,10340.8,-1
2024-02-05,2024-02-05 12:08:00,1111.32,1111.32,1111.26,1111.26,-0.01,9.37,10340.8,-1
2024-02-05,2024-02-05 12:09:00,1111.26,1111.26,1111.21,1111.21,-0.0,9.37,10340.8,-1
2024-02-05,2024-02-05 12:10:00,1111.21,1111.21,1111.15,1111.15,-0.01,9.37,10340.8,-1
2024-02-05,2024-02-05 12:11:00,1111.15,1111.15,1111.1,1111.1,-0.0,9.37,10340.8,-1
2024-02-05,2024-02-05 12:12:00,1111.1,1111.1,1111.05,1111.05,-0.0,9.37,10340.8,-1
2024-02-05,2024-02-05 12:13:00,1111.05,1111.05,1110.99,1110.99,-0.01,9.37,10340.8,-1
2024-02-05,2024-02-05 12:14:00,1110.99,1110.99,1110.94,1110.94,-0.0,9.37,10340.8,-1
2024-02-05,2024-02-05 12:15:00,1110.94,1110.94,1110.88,1110.88,-0.01,9.37,10340.8,-1
2024-02-05,2024-02-05 12:16:00,1110.88,1110.88,1110.83,1110.83,-0.0,9.37,10340.8,-1
2024-02-05,2024-02-05 12:17:00,1110.83,1110.83,1110.78,1110.78,-0.0,9.37,10340.8,-1
2024-02-05,2024-02-05 12:18:00,1110.78,1110.78,1110.72,1110.72,-0.01,9.37,10340.8,-1
2024-02-05,2024-02-05 12:19:00,1110.72,1110.72,1110.67,1110.67,-0.0,9.37,10340.8,-1
2024-02-05,2024-02-05 12:20:00,1110.67,1110.67,1110.61,1110.61,-0.01,9.37,10340.8,-1
2024-02-05,2024-02-05 12:21:00,1110.61,1110.61,1110.56,1110.56,-0.0,9.37,10340.8,-1
2024-02-05,2024-02-05 12:22:00,1110.56,1110.56,1110.5,1110.5,-0.01,9.37,10340.8,-1
2024-02-05,2024-02-05 12:23:00,1110.5,1110.5,1110.45,1110.45,-0.0,9.37,10340.8,-1
2024-02-05,2024-02-05 12:24:00,1110.45,1110.45,1110.4,1110.4,-0.0,9.37,10340.8,-1
2024-02-05,2024-02-05 12:25:00,1110.4,1110.4,1110.34,1110.34,-0.01,9.37,10340.8,-1
2024-02-05,2024-02-05 12:26:00,1110.34,1110.34,1110.29,1110.29,-0.0,9.37,10340.8,-1
2024-02-05,2024-02-05 12:27:00,1110.29,1110.29,1110.23,1110.23,-0.01,9.37,10340.8,-1
2024-02-05,2024-02-05 12:28:00,1110.23,1110.23,1110.18,1110.18,-0.0,9.37,10340.8,-1
2024-02-05,2024-02-05 12:29:00,1110.18,1110.18,1110.12,1110.12,-0.01,9.37,10340.8,-1
2024-02-05,2024-02-05 12:30:00,1110.12,1110.12,1110.07,1110.07,-0.0,9.37,10340.8,-1
2024-02-05,2024-02-05 12:31:00,1110.07,1110.07,1110.02,1110.02,-0.0,9.37,10340.8,-1
2024-02-05,2024-02-05 12:32:00,1110.02,1110.02,1109.96,1109.96,-0.01,9.37,10340.8,-1
2024-02-05,2024-02-05 12:33:00,1109.96,1109.96,1109.91,1109.91,-0.0,9.37,10340.8,-1
2024-02-05,2024-02-05 12:34:00,1109.91,1109.91,1109.85,1109.85,-0.01,9.37,10340.8,-1
2024-02-05,2024-02-05 12:35:00,1109.85,1109.85,1109.8,1109.8,-0.0,9.37,10340.8,-1
2024-02-05,2024-02-05 12:36:00,1109.8,1109.8,1109.75,1109.75,-0.0,9.37,10340.8,-1
2024-02-05,2024-02-05 12:37:00,1109.75,1109.75,1109.69,1109.69,-0.01,9.37,10340.8,-1
2024-02-05,2024-02-05 12:38:00,1109.69,1109.69,1109.64,1109.64,-0.0,9.37,10340.8,-1
2024-02-05,2024-02-05 12:39:00,1109.64,1109.64,1109.58,1109.58,-0.01,9.37,10340.8,-1
2024-02-05,2024-02-05 12:40:00,1109.58,1109.58,1109.53,1109.53,-0.0,9.37,10340.8,-1
2024-02-05,2024-02-05 12:41:00,1109.53,1109.53,1109.47,1109.47,-0.01,9.37,10340.8,-1
2024-02-05,2024-02-05 12:42:00,1109.47,1109.47,1109.42,1109.42,-0.0,9.37,10340.8,-1
2024-02-05,2024-02-05 12:43:00,1109.42,1109.42,1109.37,1109.37,-0.0,9.37,10340.8,-1
2024-02-05,2024-02-05 12:44:00,1109.37,1109.37,1109.31,1109.31,-0.01,9.37,10340.8,-1
2024-02-05,2024-02-05 12:45:00,1109.31,1109.31,1109.26,1109.26,-0.0,9.37,10340.8,-1
2024-02-05,2024-02-05 12:46:00,1109.26,1109.26,1109.2,1109.2,-0.01,9.37,10340.8,-1
2024-02-05,2024-02-05 12:47:00,1109.2,1109.2,1109.15,1109.15,-0.0,9.37,10340.8,-1
2024-02-05,2024-02-05 12:48:00,1109.15,1109.15,1109.1,1109.1,-0.0,9.37,10340.8,-1
2024-02-05,2024-02-05 12:49:00,1109.1,1109.1,1109.04,1109.04,-0.01,9.37,10340.8,-1
2024-02-05,2024-02-05 12:50:00,1109.04,1109.04,1108.99,1108.99,-0.0,9.37,10340.8,-1
2024-02-05,2024-02-05 12:51:00,1108.99,1108.99,1108.93,1108.93,-0.01,9.37,10340.8,-1
2024-02-05,2024-02-05 12:52:00,1108.93,1108.93,1108.88,1108.88,-0.0,9.37,10340.8,-1
2024-02-05,2024-02-05 12:53:00,1108.88,1108.88,1108.83,1108.83,-0.0,9.37,10340.8,-1
2024-02-05,2024-02-05 12:54:00,1108.83,1108.83,1108.77,1108.77,-0.01,9.37,10340.8,-1
2024-02-05,2024-02-05 12:55:00,1108.77,1108.77,1108.72,1108.72,-0.0,9.37,10340.8,-1
2024-02-05,2024-02-05 12:56:00,1108.72,1108.72,1108.66,1108.66,-0.01,9.37,10340.8,-1
2024-02-05,2024-02-05 12:57:00,1108.66,1108.66,1108.61,1108.61,-0.0,9.37,10340.8,-1
2024-02-05,2024-02-05 12:58:00,1108.61,1108.61,1108.55,1108.55,-0.01,9.37,10340.8,-1
2024-02-05,2024-02-05 12:59:00,1108.55,1108.55,1108.5,1108.5,-0.0,9.37,10340.8,-1
2024-02-05,2024-02-05 13:00:00,1108.5,1133.7,1095.1,1108.45,-0.0,9.37,10340.8,-1
2024-02-05,2024-02-05 13:01:00,1108.45,1108.45,1108.39,1108.39,-0.01,9.37,10340.8,-1
2024-02-05,2024-02-05 13:02:00,1108.39,1108.39,1108.34,1108.34,-0.0,9.37,10340.8,-1
2024-02-05,2024-02-05 13:03:00,1108.34,1108.34,1108.28,1108.28,-0.01,9.37,10340.8,-1
2024-02-05,2024-02-05 13:04:00,1108.28,1108.28,1108.23,1108.23,-0.0,9.37,10340.8,-1
2024-02-05,2024-02-05 13:05:00,1108.23,1108.23,1108.17,1108.17,-0.01,9.37,10340.8,-1
2024-02-05,2024-02-05 13:06:00,1108.17,1108.17,1108.12,1108.12,-0.0,9.37,10340.8,-1
2024-02-05,2024-02-05 13:07:00,1108.12,1108.12,1108.07,1108.07,-0.0,9.37,10340.8,-1
2024-02-05,2024-02-05 13:08:00,1108.07,1108.07,1108.01,1108.01,-0.01,9.37,10340.8,-1
2024-02-05,2024-02-05 13:09:00,1108.01,1108.01,1107.96,1107.96,-0.0,9.37,10340.8,-1
2024-02-05,2024-02-05 13:10:00,1107.96,1107.96,1107.9,1107.9,-0.01,9.37,10340.8,-1
2024-02-05,2024-02-05 13:11:00,1107.9,1107.9,1107.85,1107.85,-0.0,9.37,10340.8,-1
2024-02-05,2024-02-05 13:12:00,1107.85,1107.85,1107.8,1107.8,-0.0,9.37,10340.8,-1
2024-02-05,2024-02-05 13:13:00,1107.8,1107.8,1107.74,1107.74,-0.01,9.37,10340.8,-1
2024-02-05,2024-02-05 13:14:00,1107.74,1107.74,1107.69,1107.69,-0.0,9.37,10340.8,-1
2024-02-05,2024-02-05 13:15:00,1107.69,1107.69,1107.63,1107.63,-0.01,9.37,10340.8,-1
2024-02-05,2024-02-05 13:16:00,1107.63,1107.63,1107.58,1107.58,-0.0,9.37,10340.8,-1
2024-02-05,2024-02-05 13:17:00,1107.58,1107.58,1107.53,1107.53,-0.0,9.37,10340.8,-1
2024-02-05,2024-02-05 13:18:00,1107.53,1107.53,1107.47,1107.47,-0.01,9.37,10340.8,-1
2024-02-05,2024-02-05 13:19:00,1107.47,1107.47,1107.42,1107.42,-0.0,9.37,10340.8,-1
2024-02-05,2024-02-05 13:20:00,1107.42,1107.42,1107.36,1107.36,-0.01,9.37,10340.8,-1
2024-02-05,2024-02-05 13:21:00,1107.36,1107.36,1107.31,1107.31,-0.0,9.37,10340.8,-1
2024-02-05,2024-02-05 13:22:00,1107.31,1107.31,1107.25,1107.25,-0.01,9.37,10340.8,-1
2024-02-05,2024-02-05 13:23:00,1107.25,1107.25,1107.2,1107.2,-0.0,9.37,10340.8,-1
2024-02-05,2024-02-05 13:24:00,1107.2,1107.2,1107.15,1107.15,-0.0,9.37,10340.8,-1
2024-02-05,2024-02-05 13:25:00,1107.15,1107.15,1107.09,1107.09,-0.01,9.37,10340.8,-1
2024-02-05,2024-02-05 13:26:00,1107.09,1107.09,1107.04,1107.04,-0.0,9.37,10340.8,-1
2024-02-05,2024-02-05 13:27:00,1107.04,1107.04,1106.98,1106.98,-0.01,9.37,10340.8,-1
2024-02-05,2024-02-05 13:28:00,1106.98,1106.98,1106.93,1106.93,-0.0,9.37,10340.8,-1
2024-02-05,2024-02-05 13:29:00,1106.93,1106.93,1106.88,1106.88,-0.0,9.37,10340.8,-1
2024-02-05,2024-02-05 13:30:00,1106.88,1106.88,1106.82,1106.82,-0.01,9.37,10340.8,-1
2024-02-05,2024-02-05 13:31:00,1106.82,1106.82,1106.77,1106.77,-0.0,9.37,10340.8,-1
2024-02-05,2024-02-05 13:32:00,1106.77,1106.77,1106.71,1106.71,-0.01,9.37,10340.8,-1
2024-02-05,2024-02-05 13:33:00,1106.71,1106.71,1106.66,1106.66,-0.0,9.37,10340.8,-1
2024-02-05,2024-02-05 13:34:00,1106.66,1106.66,1106.6,1106.6,-0.01,9.37,10340.8,-1
2024-02-05,2024-02-05 13:35:00,1106.6,1106.6,1106.55,1106.55,-0.0,9.37,10340.8,-1
2024-02-05,2024-02-05 13:36:00,1106.55,1106.55,1106.5,1106.5,-0.0,9.37,10340.8,-1
2024-02-05,2024-02-05 13:37:00,1106.5,1106.5,1106.44,1106.44,-0.01,9.37,10340.8,-1
2024-02-05,2024-02-05 13:38:00,1106.44,1106.44,1106.39,1106.39,-0.0,9.37,10340.8,-1
2024-02-05,2024-02-05 13:39:00,1106.39,1106.39,1106.33,1106.33,-0.01,9.37,10340.8,-1
2024-02-05,2024-02-05 13:40:00,1106.33,1106.33,1106.28,1106.28,-0.0,9.37,10340.8,-1
2024-02-05,2024-02-05 13:41:00,1106.28,1106.28,1106.22,1106.22,-0.01,9.37,10340.8,-1
2024-02-05,2024-02-05 13:42:00,1106.22,1106.22,1106.17,1106.17,-0.0,9.37,10340.8,-1
2024-02-05,2024-02-05 13:43:00,1106.17,1106.17,1106.12,1106.12,-0.0,9.37,10340.8,-1
2024-02-05,2024-02-05 13:44:00,1106.12,1106.12,1106.06,1106.06,-0.01,9.37,10340.8,-1
2024-02-05,2024-02-05 13:45:00,1106.06,1106.06,1106.01,1106.01,-0.0,9.37,10340.8,-1
2024-02-05,2024-02-05 13:46:00,1106.01,1106.01,1105.95,1105.95,-0.01,9.37,10340.8,-1
2024-02-05,2024-02-05 13:47:00,1105.95,1105.95,1105.9,1105.9,-0.0,9.37,10340.8,-1
2024-02-05,2024-02-05 13:48:00,1105.9,1105.9,1105.85,1105.85,-0.0,9.37,10340.8,-1
2024-02-05,2024-02-05 13:49:00,1105.85,1105.85,1105.79,1105.79,-0.01,9.37,10340.8,-1
2024-02-05,2024-02-05 13:50:00,1105.79,1105.79,1105.74,1105.74,-0.0,9.37,10340.8,-1
2024-02-05,2024-02-05 13:51:00,1105.74,1105.74,1105.68,1105.68,-0.01,9.37,10340.8,-1
2024-02-05,2024-02-05 13:52:00,1105.68,1105.68,1105.63,1105.63,-0.0,9.37,10340.8,-1
2024-02-05,2024-02-05 13:53:00,1105.63,1105.63,1105.58,1105.58,-0.0,9.37,10340.8,-1
2024-02-05,2024-02-05 13:54:00,1105.58,1105.58,1105.52,1105.52,-0.01,9.37,10340.8,-1
2024-02-05,2024-02-05 13:55:00,1105.52,1105.52,1105.47,1105.47,-0.0,9.37,10340.8,-1
2024-02-05,2024-02-05 13:56:00,1105.47,1105.47,1105.41,1105.41,-0.01,9.37,10340.8,-1
2024-02-05,2024-02-05 13:57:00,1105.41,1105.41,1105.36,1105.36,-0.0,9.37,10340.8,-1
2024-02-05,2024-02-05 13:58:00,1105.36,1105.36,1105.3,1105.3,-0.01,9.37,10340.8,-1
2024-02-05,2024-02-05 13:59:00,1105.3,1105.3,1105.25,1105.25,-0.0,9.37,10340.8,-1
2024-02-05,2024-02-05 14:00:00,1105.25,1105.25,1105.2,1105.2,-0.0,9.37,10340.8,-1
2024-02-05,2024-02-05 14:01:00,1105.2,1105.2,1105.14,1105.14,-0.01,9.37,10340.8,-1
2024-02-05,2024-02-05 14:02:00,1105.14,1105.14,1105.09,1105.09,-0.0,9.37,10340.8,-1
2024-02-05,2024-02-05 14:03:00,1105.09,1105.09,1105.03,1105.03,-0.01,9.37,10340.8,-1
2024-02-05,2024-02-05 14:04:00,1105.03,1105.03,1104.98,1104.98,-0.0,9.37,10340.8,-1
2024-02-05,2024-02-05 14:05:00,1104.98,1104.98,1104.92,1104.92,-0.01,9.37,10340.8,-1
2024-02-05,2024-02-05 14:06:00,1104.92,1104.92,1104.87,1104.87,-0.0,9.37,10340.8,-1
2024-02-05,2024-02-05 14:07:00,1104.87,1104.87,1104.82,1104.82,-0.0,9.37,10340.8,-1
2024-02-05,2024-02-05 14:08:00,1104.82,1104.82,1104.76,1104.76,-0.01,9.37,10340.8,-1
2024-02-05,2024-02-05 14:09:00,1104.76,1104.76,1104.71,1104.71,-0.0,9.37,10340.8,-1
2024-02-05,2024-02-05 14:10:00,1104.71,1104.71,1104.65,1104.65,-0.01,9.37,10340.8,-1
2024-02-05,2024-02-05 14:11:00,1104.65,1104.65,1104.6,1104.6,-0.0,9.37,10340.8,-1
2024-02-05,2024-02-05 14:12:00,1104.6,1104.6,1104.55,1104.55,-0.0,9.37,10340.8,-1
2024-02-05,2024-02-05 14:13:00,1104.55,1104.55,1104.49,1104.49,-0.01,9.37,10340.8,-1
2024-02-05,2024-02-05 14:14:00,1104.49,1104.49,1104.44,1104.44,-0.0,9.37,10340.8,-1
2024-02-05,2024-02-05 14:15:00,1104.44,1104.44,1104.38,1104.38,-0.01,9.37,10340.8,-1
2024-02-05,2024-02-05 14:16:00,1104.38,1104.38,1104.33,1104.33,-0.0,9.37,10340.8,-1
2024-02-05,2024-02-05 14:17:00,1104.33,1104.33,1104.28,1104.28,-0.0,9.37,10340.8,-1
2024-02-05,2024-02-05 14:18:00,1104.28,1104.28,1104.22,1104.22,-0.01,9.37,10340.8,-1
2024-02-05,2024-02-05 14:19:00,1104.22,1104.22,1104.17,1104.17,-0.0,9.37,10340.8,-1
2024-02-05,2024-02-05 14:20:00,1104.17,1104.17,1104.11,1104.11,-0.01,9.37,10340.8,-1
2024-02-05,2024-02-05 14:21:00,1104.11,1104.11,1104.06,1104.06,-0.0,9.37,10340.8,-1
2024-02-05,2024-02-05 14:22:00,1104.06,1104.06,1104.0,1104.0,-0.01,9.37,10340.8,-1
2024-02-05,2024-02-05 14:23:00,1104.0,1104.0,1103.95,1103.95,-0.0,9.37,10340.8,-1
2024-02-05,2024-02-05 14:24:00,1103.95,1103.95,1103.9,1103.9,-0.0,9.37,10340.8,-1
2024-02-05,2024-02-05 14:25:00,1103.9,1103.9,1103.84,1103.84,-0.01,9.37,10340.8,-1
2024-02-05,2024-02-05 14:26:00,1103.84,1103.84,1103.79,1103.79,-0.0,9.37,10340.8,-1
2024-02-05,2024-02-05 14:27:00,1103.79,1103.79,1103.73,1103.73,-0.01,9.37,10340.8,-1
2024-02-05,2024-02-05 14:28:00,1103.73,1103.73,1103.68,1103.68,-0.0,9.37,10340.8,-1
2024-02-05,2024-02-05 14:29:00,1103.68,1103.68,1103.62,1103.62,-0.01,9.37,10340.8,-1
2024-02-05,2024-02-05 14:30:00,1103.62,1103.62,1103.57,1103.57,-0.0,9.37,10340.8,-1
2024-02-05,2024-02-05 14:31:00,1103.57,1103.57,1103.52,1103.52,-0.0,9.37,10340.8,-1
2024-02-05,2024-02-05 14:32:00,1103.52,1103.52,1103.46,1103.46,-0.01,9.37,10340.8,-1
2024-02-05,2024-02-05 14:33:00,1103.46,1103.46,1103.41,1103.41,-0.0,9.37,10340.8,-1
2024-02-05,2024-02-05 14:34:00,1103.41,1103.41,1103.35,1103.35,-0.01,9.37,10340.8,-1
2024-02-05,2024-02-05 14:35:00,1103.35,1103.35,1103.3,1103.3,-0.0,9.37,10340.8,-1
2024-02-05,2024-02-05 14:36:00,1103.3,1103.3,1103.25,1103.25,-0.0,9.37,10340.8,-1
2024-02-05,2024-02-05 14:37:00,1103.25,1103.25,1103.19,1103.19,-0.01,9.37,10340.8,-1
2024-02-05,2024-02-05 14:38:00,1103.19,1103.19,1103.14,1103.14,-0.0,9.37,10340.8,-1
2024-02-05,2024-02-05 14:39:00,1103.14,1103.14,1103.08,1103.08,-0.01,9.37,10340.8,-1
2024-02-05,2024-02-05 14:40:00,1103.08,1103.08,1103.03,1103.03,-0.0,9.37,10340.8,-1
2024-02-05,2024-02-05 14:41:00,1103.03,1103.03,1102.97,1102.97,-0.01,9.37,10340.8,-1
2024-02-05,2024-02-05 14:42:00,1102.97,1102.97,1102.92,1102.92,-0.0,9.37,10340.8,-1
2024-02-05,2024-02-05 14:43:00,1102.92,1102.92,1102.87,1102.87,-0.0,9.37,10340.8,-1
2024-02-05,2024-02-05 14:44:00,1102.87,1102.87,1102.81,1102.81,-0.01,9.37,10340.8,-1
2024-02-05,2024-02-05 14:45:00,1102.81,1102.81,1102.76,1102.76,-0.0,9.37,10340.8,-1
2024-02-05,2024-02-05 14:46:00,1102.76,1102.76,1102.7,1102.7,-0.01,9.37,10340.8,-1
2024-02-05,2024-02-05 14:47:00,1102.7,1102.7,1102.65,1102.65,-0.0,9.37,10340.8,-1
2024-02-05,2024-02-05 14:48:00,1102.65,1102.65,1102.6,1102.6,-0.0,9.37,10340.8,-1
2024-02-05,2024-02-05 14:49:00,1102.6,1102.6,1102.54,1102.54,-0.01,9.37,10340.8,-1
2024-02-05,2024-02-05 14:50:00,1102.54,1102.54,1102.49,1102.49,-0.0,9.37,10340.8,-1
2024-02-05,2024-02-05 14:51:00,1102.49,1102.49,1102.43,1102.43,-0.01,9.37,10340.8,-1
2024-02-05,2024-02-05 14:52:00,1102.43,1102.43,1102.38,1102.38,-0.0,9.37,10340.8,-1
2024-02-05,2024-02-05 14:53:00,1102.38,1102.38,1102.33,1102.33,-0.0,9.37,10340.8,-1
2024-02-05,2024-02-05 14:54:00,1102.33,1102.33,1102.27,1102.27,-0.01,9.37,10340.8,-1
2024-02-05,2024-02-05 14:55:00,1102.27,1102.27,1102.22,1102.22,-0.0,9.37,10340.8,-1
2024-02-05,2024-02-05 14:56:00,1102.22,1102.22,1102.16,1102.16,-0.01,9.37,10340.8,-1
2024-02-05,2024-02-05 14:57:00,1102.16,1102.16,1102.11,1102.11,-0.0,9.37,10340.8,-1
2024-02-05,2024-02-05 14:58:00,1102.11,1102.11,1102.05,1102.05,-0.01,9.37,10340.8,-1
2024-02-05,2024-02-05 14:59:00,1102.05,1102.05,1102.0,1102.0,-0.0,9.37,10340.8,-1
2024-02-05,2024-02-05 15:00:00,1102.0,1133.7,1095.1,1102.0,0.0,9.37,10340.8,0
2024-02-06,2024-02-06 11:00:00,1100.0,1106.0,1100.0,1100.02,0.0,9.41,10414.04,1
2024-02-06,2024-02-06 11:01:00,1100.02,1100.04,1100.02,1100.04,0.0,9.41,10414.04,1
2024-02-06,2024-02-06 11:02:00,1100.04,1100.06,1100.04,1100.06,0.0,9.41,10414.04,1
2024-02-06,2024-02-06 11:03:00,1100.06,1100.09,1100.06,1100.09,0.0,9.41,10414.04,1
2024-02-06,2024-02-06 11:04:00,1100.09,1100.11,1100.09,1100.11,0.0,9.41,10414.04,1
2024-02-06,2024-02-06 11:05:00,1100.11,1100.13,1100.11,1100.13,0.0,9.41,10414.04,1
2024-02-06,2024-02-06 11:06:00,1100.13,1100.15,1100.13,1100.15,0.0,9.41,10414.04,1
2024-02-06,2024-02-06 11:07:00,1100.15,1100.17,1100.15,1100.17,0.0,9.41,10414.04,1
2024-02-06,2024-02-06 11:08:00,1100.17,1100.19,1100.17,1100.19,0.0,9.41,10414.04,1
2024-02-06,2024-02-06 11:09:00,1100.19,1100.21,1100.19,1100.21,0.0,9.41,10414.04,1
2024-02-06,2024-02-06 11:10:00,1100.21,1100.23,1100.21,1100.23,0.0,9.41,10414.04,1
2024-02-06,2024-02-06 11:11:00,1100.23,1100.26,1100.23,1100.26,0.0,9.41,10414.04,1
2024-02-06,2024-02-06 11:12:00,1100.26,1100.28,1100.26,1100.28,0.0,9.41,10414.04,1
2024-02-06,2024-02-06 11:13:00,1100.28,1100.3,1100.28,1100.3,0.0,9.41,10414.04,1
2024-02-06,2024-02-06 11:14:00,1100.3,1100.32,1100.3,1100.32,0.0,9.41,10414.04,1
2024-02-06,2024-02-06 11:15:00,1100.32,1100.34,1100.32,1100.34,0.0,9.41,10414.04,1
2024-02-06,2024-02-06 11:16:00,1100.34,1100.36,1100.34,1100.36,0.0,9.41,10414.04,1
2024-02-06,2024-02-06 11:17:00,1100.36,1100.38,1100.36,1100.38,0.0,9.41,10414.04,1
2024-02-06,2024-02-06 11:18:00,1100.38,1100.4,1100.38,1100.4,0.0,9.41,10414.04,1
2024-02-06,2024-02-06 11:19:00,1100.4,1100.42,1100.4,1100.42,0.0,9.41,10414.04,1
2024-02-06,2024-02-06 11:20:00,1100.42,1100.45,1100.42,1100.45,0.0,9.41,10414.04,1
2024-02-06,2024-02-06 11:21:00,1100.45,1100.47,1100.45,1100.47,0.0,9.41,10414.04,1
2024-02-06,2024-02-06 11:22:00,1100.47,1100.49,1100.47,1100.49,0.0,9.41,10414.04,1
2024-02-06,2024-02-06 11:23:00,1100.49,1100.51,1100.49,1100.51,0.0,9.41,10414.04,1
2024-02-06,2024-02-06 11:24:00,1100.51,1100.53,1100.51,1100.53,0.0,9.41,10414.04,1
2024-02-06,2024-02-06 11:25:00,1100.53,1100.55,1100.53,1100.55,0.0,9.41,10414.04,1
2024-02-06,2024-02-06 11:26:00,1100.55,1100.57,1100.55,1100.57,0.0,9.41,10414.04,1
2024-02-06,2024-02-06 11:27:00,1100.57,1100.6,1100.57,1100.6,0.0,9.41,10414.04,1
2024-02-06,2024-02-06 11:28:00,1100.6,1100.62,1100.6,1100.62,0.0,9.41,10414.04,1
2024-02-06,2024-02-06 11:29:00,1100.62,1100.64,1100.62,1100.64,0.0,9.41,10414.04,1
2024-02-06,2024-02-06 11:30:00,1100.64,1100.66,1100.64,1100.66,0.0,9.41,10414.04,1
2024-02-06,2024-02-06 11:31:00,1100.66,1100.68,1100.66,1100.68,0.0,9.41,10414.04,1
2024-02-06,2024-02-06 11:32:00,1100.68,1100.7,1100.68,1100.7,0.0,9.41,10414.04,1
2024-02-06,2024-02-06 11:33:00,1100.7,1100.72,1100.7,1100.72,0.0,9.41,10414.04,1
2024-02-06,2024-02-06 11:34:00,1100.72,1100.74,1100.72,1100.74,0.0,9.41,10414.04,1
2024-02-06,2024-02-06 11:35:00,1100.74,1100.76,1100.74,1100.76,0.0,9.41,10414.04,1
2024-02-06,2024-02-06 11:36:00,1100.76,1100.79,1100.76,1100.79,0.0,9.41,10414.04,1
2024-02-06,2024-02-06 11:37:00,1100.79,1100.81,1100.79,1100.81,0.0,9.41,10414.04,1
2024-02-06,2024-02-06 11:38:00,1100.81,1100.83,1100.81,1100.83,0.0,9.41,10414.04,1
2024-02-06,2024-02-06 11:39:00,1100.83,1100.85,1100.83,1100.85,0.0,9.41,10414.04,1
2024-02-06,2024-02-06 11:40:00,1100.85,1100.87,1100.85,1100.87,0.0,9.41,10414.04,1
2024-02-06,2024-02-06 11:41:00,1100.87,1100.89,1100.87,1100.89,0.0,9.41,10414.04,1
2024-02-06,2024-02-06 11:42:00,1100.89,1100.91,1100.89,1100.91,0.0,9.41,10414.04,1
2024-02-06,2024-02-06 11:43:00,1100.91,1100.93,1100.91,1100.93,0.0,9.41,10414.04,1
2024-02-06,2024-02-06 11:44:00,1100.93,1100.96,1100.93,1100.96,0.0,9.41,10414.04,1
2024-02-06,2024-02-06 11:45:00,1100.96,1100.98,1100.96,1100.98,0.0,9.41,10414.04,1
2024-02-06,2024-02-06 11:46:00,1100.98,1101.0,1100.98,1101.0,0.0,9.41,10414.04,1
2024-02-06,2024-02-06 11:47:00,1101.0,1101.02,1101.0,1101.02,0.0,9.41,10414.04,1
2024-02-06,2024-02-06 11:48:00,1101.02,1101.04,1101.02,1101.04,0.0,9.41,10414.04,1
2024-02-06,2024-02-06 11:49:00,1101.04,1101.06,1101.04,1101.06,0.0,9.41,10414.04,1
2024-02-06,2024-02-06 11:50:00,1101.06,1101.08,1101.06,1101.08,0.0,9.41,10414.04,1
2024-02-06,2024-02-06 11:51:00,1101.08,1101.11,1101.08,1101.11,0.0,9.41,10414.04,1
2024-02-06,2024-02-06 11:52:00,1101.11,1101.13,1101.11,1101.13,0.0,9.41,10414.04,1
2024-02-06,2024-02-06 11:53:00,1101.13,1101.15,1101.13,1101.15,0.0,9.41,10414.04,1
2024-02-06,2024-02-06 11:54:00,1101.15,1101.17,1101.15,1101.17,0.0,9.41,10414.04,1
2024-02-06,2024-02-06 11:55:00,1101.17,1101.19,1101.17,1101.19,0.0,9.41,10414.04,1
2024-02-06,2024-02-06 11:56:00,1101.19,1101.21,1101.19,1101.21,0.0,9.41,10414.04,1
2024-02-06,2024-02-06 11:57:00,1101.21,1101.23,1101.21,1101.23,0.0,9.41,10414.04,1
2024-02-06,2024-02-06 11:58:00,1101.23,1101.25,1101.23,1101.25,0.0,9.41,10414.04,1
2024-02-06,2024-02-06 11:59:00,1101.25,1101.28,1101.25,1101.28,0.0,9.41,10414.04,1
2024-02-06,2024-02-06 12:00:00,1101.28,1101.3,1101.28,1101.3,0.0,9.41,10414.04,1
2024-02-06,2024-02-06 12:01:00,1101.3,1101.32,1101.3,1101.32,0.0,9.41,10414.04,1
2024-02-06,2024-02-06 12:02:00,1101.32,1101.34,1101.32,1101.34,0.0,9.41,10414.04,1
2024-02-06,2024-02-06 12:03:00,1101.34,1101.36,1101.34,1101.36,0.0,9.41,10414.04,1
2024-02-06,2024-02-06 12:04:00,1101.36,1101.38,1101.36,1101.38,0.0,9.41,10414.04,1
2024-02-06,2024-02-06 12:05:00,1101.38,1101.4,1101.38,1101.4,0.0,9.41,10414.04,1
2024-02-06,2024-02-06 12:06:00,1101.4,1101.42,1101.4,1101.42,0.0,9.41,10414.04,1
2024-02-06,2024-02-06 12:07:00,1101.42,1101.44,1101.42,1101.44,0.0,9.41,10414.04,1
2024-02-06,2024-02-06 12:08:00,1101.44,1101.47,1101.44,1101.47,0.0,9.41,10414.04,1
2024-02-06,2024-02-06 12:09:00,1101.47,1101.49,1101.47,1101.49,0.0,9.41,10414.04,1
2024-02-06,2024-02-06 12:10:00,1101.49,1101.51,1101.49,1101.51,0.0,9.41,10414.04,1
2024-02-06,2024-02-06 12:11:00,1101.51,1101.53,1101.51,1101.53,0.0,9.41,10414.04,1
2024-02-06,2024-02-06 12:12:00,1101.53,1101.55,1101.53,1101.55,0.0,9.41,10414.04,1
2024-02-06,2024-02-06 12:13:00,1101.55,1101.57,1101.55,1101.57,0.0,9.41,10414.04,1
2024-02-06,2024-02-06 12:14:00,1101.57,1101.59,1101.57,1101.59,0.0,9.41,10414.04,1
2024-02-06,2024-02-06 12:15:00,1101.59,1101.62,1101.59,1101.62,0.0,9.41,10414.04,1
2024-02-06,2024-02-06 12:16:00,1101.62,1101.64,1101.62,1101.64,0.0,9.41,10414.04,1
2024-02-06,2024-02-06 12:17:00,1101.64,1101.66,1101.64,1101.66,0.0,9.41,10414.04,1
2024-02-06,2024-02-06 12:18:00,1101.66,1101.68,1101.66,1101.68,0.0,9.41,10414.04,1
2024-02-06,2024-02-06 12:19:00,1101.68,1101.7,1101.68,1101.7,0.0,9.41,10414.04,1
2024-02-06,2024-02-06 12:20:00,1101.7,1101.72,1101.7,1101.72,0.0,9.41,10414.04,1
2024-02-06,2024-02-06 12:21:00,1101.72,1101.74,1101.72,1101.74,0.0,9.41,10414.04,1
2024-02-06,2024-02-06 12:22:00,1101.74,1101.76,1101.74,1101.76,0.0,9.41,10414.04,1
2024-02-06,2024-02-06 12:23:00,1101.76,1101.78,1101.76,1101.78,0.0,9.41,10414.04,1
2024-02-06,2024-02-06 12:24:00,1101.78,1101.81,1101.78,1101.81,0.0,9.41,10414.04,1
2024-02-06,2024-02-06 12:25:00,1101.81,1101.83,1101.81,1101.83,0.0,9.41,10414.04,1
2024-02-06,2024-02-06 12:26:00,1101.83,1101.85,1101.83,1101.85,0.0,9.41,10414.04,1
2024-02-06,2024-02-06 12:27:00,1101.85,1101.87,1101.85,1101.87,0.0,9.41,10414.04,1
2024-02-06,2024-02-06 12:28:00,1101.87,1101.89,1101.87,1101.89,0.0,9.41,10414.04,1
2024-02-06,2024-02-06 12:29:00,1101.89,1101.91,1101.89,1101.91,0.0,9.41,10414.04,1
2024-02-06,2024-02-06 12:30:00,1101.91,1101.93,1101.91,1101.93,0.0,9.41,10414.04,1
2024-02-06,2024-02-06 12:31:00,1101.93,1101.95,1101.93,1101.95,0.0,9.41,10414.04,1
2024-02-06,2024-02-06 12:32:00,1101.95,1101.98,1101.95,1101.98,0.0,9.41,10414.04,1
2024-02-06,2024-02-06 12:33:00,1101.98,1102.0,1101.98,1102.0,0.0,9.41,10414.04,1
2024-02-06,2024-02-06 12:34:00,1102.0,1102.02,1102.0,1102.02,0.0,9.41,10414.04,1
2024-02-06,2024-02-06 12:35:00,1102.02,1102.04,1102.02,1102.04,0.0,9.41,10414.04,1
2024-02-06,2024-02-06 12:36:00,1102.04,1102.06,1102.04,1102.06,0.0,9.41,10414.04,1
2024-02-06,2024-02-06 12:37:00,1102.06,1102.08,1102.06,1102.08,0.0,9.41,10414.04,1
2024-02-06,2024-02-06 12:38:00,1102.08,1102.1,1102.08,1102.1,0.0,9.41,10414.04,1
2024-02-06,2024-02-06 12:39:00,1102.1,1102.12,1102.1,1102.12,0.0,9.41,10414.04,1
2024-02-06,2024-02-06 12:40:00,1102.12,1102.15,1102.12,1102.15,0.0,9.41,10414.04,1
2024-02-06,2024-02-06 12:41:00,1102.15,1102.17,1102.15,1102.17,0.0,9.41,10414.04,1
2024-02-06,2024-02-06 12:42:00,1102.17,1102.19,1102.17,1102.19,0.0,9.41,10414.04,1
2024-02-06,2024-02-06 12:43:00,1102.19,1102.21,1102.19,1102.21,0.0,9.41,10414.04,1
2024-02-06,2024-02-06 12:44:00,1102.21,1102.23,1102.21,1102.23,0.0,9.41,10414.04,1
2024-02-06,2024-02-06 12:45:00,1102.23,1102.25,1102.23,1102.25,0.0,9.41,10414.04,1
2024-02-06,2024-02-06 12:46:00,1102.25,1102.27,1102.25,1102.27,0.0,9.41,10414.04,1
2024-02-06,2024-02-06 12:47:00,1102.27,1102.3,1102.27,1102.3,0.0,9.41,10414.04,1
2024-02-06,2024-02-06 12:48:00,1102.3,1102.32,1102.3,1102.32,0.0,9.41,10414.04,1
2024-02-06,2024-02-06 12:49:00,1102.32,1102.34,1102.32,1102.34,0.0,9.41,10414.04,1
2024-02-06,2024-02-06 12:50:00,1102.34,1102.36,1102.34,1102.36,0.0,9.41,10414.04,1
2024-02-06,2024-02-06 12:51:00,1102.36,1102.38,1102.36,1102.38,0.0,9.41,10414.04,1
2024-02-06,2024-02-06 12:52:00,1102.38,1102.4,1102.38,1102.4,0.0,9.41,10414.04,1
2024-02-06,2024-02-06 12:53:00,1102.4,1102.42,1102.4,1102.42,0.0,9.41,10414.04,1
2024-02-06,2024-02-06 12:54:00,1102.42,1102.44,1102.42,1102.44,0.0,9.41,10414.04,1
2024-02-06,2024-02-06 12:55:00,1102.44,1102.46,1102.44,1102.46,0.0,9.41,10414.04,1
2024-02-06,2024-02-06 12:56:00,1102.46,1102.49,1102.46,1102.49,0.0,9.41,10414.04,1
2024-02-06,2024-02-06 12:57:00,1102.49,1102.51,1102.49,1102.51,0.0,9.41,10414.04,1
2024-02-06,2024-02-06 12:58:00,1102.51,1102.53,1102.51,1102.53,0.0,9.41,10414.04,1
2024-02-06,2024-02-06 12:59:00,1102.53,1102.55,1102.53,1102.55,0.0,9.41,10414.04,1
2024-02-06,2024-02-06 13:00:00,1102.55,1120.0,1100.0,1102.57,0.0,9.41,10414.04,1
2024-02-06,2024-02-06 13:01:00,1102.57,1102.59,1102.57,1102.59,0.0,9.41,10414.04,1
2024-02-06,2024-02-06 13:02:00,1102.59,1102.61,1102.59,1102.61,0.0,9.41,10414.04,1
2024-02-06,2024-02-06 13:03:00,1102.61,1102.63,1102.61,1102.63,0.0,9.41,10414.04,1
2024-02-06,2024-02-06 13:04:00,1102.63,1102.66,1102.63,1102.66,0.0,9.41,10414.04,1
2024-02-06,2024-02-06 13:05:00,1102.66,1102.68,1102.66,1102.68,0.0,9.41,10414.04,1
2024-02-06,2024-02-06 13:06:00,1102.68,1102.7,1102.68,1102.7,0.0,9.41,10414.04,1
2024-02-06,2024-02-06 13:07:00,1102.7,1102.72,1102.7,1102.72,0.0,9.41,10414.04,1
2024-02-06,2024-02-06 13:08:00,1102.72,1102.74,1102.72,1102.74,0.0,9.41,10414.04,1
2024-02-06,2024-02-06 13:09:00,1102.74,1102.76,1102.74,1102.76,0.0,9.41,10414.04,1
2024-02-06,2024-02-06 13:10:00,1102.76,1102.78,1102.76,1102.78,0.0,9.41,10414.04,1
2024-02-06,2024-02-06 13:11:00,1102.78,1102.81,1102.78,1102.81,0.0,9.41,10414.04,1
2024-02-06,2024-02-06 13:12:00,1102.81,1102.83,1102.81,1102.83,0.0,9.41,10414.04,1
2024-02-06,2024-02-06 13:13:00,1102.83,1102.85,1102.83,1102.85,0.0,9.41,10414.04,1
2024-02-06,2024-02-06 13:14:00,1102.85,1102.87,1102.85,1102.87,0.0,9.41,10414.04,1
2024-02-06,2024-02-06 13:15:00,1102.87,1102.89,1102.87,1102.89,0.0,9.41,10414.04,1
2024-02-06,2024-02-06 13:16:00,1102.89,1102.91,1102.89,1102.91,0.0,9.41,10414.04,1
2024-02-06,2024-02-06 13:17:00,1102.91,1102.93,1102.91,1102.93,0.0,9.41,10414.04,1
2024-02-06,2024-02-06 13:18:00,1102.93,1102.95,1102.93,1102.95,0.0,9.41,10414.04,1
2024-02-06,2024-02-06 13:19:00,1102.95,1102.97,1102.95,1102.97,0.0,9.41,10414.04,1
2024-02-06,2024-02-06 13:20:00,1102.97,1103.0,1102.97,1103.0,0.0,9.41,10414.04,1
2024-02-06,2024-02-06 13:21:00,1103.0,1103.02,1103.0,1103.02,0.0,9.41,10414.04,1
2024-02-06,2024-02-06 13:22:00,1103.02,1103.04,1103.02,1103.04,0.0,9.41,10414.04,1
2024-02-06,2024-02-06 13:23:00,1103.04,1103.06,1103.04,1103.06,0.0,9.41,10414.04,1
2024-02-06,2024-02-06 13:24:00,1103.06,1103.08,1103.06,1103.08,0.0,9.41,10414.04,1
2024-02-06,2024-02-06 13:25:00,1103.08,1103.1,1103.08,1103.1,0.0,9.41,10414.04,1
2024-02-06,2024-02-06 13:26:00,1103.1,1103.12,1103.1,1103.12,0.0,9.41,10414.04,1
2024-02-06,2024-02-06 13:27:00,1103.12,1103.14,1103.12,1103.14,0.0,9.41,10414.04,1
2024-02-06,2024-02-06 13:28:00,1103.14,1103.17,1103.14,1103.17,0.0,9.41,10414.04,1
2024-02-06,2024-02-06 13:29:00,1103.17,1103.19,1103.17,1103.19,0.0,9.41,10414.04,1
2024-02-06,2024-02-06 13:30:00,1103.19,1103.21,1103.19,1103.21,0.0,9.41,10414.04,1
2024-02-06,2024-02-06 13:31:00,1103.21,1103.23,1103.21,1103.23,0.0,9.41,10414.04,1
2024-02-06,2024-02-06 13:32:00,1103.23,1103.25,1103.23,1103.25,0.0,9.41,10414.04,1
2024-02-06,2024-02-06 13:33:00,1103.25,1103.27,1103.25,1103.27,0.0,9.41,10414.04,1
2024-02-06,2024-02-06 13:34:00,1103.27,1103.29,1103.27,1103.29,0.0,9.41,10414.04,1
2024-02-06,2024-02-06 13:35:00,1103.29,1103.32,1103.29,1103.32,0.0,9.41,10414.04,1
2024-02-06,2024-02-06 13:36:00,1103.32,1103.34,1103.32,1103.34,0.0,9.41,10414.04,1
2024-02-06,2024-02-06 13:37:00,1103.34,1103.36,1103.34,1103.36,0.0,9.41,10414.04,1
2024-02-06,2024-02-06 13:38:00,1103.36,1103.38,1103.36,1103.38,0.0,9.41,10414.04,1
2024-02-06,2024-02-06 13:39:00,1103.38,1103.4,1103.38,1103.4,0.0,9.41,10414.04,1
2024-02-06,2024-02-06 13:40:00,1103.4,1103.42,1103.4,1103.42,0.0,9.41,10414.04,1
2024-02-06,2024-02-06 13:41:00,1103.42,1103.44,1103.42,1103.44,0.0,9.41,10414.04,1
2024-02-06,2024-02-06 13:42:00,1103.44,1103.46,1103.44,1103.46,0.0,9.41,10414.04,1
2024-02-06,2024-02-06 13:43:00,1103.46,1103.48,1103.46,1103.48,0.0,9.41,10414.04,1
2024-02-06,2024-02-06 13:44:00,1103.48,1103.51,1103.48,1103.51,0.0,9.41,10414.04,1
2024-02-06,2024-02-06 13:45:00,1103.51,1103.53,1103.51,1103.53,0.0,9.41,10414.04,1
2024-02-06,2024-02-06 13:46:00,1103.53,1103.55,1103.53,1103.55,0.0,9.41,10414.04,1
2024-02-06,2024-02-06 13:47:00,1103.55,1103.57,1103.55,1103.57,0.0,9.41,10414.04,1
2024-02-06,2024-02-06 13:48:00,1103.57,1103.59,1103.57,1103.59,0.0,9.41,10414.04,1
2024-02-06,2024-02-06 13:49:00,1103.59,1103.61,1103.59,1103.61,0.0,9.41,10414.04,1
2024-02-06,2024-02-06 13:50:00,1103.61,1103.63,1103.61,1103.63,0.0,9.41,10414.04,1
2024-02-06,2024-02-06 13:51:00,1103.63,1103.65,1103.63,1103.65,0.0,9.41,10414.04,1
2024-02-06,2024-02-06 13:52:00,1103.65,1103.68,1103.65,1103.68,0.0,9.41,10414.04,1
2024-02-06,2024-02-06 13:53:00,1103.68,1103.7,1103.68,1103.7,0.0,9.41,10414.04,1
2024-02-06,2024-02-06 13:54:00,1103.7,1103.72,1103.7,1103.72,0.0,9.41,10414.04,1
2024-02-06,2024-02-06 13:55:00,1103.72,1103.74,1103.72,1103.74,0.0,9.41,10414.04,1
2024-02-06,2024-02-06 13:56:00,1103.74,1103.76,1103.74,1103.76,0.0,9.41,10414.04,1
2024-02-06,2024-02-06 13:57:00,1103.76,1103.78,1103.76,1103.78,0.0,9.41,10414.04,1
2024-02-06,2024-02-06 13:58:00,1103.78,1103.8,1103.78,1103.8,0.0,9.41,10414.04,1
2024-02-06,2024-02-06 13:59:00,1103.8,1103.82,1103.8,1103.82,0.0,9.41,10414.04,1
2024-02-06,2024-02-06 14:00:00,1103.82,1103.85,1103.82,1103.85,0.0,9.41,10414.04,1
2024-02-06,2024-02-06 14:01:00,1103.85,1103.87,1103.85,1103.87,0.0,9.41,10414.04,1
2024-02-06,2024-02-06 14:02:00,1103.87,1103.89,1103.87,1103.89,0.0,9.41,10414.04,1
2024-02-06,2024-02-06 14:03:00,1103.89,1103.91,1103.89,1103.91,0.0,9.41,10414.04,1
2024-02-06,2024-02-06 14:04:00,1103.91,1103.93,1103.91,1103.93,0.0,9.41,10414.04,1
2024-02-06,2024-02-06 14:05:00,1103.93,1103.95,1103.93,1103.95,0.0,9.41,10414.04,1
2024-02-06,2024-02-06 14:06:00,1103.95,1103.97,1103.95,1103.97,0.0,9.41,10414.04,1
2024-02-06,2024-02-06 14:07:00,1103.97,1103.99,1103.97,1103.99,0.0,9.41,10414.04,1
2024-02-06,2024-02-06 14:08:00,1103.99,1104.02,1103.99,1104.02,0.0,9.41,10414.04,1
2024-02-06,2024-02-06 14:09:00,1104.02,1104.04,1104.02,1104.04,0.0,9.41,10414.04,1
2024-02-06,2024-02-06 14:10:00,1104.04,1104.06,1104.04,1104.06,0.0,9.41,10414.04,1
2024-02-06,2024-02-06 14:11:00,1104.06,1104.08,1104.06,1104.08,0.0,9.41,10414.04,1
2024-02-06,2024-02-06 14:12:00,1104.08,1104.1,1104.08,1104.1,0.0,9.41,10414.04,1
2024-02-06,2024-02-06 14:13:00,1104.1,1104.12,1104.1,1104.12,0.0,9.41,10414.04,1
2024-02-06,2024-02-06 14:14:00,1104.12,1104.14,1104.12,1104.14,0.0,9.41,10414.04,1
2024-02-06,2024-02-06 14:15:00,1104.14,1104.16,1104.14,1104.16,0.0,9.41,10414.04,1
2024-02-06,2024-02-06 14:16:00,1104.16,1104.19,1104.16,1104.19,0.0,9.41,10414.04,1
2024-02-06,2024-02-06 14:17:00,1104.19,1104.21,1104.19,1104.21,0.0,9.41,10414.04,1
2024-02-06,2024-02-06 14:18:00,1104.21,1104.23,1104.21,1104.23,0.0,9.41,10414.04,1
2024-02-06,2024-02-06 14:19:00,1104.23,1104.25,1104.23,1104.25,0.0,9.41,10414.04,1
2024-02-06,2024-02-06 14:20:00,1104.25,1104.27,1104.25,1104.27,0.0,9.41,10414.04,1
2024-02-06,2024-02-06 14:21:00,1104.27,1104.29,1104.27,1104.29,0.0,9.41,10414.04,1
2024-02-06,2024-02-06 14:22:00,1104.29,1104.31,1104.29,1104.31,0.0,9.41,10414.04,1
2024-02-06,2024-02-06 14:23:00,1104.31,1104.34,1104.31,1104.34,0.0,9.41,10414.04,1
2024-02-06,2024-02-06 14:24:00,1104.34,1104.36,1104.34,1104.36,0.0,9.41,10414.04,1
2024-02-06,2024-02-06 14:25:00,1104.36,1104.38,1104.36,1104.38,0.0,9.41,10414.04,1
2024-02-06,2024-02-06 14:26:00,1104.38,1104.4,1104.38,1104.4,0.0,9.41,10414.04,1
2024-02-06,2024-02-06 14:27:00,1104.4,1104.42,1104.4,1104.42,0.0,9.41,10414.04,1
2024-02-06,2024-02-06 14:28:00,1104.42,1104.44,1104.42,1104.44,0.0,9.41,10414.04,1
2024-02-06,2024-02-06 14:29:00,1104.44,1104.46,1104.44,1104.46,0.0,9.41,10414.04,1
2024-02-06,2024-02-06 14:30:00,1104.46,1104.48,1104.46,1104.48,0.0,9.41,10414.04,1
2024-02-06,2024-02-06 14:31:00,1104.48,1104.5,1104.48,1104.5,0.0,9.41,10414.04,1
2024-02-06,2024-02-06 14:32:00,1104.5,1104.53,1104.5,1104.53,0.0,9.41,10414.04,1
2024-02-06,2024-02-06 14:33:00,1104.53,1104.55,1104.53,1104.55,0.0,9.41,10414.04,1
2024-02-06,2024-02-06 14:34:00,1104.55,1104.57,1104.55,1104.57,0.0,9.41,10414.04,1
2024-02-06,2024-02-06 14:35:00,1104.57,1104.59,1104.57,1104.59,0.0,9.41,10414.04,1
2024-02-06,2024-02-06 14:36:00,1104.59,1104.61,1104.59,1104.61,0.0,9.41,10414.04,1
2024-02-06,2024-02-06 14:37:00,1104.61,1104.63,1104.61,1104.63,0.0,9.41,10414.04,1
2024-02-06,2024-02-06 14:38:00,1104.63,1104.65,1104.63,1104.65,0.0,9.41,10414.04,1
2024-02-06,2024-02-06 14:39:00,1104.65,1104.67,1104.65,1104.67,0.0,9.41,10414.04,1
2024-02-06,2024-02-06 14:40:00,1104.67,1104.7,1104.67,1104.7,0.0,9.41,10414.04,1
2024-02-06,2024-02-06 14:41:00,1104.7,1104.72,1104.7,1104.72,0.0,9.41,10414.04,1
2024-02-06,2024-02-06 14:42:00,1104.72,1104.74,1104.72,1104.74,0.0,9.41,10414.04,1
2024-02-06,2024-02-06 14:43:00,1104.74,1104.76,1104.74,1104.76,0.0,9.41,10414.04,1
2024-02-06,2024-02-06 14:44:00,1104.76,1104.78,1104.76,1104.78,0.0,9.41,10414.04,1
2024-02-06,2024-02-06 14:45:00,1104.78,1104.8,1104.78,1104.8,0.0,9.41,10414.04,1
2024-02-06,2024-02-06 14:46:00,1104.8,1104.82,1104.8,1104.82,0.0,9.41,10414.04,1
2024-02-06,2024-02-06 14:47:00,1104.82,1104.84,1104.82,1104.84,0.0,9.41,10414.04,1
2024-02-06,2024-02-06 14:48:00,1104.84,1104.87,1104.84,1104.87,0.0,9.41,10414.04,1
2024-02-06,2024-02-06 14:49:00,1104.87,1104.89,1104.87,1104.89,0.0,9.41,10414.04,1
2024-02-06,2024-02-06 14:50:00,1104.89,1104.91,1104.89,1104.91,0.0,9.41,10414.04,1
2024-02-06,2024-02-06 14:51:00,1104.91,1104.93,1104.91,1104.93,0.0,9.41,10414.04,1
2024-02-06,2024-02-06 14:52:00,1104.93,1104.95,1104.93,1104.95,0.0,9.41,10414.04,1
2024-02-06,2024-02-06 14:53:00,1104.95,1104.97,1104.95,1104.97,0.0,9.41,10414.04,1
2024-02-06,2024-02-06 14:54:00,1104.97,1104.99,1104.97,1104.99,0.0,9.41,10414.04,1
2024-02-06,2024-02-06 14:55:00,1104.99,1105.01,1104.99,1105.01,0.0,9.41,10414.04,1
2024-02-06,2024-02-06 14:56:00,1105.01,1105.04,1105.01,1105.04,0.0,9.41,10414.04,1
2024-02-06,2024-02-06 14:57:00,1105.04,1105.06,1105.04,1105.06,0.0,9.41,10414.04,1
2024-02-06,2024-02-06 14:58:00,1105.06,1105.08,1105.06,1105.08,0.0,9.41,10414.04,1
2024-02-06,2024-02-06 14:59:00,1105.08,1105.1,1105.08,1105.1,0.0,9.41,10414.04,1
2024-02-06,2024-02-06 15:00:00,1105.1,1120.0,1100.0,1105.1,0.0,9.41,10414.04,0
2024-02-07,2024-02-07 11:00:00,1093.0,1102.6,1093.0,1093.08,0.01,7.44,8301.8,1
2024-02-07,2024-02-07 11:01:00,1093.08,1093.15,1093.08,1093.15,0.01,7.44,8301.8,1
2024-02-07,2024-02-07 11:02:00,1093.15,1093.22,1093.15,1093.22,0.01,7.44,8301.8,1
2024-02-07,2024-02-07 11:03:00,1093.22,1093.3,1093.22,1093.3,0.01,7.44,8301.8,1
2024-02-07,2024-02-07 11:04:00,1093.3,1093.38,1093.3,1093.38,0.01,7.44,8301.8,1
2024-02-07,2024-02-07 11:05:00,1093.38,1093.45,1093.38,1093.45,0.01,7.44,8301.8,1
2024-02-07,2024-02-07 11:06:00,1093.45,1093.53,1093.45,1093.53,0.01,7.44,8301.8,1
2024-02-07,2024-02-07 11:07:00,1093.53,1093.6,1093.53,1093.6,0.01,7.44,8301.8,1
2024-02-07,2024-02-07 11:08:00,1093.6,1093.67,1093.6,1093.67,0.01,7.44,8301.8,1
2024-02-07,2024-02-07 11:09:00,1093.67,1093.75,1093.67,1093.75,0.01,7.44,8301.8,1
2024-02-07,2024-02-07 11:10:00,1093.75,1093.83,1093.75,1093.83,0.01,7.44,8301.8,1
2024-02-07,2024-02-07 11:11:00,1093.83,1093.9,1093.83,1093.9,0.01,7.44,8301.8,1
2024-02-07,2024-02-07 11:12:00,1093.9,1093.97,1093.9,1093.97,0.01,7.44,8301.8,1
2024-02-07,2024-02-07 11:13:00,1093.97,1094.05,1093.97,1094.05,0.01,7.44,8301.8,1
2024-02-07,2024-02-07 11:14:00,1094.05,1094.12,1094.05,1094.12,0.01,7.44,8301.8,1
2024-02-07,2024-02-07 11:15:00,1094.12,1094.2,1094.12,1094.2,0.01,7.44,8301.8,1
2024-02-07,2024-02-07 11:16:00,1094.2,1094.28,1094.2,1094.28,0.01,7.44,8301.8,1
2024-02-07,2024-02-07 11:17:00,1094.28,1094.35,1094.28,1094.35,0.01,7.44,8301.8,1
2024-02-07,2024-02-07 11:18:00,1094.35,1094.42,1094.35,1094.42,0.01,7.44,8301.8,1
2024-02-07,2024-02-07 11:19:00,1094.42,1094.5,1094.42,1094.5,0.01,7.44,8301.8,1
2024-02-07,2024-02-07 11:20:00,1094.5,1094.58,1094.5,1094.58,0.01,7.44,8301.8,1
2024-02-07,2024-02-07 11:21:00,1094.58,1094.65,1094.58,1094.65,0.01,7.44,8301.8,1
2024-02-07,2024-02-07 11:22:00,1094.65,1094.72,1094.65,1094.72,0.01,7.44,8301.8,1
2024-02-07,2024-02-07 11:23:00,1094.72,1094.8,1094.72,1094.8,0.01,7.44,8301.8,1
2024-02-07,2024-02-07 11:24:00,1094.8,1094.88,1094.8,1094.88,0.01,7.44,8301.8,1
2024-02-07,2024-02-07 11:25:00,1094.88,1094.95,1094.88,1094.95,0.01,7.44,8301.8,1
2024-02-07,2024-02-07 11:26:00,1094.95,1095.03,1094.95,1095.03,0.01,7.44,8301.8,1
2024-02-07,2024-02-07 11:27:00,1095.03,1095.1,1095.03,1095.1,0.01,7.44,8301.8,1
2024-02-07,2024-02-07 11:28:00,1095.1,1095.17,1095.1,1095.17,0.01,7.44,8301.8,1
2024-02-07,2024-02-07 11:29:00,1095.17,1095.25,1095.17,1095.25,0.01,7.44,8301.8,1
2024-02-07,2024-02-07 11:30:00,1095.25,1095.33,1095.25,1095.33,0.01,7.44,8301.8,1
2024-02-07,2024-02-07 11:31:00,1095.33,1095.4,1095.33,1095.4,0.01,7.44,8301.8,1
2024-02-07,2024-02-07 11:32:00,1095.4,1095.47,1095.4,1095.47,0.01,7.44,8301.8,1
2024-02-07,2024-02-07 11:33:00,1095.47,1095.55,1095.47,1095.55,0.01,7.44,8301.8,1
2024-02-07,2024-02-07 11:34:00,1095.55,1095.62,1095.55,1095.62,0.01,7.44,8301.8,1
2024-02-07,2024-02-07 11:35:00,1095.62,1095.7,1095.62,1095.7,0.01,7.44,8301.8,1
2024-02-07,2024-02-07 11:36:00,1095.7,1095.78,1095.7,1095.78,0.01,7.44,8301.8,1
2024-02-07,2024-02-07 11:37:00,1095.78,1095.85,1095.78,1095.85,0.01,7.44,8301.8,1
2024-02-07,2024-02-07 11:38:00,1095.85,1095.92,1095.85,1095.92,0.01,7.44,8301.8,1
2024-02-07,2024-02-07 11:39:00,1095.92,1096.0,1095.92,1096.0,0.01,7.44,8301.8,1
2024-02-07,2024-02-07 11:40:00,1096.0,1096.08,1096.0,1096.08,0.01,7.44,8301.8,1
2024-02-07,2024-02-07 11:41:00,1096.08,1096.15,1096.08,1096.15,0.01,7.44,8301.8,1
2024-02-07,2024-02-07 11:42:00,1096.15,1096.22,1096.15,1096.22,0.01,7.44,8301.8,1
2024-02-07,2024-02-07 11:43:00,1096.22,1096.3,1096.22,1096.3,0.01,7.44,8301.8,1
2024-02-07,2024-02-07 11:44:00,1096.3,1096.38,1096.3,1096.38,0.01,7.44,8301.8,1
2024-02-07,2024-02-07 11:45:00,1096.38,1096.45,1096.38,1096.45,0.01,7.44,8301.8,1
2024-02-07,2024-02-07 11:46:00,1096.45,1096.53,1096.45,1096.53,0.01,7.44,8301.8,1
2024-02-07,2024-02-07 11:47:00,1096.53,1096.6,1096.53,1096.6,0.01,7.44,8301.8,1
2024-02-07,2024-02-07 11:48:00,1096.6,1096.67,1096.6,1096.67,0.01,7.44,8301.8,1
2024-02-07,2024-02-07 11:49:00,1096.67,1096.75,1096.67,1096.75,0.01,7.44,8301.8,1
2024-02-07,2024-02-07 11:50:00,1096.75,1096.83,1096.75,1096.83,0.01,7.44,8301.8,1
2024-02-07,2024-02-07 11:51:00,1096.83,1096.9,1096.83,1096.9,0.01,7.44,8301.8,1
2024-02-07,2024-02-07 11:52:00,1096.9,1096.97,1096.9,1096.97,0.01,7.44,8301.8,1
2024-02-07,2024-02-07 11:53:00,1096.97,1097.05,1096.97,1097.05,0.01,7.44,8301.8,1
2024-02-07,2024-02-07 11:54:00,1097.05,1097.12,1097.05,1097.12,0.01,7.44,8301.8,1
2024-02-07,2024-02-07 11:55:00,1097.12,1097.2,1097.12,1097.2,0.01,7.44,8301.8,1
2024-02-07,2024-02-07 11:56:00,1097.2,1097.28,1097.2,1097.28,0.01,7.44,8301.8,1
2024-02-07,2024-02-07 11:57:00,1097.28,1097.35,1097.28,1097.35,0.01,7.44,8301.8,1
2024-02-07,2024-02-07 11:58:00,1097.35,1097.42,1097.35,1097.42,0.01,7.44,8301.8,1
2024-02-07,2024-02-07 11:59:00,1097.42,1097.5,1097.42,1097.5,0.01,7.44,8301.8,1
2024-02-07,2024-02-07 12:00:00,1097.5,1097.58,1097.5,1097.58,0.01,7.44,8301.8,1
2024-02-07,2024-02-07 12:01:00,1097.58,1097.65,1097.58,1097.65,0.01,7.44,8301.8,1
2024-02-07,2024-02-07 12:02:00,1097.65,1097.72,1097.65,1097.72,0.01,7.44,8301.8,1
2024-02-07,2024-02-07 12:03:00,1097.72,1097.8,1097.72,1097.8,0.01,7.44,8301.8,1
2024-02-07,2024-02-07 12:04:00,1097.8,1097.88,1097.8,1097.88,0.01,7.44,8301.8,1
2024-02-07,2024-02-07 12:05:00,1097.88,1097.95,1097.88,1097.95,0.01,7.44,8301.8,1
2024-02-07,2024-02-07 12:06:00,1097.95,1098.03,1097.95,1098.03,0.01,7.44,8301.8,1
2024-02-07,2024-02-07 12:07:00,1098.03,1098.1,1098.03,1098.1,0.01,7.44,8301.8,1
2024-02-07,2024-02-07 12:08:00,1098.1,1098.17,1098.1,1098.17,0.01,7.44,8301.8,1
2024-02-07,2024-02-07 12:09:00,1098.17,1098.25,1098.17,1098.25,0.01,7.44,8301.8,1
2024-02-07,2024-02-07 12:10:00,1098.25,1098.33,1098.25,1098.33,0.01,7.44,8301.8,1
2024-02-07,2024-02-07 12:11:00,1098.33,1098.4,1098.33,1098.4,0.01,7.44,8301.8,1
2024-02-07,2024-02-07 12:12:00,1098.4,1098.47,1098.4,1098.47,0.01,7.44,8301.8,1
2024-02-07,2024-02-07 12:13:00,1098.47,1098.55,1098.47,1098.55,0.01,7.44,8301.8,1
2024-02-07,2024-02-07 12:14:00,1098.55,1098.62,1098.55,1098.62,0.01,7.44,8301.8,1
2024-02-07,2024-02-07 12:15:00,1098.62,1098.7,1098.62,1098.7,0.01,7.44,8301.8,1
2024-02-07,2024-02-07 12:16:00,1098.7,1098.78,1098.7,1098.78,0.01,7.44,8301.8,1
2024-02-07,2024-02-07 12:17:00,1098.78,1098.85,1098.78,1098.85,0.01,7.44,8301.8,1
2024-02-07,2024-02-07 12:18:00,1098.85,1098.92,1098.85,1098.92,0.01,7.44,8301.8,1
2024-02-07,2024-02-07 12:19:00,1098.92,1099.0,1098.92,1099.0,0.01,7.44,8301.8,1
2024-02-07,2024-02-07 12:20:00,1099.0,1099.08,1099.0,1099.08,0.01,7.44,8301.8,1
2024-02-07,2024-02-07 12:21:00,1099.08,1099.15,1099.08,1099.15,0.01,7.44,8301.8,1
2024-02-07,2024-02-07 12:22:00,1099.15,1099.22,1099.15,1099.22,0.01,7.44,8301.8,1
2024-02-07,2024-02-07 12:23:00,1099.22,1099.3,1099.22,1099.3,0.01,7.44,8301.8,1
2024-02-07,2024-02-07 12:24:00,1099.3,1099.38,1099.3,1099.38,0.01,7.44,8301.8,1
2024-02-07,2024-02-07 12:25:00,1099.38,1099.45,1099.38,1099.45,0.01,7.44,8301.8,1
2024-02-07,2024-02-07 12:26:00,1099.45,1099.53,1099.45,1099.53,0.01,7.44,8301.8,1
2024-02-07,2024-02-07 12:27:00,1099.53,1099.6,1099.53,1099.6,0.01,7.44,8301.8,1
2024-02-07,2024-02-07 12:28:00,1099.6,1099.67,1099.6,1099.67,0.01,7.44,8301.8,1
2024-02-07,2024-02-07 12:29:00,1099.67,1099.75,1099.67,1099.75,0.01,7.44,8301.8,1
2024-02-07,2024-02-07 12:30:00,1099.75,1099.83,1099.75,1099.83,0.01,7.44,8301.8,1
2024-02-07,2024-02-07 12:31:00,1099.83,1099.9,1099.83,1099.9,0.01,7.44,8301.8,1
2024-02-07,2024-02-07 12:32:00,1099.9,1099.97,1099.9,1099.97,0.01,7.44,8301.8,1
2024-02-07,2024-02-07 12:33:00,1099.97,1100.05,1099.97,1100.05,0.01,7.44,8301.8,1
2024-02-07,2024-02-07 12:34:00,1100.05,1100.12,1100.05,1100.12,0.01,7.44,8301.8,1
2024-02-07,2024-02-07 12:35:00,1100.12,1100.2,1100.12,1100.2,0.01,7.44,8301.8,1
2024-02-07,2024-02-07 12:36:00,1100.2,1100.28,1100.2,1100.28,0.01,7.44,8301.8,1
2024-02-07,2024-02-07 12:37:00,1100.28,1100.35,1100.28,1100.35,0.01,7.44,8301.8,1
2024-02-07,2024-02-07 12:38:00,1100.35,1100.42,1100.35,1100.42,0.01,7.44,8301.8,1
2024-02-07,2024-02-07 12:39:00,1100.42,1100.5,1100.42,1100.5,0.01,7.44,8301.8,1
2024-02-07,2024-02-07 12:40:00,1100.5,1100.58,1100.5,1100.58,0.01,7.44,8301.8,1
2024-02-07,2024-02-07 12:41:00,1100.58,1100.65,1100.58,1100.65,0.01,7.44,8301.8,1
2024-02-07,2024-02-07 12:42:00,1100.65,1100.72,1100.65,1100.72,0.01,7.44,8301.8,1
2024-02-07,2024-02-07 12:43:00,1100.72,1100.8,1100.72,1100.8,0.01,7.44,8301.8,1
2024-02-07,2024-02-07 12:44:00,1100.8,1100.88,1100.8,1100.88,0.01,7.44,8301.8,1
2024-02-07,2024-02-07 12:45:00,1100.88,1100.95,1100.88,1100.95,0.01,7.44,8301.8,1
2024-02-07,2024-02-07 12:46:00,1100.95,1101.03,1100.95,1101.03,0.01,7.44,8301.8,1
2024-02-07,2024-02-07 12:47:00,1101.03,1101.1,1101.03,1101.1,0.01,7.44,8301.8,1
2024-02-07,2024-02-07 12:48:00,1101.1,1101.17,1101.1,1101.17,0.01,7.44,8301.8,1
2024-02-07,2024-02-07 12:49:00,1101.17,1101.25,1101.17,1101.25,0.01,7.44,8301.8,1
2024-02-07,2024-02-07 12:50:00,1101.25,1101.33,1101.25,1101.33,0.01,7.44,8301.8,1
2024-02-07,2024-02-07 12:51:00,1101.33,1101.4,1101.33,1101.4,0.01,7.44,8301.8,1
2024-02-07,2024-02-07 12:52:00,1101.4,1101.47,1101.4,1101.47,0.01,7.44,8301.8,1
2024-02-07,2024-02-07 12:53:00,1101.47,1101.55,1101.47,1101.55,0.01,7.44,8301.8,1
2024-02-07,2024-02-07 12:54:00,1101.55,1101.62,1101.55,1101.62,0.01,7.44,8301.8,1
2024-02-07,2024-02-07 12:55:00,1101.62,1101.7,1101.62,1101.7,0.01,7.44,8301.8,1
2024-02-07,2024-02-07 12:56:00,1101.7,1101.78,1101.7,1101.78,0.01,7.44,8301.8,1
2024-02-07,2024-02-07 12:57:00,1101.78,1101.85,1101.78,1101.85,0.01,7.44,8301.8,1
2024-02-07,2024-02-07 12:58:00,1101.85,1101.92,1101.85,1101.92,0.01,7.44,8301.8,1
2024-02-07,2024-02-07 12:59:00,1101.92,1102.0,1101.92,1102.0,0.01,7.44,8301.8,1
2024-02-07,2024-02-07 13:00:00,1102.0,1125.0,1093.0,1102.08,0.01,7.44,8301.8,1
2024-02-07,2024-02-07 13:01:00,1102.08,1102.15,1102.08,1102.15,0.01,7.44,8301.8,1
2024-02-07,2024-02-07 13:02:00,1102.15,1102.22,1102.15,1102.22,0.01,7.44,8301.8,1
2024-02-07,2024-02-07 13:03:00,1102.22,1102.3,1102.22,1102.3,0.01,7.44,8301.8,1
2024-02-07,2024-02-07 13:04:00,1102.3,1102.38,1102.3,1102.38,0.01,7.44,8301.8,1
2024-02-07,2024-02-07 13:05:00,1102.38,1102.45,1102.38,1102.45,0.01,7.44,8301.8,1
2024-02-07,2024-02-07 13:06:00,1102.45,1102.53,1102.45,1102.53,0.01,7.44,8301.8,1
2024-02-07,2024-02-07 13:07:00,1102.53,1102.6,1102.53,1102.6,0.01,7.44,8301.8,1
2024-02-07,2024-02-07 13:08:00,1102.6,1102.67,1102.6,1102.67,0.01,7.44,8301.8,1
2024-02-07,2024-02-07 13:09:00,1102.67,1102.75,1102.67,1102.75,0.01,7.44,8301.8,1
2024-02-07,2024-02-07 13:10:00,1102.75,1102.83,1102.75,1102.83,0.01,7.44,8301.8,1
2024-02-07,2024-02-07 13:11:00,1102.83,1102.9,1102.83,1102.9,0.01,7.44,8301.8,1
2024-02-07,2024-02-07 13:12:00,1102.9,1102.97,1102.9,1102.97,0.01,7.44,8301.8,1
2024-02-07,2024-02-07 13:13:00,1102.97,1103.05,1102.97,1103.05,0.01,7.44,8301.8,1
2024-02-07,2024-02-07 13:14:00,1103.05,1103.12,1103.05,1103.12,0.01,7.44,8301.8,1
2024-02-07,2024-02-07 13:15:00,1103.12,1103.2,1103.12,1103.2,0.01,7.44,8301.8,1
2024-02-07,2024-02-07 13:16:00,1103.2,1103.28,1103.2,1103.28,0.01,7.44,8301.8,1
2024-02-07,2024-02-07 13:17:00,1103.28,1103.35,1103.28,1103.35,0.01,7.44,8301.8,1
2024-02-07,2024-02-07 13:18:00,1103.35,1103.42,1103.35,1103.42,0.01,7.44,8301.8,1
2024-02-07,2024-02-07 13:19:00,1103.42,1103.5,1103.42,1103.5,0.01,7.44,8301.8,1
2024-02-07,2024-02-07 13:20:00,1103.5,1103.58,1103.5,1103.58,0.01,7.44,8301.8,1
2024-02-07,2024-02-07 13:21:00,1103.58,1103.65,1103.58,1103.65,0.01,7.44,8301.8,1
2024-02-07,2024-02-07 13:22:00,1103.65,1103.72,1103.65,1103.72,0.01,7.44,8301.8,1
2024-02-07,2024-02-07 13:23:00,1103.72,1103.8,1103.72,1103.8,0.01,7.44,8301.8,1
2024-02-07,2024-02-07 13:24:00,1103.8,1103.88,1103.8,1103.88,0.01,7.44,8301.8,1
2024-02-07,2024-02-07 13:25:00,1103.88,1103.95,1103.88,1103.95,0.01,7.44,8301.8,1
2024-02-07,2024-02-07 13:26:00,1103.95,1104.03,1103.95,1104.03,0.01,7.44,8301.8,1
2024-02-07,2024-02-07 13:27:00,1104.03,1104.1,1104.03,1104.1,0.01,7.44,8301.8,1
2024-02-07,2024-02-07 13:28:00,1104.1,1104.17,1104.1,1104.17,0.01,7.44,8301.8,1
2024-02-07,2024-02-07 13:29:00,1104.17,1104.25,1104.17,1104.25,0.01,7.44,8301.8,1
2024-02-07,2024-02-07 13:30:00,1104.25,1104.33,1104.25,1104.33,0.01,7.44,8301.8,1
2024-02-07,2024-02-07 13:31:00,1104.33,1104.4,1104.33,1104.4,0.01,7.44,8301.8,1
2024-02-07,2024-02-07 13:32:00,1104.4,1104.47,1104.4,1104.47,0.01,7.44,8301.8,1
2024-02-07,2024-02-07 13:33:00,1104.47,1104.55,1104.47,1104.55,0.01,7.44,8301.8,1
2024-02-07,2024-02-07 13:34:00,1104.55,1104.62,1104.55,1104.62,0.01,7.44,8301.8,1
2024-02-07,2024-02-07 13:35:00,1104.62,1104.7,1104.62,1104.7,0.01,7.44,8301.8,1
2024-02-07,2024-02-07 13:36:00,1104.7,1104.78,1104.7,1104.78,0.01,7.44,8301.8,1
2024-02-07,2024-02-07 13:37:00,1104.78,1104.85,1104.78,1104.85,0.01,7.44,8301.8,1
2024-02-07,2024-02-07 13:38:00,1104.85,1104.92,1104.85,1104.92,0.01,7.44,8301.8,1
2024-02-07,2024-02-07 13:39:00,1104.92,1105.0,1104.92,1105.0,0.01,7.44,8301.8,1
2024-02-07,2024-02-07 13:40:00,1105.0,1105.08,1105.0,1105.08,0.01,7.44,8301.8,1
2024-02-07,2024-02-07 13:41:00,1105.08,1105.15,1105.08,1105.15,0.01,7.44,8301.8,1
2024-02-07,2024-02-07 13:42:00,1105.15,1105.22,1105.15,1105.22,0.01,7.44,8301.8,1
2024-02-07,2024-02-07 13:43:00,1105.22,1105.3,1105.22,1105.3,0.01,7.44,8301.8,1
2024-02-07,2024-02-07 13:44:00,1105.3,1105.38,1105.3,1105.38,0.01,7.44,8301.8,1
2024-02-07,2024-02-07 13:45:00,1105.38,1105.45,1105.38,1105.45,0.01,7.44,8301.8,1
2024-02-07,2024-02-07 13:46:00,1105.45,1105.53,1105.45,1105.53,0.01,7.44,8301.8,1
2024-02-07,2024-02-07 13:47:00,1105.53,1105.6,1105.53,1105.6,0.01,7.44,8301.8,1
2024-02-07,2024-02-07 13:48:00,1105.6,1105.67,1105.6,1105.67,0.01,7.44,8301.8,1
2024-02-07,2024-02-07 13:49:00,1105.67,1105.75,1105.67,1105.75,0.01,7.44,8301.8,1
2024-02-07,2024-02-07 13:50:00,1105.75,1105.83,1105.75,1105.83,0.01,7.44,8301.8,1
2024-02-07,2024-02-07 13:51:00,1105.83,1105.9,1105.83,1105.9,0.01,7.44,8301.8,1
2024-02-07,2024-02-07 13:52:00,1105.9,1105.97,1105.9,1105.97,0.01,7.44,8301.8,1
2024-02-07,2024-02-07 13:53:00,1105.97,1106.05,1105.97,1106.05,0.01,7.44,8301.8,1
2024-02-07,2024-02-07 13:54:00,1106.05,1106.12,1106.05,1106.12,0.01,7.44,8301.8,1
2024-02-07,2024-02-07 13:55:00,1106.12,1106.2,1106.12,1106.2,0.01,7.44,8301.8,1
2024-02-07,2024-02-07 13:56:00,1106.2,1106.28,1106.2,1106.28,0.01,7.44,8301.8,1
2024-02-07,2024-02-07 13:57:00,1106.28,1106.35,1106.28,1106.35,0.01,7.44,8301.8,1
2024-02-07,2024-02-07 13:58:00,1106.35,1106.42,1106.35,1106.42,0.01,7.44,8301.8,1
2024-02-07,2024-02-07 13:59:00,1106.42,1106.5,1106.42,1106.5,0.01,7.44,8301.8,1
2024-02-07,2024-02-07 14:00:00,1106.5,1106.58,1106.5,1106.58,0.01,7.44,8301.8,1
2024-02-07,2024-02-07 14:01:00,1106.58,1106.65,1106.58,1106.65,0.01,7.44,8301.8,1
2024-02-07,2024-02-07 14:02:00,1106.65,1106.72,1106.65,1106.72,0.01,7.44,8301.8,1
2024-02-07,2024-02-07 14:03:00,1106.72,1106.8,1106.72,1106.8,0.01,7.44,8301.8,1
2024-02-07,2024-02-07 14:04:00,1106.8,1106.88,1106.8,1106.88,0.01,7.44,8301.8,1
2024-02-07,2024-02-07 14:05:00,1106.88,1106.95,1106.88,1106.95,0.01,7.44,8301.8,1
2024-02-07,2024-02-07 14:06:00,1106.95,1107.03,1106.95,1107.03,0.01,7.44,8301.8,1
2024-02-07,2024-02-07 14:07:00,1107.03,1107.1,1107.03,1107.1,0.01,7.44,8301.8,1
2024-02-07,2024-02-07 14:08:00,1107.1,1107.17,1107.1,1107.17,0.01,7.44,8301.8,1
2024-02-07,2024-02-07 14:09:00,1107.17,1107.25,1107.17,1107.25,0.01,7.44,8301.8,1
2024-02-07,2024-02-07 14:10:00,1107.25,1107.33,1107.25,1107.33,0.01,7.44,8301.8,1
2024-02-07,2024-02-07 14:11:00,1107.33,1107.4,1107.33,1107.4,0.01,7.44,8301.8,1
2024-02-07,2024-02-07 14:12:00,1107.4,1107.47,1107.4,1107.47,0.01,7.44,8301.8,1
2024-02-07,2024-02-07 14:13:00,1107.47,1107.55,1107.47,1107.55,0.01,7.44,8301.8,1
2024-02-07,2024-02-07 14:14:00,1107.55,1107.62,1107.55,1107.62,0.01,7.44,8301.8,1
2024-02-07,2024-02-07 14:15:00,1107.62,1107.7,1107.62,1107.7,0.01,7.44,8301.8,1
2024-02-07,2024-02-07 14:16:00,1107.7,1107.78,1107.7,1107.78,0.01,7.44,8301.8,1
2024-02-07,2024-02-07 14:17:00,1107.78,1107.85,1107.78,1107.85,0.01,7.44,8301.8,1
2024-02-07,2024-02-07 14:18:00,1107.85,1107.92,1107.85,1107.92,0.01,7.44,8301.8,1
2024-02-07,2024-02-07 14:19:00,1107.92,1108.0,1107.92,1108.0,0.01,7.44,8301.8,1
2024-02-07,2024-02-07 14:20:00,1108.0,1108.08,1108.0,1108.08,0.01,7.44,8301.8,1
2024-02-07,2024-02-07 14:21:00,1108.08,1108.15,1108.08,1108.15,0.01,7.44,8301.8,1
2024-02-07,2024-02-07 14:22:00,1108.15,1108.22,1108.15,1108.22,0.01,7.44,8301.8,1
2024-02-07,2024-02-07 14:23:00,1108.22,1108.3,1108.22,1108.3,0.01,7.44,8301.8,1
2024-02-07,2024-02-07 14:24:00,1108.3,1108.38,1108.3,1108.38,0.01,7.44,8301.8,1
2024-02-07,2024-02-07 14:25:00,1108.38,1108.45,1108.38,1108.45,0.01,7.44,8301.8,1
2024-02-07,2024-02-07 14:26:00,1108.45,1108.53,1108.45,1108.53,0.01,7.44,8301.8,1
2024-02-07,2024-02-07 14:27:00,1108.53,1108.6,1108.53,1108.6,0.01,7.44,8301.8,1
2024-02-07,2024-02-07 14:28:00,1108.6,1108.67,1108.6,1108.67,0.01,7.44,8301.8,1
2024-02-07,2024-02-07 14:29:00,1108.67,1108.75,1108.67,1108.75,0.01,7.44,8301.8,1
2024-02-07,2024-02-07 14:30:00,1108.75,1108.83,1108.75,1108.83,0.01,7.44,8301.8,1
2024-02-07,2024-02-07 14:31:00,1108.83,1108.9,1108.83,1108.9,0.01,7.44,8301.8,1
2024-02-07,2024-02-07 14:32:00,1108.9,1108.97,1108.9,1108.97,0.01,7.44,8301.8,1
2024-02-07,2024-02-07 14:33:00,1108.97,1109.05,1108.97,1109.05,0.01,7.44,8301.8,1
2024-02-07,2024-02-07 14:34:00,1109.05,1109.12,1109.05,1109.12,0.01,7.44,8301.8,1
2024-02-07,2024-02-07 14:35:00,1109.12,1109.2,1109.12,1109.2,0.01,7.44,8301.8,1
2024-02-07,2024-02-07 14:36:00,1109.2,1109.28,1109.2,1109.28,0.01,7.44,8301.8,1
2024-02-07,2024-02-07 14:37:00,1109.28,1109.35,1109.28,1109.35,0.01,7.44,8301.8,1
2024-02-07,2024-02-07 14:38:00,1109.35,1109.42,1109.35,1109.42,0.01,7.44,8301.8,1
2024-02-07,2024-02-07 14:39:00,1109.42,1109.5,1109.42,1109.5,0.01,7.44,8301.8,1
2024-02-07,2024-02-07 14:40:00,1109.5,1109.58,1109.5,1109.58,0.01,7.44,8301.8,1
2024-02-07,2024-02-07 14:41:00,1109.58,1109.65,1109.58,1109.65,0.01,7.44,8301.8,1
2024-02-07,2024-02-07 14:42:00,1109.65,1109.72,1109.65,1109.72,0.01,7.44,8301.8,1
2024-02-07,2024-02-07 14:43:00,1109.72,1109.8,1109.72,1109.8,0.01,7.44,8301.8,1
2024-02-07,2024-02-07 14:44:00,1109.8,1109.88,1109.8,1109.88,0.01,7.44,8301.8,1
2024-02-07,2024-02-07 14:45:00,1109.88,1109.95,1109.88,1109.95,0.01,7.44,8301.8,1
2024-02-07,2024-02-07 14:46:00,1109.95,1110.03,1109.95,1110.03,0.01,7.44,8301.8,1
2024-02-07,2024-02-07 14:47:00,1110.03,1110.1,1110.03,1110.1,0.01,7.44,8301.8,1
2024-02-07,2024-02-07 14:48:00,1110.1,1110.17,1110.1,1110.17,0.01,7.44,8301.8,1
2024-02-07,2024-02-07 14:49:00,1110.17,1110.25,1110.17,1110.25,0.01,7.44,8301.8,1
2024-02-07,2024-02-07 14:50:00,1110.25,1110.33,1110.25,1110.33,0.01,7.44,8301.8,1
2024-02-07,2024-02-07 14:51:00,1110.33,1110.4,1110.33,1110.4,0.01,7.44,8301.8,1
2024-02-07,2024-02-07 14:52:00,1110.4,1110.47,1110.4,1110.47,0.01,7.44,8301.8,1
2024-02-07,2024-02-07 14:53:00,1110.47,1110.55,1110.47,1110.55,0.01,7.44,8301.8,1
2024-02-07,2024-02-07 14:54:00,1110.55,1110.62,1110.55,1110.62,0.01,7.44,8301.8,1
2024-02-07,2024-02-07 14:55:00,1110.62,1110.7,1110.62,1110.7,0.01,7.44,8301.8,1
2024-02-07,2024-02-07 14:56:00,1110.7,1110.78,1110.7,1110.78,0.01,7.44,8301.8,1
2024-02-07,2024-02-07 14:57:00,1110.78,1110.85,1110.78,1110.85,0.01,7.44,8301.8,1
2024-02-07,2024-02-07 14:58:00,1110.85,1110.92,1110.85,1110.92,0.01,7.44,8301.8,1
2024-02-07,2024-02-07 14:59:00,1110.92,1111.0,1110.92,1111.0,0.01,7.44,8301.8,1
2024-02-07,2024-02-07 15:00:00,1111.0,1125.0,1093.0,1111.0,0.0,7.44,8301.8,0
2024-02-08,2024-02-08 11:00:00,1088.8,1098.16,1088.8,1088.93,0.01,14.77,16351.7,1
2024-02-08,2024-02-08 11:01:00,1088.93,1089.05,1088.93,1089.05,0.01,14.77,16351.7,1
2024-02-08,2024-02-08 11:02:00,1089.05,1089.18,1089.05,1089.18,0.01,14.77,16351.7,1
2024-02-08,2024-02-08 11:03:00,1089.18,1089.3,1089.18,1089.3,0.01,14.77,16351.7,1
2024-02-08,2024-02-08 11:04:00,1089.3,1089.43,1089.3,1089.43,0.01,14.77,16351.7,1
2024-02-08,2024-02-08 11:05:00,1089.43,1089.56,1089.43,1089.56,0.01,14.77,16351.7,1
2024-02-08,2024-02-08 11:06:00,1089.56,1089.68,1089.56,1089.68,0.01,14.77,16351.7,1
2024-02-08,2024-02-08 11:07:00,1089.68,1089.81,1089.68,1089.81,0.01,14.77,16351.7,1
2024-02-08,2024-02-08 11:08:00,1089.81,1089.93,1089.81,1089.93,0.01,14.77,16351.7,1
2024-02-08,2024-02-08 11:09:00,1089.93,1090.06,1089.93,1090.06,0.01,14.77,16351.7,1
2024-02-08,2024-02-08 11:10:00,1090.06,1090.18,1090.06,1090.18,0.01,14.77,16351.7,1
2024-02-08,2024-02-08 11:11:00,1090.18,1090.31,1090.18,1090.31,0.01,14.77,16351.7,1
2024-02-08,2024-02-08 11:12:00,1090.31,1090.44,1090.31,1090.44,0.01,14.77,16351.7,1
2024-02-08,2024-02-08 11:13:00,1090.44,1090.56,1090.44,1090.56,0.01,14.77,16351.7,1
2024-02-08,2024-02-08 11:14:00,1090.56,1090.69,1090.56,1090.69,0.01,14.77,16351.7,1
2024-02-08,2024-02-08 11:15:00,1090.69,1090.81,1090.69,1090.81,0.01,14.77,16351.7,1
2024-02-08,2024-02-08 11:16:00,1090.81,1090.94,1090.81,1090.94,0.01,14.77,16351.7,1
2024-02-08,2024-02-08 11:17:00,1090.94,1091.07,1090.94,1091.07,0.01,14.77,16351.7,1
2024-02-08,2024-02-08 11:18:00,1091.07,1091.19,1091.07,1091.19,0.01,14.77,16351.7,1
2024-02-08,2024-02-08 11:19:00,1091.19,1091.32,1091.19,1091.32,0.01,14.77,16351.7,1
2024-02-08,2024-02-08 11:20:00,1091.32,1091.44,1091.32,1091.44,0.01,14.77,16351.7,1
2024-02-08,2024-02-08 11:21:00,1091.44,1091.57,1091.44,1091.57,0.01,14.77,16351.7,1
2024-02-08,2024-02-08 11:22:00,1091.57,1091.69,1091.57,1091.69,0.01,14.77,16351.7,1
2024-02-08,2024-02-08 11:23:00,1091.69,1091.82,1091.69,1091.82,0.01,14.77,16351.7,1
2024-02-08,2024-02-08 11:24:00,1091.82,1091.95,1091.82,1091.95,0.01,14.77,16351.7,1
2024-02-08,2024-02-08 11:25:00,1091.95,1092.07,1091.95,1092.07,0.01,14.77,16351.7,1
2024-02-08,2024-02-08 11:26:00,1092.07,1092.2,1092.07,1092.2,0.01,14.77,16351.7,1
2024-02-08,2024-02-08 11:27:00,1092.2,1092.32,1092.2,1092.32,0.01,14.77,16351.7,1
2024-02-08,2024-02-08 11:28:00,1092.32,1092.45,1092.32,1092.45,0.01,14.77,16351.7,1
2024-02-08,2024-02-08 11:29:00,1092.45,1092.58,1092.45,1092.58,0.01,14.77,16351.7,1
2024-02-08,2024-02-08 11:30:00,1092.58,1092.7,1092.58,1092.7,0.01,14.77,16351.7,1
2024-02-08,2024-02-08 11:31:00,1092.7,1092.83,1092.7,1092.83,0.01,14.77,16351.7,1
2024-02-08,2024-02-08 11:32:00,1092.83,1092.95,1092.83,1092.95,0.01,14.77,16351.7,1
2024-02-08,2024-02-08 11:33:00,1092.95,1093.08,1092.95,1093.08,0.01,14.77,16351.7,1
2024-02-08,2024-02-08 11:34:00,1093.08,1093.2,1093.08,1093.2,0.01,14.77,16351.7,1
2024-02-08,2024-02-08 11:35:00,1093.2,1093.33,1093.2,1093.33,0.01,14.77,16351.7,1
2024-02-08,2024-02-08 11:36:00,1093.33,1093.46,1093.33,1093.46,0.01,14.77,16351.7,1
2024-02-08,2024-02-08 11:37:00,1093.46,1093.58,1093.46,1093.58,0.01,14.77,16351.7,1
2024-02-08,2024-02-08 11:38:00,1093.58,1093.71,1093.58,1093.71,0.01,14.77,16351.7,1
2024-02-08,2024-02-08 11:39:00,1093.71,1093.83,1093.71,1093.83,0.01,14.77,16351.7,1
2024-02-08,2024-02-08 11:40:00,1093.83,1093.96,1093.83,1093.96,0.01,14.77,16351.7,1
2024-02-08,2024-02-08 11:41:00,1093.96,1094.09,1093.96,1094.09,0.01,14.77,16351.7,1
2024-02-08,2024-02-08 11:42:00,1094.09,1094.21,1094.09,1094.21,0.01,14.77,16351.7,1
2024-02-08,2024-02-08 11:43:00,1094.21,1094.34,1094.21,1094.34,0.01,14.77,16351.7,1
2024-02-08,2024-02-08 11:44:00,1094.34,1094.46,1094.34,1094.46,0.01,14.77,16351.7,1
2024-02-08,2024-02-08 11:45:00,1094.46,1094.59,1094.46,1094.59,0.01,14.77,16351.7,1
2024-02-08,2024-02-08 11:46:00,1094.59,1094.71,1094.59,1094.71,0.01,14.77,16351.7,1
2024-02-08,2024-02-08 11:47:00,1094.71,1094.84,1094.71,1094.84,0.01,14.77,16351.7,1
2024-02-08,2024-02-08 11:48:00,1094.84,1094.97,1094.84,1094.97,0.01,14.77,16351.7,1
2024-02-08,2024-02-08 11:49:00,1094.97,1095.09,1094.97,1095.09,0.01,14.77,16351.7,1
2024-02-08,2024-02-08 11:50:00,1095.09,1095.22,1095.09,1095.22,0.01,14.77,16351.7,1
2024-02-08,2024-02-08 11:51:00,1095.22,1095.34,1095.22,1095.34,0.01,14.77,16351.7,1
2024-02-08,2024-02-08 11:52:00,1095.34,1095.47,1095.34,1095.47,0.01,14.77,16351.7,1
2024-02-08,2024-02-08 11:53:00,1095.47,1095.6,1095.47,1095.6,0.01,14.77,16351.7,1
2024-02-08,2024-02-08 11:54:00,1095.6,1095.72,1095.6,1095.72,0.01,14.77,16351.7,1
2024-02-08,2024-02-08 11:55:00,1095.72,1095.85,1095.72,1095.85,0.01,14.77,16351.7,1
2024-02-08,2024-02-08 11:56:00,1095.85,1095.97,1095.85,1095.97,0.01,14.77,16351.7,1
2024-02-08,2024-02-08 11:57:00,1095.97,1096.1,1095.97,1096.1,0.01,14.77,16351.7,1
2024-02-08,2024-02-08 11:58:00,1096.1,1096.22,1096.1,1096.22,0.01,14.77,16351.7,1
2024-02-08,2024-02-08 11:59:00,1096.22,1096.35,1096.22,1096.35,0.01,14.77,16351.7,1
2024-02-08,2024-02-08 12:00:00,1096.35,1096.48,1096.35,1096.48,0.01,14.77,16351.7,1
2024-02-08,2024-02-08 12:01:00,1096.48,1096.6,1096.48,1096.6,0.01,14.77,16351.7,1
2024-02-08,2024-02-08 12:02:00,1096.6,1096.73,1096.6,1096.73,0.01,14.77,16351.7,1
2024-02-08,2024-02-08 12:03:00,1096.73,1096.85,1096.73,1096.85,0.01,14.77,16351.7,1
2024-02-08,2024-02-08 12:04:00,1096.85,1096.98,1096.85,1096.98,0.01,14.77,16351.7,1
2024-02-08,2024-02-08 12:05:00,1096.98,1097.11,1096.98,1097.11,0.01,14.77,16351.7,1
2024-02-08,2024-02-08 12:06:00,1097.11,1097.23,1097.11,1097.23,0.01,14.77,16351.7,1
2024-02-08,2024-02-08 12:07:00,1097.23,1097.36,1097.23,1097.36,0.01,14.77,16351.7,1
2024-02-08,2024-02-08 12:08:00,1097.36,1097.48,1097.36,1097.48,0.01,14.77,16351.7,1
2024-02-08,2024-02-08 12:09:00,1097.48,1097.61,1097.48,1097.61,0.01,14.77,16351.7,1
2024-02-08,2024-02-08 12:10:00,1097.61,1097.73,1097.61,1097.73,0.01,14.77,16351.7,1
2024-02-08,2024-02-08 12:11:00,1097.73,1097.86,1097.73,1097.86,0.01,14.77,16351.7,1
2024-02-08,2024-02-08 12:12:00,1097.86,1097.99,1097.86,1097.99,0.01,14.77,16351.7,1
2024-02-08,2024-02-08 12:13:00,1097.99,1098.11,1097.99,1098.11,0.01,14.77,16351.7,1
2024-02-08,2024-02-08 12:14:00,1098.11,1098.24,1098.11,1098.24,0.01,14.77,16351.7,1
2024-02-08,2024-02-08 12:15:00,1098.24,1098.36,1098.24,1098.36,0.01,14.77,16351.7,1
2024-02-08,2024-02-08 12:16:00,1098.36,1098.49,1098.36,1098.49,0.01,14.77,16351.7,1
2024-02-08,2024-02-08 12:17:00,1098.49,1098.62,1098.49,1098.62,0.01,14.77,16351.7,1
2024-02-08,2024-02-08 12:18:00,1098.62,1098.74,1098.62,1098.74,0.01,14.77,16351.7,1
2024-02-08,2024-02-08 12:19:00,1098.74,1098.87,1098.74,1098.87,0.01,14.77,16351.7,1
2024-02-08,2024-02-08 12:20:00,1098.87,1098.99,1098.87,1098.99,0.01,14.77,16351.7,1
2024-02-08,2024-02-08 12:21:00,1098.99,1099.12,1098.99,1099.12,0.01,14.77,16351.7,1
2024-02-08,2024-02-08 12:22:00,1099.12,1099.24,1099.12,1099.24,0.01,14.77,16351.7,1
2024-02-08,2024-02-08 12:23:00,1099.24,1099.37,1099.24,1099.37,0.01,14.77,16351.7,1
2024-02-08,2024-02-08 12:24:00,1099.37,1099.5,1099.37,1099.5,0.01,14.77,16351.7,1
2024-02-08,2024-02-08 12:25:00,1099.5,1099.62,1099.5,1099.62,0.01,14.77,16351.7,1
2024-02-08,2024-02-08 12:26:00,1099.62,1099.75,1099.62,1099.75,0.01,14.77,16351.7,1
2024-02-08,2024-02-08 12:27:00,1099.75,1099.87,1099.75,1099.87,0.01,14.77,16351.7,1
2024-02-08,2024-02-08 12:28:00,1099.87,1100.0,1099.87,1100.0,0.01,14.77,16351.7,1
2024-02-08,2024-02-08 12:29:00,1100.0,1100.12,1100.0,1100.12,0.01,14.77,16351.7,1
2024-02-08,2024-02-08 12:30:00,1100.12,1100.25,1100.12,1100.25,0.01,14.77,16351.7,1
2024-02-08,2024-02-08 12:31:00,1100.25,1100.38,1100.25,1100.38,0.01,14.77,16351.7,1
2024-02-08,2024-02-08 12:32:00,1100.38,1100.5,1100.38,1100.5,0.01,14.77,16351.7,1
2024-02-08,2024-02-08 12:33:00,1100.5,1100.63,1100.5,1100.63,0.01,14.77,16351.7,1
2024-02-08,2024-02-08 12:34:00,1100.63,1100.75,1100.63,1100.75,0.01,14.77,16351.7,1
2024-02-08,2024-02-08 12:35:00,1100.75,1100.88,1100.75,1100.88,0.01,14.77,16351.7,1
2024-02-08,2024-02-08 12:36:00,1100.88,1101.01,1100.88,1101.01,0.01,14.77,16351.7,1
2024-02-08,2024-02-08 12:37:00,1101.01,1101.13,1101.01,1101.13,0.01,14.77,16351.7,1
2024-02-08,2024-02-08 12:38:00,1101.13,1101.26,1101.13,1101.26,0.01,14.77,16351.7,1
2024-02-08,2024-02-08 12:39:00,1101.26,1101.38,1101.26,1101.38,0.01,14.77,16351.7,1
2024-02-08,2024-02-08 12:40:00,1101.38,1101.51,1101.38,1101.51,0.01,14.77,16351.7,1
2024-02-08,2024-02-08 12:41:00,1101.51,1101.63,1101.51,1101.63,0.01,14.77,16351.7,1
2024-02-08,2024-02-08 12:42:00,1101.63,1101.76,1101.63,1101.76,0.01,14.77,16351.7,1
2024-02-08,2024-02-08 12:43:00,1101.76,1101.89,1101.76,1101.89,0.01,14.77,16351.7,1
2024-02-08,2024-02-08 12:44:00,1101.89,1102.01,1101.89,1102.01,0.01,14.77,16351.7,1
2024-02-08,2024-02-08 12:45:00,1102.01,1102.14,1102.01,1102.14,0.01,14.77,16351.7,1
2024-02-08,2024-02-08 12:46:00,1102.14,1102.26,1102.14,1102.26,0.01,14.77,16351.7,1
2024-02-08,2024-02-08 12:47:00,1102.26,1102.39,1102.26,1102.39,0.01,14.77,16351.7,1
2024-02-08,2024-02-08 12:48:00,1102.39,1102.52,1102.39,1102.52,0.01,14.77,16351.7,1
2024-02-08,2024-02-08 12:49:00,1102.52,1102.64,1102.52,1102.64,0.01,14.77,16351.7,1
2024-02-08,2024-02-08 12:50:00,1102.64,1102.77,1102.64,1102.77,0.01,14.77,16351.7,1
2024-02-08,2024-02-08 12:51:00,1102.77,1102.89,1102.77,1102.89,0.01,14.77,16351.7,1
2024-02-08,2024-02-08 12:52:00,1102.89,1103.02,1102.89,1103.02,0.01,14.77,16351.7,1
2024-02-08,2024-02-08 12:53:00,1103.02,1103.14,1103.02,1103.14,0.01,14.77,16351.7,1
2024-02-08,2024-02-08 12:54:00,1103.14,1103.27,1103.14,1103.27,0.01,14.77,16351.7,1
2024-02-08,2024-02-08 12:55:00,1103.27,1103.4,1103.27,1103.4,0.01,14.77,16351.7,1
2024-02-08,2024-02-08 12:56:00,1103.4,1103.52,1103.4,1103.52,0.01,14.77,16351.7,1
2024-02-08,2024-02-08 12:57:00,1103.52,1103.65,1103.52,1103.65,0.01,14.77,16351.7,1
2024-02-08,2024-02-08 12:58:00,1103.65,1103.77,1103.65,1103.77,0.01,14.77,16351.7,1
2024-02-08,2024-02-08 12:59:00,1103.77,1103.9,1103.77,1103.9,0.01,14.77,16351.7,1
2024-02-08,2024-02-08 13:00:00,1103.9,1120.0,1088.8,1104.03,0.01,14.77,16351.7,1
2024-02-08,2024-02-08 13:01:00,1104.03,1104.15,1104.03,1104.15,0.01,14.77,16351.7,1
2024-02-08,2024-02-08 13:02:00,1104.15,1104.28,1104.15,1104.28,0.01,14.77,16351.7,1
2024-02-08,2024-02-08 13:03:00,1104.28,1104.4,1104.28,1104.4,0.01,14.77,16351.7,1
2024-02-08,2024-02-08 13:04:00,1104.4,1104.53,1104.4,1104.53,0.01,14.77,16351.7,1
2024-02-08,2024-02-08 13:05:00,1104.53,1104.65,1104.53,1104.65,0.01,14.77,16351.7,1
2024-02-08,2024-02-08 13:06:00,1104.65,1104.78,1104.65,1104.78,0.01,14.77,16351.7,1
2024-02-08,2024-02-08 13:07:00,1104.78,1104.91,1104.78,1104.91,0.01,14.77,16351.7,1
2024-02-08,2024-02-08 13:08:00,1104.91,1105.03,1104.91,1105.03,0.01,14.77,16351.7,1
2024-02-08,2024-02-08 13:09:00,1105.03,1105.16,1105.03,1105.16,0.01,14.77,16351.7,1
2024-02-08,2024-02-08 13:10:00,1105.16,1105.28,1105.16,1105.28,0.01,14.77,16351.7,1
2024-02-08,2024-02-08 13:11:00,1105.28,1105.41,1105.28,1105.41,0.01,14.77,16351.7,1
2024-02-08,2024-02-08 13:12:00,1105.41,1105.54,1105.41,1105.54,0.01,14.77,16351.7,1
2024-02-08,2024-02-08 13:13:00,1105.54,1105.66,1105.54,1105.66,0.01,14.77,16351.7,1
2024-02-08,2024-02-08 13:14:00,1105.66,1105.79,1105.66,1105.79,0.01,14.77,16351.7,1
2024-02-08,2024-02-08 13:15:00,1105.79,1105.91,1105.79,1105.91,0.01,14.77,16351.7,1
2024-02-08,2024-02-08 13:16:00,1105.91,1106.04,1105.91,1106.04,0.01,14.77,16351.7,1
2024-02-08,2024-02-08 13:17:00,1106.04,1106.16,1106.04,1106.16,0.01,14.77,16351.7,1
2024-02-08,2024-02-08 13:18:00,1106.16,1106.29,1106.16,1106.29,0.01,14.77,16351.7,1
2024-02-08,2024-02-08 13:19:00,1106.29,1106.42,1106.29,1106.42,0.01,14.77,16351.7,1
2024-02-08,2024-02-08 13:20:00,1106.42,1106.54,1106.42,1106.54,0.01,14.77,16351.7,1
2024-02-08,2024-02-08 13:21:00,1106.54,1106.67,1106.54,1106.67,0.01,14.77,16351.7,1
2024-02-08,2024-02-08 13:22:00,1106.67,1106.79,1106.67,1106.79,0.01,14.77,16351.7,1
2024-02-08,2024-02-08 13:23:00,1106.79,1106.92,1106.79,1106.92,0.01,14.77,16351.7,1
2024-02-08,2024-02-08 13:24:00,1106.92,1107.05,1106.92,1107.05,0.01,14.77,16351.7,1
2024-02-08,2024-02-08 13:25:00,1107.05,1107.17,1107.05,1107.17,0.01,14.77,16351.7,1
2024-02-08,2024-02-08 13:26:00,1107.17,1107.3,1107.17,1107.3,0.01,14.77,16351.7,1
2024-02-08,2024-02-08 13:27:00,1107.3,1107.42,1107.3,1107.42,0.01,14.77,16351.7,1
2024-02-08,2024-02-08 13:28:00,1107.42,1107.55,1107.42,1107.55,0.01,14.77,16351.7,1
2024-02-08,2024-02-08 13:29:00,1107.55,1107.67,1107.55,1107.67,0.01,14.77,16351.7,1
2024-02-08,2024-02-08 13:30:00,1107.67,1107.8,1107.67,1107.8,0.01,14.77,16351.7,1
2024-02-08,2024-02-08 13:31:00,1107.8,1107.93,1107.8,1107.93,0.01,14.77,16351.7,1
2024-02-08,2024-02-08 13:32:00,1107.93,1108.05,1107.93,1108.05,0.01,14.77,16351.7,1
2024-02-08,2024-02-08 13:33:00,1108.05,1108.18,1108.05,1108.18,0.01,14.77,16351.7,1
2024-02-08,2024-02-08 13:34:00,1108.18,1108.3,1108.18,1108.3,0.01,14.77,16351.7,1
2024-02-08,2024-02-08 13:35:00,1108.3,1108.43,1108.3,1108.43,0.01,14.77,16351.7,1
2024-02-08,2024-02-08 13:36:00,1108.43,1108.56,1108.43,1108.56,0.01,14.77,16351.7,1
2024-02-08,2024-02-08 13:37:00,1108.56,1108.68,1108.56,1108.68,0.01,14.77,16351.7,1
2024-02-08,2024-02-08 13:38:00,1108.68,1108.81,1108.68,1108.81,0.01,14.77,16351.7,1
2024-02-08,2024-02-08 13:39:00,1108.81,1108.93,1108.81,1108.93,0.01,14.77,16351.7,1
2024-02-08,2024-02-08 13:40:00,1108.93,1109.06,1108.93,1109.06,0.01,14.77,16351.7,1
2024-02-08,2024-02-08 13:41:00,1109.06,1109.18,1109.06,1109.18,0.01,14.77,16351.7,1
2024-02-08,2024-02-08 13:42:00,1109.18,1109.31,1109.18,1109.31,0.01,14.77,16351.7,1
2024-02-08,2024-02-08 13:43:00,1109.31,1109.44,1109.31,1109.44,0.01,14.77,16351.7,1
2024-02-08,2024-02-08 13:44:00,1109.44,1109.56,1109.44,1109.56,0.01,14.77,16351.7,1
2024-02-08,2024-02-08 13:45:00,1109.56,1109.69,1109.56,1109.69,0.01,14.77,16351.7,1
2024-02-08,2024-02-08 13:46:00,1109.69,1109.81,1109.69,1109.81,0.01,14.77,16351.7,1
2024-02-08,2024-02-08 13:47:00,1109.81,1109.94,1109.81,1109.94,0.01,14.77,16351.7,1
2024-02-08,2024-02-08 13:48:00,1109.94,1110.07,1109.94,1110.07,0.01,14.77,16351.7,1
2024-02-08,2024-02-08 13:49:00,1110.07,1110.19,1110.07,1110.19,0.01,14.77,16351.7,1
2024-02-08,2024-02-08 13:50:00,1110.19,1110.32,1110.19,1110.32,0.01,14.77,16351.7,1
2024-02-08,2024-02-08 13:51:00,1110.32,1110.44,1110.32,1110.44,0.01,14.77,16351.7,1
2024-02-08,2024-02-08 13:52:00,1110.44,1110.57,1110.44,1110.57,0.01,14.77,16351.7,1
2024-02-08,2024-02-08 13:53:00,1110.57,1110.69,1110.57,1110.69,0.01,14.77,16351.7,1
2024-02-08,2024-02-08 13:54:00,1110.69,1110.82,1110.69,1110.82,0.01,14.77,16351.7,1
2024-02-08,2024-02-08 13:55:00,1110.82,1110.95,1110.82,1110.95,0.01,14.77,16351.7,1
2024-02-08,2024-02-08 13:56:00,1110.95,1111.07,1110.95,1111.07,0.01,14.77,16351.7,1
2024-02-08,2024-02-08 13:57:00,1111.07,1111.2,1111.07,1111.2,0.01,14.77,16351.7,1
2024-02-08,2024-02-08 13:58:00,1111.2,1111.32,1111.2,1111.32,0.01,14.77,16351.7,1
2024-02-08,2024-02-08 13:59:00,1111.32,1111.45,1111.32,1111.45,0.01,14.77,16351.7,1
2024-02-08,2024-02-08 14:00:00,1111.45,1111.58,1111.45,1111.58,0.01,14.77,16351.7,1
2024-02-08,2024-02-08 14:01:00,1111.58,1111.7,1111.58,1111.7,0.01,14.77,16351.7,1
2024-02-08,2024-02-08 14:02:00,1111.7,1111.83,1111.7,1111.83,0.01,14.77,16351.7,1
2024-02-08,2024-02-08 14:03:00,1111.83,1111.95,1111.83,1111.95,0.01,14.77,16351.7,1
2024-02-08,2024-02-08 14:04:00,1111.95,1112.08,1111.95,1112.08,0.01,14.77,16351.7,1
2024-02-08,2024-02-08 14:05:00,1112.08,1112.2,1112.08,1112.2,0.01,14.77,16351.7,1
2024-02-08,2024-02-08 14:06:00,1112.2,1112.33,1112.2,1112.33,0.01,14.77,16351.7,1
2024-02-08,2024-02-08 14:07:00,1112.33,1112.46,1112.33,1112.46,0.01,14.77,16351.7,1
2024-02-08,2024-02-08 14:08:00,1112.46,1112.58,1112.46,1112.58,0.01,14.77,16351.7,1
2024-02-08,2024-02-08 14:09:00,1112.58,1112.71,1112.58,1112.71,0.01,14.77,16351.7,1
2024-02-08,2024-02-08 14:10:00,1112.71,1112.83,1112.71,1112.83,0.01,14.77,16351.7,1
2024-02-08,2024-02-08 14:11:00,1112.83,1112.96,1112.83,1112.96,0.01,14.77,16351.7,1
2024-02-08,2024-02-08 14:12:00,1112.96,1113.09,1112.96,1113.09,0.01,14.77,16351.7,1
2024-02-08,2024-02-08 14:13:00,1113.09,1113.21,1113.09,1113.21,0.01,14.77,16351.7,1
2024-02-08,2024-02-08 14:14:00,1113.21,1113.34,1113.21,1113.34,0.01,14.77,16351.7,1
2024-02-08,2024-02-08 14:15:00,1113.34,1113.46,1113.34,1113.46,0.01,14.77,16351.7,1
2024-02-08,2024-02-08 14:16:00,1113.46,1113.59,1113.46,1113.59,0.01,14.77,16351.7,1
2024-02-08,2024-02-08 14:17:00,1113.59,1113.71,1113.59,1113.71,0.01,14.77,16351.7,1
2024-02-08,2024-02-08 14:18:00,1113.71,1113.84,1113.71,1113.84,0.01,14.77,16351.7,1
2024-02-08,2024-02-08 14:19:00,1113.84,1113.97,1113.84,1113.97,0.01,14.77,16351.7,1
2024-02-08,2024-02-08 14:20:00,1113.97,1114.09,1113.97,1114.09,0.01,14.77,16351.7,1
2024-02-08,2024-02-08 14:21:00,1114.09,1114.22,1114.09,1114.22,0.01,14.77,16351.7,1
2024-02-08,2024-02-08 14:22:00,1114.22,1114.34,1114.22,1114.34,0.01,14.77,16351.7,1
2024-02-08,2024-02-08 14:23:00,1114.34,1114.47,1114.34,1114.47,0.01,14.77,16351.7,1
2024-02-08,2024-02-08 14:24:00,1114.47,1114.6,1114.47,1114.6,0.01,14.77,16351.7,1
2024-02-08,2024-02-08 14:25:00,1114.6,1114.72,1114.6,1114.72,0.01,14.77,16351.7,1
2024-02-08,2024-02-08 14:26:00,1114.72,1114.85,1114.72,1114.85,0.01,14.77,16351.7,1
2024-02-08,2024-02-08 14:27:00,1114.85,1114.97,1114.85,1114.97,0.01,14.77,16351.7,1
2024-02-08,2024-02-08 14:28:00,1114.97,1115.1,1114.97,1115.1,0.01,14.77,16351.7,1
2024-02-08,2024-02-08 14:29:00,1115.1,1115.22,1115.1,1115.22,0.01,14.77,16351.7,1
2024-02-08,2024-02-08 14:30:00,1115.22,1115.35,1115.22,1115.35,0.01,14.77,16351.7,1
2024-02-08,2024-02-08 14:31:00,1115.35,1115.48,1115.35,1115.48,0.01,14.77,16351.7,1
2024-02-08,2024-02-08 14:32:00,1115.48,1115.6,1115.48,1115.6,0.01,14.77,16351.7,1
2024-02-08,2024-02-08 14:33:00,1115.6,1115.73,1115.6,1115.73,0.01,14.77,16351.7,1
2024-02-08,2024-02-08 14:34:00,1115.73,1115.85,1115.73,1115.85,0.01,14.77,16351.7,1
2024-02-08,2024-02-08 14:35:00,1115.85,1115.98,1115.85,1115.98,0.01,14.77,16351.7,1
2024-02-08,2024-02-08 14:36:00,1115.98,1116.11,1115.98,1116.11,0.01,14.77,16351.7,1
2024-02-08,2024-02-08 14:37:00,1116.11,1116.23,1116.11,1116.23,0.01,14.77,16351.7,1
2024-02-08,2024-02-08 14:38:00,1116.23,1116.36,1116.23,1116.36,0.01,14.77,16351.7,1
2024-02-08,2024-02-08 14:39:00,1116.36,1116.48,1116.36,1116.48,0.01,14.77,16351.7,1
2024-02-08,2024-02-08 14:40:00,1116.48,1116.61,1116.48,1116.61,0.01,14.77,16351.7,1
2024-02-08,2024-02-08 14:41:00,1116.61,1116.73,1116.61,1116.73,0.01,14.77,16351.7,1
2024-02-08,2024-02-08 14:42:00,1116.73,1116.86,1116.73,1116.86,0.01,14.77,16351.7,1
2024-02-08,2024-02-08 14:43:00,1116.86,1116.99,1116.86,1116.99,0.01,14.77,16351.7,1
2024-02-08,2024-02-08 14:44:00,1116.99,1117.11,1116.99,1117.11,0.01,14.77,16351.7,1
2024-02-08,2024-02-08 14:45:00,1117.11,1117.24,1117.11,1117.24,0.01,14.77,16351.7,1
2024-02-08,2024-02-08 14:46:00,1117.24,1117.36,1117.24,1117.36,0.01,14.77,16351.7,1
2024-02-08,2024-02-08 14:47:00,1117.36,1117.49,1117.36,1117.49,0.01,14.77,16351.7,1
2024-02-08,2024-02-08 14:48:00,1117.49,1117.62,1117.49,1117.62,0.01,14.77,16351.7,1
2024-02-08,2024-02-08 14:49:00,1117.62,1117.74,1117.62,1117.74,0.01,14.77,16351.7,1
2024-02-08,2024-02-08 14:50:00,1117.74,1117.87,1117.74,1117.87,0.01,14.77,16351.7,1
2024-02-08,2024-02-08 14:51:00,1117.87,1117.99,1117.87,1117.99,0.01,14.77,16351.7,1
2024-02-08,2024-02-08 14:52:00,1117.99,1118.12,1117.99,1118.12,0.01,14.77,16351.7,1
2024-02-08,2024-02-08 14:53:00,1118.12,1118.24,1118.12,1118.24,0.01,14.77,16351.7,1
2024-02-08,2024-02-08 14:54:00,1118.24,1118.37,1118.24,1118.37,0.01,14.77,16351.7,1
2024-02-08,2024-02-08 14:55:00,1118.37,1118.5,1118.37,1118.5,0.01,14.77,16351.7,1
2024-02-08,2024-02-08 14:56:00,1118.5,1118.62,1118.5,1118.62,0.01,14.77,16351.7,1
2024-02-08,2024-02-08 14:57:00,1118.62,1118.75,1118.62,1118.75,0.01,14.77,16351.7,1
2024-02-08,2024-02-08 14:58:00,1118.75,1118.87,1118.75,1118.87,0.01,14.77,16351.7,1
2024-02-08,2024-02-08 14:59:00,1118.87,1119.0,1118.87,1119.0,0.01,14.77,16351.7,1
2024-02-08,2024-02-08 15:00:00,1119.0,1120.0,1088.8,1119.0,0.0,14.77,16351.7,0
2024-02-11,2024-02-11 11:00:00,1111.0,1113.01,1107.13,1111.02,0.0,25.0,27866.01,1
2024-02-11,2024-02-11 11:01:00,1111.02,1111.03,1111.02,1111.03,0.0,25.0,27866.01,1
2024-02-11,2024-02-11 11:02:00,1111.03,1111.05,1111.03,1111.05,0.0,25.0,27866.01,1
2024-02-11,2024-02-11 11:03:00,1111.05,1111.07,1111.05,1111.07,0.0,25.0,27866.01,1
2024-02-11,2024-02-11 11:04:00,1111.07,1111.08,1111.07,1111.08,0.0,25.0,27866.01,1
2024-02-11,2024-02-11 11:05:00,1111.08,1111.1,1111.08,1111.1,0.0,25.0,27866.01,1
2024-02-11,2024-02-11 11:06:00,1111.1,1111.12,1111.1,1111.12,0.0,25.0,27866.01,1
2024-02-11,2024-02-11 11:07:00,1111.12,1111.13,1111.12,1111.13,0.0,25.0,27866.01,1
2024-02-11,2024-02-11 11:08:00,1111.13,1111.15,1111.13,1111.15,0.0,25.0,27866.01,1
2024-02-11,2024-02-11 11:09:00,1111.15,1111.17,1111.15,1111.17,0.0,25.0,27866.01,1
2024-02-11,2024-02-11 11:10:00,1111.17,1111.18,1111.17,1111.18,0.0,25.0,27866.01,1
2024-02-11,2024-02-11 11:11:00,1111.18,1111.2,1111.18,1111.2,0.0,25.0,27866.01,1
2024-02-11,2024-02-11 11:12:00,1111.2,1111.22,1111.2,1111.22,0.0,25.0,27866.01,1
2024-02-11,2024-02-11 11:13:00,1111.22,1111.23,1111.22,1111.23,0.0,25.0,27866.01,1
2024-02-11,2024-02-11 11:14:00,1111.23,1111.25,1111.23,1111.25,0.0,25.0,27866.01,1
2024-02-11,2024-02-11 11:15:00,1111.25,1111.27,1111.25,1111.27,0.0,25.0,27866.01,1
2024-02-11,2024-02-11 11:16:00,1111.27,1111.28,1111.27,1111.28,0.0,25.0,27866.01,1
2024-02-11,2024-02-11 11:17:00,1111.28,1111.3,1111.28,1111.3,0.0,25.0,27866.01,1
2024-02-11,2024-02-11 11:18:00,1111.3,1111.32,1111.3,1111.32,0.0,25.0,27866.01,1
2024-02-11,2024-02-11 11:19:00,1111.32,1111.33,1111.32,1111.33,0.0,25.0,27866.01,1
2024-02-11,2024-02-11 11:20:00,1111.33,1111.35,1111.33,1111.35,0.0,25.0,27866.01,1
2024-02-11,2024-02-11 11:21:00,1111.35,1111.37,1111.35,1111.37,0.0,25.0,27866.01,1
2024-02-11,2024-02-11 11:22:00,1111.37,1111.38,1111.37,1111.38,0.0,25.0,27866.01,1
2024-02-11,2024-02-11 11:23:00,1111.38,1111.4,1111.38,1111.4,0.0,25.0,27866.01,1
2024-02-11,2024-02-11 11:24:00,1111.4,1111.42,1111.4,1111.42,0.0,25.0,27866.01,1
2024-02-11,2024-02-11 11:25:00,1111.42,1111.43,1111.42,1111.43,0.0,25.0,27866.01,1
2024-02-11,2024-02-11 11:26:00,1111.43,1111.45,1111.43,1111.45,0.0,25.0,27866.01,1
2024-02-11,2024-02-11 11:27:00,1111.45,1111.47,1111.45,1111.47,0.0,25.0,27866.01,1
2024-02-11,2024-02-11 11:28:00,1111.47,1111.48,1111.47,1111.48,0.0,25.0,27866.01,1
2024-02-11,2024-02-11 11:29:00,1111.48,1111.5,1111.48,1111.5,0.0,25.0,27866.01,1
2024-02-11,2024-02-11 11:30:00,1111.5,1111.52,1111.5,1111.52,0.0,25.0,27866.01,1
2024-02-11,2024-02-11 11:31:00,1111.52,1111.53,1111.52,1111.53,0.0,25.0,27866.01,1
2024-02-11,2024-02-11 11:32:00,1111.53,1111.55,1111.53,1111.55,0.0,25.0,27866.01,1
2024-02-11,2024-02-11 11:33:00,1111.55,1111.57,1111.55,1111.57,0.0,25.0,27866.01,1
2024-02-11,2024-02-11 11:34:00,1111.57,1111.58,1111.57,1111.58,0.0,25.0,27866.01,1
2024-02-11,2024-02-11 11:35:00,1111.58,1111.6,1111.58,1111.6,0.0,25.0,27866.01,1
2024-02-11,2024-02-11 11:36:00,1111.6,1111.62,1111.6,1111.62,0.0,25.0,27866.01,1
2024-02-11,2024-02-11 11:37:00,1111.62,1111.63,1111.62,1111.63,0.0,25.0,27866.01,1
2024-02-11,2024-02-11 11:38:00,1111.63,1111.65,1111.63,1111.65,0.0,25.0,27866.01,1
2024-02-11,2024-02-11 11:39:00,1111.65,1111.67,1111.65,1111.67,0.0,25.0,27866.01,1
2024-02-11,2024-02-11 11:40:00,1111.67,1111.68,1111.67,1111.68,0.0,25.0,27866.01,1
2024-02-11,2024-02-11 11:41:00,1111.68,1111.7,1111.68,1111.7,0.0,25.0,27866.01,1
2024-02-11,2024-02-11 11:42:00,1111.7,1111.72,1111.7,1111.72,0.0,25.0,27866.01,1
2024-02-11,2024-02-11 11:43:00,1111.72,1111.73,1111.72,1111.73,0.0,25.0,27866.01,1
2024-02-11,2024-02-11 11:44:00,1111.73,1111.75,1111.73,1111.75,0.0,25.0,27866.01,1
2024-02-11,2024-02-11 11:45:00,1111.75,1111.77,1111.75,1111.77,0.0,25.0,27866.01,1
2024-02-11,2024-02-11 11:46:00,1111.77,1111.78,1111.77,1111.78,0.0,25.0,27866.01,1
2024-02-11,2024-02-11 11:47:00,1111.78,1111.8,1111.78,1111.8,0.0,25.0,27866.01,1
2024-02-11,2024-02-11 11:48:00,1111.8,1111.82,1111.8,1111.82,0.0,25.0,27866.01,1
2024-02-11,2024-02-11 11:49:00,1111.82,1111.83,1111.82,1111.83,0.0,25.0,27866.01,1
2024-02-11,2024-02-11 11:50:00,1111.83,1111.85,1111.83,1111.85,0.0,25.0,27866.01,1
2024-02-11,2024-02-11 11:51:00,1111.85,1111.87,1111.85,1111.87,0.0,25.0,27866.01,1
2024-02-11,2024-02-11 11:52:00,1111.87,1111.88,1111.87,1111.88,0.0,25.0,27866.01,1
2024-02-11,2024-02-11 11:53:00,1111.88,1111.9,1111.88,1111.9,0.0,25.0,27866.01,1
2024-02-11,2024-02-11 11:54:00,1111.9,1111.92,1111.9,1111.92,0.0,25.0,27866.01,1
2024-02-11,2024-02-11 11:55:00,1111.92,1111.93,1111.92,1111.93,0.0,25.0,27866.01,1
2024-02-11,2024-02-11 11:56:00,1111.93,1111.95,1111.93,1111.95,0.0,25.0,27866.01,1
2024-02-11,2024-02-11 11:57:00,1111.95,1111.97,1111.95,1111.97,0.0,25.0,27866.01,1
2024-02-11,2024-02-11 11:58:00,1111.97,1111.98,1111.97,1111.98,0.0,25.0,27866.01,1
2024-02-11,2024-02-11 11:59:00,1111.98,1112.0,1111.98,1112.0,0.0,25.0,27866.01,1
2024-02-11,2024-02-11 12:00:00,1112.0,1112.02,1112.0,1112.02,0.0,25.0,27866.01,1
2024-02-11,2024-02-11 12:01:00,1112.02,1112.03,1112.02,1112.03,0.0,25.0,27866.01,1
2024-02-11,2024-02-11 12:02:00,1112.03,1112.05,1112.03,1112.05,0.0,25.0,27866.01,1
2024-02-11,2024-02-11 12:03:00,1112.05,1112.07,1112.05,1112.07,0.0,25.0,27866.01,1
2024-02-11,2024-02-11 12:04:00,1112.07,1112.08,1112.07,1112.08,0.0,25.0,27866.01,1
2024-02-11,2024-02-11 12:05:00,1112.08,1112.1,1112.08,1112.1,0.0,25.0,27866.01,1
2024-02-11,2024-02-11 12:06:00,1112.1,1112.12,1112.1,1112.12,0.0,25.0,27866.01,1
2024-02-11,2024-02-11 12:07:00,1112.12,1112.13,1112.12,1112.13,0.0,25.0,27866.01,1
2024-02-11,2024-02-11 12:08:00,1112.13,1112.15,1112.13,1112.15,0.0,25.0,27866.01,1
2024-02-11,2024-02-11 12:09:00,1112.15,1112.17,1112.15,1112.17,0.0,25.0,27866.01,1
2024-02-11,2024-02-11 12:10:00,1112.17,1112.18,1112.17,1112.18,0.0,25.0,27866.01,1
2024-02-11,2024-02-11 12:11:00,1112.18,1112.2,1112.18,1112.2,0.0,25.0,27866.01,1
2024-02-11,2024-02-11 12:12:00,1112.2,1112.22,1112.2,1112.22,0.0,25.0,27866.01,1
2024-02-11,2024-02-11 12:13:00,1112.22,1112.23,1112.22,1112.23,0.0,25.0,27866.01,1
2024-02-11,2024-02-11 12:14:00,1112.23,1112.25,1112.23,1112.25,0.0,25.0,27866.01,1
2024-02-11,2024-02-11 12:15:00,1112.25,1112.27,1112.25,1112.27,0.0,25.0,27866.01,1
2024-02-11,2024-02-11 12:16:00,1112.27,1112.28,1112.27,1112.28,0.0,25.0,27866.01,1
2024-02-11,2024-02-11 12:17:00,1112.28,1112.3,1112.28,1112.3,0.0,25.0,27866.01,1
2024-02-11,2024-02-11 12:18:00,1112.3,1112.32,1112.3,1112.32,0.0,25.0,27866.01,1
2024-02-11,2024-02-11 12:19:00,1112.32,1112.33,1112.32,1112.33,0.0,25.0,27866.01,1
2024-02-11,2024-02-11 12:20:00,1112.33,1112.35,1112.33,1112.35,0.0,25.0,27866.01,1
2024-02-11,2024-02-11 12:21:00,1112.35,1112.37,1112.35,1112.37,0.0,25.0,27866.01,1
2024-02-11,2024-02-11 12:22:00,1112.37,1112.38,1112.37,1112.38,0.0,25.0,27866.01,1
2024-02-11,2024-02-11 12:23:00,1112.38,1112.4,1112.38,1112.4,0.0,25.0,27866.01,1
2024-02-11,2024-02-11 12:24:00,1112.4,1112.42,1112.4,1112.42,0.0,25.0,27866.01,1
2024-02-11,2024-02-11 12:25:00,1112.42,1112.43,1112.42,1112.43,0.0,25.0,27866.01,1
2024-02-11,2024-02-11 12:26:00,1112.43,1112.45,1112.43,1112.45,0.0,25.0,27866.01,1
2024-02-11,2024-02-11 12:27:00,1112.45,1112.47,1112.45,1112.47,0.0,25.0,27866.01,1
2024-02-11,2024-02-11 12:28:00,1112.47,1112.48,1112.47,1112.48,0.0,25.0,27866.01,1
2024-02-11,2024-02-11 12:29:00,1112.48,1112.5,1112.48,1112.5,0.0,25.0,27866.01,1
2024-02-11,2024-02-11 12:30:00,1112.5,1112.52,1112.5,1112.52,0.0,25.0,27866.01,1
2024-02-11,2024-02-11 12:31:00,1112.52,1112.53,1112.52,1112.53,0.0,25.0,27866.01,1
2024-02-11,2024-02-11 12:32:00,1112.53,1112.55,1112.53,1112.55,0.0,25.0,27866.01,1
2024-02-11,2024-02-11 12:33:00,1112.55,1112.57,1112.55,1112.57,0.0,25.0,27866.01,1
2024-02-11,2024-02-11 12:34:00,1112.57,1112.58,1112.57,1112.58,0.0,25.0,27866.01,1
2024-02-11,2024-02-11 12:35:00,1112.58,1112.6,1112.58,1112.6,0.0,25.0,27866.01,1
2024-02-11,2024-02-11 12:36:00,1112.6,1112.62,1112.6,1112.62,0.0,25.0,27866.01,1
2024-02-11,2024-02-11 12:37:00,1112.62,1112.63,1112.62,1112.63,0.0,25.0,27866.01,1
2024-02-11,2024-02-11 12:38:00,1112.63,1112.65,1112.63,1112.65,0.0,25.0,27866.01,1
2024-02-11,2024-02-11 12:39:00,1112.65,1112.67,1112.65,1112.67,0.0,25.0,27866.01,1
2024-02-11,2024-02-11 12:40:00,1112.67,1112.68,1112.67,1112.68,0.0,25.0,27866.01,1
2024-02-11,2024-02-11 12:41:00,1112.68,1112.7,1112.68,1112.7,0.0,25.0,27866.01,1
2024-02-11,2024-02-11 12:42:00,1112.7,1112.72,1112.7,1112.72,0.0,25.0,27866.01,1
2024-02-11,2024-02-11 12:43:00,1112.72,1112.73,1112.72,1112.73,0.0,25.0,27866.01,1
2024-02-11,2024-02-11 12:44:00,1112.73,1112.75,1112.73,1112.75,0.0,25.0,27866.01,1
2024-02-11,2024-02-11 12:45:00,1112.75,1112.77,1112.75,1112.77,0.0,25.0,27866.01,1
2024-02-11,2024-02-11 12:46:00,1112.77,1112.78,1112.77,1112.78,0.0,25.0,27866.01,1
2024-02-11,2024-02-11 12:47:00,1112.78,1112.8,1112.78,1112.8,0.0,25.0,27866.01,1
2024-02-11,2024-02-11 12:48:00,1112.8,1112.82,1112.8,1112.82,0.0,25.0,27866.01,1
2024-02-11,2024-02-11 12:49:00,1112.82,1112.83,1112.82,1112.83,0.0,25.0,27866.01,1
2024-02-11,2024-02-11 12:50:00,1112.83,1112.85,1112.83,1112.85,0.0,25.0,27866.01,1
2024-02-11,2024-02-11 12:51:00,1112.85,1112.87,1112.85,1112.87,0.0,25.0,27866.01,1
2024-02-11,2024-02-11 12:52:00,1112.87,1112.88,1112.87,1112.88,0.0,25.0,27866.01,1
2024-02-11,2024-02-11 12:53:00,1112.88,1112.9,1112.88,1112.9,0.0,25.0,27866.01,1
2024-02-11,2024-02-11 12:54:00,1112.9,1112.92,1112.9,1112.92,0.0,25.0,27866.01,1
2024-02-11,2024-02-11 12:55:00,1112.92,1112.93,1112.92,1112.93,0.0,25.0,27866.01,1
2024-02-11,2024-02-11 12:56:00,1112.93,1112.95,1112.93,1112.95,0.0,25.0,27866.01,1
2024-02-11,2024-02-11 12:57:00,1112.95,1112.97,1112.95,1112.97,0.0,25.0,27866.01,1
2024-02-11,2024-02-11 12:58:00,1112.97,1112.98,1112.97,1112.98,0.0,25.0,27866.01,1
2024-02-11,2024-02-11 12:59:00,1112.98,1113.0,1112.98,1113.0,0.0,25.0,27866.01,1
2024-02-11,2024-02-11 13:00:00,1113.0,1117.7,1098.1,1113.02,0.0,25.0,27866.01,1
2024-02-11,2024-02-11 13:01:00,1113.02,1113.03,1113.02,1113.03,0.0,25.0,27866.01,1
2024-02-11,2024-02-11 13:02:00,1113.03,1113.05,1113.03,1113.05,0.0,25.0,27866.01,1
2024-02-11,2024-02-11 13:03:00,1113.05,1113.07,1113.05,1113.07,0.0,25.0,27866.01,1
2024-02-11,2024-02-11 13:04:00,1113.07,1113.08,1113.07,1113.08,0.0,25.0,27866.01,1
2024-02-11,2024-02-11 13:05:00,1113.08,1113.1,1113.08,1113.1,0.0,25.0,27866.01,1
2024-02-11,2024-02-11 13:06:00,1113.1,1113.12,1113.1,1113.12,0.0,25.0,27866.01,1
2024-02-11,2024-02-11 13:07:00,1113.12,1113.13,1113.12,1113.13,0.0,25.0,27866.01,1
2024-02-11,2024-02-11 13:08:00,1113.13,1113.15,1113.13,1113.15,0.0,25.0,27866.01,1
2024-02-11,2024-02-11 13:09:00,1113.15,1113.17,1113.15,1113.17,0.0,25.0,27866.01,1
2024-02-11,2024-02-11 13:10:00,1113.17,1113.18,1113.17,1113.18,0.0,25.0,27866.01,1
2024-02-11,2024-02-11 13:11:00,1113.18,1113.2,1113.18,1113.2,0.0,25.0,27866.01,1
2024-02-11,2024-02-11 13:12:00,1113.2,1113.22,1113.2,1113.22,0.0,25.0,27866.01,1
2024-02-11,2024-02-11 13:13:00,1113.22,1113.23,1113.22,1113.23,0.0,25.0,27866.01,1
2024-02-11,2024-02-11 13:14:00,1113.23,1113.25,1113.23,1113.25,0.0,25.0,27866.01,1
2024-02-11,2024-02-11 13:15:00,1113.25,1113.27,1113.25,1113.27,0.0,25.0,27866.01,1
2024-02-11,2024-02-11 13:16:00,1113.27,1113.28,1113.27,1113.28,0.0,25.0,27866.01,1
2024-02-11,2024-02-11 13:17:00,1113.28,1113.3,1113.28,1113.3,0.0,25.0,27866.01,1
2024-02-11,2024-02-11 13:18:00,1113.3,1113.32,1113.3,1113.32,0.0,25.0,27866.01,1
2024-02-11,2024-02-11 13:19:00,1113.32,1113.33,1113.32,1113.33,0.0,25.0,27866.01,1
2024-02-11,2024-02-11 13:20:00,1113.33,1113.35,1113.33,1113.35,0.0,25.0,27866.01,1
2024-02-11,2024-02-11 13:21:00,1113.35,1113.37,1113.35,1113.37,0.0,25.0,27866.01,1
2024-02-11,2024-02-11 13:22:00,1113.37,1113.38,1113.37,1113.38,0.0,25.0,27866.01,1
2024-02-11,2024-02-11 13:23:00,1113.38,1113.4,1113.38,1113.4,0.0,25.0,27866.01,1
2024-02-11,2024-02-11 13:24:00,1113.4,1113.42,1113.4,1113.42,0.0,25.0,27866.01,1
2024-02-11,2024-02-11 13:25:00,1113.42,1113.43,1113.42,1113.43,0.0,25.0,27866.01,1
2024-02-11,2024-02-11 13:26:00,1113.43,1113.45,1113.43,1113.45,0.0,25.0,27866.01,1
2024-02-11,2024-02-11 13:27:00,1113.45,1113.47,1113.45,1113.47,0.0,25.0,27866.01,1
2024-02-11,2024-02-11 13:28:00,1113.47,1113.48,1113.47,1113.48,0.0,25.0,27866.01,1
2024-02-11,2024-02-11 13:29:00,1113.48,1113.5,1113.48,1113.5,0.0,25.0,27866.01,1
2024-02-11,2024-02-11 13:30:00,1113.5,1113.52,1113.5,1113.52,0.0,25.0,27866.01,1
2024-02-11,2024-02-11 13:31:00,1113.52,1113.53,1113.52,1113.53,0.0,25.0,27866.01,1
2024-02-11,2024-02-11 13:32:00,1113.53,1113.55,1113.53,1113.55,0.0,25.0,27866.01,1
2024-02-11,2024-02-11 13:33:00,1113.55,1113.57,1113.55,1113.57,0.0,25.0,27866.01,1
2024-02-11,2024-02-11 13:34:00,1113.57,1113.58,1113.57,1113.58,0.0,25.0,27866.01,1
2024-02-11,2024-02-11 13:35:00,1113.58,1113.6,1113.58,1113.6,0.0,25.0,27866.01,1
2024-02-11,2024-02-11 13:36:00,1113.6,1113.62,1113.6,1113.62,0.0,25.0,27866.01,1
2024-02-11,2024-02-11 13:37:00,1113.62,1113.63,1113.62,1113.63,0.0,25.0,27866.01,1
2024-02-11,2024-02-11 13:38:00,1113.63,1113.65,1113.63,1113.65,0.0,25.0,27866.01,1
2024-02-11,2024-02-11 13:39:00,1113.65,1113.67,1113.65,1113.67,0.0,25.0,27866.01,1
2024-02-11,2024-02-11 13:40:00,1113.67,1113.68,1113.67,1113.68,0.0,25.0,27866.01,1
2024-02-11,2024-02-11 13:41:00,1113.68,1113.7,1113.68,1113.7,0.0,25.0,27866.01,1
2024-02-11,2024-02-11 13:42:00,1113.7,1113.72,1113.7,1113.72,0.0,25.0,27866.01,1
2024-02-11,2024-02-11 13:43:00,1113.72,1113.73,1113.72,1113.73,0.0,25.0,27866.01,1
2024-02-11,2024-02-11 13:44:00,1113.73,1113.75,1113.73,1113.75,0.0,25.0,27866.01,1
2024-02-11,2024-02-11 13:45:00,1113.75,1113.77,1113.75,1113.77,0.0,25.0,27866.01,1
2024-02-11,2024-02-11 13:46:00,1113.77,1113.78,1113.77,1113.78,0.0,25.0,27866.01,1
2024-02-11,2024-02-11 13:47:00,1113.78,1113.8,1113.78,1113.8,0.0,25.0,27866.01,1
2024-02-11,2024-02-11 13:48:00,1113.8,1113.82,1113.8,1113.82,0.0,25.0,27866.01,1
2024-02-11,2024-02-11 13:49:00,1113.82,1113.83,1113.82,1113.83,0.0,25.0,27866.01,1
2024-02-11,2024-02-11 13:50:00,1113.83,1113.85,1113.83,1113.85,0.0,25.0,27866.01,1
2024-02-11,2024-02-11 13:51:00,1113.85,1113.87,1113.85,1113.87,0.0,25.0,27866.01,1
2024-02-11,2024-02-11 13:52:00,1113.87,1113.88,1113.87,1113.88,0.0,25.0,27866.01,1
2024-02-11,2024-02-11 13:53:00,1113.88,1113.9,1113.88,1113.9,0.0,25.0,27866.01,1
2024-02-11,2024-02-11 13:54:00,1113.9,1113.92,1113.9,1113.92,0.0,25.0,27866.01,1
2024-02-11,2024-02-11 13:55:00,1113.92,1113.93,1113.92,1113.93,0.0,25.0,27866.01,1
2024-02-11,2024-02-11 13:56:00,1113.93,1113.95,1113.93,1113.95,0.0,25.0,27866.01,1
2024-02-11,2024-02-11 13:57:00,1113.95,1113.97,1113.95,1113.97,0.0,25.0,27866.01,1
2024-02-11,2024-02-11 13:58:00,1113.97,1113.98,1113.97,1113.98,0.0,25.0,27866.01,1
2024-02-11,2024-02-11 13:59:00,1113.98,1114.0,1113.98,1114.0,0.0,25.0,27866.01,1
2024-02-11,2024-02-11 14:00:00,1114.0,1114.02,1114.0,1114.02,0.0,25.0,27866.01,1
2024-02-11,2024-02-11 14:01:00,1114.02,1114.03,1114.02,1114.03,0.0,25.0,27866.01,1
2024-02-11,2024-02-11 14:02:00,1114.03,1114.05,1114.03,1114.05,0.0,25.0,27866.01,1
2024-02-11,2024-02-11 14:03:00,1114.05,1114.07,1114.05,1114.07,0.0,25.0,27866.01,1
2024-02-11,2024-02-11 14:04:00,1114.07,1114.08,1114.07,1114.08,0.0,25.0,27866.01,1
2024-02-11,2024-02-11 14:05:00,1114.08,1114.1,1114.08,1114.1,0.0,25.0,27866.01,1
2024-02-11,2024-02-11 14:06:00,1114.1,1114.12,1114.1,1114.12,0.0,25.0,27866.01,1
2024-02-11,2024-02-11 14:07:00,1114.12,1114.13,1114.12,1114.13,0.0,25.0,27866.01,1
2024-02-11,2024-02-11 14:08:00,1114.13,1114.15,1114.13,1114.15,0.0,25.0,27866.01,1
2024-02-11,2024-02-11 14:09:00,1114.15,1114.17,1114.15,1114.17,0.0,25.0,27866.01,1
2024-02-11,2024-02-11 14:10:00,1114.17,1114.18,1114.17,1114.18,0.0,25.0,27866.01,1
2024-02-11,2024-02-11 14:11:00,1114.18,1114.2,1114.18,1114.2,0.0,25.0,27866.01,1
2024-02-11,2024-02-11 14:12:00,1114.2,1114.22,1114.2,1114.22,0.0,25.0,27866.01,1
2024-02-11,2024-02-11 14:13:00,1114.22,1114.23,1114.22,1114.23,0.0,25.0,27866.01,1
2024-02-11,2024-02-11 14:14:00,1114.23,1114.25,1114.23,1114.25,0.0,25.0,27866.01,1
2024-02-11,2024-02-11 14:15:00,1114.25,1114.27,1114.25,1114.27,0.0,25.0,27866.01,1
2024-02-11,2024-02-11 14:16:00,1114.27,1114.28,1114.27,1114.28,0.0,25.0,27866.01,1
2024-02-11,2024-02-11 14:17:00,1114.28,1114.3,1114.28,1114.3,0.0,25.0,27866.01,1
2024-02-11,2024-02-11 14:18:00,1114.3,1114.32,1114.3,1114.32,0.0,25.0,27866.01,1
2024-02-11,2024-02-11 14:19:00,1114.32,1114.33,1114.32,1114.33,0.0,25.0,27866.01,1
2024-02-11,2024-02-11 14:20:00,1114.33,1114.35,1114.33,1114.35,0.0,25.0,27866.01,1
2024-02-11,2024-02-11 14:21:00,1114.35,1114.37,1114.35,1114.37,0.0,25.0,27866.01,1
2024-02-11,2024-02-11 14:22:00,1114.37,1114.38,1114.37,1114.38,0.0,25.0,27866.01,1
2024-02-11,2024-02-11 14:23:00,1114.38,1114.4,1114.38,1114.4,0.0,25.0,27866.01,1
2024-02-11,2024-02-11 14:24:00,1114.4,1114.42,1114.4,1114.42,0.0,25.0,27866.01,1
2024-02-11,2024-02-11 14:25:00,1114.42,1114.43,1114.42,1114.43,0.0,25.0,27866.01,1
2024-02-11,2024-02-11 14:26:00,1114.43,1114.45,1114.43,1114.45,0.0,25.0,27866.01,1
2024-02-11,2024-02-11 14:27:00,1114.45,1114.47,1114.45,1114.47,0.0,25.0,27866.01,1
2024-02-11,2024-02-11 14:28:00,1114.47,1114.48,1114.47,1114.48,0.0,25.0,27866.01,1
2024-02-11,2024-02-11 14:29:00,1114.48,1114.5,1114.48,1114.5,0.0,25.0,27866.01,1
2024-02-11,2024-02-11 14:30:00,1114.5,1114.52,1114.5,1114.52,0.0,25.0,27866.01,1
2024-02-11,2024-02-11 14:31:00,1114.52,1114.53,1114.52,1114.53,0.0,25.0,27866.01,1
2024-02-11,2024-02-11 14:32:00,1114.53,1114.55,1114.53,1114.55,0.0,25.0,27866.01,1
2024-02-11,2024-02-11 14:33:00,1114.55,1114.57,1114.55,1114.57,0.0,25.0,27866.01,1
2024-02-11,2024-02-11 14:34:00,1114.57,1114.58,1114.57,1114.58,0.0,25.0,27866.01,1
2024-02-11,2024-02-11 14:35:00,1114.58,1114.6,1114.58,1114.6,0.0,25.0,27866.01,1
2024-02-11,2024-02-11 14:36:00,1114.6,1114.62,1114.6,1114.62,0.0,25.0,27866.01,1
2024-02-11,2024-02-11 14:37:00,1114.62,1114.63,1114.62,1114.63,0.0,25.0,27866.01,1
2024-02-11,2024-02-11 14:38:00,1114.63,1114.65,1114.63,1114.65,0.0,25.0,27866.01,1
2024-02-11,2024-02-11 14:39:00,1114.65,1114.67,1114.65,1114.67,0.0,25.0,27866.01,1
2024-02-11,2024-02-11 14:40:00,1114.67,1114.68,1114.67,1114.68,0.0,25.0,27866.01,1
2024-02-11,2024-02-11 14:41:00,1114.68,1114.7,1114.68,1114.7,0.0,25.0,27866.01,1
2024-02-11,2024-02-11 14:42:00,1114.7,1114.72,1114.7,1114.72,0.0,25.0,27866.01,1
2024-02-11,2024-02-11 14:43:00,1114.72,1114.73,1114.72,1114.73,0.0,25.0,27866.01,1
2024-02-11,2024-02-11 14:44:00,1114.73,1114.75,1114.73,1114.75,0.0,25.0,27866.01,1
2024-02-11,2024-02-11 14:45:00,1114.75,1114.77,1114.75,1114.77,0.0,25.0,27866.01,1
2024-02-11,2024-02-11 14:46:00,1114.77,1114.78,1114.77,1114.78,0.0,25.0,27866.01,1
2024-02-11,2024-02-11 14:47:00,1114.78,1114.8,1114.78,1114.8,0.0,25.0,27866.01,1
2024-02-11,2024-02-11 14:48:00,1114.8,1114.82,1114.8,1114.82,0.0,25.0,27866.01,1
2024-02-11,2024-02-11 14:49:00,1114.82,1114.83,1114.82,1114.83,0.0,25.0,27866.01,1
2024-02-11,2024-02-11 14:50:00,1114.83,1114.85,1114.83,1114.85,0.0,25.0,27866.01,1
2024-02-11,2024-02-11 14:51:00,1114.85,1114.87,1114.85,1114.87,0.0,25.0,27866.01,1
2024-02-11,2024-02-11 14:52:00,1114.87,1114.88,1114.87,1114.88,0.0,25.0,27866.01,1
2024-02-11,2024-02-11 14:53:00,1114.88,1114.9,1114.88,1114.9,0.0,25.0,27866.01,1
2024-02-11,2024-02-11 14:54:00,1114.9,1114.92,1114.9,1114.92,0.0,25.0,27866.01,1
2024-02-11,2024-02-11 14:55:00,1114.92,1114.93,1114.92,1114.93,0.0,25.0,27866.01,1
2024-02-11,2024-02-11 14:56:00,1114.93,1114.95,1114.93,1114.95,0.0,25.0,27866.01,1
2024-02-11,2024-02-11 14:57:00,1114.95,1114.97,1114.95,1114.97,0.0,25.0,27866.01,1
2024-02-11,2024-02-11 14:58:00,1114.97,1114.98,1114.97,1114.98,0.0,25.0,27866.01,1
2024-02-11,2024-02-11 14:59:00,1114.98,1115.0,1114.98,1115.0,0.0,25.0,27866.01,1
2024-02-11,2024-02-11 15:00:00,1115.0,1117.7,1098.1,1115.0,0.0,25.0,27866.01,0
2024-02-12,2024-02-12 11:00:00,1100.1,1107.57,1100.1,1100.2,0.01,7.17,7977.2,1
2024-02-12,2024-02-12 11:01:00,1100.2,1100.31,1100.2,1100.31,0.01,7.17,7977.2,1
2024-02-12,2024-02-12 11:02:00,1100.31,1100.41,1100.31,1100.41,0.01,7.17,7977.2,1
2024-02-12,2024-02-12 11:03:00,1100.41,1100.51,1100.41,1100.51,0.01,7.17,7977.2,1
2024-02-12,2024-02-12 11:04:00,1100.51,1100.62,1100.51,1100.62,0.01,7.17,7977.2,1
2024-02-12,2024-02-12 11:05:00,1100.62,1100.72,1100.62,1100.72,0.01,7.17,7977.2,1
2024-02-12,2024-02-12 11:06:00,1100.72,1100.82,1100.72,1100.82,0.01,7.17,7977.2,1
2024-02-12,2024-02-12 11:07:00,1100.82,1100.93,1100.82,1100.93,0.01,7.17,7977.2,1
2024-02-12,2024-02-12 11:08:00,1100.93,1101.03,1100.93,1101.03,0.01,7.17,7977.2,1
2024-02-12,2024-02-12 11:09:00,1101.03,1101.13,1101.03,1101.13,0.01,7.17,7977.2,1
2024-02-12,2024-02-12 11:10:00,1101.13,1101.24,1101.13,1101.24,0.01,7.17,7977.2,1
2024-02-12,2024-02-12 11:11:00,1101.24,1101.34,1101.24,1101.34,0.01,7.17,7977.2,1
2024-02-12,2024-02-12 11:12:00,1101.34,1101.44,1101.34,1101.44,0.01,7.17,7977.2,1
2024-02-12,2024-02-12 11:13:00,1101.44,1101.55,1101.44,1101.55,0.01,7.17,7977.2,1
2024-02-12,2024-02-12 11:14:00,1101.55,1101.65,1101.55,1101.65,0.01,7.17,7977.2,1
2024-02-12,2024-02-12 11:15:00,1101.65,1101.75,1101.65,1101.75,0.01,7.17,7977.2,1
2024-02-12,2024-02-12 11:16:00,1101.75,1101.86,1101.75,1101.86,0.01,7.17,7977.2,1
2024-02-12,2024-02-12 11:17:00,1101.86,1101.96,1101.86,1101.96,0.01,7.17,7977.2,1
2024-02-12,2024-02-12 11:18:00,1101.96,1102.06,1101.96,1102.06,0.01,7.17,7977.2,1
2024-02-12,2024-02-12 11:19:00,1102.06,1102.17,1102.06,1102.17,0.01,7.17,7977.2,1
2024-02-12,2024-02-12 11:20:00,1102.17,1102.27,1102.17,1102.27,0.01,7.17,7977.2,1
2024-02-12,2024-02-12 11:21:00,1102.27,1102.37,1102.27,1102.37,0.01,7.17,7977.2,1
2024-02-12,2024-02-12 11:22:00,1102.37,1102.48,1102.37,1102.48,0.01,7.17,7977.2,1
2024-02-12,2024-02-12 11:23:00,1102.48,1102.58,1102.48,1102.58,0.01,7.17,7977.2,1
2024-02-12,2024-02-12 11:24:00,1102.58,1102.68,1102.58,1102.68,0.01,7.17,7977.2,1
2024-02-12,2024-02-12 11:25:00,1102.68,1102.79,1102.68,1102.79,0.01,7.17,7977.2,1
2024-02-12,2024-02-12 11:26:00,1102.79,1102.89,1102.79,1102.89,0.01,7.17,7977.2,1
2024-02-12,2024-02-12 11:27:00,1102.89,1102.99,1102.89,1102.99,0.01,7.17,7977.2,1
2024-02-12,2024-02-12 11:28:00,1102.99,1103.1,1102.99,1103.1,0.01,7.17,7977.2,1
2024-02-12,2024-02-12 11:29:00,1103.1,1103.2,1103.1,1103.2,0.01,7.17,7977.2,1
2024-02-12,2024-02-12 11:30:00,1103.2,1103.3,1103.2,1103.3,0.01,7.17,7977.2,1
2024-02-12,2024-02-12 11:31:00,1103.3,1103.41,1103.3,1103.41,0.01,7.17,7977.2,1
2024-02-12,2024-02-12 11:32:00,1103.41,1103.51,1103.41,1103.51,0.01,7.17,7977.2,1
2024-02-12,2024-02-12 11:33:00,1103.51,1103.61,1103.51,1103.61,0.01,7.17,7977.2,1
2024-02-12,2024-02-12 11:34:00,1103.61,1103.72,1103.61,1103.72,0.01,7.17,7977.2,1
2024-02-12,2024-02-12 11:35:00,1103.72,1103.82,1103.72,1103.82,0.01,7.17,7977.2,1
2024-02-12,2024-02-12 11:36:00,1103.82,1103.92,1103.82,1103.92,0.01,7.17,7977.2,1
2024-02-12,2024-02-12 11:37:00,1103.92,1104.03,1103.92,1104.03,0.01,7.17,7977.2,1
2024-02-12,2024-02-12 11:38:00,1104.03,1104.13,1104.03,1104.13,0.01,7.17,7977.2,1
2024-02-12,2024-02-12 11:39:00,1104.13,1104.23,1104.13,1104.23,0.01,7.17,7977.2,1
2024-02-12,2024-02-12 11:40:00,1104.23,1104.34,1104.23,1104.34,0.01,7.17,7977.2,1
2024-02-12,2024-02-12 11:41:00,1104.34,1104.44,1104.34,1104.44,0.01,7.17,7977.2,1
2024-02-12,2024-02-12 11:42:00,1104.44,1104.54,1104.44,1104.54,0.01,7.17,7977.2,1
2024-02-12,2024-02-12 11:43:00,1104.54,1104.65,1104.54,1104.65,0.01,7.17,7977.2,1
2024-02-12,2024-02-12 11:44:00,1104.65,1104.75,1104.65,1104.75,0.01,7.17,7977.2,1
2024-02-12,2024-02-12 11:45:00,1104.75,1104.85,1104.75,1104.85,0.01,7.17,7977.2,1
2024-02-12,2024-02-12 11:46:00,1104.85,1104.96,1104.85,1104.96,0.01,7.17,7977.2,1
2024-02-12,2024-02-12 11:47:00,1104.96,1105.06,1104.96,1105.06,0.01,7.17,7977.2,1
2024-02-12,2024-02-12 11:48:00,1105.06,1105.16,1105.06,1105.16,0.01,7.17,7977.2,1
2024-02-12,2024-02-12 11:49:00,1105.16,1105.27,1105.16,1105.27,0.01,7.17,7977.2,1
2024-02-12,2024-02-12 11:50:00,1105.27,1105.37,1105.27,1105.37,0.01,7.17,7977.2,1
2024-02-12,2024-02-12 11:51:00,1105.37,1105.47,1105.37,1105.47,0.01,7.17,7977.2,1
2024-02-12,2024-02-12 11:52:00,1105.47,1105.58,1105.47,1105.58,0.01,7.17,7977.2,1
2024-02-12,2024-02-12 11:53:00,1105.58,1105.68,1105.58,1105.68,0.01,7.17,7977.2,1
2024-02-12,2024-02-12 11:54:00,1105.68,1105.78,1105.68,1105.78,0.01,7.17,7977.2,1
2024-02-12,2024-02-12 11:55:00,1105.78,1105.89,1105.78,1105.89,0.01,7.17,7977.2,1
2024-02-12,2024-02-12 11:56:00,1105.89,1105.99,1105.89,1105.99,0.01,7.17,7977.2,1
2024-02-12,2024-02-12 11:57:00,1105.99,1106.09,1105.99,1106.09,0.01,7.17,7977.2,1
2024-02-12,2024-02-12 11:58:00,1106.09,1106.2,1106.09,1106.2,0.01,7.17,7977.2,1
2024-02-12,2024-02-12 11:59:00,1106.2,1106.3,1106.2,1106.3,0.01,7.17,7977.2,1
2024-02-12,2024-02-12 12:00:00,1106.3,1106.4,1106.3,1106.4,0.01,7.17,7977.2,1
2024-02-12,2024-02-12 12:01:00,1106.4,1106.51,1106.4,1106.51,0.01,7.17,7977.2,1
2024-02-12,2024-02-12 12:02:00,1106.51,1106.61,1106.51,1106.61,0.01,7.17,7977.2,1
2024-02-12,2024-02-12 12:03:00,1106.61,1106.71,1106.61,1106.71,0.01,7.17,7977.2,1
2024-02-12,2024-02-12 12:04:00,1106.71,1106.82,1106.71,1106.82,0.01,7.17,7977.2,1
2024-02-12,2024-02-12 12:05:00,1106.82,1106.92,1106.82,1106.92,0.01,7.17,7977.2,1
2024-02-12,2024-02-12 12:06:00,1106.92,1107.02,1106.92,1107.02,0.01,7.17,7977.2,1
2024-02-12,2024-02-12 12:07:00,1107.02,1107.13,1107.02,1107.13,0.01,7.17,7977.2,1
2024-02-12,2024-02-12 12:08:00,1107.13,1107.23,1107.13,1107.23,0.01,7.17,7977.2,1
2024-02-12,2024-02-12 12:09:00,1107.23,1107.33,1107.23,1107.33,0.01,7.17,7977.2,1
2024-02-12,2024-02-12 12:10:00,1107.33,1107.44,1107.33,1107.44,0.01,7.17,7977.2,1
2024-02-12,2024-02-12 12:11:00,1107.44,1107.54,1107.44,1107.54,0.01,7.17,7977.2,1
2024-02-12,2024-02-12 12:12:00,1107.54,1107.64,1107.54,1107.64,0.01,7.17,7977.2,1
2024-02-12,2024-02-12 12:13:00,1107.64,1107.75,1107.64,1107.75,0.01,7.17,7977.2,1
2024-02-12,2024-02-12 12:14:00,1107.75,1107.85,1107.75,1107.85,0.01,7.17,7977.2,1
2024-02-12,2024-02-12 12:15:00,1107.85,1107.95,1107.85,1107.95,0.01,7.17,7977.2,1
2024-02-12,2024-02-12 12:16:00,1107.95,1108.06,1107.95,1108.06,0.01,7.17,7977.2,1
2024-02-12,2024-02-12 12:17:00,1108.06,1108.16,1108.06,1108.16,0.01,7.17,7977.2,1
2024-02-12,2024-02-12 12:18:00,1108.16,1108.26,1108.16,1108.26,0.01,7.17,7977.2,1
2024-02-12,2024-02-12 12:19:00,1108.26,1108.37,1108.26,1108.37,0.01,7.17,7977.2,1
2024-02-12,2024-02-12 12:20:00,1108.37,1108.47,1108.37,1108.47,0.01,7.17,7977.2,1
2024-02-12,2024-02-12 12:21:00,1108.47,1108.57,1108.47,1108.57,0.01,7.17,7977.2,1
2024-02-12,2024-02-12 12:22:00,1108.57,1108.68,1108.57,1108.68,0.01,7.17,7977.2,1
2024-02-12,2024-02-12 12:23:00,1108.68,1108.78,1108.68,1108.78,0.01,7.17,7977.2,1
2024-02-12,2024-02-12 12:24:00,1108.78,1108.88,1108.78,1108.88,0.01,7.17,7977.2,1
2024-02-12,2024-02-12 12:25:00,1108.88,1108.99,1108.88,1108.99,0.01,7.17,7977.2,1
2024-02-12,2024-02-12 12:26:00,1108.99,1109.09,1108.99,1109.09,0.01,7.17,7977.2,1
2024-02-12,2024-02-12 12:27:00,1109.09,1109.19,1109.09,1109.19,0.01,7.17,7977.2,1
2024-02-12,2024-02-12 12:28:00,1109.19,1109.3,1109.19,1109.3,0.01,7.17,7977.2,1
2024-02-12,2024-02-12 12:29:00,1109.3,1109.4,1109.3,1109.4,0.01,7.17,7977.2,1
2024-02-12,2024-02-12 12:30:00,1109.4,1109.5,1109.4,1109.5,0.01,7.17,7977.2,1
2024-02-12,2024-02-12 12:31:00,1109.5,1109.61,1109.5,1109.61,0.01,7.17,7977.2,1
2024-02-12,2024-02-12 12:32:00,1109.61,1109.71,1109.61,1109.71,0.01,7.17,7977.2,1
2024-02-12,2024-02-12 12:33:00,1109.71,1109.81,1109.71,1109.81,0.01,7.17,7977.2,1
2024-02-12,2024-02-12 12:34:00,1109.81,1109.92,1109.81,1109.92,0.01,7.17,7977.2,1
2024-02-12,2024-02-12 12:35:00,1109.92,1110.02,1109.92,1110.02,0.01,7.17,7977.2,1
2024-02-12,2024-02-12 12:36:00,1110.02,1110.12,1110.02,1110.12,0.01,7.17,7977.2,1
2024-02-12,2024-02-12 12:37:00,1110.12,1110.23,1110.12,1110.23,0.01,7.17,7977.2,1
2024-02-12,2024-02-12 12:38:00,1110.23,1110.33,1110.23,1110.33,0.01,7.17,7977.2,1
2024-02-12,2024-02-12 12:39:00,1110.33,1110.43,1110.33,1110.43,0.01,7.17,7977.2,1
2024-02-12,2024-02-12 12:40:00,1110.43,1110.54,1110.43,1110.54,0.01,7.17,7977.2,1
2024-02-12,2024-02-12 12:41:00,1110.54,1110.64,1110.54,1110.64,0.01,7.17,7977.2,1
2024-02-12,2024-02-12 12:42:00,1110.64,1110.74,1110.64,1110.74,0.01,7.17,7977.2,1
2024-02-12,2024-02-12 12:43:00,1110.74,1110.85,1110.74,1110.85,0.01,7.17,7977.2,1
2024-02-12,2024-02-12 12:44:00,1110.85,1110.95,1110.85,1110.95,0.01,7.17,7977.2,1
2024-02-12,2024-02-12 12:45:00,1110.95,1111.05,1110.95,1111.05,0.01,7.17,7977.2,1
2024-02-12,2024-02-12 12:46:00,1111.05,1111.16,1111.05,1111.16,0.01,7.17,7977.2,1
2024-02-12,2024-02-12 12:47:00,1111.16,1111.26,1111.16,1111.26,0.01,7.17,7977.2,1
2024-02-12,2024-02-12 12:48:00,1111.26,1111.36,1111.26,1111.36,0.01,7.17,7977.2,1
2024-02-12,2024-02-12 12:49:00,1111.36,1111.47,1111.36,1111.47,0.01,7.17,7977.2,1
2024-02-12,2024-02-12 12:50:00,1111.47,1111.57,1111.47,1111.57,0.01,7.17,7977.2,1
2024-02-12,2024-02-12 12:51:00,1111.57,1111.67,1111.57,1111.67,0.01,7.17,7977.2,1
2024-02-12,2024-02-12 12:52:00,1111.67,1111.78,1111.67,1111.78,0.01,7.17,7977.2,1
2024-02-12,2024-02-12 12:53:00,1111.78,1111.88,1111.78,1111.88,0.01,7.17,7977.2,1
2024-02-12,2024-02-12 12:54:00,1111.88,1111.98,1111.88,1111.98,0.01,7.17,7977.2,1
2024-02-12,2024-02-12 12:55:00,1111.98,1112.09,1111.98,1112.09,0.01,7.17,7977.2,1
2024-02-12,2024-02-12 12:56:00,1112.09,1112.19,1112.09,1112.19,0.01,7.17,7977.2,1
2024-02-12,2024-02-12 12:57:00,1112.19,1112.29,1112.19,1112.29,0.01,7.17,7977.2,1
2024-02-12,2024-02-12 12:58:00,1112.29,1112.4,1112.29,1112.4,0.01,7.17,7977.2,1
2024-02-12,2024-02-12 12:59:00,1112.4,1112.5,1112.4,1112.5,0.01,7.17,7977.2,1
2024-02-12,2024-02-12 13:00:00,1112.5,1125.0,1100.1,1112.6,0.01,7.17,7977.2,1
2024-02-12,2024-02-12 13:01:00,1112.6,1112.71,1112.6,1112.71,0.01,7.17,7977.2,1
2024-02-12,2024-02-12 13:02:00,1112.71,1112.81,1112.71,1112.81,0.01,7.17,7977.2,1
2024-02-12,2024-02-12 13:03:00,1112.81,1112.91,1112.81,1112.91,0.01,7.17,7977.2,1
2024-02-12,2024-02-12 13:04:00,1112.91,1113.02,1112.91,1113.02,0.01,7.17,7977.2,1
2024-02-12,2024-02-12 13:05:00,1113.02,1113.12,1113.02,1113.12,0.01,7.17,7977.2,1
2024-02-12,2024-02-12 13:06:00,1113.12,1113.22,1113.12,1113.22,0.01,7.17,7977.2,1
2024-02-12,2024-02-12 13:07:00,1113.22,1113.33,1113.22,1113.33,0.01,7.17,7977.2,1
2024-02-12,2024-02-12 13:08:00,1113.33,1113.43,1113.33,1113.43,0.01,7.17,7977.2,1
2024-02-12,2024-02-12 13:09:00,1113.43,1113.53,1113.43,1113.53,0.01,7.17,7977.2,1
2024-02-12,2024-02-12 13:10:00,1113.53,1113.64,1113.53,1113.64,0.01,7.17,7977.2,1
2024-02-12,2024-02-12 13:11:00,1113.64,1113.74,1113.64,1113.74,0.01,7.17,7977.2,1
2024-02-12,2024-02-12 13:12:00,1113.74,1113.84,1113.74,1113.84,0.01,7.17,7977.2,1
2024-02-12,2024-02-12 13:13:00,1113.84,1113.95,1113.84,1113.95,0.01,7.17,7977.2,1
2024-02-12,2024-02-12 13:14:00,1113.95,1114.05,1113.95,1114.05,0.01,7.17,7977.2,1
2024-02-12,2024-02-12 13:15:00,1114.05,1114.15,1114.05,1114.15,0.01,7.17,7977.2,1
2024-02-12,2024-02-12 13:16:00,1114.15,1114.26,1114.15,1114.26,0.01,7.17,7977.2,1
2024-02-12,2024-02-12 13:17:00,1114.26,1114.36,1114.26,1114.36,0.01,7.17,7977.2,1
2024-02-12,2024-02-12 13:18:00,1114.36,1114.46,1114.36,1114.46,0.01,7.17,7977.2,1
2024-02-12,2024-02-12 13:19:00,1114.46,1114.57,1114.46,1114.57,0.01,7.17,7977.2,1
2024-02-12,2024-02-12 13:20:00,1114.57,1114.67,1114.57,1114.67,0.01,7.17,7977.2,1
2024-02-12,2024-02-12 13:21:00,1114.67,1114.77,1114.67,1114.77,0.01,7.17,7977.2,1
2024-02-12,2024-02-12 13:22:00,1114.77,1114.88,1114.77,1114.88,0.01,7.17,7977.2,1
2024-02-12,2024-02-12 13:23:00,1114.88,1114.98,1114.88,1114.98,0.01,7.17,7977.2,1
2024-02-12,2024-02-12 13:24:00,1114.98,1115.08,1114.98,1115.08,0.01,7.17,7977.2,1
2024-02-12,2024-02-12 13:25:00,1115.08,1115.19,1115.08,1115.19,0.01,7.17,7977.2,1
2024-02-12,2024-02-12 13:26:00,1115.19,1115.29,1115.19,1115.29,0.01,7.17,7977.2,1
2024-02-12,2024-02-12 13:27:00,1115.29,1115.39,1115.29,1115.39,0.01,7.17,7977.2,1
2024-02-12,2024-02-12 13:28:00,1115.39,1115.5,1115.39,1115.5,0.01,7.17,7977.2,1
2024-02-12,2024-02-12 13:29:00,1115.5,1115.6,1115.5,1115.6,0.01,7.17,7977.2,1
2024-02-12,2024-02-12 13:30:00,1115.6,1115.7,1115.6,1115.7,0.01,7.17,7977.2,1
2024-02-12,2024-02-12 13:31:00,1115.7,1115.81,1115.7,1115.81,0.01,7.17,7977.2,1
2024-02-12,2024-02-12 13:32:00,1115.81,1115.91,1115.81,1115.91,0.01,7.17,7977.2,1
2024-02-12,2024-02-12 13:33:00,1115.91,1116.01,1115.91,1116.01,0.01,7.17,7977.2,1
2024-02-12,2024-02-12 13:34:00,1116.01,1116.12,1116.01,1116.12,0.01,7.17,7977.2,1
2024-02-12,2024-02-12 13:35:00,1116.12,1116.22,1116.12,1116.22,0.01,7.17,7977.2,1
2024-02-12,2024-02-12 13:36:00,1116.22,1116.32,1116.22,1116.32,0.01,7.17,7977.2,1
2024-02-12,2024-02-12 13:37:00,1116.32,1116.43,1116.32,1116.43,0.01,7.17,7977.2,1
2024-02-12,2024-02-12 13:38:00,1116.43,1116.53,1116.43,1116.53,0.01,7.17,7977.2,1
2024-02-12,2024-02-12 13:39:00,1116.53,1116.63,1116.53,1116.63,0.01,7.17,7977.2,1
2024-02-12,2024-02-12 13:40:00,1116.63,1116.74,1116.63,1116.74,0.01,7.17,7977.2,1
2024-02-12,2024-02-12 13:41:00,1116.74,1116.84,1116.74,1116.84,0.01,7.17,7977.2,1
2024-02-12,2024-02-12 13:42:00,1116.84,1116.94,1116.84,1116.94,0.01,7.17,7977.2,1
2024-02-12,2024-02-12 13:43:00,1116.94,1117.05,1116.94,1117.05,0.01,7.17,7977.2,1
2024-02-12,2024-02-12 13:44:00,1117.05,1117.15,1117.05,1117.15,0.01,7.17,7977.2,1
2024-02-12,2024-02-12 13:45:00,1117.15,1117.25,1117.15,1117.25,0.01,7.17,7977.2,1
2024-02-12,2024-02-12 13:46:00,1117.25,1117.36,1117.25,1117.36,0.01,7.17,7977.2,1
2024-02-12,2024-02-12 13:47:00,1117.36,1117.46,1117.36,1117.46,0.01,7.17,7977.2,1
2024-02-12,2024-02-12 13:48:00,1117.46,1117.56,1117.46,1117.56,0.01,7.17,7977.2,1
2024-02-12,2024-02-12 13:49:00,1117.56,1117.67,1117.56,1117.67,0.01,7.17,7977.2,1
2024-02-12,2024-02-12 13:50:00,1117.67,1117.77,1117.67,1117.77,0.01,7.17,7977.2,1
2024-02-12,2024-02-12 13:51:00,1117.77,1117.87,1117.77,1117.87,0.01,7.17,7977.2,1
2024-02-12,2024-02-12 13:52:00,1117.87,1117.98,1117.87,1117.98,0.01,7.17,7977.2,1
2024-02-12,2024-02-12 13:53:00,1117.98,1118.08,1117.98,1118.08,0.01,7.17,7977.2,1
2024-02-12,2024-02-12 13:54:00,1118.08,1118.18,1118.08,1118.18,0.01,7.17,7977.2,1
2024-02-12,2024-02-12 13:55:00,1118.18,1118.29,1118.18,1118.29,0.01,7.17,7977.2,1
2024-02-12,2024-02-12 13:56:00,1118.29,1118.39,1118.29,1118.39,0.01,7.17,7977.2,1
2024-02-12,2024-02-12 13:57:00,1118.39,1118.49,1118.39,1118.49,0.01,7.17,7977.2,1
2024-02-12,2024-02-12 13:58:00,1118.49,1118.6,1118.49,1118.6,0.01,7.17,7977.2,1
2024-02-12,2024-02-12 13:59:00,1118.6,1118.7,1118.6,1118.7,0.01,7.17,7977.2,1
2024-02-12,2024-02-12 14:00:00,1118.7,1118.8,1118.7,1118.8,0.01,7.17,7977.2,1
2024-02-12,2024-02-12 14:01:00,1118.8,1118.91,1118.8,1118.91,0.01,7.17,7977.2,1
2024-02-12,2024-02-12 14:02:00,1118.91,1119.01,1118.91,1119.01,0.01,7.17,7977.2,1
2024-02-12,2024-02-12 14:03:00,1119.01,1119.11,1119.01,1119.11,0.01,7.17,7977.2,1
2024-02-12,2024-02-12 14:04:00,1119.11,1119.22,1119.11,1119.22,0.01,7.17,7977.2,1
2024-02-12,2024-02-12 14:05:00,1119.22,1119.32,1119.22,1119.32,0.01,7.17,7977.2,1
2024-02-12,2024-02-12 14:06:00,1119.32,1119.42,1119.32,1119.42,0.01,7.17,7977.2,1
2024-02-12,2024-02-12 14:07:00,1119.42,1119.53,1119.42,1119.53,0.01,7.17,7977.2,1
2024-02-12,2024-02-12 14:08:00,1119.53,1119.63,1119.53,1119.63,0.01,7.17,7977.2,1
2024-02-12,2024-02-12 14:09:00,1119.63,1119.73,1119.63,1119.73,0.01,7.17,7977.2,1
2024-02-12,2024-02-12 14:10:00,1119.73,1119.84,1119.73,1119.84,0.01,7.17,7977.2,1
2024-02-12,2024-02-12 14:11:00,1119.84,1119.94,1119.84,1119.94,0.01,7.17,7977.2,1
2024-02-12,2024-02-12 14:12:00,1119.94,1120.04,1119.94,1120.04,0.01,7.17,7977.2,1
2024-02-12,2024-02-12 14:13:00,1120.04,1120.15,1120.04,1120.15,0.01,7.17,7977.2,1
2024-02-12,2024-02-12 14:14:00,1120.15,1120.25,1120.15,1120.25,0.01,7.17,7977.2,1
2024-02-12,2024-02-12 14:15:00,1120.25,1120.35,1120.25,1120.35,0.01,7.17,7977.2,1
2024-02-12,2024-02-12 14:16:00,1120.35,1120.46,1120.35,1120.46,0.01,7.17,7977.2,1
2024-02-12,2024-02-12 14:17:00,1120.46,1120.56,1120.46,1120.56,0.01,7.17,7977.2,1
2024-02-12,2024-02-12 14:18:00,1120.56,1120.66,1120.56,1120.66,0.01,7.17,7977.2,1
2024-02-12,2024-02-12 14:19:00,1120.66,1120.77,1120.66,1120.77,0.01,7.17,7977.2,1
2024-02-12,2024-02-12 14:20:00,1120.77,1120.87,1120.77,1120.87,0.01,7.17,7977.2,1
2024-02-12,2024-02-12 14:21:00,1120.87,1120.97,1120.87,1120.97,0.01,7.17,7977.2,1
2024-02-12,2024-02-12 14:22:00,1120.97,1121.08,1120.97,1121.08,0.01,7.17,7977.2,1
2024-02-12,2024-02-12 14:23:00,1121.08,1121.18,1121.08,1121.18,0.01,7.17,7977.2,1
2024-02-12,2024-02-12 14:24:00,1121.18,1121.28,1121.18,1121.28,0.01,7.17,7977.2,1
2024-02-12,2024-02-12 14:25:00,1121.28,1121.39,1121.28,1121.39,0.01,7.17,7977.2,1
2024-02-12,2024-02-12 14:26:00,1121.39,1121.49,1121.39,1121.49,0.01,7.17,7977.2,1
2024-02-12,2024-02-12 14:27:00,1121.49,1121.59,1121.49,1121.59,0.01,7.17,7977.2,1
2024-02-12,2024-02-12 14:28:00,1121.59,1121.7,1121.59,1121.7,0.01,7.17,7977.2,1
2024-02-12,2024-02-12 14:29:00,1121.7,1121.8,1121.7,1121.8,0.01,7.17,7977.2,1
2024-02-12,2024-02-12 14:30:00,1121.8,1121.9,1121.8,1121.9,0.01,7.17,7977.2,1
2024-02-12,2024-02-12 14:31:00,1121.9,1122.01,1121.9,1122.01,0.01,7.17,7977.2,1
2024-02-12,2024-02-12 14:32:00,1122.01,1122.11,1122.01,1122.11,0.01,7.17,7977.2,1
2024-02-12,2024-02-12 14:33:00,1122.11,1122.21,1122.11,1122.21,0.01,7.17,7977.2,1
2024-02-12,2024-02-12 14:34:00,1122.21,1122.32,1122.21,1122.32,0.01,7.17,7977.2,1
2024-02-12,2024-02-12 14:35:00,1122.32,1122.42,1122.32,1122.42,0.01,7.17,7977.2,1
2024-02-12,2024-02-12 14:36:00,1122.42,1122.52,1122.42,1122.52,0.01,7.17,7977.2,1
2024-02-12,2024-02-12 14:37:00,1122.52,1122.63,1122.52,1122.63,0.01,7.17,7977.2,1
2024-02-12,2024-02-12 14:38:00,1122.63,1122.73,1122.63,1122.73,0.01,7.17,7977.2,1
2024-02-12,2024-02-12 14:39:00,1122.73,1122.83,1122.73,1122.83,0.01,7.17,7977.2,1
2024-02-12,2024-02-12 14:40:00,1122.83,1122.94,1122.83,1122.94,0.01,7.17,7977.2,1
2024-02-12,2024-02-12 14:41:00,1122.94,1123.04,1122.94,1123.04,0.01,7.17,7977.2,1
2024-02-12,2024-02-12 14:42:00,1123.04,1123.14,1123.04,1123.14,0.01,7.17,7977.2,1
2024-02-12,2024-02-12 14:43:00,1123.14,1123.25,1123.14,1123.25,0.01,7.17,7977.2,1
2024-02-12,2024-02-12 14:44:00,1123.25,1123.35,1123.25,1123.35,0.01,7.17,7977.2,1
2024-02-12,2024-02-12 14:45:00,1123.35,1123.45,1123.35,1123.45,0.01,7.17,7977.2,1
2024-02-12,2024-02-12 14:46:00,1123.45,1123.56,1123.45,1123.56,0.01,7.17,7977.2,1
2024-02-12,2024-02-12 14:47:00,1123.56,1123.66,1123.56,1123.66,0.01,7.17,7977.2,1
2024-02-12,2024-02-12 14:48:00,1123.66,1123.76,1123.66,1123.76,0.01,7.17,7977.2,1
2024-02-12,2024-02-12 14:49:00,1123.76,1123.87,1123.76,1123.87,0.01,7.17,7977.2,1
2024-02-12,2024-02-12 14:50:00,1123.87,1123.97,1123.87,1123.97,0.01,7.17,7977.2,1
2024-02-12,2024-02-12 14:51:00,1123.97,1124.07,1123.97,1124.07,0.01,7.17,7977.2,1
2024-02-12,2024-02-12 14:52:00,1124.07,1124.18,1124.07,1124.18,0.01,7.17,7977.2,1
2024-02-12,2024-02-12 14:53:00,1124.18,1124.28,1124.18,1124.28,0.01,7.17,7977.2,1
2024-02-12,2024-02-12 14:54:00,1124.28,1124.38,1124.28,1124.38,0.01,7.17,7977.2,1
2024-02-12,2024-02-12 14:55:00,1124.38,1124.49,1124.38,1124.49,0.01,7.17,7977.2,1
2024-02-12,2024-02-12 14:56:00,1124.49,1124.59,1124.49,1124.59,0.01,7.17,7977.2,1
2024-02-12,2024-02-12 14:57:00,1124.59,1124.69,1124.59,1124.69,0.01,7.17,7977.2,1
2024-02-12,2024-02-12 14:58:00,1124.69,1124.8,1124.69,1124.8,0.01,7.17,7977.2,1
2024-02-12,2024-02-12 14:59:00,1124.8,1124.9,1124.8,1124.9,0.01,7.17,7977.2,1
2024-02-12,2024-02-12 15:00:00,1124.9,1125.0,1100.1,1124.9,0.0,7.17,7977.2,0
2024-02-13,2024-02-13 11:00:00,1102.5,1108.65,1102.5,1102.53,0.0,16.65,18536.46,1
2024-02-13,2024-02-13 11:01:00,1102.53,1102.56,1102.53,1102.56,0.0,16.65,18536.46,1
2024-02-13,2024-02-13 11:02:00,1102.56,1102.59,1102.56,1102.59,0.0,16.65,18536.46,1
2024-02-13,2024-02-13 11:03:00,1102.59,1102.62,1102.59,1102.62,0.0,16.65,18536.46,1
2024-02-13,2024-02-13 11:04:00,1102.62,1102.66,1102.62,1102.66,0.0,16.65,18536.46,1
2024-02-13,2024-02-13 11:05:00,1102.66,1102.69,1102.66,1102.69,0.0,16.65,18536.46,1
2024-02-13,2024-02-13 11:06:00,1102.69,1102.72,1102.69,1102.72,0.0,16.65,18536.46,1
2024-02-13,2024-02-13 11:07:00,1102.72,1102.75,1102.72,1102.75,0.0,16.65,18536.46,1
2024-02-13,2024-02-13 11:08:00,1102.75,1102.78,1102.75,1102.78,0.0,16.65,18536.46,1
2024-02-13,2024-02-13 11:09:00,1102.78,1102.81,1102.78,1102.81,0.0,16.65,18536.46,1
2024-02-13,2024-02-13 11:10:00,1102.81,1102.84,1102.81,1102.84,0.0,16.65,18536.46,1
2024-02-13,2024-02-13 11:11:00,1102.84,1102.88,1102.84,1102.88,0.0,16.65,18536.46,1
2024-02-13,2024-02-13 11:12:00,1102.88,1102.91,1102.88,1102.91,0.0,16.65,18536.46,1
2024-02-13,2024-02-13 11:13:00,1102.91,1102.94,1102.91,1102.94,0.0,16.65,18536.46,1
2024-02-13,2024-02-13 11:14:00,1102.94,1102.97,1102.94,1102.97,0.0,16.65,18536.46,1
2024-02-13,2024-02-13 11:15:00,1102.97,1103.0,1102.97,1103.0,0.0,16.65,18536.46,1
2024-02-13,2024-02-13 11:16:00,1103.0,1103.03,1103.0,1103.03,0.0,16.65,18536.46,1
2024-02-13,2024-02-13 11:17:00,1103.03,1103.06,1103.03,1103.06,0.0,16.65,18536.46,1
2024-02-13,2024-02-13 11:18:00,1103.06,1103.09,1103.06,1103.09,0.0,16.65,18536.46,1
2024-02-13,2024-02-13 11:19:00,1103.09,1103.12,1103.09,1103.12,0.0,16.65,18536.46,1
2024-02-13,2024-02-13 11:20:00,1103.12,1103.16,1103.12,1103.16,0.0,16.65,18536.46,1
2024-02-13,2024-02-13 11:21:00,1103.16,1103.19,1103.16,1103.19,0.0,16.65,18536.46,1
2024-02-13,2024-02-13 11:22:00,1103.19,1103.22,1103.19,1103.22,0.0,16.65,18536.46,1
2024-02-13,2024-02-13 11:23:00,1103.22,1103.25,1103.22,1103.25,0.0,16.65,18536.46,1
2024-02-13,2024-02-13 11:24:00,1103.25,1103.28,1103.25,1103.28,0.0,16.65,18536.46,1
2024-02-13,2024-02-13 11:25:00,1103.28,1103.31,1103.28,1103.31,0.0,16.65,18536.46,1
2024-02-13,2024-02-13 11:26:00,1103.31,1103.34,1103.31,1103.34,0.0,16.65,18536.46,1
2024-02-13,2024-02-13 11:27:00,1103.34,1103.38,1103.34,1103.38,0.0,16.65,18536.46,1
2024-02-13,2024-02-13 11:28:00,1103.38,1103.41,1103.38,1103.41,0.0,16.65,18536.46,1
2024-02-13,2024-02-13 11:29:00,1103.41,1103.44,1103.41,1103.44,0.0,16.65,18536.46,1
2024-02-13,2024-02-13 11:30:00,1103.44,1103.47,1103.44,1103.47,0.0,16.65,18536.46,1
2024-02-13,2024-02-13 11:31:00,1103.47,1103.5,1103.47,1103.5,0.0,16.65,18536.46,1
2024-02-13,2024-02-13 11:32:00,1103.5,1103.53,1103.5,1103.53,0.0,16.65,18536.46,1
2024-02-13,2024-02-13 11:33:00,1103.53,1103.56,1103.53,1103.56,0.0,16.65,18536.46,1
2024-02-13,2024-02-13 11:34:00,1103.56,1103.59,1103.56,1103.59,0.0,16.65,18536.46,1
2024-02-13,2024-02-13 11:35:00,1103.59,1103.62,1103.59,1103.62,0.0,16.65,18536.46,1
2024-02-13,2024-02-13 11:36:00,1103.62,1103.66,1103.62,1103.66,0.0,16.65,18536.46,1
2024-02-13,2024-02-13 11:37:00,1103.66,1103.69,1103.66,1103.69,0.0,16.65,18536.46,1
2024-02-13,2024-02-13 11:38:00,1103.69,1103.72,1103.69,1103.72,0.0,16.65,18536.46,1
2024-02-13,2024-02-13 11:39:00,1103.72,1103.75,1103.72,1103.75,0.0,16.65,18536.46,1
2024-02-13,2024-02-13 11:40:00,1103.75,1103.78,1103.75,1103.78,0.0,16.65,18536.46,1
2024-02-13,2024-02-13 11:41:00,1103.78,1103.81,1103.78,1103.81,0.0,16.65,18536.46,1
2024-02-13,2024-02-13 11:42:00,1103.81,1103.84,1103.81,1103.84,0.0,16.65,18536.46,1
2024-02-13,2024-02-13 11:43:00,1103.84,1103.88,1103.84,1103.88,0.0,16.65,18536.46,1
2024-02-13,2024-02-13 11:44:00,1103.88,1103.91,1103.88,1103.91,0.0,16.65,18536.46,1
2024-02-13,2024-02-13 11:45:00,1103.91,1103.94,1103.91,1103.94,0.0,16.65,18536.46,1
2024-02-13,2024-02-13 11:46:00,1103.94,1103.97,1103.94,1103.97,0.0,16.65,18536.46,1
2024-02-13,2024-02-13 11:47:00,1103.97,1104.0,1103.97,1104.0,0.0,16.65,18536.46,1
2024-02-13,2024-02-13 11:48:00,1104.0,1104.03,1104.0,1104.03,0.0,16.65,18536.46,1
2024-02-13,2024-02-13 11:49:00,1104.03,1104.06,1104.03,1104.06,0.0,16.65,18536.46,1
2024-02-13,2024-02-13 11:50:00,1104.06,1104.09,1104.06,1104.09,0.0,16.65,18536.46,1
2024-02-13,2024-02-13 11:51:00,1104.09,1104.12,1104.09,1104.12,0.0,16.65,18536.46,1
2024-02-13,2024-02-13 11:52:00,1104.12,1104.16,1104.12,1104.16,0.0,16.65,18536.46,1
2024-02-13,2024-02-13 11:53:00,1104.16,1104.19,1104.16,1104.19,0.0,16.65,18536.46,1
2024-02-13,2024-02-13 11:54:00,1104.19,1104.22,1104.19,1104.22,0.0,16.65,18536.46,1
2024-02-13,2024-02-13 11:55:00,1104.22,1104.25,1104.22,1104.25,0.0,16.65,18536.46,1
2024-02-13,2024-02-13 11:56:00,1104.25,1104.28,1104.25,1104.28,0.0,16.65,18536.46,1
2024-02-13,2024-02-13 11:57:00,1104.28,1104.31,1104.28,1104.31,0.0,16.65,18536.46,1
2024-02-13,2024-02-13 11:58:00,1104.31,1104.34,1104.31,1104.34,0.0,16.65,18536.46,1
2024-02-13,2024-02-13 11:59:00,1104.34,1104.38,1104.34,1104.38,0.0,16.65,18536.46,1
2024-02-13,2024-02-13 12:00:00,1104.38,1104.41,1104.38,1104.41,0.0,16.65,18536.46,1
2024-02-13,2024-02-13 12:01:00,1104.41,1104.44,1104.41,1104.44,0.0,16.65,18536.46,1
2024-02-13,2024-02-13 12:02:00,1104.44,1104.47,1104.44,1104.47,0.0,16.65,18536.46,1
2024-02-13,2024-02-13 12:03:00,1104.47,1104.5,1104.47,1104.5,0.0,16.65,18536.46,1
2024-02-13,2024-02-13 12:04:00,1104.5,1104.53,1104.5,1104.53,0.0,16.65,18536.46,1
2024-02-13,2024-02-13 12:05:00,1104.53,1104.56,1104.53,1104.56,0.0,16.65,18536.46,1
2024-02-13,2024-02-13 12:06:00,1104.56,1104.59,1104.56,1104.59,0.0,16.65,18536.46,1
2024-02-13,2024-02-13 12:07:00,1104.59,1104.62,1104.59,1104.62,0.0,16.65,18536.46,1
2024-02-13,2024-02-13 12:08:00,1104.62,1104.66,1104.62,1104.66,0.0,16.65,18536.46,1
2024-02-13,2024-02-13 12:09:00,1104.66,1104.69,1104.66,1104.69,0.0,16.65,18536.46,1
2024-02-13,2024-02-13 12:10:00,1104.69,1104.72,1104.69,1104.72,0.0,16.65,18536.46,1
2024-02-13,2024-02-13 12:11:00,1104.72,1104.75,1104.72,1104.75,0.0,16.65,18536.46,1
2024-02-13,2024-02-13 12:12:00,1104.75,1104.78,1104.75,1104.78,0.0,16.65,18536.46,1
2024-02-13,2024-02-13 12:13:00,1104.78,1104.81,1104.78,1104.81,0.0,16.65,18536.46,1
2024-02-13,2024-02-13 12:14:00,1104.81,1104.84,1104.81,1104.84,0.0,16.65,18536.46,1
2024-02-13,2024-02-13 12:15:00,1104.84,1104.88,1104.84,1104.88,0.0,16.65,18536.46,1
2024-02-13,2024-02-13 12:16:00,1104.88,1104.91,1104.88,1104.91,0.0,16.65,18536.46,1
2024-02-13,2024-02-13 12:17:00,1104.91,1104.94,1104.91,1104.94,0.0,16.65,18536.46,1
2024-02-13,2024-02-13 12:18:00,1104.94,1104.97,1104.94,1104.97,0.0,16.65,18536.46,1
2024-02-13,2024-02-13 12:19:00,1104.97,1105.0,1104.97,1105.0,0.0,16.65,18536.46,1
2024-02-13,2024-02-13 12:20:00,1105.0,1105.03,1105.0,1105.03,0.0,16.65,18536.46,1
2024-02-13,2024-02-13 12:21:00,1105.03,1105.06,1105.03,1105.06,0.0,16.65,18536.46,1
2024-02-13,2024-02-13 12:22:00,1105.06,1105.09,1105.06,1105.09,0.0,16.65,18536.46,1
2024-02-13,2024-02-13 12:23:00,1105.09,1105.12,1105.09,1105.12,0.0,16.65,18536.46,1
2024-02-13,2024-02-13 12:24:00,1105.12,1105.16,1105.12,1105.16,0.0,16.65,18536.46,1
2024-02-13,2024-02-13 12:25:00,1105.16,1105.19,1105.16,1105.19,0.0,16.65,18536.46,1
2024-02-13,2024-02-13 12:26:00,1105.19,1105.22,1105.19,1105.22,0.0,16.65,18536.46,1
2024-02-13,2024-02-13 12:27:00,1105.22,1105.25,1105.22,1105.25,0.0,16.65,18536.46,1
2024-02-13,2024-02-13 12:28:00,1105.25,1105.28,1105.25,1105.28,0.0,16.65,18536.46,1
2024-02-13,2024-02-13 12:29:00,1105.28,1105.31,1105.28,1105.31,0.0,16.65,18536.46,1
2024-02-13,2024-02-13 12:30:00,1105.31,1105.34,1105.31,1105.34,0.0,16.65,18536.46,1
2024-02-13,2024-02-13 12:31:00,1105.34,1105.38,1105.34,1105.38,0.0,16.65,18536.46,1
2024-02-13,2024-02-13 12:32:00,1105.38,1105.41,1105.38,1105.41,0.0,16.65,18536.46,1
2024-02-13,2024-02-13 12:33:00,1105.41,1105.44,1105.41,1105.44,0.0,16.65,18536.46,1
2024-02-13,2024-02-13 12:34:00,1105.44,1105.47,1105.44,1105.47,0.0,16.65,18536.46,1
2024-02-13,2024-02-13 12:35:00,1105.47,1105.5,1105.47,1105.5,0.0,16.65,18536.46,1
2024-02-13,2024-02-13 12:36:00,1105.5,1105.53,1105.5,1105.53,0.0,16.65,18536.46,1
2024-02-13,2024-02-13 12:37:00,1105.53,1105.56,1105.53,1105.56,0.0,16.65,18536.46,1
2024-02-13,2024-02-13 12:38:00,1105.56,1105.59,1105.56,1105.59,0.0,16.65,18536.46,1
2024-02-13,2024-02-13 12:39:00,1105.59,1105.62,1105.59,1105.62,0.0,16.65,18536.46,1
2024-02-13,2024-02-13 12:40:00,1105.62,1105.66,1105.62,1105.66,0.0,16.65,18536.46,1
2024-02-13,2024-02-13 12:41:00,1105.66,1105.69,1105.66,1105.69,0.0,16.65,18536.46,1
2024-02-13,2024-02-13 12:42:00,1105.69,1105.72,1105.69,1105.72,0.0,16.65,18536.46,1
2024-02-13,2024-02-13 12:43:00,1105.72,1105.75,1105.72,1105.75,0.0,16.65,18536.46,1
2024-02-13,2024-02-13 12:44:00,1105.75,1105.78,1105.75,1105.78,0.0,16.65,18536.46,1
2024-02-13,2024-02-13 12:45:00,1105.78,1105.81,1105.78,1105.81,0.0,16.65,18536.46,1
2024-02-13,2024-02-13 12:46:00,1105.81,1105.84,1105.81,1105.84,0.0,16.65,18536.46,1
2024-02-13,2024-02-13 12:47:00,1105.84,1105.88,1105.84,1105.88,0.0,16.65,18536.46,1
2024-02-13,2024-02-13 12:48:00,1105.88,1105.91,1105.88,1105.91,0.0,16.65,18536.46,1
2024-02-13,2024-02-13 12:49:00,1105.91,1105.94,1105.91,1105.94,0.0,16.65,18536.46,1
2024-02-13,2024-02-13 12:50:00,1105.94,1105.97,1105.94,1105.97,0.0,16.65,18536.46,1
2024-02-13,2024-02-13 12:51:00,1105.97,1106.0,1105.97,1106.0,0.0,16.65,18536.46,1
2024-02-13,2024-02-13 12:52:00,1106.0,1106.03,1106.0,1106.03,0.0,16.65,18536.46,1
2024-02-13,2024-02-13 12:53:00,1106.03,1106.06,1106.03,1106.06,0.0,16.65,18536.46,1
2024-02-13,2024-02-13 12:54:00,1106.06,1106.09,1106.06,1106.09,0.0,16.65,18536.46,1
2024-02-13,2024-02-13 12:55:00,1106.09,1106.12,1106.09,1106.12,0.0,16.65,18536.46,1
2024-02-13,2024-02-13 12:56:00,1106.12,1106.16,1106.12,1106.16,0.0,16.65,18536.46,1
2024-02-13,2024-02-13 12:57:00,1106.16,1106.19,1106.16,1106.19,0.0,16.65,18536.46,1
2024-02-13,2024-02-13 12:58:00,1106.19,1106.22,1106.19,1106.22,0.0,16.65,18536.46,1
2024-02-13,2024-02-13 12:59:00,1106.22,1106.25,1106.22,1106.25,0.0,16.65,18536.46,1
2024-02-13,2024-02-13 13:00:00,1106.25,1123.0,1102.5,1106.28,0.0,16.65,18536.46,1
2024-02-13,2024-02-13 13:01:00,1106.28,1106.31,1106.28,1106.31,0.0,16.65,18536.46,1
2024-02-13,2024-02-13 13:02:00,1106.31,1106.34,1106.31,1106.34,0.0,16.65,18536.46,1
2024-02-13,2024-02-13 13:03:00,1106.34,1106.38,1106.34,1106.38,0.0,16.65,18536.46,1
2024-02-13,2024-02-13 13:04:00,1106.38,1106.41,1106.38,1106.41,0.0,16.65,18536.46,1
2024-02-13,2024-02-13 13:05:00,1106.41,1106.44,1106.41,1106.44,0.0,16.65,18536.46,1
2024-02-13,2024-02-13 13:06:00,1106.44,1106.47,1106.44,1106.47,0.0,16.65,18536.46,1
2024-02-13,2024-02-13 13:07:00,1106.47,1106.5,1106.47,1106.5,0.0,16.65,18536.46,1
2024-02-13,2024-02-13 13:08:00,1106.5,1106.53,1106.5,1106.53,0.0,16.65,18536.46,1
2024-02-13,2024-02-13 13:09:00,1106.53,1106.56,1106.53,1106.56,0.0,16.65,18536.46,1
2024-02-13,2024-02-13 13:10:00,1106.56,1106.59,1106.56,1106.59,0.0,16.65,18536.46,1
2024-02-13,2024-02-13 13:11:00,1106.59,1106.62,1106.59,1106.62,0.0,16.65,18536.46,1
2024-02-13,2024-02-13 13:12:00,1106.62,1106.66,1106.62,1106.66,0.0,16.65,18536.46,1
2024-02-13,2024-02-13 13:13:00,1106.66,1106.69,1106.66,1106.69,0.0,16.65,18536.46,1
2024-02-13,2024-02-13 13:14:00,1106.69,1106.72,1106.69,1106.72,0.0,16.65,18536.46,1
2024-02-13,2024-02-13 13:15:00,1106.72,1106.75,1106.72,1106.75,0.0,16.65,18536.46,1
2024-02-13,2024-02-13 13:16:00,1106.75,1106.78,1106.75,1106.78,0.0,16.65,18536.46,1
2024-02-13,2024-02-13 13:17:00,1106.78,1106.81,1106.78,1106.81,0.0,16.65,18536.46,1
2024-02-13,2024-02-13 13:18:00,1106.81,1106.84,1106.81,1106.84,0.0,16.65,18536.46,1
2024-02-13,2024-02-13 13:19:00,1106.84,1106.88,1106.84,1106.88,0.0,16.65,18536.46,1
2024-02-13,2024-02-13 13:20:00,1106.88,1106.91,1106.88,1106.91,0.0,16.65,18536.46,1
2024-02-13,2024-02-13 13:21:00,1106.91,1106.94,1106.91,1106.94,0.0,16.65,18536.46,1
2024-02-13,2024-02-13 13:22:00,1106.94,1106.97,1106.94,1106.97,0.0,16.65,18536.46,1
2024-02-13,2024-02-13 13:23:00,1106.97,1107.0,1106.97,1107.0,0.0,16.65,18536.46,1
2024-02-13,2024-02-13 13:24:00,1107.0,1107.03,1107.0,1107.03,0.0,16.65,18536.46,1
2024-02-13,2024-02-13 13:25:00,1107.03,1107.06,1107.03,1107.06,0.0,16.65,18536.46,1
2024-02-13,2024-02-13 13:26:00,1107.06,1107.09,1107.06,1107.09,0.0,16.65,18536.46,1
2024-02-13,2024-02-13 13:27:00,1107.09,1107.12,1107.09,1107.12,0.0,16.65,18536.46,1
2024-02-13,2024-02-13 13:28:00,1107.12,1107.16,1107.12,1107.16,0.0,16.65,18536.46,1
2024-02-13,2024-02-13 13:29:00,1107.16,1107.19,1107.16,1107.19,0.0,16.65,18536.46,1
2024-02-13,2024-02-13 13:30:00,1107.19,1107.22,1107.19,1107.22,0.0,16.65,18536.46,1
2024-02-13,2024-02-13 13:31:00,1107.22,1107.25,1107.22,1107.25,0.0,16.65,18536.46,1
2024-02-13,2024-02-13 13:32:00,1107.25,1107.28,1107.25,1107.28,0.0,16.65,18536.46,1
2024-02-13,2024-02-13 13:33:00,1107.28,1107.31,1107.28,1107.31,0.0,16.65,18536.46,1
2024-02-13,2024-02-13 13:34:00,1107.31,1107.34,1107.31,1107.34,0.0,16.65,18536.46,1
2024-02-13,2024-02-13 13:35:00,1107.34,1107.38,1107.34,1107.38,0.0,16.65,18536.46,1
2024-02-13,2024-02-13 13:36:00,1107.38,1107.41,1107.38,1107.41,0.0,16.65,18536.46,1
2024-02-13,2024-02-13 13:37:00,1107.41,1107.44,1107.41,1107.44,0.0,16.65,18536.46,1
2024-02-13,2024-02-13 13:38:00,1107.44,1107.47,1107.44,1107.47,0.0,16.65,18536.46,1
2024-02-13,2024-02-13 13:39:00,1107.47,1107.5,1107.47,1107.5,0.0,16.65,18536.46,1
2024-02-13,2024-02-13 13:40:00,1107.5,1107.53,1107.5,1107.53,0.0,16.65,18536.46,1
2024-02-13,2024-02-13 13:41:00,1107.53,1107.56,1107.53,1107.56,0.0,16.65,18536.46,1
2024-02-13,2024-02-13 13:42:00,1107.56,1107.59,1107.56,1107.59,0.0,16.65,18536.46,1
2024-02-13,2024-02-13 13:43:00,1107.59,1107.62,1107.59,1107.62,0.0,16.65,18536.46,1
2024-02-13,2024-02-13 13:44:00,1107.62,1107.66,1107.62,1107.66,0.0,16.65,18536.46,1
2024-02-13,2024-02-13 13:45:00,1107.66,1107.69,1107.66,1107.69,0.0,16.65,18536.46,1
2024-02-13,2024-02-13 13:46:00,1107.69,1107.72,1107.69,1107.72,0.0,16.65,18536.46,1
2024-02-13,2024-02-13 13:47:00,1107.72,1107.75,1107.72,1107.75,0.0,16.65,18536.46,1
2024-02-13,2024-02-13 13:48:00,1107.75,1107.78,1107.75,1107.78,0.0,16.65,18536.46,1
2024-02-13,2024-02-13 13:49:00,1107.78,1107.81,1107.78,1107.81,0.0,16.65,18536.46,1
2024-02-13,2024-02-13 13:50:00,1107.81,1107.84,1107.81,1107.84,0.0,16.65,18536.46,1
2024-02-13,2024-02-13 13:51:00,1107.84,1107.88,1107.84,1107.88,0.0,16.65,18536.46,1
2024-02-13,2024-02-13 13:52:00,1107.88,1107.91,1107.88,1107.91,0.0,16.65,18536.46,1
2024-02-13,2024-02-13 13:53:00,1107.91,1107.94,1107.91,1107.94,0.0,16.65,18536.46,1
2024-02-13,2024-02-13 13:54:00,1107.94,1107.97,1107.94,1107.97,0.0,16.65,18536.46,1
2024-02-13,2024-02-13 13:55:00,1107.97,1108.0,1107.97,1108.0,0.0,16.65,18536.46,1
2024-02-13,2024-02-13 13:56:00,1108.0,1108.03,1108.0,1108.03,0.0,16.65,18536.46,1
2024-02-13,2024-02-13 13:57:00,1108.03,1108.06,1108.03,1108.06,0.0,16.65,18536.46,1
2024-02-13,2024-02-13 13:58:00,1108.06,1108.09,1108.06,1108.09,0.0,16.65,18536.46,1
2024-02-13,2024-02-13 13:59:00,1108.09,1108.12,1108.09,1108.12,0.0,16.65,18536.46,1
2024-02-13,2024-02-13 14:00:00,1108.12,1108.16,1108.12,1108.16,0.0,16.65,18536.46,1
2024-02-13,2024-02-13 14:01:00,1108.16,1108.19,1108.16,1108.19,0.0,16.65,18536.46,1
2024-02-13,2024-02-13 14:02:00,1108.19,1108.22,1108.19,1108.22,0.0,16.65,18536.46,1
2024-02-13,2024-02-13 14:03:00,1108.22,1108.25,1108.22,1108.25,0.0,16.65,18536.46,1
2024-02-13,2024-02-13 14:04:00,1108.25,1108.28,1108.25,1108.28,0.0,16.65,18536.46,1
2024-02-13,2024-02-13 14:05:00,1108.28,1108.31,1108.28,1108.31,0.0,16.65,18536.46,1
2024-02-13,2024-02-13 14:06:00,1108.31,1108.34,1108.31,1108.34,0.0,16.65,18536.46,1
2024-02-13,2024-02-13 14:07:00,1108.34,1108.38,1108.34,1108.38,0.0,16.65,18536.46,1
2024-02-13,2024-02-13 14:08:00,1108.38,1108.41,1108.38,1108.41,0.0,16.65,18536.46,1
2024-02-13,2024-02-13 14:09:00,1108.41,1108.44,1108.41,1108.44,0.0,16.65,18536.46,1
2024-02-13,2024-02-13 14:10:00,1108.44,1108.47,1108.44,1108.47,0.0,16.65,18536.46,1
2024-02-13,2024-02-13 14:11:00,1108.47,1108.5,1108.47,1108.5,0.0,16.65,18536.46,1
2024-02-13,2024-02-13 14:12:00,1108.5,1108.53,1108.5,1108.53,0.0,16.65,18536.46,1
2024-02-13,2024-02-13 14:13:00,1108.53,1108.56,1108.53,1108.56,0.0,16.65,18536.46,1
2024-02-13,2024-02-13 14:14:00,1108.56,1108.59,1108.56,1108.59,0.0,16.65,18536.46,1
2024-02-13,2024-02-13 14:15:00,1108.59,1108.62,1108.59,1108.62,0.0,16.65,18536.46,1
2024-02-13,2024-02-13 14:16:00,1108.62,1108.66,1108.62,1108.66,0.0,16.65,18536.46,1
2024-02-13,2024-02-13 14:17:00,1108.66,1108.69,1108.66,1108.69,0.0,16.65,18536.46,1
2024-02-13,2024-02-13 14:18:00,1108.69,1108.72,1108.69,1108.72,0.0,16.65,18536.46,1
2024-02-13,2024-02-13 14:19:00,1108.72,1108.75,1108.72,1108.75,0.0,16.65,18536.46,1
2024-02-13,2024-02-13 14:20:00,1108.75,1108.78,1108.75,1108.78,0.0,16.65,18536.46,1
2024-02-13,2024-02-13 14:21:00,1108.78,1108.81,1108.78,1108.81,0.0,16.65,18536.46,1
2024-02-13,2024-02-13 14:22:00,1108.81,1108.84,1108.81,1108.84,0.0,16.65,18536.46,1
2024-02-13,2024-02-13 14:23:00,1108.84,1108.88,1108.84,1108.88,0.0,16.65,18536.46,1
2024-02-13,2024-02-13 14:24:00,1108.88,1108.91,1108.88,1108.91,0.0,16.65,18536.46,1
2024-02-13,2024-02-13 14:25:00,1108.91,1108.94,1108.91,1108.94,0.0,16.65,18536.46,1
2024-02-13,2024-02-13 14:26:00,1108.94,1108.97,1108.94,1108.97,0.0,16.65,18536.46,1
2024-02-13,2024-02-13 14:27:00,1108.97,1109.0,1108.97,1109.0,0.0,16.65,18536.46,1
2024-02-13,2024-02-13 14:28:00,1109.0,1109.03,1109.0,1109.03,0.0,16.65,18536.46,1
2024-02-13,2024-02-13 14:29:00,1109.03,1109.06,1109.03,1109.06,0.0,16.65,18536.46,1
2024-02-13,2024-02-13 14:30:00,1109.06,1109.09,1109.06,1109.09,0.0,16.65,18536.46,1
2024-02-13,2024-02-13 14:31:00,1109.09,1109.12,1109.09,1109.12,0.0,16.65,18536.46,1
2024-02-13,2024-02-13 14:32:00,1109.12,1109.16,1109.12,1109.16,0.0,16.65,18536.46,1
2024-02-13,2024-02-13 14:33:00,1109.16,1109.19,1109.16,1109.19,0.0,16.65,18536.46,1
2024-02-13,2024-02-13 14:34:00,1109.19,1109.22,1109.19,1109.22,0.0,16.65,18536.46,1
2024-02-13,2024-02-13 14:35:00,1109.22,1109.25,1109.22,1109.25,0.0,16.65,18536.46,1
2024-02-13,2024-02-13 14:36:00,1109.25,1109.28,1109.25,1109.28,0.0,16.65,18536.46,1
2024-02-13,2024-02-13 14:37:00,1109.28,1109.31,1109.28,1109.31,0.0,16.65,18536.46,1
2024-02-13,2024-02-13 14:38:00,1109.31,1109.34,1109.31,1109.34,0.0,16.65,18536.46,1
2024-02-13,2024-02-13 14:39:00,1109.34,1109.38,1109.34,1109.38,0.0,16.65,18536.46,1
2024-02-13,2024-02-13 14:40:00,1109.38,1109.41,1109.38,1109.41,0.0,16.65,18536.46,1
2024-02-13,2024-02-13 14:41:00,1109.41,1109.44,1109.41,1109.44,0.0,16.65,18536.46,1
2024-02-13,2024-02-13 14:42:00,1109.44,1109.47,1109.44,1109.47,0.0,16.65,18536.46,1
2024-02-13,2024-02-13 14:43:00,1109.47,1109.5,1109.47,1109.5,0.0,16.65,18536.46,1
2024-02-13,2024-02-13 14:44:00,1109.5,1109.53,1109.5,1109.53,0.0,16.65,18536.46,1
2024-02-13,2024-02-13 14:45:00,1109.53,1109.56,1109.53,1109.56,0.0,16.65,18536.46,1
2024-02-13,2024-02-13 14:46:00,1109.56,1109.59,1109.56,1109.59,0.0,16.65,18536.46,1
2024-02-13,2024-02-13 14:47:00,1109.59,1109.62,1109.59,1109.62,0.0,16.65,18536.46,1
2024-02-13,2024-02-13 14:48:00,1109.62,1109.66,1109.62,1109.66,0.0,16.65,18536.46,1
2024-02-13,2024-02-13 14:49:00,1109.66,1109.69,1109.66,1109.69,0.0,16.65,18536.46,1
2024-02-13,2024-02-13 14:50:00,1109.69,1109.72,1109.69,1109.72,0.0,16.65,18536.46,1
2024-02-13,2024-02-13 14:51:00,1109.72,1109.75,1109.72,1109.75,0.0,16.65,18536.46,1
2024-02-13,2024-02-13 14:52:00,1109.75,1109.78,1109.75,1109.78,0.0,16.65,18536.46,1
2024-02-13,2024-02-13 14:53:00,1109.78,1109.81,1109.78,1109.81,0.0,16.65,18536.46,1
2024-02-13,2024-02-13 14:54:00,1109.81,1109.84,1109.81,1109.84,0.0,16.65,18536.46,1
2024-02-13,2024-02-13 14:55:00,1109.84,1109.88,1109.84,1109.88,0.0,16.65,18536.46,1
2024-02-13,2024-02-13 14:56:00,1109.88,1109.91,1109.88,1109.91,0.0,16.65,18536.46,1
2024-02-13,2024-02-13 14:57:00,1109.91,1109.94,1109.91,1109.94,0.0,16.65,18536.46,1
2024-02-13,2024-02-13 14:58:00,1109.94,1109.97,1109.94,1109.97,0.0,16.65,18536.46,1
2024-02-13,2024-02-13 14:59:00,1109.97,1110.0,1109.97,1110.0,0.0,16.65,18536.46,1
2024-02-13,2024-02-13 15:00:00,1110.0,1123.0,1102.5,1110.0,0.0,16.65,18536.46,0
2024-02-14,2024-02-14 11:00:00,1105.0,1126.3,1105.0,1105.23,0.02,33.86,38584.6,1
2024-02-14,2024-02-14 11:01:00,1105.23,1105.46,1105.23,1105.46,0.02,33.86,38584.6,1
2024-02-14,2024-02-14 11:02:00,1105.46,1105.68,1105.46,1105.68,0.02,33.86,38584.6,1
2024-02-14,2024-02-14 11:03:00,1105.68,1105.91,1105.68,1105.91,0.02,33.86,38584.6,1
2024-02-14,2024-02-14 11:04:00,1105.91,1106.14,1105.91,1106.14,0.02,33.86,38584.6,1
2024-02-14,2024-02-14 11:05:00,1106.14,1106.37,1106.14,1106.37,0.02,33.86,38584.6,1
2024-02-14,2024-02-14 11:06:00,1106.37,1106.6,1106.37,1106.6,0.02,33.86,38584.6,1
2024-02-14,2024-02-14 11:07:00,1106.6,1106.83,1106.6,1106.83,0.02,33.86,38584.6,1
2024-02-14,2024-02-14 11:08:00,1106.83,1107.06,1106.83,1107.06,0.02,33.86,38584.6,1
2024-02-14,2024-02-14 11:09:00,1107.06,1107.28,1107.06,1107.28,0.02,33.86,38584.6,1
2024-02-14,2024-02-14 11:10:00,1107.28,1107.51,1107.28,1107.51,0.02,33.86,38584.6,1
2024-02-14,2024-02-14 11:11:00,1107.51,1107.74,1107.51,1107.74,0.02,33.86,38584.6,1
2024-02-14,2024-02-14 11:12:00,1107.74,1107.97,1107.74,1107.97,0.02,33.86,38584.6,1
2024-02-14,2024-02-14 11:13:00,1107.97,1108.2,1107.97,1108.2,0.02,33.86,38584.6,1
2024-02-14,2024-02-14 11:14:00,1108.2,1108.42,1108.2,1108.42,0.02,33.86,38584.6,1
2024-02-14,2024-02-14 11:15:00,1108.42,1108.65,1108.42,1108.65,0.02,33.86,38584.6,1
2024-02-14,2024-02-14 11:16:00,1108.65,1108.88,1108.65,1108.88,0.02,33.86,38584.6,1
2024-02-14,2024-02-14 11:17:00,1108.88,1109.11,1108.88,1109.11,0.02,33.86,38584.6,1
2024-02-14,2024-02-14 11:18:00,1109.11,1109.34,1109.11,1109.34,0.02,33.86,38584.6,1
2024-02-14,2024-02-14 11:19:00,1109.34,1109.57,1109.34,1109.57,0.02,33.86,38584.6,1
2024-02-14,2024-02-14 11:20:00,1109.57,1109.8,1109.57,1109.8,0.02,33.86,38584.6,1
2024-02-14,2024-02-14 11:21:00,1109.8,1110.02,1109.8,1110.02,0.02,33.86,38584.6,1
2024-02-14,2024-02-14 11:22:00,1110.02,1110.25,1110.02,1110.25,0.02,33.86,38584.6,1
2024-02-14,2024-02-14 11:23:00,1110.25,1110.48,1110.25,1110.48,0.02,33.86,38584.6,1
2024-02-14,2024-02-14 11:24:00,1110.48,1110.71,1110.48,1110.71,0.02,33.86,38584.6,1
2024-02-14,2024-02-14 11:25:00,1110.71,1110.94,1110.71,1110.94,0.02,33.86,38584.6,1
2024-02-14,2024-02-14 11:26:00,1110.94,1111.16,1110.94,1111.16,0.02,33.86,38584.6,1
2024-02-14,2024-02-14 11:27:00,1111.16,1111.39,1111.16,1111.39,0.02,33.86,38584.6,1
2024-02-14,2024-02-14 11:28:00,1111.39,1111.62,1111.39,1111.62,0.02,33.86,38584.6,1
2024-02-14,2024-02-14 11:29:00,1111.62,1111.85,1111.62,1111.85,0.02,33.86,38584.6,1
2024-02-14,2024-02-14 11:30:00,1111.85,1112.08,1111.85,1112.08,0.02,33.86,38584.6,1
2024-02-14,2024-02-14 11:31:00,1112.08,1112.31,1112.08,1112.31,0.02,33.86,38584.6,1
2024-02-14,2024-02-14 11:32:00,1112.31,1112.54,1112.31,1112.54,0.02,33.86,38584.6,1
2024-02-14,2024-02-14 11:33:00,1112.54,1112.76,1112.54,1112.76,0.02,33.86,38584.6,1
2024-02-14,2024-02-14 11:34:00,1112.76,1112.99,1112.76,1112.99,0.02,33.86,38584.6,1
2024-02-14,2024-02-14 11:35:00,1112.99,1113.22,1112.99,1113.22,0.02,33.86,38584.6,1
2024-02-14,2024-02-14 11:36:00,1113.22,1113.45,1113.22,1113.45,0.02,33.86,38584.6,1
2024-02-14,2024-02-14 11:37:00,1113.45,1113.68,1113.45,1113.68,0.02,33.86,38584.6,1
2024-02-14,2024-02-14 11:38:00,1113.68,1113.9,1113.68,1113.9,0.02,33.86,38584.6,1
2024-02-14,2024-02-14 11:39:00,1113.9,1114.13,1113.9,1114.13,0.02,33.86,38584.6,1
2024-02-14,2024-02-14 11:40:00,1114.13,1114.36,1114.13,1114.36,0.02,33.86,38584.6,1
2024-02-14,2024-02-14 11:41:00,1114.36,1114.59,1114.36,1114.59,0.02,33.86,38584.6,1
2024-02-14,2024-02-14 11:42:00,1114.59,1114.82,1114.59,1114.82,0.02,33.86,38584.6,1
2024-02-14,2024-02-14 11:43:00,1114.82,1115.05,1114.82,1115.05,0.02,33.86,38584.6,1
2024-02-14,2024-02-14 11:44:00,1115.05,1115.28,1115.05,1115.28,0.02,33.86,38584.6,1
2024-02-14,2024-02-14 11:45:00,1115.28,1115.5,1115.28,1115.5,0.02,33.86,38584.6,1
2024-02-14,2024-02-14 11:46:00,1115.5,1115.73,1115.5,1115.73,0.02,33.86,38584.6,1
2024-02-14,2024-02-14 11:47:00,1115.73,1115.96,1115.73,1115.96,0.02,33.86,38584.6,1
2024-02-14,2024-02-14 11:48:00,1115.96,1116.19,1115.96,1116.19,0.02,33.86,38584.6,1
2024-02-14,2024-02-14 11:49:00,1116.19,1116.42,1116.19,1116.42,0.02,33.86,38584.6,1
2024-02-14,2024-02-14 11:50:00,1116.42,1116.64,1116.42,1116.64,0.02,33.86,38584.6,1
2024-02-14,2024-02-14 11:51:00,1116.64,1116.87,1116.64,1116.87,0.02,33.86,38584.6,1
2024-02-14,2024-02-14 11:52:00,1116.87,1117.1,1116.87,1117.1,0.02,33.86,38584.6,1
2024-02-14,2024-02-14 11:53:00,1117.1,1117.33,1117.1,1117.33,0.02,33.86,38584.6,1
2024-02-14,2024-02-14 11:54:00,1117.33,1117.56,1117.33,1117.56,0.02,33.86,38584.6,1
2024-02-14,2024-02-14 11:55:00,1117.56,1117.79,1117.56,1117.79,0.02,33.86,38584.6,1
2024-02-14,2024-02-14 11:56:00,1117.79,1118.02,1117.79,1118.02,0.02,33.86,38584.6,1
2024-02-14,2024-02-14 11:57:00,1118.02,1118.24,1118.02,1118.24,0.02,33.86,38584.6,1
2024-02-14,2024-02-14 11:58:00,1118.24,1118.47,1118.24,1118.47,0.02,33.86,38584.6,1
2024-02-14,2024-02-14 11:59:00,1118.47,1118.7,1118.47,1118.7,0.02,33.86,38584.6,1
2024-02-14,2024-02-14 12:00:00,1118.7,1118.93,1118.7,1118.93,0.02,33.86,38584.6,1
2024-02-14,2024-02-14 12:01:00,1118.93,1119.16,1118.93,1119.16,0.02,33.86,38584.6,1
2024-02-14,2024-02-14 12:02:00,1119.16,1119.38,1119.16,1119.38,0.02,33.86,38584.6,1
2024-02-14,2024-02-14 12:03:00,1119.38,1119.61,1119.38,1119.61,0.02,33.86,38584.6,1
2024-02-14,2024-02-14 12:04:00,1119.61,1119.84,1119.61,1119.84,0.02,33.86,38584.6,1
2024-02-14,2024-02-14 12:05:00,1119.84,1120.07,1119.84,1120.07,0.02,33.86,38584.6,1
2024-02-14,2024-02-14 12:06:00,1120.07,1120.3,1120.07,1120.3,0.02,33.86,38584.6,1
2024-02-14,2024-02-14 12:07:00,1120.3,1120.53,1120.3,1120.53,0.02,33.86,38584.6,1
2024-02-14,2024-02-14 12:08:00,1120.53,1120.75,1120.53,1120.75,0.02,33.86,38584.6,1
2024-02-14,2024-02-14 12:09:00,1120.75,1120.98,1120.75,1120.98,0.02,33.86,38584.6,1
2024-02-14,2024-02-14 12:10:00,1120.98,1121.21,1120.98,1121.21,0.02,33.86,38584.6,1
2024-02-14,2024-02-14 12:11:00,1121.21,1121.44,1121.21,1121.44,0.02,33.86,38584.6,1
2024-02-14,2024-02-14 12:12:00,1121.44,1121.67,1121.44,1121.67,0.02,33.86,38584.6,1
2024-02-14,2024-02-14 12:13:00,1121.67,1121.9,1121.67,1121.9,0.02,33.86,38584.6,1
2024-02-14,2024-02-14 12:14:00,1121.9,1122.12,1121.9,1122.12,0.02,33.86,38584.6,1
2024-02-14,2024-02-14 12:15:00,1122.12,1122.35,1122.12,1122.35,0.02,33.86,38584.6,1
2024-02-14,2024-02-14 12:16:00,1122.35,1122.58,1122.35,1122.58,0.02,33.86,38584.6,1
2024-02-14,2024-02-14 12:17:00,1122.58,1122.81,1122.58,1122.81,0.02,33.86,38584.6,1
2024-02-14,2024-02-14 12:18:00,1122.81,1123.04,1122.81,1123.04,0.02,33.86,38584.6,1
2024-02-14,2024-02-14 12:19:00,1123.04,1123.27,1123.04,1123.27,0.02,33.86,38584.6,1
2024-02-14,2024-02-14 12:20:00,1123.27,1123.49,1123.27,1123.49,0.02,33.86,38584.6,1
2024-02-14,2024-02-14 12:21:00,1123.49,1123.72,1123.49,1123.72,0.02,33.86,38584.6,1
2024-02-14,2024-02-14 12:22:00,1123.72,1123.95,1123.72,1123.95,0.02,33.86,38584.6,1
2024-02-14,2024-02-14 12:23:00,1123.95,1124.18,1123.95,1124.18,0.02,33.86,38584.6,1
2024-02-14,2024-02-14 12:24:00,1124.18,1124.41,1124.18,1124.41,0.02,33.86,38584.6,1
2024-02-14,2024-02-14 12:25:00,1124.41,1124.64,1124.41,1124.64,0.02,33.86,38584.6,1
2024-02-14,2024-02-14 12:26:00,1124.64,1124.87,1124.64,1124.87,0.02,33.86,38584.6,1
2024-02-14,2024-02-14 12:27:00,1124.87,1125.09,1124.87,1125.09,0.02,33.86,38584.6,1
2024-02-14,2024-02-14 12:28:00,1125.09,1125.32,1125.09,1125.32,0.02,33.86,38584.6,1
2024-02-14,2024-02-14 12:29:00,1125.32,1125.55,1125.32,1125.55,0.02,33.86,38584.6,1
2024-02-14,2024-02-14 12:30:00,1125.55,1125.78,1125.55,1125.78,0.02,33.86,38584.6,1
2024-02-14,2024-02-14 12:31:00,1125.78,1126.01,1125.78,1126.01,0.02,33.86,38584.6,1
2024-02-14,2024-02-14 12:32:00,1126.01,1126.23,1126.01,1126.23,0.02,33.86,38584.6,1
2024-02-14,2024-02-14 12:33:00,1126.23,1126.46,1126.23,1126.46,0.02,33.86,38584.6,1
2024-02-14,2024-02-14 12:34:00,1126.46,1126.69,1126.46,1126.69,0.02,33.86,38584.6,1
2024-02-14,2024-02-14 12:35:00,1126.69,1126.92,1126.69,1126.92,0.02,33.86,38584.6,1
2024-02-14,2024-02-14 12:36:00,1126.92,1127.15,1126.92,1127.15,0.02,33.86,38584.6,1
2024-02-14,2024-02-14 12:37:00,1127.15,1127.38,1127.15,1127.38,0.02,33.86,38584.6,1
2024-02-14,2024-02-14 12:38:00,1127.38,1127.61,1127.38,1127.61,0.02,33.86,38584.6,1
2024-02-14,2024-02-14 12:39:00,1127.61,1127.83,1127.61,1127.83,0.02,33.86,38584.6,1
2024-02-14,2024-02-14 12:40:00,1127.83,1128.06,1127.83,1128.06,0.02,33.86,38584.6,1
2024-02-14,2024-02-14 12:41:00,1128.06,1128.29,1128.06,1128.29,0.02,33.86,38584.6,1
2024-02-14,2024-02-14 12:42:00,1128.29,1128.52,1128.29,1128.52,0.02,33.86,38584.6,1
2024-02-14,2024-02-14 12:43:00,1128.52,1128.75,1128.52,1128.75,0.02,33.86,38584.6,1
2024-02-14,2024-02-14 12:44:00,1128.75,1128.97,1128.75,1128.97,0.02,33.86,38584.6,1
2024-02-14,2024-02-14 12:45:00,1128.97,1129.2,1128.97,1129.2,0.02,33.86,38584.6,1
2024-02-14,2024-02-14 12:46:00,1129.2,1129.43,1129.2,1129.43,0.02,33.86,38584.6,1
2024-02-14,2024-02-14 12:47:00,1129.43,1129.66,1129.43,1129.66,0.02,33.86,38584.6,1
2024-02-14,2024-02-14 12:48:00,1129.66,1129.89,1129.66,1129.89,0.02,33.86,38584.6,1
2024-02-14,2024-02-14 12:49:00,1129.89,1130.12,1129.89,1130.12,0.02,33.86,38584.6,1
2024-02-14,2024-02-14 12:50:00,1130.12,1130.35,1130.12,1130.35,0.02,33.86,38584.6,1
2024-02-14,2024-02-14 12:51:00,1130.35,1130.57,1130.35,1130.57,0.02,33.86,38584.6,1
2024-02-14,2024-02-14 12:52:00,1130.57,1130.8,1130.57,1130.8,0.02,33.86,38584.6,1
2024-02-14,2024-02-14 12:53:00,1130.8,1131.03,1130.8,1131.03,0.02,33.86,38584.6,1
2024-02-14,2024-02-14 12:54:00,1131.03,1131.26,1131.03,1131.26,0.02,33.86,38584.6,1
2024-02-14,2024-02-14 12:55:00,1131.26,1131.49,1131.26,1131.49,0.02,33.86,38584.6,1
2024-02-14,2024-02-14 12:56:00,1131.49,1131.71,1131.49,1131.71,0.02,33.86,38584.6,1
2024-02-14,2024-02-14 12:57:00,1131.71,1131.94,1131.71,1131.94,0.02,33.86,38584.6,1
2024-02-14,2024-02-14 12:58:00,1131.94,1132.17,1131.94,1132.17,0.02,33.86,38584.6,1
2024-02-14,2024-02-14 12:59:00,1132.17,1132.4,1132.17,1132.4,0.02,33.86,38584.6,1
2024-02-14,2024-02-14 13:00:00,1132.4,1176.0,1105.0,1132.63,0.02,33.86,38584.6,1
2024-02-14,2024-02-14 13:01:00,1132.63,1132.86,1132.63,1132.86,0.02,33.86,38584.6,1
2024-02-14,2024-02-14 13:02:00,1132.86,1133.09,1132.86,1133.09,0.02,33.86,38584.6,1
2024-02-14,2024-02-14 13:03:00,1133.09,1133.31,1133.09,1133.31,0.02,33.86,38584.6,1
2024-02-14,2024-02-14 13:04:00,1133.31,1133.54,1133.31,1133.54,0.02,33.86,38584.6,1
2024-02-14,2024-02-14 13:05:00,1133.54,1133.77,1133.54,1133.77,0.02,33.86,38584.6,1
2024-02-14,2024-02-14 13:06:00,1133.77,1134.0,1133.77,1134.0,0.02,33.86,38584.6,1
2024-02-14,2024-02-14 13:07:00,1134.0,1134.23,1134.0,1134.23,0.02,33.86,38584.6,1
2024-02-14,2024-02-14 13:08:00,1134.23,1134.45,1134.23,1134.45,0.02,33.86,38584.6,1
2024-02-14,2024-02-14 13:09:00,1134.45,1134.68,1134.45,1134.68,0.02,33.86,38584.6,1
2024-02-14,2024-02-14 13:10:00,1134.68,1134.91,1134.68,1134.91,0.02,33.86,38584.6,1
2024-02-14,2024-02-14 13:11:00,1134.91,1135.14,1134.91,1135.14,0.02,33.86,38584.6,1
2024-02-14,2024-02-14 13:12:00,1135.14,1135.37,1135.14,1135.37,0.02,33.86,38584.6,1
2024-02-14,2024-02-14 13:13:00,1135.37,1135.6,1135.37,1135.6,0.02,33.86,38584.6,1
2024-02-14,2024-02-14 13:14:00,1135.6,1135.83,1135.6,1135.83,0.02,33.86,38584.6,1
2024-02-14,2024-02-14 13:15:00,1135.83,1136.05,1135.83,1136.05,0.02,33.86,38584.6,1
2024-02-14,2024-02-14 13:16:00,1136.05,1136.28,1136.05,1136.28,0.02,33.86,38584.6,1
2024-02-14,2024-02-14 13:17:00,1136.28,1136.51,1136.28,1136.51,0.02,33.86,38584.6,1
2024-02-14,2024-02-14 13:18:00,1136.51,1136.74,1136.51,1136.74,0.02,33.86,38584.6,1
2024-02-14,2024-02-14 13:19:00,1136.74,1136.97,1136.74,1136.97,0.02,33.86,38584.6,1
2024-02-14,2024-02-14 13:20:00,1136.97,1137.19,1136.97,1137.19,0.02,33.86,38584.6,1
2024-02-14,2024-02-14 13:21:00,1137.19,1137.42,1137.19,1137.42,0.02,33.86,38584.6,1
2024-02-14,2024-02-14 13:22:00,1137.42,1137.65,1137.42,1137.65,0.02,33.86,38584.6,1
2024-02-14,2024-02-14 13:23:00,1137.65,1137.88,1137.65,1137.88,0.02,33.86,38584.6,1
2024-02-14,2024-02-14 13:24:00,1137.88,1138.11,1137.88,1138.11,0.02,33.86,38584.6,1
2024-02-14,2024-02-14 13:25:00,1138.11,1138.34,1138.11,1138.34,0.02,33.86,38584.6,1
2024-02-14,2024-02-14 13:26:00,1138.34,1138.57,1138.34,1138.57,0.02,33.86,38584.6,1
2024-02-14,2024-02-14 13:27:00,1138.57,1138.79,1138.57,1138.79,0.02,33.86,38584.6,1
2024-02-14,2024-02-14 13:28:00,1138.79,1139.02,1138.79,1139.02,0.02,33.86,38584.6,1
2024-02-14,2024-02-14 13:29:00,1139.02,1139.25,1139.02,1139.25,0.02,33.86,38584.6,1
2024-02-14,2024-02-14 13:30:00,1139.25,1139.48,1139.25,1139.48,0.02,33.86,38584.6,1
2024-02-14,2024-02-14 13:31:00,1139.48,1139.71,1139.48,1139.71,0.02,33.86,38584.6,1
2024-02-14,2024-02-14 13:32:00,1139.71,1139.93,1139.71,1139.93,0.02,33.86,38584.6,1
2024-02-14,2024-02-14 13:33:00,1139.93,1140.16,1139.93,1140.16,0.02,33.86,38584.6,1
2024-02-14,2024-02-14 13:34:00,1140.16,1140.39,1140.16,1140.39,0.02,33.86,38584.6,1
2024-02-14,2024-02-14 13:35:00,1140.39,1140.62,1140.39,1140.62,0.02,33.86,38584.6,1
2024-02-14,2024-02-14 13:36:00,1140.62,1140.85,1140.62,1140.85,0.02,33.86,38584.6,1
2024-02-14,2024-02-14 13:37:00,1140.85,1141.08,1140.85,1141.08,0.02,33.86,38584.6,1
2024-02-14,2024-02-14 13:38:00,1141.08,1141.31,1141.08,1141.31,0.02,33.86,38584.6,1
2024-02-14,2024-02-14 13:39:00,1141.31,1141.53,1141.31,1141.53,0.02,33.86,38584.6,1
2024-02-14,2024-02-14 13:40:00,1141.53,1141.76,1141.53,1141.76,0.02,33.86,38584.6,1
2024-02-14,2024-02-14 13:41:00,1141.76,1141.99,1141.76,1141.99,0.02,33.86,38584.6,1
2024-02-14,2024-02-14 13:42:00,1141.99,1142.22,1141.99,1142.22,0.02,33.86,38584.6,1
2024-02-14,2024-02-14 13:43:00,1142.22,1142.45,1142.22,1142.45,0.02,33.86,38584.6,1
2024-02-14,2024-02-14 13:44:00,1142.45,1142.67,1142.45,1142.67,0.02,33.86,38584.6,1
2024-02-14,2024-02-14 13:45:00,1142.67,1142.9,1142.67,1142.9,0.02,33.86,38584.6,1
2024-02-14,2024-02-14 13:46:00,1142.9,1143.13,1142.9,1143.13,0.02,33.86,38584.6,1
2024-02-14,2024-02-14 13:47:00,1143.13,1143.36,1143.13,1143.36,0.02,33.86,38584.6,1
2024-02-14,2024-02-14 13:48:00,1143.36,1143.59,1143.36,1143.59,0.02,33.86,38584.6,1
2024-02-14,2024-02-14 13:49:00,1143.59,1143.82,1143.59,1143.82,0.02,33.86,38584.6,1
2024-02-14,2024-02-14 13:50:00,1143.82,1144.05,1143.82,1144.05,0.02,33.86,38584.6,1
2024-02-14,2024-02-14 13:51:00,1144.05,1144.27,1144.05,1144.27,0.02,33.86,38584.6,1
2024-02-14,2024-02-14 13:52:00,1144.27,1144.5,1144.27,1144.5,0.02,33.86,38584.6,1
2024-02-14,2024-02-14 13:53:00,1144.5,1144.73,1144.5,1144.73,0.02,33.86,38584.6,1
2024-02-14,2024-02-14 13:54:00,1144.73,1144.96,1144.73,1144.96,0.02,33.86,38584.6,1
2024-02-14,2024-02-14 13:55:00,1144.96,1145.19,1144.96,1145.19,0.02,33.86,38584.6,1
2024-02-14,2024-02-14 13:56:00,1145.19,1145.41,1145.19,1145.41,0.02,33.86,38584.6,1
2024-02-14,2024-02-14 13:57:00,1145.41,1145.64,1145.41,1145.64,0.02,33.86,38584.6,1
2024-02-14,2024-02-14 13:58:00,1145.64,1145.87,1145.64,1145.87,0.02,33.86,38584.6,1
2024-02-14,2024-02-14 13:59:00,1145.87,1146.1,1145.87,1146.1,0.02,33.86,38584.6,1
2024-02-14,2024-02-14 14:00:00,1146.1,1146.33,1146.1,1146.33,0.02,33.86,38584.6,1
2024-02-14,2024-02-14 14:01:00,1146.33,1146.56,1146.33,1146.56,0.02,33.86,38584.6,1
2024-02-14,2024-02-14 14:02:00,1146.56,1146.78,1146.56,1146.78,0.02,33.86,38584.6,1
2024-02-14,2024-02-14 14:03:00,1146.78,1147.01,1146.78,1147.01,0.02,33.86,38584.6,1
2024-02-14,2024-02-14 14:04:00,1147.01,1147.24,1147.01,1147.24,0.02,33.86,38584.6,1
2024-02-14,2024-02-14 14:05:00,1147.24,1147.47,1147.24,1147.47,0.02,33.86,38584.6,1
2024-02-14,2024-02-14 14:06:00,1147.47,1147.7,1147.47,1147.7,0.02,33.86,38584.6,1
2024-02-14,2024-02-14 14:07:00,1147.7,1147.93,1147.7,1147.93,0.02,33.86,38584.6,1
2024-02-14,2024-02-14 14:08:00,1147.93,1148.15,1147.93,1148.15,0.02,33.86,38584.6,1
2024-02-14,2024-02-14 14:09:00,1148.15,1148.38,1148.15,1148.38,0.02,33.86,38584.6,1
2024-02-14,2024-02-14 14:10:00,1148.38,1148.61,1148.38,1148.61,0.02,33.86,38584.6,1
2024-02-14,2024-02-14 14:11:00,1148.61,1148.84,1148.61,1148.84,0.02,33.86,38584.6,1
2024-02-14,2024-02-14 14:12:00,1148.84,1149.07,1148.84,1149.07,0.02,33.86,38584.6,1
2024-02-14,2024-02-14 14:13:00,1149.07,1149.3,1149.07,1149.3,0.02,33.86,38584.6,1
2024-02-14,2024-02-14 14:14:00,1149.3,1149.52,1149.3,1149.52,0.02,33.86,38584.6,1
2024-02-14,2024-02-14 14:15:00,1149.52,1149.75,1149.52,1149.75,0.02,33.86,38584.6,1
2024-02-14,2024-02-14 14:16:00,1149.75,1149.98,1149.75,1149.98,0.02,33.86,38584.6,1
2024-02-14,2024-02-14 14:17:00,1149.98,1150.21,1149.98,1150.21,0.02,33.86,38584.6,1
2024-02-14,2024-02-14 14:18:00,1150.21,1150.44,1150.21,1150.44,0.02,33.86,38584.6,1
2024-02-14,2024-02-14 14:19:00,1150.44,1150.67,1150.44,1150.67,0.02,33.86,38584.6,1
2024-02-14,2024-02-14 14:20:00,1150.67,1150.89,1150.67,1150.89,0.02,33.86,38584.6,1
2024-02-14,2024-02-14 14:21:00,1150.89,1151.12,1150.89,1151.12,0.02,33.86,38584.6,1
2024-02-14,2024-02-14 14:22:00,1151.12,1151.35,1151.12,1151.35,0.02,33.86,38584.6,1
2024-02-14,2024-02-14 14:23:00,1151.35,1151.58,1151.35,1151.58,0.02,33.86,38584.6,1
2024-02-14,2024-02-14 14:24:00,1151.58,1151.81,1151.58,1151.81,0.02,33.86,38584.6,1
2024-02-14,2024-02-14 14:25:00,1151.81,1152.04,1151.81,1152.04,0.02,33.86,38584.6,1
2024-02-14,2024-02-14 14:26:00,1152.04,1152.26,1152.04,1152.26,0.02,33.86,38584.6,1
2024-02-14,2024-02-14 14:27:00,1152.26,1152.49,1152.26,1152.49,0.02,33.86,38584.6,1
2024-02-14,2024-02-14 14:28:00,1152.49,1152.72,1152.49,1152.72,0.02,33.86,38584.6,1
2024-02-14,2024-02-14 14:29:00,1152.72,1152.95,1152.72,1152.95,0.02,33.86,38584.6,1
2024-02-14,2024-02-14 14:30:00,1152.95,1153.18,1152.95,1153.18,0.02,33.86,38584.6,1
2024-02-14,2024-02-14 14:31:00,1153.18,1153.41,1153.18,1153.41,0.02,33.86,38584.6,1
2024-02-14,2024-02-14 14:32:00,1153.41,1153.63,1153.41,1153.63,0.02,33.86,38584.6,1
2024-02-14,2024-02-14 14:33:00,1153.63,1153.86,1153.63,1153.86,0.02,33.86,38584.6,1
2024-02-14,2024-02-14 14:34:00,1153.86,1154.09,1153.86,1154.09,0.02,33.86,38584.6,1
2024-02-14,2024-02-14 14:35:00,1154.09,1154.32,1154.09,1154.32,0.02,33.86,38584.6,1
2024-02-14,2024-02-14 14:36:00,1154.32,1154.55,1154.32,1154.55,0.02,33.86,38584.6,1
2024-02-14,2024-02-14 14:37:00,1154.55,1154.78,1154.55,1154.78,0.02,33.86,38584.6,1
2024-02-14,2024-02-14 14:38:00,1154.78,1155.0,1154.78,1155.0,0.02,33.86,38584.6,1
2024-02-14,2024-02-14 14:39:00,1155.0,1155.23,1155.0,1155.23,0.02,33.86,38584.6,1
2024-02-14,2024-02-14 14:40:00,1155.23,1155.46,1155.23,1155.46,0.02,33.86,38584.6,1
2024-02-14,2024-02-14 14:41:00,1155.46,1155.69,1155.46,1155.69,0.02,33.86,38584.6,1
2024-02-14,2024-02-14 14:42:00,1155.69,1155.92,1155.69,1155.92,0.02,33.86,38584.6,1
2024-02-14,2024-02-14 14:43:00,1155.92,1156.15,1155.92,1156.15,0.02,33.86,38584.6,1
2024-02-14,2024-02-14 14:44:00,1156.15,1156.38,1156.15,1156.38,0.02,33.86,38584.6,1
2024-02-14,2024-02-14 14:45:00,1156.38,1156.6,1156.38,1156.6,0.02,33.86,38584.6,1
2024-02-14,2024-02-14 14:46:00,1156.6,1156.83,1156.6,1156.83,0.02,33.86,38584.6,1
2024-02-14,2024-02-14 14:47:00,1156.83,1157.06,1156.83,1157.06,0.02,33.86,38584.6,1
2024-02-14,2024-02-14 14:48:00,1157.06,1157.29,1157.06,1157.29,0.02,33.86,38584.6,1
2024-02-14,2024-02-14 14:49:00,1157.29,1157.52,1157.29,1157.52,0.02,33.86,38584.6,1
2024-02-14,2024-02-14 14:50:00,1157.52,1157.74,1157.52,1157.74,0.02,33.86,38584.6,1
2024-02-14,2024-02-14 14:51:00,1157.74,1157.97,1157.74,1157.97,0.02,33.86,38584.6,1
2024-02-14,2024-02-14 14:52:00,1157.97,1158.2,1157.97,1158.2,0.02,33.86,38584.6,1
2024-02-14,2024-02-14 14:53:00,1158.2,1158.43,1158.2,1158.43,0.02,33.86,38584.6,1
2024-02-14,2024-02-14 14:54:00,1158.43,1158.66,1158.43,1158.66,0.02,33.86,38584.6,1
2024-02-14,2024-02-14 14:55:00,1158.66,1158.89,1158.66,1158.89,0.02,33.86,38584.6,1
2024-02-14,2024-02-14 14:56:00,1158.89,1159.12,1158.89,1159.12,0.02,33.86,38584.6,1
2024-02-14,2024-02-14 14:57:00,1159.12,1159.34,1159.12,1159.34,0.02,33.86,38584.6,1
2024-02-14,2024-02-14 14:58:00,1159.34,1159.57,1159.34,1159.57,0.02,33.86,38584.6,1
2024-02-14,2024-02-14 14:59:00,1159.57,1159.8,1159.57,1159.8,0.02,33.86,38584.6,1
2024-02-14,2024-02-14 15:00:00,1159.8,1176.0,1105.0,1159.8,0.0,33.86,38584.6,0
2024-02-15,2024-02-15 11:00:00,1136.7,1143.51,1134.69,1136.71,0.0,10.2,11656.58,1
2024-02-15,2024-02-15 11:01:00,1136.71,1136.72,1136.71,1136.72,0.0,10.2,11656.58,1
2024-02-15,2024-02-15 11:02:00,1136.72,1136.73,1136.72,1136.73,0.0,10.2,11656.58,1
2024-02-15,2024-02-15 11:03:00,1136.73,1136.74,1136.73,1136.74,0.0,10.2,11656.58,1
2024-02-15,2024-02-15 11:04:00,1136.74,1136.75,1136.74,1136.75,0.0,10.2,11656.58,1
2024-02-15,2024-02-15 11:05:00,1136.75,1136.76,1136.75,1136.76,0.0,10.2,11656.58,1
2024-02-15,2024-02-15 11:06:00,1136.76,1136.76,1136.76,1136.76,0.0,10.2,11656.58,0
2024-02-15,2024-02-15 11:07:00,1136.76,1136.77,1136.76,1136.77,0.0,10.2,11656.58,1
2024-02-15,2024-02-15 11:08:00,1136.77,1136.78,1136.77,1136.78,0.0,10.2,11656.58,1
2024-02-15,2024-02-15 11:09:00,1136.78,1136.79,1136.78,1136.79,0.0,10.2,11656.58,1
2024-02-15,2024-02-15 11:10:00,1136.79,1136.8,1136.79,1136.8,0.0,10.2,11656.58,1
2024-02-15,2024-02-15 11:11:00,1136.8,1136.81,1136.8,1136.81,0.0,10.2,11656.58,1
2024-02-15,2024-02-15 11:12:00,1136.81,1136.82,1136.81,1136.82,0.0,10.2,11656.58,1
2024-02-15,2024-02-15 11:13:00,1136.82,1136.83,1136.82,1136.83,0.0,10.2,11656.58,1
2024-02-15,2024-02-15 11:14:00,1136.83,1136.84,1136.83,1136.84,0.0,10.2,11656.58,1
2024-02-15,2024-02-15 11:15:00,1136.84,1136.85,1136.84,1136.85,0.0,10.2,11656.58,1
2024-02-15,2024-02-15 11:16:00,1136.85,1136.86,1136.85,1136.86,0.0,10.2,11656.58,1
2024-02-15,2024-02-15 11:17:00,1136.86,1136.87,1136.86,1136.87,0.0,10.2,11656.58,1
2024-02-15,2024-02-15 11:18:00,1136.87,1136.87,1136.87,1136.87,0.0,10.2,11656.58,0
2024-02-15,2024-02-15 11:19:00,1136.87,1136.88,1136.87,1136.88,0.0,10.2,11656.58,1
2024-02-15,2024-02-15 11:20:00,1136.88,1136.89,1136.88,1136.89,0.0,10.2,11656.58,1
2024-02-15,2024-02-15 11:21:00,1136.89,1136.9,1136.89,1136.9,0.0,10.2,11656.58,1
2024-02-15,2024-02-15 11:22:00,1136.9,1136.91,1136.9,1136.91,0.0,10.2,11656.58,1
2024-02-15,2024-02-15 11:23:00,1136.91,1136.92,1136.91,1136.92,0.0,10.2,11656.58,1
2024-02-15,2024-02-15 11:24:00,1136.92,1136.93,1136.92,1136.93,0.0,10.2,11656.58,1
2024-02-15,2024-02-15 11:25:00,1136.93,1136.94,1136.93,1136.94,0.0,10.2,11656.58,1
2024-02-15,2024-02-15 11:26:00,1136.94,1136.95,1136.94,1136.95,0.0,10.2,11656.58,1
2024-02-15,2024-02-15 11:27:00,1136.95,1136.96,1136.95,1136.96,0.0,10.2,11656.58,1
2024-02-15,2024-02-15 11:28:00,1136.96,1136.97,1136.96,1136.97,0.0,10.2,11656.58,1
2024-02-15,2024-02-15 11:29:00,1136.97,1136.98,1136.97,1136.98,0.0,10.2,11656.58,1
2024-02-15,2024-02-15 11:30:00,1136.98,1136.98,1136.98,1136.98,0.0,10.2,11656.58,0
2024-02-15,2024-02-15 11:31:00,1136.98,1136.99,1136.98,1136.99,0.0,10.2,11656.58,1
2024-02-15,2024-02-15 11:32:00,1136.99,1137.0,1136.99,1137.0,0.0,10.2,11656.58,1
2024-02-15,2024-02-15 11:33:00,1137.0,1137.01,1137.0,1137.01,0.0,10.2,11656.58,1
2024-02-15,2024-02-15 11:34:00,1137.01,1137.02,1137.01,1137.02,0.0,10.2,11656.58,1
2024-02-15,2024-02-15 11:35:00,1137.02,1137.03,1137.02,1137.03,0.0,10.2,11656.58,1
2024-02-15,2024-02-15 11:36:00,1137.03,1137.04,1137.03,1137.04,0.0,10.2,11656.58,1
2024-02-15,2024-02-15 11:37:00,1137.04,1137.05,1137.04,1137.05,0.0,10.2,11656.58,1
2024-02-15,2024-02-15 11:38:00,1137.05,1137.06,1137.05,1137.06,0.0,10.2,11656.58,1
2024-02-15,2024-02-15 11:39:00,1137.06,1137.07,1137.06,1137.07,0.0,10.2,11656.58,1
2024-02-15,2024-02-15 11:40:00,1137.07,1137.08,1137.07,1137.08,0.0,10.2,11656.58,1
2024-02-15,2024-02-15 11:41:00,1137.08,1137.09,1137.08,1137.09,0.0,10.2,11656.58,1
2024-02-15,2024-02-15 11:42:00,1137.09,1137.09,1137.09,1137.09,0.0,10.2,11656.58,0
2024-02-15,2024-02-15 11:43:00,1137.09,1137.1,1137.09,1137.1,0.0,10.2,11656.58,1
2024-02-15,2024-02-15 11:44:00,1137.1,1137.11,1137.1,1137.11,0.0,10.2,11656.58,1
2024-02-15,2024-02-15 11:45:00,1137.11,1137.12,1137.11,1137.12,0.0,10.2,11656.58,1
2024-02-15,2024-02-15 11:46:00,1137.12,1137.13,1137.12,1137.13,0.0,10.2,11656.58,1
2024-02-15,2024-02-15 11:47:00,1137.13,1137.14,1137.13,1137.14,0.0,10.2,11656.58,1
2024-02-15,2024-02-15 11:48:00,1137.14,1137.15,1137.14,1137.15,0.0,10.2,11656.58,1
2024-02-15,2024-02-15 11:49:00,1137.15,1137.16,1137.15,1137.16,0.0,10.2,11656.58,1
2024-02-15,2024-02-15 11:50:00,1137.16,1137.17,1137.16,1137.17,0.0,10.2,11656.58,1
2024-02-15,2024-02-15 11:51:00,1137.17,1137.18,1137.17,1137.18,0.0,10.2,11656.58,1
2024-02-15,2024-02-15 11:52:00,1137.18,1137.19,1137.18,1137.19,0.0,10.2,11656.58,1
2024-02-15,2024-02-15 11:53:00,1137.19,1137.2,1137.19,1137.2,0.0,10.2,11656.58,1
2024-02-15,2024-02-15 11:54:00,1137.2,1137.2,1137.2,1137.2,0.0,10.2,11656.58,0
2024-02-15,2024-02-15 11:55:00,1137.2,1137.21,1137.2,1137.21,0.0,10.2,11656.58,1
2024-02-15,2024-02-15 11:56:00,1137.21,1137.22,1137.21,1137.22,0.0,10.2,11656.58,1
2024-02-15,2024-02-15 11:57:00,1137.22,1137.23,1137.22,1137.23,0.0,10.2,11656.58,1
2024-02-15,2024-02-15 11:58:00,1137.23,1137.24,1137.23,1137.24,0.0,10.2,11656.58,1
2024-02-15,2024-02-15 11:59:00,1137.24,1137.25,1137.24,1137.25,0.0,10.2,11656.58,1
2024-02-15,2024-02-15 12:00:00,1137.25,1137.26,1137.25,1137.26,0.0,10.2,11656.58,1
2024-02-15,2024-02-15 12:01:00,1137.26,1137.27,1137.26,1137.27,0.0,10.2,11656.58,1
2024-02-15,2024-02-15 12:02:00,1137.27,1137.28,1137.27,1137.28,0.0,10.2,11656.58,1
2024-02-15,2024-02-15 12:03:00,1137.28,1137.29,1137.28,1137.29,0.0,10.2,11656.58,1
2024-02-15,2024-02-15 12:04:00,1137.29,1137.3,1137.29,1137.3,0.0,10.2,11656.58,1
2024-02-15,2024-02-15 12:05:00,1137.3,1137.31,1137.3,1137.31,0.0,10.2,11656.58,1
2024-02-15,2024-02-15 12:06:00,1137.31,1137.31,1137.31,1137.31,0.0,10.2,11656.58,0
2024-02-15,2024-02-15 12:07:00,1137.31,1137.32,1137.31,1137.32,0.0,10.2,11656.58,1
2024-02-15,2024-02-15 12:08:00,1137.32,1137.33,1137.32,1137.33,0.0,10.2,11656.58,1
2024-02-15,2024-02-15 12:09:00,1137.33,1137.34,1137.33,1137.34,0.0,10.2,11656.58,1
2024-02-15,2024-02-15 12:10:00,1137.34,1137.35,1137.34,1137.35,0.0,10.2,11656.58,1
2024-02-15,2024-02-15 12:11:00,1137.35,1137.36,1137.35,1137.36,0.0,10.2,11656.58,1
2024-02-15,2024-02-15 12:12:00,1137.36,1137.37,1137.36,1137.37,0.0,10.2,11656.58,1
2024-02-15,2024-02-15 12:13:00,1137.37,1137.38,1137.37,1137.38,0.0,10.2,11656.58,1
2024-02-15,2024-02-15 12:14:00,1137.38,1137.39,1137.38,1137.39,0.0,10.2,11656.58,1
2024-02-15,2024-02-15 12:15:00,1137.39,1137.4,1137.39,1137.4,0.0,10.2,11656.58,1
2024-02-15,2024-02-15 12:16:00,1137.4,1137.41,1137.4,1137.41,0.0,10.2,11656.58,1
2024-02-15,2024-02-15 12:17:00,1137.41,1137.41,1137.41,1137.41,0.0,10.2,11656.58,0
2024-02-15,2024-02-15 12:18:00,1137.41,1137.42,1137.41,1137.42,0.0,10.2,11656.58,1
2024-02-15,2024-02-15 12:19:00,1137.42,1137.43,1137.42,1137.43,0.0,10.2,11656.58,1
2024-02-15,2024-02-15 12:20:00,1137.43,1137.44,1137.43,1137.44,0.0,10.2,11656.58,1
2024-02-15,2024-02-15 12:21:00,1137.44,1137.45,1137.44,1137.45,0.0,10.2,11656.58,1
2024-02-15,2024-02-15 12:22:00,1137.45,1137.46,1137.45,1137.46,0.0,10.2,11656.58,1
2024-02-15,2024-02-15 12:23:00,1137.46,1137.47,1137.46,1137.47,0.0,10.2,11656.58,1
2024-02-15,2024-02-15 12:24:00,1137.47,1137.48,1137.47,1137.48,0.0,10.2,11656.58,1
2024-02-15,2024-02-15 12:25:00,1137.48,1137.49,1137.48,1137.49,0.0,10.2,11656.58,1
2024-02-15,2024-02-15 12:26:00,1137.49,1137.5,1137.49,1137.5,0.0,10.2,11656.58,1
2024-02-15,2024-02-15 12:27:00,1137.5,1137.51,1137.5,1137.51,0.0,10.2,11656.58,1
2024-02-15,2024-02-15 12:28:00,1137.51,1137.52,1137.51,1137.52,0.0,10.2,11656.58,1
2024-02-15,2024-02-15 12:29:00,1137.52,1137.53,1137.52,1137.53,0.0,10.2,11656.58,1
2024-02-15,2024-02-15 12:30:00,1137.53,1137.53,1137.53,1137.53,0.0,10.2,11656.58,0
2024-02-15,2024-02-15 12:31:00,1137.53,1137.54,1137.53,1137.54,0.0,10.2,11656.58,1
2024-02-15,2024-02-15 12:32:00,1137.54,1137.55,1137.54,1137.55,0.0,10.2,11656.58,1
2024-02-15,2024-02-15 12:33:00,1137.55,1137.56,1137.55,1137.56,0.0,10.2,11656.58,1
2024-02-15,2024-02-15 12:34:00,1137.56,1137.57,1137.56,1137.57,0.0,10.2,11656.58,1
2024-02-15,2024-02-15 12:35:00,1137.57,1137.58,1137.57,1137.58,0.0,10.2,11656.58,1
2024-02-15,2024-02-15 12:36:00,1137.58,1137.59,1137.58,1137.59,0.0,10.2,11656.58,1
2024-02-15,2024-02-15 12:37:00,1137.59,1137.6,1137.59,1137.6,0.0,10.2,11656.58,1
2024-02-15,2024-02-15 12:38:00,1137.6,1137.61,1137.6,1137.61,0.0,10.2,11656.58,1
2024-02-15,2024-02-15 12:39:00,1137.61,1137.62,1137.61,1137.62,0.0,10.2,11656.58,1
2024-02-15,2024-02-15 12:40:00,1137.62,1137.63,1137.62,1137.63,0.0,10.2,11656.58,1
2024-02-15,2024-02-15 12:41:00,1137.63,1137.63,1137.63,1137.63,0.0,10.2,11656.58,0
2024-02-15,2024-02-15 12:42:00,1137.63,1137.64,1137.63,1137.64,0.0,10.2,11656.58,1
2024-02-15,2024-02-15 12:43:00,1137.64,1137.65,1137.64,1137.65,0.0,10.2,11656.58,1
2024-02-15,2024-02-15 12:44:00,1137.65,1137.66,1137.65,1137.66,0.0,10.2,11656.58,1
2024-02-15,2024-02-15 12:45:00,1137.66,1137.67,1137.66,1137.67,0.0,10.2,11656.58,1
2024-02-15,2024-02-15 12:46:00,1137.67,1137.68,1137.67,1137.68,0.0,10.2,11656.58,1
2024-02-15,2024-02-15 12:47:00,1137.68,1137.69,1137.68,1137.69,0.0,10.2,11656.58,1
2024-02-15,2024-02-15 12:48:00,1137.69,1137.7,1137.69,1137.7,0.0,10.2,11656.58,1
2024-02-15,2024-02-15 12:49:00,1137.7,1137.71,1137.7,1137.71,0.0,10.2,11656.58,1
2024-02-15,2024-02-15 12:50:00,1137.71,1137.72,1137.71,1137.72,0.0,10.2,11656.58,1
2024-02-15,2024-02-15 12:51:00,1137.72,1137.73,1137.72,1137.73,0.0,10.2,11656.58,1
2024-02-15,2024-02-15 12:52:00,1137.73,1137.74,1137.73,1137.74,0.0,10.2,11656.58,1
2024-02-15,2024-02-15 12:53:00,1137.74,1137.75,1137.74,1137.75,0.0,10.2,11656.58,1
2024-02-15,2024-02-15 12:54:00,1137.75,1137.75,1137.75,1137.75,0.0,10.2,11656.58,0
2024-02-15,2024-02-15 12:55:00,1137.75,1137.76,1137.75,1137.76,0.0,10.2,11656.58,1
2024-02-15,2024-02-15 12:56:00,1137.76,1137.77,1137.76,1137.77,0.0,10.2,11656.58,1
2024-02-15,2024-02-15 12:57:00,1137.77,1137.78,1137.77,1137.78,0.0,10.2,11656.58,1
2024-02-15,2024-02-15 12:58:00,1137.78,1137.79,1137.78,1137.79,0.0,10.2,11656.58,1
2024-02-15,2024-02-15 12:59:00,1137.79,1137.8,1137.79,1137.8,0.0,10.2,11656.58,1
2024-02-15,2024-02-15 13:00:00,1137.8,1159.4,1130.0,1137.81,0.0,10.2,11656.58,1
2024-02-15,2024-02-15 13:01:00,1137.81,1137.82,1137.81,1137.82,0.0,10.2,11656.58,1
2024-02-15,2024-02-15 13:02:00,1137.82,1137.83,1137.82,1137.83,0.0,10.2,11656.58,1
2024-02-15,2024-02-15 13:03:00,1137.83,1137.84,1137.83,1137.84,0.0,10.2,11656.58,1
2024-02-15,2024-02-15 13:04:00,1137.84,1137.85,1137.84,1137.85,0.0,10.2,11656.58,1
2024-02-15,2024-02-15 13:05:00,1137.85,1137.86,1137.85,1137.86,0.0,10.2,11656.58,1
2024-02-15,2024-02-15 13:06:00,1137.86,1137.86,1137.86,1137.86,0.0,10.2,11656.58,0
2024-02-15,2024-02-15 13:07:00,1137.86,1137.87,1137.86,1137.87,0.0,10.2,11656.58,1
2024-02-15,2024-02-15 13:08:00,1137.87,1137.88,1137.87,1137.88,0.0,10.2,11656.58,1
2024-02-15,2024-02-15 13:09:00,1137.88,1137.89,1137.88,1137.89,0.0,10.2,11656.58,1
2024-02-15,2024-02-15 13:10:00,1137.89,1137.9,1137.89,1137.9,0.0,10.2,11656.58,1
2024-02-15,2024-02-15 13:11:00,1137.9,1137.91,1137.9,1137.91,0.0,10.2,11656.58,1
2024-02-15,2024-02-15 13:12:00,1137.91,1137.92,1137.91,1137.92,0.0,10.2,11656.58,1
2024-02-15,2024-02-15 13:13:00,1137.92,1137.93,1137.92,1137.93,0.0,10.2,11656.58,1
2024-02-15,2024-02-15 13:14:00,1137.93,1137.94,1137.93,1137.94,0.0,10.2,11656.58,1
2024-02-15,2024-02-15 13:15:00,1137.94,1137.95,1137.94,1137.95,0.0,10.2,11656.58,1
2024-02-15,2024-02-15 13:16:00,1137.95,1137.96,1137.95,1137.96,0.0,10.2,11656.58,1
2024-02-15,2024-02-15 13:17:00,1137.96,1137.97,1137.96,1137.97,0.0,10.2,11656.58,1
2024-02-15,2024-02-15 13:18:00,1137.97,1137.97,1137.97,1137.97,0.0,10.2,11656.58,0
2024-02-15,2024-02-15 13:19:00,1137.97,1137.98,1137.97,1137.98,0.0,10.2,11656.58,1
2024-02-15,2024-02-15 13:20:00,1137.98,1137.99,1137.98,1137.99,0.0,10.2,11656.58,1
2024-02-15,2024-02-15 13:21:00,1137.99,1138.0,1137.99,1138.0,0.0,10.2,11656.58,1
2024-02-15,2024-02-15 13:22:00,1138.0,1138.01,1138.0,1138.01,0.0,10.2,11656.58,1
2024-02-15,2024-02-15 13:23:00,1138.01,1138.02,1138.01,1138.02,0.0,10.2,11656.58,1
2024-02-15,2024-02-15 13:24:00,1138.02,1138.03,1138.02,1138.03,0.0,10.2,11656.58,1
2024-02-15,2024-02-15 13:25:00,1138.03,1138.04,1138.03,1138.04,0.0,10.2,11656.58,1
2024-02-15,2024-02-15 13:26:00,1138.04,1138.05,1138.04,1138.05,0.0,10.2,11656.58,1
2024-02-15,2024-02-15 13:27:00,1138.05,1138.06,1138.05,1138.06,0.0,10.2,11656.58,1
2024-02-15,2024-02-15 13:28:00,1138.06,1138.07,1138.06,1138.07,0.0,10.2,11656.58,1
2024-02-15,2024-02-15 13:29:00,1138.07,1138.08,1138.07,1138.08,0.0,10.2,11656.58,1
2024-02-15,2024-02-15 13:30:00,1138.08,1138.08,1138.08,1138.08,0.0,10.2,11656.58,0
2024-02-15,2024-02-15 13:31:00,1138.08,1138.09,1138.08,1138.09,0.0,10.2,11656.58,1
2024-02-15,2024-02-15 13:32:00,1138.09,1138.1,1138.09,1138.1,0.0,10.2,11656.58,1
2024-02-15,2024-02-15 13:33:00,1138.1,1138.11,1138.1,1138.11,0.0,10.2,11656.58,1
2024-02-15,2024-02-15 13:34:00,1138.11,1138.12,1138.11,1138.12,0.0,10.2,11656.58,1
2024-02-15,2024-02-15 13:35:00,1138.12,1138.13,1138.12,1138.13,0.0,10.2,11656.58,1
2024-02-15,2024-02-15 13:36:00,1138.13,1138.14,1138.13,1138.14,0.0,10.2,11656.58,1
2024-02-15,2024-02-15 13:37:00,1138.14,1138.15,1138.14,1138.15,0.0,10.2,11656.58,1
2024-02-15,2024-02-15 13:38:00,1138.15,1138.16,1138.15,1138.16,0.0,10.2,11656.58,1
2024-02-15,2024-02-15 13:39:00,1138.16,1138.17,1138.16,1138.17,0.0,10.2,11656.58,1
2024-02-15,2024-02-15 13:40:00,1138.17,1138.18,1138.17,1138.18,0.0,10.2,11656.58,1
2024-02-15,2024-02-15 13:41:00,1138.18,1138.19,1138.18,1138.19,0.0,10.2,11656.58,1
2024-02-15,2024-02-15 13:42:00,1138.19,1138.19,1138.19,1138.19,0.0,10.2,11656.58,0
2024-02-15,2024-02-15 13:43:00,1138.19,1138.2,1138.19,1138.2,0.0,10.2,11656.58,1
2024-02-15,2024-02-15 13:44:00,1138.2,1138.21,1138.2,1138.21,0.0,10.2,11656.58,1
2024-02-15,2024-02-15 13:45:00,1138.21,1138.22,1138.21,1138.22,0.0,10.2,11656.58,1
2024-02-15,2024-02-15 13:46:00,1138.22,1138.23,1138.22,1138.23,0.0,10.2,11656.58,1
2024-02-15,2024-02-15 13:47:00,1138.23,1138.24,1138.23,1138.24,0.0,10.2,11656.58,1
2024-02-15,2024-02-15 13:48:00,1138.24,1138.25,1138.24,1138.25,0.0,10.2,11656.58,1
2024-02-15,2024-02-15 13:49:00,1138.25,1138.26,1138.25,1138.26,0.0,10.2,11656.58,1
2024-02-15,2024-02-15 13:50:00,1138.26,1138.27,1138.26,1138.27,0.0,10.2,11656.58,1
2024-02-15,2024-02-15 13:51:00,1138.27,1138.28,1138.27,1138.28,0.0,10.2,11656.58,1
2024-02-15,2024-02-15 13:52:00,1138.28,1138.29,1138.28,1138.29,0.0,10.2,11656.58,1
2024-02-15,2024-02-15 13:53:00,1138.29,1138.3,1138.29,1138.3,0.0,10.2,11656.58,1
2024-02-15,2024-02-15 13:54:00,1138.3,1138.3,1138.3,1138.3,0.0,10.2,11656.58,0
2024-02-15,2024-02-15 13:55:00,1138.3,1138.31,1138.3,1138.31,0.0,10.2,11656.58,1
2024-02-15,2024-02-15 13:56:00,1138.31,1138.32,1138.31,1138.32,0.0,10.2,11656.58,1
2024-02-15,2024-02-15 13:57:00,1138.32,1138.33,1138.32,1138.33,0.0,10.2,11656.58,1
2024-02-15,2024-02-15 13:58:00,1138.33,1138.34,1138.33,1138.34,0.0,10.2,11656.58,1
2024-02-15,2024-02-15 13:59:00,1138.34,1138.35,1138.34,1138.35,0.0,10.2,11656.58,1
2024-02-15,2024-02-15 14:00:00,1138.35,1138.36,1138.35,1138.36,0.0,10.2,11656.58,1
2024-02-15,2024-02-15 14:01:00,1138.36,1138.37,1138.36,1138.37,0.0,10.2,11656.58,1
2024-02-15,2024-02-15 14:02:00,1138.37,1138.38,1138.37,1138.38,0.0,10.2,11656.58,1
2024-02-15,2024-02-15 14:03:00,1138.38,1138.39,1138.38,1138.39,0.0,10.2,11656.58,1
2024-02-15,2024-02-15 14:04:00,1138.39,1138.4,1138.39,1138.4,0.0,10.2,11656.58,1
2024-02-15,2024-02-15 14:05:00,1138.4,1138.4,1138.4,1138.4,0.0,10.2,11656.58,0
2024-02-15,2024-02-15 14:06:00,1138.4,1138.41,1138.4,1138.41,0.0,10.2,11656.58,1
2024-02-15,2024-02-15 14:07:00,1138.41,1138.42,1138.41,1138.42,0.0,10.2,11656.58,1
2024-02-15,2024-02-15 14:08:00,1138.42,1138.43,1138.42,1138.43,0.0,10.2,11656.58,1
2024-02-15,2024-02-15 14:09:00,1138.43,1138.44,1138.43,1138.44,0.0,10.2,11656.58,1
2024-02-15,2024-02-15 14:10:00,1138.44,1138.45,1138.44,1138.45,0.0,10.2,11656.58,1
2024-02-15,2024-02-15 14:11:00,1138.45,1138.46,1138.45,1138.46,0.0,10.2,11656.58,1
2024-02-15,2024-02-15 14:12:00,1138.46,1138.47,1138.46,1138.47,0.0,10.2,11656.58,1
2024-02-15,2024-02-15 14:13:00,1138.47,1138.48,1138.47,1138.48,0.0,10.2,11656.58,1
2024-02-15,2024-02-15 14:14:00,1138.48,1138.49,1138.48,1138.49,0.0,10.2,11656.58,1
2024-02-15,2024-02-15 14:15:00,1138.49,1138.5,1138.49,1138.5,0.0,10.2,11656.58,1
2024-02-15,2024-02-15 14:16:00,1138.5,1138.51,1138.5,1138.51,0.0,10.2,11656.58,1
2024-02-15,2024-02-15 14:17:00,1138.51,1138.52,1138.51,1138.52,0.0,10.2,11656.58,1
2024-02-15,2024-02-15 14:18:00,1138.52,1138.52,1138.52,1138.52,0.0,10.2,11656.58,0
2024-02-15,2024-02-15 14:19:00,1138.52,1138.53,1138.52,1138.53,0.0,10.2,11656.58,1
2024-02-15,2024-02-15 14:20:00,1138.53,1138.54,1138.53,1138.54,0.0,10.2,11656.58,1
2024-02-15,2024-02-15 14:21:00,1138.54,1138.55,1138.54,1138.55,0.0,10.2,11656.58,1
2024-02-15,2024-02-15 14:22:00,1138.55,1138.56,1138.55,1138.56,0.0,10.2,11656.58,1
2024-02-15,2024-02-15 14:23:00,1138.56,1138.57,1138.56,1138.57,0.0,10.2,11656.58,1
2024-02-15,2024-02-15 14:24:00,1138.57,1138.58,1138.57,1138.58,0.0,10.2,11656.58,1
2024-02-15,2024-02-15 14:25:00,1138.58,1138.59,1138.58,1138.59,0.0,10.2,11656.58,1
2024-02-15,2024-02-15 14:26:00,1138.59,1138.6,1138.59,1138.6,0.0,10.2,11656.58,1
2024-02-15,2024-02-15 14:27:00,1138.6,1138.61,1138.6,1138.61,0.0,10.2,11656.58,1
2024-02-15,2024-02-15 14:28:00,1138.61,1138.62,1138.61,1138.62,0.0,10.2,11656.58,1
2024-02-15,2024-02-15 14:29:00,1138.62,1138.62,1138.62,1138.62,0.0,10.2,11656.58,0
2024-02-15,2024-02-15 14:30:00,1138.62,1138.63,1138.62,1138.63,0.0,10.2,11656.58,1
2024-02-15,2024-02-15 14:31:00,1138.63,1138.64,1138.63,1138.64,0.0,10.2,11656.58,1
2024-02-15,2024-02-15 14:32:00,1138.64,1138.65,1138.64,1138.65,0.0,10.2,11656.58,1
2024-02-15,2024-02-15 14:33:00,1138.65,1138.66,1138.65,1138.66,0.0,10.2,11656.58,1
2024-02-15,2024-02-15 14:34:00,1138.66,1138.67,1138.66,1138.67,0.0,10.2,11656.58,1
2024-02-15,2024-02-15 14:35:00,1138.67,1138.68,1138.67,1138.68,0.0,10.2,11656.58,1
2024-02-15,2024-02-15 14:36:00,1138.68,1138.69,1138.68,1138.69,0.0,10.2,11656.58,1
2024-02-15,2024-02-15 14:37:00,1138.69,1138.7,1138.69,1138.7,0.0,10.2,11656.58,1
2024-02-15,2024-02-15 14:38:00,1138.7,1138.71,1138.7,1138.71,0.0,10.2,11656.58,1
2024-02-15,2024-02-15 14:39:00,1138.71,1138.72,1138.71,1138.72,0.0,10.2,11656.58,1
2024-02-15,2024-02-15 14:40:00,1138.72,1138.73,1138.72,1138.73,0.0,10.2,11656.58,1
2024-02-15,2024-02-15 14:41:00,1138.73,1138.74,1138.73,1138.74,0.0,10.2,11656.58,1
2024-02-15,2024-02-15 14:42:00,1138.74,1138.74,1138.74,1138.74,0.0,10.2,11656.58,0
2024-02-15,2024-02-15 14:43:00,1138.74,1138.75,1138.74,1138.75,0.0,10.2,11656.58,1
2024-02-15,2024-02-15 14:44:00,1138.75,1138.76,1138.75,1138.76,0.0,10.2,11656.58,1
2024-02-15,2024-02-15 14:45:00,1138.76,1138.77,1138.76,1138.77,0.0,10.2,11656.58,1
2024-02-15,2024-02-15 14:46:00,1138.77,1138.78,1138.77,1138.78,0.0,10.2,11656.58,1
2024-02-15,2024-02-15 14:47:00,1138.78,1138.79,1138.78,1138.79,0.0,10.2,11656.58,1
2024-02-15,2024-02-15 14:48:00,1138.79,1138.8,1138.79,1138.8,0.0,10.2,11656.58,1
2024-02-15,2024-02-15 14:49:00,1138.8,1138.81,1138.8,1138.81,0.0,10.2,11656.58,1
2024-02-15,2024-02-15 14:50:00,1138.81,1138.82,1138.81,1138.82,0.0,10.2,11656.58,1
2024-02-15,2024-02-15 14:51:00,1138.82,1138.83,1138.82,1138.83,0.0,10.2,11656.58,1
2024-02-15,2024-02-15 14:52:00,1138.83,1138.84,1138.83,1138.84,0.0,10.2,11656.58,1
2024-02-15,2024-02-15 14:53:00,1138.84,1138.85,1138.84,1138.85,0.0,10.2,11656.58,1
2024-02-15,2024-02-15 14:54:00,1138.85,1138.85,1138.85,1138.85,0.0,10.2,11656.58,0
2024-02-15,2024-02-15 14:55:00,1138.85,1138.86,1138.85,1138.86,0.0,10.2,11656.58,1
2024-02-15,2024-02-15 14:56:00,1138.86,1138.87,1138.86,1138.87,0.0,10.2,11656.58,1
2024-02-15,2024-02-15 14:57:00,1138.87,1138.88,1138.87,1138.88,0.0,10.2,11656.58,1
2024-02-15,2024-02-15 14:58:00,1138.88,1138.89,1138.88,1138.89,0.0,10.2,11656.58,1
2024-02-15,2024-02-15 14:59:00,1138.89,1138.9,1138.89,1138.9,0.0,10.2,11656.58,1
2024-02-15,2024-02-15 15:00:00,1138.9,1159.4,1130.0,1138.9,0.0,10.2,11656.58,0
2024-02-18,2024-02-18 11:00:00,1121.0,1123.7,1118.0,1121.0,0.0,9.85,10998.22,0
2024-02-18,2024-02-18 11:01:00,1121.0,1121.01,1121.0,1121.01,0.0,9.85,10998.22,1
2024-02-18,2024-02-18 11:02:00,1121.01,1121.01,1121.01,1121.01,0.0,9.85,10998.22,0
2024-02-18,2024-02-18 11:03:00,1121.01,1121.02,1121.01,1121.02,0.0,9.85,10998.22,1
2024-02-18,2024-02-18 11:04:00,1121.02,1121.02,1121.02,1121.02,0.0,9.85,10998.22,0
2024-02-18,2024-02-18 11:05:00,1121.02,1121.03,1121.02,1121.03,0.0,9.85,10998.22,1
2024-02-18,2024-02-18 11:06:00,1121.03,1121.03,1121.03,1121.03,0.0,9.85,10998.22,0
2024-02-18,2024-02-18 11:07:00,1121.03,1121.03,1121.03,1121.03,0.0,9.85,10998.22,0
2024-02-18,2024-02-18 11:08:00,1121.03,1121.04,1121.03,1121.04,0.0,9.85,10998.22,1
2024-02-18,2024-02-18 11:09:00,1121.04,1121.04,1121.04,1121.04,0.0,9.85,10998.22,0
2024-02-18,2024-02-18 11:10:00,1121.04,1121.05,1121.04,1121.05,0.0,9.85,10998.22,1
2024-02-18,2024-02-18 11:11:00,1121.05,1121.05,1121.05,1121.05,0.0,9.85,10998.22,0
2024-02-18,2024-02-18 11:12:00,1121.05,1121.05,1121.05,1121.05,0.0,9.85,10998.22,0
2024-02-18,2024-02-18 11:13:00,1121.05,1121.06,1121.05,1121.06,0.0,9.85,10998.22,1
2024-02-18,2024-02-18 11:14:00,1121.06,1121.06,1121.06,1121.06,0.0,9.85,10998.22,0
2024-02-18,2024-02-18 11:15:00,1121.06,1121.07,1121.06,1121.07,0.0,9.85,10998.22,1
2024-02-18,2024-02-18 11:16:00,1121.07,1121.07,1121.07,1121.07,0.0,9.85,10998.22,0
2024-02-18,2024-02-18 11:17:00,1121.07,1121.08,1121.07,1121.08,0.0,9.85,10998.22,1
2024-02-18,2024-02-18 11:18:00,1121.08,1121.08,1121.08,1121.08,0.0,9.85,10998.22,0
2024-02-18,2024-02-18 11:19:00,1121.08,1121.08,1121.08,1121.08,0.0,9.85,10998.22,0
2024-02-18,2024-02-18 11:20:00,1121.08,1121.09,1121.08,1121.09,0.0,9.85,10998.22,1
2024-02-18,2024-02-18 11:21:00,1121.09,1121.09,1121.09,1121.09,0.0,9.85,10998.22,0
2024-02-18,2024-02-18 11:22:00,1121.09,1121.1,1121.09,1121.1,0.0,9.85,10998.22,1
2024-02-18,2024-02-18 11:23:00,1121.1,1121.1,1121.1,1121.1,0.0,9.85,10998.22,0
2024-02-18,2024-02-18 11:24:00,1121.1,1121.1,1121.1,1121.1,0.0,9.85,10998.22,0
2024-02-18,2024-02-18 11:25:00,1121.1,1121.11,1121.1,1121.11,0.0,9.85,10998.22,1
2024-02-18,2024-02-18 11:26:00,1121.11,1121.11,1121.11,1121.11,0.0,9.85,10998.22,0
2024-02-18,2024-02-18 11:27:00,1121.11,1121.12,1121.11,1121.12,0.0,9.85,10998.22,1
2024-02-18,2024-02-18 11:28:00,1121.12,1121.12,1121.12,1121.12,0.0,9.85,10998.22,0
2024-02-18,2024-02-18 11:29:00,1121.12,1121.12,1121.12,1121.12,0.0,9.85,10998.22,0
2024-02-18,2024-02-18 11:30:00,1121.12,1121.13,1121.12,1121.13,0.0,9.85,10998.22,1
2024-02-18,2024-02-18 11:31:00,1121.13,1121.13,1121.13,1121.13,0.0,9.85,10998.22,0
2024-02-18,2024-02-18 11:32:00,1121.13,1121.14,1121.13,1121.14,0.0,9.85,10998.22,1
2024-02-18,2024-02-18 11:33:00,1121.14,1121.14,1121.14,1121.14,0.0,9.85,10998.22,0
2024-02-18,2024-02-18 11:34:00,1121.14,1121.15,1121.14,1121.15,0.0,9.85,10998.22,1
2024-02-18,2024-02-18 11:35:00,1121.15,1121.15,1121.15,1121.15,0.0,9.85,10998.22,0
2024-02-18,2024-02-18 11:36:00,1121.15,1121.15,1121.15,1121.15,0.0,9.85,10998.22,0
2024-02-18,2024-02-18 11:37:00,1121.15,1121.16,1121.15,1121.16,0.0,9.85,10998.22,1
2024-02-18,2024-02-18 11:38:00,1121.16,1121.16,1121.16,1121.16,0.0,9.85,10998.22,0
2024-02-18,2024-02-18 11:39:00,1121.16,1121.17,1121.16,1121.17,0.0,9.85,10998.22,1
2024-02-18,2024-02-18 11:40:00,1121.17,1121.17,1121.17,1121.17,0.0,9.85,10998.22,0
2024-02-18,2024-02-18 11:41:00,1121.17,1121.17,1121.17,1121.17,0.0,9.85,10998.22,0
2024-02-18,2024-02-18 11:42:00,1121.17,1121.18,1121.17,1121.18,0.0,9.85,10998.22,1
2024-02-18,2024-02-18 11:43:00,1121.18,1121.18,1121.18,1121.18,0.0,9.85,10998.22,0
2024-02-18,2024-02-18 11:44:00,1121.18,1121.19,1121.18,1121.19,0.0,9.85,10998.22,1
2024-02-18,2024-02-18 11:45:00,1121.19,1121.19,1121.19,1121.19,0.0,9.85,10998.22,0
2024-02-18,2024-02-18 11:46:00,1121.19,1121.2,1121.19,1121.2,0.0,9.85,10998.22,1
2024-02-18,2024-02-18 11:47:00,1121.2,1121.2,1121.2,1121.2,0.0,9.85,10998.22,0
2024-02-18,2024-02-18 11:48:00,1121.2,1121.2,1121.2,1121.2,0.0,9.85,10998.22,0
2024-02-18,2024-02-18 11:49:00,1121.2,1121.21,1121.2,1121.21,0.0,9.85,10998.22,1
2024-02-18,2024-02-18 11:50:00,1121.21,1121.21,1121.21,1121.21,0.0,9.85,10998.22,0
2024-02-18,2024-02-18 11:51:00,1121.21,1121.22,1121.21,1121.22,0.0,9.85,10998.22,1
2024-02-18,2024-02-18 11:52:00,1121.22,1121.22,1121.22,1121.22,0.0,9.85,10998.22,0
2024-02-18,2024-02-18 11:53:00,1121.22,1121.22,1121.22,1121.22,0.0,9.85,10998.22,0
2024-02-18,2024-02-18 11:54:00,1121.22,1121.23,1121.22,1121.23,0.0,9.85,10998.22,1
2024-02-18,2024-02-18 11:55:00,1121.23,1121.23,1121.23,1121.23,0.0,9.85,10998.22,0
2024-02-18,2024-02-18 11:56:00,1121.23,1121.24,1121.23,1121.24,0.0,9.85,10998.22,1
2024-02-18,2024-02-18 11:57:00,1121.24,1121.24,1121.24,1121.24,0.0,9.85,10998.22,0
2024-02-18,2024-02-18 11:58:00,1121.24,1121.25,1121.24,1121.25,0.0,9.85,10998.22,1
2024-02-18,2024-02-18 11:59:00,1121.25,1121.25,1121.25,1121.25,0.0,9.85,10998.22,0
2024-02-18,2024-02-18 12:00:00,1121.25,1121.25,1121.25,1121.25,0.0,9.85,10998.22,0
2024-02-18,2024-02-18 12:01:00,1121.25,1121.26,1121.25,1121.26,0.0,9.85,10998.22,1
2024-02-18,2024-02-18 12:02:00,1121.26,1121.26,1121.26,1121.26,0.0,9.85,10998.22,0
2024-02-18,2024-02-18 12:03:00,1121.26,1121.27,1121.26,1121.27,0.0,9.85,10998.22,1
2024-02-18,2024-02-18 12:04:00,1121.27,1121.27,1121.27,1121.27,0.0,9.85,10998.22,0
2024-02-18,2024-02-18 12:05:00,1121.27,1121.28,1121.27,1121.28,0.0,9.85,10998.22,1
2024-02-18,2024-02-18 12:06:00,1121.28,1121.28,1121.28,1121.28,0.0,9.85,10998.22,0
2024-02-18,2024-02-18 12:07:00,1121.28,1121.28,1121.28,1121.28,0.0,9.85,10998.22,0
2024-02-18,2024-02-18 12:08:00,1121.28,1121.29,1121.28,1121.29,0.0,9.85,10998.22,1
2024-02-18,2024-02-18 12:09:00,1121.29,1121.29,1121.29,1121.29,0.0,9.85,10998.22,0
2024-02-18,2024-02-18 12:10:00,1121.29,1121.3,1121.29,1121.3,0.0,9.85,10998.22,1
2024-02-18,2024-02-18 12:11:00,1121.3,1121.3,1121.3,1121.3,0.0,9.85,10998.22,0
2024-02-18,2024-02-18 12:12:00,1121.3,1121.3,1121.3,1121.3,0.0,9.85,10998.22,0
2024-02-18,2024-02-18 12:13:00,1121.3,1121.31,1121.3,1121.31,0.0,9.85,10998.22,1
2024-02-18,2024-02-18 12:14:00,1121.31,1121.31,1121.31,1121.31,0.0,9.85,10998.22,0
2024-02-18,2024-02-18 12:15:00,1121.31,1121.32,1121.31,1121.32,0.0,9.85,10998.22,1
2024-02-18,2024-02-18 12:16:00,1121.32,1121.32,1121.32,1121.32,0.0,9.85,10998.22,0
2024-02-18,2024-02-18 12:17:00,1121.32,1121.33,1121.32,1121.33,0.0,9.85,10998.22,1
2024-02-18,2024-02-18 12:18:00,1121.33,1121.33,1121.33,1121.33,0.0,9.85,10998.22,0
2024-02-18,2024-02-18 12:19:00,1121.33,1121.33,1121.33,1121.33,0.0,9.85,10998.22,0
2024-02-18,2024-02-18 12:20:00,1121.33,1121.34,1121.33,1121.34,0.0,9.85,10998.22,1
2024-02-18,2024-02-18 12:21:00,1121.34,1121.34,1121.34,1121.34,0.0,9.85,10998.22,0
2024-02-18,2024-02-18 12:22:00,1121.34,1121.35,1121.34,1121.35,0.0,9.85,10998.22,1
2024-02-18,2024-02-18 12:23:00,1121.35,1121.35,1121.35,1121.35,0.0,9.85,10998.22,0
2024-02-18,2024-02-18 12:24:00,1121.35,1121.35,1121.35,1121.35,0.0,9.85,10998.22,0
2024-02-18,2024-02-18 12:25:00,1121.35,1121.36,1121.35,1121.36,0.0,9.85,10998.22,1
2024-02-18,2024-02-18 12:26:00,1121.36,1121.36,1121.36,1121.36,0.0,9.85,10998.22,0
2024-02-18,2024-02-18 12:27:00,1121.36,1121.37,1121.36,1121.37,0.0,9.85,10998.22,1
2024-02-18,2024-02-18 12:28:00,1121.37,1121.37,1121.37,1121.37,0.0,9.85,10998.22,0
2024-02-18,2024-02-18 12:29:00,1121.37,1121.38,1121.37,1121.38,0.0,9.85,10998.22,1
2024-02-18,2024-02-18 12:30:00,1121.38,1121.38,1121.38,1121.38,0.0,9.85,10998.22,0
2024-02-18,2024-02-18 12:31:00,1121.38,1121.38,1121.38,1121.38,0.0,9.85,10998.22,0
2024-02-18,2024-02-18 12:32:00,1121.38,1121.39,1121.38,1121.39,0.0,9.85,10998.22,1
2024-02-18,2024-02-18 12:33:00,1121.39,1121.39,1121.39,1121.39,0.0,9.85,10998.22,0
2024-02-18,2024-02-18 12:34:00,1121.39,1121.4,1121.39,1121.4,0.0,9.85,10998.22,1
2024-02-18,2024-02-18 12:35:00,1121.4,1121.4,1121.4,1121.4,0.0,9.85,10998.22,0
2024-02-18,2024-02-18 12:36:00,1121.4,1121.4,1121.4,1121.4,0.0,9.85,10998.22,0
2024-02-18,2024-02-18 12:37:00,1121.4,1121.41,1121.4,1121.41,0.0,9.85,10998.22,1
2024-02-18,2024-02-18 12:38:00,1121.41,1121.41,1121.41,1121.41,0.0,9.85,10998.22,0
2024-02-18,2024-02-18 12:39:00,1121.41,1121.42,1121.41,1121.42,0.0,9.85,10998.22,1
2024-02-18,2024-02-18 12:40:00,1121.42,1121.42,1121.42,1121.42,0.0,9.85,10998.22,0
2024-02-18,2024-02-18 12:41:00,1121.42,1121.42,1121.42,1121.42,0.0,9.85,10998.22,0
2024-02-18,2024-02-18 12:42:00,1121.42,1121.43,1121.42,1121.43,0.0,9.85,10998.22,1
2024-02-18,2024-02-18 12:43:00,1121.43,1121.43,1121.43,1121.43,0.0,9.85,10998.22,0
2024-02-18,2024-02-18 12:44:00,1121.43,1121.44,1121.43,1121.44,0.0,9.85,10998.22,1
2024-02-18,2024-02-18 12:45:00,1121.44,1121.44,1121.44,1121.44,0.0,9.85,10998.22,0
2024-02-18,2024-02-18 12:46:00,1121.44,1121.45,1121.44,1121.45,0.0,9.85,10998.22,1
2024-02-18,2024-02-18 12:47:00,1121.45,1121.45,1121.45,1121.45,0.0,9.85,10998.22,0
2024-02-18,2024-02-18 12:48:00,1121.45,1121.45,1121.45,1121.45,0.0,9.85,10998.22,0
2024-02-18,2024-02-18 12:49:00,1121.45,1121.46,1121.45,1121.46,0.0,9.85,10998.22,1
2024-02-18,2024-02-18 12:50:00,1121.46,1121.46,1121.46,1121.46,0.0,9.85,10998.22,0
2024-02-18,2024-02-18 12:51:00,1121.46,1121.47,1121.46,1121.47,0.0,9.85,10998.22,1
2024-02-18,2024-02-18 12:52:00,1121.47,1121.47,1121.47,1121.47,0.0,9.85,10998.22,0
2024-02-18,2024-02-18 12:53:00,1121.47,1121.47,1121.47,1121.47,0.0,9.85,10998.22,0
2024-02-18,2024-02-18 12:54:00,1121.47,1121.48,1121.47,1121.48,0.0,9.85,10998.22,1
2024-02-18,2024-02-18 12:55:00,1121.48,1121.48,1121.48,1121.48,0.0,9.85,10998.22,0
2024-02-18,2024-02-18 12:56:00,1121.48,1121.49,1121.48,1121.49,0.0,9.85,10998.22,1
2024-02-18,2024-02-18 12:57:00,1121.49,1121.49,1121.49,1121.49,0.0,9.85,10998.22,0
2024-02-18,2024-02-18 12:58:00,1121.49,1121.5,1121.49,1121.5,0.0,9.85,10998.22,1
2024-02-18,2024-02-18 12:59:00,1121.5,1121.5,1121.5,1121.5,0.0,9.85,10998.22,0
2024-02-18,2024-02-18 13:00:00,1121.5,1130.0,1111.0,1121.5,0.0,9.85,10998.22,0
2024-02-18,2024-02-18 13:01:00,1121.5,1121.51,1121.5,1121.51,0.0,9.85,10998.22,1
2024-02-18,2024-02-18 13:02:00,1121.51,1121.51,1121.51,1121.51,0.0,9.85,10998.22,0
2024-02-18,2024-02-18 13:03:00,1121.51,1121.52,1121.51,1121.52,0.0,9.85,10998.22,1
2024-02-18,2024-02-18 13:04:00,1121.52,1121.52,1121.52,1121.52,0.0,9.85,10998.22,0
2024-02-18,2024-02-18 13:05:00,1121.52,1121.53,1121.52,1121.53,0.0,9.85,10998.22,1
2024-02-18,2024-02-18 13:06:00,1121.53,1121.53,1121.53,1121.53,0.0,9.85,10998.22,0
2024-02-18,2024-02-18 13:07:00,1121.53,1121.53,1121.53,1121.53,0.0,9.85,10998.22,0
2024-02-18,2024-02-18 13:08:00,1121.53,1121.54,1121.53,1121.54,0.0,9.85,10998.22,1
2024-02-18,2024-02-18 13:09:00,1121.54,1121.54,1121.54,1121.54,0.0,9.85,10998.22,0
2024-02-18,2024-02-18 13:10:00,1121.54,1121.55,1121.54,1121.55,0.0,9.85,10998.22,1
2024-02-18,2024-02-18 13:11:00,1121.55,1121.55,1121.55,1121.55,0.0,9.85,10998.22,0
2024-02-18,2024-02-18 13:12:00,1121.55,1121.55,1121.55,1121.55,0.0,9.85,10998.22,0
2024-02-18,2024-02-18 13:13:00,1121.55,1121.56,1121.55,1121.56,0.0,9.85,10998.22,1
2024-02-18,2024-02-18 13:14:00,1121.56,1121.56,1121.56,1121.56,0.0,9.85,10998.22,0
2024-02-18,2024-02-18 13:15:00,1121.56,1121.57,1121.56,1121.57,0.0,9.85,10998.22,1
2024-02-18,2024-02-18 13:16:00,1121.57,1121.57,1121.57,1121.57,0.0,9.85,10998.22,0
2024-02-18,2024-02-18 13:17:00,1121.57,1121.58,1121.57,1121.58,0.0,9.85,10998.22,1
2024-02-18,2024-02-18 13:18:00,1121.58,1121.58,1121.58,1121.58,0.0,9.85,10998.22,0
2024-02-18,2024-02-18 13:19:00,1121.58,1121.58,1121.58,1121.58,0.0,9.85,10998.22,0
2024-02-18,2024-02-18 13:20:00,1121.58,1121.59,1121.58,1121.59,0.0,9.85,10998.22,1
2024-02-18,2024-02-18 13:21:00,1121.59,1121.59,1121.59,1121.59,0.0,9.85,10998.22,0
2024-02-18,2024-02-18 13:22:00,1121.59,1121.6,1121.59,1121.6,0.0,9.85,10998.22,1
2024-02-18,2024-02-18 13:23:00,1121.6,1121.6,1121.6,1121.6,0.0,9.85,10998.22,0
2024-02-18,2024-02-18 13:24:00,1121.6,1121.6,1121.6,1121.6,0.0,9.85,10998.22,0
2024-02-18,2024-02-18 13:25:00,1121.6,1121.61,1121.6,1121.61,0.0,9.85,10998.22,1
2024-02-18,2024-02-18 13:26:00,1121.61,1121.61,1121.61,1121.61,0.0,9.85,10998.22,0
2024-02-18,2024-02-18 13:27:00,1121.61,1121.62,1121.61,1121.62,0.0,9.85,10998.22,1
2024-02-18,2024-02-18 13:28:00,1121.62,1121.62,1121.62,1121.62,0.0,9.85,10998.22,0
2024-02-18,2024-02-18 13:29:00,1121.62,1121.62,1121.62,1121.62,0.0,9.85,10998.22,0
2024-02-18,2024-02-18 13:30:00,1121.62,1121.63,1121.62,1121.63,0.0,9.85,10998.22,1
2024-02-18,2024-02-18 13:31:00,1121.63,1121.63,1121.63,1121.63,0.0,9.85,10998.22,0
2024-02-18,2024-02-18 13:32:00,1121.63,1121.64,1121.63,1121.64,0.0,9.85,10998.22,1
2024-02-18,2024-02-18 13:33:00,1121.64,1121.64,1121.64,1121.64,0.0,9.85,10998.22,0
2024-02-18,2024-02-18 13:34:00,1121.64,1121.65,1121.64,1121.65,0.0,9.85,10998.22,1
2024-02-18,2024-02-18 13:35:00,1121.65,1121.65,1121.65,1121.65,0.0,9.85,10998.22,0
2024-02-18,2024-02-18 13:36:00,1121.65,1121.65,1121.65,1121.65,0.0,9.85,10998.22,0
2024-02-18,2024-02-18 13:37:00,1121.65,1121.66,1121.65,1121.66,0.0,9.85,10998.22,1
2024-02-18,2024-02-18 13:38:00,1121.66,1121.66,1121.66,1121.66,0.0,9.85,10998.22,0
2024-02-18,2024-02-18 13:39:00,1121.66,1121.67,1121.66,1121.67,0.0,9.85,10998.22,1
2024-02-18,2024-02-18 13:40:00,1121.67,1121.67,1121.67,1121.67,0.0,9.85,10998.22,0
2024-02-18,2024-02-18 13:41:00,1121.67,1121.67,1121.67,1121.67,0.0,9.85,10998.22,0
2024-02-18,2024-02-18 13:42:00,1121.67,1121.68,1121.67,1121.68,0.0,9.85,10998.22,1
2024-02-18,2024-02-18 13:43:00,1121.68,1121.68,1121.68,1121.68,0.0,9.85,10998.22,0
2024-02-18,2024-02-18 13:44:00,1121.68,1121.69,1121.68,1121.69,0.0,9.85,10998.22,1
2024-02-18,2024-02-18 13:45:00,1121.69,1121.69,1121.69,1121.69,0.0,9.85,10998.22,0
2024-02-18,2024-02-18 13:46:00,1121.69,1121.7,1121.69,1121.7,0.0,9.85,10998.22,1
2024-02-18,2024-02-18 13:47:00,1121.7,1121.7,1121.7,1121.7,0.0,9.85,10998.22,0
2024-02-18,2024-02-18 13:48:00,1121.7,1121.7,1121.7,1121.7,0.0,9.85,10998.22,0
2024-02-18,2024-02-18 13:49:00,1121.7,1121.71,1121.7,1121.71,0.0,9.85,10998.22,1
2024-02-18,2024-02-18 13:50:00,1121.71,1121.71,1121.71,1121.71,0.0,9.85,10998.22,0
2024-02-18,2024-02-18 13:51:00,1121.71,1121.72,1121.71,1121.72,0.0,9.85,10998.22,1
2024-02-18,2024-02-18 13:52:00,1121.72,1121.72,1121.72,1121.72,0.0,9.85,10998.22,0
2024-02-18,2024-02-18 13:53:00,1121.72,1121.72,1121.72,1121.72,0.0,9.85,10998.22,0
2024-02-18,2024-02-18 13:54:00,1121.72,1121.73,1121.72,1121.73,0.0,9.85,10998.22,1
2024-02-18,2024-02-18 13:55:00,1121.73,1121.73,1121.73,1121.73,0.0,9.85,10998.22,0
2024-02-18,2024-02-18 13:56:00,1121.73,1121.74,1121.73,1121.74,0.0,9.85,10998.22,1
2024-02-18,2024-02-18 13:57:00,1121.74,1121.74,1121.74,1121.74,0.0,9.85,10998.22,0
2024-02-18,2024-02-18 13:58:00,1121.74,1121.75,1121.74,1121.75,0.0,9.85,10998.22,1
2024-02-18,2024-02-18 13:59:00,1121.75,1121.75,1121.75,1121.75,0.0,9.85,10998.22,0
2024-02-18,2024-02-18 14:00:00,1121.75,1121.75,1121.75,1121.75,0.0,9.85,10998.22,0
2024-02-18,2024-02-18 14:01:00,1121.75,1121.76,1121.75,1121.76,0.0,9.85,10998.22,1
2024-02-18,2024-02-18 14:02:00,1121.76,1121.76,1121.76,1121.76,0.0,9.85,10998.22,0
2024-02-18,2024-02-18 14:03:00,1121.76,1121.77,1121.76,1121.77,0.0,9.85,10998.22,1
2024-02-18,2024-02-18 14:04:00,1121.77,1121.77,1121.77,1121.77,0.0,9.85,10998.22,0
2024-02-18,2024-02-18 14:05:00,1121.77,1121.78,1121.77,1121.78,0.0,9.85,10998.22,1
2024-02-18,2024-02-18 14:06:00,1121.78,1121.78,1121.78,1121.78,0.0,9.85,10998.22,0
2024-02-18,2024-02-18 14:07:00,1121.78,1121.78,1121.78,1121.78,0.0,9.85,10998.22,0
2024-02-18,2024-02-18 14:08:00,1121.78,1121.79,1121.78,1121.79,0.0,9.85,10998.22,1
2024-02-18,2024-02-18 14:09:00,1121.79,1121.79,1121.79,1121.79,0.0,9.85,10998.22,0
2024-02-18,2024-02-18 14:10:00,1121.79,1121.8,1121.79,1121.8,0.0,9.85,10998.22,1
2024-02-18,2024-02-18 14:11:00,1121.8,1121.8,1121.8,1121.8,0.0,9.85,10998.22,0
2024-02-18,2024-02-18 14:12:00,1121.8,1121.8,1121.8,1121.8,0.0,9.85,10998.22,0
2024-02-18,2024-02-18 14:13:00,1121.8,1121.81,1121.8,1121.81,0.0,9.85,10998.22,1
2024-02-18,2024-02-18 14:14:00,1121.81,1121.81,1121.81,1121.81,0.0,9.85,10998.22,0
2024-02-18,2024-02-18 14:15:00,1121.81,1121.82,1121.81,1121.82,0.0,9.85,10998.22,1
2024-02-18,2024-02-18 14:16:00,1121.82,1121.82,1121.82,1121.82,0.0,9.85,10998.22,0
2024-02-18,2024-02-18 14:17:00,1121.82,1121.83,1121.82,1121.83,0.0,9.85,10998.22,1
2024-02-18,2024-02-18 14:18:00,1121.83,1121.83,1121.83,1121.83,0.0,9.85,10998.22,0
2024-02-18,2024-02-18 14:19:00,1121.83,1121.83,1121.83,1121.83,0.0,9.85,10998.22,0
2024-02-18,2024-02-18 14:20:00,1121.83,1121.84,1121.83,1121.84,0.0,9.85,10998.22,1
2024-02-18,2024-02-18 14:21:00,1121.84,1121.84,1121.84,1121.84,0.0,9.85,10998.22,0
2024-02-18,2024-02-18 14:22:00,1121.84,1121.85,1121.84,1121.85,0.0,9.85,10998.22,1
2024-02-18,2024-02-18 14:23:00,1121.85,1121.85,1121.85,1121.85,0.0,9.85,10998.22,0
2024-02-18,2024-02-18 14:24:00,1121.85,1121.85,1121.85,1121.85,0.0,9.85,10998.22,0
2024-02-18,2024-02-18 14:25:00,1121.85,1121.86,1121.85,1121.86,0.0,9.85,10998.22,1
2024-02-18,2024-02-18 14:26:00,1121.86,1121.86,1121.86,1121.86,0.0,9.85,10998.22,0
2024-02-18,2024-02-18 14:27:00,1121.86,1121.87,1121.86,1121.87,0.0,9.85,10998.22,1
2024-02-18,2024-02-18 14:28:00,1121.87,1121.87,1121.87,1121.87,0.0,9.85,10998.22,0
2024-02-18,2024-02-18 14:29:00,1121.87,1121.88,1121.87,1121.88,0.0,9.85,10998.22,1
2024-02-18,2024-02-18 14:30:00,1121.88,1121.88,1121.88,1121.88,0.0,9.85,10998.22,0
2024-02-18,2024-02-18 14:31:00,1121.88,1121.88,1121.88,1121.88,0.0,9.85,10998.22,0
2024-02-18,2024-02-18 14:32:00,1121.88,1121.89,1121.88,1121.89,0.0,9.85,10998.22,1
2024-02-18,2024-02-18 14:33:00,1121.89,1121.89,1121.89,1121.89,0.0,9.85,10998.22,0
2024-02-18,2024-02-18 14:34:00,1121.89,1121.9,1121.89,1121.9,0.0,9.85,10998.22,1
2024-02-18,2024-02-18 14:35:00,1121.9,1121.9,1121.9,1121.9,0.0,9.85,10998.22,0
2024-02-18,2024-02-18 14:36:00,1121.9,1121.9,1121.9,1121.9,0.0,9.85,10998.22,0
2024-02-18,2024-02-18 14:37:00,1121.9,1121.91,1121.9,1121.91,0.0,9.85,10998.22,1
2024-02-18,2024-02-18 14:38:00,1121.91,1121.91,1121.91,1121.91,0.0,9.85,10998.22,0
2024-02-18,2024-02-18 14:39:00,1121.91,1121.92,1121.91,1121.92,0.0,9.85,10998.22,1
2024-02-18,2024-02-18 14:40:00,1121.92,1121.92,1121.92,1121.92,0.0,9.85,10998.22,0
2024-02-18,2024-02-18 14:41:00,1121.92,1121.92,1121.92,1121.92,0.0,9.85,10998.22,0
2024-02-18,2024-02-18 14:42:00,1121.92,1121.93,1121.92,1121.93,0.0,9.85,10998.22,1
2024-02-18,2024-02-18 14:43:00,1121.93,1121.93,1121.93,1121.93,0.0,9.85,10998.22,0
2024-02-18,2024-02-18 14:44:00,1121.93,1121.94,1121.93,1121.94,0.0,9.85,10998.22,1
2024-02-18,2024-02-18 14:45:00,1121.94,1121.94,1121.94,1121.94,0.0,9.85,10998.22,0
2024-02-18,2024-02-18 14:46:00,1121.94,1121.95,1121.94,1121.95,0.0,9.85,10998.22,1
2024-02-18,2024-02-18 14:47:00,1121.95,1121.95,1121.95,1121.95,0.0,9.85,10998.22,0
2024-02-18,2024-02-18 14:48:00,1121.95,1121.95,1121.95,1121.95,0.0,9.85,10998.22,0
2024-02-18,2024-02-18 14:49:00,1121.95,1121.96,1121.95,1121.96,0.0,9.85,10998.22,1
2024-02-18,2024-02-18 14:50:00,1121.96,1121.96,1121.96,1121.96,0.0,9.85,10998.22,0
2024-02-18,2024-02-18 14:51:00,1121.96,1121.97,1121.96,1121.97,0.0,9.85,10998.22,1
2024-02-18,2024-02-18 14:52:00,1121.97,1121.97,1121.97,1121.97,0.0,9.85,10998.22,0
2024-02-18,2024-02-18 14:53:00,1121.97,1121.97,1121.97,1121.97,0.0,9.85,10998.22,0
2024-02-18,2024-02-18 14:54:00,1121.97,1121.98,1121.97,1121.98,0.0,9.85,10998.22,1
2024-02-18,2024-02-18 14:55:00,1121.98,1121.98,1121.98,1121.98,0.0,9.85,10998.22,0
2024-02-18,2024-02-18 14:56:00,1121.98,1121.99,1121.98,1121.99,0.0,9.85,10998.22,1
2024-02-18,2024-02-18 14:57:00,1121.99,1121.99,1121.99,1121.99,0.0,9.85,10998.22,0
2024-02-18,2024-02-18 14:58:00,1121.99,1122.0,1121.99,1122.0,0.0,9.85,10998.22,1
2024-02-18,2024-02-18 14:59:00,1122.0,1122.0,1122.0,1122.0,0.0,9.85,10998.22,0
2024-02-18,2024-02-18 15:00:00,1122.0,1130.0,1111.0,1122.0,0.0,9.85,10998.22,0
2024-02-20,2024-02-20 11:00:00,1133.0,1133.0,1121.99,1132.89,-0.01,11.54,12689.43,-1
2024-02-20,2024-02-20 11:01:00,1132.89,1132.89,1132.78,1132.78,-0.01,11.54,12689.43,-1
2024-02-20,2024-02-20 11:02:00,1132.78,1132.78,1132.66,1132.66,-0.01,11.54,12689.43,-1
2024-02-20,2024-02-20 11:03:00,1132.66,1132.66,1132.55,1132.55,-0.01,11.54,12689.43,-1
2024-02-20,2024-02-20 11:04:00,1132.55,1132.55,1132.44,1132.44,-0.01,11.54,12689.43,-1
2024-02-20,2024-02-20 11:05:00,1132.44,1132.44,1132.33,1132.33,-0.01,11.54,12689.43,-1
2024-02-20,2024-02-20 11:06:00,1132.33,1132.33,1132.21,1132.21,-0.01,11.54,12689.43,-1
2024-02-20,2024-02-20 11:07:00,1132.21,1132.21,1132.1,1132.1,-0.01,11.54,12689.43,-1
2024-02-20,2024-02-20 11:08:00,1132.1,1132.1,1131.99,1131.99,-0.01,11.54,12689.43,-1
2024-02-20,2024-02-20 11:09:00,1131.99,1131.99,1131.88,1131.88,-0.01,11.54,12689.43,-1
2024-02-20,2024-02-20 11:10:00,1131.88,1131.88,1131.76,1131.76,-0.01,11.54,12689.43,-1
2024-02-20,2024-02-20 11:11:00,1131.76,1131.76,1131.65,1131.65,-0.01,11.54,12689.43,-1
2024-02-20,2024-02-20 11:12:00,1131.65,1131.65,1131.54,1131.54,-0.01,11.54,12689.43,-1
2024-02-20,2024-02-20 11:13:00,1131.54,1131.54,1131.42,1131.42,-0.01,11.54,12689.43,-1
2024-02-20,2024-02-20 11:14:00,1131.42,1131.42,1131.31,1131.31,-0.01,11.54,12689.43,-1
2024-02-20,2024-02-20 11:15:00,1131.31,1131.31,1131.2,1131.2,-0.01,11.54,12689.43,-1
2024-02-20,2024-02-20 11:16:00,1131.2,1131.2,1131.09,1131.09,-0.01,11.54,12689.43,-1
2024-02-20,2024-02-20 11:17:00,1131.09,1131.09,1130.97,1130.97,-0.01,11.54,12689.43,-1
2024-02-20,2024-02-20 11:18:00,1130.97,1130.97,1130.86,1130.86,-0.01,11.54,12689.43,-1
2024-02-20,2024-02-20 11:19:00,1130.86,1130.86,1130.75,1130.75,-0.01,11.54,12689.43,-1
2024-02-20,2024-02-20 11:20:00,1130.75,1130.75,1130.64,1130.64,-0.01,11.54,12689.43,-1
2024-02-20,2024-02-20 11:21:00,1130.64,1130.64,1130.53,1130.53,-0.01,11.54,12689.43,-1
2024-02-20,2024-02-20 11:22:00,1130.53,1130.53,1130.41,1130.41,-0.01,11.54,12689.43,-1
2024-02-20,2024-02-20 11:23:00,1130.41,1130.41,1130.3,1130.3,-0.01,11.54,12689.43,-1
2024-02-20,2024-02-20 11:24:00,1130.3,1130.3,1130.19,1130.19,-0.01,11.54,12689.43,-1
2024-02-20,2024-02-20 11:25:00,1130.19,1130.19,1130.08,1130.08,-0.01,11.54,12689.43,-1
2024-02-20,2024-02-20 11:26:00,1130.08,1130.08,1129.96,1129.96,-0.01,11.54,12689.43,-1
2024-02-20,2024-02-20 11:27:00,1129.96,1129.96,1129.85,1129.85,-0.01,11.54,12689.43,-1
2024-02-20,2024-02-20 11:28:00,1129.85,1129.85,1129.74,1129.74,-0.01,11.54,12689.43,-1
2024-02-20,2024-02-20 11:29:00,1129.74,1129.74,1129.62,1129.62,-0.01,11.54,12689.43,-1
2024-02-20,2024-02-20 11:30:00,1129.62,1129.62,1129.51,1129.51,-0.01,11.54,12689.43,-1
2024-02-20,2024-02-20 11:31:00,1129.51,1129.51,1129.4,1129.4,-0.01,11.54,12689.43,-1
2024-02-20,2024-02-20 11:32:00,1129.4,1129.4,1129.29,1129.29,-0.01,11.54,12689.43,-1
2024-02-20,2024-02-20 11:33:00,1129.29,1129.29,1129.17,1129.17,-0.01,11.54,12689.43,-1
2024-02-20,2024-02-20 11:34:00,1129.17,1129.17,1129.06,1129.06,-0.01,11.54,12689.43,-1
2024-02-20,2024-02-20 11:35:00,1129.06,1129.06,1128.95,1128.95,-0.01,11.54,12689.43,-1
2024-02-20,2024-02-20 11:36:00,1128.95,1128.95,1128.84,1128.84,-0.01,11.54,12689.43,-1
2024-02-20,2024-02-20 11:37:00,1128.84,1128.84,1128.72,1128.72,-0.01,11.54,12689.43,-1
2024-02-20,2024-02-20 11:38:00,1128.72,1128.72,1128.61,1128.61,-0.01,11.54,12689.43,-1
2024-02-20,2024-02-20 11:39:00,1128.61,1128.61,1128.5,1128.5,-0.01,11.54,12689.43,-1
2024-02-20,2024-02-20 11:40:00,1128.5,1128.5,1128.39,1128.39,-0.01,11.54,12689.43,-1
2024-02-20,2024-02-20 11:41:00,1128.39,1128.39,1128.28,1128.28,-0.01,11.54,12689.43,-1
2024-02-20,2024-02-20 11:42:00,1128.28,1128.28,1128.16,1128.16,-0.01,11.54,12689.43,-1
2024-02-20,2024-02-20 11:43:00,1128.16,1128.16,1128.05,1128.05,-0.01,11.54,12689.43,-1
2024-02-20,2024-02-20 11:44:00,1128.05,1128.05,1127.94,1127.94,-0.01,11.54,12689.43,-1
2024-02-20,2024-02-20 11:45:00,1127.94,1127.94,1127.83,1127.83,-0.01,11.54,12689.43,-1
2024-02-20,2024-02-20 11:46:00,1127.83,1127.83,1127.71,1127.71,-0.01,11.54,12689.43,-1
2024-02-20,2024-02-20 11:47:00,1127.71,1127.71,1127.6,1127.6,-0.01,11.54,12689.43,-1
2024-02-20,2024-02-20 11:48:00,1127.6,1127.6,1127.49,1127.49,-0.01,11.54,12689.43,-1
2024-02-20,2024-02-20 11:49:00,1127.49,1127.49,1127.38,1127.38,-0.01,11.54,12689.43,-1
2024-02-20,2024-02-20 11:50:00,1127.38,1127.38,1127.26,1127.26,-0.01,11.54,12689.43,-1
2024-02-20,2024-02-20 11:51:00,1127.26,1127.26,1127.15,1127.15,-0.01,11.54,12689.43,-1
2024-02-20,2024-02-20 11:52:00,1127.15,1127.15,1127.04,1127.04,-0.01,11.54,12689.43,-1
2024-02-20,2024-02-20 11:53:00,1127.04,1127.04,1126.92,1126.92,-0.01,11.54,12689.43,-1
2024-02-20,2024-02-20 11:54:00,1126.92,1126.92,1126.81,1126.81,-0.01,11.54,12689.43,-1
2024-02-20,2024-02-20 11:55:00,1126.81,1126.81,1126.7,1126.7,-0.01,11.54,12689.43,-1
2024-02-20,2024-02-20 11:56:00,1126.7,1126.7,1126.59,1126.59,-0.01,11.54,12689.43,-1
2024-02-20,2024-02-20 11:57:00,1126.59,1126.59,1126.47,1126.47,-0.01,11.54,12689.43,-1
2024-02-20,2024-02-20 11:58:00,1126.47,1126.47,1126.36,1126.36,-0.01,11.54,12689.43,-1
2024-02-20,2024-02-20 11:59:00,1126.36,1126.36,1126.25,1126.25,-0.01,11.54,12689.43,-1
2024-02-20,2024-02-20 12:00:00,1126.25,1126.25,1126.14,1126.14,-0.01,11.54,12689.43,-1
2024-02-20,2024-02-20 12:01:00,1126.14,1126.14,1126.03,1126.03,-0.01,11.54,12689.43,-1
2024-02-20,2024-02-20 12:02:00,1126.03,1126.03,1125.91,1125.91,-0.01,11.54,12689.43,-1
2024-02-20,2024-02-20 12:03:00,1125.91,1125.91,1125.8,1125.8,-0.01,11.54,12689.43,-1
2024-02-20,2024-02-20 12:04:00,1125.8,1125.8,1125.69,1125.69,-0.01,11.54,12689.43,-1
2024-02-20,2024-02-20 12:05:00,1125.69,1125.69,1125.58,1125.58,-0.01,11.54,12689.43,-1
2024-02-20,2024-02-20 12:06:00,1125.58,1125.58,1125.46,1125.46,-0.01,11.54,12689.43,-1
2024-02-20,2024-02-20 12:07:00,1125.46,1125.46,1125.35,1125.35,-0.01,11.54,12689.43,-1
2024-02-20,2024-02-20 12:08:00,1125.35,1125.35,1125.24,1125.24,-0.01,11.54,12689.43,-1
2024-02-20,2024-02-20 12:09:00,1125.24,1125.24,1125.12,1125.12,-0.01,11.54,12689.43,-1
2024-02-20,2024-02-20 12:10:00,1125.12,1125.12,1125.01,1125.01,-0.01,11.54,12689.43,-1
2024-02-20,2024-02-20 12:11:00,1125.01,1125.01,1124.9,1124.9,-0.01,11.54,12689.43,-1
2024-02-20,2024-02-20 12:12:00,1124.9,1124.9,1124.79,1124.79,-0.01,11.54,12689.43,-1
2024-02-20,2024-02-20 12:13:00,1124.79,1124.79,1124.67,1124.67,-0.01,11.54,12689.43,-1
2024-02-20,2024-02-20 12:14:00,1124.67,1124.67,1124.56,1124.56,-0.01,11.54,12689.43,-1
2024-02-20,2024-02-20 12:15:00,1124.56,1124.56,1124.45,1124.45,-0.01,11.54,12689.43,-1
2024-02-20,2024-02-20 12:16:00,1124.45,1124.45,1124.34,1124.34,-0.01,11.54,12689.43,-1
2024-02-20,2024-02-20 12:17:00,1124.34,1124.34,1124.22,1124.22,-0.01,11.54,12689.43,-1
2024-02-20,2024-02-20 12:18:00,1124.22,1124.22,1124.11,1124.11,-0.01,11.54,12689.43,-1
2024-02-20,2024-02-20 12:19:00,1124.11,1124.11,1124.0,1124.0,-0.01,11.54,12689.43,-1
2024-02-20,2024-02-20 12:20:00,1124.0,1124.0,1123.89,1123.89,-0.01,11.54,12689.43,-1
2024-02-20,2024-02-20 12:21:00,1123.89,1123.89,1123.78,1123.78,-0.01,11.54,12689.43,-1
2024-02-20,2024-02-20 12:22:00,1123.78,1123.78,1123.66,1123.66,-0.01,11.54,12689.43,-1
2024-02-20,2024-02-20 12:23:00,1123.66,1123.66,1123.55,1123.55,-0.01,11.54,12689.43,-1
2024-02-20,2024-02-20 12:24:00,1123.55,1123.55,1123.44,1123.44,-0.01,11.54,12689.43,-1
2024-02-20,2024-02-20 12:25:00,1123.44,1123.44,1123.33,1123.33,-0.01,11.54,12689.43,-1
2024-02-20,2024-02-20 12:26:00,1123.33,1123.33,1123.21,1123.21,-0.01,11.54,12689.43,-1
2024-02-20,2024-02-20 12:27:00,1123.21,1123.21,1123.1,1123.1,-0.01,11.54,12689.43,-1
2024-02-20,2024-02-20 12:28:00,1123.1,1123.1,1122.99,1122.99,-0.01,11.54,12689.43,-1
2024-02-20,2024-02-20 12:29:00,1122.99,1122.99,1122.88,1122.88,-0.01,11.54,12689.43,-1
2024-02-20,2024-02-20 12:30:00,1122.88,1122.88,1122.76,1122.76,-0.01,11.54,12689.43,-1
2024-02-20,2024-02-20 12:31:00,1122.76,1122.76,1122.65,1122.65,-0.01,11.54,12689.43,-1
2024-02-20,2024-02-20 12:32:00,1122.65,1122.65,1122.54,1122.54,-0.01,11.54,12689.43,-1
2024-02-20,2024-02-20 12:33:00,1122.54,1122.54,1122.42,1122.42,-0.01,11.54,12689.43,-1
2024-02-20,2024-02-20 12:34:00,1122.42,1122.42,1122.31,1122.31,-0.01,11.54,12689.43,-1
2024-02-20,2024-02-20 12:35:00,1122.31,1122.31,1122.2,1122.2,-0.01,11.54,12689.43,-1
2024-02-20,2024-02-20 12:36:00,1122.2,1122.2,1122.09,1122.09,-0.01,11.54,12689.43,-1
2024-02-20,2024-02-20 12:37:00,1122.09,1122.09,1121.97,1121.97,-0.01,11.54,12689.43,-1
2024-02-20,2024-02-20 12:38:00,1121.97,1121.97,1121.86,1121.86,-0.01,11.54,12689.43,-1
2024-02-20,2024-02-20 12:39:00,1121.86,1121.86,1121.75,1121.75,-0.01,11.54,12689.43,-1
2024-02-20,2024-02-20 12:40:00,1121.75,1121.75,1121.64,1121.64,-0.01,11.54,12689.43,-1
2024-02-20,2024-02-20 12:41:00,1121.64,1121.64,1121.53,1121.53,-0.01,11.54,12689.43,-1
2024-02-20,2024-02-20 12:42:00,1121.53,1121.53,1121.41,1121.41,-0.01,11.54,12689.43,-1
2024-02-20,2024-02-20 12:43:00,1121.41,1121.41,1121.3,1121.3,-0.01,11.54,12689.43,-1
2024-02-20,2024-02-20 12:44:00,1121.3,1121.3,1121.19,1121.19,-0.01,11.54,12689.43,-1
2024-02-20,2024-02-20 12:45:00,1121.19,1121.19,1121.08,1121.08,-0.01,11.54,12689.43,-1
2024-02-20,2024-02-20 12:46:00,1121.08,1121.08,1120.96,1120.96,-0.01,11.54,12689.43,-1
2024-02-20,2024-02-20 12:47:00,1120.96,1120.96,1120.85,1120.85,-0.01,11.54,12689.43,-1
2024-02-20,2024-02-20 12:48:00,1120.85,1120.85,1120.74,1120.74,-0.01,11.54,12689.43,-1
2024-02-20,2024-02-20 12:49:00,1120.74,1120.74,1120.62,1120.62,-0.01,11.54,12689.43,-1
2024-02-20,2024-02-20 12:50:00,1120.62,1120.62,1120.51,1120.51,-0.01,11.54,12689.43,-1
2024-02-20,2024-02-20 12:51:00,1120.51,1120.51,1120.4,1120.4,-0.01,11.54,12689.43,-1
2024-02-20,2024-02-20 12:52:00,1120.4,1120.4,1120.29,1120.29,-0.01,11.54,12689.43,-1
2024-02-20,2024-02-20 12:53:00,1120.29,1120.29,1120.17,1120.17,-0.01,11.54,12689.43,-1
2024-02-20,2024-02-20 12:54:00,1120.17,1120.17,1120.06,1120.06,-0.01,11.54,12689.43,-1
2024-02-20,2024-02-20 12:55:00,1120.06,1120.06,1119.95,1119.95,-0.01,11.54,12689.43,-1
2024-02-20,2024-02-20 12:56:00,1119.95,1119.95,1119.84,1119.84,-0.01,11.54,12689.43,-1
2024-02-20,2024-02-20 12:57:00,1119.84,1119.84,1119.72,1119.72,-0.01,11.54,12689.43,-1
2024-02-20,2024-02-20 12:58:00,1119.72,1119.72,1119.61,1119.61,-0.01,11.54,12689.43,-1
2024-02-20,2024-02-20 12:59:00,1119.61,1119.61,1119.5,1119.5,-0.01,11.54,12689.43,-1
2024-02-20,2024-02-20 13:00:00,1119.5,1133.0,1096.3,1119.39,-0.01,11.54,12689.43,-1
2024-02-20,2024-02-20 13:01:00,1119.39,1119.39,1119.28,1119.28,-0.01,11.54,12689.43,-1
2024-02-20,2024-02-20 13:02:00,1119.28,1119.28,1119.16,1119.16,-0.01,11.54,12689.43,-1
2024-02-20,2024-02-20 13:03:00,1119.16,1119.16,1119.05,1119.05,-0.01,11.54,12689.43,-1
2024-02-20,2024-02-20 13:04:00,1119.05,1119.05,1118.94,1118.94,-0.01,11.54,12689.43,-1
2024-02-20,2024-02-20 13:05:00,1118.94,1118.94,1118.83,1118.83,-0.01,11.54,12689.43,-1
2024-02-20,2024-02-20 13:06:00,1118.83,1118.83,1118.71,1118.71,-0.01,11.54,12689.43,-1
2024-02-20,2024-02-20 13:07:00,1118.71,1118.71,1118.6,1118.6,-0.01,11.54,12689.43,-1
2024-02-20,2024-02-20 13:08:00,1118.6,1118.6,1118.49,1118.49,-0.01,11.54,12689.43,-1
2024-02-20,2024-02-20 13:09:00,1118.49,1118.49,1118.38,1118.38,-0.01,11.54,12689.43,-1
2024-02-20,2024-02-20 13:10:00,1118.38,1118.38,1118.26,1118.26,-0.01,11.54,12689.43,-1
2024-02-20,2024-02-20 13:11:00,1118.26,1118.26,1118.15,1118.15,-0.01,11.54,12689.43,-1
2024-02-20,2024-02-20 13:12:00,1118.15,1118.15,1118.04,1118.04,-0.01,11.54,12689.43,-1
2024-02-20,2024-02-20 13:13:00,1118.04,1118.04,1117.92,1117.92,-0.01,11.54,12689.43,-1
2024-02-20,2024-02-20 13:14:00,1117.92,1117.92,1117.81,1117.81,-0.01,11.54,12689.43,-1
2024-02-20,2024-02-20 13:15:00,1117.81,1117.81,1117.7,1117.7,-0.01,11.54,12689.43,-1
2024-02-20,2024-02-20 13:16:00,1117.7,1117.7,1117.59,1117.59,-0.01,11.54,12689.43,-1
2024-02-20,2024-02-20 13:17:00,1117.59,1117.59,1117.47,1117.47,-0.01,11.54,12689.43,-1
2024-02-20,2024-02-20 13:18:00,1117.47,1117.47,1117.36,1117.36,-0.01,11.54,12689.43,-1
2024-02-20,2024-02-20 13:19:00,1117.36,1117.36,1117.25,1117.25,-0.01,11.54,12689.43,-1
2024-02-20,2024-02-20 13:20:00,1117.25,1117.25,1117.14,1117.14,-0.01,11.54,12689.43,-1
2024-02-20,2024-02-20 13:21:00,1117.14,1117.14,1117.03,1117.03,-0.01,11.54,12689.43,-1
2024-02-20,2024-02-20 13:22:00,1117.03,1117.03,1116.91,1116.91,-0.01,11.54,12689.43,-1
2024-02-20,2024-02-20 13:23:00,1116.91,1116.91,1116.8,1116.8,-0.01,11.54,12689.43,-1
2024-02-20,2024-02-20 13:24:00,1116.8,1116.8,1116.69,1116.69,-0.01,11.54,12689.43,-1
2024-02-20,2024-02-20 13:25:00,1116.69,1116.69,1116.58,1116.58,-0.01,11.54,12689.43,-1
2024-02-20,2024-02-20 13:26:00,1116.58,1116.58,1116.46,1116.46,-0.01,11.54,12689.43,-1
2024-02-20,2024-02-20 13:27:00,1116.46,1116.46,1116.35,1116.35,-0.01,11.54,12689.43,-1
2024-02-20,2024-02-20 13:28:00,1116.35,1116.35,1116.24,1116.24,-0.01,11.54,12689.43,-1
2024-02-20,2024-02-20 13:29:00,1116.24,1116.24,1116.12,1116.12,-0.01,11.54,12689.43,-1
2024-02-20,2024-02-20 13:30:00,1116.12,1116.12,1116.01,1116.01,-0.01,11.54,12689.43,-1
2024-02-20,2024-02-20 13:31:00,1116.01,1116.01,1115.9,1115.9,-0.01,11.54,12689.43,-1
2024-02-20,2024-02-20 13:32:00,1115.9,1115.9,1115.79,1115.79,-0.01,11.54,12689.43,-1
2024-02-20,2024-02-20 13:33:00,1115.79,1115.79,1115.67,1115.67,-0.01,11.54,12689.43,-1
2024-02-20,2024-02-20 13:34:00,1115.67,1115.67,1115.56,1115.56,-0.01,11.54,12689.43,-1
2024-02-20,2024-02-20 13:35:00,1115.56,1115.56,1115.45,1115.45,-0.01,11.54,12689.43,-1
2024-02-20,2024-02-20 13:36:00,1115.45,1115.45,1115.34,1115.34,-0.01,11.54,12689.43,-1
2024-02-20,2024-02-20 13:37:00,1115.34,1115.34,1115.22,1115.22,-0.01,11.54,12689.43,-1
2024-02-20,2024-02-20 13:38:00,1115.22,1115.22,1115.11,1115.11,-0.01,11.54,12689.43,-1
2024-02-20,2024-02-20 13:39:00,1115.11,1115.11,1115.0,1115.0,-0.01,11.54,12689.43,-1
2024-02-20,2024-02-20 13:40:00,1115.0,1115.0,1114.89,1114.89,-0.01,11.54,12689.43,-1
2024-02-20,2024-02-20 13:41:00,1114.89,1114.89,1114.78,1114.78,-0.01,11.54,12689.43,-1
2024-02-20,2024-02-20 13:42:00,1114.78,1114.78,1114.66,1114.66,-0.01,11.54,12689.43,-1
2024-02-20,2024-02-20 13:43:00,1114.66,1114.66,1114.55,1114.55,-0.01,11.54,12689.43,-1
2024-02-20,2024-02-20 13:44:00,1114.55,1114.55,1114.44,1114.44,-0.01,11.54,12689.43,-1
2024-02-20,2024-02-20 13:45:00,1114.44,1114.44,1114.33,1114.33,-0.01,11.54,12689.43,-1
2024-02-20,2024-02-20 13:46:00,1114.33,1114.33,1114.21,1114.21,-0.01,11.54,12689.43,-1
2024-02-20,2024-02-20 13:47:00,1114.21,1114.21,1114.1,1114.1,-0.01,11.54,12689.43,-1
2024-02-20,2024-02-20 13:48:00,1114.1,1114.1,1113.99,1113.99,-0.01,11.54,12689.43,-1
2024-02-20,2024-02-20 13:49:00,1113.99,1113.99,1113.88,1113.88,-0.01,11.54,12689.43,-1
2024-02-20,2024-02-20 13:50:00,1113.88,1113.88,1113.76,1113.76,-0.01,11.54,12689.43,-1
2024-02-20,2024-02-20 13:51:00,1113.76,1113.76,1113.65,1113.65,-0.01,11.54,12689.43,-1
2024-02-20,2024-02-20 13:52:00,1113.65,1113.65,1113.54,1113.54,-0.01,11.54,12689.43,-1
2024-02-20,2024-02-20 13:53:00,1113.54,1113.54,1113.42,1113.42,-0.01,11.54,12689.43,-1
2024-02-20,2024-02-20 13:54:00,1113.42,1113.42,1113.31,1113.31,-0.01,11.54,12689.43,-1
2024-02-20,2024-02-20 13:55:00,1113.31,1113.31,1113.2,1113.2,-0.01,11.54,12689.43,-1
2024-02-20,2024-02-20 13:56:00,1113.2,1113.2,1113.09,1113.09,-0.01,11.54,12689.43,-1
2024-02-20,2024-02-20 13:57:00,1113.09,1113.09,1112.97,1112.97,-0.01,11.54,12689.43,-1
2024-02-20,2024-02-20 13:58:00,1112.97,1112.97,1112.86,1112.86,-0.01,11.54,12689.43,-1
2024-02-20,2024-02-20 13:59:00,1112.86,1112.86,1112.75,1112.75,-0.01,11.54,12689.43,-1
2024-02-20,2024-02-20 14:00:00,1112.75,1112.75,1112.64,1112.64,-0.01,11.54,12689.43,-1
2024-02-20,2024-02-20 14:01:00,1112.64,1112.64,1112.53,1112.53,-0.01,11.54,12689.43,-1
2024-02-20,2024-02-20 14:02:00,1112.53,1112.53,1112.41,1112.41,-0.01,11.54,12689.43,-1
2024-02-20,2024-02-20 14:03:00,1112.41,1112.41,1112.3,1112.3,-0.01,11.54,12689.43,-1
2024-02-20,2024-02-20 14:04:00,1112.3,1112.3,1112.19,1112.19,-0.01,11.54,12689.43,-1
2024-02-20,2024-02-20 14:05:00,1112.19,1112.19,1112.08,1112.08,-0.01,11.54,12689.43,-1
2024-02-20,2024-02-20 14:06:00,1112.08,1112.08,1111.96,1111.96,-0.01,11.54,12689.43,-1
2024-02-20,2024-02-20 14:07:00,1111.96,1111.96,1111.85,1111.85,-0.01,11.54,12689.43,-1
2024-02-20,2024-02-20 14:08:00,1111.85,1111.85,1111.74,1111.74,-0.01,11.54,12689.43,-1
2024-02-20,2024-02-20 14:09:00,1111.74,1111.74,1111.62,1111.62,-0.01,11.54,12689.43,-1
2024-02-20,2024-02-20 14:10:00,1111.62,1111.62,1111.51,1111.51,-0.01,11.54,12689.43,-1
2024-02-20,2024-02-20 14:11:00,1111.51,1111.51,1111.4,1111.4,-0.01,11.54,12689.43,-1
2024-02-20,2024-02-20 14:12:00,1111.4,1111.4,1111.29,1111.29,-0.01,11.54,12689.43,-1
2024-02-20,2024-02-20 14:13:00,1111.29,1111.29,1111.17,1111.17,-0.01,11.54,12689.43,-1
2024-02-20,2024-02-20 14:14:00,1111.17,1111.17,1111.06,1111.06,-0.01,11.54,12689.43,-1
2024-02-20,2024-02-20 14:15:00,1111.06,1111.06,1110.95,1110.95,-0.01,11.54,12689.43,-1
2024-02-20,2024-02-20 14:16:00,1110.95,1110.95,1110.84,1110.84,-0.01,11.54,12689.43,-1
2024-02-20,2024-02-20 14:17:00,1110.84,1110.84,1110.72,1110.72,-0.01,11.54,12689.43,-1
2024-02-20,2024-02-20 14:18:00,1110.72,1110.72,1110.61,1110.61,-0.01,11.54,12689.43,-1
2024-02-20,2024-02-20 14:19:00,1110.61,1110.61,1110.5,1110.5,-0.01,11.54,12689.43,-1
2024-02-20,2024-02-20 14:20:00,1110.5,1110.5,1110.39,1110.39,-0.01,11.54,12689.43,-1
2024-02-20,2024-02-20 14:21:00,1110.39,1110.39,1110.28,1110.28,-0.01,11.54,12689.43,-1
2024-02-20,2024-02-20 14:22:00,1110.28,1110.28,1110.16,1110.16,-0.01,11.54,12689.43,-1
2024-02-20,2024-02-20 14:23:00,1110.16,1110.16,1110.05,1110.05,-0.01,11.54,12689.43,-1
2024-02-20,2024-02-20 14:24:00,1110.05,1110.05,1109.94,1109.94,-0.01,11.54,12689.43,-1
2024-02-20,2024-02-20 14:25:00,1109.94,1109.94,1109.83,1109.83,-0.01,11.54,12689.43,-1
2024-02-20,2024-02-20 14:26:00,1109.83,1109.83,1109.71,1109.71,-0.01,11.54,12689.43,-1
2024-02-20,2024-02-20 14:27:00,1109.71,1109.71,1109.6,1109.6,-0.01,11.54,12689.43,-1
2024-02-20,2024-02-20 14:28:00,1109.6,1109.6,1109.49,1109.49,-0.01,11.54,12689.43,-1
2024-02-20,2024-02-20 14:29:00,1109.49,1109.49,1109.38,1109.38,-0.01,11.54,12689.43,-1
2024-02-20,2024-02-20 14:30:00,1109.38,1109.38,1109.26,1109.26,-0.01,11.54,12689.43,-1
2024-02-20,2024-02-20 14:31:00,1109.26,1109.26,1109.15,1109.15,-0.01,11.54,12689.43,-1
2024-02-20,2024-02-20 14:32:00,1109.15,1109.15,1109.04,1109.04,-0.01,11.54,12689.43,-1
2024-02-20,2024-02-20 14:33:00,1109.04,1109.04,1108.92,1108.92,-0.01,11.54,12689.43,-1
2024-02-20,2024-02-20 14:34:00,1108.92,1108.92,1108.81,1108.81,-0.01,11.54,12689.43,-1
2024-02-20,2024-02-20 14:35:00,1108.81,1108.81,1108.7,1108.7,-0.01,11.54,12689.43,-1
2024-02-20,2024-02-20 14:36:00,1108.7,1108.7,1108.59,1108.59,-0.01,11.54,12689.43,-1
2024-02-20,2024-02-20 14:37:00,1108.59,1108.59,1108.47,1108.47,-0.01,11.54,12689.43,-1
2024-02-20,2024-02-20 14:38:00,1108.47,1108.47,1108.36,1108.36,-0.01,11.54,12689.43,-1
2024-02-20,2024-02-20 14:39:00,1108.36,1108.36,1108.25,1108.25,-0.01,11.54,12689.43,-1
2024-02-20,2024-02-20 14:40:00,1108.25,1108.25,1108.14,1108.14,-0.01,11.54,12689.43,-1
2024-02-20,2024-02-20 14:41:00,1108.14,1108.14,1108.03,1108.03,-0.01,11.54,12689.43,-1
2024-02-20,2024-02-20 14:42:00,1108.03,1108.03,1107.91,1107.91,-0.01,11.54,12689.43,-1
2024-02-20,2024-02-20 14:43:00,1107.91,1107.91,1107.8,1107.8,-0.01,11.54,12689.43,-1
2024-02-20,2024-02-20 14:44:00,1107.8,1107.8,1107.69,1107.69,-0.01,11.54,12689.43,-1
2024-02-20,2024-02-20 14:45:00,1107.69,1107.69,1107.58,1107.58,-0.01,11.54,12689.43,-1
2024-02-20,2024-02-20 14:46:00,1107.58,1107.58,1107.46,1107.46,-0.01,11.54,12689.43,-1
2024-02-20,2024-02-20 14:47:00,1107.46,1107.46,1107.35,1107.35,-0.01,11.54,12689.43,-1
2024-02-20,2024-02-20 14:48:00,1107.35,1107.35,1107.24,1107.24,-0.01,11.54,12689.43,-1
2024-02-20,2024-02-20 14:49:00,1107.24,1107.24,1107.12,1107.12,-0.01,11.54,12689.43,-1
2024-02-20,2024-02-20 14:50:00,1107.12,1107.12,1107.01,1107.01,-0.01,11.54,12689.43,-1
2024-02-20,2024-02-20 14:51:00,1107.01,1107.01,1106.9,1106.9,-0.01,11.54,12689.43,-1
2024-02-20,2024-02-20 14:52:00,1106.9,1106.9,1106.79,1106.79,-0.01,11.54,12689.43,-1
2024-02-20,2024-02-20 14:53:00,1106.79,1106.79,1106.67,1106.67,-0.01,11.54,12689.43,-1
2024-02-20,2024-02-20 14:54:00,1106.67,1106.67,1106.56,1106.56,-0.01,11.54,12689.43,-1
2024-02-20,2024-02-20 14:55:00,1106.56,1106.56,1106.45,1106.45,-0.01,11.54,12689.43,-1
2024-02-20,2024-02-20 14:56:00,1106.45,1106.45,1106.34,1106.34,-0.01,11.54,12689.43,-1
2024-02-20,2024-02-20 14:57:00,1106.34,1106.34,1106.22,1106.22,-0.01,11.54,12689.43,-1
2024-02-20,2024-02-20 14:58:00,1106.22,1106.22,1106.11,1106.11,-0.01,11.54,12689.43,-1
2024-02-20,2024-02-20 14:59:00,1106.11,1106.11,1106.0,1106.0,-0.01,11.54,12689.43,-1
2024-02-20,2024-02-20 15:00:00,1106.0,1133.0,1096.3,1106.0,0.0,11.54,12689.43,0
2024-02-21,2024-02-21 11:00:00,1102.0,1106.41,1098.4,1101.99,-0.0,6.17,6781.14,-1
2024-02-21,2024-02-21 11:01:00,1101.99,1101.99,1101.97,1101.97,-0.0,6.17,6781.14,-1
2024-02-21,2024-02-21 11:02:00,1101.97,1101.97,1101.96,1101.96,-0.0,6.17,6781.14,-1
2024-02-21,2024-02-21 11:03:00,1101.96,1101.96,1101.95,1101.95,-0.0,6.17,6781.14,-1
2024-02-21,2024-02-21 11:04:00,1101.95,1101.95,1101.94,1101.94,-0.0,6.17,6781.14,-1
2024-02-21,2024-02-21 11:05:00,1101.94,1101.94,1101.92,1101.92,-0.0,6.17,6781.14,-1
2024-02-21,2024-02-21 11:06:00,1101.92,1101.92,1101.91,1101.91,-0.0,6.17,6781.14,-1
2024-02-21,2024-02-21 11:07:00,1101.91,1101.91,1101.9,1101.9,-0.0,6.17,6781.14,-1
2024-02-21,2024-02-21 11:08:00,1101.9,1101.9,1101.89,1101.89,-0.0,6.17,6781.14,-1
2024-02-21,2024-02-21 11:09:00,1101.89,1101.89,1101.88,1101.88,-0.0,6.17,6781.14,-1
2024-02-21,2024-02-21 11:10:00,1101.88,1101.88,1101.86,1101.86,-0.0,6.17,6781.14,-1
2024-02-21,2024-02-21 11:11:00,1101.86,1101.86,1101.85,1101.85,-0.0,6.17,6781.14,-1
2024-02-21,2024-02-21 11:12:00,1101.85,1101.85,1101.84,1101.84,-0.0,6.17,6781.14,-1
2024-02-21,2024-02-21 11:13:00,1101.84,1101.84,1101.83,1101.83,-0.0,6.17,6781.14,-1
2024-02-21,2024-02-21 11:14:00,1101.83,1101.83,1101.81,1101.81,-0.0,6.17,6781.14,-1
2024-02-21,2024-02-21 11:15:00,1101.81,1101.81,1101.8,1101.8,-0.0,6.17,6781.14,-1
2024-02-21,2024-02-21 11:16:00,1101.8,1101.8,1101.79,1101.79,-0.0,6.17,6781.14,-1
2024-02-21,2024-02-21 11:17:00,1101.79,1101.79,1101.78,1101.78,-0.0,6.17,6781.14,-1
2024-02-21,2024-02-21 11:18:00,1101.78,1101.78,1101.76,1101.76,-0.0,6.17,6781.14,-1
2024-02-21,2024-02-21 11:19:00,1101.76,1101.76,1101.75,1101.75,-0.0,6.17,6781.14,-1
2024-02-21,2024-02-21 11:20:00,1101.75,1101.75,1101.74,1101.74,-0.0,6.17,6781.14,-1
2024-02-21,2024-02-21 11:21:00,1101.74,1101.74,1101.72,1101.72,-0.0,6.17,6781.14,-1
2024-02-21,2024-02-21 11:22:00,1101.72,1101.72,1101.71,1101.71,-0.0,6.17,6781.14,-1
2024-02-21,2024-02-21 11:23:00,1101.71,1101.71,1101.7,1101.7,-0.0,6.17,6781.14,-1
2024-02-21,2024-02-21 11:24:00,1101.7,1101.7,1101.69,1101.69,-0.0,6.17,6781.14,-1
2024-02-21,2024-02-21 11:25:00,1101.69,1101.69,1101.67,1101.67,-0.0,6.17,6781.14,-1
2024-02-21,2024-02-21 11:26:00,1101.67,1101.67,1101.66,1101.66,-0.0,6.17,6781.14,-1
2024-02-21,2024-02-21 11:27:00,1101.66,1101.66,1101.65,1101.65,-0.0,6.17,6781.14,-1
2024-02-21,2024-02-21 11:28:00,1101.65,1101.65,1101.64,1101.64,-0.0,6.17,6781.14,-1
2024-02-21,2024-02-21 11:29:00,1101.64,1101.64,1101.62,1101.62,-0.0,6.17,6781.14,-1
2024-02-21,2024-02-21 11:30:00,1101.62,1101.62,1101.61,1101.61,-0.0,6.17,6781.14,-1
2024-02-21,2024-02-21 11:31:00,1101.61,1101.61,1101.6,1101.6,-0.0,6.17,6781.14,-1
2024-02-21,2024-02-21 11:32:00,1101.6,1101.6,1101.59,1101.59,-0.0,6.17,6781.14,-1
2024-02-21,2024-02-21 11:33:00,1101.59,1101.59,1101.58,1101.58,-0.0,6.17,6781.14,-1
2024-02-21,2024-02-21 11:34:00,1101.58,1101.58,1101.56,1101.56,-0.0,6.17,6781.14,-1
2024-02-21,2024-02-21 11:35:00,1101.56,1101.56,1101.55,1101.55,-0.0,6.17,6781.14,-1
2024-02-21,2024-02-21 11:36:00,1101.55,1101.55,1101.54,1101.54,-0.0,6.17,6781.14,-1
2024-02-21,2024-02-21 11:37:00,1101.54,1101.54,1101.53,1101.53,-0.0,6.17,6781.14,-1
2024-02-21,2024-02-21 11:38:00,1101.53,1101.53,1101.51,1101.51,-0.0,6.17,6781.14,-1
2024-02-21,2024-02-21 11:39:00,1101.51,1101.51,1101.5,1101.5,-0.0,6.17,6781.14,-1
2024-02-21,2024-02-21 11:40:00,1101.5,1101.5,1101.49,1101.49,-0.0,6.17,6781.14,-1
2024-02-21,2024-02-21 11:41:00,1101.49,1101.49,1101.47,1101.47,-0.0,6.17,6781.14,-1
2024-02-21,2024-02-21 11:42:00,1101.47,1101.47,1101.46,1101.46,-0.0,6.17,6781.14,-1
2024-02-21,2024-02-21 11:43:00,1101.46,1101.46,1101.45,1101.45,-0.0,6.17,6781.14,-1
2024-02-21,2024-02-21 11:44:00,1101.45,1101.45,1101.44,1101.44,-0.0,6.17,6781.14,-1
2024-02-21,2024-02-21 11:45:00,1101.44,1101.44,1101.42,1101.42,-0.0,6.17,6781.14,-1
2024-02-21,2024-02-21 11:46:00,1101.42,1101.42,1101.41,1101.41,-0.0,6.17,6781.14,-1
2024-02-21,2024-02-21 11:47:00,1101.41,1101.41,1101.4,1101.4,-0.0,6.17,6781.14,-1
2024-02-21,2024-02-21 11:48:00,1101.4,1101.4,1101.39,1101.39,-0.0,6.17,6781.14,-1
2024-02-21,2024-02-21 11:49:00,1101.39,1101.39,1101.38,1101.38,-0.0,6.17,6781.14,-1
2024-02-21,2024-02-21 11:50:00,1101.38,1101.38,1101.36,1101.36,-0.0,6.17,6781.14,-1
2024-02-21,2024-02-21 11:51:00,1101.36,1101.36,1101.35,1101.35,-0.0,6.17,6781.14,-1
2024-02-21,2024-02-21 11:52:00,1101.35,1101.35,1101.34,1101.34,-0.0,6.17,6781.14,-1
2024-02-21,2024-02-21 11:53:00,1101.34,1101.34,1101.33,1101.33,-0.0,6.17,6781.14,-1
2024-02-21,2024-02-21 11:54:00,1101.33,1101.33,1101.31,1101.31,-0.0,6.17,6781.14,-1
2024-02-21,2024-02-21 11:55:00,1101.31,1101.31,1101.3,1101.3,-0.0,6.17,6781.14,-1
2024-02-21,2024-02-21 11:56:00,1101.3,1101.3,1101.29,1101.29,-0.0,6.17,6781.14,-1
2024-02-21,2024-02-21 11:57:00,1101.29,1101.29,1101.28,1101.28,-0.0,6.17,6781.14,-1
2024-02-21,2024-02-21 11:58:00,1101.28,1101.28,1101.26,1101.26,-0.0,6.17,6781.14,-1
2024-02-21,2024-02-21 11:59:00,1101.26,1101.26,1101.25,1101.25,-0.0,6.17,6781.14,-1
2024-02-21,2024-02-21 12:00:00,1101.25,1101.25,1101.24,1101.24,-0.0,6.17,6781.14,-1
2024-02-21,2024-02-21 12:01:00,1101.24,1101.24,1101.22,1101.22,-0.0,6.17,6781.14,-1
2024-02-21,2024-02-21 12:02:00,1101.22,1101.22,1101.21,1101.21,-0.0,6.17,6781.14,-1
2024-02-21,2024-02-21 12:03:00,1101.21,1101.21,1101.2,1101.2,-0.0,6.17,6781.14,-1
2024-02-21,2024-02-21 12:04:00,1101.2,1101.2,1101.19,1101.19,-0.0,6.17,6781.14,-1
2024-02-21,2024-02-21 12:05:00,1101.19,1101.19,1101.17,1101.17,-0.0,6.17,6781.14,-1
2024-02-21,2024-02-21 12:06:00,1101.17,1101.17,1101.16,1101.16,-0.0,6.17,6781.14,-1
2024-02-21,2024-02-21 12:07:00,1101.16,1101.16,1101.15,1101.15,-0.0,6.17,6781.14,-1
2024-02-21,2024-02-21 12:08:00,1101.15,1101.15,1101.14,1101.14,-0.0,6.17,6781.14,-1
2024-02-21,2024-02-21 12:09:00,1101.14,1101.14,1101.12,1101.12,-0.0,6.17,6781.14,-1
2024-02-21,2024-02-21 12:10:00,1101.12,1101.12,1101.11,1101.11,-0.0,6.17,6781.14,-1
2024-02-21,2024-02-21 12:11:00,1101.11,1101.11,1101.1,1101.1,-0.0,6.17,6781.14,-1
2024-02-21,2024-02-21 12:12:00,1101.1,1101.1,1101.09,1101.09,-0.0,6.17,6781.14,-1
2024-02-21,2024-02-21 12:13:00,1101.09,1101.09,1101.08,1101.08,-0.0,6.17,6781.14,-1
2024-02-21,2024-02-21 12:14:00,1101.08,1101.08,1101.06,1101.06,-0.0,6.17,6781.14,-1
2024-02-21,2024-02-21 12:15:00,1101.06,1101.06,1101.05,1101.05,-0.0,6.17,6781.14,-1
2024-02-21,2024-02-21 12:16:00,1101.05,1101.05,1101.04,1101.04,-0.0,6.17,6781.14,-1
2024-02-21,2024-02-21 12:17:00,1101.04,1101.04,1101.03,1101.03,-0.0,6.17,6781.14,-1
2024-02-21,2024-02-21 12:18:00,1101.03,1101.03,1101.01,1101.01,-0.0,6.17,6781.14,-1
2024-02-21,2024-02-21 12:19:00,1101.01,1101.01,1101.0,1101.0,-0.0,6.17,6781.14,-1
2024-02-21,2024-02-21 12:20:00,1101.0,1101.0,1100.99,1100.99,-0.0,6.17,6781.14,-1
2024-02-21,2024-02-21 12:21:00,1100.99,1100.99,1100.97,1100.97,-0.0,6.17,6781.14,-1
2024-02-21,2024-02-21 12:22:00,1100.97,1100.97,1100.96,1100.96,-0.0,6.17,6781.14,-1
2024-02-21,2024-02-21 12:23:00,1100.96,1100.96,1100.95,1100.95,-0.0,6.17,6781.14,-1
2024-02-21,2024-02-21 12:24:00,1100.95,1100.95,1100.94,1100.94,-0.0,6.17,6781.14,-1
2024-02-21,2024-02-21 12:25:00,1100.94,1100.94,1100.92,1100.92,-0.0,6.17,6781.14,-1
2024-02-21,2024-02-21 12:26:00,1100.92,1100.92,1100.91,1100.91,-0.0,6.17,6781.14,-1
2024-02-21,2024-02-21 12:27:00,1100.91,1100.91,1100.9,1100.9,-0.0,6.17,6781.14,-1
2024-02-21,2024-02-21 12:28:00,1100.9,1100.9,1100.89,1100.89,-0.0,6.17,6781.14,-1
2024-02-21,2024-02-21 12:29:00,1100.89,1100.89,1100.88,1100.88,-0.0,6.17,6781.14,-1
2024-02-21,2024-02-21 12:30:00,1100.88,1100.88,1100.86,1100.86,-0.0,6.17,6781.14,-1
2024-02-21,2024-02-21 12:31:00,1100.86,1100.86,1100.85,1100.85,-0.0,6.17,6781.14,-1
2024-02-21,2024-02-21 12:32:00,1100.85,1100.85,1100.84,1100.84,-0.0,6.17,6781.14,-1
2024-02-21,2024-02-21 12:33:00,1100.84,1100.84,1100.83,1100.83,-0.0,6.17,6781.14,-1
2024-02-21,2024-02-21 12:34:00,1100.83,1100.83,1100.81,1100.81,-0.0,6.17,6781.14,-1
2024-02-21,2024-02-21 12:35:00,1100.81,1100.81,1100.8,1100.8,-0.0,6.17,6781.14,-1
2024-02-21,2024-02-21 12:36:00,1100.8,1100.8,1100.79,1100.79,-0.0,6.17,6781.14,-1
2024-02-21,2024-02-21 12:37:00,1100.79,1100.79,1100.78,1100.78,-0.0,6.17,6781.14,-1
2024-02-21,2024-02-21 12:38:00,1100.78,1100.78,1100.76,1100.76,-0.0,6.17,6781.14,-1
2024-02-21,2024-02-21 12:39:00,1100.76,1100.76,1100.75,1100.75,-0.0,6.17,6781.14,-1
2024-02-21,2024-02-21 12:40:00,1100.75,1100.75,1100.74,1100.74,-0.0,6.17,6781.14,-1
2024-02-21,2024-02-21 12:41:00,1100.74,1100.74,1100.72,1100.72,-0.0,6.17,6781.14,-1
2024-02-21,2024-02-21 12:42:00,1100.72,1100.72,1100.71,1100.71,-0.0,6.17,6781.14,-1
2024-02-21,2024-02-21 12:43:00,1100.71,1100.71,1100.7,1100.7,-0.0,6.17,6781.14,-1
2024-02-21,2024-02-21 12:44:00,1100.7,1100.7,1100.69,1100.69,-0.0,6.17,6781.14,-1
2024-02-21,2024-02-21 12:45:00,1100.69,1100.69,1100.67,1100.67,-0.0,6.17,6781.14,-1
2024-02-21,2024-02-21 12:46:00,1100.67,1100.67,1100.66,1100.66,-0.0,6.17,6781.14,-1
2024-02-21,2024-02-21 12:47:00,1100.66,1100.66,1100.65,1100.65,-0.0,6.17,6781.14,-1
2024-02-21,2024-02-21 12:48:00,1100.65,1100.65,1100.64,1100.64,-0.0,6.17,6781.14,-1
2024-02-21,2024-02-21 12:49:00,1100.64,1100.64,1100.62,1100.62,-0.0,6.17,6781.14,-1
2024-02-21,2024-02-21 12:50:00,1100.62,1100.62,1100.61,1100.61,-0.0,6.17,6781.14,-1
2024-02-21,2024-02-21 12:51:00,1100.61,1100.61,1100.6,1100.6,-0.0,6.17,6781.14,-1
2024-02-21,2024-02-21 12:52:00,1100.6,1100.6,1100.59,1100.59,-0.0,6.17,6781.14,-1
2024-02-21,2024-02-21 12:53:00,1100.59,1100.59,1100.58,1100.58,-0.0,6.17,6781.14,-1
2024-02-21,2024-02-21 12:54:00,1100.58,1100.58,1100.56,1100.56,-0.0,6.17,6781.14,-1
2024-02-21,2024-02-21 12:55:00,1100.56,1100.56,1100.55,1100.55,-0.0,6.17,6781.14,-1
2024-02-21,2024-02-21 12:56:00,1100.55,1100.55,1100.54,1100.54,-0.0,6.17,6781.14,-1
2024-02-21,2024-02-21 12:57:00,1100.54,1100.54,1100.53,1100.53,-0.0,6.17,6781.14,-1
2024-02-21,2024-02-21 12:58:00,1100.53,1100.53,1100.51,1100.51,-0.0,6.17,6781.14,-1
2024-02-21,2024-02-21 12:59:00,1100.51,1100.51,1100.5,1100.5,-0.0,6.17,6781.14,-1
2024-02-21,2024-02-21 13:00:00,1100.5,1116.7,1090.0,1100.49,-0.0,6.17,6781.14,-1
2024-02-21,2024-02-21 13:01:00,1100.49,1100.49,1100.47,1100.47,-0.0,6.17,6781.14,-1
2024-02-21,2024-02-21 13:02:00,1100.47,1100.47,1100.46,1100.46,-0.0,6.17,6781.14,-1
2024-02-21,2024-02-21 13:03:00,1100.46,1100.46,1100.45,1100.45,-0.0,6.17,6781.14,-1
2024-02-21,2024-02-21 13:04:00,1100.45,1100.45,1100.44,1100.44,-0.0,6.17,6781.14,-1
2024-02-21,2024-02-21 13:05:00,1100.44,1100.44,1100.42,1100.42,-0.0,6.17,6781.14,-1
2024-02-21,2024-02-21 13:06:00,1100.42,1100.42,1100.41,1100.41,-0.0,6.17,6781.14,-1
2024-02-21,2024-02-21 13:07:00,1100.41,1100.41,1100.4,1100.4,-0.0,6.17,6781.14,-1
2024-02-21,2024-02-21 13:08:00,1100.4,1100.4,1100.39,1100.39,-0.0,6.17,6781.14,-1
2024-02-21,2024-02-21 13:09:00,1100.39,1100.39,1100.38,1100.38,-0.0,6.17,6781.14,-1
2024-02-21,2024-02-21 13:10:00,1100.38,1100.38,1100.36,1100.36,-0.0,6.17,6781.14,-1
2024-02-21,2024-02-21 13:11:00,1100.36,1100.36,1100.35,1100.35,-0.0,6.17,6781.14,-1
2024-02-21,2024-02-21 13:12:00,1100.35,1100.35,1100.34,1100.34,-0.0,6.17,6781.14,-1
2024-02-21,2024-02-21 13:13:00,1100.34,1100.34,1100.33,1100.33,-0.0,6.17,6781.14,-1
2024-02-21,2024-02-21 13:14:00,1100.33,1100.33,1100.31,1100.31,-0.0,6.17,6781.14,-1
2024-02-21,2024-02-21 13:15:00,1100.31,1100.31,1100.3,1100.3,-0.0,6.17,6781.14,-1
2024-02-21,2024-02-21 13:16:00,1100.3,1100.3,1100.29,1100.29,-0.0,6.17,6781.14,-1
2024-02-21,2024-02-21 13:17:00,1100.29,1100.29,1100.28,1100.28,-0.0,6.17,6781.14,-1
2024-02-21,2024-02-21 13:18:00,1100.28,1100.28,1100.26,1100.26,-0.0,6.17,6781.14,-1
2024-02-21,2024-02-21 13:19:00,1100.26,1100.26,1100.25,1100.25,-0.0,6.17,6781.14,-1
2024-02-21,2024-02-21 13:20:00,1100.25,1100.25,1100.24,1100.24,-0.0,6.17,6781.14,-1
2024-02-21,2024-02-21 13:21:00,1100.24,1100.24,1100.22,1100.22,-0.0,6.17,6781.14,-1
2024-02-21,2024-02-21 13:22:00,1100.22,1100.22,1100.21,1100.21,-0.0,6.17,6781.14,-1
2024-02-21,2024-02-21 13:23:00,1100.21,1100.21,1100.2,1100.2,-0.0,6.17,6781.14,-1
2024-02-21,2024-02-21 13:24:00,1100.2,1100.2,1100.19,1100.19,-0.0,6.17,6781.14,-1
2024-02-21,2024-02-21 13:25:00,1100.19,1100.19,1100.17,1100.17,-0.0,6.17,6781.14,-1
2024-02-21,2024-02-21 13:26:00,1100.17,1100.17,1100.16,1100.16,-0.0,6.17,6781.14,-1
2024-02-21,2024-02-21 13:27:00,1100.16,1100.16,1100.15,1100.15,-0.0,6.17,6781.14,-1
2024-02-21,2024-02-21 13:28:00,1100.15,1100.15,1100.14,1100.14,-0.0,6.17,6781.14,-1
2024-02-21,2024-02-21 13:29:00,1100.14,1100.14,1100.12,1100.12,-0.0,6.17,6781.14,-1
2024-02-21,2024-02-21 13:30:00,1100.12,1100.12,1100.11,1100.11,-0.0,6.17,6781.14,-1
2024-02-21,2024-02-21 13:31:00,1100.11,1100.11,1100.1,1100.1,-0.0,6.17,6781.14,-1
2024-02-21,2024-02-21 13:32:00,1100.1,1100.1,1100.09,1100.09,-0.0,6.17,6781.14,-1
2024-02-21,2024-02-21 13:33:00,1100.09,1100.09,1100.08,1100.08,-0.0,6.17,6781.14,-1
2024-02-21,2024-02-21 13:34:00,1100.08,1100.08,1100.06,1100.06,-0.0,6.17,6781.14,-1
2024-02-21,2024-02-21 13:35:00,1100.06,1100.06,1100.05,1100.05,-0.0,6.17,6781.14,-1
2024-02-21,2024-02-21 13:36:00,1100.05,1100.05,1100.04,1100.04,-0.0,6.17,6781.14,-1
2024-02-21,2024-02-21 13:37:00,1100.04,1100.04,1100.03,1100.03,-0.0,6.17,6781.14,-1
2024-02-21,2024-02-21 13:38:00,1100.03,1100.03,1100.01,1100.01,-0.0,6.17,6781.14,-1
2024-02-21,2024-02-21 13:39:00,1100.01,1100.01,1100.0,1100.0,-0.0,6.17,6781.14,-1
2024-02-21,2024-02-21 13:40:00,1100.0,1100.0,1099.99,1099.99,-0.0,6.17,6781.14,-1
2024-02-21,2024-02-21 13:41:00,1099.99,1099.99,1099.97,1099.97,-0.0,6.17,6781.14,-1
2024-02-21,2024-02-21 13:42:00,1099.97,1099.97,1099.96,1099.96,-0.0,6.17,6781.14,-1
2024-02-21,2024-02-21 13:43:00,1099.96,1099.96,1099.95,1099.95,-0.0,6.17,6781.14,-1
2024-02-21,2024-02-21 13:44:00,1099.95,1099.95,1099.94,1099.94,-0.0,6.17,6781.14,-1
2024-02-21,2024-02-21 13:45:00,1099.94,1099.94,1099.92,1099.92,-0.0,6.17,6781.14,-1
2024-02-21,2024-02-21 13:46:00,1099.92,1099.92,1099.91,1099.91,-0.0,6.17,6781.14,-1
2024-02-21,2024-02-21 13:47:00,1099.91,1099.91,1099.9,1099.9,-0.0,6.17,6781.14,-1
2024-02-21,2024-02-21 13:48:00,1099.9,1099.9,1099.89,1099.89,-0.0,6.17,6781.14,-1
2024-02-21,2024-02-21 13:49:00,1099.89,1099.89,1099.88,1099.88,-0.0,6.17,6781.14,-1
2024-02-21,2024-02-21 13:50:00,1099.88,1099.88,1099.86,1099.86,-0.0,6.17,6781.14,-1
2024-02-21,2024-02-21 13:51:00,1099.86,1099.86,1099.85,1099.85,-0.0,6.17,6781.14,-1
2024-02-21,2024-02-21 13:52:00,1099.85,1099.85,1099.84,1099.84,-0.0,6.17,6781.14,-1
2024-02-21,2024-02-21 13:53:00,1099.84,1099.84,1099.83,1099.83,-0.0,6.17,6781.14,-1
2024-02-21,2024-02-21 13:54:00,1099.83,1099.83,1099.81,1099.81,-0.0,6.17,6781.14,-1
2024-02-21,2024-02-21 13:55:00,1099.81,1099.81,1099.8,1099.8,-0.0,6.17,6781.14,-1
2024-02-21,2024-02-21 13:56:00,1099.8,1099.8,1099.79,1099.79,-0.0,6.17,6781.14,-1
2024-02-21,2024-02-21 13:57:00,1099.79,1099.79,1099.78,1099.78,-0.0,6.17,6781.14,-1
2024-02-21,2024-02-21 13:58:00,1099.78,1099.78,1099.76,1099.76,-0.0,6.17,6781.14,-1
2024-02-21,2024-02-21 13:59:00,1099.76,1099.76,1099.75,1099.75,-0.0,6.17,6781.14,-1
2024-02-21,2024-02-21 14:00:00,1099.75,1099.75,1099.74,1099.74,-0.0,6.17,6781.14,-1
2024-02-21,2024-02-21 14:01:00,1099.74,1099.74,1099.72,1099.72,-0.0,6.17,6781.14,-1
2024-02-21,2024-02-21 14:02:00,1099.72,1099.72,1099.71,1099.71,-0.0,6.17,6781.14,-1
2024-02-21,2024-02-21 14:03:00,1099.71,1099.71,1099.7,1099.7,-0.0,6.17,6781.14,-1
2024-02-21,2024-02-21 14:04:00,1099.7,1099.7,1099.69,1099.69,-0.0,6.17,6781.14,-1
2024-02-21,2024-02-21 14:05:00,1099.69,1099.69,1099.67,1099.67,-0.0,6.17,6781.14,-1
2024-02-21,2024-02-21 14:06:00,1099.67,1099.67,1099.66,1099.66,-0.0,6.17,6781.14,-1
2024-02-21,2024-02-21 14:07:00,1099.66,1099.66,1099.65,1099.65,-0.0,6.17,6781.14,-1
2024-02-21,2024-02-21 14:08:00,1099.65,1099.65,1099.64,1099.64,-0.0,6.17,6781.14,-1
2024-02-21,2024-02-21 14:09:00,1099.64,1099.64,1099.62,1099.62,-0.0,6.17,6781.14,-1
2024-02-21,2024-02-21 14:10:00,1099.62,1099.62,1099.61,1099.61,-0.0,6.17,6781.14,-1
2024-02-21,2024-02-21 14:11:00,1099.61,1099.61,1099.6,1099.6,-0.0,6.17,6781.14,-1
2024-02-21,2024-02-21 14:12:00,1099.6,1099.6,1099.59,1099.59,-0.0,6.17,6781.14,-1
2024-02-21,2024-02-21 14:13:00,1099.59,1099.59,1099.58,1099.58,-0.0,6.17,6781.14,-1
2024-02-21,2024-02-21 14:14:00,1099.58,1099.58,1099.56,1099.56,-0.0,6.17,6781.14,-1
2024-02-21,2024-02-21 14:15:00,1099.56,1099.56,1099.55,1099.55,-0.0,6.17,6781.14,-1
2024-02-21,2024-02-21 14:16:00,1099.55,1099.55,1099.54,1099.54,-0.0,6.17,6781.14,-1
2024-02-21,2024-02-21 14:17:00,1099.54,1099.54,1099.53,1099.53,-0.0,6.17,6781.14,-1
2024-02-21,2024-02-21 14:18:00,1099.53,1099.53,1099.51,1099.51,-0.0,6.17,6781.14,-1
2024-02-21,2024-02-21 14:19:00,1099.51,1099.51,1099.5,1099.5,-0.0,6.17,6781.14,-1
2024-02-21,2024-02-21 14:20:00,1099.5,1099.5,1099.49,1099.49,-0.0,6.17,6781.14,-1
2024-02-21,2024-02-21 14:21:00,1099.49,1099.49,1099.47,1099.47,-0.0,6.17,6781.14,-1
2024-02-21,2024-02-21 14:22:00,1099.47,1099.47,1099.46,1099.46,-0.0,6.17,6781.14,-1
2024-02-21,2024-02-21 14:23:00,1099.46,1099.46,1099.45,1099.45,-0.0,6.17,6781.14,-1
2024-02-21,2024-02-21 14:24:00,1099.45,1099.45,1099.44,1099.44,-0.0,6.17,6781.14,-1
2024-02-21,2024-02-21 14:25:00,1099.44,1099.44,1099.42,1099.42,-0.0,6.17,6781.14,-1
2024-02-21,2024-02-21 14:26:00,1099.42,1099.42,1099.41,1099.41,-0.0,6.17,6781.14,-1
2024-02-21,2024-02-21 14:27:00,1099.41,1099.41,1099.4,1099.4,-0.0,6.17,6781.14,-1
2024-02-21,2024-02-21 14:28:00,1099.4,1099.4,1099.39,1099.39,-0.0,6.17,6781.14,-1
2024-02-21,2024-02-21 14:29:00,1099.39,1099.39,1099.38,1099.38,-0.0,6.17,6781.14,-1
2024-02-21,2024-02-21 14:30:00,1099.38,1099.38,1099.36,1099.36,-0.0,6.17,6781.14,-1
2024-02-21,2024-02-21 14:31:00,1099.36,1099.36,1099.35,1099.35,-0.0,6.17,6781.14,-1
2024-02-21,2024-02-21 14:32:00,1099.35,1099.35,1099.34,1099.34,-0.0,6.17,6781.14,-1
2024-02-21,2024-02-21 14:33:00,1099.34,1099.34,1099.33,1099.33,-0.0,6.17,6781.14,-1
2024-02-21,2024-02-21 14:34:00,1099.33,1099.33,1099.31,1099.31,-0.0,6.17,6781.14,-1
2024-02-21,2024-02-21 14:35:00,1099.31,1099.31,1099.3,1099.3,-0.0,6.17,6781.14,-1
2024-02-21,2024-02-21 14:36:00,1099.3,1099.3,1099.29,1099.29,-0.0,6.17,6781.14,-1
2024-02-21,2024-02-21 14:37:00,1099.29,1099.29,1099.28,1099.28,-0.0,6.17,6781.14,-1
2024-02-21,2024-02-21 14:38:00,1099.28,1099.28,1099.26,1099.26,-0.0,6.17,6781.14,-1
2024-02-21,2024-02-21 14:39:00,1099.26,1099.26,1099.25,1099.25,-0.0,6.17,6781.14,-1
2024-02-21,2024-02-21 14:40:00,1099.25,1099.25,1099.24,1099.24,-0.0,6.17,6781.14,-1
2024-02-21,2024-02-21 14:41:00,1099.24,1099.24,1099.22,1099.22,-0.0,6.17,6781.14,-1
2024-02-21,2024-02-21 14:42:00,1099.22,1099.22,1099.21,1099.21,-0.0,6.17,6781.14,-1
2024-02-21,2024-02-21 14:43:00,1099.21,1099.21,1099.2,1099.2,-0.0,6.17,6781.14,-1
2024-02-21,2024-02-21 14:44:00,1099.2,1099.2,1099.19,1099.19,-0.0,6.17,6781.14,-1
2024-02-21,2024-02-21 14:45:00,1099.19,1099.19,1099.17,1099.17,-0.0,6.17,6781.14,-1
2024-02-21,2024-02-21 14:46:00,1099.17,1099.17,1099.16,1099.16,-0.0,6.17,6781.14,-1
2024-02-21,2024-02-21 14:47:00,1099.16,1099.16,1099.15,1099.15,-0.0,6.17,6781.14,-1
2024-02-21,2024-02-21 14:48:00,1099.15,1099.15,1099.14,1099.14,-0.0,6.17,6781.14,-1
2024-02-21,2024-02-21 14:49:00,1099.14,1099.14,1099.12,1099.12,-0.0,6.17,6781.14,-1
2024-02-21,2024-02-21 14:50:00,1099.12,1099.12,1099.11,1099.11,-0.0,6.17,6781.14,-1
2024-02-21,2024-02-21 14:51:00,1099.11,1099.11,1099.1,1099.1,-0.0,6.17,6781.14,-1
2024-02-21,2024-02-21 14:52:00,1099.1,1099.1,1099.09,1099.09,-0.0,6.17,6781.14,-1
2024-02-21,2024-02-21 14:53:00,1099.09,1099.09,1099.08,1099.08,-0.0,6.17,6781.14,-1
2024-02-21,2024-02-21 14:54:00,1099.08,1099.08,1099.06,1099.06,-0.0,6.17,6781.14,-1
2024-02-21,2024-02-21 14:55:00,1099.06,1099.06,1099.05,1099.05,-0.0,6.17,6781.14,-1
2024-02-21,2024-02-21 14:56:00,1099.05,1099.05,1099.04,1099.04,-0.0,6.17,6781.14,-1
2024-02-21,2024-02-21 14:57:00,1099.04,1099.04,1099.03,1099.03,-0.0,6.17,6781.14,-1
2024-02-21,2024-02-21 14:58:00,1099.03,1099.03,1099.01,1099.01,-0.0,6.17,6781.14,-1
2024-02-21,2024-02-21 14:59:00,1099.01,1099.01,1099.0,1099.0,-0.0,6.17,6781.14,-1
2024-02-21,2024-02-21 15:00:00,1099.0,1116.7,1090.0,1099.0,0.0,6.17,6781.14,0
2024-02-22,2024-02-22 11:00:00,1085.0,1121.9,1085.0,1085.24,0.02,22.08,24474.22,1
2024-02-22,2024-02-22 11:01:00,1085.24,1085.48,1085.24,1085.48,0.02,22.08,24474.22,1
2024-02-22,2024-02-22 11:02:00,1085.48,1085.72,1085.48,1085.72,0.02,22.08,24474.22,1
2024-02-22,2024-02-22 11:03:00,1085.72,1085.96,1085.72,1085.96,0.02,22.08,24474.22,1
2024-02-22,2024-02-22 11:04:00,1085.96,1086.2,1085.96,1086.2,0.02,22.08,24474.22,1
2024-02-22,2024-02-22 11:05:00,1086.2,1086.43,1086.2,1086.43,0.02,22.08,24474.22,1
2024-02-22,2024-02-22 11:06:00,1086.43,1086.67,1086.43,1086.67,0.02,22.08,24474.22,1
2024-02-22,2024-02-22 11:07:00,1086.67,1086.91,1086.67,1086.91,0.02,22.08,24474.22,1
2024-02-22,2024-02-22 11:08:00,1086.91,1087.15,1086.91,1087.15,0.02,22.08,24474.22,1
2024-02-22,2024-02-22 11:09:00,1087.15,1087.39,1087.15,1087.39,0.02,22.08,24474.22,1
2024-02-22,2024-02-22 11:10:00,1087.39,1087.63,1087.39,1087.63,0.02,22.08,24474.22,1
2024-02-22,2024-02-22 11:11:00,1087.63,1087.87,1087.63,1087.87,0.02,22.08,24474.22,1
2024-02-22,2024-02-22 11:12:00,1087.87,1088.11,1087.87,1088.11,0.02,22.08,24474.22,1
2024-02-22,2024-02-22 11:13:00,1088.11,1088.35,1088.11,1088.35,0.02,22.08,24474.22,1
2024-02-22,2024-02-22 11:14:00,1088.35,1088.59,1088.35,1088.59,0.02,22.08,24474.22,1
2024-02-22,2024-02-22 11:15:00,1088.59,1088.83,1088.59,1088.83,0.02,22.08,24474.22,1
2024-02-22,2024-02-22 11:16:00,1088.83,1089.07,1088.83,1089.07,0.02,22.08,24474.22,1
2024-02-22,2024-02-22 11:17:00,1089.07,1089.31,1089.07,1089.31,0.02,22.08,24474.22,1
2024-02-22,2024-02-22 11:18:00,1089.31,1089.54,1089.31,1089.54,0.02,22.08,24474.22,1
2024-02-22,2024-02-22 11:19:00,1089.54,1089.78,1089.54,1089.78,0.02,22.08,24474.22,1
2024-02-22,2024-02-22 11:20:00,1089.78,1090.02,1089.78,1090.02,0.02,22.08,24474.22,1
2024-02-22,2024-02-22 11:21:00,1090.02,1090.26,1090.02,1090.26,0.02,22.08,24474.22,1
2024-02-22,2024-02-22 11:22:00,1090.26,1090.5,1090.26,1090.5,0.02,22.08,24474.22,1
2024-02-22,2024-02-22 11:23:00,1090.5,1090.74,1090.5,1090.74,0.02,22.08,24474.22,1
2024-02-22,2024-02-22 11:24:00,1090.74,1090.98,1090.74,1090.98,0.02,22.08,24474.22,1
2024-02-22,2024-02-22 11:25:00,1090.98,1091.22,1090.98,1091.22,0.02,22.08,24474.22,1
2024-02-22,2024-02-22 11:26:00,1091.22,1091.46,1091.22,1091.46,0.02,22.08,24474.22,1
2024-02-22,2024-02-22 11:27:00,1091.46,1091.7,1091.46,1091.7,0.02,22.08,24474.22,1
2024-02-22,2024-02-22 11:28:00,1091.7,1091.94,1091.7,1091.94,0.02,22.08,24474.22,1
2024-02-22,2024-02-22 11:29:00,1091.94,1092.17,1091.94,1092.17,0.02,22.08,24474.22,1
2024-02-22,2024-02-22 11:30:00,1092.17,1092.41,1092.17,1092.41,0.02,22.08,24474.22,1
2024-02-22,2024-02-22 11:31:00,1092.41,1092.65,1092.41,1092.65,0.02,22.08,24474.22,1
2024-02-22,2024-02-22 11:32:00,1092.65,1092.89,1092.65,1092.89,0.02,22.08,24474.22,1
2024-02-22,2024-02-22 11:33:00,1092.89,1093.13,1092.89,1093.13,0.02,22.08,24474.22,1
2024-02-22,2024-02-22 11:34:00,1093.13,1093.37,1093.13,1093.37,0.02,22.08,24474.22,1
2024-02-22,2024-02-22 11:35:00,1093.37,1093.61,1093.37,1093.61,0.02,22.08,24474.22,1
2024-02-22,2024-02-22 11:36:00,1093.61,1093.85,1093.61,1093.85,0.02,22.08,24474.22,1
2024-02-22,2024-02-22 11:37:00,1093.85,1094.09,1093.85,1094.09,0.02,22.08,24474.22,1
2024-02-22,2024-02-22 11:38:00,1094.09,1094.33,1094.09,1094.33,0.02,22.08,24474.22,1
2024-02-22,2024-02-22 11:39:00,1094.33,1094.57,1094.33,1094.57,0.02,22.08,24474.22,1
2024-02-22,2024-02-22 11:40:00,1094.57,1094.81,1094.57,1094.81,0.02,22.08,24474.22,1
2024-02-22,2024-02-22 11:41:00,1094.81,1095.05,1094.81,1095.05,0.02,22.08,24474.22,1
2024-02-22,2024-02-22 11:42:00,1095.05,1095.28,1095.05,1095.28,0.02,22.08,24474.22,1
2024-02-22,2024-02-22 11:43:00,1095.28,1095.52,1095.28,1095.52,0.02,22.08,24474.22,1
2024-02-22,2024-02-22 11:44:00,1095.52,1095.76,1095.52,1095.76,0.02,22.08,24474.22,1
2024-02-22,2024-02-22 11:45:00,1095.76,1096.0,1095.76,1096.0,0.02,22.08,24474.22,1
2024-02-22,2024-02-22 11:46:00,1096.0,1096.24,1096.0,1096.24,0.02,22.08,24474.22,1
2024-02-22,2024-02-22 11:47:00,1096.24,1096.48,1096.24,1096.48,0.02,22.08,24474.22,1
2024-02-22,2024-02-22 11:48:00,1096.48,1096.72,1096.48,1096.72,0.02,22.08,24474.22,1
2024-02-22,2024-02-22 11:49:00,1096.72,1096.96,1096.72,1096.96,0.02,22.08,24474.22,1
2024-02-22,2024-02-22 11:50:00,1096.96,1097.2,1096.96,1097.2,0.02,22.08,24474.22,1
2024-02-22,2024-02-22 11:51:00,1097.2,1097.44,1097.2,1097.44,0.02,22.08,24474.22,1
2024-02-22,2024-02-22 11:52:00,1097.44,1097.68,1097.44,1097.68,0.02,22.08,24474.22,1
2024-02-22,2024-02-22 11:53:00,1097.68,1097.91,1097.68,1097.91,0.02,22.08,24474.22,1
2024-02-22,2024-02-22 11:54:00,1097.91,1098.15,1097.91,1098.15,0.02,22.08,24474.22,1
2024-02-22,2024-02-22 11:55:00,1098.15,1098.39,1098.15,1098.39,0.02,22.08,24474.22,1
2024-02-22,2024-02-22 11:56:00,1098.39,1098.63,1098.39,1098.63,0.02,22.08,24474.22,1
2024-02-22,2024-02-22 11:57:00,1098.63,1098.87,1098.63,1098.87,0.02,22.08,24474.22,1
2024-02-22,2024-02-22 11:58:00,1098.87,1099.11,1098.87,1099.11,0.02,22.08,24474.22,1
2024-02-22,2024-02-22 11:59:00,1099.11,1099.35,1099.11,1099.35,0.02,22.08,24474.22,1
2024-02-22,2024-02-22 12:00:00,1099.35,1099.59,1099.35,1099.59,0.02,22.08,24474.22,1
2024-02-22,2024-02-22 12:01:00,1099.59,1099.83,1099.59,1099.83,0.02,22.08,24474.22,1
2024-02-22,2024-02-22 12:02:00,1099.83,1100.07,1099.83,1100.07,0.02,22.08,24474.22,1
2024-02-22,2024-02-22 12:03:00,1100.07,1100.31,1100.07,1100.31,0.02,22.08,24474.22,1
2024-02-22,2024-02-22 12:04:00,1100.31,1100.55,1100.31,1100.55,0.02,22.08,24474.22,1
2024-02-22,2024-02-22 12:05:00,1100.55,1100.79,1100.55,1100.79,0.02,22.08,24474.22,1
2024-02-22,2024-02-22 12:06:00,1100.79,1101.02,1100.79,1101.02,0.02,22.08,24474.22,1
2024-02-22,2024-02-22 12:07:00,1101.02,1101.26,1101.02,1101.26,0.02,22.08,24474.22,1
2024-02-22,2024-02-22 12:08:00,1101.26,1101.5,1101.26,1101.5,0.02,22.08,24474.22,1
2024-02-22,2024-02-22 12:09:00,1101.5,1101.74,1101.5,1101.74,0.02,22.08,24474.22,1
2024-02-22,2024-02-22 12:10:00,1101.74,1101.98,1101.74,1101.98,0.02,22.08,24474.22,1
2024-02-22,2024-02-22 12:11:00,1101.98,1102.22,1101.98,1102.22,0.02,22.08,24474.22,1
2024-02-22,2024-02-22 12:12:00,1102.22,1102.46,1102.22,1102.46,0.02,22.08,24474.22,1
2024-02-22,2024-02-22 12:13:00,1102.46,1102.7,1102.46,1102.7,0.02,22.08,24474.22,1
2024-02-22,2024-02-22 12:14:00,1102.7,1102.94,1102.7,1102.94,0.02,22.08,24474.22,1
2024-02-22,2024-02-22 12:15:00,1102.94,1103.18,1102.94,1103.18,0.02,22.08,24474.22,1
2024-02-22,2024-02-22 12:16:00,1103.18,1103.42,1103.18,1103.42,0.02,22.08,24474.22,1
2024-02-22,2024-02-22 12:17:00,1103.42,1103.65,1103.42,1103.65,0.02,22.08,24474.22,1
2024-02-22,2024-02-22 12:18:00,1103.65,1103.89,1103.65,1103.89,0.02,22.08,24474.22,1
2024-02-22,2024-02-22 12:19:00,1103.89,1104.13,1103.89,1104.13,0.02,22.08,24474.22,1
2024-02-22,2024-02-22 12:20:00,1104.13,1104.37,1104.13,1104.37,0.02,22.08,24474.22,1
2024-02-22,2024-02-22 12:21:00,1104.37,1104.61,1104.37,1104.61,0.02,22.08,24474.22,1
2024-02-22,2024-02-22 12:22:00,1104.61,1104.85,1104.61,1104.85,0.02,22.08,24474.22,1
2024-02-22,2024-02-22 12:23:00,1104.85,1105.09,1104.85,1105.09,0.02,22.08,24474.22,1
2024-02-22,2024-02-22 12:24:00,1105.09,1105.33,1105.09,1105.33,0.02,22.08,24474.22,1
2024-02-22,2024-02-22 12:25:00,1105.33,1105.57,1105.33,1105.57,0.02,22.08,24474.22,1
2024-02-22,2024-02-22 12:26:00,1105.57,1105.81,1105.57,1105.81,0.02,22.08,24474.22,1
2024-02-22,2024-02-22 12:27:00,1105.81,1106.05,1105.81,1106.05,0.02,22.08,24474.22,1
2024-02-22,2024-02-22 12:28:00,1106.05,1106.29,1106.05,1106.29,0.02,22.08,24474.22,1
2024-02-22,2024-02-22 12:29:00,1106.29,1106.53,1106.29,1106.53,0.02,22.08,24474.22,1
2024-02-22,2024-02-22 12:30:00,1106.53,1106.76,1106.53,1106.76,0.02,22.08,24474.22,1
2024-02-22,2024-02-22 12:31:00,1106.76,1107.0,1106.76,1107.0,0.02,22.08,24474.22,1
2024-02-22,2024-02-22 12:32:00,1107.0,1107.24,1107.0,1107.24,0.02,22.08,24474.22,1
2024-02-22,2024-02-22 12:33:00,1107.24,1107.48,1107.24,1107.48,0.02,22.08,24474.22,1
2024-02-22,2024-02-22 12:34:00,1107.48,1107.72,1107.48,1107.72,0.02,22.08,24474.22,1
2024-02-22,2024-02-22 12:35:00,1107.72,1107.96,1107.72,1107.96,0.02,22.08,24474.22,1
2024-02-22,2024-02-22 12:36:00,1107.96,1108.2,1107.96,1108.2,0.02,22.08,24474.22,1
2024-02-22,2024-02-22 12:37:00,1108.2,1108.44,1108.2,1108.44,0.02,22.08,24474.22,1
2024-02-22,2024-02-22 12:38:00,1108.44,1108.68,1108.44,1108.68,0.02,22.08,24474.22,1
2024-02-22,2024-02-22 12:39:00,1108.68,1108.92,1108.68,1108.92,0.02,22.08,24474.22,1
2024-02-22,2024-02-22 12:40:00,1108.92,1109.16,1108.92,1109.16,0.02,22.08,24474.22,1
2024-02-22,2024-02-22 12:41:00,1109.16,1109.39,1109.16,1109.39,0.02,22.08,24474.22,1
2024-02-22,2024-02-22 12:42:00,1109.39,1109.63,1109.39,1109.63,0.02,22.08,24474.22,1
2024-02-22,2024-02-22 12:43:00,1109.63,1109.87,1109.63,1109.87,0.02,22.08,24474.22,1
2024-02-22,2024-02-22 12:44:00,1109.87,1110.11,1109.87,1110.11,0.02,22.08,24474.22,1
2024-02-22,2024-02-22 12:45:00,1110.11,1110.35,1110.11,1110.35,0.02,22.08,24474.22,1
2024-02-22,2024-02-22 12:46:00,1110.35,1110.59,1110.35,1110.59,0.02,22.08,24474.22,1
2024-02-22,2024-02-22 12:47:00,1110.59,1110.83,1110.59,1110.83,0.02,22.08,24474.22,1
2024-02-22,2024-02-22 12:48:00,1110.83,1111.07,1110.83,1111.07,0.02,22.08,24474.22,1
2024-02-22,2024-02-22 12:49:00,1111.07,1111.31,1111.07,1111.31,0.02,22.08,24474.22,1
2024-02-22,2024-02-22 12:50:00,1111.31,1111.55,1111.31,1111.55,0.02,22.08,24474.22,1
2024-02-22,2024-02-22 12:51:00,1111.55,1111.79,1111.55,1111.79,0.02,22.08,24474.22,1
2024-02-22,2024-02-22 12:52:00,1111.79,1112.03,1111.79,1112.03,0.02,22.08,24474.22,1
2024-02-22,2024-02-22 12:53:00,1112.03,1112.27,1112.03,1112.27,0.02,22.08,24474.22,1
2024-02-22,2024-02-22 12:54:00,1112.27,1112.5,1112.27,1112.5,0.02,22.08,24474.22,1
2024-02-22,2024-02-22 12:55:00,1112.5,1112.74,1112.5,1112.74,0.02,22.08,24474.22,1
2024-02-22,2024-02-22 12:56:00,1112.74,1112.98,1112.74,1112.98,0.02,22.08,24474.22,1
2024-02-22,2024-02-22 12:57:00,1112.98,1113.22,1112.98,1113.22,0.02,22.08,24474.22,1
2024-02-22,2024-02-22 12:58:00,1113.22,1113.46,1113.22,1113.46,0.02,22.08,24474.22,1
2024-02-22,2024-02-22 12:59:00,1113.46,1113.7,1113.46,1113.7,0.02,22.08,24474.22,1
2024-02-22,2024-02-22 13:00:00,1113.7,1208.0,1085.0,1113.94,0.02,22.08,24474.22,1
2024-02-22,2024-02-22 13:01:00,1113.94,1114.18,1113.94,1114.18,0.02,22.08,24474.22,1
2024-02-22,2024-02-22 13:02:00,1114.18,1114.42,1114.18,1114.42,0.02,22.08,24474.22,1
2024-02-22,2024-02-22 13:03:00,1114.42,1114.66,1114.42,1114.66,0.02,22.08,24474.22,1
2024-02-22,2024-02-22 13:04:00,1114.66,1114.9,1114.66,1114.9,0.02,22.08,24474.22,1
2024-02-22,2024-02-22 13:05:00,1114.9,1115.13,1114.9,1115.13,0.02,22.08,24474.22,1
2024-02-22,2024-02-22 13:06:00,1115.13,1115.37,1115.13,1115.37,0.02,22.08,24474.22,1
2024-02-22,2024-02-22 13:07:00,1115.37,1115.61,1115.37,1115.61,0.02,22.08,24474.22,1
2024-02-22,2024-02-22 13:08:00,1115.61,1115.85,1115.61,1115.85,0.02,22.08,24474.22,1
2024-02-22,2024-02-22 13:09:00,1115.85,1116.09,1115.85,1116.09,0.02,22.08,24474.22,1
2024-02-22,2024-02-22 13:10:00,1116.09,1116.33,1116.09,1116.33,0.02,22.08,24474.22,1
2024-02-22,2024-02-22 13:11:00,1116.33,1116.57,1116.33,1116.57,0.02,22.08,24474.22,1
2024-02-22,2024-02-22 13:12:00,1116.57,1116.81,1116.57,1116.81,0.02,22.08,24474.22,1
2024-02-22,2024-02-22 13:13:00,1116.81,1117.05,1116.81,1117.05,0.02,22.08,24474.22,1
2024-02-22,2024-02-22 13:14:00,1117.05,1117.29,1117.05,1117.29,0.02,22.08,24474.22,1
2024-02-22,2024-02-22 13:15:00,1117.29,1117.53,1117.29,1117.53,0.02,22.08,24474.22,1
2024-02-22,2024-02-22 13:16:00,1117.53,1117.77,1117.53,1117.77,0.02,22.08,24474.22,1
2024-02-22,2024-02-22 13:17:00,1117.77,1118.01,1117.77,1118.01,0.02,22.08,24474.22,1
2024-02-22,2024-02-22 13:18:00,1118.01,1118.24,1118.01,1118.24,0.02,22.08,24474.22,1
2024-02-22,2024-02-22 13:19:00,1118.24,1118.48,1118.24,1118.48,0.02,22.08,24474.22,1
2024-02-22,2024-02-22 13:20:00,1118.48,1118.72,1118.48,1118.72,0.02,22.08,24474.22,1
2024-02-22,2024-02-22 13:21:00,1118.72,1118.96,1118.72,1118.96,0.02,22.08,24474.22,1
2024-02-22,2024-02-22 13:22:00,1118.96,1119.2,1118.96,1119.2,0.02,22.08,24474.22,1
2024-02-22,2024-02-22 13:23:00,1119.2,1119.44,1119.2,1119.44,0.02,22.08,24474.22,1
2024-02-22,2024-02-22 13:24:00,1119.44,1119.68,1119.44,1119.68,0.02,22.08,24474.22,1
2024-02-22,2024-02-22 13:25:00,1119.68,1119.92,1119.68,1119.92,0.02,22.08,24474.22,1
2024-02-22,2024-02-22 13:26:00,1119.92,1120.16,1119.92,1120.16,0.02,22.08,24474.22,1
2024-02-22,2024-02-22 13:27:00,1120.16,1120.4,1120.16,1120.4,0.02,22.08,24474.22,1
2024-02-22,2024-02-22 13:28:00,1120.4,1120.64,1120.4,1120.64,0.02,22.08,24474.22,1
2024-02-22,2024-02-22 13:29:00,1120.64,1120.88,1120.64,1120.88,0.02,22.08,24474.22,1
2024-02-22,2024-02-22 13:30:00,1120.88,1121.11,1120.88,1121.11,0.02,22.08,24474.22,1
2024-02-22,2024-02-22 13:31:00,1121.11,1121.35,1121.11,1121.35,0.02,22.08,24474.22,1
2024-02-22,2024-02-22 13:32:00,1121.35,1121.59,1121.35,1121.59,0.02,22.08,24474.22,1
2024-02-22,2024-02-22 13:33:00,1121.59,1121.83,1121.59,1121.83,0.02,22.08,24474.22,1
2024-02-22,2024-02-22 13:34:00,1121.83,1122.07,1121.83,1122.07,0.02,22.08,24474.22,1
2024-02-22,2024-02-22 13:35:00,1122.07,1122.31,1122.07,1122.31,0.02,22.08,24474.22,1
2024-02-22,2024-02-22 13:36:00,1122.31,1122.55,1122.31,1122.55,0.02,22.08,24474.22,1
2024-02-22,2024-02-22 13:37:00,1122.55,1122.79,1122.55,1122.79,0.02,22.08,24474.22,1
2024-02-22,2024-02-22 13:38:00,1122.79,1123.03,1122.79,1123.03,0.02,22.08,24474.22,1
2024-02-22,2024-02-22 13:39:00,1123.03,1123.27,1123.03,1123.27,0.02,22.08,24474.22,1
2024-02-22,2024-02-22 13:40:00,1123.27,1123.51,1123.27,1123.51,0.02,22.08,24474.22,1
2024-02-22,2024-02-22 13:41:00,1123.51,1123.75,1123.51,1123.75,0.02,22.08,24474.22,1
2024-02-22,2024-02-22 13:42:00,1123.75,1123.98,1123.75,1123.98,0.02,22.08,24474.22,1
2024-02-22,2024-02-22 13:43:00,1123.98,1124.22,1123.98,1124.22,0.02,22.08,24474.22,1
2024-02-22,2024-02-22 13:44:00,1124.22,1124.46,1124.22,1124.46,0.02,22.08,24474.22,1
2024-02-22,2024-02-22 13:45:00,1124.46,1124.7,1124.46,1124.7,0.02,22.08,24474.22,1
2024-02-22,2024-02-22 13:46:00,1124.7,1124.94,1124.7,1124.94,0.02,22.08,24474.22,1
2024-02-22,2024-02-22 13:47:00,1124.94,1125.18,1124.94,1125.18,0.02,22.08,24474.22,1
2024-02-22,2024-02-22 13:48:00,1125.18,1125.42,1125.18,1125.42,0.02,22.08,24474.22,1
2024-02-22,2024-02-22 13:49:00,1125.42,1125.66,1125.42,1125.66,0.02,22.08,24474.22,1
2024-02-22,2024-02-22 13:50:00,1125.66,1125.9,1125.66,1125.9,0.02,22.08,24474.22,1
2024-02-22,2024-02-22 13:51:00,1125.9,1126.14,1125.9,1126.14,0.02,22.08,24474.22,1
2024-02-22,2024-02-22 13:52:00,1126.14,1126.38,1126.14,1126.38,0.02,22.08,24474.22,1
2024-02-22,2024-02-22 13:53:00,1126.38,1126.62,1126.38,1126.62,0.02,22.08,24474.22,1
2024-02-22,2024-02-22 13:54:00,1126.62,1126.85,1126.62,1126.85,0.02,22.08,24474.22,1
2024-02-22,2024-02-22 13:55:00,1126.85,1127.09,1126.85,1127.09,0.02,22.08,24474.22,1
2024-02-22,2024-02-22 13:56:00,1127.09,1127.33,1127.09,1127.33,0.02,22.08,24474.22,1
2024-02-22,2024-02-22 13:57:00,1127.33,1127.57,1127.33,1127.57,0.02,22.08,24474.22,1
2024-02-22,2024-02-22 13:58:00,1127.57,1127.81,1127.57,1127.81,0.02,22.08,24474.22,1
2024-02-22,2024-02-22 13:59:00,1127.81,1128.05,1127.81,1128.05,0.02,22.08,24474.22,1
2024-02-22,2024-02-22 14:00:00,1128.05,1128.29,1128.05,1128.29,0.02,22.08,24474.22,1
2024-02-22,2024-02-22 14:01:00,1128.29,1128.53,1128.29,1128.53,0.02,22.08,24474.22,1
2024-02-22,2024-02-22 14:02:00,1128.53,1128.77,1128.53,1128.77,0.02,22.08,24474.22,1
2024-02-22,2024-02-22 14:03:00,1128.77,1129.01,1128.77,1129.01,0.02,22.08,24474.22,1
2024-02-22,2024-02-22 14:04:00,1129.01,1129.25,1129.01,1129.25,0.02,22.08,24474.22,1
2024-02-22,2024-02-22 14:05:00,1129.25,1129.49,1129.25,1129.49,0.02,22.08,24474.22,1
2024-02-22,2024-02-22 14:06:00,1129.49,1129.72,1129.49,1129.72,0.02,22.08,24474.22,1
2024-02-22,2024-02-22 14:07:00,1129.72,1129.96,1129.72,1129.96,0.02,22.08,24474.22,1
2024-02-22,2024-02-22 14:08:00,1129.96,1130.2,1129.96,1130.2,0.02,22.08,24474.22,1
2024-02-22,2024-02-22 14:09:00,1130.2,1130.44,1130.2,1130.44,0.02,22.08,24474.22,1
2024-02-22,2024-02-22 14:10:00,1130.44,1130.68,1130.44,1130.68,0.02,22.08,24474.22,1
2024-02-22,2024-02-22 14:11:00,1130.68,1130.92,1130.68,1130.92,0.02,22.08,24474.22,1
2024-02-22,2024-02-22 14:12:00,1130.92,1131.16,1130.92,1131.16,0.02,22.08,24474.22,1
2024-02-22,2024-02-22 14:13:00,1131.16,1131.4,1131.16,1131.4,0.02,22.08,24474.22,1
2024-02-22,2024-02-22 14:14:00,1131.4,1131.64,1131.4,1131.64,0.02,22.08,24474.22,1
2024-02-22,2024-02-22 14:15:00,1131.64,1131.88,1131.64,1131.88,0.02,22.08,24474.22,1
2024-02-22,2024-02-22 14:16:00,1131.88,1132.12,1131.88,1132.12,0.02,22.08,24474.22,1
2024-02-22,2024-02-22 14:17:00,1132.12,1132.36,1132.12,1132.36,0.02,22.08,24474.22,1
2024-02-22,2024-02-22 14:18:00,1132.36,1132.59,1132.36,1132.59,0.02,22.08,24474.22,1
2024-02-22,2024-02-22 14:19:00,1132.59,1132.83,1132.59,1132.83,0.02,22.08,24474.22,1
2024-02-22,2024-02-22 14:20:00,1132.83,1133.07,1132.83,1133.07,0.02,22.08,24474.22,1
2024-02-22,2024-02-22 14:21:00,1133.07,1133.31,1133.07,1133.31,0.02,22.08,24474.22,1
2024-02-22,2024-02-22 14:22:00,1133.31,1133.55,1133.31,1133.55,0.02,22.08,24474.22,1
2024-02-22,2024-02-22 14:23:00,1133.55,1133.79,1133.55,1133.79,0.02,22.08,24474.22,1
2024-02-22,2024-02-22 14:24:00,1133.79,1134.03,1133.79,1134.03,0.02,22.08,24474.22,1
2024-02-22,2024-02-22 14:25:00,1134.03,1134.27,1134.03,1134.27,0.02,22.08,24474.22,1
2024-02-22,2024-02-22 14:26:00,1134.27,1134.51,1134.27,1134.51,0.02,22.08,24474.22,1
2024-02-22,2024-02-22 14:27:00,1134.51,1134.75,1134.51,1134.75,0.02,22.08,24474.22,1
2024-02-22,2024-02-22 14:28:00,1134.75,1134.99,1134.75,1134.99,0.02,22.08,24474.22,1
2024-02-22,2024-02-22 14:29:00,1134.99,1135.23,1134.99,1135.23,0.02,22.08,24474.22,1
2024-02-22,2024-02-22 14:30:00,1135.23,1135.46,1135.23,1135.46,0.02,22.08,24474.22,1
2024-02-22,2024-02-22 14:31:00,1135.46,1135.7,1135.46,1135.7,0.02,22.08,24474.22,1
2024-02-22,2024-02-22 14:32:00,1135.7,1135.94,1135.7,1135.94,0.02,22.08,24474.22,1
2024-02-22,2024-02-22 14:33:00,1135.94,1136.18,1135.94,1136.18,0.02,22.08,24474.22,1
2024-02-22,2024-02-22 14:34:00,1136.18,1136.42,1136.18,1136.42,0.02,22.08,24474.22,1
2024-02-22,2024-02-22 14:35:00,1136.42,1136.66,1136.42,1136.66,0.02,22.08,24474.22,1
2024-02-22,2024-02-22 14:36:00,1136.66,1136.9,1136.66,1136.9,0.02,22.08,24474.22,1
2024-02-22,2024-02-22 14:37:00,1136.9,1137.14,1136.9,1137.14,0.02,22.08,24474.22,1
2024-02-22,2024-02-22 14:38:00,1137.14,1137.38,1137.14,1137.38,0.02,22.08,24474.22,1
2024-02-22,2024-02-22 14:39:00,1137.38,1137.62,1137.38,1137.62,0.02,22.08,24474.22,1
2024-02-22,2024-02-22 14:40:00,1137.62,1137.86,1137.62,1137.86,0.02,22.08,24474.22,1
2024-02-22,2024-02-22 14:41:00,1137.86,1138.1,1137.86,1138.1,0.02,22.08,24474.22,1
2024-02-22,2024-02-22 14:42:00,1138.1,1138.33,1138.1,1138.33,0.02,22.08,24474.22,1
2024-02-22,2024-02-22 14:43:00,1138.33,1138.57,1138.33,1138.57,0.02,22.08,24474.22,1
2024-02-22,2024-02-22 14:44:00,1138.57,1138.81,1138.57,1138.81,0.02,22.08,24474.22,1
2024-02-22,2024-02-22 14:45:00,1138.81,1139.05,1138.81,1139.05,0.02,22.08,24474.22,1
2024-02-22,2024-02-22 14:46:00,1139.05,1139.29,1139.05,1139.29,0.02,22.08,24474.22,1
2024-02-22,2024-02-22 14:47:00,1139.29,1139.53,1139.29,1139.53,0.02,22.08,24474.22,1
2024-02-22,2024-02-22 14:48:00,1139.53,1139.77,1139.53,1139.77,0.02,22.08,24474.22,1
2024-02-22,2024-02-22 14:49:00,1139.77,1140.01,1139.77,1140.01,0.02,22.08,24474.22,1
2024-02-22,2024-02-22 14:50:00,1140.01,1140.25,1140.01,1140.25,0.02,22.08,24474.22,1
2024-02-22,2024-02-22 14:51:00,1140.25,1140.49,1140.25,1140.49,0.02,22.08,24474.22,1
2024-02-22,2024-02-22 14:52:00,1140.49,1140.73,1140.49,1140.73,0.02,22.08,24474.22,1
2024-02-22,2024-02-22 14:53:00,1140.73,1140.97,1140.73,1140.97,0.02,22.08,24474.22,1
2024-02-22,2024-02-22 14:54:00,1140.97,1141.2,1140.97,1141.2,0.02,22.08,24474.22,1
2024-02-22,2024-02-22 14:55:00,1141.2,1141.44,1141.2,1141.44,0.02,22.08,24474.22,1
2024-02-22,2024-02-22 14:56:00,1141.44,1141.68,1141.44,1141.68,0.02,22.08,24474.22,1
2024-02-22,2024-02-22 14:57:00,1141.68,1141.92,1141.68,1141.92,0.02,22.08,24474.22,1
2024-02-22,2024-02-22 14:58:00,1141.92,1142.16,1141.92,1142.16,0.02,22.08,24474.22,1
2024-02-22,2024-02-22 14:59:00,1142.16,1142.4,1142.16,1142.4,0.02,22.08,24474.22,1
2024-02-22,2024-02-22 15:00:00,1142.4,1208.0,1085.0,1142.4,0.0,22.08,24474.22,0
2024-02-25,2024-02-25 11:00:00,1119.6,1121.22,1113.12,1119.53,-0.01,18.94,21096.06,-1
2024-02-25,2024-02-25 11:01:00,1119.53,1119.53,1119.45,1119.45,-0.01,18.94,21096.06,-1
2024-02-25,2024-02-25 11:02:00,1119.45,1119.45,1119.38,1119.38,-0.01,18.94,21096.06,-1
2024-02-25,2024-02-25 11:03:00,1119.38,1119.38,1119.31,1119.31,-0.01,18.94,21096.06,-1
2024-02-25,2024-02-25 11:04:00,1119.31,1119.31,1119.23,1119.23,-0.01,18.94,21096.06,-1
2024-02-25,2024-02-25 11:05:00,1119.23,1119.23,1119.16,1119.16,-0.01,18.94,21096.06,-1
2024-02-25,2024-02-25 11:06:00,1119.16,1119.16,1119.09,1119.09,-0.01,18.94,21096.06,-1
2024-02-25,2024-02-25 11:07:00,1119.09,1119.09,1119.01,1119.01,-0.01,18.94,21096.06,-1
2024-02-25,2024-02-25 11:08:00,1119.01,1119.01,1118.94,1118.94,-0.01,18.94,21096.06,-1
2024-02-25,2024-02-25 11:09:00,1118.94,1118.94,1118.87,1118.87,-0.01,18.94,21096.06,-1
2024-02-25,2024-02-25 11:10:00,1118.87,1118.87,1118.79,1118.79,-0.01,18.94,21096.06,-1
2024-02-25,2024-02-25 11:11:00,1118.79,1118.79,1118.72,1118.72,-0.01,18.94,21096.06,-1
2024-02-25,2024-02-25 11:12:00,1118.72,1118.72,1118.65,1118.65,-0.01,18.94,21096.06,-1
2024-02-25,2024-02-25 11:13:00,1118.65,1118.65,1118.57,1118.57,-0.01,18.94,21096.06,-1
2024-02-25,2024-02-25 11:14:00,1118.57,1118.57,1118.5,1118.5,-0.01,18.94,21096.06,-1
2024-02-25,2024-02-25 11:15:00,1118.5,1118.5,1118.43,1118.43,-0.01,18.94,21096.06,-1
2024-02-25,2024-02-25 11:16:00,1118.43,1118.43,1118.35,1118.35,-0.01,18.94,21096.06,-1
2024-02-25,2024-02-25 11:17:00,1118.35,1118.35,1118.28,1118.28,-0.01,18.94,21096.06,-1
2024-02-25,2024-02-25 11:18:00,1118.28,1118.28,1118.21,1118.21,-0.01,18.94,21096.06,-1
2024-02-25,2024-02-25 11:19:00,1118.21,1118.21,1118.13,1118.13,-0.01,18.94,21096.06,-1
2024-02-25,2024-02-25 11:20:00,1118.13,1118.13,1118.06,1118.06,-0.01,18.94,21096.06,-1
2024-02-25,2024-02-25 11:21:00,1118.06,1118.06,1117.99,1117.99,-0.01,18.94,21096.06,-1
2024-02-25,2024-02-25 11:22:00,1117.99,1117.99,1117.91,1117.91,-0.01,18.94,21096.06,-1
2024-02-25,2024-02-25 11:23:00,1117.91,1117.91,1117.84,1117.84,-0.01,18.94,21096.06,-1
2024-02-25,2024-02-25 11:24:00,1117.84,1117.84,1117.77,1117.77,-0.01,18.94,21096.06,-1
2024-02-25,2024-02-25 11:25:00,1117.77,1117.77,1117.69,1117.69,-0.01,18.94,21096.06,-1
2024-02-25,2024-02-25 11:26:00,1117.69,1117.69,1117.62,1117.62,-0.01,18.94,21096.06,-1
2024-02-25,2024-02-25 11:27:00,1117.62,1117.62,1117.55,1117.55,-0.01,18.94,21096.06,-1
2024-02-25,2024-02-25 11:28:00,1117.55,1117.55,1117.47,1117.47,-0.01,18.94,21096.06,-1
2024-02-25,2024-02-25 11:29:00,1117.47,1117.47,1117.4,1117.4,-0.01,18.94,21096.06,-1
2024-02-25,2024-02-25 11:30:00,1117.4,1117.4,1117.33,1117.33,-0.01,18.94,21096.06,-1
2024-02-25,2024-02-25 11:31:00,1117.33,1117.33,1117.25,1117.25,-0.01,18.94,21096.06,-1
2024-02-25,2024-02-25 11:32:00,1117.25,1117.25,1117.18,1117.18,-0.01,18.94,21096.06,-1
2024-02-25,2024-02-25 11:33:00,1117.18,1117.18,1117.11,1117.11,-0.01,18.94,21096.06,-1
2024-02-25,2024-02-25 11:34:00,1117.11,1117.11,1117.03,1117.03,-0.01,18.94,21096.06,-1
2024-02-25,2024-02-25 11:35:00,1117.03,1117.03,1116.96,1116.96,-0.01,18.94,21096.06,-1
2024-02-25,2024-02-25 11:36:00,1116.96,1116.96,1116.89,1116.89,-0.01,18.94,21096.06,-1
2024-02-25,2024-02-25 11:37:00,1116.89,1116.89,1116.81,1116.81,-0.01,18.94,21096.06,-1
2024-02-25,2024-02-25 11:38:00,1116.81,1116.81,1116.74,1116.74,-0.01,18.94,21096.06,-1
2024-02-25,2024-02-25 11:39:00,1116.74,1116.74,1116.67,1116.67,-0.01,18.94,21096.06,-1
2024-02-25,2024-02-25 11:40:00,1116.67,1116.67,1116.59,1116.59,-0.01,18.94,21096.06,-1
2024-02-25,2024-02-25 11:41:00,1116.59,1116.59,1116.52,1116.52,-0.01,18.94,21096.06,-1
2024-02-25,2024-02-25 11:42:00,1116.52,1116.52,1116.45,1116.45,-0.01,18.94,21096.06,-1
2024-02-25,2024-02-25 11:43:00,1116.45,1116.45,1116.37,1116.37,-0.01,18.94,21096.06,-1
2024-02-25,2024-02-25 11:44:00,1116.37,1116.37,1116.3,1116.3,-0.01,18.94,21096.06,-1
2024-02-25,2024-02-25 11:45:00,1116.3,1116.3,1116.23,1116.23,-0.01,18.94,21096.06,-1
2024-02-25,2024-02-25 11:46:00,1116.23,1116.23,1116.15,1116.15,-0.01,18.94,21096.06,-1
2024-02-25,2024-02-25 11:47:00,1116.15,1116.15,1116.08,1116.08,-0.01,18.94,21096.06,-1
2024-02-25,2024-02-25 11:48:00,1116.08,1116.08,1116.01,1116.01,-0.01,18.94,21096.06,-1
2024-02-25,2024-02-25 11:49:00,1116.01,1116.01,1115.93,1115.93,-0.01,18.94,21096.06,-1
2024-02-25,2024-02-25 11:50:00,1115.93,1115.93,1115.86,1115.86,-0.01,18.94,21096.06,-1
2024-02-25,2024-02-25 11:51:00,1115.86,1115.86,1115.79,1115.79,-0.01,18.94,21096.06,-1
2024-02-25,2024-02-25 11:52:00,1115.79,1115.79,1115.71,1115.71,-0.01,18.94,21096.06,-1
2024-02-25,2024-02-25 11:53:00,1115.71,1115.71,1115.64,1115.64,-0.01,18.94,21096.06,-1
2024-02-25,2024-02-25 11:54:00,1115.64,1115.64,1115.57,1115.57,-0.01,18.94,21096.06,-1
2024-02-25,2024-02-25 11:55:00,1115.57,1115.57,1115.49,1115.49,-0.01,18.94,21096.06,-1
2024-02-25,2024-02-25 11:56:00,1115.49,1115.49,1115.42,1115.42,-0.01,18.94,21096.06,-1
2024-02-25,2024-02-25 11:57:00,1115.42,1115.42,1115.35,1115.35,-0.01,18.94,21096.06,-1
2024-02-25,2024-02-25 11:58:00,1115.35,1115.35,1115.27,1115.27,-0.01,18.94,21096.06,-1
2024-02-25,2024-02-25 11:59:00,1115.27,1115.27,1115.2,1115.2,-0.01,18.94,21096.06,-1
2024-02-25,2024-02-25 12:00:00,1115.2,1115.2,1115.13,1115.13,-0.01,18.94,21096.06,-1
2024-02-25,2024-02-25 12:01:00,1115.13,1115.13,1115.05,1115.05,-0.01,18.94,21096.06,-1
2024-02-25,2024-02-25 12:02:00,1115.05,1115.05,1114.98,1114.98,-0.01,18.94,21096.06,-1
2024-02-25,2024-02-25 12:03:00,1114.98,1114.98,1114.91,1114.91,-0.01,18.94,21096.06,-1
2024-02-25,2024-02-25 12:04:00,1114.91,1114.91,1114.83,1114.83,-0.01,18.94,21096.06,-1
2024-02-25,2024-02-25 12:05:00,1114.83,1114.83,1114.76,1114.76,-0.01,18.94,21096.06,-1
2024-02-25,2024-02-25 12:06:00,1114.76,1114.76,1114.69,1114.69,-0.01,18.94,21096.06,-1
2024-02-25,2024-02-25 12:07:00,1114.69,1114.69,1114.61,1114.61,-0.01,18.94,21096.06,-1
2024-02-25,2024-02-25 12:08:00,1114.61,1114.61,1114.54,1114.54,-0.01,18.94,21096.06,-1
2024-02-25,2024-02-25 12:09:00,1114.54,1114.54,1114.47,1114.47,-0.01,18.94,21096.06,-1
2024-02-25,2024-02-25 12:10:00,1114.47,1114.47,1114.39,1114.39,-0.01,18.94,21096.06,-1
2024-02-25,2024-02-25 12:11:00,1114.39,1114.39,1114.32,1114.32,-0.01,18.94,21096.06,-1
2024-02-25,2024-02-25 12:12:00,1114.32,1114.32,1114.25,1114.25,-0.01,18.94,21096.06,-1
2024-02-25,2024-02-25 12:13:00,1114.25,1114.25,1114.17,1114.17,-0.01,18.94,21096.06,-1
2024-02-25,2024-02-25 12:14:00,1114.17,1114.17,1114.1,1114.1,-0.01,18.94,21096.06,-1
2024-02-25,2024-02-25 12:15:00,1114.1,1114.1,1114.03,1114.03,-0.01,18.94,21096.06,-1
2024-02-25,2024-02-25 12:16:00,1114.03,1114.03,1113.95,1113.95,-0.01,18.94,21096.06,-1
2024-02-25,2024-02-25 12:17:00,1113.95,1113.95,1113.88,1113.88,-0.01,18.94,21096.06,-1
2024-02-25,2024-02-25 12:18:00,1113.88,1113.88,1113.81,1113.81,-0.01,18.94,21096.06,-1
2024-02-25,2024-02-25 12:19:00,1113.81,1113.81,1113.73,1113.73,-0.01,18.94,21096.06,-1
2024-02-25,2024-02-25 12:20:00,1113.73,1113.73,1113.66,1113.66,-0.01,18.94,21096.06,-1
2024-02-25,2024-02-25 12:21:00,1113.66,1113.66,1113.59,1113.59,-0.01,18.94,21096.06,-1
2024-02-25,2024-02-25 12:22:00,1113.59,1113.59,1113.51,1113.51,-0.01,18.94,21096.06,-1
2024-02-25,2024-02-25 12:23:00,1113.51,1113.51,1113.44,1113.44,-0.01,18.94,21096.06,-1
2024-02-25,2024-02-25 12:24:00,1113.44,1113.44,1113.37,1113.37,-0.01,18.94,21096.06,-1
2024-02-25,2024-02-25 12:25:00,1113.37,1113.37,1113.29,1113.29,-0.01,18.94,21096.06,-1
2024-02-25,2024-02-25 12:26:00,1113.29,1113.29,1113.22,1113.22,-0.01,18.94,21096.06,-1
2024-02-25,2024-02-25 12:27:00,1113.22,1113.22,1113.15,1113.15,-0.01,18.94,21096.06,-1
2024-02-25,2024-02-25 12:28:00,1113.15,1113.15,1113.07,1113.07,-0.01,18.94,21096.06,-1
2024-02-25,2024-02-25 12:29:00,1113.07,1113.07,1113.0,1113.0,-0.01,18.94,21096.06,-1
2024-02-25,2024-02-25 12:30:00,1113.0,1113.0,1112.93,1112.93,-0.01,18.94,21096.06,-1
2024-02-25,2024-02-25 12:31:00,1112.93,1112.93,1112.85,1112.85,-0.01,18.94,21096.06,-1
2024-02-25,2024-02-25 12:32:00,1112.85,1112.85,1112.78,1112.78,-0.01,18.94,21096.06,-1
2024-02-25,2024-02-25 12:33:00,1112.78,1112.78,1112.71,1112.71,-0.01,18.94,21096.06,-1
2024-02-25,2024-02-25 12:34:00,1112.71,1112.71,1112.63,1112.63,-0.01,18.94,21096.06,-1
2024-02-25,2024-02-25 12:35:00,1112.63,1112.63,1112.56,1112.56,-0.01,18.94,21096.06,-1
2024-02-25,2024-02-25 12:36:00,1112.56,1112.56,1112.49,1112.49,-0.01,18.94,21096.06,-1
2024-02-25,2024-02-25 12:37:00,1112.49,1112.49,1112.41,1112.41,-0.01,18.94,21096.06,-1
2024-02-25,2024-02-25 12:38:00,1112.41,1112.41,1112.34,1112.34,-0.01,18.94,21096.06,-1
2024-02-25,2024-02-25 12:39:00,1112.34,1112.34,1112.27,1112.27,-0.01,18.94,21096.06,-1
2024-02-25,2024-02-25 12:40:00,1112.27,1112.27,1112.19,1112.19,-0.01,18.94,21096.06,-1
2024-02-25,2024-02-25 12:41:00,1112.19,1112.19,1112.12,1112.12,-0.01,18.94,21096.06,-1
2024-02-25,2024-02-25 12:42:00,1112.12,1112.12,1112.05,1112.05,-0.01,18.94,21096.06,-1
2024-02-25,2024-02-25 12:43:00,1112.05,1112.05,1111.97,1111.97,-0.01,18.94,21096.06,-1
2024-02-25,2024-02-25 12:44:00,1111.97,1111.97,1111.9,1111.9,-0.01,18.94,21096.06,-1
2024-02-25,2024-02-25 12:45:00,1111.9,1111.9,1111.83,1111.83,-0.01,18.94,21096.06,-1
2024-02-25,2024-02-25 12:46:00,1111.83,1111.83,1111.75,1111.75,-0.01,18.94,21096.06,-1
2024-02-25,2024-02-25 12:47:00,1111.75,1111.75,1111.68,1111.68,-0.01,18.94,21096.06,-1
2024-02-25,2024-02-25 12:48:00,1111.68,1111.68,1111.61,1111.61,-0.01,18.94,21096.06,-1
2024-02-25,2024-02-25 12:49:00,1111.61,1111.61,1111.53,1111.53,-0.01,18.94,21096.06,-1
2024-02-25,2024-02-25 12:50:00,1111.53,1111.53,1111.46,1111.46,-0.01,18.94,21096.06,-1
2024-02-25,2024-02-25 12:51:00,1111.46,1111.46,1111.39,1111.39,-0.01,18.94,21096.06,-1
2024-02-25,2024-02-25 12:52:00,1111.39,1111.39,1111.31,1111.31,-0.01,18.94,21096.06,-1
2024-02-25,2024-02-25 12:53:00,1111.31,1111.31,1111.24,1111.24,-0.01,18.94,21096.06,-1
2024-02-25,2024-02-25 12:54:00,1111.24,1111.24,1111.17,1111.17,-0.01,18.94,21096.06,-1
2024-02-25,2024-02-25 12:55:00,1111.17,1111.17,1111.09,1111.09,-0.01,18.94,21096.06,-1
2024-02-25,2024-02-25 12:56:00,1111.09,1111.09,1111.02,1111.02,-0.01,18.94,21096.06,-1
2024-02-25,2024-02-25 12:57:00,1111.02,1111.02,1110.95,1110.95,-0.01,18.94,21096.06,-1
2024-02-25,2024-02-25 12:58:00,1110.95,1110.95,1110.87,1110.87,-0.01,18.94,21096.06,-1
2024-02-25,2024-02-25 12:59:00,1110.87,1110.87,1110.8,1110.8,-0.01,18.94,21096.06,-1
2024-02-25,2024-02-25 13:00:00,1110.8,1125.0,1098.0,1110.73,-0.01,18.94,21096.06,-1
2024-02-25,2024-02-25 13:01:00,1110.73,1110.73,1110.65,1110.65,-0.01,18.94,21096.06,-1
2024-02-25,2024-02-25 13:02:00,1110.65,1110.65,1110.58,1110.58,-0.01,18.94,21096.06,-1
2024-02-25,2024-02-25 13:03:00,1110.58,1110.58,1110.51,1110.51,-0.01,18.94,21096.06,-1
2024-02-25,2024-02-25 13:04:00,1110.51,1110.51,1110.43,1110.43,-0.01,18.94,21096.06,-1
2024-02-25,2024-02-25 13:05:00,1110.43,1110.43,1110.36,1110.36,-0.01,18.94,21096.06,-1
2024-02-25,2024-02-25 13:06:00,1110.36,1110.36,1110.29,1110.29,-0.01,18.94,21096.06,-1
2024-02-25,2024-02-25 13:07:00,1110.29,1110.29,1110.21,1110.21,-0.01,18.94,21096.06,-1
2024-02-25,2024-02-25 13:08:00,1110.21,1110.21,1110.14,1110.14,-0.01,18.94,21096.06,-1
2024-02-25,2024-02-25 13:09:00,1110.14,1110.14,1110.07,1110.07,-0.01,18.94,21096.06,-1
2024-02-25,2024-02-25 13:10:00,1110.07,1110.07,1109.99,1109.99,-0.01,18.94,21096.06,-1
2024-02-25,2024-02-25 13:11:00,1109.99,1109.99,1109.92,1109.92,-0.01,18.94,21096.06,-1
2024-02-25,2024-02-25 13:12:00,1109.92,1109.92,1109.85,1109.85,-0.01,18.94,21096.06,-1
2024-02-25,2024-02-25 13:13:00,1109.85,1109.85,1109.77,1109.77,-0.01,18.94,21096.06,-1
2024-02-25,2024-02-25 13:14:00,1109.77,1109.77,1109.7,1109.7,-0.01,18.94,21096.06,-1
2024-02-25,2024-02-25 13:15:00,1109.7,1109.7,1109.63,1109.63,-0.01,18.94,21096.06,-1
2024-02-25,2024-02-25 13:16:00,1109.63,1109.63,1109.55,1109.55,-0.01,18.94,21096.06,-1
2024-02-25,2024-02-25 13:17:00,1109.55,1109.55,1109.48,1109.48,-0.01,18.94,21096.06,-1
2024-02-25,2024-02-25 13:18:00,1109.48,1109.48,1109.41,1109.41,-0.01,18.94,21096.06,-1
2024-02-25,2024-02-25 13:19:00,1109.41,1109.41,1109.33,1109.33,-0.01,18.94,21096.06,-1
2024-02-25,2024-02-25 13:20:00,1109.33,1109.33,1109.26,1109.26,-0.01,18.94,21096.06,-1
2024-02-25,2024-02-25 13:21:00,1109.26,1109.26,1109.19,1109.19,-0.01,18.94,21096.06,-1
2024-02-25,2024-02-25 13:22:00,1109.19,1109.19,1109.11,1109.11,-0.01,18.94,21096.06,-1
2024-02-25,2024-02-25 13:23:00,1109.11,1109.11,1109.04,1109.04,-0.01,18.94,21096.06,-1
2024-02-25,2024-02-25 13:24:00,1109.04,1109.04,1108.97,1108.97,-0.01,18.94,21096.06,-1
2024-02-25,2024-02-25 13:25:00,1108.97,1108.97,1108.89,1108.89,-0.01,18.94,21096.06,-1
2024-02-25,2024-02-25 13:26:00,1108.89,1108.89,1108.82,1108.82,-0.01,18.94,21096.06,-1
2024-02-25,2024-02-25 13:27:00,1108.82,1108.82,1108.75,1108.75,-0.01,18.94,21096.06,-1
2024-02-25,2024-02-25 13:28:00,1108.75,1108.75,1108.67,1108.67,-0.01,18.94,21096.06,-1
2024-02-25,2024-02-25 13:29:00,1108.67,1108.67,1108.6,1108.6,-0.01,18.94,21096.06,-1
2024-02-25,2024-02-25 13:30:00,1108.6,1108.6,1108.53,1108.53,-0.01,18.94,21096.06,-1
2024-02-25,2024-02-25 13:31:00,1108.53,1108.53,1108.45,1108.45,-0.01,18.94,21096.06,-1
2024-02-25,2024-02-25 13:32:00,1108.45,1108.45,1108.38,1108.38,-0.01,18.94,21096.06,-1
2024-02-25,2024-02-25 13:33:00,1108.38,1108.38,1108.31,1108.31,-0.01,18.94,21096.06,-1
2024-02-25,2024-02-25 13:34:00,1108.31,1108.31,1108.23,1108.23,-0.01,18.94,21096.06,-1
2024-02-25,2024-02-25 13:35:00,1108.23,1108.23,1108.16,1108.16,-0.01,18.94,21096.06,-1
2024-02-25,2024-02-25 13:36:00,1108.16,1108.16,1108.09,1108.09,-0.01,18.94,21096.06,-1
2024-02-25,2024-02-25 13:37:00,1108.09,1108.09,1108.01,1108.01,-0.01,18.94,21096.06,-1
2024-02-25,2024-02-25 13:38:00,1108.01,1108.01,1107.94,1107.94,-0.01,18.94,21096.06,-1
2024-02-25,2024-02-25 13:39:00,1107.94,1107.94,1107.87,1107.87,-0.01,18.94,21096.06,-1
2024-02-25,2024-02-25 13:40:00,1107.87,1107.87,1107.79,1107.79,-0.01,18.94,21096.06,-1
2024-02-25,2024-02-25 13:41:00,1107.79,1107.79,1107.72,1107.72,-0.01,18.94,21096.06,-1
2024-02-25,2024-02-25 13:42:00,1107.72,1107.72,1107.65,1107.65,-0.01,18.94,21096.06,-1
2024-02-25,2024-02-25 13:43:00,1107.65,1107.65,1107.57,1107.57,-0.01,18.94,21096.06,-1
2024-02-25,2024-02-25 13:44:00,1107.57,1107.57,1107.5,1107.5,-0.01,18.94,21096.06,-1
2024-02-25,2024-02-25 13:45:00,1107.5,1107.5,1107.43,1107.43,-0.01,18.94,21096.06,-1
2024-02-25,2024-02-25 13:46:00,1107.43,1107.43,1107.35,1107.35,-0.01,18.94,21096.06,-1
2024-02-25,2024-02-25 13:47:00,1107.35,1107.35,1107.28,1107.28,-0.01,18.94,21096.06,-1
2024-02-25,2024-02-25 13:48:00,1107.28,1107.28,1107.21,1107.21,-0.01,18.94,21096.06,-1
2024-02-25,2024-02-25 13:49:00,1107.21,1107.21,1107.13,1107.13,-0.01,18.94,21096.06,-1
2024-02-25,2024-02-25 13:50:00,1107.13,1107.13,1107.06,1107.06,-0.01,18.94,21096.06,-1
2024-02-25,2024-02-25 13:51:00,1107.06,1107.06,1106.99,1106.99,-0.01,18.94,21096.06,-1
2024-02-25,2024-02-25 13:52:00,1106.99,1106.99,1106.91,1106.91,-0.01,18.94,21096.06,-1
2024-02-25,2024-02-25 13:53:00,1106.91,1106.91,1106.84,1106.84,-0.01,18.94,21096.06,-1
2024-02-25,2024-02-25 13:54:00,1106.84,1106.84,1106.77,1106.77,-0.01,18.94,21096.06,-1
2024-02-25,2024-02-25 13:55:00,1106.77,1106.77,1106.69,1106.69,-0.01,18.94,21096.06,-1
2024-02-25,2024-02-25 13:56:00,1106.69,1106.69,1106.62,1106.62,-0.01,18.94,21096.06,-1
2024-02-25,2024-02-25 13:57:00,1106.62,1106.62,1106.55,1106.55,-0.01,18.94,21096.06,-1
2024-02-25,2024-02-25 13:58:00,1106.55,1106.55,1106.47,1106.47,-0.01,18.94,21096.06,-1
2024-02-25,2024-02-25 13:59:00,1106.47,1106.47,1106.4,1106.4,-0.01,18.94,21096.06,-1
2024-02-25,2024-02-25 14:00:00,1106.4,1106.4,1106.33,1106.33,-0.01,18.94,21096.06,-1
2024-02-25,2024-02-25 14:01:00,1106.33,1106.33,1106.25,1106.25,-0.01,18.94,21096.06,-1
2024-02-25,2024-02-25 14:02:00,1106.25,1106.25,1106.18,1106.18,-0.01,18.94,21096.06,-1
2024-02-25,2024-02-25 14:03:00,1106.18,1106.18,1106.11,1106.11,-0.01,18.94,21096.06,-1
2024-02-25,2024-02-25 14:04:00,1106.11,1106.11,1106.03,1106.03,-0.01,18.94,21096.06,-1
2024-02-25,2024-02-25 14:05:00,1106.03,1106.03,1105.96,1105.96,-0.01,18.94,21096.06,-1
2024-02-25,2024-02-25 14:06:00,1105.96,1105.96,1105.89,1105.89,-0.01,18.94,21096.06,-1
2024-02-25,2024-02-25 14:07:00,1105.89,1105.89,1105.81,1105.81,-0.01,18.94,21096.06,-1
2024-02-25,2024-02-25 14:08:00,1105.81,1105.81,1105.74,1105.74,-0.01,18.94,21096.06,-1
2024-02-25,2024-02-25 14:09:00,1105.74,1105.74,1105.67,1105.67,-0.01,18.94,21096.06,-1
2024-02-25,2024-02-25 14:10:00,1105.67,1105.67,1105.59,1105.59,-0.01,18.94,21096.06,-1
2024-02-25,2024-02-25 14:11:00,1105.59,1105.59,1105.52,1105.52,-0.01,18.94,21096.06,-1
2024-02-25,2024-02-25 14:12:00,1105.52,1105.52,1105.45,1105.45,-0.01,18.94,21096.06,-1
2024-02-25,2024-02-25 14:13:00,1105.45,1105.45,1105.37,1105.37,-0.01,18.94,21096.06,-1
2024-02-25,2024-02-25 14:14:00,1105.37,1105.37,1105.3,1105.3,-0.01,18.94,21096.06,-1
2024-02-25,2024-02-25 14:15:00,1105.3,1105.3,1105.23,1105.23,-0.01,18.94,21096.06,-1
2024-02-25,2024-02-25 14:16:00,1105.23,1105.23,1105.15,1105.15,-0.01,18.94,21096.06,-1
2024-02-25,2024-02-25 14:17:00,1105.15,1105.15,1105.08,1105.08,-0.01,18.94,21096.06,-1
2024-02-25,2024-02-25 14:18:00,1105.08,1105.08,1105.01,1105.01,-0.01,18.94,21096.06,-1
2024-02-25,2024-02-25 14:19:00,1105.01,1105.01,1104.93,1104.93,-0.01,18.94,21096.06,-1
2024-02-25,2024-02-25 14:20:00,1104.93,1104.93,1104.86,1104.86,-0.01,18.94,21096.06,-1
2024-02-25,2024-02-25 14:21:00,1104.86,1104.86,1104.79,1104.79,-0.01,18.94,21096.06,-1
2024-02-25,2024-02-25 14:22:00,1104.79,1104.79,1104.71,1104.71,-0.01,18.94,21096.06,-1
2024-02-25,2024-02-25 14:23:00,1104.71,1104.71,1104.64,1104.64,-0.01,18.94,21096.06,-1
2024-02-25,2024-02-25 14:24:00,1104.64,1104.64,1104.57,1104.57,-0.01,18.94,21096.06,-1
2024-02-25,2024-02-25 14:25:00,1104.57,1104.57,1104.49,1104.49,-0.01,18.94,21096.06,-1
2024-02-25,2024-02-25 14:26:00,1104.49,1104.49,1104.42,1104.42,-0.01,18.94,21096.06,-1
2024-02-25,2024-02-25 14:27:00,1104.42,1104.42,1104.35,1104.35,-0.01,18.94,21096.06,-1
2024-02-25,2024-02-25 14:28:00,1104.35,1104.35,1104.27,1104.27,-0.01,18.94,21096.06,-1
2024-02-25,2024-02-25 14:29:00,1104.27,1104.27,1104.2,1104.2,-0.01,18.94,21096.06,-1
2024-02-25,2024-02-25 14:30:00,1104.2,1104.2,1104.13,1104.13,-0.01,18.94,21096.06,-1
2024-02-25,2024-02-25 14:31:00,1104.13,1104.13,1104.05,1104.05,-0.01,18.94,21096.06,-1
2024-02-25,2024-02-25 14:32:00,1104.05,1104.05,1103.98,1103.98,-0.01,18.94,21096.06,-1
2024-02-25,2024-02-25 14:33:00,1103.98,1103.98,1103.91,1103.91,-0.01,18.94,21096.06,-1
2024-02-25,2024-02-25 14:34:00,1103.91,1103.91,1103.83,1103.83,-0.01,18.94,21096.06,-1
2024-02-25,2024-02-25 14:35:00,1103.83,1103.83,1103.76,1103.76,-0.01,18.94,21096.06,-1
2024-02-25,2024-02-25 14:36:00,1103.76,1103.76,1103.69,1103.69,-0.01,18.94,21096.06,-1
2024-02-25,2024-02-25 14:37:00,1103.69,1103.69,1103.61,1103.61,-0.01,18.94,21096.06,-1
2024-02-25,2024-02-25 14:38:00,1103.61,1103.61,1103.54,1103.54,-0.01,18.94,21096.06,-1
2024-02-25,2024-02-25 14:39:00,1103.54,1103.54,1103.47,1103.47,-0.01,18.94,21096.06,-1
2024-02-25,2024-02-25 14:40:00,1103.47,1103.47,1103.39,1103.39,-0.01,18.94,21096.06,-1
2024-02-25,2024-02-25 14:41:00,1103.39,1103.39,1103.32,1103.32,-0.01,18.94,21096.06,-1
2024-02-25,2024-02-25 14:42:00,1103.32,1103.32,1103.25,1103.25,-0.01,18.94,21096.06,-1
2024-02-25,2024-02-25 14:43:00,1103.25,1103.25,1103.17,1103.17,-0.01,18.94,21096.06,-1
2024-02-25,2024-02-25 14:44:00,1103.17,1103.17,1103.1,1103.1,-0.01,18.94,21096.06,-1
2024-02-25,2024-02-25 14:45:00,1103.1,1103.1,1103.03,1103.03,-0.01,18.94,21096.06,-1
2024-02-25,2024-02-25 14:46:00,1103.03,1103.03,1102.95,1102.95,-0.01,18.94,21096.06,-1
2024-02-25,2024-02-25 14:47:00,1102.95,1102.95,1102.88,1102.88,-0.01,18.94,21096.06,-1
2024-02-25,2024-02-25 14:48:00,1102.88,1102.88,1102.81,1102.81,-0.01,18.94,21096.06,-1
2024-02-25,2024-02-25 14:49:00,1102.81,1102.81,1102.73,1102.73,-0.01,18.94,21096.06,-1
2024-02-25,2024-02-25 14:50:00,1102.73,1102.73,1102.66,1102.66,-0.01,18.94,21096.06,-1
2024-02-25,2024-02-25 14:51:00,1102.66,1102.66,1102.59,1102.59,-0.01,18.94,21096.06,-1
2024-02-25,2024-02-25 14:52:00,1102.59,1102.59,1102.51,1102.51,-0.01,18.94,21096.06,-1
2024-02-25,2024-02-25 14:53:00,1102.51,1102.51,1102.44,1102.44,-0.01,18.94,21096.06,-1
2024-02-25,2024-02-25 14:54:00,1102.44,1102.44,1102.37,1102.37,-0.01,18.94,21096.06,-1
2024-02-25,2024-02-25 14:55:00,1102.37,1102.37,1102.29,1102.29,-0.01,18.94,21096.06,-1
2024-02-25,2024-02-25 14:56:00,1102.29,1102.29,1102.22,1102.22,-0.01,18.94,21096.06,-1
2024-02-25,2024-02-25 14:57:00,1102.22,1102.22,1102.15,1102.15,-0.01,18.94,21096.06,-1
2024-02-25,2024-02-25 14:58:00,1102.15,1102.15,1102.07,1102.07,-0.01,18.94,21096.06,-1
2024-02-25,2024-02-25 14:59:00,1102.07,1102.07,1102.0,1102.0,-0.01,18.94,21096.06,-1
2024-02-25,2024-02-25 15:00:00,1102.0,1125.0,1098.0,1102.0,0.0,18.94,21096.06,0
2024-02-26,2024-02-26 11:00:00,1080.1,1109.17,1080.1,1080.5,0.04,20.64,23048.11,1
2024-02-26,2024-02-26 11:01:00,1080.5,1080.9,1080.5,1080.9,0.04,20.64,23048.11,1
2024-02-26,2024-02-26 11:02:00,1080.9,1081.3,1080.9,1081.3,0.04,20.64,23048.11,1
2024-02-26,2024-02-26 11:03:00,1081.3,1081.7,1081.3,1081.7,0.04,20.64,23048.11,1
2024-02-26,2024-02-26 11:04:00,1081.7,1082.1,1081.7,1082.1,0.04,20.64,23048.11,1
2024-02-26,2024-02-26 11:05:00,1082.1,1082.5,1082.1,1082.5,0.04,20.64,23048.11,1
2024-02-26,2024-02-26 11:06:00,1082.5,1082.9,1082.5,1082.9,0.04,20.64,23048.11,1
2024-02-26,2024-02-26 11:07:00,1082.9,1083.3,1082.9,1083.3,0.04,20.64,23048.11,1
2024-02-26,2024-02-26 11:08:00,1083.3,1083.7,1083.3,1083.7,0.04,20.64,23048.11,1
2024-02-26,2024-02-26 11:09:00,1083.7,1084.1,1083.7,1084.1,0.04,20.64,23048.11,1
2024-02-26,2024-02-26 11:10:00,1084.1,1084.5,1084.1,1084.5,0.04,20.64,23048.11,1
2024-02-26,2024-02-26 11:11:00,1084.5,1084.9,1084.5,1084.9,0.04,20.64,23048.11,1
2024-02-26,2024-02-26 11:12:00,1084.9,1085.3,1084.9,1085.3,0.04,20.64,23048.11,1
2024-02-26,2024-02-26 11:13:00,1085.3,1085.7,1085.3,1085.7,0.04,20.64,23048.11,1
2024-02-26,2024-02-26 11:14:00,1085.7,1086.1,1085.7,1086.1,0.04,20.64,23048.11,1
2024-02-26,2024-02-26 11:15:00,1086.1,1086.5,1086.1,1086.5,0.04,20.64,23048.11,1
2024-02-26,2024-02-26 11:16:00,1086.5,1086.9,1086.5,1086.9,0.04,20.64,23048.11,1
2024-02-26,2024-02-26 11:17:00,1086.9,1087.3,1086.9,1087.3,0.04,20.64,23048.11,1
2024-02-26,2024-02-26 11:18:00,1087.3,1087.7,1087.3,1087.7,0.04,20.64,23048.11,1
2024-02-26,2024-02-26 11:19:00,1087.7,1088.1,1087.7,1088.1,0.04,20.64,23048.11,1
2024-02-26,2024-02-26 11:20:00,1088.1,1088.5,1088.1,1088.5,0.04,20.64,23048.11,1
2024-02-26,2024-02-26 11:21:00,1088.5,1088.9,1088.5,1088.9,0.04,20.64,23048.11,1
2024-02-26,2024-02-26 11:22:00,1088.9,1089.3,1088.9,1089.3,0.04,20.64,23048.11,1
2024-02-26,2024-02-26 11:23:00,1089.3,1089.7,1089.3,1089.7,0.04,20.64,23048.11,1
2024-02-26,2024-02-26 11:24:00,1089.7,1090.1,1089.7,1090.1,0.04,20.64,23048.11,1
2024-02-26,2024-02-26 11:25:00,1090.1,1090.5,1090.1,1090.5,0.04,20.64,23048.11,1
2024-02-26,2024-02-26 11:26:00,1090.5,1090.9,1090.5,1090.9,0.04,20.64,23048.11,1
2024-02-26,2024-02-26 11:27:00,1090.9,1091.3,1090.9,1091.3,0.04,20.64,23048.11,1
2024-02-26,2024-02-26 11:28:00,1091.3,1091.7,1091.3,1091.7,0.04,20.64,23048.11,1
2024-02-26,2024-02-26 11:29:00,1091.7,1092.1,1091.7,1092.1,0.04,20.64,23048.11,1
2024-02-26,2024-02-26 11:30:00,1092.1,1092.5,1092.1,1092.5,0.04,20.64,23048.11,1
2024-02-26,2024-02-26 11:31:00,1092.5,1092.9,1092.5,1092.9,0.04,20.64,23048.11,1
2024-02-26,2024-02-26 11:32:00,1092.9,1093.3,1092.9,1093.3,0.04,20.64,23048.11,1
2024-02-26,2024-02-26 11:33:00,1093.3,1093.7,1093.3,1093.7,0.04,20.64,23048.11,1
2024-02-26,2024-02-26 11:34:00,1093.7,1094.1,1093.7,1094.1,0.04,20.64,23048.11,1
2024-02-26,2024-02-26 11:35:00,1094.1,1094.5,1094.1,1094.5,0.04,20.64,23048.11,1
2024-02-26,2024-02-26 11:36:00,1094.5,1094.9,1094.5,1094.9,0.04,20.64,23048.11,1
2024-02-26,2024-02-26 11:37:00,1094.9,1095.3,1094.9,1095.3,0.04,20.64,23048.11,1
2024-02-26,2024-02-26 11:38:00,1095.3,1095.7,1095.3,1095.7,0.04,20.64,23048.11,1
2024-02-26,2024-02-26 11:39:00,1095.7,1096.1,1095.7,1096.1,0.04,20.64,23048.11,1
2024-02-26,2024-02-26 11:40:00,1096.1,1096.5,1096.1,1096.5,0.04,20.64,23048.11,1
2024-02-26,2024-02-26 11:41:00,1096.5,1096.9,1096.5,1096.9,0.04,20.64,23048.11,1
2024-02-26,2024-02-26 11:42:00,1096.9,1097.3,1096.9,1097.3,0.04,20.64,23048.11,1
2024-02-26,2024-02-26 11:43:00,1097.3,1097.7,1097.3,1097.7,0.04,20.64,23048.11,1
2024-02-26,2024-02-26 11:44:00,1097.7,1098.1,1097.7,1098.1,0.04,20.64,23048.11,1
2024-02-26,2024-02-26 11:45:00,1098.1,1098.5,1098.1,1098.5,0.04,20.64,23048.11,1
2024-02-26,2024-02-26 11:46:00,1098.5,1098.9,1098.5,1098.9,0.04,20.64,23048.11,1
2024-02-26,2024-02-26 11:47:00,1098.9,1099.3,1098.9,1099.3,0.04,20.64,23048.11,1
2024-02-26,2024-02-26 11:48:00,1099.3,1099.7,1099.3,1099.7,0.04,20.64,23048.11,1
2024-02-26,2024-02-26 11:49:00,1099.7,1100.1,1099.7,1100.1,0.04,20.64,23048.11,1
2024-02-26,2024-02-26 11:50:00,1100.1,1100.5,1100.1,1100.5,0.04,20.64,23048.11,1
2024-02-26,2024-02-26 11:51:00,1100.5,1100.9,1100.5,1100.9,0.04,20.64,23048.11,1
2024-02-26,2024-02-26 11:52:00,1100.9,1101.3,1100.9,1101.3,0.04,20.64,23048.11,1
2024-02-26,2024-02-26 11:53:00,1101.3,1101.7,1101.3,1101.7,0.04,20.64,23048.11,1
2024-02-26,2024-02-26 11:54:00,1101.7,1102.1,1101.7,1102.1,0.04,20.64,23048.11,1
2024-02-26,2024-02-26 11:55:00,1102.1,1102.5,1102.1,1102.5,0.04,20.64,23048.11,1
2024-02-26,2024-02-26 11:56:00,1102.5,1102.9,1102.5,1102.9,0.04,20.64,23048.11,1
2024-02-26,2024-02-26 11:57:00,1102.9,1103.3,1102.9,1103.3,0.04,20.64,23048.11,1
2024-02-26,2024-02-26 11:58:00,1103.3,1103.7,1103.3,1103.7,0.04,20.64,23048.11,1
2024-02-26,2024-02-26 11:59:00,1103.7,1104.1,1103.7,1104.1,0.04,20.64,23048.11,1
2024-02-26,2024-02-26 12:00:00,1104.1,1104.5,1104.1,1104.5,0.04,20.64,23048.11,1
2024-02-26,2024-02-26 12:01:00,1104.5,1104.9,1104.5,1104.9,0.04,20.64,23048.11,1
2024-02-26,2024-02-26 12:02:00,1104.9,1105.3,1104.9,1105.3,0.04,20.64,23048.11,1
2024-02-26,2024-02-26 12:03:00,1105.3,1105.7,1105.3,1105.7,0.04,20.64,23048.11,1
2024-02-26,2024-02-26 12:04:00,1105.7,1106.1,1105.7,1106.1,0.04,20.64,23048.11,1
2024-02-26,2024-02-26 12:05:00,1106.1,1106.5,1106.1,1106.5,0.04,20.64,23048.11,1
2024-02-26,2024-02-26 12:06:00,1106.5,1106.9,1106.5,1106.9,0.04,20.64,23048.11,1
2024-02-26,2024-02-26 12:07:00,1106.9,1107.3,1106.9,1107.3,0.04,20.64,23048.11,1
2024-02-26,2024-02-26 12:08:00,1107.3,1107.7,1107.3,1107.7,0.04,20.64,23048.11,1
2024-02-26,2024-02-26 12:09:00,1107.7,1108.1,1107.7,1108.1,0.04,20.64,23048.11,1
2024-02-26,2024-02-26 12:10:00,1108.1,1108.5,1108.1,1108.5,0.04,20.64,23048.11,1
2024-02-26,2024-02-26 12:11:00,1108.5,1108.9,1108.5,1108.9,0.04,20.64,23048.11,1
2024-02-26,2024-02-26 12:12:00,1108.9,1109.3,1108.9,1109.3,0.04,20.64,23048.11,1
2024-02-26,2024-02-26 12:13:00,1109.3,1109.7,1109.3,1109.7,0.04,20.64,23048.11,1
2024-02-26,2024-02-26 12:14:00,1109.7,1110.1,1109.7,1110.1,0.04,20.64,23048.11,1
2024-02-26,2024-02-26 12:15:00,1110.1,1110.5,1110.1,1110.5,0.04,20.64,23048.11,1
2024-02-26,2024-02-26 12:16:00,1110.5,1110.9,1110.5,1110.9,0.04,20.64,23048.11,1
2024-02-26,2024-02-26 12:17:00,1110.9,1111.3,1110.9,1111.3,0.04,20.64,23048.11,1
2024-02-26,2024-02-26 12:18:00,1111.3,1111.7,1111.3,1111.7,0.04,20.64,23048.11,1
2024-02-26,2024-02-26 12:19:00,1111.7,1112.1,1111.7,1112.1,0.04,20.64,23048.11,1
2024-02-26,2024-02-26 12:20:00,1112.1,1112.5,1112.1,1112.5,0.04,20.64,23048.11,1
2024-02-26,2024-02-26 12:21:00,1112.5,1112.9,1112.5,1112.9,0.04,20.64,23048.11,1
2024-02-26,2024-02-26 12:22:00,1112.9,1113.3,1112.9,1113.3,0.04,20.64,23048.11,1
2024-02-26,2024-02-26 12:23:00,1113.3,1113.7,1113.3,1113.7,0.04,20.64,23048.11,1
2024-02-26,2024-02-26 12:24:00,1113.7,1114.1,1113.7,1114.1,0.04,20.64,23048.11,1
2024-02-26,2024-02-26 12:25:00,1114.1,1114.5,1114.1,1114.5,0.04,20.64,23048.11,1
2024-02-26,2024-02-26 12:26:00,1114.5,1114.9,1114.5,1114.9,0.04,20.64,23048.11,1
2024-02-26,2024-02-26 12:27:00,1114.9,1115.3,1114.9,1115.3,0.04,20.64,23048.11,1
2024-02-26,2024-02-26 12:28:00,1115.3,1115.7,1115.3,1115.7,0.04,20.64,23048.11,1
2024-02-26,2024-02-26 12:29:00,1115.7,1116.1,1115.7,1116.1,0.04,20.64,23048.11,1
2024-02-26,2024-02-26 12:30:00,1116.1,1116.5,1116.1,1116.5,0.04,20.64,23048.11,1
2024-02-26,2024-02-26 12:31:00,1116.5,1116.9,1116.5,1116.9,0.04,20.64,23048.11,1
2024-02-26,2024-02-26 12:32:00,1116.9,1117.3,1116.9,1117.3,0.04,20.64,23048.11,1
2024-02-26,2024-02-26 12:33:00,1117.3,1117.7,1117.3,1117.7,0.04,20.64,23048.11,1
2024-02-26,2024-02-26 12:34:00,1117.7,1118.1,1117.7,1118.1,0.04,20.64,23048.11,1
2024-02-26,2024-02-26 12:35:00,1118.1,1118.5,1118.1,1118.5,0.04,20.64,23048.11,1
2024-02-26,2024-02-26 12:36:00,1118.5,1118.9,1118.5,1118.9,0.04,20.64,23048.11,1
2024-02-26,2024-02-26 12:37:00,1118.9,1119.3,1118.9,1119.3,0.04,20.64,23048.11,1
2024-02-26,2024-02-26 12:38:00,1119.3,1119.7,1119.3,1119.7,0.04,20.64,23048.11,1
2024-02-26,2024-02-26 12:39:00,1119.7,1120.1,1119.7,1120.1,0.04,20.64,23048.11,1
2024-02-26,2024-02-26 12:40:00,1120.1,1120.5,1120.1,1120.5,0.04,20.64,23048.11,1
2024-02-26,2024-02-26 12:41:00,1120.5,1120.9,1120.5,1120.9,0.04,20.64,23048.11,1
2024-02-26,2024-02-26 12:42:00,1120.9,1121.3,1120.9,1121.3,0.04,20.64,23048.11,1
2024-02-26,2024-02-26 12:43:00,1121.3,1121.7,1121.3,1121.7,0.04,20.64,23048.11,1
2024-02-26,2024-02-26 12:44:00,1121.7,1122.1,1121.7,1122.1,0.04,20.64,23048.11,1
2024-02-26,2024-02-26 12:45:00,1122.1,1122.5,1122.1,1122.5,0.04,20.64,23048.11,1
2024-02-26,2024-02-26 12:46:00,1122.5,1122.9,1122.5,1122.9,0.04,20.64,23048.11,1
2024-02-26,2024-02-26 12:47:00,1122.9,1123.3,1122.9,1123.3,0.04,20.64,23048.11,1
2024-02-26,2024-02-26 12:48:00,1123.3,1123.7,1123.3,1123.7,0.04,20.64,23048.11,1
2024-02-26,2024-02-26 12:49:00,1123.7,1124.1,1123.7,1124.1,0.04,20.64,23048.11,1
2024-02-26,2024-02-26 12:50:00,1124.1,1124.5,1124.1,1124.5,0.04,20.64,23048.11,1
2024-02-26,2024-02-26 12:51:00,1124.5,1124.9,1124.5,1124.9,0.04,20.64,23048.11,1
2024-02-26,2024-02-26 12:52:00,1124.9,1125.3,1124.9,1125.3,0.04,20.64,23048.11,1
2024-02-26,2024-02-26 12:53:00,1125.3,1125.7,1125.3,1125.7,0.04,20.64,23048.11,1
2024-02-26,2024-02-26 12:54:00,1125.7,1126.1,1125.7,1126.1,0.04,20.64,23048.11,1
2024-02-26,2024-02-26 12:55:00,1126.1,1126.5,1126.1,1126.5,0.04,20.64,23048.11,1
2024-02-26,2024-02-26 12:56:00,1126.5,1126.9,1126.5,1126.9,0.04,20.64,23048.11,1
2024-02-26,2024-02-26 12:57:00,1126.9,1127.3,1126.9,1127.3,0.04,20.64,23048.11,1
2024-02-26,2024-02-26 12:58:00,1127.3,1127.7,1127.3,1127.7,0.04,20.64,23048.11,1
2024-02-26,2024-02-26 12:59:00,1127.7,1128.1,1127.7,1128.1,0.04,20.64,23048.11,1
2024-02-26,2024-02-26 13:00:00,1128.1,1177.0,1080.1,1128.5,0.04,20.64,23048.11,1
2024-02-26,2024-02-26 13:01:00,1128.5,1128.9,1128.5,1128.9,0.04,20.64,23048.11,1
2024-02-26,2024-02-26 13:02:00,1128.9,1129.3,1128.9,1129.3,0.04,20.64,23048.11,1
2024-02-26,2024-02-26 13:03:00,1129.3,1129.7,1129.3,1129.7,0.04,20.64,23048.11,1
2024-02-26,2024-02-26 13:04:00,1129.7,1130.1,1129.7,1130.1,0.04,20.64,23048.11,1
2024-02-26,2024-02-26 13:05:00,1130.1,1130.5,1130.1,1130.5,0.04,20.64,23048.11,1
2024-02-26,2024-02-26 13:06:00,1130.5,1130.9,1130.5,1130.9,0.04,20.64,23048.11,1
2024-02-26,2024-02-26 13:07:00,1130.9,1131.3,1130.9,1131.3,0.04,20.64,23048.11,1
2024-02-26,2024-02-26 13:08:00,1131.3,1131.7,1131.3,1131.7,0.04,20.64,23048.11,1
2024-02-26,2024-02-26 13:09:00,1131.7,1132.1,1131.7,1132.1,0.04,20.64,23048.11,1
2024-02-26,2024-02-26 13:10:00,1132.1,1132.5,1132.1,1132.5,0.04,20.64,23048.11,1
2024-02-26,2024-02-26 13:11:00,1132.5,1132.9,1132.5,1132.9,0.04,20.64,23048.11,1
2024-02-26,2024-02-26 13:12:00,1132.9,1133.3,1132.9,1133.3,0.04,20.64,23048.11,1
2024-02-26,2024-02-26 13:13:00,1133.3,1133.7,1133.3,1133.7,0.04,20.64,23048.11,1
2024-02-26,2024-02-26 13:14:00,1133.7,1134.1,1133.7,1134.1,0.04,20.64,23048.11,1
2024-02-26,2024-02-26 13:15:00,1134.1,1134.5,1134.1,1134.5,0.04,20.64,23048.11,1
2024-02-26,2024-02-26 13:16:00,1134.5,1134.9,1134.5,1134.9,0.04,20.64,23048.11,1
2024-02-26,2024-02-26 13:17:00,1134.9,1135.3,1134.9,1135.3,0.04,20.64,23048.11,1
2024-02-26,2024-02-26 13:18:00,1135.3,1135.7,1135.3,1135.7,0.04,20.64,23048.11,1
2024-02-26,2024-02-26 13:19:00,1135.7,1136.1,1135.7,1136.1,0.04,20.64,23048.11,1
2024-02-26,2024-02-26 13:20:00,1136.1,1136.5,1136.1,1136.5,0.04,20.64,23048.11,1
2024-02-26,2024-02-26 13:21:00,1136.5,1136.9,1136.5,1136.9,0.04,20.64,23048.11,1
2024-02-26,2024-02-26 13:22:00,1136.9,1137.3,1136.9,1137.3,0.04,20.64,23048.11,1
2024-02-26,2024-02-26 13:23:00,1137.3,1137.7,1137.3,1137.7,0.04,20.64,23048.11,1
2024-02-26,2024-02-26 13:24:00,1137.7,1138.1,1137.7,1138.1,0.04,20.64,23048.11,1
2024-02-26,2024-02-26 13:25:00,1138.1,1138.5,1138.1,1138.5,0.04,20.64,23048.11,1
2024-02-26,2024-02-26 13:26:00,1138.5,1138.9,1138.5,1138.9,0.04,20.64,23048.11,1
2024-02-26,2024-02-26 13:27:00,1138.9,1139.3,1138.9,1139.3,0.04,20.64,23048.11,1
2024-02-26,2024-02-26 13:28:00,1139.3,1139.7,1139.3,1139.7,0.04,20.64,23048.11,1
2024-02-26,2024-02-26 13:29:00,1139.7,1140.1,1139.7,1140.1,0.04,20.64,23048.11,1
2024-02-26,2024-02-26 13:30:00,1140.1,1140.5,1140.1,1140.5,0.04,20.64,23048.11,1
2024-02-26,2024-02-26 13:31:00,1140.5,1140.9,1140.5,1140.9,0.04,20.64,23048.11,1
2024-02-26,2024-02-26 13:32:00,1140.9,1141.3,1140.9,1141.3,0.04,20.64,23048.11,1
2024-02-26,2024-02-26 13:33:00,1141.3,1141.7,1141.3,1141.7,0.04,20.64,23048.11,1
2024-02-26,2024-02-26 13:34:00,1141.7,1142.1,1141.7,1142.1,0.04,20.64,23048.11,1
2024-02-26,2024-02-26 13:35:00,1142.1,1142.5,1142.1,1142.5,0.04,20.64,23048.11,1
2024-02-26,2024-02-26 13:36:00,1142.5,1142.9,1142.5,1142.9,0.04,20.64,23048.11,1
2024-02-26,2024-02-26 13:37:00,1142.9,1143.3,1142.9,1143.3,0.03,20.64,23048.11,1
2024-02-26,2024-02-26 13:38:00,1143.3,1143.7,1143.3,1143.7,0.03,20.64,23048.11,1
2024-02-26,2024-02-26 13:39:00,1143.7,1144.1,1143.7,1144.1,0.03,20.64,23048.11,1
2024-02-26,2024-02-26 13:40:00,1144.1,1144.5,1144.1,1144.5,0.03,20.64,23048.11,1
2024-02-26,2024-02-26 13:41:00,1144.5,1144.9,1144.5,1144.9,0.03,20.64,23048.11,1
2024-02-26,2024-02-26 13:42:00,1144.9,1145.3,1144.9,1145.3,0.03,20.64,23048.11,1
2024-02-26,2024-02-26 13:43:00,1145.3,1145.7,1145.3,1145.7,0.03,20.64,23048.11,1
2024-02-26,2024-02-26 13:44:00,1145.7,1146.1,1145.7,1146.1,0.03,20.64,23048.11,1
2024-02-26,2024-02-26 13:45:00,1146.1,1146.5,1146.1,1146.5,0.03,20.64,23048.11,1
2024-02-26,2024-02-26 13:46:00,1146.5,1146.9,1146.5,1146.9,0.03,20.64,23048.11,1
2024-02-26,2024-02-26 13:47:00,1146.9,1147.3,1146.9,1147.3,0.03,20.64,23048.11,1
2024-02-26,2024-02-26 13:48:00,1147.3,1147.7,1147.3,1147.7,0.03,20.64,23048.11,1
2024-02-26,2024-02-26 13:49:00,1147.7,1148.1,1147.7,1148.1,0.03,20.64,23048.11,1
2024-02-26,2024-02-26 13:50:00,1148.1,1148.5,1148.1,1148.5,0.03,20.64,23048.11,1
2024-02-26,2024-02-26 13:51:00,1148.5,1148.9,1148.5,1148.9,0.03,20.64,23048.11,1
2024-02-26,2024-02-26 13:52:00,1148.9,1149.3,1148.9,1149.3,0.03,20.64,23048.11,1
2024-02-26,2024-02-26 13:53:00,1149.3,1149.7,1149.3,1149.7,0.03,20.64,23048.11,1
2024-02-26,2024-02-26 13:54:00,1149.7,1150.1,1149.7,1150.1,0.03,20.64,23048.11,1
2024-02-26,2024-02-26 13:55:00,1150.1,1150.5,1150.1,1150.5,0.03,20.64,23048.11,1
2024-02-26,2024-02-26 13:56:00,1150.5,1150.9,1150.5,1150.9,0.03,20.64,23048.11,1
2024-02-26,2024-02-26 13:57:00,1150.9,1151.3,1150.9,1151.3,0.03,20.64,23048.11,1
2024-02-26,2024-02-26 13:58:00,1151.3,1151.7,1151.3,1151.7,0.03,20.64,23048.11,1
2024-02-26,2024-02-26 13:59:00,1151.7,1152.1,1151.7,1152.1,0.03,20.64,23048.11,1
2024-02-26,2024-02-26 14:00:00,1152.1,1152.5,1152.1,1152.5,0.03,20.64,23048.11,1
2024-02-26,2024-02-26 14:01:00,1152.5,1152.9,1152.5,1152.9,0.03,20.64,23048.11,1
2024-02-26,2024-02-26 14:02:00,1152.9,1153.3,1152.9,1153.3,0.03,20.64,23048.11,1
2024-02-26,2024-02-26 14:03:00,1153.3,1153.7,1153.3,1153.7,0.03,20.64,23048.11,1
2024-02-26,2024-02-26 14:04:00,1153.7,1154.1,1153.7,1154.1,0.03,20.64,23048.11,1
2024-02-26,2024-02-26 14:05:00,1154.1,1154.5,1154.1,1154.5,0.03,20.64,23048.11,1
2024-02-26,2024-02-26 14:06:00,1154.5,1154.9,1154.5,1154.9,0.03,20.64,23048.11,1
2024-02-26,2024-02-26 14:07:00,1154.9,1155.3,1154.9,1155.3,0.03,20.64,23048.11,1
2024-02-26,2024-02-26 14:08:00,1155.3,1155.7,1155.3,1155.7,0.03,20.64,23048.11,1
2024-02-26,2024-02-26 14:09:00,1155.7,1156.1,1155.7,1156.1,0.03,20.64,23048.11,1
2024-02-26,2024-02-26 14:10:00,1156.1,1156.5,1156.1,1156.5,0.03,20.64,23048.11,1
2024-02-26,2024-02-26 14:11:00,1156.5,1156.9,1156.5,1156.9,0.03,20.64,23048.11,1
2024-02-26,2024-02-26 14:12:00,1156.9,1157.3,1156.9,1157.3,0.03,20.64,23048.11,1
2024-02-26,2024-02-26 14:13:00,1157.3,1157.7,1157.3,1157.7,0.03,20.64,23048.11,1
2024-02-26,2024-02-26 14:14:00,1157.7,1158.1,1157.7,1158.1,0.03,20.64,23048.11,1
2024-02-26,2024-02-26 14:15:00,1158.1,1158.5,1158.1,1158.5,0.03,20.64,23048.11,1
2024-02-26,2024-02-26 14:16:00,1158.5,1158.9,1158.5,1158.9,0.03,20.64,23048.11,1
2024-02-26,2024-02-26 14:17:00,1158.9,1159.3,1158.9,1159.3,0.03,20.64,23048.11,1
2024-02-26,2024-02-26 14:18:00,1159.3,1159.7,1159.3,1159.7,0.03,20.64,23048.11,1
2024-02-26,2024-02-26 14:19:00,1159.7,1160.1,1159.7,1160.1,0.03,20.64,23048.11,1
2024-02-26,2024-02-26 14:20:00,1160.1,1160.5,1160.1,1160.5,0.03,20.64,23048.11,1
2024-02-26,2024-02-26 14:21:00,1160.5,1160.9,1160.5,1160.9,0.03,20.64,23048.11,1
2024-02-26,2024-02-26 14:22:00,1160.9,1161.3,1160.9,1161.3,0.03,20.64,23048.11,1
2024-02-26,2024-02-26 14:23:00,1161.3,1161.7,1161.3,1161.7,0.03,20.64,23048.11,1
2024-02-26,2024-02-26 14:24:00,1161.7,1162.1,1161.7,1162.1,0.03,20.64,23048.11,1
2024-02-26,2024-02-26 14:25:00,1162.1,1162.5,1162.1,1162.5,0.03,20.64,23048.11,1
2024-02-26,2024-02-26 14:26:00,1162.5,1162.9,1162.5,1162.9,0.03,20.64,23048.11,1
2024-02-26,2024-02-26 14:27:00,1162.9,1163.3,1162.9,1163.3,0.03,20.64,23048.11,1
2024-02-26,2024-02-26 14:28:00,1163.3,1163.7,1163.3,1163.7,0.03,20.64,23048.11,1
2024-02-26,2024-02-26 14:29:00,1163.7,1164.1,1163.7,1164.1,0.03,20.64,23048.11,1
2024-02-26,2024-02-26 14:30:00,1164.1,1164.5,1164.1,1164.5,0.03,20.64,23048.11,1
2024-02-26,2024-02-26 14:31:00,1164.5,1164.9,1164.5,1164.9,0.03,20.64,23048.11,1
2024-02-26,2024-02-26 14:32:00,1164.9,1165.3,1164.9,1165.3,0.03,20.64,23048.11,1
2024-02-26,2024-02-26 14:33:00,1165.3,1165.7,1165.3,1165.7,0.03,20.64,23048.11,1
2024-02-26,2024-02-26 14:34:00,1165.7,1166.1,1165.7,1166.1,0.03,20.64,23048.11,1
2024-02-26,2024-02-26 14:35:00,1166.1,1166.5,1166.1,1166.5,0.03,20.64,23048.11,1
2024-02-26,2024-02-26 14:36:00,1166.5,1166.9,1166.5,1166.9,0.03,20.64,23048.11,1
2024-02-26,2024-02-26 14:37:00,1166.9,1167.3,1166.9,1167.3,0.03,20.64,23048.11,1
2024-02-26,2024-02-26 14:38:00,1167.3,1167.7,1167.3,1167.7,0.03,20.64,23048.11,1
2024-02-26,2024-02-26 14:39:00,1167.7,1168.1,1167.7,1168.1,0.03,20.64,23048.11,1
2024-02-26,2024-02-26 14:40:00,1168.1,1168.5,1168.1,1168.5,0.03,20.64,23048.11,1
2024-02-26,2024-02-26 14:41:00,1168.5,1168.9,1168.5,1168.9,0.03,20.64,23048.11,1
2024-02-26,2024-02-26 14:42:00,1168.9,1169.3,1168.9,1169.3,0.03,20.64,23048.11,1
2024-02-26,2024-02-26 14:43:00,1169.3,1169.7,1169.3,1169.7,0.03,20.64,23048.11,1
2024-02-26,2024-02-26 14:44:00,1169.7,1170.1,1169.7,1170.1,0.03,20.64,23048.11,1
2024-02-26,2024-02-26 14:45:00,1170.1,1170.5,1170.1,1170.5,0.03,20.64,23048.11,1
2024-02-26,2024-02-26 14:46:00,1170.5,1170.9,1170.5,1170.9,0.03,20.64,23048.11,1
2024-02-26,2024-02-26 14:47:00,1170.9,1171.3,1170.9,1171.3,0.03,20.64,23048.11,1
2024-02-26,2024-02-26 14:48:00,1171.3,1171.7,1171.3,1171.7,0.03,20.64,23048.11,1
2024-02-26,2024-02-26 14:49:00,1171.7,1172.1,1171.7,1172.1,0.03,20.64,23048.11,1
2024-02-26,2024-02-26 14:50:00,1172.1,1172.5,1172.1,1172.5,0.03,20.64,23048.11,1
2024-02-26,2024-02-26 14:51:00,1172.5,1172.9,1172.5,1172.9,0.03,20.64,23048.11,1
2024-02-26,2024-02-26 14:52:00,1172.9,1173.3,1172.9,1173.3,0.03,20.64,23048.11,1
2024-02-26,2024-02-26 14:53:00,1173.3,1173.7,1173.3,1173.7,0.03,20.64,23048.11,1
2024-02-26,2024-02-26 14:54:00,1173.7,1174.1,1173.7,1174.1,0.03,20.64,23048.11,1
2024-02-26,2024-02-26 14:55:00,1174.1,1174.5,1174.1,1174.5,0.03,20.64,23048.11,1
2024-02-26,2024-02-26 14:56:00,1174.5,1174.9,1174.5,1174.9,0.03,20.64,23048.11,1
2024-02-26,2024-02-26 14:57:00,1174.9,1175.3,1174.9,1175.3,0.03,20.64,23048.11,1
2024-02-26,2024-02-26 14:58:00,1175.3,1175.7,1175.3,1175.7,0.03,20.64,23048.11,1
2024-02-26,2024-02-26 14:59:00,1175.7,1176.1,1175.7,1176.1,0.03,20.64,23048.11,1
2024-02-26,2024-02-26 15:00:00,1176.1,1177.0,1080.1,1176.1,0.0,20.64,23048.11,0
2024-02-27,2024-02-27 11:00:00,1152.6,1177.68,1139.22,1152.7,0.01,28.27,32888.68,1
2024-02-27,2024-02-27 11:01:00,1152.7,1152.81,1152.7,1152.81,0.01,28.27,32888.68,1
2024-02-27,2024-02-27 11:02:00,1152.81,1152.91,1152.81,1152.91,0.01,28.27,32888.68,1
2024-02-27,2024-02-27 11:03:00,1152.91,1153.02,1152.91,1153.02,0.01,28.27,32888.68,1
2024-02-27,2024-02-27 11:04:00,1153.02,1153.12,1153.02,1153.12,0.01,28.27,32888.68,1
2024-02-27,2024-02-27 11:05:00,1153.12,1153.22,1153.12,1153.22,0.01,28.27,32888.68,1
2024-02-27,2024-02-27 11:06:00,1153.22,1153.33,1153.22,1153.33,0.01,28.27,32888.68,1
2024-02-27,2024-02-27 11:07:00,1153.33,1153.43,1153.33,1153.43,0.01,28.27,32888.68,1
2024-02-27,2024-02-27 11:08:00,1153.43,1153.54,1153.43,1153.54,0.01,28.27,32888.68,1
2024-02-27,2024-02-27 11:09:00,1153.54,1153.64,1153.54,1153.64,0.01,28.27,32888.68,1
2024-02-27,2024-02-27 11:10:00,1153.64,1153.75,1153.64,1153.75,0.01,28.27,32888.68,1
2024-02-27,2024-02-27 11:11:00,1153.75,1153.85,1153.75,1153.85,0.01,28.27,32888.68,1
2024-02-27,2024-02-27 11:12:00,1153.85,1153.95,1153.85,1153.95,0.01,28.27,32888.68,1
2024-02-27,2024-02-27 11:13:00,1153.95,1154.06,1153.95,1154.06,0.01,28.27,32888.68,1
2024-02-27,2024-02-27 11:14:00,1154.06,1154.16,1154.06,1154.16,0.01,28.27,32888.68,1
2024-02-27,2024-02-27 11:15:00,1154.16,1154.27,1154.16,1154.27,0.01,28.27,32888.68,1
2024-02-27,2024-02-27 11:16:00,1154.27,1154.37,1154.27,1154.37,0.01,28.27,32888.68,1
2024-02-27,2024-02-27 11:17:00,1154.37,1154.47,1154.37,1154.47,0.01,28.27,32888.68,1
2024-02-27,2024-02-27 11:18:00,1154.47,1154.58,1154.47,1154.58,0.01,28.27,32888.68,1
2024-02-27,2024-02-27 11:19:00,1154.58,1154.68,1154.58,1154.68,0.01,28.27,32888.68,1
2024-02-27,2024-02-27 11:20:00,1154.68,1154.79,1154.68,1154.79,0.01,28.27,32888.68,1
2024-02-27,2024-02-27 11:21:00,1154.79,1154.89,1154.79,1154.89,0.01,28.27,32888.68,1
2024-02-27,2024-02-27 11:22:00,1154.89,1155.0,1154.89,1155.0,0.01,28.27,32888.68,1
2024-02-27,2024-02-27 11:23:00,1155.0,1155.1,1155.0,1155.1,0.01,28.27,32888.68,1
2024-02-27,2024-02-27 11:24:00,1155.1,1155.2,1155.1,1155.2,0.01,28.27,32888.68,1
2024-02-27,2024-02-27 11:25:00,1155.2,1155.31,1155.2,1155.31,0.01,28.27,32888.68,1
2024-02-27,2024-02-27 11:26:00,1155.31,1155.41,1155.31,1155.41,0.01,28.27,32888.68,1
2024-02-27,2024-02-27 11:27:00,1155.41,1155.52,1155.41,1155.52,0.01,28.27,32888.68,1
2024-02-27,2024-02-27 11:28:00,1155.52,1155.62,1155.52,1155.62,0.01,28.27,32888.68,1
2024-02-27,2024-02-27 11:29:00,1155.62,1155.72,1155.62,1155.72,0.01,28.27,32888.68,1
2024-02-27,2024-02-27 11:30:00,1155.72,1155.83,1155.72,1155.83,0.01,28.27,32888.68,1
2024-02-27,2024-02-27 11:31:00,1155.83,1155.93,1155.83,1155.93,0.01,28.27,32888.68,1
2024-02-27,2024-02-27 11:32:00,1155.93,1156.04,1155.93,1156.04,0.01,28.27,32888.68,1
2024-02-27,2024-02-27 11:33:00,1156.04,1156.14,1156.04,1156.14,0.01,28.27,32888.68,1
2024-02-27,2024-02-27 11:34:00,1156.14,1156.25,1156.14,1156.25,0.01,28.27,32888.68,1
2024-02-27,2024-02-27 11:35:00,1156.25,1156.35,1156.25,1156.35,0.01,28.27,32888.68,1
2024-02-27,2024-02-27 11:36:00,1156.35,1156.45,1156.35,1156.45,0.01,28.27,32888.68,1
2024-02-27,2024-02-27 11:37:00,1156.45,1156.56,1156.45,1156.56,0.01,28.27,32888.68,1
2024-02-27,2024-02-27 11:38:00,1156.56,1156.66,1156.56,1156.66,0.01,28.27,32888.68,1
2024-02-27,2024-02-27 11:39:00,1156.66,1156.77,1156.66,1156.77,0.01,28.27,32888.68,1
2024-02-27,2024-02-27 11:40:00,1156.77,1156.87,1156.77,1156.87,0.01,28.27,32888.68,1
2024-02-27,2024-02-27 11:41:00,1156.87,1156.97,1156.87,1156.97,0.01,28.27,32888.68,1
2024-02-27,2024-02-27 11:42:00,1156.97,1157.08,1156.97,1157.08,0.01,28.27,32888.68,1
2024-02-27,2024-02-27 11:43:00,1157.08,1157.18,1157.08,1157.18,0.01,28.27,32888.68,1
2024-02-27,2024-02-27 11:44:00,1157.18,1157.29,1157.18,1157.29,0.01,28.27,32888.68,1
2024-02-27,2024-02-27 11:45:00,1157.29,1157.39,1157.29,1157.39,0.01,28.27,32888.68,1
2024-02-27,2024-02-27 11:46:00,1157.39,1157.5,1157.39,1157.5,0.01,28.27,32888.68,1
2024-02-27,2024-02-27 11:47:00,1157.5,1157.6,1157.5,1157.6,0.01,28.27,32888.68,1
2024-02-27,2024-02-27 11:48:00,1157.6,1157.7,1157.6,1157.7,0.01,28.27,32888.68,1
2024-02-27,2024-02-27 11:49:00,1157.7,1157.81,1157.7,1157.81,0.01,28.27,32888.68,1
2024-02-27,2024-02-27 11:50:00,1157.81,1157.91,1157.81,1157.91,0.01,28.27,32888.68,1
2024-02-27,2024-02-27 11:51:00,1157.91,1158.02,1157.91,1158.02,0.01,28.27,32888.68,1
2024-02-27,2024-02-27 11:52:00,1158.02,1158.12,1158.02,1158.12,0.01,28.27,32888.68,1
2024-02-27,2024-02-27 11:53:00,1158.12,1158.22,1158.12,1158.22,0.01,28.27,32888.68,1
2024-02-27,2024-02-27 11:54:00,1158.22,1158.33,1158.22,1158.33,0.01,28.27,32888.68,1
2024-02-27,2024-02-27 11:55:00,1158.33,1158.43,1158.33,1158.43,0.01,28.27,32888.68,1
2024-02-27,2024-02-27 11:56:00,1158.43,1158.54,1158.43,1158.54,0.01,28.27,32888.68,1
2024-02-27,2024-02-27 11:57:00,1158.54,1158.64,1158.54,1158.64,0.01,28.27,32888.68,1
2024-02-27,2024-02-27 11:58:00,1158.64,1158.75,1158.64,1158.75,0.01,28.27,32888.68,1
2024-02-27,2024-02-27 11:59:00,1158.75,1158.85,1158.75,1158.85,0.01,28.27,32888.68,1
2024-02-27,2024-02-27 12:00:00,1158.85,1158.95,1158.85,1158.95,0.01,28.27,32888.68,1
2024-02-27,2024-02-27 12:01:00,1158.95,1159.06,1158.95,1159.06,0.01,28.27,32888.68,1
2024-02-27,2024-02-27 12:02:00,1159.06,1159.16,1159.06,1159.16,0.01,28.27,32888.68,1
2024-02-27,2024-02-27 12:03:00,1159.16,1159.27,1159.16,1159.27,0.01,28.27,32888.68,1
2024-02-27,2024-02-27 12:04:00,1159.27,1159.37,1159.27,1159.37,0.01,28.27,32888.68,1
2024-02-27,2024-02-27 12:05:00,1159.37,1159.47,1159.37,1159.47,0.01,28.27,32888.68,1
2024-02-27,2024-02-27 12:06:00,1159.47,1159.58,1159.47,1159.58,0.01,28.27,32888.68,1
2024-02-27,2024-02-27 12:07:00,1159.58,1159.68,1159.58,1159.68,0.01,28.27,32888.68,1
2024-02-27,2024-02-27 12:08:00,1159.68,1159.79,1159.68,1159.79,0.01,28.27,32888.68,1
2024-02-27,2024-02-27 12:09:00,1159.79,1159.89,1159.79,1159.89,0.01,28.27,32888.68,1
2024-02-27,2024-02-27 12:10:00,1159.89,1160.0,1159.89,1160.0,0.01,28.27,32888.68,1
2024-02-27,2024-02-27 12:11:00,1160.0,1160.1,1160.0,1160.1,0.01,28.27,32888.68,1
2024-02-27,2024-02-27 12:12:00,1160.1,1160.2,1160.1,1160.2,0.01,28.27,32888.68,1
2024-02-27,2024-02-27 12:13:00,1160.2,1160.31,1160.2,1160.31,0.01,28.27,32888.68,1
2024-02-27,2024-02-27 12:14:00,1160.31,1160.41,1160.31,1160.41,0.01,28.27,32888.68,1
2024-02-27,2024-02-27 12:15:00,1160.41,1160.52,1160.41,1160.52,0.01,28.27,32888.68,1
2024-02-27,2024-02-27 12:16:00,1160.52,1160.62,1160.52,1160.62,0.01,28.27,32888.68,1
2024-02-27,2024-02-27 12:17:00,1160.62,1160.72,1160.62,1160.72,0.01,28.27,32888.68,1
2024-02-27,2024-02-27 12:18:00,1160.72,1160.83,1160.72,1160.83,0.01,28.27,32888.68,1
2024-02-27,2024-02-27 12:19:00,1160.83,1160.93,1160.83,1160.93,0.01,28.27,32888.68,1
2024-02-27,2024-02-27 12:20:00,1160.93,1161.04,1160.93,1161.04,0.01,28.27,32888.68,1
2024-02-27,2024-02-27 12:21:00,1161.04,1161.14,1161.04,1161.14,0.01,28.27,32888.68,1
2024-02-27,2024-02-27 12:22:00,1161.14,1161.25,1161.14,1161.25,0.01,28.27,32888.68,1
2024-02-27,2024-02-27 12:23:00,1161.25,1161.35,1161.25,1161.35,0.01,28.27,32888.68,1
2024-02-27,2024-02-27 12:24:00,1161.35,1161.45,1161.35,1161.45,0.01,28.27,32888.68,1
2024-02-27,2024-02-27 12:25:00,1161.45,1161.56,1161.45,1161.56,0.01,28.27,32888.68,1
2024-02-27,2024-02-27 12:26:00,1161.56,1161.66,1161.56,1161.66,0.01,28.27,32888.68,1
2024-02-27,2024-02-27 12:27:00,1161.66,1161.77,1161.66,1161.77,0.01,28.27,32888.68,1
2024-02-27,2024-02-27 12:28:00,1161.77,1161.87,1161.77,1161.87,0.01,28.27,32888.68,1
2024-02-27,2024-02-27 12:29:00,1161.87,1161.97,1161.87,1161.97,0.01,28.27,32888.68,1
2024-02-27,2024-02-27 12:30:00,1161.97,1162.08,1161.97,1162.08,0.01,28.27,32888.68,1
2024-02-27,2024-02-27 12:31:00,1162.08,1162.18,1162.08,1162.18,0.01,28.27,32888.68,1
2024-02-27,2024-02-27 12:32:00,1162.18,1162.29,1162.18,1162.29,0.01,28.27,32888.68,1
2024-02-27,2024-02-27 12:33:00,1162.29,1162.39,1162.29,1162.39,0.01,28.27,32888.68,1
2024-02-27,2024-02-27 12:34:00,1162.39,1162.5,1162.39,1162.5,0.01,28.27,32888.68,1
2024-02-27,2024-02-27 12:35:00,1162.5,1162.6,1162.5,1162.6,0.01,28.27,32888.68,1
2024-02-27,2024-02-27 12:36:00,1162.6,1162.7,1162.6,1162.7,0.01,28.27,32888.68,1
2024-02-27,2024-02-27 12:37:00,1162.7,1162.81,1162.7,1162.81,0.01,28.27,32888.68,1
2024-02-27,2024-02-27 12:38:00,1162.81,1162.91,1162.81,1162.91,0.01,28.27,32888.68,1
2024-02-27,2024-02-27 12:39:00,1162.91,1163.02,1162.91,1163.02,0.01,28.27,32888.68,1
2024-02-27,2024-02-27 12:40:00,1163.02,1163.12,1163.02,1163.12,0.01,28.27,32888.68,1
2024-02-27,2024-02-27 12:41:00,1163.12,1163.22,1163.12,1163.22,0.01,28.27,32888.68,1
2024-02-27,2024-02-27 12:42:00,1163.22,1163.33,1163.22,1163.33,0.01,28.27,32888.68,1
2024-02-27,2024-02-27 12:43:00,1163.33,1163.43,1163.33,1163.43,0.01,28.27,32888.68,1
2024-02-27,2024-02-27 12:44:00,1163.43,1163.54,1163.43,1163.54,0.01,28.27,32888.68,1
2024-02-27,2024-02-27 12:45:00,1163.54,1163.64,1163.54,1163.64,0.01,28.27,32888.68,1
2024-02-27,2024-02-27 12:46:00,1163.64,1163.75,1163.64,1163.75,0.01,28.27,32888.68,1
2024-02-27,2024-02-27 12:47:00,1163.75,1163.85,1163.75,1163.85,0.01,28.27,32888.68,1
2024-02-27,2024-02-27 12:48:00,1163.85,1163.95,1163.85,1163.95,0.01,28.27,32888.68,1
2024-02-27,2024-02-27 12:49:00,1163.95,1164.06,1163.95,1164.06,0.01,28.27,32888.68,1
2024-02-27,2024-02-27 12:50:00,1164.06,1164.16,1164.06,1164.16,0.01,28.27,32888.68,1
2024-02-27,2024-02-27 12:51:00,1164.16,1164.27,1164.16,1164.27,0.01,28.27,32888.68,1
2024-02-27,2024-02-27 12:52:00,1164.27,1164.37,1164.27,1164.37,0.01,28.27,32888.68,1
2024-02-27,2024-02-27 12:53:00,1164.37,1164.47,1164.37,1164.47,0.01,28.27,32888.68,1
2024-02-27,2024-02-27 12:54:00,1164.47,1164.58,1164.47,1164.58,0.01,28.27,32888.68,1
2024-02-27,2024-02-27 12:55:00,1164.58,1164.68,1164.58,1164.68,0.01,28.27,32888.68,1
2024-02-27,2024-02-27 12:56:00,1164.68,1164.79,1164.68,1164.79,0.01,28.27,32888.68,1
2024-02-27,2024-02-27 12:57:00,1164.79,1164.89,1164.79,1164.89,0.01,28.27,32888.68,1
2024-02-27,2024-02-27 12:58:00,1164.89,1165.0,1164.89,1165.0,0.01,28.27,32888.68,1
2024-02-27,2024-02-27 12:59:00,1165.0,1165.1,1165.0,1165.1,0.01,28.27,32888.68,1
2024-02-27,2024-02-27 13:00:00,1165.1,1236.2,1108.0,1165.2,0.01,28.27,32888.68,1
2024-02-27,2024-02-27 13:01:00,1165.2,1165.31,1165.2,1165.31,0.01,28.27,32888.68,1
2024-02-27,2024-02-27 13:02:00,1165.31,1165.41,1165.31,1165.41,0.01,28.27,32888.68,1
2024-02-27,2024-02-27 13:03:00,1165.41,1165.52,1165.41,1165.52,0.01,28.27,32888.68,1
2024-02-27,2024-02-27 13:04:00,1165.52,1165.62,1165.52,1165.62,0.01,28.27,32888.68,1
2024-02-27,2024-02-27 13:05:00,1165.62,1165.72,1165.62,1165.72,0.01,28.27,32888.68,1
2024-02-27,2024-02-27 13:06:00,1165.72,1165.83,1165.72,1165.83,0.01,28.27,32888.68,1
2024-02-27,2024-02-27 13:07:00,1165.83,1165.93,1165.83,1165.93,0.01,28.27,32888.68,1
2024-02-27,2024-02-27 13:08:00,1165.93,1166.04,1165.93,1166.04,0.01,28.27,32888.68,1
2024-02-27,2024-02-27 13:09:00,1166.04,1166.14,1166.04,1166.14,0.01,28.27,32888.68,1
2024-02-27,2024-02-27 13:10:00,1166.14,1166.25,1166.14,1166.25,0.01,28.27,32888.68,1
2024-02-27,2024-02-27 13:11:00,1166.25,1166.35,1166.25,1166.35,0.01,28.27,32888.68,1
2024-02-27,2024-02-27 13:12:00,1166.35,1166.45,1166.35,1166.45,0.01,28.27,32888.68,1
2024-02-27,2024-02-27 13:13:00,1166.45,1166.56,1166.45,1166.56,0.01,28.27,32888.68,1
2024-02-27,2024-02-27 13:14:00,1166.56,1166.66,1166.56,1166.66,0.01,28.27,32888.68,1
2024-02-27,2024-02-27 13:15:00,1166.66,1166.77,1166.66,1166.77,0.01,28.27,32888.68,1
2024-02-27,2024-02-27 13:16:00,1166.77,1166.87,1166.77,1166.87,0.01,28.27,32888.68,1
2024-02-27,2024-02-27 13:17:00,1166.87,1166.97,1166.87,1166.97,0.01,28.27,32888.68,1
2024-02-27,2024-02-27 13:18:00,1166.97,1167.08,1166.97,1167.08,0.01,28.27,32888.68,1
2024-02-27,2024-02-27 13:19:00,1167.08,1167.18,1167.08,1167.18,0.01,28.27,32888.68,1
2024-02-27,2024-02-27 13:20:00,1167.18,1167.29,1167.18,1167.29,0.01,28.27,32888.68,1
2024-02-27,2024-02-27 13:21:00,1167.29,1167.39,1167.29,1167.39,0.01,28.27,32888.68,1
2024-02-27,2024-02-27 13:22:00,1167.39,1167.5,1167.39,1167.5,0.01,28.27,32888.68,1
2024-02-27,2024-02-27 13:23:00,1167.5,1167.6,1167.5,1167.6,0.01,28.27,32888.68,1
2024-02-27,2024-02-27 13:24:00,1167.6,1167.7,1167.6,1167.7,0.01,28.27,32888.68,1
2024-02-27,2024-02-27 13:25:00,1167.7,1167.81,1167.7,1167.81,0.01,28.27,32888.68,1
2024-02-27,2024-02-27 13:26:00,1167.81,1167.91,1167.81,1167.91,0.01,28.27,32888.68,1
2024-02-27,2024-02-27 13:27:00,1167.91,1168.02,1167.91,1168.02,0.01,28.27,32888.68,1
2024-02-27,2024-02-27 13:28:00,1168.02,1168.12,1168.02,1168.12,0.01,28.27,32888.68,1
2024-02-27,2024-02-27 13:29:00,1168.12,1168.22,1168.12,1168.22,0.01,28.27,32888.68,1
2024-02-27,2024-02-27 13:30:00,1168.22,1168.33,1168.22,1168.33,0.01,28.27,32888.68,1
2024-02-27,2024-02-27 13:31:00,1168.33,1168.43,1168.33,1168.43,0.01,28.27,32888.68,1
2024-02-27,2024-02-27 13:32:00,1168.43,1168.54,1168.43,1168.54,0.01,28.27,32888.68,1
2024-02-27,2024-02-27 13:33:00,1168.54,1168.64,1168.54,1168.64,0.01,28.27,32888.68,1
2024-02-27,2024-02-27 13:34:00,1168.64,1168.75,1168.64,1168.75,0.01,28.27,32888.68,1
2024-02-27,2024-02-27 13:35:00,1168.75,1168.85,1168.75,1168.85,0.01,28.27,32888.68,1
2024-02-27,2024-02-27 13:36:00,1168.85,1168.95,1168.85,1168.95,0.01,28.27,32888.68,1
2024-02-27,2024-02-27 13:37:00,1168.95,1169.06,1168.95,1169.06,0.01,28.27,32888.68,1
2024-02-27,2024-02-27 13:38:00,1169.06,1169.16,1169.06,1169.16,0.01,28.27,32888.68,1
2024-02-27,2024-02-27 13:39:00,1169.16,1169.27,1169.16,1169.27,0.01,28.27,32888.68,1
2024-02-27,2024-02-27 13:40:00,1169.27,1169.37,1169.27,1169.37,0.01,28.27,32888.68,1
2024-02-27,2024-02-27 13:41:00,1169.37,1169.47,1169.37,1169.47,0.01,28.27,32888.68,1
2024-02-27,2024-02-27 13:42:00,1169.47,1169.58,1169.47,1169.58,0.01,28.27,32888.68,1
2024-02-27,2024-02-27 13:43:00,1169.58,1169.68,1169.58,1169.68,0.01,28.27,32888.68,1
2024-02-27,2024-02-27 13:44:00,1169.68,1169.79,1169.68,1169.79,0.01,28.27,32888.68,1
2024-02-27,2024-02-27 13:45:00,1169.79,1169.89,1169.79,1169.89,0.01,28.27,32888.68,1
2024-02-27,2024-02-27 13:46:00,1169.89,1170.0,1169.89,1170.0,0.01,28.27,32888.68,1
2024-02-27,2024-02-27 13:47:00,1170.0,1170.1,1170.0,1170.1,0.01,28.27,32888.68,1
2024-02-27,2024-02-27 13:48:00,1170.1,1170.2,1170.1,1170.2,0.01,28.27,32888.68,1
2024-02-27,2024-02-27 13:49:00,1170.2,1170.31,1170.2,1170.31,0.01,28.27,32888.68,1
2024-02-27,2024-02-27 13:50:00,1170.31,1170.41,1170.31,1170.41,0.01,28.27,32888.68,1
2024-02-27,2024-02-27 13:51:00,1170.41,1170.52,1170.41,1170.52,0.01,28.27,32888.68,1
2024-02-27,2024-02-27 13:52:00,1170.52,1170.62,1170.52,1170.62,0.01,28.27,32888.68,1
2024-02-27,2024-02-27 13:53:00,1170.62,1170.72,1170.62,1170.72,0.01,28.27,32888.68,1
2024-02-27,2024-02-27 13:54:00,1170.72,1170.83,1170.72,1170.83,0.01,28.27,32888.68,1
2024-02-27,2024-02-27 13:55:00,1170.83,1170.93,1170.83,1170.93,0.01,28.27,32888.68,1
2024-02-27,2024-02-27 13:56:00,1170.93,1171.04,1170.93,1171.04,0.01,28.27,32888.68,1
2024-02-27,2024-02-27 13:57:00,1171.04,1171.14,1171.04,1171.14,0.01,28.27,32888.68,1
2024-02-27,2024-02-27 13:58:00,1171.14,1171.25,1171.14,1171.25,0.01,28.27,32888.68,1
2024-02-27,2024-02-27 13:59:00,1171.25,1171.35,1171.25,1171.35,0.01,28.27,32888.68,1
2024-02-27,2024-02-27 14:00:00,1171.35,1171.45,1171.35,1171.45,0.01,28.27,32888.68,1
2024-02-27,2024-02-27 14:01:00,1171.45,1171.56,1171.45,1171.56,0.01,28.27,32888.68,1
2024-02-27,2024-02-27 14:02:00,1171.56,1171.66,1171.56,1171.66,0.01,28.27,32888.68,1
2024-02-27,2024-02-27 14:03:00,1171.66,1171.77,1171.66,1171.77,0.01,28.27,32888.68,1
2024-02-27,2024-02-27 14:04:00,1171.77,1171.87,1171.77,1171.87,0.01,28.27,32888.68,1
2024-02-27,2024-02-27 14:05:00,1171.87,1171.97,1171.87,1171.97,0.01,28.27,32888.68,1
2024-02-27,2024-02-27 14:06:00,1171.97,1172.08,1171.97,1172.08,0.01,28.27,32888.68,1
2024-02-27,2024-02-27 14:07:00,1172.08,1172.18,1172.08,1172.18,0.01,28.27,32888.68,1
2024-02-27,2024-02-27 14:08:00,1172.18,1172.29,1172.18,1172.29,0.01,28.27,32888.68,1
2024-02-27,2024-02-27 14:09:00,1172.29,1172.39,1172.29,1172.39,0.01,28.27,32888.68,1
2024-02-27,2024-02-27 14:10:00,1172.39,1172.5,1172.39,1172.5,0.01,28.27,32888.68,1
2024-02-27,2024-02-27 14:11:00,1172.5,1172.6,1172.5,1172.6,0.01,28.27,32888.68,1
2024-02-27,2024-02-27 14:12:00,1172.6,1172.7,1172.6,1172.7,0.01,28.27,32888.68,1
2024-02-27,2024-02-27 14:13:00,1172.7,1172.81,1172.7,1172.81,0.01,28.27,32888.68,1
2024-02-27,2024-02-27 14:14:00,1172.81,1172.91,1172.81,1172.91,0.01,28.27,32888.68,1
2024-02-27,2024-02-27 14:15:00,1172.91,1173.02,1172.91,1173.02,0.01,28.27,32888.68,1
2024-02-27,2024-02-27 14:16:00,1173.02,1173.12,1173.02,1173.12,0.01,28.27,32888.68,1
2024-02-27,2024-02-27 14:17:00,1173.12,1173.22,1173.12,1173.22,0.01,28.27,32888.68,1
2024-02-27,2024-02-27 14:18:00,1173.22,1173.33,1173.22,1173.33,0.01,28.27,32888.68,1
2024-02-27,2024-02-27 14:19:00,1173.33,1173.43,1173.33,1173.43,0.01,28.27,32888.68,1
2024-02-27,2024-02-27 14:20:00,1173.43,1173.54,1173.43,1173.54,0.01,28.27,32888.68,1
2024-02-27,2024-02-27 14:21:00,1173.54,1173.64,1173.54,1173.64,0.01,28.27,32888.68,1
2024-02-27,2024-02-27 14:22:00,1173.64,1173.75,1173.64,1173.75,0.01,28.27,32888.68,1
2024-02-27,2024-02-27 14:23:00,1173.75,1173.85,1173.75,1173.85,0.01,28.27,32888.68,1
2024-02-27,2024-02-27 14:24:00,1173.85,1173.95,1173.85,1173.95,0.01,28.27,32888.68,1
2024-02-27,2024-02-27 14:25:00,1173.95,1174.06,1173.95,1174.06,0.01,28.27,32888.68,1
2024-02-27,2024-02-27 14:26:00,1174.06,1174.16,1174.06,1174.16,0.01,28.27,32888.68,1
2024-02-27,2024-02-27 14:27:00,1174.16,1174.27,1174.16,1174.27,0.01,28.27,32888.68,1
2024-02-27,2024-02-27 14:28:00,1174.27,1174.37,1174.27,1174.37,0.01,28.27,32888.68,1
2024-02-27,2024-02-27 14:29:00,1174.37,1174.47,1174.37,1174.47,0.01,28.27,32888.68,1
2024-02-27,2024-02-27 14:30:00,1174.47,1174.58,1174.47,1174.58,0.01,28.27,32888.68,1
2024-02-27,2024-02-27 14:31:00,1174.58,1174.68,1174.58,1174.68,0.01,28.27,32888.68,1
2024-02-27,2024-02-27 14:32:00,1174.68,1174.79,1174.68,1174.79,0.01,28.27,32888.68,1
2024-02-27,2024-02-27 14:33:00,1174.79,1174.89,1174.79,1174.89,0.01,28.27,32888.68,1
2024-02-27,2024-02-27 14:34:00,1174.89,1175.0,1174.89,1175.0,0.01,28.27,32888.68,1
2024-02-27,2024-02-27 14:35:00,1175.0,1175.1,1175.0,1175.1,0.01,28.27,32888.68,1
2024-02-27,2024-02-27 14:36:00,1175.1,1175.2,1175.1,1175.2,0.01,28.27,32888.68,1
2024-02-27,2024-02-27 14:37:00,1175.2,1175.31,1175.2,1175.31,0.01,28.27,32888.68,1
2024-02-27,2024-02-27 14:38:00,1175.31,1175.41,1175.31,1175.41,0.01,28.27,32888.68,1
2024-02-27,2024-02-27 14:39:00,1175.41,1175.52,1175.41,1175.52,0.01,28.27,32888.68,1
2024-02-27,2024-02-27 14:40:00,1175.52,1175.62,1175.52,1175.62,0.01,28.27,32888.68,1
2024-02-27,2024-02-27 14:41:00,1175.62,1175.72,1175.62,1175.72,0.01,28.27,32888.68,1
2024-02-27,2024-02-27 14:42:00,1175.72,1175.83,1175.72,1175.83,0.01,28.27,32888.68,1
2024-02-27,2024-02-27 14:43:00,1175.83,1175.93,1175.83,1175.93,0.01,28.27,32888.68,1
2024-02-27,2024-02-27 14:44:00,1175.93,1176.04,1175.93,1176.04,0.01,28.27,32888.68,1
2024-02-27,2024-02-27 14:45:00,1176.04,1176.14,1176.04,1176.14,0.01,28.27,32888.68,1
2024-02-27,2024-02-27 14:46:00,1176.14,1176.25,1176.14,1176.25,0.01,28.27,32888.68,1
2024-02-27,2024-02-27 14:47:00,1176.25,1176.35,1176.25,1176.35,0.01,28.27,32888.68,1
2024-02-27,2024-02-27 14:48:00,1176.35,1176.45,1176.35,1176.45,0.01,28.27,32888.68,1
2024-02-27,2024-02-27 14:49:00,1176.45,1176.56,1176.45,1176.56,0.01,28.27,32888.68,1
2024-02-27,2024-02-27 14:50:00,1176.56,1176.66,1176.56,1176.66,0.01,28.27,32888.68,1
2024-02-27,2024-02-27 14:51:00,1176.66,1176.77,1176.66,1176.77,0.01,28.27,32888.68,1
2024-02-27,2024-02-27 14:52:00,1176.77,1176.87,1176.77,1176.87,0.01,28.27,32888.68,1
2024-02-27,2024-02-27 14:53:00,1176.87,1176.97,1176.87,1176.97,0.01,28.27,32888.68,1
2024-02-27,2024-02-27 14:54:00,1176.97,1177.08,1176.97,1177.08,0.01,28.27,32888.68,1
2024-02-27,2024-02-27 14:55:00,1177.08,1177.18,1177.08,1177.18,0.01,28.27,32888.68,1
2024-02-27,2024-02-27 14:56:00,1177.18,1177.29,1177.18,1177.29,0.01,28.27,32888.68,1
2024-02-27,2024-02-27 14:57:00,1177.29,1177.39,1177.29,1177.39,0.01,28.27,32888.68,1
2024-02-27,2024-02-27 14:58:00,1177.39,1177.5,1177.39,1177.5,0.01,28.27,32888.68,1
2024-02-27,2024-02-27 14:59:00,1177.5,1177.6,1177.5,1177.6,0.01,28.27,32888.68,1
2024-02-27,2024-02-27 15:00:00,1177.6,1236.2,1108.0,1177.6,0.0,28.27,32888.68,0
2024-02-28,2024-02-28 11:00:00,1154.1,1182.39,1147.77,1154.21,0.01,25.48,29997.02,1
2024-02-28,2024-02-28 11:01:00,1154.21,1154.32,1154.21,1154.32,0.01,25.48,29997.02,1
2024-02-28,2024-02-28 11:02:00,1154.32,1154.42,1154.32,1154.42,0.01,25.48,29997.02,1
2024-02-28,2024-02-28 11:03:00,1154.42,1154.53,1154.42,1154.53,0.01,25.48,29997.02,1
2024-02-28,2024-02-28 11:04:00,1154.53,1154.64,1154.53,1154.64,0.01,25.48,29997.02,1
2024-02-28,2024-02-28 11:05:00,1154.64,1154.75,1154.64,1154.75,0.01,25.48,29997.02,1
2024-02-28,2024-02-28 11:06:00,1154.75,1154.86,1154.75,1154.86,0.01,25.48,29997.02,1
2024-02-28,2024-02-28 11:07:00,1154.86,1154.96,1154.86,1154.96,0.01,25.48,29997.02,1
2024-02-28,2024-02-28 11:08:00,1154.96,1155.07,1154.96,1155.07,0.01,25.48,29997.02,1
2024-02-28,2024-02-28 11:09:00,1155.07,1155.18,1155.07,1155.18,0.01,25.48,29997.02,1
2024-02-28,2024-02-28 11:10:00,1155.18,1155.29,1155.18,1155.29,0.01,25.48,29997.02,1
2024-02-28,2024-02-28 11:11:00,1155.29,1155.39,1155.29,1155.39,0.01,25.48,29997.02,1
2024-02-28,2024-02-28 11:12:00,1155.39,1155.5,1155.39,1155.5,0.01,25.48,29997.02,1
2024-02-28,2024-02-28 11:13:00,1155.5,1155.61,1155.5,1155.61,0.01,25.48,29997.02,1
2024-02-28,2024-02-28 11:14:00,1155.61,1155.72,1155.61,1155.72,0.01,25.48,29997.02,1
2024-02-28,2024-02-28 11:15:00,1155.72,1155.83,1155.72,1155.83,0.01,25.48,29997.02,1
2024-02-28,2024-02-28 11:16:00,1155.83,1155.93,1155.83,1155.93,0.01,25.48,29997.02,1
2024-02-28,2024-02-28 11:17:00,1155.93,1156.04,1155.93,1156.04,0.01,25.48,29997.02,1
2024-02-28,2024-02-28 11:18:00,1156.04,1156.15,1156.04,1156.15,0.01,25.48,29997.02,1
2024-02-28,2024-02-28 11:19:00,1156.15,1156.26,1156.15,1156.26,0.01,25.48,29997.02,1
2024-02-28,2024-02-28 11:20:00,1156.26,1156.37,1156.26,1156.37,0.01,25.48,29997.02,1
2024-02-28,2024-02-28 11:21:00,1156.37,1156.47,1156.37,1156.47,0.01,25.48,29997.02,1
2024-02-28,2024-02-28 11:22:00,1156.47,1156.58,1156.47,1156.58,0.01,25.48,29997.02,1
2024-02-28,2024-02-28 11:23:00,1156.58,1156.69,1156.58,1156.69,0.01,25.48,29997.02,1
2024-02-28,2024-02-28 11:24:00,1156.69,1156.8,1156.69,1156.8,0.01,25.48,29997.02,1
2024-02-28,2024-02-28 11:25:00,1156.8,1156.91,1156.8,1156.91,0.01,25.48,29997.02,1
2024-02-28,2024-02-28 11:26:00,1156.91,1157.01,1156.91,1157.01,0.01,25.48,29997.02,1
2024-02-28,2024-02-28 11:27:00,1157.01,1157.12,1157.01,1157.12,0.01,25.48,29997.02,1
2024-02-28,2024-02-28 11:28:00,1157.12,1157.23,1157.12,1157.23,0.01,25.48,29997.02,1
2024-02-28,2024-02-28 11:29:00,1157.23,1157.34,1157.23,1157.34,0.01,25.48,29997.02,1
2024-02-28,2024-02-28 11:30:00,1157.34,1157.45,1157.34,1157.45,0.01,25.48,29997.02,1
2024-02-28,2024-02-28 11:31:00,1157.45,1157.55,1157.45,1157.55,0.01,25.48,29997.02,1
2024-02-28,2024-02-28 11:32:00,1157.55,1157.66,1157.55,1157.66,0.01,25.48,29997.02,1
2024-02-28,2024-02-28 11:33:00,1157.66,1157.77,1157.66,1157.77,0.01,25.48,29997.02,1
2024-02-28,2024-02-28 11:34:00,1157.77,1157.88,1157.77,1157.88,0.01,25.48,29997.02,1
2024-02-28,2024-02-28 11:35:00,1157.88,1157.98,1157.88,1157.98,0.01,25.48,29997.02,1
2024-02-28,2024-02-28 11:36:00,1157.98,1158.09,1157.98,1158.09,0.01,25.48,29997.02,1
2024-02-28,2024-02-28 11:37:00,1158.09,1158.2,1158.09,1158.2,0.01,25.48,29997.02,1
2024-02-28,2024-02-28 11:38:00,1158.2,1158.31,1158.2,1158.31,0.01,25.48,29997.02,1
2024-02-28,2024-02-28 11:39:00,1158.31,1158.42,1158.31,1158.42,0.01,25.48,29997.02,1
2024-02-28,2024-02-28 11:40:00,1158.42,1158.52,1158.42,1158.52,0.01,25.48,29997.02,1
2024-02-28,2024-02-28 11:41:00,1158.52,1158.63,1158.52,1158.63,0.01,25.48,29997.02,1
2024-02-28,2024-02-28 11:42:00,1158.63,1158.74,1158.63,1158.74,0.01,25.48,29997.02,1
2024-02-28,2024-02-28 11:43:00,1158.74,1158.85,1158.74,1158.85,0.01,25.48,29997.02,1
2024-02-28,2024-02-28 11:44:00,1158.85,1158.96,1158.85,1158.96,0.01,25.48,29997.02,1
2024-02-28,2024-02-28 11:45:00,1158.96,1159.06,1158.96,1159.06,0.01,25.48,29997.02,1
2024-02-28,2024-02-28 11:46:00,1159.06,1159.17,1159.06,1159.17,0.01,25.48,29997.02,1
2024-02-28,2024-02-28 11:47:00,1159.17,1159.28,1159.17,1159.28,0.01,25.48,29997.02,1
2024-02-28,2024-02-28 11:48:00,1159.28,1159.39,1159.28,1159.39,0.01,25.48,29997.02,1
2024-02-28,2024-02-28 11:49:00,1159.39,1159.5,1159.39,1159.5,0.01,25.48,29997.02,1
2024-02-28,2024-02-28 11:50:00,1159.5,1159.6,1159.5,1159.6,0.01,25.48,29997.02,1
2024-02-28,2024-02-28 11:51:00,1159.6,1159.71,1159.6,1159.71,0.01,25.48,29997.02,1
2024-02-28,2024-02-28 11:52:00,1159.71,1159.82,1159.71,1159.82,0.01,25.48,29997.02,1
2024-02-28,2024-02-28 11:53:00,1159.82,1159.93,1159.82,1159.93,0.01,25.48,29997.02,1
2024-02-28,2024-02-28 11:54:00,1159.93,1160.04,1159.93,1160.04,0.01,25.48,29997.02,1
2024-02-28,2024-02-28 11:55:00,1160.04,1160.14,1160.04,1160.14,0.01,25.48,29997.02,1
2024-02-28,2024-02-28 11:56:00,1160.14,1160.25,1160.14,1160.25,0.01,25.48,29997.02,1
2024-02-28,2024-02-28 11:57:00,1160.25,1160.36,1160.25,1160.36,0.01,25.48,29997.02,1
2024-02-28,2024-02-28 11:58:00,1160.36,1160.47,1160.36,1160.47,0.01,25.48,29997.02,1
2024-02-28,2024-02-28 11:59:00,1160.47,1160.57,1160.47,1160.57,0.01,25.48,29997.02,1
2024-02-28,2024-02-28 12:00:00,1160.57,1160.68,1160.57,1160.68,0.01,25.48,29997.02,1
2024-02-28,2024-02-28 12:01:00,1160.68,1160.79,1160.68,1160.79,0.01,25.48,29997.02,1
2024-02-28,2024-02-28 12:02:00,1160.79,1160.9,1160.79,1160.9,0.01,25.48,29997.02,1
2024-02-28,2024-02-28 12:03:00,1160.9,1161.01,1160.9,1161.01,0.01,25.48,29997.02,1
2024-02-28,2024-02-28 12:04:00,1161.01,1161.11,1161.01,1161.11,0.01,25.48,29997.02,1
2024-02-28,2024-02-28 12:05:00,1161.11,1161.22,1161.11,1161.22,0.01,25.48,29997.02,1
2024-02-28,2024-02-28 12:06:00,1161.22,1161.33,1161.22,1161.33,0.01,25.48,29997.02,1
2024-02-28,2024-02-28 12:07:00,1161.33,1161.44,1161.33,1161.44,0.01,25.48,29997.02,1
2024-02-28,2024-02-28 12:08:00,1161.44,1161.55,1161.44,1161.55,0.01,25.48,29997.02,1
2024-02-28,2024-02-28 12:09:00,1161.55,1161.65,1161.55,1161.65,0.01,25.48,29997.02,1
2024-02-28,2024-02-28 12:10:00,1161.65,1161.76,1161.65,1161.76,0.01,25.48,29997.02,1
2024-02-28,2024-02-28 12:11:00,1161.76,1161.87,1161.76,1161.87,0.01,25.48,29997.02,1
2024-02-28,2024-02-28 12:12:00,1161.87,1161.98,1161.87,1161.98,0.01,25.48,29997.02,1
2024-02-28,2024-02-28 12:13:00,1161.98,1162.09,1161.98,1162.09,0.01,25.48,29997.02,1
2024-02-28,2024-02-28 12:14:00,1162.09,1162.19,1162.09,1162.19,0.01,25.48,29997.02,1
2024-02-28,2024-02-28 12:15:00,1162.19,1162.3,1162.19,1162.3,0.01,25.48,29997.02,1
2024-02-28,2024-02-28 12:16:00,1162.3,1162.41,1162.3,1162.41,0.01,25.48,29997.02,1
2024-02-28,2024-02-28 12:17:00,1162.41,1162.52,1162.41,1162.52,0.01,25.48,29997.02,1
2024-02-28,2024-02-28 12:18:00,1162.52,1162.63,1162.52,1162.63,0.01,25.48,29997.02,1
2024-02-28,2024-02-28 12:19:00,1162.63,1162.73,1162.63,1162.73,0.01,25.48,29997.02,1
2024-02-28,2024-02-28 12:20:00,1162.73,1162.84,1162.73,1162.84,0.01,25.48,29997.02,1
2024-02-28,2024-02-28 12:21:00,1162.84,1162.95,1162.84,1162.95,0.01,25.48,29997.02,1
2024-02-28,2024-02-28 12:22:00,1162.95,1163.06,1162.95,1163.06,0.01,25.48,29997.02,1
2024-02-28,2024-02-28 12:23:00,1163.06,1163.16,1163.06,1163.16,0.01,25.48,29997.02,1
2024-02-28,2024-02-28 12:24:00,1163.16,1163.27,1163.16,1163.27,0.01,25.48,29997.02,1
2024-02-28,2024-02-28 12:25:00,1163.27,1163.38,1163.27,1163.38,0.01,25.48,29997.02,1
2024-02-28,2024-02-28 12:26:00,1163.38,1163.49,1163.38,1163.49,0.01,25.48,29997.02,1
2024-02-28,2024-02-28 12:27:00,1163.49,1163.6,1163.49,1163.6,0.01,25.48,29997.02,1
2024-02-28,2024-02-28 12:28:00,1163.6,1163.7,1163.6,1163.7,0.01,25.48,29997.02,1
2024-02-28,2024-02-28 12:29:00,1163.7,1163.81,1163.7,1163.81,0.01,25.48,29997.02,1
2024-02-28,2024-02-28 12:30:00,1163.81,1163.92,1163.81,1163.92,0.01,25.48,29997.02,1
2024-02-28,2024-02-28 12:31:00,1163.92,1164.03,1163.92,1164.03,0.01,25.48,29997.02,1
2024-02-28,2024-02-28 12:32:00,1164.03,1164.14,1164.03,1164.14,0.01,25.48,29997.02,1
2024-02-28,2024-02-28 12:33:00,1164.14,1164.24,1164.14,1164.24,0.01,25.48,29997.02,1
2024-02-28,2024-02-28 12:34:00,1164.24,1164.35,1164.24,1164.35,0.01,25.48,29997.02,1
2024-02-28,2024-02-28 12:35:00,1164.35,1164.46,1164.35,1164.46,0.01,25.48,29997.02,1
2024-02-28,2024-02-28 12:36:00,1164.46,1164.57,1164.46,1164.57,0.01,25.48,29997.02,1
2024-02-28,2024-02-28 12:37:00,1164.57,1164.68,1164.57,1164.68,0.01,25.48,29997.02,1
2024-02-28,2024-02-28 12:38:00,1164.68,1164.78,1164.68,1164.78,0.01,25.48,29997.02,1
2024-02-28,2024-02-28 12:39:00,1164.78,1164.89,1164.78,1164.89,0.01,25.48,29997.02,1
2024-02-28,2024-02-28 12:40:00,1164.89,1165.0,1164.89,1165.0,0.01,25.48,29997.02,1
2024-02-28,2024-02-28 12:41:00,1165.0,1165.11,1165.0,1165.11,0.01,25.48,29997.02,1
2024-02-28,2024-02-28 12:42:00,1165.11,1165.22,1165.11,1165.22,0.01,25.48,29997.02,1
2024-02-28,2024-02-28 12:43:00,1165.22,1165.32,1165.22,1165.32,0.01,25.48,29997.02,1
2024-02-28,2024-02-28 12:44:00,1165.32,1165.43,1165.32,1165.43,0.01,25.48,29997.02,1
2024-02-28,2024-02-28 12:45:00,1165.43,1165.54,1165.43,1165.54,0.01,25.48,29997.02,1
2024-02-28,2024-02-28 12:46:00,1165.54,1165.65,1165.54,1165.65,0.01,25.48,29997.02,1
2024-02-28,2024-02-28 12:47:00,1165.65,1165.75,1165.65,1165.75,0.01,25.48,29997.02,1
2024-02-28,2024-02-28 12:48:00,1165.75,1165.86,1165.75,1165.86,0.01,25.48,29997.02,1
2024-02-28,2024-02-28 12:49:00,1165.86,1165.97,1165.86,1165.97,0.01,25.48,29997.02,1
2024-02-28,2024-02-28 12:50:00,1165.97,1166.08,1165.97,1166.08,0.01,25.48,29997.02,1
2024-02-28,2024-02-28 12:51:00,1166.08,1166.19,1166.08,1166.19,0.01,25.48,29997.02,1
2024-02-28,2024-02-28 12:52:00,1166.19,1166.29,1166.19,1166.29,0.01,25.48,29997.02,1
2024-02-28,2024-02-28 12:53:00,1166.29,1166.4,1166.29,1166.4,0.01,25.48,29997.02,1
2024-02-28,2024-02-28 12:54:00,1166.4,1166.51,1166.4,1166.51,0.01,25.48,29997.02,1
2024-02-28,2024-02-28 12:55:00,1166.51,1166.62,1166.51,1166.62,0.01,25.48,29997.02,1
2024-02-28,2024-02-28 12:56:00,1166.62,1166.73,1166.62,1166.73,0.01,25.48,29997.02,1
2024-02-28,2024-02-28 12:57:00,1166.73,1166.83,1166.73,1166.83,0.01,25.48,29997.02,1
2024-02-28,2024-02-28 12:58:00,1166.83,1166.94,1166.83,1166.94,0.01,25.48,29997.02,1
2024-02-28,2024-02-28 12:59:00,1166.94,1167.05,1166.94,1167.05,0.01,25.48,29997.02,1
2024-02-28,2024-02-28 13:00:00,1167.05,1248.4,1133.0,1167.16,0.01,25.48,29997.02,1
2024-02-28,2024-02-28 13:01:00,1167.16,1167.27,1167.16,1167.27,0.01,25.48,29997.02,1
2024-02-28,2024-02-28 13:02:00,1167.27,1167.37,1167.27,1167.37,0.01,25.48,29997.02,1
2024-02-28,2024-02-28 13:03:00,1167.37,1167.48,1167.37,1167.48,0.01,25.48,29997.02,1
2024-02-28,2024-02-28 13:04:00,1167.48,1167.59,1167.48,1167.59,0.01,25.48,29997.02,1
2024-02-28,2024-02-28 13:05:00,1167.59,1167.7,1167.59,1167.7,0.01,25.48,29997.02,1
2024-02-28,2024-02-28 13:06:00,1167.7,1167.81,1167.7,1167.81,0.01,25.48,29997.02,1
2024-02-28,2024-02-28 13:07:00,1167.81,1167.91,1167.81,1167.91,0.01,25.48,29997.02,1
2024-02-28,2024-02-28 13:08:00,1167.91,1168.02,1167.91,1168.02,0.01,25.48,29997.02,1
2024-02-28,2024-02-28 13:09:00,1168.02,1168.13,1168.02,1168.13,0.01,25.48,29997.02,1
2024-02-28,2024-02-28 13:10:00,1168.13,1168.24,1168.13,1168.24,0.01,25.48,29997.02,1
2024-02-28,2024-02-28 13:11:00,1168.24,1168.35,1168.24,1168.35,0.01,25.48,29997.02,1
2024-02-28,2024-02-28 13:12:00,1168.35,1168.45,1168.35,1168.45,0.01,25.48,29997.02,1
2024-02-28,2024-02-28 13:13:00,1168.45,1168.56,1168.45,1168.56,0.01,25.48,29997.02,1
2024-02-28,2024-02-28 13:14:00,1168.56,1168.67,1168.56,1168.67,0.01,25.48,29997.02,1
2024-02-28,2024-02-28 13:15:00,1168.67,1168.78,1168.67,1168.78,0.01,25.48,29997.02,1
2024-02-28,2024-02-28 13:16:00,1168.78,1168.88,1168.78,1168.88,0.01,25.48,29997.02,1
2024-02-28,2024-02-28 13:17:00,1168.88,1168.99,1168.88,1168.99,0.01,25.48,29997.02,1
2024-02-28,2024-02-28 13:18:00,1168.99,1169.1,1168.99,1169.1,0.01,25.48,29997.02,1
2024-02-28,2024-02-28 13:19:00,1169.1,1169.21,1169.1,1169.21,0.01,25.48,29997.02,1
2024-02-28,2024-02-28 13:20:00,1169.21,1169.32,1169.21,1169.32,0.01,25.48,29997.02,1
2024-02-28,2024-02-28 13:21:00,1169.32,1169.42,1169.32,1169.42,0.01,25.48,29997.02,1
2024-02-28,2024-02-28 13:22:00,1169.42,1169.53,1169.42,1169.53,0.01,25.48,29997.02,1
2024-02-28,2024-02-28 13:23:00,1169.53,1169.64,1169.53,1169.64,0.01,25.48,29997.02,1
2024-02-28,2024-02-28 13:24:00,1169.64,1169.75,1169.64,1169.75,0.01,25.48,29997.02,1
2024-02-28,2024-02-28 13:25:00,1169.75,1169.86,1169.75,1169.86,0.01,25.48,29997.02,1
2024-02-28,2024-02-28 13:26:00,1169.86,1169.96,1169.86,1169.96,0.01,25.48,29997.02,1
2024-02-28,2024-02-28 13:27:00,1169.96,1170.07,1169.96,1170.07,0.01,25.48,29997.02,1
2024-02-28,2024-02-28 13:28:00,1170.07,1170.18,1170.07,1170.18,0.01,25.48,29997.02,1
2024-02-28,2024-02-28 13:29:00,1170.18,1170.29,1170.18,1170.29,0.01,25.48,29997.02,1
2024-02-28,2024-02-28 13:30:00,1170.29,1170.4,1170.29,1170.4,0.01,25.48,29997.02,1
2024-02-28,2024-02-28 13:31:00,1170.4,1170.5,1170.4,1170.5,0.01,25.48,29997.02,1
2024-02-28,2024-02-28 13:32:00,1170.5,1170.61,1170.5,1170.61,0.01,25.48,29997.02,1
2024-02-28,2024-02-28 13:33:00,1170.61,1170.72,1170.61,1170.72,0.01,25.48,29997.02,1
2024-02-28,2024-02-28 13:34:00,1170.72,1170.83,1170.72,1170.83,0.01,25.48,29997.02,1
2024-02-28,2024-02-28 13:35:00,1170.83,1170.93,1170.83,1170.93,0.01,25.48,29997.02,1
2024-02-28,2024-02-28 13:36:00,1170.93,1171.04,1170.93,1171.04,0.01,25.48,29997.02,1
2024-02-28,2024-02-28 13:37:00,1171.04,1171.15,1171.04,1171.15,0.01,25.48,29997.02,1
2024-02-28,2024-02-28 13:38:00,1171.15,1171.26,1171.15,1171.26,0.01,25.48,29997.02,1
2024-02-28,2024-02-28 13:39:00,1171.26,1171.37,1171.26,1171.37,0.01,25.48,29997.02,1
2024-02-28,2024-02-28 13:40:00,1171.37,1171.47,1171.37,1171.47,0.01,25.48,29997.02,1
2024-02-28,2024-02-28 13:41:00,1171.47,1171.58,1171.47,1171.58,0.01,25.48,29997.02,1
2024-02-28,2024-02-28 13:42:00,1171.58,1171.69,1171.58,1171.69,0.01,25.48,29997.02,1
2024-02-28,2024-02-28 13:43:00,1171.69,1171.8,1171.69,1171.8,0.01,25.48,29997.02,1
2024-02-28,2024-02-28 13:44:00,1171.8,1171.91,1171.8,1171.91,0.01,25.48,29997.02,1
2024-02-28,2024-02-28 13:45:00,1171.91,1172.01,1171.91,1172.01,0.01,25.48,29997.02,1
2024-02-28,2024-02-28 13:46:00,1172.01,1172.12,1172.01,1172.12,0.01,25.48,29997.02,1
2024-02-28,2024-02-28 13:47:00,1172.12,1172.23,1172.12,1172.23,0.01,25.48,29997.02,1
2024-02-28,2024-02-28 13:48:00,1172.23,1172.34,1172.23,1172.34,0.01,25.48,29997.02,1
2024-02-28,2024-02-28 13:49:00,1172.34,1172.45,1172.34,1172.45,0.01,25.48,29997.02,1
2024-02-28,2024-02-28 13:50:00,1172.45,1172.55,1172.45,1172.55,0.01,25.48,29997.02,1
2024-02-28,2024-02-28 13:51:00,1172.55,1172.66,1172.55,1172.66,0.01,25.48,29997.02,1
2024-02-28,2024-02-28 13:52:00,1172.66,1172.77,1172.66,1172.77,0.01,25.48,29997.02,1
2024-02-28,2024-02-28 13:53:00,1172.77,1172.88,1172.77,1172.88,0.01,25.48,29997.02,1
2024-02-28,2024-02-28 13:54:00,1172.88,1172.99,1172.88,1172.99,0.01,25.48,29997.02,1
2024-02-28,2024-02-28 13:55:00,1172.99,1173.09,1172.99,1173.09,0.01,25.48,29997.02,1
2024-02-28,2024-02-28 13:56:00,1173.09,1173.2,1173.09,1173.2,0.01,25.48,29997.02,1
2024-02-28,2024-02-28 13:57:00,1173.2,1173.31,1173.2,1173.31,0.01,25.48,29997.02,1
2024-02-28,2024-02-28 13:58:00,1173.31,1173.42,1173.31,1173.42,0.01,25.48,29997.02,1
2024-02-28,2024-02-28 13:59:00,1173.42,1173.53,1173.42,1173.53,0.01,25.48,29997.02,1
2024-02-28,2024-02-28 14:00:00,1173.53,1173.63,1173.53,1173.63,0.01,25.48,29997.02,1
2024-02-28,2024-02-28 14:01:00,1173.63,1173.74,1173.63,1173.74,0.01,25.48,29997.02,1
2024-02-28,2024-02-28 14:02:00,1173.74,1173.85,1173.74,1173.85,0.01,25.48,29997.02,1
2024-02-28,2024-02-28 14:03:00,1173.85,1173.96,1173.85,1173.96,0.01,25.48,29997.02,1
2024-02-28,2024-02-28 14:04:00,1173.96,1174.06,1173.96,1174.06,0.01,25.48,29997.02,1
2024-02-28,2024-02-28 14:05:00,1174.06,1174.17,1174.06,1174.17,0.01,25.48,29997.02,1
2024-02-28,2024-02-28 14:06:00,1174.17,1174.28,1174.17,1174.28,0.01,25.48,29997.02,1
2024-02-28,2024-02-28 14:07:00,1174.28,1174.39,1174.28,1174.39,0.01,25.48,29997.02,1
2024-02-28,2024-02-28 14:08:00,1174.39,1174.5,1174.39,1174.5,0.01,25.48,29997.02,1
2024-02-28,2024-02-28 14:09:00,1174.5,1174.6,1174.5,1174.6,0.01,25.48,29997.02,1
2024-02-28,2024-02-28 14:10:00,1174.6,1174.71,1174.6,1174.71,0.01,25.48,29997.02,1
2024-02-28,2024-02-28 14:11:00,1174.71,1174.82,1174.71,1174.82,0.01,25.48,29997.02,1
2024-02-28,2024-02-28 14:12:00,1174.82,1174.93,1174.82,1174.93,0.01,25.48,29997.02,1
2024-02-28,2024-02-28 14:13:00,1174.93,1175.04,1174.93,1175.04,0.01,25.48,29997.02,1
2024-02-28,2024-02-28 14:14:00,1175.04,1175.14,1175.04,1175.14,0.01,25.48,29997.02,1
2024-02-28,2024-02-28 14:15:00,1175.14,1175.25,1175.14,1175.25,0.01,25.48,29997.02,1
2024-02-28,2024-02-28 14:16:00,1175.25,1175.36,1175.25,1175.36,0.01,25.48,29997.02,1
2024-02-28,2024-02-28 14:17:00,1175.36,1175.47,1175.36,1175.47,0.01,25.48,29997.02,1
2024-02-28,2024-02-28 14:18:00,1175.47,1175.58,1175.47,1175.58,0.01,25.48,29997.02,1
2024-02-28,2024-02-28 14:19:00,1175.58,1175.68,1175.58,1175.68,0.01,25.48,29997.02,1
2024-02-28,2024-02-28 14:20:00,1175.68,1175.79,1175.68,1175.79,0.01,25.48,29997.02,1
2024-02-28,2024-02-28 14:21:00,1175.79,1175.9,1175.79,1175.9,0.01,25.48,29997.02,1
2024-02-28,2024-02-28 14:22:00,1175.9,1176.01,1175.9,1176.01,0.01,25.48,29997.02,1
2024-02-28,2024-02-28 14:23:00,1176.01,1176.12,1176.01,1176.12,0.01,25.48,29997.02,1
2024-02-28,2024-02-28 14:24:00,1176.12,1176.22,1176.12,1176.22,0.01,25.48,29997.02,1
2024-02-28,2024-02-28 14:25:00,1176.22,1176.33,1176.22,1176.33,0.01,25.48,29997.02,1
2024-02-28,2024-02-28 14:26:00,1176.33,1176.44,1176.33,1176.44,0.01,25.48,29997.02,1
2024-02-28,2024-02-28 14:27:00,1176.44,1176.55,1176.44,1176.55,0.01,25.48,29997.02,1
2024-02-28,2024-02-28 14:28:00,1176.55,1176.65,1176.55,1176.65,0.01,25.48,29997.02,1
2024-02-28,2024-02-28 14:29:00,1176.65,1176.76,1176.65,1176.76,0.01,25.48,29997.02,1
2024-02-28,2024-02-28 14:30:00,1176.76,1176.87,1176.76,1176.87,0.01,25.48,29997.02,1
2024-02-28,2024-02-28 14:31:00,1176.87,1176.98,1176.87,1176.98,0.01,25.48,29997.02,1
2024-02-28,2024-02-28 14:32:00,1176.98,1177.09,1176.98,1177.09,0.01,25.48,29997.02,1
2024-02-28,2024-02-28 14:33:00,1177.09,1177.19,1177.09,1177.19,0.01,25.48,29997.02,1
2024-02-28,2024-02-28 14:34:00,1177.19,1177.3,1177.19,1177.3,0.01,25.48,29997.02,1
2024-02-28,2024-02-28 14:35:00,1177.3,1177.41,1177.3,1177.41,0.01,25.48,29997.02,1
2024-02-28,2024-02-28 14:36:00,1177.41,1177.52,1177.41,1177.52,0.01,25.48,29997.02,1
2024-02-28,2024-02-28 14:37:00,1177.52,1177.63,1177.52,1177.63,0.01,25.48,29997.02,1
2024-02-28,2024-02-28 14:38:00,1177.63,1177.73,1177.63,1177.73,0.01,25.48,29997.02,1
2024-02-28,2024-02-28 14:39:00,1177.73,1177.84,1177.73,1177.84,0.01,25.48,29997.02,1
2024-02-28,2024-02-28 14:40:00,1177.84,1177.95,1177.84,1177.95,0.01,25.48,29997.02,1
2024-02-28,2024-02-28 14:41:00,1177.95,1178.06,1177.95,1178.06,0.01,25.48,29997.02,1
2024-02-28,2024-02-28 14:42:00,1178.06,1178.17,1178.06,1178.17,0.01,25.48,29997.02,1
2024-02-28,2024-02-28 14:43:00,1178.17,1178.27,1178.17,1178.27,0.01,25.48,29997.02,1
2024-02-28,2024-02-28 14:44:00,1178.27,1178.38,1178.27,1178.38,0.01,25.48,29997.02,1
2024-02-28,2024-02-28 14:45:00,1178.38,1178.49,1178.38,1178.49,0.01,25.48,29997.02,1
2024-02-28,2024-02-28 14:46:00,1178.49,1178.6,1178.49,1178.6,0.01,25.48,29997.02,1
2024-02-28,2024-02-28 14:47:00,1178.6,1178.7,1178.6,1178.7,0.01,25.48,29997.02,1
2024-02-28,2024-02-28 14:48:00,1178.7,1178.81,1178.7,1178.81,0.01,25.48,29997.02,1
2024-02-28,2024-02-28 14:49:00,1178.81,1178.92,1178.81,1178.92,0.01,25.48,29997.02,1
2024-02-28,2024-02-28 14:50:00,1178.92,1179.03,1178.92,1179.03,0.01,25.48,29997.02,1
2024-02-28,2024-02-28 14:51:00,1179.03,1179.14,1179.03,1179.14,0.01,25.48,29997.02,1
2024-02-28,2024-02-28 14:52:00,1179.14,1179.24,1179.14,1179.24,0.01,25.48,29997.02,1
2024-02-28,2024-02-28 14:53:00,1179.24,1179.35,1179.24,1179.35,0.01,25.48,29997.02,1
2024-02-28,2024-02-28 14:54:00,1179.35,1179.46,1179.35,1179.46,0.01,25.48,29997.02,1
2024-02-28,2024-02-28 14:55:00,1179.46,1179.57,1179.46,1179.57,0.01,25.48,29997.02,1
2024-02-28,2024-02-28 14:56:00,1179.57,1179.68,1179.57,1179.68,0.01,25.48,29997.02,1
2024-02-28,2024-02-28 14:57:00,1179.68,1179.78,1179.68,1179.78,0.01,25.48,29997.02,1
2024-02-28,2024-02-28 14:58:00,1179.78,1179.89,1179.78,1179.89,0.01,25.48,29997.02,1
2024-02-28,2024-02-28 14:59:00,1179.89,1180.0,1179.89,1180.0,0.01,25.48,29997.02,1
2024-02-28,2024-02-28 15:00:00,1180.0,1248.4,1133.0,1180.0,0.0,25.48,29997.02,0
2024-02-29,2024-02-29 11:00:00,1156.4,1163.48,1151.78,1156.34,-0.01,9.44,10934.45,-1
2024-02-29,2024-02-29 11:01:00,1156.34,1156.34,1156.27,1156.27,-0.01,9.44,10934.45,-1
2024-02-29,2024-02-29 11:02:00,1156.27,1156.27,1156.21,1156.21,-0.01,9.44,10934.45,-1
2024-02-29,2024-02-29 11:03:00,1156.21,1156.21,1156.14,1156.14,-0.01,9.44,10934.45,-1
2024-02-29,2024-02-29 11:04:00,1156.14,1156.14,1156.08,1156.08,-0.01,9.44,10934.45,-1
2024-02-29,2024-02-29 11:05:00,1156.08,1156.08,1156.02,1156.02,-0.01,9.44,10934.45,-1
2024-02-29,2024-02-29 11:06:00,1156.02,1156.02,1155.95,1155.95,-0.01,9.44,10934.45,-1
2024-02-29,2024-02-29 11:07:00,1155.95,1155.95,1155.89,1155.89,-0.01,9.44,10934.45,-1
2024-02-29,2024-02-29 11:08:00,1155.89,1155.89,1155.82,1155.82,-0.01,9.44,10934.45,-1
2024-02-29,2024-02-29 11:09:00,1155.82,1155.82,1155.76,1155.76,-0.01,9.44,10934.45,-1
2024-02-29,2024-02-29 11:10:00,1155.76,1155.76,1155.69,1155.69,-0.01,9.44,10934.45,-1
2024-02-29,2024-02-29 11:11:00,1155.69,1155.69,1155.63,1155.63,-0.01,9.44,10934.45,-1
2024-02-29,2024-02-29 11:12:00,1155.63,1155.63,1155.57,1155.57,-0.01,9.44,10934.45,-1
2024-02-29,2024-02-29 11:13:00,1155.57,1155.57,1155.5,1155.5,-0.01,9.44,10934.45,-1
2024-02-29,2024-02-29 11:14:00,1155.5,1155.5,1155.44,1155.44,-0.01,9.44,10934.45,-1
2024-02-29,2024-02-29 11:15:00,1155.44,1155.44,1155.37,1155.37,-0.01,9.44,10934.45,-1
2024-02-29,2024-02-29 11:16:00,1155.37,1155.37,1155.31,1155.31,-0.01,9.44,10934.45,-1
2024-02-29,2024-02-29 11:17:00,1155.31,1155.31,1155.25,1155.25,-0.01,9.44,10934.45,-1
2024-02-29,2024-02-29 11:18:00,1155.25,1155.25,1155.18,1155.18,-0.01,9.44,10934.45,-1
2024-02-29,2024-02-29 11:19:00,1155.18,1155.18,1155.12,1155.12,-0.01,9.44,10934.45,-1
2024-02-29,2024-02-29 11:20:00,1155.12,1155.12,1155.05,1155.05,-0.01,9.44,10934.45,-1
2024-02-29,2024-02-29 11:21:00,1155.05,1155.05,1154.99,1154.99,-0.01,9.44,10934.45,-1
2024-02-29,2024-02-29 11:22:00,1154.99,1154.99,1154.92,1154.92,-0.01,9.44,10934.45,-1
2024-02-29,2024-02-29 11:23:00,1154.92,1154.92,1154.86,1154.86,-0.01,9.44,10934.45,-1
2024-02-29,2024-02-29 11:24:00,1154.86,1154.86,1154.8,1154.8,-0.01,9.44,10934.45,-1
2024-02-29,2024-02-29 11:25:00,1154.8,1154.8,1154.73,1154.73,-0.01,9.44,10934.45,-1
2024-02-29,2024-02-29 11:26:00,1154.73,1154.73,1154.67,1154.67,-0.01,9.44,10934.45,-1
2024-02-29,2024-02-29 11:27:00,1154.67,1154.67,1154.6,1154.6,-0.01,9.44,10934.45,-1
2024-02-29,2024-02-29 11:28:00,1154.6,1154.6,1154.54,1154.54,-0.01,9.44,10934.45,-1
2024-02-29,2024-02-29 11:29:00,1154.54,1154.54,1154.48,1154.48,-0.01,9.44,10934.45,-1
2024-02-29,2024-02-29 11:30:00,1154.48,1154.48,1154.41,1154.41,-0.01,9.44,10934.45,-1
2024-02-29,2024-02-29 11:31:00,1154.41,1154.41,1154.35,1154.35,-0.01,9.44,10934.45,-1
2024-02-29,2024-02-29 11:32:00,1154.35,1154.35,1154.28,1154.28,-0.01,9.44,10934.45,-1
2024-02-29,2024-02-29 11:33:00,1154.28,1154.28,1154.22,1154.22,-0.01,9.44,10934.45,-1
2024-02-29,2024-02-29 11:34:00,1154.22,1154.22,1154.15,1154.15,-0.01,9.44,10934.45,-1
2024-02-29,2024-02-29 11:35:00,1154.15,1154.15,1154.09,1154.09,-0.01,9.44,10934.45,-1
2024-02-29,2024-02-29 11:36:00,1154.09,1154.09,1154.03,1154.03,-0.01,9.44,10934.45,-1
2024-02-29,2024-02-29 11:37:00,1154.03,1154.03,1153.96,1153.96,-0.01,9.44,10934.45,-1
2024-02-29,2024-02-29 11:38:00,1153.96,1153.96,1153.9,1153.9,-0.01,9.44,10934.45,-1
2024-02-29,2024-02-29 11:39:00,1153.9,1153.9,1153.83,1153.83,-0.01,9.44,10934.45,-1
2024-02-29,2024-02-29 11:40:00,1153.83,1153.83,1153.77,1153.77,-0.01,9.44,10934.45,-1
2024-02-29,2024-02-29 11:41:00,1153.77,1153.77,1153.71,1153.71,-0.01,9.44,10934.45,-1
2024-02-29,2024-02-29 11:42:00,1153.71,1153.71,1153.64,1153.64,-0.01,9.44,10934.45,-1
2024-02-29,2024-02-29 11:43:00,1153.64,1153.64,1153.58,1153.58,-0.01,9.44,10934.45,-1
2024-02-29,2024-02-29 11:44:00,1153.58,1153.58,1153.51,1153.51,-0.01,9.44,10934.45,-1
2024-02-29,2024-02-29 11:45:00,1153.51,1153.51,1153.45,1153.45,-0.01,9.44,10934.45,-1
2024-02-29,2024-02-29 11:46:00,1153.45,1153.45,1153.38,1153.38,-0.01,9.44,10934.45,-1
2024-02-29,2024-02-29 11:47:00,1153.38,1153.38,1153.32,1153.32,-0.01,9.44,10934.45,-1
2024-02-29,2024-02-29 11:48:00,1153.32,1153.32,1153.26,1153.26,-0.01,9.44,10934.45,-1
2024-02-29,2024-02-29 11:49:00,1153.26,1153.26,1153.19,1153.19,-0.01,9.44,10934.45,-1
2024-02-29,2024-02-29 11:50:00,1153.19,1153.19,1153.13,1153.13,-0.01,9.44,10934.45,-1
2024-02-29,2024-02-29 11:51:00,1153.13,1153.13,1153.06,1153.06,-0.01,9.44,10934.45,-1
2024-02-29,2024-02-29 11:52:00,1153.06,1153.06,1153.0,1153.0,-0.01,9.44,10934.45,-1
2024-02-29,2024-02-29 11:53:00,1153.0,1153.0,1152.94,1152.94,-0.01,9.44,10934.45,-1
2024-02-29,2024-02-29 11:54:00,1152.94,1152.94,1152.87,1152.87,-0.01,9.44,10934.45,-1
2024-02-29,2024-02-29 11:55:00,1152.87,1152.87,1152.81,1152.81,-0.01,9.44,10934.45,-1
2024-02-29,2024-02-29 11:56:00,1152.81,1152.81,1152.74,1152.74,-0.01,9.44,10934.45,-1
2024-02-29,2024-02-29 11:57:00,1152.74,1152.74,1152.68,1152.68,-0.01,9.44,10934.45,-1
2024-02-29,2024-02-29 11:58:00,1152.68,1152.68,1152.61,1152.61,-0.01,9.44,10934.45,-1
2024-02-29,2024-02-29 11:59:00,1152.61,1152.61,1152.55,1152.55,-0.01,9.44,10934.45,-1
2024-02-29,2024-02-29 12:00:00,1152.55,1152.55,1152.49,1152.49,-0.01,9.44,10934.45,-1
2024-02-29,2024-02-29 12:01:00,1152.49,1152.49,1152.42,1152.42,-0.01,9.44,10934.45,-1
2024-02-29,2024-02-29 12:02:00,1152.42,1152.42,1152.36,1152.36,-0.01,9.44,10934.45,-1
2024-02-29,2024-02-29 12:03:00,1152.36,1152.36,1152.29,1152.29,-0.01,9.44,10934.45,-1
2024-02-29,2024-02-29 12:04:00,1152.29,1152.29,1152.23,1152.23,-0.01,9.44,10934.45,-1
2024-02-29,2024-02-29 12:05:00,1152.23,1152.23,1152.16,1152.16,-0.01,9.44,10934.45,-1
2024-02-29,2024-02-29 12:06:00,1152.16,1152.16,1152.1,1152.1,-0.01,9.44,10934.45,-1
2024-02-29,2024-02-29 12:07:00,1152.1,1152.1,1152.04,1152.04,-0.01,9.44,10934.45,-1
2024-02-29,2024-02-29 12:08:00,1152.04,1152.04,1151.97,1151.97,-0.01,9.44,10934.45,-1
2024-02-29,2024-02-29 12:09:00,1151.97,1151.97,1151.91,1151.91,-0.01,9.44,10934.45,-1
2024-02-29,2024-02-29 12:10:00,1151.91,1151.91,1151.84,1151.84,-0.01,9.44,10934.45,-1
2024-02-29,2024-02-29 12:11:00,1151.84,1151.84,1151.78,1151.78,-0.01,9.44,10934.45,-1
2024-02-29,2024-02-29 12:12:00,1151.78,1151.78,1151.72,1151.72,-0.01,9.44,10934.45,-1
2024-02-29,2024-02-29 12:13:00,1151.72,1151.72,1151.65,1151.65,-0.01,9.44,10934.45,-1
2024-02-29,2024-02-29 12:14:00,1151.65,1151.65,1151.59,1151.59,-0.01,9.44,10934.45,-1
2024-02-29,2024-02-29 12:15:00,1151.59,1151.59,1151.52,1151.52,-0.01,9.44,10934.45,-1
2024-02-29,2024-02-29 12:16:00,1151.52,1151.52,1151.46,1151.46,-0.01,9.44,10934.45,-1
2024-02-29,2024-02-29 12:17:00,1151.46,1151.46,1151.39,1151.39,-0.01,9.44,10934.45,-1
2024-02-29,2024-02-29 12:18:00,1151.39,1151.39,1151.33,1151.33,-0.01,9.44,10934.45,-1
2024-02-29,2024-02-29 12:19:00,1151.33,1151.33,1151.27,1151.27,-0.01,9.44,10934.45,-1
2024-02-29,2024-02-29 12:20:00,1151.27,1151.27,1151.2,1151.2,-0.01,9.44,10934.45,-1
2024-02-29,2024-02-29 12:21:00,1151.2,1151.2,1151.14,1151.14,-0.01,9.44,10934.45,-1
2024-02-29,2024-02-29 12:22:00,1151.14,1151.14,1151.07,1151.07,-0.01,9.44,10934.45,-1
2024-02-29,2024-02-29 12:23:00,1151.07,1151.07,1151.01,1151.01,-0.01,9.44,10934.45,-1
2024-02-29,2024-02-29 12:24:00,1151.01,1151.01,1150.95,1150.95,-0.01,9.44,10934.45,-1
2024-02-29,2024-02-29 12:25:00,1150.95,1150.95,1150.88,1150.88,-0.01,9.44,10934.45,-1
2024-02-29,2024-02-29 12:26:00,1150.88,1150.88,1150.82,1150.82,-0.01,9.44,10934.45,-1
2024-02-29,2024-02-29 12:27:00,1150.82,1150.82,1150.75,1150.75,-0.01,9.44,10934.45,-1
2024-02-29,2024-02-29 12:28:00,1150.75,1150.75,1150.69,1150.69,-0.01,9.44,10934.45,-1
2024-02-29,2024-02-29 12:29:00,1150.69,1150.69,1150.62,1150.62,-0.01,9.44,10934.45,-1
2024-02-29,2024-02-29 12:30:00,1150.62,1150.62,1150.56,1150.56,-0.01,9.44,10934.45,-1
2024-02-29,2024-02-29 12:31:00,1150.56,1150.56,1150.5,1150.5,-0.01,9.44,10934.45,-1
2024-02-29,2024-02-29 12:32:00,1150.5,1150.5,1150.43,1150.43,-0.01,9.44,10934.45,-1
2024-02-29,2024-02-29 12:33:00,1150.43,1150.43,1150.37,1150.37,-0.01,9.44,10934.45,-1
2024-02-29,2024-02-29 12:34:00,1150.37,1150.37,1150.3,1150.3,-0.01,9.44,10934.45,-1
2024-02-29,2024-02-29 12:35:00,1150.3,1150.3,1150.24,1150.24,-0.01,9.44,10934.45,-1
2024-02-29,2024-02-29 12:36:00,1150.24,1150.24,1150.18,1150.18,-0.01,9.44,10934.45,-1
2024-02-29,2024-02-29 12:37:00,1150.18,1150.18,1150.11,1150.11,-0.01,9.44,10934.45,-1
2024-02-29,2024-02-29 12:38:00,1150.11,1150.11,1150.05,1150.05,-0.01,9.44,10934.45,-1
2024-02-29,2024-02-29 12:39:00,1150.05,1150.05,1149.98,1149.98,-0.01,9.44,10934.45,-1
2024-02-29,2024-02-29 12:40:00,1149.98,1149.98,1149.92,1149.92,-0.01,9.44,10934.45,-1
2024-02-29,2024-02-29 12:41:00,1149.92,1149.92,1149.86,1149.86,-0.01,9.44,10934.45,-1
2024-02-29,2024-02-29 12:42:00,1149.86,1149.86,1149.79,1149.79,-0.01,9.44,10934.45,-1
2024-02-29,2024-02-29 12:43:00,1149.79,1149.79,1149.73,1149.73,-0.01,9.44,10934.45,-1
2024-02-29,2024-02-29 12:44:00,1149.73,1149.73,1149.66,1149.66,-0.01,9.44,10934.45,-1
2024-02-29,2024-02-29 12:45:00,1149.66,1149.66,1149.6,1149.6,-0.01,9.44,10934.45,-1
2024-02-29,2024-02-29 12:46:00,1149.6,1149.6,1149.53,1149.53,-0.01,9.44,10934.45,-1
2024-02-29,2024-02-29 12:47:00,1149.53,1149.53,1149.47,1149.47,-0.01,9.44,10934.45,-1
2024-02-29,2024-02-29 12:48:00,1149.47,1149.47,1149.41,1149.41,-0.01,9.44,10934.45,-1
2024-02-29,2024-02-29 12:49:00,1149.41,1149.41,1149.34,1149.34,-0.01,9.44,10934.45,-1
2024-02-29,2024-02-29 12:50:00,1149.34,1149.34,1149.28,1149.28,-0.01,9.44,10934.45,-1
2024-02-29,2024-02-29 12:51:00,1149.28,1149.28,1149.21,1149.21,-0.01,9.44,10934.45,-1
2024-02-29,2024-02-29 12:52:00,1149.21,1149.21,1149.15,1149.15,-0.01,9.44,10934.45,-1
2024-02-29,2024-02-29 12:53:00,1149.15,1149.15,1149.09,1149.09,-0.01,9.44,10934.45,-1
2024-02-29,2024-02-29 12:54:00,1149.09,1149.09,1149.02,1149.02,-0.01,9.44,10934.45,-1
2024-02-29,2024-02-29 12:55:00,1149.02,1149.02,1148.96,1148.96,-0.01,9.44,10934.45,-1
2024-02-29,2024-02-29 12:56:00,1148.96,1148.96,1148.89,1148.89,-0.01,9.44,10934.45,-1
2024-02-29,2024-02-29 12:57:00,1148.89,1148.89,1148.83,1148.83,-0.01,9.44,10934.45,-1
2024-02-29,2024-02-29 12:58:00,1148.83,1148.83,1148.76,1148.76,-0.01,9.44,10934.45,-1
2024-02-29,2024-02-29 12:59:00,1148.76,1148.76,1148.7,1148.7,-0.01,9.44,10934.45,-1
2024-02-29,2024-02-29 13:00:00,1148.7,1180.0,1141.0,1148.64,-0.01,9.44,10934.45,-1
2024-02-29,2024-02-29 13:01:00,1148.64,1148.64,1148.57,1148.57,-0.01,9.44,10934.45,-1
2024-02-29,2024-02-29 13:02:00,1148.57,1148.57,1148.51,1148.51,-0.01,9.44,10934.45,-1
2024-02-29,2024-02-29 13:03:00,1148.51,1148.51,1148.44,1148.44,-0.01,9.44,10934.45,-1
2024-02-29,2024-02-29 13:04:00,1148.44,1148.44,1148.38,1148.38,-0.01,9.44,10934.45,-1
2024-02-29,2024-02-29 13:05:00,1148.38,1148.38,1148.32,1148.32,-0.01,9.44,10934.45,-1
2024-02-29,2024-02-29 13:06:00,1148.32,1148.32,1148.25,1148.25,-0.01,9.44,10934.45,-1
2024-02-29,2024-02-29 13:07:00,1148.25,1148.25,1148.19,1148.19,-0.01,9.44,10934.45,-1
2024-02-29,2024-02-29 13:08:00,1148.19,1148.19,1148.12,1148.12,-0.01,9.44,10934.45,-1
2024-02-29,2024-02-29 13:09:00,1148.12,1148.12,1148.06,1148.06,-0.01,9.44,10934.45,-1
2024-02-29,2024-02-29 13:10:00,1148.06,1148.06,1147.99,1147.99,-0.01,9.44,10934.45,-1
2024-02-29,2024-02-29 13:11:00,1147.99,1147.99,1147.93,1147.93,-0.01,9.44,10934.45,-1
2024-02-29,2024-02-29 13:12:00,1147.93,1147.93,1147.87,1147.87,-0.01,9.44,10934.45,-1
2024-02-29,2024-02-29 13:13:00,1147.87,1147.87,1147.8,1147.8,-0.01,9.44,10934.45,-1
2024-02-29,2024-02-29 13:14:00,1147.8,1147.8,1147.74,1147.74,-0.01,9.44,10934.45,-1
2024-02-29,2024-02-29 13:15:00,1147.74,1147.74,1147.67,1147.67,-0.01,9.44,10934.45,-1
2024-02-29,2024-02-29 13:16:00,1147.67,1147.67,1147.61,1147.61,-0.01,9.44,10934.45,-1
2024-02-29,2024-02-29 13:17:00,1147.61,1147.61,1147.55,1147.55,-0.01,9.44,10934.45,-1
2024-02-29,2024-02-29 13:18:00,1147.55,1147.55,1147.48,1147.48,-0.01,9.44,10934.45,-1
2024-02-29,2024-02-29 13:19:00,1147.48,1147.48,1147.42,1147.42,-0.01,9.44,10934.45,-1
2024-02-29,2024-02-29 13:20:00,1147.42,1147.42,1147.35,1147.35,-0.01,9.44,10934.45,-1
2024-02-29,2024-02-29 13:21:00,1147.35,1147.35,1147.29,1147.29,-0.01,9.44,10934.45,-1
2024-02-29,2024-02-29 13:22:00,1147.29,1147.29,1147.22,1147.22,-0.01,9.44,10934.45,-1
2024-02-29,2024-02-29 13:23:00,1147.22,1147.22,1147.16,1147.16,-0.01,9.44,10934.45,-1
2024-02-29,2024-02-29 13:24:00,1147.16,1147.16,1147.1,1147.1,-0.01,9.44,10934.45,-1
2024-02-29,2024-02-29 13:25:00,1147.1,1147.1,1147.03,1147.03,-0.01,9.44,10934.45,-1
2024-02-29,2024-02-29 13:26:00,1147.03,1147.03,1146.97,1146.97,-0.01,9.44,10934.45,-1
2024-02-29,2024-02-29 13:27:00,1146.97,1146.97,1146.9,1146.9,-0.01,9.44,10934.45,-1
2024-02-29,2024-02-29 13:28:00,1146.9,1146.9,1146.84,1146.84,-0.01,9.44,10934.45,-1
2024-02-29,2024-02-29 13:29:00,1146.84,1146.84,1146.78,1146.78,-0.01,9.44,10934.45,-1
2024-02-29,2024-02-29 13:30:00,1146.78,1146.78,1146.71,1146.71,-0.01,9.44,10934.45,-1
2024-02-29,2024-02-29 13:31:00,1146.71,1146.71,1146.65,1146.65,-0.01,9.44,10934.45,-1
2024-02-29,2024-02-29 13:32:00,1146.65,1146.65,1146.58,1146.58,-0.01,9.44,10934.45,-1
2024-02-29,2024-02-29 13:33:00,1146.58,1146.58,1146.52,1146.52,-0.01,9.44,10934.45,-1
2024-02-29,2024-02-29 13:34:00,1146.52,1146.52,1146.45,1146.45,-0.01,9.44,10934.45,-1
2024-02-29,2024-02-29 13:35:00,1146.45,1146.45,1146.39,1146.39,-0.01,9.44,10934.45,-1
2024-02-29,2024-02-29 13:36:00,1146.39,1146.39,1146.33,1146.33,-0.01,9.44,10934.45,-1
2024-02-29,2024-02-29 13:37:00,1146.33,1146.33,1146.26,1146.26,-0.01,9.44,10934.45,-1
2024-02-29,2024-02-29 13:38:00,1146.26,1146.26,1146.2,1146.2,-0.01,9.44,10934.45,-1
2024-02-29,2024-02-29 13:39:00,1146.2,1146.2,1146.13,1146.13,-0.01,9.44,10934.45,-1
2024-02-29,2024-02-29 13:40:00,1146.13,1146.13,1146.07,1146.07,-0.01,9.44,10934.45,-1
2024-02-29,2024-02-29 13:41:00,1146.07,1146.07,1146.01,1146.01,-0.01,9.44,10934.45,-1
2024-02-29,2024-02-29 13:42:00,1146.01,1146.01,1145.94,1145.94,-0.01,9.44,10934.45,-1
2024-02-29,2024-02-29 13:43:00,1145.94,1145.94,1145.88,1145.88,-0.01,9.44,10934.45,-1
2024-02-29,2024-02-29 13:44:00,1145.88,1145.88,1145.81,1145.81,-0.01,9.44,10934.45,-1
2024-02-29,2024-02-29 13:45:00,1145.81,1145.81,1145.75,1145.75,-0.01,9.44,10934.45,-1
2024-02-29,2024-02-29 13:46:00,1145.75,1145.75,1145.68,1145.68,-0.01,9.44,10934.45,-1
2024-02-29,2024-02-29 13:47:00,1145.68,1145.68,1145.62,1145.62,-0.01,9.44,10934.45,-1
2024-02-29,2024-02-29 13:48:00,1145.62,1145.62,1145.56,1145.56,-0.01,9.44,10934.45,-1
2024-02-29,2024-02-29 13:49:00,1145.56,1145.56,1145.49,1145.49,-0.01,9.44,10934.45,-1
2024-02-29,2024-02-29 13:50:00,1145.49,1145.49,1145.43,1145.43,-0.01,9.44,10934.45,-1
2024-02-29,2024-02-29 13:51:00,1145.43,1145.43,1145.36,1145.36,-0.01,9.44,10934.45,-1
2024-02-29,2024-02-29 13:52:00,1145.36,1145.36,1145.3,1145.3,-0.01,9.44,10934.45,-1
2024-02-29,2024-02-29 13:53:00,1145.3,1145.3,1145.24,1145.24,-0.01,9.44,10934.45,-1
2024-02-29,2024-02-29 13:54:00,1145.24,1145.24,1145.17,1145.17,-0.01,9.44,10934.45,-1
2024-02-29,2024-02-29 13:55:00,1145.17,1145.17,1145.11,1145.11,-0.01,9.44,10934.45,-1
2024-02-29,2024-02-29 13:56:00,1145.11,1145.11,1145.04,1145.04,-0.01,9.44,10934.45,-1
2024-02-29,2024-02-29 13:57:00,1145.04,1145.04,1144.98,1144.98,-0.01,9.44,10934.45,-1
2024-02-29,2024-02-29 13:58:00,1144.98,1144.98,1144.91,1144.91,-0.01,9.44,10934.45,-1
2024-02-29,2024-02-29 13:59:00,1144.91,1144.91,1144.85,1144.85,-0.01,9.44,10934.45,-1
2024-02-29,2024-02-29 14:00:00,1144.85,1144.85,1144.79,1144.79,-0.01,9.44,10934.45,-1
2024-02-29,2024-02-29 14:01:00,1144.79,1144.79,1144.72,1144.72,-0.01,9.44,10934.45,-1
2024-02-29,2024-02-29 14:02:00,1144.72,1144.72,1144.66,1144.66,-0.01,9.44,10934.45,-1
2024-02-29,2024-02-29 14:03:00,1144.66,1144.66,1144.59,1144.59,-0.01,9.44,10934.45,-1
2024-02-29,2024-02-29 14:04:00,1144.59,1144.59,1144.53,1144.53,-0.01,9.44,10934.45,-1
2024-02-29,2024-02-29 14:05:00,1144.53,1144.53,1144.46,1144.46,-0.01,9.44,10934.45,-1
2024-02-29,2024-02-29 14:06:00,1144.46,1144.46,1144.4,1144.4,-0.01,9.44,10934.45,-1
2024-02-29,2024-02-29 14:07:00,1144.4,1144.4,1144.34,1144.34,-0.01,9.44,10934.45,-1
2024-02-29,2024-02-29 14:08:00,1144.34,1144.34,1144.27,1144.27,-0.01,9.44,10934.45,-1
2024-02-29,2024-02-29 14:09:00,1144.27,1144.27,1144.21,1144.21,-0.01,9.44,10934.45,-1
2024-02-29,2024-02-29 14:10:00,1144.21,1144.21,1144.14,1144.14,-0.01,9.44,10934.45,-1
2024-02-29,2024-02-29 14:11:00,1144.14,1144.14,1144.08,1144.08,-0.01,9.44,10934.45,-1
2024-02-29,2024-02-29 14:12:00,1144.08,1144.08,1144.02,1144.02,-0.01,9.44,10934.45,-1
2024-02-29,2024-02-29 14:13:00,1144.02,1144.02,1143.95,1143.95,-0.01,9.44,10934.45,-1
2024-02-29,2024-02-29 14:14:00,1143.95,1143.95,1143.89,1143.89,-0.01,9.44,10934.45,-1
2024-02-29,2024-02-29 14:15:00,1143.89,1143.89,1143.82,1143.82,-0.01,9.44,10934.45,-1
2024-02-29,2024-02-29 14:16:00,1143.82,1143.82,1143.76,1143.76,-0.01,9.44,10934.45,-1
2024-02-29,2024-02-29 14:17:00,1143.76,1143.76,1143.69,1143.69,-0.01,9.44,10934.45,-1
2024-02-29,2024-02-29 14:18:00,1143.69,1143.69,1143.63,1143.63,-0.01,9.44,10934.45,-1
2024-02-29,2024-02-29 14:19:00,1143.63,1143.63,1143.57,1143.57,-0.01,9.44,10934.45,-1
2024-02-29,2024-02-29 14:20:00,1143.57,1143.57,1143.5,1143.5,-0.01,9.44,10934.45,-1
2024-02-29,2024-02-29 14:21:00,1143.5,1143.5,1143.44,1143.44,-0.01,9.44,10934.45,-1
2024-02-29,2024-02-29 14:22:00,1143.44,1143.44,1143.37,1143.37,-0.01,9.44,10934.45,-1
2024-02-29,2024-02-29 14:23:00,1143.37,1143.37,1143.31,1143.31,-0.01,9.44,10934.45,-1
2024-02-29,2024-02-29 14:24:00,1143.31,1143.31,1143.25,1143.25,-0.01,9.44,10934.45,-1
2024-02-29,2024-02-29 14:25:00,1143.25,1143.25,1143.18,1143.18,-0.01,9.44,10934.45,-1
2024-02-29,2024-02-29 14:26:00,1143.18,1143.18,1143.12,1143.12,-0.01,9.44,10934.45,-1
2024-02-29,2024-02-29 14:27:00,1143.12,1143.12,1143.05,1143.05,-0.01,9.44,10934.45,-1
2024-02-29,2024-02-29 14:28:00,1143.05,1143.05,1142.99,1142.99,-0.01,9.44,10934.45,-1
2024-02-29,2024-02-29 14:29:00,1142.99,1142.99,1142.92,1142.92,-0.01,9.44,10934.45,-1
2024-02-29,2024-02-29 14:30:00,1142.92,1142.92,1142.86,1142.86,-0.01,9.44,10934.45,-1
2024-02-29,2024-02-29 14:31:00,1142.86,1142.86,1142.8,1142.8,-0.01,9.44,10934.45,-1
2024-02-29,2024-02-29 14:32:00,1142.8,1142.8,1142.73,1142.73,-0.01,9.44,10934.45,-1
2024-02-29,2024-02-29 14:33:00,1142.73,1142.73,1142.67,1142.67,-0.01,9.44,10934.45,-1
2024-02-29,2024-02-29 14:34:00,1142.67,1142.67,1142.6,1142.6,-0.01,9.44,10934.45,-1
2024-02-29,2024-02-29 14:35:00,1142.6,1142.6,1142.54,1142.54,-0.01,9.44,10934.45,-1
2024-02-29,2024-02-29 14:36:00,1142.54,1142.54,1142.48,1142.48,-0.01,9.44,10934.45,-1
2024-02-29,2024-02-29 14:37:00,1142.48,1142.48,1142.41,1142.41,-0.01,9.44,10934.45,-1
2024-02-29,2024-02-29 14:38:00,1142.41,1142.41,1142.35,1142.35,-0.01,9.44,10934.45,-1
2024-02-29,2024-02-29 14:39:00,1142.35,1142.35,1142.28,1142.28,-0.01,9.44,10934.45,-1
2024-02-29,2024-02-29 14:40:00,1142.28,1142.28,1142.22,1142.22,-0.01,9.44,10934.45,-1
2024-02-29,2024-02-29 14:41:00,1142.22,1142.22,1142.15,1142.15,-0.01,9.44,10934.45,-1
2024-02-29,2024-02-29 14:42:00,1142.15,1142.15,1142.09,1142.09,-0.01,9.44,10934.45,-1
2024-02-29,2024-02-29 14:43:00,1142.09,1142.09,1142.03,1142.03,-0.01,9.44,10934.45,-1
2024-02-29,2024-02-29 14:44:00,1142.03,1142.03,1141.96,1141.96,-0.01,9.44,10934.45,-1
2024-02-29,2024-02-29 14:45:00,1141.96,1141.96,1141.9,1141.9,-0.01,9.44,10934.45,-1
2024-02-29,2024-02-29 14:46:00,1141.9,1141.9,1141.83,1141.83,-0.01,9.44,10934.45,-1
2024-02-29,2024-02-29 14:47:00,1141.83,1141.83,1141.77,1141.77,-0.01,9.44,10934.45,-1
2024-02-29,2024-02-29 14:48:00,1141.77,1141.77,1141.71,1141.71,-0.01,9.44,10934.45,-1
2024-02-29,2024-02-29 14:49:00,1141.71,1141.71,1141.64,1141.64,-0.01,9.44,10934.45,-1
2024-02-29,2024-02-29 14:50:00,1141.64,1141.64,1141.58,1141.58,-0.01,9.44,10934.45,-1
2024-02-29,2024-02-29 14:51:00,1141.58,1141.58,1141.51,1141.51,-0.01,9.44,10934.45,-1
2024-02-29,2024-02-29 14:52:00,1141.51,1141.51,1141.45,1141.45,-0.01,9.44,10934.45,-1
2024-02-29,2024-02-29 14:53:00,1141.45,1141.45,1141.38,1141.38,-0.01,9.44,10934.45,-1
2024-02-29,2024-02-29 14:54:00,1141.38,1141.38,1141.32,1141.32,-0.01,9.44,10934.45,-1
2024-02-29,2024-02-29 14:55:00,1141.32,1141.32,1141.26,1141.26,-0.01,9.44,10934.45,-1
2024-02-29,2024-02-29 14:56:00,1141.26,1141.26,1141.19,1141.19,-0.01,9.44,10934.45,-1
2024-02-29,2024-02-29 14:57:00,1141.19,1141.19,1141.13,1141.13,-0.01,9.44,10934.45,-1
2024-02-29,2024-02-29 14:58:00,1141.13,1141.13,1141.06,1141.06,-0.01,9.44,10934.45,-1
2024-02-29,2024-02-29 14:59:00,1141.06,1141.06,1141.0,1141.0,-0.01,9.44,10934.45,-1
2024-02-29,2024-02-29 15:00:00,1141.0,1180.0,1141.0,1141.0,0.0,9.44,10934.45,0
2024-03-03,2024-03-03 11:00:00,1141.0,1168.9,1135.0,1141.37,0.03,15.02,17267.45,1
2024-03-03,2024-03-03 11:01:00,1141.37,1141.74,1141.37,1141.74,0.03,15.02,17267.45,1
2024-03-03,2024-03-03 11:02:00,1141.74,1142.11,1141.74,1142.11,0.03,15.02,17267.45,1
2024-03-03,2024-03-03 11:03:00,1142.11,1142.48,1142.11,1142.48,0.03,15.02,17267.45,1
2024-03-03,2024-03-03 11:04:00,1142.48,1142.85,1142.48,1142.85,0.03,15.02,17267.45,1
2024-03-03,2024-03-03 11:05:00,1142.85,1143.22,1142.85,1143.22,0.03,15.02,17267.45,1
2024-03-03,2024-03-03 11:06:00,1143.22,1143.6,1143.22,1143.6,0.03,15.02,17267.45,1
2024-03-03,2024-03-03 11:07:00,1143.6,1143.97,1143.6,1143.97,0.03,15.02,17267.45,1
2024-03-03,2024-03-03 11:08:00,1143.97,1144.34,1143.97,1144.34,0.03,15.02,17267.45,1
2024-03-03,2024-03-03 11:09:00,1144.34,1144.71,1144.34,1144.71,0.03,15.02,17267.45,1
2024-03-03,2024-03-03 11:10:00,1144.71,1145.08,1144.71,1145.08,0.03,15.02,17267.45,1
2024-03-03,2024-03-03 11:11:00,1145.08,1145.45,1145.08,1145.45,0.03,15.02,17267.45,1
2024-03-03,2024-03-03 11:12:00,1145.45,1145.82,1145.45,1145.82,0.03,15.02,17267.45,1
2024-03-03,2024-03-03 11:13:00,1145.82,1146.19,1145.82,1146.19,0.03,15.02,17267.45,1
2024-03-03,2024-03-03 11:14:00,1146.19,1146.56,1146.19,1146.56,0.03,15.02,17267.45,1
2024-03-03,2024-03-03 11:15:00,1146.56,1146.93,1146.56,1146.93,0.03,15.02,17267.45,1
2024-03-03,2024-03-03 11:16:00,1146.93,1147.3,1146.93,1147.3,0.03,15.02,17267.45,1
2024-03-03,2024-03-03 11:17:00,1147.3,1147.67,1147.3,1147.67,0.03,15.02,17267.45,1
2024-03-03,2024-03-03 11:18:00,1147.67,1148.05,1147.67,1148.05,0.03,15.02,17267.45,1
2024-03-03,2024-03-03 11:19:00,1148.05,1148.42,1148.05,1148.42,0.03,15.02,17267.45,1
2024-03-03,2024-03-03 11:20:00,1148.42,1148.79,1148.42,1148.79,0.03,15.02,17267.45,1
2024-03-03,2024-03-03 11:21:00,1148.79,1149.16,1148.79,1149.16,0.03,15.02,17267.45,1
2024-03-03,2024-03-03 11:22:00,1149.16,1149.53,1149.16,1149.53,0.03,15.02,17267.45,1
2024-03-03,2024-03-03 11:23:00,1149.53,1149.9,1149.53,1149.9,0.03,15.02,17267.45,1
2024-03-03,2024-03-03 11:24:00,1149.9,1150.27,1149.9,1150.27,0.03,15.02,17267.45,1
2024-03-03,2024-03-03 11:25:00,1150.27,1150.64,1150.27,1150.64,0.03,15.02,17267.45,1
2024-03-03,2024-03-03 11:26:00,1150.64,1151.01,1150.64,1151.01,0.03,15.02,17267.45,1
2024-03-03,2024-03-03 11:27:00,1151.01,1151.38,1151.01,1151.38,0.03,15.02,17267.45,1
2024-03-03,2024-03-03 11:28:00,1151.38,1151.75,1151.38,1151.75,0.03,15.02,17267.45,1
2024-03-03,2024-03-03 11:29:00,1151.75,1152.12,1151.75,1152.12,0.03,15.02,17267.45,1
2024-03-03,2024-03-03 11:30:00,1152.12,1152.5,1152.12,1152.5,0.03,15.02,17267.45,1
2024-03-03,2024-03-03 11:31:00,1152.5,1152.87,1152.5,1152.87,0.03,15.02,17267.45,1
2024-03-03,2024-03-03 11:32:00,1152.87,1153.24,1152.87,1153.24,0.03,15.02,17267.45,1
2024-03-03,2024-03-03 11:33:00,1153.24,1153.61,1153.24,1153.61,0.03,15.02,17267.45,1
2024-03-03,2024-03-03 11:34:00,1153.61,1153.98,1153.61,1153.98,0.03,15.02,17267.45,1
2024-03-03,2024-03-03 11:35:00,1153.98,1154.35,1153.98,1154.35,0.03,15.02,17267.45,1
2024-03-03,2024-03-03 11:36:00,1154.35,1154.72,1154.35,1154.72,0.03,15.02,17267.45,1
2024-03-03,2024-03-03 11:37:00,1154.72,1155.09,1154.72,1155.09,0.03,15.02,17267.45,1
2024-03-03,2024-03-03 11:38:00,1155.09,1155.46,1155.09,1155.46,0.03,15.02,17267.45,1
2024-03-03,2024-03-03 11:39:00,1155.46,1155.83,1155.46,1155.83,0.03,15.02,17267.45,1
2024-03-03,2024-03-03 11:40:00,1155.83,1156.2,1155.83,1156.2,0.03,15.02,17267.45,1
2024-03-03,2024-03-03 11:41:00,1156.2,1156.58,1156.2,1156.58,0.03,15.02,17267.45,1
2024-03-03,2024-03-03 11:42:00,1156.58,1156.95,1156.58,1156.95,0.03,15.02,17267.45,1
2024-03-03,2024-03-03 11:43:00,1156.95,1157.32,1156.95,1157.32,0.03,15.02,17267.45,1
2024-03-03,2024-03-03 11:44:00,1157.32,1157.69,1157.32,1157.69,0.03,15.02,17267.45,1
2024-03-03,2024-03-03 11:45:00,1157.69,1158.06,1157.69,1158.06,0.03,15.02,17267.45,1
2024-03-03,2024-03-03 11:46:00,1158.06,1158.43,1158.06,1158.43,0.03,15.02,17267.45,1
2024-03-03,2024-03-03 11:47:00,1158.43,1158.8,1158.43,1158.8,0.03,15.02,17267.45,1
2024-03-03,2024-03-03 11:48:00,1158.8,1159.17,1158.8,1159.17,0.03,15.02,17267.45,1
2024-03-03,2024-03-03 11:49:00,1159.17,1159.54,1159.17,1159.54,0.03,15.02,17267.45,1
2024-03-03,2024-03-03 11:50:00,1159.54,1159.91,1159.54,1159.91,0.03,15.02,17267.45,1
2024-03-03,2024-03-03 11:51:00,1159.91,1160.28,1159.91,1160.28,0.03,15.02,17267.45,1
2024-03-03,2024-03-03 11:52:00,1160.28,1160.65,1160.28,1160.65,0.03,15.02,17267.45,1
2024-03-03,2024-03-03 11:53:00,1160.65,1161.03,1160.65,1161.03,0.03,15.02,17267.45,1
2024-03-03,2024-03-03 11:54:00,1161.03,1161.4,1161.03,1161.4,0.03,15.02,17267.45,1
2024-03-03,2024-03-03 11:55:00,1161.4,1161.77,1161.4,1161.77,0.03,15.02,17267.45,1
2024-03-03,2024-03-03 11:56:00,1161.77,1162.14,1161.77,1162.14,0.03,15.02,17267.45,1
2024-03-03,2024-03-03 11:57:00,1162.14,1162.51,1162.14,1162.51,0.03,15.02,17267.45,1
2024-03-03,2024-03-03 11:58:00,1162.51,1162.88,1162.51,1162.88,0.03,15.02,17267.45,1
2024-03-03,2024-03-03 11:59:00,1162.88,1163.25,1162.88,1163.25,0.03,15.02,17267.45,1
2024-03-03,2024-03-03 12:00:00,1163.25,1163.62,1163.25,1163.62,0.03,15.02,17267.45,1
2024-03-03,2024-03-03 12:01:00,1163.62,1163.99,1163.62,1163.99,0.03,15.02,17267.45,1
2024-03-03,2024-03-03 12:02:00,1163.99,1164.36,1163.99,1164.36,0.03,15.02,17267.45,1
2024-03-03,2024-03-03 12:03:00,1164.36,1164.73,1164.36,1164.73,0.03,15.02,17267.45,1
2024-03-03,2024-03-03 12:04:00,1164.73,1165.1,1164.73,1165.1,0.03,15.02,17267.45,1
2024-03-03,2024-03-03 12:05:00,1165.1,1165.47,1165.1,1165.47,0.03,15.02,17267.45,1
2024-03-03,2024-03-03 12:06:00,1165.47,1165.85,1165.47,1165.85,0.03,15.02,17267.45,1
2024-03-03,2024-03-03 12:07:00,1165.85,1166.22,1165.85,1166.22,0.03,15.02,17267.45,1
2024-03-03,2024-03-03 12:08:00,1166.22,1166.59,1166.22,1166.59,0.03,15.02,17267.45,1
2024-03-03,2024-03-03 12:09:00,1166.59,1166.96,1166.59,1166.96,0.03,15.02,17267.45,1
2024-03-03,2024-03-03 12:10:00,1166.96,1167.33,1166.96,1167.33,0.03,15.02,17267.45,1
2024-03-03,2024-03-03 12:11:00,1167.33,1167.7,1167.33,1167.7,0.03,15.02,17267.45,1
2024-03-03,2024-03-03 12:12:00,1167.7,1168.07,1167.7,1168.07,0.03,15.02,17267.45,1
2024-03-03,2024-03-03 12:13:00,1168.07,1168.44,1168.07,1168.44,0.03,15.02,17267.45,1
2024-03-03,2024-03-03 12:14:00,1168.44,1168.81,1168.44,1168.81,0.03,15.02,17267.45,1
2024-03-03,2024-03-03 12:15:00,1168.81,1169.18,1168.81,1169.18,0.03,15.02,17267.45,1
2024-03-03,2024-03-03 12:16:00,1169.18,1169.55,1169.18,1169.55,0.03,15.02,17267.45,1
2024-03-03,2024-03-03 12:17:00,1169.55,1169.92,1169.55,1169.92,0.03,15.02,17267.45,1
2024-03-03,2024-03-03 12:18:00,1169.92,1170.3,1169.92,1170.3,0.03,15.02,17267.45,1
2024-03-03,2024-03-03 12:19:00,1170.3,1170.67,1170.3,1170.67,0.03,15.02,17267.45,1
2024-03-03,2024-03-03 12:20:00,1170.67,1171.04,1170.67,1171.04,0.03,15.02,17267.45,1
2024-03-03,2024-03-03 12:21:00,1171.04,1171.41,1171.04,1171.41,0.03,15.02,17267.45,1
2024-03-03,2024-03-03 12:22:00,1171.41,1171.78,1171.41,1171.78,0.03,15.02,17267.45,1
2024-03-03,2024-03-03 12:23:00,1171.78,1172.15,1171.78,1172.15,0.03,15.02,17267.45,1
2024-03-03,2024-03-03 12:24:00,1172.15,1172.52,1172.15,1172.52,0.03,15.02,17267.45,1
2024-03-03,2024-03-03 12:25:00,1172.52,1172.89,1172.52,1172.89,0.03,15.02,17267.45,1
2024-03-03,2024-03-03 12:26:00,1172.89,1173.26,1172.89,1173.26,0.03,15.02,17267.45,1
2024-03-03,2024-03-03 12:27:00,1173.26,1173.63,1173.26,1173.63,0.03,15.02,17267.45,1
2024-03-03,2024-03-03 12:28:00,1173.63,1174.0,1173.63,1174.0,0.03,15.02,17267.45,1
2024-03-03,2024-03-03 12:29:00,1174.0,1174.38,1174.0,1174.38,0.03,15.02,17267.45,1
2024-03-03,2024-03-03 12:30:00,1174.38,1174.75,1174.38,1174.75,0.03,15.02,17267.45,1
2024-03-03,2024-03-03 12:31:00,1174.75,1175.12,1174.75,1175.12,0.03,15.02,17267.45,1
2024-03-03,2024-03-03 12:32:00,1175.12,1175.49,1175.12,1175.49,0.03,15.02,17267.45,1
2024-03-03,2024-03-03 12:33:00,1175.49,1175.86,1175.49,1175.86,0.03,15.02,17267.45,1
2024-03-03,2024-03-03 12:34:00,1175.86,1176.23,1175.86,1176.23,0.03,15.02,17267.45,1
2024-03-03,2024-03-03 12:35:00,1176.23,1176.6,1176.23,1176.6,0.03,15.02,17267.45,1
2024-03-03,2024-03-03 12:36:00,1176.6,1176.97,1176.6,1176.97,0.03,15.02,17267.45,1
2024-03-03,2024-03-03 12:37:00,1176.97,1177.34,1176.97,1177.34,0.03,15.02,17267.45,1
2024-03-03,2024-03-03 12:38:00,1177.34,1177.71,1177.34,1177.71,0.03,15.02,17267.45,1
2024-03-03,2024-03-03 12:39:00,1177.71,1178.08,1177.71,1178.08,0.03,15.02,17267.45,1
2024-03-03,2024-03-03 12:40:00,1178.08,1178.45,1178.08,1178.45,0.03,15.02,17267.45,1
2024-03-03,2024-03-03 12:41:00,1178.45,1178.83,1178.45,1178.83,0.03,15.02,17267.45,1
2024-03-03,2024-03-03 12:42:00,1178.83,1179.2,1178.83,1179.2,0.03,15.02,17267.45,1
2024-03-03,2024-03-03 12:43:00,1179.2,1179.57,1179.2,1179.57,0.03,15.02,17267.45,1
2024-03-03,2024-03-03 12:44:00,1179.57,1179.94,1179.57,1179.94,0.03,15.02,17267.45,1
2024-03-03,2024-03-03 12:45:00,1179.94,1180.31,1179.94,1180.31,0.03,15.02,17267.45,1
2024-03-03,2024-03-03 12:46:00,1180.31,1180.68,1180.31,1180.68,0.03,15.02,17267.45,1
2024-03-03,2024-03-03 12:47:00,1180.68,1181.05,1180.68,1181.05,0.03,15.02,17267.45,1
2024-03-03,2024-03-03 12:48:00,1181.05,1181.42,1181.05,1181.42,0.03,15.02,17267.45,1
2024-03-03,2024-03-03 12:49:00,1181.42,1181.79,1181.42,1181.79,0.03,15.02,17267.45,1
2024-03-03,2024-03-03 12:50:00,1181.79,1182.16,1181.79,1182.16,0.03,15.02,17267.45,1
2024-03-03,2024-03-03 12:51:00,1182.16,1182.53,1182.16,1182.53,0.03,15.02,17267.45,1
2024-03-03,2024-03-03 12:52:00,1182.53,1182.9,1182.53,1182.9,0.03,15.02,17267.45,1
2024-03-03,2024-03-03 12:53:00,1182.9,1183.28,1182.9,1183.28,0.03,15.02,17267.45,1
2024-03-03,2024-03-03 12:54:00,1183.28,1183.65,1183.28,1183.65,0.03,15.02,17267.45,1
2024-03-03,2024-03-03 12:55:00,1183.65,1184.02,1183.65,1184.02,0.03,15.02,17267.45,1
2024-03-03,2024-03-03 12:56:00,1184.02,1184.39,1184.02,1184.39,0.03,15.02,17267.45,1
2024-03-03,2024-03-03 12:57:00,1184.39,1184.76,1184.39,1184.76,0.03,15.02,17267.45,1
2024-03-03,2024-03-03 12:58:00,1184.76,1185.13,1184.76,1185.13,0.03,15.02,17267.45,1
2024-03-03,2024-03-03 12:59:00,1185.13,1185.5,1185.13,1185.5,0.03,15.02,17267.45,1
2024-03-03,2024-03-03 13:00:00,1185.5,1234.0,1121.0,1185.87,0.03,15.02,17267.45,1
2024-03-03,2024-03-03 13:01:00,1185.87,1186.24,1185.87,1186.24,0.03,15.02,17267.45,1
2024-03-03,2024-03-03 13:02:00,1186.24,1186.61,1186.24,1186.61,0.03,15.02,17267.45,1
2024-03-03,2024-03-03 13:03:00,1186.61,1186.98,1186.61,1186.98,0.03,15.02,17267.45,1
2024-03-03,2024-03-03 13:04:00,1186.98,1187.35,1186.98,1187.35,0.03,15.02,17267.45,1
2024-03-03,2024-03-03 13:05:00,1187.35,1187.72,1187.35,1187.72,0.03,15.02,17267.45,1
2024-03-03,2024-03-03 13:06:00,1187.72,1188.1,1187.72,1188.1,0.03,15.02,17267.45,1
2024-03-03,2024-03-03 13:07:00,1188.1,1188.47,1188.1,1188.47,0.03,15.02,17267.45,1
2024-03-03,2024-03-03 13:08:00,1188.47,1188.84,1188.47,1188.84,0.03,15.02,17267.45,1
2024-03-03,2024-03-03 13:09:00,1188.84,1189.21,1188.84,1189.21,0.03,15.02,17267.45,1
2024-03-03,2024-03-03 13:10:00,1189.21,1189.58,1189.21,1189.58,0.03,15.02,17267.45,1
2024-03-03,2024-03-03 13:11:00,1189.58,1189.95,1189.58,1189.95,0.03,15.02,17267.45,1
2024-03-03,2024-03-03 13:12:00,1189.95,1190.32,1189.95,1190.32,0.03,15.02,17267.45,1
2024-03-03,2024-03-03 13:13:00,1190.32,1190.69,1190.32,1190.69,0.03,15.02,17267.45,1
2024-03-03,2024-03-03 13:14:00,1190.69,1191.06,1190.69,1191.06,0.03,15.02,17267.45,1
2024-03-03,2024-03-03 13:15:00,1191.06,1191.43,1191.06,1191.43,0.03,15.02,17267.45,1
2024-03-03,2024-03-03 13:16:00,1191.43,1191.8,1191.43,1191.8,0.03,15.02,17267.45,1
2024-03-03,2024-03-03 13:17:00,1191.8,1192.17,1191.8,1192.17,0.03,15.02,17267.45,1
2024-03-03,2024-03-03 13:18:00,1192.17,1192.55,1192.17,1192.55,0.03,15.02,17267.45,1
2024-03-03,2024-03-03 13:19:00,1192.55,1192.92,1192.55,1192.92,0.03,15.02,17267.45,1
2024-03-03,2024-03-03 13:20:00,1192.92,1193.29,1192.92,1193.29,0.03,15.02,17267.45,1
2024-03-03,2024-03-03 13:21:00,1193.29,1193.66,1193.29,1193.66,0.03,15.02,17267.45,1
2024-03-03,2024-03-03 13:22:00,1193.66,1194.03,1193.66,1194.03,0.03,15.02,17267.45,1
2024-03-03,2024-03-03 13:23:00,1194.03,1194.4,1194.03,1194.4,0.03,15.02,17267.45,1
2024-03-03,2024-03-03 13:24:00,1194.4,1194.77,1194.4,1194.77,0.03,15.02,17267.45,1
2024-03-03,2024-03-03 13:25:00,1194.77,1195.14,1194.77,1195.14,0.03,15.02,17267.45,1
2024-03-03,2024-03-03 13:26:00,1195.14,1195.51,1195.14,1195.51,0.03,15.02,17267.45,1
2024-03-03,2024-03-03 13:27:00,1195.51,1195.88,1195.51,1195.88,0.03,15.02,17267.45,1
2024-03-03,2024-03-03 13:28:00,1195.88,1196.25,1195.88,1196.25,0.03,15.02,17267.45,1
2024-03-03,2024-03-03 13:29:00,1196.25,1196.62,1196.25,1196.62,0.03,15.02,17267.45,1
2024-03-03,2024-03-03 13:30:00,1196.62,1197.0,1196.62,1197.0,0.03,15.02,17267.45,1
2024-03-03,2024-03-03 13:31:00,1197.0,1197.37,1197.0,1197.37,0.03,15.02,17267.45,1
2024-03-03,2024-03-03 13:32:00,1197.37,1197.74,1197.37,1197.74,0.03,15.02,17267.45,1
2024-03-03,2024-03-03 13:33:00,1197.74,1198.11,1197.74,1198.11,0.03,15.02,17267.45,1
2024-03-03,2024-03-03 13:34:00,1198.11,1198.48,1198.11,1198.48,0.03,15.02,17267.45,1
2024-03-03,2024-03-03 13:35:00,1198.48,1198.85,1198.48,1198.85,0.03,15.02,17267.45,1
2024-03-03,2024-03-03 13:36:00,1198.85,1199.22,1198.85,1199.22,0.03,15.02,17267.45,1
2024-03-03,2024-03-03 13:37:00,1199.22,1199.59,1199.22,1199.59,0.03,15.02,17267.45,1
2024-03-03,2024-03-03 13:38:00,1199.59,1199.96,1199.59,1199.96,0.03,15.02,17267.45,1
2024-03-03,2024-03-03 13:39:00,1199.96,1200.33,1199.96,1200.33,0.03,15.02,17267.45,1
2024-03-03,2024-03-03 13:40:00,1200.33,1200.7,1200.33,1200.7,0.03,15.02,17267.45,1
2024-03-03,2024-03-03 13:41:00,1200.7,1201.08,1200.7,1201.08,0.03,15.02,17267.45,1
2024-03-03,2024-03-03 13:42:00,1201.08,1201.45,1201.08,1201.45,0.03,15.02,17267.45,1
2024-03-03,2024-03-03 13:43:00,1201.45,1201.82,1201.45,1201.82,0.03,15.02,17267.45,1
2024-03-03,2024-03-03 13:44:00,1201.82,1202.19,1201.82,1202.19,0.03,15.02,17267.45,1
2024-03-03,2024-03-03 13:45:00,1202.19,1202.56,1202.19,1202.56,0.03,15.02,17267.45,1
2024-03-03,2024-03-03 13:46:00,1202.56,1202.93,1202.56,1202.93,0.03,15.02,17267.45,1
2024-03-03,2024-03-03 13:47:00,1202.93,1203.3,1202.93,1203.3,0.03,15.02,17267.45,1
2024-03-03,2024-03-03 13:48:00,1203.3,1203.67,1203.3,1203.67,0.03,15.02,17267.45,1
2024-03-03,2024-03-03 13:49:00,1203.67,1204.04,1203.67,1204.04,0.03,15.02,17267.45,1
2024-03-03,2024-03-03 13:50:00,1204.04,1204.41,1204.04,1204.41,0.03,15.02,17267.45,1
2024-03-03,2024-03-03 13:51:00,1204.41,1204.78,1204.41,1204.78,0.03,15.02,17267.45,1
2024-03-03,2024-03-03 13:52:00,1204.78,1205.15,1204.78,1205.15,0.03,15.02,17267.45,1
2024-03-03,2024-03-03 13:53:00,1205.15,1205.53,1205.15,1205.53,0.03,15.02,17267.45,1
2024-03-03,2024-03-03 13:54:00,1205.53,1205.9,1205.53,1205.9,0.03,15.02,17267.45,1
2024-03-03,2024-03-03 13:55:00,1205.9,1206.27,1205.9,1206.27,0.03,15.02,17267.45,1
2024-03-03,2024-03-03 13:56:00,1206.27,1206.64,1206.27,1206.64,0.03,15.02,17267.45,1
2024-03-03,2024-03-03 13:57:00,1206.64,1207.01,1206.64,1207.01,0.03,15.02,17267.45,1
2024-03-03,2024-03-03 13:58:00,1207.01,1207.38,1207.01,1207.38,0.03,15.02,17267.45,1
2024-03-03,2024-03-03 13:59:00,1207.38,1207.75,1207.38,1207.75,0.03,15.02,17267.45,1
2024-03-03,2024-03-03 14:00:00,1207.75,1208.12,1207.75,1208.12,0.03,15.02,17267.45,1
2024-03-03,2024-03-03 14:01:00,1208.12,1208.49,1208.12,1208.49,0.03,15.02,17267.45,1
2024-03-03,2024-03-03 14:02:00,1208.49,1208.86,1208.49,1208.86,0.03,15.02,17267.45,1
2024-03-03,2024-03-03 14:03:00,1208.86,1209.23,1208.86,1209.23,0.03,15.02,17267.45,1
2024-03-03,2024-03-03 14:04:00,1209.23,1209.6,1209.23,1209.6,0.03,15.02,17267.45,1
2024-03-03,2024-03-03 14:05:00,1209.6,1209.97,1209.6,1209.97,0.03,15.02,17267.45,1
2024-03-03,2024-03-03 14:06:00,1209.97,1210.35,1209.97,1210.35,0.03,15.02,17267.45,1
2024-03-03,2024-03-03 14:07:00,1210.35,1210.72,1210.35,1210.72,0.03,15.02,17267.45,1
2024-03-03,2024-03-03 14:08:00,1210.72,1211.09,1210.72,1211.09,0.03,15.02,17267.45,1
2024-03-03,2024-03-03 14:09:00,1211.09,1211.46,1211.09,1211.46,0.03,15.02,17267.45,1
2024-03-03,2024-03-03 14:10:00,1211.46,1211.83,1211.46,1211.83,0.03,15.02,17267.45,1
2024-03-03,2024-03-03 14:11:00,1211.83,1212.2,1211.83,1212.2,0.03,15.02,17267.45,1
2024-03-03,2024-03-03 14:12:00,1212.2,1212.57,1212.2,1212.57,0.03,15.02,17267.45,1
2024-03-03,2024-03-03 14:13:00,1212.57,1212.94,1212.57,1212.94,0.03,15.02,17267.45,1
2024-03-03,2024-03-03 14:14:00,1212.94,1213.31,1212.94,1213.31,0.03,15.02,17267.45,1
2024-03-03,2024-03-03 14:15:00,1213.31,1213.68,1213.31,1213.68,0.03,15.02,17267.45,1
2024-03-03,2024-03-03 14:16:00,1213.68,1214.05,1213.68,1214.05,0.03,15.02,17267.45,1
2024-03-03,2024-03-03 14:17:00,1214.05,1214.42,1214.05,1214.42,0.03,15.02,17267.45,1
2024-03-03,2024-03-03 14:18:00,1214.42,1214.8,1214.42,1214.8,0.03,15.02,17267.45,1
2024-03-03,2024-03-03 14:19:00,1214.8,1215.17,1214.8,1215.17,0.03,15.02,17267.45,1
2024-03-03,2024-03-03 14:20:00,1215.17,1215.54,1215.17,1215.54,0.03,15.02,17267.45,1
2024-03-03,2024-03-03 14:21:00,1215.54,1215.91,1215.54,1215.91,0.03,15.02,17267.45,1
2024-03-03,2024-03-03 14:22:00,1215.91,1216.28,1215.91,1216.28,0.03,15.02,17267.45,1
2024-03-03,2024-03-03 14:23:00,1216.28,1216.65,1216.28,1216.65,0.03,15.02,17267.45,1
2024-03-03,2024-03-03 14:24:00,1216.65,1217.02,1216.65,1217.02,0.03,15.02,17267.45,1
2024-03-03,2024-03-03 14:25:00,1217.02,1217.39,1217.02,1217.39,0.03,15.02,17267.45,1
2024-03-03,2024-03-03 14:26:00,1217.39,1217.76,1217.39,1217.76,0.03,15.02,17267.45,1
2024-03-03,2024-03-03 14:27:00,1217.76,1218.13,1217.76,1218.13,0.03,15.02,17267.45,1
2024-03-03,2024-03-03 14:28:00,1218.13,1218.5,1218.13,1218.5,0.03,15.02,17267.45,1
2024-03-03,2024-03-03 14:29:00,1218.5,1218.88,1218.5,1218.88,0.03,15.02,17267.45,1
2024-03-03,2024-03-03 14:30:00,1218.88,1219.25,1218.88,1219.25,0.03,15.02,17267.45,1
2024-03-03,2024-03-03 14:31:00,1219.25,1219.62,1219.25,1219.62,0.03,15.02,17267.45,1
2024-03-03,2024-03-03 14:32:00,1219.62,1219.99,1219.62,1219.99,0.03,15.02,17267.45,1
2024-03-03,2024-03-03 14:33:00,1219.99,1220.36,1219.99,1220.36,0.03,15.02,17267.45,1
2024-03-03,2024-03-03 14:34:00,1220.36,1220.73,1220.36,1220.73,0.03,15.02,17267.45,1
2024-03-03,2024-03-03 14:35:00,1220.73,1221.1,1220.73,1221.1,0.03,15.02,17267.45,1
2024-03-03,2024-03-03 14:36:00,1221.1,1221.47,1221.1,1221.47,0.03,15.02,17267.45,1
2024-03-03,2024-03-03 14:37:00,1221.47,1221.84,1221.47,1221.84,0.03,15.02,17267.45,1
2024-03-03,2024-03-03 14:38:00,1221.84,1222.21,1221.84,1222.21,0.03,15.02,17267.45,1
2024-03-03,2024-03-03 14:39:00,1222.21,1222.58,1222.21,1222.58,0.03,15.02,17267.45,1
2024-03-03,2024-03-03 14:40:00,1222.58,1222.95,1222.58,1222.95,0.03,15.02,17267.45,1
2024-03-03,2024-03-03 14:41:00,1222.95,1223.33,1222.95,1223.33,0.03,15.02,17267.45,1
2024-03-03,2024-03-03 14:42:00,1223.33,1223.7,1223.33,1223.7,0.03,15.02,17267.45,1
2024-03-03,2024-03-03 14:43:00,1223.7,1224.07,1223.7,1224.07,0.03,15.02,17267.45,1
2024-03-03,2024-03-03 14:44:00,1224.07,1224.44,1224.07,1224.44,0.03,15.02,17267.45,1
2024-03-03,2024-03-03 14:45:00,1224.44,1224.81,1224.44,1224.81,0.03,15.02,17267.45,1
2024-03-03,2024-03-03 14:46:00,1224.81,1225.18,1224.81,1225.18,0.03,15.02,17267.45,1
2024-03-03,2024-03-03 14:47:00,1225.18,1225.55,1225.18,1225.55,0.03,15.02,17267.45,1
2024-03-03,2024-03-03 14:48:00,1225.55,1225.92,1225.55,1225.92,0.03,15.02,17267.45,1
2024-03-03,2024-03-03 14:49:00,1225.92,1226.29,1225.92,1226.29,0.03,15.02,17267.45,1
2024-03-03,2024-03-03 14:50:00,1226.29,1226.66,1226.29,1226.66,0.03,15.02,17267.45,1
2024-03-03,2024-03-03 14:51:00,1226.66,1227.03,1226.66,1227.03,0.03,15.02,17267.45,1
2024-03-03,2024-03-03 14:52:00,1227.03,1227.4,1227.03,1227.4,0.03,15.02,17267.45,1
2024-03-03,2024-03-03 14:53:00,1227.4,1227.78,1227.4,1227.78,0.03,15.02,17267.45,1
2024-03-03,2024-03-03 14:54:00,1227.78,1228.15,1227.78,1228.15,0.03,15.02,17267.45,1
2024-03-03,2024-03-03 14:55:00,1228.15,1228.52,1228.15,1228.52,0.03,15.02,17267.45,1
2024-03-03,2024-03-03 14:56:00,1228.52,1228.89,1228.52,1228.89,0.03,15.02,17267.45,1
2024-03-03,2024-03-03 14:57:00,1228.89,1229.26,1228.89,1229.26,0.03,15.02,17267.45,1
2024-03-03,2024-03-03 14:58:00,1229.26,1229.63,1229.26,1229.63,0.03,15.02,17267.45,1
2024-03-03,2024-03-03 14:59:00,1229.63,1230.0,1229.63,1230.0,0.03,15.02,17267.45,1
2024-03-03,2024-03-03 15:00:00,1230.0,1234.0,1121.0,1230.0,0.0,15.02,17267.45,0
2024-03-04,2024-03-04 11:00:00,1205.4,1227.48,1198.17,1205.71,0.03,5.2,6366.39,1
2024-03-04,2024-03-04 11:01:00,1205.71,1206.01,1205.71,1206.01,0.02,5.2,6366.39,1
2024-03-04,2024-03-04 11:02:00,1206.01,1206.32,1206.01,1206.32,0.03,5.2,6366.39,1
2024-03-04,2024-03-04 11:03:00,1206.32,1206.63,1206.32,1206.63,0.03,5.2,6366.39,1
2024-03-04,2024-03-04 11:04:00,1206.63,1206.93,1206.63,1206.93,0.02,5.2,6366.39,1
2024-03-04,2024-03-04 11:05:00,1206.93,1207.24,1206.93,1207.24,0.03,5.2,6366.39,1
2024-03-04,2024-03-04 11:06:00,1207.24,1207.55,1207.24,1207.55,0.03,5.2,6366.39,1
2024-03-04,2024-03-04 11:07:00,1207.55,1207.85,1207.55,1207.85,0.02,5.2,6366.39,1
2024-03-04,2024-03-04 11:08:00,1207.85,1208.16,1207.85,1208.16,0.03,5.2,6366.39,1
2024-03-04,2024-03-04 11:09:00,1208.16,1208.47,1208.16,1208.47,0.03,5.2,6366.39,1
2024-03-04,2024-03-04 11:10:00,1208.47,1208.77,1208.47,1208.77,0.02,5.2,6366.39,1
2024-03-04,2024-03-04 11:11:00,1208.77,1209.08,1208.77,1209.08,0.03,5.2,6366.39,1
2024-03-04,2024-03-04 11:12:00,1209.08,1209.39,1209.08,1209.39,0.03,5.2,6366.39,1
2024-03-04,2024-03-04 11:13:00,1209.39,1209.69,1209.39,1209.69,0.02,5.2,6366.39,1
2024-03-04,2024-03-04 11:14:00,1209.69,1210.0,1209.69,1210.0,0.03,5.2,6366.39,1
2024-03-04,2024-03-04 11:15:00,1210.0,1210.31,1210.0,1210.31,0.03,5.2,6366.39,1
2024-03-04,2024-03-04 11:16:00,1210.31,1210.61,1210.31,1210.61,0.02,5.2,6366.39,1
2024-03-04,2024-03-04 11:17:00,1210.61,1210.92,1210.61,1210.92,0.03,5.2,6366.39,1
2024-03-04,2024-03-04 11:18:00,1210.92,1211.23,1210.92,1211.23,0.03,5.2,6366.39,1
2024-03-04,2024-03-04 11:19:00,1211.23,1211.53,1211.23,1211.53,0.02,5.2,6366.39,1
2024-03-04,2024-03-04 11:20:00,1211.53,1211.84,1211.53,1211.84,0.03,5.2,6366.39,1
2024-03-04,2024-03-04 11:21:00,1211.84,1212.15,1211.84,1212.15,0.03,5.2,6366.39,1
2024-03-04,2024-03-04 11:22:00,1212.15,1212.45,1212.15,1212.45,0.02,5.2,6366.39,1
2024-03-04,2024-03-04 11:23:00,1212.45,1212.76,1212.45,1212.76,0.03,5.2,6366.39,1
2024-03-04,2024-03-04 11:24:00,1212.76,1213.07,1212.76,1213.07,0.03,5.2,6366.39,1
2024-03-04,2024-03-04 11:25:00,1213.07,1213.37,1213.07,1213.37,0.02,5.2,6366.39,1
2024-03-04,2024-03-04 11:26:00,1213.37,1213.68,1213.37,1213.68,0.03,5.2,6366.39,1
2024-03-04,2024-03-04 11:27:00,1213.68,1213.99,1213.68,1213.99,0.03,5.2,6366.39,1
2024-03-04,2024-03-04 11:28:00,1213.99,1214.29,1213.99,1214.29,0.02,5.2,6366.39,1
2024-03-04,2024-03-04 11:29:00,1214.29,1214.6,1214.29,1214.6,0.03,5.2,6366.39,1
2024-03-04,2024-03-04 11:30:00,1214.6,1214.91,1214.6,1214.91,0.03,5.2,6366.39,1
2024-03-04,2024-03-04 11:31:00,1214.91,1215.21,1214.91,1215.21,0.02,5.2,6366.39,1
2024-03-04,2024-03-04 11:32:00,1215.21,1215.52,1215.21,1215.52,0.03,5.2,6366.39,1
2024-03-04,2024-03-04 11:33:00,1215.52,1215.83,1215.52,1215.83,0.03,5.2,6366.39,1
2024-03-04,2024-03-04 11:34:00,1215.83,1216.13,1215.83,1216.13,0.02,5.2,6366.39,1
2024-03-04,2024-03-04 11:35:00,1216.13,1216.44,1216.13,1216.44,0.03,5.2,6366.39,1
2024-03-04,2024-03-04 11:36:00,1216.44,1216.75,1216.44,1216.75,0.03,5.2,6366.39,1
2024-03-04,2024-03-04 11:37:00,1216.75,1217.05,1216.75,1217.05,0.02,5.2,6366.39,1
2024-03-04,2024-03-04 11:38:00,1217.05,1217.36,1217.05,1217.36,0.03,5.2,6366.39,1
2024-03-04,2024-03-04 11:39:00,1217.36,1217.67,1217.36,1217.67,0.03,5.2,6366.39,1
2024-03-04,2024-03-04 11:40:00,1217.67,1217.97,1217.67,1217.97,0.02,5.2,6366.39,1
2024-03-04,2024-03-04 11:41:00,1217.97,1218.28,1217.97,1218.28,0.03,5.2,6366.39,1
2024-03-04,2024-03-04 11:42:00,1218.28,1218.59,1218.28,1218.59,0.03,5.2,6366.39,1
2024-03-04,2024-03-04 11:43:00,1218.59,1218.89,1218.59,1218.89,0.02,5.2,6366.39,1
2024-03-04,2024-03-04 11:44:00,1218.89,1219.2,1218.89,1219.2,0.03,5.2,6366.39,1
2024-03-04,2024-03-04 11:45:00,1219.2,1219.51,1219.2,1219.51,0.03,5.2,6366.39,1
2024-03-04,2024-03-04 11:46:00,1219.51,1219.81,1219.51,1219.81,0.02,5.2,6366.39,1
2024-03-04,2024-03-04 11:47:00,1219.81,1220.12,1219.81,1220.12,0.03,5.2,6366.39,1
2024-03-04,2024-03-04 11:48:00,1220.12,1220.43,1220.12,1220.43,0.03,5.2,6366.39,1
2024-03-04,2024-03-04 11:49:00,1220.43,1220.73,1220.43,1220.73,0.02,5.2,6366.39,1
2024-03-04,2024-03-04 11:50:00,1220.73,1221.04,1220.73,1221.04,0.03,5.2,6366.39,1
2024-03-04,2024-03-04 11:51:00,1221.04,1221.35,1221.04,1221.35,0.03,5.2,6366.39,1
2024-03-04,2024-03-04 11:52:00,1221.35,1221.65,1221.35,1221.65,0.02,5.2,6366.39,1
2024-03-04,2024-03-04 11:53:00,1221.65,1221.96,1221.65,1221.96,0.03,5.2,6366.39,1
2024-03-04,2024-03-04 11:54:00,1221.96,1222.27,1221.96,1222.27,0.03,5.2,6366.39,1
2024-03-04,2024-03-04 11:55:00,1222.27,1222.57,1222.27,1222.57,0.02,5.2,6366.39,1
2024-03-04,2024-03-04 11:56:00,1222.57,1222.88,1222.57,1222.88,0.03,5.2,6366.39,1
2024-03-04,2024-03-04 11:57:00,1222.88,1223.19,1222.88,1223.19,0.03,5.2,6366.39,1
2024-03-04,2024-03-04 11:58:00,1223.19,1223.49,1223.19,1223.49,0.02,5.2,6366.39,1
2024-03-04,2024-03-04 11:59:00,1223.49,1223.8,1223.49,1223.8,0.03,5.2,6366.39,1
2024-03-04,2024-03-04 12:00:00,1223.8,1224.11,1223.8,1224.11,0.03,5.2,6366.39,1
2024-03-04,2024-03-04 12:01:00,1224.11,1224.41,1224.11,1224.41,0.02,5.2,6366.39,1
2024-03-04,2024-03-04 12:02:00,1224.41,1224.72,1224.41,1224.72,0.03,5.2,6366.39,1
2024-03-04,2024-03-04 12:03:00,1224.72,1225.03,1224.72,1225.03,0.03,5.2,6366.39,1
2024-03-04,2024-03-04 12:04:00,1225.03,1225.33,1225.03,1225.33,0.02,5.2,6366.39,1
2024-03-04,2024-03-04 12:05:00,1225.33,1225.64,1225.33,1225.64,0.03,5.2,6366.39,1
2024-03-04,2024-03-04 12:06:00,1225.64,1225.95,1225.64,1225.95,0.03,5.2,6366.39,1
2024-03-04,2024-03-04 12:07:00,1225.95,1226.25,1225.95,1226.25,0.02,5.2,6366.39,1
2024-03-04,2024-03-04 12:08:00,1226.25,1226.56,1226.25,1226.56,0.03,5.2,6366.39,1
2024-03-04,2024-03-04 12:09:00,1226.56,1226.87,1226.56,1226.87,0.03,5.2,6366.39,1
2024-03-04,2024-03-04 12:10:00,1226.87,1227.17,1226.87,1227.17,0.02,5.2,6366.39,1
2024-03-04,2024-03-04 12:11:00,1227.17,1227.48,1227.17,1227.48,0.03,5.2,6366.39,1
2024-03-04,2024-03-04 12:12:00,1227.48,1227.79,1227.48,1227.79,0.03,5.2,6366.39,1
2024-03-04,2024-03-04 12:13:00,1227.79,1228.09,1227.79,1228.09,0.02,5.2,6366.39,1
2024-03-04,2024-03-04 12:14:00,1228.09,1228.4,1228.09,1228.4,0.03,5.2,6366.39,1
2024-03-04,2024-03-04 12:15:00,1228.4,1228.71,1228.4,1228.71,0.03,5.2,6366.39,1
2024-03-04,2024-03-04 12:16:00,1228.71,1229.01,1228.71,1229.01,0.02,5.2,6366.39,1
2024-03-04,2024-03-04 12:17:00,1229.01,1229.32,1229.01,1229.32,0.03,5.2,6366.39,1
2024-03-04,2024-03-04 12:18:00,1229.32,1229.63,1229.32,1229.63,0.03,5.2,6366.39,1
2024-03-04,2024-03-04 12:19:00,1229.63,1229.93,1229.63,1229.93,0.02,5.2,6366.39,1
2024-03-04,2024-03-04 12:20:00,1229.93,1230.24,1229.93,1230.24,0.03,5.2,6366.39,1
2024-03-04,2024-03-04 12:21:00,1230.24,1230.55,1230.24,1230.55,0.03,5.2,6366.39,1
2024-03-04,2024-03-04 12:22:00,1230.55,1230.85,1230.55,1230.85,0.02,5.2,6366.39,1
2024-03-04,2024-03-04 12:23:00,1230.85,1231.16,1230.85,1231.16,0.03,5.2,6366.39,1
2024-03-04,2024-03-04 12:24:00,1231.16,1231.47,1231.16,1231.47,0.03,5.2,6366.39,1
2024-03-04,2024-03-04 12:25:00,1231.47,1231.77,1231.47,1231.77,0.02,5.2,6366.39,1
2024-03-04,2024-03-04 12:26:00,1231.77,1232.08,1231.77,1232.08,0.03,5.2,6366.39,1
2024-03-04,2024-03-04 12:27:00,1232.08,1232.39,1232.08,1232.39,0.03,5.2,6366.39,1
2024-03-04,2024-03-04 12:28:00,1232.39,1232.69,1232.39,1232.69,0.02,5.2,6366.39,1
2024-03-04,2024-03-04 12:29:00,1232.69,1233.0,1232.69,1233.0,0.03,5.2,6366.39,1
2024-03-04,2024-03-04 12:30:00,1233.0,1233.31,1233.0,1233.31,0.03,5.2,6366.39,1
2024-03-04,2024-03-04 12:31:00,1233.31,1233.61,1233.31,1233.61,0.02,5.2,6366.39,1
2024-03-04,2024-03-04 12:32:00,1233.61,1233.92,1233.61,1233.92,0.03,5.2,6366.39,1
2024-03-04,2024-03-04 12:33:00,1233.92,1234.23,1233.92,1234.23,0.03,5.2,6366.39,1
2024-03-04,2024-03-04 12:34:00,1234.23,1234.53,1234.23,1234.53,0.02,5.2,6366.39,1
2024-03-04,2024-03-04 12:35:00,1234.53,1234.84,1234.53,1234.84,0.03,5.2,6366.39,1
2024-03-04,2024-03-04 12:36:00,1234.84,1235.15,1234.84,1235.15,0.03,5.2,6366.39,1
2024-03-04,2024-03-04 12:37:00,1235.15,1235.45,1235.15,1235.45,0.02,5.2,6366.39,1
2024-03-04,2024-03-04 12:38:00,1235.45,1235.76,1235.45,1235.76,0.03,5.2,6366.39,1
2024-03-04,2024-03-04 12:39:00,1235.76,1236.07,1235.76,1236.07,0.03,5.2,6366.39,1
2024-03-04,2024-03-04 12:40:00,1236.07,1236.37,1236.07,1236.37,0.02,5.2,6366.39,1
2024-03-04,2024-03-04 12:41:00,1236.37,1236.68,1236.37,1236.68,0.03,5.2,6366.39,1
2024-03-04,2024-03-04 12:42:00,1236.68,1236.99,1236.68,1236.99,0.03,5.2,6366.39,1
2024-03-04,2024-03-04 12:43:00,1236.99,1237.29,1236.99,1237.29,0.02,5.2,6366.39,1
2024-03-04,2024-03-04 12:44:00,1237.29,1237.6,1237.29,1237.6,0.03,5.2,6366.39,1
2024-03-04,2024-03-04 12:45:00,1237.6,1237.91,1237.6,1237.91,0.03,5.2,6366.39,1
2024-03-04,2024-03-04 12:46:00,1237.91,1238.21,1237.91,1238.21,0.02,5.2,6366.39,1
2024-03-04,2024-03-04 12:47:00,1238.21,1238.52,1238.21,1238.52,0.03,5.2,6366.39,1
2024-03-04,2024-03-04 12:48:00,1238.52,1238.83,1238.52,1238.83,0.03,5.2,6366.39,1
2024-03-04,2024-03-04 12:49:00,1238.83,1239.13,1238.83,1239.13,0.02,5.2,6366.39,1
2024-03-04,2024-03-04 12:50:00,1239.13,1239.44,1239.13,1239.44,0.03,5.2,6366.39,1
2024-03-04,2024-03-04 12:51:00,1239.44,1239.75,1239.44,1239.75,0.03,5.2,6366.39,1
2024-03-04,2024-03-04 12:52:00,1239.75,1240.05,1239.75,1240.05,0.02,5.2,6366.39,1
2024-03-04,2024-03-04 12:53:00,1240.05,1240.36,1240.05,1240.36,0.02,5.2,6366.39,1
2024-03-04,2024-03-04 12:54:00,1240.36,1240.67,1240.36,1240.67,0.02,5.2,6366.39,1
2024-03-04,2024-03-04 12:55:00,1240.67,1240.97,1240.67,1240.97,0.02,5.2,6366.39,1
2024-03-04,2024-03-04 12:56:00,1240.97,1241.28,1240.97,1241.28,0.02,5.2,6366.39,1
2024-03-04,2024-03-04 12:57:00,1241.28,1241.59,1241.28,1241.59,0.02,5.2,6366.39,1
2024-03-04,2024-03-04 12:58:00,1241.59,1241.89,1241.59,1241.89,0.02,5.2,6366.39,1
2024-03-04,2024-03-04 12:59:00,1241.89,1242.2,1241.89,1242.2,0.02,5.2,6366.39,1
2024-03-04,2024-03-04 13:00:00,1242.2,1279.0,1181.3,1242.51,0.02,5.2,6366.39,1
2024-03-04,2024-03-04 13:01:00,1242.51,1242.81,1242.51,1242.81,0.02,5.2,6366.39,1
2024-03-04,2024-03-04 13:02:00,1242.81,1243.12,1242.81,1243.12,0.02,5.2,6366.39,1
2024-03-04,2024-03-04 13:03:00,1243.12,1243.43,1243.12,1243.43,0.02,5.2,6366.39,1
2024-03-04,2024-03-04 13:04:00,1243.43,1243.73,1243.43,1243.73,0.02,5.2,6366.39,1
2024-03-04,2024-03-04 13:05:00,1243.73,1244.04,1243.73,1244.04,0.02,5.2,6366.39,1
2024-03-04,2024-03-04 13:06:00,1244.04,1244.35,1244.04,1244.35,0.02,5.2,6366.39,1
2024-03-04,2024-03-04 13:07:00,1244.35,1244.65,1244.35,1244.65,0.02,5.2,6366.39,1
2024-03-04,2024-03-04 13:08:00,1244.65,1244.96,1244.65,1244.96,0.02,5.2,6366.39,1
2024-03-04,2024-03-04 13:09:00,1244.96,1245.27,1244.96,1245.27,0.02,5.2,6366.39,1
2024-03-04,2024-03-04 13:10:00,1245.27,1245.57,1245.27,1245.57,0.02,5.2,6366.39,1
2024-03-04,2024-03-04 13:11:00,1245.57,1245.88,1245.57,1245.88,0.02,5.2,6366.39,1
2024-03-04,2024-03-04 13:12:00,1245.88,1246.19,1245.88,1246.19,0.02,5.2,6366.39,1
2024-03-04,2024-03-04 13:13:00,1246.19,1246.49,1246.19,1246.49,0.02,5.2,6366.39,1
2024-03-04,2024-03-04 13:14:00,1246.49,1246.8,1246.49,1246.8,0.02,5.2,6366.39,1
2024-03-04,2024-03-04 13:15:00,1246.8,1247.11,1246.8,1247.11,0.02,5.2,6366.39,1
2024-03-04,2024-03-04 13:16:00,1247.11,1247.41,1247.11,1247.41,0.02,5.2,6366.39,1
2024-03-04,2024-03-04 13:17:00,1247.41,1247.72,1247.41,1247.72,0.02,5.2,6366.39,1
2024-03-04,2024-03-04 13:18:00,1247.72,1248.03,1247.72,1248.03,0.02,5.2,6366.39,1
2024-03-04,2024-03-04 13:19:00,1248.03,1248.33,1248.03,1248.33,0.02,5.2,6366.39,1
2024-03-04,2024-03-04 13:20:00,1248.33,1248.64,1248.33,1248.64,0.02,5.2,6366.39,1
2024-03-04,2024-03-04 13:21:00,1248.64,1248.95,1248.64,1248.95,0.02,5.2,6366.39,1
2024-03-04,2024-03-04 13:22:00,1248.95,1249.25,1248.95,1249.25,0.02,5.2,6366.39,1
2024-03-04,2024-03-04 13:23:00,1249.25,1249.56,1249.25,1249.56,0.02,5.2,6366.39,1
2024-03-04,2024-03-04 13:24:00,1249.56,1249.87,1249.56,1249.87,0.02,5.2,6366.39,1
2024-03-04,2024-03-04 13:25:00,1249.87,1250.17,1249.87,1250.17,0.02,5.2,6366.39,1
2024-03-04,2024-03-04 13:26:00,1250.17,1250.48,1250.17,1250.48,0.02,5.2,6366.39,1
2024-03-04,2024-03-04 13:27:00,1250.48,1250.79,1250.48,1250.79,0.02,5.2,6366.39,1
2024-03-04,2024-03-04 13:28:00,1250.79,1251.09,1250.79,1251.09,0.02,5.2,6366.39,1
2024-03-04,2024-03-04 13:29:00,1251.09,1251.4,1251.09,1251.4,0.02,5.2,6366.39,1
2024-03-04,2024-03-04 13:30:00,1251.4,1251.71,1251.4,1251.71,0.02,5.2,6366.39,1
2024-03-04,2024-03-04 13:31:00,1251.71,1252.01,1251.71,1252.01,0.02,5.2,6366.39,1
2024-03-04,2024-03-04 13:32:00,1252.01,1252.32,1252.01,1252.32,0.02,5.2,6366.39,1
2024-03-04,2024-03-04 13:33:00,1252.32,1252.63,1252.32,1252.63,0.02,5.2,6366.39,1
2024-03-04,2024-03-04 13:34:00,1252.63,1252.93,1252.63,1252.93,0.02,5.2,6366.39,1
2024-03-04,2024-03-04 13:35:00,1252.93,1253.24,1252.93,1253.24,0.02,5.2,6366.39,1
2024-03-04,2024-03-04 13:36:00,1253.24,1253.55,1253.24,1253.55,0.02,5.2,6366.39,1
2024-03-04,2024-03-04 13:37:00,1253.55,1253.85,1253.55,1253.85,0.02,5.2,6366.39,1
2024-03-04,2024-03-04 13:38:00,1253.85,1254.16,1253.85,1254.16,0.02,5.2,6366.39,1
2024-03-04,2024-03-04 13:39:00,1254.16,1254.47,1254.16,1254.47,0.02,5.2,6366.39,1
2024-03-04,2024-03-04 13:40:00,1254.47,1254.77,1254.47,1254.77,0.02,5.2,6366.39,1
2024-03-04,2024-03-04 13:41:00,1254.77,1255.08,1254.77,1255.08,0.02,5.2,6366.39,1
2024-03-04,2024-03-04 13:42:00,1255.08,1255.39,1255.08,1255.39,0.02,5.2,6366.39,1
2024-03-04,2024-03-04 13:43:00,1255.39,1255.69,1255.39,1255.69,0.02,5.2,6366.39,1
2024-03-04,2024-03-04 13:44:00,1255.69,1256.0,1255.69,1256.0,0.02,5.2,6366.39,1
2024-03-04,2024-03-04 13:45:00,1256.0,1256.31,1256.0,1256.31,0.02,5.2,6366.39,1
2024-03-04,2024-03-04 13:46:00,1256.31,1256.61,1256.31,1256.61,0.02,5.2,6366.39,1
2024-03-04,2024-03-04 13:47:00,1256.61,1256.92,1256.61,1256.92,0.02,5.2,6366.39,1
2024-03-04,2024-03-04 13:48:00,1256.92,1257.23,1256.92,1257.23,0.02,5.2,6366.39,1
2024-03-04,2024-03-04 13:49:00,1257.23,1257.53,1257.23,1257.53,0.02,5.2,6366.39,1
2024-03-04,2024-03-04 13:50:00,1257.53,1257.84,1257.53,1257.84,0.02,5.2,6366.39,1
2024-03-04,2024-03-04 13:51:00,1257.84,1258.15,1257.84,1258.15,0.02,5.2,6366.39,1
2024-03-04,2024-03-04 13:52:00,1258.15,1258.45,1258.15,1258.45,0.02,5.2,6366.39,1
2024-03-04,2024-03-04 13:53:00,1258.45,1258.76,1258.45,1258.76,0.02,5.2,6366.39,1
2024-03-04,2024-03-04 13:54:00,1258.76,1259.07,1258.76,1259.07,0.02,5.2,6366.39,1
2024-03-04,2024-03-04 13:55:00,1259.07,1259.37,1259.07,1259.37,0.02,5.2,6366.39,1
2024-03-04,2024-03-04 13:56:00,1259.37,1259.68,1259.37,1259.68,0.02,5.2,6366.39,1
2024-03-04,2024-03-04 13:57:00,1259.68,1259.99,1259.68,1259.99,0.02,5.2,6366.39,1
2024-03-04,2024-03-04 13:58:00,1259.99,1260.29,1259.99,1260.29,0.02,5.2,6366.39,1
2024-03-04,2024-03-04 13:59:00,1260.29,1260.6,1260.29,1260.6,0.02,5.2,6366.39,1
2024-03-04,2024-03-04 14:00:00,1260.6,1260.91,1260.6,1260.91,0.02,5.2,6366.39,1
2024-03-04,2024-03-04 14:01:00,1260.91,1261.21,1260.91,1261.21,0.02,5.2,6366.39,1
2024-03-04,2024-03-04 14:02:00,1261.21,1261.52,1261.21,1261.52,0.02,5.2,6366.39,1
2024-03-04,2024-03-04 14:03:00,1261.52,1261.83,1261.52,1261.83,0.02,5.2,6366.39,1
2024-03-04,2024-03-04 14:04:00,1261.83,1262.13,1261.83,1262.13,0.02,5.2,6366.39,1
2024-03-04,2024-03-04 14:05:00,1262.13,1262.44,1262.13,1262.44,0.02,5.2,6366.39,1
2024-03-04,2024-03-04 14:06:00,1262.44,1262.75,1262.44,1262.75,0.02,5.2,6366.39,1
2024-03-04,2024-03-04 14:07:00,1262.75,1263.05,1262.75,1263.05,0.02,5.2,6366.39,1
2024-03-04,2024-03-04 14:08:00,1263.05,1263.36,1263.05,1263.36,0.02,5.2,6366.39,1
2024-03-04,2024-03-04 14:09:00,1263.36,1263.67,1263.36,1263.67,0.02,5.2,6366.39,1
2024-03-04,2024-03-04 14:10:00,1263.67,1263.97,1263.67,1263.97,0.02,5.2,6366.39,1
2024-03-04,2024-03-04 14:11:00,1263.97,1264.28,1263.97,1264.28,0.02,5.2,6366.39,1
2024-03-04,2024-03-04 14:12:00,1264.28,1264.59,1264.28,1264.59,0.02,5.2,6366.39,1
2024-03-04,2024-03-04 14:13:00,1264.59,1264.89,1264.59,1264.89,0.02,5.2,6366.39,1
2024-03-04,2024-03-04 14:14:00,1264.89,1265.2,1264.89,1265.2,0.02,5.2,6366.39,1
2024-03-04,2024-03-04 14:15:00,1265.2,1265.51,1265.2,1265.51,0.02,5.2,6366.39,1
2024-03-04,2024-03-04 14:16:00,1265.51,1265.81,1265.51,1265.81,0.02,5.2,6366.39,1
2024-03-04,2024-03-04 14:17:00,1265.81,1266.12,1265.81,1266.12,0.02,5.2,6366.39,1
2024-03-04,2024-03-04 14:18:00,1266.12,1266.43,1266.12,1266.43,0.02,5.2,6366.39,1
2024-03-04,2024-03-04 14:19:00,1266.43,1266.73,1266.43,1266.73,0.02,5.2,6366.39,1
2024-03-04,2024-03-04 14:20:00,1266.73,1267.04,1266.73,1267.04,0.02,5.2,6366.39,1
2024-03-04,2024-03-04 14:21:00,1267.04,1267.35,1267.04,1267.35,0.02,5.2,6366.39,1
2024-03-04,2024-03-04 14:22:00,1267.35,1267.65,1267.35,1267.65,0.02,5.2,6366.39,1
2024-03-04,2024-03-04 14:23:00,1267.65,1267.96,1267.65,1267.96,0.02,5.2,6366.39,1
2024-03-04,2024-03-04 14:24:00,1267.96,1268.27,1267.96,1268.27,0.02,5.2,6366.39,1
2024-03-04,2024-03-04 14:25:00,1268.27,1268.57,1268.27,1268.57,0.02,5.2,6366.39,1
2024-03-04,2024-03-04 14:26:00,1268.57,1268.88,1268.57,1268.88,0.02,5.2,6366.39,1
2024-03-04,2024-03-04 14:27:00,1268.88,1269.19,1268.88,1269.19,0.02,5.2,6366.39,1
2024-03-04,2024-03-04 14:28:00,1269.19,1269.49,1269.19,1269.49,0.02,5.2,6366.39,1
2024-03-04,2024-03-04 14:29:00,1269.49,1269.8,1269.49,1269.8,0.02,5.2,6366.39,1
2024-03-04,2024-03-04 14:30:00,1269.8,1270.11,1269.8,1270.11,0.02,5.2,6366.39,1
2024-03-04,2024-03-04 14:31:00,1270.11,1270.41,1270.11,1270.41,0.02,5.2,6366.39,1
2024-03-04,2024-03-04 14:32:00,1270.41,1270.72,1270.41,1270.72,0.02,5.2,6366.39,1
2024-03-04,2024-03-04 14:33:00,1270.72,1271.03,1270.72,1271.03,0.02,5.2,6366.39,1
2024-03-04,2024-03-04 14:34:00,1271.03,1271.33,1271.03,1271.33,0.02,5.2,6366.39,1
2024-03-04,2024-03-04 14:35:00,1271.33,1271.64,1271.33,1271.64,0.02,5.2,6366.39,1
2024-03-04,2024-03-04 14:36:00,1271.64,1271.95,1271.64,1271.95,0.02,5.2,6366.39,1
2024-03-04,2024-03-04 14:37:00,1271.95,1272.25,1271.95,1272.25,0.02,5.2,6366.39,1
2024-03-04,2024-03-04 14:38:00,1272.25,1272.56,1272.25,1272.56,0.02,5.2,6366.39,1
2024-03-04,2024-03-04 14:39:00,1272.56,1272.87,1272.56,1272.87,0.02,5.2,6366.39,1
2024-03-04,2024-03-04 14:40:00,1272.87,1273.17,1272.87,1273.17,0.02,5.2,6366.39,1
2024-03-04,2024-03-04 14:41:00,1273.17,1273.48,1273.17,1273.48,0.02,5.2,6366.39,1
2024-03-04,2024-03-04 14:42:00,1273.48,1273.79,1273.48,1273.79,0.02,5.2,6366.39,1
2024-03-04,2024-03-04 14:43:00,1273.79,1274.09,1273.79,1274.09,0.02,5.2,6366.39,1
2024-03-04,2024-03-04 14:44:00,1274.09,1274.4,1274.09,1274.4,0.02,5.2,6366.39,1
2024-03-04,2024-03-04 14:45:00,1274.4,1274.71,1274.4,1274.71,0.02,5.2,6366.39,1
2024-03-04,2024-03-04 14:46:00,1274.71,1275.01,1274.71,1275.01,0.02,5.2,6366.39,1
2024-03-04,2024-03-04 14:47:00,1275.01,1275.32,1275.01,1275.32,0.02,5.2,6366.39,1
2024-03-04,2024-03-04 14:48:00,1275.32,1275.63,1275.32,1275.63,0.02,5.2,6366.39,1
2024-03-04,2024-03-04 14:49:00,1275.63,1275.93,1275.63,1275.93,0.02,5.2,6366.39,1
2024-03-04,2024-03-04 14:50:00,1275.93,1276.24,1275.93,1276.24,0.02,5.2,6366.39,1
2024-03-04,2024-03-04 14:51:00,1276.24,1276.55,1276.24,1276.55,0.02,5.2,6366.39,1
2024-03-04,2024-03-04 14:52:00,1276.55,1276.85,1276.55,1276.85,0.02,5.2,6366.39,1
2024-03-04,2024-03-04 14:53:00,1276.85,1277.16,1276.85,1277.16,0.02,5.2,6366.39,1
2024-03-04,2024-03-04 14:54:00,1277.16,1277.47,1277.16,1277.47,0.02,5.2,6366.39,1
2024-03-04,2024-03-04 14:55:00,1277.47,1277.77,1277.47,1277.77,0.02,5.2,6366.39,1
2024-03-04,2024-03-04 14:56:00,1277.77,1278.08,1277.77,1278.08,0.02,5.2,6366.39,1
2024-03-04,2024-03-04 14:57:00,1278.08,1278.39,1278.08,1278.39,0.02,5.2,6366.39,1
2024-03-04,2024-03-04 14:58:00,1278.39,1278.69,1278.39,1278.69,0.02,5.2,6366.39,1
2024-03-04,2024-03-04 14:59:00,1278.69,1279.0,1278.69,1279.0,0.02,5.2,6366.39,1
2024-03-04,2024-03-04 15:00:00,1279.0,1279.0,1181.3,1279.0,0.0,5.2,6366.39,0
2024-03-05,2024-03-05 11:00:00,1253.5,1285.45,1224.61,1253.49,-0.0,75.49,91445.16,-1
2024-03-05,2024-03-05 11:01:00,1253.49,1253.49,1253.47,1253.47,-0.0,75.49,91445.16,-1
2024-03-05,2024-03-05 11:02:00,1253.47,1253.47,1253.46,1253.46,-0.0,75.49,91445.16,-1
2024-03-05,2024-03-05 11:03:00,1253.46,1253.46,1253.44,1253.44,-0.0,75.49,91445.16,-1
2024-03-05,2024-03-05 11:04:00,1253.44,1253.44,1253.43,1253.43,-0.0,75.49,91445.16,-1
2024-03-05,2024-03-05 11:05:00,1253.43,1253.43,1253.41,1253.41,-0.0,75.49,91445.16,-1
2024-03-05,2024-03-05 11:06:00,1253.41,1253.41,1253.4,1253.4,-0.0,75.49,91445.16,-1
2024-03-05,2024-03-05 11:07:00,1253.4,1253.4,1253.38,1253.38,-0.0,75.49,91445.16,-1
2024-03-05,2024-03-05 11:08:00,1253.38,1253.38,1253.37,1253.37,-0.0,75.49,91445.16,-1
2024-03-05,2024-03-05 11:09:00,1253.37,1253.37,1253.35,1253.35,-0.0,75.49,91445.16,-1
2024-03-05,2024-03-05 11:10:00,1253.35,1253.35,1253.34,1253.34,-0.0,75.49,91445.16,-1
2024-03-05,2024-03-05 11:11:00,1253.34,1253.34,1253.33,1253.33,-0.0,75.49,91445.16,-1
2024-03-05,2024-03-05 11:12:00,1253.33,1253.33,1253.31,1253.31,-0.0,75.49,91445.16,-1
2024-03-05,2024-03-05 11:13:00,1253.31,1253.31,1253.3,1253.3,-0.0,75.49,91445.16,-1
2024-03-05,2024-03-05 11:14:00,1253.3,1253.3,1253.28,1253.28,-0.0,75.49,91445.16,-1
2024-03-05,2024-03-05 11:15:00,1253.28,1253.28,1253.27,1253.27,-0.0,75.49,91445.16,-1
2024-03-05,2024-03-05 11:16:00,1253.27,1253.27,1253.25,1253.25,-0.0,75.49,91445.16,-1
2024-03-05,2024-03-05 11:17:00,1253.25,1253.25,1253.24,1253.24,-0.0,75.49,91445.16,-1
2024-03-05,2024-03-05 11:18:00,1253.24,1253.24,1253.22,1253.22,-0.0,75.49,91445.16,-1
2024-03-05,2024-03-05 11:19:00,1253.22,1253.22,1253.21,1253.21,-0.0,75.49,91445.16,-1
2024-03-05,2024-03-05 11:20:00,1253.21,1253.21,1253.19,1253.19,-0.0,75.49,91445.16,-1
2024-03-05,2024-03-05 11:21:00,1253.19,1253.19,1253.18,1253.18,-0.0,75.49,91445.16,-1
2024-03-05,2024-03-05 11:22:00,1253.18,1253.18,1253.16,1253.16,-0.0,75.49,91445.16,-1
2024-03-05,2024-03-05 11:23:00,1253.16,1253.16,1253.15,1253.15,-0.0,75.49,91445.16,-1
2024-03-05,2024-03-05 11:24:00,1253.15,1253.15,1253.14,1253.14,-0.0,75.49,91445.16,-1
2024-03-05,2024-03-05 11:25:00,1253.14,1253.14,1253.12,1253.12,-0.0,75.49,91445.16,-1
2024-03-05,2024-03-05 11:26:00,1253.12,1253.12,1253.11,1253.11,-0.0,75.49,91445.16,-1
2024-03-05,2024-03-05 11:27:00,1253.11,1253.11,1253.09,1253.09,-0.0,75.49,91445.16,-1
2024-03-05,2024-03-05 11:28:00,1253.09,1253.09,1253.08,1253.08,-0.0,75.49,91445.16,-1
2024-03-05,2024-03-05 11:29:00,1253.08,1253.08,1253.06,1253.06,-0.0,75.49,91445.16,-1
2024-03-05,2024-03-05 11:30:00,1253.06,1253.06,1253.05,1253.05,-0.0,75.49,91445.16,-1
2024-03-05,2024-03-05 11:31:00,1253.05,1253.05,1253.03,1253.03,-0.0,75.49,91445.16,-1
2024-03-05,2024-03-05 11:32:00,1253.03,1253.03,1253.02,1253.02,-0.0,75.49,91445.16,-1
2024-03-05,2024-03-05 11:33:00,1253.02,1253.02,1253.0,1253.0,-0.0,75.49,91445.16,-1
2024-03-05,2024-03-05 11:34:00,1253.0,1253.0,1252.99,1252.99,-0.0,75.49,91445.16,-1
2024-03-05,2024-03-05 11:35:00,1252.99,1252.99,1252.97,1252.97,-0.0,75.49,91445.16,-1
2024-03-05,2024-03-05 11:36:00,1252.97,1252.97,1252.96,1252.96,-0.0,75.49,91445.16,-1
2024-03-05,2024-03-05 11:37:00,1252.96,1252.96,1252.95,1252.95,-0.0,75.49,91445.16,-1
2024-03-05,2024-03-05 11:38:00,1252.95,1252.95,1252.93,1252.93,-0.0,75.49,91445.16,-1
2024-03-05,2024-03-05 11:39:00,1252.93,1252.93,1252.92,1252.92,-0.0,75.49,91445.16,-1
2024-03-05,2024-03-05 11:40:00,1252.92,1252.92,1252.9,1252.9,-0.0,75.49,91445.16,-1
2024-03-05,2024-03-05 11:41:00,1252.9,1252.9,1252.89,1252.89,-0.0,75.49,91445.16,-1
2024-03-05,2024-03-05 11:42:00,1252.89,1252.89,1252.87,1252.87,-0.0,75.49,91445.16,-1
2024-03-05,2024-03-05 11:43:00,1252.87,1252.87,1252.86,1252.86,-0.0,75.49,91445.16,-1
2024-03-05,2024-03-05 11:44:00,1252.86,1252.86,1252.84,1252.84,-0.0,75.49,91445.16,-1
2024-03-05,2024-03-05 11:45:00,1252.84,1252.84,1252.83,1252.83,-0.0,75.49,91445.16,-1
2024-03-05,2024-03-05 11:46:00,1252.83,1252.83,1252.81,1252.81,-0.0,75.49,91445.16,-1
2024-03-05,2024-03-05 11:47:00,1252.81,1252.81,1252.8,1252.8,-0.0,75.49,91445.16,-1
2024-03-05,2024-03-05 11:48:00,1252.8,1252.8,1252.79,1252.79,-0.0,75.49,91445.16,-1
2024-03-05,2024-03-05 11:49:00,1252.79,1252.79,1252.77,1252.77,-0.0,75.49,91445.16,-1
2024-03-05,2024-03-05 11:50:00,1252.77,1252.77,1252.76,1252.76,-0.0,75.49,91445.16,-1
2024-03-05,2024-03-05 11:51:00,1252.76,1252.76,1252.74,1252.74,-0.0,75.49,91445.16,-1
2024-03-05,2024-03-05 11:52:00,1252.74,1252.74,1252.73,1252.73,-0.0,75.49,91445.16,-1
2024-03-05,2024-03-05 11:53:00,1252.73,1252.73,1252.71,1252.71,-0.0,75.49,91445.16,-1
2024-03-05,2024-03-05 11:54:00,1252.71,1252.71,1252.7,1252.7,-0.0,75.49,91445.16,-1
2024-03-05,2024-03-05 11:55:00,1252.7,1252.7,1252.68,1252.68,-0.0,75.49,91445.16,-1
2024-03-05,2024-03-05 11:56:00,1252.68,1252.68,1252.67,1252.67,-0.0,75.49,91445.16,-1
2024-03-05,2024-03-05 11:57:00,1252.67,1252.67,1252.65,1252.65,-0.0,75.49,91445.16,-1
2024-03-05,2024-03-05 11:58:00,1252.65,1252.65,1252.64,1252.64,-0.0,75.49,91445.16,-1
2024-03-05,2024-03-05 11:59:00,1252.64,1252.64,1252.62,1252.62,-0.0,75.49,91445.16,-1
2024-03-05,2024-03-05 12:00:00,1252.62,1252.62,1252.61,1252.61,-0.0,75.49,91445.16,-1
2024-03-05,2024-03-05 12:01:00,1252.61,1252.61,1252.6,1252.6,-0.0,75.49,91445.16,-1
2024-03-05,2024-03-05 12:02:00,1252.6,1252.6,1252.58,1252.58,-0.0,75.49,91445.16,-1
2024-03-05,2024-03-05 12:03:00,1252.58,1252.58,1252.57,1252.57,-0.0,75.49,91445.16,-1
2024-03-05,2024-03-05 12:04:00,1252.57,1252.57,1252.55,1252.55,-0.0,75.49,91445.16,-1
2024-03-05,2024-03-05 12:05:00,1252.55,1252.55,1252.54,1252.54,-0.0,75.49,91445.16,-1
2024-03-05,2024-03-05 12:06:00,1252.54,1252.54,1252.52,1252.52,-0.0,75.49,91445.16,-1
2024-03-05,2024-03-05 12:07:00,1252.52,1252.52,1252.51,1252.51,-0.0,75.49,91445.16,-1
2024-03-05,2024-03-05 12:08:00,1252.51,1252.51,1252.49,1252.49,-0.0,75.49,91445.16,-1
2024-03-05,2024-03-05 12:09:00,1252.49,1252.49,1252.48,1252.48,-0.0,75.49,91445.16,-1
2024-03-05,2024-03-05 12:10:00,1252.48,1252.48,1252.46,1252.46,-0.0,75.49,91445.16,-1
2024-03-05,2024-03-05 12:11:00,1252.46,1252.46,1252.45,1252.45,-0.0,75.49,91445.16,-1
2024-03-05,2024-03-05 12:12:00,1252.45,1252.45,1252.44,1252.44,-0.0,75.49,91445.16,-1
2024-03-05,2024-03-05 12:13:00,1252.44,1252.44,1252.42,1252.42,-0.0,75.49,91445.16,-1
2024-03-05,2024-03-05 12:14:00,1252.42,1252.42,1252.41,1252.41,-0.0,75.49,91445.16,-1
2024-03-05,2024-03-05 12:15:00,1252.41,1252.41,1252.39,1252.39,-0.0,75.49,91445.16,-1
2024-03-05,2024-03-05 12:16:00,1252.39,1252.39,1252.38,1252.38,-0.0,75.49,91445.16,-1
2024-03-05,2024-03-05 12:17:00,1252.38,1252.38,1252.36,1252.36,-0.0,75.49,91445.16,-1
2024-03-05,2024-03-05 12:18:00,1252.36,1252.36,1252.35,1252.35,-0.0,75.49,91445.16,-1
2024-03-05,2024-03-05 12:19:00,1252.35,1252.35,1252.33,1252.33,-0.0,75.49,91445.16,-1
2024-03-05,2024-03-05 12:20:00,1252.33,1252.33,1252.32,1252.32,-0.0,75.49,91445.16,-1
2024-03-05,2024-03-05 12:21:00,1252.32,1252.32,1252.3,1252.3,-0.0,75.49,91445.16,-1
2024-03-05,2024-03-05 12:22:00,1252.3,1252.3,1252.29,1252.29,-0.0,75.49,91445.16,-1
2024-03-05,2024-03-05 12:23:00,1252.29,1252.29,1252.28,1252.28,-0.0,75.49,91445.16,-1
2024-03-05,2024-03-05 12:24:00,1252.28,1252.28,1252.26,1252.26,-0.0,75.49,91445.16,-1
2024-03-05,2024-03-05 12:25:00,1252.26,1252.26,1252.25,1252.25,-0.0,75.49,91445.16,-1
2024-03-05,2024-03-05 12:26:00,1252.25,1252.25,1252.23,1252.23,-0.0,75.49,91445.16,-1
2024-03-05,2024-03-05 12:27:00,1252.23,1252.23,1252.22,1252.22,-0.0,75.49,91445.16,-1
2024-03-05,2024-03-05 12:28:00,1252.22,1252.22,1252.2,1252.2,-0.0,75.49,91445.16,-1
2024-03-05,2024-03-05 12:29:00,1252.2,1252.2,1252.19,1252.19,-0.0,75.49,91445.16,-1
2024-03-05,2024-03-05 12:30:00,1252.19,1252.19,1252.17,1252.17,-0.0,75.49,91445.16,-1
2024-03-05,2024-03-05 12:31:00,1252.17,1252.17,1252.16,1252.16,-0.0,75.49,91445.16,-1
2024-03-05,2024-03-05 12:32:00,1252.16,1252.16,1252.14,1252.14,-0.0,75.49,91445.16,-1
2024-03-05,2024-03-05 12:33:00,1252.14,1252.14,1252.13,1252.13,-0.0,75.49,91445.16,-1
2024-03-05,2024-03-05 12:34:00,1252.13,1252.13,1252.11,1252.11,-0.0,75.49,91445.16,-1
2024-03-05,2024-03-05 12:35:00,1252.11,1252.11,1252.1,1252.1,-0.0,75.49,91445.16,-1
2024-03-05,2024-03-05 12:36:00,1252.1,1252.1,1252.09,1252.09,-0.0,75.49,91445.16,-1
2024-03-05,2024-03-05 12:37:00,1252.09,1252.09,1252.07,1252.07,-0.0,75.49,91445.16,-1
2024-03-05,2024-03-05 12:38:00,1252.07,1252.07,1252.06,1252.06,-0.0,75.49,91445.16,-1
2024-03-05,2024-03-05 12:39:00,1252.06,1252.06,1252.04,1252.04,-0.0,75.49,91445.16,-1
2024-03-05,2024-03-05 12:40:00,1252.04,1252.04,1252.03,1252.03,-0.0,75.49,91445.16,-1
2024-03-05,2024-03-05 12:41:00,1252.03,1252.03,1252.01,1252.01,-0.0,75.49,91445.16,-1
2024-03-05,2024-03-05 12:42:00,1252.01,1252.01,1252.0,1252.0,-0.0,75.49,91445.16,-1
2024-03-05,2024-03-05 12:43:00,1252.0,1252.0,1251.98,1251.98,-0.0,75.49,91445.16,-1
2024-03-05,2024-03-05 12:44:00,1251.98,1251.98,1251.97,1251.97,-0.0,75.49,91445.16,-1
2024-03-05,2024-03-05 12:45:00,1251.97,1251.97,1251.95,1251.95,-0.0,75.49,91445.16,-1
2024-03-05,2024-03-05 12:46:00,1251.95,1251.95,1251.94,1251.94,-0.0,75.49,91445.16,-1
2024-03-05,2024-03-05 12:47:00,1251.94,1251.94,1251.92,1251.92,-0.0,75.49,91445.16,-1
2024-03-05,2024-03-05 12:48:00,1251.92,1251.92,1251.91,1251.91,-0.0,75.49,91445.16,-1
2024-03-05,2024-03-05 12:49:00,1251.91,1251.91,1251.9,1251.9,-0.0,75.49,91445.16,-1
2024-03-05,2024-03-05 12:50:00,1251.9,1251.9,1251.88,1251.88,-0.0,75.49,91445.16,-1
2024-03-05,2024-03-05 12:51:00,1251.88,1251.88,1251.87,1251.87,-0.0,75.49,91445.16,-1
2024-03-05,2024-03-05 12:52:00,1251.87,1251.87,1251.85,1251.85,-0.0,75.49,91445.16,-1
2024-03-05,2024-03-05 12:53:00,1251.85,1251.85,1251.84,1251.84,-0.0,75.49,91445.16,-1
2024-03-05,2024-03-05 12:54:00,1251.84,1251.84,1251.82,1251.82,-0.0,75.49,91445.16,-1
2024-03-05,2024-03-05 12:55:00,1251.82,1251.82,1251.81,1251.81,-0.0,75.49,91445.16,-1
2024-03-05,2024-03-05 12:56:00,1251.81,1251.81,1251.79,1251.79,-0.0,75.49,91445.16,-1
2024-03-05,2024-03-05 12:57:00,1251.79,1251.79,1251.78,1251.78,-0.0,75.49,91445.16,-1
2024-03-05,2024-03-05 12:58:00,1251.78,1251.78,1251.76,1251.76,-0.0,75.49,91445.16,-1
2024-03-05,2024-03-05 12:59:00,1251.76,1251.76,1251.75,1251.75,-0.0,75.49,91445.16,-1
2024-03-05,2024-03-05 13:00:00,1251.75,1360.0,1157.2,1251.74,-0.0,75.49,91445.16,-1
2024-03-05,2024-03-05 13:01:00,1251.74,1251.74,1251.72,1251.72,-0.0,75.49,91445.16,-1
2024-03-05,2024-03-05 13:02:00,1251.72,1251.72,1251.71,1251.71,-0.0,75.49,91445.16,-1
2024-03-05,2024-03-05 13:03:00,1251.71,1251.71,1251.69,1251.69,-0.0,75.49,91445.16,-1
2024-03-05,2024-03-05 13:04:00,1251.69,1251.69,1251.68,1251.68,-0.0,75.49,91445.16,-1
2024-03-05,2024-03-05 13:05:00,1251.68,1251.68,1251.66,1251.66,-0.0,75.49,91445.16,-1
2024-03-05,2024-03-05 13:06:00,1251.66,1251.66,1251.65,1251.65,-0.0,75.49,91445.16,-1
2024-03-05,2024-03-05 13:07:00,1251.65,1251.65,1251.63,1251.63,-0.0,75.49,91445.16,-1
2024-03-05,2024-03-05 13:08:00,1251.63,1251.63,1251.62,1251.62,-0.0,75.49,91445.16,-1
2024-03-05,2024-03-05 13:09:00,1251.62,1251.62,1251.6,1251.6,-0.0,75.49,91445.16,-1
2024-03-05,2024-03-05 13:10:00,1251.6,1251.6,1251.59,1251.59,-0.0,75.49,91445.16,-1
2024-03-05,2024-03-05 13:11:00,1251.59,1251.59,1251.58,1251.58,-0.0,75.49,91445.16,-1
2024-03-05,2024-03-05 13:12:00,1251.58,1251.58,1251.56,1251.56,-0.0,75.49,91445.16,-1
2024-03-05,2024-03-05 13:13:00,1251.56,1251.56,1251.55,1251.55,-0.0,75.49,91445.16,-1
2024-03-05,2024-03-05 13:14:00,1251.55,1251.55,1251.53,1251.53,-0.0,75.49,91445.16,-1
2024-03-05,2024-03-05 13:15:00,1251.53,1251.53,1251.52,1251.52,-0.0,75.49,91445.16,-1
2024-03-05,2024-03-05 13:16:00,1251.52,1251.52,1251.5,1251.5,-0.0,75.49,91445.16,-1
2024-03-05,2024-03-05 13:17:00,1251.5,1251.5,1251.49,1251.49,-0.0,75.49,91445.16,-1
2024-03-05,2024-03-05 13:18:00,1251.49,1251.49,1251.47,1251.47,-0.0,75.49,91445.16,-1
2024-03-05,2024-03-05 13:19:00,1251.47,1251.47,1251.46,1251.46,-0.0,75.49,91445.16,-1
2024-03-05,2024-03-05 13:20:00,1251.46,1251.46,1251.44,1251.44,-0.0,75.49,91445.16,-1
2024-03-05,2024-03-05 13:21:00,1251.44,1251.44,1251.43,1251.43,-0.0,75.49,91445.16,-1
2024-03-05,2024-03-05 13:22:00,1251.43,1251.43,1251.41,1251.41,-0.0,75.49,91445.16,-1
2024-03-05,2024-03-05 13:23:00,1251.41,1251.41,1251.4,1251.4,-0.0,75.49,91445.16,-1
2024-03-05,2024-03-05 13:24:00,1251.4,1251.4,1251.39,1251.39,-0.0,75.49,91445.16,-1
2024-03-05,2024-03-05 13:25:00,1251.39,1251.39,1251.37,1251.37,-0.0,75.49,91445.16,-1
2024-03-05,2024-03-05 13:26:00,1251.37,1251.37,1251.36,1251.36,-0.0,75.49,91445.16,-1
2024-03-05,2024-03-05 13:27:00,1251.36,1251.36,1251.34,1251.34,-0.0,75.49,91445.16,-1
2024-03-05,2024-03-05 13:28:00,1251.34,1251.34,1251.33,1251.33,-0.0,75.49,91445.16,-1
2024-03-05,2024-03-05 13:29:00,1251.33,1251.33,1251.31,1251.31,-0.0,75.49,91445.16,-1
2024-03-05,2024-03-05 13:30:00,1251.31,1251.31,1251.3,1251.3,-0.0,75.49,91445.16,-1
2024-03-05,2024-03-05 13:31:00,1251.3,1251.3,1251.28,1251.28,-0.0,75.49,91445.16,-1
2024-03-05,2024-03-05 13:32:00,1251.28,1251.28,1251.27,1251.27,-0.0,75.49,91445.16,-1
2024-03-05,2024-03-05 13:33:00,1251.27,1251.27,1251.25,1251.25,-0.0,75.49,91445.16,-1
2024-03-05,2024-03-05 13:34:00,1251.25,1251.25,1251.24,1251.24,-0.0,75.49,91445.16,-1
2024-03-05,2024-03-05 13:35:00,1251.24,1251.24,1251.22,1251.22,-0.0,75.49,91445.16,-1
2024-03-05,2024-03-05 13:36:00,1251.22,1251.22,1251.21,1251.21,-0.0,75.49,91445.16,-1
2024-03-05,2024-03-05 13:37:00,1251.21,1251.21,1251.2,1251.2,-0.0,75.49,91445.16,-1
2024-03-05,2024-03-05 13:38:00,1251.2,1251.2,1251.18,1251.18,-0.0,75.49,91445.16,-1
2024-03-05,2024-03-05 13:39:00,1251.18,1251.18,1251.17,1251.17,-0.0,75.49,91445.16,-1
2024-03-05,2024-03-05 13:40:00,1251.17,1251.17,1251.15,1251.15,-0.0,75.49,91445.16,-1
2024-03-05,2024-03-05 13:41:00,1251.15,1251.15,1251.14,1251.14,-0.0,75.49,91445.16,-1
2024-03-05,2024-03-05 13:42:00,1251.14,1251.14,1251.12,1251.12,-0.0,75.49,91445.16,-1
2024-03-05,2024-03-05 13:43:00,1251.12,1251.12,1251.11,1251.11,-0.0,75.49,91445.16,-1
2024-03-05,2024-03-05 13:44:00,1251.11,1251.11,1251.09,1251.09,-0.0,75.49,91445.16,-1
2024-03-05,2024-03-05 13:45:00,1251.09,1251.09,1251.08,1251.08,-0.0,75.49,91445.16,-1
2024-03-05,2024-03-05 13:46:00,1251.08,1251.08,1251.06,1251.06,-0.0,75.49,91445.16,-1
2024-03-05,2024-03-05 13:47:00,1251.06,1251.06,1251.05,1251.05,-0.0,75.49,91445.16,-1
2024-03-05,2024-03-05 13:48:00,1251.05,1251.05,1251.04,1251.04,-0.0,75.49,91445.16,-1
2024-03-05,2024-03-05 13:49:00,1251.04,1251.04,1251.02,1251.02,-0.0,75.49,91445.16,-1
2024-03-05,2024-03-05 13:50:00,1251.02,1251.02,1251.01,1251.01,-0.0,75.49,91445.16,-1
2024-03-05,2024-03-05 13:51:00,1251.01,1251.01,1250.99,1250.99,-0.0,75.49,91445.16,-1
2024-03-05,2024-03-05 13:52:00,1250.99,1250.99,1250.98,1250.98,-0.0,75.49,91445.16,-1
2024-03-05,2024-03-05 13:53:00,1250.98,1250.98,1250.96,1250.96,-0.0,75.49,91445.16,-1
2024-03-05,2024-03-05 13:54:00,1250.96,1250.96,1250.95,1250.95,-0.0,75.49,91445.16,-1
2024-03-05,2024-03-05 13:55:00,1250.95,1250.95,1250.93,1250.93,-0.0,75.49,91445.16,-1
2024-03-05,2024-03-05 13:56:00,1250.93,1250.93,1250.92,1250.92,-0.0,75.49,91445.16,-1
2024-03-05,2024-03-05 13:57:00,1250.92,1250.92,1250.9,1250.9,-0.0,75.49,91445.16,-1
2024-03-05,2024-03-05 13:58:00,1250.9,1250.9,1250.89,1250.89,-0.0,75.49,91445.16,-1
2024-03-05,2024-03-05 13:59:00,1250.89,1250.89,1250.88,1250.88,-0.0,75.49,91445.16,-1
2024-03-05,2024-03-05 14:00:00,1250.88,1250.88,1250.86,1250.86,-0.0,75.49,91445.16,-1
2024-03-05,2024-03-05 14:01:00,1250.86,1250.86,1250.85,1250.85,-0.0,75.49,91445.16,-1
2024-03-05,2024-03-05 14:02:00,1250.85,1250.85,1250.83,1250.83,-0.0,75.49,91445.16,-1
2024-03-05,2024-03-05 14:03:00,1250.83,1250.83,1250.82,1250.82,-0.0,75.49,91445.16,-1
2024-03-05,2024-03-05 14:04:00,1250.82,1250.82,1250.8,1250.8,-0.0,75.49,91445.16,-1
2024-03-05,2024-03-05 14:05:00,1250.8,1250.8,1250.79,1250.79,-0.0,75.49,91445.16,-1
2024-03-05,2024-03-05 14:06:00,1250.79,1250.79,1250.77,1250.77,-0.0,75.49,91445.16,-1
2024-03-05,2024-03-05 14:07:00,1250.77,1250.77,1250.76,1250.76,-0.0,75.49,91445.16,-1
2024-03-05,2024-03-05 14:08:00,1250.76,1250.76,1250.74,1250.74,-0.0,75.49,91445.16,-1
2024-03-05,2024-03-05 14:09:00,1250.74,1250.74,1250.73,1250.73,-0.0,75.49,91445.16,-1
2024-03-05,2024-03-05 14:10:00,1250.73,1250.73,1250.71,1250.71,-0.0,75.49,91445.16,-1
2024-03-05,2024-03-05 14:11:00,1250.71,1250.71,1250.7,1250.7,-0.0,75.49,91445.16,-1
2024-03-05,2024-03-05 14:12:00,1250.7,1250.7,1250.69,1250.69,-0.0,75.49,91445.16,-1
2024-03-05,2024-03-05 14:13:00,1250.69,1250.69,1250.67,1250.67,-0.0,75.49,91445.16,-1
2024-03-05,2024-03-05 14:14:00,1250.67,1250.67,1250.66,1250.66,-0.0,75.49,91445.16,-1
2024-03-05,2024-03-05 14:15:00,1250.66,1250.66,1250.64,1250.64,-0.0,75.49,91445.16,-1
2024-03-05,2024-03-05 14:16:00,1250.64,1250.64,1250.63,1250.63,-0.0,75.49,91445.16,-1
2024-03-05,2024-03-05 14:17:00,1250.63,1250.63,1250.61,1250.61,-0.0,75.49,91445.16,-1
2024-03-05,2024-03-05 14:18:00,1250.61,1250.61,1250.6,1250.6,-0.0,75.49,91445.16,-1
2024-03-05,2024-03-05 14:19:00,1250.6,1250.6,1250.58,1250.58,-0.0,75.49,91445.16,-1
2024-03-05,2024-03-05 14:20:00,1250.58,1250.58,1250.57,1250.57,-0.0,75.49,91445.16,-1
2024-03-05,2024-03-05 14:21:00,1250.57,1250.57,1250.55,1250.55,-0.0,75.49,91445.16,-1
2024-03-05,2024-03-05 14:22:00,1250.55,1250.55,1250.54,1250.54,-0.0,75.49,91445.16,-1
2024-03-05,2024-03-05 14:23:00,1250.54,1250.54,1250.53,1250.53,-0.0,75.49,91445.16,-1
2024-03-05,2024-03-05 14:24:00,1250.53,1250.53,1250.51,1250.51,-0.0,75.49,91445.16,-1
2024-03-05,2024-03-05 14:25:00,1250.51,1250.51,1250.5,1250.5,-0.0,75.49,91445.16,-1
2024-03-05,2024-03-05 14:26:00,1250.5,1250.5,1250.48,1250.48,-0.0,75.49,91445.16,-1
2024-03-05,2024-03-05 14:27:00,1250.48,1250.48,1250.47,1250.47,-0.0,75.49,91445.16,-1
2024-03-05,2024-03-05 14:28:00,1250.47,1250.47,1250.45,1250.45,-0.0,75.49,91445.16,-1
2024-03-05,2024-03-05 14:29:00,1250.45,1250.45,1250.44,1250.44,-0.0,75.49,91445.16,-1
2024-03-05,2024-03-05 14:30:00,1250.44,1250.44,1250.42,1250.42,-0.0,75.49,91445.16,-1
2024-03-05,2024-03-05 14:31:00,1250.42,1250.42,1250.41,1250.41,-0.0,75.49,91445.16,-1
2024-03-05,2024-03-05 14:32:00,1250.41,1250.41,1250.39,1250.39,-0.0,75.49,91445.16,-1
2024-03-05,2024-03-05 14:33:00,1250.39,1250.39,1250.38,1250.38,-0.0,75.49,91445.16,-1
2024-03-05,2024-03-05 14:34:00,1250.38,1250.38,1250.36,1250.36,-0.0,75.49,91445.16,-1
2024-03-05,2024-03-05 14:35:00,1250.36,1250.36,1250.35,1250.35,-0.0,75.49,91445.16,-1
2024-03-05,2024-03-05 14:36:00,1250.35,1250.35,1250.34,1250.34,-0.0,75.49,91445.16,-1
2024-03-05,2024-03-05 14:37:00,1250.34,1250.34,1250.32,1250.32,-0.0,75.49,91445.16,-1
2024-03-05,2024-03-05 14:38:00,1250.32,1250.32,1250.31,1250.31,-0.0,75.49,91445.16,-1
2024-03-05,2024-03-05 14:39:00,1250.31,1250.31,1250.29,1250.29,-0.0,75.49,91445.16,-1
2024-03-05,2024-03-05 14:40:00,1250.29,1250.29,1250.28,1250.28,-0.0,75.49,91445.16,-1
2024-03-05,2024-03-05 14:41:00,1250.28,1250.28,1250.26,1250.26,-0.0,75.49,91445.16,-1
2024-03-05,2024-03-05 14:42:00,1250.26,1250.26,1250.25,1250.25,-0.0,75.49,91445.16,-1
2024-03-05,2024-03-05 14:43:00,1250.25,1250.25,1250.23,1250.23,-0.0,75.49,91445.16,-1
2024-03-05,2024-03-05 14:44:00,1250.23,1250.23,1250.22,1250.22,-0.0,75.49,91445.16,-1
2024-03-05,2024-03-05 14:45:00,1250.22,1250.22,1250.2,1250.2,-0.0,75.49,91445.16,-1
2024-03-05,2024-03-05 14:46:00,1250.2,1250.2,1250.19,1250.19,-0.0,75.49,91445.16,-1
2024-03-05,2024-03-05 14:47:00,1250.19,1250.19,1250.17,1250.17,-0.0,75.49,91445.16,-1
2024-03-05,2024-03-05 14:48:00,1250.17,1250.17,1250.16,1250.16,-0.0,75.49,91445.16,-1
2024-03-05,2024-03-05 14:49:00,1250.16,1250.16,1250.15,1250.15,-0.0,75.49,91445.16,-1
2024-03-05,2024-03-05 14:50:00,1250.15,1250.15,1250.13,1250.13,-0.0,75.49,91445.16,-1
2024-03-05,2024-03-05 14:51:00,1250.13,1250.13,1250.12,1250.12,-0.0,75.49,91445.16,-1
2024-03-05,2024-03-05 14:52:00,1250.12,1250.12,1250.1,1250.1,-0.0,75.49,91445.16,-1
2024-03-05,2024-03-05 14:53:00,1250.1,1250.1,1250.09,1250.09,-0.0,75.49,91445.16,-1
2024-03-05,2024-03-05 14:54:00,1250.09,1250.09,1250.07,1250.07,-0.0,75.49,91445.16,-1
2024-03-05,2024-03-05 14:55:00,1250.07,1250.07,1250.06,1250.06,-0.0,75.49,91445.16,-1
2024-03-05,2024-03-05 14:56:00,1250.06,1250.06,1250.04,1250.04,-0.0,75.49,91445.16,-1
2024-03-05,2024-03-05 14:57:00,1250.04,1250.04,1250.03,1250.03,-0.0,75.49,91445.16,-1
2024-03-05,2024-03-05 14:58:00,1250.03,1250.03,1250.01,1250.01,-0.0,75.49,91445.16,-1
2024-03-05,2024-03-05 14:59:00,1250.01,1250.01,1250.0,1250.0,-0.0,75.49,91445.16,-1
2024-03-05,2024-03-05 15:00:00,1250.0,1360.0,1157.2,1250.0,0.0,75.49,91445.16,0
2024-03-06,2024-03-06 11:00:00,1225.0,1262.5,1206.13,1225.52,0.04,89.74,113132.18,1
2024-03-06,2024-03-06 11:01:00,1225.52,1226.04,1225.52,1226.04,0.04,89.74,113132.18,1
2024-03-06,2024-03-06 11:02:00,1226.04,1226.56,1226.04,1226.56,0.04,89.74,113132.18,1
2024-03-06,2024-03-06 11:03:00,1226.56,1227.08,1226.56,1227.08,0.04,89.74,113132.18,1
2024-03-06,2024-03-06 11:04:00,1227.08,1227.6,1227.08,1227.6,0.04,89.74,113132.18,1
2024-03-06,2024-03-06 11:05:00,1227.6,1228.12,1227.6,1228.12,0.04,89.74,113132.18,1
2024-03-06,2024-03-06 11:06:00,1228.12,1228.65,1228.12,1228.65,0.04,89.74,113132.18,1
2024-03-06,2024-03-06 11:07:00,1228.65,1229.17,1228.65,1229.17,0.04,89.74,113132.18,1
2024-03-06,2024-03-06 11:08:00,1229.17,1229.69,1229.17,1229.69,0.04,89.74,113132.18,1
2024-03-06,2024-03-06 11:09:00,1229.69,1230.21,1229.69,1230.21,0.04,89.74,113132.18,1
2024-03-06,2024-03-06 11:10:00,1230.21,1230.73,1230.21,1230.73,0.04,89.74,113132.18,1
2024-03-06,2024-03-06 11:11:00,1230.73,1231.25,1230.73,1231.25,0.04,89.74,113132.18,1
2024-03-06,2024-03-06 11:12:00,1231.25,1231.77,1231.25,1231.77,0.04,89.74,113132.18,1
2024-03-06,2024-03-06 11:13:00,1231.77,1232.29,1231.77,1232.29,0.04,89.74,113132.18,1
2024-03-06,2024-03-06 11:14:00,1232.29,1232.81,1232.29,1232.81,0.04,89.74,113132.18,1
2024-03-06,2024-03-06 11:15:00,1232.81,1233.33,1232.81,1233.33,0.04,89.74,113132.18,1
2024-03-06,2024-03-06 11:16:00,1233.33,1233.85,1233.33,1233.85,0.04,89.74,113132.18,1
2024-03-06,2024-03-06 11:17:00,1233.85,1234.38,1233.85,1234.38,0.04,89.74,113132.18,1
2024-03-06,2024-03-06 11:18:00,1234.38,1234.9,1234.38,1234.9,0.04,89.74,113132.18,1
2024-03-06,2024-03-06 11:19:00,1234.9,1235.42,1234.9,1235.42,0.04,89.74,113132.18,1
2024-03-06,2024-03-06 11:20:00,1235.42,1235.94,1235.42,1235.94,0.04,89.74,113132.18,1
2024-03-06,2024-03-06 11:21:00,1235.94,1236.46,1235.94,1236.46,0.04,89.74,113132.18,1
2024-03-06,2024-03-06 11:22:00,1236.46,1236.98,1236.46,1236.98,0.04,89.74,113132.18,1
2024-03-06,2024-03-06 11:23:00,1236.98,1237.5,1236.98,1237.5,0.04,89.74,113132.18,1
2024-03-06,2024-03-06 11:24:00,1237.5,1238.02,1237.5,1238.02,0.04,89.74,113132.18,1
2024-03-06,2024-03-06 11:25:00,1238.02,1238.54,1238.02,1238.54,0.04,89.74,113132.18,1
2024-03-06,2024-03-06 11:26:00,1238.54,1239.06,1238.54,1239.06,0.04,89.74,113132.18,1
2024-03-06,2024-03-06 11:27:00,1239.06,1239.58,1239.06,1239.58,0.04,89.74,113132.18,1
2024-03-06,2024-03-06 11:28:00,1239.58,1240.1,1239.58,1240.1,0.04,89.74,113132.18,1
2024-03-06,2024-03-06 11:29:00,1240.1,1240.62,1240.1,1240.62,0.04,89.74,113132.18,1
2024-03-06,2024-03-06 11:30:00,1240.62,1241.15,1240.62,1241.15,0.04,89.74,113132.18,1
2024-03-06,2024-03-06 11:31:00,1241.15,1241.67,1241.15,1241.67,0.04,89.74,113132.18,1
2024-03-06,2024-03-06 11:32:00,1241.67,1242.19,1241.67,1242.19,0.04,89.74,113132.18,1
2024-03-06,2024-03-06 11:33:00,1242.19,1242.71,1242.19,1242.71,0.04,89.74,113132.18,1
2024-03-06,2024-03-06 11:34:00,1242.71,1243.23,1242.71,1243.23,0.04,89.74,113132.18,1
2024-03-06,2024-03-06 11:35:00,1243.23,1243.75,1243.23,1243.75,0.04,89.74,113132.18,1
2024-03-06,2024-03-06 11:36:00,1243.75,1244.27,1243.75,1244.27,0.04,89.74,113132.18,1
2024-03-06,2024-03-06 11:37:00,1244.27,1244.79,1244.27,1244.79,0.04,89.74,113132.18,1
2024-03-06,2024-03-06 11:38:00,1244.79,1245.31,1244.79,1245.31,0.04,89.74,113132.18,1
2024-03-06,2024-03-06 11:39:00,1245.31,1245.83,1245.31,1245.83,0.04,89.74,113132.18,1
2024-03-06,2024-03-06 11:40:00,1245.83,1246.35,1245.83,1246.35,0.04,89.74,113132.18,1
2024-03-06,2024-03-06 11:41:00,1246.35,1246.88,1246.35,1246.88,0.04,89.74,113132.18,1
2024-03-06,2024-03-06 11:42:00,1246.88,1247.4,1246.88,1247.4,0.04,89.74,113132.18,1
2024-03-06,2024-03-06 11:43:00,1247.4,1247.92,1247.4,1247.92,0.04,89.74,113132.18,1
2024-03-06,2024-03-06 11:44:00,1247.92,1248.44,1247.92,1248.44,0.04,89.74,113132.18,1
2024-03-06,2024-03-06 11:45:00,1248.44,1248.96,1248.44,1248.96,0.04,89.74,113132.18,1
2024-03-06,2024-03-06 11:46:00,1248.96,1249.48,1248.96,1249.48,0.04,89.74,113132.18,1
2024-03-06,2024-03-06 11:47:00,1249.48,1250.0,1249.48,1250.0,0.04,89.74,113132.18,1
2024-03-06,2024-03-06 11:48:00,1250.0,1250.52,1250.0,1250.52,0.04,89.74,113132.18,1
2024-03-06,2024-03-06 11:49:00,1250.52,1251.04,1250.52,1251.04,0.04,89.74,113132.18,1
2024-03-06,2024-03-06 11:50:00,1251.04,1251.56,1251.04,1251.56,0.04,89.74,113132.18,1
2024-03-06,2024-03-06 11:51:00,1251.56,1252.08,1251.56,1252.08,0.04,89.74,113132.18,1
2024-03-06,2024-03-06 11:52:00,1252.08,1252.6,1252.08,1252.6,0.04,89.74,113132.18,1
2024-03-06,2024-03-06 11:53:00,1252.6,1253.12,1252.6,1253.12,0.04,89.74,113132.18,1
2024-03-06,2024-03-06 11:54:00,1253.12,1253.65,1253.12,1253.65,0.04,89.74,113132.18,1
2024-03-06,2024-03-06 11:55:00,1253.65,1254.17,1253.65,1254.17,0.04,89.74,113132.18,1
2024-03-06,2024-03-06 11:56:00,1254.17,1254.69,1254.17,1254.69,0.04,89.74,113132.18,1
2024-03-06,2024-03-06 11:57:00,1254.69,1255.21,1254.69,1255.21,0.04,89.74,113132.18,1
2024-03-06,2024-03-06 11:58:00,1255.21,1255.73,1255.21,1255.73,0.04,89.74,113132.18,1
2024-03-06,2024-03-06 11:59:00,1255.73,1256.25,1255.73,1256.25,0.04,89.74,113132.18,1
2024-03-06,2024-03-06 12:00:00,1256.25,1256.77,1256.25,1256.77,0.04,89.74,113132.18,1
2024-03-06,2024-03-06 12:01:00,1256.77,1257.29,1256.77,1257.29,0.04,89.74,113132.18,1
2024-03-06,2024-03-06 12:02:00,1257.29,1257.81,1257.29,1257.81,0.04,89.74,113132.18,1
2024-03-06,2024-03-06 12:03:00,1257.81,1258.33,1257.81,1258.33,0.04,89.74,113132.18,1
2024-03-06,2024-03-06 12:04:00,1258.33,1258.85,1258.33,1258.85,0.04,89.74,113132.18,1
2024-03-06,2024-03-06 12:05:00,1258.85,1259.38,1258.85,1259.38,0.04,89.74,113132.18,1
2024-03-06,2024-03-06 12:06:00,1259.38,1259.9,1259.38,1259.9,0.04,89.74,113132.18,1
2024-03-06,2024-03-06 12:07:00,1259.9,1260.42,1259.9,1260.42,0.04,89.74,113132.18,1
2024-03-06,2024-03-06 12:08:00,1260.42,1260.94,1260.42,1260.94,0.04,89.74,113132.18,1
2024-03-06,2024-03-06 12:09:00,1260.94,1261.46,1260.94,1261.46,0.04,89.74,113132.18,1
2024-03-06,2024-03-06 12:10:00,1261.46,1261.98,1261.46,1261.98,0.04,89.74,113132.18,1
2024-03-06,2024-03-06 12:11:00,1261.98,1262.5,1261.98,1262.5,0.04,89.74,113132.18,1
2024-03-06,2024-03-06 12:12:00,1262.5,1263.02,1262.5,1263.02,0.04,89.74,113132.18,1
2024-03-06,2024-03-06 12:13:00,1263.02,1263.54,1263.02,1263.54,0.04,89.74,113132.18,1
2024-03-06,2024-03-06 12:14:00,1263.54,1264.06,1263.54,1264.06,0.04,89.74,113132.18,1
2024-03-06,2024-03-06 12:15:00,1264.06,1264.58,1264.06,1264.58,0.04,89.74,113132.18,1
2024-03-06,2024-03-06 12:16:00,1264.58,1265.1,1264.58,1265.1,0.04,89.74,113132.18,1
2024-03-06,2024-03-06 12:17:00,1265.1,1265.62,1265.1,1265.62,0.04,89.74,113132.18,1
2024-03-06,2024-03-06 12:18:00,1265.62,1266.15,1265.62,1266.15,0.04,89.74,113132.18,1
2024-03-06,2024-03-06 12:19:00,1266.15,1266.67,1266.15,1266.67,0.04,89.74,113132.18,1
2024-03-06,2024-03-06 12:20:00,1266.67,1267.19,1266.67,1267.19,0.04,89.74,113132.18,1
2024-03-06,2024-03-06 12:21:00,1267.19,1267.71,1267.19,1267.71,0.04,89.74,113132.18,1
2024-03-06,2024-03-06 12:22:00,1267.71,1268.23,1267.71,1268.23,0.04,89.74,113132.18,1
2024-03-06,2024-03-06 12:23:00,1268.23,1268.75,1268.23,1268.75,0.04,89.74,113132.18,1
2024-03-06,2024-03-06 12:24:00,1268.75,1269.27,1268.75,1269.27,0.04,89.74,113132.18,1
2024-03-06,2024-03-06 12:25:00,1269.27,1269.79,1269.27,1269.79,0.04,89.74,113132.18,1
2024-03-06,2024-03-06 12:26:00,1269.79,1270.31,1269.79,1270.31,0.04,89.74,113132.18,1
2024-03-06,2024-03-06 12:27:00,1270.31,1270.83,1270.31,1270.83,0.04,89.74,113132.18,1
2024-03-06,2024-03-06 12:28:00,1270.83,1271.35,1270.83,1271.35,0.04,89.74,113132.18,1
2024-03-06,2024-03-06 12:29:00,1271.35,1271.88,1271.35,1271.88,0.04,89.74,113132.18,1
2024-03-06,2024-03-06 12:30:00,1271.88,1272.4,1271.88,1272.4,0.04,89.74,113132.18,1
2024-03-06,2024-03-06 12:31:00,1272.4,1272.92,1272.4,1272.92,0.04,89.74,113132.18,1
2024-03-06,2024-03-06 12:32:00,1272.92,1273.44,1272.92,1273.44,0.04,89.74,113132.18,1
2024-03-06,2024-03-06 12:33:00,1273.44,1273.96,1273.44,1273.96,0.04,89.74,113132.18,1
2024-03-06,2024-03-06 12:34:00,1273.96,1274.48,1273.96,1274.48,0.04,89.74,113132.18,1
2024-03-06,2024-03-06 12:35:00,1274.48,1275.0,1274.48,1275.0,0.04,89.74,113132.18,1
2024-03-06,2024-03-06 12:36:00,1275.0,1275.52,1275.0,1275.52,0.04,89.74,113132.18,1
2024-03-06,2024-03-06 12:37:00,1275.52,1276.04,1275.52,1276.04,0.04,89.74,113132.18,1
2024-03-06,2024-03-06 12:38:00,1276.04,1276.56,1276.04,1276.56,0.04,89.74,113132.18,1
2024-03-06,2024-03-06 12:39:00,1276.56,1277.08,1276.56,1277.08,0.04,89.74,113132.18,1
2024-03-06,2024-03-06 12:40:00,1277.08,1277.6,1277.08,1277.6,0.04,89.74,113132.18,1
2024-03-06,2024-03-06 12:41:00,1277.6,1278.12,1277.6,1278.12,0.04,89.74,113132.18,1
2024-03-06,2024-03-06 12:42:00,1278.12,1278.65,1278.12,1278.65,0.04,89.74,113132.18,1
2024-03-06,2024-03-06 12:43:00,1278.65,1279.17,1278.65,1279.17,0.04,89.74,113132.18,1
2024-03-06,2024-03-06 12:44:00,1279.17,1279.69,1279.17,1279.69,0.04,89.74,113132.18,1
2024-03-06,2024-03-06 12:45:00,1279.69,1280.21,1279.69,1280.21,0.04,89.74,113132.18,1
2024-03-06,2024-03-06 12:46:00,1280.21,1280.73,1280.21,1280.73,0.04,89.74,113132.18,1
2024-03-06,2024-03-06 12:47:00,1280.73,1281.25,1280.73,1281.25,0.04,89.74,113132.18,1
2024-03-06,2024-03-06 12:48:00,1281.25,1281.77,1281.25,1281.77,0.04,89.74,113132.18,1
2024-03-06,2024-03-06 12:49:00,1281.77,1282.29,1281.77,1282.29,0.04,89.74,113132.18,1
2024-03-06,2024-03-06 12:50:00,1282.29,1282.81,1282.29,1282.81,0.04,89.74,113132.18,1
2024-03-06,2024-03-06 12:51:00,1282.81,1283.33,1282.81,1283.33,0.04,89.74,113132.18,1
2024-03-06,2024-03-06 12:52:00,1283.33,1283.85,1283.33,1283.85,0.04,89.74,113132.18,1
2024-03-06,2024-03-06 12:53:00,1283.85,1284.38,1283.85,1284.38,0.04,89.74,113132.18,1
2024-03-06,2024-03-06 12:54:00,1284.38,1284.9,1284.38,1284.9,0.04,89.74,113132.18,1
2024-03-06,2024-03-06 12:55:00,1284.9,1285.42,1284.9,1285.42,0.04,89.74,113132.18,1
2024-03-06,2024-03-06 12:56:00,1285.42,1285.94,1285.42,1285.94,0.04,89.74,113132.18,1
2024-03-06,2024-03-06 12:57:00,1285.94,1286.46,1285.94,1286.46,0.04,89.74,113132.18,1
2024-03-06,2024-03-06 12:58:00,1286.46,1286.98,1286.46,1286.98,0.04,89.74,113132.18,1
2024-03-06,2024-03-06 12:59:00,1286.98,1287.5,1286.98,1287.5,0.04,89.74,113132.18,1
2024-03-06,2024-03-06 13:00:00,1287.5,1350.0,1162.1,1288.02,0.04,89.74,113132.18,1
2024-03-06,2024-03-06 13:01:00,1288.02,1288.54,1288.02,1288.54,0.04,89.74,113132.18,1
2024-03-06,2024-03-06 13:02:00,1288.54,1289.06,1288.54,1289.06,0.04,89.74,113132.18,1
2024-03-06,2024-03-06 13:03:00,1289.06,1289.58,1289.06,1289.58,0.04,89.74,113132.18,1
2024-03-06,2024-03-06 13:04:00,1289.58,1290.1,1289.58,1290.1,0.04,89.74,113132.18,1
2024-03-06,2024-03-06 13:05:00,1290.1,1290.62,1290.1,1290.62,0.04,89.74,113132.18,1
2024-03-06,2024-03-06 13:06:00,1290.62,1291.15,1290.62,1291.15,0.04,89.74,113132.18,1
2024-03-06,2024-03-06 13:07:00,1291.15,1291.67,1291.15,1291.67,0.04,89.74,113132.18,1
2024-03-06,2024-03-06 13:08:00,1291.67,1292.19,1291.67,1292.19,0.04,89.74,113132.18,1
2024-03-06,2024-03-06 13:09:00,1292.19,1292.71,1292.19,1292.71,0.04,89.74,113132.18,1
2024-03-06,2024-03-06 13:10:00,1292.71,1293.23,1292.71,1293.23,0.04,89.74,113132.18,1
2024-03-06,2024-03-06 13:11:00,1293.23,1293.75,1293.23,1293.75,0.04,89.74,113132.18,1
2024-03-06,2024-03-06 13:12:00,1293.75,1294.27,1293.75,1294.27,0.04,89.74,113132.18,1
2024-03-06,2024-03-06 13:13:00,1294.27,1294.79,1294.27,1294.79,0.04,89.74,113132.18,1
2024-03-06,2024-03-06 13:14:00,1294.79,1295.31,1294.79,1295.31,0.04,89.74,113132.18,1
2024-03-06,2024-03-06 13:15:00,1295.31,1295.83,1295.31,1295.83,0.04,89.74,113132.18,1
2024-03-06,2024-03-06 13:16:00,1295.83,1296.35,1295.83,1296.35,0.04,89.74,113132.18,1
2024-03-06,2024-03-06 13:17:00,1296.35,1296.88,1296.35,1296.88,0.04,89.74,113132.18,1
2024-03-06,2024-03-06 13:18:00,1296.88,1297.4,1296.88,1297.4,0.04,89.74,113132.18,1
2024-03-06,2024-03-06 13:19:00,1297.4,1297.92,1297.4,1297.92,0.04,89.74,113132.18,1
2024-03-06,2024-03-06 13:20:00,1297.92,1298.44,1297.92,1298.44,0.04,89.74,113132.18,1
2024-03-06,2024-03-06 13:21:00,1298.44,1298.96,1298.44,1298.96,0.04,89.74,113132.18,1
2024-03-06,2024-03-06 13:22:00,1298.96,1299.48,1298.96,1299.48,0.04,89.74,113132.18,1
2024-03-06,2024-03-06 13:23:00,1299.48,1300.0,1299.48,1300.0,0.04,89.74,113132.18,1
2024-03-06,2024-03-06 13:24:00,1300.0,1300.52,1300.0,1300.52,0.04,89.74,113132.18,1
2024-03-06,2024-03-06 13:25:00,1300.52,1301.04,1300.52,1301.04,0.04,89.74,113132.18,1
2024-03-06,2024-03-06 13:26:00,1301.04,1301.56,1301.04,1301.56,0.04,89.74,113132.18,1
2024-03-06,2024-03-06 13:27:00,1301.56,1302.08,1301.56,1302.08,0.04,89.74,113132.18,1
2024-03-06,2024-03-06 13:28:00,1302.08,1302.6,1302.08,1302.6,0.04,89.74,113132.18,1
2024-03-06,2024-03-06 13:29:00,1302.6,1303.12,1302.6,1303.12,0.04,89.74,113132.18,1
2024-03-06,2024-03-06 13:30:00,1303.12,1303.65,1303.12,1303.65,0.04,89.74,113132.18,1
2024-03-06,2024-03-06 13:31:00,1303.65,1304.17,1303.65,1304.17,0.04,89.74,113132.18,1
2024-03-06,2024-03-06 13:32:00,1304.17,1304.69,1304.17,1304.69,0.04,89.74,113132.18,1
2024-03-06,2024-03-06 13:33:00,1304.69,1305.21,1304.69,1305.21,0.04,89.74,113132.18,1
2024-03-06,2024-03-06 13:34:00,1305.21,1305.73,1305.21,1305.73,0.04,89.74,113132.18,1
2024-03-06,2024-03-06 13:35:00,1305.73,1306.25,1305.73,1306.25,0.04,89.74,113132.18,1
2024-03-06,2024-03-06 13:36:00,1306.25,1306.77,1306.25,1306.77,0.04,89.74,113132.18,1
2024-03-06,2024-03-06 13:37:00,1306.77,1307.29,1306.77,1307.29,0.04,89.74,113132.18,1
2024-03-06,2024-03-06 13:38:00,1307.29,1307.81,1307.29,1307.81,0.04,89.74,113132.18,1
2024-03-06,2024-03-06 13:39:00,1307.81,1308.33,1307.81,1308.33,0.04,89.74,113132.18,1
2024-03-06,2024-03-06 13:40:00,1308.33,1308.85,1308.33,1308.85,0.04,89.74,113132.18,1
2024-03-06,2024-03-06 13:41:00,1308.85,1309.38,1308.85,1309.38,0.04,89.74,113132.18,1
2024-03-06,2024-03-06 13:42:00,1309.38,1309.9,1309.38,1309.9,0.04,89.74,113132.18,1
2024-03-06,2024-03-06 13:43:00,1309.9,1310.42,1309.9,1310.42,0.04,89.74,113132.18,1
2024-03-06,2024-03-06 13:44:00,1310.42,1310.94,1310.42,1310.94,0.04,89.74,113132.18,1
2024-03-06,2024-03-06 13:45:00,1310.94,1311.46,1310.94,1311.46,0.04,89.74,113132.18,1
2024-03-06,2024-03-06 13:46:00,1311.46,1311.98,1311.46,1311.98,0.04,89.74,113132.18,1
2024-03-06,2024-03-06 13:47:00,1311.98,1312.5,1311.98,1312.5,0.04,89.74,113132.18,1
2024-03-06,2024-03-06 13:48:00,1312.5,1313.02,1312.5,1313.02,0.04,89.74,113132.18,1
2024-03-06,2024-03-06 13:49:00,1313.02,1313.54,1313.02,1313.54,0.04,89.74,113132.18,1
2024-03-06,2024-03-06 13:50:00,1313.54,1314.06,1313.54,1314.06,0.04,89.74,113132.18,1
2024-03-06,2024-03-06 13:51:00,1314.06,1314.58,1314.06,1314.58,0.04,89.74,113132.18,1
2024-03-06,2024-03-06 13:52:00,1314.58,1315.1,1314.58,1315.1,0.04,89.74,113132.18,1
2024-03-06,2024-03-06 13:53:00,1315.1,1315.62,1315.1,1315.62,0.04,89.74,113132.18,1
2024-03-06,2024-03-06 13:54:00,1315.62,1316.15,1315.62,1316.15,0.04,89.74,113132.18,1
2024-03-06,2024-03-06 13:55:00,1316.15,1316.67,1316.15,1316.67,0.04,89.74,113132.18,1
2024-03-06,2024-03-06 13:56:00,1316.67,1317.19,1316.67,1317.19,0.04,89.74,113132.18,1
2024-03-06,2024-03-06 13:57:00,1317.19,1317.71,1317.19,1317.71,0.04,89.74,113132.18,1
2024-03-06,2024-03-06 13:58:00,1317.71,1318.23,1317.71,1318.23,0.04,89.74,113132.18,1
2024-03-06,2024-03-06 13:59:00,1318.23,1318.75,1318.23,1318.75,0.04,89.74,113132.18,1
2024-03-06,2024-03-06 14:00:00,1318.75,1319.27,1318.75,1319.27,0.04,89.74,113132.18,1
2024-03-06,2024-03-06 14:01:00,1319.27,1319.79,1319.27,1319.79,0.04,89.74,113132.18,1
2024-03-06,2024-03-06 14:02:00,1319.79,1320.31,1319.79,1320.31,0.04,89.74,113132.18,1
2024-03-06,2024-03-06 14:03:00,1320.31,1320.83,1320.31,1320.83,0.04,89.74,113132.18,1
2024-03-06,2024-03-06 14:04:00,1320.83,1321.35,1320.83,1321.35,0.04,89.74,113132.18,1
2024-03-06,2024-03-06 14:05:00,1321.35,1321.88,1321.35,1321.88,0.04,89.74,113132.18,1
2024-03-06,2024-03-06 14:06:00,1321.88,1322.4,1321.88,1322.4,0.04,89.74,113132.18,1
2024-03-06,2024-03-06 14:07:00,1322.4,1322.92,1322.4,1322.92,0.04,89.74,113132.18,1
2024-03-06,2024-03-06 14:08:00,1322.92,1323.44,1322.92,1323.44,0.04,89.74,113132.18,1
2024-03-06,2024-03-06 14:09:00,1323.44,1323.96,1323.44,1323.96,0.04,89.74,113132.18,1
2024-03-06,2024-03-06 14:10:00,1323.96,1324.48,1323.96,1324.48,0.04,89.74,113132.18,1
2024-03-06,2024-03-06 14:11:00,1324.48,1325.0,1324.48,1325.0,0.04,89.74,113132.18,1
2024-03-06,2024-03-06 14:12:00,1325.0,1325.52,1325.0,1325.52,0.04,89.74,113132.18,1
2024-03-06,2024-03-06 14:13:00,1325.52,1326.04,1325.52,1326.04,0.04,89.74,113132.18,1
2024-03-06,2024-03-06 14:14:00,1326.04,1326.56,1326.04,1326.56,0.04,89.74,113132.18,1
2024-03-06,2024-03-06 14:15:00,1326.56,1327.08,1326.56,1327.08,0.04,89.74,113132.18,1
2024-03-06,2024-03-06 14:16:00,1327.08,1327.6,1327.08,1327.6,0.04,89.74,113132.18,1
2024-03-06,2024-03-06 14:17:00,1327.6,1328.12,1327.6,1328.12,0.04,89.74,113132.18,1
2024-03-06,2024-03-06 14:18:00,1328.12,1328.65,1328.12,1328.65,0.04,89.74,113132.18,1
2024-03-06,2024-03-06 14:19:00,1328.65,1329.17,1328.65,1329.17,0.04,89.74,113132.18,1
2024-03-06,2024-03-06 14:20:00,1329.17,1329.69,1329.17,1329.69,0.04,89.74,113132.18,1
2024-03-06,2024-03-06 14:21:00,1329.69,1330.21,1329.69,1330.21,0.04,89.74,113132.18,1
2024-03-06,2024-03-06 14:22:00,1330.21,1330.73,1330.21,1330.73,0.04,89.74,113132.18,1
2024-03-06,2024-03-06 14:23:00,1330.73,1331.25,1330.73,1331.25,0.04,89.74,113132.18,1
2024-03-06,2024-03-06 14:24:00,1331.25,1331.77,1331.25,1331.77,0.04,89.74,113132.18,1
2024-03-06,2024-03-06 14:25:00,1331.77,1332.29,1331.77,1332.29,0.04,89.74,113132.18,1
2024-03-06,2024-03-06 14:26:00,1332.29,1332.81,1332.29,1332.81,0.04,89.74,113132.18,1
2024-03-06,2024-03-06 14:27:00,1332.81,1333.33,1332.81,1333.33,0.04,89.74,113132.18,1
2024-03-06,2024-03-06 14:28:00,1333.33,1333.85,1333.33,1333.85,0.04,89.74,113132.18,1
2024-03-06,2024-03-06 14:29:00,1333.85,1334.38,1333.85,1334.38,0.04,89.74,113132.18,1
2024-03-06,2024-03-06 14:30:00,1334.38,1334.9,1334.38,1334.9,0.04,89.74,113132.18,1
2024-03-06,2024-03-06 14:31:00,1334.9,1335.42,1334.9,1335.42,0.04,89.74,113132.18,1
2024-03-06,2024-03-06 14:32:00,1335.42,1335.94,1335.42,1335.94,0.04,89.74,113132.18,1
2024-03-06,2024-03-06 14:33:00,1335.94,1336.46,1335.94,1336.46,0.04,89.74,113132.18,1
2024-03-06,2024-03-06 14:34:00,1336.46,1336.98,1336.46,1336.98,0.04,89.74,113132.18,1
2024-03-06,2024-03-06 14:35:00,1336.98,1337.5,1336.98,1337.5,0.04,89.74,113132.18,1
2024-03-06,2024-03-06 14:36:00,1337.5,1338.02,1337.5,1338.02,0.04,89.74,113132.18,1
2024-03-06,2024-03-06 14:37:00,1338.02,1338.54,1338.02,1338.54,0.04,89.74,113132.18,1
2024-03-06,2024-03-06 14:38:00,1338.54,1339.06,1338.54,1339.06,0.04,89.74,113132.18,1
2024-03-06,2024-03-06 14:39:00,1339.06,1339.58,1339.06,1339.58,0.04,89.74,113132.18,1
2024-03-06,2024-03-06 14:40:00,1339.58,1340.1,1339.58,1340.1,0.04,89.74,113132.18,1
2024-03-06,2024-03-06 14:41:00,1340.1,1340.62,1340.1,1340.62,0.04,89.74,113132.18,1
2024-03-06,2024-03-06 14:42:00,1340.62,1341.15,1340.62,1341.15,0.04,89.74,113132.18,1
2024-03-06,2024-03-06 14:43:00,1341.15,1341.67,1341.15,1341.67,0.04,89.74,113132.18,1
2024-03-06,2024-03-06 14:44:00,1341.67,1342.19,1341.67,1342.19,0.04,89.74,113132.18,1
2024-03-06,2024-03-06 14:45:00,1342.19,1342.71,1342.19,1342.71,0.04,89.74,113132.18,1
2024-03-06,2024-03-06 14:46:00,1342.71,1343.23,1342.71,1343.23,0.04,89.74,113132.18,1
2024-03-06,2024-03-06 14:47:00,1343.23,1343.75,1343.23,1343.75,0.04,89.74,113132.18,1
2024-03-06,2024-03-06 14:48:00,1343.75,1344.27,1343.75,1344.27,0.04,89.74,113132.18,1
2024-03-06,2024-03-06 14:49:00,1344.27,1344.79,1344.27,1344.79,0.04,89.74,113132.18,1
2024-03-06,2024-03-06 14:50:00,1344.79,1345.31,1344.79,1345.31,0.04,89.74,113132.18,1
2024-03-06,2024-03-06 14:51:00,1345.31,1345.83,1345.31,1345.83,0.04,89.74,113132.18,1
2024-03-06,2024-03-06 14:52:00,1345.83,1346.35,1345.83,1346.35,0.04,89.74,113132.18,1
2024-03-06,2024-03-06 14:53:00,1346.35,1346.88,1346.35,1346.88,0.04,89.74,113132.18,1
2024-03-06,2024-03-06 14:54:00,1346.88,1347.4,1346.88,1347.4,0.04,89.74,113132.18,1
2024-03-06,2024-03-06 14:55:00,1347.4,1347.92,1347.4,1347.92,0.04,89.74,113132.18,1
2024-03-06,2024-03-06 14:56:00,1347.92,1348.44,1347.92,1348.44,0.04,89.74,113132.18,1
2024-03-06,2024-03-06 14:57:00,1348.44,1348.96,1348.44,1348.96,0.04,89.74,113132.18,1
2024-03-06,2024-03-06 14:58:00,1348.96,1349.48,1348.96,1349.48,0.04,89.74,113132.18,1
2024-03-06,2024-03-06 14:59:00,1349.48,1350.0,1349.48,1350.0,0.04,89.74,113132.18,1
2024-03-06,2024-03-06 15:00:00,1350.0,1350.0,1162.1,1350.0,0.0,89.74,113132.18,0
2024-03-07,2024-03-07 11:00:00,1323.0,1355.1,1299.9,1323.08,0.01,61.97,83693.64,1
2024-03-07,2024-03-07 11:01:00,1323.08,1323.15,1323.08,1323.15,0.01,61.97,83693.64,1
2024-03-07,2024-03-07 11:02:00,1323.15,1323.22,1323.15,1323.22,0.01,61.97,83693.64,1
2024-03-07,2024-03-07 11:03:00,1323.22,1323.3,1323.22,1323.3,0.01,61.97,83693.64,1
2024-03-07,2024-03-07 11:04:00,1323.3,1323.38,1323.3,1323.38,0.01,61.97,83693.64,1
2024-03-07,2024-03-07 11:05:00,1323.38,1323.45,1323.38,1323.45,0.01,61.97,83693.64,1
2024-03-07,2024-03-07 11:06:00,1323.45,1323.53,1323.45,1323.53,0.01,61.97,83693.64,1
2024-03-07,2024-03-07 11:07:00,1323.53,1323.6,1323.53,1323.6,0.01,61.97,83693.64,1
2024-03-07,2024-03-07 11:08:00,1323.6,1323.67,1323.6,1323.67,0.01,61.97,83693.64,1
2024-03-07,2024-03-07 11:09:00,1323.67,1323.75,1323.67,1323.75,0.01,61.97,83693.64,1
2024-03-07,2024-03-07 11:10:00,1323.75,1323.83,1323.75,1323.83,0.01,61.97,83693.64,1
2024-03-07,2024-03-07 11:11:00,1323.83,1323.9,1323.83,1323.9,0.01,61.97,83693.64,1
2024-03-07,2024-03-07 11:12:00,1323.9,1323.97,1323.9,1323.97,0.01,61.97,83693.64,1
2024-03-07,2024-03-07 11:13:00,1323.97,1324.05,1323.97,1324.05,0.01,61.97,83693.64,1
2024-03-07,2024-03-07 11:14:00,1324.05,1324.12,1324.05,1324.12,0.01,61.97,83693.64,1
2024-03-07,2024-03-07 11:15:00,1324.12,1324.2,1324.12,1324.2,0.01,61.97,83693.64,1
2024-03-07,2024-03-07 11:16:00,1324.2,1324.28,1324.2,1324.28,0.01,61.97,83693.64,1
2024-03-07,2024-03-07 11:17:00,1324.28,1324.35,1324.28,1324.35,0.01,61.97,83693.64,1
2024-03-07,2024-03-07 11:18:00,1324.35,1324.42,1324.35,1324.42,0.01,61.97,83693.64,1
2024-03-07,2024-03-07 11:19:00,1324.42,1324.5,1324.42,1324.5,0.01,61.97,83693.64,1
2024-03-07,2024-03-07 11:20:00,1324.5,1324.58,1324.5,1324.58,0.01,61.97,83693.64,1
2024-03-07,2024-03-07 11:21:00,1324.58,1324.65,1324.58,1324.65,0.01,61.97,83693.64,1
2024-03-07,2024-03-07 11:22:00,1324.65,1324.72,1324.65,1324.72,0.01,61.97,83693.64,1
2024-03-07,2024-03-07 11:23:00,1324.72,1324.8,1324.72,1324.8,0.01,61.97,83693.64,1
2024-03-07,2024-03-07 11:24:00,1324.8,1324.88,1324.8,1324.88,0.01,61.97,83693.64,1
2024-03-07,2024-03-07 11:25:00,1324.88,1324.95,1324.88,1324.95,0.01,61.97,83693.64,1
2024-03-07,2024-03-07 11:26:00,1324.95,1325.03,1324.95,1325.03,0.01,61.97,83693.64,1
2024-03-07,2024-03-07 11:27:00,1325.03,1325.1,1325.03,1325.1,0.01,61.97,83693.64,1
2024-03-07,2024-03-07 11:28:00,1325.1,1325.17,1325.1,1325.17,0.01,61.97,83693.64,1
2024-03-07,2024-03-07 11:29:00,1325.17,1325.25,1325.17,1325.25,0.01,61.97,83693.64,1
2024-03-07,2024-03-07 11:30:00,1325.25,1325.33,1325.25,1325.33,0.01,61.97,83693.64,1
2024-03-07,2024-03-07 11:31:00,1325.33,1325.4,1325.33,1325.4,0.01,61.97,83693.64,1
2024-03-07,2024-03-07 11:32:00,1325.4,1325.47,1325.4,1325.47,0.01,61.97,83693.64,1
2024-03-07,2024-03-07 11:33:00,1325.47,1325.55,1325.47,1325.55,0.01,61.97,83693.64,1
2024-03-07,2024-03-07 11:34:00,1325.55,1325.62,1325.55,1325.62,0.01,61.97,83693.64,1
2024-03-07,2024-03-07 11:35:00,1325.62,1325.7,1325.62,1325.7,0.01,61.97,83693.64,1
2024-03-07,2024-03-07 11:36:00,1325.7,1325.78,1325.7,1325.78,0.01,61.97,83693.64,1
2024-03-07,2024-03-07 11:37:00,1325.78,1325.85,1325.78,1325.85,0.01,61.97,83693.64,1
2024-03-07,2024-03-07 11:38:00,1325.85,1325.92,1325.85,1325.92,0.01,61.97,83693.64,1
2024-03-07,2024-03-07 11:39:00,1325.92,1326.0,1325.92,1326.0,0.01,61.97,83693.64,1
2024-03-07,2024-03-07 11:40:00,1326.0,1326.08,1326.0,1326.08,0.01,61.97,83693.64,1
2024-03-07,2024-03-07 11:41:00,1326.08,1326.15,1326.08,1326.15,0.01,61.97,83693.64,1
2024-03-07,2024-03-07 11:42:00,1326.15,1326.22,1326.15,1326.22,0.01,61.97,83693.64,1
2024-03-07,2024-03-07 11:43:00,1326.22,1326.3,1326.22,1326.3,0.01,61.97,83693.64,1
2024-03-07,2024-03-07 11:44:00,1326.3,1326.38,1326.3,1326.38,0.01,61.97,83693.64,1
2024-03-07,2024-03-07 11:45:00,1326.38,1326.45,1326.38,1326.45,0.01,61.97,83693.64,1
2024-03-07,2024-03-07 11:46:00,1326.45,1326.53,1326.45,1326.53,0.01,61.97,83693.64,1
2024-03-07,2024-03-07 11:47:00,1326.53,1326.6,1326.53,1326.6,0.01,61.97,83693.64,1
2024-03-07,2024-03-07 11:48:00,1326.6,1326.67,1326.6,1326.67,0.01,61.97,83693.64,1
2024-03-07,2024-03-07 11:49:00,1326.67,1326.75,1326.67,1326.75,0.01,61.97,83693.64,1
2024-03-07,2024-03-07 11:50:00,1326.75,1326.83,1326.75,1326.83,0.01,61.97,83693.64,1
2024-03-07,2024-03-07 11:51:00,1326.83,1326.9,1326.83,1326.9,0.01,61.97,83693.64,1
2024-03-07,2024-03-07 11:52:00,1326.9,1326.97,1326.9,1326.97,0.01,61.97,83693.64,1
2024-03-07,2024-03-07 11:53:00,1326.97,1327.05,1326.97,1327.05,0.01,61.97,83693.64,1
2024-03-07,2024-03-07 11:54:00,1327.05,1327.12,1327.05,1327.12,0.01,61.97,83693.64,1
2024-03-07,2024-03-07 11:55:00,1327.12,1327.2,1327.12,1327.2,0.01,61.97,83693.64,1
2024-03-07,2024-03-07 11:56:00,1327.2,1327.28,1327.2,1327.28,0.01,61.97,83693.64,1
2024-03-07,2024-03-07 11:57:00,1327.28,1327.35,1327.28,1327.35,0.01,61.97,83693.64,1
2024-03-07,2024-03-07 11:58:00,1327.35,1327.42,1327.35,1327.42,0.01,61.97,83693.64,1
2024-03-07,2024-03-07 11:59:00,1327.42,1327.5,1327.42,1327.5,0.01,61.97,83693.64,1
2024-03-07,2024-03-07 12:00:00,1327.5,1327.58,1327.5,1327.58,0.01,61.97,83693.64,1
2024-03-07,2024-03-07 12:01:00,1327.58,1327.65,1327.58,1327.65,0.01,61.97,83693.64,1
2024-03-07,2024-03-07 12:02:00,1327.65,1327.72,1327.65,1327.72,0.01,61.97,83693.64,1
2024-03-07,2024-03-07 12:03:00,1327.72,1327.8,1327.72,1327.8,0.01,61.97,83693.64,1
2024-03-07,2024-03-07 12:04:00,1327.8,1327.88,1327.8,1327.88,0.01,61.97,83693.64,1
2024-03-07,2024-03-07 12:05:00,1327.88,1327.95,1327.88,1327.95,0.01,61.97,83693.64,1
2024-03-07,2024-03-07 12:06:00,1327.95,1328.03,1327.95,1328.03,0.01,61.97,83693.64,1
2024-03-07,2024-03-07 12:07:00,1328.03,1328.1,1328.03,1328.1,0.01,61.97,83693.64,1
2024-03-07,2024-03-07 12:08:00,1328.1,1328.17,1328.1,1328.17,0.01,61.97,83693.64,1
2024-03-07,2024-03-07 12:09:00,1328.17,1328.25,1328.17,1328.25,0.01,61.97,83693.64,1
2024-03-07,2024-03-07 12:10:00,1328.25,1328.33,1328.25,1328.33,0.01,61.97,83693.64,1
2024-03-07,2024-03-07 12:11:00,1328.33,1328.4,1328.33,1328.4,0.01,61.97,83693.64,1
2024-03-07,2024-03-07 12:12:00,1328.4,1328.47,1328.4,1328.47,0.01,61.97,83693.64,1
2024-03-07,2024-03-07 12:13:00,1328.47,1328.55,1328.47,1328.55,0.01,61.97,83693.64,1
2024-03-07,2024-03-07 12:14:00,1328.55,1328.62,1328.55,1328.62,0.01,61.97,83693.64,1
2024-03-07,2024-03-07 12:15:00,1328.62,1328.7,1328.62,1328.7,0.01,61.97,83693.64,1
2024-03-07,2024-03-07 12:16:00,1328.7,1328.78,1328.7,1328.78,0.01,61.97,83693.64,1
2024-03-07,2024-03-07 12:17:00,1328.78,1328.85,1328.78,1328.85,0.01,61.97,83693.64,1
2024-03-07,2024-03-07 12:18:00,1328.85,1328.92,1328.85,1328.92,0.01,61.97,83693.64,1
2024-03-07,2024-03-07 12:19:00,1328.92,1329.0,1328.92,1329.0,0.01,61.97,83693.64,1
2024-03-07,2024-03-07 12:20:00,1329.0,1329.08,1329.0,1329.08,0.01,61.97,83693.64,1
2024-03-07,2024-03-07 12:21:00,1329.08,1329.15,1329.08,1329.15,0.01,61.97,83693.64,1
2024-03-07,2024-03-07 12:22:00,1329.15,1329.22,1329.15,1329.22,0.01,61.97,83693.64,1
2024-03-07,2024-03-07 12:23:00,1329.22,1329.3,1329.22,1329.3,0.01,61.97,83693.64,1
2024-03-07,2024-03-07 12:24:00,1329.3,1329.38,1329.3,1329.38,0.01,61.97,83693.64,1
2024-03-07,2024-03-07 12:25:00,1329.38,1329.45,1329.38,1329.45,0.01,61.97,83693.64,1
2024-03-07,2024-03-07 12:26:00,1329.45,1329.53,1329.45,1329.53,0.01,61.97,83693.64,1
2024-03-07,2024-03-07 12:27:00,1329.53,1329.6,1329.53,1329.6,0.01,61.97,83693.64,1
2024-03-07,2024-03-07 12:28:00,1329.6,1329.67,1329.6,1329.67,0.01,61.97,83693.64,1
2024-03-07,2024-03-07 12:29:00,1329.67,1329.75,1329.67,1329.75,0.01,61.97,83693.64,1
2024-03-07,2024-03-07 12:30:00,1329.75,1329.83,1329.75,1329.83,0.01,61.97,83693.64,1
2024-03-07,2024-03-07 12:31:00,1329.83,1329.9,1329.83,1329.9,0.01,61.97,83693.64,1
2024-03-07,2024-03-07 12:32:00,1329.9,1329.97,1329.9,1329.97,0.01,61.97,83693.64,1
2024-03-07,2024-03-07 12:33:00,1329.97,1330.05,1329.97,1330.05,0.01,61.97,83693.64,1
2024-03-07,2024-03-07 12:34:00,1330.05,1330.12,1330.05,1330.12,0.01,61.97,83693.64,1
2024-03-07,2024-03-07 12:35:00,1330.12,1330.2,1330.12,1330.2,0.01,61.97,83693.64,1
2024-03-07,2024-03-07 12:36:00,1330.2,1330.28,1330.2,1330.28,0.01,61.97,83693.64,1
2024-03-07,2024-03-07 12:37:00,1330.28,1330.35,1330.28,1330.35,0.01,61.97,83693.64,1
2024-03-07,2024-03-07 12:38:00,1330.35,1330.42,1330.35,1330.42,0.01,61.97,83693.64,1
2024-03-07,2024-03-07 12:39:00,1330.42,1330.5,1330.42,1330.5,0.01,61.97,83693.64,1
2024-03-07,2024-03-07 12:40:00,1330.5,1330.58,1330.5,1330.58,0.01,61.97,83693.64,1
2024-03-07,2024-03-07 12:41:00,1330.58,1330.65,1330.58,1330.65,0.01,61.97,83693.64,1
2024-03-07,2024-03-07 12:42:00,1330.65,1330.72,1330.65,1330.72,0.01,61.97,83693.64,1
2024-03-07,2024-03-07 12:43:00,1330.72,1330.8,1330.72,1330.8,0.01,61.97,83693.64,1
2024-03-07,2024-03-07 12:44:00,1330.8,1330.88,1330.8,1330.88,0.01,61.97,83693.64,1
2024-03-07,2024-03-07 12:45:00,1330.88,1330.95,1330.88,1330.95,0.01,61.97,83693.64,1
2024-03-07,2024-03-07 12:46:00,1330.95,1331.03,1330.95,1331.03,0.01,61.97,83693.64,1
2024-03-07,2024-03-07 12:47:00,1331.03,1331.1,1331.03,1331.1,0.01,61.97,83693.64,1
2024-03-07,2024-03-07 12:48:00,1331.1,1331.17,1331.1,1331.17,0.01,61.97,83693.64,1
2024-03-07,2024-03-07 12:49:00,1331.17,1331.25,1331.17,1331.25,0.01,61.97,83693.64,1
2024-03-07,2024-03-07 12:50:00,1331.25,1331.33,1331.25,1331.33,0.01,61.97,83693.64,1
2024-03-07,2024-03-07 12:51:00,1331.33,1331.4,1331.33,1331.4,0.01,61.97,83693.64,1
2024-03-07,2024-03-07 12:52:00,1331.4,1331.47,1331.4,1331.47,0.01,61.97,83693.64,1
2024-03-07,2024-03-07 12:53:00,1331.47,1331.55,1331.47,1331.55,0.01,61.97,83693.64,1
2024-03-07,2024-03-07 12:54:00,1331.55,1331.62,1331.55,1331.62,0.01,61.97,83693.64,1
2024-03-07,2024-03-07 12:55:00,1331.62,1331.7,1331.62,1331.7,0.01,61.97,83693.64,1
2024-03-07,2024-03-07 12:56:00,1331.7,1331.78,1331.7,1331.78,0.01,61.97,83693.64,1
2024-03-07,2024-03-07 12:57:00,1331.78,1331.85,1331.78,1331.85,0.01,61.97,83693.64,1
2024-03-07,2024-03-07 12:58:00,1331.85,1331.92,1331.85,1331.92,0.01,61.97,83693.64,1
2024-03-07,2024-03-07 12:59:00,1331.92,1332.0,1331.92,1332.0,0.01,61.97,83693.64,1
2024-03-07,2024-03-07 13:00:00,1332.0,1430.0,1246.0,1332.08,0.01,61.97,83693.64,1
2024-03-07,2024-03-07 13:01:00,1332.08,1332.15,1332.08,1332.15,0.01,61.97,83693.64,1
2024-03-07,2024-03-07 13:02:00,1332.15,1332.22,1332.15,1332.22,0.01,61.97,83693.64,1
2024-03-07,2024-03-07 13:03:00,1332.22,1332.3,1332.22,1332.3,0.01,61.97,83693.64,1
2024-03-07,2024-03-07 13:04:00,1332.3,1332.38,1332.3,1332.38,0.01,61.97,83693.64,1
2024-03-07,2024-03-07 13:05:00,1332.38,1332.45,1332.38,1332.45,0.01,61.97,83693.64,1
2024-03-07,2024-03-07 13:06:00,1332.45,1332.53,1332.45,1332.53,0.01,61.97,83693.64,1
2024-03-07,2024-03-07 13:07:00,1332.53,1332.6,1332.53,1332.6,0.01,61.97,83693.64,1
2024-03-07,2024-03-07 13:08:00,1332.6,1332.67,1332.6,1332.67,0.01,61.97,83693.64,1
2024-03-07,2024-03-07 13:09:00,1332.67,1332.75,1332.67,1332.75,0.01,61.97,83693.64,1
2024-03-07,2024-03-07 13:10:00,1332.75,1332.83,1332.75,1332.83,0.01,61.97,83693.64,1
2024-03-07,2024-03-07 13:11:00,1332.83,1332.9,1332.83,1332.9,0.01,61.97,83693.64,1
2024-03-07,2024-03-07 13:12:00,1332.9,1332.97,1332.9,1332.97,0.01,61.97,83693.64,1
2024-03-07,2024-03-07 13:13:00,1332.97,1333.05,1332.97,1333.05,0.01,61.97,83693.64,1
2024-03-07,2024-03-07 13:14:00,1333.05,1333.12,1333.05,1333.12,0.01,61.97,83693.64,1
2024-03-07,2024-03-07 13:15:00,1333.12,1333.2,1333.12,1333.2,0.01,61.97,83693.64,1
2024-03-07,2024-03-07 13:16:00,1333.2,1333.28,1333.2,1333.28,0.01,61.97,83693.64,1
2024-03-07,2024-03-07 13:17:00,1333.28,1333.35,1333.28,1333.35,0.01,61.97,83693.64,1
2024-03-07,2024-03-07 13:18:00,1333.35,1333.42,1333.35,1333.42,0.01,61.97,83693.64,1
2024-03-07,2024-03-07 13:19:00,1333.42,1333.5,1333.42,1333.5,0.01,61.97,83693.64,1
2024-03-07,2024-03-07 13:20:00,1333.5,1333.58,1333.5,1333.58,0.01,61.97,83693.64,1
2024-03-07,2024-03-07 13:21:00,1333.58,1333.65,1333.58,1333.65,0.01,61.97,83693.64,1
2024-03-07,2024-03-07 13:22:00,1333.65,1333.72,1333.65,1333.72,0.01,61.97,83693.64,1
2024-03-07,2024-03-07 13:23:00,1333.72,1333.8,1333.72,1333.8,0.01,61.97,83693.64,1
2024-03-07,2024-03-07 13:24:00,1333.8,1333.88,1333.8,1333.88,0.01,61.97,83693.64,1
2024-03-07,2024-03-07 13:25:00,1333.88,1333.95,1333.88,1333.95,0.01,61.97,83693.64,1
2024-03-07,2024-03-07 13:26:00,1333.95,1334.03,1333.95,1334.03,0.01,61.97,83693.64,1
2024-03-07,2024-03-07 13:27:00,1334.03,1334.1,1334.03,1334.1,0.01,61.97,83693.64,1
2024-03-07,2024-03-07 13:28:00,1334.1,1334.17,1334.1,1334.17,0.01,61.97,83693.64,1
2024-03-07,2024-03-07 13:29:00,1334.17,1334.25,1334.17,1334.25,0.01,61.97,83693.64,1
2024-03-07,2024-03-07 13:30:00,1334.25,1334.33,1334.25,1334.33,0.01,61.97,83693.64,1
2024-03-07,2024-03-07 13:31:00,1334.33,1334.4,1334.33,1334.4,0.01,61.97,83693.64,1
2024-03-07,2024-03-07 13:32:00,1334.4,1334.47,1334.4,1334.47,0.01,61.97,83693.64,1
2024-03-07,2024-03-07 13:33:00,1334.47,1334.55,1334.47,1334.55,0.01,61.97,83693.64,1
2024-03-07,2024-03-07 13:34:00,1334.55,1334.62,1334.55,1334.62,0.01,61.97,83693.64,1
2024-03-07,2024-03-07 13:35:00,1334.62,1334.7,1334.62,1334.7,0.01,61.97,83693.64,1
2024-03-07,2024-03-07 13:36:00,1334.7,1334.78,1334.7,1334.78,0.01,61.97,83693.64,1
2024-03-07,2024-03-07 13:37:00,1334.78,1334.85,1334.78,1334.85,0.01,61.97,83693.64,1
2024-03-07,2024-03-07 13:38:00,1334.85,1334.92,1334.85,1334.92,0.01,61.97,83693.64,1
2024-03-07,2024-03-07 13:39:00,1334.92,1335.0,1334.92,1335.0,0.01,61.97,83693.64,1
2024-03-07,2024-03-07 13:40:00,1335.0,1335.08,1335.0,1335.08,0.01,61.97,83693.64,1
2024-03-07,2024-03-07 13:41:00,1335.08,1335.15,1335.08,1335.15,0.01,61.97,83693.64,1
2024-03-07,2024-03-07 13:42:00,1335.15,1335.22,1335.15,1335.22,0.01,61.97,83693.64,1
2024-03-07,2024-03-07 13:43:00,1335.22,1335.3,1335.22,1335.3,0.01,61.97,83693.64,1
2024-03-07,2024-03-07 13:44:00,1335.3,1335.38,1335.3,1335.38,0.01,61.97,83693.64,1
2024-03-07,2024-03-07 13:45:00,1335.38,1335.45,1335.38,1335.45,0.01,61.97,83693.64,1
2024-03-07,2024-03-07 13:46:00,1335.45,1335.53,1335.45,1335.53,0.01,61.97,83693.64,1
2024-03-07,2024-03-07 13:47:00,1335.53,1335.6,1335.53,1335.6,0.01,61.97,83693.64,1
2024-03-07,2024-03-07 13:48:00,1335.6,1335.67,1335.6,1335.67,0.01,61.97,83693.64,1
2024-03-07,2024-03-07 13:49:00,1335.67,1335.75,1335.67,1335.75,0.01,61.97,83693.64,1
2024-03-07,2024-03-07 13:50:00,1335.75,1335.83,1335.75,1335.83,0.01,61.97,83693.64,1
2024-03-07,2024-03-07 13:51:00,1335.83,1335.9,1335.83,1335.9,0.01,61.97,83693.64,1
2024-03-07,2024-03-07 13:52:00,1335.9,1335.97,1335.9,1335.97,0.01,61.97,83693.64,1
2024-03-07,2024-03-07 13:53:00,1335.97,1336.05,1335.97,1336.05,0.01,61.97,83693.64,1
2024-03-07,2024-03-07 13:54:00,1336.05,1336.12,1336.05,1336.12,0.01,61.97,83693.64,1
2024-03-07,2024-03-07 13:55:00,1336.12,1336.2,1336.12,1336.2,0.01,61.97,83693.64,1
2024-03-07,2024-03-07 13:56:00,1336.2,1336.28,1336.2,1336.28,0.01,61.97,83693.64,1
2024-03-07,2024-03-07 13:57:00,1336.28,1336.35,1336.28,1336.35,0.01,61.97,83693.64,1
2024-03-07,2024-03-07 13:58:00,1336.35,1336.42,1336.35,1336.42,0.01,61.97,83693.64,1
2024-03-07,2024-03-07 13:59:00,1336.42,1336.5,1336.42,1336.5,0.01,61.97,83693.64,1
2024-03-07,2024-03-07 14:00:00,1336.5,1336.58,1336.5,1336.58,0.01,61.97,83693.64,1
2024-03-07,2024-03-07 14:01:00,1336.58,1336.65,1336.58,1336.65,0.01,61.97,83693.64,1
2024-03-07,2024-03-07 14:02:00,1336.65,1336.72,1336.65,1336.72,0.01,61.97,83693.64,1
2024-03-07,2024-03-07 14:03:00,1336.72,1336.8,1336.72,1336.8,0.01,61.97,83693.64,1
2024-03-07,2024-03-07 14:04:00,1336.8,1336.88,1336.8,1336.88,0.01,61.97,83693.64,1
2024-03-07,2024-03-07 14:05:00,1336.88,1336.95,1336.88,1336.95,0.01,61.97,83693.64,1
2024-03-07,2024-03-07 14:06:00,1336.95,1337.03,1336.95,1337.03,0.01,61.97,83693.64,1
2024-03-07,2024-03-07 14:07:00,1337.03,1337.1,1337.03,1337.1,0.01,61.97,83693.64,1
2024-03-07,2024-03-07 14:08:00,1337.1,1337.17,1337.1,1337.17,0.01,61.97,83693.64,1
2024-03-07,2024-03-07 14:09:00,1337.17,1337.25,1337.17,1337.25,0.01,61.97,83693.64,1
2024-03-07,2024-03-07 14:10:00,1337.25,1337.33,1337.25,1337.33,0.01,61.97,83693.64,1
2024-03-07,2024-03-07 14:11:00,1337.33,1337.4,1337.33,1337.4,0.01,61.97,83693.64,1
2024-03-07,2024-03-07 14:12:00,1337.4,1337.47,1337.4,1337.47,0.01,61.97,83693.64,1
2024-03-07,2024-03-07 14:13:00,1337.47,1337.55,1337.47,1337.55,0.01,61.97,83693.64,1
2024-03-07,2024-03-07 14:14:00,1337.55,1337.62,1337.55,1337.62,0.01,61.97,83693.64,1
2024-03-07,2024-03-07 14:15:00,1337.62,1337.7,1337.62,1337.7,0.01,61.97,83693.64,1
2024-03-07,2024-03-07 14:16:00,1337.7,1337.78,1337.7,1337.78,0.01,61.97,83693.64,1
2024-03-07,2024-03-07 14:17:00,1337.78,1337.85,1337.78,1337.85,0.01,61.97,83693.64,1
2024-03-07,2024-03-07 14:18:00,1337.85,1337.92,1337.85,1337.92,0.01,61.97,83693.64,1
2024-03-07,2024-03-07 14:19:00,1337.92,1338.0,1337.92,1338.0,0.01,61.97,83693.64,1
2024-03-07,2024-03-07 14:20:00,1338.0,1338.08,1338.0,1338.08,0.01,61.97,83693.64,1
2024-03-07,2024-03-07 14:21:00,1338.08,1338.15,1338.08,1338.15,0.01,61.97,83693.64,1
2024-03-07,2024-03-07 14:22:00,1338.15,1338.22,1338.15,1338.22,0.01,61.97,83693.64,1
2024-03-07,2024-03-07 14:23:00,1338.22,1338.3,1338.22,1338.3,0.01,61.97,83693.64,1
2024-03-07,2024-03-07 14:24:00,1338.3,1338.38,1338.3,1338.38,0.01,61.97,83693.64,1
2024-03-07,2024-03-07 14:25:00,1338.38,1338.45,1338.38,1338.45,0.01,61.97,83693.64,1
2024-03-07,2024-03-07 14:26:00,1338.45,1338.53,1338.45,1338.53,0.01,61.97,83693.64,1
2024-03-07,2024-03-07 14:27:00,1338.53,1338.6,1338.53,1338.6,0.01,61.97,83693.64,1
2024-03-07,2024-03-07 14:28:00,1338.6,1338.67,1338.6,1338.67,0.01,61.97,83693.64,1
2024-03-07,2024-03-07 14:29:00,1338.67,1338.75,1338.67,1338.75,0.01,61.97,83693.64,1
2024-03-07,2024-03-07 14:30:00,1338.75,1338.83,1338.75,1338.83,0.01,61.97,83693.64,1
2024-03-07,2024-03-07 14:31:00,1338.83,1338.9,1338.83,1338.9,0.01,61.97,83693.64,1
2024-03-07,2024-03-07 14:32:00,1338.9,1338.97,1338.9,1338.97,0.01,61.97,83693.64,1
2024-03-07,2024-03-07 14:33:00,1338.97,1339.05,1338.97,1339.05,0.01,61.97,83693.64,1
2024-03-07,2024-03-07 14:34:00,1339.05,1339.12,1339.05,1339.12,0.01,61.97,83693.64,1
2024-03-07,2024-03-07 14:35:00,1339.12,1339.2,1339.12,1339.2,0.01,61.97,83693.64,1
2024-03-07,2024-03-07 14:36:00,1339.2,1339.28,1339.2,1339.28,0.01,61.97,83693.64,1
2024-03-07,2024-03-07 14:37:00,1339.28,1339.35,1339.28,1339.35,0.01,61.97,83693.64,1
2024-03-07,2024-03-07 14:38:00,1339.35,1339.42,1339.35,1339.42,0.01,61.97,83693.64,1
2024-03-07,2024-03-07 14:39:00,1339.42,1339.5,1339.42,1339.5,0.01,61.97,83693.64,1
2024-03-07,2024-03-07 14:40:00,1339.5,1339.58,1339.5,1339.58,0.01,61.97,83693.64,1
2024-03-07,2024-03-07 14:41:00,1339.58,1339.65,1339.58,1339.65,0.01,61.97,83693.64,1
2024-03-07,2024-03-07 14:42:00,1339.65,1339.72,1339.65,1339.72,0.01,61.97,83693.64,1
2024-03-07,2024-03-07 14:43:00,1339.72,1339.8,1339.72,1339.8,0.01,61.97,83693.64,1
2024-03-07,2024-03-07 14:44:00,1339.8,1339.88,1339.8,1339.88,0.01,61.97,83693.64,1
2024-03-07,2024-03-07 14:45:00,1339.88,1339.95,1339.88,1339.95,0.01,61.97,83693.64,1
2024-03-07,2024-03-07 14:46:00,1339.95,1340.03,1339.95,1340.03,0.01,61.97,83693.64,1
2024-03-07,2024-03-07 14:47:00,1340.03,1340.1,1340.03,1340.1,0.01,61.97,83693.64,1
2024-03-07,2024-03-07 14:48:00,1340.1,1340.17,1340.1,1340.17,0.01,61.97,83693.64,1
2024-03-07,2024-03-07 14:49:00,1340.17,1340.25,1340.17,1340.25,0.01,61.97,83693.64,1
2024-03-07,2024-03-07 14:50:00,1340.25,1340.33,1340.25,1340.33,0.01,61.97,83693.64,1
2024-03-07,2024-03-07 14:51:00,1340.33,1340.4,1340.33,1340.4,0.01,61.97,83693.64,1
2024-03-07,2024-03-07 14:52:00,1340.4,1340.47,1340.4,1340.47,0.01,61.97,83693.64,1
2024-03-07,2024-03-07 14:53:00,1340.47,1340.55,1340.47,1340.55,0.01,61.97,83693.64,1
2024-03-07,2024-03-07 14:54:00,1340.55,1340.62,1340.55,1340.62,0.01,61.97,83693.64,1
2024-03-07,2024-03-07 14:55:00,1340.62,1340.7,1340.62,1340.7,0.01,61.97,83693.64,1
2024-03-07,2024-03-07 14:56:00,1340.7,1340.78,1340.7,1340.78,0.01,61.97,83693.64,1
2024-03-07,2024-03-07 14:57:00,1340.78,1340.85,1340.78,1340.85,0.01,61.97,83693.64,1
2024-03-07,2024-03-07 14:58:00,1340.85,1340.92,1340.85,1340.92,0.01,61.97,83693.64,1
2024-03-07,2024-03-07 14:59:00,1340.92,1341.0,1340.92,1341.0,0.01,61.97,83693.64,1
2024-03-07,2024-03-07 15:00:00,1341.0,1430.0,1246.0,1341.0,0.0,61.97,83693.64,0
2024-03-10,2024-03-10 11:00:00,1314.2,1342.94,1306.64,1314.59,0.03,62.8,86950.28,1
2024-03-10,2024-03-10 11:01:00,1314.59,1314.97,1314.59,1314.97,0.03,62.8,86950.28,1
2024-03-10,2024-03-10 11:02:00,1314.97,1315.36,1314.97,1315.36,0.03,62.8,86950.28,1
2024-03-10,2024-03-10 11:03:00,1315.36,1315.75,1315.36,1315.75,0.03,62.8,86950.28,1
2024-03-10,2024-03-10 11:04:00,1315.75,1316.13,1315.75,1316.13,0.03,62.8,86950.28,1
2024-03-10,2024-03-10 11:05:00,1316.13,1316.52,1316.13,1316.52,0.03,62.8,86950.28,1
2024-03-10,2024-03-10 11:06:00,1316.52,1316.91,1316.52,1316.91,0.03,62.8,86950.28,1
2024-03-10,2024-03-10 11:07:00,1316.91,1317.29,1316.91,1317.29,0.03,62.8,86950.28,1
2024-03-10,2024-03-10 11:08:00,1317.29,1317.68,1317.29,1317.68,0.03,62.8,86950.28,1
2024-03-10,2024-03-10 11:09:00,1317.68,1318.07,1317.68,1318.07,0.03,62.8,86950.28,1
2024-03-10,2024-03-10 11:10:00,1318.07,1318.45,1318.07,1318.45,0.03,62.8,86950.28,1
2024-03-10,2024-03-10 11:11:00,1318.45,1318.84,1318.45,1318.84,0.03,62.8,86950.28,1
2024-03-10,2024-03-10 11:12:00,1318.84,1319.23,1318.84,1319.23,0.03,62.8,86950.28,1
2024-03-10,2024-03-10 11:13:00,1319.23,1319.61,1319.23,1319.61,0.03,62.8,86950.28,1
2024-03-10,2024-03-10 11:14:00,1319.61,1320.0,1319.61,1320.0,0.03,62.8,86950.28,1
2024-03-10,2024-03-10 11:15:00,1320.0,1320.39,1320.0,1320.39,0.03,62.8,86950.28,1
2024-03-10,2024-03-10 11:16:00,1320.39,1320.77,1320.39,1320.77,0.03,62.8,86950.28,1
2024-03-10,2024-03-10 11:17:00,1320.77,1321.16,1320.77,1321.16,0.03,62.8,86950.28,1
2024-03-10,2024-03-10 11:18:00,1321.16,1321.55,1321.16,1321.55,0.03,62.8,86950.28,1
2024-03-10,2024-03-10 11:19:00,1321.55,1321.93,1321.55,1321.93,0.03,62.8,86950.28,1
2024-03-10,2024-03-10 11:20:00,1321.93,1322.32,1321.93,1322.32,0.03,62.8,86950.28,1
2024-03-10,2024-03-10 11:21:00,1322.32,1322.71,1322.32,1322.71,0.03,62.8,86950.28,1
2024-03-10,2024-03-10 11:22:00,1322.71,1323.09,1322.71,1323.09,0.03,62.8,86950.28,1
2024-03-10,2024-03-10 11:23:00,1323.09,1323.48,1323.09,1323.48,0.03,62.8,86950.28,1
2024-03-10,2024-03-10 11:24:00,1323.48,1323.87,1323.48,1323.87,0.03,62.8,86950.28,1
2024-03-10,2024-03-10 11:25:00,1323.87,1324.25,1323.87,1324.25,0.03,62.8,86950.28,1
2024-03-10,2024-03-10 11:26:00,1324.25,1324.64,1324.25,1324.64,0.03,62.8,86950.28,1
2024-03-10,2024-03-10 11:27:00,1324.64,1325.03,1324.64,1325.03,0.03,62.8,86950.28,1
2024-03-10,2024-03-10 11:28:00,1325.03,1325.41,1325.03,1325.41,0.03,62.8,86950.28,1
2024-03-10,2024-03-10 11:29:00,1325.41,1325.8,1325.41,1325.8,0.03,62.8,86950.28,1
2024-03-10,2024-03-10 11:30:00,1325.8,1326.19,1325.8,1326.19,0.03,62.8,86950.28,1
2024-03-10,2024-03-10 11:31:00,1326.19,1326.57,1326.19,1326.57,0.03,62.8,86950.28,1
2024-03-10,2024-03-10 11:32:00,1326.57,1326.96,1326.57,1326.96,0.03,62.8,86950.28,1
2024-03-10,2024-03-10 11:33:00,1326.96,1327.35,1326.96,1327.35,0.03,62.8,86950.28,1
2024-03-10,2024-03-10 11:34:00,1327.35,1327.73,1327.35,1327.73,0.03,62.8,86950.28,1
2024-03-10,2024-03-10 11:35:00,1327.73,1328.12,1327.73,1328.12,0.03,62.8,86950.28,1
2024-03-10,2024-03-10 11:36:00,1328.12,1328.51,1328.12,1328.51,0.03,62.8,86950.28,1
2024-03-10,2024-03-10 11:37:00,1328.51,1328.89,1328.51,1328.89,0.03,62.8,86950.28,1
2024-03-10,2024-03-10 11:38:00,1328.89,1329.28,1328.89,1329.28,0.03,62.8,86950.28,1
2024-03-10,2024-03-10 11:39:00,1329.28,1329.67,1329.28,1329.67,0.03,62.8,86950.28,1
2024-03-10,2024-03-10 11:40:00,1329.67,1330.05,1329.67,1330.05,0.03,62.8,86950.28,1
2024-03-10,2024-03-10 11:41:00,1330.05,1330.44,1330.05,1330.44,0.03,62.8,86950.28,1
2024-03-10,2024-03-10 11:42:00,1330.44,1330.83,1330.44,1330.83,0.03,62.8,86950.28,1
2024-03-10,2024-03-10 11:43:00,1330.83,1331.21,1330.83,1331.21,0.03,62.8,86950.28,1
2024-03-10,2024-03-10 11:44:00,1331.21,1331.6,1331.21,1331.6,0.03,62.8,86950.28,1
2024-03-10,2024-03-10 11:45:00,1331.6,1331.99,1331.6,1331.99,0.03,62.8,86950.28,1
2024-03-10,2024-03-10 11:46:00,1331.99,1332.37,1331.99,1332.37,0.03,62.8,86950.28,1
2024-03-10,2024-03-10 11:47:00,1332.37,1332.76,1332.37,1332.76,0.03,62.8,86950.28,1
2024-03-10,2024-03-10 11:48:00,1332.76,1333.15,1332.76,1333.15,0.03,62.8,86950.28,1
2024-03-10,2024-03-10 11:49:00,1333.15,1333.53,1333.15,1333.53,0.03,62.8,86950.28,1
2024-03-10,2024-03-10 11:50:00,1333.53,1333.92,1333.53,1333.92,0.03,62.8,86950.28,1
2024-03-10,2024-03-10 11:51:00,1333.92,1334.31,1333.92,1334.31,0.03,62.8,86950.28,1
2024-03-10,2024-03-10 11:52:00,1334.31,1334.69,1334.31,1334.69,0.03,62.8,86950.28,1
2024-03-10,2024-03-10 11:53:00,1334.69,1335.08,1334.69,1335.08,0.03,62.8,86950.28,1
2024-03-10,2024-03-10 11:54:00,1335.08,1335.47,1335.08,1335.47,0.03,62.8,86950.28,1
2024-03-10,2024-03-10 11:55:00,1335.47,1335.85,1335.47,1335.85,0.03,62.8,86950.28,1
2024-03-10,2024-03-10 11:56:00,1335.85,1336.24,1335.85,1336.24,0.03,62.8,86950.28,1
2024-03-10,2024-03-10 11:57:00,1336.24,1336.63,1336.24,1336.63,0.03,62.8,86950.28,1
2024-03-10,2024-03-10 11:58:00,1336.63,1337.01,1336.63,1337.01,0.03,62.8,86950.28,1
2024-03-10,2024-03-10 11:59:00,1337.01,1337.4,1337.01,1337.4,0.03,62.8,86950.28,1
2024-03-10,2024-03-10 12:00:00,1337.4,1337.79,1337.4,1337.79,0.03,62.8,86950.28,1
2024-03-10,2024-03-10 12:01:00,1337.79,1338.17,1337.79,1338.17,0.03,62.8,86950.28,1
2024-03-10,2024-03-10 12:02:00,1338.17,1338.56,1338.17,1338.56,0.03,62.8,86950.28,1
2024-03-10,2024-03-10 12:03:00,1338.56,1338.95,1338.56,1338.95,0.03,62.8,86950.28,1
2024-03-10,2024-03-10 12:04:00,1338.95,1339.33,1338.95,1339.33,0.03,62.8,86950.28,1
2024-03-10,2024-03-10 12:05:00,1339.33,1339.72,1339.33,1339.72,0.03,62.8,86950.28,1
2024-03-10,2024-03-10 12:06:00,1339.72,1340.11,1339.72,1340.11,0.03,62.8,86950.28,1
2024-03-10,2024-03-10 12:07:00,1340.11,1340.49,1340.11,1340.49,0.03,62.8,86950.28,1
2024-03-10,2024-03-10 12:08:00,1340.49,1340.88,1340.49,1340.88,0.03,62.8,86950.28,1
2024-03-10,2024-03-10 12:09:00,1340.88,1341.27,1340.88,1341.27,0.03,62.8,86950.28,1
2024-03-10,2024-03-10 12:10:00,1341.27,1341.65,1341.27,1341.65,0.03,62.8,86950.28,1
2024-03-10,2024-03-10 12:11:00,1341.65,1342.04,1341.65,1342.04,0.03,62.8,86950.28,1
2024-03-10,2024-03-10 12:12:00,1342.04,1342.43,1342.04,1342.43,0.03,62.8,86950.28,1
2024-03-10,2024-03-10 12:13:00,1342.43,1342.81,1342.43,1342.81,0.03,62.8,86950.28,1
2024-03-10,2024-03-10 12:14:00,1342.81,1343.2,1342.81,1343.2,0.03,62.8,86950.28,1
2024-03-10,2024-03-10 12:15:00,1343.2,1343.59,1343.2,1343.59,0.03,62.8,86950.28,1
2024-03-10,2024-03-10 12:16:00,1343.59,1343.97,1343.59,1343.97,0.03,62.8,86950.28,1
2024-03-10,2024-03-10 12:17:00,1343.97,1344.36,1343.97,1344.36,0.03,62.8,86950.28,1
2024-03-10,2024-03-10 12:18:00,1344.36,1344.75,1344.36,1344.75,0.03,62.8,86950.28,1
2024-03-10,2024-03-10 12:19:00,1344.75,1345.13,1344.75,1345.13,0.03,62.8,86950.28,1
2024-03-10,2024-03-10 12:20:00,1345.13,1345.52,1345.13,1345.52,0.03,62.8,86950.28,1
2024-03-10,2024-03-10 12:21:00,1345.52,1345.91,1345.52,1345.91,0.03,62.8,86950.28,1
2024-03-10,2024-03-10 12:22:00,1345.91,1346.29,1345.91,1346.29,0.03,62.8,86950.28,1
2024-03-10,2024-03-10 12:23:00,1346.29,1346.68,1346.29,1346.68,0.03,62.8,86950.28,1
2024-03-10,2024-03-10 12:24:00,1346.68,1347.07,1346.68,1347.07,0.03,62.8,86950.28,1
2024-03-10,2024-03-10 12:25:00,1347.07,1347.45,1347.07,1347.45,0.03,62.8,86950.28,1
2024-03-10,2024-03-10 12:26:00,1347.45,1347.84,1347.45,1347.84,0.03,62.8,86950.28,1
2024-03-10,2024-03-10 12:27:00,1347.84,1348.23,1347.84,1348.23,0.03,62.8,86950.28,1
2024-03-10,2024-03-10 12:28:00,1348.23,1348.61,1348.23,1348.61,0.03,62.8,86950.28,1
2024-03-10,2024-03-10 12:29:00,1348.61,1349.0,1348.61,1349.0,0.03,62.8,86950.28,1
2024-03-10,2024-03-10 12:30:00,1349.0,1349.39,1349.0,1349.39,0.03,62.8,86950.28,1
2024-03-10,2024-03-10 12:31:00,1349.39,1349.77,1349.39,1349.77,0.03,62.8,86950.28,1
2024-03-10,2024-03-10 12:32:00,1349.77,1350.16,1349.77,1350.16,0.03,62.8,86950.28,1
2024-03-10,2024-03-10 12:33:00,1350.16,1350.55,1350.16,1350.55,0.03,62.8,86950.28,1
2024-03-10,2024-03-10 12:34:00,1350.55,1350.93,1350.55,1350.93,0.03,62.8,86950.28,1
2024-03-10,2024-03-10 12:35:00,1350.93,1351.32,1350.93,1351.32,0.03,62.8,86950.28,1
2024-03-10,2024-03-10 12:36:00,1351.32,1351.71,1351.32,1351.71,0.03,62.8,86950.28,1
2024-03-10,2024-03-10 12:37:00,1351.71,1352.09,1351.71,1352.09,0.03,62.8,86950.28,1
2024-03-10,2024-03-10 12:38:00,1352.09,1352.48,1352.09,1352.48,0.03,62.8,86950.28,1
2024-03-10,2024-03-10 12:39:00,1352.48,1352.87,1352.48,1352.87,0.03,62.8,86950.28,1
2024-03-10,2024-03-10 12:40:00,1352.87,1353.25,1352.87,1353.25,0.03,62.8,86950.28,1
2024-03-10,2024-03-10 12:41:00,1353.25,1353.64,1353.25,1353.64,0.03,62.8,86950.28,1
2024-03-10,2024-03-10 12:42:00,1353.64,1354.03,1353.64,1354.03,0.03,62.8,86950.28,1
2024-03-10,2024-03-10 12:43:00,1354.03,1354.41,1354.03,1354.41,0.03,62.8,86950.28,1
2024-03-10,2024-03-10 12:44:00,1354.41,1354.8,1354.41,1354.8,0.03,62.8,86950.28,1
2024-03-10,2024-03-10 12:45:00,1354.8,1355.19,1354.8,1355.19,0.03,62.8,86950.28,1
2024-03-10,2024-03-10 12:46:00,1355.19,1355.57,1355.19,1355.57,0.03,62.8,86950.28,1
2024-03-10,2024-03-10 12:47:00,1355.57,1355.96,1355.57,1355.96,0.03,62.8,86950.28,1
2024-03-10,2024-03-10 12:48:00,1355.96,1356.35,1355.96,1356.35,0.03,62.8,86950.28,1
2024-03-10,2024-03-10 12:49:00,1356.35,1356.73,1356.35,1356.73,0.03,62.8,86950.28,1
2024-03-10,2024-03-10 12:50:00,1356.73,1357.12,1356.73,1357.12,0.03,62.8,86950.28,1
2024-03-10,2024-03-10 12:51:00,1357.12,1357.51,1357.12,1357.51,0.03,62.8,86950.28,1
2024-03-10,2024-03-10 12:52:00,1357.51,1357.89,1357.51,1357.89,0.03,62.8,86950.28,1
2024-03-10,2024-03-10 12:53:00,1357.89,1358.28,1357.89,1358.28,0.03,62.8,86950.28,1
2024-03-10,2024-03-10 12:54:00,1358.28,1358.67,1358.28,1358.67,0.03,62.8,86950.28,1
2024-03-10,2024-03-10 12:55:00,1358.67,1359.05,1358.67,1359.05,0.03,62.8,86950.28,1
2024-03-10,2024-03-10 12:56:00,1359.05,1359.44,1359.05,1359.44,0.03,62.8,86950.28,1
2024-03-10,2024-03-10 12:57:00,1359.44,1359.83,1359.44,1359.83,0.03,62.8,86950.28,1
2024-03-10,2024-03-10 12:58:00,1359.83,1360.21,1359.83,1360.21,0.03,62.8,86950.28,1
2024-03-10,2024-03-10 12:59:00,1360.21,1360.6,1360.21,1360.6,0.03,62.8,86950.28,1
2024-03-10,2024-03-10 13:00:00,1360.6,1410.0,1289.0,1360.99,0.03,62.8,86950.28,1
2024-03-10,2024-03-10 13:01:00,1360.99,1361.37,1360.99,1361.37,0.03,62.8,86950.28,1
2024-03-10,2024-03-10 13:02:00,1361.37,1361.76,1361.37,1361.76,0.03,62.8,86950.28,1
2024-03-10,2024-03-10 13:03:00,1361.76,1362.15,1361.76,1362.15,0.03,62.8,86950.28,1
2024-03-10,2024-03-10 13:04:00,1362.15,1362.53,1362.15,1362.53,0.03,62.8,86950.28,1
2024-03-10,2024-03-10 13:05:00,1362.53,1362.92,1362.53,1362.92,0.03,62.8,86950.28,1
2024-03-10,2024-03-10 13:06:00,1362.92,1363.31,1362.92,1363.31,0.03,62.8,86950.28,1
2024-03-10,2024-03-10 13:07:00,1363.31,1363.69,1363.31,1363.69,0.03,62.8,86950.28,1
2024-03-10,2024-03-10 13:08:00,1363.69,1364.08,1363.69,1364.08,0.03,62.8,86950.28,1
2024-03-10,2024-03-10 13:09:00,1364.08,1364.47,1364.08,1364.47,0.03,62.8,86950.28,1
2024-03-10,2024-03-10 13:10:00,1364.47,1364.85,1364.47,1364.85,0.03,62.8,86950.28,1
2024-03-10,2024-03-10 13:11:00,1364.85,1365.24,1364.85,1365.24,0.03,62.8,86950.28,1
2024-03-10,2024-03-10 13:12:00,1365.24,1365.63,1365.24,1365.63,0.03,62.8,86950.28,1
2024-03-10,2024-03-10 13:13:00,1365.63,1366.01,1365.63,1366.01,0.03,62.8,86950.28,1
2024-03-10,2024-03-10 13:14:00,1366.01,1366.4,1366.01,1366.4,0.03,62.8,86950.28,1
2024-03-10,2024-03-10 13:15:00,1366.4,1366.79,1366.4,1366.79,0.03,62.8,86950.28,1
2024-03-10,2024-03-10 13:16:00,1366.79,1367.17,1366.79,1367.17,0.03,62.8,86950.28,1
2024-03-10,2024-03-10 13:17:00,1367.17,1367.56,1367.17,1367.56,0.03,62.8,86950.28,1
2024-03-10,2024-03-10 13:18:00,1367.56,1367.95,1367.56,1367.95,0.03,62.8,86950.28,1
2024-03-10,2024-03-10 13:19:00,1367.95,1368.33,1367.95,1368.33,0.03,62.8,86950.28,1
2024-03-10,2024-03-10 13:20:00,1368.33,1368.72,1368.33,1368.72,0.03,62.8,86950.28,1
2024-03-10,2024-03-10 13:21:00,1368.72,1369.11,1368.72,1369.11,0.03,62.8,86950.28,1
2024-03-10,2024-03-10 13:22:00,1369.11,1369.49,1369.11,1369.49,0.03,62.8,86950.28,1
2024-03-10,2024-03-10 13:23:00,1369.49,1369.88,1369.49,1369.88,0.03,62.8,86950.28,1
2024-03-10,2024-03-10 13:24:00,1369.88,1370.27,1369.88,1370.27,0.03,62.8,86950.28,1
2024-03-10,2024-03-10 13:25:00,1370.27,1370.65,1370.27,1370.65,0.03,62.8,86950.28,1
2024-03-10,2024-03-10 13:26:00,1370.65,1371.04,1370.65,1371.04,0.03,62.8,86950.28,1
2024-03-10,2024-03-10 13:27:00,1371.04,1371.43,1371.04,1371.43,0.03,62.8,86950.28,1
2024-03-10,2024-03-10 13:28:00,1371.43,1371.81,1371.43,1371.81,0.03,62.8,86950.28,1
2024-03-10,2024-03-10 13:29:00,1371.81,1372.2,1371.81,1372.2,0.03,62.8,86950.28,1
2024-03-10,2024-03-10 13:30:00,1372.2,1372.59,1372.2,1372.59,0.03,62.8,86950.28,1
2024-03-10,2024-03-10 13:31:00,1372.59,1372.97,1372.59,1372.97,0.03,62.8,86950.28,1
2024-03-10,2024-03-10 13:32:00,1372.97,1373.36,1372.97,1373.36,0.03,62.8,86950.28,1
2024-03-10,2024-03-10 13:33:00,1373.36,1373.75,1373.36,1373.75,0.03,62.8,86950.28,1
2024-03-10,2024-03-10 13:34:00,1373.75,1374.13,1373.75,1374.13,0.03,62.8,86950.28,1
2024-03-10,2024-03-10 13:35:00,1374.13,1374.52,1374.13,1374.52,0.03,62.8,86950.28,1
2024-03-10,2024-03-10 13:36:00,1374.52,1374.91,1374.52,1374.91,0.03,62.8,86950.28,1
2024-03-10,2024-03-10 13:37:00,1374.91,1375.29,1374.91,1375.29,0.03,62.8,86950.28,1
2024-03-10,2024-03-10 13:38:00,1375.29,1375.68,1375.29,1375.68,0.03,62.8,86950.28,1
2024-03-10,2024-03-10 13:39:00,1375.68,1376.07,1375.68,1376.07,0.03,62.8,86950.28,1
2024-03-10,2024-03-10 13:40:00,1376.07,1376.45,1376.07,1376.45,0.03,62.8,86950.28,1
2024-03-10,2024-03-10 13:41:00,1376.45,1376.84,1376.45,1376.84,0.03,62.8,86950.28,1
2024-03-10,2024-03-10 13:42:00,1376.84,1377.23,1376.84,1377.23,0.03,62.8,86950.28,1
2024-03-10,2024-03-10 13:43:00,1377.23,1377.61,1377.23,1377.61,0.03,62.8,86950.28,1
2024-03-10,2024-03-10 13:44:00,1377.61,1378.0,1377.61,1378.0,0.03,62.8,86950.28,1
2024-03-10,2024-03-10 13:45:00,1378.0,1378.39,1378.0,1378.39,0.03,62.8,86950.28,1
2024-03-10,2024-03-10 13:46:00,1378.39,1378.77,1378.39,1378.77,0.03,62.8,86950.28,1
2024-03-10,2024-03-10 13:47:00,1378.77,1379.16,1378.77,1379.16,0.03,62.8,86950.28,1
2024-03-10,2024-03-10 13:48:00,1379.16,1379.55,1379.16,1379.55,0.03,62.8,86950.28,1
2024-03-10,2024-03-10 13:49:00,1379.55,1379.93,1379.55,1379.93,0.03,62.8,86950.28,1
2024-03-10,2024-03-10 13:50:00,1379.93,1380.32,1379.93,1380.32,0.03,62.8,86950.28,1
2024-03-10,2024-03-10 13:51:00,1380.32,1380.71,1380.32,1380.71,0.03,62.8,86950.28,1
2024-03-10,2024-03-10 13:52:00,1380.71,1381.09,1380.71,1381.09,0.03,62.8,86950.28,1
2024-03-10,2024-03-10 13:53:00,1381.09,1381.48,1381.09,1381.48,0.03,62.8,86950.28,1
2024-03-10,2024-03-10 13:54:00,1381.48,1381.87,1381.48,1381.87,0.03,62.8,86950.28,1
2024-03-10,2024-03-10 13:55:00,1381.87,1382.25,1381.87,1382.25,0.03,62.8,86950.28,1
2024-03-10,2024-03-10 13:56:00,1382.25,1382.64,1382.25,1382.64,0.03,62.8,86950.28,1
2024-03-10,2024-03-10 13:57:00,1382.64,1383.03,1382.64,1383.03,0.03,62.8,86950.28,1
2024-03-10,2024-03-10 13:58:00,1383.03,1383.41,1383.03,1383.41,0.03,62.8,86950.28,1
2024-03-10,2024-03-10 13:59:00,1383.41,1383.8,1383.41,1383.8,0.03,62.8,86950.28,1
2024-03-10,2024-03-10 14:00:00,1383.8,1384.19,1383.8,1384.19,0.03,62.8,86950.28,1
2024-03-10,2024-03-10 14:01:00,1384.19,1384.57,1384.19,1384.57,0.03,62.8,86950.28,1
2024-03-10,2024-03-10 14:02:00,1384.57,1384.96,1384.57,1384.96,0.03,62.8,86950.28,1
2024-03-10,2024-03-10 14:03:00,1384.96,1385.35,1384.96,1385.35,0.03,62.8,86950.28,1
2024-03-10,2024-03-10 14:04:00,1385.35,1385.73,1385.35,1385.73,0.03,62.8,86950.28,1
2024-03-10,2024-03-10 14:05:00,1385.73,1386.12,1385.73,1386.12,0.03,62.8,86950.28,1
2024-03-10,2024-03-10 14:06:00,1386.12,1386.51,1386.12,1386.51,0.03,62.8,86950.28,1
2024-03-10,2024-03-10 14:07:00,1386.51,1386.89,1386.51,1386.89,0.03,62.8,86950.28,1
2024-03-10,2024-03-10 14:08:00,1386.89,1387.28,1386.89,1387.28,0.03,62.8,86950.28,1
2024-03-10,2024-03-10 14:09:00,1387.28,1387.67,1387.28,1387.67,0.03,62.8,86950.28,1
2024-03-10,2024-03-10 14:10:00,1387.67,1388.05,1387.67,1388.05,0.03,62.8,86950.28,1
2024-03-10,2024-03-10 14:11:00,1388.05,1388.44,1388.05,1388.44,0.03,62.8,86950.28,1
2024-03-10,2024-03-10 14:12:00,1388.44,1388.83,1388.44,1388.83,0.03,62.8,86950.28,1
2024-03-10,2024-03-10 14:13:00,1388.83,1389.21,1388.83,1389.21,0.03,62.8,86950.28,1
2024-03-10,2024-03-10 14:14:00,1389.21,1389.6,1389.21,1389.6,0.03,62.8,86950.28,1
2024-03-10,2024-03-10 14:15:00,1389.6,1389.99,1389.6,1389.99,0.03,62.8,86950.28,1
2024-03-10,2024-03-10 14:16:00,1389.99,1390.37,1389.99,1390.37,0.03,62.8,86950.28,1
2024-03-10,2024-03-10 14:17:00,1390.37,1390.76,1390.37,1390.76,0.03,62.8,86950.28,1
2024-03-10,2024-03-10 14:18:00,1390.76,1391.15,1390.76,1391.15,0.03,62.8,86950.28,1
2024-03-10,2024-03-10 14:19:00,1391.15,1391.53,1391.15,1391.53,0.03,62.8,86950.28,1
2024-03-10,2024-03-10 14:20:00,1391.53,1391.92,1391.53,1391.92,0.03,62.8,86950.28,1
2024-03-10,2024-03-10 14:21:00,1391.92,1392.31,1391.92,1392.31,0.03,62.8,86950.28,1
2024-03-10,2024-03-10 14:22:00,1392.31,1392.69,1392.31,1392.69,0.03,62.8,86950.28,1
2024-03-10,2024-03-10 14:23:00,1392.69,1393.08,1392.69,1393.08,0.03,62.8,86950.28,1
2024-03-10,2024-03-10 14:24:00,1393.08,1393.47,1393.08,1393.47,0.03,62.8,86950.28,1
2024-03-10,2024-03-10 14:25:00,1393.47,1393.85,1393.47,1393.85,0.03,62.8,86950.28,1
2024-03-10,2024-03-10 14:26:00,1393.85,1394.24,1393.85,1394.24,0.03,62.8,86950.28,1
2024-03-10,2024-03-10 14:27:00,1394.24,1394.63,1394.24,1394.63,0.03,62.8,86950.28,1
2024-03-10,2024-03-10 14:28:00,1394.63,1395.01,1394.63,1395.01,0.03,62.8,86950.28,1
2024-03-10,2024-03-10 14:29:00,1395.01,1395.4,1395.01,1395.4,0.03,62.8,86950.28,1
2024-03-10,2024-03-10 14:30:00,1395.4,1395.79,1395.4,1395.79,0.03,62.8,86950.28,1
2024-03-10,2024-03-10 14:31:00,1395.79,1396.17,1395.79,1396.17,0.03,62.8,86950.28,1
2024-03-10,2024-03-10 14:32:00,1396.17,1396.56,1396.17,1396.56,0.03,62.8,86950.28,1
2024-03-10,2024-03-10 14:33:00,1396.56,1396.95,1396.56,1396.95,0.03,62.8,86950.28,1
2024-03-10,2024-03-10 14:34:00,1396.95,1397.33,1396.95,1397.33,0.03,62.8,86950.28,1
2024-03-10,2024-03-10 14:35:00,1397.33,1397.72,1397.33,1397.72,0.03,62.8,86950.28,1
2024-03-10,2024-03-10 14:36:00,1397.72,1398.11,1397.72,1398.11,0.03,62.8,86950.28,1
2024-03-10,2024-03-10 14:37:00,1398.11,1398.49,1398.11,1398.49,0.03,62.8,86950.28,1
2024-03-10,2024-03-10 14:38:00,1398.49,1398.88,1398.49,1398.88,0.03,62.8,86950.28,1
2024-03-10,2024-03-10 14:39:00,1398.88,1399.27,1398.88,1399.27,0.03,62.8,86950.28,1
2024-03-10,2024-03-10 14:40:00,1399.27,1399.65,1399.27,1399.65,0.03,62.8,86950.28,1
2024-03-10,2024-03-10 14:41:00,1399.65,1400.04,1399.65,1400.04,0.03,62.8,86950.28,1
2024-03-10,2024-03-10 14:42:00,1400.04,1400.43,1400.04,1400.43,0.03,62.8,86950.28,1
2024-03-10,2024-03-10 14:43:00,1400.43,1400.81,1400.43,1400.81,0.03,62.8,86950.28,1
2024-03-10,2024-03-10 14:44:00,1400.81,1401.2,1400.81,1401.2,0.03,62.8,86950.28,1
2024-03-10,2024-03-10 14:45:00,1401.2,1401.59,1401.2,1401.59,0.03,62.8,86950.28,1
2024-03-10,2024-03-10 14:46:00,1401.59,1401.97,1401.59,1401.97,0.03,62.8,86950.28,1
2024-03-10,2024-03-10 14:47:00,1401.97,1402.36,1401.97,1402.36,0.03,62.8,86950.28,1
2024-03-10,2024-03-10 14:48:00,1402.36,1402.75,1402.36,1402.75,0.03,62.8,86950.28,1
2024-03-10,2024-03-10 14:49:00,1402.75,1403.13,1402.75,1403.13,0.03,62.8,86950.28,1
2024-03-10,2024-03-10 14:50:00,1403.13,1403.52,1403.13,1403.52,0.03,62.8,86950.28,1
2024-03-10,2024-03-10 14:51:00,1403.52,1403.91,1403.52,1403.91,0.03,62.8,86950.28,1
2024-03-10,2024-03-10 14:52:00,1403.91,1404.29,1403.91,1404.29,0.03,62.8,86950.28,1
2024-03-10,2024-03-10 14:53:00,1404.29,1404.68,1404.29,1404.68,0.03,62.8,86950.28,1
2024-03-10,2024-03-10 14:54:00,1404.68,1405.07,1404.68,1405.07,0.03,62.8,86950.28,1
2024-03-10,2024-03-10 14:55:00,1405.07,1405.45,1405.07,1405.45,0.03,62.8,86950.28,1
2024-03-10,2024-03-10 14:56:00,1405.45,1405.84,1405.45,1405.84,0.03,62.8,86950.28,1
2024-03-10,2024-03-10 14:57:00,1405.84,1406.23,1405.84,1406.23,0.03,62.8,86950.28,1
2024-03-10,2024-03-10 14:58:00,1406.23,1406.61,1406.23,1406.61,0.03,62.8,86950.28,1
2024-03-10,2024-03-10 14:59:00,1406.61,1407.0,1406.61,1407.0,0.03,62.8,86950.28,1
2024-03-10,2024-03-10 15:00:00,1407.0,1410.0,1289.0,1407.0,0.0,62.8,86950.28,0
2024-03-12,2024-03-12 11:00:00,1379.0,1404.2,1363.1,1379.17,0.01,120.83,165126.25,1
2024-03-12,2024-03-12 11:01:00,1379.17,1379.34,1379.17,1379.34,0.01,120.83,165126.25,1
2024-03-12,2024-03-12 11:02:00,1379.34,1379.51,1379.34,1379.51,0.01,120.83,165126.25,1
2024-03-12,2024-03-12 11:03:00,1379.51,1379.68,1379.51,1379.68,0.01,120.83,165126.25,1
2024-03-12,2024-03-12 11:04:00,1379.68,1379.85,1379.68,1379.85,0.01,120.83,165126.25,1
2024-03-12,2024-03-12 11:05:00,1379.85,1380.03,1379.85,1380.03,0.01,120.83,165126.25,1
2024-03-12,2024-03-12 11:06:00,1380.03,1380.2,1380.03,1380.2,0.01,120.83,165126.25,1
2024-03-12,2024-03-12 11:07:00,1380.2,1380.37,1380.2,1380.37,0.01,120.83,165126.25,1
2024-03-12,2024-03-12 11:08:00,1380.37,1380.54,1380.37,1380.54,0.01,120.83,165126.25,1
2024-03-12,2024-03-12 11:09:00,1380.54,1380.71,1380.54,1380.71,0.01,120.83,165126.25,1
2024-03-12,2024-03-12 11:10:00,1380.71,1380.88,1380.71,1380.88,0.01,120.83,165126.25,1
2024-03-12,2024-03-12 11:11:00,1380.88,1381.05,1380.88,1381.05,0.01,120.83,165126.25,1
2024-03-12,2024-03-12 11:12:00,1381.05,1381.22,1381.05,1381.22,0.01,120.83,165126.25,1
2024-03-12,2024-03-12 11:13:00,1381.22,1381.39,1381.22,1381.39,0.01,120.83,165126.25,1
2024-03-12,2024-03-12 11:14:00,1381.39,1381.56,1381.39,1381.56,0.01,120.83,165126.25,1
2024-03-12,2024-03-12 11:15:00,1381.56,1381.73,1381.56,1381.73,0.01,120.83,165126.25,1
2024-03-12,2024-03-12 11:16:00,1381.73,1381.9,1381.73,1381.9,0.01,120.83,165126.25,1
2024-03-12,2024-03-12 11:17:00,1381.9,1382.08,1381.9,1382.08,0.01,120.83,165126.25,1
2024-03-12,2024-03-12 11:18:00,1382.08,1382.25,1382.08,1382.25,0.01,120.83,165126.25,1
2024-03-12,2024-03-12 11:19:00,1382.25,1382.42,1382.25,1382.42,0.01,120.83,165126.25,1
2024-03-12,2024-03-12 11:20:00,1382.42,1382.59,1382.42,1382.59,0.01,120.83,165126.25,1
2024-03-12,2024-03-12 11:21:00,1382.59,1382.76,1382.59,1382.76,0.01,120.83,165126.25,1
2024-03-12,2024-03-12 11:22:00,1382.76,1382.93,1382.76,1382.93,0.01,120.83,165126.25,1
2024-03-12,2024-03-12 11:23:00,1382.93,1383.1,1382.93,1383.1,0.01,120.83,165126.25,1
2024-03-12,2024-03-12 11:24:00,1383.1,1383.27,1383.1,1383.27,0.01,120.83,165126.25,1
2024-03-12,2024-03-12 11:25:00,1383.27,1383.44,1383.27,1383.44,0.01,120.83,165126.25,1
2024-03-12,2024-03-12 11:26:00,1383.44,1383.61,1383.44,1383.61,0.01,120.83,165126.25,1
2024-03-12,2024-03-12 11:27:00,1383.61,1383.78,1383.61,1383.78,0.01,120.83,165126.25,1
2024-03-12,2024-03-12 11:28:00,1383.78,1383.95,1383.78,1383.95,0.01,120.83,165126.25,1
2024-03-12,2024-03-12 11:29:00,1383.95,1384.12,1383.95,1384.12,0.01,120.83,165126.25,1
2024-03-12,2024-03-12 11:30:00,1384.12,1384.3,1384.12,1384.3,0.01,120.83,165126.25,1
2024-03-12,2024-03-12 11:31:00,1384.3,1384.47,1384.3,1384.47,0.01,120.83,165126.25,1
2024-03-12,2024-03-12 11:32:00,1384.47,1384.64,1384.47,1384.64,0.01,120.83,165126.25,1
2024-03-12,2024-03-12 11:33:00,1384.64,1384.81,1384.64,1384.81,0.01,120.83,165126.25,1
2024-03-12,2024-03-12 11:34:00,1384.81,1384.98,1384.81,1384.98,0.01,120.83,165126.25,1
2024-03-12,2024-03-12 11:35:00,1384.98,1385.15,1384.98,1385.15,0.01,120.83,165126.25,1
2024-03-12,2024-03-12 11:36:00,1385.15,1385.32,1385.15,1385.32,0.01,120.83,165126.25,1
2024-03-12,2024-03-12 11:37:00,1385.32,1385.49,1385.32,1385.49,0.01,120.83,165126.25,1
2024-03-12,2024-03-12 11:38:00,1385.49,1385.66,1385.49,1385.66,0.01,120.83,165126.25,1
2024-03-12,2024-03-12 11:39:00,1385.66,1385.83,1385.66,1385.83,0.01,120.83,165126.25,1
2024-03-12,2024-03-12 11:40:00,1385.83,1386.0,1385.83,1386.0,0.01,120.83,165126.25,1
2024-03-12,2024-03-12 11:41:00,1386.0,1386.17,1386.0,1386.17,0.01,120.83,165126.25,1
2024-03-12,2024-03-12 11:42:00,1386.17,1386.35,1386.17,1386.35,0.01,120.83,165126.25,1
2024-03-12,2024-03-12 11:43:00,1386.35,1386.52,1386.35,1386.52,0.01,120.83,165126.25,1
2024-03-12,2024-03-12 11:44:00,1386.52,1386.69,1386.52,1386.69,0.01,120.83,165126.25,1
2024-03-12,2024-03-12 11:45:00,1386.69,1386.86,1386.69,1386.86,0.01,120.83,165126.25,1
2024-03-12,2024-03-12 11:46:00,1386.86,1387.03,1386.86,1387.03,0.01,120.83,165126.25,1
2024-03-12,2024-03-12 11:47:00,1387.03,1387.2,1387.03,1387.2,0.01,120.83,165126.25,1
2024-03-12,2024-03-12 11:48:00,1387.2,1387.37,1387.2,1387.37,0.01,120.83,165126.25,1
2024-03-12,2024-03-12 11:49:00,1387.37,1387.54,1387.37,1387.54,0.01,120.83,165126.25,1
2024-03-12,2024-03-12 11:50:00,1387.54,1387.71,1387.54,1387.71,0.01,120.83,165126.25,1
2024-03-12,2024-03-12 11:51:00,1387.71,1387.88,1387.71,1387.88,0.01,120.83,165126.25,1
2024-03-12,2024-03-12 11:52:00,1387.88,1388.05,1387.88,1388.05,0.01,120.83,165126.25,1
2024-03-12,2024-03-12 11:53:00,1388.05,1388.22,1388.05,1388.22,0.01,120.83,165126.25,1
2024-03-12,2024-03-12 11:54:00,1388.22,1388.4,1388.22,1388.4,0.01,120.83,165126.25,1
2024-03-12,2024-03-12 11:55:00,1388.4,1388.57,1388.4,1388.57,0.01,120.83,165126.25,1
2024-03-12,2024-03-12 11:56:00,1388.57,1388.74,1388.57,1388.74,0.01,120.83,165126.25,1
2024-03-12,2024-03-12 11:57:00,1388.74,1388.91,1388.74,1388.91,0.01,120.83,165126.25,1
2024-03-12,2024-03-12 11:58:00,1388.91,1389.08,1388.91,1389.08,0.01,120.83,165126.25,1
2024-03-12,2024-03-12 11:59:00,1389.08,1389.25,1389.08,1389.25,0.01,120.83,165126.25,1
2024-03-12,2024-03-12 12:00:00,1389.25,1389.42,1389.25,1389.42,0.01,120.83,165126.25,1
2024-03-12,2024-03-12 12:01:00,1389.42,1389.59,1389.42,1389.59,0.01,120.83,165126.25,1
2024-03-12,2024-03-12 12:02:00,1389.59,1389.76,1389.59,1389.76,0.01,120.83,165126.25,1
2024-03-12,2024-03-12 12:03:00,1389.76,1389.93,1389.76,1389.93,0.01,120.83,165126.25,1
2024-03-12,2024-03-12 12:04:00,1389.93,1390.1,1389.93,1390.1,0.01,120.83,165126.25,1
2024-03-12,2024-03-12 12:05:00,1390.1,1390.28,1390.1,1390.28,0.01,120.83,165126.25,1
2024-03-12,2024-03-12 12:06:00,1390.28,1390.45,1390.28,1390.45,0.01,120.83,165126.25,1
2024-03-12,2024-03-12 12:07:00,1390.45,1390.62,1390.45,1390.62,0.01,120.83,165126.25,1
2024-03-12,2024-03-12 12:08:00,1390.62,1390.79,1390.62,1390.79,0.01,120.83,165126.25,1
2024-03-12,2024-03-12 12:09:00,1390.79,1390.96,1390.79,1390.96,0.01,120.83,165126.25,1
2024-03-12,2024-03-12 12:10:00,1390.96,1391.13,1390.96,1391.13,0.01,120.83,165126.25,1
2024-03-12,2024-03-12 12:11:00,1391.13,1391.3,1391.13,1391.3,0.01,120.83,165126.25,1
2024-03-12,2024-03-12 12:12:00,1391.3,1391.47,1391.3,1391.47,0.01,120.83,165126.25,1
2024-03-12,2024-03-12 12:13:00,1391.47,1391.64,1391.47,1391.64,0.01,120.83,165126.25,1
2024-03-12,2024-03-12 12:14:00,1391.64,1391.81,1391.64,1391.81,0.01,120.83,165126.25,1
2024-03-12,2024-03-12 12:15:00,1391.81,1391.98,1391.81,1391.98,0.01,120.83,165126.25,1
2024-03-12,2024-03-12 12:16:00,1391.98,1392.15,1391.98,1392.15,0.01,120.83,165126.25,1
2024-03-12,2024-03-12 12:17:00,1392.15,1392.33,1392.15,1392.33,0.01,120.83,165126.25,1
2024-03-12,2024-03-12 12:18:00,1392.33,1392.5,1392.33,1392.5,0.01,120.83,165126.25,1
2024-03-12,2024-03-12 12:19:00,1392.5,1392.67,1392.5,1392.67,0.01,120.83,165126.25,1
2024-03-12,2024-03-12 12:20:00,1392.67,1392.84,1392.67,1392.84,0.01,120.83,165126.25,1
2024-03-12,2024-03-12 12:21:00,1392.84,1393.01,1392.84,1393.01,0.01,120.83,165126.25,1
2024-03-12,2024-03-12 12:22:00,1393.01,1393.18,1393.01,1393.18,0.01,120.83,165126.25,1
2024-03-12,2024-03-12 12:23:00,1393.18,1393.35,1393.18,1393.35,0.01,120.83,165126.25,1
2024-03-12,2024-03-12 12:24:00,1393.35,1393.52,1393.35,1393.52,0.01,120.83,165126.25,1
2024-03-12,2024-03-12 12:25:00,1393.52,1393.69,1393.52,1393.69,0.01,120.83,165126.25,1
2024-03-12,2024-03-12 12:26:00,1393.69,1393.86,1393.69,1393.86,0.01,120.83,165126.25,1
2024-03-12,2024-03-12 12:27:00,1393.86,1394.03,1393.86,1394.03,0.01,120.83,165126.25,1
2024-03-12,2024-03-12 12:28:00,1394.03,1394.2,1394.03,1394.2,0.01,120.83,165126.25,1
2024-03-12,2024-03-12 12:29:00,1394.2,1394.38,1394.2,1394.38,0.01,120.83,165126.25,1
2024-03-12,2024-03-12 12:30:00,1394.38,1394.55,1394.38,1394.55,0.01,120.83,165126.25,1
2024-03-12,2024-03-12 12:31:00,1394.55,1394.72,1394.55,1394.72,0.01,120.83,165126.25,1
2024-03-12,2024-03-12 12:32:00,1394.72,1394.89,1394.72,1394.89,0.01,120.83,165126.25,1
2024-03-12,2024-03-12 12:33:00,1394.89,1395.06,1394.89,1395.06,0.01,120.83,165126.25,1
2024-03-12,2024-03-12 12:34:00,1395.06,1395.23,1395.06,1395.23,0.01,120.83,165126.25,1
2024-03-12,2024-03-12 12:35:00,1395.23,1395.4,1395.23,1395.4,0.01,120.83,165126.25,1
2024-03-12,2024-03-12 12:36:00,1395.4,1395.57,1395.4,1395.57,0.01,120.83,165126.25,1
2024-03-12,2024-03-12 12:37:00,1395.57,1395.74,1395.57,1395.74,0.01,120.83,165126.25,1
2024-03-12,2024-03-12 12:38:00,1395.74,1395.91,1395.74,1395.91,0.01,120.83,165126.25,1
2024-03-12,2024-03-12 12:39:00,1395.91,1396.08,1395.91,1396.08,0.01,120.83,165126.25,1
2024-03-12,2024-03-12 12:40:00,1396.08,1396.25,1396.08,1396.25,0.01,120.83,165126.25,1
2024-03-12,2024-03-12 12:41:00,1396.25,1396.42,1396.25,1396.42,0.01,120.83,165126.25,1
2024-03-12,2024-03-12 12:42:00,1396.42,1396.6,1396.42,1396.6,0.01,120.83,165126.25,1
2024-03-12,2024-03-12 12:43:00,1396.6,1396.77,1396.6,1396.77,0.01,120.83,165126.25,1
2024-03-12,2024-03-12 12:44:00,1396.77,1396.94,1396.77,1396.94,0.01,120.83,165126.25,1
2024-03-12,2024-03-12 12:45:00,1396.94,1397.11,1396.94,1397.11,0.01,120.83,165126.25,1
2024-03-12,2024-03-12 12:46:00,1397.11,1397.28,1397.11,1397.28,0.01,120.83,165126.25,1
2024-03-12,2024-03-12 12:47:00,1397.28,1397.45,1397.28,1397.45,0.01,120.83,165126.25,1
2024-03-12,2024-03-12 12:48:00,1397.45,1397.62,1397.45,1397.62,0.01,120.83,165126.25,1
2024-03-12,2024-03-12 12:49:00,1397.62,1397.79,1397.62,1397.79,0.01,120.83,165126.25,1
2024-03-12,2024-03-12 12:50:00,1397.79,1397.96,1397.79,1397.96,0.01,120.83,165126.25,1
2024-03-12,2024-03-12 12:51:00,1397.96,1398.13,1397.96,1398.13,0.01,120.83,165126.25,1
2024-03-12,2024-03-12 12:52:00,1398.13,1398.3,1398.13,1398.3,0.01,120.83,165126.25,1
2024-03-12,2024-03-12 12:53:00,1398.3,1398.47,1398.3,1398.47,0.01,120.83,165126.25,1
2024-03-12,2024-03-12 12:54:00,1398.47,1398.65,1398.47,1398.65,0.01,120.83,165126.25,1
2024-03-12,2024-03-12 12:55:00,1398.65,1398.82,1398.65,1398.82,0.01,120.83,165126.25,1
2024-03-12,2024-03-12 12:56:00,1398.82,1398.99,1398.82,1398.99,0.01,120.83,165126.25,1
2024-03-12,2024-03-12 12:57:00,1398.99,1399.16,1398.99,1399.16,0.01,120.83,165126.25,1
2024-03-12,2024-03-12 12:58:00,1399.16,1399.33,1399.16,1399.33,0.01,120.83,165126.25,1
2024-03-12,2024-03-12 12:59:00,1399.33,1399.5,1399.33,1399.5,0.01,120.83,165126.25,1
2024-03-12,2024-03-12 13:00:00,1399.5,1463.0,1326.0,1399.67,0.01,120.83,165126.25,1
2024-03-12,2024-03-12 13:01:00,1399.67,1399.84,1399.67,1399.84,0.01,120.83,165126.25,1
2024-03-12,2024-03-12 13:02:00,1399.84,1400.01,1399.84,1400.01,0.01,120.83,165126.25,1
2024-03-12,2024-03-12 13:03:00,1400.01,1400.18,1400.01,1400.18,0.01,120.83,165126.25,1
2024-03-12,2024-03-12 13:04:00,1400.18,1400.35,1400.18,1400.35,0.01,120.83,165126.25,1
2024-03-12,2024-03-12 13:05:00,1400.35,1400.53,1400.35,1400.53,0.01,120.83,165126.25,1
2024-03-12,2024-03-12 13:06:00,1400.53,1400.7,1400.53,1400.7,0.01,120.83,165126.25,1
2024-03-12,2024-03-12 13:07:00,1400.7,1400.87,1400.7,1400.87,0.01,120.83,165126.25,1
2024-03-12,2024-03-12 13:08:00,1400.87,1401.04,1400.87,1401.04,0.01,120.83,165126.25,1
2024-03-12,2024-03-12 13:09:00,1401.04,1401.21,1401.04,1401.21,0.01,120.83,165126.25,1
2024-03-12,2024-03-12 13:10:00,1401.21,1401.38,1401.21,1401.38,0.01,120.83,165126.25,1
2024-03-12,2024-03-12 13:11:00,1401.38,1401.55,1401.38,1401.55,0.01,120.83,165126.25,1
2024-03-12,2024-03-12 13:12:00,1401.55,1401.72,1401.55,1401.72,0.01,120.83,165126.25,1
2024-03-12,2024-03-12 13:13:00,1401.72,1401.89,1401.72,1401.89,0.01,120.83,165126.25,1
2024-03-12,2024-03-12 13:14:00,1401.89,1402.06,1401.89,1402.06,0.01,120.83,165126.25,1
2024-03-12,2024-03-12 13:15:00,1402.06,1402.23,1402.06,1402.23,0.01,120.83,165126.25,1
2024-03-12,2024-03-12 13:16:00,1402.23,1402.4,1402.23,1402.4,0.01,120.83,165126.25,1
2024-03-12,2024-03-12 13:17:00,1402.4,1402.58,1402.4,1402.58,0.01,120.83,165126.25,1
2024-03-12,2024-03-12 13:18:00,1402.58,1402.75,1402.58,1402.75,0.01,120.83,165126.25,1
2024-03-12,2024-03-12 13:19:00,1402.75,1402.92,1402.75,1402.92,0.01,120.83,165126.25,1
2024-03-12,2024-03-12 13:20:00,1402.92,1403.09,1402.92,1403.09,0.01,120.83,165126.25,1
2024-03-12,2024-03-12 13:21:00,1403.09,1403.26,1403.09,1403.26,0.01,120.83,165126.25,1
2024-03-12,2024-03-12 13:22:00,1403.26,1403.43,1403.26,1403.43,0.01,120.83,165126.25,1
2024-03-12,2024-03-12 13:23:00,1403.43,1403.6,1403.43,1403.6,0.01,120.83,165126.25,1
2024-03-12,2024-03-12 13:24:00,1403.6,1403.77,1403.6,1403.77,0.01,120.83,165126.25,1
2024-03-12,2024-03-12 13:25:00,1403.77,1403.94,1403.77,1403.94,0.01,120.83,165126.25,1
2024-03-12,2024-03-12 13:26:00,1403.94,1404.11,1403.94,1404.11,0.01,120.83,165126.25,1
2024-03-12,2024-03-12 13:27:00,1404.11,1404.28,1404.11,1404.28,0.01,120.83,165126.25,1
2024-03-12,2024-03-12 13:28:00,1404.28,1404.45,1404.28,1404.45,0.01,120.83,165126.25,1
2024-03-12,2024-03-12 13:29:00,1404.45,1404.62,1404.45,1404.62,0.01,120.83,165126.25,1
2024-03-12,2024-03-12 13:30:00,1404.62,1404.8,1404.62,1404.8,0.01,120.83,165126.25,1
2024-03-12,2024-03-12 13:31:00,1404.8,1404.97,1404.8,1404.97,0.01,120.83,165126.25,1
2024-03-12,2024-03-12 13:32:00,1404.97,1405.14,1404.97,1405.14,0.01,120.83,165126.25,1
2024-03-12,2024-03-12 13:33:00,1405.14,1405.31,1405.14,1405.31,0.01,120.83,165126.25,1
2024-03-12,2024-03-12 13:34:00,1405.31,1405.48,1405.31,1405.48,0.01,120.83,165126.25,1
2024-03-12,2024-03-12 13:35:00,1405.48,1405.65,1405.48,1405.65,0.01,120.83,165126.25,1
2024-03-12,2024-03-12 13:36:00,1405.65,1405.82,1405.65,1405.82,0.01,120.83,165126.25,1
2024-03-12,2024-03-12 13:37:00,1405.82,1405.99,1405.82,1405.99,0.01,120.83,165126.25,1
2024-03-12,2024-03-12 13:38:00,1405.99,1406.16,1405.99,1406.16,0.01,120.83,165126.25,1
2024-03-12,2024-03-12 13:39:00,1406.16,1406.33,1406.16,1406.33,0.01,120.83,165126.25,1
2024-03-12,2024-03-12 13:40:00,1406.33,1406.5,1406.33,1406.5,0.01,120.83,165126.25,1
2024-03-12,2024-03-12 13:41:00,1406.5,1406.67,1406.5,1406.67,0.01,120.83,165126.25,1
2024-03-12,2024-03-12 13:42:00,1406.67,1406.85,1406.67,1406.85,0.01,120.83,165126.25,1
2024-03-12,2024-03-12 13:43:00,1406.85,1407.02,1406.85,1407.02,0.01,120.83,165126.25,1
2024-03-12,2024-03-12 13:44:00,1407.02,1407.19,1407.02,1407.19,0.01,120.83,165126.25,1
2024-03-12,2024-03-12 13:45:00,1407.19,1407.36,1407.19,1407.36,0.01,120.83,165126.25,1
2024-03-12,2024-03-12 13:46:00,1407.36,1407.53,1407.36,1407.53,0.01,120.83,165126.25,1
2024-03-12,2024-03-12 13:47:00,1407.53,1407.7,1407.53,1407.7,0.01,120.83,165126.25,1
2024-03-12,2024-03-12 13:48:00,1407.7,1407.87,1407.7,1407.87,0.01,120.83,165126.25,1
2024-03-12,2024-03-12 13:49:00,1407.87,1408.04,1407.87,1408.04,0.01,120.83,165126.25,1
2024-03-12,2024-03-12 13:50:00,1408.04,1408.21,1408.04,1408.21,0.01,120.83,165126.25,1
2024-03-12,2024-03-12 13:51:00,1408.21,1408.38,1408.21,1408.38,0.01,120.83,165126.25,1
2024-03-12,2024-03-12 13:52:00,1408.38,1408.55,1408.38,1408.55,0.01,120.83,165126.25,1
2024-03-12,2024-03-12 13:53:00,1408.55,1408.72,1408.55,1408.72,0.01,120.83,165126.25,1
2024-03-12,2024-03-12 13:54:00,1408.72,1408.9,1408.72,1408.9,0.01,120.83,165126.25,1
2024-03-12,2024-03-12 13:55:00,1408.9,1409.07,1408.9,1409.07,0.01,120.83,165126.25,1
2024-03-12,2024-03-12 13:56:00,1409.07,1409.24,1409.07,1409.24,0.01,120.83,165126.25,1
2024-03-12,2024-03-12 13:57:00,1409.24,1409.41,1409.24,1409.41,0.01,120.83,165126.25,1
2024-03-12,2024-03-12 13:58:00,1409.41,1409.58,1409.41,1409.58,0.01,120.83,165126.25,1
2024-03-12,2024-03-12 13:59:00,1409.58,1409.75,1409.58,1409.75,0.01,120.83,165126.25,1
2024-03-12,2024-03-12 14:00:00,1409.75,1409.92,1409.75,1409.92,0.01,120.83,165126.25,1
2024-03-12,2024-03-12 14:01:00,1409.92,1410.09,1409.92,1410.09,0.01,120.83,165126.25,1
2024-03-12,2024-03-12 14:02:00,1410.09,1410.26,1410.09,1410.26,0.01,120.83,165126.25,1
2024-03-12,2024-03-12 14:03:00,1410.26,1410.43,1410.26,1410.43,0.01,120.83,165126.25,1
2024-03-12,2024-03-12 14:04:00,1410.43,1410.6,1410.43,1410.6,0.01,120.83,165126.25,1
2024-03-12,2024-03-12 14:05:00,1410.6,1410.78,1410.6,1410.78,0.01,120.83,165126.25,1
2024-03-12,2024-03-12 14:06:00,1410.78,1410.95,1410.78,1410.95,0.01,120.83,165126.25,1
2024-03-12,2024-03-12 14:07:00,1410.95,1411.12,1410.95,1411.12,0.01,120.83,165126.25,1
2024-03-12,2024-03-12 14:08:00,1411.12,1411.29,1411.12,1411.29,0.01,120.83,165126.25,1
2024-03-12,2024-03-12 14:09:00,1411.29,1411.46,1411.29,1411.46,0.01,120.83,165126.25,1
2024-03-12,2024-03-12 14:10:00,1411.46,1411.63,1411.46,1411.63,0.01,120.83,165126.25,1
2024-03-12,2024-03-12 14:11:00,1411.63,1411.8,1411.63,1411.8,0.01,120.83,165126.25,1
2024-03-12,2024-03-12 14:12:00,1411.8,1411.97,1411.8,1411.97,0.01,120.83,165126.25,1
2024-03-12,2024-03-12 14:13:00,1411.97,1412.14,1411.97,1412.14,0.01,120.83,165126.25,1
2024-03-12,2024-03-12 14:14:00,1412.14,1412.31,1412.14,1412.31,0.01,120.83,165126.25,1
2024-03-12,2024-03-12 14:15:00,1412.31,1412.48,1412.31,1412.48,0.01,120.83,165126.25,1
2024-03-12,2024-03-12 14:16:00,1412.48,1412.65,1412.48,1412.65,0.01,120.83,165126.25,1
2024-03-12,2024-03-12 14:17:00,1412.65,1412.83,1412.65,1412.83,0.01,120.83,165126.25,1
2024-03-12,2024-03-12 14:18:00,1412.83,1413.0,1412.83,1413.0,0.01,120.83,165126.25,1
2024-03-12,2024-03-12 14:19:00,1413.0,1413.17,1413.0,1413.17,0.01,120.83,165126.25,1
2024-03-12,2024-03-12 14:20:00,1413.17,1413.34,1413.17,1413.34,0.01,120.83,165126.25,1
2024-03-12,2024-03-12 14:21:00,1413.34,1413.51,1413.34,1413.51,0.01,120.83,165126.25,1
2024-03-12,2024-03-12 14:22:00,1413.51,1413.68,1413.51,1413.68,0.01,120.83,165126.25,1
2024-03-12,2024-03-12 14:23:00,1413.68,1413.85,1413.68,1413.85,0.01,120.83,165126.25,1
2024-03-12,2024-03-12 14:24:00,1413.85,1414.02,1413.85,1414.02,0.01,120.83,165126.25,1
2024-03-12,2024-03-12 14:25:00,1414.02,1414.19,1414.02,1414.19,0.01,120.83,165126.25,1
2024-03-12,2024-03-12 14:26:00,1414.19,1414.36,1414.19,1414.36,0.01,120.83,165126.25,1
2024-03-12,2024-03-12 14:27:00,1414.36,1414.53,1414.36,1414.53,0.01,120.83,165126.25,1
2024-03-12,2024-03-12 14:28:00,1414.53,1414.7,1414.53,1414.7,0.01,120.83,165126.25,1
2024-03-12,2024-03-12 14:29:00,1414.7,1414.88,1414.7,1414.88,0.01,120.83,165126.25,1
2024-03-12,2024-03-12 14:30:00,1414.88,1415.05,1414.88,1415.05,0.01,120.83,165126.25,1
2024-03-12,2024-03-12 14:31:00,1415.05,1415.22,1415.05,1415.22,0.01,120.83,165126.25,1
2024-03-12,2024-03-12 14:32:00,1415.22,1415.39,1415.22,1415.39,0.01,120.83,165126.25,1
2024-03-12,2024-03-12 14:33:00,1415.39,1415.56,1415.39,1415.56,0.01,120.83,165126.25,1
2024-03-12,2024-03-12 14:34:00,1415.56,1415.73,1415.56,1415.73,0.01,120.83,165126.25,1
2024-03-12,2024-03-12 14:35:00,1415.73,1415.9,1415.73,1415.9,0.01,120.83,165126.25,1
2024-03-12,2024-03-12 14:36:00,1415.9,1416.07,1415.9,1416.07,0.01,120.83,165126.25,1
2024-03-12,2024-03-12 14:37:00,1416.07,1416.24,1416.07,1416.24,0.01,120.83,165126.25,1
2024-03-12,2024-03-12 14:38:00,1416.24,1416.41,1416.24,1416.41,0.01,120.83,165126.25,1
2024-03-12,2024-03-12 14:39:00,1416.41,1416.58,1416.41,1416.58,0.01,120.83,165126.25,1
2024-03-12,2024-03-12 14:40:00,1416.58,1416.75,1416.58,1416.75,0.01,120.83,165126.25,1
2024-03-12,2024-03-12 14:41:00,1416.75,1416.92,1416.75,1416.92,0.01,120.83,165126.25,1
2024-03-12,2024-03-12 14:42:00,1416.92,1417.1,1416.92,1417.1,0.01,120.83,165126.25,1
2024-03-12,2024-03-12 14:43:00,1417.1,1417.27,1417.1,1417.27,0.01,120.83,165126.25,1
2024-03-12,2024-03-12 14:44:00,1417.27,1417.44,1417.27,1417.44,0.01,120.83,165126.25,1
2024-03-12,2024-03-12 14:45:00,1417.44,1417.61,1417.44,1417.61,0.01,120.83,165126.25,1
2024-03-12,2024-03-12 14:46:00,1417.61,1417.78,1417.61,1417.78,0.01,120.83,165126.25,1
2024-03-12,2024-03-12 14:47:00,1417.78,1417.95,1417.78,1417.95,0.01,120.83,165126.25,1
2024-03-12,2024-03-12 14:48:00,1417.95,1418.12,1417.95,1418.12,0.01,120.83,165126.25,1
2024-03-12,2024-03-12 14:49:00,1418.12,1418.29,1418.12,1418.29,0.01,120.83,165126.25,1
2024-03-12,2024-03-12 14:50:00,1418.29,1418.46,1418.29,1418.46,0.01,120.83,165126.25,1
2024-03-12,2024-03-12 14:51:00,1418.46,1418.63,1418.46,1418.63,0.01,120.83,165126.25,1
2024-03-12,2024-03-12 14:52:00,1418.63,1418.8,1418.63,1418.8,0.01,120.83,165126.25,1
2024-03-12,2024-03-12 14:53:00,1418.8,1418.97,1418.8,1418.97,0.01,120.83,165126.25,1
2024-03-12,2024-03-12 14:54:00,1418.97,1419.15,1418.97,1419.15,0.01,120.83,165126.25,1
2024-03-12,2024-03-12 14:55:00,1419.15,1419.32,1419.15,1419.32,0.01,120.83,165126.25,1
2024-03-12,2024-03-12 14:56:00,1419.32,1419.49,1419.32,1419.49,0.01,120.83,165126.25,1
2024-03-12,2024-03-12 14:57:00,1419.49,1419.66,1419.49,1419.66,0.01,120.83,165126.25,1
2024-03-12,2024-03-12 14:58:00,1419.66,1419.83,1419.66,1419.83,0.01,120.83,165126.25,1
2024-03-12,2024-03-12 14:59:00,1419.83,1420.0,1419.83,1420.0,0.01,120.83,165126.25,1
2024-03-12,2024-03-12 15:00:00,1420.0,1463.0,1326.0,1420.0,0.0,120.83,165126.25,0
2024-03-13,2024-03-13 11:00:00,1405.0,1418.5,1388.5,1405.06,0.0,71.3,98650.55,1
2024-03-13,2024-03-13 11:01:00,1405.06,1405.12,1405.06,1405.12,0.0,71.3,98650.55,1
2024-03-13,2024-03-13 11:02:00,1405.12,1405.19,1405.12,1405.19,0.0,71.3,98650.55,1
2024-03-13,2024-03-13 11:03:00,1405.19,1405.25,1405.19,1405.25,0.0,71.3,98650.55,1
2024-03-13,2024-03-13 11:04:00,1405.25,1405.31,1405.25,1405.31,0.0,71.3,98650.55,1
2024-03-13,2024-03-13 11:05:00,1405.31,1405.38,1405.31,1405.38,0.0,71.3,98650.55,1
2024-03-13,2024-03-13 11:06:00,1405.38,1405.44,1405.38,1405.44,0.0,71.3,98650.55,1
2024-03-13,2024-03-13 11:07:00,1405.44,1405.5,1405.44,1405.5,0.0,71.3,98650.55,1
2024-03-13,2024-03-13 11:08:00,1405.5,1405.56,1405.5,1405.56,0.0,71.3,98650.55,1
2024-03-13,2024-03-13 11:09:00,1405.56,1405.62,1405.56,1405.62,0.0,71.3,98650.55,1
2024-03-13,2024-03-13 11:10:00,1405.62,1405.69,1405.62,1405.69,0.0,71.3,98650.55,1
2024-03-13,2024-03-13 11:11:00,1405.69,1405.75,1405.69,1405.75,0.0,71.3,98650.55,1
2024-03-13,2024-03-13 11:12:00,1405.75,1405.81,1405.75,1405.81,0.0,71.3,98650.55,1
2024-03-13,2024-03-13 11:13:00,1405.81,1405.88,1405.81,1405.88,0.0,71.3,98650.55,1
2024-03-13,2024-03-13 11:14:00,1405.88,1405.94,1405.88,1405.94,0.0,71.3,98650.55,1
2024-03-13,2024-03-13 11:15:00,1405.94,1406.0,1405.94,1406.0,0.0,71.3,98650.55,1
2024-03-13,2024-03-13 11:16:00,1406.0,1406.06,1406.0,1406.06,0.0,71.3,98650.55,1
2024-03-13,2024-03-13 11:17:00,1406.06,1406.12,1406.06,1406.12,0.0,71.3,98650.55,1
2024-03-13,2024-03-13 11:18:00,1406.12,1406.19,1406.12,1406.19,0.0,71.3,98650.55,1
2024-03-13,2024-03-13 11:19:00,1406.19,1406.25,1406.19,1406.25,0.0,71.3,98650.55,1
2024-03-13,2024-03-13 11:20:00,1406.25,1406.31,1406.25,1406.31,0.0,71.3,98650.55,1
2024-03-13,2024-03-13 11:21:00,1406.31,1406.38,1406.31,1406.38,0.0,71.3,98650.55,1
2024-03-13,2024-03-13 11:22:00,1406.38,1406.44,1406.38,1406.44,0.0,71.3,98650.55,1
2024-03-13,2024-03-13 11:23:00,1406.44,1406.5,1406.44,1406.5,0.0,71.3,98650.55,1
2024-03-13,2024-03-13 11:24:00,1406.5,1406.56,1406.5,1406.56,0.0,71.3,98650.55,1
2024-03-13,2024-03-13 11:25:00,1406.56,1406.62,1406.56,1406.62,0.0,71.3,98650.55,1
2024-03-13,2024-03-13 11:26:00,1406.62,1406.69,1406.62,1406.69,0.0,71.3,98650.55,1
2024-03-13,2024-03-13 11:27:00,1406.69,1406.75,1406.69,1406.75,0.0,71.3,98650.55,1
2024-03-13,2024-03-13 11:28:00,1406.75,1406.81,1406.75,1406.81,0.0,71.3,98650.55,1
2024-03-13,2024-03-13 11:29:00,1406.81,1406.88,1406.81,1406.88,0.0,71.3,98650.55,1
2024-03-13,2024-03-13 11:30:00,1406.88,1406.94,1406.88,1406.94,0.0,71.3,98650.55,1
2024-03-13,2024-03-13 11:31:00,1406.94,1407.0,1406.94,1407.0,0.0,71.3,98650.55,1
2024-03-13,2024-03-13 11:32:00,1407.0,1407.06,1407.0,1407.06,0.0,71.3,98650.55,1
2024-03-13,2024-03-13 11:33:00,1407.06,1407.12,1407.06,1407.12,0.0,71.3,98650.55,1
2024-03-13,2024-03-13 11:34:00,1407.12,1407.19,1407.12,1407.19,0.0,71.3,98650.55,1
2024-03-13,2024-03-13 11:35:00,1407.19,1407.25,1407.19,1407.25,0.0,71.3,98650.55,1
2024-03-13,2024-03-13 11:36:00,1407.25,1407.31,1407.25,1407.31,0.0,71.3,98650.55,1
2024-03-13,2024-03-13 11:37:00,1407.31,1407.38,1407.31,1407.38,0.0,71.3,98650.55,1
2024-03-13,2024-03-13 11:38:00,1407.38,1407.44,1407.38,1407.44,0.0,71.3,98650.55,1
2024-03-13,2024-03-13 11:39:00,1407.44,1407.5,1407.44,1407.5,0.0,71.3,98650.55,1
2024-03-13,2024-03-13 11:40:00,1407.5,1407.56,1407.5,1407.56,0.0,71.3,98650.55,1
2024-03-13,2024-03-13 11:41:00,1407.56,1407.62,1407.56,1407.62,0.0,71.3,98650.55,1
2024-03-13,2024-03-13 11:42:00,1407.62,1407.69,1407.62,1407.69,0.0,71.3,98650.55,1
2024-03-13,2024-03-13 11:43:00,1407.69,1407.75,1407.69,1407.75,0.0,71.3,98650.55,1
2024-03-13,2024-03-13 11:44:00,1407.75,1407.81,1407.75,1407.81,0.0,71.3,98650.55,1
2024-03-13,2024-03-13 11:45:00,1407.81,1407.88,1407.81,1407.88,0.0,71.3,98650.55,1
2024-03-13,2024-03-13 11:46:00,1407.88,1407.94,1407.88,1407.94,0.0,71.3,98650.55,1
2024-03-13,2024-03-13 11:47:00,1407.94,1408.0,1407.94,1408.0,0.0,71.3,98650.55,1
2024-03-13,2024-03-13 11:48:00,1408.0,1408.06,1408.0,1408.06,0.0,71.3,98650.55,1
2024-03-13,2024-03-13 11:49:00,1408.06,1408.12,1408.06,1408.12,0.0,71.3,98650.55,1
2024-03-13,2024-03-13 11:50:00,1408.12,1408.19,1408.12,1408.19,0.0,71.3,98650.55,1
2024-03-13,2024-03-13 11:51:00,1408.19,1408.25,1408.19,1408.25,0.0,71.3,98650.55,1
2024-03-13,2024-03-13 11:52:00,1408.25,1408.31,1408.25,1408.31,0.0,71.3,98650.55,1
2024-03-13,2024-03-13 11:53:00,1408.31,1408.38,1408.31,1408.38,0.0,71.3,98650.55,1
2024-03-13,2024-03-13 11:54:00,1408.38,1408.44,1408.38,1408.44,0.0,71.3,98650.55,1
2024-03-13,2024-03-13 11:55:00,1408.44,1408.5,1408.44,1408.5,0.0,71.3,98650.55,1
2024-03-13,2024-03-13 11:56:00,1408.5,1408.56,1408.5,1408.56,0.0,71.3,98650.55,1
2024-03-13,2024-03-13 11:57:00,1408.56,1408.62,1408.56,1408.62,0.0,71.3,98650.55,1
2024-03-13,2024-03-13 11:58:00,1408.62,1408.69,1408.62,1408.69,0.0,71.3,98650.55,1
2024-03-13,2024-03-13 11:59:00,1408.69,1408.75,1408.69,1408.75,0.0,71.3,98650.55,1
2024-03-13,2024-03-13 12:00:00,1408.75,1408.81,1408.75,1408.81,0.0,71.3,98650.55,1
2024-03-13,2024-03-13 12:01:00,1408.81,1408.88,1408.81,1408.88,0.0,71.3,98650.55,1
2024-03-13,2024-03-13 12:02:00,1408.88,1408.94,1408.88,1408.94,0.0,71.3,98650.55,1
2024-03-13,2024-03-13 12:03:00,1408.94,1409.0,1408.94,1409.0,0.0,71.3,98650.55,1
2024-03-13,2024-03-13 12:04:00,1409.0,1409.06,1409.0,1409.06,0.0,71.3,98650.55,1
2024-03-13,2024-03-13 12:05:00,1409.06,1409.12,1409.06,1409.12,0.0,71.3,98650.55,1
2024-03-13,2024-03-13 12:06:00,1409.12,1409.19,1409.12,1409.19,0.0,71.3,98650.55,1
2024-03-13,2024-03-13 12:07:00,1409.19,1409.25,1409.19,1409.25,0.0,71.3,98650.55,1
2024-03-13,2024-03-13 12:08:00,1409.25,1409.31,1409.25,1409.31,0.0,71.3,98650.55,1
2024-03-13,2024-03-13 12:09:00,1409.31,1409.38,1409.31,1409.38,0.0,71.3,98650.55,1
2024-03-13,2024-03-13 12:10:00,1409.38,1409.44,1409.38,1409.44,0.0,71.3,98650.55,1
2024-03-13,2024-03-13 12:11:00,1409.44,1409.5,1409.44,1409.5,0.0,71.3,98650.55,1
2024-03-13,2024-03-13 12:12:00,1409.5,1409.56,1409.5,1409.56,0.0,71.3,98650.55,1
2024-03-13,2024-03-13 12:13:00,1409.56,1409.62,1409.56,1409.62,0.0,71.3,98650.55,1
2024-03-13,2024-03-13 12:14:00,1409.62,1409.69,1409.62,1409.69,0.0,71.3,98650.55,1
2024-03-13,2024-03-13 12:15:00,1409.69,1409.75,1409.69,1409.75,0.0,71.3,98650.55,1
2024-03-13,2024-03-13 12:16:00,1409.75,1409.81,1409.75,1409.81,0.0,71.3,98650.55,1
2024-03-13,2024-03-13 12:17:00,1409.81,1409.88,1409.81,1409.88,0.0,71.3,98650.55,1
2024-03-13,2024-03-13 12:18:00,1409.88,1409.94,1409.88,1409.94,0.0,71.3,98650.55,1
2024-03-13,2024-03-13 12:19:00,1409.94,1410.0,1409.94,1410.0,0.0,71.3,98650.55,1
2024-03-13,2024-03-13 12:20:00,1410.0,1410.06,1410.0,1410.06,0.0,71.3,98650.55,1
2024-03-13,2024-03-13 12:21:00,1410.06,1410.12,1410.06,1410.12,0.0,71.3,98650.55,1
2024-03-13,2024-03-13 12:22:00,1410.12,1410.19,1410.12,1410.19,0.0,71.3,98650.55,1
2024-03-13,2024-03-13 12:23:00,1410.19,1410.25,1410.19,1410.25,0.0,71.3,98650.55,1
2024-03-13,2024-03-13 12:24:00,1410.25,1410.31,1410.25,1410.31,0.0,71.3,98650.55,1
2024-03-13,2024-03-13 12:25:00,1410.31,1410.38,1410.31,1410.38,0.0,71.3,98650.55,1
2024-03-13,2024-03-13 12:26:00,1410.38,1410.44,1410.38,1410.44,0.0,71.3,98650.55,1
2024-03-13,2024-03-13 12:27:00,1410.44,1410.5,1410.44,1410.5,0.0,71.3,98650.55,1
2024-03-13,2024-03-13 12:28:00,1410.5,1410.56,1410.5,1410.56,0.0,71.3,98650.55,1
2024-03-13,2024-03-13 12:29:00,1410.56,1410.62,1410.56,1410.62,0.0,71.3,98650.55,1
2024-03-13,2024-03-13 12:30:00,1410.62,1410.69,1410.62,1410.69,0.0,71.3,98650.55,1
2024-03-13,2024-03-13 12:31:00,1410.69,1410.75,1410.69,1410.75,0.0,71.3,98650.55,1
2024-03-13,2024-03-13 12:32:00,1410.75,1410.81,1410.75,1410.81,0.0,71.3,98650.55,1
2024-03-13,2024-03-13 12:33:00,1410.81,1410.88,1410.81,1410.88,0.0,71.3,98650.55,1
2024-03-13,2024-03-13 12:34:00,1410.88,1410.94,1410.88,1410.94,0.0,71.3,98650.55,1
2024-03-13,2024-03-13 12:35:00,1410.94,1411.0,1410.94,1411.0,0.0,71.3,98650.55,1
2024-03-13,2024-03-13 12:36:00,1411.0,1411.06,1411.0,1411.06,0.0,71.3,98650.55,1
2024-03-13,2024-03-13 12:37:00,1411.06,1411.12,1411.06,1411.12,0.0,71.3,98650.55,1
2024-03-13,2024-03-13 12:38:00,1411.12,1411.19,1411.12,1411.19,0.0,71.3,98650.55,1
2024-03-13,2024-03-13 12:39:00,1411.19,1411.25,1411.19,1411.25,0.0,71.3,98650.55,1
2024-03-13,2024-03-13 12:40:00,1411.25,1411.31,1411.25,1411.31,0.0,71.3,98650.55,1
2024-03-13,2024-03-13 12:41:00,1411.31,1411.38,1411.31,1411.38,0.0,71.3,98650.55,1
2024-03-13,2024-03-13 12:42:00,1411.38,1411.44,1411.38,1411.44,0.0,71.3,98650.55,1
2024-03-13,2024-03-13 12:43:00,1411.44,1411.5,1411.44,1411.5,0.0,71.3,98650.55,1
2024-03-13,2024-03-13 12:44:00,1411.5,1411.56,1411.5,1411.56,0.0,71.3,98650.55,1
2024-03-13,2024-03-13 12:45:00,1411.56,1411.62,1411.56,1411.62,0.0,71.3,98650.55,1
2024-03-13,2024-03-13 12:46:00,1411.62,1411.69,1411.62,1411.69,0.0,71.3,98650.55,1
2024-03-13,2024-03-13 12:47:00,1411.69,1411.75,1411.69,1411.75,0.0,71.3,98650.55,1
2024-03-13,2024-03-13 12:48:00,1411.75,1411.81,1411.75,1411.81,0.0,71.3,98650.55,1
2024-03-13,2024-03-13 12:49:00,1411.81,1411.88,1411.81,1411.88,0.0,71.3,98650.55,1
2024-03-13,2024-03-13 12:50:00,1411.88,1411.94,1411.88,1411.94,0.0,71.3,98650.55,1
2024-03-13,2024-03-13 12:51:00,1411.94,1412.0,1411.94,1412.0,0.0,71.3,98650.55,1
2024-03-13,2024-03-13 12:52:00,1412.0,1412.06,1412.0,1412.06,0.0,71.3,98650.55,1
2024-03-13,2024-03-13 12:53:00,1412.06,1412.12,1412.06,1412.12,0.0,71.3,98650.55,1
2024-03-13,2024-03-13 12:54:00,1412.12,1412.19,1412.12,1412.19,0.0,71.3,98650.55,1
2024-03-13,2024-03-13 12:55:00,1412.19,1412.25,1412.19,1412.25,0.0,71.3,98650.55,1
2024-03-13,2024-03-13 12:56:00,1412.25,1412.31,1412.25,1412.31,0.0,71.3,98650.55,1
2024-03-13,2024-03-13 12:57:00,1412.31,1412.38,1412.31,1412.38,0.0,71.3,98650.55,1
2024-03-13,2024-03-13 12:58:00,1412.38,1412.44,1412.38,1412.44,0.0,71.3,98650.55,1
2024-03-13,2024-03-13 12:59:00,1412.44,1412.5,1412.44,1412.5,0.0,71.3,98650.55,1
2024-03-13,2024-03-13 13:00:00,1412.5,1450.0,1350.0,1412.56,0.0,71.3,98650.55,1
2024-03-13,2024-03-13 13:01:00,1412.56,1412.62,1412.56,1412.62,0.0,71.3,98650.55,1
2024-03-13,2024-03-13 13:02:00,1412.62,1412.69,1412.62,1412.69,0.0,71.3,98650.55,1
2024-03-13,2024-03-13 13:03:00,1412.69,1412.75,1412.69,1412.75,0.0,71.3,98650.55,1
2024-03-13,2024-03-13 13:04:00,1412.75,1412.81,1412.75,1412.81,0.0,71.3,98650.55,1
2024-03-13,2024-03-13 13:05:00,1412.81,1412.88,1412.81,1412.88,0.0,71.3,98650.55,1
2024-03-13,2024-03-13 13:06:00,1412.88,1412.94,1412.88,1412.94,0.0,71.3,98650.55,1
2024-03-13,2024-03-13 13:07:00,1412.94,1413.0,1412.94,1413.0,0.0,71.3,98650.55,1
2024-03-13,2024-03-13 13:08:00,1413.0,1413.06,1413.0,1413.06,0.0,71.3,98650.55,1
2024-03-13,2024-03-13 13:09:00,1413.06,1413.12,1413.06,1413.12,0.0,71.3,98650.55,1
2024-03-13,2024-03-13 13:10:00,1413.12,1413.19,1413.12,1413.19,0.0,71.3,98650.55,1
2024-03-13,2024-03-13 13:11:00,1413.19,1413.25,1413.19,1413.25,0.0,71.3,98650.55,1
2024-03-13,2024-03-13 13:12:00,1413.25,1413.31,1413.25,1413.31,0.0,71.3,98650.55,1
2024-03-13,2024-03-13 13:13:00,1413.31,1413.38,1413.31,1413.38,0.0,71.3,98650.55,1
2024-03-13,2024-03-13 13:14:00,1413.38,1413.44,1413.38,1413.44,0.0,71.3,98650.55,1
2024-03-13,2024-03-13 13:15:00,1413.44,1413.5,1413.44,1413.5,0.0,71.3,98650.55,1
2024-03-13,2024-03-13 13:16:00,1413.5,1413.56,1413.5,1413.56,0.0,71.3,98650.55,1
2024-03-13,2024-03-13 13:17:00,1413.56,1413.62,1413.56,1413.62,0.0,71.3,98650.55,1
2024-03-13,2024-03-13 13:18:00,1413.62,1413.69,1413.62,1413.69,0.0,71.3,98650.55,1
2024-03-13,2024-03-13 13:19:00,1413.69,1413.75,1413.69,1413.75,0.0,71.3,98650.55,1
2024-03-13,2024-03-13 13:20:00,1413.75,1413.81,1413.75,1413.81,0.0,71.3,98650.55,1
2024-03-13,2024-03-13 13:21:00,1413.81,1413.88,1413.81,1413.88,0.0,71.3,98650.55,1
2024-03-13,2024-03-13 13:22:00,1413.88,1413.94,1413.88,1413.94,0.0,71.3,98650.55,1
2024-03-13,2024-03-13 13:23:00,1413.94,1414.0,1413.94,1414.0,0.0,71.3,98650.55,1
2024-03-13,2024-03-13 13:24:00,1414.0,1414.06,1414.0,1414.06,0.0,71.3,98650.55,1
2024-03-13,2024-03-13 13:25:00,1414.06,1414.12,1414.06,1414.12,0.0,71.3,98650.55,1
2024-03-13,2024-03-13 13:26:00,1414.12,1414.19,1414.12,1414.19,0.0,71.3,98650.55,1
2024-03-13,2024-03-13 13:27:00,1414.19,1414.25,1414.19,1414.25,0.0,71.3,98650.55,1
2024-03-13,2024-03-13 13:28:00,1414.25,1414.31,1414.25,1414.31,0.0,71.3,98650.55,1
2024-03-13,2024-03-13 13:29:00,1414.31,1414.38,1414.31,1414.38,0.0,71.3,98650.55,1
2024-03-13,2024-03-13 13:30:00,1414.38,1414.44,1414.38,1414.44,0.0,71.3,98650.55,1
2024-03-13,2024-03-13 13:31:00,1414.44,1414.5,1414.44,1414.5,0.0,71.3,98650.55,1
2024-03-13,2024-03-13 13:32:00,1414.5,1414.56,1414.5,1414.56,0.0,71.3,98650.55,1
2024-03-13,2024-03-13 13:33:00,1414.56,1414.62,1414.56,1414.62,0.0,71.3,98650.55,1
2024-03-13,2024-03-13 13:34:00,1414.62,1414.69,1414.62,1414.69,0.0,71.3,98650.55,1
2024-03-13,2024-03-13 13:35:00,1414.69,1414.75,1414.69,1414.75,0.0,71.3,98650.55,1
2024-03-13,2024-03-13 13:36:00,1414.75,1414.81,1414.75,1414.81,0.0,71.3,98650.55,1
2024-03-13,2024-03-13 13:37:00,1414.81,1414.88,1414.81,1414.88,0.0,71.3,98650.55,1
2024-03-13,2024-03-13 13:38:00,1414.88,1414.94,1414.88,1414.94,0.0,71.3,98650.55,1
2024-03-13,2024-03-13 13:39:00,1414.94,1415.0,1414.94,1415.0,0.0,71.3,98650.55,1
2024-03-13,2024-03-13 13:40:00,1415.0,1415.06,1415.0,1415.06,0.0,71.3,98650.55,1
2024-03-13,2024-03-13 13:41:00,1415.06,1415.12,1415.06,1415.12,0.0,71.3,98650.55,1
2024-03-13,2024-03-13 13:42:00,1415.12,1415.19,1415.12,1415.19,0.0,71.3,98650.55,1
2024-03-13,2024-03-13 13:43:00,1415.19,1415.25,1415.19,1415.25,0.0,71.3,98650.55,1
2024-03-13,2024-03-13 13:44:00,1415.25,1415.31,1415.25,1415.31,0.0,71.3,98650.55,1
2024-03-13,2024-03-13 13:45:00,1415.31,1415.38,1415.31,1415.38,0.0,71.3,98650.55,1
2024-03-13,2024-03-13 13:46:00,1415.38,1415.44,1415.38,1415.44,0.0,71.3,98650.55,1
2024-03-13,2024-03-13 13:47:00,1415.44,1415.5,1415.44,1415.5,0.0,71.3,98650.55,1
2024-03-13,2024-03-13 13:48:00,1415.5,1415.56,1415.5,1415.56,0.0,71.3,98650.55,1
2024-03-13,2024-03-13 13:49:00,1415.56,1415.62,1415.56,1415.62,0.0,71.3,98650.55,1
2024-03-13,2024-03-13 13:50:00,1415.62,1415.69,1415.62,1415.69,0.0,71.3,98650.55,1
2024-03-13,2024-03-13 13:51:00,1415.69,1415.75,1415.69,1415.75,0.0,71.3,98650.55,1
2024-03-13,2024-03-13 13:52:00,1415.75,1415.81,1415.75,1415.81,0.0,71.3,98650.55,1
2024-03-13,2024-03-13 13:53:00,1415.81,1415.88,1415.81,1415.88,0.0,71.3,98650.55,1
2024-03-13,2024-03-13 13:54:00,1415.88,1415.94,1415.88,1415.94,0.0,71.3,98650.55,1
2024-03-13,2024-03-13 13:55:00,1415.94,1416.0,1415.94,1416.0,0.0,71.3,98650.55,1
2024-03-13,2024-03-13 13:56:00,1416.0,1416.06,1416.0,1416.06,0.0,71.3,98650.55,1
2024-03-13,2024-03-13 13:57:00,1416.06,1416.12,1416.06,1416.12,0.0,71.3,98650.55,1
2024-03-13,2024-03-13 13:58:00,1416.12,1416.19,1416.12,1416.19,0.0,71.3,98650.55,1
2024-03-13,2024-03-13 13:59:00,1416.19,1416.25,1416.19,1416.25,0.0,71.3,98650.55,1
2024-03-13,2024-03-13 14:00:00,1416.25,1416.31,1416.25,1416.31,0.0,71.3,98650.55,1
2024-03-13,2024-03-13 14:01:00,1416.31,1416.38,1416.31,1416.38,0.0,71.3,98650.55,1
2024-03-13,2024-03-13 14:02:00,1416.38,1416.44,1416.38,1416.44,0.0,71.3,98650.55,1
2024-03-13,2024-03-13 14:03:00,1416.44,1416.5,1416.44,1416.5,0.0,71.3,98650.55,1
2024-03-13,2024-03-13 14:04:00,1416.5,1416.56,1416.5,1416.56,0.0,71.3,98650.55,1
2024-03-13,2024-03-13 14:05:00,1416.56,1416.62,1416.56,1416.62,0.0,71.3,98650.55,1
2024-03-13,2024-03-13 14:06:00,1416.62,1416.69,1416.62,1416.69,0.0,71.3,98650.55,1
2024-03-13,2024-03-13 14:07:00,1416.69,1416.75,1416.69,1416.75,0.0,71.3,98650.55,1
2024-03-13,2024-03-13 14:08:00,1416.75,1416.81,1416.75,1416.81,0.0,71.3,98650.55,1
2024-03-13,2024-03-13 14:09:00,1416.81,1416.88,1416.81,1416.88,0.0,71.3,98650.55,1
2024-03-13,2024-03-13 14:10:00,1416.88,1416.94,1416.88,1416.94,0.0,71.3,98650.55,1
2024-03-13,2024-03-13 14:11:00,1416.94,1417.0,1416.94,1417.0,0.0,71.3,98650.55,1
2024-03-13,2024-03-13 14:12:00,1417.0,1417.06,1417.0,1417.06,0.0,71.3,98650.55,1
2024-03-13,2024-03-13 14:13:00,1417.06,1417.12,1417.06,1417.12,0.0,71.3,98650.55,1
2024-03-13,2024-03-13 14:14:00,1417.12,1417.19,1417.12,1417.19,0.0,71.3,98650.55,1
2024-03-13,2024-03-13 14:15:00,1417.19,1417.25,1417.19,1417.25,0.0,71.3,98650.55,1
2024-03-13,2024-03-13 14:16:00,1417.25,1417.31,1417.25,1417.31,0.0,71.3,98650.55,1
2024-03-13,2024-03-13 14:17:00,1417.31,1417.38,1417.31,1417.38,0.0,71.3,98650.55,1
2024-03-13,2024-03-13 14:18:00,1417.38,1417.44,1417.38,1417.44,0.0,71.3,98650.55,1
2024-03-13,2024-03-13 14:19:00,1417.44,1417.5,1417.44,1417.5,0.0,71.3,98650.55,1
2024-03-13,2024-03-13 14:20:00,1417.5,1417.56,1417.5,1417.56,0.0,71.3,98650.55,1
2024-03-13,2024-03-13 14:21:00,1417.56,1417.62,1417.56,1417.62,0.0,71.3,98650.55,1
2024-03-13,2024-03-13 14:22:00,1417.62,1417.69,1417.62,1417.69,0.0,71.3,98650.55,1
2024-03-13,2024-03-13 14:23:00,1417.69,1417.75,1417.69,1417.75,0.0,71.3,98650.55,1
2024-03-13,2024-03-13 14:24:00,1417.75,1417.81,1417.75,1417.81,0.0,71.3,98650.55,1
2024-03-13,2024-03-13 14:25:00,1417.81,1417.88,1417.81,1417.88,0.0,71.3,98650.55,1
2024-03-13,2024-03-13 14:26:00,1417.88,1417.94,1417.88,1417.94,0.0,71.3,98650.55,1
2024-03-13,2024-03-13 14:27:00,1417.94,1418.0,1417.94,1418.0,0.0,71.3,98650.55,1
2024-03-13,2024-03-13 14:28:00,1418.0,1418.06,1418.0,1418.06,0.0,71.3,98650.55,1
2024-03-13,2024-03-13 14:29:00,1418.06,1418.12,1418.06,1418.12,0.0,71.3,98650.55,1
2024-03-13,2024-03-13 14:30:00,1418.12,1418.19,1418.12,1418.19,0.0,71.3,98650.55,1
2024-03-13,2024-03-13 14:31:00,1418.19,1418.25,1418.19,1418.25,0.0,71.3,98650.55,1
2024-03-13,2024-03-13 14:32:00,1418.25,1418.31,1418.25,1418.31,0.0,71.3,98650.55,1
2024-03-13,2024-03-13 14:33:00,1418.31,1418.38,1418.31,1418.38,0.0,71.3,98650.55,1
2024-03-13,2024-03-13 14:34:00,1418.38,1418.44,1418.38,1418.44,0.0,71.3,98650.55,1
2024-03-13,2024-03-13 14:35:00,1418.44,1418.5,1418.44,1418.5,0.0,71.3,98650.55,1
2024-03-13,2024-03-13 14:36:00,1418.5,1418.56,1418.5,1418.56,0.0,71.3,98650.55,1
2024-03-13,2024-03-13 14:37:00,1418.56,1418.62,1418.56,1418.62,0.0,71.3,98650.55,1
2024-03-13,2024-03-13 14:38:00,1418.62,1418.69,1418.62,1418.69,0.0,71.3,98650.55,1
2024-03-13,2024-03-13 14:39:00,1418.69,1418.75,1418.69,1418.75,0.0,71.3,98650.55,1
2024-03-13,2024-03-13 14:40:00,1418.75,1418.81,1418.75,1418.81,0.0,71.3,98650.55,1
2024-03-13,2024-03-13 14:41:00,1418.81,1418.88,1418.81,1418.88,0.0,71.3,98650.55,1
2024-03-13,2024-03-13 14:42:00,1418.88,1418.94,1418.88,1418.94,0.0,71.3,98650.55,1
2024-03-13,2024-03-13 14:43:00,1418.94,1419.0,1418.94,1419.0,0.0,71.3,98650.55,1
2024-03-13,2024-03-13 14:44:00,1419.0,1419.06,1419.0,1419.06,0.0,71.3,98650.55,1
2024-03-13,2024-03-13 14:45:00,1419.06,1419.12,1419.06,1419.12,0.0,71.3,98650.55,1
2024-03-13,2024-03-13 14:46:00,1419.12,1419.19,1419.12,1419.19,0.0,71.3,98650.55,1
2024-03-13,2024-03-13 14:47:00,1419.19,1419.25,1419.19,1419.25,0.0,71.3,98650.55,1
2024-03-13,2024-03-13 14:48:00,1419.25,1419.31,1419.25,1419.31,0.0,71.3,98650.55,1
2024-03-13,2024-03-13 14:49:00,1419.31,1419.38,1419.31,1419.38,0.0,71.3,98650.55,1
2024-03-13,2024-03-13 14:50:00,1419.38,1419.44,1419.38,1419.44,0.0,71.3,98650.55,1
2024-03-13,2024-03-13 14:51:00,1419.44,1419.5,1419.44,1419.5,0.0,71.3,98650.55,1
2024-03-13,2024-03-13 14:52:00,1419.5,1419.56,1419.5,1419.56,0.0,71.3,98650.55,1
2024-03-13,2024-03-13 14:53:00,1419.56,1419.62,1419.56,1419.62,0.0,71.3,98650.55,1
2024-03-13,2024-03-13 14:54:00,1419.62,1419.69,1419.62,1419.69,0.0,71.3,98650.55,1
2024-03-13,2024-03-13 14:55:00,1419.69,1419.75,1419.69,1419.75,0.0,71.3,98650.55,1
2024-03-13,2024-03-13 14:56:00,1419.75,1419.81,1419.75,1419.81,0.0,71.3,98650.55,1
2024-03-13,2024-03-13 14:57:00,1419.81,1419.88,1419.81,1419.88,0.0,71.3,98650.55,1
2024-03-13,2024-03-13 14:58:00,1419.88,1419.94,1419.88,1419.94,0.0,71.3,98650.55,1
2024-03-13,2024-03-13 14:59:00,1419.94,1420.0,1419.94,1420.0,0.0,71.3,98650.55,1
2024-03-13,2024-03-13 15:00:00,1420.0,1450.0,1350.0,1420.0,0.0,71.3,98650.55,0
2024-03-14,2024-03-14 11:00:00,1391.6,1400.12,1375.1,1391.55,-0.0,57.29,78588.91,-1
2024-03-14,2024-03-14 11:01:00,1391.55,1391.55,1391.49,1391.49,-0.0,57.29,78588.91,-1
2024-03-14,2024-03-14 11:02:00,1391.49,1391.49,1391.44,1391.44,-0.0,57.29,78588.91,-1
2024-03-14,2024-03-14 11:03:00,1391.44,1391.44,1391.39,1391.39,-0.0,57.29,78588.91,-1
2024-03-14,2024-03-14 11:04:00,1391.39,1391.39,1391.34,1391.34,-0.0,57.29,78588.91,-1
2024-03-14,2024-03-14 11:05:00,1391.34,1391.34,1391.28,1391.28,-0.0,57.29,78588.91,-1
2024-03-14,2024-03-14 11:06:00,1391.28,1391.28,1391.23,1391.23,-0.0,57.29,78588.91,-1
2024-03-14,2024-03-14 11:07:00,1391.23,1391.23,1391.18,1391.18,-0.0,57.29,78588.91,-1
2024-03-14,2024-03-14 11:08:00,1391.18,1391.18,1391.13,1391.13,-0.0,57.29,78588.91,-1
2024-03-14,2024-03-14 11:09:00,1391.13,1391.13,1391.07,1391.07,-0.0,57.29,78588.91,-1
2024-03-14,2024-03-14 11:10:00,1391.07,1391.07,1391.02,1391.02,-0.0,57.29,78588.91,-1
2024-03-14,2024-03-14 11:11:00,1391.02,1391.02,1390.97,1390.97,-0.0,57.29,78588.91,-1
2024-03-14,2024-03-14 11:12:00,1390.97,1390.97,1390.92,1390.92,-0.0,57.29,78588.91,-1
2024-03-14,2024-03-14 11:13:00,1390.92,1390.92,1390.87,1390.87,-0.0,57.29,78588.91,-1
2024-03-14,2024-03-14 11:14:00,1390.87,1390.87,1390.81,1390.81,-0.0,57.29,78588.91,-1
2024-03-14,2024-03-14 11:15:00,1390.81,1390.81,1390.76,1390.76,-0.0,57.29,78588.91,-1
2024-03-14,2024-03-14 11:16:00,1390.76,1390.76,1390.71,1390.71,-0.0,57.29,78588.91,-1
2024-03-14,2024-03-14 11:17:00,1390.71,1390.71,1390.65,1390.65,-0.0,57.29,78588.91,-1
2024-03-14,2024-03-14 11:18:00,1390.65,1390.65,1390.6,1390.6,-0.0,57.29,78588.91,-1
2024-03-14,2024-03-14 11:19:00,1390.6,1390.6,1390.55,1390.55,-0.0,57.29,78588.91,-1
2024-03-14,2024-03-14 11:20:00,1390.55,1390.55,1390.5,1390.5,-0.0,57.29,78588.91,-1
2024-03-14,2024-03-14 11:21:00,1390.5,1390.5,1390.44,1390.44,-0.0,57.29,78588.91,-1
2024-03-14,2024-03-14 11:22:00,1390.44,1390.44,1390.39,1390.39,-0.0,57.29,78588.91,-1
2024-03-14,2024-03-14 11:23:00,1390.39,1390.39,1390.34,1390.34,-0.0,57.29,78588.91,-1
2024-03-14,2024-03-14 11:24:00,1390.34,1390.34,1390.29,1390.29,-0.0,57.29,78588.91,-1
2024-03-14,2024-03-14 11:25:00,1390.29,1390.29,1390.23,1390.23,-0.0,57.29,78588.91,-1
2024-03-14,2024-03-14 11:26:00,1390.23,1390.23,1390.18,1390.18,-0.0,57.29,78588.91,-1
2024-03-14,2024-03-14 11:27:00,1390.18,1390.18,1390.13,1390.13,-0.0,57.29,78588.91,-1
2024-03-14,2024-03-14 11:28:00,1390.13,1390.13,1390.08,1390.08,-0.0,57.29,78588.91,-1
2024-03-14,2024-03-14 11:29:00,1390.08,1390.08,1390.02,1390.02,-0.0,57.29,78588.91,-1
2024-03-14,2024-03-14 11:30:00,1390.02,1390.02,1389.97,1389.97,-0.0,57.29,78588.91,-1
2024-03-14,2024-03-14 11:31:00,1389.97,1389.97,1389.92,1389.92,-0.0,57.29,78588.91,-1
2024-03-14,2024-03-14 11:32:00,1389.92,1389.92,1389.87,1389.87,-0.0,57.29,78588.91,-1
2024-03-14,2024-03-14 11:33:00,1389.87,1389.87,1389.81,1389.81,-0.0,57.29,78588.91,-1
2024-03-14,2024-03-14 11:34:00,1389.81,1389.81,1389.76,1389.76,-0.0,57.29,78588.91,-1
2024-03-14,2024-03-14 11:35:00,1389.76,1389.76,1389.71,1389.71,-0.0,57.29,78588.91,-1
2024-03-14,2024-03-14 11:36:00,1389.71,1389.71,1389.66,1389.66,-0.0,57.29,78588.91,-1
2024-03-14,2024-03-14 11:37:00,1389.66,1389.66,1389.61,1389.61,-0.0,57.29,78588.91,-1
2024-03-14,2024-03-14 11:38:00,1389.61,1389.61,1389.55,1389.55,-0.0,57.29,78588.91,-1
2024-03-14,2024-03-14 11:39:00,1389.55,1389.55,1389.5,1389.5,-0.0,57.29,78588.91,-1
2024-03-14,2024-03-14 11:40:00,1389.5,1389.5,1389.45,1389.45,-0.0,57.29,78588.91,-1
2024-03-14,2024-03-14 11:41:00,1389.45,1389.45,1389.39,1389.39,-0.0,57.29,78588.91,-1
2024-03-14,2024-03-14 11:42:00,1389.39,1389.39,1389.34,1389.34,-0.0,57.29,78588.91,-1
2024-03-14,2024-03-14 11:43:00,1389.34,1389.34,1389.29,1389.29,-0.0,57.29,78588.91,-1
2024-03-14,2024-03-14 11:44:00,1389.29,1389.29,1389.24,1389.24,-0.0,57.29,78588.91,-1
2024-03-14,2024-03-14 11:45:00,1389.24,1389.24,1389.18,1389.18,-0.0,57.29,78588.91,-1
2024-03-14,2024-03-14 11:46:00,1389.18,1389.18,1389.13,1389.13,-0.0,57.29,78588.91,-1
2024-03-14,2024-03-14 11:47:00,1389.13,1389.13,1389.08,1389.08,-0.0,57.29,78588.91,-1
2024-03-14,2024-03-14 11:48:00,1389.08,1389.08,1389.03,1389.03,-0.0,57.29,78588.91,-1
2024-03-14,2024-03-14 11:49:00,1389.03,1389.03,1388.97,1388.97,-0.0,57.29,78588.91,-1
2024-03-14,2024-03-14 11:50:00,1388.97,1388.97,1388.92,1388.92,-0.0,57.29,78588.91,-1
2024-03-14,2024-03-14 11:51:00,1388.92,1388.92,1388.87,1388.87,-0.0,57.29,78588.91,-1
2024-03-14,2024-03-14 11:52:00,1388.87,1388.87,1388.82,1388.82,-0.0,57.29,78588.91,-1
2024-03-14,2024-03-14 11:53:00,1388.82,1388.82,1388.76,1388.76,-0.0,57.29,78588.91,-1
2024-03-14,2024-03-14 11:54:00,1388.76,1388.76,1388.71,1388.71,-0.0,57.29,78588.91,-1
2024-03-14,2024-03-14 11:55:00,1388.71,1388.71,1388.66,1388.66,-0.0,57.29,78588.91,-1
2024-03-14,2024-03-14 11:56:00,1388.66,1388.66,1388.61,1388.61,-0.0,57.29,78588.91,-1
2024-03-14,2024-03-14 11:57:00,1388.61,1388.61,1388.55,1388.55,-0.0,57.29,78588.91,-1
2024-03-14,2024-03-14 11:58:00,1388.55,1388.55,1388.5,1388.5,-0.0,57.29,78588.91,-1
2024-03-14,2024-03-14 11:59:00,1388.5,1388.5,1388.45,1388.45,-0.0,57.29,78588.91,-1
2024-03-14,2024-03-14 12:00:00,1388.45,1388.45,1388.4,1388.4,-0.0,57.29,78588.91,-1
2024-03-14,2024-03-14 12:01:00,1388.4,1388.4,1388.35,1388.35,-0.0,57.29,78588.91,-1
2024-03-14,2024-03-14 12:02:00,1388.35,1388.35,1388.29,1388.29,-0.0,57.29,78588.91,-1
2024-03-14,2024-03-14 12:03:00,1388.29,1388.29,1388.24,1388.24,-0.0,57.29,78588.91,-1
2024-03-14,2024-03-14 12:04:00,1388.24,1388.24,1388.19,1388.19,-0.0,57.29,78588.91,-1
2024-03-14,2024-03-14 12:05:00,1388.19,1388.19,1388.13,1388.13,-0.0,57.29,78588.91,-1
2024-03-14,2024-03-14 12:06:00,1388.13,1388.13,1388.08,1388.08,-0.0,57.29,78588.91,-1
2024-03-14,2024-03-14 12:07:00,1388.08,1388.08,1388.03,1388.03,-0.0,57.29,78588.91,-1
2024-03-14,2024-03-14 12:08:00,1388.03,1388.03,1387.98,1387.98,-0.0,57.29,78588.91,-1
2024-03-14,2024-03-14 12:09:00,1387.98,1387.98,1387.92,1387.92,-0.0,57.29,78588.91,-1
2024-03-14,2024-03-14 12:10:00,1387.92,1387.92,1387.87,1387.87,-0.0,57.29,78588.91,-1
2024-03-14,2024-03-14 12:11:00,1387.87,1387.87,1387.82,1387.82,-0.0,57.29,78588.91,-1
2024-03-14,2024-03-14 12:12:00,1387.82,1387.82,1387.77,1387.77,-0.0,57.29,78588.91,-1
2024-03-14,2024-03-14 12:13:00,1387.77,1387.77,1387.71,1387.71,-0.0,57.29,78588.91,-1
2024-03-14,2024-03-14 12:14:00,1387.71,1387.71,1387.66,1387.66,-0.0,57.29,78588.91,-1
2024-03-14,2024-03-14 12:15:00,1387.66,1387.66,1387.61,1387.61,-0.0,57.29,78588.91,-1
2024-03-14,2024-03-14 12:16:00,1387.61,1387.61,1387.56,1387.56,-0.0,57.29,78588.91,-1
2024-03-14,2024-03-14 12:17:00,1387.56,1387.56,1387.5,1387.5,-0.0,57.29,78588.91,-1
2024-03-14,2024-03-14 12:18:00,1387.5,1387.5,1387.45,1387.45,-0.0,57.29,78588.91,-1
2024-03-14,2024-03-14 12:19:00,1387.45,1387.45,1387.4,1387.4,-0.0,57.29,78588.91,-1
2024-03-14,2024-03-14 12:20:00,1387.4,1387.4,1387.35,1387.35,-0.0,57.29,78588.91,-1
2024-03-14,2024-03-14 12:21:00,1387.35,1387.35,1387.29,1387.29,-0.0,57.29,78588.91,-1
2024-03-14,2024-03-14 12:22:00,1387.29,1387.29,1387.24,1387.24,-0.0,57.29,78588.91,-1
2024-03-14,2024-03-14 12:23:00,1387.24,1387.24,1387.19,1387.19,-0.0,57.29,78588.91,-1
2024-03-14,2024-03-14 12:24:00,1387.19,1387.19,1387.14,1387.14,-0.0,57.29,78588.91,-1
2024-03-14,2024-03-14 12:25:00,1387.14,1387.14,1387.09,1387.09,-0.0,57.29,78588.91,-1
2024-03-14,2024-03-14 12:26:00,1387.09,1387.09,1387.03,1387.03,-0.0,57.29,78588.91,-1
2024-03-14,2024-03-14 12:27:00,1387.03,1387.03,1386.98,1386.98,-0.0,57.29,78588.91,-1
2024-03-14,2024-03-14 12:28:00,1386.98,1386.98,1386.93,1386.93,-0.0,57.29,78588.91,-1
2024-03-14,2024-03-14 12:29:00,1386.93,1386.93,1386.88,1386.88,-0.0,57.29,78588.91,-1
2024-03-14,2024-03-14 12:30:00,1386.88,1386.88,1386.82,1386.82,-0.0,57.29,78588.91,-1
2024-03-14,2024-03-14 12:31:00,1386.82,1386.82,1386.77,1386.77,-0.0,57.29,78588.91,-1
2024-03-14,2024-03-14 12:32:00,1386.77,1386.77,1386.72,1386.72,-0.0,57.29,78588.91,-1
2024-03-14,2024-03-14 12:33:00,1386.72,1386.72,1386.66,1386.66,-0.0,57.29,78588.91,-1
2024-03-14,2024-03-14 12:34:00,1386.66,1386.66,1386.61,1386.61,-0.0,57.29,78588.91,-1
2024-03-14,2024-03-14 12:35:00,1386.61,1386.61,1386.56,1386.56,-0.0,57.29,78588.91,-1
2024-03-14,2024-03-14 12:36:00,1386.56,1386.56,1386.51,1386.51,-0.0,57.29,78588.91,-1
2024-03-14,2024-03-14 12:37:00,1386.51,1386.51,1386.45,1386.45,-0.0,57.29,78588.91,-1
2024-03-14,2024-03-14 12:38:00,1386.45,1386.45,1386.4,1386.4,-0.0,57.29,78588.91,-1
2024-03-14,2024-03-14 12:39:00,1386.4,1386.4,1386.35,1386.35,-0.0,57.29,78588.91,-1
2024-03-14,2024-03-14 12:40:00,1386.35,1386.35,1386.3,1386.3,-0.0,57.29,78588.91,-1
2024-03-14,2024-03-14 12:41:00,1386.3,1386.3,1386.24,1386.24,-0.0,57.29,78588.91,-1
2024-03-14,2024-03-14 12:42:00,1386.24,1386.24,1386.19,1386.19,-0.0,57.29,78588.91,-1
2024-03-14,2024-03-14 12:43:00,1386.19,1386.19,1386.14,1386.14,-0.0,57.29,78588.91,-1
2024-03-14,2024-03-14 12:44:00,1386.14,1386.14,1386.09,1386.09,-0.0,57.29,78588.91,-1
2024-03-14,2024-03-14 12:45:00,1386.09,1386.09,1386.03,1386.03,-0.0,57.29,78588.91,-1
2024-03-14,2024-03-14 12:46:00,1386.03,1386.03,1385.98,1385.98,-0.0,57.29,78588.91,-1
2024-03-14,2024-03-14 12:47:00,1385.98,1385.98,1385.93,1385.93,-0.0,57.29,78588.91,-1
2024-03-14,2024-03-14 12:48:00,1385.93,1385.93,1385.88,1385.88,-0.0,57.29,78588.91,-1
2024-03-14,2024-03-14 12:49:00,1385.88,1385.88,1385.83,1385.83,-0.0,57.29,78588.91,-1
2024-03-14,2024-03-14 12:50:00,1385.83,1385.83,1385.77,1385.77,-0.0,57.29,78588.91,-1
2024-03-14,2024-03-14 12:51:00,1385.77,1385.77,1385.72,1385.72,-0.0,57.29,78588.91,-1
2024-03-14,2024-03-14 12:52:00,1385.72,1385.72,1385.67,1385.67,-0.0,57.29,78588.91,-1
2024-03-14,2024-03-14 12:53:00,1385.67,1385.67,1385.62,1385.62,-0.0,57.29,78588.91,-1
2024-03-14,2024-03-14 12:54:00,1385.62,1385.62,1385.56,1385.56,-0.0,57.29,78588.91,-1
2024-03-14,2024-03-14 12:55:00,1385.56,1385.56,1385.51,1385.51,-0.0,57.29,78588.91,-1
2024-03-14,2024-03-14 12:56:00,1385.51,1385.51,1385.46,1385.46,-0.0,57.29,78588.91,-1
2024-03-14,2024-03-14 12:57:00,1385.46,1385.46,1385.4,1385.4,-0.0,57.29,78588.91,-1
2024-03-14,2024-03-14 12:58:00,1385.4,1385.4,1385.35,1385.35,-0.0,57.29,78588.91,-1
2024-03-14,2024-03-14 12:59:00,1385.35,1385.35,1385.3,1385.3,-0.0,57.29,78588.91,-1
2024-03-14,2024-03-14 13:00:00,1385.3,1420.0,1336.6,1385.25,-0.0,57.29,78588.91,-1
2024-03-14,2024-03-14 13:01:00,1385.25,1385.25,1385.19,1385.19,-0.0,57.29,78588.91,-1
2024-03-14,2024-03-14 13:02:00,1385.19,1385.19,1385.14,1385.14,-0.0,57.29,78588.91,-1
2024-03-14,2024-03-14 13:03:00,1385.14,1385.14,1385.09,1385.09,-0.0,57.29,78588.91,-1
2024-03-14,2024-03-14 13:04:00,1385.09,1385.09,1385.04,1385.04,-0.0,57.29,78588.91,-1
2024-03-14,2024-03-14 13:05:00,1385.04,1385.04,1384.98,1384.98,-0.0,57.29,78588.91,-1
2024-03-14,2024-03-14 13:06:00,1384.98,1384.98,1384.93,1384.93,-0.0,57.29,78588.91,-1
2024-03-14,2024-03-14 13:07:00,1384.93,1384.93,1384.88,1384.88,-0.0,57.29,78588.91,-1
2024-03-14,2024-03-14 13:08:00,1384.88,1384.88,1384.83,1384.83,-0.0,57.29,78588.91,-1
2024-03-14,2024-03-14 13:09:00,1384.83,1384.83,1384.77,1384.77,-0.0,57.29,78588.91,-1
2024-03-14,2024-03-14 13:10:00,1384.77,1384.77,1384.72,1384.72,-0.0,57.29,78588.91,-1
2024-03-14,2024-03-14 13:11:00,1384.72,1384.72,1384.67,1384.67,-0.0,57.29,78588.91,-1
2024-03-14,2024-03-14 13:12:00,1384.67,1384.67,1384.62,1384.62,-0.0,57.29,78588.91,-1
2024-03-14,2024-03-14 13:13:00,1384.62,1384.62,1384.57,1384.57,-0.0,57.29,78588.91,-1
2024-03-14,2024-03-14 13:14:00,1384.57,1384.57,1384.51,1384.51,-0.0,57.29,78588.91,-1
2024-03-14,2024-03-14 13:15:00,1384.51,1384.51,1384.46,1384.46,-0.0,57.29,78588.91,-1
2024-03-14,2024-03-14 13:16:00,1384.46,1384.46,1384.41,1384.41,-0.0,57.29,78588.91,-1
2024-03-14,2024-03-14 13:17:00,1384.41,1384.41,1384.36,1384.36,-0.0,57.29,78588.91,-1
2024-03-14,2024-03-14 13:18:00,1384.36,1384.36,1384.3,1384.3,-0.0,57.29,78588.91,-1
2024-03-14,2024-03-14 13:19:00,1384.3,1384.3,1384.25,1384.25,-0.0,57.29,78588.91,-1
2024-03-14,2024-03-14 13:20:00,1384.25,1384.25,1384.2,1384.2,-0.0,57.29,78588.91,-1
2024-03-14,2024-03-14 13:21:00,1384.2,1384.2,1384.14,1384.14,-0.0,57.29,78588.91,-1
2024-03-14,2024-03-14 13:22:00,1384.14,1384.14,1384.09,1384.09,-0.0,57.29,78588.91,-1
2024-03-14,2024-03-14 13:23:00,1384.09,1384.09,1384.04,1384.04,-0.0,57.29,78588.91,-1
2024-03-14,2024-03-14 13:24:00,1384.04,1384.04,1383.99,1383.99,-0.0,57.29,78588.91,-1
2024-03-14,2024-03-14 13:25:00,1383.99,1383.99,1383.93,1383.93,-0.0,57.29,78588.91,-1
2024-03-14,2024-03-14 13:26:00,1383.93,1383.93,1383.88,1383.88,-0.0,57.29,78588.91,-1
2024-03-14,2024-03-14 13:27:00,1383.88,1383.88,1383.83,1383.83,-0.0,57.29,78588.91,-1
2024-03-14,2024-03-14 13:28:00,1383.83,1383.83,1383.78,1383.78,-0.0,57.29,78588.91,-1
2024-03-14,2024-03-14 13:29:00,1383.78,1383.78,1383.72,1383.72,-0.0,57.29,78588.91,-1
2024-03-14,2024-03-14 13:30:00,1383.72,1383.72,1383.67,1383.67,-0.0,57.29,78588.91,-1
2024-03-14,2024-03-14 13:31:00,1383.67,1383.67,1383.62,1383.62,-0.0,57.29,78588.91,-1
2024-03-14,2024-03-14 13:32:00,1383.62,1383.62,1383.57,1383.57,-0.0,57.29,78588.91,-1
2024-03-14,2024-03-14 13:33:00,1383.57,1383.57,1383.51,1383.51,-0.0,57.29,78588.91,-1
2024-03-14,2024-03-14 13:34:00,1383.51,1383.51,1383.46,1383.46,-0.0,57.29,78588.91,-1
2024-03-14,2024-03-14 13:35:00,1383.46,1383.46,1383.41,1383.41,-0.0,57.29,78588.91,-1
2024-03-14,2024-03-14 13:36:00,1383.41,1383.41,1383.36,1383.36,-0.0,57.29,78588.91,-1
2024-03-14,2024-03-14 13:37:00,1383.36,1383.36,1383.31,1383.31,-0.0,57.29,78588.91,-1
2024-03-14,2024-03-14 13:38:00,1383.31,1383.31,1383.25,1383.25,-0.0,57.29,78588.91,-1
2024-03-14,2024-03-14 13:39:00,1383.25,1383.25,1383.2,1383.2,-0.0,57.29,78588.91,-1
2024-03-14,2024-03-14 13:40:00,1383.2,1383.2,1383.15,1383.15,-0.0,57.29,78588.91,-1
2024-03-14,2024-03-14 13:41:00,1383.15,1383.15,1383.1,1383.1,-0.0,57.29,78588.91,-1
2024-03-14,2024-03-14 13:42:00,1383.1,1383.1,1383.04,1383.04,-0.0,57.29,78588.91,-1
2024-03-14,2024-03-14 13:43:00,1383.04,1383.04,1382.99,1382.99,-0.0,57.29,78588.91,-1
2024-03-14,2024-03-14 13:44:00,1382.99,1382.99,1382.94,1382.94,-0.0,57.29,78588.91,-1
2024-03-14,2024-03-14 13:45:00,1382.94,1382.94,1382.88,1382.88,-0.0,57.29,78588.91,-1
2024-03-14,2024-03-14 13:46:00,1382.88,1382.88,1382.83,1382.83,-0.0,57.29,78588.91,-1
2024-03-14,2024-03-14 13:47:00,1382.83,1382.83,1382.78,1382.78,-0.0,57.29,78588.91,-1
2024-03-14,2024-03-14 13:48:00,1382.78,1382.78,1382.73,1382.73,-0.0,57.29,78588.91,-1
2024-03-14,2024-03-14 13:49:00,1382.73,1382.73,1382.67,1382.67,-0.0,57.29,78588.91,-1
2024-03-14,2024-03-14 13:50:00,1382.67,1382.67,1382.62,1382.62,-0.0,57.29,78588.91,-1
2024-03-14,2024-03-14 13:51:00,1382.62,1382.62,1382.57,1382.57,-0.0,57.29,78588.91,-1
2024-03-14,2024-03-14 13:52:00,1382.57,1382.57,1382.52,1382.52,-0.0,57.29,78588.91,-1
2024-03-14,2024-03-14 13:53:00,1382.52,1382.52,1382.46,1382.46,-0.0,57.29,78588.91,-1
2024-03-14,2024-03-14 13:54:00,1382.46,1382.46,1382.41,1382.41,-0.0,57.29,78588.91,-1
2024-03-14,2024-03-14 13:55:00,1382.41,1382.41,1382.36,1382.36,-0.0,57.29,78588.91,-1
2024-03-14,2024-03-14 13:56:00,1382.36,1382.36,1382.31,1382.31,-0.0,57.29,78588.91,-1
2024-03-14,2024-03-14 13:57:00,1382.31,1382.31,1382.25,1382.25,-0.0,57.29,78588.91,-1
2024-03-14,2024-03-14 13:58:00,1382.25,1382.25,1382.2,1382.2,-0.0,57.29,78588.91,-1
2024-03-14,2024-03-14 13:59:00,1382.2,1382.2,1382.15,1382.15,-0.0,57.29,78588.91,-1
2024-03-14,2024-03-14 14:00:00,1382.15,1382.15,1382.1,1382.1,-0.0,57.29,78588.91,-1
2024-03-14,2024-03-14 14:01:00,1382.1,1382.1,1382.05,1382.05,-0.0,57.29,78588.91,-1
2024-03-14,2024-03-14 14:02:00,1382.05,1382.05,1381.99,1381.99,-0.0,57.29,78588.91,-1
2024-03-14,2024-03-14 14:03:00,1381.99,1381.99,1381.94,1381.94,-0.0,57.29,78588.91,-1
2024-03-14,2024-03-14 14:04:00,1381.94,1381.94,1381.89,1381.89,-0.0,57.29,78588.91,-1
2024-03-14,2024-03-14 14:05:00,1381.89,1381.89,1381.84,1381.84,-0.0,57.29,78588.91,-1
2024-03-14,2024-03-14 14:06:00,1381.84,1381.84,1381.78,1381.78,-0.0,57.29,78588.91,-1
2024-03-14,2024-03-14 14:07:00,1381.78,1381.78,1381.73,1381.73,-0.0,57.29,78588.91,-1
2024-03-14,2024-03-14 14:08:00,1381.73,1381.73,1381.68,1381.68,-0.0,57.29,78588.91,-1
2024-03-14,2024-03-14 14:09:00,1381.68,1381.68,1381.62,1381.62,-0.0,57.29,78588.91,-1
2024-03-14,2024-03-14 14:10:00,1381.62,1381.62,1381.57,1381.57,-0.0,57.29,78588.91,-1
2024-03-14,2024-03-14 14:11:00,1381.57,1381.57,1381.52,1381.52,-0.0,57.29,78588.91,-1
2024-03-14,2024-03-14 14:12:00,1381.52,1381.52,1381.47,1381.47,-0.0,57.29,78588.91,-1
2024-03-14,2024-03-14 14:13:00,1381.47,1381.47,1381.41,1381.41,-0.0,57.29,78588.91,-1
2024-03-14,2024-03-14 14:14:00,1381.41,1381.41,1381.36,1381.36,-0.0,57.29,78588.91,-1
2024-03-14,2024-03-14 14:15:00,1381.36,1381.36,1381.31,1381.31,-0.0,57.29,78588.91,-1
2024-03-14,2024-03-14 14:16:00,1381.31,1381.31,1381.26,1381.26,-0.0,57.29,78588.91,-1
2024-03-14,2024-03-14 14:17:00,1381.26,1381.26,1381.2,1381.2,-0.0,57.29,78588.91,-1
2024-03-14,2024-03-14 14:18:00,1381.2,1381.2,1381.15,1381.15,-0.0,57.29,78588.91,-1
2024-03-14,2024-03-14 14:19:00,1381.15,1381.15,1381.1,1381.1,-0.0,57.29,78588.91,-1
2024-03-14,2024-03-14 14:20:00,1381.1,1381.1,1381.05,1381.05,-0.0,57.29,78588.91,-1
2024-03-14,2024-03-14 14:21:00,1381.05,1381.05,1380.99,1380.99,-0.0,57.29,78588.91,-1
2024-03-14,2024-03-14 14:22:00,1380.99,1380.99,1380.94,1380.94,-0.0,57.29,78588.91,-1
2024-03-14,2024-03-14 14:23:00,1380.94,1380.94,1380.89,1380.89,-0.0,57.29,78588.91,-1
2024-03-14,2024-03-14 14:24:00,1380.89,1380.89,1380.84,1380.84,-0.0,57.29,78588.91,-1
2024-03-14,2024-03-14 14:25:00,1380.84,1380.84,1380.79,1380.79,-0.0,57.29,78588.91,-1
2024-03-14,2024-03-14 14:26:00,1380.79,1380.79,1380.73,1380.73,-0.0,57.29,78588.91,-1
2024-03-14,2024-03-14 14:27:00,1380.73,1380.73,1380.68,1380.68,-0.0,57.29,78588.91,-1
2024-03-14,2024-03-14 14:28:00,1380.68,1380.68,1380.63,1380.63,-0.0,57.29,78588.91,-1
2024-03-14,2024-03-14 14:29:00,1380.63,1380.63,1380.58,1380.58,-0.0,57.29,78588.91,-1
2024-03-14,2024-03-14 14:30:00,1380.58,1380.58,1380.52,1380.52,-0.0,57.29,78588.91,-1
2024-03-14,2024-03-14 14:31:00,1380.52,1380.52,1380.47,1380.47,-0.0,57.29,78588.91,-1
2024-03-14,2024-03-14 14:32:00,1380.47,1380.47,1380.42,1380.42,-0.0,57.29,78588.91,-1
2024-03-14,2024-03-14 14:33:00,1380.42,1380.42,1380.37,1380.37,-0.0,57.29,78588.91,-1
2024-03-14,2024-03-14 14:34:00,1380.37,1380.37,1380.31,1380.31,-0.0,57.29,78588.91,-1
2024-03-14,2024-03-14 14:35:00,1380.31,1380.31,1380.26,1380.26,-0.0,57.29,78588.91,-1
2024-03-14,2024-03-14 14:36:00,1380.26,1380.26,1380.21,1380.21,-0.0,57.29,78588.91,-1
2024-03-14,2024-03-14 14:37:00,1380.21,1380.21,1380.15,1380.15,-0.0,57.29,78588.91,-1
2024-03-14,2024-03-14 14:38:00,1380.15,1380.15,1380.1,1380.1,-0.0,57.29,78588.91,-1
2024-03-14,2024-03-14 14:39:00,1380.1,1380.1,1380.05,1380.05,-0.0,57.29,78588.91,-1
2024-03-14,2024-03-14 14:40:00,1380.05,1380.05,1380.0,1380.0,-0.0,57.29,78588.91,-1
2024-03-14,2024-03-14 14:41:00,1380.0,1380.0,1379.94,1379.94,-0.0,57.29,78588.91,-1
2024-03-14,2024-03-14 14:42:00,1379.94,1379.94,1379.89,1379.89,-0.0,57.29,78588.91,-1
2024-03-14,2024-03-14 14:43:00,1379.89,1379.89,1379.84,1379.84,-0.0,57.29,78588.91,-1
2024-03-14,2024-03-14 14:44:00,1379.84,1379.84,1379.79,1379.79,-0.0,57.29,78588.91,-1
2024-03-14,2024-03-14 14:45:00,1379.79,1379.79,1379.73,1379.73,-0.0,57.29,78588.91,-1
2024-03-14,2024-03-14 14:46:00,1379.73,1379.73,1379.68,1379.68,-0.0,57.29,78588.91,-1
2024-03-14,2024-03-14 14:47:00,1379.68,1379.68,1379.63,1379.63,-0.0,57.29,78588.91,-1
2024-03-14,2024-03-14 14:48:00,1379.63,1379.63,1379.58,1379.58,-0.0,57.29,78588.91,-1
2024-03-14,2024-03-14 14:49:00,1379.58,1379.58,1379.53,1379.53,-0.0,57.29,78588.91,-1
2024-03-14,2024-03-14 14:50:00,1379.53,1379.53,1379.47,1379.47,-0.0,57.29,78588.91,-1
2024-03-14,2024-03-14 14:51:00,1379.47,1379.47,1379.42,1379.42,-0.0,57.29,78588.91,-1
2024-03-14,2024-03-14 14:52:00,1379.42,1379.42,1379.37,1379.37,-0.0,57.29,78588.91,-1
2024-03-14,2024-03-14 14:53:00,1379.37,1379.37,1379.32,1379.32,-0.0,57.29,78588.91,-1
2024-03-14,2024-03-14 14:54:00,1379.32,1379.32,1379.26,1379.26,-0.0,57.29,78588.91,-1
2024-03-14,2024-03-14 14:55:00,1379.26,1379.26,1379.21,1379.21,-0.0,57.29,78588.91,-1
2024-03-14,2024-03-14 14:56:00,1379.21,1379.21,1379.16,1379.16,-0.0,57.29,78588.91,-1
2024-03-14,2024-03-14 14:57:00,1379.16,1379.16,1379.11,1379.11,-0.0,57.29,78588.91,-1
2024-03-14,2024-03-14 14:58:00,1379.11,1379.11,1379.05,1379.05,-0.0,57.29,78588.91,-1
2024-03-14,2024-03-14 14:59:00,1379.05,1379.05,1379.0,1379.0,-0.0,57.29,78588.91,-1
2024-03-14,2024-03-14 15:00:00,1379.0,1420.0,1336.6,1379.0,0.0,57.29,78588.91,0
2024-03-17,2024-03-17 11:00:00,1351.5,1383.45,1345.05,1351.83,0.02,56.04,77080.5,1
2024-03-17,2024-03-17 11:01:00,1351.83,1352.15,1351.83,1352.15,0.02,56.04,77080.5,1
2024-03-17,2024-03-17 11:02:00,1352.15,1352.48,1352.15,1352.48,0.02,56.04,77080.5,1
2024-03-17,2024-03-17 11:03:00,1352.48,1352.81,1352.48,1352.81,0.02,56.04,77080.5,1
2024-03-17,2024-03-17 11:04:00,1352.81,1353.14,1352.81,1353.14,0.02,56.04,77080.5,1
2024-03-17,2024-03-17 11:05:00,1353.14,1353.46,1353.14,1353.46,0.02,56.04,77080.5,1
2024-03-17,2024-03-17 11:06:00,1353.46,1353.79,1353.46,1353.79,0.02,56.04,77080.5,1
2024-03-17,2024-03-17 11:07:00,1353.79,1354.12,1353.79,1354.12,0.02,56.04,77080.5,1
2024-03-17,2024-03-17 11:08:00,1354.12,1354.44,1354.12,1354.44,0.02,56.04,77080.5,1
2024-03-17,2024-03-17 11:09:00,1354.44,1354.77,1354.44,1354.77,0.02,56.04,77080.5,1
2024-03-17,2024-03-17 11:10:00,1354.77,1355.1,1354.77,1355.1,0.02,56.04,77080.5,1
2024-03-17,2024-03-17 11:11:00,1355.1,1355.42,1355.1,1355.42,0.02,56.04,77080.5,1
2024-03-17,2024-03-17 11:12:00,1355.42,1355.75,1355.42,1355.75,0.02,56.04,77080.5,1
2024-03-17,2024-03-17 11:13:00,1355.75,1356.08,1355.75,1356.08,0.02,56.04,77080.5,1
2024-03-17,2024-03-17 11:14:00,1356.08,1356.41,1356.08,1356.41,0.02,56.04,77080.5,1
2024-03-17,2024-03-17 11:15:00,1356.41,1356.73,1356.41,1356.73,0.02,56.04,77080.5,1
2024-03-17,2024-03-17 11:16:00,1356.73,1357.06,1356.73,1357.06,0.02,56.04,77080.5,1
2024-03-17,2024-03-17 11:17:00,1357.06,1357.39,1357.06,1357.39,0.02,56.04,77080.5,1
2024-03-17,2024-03-17 11:18:00,1357.39,1357.71,1357.39,1357.71,0.02,56.04,77080.5,1
2024-03-17,2024-03-17 11:19:00,1357.71,1358.04,1357.71,1358.04,0.02,56.04,77080.5,1
2024-03-17,2024-03-17 11:20:00,1358.04,1358.37,1358.04,1358.37,0.02,56.04,77080.5,1
2024-03-17,2024-03-17 11:21:00,1358.37,1358.7,1358.37,1358.7,0.02,56.04,77080.5,1
2024-03-17,2024-03-17 11:22:00,1358.7,1359.02,1358.7,1359.02,0.02,56.04,77080.5,1
2024-03-17,2024-03-17 11:23:00,1359.02,1359.35,1359.02,1359.35,0.02,56.04,77080.5,1
2024-03-17,2024-03-17 11:24:00,1359.35,1359.68,1359.35,1359.68,0.02,56.04,77080.5,1
2024-03-17,2024-03-17 11:25:00,1359.68,1360.0,1359.68,1360.0,0.02,56.04,77080.5,1
2024-03-17,2024-03-17 11:26:00,1360.0,1360.33,1360.0,1360.33,0.02,56.04,77080.5,1
2024-03-17,2024-03-17 11:27:00,1360.33,1360.66,1360.33,1360.66,0.02,56.04,77080.5,1
2024-03-17,2024-03-17 11:28:00,1360.66,1360.99,1360.66,1360.99,0.02,56.04,77080.5,1
2024-03-17,2024-03-17 11:29:00,1360.99,1361.31,1360.99,1361.31,0.02,56.04,77080.5,1
2024-03-17,2024-03-17 11:30:00,1361.31,1361.64,1361.31,1361.64,0.02,56.04,77080.5,1
2024-03-17,2024-03-17 11:31:00,1361.64,1361.97,1361.64,1361.97,0.02,56.04,77080.5,1
2024-03-17,2024-03-17 11:32:00,1361.97,1362.29,1361.97,1362.29,0.02,56.04,77080.5,1
2024-03-17,2024-03-17 11:33:00,1362.29,1362.62,1362.29,1362.62,0.02,56.04,77080.5,1
2024-03-17,2024-03-17 11:34:00,1362.62,1362.95,1362.62,1362.95,0.02,56.04,77080.5,1
2024-03-17,2024-03-17 11:35:00,1362.95,1363.28,1362.95,1363.28,0.02,56.04,77080.5,1
2024-03-17,2024-03-17 11:36:00,1363.28,1363.6,1363.28,1363.6,0.02,56.04,77080.5,1
2024-03-17,2024-03-17 11:37:00,1363.6,1363.93,1363.6,1363.93,0.02,56.04,77080.5,1
2024-03-17,2024-03-17 11:38:00,1363.93,1364.26,1363.93,1364.26,0.02,56.04,77080.5,1
2024-03-17,2024-03-17 11:39:00,1364.26,1364.58,1364.26,1364.58,0.02,56.04,77080.5,1
2024-03-17,2024-03-17 11:40:00,1364.58,1364.91,1364.58,1364.91,0.02,56.04,77080.5,1
2024-03-17,2024-03-17 11:41:00,1364.91,1365.24,1364.91,1365.24,0.02,56.04,77080.5,1
2024-03-17,2024-03-17 11:42:00,1365.24,1365.56,1365.24,1365.56,0.02,56.04,77080.5,1
2024-03-17,2024-03-17 11:43:00,1365.56,1365.89,1365.56,1365.89,0.02,56.04,77080.5,1
2024-03-17,2024-03-17 11:44:00,1365.89,1366.22,1365.89,1366.22,0.02,56.04,77080.5,1
2024-03-17,2024-03-17 11:45:00,1366.22,1366.55,1366.22,1366.55,0.02,56.04,77080.5,1
2024-03-17,2024-03-17 11:46:00,1366.55,1366.87,1366.55,1366.87,0.02,56.04,77080.5,1
2024-03-17,2024-03-17 11:47:00,1366.87,1367.2,1366.87,1367.2,0.02,56.04,77080.5,1
2024-03-17,2024-03-17 11:48:00,1367.2,1367.53,1367.2,1367.53,0.02,56.04,77080.5,1
2024-03-17,2024-03-17 11:49:00,1367.53,1367.85,1367.53,1367.85,0.02,56.04,77080.5,1
2024-03-17,2024-03-17 11:50:00,1367.85,1368.18,1367.85,1368.18,0.02,56.04,77080.5,1
2024-03-17,2024-03-17 11:51:00,1368.18,1368.51,1368.18,1368.51,0.02,56.04,77080.5,1
2024-03-17,2024-03-17 11:52:00,1368.51,1368.84,1368.51,1368.84,0.02,56.04,77080.5,1
2024-03-17,2024-03-17 11:53:00,1368.84,1369.16,1368.84,1369.16,0.02,56.04,77080.5,1
2024-03-17,2024-03-17 11:54:00,1369.16,1369.49,1369.16,1369.49,0.02,56.04,77080.5,1
2024-03-17,2024-03-17 11:55:00,1369.49,1369.82,1369.49,1369.82,0.02,56.04,77080.5,1
2024-03-17,2024-03-17 11:56:00,1369.82,1370.14,1369.82,1370.14,0.02,56.04,77080.5,1
2024-03-17,2024-03-17 11:57:00,1370.14,1370.47,1370.14,1370.47,0.02,56.04,77080.5,1
2024-03-17,2024-03-17 11:58:00,1370.47,1370.8,1370.47,1370.8,0.02,56.04,77080.5,1
2024-03-17,2024-03-17 11:59:00,1370.8,1371.12,1370.8,1371.12,0.02,56.04,77080.5,1
2024-03-17,2024-03-17 12:00:00,1371.12,1371.45,1371.12,1371.45,0.02,56.04,77080.5,1
2024-03-17,2024-03-17 12:01:00,1371.45,1371.78,1371.45,1371.78,0.02,56.04,77080.5,1
2024-03-17,2024-03-17 12:02:00,1371.78,1372.11,1371.78,1372.11,0.02,56.04,77080.5,1
2024-03-17,2024-03-17 12:03:00,1372.11,1372.43,1372.11,1372.43,0.02,56.04,77080.5,1
2024-03-17,2024-03-17 12:04:00,1372.43,1372.76,1372.43,1372.76,0.02,56.04,77080.5,1
2024-03-17,2024-03-17 12:05:00,1372.76,1373.09,1372.76,1373.09,0.02,56.04,77080.5,1
2024-03-17,2024-03-17 12:06:00,1373.09,1373.41,1373.09,1373.41,0.02,56.04,77080.5,1
2024-03-17,2024-03-17 12:07:00,1373.41,1373.74,1373.41,1373.74,0.02,56.04,77080.5,1
2024-03-17,2024-03-17 12:08:00,1373.74,1374.07,1373.74,1374.07,0.02,56.04,77080.5,1
2024-03-17,2024-03-17 12:09:00,1374.07,1374.4,1374.07,1374.4,0.02,56.04,77080.5,1
2024-03-17,2024-03-17 12:10:00,1374.4,1374.72,1374.4,1374.72,0.02,56.04,77080.5,1
2024-03-17,2024-03-17 12:11:00,1374.72,1375.05,1374.72,1375.05,0.02,56.04,77080.5,1
2024-03-17,2024-03-17 12:12:00,1375.05,1375.38,1375.05,1375.38,0.02,56.04,77080.5,1
2024-03-17,2024-03-17 12:13:00,1375.38,1375.7,1375.38,1375.7,0.02,56.04,77080.5,1
2024-03-17,2024-03-17 12:14:00,1375.7,1376.03,1375.7,1376.03,0.02,56.04,77080.5,1
2024-03-17,2024-03-17 12:15:00,1376.03,1376.36,1376.03,1376.36,0.02,56.04,77080.5,1
2024-03-17,2024-03-17 12:16:00,1376.36,1376.69,1376.36,1376.69,0.02,56.04,77080.5,1
2024-03-17,2024-03-17 12:17:00,1376.69,1377.01,1376.69,1377.01,0.02,56.04,77080.5,1
2024-03-17,2024-03-17 12:18:00,1377.01,1377.34,1377.01,1377.34,0.02,56.04,77080.5,1
2024-03-17,2024-03-17 12:19:00,1377.34,1377.67,1377.34,1377.67,0.02,56.04,77080.5,1
2024-03-17,2024-03-17 12:20:00,1377.67,1377.99,1377.67,1377.99,0.02,56.04,77080.5,1
2024-03-17,2024-03-17 12:21:00,1377.99,1378.32,1377.99,1378.32,0.02,56.04,77080.5,1
2024-03-17,2024-03-17 12:22:00,1378.32,1378.65,1378.32,1378.65,0.02,56.04,77080.5,1
2024-03-17,2024-03-17 12:23:00,1378.65,1378.97,1378.65,1378.97,0.02,56.04,77080.5,1
2024-03-17,2024-03-17 12:24:00,1378.97,1379.3,1378.97,1379.3,0.02,56.04,77080.5,1
2024-03-17,2024-03-17 12:25:00,1379.3,1379.63,1379.3,1379.63,0.02,56.04,77080.5,1
2024-03-17,2024-03-17 12:26:00,1379.63,1379.96,1379.63,1379.96,0.02,56.04,77080.5,1
2024-03-17,2024-03-17 12:27:00,1379.96,1380.28,1379.96,1380.28,0.02,56.04,77080.5,1
2024-03-17,2024-03-17 12:28:00,1380.28,1380.61,1380.28,1380.61,0.02,56.04,77080.5,1
2024-03-17,2024-03-17 12:29:00,1380.61,1380.94,1380.61,1380.94,0.02,56.04,77080.5,1
2024-03-17,2024-03-17 12:30:00,1380.94,1381.26,1380.94,1381.26,0.02,56.04,77080.5,1
2024-03-17,2024-03-17 12:31:00,1381.26,1381.59,1381.26,1381.59,0.02,56.04,77080.5,1
2024-03-17,2024-03-17 12:32:00,1381.59,1381.92,1381.59,1381.92,0.02,56.04,77080.5,1
2024-03-17,2024-03-17 12:33:00,1381.92,1382.25,1381.92,1382.25,0.02,56.04,77080.5,1
2024-03-17,2024-03-17 12:34:00,1382.25,1382.57,1382.25,1382.57,0.02,56.04,77080.5,1
2024-03-17,2024-03-17 12:35:00,1382.57,1382.9,1382.57,1382.9,0.02,56.04,77080.5,1
2024-03-17,2024-03-17 12:36:00,1382.9,1383.23,1382.9,1383.23,0.02,56.04,77080.5,1
2024-03-17,2024-03-17 12:37:00,1383.23,1383.55,1383.23,1383.55,0.02,56.04,77080.5,1
2024-03-17,2024-03-17 12:38:00,1383.55,1383.88,1383.55,1383.88,0.02,56.04,77080.5,1
2024-03-17,2024-03-17 12:39:00,1383.88,1384.21,1383.88,1384.21,0.02,56.04,77080.5,1
2024-03-17,2024-03-17 12:40:00,1384.21,1384.54,1384.21,1384.54,0.02,56.04,77080.5,1
2024-03-17,2024-03-17 12:41:00,1384.54,1384.86,1384.54,1384.86,0.02,56.04,77080.5,1
2024-03-17,2024-03-17 12:42:00,1384.86,1385.19,1384.86,1385.19,0.02,56.04,77080.5,1
2024-03-17,2024-03-17 12:43:00,1385.19,1385.52,1385.19,1385.52,0.02,56.04,77080.5,1
2024-03-17,2024-03-17 12:44:00,1385.52,1385.84,1385.52,1385.84,0.02,56.04,77080.5,1
2024-03-17,2024-03-17 12:45:00,1385.84,1386.17,1385.84,1386.17,0.02,56.04,77080.5,1
2024-03-17,2024-03-17 12:46:00,1386.17,1386.5,1386.17,1386.5,0.02,56.04,77080.5,1
2024-03-17,2024-03-17 12:47:00,1386.5,1386.83,1386.5,1386.83,0.02,56.04,77080.5,1
2024-03-17,2024-03-17 12:48:00,1386.83,1387.15,1386.83,1387.15,0.02,56.04,77080.5,1
2024-03-17,2024-03-17 12:49:00,1387.15,1387.48,1387.15,1387.48,0.02,56.04,77080.5,1
2024-03-17,2024-03-17 12:50:00,1387.48,1387.81,1387.48,1387.81,0.02,56.04,77080.5,1
2024-03-17,2024-03-17 12:51:00,1387.81,1388.13,1387.81,1388.13,0.02,56.04,77080.5,1
2024-03-17,2024-03-17 12:52:00,1388.13,1388.46,1388.13,1388.46,0.02,56.04,77080.5,1
2024-03-17,2024-03-17 12:53:00,1388.46,1388.79,1388.46,1388.79,0.02,56.04,77080.5,1
2024-03-17,2024-03-17 12:54:00,1388.79,1389.11,1388.79,1389.11,0.02,56.04,77080.5,1
2024-03-17,2024-03-17 12:55:00,1389.11,1389.44,1389.11,1389.44,0.02,56.04,77080.5,1
2024-03-17,2024-03-17 12:56:00,1389.44,1389.77,1389.44,1389.77,0.02,56.04,77080.5,1
2024-03-17,2024-03-17 12:57:00,1389.77,1390.1,1389.77,1390.1,0.02,56.04,77080.5,1
2024-03-17,2024-03-17 12:58:00,1390.1,1390.42,1390.1,1390.42,0.02,56.04,77080.5,1
2024-03-17,2024-03-17 12:59:00,1390.42,1390.75,1390.42,1390.75,0.02,56.04,77080.5,1
2024-03-17,2024-03-17 13:00:00,1390.75,1458.0,1330.0,1391.08,0.02,56.04,77080.5,1
2024-03-17,2024-03-17 13:01:00,1391.08,1391.4,1391.08,1391.4,0.02,56.04,77080.5,1
2024-03-17,2024-03-17 13:02:00,1391.4,1391.73,1391.4,1391.73,0.02,56.04,77080.5,1
2024-03-17,2024-03-17 13:03:00,1391.73,1392.06,1391.73,1392.06,0.02,56.04,77080.5,1
2024-03-17,2024-03-17 13:04:00,1392.06,1392.39,1392.06,1392.39,0.02,56.04,77080.5,1
2024-03-17,2024-03-17 13:05:00,1392.39,1392.71,1392.39,1392.71,0.02,56.04,77080.5,1
2024-03-17,2024-03-17 13:06:00,1392.71,1393.04,1392.71,1393.04,0.02,56.04,77080.5,1
2024-03-17,2024-03-17 13:07:00,1393.04,1393.37,1393.04,1393.37,0.02,56.04,77080.5,1
2024-03-17,2024-03-17 13:08:00,1393.37,1393.69,1393.37,1393.69,0.02,56.04,77080.5,1
2024-03-17,2024-03-17 13:09:00,1393.69,1394.02,1393.69,1394.02,0.02,56.04,77080.5,1
2024-03-17,2024-03-17 13:10:00,1394.02,1394.35,1394.02,1394.35,0.02,56.04,77080.5,1
2024-03-17,2024-03-17 13:11:00,1394.35,1394.67,1394.35,1394.67,0.02,56.04,77080.5,1
2024-03-17,2024-03-17 13:12:00,1394.67,1395.0,1394.67,1395.0,0.02,56.04,77080.5,1
2024-03-17,2024-03-17 13:13:00,1395.0,1395.33,1395.0,1395.33,0.02,56.04,77080.5,1
2024-03-17,2024-03-17 13:14:00,1395.33,1395.66,1395.33,1395.66,0.02,56.04,77080.5,1
2024-03-17,2024-03-17 13:15:00,1395.66,1395.98,1395.66,1395.98,0.02,56.04,77080.5,1
2024-03-17,2024-03-17 13:16:00,1395.98,1396.31,1395.98,1396.31,0.02,56.04,77080.5,1
2024-03-17,2024-03-17 13:17:00,1396.31,1396.64,1396.31,1396.64,0.02,56.04,77080.5,1
2024-03-17,2024-03-17 13:18:00,1396.64,1396.96,1396.64,1396.96,0.02,56.04,77080.5,1
2024-03-17,2024-03-17 13:19:00,1396.96,1397.29,1396.96,1397.29,0.02,56.04,77080.5,1
2024-03-17,2024-03-17 13:20:00,1397.29,1397.62,1397.29,1397.62,0.02,56.04,77080.5,1
2024-03-17,2024-03-17 13:21:00,1397.62,1397.95,1397.62,1397.95,0.02,56.04,77080.5,1
2024-03-17,2024-03-17 13:22:00,1397.95,1398.27,1397.95,1398.27,0.02,56.04,77080.5,1
2024-03-17,2024-03-17 13:23:00,1398.27,1398.6,1398.27,1398.6,0.02,56.04,77080.5,1
2024-03-17,2024-03-17 13:24:00,1398.6,1398.93,1398.6,1398.93,0.02,56.04,77080.5,1
2024-03-17,2024-03-17 13:25:00,1398.93,1399.25,1398.93,1399.25,0.02,56.04,77080.5,1
2024-03-17,2024-03-17 13:26:00,1399.25,1399.58,1399.25,1399.58,0.02,56.04,77080.5,1
2024-03-17,2024-03-17 13:27:00,1399.58,1399.91,1399.58,1399.91,0.02,56.04,77080.5,1
2024-03-17,2024-03-17 13:28:00,1399.91,1400.24,1399.91,1400.24,0.02,56.04,77080.5,1
2024-03-17,2024-03-17 13:29:00,1400.24,1400.56,1400.24,1400.56,0.02,56.04,77080.5,1
2024-03-17,2024-03-17 13:30:00,1400.56,1400.89,1400.56,1400.89,0.02,56.04,77080.5,1
2024-03-17,2024-03-17 13:31:00,1400.89,1401.22,1400.89,1401.22,0.02,56.04,77080.5,1
2024-03-17,2024-03-17 13:32:00,1401.22,1401.54,1401.22,1401.54,0.02,56.04,77080.5,1
2024-03-17,2024-03-17 13:33:00,1401.54,1401.87,1401.54,1401.87,0.02,56.04,77080.5,1
2024-03-17,2024-03-17 13:34:00,1401.87,1402.2,1401.87,1402.2,0.02,56.04,77080.5,1
2024-03-17,2024-03-17 13:35:00,1402.2,1402.53,1402.2,1402.53,0.02,56.04,77080.5,1
2024-03-17,2024-03-17 13:36:00,1402.53,1402.85,1402.53,1402.85,0.02,56.04,77080.5,1
2024-03-17,2024-03-17 13:37:00,1402.85,1403.18,1402.85,1403.18,0.02,56.04,77080.5,1
2024-03-17,2024-03-17 13:38:00,1403.18,1403.51,1403.18,1403.51,0.02,56.04,77080.5,1
2024-03-17,2024-03-17 13:39:00,1403.51,1403.83,1403.51,1403.83,0.02,56.04,77080.5,1
2024-03-17,2024-03-17 13:40:00,1403.83,1404.16,1403.83,1404.16,0.02,56.04,77080.5,1
2024-03-17,2024-03-17 13:41:00,1404.16,1404.49,1404.16,1404.49,0.02,56.04,77080.5,1
2024-03-17,2024-03-17 13:42:00,1404.49,1404.81,1404.49,1404.81,0.02,56.04,77080.5,1
2024-03-17,2024-03-17 13:43:00,1404.81,1405.14,1404.81,1405.14,0.02,56.04,77080.5,1
2024-03-17,2024-03-17 13:44:00,1405.14,1405.47,1405.14,1405.47,0.02,56.04,77080.5,1
2024-03-17,2024-03-17 13:45:00,1405.47,1405.8,1405.47,1405.8,0.02,56.04,77080.5,1
2024-03-17,2024-03-17 13:46:00,1405.8,1406.12,1405.8,1406.12,0.02,56.04,77080.5,1
2024-03-17,2024-03-17 13:47:00,1406.12,1406.45,1406.12,1406.45,0.02,56.04,77080.5,1
2024-03-17,2024-03-17 13:48:00,1406.45,1406.78,1406.45,1406.78,0.02,56.04,77080.5,1
2024-03-17,2024-03-17 13:49:00,1406.78,1407.1,1406.78,1407.1,0.02,56.04,77080.5,1
2024-03-17,2024-03-17 13:50:00,1407.1,1407.43,1407.1,1407.43,0.02,56.04,77080.5,1
2024-03-17,2024-03-17 13:51:00,1407.43,1407.76,1407.43,1407.76,0.02,56.04,77080.5,1
2024-03-17,2024-03-17 13:52:00,1407.76,1408.09,1407.76,1408.09,0.02,56.04,77080.5,1
2024-03-17,2024-03-17 13:53:00,1408.09,1408.41,1408.09,1408.41,0.02,56.04,77080.5,1
2024-03-17,2024-03-17 13:54:00,1408.41,1408.74,1408.41,1408.74,0.02,56.04,77080.5,1
2024-03-17,2024-03-17 13:55:00,1408.74,1409.07,1408.74,1409.07,0.02,56.04,77080.5,1
2024-03-17,2024-03-17 13:56:00,1409.07,1409.39,1409.07,1409.39,0.02,56.04,77080.5,1
2024-03-17,2024-03-17 13:57:00,1409.39,1409.72,1409.39,1409.72,0.02,56.04,77080.5,1
2024-03-17,2024-03-17 13:58:00,1409.72,1410.05,1409.72,1410.05,0.02,56.04,77080.5,1
2024-03-17,2024-03-17 13:59:00,1410.05,1410.38,1410.05,1410.38,0.02,56.04,77080.5,1
2024-03-17,2024-03-17 14:00:00,1410.38,1410.7,1410.38,1410.7,0.02,56.04,77080.5,1
2024-03-17,2024-03-17 14:01:00,1410.7,1411.03,1410.7,1411.03,0.02,56.04,77080.5,1
2024-03-17,2024-03-17 14:02:00,1411.03,1411.36,1411.03,1411.36,0.02,56.04,77080.5,1
2024-03-17,2024-03-17 14:03:00,1411.36,1411.68,1411.36,1411.68,0.02,56.04,77080.5,1
2024-03-17,2024-03-17 14:04:00,1411.68,1412.01,1411.68,1412.01,0.02,56.04,77080.5,1
2024-03-17,2024-03-17 14:05:00,1412.01,1412.34,1412.01,1412.34,0.02,56.04,77080.5,1
2024-03-17,2024-03-17 14:06:00,1412.34,1412.66,1412.34,1412.66,0.02,56.04,77080.5,1
2024-03-17,2024-03-17 14:07:00,1412.66,1412.99,1412.66,1412.99,0.02,56.04,77080.5,1
2024-03-17,2024-03-17 14:08:00,1412.99,1413.32,1412.99,1413.32,0.02,56.04,77080.5,1
2024-03-17,2024-03-17 14:09:00,1413.32,1413.65,1413.32,1413.65,0.02,56.04,77080.5,1
2024-03-17,2024-03-17 14:10:00,1413.65,1413.97,1413.65,1413.97,0.02,56.04,77080.5,1
2024-03-17,2024-03-17 14:11:00,1413.97,1414.3,1413.97,1414.3,0.02,56.04,77080.5,1
2024-03-17,2024-03-17 14:12:00,1414.3,1414.63,1414.3,1414.63,0.02,56.04,77080.5,1
2024-03-17,2024-03-17 14:13:00,1414.63,1414.95,1414.63,1414.95,0.02,56.04,77080.5,1
2024-03-17,2024-03-17 14:14:00,1414.95,1415.28,1414.95,1415.28,0.02,56.04,77080.5,1
2024-03-17,2024-03-17 14:15:00,1415.28,1415.61,1415.28,1415.61,0.02,56.04,77080.5,1
2024-03-17,2024-03-17 14:16:00,1415.61,1415.94,1415.61,1415.94,0.02,56.04,77080.5,1
2024-03-17,2024-03-17 14:17:00,1415.94,1416.26,1415.94,1416.26,0.02,56.04,77080.5,1
2024-03-17,2024-03-17 14:18:00,1416.26,1416.59,1416.26,1416.59,0.02,56.04,77080.5,1
2024-03-17,2024-03-17 14:19:00,1416.59,1416.92,1416.59,1416.92,0.02,56.04,77080.5,1
2024-03-17,2024-03-17 14:20:00,1416.92,1417.24,1416.92,1417.24,0.02,56.04,77080.5,1
2024-03-17,2024-03-17 14:21:00,1417.24,1417.57,1417.24,1417.57,0.02,56.04,77080.5,1
2024-03-17,2024-03-17 14:22:00,1417.57,1417.9,1417.57,1417.9,0.02,56.04,77080.5,1
2024-03-17,2024-03-17 14:23:00,1417.9,1418.22,1417.9,1418.22,0.02,56.04,77080.5,1
2024-03-17,2024-03-17 14:24:00,1418.22,1418.55,1418.22,1418.55,0.02,56.04,77080.5,1
2024-03-17,2024-03-17 14:25:00,1418.55,1418.88,1418.55,1418.88,0.02,56.04,77080.5,1
2024-03-17,2024-03-17 14:26:00,1418.88,1419.21,1418.88,1419.21,0.02,56.04,77080.5,1
2024-03-17,2024-03-17 14:27:00,1419.21,1419.53,1419.21,1419.53,0.02,56.04,77080.5,1
2024-03-17,2024-03-17 14:28:00,1419.53,1419.86,1419.53,1419.86,0.02,56.04,77080.5,1
2024-03-17,2024-03-17 14:29:00,1419.86,1420.19,1419.86,1420.19,0.02,56.04,77080.5,1
2024-03-17,2024-03-17 14:30:00,1420.19,1420.51,1420.19,1420.51,0.02,56.04,77080.5,1
2024-03-17,2024-03-17 14:31:00,1420.51,1420.84,1420.51,1420.84,0.02,56.04,77080.5,1
2024-03-17,2024-03-17 14:32:00,1420.84,1421.17,1420.84,1421.17,0.02,56.04,77080.5,1
2024-03-17,2024-03-17 14:33:00,1421.17,1421.5,1421.17,1421.5,0.02,56.04,77080.5,1
2024-03-17,2024-03-17 14:34:00,1421.5,1421.82,1421.5,1421.82,0.02,56.04,77080.5,1
2024-03-17,2024-03-17 14:35:00,1421.82,1422.15,1421.82,1422.15,0.02,56.04,77080.5,1
2024-03-17,2024-03-17 14:36:00,1422.15,1422.48,1422.15,1422.48,0.02,56.04,77080.5,1
2024-03-17,2024-03-17 14:37:00,1422.48,1422.8,1422.48,1422.8,0.02,56.04,77080.5,1
2024-03-17,2024-03-17 14:38:00,1422.8,1423.13,1422.8,1423.13,0.02,56.04,77080.5,1
2024-03-17,2024-03-17 14:39:00,1423.13,1423.46,1423.13,1423.46,0.02,56.04,77080.5,1
2024-03-17,2024-03-17 14:40:00,1423.46,1423.79,1423.46,1423.79,0.02,56.04,77080.5,1
2024-03-17,2024-03-17 14:41:00,1423.79,1424.11,1423.79,1424.11,0.02,56.04,77080.5,1
2024-03-17,2024-03-17 14:42:00,1424.11,1424.44,1424.11,1424.44,0.02,56.04,77080.5,1
2024-03-17,2024-03-17 14:43:00,1424.44,1424.77,1424.44,1424.77,0.02,56.04,77080.5,1
2024-03-17,2024-03-17 14:44:00,1424.77,1425.09,1424.77,1425.09,0.02,56.04,77080.5,1
2024-03-17,2024-03-17 14:45:00,1425.09,1425.42,1425.09,1425.42,0.02,56.04,77080.5,1
2024-03-17,2024-03-17 14:46:00,1425.42,1425.75,1425.42,1425.75,0.02,56.04,77080.5,1
2024-03-17,2024-03-17 14:47:00,1425.75,1426.08,1425.75,1426.08,0.02,56.04,77080.5,1
2024-03-17,2024-03-17 14:48:00,1426.08,1426.4,1426.08,1426.4,0.02,56.04,77080.5,1
2024-03-17,2024-03-17 14:49:00,1426.4,1426.73,1426.4,1426.73,0.02,56.04,77080.5,1
2024-03-17,2024-03-17 14:50:00,1426.73,1427.06,1426.73,1427.06,0.02,56.04,77080.5,1
2024-03-17,2024-03-17 14:51:00,1427.06,1427.38,1427.06,1427.38,0.02,56.04,77080.5,1
2024-03-17,2024-03-17 14:52:00,1427.38,1427.71,1427.38,1427.71,0.02,56.04,77080.5,1
2024-03-17,2024-03-17 14:53:00,1427.71,1428.04,1427.71,1428.04,0.02,56.04,77080.5,1
2024-03-17,2024-03-17 14:54:00,1428.04,1428.36,1428.04,1428.36,0.02,56.04,77080.5,1
2024-03-17,2024-03-17 14:55:00,1428.36,1428.69,1428.36,1428.69,0.02,56.04,77080.5,1
2024-03-17,2024-03-17 14:56:00,1428.69,1429.02,1428.69,1429.02,0.02,56.04,77080.5,1
2024-03-17,2024-03-17 14:57:00,1429.02,1429.35,1429.02,1429.35,0.02,56.04,77080.5,1
2024-03-17,2024-03-17 14:58:00,1429.35,1429.67,1429.35,1429.67,0.02,56.04,77080.5,1
2024-03-17,2024-03-17 14:59:00,1429.67,1430.0,1429.67,1430.0,0.02,56.04,77080.5,1
2024-03-17,2024-03-17 15:00:00,1430.0,1458.0,1330.0,1430.0,0.0,56.04,77080.5,0
2024-03-18,2024-03-18 11:00:00,1401.4,1404.58,1384.48,1401.41,0.0,37.4,51916.1,1
2024-03-18,2024-03-18 11:01:00,1401.41,1401.41,1401.41,1401.41,0.0,37.4,51916.1,0
2024-03-18,2024-03-18 11:02:00,1401.41,1401.42,1401.41,1401.42,0.0,37.4,51916.1,1
2024-03-18,2024-03-18 11:03:00,1401.42,1401.43,1401.42,1401.43,0.0,37.4,51916.1,1
2024-03-18,2024-03-18 11:04:00,1401.43,1401.43,1401.43,1401.43,0.0,37.4,51916.1,0
2024-03-18,2024-03-18 11:05:00,1401.43,1401.44,1401.43,1401.44,0.0,37.4,51916.1,1
2024-03-18,2024-03-18 11:06:00,1401.44,1401.44,1401.44,1401.44,0.0,37.4,51916.1,0
2024-03-18,2024-03-18 11:07:00,1401.44,1401.45,1401.44,1401.45,0.0,37.4,51916.1,1
2024-03-18,2024-03-18 11:08:00,1401.45,1401.46,1401.45,1401.46,0.0,37.4,51916.1,1
2024-03-18,2024-03-18 11:09:00,1401.46,1401.46,1401.46,1401.46,0.0,37.4,51916.1,0
2024-03-18,2024-03-18 11:10:00,1401.46,1401.47,1401.46,1401.47,0.0,37.4,51916.1,1
2024-03-18,2024-03-18 11:11:00,1401.47,1401.48,1401.47,1401.48,0.0,37.4,51916.1,1
2024-03-18,2024-03-18 11:12:00,1401.48,1401.48,1401.48,1401.48,0.0,37.4,51916.1,0
2024-03-18,2024-03-18 11:13:00,1401.48,1401.49,1401.48,1401.49,0.0,37.4,51916.1,1
2024-03-18,2024-03-18 11:14:00,1401.49,1401.49,1401.49,1401.49,0.0,37.4,51916.1,0
2024-03-18,2024-03-18 11:15:00,1401.49,1401.5,1401.49,1401.5,0.0,37.4,51916.1,1
2024-03-18,2024-03-18 11:16:00,1401.5,1401.51,1401.5,1401.51,0.0,37.4,51916.1,1
2024-03-18,2024-03-18 11:17:00,1401.51,1401.51,1401.51,1401.51,0.0,37.4,51916.1,0
2024-03-18,2024-03-18 11:18:00,1401.51,1401.52,1401.51,1401.52,0.0,37.4,51916.1,1
2024-03-18,2024-03-18 11:19:00,1401.52,1401.53,1401.52,1401.53,0.0,37.4,51916.1,1
2024-03-18,2024-03-18 11:20:00,1401.53,1401.53,1401.53,1401.53,0.0,37.4,51916.1,0
2024-03-18,2024-03-18 11:21:00,1401.53,1401.54,1401.53,1401.54,0.0,37.4,51916.1,1
2024-03-18,2024-03-18 11:22:00,1401.54,1401.54,1401.54,1401.54,0.0,37.4,51916.1,0
2024-03-18,2024-03-18 11:23:00,1401.54,1401.55,1401.54,1401.55,0.0,37.4,51916.1,1
2024-03-18,2024-03-18 11:24:00,1401.55,1401.56,1401.55,1401.56,0.0,37.4,51916.1,1
2024-03-18,2024-03-18 11:25:00,1401.56,1401.56,1401.56,1401.56,0.0,37.4,51916.1,0
2024-03-18,2024-03-18 11:26:00,1401.56,1401.57,1401.56,1401.57,0.0,37.4,51916.1,1
2024-03-18,2024-03-18 11:27:00,1401.57,1401.58,1401.57,1401.58,0.0,37.4,51916.1,1
2024-03-18,2024-03-18 11:28:00,1401.58,1401.58,1401.58,1401.58,0.0,37.4,51916.1,0
2024-03-18,2024-03-18 11:29:00,1401.58,1401.59,1401.58,1401.59,0.0,37.4,51916.1,1
2024-03-18,2024-03-18 11:30:00,1401.59,1401.59,1401.59,1401.59,0.0,37.4,51916.1,0
2024-03-18,2024-03-18 11:31:00,1401.59,1401.6,1401.59,1401.6,0.0,37.4,51916.1,1
2024-03-18,2024-03-18 11:32:00,1401.6,1401.61,1401.6,1401.61,0.0,37.4,51916.1,1
2024-03-18,2024-03-18 11:33:00,1401.61,1401.61,1401.61,1401.61,0.0,37.4,51916.1,0
2024-03-18,2024-03-18 11:34:00,1401.61,1401.62,1401.61,1401.62,0.0,37.4,51916.1,1
2024-03-18,2024-03-18 11:35:00,1401.62,1401.62,1401.62,1401.62,0.0,37.4,51916.1,0
2024-03-18,2024-03-18 11:36:00,1401.62,1401.63,1401.62,1401.63,0.0,37.4,51916.1,1
2024-03-18,2024-03-18 11:37:00,1401.63,1401.64,1401.63,1401.64,0.0,37.4,51916.1,1
2024-03-18,2024-03-18 11:38:00,1401.64,1401.64,1401.64,1401.64,0.0,37.4,51916.1,0
2024-03-18,2024-03-18 11:39:00,1401.64,1401.65,1401.64,1401.65,0.0,37.4,51916.1,1
2024-03-18,2024-03-18 11:40:00,1401.65,1401.66,1401.65,1401.66,0.0,37.4,51916.1,1
2024-03-18,2024-03-18 11:41:00,1401.66,1401.66,1401.66,1401.66,0.0,37.4,51916.1,0
2024-03-18,2024-03-18 11:42:00,1401.66,1401.67,1401.66,1401.67,0.0,37.4,51916.1,1
2024-03-18,2024-03-18 11:43:00,1401.67,1401.68,1401.67,1401.68,0.0,37.4,51916.1,1
2024-03-18,2024-03-18 11:44:00,1401.68,1401.68,1401.68,1401.68,0.0,37.4,51916.1,0
2024-03-18,2024-03-18 11:45:00,1401.68,1401.69,1401.68,1401.69,0.0,37.4,51916.1,1
2024-03-18,2024-03-18 11:46:00,1401.69,1401.69,1401.69,1401.69,0.0,37.4,51916.1,0
2024-03-18,2024-03-18 11:47:00,1401.69,1401.7,1401.69,1401.7,0.0,37.4,51916.1,1
2024-03-18,2024-03-18 11:48:00,1401.7,1401.71,1401.7,1401.71,0.0,37.4,51916.1,1
2024-03-18,2024-03-18 11:49:00,1401.71,1401.71,1401.71,1401.71,0.0,37.4,51916.1,0
2024-03-18,2024-03-18 11:50:00,1401.71,1401.72,1401.71,1401.72,0.0,37.4,51916.1,1
2024-03-18,2024-03-18 11:51:00,1401.72,1401.73,1401.72,1401.73,0.0,37.4,51916.1,1
2024-03-18,2024-03-18 11:52:00,1401.73,1401.73,1401.73,1401.73,0.0,37.4,51916.1,0
2024-03-18,2024-03-18 11:53:00,1401.73,1401.74,1401.73,1401.74,0.0,37.4,51916.1,1
2024-03-18,2024-03-18 11:54:00,1401.74,1401.74,1401.74,1401.74,0.0,37.4,51916.1,0
2024-03-18,2024-03-18 11:55:00,1401.74,1401.75,1401.74,1401.75,0.0,37.4,51916.1,1
2024-03-18,2024-03-18 11:56:00,1401.75,1401.76,1401.75,1401.76,0.0,37.4,51916.1,1
2024-03-18,2024-03-18 11:57:00,1401.76,1401.76,1401.76,1401.76,0.0,37.4,51916.1,0
2024-03-18,2024-03-18 11:58:00,1401.76,1401.77,1401.76,1401.77,0.0,37.4,51916.1,1
2024-03-18,2024-03-18 11:59:00,1401.77,1401.78,1401.77,1401.78,0.0,37.4,51916.1,1
2024-03-18,2024-03-18 12:00:00,1401.78,1401.78,1401.78,1401.78,0.0,37.4,51916.1,0
2024-03-18,2024-03-18 12:01:00,1401.78,1401.79,1401.78,1401.79,0.0,37.4,51916.1,1
2024-03-18,2024-03-18 12:02:00,1401.79,1401.79,1401.79,1401.79,0.0,37.4,51916.1,0
2024-03-18,2024-03-18 12:03:00,1401.79,1401.8,1401.79,1401.8,0.0,37.4,51916.1,1
2024-03-18,2024-03-18 12:04:00,1401.8,1401.81,1401.8,1401.81,0.0,37.4,51916.1,1
2024-03-18,2024-03-18 12:05:00,1401.81,1401.81,1401.81,1401.81,0.0,37.4,51916.1,0
2024-03-18,2024-03-18 12:06:00,1401.81,1401.82,1401.81,1401.82,0.0,37.4,51916.1,1
2024-03-18,2024-03-18 12:07:00,1401.82,1401.83,1401.82,1401.83,0.0,37.4,51916.1,1
2024-03-18,2024-03-18 12:08:00,1401.83,1401.83,1401.83,1401.83,0.0,37.4,51916.1,0
2024-03-18,2024-03-18 12:09:00,1401.83,1401.84,1401.83,1401.84,0.0,37.4,51916.1,1
2024-03-18,2024-03-18 12:10:00,1401.84,1401.84,1401.84,1401.84,0.0,37.4,51916.1,0
2024-03-18,2024-03-18 12:11:00,1401.84,1401.85,1401.84,1401.85,0.0,37.4,51916.1,1
2024-03-18,2024-03-18 12:12:00,1401.85,1401.86,1401.85,1401.86,0.0,37.4,51916.1,1
2024-03-18,2024-03-18 12:13:00,1401.86,1401.86,1401.86,1401.86,0.0,37.4,51916.1,0
2024-03-18,2024-03-18 12:14:00,1401.86,1401.87,1401.86,1401.87,0.0,37.4,51916.1,1
2024-03-18,2024-03-18 12:15:00,1401.87,1401.88,1401.87,1401.88,0.0,37.4,51916.1,1
2024-03-18,2024-03-18 12:16:00,1401.88,1401.88,1401.88,1401.88,0.0,37.4,51916.1,0
2024-03-18,2024-03-18 12:17:00,1401.88,1401.89,1401.88,1401.89,0.0,37.4,51916.1,1
2024-03-18,2024-03-18 12:18:00,1401.89,1401.89,1401.89,1401.89,0.0,37.4,51916.1,0
2024-03-18,2024-03-18 12:19:00,1401.89,1401.9,1401.89,1401.9,0.0,37.4,51916.1,1
2024-03-18,2024-03-18 12:20:00,1401.9,1401.91,1401.9,1401.91,0.0,37.4,51916.1,1
2024-03-18,2024-03-18 12:21:00,1401.91,1401.91,1401.91,1401.91,0.0,37.4,51916.1,0
2024-03-18,2024-03-18 12:22:00,1401.91,1401.92,1401.91,1401.92,0.0,37.4,51916.1,1
2024-03-18,2024-03-18 12:23:00,1401.92,1401.93,1401.92,1401.93,0.0,37.4,51916.1,1
2024-03-18,2024-03-18 12:24:00,1401.93,1401.93,1401.93,1401.93,0.0,37.4,51916.1,0
2024-03-18,2024-03-18 12:25:00,1401.93,1401.94,1401.93,1401.94,0.0,37.4,51916.1,1
2024-03-18,2024-03-18 12:26:00,1401.94,1401.94,1401.94,1401.94,0.0,37.4,51916.1,0
2024-03-18,2024-03-18 12:27:00,1401.94,1401.95,1401.94,1401.95,0.0,37.4,51916.1,1
2024-03-18,2024-03-18 12:28:00,1401.95,1401.96,1401.95,1401.96,0.0,37.4,51916.1,1
2024-03-18,2024-03-18 12:29:00,1401.96,1401.96,1401.96,1401.96,0.0,37.4,51916.1,0
2024-03-18,2024-03-18 12:30:00,1401.96,1401.97,1401.96,1401.97,0.0,37.4,51916.1,1
2024-03-18,2024-03-18 12:31:00,1401.97,1401.98,1401.97,1401.98,0.0,37.4,51916.1,1
2024-03-18,2024-03-18 12:32:00,1401.98,1401.98,1401.98,1401.98,0.0,37.4,51916.1,0
2024-03-18,2024-03-18 12:33:00,1401.98,1401.99,1401.98,1401.99,0.0,37.4,51916.1,1
2024-03-18,2024-03-18 12:34:00,1401.99,1401.99,1401.99,1401.99,0.0,37.4,51916.1,0
2024-03-18,2024-03-18 12:35:00,1401.99,1402.0,1401.99,1402.0,0.0,37.4,51916.1,1
2024-03-18,2024-03-18 12:36:00,1402.0,1402.01,1402.0,1402.01,0.0,37.4,51916.1,1
2024-03-18,2024-03-18 12:37:00,1402.01,1402.01,1402.01,1402.01,0.0,37.4,51916.1,0
2024-03-18,2024-03-18 12:38:00,1402.01,1402.02,1402.01,1402.02,0.0,37.4,51916.1,1
2024-03-18,2024-03-18 12:39:00,1402.02,1402.03,1402.02,1402.03,0.0,37.4,51916.1,1
2024-03-18,2024-03-18 12:40:00,1402.03,1402.03,1402.03,1402.03,0.0,37.4,51916.1,0
2024-03-18,2024-03-18 12:41:00,1402.03,1402.04,1402.03,1402.04,0.0,37.4,51916.1,1
2024-03-18,2024-03-18 12:42:00,1402.04,1402.04,1402.04,1402.04,0.0,37.4,51916.1,0
2024-03-18,2024-03-18 12:43:00,1402.04,1402.05,1402.04,1402.05,0.0,37.4,51916.1,1
2024-03-18,2024-03-18 12:44:00,1402.05,1402.06,1402.05,1402.06,0.0,37.4,51916.1,1
2024-03-18,2024-03-18 12:45:00,1402.06,1402.06,1402.06,1402.06,0.0,37.4,51916.1,0
2024-03-18,2024-03-18 12:46:00,1402.06,1402.07,1402.06,1402.07,0.0,37.4,51916.1,1
2024-03-18,2024-03-18 12:47:00,1402.07,1402.08,1402.07,1402.08,0.0,37.4,51916.1,1
2024-03-18,2024-03-18 12:48:00,1402.08,1402.08,1402.08,1402.08,0.0,37.4,51916.1,0
2024-03-18,2024-03-18 12:49:00,1402.08,1402.09,1402.08,1402.09,0.0,37.4,51916.1,1
2024-03-18,2024-03-18 12:50:00,1402.09,1402.09,1402.09,1402.09,0.0,37.4,51916.1,0
2024-03-18,2024-03-18 12:51:00,1402.09,1402.1,1402.09,1402.1,0.0,37.4,51916.1,1
2024-03-18,2024-03-18 12:52:00,1402.1,1402.11,1402.1,1402.11,0.0,37.4,51916.1,1
2024-03-18,2024-03-18 12:53:00,1402.11,1402.11,1402.11,1402.11,0.0,37.4,51916.1,0
2024-03-18,2024-03-18 12:54:00,1402.11,1402.12,1402.11,1402.12,0.0,37.4,51916.1,1
2024-03-18,2024-03-18 12:55:00,1402.12,1402.12,1402.12,1402.12,0.0,37.4,51916.1,0
2024-03-18,2024-03-18 12:56:00,1402.12,1402.13,1402.12,1402.13,0.0,37.4,51916.1,1
2024-03-18,2024-03-18 12:57:00,1402.13,1402.14,1402.13,1402.14,0.0,37.4,51916.1,1
2024-03-18,2024-03-18 12:58:00,1402.14,1402.14,1402.14,1402.14,0.0,37.4,51916.1,0
2024-03-18,2024-03-18 12:59:00,1402.14,1402.15,1402.14,1402.15,0.0,37.4,51916.1,1
2024-03-18,2024-03-18 13:00:00,1402.15,1412.0,1345.0,1402.16,0.0,37.4,51916.1,1
2024-03-18,2024-03-18 13:01:00,1402.16,1402.16,1402.16,1402.16,0.0,37.4,51916.1,0
2024-03-18,2024-03-18 13:02:00,1402.16,1402.17,1402.16,1402.17,0.0,37.4,51916.1,1
2024-03-18,2024-03-18 13:03:00,1402.17,1402.18,1402.17,1402.18,0.0,37.4,51916.1,1
2024-03-18,2024-03-18 13:04:00,1402.18,1402.18,1402.18,1402.18,0.0,37.4,51916.1,0
2024-03-18,2024-03-18 13:05:00,1402.18,1402.19,1402.18,1402.19,0.0,37.4,51916.1,1
2024-03-18,2024-03-18 13:06:00,1402.19,1402.19,1402.19,1402.19,0.0,37.4,51916.1,0
2024-03-18,2024-03-18 13:07:00,1402.19,1402.2,1402.19,1402.2,0.0,37.4,51916.1,1
2024-03-18,2024-03-18 13:08:00,1402.2,1402.21,1402.2,1402.21,0.0,37.4,51916.1,1
2024-03-18,2024-03-18 13:09:00,1402.21,1402.21,1402.21,1402.21,0.0,37.4,51916.1,0
2024-03-18,2024-03-18 13:10:00,1402.21,1402.22,1402.21,1402.22,0.0,37.4,51916.1,1
2024-03-18,2024-03-18 13:11:00,1402.22,1402.23,1402.22,1402.23,0.0,37.4,51916.1,1
2024-03-18,2024-03-18 13:12:00,1402.23,1402.23,1402.23,1402.23,0.0,37.4,51916.1,0
2024-03-18,2024-03-18 13:13:00,1402.23,1402.24,1402.23,1402.24,0.0,37.4,51916.1,1
2024-03-18,2024-03-18 13:14:00,1402.24,1402.24,1402.24,1402.24,0.0,37.4,51916.1,0
2024-03-18,2024-03-18 13:15:00,1402.24,1402.25,1402.24,1402.25,0.0,37.4,51916.1,1
2024-03-18,2024-03-18 13:16:00,1402.25,1402.26,1402.25,1402.26,0.0,37.4,51916.1,1
2024-03-18,2024-03-18 13:17:00,1402.26,1402.26,1402.26,1402.26,0.0,37.4,51916.1,0
2024-03-18,2024-03-18 13:18:00,1402.26,1402.27,1402.26,1402.27,0.0,37.4,51916.1,1
2024-03-18,2024-03-18 13:19:00,1402.27,1402.28,1402.27,1402.28,0.0,37.4,51916.1,1
2024-03-18,2024-03-18 13:20:00,1402.28,1402.28,1402.28,1402.28,0.0,37.4,51916.1,0
2024-03-18,2024-03-18 13:21:00,1402.28,1402.29,1402.28,1402.29,0.0,37.4,51916.1,1
2024-03-18,2024-03-18 13:22:00,1402.29,1402.29,1402.29,1402.29,0.0,37.4,51916.1,0
2024-03-18,2024-03-18 13:23:00,1402.29,1402.3,1402.29,1402.3,0.0,37.4,51916.1,1
2024-03-18,2024-03-18 13:24:00,1402.3,1402.31,1402.3,1402.31,0.0,37.4,51916.1,1
2024-03-18,2024-03-18 13:25:00,1402.31,1402.31,1402.31,1402.31,0.0,37.4,51916.1,0
2024-03-18,2024-03-18 13:26:00,1402.31,1402.32,1402.31,1402.32,0.0,37.4,51916.1,1
2024-03-18,2024-03-18 13:27:00,1402.32,1402.33,1402.32,1402.33,0.0,37.4,51916.1,1
2024-03-18,2024-03-18 13:28:00,1402.33,1402.33,1402.33,1402.33,0.0,37.4,51916.1,0
2024-03-18,2024-03-18 13:29:00,1402.33,1402.34,1402.33,1402.34,0.0,37.4,51916.1,1
2024-03-18,2024-03-18 13:30:00,1402.34,1402.34,1402.34,1402.34,0.0,37.4,51916.1,0
2024-03-18,2024-03-18 13:31:00,1402.34,1402.35,1402.34,1402.35,0.0,37.4,51916.1,1
2024-03-18,2024-03-18 13:32:00,1402.35,1402.36,1402.35,1402.36,0.0,37.4,51916.1,1
2024-03-18,2024-03-18 13:33:00,1402.36,1402.36,1402.36,1402.36,0.0,37.4,51916.1,0
2024-03-18,2024-03-18 13:34:00,1402.36,1402.37,1402.36,1402.37,0.0,37.4,51916.1,1
2024-03-18,2024-03-18 13:35:00,1402.37,1402.38,1402.37,1402.38,0.0,37.4,51916.1,1
2024-03-18,2024-03-18 13:36:00,1402.38,1402.38,1402.38,1402.38,0.0,37.4,51916.1,0
2024-03-18,2024-03-18 13:37:00,1402.38,1402.39,1402.38,1402.39,0.0,37.4,51916.1,1
2024-03-18,2024-03-18 13:38:00,1402.39,1402.39,1402.39,1402.39,0.0,37.4,51916.1,0
2024-03-18,2024-03-18 13:39:00,1402.39,1402.4,1402.39,1402.4,0.0,37.4,51916.1,1
2024-03-18,2024-03-18 13:40:00,1402.4,1402.41,1402.4,1402.41,0.0,37.4,51916.1,1
2024-03-18,2024-03-18 13:41:00,1402.41,1402.41,1402.41,1402.41,0.0,37.4,51916.1,0
2024-03-18,2024-03-18 13:42:00,1402.41,1402.42,1402.41,1402.42,0.0,37.4,51916.1,1
2024-03-18,2024-03-18 13:43:00,1402.42,1402.43,1402.42,1402.43,0.0,37.4,51916.1,1
2024-03-18,2024-03-18 13:44:00,1402.43,1402.43,1402.43,1402.43,0.0,37.4,51916.1,0
2024-03-18,2024-03-18 13:45:00,1402.43,1402.44,1402.43,1402.44,0.0,37.4,51916.1,1
2024-03-18,2024-03-18 13:46:00,1402.44,1402.44,1402.44,1402.44,0.0,37.4,51916.1,0
2024-03-18,2024-03-18 13:47:00,1402.44,1402.45,1402.44,1402.45,0.0,37.4,51916.1,1
2024-03-18,2024-03-18 13:48:00,1402.45,1402.46,1402.45,1402.46,0.0,37.4,51916.1,1
2024-03-18,2024-03-18 13:49:00,1402.46,1402.46,1402.46,1402.46,0.0,37.4,51916.1,0
2024-03-18,2024-03-18 13:50:00,1402.46,1402.47,1402.46,1402.47,0.0,37.4,51916.1,1
2024-03-18,2024-03-18 13:51:00,1402.47,1402.48,1402.47,1402.48,0.0,37.4,51916.1,1
2024-03-18,2024-03-18 13:52:00,1402.48,1402.48,1402.48,1402.48,0.0,37.4,51916.1,0
2024-03-18,2024-03-18 13:53:00,1402.48,1402.49,1402.48,1402.49,0.0,37.4,51916.1,1
2024-03-18,2024-03-18 13:54:00,1402.49,1402.49,1402.49,1402.49,0.0,37.4,51916.1,0
2024-03-18,2024-03-18 13:55:00,1402.49,1402.5,1402.49,1402.5,0.0,37.4,51916.1,1
2024-03-18,2024-03-18 13:56:00,1402.5,1402.51,1402.5,1402.51,0.0,37.4,51916.1,1
2024-03-18,2024-03-18 13:57:00,1402.51,1402.51,1402.51,1402.51,0.0,37.4,51916.1,0
2024-03-18,2024-03-18 13:58:00,1402.51,1402.52,1402.51,1402.52,0.0,37.4,51916.1,1
2024-03-18,2024-03-18 13:59:00,1402.52,1402.53,1402.52,1402.53,0.0,37.4,51916.1,1
2024-03-18,2024-03-18 14:00:00,1402.53,1402.53,1402.53,1402.53,0.0,37.4,51916.1,0
2024-03-18,2024-03-18 14:01:00,1402.53,1402.54,1402.53,1402.54,0.0,37.4,51916.1,1
2024-03-18,2024-03-18 14:02:00,1402.54,1402.54,1402.54,1402.54,0.0,37.4,51916.1,0
2024-03-18,2024-03-18 14:03:00,1402.54,1402.55,1402.54,1402.55,0.0,37.4,51916.1,1
2024-03-18,2024-03-18 14:04:00,1402.55,1402.56,1402.55,1402.56,0.0,37.4,51916.1,1
2024-03-18,2024-03-18 14:05:00,1402.56,1402.56,1402.56,1402.56,0.0,37.4,51916.1,0
2024-03-18,2024-03-18 14:06:00,1402.56,1402.57,1402.56,1402.57,0.0,37.4,51916.1,1
2024-03-18,2024-03-18 14:07:00,1402.57,1402.58,1402.57,1402.58,0.0,37.4,51916.1,1
2024-03-18,2024-03-18 14:08:00,1402.58,1402.58,1402.58,1402.58,0.0,37.4,51916.1,0
2024-03-18,2024-03-18 14:09:00,1402.58,1402.59,1402.58,1402.59,0.0,37.4,51916.1,1
2024-03-18,2024-03-18 14:10:00,1402.59,1402.59,1402.59,1402.59,0.0,37.4,51916.1,0
2024-03-18,2024-03-18 14:11:00,1402.59,1402.6,1402.59,1402.6,0.0,37.4,51916.1,1
2024-03-18,2024-03-18 14:12:00,1402.6,1402.61,1402.6,1402.61,0.0,37.4,51916.1,1
2024-03-18,2024-03-18 14:13:00,1402.61,1402.61,1402.61,1402.61,0.0,37.4,51916.1,0
2024-03-18,2024-03-18 14:14:00,1402.61,1402.62,1402.61,1402.62,0.0,37.4,51916.1,1
2024-03-18,2024-03-18 14:15:00,1402.62,1402.62,1402.62,1402.62,0.0,37.4,51916.1,0
2024-03-18,2024-03-18 14:16:00,1402.62,1402.63,1402.62,1402.63,0.0,37.4,51916.1,1
2024-03-18,2024-03-18 14:17:00,1402.63,1402.64,1402.63,1402.64,0.0,37.4,51916.1,1
2024-03-18,2024-03-18 14:18:00,1402.64,1402.64,1402.64,1402.64,0.0,37.4,51916.1,0
2024-03-18,2024-03-18 14:19:00,1402.64,1402.65,1402.64,1402.65,0.0,37.4,51916.1,1
2024-03-18,2024-03-18 14:20:00,1402.65,1402.66,1402.65,1402.66,0.0,37.4,51916.1,1
2024-03-18,2024-03-18 14:21:00,1402.66,1402.66,1402.66,1402.66,0.0,37.4,51916.1,0
2024-03-18,2024-03-18 14:22:00,1402.66,1402.67,1402.66,1402.67,0.0,37.4,51916.1,1
2024-03-18,2024-03-18 14:23:00,1402.67,1402.68,1402.67,1402.68,0.0,37.4,51916.1,1
2024-03-18,2024-03-18 14:24:00,1402.68,1402.68,1402.68,1402.68,0.0,37.4,51916.1,0
2024-03-18,2024-03-18 14:25:00,1402.68,1402.69,1402.68,1402.69,0.0,37.4,51916.1,1
2024-03-18,2024-03-18 14:26:00,1402.69,1402.69,1402.69,1402.69,0.0,37.4,51916.1,0
2024-03-18,2024-03-18 14:27:00,1402.69,1402.7,1402.69,1402.7,0.0,37.4,51916.1,1
2024-03-18,2024-03-18 14:28:00,1402.7,1402.71,1402.7,1402.71,0.0,37.4,51916.1,1
2024-03-18,2024-03-18 14:29:00,1402.71,1402.71,1402.71,1402.71,0.0,37.4,51916.1,0
2024-03-18,2024-03-18 14:30:00,1402.71,1402.72,1402.71,1402.72,0.0,37.4,51916.1,1
2024-03-18,2024-03-18 14:31:00,1402.72,1402.73,1402.72,1402.73,0.0,37.4,51916.1,1
2024-03-18,2024-03-18 14:32:00,1402.73,1402.73,1402.73,1402.73,0.0,37.4,51916.1,0
2024-03-18,2024-03-18 14:33:00,1402.73,1402.74,1402.73,1402.74,0.0,37.4,51916.1,1
2024-03-18,2024-03-18 14:34:00,1402.74,1402.74,1402.74,1402.74,0.0,37.4,51916.1,0
2024-03-18,2024-03-18 14:35:00,1402.74,1402.75,1402.74,1402.75,0.0,37.4,51916.1,1
2024-03-18,2024-03-18 14:36:00,1402.75,1402.76,1402.75,1402.76,0.0,37.4,51916.1,1
2024-03-18,2024-03-18 14:37:00,1402.76,1402.76,1402.76,1402.76,0.0,37.4,51916.1,0
2024-03-18,2024-03-18 14:38:00,1402.76,1402.77,1402.76,1402.77,0.0,37.4,51916.1,1
2024-03-18,2024-03-18 14:39:00,1402.77,1402.78,1402.77,1402.78,0.0,37.4,51916.1,1
2024-03-18,2024-03-18 14:40:00,1402.78,1402.78,1402.78,1402.78,0.0,37.4,51916.1,0
2024-03-18,2024-03-18 14:41:00,1402.78,1402.79,1402.78,1402.79,0.0,37.4,51916.1,1
2024-03-18,2024-03-18 14:42:00,1402.79,1402.79,1402.79,1402.79,0.0,37.4,51916.1,0
2024-03-18,2024-03-18 14:43:00,1402.79,1402.8,1402.79,1402.8,0.0,37.4,51916.1,1
2024-03-18,2024-03-18 14:44:00,1402.8,1402.81,1402.8,1402.81,0.0,37.4,51916.1,1
2024-03-18,2024-03-18 14:45:00,1402.81,1402.81,1402.81,1402.81,0.0,37.4,51916.1,0
2024-03-18,2024-03-18 14:46:00,1402.81,1402.82,1402.81,1402.82,0.0,37.4,51916.1,1
2024-03-18,2024-03-18 14:47:00,1402.82,1402.83,1402.82,1402.83,0.0,37.4,51916.1,1
2024-03-18,2024-03-18 14:48:00,1402.83,1402.83,1402.83,1402.83,0.0,37.4,51916.1,0
2024-03-18,2024-03-18 14:49:00,1402.83,1402.84,1402.83,1402.84,0.0,37.4,51916.1,1
2024-03-18,2024-03-18 14:50:00,1402.84,1402.84,1402.84,1402.84,0.0,37.4,51916.1,0
2024-03-18,2024-03-18 14:51:00,1402.84,1402.85,1402.84,1402.85,0.0,37.4,51916.1,1
2024-03-18,2024-03-18 14:52:00,1402.85,1402.86,1402.85,1402.86,0.0,37.4,51916.1,1
2024-03-18,2024-03-18 14:53:00,1402.86,1402.86,1402.86,1402.86,0.0,37.4,51916.1,0
2024-03-18,2024-03-18 14:54:00,1402.86,1402.87,1402.86,1402.87,0.0,37.4,51916.1,1
2024-03-18,2024-03-18 14:55:00,1402.87,1402.88,1402.87,1402.88,0.0,37.4,51916.1,1
2024-03-18,2024-03-18 14:56:00,1402.88,1402.88,1402.88,1402.88,0.0,37.4,51916.1,0
2024-03-18,2024-03-18 14:57:00,1402.88,1402.89,1402.88,1402.89,0.0,37.4,51916.1,1
2024-03-18,2024-03-18 14:58:00,1402.89,1402.89,1402.89,1402.89,0.0,37.4,51916.1,0
2024-03-18,2024-03-18 14:59:00,1402.89,1402.9,1402.89,1402.9,0.0,37.4,51916.1,1
2024-03-18,2024-03-18 15:00:00,1402.9,1412.0,1345.0,1402.9,0.0,37.4,51916.1,0
2024-03-19,2024-03-19 11:00:00,1402.9,1402.9,1387.03,1402.83,-0.0,48.54,66614.14,-1
2024-03-19,2024-03-19 11:01:00,1402.83,1402.83,1402.76,1402.76,-0.0,48.54,66614.14,-1
2024-03-19,2024-03-19 11:02:00,1402.76,1402.76,1402.69,1402.69,-0.0,48.54,66614.14,-1
2024-03-19,2024-03-19 11:03:00,1402.69,1402.69,1402.62,1402.62,-0.0,48.54,66614.14,-1
2024-03-19,2024-03-19 11:04:00,1402.62,1402.62,1402.55,1402.55,-0.0,48.54,66614.14,-1
2024-03-19,2024-03-19 11:05:00,1402.55,1402.55,1402.48,1402.48,-0.0,48.54,66614.14,-1
2024-03-19,2024-03-19 11:06:00,1402.48,1402.48,1402.4,1402.4,-0.01,48.54,66614.14,-1
2024-03-19,2024-03-19 11:07:00,1402.4,1402.4,1402.33,1402.33,-0.0,48.54,66614.14,-1
2024-03-19,2024-03-19 11:08:00,1402.33,1402.33,1402.26,1402.26,-0.0,48.54,66614.14,-1
2024-03-19,2024-03-19 11:09:00,1402.26,1402.26,1402.19,1402.19,-0.0,48.54,66614.14,-1
2024-03-19,2024-03-19 11:10:00,1402.19,1402.19,1402.12,1402.12,-0.0,48.54,66614.14,-1
2024-03-19,2024-03-19 11:11:00,1402.12,1402.12,1402.05,1402.05,-0.0,48.54,66614.14,-1
2024-03-19,2024-03-19 11:12:00,1402.05,1402.05,1401.98,1401.98,-0.0,48.54,66614.14,-1
2024-03-19,2024-03-19 11:13:00,1401.98,1401.98,1401.91,1401.91,-0.0,48.54,66614.14,-1
2024-03-19,2024-03-19 11:14:00,1401.91,1401.91,1401.84,1401.84,-0.0,48.54,66614.14,-1
2024-03-19,2024-03-19 11:15:00,1401.84,1401.84,1401.77,1401.77,-0.0,48.54,66614.14,-1
2024-03-19,2024-03-19 11:16:00,1401.77,1401.77,1401.7,1401.7,-0.0,48.54,66614.14,-1
2024-03-19,2024-03-19 11:17:00,1401.7,1401.7,1401.62,1401.62,-0.01,48.54,66614.14,-1
2024-03-19,2024-03-19 11:18:00,1401.62,1401.62,1401.55,1401.55,-0.0,48.54,66614.14,-1
2024-03-19,2024-03-19 11:19:00,1401.55,1401.55,1401.48,1401.48,-0.0,48.54,66614.14,-1
2024-03-19,2024-03-19 11:20:00,1401.48,1401.48,1401.41,1401.41,-0.0,48.54,66614.14,-1
2024-03-19,2024-03-19 11:21:00,1401.41,1401.41,1401.34,1401.34,-0.0,48.54,66614.14,-1
2024-03-19,2024-03-19 11:22:00,1401.34,1401.34,1401.27,1401.27,-0.0,48.54,66614.14,-1
2024-03-19,2024-03-19 11:23:00,1401.27,1401.27,1401.2,1401.2,-0.0,48.54,66614.14,-1
2024-03-19,2024-03-19 11:24:00,1401.2,1401.2,1401.13,1401.13,-0.0,48.54,66614.14,-1
2024-03-19,2024-03-19 11:25:00,1401.13,1401.13,1401.06,1401.06,-0.0,48.54,66614.14,-1
2024-03-19,2024-03-19 11:26:00,1401.06,1401.06,1400.99,1400.99,-0.0,48.54,66614.14,-1
2024-03-19,2024-03-19 11:27:00,1400.99,1400.99,1400.92,1400.92,-0.0,48.54,66614.14,-1
2024-03-19,2024-03-19 11:28:00,1400.92,1400.92,1400.85,1400.85,-0.0,48.54,66614.14,-1
2024-03-19,2024-03-19 11:29:00,1400.85,1400.85,1400.78,1400.78,-0.0,48.54,66614.14,-1
2024-03-19,2024-03-19 11:30:00,1400.78,1400.78,1400.7,1400.7,-0.01,48.54,66614.14,-1
2024-03-19,2024-03-19 11:31:00,1400.7,1400.7,1400.63,1400.63,-0.0,48.54,66614.14,-1
2024-03-19,2024-03-19 11:32:00,1400.63,1400.63,1400.56,1400.56,-0.0,48.54,66614.14,-1
2024-03-19,2024-03-19 11:33:00,1400.56,1400.56,1400.49,1400.49,-0.0,48.54,66614.14,-1
2024-03-19,2024-03-19 11:34:00,1400.49,1400.49,1400.42,1400.42,-0.0,48.54,66614.14,-1
2024-03-19,2024-03-19 11:35:00,1400.42,1400.42,1400.35,1400.35,-0.0,48.54,66614.14,-1
2024-03-19,2024-03-19 11:36:00,1400.35,1400.35,1400.28,1400.28,-0.0,48.54,66614.14,-1
2024-03-19,2024-03-19 11:37:00,1400.28,1400.28,1400.21,1400.21,-0.0,48.54,66614.14,-1
2024-03-19,2024-03-19 11:38:00,1400.21,1400.21,1400.14,1400.14,-0.0,48.54,66614.14,-1
2024-03-19,2024-03-19 11:39:00,1400.14,1400.14,1400.07,1400.07,-0.0,48.54,66614.14,-1
2024-03-19,2024-03-19 11:40:00,1400.07,1400.07,1400.0,1400.0,-0.0,48.54,66614.14,-1
2024-03-19,2024-03-19 11:41:00,1400.0,1400.0,1399.93,1399.93,-0.0,48.54,66614.14,-1
2024-03-19,2024-03-19 11:42:00,1399.93,1399.93,1399.85,1399.85,-0.01,48.54,66614.14,-1
2024-03-19,2024-03-19 11:43:00,1399.85,1399.85,1399.78,1399.78,-0.01,48.54,66614.14,-1
2024-03-19,2024-03-19 11:44:00,1399.78,1399.78,1399.71,1399.71,-0.01,48.54,66614.14,-1
2024-03-19,2024-03-19 11:45:00,1399.71,1399.71,1399.64,1399.64,-0.01,48.54,66614.14,-1
2024-03-19,2024-03-19 11:46:00,1399.64,1399.64,1399.57,1399.57,-0.01,48.54,66614.14,-1
2024-03-19,2024-03-19 11:47:00,1399.57,1399.57,1399.5,1399.5,-0.01,48.54,66614.14,-1
2024-03-19,2024-03-19 11:48:00,1399.5,1399.5,1399.43,1399.43,-0.01,48.54,66614.14,-1
2024-03-19,2024-03-19 11:49:00,1399.43,1399.43,1399.36,1399.36,-0.01,48.54,66614.14,-1
2024-03-19,2024-03-19 11:50:00,1399.36,1399.36,1399.29,1399.29,-0.01,48.54,66614.14,-1
2024-03-19,2024-03-19 11:51:00,1399.29,1399.29,1399.22,1399.22,-0.01,48.54,66614.14,-1
2024-03-19,2024-03-19 11:52:00,1399.22,1399.22,1399.15,1399.15,-0.01,48.54,66614.14,-1
2024-03-19,2024-03-19 11:53:00,1399.15,1399.15,1399.08,1399.08,-0.01,48.54,66614.14,-1
2024-03-19,2024-03-19 11:54:00,1399.08,1399.08,1399.0,1399.0,-0.01,48.54,66614.14,-1
2024-03-19,2024-03-19 11:55:00,1399.0,1399.0,1398.93,1398.93,-0.01,48.54,66614.14,-1
2024-03-19,2024-03-19 11:56:00,1398.93,1398.93,1398.86,1398.86,-0.01,48.54,66614.14,-1
2024-03-19,2024-03-19 11:57:00,1398.86,1398.86,1398.79,1398.79,-0.01,48.54,66614.14,-1
2024-03-19,2024-03-19 11:58:00,1398.79,1398.79,1398.72,1398.72,-0.01,48.54,66614.14,-1
2024-03-19,2024-03-19 11:59:00,1398.72,1398.72,1398.65,1398.65,-0.01,48.54,66614.14,-1
2024-03-19,2024-03-19 12:00:00,1398.65,1398.65,1398.58,1398.58,-0.01,48.54,66614.14,-1
2024-03-19,2024-03-19 12:01:00,1398.58,1398.58,1398.51,1398.51,-0.01,48.54,66614.14,-1
2024-03-19,2024-03-19 12:02:00,1398.51,1398.51,1398.44,1398.44,-0.01,48.54,66614.14,-1
2024-03-19,2024-03-19 12:03:00,1398.44,1398.44,1398.37,1398.37,-0.01,48.54,66614.14,-1
2024-03-19,2024-03-19 12:04:00,1398.37,1398.37,1398.3,1398.3,-0.01,48.54,66614.14,-1
2024-03-19,2024-03-19 12:05:00,1398.3,1398.3,1398.23,1398.23,-0.01,48.54,66614.14,-1
2024-03-19,2024-03-19 12:06:00,1398.23,1398.23,1398.15,1398.15,-0.01,48.54,66614.14,-1
2024-03-19,2024-03-19 12:07:00,1398.15,1398.15,1398.08,1398.08,-0.01,48.54,66614.14,-1
2024-03-19,2024-03-19 12:08:00,1398.08,1398.08,1398.01,1398.01,-0.01,48.54,66614.14,-1
2024-03-19,2024-03-19 12:09:00,1398.01,1398.01,1397.94,1397.94,-0.01,48.54,66614.14,-1
2024-03-19,2024-03-19 12:10:00,1397.94,1397.94,1397.87,1397.87,-0.01,48.54,66614.14,-1
2024-03-19,2024-03-19 12:11:00,1397.87,1397.87,1397.8,1397.8,-0.01,48.54,66614.14,-1
2024-03-19,2024-03-19 12:12:00,1397.8,1397.8,1397.73,1397.73,-0.01,48.54,66614.14,-1
2024-03-19,2024-03-19 12:13:00,1397.73,1397.73,1397.66,1397.66,-0.01,48.54,66614.14,-1
2024-03-19,2024-03-19 12:14:00,1397.66,1397.66,1397.59,1397.59,-0.01,48.54,66614.14,-1
2024-03-19,2024-03-19 12:15:00,1397.59,1397.59,1397.52,1397.52,-0.01,48.54,66614.14,-1
2024-03-19,2024-03-19 12:16:00,1397.52,1397.52,1397.45,1397.45,-0.01,48.54,66614.14,-1
2024-03-19,2024-03-19 12:17:00,1397.45,1397.45,1397.38,1397.38,-0.01,48.54,66614.14,-1
2024-03-19,2024-03-19 12:18:00,1397.38,1397.38,1397.3,1397.3,-0.01,48.54,66614.14,-1
2024-03-19,2024-03-19 12:19:00,1397.3,1397.3,1397.23,1397.23,-0.01,48.54,66614.14,-1
2024-03-19,2024-03-19 12:20:00,1397.23,1397.23,1397.16,1397.16,-0.01,48.54,66614.14,-1
2024-03-19,2024-03-19 12:21:00,1397.16,1397.16,1397.09,1397.09,-0.01,48.54,66614.14,-1
2024-03-19,2024-03-19 12:22:00,1397.09,1397.09,1397.02,1397.02,-0.01,48.54,66614.14,-1
2024-03-19,2024-03-19 12:23:00,1397.02,1397.02,1396.95,1396.95,-0.01,48.54,66614.14,-1
2024-03-19,2024-03-19 12:24:00,1396.95,1396.95,1396.88,1396.88,-0.01,48.54,66614.14,-1
2024-03-19,2024-03-19 12:25:00,1396.88,1396.88,1396.81,1396.81,-0.01,48.54,66614.14,-1
2024-03-19,2024-03-19 12:26:00,1396.81,1396.81,1396.74,1396.74,-0.01,48.54,66614.14,-1
2024-03-19,2024-03-19 12:27:00,1396.74,1396.74,1396.67,1396.67,-0.01,48.54,66614.14,-1
2024-03-19,2024-03-19 12:28:00,1396.67,1396.67,1396.6,1396.6,-0.01,48.54,66614.14,-1
2024-03-19,2024-03-19 12:29:00,1396.6,1396.6,1396.53,1396.53,-0.01,48.54,66614.14,-1
2024-03-19,2024-03-19 12:30:00,1396.53,1396.53,1396.45,1396.45,-0.01,48.54,66614.14,-1
2024-03-19,2024-03-19 12:31:00,1396.45,1396.45,1396.38,1396.38,-0.01,48.54,66614.14,-1
2024-03-19,2024-03-19 12:32:00,1396.38,1396.38,1396.31,1396.31,-0.01,48.54,66614.14,-1
2024-03-19,2024-03-19 12:33:00,1396.31,1396.31,1396.24,1396.24,-0.01,48.54,66614.14,-1
2024-03-19,2024-03-19 12:34:00,1396.24,1396.24,1396.17,1396.17,-0.01,48.54,66614.14,-1
2024-03-19,2024-03-19 12:35:00,1396.17,1396.17,1396.1,1396.1,-0.01,48.54,66614.14,-1
2024-03-19,2024-03-19 12:36:00,1396.1,1396.1,1396.03,1396.03,-0.01,48.54,66614.14,-1
2024-03-19,2024-03-19 12:37:00,1396.03,1396.03,1395.96,1395.96,-0.01,48.54,66614.14,-1
2024-03-19,2024-03-19 12:38:00,1395.96,1395.96,1395.89,1395.89,-0.01,48.54,66614.14,-1
2024-03-19,2024-03-19 12:39:00,1395.89,1395.89,1395.82,1395.82,-0.01,48.54,66614.14,-1
2024-03-19,2024-03-19 12:40:00,1395.82,1395.82,1395.75,1395.75,-0.01,48.54,66614.14,-1
2024-03-19,2024-03-19 12:41:00,1395.75,1395.75,1395.68,1395.68,-0.01,48.54,66614.14,-1
2024-03-19,2024-03-19 12:42:00,1395.68,1395.68,1395.6,1395.6,-0.01,48.54,66614.14,-1
2024-03-19,2024-03-19 12:43:00,1395.6,1395.6,1395.53,1395.53,-0.01,48.54,66614.14,-1
2024-03-19,2024-03-19 12:44:00,1395.53,1395.53,1395.46,1395.46,-0.01,48.54,66614.14,-1
2024-03-19,2024-03-19 12:45:00,1395.46,1395.46,1395.39,1395.39,-0.01,48.54,66614.14,-1
2024-03-19,2024-03-19 12:46:00,1395.39,1395.39,1395.32,1395.32,-0.01,48.54,66614.14,-1
2024-03-19,2024-03-19 12:47:00,1395.32,1395.32,1395.25,1395.25,-0.01,48.54,66614.14,-1
2024-03-19,2024-03-19 12:48:00,1395.25,1395.25,1395.18,1395.18,-0.01,48.54,66614.14,-1
2024-03-19,2024-03-19 12:49:00,1395.18,1395.18,1395.11,1395.11,-0.01,48.54,66614.14,-1
2024-03-19,2024-03-19 12:50:00,1395.11,1395.11,1395.04,1395.04,-0.01,48.54,66614.14,-1
2024-03-19,2024-03-19 12:51:00,1395.04,1395.04,1394.97,1394.97,-0.01,48.54,66614.14,-1
2024-03-19,2024-03-19 12:52:00,1394.97,1394.97,1394.9,1394.9,-0.01,48.54,66614.14,-1
2024-03-19,2024-03-19 12:53:00,1394.9,1394.9,1394.83,1394.83,-0.01,48.54,66614.14,-1
2024-03-19,2024-03-19 12:54:00,1394.83,1394.83,1394.75,1394.75,-0.01,48.54,66614.14,-1
2024-03-19,2024-03-19 12:55:00,1394.75,1394.75,1394.68,1394.68,-0.01,48.54,66614.14,-1
2024-03-19,2024-03-19 12:56:00,1394.68,1394.68,1394.61,1394.61,-0.01,48.54,66614.14,-1
2024-03-19,2024-03-19 12:57:00,1394.61,1394.61,1394.54,1394.54,-0.01,48.54,66614.14,-1
2024-03-19,2024-03-19 12:58:00,1394.54,1394.54,1394.47,1394.47,-0.01,48.54,66614.14,-1
2024-03-19,2024-03-19 12:59:00,1394.47,1394.47,1394.4,1394.4,-0.01,48.54,66614.14,-1
2024-03-19,2024-03-19 13:00:00,1394.4,1402.9,1350.0,1394.33,-0.01,48.54,66614.14,-1
2024-03-19,2024-03-19 13:01:00,1394.33,1394.33,1394.26,1394.26,-0.01,48.54,66614.14,-1
2024-03-19,2024-03-19 13:02:00,1394.26,1394.26,1394.19,1394.19,-0.01,48.54,66614.14,-1
2024-03-19,2024-03-19 13:03:00,1394.19,1394.19,1394.12,1394.12,-0.01,48.54,66614.14,-1
2024-03-19,2024-03-19 13:04:00,1394.12,1394.12,1394.05,1394.05,-0.01,48.54,66614.14,-1
2024-03-19,2024-03-19 13:05:00,1394.05,1394.05,1393.98,1393.98,-0.01,48.54,66614.14,-1
2024-03-19,2024-03-19 13:06:00,1393.98,1393.98,1393.9,1393.9,-0.01,48.54,66614.14,-1
2024-03-19,2024-03-19 13:07:00,1393.9,1393.9,1393.83,1393.83,-0.01,48.54,66614.14,-1
2024-03-19,2024-03-19 13:08:00,1393.83,1393.83,1393.76,1393.76,-0.01,48.54,66614.14,-1
2024-03-19,2024-03-19 13:09:00,1393.76,1393.76,1393.69,1393.69,-0.01,48.54,66614.14,-1
2024-03-19,2024-03-19 13:10:00,1393.69,1393.69,1393.62,1393.62,-0.01,48.54,66614.14,-1
2024-03-19,2024-03-19 13:11:00,1393.62,1393.62,1393.55,1393.55,-0.01,48.54,66614.14,-1
2024-03-19,2024-03-19 13:12:00,1393.55,1393.55,1393.48,1393.48,-0.01,48.54,66614.14,-1
2024-03-19,2024-03-19 13:13:00,1393.48,1393.48,1393.41,1393.41,-0.01,48.54,66614.14,-1
2024-03-19,2024-03-19 13:14:00,1393.41,1393.41,1393.34,1393.34,-0.01,48.54,66614.14,-1
2024-03-19,2024-03-19 13:15:00,1393.34,1393.34,1393.27,1393.27,-0.01,48.54,66614.14,-1
2024-03-19,2024-03-19 13:16:00,1393.27,1393.27,1393.2,1393.2,-0.01,48.54,66614.14,-1
2024-03-19,2024-03-19 13:17:00,1393.2,1393.2,1393.12,1393.12,-0.01,48.54,66614.14,-1
2024-03-19,2024-03-19 13:18:00,1393.12,1393.12,1393.05,1393.05,-0.01,48.54,66614.14,-1
2024-03-19,2024-03-19 13:19:00,1393.05,1393.05,1392.98,1392.98,-0.01,48.54,66614.14,-1
2024-03-19,2024-03-19 13:20:00,1392.98,1392.98,1392.91,1392.91,-0.01,48.54,66614.14,-1
2024-03-19,2024-03-19 13:21:00,1392.91,1392.91,1392.84,1392.84,-0.01,48.54,66614.14,-1
2024-03-19,2024-03-19 13:22:00,1392.84,1392.84,1392.77,1392.77,-0.01,48.54,66614.14,-1
2024-03-19,2024-03-19 13:23:00,1392.77,1392.77,1392.7,1392.7,-0.01,48.54,66614.14,-1
2024-03-19,2024-03-19 13:24:00,1392.7,1392.7,1392.63,1392.63,-0.01,48.54,66614.14,-1
2024-03-19,2024-03-19 13:25:00,1392.63,1392.63,1392.56,1392.56,-0.01,48.54,66614.14,-1
2024-03-19,2024-03-19 13:26:00,1392.56,1392.56,1392.49,1392.49,-0.01,48.54,66614.14,-1
2024-03-19,2024-03-19 13:27:00,1392.49,1392.49,1392.42,1392.42,-0.01,48.54,66614.14,-1
2024-03-19,2024-03-19 13:28:00,1392.42,1392.42,1392.35,1392.35,-0.01,48.54,66614.14,-1
2024-03-19,2024-03-19 13:29:00,1392.35,1392.35,1392.28,1392.28,-0.01,48.54,66614.14,-1
2024-03-19,2024-03-19 13:30:00,1392.28,1392.28,1392.2,1392.2,-0.01,48.54,66614.14,-1
2024-03-19,2024-03-19 13:31:00,1392.2,1392.2,1392.13,1392.13,-0.01,48.54,66614.14,-1
2024-03-19,2024-03-19 13:32:00,1392.13,1392.13,1392.06,1392.06,-0.01,48.54,66614.14,-1
2024-03-19,2024-03-19 13:33:00,1392.06,1392.06,1391.99,1391.99,-0.01,48.54,66614.14,-1
2024-03-19,2024-03-19 13:34:00,1391.99,1391.99,1391.92,1391.92,-0.01,48.54,66614.14,-1
2024-03-19,2024-03-19 13:35:00,1391.92,1391.92,1391.85,1391.85,-0.01,48.54,66614.14,-1
2024-03-19,2024-03-19 13:36:00,1391.85,1391.85,1391.78,1391.78,-0.01,48.54,66614.14,-1
2024-03-19,2024-03-19 13:37:00,1391.78,1391.78,1391.71,1391.71,-0.01,48.54,66614.14,-1
2024-03-19,2024-03-19 13:38:00,1391.71,1391.71,1391.64,1391.64,-0.01,48.54,66614.14,-1
2024-03-19,2024-03-19 13:39:00,1391.64,1391.64,1391.57,1391.57,-0.01,48.54,66614.14,-1
2024-03-19,2024-03-19 13:40:00,1391.57,1391.57,1391.5,1391.5,-0.01,48.54,66614.14,-1
2024-03-19,2024-03-19 13:41:00,1391.5,1391.5,1391.43,1391.43,-0.01,48.54,66614.14,-1
2024-03-19,2024-03-19 13:42:00,1391.43,1391.43,1391.35,1391.35,-0.01,48.54,66614.14,-1
2024-03-19,2024-03-19 13:43:00,1391.35,1391.35,1391.28,1391.28,-0.01,48.54,66614.14,-1
2024-03-19,2024-03-19 13:44:00,1391.28,1391.28,1391.21,1391.21,-0.01,48.54,66614.14,-1
2024-03-19,2024-03-19 13:45:00,1391.21,1391.21,1391.14,1391.14,-0.01,48.54,66614.14,-1
2024-03-19,2024-03-19 13:46:00,1391.14,1391.14,1391.07,1391.07,-0.01,48.54,66614.14,-1
2024-03-19,2024-03-19 13:47:00,1391.07,1391.07,1391.0,1391.0,-0.01,48.54,66614.14,-1
2024-03-19,2024-03-19 13:48:00,1391.0,1391.0,1390.93,1390.93,-0.01,48.54,66614.14,-1
2024-03-19,2024-03-19 13:49:00,1390.93,1390.93,1390.86,1390.86,-0.01,48.54,66614.14,-1
2024-03-19,2024-03-19 13:50:00,1390.86,1390.86,1390.79,1390.79,-0.01,48.54,66614.14,-1
2024-03-19,2024-03-19 13:51:00,1390.79,1390.79,1390.72,1390.72,-0.01,48.54,66614.14,-1
2024-03-19,2024-03-19 13:52:00,1390.72,1390.72,1390.65,1390.65,-0.01,48.54,66614.14,-1
2024-03-19,2024-03-19 13:53:00,1390.65,1390.65,1390.58,1390.58,-0.01,48.54,66614.14,-1
2024-03-19,2024-03-19 13:54:00,1390.58,1390.58,1390.5,1390.5,-0.01,48.54,66614.14,-1
2024-03-19,2024-03-19 13:55:00,1390.5,1390.5,1390.43,1390.43,-0.01,48.54,66614.14,-1
2024-03-19,2024-03-19 13:56:00,1390.43,1390.43,1390.36,1390.36,-0.01,48.54,66614.14,-1
2024-03-19,2024-03-19 13:57:00,1390.36,1390.36,1390.29,1390.29,-0.01,48.54,66614.14,-1
2024-03-19,2024-03-19 13:58:00,1390.29,1390.29,1390.22,1390.22,-0.01,48.54,66614.14,-1
2024-03-19,2024-03-19 13:59:00,1390.22,1390.22,1390.15,1390.15,-0.01,48.54,66614.14,-1
2024-03-19,2024-03-19 14:00:00,1390.15,1390.15,1390.08,1390.08,-0.01,48.54,66614.14,-1
2024-03-19,2024-03-19 14:01:00,1390.08,1390.08,1390.01,1390.01,-0.01,48.54,66614.14,-1
2024-03-19,2024-03-19 14:02:00,1390.01,1390.01,1389.94,1389.94,-0.01,48.54,66614.14,-1
2024-03-19,2024-03-19 14:03:00,1389.94,1389.94,1389.87,1389.87,-0.01,48.54,66614.14,-1
2024-03-19,2024-03-19 14:04:00,1389.87,1389.87,1389.8,1389.8,-0.01,48.54,66614.14,-1
2024-03-19,2024-03-19 14:05:00,1389.8,1389.8,1389.73,1389.73,-0.01,48.54,66614.14,-1
2024-03-19,2024-03-19 14:06:00,1389.73,1389.73,1389.65,1389.65,-0.01,48.54,66614.14,-1
2024-03-19,2024-03-19 14:07:00,1389.65,1389.65,1389.58,1389.58,-0.01,48.54,66614.14,-1
2024-03-19,2024-03-19 14:08:00,1389.58,1389.58,1389.51,1389.51,-0.01,48.54,66614.14,-1
2024-03-19,2024-03-19 14:09:00,1389.51,1389.51,1389.44,1389.44,-0.01,48.54,66614.14,-1
2024-03-19,2024-03-19 14:10:00,1389.44,1389.44,1389.37,1389.37,-0.01,48.54,66614.14,-1
2024-03-19,2024-03-19 14:11:00,1389.37,1389.37,1389.3,1389.3,-0.01,48.54,66614.14,-1
2024-03-19,2024-03-19 14:12:00,1389.3,1389.3,1389.23,1389.23,-0.01,48.54,66614.14,-1
2024-03-19,2024-03-19 14:13:00,1389.23,1389.23,1389.16,1389.16,-0.01,48.54,66614.14,-1
2024-03-19,2024-03-19 14:14:00,1389.16,1389.16,1389.09,1389.09,-0.01,48.54,66614.14,-1
2024-03-19,2024-03-19 14:15:00,1389.09,1389.09,1389.02,1389.02,-0.01,48.54,66614.14,-1
2024-03-19,2024-03-19 14:16:00,1389.02,1389.02,1388.95,1388.95,-0.01,48.54,66614.14,-1
2024-03-19,2024-03-19 14:17:00,1388.95,1388.95,1388.88,1388.88,-0.01,48.54,66614.14,-1
2024-03-19,2024-03-19 14:18:00,1388.88,1388.88,1388.8,1388.8,-0.01,48.54,66614.14,-1
2024-03-19,2024-03-19 14:19:00,1388.8,1388.8,1388.73,1388.73,-0.01,48.54,66614.14,-1
2024-03-19,2024-03-19 14:20:00,1388.73,1388.73,1388.66,1388.66,-0.01,48.54,66614.14,-1
2024-03-19,2024-03-19 14:21:00,1388.66,1388.66,1388.59,1388.59,-0.01,48.54,66614.14,-1
2024-03-19,2024-03-19 14:22:00,1388.59,1388.59,1388.52,1388.52,-0.01,48.54,66614.14,-1
2024-03-19,2024-03-19 14:23:00,1388.52,1388.52,1388.45,1388.45,-0.01,48.54,66614.14,-1
2024-03-19,2024-03-19 14:24:00,1388.45,1388.45,1388.38,1388.38,-0.01,48.54,66614.14,-1
2024-03-19,2024-03-19 14:25:00,1388.38,1388.38,1388.31,1388.31,-0.01,48.54,66614.14,-1
2024-03-19,2024-03-19 14:26:00,1388.31,1388.31,1388.24,1388.24,-0.01,48.54,66614.14,-1
2024-03-19,2024-03-19 14:27:00,1388.24,1388.24,1388.17,1388.17,-0.01,48.54,66614.14,-1
2024-03-19,2024-03-19 14:28:00,1388.17,1388.17,1388.1,1388.1,-0.01,48.54,66614.14,-1
2024-03-19,2024-03-19 14:29:00,1388.1,1388.1,1388.03,1388.03,-0.01,48.54,66614.14,-1
2024-03-19,2024-03-19 14:30:00,1388.03,1388.03,1387.95,1387.95,-0.01,48.54,66614.14,-1
2024-03-19,2024-03-19 14:31:00,1387.95,1387.95,1387.88,1387.88,-0.01,48.54,66614.14,-1
2024-03-19,2024-03-19 14:32:00,1387.88,1387.88,1387.81,1387.81,-0.01,48.54,66614.14,-1
2024-03-19,2024-03-19 14:33:00,1387.81,1387.81,1387.74,1387.74,-0.01,48.54,66614.14,-1
2024-03-19,2024-03-19 14:34:00,1387.74,1387.74,1387.67,1387.67,-0.01,48.54,66614.14,-1
2024-03-19,2024-03-19 14:35:00,1387.67,1387.67,1387.6,1387.6,-0.01,48.54,66614.14,-1
2024-03-19,2024-03-19 14:36:00,1387.6,1387.6,1387.53,1387.53,-0.01,48.54,66614.14,-1
2024-03-19,2024-03-19 14:37:00,1387.53,1387.53,1387.46,1387.46,-0.01,48.54,66614.14,-1
2024-03-19,2024-03-19 14:38:00,1387.46,1387.46,1387.39,1387.39,-0.01,48.54,66614.14,-1
2024-03-19,2024-03-19 14:39:00,1387.39,1387.39,1387.32,1387.32,-0.01,48.54,66614.14,-1
2024-03-19,2024-03-19 14:40:00,1387.32,1387.32,1387.25,1387.25,-0.01,48.54,66614.14,-1
2024-03-19,2024-03-19 14:41:00,1387.25,1387.25,1387.18,1387.18,-0.01,48.54,66614.14,-1
2024-03-19,2024-03-19 14:42:00,1387.18,1387.18,1387.1,1387.1,-0.01,48.54,66614.14,-1
2024-03-19,2024-03-19 14:43:00,1387.1,1387.1,1387.03,1387.03,-0.01,48.54,66614.14,-1
2024-03-19,2024-03-19 14:44:00,1387.03,1387.03,1386.96,1386.96,-0.01,48.54,66614.14,-1
2024-03-19,2024-03-19 14:45:00,1386.96,1386.96,1386.89,1386.89,-0.01,48.54,66614.14,-1
2024-03-19,2024-03-19 14:46:00,1386.89,1386.89,1386.82,1386.82,-0.01,48.54,66614.14,-1
2024-03-19,2024-03-19 14:47:00,1386.82,1386.82,1386.75,1386.75,-0.01,48.54,66614.14,-1
2024-03-19,2024-03-19 14:48:00,1386.75,1386.75,1386.68,1386.68,-0.01,48.54,66614.14,-1
2024-03-19,2024-03-19 14:49:00,1386.68,1386.68,1386.61,1386.61,-0.01,48.54,66614.14,-1
2024-03-19,2024-03-19 14:50:00,1386.61,1386.61,1386.54,1386.54,-0.01,48.54,66614.14,-1
2024-03-19,2024-03-19 14:51:00,1386.54,1386.54,1386.47,1386.47,-0.01,48.54,66614.14,-1
2024-03-19,2024-03-19 14:52:00,1386.47,1386.47,1386.4,1386.4,-0.01,48.54,66614.14,-1
2024-03-19,2024-03-19 14:53:00,1386.4,1386.4,1386.33,1386.33,-0.01,48.54,66614.14,-1
2024-03-19,2024-03-19 14:54:00,1386.33,1386.33,1386.25,1386.25,-0.01,48.54,66614.14,-1
2024-03-19,2024-03-19 14:55:00,1386.25,1386.25,1386.18,1386.18,-0.01,48.54,66614.14,-1
2024-03-19,2024-03-19 14:56:00,1386.18,1386.18,1386.11,1386.11,-0.01,48.54,66614.14,-1
2024-03-19,2024-03-19 14:57:00,1386.11,1386.11,1386.04,1386.04,-0.01,48.54,66614.14,-1
2024-03-19,2024-03-19 14:58:00,1386.04,1386.04,1385.97,1385.97,-0.01,48.54,66614.14,-1
2024-03-19,2024-03-19 14:59:00,1385.97,1385.97,1385.9,1385.9,-0.01,48.54,66614.14,-1
2024-03-19,2024-03-19 15:00:00,1385.9,1402.9,1350.0,1385.9,0.0,48.54,66614.14,0
2024-03-20,2024-03-20 11:00:00,1359.0,1374.9,1354.8,1359.06,0.0,72.88,99435.46,1
2024-03-20,2024-03-20 11:01:00,1359.06,1359.12,1359.06,1359.12,0.0,72.88,99435.46,1
2024-03-20,2024-03-20 11:02:00,1359.12,1359.19,1359.12,1359.19,0.01,72.88,99435.46,1
2024-03-20,2024-03-20 11:03:00,1359.19,1359.25,1359.19,1359.25,0.0,72.88,99435.46,1
2024-03-20,2024-03-20 11:04:00,1359.25,1359.31,1359.25,1359.31,0.0,72.88,99435.46,1
2024-03-20,2024-03-20 11:05:00,1359.31,1359.38,1359.31,1359.38,0.01,72.88,99435.46,1
2024-03-20,2024-03-20 11:06:00,1359.38,1359.44,1359.38,1359.44,0.0,72.88,99435.46,1
2024-03-20,2024-03-20 11:07:00,1359.44,1359.5,1359.44,1359.5,0.0,72.88,99435.46,1
2024-03-20,2024-03-20 11:08:00,1359.5,1359.56,1359.5,1359.56,0.0,72.88,99435.46,1
2024-03-20,2024-03-20 11:09:00,1359.56,1359.62,1359.56,1359.62,0.0,72.88,99435.46,1
2024-03-20,2024-03-20 11:10:00,1359.62,1359.69,1359.62,1359.69,0.01,72.88,99435.46,1
2024-03-20,2024-03-20 11:11:00,1359.69,1359.75,1359.69,1359.75,0.0,72.88,99435.46,1
2024-03-20,2024-03-20 11:12:00,1359.75,1359.81,1359.75,1359.81,0.0,72.88,99435.46,1
2024-03-20,2024-03-20 11:13:00,1359.81,1359.88,1359.81,1359.88,0.01,72.88,99435.46,1
2024-03-20,2024-03-20 11:14:00,1359.88,1359.94,1359.88,1359.94,0.0,72.88,99435.46,1
2024-03-20,2024-03-20 11:15:00,1359.94,1360.0,1359.94,1360.0,0.0,72.88,99435.46,1
2024-03-20,2024-03-20 11:16:00,1360.0,1360.06,1360.0,1360.06,0.0,72.88,99435.46,1
2024-03-20,2024-03-20 11:17:00,1360.06,1360.12,1360.06,1360.12,0.0,72.88,99435.46,1
2024-03-20,2024-03-20 11:18:00,1360.12,1360.19,1360.12,1360.19,0.01,72.88,99435.46,1
2024-03-20,2024-03-20 11:19:00,1360.19,1360.25,1360.19,1360.25,0.0,72.88,99435.46,1
2024-03-20,2024-03-20 11:20:00,1360.25,1360.31,1360.25,1360.31,0.0,72.88,99435.46,1
2024-03-20,2024-03-20 11:21:00,1360.31,1360.38,1360.31,1360.38,0.01,72.88,99435.46,1
2024-03-20,2024-03-20 11:22:00,1360.38,1360.44,1360.38,1360.44,0.0,72.88,99435.46,1
2024-03-20,2024-03-20 11:23:00,1360.44,1360.5,1360.44,1360.5,0.0,72.88,99435.46,1
2024-03-20,2024-03-20 11:24:00,1360.5,1360.56,1360.5,1360.56,0.0,72.88,99435.46,1
2024-03-20,2024-03-20 11:25:00,1360.56,1360.62,1360.56,1360.62,0.0,72.88,99435.46,1
2024-03-20,2024-03-20 11:26:00,1360.62,1360.69,1360.62,1360.69,0.01,72.88,99435.46,1
2024-03-20,2024-03-20 11:27:00,1360.69,1360.75,1360.69,1360.75,0.0,72.88,99435.46,1
2024-03-20,2024-03-20 11:28:00,1360.75,1360.81,1360.75,1360.81,0.0,72.88,99435.46,1
2024-03-20,2024-03-20 11:29:00,1360.81,1360.88,1360.81,1360.88,0.01,72.88,99435.46,1
2024-03-20,2024-03-20 11:30:00,1360.88,1360.94,1360.88,1360.94,0.0,72.88,99435.46,1
2024-03-20,2024-03-20 11:31:00,1360.94,1361.0,1360.94,1361.0,0.0,72.88,99435.46,1
2024-03-20,2024-03-20 11:32:00,1361.0,1361.06,1361.0,1361.06,0.0,72.88,99435.46,1
2024-03-20,2024-03-20 11:33:00,1361.06,1361.12,1361.06,1361.12,0.0,72.88,99435.46,1
2024-03-20,2024-03-20 11:34:00,1361.12,1361.19,1361.12,1361.19,0.01,72.88,99435.46,1
2024-03-20,2024-03-20 11:35:00,1361.19,1361.25,1361.19,1361.25,0.0,72.88,99435.46,1
2024-03-20,2024-03-20 11:36:00,1361.25,1361.31,1361.25,1361.31,0.0,72.88,99435.46,1
2024-03-20,2024-03-20 11:37:00,1361.31,1361.38,1361.31,1361.38,0.01,72.88,99435.46,1
2024-03-20,2024-03-20 11:38:00,1361.38,1361.44,1361.38,1361.44,0.0,72.88,99435.46,1
2024-03-20,2024-03-20 11:39:00,1361.44,1361.5,1361.44,1361.5,0.0,72.88,99435.46,1
2024-03-20,2024-03-20 11:40:00,1361.5,1361.56,1361.5,1361.56,0.0,72.88,99435.46,1
2024-03-20,2024-03-20 11:41:00,1361.56,1361.62,1361.56,1361.62,0.0,72.88,99435.46,1
2024-03-20,2024-03-20 11:42:00,1361.62,1361.69,1361.62,1361.69,0.01,72.88,99435.46,1
2024-03-20,2024-03-20 11:43:00,1361.69,1361.75,1361.69,1361.75,0.0,72.88,99435.46,1
2024-03-20,2024-03-20 11:44:00,1361.75,1361.81,1361.75,1361.81,0.0,72.88,99435.46,1
2024-03-20,2024-03-20 11:45:00,1361.81,1361.88,1361.81,1361.88,0.01,72.88,99435.46,1
2024-03-20,2024-03-20 11:46:00,1361.88,1361.94,1361.88,1361.94,0.0,72.88,99435.46,1
2024-03-20,2024-03-20 11:47:00,1361.94,1362.0,1361.94,1362.0,0.0,72.88,99435.46,1
2024-03-20,2024-03-20 11:48:00,1362.0,1362.06,1362.0,1362.06,0.0,72.88,99435.46,1
2024-03-20,2024-03-20 11:49:00,1362.06,1362.12,1362.06,1362.12,0.0,72.88,99435.46,1
2024-03-20,2024-03-20 11:50:00,1362.12,1362.19,1362.12,1362.19,0.01,72.88,99435.46,1
2024-03-20,2024-03-20 11:51:00,1362.19,1362.25,1362.19,1362.25,0.0,72.88,99435.46,1
2024-03-20,2024-03-20 11:52:00,1362.25,1362.31,1362.25,1362.31,0.0,72.88,99435.46,1
2024-03-20,2024-03-20 11:53:00,1362.31,1362.38,1362.31,1362.38,0.01,72.88,99435.46,1
2024-03-20,2024-03-20 11:54:00,1362.38,1362.44,1362.38,1362.44,0.0,72.88,99435.46,1
2024-03-20,2024-03-20 11:55:00,1362.44,1362.5,1362.44,1362.5,0.0,72.88,99435.46,1
2024-03-20,2024-03-20 11:56:00,1362.5,1362.56,1362.5,1362.56,0.0,72.88,99435.46,1
2024-03-20,2024-03-20 11:57:00,1362.56,1362.62,1362.56,1362.62,0.0,72.88,99435.46,1
2024-03-20,2024-03-20 11:58:00,1362.62,1362.69,1362.62,1362.69,0.01,72.88,99435.46,1
2024-03-20,2024-03-20 11:59:00,1362.69,1362.75,1362.69,1362.75,0.0,72.88,99435.46,1
2024-03-20,2024-03-20 12:00:00,1362.75,1362.81,1362.75,1362.81,0.0,72.88,99435.46,1
2024-03-20,2024-03-20 12:01:00,1362.81,1362.88,1362.81,1362.88,0.01,72.88,99435.46,1
2024-03-20,2024-03-20 12:02:00,1362.88,1362.94,1362.88,1362.94,0.0,72.88,99435.46,1
2024-03-20,2024-03-20 12:03:00,1362.94,1363.0,1362.94,1363.0,0.0,72.88,99435.46,1
2024-03-20,2024-03-20 12:04:00,1363.0,1363.06,1363.0,1363.06,0.0,72.88,99435.46,1
2024-03-20,2024-03-20 12:05:00,1363.06,1363.12,1363.06,1363.12,0.0,72.88,99435.46,1
2024-03-20,2024-03-20 12:06:00,1363.12,1363.19,1363.12,1363.19,0.01,72.88,99435.46,1
2024-03-20,2024-03-20 12:07:00,1363.19,1363.25,1363.19,1363.25,0.0,72.88,99435.46,1
2024-03-20,2024-03-20 12:08:00,1363.25,1363.31,1363.25,1363.31,0.0,72.88,99435.46,1
2024-03-20,2024-03-20 12:09:00,1363.31,1363.38,1363.31,1363.38,0.01,72.88,99435.46,1
2024-03-20,2024-03-20 12:10:00,1363.38,1363.44,1363.38,1363.44,0.0,72.88,99435.46,1
2024-03-20,2024-03-20 12:11:00,1363.44,1363.5,1363.44,1363.5,0.0,72.88,99435.46,1
2024-03-20,2024-03-20 12:12:00,1363.5,1363.56,1363.5,1363.56,0.0,72.88,99435.46,1
2024-03-20,2024-03-20 12:13:00,1363.56,1363.62,1363.56,1363.62,0.0,72.88,99435.46,1
2024-03-20,2024-03-20 12:14:00,1363.62,1363.69,1363.62,1363.69,0.01,72.88,99435.46,1
2024-03-20,2024-03-20 12:15:00,1363.69,1363.75,1363.69,1363.75,0.0,72.88,99435.46,1
2024-03-20,2024-03-20 12:16:00,1363.75,1363.81,1363.75,1363.81,0.0,72.88,99435.46,1
2024-03-20,2024-03-20 12:17:00,1363.81,1363.88,1363.81,1363.88,0.01,72.88,99435.46,1
2024-03-20,2024-03-20 12:18:00,1363.88,1363.94,1363.88,1363.94,0.0,72.88,99435.46,1
2024-03-20,2024-03-20 12:19:00,1363.94,1364.0,1363.94,1364.0,0.0,72.88,99435.46,1
2024-03-20,2024-03-20 12:20:00,1364.0,1364.06,1364.0,1364.06,0.0,72.88,99435.46,1
2024-03-20,2024-03-20 12:21:00,1364.06,1364.12,1364.06,1364.12,0.0,72.88,99435.46,1
2024-03-20,2024-03-20 12:22:00,1364.12,1364.19,1364.12,1364.19,0.01,72.88,99435.46,1
2024-03-20,2024-03-20 12:23:00,1364.19,1364.25,1364.19,1364.25,0.0,72.88,99435.46,1
2024-03-20,2024-03-20 12:24:00,1364.25,1364.31,1364.25,1364.31,0.0,72.88,99435.46,1
2024-03-20,2024-03-20 12:25:00,1364.31,1364.38,1364.31,1364.38,0.01,72.88,99435.46,1
2024-03-20,2024-03-20 12:26:00,1364.38,1364.44,1364.38,1364.44,0.0,72.88,99435.46,1
2024-03-20,2024-03-20 12:27:00,1364.44,1364.5,1364.44,1364.5,0.0,72.88,99435.46,1
2024-03-20,2024-03-20 12:28:00,1364.5,1364.56,1364.5,1364.56,0.0,72.88,99435.46,1
2024-03-20,2024-03-20 12:29:00,1364.56,1364.62,1364.56,1364.62,0.0,72.88,99435.46,1
2024-03-20,2024-03-20 12:30:00,1364.62,1364.69,1364.62,1364.69,0.01,72.88,99435.46,1
2024-03-20,2024-03-20 12:31:00,1364.69,1364.75,1364.69,1364.75,0.0,72.88,99435.46,1
2024-03-20,2024-03-20 12:32:00,1364.75,1364.81,1364.75,1364.81,0.0,72.88,99435.46,1
2024-03-20,2024-03-20 12:33:00,1364.81,1364.88,1364.81,1364.88,0.01,72.88,99435.46,1
2024-03-20,2024-03-20 12:34:00,1364.88,1364.94,1364.88,1364.94,0.0,72.88,99435.46,1
2024-03-20,2024-03-20 12:35:00,1364.94,1365.0,1364.94,1365.0,0.0,72.88,99435.46,1
2024-03-20,2024-03-20 12:36:00,1365.0,1365.06,1365.0,1365.06,0.0,72.88,99435.46,1
2024-03-20,2024-03-20 12:37:00,1365.06,1365.12,1365.06,1365.12,0.0,72.88,99435.46,1
2024-03-20,2024-03-20 12:38:00,1365.12,1365.19,1365.12,1365.19,0.01,72.88,99435.46,1
2024-03-20,2024-03-20 12:39:00,1365.19,1365.25,1365.19,1365.25,0.0,72.88,99435.46,1
2024-03-20,2024-03-20 12:40:00,1365.25,1365.31,1365.25,1365.31,0.0,72.88,99435.46,1
2024-03-20,2024-03-20 12:41:00,1365.31,1365.38,1365.31,1365.38,0.01,72.88,99435.46,1
2024-03-20,2024-03-20 12:42:00,1365.38,1365.44,1365.38,1365.44,0.0,72.88,99435.46,1
2024-03-20,2024-03-20 12:43:00,1365.44,1365.5,1365.44,1365.5,0.0,72.88,99435.46,1
2024-03-20,2024-03-20 12:44:00,1365.5,1365.56,1365.5,1365.56,0.0,72.88,99435.46,1
2024-03-20,2024-03-20 12:45:00,1365.56,1365.62,1365.56,1365.62,0.0,72.88,99435.46,1
2024-03-20,2024-03-20 12:46:00,1365.62,1365.69,1365.62,1365.69,0.01,72.88,99435.46,1
2024-03-20,2024-03-20 12:47:00,1365.69,1365.75,1365.69,1365.75,0.0,72.88,99435.46,1
2024-03-20,2024-03-20 12:48:00,1365.75,1365.81,1365.75,1365.81,0.0,72.88,99435.46,1
2024-03-20,2024-03-20 12:49:00,1365.81,1365.88,1365.81,1365.88,0.01,72.88,99435.46,1
2024-03-20,2024-03-20 12:50:00,1365.88,1365.94,1365.88,1365.94,0.0,72.88,99435.46,1
2024-03-20,2024-03-20 12:51:00,1365.94,1366.0,1365.94,1366.0,0.0,72.88,99435.46,1
2024-03-20,2024-03-20 12:52:00,1366.0,1366.06,1366.0,1366.06,0.0,72.88,99435.46,1
2024-03-20,2024-03-20 12:53:00,1366.06,1366.12,1366.06,1366.12,0.0,72.88,99435.46,1
2024-03-20,2024-03-20 12:54:00,1366.12,1366.19,1366.12,1366.19,0.01,72.88,99435.46,1
2024-03-20,2024-03-20 12:55:00,1366.19,1366.25,1366.19,1366.25,0.0,72.88,99435.46,1
2024-03-20,2024-03-20 12:56:00,1366.25,1366.31,1366.25,1366.31,0.0,72.88,99435.46,1
2024-03-20,2024-03-20 12:57:00,1366.31,1366.38,1366.31,1366.38,0.01,72.88,99435.46,1
2024-03-20,2024-03-20 12:58:00,1366.38,1366.44,1366.38,1366.44,0.0,72.88,99435.46,1
2024-03-20,2024-03-20 12:59:00,1366.44,1366.5,1366.44,1366.5,0.0,72.88,99435.46,1
2024-03-20,2024-03-20 13:00:00,1366.5,1412.0,1345.0,1366.56,0.0,72.88,99435.46,1
2024-03-20,2024-03-20 13:01:00,1366.56,1366.62,1366.56,1366.62,0.0,72.88,99435.46,1
2024-03-20,2024-03-20 13:02:00,1366.62,1366.69,1366.62,1366.69,0.01,72.88,99435.46,1
2024-03-20,2024-03-20 13:03:00,1366.69,1366.75,1366.69,1366.75,0.0,72.88,99435.46,1
2024-03-20,2024-03-20 13:04:00,1366.75,1366.81,1366.75,1366.81,0.0,72.88,99435.46,1
2024-03-20,2024-03-20 13:05:00,1366.81,1366.88,1366.81,1366.88,0.01,72.88,99435.46,1
2024-03-20,2024-03-20 13:06:00,1366.88,1366.94,1366.88,1366.94,0.0,72.88,99435.46,1
2024-03-20,2024-03-20 13:07:00,1366.94,1367.0,1366.94,1367.0,0.0,72.88,99435.46,1
2024-03-20,2024-03-20 13:08:00,1367.0,1367.06,1367.0,1367.06,0.0,72.88,99435.46,1
2024-03-20,2024-03-20 13:09:00,1367.06,1367.12,1367.06,1367.12,0.0,72.88,99435.46,1
2024-03-20,2024-03-20 13:10:00,1367.12,1367.19,1367.12,1367.19,0.01,72.88,99435.46,1
2024-03-20,2024-03-20 13:11:00,1367.19,1367.25,1367.19,1367.25,0.0,72.88,99435.46,1
2024-03-20,2024-03-20 13:12:00,1367.25,1367.31,1367.25,1367.31,0.0,72.88,99435.46,1
2024-03-20,2024-03-20 13:13:00,1367.31,1367.38,1367.31,1367.38,0.01,72.88,99435.46,1
2024-03-20,2024-03-20 13:14:00,1367.38,1367.44,1367.38,1367.44,0.0,72.88,99435.46,1
2024-03-20,2024-03-20 13:15:00,1367.44,1367.5,1367.44,1367.5,0.0,72.88,99435.46,1
2024-03-20,2024-03-20 13:16:00,1367.5,1367.56,1367.5,1367.56,0.0,72.88,99435.46,1
2024-03-20,2024-03-20 13:17:00,1367.56,1367.62,1367.56,1367.62,0.0,72.88,99435.46,1
2024-03-20,2024-03-20 13:18:00,1367.62,1367.69,1367.62,1367.69,0.01,72.88,99435.46,1
2024-03-20,2024-03-20 13:19:00,1367.69,1367.75,1367.69,1367.75,0.0,72.88,99435.46,1
2024-03-20,2024-03-20 13:20:00,1367.75,1367.81,1367.75,1367.81,0.0,72.88,99435.46,1
2024-03-20,2024-03-20 13:21:00,1367.81,1367.88,1367.81,1367.88,0.01,72.88,99435.46,1
2024-03-20,2024-03-20 13:22:00,1367.88,1367.94,1367.88,1367.94,0.0,72.88,99435.46,1
2024-03-20,2024-03-20 13:23:00,1367.94,1368.0,1367.94,1368.0,0.0,72.88,99435.46,1
2024-03-20,2024-03-20 13:24:00,1368.0,1368.06,1368.0,1368.06,0.0,72.88,99435.46,1
2024-03-20,2024-03-20 13:25:00,1368.06,1368.12,1368.06,1368.12,0.0,72.88,99435.46,1
2024-03-20,2024-03-20 13:26:00,1368.12,1368.19,1368.12,1368.19,0.01,72.88,99435.46,1
2024-03-20,2024-03-20 13:27:00,1368.19,1368.25,1368.19,1368.25,0.0,72.88,99435.46,1
2024-03-20,2024-03-20 13:28:00,1368.25,1368.31,1368.25,1368.31,0.0,72.88,99435.46,1
2024-03-20,2024-03-20 13:29:00,1368.31,1368.38,1368.31,1368.38,0.01,72.88,99435.46,1
2024-03-20,2024-03-20 13:30:00,1368.38,1368.44,1368.38,1368.44,0.0,72.88,99435.46,1
2024-03-20,2024-03-20 13:31:00,1368.44,1368.5,1368.44,1368.5,0.0,72.88,99435.46,1
2024-03-20,2024-03-20 13:32:00,1368.5,1368.56,1368.5,1368.56,0.0,72.88,99435.46,1
2024-03-20,2024-03-20 13:33:00,1368.56,1368.62,1368.56,1368.62,0.0,72.88,99435.46,1
2024-03-20,2024-03-20 13:34:00,1368.62,1368.69,1368.62,1368.69,0.01,72.88,99435.46,1
2024-03-20,2024-03-20 13:35:00,1368.69,1368.75,1368.69,1368.75,0.0,72.88,99435.46,1
2024-03-20,2024-03-20 13:36:00,1368.75,1368.81,1368.75,1368.81,0.0,72.88,99435.46,1
2024-03-20,2024-03-20 13:37:00,1368.81,1368.88,1368.81,1368.88,0.01,72.88,99435.46,1
2024-03-20,2024-03-20 13:38:00,1368.88,1368.94,1368.88,1368.94,0.0,72.88,99435.46,1
2024-03-20,2024-03-20 13:39:00,1368.94,1369.0,1368.94,1369.0,0.0,72.88,99435.46,1
2024-03-20,2024-03-20 13:40:00,1369.0,1369.06,1369.0,1369.06,0.0,72.88,99435.46,1
2024-03-20,2024-03-20 13:41:00,1369.06,1369.12,1369.06,1369.12,0.0,72.88,99435.46,1
2024-03-20,2024-03-20 13:42:00,1369.12,1369.19,1369.12,1369.19,0.01,72.88,99435.46,1
2024-03-20,2024-03-20 13:43:00,1369.19,1369.25,1369.19,1369.25,0.0,72.88,99435.46,1
2024-03-20,2024-03-20 13:44:00,1369.25,1369.31,1369.25,1369.31,0.0,72.88,99435.46,1
2024-03-20,2024-03-20 13:45:00,1369.31,1369.38,1369.31,1369.38,0.01,72.88,99435.46,1
2024-03-20,2024-03-20 13:46:00,1369.38,1369.44,1369.38,1369.44,0.0,72.88,99435.46,1
2024-03-20,2024-03-20 13:47:00,1369.44,1369.5,1369.44,1369.5,0.0,72.88,99435.46,1
2024-03-20,2024-03-20 13:48:00,1369.5,1369.56,1369.5,1369.56,0.0,72.88,99435.46,1
2024-03-20,2024-03-20 13:49:00,1369.56,1369.62,1369.56,1369.62,0.0,72.88,99435.46,1
2024-03-20,2024-03-20 13:50:00,1369.62,1369.69,1369.62,1369.69,0.01,72.88,99435.46,1
2024-03-20,2024-03-20 13:51:00,1369.69,1369.75,1369.69,1369.75,0.0,72.88,99435.46,1
2024-03-20,2024-03-20 13:52:00,1369.75,1369.81,1369.75,1369.81,0.0,72.88,99435.46,1
2024-03-20,2024-03-20 13:53:00,1369.81,1369.88,1369.81,1369.88,0.01,72.88,99435.46,1
2024-03-20,2024-03-20 13:54:00,1369.88,1369.94,1369.88,1369.94,0.0,72.88,99435.46,1
2024-03-20,2024-03-20 13:55:00,1369.94,1370.0,1369.94,1370.0,0.0,72.88,99435.46,1
2024-03-20,2024-03-20 13:56:00,1370.0,1370.06,1370.0,1370.06,0.0,72.88,99435.46,1
2024-03-20,2024-03-20 13:57:00,1370.06,1370.12,1370.06,1370.12,0.0,72.88,99435.46,1
2024-03-20,2024-03-20 13:58:00,1370.12,1370.19,1370.12,1370.19,0.01,72.88,99435.46,1
2024-03-20,2024-03-20 13:59:00,1370.19,1370.25,1370.19,1370.25,0.0,72.88,99435.46,1
2024-03-20,2024-03-20 14:00:00,1370.25,1370.31,1370.25,1370.31,0.0,72.88,99435.46,1
2024-03-20,2024-03-20 14:01:00,1370.31,1370.38,1370.31,1370.38,0.01,72.88,99435.46,1
2024-03-20,2024-03-20 14:02:00,1370.38,1370.44,1370.38,1370.44,0.0,72.88,99435.46,1
2024-03-20,2024-03-20 14:03:00,1370.44,1370.5,1370.44,1370.5,0.0,72.88,99435.46,1
2024-03-20,2024-03-20 14:04:00,1370.5,1370.56,1370.5,1370.56,0.0,72.88,99435.46,1
2024-03-20,2024-03-20 14:05:00,1370.56,1370.62,1370.56,1370.62,0.0,72.88,99435.46,1
2024-03-20,2024-03-20 14:06:00,1370.62,1370.69,1370.62,1370.69,0.01,72.88,99435.46,1
2024-03-20,2024-03-20 14:07:00,1370.69,1370.75,1370.69,1370.75,0.0,72.88,99435.46,1
2024-03-20,2024-03-20 14:08:00,1370.75,1370.81,1370.75,1370.81,0.0,72.88,99435.46,1
2024-03-20,2024-03-20 14:09:00,1370.81,1370.88,1370.81,1370.88,0.01,72.88,99435.46,1
2024-03-20,2024-03-20 14:10:00,1370.88,1370.94,1370.88,1370.94,0.0,72.88,99435.46,1
2024-03-20,2024-03-20 14:11:00,1370.94,1371.0,1370.94,1371.0,0.0,72.88,99435.46,1
2024-03-20,2024-03-20 14:12:00,1371.0,1371.06,1371.0,1371.06,0.0,72.88,99435.46,1
2024-03-20,2024-03-20 14:13:00,1371.06,1371.12,1371.06,1371.12,0.0,72.88,99435.46,1
2024-03-20,2024-03-20 14:14:00,1371.12,1371.19,1371.12,1371.19,0.01,72.88,99435.46,1
2024-03-20,2024-03-20 14:15:00,1371.19,1371.25,1371.19,1371.25,0.0,72.88,99435.46,1
2024-03-20,2024-03-20 14:16:00,1371.25,1371.31,1371.25,1371.31,0.0,72.88,99435.46,1
2024-03-20,2024-03-20 14:17:00,1371.31,1371.38,1371.31,1371.38,0.01,72.88,99435.46,1
2024-03-20,2024-03-20 14:18:00,1371.38,1371.44,1371.38,1371.44,0.0,72.88,99435.46,1
2024-03-20,2024-03-20 14:19:00,1371.44,1371.5,1371.44,1371.5,0.0,72.88,99435.46,1
2024-03-20,2024-03-20 14:20:00,1371.5,1371.56,1371.5,1371.56,0.0,72.88,99435.46,1
2024-03-20,2024-03-20 14:21:00,1371.56,1371.62,1371.56,1371.62,0.0,72.88,99435.46,1
2024-03-20,2024-03-20 14:22:00,1371.62,1371.69,1371.62,1371.69,0.01,72.88,99435.46,1
2024-03-20,2024-03-20 14:23:00,1371.69,1371.75,1371.69,1371.75,0.0,72.88,99435.46,1
2024-03-20,2024-03-20 14:24:00,1371.75,1371.81,1371.75,1371.81,0.0,72.88,99435.46,1
2024-03-20,2024-03-20 14:25:00,1371.81,1371.88,1371.81,1371.88,0.01,72.88,99435.46,1
2024-03-20,2024-03-20 14:26:00,1371.88,1371.94,1371.88,1371.94,0.0,72.88,99435.46,1
2024-03-20,2024-03-20 14:27:00,1371.94,1372.0,1371.94,1372.0,0.0,72.88,99435.46,1
2024-03-20,2024-03-20 14:28:00,1372.0,1372.06,1372.0,1372.06,0.0,72.88,99435.46,1
2024-03-20,2024-03-20 14:29:00,1372.06,1372.12,1372.06,1372.12,0.0,72.88,99435.46,1
2024-03-20,2024-03-20 14:30:00,1372.12,1372.19,1372.12,1372.19,0.01,72.88,99435.46,1
2024-03-20,2024-03-20 14:31:00,1372.19,1372.25,1372.19,1372.25,0.0,72.88,99435.46,1
2024-03-20,2024-03-20 14:32:00,1372.25,1372.31,1372.25,1372.31,0.0,72.88,99435.46,1
2024-03-20,2024-03-20 14:33:00,1372.31,1372.38,1372.31,1372.38,0.01,72.88,99435.46,1
2024-03-20,2024-03-20 14:34:00,1372.38,1372.44,1372.38,1372.44,0.0,72.88,99435.46,1
2024-03-20,2024-03-20 14:35:00,1372.44,1372.5,1372.44,1372.5,0.0,72.88,99435.46,1
2024-03-20,2024-03-20 14:36:00,1372.5,1372.56,1372.5,1372.56,0.0,72.88,99435.46,1
2024-03-20,2024-03-20 14:37:00,1372.56,1372.62,1372.56,1372.62,0.0,72.88,99435.46,1
2024-03-20,2024-03-20 14:38:00,1372.62,1372.69,1372.62,1372.69,0.01,72.88,99435.46,1
2024-03-20,2024-03-20 14:39:00,1372.69,1372.75,1372.69,1372.75,0.0,72.88,99435.46,1
2024-03-20,2024-03-20 14:40:00,1372.75,1372.81,1372.75,1372.81,0.0,72.88,99435.46,1
2024-03-20,2024-03-20 14:41:00,1372.81,1372.88,1372.81,1372.88,0.01,72.88,99435.46,1
2024-03-20,2024-03-20 14:42:00,1372.88,1372.94,1372.88,1372.94,0.0,72.88,99435.46,1
2024-03-20,2024-03-20 14:43:00,1372.94,1373.0,1372.94,1373.0,0.0,72.88,99435.46,1
2024-03-20,2024-03-20 14:44:00,1373.0,1373.06,1373.0,1373.06,0.0,72.88,99435.46,1
2024-03-20,2024-03-20 14:45:00,1373.06,1373.12,1373.06,1373.12,0.0,72.88,99435.46,1
2024-03-20,2024-03-20 14:46:00,1373.12,1373.19,1373.12,1373.19,0.01,72.88,99435.46,1
2024-03-20,2024-03-20 14:47:00,1373.19,1373.25,1373.19,1373.25,0.0,72.88,99435.46,1
2024-03-20,2024-03-20 14:48:00,1373.25,1373.31,1373.25,1373.31,0.0,72.88,99435.46,1
2024-03-20,2024-03-20 14:49:00,1373.31,1373.38,1373.31,1373.38,0.01,72.88,99435.46,1
2024-03-20,2024-03-20 14:50:00,1373.38,1373.44,1373.38,1373.44,0.0,72.88,99435.46,1
2024-03-20,2024-03-20 14:51:00,1373.44,1373.5,1373.44,1373.5,0.0,72.88,99435.46,1
2024-03-20,2024-03-20 14:52:00,1373.5,1373.56,1373.5,1373.56,0.0,72.88,99435.46,1
2024-03-20,2024-03-20 14:53:00,1373.56,1373.62,1373.56,1373.62,0.0,72.88,99435.46,1
2024-03-20,2024-03-20 14:54:00,1373.62,1373.69,1373.62,1373.69,0.01,72.88,99435.46,1
2024-03-20,2024-03-20 14:55:00,1373.69,1373.75,1373.69,1373.75,0.0,72.88,99435.46,1
2024-03-20,2024-03-20 14:56:00,1373.75,1373.81,1373.75,1373.81,0.0,72.88,99435.46,1
2024-03-20,2024-03-20 14:57:00,1373.81,1373.88,1373.81,1373.88,0.01,72.88,99435.46,1
2024-03-20,2024-03-20 14:58:00,1373.88,1373.94,1373.88,1373.94,0.0,72.88,99435.46,1
2024-03-20,2024-03-20 14:59:00,1373.94,1374.0,1373.94,1374.0,0.0,72.88,99435.46,1
2024-03-20,2024-03-20 15:00:00,1374.0,1412.0,1345.0,1374.0,0.0,72.88,99435.46,0
2024-03-21,2024-03-21 11:00:00,1347.0,1380.0,1341.57,1347.01,0.0,37.19,50625.55,1
2024-03-21,2024-03-21 11:01:00,1347.01,1347.02,1347.01,1347.02,0.0,37.19,50625.55,1
2024-03-21,2024-03-21 11:02:00,1347.02,1347.04,1347.02,1347.04,0.0,37.19,50625.55,1
2024-03-21,2024-03-21 11:03:00,1347.04,1347.05,1347.04,1347.05,0.0,37.19,50625.55,1
2024-03-21,2024-03-21 11:04:00,1347.05,1347.06,1347.05,1347.06,0.0,37.19,50625.55,1
2024-03-21,2024-03-21 11:05:00,1347.06,1347.07,1347.06,1347.07,0.0,37.19,50625.55,1
2024-03-21,2024-03-21 11:06:00,1347.07,1347.08,1347.07,1347.08,0.0,37.19,50625.55,1
2024-03-21,2024-03-21 11:07:00,1347.08,1347.1,1347.08,1347.1,0.0,37.19,50625.55,1
2024-03-21,2024-03-21 11:08:00,1347.1,1347.11,1347.1,1347.11,0.0,37.19,50625.55,1
2024-03-21,2024-03-21 11:09:00,1347.11,1347.12,1347.11,1347.12,0.0,37.19,50625.55,1
2024-03-21,2024-03-21 11:10:00,1347.12,1347.13,1347.12,1347.13,0.0,37.19,50625.55,1
2024-03-21,2024-03-21 11:11:00,1347.13,1347.14,1347.13,1347.14,0.0,37.19,50625.55,1
2024-03-21,2024-03-21 11:12:00,1347.14,1347.16,1347.14,1347.16,0.0,37.19,50625.55,1
2024-03-21,2024-03-21 11:13:00,1347.16,1347.17,1347.16,1347.17,0.0,37.19,50625.55,1
2024-03-21,2024-03-21 11:14:00,1347.17,1347.18,1347.17,1347.18,0.0,37.19,50625.55,1
2024-03-21,2024-03-21 11:15:00,1347.18,1347.19,1347.18,1347.19,0.0,37.19,50625.55,1
2024-03-21,2024-03-21 11:16:00,1347.19,1347.21,1347.19,1347.21,0.0,37.19,50625.55,1
2024-03-21,2024-03-21 11:17:00,1347.21,1347.22,1347.21,1347.22,0.0,37.19,50625.55,1
2024-03-21,2024-03-21 11:18:00,1347.22,1347.23,1347.22,1347.23,0.0,37.19,50625.55,1
2024-03-21,2024-03-21 11:19:00,1347.23,1347.24,1347.23,1347.24,0.0,37.19,50625.55,1
2024-03-21,2024-03-21 11:20:00,1347.24,1347.25,1347.24,1347.25,0.0,37.19,50625.55,1
2024-03-21,2024-03-21 11:21:00,1347.25,1347.27,1347.25,1347.27,0.0,37.19,50625.55,1
2024-03-21,2024-03-21 11:22:00,1347.27,1347.28,1347.27,1347.28,0.0,37.19,50625.55,1
2024-03-21,2024-03-21 11:23:00,1347.28,1347.29,1347.28,1347.29,0.0,37.19,50625.55,1
2024-03-21,2024-03-21 11:24:00,1347.29,1347.3,1347.29,1347.3,0.0,37.19,50625.55,1
2024-03-21,2024-03-21 11:25:00,1347.3,1347.31,1347.3,1347.31,0.0,37.19,50625.55,1
2024-03-21,2024-03-21 11:26:00,1347.31,1347.33,1347.31,1347.33,0.0,37.19,50625.55,1
2024-03-21,2024-03-21 11:27:00,1347.33,1347.34,1347.33,1347.34,0.0,37.19,50625.55,1
2024-03-21,2024-03-21 11:28:00,1347.34,1347.35,1347.34,1347.35,0.0,37.19,50625.55,1
2024-03-21,2024-03-21 11:29:00,1347.35,1347.36,1347.35,1347.36,0.0,37.19,50625.55,1
2024-03-21,2024-03-21 11:30:00,1347.36,1347.37,1347.36,1347.37,0.0,37.19,50625.55,1
2024-03-21,2024-03-21 11:31:00,1347.37,1347.39,1347.37,1347.39,0.0,37.19,50625.55,1
2024-03-21,2024-03-21 11:32:00,1347.39,1347.4,1347.39,1347.4,0.0,37.19,50625.55,1
2024-03-21,2024-03-21 11:33:00,1347.4,1347.41,1347.4,1347.41,0.0,37.19,50625.55,1
2024-03-21,2024-03-21 11:34:00,1347.41,1347.42,1347.41,1347.42,0.0,37.19,50625.55,1
2024-03-21,2024-03-21 11:35:00,1347.42,1347.43,1347.42,1347.43,0.0,37.19,50625.55,1
2024-03-21,2024-03-21 11:36:00,1347.43,1347.45,1347.43,1347.45,0.0,37.19,50625.55,1
2024-03-21,2024-03-21 11:37:00,1347.45,1347.46,1347.45,1347.46,0.0,37.19,50625.55,1
2024-03-21,2024-03-21 11:38:00,1347.46,1347.47,1347.46,1347.47,0.0,37.19,50625.55,1
2024-03-21,2024-03-21 11:39:00,1347.47,1347.48,1347.47,1347.48,0.0,37.19,50625.55,1
2024-03-21,2024-03-21 11:40:00,1347.48,1347.5,1347.48,1347.5,0.0,37.19,50625.55,1
2024-03-21,2024-03-21 11:41:00,1347.5,1347.51,1347.5,1347.51,0.0,37.19,50625.55,1
2024-03-21,2024-03-21 11:42:00,1347.51,1347.52,1347.51,1347.52,0.0,37.19,50625.55,1
2024-03-21,2024-03-21 11:43:00,1347.52,1347.53,1347.52,1347.53,0.0,37.19,50625.55,1
2024-03-21,2024-03-21 11:44:00,1347.53,1347.54,1347.53,1347.54,0.0,37.19,50625.55,1
2024-03-21,2024-03-21 11:45:00,1347.54,1347.56,1347.54,1347.56,0.0,37.19,50625.55,1
2024-03-21,2024-03-21 11:46:00,1347.56,1347.57,1347.56,1347.57,0.0,37.19,50625.55,1
2024-03-21,2024-03-21 11:47:00,1347.57,1347.58,1347.57,1347.58,0.0,37.19,50625.55,1
2024-03-21,2024-03-21 11:48:00,1347.58,1347.59,1347.58,1347.59,0.0,37.19,50625.55,1
2024-03-21,2024-03-21 11:49:00,1347.59,1347.6,1347.59,1347.6,0.0,37.19,50625.55,1
2024-03-21,2024-03-21 11:50:00,1347.6,1347.62,1347.6,1347.62,0.0,37.19,50625.55,1
2024-03-21,2024-03-21 11:51:00,1347.62,1347.63,1347.62,1347.63,0.0,37.19,50625.55,1
2024-03-21,2024-03-21 11:52:00,1347.63,1347.64,1347.63,1347.64,0.0,37.19,50625.55,1
2024-03-21,2024-03-21 11:53:00,1347.64,1347.65,1347.64,1347.65,0.0,37.19,50625.55,1
2024-03-21,2024-03-21 11:54:00,1347.65,1347.66,1347.65,1347.66,0.0,37.19,50625.55,1
2024-03-21,2024-03-21 11:55:00,1347.66,1347.68,1347.66,1347.68,0.0,37.19,50625.55,1
2024-03-21,2024-03-21 11:56:00,1347.68,1347.69,1347.68,1347.69,0.0,37.19,50625.55,1
2024-03-21,2024-03-21 11:57:00,1347.69,1347.7,1347.69,1347.7,0.0,37.19,50625.55,1
2024-03-21,2024-03-21 11:58:00,1347.7,1347.71,1347.7,1347.71,0.0,37.19,50625.55,1
2024-03-21,2024-03-21 11:59:00,1347.71,1347.72,1347.71,1347.72,0.0,37.19,50625.55,1
2024-03-21,2024-03-21 12:00:00,1347.72,1347.74,1347.72,1347.74,0.0,37.19,50625.55,1
2024-03-21,2024-03-21 12:01:00,1347.74,1347.75,1347.74,1347.75,0.0,37.19,50625.55,1
2024-03-21,2024-03-21 12:02:00,1347.75,1347.76,1347.75,1347.76,0.0,37.19,50625.55,1
2024-03-21,2024-03-21 12:03:00,1347.76,1347.77,1347.76,1347.77,0.0,37.19,50625.55,1
2024-03-21,2024-03-21 12:04:00,1347.77,1347.79,1347.77,1347.79,0.0,37.19,50625.55,1
2024-03-21,2024-03-21 12:05:00,1347.79,1347.8,1347.79,1347.8,0.0,37.19,50625.55,1
2024-03-21,2024-03-21 12:06:00,1347.8,1347.81,1347.8,1347.81,0.0,37.19,50625.55,1
2024-03-21,2024-03-21 12:07:00,1347.81,1347.82,1347.81,1347.82,0.0,37.19,50625.55,1
2024-03-21,2024-03-21 12:08:00,1347.82,1347.83,1347.82,1347.83,0.0,37.19,50625.55,1
2024-03-21,2024-03-21 12:09:00,1347.83,1347.85,1347.83,1347.85,0.0,37.19,50625.55,1
2024-03-21,2024-03-21 12:10:00,1347.85,1347.86,1347.85,1347.86,0.0,37.19,50625.55,1
2024-03-21,2024-03-21 12:11:00,1347.86,1347.87,1347.86,1347.87,0.0,37.19,50625.55,1
2024-03-21,2024-03-21 12:12:00,1347.87,1347.88,1347.87,1347.88,0.0,37.19,50625.55,1
2024-03-21,2024-03-21 12:13:00,1347.88,1347.89,1347.88,1347.89,0.0,37.19,50625.55,1
2024-03-21,2024-03-21 12:14:00,1347.89,1347.91,1347.89,1347.91,0.0,37.19,50625.55,1
2024-03-21,2024-03-21 12:15:00,1347.91,1347.92,1347.91,1347.92,0.0,37.19,50625.55,1
2024-03-21,2024-03-21 12:16:00,1347.92,1347.93,1347.92,1347.93,0.0,37.19,50625.55,1
2024-03-21,2024-03-21 12:17:00,1347.93,1347.94,1347.93,1347.94,0.0,37.19,50625.55,1
2024-03-21,2024-03-21 12:18:00,1347.94,1347.95,1347.94,1347.95,0.0,37.19,50625.55,1
2024-03-21,2024-03-21 12:19:00,1347.95,1347.97,1347.95,1347.97,0.0,37.19,50625.55,1
2024-03-21,2024-03-21 12:20:00,1347.97,1347.98,1347.97,1347.98,0.0,37.19,50625.55,1
2024-03-21,2024-03-21 12:21:00,1347.98,1347.99,1347.98,1347.99,0.0,37.19,50625.55,1
2024-03-21,2024-03-21 12:22:00,1347.99,1348.0,1347.99,1348.0,0.0,37.19,50625.55,1
2024-03-21,2024-03-21 12:23:00,1348.0,1348.02,1348.0,1348.02,0.0,37.19,50625.55,1
2024-03-21,2024-03-21 12:24:00,1348.02,1348.03,1348.02,1348.03,0.0,37.19,50625.55,1
2024-03-21,2024-03-21 12:25:00,1348.03,1348.04,1348.03,1348.04,0.0,37.19,50625.55,1
2024-03-21,2024-03-21 12:26:00,1348.04,1348.05,1348.04,1348.05,0.0,37.19,50625.55,1
2024-03-21,2024-03-21 12:27:00,1348.05,1348.06,1348.05,1348.06,0.0,37.19,50625.55,1
2024-03-21,2024-03-21 12:28:00,1348.06,1348.08,1348.06,1348.08,0.0,37.19,50625.55,1
2024-03-21,2024-03-21 12:29:00,1348.08,1348.09,1348.08,1348.09,0.0,37.19,50625.55,1
2024-03-21,2024-03-21 12:30:00,1348.09,1348.1,1348.09,1348.1,0.0,37.19,50625.55,1
2024-03-21,2024-03-21 12:31:00,1348.1,1348.11,1348.1,1348.11,0.0,37.19,50625.55,1
2024-03-21,2024-03-21 12:32:00,1348.11,1348.12,1348.11,1348.12,0.0,37.19,50625.55,1
2024-03-21,2024-03-21 12:33:00,1348.12,1348.14,1348.12,1348.14,0.0,37.19,50625.55,1
2024-03-21,2024-03-21 12:34:00,1348.14,1348.15,1348.14,1348.15,0.0,37.19,50625.55,1
2024-03-21,2024-03-21 12:35:00,1348.15,1348.16,1348.15,1348.16,0.0,37.19,50625.55,1
2024-03-21,2024-03-21 12:36:00,1348.16,1348.17,1348.16,1348.17,0.0,37.19,50625.55,1
2024-03-21,2024-03-21 12:37:00,1348.17,1348.18,1348.17,1348.18,0.0,37.19,50625.55,1
2024-03-21,2024-03-21 12:38:00,1348.18,1348.2,1348.18,1348.2,0.0,37.19,50625.55,1
2024-03-21,2024-03-21 12:39:00,1348.2,1348.21,1348.2,1348.21,0.0,37.19,50625.55,1
2024-03-21,2024-03-21 12:40:00,1348.21,1348.22,1348.21,1348.22,0.0,37.19,50625.55,1
2024-03-21,2024-03-21 12:41:00,1348.22,1348.23,1348.22,1348.23,0.0,37.19,50625.55,1
2024-03-21,2024-03-21 12:42:00,1348.23,1348.24,1348.23,1348.24,0.0,37.19,50625.55,1
2024-03-21,2024-03-21 12:43:00,1348.24,1348.26,1348.24,1348.26,0.0,37.19,50625.55,1
2024-03-21,2024-03-21 12:44:00,1348.26,1348.27,1348.26,1348.27,0.0,37.19,50625.55,1
2024-03-21,2024-03-21 12:45:00,1348.27,1348.28,1348.27,1348.28,0.0,37.19,50625.55,1
2024-03-21,2024-03-21 12:46:00,1348.28,1348.29,1348.28,1348.29,0.0,37.19,50625.55,1
2024-03-21,2024-03-21 12:47:00,1348.29,1348.31,1348.29,1348.31,0.0,37.19,50625.55,1
2024-03-21,2024-03-21 12:48:00,1348.31,1348.32,1348.31,1348.32,0.0,37.19,50625.55,1
2024-03-21,2024-03-21 12:49:00,1348.32,1348.33,1348.32,1348.33,0.0,37.19,50625.55,1
2024-03-21,2024-03-21 12:50:00,1348.33,1348.34,1348.33,1348.34,0.0,37.19,50625.55,1
2024-03-21,2024-03-21 12:51:00,1348.34,1348.35,1348.34,1348.35,0.0,37.19,50625.55,1
2024-03-21,2024-03-21 12:52:00,1348.35,1348.37,1348.35,1348.37,0.0,37.19,50625.55,1
2024-03-21,2024-03-21 12:53:00,1348.37,1348.38,1348.37,1348.38,0.0,37.19,50625.55,1
2024-03-21,2024-03-21 12:54:00,1348.38,1348.39,1348.38,1348.39,0.0,37.19,50625.55,1
2024-03-21,2024-03-21 12:55:00,1348.39,1348.4,1348.39,1348.4,0.0,37.19,50625.55,1
2024-03-21,2024-03-21 12:56:00,1348.4,1348.41,1348.4,1348.41,0.0,37.19,50625.55,1
2024-03-21,2024-03-21 12:57:00,1348.41,1348.43,1348.41,1348.43,0.0,37.19,50625.55,1
2024-03-21,2024-03-21 12:58:00,1348.43,1348.44,1348.43,1348.44,0.0,37.19,50625.55,1
2024-03-21,2024-03-21 12:59:00,1348.44,1348.45,1348.44,1348.45,0.0,37.19,50625.55,1
2024-03-21,2024-03-21 13:00:00,1348.45,1457.0,1328.9,1348.46,0.0,37.19,50625.55,1
2024-03-21,2024-03-21 13:01:00,1348.46,1348.47,1348.46,1348.47,0.0,37.19,50625.55,1
2024-03-21,2024-03-21 13:02:00,1348.47,1348.49,1348.47,1348.49,0.0,37.19,50625.55,1
2024-03-21,2024-03-21 13:03:00,1348.49,1348.5,1348.49,1348.5,0.0,37.19,50625.55,1
2024-03-21,2024-03-21 13:04:00,1348.5,1348.51,1348.5,1348.51,0.0,37.19,50625.55,1
2024-03-21,2024-03-21 13:05:00,1348.51,1348.52,1348.51,1348.52,0.0,37.19,50625.55,1
2024-03-21,2024-03-21 13:06:00,1348.52,1348.53,1348.52,1348.53,0.0,37.19,50625.55,1
2024-03-21,2024-03-21 13:07:00,1348.53,1348.55,1348.53,1348.55,0.0,37.19,50625.55,1
2024-03-21,2024-03-21 13:08:00,1348.55,1348.56,1348.55,1348.56,0.0,37.19,50625.55,1
2024-03-21,2024-03-21 13:09:00,1348.56,1348.57,1348.56,1348.57,0.0,37.19,50625.55,1
2024-03-21,2024-03-21 13:10:00,1348.57,1348.58,1348.57,1348.58,0.0,37.19,50625.55,1
2024-03-21,2024-03-21 13:11:00,1348.58,1348.6,1348.58,1348.6,0.0,37.19,50625.55,1
2024-03-21,2024-03-21 13:12:00,1348.6,1348.61,1348.6,1348.61,0.0,37.19,50625.55,1
2024-03-21,2024-03-21 13:13:00,1348.61,1348.62,1348.61,1348.62,0.0,37.19,50625.55,1
2024-03-21,2024-03-21 13:14:00,1348.62,1348.63,1348.62,1348.63,0.0,37.19,50625.55,1
2024-03-21,2024-03-21 13:15:00,1348.63,1348.64,1348.63,1348.64,0.0,37.19,50625.55,1
2024-03-21,2024-03-21 13:16:00,1348.64,1348.66,1348.64,1348.66,0.0,37.19,50625.55,1
2024-03-21,2024-03-21 13:17:00,1348.66,1348.67,1348.66,1348.67,0.0,37.19,50625.55,1
2024-03-21,2024-03-21 13:18:00,1348.67,1348.68,1348.67,1348.68,0.0,37.19,50625.55,1
2024-03-21,2024-03-21 13:19:00,1348.68,1348.69,1348.68,1348.69,0.0,37.19,50625.55,1
2024-03-21,2024-03-21 13:20:00,1348.69,1348.7,1348.69,1348.7,0.0,37.19,50625.55,1
2024-03-21,2024-03-21 13:21:00,1348.7,1348.72,1348.7,1348.72,0.0,37.19,50625.55,1
2024-03-21,2024-03-21 13:22:00,1348.72,1348.73,1348.72,1348.73,0.0,37.19,50625.55,1
2024-03-21,2024-03-21 13:23:00,1348.73,1348.74,1348.73,1348.74,0.0,37.19,50625.55,1
2024-03-21,2024-03-21 13:24:00,1348.74,1348.75,1348.74,1348.75,0.0,37.19,50625.55,1
2024-03-21,2024-03-21 13:25:00,1348.75,1348.76,1348.75,1348.76,0.0,37.19,50625.55,1
2024-03-21,2024-03-21 13:26:00,1348.76,1348.78,1348.76,1348.78,0.0,37.19,50625.55,1
2024-03-21,2024-03-21 13:27:00,1348.78,1348.79,1348.78,1348.79,0.0,37.19,50625.55,1
2024-03-21,2024-03-21 13:28:00,1348.79,1348.8,1348.79,1348.8,0.0,37.19,50625.55,1
2024-03-21,2024-03-21 13:29:00,1348.8,1348.81,1348.8,1348.81,0.0,37.19,50625.55,1
2024-03-21,2024-03-21 13:30:00,1348.81,1348.82,1348.81,1348.82,0.0,37.19,50625.55,1
2024-03-21,2024-03-21 13:31:00,1348.82,1348.84,1348.82,1348.84,0.0,37.19,50625.55,1
2024-03-21,2024-03-21 13:32:00,1348.84,1348.85,1348.84,1348.85,0.0,37.19,50625.55,1
2024-03-21,2024-03-21 13:33:00,1348.85,1348.86,1348.85,1348.86,0.0,37.19,50625.55,1
2024-03-21,2024-03-21 13:34:00,1348.86,1348.87,1348.86,1348.87,0.0,37.19,50625.55,1
2024-03-21,2024-03-21 13:35:00,1348.87,1348.88,1348.87,1348.88,0.0,37.19,50625.55,1
2024-03-21,2024-03-21 13:36:00,1348.88,1348.9,1348.88,1348.9,0.0,37.19,50625.55,1
2024-03-21,2024-03-21 13:37:00,1348.9,1348.91,1348.9,1348.91,0.0,37.19,50625.55,1
2024-03-21,2024-03-21 13:38:00,1348.91,1348.92,1348.91,1348.92,0.0,37.19,50625.55,1
2024-03-21,2024-03-21 13:39:00,1348.92,1348.93,1348.92,1348.93,0.0,37.19,50625.55,1
2024-03-21,2024-03-21 13:40:00,1348.93,1348.95,1348.93,1348.95,0.0,37.19,50625.55,1
2024-03-21,2024-03-21 13:41:00,1348.95,1348.96,1348.95,1348.96,0.0,37.19,50625.55,1
2024-03-21,2024-03-21 13:42:00,1348.96,1348.97,1348.96,1348.97,0.0,37.19,50625.55,1
2024-03-21,2024-03-21 13:43:00,1348.97,1348.98,1348.97,1348.98,0.0,37.19,50625.55,1
2024-03-21,2024-03-21 13:44:00,1348.98,1348.99,1348.98,1348.99,0.0,37.19,50625.55,1
2024-03-21,2024-03-21 13:45:00,1348.99,1349.01,1348.99,1349.01,0.0,37.19,50625.55,1
2024-03-21,2024-03-21 13:46:00,1349.01,1349.02,1349.01,1349.02,0.0,37.19,50625.55,1
2024-03-21,2024-03-21 13:47:00,1349.02,1349.03,1349.02,1349.03,0.0,37.19,50625.55,1
2024-03-21,2024-03-21 13:48:00,1349.03,1349.04,1349.03,1349.04,0.0,37.19,50625.55,1
2024-03-21,2024-03-21 13:49:00,1349.04,1349.05,1349.04,1349.05,0.0,37.19,50625.55,1
2024-03-21,2024-03-21 13:50:00,1349.05,1349.07,1349.05,1349.07,0.0,37.19,50625.55,1
2024-03-21,2024-03-21 13:51:00,1349.07,1349.08,1349.07,1349.08,0.0,37.19,50625.55,1
2024-03-21,2024-03-21 13:52:00,1349.08,1349.09,1349.08,1349.09,0.0,37.19,50625.55,1
2024-03-21,2024-03-21 13:53:00,1349.09,1349.1,1349.09,1349.1,0.0,37.19,50625.55,1
2024-03-21,2024-03-21 13:54:00,1349.1,1349.11,1349.1,1349.11,0.0,37.19,50625.55,1
2024-03-21,2024-03-21 13:55:00,1349.11,1349.13,1349.11,1349.13,0.0,37.19,50625.55,1
2024-03-21,2024-03-21 13:56:00,1349.13,1349.14,1349.13,1349.14,0.0,37.19,50625.55,1
2024-03-21,2024-03-21 13:57:00,1349.14,1349.15,1349.14,1349.15,0.0,37.19,50625.55,1
2024-03-21,2024-03-21 13:58:00,1349.15,1349.16,1349.15,1349.16,0.0,37.19,50625.55,1
2024-03-21,2024-03-21 13:59:00,1349.16,1349.18,1349.16,1349.18,0.0,37.19,50625.55,1
2024-03-21,2024-03-21 14:00:00,1349.18,1349.19,1349.18,1349.19,0.0,37.19,50625.55,1
2024-03-21,2024-03-21 14:01:00,1349.19,1349.2,1349.19,1349.2,0.0,37.19,50625.55,1
2024-03-21,2024-03-21 14:02:00,1349.2,1349.21,1349.2,1349.21,0.0,37.19,50625.55,1
2024-03-21,2024-03-21 14:03:00,1349.21,1349.22,1349.21,1349.22,0.0,37.19,50625.55,1
2024-03-21,2024-03-21 14:04:00,1349.22,1349.24,1349.22,1349.24,0.0,37.19,50625.55,1
2024-03-21,2024-03-21 14:05:00,1349.24,1349.25,1349.24,1349.25,0.0,37.19,50625.55,1
2024-03-21,2024-03-21 14:06:00,1349.25,1349.26,1349.25,1349.26,0.0,37.19,50625.55,1
2024-03-21,2024-03-21 14:07:00,1349.26,1349.27,1349.26,1349.27,0.0,37.19,50625.55,1
2024-03-21,2024-03-21 14:08:00,1349.27,1349.28,1349.27,1349.28,0.0,37.19,50625.55,1
2024-03-21,2024-03-21 14:09:00,1349.28,1349.3,1349.28,1349.3,0.0,37.19,50625.55,1
2024-03-21,2024-03-21 14:10:00,1349.3,1349.31,1349.3,1349.31,0.0,37.19,50625.55,1
2024-03-21,2024-03-21 14:11:00,1349.31,1349.32,1349.31,1349.32,0.0,37.19,50625.55,1
2024-03-21,2024-03-21 14:12:00,1349.32,1349.33,1349.32,1349.33,0.0,37.19,50625.55,1
2024-03-21,2024-03-21 14:13:00,1349.33,1349.34,1349.33,1349.34,0.0,37.19,50625.55,1
2024-03-21,2024-03-21 14:14:00,1349.34,1349.36,1349.34,1349.36,0.0,37.19,50625.55,1
2024-03-21,2024-03-21 14:15:00,1349.36,1349.37,1349.36,1349.37,0.0,37.19,50625.55,1
2024-03-21,2024-03-21 14:16:00,1349.37,1349.38,1349.37,1349.38,0.0,37.19,50625.55,1
2024-03-21,2024-03-21 14:17:00,1349.38,1349.39,1349.38,1349.39,0.0,37.19,50625.55,1
2024-03-21,2024-03-21 14:18:00,1349.39,1349.4,1349.39,1349.4,0.0,37.19,50625.55,1
2024-03-21,2024-03-21 14:19:00,1349.4,1349.42,1349.4,1349.42,0.0,37.19,50625.55,1
2024-03-21,2024-03-21 14:20:00,1349.42,1349.43,1349.42,1349.43,0.0,37.19,50625.55,1
2024-03-21,2024-03-21 14:21:00,1349.43,1349.44,1349.43,1349.44,0.0,37.19,50625.55,1
2024-03-21,2024-03-21 14:22:00,1349.44,1349.45,1349.44,1349.45,0.0,37.19,50625.55,1
2024-03-21,2024-03-21 14:23:00,1349.45,1349.47,1349.45,1349.47,0.0,37.19,50625.55,1
2024-03-21,2024-03-21 14:24:00,1349.47,1349.48,1349.47,1349.48,0.0,37.19,50625.55,1
2024-03-21,2024-03-21 14:25:00,1349.48,1349.49,1349.48,1349.49,0.0,37.19,50625.55,1
2024-03-21,2024-03-21 14:26:00,1349.49,1349.5,1349.49,1349.5,0.0,37.19,50625.55,1
2024-03-21,2024-03-21 14:27:00,1349.5,1349.51,1349.5,1349.51,0.0,37.19,50625.55,1
2024-03-21,2024-03-21 14:28:00,1349.51,1349.53,1349.51,1349.53,0.0,37.19,50625.55,1
2024-03-21,2024-03-21 14:29:00,1349.53,1349.54,1349.53,1349.54,0.0,37.19,50625.55,1
2024-03-21,2024-03-21 14:30:00,1349.54,1349.55,1349.54,1349.55,0.0,37.19,50625.55,1
2024-03-21,2024-03-21 14:31:00,1349.55,1349.56,1349.55,1349.56,0.0,37.19,50625.55,1
2024-03-21,2024-03-21 14:32:00,1349.56,1349.57,1349.56,1349.57,0.0,37.19,50625.55,1
2024-03-21,2024-03-21 14:33:00,1349.57,1349.59,1349.57,1349.59,0.0,37.19,50625.55,1
2024-03-21,2024-03-21 14:34:00,1349.59,1349.6,1349.59,1349.6,0.0,37.19,50625.55,1
2024-03-21,2024-03-21 14:35:00,1349.6,1349.61,1349.6,1349.61,0.0,37.19,50625.55,1
2024-03-21,2024-03-21 14:36:00,1349.61,1349.62,1349.61,1349.62,0.0,37.19,50625.55,1
2024-03-21,2024-03-21 14:37:00,1349.62,1349.63,1349.62,1349.63,0.0,37.19,50625.55,1
2024-03-21,2024-03-21 14:38:00,1349.63,1349.65,1349.63,1349.65,0.0,37.19,50625.55,1
2024-03-21,2024-03-21 14:39:00,1349.65,1349.66,1349.65,1349.66,0.0,37.19,50625.55,1
2024-03-21,2024-03-21 14:40:00,1349.66,1349.67,1349.66,1349.67,0.0,37.19,50625.55,1
2024-03-21,2024-03-21 14:41:00,1349.67,1349.68,1349.67,1349.68,0.0,37.19,50625.55,1
2024-03-21,2024-03-21 14:42:00,1349.68,1349.69,1349.68,1349.69,0.0,37.19,50625.55,1
2024-03-21,2024-03-21 14:43:00,1349.69,1349.71,1349.69,1349.71,0.0,37.19,50625.55,1
2024-03-21,2024-03-21 14:44:00,1349.71,1349.72,1349.71,1349.72,0.0,37.19,50625.55,1
2024-03-21,2024-03-21 14:45:00,1349.72,1349.73,1349.72,1349.73,0.0,37.19,50625.55,1
2024-03-21,2024-03-21 14:46:00,1349.73,1349.74,1349.73,1349.74,0.0,37.19,50625.55,1
2024-03-21,2024-03-21 14:47:00,1349.74,1349.76,1349.74,1349.76,0.0,37.19,50625.55,1
2024-03-21,2024-03-21 14:48:00,1349.76,1349.77,1349.76,1349.77,0.0,37.19,50625.55,1
2024-03-21,2024-03-21 14:49:00,1349.77,1349.78,1349.77,1349.78,0.0,37.19,50625.55,1
2024-03-21,2024-03-21 14:50:00,1349.78,1349.79,1349.78,1349.79,0.0,37.19,50625.55,1
2024-03-21,2024-03-21 14:51:00,1349.79,1349.8,1349.79,1349.8,0.0,37.19,50625.55,1
2024-03-21,2024-03-21 14:52:00,1349.8,1349.82,1349.8,1349.82,0.0,37.19,50625.55,1
2024-03-21,2024-03-21 14:53:00,1349.82,1349.83,1349.82,1349.83,0.0,37.19,50625.55,1
2024-03-21,2024-03-21 14:54:00,1349.83,1349.84,1349.83,1349.84,0.0,37.19,50625.55,1
2024-03-21,2024-03-21 14:55:00,1349.84,1349.85,1349.84,1349.85,0.0,37.19,50625.55,1
2024-03-21,2024-03-21 14:56:00,1349.85,1349.86,1349.85,1349.86,0.0,37.19,50625.55,1
2024-03-21,2024-03-21 14:57:00,1349.86,1349.88,1349.86,1349.88,0.0,37.19,50625.55,1
2024-03-21,2024-03-21 14:58:00,1349.88,1349.89,1349.88,1349.89,0.0,37.19,50625.55,1
2024-03-21,2024-03-21 14:59:00,1349.89,1349.9,1349.89,1349.9,0.0,37.19,50625.55,1
2024-03-21,2024-03-21 15:00:00,1349.9,1457.0,1328.9,1349.9,0.0,37.19,50625.55,0
2024-03-25,2024-03-25 11:00:00,1350.1,1382.47,1336.12,1350.52,0.03,44.42,61032.08,1
2024-03-25,2024-03-25 11:01:00,1350.52,1350.93,1350.52,1350.93,0.03,44.42,61032.08,1
2024-03-25,2024-03-25 11:02:00,1350.93,1351.35,1350.93,1351.35,0.03,44.42,61032.08,1
2024-03-25,2024-03-25 11:03:00,1351.35,1351.76,1351.35,1351.76,0.03,44.42,61032.08,1
2024-03-25,2024-03-25 11:04:00,1351.76,1352.18,1351.76,1352.18,0.03,44.42,61032.08,1
2024-03-25,2024-03-25 11:05:00,1352.18,1352.6,1352.18,1352.6,0.03,44.42,61032.08,1
2024-03-25,2024-03-25 11:06:00,1352.6,1353.01,1352.6,1353.01,0.03,44.42,61032.08,1
2024-03-25,2024-03-25 11:07:00,1353.01,1353.43,1353.01,1353.43,0.03,44.42,61032.08,1
2024-03-25,2024-03-25 11:08:00,1353.43,1353.85,1353.43,1353.85,0.03,44.42,61032.08,1
2024-03-25,2024-03-25 11:09:00,1353.85,1354.26,1353.85,1354.26,0.03,44.42,61032.08,1
2024-03-25,2024-03-25 11:10:00,1354.26,1354.68,1354.26,1354.68,0.03,44.42,61032.08,1
2024-03-25,2024-03-25 11:11:00,1354.68,1355.09,1354.68,1355.09,0.03,44.42,61032.08,1
2024-03-25,2024-03-25 11:12:00,1355.09,1355.51,1355.09,1355.51,0.03,44.42,61032.08,1
2024-03-25,2024-03-25 11:13:00,1355.51,1355.93,1355.51,1355.93,0.03,44.42,61032.08,1
2024-03-25,2024-03-25 11:14:00,1355.93,1356.34,1355.93,1356.34,0.03,44.42,61032.08,1
2024-03-25,2024-03-25 11:15:00,1356.34,1356.76,1356.34,1356.76,0.03,44.42,61032.08,1
2024-03-25,2024-03-25 11:16:00,1356.76,1357.18,1356.76,1357.18,0.03,44.42,61032.08,1
2024-03-25,2024-03-25 11:17:00,1357.18,1357.59,1357.18,1357.59,0.03,44.42,61032.08,1
2024-03-25,2024-03-25 11:18:00,1357.59,1358.01,1357.59,1358.01,0.03,44.42,61032.08,1
2024-03-25,2024-03-25 11:19:00,1358.01,1358.42,1358.01,1358.42,0.03,44.42,61032.08,1
2024-03-25,2024-03-25 11:20:00,1358.42,1358.84,1358.42,1358.84,0.03,44.42,61032.08,1
2024-03-25,2024-03-25 11:21:00,1358.84,1359.26,1358.84,1359.26,0.03,44.42,61032.08,1
2024-03-25,2024-03-25 11:22:00,1359.26,1359.67,1359.26,1359.67,0.03,44.42,61032.08,1
2024-03-25,2024-03-25 11:23:00,1359.67,1360.09,1359.67,1360.09,0.03,44.42,61032.08,1
2024-03-25,2024-03-25 11:24:00,1360.09,1360.51,1360.09,1360.51,0.03,44.42,61032.08,1
2024-03-25,2024-03-25 11:25:00,1360.51,1360.92,1360.51,1360.92,0.03,44.42,61032.08,1
2024-03-25,2024-03-25 11:26:00,1360.92,1361.34,1360.92,1361.34,0.03,44.42,61032.08,1
2024-03-25,2024-03-25 11:27:00,1361.34,1361.75,1361.34,1361.75,0.03,44.42,61032.08,1
2024-03-25,2024-03-25 11:28:00,1361.75,1362.17,1361.75,1362.17,0.03,44.42,61032.08,1
2024-03-25,2024-03-25 11:29:00,1362.17,1362.59,1362.17,1362.59,0.03,44.42,61032.08,1
2024-03-25,2024-03-25 11:30:00,1362.59,1363.0,1362.59,1363.0,0.03,44.42,61032.08,1
2024-03-25,2024-03-25 11:31:00,1363.0,1363.42,1363.0,1363.42,0.03,44.42,61032.08,1
2024-03-25,2024-03-25 11:32:00,1363.42,1363.84,1363.42,1363.84,0.03,44.42,61032.08,1
2024-03-25,2024-03-25 11:33:00,1363.84,1364.25,1363.84,1364.25,0.03,44.42,61032.08,1
2024-03-25,2024-03-25 11:34:00,1364.25,1364.67,1364.25,1364.67,0.03,44.42,61032.08,1
2024-03-25,2024-03-25 11:35:00,1364.67,1365.09,1364.67,1365.09,0.03,44.42,61032.08,1
2024-03-25,2024-03-25 11:36:00,1365.09,1365.5,1365.09,1365.5,0.03,44.42,61032.08,1
2024-03-25,2024-03-25 11:37:00,1365.5,1365.92,1365.5,1365.92,0.03,44.42,61032.08,1
2024-03-25,2024-03-25 11:38:00,1365.92,1366.33,1365.92,1366.33,0.03,44.42,61032.08,1
2024-03-25,2024-03-25 11:39:00,1366.33,1366.75,1366.33,1366.75,0.03,44.42,61032.08,1
2024-03-25,2024-03-25 11:40:00,1366.75,1367.17,1366.75,1367.17,0.03,44.42,61032.08,1
2024-03-25,2024-03-25 11:41:00,1367.17,1367.58,1367.17,1367.58,0.03,44.42,61032.08,1
2024-03-25,2024-03-25 11:42:00,1367.58,1368.0,1367.58,1368.0,0.03,44.42,61032.08,1
2024-03-25,2024-03-25 11:43:00,1368.0,1368.41,1368.0,1368.41,0.03,44.42,61032.08,1
2024-03-25,2024-03-25 11:44:00,1368.41,1368.83,1368.41,1368.83,0.03,44.42,61032.08,1
2024-03-25,2024-03-25 11:45:00,1368.83,1369.25,1368.83,1369.25,0.03,44.42,61032.08,1
2024-03-25,2024-03-25 11:46:00,1369.25,1369.66,1369.25,1369.66,0.03,44.42,61032.08,1
2024-03-25,2024-03-25 11:47:00,1369.66,1370.08,1369.66,1370.08,0.03,44.42,61032.08,1
2024-03-25,2024-03-25 11:48:00,1370.08,1370.5,1370.08,1370.5,0.03,44.42,61032.08,1
2024-03-25,2024-03-25 11:49:00,1370.5,1370.91,1370.5,1370.91,0.03,44.42,61032.08,1
2024-03-25,2024-03-25 11:50:00,1370.91,1371.33,1370.91,1371.33,0.03,44.42,61032.08,1
2024-03-25,2024-03-25 11:51:00,1371.33,1371.74,1371.33,1371.74,0.03,44.42,61032.08,1
2024-03-25,2024-03-25 11:52:00,1371.74,1372.16,1371.74,1372.16,0.03,44.42,61032.08,1
2024-03-25,2024-03-25 11:53:00,1372.16,1372.58,1372.16,1372.58,0.03,44.42,61032.08,1
2024-03-25,2024-03-25 11:54:00,1372.58,1372.99,1372.58,1372.99,0.03,44.42,61032.08,1
2024-03-25,2024-03-25 11:55:00,1372.99,1373.41,1372.99,1373.41,0.03,44.42,61032.08,1
2024-03-25,2024-03-25 11:56:00,1373.41,1373.83,1373.41,1373.83,0.03,44.42,61032.08,1
2024-03-25,2024-03-25 11:57:00,1373.83,1374.24,1373.83,1374.24,0.03,44.42,61032.08,1
2024-03-25,2024-03-25 11:58:00,1374.24,1374.66,1374.24,1374.66,0.03,44.42,61032.08,1
2024-03-25,2024-03-25 11:59:00,1374.66,1375.07,1374.66,1375.07,0.03,44.42,61032.08,1
2024-03-25,2024-03-25 12:00:00,1375.07,1375.49,1375.07,1375.49,0.03,44.42,61032.08,1
2024-03-25,2024-03-25 12:01:00,1375.49,1375.91,1375.49,1375.91,0.03,44.42,61032.08,1
2024-03-25,2024-03-25 12:02:00,1375.91,1376.32,1375.91,1376.32,0.03,44.42,61032.08,1
2024-03-25,2024-03-25 12:03:00,1376.32,1376.74,1376.32,1376.74,0.03,44.42,61032.08,1
2024-03-25,2024-03-25 12:04:00,1376.74,1377.16,1376.74,1377.16,0.03,44.42,61032.08,1
2024-03-25,2024-03-25 12:05:00,1377.16,1377.57,1377.16,1377.57,0.03,44.42,61032.08,1
2024-03-25,2024-03-25 12:06:00,1377.57,1377.99,1377.57,1377.99,0.03,44.42,61032.08,1
2024-03-25,2024-03-25 12:07:00,1377.99,1378.4,1377.99,1378.4,0.03,44.42,61032.08,1
2024-03-25,2024-03-25 12:08:00,1378.4,1378.82,1378.4,1378.82,0.03,44.42,61032.08,1
2024-03-25,2024-03-25 12:09:00,1378.82,1379.24,1378.82,1379.24,0.03,44.42,61032.08,1
2024-03-25,2024-03-25 12:10:00,1379.24,1379.65,1379.24,1379.65,0.03,44.42,61032.08,1
2024-03-25,2024-03-25 12:11:00,1379.65,1380.07,1379.65,1380.07,0.03,44.42,61032.08,1
2024-03-25,2024-03-25 12:12:00,1380.07,1380.49,1380.07,1380.49,0.03,44.42,61032.08,1
2024-03-25,2024-03-25 12:13:00,1380.49,1380.9,1380.49,1380.9,0.03,44.42,61032.08,1
2024-03-25,2024-03-25 12:14:00,1380.9,1381.32,1380.9,1381.32,0.03,44.42,61032.08,1
2024-03-25,2024-03-25 12:15:00,1381.32,1381.73,1381.32,1381.73,0.03,44.42,61032.08,1
2024-03-25,2024-03-25 12:16:00,1381.73,1382.15,1381.73,1382.15,0.03,44.42,61032.08,1
2024-03-25,2024-03-25 12:17:00,1382.15,1382.57,1382.15,1382.57,0.03,44.42,61032.08,1
2024-03-25,2024-03-25 12:18:00,1382.57,1382.98,1382.57,1382.98,0.03,44.42,61032.08,1
2024-03-25,2024-03-25 12:19:00,1382.98,1383.4,1382.98,1383.4,0.03,44.42,61032.08,1
2024-03-25,2024-03-25 12:20:00,1383.4,1383.82,1383.4,1383.82,0.03,44.42,61032.08,1
2024-03-25,2024-03-25 12:21:00,1383.82,1384.23,1383.82,1384.23,0.03,44.42,61032.08,1
2024-03-25,2024-03-25 12:22:00,1384.23,1384.65,1384.23,1384.65,0.03,44.42,61032.08,1
2024-03-25,2024-03-25 12:23:00,1384.65,1385.07,1384.65,1385.07,0.03,44.42,61032.08,1
2024-03-25,2024-03-25 12:24:00,1385.07,1385.48,1385.07,1385.48,0.03,44.42,61032.08,1
2024-03-25,2024-03-25 12:25:00,1385.48,1385.9,1385.48,1385.9,0.03,44.42,61032.08,1
2024-03-25,2024-03-25 12:26:00,1385.9,1386.31,1385.9,1386.31,0.03,44.42,61032.08,1
2024-03-25,2024-03-25 12:27:00,1386.31,1386.73,1386.31,1386.73,0.03,44.42,61032.08,1
2024-03-25,2024-03-25 12:28:00,1386.73,1387.15,1386.73,1387.15,0.03,44.42,61032.08,1
2024-03-25,2024-03-25 12:29:00,1387.15,1387.56,1387.15,1387.56,0.03,44.42,61032.08,1
2024-03-25,2024-03-25 12:30:00,1387.56,1387.98,1387.56,1387.98,0.03,44.42,61032.08,1
2024-03-25,2024-03-25 12:31:00,1387.98,1388.39,1387.98,1388.39,0.03,44.42,61032.08,1
2024-03-25,2024-03-25 12:32:00,1388.39,1388.81,1388.39,1388.81,0.03,44.42,61032.08,1
2024-03-25,2024-03-25 12:33:00,1388.81,1389.23,1388.81,1389.23,0.03,44.42,61032.08,1
2024-03-25,2024-03-25 12:34:00,1389.23,1389.64,1389.23,1389.64,0.03,44.42,61032.08,1
2024-03-25,2024-03-25 12:35:00,1389.64,1390.06,1389.64,1390.06,0.03,44.42,61032.08,1
2024-03-25,2024-03-25 12:36:00,1390.06,1390.48,1390.06,1390.48,0.03,44.42,61032.08,1
2024-03-25,2024-03-25 12:37:00,1390.48,1390.89,1390.48,1390.89,0.03,44.42,61032.08,1
2024-03-25,2024-03-25 12:38:00,1390.89,1391.31,1390.89,1391.31,0.03,44.42,61032.08,1
2024-03-25,2024-03-25 12:39:00,1391.31,1391.72,1391.31,1391.72,0.03,44.42,61032.08,1
2024-03-25,2024-03-25 12:40:00,1391.72,1392.14,1391.72,1392.14,0.03,44.42,61032.08,1
2024-03-25,2024-03-25 12:41:00,1392.14,1392.56,1392.14,1392.56,0.03,44.42,61032.08,1
2024-03-25,2024-03-25 12:42:00,1392.56,1392.97,1392.56,1392.97,0.03,44.42,61032.08,1
2024-03-25,2024-03-25 12:43:00,1392.97,1393.39,1392.97,1393.39,0.03,44.42,61032.08,1
2024-03-25,2024-03-25 12:44:00,1393.39,1393.81,1393.39,1393.81,0.03,44.42,61032.08,1
2024-03-25,2024-03-25 12:45:00,1393.81,1394.22,1393.81,1394.22,0.03,44.42,61032.08,1
2024-03-25,2024-03-25 12:46:00,1394.22,1394.64,1394.22,1394.64,0.03,44.42,61032.08,1
2024-03-25,2024-03-25 12:47:00,1394.64,1395.05,1394.64,1395.05,0.03,44.42,61032.08,1
2024-03-25,2024-03-25 12:48:00,1395.05,1395.47,1395.05,1395.47,0.03,44.42,61032.08,1
2024-03-25,2024-03-25 12:49:00,1395.47,1395.89,1395.47,1395.89,0.03,44.42,61032.08,1
2024-03-25,2024-03-25 12:50:00,1395.89,1396.3,1395.89,1396.3,0.03,44.42,61032.08,1
2024-03-25,2024-03-25 12:51:00,1396.3,1396.72,1396.3,1396.72,0.03,44.42,61032.08,1
2024-03-25,2024-03-25 12:52:00,1396.72,1397.14,1396.72,1397.14,0.03,44.42,61032.08,1
2024-03-25,2024-03-25 12:53:00,1397.14,1397.55,1397.14,1397.55,0.03,44.42,61032.08,1
2024-03-25,2024-03-25 12:54:00,1397.55,1397.97,1397.55,1397.97,0.03,44.42,61032.08,1
2024-03-25,2024-03-25 12:55:00,1397.97,1398.38,1397.97,1398.38,0.03,44.42,61032.08,1
2024-03-25,2024-03-25 12:56:00,1398.38,1398.8,1398.38,1398.8,0.03,44.42,61032.08,1
2024-03-25,2024-03-25 12:57:00,1398.8,1399.22,1398.8,1399.22,0.03,44.42,61032.08,1
2024-03-25,2024-03-25 12:58:00,1399.22,1399.63,1399.22,1399.63,0.03,44.42,61032.08,1
2024-03-25,2024-03-25 12:59:00,1399.63,1400.05,1399.63,1400.05,0.03,44.42,61032.08,1
2024-03-25,2024-03-25 13:00:00,1400.05,1458.0,1303.5,1400.47,0.03,44.42,61032.08,1
2024-03-25,2024-03-25 13:01:00,1400.47,1400.88,1400.47,1400.88,0.03,44.42,61032.08,1
2024-03-25,2024-03-25 13:02:00,1400.88,1401.3,1400.88,1401.3,0.03,44.42,61032.08,1
2024-03-25,2024-03-25 13:03:00,1401.3,1401.71,1401.3,1401.71,0.03,44.42,61032.08,1
2024-03-25,2024-03-25 13:04:00,1401.71,1402.13,1401.71,1402.13,0.03,44.42,61032.08,1
2024-03-25,2024-03-25 13:05:00,1402.13,1402.55,1402.13,1402.55,0.03,44.42,61032.08,1
2024-03-25,2024-03-25 13:06:00,1402.55,1402.96,1402.55,1402.96,0.03,44.42,61032.08,1
2024-03-25,2024-03-25 13:07:00,1402.96,1403.38,1402.96,1403.38,0.03,44.42,61032.08,1
2024-03-25,2024-03-25 13:08:00,1403.38,1403.8,1403.38,1403.8,0.03,44.42,61032.08,1
2024-03-25,2024-03-25 13:09:00,1403.8,1404.21,1403.8,1404.21,0.03,44.42,61032.08,1
2024-03-25,2024-03-25 13:10:00,1404.21,1404.63,1404.21,1404.63,0.03,44.42,61032.08,1
2024-03-25,2024-03-25 13:11:00,1404.63,1405.05,1404.63,1405.05,0.03,44.42,61032.08,1
2024-03-25,2024-03-25 13:12:00,1405.05,1405.46,1405.05,1405.46,0.03,44.42,61032.08,1
2024-03-25,2024-03-25 13:13:00,1405.46,1405.88,1405.46,1405.88,0.03,44.42,61032.08,1
2024-03-25,2024-03-25 13:14:00,1405.88,1406.29,1405.88,1406.29,0.03,44.42,61032.08,1
2024-03-25,2024-03-25 13:15:00,1406.29,1406.71,1406.29,1406.71,0.03,44.42,61032.08,1
2024-03-25,2024-03-25 13:16:00,1406.71,1407.13,1406.71,1407.13,0.03,44.42,61032.08,1
2024-03-25,2024-03-25 13:17:00,1407.13,1407.54,1407.13,1407.54,0.03,44.42,61032.08,1
2024-03-25,2024-03-25 13:18:00,1407.54,1407.96,1407.54,1407.96,0.03,44.42,61032.08,1
2024-03-25,2024-03-25 13:19:00,1407.96,1408.38,1407.96,1408.38,0.03,44.42,61032.08,1
2024-03-25,2024-03-25 13:20:00,1408.38,1408.79,1408.38,1408.79,0.03,44.42,61032.08,1
2024-03-25,2024-03-25 13:21:00,1408.79,1409.21,1408.79,1409.21,0.03,44.42,61032.08,1
2024-03-25,2024-03-25 13:22:00,1409.21,1409.62,1409.21,1409.62,0.03,44.42,61032.08,1
2024-03-25,2024-03-25 13:23:00,1409.62,1410.04,1409.62,1410.04,0.03,44.42,61032.08,1
2024-03-25,2024-03-25 13:24:00,1410.04,1410.46,1410.04,1410.46,0.03,44.42,61032.08,1
2024-03-25,2024-03-25 13:25:00,1410.46,1410.87,1410.46,1410.87,0.03,44.42,61032.08,1
2024-03-25,2024-03-25 13:26:00,1410.87,1411.29,1410.87,1411.29,0.03,44.42,61032.08,1
2024-03-25,2024-03-25 13:27:00,1411.29,1411.7,1411.29,1411.7,0.03,44.42,61032.08,1
2024-03-25,2024-03-25 13:28:00,1411.7,1412.12,1411.7,1412.12,0.03,44.42,61032.08,1
2024-03-25,2024-03-25 13:29:00,1412.12,1412.54,1412.12,1412.54,0.03,44.42,61032.08,1
2024-03-25,2024-03-25 13:30:00,1412.54,1412.95,1412.54,1412.95,0.03,44.42,61032.08,1
2024-03-25,2024-03-25 13:31:00,1412.95,1413.37,1412.95,1413.37,0.03,44.42,61032.08,1
2024-03-25,2024-03-25 13:32:00,1413.37,1413.79,1413.37,1413.79,0.03,44.42,61032.08,1
2024-03-25,2024-03-25 13:33:00,1413.79,1414.2,1413.79,1414.2,0.03,44.42,61032.08,1
2024-03-25,2024-03-25 13:34:00,1414.2,1414.62,1414.2,1414.62,0.03,44.42,61032.08,1
2024-03-25,2024-03-25 13:35:00,1414.62,1415.03,1414.62,1415.03,0.03,44.42,61032.08,1
2024-03-25,2024-03-25 13:36:00,1415.03,1415.45,1415.03,1415.45,0.03,44.42,61032.08,1
2024-03-25,2024-03-25 13:37:00,1415.45,1415.87,1415.45,1415.87,0.03,44.42,61032.08,1
2024-03-25,2024-03-25 13:38:00,1415.87,1416.28,1415.87,1416.28,0.03,44.42,61032.08,1
2024-03-25,2024-03-25 13:39:00,1416.28,1416.7,1416.28,1416.7,0.03,44.42,61032.08,1
2024-03-25,2024-03-25 13:40:00,1416.7,1417.12,1416.7,1417.12,0.03,44.42,61032.08,1
2024-03-25,2024-03-25 13:41:00,1417.12,1417.53,1417.12,1417.53,0.03,44.42,61032.08,1
2024-03-25,2024-03-25 13:42:00,1417.53,1417.95,1417.53,1417.95,0.03,44.42,61032.08,1
2024-03-25,2024-03-25 13:43:00,1417.95,1418.37,1417.95,1418.37,0.03,44.42,61032.08,1
2024-03-25,2024-03-25 13:44:00,1418.37,1418.78,1418.37,1418.78,0.03,44.42,61032.08,1
2024-03-25,2024-03-25 13:45:00,1418.78,1419.2,1418.78,1419.2,0.03,44.42,61032.08,1
2024-03-25,2024-03-25 13:46:00,1419.2,1419.61,1419.2,1419.61,0.03,44.42,61032.08,1
2024-03-25,2024-03-25 13:47:00,1419.61,1420.03,1419.61,1420.03,0.03,44.42,61032.08,1
2024-03-25,2024-03-25 13:48:00,1420.03,1420.45,1420.03,1420.45,0.03,44.42,61032.08,1
2024-03-25,2024-03-25 13:49:00,1420.45,1420.86,1420.45,1420.86,0.03,44.42,61032.08,1
2024-03-25,2024-03-25 13:50:00,1420.86,1421.28,1420.86,1421.28,0.03,44.42,61032.08,1
2024-03-25,2024-03-25 13:51:00,1421.28,1421.69,1421.28,1421.69,0.03,44.42,61032.08,1
2024-03-25,2024-03-25 13:52:00,1421.69,1422.11,1421.69,1422.11,0.03,44.42,61032.08,1
2024-03-25,2024-03-25 13:53:00,1422.11,1422.53,1422.11,1422.53,0.03,44.42,61032.08,1
2024-03-25,2024-03-25 13:54:00,1422.53,1422.94,1422.53,1422.94,0.03,44.42,61032.08,1
2024-03-25,2024-03-25 13:55:00,1422.94,1423.36,1422.94,1423.36,0.03,44.42,61032.08,1
2024-03-25,2024-03-25 13:56:00,1423.36,1423.78,1423.36,1423.78,0.03,44.42,61032.08,1
2024-03-25,2024-03-25 13:57:00,1423.78,1424.19,1423.78,1424.19,0.03,44.42,61032.08,1
2024-03-25,2024-03-25 13:58:00,1424.19,1424.61,1424.19,1424.61,0.03,44.42,61032.08,1
2024-03-25,2024-03-25 13:59:00,1424.61,1425.03,1424.61,1425.03,0.03,44.42,61032.08,1
2024-03-25,2024-03-25 14:00:00,1425.03,1425.44,1425.03,1425.44,0.03,44.42,61032.08,1
2024-03-25,2024-03-25 14:01:00,1425.44,1425.86,1425.44,1425.86,0.03,44.42,61032.08,1
2024-03-25,2024-03-25 14:02:00,1425.86,1426.27,1425.86,1426.27,0.03,44.42,61032.08,1
2024-03-25,2024-03-25 14:03:00,1426.27,1426.69,1426.27,1426.69,0.03,44.42,61032.08,1
2024-03-25,2024-03-25 14:04:00,1426.69,1427.11,1426.69,1427.11,0.03,44.42,61032.08,1
2024-03-25,2024-03-25 14:05:00,1427.11,1427.52,1427.11,1427.52,0.03,44.42,61032.08,1
2024-03-25,2024-03-25 14:06:00,1427.52,1427.94,1427.52,1427.94,0.03,44.42,61032.08,1
2024-03-25,2024-03-25 14:07:00,1427.94,1428.36,1427.94,1428.36,0.03,44.42,61032.08,1
2024-03-25,2024-03-25 14:08:00,1428.36,1428.77,1428.36,1428.77,0.03,44.42,61032.08,1
2024-03-25,2024-03-25 14:09:00,1428.77,1429.19,1428.77,1429.19,0.03,44.42,61032.08,1
2024-03-25,2024-03-25 14:10:00,1429.19,1429.6,1429.19,1429.6,0.03,44.42,61032.08,1
2024-03-25,2024-03-25 14:11:00,1429.6,1430.02,1429.6,1430.02,0.03,44.42,61032.08,1
2024-03-25,2024-03-25 14:12:00,1430.02,1430.44,1430.02,1430.44,0.03,44.42,61032.08,1
2024-03-25,2024-03-25 14:13:00,1430.44,1430.85,1430.44,1430.85,0.03,44.42,61032.08,1
2024-03-25,2024-03-25 14:14:00,1430.85,1431.27,1430.85,1431.27,0.03,44.42,61032.08,1
2024-03-25,2024-03-25 14:15:00,1431.27,1431.68,1431.27,1431.68,0.03,44.42,61032.08,1
2024-03-25,2024-03-25 14:16:00,1431.68,1432.1,1431.68,1432.1,0.03,44.42,61032.08,1
2024-03-25,2024-03-25 14:17:00,1432.1,1432.52,1432.1,1432.52,0.03,44.42,61032.08,1
2024-03-25,2024-03-25 14:18:00,1432.52,1432.93,1432.52,1432.93,0.03,44.42,61032.08,1
2024-03-25,2024-03-25 14:19:00,1432.93,1433.35,1432.93,1433.35,0.03,44.42,61032.08,1
2024-03-25,2024-03-25 14:20:00,1433.35,1433.77,1433.35,1433.77,0.03,44.42,61032.08,1
2024-03-25,2024-03-25 14:21:00,1433.77,1434.18,1433.77,1434.18,0.03,44.42,61032.08,1
2024-03-25,2024-03-25 14:22:00,1434.18,1434.6,1434.18,1434.6,0.03,44.42,61032.08,1
2024-03-25,2024-03-25 14:23:00,1434.6,1435.01,1434.6,1435.01,0.03,44.42,61032.08,1
2024-03-25,2024-03-25 14:24:00,1435.01,1435.43,1435.01,1435.43,0.03,44.42,61032.08,1
2024-03-25,2024-03-25 14:25:00,1435.43,1435.85,1435.43,1435.85,0.03,44.42,61032.08,1
2024-03-25,2024-03-25 14:26:00,1435.85,1436.26,1435.85,1436.26,0.03,44.42,61032.08,1
2024-03-25,2024-03-25 14:27:00,1436.26,1436.68,1436.26,1436.68,0.03,44.42,61032.08,1
2024-03-25,2024-03-25 14:28:00,1436.68,1437.1,1436.68,1437.1,0.03,44.42,61032.08,1
2024-03-25,2024-03-25 14:29:00,1437.1,1437.51,1437.1,1437.51,0.03,44.42,61032.08,1
2024-03-25,2024-03-25 14:30:00,1437.51,1437.93,1437.51,1437.93,0.03,44.42,61032.08,1
2024-03-25,2024-03-25 14:31:00,1437.93,1438.35,1437.93,1438.35,0.03,44.42,61032.08,1
2024-03-25,2024-03-25 14:32:00,1438.35,1438.76,1438.35,1438.76,0.03,44.42,61032.08,1
2024-03-25,2024-03-25 14:33:00,1438.76,1439.18,1438.76,1439.18,0.03,44.42,61032.08,1
2024-03-25,2024-03-25 14:34:00,1439.18,1439.59,1439.18,1439.59,0.03,44.42,61032.08,1
2024-03-25,2024-03-25 14:35:00,1439.59,1440.01,1439.59,1440.01,0.03,44.42,61032.08,1
2024-03-25,2024-03-25 14:36:00,1440.01,1440.43,1440.01,1440.43,0.03,44.42,61032.08,1
2024-03-25,2024-03-25 14:37:00,1440.43,1440.84,1440.43,1440.84,0.03,44.42,61032.08,1
2024-03-25,2024-03-25 14:38:00,1440.84,1441.26,1440.84,1441.26,0.03,44.42,61032.08,1
2024-03-25,2024-03-25 14:39:00,1441.26,1441.67,1441.26,1441.67,0.03,44.42,61032.08,1
2024-03-25,2024-03-25 14:40:00,1441.67,1442.09,1441.67,1442.09,0.03,44.42,61032.08,1
2024-03-25,2024-03-25 14:41:00,1442.09,1442.51,1442.09,1442.51,0.03,44.42,61032.08,1
2024-03-25,2024-03-25 14:42:00,1442.51,1442.92,1442.51,1442.92,0.03,44.42,61032.08,1
2024-03-25,2024-03-25 14:43:00,1442.92,1443.34,1442.92,1443.34,0.03,44.42,61032.08,1
2024-03-25,2024-03-25 14:44:00,1443.34,1443.76,1443.34,1443.76,0.03,44.42,61032.08,1
2024-03-25,2024-03-25 14:45:00,1443.76,1444.17,1443.76,1444.17,0.03,44.42,61032.08,1
2024-03-25,2024-03-25 14:46:00,1444.17,1444.59,1444.17,1444.59,0.03,44.42,61032.08,1
2024-03-25,2024-03-25 14:47:00,1444.59,1445.01,1444.59,1445.01,0.03,44.42,61032.08,1
2024-03-25,2024-03-25 14:48:00,1445.01,1445.42,1445.01,1445.42,0.03,44.42,61032.08,1
2024-03-25,2024-03-25 14:49:00,1445.42,1445.84,1445.42,1445.84,0.03,44.42,61032.08,1
2024-03-25,2024-03-25 14:50:00,1445.84,1446.25,1445.84,1446.25,0.03,44.42,61032.08,1
2024-03-25,2024-03-25 14:51:00,1446.25,1446.67,1446.25,1446.67,0.03,44.42,61032.08,1
2024-03-25,2024-03-25 14:52:00,1446.67,1447.09,1446.67,1447.09,0.03,44.42,61032.08,1
2024-03-25,2024-03-25 14:53:00,1447.09,1447.5,1447.09,1447.5,0.03,44.42,61032.08,1
2024-03-25,2024-03-25 14:54:00,1447.5,1447.92,1447.5,1447.92,0.03,44.42,61032.08,1
2024-03-25,2024-03-25 14:55:00,1447.92,1448.34,1447.92,1448.34,0.03,44.42,61032.08,1
2024-03-25,2024-03-25 14:56:00,1448.34,1448.75,1448.34,1448.75,0.03,44.42,61032.08,1
2024-03-25,2024-03-25 14:57:00,1448.75,1449.17,1448.75,1449.17,0.03,44.42,61032.08,1
2024-03-25,2024-03-25 14:58:00,1449.17,1449.58,1449.17,1449.58,0.03,44.42,61032.08,1
2024-03-25,2024-03-25 14:59:00,1449.58,1450.0,1449.58,1450.0,0.03,44.42,61032.08,1
2024-03-25,2024-03-25 15:00:00,1450.0,1458.0,1303.5,1450.0,0.0,44.42,61032.08,0
2024-03-26,2024-03-26 11:00:00,1421.0,1421.0,1397.0,1420.95,-0.0,36.4,50877.47,-1
2024-03-26,2024-03-26 11:01:00,1420.95,1420.95,1420.91,1420.91,-0.0,36.4,50877.47,-1
2024-03-26,2024-03-26 11:02:00,1420.91,1420.91,1420.86,1420.86,-0.0,36.4,50877.47,-1
2024-03-26,2024-03-26 11:03:00,1420.86,1420.86,1420.82,1420.82,-0.0,36.4,50877.47,-1
2024-03-26,2024-03-26 11:04:00,1420.82,1420.82,1420.77,1420.77,-0.0,36.4,50877.47,-1
2024-03-26,2024-03-26 11:05:00,1420.77,1420.77,1420.72,1420.72,-0.0,36.4,50877.47,-1
2024-03-26,2024-03-26 11:06:00,1420.72,1420.72,1420.68,1420.68,-0.0,36.4,50877.47,-1
2024-03-26,2024-03-26 11:07:00,1420.68,1420.68,1420.63,1420.63,-0.0,36.4,50877.47,-1
2024-03-26,2024-03-26 11:08:00,1420.63,1420.63,1420.59,1420.59,-0.0,36.4,50877.47,-1
2024-03-26,2024-03-26 11:09:00,1420.59,1420.59,1420.54,1420.54,-0.0,36.4,50877.47,-1
2024-03-26,2024-03-26 11:10:00,1420.54,1420.54,1420.5,1420.5,-0.0,36.4,50877.47,-1
2024-03-26,2024-03-26 11:11:00,1420.5,1420.5,1420.45,1420.45,-0.0,36.4,50877.47,-1
2024-03-26,2024-03-26 11:12:00,1420.45,1420.45,1420.4,1420.4,-0.0,36.4,50877.47,-1
2024-03-26,2024-03-26 11:13:00,1420.4,1420.4,1420.36,1420.36,-0.0,36.4,50877.47,-1
2024-03-26,2024-03-26 11:14:00,1420.36,1420.36,1420.31,1420.31,-0.0,36.4,50877.47,-1
2024-03-26,2024-03-26 11:15:00,1420.31,1420.31,1420.27,1420.27,-0.0,36.4,50877.47,-1
2024-03-26,2024-03-26 11:16:00,1420.27,1420.27,1420.22,1420.22,-0.0,36.4,50877.47,-1
2024-03-26,2024-03-26 11:17:00,1420.22,1420.22,1420.17,1420.17,-0.0,36.4,50877.47,-1
2024-03-26,2024-03-26 11:18:00,1420.17,1420.17,1420.13,1420.13,-0.0,36.4,50877.47,-1
2024-03-26,2024-03-26 11:19:00,1420.13,1420.13,1420.08,1420.08,-0.0,36.4,50877.47,-1
2024-03-26,2024-03-26 11:20:00,1420.08,1420.08,1420.04,1420.04,-0.0,36.4,50877.47,-1
2024-03-26,2024-03-26 11:21:00,1420.04,1420.04,1419.99,1419.99,-0.0,36.4,50877.47,-1
2024-03-26,2024-03-26 11:22:00,1419.99,1419.99,1419.95,1419.95,-0.0,36.4,50877.47,-1
2024-03-26,2024-03-26 11:23:00,1419.95,1419.95,1419.9,1419.9,-0.0,36.4,50877.47,-1
2024-03-26,2024-03-26 11:24:00,1419.9,1419.9,1419.85,1419.85,-0.0,36.4,50877.47,-1
2024-03-26,2024-03-26 11:25:00,1419.85,1419.85,1419.81,1419.81,-0.0,36.4,50877.47,-1
2024-03-26,2024-03-26 11:26:00,1419.81,1419.81,1419.76,1419.76,-0.0,36.4,50877.47,-1
2024-03-26,2024-03-26 11:27:00,1419.76,1419.76,1419.72,1419.72,-0.0,36.4,50877.47,-1
2024-03-26,2024-03-26 11:28:00,1419.72,1419.72,1419.67,1419.67,-0.0,36.4,50877.47,-1
2024-03-26,2024-03-26 11:29:00,1419.67,1419.67,1419.62,1419.62,-0.0,36.4,50877.47,-1
2024-03-26,2024-03-26 11:30:00,1419.62,1419.62,1419.58,1419.58,-0.0,36.4,50877.47,-1
2024-03-26,2024-03-26 11:31:00,1419.58,1419.58,1419.53,1419.53,-0.0,36.4,50877.47,-1
2024-03-26,2024-03-26 11:32:00,1419.53,1419.53,1419.49,1419.49,-0.0,36.4,50877.47,-1
2024-03-26,2024-03-26 11:33:00,1419.49,1419.49,1419.44,1419.44,-0.0,36.4,50877.47,-1
2024-03-26,2024-03-26 11:34:00,1419.44,1419.44,1419.4,1419.4,-0.0,36.4,50877.47,-1
2024-03-26,2024-03-26 11:35:00,1419.4,1419.4,1419.35,1419.35,-0.0,36.4,50877.47,-1
2024-03-26,2024-03-26 11:36:00,1419.35,1419.35,1419.3,1419.3,-0.0,36.4,50877.47,-1
2024-03-26,2024-03-26 11:37:00,1419.3,1419.3,1419.26,1419.26,-0.0,36.4,50877.47,-1
2024-03-26,2024-03-26 11:38:00,1419.26,1419.26,1419.21,1419.21,-0.0,36.4,50877.47,-1
2024-03-26,2024-03-26 11:39:00,1419.21,1419.21,1419.17,1419.17,-0.0,36.4,50877.47,-1
2024-03-26,2024-03-26 11:40:00,1419.17,1419.17,1419.12,1419.12,-0.0,36.4,50877.47,-1
2024-03-26,2024-03-26 11:41:00,1419.12,1419.12,1419.08,1419.08,-0.0,36.4,50877.47,-1
2024-03-26,2024-03-26 11:42:00,1419.08,1419.08,1419.03,1419.03,-0.0,36.4,50877.47,-1
2024-03-26,2024-03-26 11:43:00,1419.03,1419.03,1418.98,1418.98,-0.0,36.4,50877.47,-1
2024-03-26,2024-03-26 11:44:00,1418.98,1418.98,1418.94,1418.94,-0.0,36.4,50877.47,-1
2024-03-26,2024-03-26 11:45:00,1418.94,1418.94,1418.89,1418.89,-0.0,36.4,50877.47,-1
2024-03-26,2024-03-26 11:46:00,1418.89,1418.89,1418.85,1418.85,-0.0,36.4,50877.47,-1
2024-03-26,2024-03-26 11:47:00,1418.85,1418.85,1418.8,1418.8,-0.0,36.4,50877.47,-1
2024-03-26,2024-03-26 11:48:00,1418.8,1418.8,1418.75,1418.75,-0.0,36.4,50877.47,-1
2024-03-26,2024-03-26 11:49:00,1418.75,1418.75,1418.71,1418.71,-0.0,36.4,50877.47,-1
2024-03-26,2024-03-26 11:50:00,1418.71,1418.71,1418.66,1418.66,-0.0,36.4,50877.47,-1
2024-03-26,2024-03-26 11:51:00,1418.66,1418.66,1418.62,1418.62,-0.0,36.4,50877.47,-1
2024-03-26,2024-03-26 11:52:00,1418.62,1418.62,1418.57,1418.57,-0.0,36.4,50877.47,-1
2024-03-26,2024-03-26 11:53:00,1418.57,1418.57,1418.53,1418.53,-0.0,36.4,50877.47,-1
2024-03-26,2024-03-26 11:54:00,1418.53,1418.53,1418.48,1418.48,-0.0,36.4,50877.47,-1
2024-03-26,2024-03-26 11:55:00,1418.48,1418.48,1418.43,1418.43,-0.0,36.4,50877.47,-1
2024-03-26,2024-03-26 11:56:00,1418.43,1418.43,1418.39,1418.39,-0.0,36.4,50877.47,-1
2024-03-26,2024-03-26 11:57:00,1418.39,1418.39,1418.34,1418.34,-0.0,36.4,50877.47,-1
2024-03-26,2024-03-26 11:58:00,1418.34,1418.34,1418.3,1418.3,-0.0,36.4,50877.47,-1
2024-03-26,2024-03-26 11:59:00,1418.3,1418.3,1418.25,1418.25,-0.0,36.4,50877.47,-1
2024-03-26,2024-03-26 12:00:00,1418.25,1418.25,1418.2,1418.2,-0.0,36.4,50877.47,-1
2024-03-26,2024-03-26 12:01:00,1418.2,1418.2,1418.16,1418.16,-0.0,36.4,50877.47,-1
2024-03-26,2024-03-26 12:02:00,1418.16,1418.16,1418.11,1418.11,-0.0,36.4,50877.47,-1
2024-03-26,2024-03-26 12:03:00,1418.11,1418.11,1418.07,1418.07,-0.0,36.4,50877.47,-1
2024-03-26,2024-03-26 12:04:00,1418.07,1418.07,1418.02,1418.02,-0.0,36.4,50877.47,-1
2024-03-26,2024-03-26 12:05:00,1418.02,1418.02,1417.97,1417.97,-0.0,36.4,50877.47,-1
2024-03-26,2024-03-26 12:06:00,1417.97,1417.97,1417.93,1417.93,-0.0,36.4,50877.47,-1
2024-03-26,2024-03-26 12:07:00,1417.93,1417.93,1417.88,1417.88,-0.0,36.4,50877.47,-1
2024-03-26,2024-03-26 12:08:00,1417.88,1417.88,1417.84,1417.84,-0.0,36.4,50877.47,-1
2024-03-26,2024-03-26 12:09:00,1417.84,1417.84,1417.79,1417.79,-0.0,36.4,50877.47,-1
2024-03-26,2024-03-26 12:10:00,1417.79,1417.79,1417.75,1417.75,-0.0,36.4,50877.47,-1
2024-03-26,2024-03-26 12:11:00,1417.75,1417.75,1417.7,1417.7,-0.0,36.4,50877.47,-1
2024-03-26,2024-03-26 12:12:00,1417.7,1417.7,1417.65,1417.65,-0.0,36.4,50877.47,-1
2024-03-26,2024-03-26 12:13:00,1417.65,1417.65,1417.61,1417.61,-0.0,36.4,50877.47,-1
2024-03-26,2024-03-26 12:14:00,1417.61,1417.61,1417.56,1417.56,-0.0,36.4,50877.47,-1
2024-03-26,2024-03-26 12:15:00,1417.56,1417.56,1417.52,1417.52,-0.0,36.4,50877.47,-1
2024-03-26,2024-03-26 12:16:00,1417.52,1417.52,1417.47,1417.47,-0.0,36.4,50877.47,-1
2024-03-26,2024-03-26 12:17:00,1417.47,1417.47,1417.42,1417.42,-0.0,36.4,50877.47,-1
2024-03-26,2024-03-26 12:18:00,1417.42,1417.42,1417.38,1417.38,-0.0,36.4,50877.47,-1
2024-03-26,2024-03-26 12:19:00,1417.38,1417.38,1417.33,1417.33,-0.0,36.4,50877.47,-1
2024-03-26,2024-03-26 12:20:00,1417.33,1417.33,1417.29,1417.29,-0.0,36.4,50877.47,-1
2024-03-26,2024-03-26 12:21:00,1417.29,1417.29,1417.24,1417.24,-0.0,36.4,50877.47,-1
2024-03-26,2024-03-26 12:22:00,1417.24,1417.24,1417.2,1417.2,-0.0,36.4,50877.47,-1
2024-03-26,2024-03-26 12:23:00,1417.2,1417.2,1417.15,1417.15,-0.0,36.4,50877.47,-1
2024-03-26,2024-03-26 12:24:00,1417.15,1417.15,1417.1,1417.1,-0.0,36.4,50877.47,-1
2024-03-26,2024-03-26 12:25:00,1417.1,1417.1,1417.06,1417.06,-0.0,36.4,50877.47,-1
2024-03-26,2024-03-26 12:26:00,1417.06,1417.06,1417.01,1417.01,-0.0,36.4,50877.47,-1
2024-03-26,2024-03-26 12:27:00,1417.01,1417.01,1416.97,1416.97,-0.0,36.4,50877.47,-1
2024-03-26,2024-03-26 12:28:00,1416.97,1416.97,1416.92,1416.92,-0.0,36.4,50877.47,-1
2024-03-26,2024-03-26 12:29:00,1416.92,1416.92,1416.88,1416.88,-0.0,36.4,50877.47,-1
2024-03-26,2024-03-26 12:30:00,1416.88,1416.88,1416.83,1416.83,-0.0,36.4,50877.47,-1
2024-03-26,2024-03-26 12:31:00,1416.83,1416.83,1416.78,1416.78,-0.0,36.4,50877.47,-1
2024-03-26,2024-03-26 12:32:00,1416.78,1416.78,1416.74,1416.74,-0.0,36.4,50877.47,-1
2024-03-26,2024-03-26 12:33:00,1416.74,1416.74,1416.69,1416.69,-0.0,36.4,50877.47,-1
2024-03-26,2024-03-26 12:34:00,1416.69,1416.69,1416.65,1416.65,-0.0,36.4,50877.47,-1
2024-03-26,2024-03-26 12:35:00,1416.65,1416.65,1416.6,1416.6,-0.0,36.4,50877.47,-1
2024-03-26,2024-03-26 12:36:00,1416.6,1416.6,1416.55,1416.55,-0.0,36.4,50877.47,-1
2024-03-26,2024-03-26 12:37:00,1416.55,1416.55,1416.51,1416.51,-0.0,36.4,50877.47,-1
2024-03-26,2024-03-26 12:38:00,1416.51,1416.51,1416.46,1416.46,-0.0,36.4,50877.47,-1
2024-03-26,2024-03-26 12:39:00,1416.46,1416.46,1416.42,1416.42,-0.0,36.4,50877.47,-1
2024-03-26,2024-03-26 12:40:00,1416.42,1416.42,1416.37,1416.37,-0.0,36.4,50877.47,-1
2024-03-26,2024-03-26 12:41:00,1416.37,1416.37,1416.33,1416.33,-0.0,36.4,50877.47,-1
2024-03-26,2024-03-26 12:42:00,1416.33,1416.33,1416.28,1416.28,-0.0,36.4,50877.47,-1
2024-03-26,2024-03-26 12:43:00,1416.28,1416.28,1416.23,1416.23,-0.0,36.4,50877.47,-1
2024-03-26,2024-03-26 12:44:00,1416.23,1416.23,1416.19,1416.19,-0.0,36.4,50877.47,-1
2024-03-26,2024-03-26 12:45:00,1416.19,1416.19,1416.14,1416.14,-0.0,36.4,50877.47,-1
2024-03-26,2024-03-26 12:46:00,1416.14,1416.14,1416.1,1416.1,-0.0,36.4,50877.47,-1
2024-03-26,2024-03-26 12:47:00,1416.1,1416.1,1416.05,1416.05,-0.0,36.4,50877.47,-1
2024-03-26,2024-03-26 12:48:00,1416.05,1416.05,1416.0,1416.0,-0.0,36.4,50877.47,-1
2024-03-26,2024-03-26 12:49:00,1416.0,1416.0,1415.96,1415.96,-0.0,36.4,50877.47,-1
2024-03-26,2024-03-26 12:50:00,1415.96,1415.96,1415.91,1415.91,-0.0,36.4,50877.47,-1
2024-03-26,2024-03-26 12:51:00,1415.91,1415.91,1415.87,1415.87,-0.0,36.4,50877.47,-1
2024-03-26,2024-03-26 12:52:00,1415.87,1415.87,1415.82,1415.82,-0.0,36.4,50877.47,-1
2024-03-26,2024-03-26 12:53:00,1415.82,1415.82,1415.78,1415.78,-0.0,36.4,50877.47,-1
2024-03-26,2024-03-26 12:54:00,1415.78,1415.78,1415.73,1415.73,-0.0,36.4,50877.47,-1
2024-03-26,2024-03-26 12:55:00,1415.73,1415.73,1415.68,1415.68,-0.0,36.4,50877.47,-1
2024-03-26,2024-03-26 12:56:00,1415.68,1415.68,1415.64,1415.64,-0.0,36.4,50877.47,-1
2024-03-26,2024-03-26 12:57:00,1415.64,1415.64,1415.59,1415.59,-0.0,36.4,50877.47,-1
2024-03-26,2024-03-26 12:58:00,1415.59,1415.59,1415.55,1415.55,-0.0,36.4,50877.47,-1
2024-03-26,2024-03-26 12:59:00,1415.55,1415.55,1415.5,1415.5,-0.0,36.4,50877.47,-1
2024-03-26,2024-03-26 13:00:00,1415.5,1421.0,1341.0,1415.45,-0.0,36.4,50877.47,-1
2024-03-26,2024-03-26 13:01:00,1415.45,1415.45,1415.41,1415.41,-0.0,36.4,50877.47,-1
2024-03-26,2024-03-26 13:02:00,1415.41,1415.41,1415.36,1415.36,-0.0,36.4,50877.47,-1
2024-03-26,2024-03-26 13:03:00,1415.36,1415.36,1415.32,1415.32,-0.0,36.4,50877.47,-1
2024-03-26,2024-03-26 13:04:00,1415.32,1415.32,1415.27,1415.27,-0.0,36.4,50877.47,-1
2024-03-26,2024-03-26 13:05:00,1415.27,1415.27,1415.22,1415.22,-0.0,36.4,50877.47,-1
2024-03-26,2024-03-26 13:06:00,1415.22,1415.22,1415.18,1415.18,-0.0,36.4,50877.47,-1
2024-03-26,2024-03-26 13:07:00,1415.18,1415.18,1415.13,1415.13,-0.0,36.4,50877.47,-1
2024-03-26,2024-03-26 13:08:00,1415.13,1415.13,1415.09,1415.09,-0.0,36.4,50877.47,-1
2024-03-26,2024-03-26 13:09:00,1415.09,1415.09,1415.04,1415.04,-0.0,36.4,50877.47,-1
2024-03-26,2024-03-26 13:10:00,1415.04,1415.04,1415.0,1415.0,-0.0,36.4,50877.47,-1
2024-03-26,2024-03-26 13:11:00,1415.0,1415.0,1414.95,1414.95,-0.0,36.4,50877.47,-1
2024-03-26,2024-03-26 13:12:00,1414.95,1414.95,1414.9,1414.9,-0.0,36.4,50877.47,-1
2024-03-26,2024-03-26 13:13:00,1414.9,1414.9,1414.86,1414.86,-0.0,36.4,50877.47,-1
2024-03-26,2024-03-26 13:14:00,1414.86,1414.86,1414.81,1414.81,-0.0,36.4,50877.47,-1
2024-03-26,2024-03-26 13:15:00,1414.81,1414.81,1414.77,1414.77,-0.0,36.4,50877.47,-1
2024-03-26,2024-03-26 13:16:00,1414.77,1414.77,1414.72,1414.72,-0.0,36.4,50877.47,-1
2024-03-26,2024-03-26 13:17:00,1414.72,1414.72,1414.67,1414.67,-0.0,36.4,50877.47,-1
2024-03-26,2024-03-26 13:18:00,1414.67,1414.67,1414.63,1414.63,-0.0,36.4,50877.47,-1
2024-03-26,2024-03-26 13:19:00,1414.63,1414.63,1414.58,1414.58,-0.0,36.4,50877.47,-1
2024-03-26,2024-03-26 13:20:00,1414.58,1414.58,1414.54,1414.54,-0.0,36.4,50877.47,-1
2024-03-26,2024-03-26 13:21:00,1414.54,1414.54,1414.49,1414.49,-0.0,36.4,50877.47,-1
2024-03-26,2024-03-26 13:22:00,1414.49,1414.49,1414.45,1414.45,-0.0,36.4,50877.47,-1
2024-03-26,2024-03-26 13:23:00,1414.45,1414.45,1414.4,1414.4,-0.0,36.4,50877.47,-1
2024-03-26,2024-03-26 13:24:00,1414.4,1414.4,1414.35,1414.35,-0.0,36.4,50877.47,-1
2024-03-26,2024-03-26 13:25:00,1414.35,1414.35,1414.31,1414.31,-0.0,36.4,50877.47,-1
2024-03-26,2024-03-26 13:26:00,1414.31,1414.31,1414.26,1414.26,-0.0,36.4,50877.47,-1
2024-03-26,2024-03-26 13:27:00,1414.26,1414.26,1414.22,1414.22,-0.0,36.4,50877.47,-1
2024-03-26,2024-03-26 13:28:00,1414.22,1414.22,1414.17,1414.17,-0.0,36.4,50877.47,-1
2024-03-26,2024-03-26 13:29:00,1414.17,1414.17,1414.12,1414.12,-0.0,36.4,50877.47,-1
2024-03-26,2024-03-26 13:30:00,1414.12,1414.12,1414.08,1414.08,-0.0,36.4,50877.47,-1
2024-03-26,2024-03-26 13:31:00,1414.08,1414.08,1414.03,1414.03,-0.0,36.4,50877.47,-1
2024-03-26,2024-03-26 13:32:00,1414.03,1414.03,1413.99,1413.99,-0.0,36.4,50877.47,-1
2024-03-26,2024-03-26 13:33:00,1413.99,1413.99,1413.94,1413.94,-0.0,36.4,50877.47,-1
2024-03-26,2024-03-26 13:34:00,1413.94,1413.94,1413.9,1413.9,-0.0,36.4,50877.47,-1
2024-03-26,2024-03-26 13:35:00,1413.9,1413.9,1413.85,1413.85,-0.0,36.4,50877.47,-1
2024-03-26,2024-03-26 13:36:00,1413.85,1413.85,1413.8,1413.8,-0.0,36.4,50877.47,-1
2024-03-26,2024-03-26 13:37:00,1413.8,1413.8,1413.76,1413.76,-0.0,36.4,50877.47,-1
2024-03-26,2024-03-26 13:38:00,1413.76,1413.76,1413.71,1413.71,-0.0,36.4,50877.47,-1
2024-03-26,2024-03-26 13:39:00,1413.71,1413.71,1413.67,1413.67,-0.0,36.4,50877.47,-1
2024-03-26,2024-03-26 13:40:00,1413.67,1413.67,1413.62,1413.62,-0.0,36.4,50877.47,-1
2024-03-26,2024-03-26 13:41:00,1413.62,1413.62,1413.58,1413.58,-0.0,36.4,50877.47,-1
2024-03-26,2024-03-26 13:42:00,1413.58,1413.58,1413.53,1413.53,-0.0,36.4,50877.47,-1
2024-03-26,2024-03-26 13:43:00,1413.53,1413.53,1413.48,1413.48,-0.0,36.4,50877.47,-1
2024-03-26,2024-03-26 13:44:00,1413.48,1413.48,1413.44,1413.44,-0.0,36.4,50877.47,-1
2024-03-26,2024-03-26 13:45:00,1413.44,1413.44,1413.39,1413.39,-0.0,36.4,50877.47,-1
2024-03-26,2024-03-26 13:46:00,1413.39,1413.39,1413.35,1413.35,-0.0,36.4,50877.47,-1
2024-03-26,2024-03-26 13:47:00,1413.35,1413.35,1413.3,1413.3,-0.0,36.4,50877.47,-1
2024-03-26,2024-03-26 13:48:00,1413.3,1413.3,1413.25,1413.25,-0.0,36.4,50877.47,-1
2024-03-26,2024-03-26 13:49:00,1413.25,1413.25,1413.21,1413.21,-0.0,36.4,50877.47,-1
2024-03-26,2024-03-26 13:50:00,1413.21,1413.21,1413.16,1413.16,-0.0,36.4,50877.47,-1
2024-03-26,2024-03-26 13:51:00,1413.16,1413.16,1413.12,1413.12,-0.0,36.4,50877.47,-1
2024-03-26,2024-03-26 13:52:00,1413.12,1413.12,1413.07,1413.07,-0.0,36.4,50877.47,-1
2024-03-26,2024-03-26 13:53:00,1413.07,1413.07,1413.03,1413.03,-0.0,36.4,50877.47,-1
2024-03-26,2024-03-26 13:54:00,1413.03,1413.03,1412.98,1412.98,-0.0,36.4,50877.47,-1
2024-03-26,2024-03-26 13:55:00,1412.98,1412.98,1412.93,1412.93,-0.0,36.4,50877.47,-1
2024-03-26,2024-03-26 13:56:00,1412.93,1412.93,1412.89,1412.89,-0.0,36.4,50877.47,-1
2024-03-26,2024-03-26 13:57:00,1412.89,1412.89,1412.84,1412.84,-0.0,36.4,50877.47,-1
2024-03-26,2024-03-26 13:58:00,1412.84,1412.84,1412.8,1412.8,-0.0,36.4,50877.47,-1
2024-03-26,2024-03-26 13:59:00,1412.8,1412.8,1412.75,1412.75,-0.0,36.4,50877.47,-1
2024-03-26,2024-03-26 14:00:00,1412.75,1412.75,1412.7,1412.7,-0.0,36.4,50877.47,-1
2024-03-26,2024-03-26 14:01:00,1412.7,1412.7,1412.66,1412.66,-0.0,36.4,50877.47,-1
2024-03-26,2024-03-26 14:02:00,1412.66,1412.66,1412.61,1412.61,-0.0,36.4,50877.47,-1
2024-03-26,2024-03-26 14:03:00,1412.61,1412.61,1412.57,1412.57,-0.0,36.4,50877.47,-1
2024-03-26,2024-03-26 14:04:00,1412.57,1412.57,1412.52,1412.52,-0.0,36.4,50877.47,-1
2024-03-26,2024-03-26 14:05:00,1412.52,1412.52,1412.47,1412.47,-0.0,36.4,50877.47,-1
2024-03-26,2024-03-26 14:06:00,1412.47,1412.47,1412.43,1412.43,-0.0,36.4,50877.47,-1
2024-03-26,2024-03-26 14:07:00,1412.43,1412.43,1412.38,1412.38,-0.0,36.4,50877.47,-1
2024-03-26,2024-03-26 14:08:00,1412.38,1412.38,1412.34,1412.34,-0.0,36.4,50877.47,-1
2024-03-26,2024-03-26 14:09:00,1412.34,1412.34,1412.29,1412.29,-0.0,36.4,50877.47,-1
2024-03-26,2024-03-26 14:10:00,1412.29,1412.29,1412.25,1412.25,-0.0,36.4,50877.47,-1
2024-03-26,2024-03-26 14:11:00,1412.25,1412.25,1412.2,1412.2,-0.0,36.4,50877.47,-1
2024-03-26,2024-03-26 14:12:00,1412.2,1412.2,1412.15,1412.15,-0.0,36.4,50877.47,-1
2024-03-26,2024-03-26 14:13:00,1412.15,1412.15,1412.11,1412.11,-0.0,36.4,50877.47,-1
2024-03-26,2024-03-26 14:14:00,1412.11,1412.11,1412.06,1412.06,-0.0,36.4,50877.47,-1
2024-03-26,2024-03-26 14:15:00,1412.06,1412.06,1412.02,1412.02,-0.0,36.4,50877.47,-1
2024-03-26,2024-03-26 14:16:00,1412.02,1412.02,1411.97,1411.97,-0.0,36.4,50877.47,-1
2024-03-26,2024-03-26 14:17:00,1411.97,1411.97,1411.92,1411.92,-0.0,36.4,50877.47,-1
2024-03-26,2024-03-26 14:18:00,1411.92,1411.92,1411.88,1411.88,-0.0,36.4,50877.47,-1
2024-03-26,2024-03-26 14:19:00,1411.88,1411.88,1411.83,1411.83,-0.0,36.4,50877.47,-1
2024-03-26,2024-03-26 14:20:00,1411.83,1411.83,1411.79,1411.79,-0.0,36.4,50877.47,-1
2024-03-26,2024-03-26 14:21:00,1411.79,1411.79,1411.74,1411.74,-0.0,36.4,50877.47,-1
2024-03-26,2024-03-26 14:22:00,1411.74,1411.74,1411.7,1411.7,-0.0,36.4,50877.47,-1
2024-03-26,2024-03-26 14:23:00,1411.7,1411.7,1411.65,1411.65,-0.0,36.4,50877.47,-1
2024-03-26,2024-03-26 14:24:00,1411.65,1411.65,1411.6,1411.6,-0.0,36.4,50877.47,-1
2024-03-26,2024-03-26 14:25:00,1411.6,1411.6,1411.56,1411.56,-0.0,36.4,50877.47,-1
2024-03-26,2024-03-26 14:26:00,1411.56,1411.56,1411.51,1411.51,-0.0,36.4,50877.47,-1
2024-03-26,2024-03-26 14:27:00,1411.51,1411.51,1411.47,1411.47,-0.0,36.4,50877.47,-1
2024-03-26,2024-03-26 14:28:00,1411.47,1411.47,1411.42,1411.42,-0.0,36.4,50877.47,-1
2024-03-26,2024-03-26 14:29:00,1411.42,1411.42,1411.38,1411.38,-0.0,36.4,50877.47,-1
2024-03-26,2024-03-26 14:30:00,1411.38,1411.38,1411.33,1411.33,-0.0,36.4,50877.47,-1
2024-03-26,2024-03-26 14:31:00,1411.33,1411.33,1411.28,1411.28,-0.0,36.4,50877.47,-1
2024-03-26,2024-03-26 14:32:00,1411.28,1411.28,1411.24,1411.24,-0.0,36.4,50877.47,-1
2024-03-26,2024-03-26 14:33:00,1411.24,1411.24,1411.19,1411.19,-0.0,36.4,50877.47,-1
2024-03-26,2024-03-26 14:34:00,1411.19,1411.19,1411.15,1411.15,-0.0,36.4,50877.47,-1
2024-03-26,2024-03-26 14:35:00,1411.15,1411.15,1411.1,1411.1,-0.0,36.4,50877.47,-1
2024-03-26,2024-03-26 14:36:00,1411.1,1411.1,1411.05,1411.05,-0.0,36.4,50877.47,-1
2024-03-26,2024-03-26 14:37:00,1411.05,1411.05,1411.01,1411.01,-0.0,36.4,50877.47,-1
2024-03-26,2024-03-26 14:38:00,1411.01,1411.01,1410.96,1410.96,-0.0,36.4,50877.47,-1
2024-03-26,2024-03-26 14:39:00,1410.96,1410.96,1410.92,1410.92,-0.0,36.4,50877.47,-1
2024-03-26,2024-03-26 14:40:00,1410.92,1410.92,1410.87,1410.87,-0.0,36.4,50877.47,-1
2024-03-26,2024-03-26 14:41:00,1410.87,1410.87,1410.83,1410.83,-0.0,36.4,50877.47,-1
2024-03-26,2024-03-26 14:42:00,1410.83,1410.83,1410.78,1410.78,-0.0,36.4,50877.47,-1
2024-03-26,2024-03-26 14:43:00,1410.78,1410.78,1410.73,1410.73,-0.0,36.4,50877.47,-1
2024-03-26,2024-03-26 14:44:00,1410.73,1410.73,1410.69,1410.69,-0.0,36.4,50877.47,-1
2024-03-26,2024-03-26 14:45:00,1410.69,1410.69,1410.64,1410.64,-0.0,36.4,50877.47,-1
2024-03-26,2024-03-26 14:46:00,1410.64,1410.64,1410.6,1410.6,-0.0,36.4,50877.47,-1
2024-03-26,2024-03-26 14:47:00,1410.6,1410.6,1410.55,1410.55,-0.0,36.4,50877.47,-1
2024-03-26,2024-03-26 14:48:00,1410.55,1410.55,1410.5,1410.5,-0.0,36.4,50877.47,-1
2024-03-26,2024-03-26 14:49:00,1410.5,1410.5,1410.46,1410.46,-0.0,36.4,50877.47,-1
2024-03-26,2024-03-26 14:50:00,1410.46,1410.46,1410.41,1410.41,-0.0,36.4,50877.47,-1
2024-03-26,2024-03-26 14:51:00,1410.41,1410.41,1410.37,1410.37,-0.0,36.4,50877.47,-1
2024-03-26,2024-03-26 14:52:00,1410.37,1410.37,1410.32,1410.32,-0.0,36.4,50877.47,-1
2024-03-26,2024-03-26 14:53:00,1410.32,1410.32,1410.28,1410.28,-0.0,36.4,50877.47,-1
2024-03-26,2024-03-26 14:54:00,1410.28,1410.28,1410.23,1410.23,-0.0,36.4,50877.47,-1
2024-03-26,2024-03-26 14:55:00,1410.23,1410.23,1410.18,1410.18,-0.0,36.4,50877.47,-1
2024-03-26,2024-03-26 14:56:00,1410.18,1410.18,1410.14,1410.14,-0.0,36.4,50877.47,-1
2024-03-26,2024-03-26 14:57:00,1410.14,1410.14,1410.09,1410.09,-0.0,36.4,50877.47,-1
2024-03-26,2024-03-26 14:58:00,1410.09,1410.09,1410.05,1410.05,-0.0,36.4,50877.47,-1
2024-03-26,2024-03-26 14:59:00,1410.05,1410.05,1410.0,1410.0,-0.0,36.4,50877.47,-1
2024-03-26,2024-03-26 15:00:00,1410.0,1421.0,1341.0,1410.0,0.0,36.4,50877.47,0
2024-03-27,2024-03-27 11:00:00,1381.8,1414.86,1362.72,1381.86,0.0,44.1,60403.17,1
2024-03-27,2024-03-27 11:01:00,1381.86,1381.93,1381.86,1381.93,0.01,44.1,60403.17,1
2024-03-27,2024-03-27 11:02:00,1381.93,1381.99,1381.93,1381.99,0.0,44.1,60403.17,1
2024-03-27,2024-03-27 11:03:00,1381.99,1382.05,1381.99,1382.05,0.0,44.1,60403.17,1
2024-03-27,2024-03-27 11:04:00,1382.05,1382.12,1382.05,1382.12,0.01,44.1,60403.17,1
2024-03-27,2024-03-27 11:05:00,1382.12,1382.18,1382.12,1382.18,0.0,44.1,60403.17,1
2024-03-27,2024-03-27 11:06:00,1382.18,1382.24,1382.18,1382.24,0.0,44.1,60403.17,1
2024-03-27,2024-03-27 11:07:00,1382.24,1382.31,1382.24,1382.31,0.01,44.1,60403.17,1
2024-03-27,2024-03-27 11:08:00,1382.31,1382.37,1382.31,1382.37,0.0,44.1,60403.17,1
2024-03-27,2024-03-27 11:09:00,1382.37,1382.43,1382.37,1382.43,0.0,44.1,60403.17,1
2024-03-27,2024-03-27 11:10:00,1382.43,1382.5,1382.43,1382.5,0.01,44.1,60403.17,1
2024-03-27,2024-03-27 11:11:00,1382.5,1382.56,1382.5,1382.56,0.0,44.1,60403.17,1
2024-03-27,2024-03-27 11:12:00,1382.56,1382.62,1382.56,1382.62,0.0,44.1,60403.17,1
2024-03-27,2024-03-27 11:13:00,1382.62,1382.69,1382.62,1382.69,0.01,44.1,60403.17,1
2024-03-27,2024-03-27 11:14:00,1382.69,1382.75,1382.69,1382.75,0.0,44.1,60403.17,1
2024-03-27,2024-03-27 11:15:00,1382.75,1382.81,1382.75,1382.81,0.0,44.1,60403.17,1
2024-03-27,2024-03-27 11:16:00,1382.81,1382.88,1382.81,1382.88,0.01,44.1,60403.17,1
2024-03-27,2024-03-27 11:17:00,1382.88,1382.94,1382.88,1382.94,0.0,44.1,60403.17,1
2024-03-27,2024-03-27 11:18:00,1382.94,1383.0,1382.94,1383.0,0.0,44.1,60403.17,1
2024-03-27,2024-03-27 11:19:00,1383.0,1383.07,1383.0,1383.07,0.01,44.1,60403.17,1
2024-03-27,2024-03-27 11:20:00,1383.07,1383.13,1383.07,1383.13,0.0,44.1,60403.17,1
2024-03-27,2024-03-27 11:21:00,1383.13,1383.19,1383.13,1383.19,0.0,44.1,60403.17,1
2024-03-27,2024-03-27 11:22:00,1383.19,1383.26,1383.19,1383.26,0.01,44.1,60403.17,1
2024-03-27,2024-03-27 11:23:00,1383.26,1383.32,1383.26,1383.32,0.0,44.1,60403.17,1
2024-03-27,2024-03-27 11:24:00,1383.32,1383.38,1383.32,1383.38,0.0,44.1,60403.17,1
2024-03-27,2024-03-27 11:25:00,1383.38,1383.45,1383.38,1383.45,0.01,44.1,60403.17,1
2024-03-27,2024-03-27 11:26:00,1383.45,1383.51,1383.45,1383.51,0.0,44.1,60403.17,1
2024-03-27,2024-03-27 11:27:00,1383.51,1383.57,1383.51,1383.57,0.0,44.1,60403.17,1
2024-03-27,2024-03-27 11:28:00,1383.57,1383.64,1383.57,1383.64,0.01,44.1,60403.17,1
2024-03-27,2024-03-27 11:29:00,1383.64,1383.7,1383.64,1383.7,0.0,44.1,60403.17,1
2024-03-27,2024-03-27 11:30:00,1383.7,1383.76,1383.7,1383.76,0.0,44.1,60403.17,1
2024-03-27,2024-03-27 11:31:00,1383.76,1383.83,1383.76,1383.83,0.01,44.1,60403.17,1
2024-03-27,2024-03-27 11:32:00,1383.83,1383.89,1383.83,1383.89,0.0,44.1,60403.17,1
2024-03-27,2024-03-27 11:33:00,1383.89,1383.95,1383.89,1383.95,0.0,44.1,60403.17,1
2024-03-27,2024-03-27 11:34:00,1383.95,1384.02,1383.95,1384.02,0.01,44.1,60403.17,1
2024-03-27,2024-03-27 11:35:00,1384.02,1384.08,1384.02,1384.08,0.0,44.1,60403.17,1
2024-03-27,2024-03-27 11:36:00,1384.08,1384.14,1384.08,1384.14,0.0,44.1,60403.17,1
2024-03-27,2024-03-27 11:37:00,1384.14,1384.21,1384.14,1384.21,0.01,44.1,60403.17,1
2024-03-27,2024-03-27 11:38:00,1384.21,1384.27,1384.21,1384.27,0.0,44.1,60403.17,1
2024-03-27,2024-03-27 11:39:00,1384.27,1384.33,1384.27,1384.33,0.0,44.1,60403.17,1
2024-03-27,2024-03-27 11:40:00,1384.33,1384.4,1384.33,1384.4,0.01,44.1,60403.17,1
2024-03-27,2024-03-27 11:41:00,1384.4,1384.46,1384.4,1384.46,0.0,44.1,60403.17,1
2024-03-27,2024-03-27 11:42:00,1384.46,1384.52,1384.46,1384.52,0.0,44.1,60403.17,1
2024-03-27,2024-03-27 11:43:00,1384.52,1384.59,1384.52,1384.59,0.01,44.1,60403.17,1
2024-03-27,2024-03-27 11:44:00,1384.59,1384.65,1384.59,1384.65,0.0,44.1,60403.17,1
2024-03-27,2024-03-27 11:45:00,1384.65,1384.71,1384.65,1384.71,0.0,44.1,60403.17,1
2024-03-27,2024-03-27 11:46:00,1384.71,1384.78,1384.71,1384.78,0.01,44.1,60403.17,1
2024-03-27,2024-03-27 11:47:00,1384.78,1384.84,1384.78,1384.84,0.0,44.1,60403.17,1
2024-03-27,2024-03-27 11:48:00,1384.84,1384.9,1384.84,1384.9,0.0,44.1,60403.17,1
2024-03-27,2024-03-27 11:49:00,1384.9,1384.97,1384.9,1384.97,0.01,44.1,60403.17,1
2024-03-27,2024-03-27 11:50:00,1384.97,1385.03,1384.97,1385.03,0.0,44.1,60403.17,1
2024-03-27,2024-03-27 11:51:00,1385.03,1385.09,1385.03,1385.09,0.0,44.1,60403.17,1
2024-03-27,2024-03-27 11:52:00,1385.09,1385.16,1385.09,1385.16,0.01,44.1,60403.17,1
2024-03-27,2024-03-27 11:53:00,1385.16,1385.22,1385.16,1385.22,0.0,44.1,60403.17,1
2024-03-27,2024-03-27 11:54:00,1385.22,1385.28,1385.22,1385.28,0.0,44.1,60403.17,1
2024-03-27,2024-03-27 11:55:00,1385.28,1385.35,1385.28,1385.35,0.01,44.1,60403.17,1
2024-03-27,2024-03-27 11:56:00,1385.35,1385.41,1385.35,1385.41,0.0,44.1,60403.17,1
2024-03-27,2024-03-27 11:57:00,1385.41,1385.47,1385.41,1385.47,0.0,44.1,60403.17,1
2024-03-27,2024-03-27 11:58:00,1385.47,1385.54,1385.47,1385.54,0.01,44.1,60403.17,1
2024-03-27,2024-03-27 11:59:00,1385.54,1385.6,1385.54,1385.6,0.0,44.1,60403.17,1
2024-03-27,2024-03-27 12:00:00,1385.6,1385.66,1385.6,1385.66,0.0,44.1,60403.17,1
2024-03-27,2024-03-27 12:01:00,1385.66,1385.73,1385.66,1385.73,0.01,44.1,60403.17,1
2024-03-27,2024-03-27 12:02:00,1385.73,1385.79,1385.73,1385.79,0.0,44.1,60403.17,1
2024-03-27,2024-03-27 12:03:00,1385.79,1385.85,1385.79,1385.85,0.0,44.1,60403.17,1
2024-03-27,2024-03-27 12:04:00,1385.85,1385.92,1385.85,1385.92,0.01,44.1,60403.17,1
2024-03-27,2024-03-27 12:05:00,1385.92,1385.98,1385.92,1385.98,0.0,44.1,60403.17,1
2024-03-27,2024-03-27 12:06:00,1385.98,1386.04,1385.98,1386.04,0.0,44.1,60403.17,1
2024-03-27,2024-03-27 12:07:00,1386.04,1386.11,1386.04,1386.11,0.01,44.1,60403.17,1
2024-03-27,2024-03-27 12:08:00,1386.11,1386.17,1386.11,1386.17,0.0,44.1,60403.17,1
2024-03-27,2024-03-27 12:09:00,1386.17,1386.23,1386.17,1386.23,0.0,44.1,60403.17,1
2024-03-27,2024-03-27 12:10:00,1386.23,1386.3,1386.23,1386.3,0.01,44.1,60403.17,1
2024-03-27,2024-03-27 12:11:00,1386.3,1386.36,1386.3,1386.36,0.0,44.1,60403.17,1
2024-03-27,2024-03-27 12:12:00,1386.36,1386.42,1386.36,1386.42,0.0,44.1,60403.17,1
2024-03-27,2024-03-27 12:13:00,1386.42,1386.49,1386.42,1386.49,0.01,44.1,60403.17,1
2024-03-27,2024-03-27 12:14:00,1386.49,1386.55,1386.49,1386.55,0.0,44.1,60403.17,1
2024-03-27,2024-03-27 12:15:00,1386.55,1386.61,1386.55,1386.61,0.0,44.1,60403.17,1
2024-03-27,2024-03-27 12:16:00,1386.61,1386.68,1386.61,1386.68,0.01,44.1,60403.17,1
2024-03-27,2024-03-27 12:17:00,1386.68,1386.74,1386.68,1386.74,0.0,44.1,60403.17,1
2024-03-27,2024-03-27 12:18:00,1386.74,1386.8,1386.74,1386.8,0.0,44.1,60403.17,1
2024-03-27,2024-03-27 12:19:00,1386.8,1386.87,1386.8,1386.87,0.01,44.1,60403.17,1
2024-03-27,2024-03-27 12:20:00,1386.87,1386.93,1386.87,1386.93,0.0,44.1,60403.17,1
2024-03-27,2024-03-27 12:21:00,1386.93,1386.99,1386.93,1386.99,0.0,44.1,60403.17,1
2024-03-27,2024-03-27 12:22:00,1386.99,1387.06,1386.99,1387.06,0.01,44.1,60403.17,1
2024-03-27,2024-03-27 12:23:00,1387.06,1387.12,1387.06,1387.12,0.0,44.1,60403.17,1
2024-03-27,2024-03-27 12:24:00,1387.12,1387.18,1387.12,1387.18,0.0,44.1,60403.17,1
2024-03-27,2024-03-27 12:25:00,1387.18,1387.25,1387.18,1387.25,0.01,44.1,60403.17,1
2024-03-27,2024-03-27 12:26:00,1387.25,1387.31,1387.25,1387.31,0.0,44.1,60403.17,1
2024-03-27,2024-03-27 12:27:00,1387.31,1387.37,1387.31,1387.37,0.0,44.1,60403.17,1
2024-03-27,2024-03-27 12:28:00,1387.37,1387.44,1387.37,1387.44,0.01,44.1,60403.17,1
2024-03-27,2024-03-27 12:29:00,1387.44,1387.5,1387.44,1387.5,0.0,44.1,60403.17,1
2024-03-27,2024-03-27 12:30:00,1387.5,1387.56,1387.5,1387.56,0.0,44.1,60403.17,1
2024-03-27,2024-03-27 12:31:00,1387.56,1387.63,1387.56,1387.63,0.01,44.1,60403.17,1
2024-03-27,2024-03-27 12:32:00,1387.63,1387.69,1387.63,1387.69,0.0,44.1,60403.17,1
2024-03-27,2024-03-27 12:33:00,1387.69,1387.75,1387.69,1387.75,0.0,44.1,60403.17,1
2024-03-27,2024-03-27 12:34:00,1387.75,1387.82,1387.75,1387.82,0.01,44.1,60403.17,1
2024-03-27,2024-03-27 12:35:00,1387.82,1387.88,1387.82,1387.88,0.0,44.1,60403.17,1
2024-03-27,2024-03-27 12:36:00,1387.88,1387.94,1387.88,1387.94,0.0,44.1,60403.17,1
2024-03-27,2024-03-27 12:37:00,1387.94,1388.01,1387.94,1388.01,0.01,44.1,60403.17,1
2024-03-27,2024-03-27 12:38:00,1388.01,1388.07,1388.01,1388.07,0.0,44.1,60403.17,1
2024-03-27,2024-03-27 12:39:00,1388.07,1388.13,1388.07,1388.13,0.0,44.1,60403.17,1
2024-03-27,2024-03-27 12:40:00,1388.13,1388.2,1388.13,1388.2,0.01,44.1,60403.17,1
2024-03-27,2024-03-27 12:41:00,1388.2,1388.26,1388.2,1388.26,0.0,44.1,60403.17,1
2024-03-27,2024-03-27 12:42:00,1388.26,1388.32,1388.26,1388.32,0.0,44.1,60403.17,1
2024-03-27,2024-03-27 12:43:00,1388.32,1388.39,1388.32,1388.39,0.01,44.1,60403.17,1
2024-03-27,2024-03-27 12:44:00,1388.39,1388.45,1388.39,1388.45,0.0,44.1,60403.17,1
2024-03-27,2024-03-27 12:45:00,1388.45,1388.51,1388.45,1388.51,0.0,44.1,60403.17,1
2024-03-27,2024-03-27 12:46:00,1388.51,1388.58,1388.51,1388.58,0.01,44.1,60403.17,1
2024-03-27,2024-03-27 12:47:00,1388.58,1388.64,1388.58,1388.64,0.0,44.1,60403.17,1
2024-03-27,2024-03-27 12:48:00,1388.64,1388.7,1388.64,1388.7,0.0,44.1,60403.17,1
2024-03-27,2024-03-27 12:49:00,1388.7,1388.77,1388.7,1388.77,0.01,44.1,60403.17,1
2024-03-27,2024-03-27 12:50:00,1388.77,1388.83,1388.77,1388.83,0.0,44.1,60403.17,1
2024-03-27,2024-03-27 12:51:00,1388.83,1388.89,1388.83,1388.89,0.0,44.1,60403.17,1
2024-03-27,2024-03-27 12:52:00,1388.89,1388.96,1388.89,1388.96,0.01,44.1,60403.17,1
2024-03-27,2024-03-27 12:53:00,1388.96,1389.02,1388.96,1389.02,0.0,44.1,60403.17,1
2024-03-27,2024-03-27 12:54:00,1389.02,1389.08,1389.02,1389.08,0.0,44.1,60403.17,1
2024-03-27,2024-03-27 12:55:00,1389.08,1389.15,1389.08,1389.15,0.01,44.1,60403.17,1
2024-03-27,2024-03-27 12:56:00,1389.15,1389.21,1389.15,1389.21,0.0,44.1,60403.17,1
2024-03-27,2024-03-27 12:57:00,1389.21,1389.27,1389.21,1389.27,0.0,44.1,60403.17,1
2024-03-27,2024-03-27 12:58:00,1389.27,1389.34,1389.27,1389.34,0.01,44.1,60403.17,1
2024-03-27,2024-03-27 12:59:00,1389.34,1389.4,1389.34,1389.4,0.0,44.1,60403.17,1
2024-03-27,2024-03-27 13:00:00,1389.4,1492.0,1318.2,1389.46,0.0,44.1,60403.17,1
2024-03-27,2024-03-27 13:01:00,1389.46,1389.53,1389.46,1389.53,0.01,44.1,60403.17,1
2024-03-27,2024-03-27 13:02:00,1389.53,1389.59,1389.53,1389.59,0.0,44.1,60403.17,1
2024-03-27,2024-03-27 13:03:00,1389.59,1389.65,1389.59,1389.65,0.0,44.1,60403.17,1
2024-03-27,2024-03-27 13:04:00,1389.65,1389.72,1389.65,1389.72,0.01,44.1,60403.17,1
2024-03-27,2024-03-27 13:05:00,1389.72,1389.78,1389.72,1389.78,0.0,44.1,60403.17,1
2024-03-27,2024-03-27 13:06:00,1389.78,1389.84,1389.78,1389.84,0.0,44.1,60403.17,1
2024-03-27,2024-03-27 13:07:00,1389.84,1389.91,1389.84,1389.91,0.01,44.1,60403.17,1
2024-03-27,2024-03-27 13:08:00,1389.91,1389.97,1389.91,1389.97,0.0,44.1,60403.17,1
2024-03-27,2024-03-27 13:09:00,1389.97,1390.03,1389.97,1390.03,0.0,44.1,60403.17,1
2024-03-27,2024-03-27 13:10:00,1390.03,1390.1,1390.03,1390.1,0.01,44.1,60403.17,1
2024-03-27,2024-03-27 13:11:00,1390.1,1390.16,1390.1,1390.16,0.0,44.1,60403.17,1
2024-03-27,2024-03-27 13:12:00,1390.16,1390.22,1390.16,1390.22,0.0,44.1,60403.17,1
2024-03-27,2024-03-27 13:13:00,1390.22,1390.29,1390.22,1390.29,0.01,44.1,60403.17,1
2024-03-27,2024-03-27 13:14:00,1390.29,1390.35,1390.29,1390.35,0.0,44.1,60403.17,1
2024-03-27,2024-03-27 13:15:00,1390.35,1390.41,1390.35,1390.41,0.0,44.1,60403.17,1
2024-03-27,2024-03-27 13:16:00,1390.41,1390.48,1390.41,1390.48,0.01,44.1,60403.17,1
2024-03-27,2024-03-27 13:17:00,1390.48,1390.54,1390.48,1390.54,0.0,44.1,60403.17,1
2024-03-27,2024-03-27 13:18:00,1390.54,1390.6,1390.54,1390.6,0.0,44.1,60403.17,1
2024-03-27,2024-03-27 13:19:00,1390.6,1390.67,1390.6,1390.67,0.01,44.1,60403.17,1
2024-03-27,2024-03-27 13:20:00,1390.67,1390.73,1390.67,1390.73,0.0,44.1,60403.17,1
2024-03-27,2024-03-27 13:21:00,1390.73,1390.79,1390.73,1390.79,0.0,44.1,60403.17,1
2024-03-27,2024-03-27 13:22:00,1390.79,1390.86,1390.79,1390.86,0.01,44.1,60403.17,1
2024-03-27,2024-03-27 13:23:00,1390.86,1390.92,1390.86,1390.92,0.0,44.1,60403.17,1
2024-03-27,2024-03-27 13:24:00,1390.92,1390.98,1390.92,1390.98,0.0,44.1,60403.17,1
2024-03-27,2024-03-27 13:25:00,1390.98,1391.05,1390.98,1391.05,0.01,44.1,60403.17,1
2024-03-27,2024-03-27 13:26:00,1391.05,1391.11,1391.05,1391.11,0.0,44.1,60403.17,1
2024-03-27,2024-03-27 13:27:00,1391.11,1391.17,1391.11,1391.17,0.0,44.1,60403.17,1
2024-03-27,2024-03-27 13:28:00,1391.17,1391.24,1391.17,1391.24,0.01,44.1,60403.17,1
2024-03-27,2024-03-27 13:29:00,1391.24,1391.3,1391.24,1391.3,0.0,44.1,60403.17,1
2024-03-27,2024-03-27 13:30:00,1391.3,1391.36,1391.3,1391.36,0.0,44.1,60403.17,1
2024-03-27,2024-03-27 13:31:00,1391.36,1391.43,1391.36,1391.43,0.01,44.1,60403.17,1
2024-03-27,2024-03-27 13:32:00,1391.43,1391.49,1391.43,1391.49,0.0,44.1,60403.17,1
2024-03-27,2024-03-27 13:33:00,1391.49,1391.55,1391.49,1391.55,0.0,44.1,60403.17,1
2024-03-27,2024-03-27 13:34:00,1391.55,1391.62,1391.55,1391.62,0.01,44.1,60403.17,1
2024-03-27,2024-03-27 13:35:00,1391.62,1391.68,1391.62,1391.68,0.0,44.1,60403.17,1
2024-03-27,2024-03-27 13:36:00,1391.68,1391.74,1391.68,1391.74,0.0,44.1,60403.17,1
2024-03-27,2024-03-27 13:37:00,1391.74,1391.81,1391.74,1391.81,0.01,44.1,60403.17,1
2024-03-27,2024-03-27 13:38:00,1391.81,1391.87,1391.81,1391.87,0.0,44.1,60403.17,1
2024-03-27,2024-03-27 13:39:00,1391.87,1391.93,1391.87,1391.93,0.0,44.1,60403.17,1
2024-03-27,2024-03-27 13:40:00,1391.93,1392.0,1391.93,1392.0,0.01,44.1,60403.17,1
2024-03-27,2024-03-27 13:41:00,1392.0,1392.06,1392.0,1392.06,0.0,44.1,60403.17,1
2024-03-27,2024-03-27 13:42:00,1392.06,1392.12,1392.06,1392.12,0.0,44.1,60403.17,1
2024-03-27,2024-03-27 13:43:00,1392.12,1392.19,1392.12,1392.19,0.01,44.1,60403.17,1
2024-03-27,2024-03-27 13:44:00,1392.19,1392.25,1392.19,1392.25,0.0,44.1,60403.17,1
2024-03-27,2024-03-27 13:45:00,1392.25,1392.31,1392.25,1392.31,0.0,44.1,60403.17,1
2024-03-27,2024-03-27 13:46:00,1392.31,1392.38,1392.31,1392.38,0.01,44.1,60403.17,1
2024-03-27,2024-03-27 13:47:00,1392.38,1392.44,1392.38,1392.44,0.0,44.1,60403.17,1
2024-03-27,2024-03-27 13:48:00,1392.44,1392.5,1392.44,1392.5,0.0,44.1,60403.17,1
2024-03-27,2024-03-27 13:49:00,1392.5,1392.57,1392.5,1392.57,0.01,44.1,60403.17,1
2024-03-27,2024-03-27 13:50:00,1392.57,1392.63,1392.57,1392.63,0.0,44.1,60403.17,1
2024-03-27,2024-03-27 13:51:00,1392.63,1392.69,1392.63,1392.69,0.0,44.1,60403.17,1
2024-03-27,2024-03-27 13:52:00,1392.69,1392.76,1392.69,1392.76,0.01,44.1,60403.17,1
2024-03-27,2024-03-27 13:53:00,1392.76,1392.82,1392.76,1392.82,0.0,44.1,60403.17,1
2024-03-27,2024-03-27 13:54:00,1392.82,1392.88,1392.82,1392.88,0.0,44.1,60403.17,1
2024-03-27,2024-03-27 13:55:00,1392.88,1392.95,1392.88,1392.95,0.01,44.1,60403.17,1
2024-03-27,2024-03-27 13:56:00,1392.95,1393.01,1392.95,1393.01,0.0,44.1,60403.17,1
2024-03-27,2024-03-27 13:57:00,1393.01,1393.07,1393.01,1393.07,0.0,44.1,60403.17,1
2024-03-27,2024-03-27 13:58:00,1393.07,1393.14,1393.07,1393.14,0.01,44.1,60403.17,1
2024-03-27,2024-03-27 13:59:00,1393.14,1393.2,1393.14,1393.2,0.0,44.1,60403.17,1
2024-03-27,2024-03-27 14:00:00,1393.2,1393.26,1393.2,1393.26,0.0,44.1,60403.17,1
2024-03-27,2024-03-27 14:01:00,1393.26,1393.33,1393.26,1393.33,0.01,44.1,60403.17,1
2024-03-27,2024-03-27 14:02:00,1393.33,1393.39,1393.33,1393.39,0.0,44.1,60403.17,1
2024-03-27,2024-03-27 14:03:00,1393.39,1393.45,1393.39,1393.45,0.0,44.1,60403.17,1
2024-03-27,2024-03-27 14:04:00,1393.45,1393.52,1393.45,1393.52,0.01,44.1,60403.17,1
2024-03-27,2024-03-27 14:05:00,1393.52,1393.58,1393.52,1393.58,0.0,44.1,60403.17,1
2024-03-27,2024-03-27 14:06:00,1393.58,1393.64,1393.58,1393.64,0.0,44.1,60403.17,1
2024-03-27,2024-03-27 14:07:00,1393.64,1393.71,1393.64,1393.71,0.01,44.1,60403.17,1
2024-03-27,2024-03-27 14:08:00,1393.71,1393.77,1393.71,1393.77,0.0,44.1,60403.17,1
2024-03-27,2024-03-27 14:09:00,1393.77,1393.83,1393.77,1393.83,0.0,44.1,60403.17,1
2024-03-27,2024-03-27 14:10:00,1393.83,1393.9,1393.83,1393.9,0.01,44.1,60403.17,1
2024-03-27,2024-03-27 14:11:00,1393.9,1393.96,1393.9,1393.96,0.0,44.1,60403.17,1
2024-03-27,2024-03-27 14:12:00,1393.96,1394.02,1393.96,1394.02,0.0,44.1,60403.17,1
2024-03-27,2024-03-27 14:13:00,1394.02,1394.09,1394.02,1394.09,0.01,44.1,60403.17,1
2024-03-27,2024-03-27 14:14:00,1394.09,1394.15,1394.09,1394.15,0.0,44.1,60403.17,1
2024-03-27,2024-03-27 14:15:00,1394.15,1394.21,1394.15,1394.21,0.0,44.1,60403.17,1
2024-03-27,2024-03-27 14:16:00,1394.21,1394.28,1394.21,1394.28,0.01,44.1,60403.17,1
2024-03-27,2024-03-27 14:17:00,1394.28,1394.34,1394.28,1394.34,0.0,44.1,60403.17,1
2024-03-27,2024-03-27 14:18:00,1394.34,1394.4,1394.34,1394.4,0.0,44.1,60403.17,1
2024-03-27,2024-03-27 14:19:00,1394.4,1394.47,1394.4,1394.47,0.01,44.1,60403.17,1
2024-03-27,2024-03-27 14:20:00,1394.47,1394.53,1394.47,1394.53,0.0,44.1,60403.17,1
2024-03-27,2024-03-27 14:21:00,1394.53,1394.59,1394.53,1394.59,0.0,44.1,60403.17,1
2024-03-27,2024-03-27 14:22:00,1394.59,1394.66,1394.59,1394.66,0.01,44.1,60403.17,1
2024-03-27,2024-03-27 14:23:00,1394.66,1394.72,1394.66,1394.72,0.0,44.1,60403.17,1
2024-03-27,2024-03-27 14:24:00,1394.72,1394.78,1394.72,1394.78,0.0,44.1,60403.17,1
2024-03-27,2024-03-27 14:25:00,1394.78,1394.85,1394.78,1394.85,0.01,44.1,60403.17,1
2024-03-27,2024-03-27 14:26:00,1394.85,1394.91,1394.85,1394.91,0.0,44.1,60403.17,1
2024-03-27,2024-03-27 14:27:00,1394.91,1394.97,1394.91,1394.97,0.0,44.1,60403.17,1
2024-03-27,2024-03-27 14:28:00,1394.97,1395.04,1394.97,1395.04,0.01,44.1,60403.17,1
2024-03-27,2024-03-27 14:29:00,1395.04,1395.1,1395.04,1395.1,0.0,44.1,60403.17,1
2024-03-27,2024-03-27 14:30:00,1395.1,1395.16,1395.1,1395.16,0.0,44.1,60403.17,1
2024-03-27,2024-03-27 14:31:00,1395.16,1395.23,1395.16,1395.23,0.01,44.1,60403.17,1
2024-03-27,2024-03-27 14:32:00,1395.23,1395.29,1395.23,1395.29,0.0,44.1,60403.17,1
2024-03-27,2024-03-27 14:33:00,1395.29,1395.35,1395.29,1395.35,0.0,44.1,60403.17,1
2024-03-27,2024-03-27 14:34:00,1395.35,1395.42,1395.35,1395.42,0.01,44.1,60403.17,1
2024-03-27,2024-03-27 14:35:00,1395.42,1395.48,1395.42,1395.48,0.0,44.1,60403.17,1
2024-03-27,2024-03-27 14:36:00,1395.48,1395.54,1395.48,1395.54,0.0,44.1,60403.17,1
2024-03-27,2024-03-27 14:37:00,1395.54,1395.61,1395.54,1395.61,0.01,44.1,60403.17,1
2024-03-27,2024-03-27 14:38:00,1395.61,1395.67,1395.61,1395.67,0.0,44.1,60403.17,1
2024-03-27,2024-03-27 14:39:00,1395.67,1395.73,1395.67,1395.73,0.0,44.1,60403.17,1
2024-03-27,2024-03-27 14:40:00,1395.73,1395.8,1395.73,1395.8,0.01,44.1,60403.17,1
2024-03-27,2024-03-27 14:41:00,1395.8,1395.86,1395.8,1395.86,0.0,44.1,60403.17,1
2024-03-27,2024-03-27 14:42:00,1395.86,1395.92,1395.86,1395.92,0.0,44.1,60403.17,1
2024-03-27,2024-03-27 14:43:00,1395.92,1395.99,1395.92,1395.99,0.01,44.1,60403.17,1
2024-03-27,2024-03-27 14:44:00,1395.99,1396.05,1395.99,1396.05,0.0,44.1,60403.17,1
2024-03-27,2024-03-27 14:45:00,1396.05,1396.11,1396.05,1396.11,0.0,44.1,60403.17,1
2024-03-27,2024-03-27 14:46:00,1396.11,1396.18,1396.11,1396.18,0.01,44.1,60403.17,1
2024-03-27,2024-03-27 14:47:00,1396.18,1396.24,1396.18,1396.24,0.0,44.1,60403.17,1
2024-03-27,2024-03-27 14:48:00,1396.24,1396.3,1396.24,1396.3,0.0,44.1,60403.17,1
2024-03-27,2024-03-27 14:49:00,1396.3,1396.37,1396.3,1396.37,0.01,44.1,60403.17,1
2024-03-27,2024-03-27 14:50:00,1396.37,1396.43,1396.37,1396.43,0.0,44.1,60403.17,1
2024-03-27,2024-03-27 14:51:00,1396.43,1396.49,1396.43,1396.49,0.0,44.1,60403.17,1
2024-03-27,2024-03-27 14:52:00,1396.49,1396.56,1396.49,1396.56,0.01,44.1,60403.17,1
2024-03-27,2024-03-27 14:53:00,1396.56,1396.62,1396.56,1396.62,0.0,44.1,60403.17,1
2024-03-27,2024-03-27 14:54:00,1396.62,1396.68,1396.62,1396.68,0.0,44.1,60403.17,1
2024-03-27,2024-03-27 14:55:00,1396.68,1396.75,1396.68,1396.75,0.01,44.1,60403.17,1
2024-03-27,2024-03-27 14:56:00,1396.75,1396.81,1396.75,1396.81,0.0,44.1,60403.17,1
2024-03-27,2024-03-27 14:57:00,1396.81,1396.87,1396.81,1396.87,0.0,44.1,60403.17,1
2024-03-27,2024-03-27 14:58:00,1396.87,1396.94,1396.87,1396.94,0.01,44.1,60403.17,1
2024-03-27,2024-03-27 14:59:00,1396.94,1397.0,1396.94,1397.0,0.0,44.1,60403.17,1
2024-03-27,2024-03-27 15:00:00,1397.0,1492.0,1318.2,1397.0,0.0,44.1,60403.17,0
2024-03-28,2024-03-28 11:00:00,1369.1,1377.26,1358.87,1369.19,0.01,20.83,28635.59,1
2024-03-28,2024-03-28 11:01:00,1369.19,1369.27,1369.19,1369.27,0.01,20.83,28635.59,1
2024-03-28,2024-03-28 11:02:00,1369.27,1369.36,1369.27,1369.36,0.01,20.83,28635.59,1
2024-03-28,2024-03-28 11:03:00,1369.36,1369.45,1369.36,1369.45,0.01,20.83,28635.59,1
2024-03-28,2024-03-28 11:04:00,1369.45,1369.53,1369.45,1369.53,0.01,20.83,28635.59,1
2024-03-28,2024-03-28 11:05:00,1369.53,1369.62,1369.53,1369.62,0.01,20.83,28635.59,1
2024-03-28,2024-03-28 11:06:00,1369.62,1369.71,1369.62,1369.71,0.01,20.83,28635.59,1
2024-03-28,2024-03-28 11:07:00,1369.71,1369.79,1369.71,1369.79,0.01,20.83,28635.59,1
2024-03-28,2024-03-28 11:08:00,1369.79,1369.88,1369.79,1369.88,0.01,20.83,28635.59,1
2024-03-28,2024-03-28 11:09:00,1369.88,1369.97,1369.88,1369.97,0.01,20.83,28635.59,1
2024-03-28,2024-03-28 11:10:00,1369.97,1370.05,1369.97,1370.05,0.01,20.83,28635.59,1
2024-03-28,2024-03-28 11:11:00,1370.05,1370.14,1370.05,1370.14,0.01,20.83,28635.59,1
2024-03-28,2024-03-28 11:12:00,1370.14,1370.23,1370.14,1370.23,0.01,20.83,28635.59,1
2024-03-28,2024-03-28 11:13:00,1370.23,1370.31,1370.23,1370.31,0.01,20.83,28635.59,1
2024-03-28,2024-03-28 11:14:00,1370.31,1370.4,1370.31,1370.4,0.01,20.83,28635.59,1
2024-03-28,2024-03-28 11:15:00,1370.4,1370.49,1370.4,1370.49,0.01,20.83,28635.59,1
2024-03-28,2024-03-28 11:16:00,1370.49,1370.57,1370.49,1370.57,0.01,20.83,28635.59,1
2024-03-28,2024-03-28 11:17:00,1370.57,1370.66,1370.57,1370.66,0.01,20.83,28635.59,1
2024-03-28,2024-03-28 11:18:00,1370.66,1370.75,1370.66,1370.75,0.01,20.83,28635.59,1
2024-03-28,2024-03-28 11:19:00,1370.75,1370.83,1370.75,1370.83,0.01,20.83,28635.59,1
2024-03-28,2024-03-28 11:20:00,1370.83,1370.92,1370.83,1370.92,0.01,20.83,28635.59,1
2024-03-28,2024-03-28 11:21:00,1370.92,1371.01,1370.92,1371.01,0.01,20.83,28635.59,1
2024-03-28,2024-03-28 11:22:00,1371.01,1371.09,1371.01,1371.09,0.01,20.83,28635.59,1
2024-03-28,2024-03-28 11:23:00,1371.09,1371.18,1371.09,1371.18,0.01,20.83,28635.59,1
2024-03-28,2024-03-28 11:24:00,1371.18,1371.27,1371.18,1371.27,0.01,20.83,28635.59,1
2024-03-28,2024-03-28 11:25:00,1371.27,1371.35,1371.27,1371.35,0.01,20.83,28635.59,1
2024-03-28,2024-03-28 11:26:00,1371.35,1371.44,1371.35,1371.44,0.01,20.83,28635.59,1
2024-03-28,2024-03-28 11:27:00,1371.44,1371.53,1371.44,1371.53,0.01,20.83,28635.59,1
2024-03-28,2024-03-28 11:28:00,1371.53,1371.61,1371.53,1371.61,0.01,20.83,28635.59,1
2024-03-28,2024-03-28 11:29:00,1371.61,1371.7,1371.61,1371.7,0.01,20.83,28635.59,1
2024-03-28,2024-03-28 11:30:00,1371.7,1371.79,1371.7,1371.79,0.01,20.83,28635.59,1
2024-03-28,2024-03-28 11:31:00,1371.79,1371.87,1371.79,1371.87,0.01,20.83,28635.59,1
2024-03-28,2024-03-28 11:32:00,1371.87,1371.96,1371.87,1371.96,0.01,20.83,28635.59,1
2024-03-28,2024-03-28 11:33:00,1371.96,1372.05,1371.96,1372.05,0.01,20.83,28635.59,1
2024-03-28,2024-03-28 11:34:00,1372.05,1372.13,1372.05,1372.13,0.01,20.83,28635.59,1
2024-03-28,2024-03-28 11:35:00,1372.13,1372.22,1372.13,1372.22,0.01,20.83,28635.59,1
2024-03-28,2024-03-28 11:36:00,1372.22,1372.31,1372.22,1372.31,0.01,20.83,28635.59,1
2024-03-28,2024-03-28 11:37:00,1372.31,1372.39,1372.31,1372.39,0.01,20.83,28635.59,1
2024-03-28,2024-03-28 11:38:00,1372.39,1372.48,1372.39,1372.48,0.01,20.83,28635.59,1
2024-03-28,2024-03-28 11:39:00,1372.48,1372.57,1372.48,1372.57,0.01,20.83,28635.59,1
2024-03-28,2024-03-28 11:40:00,1372.57,1372.65,1372.57,1372.65,0.01,20.83,28635.59,1
2024-03-28,2024-03-28 11:41:00,1372.65,1372.74,1372.65,1372.74,0.01,20.83,28635.59,1
2024-03-28,2024-03-28 11:42:00,1372.74,1372.83,1372.74,1372.83,0.01,20.83,28635.59,1
2024-03-28,2024-03-28 11:43:00,1372.83,1372.91,1372.83,1372.91,0.01,20.83,28635.59,1
2024-03-28,2024-03-28 11:44:00,1372.91,1373.0,1372.91,1373.0,0.01,20.83,28635.59,1
2024-03-28,2024-03-28 11:45:00,1373.0,1373.09,1373.0,1373.09,0.01,20.83,28635.59,1
2024-03-28,2024-03-28 11:46:00,1373.09,1373.17,1373.09,1373.17,0.01,20.83,28635.59,1
2024-03-28,2024-03-28 11:47:00,1373.17,1373.26,1373.17,1373.26,0.01,20.83,28635.59,1
2024-03-28,2024-03-28 11:48:00,1373.26,1373.35,1373.26,1373.35,0.01,20.83,28635.59,1
2024-03-28,2024-03-28 11:49:00,1373.35,1373.43,1373.35,1373.43,0.01,20.83,28635.59,1
2024-03-28,2024-03-28 11:50:00,1373.43,1373.52,1373.43,1373.52,0.01,20.83,28635.59,1
2024-03-28,2024-03-28 11:51:00,1373.52,1373.61,1373.52,1373.61,0.01,20.83,28635.59,1
2024-03-28,2024-03-28 11:52:00,1373.61,1373.69,1373.61,1373.69,0.01,20.83,28635.59,1
2024-03-28,2024-03-28 11:53:00,1373.69,1373.78,1373.69,1373.78,0.01,20.83,28635.59,1
2024-03-28,2024-03-28 11:54:00,1373.78,1373.87,1373.78,1373.87,0.01,20.83,28635.59,1
2024-03-28,2024-03-28 11:55:00,1373.87,1373.95,1373.87,1373.95,0.01,20.83,28635.59,1
2024-03-28,2024-03-28 11:56:00,1373.95,1374.04,1373.95,1374.04,0.01,20.83,28635.59,1
2024-03-28,2024-03-28 11:57:00,1374.04,1374.13,1374.04,1374.13,0.01,20.83,28635.59,1
2024-03-28,2024-03-28 11:58:00,1374.13,1374.21,1374.13,1374.21,0.01,20.83,28635.59,1
2024-03-28,2024-03-28 11:59:00,1374.21,1374.3,1374.21,1374.3,0.01,20.83,28635.59,1
2024-03-28,2024-03-28 12:00:00,1374.3,1374.39,1374.3,1374.39,0.01,20.83,28635.59,1
2024-03-28,2024-03-28 12:01:00,1374.39,1374.47,1374.39,1374.47,0.01,20.83,28635.59,1
2024-03-28,2024-03-28 12:02:00,1374.47,1374.56,1374.47,1374.56,0.01,20.83,28635.59,1
2024-03-28,2024-03-28 12:03:00,1374.56,1374.65,1374.56,1374.65,0.01,20.83,28635.59,1
2024-03-28,2024-03-28 12:04:00,1374.65,1374.73,1374.65,1374.73,0.01,20.83,28635.59,1
2024-03-28,2024-03-28 12:05:00,1374.73,1374.82,1374.73,1374.82,0.01,20.83,28635.59,1
2024-03-28,2024-03-28 12:06:00,1374.82,1374.91,1374.82,1374.91,0.01,20.83,28635.59,1
2024-03-28,2024-03-28 12:07:00,1374.91,1374.99,1374.91,1374.99,0.01,20.83,28635.59,1
2024-03-28,2024-03-28 12:08:00,1374.99,1375.08,1374.99,1375.08,0.01,20.83,28635.59,1
2024-03-28,2024-03-28 12:09:00,1375.08,1375.17,1375.08,1375.17,0.01,20.83,28635.59,1
2024-03-28,2024-03-28 12:10:00,1375.17,1375.25,1375.17,1375.25,0.01,20.83,28635.59,1
2024-03-28,2024-03-28 12:11:00,1375.25,1375.34,1375.25,1375.34,0.01,20.83,28635.59,1
2024-03-28,2024-03-28 12:12:00,1375.34,1375.43,1375.34,1375.43,0.01,20.83,28635.59,1
2024-03-28,2024-03-28 12:13:00,1375.43,1375.51,1375.43,1375.51,0.01,20.83,28635.59,1
2024-03-28,2024-03-28 12:14:00,1375.51,1375.6,1375.51,1375.6,0.01,20.83,28635.59,1
2024-03-28,2024-03-28 12:15:00,1375.6,1375.69,1375.6,1375.69,0.01,20.83,28635.59,1
2024-03-28,2024-03-28 12:16:00,1375.69,1375.77,1375.69,1375.77,0.01,20.83,28635.59,1
2024-03-28,2024-03-28 12:17:00,1375.77,1375.86,1375.77,1375.86,0.01,20.83,28635.59,1
2024-03-28,2024-03-28 12:18:00,1375.86,1375.95,1375.86,1375.95,0.01,20.83,28635.59,1
2024-03-28,2024-03-28 12:19:00,1375.95,1376.03,1375.95,1376.03,0.01,20.83,28635.59,1
2024-03-28,2024-03-28 12:20:00,1376.03,1376.12,1376.03,1376.12,0.01,20.83,28635.59,1
2024-03-28,2024-03-28 12:21:00,1376.12,1376.21,1376.12,1376.21,0.01,20.83,28635.59,1
2024-03-28,2024-03-28 12:22:00,1376.21,1376.29,1376.21,1376.29,0.01,20.83,28635.59,1
2024-03-28,2024-03-28 12:23:00,1376.29,1376.38,1376.29,1376.38,0.01,20.83,28635.59,1
2024-03-28,2024-03-28 12:24:00,1376.38,1376.47,1376.38,1376.47,0.01,20.83,28635.59,1
2024-03-28,2024-03-28 12:25:00,1376.47,1376.55,1376.47,1376.55,0.01,20.83,28635.59,1
2024-03-28,2024-03-28 12:26:00,1376.55,1376.64,1376.55,1376.64,0.01,20.83,28635.59,1
2024-03-28,2024-03-28 12:27:00,1376.64,1376.73,1376.64,1376.73,0.01,20.83,28635.59,1
2024-03-28,2024-03-28 12:28:00,1376.73,1376.81,1376.73,1376.81,0.01,20.83,28635.59,1
2024-03-28,2024-03-28 12:29:00,1376.81,1376.9,1376.81,1376.9,0.01,20.83,28635.59,1
2024-03-28,2024-03-28 12:30:00,1376.9,1376.99,1376.9,1376.99,0.01,20.83,28635.59,1
2024-03-28,2024-03-28 12:31:00,1376.99,1377.07,1376.99,1377.07,0.01,20.83,28635.59,1
2024-03-28,2024-03-28 12:32:00,1377.07,1377.16,1377.07,1377.16,0.01,20.83,28635.59,1
2024-03-28,2024-03-28 12:33:00,1377.16,1377.25,1377.16,1377.25,0.01,20.83,28635.59,1
2024-03-28,2024-03-28 12:34:00,1377.25,1377.33,1377.25,1377.33,0.01,20.83,28635.59,1
2024-03-28,2024-03-28 12:35:00,1377.33,1377.42,1377.33,1377.42,0.01,20.83,28635.59,1
2024-03-28,2024-03-28 12:36:00,1377.42,1377.51,1377.42,1377.51,0.01,20.83,28635.59,1
2024-03-28,2024-03-28 12:37:00,1377.51,1377.59,1377.51,1377.59,0.01,20.83,28635.59,1
2024-03-28,2024-03-28 12:38:00,1377.59,1377.68,1377.59,1377.68,0.01,20.83,28635.59,1
2024-03-28,2024-03-28 12:39:00,1377.68,1377.77,1377.68,1377.77,0.01,20.83,28635.59,1
2024-03-28,2024-03-28 12:40:00,1377.77,1377.85,1377.77,1377.85,0.01,20.83,28635.59,1
2024-03-28,2024-03-28 12:41:00,1377.85,1377.94,1377.85,1377.94,0.01,20.83,28635.59,1
2024-03-28,2024-03-28 12:42:00,1377.94,1378.03,1377.94,1378.03,0.01,20.83,28635.59,1
2024-03-28,2024-03-28 12:43:00,1378.03,1378.11,1378.03,1378.11,0.01,20.83,28635.59,1
2024-03-28,2024-03-28 12:44:00,1378.11,1378.2,1378.11,1378.2,0.01,20.83,28635.59,1
2024-03-28,2024-03-28 12:45:00,1378.2,1378.29,1378.2,1378.29,0.01,20.83,28635.59,1
2024-03-28,2024-03-28 12:46:00,1378.29,1378.37,1378.29,1378.37,0.01,20.83,28635.59,1
2024-03-28,2024-03-28 12:47:00,1378.37,1378.46,1378.37,1378.46,0.01,20.83,28635.59,1
2024-03-28,2024-03-28 12:48:00,1378.46,1378.55,1378.46,1378.55,0.01,20.83,28635.59,1
2024-03-28,2024-03-28 12:49:00,1378.55,1378.63,1378.55,1378.63,0.01,20.83,28635.59,1
2024-03-28,2024-03-28 12:50:00,1378.63,1378.72,1378.63,1378.72,0.01,20.83,28635.59,1
2024-03-28,2024-03-28 12:51:00,1378.72,1378.81,1378.72,1378.81,0.01,20.83,28635.59,1
2024-03-28,2024-03-28 12:52:00,1378.81,1378.89,1378.81,1378.89,0.01,20.83,28635.59,1
2024-03-28,2024-03-28 12:53:00,1378.89,1378.98,1378.89,1378.98,0.01,20.83,28635.59,1
2024-03-28,2024-03-28 12:54:00,1378.98,1379.07,1378.98,1379.07,0.01,20.83,28635.59,1
2024-03-28,2024-03-28 12:55:00,1379.07,1379.15,1379.07,1379.15,0.01,20.83,28635.59,1
2024-03-28,2024-03-28 12:56:00,1379.15,1379.24,1379.15,1379.24,0.01,20.83,28635.59,1
2024-03-28,2024-03-28 12:57:00,1379.24,1379.33,1379.24,1379.33,0.01,20.83,28635.59,1
2024-03-28,2024-03-28 12:58:00,1379.33,1379.41,1379.33,1379.41,0.01,20.83,28635.59,1
2024-03-28,2024-03-28 12:59:00,1379.41,1379.5,1379.41,1379.5,0.01,20.83,28635.59,1
2024-03-28,2024-03-28 13:00:00,1379.5,1396.3,1335.0,1379.59,0.01,20.83,28635.59,1
2024-03-28,2024-03-28 13:01:00,1379.59,1379.67,1379.59,1379.67,0.01,20.83,28635.59,1
2024-03-28,2024-03-28 13:02:00,1379.67,1379.76,1379.67,1379.76,0.01,20.83,28635.59,1
2024-03-28,2024-03-28 13:03:00,1379.76,1379.85,1379.76,1379.85,0.01,20.83,28635.59,1
2024-03-28,2024-03-28 13:04:00,1379.85,1379.93,1379.85,1379.93,0.01,20.83,28635.59,1
2024-03-28,2024-03-28 13:05:00,1379.93,1380.02,1379.93,1380.02,0.01,20.83,28635.59,1
2024-03-28,2024-03-28 13:06:00,1380.02,1380.11,1380.02,1380.11,0.01,20.83,28635.59,1
2024-03-28,2024-03-28 13:07:00,1380.11,1380.19,1380.11,1380.19,0.01,20.83,28635.59,1
2024-03-28,2024-03-28 13:08:00,1380.19,1380.28,1380.19,1380.28,0.01,20.83,28635.59,1
2024-03-28,2024-03-28 13:09:00,1380.28,1380.37,1380.28,1380.37,0.01,20.83,28635.59,1
2024-03-28,2024-03-28 13:10:00,1380.37,1380.45,1380.37,1380.45,0.01,20.83,28635.59,1
2024-03-28,2024-03-28 13:11:00,1380.45,1380.54,1380.45,1380.54,0.01,20.83,28635.59,1
2024-03-28,2024-03-28 13:12:00,1380.54,1380.63,1380.54,1380.63,0.01,20.83,28635.59,1
2024-03-28,2024-03-28 13:13:00,1380.63,1380.71,1380.63,1380.71,0.01,20.83,28635.59,1
2024-03-28,2024-03-28 13:14:00,1380.71,1380.8,1380.71,1380.8,0.01,20.83,28635.59,1
2024-03-28,2024-03-28 13:15:00,1380.8,1380.89,1380.8,1380.89,0.01,20.83,28635.59,1
2024-03-28,2024-03-28 13:16:00,1380.89,1380.97,1380.89,1380.97,0.01,20.83,28635.59,1
2024-03-28,2024-03-28 13:17:00,1380.97,1381.06,1380.97,1381.06,0.01,20.83,28635.59,1
2024-03-28,2024-03-28 13:18:00,1381.06,1381.15,1381.06,1381.15,0.01,20.83,28635.59,1
2024-03-28,2024-03-28 13:19:00,1381.15,1381.23,1381.15,1381.23,0.01,20.83,28635.59,1
2024-03-28,2024-03-28 13:20:00,1381.23,1381.32,1381.23,1381.32,0.01,20.83,28635.59,1
2024-03-28,2024-03-28 13:21:00,1381.32,1381.41,1381.32,1381.41,0.01,20.83,28635.59,1
2024-03-28,2024-03-28 13:22:00,1381.41,1381.49,1381.41,1381.49,0.01,20.83,28635.59,1
2024-03-28,2024-03-28 13:23:00,1381.49,1381.58,1381.49,1381.58,0.01,20.83,28635.59,1
2024-03-28,2024-03-28 13:24:00,1381.58,1381.67,1381.58,1381.67,0.01,20.83,28635.59,1
2024-03-28,2024-03-28 13:25:00,1381.67,1381.75,1381.67,1381.75,0.01,20.83,28635.59,1
2024-03-28,2024-03-28 13:26:00,1381.75,1381.84,1381.75,1381.84,0.01,20.83,28635.59,1
2024-03-28,2024-03-28 13:27:00,1381.84,1381.93,1381.84,1381.93,0.01,20.83,28635.59,1
2024-03-28,2024-03-28 13:28:00,1381.93,1382.01,1381.93,1382.01,0.01,20.83,28635.59,1
2024-03-28,2024-03-28 13:29:00,1382.01,1382.1,1382.01,1382.1,0.01,20.83,28635.59,1
2024-03-28,2024-03-28 13:30:00,1382.1,1382.19,1382.1,1382.19,0.01,20.83,28635.59,1
2024-03-28,2024-03-28 13:31:00,1382.19,1382.27,1382.19,1382.27,0.01,20.83,28635.59,1
2024-03-28,2024-03-28 13:32:00,1382.27,1382.36,1382.27,1382.36,0.01,20.83,28635.59,1
2024-03-28,2024-03-28 13:33:00,1382.36,1382.45,1382.36,1382.45,0.01,20.83,28635.59,1
2024-03-28,2024-03-28 13:34:00,1382.45,1382.53,1382.45,1382.53,0.01,20.83,28635.59,1
2024-03-28,2024-03-28 13:35:00,1382.53,1382.62,1382.53,1382.62,0.01,20.83,28635.59,1
2024-03-28,2024-03-28 13:36:00,1382.62,1382.71,1382.62,1382.71,0.01,20.83,28635.59,1
2024-03-28,2024-03-28 13:37:00,1382.71,1382.79,1382.71,1382.79,0.01,20.83,28635.59,1
2024-03-28,2024-03-28 13:38:00,1382.79,1382.88,1382.79,1382.88,0.01,20.83,28635.59,1
2024-03-28,2024-03-28 13:39:00,1382.88,1382.97,1382.88,1382.97,0.01,20.83,28635.59,1
2024-03-28,2024-03-28 13:40:00,1382.97,1383.05,1382.97,1383.05,0.01,20.83,28635.59,1
2024-03-28,2024-03-28 13:41:00,1383.05,1383.14,1383.05,1383.14,0.01,20.83,28635.59,1
2024-03-28,2024-03-28 13:42:00,1383.14,1383.23,1383.14,1383.23,0.01,20.83,28635.59,1
2024-03-28,2024-03-28 13:43:00,1383.23,1383.31,1383.23,1383.31,0.01,20.83,28635.59,1
2024-03-28,2024-03-28 13:44:00,1383.31,1383.4,1383.31,1383.4,0.01,20.83,28635.59,1
2024-03-28,2024-03-28 13:45:00,1383.4,1383.49,1383.4,1383.49,0.01,20.83,28635.59,1
2024-03-28,2024-03-28 13:46:00,1383.49,1383.57,1383.49,1383.57,0.01,20.83,28635.59,1
2024-03-28,2024-03-28 13:47:00,1383.57,1383.66,1383.57,1383.66,0.01,20.83,28635.59,1
2024-03-28,2024-03-28 13:48:00,1383.66,1383.75,1383.66,1383.75,0.01,20.83,28635.59,1
2024-03-28,2024-03-28 13:49:00,1383.75,1383.83,1383.75,1383.83,0.01,20.83,28635.59,1
2024-03-28,2024-03-28 13:50:00,1383.83,1383.92,1383.83,1383.92,0.01,20.83,28635.59,1
2024-03-28,2024-03-28 13:51:00,1383.92,1384.01,1383.92,1384.01,0.01,20.83,28635.59,1
2024-03-28,2024-03-28 13:52:00,1384.01,1384.09,1384.01,1384.09,0.01,20.83,28635.59,1
2024-03-28,2024-03-28 13:53:00,1384.09,1384.18,1384.09,1384.18,0.01,20.83,28635.59,1
2024-03-28,2024-03-28 13:54:00,1384.18,1384.27,1384.18,1384.27,0.01,20.83,28635.59,1
2024-03-28,2024-03-28 13:55:00,1384.27,1384.35,1384.27,1384.35,0.01,20.83,28635.59,1
2024-03-28,2024-03-28 13:56:00,1384.35,1384.44,1384.35,1384.44,0.01,20.83,28635.59,1
2024-03-28,2024-03-28 13:57:00,1384.44,1384.53,1384.44,1384.53,0.01,20.83,28635.59,1
2024-03-28,2024-03-28 13:58:00,1384.53,1384.61,1384.53,1384.61,0.01,20.83,28635.59,1
2024-03-28,2024-03-28 13:59:00,1384.61,1384.7,1384.61,1384.7,0.01,20.83,28635.59,1
2024-03-28,2024-03-28 14:00:00,1384.7,1384.79,1384.7,1384.79,0.01,20.83,28635.59,1
2024-03-28,2024-03-28 14:01:00,1384.79,1384.87,1384.79,1384.87,0.01,20.83,28635.59,1
2024-03-28,2024-03-28 14:02:00,1384.87,1384.96,1384.87,1384.96,0.01,20.83,28635.59,1
2024-03-28,2024-03-28 14:03:00,1384.96,1385.05,1384.96,1385.05,0.01,20.83,28635.59,1
2024-03-28,2024-03-28 14:04:00,1385.05,1385.13,1385.05,1385.13,0.01,20.83,28635.59,1
2024-03-28,2024-03-28 14:05:00,1385.13,1385.22,1385.13,1385.22,0.01,20.83,28635.59,1
2024-03-28,2024-03-28 14:06:00,1385.22,1385.31,1385.22,1385.31,0.01,20.83,28635.59,1
2024-03-28,2024-03-28 14:07:00,1385.31,1385.39,1385.31,1385.39,0.01,20.83,28635.59,1
2024-03-28,2024-03-28 14:08:00,1385.39,1385.48,1385.39,1385.48,0.01,20.83,28635.59,1
2024-03-28,2024-03-28 14:09:00,1385.48,1385.57,1385.48,1385.57,0.01,20.83,28635.59,1
2024-03-28,2024-03-28 14:10:00,1385.57,1385.65,1385.57,1385.65,0.01,20.83,28635.59,1
2024-03-28,2024-03-28 14:11:00,1385.65,1385.74,1385.65,1385.74,0.01,20.83,28635.59,1
2024-03-28,2024-03-28 14:12:00,1385.74,1385.83,1385.74,1385.83,0.01,20.83,28635.59,1
2024-03-28,2024-03-28 14:13:00,1385.83,1385.91,1385.83,1385.91,0.01,20.83,28635.59,1
2024-03-28,2024-03-28 14:14:00,1385.91,1386.0,1385.91,1386.0,0.01,20.83,28635.59,1
2024-03-28,2024-03-28 14:15:00,1386.0,1386.09,1386.0,1386.09,0.01,20.83,28635.59,1
2024-03-28,2024-03-28 14:16:00,1386.09,1386.17,1386.09,1386.17,0.01,20.83,28635.59,1
2024-03-28,2024-03-28 14:17:00,1386.17,1386.26,1386.17,1386.26,0.01,20.83,28635.59,1
2024-03-28,2024-03-28 14:18:00,1386.26,1386.35,1386.26,1386.35,0.01,20.83,28635.59,1
2024-03-28,2024-03-28 14:19:00,1386.35,1386.43,1386.35,1386.43,0.01,20.83,28635.59,1
2024-03-28,2024-03-28 14:20:00,1386.43,1386.52,1386.43,1386.52,0.01,20.83,28635.59,1
2024-03-28,2024-03-28 14:21:00,1386.52,1386.61,1386.52,1386.61,0.01,20.83,28635.59,1
2024-03-28,2024-03-28 14:22:00,1386.61,1386.69,1386.61,1386.69,0.01,20.83,28635.59,1
2024-03-28,2024-03-28 14:23:00,1386.69,1386.78,1386.69,1386.78,0.01,20.83,28635.59,1
2024-03-28,2024-03-28 14:24:00,1386.78,1386.87,1386.78,1386.87,0.01,20.83,28635.59,1
2024-03-28,2024-03-28 14:25:00,1386.87,1386.95,1386.87,1386.95,0.01,20.83,28635.59,1
2024-03-28,2024-03-28 14:26:00,1386.95,1387.04,1386.95,1387.04,0.01,20.83,28635.59,1
2024-03-28,2024-03-28 14:27:00,1387.04,1387.13,1387.04,1387.13,0.01,20.83,28635.59,1
2024-03-28,2024-03-28 14:28:00,1387.13,1387.21,1387.13,1387.21,0.01,20.83,28635.59,1
2024-03-28,2024-03-28 14:29:00,1387.21,1387.3,1387.21,1387.3,0.01,20.83,28635.59,1
2024-03-28,2024-03-28 14:30:00,1387.3,1387.39,1387.3,1387.39,0.01,20.83,28635.59,1
2024-03-28,2024-03-28 14:31:00,1387.39,1387.47,1387.39,1387.47,0.01,20.83,28635.59,1
2024-03-28,2024-03-28 14:32:00,1387.47,1387.56,1387.47,1387.56,0.01,20.83,28635.59,1
2024-03-28,2024-03-28 14:33:00,1387.56,1387.65,1387.56,1387.65,0.01,20.83,28635.59,1
2024-03-28,2024-03-28 14:34:00,1387.65,1387.73,1387.65,1387.73,0.01,20.83,28635.59,1
2024-03-28,2024-03-28 14:35:00,1387.73,1387.82,1387.73,1387.82,0.01,20.83,28635.59,1
2024-03-28,2024-03-28 14:36:00,1387.82,1387.91,1387.82,1387.91,0.01,20.83,28635.59,1
2024-03-28,2024-03-28 14:37:00,1387.91,1387.99,1387.91,1387.99,0.01,20.83,28635.59,1
2024-03-28,2024-03-28 14:38:00,1387.99,1388.08,1387.99,1388.08,0.01,20.83,28635.59,1
2024-03-28,2024-03-28 14:39:00,1388.08,1388.17,1388.08,1388.17,0.01,20.83,28635.59,1
2024-03-28,2024-03-28 14:40:00,1388.17,1388.25,1388.17,1388.25,0.01,20.83,28635.59,1
2024-03-28,2024-03-28 14:41:00,1388.25,1388.34,1388.25,1388.34,0.01,20.83,28635.59,1
2024-03-28,2024-03-28 14:42:00,1388.34,1388.43,1388.34,1388.43,0.01,20.83,28635.59,1
2024-03-28,2024-03-28 14:43:00,1388.43,1388.51,1388.43,1388.51,0.01,20.83,28635.59,1
2024-03-28,2024-03-28 14:44:00,1388.51,1388.6,1388.51,1388.6,0.01,20.83,28635.59,1
2024-03-28,2024-03-28 14:45:00,1388.6,1388.69,1388.6,1388.69,0.01,20.83,28635.59,1
2024-03-28,2024-03-28 14:46:00,1388.69,1388.77,1388.69,1388.77,0.01,20.83,28635.59,1
2024-03-28,2024-03-28 14:47:00,1388.77,1388.86,1388.77,1388.86,0.01,20.83,28635.59,1
2024-03-28,2024-03-28 14:48:00,1388.86,1388.95,1388.86,1388.95,0.01,20.83,28635.59,1
2024-03-28,2024-03-28 14:49:00,1388.95,1389.03,1388.95,1389.03,0.01,20.83,28635.59,1
2024-03-28,2024-03-28 14:50:00,1389.03,1389.12,1389.03,1389.12,0.01,20.83,28635.59,1
2024-03-28,2024-03-28 14:51:00,1389.12,1389.21,1389.12,1389.21,0.01,20.83,28635.59,1
2024-03-28,2024-03-28 14:52:00,1389.21,1389.29,1389.21,1389.29,0.01,20.83,28635.59,1
2024-03-28,2024-03-28 14:53:00,1389.29,1389.38,1389.29,1389.38,0.01,20.83,28635.59,1
2024-03-28,2024-03-28 14:54:00,1389.38,1389.47,1389.38,1389.47,0.01,20.83,28635.59,1
2024-03-28,2024-03-28 14:55:00,1389.47,1389.55,1389.47,1389.55,0.01,20.83,28635.59,1
2024-03-28,2024-03-28 14:56:00,1389.55,1389.64,1389.55,1389.64,0.01,20.83,28635.59,1
2024-03-28,2024-03-28 14:57:00,1389.64,1389.73,1389.64,1389.73,0.01,20.83,28635.59,1
2024-03-28,2024-03-28 14:58:00,1389.73,1389.81,1389.73,1389.81,0.01,20.83,28635.59,1
2024-03-28,2024-03-28 14:59:00,1389.81,1389.9,1389.81,1389.9,0.01,20.83,28635.59,1
2024-03-28,2024-03-28 15:00:00,1389.9,1396.3,1335.0,1389.9,0.0,20.83,28635.59,0
2024-03-31,2024-03-31 11:00:00,1385.0,1385.0,1362.2,1384.68,-0.02,43.16,57670.65,-1
2024-03-31,2024-03-31 11:01:00,1384.68,1384.68,1384.37,1384.37,-0.02,43.16,57670.65,-1
2024-03-31,2024-03-31 11:02:00,1384.37,1384.37,1384.05,1384.05,-0.02,43.16,57670.65,-1
2024-03-31,2024-03-31 11:03:00,1384.05,1384.05,1383.73,1383.73,-0.02,43.16,57670.65,-1
2024-03-31,2024-03-31 11:04:00,1383.73,1383.73,1383.42,1383.42,-0.02,43.16,57670.65,-1
2024-03-31,2024-03-31 11:05:00,1383.42,1383.42,1383.1,1383.1,-0.02,43.16,57670.65,-1
2024-03-31,2024-03-31 11:06:00,1383.1,1383.1,1382.78,1382.78,-0.02,43.16,57670.65,-1
2024-03-31,2024-03-31 11:07:00,1382.78,1382.78,1382.47,1382.47,-0.02,43.16,57670.65,-1
2024-03-31,2024-03-31 11:08:00,1382.47,1382.47,1382.15,1382.15,-0.02,43.16,57670.65,-1
2024-03-31,2024-03-31 11:09:00,1382.15,1382.15,1381.83,1381.83,-0.02,43.16,57670.65,-1
2024-03-31,2024-03-31 11:10:00,1381.83,1381.83,1381.52,1381.52,-0.02,43.16,57670.65,-1
2024-03-31,2024-03-31 11:11:00,1381.52,1381.52,1381.2,1381.2,-0.02,43.16,57670.65,-1
2024-03-31,2024-03-31 11:12:00,1381.2,1381.2,1380.88,1380.88,-0.02,43.16,57670.65,-1
2024-03-31,2024-03-31 11:13:00,1380.88,1380.88,1380.57,1380.57,-0.02,43.16,57670.65,-1
2024-03-31,2024-03-31 11:14:00,1380.57,1380.57,1380.25,1380.25,-0.02,43.16,57670.65,-1
2024-03-31,2024-03-31 11:15:00,1380.25,1380.25,1379.93,1379.93,-0.02,43.16,57670.65,-1
2024-03-31,2024-03-31 11:16:00,1379.93,1379.93,1379.62,1379.62,-0.02,43.16,57670.65,-1
2024-03-31,2024-03-31 11:17:00,1379.62,1379.62,1379.3,1379.3,-0.02,43.16,57670.65,-1
2024-03-31,2024-03-31 11:18:00,1379.3,1379.3,1378.98,1378.98,-0.02,43.16,57670.65,-1
2024-03-31,2024-03-31 11:19:00,1378.98,1378.98,1378.67,1378.67,-0.02,43.16,57670.65,-1
2024-03-31,2024-03-31 11:20:00,1378.67,1378.67,1378.35,1378.35,-0.02,43.16,57670.65,-1
2024-03-31,2024-03-31 11:21:00,1378.35,1378.35,1378.03,1378.03,-0.02,43.16,57670.65,-1
2024-03-31,2024-03-31 11:22:00,1378.03,1378.03,1377.72,1377.72,-0.02,43.16,57670.65,-1
2024-03-31,2024-03-31 11:23:00,1377.72,1377.72,1377.4,1377.4,-0.02,43.16,57670.65,-1
2024-03-31,2024-03-31 11:24:00,1377.4,1377.4,1377.08,1377.08,-0.02,43.16,57670.65,-1
2024-03-31,2024-03-31 11:25:00,1377.08,1377.08,1376.77,1376.77,-0.02,43.16,57670.65,-1
2024-03-31,2024-03-31 11:26:00,1376.77,1376.77,1376.45,1376.45,-0.02,43.16,57670.65,-1
2024-03-31,2024-03-31 11:27:00,1376.45,1376.45,1376.13,1376.13,-0.02,43.16,57670.65,-1
2024-03-31,2024-03-31 11:28:00,1376.13,1376.13,1375.82,1375.82,-0.02,43.16,57670.65,-1
2024-03-31,2024-03-31 11:29:00,1375.82,1375.82,1375.5,1375.5,-0.02,43.16,57670.65,-1
2024-03-31,2024-03-31 11:30:00,1375.5,1375.5,1375.18,1375.18,-0.02,43.16,57670.65,-1
2024-03-31,2024-03-31 11:31:00,1375.18,1375.18,1374.87,1374.87,-0.02,43.16,57670.65,-1
2024-03-31,2024-03-31 11:32:00,1374.87,1374.87,1374.55,1374.55,-0.02,43.16,57670.65,-1
2024-03-31,2024-03-31 11:33:00,1374.55,1374.55,1374.23,1374.23,-0.02,43.16,57670.65,-1
2024-03-31,2024-03-31 11:34:00,1374.23,1374.23,1373.92,1373.92,-0.02,43.16,57670.65,-1
2024-03-31,2024-03-31 11:35:00,1373.92,1373.92,1373.6,1373.6,-0.02,43.16,57670.65,-1
2024-03-31,2024-03-31 11:36:00,1373.6,1373.6,1373.28,1373.28,-0.02,43.16,57670.65,-1
2024-03-31,2024-03-31 11:37:00,1373.28,1373.28,1372.97,1372.97,-0.02,43.16,57670.65,-1
2024-03-31,2024-03-31 11:38:00,1372.97,1372.97,1372.65,1372.65,-0.02,43.16,57670.65,-1
2024-03-31,2024-03-31 11:39:00,1372.65,1372.65,1372.33,1372.33,-0.02,43.16,57670.65,-1
2024-03-31,2024-03-31 11:40:00,1372.33,1372.33,1372.02,1372.02,-0.02,43.16,57670.65,-1
2024-03-31,2024-03-31 11:41:00,1372.02,1372.02,1371.7,1371.7,-0.02,43.16,57670.65,-1
2024-03-31,2024-03-31 11:42:00,1371.7,1371.7,1371.38,1371.38,-0.02,43.16,57670.65,-1
2024-03-31,2024-03-31 11:43:00,1371.38,1371.38,1371.07,1371.07,-0.02,43.16,57670.65,-1
2024-03-31,2024-03-31 11:44:00,1371.07,1371.07,1370.75,1370.75,-0.02,43.16,57670.65,-1
2024-03-31,2024-03-31 11:45:00,1370.75,1370.75,1370.43,1370.43,-0.02,43.16,57670.65,-1
2024-03-31,2024-03-31 11:46:00,1370.43,1370.43,1370.12,1370.12,-0.02,43.16,57670.65,-1
2024-03-31,2024-03-31 11:47:00,1370.12,1370.12,1369.8,1369.8,-0.02,43.16,57670.65,-1
2024-03-31,2024-03-31 11:48:00,1369.8,1369.8,1369.48,1369.48,-0.02,43.16,57670.65,-1
2024-03-31,2024-03-31 11:49:00,1369.48,1369.48,1369.17,1369.17,-0.02,43.16,57670.65,-1
2024-03-31,2024-03-31 11:50:00,1369.17,1369.17,1368.85,1368.85,-0.02,43.16,57670.65,-1
2024-03-31,2024-03-31 11:51:00,1368.85,1368.85,1368.53,1368.53,-0.02,43.16,57670.65,-1
2024-03-31,2024-03-31 11:52:00,1368.53,1368.53,1368.22,1368.22,-0.02,43.16,57670.65,-1
2024-03-31,2024-03-31 11:53:00,1368.22,1368.22,1367.9,1367.9,-0.02,43.16,57670.65,-1
2024-03-31,2024-03-31 11:54:00,1367.9,1367.9,1367.58,1367.58,-0.02,43.16,57670.65,-1
2024-03-31,2024-03-31 11:55:00,1367.58,1367.58,1367.27,1367.27,-0.02,43.16,57670.65,-1
2024-03-31,2024-03-31 11:56:00,1367.27,1367.27,1366.95,1366.95,-0.02,43.16,57670.65,-1
2024-03-31,2024-03-31 11:57:00,1366.95,1366.95,1366.63,1366.63,-0.02,43.16,57670.65,-1
2024-03-31,2024-03-31 11:58:00,1366.63,1366.63,1366.32,1366.32,-0.02,43.16,57670.65,-1
2024-03-31,2024-03-31 11:59:00,1366.32,1366.32,1366.0,1366.0,-0.02,43.16,57670.65,-1
2024-03-31,2024-03-31 12:00:00,1366.0,1366.0,1365.68,1365.68,-0.02,43.16,57670.65,-1
2024-03-31,2024-03-31 12:01:00,1365.68,1365.68,1365.37,1365.37,-0.02,43.16,57670.65,-1
2024-03-31,2024-03-31 12:02:00,1365.37,1365.37,1365.05,1365.05,-0.02,43.16,57670.65,-1
2024-03-31,2024-03-31 12:03:00,1365.05,1365.05,1364.73,1364.73,-0.02,43.16,57670.65,-1
2024-03-31,2024-03-31 12:04:00,1364.73,1364.73,1364.42,1364.42,-0.02,43.16,57670.65,-1
2024-03-31,2024-03-31 12:05:00,1364.42,1364.42,1364.1,1364.1,-0.02,43.16,57670.65,-1
2024-03-31,2024-03-31 12:06:00,1364.1,1364.1,1363.78,1363.78,-0.02,43.16,57670.65,-1
2024-03-31,2024-03-31 12:07:00,1363.78,1363.78,1363.47,1363.47,-0.02,43.16,57670.65,-1
2024-03-31,2024-03-31 12:08:00,1363.47,1363.47,1363.15,1363.15,-0.02,43.16,57670.65,-1
2024-03-31,2024-03-31 12:09:00,1363.15,1363.15,1362.83,1362.83,-0.02,43.16,57670.65,-1
2024-03-31,2024-03-31 12:10:00,1362.83,1362.83,1362.52,1362.52,-0.02,43.16,57670.65,-1
2024-03-31,2024-03-31 12:11:00,1362.52,1362.52,1362.2,1362.2,-0.02,43.16,57670.65,-1
2024-03-31,2024-03-31 12:12:00,1362.2,1362.2,1361.88,1361.88,-0.02,43.16,57670.65,-1
2024-03-31,2024-03-31 12:13:00,1361.88,1361.88,1361.57,1361.57,-0.02,43.16,57670.65,-1
2024-03-31,2024-03-31 12:14:00,1361.57,1361.57,1361.25,1361.25,-0.02,43.16,57670.65,-1
2024-03-31,2024-03-31 12:15:00,1361.25,1361.25,1360.93,1360.93,-0.02,43.16,57670.65,-1
2024-03-31,2024-03-31 12:16:00,1360.93,1360.93,1360.62,1360.62,-0.02,43.16,57670.65,-1
2024-03-31,2024-03-31 12:17:00,1360.62,1360.62,1360.3,1360.3,-0.02,43.16,57670.65,-1
2024-03-31,2024-03-31 12:18:00,1360.3,1360.3,1359.98,1359.98,-0.02,43.16,57670.65,-1
2024-03-31,2024-03-31 12:19:00,1359.98,1359.98,1359.67,1359.67,-0.02,43.16,57670.65,-1
2024-03-31,2024-03-31 12:20:00,1359.67,1359.67,1359.35,1359.35,-0.02,43.16,57670.65,-1
2024-03-31,2024-03-31 12:21:00,1359.35,1359.35,1359.03,1359.03,-0.02,43.16,57670.65,-1
2024-03-31,2024-03-31 12:22:00,1359.03,1359.03,1358.72,1358.72,-0.02,43.16,57670.65,-1
2024-03-31,2024-03-31 12:23:00,1358.72,1358.72,1358.4,1358.4,-0.02,43.16,57670.65,-1
2024-03-31,2024-03-31 12:24:00,1358.4,1358.4,1358.08,1358.08,-0.02,43.16,57670.65,-1
2024-03-31,2024-03-31 12:25:00,1358.08,1358.08,1357.77,1357.77,-0.02,43.16,57670.65,-1
2024-03-31,2024-03-31 12:26:00,1357.77,1357.77,1357.45,1357.45,-0.02,43.16,57670.65,-1
2024-03-31,2024-03-31 12:27:00,1357.45,1357.45,1357.13,1357.13,-0.02,43.16,57670.65,-1
2024-03-31,2024-03-31 12:28:00,1357.13,1357.13,1356.82,1356.82,-0.02,43.16,57670.65,-1
2024-03-31,2024-03-31 12:29:00,1356.82,1356.82,1356.5,1356.5,-0.02,43.16,57670.65,-1
2024-03-31,2024-03-31 12:30:00,1356.5,1356.5,1356.18,1356.18,-0.02,43.16,57670.65,-1
2024-03-31,2024-03-31 12:31:00,1356.18,1356.18,1355.87,1355.87,-0.02,43.16,57670.65,-1
2024-03-31,2024-03-31 12:32:00,1355.87,1355.87,1355.55,1355.55,-0.02,43.16,57670.65,-1
2024-03-31,2024-03-31 12:33:00,1355.55,1355.55,1355.23,1355.23,-0.02,43.16,57670.65,-1
2024-03-31,2024-03-31 12:34:00,1355.23,1355.23,1354.92,1354.92,-0.02,43.16,57670.65,-1
2024-03-31,2024-03-31 12:35:00,1354.92,1354.92,1354.6,1354.6,-0.02,43.16,57670.65,-1
2024-03-31,2024-03-31 12:36:00,1354.6,1354.6,1354.28,1354.28,-0.02,43.16,57670.65,-1
2024-03-31,2024-03-31 12:37:00,1354.28,1354.28,1353.97,1353.97,-0.02,43.16,57670.65,-1
2024-03-31,2024-03-31 12:38:00,1353.97,1353.97,1353.65,1353.65,-0.02,43.16,57670.65,-1
2024-03-31,2024-03-31 12:39:00,1353.65,1353.65,1353.33,1353.33,-0.02,43.16,57670.65,-1
2024-03-31,2024-03-31 12:40:00,1353.33,1353.33,1353.02,1353.02,-0.02,43.16,57670.65,-1
2024-03-31,2024-03-31 12:41:00,1353.02,1353.02,1352.7,1352.7,-0.02,43.16,57670.65,-1
2024-03-31,2024-03-31 12:42:00,1352.7,1352.7,1352.38,1352.38,-0.02,43.16,57670.65,-1
2024-03-31,2024-03-31 12:43:00,1352.38,1352.38,1352.07,1352.07,-0.02,43.16,57670.65,-1
2024-03-31,2024-03-31 12:44:00,1352.07,1352.07,1351.75,1351.75,-0.02,43.16,57670.65,-1
2024-03-31,2024-03-31 12:45:00,1351.75,1351.75,1351.43,1351.43,-0.02,43.16,57670.65,-1
2024-03-31,2024-03-31 12:46:00,1351.43,1351.43,1351.12,1351.12,-0.02,43.16,57670.65,-1
2024-03-31,2024-03-31 12:47:00,1351.12,1351.12,1350.8,1350.8,-0.02,43.16,57670.65,-1
2024-03-31,2024-03-31 12:48:00,1350.8,1350.8,1350.48,1350.48,-0.02,43.16,57670.65,-1
2024-03-31,2024-03-31 12:49:00,1350.48,1350.48,1350.17,1350.17,-0.02,43.16,57670.65,-1
2024-03-31,2024-03-31 12:50:00,1350.17,1350.17,1349.85,1349.85,-0.02,43.16,57670.65,-1
2024-03-31,2024-03-31 12:51:00,1349.85,1349.85,1349.53,1349.53,-0.02,43.16,57670.65,-1
2024-03-31,2024-03-31 12:52:00,1349.53,1349.53,1349.22,1349.22,-0.02,43.16,57670.65,-1
2024-03-31,2024-03-31 12:53:00,1349.22,1349.22,1348.9,1348.9,-0.02,43.16,57670.65,-1
2024-03-31,2024-03-31 12:54:00,1348.9,1348.9,1348.58,1348.58,-0.02,43.16,57670.65,-1
2024-03-31,2024-03-31 12:55:00,1348.58,1348.58,1348.27,1348.27,-0.02,43.16,57670.65,-1
2024-03-31,2024-03-31 12:56:00,1348.27,1348.27,1347.95,1347.95,-0.02,43.16,57670.65,-1
2024-03-31,2024-03-31 12:57:00,1347.95,1347.95,1347.63,1347.63,-0.02,43.16,57670.65,-1
2024-03-31,2024-03-31 12:58:00,1347.63,1347.63,1347.32,1347.32,-0.02,43.16,57670.65,-1
2024-03-31,2024-03-31 12:59:00,1347.32,1347.32,1347.0,1347.0,-0.02,43.16,57670.65,-1
2024-03-31,2024-03-31 13:00:00,1347.0,1385.0,1309.0,1346.68,-0.02,43.16,57670.65,-1
2024-03-31,2024-03-31 13:01:00,1346.68,1346.68,1346.37,1346.37,-0.02,43.16,57670.65,-1
2024-03-31,2024-03-31 13:02:00,1346.37,1346.37,1346.05,1346.05,-0.02,43.16,57670.65,-1
2024-03-31,2024-03-31 13:03:00,1346.05,1346.05,1345.73,1345.73,-0.02,43.16,57670.65,-1
2024-03-31,2024-03-31 13:04:00,1345.73,1345.73,1345.42,1345.42,-0.02,43.16,57670.65,-1
2024-03-31,2024-03-31 13:05:00,1345.42,1345.42,1345.1,1345.1,-0.02,43.16,57670.65,-1
2024-03-31,2024-03-31 13:06:00,1345.1,1345.1,1344.78,1344.78,-0.02,43.16,57670.65,-1
2024-03-31,2024-03-31 13:07:00,1344.78,1344.78,1344.47,1344.47,-0.02,43.16,57670.65,-1
2024-03-31,2024-03-31 13:08:00,1344.47,1344.47,1344.15,1344.15,-0.02,43.16,57670.65,-1
2024-03-31,2024-03-31 13:09:00,1344.15,1344.15,1343.83,1343.83,-0.02,43.16,57670.65,-1
2024-03-31,2024-03-31 13:10:00,1343.83,1343.83,1343.52,1343.52,-0.02,43.16,57670.65,-1
2024-03-31,2024-03-31 13:11:00,1343.52,1343.52,1343.2,1343.2,-0.02,43.16,57670.65,-1
2024-03-31,2024-03-31 13:12:00,1343.2,1343.2,1342.88,1342.88,-0.02,43.16,57670.65,-1
2024-03-31,2024-03-31 13:13:00,1342.88,1342.88,1342.57,1342.57,-0.02,43.16,57670.65,-1
2024-03-31,2024-03-31 13:14:00,1342.57,1342.57,1342.25,1342.25,-0.02,43.16,57670.65,-1
2024-03-31,2024-03-31 13:15:00,1342.25,1342.25,1341.93,1341.93,-0.02,43.16,57670.65,-1
2024-03-31,2024-03-31 13:16:00,1341.93,1341.93,1341.62,1341.62,-0.02,43.16,57670.65,-1
2024-03-31,2024-03-31 13:17:00,1341.62,1341.62,1341.3,1341.3,-0.02,43.16,57670.65,-1
2024-03-31,2024-03-31 13:18:00,1341.3,1341.3,1340.98,1340.98,-0.02,43.16,57670.65,-1
2024-03-31,2024-03-31 13:19:00,1340.98,1340.98,1340.67,1340.67,-0.02,43.16,57670.65,-1
2024-03-31,2024-03-31 13:20:00,1340.67,1340.67,1340.35,1340.35,-0.02,43.16,57670.65,-1
2024-03-31,2024-03-31 13:21:00,1340.35,1340.35,1340.03,1340.03,-0.02,43.16,57670.65,-1
2024-03-31,2024-03-31 13:22:00,1340.03,1340.03,1339.72,1339.72,-0.02,43.16,57670.65,-1
2024-03-31,2024-03-31 13:23:00,1339.72,1339.72,1339.4,1339.4,-0.02,43.16,57670.65,-1
2024-03-31,2024-03-31 13:24:00,1339.4,1339.4,1339.08,1339.08,-0.02,43.16,57670.65,-1
2024-03-31,2024-03-31 13:25:00,1339.08,1339.08,1338.77,1338.77,-0.02,43.16,57670.65,-1
2024-03-31,2024-03-31 13:26:00,1338.77,1338.77,1338.45,1338.45,-0.02,43.16,57670.65,-1
2024-03-31,2024-03-31 13:27:00,1338.45,1338.45,1338.13,1338.13,-0.02,43.16,57670.65,-1
2024-03-31,2024-03-31 13:28:00,1338.13,1338.13,1337.82,1337.82,-0.02,43.16,57670.65,-1
2024-03-31,2024-03-31 13:29:00,1337.82,1337.82,1337.5,1337.5,-0.02,43.16,57670.65,-1
2024-03-31,2024-03-31 13:30:00,1337.5,1337.5,1337.18,1337.18,-0.02,43.16,57670.65,-1
2024-03-31,2024-03-31 13:31:00,1337.18,1337.18,1336.87,1336.87,-0.02,43.16,57670.65,-1
2024-03-31,2024-03-31 13:32:00,1336.87,1336.87,1336.55,1336.55,-0.02,43.16,57670.65,-1
2024-03-31,2024-03-31 13:33:00,1336.55,1336.55,1336.23,1336.23,-0.02,43.16,57670.65,-1
2024-03-31,2024-03-31 13:34:00,1336.23,1336.23,1335.92,1335.92,-0.02,43.16,57670.65,-1
2024-03-31,2024-03-31 13:35:00,1335.92,1335.92,1335.6,1335.6,-0.02,43.16,57670.65,-1
2024-03-31,2024-03-31 13:36:00,1335.6,1335.6,1335.28,1335.28,-0.02,43.16,57670.65,-1
2024-03-31,2024-03-31 13:37:00,1335.28,1335.28,1334.97,1334.97,-0.02,43.16,57670.65,-1
2024-03-31,2024-03-31 13:38:00,1334.97,1334.97,1334.65,1334.65,-0.02,43.16,57670.65,-1
2024-03-31,2024-03-31 13:39:00,1334.65,1334.65,1334.33,1334.33,-0.02,43.16,57670.65,-1
2024-03-31,2024-03-31 13:40:00,1334.33,1334.33,1334.02,1334.02,-0.02,43.16,57670.65,-1
2024-03-31,2024-03-31 13:41:00,1334.02,1334.02,1333.7,1333.7,-0.02,43.16,57670.65,-1
2024-03-31,2024-03-31 13:42:00,1333.7,1333.7,1333.38,1333.38,-0.02,43.16,57670.65,-1
2024-03-31,2024-03-31 13:43:00,1333.38,1333.38,1333.07,1333.07,-0.02,43.16,57670.65,-1
2024-03-31,2024-03-31 13:44:00,1333.07,1333.07,1332.75,1332.75,-0.02,43.16,57670.65,-1
2024-03-31,2024-03-31 13:45:00,1332.75,1332.75,1332.43,1332.43,-0.02,43.16,57670.65,-1
2024-03-31,2024-03-31 13:46:00,1332.43,1332.43,1332.12,1332.12,-0.02,43.16,57670.65,-1
2024-03-31,2024-03-31 13:47:00,1332.12,1332.12,1331.8,1331.8,-0.02,43.16,57670.65,-1
2024-03-31,2024-03-31 13:48:00,1331.8,1331.8,1331.48,1331.48,-0.02,43.16,57670.65,-1
2024-03-31,2024-03-31 13:49:00,1331.48,1331.48,1331.17,1331.17,-0.02,43.16,57670.65,-1
2024-03-31,2024-03-31 13:50:00,1331.17,1331.17,1330.85,1330.85,-0.02,43.16,57670.65,-1
2024-03-31,2024-03-31 13:51:00,1330.85,1330.85,1330.53,1330.53,-0.02,43.16,57670.65,-1
2024-03-31,2024-03-31 13:52:00,1330.53,1330.53,1330.22,1330.22,-0.02,43.16,57670.65,-1
2024-03-31,2024-03-31 13:53:00,1330.22,1330.22,1329.9,1329.9,-0.02,43.16,57670.65,-1
2024-03-31,2024-03-31 13:54:00,1329.9,1329.9,1329.58,1329.58,-0.02,43.16,57670.65,-1
2024-03-31,2024-03-31 13:55:00,1329.58,1329.58,1329.27,1329.27,-0.02,43.16,57670.65,-1
2024-03-31,2024-03-31 13:56:00,1329.27,1329.27,1328.95,1328.95,-0.02,43.16,57670.65,-1
2024-03-31,2024-03-31 13:57:00,1328.95,1328.95,1328.63,1328.63,-0.02,43.16,57670.65,-1
2024-03-31,2024-03-31 13:58:00,1328.63,1328.63,1328.32,1328.32,-0.02,43.16,57670.65,-1
2024-03-31,2024-03-31 13:59:00,1328.32,1328.32,1328.0,1328.0,-0.02,43.16,57670.65,-1
2024-03-31,2024-03-31 14:00:00,1328.0,1328.0,1327.68,1327.68,-0.02,43.16,57670.65,-1
2024-03-31,2024-03-31 14:01:00,1327.68,1327.68,1327.37,1327.37,-0.02,43.16,57670.65,-1
2024-03-31,2024-03-31 14:02:00,1327.37,1327.37,1327.05,1327.05,-0.02,43.16,57670.65,-1
2024-03-31,2024-03-31 14:03:00,1327.05,1327.05,1326.73,1326.73,-0.02,43.16,57670.65,-1
2024-03-31,2024-03-31 14:04:00,1326.73,1326.73,1326.42,1326.42,-0.02,43.16,57670.65,-1
2024-03-31,2024-03-31 14:05:00,1326.42,1326.42,1326.1,1326.1,-0.02,43.16,57670.65,-1
2024-03-31,2024-03-31 14:06:00,1326.1,1326.1,1325.78,1325.78,-0.02,43.16,57670.65,-1
2024-03-31,2024-03-31 14:07:00,1325.78,1325.78,1325.47,1325.47,-0.02,43.16,57670.65,-1
2024-03-31,2024-03-31 14:08:00,1325.47,1325.47,1325.15,1325.15,-0.02,43.16,57670.65,-1
2024-03-31,2024-03-31 14:09:00,1325.15,1325.15,1324.83,1324.83,-0.02,43.16,57670.65,-1
2024-03-31,2024-03-31 14:10:00,1324.83,1324.83,1324.52,1324.52,-0.02,43.16,57670.65,-1
2024-03-31,2024-03-31 14:11:00,1324.52,1324.52,1324.2,1324.2,-0.02,43.16,57670.65,-1
2024-03-31,2024-03-31 14:12:00,1324.2,1324.2,1323.88,1323.88,-0.02,43.16,57670.65,-1
2024-03-31,2024-03-31 14:13:00,1323.88,1323.88,1323.57,1323.57,-0.02,43.16,57670.65,-1
2024-03-31,2024-03-31 14:14:00,1323.57,1323.57,1323.25,1323.25,-0.02,43.16,57670.65,-1
2024-03-31,2024-03-31 14:15:00,1323.25,1323.25,1322.93,1322.93,-0.02,43.16,57670.65,-1
2024-03-31,2024-03-31 14:16:00,1322.93,1322.93,1322.62,1322.62,-0.02,43.16,57670.65,-1
2024-03-31,2024-03-31 14:17:00,1322.62,1322.62,1322.3,1322.3,-0.02,43.16,57670.65,-1
2024-03-31,2024-03-31 14:18:00,1322.3,1322.3,1321.98,1321.98,-0.02,43.16,57670.65,-1
2024-03-31,2024-03-31 14:19:00,1321.98,1321.98,1321.67,1321.67,-0.02,43.16,57670.65,-1
2024-03-31,2024-03-31 14:20:00,1321.67,1321.67,1321.35,1321.35,-0.02,43.16,57670.65,-1
2024-03-31,2024-03-31 14:21:00,1321.35,1321.35,1321.03,1321.03,-0.02,43.16,57670.65,-1
2024-03-31,2024-03-31 14:22:00,1321.03,1321.03,1320.72,1320.72,-0.02,43.16,57670.65,-1
2024-03-31,2024-03-31 14:23:00,1320.72,1320.72,1320.4,1320.4,-0.02,43.16,57670.65,-1
2024-03-31,2024-03-31 14:24:00,1320.4,1320.4,1320.08,1320.08,-0.02,43.16,57670.65,-1
2024-03-31,2024-03-31 14:25:00,1320.08,1320.08,1319.77,1319.77,-0.02,43.16,57670.65,-1
2024-03-31,2024-03-31 14:26:00,1319.77,1319.77,1319.45,1319.45,-0.02,43.16,57670.65,-1
2024-03-31,2024-03-31 14:27:00,1319.45,1319.45,1319.13,1319.13,-0.02,43.16,57670.65,-1
2024-03-31,2024-03-31 14:28:00,1319.13,1319.13,1318.82,1318.82,-0.02,43.16,57670.65,-1
2024-03-31,2024-03-31 14:29:00,1318.82,1318.82,1318.5,1318.5,-0.02,43.16,57670.65,-1
2024-03-31,2024-03-31 14:30:00,1318.5,1318.5,1318.18,1318.18,-0.02,43.16,57670.65,-1
2024-03-31,2024-03-31 14:31:00,1318.18,1318.18,1317.87,1317.87,-0.02,43.16,57670.65,-1
2024-03-31,2024-03-31 14:32:00,1317.87,1317.87,1317.55,1317.55,-0.02,43.16,57670.65,-1
2024-03-31,2024-03-31 14:33:00,1317.55,1317.55,1317.23,1317.23,-0.02,43.16,57670.65,-1
2024-03-31,2024-03-31 14:34:00,1317.23,1317.23,1316.92,1316.92,-0.02,43.16,57670.65,-1
2024-03-31,2024-03-31 14:35:00,1316.92,1316.92,1316.6,1316.6,-0.02,43.16,57670.65,-1
2024-03-31,2024-03-31 14:36:00,1316.6,1316.6,1316.28,1316.28,-0.02,43.16,57670.65,-1
2024-03-31,2024-03-31 14:37:00,1316.28,1316.28,1315.97,1315.97,-0.02,43.16,57670.65,-1
2024-03-31,2024-03-31 14:38:00,1315.97,1315.97,1315.65,1315.65,-0.02,43.16,57670.65,-1
2024-03-31,2024-03-31 14:39:00,1315.65,1315.65,1315.33,1315.33,-0.02,43.16,57670.65,-1
2024-03-31,2024-03-31 14:40:00,1315.33,1315.33,1315.02,1315.02,-0.02,43.16,57670.65,-1
2024-03-31,2024-03-31 14:41:00,1315.02,1315.02,1314.7,1314.7,-0.02,43.16,57670.65,-1
2024-03-31,2024-03-31 14:42:00,1314.7,1314.7,1314.38,1314.38,-0.02,43.16,57670.65,-1
2024-03-31,2024-03-31 14:43:00,1314.38,1314.38,1314.07,1314.07,-0.02,43.16,57670.65,-1
2024-03-31,2024-03-31 14:44:00,1314.07,1314.07,1313.75,1313.75,-0.02,43.16,57670.65,-1
2024-03-31,2024-03-31 14:45:00,1313.75,1313.75,1313.43,1313.43,-0.02,43.16,57670.65,-1
2024-03-31,2024-03-31 14:46:00,1313.43,1313.43,1313.12,1313.12,-0.02,43.16,57670.65,-1
2024-03-31,2024-03-31 14:47:00,1313.12,1313.12,1312.8,1312.8,-0.02,43.16,57670.65,-1
2024-03-31,2024-03-31 14:48:00,1312.8,1312.8,1312.48,1312.48,-0.02,43.16,57670.65,-1
2024-03-31,2024-03-31 14:49:00,1312.48,1312.48,1312.17,1312.17,-0.02,43.16,57670.65,-1
2024-03-31,2024-03-31 14:50:00,1312.17,1312.17,1311.85,1311.85,-0.02,43.16,57670.65,-1
2024-03-31,2024-03-31 14:51:00,1311.85,1311.85,1311.53,1311.53,-0.02,43.16,57670.65,-1
2024-03-31,2024-03-31 14:52:00,1311.53,1311.53,1311.22,1311.22,-0.02,43.16,57670.65,-1
2024-03-31,2024-03-31 14:53:00,1311.22,1311.22,1310.9,1310.9,-0.02,43.16,57670.65,-1
2024-03-31,2024-03-31 14:54:00,1310.9,1310.9,1310.58,1310.58,-0.02,43.16,57670.65,-1
2024-03-31,2024-03-31 14:55:00,1310.58,1310.58,1310.27,1310.27,-0.02,43.16,57670.65,-1
2024-03-31,2024-03-31 14:56:00,1310.27,1310.27,1309.95,1309.95,-0.02,43.16,57670.65,-1
2024-03-31,2024-03-31 14:57:00,1309.95,1309.95,1309.63,1309.63,-0.02,43.16,57670.65,-1
2024-03-31,2024-03-31 14:58:00,1309.63,1309.63,1309.32,1309.32,-0.02,43.16,57670.65,-1
2024-03-31,2024-03-31 14:59:00,1309.32,1309.32,1309.0,1309.0,-0.02,43.16,57670.65,-1
2024-03-31,2024-03-31 15:00:00,1309.0,1385.0,1309.0,1309.0,0.0,43.16,57670.65,0
2024-04-01,2024-04-01 11:00:00,1335.0,1350.0,1325.13,1335.0,0.0,27.51,36251.97,0
2024-04-01,2024-04-01 11:01:00,1335.0,1335.0,1335.0,1335.0,0.0,27.51,36251.97,0
2024-04-01,2024-04-01 11:02:00,1335.0,1335.0,1335.0,1335.0,0.0,27.51,36251.97,0
2024-04-01,2024-04-01 11:03:00,1335.0,1335.0,1335.0,1335.0,0.0,27.51,36251.97,0
2024-04-01,2024-04-01 11:04:00,1335.0,1335.0,1335.0,1335.0,0.0,27.51,36251.97,0
2024-04-01,2024-04-01 11:05:00,1335.0,1335.0,1335.0,1335.0,0.0,27.51,36251.97,0
2024-04-01,2024-04-01 11:06:00,1335.0,1335.0,1335.0,1335.0,0.0,27.51,36251.97,0
2024-04-01,2024-04-01 11:07:00,1335.0,1335.0,1335.0,1335.0,0.0,27.51,36251.97,0
2024-04-01,2024-04-01 11:08:00,1335.0,1335.0,1335.0,1335.0,0.0,27.51,36251.97,0
2024-04-01,2024-04-01 11:09:00,1335.0,1335.0,1335.0,1335.0,0.0,27.51,36251.97,0
2024-04-01,2024-04-01 11:10:00,1335.0,1335.0,1335.0,1335.0,0.0,27.51,36251.97,0
2024-04-01,2024-04-01 11:11:00,1335.0,1335.0,1335.0,1335.0,0.0,27.51,36251.97,0
2024-04-01,2024-04-01 11:12:00,1335.0,1335.0,1335.0,1335.0,0.0,27.51,36251.97,0
2024-04-01,2024-04-01 11:13:00,1335.0,1335.0,1335.0,1335.0,0.0,27.51,36251.97,0
2024-04-01,2024-04-01 11:14:00,1335.0,1335.0,1335.0,1335.0,0.0,27.51,36251.97,0
2024-04-01,2024-04-01 11:15:00,1335.0,1335.0,1335.0,1335.0,0.0,27.51,36251.97,0
2024-04-01,2024-04-01 11:16:00,1335.0,1335.0,1335.0,1335.0,0.0,27.51,36251.97,0
2024-04-01,2024-04-01 11:17:00,1335.0,1335.0,1335.0,1335.0,0.0,27.51,36251.97,0
2024-04-01,2024-04-01 11:18:00,1335.0,1335.0,1335.0,1335.0,0.0,27.51,36251.97,0
2024-04-01,2024-04-01 11:19:00,1335.0,1335.0,1335.0,1335.0,0.0,27.51,36251.97,0
2024-04-01,2024-04-01 11:20:00,1335.0,1335.0,1335.0,1335.0,0.0,27.51,36251.97,0
2024-04-01,2024-04-01 11:21:00,1335.0,1335.0,1335.0,1335.0,0.0,27.51,36251.97,0
2024-04-01,2024-04-01 11:22:00,1335.0,1335.0,1335.0,1335.0,0.0,27.51,36251.97,0
2024-04-01,2024-04-01 11:23:00,1335.0,1335.0,1335.0,1335.0,0.0,27.51,36251.97,0
2024-04-01,2024-04-01 11:24:00,1335.0,1335.0,1335.0,1335.0,0.0,27.51,36251.97,0
2024-04-01,2024-04-01 11:25:00,1335.0,1335.0,1335.0,1335.0,0.0,27.51,36251.97,0
2024-04-01,2024-04-01 11:26:00,1335.0,1335.0,1335.0,1335.0,0.0,27.51,36251.97,0
2024-04-01,2024-04-01 11:27:00,1335.0,1335.0,1335.0,1335.0,0.0,27.51,36251.97,0
2024-04-01,2024-04-01 11:28:00,1335.0,1335.0,1335.0,1335.0,0.0,27.51,36251.97,0
2024-04-01,2024-04-01 11:29:00,1335.0,1335.0,1335.0,1335.0,0.0,27.51,36251.97,0
2024-04-01,2024-04-01 11:30:00,1335.0,1335.0,1335.0,1335.0,0.0,27.51,36251.97,0
2024-04-01,2024-04-01 11:31:00,1335.0,1335.0,1335.0,1335.0,0.0,27.51,36251.97,0
2024-04-01,2024-04-01 11:32:00,1335.0,1335.0,1335.0,1335.0,0.0,27.51,36251.97,0
2024-04-01,2024-04-01 11:33:00,1335.0,1335.0,1335.0,1335.0,0.0,27.51,36251.97,0
2024-04-01,2024-04-01 11:34:00,1335.0,1335.0,1335.0,1335.0,0.0,27.51,36251.97,0
2024-04-01,2024-04-01 11:35:00,1335.0,1335.0,1335.0,1335.0,0.0,27.51,36251.97,0
2024-04-01,2024-04-01 11:36:00,1335.0,1335.0,1335.0,1335.0,0.0,27.51,36251.97,0
2024-04-01,2024-04-01 11:37:00,1335.0,1335.0,1335.0,1335.0,0.0,27.51,36251.97,0
2024-04-01,2024-04-01 11:38:00,1335.0,1335.0,1335.0,1335.0,0.0,27.51,36251.97,0
2024-04-01,2024-04-01 11:39:00,1335.0,1335.0,1335.0,1335.0,0.0,27.51,36251.97,0
2024-04-01,2024-04-01 11:40:00,1335.0,1335.0,1335.0,1335.0,0.0,27.51,36251.97,0
2024-04-01,2024-04-01 11:41:00,1335.0,1335.0,1335.0,1335.0,0.0,27.51,36251.97,0
2024-04-01,2024-04-01 11:42:00,1335.0,1335.0,1335.0,1335.0,0.0,27.51,36251.97,0
2024-04-01,2024-04-01 11:43:00,1335.0,1335.0,1335.0,1335.0,0.0,27.51,36251.97,0
2024-04-01,2024-04-01 11:44:00,1335.0,1335.0,1335.0,1335.0,0.0,27.51,36251.97,0
2024-04-01,2024-04-01 11:45:00,1335.0,1335.0,1335.0,1335.0,0.0,27.51,36251.97,0
2024-04-01,2024-04-01 11:46:00,1335.0,1335.0,1335.0,1335.0,0.0,27.51,36251.97,0
2024-04-01,2024-04-01 11:47:00,1335.0,1335.0,1335.0,1335.0,0.0,27.51,36251.97,0
2024-04-01,2024-04-01 11:48:00,1335.0,1335.0,1335.0,1335.0,0.0,27.51,36251.97,0
2024-04-01,2024-04-01 11:49:00,1335.0,1335.0,1335.0,1335.0,0.0,27.51,36251.97,0
2024-04-01,2024-04-01 11:50:00,1335.0,1335.0,1335.0,1335.0,0.0,27.51,36251.97,0
2024-04-01,2024-04-01 11:51:00,1335.0,1335.0,1335.0,1335.0,0.0,27.51,36251.97,0
2024-04-01,2024-04-01 11:52:00,1335.0,1335.0,1335.0,1335.0,0.0,27.51,36251.97,0
2024-04-01,2024-04-01 11:53:00,1335.0,1335.0,1335.0,1335.0,0.0,27.51,36251.97,0
2024-04-01,2024-04-01 11:54:00,1335.0,1335.0,1335.0,1335.0,0.0,27.51,36251.97,0
2024-04-01,2024-04-01 11:55:00,1335.0,1335.0,1335.0,1335.0,0.0,27.51,36251.97,0
2024-04-01,2024-04-01 11:56:00,1335.0,1335.0,1335.0,1335.0,0.0,27.51,36251.97,0
2024-04-01,2024-04-01 11:57:00,1335.0,1335.0,1335.0,1335.0,0.0,27.51,36251.97,0
2024-04-01,2024-04-01 11:58:00,1335.0,1335.0,1335.0,1335.0,0.0,27.51,36251.97,0
2024-04-01,2024-04-01 11:59:00,1335.0,1335.0,1335.0,1335.0,0.0,27.51,36251.97,0
2024-04-01,2024-04-01 12:00:00,1335.0,1335.0,1335.0,1335.0,0.0,27.51,36251.97,0
2024-04-01,2024-04-01 12:01:00,1335.0,1335.0,1335.0,1335.0,0.0,27.51,36251.97,0
2024-04-01,2024-04-01 12:02:00,1335.0,1335.0,1335.0,1335.0,0.0,27.51,36251.97,0
2024-04-01,2024-04-01 12:03:00,1335.0,1335.0,1335.0,1335.0,0.0,27.51,36251.97,0
2024-04-01,2024-04-01 12:04:00,1335.0,1335.0,1335.0,1335.0,0.0,27.51,36251.97,0
2024-04-01,2024-04-01 12:05:00,1335.0,1335.0,1335.0,1335.0,0.0,27.51,36251.97,0
2024-04-01,2024-04-01 12:06:00,1335.0,1335.0,1335.0,1335.0,0.0,27.51,36251.97,0
2024-04-01,2024-04-01 12:07:00,1335.0,1335.0,1335.0,1335.0,0.0,27.51,36251.97,0
2024-04-01,2024-04-01 12:08:00,1335.0,1335.0,1335.0,1335.0,0.0,27.51,36251.97,0
2024-04-01,2024-04-01 12:09:00,1335.0,1335.0,1335.0,1335.0,0.0,27.51,36251.97,0
2024-04-01,2024-04-01 12:10:00,1335.0,1335.0,1335.0,1335.0,0.0,27.51,36251.97,0
2024-04-01,2024-04-01 12:11:00,1335.0,1335.0,1335.0,1335.0,0.0,27.51,36251.97,0
2024-04-01,2024-04-01 12:12:00,1335.0,1335.0,1335.0,1335.0,0.0,27.51,36251.97,0
2024-04-01,2024-04-01 12:13:00,1335.0,1335.0,1335.0,1335.0,0.0,27.51,36251.97,0
2024-04-01,2024-04-01 12:14:00,1335.0,1335.0,1335.0,1335.0,0.0,27.51,36251.97,0
2024-04-01,2024-04-01 12:15:00,1335.0,1335.0,1335.0,1335.0,0.0,27.51,36251.97,0
2024-04-01,2024-04-01 12:16:00,1335.0,1335.0,1335.0,1335.0,0.0,27.51,36251.97,0
2024-04-01,2024-04-01 12:17:00,1335.0,1335.0,1335.0,1335.0,0.0,27.51,36251.97,0
2024-04-01,2024-04-01 12:18:00,1335.0,1335.0,1335.0,1335.0,0.0,27.51,36251.97,0
2024-04-01,2024-04-01 12:19:00,1335.0,1335.0,1335.0,1335.0,0.0,27.51,36251.97,0
2024-04-01,2024-04-01 12:20:00,1335.0,1335.0,1335.0,1335.0,0.0,27.51,36251.97,0
2024-04-01,2024-04-01 12:21:00,1335.0,1335.0,1335.0,1335.0,0.0,27.51,36251.97,0
2024-04-01,2024-04-01 12:22:00,1335.0,1335.0,1335.0,1335.0,0.0,27.51,36251.97,0
2024-04-01,2024-04-01 12:23:00,1335.0,1335.0,1335.0,1335.0,0.0,27.51,36251.97,0
2024-04-01,2024-04-01 12:24:00,1335.0,1335.0,1335.0,1335.0,0.0,27.51,36251.97,0
2024-04-01,2024-04-01 12:25:00,1335.0,1335.0,1335.0,1335.0,0.0,27.51,36251.97,0
2024-04-01,2024-04-01 12:26:00,1335.0,1335.0,1335.0,1335.0,0.0,27.51,36251.97,0
2024-04-01,2024-04-01 12:27:00,1335.0,1335.0,1335.0,1335.0,0.0,27.51,36251.97,0
2024-04-01,2024-04-01 12:28:00,1335.0,1335.0,1335.0,1335.0,0.0,27.51,36251.97,0
2024-04-01,2024-04-01 12:29:00,1335.0,1335.0,1335.0,1335.0,0.0,27.51,36251.97,0
2024-04-01,2024-04-01 12:30:00,1335.0,1335.0,1335.0,1335.0,0.0,27.51,36251.97,0
2024-04-01,2024-04-01 12:31:00,1335.0,1335.0,1335.0,1335.0,0.0,27.51,36251.97,0
2024-04-01,2024-04-01 12:32:00,1335.0,1335.0,1335.0,1335.0,0.0,27.51,36251.97,0
2024-04-01,2024-04-01 12:33:00,1335.0,1335.0,1335.0,1335.0,0.0,27.51,36251.97,0
2024-04-01,2024-04-01 12:34:00,1335.0,1335.0,1335.0,1335.0,0.0,27.51,36251.97,0
2024-04-01,2024-04-01 12:35:00,1335.0,1335.0,1335.0,1335.0,0.0,27.51,36251.97,0
2024-04-01,2024-04-01 12:36:00,1335.0,1335.0,1335.0,1335.0,0.0,27.51,36251.97,0
2024-04-01,2024-04-01 12:37:00,1335.0,1335.0,1335.0,1335.0,0.0,27.51,36251.97,0
2024-04-01,2024-04-01 12:38:00,1335.0,1335.0,1335.0,1335.0,0.0,27.51,36251.97,0
2024-04-01,2024-04-01 12:39:00,1335.0,1335.0,1335.0,1335.0,0.0,27.51,36251.97,0
2024-04-01,2024-04-01 12:40:00,1335.0,1335.0,1335.0,1335.0,0.0,27.51,36251.97,0
2024-04-01,2024-04-01 12:41:00,1335.0,1335.0,1335.0,1335.0,0.0,27.51,36251.97,0
2024-04-01,2024-04-01 12:42:00,1335.0,1335.0,1335.0,1335.0,0.0,27.51,36251.97,0
2024-04-01,2024-04-01 12:43:00,1335.0,1335.0,1335.0,1335.0,0.0,27.51,36251.97,0
2024-04-01,2024-04-01 12:44:00,1335.0,1335.0,1335.0,1335.0,0.0,27.51,36251.97,0
2024-04-01,2024-04-01 12:45:00,1335.0,1335.0,1335.0,1335.0,0.0,27.51,36251.97,0
2024-04-01,2024-04-01 12:46:00,1335.0,1335.0,1335.0,1335.0,0.0,27.51,36251.97,0
2024-04-01,2024-04-01 12:47:00,1335.0,1335.0,1335.0,1335.0,0.0,27.51,36251.97,0
2024-04-01,2024-04-01 12:48:00,1335.0,1335.0,1335.0,1335.0,0.0,27.51,36251.97,0
2024-04-01,2024-04-01 12:49:00,1335.0,1335.0,1335.0,1335.0,0.0,27.51,36251.97,0
2024-04-01,2024-04-01 12:50:00,1335.0,1335.0,1335.0,1335.0,0.0,27.51,36251.97,0
2024-04-01,2024-04-01 12:51:00,1335.0,1335.0,1335.0,1335.0,0.0,27.51,36251.97,0
2024-04-01,2024-04-01 12:52:00,1335.0,1335.0,1335.0,1335.0,0.0,27.51,36251.97,0
2024-04-01,2024-04-01 12:53:00,1335.0,1335.0,1335.0,1335.0,0.0,27.51,36251.97,0
2024-04-01,2024-04-01 12:54:00,1335.0,1335.0,1335.0,1335.0,0.0,27.51,36251.97,0
2024-04-01,2024-04-01 12:55:00,1335.0,1335.0,1335.0,1335.0,0.0,27.51,36251.97,0
2024-04-01,2024-04-01 12:56:00,1335.0,1335.0,1335.0,1335.0,0.0,27.51,36251.97,0
2024-04-01,2024-04-01 12:57:00,1335.0,1335.0,1335.0,1335.0,0.0,27.51,36251.97,0
2024-04-01,2024-04-01 12:58:00,1335.0,1335.0,1335.0,1335.0,0.0,27.51,36251.97,0
2024-04-01,2024-04-01 12:59:00,1335.0,1335.0,1335.0,1335.0,0.0,27.51,36251.97,0
2024-04-01,2024-04-01 13:00:00,1335.0,1385.0,1302.1,1335.0,0.0,27.51,36251.97,0
2024-04-01,2024-04-01 13:01:00,1335.0,1335.0,1335.0,1335.0,0.0,27.51,36251.97,0
2024-04-01,2024-04-01 13:02:00,1335.0,1335.0,1335.0,1335.0,0.0,27.51,36251.97,0
2024-04-01,2024-04-01 13:03:00,1335.0,1335.0,1335.0,1335.0,0.0,27.51,36251.97,0
2024-04-01,2024-04-01 13:04:00,1335.0,1335.0,1335.0,1335.0,0.0,27.51,36251.97,0
2024-04-01,2024-04-01 13:05:00,1335.0,1335.0,1335.0,1335.0,0.0,27.51,36251.97,0
2024-04-01,2024-04-01 13:06:00,1335.0,1335.0,1335.0,1335.0,0.0,27.51,36251.97,0
2024-04-01,2024-04-01 13:07:00,1335.0,1335.0,1335.0,1335.0,0.0,27.51,36251.97,0
2024-04-01,2024-04-01 13:08:00,1335.0,1335.0,1335.0,1335.0,0.0,27.51,36251.97,0
2024-04-01,2024-04-01 13:09:00,1335.0,1335.0,1335.0,1335.0,0.0,27.51,36251.97,0
2024-04-01,2024-04-01 13:10:00,1335.0,1335.0,1335.0,1335.0,0.0,27.51,36251.97,0
2024-04-01,2024-04-01 13:11:00,1335.0,1335.0,1335.0,1335.0,0.0,27.51,36251.97,0
2024-04-01,2024-04-01 13:12:00,1335.0,1335.0,1335.0,1335.0,0.0,27.51,36251.97,0
2024-04-01,2024-04-01 13:13:00,1335.0,1335.0,1335.0,1335.0,0.0,27.51,36251.97,0
2024-04-01,2024-04-01 13:14:00,1335.0,1335.0,1335.0,1335.0,0.0,27.51,36251.97,0
2024-04-01,2024-04-01 13:15:00,1335.0,1335.0,1335.0,1335.0,0.0,27.51,36251.97,0
2024-04-01,2024-04-01 13:16:00,1335.0,1335.0,1335.0,1335.0,0.0,27.51,36251.97,0
2024-04-01,2024-04-01 13:17:00,1335.0,1335.0,1335.0,1335.0,0.0,27.51,36251.97,0
2024-04-01,2024-04-01 13:18:00,1335.0,1335.0,1335.0,1335.0,0.0,27.51,36251.97,0
2024-04-01,2024-04-01 13:19:00,1335.0,1335.0,1335.0,1335.0,0.0,27.51,36251.97,0
2024-04-01,2024-04-01 13:20:00,1335.0,1335.0,1335.0,1335.0,0.0,27.51,36251.97,0
2024-04-01,2024-04-01 13:21:00,1335.0,1335.0,1335.0,1335.0,0.0,27.51,36251.97,0
2024-04-01,2024-04-01 13:22:00,1335.0,1335.0,1335.0,1335.0,0.0,27.51,36251.97,0
2024-04-01,2024-04-01 13:23:00,1335.0,1335.0,1335.0,1335.0,0.0,27.51,36251.97,0
2024-04-01,2024-04-01 13:24:00,1335.0,1335.0,1335.0,1335.0,0.0,27.51,36251.97,0
2024-04-01,2024-04-01 13:25:00,1335.0,1335.0,1335.0,1335.0,0.0,27.51,36251.97,0
2024-04-01,2024-04-01 13:26:00,1335.0,1335.0,1335.0,1335.0,0.0,27.51,36251.97,0
2024-04-01,2024-04-01 13:27:00,1335.0,1335.0,1335.0,1335.0,0.0,27.51,36251.97,0
2024-04-01,2024-04-01 13:28:00,1335.0,1335.0,1335.0,1335.0,0.0,27.51,36251.97,0
2024-04-01,2024-04-01 13:29:00,1335.0,1335.0,1335.0,1335.0,0.0,27.51,36251.97,0
2024-04-01,2024-04-01 13:30:00,1335.0,1335.0,1335.0,1335.0,0.0,27.51,36251.97,0
2024-04-01,2024-04-01 13:31:00,1335.0,1335.0,1335.0,1335.0,0.0,27.51,36251.97,0
2024-04-01,2024-04-01 13:32:00,1335.0,1335.0,1335.0,1335.0,0.0,27.51,36251.97,0
2024-04-01,2024-04-01 13:33:00,1335.0,1335.0,1335.0,1335.0,0.0,27.51,36251.97,0
2024-04-01,2024-04-01 13:34:00,1335.0,1335.0,1335.0,1335.0,0.0,27.51,36251.97,0
2024-04-01,2024-04-01 13:35:00,1335.0,1335.0,1335.0,1335.0,0.0,27.51,36251.97,0
2024-04-01,2024-04-01 13:36:00,1335.0,1335.0,1335.0,1335.0,0.0,27.51,36251.97,0
2024-04-01,2024-04-01 13:37:00,1335.0,1335.0,1335.0,1335.0,0.0,27.51,36251.97,0
2024-04-01,2024-04-01 13:38:00,1335.0,1335.0,1335.0,1335.0,0.0,27.51,36251.97,0
2024-04-01,2024-04-01 13:39:00,1335.0,1335.0,1335.0,1335.0,0.0,27.51,36251.97,0
2024-04-01,2024-04-01 13:40:00,1335.0,1335.0,1335.0,1335.0,0.0,27.51,36251.97,0
2024-04-01,2024-04-01 13:41:00,1335.0,1335.0,1335.0,1335.0,0.0,27.51,36251.97,0
2024-04-01,2024-04-01 13:42:00,1335.0,1335.0,1335.0,1335.0,0.0,27.51,36251.97,0
2024-04-01,2024-04-01 13:43:00,1335.0,1335.0,1335.0,1335.0,0.0,27.51,36251.97,0
2024-04-01,2024-04-01 13:44:00,1335.0,1335.0,1335.0,1335.0,0.0,27.51,36251.97,0
2024-04-01,2024-04-01 13:45:00,1335.0,1335.0,1335.0,1335.0,0.0,27.51,36251.97,0
2024-04-01,2024-04-01 13:46:00,1335.0,1335.0,1335.0,1335.0,0.0,27.51,36251.97,0
2024-04-01,2024-04-01 13:47:00,1335.0,1335.0,1335.0,1335.0,0.0,27.51,36251.97,0
2024-04-01,2024-04-01 13:48:00,1335.0,1335.0,1335.0,1335.0,0.0,27.51,36251.97,0
2024-04-01,2024-04-01 13:49:00,1335.0,1335.0,1335.0,1335.0,0.0,27.51,36251.97,0
2024-04-01,2024-04-01 13:50:00,1335.0,1335.0,1335.0,1335.0,0.0,27.51,36251.97,0
2024-04-01,2024-04-01 13:51:00,1335.0,1335.0,1335.0,1335.0,0.0,27.51,36251.97,0
2024-04-01,2024-04-01 13:52:00,1335.0,1335.0,1335.0,1335.0,0.0,27.51,36251.97,0
2024-04-01,2024-04-01 13:53:00,1335.0,1335.0,1335.0,1335.0,0.0,27.51,36251.97,0
2024-04-01,2024-04-01 13:54:00,1335.0,1335.0,1335.0,1335.0,0.0,27.51,36251.97,0
2024-04-01,2024-04-01 13:55:00,1335.0,1335.0,1335.0,1335.0,0.0,27.51,36251.97,0
2024-04-01,2024-04-01 13:56:00,1335.0,1335.0,1335.0,1335.0,0.0,27.51,36251.97,0
2024-04-01,2024-04-01 13:57:00,1335.0,1335.0,1335.0,1335.0,0.0,27.51,36251.97,0
2024-04-01,2024-04-01 13:58:00,1335.0,1335.0,1335.0,1335.0,0.0,27.51,36251.97,0
2024-04-01,2024-04-01 13:59:00,1335.0,1335.0,1335.0,1335.0,0.0,27.51,36251.97,0
2024-04-01,2024-04-01 14:00:00,1335.0,1335.0,1335.0,1335.0,0.0,27.51,36251.97,0
2024-04-01,2024-04-01 14:01:00,1335.0,1335.0,1335.0,1335.0,0.0,27.51,36251.97,0
2024-04-01,2024-04-01 14:02:00,1335.0,1335.0,1335.0,1335.0,0.0,27.51,36251.97,0
2024-04-01,2024-04-01 14:03:00,1335.0,1335.0,1335.0,1335.0,0.0,27.51,36251.97,0
2024-04-01,2024-04-01 14:04:00,1335.0,1335.0,1335.0,1335.0,0.0,27.51,36251.97,0
2024-04-01,2024-04-01 14:05:00,1335.0,1335.0,1335.0,1335.0,0.0,27.51,36251.97,0
2024-04-01,2024-04-01 14:06:00,1335.0,1335.0,1335.0,1335.0,0.0,27.51,36251.97,0
2024-04-01,2024-04-01 14:07:00,1335.0,1335.0,1335.0,1335.0,0.0,27.51,36251.97,0
2024-04-01,2024-04-01 14:08:00,1335.0,1335.0,1335.0,1335.0,0.0,27.51,36251.97,0
2024-04-01,2024-04-01 14:09:00,1335.0,1335.0,1335.0,1335.0,0.0,27.51,36251.97,0
2024-04-01,2024-04-01 14:10:00,1335.0,1335.0,1335.0,1335.0,0.0,27.51,36251.97,0
2024-04-01,2024-04-01 14:11:00,1335.0,1335.0,1335.0,1335.0,0.0,27.51,36251.97,0
2024-04-01,2024-04-01 14:12:00,1335.0,1335.0,1335.0,1335.0,0.0,27.51,36251.97,0
2024-04-01,2024-04-01 14:13:00,1335.0,1335.0,1335.0,1335.0,0.0,27.51,36251.97,0
2024-04-01,2024-04-01 14:14:00,1335.0,1335.0,1335.0,1335.0,0.0,27.51,36251.97,0
2024-04-01,2024-04-01 14:15:00,1335.0,1335.0,1335.0,1335.0,0.0,27.51,36251.97,0
2024-04-01,2024-04-01 14:16:00,1335.0,1335.0,1335.0,1335.0,0.0,27.51,36251.97,0
2024-04-01,2024-04-01 14:17:00,1335.0,1335.0,1335.0,1335.0,0.0,27.51,36251.97,0
2024-04-01,2024-04-01 14:18:00,1335.0,1335.0,1335.0,1335.0,0.0,27.51,36251.97,0
2024-04-01,2024-04-01 14:19:00,1335.0,1335.0,1335.0,1335.0,0.0,27.51,36251.97,0
2024-04-01,2024-04-01 14:20:00,1335.0,1335.0,1335.0,1335.0,0.0,27.51,36251.97,0
2024-04-01,2024-04-01 14:21:00,1335.0,1335.0,1335.0,1335.0,0.0,27.51,36251.97,0
2024-04-01,2024-04-01 14:22:00,1335.0,1335.0,1335.0,1335.0,0.0,27.51,36251.97,0
2024-04-01,2024-04-01 14:23:00,1335.0,1335.0,1335.0,1335.0,0.0,27.51,36251.97,0
2024-04-01,2024-04-01 14:24:00,1335.0,1335.0,1335.0,1335.0,0.0,27.51,36251.97,0
2024-04-01,2024-04-01 14:25:00,1335.0,1335.0,1335.0,1335.0,0.0,27.51,36251.97,0
2024-04-01,2024-04-01 14:26:00,1335.0,1335.0,1335.0,1335.0,0.0,27.51,36251.97,0
2024-04-01,2024-04-01 14:27:00,1335.0,1335.0,1335.0,1335.0,0.0,27.51,36251.97,0
2024-04-01,2024-04-01 14:28:00,1335.0,1335.0,1335.0,1335.0,0.0,27.51,36251.97,0
2024-04-01,2024-04-01 14:29:00,1335.0,1335.0,1335.0,1335.0,0.0,27.51,36251.97,0
2024-04-01,2024-04-01 14:30:00,1335.0,1335.0,1335.0,1335.0,0.0,27.51,36251.97,0
2024-04-01,2024-04-01 14:31:00,1335.0,1335.0,1335.0,1335.0,0.0,27.51,36251.97,0
2024-04-01,2024-04-01 14:32:00,1335.0,1335.0,1335.0,1335.0,0.0,27.51,36251.97,0
2024-04-01,2024-04-01 14:33:00,1335.0,1335.0,1335.0,1335.0,0.0,27.51,36251.97,0
2024-04-01,2024-04-01 14:34:00,1335.0,1335.0,1335.0,1335.0,0.0,27.51,36251.97,0
2024-04-01,2024-04-01 14:35:00,1335.0,1335.0,1335.0,1335.0,0.0,27.51,36251.97,0
2024-04-01,2024-04-01 14:36:00,1335.0,1335.0,1335.0,1335.0,0.0,27.51,36251.97,0
2024-04-01,2024-04-01 14:37:00,1335.0,1335.0,1335.0,1335.0,0.0,27.51,36251.97,0
2024-04-01,2024-04-01 14:38:00,1335.0,1335.0,1335.0,1335.0,0.0,27.51,36251.97,0
2024-04-01,2024-04-01 14:39:00,1335.0,1335.0,1335.0,1335.0,0.0,27.51,36251.97,0
2024-04-01,2024-04-01 14:40:00,1335.0,1335.0,1335.0,1335.0,0.0,27.51,36251.97,0
2024-04-01,2024-04-01 14:41:00,1335.0,1335.0,1335.0,1335.0,0.0,27.51,36251.97,0
2024-04-01,2024-04-01 14:42:00,1335.0,1335.0,1335.0,1335.0,0.0,27.51,36251.97,0
2024-04-01,2024-04-01 14:43:00,1335.0,1335.0,1335.0,1335.0,0.0,27.51,36251.97,0
2024-04-01,2024-04-01 14:44:00,1335.0,1335.0,1335.0,1335.0,0.0,27.51,36251.97,0
2024-04-01,2024-04-01 14:45:00,1335.0,1335.0,1335.0,1335.0,0.0,27.51,36251.97,0
2024-04-01,2024-04-01 14:46:00,1335.0,1335.0,1335.0,1335.0,0.0,27.51,36251.97,0
2024-04-01,2024-04-01 14:47:00,1335.0,1335.0,1335.0,1335.0,0.0,27.51,36251.97,0
2024-04-01,2024-04-01 14:48:00,1335.0,1335.0,1335.0,1335.0,0.0,27.51,36251.97,0
2024-04-01,2024-04-01 14:49:00,1335.0,1335.0,1335.0,1335.0,0.0,27.51,36251.97,0
2024-04-01,2024-04-01 14:50:00,1335.0,1335.0,1335.0,1335.0,0.0,27.51,36251.97,0
2024-04-01,2024-04-01 14:51:00,1335.0,1335.0,1335.0,1335.0,0.0,27.51,36251.97,0
2024-04-01,2024-04-01 14:52:00,1335.0,1335.0,1335.0,1335.0,0.0,27.51,36251.97,0
2024-04-01,2024-04-01 14:53:00,1335.0,1335.0,1335.0,1335.0,0.0,27.51,36251.97,0
2024-04-01,2024-04-01 14:54:00,1335.0,1335.0,1335.0,1335.0,0.0,27.51,36251.97,0
2024-04-01,2024-04-01 14:55:00,1335.0,1335.0,1335.0,1335.0,0.0,27.51,36251.97,0
2024-04-01,2024-04-01 14:56:00,1335.0,1335.0,1335.0,1335.0,0.0,27.51,36251.97,0
2024-04-01,2024-04-01 14:57:00,1335.0,1335.0,1335.0,1335.0,0.0,27.51,36251.97,0
2024-04-01,2024-04-01 14:58:00,1335.0,1335.0,1335.0,1335.0,0.0,27.51,36251.97,0
2024-04-01,2024-04-01 14:59:00,1335.0,1335.0,1335.0,1335.0,0.0,27.51,36251.97,0
2024-04-01,2024-04-01 15:00:00,1335.0,1385.0,1302.1,1335.0,0.0,27.51,36251.97,0
2024-04-02,2024-04-02 11:00:00,1346.0,1346.0,1326.86,1345.98,-0.0,56.17,73241.26,-1
2024-04-02,2024-04-02 11:01:00,1345.98,1345.98,1345.96,1345.96,-0.0,56.17,73241.26,-1
2024-04-02,2024-04-02 11:02:00,1345.96,1345.96,1345.94,1345.94,-0.0,56.17,73241.26,-1
2024-04-02,2024-04-02 11:03:00,1345.94,1345.94,1345.92,1345.92,-0.0,56.17,73241.26,-1
2024-04-02,2024-04-02 11:04:00,1345.92,1345.92,1345.9,1345.9,-0.0,56.17,73241.26,-1
2024-04-02,2024-04-02 11:05:00,1345.9,1345.9,1345.88,1345.88,-0.0,56.17,73241.26,-1
2024-04-02,2024-04-02 11:06:00,1345.88,1345.88,1345.85,1345.85,-0.0,56.17,73241.26,-1
2024-04-02,2024-04-02 11:07:00,1345.85,1345.85,1345.83,1345.83,-0.0,56.17,73241.26,-1
2024-04-02,2024-04-02 11:08:00,1345.83,1345.83,1345.81,1345.81,-0.0,56.17,73241.26,-1
2024-04-02,2024-04-02 11:09:00,1345.81,1345.81,1345.79,1345.79,-0.0,56.17,73241.26,-1
2024-04-02,2024-04-02 11:10:00,1345.79,1345.79,1345.77,1345.77,-0.0,56.17,73241.26,-1
2024-04-02,2024-04-02 11:11:00,1345.77,1345.77,1345.75,1345.75,-0.0,56.17,73241.26,-1
2024-04-02,2024-04-02 11:12:00,1345.75,1345.75,1345.73,1345.73,-0.0,56.17,73241.26,-1
2024-04-02,2024-04-02 11:13:00,1345.73,1345.73,1345.71,1345.71,-0.0,56.17,73241.26,-1
2024-04-02,2024-04-02 11:14:00,1345.71,1345.71,1345.69,1345.69,-0.0,56.17,73241.26,-1
2024-04-02,2024-04-02 11:15:00,1345.69,1345.69,1345.67,1345.67,-0.0,56.17,73241.26,-1
2024-04-02,2024-04-02 11:16:00,1345.67,1345.67,1345.65,1345.65,-0.0,56.17,73241.26,-1
2024-04-02,2024-04-02 11:17:00,1345.65,1345.65,1345.62,1345.62,-0.0,56.17,73241.26,-1
2024-04-02,2024-04-02 11:18:00,1345.62,1345.62,1345.6,1345.6,-0.0,56.17,73241.26,-1
2024-04-02,2024-04-02 11:19:00,1345.6,1345.6,1345.58,1345.58,-0.0,56.17,73241.26,-1
2024-04-02,2024-04-02 11:20:00,1345.58,1345.58,1345.56,1345.56,-0.0,56.17,73241.26,-1
2024-04-02,2024-04-02 11:21:00,1345.56,1345.56,1345.54,1345.54,-0.0,56.17,73241.26,-1
2024-04-02,2024-04-02 11:22:00,1345.54,1345.54,1345.52,1345.52,-0.0,56.17,73241.26,-1
2024-04-02,2024-04-02 11:23:00,1345.52,1345.52,1345.5,1345.5,-0.0,56.17,73241.26,-1
2024-04-02,2024-04-02 11:24:00,1345.5,1345.5,1345.48,1345.48,-0.0,56.17,73241.26,-1
2024-04-02,2024-04-02 11:25:00,1345.48,1345.48,1345.46,1345.46,-0.0,56.17,73241.26,-1
2024-04-02,2024-04-02 11:26:00,1345.46,1345.46,1345.44,1345.44,-0.0,56.17,73241.26,-1
2024-04-02,2024-04-02 11:27:00,1345.44,1345.44,1345.42,1345.42,-0.0,56.17,73241.26,-1
2024-04-02,2024-04-02 11:28:00,1345.42,1345.42,1345.4,1345.4,-0.0,56.17,73241.26,-1
2024-04-02,2024-04-02 11:29:00,1345.4,1345.4,1345.38,1345.38,-0.0,56.17,73241.26,-1
2024-04-02,2024-04-02 11:30:00,1345.38,1345.38,1345.35,1345.35,-0.0,56.17,73241.26,-1
2024-04-02,2024-04-02 11:31:00,1345.35,1345.35,1345.33,1345.33,-0.0,56.17,73241.26,-1
2024-04-02,2024-04-02 11:32:00,1345.33,1345.33,1345.31,1345.31,-0.0,56.17,73241.26,-1
2024-04-02,2024-04-02 11:33:00,1345.31,1345.31,1345.29,1345.29,-0.0,56.17,73241.26,-1
2024-04-02,2024-04-02 11:34:00,1345.29,1345.29,1345.27,1345.27,-0.0,56.17,73241.26,-1
2024-04-02,2024-04-02 11:35:00,1345.27,1345.27,1345.25,1345.25,-0.0,56.17,73241.26,-1
2024-04-02,2024-04-02 11:36:00,1345.25,1345.25,1345.23,1345.23,-0.0,56.17,73241.26,-1
2024-04-02,2024-04-02 11:37:00,1345.23,1345.23,1345.21,1345.21,-0.0,56.17,73241.26,-1
2024-04-02,2024-04-02 11:38:00,1345.21,1345.21,1345.19,1345.19,-0.0,56.17,73241.26,-1
2024-04-02,2024-04-02 11:39:00,1345.19,1345.19,1345.17,1345.17,-0.0,56.17,73241.26,-1
2024-04-02,2024-04-02 11:40:00,1345.17,1345.17,1345.15,1345.15,-0.0,56.17,73241.26,-1
2024-04-02,2024-04-02 11:41:00,1345.15,1345.15,1345.12,1345.12,-0.0,56.17,73241.26,-1
2024-04-02,2024-04-02 11:42:00,1345.12,1345.12,1345.1,1345.1,-0.0,56.17,73241.26,-1
2024-04-02,2024-04-02 11:43:00,1345.1,1345.1,1345.08,1345.08,-0.0,56.17,73241.26,-1
2024-04-02,2024-04-02 11:44:00,1345.08,1345.08,1345.06,1345.06,-0.0,56.17,73241.26,-1
2024-04-02,2024-04-02 11:45:00,1345.06,1345.06,1345.04,1345.04,-0.0,56.17,73241.26,-1
2024-04-02,2024-04-02 11:46:00,1345.04,1345.04,1345.02,1345.02,-0.0,56.17,73241.26,-1
2024-04-02,2024-04-02 11:47:00,1345.02,1345.02,1345.0,1345.0,-0.0,56.17,73241.26,-1
2024-04-02,2024-04-02 11:48:00,1345.0,1345.0,1344.98,1344.98,-0.0,56.17,73241.26,-1
2024-04-02,2024-04-02 11:49:00,1344.98,1344.98,1344.96,1344.96,-0.0,56.17,73241.26,-1
2024-04-02,2024-04-02 11:50:00,1344.96,1344.96,1344.94,1344.94,-0.0,56.17,73241.26,-1
2024-04-02,2024-04-02 11:51:00,1344.94,1344.94,1344.92,1344.92,-0.0,56.17,73241.26,-1
2024-04-02,2024-04-02 11:52:00,1344.92,1344.92,1344.9,1344.9,-0.0,56.17,73241.26,-1
2024-04-02,2024-04-02 11:53:00,1344.9,1344.9,1344.88,1344.88,-0.0,56.17,73241.26,-1
2024-04-02,2024-04-02 11:54:00,1344.88,1344.88,1344.85,1344.85,-0.0,56.17,73241.26,-1
2024-04-02,2024-04-02 11:55:00,1344.85,1344.85,1344.83,1344.83,-0.0,56.17,73241.26,-1
2024-04-02,2024-04-02 11:56:00,1344.83,1344.83,1344.81,1344.81,-0.0,56.17,73241.26,-1
2024-04-02,2024-04-02 11:57:00,1344.81,1344.81,1344.79,1344.79,-0.0,56.17,73241.26,-1
2024-04-02,2024-04-02 11:58:00,1344.79,1344.79,1344.77,1344.77,-0.0,56.17,73241.26,-1
2024-04-02,2024-04-02 11:59:00,1344.77,1344.77,1344.75,1344.75,-0.0,56.17,73241.26,-1
2024-04-02,2024-04-02 12:00:00,1344.75,1344.75,1344.73,1344.73,-0.0,56.17,73241.26,-1
2024-04-02,2024-04-02 12:01:00,1344.73,1344.73,1344.71,1344.71,-0.0,56.17,73241.26,-1
2024-04-02,2024-04-02 12:02:00,1344.71,1344.71,1344.69,1344.69,-0.0,56.17,73241.26,-1
2024-04-02,2024-04-02 12:03:00,1344.69,1344.69,1344.67,1344.67,-0.0,56.17,73241.26,-1
2024-04-02,2024-04-02 12:04:00,1344.67,1344.67,1344.65,1344.65,-0.0,56.17,73241.26,-1
2024-04-02,2024-04-02 12:05:00,1344.65,1344.65,1344.62,1344.62,-0.0,56.17,73241.26,-1
2024-04-02,2024-04-02 12:06:00,1344.62,1344.62,1344.6,1344.6,-0.0,56.17,73241.26,-1
2024-04-02,2024-04-02 12:07:00,1344.6,1344.6,1344.58,1344.58,-0.0,56.17,73241.26,-1
2024-04-02,2024-04-02 12:08:00,1344.58,1344.58,1344.56,1344.56,-0.0,56.17,73241.26,-1
2024-04-02,2024-04-02 12:09:00,1344.56,1344.56,1344.54,1344.54,-0.0,56.17,73241.26,-1
2024-04-02,2024-04-02 12:10:00,1344.54,1344.54,1344.52,1344.52,-0.0,56.17,73241.26,-1
2024-04-02,2024-04-02 12:11:00,1344.52,1344.52,1344.5,1344.5,-0.0,56.17,73241.26,-1
2024-04-02,2024-04-02 12:12:00,1344.5,1344.5,1344.48,1344.48,-0.0,56.17,73241.26,-1
2024-04-02,2024-04-02 12:13:00,1344.48,1344.48,1344.46,1344.46,-0.0,56.17,73241.26,-1
2024-04-02,2024-04-02 12:14:00,1344.46,1344.46,1344.44,1344.44,-0.0,56.17,73241.26,-1
2024-04-02,2024-04-02 12:15:00,1344.44,1344.44,1344.42,1344.42,-0.0,56.17,73241.26,-1
2024-04-02,2024-04-02 12:16:00,1344.42,1344.42,1344.4,1344.4,-0.0,56.17,73241.26,-1
2024-04-02,2024-04-02 12:17:00,1344.4,1344.4,1344.38,1344.38,-0.0,56.17,73241.26,-1
2024-04-02,2024-04-02 12:18:00,1344.38,1344.38,1344.35,1344.35,-0.0,56.17,73241.26,-1
2024-04-02,2024-04-02 12:19:00,1344.35,1344.35,1344.33,1344.33,-0.0,56.17,73241.26,-1
2024-04-02,2024-04-02 12:20:00,1344.33,1344.33,1344.31,1344.31,-0.0,56.17,73241.26,-1
2024-04-02,2024-04-02 12:21:00,1344.31,1344.31,1344.29,1344.29,-0.0,56.17,73241.26,-1
2024-04-02,2024-04-02 12:22:00,1344.29,1344.29,1344.27,1344.27,-0.0,56.17,73241.26,-1
2024-04-02,2024-04-02 12:23:00,1344.27,1344.27,1344.25,1344.25,-0.0,56.17,73241.26,-1
2024-04-02,2024-04-02 12:24:00,1344.25,1344.25,1344.23,1344.23,-0.0,56.17,73241.26,-1
2024-04-02,2024-04-02 12:25:00,1344.23,1344.23,1344.21,1344.21,-0.0,56.17,73241.26,-1
2024-04-02,2024-04-02 12:26:00,1344.21,1344.21,1344.19,1344.19,-0.0,56.17,73241.26,-1
2024-04-02,2024-04-02 12:27:00,1344.19,1344.19,1344.17,1344.17,-0.0,56.17,73241.26,-1
2024-04-02,2024-04-02 12:28:00,1344.17,1344.17,1344.15,1344.15,-0.0,56.17,73241.26,-1
2024-04-02,2024-04-02 12:29:00,1344.15,1344.15,1344.12,1344.12,-0.0,56.17,73241.26,-1
2024-04-02,2024-04-02 12:30:00,1344.12,1344.12,1344.1,1344.1,-0.0,56.17,73241.26,-1
2024-04-02,2024-04-02 12:31:00,1344.1,1344.1,1344.08,1344.08,-0.0,56.17,73241.26,-1
2024-04-02,2024-04-02 12:32:00,1344.08,1344.08,1344.06,1344.06,-0.0,56.17,73241.26,-1
2024-04-02,2024-04-02 12:33:00,1344.06,1344.06,1344.04,1344.04,-0.0,56.17,73241.26,-1
2024-04-02,2024-04-02 12:34:00,1344.04,1344.04,1344.02,1344.02,-0.0,56.17,73241.26,-1
2024-04-02,2024-04-02 12:35:00,1344.02,1344.02,1344.0,1344.0,-0.0,56.17,73241.26,-1
2024-04-02,2024-04-02 12:36:00,1344.0,1344.0,1343.98,1343.98,-0.0,56.17,73241.26,-1
2024-04-02,2024-04-02 12:37:00,1343.98,1343.98,1343.96,1343.96,-0.0,56.17,73241.26,-1
2024-04-02,2024-04-02 12:38:00,1343.96,1343.96,1343.94,1343.94,-0.0,56.17,73241.26,-1
2024-04-02,2024-04-02 12:39:00,1343.94,1343.94,1343.92,1343.92,-0.0,56.17,73241.26,-1
2024-04-02,2024-04-02 12:40:00,1343.92,1343.92,1343.9,1343.9,-0.0,56.17,73241.26,-1
2024-04-02,2024-04-02 12:41:00,1343.9,1343.9,1343.88,1343.88,-0.0,56.17,73241.26,-1
2024-04-02,2024-04-02 12:42:00,1343.88,1343.88,1343.85,1343.85,-0.0,56.17,73241.26,-1
2024-04-02,2024-04-02 12:43:00,1343.85,1343.85,1343.83,1343.83,-0.0,56.17,73241.26,-1
2024-04-02,2024-04-02 12:44:00,1343.83,1343.83,1343.81,1343.81,-0.0,56.17,73241.26,-1
2024-04-02,2024-04-02 12:45:00,1343.81,1343.81,1343.79,1343.79,-0.0,56.17,73241.26,-1
2024-04-02,2024-04-02 12:46:00,1343.79,1343.79,1343.77,1343.77,-0.0,56.17,73241.26,-1
2024-04-02,2024-04-02 12:47:00,1343.77,1343.77,1343.75,1343.75,-0.0,56.17,73241.26,-1
2024-04-02,2024-04-02 12:48:00,1343.75,1343.75,1343.73,1343.73,-0.0,56.17,73241.26,-1
2024-04-02,2024-04-02 12:49:00,1343.73,1343.73,1343.71,1343.71,-0.0,56.17,73241.26,-1
2024-04-02,2024-04-02 12:50:00,1343.71,1343.71,1343.69,1343.69,-0.0,56.17,73241.26,-1
2024-04-02,2024-04-02 12:51:00,1343.69,1343.69,1343.67,1343.67,-0.0,56.17,73241.26,-1
2024-04-02,2024-04-02 12:52:00,1343.67,1343.67,1343.65,1343.65,-0.0,56.17,73241.26,-1
2024-04-02,2024-04-02 12:53:00,1343.65,1343.65,1343.62,1343.62,-0.0,56.17,73241.26,-1
2024-04-02,2024-04-02 12:54:00,1343.62,1343.62,1343.6,1343.6,-0.0,56.17,73241.26,-1
2024-04-02,2024-04-02 12:55:00,1343.6,1343.6,1343.58,1343.58,-0.0,56.17,73241.26,-1
2024-04-02,2024-04-02 12:56:00,1343.58,1343.58,1343.56,1343.56,-0.0,56.17,73241.26,-1
2024-04-02,2024-04-02 12:57:00,1343.56,1343.56,1343.54,1343.54,-0.0,56.17,73241.26,-1
2024-04-02,2024-04-02 12:58:00,1343.54,1343.54,1343.52,1343.52,-0.0,56.17,73241.26,-1
2024-04-02,2024-04-02 12:59:00,1343.52,1343.52,1343.5,1343.5,-0.0,56.17,73241.26,-1
2024-04-02,2024-04-02 13:00:00,1343.5,1346.0,1282.2,1343.48,-0.0,56.17,73241.26,-1
2024-04-02,2024-04-02 13:01:00,1343.48,1343.48,1343.46,1343.46,-0.0,56.17,73241.26,-1
2024-04-02,2024-04-02 13:02:00,1343.46,1343.46,1343.44,1343.44,-0.0,56.17,73241.26,-1
2024-04-02,2024-04-02 13:03:00,1343.44,1343.44,1343.42,1343.42,-0.0,56.17,73241.26,-1
2024-04-02,2024-04-02 13:04:00,1343.42,1343.42,1343.4,1343.4,-0.0,56.17,73241.26,-1
2024-04-02,2024-04-02 13:05:00,1343.4,1343.4,1343.38,1343.38,-0.0,56.17,73241.26,-1
2024-04-02,2024-04-02 13:06:00,1343.38,1343.38,1343.35,1343.35,-0.0,56.17,73241.26,-1
2024-04-02,2024-04-02 13:07:00,1343.35,1343.35,1343.33,1343.33,-0.0,56.17,73241.26,-1
2024-04-02,2024-04-02 13:08:00,1343.33,1343.33,1343.31,1343.31,-0.0,56.17,73241.26,-1
2024-04-02,2024-04-02 13:09:00,1343.31,1343.31,1343.29,1343.29,-0.0,56.17,73241.26,-1
2024-04-02,2024-04-02 13:10:00,1343.29,1343.29,1343.27,1343.27,-0.0,56.17,73241.26,-1
2024-04-02,2024-04-02 13:11:00,1343.27,1343.27,1343.25,1343.25,-0.0,56.17,73241.26,-1
2024-04-02,2024-04-02 13:12:00,1343.25,1343.25,1343.23,1343.23,-0.0,56.17,73241.26,-1
2024-04-02,2024-04-02 13:13:00,1343.23,1343.23,1343.21,1343.21,-0.0,56.17,73241.26,-1
2024-04-02,2024-04-02 13:14:00,1343.21,1343.21,1343.19,1343.19,-0.0,56.17,73241.26,-1
2024-04-02,2024-04-02 13:15:00,1343.19,1343.19,1343.17,1343.17,-0.0,56.17,73241.26,-1
2024-04-02,2024-04-02 13:16:00,1343.17,1343.17,1343.15,1343.15,-0.0,56.17,73241.26,-1
2024-04-02,2024-04-02 13:17:00,1343.15,1343.15,1343.12,1343.12,-0.0,56.17,73241.26,-1
2024-04-02,2024-04-02 13:18:00,1343.12,1343.12,1343.1,1343.1,-0.0,56.17,73241.26,-1
2024-04-02,2024-04-02 13:19:00,1343.1,1343.1,1343.08,1343.08,-0.0,56.17,73241.26,-1
2024-04-02,2024-04-02 13:20:00,1343.08,1343.08,1343.06,1343.06,-0.0,56.17,73241.26,-1
2024-04-02,2024-04-02 13:21:00,1343.06,1343.06,1343.04,1343.04,-0.0,56.17,73241.26,-1
2024-04-02,2024-04-02 13:22:00,1343.04,1343.04,1343.02,1343.02,-0.0,56.17,73241.26,-1
2024-04-02,2024-04-02 13:23:00,1343.02,1343.02,1343.0,1343.0,-0.0,56.17,73241.26,-1
2024-04-02,2024-04-02 13:24:00,1343.0,1343.0,1342.98,1342.98,-0.0,56.17,73241.26,-1
2024-04-02,2024-04-02 13:25:00,1342.98,1342.98,1342.96,1342.96,-0.0,56.17,73241.26,-1
2024-04-02,2024-04-02 13:26:00,1342.96,1342.96,1342.94,1342.94,-0.0,56.17,73241.26,-1
2024-04-02,2024-04-02 13:27:00,1342.94,1342.94,1342.92,1342.92,-0.0,56.17,73241.26,-1
2024-04-02,2024-04-02 13:28:00,1342.92,1342.92,1342.9,1342.9,-0.0,56.17,73241.26,-1
2024-04-02,2024-04-02 13:29:00,1342.9,1342.9,1342.88,1342.88,-0.0,56.17,73241.26,-1
2024-04-02,2024-04-02 13:30:00,1342.88,1342.88,1342.85,1342.85,-0.0,56.17,73241.26,-1
2024-04-02,2024-04-02 13:31:00,1342.85,1342.85,1342.83,1342.83,-0.0,56.17,73241.26,-1
2024-04-02,2024-04-02 13:32:00,1342.83,1342.83,1342.81,1342.81,-0.0,56.17,73241.26,-1
2024-04-02,2024-04-02 13:33:00,1342.81,1342.81,1342.79,1342.79,-0.0,56.17,73241.26,-1
2024-04-02,2024-04-02 13:34:00,1342.79,1342.79,1342.77,1342.77,-0.0,56.17,73241.26,-1
2024-04-02,2024-04-02 13:35:00,1342.77,1342.77,1342.75,1342.75,-0.0,56.17,73241.26,-1
2024-04-02,2024-04-02 13:36:00,1342.75,1342.75,1342.73,1342.73,-0.0,56.17,73241.26,-1
2024-04-02,2024-04-02 13:37:00,1342.73,1342.73,1342.71,1342.71,-0.0,56.17,73241.26,-1
2024-04-02,2024-04-02 13:38:00,1342.71,1342.71,1342.69,1342.69,-0.0,56.17,73241.26,-1
2024-04-02,2024-04-02 13:39:00,1342.69,1342.69,1342.67,1342.67,-0.0,56.17,73241.26,-1
2024-04-02,2024-04-02 13:40:00,1342.67,1342.67,1342.65,1342.65,-0.0,56.17,73241.26,-1
2024-04-02,2024-04-02 13:41:00,1342.65,1342.65,1342.62,1342.62,-0.0,56.17,73241.26,-1
2024-04-02,2024-04-02 13:42:00,1342.62,1342.62,1342.6,1342.6,-0.0,56.17,73241.26,-1
2024-04-02,2024-04-02 13:43:00,1342.6,1342.6,1342.58,1342.58,-0.0,56.17,73241.26,-1
2024-04-02,2024-04-02 13:44:00,1342.58,1342.58,1342.56,1342.56,-0.0,56.17,73241.26,-1
2024-04-02,2024-04-02 13:45:00,1342.56,1342.56,1342.54,1342.54,-0.0,56.17,73241.26,-1
2024-04-02,2024-04-02 13:46:00,1342.54,1342.54,1342.52,1342.52,-0.0,56.17,73241.26,-1
2024-04-02,2024-04-02 13:47:00,1342.52,1342.52,1342.5,1342.5,-0.0,56.17,73241.26,-1
2024-04-02,2024-04-02 13:48:00,1342.5,1342.5,1342.48,1342.48,-0.0,56.17,73241.26,-1
2024-04-02,2024-04-02 13:49:00,1342.48,1342.48,1342.46,1342.46,-0.0,56.17,73241.26,-1
2024-04-02,2024-04-02 13:50:00,1342.46,1342.46,1342.44,1342.44,-0.0,56.17,73241.26,-1
2024-04-02,2024-04-02 13:51:00,1342.44,1342.44,1342.42,1342.42,-0.0,56.17,73241.26,-1
2024-04-02,2024-04-02 13:52:00,1342.42,1342.42,1342.4,1342.4,-0.0,56.17,73241.26,-1
2024-04-02,2024-04-02 13:53:00,1342.4,1342.4,1342.38,1342.38,-0.0,56.17,73241.26,-1
2024-04-02,2024-04-02 13:54:00,1342.38,1342.38,1342.35,1342.35,-0.0,56.17,73241.26,-1
2024-04-02,2024-04-02 13:55:00,1342.35,1342.35,1342.33,1342.33,-0.0,56.17,73241.26,-1
2024-04-02,2024-04-02 13:56:00,1342.33,1342.33,1342.31,1342.31,-0.0,56.17,73241.26,-1
2024-04-02,2024-04-02 13:57:00,1342.31,1342.31,1342.29,1342.29,-0.0,56.17,73241.26,-1
2024-04-02,2024-04-02 13:58:00,1342.29,1342.29,1342.27,1342.27,-0.0,56.17,73241.26,-1
2024-04-02,2024-04-02 13:59:00,1342.27,1342.27,1342.25,1342.25,-0.0,56.17,73241.26,-1
2024-04-02,2024-04-02 14:00:00,1342.25,1342.25,1342.23,1342.23,-0.0,56.17,73241.26,-1
2024-04-02,2024-04-02 14:01:00,1342.23,1342.23,1342.21,1342.21,-0.0,56.17,73241.26,-1
2024-04-02,2024-04-02 14:02:00,1342.21,1342.21,1342.19,1342.19,-0.0,56.17,73241.26,-1
2024-04-02,2024-04-02 14:03:00,1342.19,1342.19,1342.17,1342.17,-0.0,56.17,73241.26,-1
2024-04-02,2024-04-02 14:04:00,1342.17,1342.17,1342.15,1342.15,-0.0,56.17,73241.26,-1
2024-04-02,2024-04-02 14:05:00,1342.15,1342.15,1342.12,1342.12,-0.0,56.17,73241.26,-1
2024-04-02,2024-04-02 14:06:00,1342.12,1342.12,1342.1,1342.1,-0.0,56.17,73241.26,-1
2024-04-02,2024-04-02 14:07:00,1342.1,1342.1,1342.08,1342.08,-0.0,56.17,73241.26,-1
2024-04-02,2024-04-02 14:08:00,1342.08,1342.08,1342.06,1342.06,-0.0,56.17,73241.26,-1
2024-04-02,2024-04-02 14:09:00,1342.06,1342.06,1342.04,1342.04,-0.0,56.17,73241.26,-1
2024-04-02,2024-04-02 14:10:00,1342.04,1342.04,1342.02,1342.02,-0.0,56.17,73241.26,-1
2024-04-02,2024-04-02 14:11:00,1342.02,1342.02,1342.0,1342.0,-0.0,56.17,73241.26,-1
2024-04-02,2024-04-02 14:12:00,1342.0,1342.0,1341.98,1341.98,-0.0,56.17,73241.26,-1
2024-04-02,2024-04-02 14:13:00,1341.98,1341.98,1341.96,1341.96,-0.0,56.17,73241.26,-1
2024-04-02,2024-04-02 14:14:00,1341.96,1341.96,1341.94,1341.94,-0.0,56.17,73241.26,-1
2024-04-02,2024-04-02 14:15:00,1341.94,1341.94,1341.92,1341.92,-0.0,56.17,73241.26,-1
2024-04-02,2024-04-02 14:16:00,1341.92,1341.92,1341.9,1341.9,-0.0,56.17,73241.26,-1
2024-04-02,2024-04-02 14:17:00,1341.9,1341.9,1341.88,1341.88,-0.0,56.17,73241.26,-1
2024-04-02,2024-04-02 14:18:00,1341.88,1341.88,1341.85,1341.85,-0.0,56.17,73241.26,-1
2024-04-02,2024-04-02 14:19:00,1341.85,1341.85,1341.83,1341.83,-0.0,56.17,73241.26,-1
2024-04-02,2024-04-02 14:20:00,1341.83,1341.83,1341.81,1341.81,-0.0,56.17,73241.26,-1
2024-04-02,2024-04-02 14:21:00,1341.81,1341.81,1341.79,1341.79,-0.0,56.17,73241.26,-1
2024-04-02,2024-04-02 14:22:00,1341.79,1341.79,1341.77,1341.77,-0.0,56.17,73241.26,-1
2024-04-02,2024-04-02 14:23:00,1341.77,1341.77,1341.75,1341.75,-0.0,56.17,73241.26,-1
2024-04-02,2024-04-02 14:24:00,1341.75,1341.75,1341.73,1341.73,-0.0,56.17,73241.26,-1
2024-04-02,2024-04-02 14:25:00,1341.73,1341.73,1341.71,1341.71,-0.0,56.17,73241.26,-1
2024-04-02,2024-04-02 14:26:00,1341.71,1341.71,1341.69,1341.69,-0.0,56.17,73241.26,-1
2024-04-02,2024-04-02 14:27:00,1341.69,1341.69,1341.67,1341.67,-0.0,56.17,73241.26,-1
2024-04-02,2024-04-02 14:28:00,1341.67,1341.67,1341.65,1341.65,-0.0,56.17,73241.26,-1
2024-04-02,2024-04-02 14:29:00,1341.65,1341.65,1341.62,1341.62,-0.0,56.17,73241.26,-1
2024-04-02,2024-04-02 14:30:00,1341.62,1341.62,1341.6,1341.6,-0.0,56.17,73241.26,-1
2024-04-02,2024-04-02 14:31:00,1341.6,1341.6,1341.58,1341.58,-0.0,56.17,73241.26,-1
2024-04-02,2024-04-02 14:32:00,1341.58,1341.58,1341.56,1341.56,-0.0,56.17,73241.26,-1
2024-04-02,2024-04-02 14:33:00,1341.56,1341.56,1341.54,1341.54,-0.0,56.17,73241.26,-1
2024-04-02,2024-04-02 14:34:00,1341.54,1341.54,1341.52,1341.52,-0.0,56.17,73241.26,-1
2024-04-02,2024-04-02 14:35:00,1341.52,1341.52,1341.5,1341.5,-0.0,56.17,73241.26,-1
2024-04-02,2024-04-02 14:36:00,1341.5,1341.5,1341.48,1341.48,-0.0,56.17,73241.26,-1
2024-04-02,2024-04-02 14:37:00,1341.48,1341.48,1341.46,1341.46,-0.0,56.17,73241.26,-1
2024-04-02,2024-04-02 14:38:00,1341.46,1341.46,1341.44,1341.44,-0.0,56.17,73241.26,-1
2024-04-02,2024-04-02 14:39:00,1341.44,1341.44,1341.42,1341.42,-0.0,56.17,73241.26,-1
2024-04-02,2024-04-02 14:40:00,1341.42,1341.42,1341.4,1341.4,-0.0,56.17,73241.26,-1
2024-04-02,2024-04-02 14:41:00,1341.4,1341.4,1341.38,1341.38,-0.0,56.17,73241.26,-1
2024-04-02,2024-04-02 14:42:00,1341.38,1341.38,1341.35,1341.35,-0.0,56.17,73241.26,-1
2024-04-02,2024-04-02 14:43:00,1341.35,1341.35,1341.33,1341.33,-0.0,56.17,73241.26,-1
2024-04-02,2024-04-02 14:44:00,1341.33,1341.33,1341.31,1341.31,-0.0,56.17,73241.26,-1
2024-04-02,2024-04-02 14:45:00,1341.31,1341.31,1341.29,1341.29,-0.0,56.17,73241.26,-1
2024-04-02,2024-04-02 14:46:00,1341.29,1341.29,1341.27,1341.27,-0.0,56.17,73241.26,-1
2024-04-02,2024-04-02 14:47:00,1341.27,1341.27,1341.25,1341.25,-0.0,56.17,73241.26,-1
2024-04-02,2024-04-02 14:48:00,1341.25,1341.25,1341.23,1341.23,-0.0,56.17,73241.26,-1
2024-04-02,2024-04-02 14:49:00,1341.23,1341.23,1341.21,1341.21,-0.0,56.17,73241.26,-1
2024-04-02,2024-04-02 14:50:00,1341.21,1341.21,1341.19,1341.19,-0.0,56.17,73241.26,-1
2024-04-02,2024-04-02 14:51:00,1341.19,1341.19,1341.17,1341.17,-0.0,56.17,73241.26,-1
2024-04-02,2024-04-02 14:52:00,1341.17,1341.17,1341.15,1341.15,-0.0,56.17,73241.26,-1
2024-04-02,2024-04-02 14:53:00,1341.15,1341.15,1341.12,1341.12,-0.0,56.17,73241.26,-1
2024-04-02,2024-04-02 14:54:00,1341.12,1341.12,1341.1,1341.1,-0.0,56.17,73241.26,-1
2024-04-02,2024-04-02 14:55:00,1341.1,1341.1,1341.08,1341.08,-0.0,56.17,73241.26,-1
2024-04-02,2024-04-02 14:56:00,1341.08,1341.08,1341.06,1341.06,-0.0,56.17,73241.26,-1
2024-04-02,2024-04-02 14:57:00,1341.06,1341.06,1341.04,1341.04,-0.0,56.17,73241.26,-1
2024-04-02,2024-04-02 14:58:00,1341.04,1341.04,1341.02,1341.02,-0.0,56.17,73241.26,-1
2024-04-02,2024-04-02 14:59:00,1341.02,1341.02,1341.0,1341.0,-0.0,56.17,73241.26,-1
2024-04-02,2024-04-02 15:00:00,1341.0,1346.0,1282.2,1341.0,0.0,56.17,73241.26,0
2024-04-03,2024-04-03 11:00:00,1314.2,1336.94,1314.2,1314.45,0.02,49.45,67580.42,1
2024-04-03,2024-04-03 11:01:00,1314.45,1314.71,1314.45,1314.71,0.02,49.45,67580.42,1
2024-04-03,2024-04-03 11:02:00,1314.71,1314.96,1314.71,1314.96,0.02,49.45,67580.42,1
2024-04-03,2024-04-03 11:03:00,1314.96,1315.21,1314.96,1315.21,0.02,49.45,67580.42,1
2024-04-03,2024-04-03 11:04:00,1315.21,1315.47,1315.21,1315.47,0.02,49.45,67580.42,1
2024-04-03,2024-04-03 11:05:00,1315.47,1315.72,1315.47,1315.72,0.02,49.45,67580.42,1
2024-04-03,2024-04-03 11:06:00,1315.72,1315.97,1315.72,1315.97,0.02,49.45,67580.42,1
2024-04-03,2024-04-03 11:07:00,1315.97,1316.23,1315.97,1316.23,0.02,49.45,67580.42,1
2024-04-03,2024-04-03 11:08:00,1316.23,1316.48,1316.23,1316.48,0.02,49.45,67580.42,1
2024-04-03,2024-04-03 11:09:00,1316.48,1316.73,1316.48,1316.73,0.02,49.45,67580.42,1
2024-04-03,2024-04-03 11:10:00,1316.73,1316.99,1316.73,1316.99,0.02,49.45,67580.42,1
2024-04-03,2024-04-03 11:11:00,1316.99,1317.24,1316.99,1317.24,0.02,49.45,67580.42,1
2024-04-03,2024-04-03 11:12:00,1317.24,1317.49,1317.24,1317.49,0.02,49.45,67580.42,1
2024-04-03,2024-04-03 11:13:00,1317.49,1317.75,1317.49,1317.75,0.02,49.45,67580.42,1
2024-04-03,2024-04-03 11:14:00,1317.75,1318.0,1317.75,1318.0,0.02,49.45,67580.42,1
2024-04-03,2024-04-03 11:15:00,1318.0,1318.25,1318.0,1318.25,0.02,49.45,67580.42,1
2024-04-03,2024-04-03 11:16:00,1318.25,1318.51,1318.25,1318.51,0.02,49.45,67580.42,1
2024-04-03,2024-04-03 11:17:00,1318.51,1318.76,1318.51,1318.76,0.02,49.45,67580.42,1
2024-04-03,2024-04-03 11:18:00,1318.76,1319.01,1318.76,1319.01,0.02,49.45,67580.42,1
2024-04-03,2024-04-03 11:19:00,1319.01,1319.27,1319.01,1319.27,0.02,49.45,67580.42,1
2024-04-03,2024-04-03 11:20:00,1319.27,1319.52,1319.27,1319.52,0.02,49.45,67580.42,1
2024-04-03,2024-04-03 11:21:00,1319.52,1319.77,1319.52,1319.77,0.02,49.45,67580.42,1
2024-04-03,2024-04-03 11:22:00,1319.77,1320.03,1319.77,1320.03,0.02,49.45,67580.42,1
2024-04-03,2024-04-03 11:23:00,1320.03,1320.28,1320.03,1320.28,0.02,49.45,67580.42,1
2024-04-03,2024-04-03 11:24:00,1320.28,1320.53,1320.28,1320.53,0.02,49.45,67580.42,1
2024-04-03,2024-04-03 11:25:00,1320.53,1320.79,1320.53,1320.79,0.02,49.45,67580.42,1
2024-04-03,2024-04-03 11:26:00,1320.79,1321.04,1320.79,1321.04,0.02,49.45,67580.42,1
2024-04-03,2024-04-03 11:27:00,1321.04,1321.29,1321.04,1321.29,0.02,49.45,67580.42,1
2024-04-03,2024-04-03 11:28:00,1321.29,1321.55,1321.29,1321.55,0.02,49.45,67580.42,1
2024-04-03,2024-04-03 11:29:00,1321.55,1321.8,1321.55,1321.8,0.02,49.45,67580.42,1
2024-04-03,2024-04-03 11:30:00,1321.8,1322.05,1321.8,1322.05,0.02,49.45,67580.42,1
2024-04-03,2024-04-03 11:31:00,1322.05,1322.31,1322.05,1322.31,0.02,49.45,67580.42,1
2024-04-03,2024-04-03 11:32:00,1322.31,1322.56,1322.31,1322.56,0.02,49.45,67580.42,1
2024-04-03,2024-04-03 11:33:00,1322.56,1322.81,1322.56,1322.81,0.02,49.45,67580.42,1
2024-04-03,2024-04-03 11:34:00,1322.81,1323.07,1322.81,1323.07,0.02,49.45,67580.42,1
2024-04-03,2024-04-03 11:35:00,1323.07,1323.32,1323.07,1323.32,0.02,49.45,67580.42,1
2024-04-03,2024-04-03 11:36:00,1323.32,1323.57,1323.32,1323.57,0.02,49.45,67580.42,1
2024-04-03,2024-04-03 11:37:00,1323.57,1323.83,1323.57,1323.83,0.02,49.45,67580.42,1
2024-04-03,2024-04-03 11:38:00,1323.83,1324.08,1323.83,1324.08,0.02,49.45,67580.42,1
2024-04-03,2024-04-03 11:39:00,1324.08,1324.33,1324.08,1324.33,0.02,49.45,67580.42,1
2024-04-03,2024-04-03 11:40:00,1324.33,1324.59,1324.33,1324.59,0.02,49.45,67580.42,1
2024-04-03,2024-04-03 11:41:00,1324.59,1324.84,1324.59,1324.84,0.02,49.45,67580.42,1
2024-04-03,2024-04-03 11:42:00,1324.84,1325.09,1324.84,1325.09,0.02,49.45,67580.42,1
2024-04-03,2024-04-03 11:43:00,1325.09,1325.35,1325.09,1325.35,0.02,49.45,67580.42,1
2024-04-03,2024-04-03 11:44:00,1325.35,1325.6,1325.35,1325.6,0.02,49.45,67580.42,1
2024-04-03,2024-04-03 11:45:00,1325.6,1325.85,1325.6,1325.85,0.02,49.45,67580.42,1
2024-04-03,2024-04-03 11:46:00,1325.85,1326.11,1325.85,1326.11,0.02,49.45,67580.42,1
2024-04-03,2024-04-03 11:47:00,1326.11,1326.36,1326.11,1326.36,0.02,49.45,67580.42,1
2024-04-03,2024-04-03 11:48:00,1326.36,1326.61,1326.36,1326.61,0.02,49.45,67580.42,1
2024-04-03,2024-04-03 11:49:00,1326.61,1326.87,1326.61,1326.87,0.02,49.45,67580.42,1
2024-04-03,2024-04-03 11:50:00,1326.87,1327.12,1326.87,1327.12,0.02,49.45,67580.42,1
2024-04-03,2024-04-03 11:51:00,1327.12,1327.37,1327.12,1327.37,0.02,49.45,67580.42,1
2024-04-03,2024-04-03 11:52:00,1327.37,1327.63,1327.37,1327.63,0.02,49.45,67580.42,1
2024-04-03,2024-04-03 11:53:00,1327.63,1327.88,1327.63,1327.88,0.02,49.45,67580.42,1
2024-04-03,2024-04-03 11:54:00,1327.88,1328.13,1327.88,1328.13,0.02,49.45,67580.42,1
2024-04-03,2024-04-03 11:55:00,1328.13,1328.39,1328.13,1328.39,0.02,49.45,67580.42,1
2024-04-03,2024-04-03 11:56:00,1328.39,1328.64,1328.39,1328.64,0.02,49.45,67580.42,1
2024-04-03,2024-04-03 11:57:00,1328.64,1328.89,1328.64,1328.89,0.02,49.45,67580.42,1
2024-04-03,2024-04-03 11:58:00,1328.89,1329.15,1328.89,1329.15,0.02,49.45,67580.42,1
2024-04-03,2024-04-03 11:59:00,1329.15,1329.4,1329.15,1329.4,0.02,49.45,67580.42,1
2024-04-03,2024-04-03 12:00:00,1329.4,1329.65,1329.4,1329.65,0.02,49.45,67580.42,1
2024-04-03,2024-04-03 12:01:00,1329.65,1329.91,1329.65,1329.91,0.02,49.45,67580.42,1
2024-04-03,2024-04-03 12:02:00,1329.91,1330.16,1329.91,1330.16,0.02,49.45,67580.42,1
2024-04-03,2024-04-03 12:03:00,1330.16,1330.41,1330.16,1330.41,0.02,49.45,67580.42,1
2024-04-03,2024-04-03 12:04:00,1330.41,1330.67,1330.41,1330.67,0.02,49.45,67580.42,1
2024-04-03,2024-04-03 12:05:00,1330.67,1330.92,1330.67,1330.92,0.02,49.45,67580.42,1
2024-04-03,2024-04-03 12:06:00,1330.92,1331.17,1330.92,1331.17,0.02,49.45,67580.42,1
2024-04-03,2024-04-03 12:07:00,1331.17,1331.43,1331.17,1331.43,0.02,49.45,67580.42,1
2024-04-03,2024-04-03 12:08:00,1331.43,1331.68,1331.43,1331.68,0.02,49.45,67580.42,1
2024-04-03,2024-04-03 12:09:00,1331.68,1331.93,1331.68,1331.93,0.02,49.45,67580.42,1
2024-04-03,2024-04-03 12:10:00,1331.93,1332.19,1331.93,1332.19,0.02,49.45,67580.42,1
2024-04-03,2024-04-03 12:11:00,1332.19,1332.44,1332.19,1332.44,0.02,49.45,67580.42,1
2024-04-03,2024-04-03 12:12:00,1332.44,1332.69,1332.44,1332.69,0.02,49.45,67580.42,1
2024-04-03,2024-04-03 12:13:00,1332.69,1332.95,1332.69,1332.95,0.02,49.45,67580.42,1
2024-04-03,2024-04-03 12:14:00,1332.95,1333.2,1332.95,1333.2,0.02,49.45,67580.42,1
2024-04-03,2024-04-03 12:15:00,1333.2,1333.45,1333.2,1333.45,0.02,49.45,67580.42,1
2024-04-03,2024-04-03 12:16:00,1333.45,1333.71,1333.45,1333.71,0.02,49.45,67580.42,1
2024-04-03,2024-04-03 12:17:00,1333.71,1333.96,1333.71,1333.96,0.02,49.45,67580.42,1
2024-04-03,2024-04-03 12:18:00,1333.96,1334.21,1333.96,1334.21,0.02,49.45,67580.42,1
2024-04-03,2024-04-03 12:19:00,1334.21,1334.47,1334.21,1334.47,0.02,49.45,67580.42,1
2024-04-03,2024-04-03 12:20:00,1334.47,1334.72,1334.47,1334.72,0.02,49.45,67580.42,1
2024-04-03,2024-04-03 12:21:00,1334.72,1334.97,1334.72,1334.97,0.02,49.45,67580.42,1
2024-04-03,2024-04-03 12:22:00,1334.97,1335.23,1334.97,1335.23,0.02,49.45,67580.42,1
2024-04-03,2024-04-03 12:23:00,1335.23,1335.48,1335.23,1335.48,0.02,49.45,67580.42,1
2024-04-03,2024-04-03 12:24:00,1335.48,1335.73,1335.48,1335.73,0.02,49.45,67580.42,1
2024-04-03,2024-04-03 12:25:00,1335.73,1335.99,1335.73,1335.99,0.02,49.45,67580.42,1
2024-04-03,2024-04-03 12:26:00,1335.99,1336.24,1335.99,1336.24,0.02,49.45,67580.42,1
2024-04-03,2024-04-03 12:27:00,1336.24,1336.49,1336.24,1336.49,0.02,49.45,67580.42,1
2024-04-03,2024-04-03 12:28:00,1336.49,1336.75,1336.49,1336.75,0.02,49.45,67580.42,1
2024-04-03,2024-04-03 12:29:00,1336.75,1337.0,1336.75,1337.0,0.02,49.45,67580.42,1
2024-04-03,2024-04-03 12:30:00,1337.0,1337.25,1337.0,1337.25,0.02,49.45,67580.42,1
2024-04-03,2024-04-03 12:31:00,1337.25,1337.51,1337.25,1337.51,0.02,49.45,67580.42,1
2024-04-03,2024-04-03 12:32:00,1337.51,1337.76,1337.51,1337.76,0.02,49.45,67580.42,1
2024-04-03,2024-04-03 12:33:00,1337.76,1338.01,1337.76,1338.01,0.02,49.45,67580.42,1
2024-04-03,2024-04-03 12:34:00,1338.01,1338.27,1338.01,1338.27,0.02,49.45,67580.42,1
2024-04-03,2024-04-03 12:35:00,1338.27,1338.52,1338.27,1338.52,0.02,49.45,67580.42,1
2024-04-03,2024-04-03 12:36:00,1338.52,1338.77,1338.52,1338.77,0.02,49.45,67580.42,1
2024-04-03,2024-04-03 12:37:00,1338.77,1339.03,1338.77,1339.03,0.02,49.45,67580.42,1
2024-04-03,2024-04-03 12:38:00,1339.03,1339.28,1339.03,1339.28,0.02,49.45,67580.42,1
2024-04-03,2024-04-03 12:39:00,1339.28,1339.53,1339.28,1339.53,0.02,49.45,67580.42,1
2024-04-03,2024-04-03 12:40:00,1339.53,1339.79,1339.53,1339.79,0.02,49.45,67580.42,1
2024-04-03,2024-04-03 12:41:00,1339.79,1340.04,1339.79,1340.04,0.02,49.45,67580.42,1
2024-04-03,2024-04-03 12:42:00,1340.04,1340.29,1340.04,1340.29,0.02,49.45,67580.42,1
2024-04-03,2024-04-03 12:43:00,1340.29,1340.55,1340.29,1340.55,0.02,49.45,67580.42,1
2024-04-03,2024-04-03 12:44:00,1340.55,1340.8,1340.55,1340.8,0.02,49.45,67580.42,1
2024-04-03,2024-04-03 12:45:00,1340.8,1341.05,1340.8,1341.05,0.02,49.45,67580.42,1
2024-04-03,2024-04-03 12:46:00,1341.05,1341.31,1341.05,1341.31,0.02,49.45,67580.42,1
2024-04-03,2024-04-03 12:47:00,1341.31,1341.56,1341.31,1341.56,0.02,49.45,67580.42,1
2024-04-03,2024-04-03 12:48:00,1341.56,1341.81,1341.56,1341.81,0.02,49.45,67580.42,1
2024-04-03,2024-04-03 12:49:00,1341.81,1342.07,1341.81,1342.07,0.02,49.45,67580.42,1
2024-04-03,2024-04-03 12:50:00,1342.07,1342.32,1342.07,1342.32,0.02,49.45,67580.42,1
2024-04-03,2024-04-03 12:51:00,1342.32,1342.57,1342.32,1342.57,0.02,49.45,67580.42,1
2024-04-03,2024-04-03 12:52:00,1342.57,1342.83,1342.57,1342.83,0.02,49.45,67580.42,1
2024-04-03,2024-04-03 12:53:00,1342.83,1343.08,1342.83,1343.08,0.02,49.45,67580.42,1
2024-04-03,2024-04-03 12:54:00,1343.08,1343.33,1343.08,1343.33,0.02,49.45,67580.42,1
2024-04-03,2024-04-03 12:55:00,1343.33,1343.59,1343.33,1343.59,0.02,49.45,67580.42,1
2024-04-03,2024-04-03 12:56:00,1343.59,1343.84,1343.59,1343.84,0.02,49.45,67580.42,1
2024-04-03,2024-04-03 12:57:00,1343.84,1344.09,1343.84,1344.09,0.02,49.45,67580.42,1
2024-04-03,2024-04-03 12:58:00,1344.09,1344.35,1344.09,1344.35,0.02,49.45,67580.42,1
2024-04-03,2024-04-03 12:59:00,1344.35,1344.6,1344.35,1344.6,0.02,49.45,67580.42,1
2024-04-03,2024-04-03 13:00:00,1344.6,1390.0,1314.2,1344.85,0.02,49.45,67580.42,1
2024-04-03,2024-04-03 13:01:00,1344.85,1345.11,1344.85,1345.11,0.02,49.45,67580.42,1
2024-04-03,2024-04-03 13:02:00,1345.11,1345.36,1345.11,1345.36,0.02,49.45,67580.42,1
2024-04-03,2024-04-03 13:03:00,1345.36,1345.61,1345.36,1345.61,0.02,49.45,67580.42,1
2024-04-03,2024-04-03 13:04:00,1345.61,1345.87,1345.61,1345.87,0.02,49.45,67580.42,1
2024-04-03,2024-04-03 13:05:00,1345.87,1346.12,1345.87,1346.12,0.02,49.45,67580.42,1
2024-04-03,2024-04-03 13:06:00,1346.12,1346.37,1346.12,1346.37,0.02,49.45,67580.42,1
2024-04-03,2024-04-03 13:07:00,1346.37,1346.63,1346.37,1346.63,0.02,49.45,67580.42,1
2024-04-03,2024-04-03 13:08:00,1346.63,1346.88,1346.63,1346.88,0.02,49.45,67580.42,1
2024-04-03,2024-04-03 13:09:00,1346.88,1347.13,1346.88,1347.13,0.02,49.45,67580.42,1
2024-04-03,2024-04-03 13:10:00,1347.13,1347.39,1347.13,1347.39,0.02,49.45,67580.42,1
2024-04-03,2024-04-03 13:11:00,1347.39,1347.64,1347.39,1347.64,0.02,49.45,67580.42,1
2024-04-03,2024-04-03 13:12:00,1347.64,1347.89,1347.64,1347.89,0.02,49.45,67580.42,1
2024-04-03,2024-04-03 13:13:00,1347.89,1348.15,1347.89,1348.15,0.02,49.45,67580.42,1
2024-04-03,2024-04-03 13:14:00,1348.15,1348.4,1348.15,1348.4,0.02,49.45,67580.42,1
2024-04-03,2024-04-03 13:15:00,1348.4,1348.65,1348.4,1348.65,0.02,49.45,67580.42,1
2024-04-03,2024-04-03 13:16:00,1348.65,1348.91,1348.65,1348.91,0.02,49.45,67580.42,1
2024-04-03,2024-04-03 13:17:00,1348.91,1349.16,1348.91,1349.16,0.02,49.45,67580.42,1
2024-04-03,2024-04-03 13:18:00,1349.16,1349.41,1349.16,1349.41,0.02,49.45,67580.42,1
2024-04-03,2024-04-03 13:19:00,1349.41,1349.67,1349.41,1349.67,0.02,49.45,67580.42,1
2024-04-03,2024-04-03 13:20:00,1349.67,1349.92,1349.67,1349.92,0.02,49.45,67580.42,1
2024-04-03,2024-04-03 13:21:00,1349.92,1350.17,1349.92,1350.17,0.02,49.45,67580.42,1
2024-04-03,2024-04-03 13:22:00,1350.17,1350.43,1350.17,1350.43,0.02,49.45,67580.42,1
2024-04-03,2024-04-03 13:23:00,1350.43,1350.68,1350.43,1350.68,0.02,49.45,67580.42,1
2024-04-03,2024-04-03 13:24:00,1350.68,1350.93,1350.68,1350.93,0.02,49.45,67580.42,1
2024-04-03,2024-04-03 13:25:00,1350.93,1351.19,1350.93,1351.19,0.02,49.45,67580.42,1
2024-04-03,2024-04-03 13:26:00,1351.19,1351.44,1351.19,1351.44,0.02,49.45,67580.42,1
2024-04-03,2024-04-03 13:27:00,1351.44,1351.69,1351.44,1351.69,0.02,49.45,67580.42,1
2024-04-03,2024-04-03 13:28:00,1351.69,1351.95,1351.69,1351.95,0.02,49.45,67580.42,1
2024-04-03,2024-04-03 13:29:00,1351.95,1352.2,1351.95,1352.2,0.02,49.45,67580.42,1
2024-04-03,2024-04-03 13:30:00,1352.2,1352.45,1352.2,1352.45,0.02,49.45,67580.42,1
2024-04-03,2024-04-03 13:31:00,1352.45,1352.71,1352.45,1352.71,0.02,49.45,67580.42,1
2024-04-03,2024-04-03 13:32:00,1352.71,1352.96,1352.71,1352.96,0.02,49.45,67580.42,1
2024-04-03,2024-04-03 13:33:00,1352.96,1353.21,1352.96,1353.21,0.02,49.45,67580.42,1
2024-04-03,2024-04-03 13:34:00,1353.21,1353.47,1353.21,1353.47,0.02,49.45,67580.42,1
2024-04-03,2024-04-03 13:35:00,1353.47,1353.72,1353.47,1353.72,0.02,49.45,67580.42,1
2024-04-03,2024-04-03 13:36:00,1353.72,1353.97,1353.72,1353.97,0.02,49.45,67580.42,1
2024-04-03,2024-04-03 13:37:00,1353.97,1354.23,1353.97,1354.23,0.02,49.45,67580.42,1
2024-04-03,2024-04-03 13:38:00,1354.23,1354.48,1354.23,1354.48,0.02,49.45,67580.42,1
2024-04-03,2024-04-03 13:39:00,1354.48,1354.73,1354.48,1354.73,0.02,49.45,67580.42,1
2024-04-03,2024-04-03 13:40:00,1354.73,1354.99,1354.73,1354.99,0.02,49.45,67580.42,1
2024-04-03,2024-04-03 13:41:00,1354.99,1355.24,1354.99,1355.24,0.02,49.45,67580.42,1
2024-04-03,2024-04-03 13:42:00,1355.24,1355.49,1355.24,1355.49,0.02,49.45,67580.42,1
2024-04-03,2024-04-03 13:43:00,1355.49,1355.75,1355.49,1355.75,0.02,49.45,67580.42,1
2024-04-03,2024-04-03 13:44:00,1355.75,1356.0,1355.75,1356.0,0.02,49.45,67580.42,1
2024-04-03,2024-04-03 13:45:00,1356.0,1356.25,1356.0,1356.25,0.02,49.45,67580.42,1
2024-04-03,2024-04-03 13:46:00,1356.25,1356.51,1356.25,1356.51,0.02,49.45,67580.42,1
2024-04-03,2024-04-03 13:47:00,1356.51,1356.76,1356.51,1356.76,0.02,49.45,67580.42,1
2024-04-03,2024-04-03 13:48:00,1356.76,1357.01,1356.76,1357.01,0.02,49.45,67580.42,1
2024-04-03,2024-04-03 13:49:00,1357.01,1357.27,1357.01,1357.27,0.02,49.45,67580.42,1
2024-04-03,2024-04-03 13:50:00,1357.27,1357.52,1357.27,1357.52,0.02,49.45,67580.42,1
2024-04-03,2024-04-03 13:51:00,1357.52,1357.77,1357.52,1357.77,0.02,49.45,67580.42,1
2024-04-03,2024-04-03 13:52:00,1357.77,1358.03,1357.77,1358.03,0.02,49.45,67580.42,1
2024-04-03,2024-04-03 13:53:00,1358.03,1358.28,1358.03,1358.28,0.02,49.45,67580.42,1
2024-04-03,2024-04-03 13:54:00,1358.28,1358.53,1358.28,1358.53,0.02,49.45,67580.42,1
2024-04-03,2024-04-03 13:55:00,1358.53,1358.79,1358.53,1358.79,0.02,49.45,67580.42,1
2024-04-03,2024-04-03 13:56:00,1358.79,1359.04,1358.79,1359.04,0.02,49.45,67580.42,1
2024-04-03,2024-04-03 13:57:00,1359.04,1359.29,1359.04,1359.29,0.02,49.45,67580.42,1
2024-04-03,2024-04-03 13:58:00,1359.29,1359.55,1359.29,1359.55,0.02,49.45,67580.42,1
2024-04-03,2024-04-03 13:59:00,1359.55,1359.8,1359.55,1359.8,0.02,49.45,67580.42,1
2024-04-03,2024-04-03 14:00:00,1359.8,1360.05,1359.8,1360.05,0.02,49.45,67580.42,1
2024-04-03,2024-04-03 14:01:00,1360.05,1360.31,1360.05,1360.31,0.02,49.45,67580.42,1
2024-04-03,2024-04-03 14:02:00,1360.31,1360.56,1360.31,1360.56,0.02,49.45,67580.42,1
2024-04-03,2024-04-03 14:03:00,1360.56,1360.81,1360.56,1360.81,0.02,49.45,67580.42,1
2024-04-03,2024-04-03 14:04:00,1360.81,1361.07,1360.81,1361.07,0.02,49.45,67580.42,1
2024-04-03,2024-04-03 14:05:00,1361.07,1361.32,1361.07,1361.32,0.02,49.45,67580.42,1
2024-04-03,2024-04-03 14:06:00,1361.32,1361.57,1361.32,1361.57,0.02,49.45,67580.42,1
2024-04-03,2024-04-03 14:07:00,1361.57,1361.83,1361.57,1361.83,0.02,49.45,67580.42,1
2024-04-03,2024-04-03 14:08:00,1361.83,1362.08,1361.83,1362.08,0.02,49.45,67580.42,1
2024-04-03,2024-04-03 14:09:00,1362.08,1362.33,1362.08,1362.33,0.02,49.45,67580.42,1
2024-04-03,2024-04-03 14:10:00,1362.33,1362.59,1362.33,1362.59,0.02,49.45,67580.42,1
2024-04-03,2024-04-03 14:11:00,1362.59,1362.84,1362.59,1362.84,0.02,49.45,67580.42,1
2024-04-03,2024-04-03 14:12:00,1362.84,1363.09,1362.84,1363.09,0.02,49.45,67580.42,1
2024-04-03,2024-04-03 14:13:00,1363.09,1363.35,1363.09,1363.35,0.02,49.45,67580.42,1
2024-04-03,2024-04-03 14:14:00,1363.35,1363.6,1363.35,1363.6,0.02,49.45,67580.42,1
2024-04-03,2024-04-03 14:15:00,1363.6,1363.85,1363.6,1363.85,0.02,49.45,67580.42,1
2024-04-03,2024-04-03 14:16:00,1363.85,1364.11,1363.85,1364.11,0.02,49.45,67580.42,1
2024-04-03,2024-04-03 14:17:00,1364.11,1364.36,1364.11,1364.36,0.02,49.45,67580.42,1
2024-04-03,2024-04-03 14:18:00,1364.36,1364.61,1364.36,1364.61,0.02,49.45,67580.42,1
2024-04-03,2024-04-03 14:19:00,1364.61,1364.87,1364.61,1364.87,0.02,49.45,67580.42,1
2024-04-03,2024-04-03 14:20:00,1364.87,1365.12,1364.87,1365.12,0.02,49.45,67580.42,1
2024-04-03,2024-04-03 14:21:00,1365.12,1365.37,1365.12,1365.37,0.02,49.45,67580.42,1
2024-04-03,2024-04-03 14:22:00,1365.37,1365.63,1365.37,1365.63,0.02,49.45,67580.42,1
2024-04-03,2024-04-03 14:23:00,1365.63,1365.88,1365.63,1365.88,0.02,49.45,67580.42,1
2024-04-03,2024-04-03 14:24:00,1365.88,1366.13,1365.88,1366.13,0.02,49.45,67580.42,1
2024-04-03,2024-04-03 14:25:00,1366.13,1366.39,1366.13,1366.39,0.02,49.45,67580.42,1
2024-04-03,2024-04-03 14:26:00,1366.39,1366.64,1366.39,1366.64,0.02,49.45,67580.42,1
2024-04-03,2024-04-03 14:27:00,1366.64,1366.89,1366.64,1366.89,0.02,49.45,67580.42,1
2024-04-03,2024-04-03 14:28:00,1366.89,1367.15,1366.89,1367.15,0.02,49.45,67580.42,1
2024-04-03,2024-04-03 14:29:00,1367.15,1367.4,1367.15,1367.4,0.02,49.45,67580.42,1
2024-04-03,2024-04-03 14:30:00,1367.4,1367.65,1367.4,1367.65,0.02,49.45,67580.42,1
2024-04-03,2024-04-03 14:31:00,1367.65,1367.91,1367.65,1367.91,0.02,49.45,67580.42,1
2024-04-03,2024-04-03 14:32:00,1367.91,1368.16,1367.91,1368.16,0.02,49.45,67580.42,1
2024-04-03,2024-04-03 14:33:00,1368.16,1368.41,1368.16,1368.41,0.02,49.45,67580.42,1
2024-04-03,2024-04-03 14:34:00,1368.41,1368.67,1368.41,1368.67,0.02,49.45,67580.42,1
2024-04-03,2024-04-03 14:35:00,1368.67,1368.92,1368.67,1368.92,0.02,49.45,67580.42,1
2024-04-03,2024-04-03 14:36:00,1368.92,1369.17,1368.92,1369.17,0.02,49.45,67580.42,1
2024-04-03,2024-04-03 14:37:00,1369.17,1369.43,1369.17,1369.43,0.02,49.45,67580.42,1
2024-04-03,2024-04-03 14:38:00,1369.43,1369.68,1369.43,1369.68,0.02,49.45,67580.42,1
2024-04-03,2024-04-03 14:39:00,1369.68,1369.93,1369.68,1369.93,0.02,49.45,67580.42,1
2024-04-03,2024-04-03 14:40:00,1369.93,1370.19,1369.93,1370.19,0.02,49.45,67580.42,1
2024-04-03,2024-04-03 14:41:00,1370.19,1370.44,1370.19,1370.44,0.02,49.45,67580.42,1
2024-04-03,2024-04-03 14:42:00,1370.44,1370.69,1370.44,1370.69,0.02,49.45,67580.42,1
2024-04-03,2024-04-03 14:43:00,1370.69,1370.95,1370.69,1370.95,0.02,49.45,67580.42,1
2024-04-03,2024-04-03 14:44:00,1370.95,1371.2,1370.95,1371.2,0.02,49.45,67580.42,1
2024-04-03,2024-04-03 14:45:00,1371.2,1371.45,1371.2,1371.45,0.02,49.45,67580.42,1
2024-04-03,2024-04-03 14:46:00,1371.45,1371.71,1371.45,1371.71,0.02,49.45,67580.42,1
2024-04-03,2024-04-03 14:47:00,1371.71,1371.96,1371.71,1371.96,0.02,49.45,67580.42,1
2024-04-03,2024-04-03 14:48:00,1371.96,1372.21,1371.96,1372.21,0.02,49.45,67580.42,1
2024-04-03,2024-04-03 14:49:00,1372.21,1372.47,1372.21,1372.47,0.02,49.45,67580.42,1
2024-04-03,2024-04-03 14:50:00,1372.47,1372.72,1372.47,1372.72,0.02,49.45,67580.42,1
2024-04-03,2024-04-03 14:51:00,1372.72,1372.97,1372.72,1372.97,0.02,49.45,67580.42,1
2024-04-03,2024-04-03 14:52:00,1372.97,1373.23,1372.97,1373.23,0.02,49.45,67580.42,1
2024-04-03,2024-04-03 14:53:00,1373.23,1373.48,1373.23,1373.48,0.02,49.45,67580.42,1
2024-04-03,2024-04-03 14:54:00,1373.48,1373.73,1373.48,1373.73,0.02,49.45,67580.42,1
2024-04-03,2024-04-03 14:55:00,1373.73,1373.99,1373.73,1373.99,0.02,49.45,67580.42,1
2024-04-03,2024-04-03 14:56:00,1373.99,1374.24,1373.99,1374.24,0.02,49.45,67580.42,1
2024-04-03,2024-04-03 14:57:00,1374.24,1374.49,1374.24,1374.49,0.02,49.45,67580.42,1
2024-04-03,2024-04-03 14:58:00,1374.49,1374.75,1374.49,1374.75,0.02,49.45,67580.42,1
2024-04-03,2024-04-03 14:59:00,1374.75,1375.0,1374.75,1375.0,0.02,49.45,67580.42,1
2024-04-03,2024-04-03 15:00:00,1375.0,1390.0,1314.2,1375.0,0.0,49.45,67580.42,0
2024-04-04,2024-04-04 11:00:00,1347.5,1387.85,1339.55,1348.0,0.04,135.06,192527.69,1
2024-04-04,2024-04-04 11:01:00,1348.0,1348.5,1348.0,1348.5,0.04,135.06,192527.69,1
2024-04-04,2024-04-04 11:02:00,1348.5,1348.99,1348.5,1348.99,0.04,135.06,192527.69,1
2024-04-04,2024-04-04 11:03:00,1348.99,1349.49,1348.99,1349.49,0.04,135.06,192527.69,1
2024-04-04,2024-04-04 11:04:00,1349.49,1349.99,1349.49,1349.99,0.04,135.06,192527.69,1
2024-04-04,2024-04-04 11:05:00,1349.99,1350.49,1349.99,1350.49,0.04,135.06,192527.69,1
2024-04-04,2024-04-04 11:06:00,1350.49,1350.99,1350.49,1350.99,0.04,135.06,192527.69,1
2024-04-04,2024-04-04 11:07:00,1350.99,1351.48,1350.99,1351.48,0.04,135.06,192527.69,1
2024-04-04,2024-04-04 11:08:00,1351.48,1351.98,1351.48,1351.98,0.04,135.06,192527.69,1
2024-04-04,2024-04-04 11:09:00,1351.98,1352.48,1351.98,1352.48,0.04,135.06,192527.69,1
2024-04-04,2024-04-04 11:10:00,1352.48,1352.98,1352.48,1352.98,0.04,135.06,192527.69,1
2024-04-04,2024-04-04 11:11:00,1352.98,1353.47,1352.98,1353.47,0.04,135.06,192527.69,1
2024-04-04,2024-04-04 11:12:00,1353.47,1353.97,1353.47,1353.97,0.04,135.06,192527.69,1
2024-04-04,2024-04-04 11:13:00,1353.97,1354.47,1353.97,1354.47,0.04,135.06,192527.69,1
2024-04-04,2024-04-04 11:14:00,1354.47,1354.97,1354.47,1354.97,0.04,135.06,192527.69,1
2024-04-04,2024-04-04 11:15:00,1354.97,1355.47,1354.97,1355.47,0.04,135.06,192527.69,1
2024-04-04,2024-04-04 11:16:00,1355.47,1355.96,1355.47,1355.96,0.04,135.06,192527.69,1
2024-04-04,2024-04-04 11:17:00,1355.96,1356.46,1355.96,1356.46,0.04,135.06,192527.69,1
2024-04-04,2024-04-04 11:18:00,1356.46,1356.96,1356.46,1356.96,0.04,135.06,192527.69,1
2024-04-04,2024-04-04 11:19:00,1356.96,1357.46,1356.96,1357.46,0.04,135.06,192527.69,1
2024-04-04,2024-04-04 11:20:00,1357.46,1357.96,1357.46,1357.96,0.04,135.06,192527.69,1
2024-04-04,2024-04-04 11:21:00,1357.96,1358.45,1357.96,1358.45,0.04,135.06,192527.69,1
2024-04-04,2024-04-04 11:22:00,1358.45,1358.95,1358.45,1358.95,0.04,135.06,192527.69,1
2024-04-04,2024-04-04 11:23:00,1358.95,1359.45,1358.95,1359.45,0.04,135.06,192527.69,1
2024-04-04,2024-04-04 11:24:00,1359.45,1359.95,1359.45,1359.95,0.04,135.06,192527.69,1
2024-04-04,2024-04-04 11:25:00,1359.95,1360.45,1359.95,1360.45,0.04,135.06,192527.69,1
2024-04-04,2024-04-04 11:26:00,1360.45,1360.94,1360.45,1360.94,0.04,135.06,192527.69,1
2024-04-04,2024-04-04 11:27:00,1360.94,1361.44,1360.94,1361.44,0.04,135.06,192527.69,1
2024-04-04,2024-04-04 11:28:00,1361.44,1361.94,1361.44,1361.94,0.04,135.06,192527.69,1
2024-04-04,2024-04-04 11:29:00,1361.94,1362.44,1361.94,1362.44,0.04,135.06,192527.69,1
2024-04-04,2024-04-04 11:30:00,1362.44,1362.94,1362.44,1362.94,0.04,135.06,192527.69,1
2024-04-04,2024-04-04 11:31:00,1362.94,1363.43,1362.94,1363.43,0.04,135.06,192527.69,1
2024-04-04,2024-04-04 11:32:00,1363.43,1363.93,1363.43,1363.93,0.04,135.06,192527.69,1
2024-04-04,2024-04-04 11:33:00,1363.93,1364.43,1363.93,1364.43,0.04,135.06,192527.69,1
2024-04-04,2024-04-04 11:34:00,1364.43,1364.93,1364.43,1364.93,0.04,135.06,192527.69,1
2024-04-04,2024-04-04 11:35:00,1364.93,1365.42,1364.93,1365.42,0.04,135.06,192527.69,1
2024-04-04,2024-04-04 11:36:00,1365.42,1365.92,1365.42,1365.92,0.04,135.06,192527.69,1
2024-04-04,2024-04-04 11:37:00,1365.92,1366.42,1365.92,1366.42,0.04,135.06,192527.69,1
2024-04-04,2024-04-04 11:38:00,1366.42,1366.92,1366.42,1366.92,0.04,135.06,192527.69,1
2024-04-04,2024-04-04 11:39:00,1366.92,1367.42,1366.92,1367.42,0.04,135.06,192527.69,1
2024-04-04,2024-04-04 11:40:00,1367.42,1367.91,1367.42,1367.91,0.04,135.06,192527.69,1
2024-04-04,2024-04-04 11:41:00,1367.91,1368.41,1367.91,1368.41,0.04,135.06,192527.69,1
2024-04-04,2024-04-04 11:42:00,1368.41,1368.91,1368.41,1368.91,0.04,135.06,192527.69,1
2024-04-04,2024-04-04 11:43:00,1368.91,1369.41,1368.91,1369.41,0.04,135.06,192527.69,1
2024-04-04,2024-04-04 11:44:00,1369.41,1369.91,1369.41,1369.91,0.04,135.06,192527.69,1
2024-04-04,2024-04-04 11:45:00,1369.91,1370.4,1369.91,1370.4,0.04,135.06,192527.69,1
2024-04-04,2024-04-04 11:46:00,1370.4,1370.9,1370.4,1370.9,0.04,135.06,192527.69,1
2024-04-04,2024-04-04 11:47:00,1370.9,1371.4,1370.9,1371.4,0.04,135.06,192527.69,1
2024-04-04,2024-04-04 11:48:00,1371.4,1371.9,1371.4,1371.9,0.04,135.06,192527.69,1
2024-04-04,2024-04-04 11:49:00,1371.9,1372.4,1371.9,1372.4,0.04,135.06,192527.69,1
2024-04-04,2024-04-04 11:50:00,1372.4,1372.89,1372.4,1372.89,0.04,135.06,192527.69,1
2024-04-04,2024-04-04 11:51:00,1372.89,1373.39,1372.89,1373.39,0.04,135.06,192527.69,1
2024-04-04,2024-04-04 11:52:00,1373.39,1373.89,1373.39,1373.89,0.04,135.06,192527.69,1
2024-04-04,2024-04-04 11:53:00,1373.89,1374.39,1373.89,1374.39,0.04,135.06,192527.69,1
2024-04-04,2024-04-04 11:54:00,1374.39,1374.89,1374.39,1374.89,0.04,135.06,192527.69,1
2024-04-04,2024-04-04 11:55:00,1374.89,1375.38,1374.89,1375.38,0.04,135.06,192527.69,1
2024-04-04,2024-04-04 11:56:00,1375.38,1375.88,1375.38,1375.88,0.04,135.06,192527.69,1
2024-04-04,2024-04-04 11:57:00,1375.88,1376.38,1375.88,1376.38,0.04,135.06,192527.69,1
2024-04-04,2024-04-04 11:58:00,1376.38,1376.88,1376.38,1376.88,0.04,135.06,192527.69,1
2024-04-04,2024-04-04 11:59:00,1376.88,1377.38,1376.88,1377.38,0.04,135.06,192527.69,1
2024-04-04,2024-04-04 12:00:00,1377.38,1377.87,1377.38,1377.87,0.04,135.06,192527.69,1
2024-04-04,2024-04-04 12:01:00,1377.87,1378.37,1377.87,1378.37,0.04,135.06,192527.69,1
2024-04-04,2024-04-04 12:02:00,1378.37,1378.87,1378.37,1378.87,0.04,135.06,192527.69,1
2024-04-04,2024-04-04 12:03:00,1378.87,1379.37,1378.87,1379.37,0.04,135.06,192527.69,1
2024-04-04,2024-04-04 12:04:00,1379.37,1379.86,1379.37,1379.86,0.04,135.06,192527.69,1
2024-04-04,2024-04-04 12:05:00,1379.86,1380.36,1379.86,1380.36,0.04,135.06,192527.69,1
2024-04-04,2024-04-04 12:06:00,1380.36,1380.86,1380.36,1380.86,0.04,135.06,192527.69,1
2024-04-04,2024-04-04 12:07:00,1380.86,1381.36,1380.86,1381.36,0.04,135.06,192527.69,1
2024-04-04,2024-04-04 12:08:00,1381.36,1381.86,1381.36,1381.86,0.04,135.06,192527.69,1
2024-04-04,2024-04-04 12:09:00,1381.86,1382.35,1381.86,1382.35,0.04,135.06,192527.69,1
2024-04-04,2024-04-04 12:10:00,1382.35,1382.85,1382.35,1382.85,0.04,135.06,192527.69,1
2024-04-04,2024-04-04 12:11:00,1382.85,1383.35,1382.85,1383.35,0.04,135.06,192527.69,1
2024-04-04,2024-04-04 12:12:00,1383.35,1383.85,1383.35,1383.85,0.04,135.06,192527.69,1
2024-04-04,2024-04-04 12:13:00,1383.85,1384.35,1383.85,1384.35,0.04,135.06,192527.69,1
2024-04-04,2024-04-04 12:14:00,1384.35,1384.84,1384.35,1384.84,0.04,135.06,192527.69,1
2024-04-04,2024-04-04 12:15:00,1384.84,1385.34,1384.84,1385.34,0.04,135.06,192527.69,1
2024-04-04,2024-04-04 12:16:00,1385.34,1385.84,1385.34,1385.84,0.04,135.06,192527.69,1
2024-04-04,2024-04-04 12:17:00,1385.84,1386.34,1385.84,1386.34,0.04,135.06,192527.69,1
2024-04-04,2024-04-04 12:18:00,1386.34,1386.84,1386.34,1386.84,0.04,135.06,192527.69,1
2024-04-04,2024-04-04 12:19:00,1386.84,1387.33,1386.84,1387.33,0.04,135.06,192527.69,1
2024-04-04,2024-04-04 12:20:00,1387.33,1387.83,1387.33,1387.83,0.04,135.06,192527.69,1
2024-04-04,2024-04-04 12:21:00,1387.83,1388.33,1387.83,1388.33,0.04,135.06,192527.69,1
2024-04-04,2024-04-04 12:22:00,1388.33,1388.83,1388.33,1388.83,0.04,135.06,192527.69,1
2024-04-04,2024-04-04 12:23:00,1388.83,1389.33,1388.83,1389.33,0.04,135.06,192527.69,1
2024-04-04,2024-04-04 12:24:00,1389.33,1389.82,1389.33,1389.82,0.04,135.06,192527.69,1
2024-04-04,2024-04-04 12:25:00,1389.82,1390.32,1389.82,1390.32,0.04,135.06,192527.69,1
2024-04-04,2024-04-04 12:26:00,1390.32,1390.82,1390.32,1390.82,0.04,135.06,192527.69,1
2024-04-04,2024-04-04 12:27:00,1390.82,1391.32,1390.82,1391.32,0.04,135.06,192527.69,1
2024-04-04,2024-04-04 12:28:00,1391.32,1391.81,1391.32,1391.81,0.04,135.06,192527.69,1
2024-04-04,2024-04-04 12:29:00,1391.81,1392.31,1391.81,1392.31,0.04,135.06,192527.69,1
2024-04-04,2024-04-04 12:30:00,1392.31,1392.81,1392.31,1392.81,0.04,135.06,192527.69,1
2024-04-04,2024-04-04 12:31:00,1392.81,1393.31,1392.81,1393.31,0.04,135.06,192527.69,1
2024-04-04,2024-04-04 12:32:00,1393.31,1393.81,1393.31,1393.81,0.04,135.06,192527.69,1
2024-04-04,2024-04-04 12:33:00,1393.81,1394.3,1393.81,1394.3,0.04,135.06,192527.69,1
2024-04-04,2024-04-04 12:34:00,1394.3,1394.8,1394.3,1394.8,0.04,135.06,192527.69,1
2024-04-04,2024-04-04 12:35:00,1394.8,1395.3,1394.8,1395.3,0.04,135.06,192527.69,1
2024-04-04,2024-04-04 12:36:00,1395.3,1395.8,1395.3,1395.8,0.04,135.06,192527.69,1
2024-04-04,2024-04-04 12:37:00,1395.8,1396.3,1395.8,1396.3,0.04,135.06,192527.69,1
2024-04-04,2024-04-04 12:38:00,1396.3,1396.79,1396.3,1396.79,0.04,135.06,192527.69,1
2024-04-04,2024-04-04 12:39:00,1396.79,1397.29,1396.79,1397.29,0.04,135.06,192527.69,1
2024-04-04,2024-04-04 12:40:00,1397.29,1397.79,1397.29,1397.79,0.04,135.06,192527.69,1
2024-04-04,2024-04-04 12:41:00,1397.79,1398.29,1397.79,1398.29,0.04,135.06,192527.69,1
2024-04-04,2024-04-04 12:42:00,1398.29,1398.79,1398.29,1398.79,0.04,135.06,192527.69,1
2024-04-04,2024-04-04 12:43:00,1398.79,1399.28,1398.79,1399.28,0.04,135.06,192527.69,1
2024-04-04,2024-04-04 12:44:00,1399.28,1399.78,1399.28,1399.78,0.04,135.06,192527.69,1
2024-04-04,2024-04-04 12:45:00,1399.78,1400.28,1399.78,1400.28,0.04,135.06,192527.69,1
2024-04-04,2024-04-04 12:46:00,1400.28,1400.78,1400.28,1400.78,0.04,135.06,192527.69,1
2024-04-04,2024-04-04 12:47:00,1400.78,1401.28,1400.78,1401.28,0.04,135.06,192527.69,1
2024-04-04,2024-04-04 12:48:00,1401.28,1401.77,1401.28,1401.77,0.03,135.06,192527.69,1
2024-04-04,2024-04-04 12:49:00,1401.77,1402.27,1401.77,1402.27,0.04,135.06,192527.69,1
2024-04-04,2024-04-04 12:50:00,1402.27,1402.77,1402.27,1402.77,0.04,135.06,192527.69,1
2024-04-04,2024-04-04 12:51:00,1402.77,1403.27,1402.77,1403.27,0.04,135.06,192527.69,1
2024-04-04,2024-04-04 12:52:00,1403.27,1403.76,1403.27,1403.76,0.03,135.06,192527.69,1
2024-04-04,2024-04-04 12:53:00,1403.76,1404.26,1403.76,1404.26,0.04,135.06,192527.69,1
2024-04-04,2024-04-04 12:54:00,1404.26,1404.76,1404.26,1404.76,0.04,135.06,192527.69,1
2024-04-04,2024-04-04 12:55:00,1404.76,1405.26,1404.76,1405.26,0.04,135.06,192527.69,1
2024-04-04,2024-04-04 12:56:00,1405.26,1405.76,1405.26,1405.76,0.04,135.06,192527.69,1
2024-04-04,2024-04-04 12:57:00,1405.76,1406.25,1405.76,1406.25,0.03,135.06,192527.69,1
2024-04-04,2024-04-04 12:58:00,1406.25,1406.75,1406.25,1406.75,0.04,135.06,192527.69,1
2024-04-04,2024-04-04 12:59:00,1406.75,1407.25,1406.75,1407.25,0.04,135.06,192527.69,1
2024-04-04,2024-04-04 13:00:00,1407.25,1482.0,1321.0,1407.75,0.04,135.06,192527.69,1
2024-04-04,2024-04-04 13:01:00,1407.75,1408.25,1407.75,1408.25,0.04,135.06,192527.69,1
2024-04-04,2024-04-04 13:02:00,1408.25,1408.74,1408.25,1408.74,0.03,135.06,192527.69,1
2024-04-04,2024-04-04 13:03:00,1408.74,1409.24,1408.74,1409.24,0.04,135.06,192527.69,1
2024-04-04,2024-04-04 13:04:00,1409.24,1409.74,1409.24,1409.74,0.04,135.06,192527.69,1
2024-04-04,2024-04-04 13:05:00,1409.74,1410.24,1409.74,1410.24,0.04,135.06,192527.69,1
2024-04-04,2024-04-04 13:06:00,1410.24,1410.74,1410.24,1410.74,0.04,135.06,192527.69,1
2024-04-04,2024-04-04 13:07:00,1410.74,1411.23,1410.74,1411.23,0.03,135.06,192527.69,1
2024-04-04,2024-04-04 13:08:00,1411.23,1411.73,1411.23,1411.73,0.04,135.06,192527.69,1
2024-04-04,2024-04-04 13:09:00,1411.73,1412.23,1411.73,1412.23,0.04,135.06,192527.69,1
2024-04-04,2024-04-04 13:10:00,1412.23,1412.73,1412.23,1412.73,0.04,135.06,192527.69,1
2024-04-04,2024-04-04 13:11:00,1412.73,1413.22,1412.73,1413.22,0.03,135.06,192527.69,1
2024-04-04,2024-04-04 13:12:00,1413.22,1413.72,1413.22,1413.72,0.04,135.06,192527.69,1
2024-04-04,2024-04-04 13:13:00,1413.72,1414.22,1413.72,1414.22,0.04,135.06,192527.69,1
2024-04-04,2024-04-04 13:14:00,1414.22,1414.72,1414.22,1414.72,0.04,135.06,192527.69,1
2024-04-04,2024-04-04 13:15:00,1414.72,1415.22,1414.72,1415.22,0.04,135.06,192527.69,1
2024-04-04,2024-04-04 13:16:00,1415.22,1415.71,1415.22,1415.71,0.03,135.06,192527.69,1
2024-04-04,2024-04-04 13:17:00,1415.71,1416.21,1415.71,1416.21,0.04,135.06,192527.69,1
2024-04-04,2024-04-04 13:18:00,1416.21,1416.71,1416.21,1416.71,0.04,135.06,192527.69,1
2024-04-04,2024-04-04 13:19:00,1416.71,1417.21,1416.71,1417.21,0.04,135.06,192527.69,1
2024-04-04,2024-04-04 13:20:00,1417.21,1417.71,1417.21,1417.71,0.04,135.06,192527.69,1
2024-04-04,2024-04-04 13:21:00,1417.71,1418.2,1417.71,1418.2,0.03,135.06,192527.69,1
2024-04-04,2024-04-04 13:22:00,1418.2,1418.7,1418.2,1418.7,0.04,135.06,192527.69,1
2024-04-04,2024-04-04 13:23:00,1418.7,1419.2,1418.7,1419.2,0.04,135.06,192527.69,1
2024-04-04,2024-04-04 13:24:00,1419.2,1419.7,1419.2,1419.7,0.04,135.06,192527.69,1
2024-04-04,2024-04-04 13:25:00,1419.7,1420.2,1419.7,1420.2,0.04,135.06,192527.69,1
2024-04-04,2024-04-04 13:26:00,1420.2,1420.69,1420.2,1420.69,0.03,135.06,192527.69,1
2024-04-04,2024-04-04 13:27:00,1420.69,1421.19,1420.69,1421.19,0.04,135.06,192527.69,1
2024-04-04,2024-04-04 13:28:00,1421.19,1421.69,1421.19,1421.69,0.04,135.06,192527.69,1
2024-04-04,2024-04-04 13:29:00,1421.69,1422.19,1421.69,1422.19,0.04,135.06,192527.69,1
2024-04-04,2024-04-04 13:30:00,1422.19,1422.69,1422.19,1422.69,0.04,135.06,192527.69,1
2024-04-04,2024-04-04 13:31:00,1422.69,1423.18,1422.69,1423.18,0.03,135.06,192527.69,1
2024-04-04,2024-04-04 13:32:00,1423.18,1423.68,1423.18,1423.68,0.04,135.06,192527.69,1
2024-04-04,2024-04-04 13:33:00,1423.68,1424.18,1423.68,1424.18,0.04,135.06,192527.69,1
2024-04-04,2024-04-04 13:34:00,1424.18,1424.68,1424.18,1424.68,0.04,135.06,192527.69,1
2024-04-04,2024-04-04 13:35:00,1424.68,1425.17,1424.68,1425.17,0.03,135.06,192527.69,1
2024-04-04,2024-04-04 13:36:00,1425.17,1425.67,1425.17,1425.67,0.04,135.06,192527.69,1
2024-04-04,2024-04-04 13:37:00,1425.67,1426.17,1425.67,1426.17,0.04,135.06,192527.69,1
2024-04-04,2024-04-04 13:38:00,1426.17,1426.67,1426.17,1426.67,0.04,135.06,192527.69,1
2024-04-04,2024-04-04 13:39:00,1426.67,1427.17,1426.67,1427.17,0.04,135.06,192527.69,1
2024-04-04,2024-04-04 13:40:00,1427.17,1427.66,1427.17,1427.66,0.03,135.06,192527.69,1
2024-04-04,2024-04-04 13:41:00,1427.66,1428.16,1427.66,1428.16,0.04,135.06,192527.69,1
2024-04-04,2024-04-04 13:42:00,1428.16,1428.66,1428.16,1428.66,0.04,135.06,192527.69,1
2024-04-04,2024-04-04 13:43:00,1428.66,1429.16,1428.66,1429.16,0.03,135.06,192527.69,1
2024-04-04,2024-04-04 13:44:00,1429.16,1429.66,1429.16,1429.66,0.03,135.06,192527.69,1
2024-04-04,2024-04-04 13:45:00,1429.66,1430.15,1429.66,1430.15,0.03,135.06,192527.69,1
2024-04-04,2024-04-04 13:46:00,1430.15,1430.65,1430.15,1430.65,0.03,135.06,192527.69,1
2024-04-04,2024-04-04 13:47:00,1430.65,1431.15,1430.65,1431.15,0.03,135.06,192527.69,1
2024-04-04,2024-04-04 13:48:00,1431.15,1431.65,1431.15,1431.65,0.03,135.06,192527.69,1
2024-04-04,2024-04-04 13:49:00,1431.65,1432.15,1431.65,1432.15,0.03,135.06,192527.69,1
2024-04-04,2024-04-04 13:50:00,1432.15,1432.64,1432.15,1432.64,0.03,135.06,192527.69,1
2024-04-04,2024-04-04 13:51:00,1432.64,1433.14,1432.64,1433.14,0.03,135.06,192527.69,1
2024-04-04,2024-04-04 13:52:00,1433.14,1433.64,1433.14,1433.64,0.03,135.06,192527.69,1
2024-04-04,2024-04-04 13:53:00,1433.64,1434.14,1433.64,1434.14,0.03,135.06,192527.69,1
2024-04-04,2024-04-04 13:54:00,1434.14,1434.64,1434.14,1434.64,0.03,135.06,192527.69,1
2024-04-04,2024-04-04 13:55:00,1434.64,1435.13,1434.64,1435.13,0.03,135.06,192527.69,1
2024-04-04,2024-04-04 13:56:00,1435.13,1435.63,1435.13,1435.63,0.03,135.06,192527.69,1
2024-04-04,2024-04-04 13:57:00,1435.63,1436.13,1435.63,1436.13,0.03,135.06,192527.69,1
2024-04-04,2024-04-04 13:58:00,1436.13,1436.63,1436.13,1436.63,0.03,135.06,192527.69,1
2024-04-04,2024-04-04 13:59:00,1436.63,1437.12,1436.63,1437.12,0.03,135.06,192527.69,1
2024-04-04,2024-04-04 14:00:00,1437.12,1437.62,1437.12,1437.62,0.03,135.06,192527.69,1
2024-04-04,2024-04-04 14:01:00,1437.62,1438.12,1437.62,1438.12,0.03,135.06,192527.69,1
2024-04-04,2024-04-04 14:02:00,1438.12,1438.62,1438.12,1438.62,0.03,135.06,192527.69,1
2024-04-04,2024-04-04 14:03:00,1438.62,1439.12,1438.62,1439.12,0.03,135.06,192527.69,1
2024-04-04,2024-04-04 14:04:00,1439.12,1439.61,1439.12,1439.61,0.03,135.06,192527.69,1
2024-04-04,2024-04-04 14:05:00,1439.61,1440.11,1439.61,1440.11,0.03,135.06,192527.69,1
2024-04-04,2024-04-04 14:06:00,1440.11,1440.61,1440.11,1440.61,0.03,135.06,192527.69,1
2024-04-04,2024-04-04 14:07:00,1440.61,1441.11,1440.61,1441.11,0.03,135.06,192527.69,1
2024-04-04,2024-04-04 14:08:00,1441.11,1441.61,1441.11,1441.61,0.03,135.06,192527.69,1
2024-04-04,2024-04-04 14:09:00,1441.61,1442.1,1441.61,1442.1,0.03,135.06,192527.69,1
2024-04-04,2024-04-04 14:10:00,1442.1,1442.6,1442.1,1442.6,0.03,135.06,192527.69,1
2024-04-04,2024-04-04 14:11:00,1442.6,1443.1,1442.6,1443.1,0.03,135.06,192527.69,1
2024-04-04,2024-04-04 14:12:00,1443.1,1443.6,1443.1,1443.6,0.03,135.06,192527.69,1
2024-04-04,2024-04-04 14:13:00,1443.6,1444.1,1443.6,1444.1,0.03,135.06,192527.69,1
2024-04-04,2024-04-04 14:14:00,1444.1,1444.59,1444.1,1444.59,0.03,135.06,192527.69,1
2024-04-04,2024-04-04 14:15:00,1444.59,1445.09,1444.59,1445.09,0.03,135.06,192527.69,1
2024-04-04,2024-04-04 14:16:00,1445.09,1445.59,1445.09,1445.59,0.03,135.06,192527.69,1
2024-04-04,2024-04-04 14:17:00,1445.59,1446.09,1445.59,1446.09,0.03,135.06,192527.69,1
2024-04-04,2024-04-04 14:18:00,1446.09,1446.59,1446.09,1446.59,0.03,135.06,192527.69,1
2024-04-04,2024-04-04 14:19:00,1446.59,1447.08,1446.59,1447.08,0.03,135.06,192527.69,1
2024-04-04,2024-04-04 14:20:00,1447.08,1447.58,1447.08,1447.58,0.03,135.06,192527.69,1
2024-04-04,2024-04-04 14:21:00,1447.58,1448.08,1447.58,1448.08,0.03,135.06,192527.69,1
2024-04-04,2024-04-04 14:22:00,1448.08,1448.58,1448.08,1448.58,0.03,135.06,192527.69,1
2024-04-04,2024-04-04 14:23:00,1448.58,1449.08,1448.58,1449.08,0.03,135.06,192527.69,1
2024-04-04,2024-04-04 14:24:00,1449.08,1449.57,1449.08,1449.57,0.03,135.06,192527.69,1
2024-04-04,2024-04-04 14:25:00,1449.57,1450.07,1449.57,1450.07,0.03,135.06,192527.69,1
2024-04-04,2024-04-04 14:26:00,1450.07,1450.57,1450.07,1450.57,0.03,135.06,192527.69,1
2024-04-04,2024-04-04 14:27:00,1450.57,1451.07,1450.57,1451.07,0.03,135.06,192527.69,1
2024-04-04,2024-04-04 14:28:00,1451.07,1451.56,1451.07,1451.56,0.03,135.06,192527.69,1
2024-04-04,2024-04-04 14:29:00,1451.56,1452.06,1451.56,1452.06,0.03,135.06,192527.69,1
2024-04-04,2024-04-04 14:30:00,1452.06,1452.56,1452.06,1452.56,0.03,135.06,192527.69,1
2024-04-04,2024-04-04 14:31:00,1452.56,1453.06,1452.56,1453.06,0.03,135.06,192527.69,1
2024-04-04,2024-04-04 14:32:00,1453.06,1453.56,1453.06,1453.56,0.03,135.06,192527.69,1
2024-04-04,2024-04-04 14:33:00,1453.56,1454.05,1453.56,1454.05,0.03,135.06,192527.69,1
2024-04-04,2024-04-04 14:34:00,1454.05,1454.55,1454.05,1454.55,0.03,135.06,192527.69,1
2024-04-04,2024-04-04 14:35:00,1454.55,1455.05,1454.55,1455.05,0.03,135.06,192527.69,1
2024-04-04,2024-04-04 14:36:00,1455.05,1455.55,1455.05,1455.55,0.03,135.06,192527.69,1
2024-04-04,2024-04-04 14:37:00,1455.55,1456.05,1455.55,1456.05,0.03,135.06,192527.69,1
2024-04-04,2024-04-04 14:38:00,1456.05,1456.54,1456.05,1456.54,0.03,135.06,192527.69,1
2024-04-04,2024-04-04 14:39:00,1456.54,1457.04,1456.54,1457.04,0.03,135.06,192527.69,1
2024-04-04,2024-04-04 14:40:00,1457.04,1457.54,1457.04,1457.54,0.03,135.06,192527.69,1
2024-04-04,2024-04-04 14:41:00,1457.54,1458.04,1457.54,1458.04,0.03,135.06,192527.69,1
2024-04-04,2024-04-04 14:42:00,1458.04,1458.54,1458.04,1458.54,0.03,135.06,192527.69,1
2024-04-04,2024-04-04 14:43:00,1458.54,1459.03,1458.54,1459.03,0.03,135.06,192527.69,1
2024-04-04,2024-04-04 14:44:00,1459.03,1459.53,1459.03,1459.53,0.03,135.06,192527.69,1
2024-04-04,2024-04-04 14:45:00,1459.53,1460.03,1459.53,1460.03,0.03,135.06,192527.69,1
2024-04-04,2024-04-04 14:46:00,1460.03,1460.53,1460.03,1460.53,0.03,135.06,192527.69,1
2024-04-04,2024-04-04 14:47:00,1460.53,1461.03,1460.53,1461.03,0.03,135.06,192527.69,1
2024-04-04,2024-04-04 14:48:00,1461.03,1461.52,1461.03,1461.52,0.03,135.06,192527.69,1
2024-04-04,2024-04-04 14:49:00,1461.52,1462.02,1461.52,1462.02,0.03,135.06,192527.69,1
2024-04-04,2024-04-04 14:50:00,1462.02,1462.52,1462.02,1462.52,0.03,135.06,192527.69,1
2024-04-04,2024-04-04 14:51:00,1462.52,1463.02,1462.52,1463.02,0.03,135.06,192527.69,1
2024-04-04,2024-04-04 14:52:00,1463.02,1463.51,1463.02,1463.51,0.03,135.06,192527.69,1
2024-04-04,2024-04-04 14:53:00,1463.51,1464.01,1463.51,1464.01,0.03,135.06,192527.69,1
2024-04-04,2024-04-04 14:54:00,1464.01,1464.51,1464.01,1464.51,0.03,135.06,192527.69,1
2024-04-04,2024-04-04 14:55:00,1464.51,1465.01,1464.51,1465.01,0.03,135.06,192527.69,1
2024-04-04,2024-04-04 14:56:00,1465.01,1465.51,1465.01,1465.51,0.03,135.06,192527.69,1
2024-04-04,2024-04-04 14:57:00,1465.51,1466.0,1465.51,1466.0,0.03,135.06,192527.69,1
2024-04-04,2024-04-04 14:58:00,1466.0,1466.5,1466.0,1466.5,0.03,135.06,192527.69,1
2024-04-04,2024-04-04 14:59:00,1466.5,1467.0,1466.5,1467.0,0.03,135.06,192527.69,1
2024-04-04,2024-04-04 15:00:00,1467.0,1482.0,1321.0,1467.0,0.0,135.06,192527.69,0
2024-04-07,2024-04-07 11:00:00,1465.0,1490.2,1456.81,1465.25,0.02,101.46,153099.62,1
2024-04-07,2024-04-07 11:01:00,1465.25,1465.5,1465.25,1465.5,0.02,101.46,153099.62,1
2024-04-07,2024-04-07 11:02:00,1465.5,1465.75,1465.5,1465.75,0.02,101.46,153099.62,1
2024-04-07,2024-04-07 11:03:00,1465.75,1466.0,1465.75,1466.0,0.02,101.46,153099.62,1
2024-04-07,2024-04-07 11:04:00,1466.0,1466.25,1466.0,1466.25,0.02,101.46,153099.62,1
2024-04-07,2024-04-07 11:05:00,1466.25,1466.5,1466.25,1466.5,0.02,101.46,153099.62,1
2024-04-07,2024-04-07 11:06:00,1466.5,1466.75,1466.5,1466.75,0.02,101.46,153099.62,1
2024-04-07,2024-04-07 11:07:00,1466.75,1467.0,1466.75,1467.0,0.02,101.46,153099.62,1
2024-04-07,2024-04-07 11:08:00,1467.0,1467.25,1467.0,1467.25,0.02,101.46,153099.62,1
2024-04-07,2024-04-07 11:09:00,1467.25,1467.5,1467.25,1467.5,0.02,101.46,153099.62,1
2024-04-07,2024-04-07 11:10:00,1467.5,1467.75,1467.5,1467.75,0.02,101.46,153099.62,1
2024-04-07,2024-04-07 11:11:00,1467.75,1468.0,1467.75,1468.0,0.02,101.46,153099.62,1
2024-04-07,2024-04-07 11:12:00,1468.0,1468.25,1468.0,1468.25,0.02,101.46,153099.62,1
2024-04-07,2024-04-07 11:13:00,1468.25,1468.5,1468.25,1468.5,0.02,101.46,153099.62,1
2024-04-07,2024-04-07 11:14:00,1468.5,1468.75,1468.5,1468.75,0.02,101.46,153099.62,1
2024-04-07,2024-04-07 11:15:00,1468.75,1469.0,1468.75,1469.0,0.02,101.46,153099.62,1
2024-04-07,2024-04-07 11:16:00,1469.0,1469.25,1469.0,1469.25,0.02,101.46,153099.62,1
2024-04-07,2024-04-07 11:17:00,1469.25,1469.5,1469.25,1469.5,0.02,101.46,153099.62,1
2024-04-07,2024-04-07 11:18:00,1469.5,1469.75,1469.5,1469.75,0.02,101.46,153099.62,1
2024-04-07,2024-04-07 11:19:00,1469.75,1470.0,1469.75,1470.0,0.02,101.46,153099.62,1
2024-04-07,2024-04-07 11:20:00,1470.0,1470.25,1470.0,1470.25,0.02,101.46,153099.62,1
2024-04-07,2024-04-07 11:21:00,1470.25,1470.5,1470.25,1470.5,0.02,101.46,153099.62,1
2024-04-07,2024-04-07 11:22:00,1470.5,1470.75,1470.5,1470.75,0.02,101.46,153099.62,1
2024-04-07,2024-04-07 11:23:00,1470.75,1471.0,1470.75,1471.0,0.02,101.46,153099.62,1
2024-04-07,2024-04-07 11:24:00,1471.0,1471.25,1471.0,1471.25,0.02,101.46,153099.62,1
2024-04-07,2024-04-07 11:25:00,1471.25,1471.5,1471.25,1471.5,0.02,101.46,153099.62,1
2024-04-07,2024-04-07 11:26:00,1471.5,1471.75,1471.5,1471.75,0.02,101.46,153099.62,1
2024-04-07,2024-04-07 11:27:00,1471.75,1472.0,1471.75,1472.0,0.02,101.46,153099.62,1
2024-04-07,2024-04-07 11:28:00,1472.0,1472.25,1472.0,1472.25,0.02,101.46,153099.62,1
2024-04-07,2024-04-07 11:29:00,1472.25,1472.5,1472.25,1472.5,0.02,101.46,153099.62,1
2024-04-07,2024-04-07 11:30:00,1472.5,1472.75,1472.5,1472.75,0.02,101.46,153099.62,1
2024-04-07,2024-04-07 11:31:00,1472.75,1473.0,1472.75,1473.0,0.02,101.46,153099.62,1
2024-04-07,2024-04-07 11:32:00,1473.0,1473.25,1473.0,1473.25,0.02,101.46,153099.62,1
2024-04-07,2024-04-07 11:33:00,1473.25,1473.5,1473.25,1473.5,0.02,101.46,153099.62,1
2024-04-07,2024-04-07 11:34:00,1473.5,1473.75,1473.5,1473.75,0.02,101.46,153099.62,1
2024-04-07,2024-04-07 11:35:00,1473.75,1474.0,1473.75,1474.0,0.02,101.46,153099.62,1
2024-04-07,2024-04-07 11:36:00,1474.0,1474.25,1474.0,1474.25,0.02,101.46,153099.62,1
2024-04-07,2024-04-07 11:37:00,1474.25,1474.5,1474.25,1474.5,0.02,101.46,153099.62,1
2024-04-07,2024-04-07 11:38:00,1474.5,1474.75,1474.5,1474.75,0.02,101.46,153099.62,1
2024-04-07,2024-04-07 11:39:00,1474.75,1475.0,1474.75,1475.0,0.02,101.46,153099.62,1
2024-04-07,2024-04-07 11:40:00,1475.0,1475.25,1475.0,1475.25,0.02,101.46,153099.62,1
2024-04-07,2024-04-07 11:41:00,1475.25,1475.5,1475.25,1475.5,0.02,101.46,153099.62,1
2024-04-07,2024-04-07 11:42:00,1475.5,1475.75,1475.5,1475.75,0.02,101.46,153099.62,1
2024-04-07,2024-04-07 11:43:00,1475.75,1476.0,1475.75,1476.0,0.02,101.46,153099.62,1
2024-04-07,2024-04-07 11:44:00,1476.0,1476.25,1476.0,1476.25,0.02,101.46,153099.62,1
2024-04-07,2024-04-07 11:45:00,1476.25,1476.5,1476.25,1476.5,0.02,101.46,153099.62,1
2024-04-07,2024-04-07 11:46:00,1476.5,1476.75,1476.5,1476.75,0.02,101.46,153099.62,1
2024-04-07,2024-04-07 11:47:00,1476.75,1477.0,1476.75,1477.0,0.02,101.46,153099.62,1
2024-04-07,2024-04-07 11:48:00,1477.0,1477.25,1477.0,1477.25,0.02,101.46,153099.62,1
2024-04-07,2024-04-07 11:49:00,1477.25,1477.5,1477.25,1477.5,0.02,101.46,153099.62,1
2024-04-07,2024-04-07 11:50:00,1477.5,1477.75,1477.5,1477.75,0.02,101.46,153099.62,1
2024-04-07,2024-04-07 11:51:00,1477.75,1478.0,1477.75,1478.0,0.02,101.46,153099.62,1
2024-04-07,2024-04-07 11:52:00,1478.0,1478.25,1478.0,1478.25,0.02,101.46,153099.62,1
2024-04-07,2024-04-07 11:53:00,1478.25,1478.5,1478.25,1478.5,0.02,101.46,153099.62,1
2024-04-07,2024-04-07 11:54:00,1478.5,1478.75,1478.5,1478.75,0.02,101.46,153099.62,1
2024-04-07,2024-04-07 11:55:00,1478.75,1479.0,1478.75,1479.0,0.02,101.46,153099.62,1
2024-04-07,2024-04-07 11:56:00,1479.0,1479.25,1479.0,1479.25,0.02,101.46,153099.62,1
2024-04-07,2024-04-07 11:57:00,1479.25,1479.5,1479.25,1479.5,0.02,101.46,153099.62,1
2024-04-07,2024-04-07 11:58:00,1479.5,1479.75,1479.5,1479.75,0.02,101.46,153099.62,1
2024-04-07,2024-04-07 11:59:00,1479.75,1480.0,1479.75,1480.0,0.02,101.46,153099.62,1
2024-04-07,2024-04-07 12:00:00,1480.0,1480.25,1480.0,1480.25,0.02,101.46,153099.62,1
2024-04-07,2024-04-07 12:01:00,1480.25,1480.5,1480.25,1480.5,0.02,101.46,153099.62,1
2024-04-07,2024-04-07 12:02:00,1480.5,1480.75,1480.5,1480.75,0.02,101.46,153099.62,1
2024-04-07,2024-04-07 12:03:00,1480.75,1481.0,1480.75,1481.0,0.02,101.46,153099.62,1
2024-04-07,2024-04-07 12:04:00,1481.0,1481.25,1481.0,1481.25,0.02,101.46,153099.62,1
2024-04-07,2024-04-07 12:05:00,1481.25,1481.5,1481.25,1481.5,0.02,101.46,153099.62,1
2024-04-07,2024-04-07 12:06:00,1481.5,1481.75,1481.5,1481.75,0.02,101.46,153099.62,1
2024-04-07,2024-04-07 12:07:00,1481.75,1482.0,1481.75,1482.0,0.02,101.46,153099.62,1
2024-04-07,2024-04-07 12:08:00,1482.0,1482.25,1482.0,1482.25,0.02,101.46,153099.62,1
2024-04-07,2024-04-07 12:09:00,1482.25,1482.5,1482.25,1482.5,0.02,101.46,153099.62,1
2024-04-07,2024-04-07 12:10:00,1482.5,1482.75,1482.5,1482.75,0.02,101.46,153099.62,1
2024-04-07,2024-04-07 12:11:00,1482.75,1483.0,1482.75,1483.0,0.02,101.46,153099.62,1
2024-04-07,2024-04-07 12:12:00,1483.0,1483.25,1483.0,1483.25,0.02,101.46,153099.62,1
2024-04-07,2024-04-07 12:13:00,1483.25,1483.5,1483.25,1483.5,0.02,101.46,153099.62,1
2024-04-07,2024-04-07 12:14:00,1483.5,1483.75,1483.5,1483.75,0.02,101.46,153099.62,1
2024-04-07,2024-04-07 12:15:00,1483.75,1484.0,1483.75,1484.0,0.02,101.46,153099.62,1
2024-04-07,2024-04-07 12:16:00,1484.0,1484.25,1484.0,1484.25,0.02,101.46,153099.62,1
2024-04-07,2024-04-07 12:17:00,1484.25,1484.5,1484.25,1484.5,0.02,101.46,153099.62,1
2024-04-07,2024-04-07 12:18:00,1484.5,1484.75,1484.5,1484.75,0.02,101.46,153099.62,1
2024-04-07,2024-04-07 12:19:00,1484.75,1485.0,1484.75,1485.0,0.02,101.46,153099.62,1
2024-04-07,2024-04-07 12:20:00,1485.0,1485.25,1485.0,1485.25,0.02,101.46,153099.62,1
2024-04-07,2024-04-07 12:21:00,1485.25,1485.5,1485.25,1485.5,0.02,101.46,153099.62,1
2024-04-07,2024-04-07 12:22:00,1485.5,1485.75,1485.5,1485.75,0.02,101.46,153099.62,1
2024-04-07,2024-04-07 12:23:00,1485.75,1486.0,1485.75,1486.0,0.02,101.46,153099.62,1
2024-04-07,2024-04-07 12:24:00,1486.0,1486.25,1486.0,1486.25,0.02,101.46,153099.62,1
2024-04-07,2024-04-07 12:25:00,1486.25,1486.5,1486.25,1486.5,0.02,101.46,153099.62,1
2024-04-07,2024-04-07 12:26:00,1486.5,1486.75,1486.5,1486.75,0.02,101.46,153099.62,1
2024-04-07,2024-04-07 12:27:00,1486.75,1487.0,1486.75,1487.0,0.02,101.46,153099.62,1
2024-04-07,2024-04-07 12:28:00,1487.0,1487.25,1487.0,1487.25,0.02,101.46,153099.62,1
2024-04-07,2024-04-07 12:29:00,1487.25,1487.5,1487.25,1487.5,0.02,101.46,153099.62,1
2024-04-07,2024-04-07 12:30:00,1487.5,1487.75,1487.5,1487.75,0.02,101.46,153099.62,1
2024-04-07,2024-04-07 12:31:00,1487.75,1488.0,1487.75,1488.0,0.02,101.46,153099.62,1
2024-04-07,2024-04-07 12:32:00,1488.0,1488.25,1488.0,1488.25,0.02,101.46,153099.62,1
2024-04-07,2024-04-07 12:33:00,1488.25,1488.5,1488.25,1488.5,0.02,101.46,153099.62,1
2024-04-07,2024-04-07 12:34:00,1488.5,1488.75,1488.5,1488.75,0.02,101.46,153099.62,1
2024-04-07,2024-04-07 12:35:00,1488.75,1489.0,1488.75,1489.0,0.02,101.46,153099.62,1
2024-04-07,2024-04-07 12:36:00,1489.0,1489.25,1489.0,1489.25,0.02,101.46,153099.62,1
2024-04-07,2024-04-07 12:37:00,1489.25,1489.5,1489.25,1489.5,0.02,101.46,153099.62,1
2024-04-07,2024-04-07 12:38:00,1489.5,1489.75,1489.5,1489.75,0.02,101.46,153099.62,1
2024-04-07,2024-04-07 12:39:00,1489.75,1490.0,1489.75,1490.0,0.02,101.46,153099.62,1
2024-04-07,2024-04-07 12:40:00,1490.0,1490.25,1490.0,1490.25,0.02,101.46,153099.62,1
2024-04-07,2024-04-07 12:41:00,1490.25,1490.5,1490.25,1490.5,0.02,101.46,153099.62,1
2024-04-07,2024-04-07 12:42:00,1490.5,1490.75,1490.5,1490.75,0.02,101.46,153099.62,1
2024-04-07,2024-04-07 12:43:00,1490.75,1491.0,1490.75,1491.0,0.02,101.46,153099.62,1
2024-04-07,2024-04-07 12:44:00,1491.0,1491.25,1491.0,1491.25,0.02,101.46,153099.62,1
2024-04-07,2024-04-07 12:45:00,1491.25,1491.5,1491.25,1491.5,0.02,101.46,153099.62,1
2024-04-07,2024-04-07 12:46:00,1491.5,1491.75,1491.5,1491.75,0.02,101.46,153099.62,1
2024-04-07,2024-04-07 12:47:00,1491.75,1492.0,1491.75,1492.0,0.02,101.46,153099.62,1
2024-04-07,2024-04-07 12:48:00,1492.0,1492.25,1492.0,1492.25,0.02,101.46,153099.62,1
2024-04-07,2024-04-07 12:49:00,1492.25,1492.5,1492.25,1492.5,0.02,101.46,153099.62,1
2024-04-07,2024-04-07 12:50:00,1492.5,1492.75,1492.5,1492.75,0.02,101.46,153099.62,1
2024-04-07,2024-04-07 12:51:00,1492.75,1493.0,1492.75,1493.0,0.02,101.46,153099.62,1
2024-04-07,2024-04-07 12:52:00,1493.0,1493.25,1493.0,1493.25,0.02,101.46,153099.62,1
2024-04-07,2024-04-07 12:53:00,1493.25,1493.5,1493.25,1493.5,0.02,101.46,153099.62,1
2024-04-07,2024-04-07 12:54:00,1493.5,1493.75,1493.5,1493.75,0.02,101.46,153099.62,1
2024-04-07,2024-04-07 12:55:00,1493.75,1494.0,1493.75,1494.0,0.02,101.46,153099.62,1
2024-04-07,2024-04-07 12:56:00,1494.0,1494.25,1494.0,1494.25,0.02,101.46,153099.62,1
2024-04-07,2024-04-07 12:57:00,1494.25,1494.5,1494.25,1494.5,0.02,101.46,153099.62,1
2024-04-07,2024-04-07 12:58:00,1494.5,1494.75,1494.5,1494.75,0.02,101.46,153099.62,1
2024-04-07,2024-04-07 12:59:00,1494.75,1495.0,1494.75,1495.0,0.02,101.46,153099.62,1
2024-04-07,2024-04-07 13:00:00,1495.0,1549.0,1437.7,1495.25,0.02,101.46,153099.62,1
2024-04-07,2024-04-07 13:01:00,1495.25,1495.5,1495.25,1495.5,0.02,101.46,153099.62,1
2024-04-07,2024-04-07 13:02:00,1495.5,1495.75,1495.5,1495.75,0.02,101.46,153099.62,1
2024-04-07,2024-04-07 13:03:00,1495.75,1496.0,1495.75,1496.0,0.02,101.46,153099.62,1
2024-04-07,2024-04-07 13:04:00,1496.0,1496.25,1496.0,1496.25,0.02,101.46,153099.62,1
2024-04-07,2024-04-07 13:05:00,1496.25,1496.5,1496.25,1496.5,0.02,101.46,153099.62,1
2024-04-07,2024-04-07 13:06:00,1496.5,1496.75,1496.5,1496.75,0.02,101.46,153099.62,1
2024-04-07,2024-04-07 13:07:00,1496.75,1497.0,1496.75,1497.0,0.02,101.46,153099.62,1
2024-04-07,2024-04-07 13:08:00,1497.0,1497.25,1497.0,1497.25,0.02,101.46,153099.62,1
2024-04-07,2024-04-07 13:09:00,1497.25,1497.5,1497.25,1497.5,0.02,101.46,153099.62,1
2024-04-07,2024-04-07 13:10:00,1497.5,1497.75,1497.5,1497.75,0.02,101.46,153099.62,1
2024-04-07,2024-04-07 13:11:00,1497.75,1498.0,1497.75,1498.0,0.02,101.46,153099.62,1
2024-04-07,2024-04-07 13:12:00,1498.0,1498.25,1498.0,1498.25,0.02,101.46,153099.62,1
2024-04-07,2024-04-07 13:13:00,1498.25,1498.5,1498.25,1498.5,0.02,101.46,153099.62,1
2024-04-07,2024-04-07 13:14:00,1498.5,1498.75,1498.5,1498.75,0.02,101.46,153099.62,1
2024-04-07,2024-04-07 13:15:00,1498.75,1499.0,1498.75,1499.0,0.02,101.46,153099.62,1
2024-04-07,2024-04-07 13:16:00,1499.0,1499.25,1499.0,1499.25,0.02,101.46,153099.62,1
2024-04-07,2024-04-07 13:17:00,1499.25,1499.5,1499.25,1499.5,0.02,101.46,153099.62,1
2024-04-07,2024-04-07 13:18:00,1499.5,1499.75,1499.5,1499.75,0.02,101.46,153099.62,1
2024-04-07,2024-04-07 13:19:00,1499.75,1500.0,1499.75,1500.0,0.02,101.46,153099.62,1
2024-04-07,2024-04-07 13:20:00,1500.0,1500.25,1500.0,1500.25,0.02,101.46,153099.62,1
2024-04-07,2024-04-07 13:21:00,1500.25,1500.5,1500.25,1500.5,0.02,101.46,153099.62,1
2024-04-07,2024-04-07 13:22:00,1500.5,1500.75,1500.5,1500.75,0.02,101.46,153099.62,1
2024-04-07,2024-04-07 13:23:00,1500.75,1501.0,1500.75,1501.0,0.02,101.46,153099.62,1
2024-04-07,2024-04-07 13:24:00,1501.0,1501.25,1501.0,1501.25,0.02,101.46,153099.62,1
2024-04-07,2024-04-07 13:25:00,1501.25,1501.5,1501.25,1501.5,0.02,101.46,153099.62,1
2024-04-07,2024-04-07 13:26:00,1501.5,1501.75,1501.5,1501.75,0.02,101.46,153099.62,1
2024-04-07,2024-04-07 13:27:00,1501.75,1502.0,1501.75,1502.0,0.02,101.46,153099.62,1
2024-04-07,2024-04-07 13:28:00,1502.0,1502.25,1502.0,1502.25,0.02,101.46,153099.62,1
2024-04-07,2024-04-07 13:29:00,1502.25,1502.5,1502.25,1502.5,0.02,101.46,153099.62,1
2024-04-07,2024-04-07 13:30:00,1502.5,1502.75,1502.5,1502.75,0.02,101.46,153099.62,1
2024-04-07,2024-04-07 13:31:00,1502.75,1503.0,1502.75,1503.0,0.02,101.46,153099.62,1
2024-04-07,2024-04-07 13:32:00,1503.0,1503.25,1503.0,1503.25,0.02,101.46,153099.62,1
2024-04-07,2024-04-07 13:33:00,1503.25,1503.5,1503.25,1503.5,0.02,101.46,153099.62,1
2024-04-07,2024-04-07 13:34:00,1503.5,1503.75,1503.5,1503.75,0.02,101.46,153099.62,1
2024-04-07,2024-04-07 13:35:00,1503.75,1504.0,1503.75,1504.0,0.02,101.46,153099.62,1
2024-04-07,2024-04-07 13:36:00,1504.0,1504.25,1504.0,1504.25,0.02,101.46,153099.62,1
2024-04-07,2024-04-07 13:37:00,1504.25,1504.5,1504.25,1504.5,0.02,101.46,153099.62,1
2024-04-07,2024-04-07 13:38:00,1504.5,1504.75,1504.5,1504.75,0.02,101.46,153099.62,1
2024-04-07,2024-04-07 13:39:00,1504.75,1505.0,1504.75,1505.0,0.02,101.46,153099.62,1
2024-04-07,2024-04-07 13:40:00,1505.0,1505.25,1505.0,1505.25,0.02,101.46,153099.62,1
2024-04-07,2024-04-07 13:41:00,1505.25,1505.5,1505.25,1505.5,0.02,101.46,153099.62,1
2024-04-07,2024-04-07 13:42:00,1505.5,1505.75,1505.5,1505.75,0.02,101.46,153099.62,1
2024-04-07,2024-04-07 13:43:00,1505.75,1506.0,1505.75,1506.0,0.02,101.46,153099.62,1
2024-04-07,2024-04-07 13:44:00,1506.0,1506.25,1506.0,1506.25,0.02,101.46,153099.62,1
2024-04-07,2024-04-07 13:45:00,1506.25,1506.5,1506.25,1506.5,0.02,101.46,153099.62,1
2024-04-07,2024-04-07 13:46:00,1506.5,1506.75,1506.5,1506.75,0.02,101.46,153099.62,1
2024-04-07,2024-04-07 13:47:00,1506.75,1507.0,1506.75,1507.0,0.02,101.46,153099.62,1
2024-04-07,2024-04-07 13:48:00,1507.0,1507.25,1507.0,1507.25,0.02,101.46,153099.62,1
2024-04-07,2024-04-07 13:49:00,1507.25,1507.5,1507.25,1507.5,0.02,101.46,153099.62,1
2024-04-07,2024-04-07 13:50:00,1507.5,1507.75,1507.5,1507.75,0.02,101.46,153099.62,1
2024-04-07,2024-04-07 13:51:00,1507.75,1508.0,1507.75,1508.0,0.02,101.46,153099.62,1
2024-04-07,2024-04-07 13:52:00,1508.0,1508.25,1508.0,1508.25,0.02,101.46,153099.62,1
2024-04-07,2024-04-07 13:53:00,1508.25,1508.5,1508.25,1508.5,0.02,101.46,153099.62,1
2024-04-07,2024-04-07 13:54:00,1508.5,1508.75,1508.5,1508.75,0.02,101.46,153099.62,1
2024-04-07,2024-04-07 13:55:00,1508.75,1509.0,1508.75,1509.0,0.02,101.46,153099.62,1
2024-04-07,2024-04-07 13:56:00,1509.0,1509.25,1509.0,1509.25,0.02,101.46,153099.62,1
2024-04-07,2024-04-07 13:57:00,1509.25,1509.5,1509.25,1509.5,0.02,101.46,153099.62,1
2024-04-07,2024-04-07 13:58:00,1509.5,1509.75,1509.5,1509.75,0.02,101.46,153099.62,1
2024-04-07,2024-04-07 13:59:00,1509.75,1510.0,1509.75,1510.0,0.02,101.46,153099.62,1
2024-04-07,2024-04-07 14:00:00,1510.0,1510.25,1510.0,1510.25,0.02,101.46,153099.62,1
2024-04-07,2024-04-07 14:01:00,1510.25,1510.5,1510.25,1510.5,0.02,101.46,153099.62,1
2024-04-07,2024-04-07 14:02:00,1510.5,1510.75,1510.5,1510.75,0.02,101.46,153099.62,1
2024-04-07,2024-04-07 14:03:00,1510.75,1511.0,1510.75,1511.0,0.02,101.46,153099.62,1
2024-04-07,2024-04-07 14:04:00,1511.0,1511.25,1511.0,1511.25,0.02,101.46,153099.62,1
2024-04-07,2024-04-07 14:05:00,1511.25,1511.5,1511.25,1511.5,0.02,101.46,153099.62,1
2024-04-07,2024-04-07 14:06:00,1511.5,1511.75,1511.5,1511.75,0.02,101.46,153099.62,1
2024-04-07,2024-04-07 14:07:00,1511.75,1512.0,1511.75,1512.0,0.02,101.46,153099.62,1
2024-04-07,2024-04-07 14:08:00,1512.0,1512.25,1512.0,1512.25,0.02,101.46,153099.62,1
2024-04-07,2024-04-07 14:09:00,1512.25,1512.5,1512.25,1512.5,0.02,101.46,153099.62,1
2024-04-07,2024-04-07 14:10:00,1512.5,1512.75,1512.5,1512.75,0.02,101.46,153099.62,1
2024-04-07,2024-04-07 14:11:00,1512.75,1513.0,1512.75,1513.0,0.02,101.46,153099.62,1
2024-04-07,2024-04-07 14:12:00,1513.0,1513.25,1513.0,1513.25,0.02,101.46,153099.62,1
2024-04-07,2024-04-07 14:13:00,1513.25,1513.5,1513.25,1513.5,0.02,101.46,153099.62,1
2024-04-07,2024-04-07 14:14:00,1513.5,1513.75,1513.5,1513.75,0.02,101.46,153099.62,1
2024-04-07,2024-04-07 14:15:00,1513.75,1514.0,1513.75,1514.0,0.02,101.46,153099.62,1
2024-04-07,2024-04-07 14:16:00,1514.0,1514.25,1514.0,1514.25,0.02,101.46,153099.62,1
2024-04-07,2024-04-07 14:17:00,1514.25,1514.5,1514.25,1514.5,0.02,101.46,153099.62,1
2024-04-07,2024-04-07 14:18:00,1514.5,1514.75,1514.5,1514.75,0.02,101.46,153099.62,1
2024-04-07,2024-04-07 14:19:00,1514.75,1515.0,1514.75,1515.0,0.02,101.46,153099.62,1
2024-04-07,2024-04-07 14:20:00,1515.0,1515.25,1515.0,1515.25,0.02,101.46,153099.62,1
2024-04-07,2024-04-07 14:21:00,1515.25,1515.5,1515.25,1515.5,0.02,101.46,153099.62,1
2024-04-07,2024-04-07 14:22:00,1515.5,1515.75,1515.5,1515.75,0.02,101.46,153099.62,1
2024-04-07,2024-04-07 14:23:00,1515.75,1516.0,1515.75,1516.0,0.02,101.46,153099.62,1
2024-04-07,2024-04-07 14:24:00,1516.0,1516.25,1516.0,1516.25,0.02,101.46,153099.62,1
2024-04-07,2024-04-07 14:25:00,1516.25,1516.5,1516.25,1516.5,0.02,101.46,153099.62,1
2024-04-07,2024-04-07 14:26:00,1516.5,1516.75,1516.5,1516.75,0.02,101.46,153099.62,1
2024-04-07,2024-04-07 14:27:00,1516.75,1517.0,1516.75,1517.0,0.02,101.46,153099.62,1
2024-04-07,2024-04-07 14:28:00,1517.0,1517.25,1517.0,1517.25,0.02,101.46,153099.62,1
2024-04-07,2024-04-07 14:29:00,1517.25,1517.5,1517.25,1517.5,0.02,101.46,153099.62,1
2024-04-07,2024-04-07 14:30:00,1517.5,1517.75,1517.5,1517.75,0.02,101.46,153099.62,1
2024-04-07,2024-04-07 14:31:00,1517.75,1518.0,1517.75,1518.0,0.02,101.46,153099.62,1
2024-04-07,2024-04-07 14:32:00,1518.0,1518.25,1518.0,1518.25,0.02,101.46,153099.62,1
2024-04-07,2024-04-07 14:33:00,1518.25,1518.5,1518.25,1518.5,0.02,101.46,153099.62,1
2024-04-07,2024-04-07 14:34:00,1518.5,1518.75,1518.5,1518.75,0.02,101.46,153099.62,1
2024-04-07,2024-04-07 14:35:00,1518.75,1519.0,1518.75,1519.0,0.02,101.46,153099.62,1
2024-04-07,2024-04-07 14:36:00,1519.0,1519.25,1519.0,1519.25,0.02,101.46,153099.62,1
2024-04-07,2024-04-07 14:37:00,1519.25,1519.5,1519.25,1519.5,0.02,101.46,153099.62,1
2024-04-07,2024-04-07 14:38:00,1519.5,1519.75,1519.5,1519.75,0.02,101.46,153099.62,1
2024-04-07,2024-04-07 14:39:00,1519.75,1520.0,1519.75,1520.0,0.02,101.46,153099.62,1
2024-04-07,2024-04-07 14:40:00,1520.0,1520.25,1520.0,1520.25,0.02,101.46,153099.62,1
2024-04-07,2024-04-07 14:41:00,1520.25,1520.5,1520.25,1520.5,0.02,101.46,153099.62,1
2024-04-07,2024-04-07 14:42:00,1520.5,1520.75,1520.5,1520.75,0.02,101.46,153099.62,1
2024-04-07,2024-04-07 14:43:00,1520.75,1521.0,1520.75,1521.0,0.02,101.46,153099.62,1
2024-04-07,2024-04-07 14:44:00,1521.0,1521.25,1521.0,1521.25,0.02,101.46,153099.62,1
2024-04-07,2024-04-07 14:45:00,1521.25,1521.5,1521.25,1521.5,0.02,101.46,153099.62,1
2024-04-07,2024-04-07 14:46:00,1521.5,1521.75,1521.5,1521.75,0.02,101.46,153099.62,1
2024-04-07,2024-04-07 14:47:00,1521.75,1522.0,1521.75,1522.0,0.02,101.46,153099.62,1
2024-04-07,2024-04-07 14:48:00,1522.0,1522.25,1522.0,1522.25,0.02,101.46,153099.62,1
2024-04-07,2024-04-07 14:49:00,1522.25,1522.5,1522.25,1522.5,0.02,101.46,153099.62,1
2024-04-07,2024-04-07 14:50:00,1522.5,1522.75,1522.5,1522.75,0.02,101.46,153099.62,1
2024-04-07,2024-04-07 14:51:00,1522.75,1523.0,1522.75,1523.0,0.02,101.46,153099.62,1
2024-04-07,2024-04-07 14:52:00,1523.0,1523.25,1523.0,1523.25,0.02,101.46,153099.62,1
2024-04-07,2024-04-07 14:53:00,1523.25,1523.5,1523.25,1523.5,0.02,101.46,153099.62,1
2024-04-07,2024-04-07 14:54:00,1523.5,1523.75,1523.5,1523.75,0.02,101.46,153099.62,1
2024-04-07,2024-04-07 14:55:00,1523.75,1524.0,1523.75,1524.0,0.02,101.46,153099.62,1
2024-04-07,2024-04-07 14:56:00,1524.0,1524.25,1524.0,1524.25,0.02,101.46,153099.62,1
2024-04-07,2024-04-07 14:57:00,1524.25,1524.5,1524.25,1524.5,0.02,101.46,153099.62,1
2024-04-07,2024-04-07 14:58:00,1524.5,1524.75,1524.5,1524.75,0.02,101.46,153099.62,1
2024-04-07,2024-04-07 14:59:00,1524.75,1525.0,1524.75,1525.0,0.02,101.46,153099.62,1
2024-04-07,2024-04-07 15:00:00,1525.0,1549.0,1437.7,1525.0,0.0,101.46,153099.62,0
2024-04-09,2024-04-09 11:00:00,1494.5,1538.15,1494.5,1495.04,0.04,134.73,210860.79,1
2024-04-09,2024-04-09 11:01:00,1495.04,1495.59,1495.04,1495.59,0.04,134.73,210860.79,1
2024-04-09,2024-04-09 11:02:00,1495.59,1496.13,1495.59,1496.13,0.04,134.73,210860.79,1
2024-04-09,2024-04-09 11:03:00,1496.13,1496.67,1496.13,1496.67,0.04,134.73,210860.79,1
2024-04-09,2024-04-09 11:04:00,1496.67,1497.22,1496.67,1497.22,0.04,134.73,210860.79,1
2024-04-09,2024-04-09 11:05:00,1497.22,1497.76,1497.22,1497.76,0.04,134.73,210860.79,1
2024-04-09,2024-04-09 11:06:00,1497.76,1498.31,1497.76,1498.31,0.04,134.73,210860.79,1
2024-04-09,2024-04-09 11:07:00,1498.31,1498.85,1498.31,1498.85,0.04,134.73,210860.79,1
2024-04-09,2024-04-09 11:08:00,1498.85,1499.39,1498.85,1499.39,0.04,134.73,210860.79,1
2024-04-09,2024-04-09 11:09:00,1499.39,1499.94,1499.39,1499.94,0.04,134.73,210860.79,1
2024-04-09,2024-04-09 11:10:00,1499.94,1500.48,1499.94,1500.48,0.04,134.73,210860.79,1
2024-04-09,2024-04-09 11:11:00,1500.48,1501.03,1500.48,1501.03,0.04,134.73,210860.79,1
2024-04-09,2024-04-09 11:12:00,1501.03,1501.57,1501.03,1501.57,0.04,134.73,210860.79,1
2024-04-09,2024-04-09 11:13:00,1501.57,1502.11,1501.57,1502.11,0.04,134.73,210860.79,1
2024-04-09,2024-04-09 11:14:00,1502.11,1502.66,1502.11,1502.66,0.04,134.73,210860.79,1
2024-04-09,2024-04-09 11:15:00,1502.66,1503.2,1502.66,1503.2,0.04,134.73,210860.79,1
2024-04-09,2024-04-09 11:16:00,1503.2,1503.74,1503.2,1503.74,0.04,134.73,210860.79,1
2024-04-09,2024-04-09 11:17:00,1503.74,1504.29,1503.74,1504.29,0.04,134.73,210860.79,1
2024-04-09,2024-04-09 11:18:00,1504.29,1504.83,1504.29,1504.83,0.04,134.73,210860.79,1
2024-04-09,2024-04-09 11:19:00,1504.83,1505.38,1504.83,1505.38,0.04,134.73,210860.79,1
2024-04-09,2024-04-09 11:20:00,1505.38,1505.92,1505.38,1505.92,0.04,134.73,210860.79,1
2024-04-09,2024-04-09 11:21:00,1505.92,1506.46,1505.92,1506.46,0.04,134.73,210860.79,1
2024-04-09,2024-04-09 11:22:00,1506.46,1507.01,1506.46,1507.01,0.04,134.73,210860.79,1
2024-04-09,2024-04-09 11:23:00,1507.01,1507.55,1507.01,1507.55,0.04,134.73,210860.79,1
2024-04-09,2024-04-09 11:24:00,1507.55,1508.09,1507.55,1508.09,0.04,134.73,210860.79,1
2024-04-09,2024-04-09 11:25:00,1508.09,1508.64,1508.09,1508.64,0.04,134.73,210860.79,1
2024-04-09,2024-04-09 11:26:00,1508.64,1509.18,1508.64,1509.18,0.04,134.73,210860.79,1
2024-04-09,2024-04-09 11:27:00,1509.18,1509.72,1509.18,1509.72,0.04,134.73,210860.79,1
2024-04-09,2024-04-09 11:28:00,1509.72,1510.27,1509.72,1510.27,0.04,134.73,210860.79,1
2024-04-09,2024-04-09 11:29:00,1510.27,1510.81,1510.27,1510.81,0.04,134.73,210860.79,1
2024-04-09,2024-04-09 11:30:00,1510.81,1511.36,1510.81,1511.36,0.04,134.73,210860.79,1
2024-04-09,2024-04-09 11:31:00,1511.36,1511.9,1511.36,1511.9,0.04,134.73,210860.79,1
2024-04-09,2024-04-09 11:32:00,1511.9,1512.44,1511.9,1512.44,0.04,134.73,210860.79,1
2024-04-09,2024-04-09 11:33:00,1512.44,1512.99,1512.44,1512.99,0.04,134.73,210860.79,1
2024-04-09,2024-04-09 11:34:00,1512.99,1513.53,1512.99,1513.53,0.04,134.73,210860.79,1
2024-04-09,2024-04-09 11:35:00,1513.53,1514.08,1513.53,1514.08,0.04,134.73,210860.79,1
2024-04-09,2024-04-09 11:36:00,1514.08,1514.62,1514.08,1514.62,0.04,134.73,210860.79,1
2024-04-09,2024-04-09 11:37:00,1514.62,1515.16,1514.62,1515.16,0.04,134.73,210860.79,1
2024-04-09,2024-04-09 11:38:00,1515.16,1515.71,1515.16,1515.71,0.04,134.73,210860.79,1
2024-04-09,2024-04-09 11:39:00,1515.71,1516.25,1515.71,1516.25,0.04,134.73,210860.79,1
2024-04-09,2024-04-09 11:40:00,1516.25,1516.79,1516.25,1516.79,0.04,134.73,210860.79,1
2024-04-09,2024-04-09 11:41:00,1516.79,1517.34,1516.79,1517.34,0.04,134.73,210860.79,1
2024-04-09,2024-04-09 11:42:00,1517.34,1517.88,1517.34,1517.88,0.04,134.73,210860.79,1
2024-04-09,2024-04-09 11:43:00,1517.88,1518.42,1517.88,1518.42,0.04,134.73,210860.79,1
2024-04-09,2024-04-09 11:44:00,1518.42,1518.97,1518.42,1518.97,0.04,134.73,210860.79,1
2024-04-09,2024-04-09 11:45:00,1518.97,1519.51,1518.97,1519.51,0.04,134.73,210860.79,1
2024-04-09,2024-04-09 11:46:00,1519.51,1520.06,1519.51,1520.06,0.04,134.73,210860.79,1
2024-04-09,2024-04-09 11:47:00,1520.06,1520.6,1520.06,1520.6,0.04,134.73,210860.79,1
2024-04-09,2024-04-09 11:48:00,1520.6,1521.14,1520.6,1521.14,0.04,134.73,210860.79,1
2024-04-09,2024-04-09 11:49:00,1521.14,1521.69,1521.14,1521.69,0.04,134.73,210860.79,1
2024-04-09,2024-04-09 11:50:00,1521.69,1522.23,1521.69,1522.23,0.04,134.73,210860.79,1
2024-04-09,2024-04-09 11:51:00,1522.23,1522.78,1522.23,1522.78,0.04,134.73,210860.79,1
2024-04-09,2024-04-09 11:52:00,1522.78,1523.32,1522.78,1523.32,0.04,134.73,210860.79,1
2024-04-09,2024-04-09 11:53:00,1523.32,1523.86,1523.32,1523.86,0.04,134.73,210860.79,1
2024-04-09,2024-04-09 11:54:00,1523.86,1524.41,1523.86,1524.41,0.04,134.73,210860.79,1
2024-04-09,2024-04-09 11:55:00,1524.41,1524.95,1524.41,1524.95,0.04,134.73,210860.79,1
2024-04-09,2024-04-09 11:56:00,1524.95,1525.49,1524.95,1525.49,0.04,134.73,210860.79,1
2024-04-09,2024-04-09 11:57:00,1525.49,1526.04,1525.49,1526.04,0.04,134.73,210860.79,1
2024-04-09,2024-04-09 11:58:00,1526.04,1526.58,1526.04,1526.58,0.04,134.73,210860.79,1
2024-04-09,2024-04-09 11:59:00,1526.58,1527.12,1526.58,1527.12,0.04,134.73,210860.79,1
2024-04-09,2024-04-09 12:00:00,1527.12,1527.67,1527.12,1527.67,0.04,134.73,210860.79,1
2024-04-09,2024-04-09 12:01:00,1527.67,1528.21,1527.67,1528.21,0.04,134.73,210860.79,1
2024-04-09,2024-04-09 12:02:00,1528.21,1528.76,1528.21,1528.76,0.04,134.73,210860.79,1
2024-04-09,2024-04-09 12:03:00,1528.76,1529.3,1528.76,1529.3,0.04,134.73,210860.79,1
2024-04-09,2024-04-09 12:04:00,1529.3,1529.84,1529.3,1529.84,0.04,134.73,210860.79,1
2024-04-09,2024-04-09 12:05:00,1529.84,1530.39,1529.84,1530.39,0.04,134.73,210860.79,1
2024-04-09,2024-04-09 12:06:00,1530.39,1530.93,1530.39,1530.93,0.04,134.73,210860.79,1
2024-04-09,2024-04-09 12:07:00,1530.93,1531.47,1530.93,1531.47,0.04,134.73,210860.79,1
2024-04-09,2024-04-09 12:08:00,1531.47,1532.02,1531.47,1532.02,0.04,134.73,210860.79,1
2024-04-09,2024-04-09 12:09:00,1532.02,1532.56,1532.02,1532.56,0.04,134.73,210860.79,1
2024-04-09,2024-04-09 12:10:00,1532.56,1533.11,1532.56,1533.11,0.04,134.73,210860.79,1
2024-04-09,2024-04-09 12:11:00,1533.11,1533.65,1533.11,1533.65,0.04,134.73,210860.79,1
2024-04-09,2024-04-09 12:12:00,1533.65,1534.19,1533.65,1534.19,0.04,134.73,210860.79,1
2024-04-09,2024-04-09 12:13:00,1534.19,1534.74,1534.19,1534.74,0.04,134.73,210860.79,1
2024-04-09,2024-04-09 12:14:00,1534.74,1535.28,1534.74,1535.28,0.04,134.73,210860.79,1
2024-04-09,2024-04-09 12:15:00,1535.28,1535.83,1535.28,1535.83,0.04,134.73,210860.79,1
2024-04-09,2024-04-09 12:16:00,1535.83,1536.37,1535.83,1536.37,0.04,134.73,210860.79,1
2024-04-09,2024-04-09 12:17:00,1536.37,1536.91,1536.37,1536.91,0.04,134.73,210860.79,1
2024-04-09,2024-04-09 12:18:00,1536.91,1537.46,1536.91,1537.46,0.04,134.73,210860.79,1
2024-04-09,2024-04-09 12:19:00,1537.46,1538.0,1537.46,1538.0,0.04,134.73,210860.79,1
2024-04-09,2024-04-09 12:20:00,1538.0,1538.54,1538.0,1538.54,0.04,134.73,210860.79,1
2024-04-09,2024-04-09 12:21:00,1538.54,1539.09,1538.54,1539.09,0.04,134.73,210860.79,1
2024-04-09,2024-04-09 12:22:00,1539.09,1539.63,1539.09,1539.63,0.04,134.73,210860.79,1
2024-04-09,2024-04-09 12:23:00,1539.63,1540.17,1539.63,1540.17,0.04,134.73,210860.79,1
2024-04-09,2024-04-09 12:24:00,1540.17,1540.72,1540.17,1540.72,0.04,134.73,210860.79,1
2024-04-09,2024-04-09 12:25:00,1540.72,1541.26,1540.72,1541.26,0.04,134.73,210860.79,1
2024-04-09,2024-04-09 12:26:00,1541.26,1541.81,1541.26,1541.81,0.04,134.73,210860.79,1
2024-04-09,2024-04-09 12:27:00,1541.81,1542.35,1541.81,1542.35,0.04,134.73,210860.79,1
2024-04-09,2024-04-09 12:28:00,1542.35,1542.89,1542.35,1542.89,0.04,134.73,210860.79,1
2024-04-09,2024-04-09 12:29:00,1542.89,1543.44,1542.89,1543.44,0.04,134.73,210860.79,1
2024-04-09,2024-04-09 12:30:00,1543.44,1543.98,1543.44,1543.98,0.03,134.73,210860.79,1
2024-04-09,2024-04-09 12:31:00,1543.98,1544.53,1543.98,1544.53,0.04,134.73,210860.79,1
2024-04-09,2024-04-09 12:32:00,1544.53,1545.07,1544.53,1545.07,0.03,134.73,210860.79,1
2024-04-09,2024-04-09 12:33:00,1545.07,1545.61,1545.07,1545.61,0.03,134.73,210860.79,1
2024-04-09,2024-04-09 12:34:00,1545.61,1546.16,1545.61,1546.16,0.04,134.73,210860.79,1
2024-04-09,2024-04-09 12:35:00,1546.16,1546.7,1546.16,1546.7,0.03,134.73,210860.79,1
2024-04-09,2024-04-09 12:36:00,1546.7,1547.24,1546.7,1547.24,0.03,134.73,210860.79,1
2024-04-09,2024-04-09 12:37:00,1547.24,1547.79,1547.24,1547.79,0.04,134.73,210860.79,1
2024-04-09,2024-04-09 12:38:00,1547.79,1548.33,1547.79,1548.33,0.03,134.73,210860.79,1
2024-04-09,2024-04-09 12:39:00,1548.33,1548.88,1548.33,1548.88,0.04,134.73,210860.79,1
2024-04-09,2024-04-09 12:40:00,1548.88,1549.42,1548.88,1549.42,0.03,134.73,210860.79,1
2024-04-09,2024-04-09 12:41:00,1549.42,1549.96,1549.42,1549.96,0.03,134.73,210860.79,1
2024-04-09,2024-04-09 12:42:00,1549.96,1550.51,1549.96,1550.51,0.04,134.73,210860.79,1
2024-04-09,2024-04-09 12:43:00,1550.51,1551.05,1550.51,1551.05,0.03,134.73,210860.79,1
2024-04-09,2024-04-09 12:44:00,1551.05,1551.59,1551.05,1551.59,0.03,134.73,210860.79,1
2024-04-09,2024-04-09 12:45:00,1551.59,1552.14,1551.59,1552.14,0.04,134.73,210860.79,1
2024-04-09,2024-04-09 12:46:00,1552.14,1552.68,1552.14,1552.68,0.03,134.73,210860.79,1
2024-04-09,2024-04-09 12:47:00,1552.68,1553.22,1552.68,1553.22,0.03,134.73,210860.79,1
2024-04-09,2024-04-09 12:48:00,1553.22,1553.77,1553.22,1553.77,0.04,134.73,210860.79,1
2024-04-09,2024-04-09 12:49:00,1553.77,1554.31,1553.77,1554.31,0.03,134.73,210860.79,1
2024-04-09,2024-04-09 12:50:00,1554.31,1554.86,1554.31,1554.86,0.04,134.73,210860.79,1
2024-04-09,2024-04-09 12:51:00,1554.86,1555.4,1554.86,1555.4,0.03,134.73,210860.79,1
2024-04-09,2024-04-09 12:52:00,1555.4,1555.94,1555.4,1555.94,0.03,134.73,210860.79,1
2024-04-09,2024-04-09 12:53:00,1555.94,1556.49,1555.94,1556.49,0.04,134.73,210860.79,1
2024-04-09,2024-04-09 12:54:00,1556.49,1557.03,1556.49,1557.03,0.03,134.73,210860.79,1
2024-04-09,2024-04-09 12:55:00,1557.03,1557.58,1557.03,1557.58,0.04,134.73,210860.79,1
2024-04-09,2024-04-09 12:56:00,1557.58,1558.12,1557.58,1558.12,0.03,134.73,210860.79,1
2024-04-09,2024-04-09 12:57:00,1558.12,1558.66,1558.12,1558.66,0.03,134.73,210860.79,1
2024-04-09,2024-04-09 12:58:00,1558.66,1559.21,1558.66,1559.21,0.04,134.73,210860.79,1
2024-04-09,2024-04-09 12:59:00,1559.21,1559.75,1559.21,1559.75,0.03,134.73,210860.79,1
2024-04-09,2024-04-09 13:00:00,1559.75,1640.0,1494.5,1560.29,0.03,134.73,210860.79,1
2024-04-09,2024-04-09 13:01:00,1560.29,1560.84,1560.29,1560.84,0.04,134.73,210860.79,1
2024-04-09,2024-04-09 13:02:00,1560.84,1561.38,1560.84,1561.38,0.03,134.73,210860.79,1
2024-04-09,2024-04-09 13:03:00,1561.38,1561.92,1561.38,1561.92,0.03,134.73,210860.79,1
2024-04-09,2024-04-09 13:04:00,1561.92,1562.47,1561.92,1562.47,0.04,134.73,210860.79,1
2024-04-09,2024-04-09 13:05:00,1562.47,1563.01,1562.47,1563.01,0.03,134.73,210860.79,1
2024-04-09,2024-04-09 13:06:00,1563.01,1563.56,1563.01,1563.56,0.04,134.73,210860.79,1
2024-04-09,2024-04-09 13:07:00,1563.56,1564.1,1563.56,1564.1,0.03,134.73,210860.79,1
2024-04-09,2024-04-09 13:08:00,1564.1,1564.64,1564.1,1564.64,0.03,134.73,210860.79,1
2024-04-09,2024-04-09 13:09:00,1564.64,1565.19,1564.64,1565.19,0.04,134.73,210860.79,1
2024-04-09,2024-04-09 13:10:00,1565.19,1565.73,1565.19,1565.73,0.03,134.73,210860.79,1
2024-04-09,2024-04-09 13:11:00,1565.73,1566.28,1565.73,1566.28,0.04,134.73,210860.79,1
2024-04-09,2024-04-09 13:12:00,1566.28,1566.82,1566.28,1566.82,0.03,134.73,210860.79,1
2024-04-09,2024-04-09 13:13:00,1566.82,1567.36,1566.82,1567.36,0.03,134.73,210860.79,1
2024-04-09,2024-04-09 13:14:00,1567.36,1567.91,1567.36,1567.91,0.04,134.73,210860.79,1
2024-04-09,2024-04-09 13:15:00,1567.91,1568.45,1567.91,1568.45,0.03,134.73,210860.79,1
2024-04-09,2024-04-09 13:16:00,1568.45,1568.99,1568.45,1568.99,0.03,134.73,210860.79,1
2024-04-09,2024-04-09 13:17:00,1568.99,1569.54,1568.99,1569.54,0.04,134.73,210860.79,1
2024-04-09,2024-04-09 13:18:00,1569.54,1570.08,1569.54,1570.08,0.03,134.73,210860.79,1
2024-04-09,2024-04-09 13:19:00,1570.08,1570.62,1570.08,1570.62,0.03,134.73,210860.79,1
2024-04-09,2024-04-09 13:20:00,1570.62,1571.17,1570.62,1571.17,0.04,134.73,210860.79,1
2024-04-09,2024-04-09 13:21:00,1571.17,1571.71,1571.17,1571.71,0.03,134.73,210860.79,1
2024-04-09,2024-04-09 13:22:00,1571.71,1572.26,1571.71,1572.26,0.03,134.73,210860.79,1
2024-04-09,2024-04-09 13:23:00,1572.26,1572.8,1572.26,1572.8,0.03,134.73,210860.79,1
2024-04-09,2024-04-09 13:24:00,1572.8,1573.34,1572.8,1573.34,0.03,134.73,210860.79,1
2024-04-09,2024-04-09 13:25:00,1573.34,1573.89,1573.34,1573.89,0.03,134.73,210860.79,1
2024-04-09,2024-04-09 13:26:00,1573.89,1574.43,1573.89,1574.43,0.03,134.73,210860.79,1
2024-04-09,2024-04-09 13:27:00,1574.43,1574.97,1574.43,1574.97,0.03,134.73,210860.79,1
2024-04-09,2024-04-09 13:28:00,1574.97,1575.52,1574.97,1575.52,0.03,134.73,210860.79,1
2024-04-09,2024-04-09 13:29:00,1575.52,1576.06,1575.52,1576.06,0.03,134.73,210860.79,1
2024-04-09,2024-04-09 13:30:00,1576.06,1576.61,1576.06,1576.61,0.03,134.73,210860.79,1
2024-04-09,2024-04-09 13:31:00,1576.61,1577.15,1576.61,1577.15,0.03,134.73,210860.79,1
2024-04-09,2024-04-09 13:32:00,1577.15,1577.69,1577.15,1577.69,0.03,134.73,210860.79,1
2024-04-09,2024-04-09 13:33:00,1577.69,1578.24,1577.69,1578.24,0.03,134.73,210860.79,1
2024-04-09,2024-04-09 13:34:00,1578.24,1578.78,1578.24,1578.78,0.03,134.73,210860.79,1
2024-04-09,2024-04-09 13:35:00,1578.78,1579.33,1578.78,1579.33,0.03,134.73,210860.79,1
2024-04-09,2024-04-09 13:36:00,1579.33,1579.87,1579.33,1579.87,0.03,134.73,210860.79,1
2024-04-09,2024-04-09 13:37:00,1579.87,1580.41,1579.87,1580.41,0.03,134.73,210860.79,1
2024-04-09,2024-04-09 13:38:00,1580.41,1580.96,1580.41,1580.96,0.03,134.73,210860.79,1
2024-04-09,2024-04-09 13:39:00,1580.96,1581.5,1580.96,1581.5,0.03,134.73,210860.79,1
2024-04-09,2024-04-09 13:40:00,1581.5,1582.04,1581.5,1582.04,0.03,134.73,210860.79,1
2024-04-09,2024-04-09 13:41:00,1582.04,1582.59,1582.04,1582.59,0.03,134.73,210860.79,1
2024-04-09,2024-04-09 13:42:00,1582.59,1583.13,1582.59,1583.13,0.03,134.73,210860.79,1
2024-04-09,2024-04-09 13:43:00,1583.13,1583.67,1583.13,1583.67,0.03,134.73,210860.79,1
2024-04-09,2024-04-09 13:44:00,1583.67,1584.22,1583.67,1584.22,0.03,134.73,210860.79,1
2024-04-09,2024-04-09 13:45:00,1584.22,1584.76,1584.22,1584.76,0.03,134.73,210860.79,1
2024-04-09,2024-04-09 13:46:00,1584.76,1585.31,1584.76,1585.31,0.03,134.73,210860.79,1
2024-04-09,2024-04-09 13:47:00,1585.31,1585.85,1585.31,1585.85,0.03,134.73,210860.79,1
2024-04-09,2024-04-09 13:48:00,1585.85,1586.39,1585.85,1586.39,0.03,134.73,210860.79,1
2024-04-09,2024-04-09 13:49:00,1586.39,1586.94,1586.39,1586.94,0.03,134.73,210860.79,1
2024-04-09,2024-04-09 13:50:00,1586.94,1587.48,1586.94,1587.48,0.03,134.73,210860.79,1
2024-04-09,2024-04-09 13:51:00,1587.48,1588.03,1587.48,1588.03,0.03,134.73,210860.79,1
2024-04-09,2024-04-09 13:52:00,1588.03,1588.57,1588.03,1588.57,0.03,134.73,210860.79,1
2024-04-09,2024-04-09 13:53:00,1588.57,1589.11,1588.57,1589.11,0.03,134.73,210860.79,1
2024-04-09,2024-04-09 13:54:00,1589.11,1589.66,1589.11,1589.66,0.03,134.73,210860.79,1
2024-04-09,2024-04-09 13:55:00,1589.66,1590.2,1589.66,1590.2,0.03,134.73,210860.79,1
2024-04-09,2024-04-09 13:56:00,1590.2,1590.74,1590.2,1590.74,0.03,134.73,210860.79,1
2024-04-09,2024-04-09 13:57:00,1590.74,1591.29,1590.74,1591.29,0.03,134.73,210860.79,1
2024-04-09,2024-04-09 13:58:00,1591.29,1591.83,1591.29,1591.83,0.03,134.73,210860.79,1
2024-04-09,2024-04-09 13:59:00,1591.83,1592.38,1591.83,1592.38,0.03,134.73,210860.79,1
2024-04-09,2024-04-09 14:00:00,1592.38,1592.92,1592.38,1592.92,0.03,134.73,210860.79,1
2024-04-09,2024-04-09 14:01:00,1592.92,1593.46,1592.92,1593.46,0.03,134.73,210860.79,1
2024-04-09,2024-04-09 14:02:00,1593.46,1594.01,1593.46,1594.01,0.03,134.73,210860.79,1
2024-04-09,2024-04-09 14:03:00,1594.01,1594.55,1594.01,1594.55,0.03,134.73,210860.79,1
2024-04-09,2024-04-09 14:04:00,1594.55,1595.09,1594.55,1595.09,0.03,134.73,210860.79,1
2024-04-09,2024-04-09 14:05:00,1595.09,1595.64,1595.09,1595.64,0.03,134.73,210860.79,1
2024-04-09,2024-04-09 14:06:00,1595.64,1596.18,1595.64,1596.18,0.03,134.73,210860.79,1
2024-04-09,2024-04-09 14:07:00,1596.18,1596.72,1596.18,1596.72,0.03,134.73,210860.79,1
2024-04-09,2024-04-09 14:08:00,1596.72,1597.27,1596.72,1597.27,0.03,134.73,210860.79,1
2024-04-09,2024-04-09 14:09:00,1597.27,1597.81,1597.27,1597.81,0.03,134.73,210860.79,1
2024-04-09,2024-04-09 14:10:00,1597.81,1598.36,1597.81,1598.36,0.03,134.73,210860.79,1
2024-04-09,2024-04-09 14:11:00,1598.36,1598.9,1598.36,1598.9,0.03,134.73,210860.79,1
2024-04-09,2024-04-09 14:12:00,1598.9,1599.44,1598.9,1599.44,0.03,134.73,210860.79,1
2024-04-09,2024-04-09 14:13:00,1599.44,1599.99,1599.44,1599.99,0.03,134.73,210860.79,1
2024-04-09,2024-04-09 14:14:00,1599.99,1600.53,1599.99,1600.53,0.03,134.73,210860.79,1
2024-04-09,2024-04-09 14:15:00,1600.53,1601.08,1600.53,1601.08,0.03,134.73,210860.79,1
2024-04-09,2024-04-09 14:16:00,1601.08,1601.62,1601.08,1601.62,0.03,134.73,210860.79,1
2024-04-09,2024-04-09 14:17:00,1601.62,1602.16,1601.62,1602.16,0.03,134.73,210860.79,1
2024-04-09,2024-04-09 14:18:00,1602.16,1602.71,1602.16,1602.71,0.03,134.73,210860.79,1
2024-04-09,2024-04-09 14:19:00,1602.71,1603.25,1602.71,1603.25,0.03,134.73,210860.79,1
2024-04-09,2024-04-09 14:20:00,1603.25,1603.79,1603.25,1603.79,0.03,134.73,210860.79,1
2024-04-09,2024-04-09 14:21:00,1603.79,1604.34,1603.79,1604.34,0.03,134.73,210860.79,1
2024-04-09,2024-04-09 14:22:00,1604.34,1604.88,1604.34,1604.88,0.03,134.73,210860.79,1
2024-04-09,2024-04-09 14:23:00,1604.88,1605.42,1604.88,1605.42,0.03,134.73,210860.79,1
2024-04-09,2024-04-09 14:24:00,1605.42,1605.97,1605.42,1605.97,0.03,134.73,210860.79,1
2024-04-09,2024-04-09 14:25:00,1605.97,1606.51,1605.97,1606.51,0.03,134.73,210860.79,1
2024-04-09,2024-04-09 14:26:00,1606.51,1607.06,1606.51,1607.06,0.03,134.73,210860.79,1
2024-04-09,2024-04-09 14:27:00,1607.06,1607.6,1607.06,1607.6,0.03,134.73,210860.79,1
2024-04-09,2024-04-09 14:28:00,1607.6,1608.14,1607.6,1608.14,0.03,134.73,210860.79,1
2024-04-09,2024-04-09 14:29:00,1608.14,1608.69,1608.14,1608.69,0.03,134.73,210860.79,1
2024-04-09,2024-04-09 14:30:00,1608.69,1609.23,1608.69,1609.23,0.03,134.73,210860.79,1
2024-04-09,2024-04-09 14:31:00,1609.23,1609.78,1609.23,1609.78,0.03,134.73,210860.79,1
2024-04-09,2024-04-09 14:32:00,1609.78,1610.32,1609.78,1610.32,0.03,134.73,210860.79,1
2024-04-09,2024-04-09 14:33:00,1610.32,1610.86,1610.32,1610.86,0.03,134.73,210860.79,1
2024-04-09,2024-04-09 14:34:00,1610.86,1611.41,1610.86,1611.41,0.03,134.73,210860.79,1
2024-04-09,2024-04-09 14:35:00,1611.41,1611.95,1611.41,1611.95,0.03,134.73,210860.79,1
2024-04-09,2024-04-09 14:36:00,1611.95,1612.49,1611.95,1612.49,0.03,134.73,210860.79,1
2024-04-09,2024-04-09 14:37:00,1612.49,1613.04,1612.49,1613.04,0.03,134.73,210860.79,1
2024-04-09,2024-04-09 14:38:00,1613.04,1613.58,1613.04,1613.58,0.03,134.73,210860.79,1
2024-04-09,2024-04-09 14:39:00,1613.58,1614.12,1613.58,1614.12,0.03,134.73,210860.79,1
2024-04-09,2024-04-09 14:40:00,1614.12,1614.67,1614.12,1614.67,0.03,134.73,210860.79,1
2024-04-09,2024-04-09 14:41:00,1614.67,1615.21,1614.67,1615.21,0.03,134.73,210860.79,1
2024-04-09,2024-04-09 14:42:00,1615.21,1615.76,1615.21,1615.76,0.03,134.73,210860.79,1
2024-04-09,2024-04-09 14:43:00,1615.76,1616.3,1615.76,1616.3,0.03,134.73,210860.79,1
2024-04-09,2024-04-09 14:44:00,1616.3,1616.84,1616.3,1616.84,0.03,134.73,210860.79,1
2024-04-09,2024-04-09 14:45:00,1616.84,1617.39,1616.84,1617.39,0.03,134.73,210860.79,1
2024-04-09,2024-04-09 14:46:00,1617.39,1617.93,1617.39,1617.93,0.03,134.73,210860.79,1
2024-04-09,2024-04-09 14:47:00,1617.93,1618.47,1617.93,1618.47,0.03,134.73,210860.79,1
2024-04-09,2024-04-09 14:48:00,1618.47,1619.02,1618.47,1619.02,0.03,134.73,210860.79,1
2024-04-09,2024-04-09 14:49:00,1619.02,1619.56,1619.02,1619.56,0.03,134.73,210860.79,1
2024-04-09,2024-04-09 14:50:00,1619.56,1620.11,1619.56,1620.11,0.03,134.73,210860.79,1
2024-04-09,2024-04-09 14:51:00,1620.11,1620.65,1620.11,1620.65,0.03,134.73,210860.79,1
2024-04-09,2024-04-09 14:52:00,1620.65,1621.19,1620.65,1621.19,0.03,134.73,210860.79,1
2024-04-09,2024-04-09 14:53:00,1621.19,1621.74,1621.19,1621.74,0.03,134.73,210860.79,1
2024-04-09,2024-04-09 14:54:00,1621.74,1622.28,1621.74,1622.28,0.03,134.73,210860.79,1
2024-04-09,2024-04-09 14:55:00,1622.28,1622.83,1622.28,1622.83,0.03,134.73,210860.79,1
2024-04-09,2024-04-09 14:56:00,1622.83,1623.37,1622.83,1623.37,0.03,134.73,210860.79,1
2024-04-09,2024-04-09 14:57:00,1623.37,1623.91,1623.37,1623.91,0.03,134.73,210860.79,1
2024-04-09,2024-04-09 14:58:00,1623.91,1624.46,1623.91,1624.46,0.03,134.73,210860.79,1
2024-04-09,2024-04-09 14:59:00,1624.46,1625.0,1624.46,1625.0,0.03,134.73,210860.79,1
2024-04-09,2024-04-09 15:00:00,1625.0,1640.0,1494.5,1625.0,0.0,134.73,210860.79,0
2024-04-10,2024-04-10 11:00:00,1657.5,1677.69,1640.25,1657.78,0.02,164.07,274618.86,1
2024-04-10,2024-04-10 11:01:00,1657.78,1658.06,1657.78,1658.06,0.02,164.07,274618.86,1
2024-04-10,2024-04-10 11:02:00,1658.06,1658.34,1658.06,1658.34,0.02,164.07,274618.86,1
2024-04-10,2024-04-10 11:03:00,1658.34,1658.62,1658.34,1658.62,0.02,164.07,274618.86,1
2024-04-10,2024-04-10 11:04:00,1658.62,1658.9,1658.62,1658.9,0.02,164.07,274618.86,1
2024-04-10,2024-04-10 11:05:00,1658.9,1659.18,1658.9,1659.18,0.02,164.07,274618.86,1
2024-04-10,2024-04-10 11:06:00,1659.18,1659.46,1659.18,1659.46,0.02,164.07,274618.86,1
2024-04-10,2024-04-10 11:07:00,1659.46,1659.74,1659.46,1659.74,0.02,164.07,274618.86,1
2024-04-10,2024-04-10 11:08:00,1659.74,1660.02,1659.74,1660.02,0.02,164.07,274618.86,1
2024-04-10,2024-04-10 11:09:00,1660.02,1660.3,1660.02,1660.3,0.02,164.07,274618.86,1
2024-04-10,2024-04-10 11:10:00,1660.3,1660.58,1660.3,1660.58,0.02,164.07,274618.86,1
2024-04-10,2024-04-10 11:11:00,1660.58,1660.87,1660.58,1660.87,0.02,164.07,274618.86,1
2024-04-10,2024-04-10 11:12:00,1660.87,1661.15,1660.87,1661.15,0.02,164.07,274618.86,1
2024-04-10,2024-04-10 11:13:00,1661.15,1661.43,1661.15,1661.43,0.02,164.07,274618.86,1
2024-04-10,2024-04-10 11:14:00,1661.43,1661.71,1661.43,1661.71,0.02,164.07,274618.86,1
2024-04-10,2024-04-10 11:15:00,1661.71,1661.99,1661.71,1661.99,0.02,164.07,274618.86,1
2024-04-10,2024-04-10 11:16:00,1661.99,1662.27,1661.99,1662.27,0.02,164.07,274618.86,1
2024-04-10,2024-04-10 11:17:00,1662.27,1662.55,1662.27,1662.55,0.02,164.07,274618.86,1
2024-04-10,2024-04-10 11:18:00,1662.55,1662.83,1662.55,1662.83,0.02,164.07,274618.86,1
2024-04-10,2024-04-10 11:19:00,1662.83,1663.11,1662.83,1663.11,0.02,164.07,274618.86,1
2024-04-10,2024-04-10 11:20:00,1663.11,1663.39,1663.11,1663.39,0.02,164.07,274618.86,1
2024-04-10,2024-04-10 11:21:00,1663.39,1663.67,1663.39,1663.67,0.02,164.07,274618.86,1
2024-04-10,2024-04-10 11:22:00,1663.67,1663.95,1663.67,1663.95,0.02,164.07,274618.86,1
2024-04-10,2024-04-10 11:23:00,1663.95,1664.23,1663.95,1664.23,0.02,164.07,274618.86,1
2024-04-10,2024-04-10 11:24:00,1664.23,1664.51,1664.23,1664.51,0.02,164.07,274618.86,1
2024-04-10,2024-04-10 11:25:00,1664.51,1664.79,1664.51,1664.79,0.02,164.07,274618.86,1
2024-04-10,2024-04-10 11:26:00,1664.79,1665.07,1664.79,1665.07,0.02,164.07,274618.86,1
2024-04-10,2024-04-10 11:27:00,1665.07,1665.35,1665.07,1665.35,0.02,164.07,274618.86,1
2024-04-10,2024-04-10 11:28:00,1665.35,1665.63,1665.35,1665.63,0.02,164.07,274618.86,1
2024-04-10,2024-04-10 11:29:00,1665.63,1665.91,1665.63,1665.91,0.02,164.07,274618.86,1
2024-04-10,2024-04-10 11:30:00,1665.91,1666.19,1665.91,1666.19,0.02,164.07,274618.86,1
2024-04-10,2024-04-10 11:31:00,1666.19,1666.47,1666.19,1666.47,0.02,164.07,274618.86,1
2024-04-10,2024-04-10 11:32:00,1666.47,1666.75,1666.47,1666.75,0.02,164.07,274618.86,1
2024-04-10,2024-04-10 11:33:00,1666.75,1667.03,1666.75,1667.03,0.02,164.07,274618.86,1
2024-04-10,2024-04-10 11:34:00,1667.03,1667.31,1667.03,1667.31,0.02,164.07,274618.86,1
2024-04-10,2024-04-10 11:35:00,1667.31,1667.6,1667.31,1667.6,0.02,164.07,274618.86,1
2024-04-10,2024-04-10 11:36:00,1667.6,1667.88,1667.6,1667.88,0.02,164.07,274618.86,1
2024-04-10,2024-04-10 11:37:00,1667.88,1668.16,1667.88,1668.16,0.02,164.07,274618.86,1
2024-04-10,2024-04-10 11:38:00,1668.16,1668.44,1668.16,1668.44,0.02,164.07,274618.86,1
2024-04-10,2024-04-10 11:39:00,1668.44,1668.72,1668.44,1668.72,0.02,164.07,274618.86,1
2024-04-10,2024-04-10 11:40:00,1668.72,1669.0,1668.72,1669.0,0.02,164.07,274618.86,1
2024-04-10,2024-04-10 11:41:00,1669.0,1669.28,1669.0,1669.28,0.02,164.07,274618.86,1
2024-04-10,2024-04-10 11:42:00,1669.28,1669.56,1669.28,1669.56,0.02,164.07,274618.86,1
2024-04-10,2024-04-10 11:43:00,1669.56,1669.84,1669.56,1669.84,0.02,164.07,274618.86,1
2024-04-10,2024-04-10 11:44:00,1669.84,1670.12,1669.84,1670.12,0.02,164.07,274618.86,1
2024-04-10,2024-04-10 11:45:00,1670.12,1670.4,1670.12,1670.4,0.02,164.07,274618.86,1
2024-04-10,2024-04-10 11:46:00,1670.4,1670.68,1670.4,1670.68,0.02,164.07,274618.86,1
2024-04-10,2024-04-10 11:47:00,1670.68,1670.96,1670.68,1670.96,0.02,164.07,274618.86,1
2024-04-10,2024-04-10 11:48:00,1670.96,1671.24,1670.96,1671.24,0.02,164.07,274618.86,1
2024-04-10,2024-04-10 11:49:00,1671.24,1671.52,1671.24,1671.52,0.02,164.07,274618.86,1
2024-04-10,2024-04-10 11:50:00,1671.52,1671.8,1671.52,1671.8,0.02,164.07,274618.86,1
2024-04-10,2024-04-10 11:51:00,1671.8,1672.08,1671.8,1672.08,0.02,164.07,274618.86,1
2024-04-10,2024-04-10 11:52:00,1672.08,1672.36,1672.08,1672.36,0.02,164.07,274618.86,1
2024-04-10,2024-04-10 11:53:00,1672.36,1672.64,1672.36,1672.64,0.02,164.07,274618.86,1
2024-04-10,2024-04-10 11:54:00,1672.64,1672.92,1672.64,1672.92,0.02,164.07,274618.86,1
2024-04-10,2024-04-10 11:55:00,1672.92,1673.2,1672.92,1673.2,0.02,164.07,274618.86,1
2024-04-10,2024-04-10 11:56:00,1673.2,1673.48,1673.2,1673.48,0.02,164.07,274618.86,1
2024-04-10,2024-04-10 11:57:00,1673.48,1673.76,1673.48,1673.76,0.02,164.07,274618.86,1
2024-04-10,2024-04-10 11:58:00,1673.76,1674.04,1673.76,1674.04,0.02,164.07,274618.86,1
2024-04-10,2024-04-10 11:59:00,1674.04,1674.33,1674.04,1674.33,0.02,164.07,274618.86,1
2024-04-10,2024-04-10 12:00:00,1674.33,1674.61,1674.33,1674.61,0.02,164.07,274618.86,1
2024-04-10,2024-04-10 12:01:00,1674.61,1674.89,1674.61,1674.89,0.02,164.07,274618.86,1
2024-04-10,2024-04-10 12:02:00,1674.89,1675.17,1674.89,1675.17,0.02,164.07,274618.86,1
2024-04-10,2024-04-10 12:03:00,1675.17,1675.45,1675.17,1675.45,0.02,164.07,274618.86,1
2024-04-10,2024-04-10 12:04:00,1675.45,1675.73,1675.45,1675.73,0.02,164.07,274618.86,1
2024-04-10,2024-04-10 12:05:00,1675.73,1676.01,1675.73,1676.01,0.02,164.07,274618.86,1
2024-04-10,2024-04-10 12:06:00,1676.01,1676.29,1676.01,1676.29,0.02,164.07,274618.86,1
2024-04-10,2024-04-10 12:07:00,1676.29,1676.57,1676.29,1676.57,0.02,164.07,274618.86,1
2024-04-10,2024-04-10 12:08:00,1676.57,1676.85,1676.57,1676.85,0.02,164.07,274618.86,1
2024-04-10,2024-04-10 12:09:00,1676.85,1677.13,1676.85,1677.13,0.02,164.07,274618.86,1
2024-04-10,2024-04-10 12:10:00,1677.13,1677.41,1677.13,1677.41,0.02,164.07,274618.86,1
2024-04-10,2024-04-10 12:11:00,1677.41,1677.69,1677.41,1677.69,0.02,164.07,274618.86,1
2024-04-10,2024-04-10 12:12:00,1677.69,1677.97,1677.69,1677.97,0.02,164.07,274618.86,1
2024-04-10,2024-04-10 12:13:00,1677.97,1678.25,1677.97,1678.25,0.02,164.07,274618.86,1
2024-04-10,2024-04-10 12:14:00,1678.25,1678.53,1678.25,1678.53,0.02,164.07,274618.86,1
2024-04-10,2024-04-10 12:15:00,1678.53,1678.81,1678.53,1678.81,0.02,164.07,274618.86,1
2024-04-10,2024-04-10 12:16:00,1678.81,1679.09,1678.81,1679.09,0.02,164.07,274618.86,1
2024-04-10,2024-04-10 12:17:00,1679.09,1679.37,1679.09,1679.37,0.02,164.07,274618.86,1
2024-04-10,2024-04-10 12:18:00,1679.37,1679.65,1679.37,1679.65,0.02,164.07,274618.86,1
2024-04-10,2024-04-10 12:19:00,1679.65,1679.93,1679.65,1679.93,0.02,164.07,274618.86,1
2024-04-10,2024-04-10 12:20:00,1679.93,1680.21,1679.93,1680.21,0.02,164.07,274618.86,1
2024-04-10,2024-04-10 12:21:00,1680.21,1680.49,1680.21,1680.49,0.02,164.07,274618.86,1
2024-04-10,2024-04-10 12:22:00,1680.49,1680.77,1680.49,1680.77,0.02,164.07,274618.86,1
2024-04-10,2024-04-10 12:23:00,1680.77,1681.06,1680.77,1681.06,0.02,164.07,274618.86,1
2024-04-10,2024-04-10 12:24:00,1681.06,1681.34,1681.06,1681.34,0.02,164.07,274618.86,1
2024-04-10,2024-04-10 12:25:00,1681.34,1681.62,1681.34,1681.62,0.02,164.07,274618.86,1
2024-04-10,2024-04-10 12:26:00,1681.62,1681.9,1681.62,1681.9,0.02,164.07,274618.86,1
2024-04-10,2024-04-10 12:27:00,1681.9,1682.18,1681.9,1682.18,0.02,164.07,274618.86,1
2024-04-10,2024-04-10 12:28:00,1682.18,1682.46,1682.18,1682.46,0.02,164.07,274618.86,1
2024-04-10,2024-04-10 12:29:00,1682.46,1682.74,1682.46,1682.74,0.02,164.07,274618.86,1
2024-04-10,2024-04-10 12:30:00,1682.74,1683.02,1682.74,1683.02,0.02,164.07,274618.86,1
2024-04-10,2024-04-10 12:31:00,1683.02,1683.3,1683.02,1683.3,0.02,164.07,274618.86,1
2024-04-10,2024-04-10 12:32:00,1683.3,1683.58,1683.3,1683.58,0.02,164.07,274618.86,1
2024-04-10,2024-04-10 12:33:00,1683.58,1683.86,1683.58,1683.86,0.02,164.07,274618.86,1
2024-04-10,2024-04-10 12:34:00,1683.86,1684.14,1683.86,1684.14,0.02,164.07,274618.86,1
2024-04-10,2024-04-10 12:35:00,1684.14,1684.42,1684.14,1684.42,0.02,164.07,274618.86,1
2024-04-10,2024-04-10 12:36:00,1684.42,1684.7,1684.42,1684.7,0.02,164.07,274618.86,1
2024-04-10,2024-04-10 12:37:00,1684.7,1684.98,1684.7,1684.98,0.02,164.07,274618.86,1
2024-04-10,2024-04-10 12:38:00,1684.98,1685.26,1684.98,1685.26,0.02,164.07,274618.86,1
2024-04-10,2024-04-10 12:39:00,1685.26,1685.54,1685.26,1685.54,0.02,164.07,274618.86,1
2024-04-10,2024-04-10 12:40:00,1685.54,1685.82,1685.54,1685.82,0.02,164.07,274618.86,1
2024-04-10,2024-04-10 12:41:00,1685.82,1686.1,1685.82,1686.1,0.02,164.07,274618.86,1
2024-04-10,2024-04-10 12:42:00,1686.1,1686.38,1686.1,1686.38,0.02,164.07,274618.86,1
2024-04-10,2024-04-10 12:43:00,1686.38,1686.66,1686.38,1686.66,0.02,164.07,274618.86,1
2024-04-10,2024-04-10 12:44:00,1686.66,1686.94,1686.66,1686.94,0.02,164.07,274618.86,1
2024-04-10,2024-04-10 12:45:00,1686.94,1687.22,1686.94,1687.22,0.02,164.07,274618.86,1
2024-04-10,2024-04-10 12:46:00,1687.22,1687.5,1687.22,1687.5,0.02,164.07,274618.86,1
2024-04-10,2024-04-10 12:47:00,1687.5,1687.79,1687.5,1687.79,0.02,164.07,274618.86,1
2024-04-10,2024-04-10 12:48:00,1687.79,1688.07,1687.79,1688.07,0.02,164.07,274618.86,1
2024-04-10,2024-04-10 12:49:00,1688.07,1688.35,1688.07,1688.35,0.02,164.07,274618.86,1
2024-04-10,2024-04-10 12:50:00,1688.35,1688.63,1688.35,1688.63,0.02,164.07,274618.86,1
2024-04-10,2024-04-10 12:51:00,1688.63,1688.91,1688.63,1688.91,0.02,164.07,274618.86,1
2024-04-10,2024-04-10 12:52:00,1688.91,1689.19,1688.91,1689.19,0.02,164.07,274618.86,1
2024-04-10,2024-04-10 12:53:00,1689.19,1689.47,1689.19,1689.47,0.02,164.07,274618.86,1
2024-04-10,2024-04-10 12:54:00,1689.47,1689.75,1689.47,1689.75,0.02,164.07,274618.86,1
2024-04-10,2024-04-10 12:55:00,1689.75,1690.03,1689.75,1690.03,0.02,164.07,274618.86,1
2024-04-10,2024-04-10 12:56:00,1690.03,1690.31,1690.03,1690.31,0.02,164.07,274618.86,1
2024-04-10,2024-04-10 12:57:00,1690.31,1690.59,1690.31,1690.59,0.02,164.07,274618.86,1
2024-04-10,2024-04-10 12:58:00,1690.59,1690.87,1690.59,1690.87,0.02,164.07,274618.86,1
2024-04-10,2024-04-10 12:59:00,1690.87,1691.15,1690.87,1691.15,0.02,164.07,274618.86,1
2024-04-10,2024-04-10 13:00:00,1691.15,1724.8,1600.0,1691.43,0.02,164.07,274618.86,1
2024-04-10,2024-04-10 13:01:00,1691.43,1691.71,1691.43,1691.71,0.02,164.07,274618.86,1
2024-04-10,2024-04-10 13:02:00,1691.71,1691.99,1691.71,1691.99,0.02,164.07,274618.86,1
2024-04-10,2024-04-10 13:03:00,1691.99,1692.27,1691.99,1692.27,0.02,164.07,274618.86,1
2024-04-10,2024-04-10 13:04:00,1692.27,1692.55,1692.27,1692.55,0.02,164.07,274618.86,1
2024-04-10,2024-04-10 13:05:00,1692.55,1692.83,1692.55,1692.83,0.02,164.07,274618.86,1
2024-04-10,2024-04-10 13:06:00,1692.83,1693.11,1692.83,1693.11,0.02,164.07,274618.86,1
2024-04-10,2024-04-10 13:07:00,1693.11,1693.39,1693.11,1693.39,0.02,164.07,274618.86,1
2024-04-10,2024-04-10 13:08:00,1693.39,1693.67,1693.39,1693.67,0.02,164.07,274618.86,1
2024-04-10,2024-04-10 13:09:00,1693.67,1693.95,1693.67,1693.95,0.02,164.07,274618.86,1
2024-04-10,2024-04-10 13:10:00,1693.95,1694.23,1693.95,1694.23,0.02,164.07,274618.86,1
2024-04-10,2024-04-10 13:11:00,1694.23,1694.51,1694.23,1694.51,0.02,164.07,274618.86,1
2024-04-10,2024-04-10 13:12:00,1694.51,1694.8,1694.51,1694.8,0.02,164.07,274618.86,1
2024-04-10,2024-04-10 13:13:00,1694.8,1695.08,1694.8,1695.08,0.02,164.07,274618.86,1
2024-04-10,2024-04-10 13:14:00,1695.08,1695.36,1695.08,1695.36,0.02,164.07,274618.86,1
2024-04-10,2024-04-10 13:15:00,1695.36,1695.64,1695.36,1695.64,0.02,164.07,274618.86,1
2024-04-10,2024-04-10 13:16:00,1695.64,1695.92,1695.64,1695.92,0.02,164.07,274618.86,1
2024-04-10,2024-04-10 13:17:00,1695.92,1696.2,1695.92,1696.2,0.02,164.07,274618.86,1
2024-04-10,2024-04-10 13:18:00,1696.2,1696.48,1696.2,1696.48,0.02,164.07,274618.86,1
2024-04-10,2024-04-10 13:19:00,1696.48,1696.76,1696.48,1696.76,0.02,164.07,274618.86,1
2024-04-10,2024-04-10 13:20:00,1696.76,1697.04,1696.76,1697.04,0.02,164.07,274618.86,1
2024-04-10,2024-04-10 13:21:00,1697.04,1697.32,1697.04,1697.32,0.02,164.07,274618.86,1
2024-04-10,2024-04-10 13:22:00,1697.32,1697.6,1697.32,1697.6,0.02,164.07,274618.86,1
2024-04-10,2024-04-10 13:23:00,1697.6,1697.88,1697.6,1697.88,0.02,164.07,274618.86,1
2024-04-10,2024-04-10 13:24:00,1697.88,1698.16,1697.88,1698.16,0.02,164.07,274618.86,1
2024-04-10,2024-04-10 13:25:00,1698.16,1698.44,1698.16,1698.44,0.02,164.07,274618.86,1
2024-04-10,2024-04-10 13:26:00,1698.44,1698.72,1698.44,1698.72,0.02,164.07,274618.86,1
2024-04-10,2024-04-10 13:27:00,1698.72,1699.0,1698.72,1699.0,0.02,164.07,274618.86,1
2024-04-10,2024-04-10 13:28:00,1699.0,1699.28,1699.0,1699.28,0.02,164.07,274618.86,1
2024-04-10,2024-04-10 13:29:00,1699.28,1699.56,1699.28,1699.56,0.02,164.07,274618.86,1
2024-04-10,2024-04-10 13:30:00,1699.56,1699.84,1699.56,1699.84,0.02,164.07,274618.86,1
2024-04-10,2024-04-10 13:31:00,1699.84,1700.12,1699.84,1700.12,0.02,164.07,274618.86,1
2024-04-10,2024-04-10 13:32:00,1700.12,1700.4,1700.12,1700.4,0.02,164.07,274618.86,1
2024-04-10,2024-04-10 13:33:00,1700.4,1700.68,1700.4,1700.68,0.02,164.07,274618.86,1
2024-04-10,2024-04-10 13:34:00,1700.68,1700.96,1700.68,1700.96,0.02,164.07,274618.86,1
2024-04-10,2024-04-10 13:35:00,1700.96,1701.24,1700.96,1701.24,0.02,164.07,274618.86,1
2024-04-10,2024-04-10 13:36:00,1701.24,1701.53,1701.24,1701.53,0.02,164.07,274618.86,1
2024-04-10,2024-04-10 13:37:00,1701.53,1701.81,1701.53,1701.81,0.02,164.07,274618.86,1
2024-04-10,2024-04-10 13:38:00,1701.81,1702.09,1701.81,1702.09,0.02,164.07,274618.86,1
2024-04-10,2024-04-10 13:39:00,1702.09,1702.37,1702.09,1702.37,0.02,164.07,274618.86,1
2024-04-10,2024-04-10 13:40:00,1702.37,1702.65,1702.37,1702.65,0.02,164.07,274618.86,1
2024-04-10,2024-04-10 13:41:00,1702.65,1702.93,1702.65,1702.93,0.02,164.07,274618.86,1
2024-04-10,2024-04-10 13:42:00,1702.93,1703.21,1702.93,1703.21,0.02,164.07,274618.86,1
2024-04-10,2024-04-10 13:43:00,1703.21,1703.49,1703.21,1703.49,0.02,164.07,274618.86,1
2024-04-10,2024-04-10 13:44:00,1703.49,1703.77,1703.49,1703.77,0.02,164.07,274618.86,1
2024-04-10,2024-04-10 13:45:00,1703.77,1704.05,1703.77,1704.05,0.02,164.07,274618.86,1
2024-04-10,2024-04-10 13:46:00,1704.05,1704.33,1704.05,1704.33,0.02,164.07,274618.86,1
2024-04-10,2024-04-10 13:47:00,1704.33,1704.61,1704.33,1704.61,0.02,164.07,274618.86,1
2024-04-10,2024-04-10 13:48:00,1704.61,1704.89,1704.61,1704.89,0.02,164.07,274618.86,1
2024-04-10,2024-04-10 13:49:00,1704.89,1705.17,1704.89,1705.17,0.02,164.07,274618.86,1
2024-04-10,2024-04-10 13:50:00,1705.17,1705.45,1705.17,1705.45,0.02,164.07,274618.86,1
2024-04-10,2024-04-10 13:51:00,1705.45,1705.73,1705.45,1705.73,0.02,164.07,274618.86,1
2024-04-10,2024-04-10 13:52:00,1705.73,1706.01,1705.73,1706.01,0.02,164.07,274618.86,1
2024-04-10,2024-04-10 13:53:00,1706.01,1706.29,1706.01,1706.29,0.02,164.07,274618.86,1
2024-04-10,2024-04-10 13:54:00,1706.29,1706.57,1706.29,1706.57,0.02,164.07,274618.86,1
2024-04-10,2024-04-10 13:55:00,1706.57,1706.85,1706.57,1706.85,0.02,164.07,274618.86,1
2024-04-10,2024-04-10 13:56:00,1706.85,1707.13,1706.85,1707.13,0.02,164.07,274618.86,1
2024-04-10,2024-04-10 13:57:00,1707.13,1707.41,1707.13,1707.41,0.02,164.07,274618.86,1
2024-04-10,2024-04-10 13:58:00,1707.41,1707.69,1707.41,1707.69,0.02,164.07,274618.86,1
2024-04-10,2024-04-10 13:59:00,1707.69,1707.97,1707.69,1707.97,0.02,164.07,274618.86,1
2024-04-10,2024-04-10 14:00:00,1707.97,1708.26,1707.97,1708.26,0.02,164.07,274618.86,1
2024-04-10,2024-04-10 14:01:00,1708.26,1708.54,1708.26,1708.54,0.02,164.07,274618.86,1
2024-04-10,2024-04-10 14:02:00,1708.54,1708.82,1708.54,1708.82,0.02,164.07,274618.86,1
2024-04-10,2024-04-10 14:03:00,1708.82,1709.1,1708.82,1709.1,0.02,164.07,274618.86,1
2024-04-10,2024-04-10 14:04:00,1709.1,1709.38,1709.1,1709.38,0.02,164.07,274618.86,1
2024-04-10,2024-04-10 14:05:00,1709.38,1709.66,1709.38,1709.66,0.02,164.07,274618.86,1
2024-04-10,2024-04-10 14:06:00,1709.66,1709.94,1709.66,1709.94,0.02,164.07,274618.86,1
2024-04-10,2024-04-10 14:07:00,1709.94,1710.22,1709.94,1710.22,0.02,164.07,274618.86,1
2024-04-10,2024-04-10 14:08:00,1710.22,1710.5,1710.22,1710.5,0.02,164.07,274618.86,1
2024-04-10,2024-04-10 14:09:00,1710.5,1710.78,1710.5,1710.78,0.02,164.07,274618.86,1
2024-04-10,2024-04-10 14:10:00,1710.78,1711.06,1710.78,1711.06,0.02,164.07,274618.86,1
2024-04-10,2024-04-10 14:11:00,1711.06,1711.34,1711.06,1711.34,0.02,164.07,274618.86,1
2024-04-10,2024-04-10 14:12:00,1711.34,1711.62,1711.34,1711.62,0.02,164.07,274618.86,1
2024-04-10,2024-04-10 14:13:00,1711.62,1711.9,1711.62,1711.9,0.02,164.07,274618.86,1
2024-04-10,2024-04-10 14:14:00,1711.9,1712.18,1711.9,1712.18,0.02,164.07,274618.86,1
2024-04-10,2024-04-10 14:15:00,1712.18,1712.46,1712.18,1712.46,0.02,164.07,274618.86,1
2024-04-10,2024-04-10 14:16:00,1712.46,1712.74,1712.46,1712.74,0.02,164.07,274618.86,1
2024-04-10,2024-04-10 14:17:00,1712.74,1713.02,1712.74,1713.02,0.02,164.07,274618.86,1
2024-04-10,2024-04-10 14:18:00,1713.02,1713.3,1713.02,1713.3,0.02,164.07,274618.86,1
2024-04-10,2024-04-10 14:19:00,1713.3,1713.58,1713.3,1713.58,0.02,164.07,274618.86,1
2024-04-10,2024-04-10 14:20:00,1713.58,1713.86,1713.58,1713.86,0.02,164.07,274618.86,1
2024-04-10,2024-04-10 14:21:00,1713.86,1714.14,1713.86,1714.14,0.02,164.07,274618.86,1
2024-04-10,2024-04-10 14:22:00,1714.14,1714.42,1714.14,1714.42,0.02,164.07,274618.86,1
2024-04-10,2024-04-10 14:23:00,1714.42,1714.7,1714.42,1714.7,0.02,164.07,274618.86,1
2024-04-10,2024-04-10 14:24:00,1714.7,1714.99,1714.7,1714.99,0.02,164.07,274618.86,1
2024-04-10,2024-04-10 14:25:00,1714.99,1715.27,1714.99,1715.27,0.02,164.07,274618.86,1
2024-04-10,2024-04-10 14:26:00,1715.27,1715.55,1715.27,1715.55,0.02,164.07,274618.86,1
2024-04-10,2024-04-10 14:27:00,1715.55,1715.83,1715.55,1715.83,0.02,164.07,274618.86,1
2024-04-10,2024-04-10 14:28:00,1715.83,1716.11,1715.83,1716.11,0.02,164.07,274618.86,1
2024-04-10,2024-04-10 14:29:00,1716.11,1716.39,1716.11,1716.39,0.02,164.07,274618.86,1
2024-04-10,2024-04-10 14:30:00,1716.39,1716.67,1716.39,1716.67,0.02,164.07,274618.86,1
2024-04-10,2024-04-10 14:31:00,1716.67,1716.95,1716.67,1716.95,0.02,164.07,274618.86,1
2024-04-10,2024-04-10 14:32:00,1716.95,1717.23,1716.95,1717.23,0.02,164.07,274618.86,1
2024-04-10,2024-04-10 14:33:00,1717.23,1717.51,1717.23,1717.51,0.02,164.07,274618.86,1
2024-04-10,2024-04-10 14:34:00,1717.51,1717.79,1717.51,1717.79,0.02,164.07,274618.86,1
2024-04-10,2024-04-10 14:35:00,1717.79,1718.07,1717.79,1718.07,0.02,164.07,274618.86,1
2024-04-10,2024-04-10 14:36:00,1718.07,1718.35,1718.07,1718.35,0.02,164.07,274618.86,1
2024-04-10,2024-04-10 14:37:00,1718.35,1718.63,1718.35,1718.63,0.02,164.07,274618.86,1
2024-04-10,2024-04-10 14:38:00,1718.63,1718.91,1718.63,1718.91,0.02,164.07,274618.86,1
2024-04-10,2024-04-10 14:39:00,1718.91,1719.19,1718.91,1719.19,0.02,164.07,274618.86,1
2024-04-10,2024-04-10 14:40:00,1719.19,1719.47,1719.19,1719.47,0.02,164.07,274618.86,1
2024-04-10,2024-04-10 14:41:00,1719.47,1719.75,1719.47,1719.75,0.02,164.07,274618.86,1
2024-04-10,2024-04-10 14:42:00,1719.75,1720.03,1719.75,1720.03,0.02,164.07,274618.86,1
2024-04-10,2024-04-10 14:43:00,1720.03,1720.31,1720.03,1720.31,0.02,164.07,274618.86,1
2024-04-10,2024-04-10 14:44:00,1720.31,1720.59,1720.31,1720.59,0.02,164.07,274618.86,1
2024-04-10,2024-04-10 14:45:00,1720.59,1720.87,1720.59,1720.87,0.02,164.07,274618.86,1
2024-04-10,2024-04-10 14:46:00,1720.87,1721.15,1720.87,1721.15,0.02,164.07,274618.86,1
2024-04-10,2024-04-10 14:47:00,1721.15,1721.43,1721.15,1721.43,0.02,164.07,274618.86,1
2024-04-10,2024-04-10 14:48:00,1721.43,1721.72,1721.43,1721.72,0.02,164.07,274618.86,1
2024-04-10,2024-04-10 14:49:00,1721.72,1722.0,1721.72,1722.0,0.02,164.07,274618.86,1
2024-04-10,2024-04-10 14:50:00,1722.0,1722.28,1722.0,1722.28,0.02,164.07,274618.86,1
2024-04-10,2024-04-10 14:51:00,1722.28,1722.56,1722.28,1722.56,0.02,164.07,274618.86,1
2024-04-10,2024-04-10 14:52:00,1722.56,1722.84,1722.56,1722.84,0.02,164.07,274618.86,1
2024-04-10,2024-04-10 14:53:00,1722.84,1723.12,1722.84,1723.12,0.02,164.07,274618.86,1
2024-04-10,2024-04-10 14:54:00,1723.12,1723.4,1723.12,1723.4,0.02,164.07,274618.86,1
2024-04-10,2024-04-10 14:55:00,1723.4,1723.68,1723.4,1723.68,0.02,164.07,274618.86,1
2024-04-10,2024-04-10 14:56:00,1723.68,1723.96,1723.68,1723.96,0.02,164.07,274618.86,1
2024-04-10,2024-04-10 14:57:00,1723.96,1724.24,1723.96,1724.24,0.02,164.07,274618.86,1
2024-04-10,2024-04-10 14:58:00,1724.24,1724.52,1724.24,1724.52,0.02,164.07,274618.86,1
2024-04-10,2024-04-10 14:59:00,1724.52,1724.8,1724.52,1724.8,0.02,164.07,274618.86,1
2024-04-10,2024-04-10 15:00:00,1724.8,1724.8,1600.0,1724.8,0.0,164.07,274618.86,0
2024-04-14,2024-04-14 11:00:00,1690.4,1709.75,1686.08,1690.55,0.01,112.88,192783.61,1
2024-04-14,2024-04-14 11:01:00,1690.55,1690.71,1690.55,1690.71,0.01,112.88,192783.61,1
2024-04-14,2024-04-14 11:02:00,1690.71,1690.86,1690.71,1690.86,0.01,112.88,192783.61,1
2024-04-14,2024-04-14 11:03:00,1690.86,1691.01,1690.86,1691.01,0.01,112.88,192783.61,1
2024-04-14,2024-04-14 11:04:00,1691.01,1691.16,1691.01,1691.16,0.01,112.88,192783.61,1
2024-04-14,2024-04-14 11:05:00,1691.16,1691.32,1691.16,1691.32,0.01,112.88,192783.61,1
2024-04-14,2024-04-14 11:06:00,1691.32,1691.47,1691.32,1691.47,0.01,112.88,192783.61,1
2024-04-14,2024-04-14 11:07:00,1691.47,1691.62,1691.47,1691.62,0.01,112.88,192783.61,1
2024-04-14,2024-04-14 11:08:00,1691.62,1691.77,1691.62,1691.77,0.01,112.88,192783.61,1
2024-04-14,2024-04-14 11:09:00,1691.77,1691.93,1691.77,1691.93,0.01,112.88,192783.61,1
2024-04-14,2024-04-14 11:10:00,1691.93,1692.08,1691.93,1692.08,0.01,112.88,192783.61,1
2024-04-14,2024-04-14 11:11:00,1692.08,1692.23,1692.08,1692.23,0.01,112.88,192783.61,1
2024-04-14,2024-04-14 11:12:00,1692.23,1692.38,1692.23,1692.38,0.01,112.88,192783.61,1
2024-04-14,2024-04-14 11:13:00,1692.38,1692.54,1692.38,1692.54,0.01,112.88,192783.61,1
2024-04-14,2024-04-14 11:14:00,1692.54,1692.69,1692.54,1692.69,0.01,112.88,192783.61,1
2024-04-14,2024-04-14 11:15:00,1692.69,1692.84,1692.69,1692.84,0.01,112.88,192783.61,1
2024-04-14,2024-04-14 11:16:00,1692.84,1692.99,1692.84,1692.99,0.01,112.88,192783.61,1
2024-04-14,2024-04-14 11:17:00,1692.99,1693.14,1692.99,1693.14,0.01,112.88,192783.61,1
2024-04-14,2024-04-14 11:18:00,1693.14,1693.3,1693.14,1693.3,0.01,112.88,192783.61,1
2024-04-14,2024-04-14 11:19:00,1693.3,1693.45,1693.3,1693.45,0.01,112.88,192783.61,1
2024-04-14,2024-04-14 11:20:00,1693.45,1693.6,1693.45,1693.6,0.01,112.88,192783.61,1
2024-04-14,2024-04-14 11:21:00,1693.6,1693.76,1693.6,1693.76,0.01,112.88,192783.61,1
2024-04-14,2024-04-14 11:22:00,1693.76,1693.91,1693.76,1693.91,0.01,112.88,192783.61,1
2024-04-14,2024-04-14 11:23:00,1693.91,1694.06,1693.91,1694.06,0.01,112.88,192783.61,1
2024-04-14,2024-04-14 11:24:00,1694.06,1694.21,1694.06,1694.21,0.01,112.88,192783.61,1
2024-04-14,2024-04-14 11:25:00,1694.21,1694.37,1694.21,1694.37,0.01,112.88,192783.61,1
2024-04-14,2024-04-14 11:26:00,1694.37,1694.52,1694.37,1694.52,0.01,112.88,192783.61,1
2024-04-14,2024-04-14 11:27:00,1694.52,1694.67,1694.52,1694.67,0.01,112.88,192783.61,1
2024-04-14,2024-04-14 11:28:00,1694.67,1694.82,1694.67,1694.82,0.01,112.88,192783.61,1
2024-04-14,2024-04-14 11:29:00,1694.82,1694.98,1694.82,1694.98,0.01,112.88,192783.61,1
2024-04-14,2024-04-14 11:30:00,1694.98,1695.13,1694.98,1695.13,0.01,112.88,192783.61,1
2024-04-14,2024-04-14 11:31:00,1695.13,1695.28,1695.13,1695.28,0.01,112.88,192783.61,1
2024-04-14,2024-04-14 11:32:00,1695.28,1695.43,1695.28,1695.43,0.01,112.88,192783.61,1
2024-04-14,2024-04-14 11:33:00,1695.43,1695.59,1695.43,1695.59,0.01,112.88,192783.61,1
2024-04-14,2024-04-14 11:34:00,1695.59,1695.74,1695.59,1695.74,0.01,112.88,192783.61,1
2024-04-14,2024-04-14 11:35:00,1695.74,1695.89,1695.74,1695.89,0.01,112.88,192783.61,1
2024-04-14,2024-04-14 11:36:00,1695.89,1696.04,1695.89,1696.04,0.01,112.88,192783.61,1
2024-04-14,2024-04-14 11:37:00,1696.04,1696.2,1696.04,1696.2,0.01,112.88,192783.61,1
2024-04-14,2024-04-14 11:38:00,1696.2,1696.35,1696.2,1696.35,0.01,112.88,192783.61,1
2024-04-14,2024-04-14 11:39:00,1696.35,1696.5,1696.35,1696.5,0.01,112.88,192783.61,1
2024-04-14,2024-04-14 11:40:00,1696.5,1696.65,1696.5,1696.65,0.01,112.88,192783.61,1
2024-04-14,2024-04-14 11:41:00,1696.65,1696.81,1696.65,1696.81,0.01,112.88,192783.61,1
2024-04-14,2024-04-14 11:42:00,1696.81,1696.96,1696.81,1696.96,0.01,112.88,192783.61,1
2024-04-14,2024-04-14 11:43:00,1696.96,1697.11,1696.96,1697.11,0.01,112.88,192783.61,1
2024-04-14,2024-04-14 11:44:00,1697.11,1697.26,1697.11,1697.26,0.01,112.88,192783.61,1
2024-04-14,2024-04-14 11:45:00,1697.26,1697.41,1697.26,1697.41,0.01,112.88,192783.61,1
2024-04-14,2024-04-14 11:46:00,1697.41,1697.57,1697.41,1697.57,0.01,112.88,192783.61,1
2024-04-14,2024-04-14 11:47:00,1697.57,1697.72,1697.57,1697.72,0.01,112.88,192783.61,1
2024-04-14,2024-04-14 11:48:00,1697.72,1697.87,1697.72,1697.87,0.01,112.88,192783.61,1
2024-04-14,2024-04-14 11:49:00,1697.87,1698.03,1697.87,1698.03,0.01,112.88,192783.61,1
2024-04-14,2024-04-14 11:50:00,1698.03,1698.18,1698.03,1698.18,0.01,112.88,192783.61,1
2024-04-14,2024-04-14 11:51:00,1698.18,1698.33,1698.18,1698.33,0.01,112.88,192783.61,1
2024-04-14,2024-04-14 11:52:00,1698.33,1698.48,1698.33,1698.48,0.01,112.88,192783.61,1
2024-04-14,2024-04-14 11:53:00,1698.48,1698.63,1698.48,1698.63,0.01,112.88,192783.61,1
2024-04-14,2024-04-14 11:54:00,1698.63,1698.79,1698.63,1698.79,0.01,112.88,192783.61,1
2024-04-14,2024-04-14 11:55:00,1698.79,1698.94,1698.79,1698.94,0.01,112.88,192783.61,1
2024-04-14,2024-04-14 11:56:00,1698.94,1699.09,1698.94,1699.09,0.01,112.88,192783.61,1
2024-04-14,2024-04-14 11:57:00,1699.09,1699.25,1699.09,1699.25,0.01,112.88,192783.61,1
2024-04-14,2024-04-14 11:58:00,1699.25,1699.4,1699.25,1699.4,0.01,112.88,192783.61,1
2024-04-14,2024-04-14 11:59:00,1699.4,1699.55,1699.4,1699.55,0.01,112.88,192783.61,1
2024-04-14,2024-04-14 12:00:00,1699.55,1699.7,1699.55,1699.7,0.01,112.88,192783.61,1
2024-04-14,2024-04-14 12:01:00,1699.7,1699.86,1699.7,1699.86,0.01,112.88,192783.61,1
2024-04-14,2024-04-14 12:02:00,1699.86,1700.01,1699.86,1700.01,0.01,112.88,192783.61,1
2024-04-14,2024-04-14 12:03:00,1700.01,1700.16,1700.01,1700.16,0.01,112.88,192783.61,1
2024-04-14,2024-04-14 12:04:00,1700.16,1700.31,1700.16,1700.31,0.01,112.88,192783.61,1
2024-04-14,2024-04-14 12:05:00,1700.31,1700.47,1700.31,1700.47,0.01,112.88,192783.61,1
2024-04-14,2024-04-14 12:06:00,1700.47,1700.62,1700.47,1700.62,0.01,112.88,192783.61,1
2024-04-14,2024-04-14 12:07:00,1700.62,1700.77,1700.62,1700.77,0.01,112.88,192783.61,1
2024-04-14,2024-04-14 12:08:00,1700.77,1700.92,1700.77,1700.92,0.01,112.88,192783.61,1
2024-04-14,2024-04-14 12:09:00,1700.92,1701.08,1700.92,1701.08,0.01,112.88,192783.61,1
2024-04-14,2024-04-14 12:10:00,1701.08,1701.23,1701.08,1701.23,0.01,112.88,192783.61,1
2024-04-14,2024-04-14 12:11:00,1701.23,1701.38,1701.23,1701.38,0.01,112.88,192783.61,1
2024-04-14,2024-04-14 12:12:00,1701.38,1701.53,1701.38,1701.53,0.01,112.88,192783.61,1
2024-04-14,2024-04-14 12:13:00,1701.53,1701.69,1701.53,1701.69,0.01,112.88,192783.61,1
2024-04-14,2024-04-14 12:14:00,1701.69,1701.84,1701.69,1701.84,0.01,112.88,192783.61,1
2024-04-14,2024-04-14 12:15:00,1701.84,1701.99,1701.84,1701.99,0.01,112.88,192783.61,1
2024-04-14,2024-04-14 12:16:00,1701.99,1702.14,1701.99,1702.14,0.01,112.88,192783.61,1
2024-04-14,2024-04-14 12:17:00,1702.14,1702.3,1702.14,1702.3,0.01,112.88,192783.61,1
2024-04-14,2024-04-14 12:18:00,1702.3,1702.45,1702.3,1702.45,0.01,112.88,192783.61,1
2024-04-14,2024-04-14 12:19:00,1702.45,1702.6,1702.45,1702.6,0.01,112.88,192783.61,1
2024-04-14,2024-04-14 12:20:00,1702.6,1702.75,1702.6,1702.75,0.01,112.88,192783.61,1
2024-04-14,2024-04-14 12:21:00,1702.75,1702.9,1702.75,1702.9,0.01,112.88,192783.61,1
2024-04-14,2024-04-14 12:22:00,1702.9,1703.06,1702.9,1703.06,0.01,112.88,192783.61,1
2024-04-14,2024-04-14 12:23:00,1703.06,1703.21,1703.06,1703.21,0.01,112.88,192783.61,1
2024-04-14,2024-04-14 12:24:00,1703.21,1703.36,1703.21,1703.36,0.01,112.88,192783.61,1
2024-04-14,2024-04-14 12:25:00,1703.36,1703.52,1703.36,1703.52,0.01,112.88,192783.61,1
2024-04-14,2024-04-14 12:26:00,1703.52,1703.67,1703.52,1703.67,0.01,112.88,192783.61,1
2024-04-14,2024-04-14 12:27:00,1703.67,1703.82,1703.67,1703.82,0.01,112.88,192783.61,1
2024-04-14,2024-04-14 12:28:00,1703.82,1703.97,1703.82,1703.97,0.01,112.88,192783.61,1
2024-04-14,2024-04-14 12:29:00,1703.97,1704.12,1703.97,1704.12,0.01,112.88,192783.61,1
2024-04-14,2024-04-14 12:30:00,1704.12,1704.28,1704.12,1704.28,0.01,112.88,192783.61,1
2024-04-14,2024-04-14 12:31:00,1704.28,1704.43,1704.28,1704.43,0.01,112.88,192783.61,1
2024-04-14,2024-04-14 12:32:00,1704.43,1704.58,1704.43,1704.58,0.01,112.88,192783.61,1
2024-04-14,2024-04-14 12:33:00,1704.58,1704.74,1704.58,1704.74,0.01,112.88,192783.61,1
2024-04-14,2024-04-14 12:34:00,1704.74,1704.89,1704.74,1704.89,0.01,112.88,192783.61,1
2024-04-14,2024-04-14 12:35:00,1704.89,1705.04,1704.89,1705.04,0.01,112.88,192783.61,1
2024-04-14,2024-04-14 12:36:00,1705.04,1705.19,1705.04,1705.19,0.01,112.88,192783.61,1
2024-04-14,2024-04-14 12:37:00,1705.19,1705.35,1705.19,1705.35,0.01,112.88,192783.61,1
2024-04-14,2024-04-14 12:38:00,1705.35,1705.5,1705.35,1705.5,0.01,112.88,192783.61,1
2024-04-14,2024-04-14 12:39:00,1705.5,1705.65,1705.5,1705.65,0.01,112.88,192783.61,1
2024-04-14,2024-04-14 12:40:00,1705.65,1705.8,1705.65,1705.8,0.01,112.88,192783.61,1
2024-04-14,2024-04-14 12:41:00,1705.8,1705.96,1705.8,1705.96,0.01,112.88,192783.61,1
2024-04-14,2024-04-14 12:42:00,1705.96,1706.11,1705.96,1706.11,0.01,112.88,192783.61,1
2024-04-14,2024-04-14 12:43:00,1706.11,1706.26,1706.11,1706.26,0.01,112.88,192783.61,1
2024-04-14,2024-04-14 12:44:00,1706.26,1706.41,1706.26,1706.41,0.01,112.88,192783.61,1
2024-04-14,2024-04-14 12:45:00,1706.41,1706.57,1706.41,1706.57,0.01,112.88,192783.61,1
2024-04-14,2024-04-14 12:46:00,1706.57,1706.72,1706.57,1706.72,0.01,112.88,192783.61,1
2024-04-14,2024-04-14 12:47:00,1706.72,1706.87,1706.72,1706.87,0.01,112.88,192783.61,1
2024-04-14,2024-04-14 12:48:00,1706.87,1707.02,1706.87,1707.02,0.01,112.88,192783.61,1
2024-04-14,2024-04-14 12:49:00,1707.02,1707.17,1707.02,1707.17,0.01,112.88,192783.61,1
2024-04-14,2024-04-14 12:50:00,1707.17,1707.33,1707.17,1707.33,0.01,112.88,192783.61,1
2024-04-14,2024-04-14 12:51:00,1707.33,1707.48,1707.33,1707.48,0.01,112.88,192783.61,1
2024-04-14,2024-04-14 12:52:00,1707.48,1707.63,1707.48,1707.63,0.01,112.88,192783.61,1
2024-04-14,2024-04-14 12:53:00,1707.63,1707.79,1707.63,1707.79,0.01,112.88,192783.61,1
2024-04-14,2024-04-14 12:54:00,1707.79,1707.94,1707.79,1707.94,0.01,112.88,192783.61,1
2024-04-14,2024-04-14 12:55:00,1707.94,1708.09,1707.94,1708.09,0.01,112.88,192783.61,1
2024-04-14,2024-04-14 12:56:00,1708.09,1708.24,1708.09,1708.24,0.01,112.88,192783.61,1
2024-04-14,2024-04-14 12:57:00,1708.24,1708.39,1708.24,1708.39,0.01,112.88,192783.61,1
2024-04-14,2024-04-14 12:58:00,1708.39,1708.55,1708.39,1708.55,0.01,112.88,192783.61,1
2024-04-14,2024-04-14 12:59:00,1708.55,1708.7,1708.55,1708.7,0.01,112.88,192783.61,1
2024-04-14,2024-04-14 13:00:00,1708.7,1754.9,1676.0,1708.85,0.01,112.88,192783.61,1
2024-04-14,2024-04-14 13:01:00,1708.85,1709.01,1708.85,1709.01,0.01,112.88,192783.61,1
2024-04-14,2024-04-14 13:02:00,1709.01,1709.16,1709.01,1709.16,0.01,112.88,192783.61,1
2024-04-14,2024-04-14 13:03:00,1709.16,1709.31,1709.16,1709.31,0.01,112.88,192783.61,1
2024-04-14,2024-04-14 13:04:00,1709.31,1709.46,1709.31,1709.46,0.01,112.88,192783.61,1
2024-04-14,2024-04-14 13:05:00,1709.46,1709.62,1709.46,1709.62,0.01,112.88,192783.61,1
2024-04-14,2024-04-14 13:06:00,1709.62,1709.77,1709.62,1709.77,0.01,112.88,192783.61,1
2024-04-14,2024-04-14 13:07:00,1709.77,1709.92,1709.77,1709.92,0.01,112.88,192783.61,1
2024-04-14,2024-04-14 13:08:00,1709.92,1710.07,1709.92,1710.07,0.01,112.88,192783.61,1
2024-04-14,2024-04-14 13:09:00,1710.07,1710.23,1710.07,1710.23,0.01,112.88,192783.61,1
2024-04-14,2024-04-14 13:10:00,1710.23,1710.38,1710.23,1710.38,0.01,112.88,192783.61,1
2024-04-14,2024-04-14 13:11:00,1710.38,1710.53,1710.38,1710.53,0.01,112.88,192783.61,1
2024-04-14,2024-04-14 13:12:00,1710.53,1710.68,1710.53,1710.68,0.01,112.88,192783.61,1
2024-04-14,2024-04-14 13:13:00,1710.68,1710.84,1710.68,1710.84,0.01,112.88,192783.61,1
2024-04-14,2024-04-14 13:14:00,1710.84,1710.99,1710.84,1710.99,0.01,112.88,192783.61,1
2024-04-14,2024-04-14 13:15:00,1710.99,1711.14,1710.99,1711.14,0.01,112.88,192783.61,1
2024-04-14,2024-04-14 13:16:00,1711.14,1711.29,1711.14,1711.29,0.01,112.88,192783.61,1
2024-04-14,2024-04-14 13:17:00,1711.29,1711.44,1711.29,1711.44,0.01,112.88,192783.61,1
2024-04-14,2024-04-14 13:18:00,1711.44,1711.6,1711.44,1711.6,0.01,112.88,192783.61,1
2024-04-14,2024-04-14 13:19:00,1711.6,1711.75,1711.6,1711.75,0.01,112.88,192783.61,1
2024-04-14,2024-04-14 13:20:00,1711.75,1711.9,1711.75,1711.9,0.01,112.88,192783.61,1
2024-04-14,2024-04-14 13:21:00,1711.9,1712.06,1711.9,1712.06,0.01,112.88,192783.61,1
2024-04-14,2024-04-14 13:22:00,1712.06,1712.21,1712.06,1712.21,0.01,112.88,192783.61,1
2024-04-14,2024-04-14 13:23:00,1712.21,1712.36,1712.21,1712.36,0.01,112.88,192783.61,1
2024-04-14,2024-04-14 13:24:00,1712.36,1712.51,1712.36,1712.51,0.01,112.88,192783.61,1
2024-04-14,2024-04-14 13:25:00,1712.51,1712.66,1712.51,1712.66,0.01,112.88,192783.61,1
2024-04-14,2024-04-14 13:26:00,1712.66,1712.82,1712.66,1712.82,0.01,112.88,192783.61,1
2024-04-14,2024-04-14 13:27:00,1712.82,1712.97,1712.82,1712.97,0.01,112.88,192783.61,1
2024-04-14,2024-04-14 13:28:00,1712.97,1713.12,1712.97,1713.12,0.01,112.88,192783.61,1
2024-04-14,2024-04-14 13:29:00,1713.12,1713.28,1713.12,1713.28,0.01,112.88,192783.61,1
2024-04-14,2024-04-14 13:30:00,1713.28,1713.43,1713.28,1713.43,0.01,112.88,192783.61,1
2024-04-14,2024-04-14 13:31:00,1713.43,1713.58,1713.43,1713.58,0.01,112.88,192783.61,1
2024-04-14,2024-04-14 13:32:00,1713.58,1713.73,1713.58,1713.73,0.01,112.88,192783.61,1
2024-04-14,2024-04-14 13:33:00,1713.73,1713.88,1713.73,1713.88,0.01,112.88,192783.61,1
2024-04-14,2024-04-14 13:34:00,1713.88,1714.04,1713.88,1714.04,0.01,112.88,192783.61,1
2024-04-14,2024-04-14 13:35:00,1714.04,1714.19,1714.04,1714.19,0.01,112.88,192783.61,1
2024-04-14,2024-04-14 13:36:00,1714.19,1714.34,1714.19,1714.34,0.01,112.88,192783.61,1
2024-04-14,2024-04-14 13:37:00,1714.34,1714.5,1714.34,1714.5,0.01,112.88,192783.61,1
2024-04-14,2024-04-14 13:38:00,1714.5,1714.65,1714.5,1714.65,0.01,112.88,192783.61,1
2024-04-14,2024-04-14 13:39:00,1714.65,1714.8,1714.65,1714.8,0.01,112.88,192783.61,1
2024-04-14,2024-04-14 13:40:00,1714.8,1714.95,1714.8,1714.95,0.01,112.88,192783.61,1
2024-04-14,2024-04-14 13:41:00,1714.95,1715.11,1714.95,1715.11,0.01,112.88,192783.61,1
2024-04-14,2024-04-14 13:42:00,1715.11,1715.26,1715.11,1715.26,0.01,112.88,192783.61,1
2024-04-14,2024-04-14 13:43:00,1715.26,1715.41,1715.26,1715.41,0.01,112.88,192783.61,1
2024-04-14,2024-04-14 13:44:00,1715.41,1715.56,1715.41,1715.56,0.01,112.88,192783.61,1
2024-04-14,2024-04-14 13:45:00,1715.56,1715.71,1715.56,1715.71,0.01,112.88,192783.61,1
2024-04-14,2024-04-14 13:46:00,1715.71,1715.87,1715.71,1715.87,0.01,112.88,192783.61,1
2024-04-14,2024-04-14 13:47:00,1715.87,1716.02,1715.87,1716.02,0.01,112.88,192783.61,1
2024-04-14,2024-04-14 13:48:00,1716.02,1716.17,1716.02,1716.17,0.01,112.88,192783.61,1
2024-04-14,2024-04-14 13:49:00,1716.17,1716.33,1716.17,1716.33,0.01,112.88,192783.61,1
2024-04-14,2024-04-14 13:50:00,1716.33,1716.48,1716.33,1716.48,0.01,112.88,192783.61,1
2024-04-14,2024-04-14 13:51:00,1716.48,1716.63,1716.48,1716.63,0.01,112.88,192783.61,1
2024-04-14,2024-04-14 13:52:00,1716.63,1716.78,1716.63,1716.78,0.01,112.88,192783.61,1
2024-04-14,2024-04-14 13:53:00,1716.78,1716.93,1716.78,1716.93,0.01,112.88,192783.61,1
2024-04-14,2024-04-14 13:54:00,1716.93,1717.09,1716.93,1717.09,0.01,112.88,192783.61,1
2024-04-14,2024-04-14 13:55:00,1717.09,1717.24,1717.09,1717.24,0.01,112.88,192783.61,1
2024-04-14,2024-04-14 13:56:00,1717.24,1717.39,1717.24,1717.39,0.01,112.88,192783.61,1
2024-04-14,2024-04-14 13:57:00,1717.39,1717.55,1717.39,1717.55,0.01,112.88,192783.61,1
2024-04-14,2024-04-14 13:58:00,1717.55,1717.7,1717.55,1717.7,0.01,112.88,192783.61,1
2024-04-14,2024-04-14 13:59:00,1717.7,1717.85,1717.7,1717.85,0.01,112.88,192783.61,1
2024-04-14,2024-04-14 14:00:00,1717.85,1718.0,1717.85,1718.0,0.01,112.88,192783.61,1
2024-04-14,2024-04-14 14:01:00,1718.0,1718.15,1718.0,1718.15,0.01,112.88,192783.61,1
2024-04-14,2024-04-14 14:02:00,1718.15,1718.31,1718.15,1718.31,0.01,112.88,192783.61,1
2024-04-14,2024-04-14 14:03:00,1718.31,1718.46,1718.31,1718.46,0.01,112.88,192783.61,1
2024-04-14,2024-04-14 14:04:00,1718.46,1718.61,1718.46,1718.61,0.01,112.88,192783.61,1
2024-04-14,2024-04-14 14:05:00,1718.61,1718.77,1718.61,1718.77,0.01,112.88,192783.61,1
2024-04-14,2024-04-14 14:06:00,1718.77,1718.92,1718.77,1718.92,0.01,112.88,192783.61,1
2024-04-14,2024-04-14 14:07:00,1718.92,1719.07,1718.92,1719.07,0.01,112.88,192783.61,1
2024-04-14,2024-04-14 14:08:00,1719.07,1719.22,1719.07,1719.22,0.01,112.88,192783.61,1
2024-04-14,2024-04-14 14:09:00,1719.22,1719.38,1719.22,1719.38,0.01,112.88,192783.61,1
2024-04-14,2024-04-14 14:10:00,1719.38,1719.53,1719.38,1719.53,0.01,112.88,192783.61,1
2024-04-14,2024-04-14 14:11:00,1719.53,1719.68,1719.53,1719.68,0.01,112.88,192783.61,1
2024-04-14,2024-04-14 14:12:00,1719.68,1719.83,1719.68,1719.83,0.01,112.88,192783.61,1
2024-04-14,2024-04-14 14:13:00,1719.83,1719.99,1719.83,1719.99,0.01,112.88,192783.61,1
2024-04-14,2024-04-14 14:14:00,1719.99,1720.14,1719.99,1720.14,0.01,112.88,192783.61,1
2024-04-14,2024-04-14 14:15:00,1720.14,1720.29,1720.14,1720.29,0.01,112.88,192783.61,1
2024-04-14,2024-04-14 14:16:00,1720.29,1720.44,1720.29,1720.44,0.01,112.88,192783.61,1
2024-04-14,2024-04-14 14:17:00,1720.44,1720.6,1720.44,1720.6,0.01,112.88,192783.61,1
2024-04-14,2024-04-14 14:18:00,1720.6,1720.75,1720.6,1720.75,0.01,112.88,192783.61,1
2024-04-14,2024-04-14 14:19:00,1720.75,1720.9,1720.75,1720.9,0.01,112.88,192783.61,1
2024-04-14,2024-04-14 14:20:00,1720.9,1721.05,1720.9,1721.05,0.01,112.88,192783.61,1
2024-04-14,2024-04-14 14:21:00,1721.05,1721.2,1721.05,1721.2,0.01,112.88,192783.61,1
2024-04-14,2024-04-14 14:22:00,1721.2,1721.36,1721.2,1721.36,0.01,112.88,192783.61,1
2024-04-14,2024-04-14 14:23:00,1721.36,1721.51,1721.36,1721.51,0.01,112.88,192783.61,1
2024-04-14,2024-04-14 14:24:00,1721.51,1721.66,1721.51,1721.66,0.01,112.88,192783.61,1
2024-04-14,2024-04-14 14:25:00,1721.66,1721.82,1721.66,1721.82,0.01,112.88,192783.61,1
2024-04-14,2024-04-14 14:26:00,1721.82,1721.97,1721.82,1721.97,0.01,112.88,192783.61,1
2024-04-14,2024-04-14 14:27:00,1721.97,1722.12,1721.97,1722.12,0.01,112.88,192783.61,1
2024-04-14,2024-04-14 14:28:00,1722.12,1722.27,1722.12,1722.27,0.01,112.88,192783.61,1
2024-04-14,2024-04-14 14:29:00,1722.27,1722.42,1722.27,1722.42,0.01,112.88,192783.61,1
2024-04-14,2024-04-14 14:30:00,1722.42,1722.58,1722.42,1722.58,0.01,112.88,192783.61,1
2024-04-14,2024-04-14 14:31:00,1722.58,1722.73,1722.58,1722.73,0.01,112.88,192783.61,1
2024-04-14,2024-04-14 14:32:00,1722.73,1722.88,1722.73,1722.88,0.01,112.88,192783.61,1
2024-04-14,2024-04-14 14:33:00,1722.88,1723.04,1722.88,1723.04,0.01,112.88,192783.61,1
2024-04-14,2024-04-14 14:34:00,1723.04,1723.19,1723.04,1723.19,0.01,112.88,192783.61,1
2024-04-14,2024-04-14 14:35:00,1723.19,1723.34,1723.19,1723.34,0.01,112.88,192783.61,1
2024-04-14,2024-04-14 14:36:00,1723.34,1723.49,1723.34,1723.49,0.01,112.88,192783.61,1
2024-04-14,2024-04-14 14:37:00,1723.49,1723.64,1723.49,1723.64,0.01,112.88,192783.61,1
2024-04-14,2024-04-14 14:38:00,1723.64,1723.8,1723.64,1723.8,0.01,112.88,192783.61,1
2024-04-14,2024-04-14 14:39:00,1723.8,1723.95,1723.8,1723.95,0.01,112.88,192783.61,1
2024-04-14,2024-04-14 14:40:00,1723.95,1724.1,1723.95,1724.1,0.01,112.88,192783.61,1
2024-04-14,2024-04-14 14:41:00,1724.1,1724.26,1724.1,1724.26,0.01,112.88,192783.61,1
2024-04-14,2024-04-14 14:42:00,1724.26,1724.41,1724.26,1724.41,0.01,112.88,192783.61,1
2024-04-14,2024-04-14 14:43:00,1724.41,1724.56,1724.41,1724.56,0.01,112.88,192783.61,1
2024-04-14,2024-04-14 14:44:00,1724.56,1724.71,1724.56,1724.71,0.01,112.88,192783.61,1
2024-04-14,2024-04-14 14:45:00,1724.71,1724.87,1724.71,1724.87,0.01,112.88,192783.61,1
2024-04-14,2024-04-14 14:46:00,1724.87,1725.02,1724.87,1725.02,0.01,112.88,192783.61,1
2024-04-14,2024-04-14 14:47:00,1725.02,1725.17,1725.02,1725.17,0.01,112.88,192783.61,1
2024-04-14,2024-04-14 14:48:00,1725.17,1725.32,1725.17,1725.32,0.01,112.88,192783.61,1
2024-04-14,2024-04-14 14:49:00,1725.32,1725.47,1725.32,1725.47,0.01,112.88,192783.61,1
2024-04-14,2024-04-14 14:50:00,1725.47,1725.63,1725.47,1725.63,0.01,112.88,192783.61,1
2024-04-14,2024-04-14 14:51:00,1725.63,1725.78,1725.63,1725.78,0.01,112.88,192783.61,1
2024-04-14,2024-04-14 14:52:00,1725.78,1725.93,1725.78,1725.93,0.01,112.88,192783.61,1
2024-04-14,2024-04-14 14:53:00,1725.93,1726.09,1725.93,1726.09,0.01,112.88,192783.61,1
2024-04-14,2024-04-14 14:54:00,1726.09,1726.24,1726.09,1726.24,0.01,112.88,192783.61,1
2024-04-14,2024-04-14 14:55:00,1726.24,1726.39,1726.24,1726.39,0.01,112.88,192783.61,1
2024-04-14,2024-04-14 14:56:00,1726.39,1726.54,1726.39,1726.54,0.01,112.88,192783.61,1
2024-04-14,2024-04-14 14:57:00,1726.54,1726.69,1726.54,1726.69,0.01,112.88,192783.61,1
2024-04-14,2024-04-14 14:58:00,1726.69,1726.85,1726.69,1726.85,0.01,112.88,192783.61,1
2024-04-14,2024-04-14 14:59:00,1726.85,1727.0,1726.85,1727.0,0.01,112.88,192783.61,1
2024-04-14,2024-04-14 15:00:00,1727.0,1754.9,1676.0,1727.0,0.0,112.88,192783.61,0
2024-04-15,2024-04-15 11:00:00,1692.5,1731.65,1677.35,1692.95,0.03,189.78,319599.28,1
2024-04-15,2024-04-15 11:01:00,1692.95,1693.4,1692.95,1693.4,0.03,189.78,319599.28,1
2024-04-15,2024-04-15 11:02:00,1693.4,1693.84,1693.4,1693.84,0.03,189.78,319599.28,1
2024-04-15,2024-04-15 11:03:00,1693.84,1694.29,1693.84,1694.29,0.03,189.78,319599.28,1
2024-04-15,2024-04-15 11:04:00,1694.29,1694.74,1694.29,1694.74,0.03,189.78,319599.28,1
2024-04-15,2024-04-15 11:05:00,1694.74,1695.19,1694.74,1695.19,0.03,189.78,319599.28,1
2024-04-15,2024-04-15 11:06:00,1695.19,1695.64,1695.19,1695.64,0.03,189.78,319599.28,1
2024-04-15,2024-04-15 11:07:00,1695.64,1696.08,1695.64,1696.08,0.03,189.78,319599.28,1
2024-04-15,2024-04-15 11:08:00,1696.08,1696.53,1696.08,1696.53,0.03,189.78,319599.28,1
2024-04-15,2024-04-15 11:09:00,1696.53,1696.98,1696.53,1696.98,0.03,189.78,319599.28,1
2024-04-15,2024-04-15 11:10:00,1696.98,1697.43,1696.98,1697.43,0.03,189.78,319599.28,1
2024-04-15,2024-04-15 11:11:00,1697.43,1697.88,1697.43,1697.88,0.03,189.78,319599.28,1
2024-04-15,2024-04-15 11:12:00,1697.88,1698.32,1697.88,1698.32,0.03,189.78,319599.28,1
2024-04-15,2024-04-15 11:13:00,1698.32,1698.77,1698.32,1698.77,0.03,189.78,319599.28,1
2024-04-15,2024-04-15 11:14:00,1698.77,1699.22,1698.77,1699.22,0.03,189.78,319599.28,1
2024-04-15,2024-04-15 11:15:00,1699.22,1699.67,1699.22,1699.67,0.03,189.78,319599.28,1
2024-04-15,2024-04-15 11:16:00,1699.67,1700.11,1699.67,1700.11,0.03,189.78,319599.28,1
2024-04-15,2024-04-15 11:17:00,1700.11,1700.56,1700.11,1700.56,0.03,189.78,319599.28,1
2024-04-15,2024-04-15 11:18:00,1700.56,1701.01,1700.56,1701.01,0.03,189.78,319599.28,1
2024-04-15,2024-04-15 11:19:00,1701.01,1701.46,1701.01,1701.46,0.03,189.78,319599.28,1
2024-04-15,2024-04-15 11:20:00,1701.46,1701.91,1701.46,1701.91,0.03,189.78,319599.28,1
2024-04-15,2024-04-15 11:21:00,1701.91,1702.35,1701.91,1702.35,0.03,189.78,319599.28,1
2024-04-15,2024-04-15 11:22:00,1702.35,1702.8,1702.35,1702.8,0.03,189.78,319599.28,1
2024-04-15,2024-04-15 11:23:00,1702.8,1703.25,1702.8,1703.25,0.03,189.78,319599.28,1
2024-04-15,2024-04-15 11:24:00,1703.25,1703.7,1703.25,1703.7,0.03,189.78,319599.28,1
2024-04-15,2024-04-15 11:25:00,1703.7,1704.15,1703.7,1704.15,0.03,189.78,319599.28,1
2024-04-15,2024-04-15 11:26:00,1704.15,1704.59,1704.15,1704.59,0.03,189.78,319599.28,1
2024-04-15,2024-04-15 11:27:00,1704.59,1705.04,1704.59,1705.04,0.03,189.78,319599.28,1
2024-04-15,2024-04-15 11:28:00,1705.04,1705.49,1705.04,1705.49,0.03,189.78,319599.28,1
2024-04-15,2024-04-15 11:29:00,1705.49,1705.94,1705.49,1705.94,0.03,189.78,319599.28,1
2024-04-15,2024-04-15 11:30:00,1705.94,1706.39,1705.94,1706.39,0.03,189.78,319599.28,1
2024-04-15,2024-04-15 11:31:00,1706.39,1706.83,1706.39,1706.83,0.03,189.78,319599.28,1
2024-04-15,2024-04-15 11:32:00,1706.83,1707.28,1706.83,1707.28,0.03,189.78,319599.28,1
2024-04-15,2024-04-15 11:33:00,1707.28,1707.73,1707.28,1707.73,0.03,189.78,319599.28,1
2024-04-15,2024-04-15 11:34:00,1707.73,1708.18,1707.73,1708.18,0.03,189.78,319599.28,1
2024-04-15,2024-04-15 11:35:00,1708.18,1708.62,1708.18,1708.62,0.03,189.78,319599.28,1
2024-04-15,2024-04-15 11:36:00,1708.62,1709.07,1708.62,1709.07,0.03,189.78,319599.28,1
2024-04-15,2024-04-15 11:37:00,1709.07,1709.52,1709.07,1709.52,0.03,189.78,319599.28,1
2024-04-15,2024-04-15 11:38:00,1709.52,1709.97,1709.52,1709.97,0.03,189.78,319599.28,1
2024-04-15,2024-04-15 11:39:00,1709.97,1710.42,1709.97,1710.42,0.03,189.78,319599.28,1
2024-04-15,2024-04-15 11:40:00,1710.42,1710.86,1710.42,1710.86,0.03,189.78,319599.28,1
2024-04-15,2024-04-15 11:41:00,1710.86,1711.31,1710.86,1711.31,0.03,189.78,319599.28,1
2024-04-15,2024-04-15 11:42:00,1711.31,1711.76,1711.31,1711.76,0.03,189.78,319599.28,1
2024-04-15,2024-04-15 11:43:00,1711.76,1712.21,1711.76,1712.21,0.03,189.78,319599.28,1
2024-04-15,2024-04-15 11:44:00,1712.21,1712.66,1712.21,1712.66,0.03,189.78,319599.28,1
2024-04-15,2024-04-15 11:45:00,1712.66,1713.1,1712.66,1713.1,0.03,189.78,319599.28,1
2024-04-15,2024-04-15 11:46:00,1713.1,1713.55,1713.1,1713.55,0.03,189.78,319599.28,1
2024-04-15,2024-04-15 11:47:00,1713.55,1714.0,1713.55,1714.0,0.03,189.78,319599.28,1
2024-04-15,2024-04-15 11:48:00,1714.0,1714.45,1714.0,1714.45,0.03,189.78,319599.28,1
2024-04-15,2024-04-15 11:49:00,1714.45,1714.9,1714.45,1714.9,0.03,189.78,319599.28,1
2024-04-15,2024-04-15 11:50:00,1714.9,1715.34,1714.9,1715.34,0.03,189.78,319599.28,1
2024-04-15,2024-04-15 11:51:00,1715.34,1715.79,1715.34,1715.79,0.03,189.78,319599.28,1
2024-04-15,2024-04-15 11:52:00,1715.79,1716.24,1715.79,1716.24,0.03,189.78,319599.28,1
2024-04-15,2024-04-15 11:53:00,1716.24,1716.69,1716.24,1716.69,0.03,189.78,319599.28,1
2024-04-15,2024-04-15 11:54:00,1716.69,1717.14,1716.69,1717.14,0.03,189.78,319599.28,1
2024-04-15,2024-04-15 11:55:00,1717.14,1717.58,1717.14,1717.58,0.03,189.78,319599.28,1
2024-04-15,2024-04-15 11:56:00,1717.58,1718.03,1717.58,1718.03,0.03,189.78,319599.28,1
2024-04-15,2024-04-15 11:57:00,1718.03,1718.48,1718.03,1718.48,0.03,189.78,319599.28,1
2024-04-15,2024-04-15 11:58:00,1718.48,1718.93,1718.48,1718.93,0.03,189.78,319599.28,1
2024-04-15,2024-04-15 11:59:00,1718.93,1719.38,1718.93,1719.38,0.03,189.78,319599.28,1
2024-04-15,2024-04-15 12:00:00,1719.38,1719.82,1719.38,1719.82,0.03,189.78,319599.28,1
2024-04-15,2024-04-15 12:01:00,1719.82,1720.27,1719.82,1720.27,0.03,189.78,319599.28,1
2024-04-15,2024-04-15 12:02:00,1720.27,1720.72,1720.27,1720.72,0.03,189.78,319599.28,1
2024-04-15,2024-04-15 12:03:00,1720.72,1721.17,1720.72,1721.17,0.03,189.78,319599.28,1
2024-04-15,2024-04-15 12:04:00,1721.17,1721.61,1721.17,1721.61,0.03,189.78,319599.28,1
2024-04-15,2024-04-15 12:05:00,1721.61,1722.06,1721.61,1722.06,0.03,189.78,319599.28,1
2024-04-15,2024-04-15 12:06:00,1722.06,1722.51,1722.06,1722.51,0.03,189.78,319599.28,1
2024-04-15,2024-04-15 12:07:00,1722.51,1722.96,1722.51,1722.96,0.03,189.78,319599.28,1
2024-04-15,2024-04-15 12:08:00,1722.96,1723.41,1722.96,1723.41,0.03,189.78,319599.28,1
2024-04-15,2024-04-15 12:09:00,1723.41,1723.85,1723.41,1723.85,0.03,189.78,319599.28,1
2024-04-15,2024-04-15 12:10:00,1723.85,1724.3,1723.85,1724.3,0.03,189.78,319599.28,1
2024-04-15,2024-04-15 12:11:00,1724.3,1724.75,1724.3,1724.75,0.03,189.78,319599.28,1
2024-04-15,2024-04-15 12:12:00,1724.75,1725.2,1724.75,1725.2,0.03,189.78,319599.28,1
2024-04-15,2024-04-15 12:13:00,1725.2,1725.65,1725.2,1725.65,0.03,189.78,319599.28,1
2024-04-15,2024-04-15 12:14:00,1725.65,1726.09,1725.65,1726.09,0.03,189.78,319599.28,1
2024-04-15,2024-04-15 12:15:00,1726.09,1726.54,1726.09,1726.54,0.03,189.78,319599.28,1
2024-04-15,2024-04-15 12:16:00,1726.54,1726.99,1726.54,1726.99,0.03,189.78,319599.28,1
2024-04-15,2024-04-15 12:17:00,1726.99,1727.44,1726.99,1727.44,0.03,189.78,319599.28,1
2024-04-15,2024-04-15 12:18:00,1727.44,1727.89,1727.44,1727.89,0.03,189.78,319599.28,1
2024-04-15,2024-04-15 12:19:00,1727.89,1728.33,1727.89,1728.33,0.03,189.78,319599.28,1
2024-04-15,2024-04-15 12:20:00,1728.33,1728.78,1728.33,1728.78,0.03,189.78,319599.28,1
2024-04-15,2024-04-15 12:21:00,1728.78,1729.23,1728.78,1729.23,0.03,189.78,319599.28,1
2024-04-15,2024-04-15 12:22:00,1729.23,1729.68,1729.23,1729.68,0.03,189.78,319599.28,1
2024-04-15,2024-04-15 12:23:00,1729.68,1730.12,1729.68,1730.12,0.03,189.78,319599.28,1
2024-04-15,2024-04-15 12:24:00,1730.12,1730.57,1730.12,1730.57,0.03,189.78,319599.28,1
2024-04-15,2024-04-15 12:25:00,1730.57,1731.02,1730.57,1731.02,0.03,189.78,319599.28,1
2024-04-15,2024-04-15 12:26:00,1731.02,1731.47,1731.02,1731.47,0.03,189.78,319599.28,1
2024-04-15,2024-04-15 12:27:00,1731.47,1731.92,1731.47,1731.92,0.03,189.78,319599.28,1
2024-04-15,2024-04-15 12:28:00,1731.92,1732.36,1731.92,1732.36,0.03,189.78,319599.28,1
2024-04-15,2024-04-15 12:29:00,1732.36,1732.81,1732.36,1732.81,0.03,189.78,319599.28,1
2024-04-15,2024-04-15 12:30:00,1732.81,1733.26,1732.81,1733.26,0.03,189.78,319599.28,1
2024-04-15,2024-04-15 12:31:00,1733.26,1733.71,1733.26,1733.71,0.03,189.78,319599.28,1
2024-04-15,2024-04-15 12:32:00,1733.71,1734.16,1733.71,1734.16,0.03,189.78,319599.28,1
2024-04-15,2024-04-15 12:33:00,1734.16,1734.6,1734.16,1734.6,0.03,189.78,319599.28,1
2024-04-15,2024-04-15 12:34:00,1734.6,1735.05,1734.6,1735.05,0.03,189.78,319599.28,1
2024-04-15,2024-04-15 12:35:00,1735.05,1735.5,1735.05,1735.5,0.03,189.78,319599.28,1
2024-04-15,2024-04-15 12:36:00,1735.5,1735.95,1735.5,1735.95,0.03,189.78,319599.28,1
2024-04-15,2024-04-15 12:37:00,1735.95,1736.4,1735.95,1736.4,0.03,189.78,319599.28,1
2024-04-15,2024-04-15 12:38:00,1736.4,1736.84,1736.4,1736.84,0.03,189.78,319599.28,1
2024-04-15,2024-04-15 12:39:00,1736.84,1737.29,1736.84,1737.29,0.03,189.78,319599.28,1
2024-04-15,2024-04-15 12:40:00,1737.29,1737.74,1737.29,1737.74,0.03,189.78,319599.28,1
2024-04-15,2024-04-15 12:41:00,1737.74,1738.19,1737.74,1738.19,0.03,189.78,319599.28,1
2024-04-15,2024-04-15 12:42:00,1738.19,1738.64,1738.19,1738.64,0.03,189.78,319599.28,1
2024-04-15,2024-04-15 12:43:00,1738.64,1739.08,1738.64,1739.08,0.03,189.78,319599.28,1
2024-04-15,2024-04-15 12:44:00,1739.08,1739.53,1739.08,1739.53,0.03,189.78,319599.28,1
2024-04-15,2024-04-15 12:45:00,1739.53,1739.98,1739.53,1739.98,0.03,189.78,319599.28,1
2024-04-15,2024-04-15 12:46:00,1739.98,1740.43,1739.98,1740.43,0.03,189.78,319599.28,1
2024-04-15,2024-04-15 12:47:00,1740.43,1740.88,1740.43,1740.88,0.03,189.78,319599.28,1
2024-04-15,2024-04-15 12:48:00,1740.88,1741.32,1740.88,1741.32,0.03,189.78,319599.28,1
2024-04-15,2024-04-15 12:49:00,1741.32,1741.77,1741.32,1741.77,0.03,189.78,319599.28,1
2024-04-15,2024-04-15 12:50:00,1741.77,1742.22,1741.77,1742.22,0.03,189.78,319599.28,1
2024-04-15,2024-04-15 12:51:00,1742.22,1742.67,1742.22,1742.67,0.03,189.78,319599.28,1
2024-04-15,2024-04-15 12:52:00,1742.67,1743.11,1742.67,1743.11,0.03,189.78,319599.28,1
2024-04-15,2024-04-15 12:53:00,1743.11,1743.56,1743.11,1743.56,0.03,189.78,319599.28,1
2024-04-15,2024-04-15 12:54:00,1743.56,1744.01,1743.56,1744.01,0.03,189.78,319599.28,1
2024-04-15,2024-04-15 12:55:00,1744.01,1744.46,1744.01,1744.46,0.03,189.78,319599.28,1
2024-04-15,2024-04-15 12:56:00,1744.46,1744.91,1744.46,1744.91,0.03,189.78,319599.28,1
2024-04-15,2024-04-15 12:57:00,1744.91,1745.35,1744.91,1745.35,0.03,189.78,319599.28,1
2024-04-15,2024-04-15 12:58:00,1745.35,1745.8,1745.35,1745.8,0.03,189.78,319599.28,1
2024-04-15,2024-04-15 12:59:00,1745.8,1746.25,1745.8,1746.25,0.03,189.78,319599.28,1
2024-04-15,2024-04-15 13:00:00,1746.25,1823.0,1642.0,1746.7,0.03,189.78,319599.28,1
2024-04-15,2024-04-15 13:01:00,1746.7,1747.15,1746.7,1747.15,0.03,189.78,319599.28,1
2024-04-15,2024-04-15 13:02:00,1747.15,1747.59,1747.15,1747.59,0.03,189.78,319599.28,1
2024-04-15,2024-04-15 13:03:00,1747.59,1748.04,1747.59,1748.04,0.03,189.78,319599.28,1
2024-04-15,2024-04-15 13:04:00,1748.04,1748.49,1748.04,1748.49,0.03,189.78,319599.28,1
2024-04-15,2024-04-15 13:05:00,1748.49,1748.94,1748.49,1748.94,0.03,189.78,319599.28,1
2024-04-15,2024-04-15 13:06:00,1748.94,1749.39,1748.94,1749.39,0.03,189.78,319599.28,1
2024-04-15,2024-04-15 13:07:00,1749.39,1749.83,1749.39,1749.83,0.03,189.78,319599.28,1
2024-04-15,2024-04-15 13:08:00,1749.83,1750.28,1749.83,1750.28,0.03,189.78,319599.28,1
2024-04-15,2024-04-15 13:09:00,1750.28,1750.73,1750.28,1750.73,0.03,189.78,319599.28,1
2024-04-15,2024-04-15 13:10:00,1750.73,1751.18,1750.73,1751.18,0.03,189.78,319599.28,1
2024-04-15,2024-04-15 13:11:00,1751.18,1751.62,1751.18,1751.62,0.03,189.78,319599.28,1
2024-04-15,2024-04-15 13:12:00,1751.62,1752.07,1751.62,1752.07,0.03,189.78,319599.28,1
2024-04-15,2024-04-15 13:13:00,1752.07,1752.52,1752.07,1752.52,0.03,189.78,319599.28,1
2024-04-15,2024-04-15 13:14:00,1752.52,1752.97,1752.52,1752.97,0.03,189.78,319599.28,1
2024-04-15,2024-04-15 13:15:00,1752.97,1753.42,1752.97,1753.42,0.03,189.78,319599.28,1
2024-04-15,2024-04-15 13:16:00,1753.42,1753.86,1753.42,1753.86,0.03,189.78,319599.28,1
2024-04-15,2024-04-15 13:17:00,1753.86,1754.31,1753.86,1754.31,0.03,189.78,319599.28,1
2024-04-15,2024-04-15 13:18:00,1754.31,1754.76,1754.31,1754.76,0.03,189.78,319599.28,1
2024-04-15,2024-04-15 13:19:00,1754.76,1755.21,1754.76,1755.21,0.03,189.78,319599.28,1
2024-04-15,2024-04-15 13:20:00,1755.21,1755.66,1755.21,1755.66,0.03,189.78,319599.28,1
2024-04-15,2024-04-15 13:21:00,1755.66,1756.1,1755.66,1756.1,0.03,189.78,319599.28,1
2024-04-15,2024-04-15 13:22:00,1756.1,1756.55,1756.1,1756.55,0.03,189.78,319599.28,1
2024-04-15,2024-04-15 13:23:00,1756.55,1757.0,1756.55,1757.0,0.03,189.78,319599.28,1
2024-04-15,2024-04-15 13:24:00,1757.0,1757.45,1757.0,1757.45,0.03,189.78,319599.28,1
2024-04-15,2024-04-15 13:25:00,1757.45,1757.9,1757.45,1757.9,0.03,189.78,319599.28,1
2024-04-15,2024-04-15 13:26:00,1757.9,1758.34,1757.9,1758.34,0.03,189.78,319599.28,1
2024-04-15,2024-04-15 13:27:00,1758.34,1758.79,1758.34,1758.79,0.03,189.78,319599.28,1
2024-04-15,2024-04-15 13:28:00,1758.79,1759.24,1758.79,1759.24,0.03,189.78,319599.28,1
2024-04-15,2024-04-15 13:29:00,1759.24,1759.69,1759.24,1759.69,0.03,189.78,319599.28,1
2024-04-15,2024-04-15 13:30:00,1759.69,1760.14,1759.69,1760.14,0.03,189.78,319599.28,1
2024-04-15,2024-04-15 13:31:00,1760.14,1760.58,1760.14,1760.58,0.02,189.78,319599.28,1
2024-04-15,2024-04-15 13:32:00,1760.58,1761.03,1760.58,1761.03,0.03,189.78,319599.28,1
2024-04-15,2024-04-15 13:33:00,1761.03,1761.48,1761.03,1761.48,0.03,189.78,319599.28,1
2024-04-15,2024-04-15 13:34:00,1761.48,1761.93,1761.48,1761.93,0.03,189.78,319599.28,1
2024-04-15,2024-04-15 13:35:00,1761.93,1762.38,1761.93,1762.38,0.03,189.78,319599.28,1
2024-04-15,2024-04-15 13:36:00,1762.38,1762.82,1762.38,1762.82,0.02,189.78,319599.28,1
2024-04-15,2024-04-15 13:37:00,1762.82,1763.27,1762.82,1763.27,0.03,189.78,319599.28,1
2024-04-15,2024-04-15 13:38:00,1763.27,1763.72,1763.27,1763.72,0.03,189.78,319599.28,1
2024-04-15,2024-04-15 13:39:00,1763.72,1764.17,1763.72,1764.17,0.03,189.78,319599.28,1
2024-04-15,2024-04-15 13:40:00,1764.17,1764.61,1764.17,1764.61,0.02,189.78,319599.28,1
2024-04-15,2024-04-15 13:41:00,1764.61,1765.06,1764.61,1765.06,0.03,189.78,319599.28,1
2024-04-15,2024-04-15 13:42:00,1765.06,1765.51,1765.06,1765.51,0.03,189.78,319599.28,1
2024-04-15,2024-04-15 13:43:00,1765.51,1765.96,1765.51,1765.96,0.03,189.78,319599.28,1
2024-04-15,2024-04-15 13:44:00,1765.96,1766.41,1765.96,1766.41,0.03,189.78,319599.28,1
2024-04-15,2024-04-15 13:45:00,1766.41,1766.85,1766.41,1766.85,0.02,189.78,319599.28,1
2024-04-15,2024-04-15 13:46:00,1766.85,1767.3,1766.85,1767.3,0.03,189.78,319599.28,1
2024-04-15,2024-04-15 13:47:00,1767.3,1767.75,1767.3,1767.75,0.03,189.78,319599.28,1
2024-04-15,2024-04-15 13:48:00,1767.75,1768.2,1767.75,1768.2,0.03,189.78,319599.28,1
2024-04-15,2024-04-15 13:49:00,1768.2,1768.65,1768.2,1768.65,0.03,189.78,319599.28,1
2024-04-15,2024-04-15 13:50:00,1768.65,1769.09,1768.65,1769.09,0.02,189.78,319599.28,1
2024-04-15,2024-04-15 13:51:00,1769.09,1769.54,1769.09,1769.54,0.03,189.78,319599.28,1
2024-04-15,2024-04-15 13:52:00,1769.54,1769.99,1769.54,1769.99,0.03,189.78,319599.28,1
2024-04-15,2024-04-15 13:53:00,1769.99,1770.44,1769.99,1770.44,0.03,189.78,319599.28,1
2024-04-15,2024-04-15 13:54:00,1770.44,1770.89,1770.44,1770.89,0.03,189.78,319599.28,1
2024-04-15,2024-04-15 13:55:00,1770.89,1771.33,1770.89,1771.33,0.02,189.78,319599.28,1
2024-04-15,2024-04-15 13:56:00,1771.33,1771.78,1771.33,1771.78,0.03,189.78,319599.28,1
2024-04-15,2024-04-15 13:57:00,1771.78,1772.23,1771.78,1772.23,0.03,189.78,319599.28,1
2024-04-15,2024-04-15 13:58:00,1772.23,1772.68,1772.23,1772.68,0.03,189.78,319599.28,1
2024-04-15,2024-04-15 13:59:00,1772.68,1773.12,1772.68,1773.12,0.02,189.78,319599.28,1
2024-04-15,2024-04-15 14:00:00,1773.12,1773.57,1773.12,1773.57,0.03,189.78,319599.28,1
2024-04-15,2024-04-15 14:01:00,1773.57,1774.02,1773.57,1774.02,0.03,189.78,319599.28,1
2024-04-15,2024-04-15 14:02:00,1774.02,1774.47,1774.02,1774.47,0.03,189.78,319599.28,1
2024-04-15,2024-04-15 14:03:00,1774.47,1774.92,1774.47,1774.92,0.03,189.78,319599.28,1
2024-04-15,2024-04-15 14:04:00,1774.92,1775.36,1774.92,1775.36,0.02,189.78,319599.28,1
2024-04-15,2024-04-15 14:05:00,1775.36,1775.81,1775.36,1775.81,0.03,189.78,319599.28,1
2024-04-15,2024-04-15 14:06:00,1775.81,1776.26,1775.81,1776.26,0.03,189.78,319599.28,1
2024-04-15,2024-04-15 14:07:00,1776.26,1776.71,1776.26,1776.71,0.03,189.78,319599.28,1
2024-04-15,2024-04-15 14:08:00,1776.71,1777.16,1776.71,1777.16,0.03,189.78,319599.28,1
2024-04-15,2024-04-15 14:09:00,1777.16,1777.6,1777.16,1777.6,0.02,189.78,319599.28,1
2024-04-15,2024-04-15 14:10:00,1777.6,1778.05,1777.6,1778.05,0.03,189.78,319599.28,1
2024-04-15,2024-04-15 14:11:00,1778.05,1778.5,1778.05,1778.5,0.03,189.78,319599.28,1
2024-04-15,2024-04-15 14:12:00,1778.5,1778.95,1778.5,1778.95,0.03,189.78,319599.28,1
2024-04-15,2024-04-15 14:13:00,1778.95,1779.4,1778.95,1779.4,0.03,189.78,319599.28,1
2024-04-15,2024-04-15 14:14:00,1779.4,1779.84,1779.4,1779.84,0.02,189.78,319599.28,1
2024-04-15,2024-04-15 14:15:00,1779.84,1780.29,1779.84,1780.29,0.03,189.78,319599.28,1
2024-04-15,2024-04-15 14:16:00,1780.29,1780.74,1780.29,1780.74,0.03,189.78,319599.28,1
2024-04-15,2024-04-15 14:17:00,1780.74,1781.19,1780.74,1781.19,0.03,189.78,319599.28,1
2024-04-15,2024-04-15 14:18:00,1781.19,1781.64,1781.19,1781.64,0.03,189.78,319599.28,1
2024-04-15,2024-04-15 14:19:00,1781.64,1782.08,1781.64,1782.08,0.02,189.78,319599.28,1
2024-04-15,2024-04-15 14:20:00,1782.08,1782.53,1782.08,1782.53,0.03,189.78,319599.28,1
2024-04-15,2024-04-15 14:21:00,1782.53,1782.98,1782.53,1782.98,0.03,189.78,319599.28,1
2024-04-15,2024-04-15 14:22:00,1782.98,1783.43,1782.98,1783.43,0.03,189.78,319599.28,1
2024-04-15,2024-04-15 14:23:00,1783.43,1783.88,1783.43,1783.88,0.03,189.78,319599.28,1
2024-04-15,2024-04-15 14:24:00,1783.88,1784.32,1783.88,1784.32,0.02,189.78,319599.28,1
2024-04-15,2024-04-15 14:25:00,1784.32,1784.77,1784.32,1784.77,0.03,189.78,319599.28,1
2024-04-15,2024-04-15 14:26:00,1784.77,1785.22,1784.77,1785.22,0.03,189.78,319599.28,1
2024-04-15,2024-04-15 14:27:00,1785.22,1785.67,1785.22,1785.67,0.03,189.78,319599.28,1
2024-04-15,2024-04-15 14:28:00,1785.67,1786.11,1785.67,1786.11,0.02,189.78,319599.28,1
2024-04-15,2024-04-15 14:29:00,1786.11,1786.56,1786.11,1786.56,0.03,189.78,319599.28,1
2024-04-15,2024-04-15 14:30:00,1786.56,1787.01,1786.56,1787.01,0.03,189.78,319599.28,1
2024-04-15,2024-04-15 14:31:00,1787.01,1787.46,1787.01,1787.46,0.03,189.78,319599.28,1
2024-04-15,2024-04-15 14:32:00,1787.46,1787.91,1787.46,1787.91,0.03,189.78,319599.28,1
2024-04-15,2024-04-15 14:33:00,1787.91,1788.35,1787.91,1788.35,0.02,189.78,319599.28,1
2024-04-15,2024-04-15 14:34:00,1788.35,1788.8,1788.35,1788.8,0.03,189.78,319599.28,1
2024-04-15,2024-04-15 14:35:00,1788.8,1789.25,1788.8,1789.25,0.03,189.78,319599.28,1
2024-04-15,2024-04-15 14:36:00,1789.25,1789.7,1789.25,1789.7,0.03,189.78,319599.28,1
2024-04-15,2024-04-15 14:37:00,1789.7,1790.15,1789.7,1790.15,0.03,189.78,319599.28,1
2024-04-15,2024-04-15 14:38:00,1790.15,1790.59,1790.15,1790.59,0.02,189.78,319599.28,1
2024-04-15,2024-04-15 14:39:00,1790.59,1791.04,1790.59,1791.04,0.03,189.78,319599.28,1
2024-04-15,2024-04-15 14:40:00,1791.04,1791.49,1791.04,1791.49,0.03,189.78,319599.28,1
2024-04-15,2024-04-15 14:41:00,1791.49,1791.94,1791.49,1791.94,0.03,189.78,319599.28,1
2024-04-15,2024-04-15 14:42:00,1791.94,1792.39,1791.94,1792.39,0.03,189.78,319599.28,1
2024-04-15,2024-04-15 14:43:00,1792.39,1792.83,1792.39,1792.83,0.02,189.78,319599.28,1
2024-04-15,2024-04-15 14:44:00,1792.83,1793.28,1792.83,1793.28,0.03,189.78,319599.28,1
2024-04-15,2024-04-15 14:45:00,1793.28,1793.73,1793.28,1793.73,0.03,189.78,319599.28,1
2024-04-15,2024-04-15 14:46:00,1793.73,1794.18,1793.73,1794.18,0.03,189.78,319599.28,1
2024-04-15,2024-04-15 14:47:00,1794.18,1794.62,1794.18,1794.62,0.02,189.78,319599.28,1
2024-04-15,2024-04-15 14:48:00,1794.62,1795.07,1794.62,1795.07,0.03,189.78,319599.28,1
2024-04-15,2024-04-15 14:49:00,1795.07,1795.52,1795.07,1795.52,0.03,189.78,319599.28,1
2024-04-15,2024-04-15 14:50:00,1795.52,1795.97,1795.52,1795.97,0.03,189.78,319599.28,1
2024-04-15,2024-04-15 14:51:00,1795.97,1796.42,1795.97,1796.42,0.03,189.78,319599.28,1
2024-04-15,2024-04-15 14:52:00,1796.42,1796.86,1796.42,1796.86,0.02,189.78,319599.28,1
2024-04-15,2024-04-15 14:53:00,1796.86,1797.31,1796.86,1797.31,0.03,189.78,319599.28,1
2024-04-15,2024-04-15 14:54:00,1797.31,1797.76,1797.31,1797.76,0.03,189.78,319599.28,1
2024-04-15,2024-04-15 14:55:00,1797.76,1798.21,1797.76,1798.21,0.03,189.78,319599.28,1
2024-04-15,2024-04-15 14:56:00,1798.21,1798.66,1798.21,1798.66,0.03,189.78,319599.28,1
2024-04-15,2024-04-15 14:57:00,1798.66,1799.1,1798.66,1799.1,0.02,189.78,319599.28,1
2024-04-15,2024-04-15 14:58:00,1799.1,1799.55,1799.1,1799.55,0.03,189.78,319599.28,1
2024-04-15,2024-04-15 14:59:00,1799.55,1800.0,1799.55,1800.0,0.03,189.78,319599.28,1
2024-04-15,2024-04-15 15:00:00,1800.0,1823.0,1642.0,1800.0,0.0,189.78,319599.28,0
2024-04-16,2024-04-16 11:00:00,1764.0,1764.0,1726.8,1763.66,-0.02,45.76,76014.75,-1
2024-04-16,2024-04-16 11:01:00,1763.66,1763.66,1763.33,1763.33,-0.02,45.76,76014.75,-1
2024-04-16,2024-04-16 11:02:00,1763.33,1763.33,1762.99,1762.99,-0.02,45.76,76014.75,-1
2024-04-16,2024-04-16 11:03:00,1762.99,1762.99,1762.65,1762.65,-0.02,45.76,76014.75,-1
2024-04-16,2024-04-16 11:04:00,1762.65,1762.65,1762.31,1762.31,-0.02,45.76,76014.75,-1
2024-04-16,2024-04-16 11:05:00,1762.31,1762.31,1761.97,1761.97,-0.02,45.76,76014.75,-1
2024-04-16,2024-04-16 11:06:00,1761.97,1761.97,1761.64,1761.64,-0.02,45.76,76014.75,-1
2024-04-16,2024-04-16 11:07:00,1761.64,1761.64,1761.3,1761.3,-0.02,45.76,76014.75,-1
2024-04-16,2024-04-16 11:08:00,1761.3,1761.3,1760.96,1760.96,-0.02,45.76,76014.75,-1
2024-04-16,2024-04-16 11:09:00,1760.96,1760.96,1760.62,1760.62,-0.02,45.76,76014.75,-1
2024-04-16,2024-04-16 11:10:00,1760.62,1760.62,1760.29,1760.29,-0.02,45.76,76014.75,-1
2024-04-16,2024-04-16 11:11:00,1760.29,1760.29,1759.95,1759.95,-0.02,45.76,76014.75,-1
2024-04-16,2024-04-16 11:12:00,1759.95,1759.95,1759.61,1759.61,-0.02,45.76,76014.75,-1
2024-04-16,2024-04-16 11:13:00,1759.61,1759.61,1759.28,1759.28,-0.02,45.76,76014.75,-1
2024-04-16,2024-04-16 11:14:00,1759.28,1759.28,1758.94,1758.94,-0.02,45.76,76014.75,-1
2024-04-16,2024-04-16 11:15:00,1758.94,1758.94,1758.6,1758.6,-0.02,45.76,76014.75,-1
2024-04-16,2024-04-16 11:16:00,1758.6,1758.6,1758.26,1758.26,-0.02,45.76,76014.75,-1
2024-04-16,2024-04-16 11:17:00,1758.26,1758.26,1757.92,1757.92,-0.02,45.76,76014.75,-1
2024-04-16,2024-04-16 11:18:00,1757.92,1757.92,1757.59,1757.59,-0.02,45.76,76014.75,-1
2024-04-16,2024-04-16 11:19:00,1757.59,1757.59,1757.25,1757.25,-0.02,45.76,76014.75,-1
2024-04-16,2024-04-16 11:20:00,1757.25,1757.25,1756.91,1756.91,-0.02,45.76,76014.75,-1
2024-04-16,2024-04-16 11:21:00,1756.91,1756.91,1756.58,1756.58,-0.02,45.76,76014.75,-1
2024-04-16,2024-04-16 11:22:00,1756.58,1756.58,1756.24,1756.24,-0.02,45.76,76014.75,-1
2024-04-16,2024-04-16 11:23:00,1756.24,1756.24,1755.9,1755.9,-0.02,45.76,76014.75,-1
2024-04-16,2024-04-16 11:24:00,1755.9,1755.9,1755.56,1755.56,-0.02,45.76,76014.75,-1
2024-04-16,2024-04-16 11:25:00,1755.56,1755.56,1755.22,1755.22,-0.02,45.76,76014.75,-1
2024-04-16,2024-04-16 11:26:00,1755.22,1755.22,1754.89,1754.89,-0.02,45.76,76014.75,-1
2024-04-16,2024-04-16 11:27:00,1754.89,1754.89,1754.55,1754.55,-0.02,45.76,76014.75,-1
2024-04-16,2024-04-16 11:28:00,1754.55,1754.55,1754.21,1754.21,-0.02,45.76,76014.75,-1
2024-04-16,2024-04-16 11:29:00,1754.21,1754.21,1753.88,1753.88,-0.02,45.76,76014.75,-1
2024-04-16,2024-04-16 11:30:00,1753.88,1753.88,1753.54,1753.54,-0.02,45.76,76014.75,-1
2024-04-16,2024-04-16 11:31:00,1753.54,1753.54,1753.2,1753.2,-0.02,45.76,76014.75,-1
2024-04-16,2024-04-16 11:32:00,1753.2,1753.2,1752.86,1752.86,-0.02,45.76,76014.75,-1
2024-04-16,2024-04-16 11:33:00,1752.86,1752.86,1752.53,1752.53,-0.02,45.76,76014.75,-1
2024-04-16,2024-04-16 11:34:00,1752.53,1752.53,1752.19,1752.19,-0.02,45.76,76014.75,-1
2024-04-16,2024-04-16 11:35:00,1752.19,1752.19,1751.85,1751.85,-0.02,45.76,76014.75,-1
2024-04-16,2024-04-16 11:36:00,1751.85,1751.85,1751.51,1751.51,-0.02,45.76,76014.75,-1
2024-04-16,2024-04-16 11:37:00,1751.51,1751.51,1751.17,1751.17,-0.02,45.76,76014.75,-1
2024-04-16,2024-04-16 11:38:00,1751.17,1751.17,1750.84,1750.84,-0.02,45.76,76014.75,-1
2024-04-16,2024-04-16 11:39:00,1750.84,1750.84,1750.5,1750.5,-0.02,45.76,76014.75,-1
2024-04-16,2024-04-16 11:40:00,1750.5,1750.5,1750.16,1750.16,-0.02,45.76,76014.75,-1
2024-04-16,2024-04-16 11:41:00,1750.16,1750.16,1749.83,1749.83,-0.02,45.76,76014.75,-1
2024-04-16,2024-04-16 11:42:00,1749.83,1749.83,1749.49,1749.49,-0.02,45.76,76014.75,-1
2024-04-16,2024-04-16 11:43:00,1749.49,1749.49,1749.15,1749.15,-0.02,45.76,76014.75,-1
2024-04-16,2024-04-16 11:44:00,1749.15,1749.15,1748.81,1748.81,-0.02,45.76,76014.75,-1
2024-04-16,2024-04-16 11:45:00,1748.81,1748.81,1748.47,1748.47,-0.02,45.76,76014.75,-1
2024-04-16,2024-04-16 11:46:00,1748.47,1748.47,1748.14,1748.14,-0.02,45.76,76014.75,-1
2024-04-16,2024-04-16 11:47:00,1748.14,1748.14,1747.8,1747.8,-0.02,45.76,76014.75,-1
2024-04-16,2024-04-16 11:48:00,1747.8,1747.8,1747.46,1747.46,-0.02,45.76,76014.75,-1
2024-04-16,2024-04-16 11:49:00,1747.46,1747.46,1747.12,1747.12,-0.02,45.76,76014.75,-1
2024-04-16,2024-04-16 11:50:00,1747.12,1747.12,1746.79,1746.79,-0.02,45.76,76014.75,-1
2024-04-16,2024-04-16 11:51:00,1746.79,1746.79,1746.45,1746.45,-0.02,45.76,76014.75,-1
2024-04-16,2024-04-16 11:52:00,1746.45,1746.45,1746.11,1746.11,-0.02,45.76,76014.75,-1
2024-04-16,2024-04-16 11:53:00,1746.11,1746.11,1745.78,1745.78,-0.02,45.76,76014.75,-1
2024-04-16,2024-04-16 11:54:00,1745.78,1745.78,1745.44,1745.44,-0.02,45.76,76014.75,-1
2024-04-16,2024-04-16 11:55:00,1745.44,1745.44,1745.1,1745.1,-0.02,45.76,76014.75,-1
2024-04-16,2024-04-16 11:56:00,1745.1,1745.1,1744.76,1744.76,-0.02,45.76,76014.75,-1
2024-04-16,2024-04-16 11:57:00,1744.76,1744.76,1744.42,1744.42,-0.02,45.76,76014.75,-1
2024-04-16,2024-04-16 11:58:00,1744.42,1744.42,1744.09,1744.09,-0.02,45.76,76014.75,-1
2024-04-16,2024-04-16 11:59:00,1744.09,1744.09,1743.75,1743.75,-0.02,45.76,76014.75,-1
2024-04-16,2024-04-16 12:00:00,1743.75,1743.75,1743.41,1743.41,-0.02,45.76,76014.75,-1
2024-04-16,2024-04-16 12:01:00,1743.41,1743.41,1743.08,1743.08,-0.02,45.76,76014.75,-1
2024-04-16,2024-04-16 12:02:00,1743.08,1743.08,1742.74,1742.74,-0.02,45.76,76014.75,-1
2024-04-16,2024-04-16 12:03:00,1742.74,1742.74,1742.4,1742.4,-0.02,45.76,76014.75,-1
2024-04-16,2024-04-16 12:04:00,1742.4,1742.4,1742.06,1742.06,-0.02,45.76,76014.75,-1
2024-04-16,2024-04-16 12:05:00,1742.06,1742.06,1741.72,1741.72,-0.02,45.76,76014.75,-1
2024-04-16,2024-04-16 12:06:00,1741.72,1741.72,1741.39,1741.39,-0.02,45.76,76014.75,-1
2024-04-16,2024-04-16 12:07:00,1741.39,1741.39,1741.05,1741.05,-0.02,45.76,76014.75,-1
2024-04-16,2024-04-16 12:08:00,1741.05,1741.05,1740.71,1740.71,-0.02,45.76,76014.75,-1
2024-04-16,2024-04-16 12:09:00,1740.71,1740.71,1740.38,1740.38,-0.02,45.76,76014.75,-1
2024-04-16,2024-04-16 12:10:00,1740.38,1740.38,1740.04,1740.04,-0.02,45.76,76014.75,-1
2024-04-16,2024-04-16 12:11:00,1740.04,1740.04,1739.7,1739.7,-0.02,45.76,76014.75,-1
2024-04-16,2024-04-16 12:12:00,1739.7,1739.7,1739.36,1739.36,-0.02,45.76,76014.75,-1
2024-04-16,2024-04-16 12:13:00,1739.36,1739.36,1739.03,1739.03,-0.02,45.76,76014.75,-1
2024-04-16,2024-04-16 12:14:00,1739.03,1739.03,1738.69,1738.69,-0.02,45.76,76014.75,-1
2024-04-16,2024-04-16 12:15:00,1738.69,1738.69,1738.35,1738.35,-0.02,45.76,76014.75,-1
2024-04-16,2024-04-16 12:16:00,1738.35,1738.35,1738.01,1738.01,-0.02,45.76,76014.75,-1
2024-04-16,2024-04-16 12:17:00,1738.01,1738.01,1737.67,1737.67,-0.02,45.76,76014.75,-1
2024-04-16,2024-04-16 12:18:00,1737.67,1737.67,1737.34,1737.34,-0.02,45.76,76014.75,-1
2024-04-16,2024-04-16 12:19:00,1737.34,1737.34,1737.0,1737.0,-0.02,45.76,76014.75,-1
2024-04-16,2024-04-16 12:20:00,1737.0,1737.0,1736.66,1736.66,-0.02,45.76,76014.75,-1
2024-04-16,2024-04-16 12:21:00,1736.66,1736.66,1736.33,1736.33,-0.02,45.76,76014.75,-1
2024-04-16,2024-04-16 12:22:00,1736.33,1736.33,1735.99,1735.99,-0.02,45.76,76014.75,-1
2024-04-16,2024-04-16 12:23:00,1735.99,1735.99,1735.65,1735.65,-0.02,45.76,76014.75,-1
2024-04-16,2024-04-16 12:24:00,1735.65,1735.65,1735.31,1735.31,-0.02,45.76,76014.75,-1
2024-04-16,2024-04-16 12:25:00,1735.31,1735.31,1734.97,1734.97,-0.02,45.76,76014.75,-1
2024-04-16,2024-04-16 12:26:00,1734.97,1734.97,1734.64,1734.64,-0.02,45.76,76014.75,-1
2024-04-16,2024-04-16 12:27:00,1734.64,1734.64,1734.3,1734.3,-0.02,45.76,76014.75,-1
2024-04-16,2024-04-16 12:28:00,1734.3,1734.3,1733.96,1733.96,-0.02,45.76,76014.75,-1
2024-04-16,2024-04-16 12:29:00,1733.96,1733.96,1733.62,1733.62,-0.02,45.76,76014.75,-1
2024-04-16,2024-04-16 12:30:00,1733.62,1733.62,1733.29,1733.29,-0.02,45.76,76014.75,-1
2024-04-16,2024-04-16 12:31:00,1733.29,1733.29,1732.95,1732.95,-0.02,45.76,76014.75,-1
2024-04-16,2024-04-16 12:32:00,1732.95,1732.95,1732.61,1732.61,-0.02,45.76,76014.75,-1
2024-04-16,2024-04-16 12:33:00,1732.61,1732.61,1732.28,1732.28,-0.02,45.76,76014.75,-1
2024-04-16,2024-04-16 12:34:00,1732.28,1732.28,1731.94,1731.94,-0.02,45.76,76014.75,-1
2024-04-16,2024-04-16 12:35:00,1731.94,1731.94,1731.6,1731.6,-0.02,45.76,76014.75,-1
2024-04-16,2024-04-16 12:36:00,1731.6,1731.6,1731.26,1731.26,-0.02,45.76,76014.75,-1
2024-04-16,2024-04-16 12:37:00,1731.26,1731.26,1730.92,1730.92,-0.02,45.76,76014.75,-1
2024-04-16,2024-04-16 12:38:00,1730.92,1730.92,1730.59,1730.59,-0.02,45.76,76014.75,-1
2024-04-16,2024-04-16 12:39:00,1730.59,1730.59,1730.25,1730.25,-0.02,45.76,76014.75,-1
2024-04-16,2024-04-16 12:40:00,1730.25,1730.25,1729.91,1729.91,-0.02,45.76,76014.75,-1
2024-04-16,2024-04-16 12:41:00,1729.91,1729.91,1729.58,1729.58,-0.02,45.76,76014.75,-1
2024-04-16,2024-04-16 12:42:00,1729.58,1729.58,1729.24,1729.24,-0.02,45.76,76014.75,-1
2024-04-16,2024-04-16 12:43:00,1729.24,1729.24,1728.9,1728.9,-0.02,45.76,76014.75,-1
2024-04-16,2024-04-16 12:44:00,1728.9,1728.9,1728.56,1728.56,-0.02,45.76,76014.75,-1
2024-04-16,2024-04-16 12:45:00,1728.56,1728.56,1728.22,1728.22,-0.02,45.76,76014.75,-1
2024-04-16,2024-04-16 12:46:00,1728.22,1728.22,1727.89,1727.89,-0.02,45.76,76014.75,-1
2024-04-16,2024-04-16 12:47:00,1727.89,1727.89,1727.55,1727.55,-0.02,45.76,76014.75,-1
2024-04-16,2024-04-16 12:48:00,1727.55,1727.55,1727.21,1727.21,-0.02,45.76,76014.75,-1
2024-04-16,2024-04-16 12:49:00,1727.21,1727.21,1726.88,1726.88,-0.02,45.76,76014.75,-1
2024-04-16,2024-04-16 12:50:00,1726.88,1726.88,1726.54,1726.54,-0.02,45.76,76014.75,-1
2024-04-16,2024-04-16 12:51:00,1726.54,1726.54,1726.2,1726.2,-0.02,45.76,76014.75,-1
2024-04-16,2024-04-16 12:52:00,1726.2,1726.2,1725.86,1725.86,-0.02,45.76,76014.75,-1
2024-04-16,2024-04-16 12:53:00,1725.86,1725.86,1725.53,1725.53,-0.02,45.76,76014.75,-1
2024-04-16,2024-04-16 12:54:00,1725.53,1725.53,1725.19,1725.19,-0.02,45.76,76014.75,-1
2024-04-16,2024-04-16 12:55:00,1725.19,1725.19,1724.85,1724.85,-0.02,45.76,76014.75,-1
2024-04-16,2024-04-16 12:56:00,1724.85,1724.85,1724.51,1724.51,-0.02,45.76,76014.75,-1
2024-04-16,2024-04-16 12:57:00,1724.51,1724.51,1724.17,1724.17,-0.02,45.76,76014.75,-1
2024-04-16,2024-04-16 12:58:00,1724.17,1724.17,1723.84,1723.84,-0.02,45.76,76014.75,-1
2024-04-16,2024-04-16 12:59:00,1723.84,1723.84,1723.5,1723.5,-0.02,45.76,76014.75,-1
2024-04-16,2024-04-16 13:00:00,1723.5,1764.0,1640.0,1723.16,-0.02,45.76,76014.75,-1
2024-04-16,2024-04-16 13:01:00,1723.16,1723.16,1722.83,1722.83,-0.02,45.76,76014.75,-1
2024-04-16,2024-04-16 13:02:00,1722.83,1722.83,1722.49,1722.49,-0.02,45.76,76014.75,-1
2024-04-16,2024-04-16 13:03:00,1722.49,1722.49,1722.15,1722.15,-0.02,45.76,76014.75,-1
2024-04-16,2024-04-16 13:04:00,1722.15,1722.15,1721.81,1721.81,-0.02,45.76,76014.75,-1
2024-04-16,2024-04-16 13:05:00,1721.81,1721.81,1721.47,1721.47,-0.02,45.76,76014.75,-1
2024-04-16,2024-04-16 13:06:00,1721.47,1721.47,1721.14,1721.14,-0.02,45.76,76014.75,-1
2024-04-16,2024-04-16 13:07:00,1721.14,1721.14,1720.8,1720.8,-0.02,45.76,76014.75,-1
2024-04-16,2024-04-16 13:08:00,1720.8,1720.8,1720.46,1720.46,-0.02,45.76,76014.75,-1
2024-04-16,2024-04-16 13:09:00,1720.46,1720.46,1720.12,1720.12,-0.02,45.76,76014.75,-1
2024-04-16,2024-04-16 13:10:00,1720.12,1720.12,1719.79,1719.79,-0.02,45.76,76014.75,-1
2024-04-16,2024-04-16 13:11:00,1719.79,1719.79,1719.45,1719.45,-0.02,45.76,76014.75,-1
2024-04-16,2024-04-16 13:12:00,1719.45,1719.45,1719.11,1719.11,-0.02,45.76,76014.75,-1
2024-04-16,2024-04-16 13:13:00,1719.11,1719.11,1718.78,1718.78,-0.02,45.76,76014.75,-1
2024-04-16,2024-04-16 13:14:00,1718.78,1718.78,1718.44,1718.44,-0.02,45.76,76014.75,-1
2024-04-16,2024-04-16 13:15:00,1718.44,1718.44,1718.1,1718.1,-0.02,45.76,76014.75,-1
2024-04-16,2024-04-16 13:16:00,1718.1,1718.1,1717.76,1717.76,-0.02,45.76,76014.75,-1
2024-04-16,2024-04-16 13:17:00,1717.76,1717.76,1717.42,1717.42,-0.02,45.76,76014.75,-1
2024-04-16,2024-04-16 13:18:00,1717.42,1717.42,1717.09,1717.09,-0.02,45.76,76014.75,-1
2024-04-16,2024-04-16 13:19:00,1717.09,1717.09,1716.75,1716.75,-0.02,45.76,76014.75,-1
2024-04-16,2024-04-16 13:20:00,1716.75,1716.75,1716.41,1716.41,-0.02,45.76,76014.75,-1
2024-04-16,2024-04-16 13:21:00,1716.41,1716.41,1716.08,1716.08,-0.02,45.76,76014.75,-1
2024-04-16,2024-04-16 13:22:00,1716.08,1716.08,1715.74,1715.74,-0.02,45.76,76014.75,-1
2024-04-16,2024-04-16 13:23:00,1715.74,1715.74,1715.4,1715.4,-0.02,45.76,76014.75,-1
2024-04-16,2024-04-16 13:24:00,1715.4,1715.4,1715.06,1715.06,-0.02,45.76,76014.75,-1
2024-04-16,2024-04-16 13:25:00,1715.06,1715.06,1714.72,1714.72,-0.02,45.76,76014.75,-1
2024-04-16,2024-04-16 13:26:00,1714.72,1714.72,1714.39,1714.39,-0.02,45.76,76014.75,-1
2024-04-16,2024-04-16 13:27:00,1714.39,1714.39,1714.05,1714.05,-0.02,45.76,76014.75,-1
2024-04-16,2024-04-16 13:28:00,1714.05,1714.05,1713.71,1713.71,-0.02,45.76,76014.75,-1
2024-04-16,2024-04-16 13:29:00,1713.71,1713.71,1713.38,1713.38,-0.02,45.76,76014.75,-1
2024-04-16,2024-04-16 13:30:00,1713.38,1713.38,1713.04,1713.04,-0.02,45.76,76014.75,-1
2024-04-16,2024-04-16 13:31:00,1713.04,1713.04,1712.7,1712.7,-0.02,45.76,76014.75,-1
2024-04-16,2024-04-16 13:32:00,1712.7,1712.7,1712.36,1712.36,-0.02,45.76,76014.75,-1
2024-04-16,2024-04-16 13:33:00,1712.36,1712.36,1712.03,1712.03,-0.02,45.76,76014.75,-1
2024-04-16,2024-04-16 13:34:00,1712.03,1712.03,1711.69,1711.69,-0.02,45.76,76014.75,-1
2024-04-16,2024-04-16 13:35:00,1711.69,1711.69,1711.35,1711.35,-0.02,45.76,76014.75,-1
2024-04-16,2024-04-16 13:36:00,1711.35,1711.35,1711.01,1711.01,-0.02,45.76,76014.75,-1
2024-04-16,2024-04-16 13:37:00,1711.01,1711.01,1710.67,1710.67,-0.02,45.76,76014.75,-1
2024-04-16,2024-04-16 13:38:00,1710.67,1710.67,1710.34,1710.34,-0.02,45.76,76014.75,-1
2024-04-16,2024-04-16 13:39:00,1710.34,1710.34,1710.0,1710.0,-0.02,45.76,76014.75,-1
2024-04-16,2024-04-16 13:40:00,1710.0,1710.0,1709.66,1709.66,-0.02,45.76,76014.75,-1
2024-04-16,2024-04-16 13:41:00,1709.66,1709.66,1709.33,1709.33,-0.02,45.76,76014.75,-1
2024-04-16,2024-04-16 13:42:00,1709.33,1709.33,1708.99,1708.99,-0.02,45.76,76014.75,-1
2024-04-16,2024-04-16 13:43:00,1708.99,1708.99,1708.65,1708.65,-0.02,45.76,76014.75,-1
2024-04-16,2024-04-16 13:44:00,1708.65,1708.65,1708.31,1708.31,-0.02,45.76,76014.75,-1
2024-04-16,2024-04-16 13:45:00,1708.31,1708.31,1707.97,1707.97,-0.02,45.76,76014.75,-1
2024-04-16,2024-04-16 13:46:00,1707.97,1707.97,1707.64,1707.64,-0.02,45.76,76014.75,-1
2024-04-16,2024-04-16 13:47:00,1707.64,1707.64,1707.3,1707.3,-0.02,45.76,76014.75,-1
2024-04-16,2024-04-16 13:48:00,1707.3,1707.3,1706.96,1706.96,-0.02,45.76,76014.75,-1
2024-04-16,2024-04-16 13:49:00,1706.96,1706.96,1706.62,1706.62,-0.02,45.76,76014.75,-1
2024-04-16,2024-04-16 13:50:00,1706.62,1706.62,1706.29,1706.29,-0.02,45.76,76014.75,-1
2024-04-16,2024-04-16 13:51:00,1706.29,1706.29,1705.95,1705.95,-0.02,45.76,76014.75,-1
2024-04-16,2024-04-16 13:52:00,1705.95,1705.95,1705.61,1705.61,-0.02,45.76,76014.75,-1
2024-04-16,2024-04-16 13:53:00,1705.61,1705.61,1705.28,1705.28,-0.02,45.76,76014.75,-1
2024-04-16,2024-04-16 13:54:00,1705.28,1705.28,1704.94,1704.94,-0.02,45.76,76014.75,-1
2024-04-16,2024-04-16 13:55:00,1704.94,1704.94,1704.6,1704.6,-0.02,45.76,76014.75,-1
2024-04-16,2024-04-16 13:56:00,1704.6,1704.6,1704.26,1704.26,-0.02,45.76,76014.75,-1
2024-04-16,2024-04-16 13:57:00,1704.26,1704.26,1703.92,1703.92,-0.02,45.76,76014.75,-1
2024-04-16,2024-04-16 13:58:00,1703.92,1703.92,1703.59,1703.59,-0.02,45.76,76014.75,-1
2024-04-16,2024-04-16 13:59:00,1703.59,1703.59,1703.25,1703.25,-0.02,45.76,76014.75,-1
2024-04-16,2024-04-16 14:00:00,1703.25,1703.25,1702.91,1702.91,-0.02,45.76,76014.75,-1
2024-04-16,2024-04-16 14:01:00,1702.91,1702.91,1702.58,1702.58,-0.02,45.76,76014.75,-1
2024-04-16,2024-04-16 14:02:00,1702.58,1702.58,1702.24,1702.24,-0.02,45.76,76014.75,-1
2024-04-16,2024-04-16 14:03:00,1702.24,1702.24,1701.9,1701.9,-0.02,45.76,76014.75,-1
2024-04-16,2024-04-16 14:04:00,1701.9,1701.9,1701.56,1701.56,-0.02,45.76,76014.75,-1
2024-04-16,2024-04-16 14:05:00,1701.56,1701.56,1701.22,1701.22,-0.02,45.76,76014.75,-1
2024-04-16,2024-04-16 14:06:00,1701.22,1701.22,1700.89,1700.89,-0.02,45.76,76014.75,-1
2024-04-16,2024-04-16 14:07:00,1700.89,1700.89,1700.55,1700.55,-0.02,45.76,76014.75,-1
2024-04-16,2024-04-16 14:08:00,1700.55,1700.55,1700.21,1700.21,-0.02,45.76,76014.75,-1
2024-04-16,2024-04-16 14:09:00,1700.21,1700.21,1699.88,1699.88,-0.02,45.76,76014.75,-1
2024-04-16,2024-04-16 14:10:00,1699.88,1699.88,1699.54,1699.54,-0.02,45.76,76014.75,-1
2024-04-16,2024-04-16 14:11:00,1699.54,1699.54,1699.2,1699.2,-0.02,45.76,76014.75,-1
2024-04-16,2024-04-16 14:12:00,1699.2,1699.2,1698.86,1698.86,-0.02,45.76,76014.75,-1
2024-04-16,2024-04-16 14:13:00,1698.86,1698.86,1698.53,1698.53,-0.02,45.76,76014.75,-1
2024-04-16,2024-04-16 14:14:00,1698.53,1698.53,1698.19,1698.19,-0.02,45.76,76014.75,-1
2024-04-16,2024-04-16 14:15:00,1698.19,1698.19,1697.85,1697.85,-0.02,45.76,76014.75,-1
2024-04-16,2024-04-16 14:16:00,1697.85,1697.85,1697.51,1697.51,-0.02,45.76,76014.75,-1
2024-04-16,2024-04-16 14:17:00,1697.51,1697.51,1697.17,1697.17,-0.02,45.76,76014.75,-1
2024-04-16,2024-04-16 14:18:00,1697.17,1697.17,1696.84,1696.84,-0.02,45.76,76014.75,-1
2024-04-16,2024-04-16 14:19:00,1696.84,1696.84,1696.5,1696.5,-0.02,45.76,76014.75,-1
2024-04-16,2024-04-16 14:20:00,1696.5,1696.5,1696.16,1696.16,-0.02,45.76,76014.75,-1
2024-04-16,2024-04-16 14:21:00,1696.16,1696.16,1695.83,1695.83,-0.02,45.76,76014.75,-1
2024-04-16,2024-04-16 14:22:00,1695.83,1695.83,1695.49,1695.49,-0.02,45.76,76014.75,-1
2024-04-16,2024-04-16 14:23:00,1695.49,1695.49,1695.15,1695.15,-0.02,45.76,76014.75,-1
2024-04-16,2024-04-16 14:24:00,1695.15,1695.15,1694.81,1694.81,-0.02,45.76,76014.75,-1
2024-04-16,2024-04-16 14:25:00,1694.81,1694.81,1694.47,1694.47,-0.02,45.76,76014.75,-1
2024-04-16,2024-04-16 14:26:00,1694.47,1694.47,1694.14,1694.14,-0.02,45.76,76014.75,-1
2024-04-16,2024-04-16 14:27:00,1694.14,1694.14,1693.8,1693.8,-0.02,45.76,76014.75,-1
2024-04-16,2024-04-16 14:28:00,1693.8,1693.8,1693.46,1693.46,-0.02,45.76,76014.75,-1
2024-04-16,2024-04-16 14:29:00,1693.46,1693.46,1693.12,1693.12,-0.02,45.76,76014.75,-1
2024-04-16,2024-04-16 14:30:00,1693.12,1693.12,1692.79,1692.79,-0.02,45.76,76014.75,-1
2024-04-16,2024-04-16 14:31:00,1692.79,1692.79,1692.45,1692.45,-0.02,45.76,76014.75,-1
2024-04-16,2024-04-16 14:32:00,1692.45,1692.45,1692.11,1692.11,-0.02,45.76,76014.75,-1
2024-04-16,2024-04-16 14:33:00,1692.11,1692.11,1691.78,1691.78,-0.02,45.76,76014.75,-1
2024-04-16,2024-04-16 14:34:00,1691.78,1691.78,1691.44,1691.44,-0.02,45.76,76014.75,-1
2024-04-16,2024-04-16 14:35:00,1691.44,1691.44,1691.1,1691.1,-0.02,45.76,76014.75,-1
2024-04-16,2024-04-16 14:36:00,1691.1,1691.1,1690.76,1690.76,-0.02,45.76,76014.75,-1
2024-04-16,2024-04-16 14:37:00,1690.76,1690.76,1690.42,1690.42,-0.02,45.76,76014.75,-1
2024-04-16,2024-04-16 14:38:00,1690.42,1690.42,1690.09,1690.09,-0.02,45.76,76014.75,-1
2024-04-16,2024-04-16 14:39:00,1690.09,1690.09,1689.75,1689.75,-0.02,45.76,76014.75,-1
2024-04-16,2024-04-16 14:40:00,1689.75,1689.75,1689.41,1689.41,-0.02,45.76,76014.75,-1
2024-04-16,2024-04-16 14:41:00,1689.41,1689.41,1689.08,1689.08,-0.02,45.76,76014.75,-1
2024-04-16,2024-04-16 14:42:00,1689.08,1689.08,1688.74,1688.74,-0.02,45.76,76014.75,-1
2024-04-16,2024-04-16 14:43:00,1688.74,1688.74,1688.4,1688.4,-0.02,45.76,76014.75,-1
2024-04-16,2024-04-16 14:44:00,1688.4,1688.4,1688.06,1688.06,-0.02,45.76,76014.75,-1
2024-04-16,2024-04-16 14:45:00,1688.06,1688.06,1687.72,1687.72,-0.02,45.76,76014.75,-1
2024-04-16,2024-04-16 14:46:00,1687.72,1687.72,1687.39,1687.39,-0.02,45.76,76014.75,-1
2024-04-16,2024-04-16 14:47:00,1687.39,1687.39,1687.05,1687.05,-0.02,45.76,76014.75,-1
2024-04-16,2024-04-16 14:48:00,1687.05,1687.05,1686.71,1686.71,-0.02,45.76,76014.75,-1
2024-04-16,2024-04-16 14:49:00,1686.71,1686.71,1686.38,1686.38,-0.02,45.76,76014.75,-1
2024-04-16,2024-04-16 14:50:00,1686.38,1686.38,1686.04,1686.04,-0.02,45.76,76014.75,-1
2024-04-16,2024-04-16 14:51:00,1686.04,1686.04,1685.7,1685.7,-0.02,45.76,76014.75,-1
2024-04-16,2024-04-16 14:52:00,1685.7,1685.7,1685.36,1685.36,-0.02,45.76,76014.75,-1
2024-04-16,2024-04-16 14:53:00,1685.36,1685.36,1685.03,1685.03,-0.02,45.76,76014.75,-1
2024-04-16,2024-04-16 14:54:00,1685.03,1685.03,1684.69,1684.69,-0.02,45.76,76014.75,-1
2024-04-16,2024-04-16 14:55:00,1684.69,1684.69,1684.35,1684.35,-0.02,45.76,76014.75,-1
2024-04-16,2024-04-16 14:56:00,1684.35,1684.35,1684.01,1684.01,-0.02,45.76,76014.75,-1
2024-04-16,2024-04-16 14:57:00,1684.01,1684.01,1683.67,1683.67,-0.02,45.76,76014.75,-1
2024-04-16,2024-04-16 14:58:00,1683.67,1683.67,1683.34,1683.34,-0.02,45.76,76014.75,-1
2024-04-16,2024-04-16 14:59:00,1683.34,1683.34,1683.0,1683.0,-0.02,45.76,76014.75,-1
2024-04-16,2024-04-16 15:00:00,1683.0,1764.0,1640.0,1683.0,0.0,45.76,76014.75,0
2024-04-18,2024-04-18 11:00:00,1651.0,1651.0,1610.11,1650.7,-0.02,69.82,108244.75,-1
2024-04-18,2024-04-18 11:01:00,1650.7,1650.7,1650.41,1650.41,-0.02,69.82,108244.75,-1
2024-04-18,2024-04-18 11:02:00,1650.41,1650.41,1650.11,1650.11,-0.02,69.82,108244.75,-1
2024-04-18,2024-04-18 11:03:00,1650.11,1650.11,1649.82,1649.82,-0.02,69.82,108244.75,-1
2024-04-18,2024-04-18 11:04:00,1649.82,1649.82,1649.52,1649.52,-0.02,69.82,108244.75,-1
2024-04-18,2024-04-18 11:05:00,1649.52,1649.52,1649.22,1649.22,-0.02,69.82,108244.75,-1
2024-04-18,2024-04-18 11:06:00,1649.22,1649.22,1648.93,1648.93,-0.02,69.82,108244.75,-1
2024-04-18,2024-04-18 11:07:00,1648.93,1648.93,1648.63,1648.63,-0.02,69.82,108244.75,-1
2024-04-18,2024-04-18 11:08:00,1648.63,1648.63,1648.34,1648.34,-0.02,69.82,108244.75,-1
2024-04-18,2024-04-18 11:09:00,1648.34,1648.34,1648.04,1648.04,-0.02,69.82,108244.75,-1
2024-04-18,2024-04-18 11:10:00,1648.04,1648.04,1647.75,1647.75,-0.02,69.82,108244.75,-1
2024-04-18,2024-04-18 11:11:00,1647.75,1647.75,1647.45,1647.45,-0.02,69.82,108244.75,-1
2024-04-18,2024-04-18 11:12:00,1647.45,1647.45,1647.15,1647.15,-0.02,69.82,108244.75,-1
2024-04-18,2024-04-18 11:13:00,1647.15,1647.15,1646.86,1646.86,-0.02,69.82,108244.75,-1
2024-04-18,2024-04-18 11:14:00,1646.86,1646.86,1646.56,1646.56,-0.02,69.82,108244.75,-1
2024-04-18,2024-04-18 11:15:00,1646.56,1646.56,1646.27,1646.27,-0.02,69.82,108244.75,-1
2024-04-18,2024-04-18 11:16:00,1646.27,1646.27,1645.97,1645.97,-0.02,69.82,108244.75,-1
2024-04-18,2024-04-18 11:17:00,1645.97,1645.97,1645.67,1645.67,-0.02,69.82,108244.75,-1
2024-04-18,2024-04-18 11:18:00,1645.67,1645.67,1645.38,1645.38,-0.02,69.82,108244.75,-1
2024-04-18,2024-04-18 11:19:00,1645.38,1645.38,1645.08,1645.08,-0.02,69.82,108244.75,-1
2024-04-18,2024-04-18 11:20:00,1645.08,1645.08,1644.79,1644.79,-0.02,69.82,108244.75,-1
2024-04-18,2024-04-18 11:21:00,1644.79,1644.79,1644.49,1644.49,-0.02,69.82,108244.75,-1
2024-04-18,2024-04-18 11:22:00,1644.49,1644.49,1644.2,1644.2,-0.02,69.82,108244.75,-1
2024-04-18,2024-04-18 11:23:00,1644.2,1644.2,1643.9,1643.9,-0.02,69.82,108244.75,-1
2024-04-18,2024-04-18 11:24:00,1643.9,1643.9,1643.6,1643.6,-0.02,69.82,108244.75,-1
2024-04-18,2024-04-18 11:25:00,1643.6,1643.6,1643.31,1643.31,-0.02,69.82,108244.75,-1
2024-04-18,2024-04-18 11:26:00,1643.31,1643.31,1643.01,1643.01,-0.02,69.82,108244.75,-1
2024-04-18,2024-04-18 11:27:00,1643.01,1643.01,1642.72,1642.72,-0.02,69.82,108244.75,-1
2024-04-18,2024-04-18 11:28:00,1642.72,1642.72,1642.42,1642.42,-0.02,69.82,108244.75,-1
2024-04-18,2024-04-18 11:29:00,1642.42,1642.42,1642.12,1642.12,-0.02,69.82,108244.75,-1
2024-04-18,2024-04-18 11:30:00,1642.12,1642.12,1641.83,1641.83,-0.02,69.82,108244.75,-1
2024-04-18,2024-04-18 11:31:00,1641.83,1641.83,1641.53,1641.53,-0.02,69.82,108244.75,-1
2024-04-18,2024-04-18 11:32:00,1641.53,1641.53,1641.24,1641.24,-0.02,69.82,108244.75,-1
2024-04-18,2024-04-18 11:33:00,1641.24,1641.24,1640.94,1640.94,-0.02,69.82,108244.75,-1
2024-04-18,2024-04-18 11:34:00,1640.94,1640.94,1640.65,1640.65,-0.02,69.82,108244.75,-1
2024-04-18,2024-04-18 11:35:00,1640.65,1640.65,1640.35,1640.35,-0.02,69.82,108244.75,-1
2024-04-18,2024-04-18 11:36:00,1640.35,1640.35,1640.05,1640.05,-0.02,69.82,108244.75,-1
2024-04-18,2024-04-18 11:37:00,1640.05,1640.05,1639.76,1639.76,-0.02,69.82,108244.75,-1
2024-04-18,2024-04-18 11:38:00,1639.76,1639.76,1639.46,1639.46,-0.02,69.82,108244.75,-1
2024-04-18,2024-04-18 11:39:00,1639.46,1639.46,1639.17,1639.17,-0.02,69.82,108244.75,-1
2024-04-18,2024-04-18 11:40:00,1639.17,1639.17,1638.87,1638.87,-0.02,69.82,108244.75,-1
2024-04-18,2024-04-18 11:41:00,1638.87,1638.87,1638.58,1638.58,-0.02,69.82,108244.75,-1
2024-04-18,2024-04-18 11:42:00,1638.58,1638.58,1638.28,1638.28,-0.02,69.82,108244.75,-1
2024-04-18,2024-04-18 11:43:00,1638.28,1638.28,1637.98,1637.98,-0.02,69.82,108244.75,-1
2024-04-18,2024-04-18 11:44:00,1637.98,1637.98,1637.69,1637.69,-0.02,69.82,108244.75,-1
2024-04-18,2024-04-18 11:45:00,1637.69,1637.69,1637.39,1637.39,-0.02,69.82,108244.75,-1
2024-04-18,2024-04-18 11:46:00,1637.39,1637.39,1637.1,1637.1,-0.02,69.82,108244.75,-1
2024-04-18,2024-04-18 11:47:00,1637.1,1637.1,1636.8,1636.8,-0.02,69.82,108244.75,-1
2024-04-18,2024-04-18 11:48:00,1636.8,1636.8,1636.5,1636.5,-0.02,69.82,108244.75,-1
2024-04-18,2024-04-18 11:49:00,1636.5,1636.5,1636.21,1636.21,-0.02,69.82,108244.75,-1
2024-04-18,2024-04-18 11:50:00,1636.21,1636.21,1635.91,1635.91,-0.02,69.82,108244.75,-1
2024-04-18,2024-04-18 11:51:00,1635.91,1635.91,1635.62,1635.62,-0.02,69.82,108244.75,-1
2024-04-18,2024-04-18 11:52:00,1635.62,1635.62,1635.32,1635.32,-0.02,69.82,108244.75,-1
2024-04-18,2024-04-18 11:53:00,1635.32,1635.32,1635.03,1635.03,-0.02,69.82,108244.75,-1
2024-04-18,2024-04-18 11:54:00,1635.03,1635.03,1634.73,1634.73,-0.02,69.82,108244.75,-1
2024-04-18,2024-04-18 11:55:00,1634.73,1634.73,1634.43,1634.43,-0.02,69.82,108244.75,-1
2024-04-18,2024-04-18 11:56:00,1634.43,1634.43,1634.14,1634.14,-0.02,69.82,108244.75,-1
2024-04-18,2024-04-18 11:57:00,1634.14,1634.14,1633.84,1633.84,-0.02,69.82,108244.75,-1
2024-04-18,2024-04-18 11:58:00,1633.84,1633.84,1633.55,1633.55,-0.02,69.82,108244.75,-1
2024-04-18,2024-04-18 11:59:00,1633.55,1633.55,1633.25,1633.25,-0.02,69.82,108244.75,-1
2024-04-18,2024-04-18 12:00:00,1633.25,1633.25,1632.95,1632.95,-0.02,69.82,108244.75,-1
2024-04-18,2024-04-18 12:01:00,1632.95,1632.95,1632.66,1632.66,-0.02,69.82,108244.75,-1
2024-04-18,2024-04-18 12:02:00,1632.66,1632.66,1632.36,1632.36,-0.02,69.82,108244.75,-1
2024-04-18,2024-04-18 12:03:00,1632.36,1632.36,1632.07,1632.07,-0.02,69.82,108244.75,-1
2024-04-18,2024-04-18 12:04:00,1632.07,1632.07,1631.77,1631.77,-0.02,69.82,108244.75,-1
2024-04-18,2024-04-18 12:05:00,1631.77,1631.77,1631.47,1631.47,-0.02,69.82,108244.75,-1
2024-04-18,2024-04-18 12:06:00,1631.47,1631.47,1631.18,1631.18,-0.02,69.82,108244.75,-1
2024-04-18,2024-04-18 12:07:00,1631.18,1631.18,1630.88,1630.88,-0.02,69.82,108244.75,-1
2024-04-18,2024-04-18 12:08:00,1630.88,1630.88,1630.59,1630.59,-0.02,69.82,108244.75,-1
2024-04-18,2024-04-18 12:09:00,1630.59,1630.59,1630.29,1630.29,-0.02,69.82,108244.75,-1
2024-04-18,2024-04-18 12:10:00,1630.29,1630.29,1630.0,1630.0,-0.02,69.82,108244.75,-1
2024-04-18,2024-04-18 12:11:00,1630.0,1630.0,1629.7,1629.7,-0.02,69.82,108244.75,-1
2024-04-18,2024-04-18 12:12:00,1629.7,1629.7,1629.4,1629.4,-0.02,69.82,108244.75,-1
2024-04-18,2024-04-18 12:13:00,1629.4,1629.4,1629.11,1629.11,-0.02,69.82,108244.75,-1
2024-04-18,2024-04-18 12:14:00,1629.11,1629.11,1628.81,1628.81,-0.02,69.82,108244.75,-1
2024-04-18,2024-04-18 12:15:00,1628.81,1628.81,1628.52,1628.52,-0.02,69.82,108244.75,-1
2024-04-18,2024-04-18 12:16:00,1628.52,1628.52,1628.22,1628.22,-0.02,69.82,108244.75,-1
2024-04-18,2024-04-18 12:17:00,1628.22,1628.22,1627.92,1627.92,-0.02,69.82,108244.75,-1
2024-04-18,2024-04-18 12:18:00,1627.92,1627.92,1627.63,1627.63,-0.02,69.82,108244.75,-1
2024-04-18,2024-04-18 12:19:00,1627.63,1627.63,1627.33,1627.33,-0.02,69.82,108244.75,-1
2024-04-18,2024-04-18 12:20:00,1627.33,1627.33,1627.04,1627.04,-0.02,69.82,108244.75,-1
2024-04-18,2024-04-18 12:21:00,1627.04,1627.04,1626.74,1626.74,-0.02,69.82,108244.75,-1
2024-04-18,2024-04-18 12:22:00,1626.74,1626.74,1626.45,1626.45,-0.02,69.82,108244.75,-1
2024-04-18,2024-04-18 12:23:00,1626.45,1626.45,1626.15,1626.15,-0.02,69.82,108244.75,-1
2024-04-18,2024-04-18 12:24:00,1626.15,1626.15,1625.85,1625.85,-0.02,69.82,108244.75,-1
2024-04-18,2024-04-18 12:25:00,1625.85,1625.85,1625.56,1625.56,-0.02,69.82,108244.75,-1
2024-04-18,2024-04-18 12:26:00,1625.56,1625.56,1625.26,1625.26,-0.02,69.82,108244.75,-1
2024-04-18,2024-04-18 12:27:00,1625.26,1625.26,1624.97,1624.97,-0.02,69.82,108244.75,-1
2024-04-18,2024-04-18 12:28:00,1624.97,1624.97,1624.67,1624.67,-0.02,69.82,108244.75,-1
2024-04-18,2024-04-18 12:29:00,1624.67,1624.67,1624.38,1624.38,-0.02,69.82,108244.75,-1
2024-04-18,2024-04-18 12:30:00,1624.38,1624.38,1624.08,1624.08,-0.02,69.82,108244.75,-1
2024-04-18,2024-04-18 12:31:00,1624.08,1624.08,1623.78,1623.78,-0.02,69.82,108244.75,-1
2024-04-18,2024-04-18 12:32:00,1623.78,1623.78,1623.49,1623.49,-0.02,69.82,108244.75,-1
2024-04-18,2024-04-18 12:33:00,1623.49,1623.49,1623.19,1623.19,-0.02,69.82,108244.75,-1
2024-04-18,2024-04-18 12:34:00,1623.19,1623.19,1622.9,1622.9,-0.02,69.82,108244.75,-1
2024-04-18,2024-04-18 12:35:00,1622.9,1622.9,1622.6,1622.6,-0.02,69.82,108244.75,-1
2024-04-18,2024-04-18 12:36:00,1622.6,1622.6,1622.3,1622.3,-0.02,69.82,108244.75,-1
2024-04-18,2024-04-18 12:37:00,1622.3,1622.3,1622.01,1622.01,-0.02,69.82,108244.75,-1
2024-04-18,2024-04-18 12:38:00,1622.01,1622.01,1621.71,1621.71,-0.02,69.82,108244.75,-1
2024-04-18,2024-04-18 12:39:00,1621.71,1621.71,1621.42,1621.42,-0.02,69.82,108244.75,-1
2024-04-18,2024-04-18 12:40:00,1621.42,1621.42,1621.12,1621.12,-0.02,69.82,108244.75,-1
2024-04-18,2024-04-18 12:41:00,1621.12,1621.12,1620.83,1620.83,-0.02,69.82,108244.75,-1
2024-04-18,2024-04-18 12:42:00,1620.83,1620.83,1620.53,1620.53,-0.02,69.82,108244.75,-1
2024-04-18,2024-04-18 12:43:00,1620.53,1620.53,1620.23,1620.23,-0.02,69.82,108244.75,-1
2024-04-18,2024-04-18 12:44:00,1620.23,1620.23,1619.94,1619.94,-0.02,69.82,108244.75,-1
2024-04-18,2024-04-18 12:45:00,1619.94,1619.94,1619.64,1619.64,-0.02,69.82,108244.75,-1
2024-04-18,2024-04-18 12:46:00,1619.64,1619.64,1619.35,1619.35,-0.02,69.82,108244.75,-1
2024-04-18,2024-04-18 12:47:00,1619.35,1619.35,1619.05,1619.05,-0.02,69.82,108244.75,-1
2024-04-18,2024-04-18 12:48:00,1619.05,1619.05,1618.75,1618.75,-0.02,69.82,108244.75,-1
2024-04-18,2024-04-18 12:49:00,1618.75,1618.75,1618.46,1618.46,-0.02,69.82,108244.75,-1
2024-04-18,2024-04-18 12:50:00,1618.46,1618.46,1618.16,1618.16,-0.02,69.82,108244.75,-1
2024-04-18,2024-04-18 12:51:00,1618.16,1618.16,1617.87,1617.87,-0.02,69.82,108244.75,-1
2024-04-18,2024-04-18 12:52:00,1617.87,1617.87,1617.57,1617.57,-0.02,69.82,108244.75,-1
2024-04-18,2024-04-18 12:53:00,1617.57,1617.57,1617.28,1617.28,-0.02,69.82,108244.75,-1
2024-04-18,2024-04-18 12:54:00,1617.28,1617.28,1616.98,1616.98,-0.02,69.82,108244.75,-1
2024-04-18,2024-04-18 12:55:00,1616.98,1616.98,1616.68,1616.68,-0.02,69.82,108244.75,-1
2024-04-18,2024-04-18 12:56:00,1616.68,1616.68,1616.39,1616.39,-0.02,69.82,108244.75,-1
2024-04-18,2024-04-18 12:57:00,1616.39,1616.39,1616.09,1616.09,-0.02,69.82,108244.75,-1
2024-04-18,2024-04-18 12:58:00,1616.09,1616.09,1615.8,1615.8,-0.02,69.82,108244.75,-1
2024-04-18,2024-04-18 12:59:00,1615.8,1615.8,1615.5,1615.5,-0.02,69.82,108244.75,-1
2024-04-18,2024-04-18 13:00:00,1615.5,1651.0,1514.7,1615.2,-0.02,69.82,108244.75,-1
2024-04-18,2024-04-18 13:01:00,1615.2,1615.2,1614.91,1614.91,-0.02,69.82,108244.75,-1
2024-04-18,2024-04-18 13:02:00,1614.91,1614.91,1614.61,1614.61,-0.02,69.82,108244.75,-1
2024-04-18,2024-04-18 13:03:00,1614.61,1614.61,1614.32,1614.32,-0.02,69.82,108244.75,-1
2024-04-18,2024-04-18 13:04:00,1614.32,1614.32,1614.02,1614.02,-0.02,69.82,108244.75,-1
2024-04-18,2024-04-18 13:05:00,1614.02,1614.02,1613.72,1613.72,-0.02,69.82,108244.75,-1
2024-04-18,2024-04-18 13:06:00,1613.72,1613.72,1613.43,1613.43,-0.02,69.82,108244.75,-1
2024-04-18,2024-04-18 13:07:00,1613.43,1613.43,1613.13,1613.13,-0.02,69.82,108244.75,-1
2024-04-18,2024-04-18 13:08:00,1613.13,1613.13,1612.84,1612.84,-0.02,69.82,108244.75,-1
2024-04-18,2024-04-18 13:09:00,1612.84,1612.84,1612.54,1612.54,-0.02,69.82,108244.75,-1
2024-04-18,2024-04-18 13:10:00,1612.54,1612.54,1612.25,1612.25,-0.02,69.82,108244.75,-1
2024-04-18,2024-04-18 13:11:00,1612.25,1612.25,1611.95,1611.95,-0.02,69.82,108244.75,-1
2024-04-18,2024-04-18 13:12:00,1611.95,1611.95,1611.65,1611.65,-0.02,69.82,108244.75,-1
2024-04-18,2024-04-18 13:13:00,1611.65,1611.65,1611.36,1611.36,-0.02,69.82,108244.75,-1
2024-04-18,2024-04-18 13:14:00,1611.36,1611.36,1611.06,1611.06,-0.02,69.82,108244.75,-1
2024-04-18,2024-04-18 13:15:00,1611.06,1611.06,1610.77,1610.77,-0.02,69.82,108244.75,-1
2024-04-18,2024-04-18 13:16:00,1610.77,1610.77,1610.47,1610.47,-0.02,69.82,108244.75,-1
2024-04-18,2024-04-18 13:17:00,1610.47,1610.47,1610.17,1610.17,-0.02,69.82,108244.75,-1
2024-04-18,2024-04-18 13:18:00,1610.17,1610.17,1609.88,1609.88,-0.02,69.82,108244.75,-1
2024-04-18,2024-04-18 13:19:00,1609.88,1609.88,1609.58,1609.58,-0.02,69.82,108244.75,-1
2024-04-18,2024-04-18 13:20:00,1609.58,1609.58,1609.29,1609.29,-0.02,69.82,108244.75,-1
2024-04-18,2024-04-18 13:21:00,1609.29,1609.29,1608.99,1608.99,-0.02,69.82,108244.75,-1
2024-04-18,2024-04-18 13:22:00,1608.99,1608.99,1608.7,1608.7,-0.02,69.82,108244.75,-1
2024-04-18,2024-04-18 13:23:00,1608.7,1608.7,1608.4,1608.4,-0.02,69.82,108244.75,-1
2024-04-18,2024-04-18 13:24:00,1608.4,1608.4,1608.1,1608.1,-0.02,69.82,108244.75,-1
2024-04-18,2024-04-18 13:25:00,1608.1,1608.1,1607.81,1607.81,-0.02,69.82,108244.75,-1
2024-04-18,2024-04-18 13:26:00,1607.81,1607.81,1607.51,1607.51,-0.02,69.82,108244.75,-1
2024-04-18,2024-04-18 13:27:00,1607.51,1607.51,1607.22,1607.22,-0.02,69.82,108244.75,-1
2024-04-18,2024-04-18 13:28:00,1607.22,1607.22,1606.92,1606.92,-0.02,69.82,108244.75,-1
2024-04-18,2024-04-18 13:29:00,1606.92,1606.92,1606.62,1606.62,-0.02,69.82,108244.75,-1
2024-04-18,2024-04-18 13:30:00,1606.62,1606.62,1606.33,1606.33,-0.02,69.82,108244.75,-1
2024-04-18,2024-04-18 13:31:00,1606.33,1606.33,1606.03,1606.03,-0.02,69.82,108244.75,-1
2024-04-18,2024-04-18 13:32:00,1606.03,1606.03,1605.74,1605.74,-0.02,69.82,108244.75,-1
2024-04-18,2024-04-18 13:33:00,1605.74,1605.74,1605.44,1605.44,-0.02,69.82,108244.75,-1
2024-04-18,2024-04-18 13:34:00,1605.44,1605.44,1605.15,1605.15,-0.02,69.82,108244.75,-1
2024-04-18,2024-04-18 13:35:00,1605.15,1605.15,1604.85,1604.85,-0.02,69.82,108244.75,-1
2024-04-18,2024-04-18 13:36:00,1604.85,1604.85,1604.55,1604.55,-0.02,69.82,108244.75,-1
2024-04-18,2024-04-18 13:37:00,1604.55,1604.55,1604.26,1604.26,-0.02,69.82,108244.75,-1
2024-04-18,2024-04-18 13:38:00,1604.26,1604.26,1603.96,1603.96,-0.02,69.82,108244.75,-1
2024-04-18,2024-04-18 13:39:00,1603.96,1603.96,1603.67,1603.67,-0.02,69.82,108244.75,-1
2024-04-18,2024-04-18 13:40:00,1603.67,1603.67,1603.37,1603.37,-0.02,69.82,108244.75,-1
2024-04-18,2024-04-18 13:41:00,1603.37,1603.37,1603.08,1603.08,-0.02,69.82,108244.75,-1
2024-04-18,2024-04-18 13:42:00,1603.08,1603.08,1602.78,1602.78,-0.02,69.82,108244.75,-1
2024-04-18,2024-04-18 13:43:00,1602.78,1602.78,1602.48,1602.48,-0.02,69.82,108244.75,-1
2024-04-18,2024-04-18 13:44:00,1602.48,1602.48,1602.19,1602.19,-0.02,69.82,108244.75,-1
2024-04-18,2024-04-18 13:45:00,1602.19,1602.19,1601.89,1601.89,-0.02,69.82,108244.75,-1
2024-04-18,2024-04-18 13:46:00,1601.89,1601.89,1601.6,1601.6,-0.02,69.82,108244.75,-1
2024-04-18,2024-04-18 13:47:00,1601.6,1601.6,1601.3,1601.3,-0.02,69.82,108244.75,-1
2024-04-18,2024-04-18 13:48:00,1601.3,1601.3,1601.0,1601.0,-0.02,69.82,108244.75,-1
2024-04-18,2024-04-18 13:49:00,1601.0,1601.0,1600.71,1600.71,-0.02,69.82,108244.75,-1
2024-04-18,2024-04-18 13:50:00,1600.71,1600.71,1600.41,1600.41,-0.02,69.82,108244.75,-1
2024-04-18,2024-04-18 13:51:00,1600.41,1600.41,1600.12,1600.12,-0.02,69.82,108244.75,-1
2024-04-18,2024-04-18 13:52:00,1600.12,1600.12,1599.82,1599.82,-0.02,69.82,108244.75,-1
2024-04-18,2024-04-18 13:53:00,1599.82,1599.82,1599.53,1599.53,-0.02,69.82,108244.75,-1
2024-04-18,2024-04-18 13:54:00,1599.53,1599.53,1599.23,1599.23,-0.02,69.82,108244.75,-1
2024-04-18,2024-04-18 13:55:00,1599.23,1599.23,1598.93,1598.93,-0.02,69.82,108244.75,-1
2024-04-18,2024-04-18 13:56:00,1598.93,1598.93,1598.64,1598.64,-0.02,69.82,108244.75,-1
2024-04-18,2024-04-18 13:57:00,1598.64,1598.64,1598.34,1598.34,-0.02,69.82,108244.75,-1
2024-04-18,2024-04-18 13:58:00,1598.34,1598.34,1598.05,1598.05,-0.02,69.82,108244.75,-1
2024-04-18,2024-04-18 13:59:00,1598.05,1598.05,1597.75,1597.75,-0.02,69.82,108244.75,-1
2024-04-18,2024-04-18 14:00:00,1597.75,1597.75,1597.45,1597.45,-0.02,69.82,108244.75,-1
2024-04-18,2024-04-18 14:01:00,1597.45,1597.45,1597.16,1597.16,-0.02,69.82,108244.75,-1
2024-04-18,2024-04-18 14:02:00,1597.16,1597.16,1596.86,1596.86,-0.02,69.82,108244.75,-1
2024-04-18,2024-04-18 14:03:00,1596.86,1596.86,1596.57,1596.57,-0.02,69.82,108244.75,-1
2024-04-18,2024-04-18 14:04:00,1596.57,1596.57,1596.27,1596.27,-0.02,69.82,108244.75,-1
2024-04-18,2024-04-18 14:05:00,1596.27,1596.27,1595.97,1595.97,-0.02,69.82,108244.75,-1
2024-04-18,2024-04-18 14:06:00,1595.97,1595.97,1595.68,1595.68,-0.02,69.82,108244.75,-1
2024-04-18,2024-04-18 14:07:00,1595.68,1595.68,1595.38,1595.38,-0.02,69.82,108244.75,-1
2024-04-18,2024-04-18 14:08:00,1595.38,1595.38,1595.09,1595.09,-0.02,69.82,108244.75,-1
2024-04-18,2024-04-18 14:09:00,1595.09,1595.09,1594.79,1594.79,-0.02,69.82,108244.75,-1
2024-04-18,2024-04-18 14:10:00,1594.79,1594.79,1594.5,1594.5,-0.02,69.82,108244.75,-1
2024-04-18,2024-04-18 14:11:00,1594.5,1594.5,1594.2,1594.2,-0.02,69.82,108244.75,-1
2024-04-18,2024-04-18 14:12:00,1594.2,1594.2,1593.9,1593.9,-0.02,69.82,108244.75,-1
2024-04-18,2024-04-18 14:13:00,1593.9,1593.9,1593.61,1593.61,-0.02,69.82,108244.75,-1
2024-04-18,2024-04-18 14:14:00,1593.61,1593.61,1593.31,1593.31,-0.02,69.82,108244.75,-1
2024-04-18,2024-04-18 14:15:00,1593.31,1593.31,1593.02,1593.02,-0.02,69.82,108244.75,-1
2024-04-18,2024-04-18 14:16:00,1593.02,1593.02,1592.72,1592.72,-0.02,69.82,108244.75,-1
2024-04-18,2024-04-18 14:17:00,1592.72,1592.72,1592.42,1592.42,-0.02,69.82,108244.75,-1
2024-04-18,2024-04-18 14:18:00,1592.42,1592.42,1592.13,1592.13,-0.02,69.82,108244.75,-1
2024-04-18,2024-04-18 14:19:00,1592.13,1592.13,1591.83,1591.83,-0.02,69.82,108244.75,-1
2024-04-18,2024-04-18 14:20:00,1591.83,1591.83,1591.54,1591.54,-0.02,69.82,108244.75,-1
2024-04-18,2024-04-18 14:21:00,1591.54,1591.54,1591.24,1591.24,-0.02,69.82,108244.75,-1
2024-04-18,2024-04-18 14:22:00,1591.24,1591.24,1590.95,1590.95,-0.02,69.82,108244.75,-1
2024-04-18,2024-04-18 14:23:00,1590.95,1590.95,1590.65,1590.65,-0.02,69.82,108244.75,-1
2024-04-18,2024-04-18 14:24:00,1590.65,1590.65,1590.35,1590.35,-0.02,69.82,108244.75,-1
2024-04-18,2024-04-18 14:25:00,1590.35,1590.35,1590.06,1590.06,-0.02,69.82,108244.75,-1
2024-04-18,2024-04-18 14:26:00,1590.06,1590.06,1589.76,1589.76,-0.02,69.82,108244.75,-1
2024-04-18,2024-04-18 14:27:00,1589.76,1589.76,1589.47,1589.47,-0.02,69.82,108244.75,-1
2024-04-18,2024-04-18 14:28:00,1589.47,1589.47,1589.17,1589.17,-0.02,69.82,108244.75,-1
2024-04-18,2024-04-18 14:29:00,1589.17,1589.17,1588.88,1588.88,-0.02,69.82,108244.75,-1
2024-04-18,2024-04-18 14:30:00,1588.88,1588.88,1588.58,1588.58,-0.02,69.82,108244.75,-1
2024-04-18,2024-04-18 14:31:00,1588.58,1588.58,1588.28,1588.28,-0.02,69.82,108244.75,-1
2024-04-18,2024-04-18 14:32:00,1588.28,1588.28,1587.99,1587.99,-0.02,69.82,108244.75,-1
2024-04-18,2024-04-18 14:33:00,1587.99,1587.99,1587.69,1587.69,-0.02,69.82,108244.75,-1
2024-04-18,2024-04-18 14:34:00,1587.69,1587.69,1587.4,1587.4,-0.02,69.82,108244.75,-1
2024-04-18,2024-04-18 14:35:00,1587.4,1587.4,1587.1,1587.1,-0.02,69.82,108244.75,-1
2024-04-18,2024-04-18 14:36:00,1587.1,1587.1,1586.8,1586.8,-0.02,69.82,108244.75,-1
2024-04-18,2024-04-18 14:37:00,1586.8,1586.8,1586.51,1586.51,-0.02,69.82,108244.75,-1
2024-04-18,2024-04-18 14:38:00,1586.51,1586.51,1586.21,1586.21,-0.02,69.82,108244.75,-1
2024-04-18,2024-04-18 14:39:00,1586.21,1586.21,1585.92,1585.92,-0.02,69.82,108244.75,-1
2024-04-18,2024-04-18 14:40:00,1585.92,1585.92,1585.62,1585.62,-0.02,69.82,108244.75,-1
2024-04-18,2024-04-18 14:41:00,1585.62,1585.62,1585.33,1585.33,-0.02,69.82,108244.75,-1
2024-04-18,2024-04-18 14:42:00,1585.33,1585.33,1585.03,1585.03,-0.02,69.82,108244.75,-1
2024-04-18,2024-04-18 14:43:00,1585.03,1585.03,1584.73,1584.73,-0.02,69.82,108244.75,-1
2024-04-18,2024-04-18 14:44:00,1584.73,1584.73,1584.44,1584.44,-0.02,69.82,108244.75,-1
2024-04-18,2024-04-18 14:45:00,1584.44,1584.44,1584.14,1584.14,-0.02,69.82,108244.75,-1
2024-04-18,2024-04-18 14:46:00,1584.14,1584.14,1583.85,1583.85,-0.02,69.82,108244.75,-1
2024-04-18,2024-04-18 14:47:00,1583.85,1583.85,1583.55,1583.55,-0.02,69.82,108244.75,-1
2024-04-18,2024-04-18 14:48:00,1583.55,1583.55,1583.25,1583.25,-0.02,69.82,108244.75,-1
2024-04-18,2024-04-18 14:49:00,1583.25,1583.25,1582.96,1582.96,-0.02,69.82,108244.75,-1
2024-04-18,2024-04-18 14:50:00,1582.96,1582.96,1582.66,1582.66,-0.02,69.82,108244.75,-1
2024-04-18,2024-04-18 14:51:00,1582.66,1582.66,1582.37,1582.37,-0.02,69.82,108244.75,-1
2024-04-18,2024-04-18 14:52:00,1582.37,1582.37,1582.07,1582.07,-0.02,69.82,108244.75,-1
2024-04-18,2024-04-18 14:53:00,1582.07,1582.07,1581.78,1581.78,-0.02,69.82,108244.75,-1
2024-04-18,2024-04-18 14:54:00,1581.78,1581.78,1581.48,1581.48,-0.02,69.82,108244.75,-1
2024-04-18,2024-04-18 14:55:00,1581.48,1581.48,1581.18,1581.18,-0.02,69.82,108244.75,-1
2024-04-18,2024-04-18 14:56:00,1581.18,1581.18,1580.89,1580.89,-0.02,69.82,108244.75,-1
2024-04-18,2024-04-18 14:57:00,1580.89,1580.89,1580.59,1580.59,-0.02,69.82,108244.75,-1
2024-04-18,2024-04-18 14:58:00,1580.59,1580.59,1580.3,1580.3,-0.02,69.82,108244.75,-1
2024-04-18,2024-04-18 14:59:00,1580.3,1580.3,1580.0,1580.0,-0.02,69.82,108244.75,-1
2024-04-18,2024-04-18 15:00:00,1580.0,1651.0,1514.7,1580.0,0.0,69.82,108244.75,0
2024-04-21,2024-04-21 11:00:00,1548.4,1578.88,1521.58,1548.8,0.03,80.0,122774.44,1
2024-04-21,2024-04-21 11:01:00,1548.8,1549.21,1548.8,1549.21,0.03,80.0,122774.44,1
2024-04-21,2024-04-21 11:02:00,1549.21,1549.61,1549.21,1549.61,0.03,80.0,122774.44,1
2024-04-21,2024-04-21 11:03:00,1549.61,1550.01,1549.61,1550.01,0.03,80.0,122774.44,1
2024-04-21,2024-04-21 11:04:00,1550.01,1550.41,1550.01,1550.41,0.03,80.0,122774.44,1
2024-04-21,2024-04-21 11:05:00,1550.41,1550.82,1550.41,1550.82,0.03,80.0,122774.44,1
2024-04-21,2024-04-21 11:06:00,1550.82,1551.22,1550.82,1551.22,0.03,80.0,122774.44,1
2024-04-21,2024-04-21 11:07:00,1551.22,1551.62,1551.22,1551.62,0.03,80.0,122774.44,1
2024-04-21,2024-04-21 11:08:00,1551.62,1552.02,1551.62,1552.02,0.03,80.0,122774.44,1
2024-04-21,2024-04-21 11:09:00,1552.02,1552.43,1552.02,1552.43,0.03,80.0,122774.44,1
2024-04-21,2024-04-21 11:10:00,1552.43,1552.83,1552.43,1552.83,0.03,80.0,122774.44,1
2024-04-21,2024-04-21 11:11:00,1552.83,1553.23,1552.83,1553.23,0.03,80.0,122774.44,1
2024-04-21,2024-04-21 11:12:00,1553.23,1553.63,1553.23,1553.63,0.03,80.0,122774.44,1
2024-04-21,2024-04-21 11:13:00,1553.63,1554.04,1553.63,1554.04,0.03,80.0,122774.44,1
2024-04-21,2024-04-21 11:14:00,1554.04,1554.44,1554.04,1554.44,0.03,80.0,122774.44,1
2024-04-21,2024-04-21 11:15:00,1554.44,1554.84,1554.44,1554.84,0.03,80.0,122774.44,1
2024-04-21,2024-04-21 11:16:00,1554.84,1555.24,1554.84,1555.24,0.03,80.0,122774.44,1
2024-04-21,2024-04-21 11:17:00,1555.24,1555.64,1555.24,1555.64,0.03,80.0,122774.44,1
2024-04-21,2024-04-21 11:18:00,1555.64,1556.05,1555.64,1556.05,0.03,80.0,122774.44,1
2024-04-21,2024-04-21 11:19:00,1556.05,1556.45,1556.05,1556.45,0.03,80.0,122774.44,1
2024-04-21,2024-04-21 11:20:00,1556.45,1556.85,1556.45,1556.85,0.03,80.0,122774.44,1
2024-04-21,2024-04-21 11:21:00,1556.85,1557.26,1556.85,1557.26,0.03,80.0,122774.44,1
2024-04-21,2024-04-21 11:22:00,1557.26,1557.66,1557.26,1557.66,0.03,80.0,122774.44,1
2024-04-21,2024-04-21 11:23:00,1557.66,1558.06,1557.66,1558.06,0.03,80.0,122774.44,1
2024-04-21,2024-04-21 11:24:00,1558.06,1558.46,1558.06,1558.46,0.03,80.0,122774.44,1
2024-04-21,2024-04-21 11:25:00,1558.46,1558.87,1558.46,1558.87,0.03,80.0,122774.44,1
2024-04-21,2024-04-21 11:26:00,1558.87,1559.27,1558.87,1559.27,0.03,80.0,122774.44,1
2024-04-21,2024-04-21 11:27:00,1559.27,1559.67,1559.27,1559.67,0.03,80.0,122774.44,1
2024-04-21,2024-04-21 11:28:00,1559.67,1560.07,1559.67,1560.07,0.03,80.0,122774.44,1
2024-04-21,2024-04-21 11:29:00,1560.07,1560.48,1560.07,1560.48,0.03,80.0,122774.44,1
2024-04-21,2024-04-21 11:30:00,1560.48,1560.88,1560.48,1560.88,0.03,80.0,122774.44,1
2024-04-21,2024-04-21 11:31:00,1560.88,1561.28,1560.88,1561.28,0.03,80.0,122774.44,1
2024-04-21,2024-04-21 11:32:00,1561.28,1561.68,1561.28,1561.68,0.03,80.0,122774.44,1
2024-04-21,2024-04-21 11:33:00,1561.68,1562.09,1561.68,1562.09,0.03,80.0,122774.44,1
2024-04-21,2024-04-21 11:34:00,1562.09,1562.49,1562.09,1562.49,0.03,80.0,122774.44,1
2024-04-21,2024-04-21 11:35:00,1562.49,1562.89,1562.49,1562.89,0.03,80.0,122774.44,1
2024-04-21,2024-04-21 11:36:00,1562.89,1563.29,1562.89,1563.29,0.03,80.0,122774.44,1
2024-04-21,2024-04-21 11:37:00,1563.29,1563.7,1563.29,1563.7,0.03,80.0,122774.44,1
2024-04-21,2024-04-21 11:38:00,1563.7,1564.1,1563.7,1564.1,0.03,80.0,122774.44,1
2024-04-21,2024-04-21 11:39:00,1564.1,1564.5,1564.1,1564.5,0.03,80.0,122774.44,1
2024-04-21,2024-04-21 11:40:00,1564.5,1564.9,1564.5,1564.9,0.03,80.0,122774.44,1
2024-04-21,2024-04-21 11:41:00,1564.9,1565.31,1564.9,1565.31,0.03,80.0,122774.44,1
2024-04-21,2024-04-21 11:42:00,1565.31,1565.71,1565.31,1565.71,0.03,80.0,122774.44,1
2024-04-21,2024-04-21 11:43:00,1565.71,1566.11,1565.71,1566.11,0.03,80.0,122774.44,1
2024-04-21,2024-04-21 11:44:00,1566.11,1566.51,1566.11,1566.51,0.03,80.0,122774.44,1
2024-04-21,2024-04-21 11:45:00,1566.51,1566.91,1566.51,1566.91,0.03,80.0,122774.44,1
2024-04-21,2024-04-21 11:46:00,1566.91,1567.32,1566.91,1567.32,0.03,80.0,122774.44,1
2024-04-21,2024-04-21 11:47:00,1567.32,1567.72,1567.32,1567.72,0.03,80.0,122774.44,1
2024-04-21,2024-04-21 11:48:00,1567.72,1568.12,1567.72,1568.12,0.03,80.0,122774.44,1
2024-04-21,2024-04-21 11:49:00,1568.12,1568.53,1568.12,1568.53,0.03,80.0,122774.44,1
2024-04-21,2024-04-21 11:50:00,1568.53,1568.93,1568.53,1568.93,0.03,80.0,122774.44,1
2024-04-21,2024-04-21 11:51:00,1568.93,1569.33,1568.93,1569.33,0.03,80.0,122774.44,1
2024-04-21,2024-04-21 11:52:00,1569.33,1569.73,1569.33,1569.73,0.03,80.0,122774.44,1
2024-04-21,2024-04-21 11:53:00,1569.73,1570.13,1569.73,1570.13,0.03,80.0,122774.44,1
2024-04-21,2024-04-21 11:54:00,1570.13,1570.54,1570.13,1570.54,0.03,80.0,122774.44,1
2024-04-21,2024-04-21 11:55:00,1570.54,1570.94,1570.54,1570.94,0.03,80.0,122774.44,1
2024-04-21,2024-04-21 11:56:00,1570.94,1571.34,1570.94,1571.34,0.03,80.0,122774.44,1
2024-04-21,2024-04-21 11:57:00,1571.34,1571.75,1571.34,1571.75,0.03,80.0,122774.44,1
2024-04-21,2024-04-21 11:58:00,1571.75,1572.15,1571.75,1572.15,0.03,80.0,122774.44,1
2024-04-21,2024-04-21 11:59:00,1572.15,1572.55,1572.15,1572.55,0.03,80.0,122774.44,1
2024-04-21,2024-04-21 12:00:00,1572.55,1572.95,1572.55,1572.95,0.03,80.0,122774.44,1
2024-04-21,2024-04-21 12:01:00,1572.95,1573.36,1572.95,1573.36,0.03,80.0,122774.44,1
2024-04-21,2024-04-21 12:02:00,1573.36,1573.76,1573.36,1573.76,0.03,80.0,122774.44,1
2024-04-21,2024-04-21 12:03:00,1573.76,1574.16,1573.76,1574.16,0.03,80.0,122774.44,1
2024-04-21,2024-04-21 12:04:00,1574.16,1574.56,1574.16,1574.56,0.03,80.0,122774.44,1
2024-04-21,2024-04-21 12:05:00,1574.56,1574.97,1574.56,1574.97,0.03,80.0,122774.44,1
2024-04-21,2024-04-21 12:06:00,1574.97,1575.37,1574.97,1575.37,0.03,80.0,122774.44,1
2024-04-21,2024-04-21 12:07:00,1575.37,1575.77,1575.37,1575.77,0.03,80.0,122774.44,1
2024-04-21,2024-04-21 12:08:00,1575.77,1576.17,1575.77,1576.17,0.03,80.0,122774.44,1
2024-04-21,2024-04-21 12:09:00,1576.17,1576.58,1576.17,1576.58,0.03,80.0,122774.44,1
2024-04-21,2024-04-21 12:10:00,1576.58,1576.98,1576.58,1576.98,0.03,80.0,122774.44,1
2024-04-21,2024-04-21 12:11:00,1576.98,1577.38,1576.98,1577.38,0.03,80.0,122774.44,1
2024-04-21,2024-04-21 12:12:00,1577.38,1577.78,1577.38,1577.78,0.03,80.0,122774.44,1
2024-04-21,2024-04-21 12:13:00,1577.78,1578.19,1577.78,1578.19,0.03,80.0,122774.44,1
2024-04-21,2024-04-21 12:14:00,1578.19,1578.59,1578.19,1578.59,0.03,80.0,122774.44,1
2024-04-21,2024-04-21 12:15:00,1578.59,1578.99,1578.59,1578.99,0.03,80.0,122774.44,1
2024-04-21,2024-04-21 12:16:00,1578.99,1579.39,1578.99,1579.39,0.03,80.0,122774.44,1
2024-04-21,2024-04-21 12:17:00,1579.39,1579.8,1579.39,1579.8,0.03,80.0,122774.44,1
2024-04-21,2024-04-21 12:18:00,1579.8,1580.2,1579.8,1580.2,0.03,80.0,122774.44,1
2024-04-21,2024-04-21 12:19:00,1580.2,1580.6,1580.2,1580.6,0.03,80.0,122774.44,1
2024-04-21,2024-04-21 12:20:00,1580.6,1581.0,1580.6,1581.0,0.03,80.0,122774.44,1
2024-04-21,2024-04-21 12:21:00,1581.0,1581.4,1581.0,1581.4,0.03,80.0,122774.44,1
2024-04-21,2024-04-21 12:22:00,1581.4,1581.81,1581.4,1581.81,0.03,80.0,122774.44,1
2024-04-21,2024-04-21 12:23:00,1581.81,1582.21,1581.81,1582.21,0.03,80.0,122774.44,1
2024-04-21,2024-04-21 12:24:00,1582.21,1582.61,1582.21,1582.61,0.03,80.0,122774.44,1
2024-04-21,2024-04-21 12:25:00,1582.61,1583.02,1582.61,1583.02,0.03,80.0,122774.44,1
2024-04-21,2024-04-21 12:26:00,1583.02,1583.42,1583.02,1583.42,0.03,80.0,122774.44,1
2024-04-21,2024-04-21 12:27:00,1583.42,1583.82,1583.42,1583.82,0.03,80.0,122774.44,1
2024-04-21,2024-04-21 12:28:00,1583.82,1584.22,1583.82,1584.22,0.03,80.0,122774.44,1
2024-04-21,2024-04-21 12:29:00,1584.22,1584.62,1584.22,1584.62,0.03,80.0,122774.44,1
2024-04-21,2024-04-21 12:30:00,1584.62,1585.03,1584.62,1585.03,0.03,80.0,122774.44,1
2024-04-21,2024-04-21 12:31:00,1585.03,1585.43,1585.03,1585.43,0.03,80.0,122774.44,1
2024-04-21,2024-04-21 12:32:00,1585.43,1585.83,1585.43,1585.83,0.03,80.0,122774.44,1
2024-04-21,2024-04-21 12:33:00,1585.83,1586.24,1585.83,1586.24,0.03,80.0,122774.44,1
2024-04-21,2024-04-21 12:34:00,1586.24,1586.64,1586.24,1586.64,0.03,80.0,122774.44,1
2024-04-21,2024-04-21 12:35:00,1586.64,1587.04,1586.64,1587.04,0.03,80.0,122774.44,1
2024-04-21,2024-04-21 12:36:00,1587.04,1587.44,1587.04,1587.44,0.03,80.0,122774.44,1
2024-04-21,2024-04-21 12:37:00,1587.44,1587.85,1587.44,1587.85,0.03,80.0,122774.44,1
2024-04-21,2024-04-21 12:38:00,1587.85,1588.25,1587.85,1588.25,0.03,80.0,122774.44,1
2024-04-21,2024-04-21 12:39:00,1588.25,1588.65,1588.25,1588.65,0.03,80.0,122774.44,1
2024-04-21,2024-04-21 12:40:00,1588.65,1589.05,1588.65,1589.05,0.03,80.0,122774.44,1
2024-04-21,2024-04-21 12:41:00,1589.05,1589.46,1589.05,1589.46,0.03,80.0,122774.44,1
2024-04-21,2024-04-21 12:42:00,1589.46,1589.86,1589.46,1589.86,0.03,80.0,122774.44,1
2024-04-21,2024-04-21 12:43:00,1589.86,1590.26,1589.86,1590.26,0.03,80.0,122774.44,1
2024-04-21,2024-04-21 12:44:00,1590.26,1590.66,1590.26,1590.66,0.03,80.0,122774.44,1
2024-04-21,2024-04-21 12:45:00,1590.66,1591.07,1590.66,1591.07,0.03,80.0,122774.44,1
2024-04-21,2024-04-21 12:46:00,1591.07,1591.47,1591.07,1591.47,0.03,80.0,122774.44,1
2024-04-21,2024-04-21 12:47:00,1591.47,1591.87,1591.47,1591.87,0.03,80.0,122774.44,1
2024-04-21,2024-04-21 12:48:00,1591.87,1592.27,1591.87,1592.27,0.03,80.0,122774.44,1
2024-04-21,2024-04-21 12:49:00,1592.27,1592.67,1592.27,1592.67,0.03,80.0,122774.44,1
2024-04-21,2024-04-21 12:50:00,1592.67,1593.08,1592.67,1593.08,0.03,80.0,122774.44,1
2024-04-21,2024-04-21 12:51:00,1593.08,1593.48,1593.08,1593.48,0.03,80.0,122774.44,1
2024-04-21,2024-04-21 12:52:00,1593.48,1593.88,1593.48,1593.88,0.03,80.0,122774.44,1
2024-04-21,2024-04-21 12:53:00,1593.88,1594.29,1593.88,1594.29,0.03,80.0,122774.44,1
2024-04-21,2024-04-21 12:54:00,1594.29,1594.69,1594.29,1594.69,0.03,80.0,122774.44,1
2024-04-21,2024-04-21 12:55:00,1594.69,1595.09,1594.69,1595.09,0.03,80.0,122774.44,1
2024-04-21,2024-04-21 12:56:00,1595.09,1595.49,1595.09,1595.49,0.03,80.0,122774.44,1
2024-04-21,2024-04-21 12:57:00,1595.49,1595.89,1595.49,1595.89,0.03,80.0,122774.44,1
2024-04-21,2024-04-21 12:58:00,1595.89,1596.3,1595.89,1596.3,0.03,80.0,122774.44,1
2024-04-21,2024-04-21 12:59:00,1596.3,1596.7,1596.3,1596.7,0.03,80.0,122774.44,1
2024-04-21,2024-04-21 13:00:00,1596.7,1650.0,1459.0,1597.1,0.03,80.0,122774.44,1
2024-04-21,2024-04-21 13:01:00,1597.1,1597.51,1597.1,1597.51,0.03,80.0,122774.44,1
2024-04-21,2024-04-21 13:02:00,1597.51,1597.91,1597.51,1597.91,0.03,80.0,122774.44,1
2024-04-21,2024-04-21 13:03:00,1597.91,1598.31,1597.91,1598.31,0.03,80.0,122774.44,1
2024-04-21,2024-04-21 13:04:00,1598.31,1598.71,1598.31,1598.71,0.03,80.0,122774.44,1
2024-04-21,2024-04-21 13:05:00,1598.71,1599.12,1598.71,1599.12,0.03,80.0,122774.44,1
2024-04-21,2024-04-21 13:06:00,1599.12,1599.52,1599.12,1599.52,0.03,80.0,122774.44,1
2024-04-21,2024-04-21 13:07:00,1599.52,1599.92,1599.52,1599.92,0.03,80.0,122774.44,1
2024-04-21,2024-04-21 13:08:00,1599.92,1600.32,1599.92,1600.32,0.03,80.0,122774.44,1
2024-04-21,2024-04-21 13:09:00,1600.32,1600.73,1600.32,1600.73,0.03,80.0,122774.44,1
2024-04-21,2024-04-21 13:10:00,1600.73,1601.13,1600.73,1601.13,0.02,80.0,122774.44,1
2024-04-21,2024-04-21 13:11:00,1601.13,1601.53,1601.13,1601.53,0.02,80.0,122774.44,1
2024-04-21,2024-04-21 13:12:00,1601.53,1601.93,1601.53,1601.93,0.02,80.0,122774.44,1
2024-04-21,2024-04-21 13:13:00,1601.93,1602.34,1601.93,1602.34,0.03,80.0,122774.44,1
2024-04-21,2024-04-21 13:14:00,1602.34,1602.74,1602.34,1602.74,0.02,80.0,122774.44,1
2024-04-21,2024-04-21 13:15:00,1602.74,1603.14,1602.74,1603.14,0.02,80.0,122774.44,1
2024-04-21,2024-04-21 13:16:00,1603.14,1603.54,1603.14,1603.54,0.02,80.0,122774.44,1
2024-04-21,2024-04-21 13:17:00,1603.54,1603.94,1603.54,1603.94,0.02,80.0,122774.44,1
2024-04-21,2024-04-21 13:18:00,1603.94,1604.35,1603.94,1604.35,0.03,80.0,122774.44,1
2024-04-21,2024-04-21 13:19:00,1604.35,1604.75,1604.35,1604.75,0.02,80.0,122774.44,1
2024-04-21,2024-04-21 13:20:00,1604.75,1605.15,1604.75,1605.15,0.02,80.0,122774.44,1
2024-04-21,2024-04-21 13:21:00,1605.15,1605.56,1605.15,1605.56,0.03,80.0,122774.44,1
2024-04-21,2024-04-21 13:22:00,1605.56,1605.96,1605.56,1605.96,0.02,80.0,122774.44,1
2024-04-21,2024-04-21 13:23:00,1605.96,1606.36,1605.96,1606.36,0.02,80.0,122774.44,1
2024-04-21,2024-04-21 13:24:00,1606.36,1606.76,1606.36,1606.76,0.02,80.0,122774.44,1
2024-04-21,2024-04-21 13:25:00,1606.76,1607.16,1606.76,1607.16,0.02,80.0,122774.44,1
2024-04-21,2024-04-21 13:26:00,1607.16,1607.57,1607.16,1607.57,0.03,80.0,122774.44,1
2024-04-21,2024-04-21 13:27:00,1607.57,1607.97,1607.57,1607.97,0.02,80.0,122774.44,1
2024-04-21,2024-04-21 13:28:00,1607.97,1608.37,1607.97,1608.37,0.02,80.0,122774.44,1
2024-04-21,2024-04-21 13:29:00,1608.37,1608.78,1608.37,1608.78,0.03,80.0,122774.44,1
2024-04-21,2024-04-21 13:30:00,1608.78,1609.18,1608.78,1609.18,0.02,80.0,122774.44,1
2024-04-21,2024-04-21 13:31:00,1609.18,1609.58,1609.18,1609.58,0.02,80.0,122774.44,1
2024-04-21,2024-04-21 13:32:00,1609.58,1609.98,1609.58,1609.98,0.02,80.0,122774.44,1
2024-04-21,2024-04-21 13:33:00,1609.98,1610.38,1609.98,1610.38,0.02,80.0,122774.44,1
2024-04-21,2024-04-21 13:34:00,1610.38,1610.79,1610.38,1610.79,0.03,80.0,122774.44,1
2024-04-21,2024-04-21 13:35:00,1610.79,1611.19,1610.79,1611.19,0.02,80.0,122774.44,1
2024-04-21,2024-04-21 13:36:00,1611.19,1611.59,1611.19,1611.59,0.02,80.0,122774.44,1
2024-04-21,2024-04-21 13:37:00,1611.59,1612.0,1611.59,1612.0,0.03,80.0,122774.44,1
2024-04-21,2024-04-21 13:38:00,1612.0,1612.4,1612.0,1612.4,0.02,80.0,122774.44,1
2024-04-21,2024-04-21 13:39:00,1612.4,1612.8,1612.4,1612.8,0.02,80.0,122774.44,1
2024-04-21,2024-04-21 13:40:00,1612.8,1613.2,1612.8,1613.2,0.02,80.0,122774.44,1
2024-04-21,2024-04-21 13:41:00,1613.2,1613.61,1613.2,1613.61,0.03,80.0,122774.44,1
2024-04-21,2024-04-21 13:42:00,1613.61,1614.01,1613.61,1614.01,0.02,80.0,122774.44,1
2024-04-21,2024-04-21 13:43:00,1614.01,1614.41,1614.01,1614.41,0.02,80.0,122774.44,1
2024-04-21,2024-04-21 13:44:00,1614.41,1614.81,1614.41,1614.81,0.02,80.0,122774.44,1
2024-04-21,2024-04-21 13:45:00,1614.81,1615.22,1614.81,1615.22,0.03,80.0,122774.44,1
2024-04-21,2024-04-21 13:46:00,1615.22,1615.62,1615.22,1615.62,0.02,80.0,122774.44,1
2024-04-21,2024-04-21 13:47:00,1615.62,1616.02,1615.62,1616.02,0.02,80.0,122774.44,1
2024-04-21,2024-04-21 13:48:00,1616.02,1616.42,1616.02,1616.42,0.02,80.0,122774.44,1
2024-04-21,2024-04-21 13:49:00,1616.42,1616.83,1616.42,1616.83,0.03,80.0,122774.44,1
2024-04-21,2024-04-21 13:50:00,1616.83,1617.23,1616.83,1617.23,0.02,80.0,122774.44,1
2024-04-21,2024-04-21 13:51:00,1617.23,1617.63,1617.23,1617.63,0.02,80.0,122774.44,1
2024-04-21,2024-04-21 13:52:00,1617.63,1618.03,1617.63,1618.03,0.02,80.0,122774.44,1
2024-04-21,2024-04-21 13:53:00,1618.03,1618.43,1618.03,1618.43,0.02,80.0,122774.44,1
2024-04-21,2024-04-21 13:54:00,1618.43,1618.84,1618.43,1618.84,0.03,80.0,122774.44,1
2024-04-21,2024-04-21 13:55:00,1618.84,1619.24,1618.84,1619.24,0.02,80.0,122774.44,1
2024-04-21,2024-04-21 13:56:00,1619.24,1619.64,1619.24,1619.64,0.02,80.0,122774.44,1
2024-04-21,2024-04-21 13:57:00,1619.64,1620.05,1619.64,1620.05,0.03,80.0,122774.44,1
2024-04-21,2024-04-21 13:58:00,1620.05,1620.45,1620.05,1620.45,0.02,80.0,122774.44,1
2024-04-21,2024-04-21 13:59:00,1620.45,1620.85,1620.45,1620.85,0.02,80.0,122774.44,1
2024-04-21,2024-04-21 14:00:00,1620.85,1621.25,1620.85,1621.25,0.02,80.0,122774.44,1
2024-04-21,2024-04-21 14:01:00,1621.25,1621.65,1621.25,1621.65,0.02,80.0,122774.44,1
2024-04-21,2024-04-21 14:02:00,1621.65,1622.06,1621.65,1622.06,0.03,80.0,122774.44,1
2024-04-21,2024-04-21 14:03:00,1622.06,1622.46,1622.06,1622.46,0.02,80.0,122774.44,1
2024-04-21,2024-04-21 14:04:00,1622.46,1622.86,1622.46,1622.86,0.02,80.0,122774.44,1
2024-04-21,2024-04-21 14:05:00,1622.86,1623.27,1622.86,1623.27,0.03,80.0,122774.44,1
2024-04-21,2024-04-21 14:06:00,1623.27,1623.67,1623.27,1623.67,0.02,80.0,122774.44,1
2024-04-21,2024-04-21 14:07:00,1623.67,1624.07,1623.67,1624.07,0.02,80.0,122774.44,1
2024-04-21,2024-04-21 14:08:00,1624.07,1624.47,1624.07,1624.47,0.02,80.0,122774.44,1
2024-04-21,2024-04-21 14:09:00,1624.47,1624.88,1624.47,1624.88,0.03,80.0,122774.44,1
2024-04-21,2024-04-21 14:10:00,1624.88,1625.28,1624.88,1625.28,0.02,80.0,122774.44,1
2024-04-21,2024-04-21 14:11:00,1625.28,1625.68,1625.28,1625.68,0.02,80.0,122774.44,1
2024-04-21,2024-04-21 14:12:00,1625.68,1626.08,1625.68,1626.08,0.02,80.0,122774.44,1
2024-04-21,2024-04-21 14:13:00,1626.08,1626.49,1626.08,1626.49,0.03,80.0,122774.44,1
2024-04-21,2024-04-21 14:14:00,1626.49,1626.89,1626.49,1626.89,0.02,80.0,122774.44,1
2024-04-21,2024-04-21 14:15:00,1626.89,1627.29,1626.89,1627.29,0.02,80.0,122774.44,1
2024-04-21,2024-04-21 14:16:00,1627.29,1627.69,1627.29,1627.69,0.02,80.0,122774.44,1
2024-04-21,2024-04-21 14:17:00,1627.69,1628.1,1627.69,1628.1,0.03,80.0,122774.44,1
2024-04-21,2024-04-21 14:18:00,1628.1,1628.5,1628.1,1628.5,0.02,80.0,122774.44,1
2024-04-21,2024-04-21 14:19:00,1628.5,1628.9,1628.5,1628.9,0.02,80.0,122774.44,1
2024-04-21,2024-04-21 14:20:00,1628.9,1629.3,1628.9,1629.3,0.02,80.0,122774.44,1
2024-04-21,2024-04-21 14:21:00,1629.3,1629.7,1629.3,1629.7,0.02,80.0,122774.44,1
2024-04-21,2024-04-21 14:22:00,1629.7,1630.11,1629.7,1630.11,0.03,80.0,122774.44,1
2024-04-21,2024-04-21 14:23:00,1630.11,1630.51,1630.11,1630.51,0.02,80.0,122774.44,1
2024-04-21,2024-04-21 14:24:00,1630.51,1630.91,1630.51,1630.91,0.02,80.0,122774.44,1
2024-04-21,2024-04-21 14:25:00,1630.91,1631.32,1630.91,1631.32,0.03,80.0,122774.44,1
2024-04-21,2024-04-21 14:26:00,1631.32,1631.72,1631.32,1631.72,0.02,80.0,122774.44,1
2024-04-21,2024-04-21 14:27:00,1631.72,1632.12,1631.72,1632.12,0.02,80.0,122774.44,1
2024-04-21,2024-04-21 14:28:00,1632.12,1632.52,1632.12,1632.52,0.02,80.0,122774.44,1
2024-04-21,2024-04-21 14:29:00,1632.52,1632.92,1632.52,1632.92,0.02,80.0,122774.44,1
2024-04-21,2024-04-21 14:30:00,1632.92,1633.33,1632.92,1633.33,0.03,80.0,122774.44,1
2024-04-21,2024-04-21 14:31:00,1633.33,1633.73,1633.33,1633.73,0.02,80.0,122774.44,1
2024-04-21,2024-04-21 14:32:00,1633.73,1634.13,1633.73,1634.13,0.02,80.0,122774.44,1
2024-04-21,2024-04-21 14:33:00,1634.13,1634.54,1634.13,1634.54,0.03,80.0,122774.44,1
2024-04-21,2024-04-21 14:34:00,1634.54,1634.94,1634.54,1634.94,0.02,80.0,122774.44,1
2024-04-21,2024-04-21 14:35:00,1634.94,1635.34,1634.94,1635.34,0.02,80.0,122774.44,1
2024-04-21,2024-04-21 14:36:00,1635.34,1635.74,1635.34,1635.74,0.02,80.0,122774.44,1
2024-04-21,2024-04-21 14:37:00,1635.74,1636.14,1635.74,1636.14,0.02,80.0,122774.44,1
2024-04-21,2024-04-21 14:38:00,1636.14,1636.55,1636.14,1636.55,0.03,80.0,122774.44,1
2024-04-21,2024-04-21 14:39:00,1636.55,1636.95,1636.55,1636.95,0.02,80.0,122774.44,1
2024-04-21,2024-04-21 14:40:00,1636.95,1637.35,1636.95,1637.35,0.02,80.0,122774.44,1
2024-04-21,2024-04-21 14:41:00,1637.35,1637.76,1637.35,1637.76,0.03,80.0,122774.44,1
2024-04-21,2024-04-21 14:42:00,1637.76,1638.16,1637.76,1638.16,0.02,80.0,122774.44,1
2024-04-21,2024-04-21 14:43:00,1638.16,1638.56,1638.16,1638.56,0.02,80.0,122774.44,1
2024-04-21,2024-04-21 14:44:00,1638.56,1638.96,1638.56,1638.96,0.02,80.0,122774.44,1
2024-04-21,2024-04-21 14:45:00,1638.96,1639.37,1638.96,1639.37,0.03,80.0,122774.44,1
2024-04-21,2024-04-21 14:46:00,1639.37,1639.77,1639.37,1639.77,0.02,80.0,122774.44,1
2024-04-21,2024-04-21 14:47:00,1639.77,1640.17,1639.77,1640.17,0.02,80.0,122774.44,1
2024-04-21,2024-04-21 14:48:00,1640.17,1640.57,1640.17,1640.57,0.02,80.0,122774.44,1
2024-04-21,2024-04-21 14:49:00,1640.57,1640.97,1640.57,1640.97,0.02,80.0,122774.44,1
2024-04-21,2024-04-21 14:50:00,1640.97,1641.38,1640.97,1641.38,0.02,80.0,122774.44,1
2024-04-21,2024-04-21 14:51:00,1641.38,1641.78,1641.38,1641.78,0.02,80.0,122774.44,1
2024-04-21,2024-04-21 14:52:00,1641.78,1642.18,1641.78,1642.18,0.02,80.0,122774.44,1
2024-04-21,2024-04-21 14:53:00,1642.18,1642.59,1642.18,1642.59,0.02,80.0,122774.44,1
2024-04-21,2024-04-21 14:54:00,1642.59,1642.99,1642.59,1642.99,0.02,80.0,122774.44,1
2024-04-21,2024-04-21 14:55:00,1642.99,1643.39,1642.99,1643.39,0.02,80.0,122774.44,1
2024-04-21,2024-04-21 14:56:00,1643.39,1643.79,1643.39,1643.79,0.02,80.0,122774.44,1
2024-04-21,2024-04-21 14:57:00,1643.79,1644.19,1643.79,1644.19,0.02,80.0,122774.44,1
2024-04-21,2024-04-21 14:58:00,1644.19,1644.6,1644.19,1644.6,0.02,80.0,122774.44,1
2024-04-21,2024-04-21 14:59:00,1644.6,1645.0,1644.6,1645.0,0.02,80.0,122774.44,1
2024-04-21,2024-04-21 15:00:00,1645.0,1650.0,1459.0,1645.0,0.0,80.0,122774.44,0
2024-04-22,2024-04-22 11:00:00,1612.1,1612.1,1583.3,1612.05,-0.0,33.07,51593.32,-1
2024-04-22,2024-04-22 11:01:00,1612.05,1612.05,1612.0,1612.0,-0.0,33.07,51593.32,-1
2024-04-22,2024-04-22 11:02:00,1612.0,1612.0,1611.95,1611.95,-0.0,33.07,51593.32,-1
2024-04-22,2024-04-22 11:03:00,1611.95,1611.95,1611.9,1611.9,-0.0,33.07,51593.32,-1
2024-04-22,2024-04-22 11:04:00,1611.9,1611.9,1611.85,1611.85,-0.0,33.07,51593.32,-1
2024-04-22,2024-04-22 11:05:00,1611.85,1611.85,1611.8,1611.8,-0.0,33.07,51593.32,-1
2024-04-22,2024-04-22 11:06:00,1611.8,1611.8,1611.75,1611.75,-0.0,33.07,51593.32,-1
2024-04-22,2024-04-22 11:07:00,1611.75,1611.75,1611.7,1611.7,-0.0,33.07,51593.32,-1
2024-04-22,2024-04-22 11:08:00,1611.7,1611.7,1611.65,1611.65,-0.0,33.07,51593.32,-1
2024-04-22,2024-04-22 11:09:00,1611.65,1611.65,1611.6,1611.6,-0.0,33.07,51593.32,-1
2024-04-22,2024-04-22 11:10:00,1611.6,1611.6,1611.55,1611.55,-0.0,33.07,51593.32,-1
2024-04-22,2024-04-22 11:11:00,1611.55,1611.55,1611.49,1611.49,-0.0,33.07,51593.32,-1
2024-04-22,2024-04-22 11:12:00,1611.49,1611.49,1611.44,1611.44,-0.0,33.07,51593.32,-1
2024-04-22,2024-04-22 11:13:00,1611.44,1611.44,1611.39,1611.39,-0.0,33.07,51593.32,-1
2024-04-22,2024-04-22 11:14:00,1611.39,1611.39,1611.34,1611.34,-0.0,33.07,51593.32,-1
2024-04-22,2024-04-22 11:15:00,1611.34,1611.34,1611.29,1611.29,-0.0,33.07,51593.32,-1
2024-04-22,2024-04-22 11:16:00,1611.29,1611.29,1611.24,1611.24,-0.0,33.07,51593.32,-1
2024-04-22,2024-04-22 11:17:00,1611.24,1611.24,1611.19,1611.19,-0.0,33.07,51593.32,-1
2024-04-22,2024-04-22 11:18:00,1611.19,1611.19,1611.14,1611.14,-0.0,33.07,51593.32,-1
2024-04-22,2024-04-22 11:19:00,1611.14,1611.14,1611.09,1611.09,-0.0,33.07,51593.32,-1
2024-04-22,2024-04-22 11:20:00,1611.09,1611.09,1611.04,1611.04,-0.0,33.07,51593.32,-1
2024-04-22,2024-04-22 11:21:00,1611.04,1611.04,1610.99,1610.99,-0.0,33.07,51593.32,-1
2024-04-22,2024-04-22 11:22:00,1610.99,1610.99,1610.94,1610.94,-0.0,33.07,51593.32,-1
2024-04-22,2024-04-22 11:23:00,1610.94,1610.94,1610.89,1610.89,-0.0,33.07,51593.32,-1
2024-04-22,2024-04-22 11:24:00,1610.89,1610.89,1610.84,1610.84,-0.0,33.07,51593.32,-1
2024-04-22,2024-04-22 11:25:00,1610.84,1610.84,1610.79,1610.79,-0.0,33.07,51593.32,-1
2024-04-22,2024-04-22 11:26:00,1610.79,1610.79,1610.74,1610.74,-0.0,33.07,51593.32,-1
2024-04-22,2024-04-22 11:27:00,1610.74,1610.74,1610.69,1610.69,-0.0,33.07,51593.32,-1
2024-04-22,2024-04-22 11:28:00,1610.69,1610.69,1610.64,1610.64,-0.0,33.07,51593.32,-1
2024-04-22,2024-04-22 11:29:00,1610.64,1610.64,1610.59,1610.59,-0.0,33.07,51593.32,-1
2024-04-22,2024-04-22 11:30:00,1610.59,1610.59,1610.54,1610.54,-0.0,33.07,51593.32,-1
2024-04-22,2024-04-22 11:31:00,1610.54,1610.54,1610.49,1610.49,-0.0,33.07,51593.32,-1
2024-04-22,2024-04-22 11:32:00,1610.49,1610.49,1610.44,1610.44,-0.0,33.07,51593.32,-1
2024-04-22,2024-04-22 11:33:00,1610.44,1610.44,1610.39,1610.39,-0.0,33.07,51593.32,-1
2024-04-22,2024-04-22 11:34:00,1610.39,1610.39,1610.34,1610.34,-0.0,33.07,51593.32,-1
2024-04-22,2024-04-22 11:35:00,1610.34,1610.34,1610.28,1610.28,-0.0,33.07,51593.32,-1
2024-04-22,2024-04-22 11:36:00,1610.28,1610.28,1610.23,1610.23,-0.0,33.07,51593.32,-1
2024-04-22,2024-04-22 11:37:00,1610.23,1610.23,1610.18,1610.18,-0.0,33.07,51593.32,-1
2024-04-22,2024-04-22 11:38:00,1610.18,1610.18,1610.13,1610.13,-0.0,33.07,51593.32,-1
2024-04-22,2024-04-22 11:39:00,1610.13,1610.13,1610.08,1610.08,-0.0,33.07,51593.32,-1
2024-04-22,2024-04-22 11:40:00,1610.08,1610.08,1610.03,1610.03,-0.0,33.07,51593.32,-1
2024-04-22,2024-04-22 11:41:00,1610.03,1610.03,1609.98,1609.98,-0.0,33.07,51593.32,-1
2024-04-22,2024-04-22 11:42:00,1609.98,1609.98,1609.93,1609.93,-0.0,33.07,51593.32,-1
2024-04-22,2024-04-22 11:43:00,1609.93,1609.93,1609.88,1609.88,-0.0,33.07,51593.32,-1
2024-04-22,2024-04-22 11:44:00,1609.88,1609.88,1609.83,1609.83,-0.0,33.07,51593.32,-1
2024-04-22,2024-04-22 11:45:00,1609.83,1609.83,1609.78,1609.78,-0.0,33.07,51593.32,-1
2024-04-22,2024-04-22 11:46:00,1609.78,1609.78,1609.73,1609.73,-0.0,33.07,51593.32,-1
2024-04-22,2024-04-22 11:47:00,1609.73,1609.73,1609.68,1609.68,-0.0,33.07,51593.32,-1
2024-04-22,2024-04-22 11:48:00,1609.68,1609.68,1609.63,1609.63,-0.0,33.07,51593.32,-1
2024-04-22,2024-04-22 11:49:00,1609.63,1609.63,1609.58,1609.58,-0.0,33.07,51593.32,-1
2024-04-22,2024-04-22 11:50:00,1609.58,1609.58,1609.53,1609.53,-0.0,33.07,51593.32,-1
2024-04-22,2024-04-22 11:51:00,1609.53,1609.53,1609.48,1609.48,-0.0,33.07,51593.32,-1
2024-04-22,2024-04-22 11:52:00,1609.48,1609.48,1609.43,1609.43,-0.0,33.07,51593.32,-1
2024-04-22,2024-04-22 11:53:00,1609.43,1609.43,1609.38,1609.38,-0.0,33.07,51593.32,-1
2024-04-22,2024-04-22 11:54:00,1609.38,1609.38,1609.33,1609.33,-0.0,33.07,51593.32,-1
2024-04-22,2024-04-22 11:55:00,1609.33,1609.33,1609.28,1609.28,-0.0,33.07,51593.32,-1
2024-04-22,2024-04-22 11:56:00,1609.28,1609.28,1609.23,1609.23,-0.0,33.07,51593.32,-1
2024-04-22,2024-04-22 11:57:00,1609.23,1609.23,1609.18,1609.18,-0.0,33.07,51593.32,-1
2024-04-22,2024-04-22 11:58:00,1609.18,1609.18,1609.13,1609.13,-0.0,33.07,51593.32,-1
2024-04-22,2024-04-22 11:59:00,1609.13,1609.13,1609.07,1609.07,-0.0,33.07,51593.32,-1
2024-04-22,2024-04-22 12:00:00,1609.07,1609.07,1609.02,1609.02,-0.0,33.07,51593.32,-1
2024-04-22,2024-04-22 12:01:00,1609.02,1609.02,1608.97,1608.97,-0.0,33.07,51593.32,-1
2024-04-22,2024-04-22 12:02:00,1608.97,1608.97,1608.92,1608.92,-0.0,33.07,51593.32,-1
2024-04-22,2024-04-22 12:03:00,1608.92,1608.92,1608.87,1608.87,-0.0,33.07,51593.32,-1
2024-04-22,2024-04-22 12:04:00,1608.87,1608.87,1608.82,1608.82,-0.0,33.07,51593.32,-1
2024-04-22,2024-04-22 12:05:00,1608.82,1608.82,1608.77,1608.77,-0.0,33.07,51593.32,-1
2024-04-22,2024-04-22 12:06:00,1608.77,1608.77,1608.72,1608.72,-0.0,33.07,51593.32,-1
2024-04-22,2024-04-22 12:07:00,1608.72,1608.72,1608.67,1608.67,-0.0,33.07,51593.32,-1
2024-04-22,2024-04-22 12:08:00,1608.67,1608.67,1608.62,1608.62,-0.0,33.07,51593.32,-1
2024-04-22,2024-04-22 12:09:00,1608.62,1608.62,1608.57,1608.57,-0.0,33.07,51593.32,-1
2024-04-22,2024-04-22 12:10:00,1608.57,1608.57,1608.52,1608.52,-0.0,33.07,51593.32,-1
2024-04-22,2024-04-22 12:11:00,1608.52,1608.52,1608.47,1608.47,-0.0,33.07,51593.32,-1
2024-04-22,2024-04-22 12:12:00,1608.47,1608.47,1608.42,1608.42,-0.0,33.07,51593.32,-1
2024-04-22,2024-04-22 12:13:00,1608.42,1608.42,1608.37,1608.37,-0.0,33.07,51593.32,-1
2024-04-22,2024-04-22 12:14:00,1608.37,1608.37,1608.32,1608.32,-0.0,33.07,51593.32,-1
2024-04-22,2024-04-22 12:15:00,1608.32,1608.32,1608.27,1608.27,-0.0,33.07,51593.32,-1
2024-04-22,2024-04-22 12:16:00,1608.27,1608.27,1608.22,1608.22,-0.0,33.07,51593.32,-1
2024-04-22,2024-04-22 12:17:00,1608.22,1608.22,1608.17,1608.17,-0.0,33.07,51593.32,-1
2024-04-22,2024-04-22 12:18:00,1608.17,1608.17,1608.12,1608.12,-0.0,33.07,51593.32,-1
2024-04-22,2024-04-22 12:19:00,1608.12,1608.12,1608.07,1608.07,-0.0,33.07,51593.32,-1
2024-04-22,2024-04-22 12:20:00,1608.07,1608.07,1608.02,1608.02,-0.0,33.07,51593.32,-1
2024-04-22,2024-04-22 12:21:00,1608.02,1608.02,1607.97,1607.97,-0.0,33.07,51593.32,-1
2024-04-22,2024-04-22 12:22:00,1607.97,1607.97,1607.92,1607.92,-0.0,33.07,51593.32,-1
2024-04-22,2024-04-22 12:23:00,1607.92,1607.92,1607.87,1607.87,-0.0,33.07,51593.32,-1
2024-04-22,2024-04-22 12:24:00,1607.87,1607.87,1607.81,1607.81,-0.0,33.07,51593.32,-1
2024-04-22,2024-04-22 12:25:00,1607.81,1607.81,1607.76,1607.76,-0.0,33.07,51593.32,-1
2024-04-22,2024-04-22 12:26:00,1607.76,1607.76,1607.71,1607.71,-0.0,33.07,51593.32,-1
2024-04-22,2024-04-22 12:27:00,1607.71,1607.71,1607.66,1607.66,-0.0,33.07,51593.32,-1
2024-04-22,2024-04-22 12:28:00,1607.66,1607.66,1607.61,1607.61,-0.0,33.07,51593.32,-1
2024-04-22,2024-04-22 12:29:00,1607.61,1607.61,1607.56,1607.56,-0.0,33.07,51593.32,-1
2024-04-22,2024-04-22 12:30:00,1607.56,1607.56,1607.51,1607.51,-0.0,33.07,51593.32,-1
2024-04-22,2024-04-22 12:31:00,1607.51,1607.51,1607.46,1607.46,-0.0,33.07,51593.32,-1
2024-04-22,2024-04-22 12:32:00,1607.46,1607.46,1607.41,1607.41,-0.0,33.07,51593.32,-1
2024-04-22,2024-04-22 12:33:00,1607.41,1607.41,1607.36,1607.36,-0.0,33.07,51593.32,-1
2024-04-22,2024-04-22 12:34:00,1607.36,1607.36,1607.31,1607.31,-0.0,33.07,51593.32,-1
2024-04-22,2024-04-22 12:35:00,1607.31,1607.31,1607.26,1607.26,-0.0,33.07,51593.32,-1
2024-04-22,2024-04-22 12:36:00,1607.26,1607.26,1607.21,1607.21,-0.0,33.07,51593.32,-1
2024-04-22,2024-04-22 12:37:00,1607.21,1607.21,1607.16,1607.16,-0.0,33.07,51593.32,-1
2024-04-22,2024-04-22 12:38:00,1607.16,1607.16,1607.11,1607.11,-0.0,33.07,51593.32,-1
2024-04-22,2024-04-22 12:39:00,1607.11,1607.11,1607.06,1607.06,-0.0,33.07,51593.32,-1
2024-04-22,2024-04-22 12:40:00,1607.06,1607.06,1607.01,1607.01,-0.0,33.07,51593.32,-1
2024-04-22,2024-04-22 12:41:00,1607.01,1607.01,1606.96,1606.96,-0.0,33.07,51593.32,-1
2024-04-22,2024-04-22 12:42:00,1606.96,1606.96,1606.91,1606.91,-0.0,33.07,51593.32,-1
2024-04-22,2024-04-22 12:43:00,1606.91,1606.91,1606.86,1606.86,-0.0,33.07,51593.32,-1
2024-04-22,2024-04-22 12:44:00,1606.86,1606.86,1606.81,1606.81,-0.0,33.07,51593.32,-1
2024-04-22,2024-04-22 12:45:00,1606.81,1606.81,1606.76,1606.76,-0.0,33.07,51593.32,-1
2024-04-22,2024-04-22 12:46:00,1606.76,1606.76,1606.71,1606.71,-0.0,33.07,51593.32,-1
2024-04-22,2024-04-22 12:47:00,1606.71,1606.71,1606.65,1606.65,-0.0,33.07,51593.32,-1
2024-04-22,2024-04-22 12:48:00,1606.65,1606.65,1606.6,1606.6,-0.0,33.07,51593.32,-1
2024-04-22,2024-04-22 12:49:00,1606.6,1606.6,1606.55,1606.55,-0.0,33.07,51593.32,-1
2024-04-22,2024-04-22 12:50:00,1606.55,1606.55,1606.5,1606.5,-0.0,33.07,51593.32,-1
2024-04-22,2024-04-22 12:51:00,1606.5,1606.5,1606.45,1606.45,-0.0,33.07,51593.32,-1
2024-04-22,2024-04-22 12:52:00,1606.45,1606.45,1606.4,1606.4,-0.0,33.07,51593.32,-1
2024-04-22,2024-04-22 12:53:00,1606.4,1606.4,1606.35,1606.35,-0.0,33.07,51593.32,-1
2024-04-22,2024-04-22 12:54:00,1606.35,1606.35,1606.3,1606.3,-0.0,33.07,51593.32,-1
2024-04-22,2024-04-22 12:55:00,1606.3,1606.3,1606.25,1606.25,-0.0,33.07,51593.32,-1
2024-04-22,2024-04-22 12:56:00,1606.25,1606.25,1606.2,1606.2,-0.0,33.07,51593.32,-1
2024-04-22,2024-04-22 12:57:00,1606.2,1606.2,1606.15,1606.15,-0.0,33.07,51593.32,-1
2024-04-22,2024-04-22 12:58:00,1606.15,1606.15,1606.1,1606.1,-0.0,33.07,51593.32,-1
2024-04-22,2024-04-22 12:59:00,1606.1,1606.1,1606.05,1606.05,-0.0,33.07,51593.32,-1
2024-04-22,2024-04-22 13:00:00,1606.05,1612.1,1516.1,1606.0,-0.0,33.07,51593.32,-1
2024-04-22,2024-04-22 13:01:00,1606.0,1606.0,1605.95,1605.95,-0.0,33.07,51593.32,-1
2024-04-22,2024-04-22 13:02:00,1605.95,1605.95,1605.9,1605.9,-0.0,33.07,51593.32,-1
2024-04-22,2024-04-22 13:03:00,1605.9,1605.9,1605.85,1605.85,-0.0,33.07,51593.32,-1
2024-04-22,2024-04-22 13:04:00,1605.85,1605.85,1605.8,1605.8,-0.0,33.07,51593.32,-1
2024-04-22,2024-04-22 13:05:00,1605.8,1605.8,1605.75,1605.75,-0.0,33.07,51593.32,-1
2024-04-22,2024-04-22 13:06:00,1605.75,1605.75,1605.7,1605.7,-0.0,33.07,51593.32,-1
2024-04-22,2024-04-22 13:07:00,1605.7,1605.7,1605.65,1605.65,-0.0,33.07,51593.32,-1
2024-04-22,2024-04-22 13:08:00,1605.65,1605.65,1605.6,1605.6,-0.0,33.07,51593.32,-1
2024-04-22,2024-04-22 13:09:00,1605.6,1605.6,1605.55,1605.55,-0.0,33.07,51593.32,-1
2024-04-22,2024-04-22 13:10:00,1605.55,1605.55,1605.5,1605.5,-0.0,33.07,51593.32,-1
2024-04-22,2024-04-22 13:11:00,1605.5,1605.5,1605.44,1605.44,-0.0,33.07,51593.32,-1
2024-04-22,2024-04-22 13:12:00,1605.44,1605.44,1605.39,1605.39,-0.0,33.07,51593.32,-1
2024-04-22,2024-04-22 13:13:00,1605.39,1605.39,1605.34,1605.34,-0.0,33.07,51593.32,-1
2024-04-22,2024-04-22 13:14:00,1605.34,1605.34,1605.29,1605.29,-0.0,33.07,51593.32,-1
2024-04-22,2024-04-22 13:15:00,1605.29,1605.29,1605.24,1605.24,-0.0,33.07,51593.32,-1
2024-04-22,2024-04-22 13:16:00,1605.24,1605.24,1605.19,1605.19,-0.0,33.07,51593.32,-1
2024-04-22,2024-04-22 13:17:00,1605.19,1605.19,1605.14,1605.14,-0.0,33.07,51593.32,-1
2024-04-22,2024-04-22 13:18:00,1605.14,1605.14,1605.09,1605.09,-0.0,33.07,51593.32,-1
2024-04-22,2024-04-22 13:19:00,1605.09,1605.09,1605.04,1605.04,-0.0,33.07,51593.32,-1
2024-04-22,2024-04-22 13:20:00,1605.04,1605.04,1604.99,1604.99,-0.0,33.07,51593.32,-1
2024-04-22,2024-04-22 13:21:00,1604.99,1604.99,1604.94,1604.94,-0.0,33.07,51593.32,-1
2024-04-22,2024-04-22 13:22:00,1604.94,1604.94,1604.89,1604.89,-0.0,33.07,51593.32,-1
2024-04-22,2024-04-22 13:23:00,1604.89,1604.89,1604.84,1604.84,-0.0,33.07,51593.32,-1
2024-04-22,2024-04-22 13:24:00,1604.84,1604.84,1604.79,1604.79,-0.0,33.07,51593.32,-1
2024-04-22,2024-04-22 13:25:00,1604.79,1604.79,1604.74,1604.74,-0.0,33.07,51593.32,-1
2024-04-22,2024-04-22 13:26:00,1604.74,1604.74,1604.69,1604.69,-0.0,33.07,51593.32,-1
2024-04-22,2024-04-22 13:27:00,1604.69,1604.69,1604.64,1604.64,-0.0,33.07,51593.32,-1
2024-04-22,2024-04-22 13:28:00,1604.64,1604.64,1604.59,1604.59,-0.0,33.07,51593.32,-1
2024-04-22,2024-04-22 13:29:00,1604.59,1604.59,1604.54,1604.54,-0.0,33.07,51593.32,-1
2024-04-22,2024-04-22 13:30:00,1604.54,1604.54,1604.49,1604.49,-0.0,33.07,51593.32,-1
2024-04-22,2024-04-22 13:31:00,1604.49,1604.49,1604.44,1604.44,-0.0,33.07,51593.32,-1
2024-04-22,2024-04-22 13:32:00,1604.44,1604.44,1604.39,1604.39,-0.0,33.07,51593.32,-1
2024-04-22,2024-04-22 13:33:00,1604.39,1604.39,1604.34,1604.34,-0.0,33.07,51593.32,-1
2024-04-22,2024-04-22 13:34:00,1604.34,1604.34,1604.29,1604.29,-0.0,33.07,51593.32,-1
2024-04-22,2024-04-22 13:35:00,1604.29,1604.29,1604.23,1604.23,-0.0,33.07,51593.32,-1
2024-04-22,2024-04-22 13:36:00,1604.23,1604.23,1604.18,1604.18,-0.0,33.07,51593.32,-1
2024-04-22,2024-04-22 13:37:00,1604.18,1604.18,1604.13,1604.13,-0.0,33.07,51593.32,-1
2024-04-22,2024-04-22 13:38:00,1604.13,1604.13,1604.08,1604.08,-0.0,33.07,51593.32,-1
2024-04-22,2024-04-22 13:39:00,1604.08,1604.08,1604.03,1604.03,-0.0,33.07,51593.32,-1
2024-04-22,2024-04-22 13:40:00,1604.03,1604.03,1603.98,1603.98,-0.0,33.07,51593.32,-1
2024-04-22,2024-04-22 13:41:00,1603.98,1603.98,1603.93,1603.93,-0.0,33.07,51593.32,-1
2024-04-22,2024-04-22 13:42:00,1603.93,1603.93,1603.88,1603.88,-0.0,33.07,51593.32,-1
2024-04-22,2024-04-22 13:43:00,1603.88,1603.88,1603.83,1603.83,-0.0,33.07,51593.32,-1
2024-04-22,2024-04-22 13:44:00,1603.83,1603.83,1603.78,1603.78,-0.0,33.07,51593.32,-1
2024-04-22,2024-04-22 13:45:00,1603.78,1603.78,1603.73,1603.73,-0.0,33.07,51593.32,-1
2024-04-22,2024-04-22 13:46:00,1603.73,1603.73,1603.68,1603.68,-0.0,33.07,51593.32,-1
2024-04-22,2024-04-22 13:47:00,1603.68,1603.68,1603.63,1603.63,-0.0,33.07,51593.32,-1
2024-04-22,2024-04-22 13:48:00,1603.63,1603.63,1603.58,1603.58,-0.0,33.07,51593.32,-1
2024-04-22,2024-04-22 13:49:00,1603.58,1603.58,1603.53,1603.53,-0.0,33.07,51593.32,-1
2024-04-22,2024-04-22 13:50:00,1603.53,1603.53,1603.48,1603.48,-0.0,33.07,51593.32,-1
2024-04-22,2024-04-22 13:51:00,1603.48,1603.48,1603.43,1603.43,-0.0,33.07,51593.32,-1
2024-04-22,2024-04-22 13:52:00,1603.43,1603.43,1603.38,1603.38,-0.0,33.07,51593.32,-1
2024-04-22,2024-04-22 13:53:00,1603.38,1603.38,1603.33,1603.33,-0.0,33.07,51593.32,-1
2024-04-22,2024-04-22 13:54:00,1603.33,1603.33,1603.28,1603.28,-0.0,33.07,51593.32,-1
2024-04-22,2024-04-22 13:55:00,1603.28,1603.28,1603.23,1603.23,-0.0,33.07,51593.32,-1
2024-04-22,2024-04-22 13:56:00,1603.23,1603.23,1603.18,1603.18,-0.0,33.07,51593.32,-1
2024-04-22,2024-04-22 13:57:00,1603.18,1603.18,1603.13,1603.13,-0.0,33.07,51593.32,-1
2024-04-22,2024-04-22 13:58:00,1603.13,1603.13,1603.08,1603.08,-0.0,33.07,51593.32,-1
2024-04-22,2024-04-22 13:59:00,1603.08,1603.08,1603.03,1603.03,-0.0,33.07,51593.32,-1
2024-04-22,2024-04-22 14:00:00,1603.03,1603.03,1602.97,1602.97,-0.0,33.07,51593.32,-1
2024-04-22,2024-04-22 14:01:00,1602.97,1602.97,1602.92,1602.92,-0.0,33.07,51593.32,-1
2024-04-22,2024-04-22 14:02:00,1602.92,1602.92,1602.87,1602.87,-0.0,33.07,51593.32,-1
2024-04-22,2024-04-22 14:03:00,1602.87,1602.87,1602.82,1602.82,-0.0,33.07,51593.32,-1
2024-04-22,2024-04-22 14:04:00,1602.82,1602.82,1602.77,1602.77,-0.0,33.07,51593.32,-1
2024-04-22,2024-04-22 14:05:00,1602.77,1602.77,1602.72,1602.72,-0.0,33.07,51593.32,-1
2024-04-22,2024-04-22 14:06:00,1602.72,1602.72,1602.67,1602.67,-0.0,33.07,51593.32,-1
2024-04-22,2024-04-22 14:07:00,1602.67,1602.67,1602.62,1602.62,-0.0,33.07,51593.32,-1
2024-04-22,2024-04-22 14:08:00,1602.62,1602.62,1602.57,1602.57,-0.0,33.07,51593.32,-1
2024-04-22,2024-04-22 14:09:00,1602.57,1602.57,1602.52,1602.52,-0.0,33.07,51593.32,-1
2024-04-22,2024-04-22 14:10:00,1602.52,1602.52,1602.47,1602.47,-0.0,33.07,51593.32,-1
2024-04-22,2024-04-22 14:11:00,1602.47,1602.47,1602.42,1602.42,-0.0,33.07,51593.32,-1
2024-04-22,2024-04-22 14:12:00,1602.42,1602.42,1602.37,1602.37,-0.0,33.07,51593.32,-1
2024-04-22,2024-04-22 14:13:00,1602.37,1602.37,1602.32,1602.32,-0.0,33.07,51593.32,-1
2024-04-22,2024-04-22 14:14:00,1602.32,1602.32,1602.27,1602.27,-0.0,33.07,51593.32,-1
2024-04-22,2024-04-22 14:15:00,1602.27,1602.27,1602.22,1602.22,-0.0,33.07,51593.32,-1
2024-04-22,2024-04-22 14:16:00,1602.22,1602.22,1602.17,1602.17,-0.0,33.07,51593.32,-1
2024-04-22,2024-04-22 14:17:00,1602.17,1602.17,1602.12,1602.12,-0.0,33.07,51593.32,-1
2024-04-22,2024-04-22 14:18:00,1602.12,1602.12,1602.07,1602.07,-0.0,33.07,51593.32,-1
2024-04-22,2024-04-22 14:19:00,1602.07,1602.07,1602.02,1602.02,-0.0,33.07,51593.32,-1
2024-04-22,2024-04-22 14:20:00,1602.02,1602.02,1601.97,1601.97,-0.0,33.07,51593.32,-1
2024-04-22,2024-04-22 14:21:00,1601.97,1601.97,1601.92,1601.92,-0.0,33.07,51593.32,-1
2024-04-22,2024-04-22 14:22:00,1601.92,1601.92,1601.87,1601.87,-0.0,33.07,51593.32,-1
2024-04-22,2024-04-22 14:23:00,1601.87,1601.87,1601.82,1601.82,-0.0,33.07,51593.32,-1
2024-04-22,2024-04-22 14:24:00,1601.82,1601.82,1601.76,1601.76,-0.0,33.07,51593.32,-1
2024-04-22,2024-04-22 14:25:00,1601.76,1601.76,1601.71,1601.71,-0.0,33.07,51593.32,-1
2024-04-22,2024-04-22 14:26:00,1601.71,1601.71,1601.66,1601.66,-0.0,33.07,51593.32,-1
2024-04-22,2024-04-22 14:27:00,1601.66,1601.66,1601.61,1601.61,-0.0,33.07,51593.32,-1
2024-04-22,2024-04-22 14:28:00,1601.61,1601.61,1601.56,1601.56,-0.0,33.07,51593.32,-1
2024-04-22,2024-04-22 14:29:00,1601.56,1601.56,1601.51,1601.51,-0.0,33.07,51593.32,-1
2024-04-22,2024-04-22 14:30:00,1601.51,1601.51,1601.46,1601.46,-0.0,33.07,51593.32,-1
2024-04-22,2024-04-22 14:31:00,1601.46,1601.46,1601.41,1601.41,-0.0,33.07,51593.32,-1
2024-04-22,2024-04-22 14:32:00,1601.41,1601.41,1601.36,1601.36,-0.0,33.07,51593.32,-1
2024-04-22,2024-04-22 14:33:00,1601.36,1601.36,1601.31,1601.31,-0.0,33.07,51593.32,-1
2024-04-22,2024-04-22 14:34:00,1601.31,1601.31,1601.26,1601.26,-0.0,33.07,51593.32,-1
2024-04-22,2024-04-22 14:35:00,1601.26,1601.26,1601.21,1601.21,-0.0,33.07,51593.32,-1
2024-04-22,2024-04-22 14:36:00,1601.21,1601.21,1601.16,1601.16,-0.0,33.07,51593.32,-1
2024-04-22,2024-04-22 14:37:00,1601.16,1601.16,1601.11,1601.11,-0.0,33.07,51593.32,-1
2024-04-22,2024-04-22 14:38:00,1601.11,1601.11,1601.06,1601.06,-0.0,33.07,51593.32,-1
2024-04-22,2024-04-22 14:39:00,1601.06,1601.06,1601.01,1601.01,-0.0,33.07,51593.32,-1
2024-04-22,2024-04-22 14:40:00,1601.01,1601.01,1600.96,1600.96,-0.0,33.07,51593.32,-1
2024-04-22,2024-04-22 14:41:00,1600.96,1600.96,1600.91,1600.91,-0.0,33.07,51593.32,-1
2024-04-22,2024-04-22 14:42:00,1600.91,1600.91,1600.86,1600.86,-0.0,33.07,51593.32,-1
2024-04-22,2024-04-22 14:43:00,1600.86,1600.86,1600.81,1600.81,-0.0,33.07,51593.32,-1
2024-04-22,2024-04-22 14:44:00,1600.81,1600.81,1600.76,1600.76,-0.0,33.07,51593.32,-1
2024-04-22,2024-04-22 14:45:00,1600.76,1600.76,1600.71,1600.71,-0.0,33.07,51593.32,-1
2024-04-22,2024-04-22 14:46:00,1600.71,1600.71,1600.66,1600.66,-0.0,33.07,51593.32,-1
2024-04-22,2024-04-22 14:47:00,1600.66,1600.66,1600.61,1600.61,-0.0,33.07,51593.32,-1
2024-04-22,2024-04-22 14:48:00,1600.61,1600.61,1600.55,1600.55,-0.0,33.07,51593.32,-1
2024-04-22,2024-04-22 14:49:00,1600.55,1600.55,1600.5,1600.5,-0.0,33.07,51593.32,-1
2024-04-22,2024-04-22 14:50:00,1600.5,1600.5,1600.45,1600.45,-0.0,33.07,51593.32,-1
2024-04-22,2024-04-22 14:51:00,1600.45,1600.45,1600.4,1600.4,-0.0,33.07,51593.32,-1
2024-04-22,2024-04-22 14:52:00,1600.4,1600.4,1600.35,1600.35,-0.0,33.07,51593.32,-1
2024-04-22,2024-04-22 14:53:00,1600.35,1600.35,1600.3,1600.3,-0.0,33.07,51593.32,-1
2024-04-22,2024-04-22 14:54:00,1600.3,1600.3,1600.25,1600.25,-0.0,33.07,51593.32,-1
2024-04-22,2024-04-22 14:55:00,1600.25,1600.25,1600.2,1600.2,-0.0,33.07,51593.32,-1
2024-04-22,2024-04-22 14:56:00,1600.2,1600.2,1600.15,1600.15,-0.0,33.07,51593.32,-1
2024-04-22,2024-04-22 14:57:00,1600.15,1600.15,1600.1,1600.1,-0.0,33.07,51593.32,-1
2024-04-22,2024-04-22 14:58:00,1600.1,1600.1,1600.05,1600.05,-0.0,33.07,51593.32,-1
2024-04-22,2024-04-22 14:59:00,1600.05,1600.05,1600.0,1600.0,-0.0,33.07,51593.32,-1
2024-04-22,2024-04-22 15:00:00,1600.0,1612.1,1516.1,1600.0,0.0,33.07,51593.32,0
2024-04-24,2024-04-24 11:00:00,1568.0,1586.6,1558.34,1568.08,0.01,23.7,37443.11,1
2024-04-24,2024-04-24 11:01:00,1568.08,1568.16,1568.08,1568.16,0.01,23.7,37443.11,1
2024-04-24,2024-04-24 11:02:00,1568.16,1568.24,1568.16,1568.24,0.01,23.7,37443.11,1
2024-04-24,2024-04-24 11:03:00,1568.24,1568.32,1568.24,1568.32,0.01,23.7,37443.11,1
2024-04-24,2024-04-24 11:04:00,1568.32,1568.4,1568.32,1568.4,0.01,23.7,37443.11,1
2024-04-24,2024-04-24 11:05:00,1568.4,1568.48,1568.4,1568.48,0.01,23.7,37443.11,1
2024-04-24,2024-04-24 11:06:00,1568.48,1568.56,1568.48,1568.56,0.01,23.7,37443.11,1
2024-04-24,2024-04-24 11:07:00,1568.56,1568.64,1568.56,1568.64,0.01,23.7,37443.11,1
2024-04-24,2024-04-24 11:08:00,1568.64,1568.72,1568.64,1568.72,0.01,23.7,37443.11,1
2024-04-24,2024-04-24 11:09:00,1568.72,1568.8,1568.72,1568.8,0.01,23.7,37443.11,1
2024-04-24,2024-04-24 11:10:00,1568.8,1568.88,1568.8,1568.88,0.01,23.7,37443.11,1
2024-04-24,2024-04-24 11:11:00,1568.88,1568.95,1568.88,1568.95,0.0,23.7,37443.11,1
2024-04-24,2024-04-24 11:12:00,1568.95,1569.03,1568.95,1569.03,0.01,23.7,37443.11,1
2024-04-24,2024-04-24 11:13:00,1569.03,1569.11,1569.03,1569.11,0.01,23.7,37443.11,1
2024-04-24,2024-04-24 11:14:00,1569.11,1569.19,1569.11,1569.19,0.01,23.7,37443.11,1
2024-04-24,2024-04-24 11:15:00,1569.19,1569.27,1569.19,1569.27,0.01,23.7,37443.11,1
2024-04-24,2024-04-24 11:16:00,1569.27,1569.35,1569.27,1569.35,0.01,23.7,37443.11,1
2024-04-24,2024-04-24 11:17:00,1569.35,1569.43,1569.35,1569.43,0.01,23.7,37443.11,1
2024-04-24,2024-04-24 11:18:00,1569.43,1569.51,1569.43,1569.51,0.01,23.7,37443.11,1
2024-04-24,2024-04-24 11:19:00,1569.51,1569.59,1569.51,1569.59,0.01,23.7,37443.11,1
2024-04-24,2024-04-24 11:20:00,1569.59,1569.67,1569.59,1569.67,0.01,23.7,37443.11,1
2024-04-24,2024-04-24 11:21:00,1569.67,1569.75,1569.67,1569.75,0.01,23.7,37443.11,1
2024-04-24,2024-04-24 11:22:00,1569.75,1569.83,1569.75,1569.83,0.01,23.7,37443.11,1
2024-04-24,2024-04-24 11:23:00,1569.83,1569.91,1569.83,1569.91,0.01,23.7,37443.11,1
2024-04-24,2024-04-24 11:24:00,1569.91,1569.99,1569.91,1569.99,0.01,23.7,37443.11,1
2024-04-24,2024-04-24 11:25:00,1569.99,1570.07,1569.99,1570.07,0.01,23.7,37443.11,1
2024-04-24,2024-04-24 11:26:00,1570.07,1570.15,1570.07,1570.15,0.01,23.7,37443.11,1
2024-04-24,2024-04-24 11:27:00,1570.15,1570.23,1570.15,1570.23,0.01,23.7,37443.11,1
2024-04-24,2024-04-24 11:28:00,1570.23,1570.31,1570.23,1570.31,0.01,23.7,37443.11,1
2024-04-24,2024-04-24 11:29:00,1570.31,1570.39,1570.31,1570.39,0.01,23.7,37443.11,1
2024-04-24,2024-04-24 11:30:00,1570.39,1570.47,1570.39,1570.47,0.01,23.7,37443.11,1
2024-04-24,2024-04-24 11:31:00,1570.47,1570.55,1570.47,1570.55,0.01,23.7,37443.11,1
2024-04-24,2024-04-24 11:32:00,1570.55,1570.63,1570.55,1570.63,0.01,23.7,37443.11,1
2024-04-24,2024-04-24 11:33:00,1570.63,1570.71,1570.63,1570.71,0.01,23.7,37443.11,1
2024-04-24,2024-04-24 11:34:00,1570.71,1570.79,1570.71,1570.79,0.01,23.7,37443.11,1
2024-04-24,2024-04-24 11:35:00,1570.79,1570.87,1570.79,1570.87,0.01,23.7,37443.11,1
2024-04-24,2024-04-24 11:36:00,1570.87,1570.94,1570.87,1570.94,0.0,23.7,37443.11,1
2024-04-24,2024-04-24 11:37:00,1570.94,1571.02,1570.94,1571.02,0.01,23.7,37443.11,1
2024-04-24,2024-04-24 11:38:00,1571.02,1571.1,1571.02,1571.1,0.01,23.7,37443.11,1
2024-04-24,2024-04-24 11:39:00,1571.1,1571.18,1571.1,1571.18,0.01,23.7,37443.11,1
2024-04-24,2024-04-24 11:40:00,1571.18,1571.26,1571.18,1571.26,0.01,23.7,37443.11,1
2024-04-24,2024-04-24 11:41:00,1571.26,1571.34,1571.26,1571.34,0.01,23.7,37443.11,1
2024-04-24,2024-04-24 11:42:00,1571.34,1571.42,1571.34,1571.42,0.01,23.7,37443.11,1
2024-04-24,2024-04-24 11:43:00,1571.42,1571.5,1571.42,1571.5,0.01,23.7,37443.11,1
2024-04-24,2024-04-24 11:44:00,1571.5,1571.58,1571.5,1571.58,0.01,23.7,37443.11,1
2024-04-24,2024-04-24 11:45:00,1571.58,1571.66,1571.58,1571.66,0.01,23.7,37443.11,1
2024-04-24,2024-04-24 11:46:00,1571.66,1571.74,1571.66,1571.74,0.01,23.7,37443.11,1
2024-04-24,2024-04-24 11:47:00,1571.74,1571.82,1571.74,1571.82,0.01,23.7,37443.11,1
2024-04-24,2024-04-24 11:48:00,1571.82,1571.9,1571.82,1571.9,0.01,23.7,37443.11,1
2024-04-24,2024-04-24 11:49:00,1571.9,1571.98,1571.9,1571.98,0.01,23.7,37443.11,1
2024-04-24,2024-04-24 11:50:00,1571.98,1572.06,1571.98,1572.06,0.01,23.7,37443.11,1
2024-04-24,2024-04-24 11:51:00,1572.06,1572.14,1572.06,1572.14,0.01,23.7,37443.11,1
2024-04-24,2024-04-24 11:52:00,1572.14,1572.22,1572.14,1572.22,0.01,23.7,37443.11,1
2024-04-24,2024-04-24 11:53:00,1572.22,1572.3,1572.22,1572.3,0.01,23.7,37443.11,1
2024-04-24,2024-04-24 11:54:00,1572.3,1572.38,1572.3,1572.38,0.01,23.7,37443.11,1
2024-04-24,2024-04-24 11:55:00,1572.38,1572.46,1572.38,1572.46,0.01,23.7,37443.11,1
2024-04-24,2024-04-24 11:56:00,1572.46,1572.54,1572.46,1572.54,0.01,23.7,37443.11,1
2024-04-24,2024-04-24 11:57:00,1572.54,1572.62,1572.54,1572.62,0.01,23.7,37443.11,1
2024-04-24,2024-04-24 11:58:00,1572.62,1572.7,1572.62,1572.7,0.01,23.7,37443.11,1
2024-04-24,2024-04-24 11:59:00,1572.7,1572.78,1572.7,1572.78,0.01,23.7,37443.11,1
2024-04-24,2024-04-24 12:00:00,1572.78,1572.85,1572.78,1572.85,0.0,23.7,37443.11,1
2024-04-24,2024-04-24 12:01:00,1572.85,1572.93,1572.85,1572.93,0.01,23.7,37443.11,1
2024-04-24,2024-04-24 12:02:00,1572.93,1573.01,1572.93,1573.01,0.01,23.7,37443.11,1
2024-04-24,2024-04-24 12:03:00,1573.01,1573.09,1573.01,1573.09,0.01,23.7,37443.11,1
2024-04-24,2024-04-24 12:04:00,1573.09,1573.17,1573.09,1573.17,0.01,23.7,37443.11,1
2024-04-24,2024-04-24 12:05:00,1573.17,1573.25,1573.17,1573.25,0.01,23.7,37443.11,1
2024-04-24,2024-04-24 12:06:00,1573.25,1573.33,1573.25,1573.33,0.01,23.7,37443.11,1
2024-04-24,2024-04-24 12:07:00,1573.33,1573.41,1573.33,1573.41,0.01,23.7,37443.11,1
2024-04-24,2024-04-24 12:08:00,1573.41,1573.49,1573.41,1573.49,0.01,23.7,37443.11,1
2024-04-24,2024-04-24 12:09:00,1573.49,1573.57,1573.49,1573.57,0.01,23.7,37443.11,1
2024-04-24,2024-04-24 12:10:00,1573.57,1573.65,1573.57,1573.65,0.01,23.7,37443.11,1
2024-04-24,2024-04-24 12:11:00,1573.65,1573.73,1573.65,1573.73,0.01,23.7,37443.11,1
2024-04-24,2024-04-24 12:12:00,1573.73,1573.81,1573.73,1573.81,0.01,23.7,37443.11,1
2024-04-24,2024-04-24 12:13:00,1573.81,1573.89,1573.81,1573.89,0.01,23.7,37443.11,1
2024-04-24,2024-04-24 12:14:00,1573.89,1573.97,1573.89,1573.97,0.01,23.7,37443.11,1
2024-04-24,2024-04-24 12:15:00,1573.97,1574.05,1573.97,1574.05,0.01,23.7,37443.11,1
2024-04-24,2024-04-24 12:16:00,1574.05,1574.13,1574.05,1574.13,0.01,23.7,37443.11,1
2024-04-24,2024-04-24 12:17:00,1574.13,1574.21,1574.13,1574.21,0.01,23.7,37443.11,1
2024-04-24,2024-04-24 12:18:00,1574.21,1574.29,1574.21,1574.29,0.01,23.7,37443.11,1
2024-04-24,2024-04-24 12:19:00,1574.29,1574.37,1574.29,1574.37,0.01,23.7,37443.11,1
2024-04-24,2024-04-24 12:20:00,1574.37,1574.45,1574.37,1574.45,0.01,23.7,37443.11,1
2024-04-24,2024-04-24 12:21:00,1574.45,1574.53,1574.45,1574.53,0.01,23.7,37443.11,1
2024-04-24,2024-04-24 12:22:00,1574.53,1574.61,1574.53,1574.61,0.01,23.7,37443.11,1
2024-04-24,2024-04-24 12:23:00,1574.61,1574.68,1574.61,1574.68,0.0,23.7,37443.11,1
2024-04-24,2024-04-24 12:24:00,1574.68,1574.76,1574.68,1574.76,0.01,23.7,37443.11,1
2024-04-24,2024-04-24 12:25:00,1574.76,1574.84,1574.76,1574.84,0.01,23.7,37443.11,1
2024-04-24,2024-04-24 12:26:00,1574.84,1574.92,1574.84,1574.92,0.01,23.7,37443.11,1
2024-04-24,2024-04-24 12:27:00,1574.92,1575.0,1574.92,1575.0,0.01,23.7,37443.11,1
2024-04-24,2024-04-24 12:28:00,1575.0,1575.08,1575.0,1575.08,0.01,23.7,37443.11,1
2024-04-24,2024-04-24 12:29:00,1575.08,1575.16,1575.08,1575.16,0.01,23.7,37443.11,1
2024-04-24,2024-04-24 12:30:00,1575.16,1575.24,1575.16,1575.24,0.01,23.7,37443.11,1
2024-04-24,2024-04-24 12:31:00,1575.24,1575.32,1575.24,1575.32,0.01,23.7,37443.11,1
2024-04-24,2024-04-24 12:32:00,1575.32,1575.4,1575.32,1575.4,0.01,23.7,37443.11,1
2024-04-24,2024-04-24 12:33:00,1575.4,1575.48,1575.4,1575.48,0.01,23.7,37443.11,1
2024-04-24,2024-04-24 12:34:00,1575.48,1575.56,1575.48,1575.56,0.01,23.7,37443.11,1
2024-04-24,2024-04-24 12:35:00,1575.56,1575.64,1575.56,1575.64,0.01,23.7,37443.11,1
2024-04-24,2024-04-24 12:36:00,1575.64,1575.72,1575.64,1575.72,0.01,23.7,37443.11,1
2024-04-24,2024-04-24 12:37:00,1575.72,1575.8,1575.72,1575.8,0.01,23.7,37443.11,1
2024-04-24,2024-04-24 12:38:00,1575.8,1575.88,1575.8,1575.88,0.01,23.7,37443.11,1
2024-04-24,2024-04-24 12:39:00,1575.88,1575.96,1575.88,1575.96,0.01,23.7,37443.11,1
2024-04-24,2024-04-24 12:40:00,1575.96,1576.04,1575.96,1576.04,0.01,23.7,37443.11,1
2024-04-24,2024-04-24 12:41:00,1576.04,1576.12,1576.04,1576.12,0.01,23.7,37443.11,1
2024-04-24,2024-04-24 12:42:00,1576.12,1576.2,1576.12,1576.2,0.01,23.7,37443.11,1
2024-04-24,2024-04-24 12:43:00,1576.2,1576.28,1576.2,1576.28,0.01,23.7,37443.11,1
2024-04-24,2024-04-24 12:44:00,1576.28,1576.36,1576.28,1576.36,0.01,23.7,37443.11,1
2024-04-24,2024-04-24 12:45:00,1576.36,1576.44,1576.36,1576.44,0.01,23.7,37443.11,1
2024-04-24,2024-04-24 12:46:00,1576.44,1576.52,1576.44,1576.52,0.01,23.7,37443.11,1
2024-04-24,2024-04-24 12:47:00,1576.52,1576.6,1576.52,1576.6,0.01,23.7,37443.11,1
2024-04-24,2024-04-24 12:48:00,1576.6,1576.67,1576.6,1576.67,0.0,23.7,37443.11,1
2024-04-24,2024-04-24 12:49:00,1576.67,1576.75,1576.67,1576.75,0.01,23.7,37443.11,1
2024-04-24,2024-04-24 12:50:00,1576.75,1576.83,1576.75,1576.83,0.01,23.7,37443.11,1
2024-04-24,2024-04-24 12:51:00,1576.83,1576.91,1576.83,1576.91,0.01,23.7,37443.11,1
2024-04-24,2024-04-24 12:52:00,1576.91,1576.99,1576.91,1576.99,0.01,23.7,37443.11,1
2024-04-24,2024-04-24 12:53:00,1576.99,1577.07,1576.99,1577.07,0.01,23.7,37443.11,1
2024-04-24,2024-04-24 12:54:00,1577.07,1577.15,1577.07,1577.15,0.01,23.7,37443.11,1
2024-04-24,2024-04-24 12:55:00,1577.15,1577.23,1577.15,1577.23,0.01,23.7,37443.11,1
2024-04-24,2024-04-24 12:56:00,1577.23,1577.31,1577.23,1577.31,0.01,23.7,37443.11,1
2024-04-24,2024-04-24 12:57:00,1577.31,1577.39,1577.31,1577.39,0.01,23.7,37443.11,1
2024-04-24,2024-04-24 12:58:00,1577.39,1577.47,1577.39,1577.47,0.01,23.7,37443.11,1
2024-04-24,2024-04-24 12:59:00,1577.47,1577.55,1577.47,1577.55,0.01,23.7,37443.11,1
2024-04-24,2024-04-24 13:00:00,1577.55,1630.0,1535.8,1577.63,0.01,23.7,37443.11,1
2024-04-24,2024-04-24 13:01:00,1577.63,1577.71,1577.63,1577.71,0.01,23.7,37443.11,1
2024-04-24,2024-04-24 13:02:00,1577.71,1577.79,1577.71,1577.79,0.01,23.7,37443.11,1
2024-04-24,2024-04-24 13:03:00,1577.79,1577.87,1577.79,1577.87,0.01,23.7,37443.11,1
2024-04-24,2024-04-24 13:04:00,1577.87,1577.95,1577.87,1577.95,0.01,23.7,37443.11,1
2024-04-24,2024-04-24 13:05:00,1577.95,1578.03,1577.95,1578.03,0.01,23.7,37443.11,1
2024-04-24,2024-04-24 13:06:00,1578.03,1578.11,1578.03,1578.11,0.01,23.7,37443.11,1
2024-04-24,2024-04-24 13:07:00,1578.11,1578.19,1578.11,1578.19,0.01,23.7,37443.11,1
2024-04-24,2024-04-24 13:08:00,1578.19,1578.27,1578.19,1578.27,0.01,23.7,37443.11,1
2024-04-24,2024-04-24 13:09:00,1578.27,1578.35,1578.27,1578.35,0.01,23.7,37443.11,1
2024-04-24,2024-04-24 13:10:00,1578.35,1578.43,1578.35,1578.43,0.01,23.7,37443.11,1
2024-04-24,2024-04-24 13:11:00,1578.43,1578.5,1578.43,1578.5,0.0,23.7,37443.11,1
2024-04-24,2024-04-24 13:12:00,1578.5,1578.58,1578.5,1578.58,0.01,23.7,37443.11,1
2024-04-24,2024-04-24 13:13:00,1578.58,1578.66,1578.58,1578.66,0.01,23.7,37443.11,1
2024-04-24,2024-04-24 13:14:00,1578.66,1578.74,1578.66,1578.74,0.01,23.7,37443.11,1
2024-04-24,2024-04-24 13:15:00,1578.74,1578.82,1578.74,1578.82,0.01,23.7,37443.11,1
2024-04-24,2024-04-24 13:16:00,1578.82,1578.9,1578.82,1578.9,0.01,23.7,37443.11,1
2024-04-24,2024-04-24 13:17:00,1578.9,1578.98,1578.9,1578.98,0.01,23.7,37443.11,1
2024-04-24,2024-04-24 13:18:00,1578.98,1579.06,1578.98,1579.06,0.01,23.7,37443.11,1
2024-04-24,2024-04-24 13:19:00,1579.06,1579.14,1579.06,1579.14,0.01,23.7,37443.11,1
2024-04-24,2024-04-24 13:20:00,1579.14,1579.22,1579.14,1579.22,0.01,23.7,37443.11,1
2024-04-24,2024-04-24 13:21:00,1579.22,1579.3,1579.22,1579.3,0.01,23.7,37443.11,1
2024-04-24,2024-04-24 13:22:00,1579.3,1579.38,1579.3,1579.38,0.01,23.7,37443.11,1
2024-04-24,2024-04-24 13:23:00,1579.38,1579.46,1579.38,1579.46,0.01,23.7,37443.11,1
2024-04-24,2024-04-24 13:24:00,1579.46,1579.54,1579.46,1579.54,0.01,23.7,37443.11,1
2024-04-24,2024-04-24 13:25:00,1579.54,1579.62,1579.54,1579.62,0.01,23.7,37443.11,1
2024-04-24,2024-04-24 13:26:00,1579.62,1579.7,1579.62,1579.7,0.01,23.7,37443.11,1
2024-04-24,2024-04-24 13:27:00,1579.7,1579.78,1579.7,1579.78,0.01,23.7,37443.11,1
2024-04-24,2024-04-24 13:28:00,1579.78,1579.86,1579.78,1579.86,0.01,23.7,37443.11,1
2024-04-24,2024-04-24 13:29:00,1579.86,1579.94,1579.86,1579.94,0.01,23.7,37443.11,1
2024-04-24,2024-04-24 13:30:00,1579.94,1580.02,1579.94,1580.02,0.01,23.7,37443.11,1
2024-04-24,2024-04-24 13:31:00,1580.02,1580.1,1580.02,1580.1,0.01,23.7,37443.11,1
2024-04-24,2024-04-24 13:32:00,1580.1,1580.18,1580.1,1580.18,0.01,23.7,37443.11,1
2024-04-24,2024-04-24 13:33:00,1580.18,1580.26,1580.18,1580.26,0.01,23.7,37443.11,1
2024-04-24,2024-04-24 13:34:00,1580.26,1580.34,1580.26,1580.34,0.01,23.7,37443.11,1
2024-04-24,2024-04-24 13:35:00,1580.34,1580.41,1580.34,1580.41,0.0,23.7,37443.11,1
2024-04-24,2024-04-24 13:36:00,1580.41,1580.49,1580.41,1580.49,0.01,23.7,37443.11,1
2024-04-24,2024-04-24 13:37:00,1580.49,1580.57,1580.49,1580.57,0.01,23.7,37443.11,1
2024-04-24,2024-04-24 13:38:00,1580.57,1580.65,1580.57,1580.65,0.01,23.7,37443.11,1
2024-04-24,2024-04-24 13:39:00,1580.65,1580.73,1580.65,1580.73,0.01,23.7,37443.11,1
2024-04-24,2024-04-24 13:40:00,1580.73,1580.81,1580.73,1580.81,0.01,23.7,37443.11,1
2024-04-24,2024-04-24 13:41:00,1580.81,1580.89,1580.81,1580.89,0.01,23.7,37443.11,1
2024-04-24,2024-04-24 13:42:00,1580.89,1580.97,1580.89,1580.97,0.01,23.7,37443.11,1
2024-04-24,2024-04-24 13:43:00,1580.97,1581.05,1580.97,1581.05,0.01,23.7,37443.11,1
2024-04-24,2024-04-24 13:44:00,1581.05,1581.13,1581.05,1581.13,0.01,23.7,37443.11,1
2024-04-24,2024-04-24 13:45:00,1581.13,1581.21,1581.13,1581.21,0.01,23.7,37443.11,1
2024-04-24,2024-04-24 13:46:00,1581.21,1581.29,1581.21,1581.29,0.01,23.7,37443.11,1
2024-04-24,2024-04-24 13:47:00,1581.29,1581.37,1581.29,1581.37,0.01,23.7,37443.11,1
2024-04-24,2024-04-24 13:48:00,1581.37,1581.45,1581.37,1581.45,0.01,23.7,37443.11,1
2024-04-24,2024-04-24 13:49:00,1581.45,1581.53,1581.45,1581.53,0.01,23.7,37443.11,1
2024-04-24,2024-04-24 13:50:00,1581.53,1581.61,1581.53,1581.61,0.01,23.7,37443.11,1
2024-04-24,2024-04-24 13:51:00,1581.61,1581.69,1581.61,1581.69,0.01,23.7,37443.11,1
2024-04-24,2024-04-24 13:52:00,1581.69,1581.77,1581.69,1581.77,0.01,23.7,37443.11,1
2024-04-24,2024-04-24 13:53:00,1581.77,1581.85,1581.77,1581.85,0.01,23.7,37443.11,1
2024-04-24,2024-04-24 13:54:00,1581.85,1581.93,1581.85,1581.93,0.01,23.7,37443.11,1
2024-04-24,2024-04-24 13:55:00,1581.93,1582.01,1581.93,1582.01,0.01,23.7,37443.11,1
2024-04-24,2024-04-24 13:56:00,1582.01,1582.09,1582.01,1582.09,0.01,23.7,37443.11,1
2024-04-24,2024-04-24 13:57:00,1582.09,1582.17,1582.09,1582.17,0.01,23.7,37443.11,1
2024-04-24,2024-04-24 13:58:00,1582.17,1582.25,1582.17,1582.25,0.01,23.7,37443.11,1
2024-04-24,2024-04-24 13:59:00,1582.25,1582.32,1582.25,1582.32,0.0,23.7,37443.11,1
2024-04-24,2024-04-24 14:00:00,1582.32,1582.4,1582.32,1582.4,0.01,23.7,37443.11,1
2024-04-24,2024-04-24 14:01:00,1582.4,1582.48,1582.4,1582.48,0.01,23.7,37443.11,1
2024-04-24,2024-04-24 14:02:00,1582.48,1582.56,1582.48,1582.56,0.01,23.7,37443.11,1
2024-04-24,2024-04-24 14:03:00,1582.56,1582.64,1582.56,1582.64,0.01,23.7,37443.11,1
2024-04-24,2024-04-24 14:04:00,1582.64,1582.72,1582.64,1582.72,0.01,23.7,37443.11,1
2024-04-24,2024-04-24 14:05:00,1582.72,1582.8,1582.72,1582.8,0.01,23.7,37443.11,1
2024-04-24,2024-04-24 14:06:00,1582.8,1582.88,1582.8,1582.88,0.01,23.7,37443.11,1
2024-04-24,2024-04-24 14:07:00,1582.88,1582.96,1582.88,1582.96,0.01,23.7,37443.11,1
2024-04-24,2024-04-24 14:08:00,1582.96,1583.04,1582.96,1583.04,0.01,23.7,37443.11,1
2024-04-24,2024-04-24 14:09:00,1583.04,1583.12,1583.04,1583.12,0.01,23.7,37443.11,1
2024-04-24,2024-04-24 14:10:00,1583.12,1583.2,1583.12,1583.2,0.01,23.7,37443.11,1
2024-04-24,2024-04-24 14:11:00,1583.2,1583.28,1583.2,1583.28,0.01,23.7,37443.11,1
2024-04-24,2024-04-24 14:12:00,1583.28,1583.36,1583.28,1583.36,0.01,23.7,37443.11,1
2024-04-24,2024-04-24 14:13:00,1583.36,1583.44,1583.36,1583.44,0.01,23.7,37443.11,1
2024-04-24,2024-04-24 14:14:00,1583.44,1583.52,1583.44,1583.52,0.01,23.7,37443.11,1
2024-04-24,2024-04-24 14:15:00,1583.52,1583.6,1583.52,1583.6,0.01,23.7,37443.11,1
2024-04-24,2024-04-24 14:16:00,1583.6,1583.68,1583.6,1583.68,0.01,23.7,37443.11,1
2024-04-24,2024-04-24 14:17:00,1583.68,1583.76,1583.68,1583.76,0.01,23.7,37443.11,1
2024-04-24,2024-04-24 14:18:00,1583.76,1583.84,1583.76,1583.84,0.01,23.7,37443.11,1
2024-04-24,2024-04-24 14:19:00,1583.84,1583.92,1583.84,1583.92,0.01,23.7,37443.11,1
2024-04-24,2024-04-24 14:20:00,1583.92,1584.0,1583.92,1584.0,0.01,23.7,37443.11,1
2024-04-24,2024-04-24 14:21:00,1584.0,1584.08,1584.0,1584.08,0.01,23.7,37443.11,1
2024-04-24,2024-04-24 14:22:00,1584.08,1584.16,1584.08,1584.16,0.01,23.7,37443.11,1
2024-04-24,2024-04-24 14:23:00,1584.16,1584.23,1584.16,1584.23,0.0,23.7,37443.11,1
2024-04-24,2024-04-24 14:24:00,1584.23,1584.31,1584.23,1584.31,0.01,23.7,37443.11,1
2024-04-24,2024-04-24 14:25:00,1584.31,1584.39,1584.31,1584.39,0.01,23.7,37443.11,1
2024-04-24,2024-04-24 14:26:00,1584.39,1584.47,1584.39,1584.47,0.01,23.7,37443.11,1
2024-04-24,2024-04-24 14:27:00,1584.47,1584.55,1584.47,1584.55,0.01,23.7,37443.11,1
2024-04-24,2024-04-24 14:28:00,1584.55,1584.63,1584.55,1584.63,0.01,23.7,37443.11,1
2024-04-24,2024-04-24 14:29:00,1584.63,1584.71,1584.63,1584.71,0.01,23.7,37443.11,1
2024-04-24,2024-04-24 14:30:00,1584.71,1584.79,1584.71,1584.79,0.01,23.7,37443.11,1
2024-04-24,2024-04-24 14:31:00,1584.79,1584.87,1584.79,1584.87,0.01,23.7,37443.11,1
2024-04-24,2024-04-24 14:32:00,1584.87,1584.95,1584.87,1584.95,0.01,23.7,37443.11,1
2024-04-24,2024-04-24 14:33:00,1584.95,1585.03,1584.95,1585.03,0.01,23.7,37443.11,1
2024-04-24,2024-04-24 14:34:00,1585.03,1585.11,1585.03,1585.11,0.01,23.7,37443.11,1
2024-04-24,2024-04-24 14:35:00,1585.11,1585.19,1585.11,1585.19,0.01,23.7,37443.11,1
2024-04-24,2024-04-24 14:36:00,1585.19,1585.27,1585.19,1585.27,0.01,23.7,37443.11,1
2024-04-24,2024-04-24 14:37:00,1585.27,1585.35,1585.27,1585.35,0.01,23.7,37443.11,1
2024-04-24,2024-04-24 14:38:00,1585.35,1585.43,1585.35,1585.43,0.01,23.7,37443.11,1
2024-04-24,2024-04-24 14:39:00,1585.43,1585.51,1585.43,1585.51,0.01,23.7,37443.11,1
2024-04-24,2024-04-24 14:40:00,1585.51,1585.59,1585.51,1585.59,0.01,23.7,37443.11,1
2024-04-24,2024-04-24 14:41:00,1585.59,1585.67,1585.59,1585.67,0.01,23.7,37443.11,1
2024-04-24,2024-04-24 14:42:00,1585.67,1585.75,1585.67,1585.75,0.01,23.7,37443.11,1
2024-04-24,2024-04-24 14:43:00,1585.75,1585.83,1585.75,1585.83,0.01,23.7,37443.11,1
2024-04-24,2024-04-24 14:44:00,1585.83,1585.91,1585.83,1585.91,0.01,23.7,37443.11,1
2024-04-24,2024-04-24 14:45:00,1585.91,1585.99,1585.91,1585.99,0.01,23.7,37443.11,1
2024-04-24,2024-04-24 14:46:00,1585.99,1586.07,1585.99,1586.07,0.01,23.7,37443.11,1
2024-04-24,2024-04-24 14:47:00,1586.07,1586.14,1586.07,1586.14,0.0,23.7,37443.11,1
2024-04-24,2024-04-24 14:48:00,1586.14,1586.22,1586.14,1586.22,0.01,23.7,37443.11,1
2024-04-24,2024-04-24 14:49:00,1586.22,1586.3,1586.22,1586.3,0.01,23.7,37443.11,1
2024-04-24,2024-04-24 14:50:00,1586.3,1586.38,1586.3,1586.38,0.01,23.7,37443.11,1
2024-04-24,2024-04-24 14:51:00,1586.38,1586.46,1586.38,1586.46,0.01,23.7,37443.11,1
2024-04-24,2024-04-24 14:52:00,1586.46,1586.54,1586.46,1586.54,0.01,23.7,37443.11,1
2024-04-24,2024-04-24 14:53:00,1586.54,1586.62,1586.54,1586.62,0.01,23.7,37443.11,1
2024-04-24,2024-04-24 14:54:00,1586.62,1586.7,1586.62,1586.7,0.01,23.7,37443.11,1
2024-04-24,2024-04-24 14:55:00,1586.7,1586.78,1586.7,1586.78,0.01,23.7,37443.11,1
2024-04-24,2024-04-24 14:56:00,1586.78,1586.86,1586.78,1586.86,0.01,23.7,37443.11,1
2024-04-24,2024-04-24 14:57:00,1586.86,1586.94,1586.86,1586.94,0.01,23.7,37443.11,1
2024-04-24,2024-04-24 14:58:00,1586.94,1587.02,1586.94,1587.02,0.01,23.7,37443.11,1
2024-04-24,2024-04-24 14:59:00,1587.02,1587.1,1587.02,1587.1,0.01,23.7,37443.11,1
2024-04-24,2024-04-24 15:00:00,1587.1,1630.0,1535.8,1587.1,0.0,23.7,37443.11,0
2024-04-25,2024-04-25 11:00:00,1556.0,1558.4,1536.8,1555.95,-0.0,48.6,73747.22,-1
2024-04-25,2024-04-25 11:01:00,1555.95,1555.95,1555.91,1555.91,-0.0,48.6,73747.22,-1
2024-04-25,2024-04-25 11:02:00,1555.91,1555.91,1555.86,1555.86,-0.0,48.6,73747.22,-1
2024-04-25,2024-04-25 11:03:00,1555.86,1555.86,1555.82,1555.82,-0.0,48.6,73747.22,-1
2024-04-25,2024-04-25 11:04:00,1555.82,1555.82,1555.77,1555.77,-0.0,48.6,73747.22,-1
2024-04-25,2024-04-25 11:05:00,1555.77,1555.77,1555.72,1555.72,-0.0,48.6,73747.22,-1
2024-04-25,2024-04-25 11:06:00,1555.72,1555.72,1555.68,1555.68,-0.0,48.6,73747.22,-1
2024-04-25,2024-04-25 11:07:00,1555.68,1555.68,1555.63,1555.63,-0.0,48.6,73747.22,-1
2024-04-25,2024-04-25 11:08:00,1555.63,1555.63,1555.59,1555.59,-0.0,48.6,73747.22,-1
2024-04-25,2024-04-25 11:09:00,1555.59,1555.59,1555.54,1555.54,-0.0,48.6,73747.22,-1
2024-04-25,2024-04-25 11:10:00,1555.54,1555.54,1555.5,1555.5,-0.0,48.6,73747.22,-1
2024-04-25,2024-04-25 11:11:00,1555.5,1555.5,1555.45,1555.45,-0.0,48.6,73747.22,-1
2024-04-25,2024-04-25 11:12:00,1555.45,1555.45,1555.4,1555.4,-0.0,48.6,73747.22,-1
2024-04-25,2024-04-25 11:13:00,1555.4,1555.4,1555.36,1555.36,-0.0,48.6,73747.22,-1
2024-04-25,2024-04-25 11:14:00,1555.36,1555.36,1555.31,1555.31,-0.0,48.6,73747.22,-1
2024-04-25,2024-04-25 11:15:00,1555.31,1555.31,1555.27,1555.27,-0.0,48.6,73747.22,-1
2024-04-25,2024-04-25 11:16:00,1555.27,1555.27,1555.22,1555.22,-0.0,48.6,73747.22,-1
2024-04-25,2024-04-25 11:17:00,1555.22,1555.22,1555.17,1555.17,-0.0,48.6,73747.22,-1
2024-04-25,2024-04-25 11:18:00,1555.17,1555.17,1555.13,1555.13,-0.0,48.6,73747.22,-1
2024-04-25,2024-04-25 11:19:00,1555.13,1555.13,1555.08,1555.08,-0.0,48.6,73747.22,-1
2024-04-25,2024-04-25 11:20:00,1555.08,1555.08,1555.04,1555.04,-0.0,48.6,73747.22,-1
2024-04-25,2024-04-25 11:21:00,1555.04,1555.04,1554.99,1554.99,-0.0,48.6,73747.22,-1
2024-04-25,2024-04-25 11:22:00,1554.99,1554.99,1554.95,1554.95,-0.0,48.6,73747.22,-1
2024-04-25,2024-04-25 11:23:00,1554.95,1554.95,1554.9,1554.9,-0.0,48.6,73747.22,-1
2024-04-25,2024-04-25 11:24:00,1554.9,1554.9,1554.85,1554.85,-0.0,48.6,73747.22,-1
2024-04-25,2024-04-25 11:25:00,1554.85,1554.85,1554.81,1554.81,-0.0,48.6,73747.22,-1
2024-04-25,2024-04-25 11:26:00,1554.81,1554.81,1554.76,1554.76,-0.0,48.6,73747.22,-1
2024-04-25,2024-04-25 11:27:00,1554.76,1554.76,1554.72,1554.72,-0.0,48.6,73747.22,-1
2024-04-25,2024-04-25 11:28:00,1554.72,1554.72,1554.67,1554.67,-0.0,48.6,73747.22,-1
2024-04-25,2024-04-25 11:29:00,1554.67,1554.67,1554.62,1554.62,-0.0,48.6,73747.22,-1
2024-04-25,2024-04-25 11:30:00,1554.62,1554.62,1554.58,1554.58,-0.0,48.6,73747.22,-1
2024-04-25,2024-04-25 11:31:00,1554.58,1554.58,1554.53,1554.53,-0.0,48.6,73747.22,-1
2024-04-25,2024-04-25 11:32:00,1554.53,1554.53,1554.49,1554.49,-0.0,48.6,73747.22,-1
2024-04-25,2024-04-25 11:33:00,1554.49,1554.49,1554.44,1554.44,-0.0,48.6,73747.22,-1
2024-04-25,2024-04-25 11:34:00,1554.44,1554.44,1554.4,1554.4,-0.0,48.6,73747.22,-1
2024-04-25,2024-04-25 11:35:00,1554.4,1554.4,1554.35,1554.35,-0.0,48.6,73747.22,-1
2024-04-25,2024-04-25 11:36:00,1554.35,1554.35,1554.3,1554.3,-0.0,48.6,73747.22,-1
2024-04-25,2024-04-25 11:37:00,1554.3,1554.3,1554.26,1554.26,-0.0,48.6,73747.22,-1
2024-04-25,2024-04-25 11:38:00,1554.26,1554.26,1554.21,1554.21,-0.0,48.6,73747.22,-1
2024-04-25,2024-04-25 11:39:00,1554.21,1554.21,1554.17,1554.17,-0.0,48.6,73747.22,-1
2024-04-25,2024-04-25 11:40:00,1554.17,1554.17,1554.12,1554.12,-0.0,48.6,73747.22,-1
2024-04-25,2024-04-25 11:41:00,1554.12,1554.12,1554.08,1554.08,-0.0,48.6,73747.22,-1
2024-04-25,2024-04-25 11:42:00,1554.08,1554.08,1554.03,1554.03,-0.0,48.6,73747.22,-1
2024-04-25,2024-04-25 11:43:00,1554.03,1554.03,1553.98,1553.98,-0.0,48.6,73747.22,-1
2024-04-25,2024-04-25 11:44:00,1553.98,1553.98,1553.94,1553.94,-0.0,48.6,73747.22,-1
2024-04-25,2024-04-25 11:45:00,1553.94,1553.94,1553.89,1553.89,-0.0,48.6,73747.22,-1
2024-04-25,2024-04-25 11:46:00,1553.89,1553.89,1553.85,1553.85,-0.0,48.6,73747.22,-1
2024-04-25,2024-04-25 11:47:00,1553.85,1553.85,1553.8,1553.8,-0.0,48.6,73747.22,-1
2024-04-25,2024-04-25 11:48:00,1553.8,1553.8,1553.75,1553.75,-0.0,48.6,73747.22,-1
2024-04-25,2024-04-25 11:49:00,1553.75,1553.75,1553.71,1553.71,-0.0,48.6,73747.22,-1
2024-04-25,2024-04-25 11:50:00,1553.71,1553.71,1553.66,1553.66,-0.0,48.6,73747.22,-1
2024-04-25,2024-04-25 11:51:00,1553.66,1553.66,1553.62,1553.62,-0.0,48.6,73747.22,-1
2024-04-25,2024-04-25 11:52:00,1553.62,1553.62,1553.57,1553.57,-0.0,48.6,73747.22,-1
2024-04-25,2024-04-25 11:53:00,1553.57,1553.57,1553.53,1553.53,-0.0,48.6,73747.22,-1
2024-04-25,2024-04-25 11:54:00,1553.53,1553.53,1553.48,1553.48,-0.0,48.6,73747.22,-1
2024-04-25,2024-04-25 11:55:00,1553.48,1553.48,1553.43,1553.43,-0.0,48.6,73747.22,-1
2024-04-25,2024-04-25 11:56:00,1553.43,1553.43,1553.39,1553.39,-0.0,48.6,73747.22,-1
2024-04-25,2024-04-25 11:57:00,1553.39,1553.39,1553.34,1553.34,-0.0,48.6,73747.22,-1
2024-04-25,2024-04-25 11:58:00,1553.34,1553.34,1553.3,1553.3,-0.0,48.6,73747.22,-1
2024-04-25,2024-04-25 11:59:00,1553.3,1553.3,1553.25,1553.25,-0.0,48.6,73747.22,-1
2024-04-25,2024-04-25 12:00:00,1553.25,1553.25,1553.2,1553.2,-0.0,48.6,73747.22,-1
2024-04-25,2024-04-25 12:01:00,1553.2,1553.2,1553.16,1553.16,-0.0,48.6,73747.22,-1
2024-04-25,2024-04-25 12:02:00,1553.16,1553.16,1553.11,1553.11,-0.0,48.6,73747.22,-1
2024-04-25,2024-04-25 12:03:00,1553.11,1553.11,1553.07,1553.07,-0.0,48.6,73747.22,-1
2024-04-25,2024-04-25 12:04:00,1553.07,1553.07,1553.02,1553.02,-0.0,48.6,73747.22,-1
2024-04-25,2024-04-25 12:05:00,1553.02,1553.02,1552.97,1552.97,-0.0,48.6,73747.22,-1
2024-04-25,2024-04-25 12:06:00,1552.97,1552.97,1552.93,1552.93,-0.0,48.6,73747.22,-1
2024-04-25,2024-04-25 12:07:00,1552.93,1552.93,1552.88,1552.88,-0.0,48.6,73747.22,-1
2024-04-25,2024-04-25 12:08:00,1552.88,1552.88,1552.84,1552.84,-0.0,48.6,73747.22,-1
2024-04-25,2024-04-25 12:09:00,1552.84,1552.84,1552.79,1552.79,-0.0,48.6,73747.22,-1
2024-04-25,2024-04-25 12:10:00,1552.79,1552.79,1552.75,1552.75,-0.0,48.6,73747.22,-1
2024-04-25,2024-04-25 12:11:00,1552.75,1552.75,1552.7,1552.7,-0.0,48.6,73747.22,-1
2024-04-25,2024-04-25 12:12:00,1552.7,1552.7,1552.65,1552.65,-0.0,48.6,73747.22,-1
2024-04-25,2024-04-25 12:13:00,1552.65,1552.65,1552.61,1552.61,-0.0,48.6,73747.22,-1
2024-04-25,2024-04-25 12:14:00,1552.61,1552.61,1552.56,1552.56,-0.0,48.6,73747.22,-1
2024-04-25,2024-04-25 12:15:00,1552.56,1552.56,1552.52,1552.52,-0.0,48.6,73747.22,-1
2024-04-25,2024-04-25 12:16:00,1552.52,1552.52,1552.47,1552.47,-0.0,48.6,73747.22,-1
2024-04-25,2024-04-25 12:17:00,1552.47,1552.47,1552.42,1552.42,-0.0,48.6,73747.22,-1
2024-04-25,2024-04-25 12:18:00,1552.42,1552.42,1552.38,1552.38,-0.0,48.6,73747.22,-1
2024-04-25,2024-04-25 12:19:00,1552.38,1552.38,1552.33,1552.33,-0.0,48.6,73747.22,-1
2024-04-25,2024-04-25 12:20:00,1552.33,1552.33,1552.29,1552.29,-0.0,48.6,73747.22,-1
2024-04-25,2024-04-25 12:21:00,1552.29,1552.29,1552.24,1552.24,-0.0,48.6,73747.22,-1
2024-04-25,2024-04-25 12:22:00,1552.24,1552.24,1552.2,1552.2,-0.0,48.6,73747.22,-1
2024-04-25,2024-04-25 12:23:00,1552.2,1552.2,1552.15,1552.15,-0.0,48.6,73747.22,-1
2024-04-25,2024-04-25 12:24:00,1552.15,1552.15,1552.1,1552.1,-0.0,48.6,73747.22,-1
2024-04-25,2024-04-25 12:25:00,1552.1,1552.1,1552.06,1552.06,-0.0,48.6,73747.22,-1
2024-04-25,2024-04-25 12:26:00,1552.06,1552.06,1552.01,1552.01,-0.0,48.6,73747.22,-1
2024-04-25,2024-04-25 12:27:00,1552.01,1552.01,1551.97,1551.97,-0.0,48.6,73747.22,-1
2024-04-25,2024-04-25 12:28:00,1551.97,1551.97,1551.92,1551.92,-0.0,48.6,73747.22,-1
2024-04-25,2024-04-25 12:29:00,1551.92,1551.92,1551.88,1551.88,-0.0,48.6,73747.22,-1
2024-04-25,2024-04-25 12:30:00,1551.88,1551.88,1551.83,1551.83,-0.0,48.6,73747.22,-1
2024-04-25,2024-04-25 12:31:00,1551.83,1551.83,1551.78,1551.78,-0.0,48.6,73747.22,-1
2024-04-25,2024-04-25 12:32:00,1551.78,1551.78,1551.74,1551.74,-0.0,48.6,73747.22,-1
2024-04-25,2024-04-25 12:33:00,1551.74,1551.74,1551.69,1551.69,-0.0,48.6,73747.22,-1
2024-04-25,2024-04-25 12:34:00,1551.69,1551.69,1551.65,1551.65,-0.0,48.6,73747.22,-1
2024-04-25,2024-04-25 12:35:00,1551.65,1551.65,1551.6,1551.6,-0.0,48.6,73747.22,-1
2024-04-25,2024-04-25 12:36:00,1551.6,1551.6,1551.55,1551.55,-0.0,48.6,73747.22,-1
2024-04-25,2024-04-25 12:37:00,1551.55,1551.55,1551.51,1551.51,-0.0,48.6,73747.22,-1
2024-04-25,2024-04-25 12:38:00,1551.51,1551.51,1551.46,1551.46,-0.0,48.6,73747.22,-1
2024-04-25,2024-04-25 12:39:00,1551.46,1551.46,1551.42,1551.42,-0.0,48.6,73747.22,-1
2024-04-25,2024-04-25 12:40:00,1551.42,1551.42,1551.37,1551.37,-0.0,48.6,73747.22,-1
2024-04-25,2024-04-25 12:41:00,1551.37,1551.37,1551.33,1551.33,-0.0,48.6,73747.22,-1
2024-04-25,2024-04-25 12:42:00,1551.33,1551.33,1551.28,1551.28,-0.0,48.6,73747.22,-1
2024-04-25,2024-04-25 12:43:00,1551.28,1551.28,1551.23,1551.23,-0.0,48.6,73747.22,-1
2024-04-25,2024-04-25 12:44:00,1551.23,1551.23,1551.19,1551.19,-0.0,48.6,73747.22,-1
2024-04-25,2024-04-25 12:45:00,1551.19,1551.19,1551.14,1551.14,-0.0,48.6,73747.22,-1
2024-04-25,2024-04-25 12:46:00,1551.14,1551.14,1551.1,1551.1,-0.0,48.6,73747.22,-1
2024-04-25,2024-04-25 12:47:00,1551.1,1551.1,1551.05,1551.05,-0.0,48.6,73747.22,-1
2024-04-25,2024-04-25 12:48:00,1551.05,1551.05,1551.0,1551.0,-0.0,48.6,73747.22,-1
2024-04-25,2024-04-25 12:49:00,1551.0,1551.0,1550.96,1550.96,-0.0,48.6,73747.22,-1
2024-04-25,2024-04-25 12:50:00,1550.96,1550.96,1550.91,1550.91,-0.0,48.6,73747.22,-1
2024-04-25,2024-04-25 12:51:00,1550.91,1550.91,1550.87,1550.87,-0.0,48.6,73747.22,-1
2024-04-25,2024-04-25 12:52:00,1550.87,1550.87,1550.82,1550.82,-0.0,48.6,73747.22,-1
2024-04-25,2024-04-25 12:53:00,1550.82,1550.82,1550.78,1550.78,-0.0,48.6,73747.22,-1
2024-04-25,2024-04-25 12:54:00,1550.78,1550.78,1550.73,1550.73,-0.0,48.6,73747.22,-1
2024-04-25,2024-04-25 12:55:00,1550.73,1550.73,1550.68,1550.68,-0.0,48.6,73747.22,-1
2024-04-25,2024-04-25 12:56:00,1550.68,1550.68,1550.64,1550.64,-0.0,48.6,73747.22,-1
2024-04-25,2024-04-25 12:57:00,1550.64,1550.64,1550.59,1550.59,-0.0,48.6,73747.22,-1
2024-04-25,2024-04-25 12:58:00,1550.59,1550.59,1550.55,1550.55,-0.0,48.6,73747.22,-1
2024-04-25,2024-04-25 12:59:00,1550.55,1550.55,1550.5,1550.5,-0.0,48.6,73747.22,-1
2024-04-25,2024-04-25 13:00:00,1550.5,1564.0,1492.0,1550.45,-0.0,48.6,73747.22,-1
2024-04-25,2024-04-25 13:01:00,1550.45,1550.45,1550.41,1550.41,-0.0,48.6,73747.22,-1
2024-04-25,2024-04-25 13:02:00,1550.41,1550.41,1550.36,1550.36,-0.0,48.6,73747.22,-1
2024-04-25,2024-04-25 13:03:00,1550.36,1550.36,1550.32,1550.32,-0.0,48.6,73747.22,-1
2024-04-25,2024-04-25 13:04:00,1550.32,1550.32,1550.27,1550.27,-0.0,48.6,73747.22,-1
2024-04-25,2024-04-25 13:05:00,1550.27,1550.27,1550.22,1550.22,-0.0,48.6,73747.22,-1
2024-04-25,2024-04-25 13:06:00,1550.22,1550.22,1550.18,1550.18,-0.0,48.6,73747.22,-1
2024-04-25,2024-04-25 13:07:00,1550.18,1550.18,1550.13,1550.13,-0.0,48.6,73747.22,-1
2024-04-25,2024-04-25 13:08:00,1550.13,1550.13,1550.09,1550.09,-0.0,48.6,73747.22,-1
2024-04-25,2024-04-25 13:09:00,1550.09,1550.09,1550.04,1550.04,-0.0,48.6,73747.22,-1
2024-04-25,2024-04-25 13:10:00,1550.04,1550.04,1550.0,1550.0,-0.0,48.6,73747.22,-1
2024-04-25,2024-04-25 13:11:00,1550.0,1550.0,1549.95,1549.95,-0.0,48.6,73747.22,-1
2024-04-25,2024-04-25 13:12:00,1549.95,1549.95,1549.9,1549.9,-0.0,48.6,73747.22,-1
2024-04-25,2024-04-25 13:13:00,1549.9,1549.9,1549.86,1549.86,-0.0,48.6,73747.22,-1
2024-04-25,2024-04-25 13:14:00,1549.86,1549.86,1549.81,1549.81,-0.0,48.6,73747.22,-1
2024-04-25,2024-04-25 13:15:00,1549.81,1549.81,1549.77,1549.77,-0.0,48.6,73747.22,-1
2024-04-25,2024-04-25 13:16:00,1549.77,1549.77,1549.72,1549.72,-0.0,48.6,73747.22,-1
2024-04-25,2024-04-25 13:17:00,1549.72,1549.72,1549.67,1549.67,-0.0,48.6,73747.22,-1
2024-04-25,2024-04-25 13:18:00,1549.67,1549.67,1549.63,1549.63,-0.0,48.6,73747.22,-1
2024-04-25,2024-04-25 13:19:00,1549.63,1549.63,1549.58,1549.58,-0.0,48.6,73747.22,-1
2024-04-25,2024-04-25 13:20:00,1549.58,1549.58,1549.54,1549.54,-0.0,48.6,73747.22,-1
2024-04-25,2024-04-25 13:21:00,1549.54,1549.54,1549.49,1549.49,-0.0,48.6,73747.22,-1
2024-04-25,2024-04-25 13:22:00,1549.49,1549.49,1549.45,1549.45,-0.0,48.6,73747.22,-1
2024-04-25,2024-04-25 13:23:00,1549.45,1549.45,1549.4,1549.4,-0.0,48.6,73747.22,-1
2024-04-25,2024-04-25 13:24:00,1549.4,1549.4,1549.35,1549.35,-0.0,48.6,73747.22,-1
2024-04-25,2024-04-25 13:25:00,1549.35,1549.35,1549.31,1549.31,-0.0,48.6,73747.22,-1
2024-04-25,2024-04-25 13:26:00,1549.31,1549.31,1549.26,1549.26,-0.0,48.6,73747.22,-1
2024-04-25,2024-04-25 13:27:00,1549.26,1549.26,1549.22,1549.22,-0.0,48.6,73747.22,-1
2024-04-25,2024-04-25 13:28:00,1549.22,1549.22,1549.17,1549.17,-0.0,48.6,73747.22,-1
2024-04-25,2024-04-25 13:29:00,1549.17,1549.17,1549.12,1549.12,-0.0,48.6,73747.22,-1
2024-04-25,2024-04-25 13:30:00,1549.12,1549.12,1549.08,1549.08,-0.0,48.6,73747.22,-1
2024-04-25,2024-04-25 13:31:00,1549.08,1549.08,1549.03,1549.03,-0.0,48.6,73747.22,-1
2024-04-25,2024-04-25 13:32:00,1549.03,1549.03,1548.99,1548.99,-0.0,48.6,73747.22,-1
2024-04-25,2024-04-25 13:33:00,1548.99,1548.99,1548.94,1548.94,-0.0,48.6,73747.22,-1
2024-04-25,2024-04-25 13:34:00,1548.94,1548.94,1548.9,1548.9,-0.0,48.6,73747.22,-1
2024-04-25,2024-04-25 13:35:00,1548.9,1548.9,1548.85,1548.85,-0.0,48.6,73747.22,-1
2024-04-25,2024-04-25 13:36:00,1548.85,1548.85,1548.8,1548.8,-0.0,48.6,73747.22,-1
2024-04-25,2024-04-25 13:37:00,1548.8,1548.8,1548.76,1548.76,-0.0,48.6,73747.22,-1
2024-04-25,2024-04-25 13:38:00,1548.76,1548.76,1548.71,1548.71,-0.0,48.6,73747.22,-1
2024-04-25,2024-04-25 13:39:00,1548.71,1548.71,1548.67,1548.67,-0.0,48.6,73747.22,-1
2024-04-25,2024-04-25 13:40:00,1548.67,1548.67,1548.62,1548.62,-0.0,48.6,73747.22,-1
2024-04-25,2024-04-25 13:41:00,1548.62,1548.62,1548.58,1548.58,-0.0,48.6,73747.22,-1
2024-04-25,2024-04-25 13:42:00,1548.58,1548.58,1548.53,1548.53,-0.0,48.6,73747.22,-1
2024-04-25,2024-04-25 13:43:00,1548.53,1548.53,1548.48,1548.48,-0.0,48.6,73747.22,-1
2024-04-25,2024-04-25 13:44:00,1548.48,1548.48,1548.44,1548.44,-0.0,48.6,73747.22,-1
2024-04-25,2024-04-25 13:45:00,1548.44,1548.44,1548.39,1548.39,-0.0,48.6,73747.22,-1
2024-04-25,2024-04-25 13:46:00,1548.39,1548.39,1548.35,1548.35,-0.0,48.6,73747.22,-1
2024-04-25,2024-04-25 13:47:00,1548.35,1548.35,1548.3,1548.3,-0.0,48.6,73747.22,-1
2024-04-25,2024-04-25 13:48:00,1548.3,1548.3,1548.25,1548.25,-0.0,48.6,73747.22,-1
2024-04-25,2024-04-25 13:49:00,1548.25,1548.25,1548.21,1548.21,-0.0,48.6,73747.22,-1
2024-04-25,2024-04-25 13:50:00,1548.21,1548.21,1548.16,1548.16,-0.0,48.6,73747.22,-1
2024-04-25,2024-04-25 13:51:00,1548.16,1548.16,1548.12,1548.12,-0.0,48.6,73747.22,-1
2024-04-25,2024-04-25 13:52:00,1548.12,1548.12,1548.07,1548.07,-0.0,48.6,73747.22,-1
2024-04-25,2024-04-25 13:53:00,1548.07,1548.07,1548.03,1548.03,-0.0,48.6,73747.22,-1
2024-04-25,2024-04-25 13:54:00,1548.03,1548.03,1547.98,1547.98,-0.0,48.6,73747.22,-1
2024-04-25,2024-04-25 13:55:00,1547.98,1547.98,1547.93,1547.93,-0.0,48.6,73747.22,-1
2024-04-25,2024-04-25 13:56:00,1547.93,1547.93,1547.89,1547.89,-0.0,48.6,73747.22,-1
2024-04-25,2024-04-25 13:57:00,1547.89,1547.89,1547.84,1547.84,-0.0,48.6,73747.22,-1
2024-04-25,2024-04-25 13:58:00,1547.84,1547.84,1547.8,1547.8,-0.0,48.6,73747.22,-1
2024-04-25,2024-04-25 13:59:00,1547.8,1547.8,1547.75,1547.75,-0.0,48.6,73747.22,-1
2024-04-25,2024-04-25 14:00:00,1547.75,1547.75,1547.7,1547.7,-0.0,48.6,73747.22,-1
2024-04-25,2024-04-25 14:01:00,1547.7,1547.7,1547.66,1547.66,-0.0,48.6,73747.22,-1
2024-04-25,2024-04-25 14:02:00,1547.66,1547.66,1547.61,1547.61,-0.0,48.6,73747.22,-1
2024-04-25,2024-04-25 14:03:00,1547.61,1547.61,1547.57,1547.57,-0.0,48.6,73747.22,-1
2024-04-25,2024-04-25 14:04:00,1547.57,1547.57,1547.52,1547.52,-0.0,48.6,73747.22,-1
2024-04-25,2024-04-25 14:05:00,1547.52,1547.52,1547.47,1547.47,-0.0,48.6,73747.22,-1
2024-04-25,2024-04-25 14:06:00,1547.47,1547.47,1547.43,1547.43,-0.0,48.6,73747.22,-1
2024-04-25,2024-04-25 14:07:00,1547.43,1547.43,1547.38,1547.38,-0.0,48.6,73747.22,-1
2024-04-25,2024-04-25 14:08:00,1547.38,1547.38,1547.34,1547.34,-0.0,48.6,73747.22,-1
2024-04-25,2024-04-25 14:09:00,1547.34,1547.34,1547.29,1547.29,-0.0,48.6,73747.22,-1
2024-04-25,2024-04-25 14:10:00,1547.29,1547.29,1547.25,1547.25,-0.0,48.6,73747.22,-1
2024-04-25,2024-04-25 14:11:00,1547.25,1547.25,1547.2,1547.2,-0.0,48.6,73747.22,-1
2024-04-25,2024-04-25 14:12:00,1547.2,1547.2,1547.15,1547.15,-0.0,48.6,73747.22,-1
2024-04-25,2024-04-25 14:13:00,1547.15,1547.15,1547.11,1547.11,-0.0,48.6,73747.22,-1
2024-04-25,2024-04-25 14:14:00,1547.11,1547.11,1547.06,1547.06,-0.0,48.6,73747.22,-1
2024-04-25,2024-04-25 14:15:00,1547.06,1547.06,1547.02,1547.02,-0.0,48.6,73747.22,-1
2024-04-25,2024-04-25 14:16:00,1547.02,1547.02,1546.97,1546.97,-0.0,48.6,73747.22,-1
2024-04-25,2024-04-25 14:17:00,1546.97,1546.97,1546.92,1546.92,-0.0,48.6,73747.22,-1
2024-04-25,2024-04-25 14:18:00,1546.92,1546.92,1546.88,1546.88,-0.0,48.6,73747.22,-1
2024-04-25,2024-04-25 14:19:00,1546.88,1546.88,1546.83,1546.83,-0.0,48.6,73747.22,-1
2024-04-25,2024-04-25 14:20:00,1546.83,1546.83,1546.79,1546.79,-0.0,48.6,73747.22,-1
2024-04-25,2024-04-25 14:21:00,1546.79,1546.79,1546.74,1546.74,-0.0,48.6,73747.22,-1
2024-04-25,2024-04-25 14:22:00,1546.74,1546.74,1546.7,1546.7,-0.0,48.6,73747.22,-1
2024-04-25,2024-04-25 14:23:00,1546.7,1546.7,1546.65,1546.65,-0.0,48.6,73747.22,-1
2024-04-25,2024-04-25 14:24:00,1546.65,1546.65,1546.6,1546.6,-0.0,48.6,73747.22,-1
2024-04-25,2024-04-25 14:25:00,1546.6,1546.6,1546.56,1546.56,-0.0,48.6,73747.22,-1
2024-04-25,2024-04-25 14:26:00,1546.56,1546.56,1546.51,1546.51,-0.0,48.6,73747.22,-1
2024-04-25,2024-04-25 14:27:00,1546.51,1546.51,1546.47,1546.47,-0.0,48.6,73747.22,-1
2024-04-25,2024-04-25 14:28:00,1546.47,1546.47,1546.42,1546.42,-0.0,48.6,73747.22,-1
2024-04-25,2024-04-25 14:29:00,1546.42,1546.42,1546.38,1546.38,-0.0,48.6,73747.22,-1
2024-04-25,2024-04-25 14:30:00,1546.38,1546.38,1546.33,1546.33,-0.0,48.6,73747.22,-1
2024-04-25,2024-04-25 14:31:00,1546.33,1546.33,1546.28,1546.28,-0.0,48.6,73747.22,-1
2024-04-25,2024-04-25 14:32:00,1546.28,1546.28,1546.24,1546.24,-0.0,48.6,73747.22,-1
2024-04-25,2024-04-25 14:33:00,1546.24,1546.24,1546.19,1546.19,-0.0,48.6,73747.22,-1
2024-04-25,2024-04-25 14:34:00,1546.19,1546.19,1546.15,1546.15,-0.0,48.6,73747.22,-1
2024-04-25,2024-04-25 14:35:00,1546.15,1546.15,1546.1,1546.1,-0.0,48.6,73747.22,-1
2024-04-25,2024-04-25 14:36:00,1546.1,1546.1,1546.05,1546.05,-0.0,48.6,73747.22,-1
2024-04-25,2024-04-25 14:37:00,1546.05,1546.05,1546.01,1546.01,-0.0,48.6,73747.22,-1
2024-04-25,2024-04-25 14:38:00,1546.01,1546.01,1545.96,1545.96,-0.0,48.6,73747.22,-1
2024-04-25,2024-04-25 14:39:00,1545.96,1545.96,1545.92,1545.92,-0.0,48.6,73747.22,-1
2024-04-25,2024-04-25 14:40:00,1545.92,1545.92,1545.87,1545.87,-0.0,48.6,73747.22,-1
2024-04-25,2024-04-25 14:41:00,1545.87,1545.87,1545.83,1545.83,-0.0,48.6,73747.22,-1
2024-04-25,2024-04-25 14:42:00,1545.83,1545.83,1545.78,1545.78,-0.0,48.6,73747.22,-1
2024-04-25,2024-04-25 14:43:00,1545.78,1545.78,1545.73,1545.73,-0.0,48.6,73747.22,-1
2024-04-25,2024-04-25 14:44:00,1545.73,1545.73,1545.69,1545.69,-0.0,48.6,73747.22,-1
2024-04-25,2024-04-25 14:45:00,1545.69,1545.69,1545.64,1545.64,-0.0,48.6,73747.22,-1
2024-04-25,2024-04-25 14:46:00,1545.64,1545.64,1545.6,1545.6,-0.0,48.6,73747.22,-1
2024-04-25,2024-04-25 14:47:00,1545.6,1545.6,1545.55,1545.55,-0.0,48.6,73747.22,-1
2024-04-25,2024-04-25 14:48:00,1545.55,1545.55,1545.5,1545.5,-0.0,48.6,73747.22,-1
2024-04-25,2024-04-25 14:49:00,1545.5,1545.5,1545.46,1545.46,-0.0,48.6,73747.22,-1
2024-04-25,2024-04-25 14:50:00,1545.46,1545.46,1545.41,1545.41,-0.0,48.6,73747.22,-1
2024-04-25,2024-04-25 14:51:00,1545.41,1545.41,1545.37,1545.37,-0.0,48.6,73747.22,-1
2024-04-25,2024-04-25 14:52:00,1545.37,1545.37,1545.32,1545.32,-0.0,48.6,73747.22,-1
2024-04-25,2024-04-25 14:53:00,1545.32,1545.32,1545.28,1545.28,-0.0,48.6,73747.22,-1
2024-04-25,2024-04-25 14:54:00,1545.28,1545.28,1545.23,1545.23,-0.0,48.6,73747.22,-1
2024-04-25,2024-04-25 14:55:00,1545.23,1545.23,1545.18,1545.18,-0.0,48.6,73747.22,-1
2024-04-25,2024-04-25 14:56:00,1545.18,1545.18,1545.14,1545.14,-0.0,48.6,73747.22,-1
2024-04-25,2024-04-25 14:57:00,1545.14,1545.14,1545.09,1545.09,-0.0,48.6,73747.22,-1
2024-04-25,2024-04-25 14:58:00,1545.09,1545.09,1545.05,1545.05,-0.0,48.6,73747.22,-1
2024-04-25,2024-04-25 14:59:00,1545.05,1545.05,1545.0,1545.0,-0.0,48.6,73747.22,-1
2024-04-25,2024-04-25 15:00:00,1545.0,1564.0,1492.0,1545.0,0.0,48.6,73747.22,0
2024-04-28,2024-04-28 11:00:00,1515.0,1524.6,1503.0,1515.02,0.0,54.3,81253.98,1
2024-04-28,2024-04-28 11:01:00,1515.02,1515.04,1515.02,1515.04,0.0,54.3,81253.98,1
2024-04-28,2024-04-28 11:02:00,1515.04,1515.06,1515.04,1515.06,0.0,54.3,81253.98,1
2024-04-28,2024-04-28 11:03:00,1515.06,1515.08,1515.06,1515.08,0.0,54.3,81253.98,1
2024-04-28,2024-04-28 11:04:00,1515.08,1515.1,1515.08,1515.1,0.0,54.3,81253.98,1
2024-04-28,2024-04-28 11:05:00,1515.1,1515.12,1515.1,1515.12,0.0,54.3,81253.98,1
2024-04-28,2024-04-28 11:06:00,1515.12,1515.15,1515.12,1515.15,0.0,54.3,81253.98,1
2024-04-28,2024-04-28 11:07:00,1515.15,1515.17,1515.15,1515.17,0.0,54.3,81253.98,1
2024-04-28,2024-04-28 11:08:00,1515.17,1515.19,1515.17,1515.19,0.0,54.3,81253.98,1
2024-04-28,2024-04-28 11:09:00,1515.19,1515.21,1515.19,1515.21,0.0,54.3,81253.98,1
2024-04-28,2024-04-28 11:10:00,1515.21,1515.23,1515.21,1515.23,0.0,54.3,81253.98,1
2024-04-28,2024-04-28 11:11:00,1515.23,1515.25,1515.23,1515.25,0.0,54.3,81253.98,1
2024-04-28,2024-04-28 11:12:00,1515.25,1515.27,1515.25,1515.27,0.0,54.3,81253.98,1
2024-04-28,2024-04-28 11:13:00,1515.27,1515.29,1515.27,1515.29,0.0,54.3,81253.98,1
2024-04-28,2024-04-28 11:14:00,1515.29,1515.31,1515.29,1515.31,0.0,54.3,81253.98,1
2024-04-28,2024-04-28 11:15:00,1515.31,1515.33,1515.31,1515.33,0.0,54.3,81253.98,1
2024-04-28,2024-04-28 11:16:00,1515.33,1515.35,1515.33,1515.35,0.0,54.3,81253.98,1
2024-04-28,2024-04-28 11:17:00,1515.35,1515.38,1515.35,1515.38,0.0,54.3,81253.98,1
2024-04-28,2024-04-28 11:18:00,1515.38,1515.4,1515.38,1515.4,0.0,54.3,81253.98,1
2024-04-28,2024-04-28 11:19:00,1515.4,1515.42,1515.4,1515.42,0.0,54.3,81253.98,1
2024-04-28,2024-04-28 11:20:00,1515.42,1515.44,1515.42,1515.44,0.0,54.3,81253.98,1
2024-04-28,2024-04-28 11:21:00,1515.44,1515.46,1515.44,1515.46,0.0,54.3,81253.98,1
2024-04-28,2024-04-28 11:22:00,1515.46,1515.48,1515.46,1515.48,0.0,54.3,81253.98,1
2024-04-28,2024-04-28 11:23:00,1515.48,1515.5,1515.48,1515.5,0.0,54.3,81253.98,1
2024-04-28,2024-04-28 11:24:00,1515.5,1515.52,1515.5,1515.52,0.0,54.3,81253.98,1
2024-04-28,2024-04-28 11:25:00,1515.52,1515.54,1515.52,1515.54,0.0,54.3,81253.98,1
2024-04-28,2024-04-28 11:26:00,1515.54,1515.56,1515.54,1515.56,0.0,54.3,81253.98,1
2024-04-28,2024-04-28 11:27:00,1515.56,1515.58,1515.56,1515.58,0.0,54.3,81253.98,1
2024-04-28,2024-04-28 11:28:00,1515.58,1515.6,1515.58,1515.6,0.0,54.3,81253.98,1
2024-04-28,2024-04-28 11:29:00,1515.6,1515.62,1515.6,1515.62,0.0,54.3,81253.98,1
2024-04-28,2024-04-28 11:30:00,1515.62,1515.65,1515.62,1515.65,0.0,54.3,81253.98,1
2024-04-28,2024-04-28 11:31:00,1515.65,1515.67,1515.65,1515.67,0.0,54.3,81253.98,1
2024-04-28,2024-04-28 11:32:00,1515.67,1515.69,1515.67,1515.69,0.0,54.3,81253.98,1
2024-04-28,2024-04-28 11:33:00,1515.69,1515.71,1515.69,1515.71,0.0,54.3,81253.98,1
2024-04-28,2024-04-28 11:34:00,1515.71,1515.73,1515.71,1515.73,0.0,54.3,81253.98,1
2024-04-28,2024-04-28 11:35:00,1515.73,1515.75,1515.73,1515.75,0.0,54.3,81253.98,1
2024-04-28,2024-04-28 11:36:00,1515.75,1515.77,1515.75,1515.77,0.0,54.3,81253.98,1
2024-04-28,2024-04-28 11:37:00,1515.77,1515.79,1515.77,1515.79,0.0,54.3,81253.98,1
2024-04-28,2024-04-28 11:38:00,1515.79,1515.81,1515.79,1515.81,0.0,54.3,81253.98,1
2024-04-28,2024-04-28 11:39:00,1515.81,1515.83,1515.81,1515.83,0.0,54.3,81253.98,1
2024-04-28,2024-04-28 11:40:00,1515.83,1515.85,1515.83,1515.85,0.0,54.3,81253.98,1
2024-04-28,2024-04-28 11:41:00,1515.85,1515.88,1515.85,1515.88,0.0,54.3,81253.98,1
2024-04-28,2024-04-28 11:42:00,1515.88,1515.9,1515.88,1515.9,0.0,54.3,81253.98,1
2024-04-28,2024-04-28 11:43:00,1515.9,1515.92,1515.9,1515.92,0.0,54.3,81253.98,1
2024-04-28,2024-04-28 11:44:00,1515.92,1515.94,1515.92,1515.94,0.0,54.3,81253.98,1
2024-04-28,2024-04-28 11:45:00,1515.94,1515.96,1515.94,1515.96,0.0,54.3,81253.98,1
2024-04-28,2024-04-28 11:46:00,1515.96,1515.98,1515.96,1515.98,0.0,54.3,81253.98,1
2024-04-28,2024-04-28 11:47:00,1515.98,1516.0,1515.98,1516.0,0.0,54.3,81253.98,1
2024-04-28,2024-04-28 11:48:00,1516.0,1516.02,1516.0,1516.02,0.0,54.3,81253.98,1
2024-04-28,2024-04-28 11:49:00,1516.02,1516.04,1516.02,1516.04,0.0,54.3,81253.98,1
2024-04-28,2024-04-28 11:50:00,1516.04,1516.06,1516.04,1516.06,0.0,54.3,81253.98,1
2024-04-28,2024-04-28 11:51:00,1516.06,1516.08,1516.06,1516.08,0.0,54.3,81253.98,1
2024-04-28,2024-04-28 11:52:00,1516.08,1516.1,1516.08,1516.1,0.0,54.3,81253.98,1
2024-04-28,2024-04-28 11:53:00,1516.1,1516.12,1516.1,1516.12,0.0,54.3,81253.98,1
2024-04-28,2024-04-28 11:54:00,1516.12,1516.15,1516.12,1516.15,0.0,54.3,81253.98,1
2024-04-28,2024-04-28 11:55:00,1516.15,1516.17,1516.15,1516.17,0.0,54.3,81253.98,1
2024-04-28,2024-04-28 11:56:00,1516.17,1516.19,1516.17,1516.19,0.0,54.3,81253.98,1
2024-04-28,2024-04-28 11:57:00,1516.19,1516.21,1516.19,1516.21,0.0,54.3,81253.98,1
2024-04-28,2024-04-28 11:58:00,1516.21,1516.23,1516.21,1516.23,0.0,54.3,81253.98,1
2024-04-28,2024-04-28 11:59:00,1516.23,1516.25,1516.23,1516.25,0.0,54.3,81253.98,1
2024-04-28,2024-04-28 12:00:00,1516.25,1516.27,1516.25,1516.27,0.0,54.3,81253.98,1
2024-04-28,2024-04-28 12:01:00,1516.27,1516.29,1516.27,1516.29,0.0,54.3,81253.98,1
2024-04-28,2024-04-28 12:02:00,1516.29,1516.31,1516.29,1516.31,0.0,54.3,81253.98,1
2024-04-28,2024-04-28 12:03:00,1516.31,1516.33,1516.31,1516.33,0.0,54.3,81253.98,1
2024-04-28,2024-04-28 12:04:00,1516.33,1516.35,1516.33,1516.35,0.0,54.3,81253.98,1
2024-04-28,2024-04-28 12:05:00,1516.35,1516.38,1516.35,1516.38,0.0,54.3,81253.98,1
2024-04-28,2024-04-28 12:06:00,1516.38,1516.4,1516.38,1516.4,0.0,54.3,81253.98,1
2024-04-28,2024-04-28 12:07:00,1516.4,1516.42,1516.4,1516.42,0.0,54.3,81253.98,1
2024-04-28,2024-04-28 12:08:00,1516.42,1516.44,1516.42,1516.44,0.0,54.3,81253.98,1
2024-04-28,2024-04-28 12:09:00,1516.44,1516.46,1516.44,1516.46,0.0,54.3,81253.98,1
2024-04-28,2024-04-28 12:10:00,1516.46,1516.48,1516.46,1516.48,0.0,54.3,81253.98,1
2024-04-28,2024-04-28 12:11:00,1516.48,1516.5,1516.48,1516.5,0.0,54.3,81253.98,1
2024-04-28,2024-04-28 12:12:00,1516.5,1516.52,1516.5,1516.52,0.0,54.3,81253.98,1
2024-04-28,2024-04-28 12:13:00,1516.52,1516.54,1516.52,1516.54,0.0,54.3,81253.98,1
2024-04-28,2024-04-28 12:14:00,1516.54,1516.56,1516.54,1516.56,0.0,54.3,81253.98,1
2024-04-28,2024-04-28 12:15:00,1516.56,1516.58,1516.56,1516.58,0.0,54.3,81253.98,1
2024-04-28,2024-04-28 12:16:00,1516.58,1516.6,1516.58,1516.6,0.0,54.3,81253.98,1
2024-04-28,2024-04-28 12:17:00,1516.6,1516.62,1516.6,1516.62,0.0,54.3,81253.98,1
2024-04-28,2024-04-28 12:18:00,1516.62,1516.65,1516.62,1516.65,0.0,54.3,81253.98,1
2024-04-28,2024-04-28 12:19:00,1516.65,1516.67,1516.65,1516.67,0.0,54.3,81253.98,1
2024-04-28,2024-04-28 12:20:00,1516.67,1516.69,1516.67,1516.69,0.0,54.3,81253.98,1
2024-04-28,2024-04-28 12:21:00,1516.69,1516.71,1516.69,1516.71,0.0,54.3,81253.98,1
2024-04-28,2024-04-28 12:22:00,1516.71,1516.73,1516.71,1516.73,0.0,54.3,81253.98,1
2024-04-28,2024-04-28 12:23:00,1516.73,1516.75,1516.73,1516.75,0.0,54.3,81253.98,1
2024-04-28,2024-04-28 12:24:00,1516.75,1516.77,1516.75,1516.77,0.0,54.3,81253.98,1
2024-04-28,2024-04-28 12:25:00,1516.77,1516.79,1516.77,1516.79,0.0,54.3,81253.98,1
2024-04-28,2024-04-28 12:26:00,1516.79,1516.81,1516.79,1516.81,0.0,54.3,81253.98,1
2024-04-28,2024-04-28 12:27:00,1516.81,1516.83,1516.81,1516.83,0.0,54.3,81253.98,1
2024-04-28,2024-04-28 12:28:00,1516.83,1516.85,1516.83,1516.85,0.0,54.3,81253.98,1
2024-04-28,2024-04-28 12:29:00,1516.85,1516.88,1516.85,1516.88,0.0,54.3,81253.98,1
2024-04-28,2024-04-28 12:30:00,1516.88,1516.9,1516.88,1516.9,0.0,54.3,81253.98,1
2024-04-28,2024-04-28 12:31:00,1516.9,1516.92,1516.9,1516.92,0.0,54.3,81253.98,1
2024-04-28,2024-04-28 12:32:00,1516.92,1516.94,1516.92,1516.94,0.0,54.3,81253.98,1
2024-04-28,2024-04-28 12:33:00,1516.94,1516.96,1516.94,1516.96,0.0,54.3,81253.98,1
2024-04-28,2024-04-28 12:34:00,1516.96,1516.98,1516.96,1516.98,0.0,54.3,81253.98,1
2024-04-28,2024-04-28 12:35:00,1516.98,1517.0,1516.98,1517.0,0.0,54.3,81253.98,1
2024-04-28,2024-04-28 12:36:00,1517.0,1517.02,1517.0,1517.02,0.0,54.3,81253.98,1
2024-04-28,2024-04-28 12:37:00,1517.02,1517.04,1517.02,1517.04,0.0,54.3,81253.98,1
2024-04-28,2024-04-28 12:38:00,1517.04,1517.06,1517.04,1517.06,0.0,54.3,81253.98,1
2024-04-28,2024-04-28 12:39:00,1517.06,1517.08,1517.06,1517.08,0.0,54.3,81253.98,1
2024-04-28,2024-04-28 12:40:00,1517.08,1517.1,1517.08,1517.1,0.0,54.3,81253.98,1
2024-04-28,2024-04-28 12:41:00,1517.1,1517.12,1517.1,1517.12,0.0,54.3,81253.98,1
2024-04-28,2024-04-28 12:42:00,1517.12,1517.15,1517.12,1517.15,0.0,54.3,81253.98,1
2024-04-28,2024-04-28 12:43:00,1517.15,1517.17,1517.15,1517.17,0.0,54.3,81253.98,1
2024-04-28,2024-04-28 12:44:00,1517.17,1517.19,1517.17,1517.19,0.0,54.3,81253.98,1
2024-04-28,2024-04-28 12:45:00,1517.19,1517.21,1517.19,1517.21,0.0,54.3,81253.98,1
2024-04-28,2024-04-28 12:46:00,1517.21,1517.23,1517.21,1517.23,0.0,54.3,81253.98,1
2024-04-28,2024-04-28 12:47:00,1517.23,1517.25,1517.23,1517.25,0.0,54.3,81253.98,1
2024-04-28,2024-04-28 12:48:00,1517.25,1517.27,1517.25,1517.27,0.0,54.3,81253.98,1
2024-04-28,2024-04-28 12:49:00,1517.27,1517.29,1517.27,1517.29,0.0,54.3,81253.98,1
2024-04-28,2024-04-28 12:50:00,1517.29,1517.31,1517.29,1517.31,0.0,54.3,81253.98,1
2024-04-28,2024-04-28 12:51:00,1517.31,1517.33,1517.31,1517.33,0.0,54.3,81253.98,1
2024-04-28,2024-04-28 12:52:00,1517.33,1517.35,1517.33,1517.35,0.0,54.3,81253.98,1
2024-04-28,2024-04-28 12:53:00,1517.35,1517.38,1517.35,1517.38,0.0,54.3,81253.98,1
2024-04-28,2024-04-28 12:54:00,1517.38,1517.4,1517.38,1517.4,0.0,54.3,81253.98,1
2024-04-28,2024-04-28 12:55:00,1517.4,1517.42,1517.4,1517.42,0.0,54.3,81253.98,1
2024-04-28,2024-04-28 12:56:00,1517.42,1517.44,1517.42,1517.44,0.0,54.3,81253.98,1
2024-04-28,2024-04-28 12:57:00,1517.44,1517.46,1517.44,1517.46,0.0,54.3,81253.98,1
2024-04-28,2024-04-28 12:58:00,1517.46,1517.48,1517.46,1517.48,0.0,54.3,81253.98,1
2024-04-28,2024-04-28 12:59:00,1517.48,1517.5,1517.48,1517.5,0.0,54.3,81253.98,1
2024-04-28,2024-04-28 13:00:00,1517.5,1547.0,1475.0,1517.52,0.0,54.3,81253.98,1
2024-04-28,2024-04-28 13:01:00,1517.52,1517.54,1517.52,1517.54,0.0,54.3,81253.98,1
2024-04-28,2024-04-28 13:02:00,1517.54,1517.56,1517.54,1517.56,0.0,54.3,81253.98,1
2024-04-28,2024-04-28 13:03:00,1517.56,1517.58,1517.56,1517.58,0.0,54.3,81253.98,1
2024-04-28,2024-04-28 13:04:00,1517.58,1517.6,1517.58,1517.6,0.0,54.3,81253.98,1
2024-04-28,2024-04-28 13:05:00,1517.6,1517.62,1517.6,1517.62,0.0,54.3,81253.98,1
2024-04-28,2024-04-28 13:06:00,1517.62,1517.65,1517.62,1517.65,0.0,54.3,81253.98,1
2024-04-28,2024-04-28 13:07:00,1517.65,1517.67,1517.65,1517.67,0.0,54.3,81253.98,1
2024-04-28,2024-04-28 13:08:00,1517.67,1517.69,1517.67,1517.69,0.0,54.3,81253.98,1
2024-04-28,2024-04-28 13:09:00,1517.69,1517.71,1517.69,1517.71,0.0,54.3,81253.98,1
2024-04-28,2024-04-28 13:10:00,1517.71,1517.73,1517.71,1517.73,0.0,54.3,81253.98,1
2024-04-28,2024-04-28 13:11:00,1517.73,1517.75,1517.73,1517.75,0.0,54.3,81253.98,1
2024-04-28,2024-04-28 13:12:00,1517.75,1517.77,1517.75,1517.77,0.0,54.3,81253.98,1
2024-04-28,2024-04-28 13:13:00,1517.77,1517.79,1517.77,1517.79,0.0,54.3,81253.98,1
2024-04-28,2024-04-28 13:14:00,1517.79,1517.81,1517.79,1517.81,0.0,54.3,81253.98,1
2024-04-28,2024-04-28 13:15:00,1517.81,1517.83,1517.81,1517.83,0.0,54.3,81253.98,1
2024-04-28,2024-04-28 13:16:00,1517.83,1517.85,1517.83,1517.85,0.0,54.3,81253.98,1
2024-04-28,2024-04-28 13:17:00,1517.85,1517.88,1517.85,1517.88,0.0,54.3,81253.98,1
2024-04-28,2024-04-28 13:18:00,1517.88,1517.9,1517.88,1517.9,0.0,54.3,81253.98,1
2024-04-28,2024-04-28 13:19:00,1517.9,1517.92,1517.9,1517.92,0.0,54.3,81253.98,1
2024-04-28,2024-04-28 13:20:00,1517.92,1517.94,1517.92,1517.94,0.0,54.3,81253.98,1
2024-04-28,2024-04-28 13:21:00,1517.94,1517.96,1517.94,1517.96,0.0,54.3,81253.98,1
2024-04-28,2024-04-28 13:22:00,1517.96,1517.98,1517.96,1517.98,0.0,54.3,81253.98,1
2024-04-28,2024-04-28 13:23:00,1517.98,1518.0,1517.98,1518.0,0.0,54.3,81253.98,1
2024-04-28,2024-04-28 13:24:00,1518.0,1518.02,1518.0,1518.02,0.0,54.3,81253.98,1
2024-04-28,2024-04-28 13:25:00,1518.02,1518.04,1518.02,1518.04,0.0,54.3,81253.98,1
2024-04-28,2024-04-28 13:26:00,1518.04,1518.06,1518.04,1518.06,0.0,54.3,81253.98,1
2024-04-28,2024-04-28 13:27:00,1518.06,1518.08,1518.06,1518.08,0.0,54.3,81253.98,1
2024-04-28,2024-04-28 13:28:00,1518.08,1518.1,1518.08,1518.1,0.0,54.3,81253.98,1
2024-04-28,2024-04-28 13:29:00,1518.1,1518.12,1518.1,1518.12,0.0,54.3,81253.98,1
2024-04-28,2024-04-28 13:30:00,1518.12,1518.15,1518.12,1518.15,0.0,54.3,81253.98,1
2024-04-28,2024-04-28 13:31:00,1518.15,1518.17,1518.15,1518.17,0.0,54.3,81253.98,1
2024-04-28,2024-04-28 13:32:00,1518.17,1518.19,1518.17,1518.19,0.0,54.3,81253.98,1
2024-04-28,2024-04-28 13:33:00,1518.19,1518.21,1518.19,1518.21,0.0,54.3,81253.98,1
2024-04-28,2024-04-28 13:34:00,1518.21,1518.23,1518.21,1518.23,0.0,54.3,81253.98,1
2024-04-28,2024-04-28 13:35:00,1518.23,1518.25,1518.23,1518.25,0.0,54.3,81253.98,1
2024-04-28,2024-04-28 13:36:00,1518.25,1518.27,1518.25,1518.27,0.0,54.3,81253.98,1
2024-04-28,2024-04-28 13:37:00,1518.27,1518.29,1518.27,1518.29,0.0,54.3,81253.98,1
2024-04-28,2024-04-28 13:38:00,1518.29,1518.31,1518.29,1518.31,0.0,54.3,81253.98,1
2024-04-28,2024-04-28 13:39:00,1518.31,1518.33,1518.31,1518.33,0.0,54.3,81253.98,1
2024-04-28,2024-04-28 13:40:00,1518.33,1518.35,1518.33,1518.35,0.0,54.3,81253.98,1
2024-04-28,2024-04-28 13:41:00,1518.35,1518.38,1518.35,1518.38,0.0,54.3,81253.98,1
2024-04-28,2024-04-28 13:42:00,1518.38,1518.4,1518.38,1518.4,0.0,54.3,81253.98,1
2024-04-28,2024-04-28 13:43:00,1518.4,1518.42,1518.4,1518.42,0.0,54.3,81253.98,1
2024-04-28,2024-04-28 13:44:00,1518.42,1518.44,1518.42,1518.44,0.0,54.3,81253.98,1
2024-04-28,2024-04-28 13:45:00,1518.44,1518.46,1518.44,1518.46,0.0,54.3,81253.98,1
2024-04-28,2024-04-28 13:46:00,1518.46,1518.48,1518.46,1518.48,0.0,54.3,81253.98,1
2024-04-28,2024-04-28 13:47:00,1518.48,1518.5,1518.48,1518.5,0.0,54.3,81253.98,1
2024-04-28,2024-04-28 13:48:00,1518.5,1518.52,1518.5,1518.52,0.0,54.3,81253.98,1
2024-04-28,2024-04-28 13:49:00,1518.52,1518.54,1518.52,1518.54,0.0,54.3,81253.98,1
2024-04-28,2024-04-28 13:50:00,1518.54,1518.56,1518.54,1518.56,0.0,54.3,81253.98,1
2024-04-28,2024-04-28 13:51:00,1518.56,1518.58,1518.56,1518.58,0.0,54.3,81253.98,1
2024-04-28,2024-04-28 13:52:00,1518.58,1518.6,1518.58,1518.6,0.0,54.3,81253.98,1
2024-04-28,2024-04-28 13:53:00,1518.6,1518.62,1518.6,1518.62,0.0,54.3,81253.98,1
2024-04-28,2024-04-28 13:54:00,1518.62,1518.65,1518.62,1518.65,0.0,54.3,81253.98,1
2024-04-28,2024-04-28 13:55:00,1518.65,1518.67,1518.65,1518.67,0.0,54.3,81253.98,1
2024-04-28,2024-04-28 13:56:00,1518.67,1518.69,1518.67,1518.69,0.0,54.3,81253.98,1
2024-04-28,2024-04-28 13:57:00,1518.69,1518.71,1518.69,1518.71,0.0,54.3,81253.98,1
2024-04-28,2024-04-28 13:58:00,1518.71,1518.73,1518.71,1518.73,0.0,54.3,81253.98,1
2024-04-28,2024-04-28 13:59:00,1518.73,1518.75,1518.73,1518.75,0.0,54.3,81253.98,1
2024-04-28,2024-04-28 14:00:00,1518.75,1518.77,1518.75,1518.77,0.0,54.3,81253.98,1
2024-04-28,2024-04-28 14:01:00,1518.77,1518.79,1518.77,1518.79,0.0,54.3,81253.98,1
2024-04-28,2024-04-28 14:02:00,1518.79,1518.81,1518.79,1518.81,0.0,54.3,81253.98,1
2024-04-28,2024-04-28 14:03:00,1518.81,1518.83,1518.81,1518.83,0.0,54.3,81253.98,1
2024-04-28,2024-04-28 14:04:00,1518.83,1518.85,1518.83,1518.85,0.0,54.3,81253.98,1
2024-04-28,2024-04-28 14:05:00,1518.85,1518.88,1518.85,1518.88,0.0,54.3,81253.98,1
2024-04-28,2024-04-28 14:06:00,1518.88,1518.9,1518.88,1518.9,0.0,54.3,81253.98,1
2024-04-28,2024-04-28 14:07:00,1518.9,1518.92,1518.9,1518.92,0.0,54.3,81253.98,1
2024-04-28,2024-04-28 14:08:00,1518.92,1518.94,1518.92,1518.94,0.0,54.3,81253.98,1
2024-04-28,2024-04-28 14:09:00,1518.94,1518.96,1518.94,1518.96,0.0,54.3,81253.98,1
2024-04-28,2024-04-28 14:10:00,1518.96,1518.98,1518.96,1518.98,0.0,54.3,81253.98,1
2024-04-28,2024-04-28 14:11:00,1518.98,1519.0,1518.98,1519.0,0.0,54.3,81253.98,1
2024-04-28,2024-04-28 14:12:00,1519.0,1519.02,1519.0,1519.02,0.0,54.3,81253.98,1
2024-04-28,2024-04-28 14:13:00,1519.02,1519.04,1519.02,1519.04,0.0,54.3,81253.98,1
2024-04-28,2024-04-28 14:14:00,1519.04,1519.06,1519.04,1519.06,0.0,54.3,81253.98,1
2024-04-28,2024-04-28 14:15:00,1519.06,1519.08,1519.06,1519.08,0.0,54.3,81253.98,1
2024-04-28,2024-04-28 14:16:00,1519.08,1519.1,1519.08,1519.1,0.0,54.3,81253.98,1
2024-04-28,2024-04-28 14:17:00,1519.1,1519.12,1519.1,1519.12,0.0,54.3,81253.98,1
2024-04-28,2024-04-28 14:18:00,1519.12,1519.15,1519.12,1519.15,0.0,54.3,81253.98,1
2024-04-28,2024-04-28 14:19:00,1519.15,1519.17,1519.15,1519.17,0.0,54.3,81253.98,1
2024-04-28,2024-04-28 14:20:00,1519.17,1519.19,1519.17,1519.19,0.0,54.3,81253.98,1
2024-04-28,2024-04-28 14:21:00,1519.19,1519.21,1519.19,1519.21,0.0,54.3,81253.98,1
2024-04-28,2024-04-28 14:22:00,1519.21,1519.23,1519.21,1519.23,0.0,54.3,81253.98,1
2024-04-28,2024-04-28 14:23:00,1519.23,1519.25,1519.23,1519.25,0.0,54.3,81253.98,1
2024-04-28,2024-04-28 14:24:00,1519.25,1519.27,1519.25,1519.27,0.0,54.3,81253.98,1
2024-04-28,2024-04-28 14:25:00,1519.27,1519.29,1519.27,1519.29,0.0,54.3,81253.98,1
2024-04-28,2024-04-28 14:26:00,1519.29,1519.31,1519.29,1519.31,0.0,54.3,81253.98,1
2024-04-28,2024-04-28 14:27:00,1519.31,1519.33,1519.31,1519.33,0.0,54.3,81253.98,1
2024-04-28,2024-04-28 14:28:00,1519.33,1519.35,1519.33,1519.35,0.0,54.3,81253.98,1
2024-04-28,2024-04-28 14:29:00,1519.35,1519.38,1519.35,1519.38,0.0,54.3,81253.98,1
2024-04-28,2024-04-28 14:30:00,1519.38,1519.4,1519.38,1519.4,0.0,54.3,81253.98,1
2024-04-28,2024-04-28 14:31:00,1519.4,1519.42,1519.4,1519.42,0.0,54.3,81253.98,1
2024-04-28,2024-04-28 14:32:00,1519.42,1519.44,1519.42,1519.44,0.0,54.3,81253.98,1
2024-04-28,2024-04-28 14:33:00,1519.44,1519.46,1519.44,1519.46,0.0,54.3,81253.98,1
2024-04-28,2024-04-28 14:34:00,1519.46,1519.48,1519.46,1519.48,0.0,54.3,81253.98,1
2024-04-28,2024-04-28 14:35:00,1519.48,1519.5,1519.48,1519.5,0.0,54.3,81253.98,1
2024-04-28,2024-04-28 14:36:00,1519.5,1519.52,1519.5,1519.52,0.0,54.3,81253.98,1
2024-04-28,2024-04-28 14:37:00,1519.52,1519.54,1519.52,1519.54,0.0,54.3,81253.98,1
2024-04-28,2024-04-28 14:38:00,1519.54,1519.56,1519.54,1519.56,0.0,54.3,81253.98,1
2024-04-28,2024-04-28 14:39:00,1519.56,1519.58,1519.56,1519.58,0.0,54.3,81253.98,1
2024-04-28,2024-04-28 14:40:00,1519.58,1519.6,1519.58,1519.6,0.0,54.3,81253.98,1
2024-04-28,2024-04-28 14:41:00,1519.6,1519.62,1519.6,1519.62,0.0,54.3,81253.98,1
2024-04-28,2024-04-28 14:42:00,1519.62,1519.65,1519.62,1519.65,0.0,54.3,81253.98,1
2024-04-28,2024-04-28 14:43:00,1519.65,1519.67,1519.65,1519.67,0.0,54.3,81253.98,1
2024-04-28,2024-04-28 14:44:00,1519.67,1519.69,1519.67,1519.69,0.0,54.3,81253.98,1
2024-04-28,2024-04-28 14:45:00,1519.69,1519.71,1519.69,1519.71,0.0,54.3,81253.98,1
2024-04-28,2024-04-28 14:46:00,1519.71,1519.73,1519.71,1519.73,0.0,54.3,81253.98,1
2024-04-28,2024-04-28 14:47:00,1519.73,1519.75,1519.73,1519.75,0.0,54.3,81253.98,1
2024-04-28,2024-04-28 14:48:00,1519.75,1519.77,1519.75,1519.77,0.0,54.3,81253.98,1
2024-04-28,2024-04-28 14:49:00,1519.77,1519.79,1519.77,1519.79,0.0,54.3,81253.98,1
2024-04-28,2024-04-28 14:50:00,1519.79,1519.81,1519.79,1519.81,0.0,54.3,81253.98,1
2024-04-28,2024-04-28 14:51:00,1519.81,1519.83,1519.81,1519.83,0.0,54.3,81253.98,1
2024-04-28,2024-04-28 14:52:00,1519.83,1519.85,1519.83,1519.85,0.0,54.3,81253.98,1
2024-04-28,2024-04-28 14:53:00,1519.85,1519.88,1519.85,1519.88,0.0,54.3,81253.98,1
2024-04-28,2024-04-28 14:54:00,1519.88,1519.9,1519.88,1519.9,0.0,54.3,81253.98,1
2024-04-28,2024-04-28 14:55:00,1519.9,1519.92,1519.9,1519.92,0.0,54.3,81253.98,1
2024-04-28,2024-04-28 14:56:00,1519.92,1519.94,1519.92,1519.94,0.0,54.3,81253.98,1
2024-04-28,2024-04-28 14:57:00,1519.94,1519.96,1519.94,1519.96,0.0,54.3,81253.98,1
2024-04-28,2024-04-28 14:58:00,1519.96,1519.98,1519.96,1519.98,0.0,54.3,81253.98,1
2024-04-28,2024-04-28 14:59:00,1519.98,1520.0,1519.98,1520.0,0.0,54.3,81253.98,1
2024-04-28,2024-04-28 15:00:00,1520.0,1547.0,1475.0,1520.0,0.0,54.3,81253.98,0
2024-04-29,2024-04-29 11:00:00,1490.1,1499.07,1481.07,1490.04,-0.0,36.49,54039.07,-1
2024-04-29,2024-04-29 11:01:00,1490.04,1490.04,1489.98,1489.98,-0.0,36.49,54039.07,-1
2024-04-29,2024-04-29 11:02:00,1489.98,1489.98,1489.92,1489.92,-0.0,36.49,54039.07,-1
2024-04-29,2024-04-29 11:03:00,1489.92,1489.92,1489.86,1489.86,-0.0,36.49,54039.07,-1
2024-04-29,2024-04-29 11:04:00,1489.86,1489.86,1489.8,1489.8,-0.0,36.49,54039.07,-1
2024-04-29,2024-04-29 11:05:00,1489.8,1489.8,1489.74,1489.74,-0.0,36.49,54039.07,-1
2024-04-29,2024-04-29 11:06:00,1489.74,1489.74,1489.69,1489.69,-0.0,36.49,54039.07,-1
2024-04-29,2024-04-29 11:07:00,1489.69,1489.69,1489.63,1489.63,-0.0,36.49,54039.07,-1
2024-04-29,2024-04-29 11:08:00,1489.63,1489.63,1489.57,1489.57,-0.0,36.49,54039.07,-1
2024-04-29,2024-04-29 11:09:00,1489.57,1489.57,1489.51,1489.51,-0.0,36.49,54039.07,-1
2024-04-29,2024-04-29 11:10:00,1489.51,1489.51,1489.45,1489.45,-0.0,36.49,54039.07,-1
2024-04-29,2024-04-29 11:11:00,1489.45,1489.45,1489.39,1489.39,-0.0,36.49,54039.07,-1
2024-04-29,2024-04-29 11:12:00,1489.39,1489.39,1489.33,1489.33,-0.0,36.49,54039.07,-1
2024-04-29,2024-04-29 11:13:00,1489.33,1489.33,1489.27,1489.27,-0.0,36.49,54039.07,-1
2024-04-29,2024-04-29 11:14:00,1489.27,1489.27,1489.21,1489.21,-0.0,36.49,54039.07,-1
2024-04-29,2024-04-29 11:15:00,1489.21,1489.21,1489.15,1489.15,-0.0,36.49,54039.07,-1
2024-04-29,2024-04-29 11:16:00,1489.15,1489.15,1489.09,1489.09,-0.0,36.49,54039.07,-1
2024-04-29,2024-04-29 11:17:00,1489.09,1489.09,1489.03,1489.03,-0.0,36.49,54039.07,-1
2024-04-29,2024-04-29 11:18:00,1489.03,1489.03,1488.98,1488.98,-0.0,36.49,54039.07,-1
2024-04-29,2024-04-29 11:19:00,1488.98,1488.98,1488.92,1488.92,-0.0,36.49,54039.07,-1
2024-04-29,2024-04-29 11:20:00,1488.92,1488.92,1488.86,1488.86,-0.0,36.49,54039.07,-1
2024-04-29,2024-04-29 11:21:00,1488.86,1488.86,1488.8,1488.8,-0.0,36.49,54039.07,-1
2024-04-29,2024-04-29 11:22:00,1488.8,1488.8,1488.74,1488.74,-0.0,36.49,54039.07,-1
2024-04-29,2024-04-29 11:23:00,1488.74,1488.74,1488.68,1488.68,-0.0,36.49,54039.07,-1
2024-04-29,2024-04-29 11:24:00,1488.68,1488.68,1488.62,1488.62,-0.0,36.49,54039.07,-1
2024-04-29,2024-04-29 11:25:00,1488.62,1488.62,1488.56,1488.56,-0.0,36.49,54039.07,-1
2024-04-29,2024-04-29 11:26:00,1488.56,1488.56,1488.5,1488.5,-0.0,36.49,54039.07,-1
2024-04-29,2024-04-29 11:27:00,1488.5,1488.5,1488.44,1488.44,-0.0,36.49,54039.07,-1
2024-04-29,2024-04-29 11:28:00,1488.44,1488.44,1488.38,1488.38,-0.0,36.49,54039.07,-1
2024-04-29,2024-04-29 11:29:00,1488.38,1488.38,1488.32,1488.32,-0.0,36.49,54039.07,-1
2024-04-29,2024-04-29 11:30:00,1488.32,1488.32,1488.27,1488.27,-0.0,36.49,54039.07,-1
2024-04-29,2024-04-29 11:31:00,1488.27,1488.27,1488.21,1488.21,-0.0,36.49,54039.07,-1
2024-04-29,2024-04-29 11:32:00,1488.21,1488.21,1488.15,1488.15,-0.0,36.49,54039.07,-1
2024-04-29,2024-04-29 11:33:00,1488.15,1488.15,1488.09,1488.09,-0.0,36.49,54039.07,-1
2024-04-29,2024-04-29 11:34:00,1488.09,1488.09,1488.03,1488.03,-0.0,36.49,54039.07,-1
2024-04-29,2024-04-29 11:35:00,1488.03,1488.03,1487.97,1487.97,-0.0,36.49,54039.07,-1
2024-04-29,2024-04-29 11:36:00,1487.97,1487.97,1487.91,1487.91,-0.0,36.49,54039.07,-1
2024-04-29,2024-04-29 11:37:00,1487.91,1487.91,1487.85,1487.85,-0.0,36.49,54039.07,-1
2024-04-29,2024-04-29 11:38:00,1487.85,1487.85,1487.79,1487.79,-0.0,36.49,54039.07,-1
2024-04-29,2024-04-29 11:39:00,1487.79,1487.79,1487.73,1487.73,-0.0,36.49,54039.07,-1
2024-04-29,2024-04-29 11:40:00,1487.73,1487.73,1487.67,1487.67,-0.0,36.49,54039.07,-1
2024-04-29,2024-04-29 11:41:00,1487.67,1487.67,1487.62,1487.62,-0.0,36.49,54039.07,-1
2024-04-29,2024-04-29 11:42:00,1487.62,1487.62,1487.56,1487.56,-0.0,36.49,54039.07,-1
2024-04-29,2024-04-29 11:43:00,1487.56,1487.56,1487.5,1487.5,-0.0,36.49,54039.07,-1
2024-04-29,2024-04-29 11:44:00,1487.5,1487.5,1487.44,1487.44,-0.0,36.49,54039.07,-1
2024-04-29,2024-04-29 11:45:00,1487.44,1487.44,1487.38,1487.38,-0.0,36.49,54039.07,-1
2024-04-29,2024-04-29 11:46:00,1487.38,1487.38,1487.32,1487.32,-0.0,36.49,54039.07,-1
2024-04-29,2024-04-29 11:47:00,1487.32,1487.32,1487.26,1487.26,-0.0,36.49,54039.07,-1
2024-04-29,2024-04-29 11:48:00,1487.26,1487.26,1487.2,1487.2,-0.0,36.49,54039.07,-1
2024-04-29,2024-04-29 11:49:00,1487.2,1487.2,1487.14,1487.14,-0.0,36.49,54039.07,-1
2024-04-29,2024-04-29 11:50:00,1487.14,1487.14,1487.08,1487.08,-0.0,36.49,54039.07,-1
2024-04-29,2024-04-29 11:51:00,1487.08,1487.08,1487.02,1487.02,-0.0,36.49,54039.07,-1
2024-04-29,2024-04-29 11:52:00,1487.02,1487.02,1486.96,1486.96,-0.0,36.49,54039.07,-1
2024-04-29,2024-04-29 11:53:00,1486.96,1486.96,1486.9,1486.9,-0.0,36.49,54039.07,-1
2024-04-29,2024-04-29 11:54:00,1486.9,1486.9,1486.85,1486.85,-0.0,36.49,54039.07,-1
2024-04-29,2024-04-29 11:55:00,1486.85,1486.85,1486.79,1486.79,-0.0,36.49,54039.07,-1
2024-04-29,2024-04-29 11:56:00,1486.79,1486.79,1486.73,1486.73,-0.0,36.49,54039.07,-1
2024-04-29,2024-04-29 11:57:00,1486.73,1486.73,1486.67,1486.67,-0.0,36.49,54039.07,-1
2024-04-29,2024-04-29 11:58:00,1486.67,1486.67,1486.61,1486.61,-0.0,36.49,54039.07,-1
2024-04-29,2024-04-29 11:59:00,1486.61,1486.61,1486.55,1486.55,-0.0,36.49,54039.07,-1
2024-04-29,2024-04-29 12:00:00,1486.55,1486.55,1486.49,1486.49,-0.0,36.49,54039.07,-1
2024-04-29,2024-04-29 12:01:00,1486.49,1486.49,1486.43,1486.43,-0.0,36.49,54039.07,-1
2024-04-29,2024-04-29 12:02:00,1486.43,1486.43,1486.37,1486.37,-0.0,36.49,54039.07,-1
2024-04-29,2024-04-29 12:03:00,1486.37,1486.37,1486.31,1486.31,-0.0,36.49,54039.07,-1
2024-04-29,2024-04-29 12:04:00,1486.31,1486.31,1486.25,1486.25,-0.0,36.49,54039.07,-1
2024-04-29,2024-04-29 12:05:00,1486.25,1486.25,1486.19,1486.19,-0.0,36.49,54039.07,-1
2024-04-29,2024-04-29 12:06:00,1486.19,1486.19,1486.14,1486.14,-0.0,36.49,54039.07,-1
2024-04-29,2024-04-29 12:07:00,1486.14,1486.14,1486.08,1486.08,-0.0,36.49,54039.07,-1
2024-04-29,2024-04-29 12:08:00,1486.08,1486.08,1486.02,1486.02,-0.0,36.49,54039.07,-1
2024-04-29,2024-04-29 12:09:00,1486.02,1486.02,1485.96,1485.96,-0.0,36.49,54039.07,-1
2024-04-29,2024-04-29 12:10:00,1485.96,1485.96,1485.9,1485.9,-0.0,36.49,54039.07,-1
2024-04-29,2024-04-29 12:11:00,1485.9,1485.9,1485.84,1485.84,-0.0,36.49,54039.07,-1
2024-04-29,2024-04-29 12:12:00,1485.84,1485.84,1485.78,1485.78,-0.0,36.49,54039.07,-1
2024-04-29,2024-04-29 12:13:00,1485.78,1485.78,1485.72,1485.72,-0.0,36.49,54039.07,-1
2024-04-29,2024-04-29 12:14:00,1485.72,1485.72,1485.66,1485.66,-0.0,36.49,54039.07,-1
2024-04-29,2024-04-29 12:15:00,1485.66,1485.66,1485.6,1485.6,-0.0,36.49,54039.07,-1
2024-04-29,2024-04-29 12:16:00,1485.6,1485.6,1485.54,1485.54,-0.0,36.49,54039.07,-1
2024-04-29,2024-04-29 12:17:00,1485.54,1485.54,1485.48,1485.48,-0.0,36.49,54039.07,-1
2024-04-29,2024-04-29 12:18:00,1485.48,1485.48,1485.43,1485.43,-0.0,36.49,54039.07,-1
2024-04-29,2024-04-29 12:19:00,1485.43,1485.43,1485.37,1485.37,-0.0,36.49,54039.07,-1
2024-04-29,2024-04-29 12:20:00,1485.37,1485.37,1485.31,1485.31,-0.0,36.49,54039.07,-1
2024-04-29,2024-04-29 12:21:00,1485.31,1485.31,1485.25,1485.25,-0.0,36.49,54039.07,-1
2024-04-29,2024-04-29 12:22:00,1485.25,1485.25,1485.19,1485.19,-0.0,36.49,54039.07,-1
2024-04-29,2024-04-29 12:23:00,1485.19,1485.19,1485.13,1485.13,-0.0,36.49,54039.07,-1
2024-04-29,2024-04-29 12:24:00,1485.13,1485.13,1485.07,1485.07,-0.0,36.49,54039.07,-1
2024-04-29,2024-04-29 12:25:00,1485.07,1485.07,1485.01,1485.01,-0.0,36.49,54039.07,-1
2024-04-29,2024-04-29 12:26:00,1485.01,1485.01,1484.95,1484.95,-0.0,36.49,54039.07,-1
2024-04-29,2024-04-29 12:27:00,1484.95,1484.95,1484.89,1484.89,-0.0,36.49,54039.07,-1
2024-04-29,2024-04-29 12:28:00,1484.89,1484.89,1484.83,1484.83,-0.0,36.49,54039.07,-1
2024-04-29,2024-04-29 12:29:00,1484.83,1484.83,1484.78,1484.78,-0.0,36.49,54039.07,-1
2024-04-29,2024-04-29 12:30:00,1484.78,1484.78,1484.72,1484.72,-0.0,36.49,54039.07,-1
2024-04-29,2024-04-29 12:31:00,1484.72,1484.72,1484.66,1484.66,-0.0,36.49,54039.07,-1
2024-04-29,2024-04-29 12:32:00,1484.66,1484.66,1484.6,1484.6,-0.0,36.49,54039.07,-1
2024-04-29,2024-04-29 12:33:00,1484.6,1484.6,1484.54,1484.54,-0.0,36.49,54039.07,-1
2024-04-29,2024-04-29 12:34:00,1484.54,1484.54,1484.48,1484.48,-0.0,36.49,54039.07,-1
2024-04-29,2024-04-29 12:35:00,1484.48,1484.48,1484.42,1484.42,-0.0,36.49,54039.07,-1
2024-04-29,2024-04-29 12:36:00,1484.42,1484.42,1484.36,1484.36,-0.0,36.49,54039.07,-1
2024-04-29,2024-04-29 12:37:00,1484.36,1484.36,1484.3,1484.3,-0.0,36.49,54039.07,-1
2024-04-29,2024-04-29 12:38:00,1484.3,1484.3,1484.24,1484.24,-0.0,36.49,54039.07,-1
2024-04-29,2024-04-29 12:39:00,1484.24,1484.24,1484.18,1484.18,-0.0,36.49,54039.07,-1
2024-04-29,2024-04-29 12:40:00,1484.18,1484.18,1484.12,1484.12,-0.0,36.49,54039.07,-1
2024-04-29,2024-04-29 12:41:00,1484.12,1484.12,1484.07,1484.07,-0.0,36.49,54039.07,-1
2024-04-29,2024-04-29 12:42:00,1484.07,1484.07,1484.01,1484.01,-0.0,36.49,54039.07,-1
2024-04-29,2024-04-29 12:43:00,1484.01,1484.01,1483.95,1483.95,-0.0,36.49,54039.07,-1
2024-04-29,2024-04-29 12:44:00,1483.95,1483.95,1483.89,1483.89,-0.0,36.49,54039.07,-1
2024-04-29,2024-04-29 12:45:00,1483.89,1483.89,1483.83,1483.83,-0.0,36.49,54039.07,-1
2024-04-29,2024-04-29 12:46:00,1483.83,1483.83,1483.77,1483.77,-0.0,36.49,54039.07,-1
2024-04-29,2024-04-29 12:47:00,1483.77,1483.77,1483.71,1483.71,-0.0,36.49,54039.07,-1
2024-04-29,2024-04-29 12:48:00,1483.71,1483.71,1483.65,1483.65,-0.0,36.49,54039.07,-1
2024-04-29,2024-04-29 12:49:00,1483.65,1483.65,1483.59,1483.59,-0.0,36.49,54039.07,-1
2024-04-29,2024-04-29 12:50:00,1483.59,1483.59,1483.53,1483.53,-0.0,36.49,54039.07,-1
2024-04-29,2024-04-29 12:51:00,1483.53,1483.53,1483.47,1483.47,-0.0,36.49,54039.07,-1
2024-04-29,2024-04-29 12:52:00,1483.47,1483.47,1483.41,1483.41,-0.0,36.49,54039.07,-1
2024-04-29,2024-04-29 12:53:00,1483.41,1483.41,1483.36,1483.36,-0.0,36.49,54039.07,-1
2024-04-29,2024-04-29 12:54:00,1483.36,1483.36,1483.3,1483.3,-0.0,36.49,54039.07,-1
2024-04-29,2024-04-29 12:55:00,1483.3,1483.3,1483.24,1483.24,-0.0,36.49,54039.07,-1
2024-04-29,2024-04-29 12:56:00,1483.24,1483.24,1483.18,1483.18,-0.0,36.49,54039.07,-1
2024-04-29,2024-04-29 12:57:00,1483.18,1483.18,1483.12,1483.12,-0.0,36.49,54039.07,-1
2024-04-29,2024-04-29 12:58:00,1483.12,1483.12,1483.06,1483.06,-0.0,36.49,54039.07,-1
2024-04-29,2024-04-29 12:59:00,1483.06,1483.06,1483.0,1483.0,-0.0,36.49,54039.07,-1
2024-04-29,2024-04-29 13:00:00,1483.0,1520.0,1460.0,1482.94,-0.0,36.49,54039.07,-1
2024-04-29,2024-04-29 13:01:00,1482.94,1482.94,1482.88,1482.88,-0.0,36.49,54039.07,-1
2024-04-29,2024-04-29 13:02:00,1482.88,1482.88,1482.82,1482.82,-0.0,36.49,54039.07,-1
2024-04-29,2024-04-29 13:03:00,1482.82,1482.82,1482.76,1482.76,-0.0,36.49,54039.07,-1
2024-04-29,2024-04-29 13:04:00,1482.76,1482.76,1482.7,1482.7,-0.0,36.49,54039.07,-1
2024-04-29,2024-04-29 13:05:00,1482.7,1482.7,1482.64,1482.64,-0.0,36.49,54039.07,-1
2024-04-29,2024-04-29 13:06:00,1482.64,1482.64,1482.59,1482.59,-0.0,36.49,54039.07,-1
2024-04-29,2024-04-29 13:07:00,1482.59,1482.59,1482.53,1482.53,-0.0,36.49,54039.07,-1
2024-04-29,2024-04-29 13:08:00,1482.53,1482.53,1482.47,1482.47,-0.0,36.49,54039.07,-1
2024-04-29,2024-04-29 13:09:00,1482.47,1482.47,1482.41,1482.41,-0.0,36.49,54039.07,-1
2024-04-29,2024-04-29 13:10:00,1482.41,1482.41,1482.35,1482.35,-0.0,36.49,54039.07,-1
2024-04-29,2024-04-29 13:11:00,1482.35,1482.35,1482.29,1482.29,-0.0,36.49,54039.07,-1
2024-04-29,2024-04-29 13:12:00,1482.29,1482.29,1482.23,1482.23,-0.0,36.49,54039.07,-1
2024-04-29,2024-04-29 13:13:00,1482.23,1482.23,1482.17,1482.17,-0.0,36.49,54039.07,-1
2024-04-29,2024-04-29 13:14:00,1482.17,1482.17,1482.11,1482.11,-0.0,36.49,54039.07,-1
2024-04-29,2024-04-29 13:15:00,1482.11,1482.11,1482.05,1482.05,-0.0,36.49,54039.07,-1
2024-04-29,2024-04-29 13:16:00,1482.05,1482.05,1481.99,1481.99,-0.0,36.49,54039.07,-1
2024-04-29,2024-04-29 13:17:00,1481.99,1481.99,1481.93,1481.93,-0.0,36.49,54039.07,-1
2024-04-29,2024-04-29 13:18:00,1481.93,1481.93,1481.88,1481.88,-0.0,36.49,54039.07,-1
2024-04-29,2024-04-29 13:19:00,1481.88,1481.88,1481.82,1481.82,-0.0,36.49,54039.07,-1
2024-04-29,2024-04-29 13:20:00,1481.82,1481.82,1481.76,1481.76,-0.0,36.49,54039.07,-1
2024-04-29,2024-04-29 13:21:00,1481.76,1481.76,1481.7,1481.7,-0.0,36.49,54039.07,-1
2024-04-29,2024-04-29 13:22:00,1481.7,1481.7,1481.64,1481.64,-0.0,36.49,54039.07,-1
2024-04-29,2024-04-29 13:23:00,1481.64,1481.64,1481.58,1481.58,-0.0,36.49,54039.07,-1
2024-04-29,2024-04-29 13:24:00,1481.58,1481.58,1481.52,1481.52,-0.0,36.49,54039.07,-1
2024-04-29,2024-04-29 13:25:00,1481.52,1481.52,1481.46,1481.46,-0.0,36.49,54039.07,-1
2024-04-29,2024-04-29 13:26:00,1481.46,1481.46,1481.4,1481.4,-0.0,36.49,54039.07,-1
2024-04-29,2024-04-29 13:27:00,1481.4,1481.4,1481.34,1481.34,-0.0,36.49,54039.07,-1
2024-04-29,2024-04-29 13:28:00,1481.34,1481.34,1481.28,1481.28,-0.0,36.49,54039.07,-1
2024-04-29,2024-04-29 13:29:00,1481.28,1481.28,1481.22,1481.22,-0.0,36.49,54039.07,-1
2024-04-29,2024-04-29 13:30:00,1481.22,1481.22,1481.17,1481.17,-0.0,36.49,54039.07,-1
2024-04-29,2024-04-29 13:31:00,1481.17,1481.17,1481.11,1481.11,-0.0,36.49,54039.07,-1
2024-04-29,2024-04-29 13:32:00,1481.11,1481.11,1481.05,1481.05,-0.0,36.49,54039.07,-1
2024-04-29,2024-04-29 13:33:00,1481.05,1481.05,1480.99,1480.99,-0.0,36.49,54039.07,-1
2024-04-29,2024-04-29 13:34:00,1480.99,1480.99,1480.93,1480.93,-0.0,36.49,54039.07,-1
2024-04-29,2024-04-29 13:35:00,1480.93,1480.93,1480.87,1480.87,-0.0,36.49,54039.07,-1
2024-04-29,2024-04-29 13:36:00,1480.87,1480.87,1480.81,1480.81,-0.0,36.49,54039.07,-1
2024-04-29,2024-04-29 13:37:00,1480.81,1480.81,1480.75,1480.75,-0.0,36.49,54039.07,-1
2024-04-29,2024-04-29 13:38:00,1480.75,1480.75,1480.69,1480.69,-0.0,36.49,54039.07,-1
2024-04-29,2024-04-29 13:39:00,1480.69,1480.69,1480.63,1480.63,-0.0,36.49,54039.07,-1
2024-04-29,2024-04-29 13:40:00,1480.63,1480.63,1480.57,1480.57,-0.0,36.49,54039.07,-1
2024-04-29,2024-04-29 13:41:00,1480.57,1480.57,1480.52,1480.52,-0.0,36.49,54039.07,-1
2024-04-29,2024-04-29 13:42:00,1480.52,1480.52,1480.46,1480.46,-0.0,36.49,54039.07,-1
2024-04-29,2024-04-29 13:43:00,1480.46,1480.46,1480.4,1480.4,-0.0,36.49,54039.07,-1
2024-04-29,2024-04-29 13:44:00,1480.4,1480.4,1480.34,1480.34,-0.0,36.49,54039.07,-1
2024-04-29,2024-04-29 13:45:00,1480.34,1480.34,1480.28,1480.28,-0.0,36.49,54039.07,-1
2024-04-29,2024-04-29 13:46:00,1480.28,1480.28,1480.22,1480.22,-0.0,36.49,54039.07,-1
2024-04-29,2024-04-29 13:47:00,1480.22,1480.22,1480.16,1480.16,-0.0,36.49,54039.07,-1
2024-04-29,2024-04-29 13:48:00,1480.16,1480.16,1480.1,1480.1,-0.0,36.49,54039.07,-1
2024-04-29,2024-04-29 13:49:00,1480.1,1480.1,1480.04,1480.04,-0.0,36.49,54039.07,-1
2024-04-29,2024-04-29 13:50:00,1480.04,1480.04,1479.98,1479.98,-0.0,36.49,54039.07,-1
2024-04-29,2024-04-29 13:51:00,1479.98,1479.98,1479.92,1479.92,-0.0,36.49,54039.07,-1
2024-04-29,2024-04-29 13:52:00,1479.92,1479.92,1479.86,1479.86,-0.0,36.49,54039.07,-1
2024-04-29,2024-04-29 13:53:00,1479.86,1479.86,1479.81,1479.81,-0.0,36.49,54039.07,-1
2024-04-29,2024-04-29 13:54:00,1479.81,1479.81,1479.75,1479.75,-0.0,36.49,54039.07,-1
2024-04-29,2024-04-29 13:55:00,1479.75,1479.75,1479.69,1479.69,-0.0,36.49,54039.07,-1
2024-04-29,2024-04-29 13:56:00,1479.69,1479.69,1479.63,1479.63,-0.0,36.49,54039.07,-1
2024-04-29,2024-04-29 13:57:00,1479.63,1479.63,1479.57,1479.57,-0.0,36.49,54039.07,-1
2024-04-29,2024-04-29 13:58:00,1479.57,1479.57,1479.51,1479.51,-0.0,36.49,54039.07,-1
2024-04-29,2024-04-29 13:59:00,1479.51,1479.51,1479.45,1479.45,-0.0,36.49,54039.07,-1
2024-04-29,2024-04-29 14:00:00,1479.45,1479.45,1479.39,1479.39,-0.0,36.49,54039.07,-1
2024-04-29,2024-04-29 14:01:00,1479.39,1479.39,1479.33,1479.33,-0.0,36.49,54039.07,-1
2024-04-29,2024-04-29 14:02:00,1479.33,1479.33,1479.27,1479.27,-0.0,36.49,54039.07,-1
2024-04-29,2024-04-29 14:03:00,1479.27,1479.27,1479.21,1479.21,-0.0,36.49,54039.07,-1
2024-04-29,2024-04-29 14:04:00,1479.21,1479.21,1479.15,1479.15,-0.0,36.49,54039.07,-1
2024-04-29,2024-04-29 14:05:00,1479.15,1479.15,1479.1,1479.1,-0.0,36.49,54039.07,-1
2024-04-29,2024-04-29 14:06:00,1479.1,1479.1,1479.04,1479.04,-0.0,36.49,54039.07,-1
2024-04-29,2024-04-29 14:07:00,1479.04,1479.04,1478.98,1478.98,-0.0,36.49,54039.07,-1
2024-04-29,2024-04-29 14:08:00,1478.98,1478.98,1478.92,1478.92,-0.0,36.49,54039.07,-1
2024-04-29,2024-04-29 14:09:00,1478.92,1478.92,1478.86,1478.86,-0.0,36.49,54039.07,-1
2024-04-29,2024-04-29 14:10:00,1478.86,1478.86,1478.8,1478.8,-0.0,36.49,54039.07,-1
2024-04-29,2024-04-29 14:11:00,1478.8,1478.8,1478.74,1478.74,-0.0,36.49,54039.07,-1
2024-04-29,2024-04-29 14:12:00,1478.74,1478.74,1478.68,1478.68,-0.0,36.49,54039.07,-1
2024-04-29,2024-04-29 14:13:00,1478.68,1478.68,1478.62,1478.62,-0.0,36.49,54039.07,-1
2024-04-29,2024-04-29 14:14:00,1478.62,1478.62,1478.56,1478.56,-0.0,36.49,54039.07,-1
2024-04-29,2024-04-29 14:15:00,1478.56,1478.56,1478.5,1478.5,-0.0,36.49,54039.07,-1
2024-04-29,2024-04-29 14:16:00,1478.5,1478.5,1478.44,1478.44,-0.0,36.49,54039.07,-1
2024-04-29,2024-04-29 14:17:00,1478.44,1478.44,1478.38,1478.38,-0.0,36.49,54039.07,-1
2024-04-29,2024-04-29 14:18:00,1478.38,1478.38,1478.33,1478.33,-0.0,36.49,54039.07,-1
2024-04-29,2024-04-29 14:19:00,1478.33,1478.33,1478.27,1478.27,-0.0,36.49,54039.07,-1
2024-04-29,2024-04-29 14:20:00,1478.27,1478.27,1478.21,1478.21,-0.0,36.49,54039.07,-1
2024-04-29,2024-04-29 14:21:00,1478.21,1478.21,1478.15,1478.15,-0.0,36.49,54039.07,-1
2024-04-29,2024-04-29 14:22:00,1478.15,1478.15,1478.09,1478.09,-0.0,36.49,54039.07,-1
2024-04-29,2024-04-29 14:23:00,1478.09,1478.09,1478.03,1478.03,-0.0,36.49,54039.07,-1
2024-04-29,2024-04-29 14:24:00,1478.03,1478.03,1477.97,1477.97,-0.0,36.49,54039.07,-1
2024-04-29,2024-04-29 14:25:00,1477.97,1477.97,1477.91,1477.91,-0.0,36.49,54039.07,-1
2024-04-29,2024-04-29 14:26:00,1477.91,1477.91,1477.85,1477.85,-0.0,36.49,54039.07,-1
2024-04-29,2024-04-29 14:27:00,1477.85,1477.85,1477.79,1477.79,-0.0,36.49,54039.07,-1
2024-04-29,2024-04-29 14:28:00,1477.79,1477.79,1477.73,1477.73,-0.0,36.49,54039.07,-1
2024-04-29,2024-04-29 14:29:00,1477.73,1477.73,1477.68,1477.68,-0.0,36.49,54039.07,-1
2024-04-29,2024-04-29 14:30:00,1477.68,1477.68,1477.62,1477.62,-0.0,36.49,54039.07,-1
2024-04-29,2024-04-29 14:31:00,1477.62,1477.62,1477.56,1477.56,-0.0,36.49,54039.07,-1
2024-04-29,2024-04-29 14:32:00,1477.56,1477.56,1477.5,1477.5,-0.0,36.49,54039.07,-1
2024-04-29,2024-04-29 14:33:00,1477.5,1477.5,1477.44,1477.44,-0.0,36.49,54039.07,-1
2024-04-29,2024-04-29 14:34:00,1477.44,1477.44,1477.38,1477.38,-0.0,36.49,54039.07,-1
2024-04-29,2024-04-29 14:35:00,1477.38,1477.38,1477.32,1477.32,-0.0,36.49,54039.07,-1
2024-04-29,2024-04-29 14:36:00,1477.32,1477.32,1477.26,1477.26,-0.0,36.49,54039.07,-1
2024-04-29,2024-04-29 14:37:00,1477.26,1477.26,1477.2,1477.2,-0.0,36.49,54039.07,-1
2024-04-29,2024-04-29 14:38:00,1477.2,1477.2,1477.14,1477.14,-0.0,36.49,54039.07,-1
2024-04-29,2024-04-29 14:39:00,1477.14,1477.14,1477.08,1477.08,-0.0,36.49,54039.07,-1
2024-04-29,2024-04-29 14:40:00,1477.08,1477.08,1477.02,1477.02,-0.0,36.49,54039.07,-1
2024-04-29,2024-04-29 14:41:00,1477.02,1477.02,1476.97,1476.97,-0.0,36.49,54039.07,-1
2024-04-29,2024-04-29 14:42:00,1476.97,1476.97,1476.91,1476.91,-0.0,36.49,54039.07,-1
2024-04-29,2024-04-29 14:43:00,1476.91,1476.91,1476.85,1476.85,-0.0,36.49,54039.07,-1
2024-04-29,2024-04-29 14:44:00,1476.85,1476.85,1476.79,1476.79,-0.0,36.49,54039.07,-1
2024-04-29,2024-04-29 14:45:00,1476.79,1476.79,1476.73,1476.73,-0.0,36.49,54039.07,-1
2024-04-29,2024-04-29 14:46:00,1476.73,1476.73,1476.67,1476.67,-0.0,36.49,54039.07,-1
2024-04-29,2024-04-29 14:47:00,1476.67,1476.67,1476.61,1476.61,-0.0,36.49,54039.07,-1
2024-04-29,2024-04-29 14:48:00,1476.61,1476.61,1476.55,1476.55,-0.0,36.49,54039.07,-1
2024-04-29,2024-04-29 14:49:00,1476.55,1476.55,1476.49,1476.49,-0.0,36.49,54039.07,-1
2024-04-29,2024-04-29 14:50:00,1476.49,1476.49,1476.43,1476.43,-0.0,36.49,54039.07,-1
2024-04-29,2024-04-29 14:51:00,1476.43,1476.43,1476.37,1476.37,-0.0,36.49,54039.07,-1
2024-04-29,2024-04-29 14:52:00,1476.37,1476.37,1476.31,1476.31,-0.0,36.49,54039.07,-1
2024-04-29,2024-04-29 14:53:00,1476.31,1476.31,1476.26,1476.26,-0.0,36.49,54039.07,-1
2024-04-29,2024-04-29 14:54:00,1476.26,1476.26,1476.2,1476.2,-0.0,36.49,54039.07,-1
2024-04-29,2024-04-29 14:55:00,1476.2,1476.2,1476.14,1476.14,-0.0,36.49,54039.07,-1
2024-04-29,2024-04-29 14:56:00,1476.14,1476.14,1476.08,1476.08,-0.0,36.49,54039.07,-1
2024-04-29,2024-04-29 14:57:00,1476.08,1476.08,1476.02,1476.02,-0.0,36.49,54039.07,-1
2024-04-29,2024-04-29 14:58:00,1476.02,1476.02,1475.96,1475.96,-0.0,36.49,54039.07,-1
2024-04-29,2024-04-29 14:59:00,1475.96,1475.96,1475.9,1475.9,-0.0,36.49,54039.07,-1
2024-04-29,2024-04-29 15:00:00,1475.9,1520.0,1460.0,1475.9,0.0,36.49,54039.07,0
2024-04-30,2024-04-30 11:00:00,1460.0,1473.5,1442.0,1460.15,0.01,66.63,96333.09,1
2024-04-30,2024-04-30 11:01:00,1460.15,1460.29,1460.15,1460.29,0.01,66.63,96333.09,1
2024-04-30,2024-04-30 11:02:00,1460.29,1460.44,1460.29,1460.44,0.01,66.63,96333.09,1
2024-04-30,2024-04-30 11:03:00,1460.44,1460.58,1460.44,1460.58,0.01,66.63,96333.09,1
2024-04-30,2024-04-30 11:04:00,1460.58,1460.73,1460.58,1460.73,0.01,66.63,96333.09,1
2024-04-30,2024-04-30 11:05:00,1460.73,1460.88,1460.73,1460.88,0.01,66.63,96333.09,1
2024-04-30,2024-04-30 11:06:00,1460.88,1461.02,1460.88,1461.02,0.01,66.63,96333.09,1
2024-04-30,2024-04-30 11:07:00,1461.02,1461.17,1461.02,1461.17,0.01,66.63,96333.09,1
2024-04-30,2024-04-30 11:08:00,1461.17,1461.31,1461.17,1461.31,0.01,66.63,96333.09,1
2024-04-30,2024-04-30 11:09:00,1461.31,1461.46,1461.31,1461.46,0.01,66.63,96333.09,1
2024-04-30,2024-04-30 11:10:00,1461.46,1461.6,1461.46,1461.6,0.01,66.63,96333.09,1
2024-04-30,2024-04-30 11:11:00,1461.6,1461.75,1461.6,1461.75,0.01,66.63,96333.09,1
2024-04-30,2024-04-30 11:12:00,1461.75,1461.9,1461.75,1461.9,0.01,66.63,96333.09,1
2024-04-30,2024-04-30 11:13:00,1461.9,1462.04,1461.9,1462.04,0.01,66.63,96333.09,1
2024-04-30,2024-04-30 11:14:00,1462.04,1462.19,1462.04,1462.19,0.01,66.63,96333.09,1
2024-04-30,2024-04-30 11:15:00,1462.19,1462.33,1462.19,1462.33,0.01,66.63,96333.09,1
2024-04-30,2024-04-30 11:16:00,1462.33,1462.48,1462.33,1462.48,0.01,66.63,96333.09,1
2024-04-30,2024-04-30 11:17:00,1462.48,1462.62,1462.48,1462.62,0.01,66.63,96333.09,1
2024-04-30,2024-04-30 11:18:00,1462.62,1462.77,1462.62,1462.77,0.01,66.63,96333.09,1
2024-04-30,2024-04-30 11:19:00,1462.77,1462.92,1462.77,1462.92,0.01,66.63,96333.09,1
2024-04-30,2024-04-30 11:20:00,1462.92,1463.06,1462.92,1463.06,0.01,66.63,96333.09,1
2024-04-30,2024-04-30 11:21:00,1463.06,1463.21,1463.06,1463.21,0.01,66.63,96333.09,1
2024-04-30,2024-04-30 11:22:00,1463.21,1463.35,1463.21,1463.35,0.01,66.63,96333.09,1
2024-04-30,2024-04-30 11:23:00,1463.35,1463.5,1463.35,1463.5,0.01,66.63,96333.09,1
2024-04-30,2024-04-30 11:24:00,1463.5,1463.65,1463.5,1463.65,0.01,66.63,96333.09,1
2024-04-30,2024-04-30 11:25:00,1463.65,1463.79,1463.65,1463.79,0.01,66.63,96333.09,1
2024-04-30,2024-04-30 11:26:00,1463.79,1463.94,1463.79,1463.94,0.01,66.63,96333.09,1
2024-04-30,2024-04-30 11:27:00,1463.94,1464.08,1463.94,1464.08,0.01,66.63,96333.09,1
2024-04-30,2024-04-30 11:28:00,1464.08,1464.23,1464.08,1464.23,0.01,66.63,96333.09,1
2024-04-30,2024-04-30 11:29:00,1464.23,1464.38,1464.23,1464.38,0.01,66.63,96333.09,1
2024-04-30,2024-04-30 11:30:00,1464.38,1464.52,1464.38,1464.52,0.01,66.63,96333.09,1
2024-04-30,2024-04-30 11:31:00,1464.52,1464.67,1464.52,1464.67,0.01,66.63,96333.09,1
2024-04-30,2024-04-30 11:32:00,1464.67,1464.81,1464.67,1464.81,0.01,66.63,96333.09,1
2024-04-30,2024-04-30 11:33:00,1464.81,1464.96,1464.81,1464.96,0.01,66.63,96333.09,1
2024-04-30,2024-04-30 11:34:00,1464.96,1465.1,1464.96,1465.1,0.01,66.63,96333.09,1
2024-04-30,2024-04-30 11:35:00,1465.1,1465.25,1465.1,1465.25,0.01,66.63,96333.09,1
2024-04-30,2024-04-30 11:36:00,1465.25,1465.4,1465.25,1465.4,0.01,66.63,96333.09,1
2024-04-30,2024-04-30 11:37:00,1465.4,1465.54,1465.4,1465.54,0.01,66.63,96333.09,1
2024-04-30,2024-04-30 11:38:00,1465.54,1465.69,1465.54,1465.69,0.01,66.63,96333.09,1
2024-04-30,2024-04-30 11:39:00,1465.69,1465.83,1465.69,1465.83,0.01,66.63,96333.09,1
2024-04-30,2024-04-30 11:40:00,1465.83,1465.98,1465.83,1465.98,0.01,66.63,96333.09,1
2024-04-30,2024-04-30 11:41:00,1465.98,1466.12,1465.98,1466.12,0.01,66.63,96333.09,1
2024-04-30,2024-04-30 11:42:00,1466.12,1466.27,1466.12,1466.27,0.01,66.63,96333.09,1
2024-04-30,2024-04-30 11:43:00,1466.27,1466.42,1466.27,1466.42,0.01,66.63,96333.09,1
2024-04-30,2024-04-30 11:44:00,1466.42,1466.56,1466.42,1466.56,0.01,66.63,96333.09,1
2024-04-30,2024-04-30 11:45:00,1466.56,1466.71,1466.56,1466.71,0.01,66.63,96333.09,1
2024-04-30,2024-04-30 11:46:00,1466.71,1466.85,1466.71,1466.85,0.01,66.63,96333.09,1
2024-04-30,2024-04-30 11:47:00,1466.85,1467.0,1466.85,1467.0,0.01,66.63,96333.09,1
2024-04-30,2024-04-30 11:48:00,1467.0,1467.15,1467.0,1467.15,0.01,66.63,96333.09,1
2024-04-30,2024-04-30 11:49:00,1467.15,1467.29,1467.15,1467.29,0.01,66.63,96333.09,1
2024-04-30,2024-04-30 11:50:00,1467.29,1467.44,1467.29,1467.44,0.01,66.63,96333.09,1
2024-04-30,2024-04-30 11:51:00,1467.44,1467.58,1467.44,1467.58,0.01,66.63,96333.09,1
2024-04-30,2024-04-30 11:52:00,1467.58,1467.73,1467.58,1467.73,0.01,66.63,96333.09,1
2024-04-30,2024-04-30 11:53:00,1467.73,1467.88,1467.73,1467.88,0.01,66.63,96333.09,1
2024-04-30,2024-04-30 11:54:00,1467.88,1468.02,1467.88,1468.02,0.01,66.63,96333.09,1
2024-04-30,2024-04-30 11:55:00,1468.02,1468.17,1468.02,1468.17,0.01,66.63,96333.09,1
2024-04-30,2024-04-30 11:56:00,1468.17,1468.31,1468.17,1468.31,0.01,66.63,96333.09,1
2024-04-30,2024-04-30 11:57:00,1468.31,1468.46,1468.31,1468.46,0.01,66.63,96333.09,1
2024-04-30,2024-04-30 11:58:00,1468.46,1468.6,1468.46,1468.6,0.01,66.63,96333.09,1
2024-04-30,2024-04-30 11:59:00,1468.6,1468.75,1468.6,1468.75,0.01,66.63,96333.09,1
2024-04-30,2024-04-30 12:00:00,1468.75,1468.9,1468.75,1468.9,0.01,66.63,96333.09,1
2024-04-30,2024-04-30 12:01:00,1468.9,1469.04,1468.9,1469.04,0.01,66.63,96333.09,1
2024-04-30,2024-04-30 12:02:00,1469.04,1469.19,1469.04,1469.19,0.01,66.63,96333.09,1
2024-04-30,2024-04-30 12:03:00,1469.19,1469.33,1469.19,1469.33,0.01,66.63,96333.09,1
2024-04-30,2024-04-30 12:04:00,1469.33,1469.48,1469.33,1469.48,0.01,66.63,96333.09,1
2024-04-30,2024-04-30 12:05:00,1469.48,1469.62,1469.48,1469.62,0.01,66.63,96333.09,1
2024-04-30,2024-04-30 12:06:00,1469.62,1469.77,1469.62,1469.77,0.01,66.63,96333.09,1
2024-04-30,2024-04-30 12:07:00,1469.77,1469.92,1469.77,1469.92,0.01,66.63,96333.09,1
2024-04-30,2024-04-30 12:08:00,1469.92,1470.06,1469.92,1470.06,0.01,66.63,96333.09,1
2024-04-30,2024-04-30 12:09:00,1470.06,1470.21,1470.06,1470.21,0.01,66.63,96333.09,1
2024-04-30,2024-04-30 12:10:00,1470.21,1470.35,1470.21,1470.35,0.01,66.63,96333.09,1
2024-04-30,2024-04-30 12:11:00,1470.35,1470.5,1470.35,1470.5,0.01,66.63,96333.09,1
2024-04-30,2024-04-30 12:12:00,1470.5,1470.65,1470.5,1470.65,0.01,66.63,96333.09,1
2024-04-30,2024-04-30 12:13:00,1470.65,1470.79,1470.65,1470.79,0.01,66.63,96333.09,1
2024-04-30,2024-04-30 12:14:00,1470.79,1470.94,1470.79,1470.94,0.01,66.63,96333.09,1
2024-04-30,2024-04-30 12:15:00,1470.94,1471.08,1470.94,1471.08,0.01,66.63,96333.09,1
2024-04-30,2024-04-30 12:16:00,1471.08,1471.23,1471.08,1471.23,0.01,66.63,96333.09,1
2024-04-30,2024-04-30 12:17:00,1471.23,1471.38,1471.23,1471.38,0.01,66.63,96333.09,1
2024-04-30,2024-04-30 12:18:00,1471.38,1471.52,1471.38,1471.52,0.01,66.63,96333.09,1
2024-04-30,2024-04-30 12:19:00,1471.52,1471.67,1471.52,1471.67,0.01,66.63,96333.09,1
2024-04-30,2024-04-30 12:20:00,1471.67,1471.81,1471.67,1471.81,0.01,66.63,96333.09,1
2024-04-30,2024-04-30 12:21:00,1471.81,1471.96,1471.81,1471.96,0.01,66.63,96333.09,1
2024-04-30,2024-04-30 12:22:00,1471.96,1472.1,1471.96,1472.1,0.01,66.63,96333.09,1
2024-04-30,2024-04-30 12:23:00,1472.1,1472.25,1472.1,1472.25,0.01,66.63,96333.09,1
2024-04-30,2024-04-30 12:24:00,1472.25,1472.4,1472.25,1472.4,0.01,66.63,96333.09,1
2024-04-30,2024-04-30 12:25:00,1472.4,1472.54,1472.4,1472.54,0.01,66.63,96333.09,1
2024-04-30,2024-04-30 12:26:00,1472.54,1472.69,1472.54,1472.69,0.01,66.63,96333.09,1
2024-04-30,2024-04-30 12:27:00,1472.69,1472.83,1472.69,1472.83,0.01,66.63,96333.09,1
2024-04-30,2024-04-30 12:28:00,1472.83,1472.98,1472.83,1472.98,0.01,66.63,96333.09,1
2024-04-30,2024-04-30 12:29:00,1472.98,1473.12,1472.98,1473.12,0.01,66.63,96333.09,1
2024-04-30,2024-04-30 12:30:00,1473.12,1473.27,1473.12,1473.27,0.01,66.63,96333.09,1
2024-04-30,2024-04-30 12:31:00,1473.27,1473.42,1473.27,1473.42,0.01,66.63,96333.09,1
2024-04-30,2024-04-30 12:32:00,1473.42,1473.56,1473.42,1473.56,0.01,66.63,96333.09,1
2024-04-30,2024-04-30 12:33:00,1473.56,1473.71,1473.56,1473.71,0.01,66.63,96333.09,1
2024-04-30,2024-04-30 12:34:00,1473.71,1473.85,1473.71,1473.85,0.01,66.63,96333.09,1
2024-04-30,2024-04-30 12:35:00,1473.85,1474.0,1473.85,1474.0,0.01,66.63,96333.09,1
2024-04-30,2024-04-30 12:36:00,1474.0,1474.15,1474.0,1474.15,0.01,66.63,96333.09,1
2024-04-30,2024-04-30 12:37:00,1474.15,1474.29,1474.15,1474.29,0.01,66.63,96333.09,1
2024-04-30,2024-04-30 12:38:00,1474.29,1474.44,1474.29,1474.44,0.01,66.63,96333.09,1
2024-04-30,2024-04-30 12:39:00,1474.44,1474.58,1474.44,1474.58,0.01,66.63,96333.09,1
2024-04-30,2024-04-30 12:40:00,1474.58,1474.73,1474.58,1474.73,0.01,66.63,96333.09,1
2024-04-30,2024-04-30 12:41:00,1474.73,1474.88,1474.73,1474.88,0.01,66.63,96333.09,1
2024-04-30,2024-04-30 12:42:00,1474.88,1475.02,1474.88,1475.02,0.01,66.63,96333.09,1
2024-04-30,2024-04-30 12:43:00,1475.02,1475.17,1475.02,1475.17,0.01,66.63,96333.09,1
2024-04-30,2024-04-30 12:44:00,1475.17,1475.31,1475.17,1475.31,0.01,66.63,96333.09,1
2024-04-30,2024-04-30 12:45:00,1475.31,1475.46,1475.31,1475.46,0.01,66.63,96333.09,1
2024-04-30,2024-04-30 12:46:00,1475.46,1475.6,1475.46,1475.6,0.01,66.63,96333.09,1
2024-04-30,2024-04-30 12:47:00,1475.6,1475.75,1475.6,1475.75,0.01,66.63,96333.09,1
2024-04-30,2024-04-30 12:48:00,1475.75,1475.9,1475.75,1475.9,0.01,66.63,96333.09,1
2024-04-30,2024-04-30 12:49:00,1475.9,1476.04,1475.9,1476.04,0.01,66.63,96333.09,1
2024-04-30,2024-04-30 12:50:00,1476.04,1476.19,1476.04,1476.19,0.01,66.63,96333.09,1
2024-04-30,2024-04-30 12:51:00,1476.19,1476.33,1476.19,1476.33,0.01,66.63,96333.09,1
2024-04-30,2024-04-30 12:52:00,1476.33,1476.48,1476.33,1476.48,0.01,66.63,96333.09,1
2024-04-30,2024-04-30 12:53:00,1476.48,1476.62,1476.48,1476.62,0.01,66.63,96333.09,1
2024-04-30,2024-04-30 12:54:00,1476.62,1476.77,1476.62,1476.77,0.01,66.63,96333.09,1
2024-04-30,2024-04-30 12:55:00,1476.77,1476.92,1476.77,1476.92,0.01,66.63,96333.09,1
2024-04-30,2024-04-30 12:56:00,1476.92,1477.06,1476.92,1477.06,0.01,66.63,96333.09,1
2024-04-30,2024-04-30 12:57:00,1477.06,1477.21,1477.06,1477.21,0.01,66.63,96333.09,1
2024-04-30,2024-04-30 12:58:00,1477.21,1477.35,1477.21,1477.35,0.01,66.63,96333.09,1
2024-04-30,2024-04-30 12:59:00,1477.35,1477.5,1477.35,1477.5,0.01,66.63,96333.09,1
2024-04-30,2024-04-30 13:00:00,1477.5,1505.0,1400.0,1477.65,0.01,66.63,96333.09,1
2024-04-30,2024-04-30 13:01:00,1477.65,1477.79,1477.65,1477.79,0.01,66.63,96333.09,1
2024-04-30,2024-04-30 13:02:00,1477.79,1477.94,1477.79,1477.94,0.01,66.63,96333.09,1
2024-04-30,2024-04-30 13:03:00,1477.94,1478.08,1477.94,1478.08,0.01,66.63,96333.09,1
2024-04-30,2024-04-30 13:04:00,1478.08,1478.23,1478.08,1478.23,0.01,66.63,96333.09,1
2024-04-30,2024-04-30 13:05:00,1478.23,1478.38,1478.23,1478.38,0.01,66.63,96333.09,1
2024-04-30,2024-04-30 13:06:00,1478.38,1478.52,1478.38,1478.52,0.01,66.63,96333.09,1
2024-04-30,2024-04-30 13:07:00,1478.52,1478.67,1478.52,1478.67,0.01,66.63,96333.09,1
2024-04-30,2024-04-30 13:08:00,1478.67,1478.81,1478.67,1478.81,0.01,66.63,96333.09,1
2024-04-30,2024-04-30 13:09:00,1478.81,1478.96,1478.81,1478.96,0.01,66.63,96333.09,1
2024-04-30,2024-04-30 13:10:00,1478.96,1479.1,1478.96,1479.1,0.01,66.63,96333.09,1
2024-04-30,2024-04-30 13:11:00,1479.1,1479.25,1479.1,1479.25,0.01,66.63,96333.09,1
2024-04-30,2024-04-30 13:12:00,1479.25,1479.4,1479.25,1479.4,0.01,66.63,96333.09,1
2024-04-30,2024-04-30 13:13:00,1479.4,1479.54,1479.4,1479.54,0.01,66.63,96333.09,1
2024-04-30,2024-04-30 13:14:00,1479.54,1479.69,1479.54,1479.69,0.01,66.63,96333.09,1
2024-04-30,2024-04-30 13:15:00,1479.69,1479.83,1479.69,1479.83,0.01,66.63,96333.09,1
2024-04-30,2024-04-30 13:16:00,1479.83,1479.98,1479.83,1479.98,0.01,66.63,96333.09,1
2024-04-30,2024-04-30 13:17:00,1479.98,1480.12,1479.98,1480.12,0.01,66.63,96333.09,1
2024-04-30,2024-04-30 13:18:00,1480.12,1480.27,1480.12,1480.27,0.01,66.63,96333.09,1
2024-04-30,2024-04-30 13:19:00,1480.27,1480.42,1480.27,1480.42,0.01,66.63,96333.09,1
2024-04-30,2024-04-30 13:20:00,1480.42,1480.56,1480.42,1480.56,0.01,66.63,96333.09,1
2024-04-30,2024-04-30 13:21:00,1480.56,1480.71,1480.56,1480.71,0.01,66.63,96333.09,1
2024-04-30,2024-04-30 13:22:00,1480.71,1480.85,1480.71,1480.85,0.01,66.63,96333.09,1
2024-04-30,2024-04-30 13:23:00,1480.85,1481.0,1480.85,1481.0,0.01,66.63,96333.09,1
2024-04-30,2024-04-30 13:24:00,1481.0,1481.15,1481.0,1481.15,0.01,66.63,96333.09,1
2024-04-30,2024-04-30 13:25:00,1481.15,1481.29,1481.15,1481.29,0.01,66.63,96333.09,1
2024-04-30,2024-04-30 13:26:00,1481.29,1481.44,1481.29,1481.44,0.01,66.63,96333.09,1
2024-04-30,2024-04-30 13:27:00,1481.44,1481.58,1481.44,1481.58,0.01,66.63,96333.09,1
2024-04-30,2024-04-30 13:28:00,1481.58,1481.73,1481.58,1481.73,0.01,66.63,96333.09,1
2024-04-30,2024-04-30 13:29:00,1481.73,1481.88,1481.73,1481.88,0.01,66.63,96333.09,1
2024-04-30,2024-04-30 13:30:00,1481.88,1482.02,1481.88,1482.02,0.01,66.63,96333.09,1
2024-04-30,2024-04-30 13:31:00,1482.02,1482.17,1482.02,1482.17,0.01,66.63,96333.09,1
2024-04-30,2024-04-30 13:32:00,1482.17,1482.31,1482.17,1482.31,0.01,66.63,96333.09,1
2024-04-30,2024-04-30 13:33:00,1482.31,1482.46,1482.31,1482.46,0.01,66.63,96333.09,1
2024-04-30,2024-04-30 13:34:00,1482.46,1482.6,1482.46,1482.6,0.01,66.63,96333.09,1
2024-04-30,2024-04-30 13:35:00,1482.6,1482.75,1482.6,1482.75,0.01,66.63,96333.09,1
2024-04-30,2024-04-30 13:36:00,1482.75,1482.9,1482.75,1482.9,0.01,66.63,96333.09,1
2024-04-30,2024-04-30 13:37:00,1482.9,1483.04,1482.9,1483.04,0.01,66.63,96333.09,1
2024-04-30,2024-04-30 13:38:00,1483.04,1483.19,1483.04,1483.19,0.01,66.63,96333.09,1
2024-04-30,2024-04-30 13:39:00,1483.19,1483.33,1483.19,1483.33,0.01,66.63,96333.09,1
2024-04-30,2024-04-30 13:40:00,1483.33,1483.48,1483.33,1483.48,0.01,66.63,96333.09,1
2024-04-30,2024-04-30 13:41:00,1483.48,1483.62,1483.48,1483.62,0.01,66.63,96333.09,1
2024-04-30,2024-04-30 13:42:00,1483.62,1483.77,1483.62,1483.77,0.01,66.63,96333.09,1
2024-04-30,2024-04-30 13:43:00,1483.77,1483.92,1483.77,1483.92,0.01,66.63,96333.09,1
2024-04-30,2024-04-30 13:44:00,1483.92,1484.06,1483.92,1484.06,0.01,66.63,96333.09,1
2024-04-30,2024-04-30 13:45:00,1484.06,1484.21,1484.06,1484.21,0.01,66.63,96333.09,1
2024-04-30,2024-04-30 13:46:00,1484.21,1484.35,1484.21,1484.35,0.01,66.63,96333.09,1
2024-04-30,2024-04-30 13:47:00,1484.35,1484.5,1484.35,1484.5,0.01,66.63,96333.09,1
2024-04-30,2024-04-30 13:48:00,1484.5,1484.65,1484.5,1484.65,0.01,66.63,96333.09,1
2024-04-30,2024-04-30 13:49:00,1484.65,1484.79,1484.65,1484.79,0.01,66.63,96333.09,1
2024-04-30,2024-04-30 13:50:00,1484.79,1484.94,1484.79,1484.94,0.01,66.63,96333.09,1
2024-04-30,2024-04-30 13:51:00,1484.94,1485.08,1484.94,1485.08,0.01,66.63,96333.09,1
2024-04-30,2024-04-30 13:52:00,1485.08,1485.23,1485.08,1485.23,0.01,66.63,96333.09,1
2024-04-30,2024-04-30 13:53:00,1485.23,1485.38,1485.23,1485.38,0.01,66.63,96333.09,1
2024-04-30,2024-04-30 13:54:00,1485.38,1485.52,1485.38,1485.52,0.01,66.63,96333.09,1
2024-04-30,2024-04-30 13:55:00,1485.52,1485.67,1485.52,1485.67,0.01,66.63,96333.09,1
2024-04-30,2024-04-30 13:56:00,1485.67,1485.81,1485.67,1485.81,0.01,66.63,96333.09,1
2024-04-30,2024-04-30 13:57:00,1485.81,1485.96,1485.81,1485.96,0.01,66.63,96333.09,1
2024-04-30,2024-04-30 13:58:00,1485.96,1486.1,1485.96,1486.1,0.01,66.63,96333.09,1
2024-04-30,2024-04-30 13:59:00,1486.1,1486.25,1486.1,1486.25,0.01,66.63,96333.09,1
2024-04-30,2024-04-30 14:00:00,1486.25,1486.4,1486.25,1486.4,0.01,66.63,96333.09,1
2024-04-30,2024-04-30 14:01:00,1486.4,1486.54,1486.4,1486.54,0.01,66.63,96333.09,1
2024-04-30,2024-04-30 14:02:00,1486.54,1486.69,1486.54,1486.69,0.01,66.63,96333.09,1
2024-04-30,2024-04-30 14:03:00,1486.69,1486.83,1486.69,1486.83,0.01,66.63,96333.09,1
2024-04-30,2024-04-30 14:04:00,1486.83,1486.98,1486.83,1486.98,0.01,66.63,96333.09,1
2024-04-30,2024-04-30 14:05:00,1486.98,1487.12,1486.98,1487.12,0.01,66.63,96333.09,1
2024-04-30,2024-04-30 14:06:00,1487.12,1487.27,1487.12,1487.27,0.01,66.63,96333.09,1
2024-04-30,2024-04-30 14:07:00,1487.27,1487.42,1487.27,1487.42,0.01,66.63,96333.09,1
2024-04-30,2024-04-30 14:08:00,1487.42,1487.56,1487.42,1487.56,0.01,66.63,96333.09,1
2024-04-30,2024-04-30 14:09:00,1487.56,1487.71,1487.56,1487.71,0.01,66.63,96333.09,1
2024-04-30,2024-04-30 14:10:00,1487.71,1487.85,1487.71,1487.85,0.01,66.63,96333.09,1
2024-04-30,2024-04-30 14:11:00,1487.85,1488.0,1487.85,1488.0,0.01,66.63,96333.09,1
2024-04-30,2024-04-30 14:12:00,1488.0,1488.15,1488.0,1488.15,0.01,66.63,96333.09,1
2024-04-30,2024-04-30 14:13:00,1488.15,1488.29,1488.15,1488.29,0.01,66.63,96333.09,1
2024-04-30,2024-04-30 14:14:00,1488.29,1488.44,1488.29,1488.44,0.01,66.63,96333.09,1
2024-04-30,2024-04-30 14:15:00,1488.44,1488.58,1488.44,1488.58,0.01,66.63,96333.09,1
2024-04-30,2024-04-30 14:16:00,1488.58,1488.73,1488.58,1488.73,0.01,66.63,96333.09,1
2024-04-30,2024-04-30 14:17:00,1488.73,1488.88,1488.73,1488.88,0.01,66.63,96333.09,1
2024-04-30,2024-04-30 14:18:00,1488.88,1489.02,1488.88,1489.02,0.01,66.63,96333.09,1
2024-04-30,2024-04-30 14:19:00,1489.02,1489.17,1489.02,1489.17,0.01,66.63,96333.09,1
2024-04-30,2024-04-30 14:20:00,1489.17,1489.31,1489.17,1489.31,0.01,66.63,96333.09,1
2024-04-30,2024-04-30 14:21:00,1489.31,1489.46,1489.31,1489.46,0.01,66.63,96333.09,1
2024-04-30,2024-04-30 14:22:00,1489.46,1489.6,1489.46,1489.6,0.01,66.63,96333.09,1
2024-04-30,2024-04-30 14:23:00,1489.6,1489.75,1489.6,1489.75,0.01,66.63,96333.09,1
2024-04-30,2024-04-30 14:24:00,1489.75,1489.9,1489.75,1489.9,0.01,66.63,96333.09,1
2024-04-30,2024-04-30 14:25:00,1489.9,1490.04,1489.9,1490.04,0.01,66.63,96333.09,1
2024-04-30,2024-04-30 14:26:00,1490.04,1490.19,1490.04,1490.19,0.01,66.63,96333.09,1
2024-04-30,2024-04-30 14:27:00,1490.19,1490.33,1490.19,1490.33,0.01,66.63,96333.09,1
2024-04-30,2024-04-30 14:28:00,1490.33,1490.48,1490.33,1490.48,0.01,66.63,96333.09,1
2024-04-30,2024-04-30 14:29:00,1490.48,1490.62,1490.48,1490.62,0.01,66.63,96333.09,1
2024-04-30,2024-04-30 14:30:00,1490.62,1490.77,1490.62,1490.77,0.01,66.63,96333.09,1
2024-04-30,2024-04-30 14:31:00,1490.77,1490.92,1490.77,1490.92,0.01,66.63,96333.09,1
2024-04-30,2024-04-30 14:32:00,1490.92,1491.06,1490.92,1491.06,0.01,66.63,96333.09,1
2024-04-30,2024-04-30 14:33:00,1491.06,1491.21,1491.06,1491.21,0.01,66.63,96333.09,1
2024-04-30,2024-04-30 14:34:00,1491.21,1491.35,1491.21,1491.35,0.01,66.63,96333.09,1
2024-04-30,2024-04-30 14:35:00,1491.35,1491.5,1491.35,1491.5,0.01,66.63,96333.09,1
2024-04-30,2024-04-30 14:36:00,1491.5,1491.65,1491.5,1491.65,0.01,66.63,96333.09,1
2024-04-30,2024-04-30 14:37:00,1491.65,1491.79,1491.65,1491.79,0.01,66.63,96333.09,1
2024-04-30,2024-04-30 14:38:00,1491.79,1491.94,1491.79,1491.94,0.01,66.63,96333.09,1
2024-04-30,2024-04-30 14:39:00,1491.94,1492.08,1491.94,1492.08,0.01,66.63,96333.09,1
2024-04-30,2024-04-30 14:40:00,1492.08,1492.23,1492.08,1492.23,0.01,66.63,96333.09,1
2024-04-30,2024-04-30 14:41:00,1492.23,1492.38,1492.23,1492.38,0.01,66.63,96333.09,1
2024-04-30,2024-04-30 14:42:00,1492.38,1492.52,1492.38,1492.52,0.01,66.63,96333.09,1
2024-04-30,2024-04-30 14:43:00,1492.52,1492.67,1492.52,1492.67,0.01,66.63,96333.09,1
2024-04-30,2024-04-30 14:44:00,1492.67,1492.81,1492.67,1492.81,0.01,66.63,96333.09,1
2024-04-30,2024-04-30 14:45:00,1492.81,1492.96,1492.81,1492.96,0.01,66.63,96333.09,1
2024-04-30,2024-04-30 14:46:00,1492.96,1493.1,1492.96,1493.1,0.01,66.63,96333.09,1
2024-04-30,2024-04-30 14:47:00,1493.1,1493.25,1493.1,1493.25,0.01,66.63,96333.09,1
2024-04-30,2024-04-30 14:48:00,1493.25,1493.4,1493.25,1493.4,0.01,66.63,96333.09,1
2024-04-30,2024-04-30 14:49:00,1493.4,1493.54,1493.4,1493.54,0.01,66.63,96333.09,1
2024-04-30,2024-04-30 14:50:00,1493.54,1493.69,1493.54,1493.69,0.01,66.63,96333.09,1
2024-04-30,2024-04-30 14:51:00,1493.69,1493.83,1493.69,1493.83,0.01,66.63,96333.09,1
2024-04-30,2024-04-30 14:52:00,1493.83,1493.98,1493.83,1493.98,0.01,66.63,96333.09,1
2024-04-30,2024-04-30 14:53:00,1493.98,1494.12,1493.98,1494.12,0.01,66.63,96333.09,1
2024-04-30,2024-04-30 14:54:00,1494.12,1494.27,1494.12,1494.27,0.01,66.63,96333.09,1
2024-04-30,2024-04-30 14:55:00,1494.27,1494.42,1494.27,1494.42,0.01,66.63,96333.09,1
2024-04-30,2024-04-30 14:56:00,1494.42,1494.56,1494.42,1494.56,0.01,66.63,96333.09,1
2024-04-30,2024-04-30 14:57:00,1494.56,1494.71,1494.56,1494.71,0.01,66.63,96333.09,1
2024-04-30,2024-04-30 14:58:00,1494.71,1494.85,1494.71,1494.85,0.01,66.63,96333.09,1
2024-04-30,2024-04-30 14:59:00,1494.85,1495.0,1494.85,1495.0,0.01,66.63,96333.09,1
2024-04-30,2024-04-30 15:00:00,1495.0,1505.0,1400.0,1495.0,0.0,66.63,96333.09,0
2024-05-02,2024-05-02 11:00:00,1465.1,1496.18,1465.1,1465.45,0.02,77.98,119921.39,1
2024-05-02,2024-05-02 11:01:00,1465.45,1465.81,1465.45,1465.81,0.02,77.98,119921.39,1
2024-05-02,2024-05-02 11:02:00,1465.81,1466.16,1465.81,1466.16,0.02,77.98,119921.39,1
2024-05-02,2024-05-02 11:03:00,1466.16,1466.51,1466.16,1466.51,0.02,77.98,119921.39,1
2024-05-02,2024-05-02 11:04:00,1466.51,1466.87,1466.51,1466.87,0.02,77.98,119921.39,1
2024-05-02,2024-05-02 11:05:00,1466.87,1467.22,1466.87,1467.22,0.02,77.98,119921.39,1
2024-05-02,2024-05-02 11:06:00,1467.22,1467.58,1467.22,1467.58,0.02,77.98,119921.39,1
2024-05-02,2024-05-02 11:07:00,1467.58,1467.93,1467.58,1467.93,0.02,77.98,119921.39,1
2024-05-02,2024-05-02 11:08:00,1467.93,1468.28,1467.93,1468.28,0.02,77.98,119921.39,1
2024-05-02,2024-05-02 11:09:00,1468.28,1468.64,1468.28,1468.64,0.02,77.98,119921.39,1
2024-05-02,2024-05-02 11:10:00,1468.64,1468.99,1468.64,1468.99,0.02,77.98,119921.39,1
2024-05-02,2024-05-02 11:11:00,1468.99,1469.34,1468.99,1469.34,0.02,77.98,119921.39,1
2024-05-02,2024-05-02 11:12:00,1469.34,1469.7,1469.34,1469.7,0.02,77.98,119921.39,1
2024-05-02,2024-05-02 11:13:00,1469.7,1470.05,1469.7,1470.05,0.02,77.98,119921.39,1
2024-05-02,2024-05-02 11:14:00,1470.05,1470.41,1470.05,1470.41,0.02,77.98,119921.39,1
2024-05-02,2024-05-02 11:15:00,1470.41,1470.76,1470.41,1470.76,0.02,77.98,119921.39,1
2024-05-02,2024-05-02 11:16:00,1470.76,1471.11,1470.76,1471.11,0.02,77.98,119921.39,1
2024-05-02,2024-05-02 11:17:00,1471.11,1471.47,1471.11,1471.47,0.02,77.98,119921.39,1
2024-05-02,2024-05-02 11:18:00,1471.47,1471.82,1471.47,1471.82,0.02,77.98,119921.39,1
2024-05-02,2024-05-02 11:19:00,1471.82,1472.17,1471.82,1472.17,0.02,77.98,119921.39,1
2024-05-02,2024-05-02 11:20:00,1472.17,1472.53,1472.17,1472.53,0.02,77.98,119921.39,1
2024-05-02,2024-05-02 11:21:00,1472.53,1472.88,1472.53,1472.88,0.02,77.98,119921.39,1
2024-05-02,2024-05-02 11:22:00,1472.88,1473.24,1472.88,1473.24,0.02,77.98,119921.39,1
2024-05-02,2024-05-02 11:23:00,1473.24,1473.59,1473.24,1473.59,0.02,77.98,119921.39,1
2024-05-02,2024-05-02 11:24:00,1473.59,1473.94,1473.59,1473.94,0.02,77.98,119921.39,1
2024-05-02,2024-05-02 11:25:00,1473.94,1474.3,1473.94,1474.3,0.02,77.98,119921.39,1
2024-05-02,2024-05-02 11:26:00,1474.3,1474.65,1474.3,1474.65,0.02,77.98,119921.39,1
2024-05-02,2024-05-02 11:27:00,1474.65,1475.0,1474.65,1475.0,0.02,77.98,119921.39,1
2024-05-02,2024-05-02 11:28:00,1475.0,1475.36,1475.0,1475.36,0.02,77.98,119921.39,1
2024-05-02,2024-05-02 11:29:00,1475.36,1475.71,1475.36,1475.71,0.02,77.98,119921.39,1
2024-05-02,2024-05-02 11:30:00,1475.71,1476.07,1475.71,1476.07,0.02,77.98,119921.39,1
2024-05-02,2024-05-02 11:31:00,1476.07,1476.42,1476.07,1476.42,0.02,77.98,119921.39,1
2024-05-02,2024-05-02 11:32:00,1476.42,1476.77,1476.42,1476.77,0.02,77.98,119921.39,1
2024-05-02,2024-05-02 11:33:00,1476.77,1477.13,1476.77,1477.13,0.02,77.98,119921.39,1
2024-05-02,2024-05-02 11:34:00,1477.13,1477.48,1477.13,1477.48,0.02,77.98,119921.39,1
2024-05-02,2024-05-02 11:35:00,1477.48,1477.84,1477.48,1477.84,0.02,77.98,119921.39,1
2024-05-02,2024-05-02 11:36:00,1477.84,1478.19,1477.84,1478.19,0.02,77.98,119921.39,1
2024-05-02,2024-05-02 11:37:00,1478.19,1478.54,1478.19,1478.54,0.02,77.98,119921.39,1
2024-05-02,2024-05-02 11:38:00,1478.54,1478.9,1478.54,1478.9,0.02,77.98,119921.39,1
2024-05-02,2024-05-02 11:39:00,1478.9,1479.25,1478.9,1479.25,0.02,77.98,119921.39,1
2024-05-02,2024-05-02 11:40:00,1479.25,1479.6,1479.25,1479.6,0.02,77.98,119921.39,1
2024-05-02,2024-05-02 11:41:00,1479.6,1479.96,1479.6,1479.96,0.02,77.98,119921.39,1
2024-05-02,2024-05-02 11:42:00,1479.96,1480.31,1479.96,1480.31,0.02,77.98,119921.39,1
2024-05-02,2024-05-02 11:43:00,1480.31,1480.66,1480.31,1480.66,0.02,77.98,119921.39,1
2024-05-02,2024-05-02 11:44:00,1480.66,1481.02,1480.66,1481.02,0.02,77.98,119921.39,1
2024-05-02,2024-05-02 11:45:00,1481.02,1481.37,1481.02,1481.37,0.02,77.98,119921.39,1
2024-05-02,2024-05-02 11:46:00,1481.37,1481.73,1481.37,1481.73,0.02,77.98,119921.39,1
2024-05-02,2024-05-02 11:47:00,1481.73,1482.08,1481.73,1482.08,0.02,77.98,119921.39,1
2024-05-02,2024-05-02 11:48:00,1482.08,1482.43,1482.08,1482.43,0.02,77.98,119921.39,1
2024-05-02,2024-05-02 11:49:00,1482.43,1482.79,1482.43,1482.79,0.02,77.98,119921.39,1
2024-05-02,2024-05-02 11:50:00,1482.79,1483.14,1482.79,1483.14,0.02,77.98,119921.39,1
2024-05-02,2024-05-02 11:51:00,1483.14,1483.49,1483.14,1483.49,0.02,77.98,119921.39,1
2024-05-02,2024-05-02 11:52:00,1483.49,1483.85,1483.49,1483.85,0.02,77.98,119921.39,1
2024-05-02,2024-05-02 11:53:00,1483.85,1484.2,1483.85,1484.2,0.02,77.98,119921.39,1
2024-05-02,2024-05-02 11:54:00,1484.2,1484.56,1484.2,1484.56,0.02,77.98,119921.39,1
2024-05-02,2024-05-02 11:55:00,1484.56,1484.91,1484.56,1484.91,0.02,77.98,119921.39,1
2024-05-02,2024-05-02 11:56:00,1484.91,1485.26,1484.91,1485.26,0.02,77.98,119921.39,1
2024-05-02,2024-05-02 11:57:00,1485.26,1485.62,1485.26,1485.62,0.02,77.98,119921.39,1
2024-05-02,2024-05-02 11:58:00,1485.62,1485.97,1485.62,1485.97,0.02,77.98,119921.39,1
2024-05-02,2024-05-02 11:59:00,1485.97,1486.32,1485.97,1486.32,0.02,77.98,119921.39,1
2024-05-02,2024-05-02 12:00:00,1486.32,1486.68,1486.32,1486.68,0.02,77.98,119921.39,1
2024-05-02,2024-05-02 12:01:00,1486.68,1487.03,1486.68,1487.03,0.02,77.98,119921.39,1
2024-05-02,2024-05-02 12:02:00,1487.03,1487.39,1487.03,1487.39,0.02,77.98,119921.39,1
2024-05-02,2024-05-02 12:03:00,1487.39,1487.74,1487.39,1487.74,0.02,77.98,119921.39,1
2024-05-02,2024-05-02 12:04:00,1487.74,1488.09,1487.74,1488.09,0.02,77.98,119921.39,1
2024-05-02,2024-05-02 12:05:00,1488.09,1488.45,1488.09,1488.45,0.02,77.98,119921.39,1
2024-05-02,2024-05-02 12:06:00,1488.45,1488.8,1488.45,1488.8,0.02,77.98,119921.39,1
2024-05-02,2024-05-02 12:07:00,1488.8,1489.15,1488.8,1489.15,0.02,77.98,119921.39,1
2024-05-02,2024-05-02 12:08:00,1489.15,1489.51,1489.15,1489.51,0.02,77.98,119921.39,1
2024-05-02,2024-05-02 12:09:00,1489.51,1489.86,1489.51,1489.86,0.02,77.98,119921.39,1
2024-05-02,2024-05-02 12:10:00,1489.86,1490.22,1489.86,1490.22,0.02,77.98,119921.39,1
2024-05-02,2024-05-02 12:11:00,1490.22,1490.57,1490.22,1490.57,0.02,77.98,119921.39,1
2024-05-02,2024-05-02 12:12:00,1490.57,1490.92,1490.57,1490.92,0.02,77.98,119921.39,1
2024-05-02,2024-05-02 12:13:00,1490.92,1491.28,1490.92,1491.28,0.02,77.98,119921.39,1
2024-05-02,2024-05-02 12:14:00,1491.28,1491.63,1491.28,1491.63,0.02,77.98,119921.39,1
2024-05-02,2024-05-02 12:15:00,1491.63,1491.98,1491.63,1491.98,0.02,77.98,119921.39,1
2024-05-02,2024-05-02 12:16:00,1491.98,1492.34,1491.98,1492.34,0.02,77.98,119921.39,1
2024-05-02,2024-05-02 12:17:00,1492.34,1492.69,1492.34,1492.69,0.02,77.98,119921.39,1
2024-05-02,2024-05-02 12:18:00,1492.69,1493.05,1492.69,1493.05,0.02,77.98,119921.39,1
2024-05-02,2024-05-02 12:19:00,1493.05,1493.4,1493.05,1493.4,0.02,77.98,119921.39,1
2024-05-02,2024-05-02 12:20:00,1493.4,1493.75,1493.4,1493.75,0.02,77.98,119921.39,1
2024-05-02,2024-05-02 12:21:00,1493.75,1494.11,1493.75,1494.11,0.02,77.98,119921.39,1
2024-05-02,2024-05-02 12:22:00,1494.11,1494.46,1494.11,1494.46,0.02,77.98,119921.39,1
2024-05-02,2024-05-02 12:23:00,1494.46,1494.81,1494.46,1494.81,0.02,77.98,119921.39,1
2024-05-02,2024-05-02 12:24:00,1494.81,1495.17,1494.81,1495.17,0.02,77.98,119921.39,1
2024-05-02,2024-05-02 12:25:00,1495.17,1495.52,1495.17,1495.52,0.02,77.98,119921.39,1
2024-05-02,2024-05-02 12:26:00,1495.52,1495.88,1495.52,1495.88,0.02,77.98,119921.39,1
2024-05-02,2024-05-02 12:27:00,1495.88,1496.23,1495.88,1496.23,0.02,77.98,119921.39,1
2024-05-02,2024-05-02 12:28:00,1496.23,1496.58,1496.23,1496.58,0.02,77.98,119921.39,1
2024-05-02,2024-05-02 12:29:00,1496.58,1496.94,1496.58,1496.94,0.02,77.98,119921.39,1
2024-05-02,2024-05-02 12:30:00,1496.94,1497.29,1496.94,1497.29,0.02,77.98,119921.39,1
2024-05-02,2024-05-02 12:31:00,1497.29,1497.64,1497.29,1497.64,0.02,77.98,119921.39,1
2024-05-02,2024-05-02 12:32:00,1497.64,1498.0,1497.64,1498.0,0.02,77.98,119921.39,1
2024-05-02,2024-05-02 12:33:00,1498.0,1498.35,1498.0,1498.35,0.02,77.98,119921.39,1
2024-05-02,2024-05-02 12:34:00,1498.35,1498.71,1498.35,1498.71,0.02,77.98,119921.39,1
2024-05-02,2024-05-02 12:35:00,1498.71,1499.06,1498.71,1499.06,0.02,77.98,119921.39,1
2024-05-02,2024-05-02 12:36:00,1499.06,1499.41,1499.06,1499.41,0.02,77.98,119921.39,1
2024-05-02,2024-05-02 12:37:00,1499.41,1499.77,1499.41,1499.77,0.02,77.98,119921.39,1
2024-05-02,2024-05-02 12:38:00,1499.77,1500.12,1499.77,1500.12,0.02,77.98,119921.39,1
2024-05-02,2024-05-02 12:39:00,1500.12,1500.47,1500.12,1500.47,0.02,77.98,119921.39,1
2024-05-02,2024-05-02 12:40:00,1500.47,1500.83,1500.47,1500.83,0.02,77.98,119921.39,1
2024-05-02,2024-05-02 12:41:00,1500.83,1501.18,1500.83,1501.18,0.02,77.98,119921.39,1
2024-05-02,2024-05-02 12:42:00,1501.18,1501.54,1501.18,1501.54,0.02,77.98,119921.39,1
2024-05-02,2024-05-02 12:43:00,1501.54,1501.89,1501.54,1501.89,0.02,77.98,119921.39,1
2024-05-02,2024-05-02 12:44:00,1501.89,1502.24,1501.89,1502.24,0.02,77.98,119921.39,1
2024-05-02,2024-05-02 12:45:00,1502.24,1502.6,1502.24,1502.6,0.02,77.98,119921.39,1
2024-05-02,2024-05-02 12:46:00,1502.6,1502.95,1502.6,1502.95,0.02,77.98,119921.39,1
2024-05-02,2024-05-02 12:47:00,1502.95,1503.3,1502.95,1503.3,0.02,77.98,119921.39,1
2024-05-02,2024-05-02 12:48:00,1503.3,1503.66,1503.3,1503.66,0.02,77.98,119921.39,1
2024-05-02,2024-05-02 12:49:00,1503.66,1504.01,1503.66,1504.01,0.02,77.98,119921.39,1
2024-05-02,2024-05-02 12:50:00,1504.01,1504.37,1504.01,1504.37,0.02,77.98,119921.39,1
2024-05-02,2024-05-02 12:51:00,1504.37,1504.72,1504.37,1504.72,0.02,77.98,119921.39,1
2024-05-02,2024-05-02 12:52:00,1504.72,1505.07,1504.72,1505.07,0.02,77.98,119921.39,1
2024-05-02,2024-05-02 12:53:00,1505.07,1505.43,1505.07,1505.43,0.02,77.98,119921.39,1
2024-05-02,2024-05-02 12:54:00,1505.43,1505.78,1505.43,1505.78,0.02,77.98,119921.39,1
2024-05-02,2024-05-02 12:55:00,1505.78,1506.13,1505.78,1506.13,0.02,77.98,119921.39,1
2024-05-02,2024-05-02 12:56:00,1506.13,1506.49,1506.13,1506.49,0.02,77.98,119921.39,1
2024-05-02,2024-05-02 12:57:00,1506.49,1506.84,1506.49,1506.84,0.02,77.98,119921.39,1
2024-05-02,2024-05-02 12:58:00,1506.84,1507.2,1506.84,1507.2,0.02,77.98,119921.39,1
2024-05-02,2024-05-02 12:59:00,1507.2,1507.55,1507.2,1507.55,0.02,77.98,119921.39,1
2024-05-02,2024-05-02 13:00:00,1507.55,1568.7,1465.1,1507.9,0.02,77.98,119921.39,1
2024-05-02,2024-05-02 13:01:00,1507.9,1508.26,1507.9,1508.26,0.02,77.98,119921.39,1
2024-05-02,2024-05-02 13:02:00,1508.26,1508.61,1508.26,1508.61,0.02,77.98,119921.39,1
2024-05-02,2024-05-02 13:03:00,1508.61,1508.96,1508.61,1508.96,0.02,77.98,119921.39,1
2024-05-02,2024-05-02 13:04:00,1508.96,1509.32,1508.96,1509.32,0.02,77.98,119921.39,1
2024-05-02,2024-05-02 13:05:00,1509.32,1509.67,1509.32,1509.67,0.02,77.98,119921.39,1
2024-05-02,2024-05-02 13:06:00,1509.67,1510.03,1509.67,1510.03,0.02,77.98,119921.39,1
2024-05-02,2024-05-02 13:07:00,1510.03,1510.38,1510.03,1510.38,0.02,77.98,119921.39,1
2024-05-02,2024-05-02 13:08:00,1510.38,1510.73,1510.38,1510.73,0.02,77.98,119921.39,1
2024-05-02,2024-05-02 13:09:00,1510.73,1511.09,1510.73,1511.09,0.02,77.98,119921.39,1
2024-05-02,2024-05-02 13:10:00,1511.09,1511.44,1511.09,1511.44,0.02,77.98,119921.39,1
2024-05-02,2024-05-02 13:11:00,1511.44,1511.8,1511.44,1511.8,0.02,77.98,119921.39,1
2024-05-02,2024-05-02 13:12:00,1511.8,1512.15,1511.8,1512.15,0.02,77.98,119921.39,1
2024-05-02,2024-05-02 13:13:00,1512.15,1512.5,1512.15,1512.5,0.02,77.98,119921.39,1
2024-05-02,2024-05-02 13:14:00,1512.5,1512.86,1512.5,1512.86,0.02,77.98,119921.39,1
2024-05-02,2024-05-02 13:15:00,1512.86,1513.21,1512.86,1513.21,0.02,77.98,119921.39,1
2024-05-02,2024-05-02 13:16:00,1513.21,1513.56,1513.21,1513.56,0.02,77.98,119921.39,1
2024-05-02,2024-05-02 13:17:00,1513.56,1513.92,1513.56,1513.92,0.02,77.98,119921.39,1
2024-05-02,2024-05-02 13:18:00,1513.92,1514.27,1513.92,1514.27,0.02,77.98,119921.39,1
2024-05-02,2024-05-02 13:19:00,1514.27,1514.62,1514.27,1514.62,0.02,77.98,119921.39,1
2024-05-02,2024-05-02 13:20:00,1514.62,1514.98,1514.62,1514.98,0.02,77.98,119921.39,1
2024-05-02,2024-05-02 13:21:00,1514.98,1515.33,1514.98,1515.33,0.02,77.98,119921.39,1
2024-05-02,2024-05-02 13:22:00,1515.33,1515.69,1515.33,1515.69,0.02,77.98,119921.39,1
2024-05-02,2024-05-02 13:23:00,1515.69,1516.04,1515.69,1516.04,0.02,77.98,119921.39,1
2024-05-02,2024-05-02 13:24:00,1516.04,1516.39,1516.04,1516.39,0.02,77.98,119921.39,1
2024-05-02,2024-05-02 13:25:00,1516.39,1516.75,1516.39,1516.75,0.02,77.98,119921.39,1
2024-05-02,2024-05-02 13:26:00,1516.75,1517.1,1516.75,1517.1,0.02,77.98,119921.39,1
2024-05-02,2024-05-02 13:27:00,1517.1,1517.45,1517.1,1517.45,0.02,77.98,119921.39,1
2024-05-02,2024-05-02 13:28:00,1517.45,1517.81,1517.45,1517.81,0.02,77.98,119921.39,1
2024-05-02,2024-05-02 13:29:00,1517.81,1518.16,1517.81,1518.16,0.02,77.98,119921.39,1
2024-05-02,2024-05-02 13:30:00,1518.16,1518.52,1518.16,1518.52,0.02,77.98,119921.39,1
2024-05-02,2024-05-02 13:31:00,1518.52,1518.87,1518.52,1518.87,0.02,77.98,119921.39,1
2024-05-02,2024-05-02 13:32:00,1518.87,1519.22,1518.87,1519.22,0.02,77.98,119921.39,1
2024-05-02,2024-05-02 13:33:00,1519.22,1519.58,1519.22,1519.58,0.02,77.98,119921.39,1
2024-05-02,2024-05-02 13:34:00,1519.58,1519.93,1519.58,1519.93,0.02,77.98,119921.39,1
2024-05-02,2024-05-02 13:35:00,1519.93,1520.28,1519.93,1520.28,0.02,77.98,119921.39,1
2024-05-02,2024-05-02 13:36:00,1520.28,1520.64,1520.28,1520.64,0.02,77.98,119921.39,1
2024-05-02,2024-05-02 13:37:00,1520.64,1520.99,1520.64,1520.99,0.02,77.98,119921.39,1
2024-05-02,2024-05-02 13:38:00,1520.99,1521.35,1520.99,1521.35,0.02,77.98,119921.39,1
2024-05-02,2024-05-02 13:39:00,1521.35,1521.7,1521.35,1521.7,0.02,77.98,119921.39,1
2024-05-02,2024-05-02 13:40:00,1521.7,1522.05,1521.7,1522.05,0.02,77.98,119921.39,1
2024-05-02,2024-05-02 13:41:00,1522.05,1522.41,1522.05,1522.41,0.02,77.98,119921.39,1
2024-05-02,2024-05-02 13:42:00,1522.41,1522.76,1522.41,1522.76,0.02,77.98,119921.39,1
2024-05-02,2024-05-02 13:43:00,1522.76,1523.12,1522.76,1523.12,0.02,77.98,119921.39,1
2024-05-02,2024-05-02 13:44:00,1523.12,1523.47,1523.12,1523.47,0.02,77.98,119921.39,1
2024-05-02,2024-05-02 13:45:00,1523.47,1523.82,1523.47,1523.82,0.02,77.98,119921.39,1
2024-05-02,2024-05-02 13:46:00,1523.82,1524.18,1523.82,1524.18,0.02,77.98,119921.39,1
2024-05-02,2024-05-02 13:47:00,1524.18,1524.53,1524.18,1524.53,0.02,77.98,119921.39,1
2024-05-02,2024-05-02 13:48:00,1524.53,1524.88,1524.53,1524.88,0.02,77.98,119921.39,1
2024-05-02,2024-05-02 13:49:00,1524.88,1525.24,1524.88,1525.24,0.02,77.98,119921.39,1
2024-05-02,2024-05-02 13:50:00,1525.24,1525.59,1525.24,1525.59,0.02,77.98,119921.39,1
2024-05-02,2024-05-02 13:51:00,1525.59,1525.94,1525.59,1525.94,0.02,77.98,119921.39,1
2024-05-02,2024-05-02 13:52:00,1525.94,1526.3,1525.94,1526.3,0.02,77.98,119921.39,1
2024-05-02,2024-05-02 13:53:00,1526.3,1526.65,1526.3,1526.65,0.02,77.98,119921.39,1
2024-05-02,2024-05-02 13:54:00,1526.65,1527.01,1526.65,1527.01,0.02,77.98,119921.39,1
2024-05-02,2024-05-02 13:55:00,1527.01,1527.36,1527.01,1527.36,0.02,77.98,119921.39,1
2024-05-02,2024-05-02 13:56:00,1527.36,1527.71,1527.36,1527.71,0.02,77.98,119921.39,1
2024-05-02,2024-05-02 13:57:00,1527.71,1528.07,1527.71,1528.07,0.02,77.98,119921.39,1
2024-05-02,2024-05-02 13:58:00,1528.07,1528.42,1528.07,1528.42,0.02,77.98,119921.39,1
2024-05-02,2024-05-02 13:59:00,1528.42,1528.78,1528.42,1528.78,0.02,77.98,119921.39,1
2024-05-02,2024-05-02 14:00:00,1528.78,1529.13,1528.78,1529.13,0.02,77.98,119921.39,1
2024-05-02,2024-05-02 14:01:00,1529.13,1529.48,1529.13,1529.48,0.02,77.98,119921.39,1
2024-05-02,2024-05-02 14:02:00,1529.48,1529.84,1529.48,1529.84,0.02,77.98,119921.39,1
2024-05-02,2024-05-02 14:03:00,1529.84,1530.19,1529.84,1530.19,0.02,77.98,119921.39,1
2024-05-02,2024-05-02 14:04:00,1530.19,1530.54,1530.19,1530.54,0.02,77.98,119921.39,1
2024-05-02,2024-05-02 14:05:00,1530.54,1530.9,1530.54,1530.9,0.02,77.98,119921.39,1
2024-05-02,2024-05-02 14:06:00,1530.9,1531.25,1530.9,1531.25,0.02,77.98,119921.39,1
2024-05-02,2024-05-02 14:07:00,1531.25,1531.61,1531.25,1531.61,0.02,77.98,119921.39,1
2024-05-02,2024-05-02 14:08:00,1531.61,1531.96,1531.61,1531.96,0.02,77.98,119921.39,1
2024-05-02,2024-05-02 14:09:00,1531.96,1532.31,1531.96,1532.31,0.02,77.98,119921.39,1
2024-05-02,2024-05-02 14:10:00,1532.31,1532.67,1532.31,1532.67,0.02,77.98,119921.39,1
2024-05-02,2024-05-02 14:11:00,1532.67,1533.02,1532.67,1533.02,0.02,77.98,119921.39,1
2024-05-02,2024-05-02 14:12:00,1533.02,1533.37,1533.02,1533.37,0.02,77.98,119921.39,1
2024-05-02,2024-05-02 14:13:00,1533.37,1533.73,1533.37,1533.73,0.02,77.98,119921.39,1
2024-05-02,2024-05-02 14:14:00,1533.73,1534.08,1533.73,1534.08,0.02,77.98,119921.39,1
2024-05-02,2024-05-02 14:15:00,1534.08,1534.43,1534.08,1534.43,0.02,77.98,119921.39,1
2024-05-02,2024-05-02 14:16:00,1534.43,1534.79,1534.43,1534.79,0.02,77.98,119921.39,1
2024-05-02,2024-05-02 14:17:00,1534.79,1535.14,1534.79,1535.14,0.02,77.98,119921.39,1
2024-05-02,2024-05-02 14:18:00,1535.14,1535.5,1535.14,1535.5,0.02,77.98,119921.39,1
2024-05-02,2024-05-02 14:19:00,1535.5,1535.85,1535.5,1535.85,0.02,77.98,119921.39,1
2024-05-02,2024-05-02 14:20:00,1535.85,1536.2,1535.85,1536.2,0.02,77.98,119921.39,1
2024-05-02,2024-05-02 14:21:00,1536.2,1536.56,1536.2,1536.56,0.02,77.98,119921.39,1
2024-05-02,2024-05-02 14:22:00,1536.56,1536.91,1536.56,1536.91,0.02,77.98,119921.39,1
2024-05-02,2024-05-02 14:23:00,1536.91,1537.26,1536.91,1537.26,0.02,77.98,119921.39,1
2024-05-02,2024-05-02 14:24:00,1537.26,1537.62,1537.26,1537.62,0.02,77.98,119921.39,1
2024-05-02,2024-05-02 14:25:00,1537.62,1537.97,1537.62,1537.97,0.02,77.98,119921.39,1
2024-05-02,2024-05-02 14:26:00,1537.97,1538.33,1537.97,1538.33,0.02,77.98,119921.39,1
2024-05-02,2024-05-02 14:27:00,1538.33,1538.68,1538.33,1538.68,0.02,77.98,119921.39,1
2024-05-02,2024-05-02 14:28:00,1538.68,1539.03,1538.68,1539.03,0.02,77.98,119921.39,1
2024-05-02,2024-05-02 14:29:00,1539.03,1539.39,1539.03,1539.39,0.02,77.98,119921.39,1
2024-05-02,2024-05-02 14:30:00,1539.39,1539.74,1539.39,1539.74,0.02,77.98,119921.39,1
2024-05-02,2024-05-02 14:31:00,1539.74,1540.1,1539.74,1540.1,0.02,77.98,119921.39,1
2024-05-02,2024-05-02 14:32:00,1540.1,1540.45,1540.1,1540.45,0.02,77.98,119921.39,1
2024-05-02,2024-05-02 14:33:00,1540.45,1540.8,1540.45,1540.8,0.02,77.98,119921.39,1
2024-05-02,2024-05-02 14:34:00,1540.8,1541.16,1540.8,1541.16,0.02,77.98,119921.39,1
2024-05-02,2024-05-02 14:35:00,1541.16,1541.51,1541.16,1541.51,0.02,77.98,119921.39,1
2024-05-02,2024-05-02 14:36:00,1541.51,1541.86,1541.51,1541.86,0.02,77.98,119921.39,1
2024-05-02,2024-05-02 14:37:00,1541.86,1542.22,1541.86,1542.22,0.02,77.98,119921.39,1
2024-05-02,2024-05-02 14:38:00,1542.22,1542.57,1542.22,1542.57,0.02,77.98,119921.39,1
2024-05-02,2024-05-02 14:39:00,1542.57,1542.92,1542.57,1542.92,0.02,77.98,119921.39,1
2024-05-02,2024-05-02 14:40:00,1542.92,1543.28,1542.92,1543.28,0.02,77.98,119921.39,1
2024-05-02,2024-05-02 14:41:00,1543.28,1543.63,1543.28,1543.63,0.02,77.98,119921.39,1
2024-05-02,2024-05-02 14:42:00,1543.63,1543.99,1543.63,1543.99,0.02,77.98,119921.39,1
2024-05-02,2024-05-02 14:43:00,1543.99,1544.34,1543.99,1544.34,0.02,77.98,119921.39,1
2024-05-02,2024-05-02 14:44:00,1544.34,1544.69,1544.34,1544.69,0.02,77.98,119921.39,1
2024-05-02,2024-05-02 14:45:00,1544.69,1545.05,1544.69,1545.05,0.02,77.98,119921.39,1
2024-05-02,2024-05-02 14:46:00,1545.05,1545.4,1545.05,1545.4,0.02,77.98,119921.39,1
2024-05-02,2024-05-02 14:47:00,1545.4,1545.76,1545.4,1545.76,0.02,77.98,119921.39,1
2024-05-02,2024-05-02 14:48:00,1545.76,1546.11,1545.76,1546.11,0.02,77.98,119921.39,1
2024-05-02,2024-05-02 14:49:00,1546.11,1546.46,1546.11,1546.46,0.02,77.98,119921.39,1
2024-05-02,2024-05-02 14:50:00,1546.46,1546.82,1546.46,1546.82,0.02,77.98,119921.39,1
2024-05-02,2024-05-02 14:51:00,1546.82,1547.17,1546.82,1547.17,0.02,77.98,119921.39,1
2024-05-02,2024-05-02 14:52:00,1547.17,1547.52,1547.17,1547.52,0.02,77.98,119921.39,1
2024-05-02,2024-05-02 14:53:00,1547.52,1547.88,1547.52,1547.88,0.02,77.98,119921.39,1
2024-05-02,2024-05-02 14:54:00,1547.88,1548.23,1547.88,1548.23,0.02,77.98,119921.39,1
2024-05-02,2024-05-02 14:55:00,1548.23,1548.59,1548.23,1548.59,0.02,77.98,119921.39,1
2024-05-02,2024-05-02 14:56:00,1548.59,1548.94,1548.59,1548.94,0.02,77.98,119921.39,1
2024-05-02,2024-05-02 14:57:00,1548.94,1549.29,1548.94,1549.29,0.02,77.98,119921.39,1
2024-05-02,2024-05-02 14:58:00,1549.29,1549.65,1549.29,1549.65,0.02,77.98,119921.39,1
2024-05-02,2024-05-02 14:59:00,1549.65,1550.0,1549.65,1550.0,0.02,77.98,119921.39,1
2024-05-02,2024-05-02 15:00:00,1550.0,1568.7,1465.1,1550.0,0.0,77.98,119921.39,0
2024-05-05,2024-05-05 11:00:00,1581.0,1581.0,1554.63,1580.75,-0.02,46.24,70968.53,-1
2024-05-05,2024-05-05 11:01:00,1580.75,1580.75,1580.49,1580.49,-0.02,46.24,70968.53,-1
2024-05-05,2024-05-05 11:02:00,1580.49,1580.49,1580.24,1580.24,-0.02,46.24,70968.53,-1
2024-05-05,2024-05-05 11:03:00,1580.24,1580.24,1579.98,1579.98,-0.02,46.24,70968.53,-1
2024-05-05,2024-05-05 11:04:00,1579.98,1579.98,1579.73,1579.73,-0.02,46.24,70968.53,-1
2024-05-05,2024-05-05 11:05:00,1579.73,1579.73,1579.47,1579.47,-0.02,46.24,70968.53,-1
2024-05-05,2024-05-05 11:06:00,1579.47,1579.47,1579.22,1579.22,-0.02,46.24,70968.53,-1
2024-05-05,2024-05-05 11:07:00,1579.22,1579.22,1578.97,1578.97,-0.02,46.24,70968.53,-1
2024-05-05,2024-05-05 11:08:00,1578.97,1578.97,1578.71,1578.71,-0.02,46.24,70968.53,-1
2024-05-05,2024-05-05 11:09:00,1578.71,1578.71,1578.46,1578.46,-0.02,46.24,70968.53,-1
2024-05-05,2024-05-05 11:10:00,1578.46,1578.46,1578.2,1578.2,-0.02,46.24,70968.53,-1
2024-05-05,2024-05-05 11:11:00,1578.2,1578.2,1577.95,1577.95,-0.02,46.24,70968.53,-1
2024-05-05,2024-05-05 11:12:00,1577.95,1577.95,1577.7,1577.7,-0.02,46.24,70968.53,-1
2024-05-05,2024-05-05 11:13:00,1577.7,1577.7,1577.44,1577.44,-0.02,46.24,70968.53,-1
2024-05-05,2024-05-05 11:14:00,1577.44,1577.44,1577.19,1577.19,-0.02,46.24,70968.53,-1
2024-05-05,2024-05-05 11:15:00,1577.19,1577.19,1576.93,1576.93,-0.02,46.24,70968.53,-1
2024-05-05,2024-05-05 11:16:00,1576.93,1576.93,1576.68,1576.68,-0.02,46.24,70968.53,-1
2024-05-05,2024-05-05 11:17:00,1576.68,1576.68,1576.42,1576.42,-0.02,46.24,70968.53,-1
2024-05-05,2024-05-05 11:18:00,1576.42,1576.42,1576.17,1576.17,-0.02,46.24,70968.53,-1
2024-05-05,2024-05-05 11:19:00,1576.17,1576.17,1575.92,1575.92,-0.02,46.24,70968.53,-1
2024-05-05,2024-05-05 11:20:00,1575.92,1575.92,1575.66,1575.66,-0.02,46.24,70968.53,-1
2024-05-05,2024-05-05 11:21:00,1575.66,1575.66,1575.41,1575.41,-0.02,46.24,70968.53,-1
2024-05-05,2024-05-05 11:22:00,1575.41,1575.41,1575.15,1575.15,-0.02,46.24,70968.53,-1
2024-05-05,2024-05-05 11:23:00,1575.15,1575.15,1574.9,1574.9,-0.02,46.24,70968.53,-1
2024-05-05,2024-05-05 11:24:00,1574.9,1574.9,1574.65,1574.65,-0.02,46.24,70968.53,-1
2024-05-05,2024-05-05 11:25:00,1574.65,1574.65,1574.39,1574.39,-0.02,46.24,70968.53,-1
2024-05-05,2024-05-05 11:26:00,1574.39,1574.39,1574.14,1574.14,-0.02,46.24,70968.53,-1
2024-05-05,2024-05-05 11:27:00,1574.14,1574.14,1573.88,1573.88,-0.02,46.24,70968.53,-1
2024-05-05,2024-05-05 11:28:00,1573.88,1573.88,1573.63,1573.63,-0.02,46.24,70968.53,-1
2024-05-05,2024-05-05 11:29:00,1573.63,1573.63,1573.38,1573.38,-0.02,46.24,70968.53,-1
2024-05-05,2024-05-05 11:30:00,1573.38,1573.38,1573.12,1573.12,-0.02,46.24,70968.53,-1
2024-05-05,2024-05-05 11:31:00,1573.12,1573.12,1572.87,1572.87,-0.02,46.24,70968.53,-1
2024-05-05,2024-05-05 11:32:00,1572.87,1572.87,1572.61,1572.61,-0.02,46.24,70968.53,-1
2024-05-05,2024-05-05 11:33:00,1572.61,1572.61,1572.36,1572.36,-0.02,46.24,70968.53,-1
2024-05-05,2024-05-05 11:34:00,1572.36,1572.36,1572.1,1572.1,-0.02,46.24,70968.53,-1
2024-05-05,2024-05-05 11:35:00,1572.1,1572.1,1571.85,1571.85,-0.02,46.24,70968.53,-1
2024-05-05,2024-05-05 11:36:00,1571.85,1571.85,1571.6,1571.6,-0.02,46.24,70968.53,-1
2024-05-05,2024-05-05 11:37:00,1571.6,1571.6,1571.34,1571.34,-0.02,46.24,70968.53,-1
2024-05-05,2024-05-05 11:38:00,1571.34,1571.34,1571.09,1571.09,-0.02,46.24,70968.53,-1
2024-05-05,2024-05-05 11:39:00,1571.09,1571.09,1570.83,1570.83,-0.02,46.24,70968.53,-1
2024-05-05,2024-05-05 11:40:00,1570.83,1570.83,1570.58,1570.58,-0.02,46.24,70968.53,-1
2024-05-05,2024-05-05 11:41:00,1570.58,1570.58,1570.33,1570.33,-0.02,46.24,70968.53,-1
2024-05-05,2024-05-05 11:42:00,1570.33,1570.33,1570.07,1570.07,-0.02,46.24,70968.53,-1
2024-05-05,2024-05-05 11:43:00,1570.07,1570.07,1569.82,1569.82,-0.02,46.24,70968.53,-1
2024-05-05,2024-05-05 11:44:00,1569.82,1569.82,1569.56,1569.56,-0.02,46.24,70968.53,-1
2024-05-05,2024-05-05 11:45:00,1569.56,1569.56,1569.31,1569.31,-0.02,46.24,70968.53,-1
2024-05-05,2024-05-05 11:46:00,1569.31,1569.31,1569.05,1569.05,-0.02,46.24,70968.53,-1
2024-05-05,2024-05-05 11:47:00,1569.05,1569.05,1568.8,1568.8,-0.02,46.24,70968.53,-1
2024-05-05,2024-05-05 11:48:00,1568.8,1568.8,1568.55,1568.55,-0.02,46.24,70968.53,-1
2024-05-05,2024-05-05 11:49:00,1568.55,1568.55,1568.29,1568.29,-0.02,46.24,70968.53,-1
2024-05-05,2024-05-05 11:50:00,1568.29,1568.29,1568.04,1568.04,-0.02,46.24,70968.53,-1
2024-05-05,2024-05-05 11:51:00,1568.04,1568.04,1567.78,1567.78,-0.02,46.24,70968.53,-1
2024-05-05,2024-05-05 11:52:00,1567.78,1567.78,1567.53,1567.53,-0.02,46.24,70968.53,-1
2024-05-05,2024-05-05 11:53:00,1567.53,1567.53,1567.28,1567.28,-0.02,46.24,70968.53,-1
2024-05-05,2024-05-05 11:54:00,1567.28,1567.28,1567.02,1567.02,-0.02,46.24,70968.53,-1
2024-05-05,2024-05-05 11:55:00,1567.02,1567.02,1566.77,1566.77,-0.02,46.24,70968.53,-1
2024-05-05,2024-05-05 11:56:00,1566.77,1566.77,1566.51,1566.51,-0.02,46.24,70968.53,-1
2024-05-05,2024-05-05 11:57:00,1566.51,1566.51,1566.26,1566.26,-0.02,46.24,70968.53,-1
2024-05-05,2024-05-05 11:58:00,1566.26,1566.26,1566.0,1566.0,-0.02,46.24,70968.53,-1
2024-05-05,2024-05-05 11:59:00,1566.0,1566.0,1565.75,1565.75,-0.02,46.24,70968.53,-1
2024-05-05,2024-05-05 12:00:00,1565.75,1565.75,1565.5,1565.5,-0.02,46.24,70968.53,-1
2024-05-05,2024-05-05 12:01:00,1565.5,1565.5,1565.24,1565.24,-0.02,46.24,70968.53,-1
2024-05-05,2024-05-05 12:02:00,1565.24,1565.24,1564.99,1564.99,-0.02,46.24,70968.53,-1
2024-05-05,2024-05-05 12:03:00,1564.99,1564.99,1564.73,1564.73,-0.02,46.24,70968.53,-1
2024-05-05,2024-05-05 12:04:00,1564.73,1564.73,1564.48,1564.48,-0.02,46.24,70968.53,-1
2024-05-05,2024-05-05 12:05:00,1564.48,1564.48,1564.22,1564.22,-0.02,46.24,70968.53,-1
2024-05-05,2024-05-05 12:06:00,1564.22,1564.22,1563.97,1563.97,-0.02,46.24,70968.53,-1
2024-05-05,2024-05-05 12:07:00,1563.97,1563.97,1563.72,1563.72,-0.02,46.24,70968.53,-1
2024-05-05,2024-05-05 12:08:00,1563.72,1563.72,1563.46,1563.46,-0.02,46.24,70968.53,-1
2024-05-05,2024-05-05 12:09:00,1563.46,1563.46,1563.21,1563.21,-0.02,46.24,70968.53,-1
2024-05-05,2024-05-05 12:10:00,1563.21,1563.21,1562.95,1562.95,-0.02,46.24,70968.53,-1
2024-05-05,2024-05-05 12:11:00,1562.95,1562.95,1562.7,1562.7,-0.02,46.24,70968.53,-1
2024-05-05,2024-05-05 12:12:00,1562.7,1562.7,1562.45,1562.45,-0.02,46.24,70968.53,-1
2024-05-05,2024-05-05 12:13:00,1562.45,1562.45,1562.19,1562.19,-0.02,46.24,70968.53,-1
2024-05-05,2024-05-05 12:14:00,1562.19,1562.19,1561.94,1561.94,-0.02,46.24,70968.53,-1
2024-05-05,2024-05-05 12:15:00,1561.94,1561.94,1561.68,1561.68,-0.02,46.24,70968.53,-1
2024-05-05,2024-05-05 12:16:00,1561.68,1561.68,1561.43,1561.43,-0.02,46.24,70968.53,-1
2024-05-05,2024-05-05 12:17:00,1561.43,1561.43,1561.17,1561.17,-0.02,46.24,70968.53,-1
2024-05-05,2024-05-05 12:18:00,1561.17,1561.17,1560.92,1560.92,-0.02,46.24,70968.53,-1
2024-05-05,2024-05-05 12:19:00,1560.92,1560.92,1560.67,1560.67,-0.02,46.24,70968.53,-1
2024-05-05,2024-05-05 12:20:00,1560.67,1560.67,1560.41,1560.41,-0.02,46.24,70968.53,-1
2024-05-05,2024-05-05 12:21:00,1560.41,1560.41,1560.16,1560.16,-0.02,46.24,70968.53,-1
2024-05-05,2024-05-05 12:22:00,1560.16,1560.16,1559.9,1559.9,-0.02,46.24,70968.53,-1
2024-05-05,2024-05-05 12:23:00,1559.9,1559.9,1559.65,1559.65,-0.02,46.24,70968.53,-1
2024-05-05,2024-05-05 12:24:00,1559.65,1559.65,1559.4,1559.4,-0.02,46.24,70968.53,-1
2024-05-05,2024-05-05 12:25:00,1559.4,1559.4,1559.14,1559.14,-0.02,46.24,70968.53,-1
2024-05-05,2024-05-05 12:26:00,1559.14,1559.14,1558.89,1558.89,-0.02,46.24,70968.53,-1
2024-05-05,2024-05-05 12:27:00,1558.89,1558.89,1558.63,1558.63,-0.02,46.24,70968.53,-1
2024-05-05,2024-05-05 12:28:00,1558.63,1558.63,1558.38,1558.38,-0.02,46.24,70968.53,-1
2024-05-05,2024-05-05 12:29:00,1558.38,1558.38,1558.12,1558.12,-0.02,46.24,70968.53,-1
2024-05-05,2024-05-05 12:30:00,1558.12,1558.12,1557.87,1557.87,-0.02,46.24,70968.53,-1
2024-05-05,2024-05-05 12:31:00,1557.87,1557.87,1557.62,1557.62,-0.02,46.24,70968.53,-1
2024-05-05,2024-05-05 12:32:00,1557.62,1557.62,1557.36,1557.36,-0.02,46.24,70968.53,-1
2024-05-05,2024-05-05 12:33:00,1557.36,1557.36,1557.11,1557.11,-0.02,46.24,70968.53,-1
2024-05-05,2024-05-05 12:34:00,1557.11,1557.11,1556.85,1556.85,-0.02,46.24,70968.53,-1
2024-05-05,2024-05-05 12:35:00,1556.85,1556.85,1556.6,1556.6,-0.02,46.24,70968.53,-1
2024-05-05,2024-05-05 12:36:00,1556.6,1556.6,1556.35,1556.35,-0.02,46.24,70968.53,-1
2024-05-05,2024-05-05 12:37:00,1556.35,1556.35,1556.09,1556.09,-0.02,46.24,70968.53,-1
2024-05-05,2024-05-05 12:38:00,1556.09,1556.09,1555.84,1555.84,-0.02,46.24,70968.53,-1
2024-05-05,2024-05-05 12:39:00,1555.84,1555.84,1555.58,1555.58,-0.02,46.24,70968.53,-1
2024-05-05,2024-05-05 12:40:00,1555.58,1555.58,1555.33,1555.33,-0.02,46.24,70968.53,-1
2024-05-05,2024-05-05 12:41:00,1555.33,1555.33,1555.08,1555.08,-0.02,46.24,70968.53,-1
2024-05-05,2024-05-05 12:42:00,1555.08,1555.08,1554.82,1554.82,-0.02,46.24,70968.53,-1
2024-05-05,2024-05-05 12:43:00,1554.82,1554.82,1554.57,1554.57,-0.02,46.24,70968.53,-1
2024-05-05,2024-05-05 12:44:00,1554.57,1554.57,1554.31,1554.31,-0.02,46.24,70968.53,-1
2024-05-05,2024-05-05 12:45:00,1554.31,1554.31,1554.06,1554.06,-0.02,46.24,70968.53,-1
2024-05-05,2024-05-05 12:46:00,1554.06,1554.06,1553.8,1553.8,-0.02,46.24,70968.53,-1
2024-05-05,2024-05-05 12:47:00,1553.8,1553.8,1553.55,1553.55,-0.02,46.24,70968.53,-1
2024-05-05,2024-05-05 12:48:00,1553.55,1553.55,1553.3,1553.3,-0.02,46.24,70968.53,-1
2024-05-05,2024-05-05 12:49:00,1553.3,1553.3,1553.04,1553.04,-0.02,46.24,70968.53,-1
2024-05-05,2024-05-05 12:50:00,1553.04,1553.04,1552.79,1552.79,-0.02,46.24,70968.53,-1
2024-05-05,2024-05-05 12:51:00,1552.79,1552.79,1552.53,1552.53,-0.02,46.24,70968.53,-1
2024-05-05,2024-05-05 12:52:00,1552.53,1552.53,1552.28,1552.28,-0.02,46.24,70968.53,-1
2024-05-05,2024-05-05 12:53:00,1552.28,1552.28,1552.03,1552.03,-0.02,46.24,70968.53,-1
2024-05-05,2024-05-05 12:54:00,1552.03,1552.03,1551.77,1551.77,-0.02,46.24,70968.53,-1
2024-05-05,2024-05-05 12:55:00,1551.77,1551.77,1551.52,1551.52,-0.02,46.24,70968.53,-1
2024-05-05,2024-05-05 12:56:00,1551.52,1551.52,1551.26,1551.26,-0.02,46.24,70968.53,-1
2024-05-05,2024-05-05 12:57:00,1551.26,1551.26,1551.01,1551.01,-0.02,46.24,70968.53,-1
2024-05-05,2024-05-05 12:58:00,1551.01,1551.01,1550.75,1550.75,-0.02,46.24,70968.53,-1
2024-05-05,2024-05-05 12:59:00,1550.75,1550.75,1550.5,1550.5,-0.02,46.24,70968.53,-1
2024-05-05,2024-05-05 13:00:00,1550.5,1581.0,1493.1,1550.25,-0.02,46.24,70968.53,-1
2024-05-05,2024-05-05 13:01:00,1550.25,1550.25,1549.99,1549.99,-0.02,46.24,70968.53,-1
2024-05-05,2024-05-05 13:02:00,1549.99,1549.99,1549.74,1549.74,-0.02,46.24,70968.53,-1
2024-05-05,2024-05-05 13:03:00,1549.74,1549.74,1549.48,1549.48,-0.02,46.24,70968.53,-1
2024-05-05,2024-05-05 13:04:00,1549.48,1549.48,1549.23,1549.23,-0.02,46.24,70968.53,-1
2024-05-05,2024-05-05 13:05:00,1549.23,1549.23,1548.97,1548.97,-0.02,46.24,70968.53,-1
2024-05-05,2024-05-05 13:06:00,1548.97,1548.97,1548.72,1548.72,-0.02,46.24,70968.53,-1
2024-05-05,2024-05-05 13:07:00,1548.72,1548.72,1548.47,1548.47,-0.02,46.24,70968.53,-1
2024-05-05,2024-05-05 13:08:00,1548.47,1548.47,1548.21,1548.21,-0.02,46.24,70968.53,-1
2024-05-05,2024-05-05 13:09:00,1548.21,1548.21,1547.96,1547.96,-0.02,46.24,70968.53,-1
2024-05-05,2024-05-05 13:10:00,1547.96,1547.96,1547.7,1547.7,-0.02,46.24,70968.53,-1
2024-05-05,2024-05-05 13:11:00,1547.7,1547.7,1547.45,1547.45,-0.02,46.24,70968.53,-1
2024-05-05,2024-05-05 13:12:00,1547.45,1547.45,1547.2,1547.2,-0.02,46.24,70968.53,-1
2024-05-05,2024-05-05 13:13:00,1547.2,1547.2,1546.94,1546.94,-0.02,46.24,70968.53,-1
2024-05-05,2024-05-05 13:14:00,1546.94,1546.94,1546.69,1546.69,-0.02,46.24,70968.53,-1
2024-05-05,2024-05-05 13:15:00,1546.69,1546.69,1546.43,1546.43,-0.02,46.24,70968.53,-1
2024-05-05,2024-05-05 13:16:00,1546.43,1546.43,1546.18,1546.18,-0.02,46.24,70968.53,-1
2024-05-05,2024-05-05 13:17:00,1546.18,1546.18,1545.92,1545.92,-0.02,46.24,70968.53,-1
2024-05-05,2024-05-05 13:18:00,1545.92,1545.92,1545.67,1545.67,-0.02,46.24,70968.53,-1
2024-05-05,2024-05-05 13:19:00,1545.67,1545.67,1545.42,1545.42,-0.02,46.24,70968.53,-1
2024-05-05,2024-05-05 13:20:00,1545.42,1545.42,1545.16,1545.16,-0.02,46.24,70968.53,-1
2024-05-05,2024-05-05 13:21:00,1545.16,1545.16,1544.91,1544.91,-0.02,46.24,70968.53,-1
2024-05-05,2024-05-05 13:22:00,1544.91,1544.91,1544.65,1544.65,-0.02,46.24,70968.53,-1
2024-05-05,2024-05-05 13:23:00,1544.65,1544.65,1544.4,1544.4,-0.02,46.24,70968.53,-1
2024-05-05,2024-05-05 13:24:00,1544.4,1544.4,1544.15,1544.15,-0.02,46.24,70968.53,-1
2024-05-05,2024-05-05 13:25:00,1544.15,1544.15,1543.89,1543.89,-0.02,46.24,70968.53,-1
2024-05-05,2024-05-05 13:26:00,1543.89,1543.89,1543.64,1543.64,-0.02,46.24,70968.53,-1
2024-05-05,2024-05-05 13:27:00,1543.64,1543.64,1543.38,1543.38,-0.02,46.24,70968.53,-1
2024-05-05,2024-05-05 13:28:00,1543.38,1543.38,1543.13,1543.13,-0.02,46.24,70968.53,-1
2024-05-05,2024-05-05 13:29:00,1543.13,1543.13,1542.88,1542.88,-0.02,46.24,70968.53,-1
2024-05-05,2024-05-05 13:30:00,1542.88,1542.88,1542.62,1542.62,-0.02,46.24,70968.53,-1
2024-05-05,2024-05-05 13:31:00,1542.62,1542.62,1542.37,1542.37,-0.02,46.24,70968.53,-1
2024-05-05,2024-05-05 13:32:00,1542.37,1542.37,1542.11,1542.11,-0.02,46.24,70968.53,-1
2024-05-05,2024-05-05 13:33:00,1542.11,1542.11,1541.86,1541.86,-0.02,46.24,70968.53,-1
2024-05-05,2024-05-05 13:34:00,1541.86,1541.86,1541.6,1541.6,-0.02,46.24,70968.53,-1
2024-05-05,2024-05-05 13:35:00,1541.6,1541.6,1541.35,1541.35,-0.02,46.24,70968.53,-1
2024-05-05,2024-05-05 13:36:00,1541.35,1541.35,1541.1,1541.1,-0.02,46.24,70968.53,-1
2024-05-05,2024-05-05 13:37:00,1541.1,1541.1,1540.84,1540.84,-0.02,46.24,70968.53,-1
2024-05-05,2024-05-05 13:38:00,1540.84,1540.84,1540.59,1540.59,-0.02,46.24,70968.53,-1
2024-05-05,2024-05-05 13:39:00,1540.59,1540.59,1540.33,1540.33,-0.02,46.24,70968.53,-1
2024-05-05,2024-05-05 13:40:00,1540.33,1540.33,1540.08,1540.08,-0.02,46.24,70968.53,-1
2024-05-05,2024-05-05 13:41:00,1540.08,1540.08,1539.83,1539.83,-0.02,46.24,70968.53,-1
2024-05-05,2024-05-05 13:42:00,1539.83,1539.83,1539.57,1539.57,-0.02,46.24,70968.53,-1
2024-05-05,2024-05-05 13:43:00,1539.57,1539.57,1539.32,1539.32,-0.02,46.24,70968.53,-1
2024-05-05,2024-05-05 13:44:00,1539.32,1539.32,1539.06,1539.06,-0.02,46.24,70968.53,-1
2024-05-05,2024-05-05 13:45:00,1539.06,1539.06,1538.81,1538.81,-0.02,46.24,70968.53,-1
2024-05-05,2024-05-05 13:46:00,1538.81,1538.81,1538.55,1538.55,-0.02,46.24,70968.53,-1
2024-05-05,2024-05-05 13:47:00,1538.55,1538.55,1538.3,1538.3,-0.02,46.24,70968.53,-1
2024-05-05,2024-05-05 13:48:00,1538.3,1538.3,1538.05,1538.05,-0.02,46.24,70968.53,-1
2024-05-05,2024-05-05 13:49:00,1538.05,1538.05,1537.79,1537.79,-0.02,46.24,70968.53,-1
2024-05-05,2024-05-05 13:50:00,1537.79,1537.79,1537.54,1537.54,-0.02,46.24,70968.53,-1
2024-05-05,2024-05-05 13:51:00,1537.54,1537.54,1537.28,1537.28,-0.02,46.24,70968.53,-1
2024-05-05,2024-05-05 13:52:00,1537.28,1537.28,1537.03,1537.03,-0.02,46.24,70968.53,-1
2024-05-05,2024-05-05 13:53:00,1537.03,1537.03,1536.78,1536.78,-0.02,46.24,70968.53,-1
2024-05-05,2024-05-05 13:54:00,1536.78,1536.78,1536.52,1536.52,-0.02,46.24,70968.53,-1
2024-05-05,2024-05-05 13:55:00,1536.52,1536.52,1536.27,1536.27,-0.02,46.24,70968.53,-1
2024-05-05,2024-05-05 13:56:00,1536.27,1536.27,1536.01,1536.01,-0.02,46.24,70968.53,-1
2024-05-05,2024-05-05 13:57:00,1536.01,1536.01,1535.76,1535.76,-0.02,46.24,70968.53,-1
2024-05-05,2024-05-05 13:58:00,1535.76,1535.76,1535.5,1535.5,-0.02,46.24,70968.53,-1
2024-05-05,2024-05-05 13:59:00,1535.5,1535.5,1535.25,1535.25,-0.02,46.24,70968.53,-1
2024-05-05,2024-05-05 14:00:00,1535.25,1535.25,1535.0,1535.0,-0.02,46.24,70968.53,-1
2024-05-05,2024-05-05 14:01:00,1535.0,1535.0,1534.74,1534.74,-0.02,46.24,70968.53,-1
2024-05-05,2024-05-05 14:02:00,1534.74,1534.74,1534.49,1534.49,-0.02,46.24,70968.53,-1
2024-05-05,2024-05-05 14:03:00,1534.49,1534.49,1534.23,1534.23,-0.02,46.24,70968.53,-1
2024-05-05,2024-05-05 14:04:00,1534.23,1534.23,1533.98,1533.98,-0.02,46.24,70968.53,-1
2024-05-05,2024-05-05 14:05:00,1533.98,1533.98,1533.72,1533.72,-0.02,46.24,70968.53,-1
2024-05-05,2024-05-05 14:06:00,1533.72,1533.72,1533.47,1533.47,-0.02,46.24,70968.53,-1
2024-05-05,2024-05-05 14:07:00,1533.47,1533.47,1533.22,1533.22,-0.02,46.24,70968.53,-1
2024-05-05,2024-05-05 14:08:00,1533.22,1533.22,1532.96,1532.96,-0.02,46.24,70968.53,-1
2024-05-05,2024-05-05 14:09:00,1532.96,1532.96,1532.71,1532.71,-0.02,46.24,70968.53,-1
2024-05-05,2024-05-05 14:10:00,1532.71,1532.71,1532.45,1532.45,-0.02,46.24,70968.53,-1
2024-05-05,2024-05-05 14:11:00,1532.45,1532.45,1532.2,1532.2,-0.02,46.24,70968.53,-1
2024-05-05,2024-05-05 14:12:00,1532.2,1532.2,1531.95,1531.95,-0.02,46.24,70968.53,-1
2024-05-05,2024-05-05 14:13:00,1531.95,1531.95,1531.69,1531.69,-0.02,46.24,70968.53,-1
2024-05-05,2024-05-05 14:14:00,1531.69,1531.69,1531.44,1531.44,-0.02,46.24,70968.53,-1
2024-05-05,2024-05-05 14:15:00,1531.44,1531.44,1531.18,1531.18,-0.02,46.24,70968.53,-1
2024-05-05,2024-05-05 14:16:00,1531.18,1531.18,1530.93,1530.93,-0.02,46.24,70968.53,-1
2024-05-05,2024-05-05 14:17:00,1530.93,1530.93,1530.67,1530.67,-0.02,46.24,70968.53,-1
2024-05-05,2024-05-05 14:18:00,1530.67,1530.67,1530.42,1530.42,-0.02,46.24,70968.53,-1
2024-05-05,2024-05-05 14:19:00,1530.42,1530.42,1530.17,1530.17,-0.02,46.24,70968.53,-1
2024-05-05,2024-05-05 14:20:00,1530.17,1530.17,1529.91,1529.91,-0.02,46.24,70968.53,-1
2024-05-05,2024-05-05 14:21:00,1529.91,1529.91,1529.66,1529.66,-0.02,46.24,70968.53,-1
2024-05-05,2024-05-05 14:22:00,1529.66,1529.66,1529.4,1529.4,-0.02,46.24,70968.53,-1
2024-05-05,2024-05-05 14:23:00,1529.4,1529.4,1529.15,1529.15,-0.02,46.24,70968.53,-1
2024-05-05,2024-05-05 14:24:00,1529.15,1529.15,1528.9,1528.9,-0.02,46.24,70968.53,-1
2024-05-05,2024-05-05 14:25:00,1528.9,1528.9,1528.64,1528.64,-0.02,46.24,70968.53,-1
2024-05-05,2024-05-05 14:26:00,1528.64,1528.64,1528.39,1528.39,-0.02,46.24,70968.53,-1
2024-05-05,2024-05-05 14:27:00,1528.39,1528.39,1528.13,1528.13,-0.02,46.24,70968.53,-1
2024-05-05,2024-05-05 14:28:00,1528.13,1528.13,1527.88,1527.88,-0.02,46.24,70968.53,-1
2024-05-05,2024-05-05 14:29:00,1527.88,1527.88,1527.62,1527.62,-0.02,46.24,70968.53,-1
2024-05-05,2024-05-05 14:30:00,1527.62,1527.62,1527.37,1527.37,-0.02,46.24,70968.53,-1
2024-05-05,2024-05-05 14:31:00,1527.37,1527.37,1527.12,1527.12,-0.02,46.24,70968.53,-1
2024-05-05,2024-05-05 14:32:00,1527.12,1527.12,1526.86,1526.86,-0.02,46.24,70968.53,-1
2024-05-05,2024-05-05 14:33:00,1526.86,1526.86,1526.61,1526.61,-0.02,46.24,70968.53,-1
2024-05-05,2024-05-05 14:34:00,1526.61,1526.61,1526.35,1526.35,-0.02,46.24,70968.53,-1
2024-05-05,2024-05-05 14:35:00,1526.35,1526.35,1526.1,1526.1,-0.02,46.24,70968.53,-1
2024-05-05,2024-05-05 14:36:00,1526.1,1526.1,1525.85,1525.85,-0.02,46.24,70968.53,-1
2024-05-05,2024-05-05 14:37:00,1525.85,1525.85,1525.59,1525.59,-0.02,46.24,70968.53,-1
2024-05-05,2024-05-05 14:38:00,1525.59,1525.59,1525.34,1525.34,-0.02,46.24,70968.53,-1
2024-05-05,2024-05-05 14:39:00,1525.34,1525.34,1525.08,1525.08,-0.02,46.24,70968.53,-1
2024-05-05,2024-05-05 14:40:00,1525.08,1525.08,1524.83,1524.83,-0.02,46.24,70968.53,-1
2024-05-05,2024-05-05 14:41:00,1524.83,1524.83,1524.58,1524.58,-0.02,46.24,70968.53,-1
2024-05-05,2024-05-05 14:42:00,1524.58,1524.58,1524.32,1524.32,-0.02,46.24,70968.53,-1
2024-05-05,2024-05-05 14:43:00,1524.32,1524.32,1524.07,1524.07,-0.02,46.24,70968.53,-1
2024-05-05,2024-05-05 14:44:00,1524.07,1524.07,1523.81,1523.81,-0.02,46.24,70968.53,-1
2024-05-05,2024-05-05 14:45:00,1523.81,1523.81,1523.56,1523.56,-0.02,46.24,70968.53,-1
2024-05-05,2024-05-05 14:46:00,1523.56,1523.56,1523.3,1523.3,-0.02,46.24,70968.53,-1
2024-05-05,2024-05-05 14:47:00,1523.3,1523.3,1523.05,1523.05,-0.02,46.24,70968.53,-1
2024-05-05,2024-05-05 14:48:00,1523.05,1523.05,1522.8,1522.8,-0.02,46.24,70968.53,-1
2024-05-05,2024-05-05 14:49:00,1522.8,1522.8,1522.54,1522.54,-0.02,46.24,70968.53,-1
2024-05-05,2024-05-05 14:50:00,1522.54,1522.54,1522.29,1522.29,-0.02,46.24,70968.53,-1
2024-05-05,2024-05-05 14:51:00,1522.29,1522.29,1522.03,1522.03,-0.02,46.24,70968.53,-1
2024-05-05,2024-05-05 14:52:00,1522.03,1522.03,1521.78,1521.78,-0.02,46.24,70968.53,-1
2024-05-05,2024-05-05 14:53:00,1521.78,1521.78,1521.53,1521.53,-0.02,46.24,70968.53,-1
2024-05-05,2024-05-05 14:54:00,1521.53,1521.53,1521.27,1521.27,-0.02,46.24,70968.53,-1
2024-05-05,2024-05-05 14:55:00,1521.27,1521.27,1521.02,1521.02,-0.02,46.24,70968.53,-1
2024-05-05,2024-05-05 14:56:00,1521.02,1521.02,1520.76,1520.76,-0.02,46.24,70968.53,-1
2024-05-05,2024-05-05 14:57:00,1520.76,1520.76,1520.51,1520.51,-0.02,46.24,70968.53,-1
2024-05-05,2024-05-05 14:58:00,1520.51,1520.51,1520.25,1520.25,-0.02,46.24,70968.53,-1
2024-05-05,2024-05-05 14:59:00,1520.25,1520.25,1520.0,1520.0,-0.02,46.24,70968.53,-1
2024-05-05,2024-05-05 15:00:00,1520.0,1581.0,1493.1,1520.0,0.0,46.24,70968.53,0
2024-05-06,2024-05-06 11:00:00,1489.6,1526.32,1470.82,1490.05,0.03,60.34,89372.01,1
2024-05-06,2024-05-06 11:01:00,1490.05,1490.5,1490.05,1490.5,0.03,60.34,89372.01,1
2024-05-06,2024-05-06 11:02:00,1490.5,1490.95,1490.5,1490.95,0.03,60.34,89372.01,1
2024-05-06,2024-05-06 11:03:00,1490.95,1491.41,1490.95,1491.41,0.03,60.34,89372.01,1
2024-05-06,2024-05-06 11:04:00,1491.41,1491.86,1491.41,1491.86,0.03,60.34,89372.01,1
2024-05-06,2024-05-06 11:05:00,1491.86,1492.31,1491.86,1492.31,0.03,60.34,89372.01,1
2024-05-06,2024-05-06 11:06:00,1492.31,1492.76,1492.31,1492.76,0.03,60.34,89372.01,1
2024-05-06,2024-05-06 11:07:00,1492.76,1493.21,1492.76,1493.21,0.03,60.34,89372.01,1
2024-05-06,2024-05-06 11:08:00,1493.21,1493.66,1493.21,1493.66,0.03,60.34,89372.01,1
2024-05-06,2024-05-06 11:09:00,1493.66,1494.12,1493.66,1494.12,0.03,60.34,89372.01,1
2024-05-06,2024-05-06 11:10:00,1494.12,1494.57,1494.12,1494.57,0.03,60.34,89372.01,1
2024-05-06,2024-05-06 11:11:00,1494.57,1495.02,1494.57,1495.02,0.03,60.34,89372.01,1
2024-05-06,2024-05-06 11:12:00,1495.02,1495.47,1495.02,1495.47,0.03,60.34,89372.01,1
2024-05-06,2024-05-06 11:13:00,1495.47,1495.92,1495.47,1495.92,0.03,60.34,89372.01,1
2024-05-06,2024-05-06 11:14:00,1495.92,1496.38,1495.92,1496.38,0.03,60.34,89372.01,1
2024-05-06,2024-05-06 11:15:00,1496.38,1496.83,1496.38,1496.83,0.03,60.34,89372.01,1
2024-05-06,2024-05-06 11:16:00,1496.83,1497.28,1496.83,1497.28,0.03,60.34,89372.01,1
2024-05-06,2024-05-06 11:17:00,1497.28,1497.73,1497.28,1497.73,0.03,60.34,89372.01,1
2024-05-06,2024-05-06 11:18:00,1497.73,1498.18,1497.73,1498.18,0.03,60.34,89372.01,1
2024-05-06,2024-05-06 11:19:00,1498.18,1498.63,1498.18,1498.63,0.03,60.34,89372.01,1
2024-05-06,2024-05-06 11:20:00,1498.63,1499.08,1498.63,1499.08,0.03,60.34,89372.01,1
2024-05-06,2024-05-06 11:21:00,1499.08,1499.54,1499.08,1499.54,0.03,60.34,89372.01,1
2024-05-06,2024-05-06 11:22:00,1499.54,1499.99,1499.54,1499.99,0.03,60.34,89372.01,1
2024-05-06,2024-05-06 11:23:00,1499.99,1500.44,1499.99,1500.44,0.03,60.34,89372.01,1
2024-05-06,2024-05-06 11:24:00,1500.44,1500.89,1500.44,1500.89,0.03,60.34,89372.01,1
2024-05-06,2024-05-06 11:25:00,1500.89,1501.34,1500.89,1501.34,0.03,60.34,89372.01,1
2024-05-06,2024-05-06 11:26:00,1501.34,1501.79,1501.34,1501.79,0.03,60.34,89372.01,1
2024-05-06,2024-05-06 11:27:00,1501.79,1502.25,1501.79,1502.25,0.03,60.34,89372.01,1
2024-05-06,2024-05-06 11:28:00,1502.25,1502.7,1502.25,1502.7,0.03,60.34,89372.01,1
2024-05-06,2024-05-06 11:29:00,1502.7,1503.15,1502.7,1503.15,0.03,60.34,89372.01,1
2024-05-06,2024-05-06 11:30:00,1503.15,1503.6,1503.15,1503.6,0.03,60.34,89372.01,1
2024-05-06,2024-05-06 11:31:00,1503.6,1504.05,1503.6,1504.05,0.03,60.34,89372.01,1
2024-05-06,2024-05-06 11:32:00,1504.05,1504.5,1504.05,1504.5,0.03,60.34,89372.01,1
2024-05-06,2024-05-06 11:33:00,1504.5,1504.96,1504.5,1504.96,0.03,60.34,89372.01,1
2024-05-06,2024-05-06 11:34:00,1504.96,1505.41,1504.96,1505.41,0.03,60.34,89372.01,1
2024-05-06,2024-05-06 11:35:00,1505.41,1505.86,1505.41,1505.86,0.03,60.34,89372.01,1
2024-05-06,2024-05-06 11:36:00,1505.86,1506.31,1505.86,1506.31,0.03,60.34,89372.01,1
2024-05-06,2024-05-06 11:37:00,1506.31,1506.76,1506.31,1506.76,0.03,60.34,89372.01,1
2024-05-06,2024-05-06 11:38:00,1506.76,1507.21,1506.76,1507.21,0.03,60.34,89372.01,1
2024-05-06,2024-05-06 11:39:00,1507.21,1507.67,1507.21,1507.67,0.03,60.34,89372.01,1
2024-05-06,2024-05-06 11:40:00,1507.67,1508.12,1507.67,1508.12,0.03,60.34,89372.01,1
2024-05-06,2024-05-06 11:41:00,1508.12,1508.57,1508.12,1508.57,0.03,60.34,89372.01,1
2024-05-06,2024-05-06 11:42:00,1508.57,1509.02,1508.57,1509.02,0.03,60.34,89372.01,1
2024-05-06,2024-05-06 11:43:00,1509.02,1509.47,1509.02,1509.47,0.03,60.34,89372.01,1
2024-05-06,2024-05-06 11:44:00,1509.47,1509.92,1509.47,1509.92,0.03,60.34,89372.01,1
2024-05-06,2024-05-06 11:45:00,1509.92,1510.38,1509.92,1510.38,0.03,60.34,89372.01,1
2024-05-06,2024-05-06 11:46:00,1510.38,1510.83,1510.38,1510.83,0.03,60.34,89372.01,1
2024-05-06,2024-05-06 11:47:00,1510.83,1511.28,1510.83,1511.28,0.03,60.34,89372.01,1
2024-05-06,2024-05-06 11:48:00,1511.28,1511.73,1511.28,1511.73,0.03,60.34,89372.01,1
2024-05-06,2024-05-06 11:49:00,1511.73,1512.18,1511.73,1512.18,0.03,60.34,89372.01,1
2024-05-06,2024-05-06 11:50:00,1512.18,1512.63,1512.18,1512.63,0.03,60.34,89372.01,1
2024-05-06,2024-05-06 11:51:00,1512.63,1513.09,1512.63,1513.09,0.03,60.34,89372.01,1
2024-05-06,2024-05-06 11:52:00,1513.09,1513.54,1513.09,1513.54,0.03,60.34,89372.01,1
2024-05-06,2024-05-06 11:53:00,1513.54,1513.99,1513.54,1513.99,0.03,60.34,89372.01,1
2024-05-06,2024-05-06 11:54:00,1513.99,1514.44,1513.99,1514.44,0.03,60.34,89372.01,1
2024-05-06,2024-05-06 11:55:00,1514.44,1514.89,1514.44,1514.89,0.03,60.34,89372.01,1
2024-05-06,2024-05-06 11:56:00,1514.89,1515.35,1514.89,1515.35,0.03,60.34,89372.01,1
2024-05-06,2024-05-06 11:57:00,1515.35,1515.8,1515.35,1515.8,0.03,60.34,89372.01,1
2024-05-06,2024-05-06 11:58:00,1515.8,1516.25,1515.8,1516.25,0.03,60.34,89372.01,1
2024-05-06,2024-05-06 11:59:00,1516.25,1516.7,1516.25,1516.7,0.03,60.34,89372.01,1
2024-05-06,2024-05-06 12:00:00,1516.7,1517.15,1516.7,1517.15,0.03,60.34,89372.01,1
2024-05-06,2024-05-06 12:01:00,1517.15,1517.6,1517.15,1517.6,0.03,60.34,89372.01,1
2024-05-06,2024-05-06 12:02:00,1517.6,1518.05,1517.6,1518.05,0.03,60.34,89372.01,1
2024-05-06,2024-05-06 12:03:00,1518.05,1518.51,1518.05,1518.51,0.03,60.34,89372.01,1
2024-05-06,2024-05-06 12:04:00,1518.51,1518.96,1518.51,1518.96,0.03,60.34,89372.01,1
2024-05-06,2024-05-06 12:05:00,1518.96,1519.41,1518.96,1519.41,0.03,60.34,89372.01,1
2024-05-06,2024-05-06 12:06:00,1519.41,1519.86,1519.41,1519.86,0.03,60.34,89372.01,1
2024-05-06,2024-05-06 12:07:00,1519.86,1520.31,1519.86,1520.31,0.03,60.34,89372.01,1
2024-05-06,2024-05-06 12:08:00,1520.31,1520.76,1520.31,1520.76,0.03,60.34,89372.01,1
2024-05-06,2024-05-06 12:09:00,1520.76,1521.22,1520.76,1521.22,0.03,60.34,89372.01,1
2024-05-06,2024-05-06 12:10:00,1521.22,1521.67,1521.22,1521.67,0.03,60.34,89372.01,1
2024-05-06,2024-05-06 12:11:00,1521.67,1522.12,1521.67,1522.12,0.03,60.34,89372.01,1
2024-05-06,2024-05-06 12:12:00,1522.12,1522.57,1522.12,1522.57,0.03,60.34,89372.01,1
2024-05-06,2024-05-06 12:13:00,1522.57,1523.02,1522.57,1523.02,0.03,60.34,89372.01,1
2024-05-06,2024-05-06 12:14:00,1523.02,1523.47,1523.02,1523.47,0.03,60.34,89372.01,1
2024-05-06,2024-05-06 12:15:00,1523.47,1523.93,1523.47,1523.93,0.03,60.34,89372.01,1
2024-05-06,2024-05-06 12:16:00,1523.93,1524.38,1523.93,1524.38,0.03,60.34,89372.01,1
2024-05-06,2024-05-06 12:17:00,1524.38,1524.83,1524.38,1524.83,0.03,60.34,89372.01,1
2024-05-06,2024-05-06 12:18:00,1524.83,1525.28,1524.83,1525.28,0.03,60.34,89372.01,1
2024-05-06,2024-05-06 12:19:00,1525.28,1525.73,1525.28,1525.73,0.03,60.34,89372.01,1
2024-05-06,2024-05-06 12:20:00,1525.73,1526.18,1525.73,1526.18,0.03,60.34,89372.01,1
2024-05-06,2024-05-06 12:21:00,1526.18,1526.64,1526.18,1526.64,0.03,60.34,89372.01,1
2024-05-06,2024-05-06 12:22:00,1526.64,1527.09,1526.64,1527.09,0.03,60.34,89372.01,1
2024-05-06,2024-05-06 12:23:00,1527.09,1527.54,1527.09,1527.54,0.03,60.34,89372.01,1
2024-05-06,2024-05-06 12:24:00,1527.54,1527.99,1527.54,1527.99,0.03,60.34,89372.01,1
2024-05-06,2024-05-06 12:25:00,1527.99,1528.44,1527.99,1528.44,0.03,60.34,89372.01,1
2024-05-06,2024-05-06 12:26:00,1528.44,1528.89,1528.44,1528.89,0.03,60.34,89372.01,1
2024-05-06,2024-05-06 12:27:00,1528.89,1529.35,1528.89,1529.35,0.03,60.34,89372.01,1
2024-05-06,2024-05-06 12:28:00,1529.35,1529.8,1529.35,1529.8,0.03,60.34,89372.01,1
2024-05-06,2024-05-06 12:29:00,1529.8,1530.25,1529.8,1530.25,0.03,60.34,89372.01,1
2024-05-06,2024-05-06 12:30:00,1530.25,1530.7,1530.25,1530.7,0.03,60.34,89372.01,1
2024-05-06,2024-05-06 12:31:00,1530.7,1531.15,1530.7,1531.15,0.03,60.34,89372.01,1
2024-05-06,2024-05-06 12:32:00,1531.15,1531.61,1531.15,1531.61,0.03,60.34,89372.01,1
2024-05-06,2024-05-06 12:33:00,1531.61,1532.06,1531.61,1532.06,0.03,60.34,89372.01,1
2024-05-06,2024-05-06 12:34:00,1532.06,1532.51,1532.06,1532.51,0.03,60.34,89372.01,1
2024-05-06,2024-05-06 12:35:00,1532.51,1532.96,1532.51,1532.96,0.03,60.34,89372.01,1
2024-05-06,2024-05-06 12:36:00,1532.96,1533.41,1532.96,1533.41,0.03,60.34,89372.01,1
2024-05-06,2024-05-06 12:37:00,1533.41,1533.86,1533.41,1533.86,0.03,60.34,89372.01,1
2024-05-06,2024-05-06 12:38:00,1533.86,1534.32,1533.86,1534.32,0.03,60.34,89372.01,1
2024-05-06,2024-05-06 12:39:00,1534.32,1534.77,1534.32,1534.77,0.03,60.34,89372.01,1
2024-05-06,2024-05-06 12:40:00,1534.77,1535.22,1534.77,1535.22,0.03,60.34,89372.01,1
2024-05-06,2024-05-06 12:41:00,1535.22,1535.67,1535.22,1535.67,0.03,60.34,89372.01,1
2024-05-06,2024-05-06 12:42:00,1535.67,1536.12,1535.67,1536.12,0.03,60.34,89372.01,1
2024-05-06,2024-05-06 12:43:00,1536.12,1536.57,1536.12,1536.57,0.03,60.34,89372.01,1
2024-05-06,2024-05-06 12:44:00,1536.57,1537.02,1536.57,1537.02,0.03,60.34,89372.01,1
2024-05-06,2024-05-06 12:45:00,1537.02,1537.48,1537.02,1537.48,0.03,60.34,89372.01,1
2024-05-06,2024-05-06 12:46:00,1537.48,1537.93,1537.48,1537.93,0.03,60.34,89372.01,1
2024-05-06,2024-05-06 12:47:00,1537.93,1538.38,1537.93,1538.38,0.03,60.34,89372.01,1
2024-05-06,2024-05-06 12:48:00,1538.38,1538.83,1538.38,1538.83,0.03,60.34,89372.01,1
2024-05-06,2024-05-06 12:49:00,1538.83,1539.28,1538.83,1539.28,0.03,60.34,89372.01,1
2024-05-06,2024-05-06 12:50:00,1539.28,1539.73,1539.28,1539.73,0.03,60.34,89372.01,1
2024-05-06,2024-05-06 12:51:00,1539.73,1540.19,1539.73,1540.19,0.03,60.34,89372.01,1
2024-05-06,2024-05-06 12:52:00,1540.19,1540.64,1540.19,1540.64,0.03,60.34,89372.01,1
2024-05-06,2024-05-06 12:53:00,1540.64,1541.09,1540.64,1541.09,0.03,60.34,89372.01,1
2024-05-06,2024-05-06 12:54:00,1541.09,1541.54,1541.09,1541.54,0.03,60.34,89372.01,1
2024-05-06,2024-05-06 12:55:00,1541.54,1541.99,1541.54,1541.99,0.03,60.34,89372.01,1
2024-05-06,2024-05-06 12:56:00,1541.99,1542.44,1541.99,1542.44,0.03,60.34,89372.01,1
2024-05-06,2024-05-06 12:57:00,1542.44,1542.9,1542.44,1542.9,0.03,60.34,89372.01,1
2024-05-06,2024-05-06 12:58:00,1542.9,1543.35,1542.9,1543.35,0.03,60.34,89372.01,1
2024-05-06,2024-05-06 12:59:00,1543.35,1543.8,1543.35,1543.8,0.03,60.34,89372.01,1
2024-05-06,2024-05-06 13:00:00,1543.8,1612.0,1427.0,1544.25,0.03,60.34,89372.01,1
2024-05-06,2024-05-06 13:01:00,1544.25,1544.7,1544.25,1544.7,0.03,60.34,89372.01,1
2024-05-06,2024-05-06 13:02:00,1544.7,1545.15,1544.7,1545.15,0.03,60.34,89372.01,1
2024-05-06,2024-05-06 13:03:00,1545.15,1545.61,1545.15,1545.61,0.03,60.34,89372.01,1
2024-05-06,2024-05-06 13:04:00,1545.61,1546.06,1545.61,1546.06,0.03,60.34,89372.01,1
2024-05-06,2024-05-06 13:05:00,1546.06,1546.51,1546.06,1546.51,0.03,60.34,89372.01,1
2024-05-06,2024-05-06 13:06:00,1546.51,1546.96,1546.51,1546.96,0.03,60.34,89372.01,1
2024-05-06,2024-05-06 13:07:00,1546.96,1547.41,1546.96,1547.41,0.03,60.34,89372.01,1
2024-05-06,2024-05-06 13:08:00,1547.41,1547.87,1547.41,1547.87,0.03,60.34,89372.01,1
2024-05-06,2024-05-06 13:09:00,1547.87,1548.32,1547.87,1548.32,0.03,60.34,89372.01,1
2024-05-06,2024-05-06 13:10:00,1548.32,1548.77,1548.32,1548.77,0.03,60.34,89372.01,1
2024-05-06,2024-05-06 13:11:00,1548.77,1549.22,1548.77,1549.22,0.03,60.34,89372.01,1
2024-05-06,2024-05-06 13:12:00,1549.22,1549.67,1549.22,1549.67,0.03,60.34,89372.01,1
2024-05-06,2024-05-06 13:13:00,1549.67,1550.12,1549.67,1550.12,0.03,60.34,89372.01,1
2024-05-06,2024-05-06 13:14:00,1550.12,1550.58,1550.12,1550.58,0.03,60.34,89372.01,1
2024-05-06,2024-05-06 13:15:00,1550.58,1551.03,1550.58,1551.03,0.03,60.34,89372.01,1
2024-05-06,2024-05-06 13:16:00,1551.03,1551.48,1551.03,1551.48,0.03,60.34,89372.01,1
2024-05-06,2024-05-06 13:17:00,1551.48,1551.93,1551.48,1551.93,0.03,60.34,89372.01,1
2024-05-06,2024-05-06 13:18:00,1551.93,1552.38,1551.93,1552.38,0.03,60.34,89372.01,1
2024-05-06,2024-05-06 13:19:00,1552.38,1552.83,1552.38,1552.83,0.03,60.34,89372.01,1
2024-05-06,2024-05-06 13:20:00,1552.83,1553.28,1552.83,1553.28,0.03,60.34,89372.01,1
2024-05-06,2024-05-06 13:21:00,1553.28,1553.74,1553.28,1553.74,0.03,60.34,89372.01,1
2024-05-06,2024-05-06 13:22:00,1553.74,1554.19,1553.74,1554.19,0.03,60.34,89372.01,1
2024-05-06,2024-05-06 13:23:00,1554.19,1554.64,1554.19,1554.64,0.03,60.34,89372.01,1
2024-05-06,2024-05-06 13:24:00,1554.64,1555.09,1554.64,1555.09,0.03,60.34,89372.01,1
2024-05-06,2024-05-06 13:25:00,1555.09,1555.54,1555.09,1555.54,0.03,60.34,89372.01,1
2024-05-06,2024-05-06 13:26:00,1555.54,1555.99,1555.54,1555.99,0.03,60.34,89372.01,1
2024-05-06,2024-05-06 13:27:00,1555.99,1556.45,1555.99,1556.45,0.03,60.34,89372.01,1
2024-05-06,2024-05-06 13:28:00,1556.45,1556.9,1556.45,1556.9,0.03,60.34,89372.01,1
2024-05-06,2024-05-06 13:29:00,1556.9,1557.35,1556.9,1557.35,0.03,60.34,89372.01,1
2024-05-06,2024-05-06 13:30:00,1557.35,1557.8,1557.35,1557.8,0.03,60.34,89372.01,1
2024-05-06,2024-05-06 13:31:00,1557.8,1558.25,1557.8,1558.25,0.03,60.34,89372.01,1
2024-05-06,2024-05-06 13:32:00,1558.25,1558.7,1558.25,1558.7,0.03,60.34,89372.01,1
2024-05-06,2024-05-06 13:33:00,1558.7,1559.16,1558.7,1559.16,0.03,60.34,89372.01,1
2024-05-06,2024-05-06 13:34:00,1559.16,1559.61,1559.16,1559.61,0.03,60.34,89372.01,1
2024-05-06,2024-05-06 13:35:00,1559.61,1560.06,1559.61,1560.06,0.03,60.34,89372.01,1
2024-05-06,2024-05-06 13:36:00,1560.06,1560.51,1560.06,1560.51,0.03,60.34,89372.01,1
2024-05-06,2024-05-06 13:37:00,1560.51,1560.96,1560.51,1560.96,0.03,60.34,89372.01,1
2024-05-06,2024-05-06 13:38:00,1560.96,1561.41,1560.96,1561.41,0.03,60.34,89372.01,1
2024-05-06,2024-05-06 13:39:00,1561.41,1561.87,1561.41,1561.87,0.03,60.34,89372.01,1
2024-05-06,2024-05-06 13:40:00,1561.87,1562.32,1561.87,1562.32,0.03,60.34,89372.01,1
2024-05-06,2024-05-06 13:41:00,1562.32,1562.77,1562.32,1562.77,0.03,60.34,89372.01,1
2024-05-06,2024-05-06 13:42:00,1562.77,1563.22,1562.77,1563.22,0.03,60.34,89372.01,1
2024-05-06,2024-05-06 13:43:00,1563.22,1563.67,1563.22,1563.67,0.03,60.34,89372.01,1
2024-05-06,2024-05-06 13:44:00,1563.67,1564.12,1563.67,1564.12,0.03,60.34,89372.01,1
2024-05-06,2024-05-06 13:45:00,1564.12,1564.58,1564.12,1564.58,0.03,60.34,89372.01,1
2024-05-06,2024-05-06 13:46:00,1564.58,1565.03,1564.58,1565.03,0.03,60.34,89372.01,1
2024-05-06,2024-05-06 13:47:00,1565.03,1565.48,1565.03,1565.48,0.03,60.34,89372.01,1
2024-05-06,2024-05-06 13:48:00,1565.48,1565.93,1565.48,1565.93,0.03,60.34,89372.01,1
2024-05-06,2024-05-06 13:49:00,1565.93,1566.38,1565.93,1566.38,0.03,60.34,89372.01,1
2024-05-06,2024-05-06 13:50:00,1566.38,1566.84,1566.38,1566.84,0.03,60.34,89372.01,1
2024-05-06,2024-05-06 13:51:00,1566.84,1567.29,1566.84,1567.29,0.03,60.34,89372.01,1
2024-05-06,2024-05-06 13:52:00,1567.29,1567.74,1567.29,1567.74,0.03,60.34,89372.01,1
2024-05-06,2024-05-06 13:53:00,1567.74,1568.19,1567.74,1568.19,0.03,60.34,89372.01,1
2024-05-06,2024-05-06 13:54:00,1568.19,1568.64,1568.19,1568.64,0.03,60.34,89372.01,1
2024-05-06,2024-05-06 13:55:00,1568.64,1569.09,1568.64,1569.09,0.03,60.34,89372.01,1
2024-05-06,2024-05-06 13:56:00,1569.09,1569.55,1569.09,1569.55,0.03,60.34,89372.01,1
2024-05-06,2024-05-06 13:57:00,1569.55,1570.0,1569.55,1570.0,0.03,60.34,89372.01,1
2024-05-06,2024-05-06 13:58:00,1570.0,1570.45,1570.0,1570.45,0.03,60.34,89372.01,1
2024-05-06,2024-05-06 13:59:00,1570.45,1570.9,1570.45,1570.9,0.03,60.34,89372.01,1
2024-05-06,2024-05-06 14:00:00,1570.9,1571.35,1570.9,1571.35,0.03,60.34,89372.01,1
2024-05-06,2024-05-06 14:01:00,1571.35,1571.8,1571.35,1571.8,0.03,60.34,89372.01,1
2024-05-06,2024-05-06 14:02:00,1571.8,1572.25,1571.8,1572.25,0.03,60.34,89372.01,1
2024-05-06,2024-05-06 14:03:00,1572.25,1572.71,1572.25,1572.71,0.03,60.34,89372.01,1
2024-05-06,2024-05-06 14:04:00,1572.71,1573.16,1572.71,1573.16,0.03,60.34,89372.01,1
2024-05-06,2024-05-06 14:05:00,1573.16,1573.61,1573.16,1573.61,0.03,60.34,89372.01,1
2024-05-06,2024-05-06 14:06:00,1573.61,1574.06,1573.61,1574.06,0.03,60.34,89372.01,1
2024-05-06,2024-05-06 14:07:00,1574.06,1574.51,1574.06,1574.51,0.03,60.34,89372.01,1
2024-05-06,2024-05-06 14:08:00,1574.51,1574.96,1574.51,1574.96,0.03,60.34,89372.01,1
2024-05-06,2024-05-06 14:09:00,1574.96,1575.42,1574.96,1575.42,0.03,60.34,89372.01,1
2024-05-06,2024-05-06 14:10:00,1575.42,1575.87,1575.42,1575.87,0.03,60.34,89372.01,1
2024-05-06,2024-05-06 14:11:00,1575.87,1576.32,1575.87,1576.32,0.03,60.34,89372.01,1
2024-05-06,2024-05-06 14:12:00,1576.32,1576.77,1576.32,1576.77,0.03,60.34,89372.01,1
2024-05-06,2024-05-06 14:13:00,1576.77,1577.22,1576.77,1577.22,0.03,60.34,89372.01,1
2024-05-06,2024-05-06 14:14:00,1577.22,1577.67,1577.22,1577.67,0.03,60.34,89372.01,1
2024-05-06,2024-05-06 14:15:00,1577.67,1578.13,1577.67,1578.13,0.03,60.34,89372.01,1
2024-05-06,2024-05-06 14:16:00,1578.13,1578.58,1578.13,1578.58,0.03,60.34,89372.01,1
2024-05-06,2024-05-06 14:17:00,1578.58,1579.03,1578.58,1579.03,0.03,60.34,89372.01,1
2024-05-06,2024-05-06 14:18:00,1579.03,1579.48,1579.03,1579.48,0.03,60.34,89372.01,1
2024-05-06,2024-05-06 14:19:00,1579.48,1579.93,1579.48,1579.93,0.03,60.34,89372.01,1
2024-05-06,2024-05-06 14:20:00,1579.93,1580.38,1579.93,1580.38,0.03,60.34,89372.01,1
2024-05-06,2024-05-06 14:21:00,1580.38,1580.84,1580.38,1580.84,0.03,60.34,89372.01,1
2024-05-06,2024-05-06 14:22:00,1580.84,1581.29,1580.84,1581.29,0.03,60.34,89372.01,1
2024-05-06,2024-05-06 14:23:00,1581.29,1581.74,1581.29,1581.74,0.03,60.34,89372.01,1
2024-05-06,2024-05-06 14:24:00,1581.74,1582.19,1581.74,1582.19,0.03,60.34,89372.01,1
2024-05-06,2024-05-06 14:25:00,1582.19,1582.64,1582.19,1582.64,0.03,60.34,89372.01,1
2024-05-06,2024-05-06 14:26:00,1582.64,1583.1,1582.64,1583.1,0.03,60.34,89372.01,1
2024-05-06,2024-05-06 14:27:00,1583.1,1583.55,1583.1,1583.55,0.03,60.34,89372.01,1
2024-05-06,2024-05-06 14:28:00,1583.55,1584.0,1583.55,1584.0,0.03,60.34,89372.01,1
2024-05-06,2024-05-06 14:29:00,1584.0,1584.45,1584.0,1584.45,0.03,60.34,89372.01,1
2024-05-06,2024-05-06 14:30:00,1584.45,1584.9,1584.45,1584.9,0.03,60.34,89372.01,1
2024-05-06,2024-05-06 14:31:00,1584.9,1585.35,1584.9,1585.35,0.03,60.34,89372.01,1
2024-05-06,2024-05-06 14:32:00,1585.35,1585.81,1585.35,1585.81,0.03,60.34,89372.01,1
2024-05-06,2024-05-06 14:33:00,1585.81,1586.26,1585.81,1586.26,0.03,60.34,89372.01,1
2024-05-06,2024-05-06 14:34:00,1586.26,1586.71,1586.26,1586.71,0.03,60.34,89372.01,1
2024-05-06,2024-05-06 14:35:00,1586.71,1587.16,1586.71,1587.16,0.03,60.34,89372.01,1
2024-05-06,2024-05-06 14:36:00,1587.16,1587.61,1587.16,1587.61,0.03,60.34,89372.01,1
2024-05-06,2024-05-06 14:37:00,1587.61,1588.06,1587.61,1588.06,0.03,60.34,89372.01,1
2024-05-06,2024-05-06 14:38:00,1588.06,1588.51,1588.06,1588.51,0.03,60.34,89372.01,1
2024-05-06,2024-05-06 14:39:00,1588.51,1588.97,1588.51,1588.97,0.03,60.34,89372.01,1
2024-05-06,2024-05-06 14:40:00,1588.97,1589.42,1588.97,1589.42,0.03,60.34,89372.01,1
2024-05-06,2024-05-06 14:41:00,1589.42,1589.87,1589.42,1589.87,0.03,60.34,89372.01,1
2024-05-06,2024-05-06 14:42:00,1589.87,1590.32,1589.87,1590.32,0.03,60.34,89372.01,1
2024-05-06,2024-05-06 14:43:00,1590.32,1590.77,1590.32,1590.77,0.03,60.34,89372.01,1
2024-05-06,2024-05-06 14:44:00,1590.77,1591.22,1590.77,1591.22,0.03,60.34,89372.01,1
2024-05-06,2024-05-06 14:45:00,1591.22,1591.68,1591.22,1591.68,0.03,60.34,89372.01,1
2024-05-06,2024-05-06 14:46:00,1591.68,1592.13,1591.68,1592.13,0.03,60.34,89372.01,1
2024-05-06,2024-05-06 14:47:00,1592.13,1592.58,1592.13,1592.58,0.03,60.34,89372.01,1
2024-05-06,2024-05-06 14:48:00,1592.58,1593.03,1592.58,1593.03,0.03,60.34,89372.01,1
2024-05-06,2024-05-06 14:49:00,1593.03,1593.48,1593.03,1593.48,0.03,60.34,89372.01,1
2024-05-06,2024-05-06 14:50:00,1593.48,1593.93,1593.48,1593.93,0.03,60.34,89372.01,1
2024-05-06,2024-05-06 14:51:00,1593.93,1594.39,1593.93,1594.39,0.03,60.34,89372.01,1
2024-05-06,2024-05-06 14:52:00,1594.39,1594.84,1594.39,1594.84,0.03,60.34,89372.01,1
2024-05-06,2024-05-06 14:53:00,1594.84,1595.29,1594.84,1595.29,0.03,60.34,89372.01,1
2024-05-06,2024-05-06 14:54:00,1595.29,1595.74,1595.29,1595.74,0.03,60.34,89372.01,1
2024-05-06,2024-05-06 14:55:00,1595.74,1596.19,1595.74,1596.19,0.03,60.34,89372.01,1
2024-05-06,2024-05-06 14:56:00,1596.19,1596.64,1596.19,1596.64,0.03,60.34,89372.01,1
2024-05-06,2024-05-06 14:57:00,1596.64,1597.1,1596.64,1597.1,0.03,60.34,89372.01,1
2024-05-06,2024-05-06 14:58:00,1597.1,1597.55,1597.1,1597.55,0.03,60.34,89372.01,1
2024-05-06,2024-05-06 14:59:00,1597.55,1598.0,1597.55,1598.0,0.03,60.34,89372.01,1
2024-05-06,2024-05-06 15:00:00,1598.0,1612.0,1427.0,1598.0,0.0,60.34,89372.01,0
2024-05-07,2024-05-07 11:00:00,1566.1,1594.72,1538.77,1565.84,-0.02,96.74,146631.89,-1
2024-05-07,2024-05-07 11:01:00,1565.84,1565.84,1565.57,1565.57,-0.02,96.74,146631.89,-1
2024-05-07,2024-05-07 11:02:00,1565.57,1565.57,1565.31,1565.31,-0.02,96.74,146631.89,-1
2024-05-07,2024-05-07 11:03:00,1565.31,1565.31,1565.05,1565.05,-0.02,96.74,146631.89,-1
2024-05-07,2024-05-07 11:04:00,1565.05,1565.05,1564.79,1564.79,-0.02,96.74,146631.89,-1
2024-05-07,2024-05-07 11:05:00,1564.79,1564.79,1564.52,1564.52,-0.02,96.74,146631.89,-1
2024-05-07,2024-05-07 11:06:00,1564.52,1564.52,1564.26,1564.26,-0.02,96.74,146631.89,-1
2024-05-07,2024-05-07 11:07:00,1564.26,1564.26,1564.0,1564.0,-0.02,96.74,146631.89,-1
2024-05-07,2024-05-07 11:08:00,1564.0,1564.0,1563.73,1563.73,-0.02,96.74,146631.89,-1
2024-05-07,2024-05-07 11:09:00,1563.73,1563.73,1563.47,1563.47,-0.02,96.74,146631.89,-1
2024-05-07,2024-05-07 11:10:00,1563.47,1563.47,1563.21,1563.21,-0.02,96.74,146631.89,-1
2024-05-07,2024-05-07 11:11:00,1563.21,1563.21,1562.94,1562.94,-0.02,96.74,146631.89,-1
2024-05-07,2024-05-07 11:12:00,1562.94,1562.94,1562.68,1562.68,-0.02,96.74,146631.89,-1
2024-05-07,2024-05-07 11:13:00,1562.68,1562.68,1562.42,1562.42,-0.02,96.74,146631.89,-1
2024-05-07,2024-05-07 11:14:00,1562.42,1562.42,1562.16,1562.16,-0.02,96.74,146631.89,-1
2024-05-07,2024-05-07 11:15:00,1562.16,1562.16,1561.89,1561.89,-0.02,96.74,146631.89,-1
2024-05-07,2024-05-07 11:16:00,1561.89,1561.89,1561.63,1561.63,-0.02,96.74,146631.89,-1
2024-05-07,2024-05-07 11:17:00,1561.63,1561.63,1561.37,1561.37,-0.02,96.74,146631.89,-1
2024-05-07,2024-05-07 11:18:00,1561.37,1561.37,1561.1,1561.1,-0.02,96.74,146631.89,-1
2024-05-07,2024-05-07 11:19:00,1561.1,1561.1,1560.84,1560.84,-0.02,96.74,146631.89,-1
2024-05-07,2024-05-07 11:20:00,1560.84,1560.84,1560.58,1560.58,-0.02,96.74,146631.89,-1
2024-05-07,2024-05-07 11:21:00,1560.58,1560.58,1560.32,1560.32,-0.02,96.74,146631.89,-1
2024-05-07,2024-05-07 11:22:00,1560.32,1560.32,1560.05,1560.05,-0.02,96.74,146631.89,-1
2024-05-07,2024-05-07 11:23:00,1560.05,1560.05,1559.79,1559.79,-0.02,96.74,146631.89,-1
2024-05-07,2024-05-07 11:24:00,1559.79,1559.79,1559.53,1559.53,-0.02,96.74,146631.89,-1
2024-05-07,2024-05-07 11:25:00,1559.53,1559.53,1559.26,1559.26,-0.02,96.74,146631.89,-1
2024-05-07,2024-05-07 11:26:00,1559.26,1559.26,1559.0,1559.0,-0.02,96.74,146631.89,-1
2024-05-07,2024-05-07 11:27:00,1559.0,1559.0,1558.74,1558.74,-0.02,96.74,146631.89,-1
2024-05-07,2024-05-07 11:28:00,1558.74,1558.74,1558.48,1558.48,-0.02,96.74,146631.89,-1
2024-05-07,2024-05-07 11:29:00,1558.48,1558.48,1558.21,1558.21,-0.02,96.74,146631.89,-1
2024-05-07,2024-05-07 11:30:00,1558.21,1558.21,1557.95,1557.95,-0.02,96.74,146631.89,-1
2024-05-07,2024-05-07 11:31:00,1557.95,1557.95,1557.69,1557.69,-0.02,96.74,146631.89,-1
2024-05-07,2024-05-07 11:32:00,1557.69,1557.69,1557.42,1557.42,-0.02,96.74,146631.89,-1
2024-05-07,2024-05-07 11:33:00,1557.42,1557.42,1557.16,1557.16,-0.02,96.74,146631.89,-1
2024-05-07,2024-05-07 11:34:00,1557.16,1557.16,1556.9,1556.9,-0.02,96.74,146631.89,-1
2024-05-07,2024-05-07 11:35:00,1556.9,1556.9,1556.63,1556.63,-0.02,96.74,146631.89,-1
2024-05-07,2024-05-07 11:36:00,1556.63,1556.63,1556.37,1556.37,-0.02,96.74,146631.89,-1
2024-05-07,2024-05-07 11:37:00,1556.37,1556.37,1556.11,1556.11,-0.02,96.74,146631.89,-1
2024-05-07,2024-05-07 11:38:00,1556.11,1556.11,1555.85,1555.85,-0.02,96.74,146631.89,-1
2024-05-07,2024-05-07 11:39:00,1555.85,1555.85,1555.58,1555.58,-0.02,96.74,146631.89,-1
2024-05-07,2024-05-07 11:40:00,1555.58,1555.58,1555.32,1555.32,-0.02,96.74,146631.89,-1
2024-05-07,2024-05-07 11:41:00,1555.32,1555.32,1555.06,1555.06,-0.02,96.74,146631.89,-1
2024-05-07,2024-05-07 11:42:00,1555.06,1555.06,1554.79,1554.79,-0.02,96.74,146631.89,-1
2024-05-07,2024-05-07 11:43:00,1554.79,1554.79,1554.53,1554.53,-0.02,96.74,146631.89,-1
2024-05-07,2024-05-07 11:44:00,1554.53,1554.53,1554.27,1554.27,-0.02,96.74,146631.89,-1
2024-05-07,2024-05-07 11:45:00,1554.27,1554.27,1554.01,1554.01,-0.02,96.74,146631.89,-1
2024-05-07,2024-05-07 11:46:00,1554.01,1554.01,1553.74,1553.74,-0.02,96.74,146631.89,-1
2024-05-07,2024-05-07 11:47:00,1553.74,1553.74,1553.48,1553.48,-0.02,96.74,146631.89,-1
2024-05-07,2024-05-07 11:48:00,1553.48,1553.48,1553.22,1553.22,-0.02,96.74,146631.89,-1
2024-05-07,2024-05-07 11:49:00,1553.22,1553.22,1552.95,1552.95,-0.02,96.74,146631.89,-1
2024-05-07,2024-05-07 11:50:00,1552.95,1552.95,1552.69,1552.69,-0.02,96.74,146631.89,-1
2024-05-07,2024-05-07 11:51:00,1552.69,1552.69,1552.43,1552.43,-0.02,96.74,146631.89,-1
2024-05-07,2024-05-07 11:52:00,1552.43,1552.43,1552.17,1552.17,-0.02,96.74,146631.89,-1
2024-05-07,2024-05-07 11:53:00,1552.17,1552.17,1551.9,1551.9,-0.02,96.74,146631.89,-1
2024-05-07,2024-05-07 11:54:00,1551.9,1551.9,1551.64,1551.64,-0.02,96.74,146631.89,-1
2024-05-07,2024-05-07 11:55:00,1551.64,1551.64,1551.38,1551.38,-0.02,96.74,146631.89,-1
2024-05-07,2024-05-07 11:56:00,1551.38,1551.38,1551.11,1551.11,-0.02,96.74,146631.89,-1
2024-05-07,2024-05-07 11:57:00,1551.11,1551.11,1550.85,1550.85,-0.02,96.74,146631.89,-1
2024-05-07,2024-05-07 11:58:00,1550.85,1550.85,1550.59,1550.59,-0.02,96.74,146631.89,-1
2024-05-07,2024-05-07 11:59:00,1550.59,1550.59,1550.32,1550.32,-0.02,96.74,146631.89,-1
2024-05-07,2024-05-07 12:00:00,1550.32,1550.32,1550.06,1550.06,-0.02,96.74,146631.89,-1
2024-05-07,2024-05-07 12:01:00,1550.06,1550.06,1549.8,1549.8,-0.02,96.74,146631.89,-1
2024-05-07,2024-05-07 12:02:00,1549.8,1549.8,1549.54,1549.54,-0.02,96.74,146631.89,-1
2024-05-07,2024-05-07 12:03:00,1549.54,1549.54,1549.27,1549.27,-0.02,96.74,146631.89,-1
2024-05-07,2024-05-07 12:04:00,1549.27,1549.27,1549.01,1549.01,-0.02,96.74,146631.89,-1
2024-05-07,2024-05-07 12:05:00,1549.01,1549.01,1548.75,1548.75,-0.02,96.74,146631.89,-1
2024-05-07,2024-05-07 12:06:00,1548.75,1548.75,1548.48,1548.48,-0.02,96.74,146631.89,-1
2024-05-07,2024-05-07 12:07:00,1548.48,1548.48,1548.22,1548.22,-0.02,96.74,146631.89,-1
2024-05-07,2024-05-07 12:08:00,1548.22,1548.22,1547.96,1547.96,-0.02,96.74,146631.89,-1
2024-05-07,2024-05-07 12:09:00,1547.96,1547.96,1547.7,1547.7,-0.02,96.74,146631.89,-1
2024-05-07,2024-05-07 12:10:00,1547.7,1547.7,1547.43,1547.43,-0.02,96.74,146631.89,-1
2024-05-07,2024-05-07 12:11:00,1547.43,1547.43,1547.17,1547.17,-0.02,96.74,146631.89,-1
2024-05-07,2024-05-07 12:12:00,1547.17,1547.17,1546.91,1546.91,-0.02,96.74,146631.89,-1
2024-05-07,2024-05-07 12:13:00,1546.91,1546.91,1546.64,1546.64,-0.02,96.74,146631.89,-1
2024-05-07,2024-05-07 12:14:00,1546.64,1546.64,1546.38,1546.38,-0.02,96.74,146631.89,-1
2024-05-07,2024-05-07 12:15:00,1546.38,1546.38,1546.12,1546.12,-0.02,96.74,146631.89,-1
2024-05-07,2024-05-07 12:16:00,1546.12,1546.12,1545.86,1545.86,-0.02,96.74,146631.89,-1
2024-05-07,2024-05-07 12:17:00,1545.86,1545.86,1545.59,1545.59,-0.02,96.74,146631.89,-1
2024-05-07,2024-05-07 12:18:00,1545.59,1545.59,1545.33,1545.33,-0.02,96.74,146631.89,-1
2024-05-07,2024-05-07 12:19:00,1545.33,1545.33,1545.07,1545.07,-0.02,96.74,146631.89,-1
2024-05-07,2024-05-07 12:20:00,1545.07,1545.07,1544.8,1544.8,-0.02,96.74,146631.89,-1
2024-05-07,2024-05-07 12:21:00,1544.8,1544.8,1544.54,1544.54,-0.02,96.74,146631.89,-1
2024-05-07,2024-05-07 12:22:00,1544.54,1544.54,1544.28,1544.28,-0.02,96.74,146631.89,-1
2024-05-07,2024-05-07 12:23:00,1544.28,1544.28,1544.01,1544.01,-0.02,96.74,146631.89,-1
2024-05-07,2024-05-07 12:24:00,1544.01,1544.01,1543.75,1543.75,-0.02,96.74,146631.89,-1
2024-05-07,2024-05-07 12:25:00,1543.75,1543.75,1543.49,1543.49,-0.02,96.74,146631.89,-1
2024-05-07,2024-05-07 12:26:00,1543.49,1543.49,1543.23,1543.23,-0.02,96.74,146631.89,-1
2024-05-07,2024-05-07 12:27:00,1543.23,1543.23,1542.96,1542.96,-0.02,96.74,146631.89,-1
2024-05-07,2024-05-07 12:28:00,1542.96,1542.96,1542.7,1542.7,-0.02,96.74,146631.89,-1
2024-05-07,2024-05-07 12:29:00,1542.7,1542.7,1542.44,1542.44,-0.02,96.74,146631.89,-1
2024-05-07,2024-05-07 12:30:00,1542.44,1542.44,1542.17,1542.17,-0.02,96.74,146631.89,-1
2024-05-07,2024-05-07 12:31:00,1542.17,1542.17,1541.91,1541.91,-0.02,96.74,146631.89,-1
2024-05-07,2024-05-07 12:32:00,1541.91,1541.91,1541.65,1541.65,-0.02,96.74,146631.89,-1
2024-05-07,2024-05-07 12:33:00,1541.65,1541.65,1541.39,1541.39,-0.02,96.74,146631.89,-1
2024-05-07,2024-05-07 12:34:00,1541.39,1541.39,1541.12,1541.12,-0.02,96.74,146631.89,-1
2024-05-07,2024-05-07 12:35:00,1541.12,1541.12,1540.86,1540.86,-0.02,96.74,146631.89,-1
2024-05-07,2024-05-07 12:36:00,1540.86,1540.86,1540.6,1540.6,-0.02,96.74,146631.89,-1
2024-05-07,2024-05-07 12:37:00,1540.6,1540.6,1540.33,1540.33,-0.02,96.74,146631.89,-1
2024-05-07,2024-05-07 12:38:00,1540.33,1540.33,1540.07,1540.07,-0.02,96.74,146631.89,-1
2024-05-07,2024-05-07 12:39:00,1540.07,1540.07,1539.81,1539.81,-0.02,96.74,146631.89,-1
2024-05-07,2024-05-07 12:40:00,1539.81,1539.81,1539.55,1539.55,-0.02,96.74,146631.89,-1
2024-05-07,2024-05-07 12:41:00,1539.55,1539.55,1539.28,1539.28,-0.02,96.74,146631.89,-1
2024-05-07,2024-05-07 12:42:00,1539.28,1539.28,1539.02,1539.02,-0.02,96.74,146631.89,-1
2024-05-07,2024-05-07 12:43:00,1539.02,1539.02,1538.76,1538.76,-0.02,96.74,146631.89,-1
2024-05-07,2024-05-07 12:44:00,1538.76,1538.76,1538.49,1538.49,-0.02,96.74,146631.89,-1
2024-05-07,2024-05-07 12:45:00,1538.49,1538.49,1538.23,1538.23,-0.02,96.74,146631.89,-1
2024-05-07,2024-05-07 12:46:00,1538.23,1538.23,1537.97,1537.97,-0.02,96.74,146631.89,-1
2024-05-07,2024-05-07 12:47:00,1537.97,1537.97,1537.7,1537.7,-0.02,96.74,146631.89,-1
2024-05-07,2024-05-07 12:48:00,1537.7,1537.7,1537.44,1537.44,-0.02,96.74,146631.89,-1
2024-05-07,2024-05-07 12:49:00,1537.44,1537.44,1537.18,1537.18,-0.02,96.74,146631.89,-1
2024-05-07,2024-05-07 12:50:00,1537.18,1537.18,1536.92,1536.92,-0.02,96.74,146631.89,-1
2024-05-07,2024-05-07 12:51:00,1536.92,1536.92,1536.65,1536.65,-0.02,96.74,146631.89,-1
2024-05-07,2024-05-07 12:52:00,1536.65,1536.65,1536.39,1536.39,-0.02,96.74,146631.89,-1
2024-05-07,2024-05-07 12:53:00,1536.39,1536.39,1536.13,1536.13,-0.02,96.74,146631.89,-1
2024-05-07,2024-05-07 12:54:00,1536.13,1536.13,1535.86,1535.86,-0.02,96.74,146631.89,-1
2024-05-07,2024-05-07 12:55:00,1535.86,1535.86,1535.6,1535.6,-0.02,96.74,146631.89,-1
2024-05-07,2024-05-07 12:56:00,1535.6,1535.6,1535.34,1535.34,-0.02,96.74,146631.89,-1
2024-05-07,2024-05-07 12:57:00,1535.34,1535.34,1535.08,1535.08,-0.02,96.74,146631.89,-1
2024-05-07,2024-05-07 12:58:00,1535.08,1535.08,1534.81,1534.81,-0.02,96.74,146631.89,-1
2024-05-07,2024-05-07 12:59:00,1534.81,1534.81,1534.55,1534.55,-0.02,96.74,146631.89,-1
2024-05-07,2024-05-07 13:00:00,1534.55,1661.5,1475.0,1534.29,-0.02,96.74,146631.89,-1
2024-05-07,2024-05-07 13:01:00,1534.29,1534.29,1534.02,1534.02,-0.02,96.74,146631.89,-1
2024-05-07,2024-05-07 13:02:00,1534.02,1534.02,1533.76,1533.76,-0.02,96.74,146631.89,-1
2024-05-07,2024-05-07 13:03:00,1533.76,1533.76,1533.5,1533.5,-0.02,96.74,146631.89,-1
2024-05-07,2024-05-07 13:04:00,1533.5,1533.5,1533.24,1533.24,-0.02,96.74,146631.89,-1
2024-05-07,2024-05-07 13:05:00,1533.24,1533.24,1532.97,1532.97,-0.02,96.74,146631.89,-1
2024-05-07,2024-05-07 13:06:00,1532.97,1532.97,1532.71,1532.71,-0.02,96.74,146631.89,-1
2024-05-07,2024-05-07 13:07:00,1532.71,1532.71,1532.45,1532.45,-0.02,96.74,146631.89,-1
2024-05-07,2024-05-07 13:08:00,1532.45,1532.45,1532.18,1532.18,-0.02,96.74,146631.89,-1
2024-05-07,2024-05-07 13:09:00,1532.18,1532.18,1531.92,1531.92,-0.02,96.74,146631.89,-1
2024-05-07,2024-05-07 13:10:00,1531.92,1531.92,1531.66,1531.66,-0.02,96.74,146631.89,-1
2024-05-07,2024-05-07 13:11:00,1531.66,1531.66,1531.39,1531.39,-0.02,96.74,146631.89,-1
2024-05-07,2024-05-07 13:12:00,1531.39,1531.39,1531.13,1531.13,-0.02,96.74,146631.89,-1
2024-05-07,2024-05-07 13:13:00,1531.13,1531.13,1530.87,1530.87,-0.02,96.74,146631.89,-1
2024-05-07,2024-05-07 13:14:00,1530.87,1530.87,1530.61,1530.61,-0.02,96.74,146631.89,-1
2024-05-07,2024-05-07 13:15:00,1530.61,1530.61,1530.34,1530.34,-0.02,96.74,146631.89,-1
2024-05-07,2024-05-07 13:16:00,1530.34,1530.34,1530.08,1530.08,-0.02,96.74,146631.89,-1
2024-05-07,2024-05-07 13:17:00,1530.08,1530.08,1529.82,1529.82,-0.02,96.74,146631.89,-1
2024-05-07,2024-05-07 13:18:00,1529.82,1529.82,1529.55,1529.55,-0.02,96.74,146631.89,-1
2024-05-07,2024-05-07 13:19:00,1529.55,1529.55,1529.29,1529.29,-0.02,96.74,146631.89,-1
2024-05-07,2024-05-07 13:20:00,1529.29,1529.29,1529.03,1529.03,-0.02,96.74,146631.89,-1
2024-05-07,2024-05-07 13:21:00,1529.03,1529.03,1528.77,1528.77,-0.02,96.74,146631.89,-1
2024-05-07,2024-05-07 13:22:00,1528.77,1528.77,1528.5,1528.5,-0.02,96.74,146631.89,-1
2024-05-07,2024-05-07 13:23:00,1528.5,1528.5,1528.24,1528.24,-0.02,96.74,146631.89,-1
2024-05-07,2024-05-07 13:24:00,1528.24,1528.24,1527.98,1527.98,-0.02,96.74,146631.89,-1
2024-05-07,2024-05-07 13:25:00,1527.98,1527.98,1527.71,1527.71,-0.02,96.74,146631.89,-1
2024-05-07,2024-05-07 13:26:00,1527.71,1527.71,1527.45,1527.45,-0.02,96.74,146631.89,-1
2024-05-07,2024-05-07 13:27:00,1527.45,1527.45,1527.19,1527.19,-0.02,96.74,146631.89,-1
2024-05-07,2024-05-07 13:28:00,1527.19,1527.19,1526.93,1526.93,-0.02,96.74,146631.89,-1
2024-05-07,2024-05-07 13:29:00,1526.93,1526.93,1526.66,1526.66,-0.02,96.74,146631.89,-1
2024-05-07,2024-05-07 13:30:00,1526.66,1526.66,1526.4,1526.4,-0.02,96.74,146631.89,-1
2024-05-07,2024-05-07 13:31:00,1526.4,1526.4,1526.14,1526.14,-0.02,96.74,146631.89,-1
2024-05-07,2024-05-07 13:32:00,1526.14,1526.14,1525.87,1525.87,-0.02,96.74,146631.89,-1
2024-05-07,2024-05-07 13:33:00,1525.87,1525.87,1525.61,1525.61,-0.02,96.74,146631.89,-1
2024-05-07,2024-05-07 13:34:00,1525.61,1525.61,1525.35,1525.35,-0.02,96.74,146631.89,-1
2024-05-07,2024-05-07 13:35:00,1525.35,1525.35,1525.09,1525.09,-0.02,96.74,146631.89,-1
2024-05-07,2024-05-07 13:36:00,1525.09,1525.09,1524.82,1524.82,-0.02,96.74,146631.89,-1
2024-05-07,2024-05-07 13:37:00,1524.82,1524.82,1524.56,1524.56,-0.02,96.74,146631.89,-1
2024-05-07,2024-05-07 13:38:00,1524.56,1524.56,1524.3,1524.3,-0.02,96.74,146631.89,-1
2024-05-07,2024-05-07 13:39:00,1524.3,1524.3,1524.03,1524.03,-0.02,96.74,146631.89,-1
2024-05-07,2024-05-07 13:40:00,1524.03,1524.03,1523.77,1523.77,-0.02,96.74,146631.89,-1
2024-05-07,2024-05-07 13:41:00,1523.77,1523.77,1523.51,1523.51,-0.02,96.74,146631.89,-1
2024-05-07,2024-05-07 13:42:00,1523.51,1523.51,1523.24,1523.24,-0.02,96.74,146631.89,-1
2024-05-07,2024-05-07 13:43:00,1523.24,1523.24,1522.98,1522.98,-0.02,96.74,146631.89,-1
2024-05-07,2024-05-07 13:44:00,1522.98,1522.98,1522.72,1522.72,-0.02,96.74,146631.89,-1
2024-05-07,2024-05-07 13:45:00,1522.72,1522.72,1522.46,1522.46,-0.02,96.74,146631.89,-1
2024-05-07,2024-05-07 13:46:00,1522.46,1522.46,1522.19,1522.19,-0.02,96.74,146631.89,-1
2024-05-07,2024-05-07 13:47:00,1522.19,1522.19,1521.93,1521.93,-0.02,96.74,146631.89,-1
2024-05-07,2024-05-07 13:48:00,1521.93,1521.93,1521.67,1521.67,-0.02,96.74,146631.89,-1
2024-05-07,2024-05-07 13:49:00,1521.67,1521.67,1521.4,1521.4,-0.02,96.74,146631.89,-1
2024-05-07,2024-05-07 13:50:00,1521.4,1521.4,1521.14,1521.14,-0.02,96.74,146631.89,-1
2024-05-07,2024-05-07 13:51:00,1521.14,1521.14,1520.88,1520.88,-0.02,96.74,146631.89,-1
2024-05-07,2024-05-07 13:52:00,1520.88,1520.88,1520.62,1520.62,-0.02,96.74,146631.89,-1
2024-05-07,2024-05-07 13:53:00,1520.62,1520.62,1520.35,1520.35,-0.02,96.74,146631.89,-1
2024-05-07,2024-05-07 13:54:00,1520.35,1520.35,1520.09,1520.09,-0.02,96.74,146631.89,-1
2024-05-07,2024-05-07 13:55:00,1520.09,1520.09,1519.83,1519.83,-0.02,96.74,146631.89,-1
2024-05-07,2024-05-07 13:56:00,1519.83,1519.83,1519.56,1519.56,-0.02,96.74,146631.89,-1
2024-05-07,2024-05-07 13:57:00,1519.56,1519.56,1519.3,1519.3,-0.02,96.74,146631.89,-1
2024-05-07,2024-05-07 13:58:00,1519.3,1519.3,1519.04,1519.04,-0.02,96.74,146631.89,-1
2024-05-07,2024-05-07 13:59:00,1519.04,1519.04,1518.78,1518.78,-0.02,96.74,146631.89,-1
2024-05-07,2024-05-07 14:00:00,1518.78,1518.78,1518.51,1518.51,-0.02,96.74,146631.89,-1
2024-05-07,2024-05-07 14:01:00,1518.51,1518.51,1518.25,1518.25,-0.02,96.74,146631.89,-1
2024-05-07,2024-05-07 14:02:00,1518.25,1518.25,1517.99,1517.99,-0.02,96.74,146631.89,-1
2024-05-07,2024-05-07 14:03:00,1517.99,1517.99,1517.72,1517.72,-0.02,96.74,146631.89,-1
2024-05-07,2024-05-07 14:04:00,1517.72,1517.72,1517.46,1517.46,-0.02,96.74,146631.89,-1
2024-05-07,2024-05-07 14:05:00,1517.46,1517.46,1517.2,1517.2,-0.02,96.74,146631.89,-1
2024-05-07,2024-05-07 14:06:00,1517.2,1517.2,1516.93,1516.93,-0.02,96.74,146631.89,-1
2024-05-07,2024-05-07 14:07:00,1516.93,1516.93,1516.67,1516.67,-0.02,96.74,146631.89,-1
2024-05-07,2024-05-07 14:08:00,1516.67,1516.67,1516.41,1516.41,-0.02,96.74,146631.89,-1
2024-05-07,2024-05-07 14:09:00,1516.41,1516.41,1516.15,1516.15,-0.02,96.74,146631.89,-1
2024-05-07,2024-05-07 14:10:00,1516.15,1516.15,1515.88,1515.88,-0.02,96.74,146631.89,-1
2024-05-07,2024-05-07 14:11:00,1515.88,1515.88,1515.62,1515.62,-0.02,96.74,146631.89,-1
2024-05-07,2024-05-07 14:12:00,1515.62,1515.62,1515.36,1515.36,-0.02,96.74,146631.89,-1
2024-05-07,2024-05-07 14:13:00,1515.36,1515.36,1515.09,1515.09,-0.02,96.74,146631.89,-1
2024-05-07,2024-05-07 14:14:00,1515.09,1515.09,1514.83,1514.83,-0.02,96.74,146631.89,-1
2024-05-07,2024-05-07 14:15:00,1514.83,1514.83,1514.57,1514.57,-0.02,96.74,146631.89,-1
2024-05-07,2024-05-07 14:16:00,1514.57,1514.57,1514.31,1514.31,-0.02,96.74,146631.89,-1
2024-05-07,2024-05-07 14:17:00,1514.31,1514.31,1514.04,1514.04,-0.02,96.74,146631.89,-1
2024-05-07,2024-05-07 14:18:00,1514.04,1514.04,1513.78,1513.78,-0.02,96.74,146631.89,-1
2024-05-07,2024-05-07 14:19:00,1513.78,1513.78,1513.52,1513.52,-0.02,96.74,146631.89,-1
2024-05-07,2024-05-07 14:20:00,1513.52,1513.52,1513.25,1513.25,-0.02,96.74,146631.89,-1
2024-05-07,2024-05-07 14:21:00,1513.25,1513.25,1512.99,1512.99,-0.02,96.74,146631.89,-1
2024-05-07,2024-05-07 14:22:00,1512.99,1512.99,1512.73,1512.73,-0.02,96.74,146631.89,-1
2024-05-07,2024-05-07 14:23:00,1512.73,1512.73,1512.46,1512.46,-0.02,96.74,146631.89,-1
2024-05-07,2024-05-07 14:24:00,1512.46,1512.46,1512.2,1512.2,-0.02,96.74,146631.89,-1
2024-05-07,2024-05-07 14:25:00,1512.2,1512.2,1511.94,1511.94,-0.02,96.74,146631.89,-1
2024-05-07,2024-05-07 14:26:00,1511.94,1511.94,1511.68,1511.68,-0.02,96.74,146631.89,-1
2024-05-07,2024-05-07 14:27:00,1511.68,1511.68,1511.41,1511.41,-0.02,96.74,146631.89,-1
2024-05-07,2024-05-07 14:28:00,1511.41,1511.41,1511.15,1511.15,-0.02,96.74,146631.89,-1
2024-05-07,2024-05-07 14:29:00,1511.15,1511.15,1510.89,1510.89,-0.02,96.74,146631.89,-1
2024-05-07,2024-05-07 14:30:00,1510.89,1510.89,1510.62,1510.62,-0.02,96.74,146631.89,-1
2024-05-07,2024-05-07 14:31:00,1510.62,1510.62,1510.36,1510.36,-0.02,96.74,146631.89,-1
2024-05-07,2024-05-07 14:32:00,1510.36,1510.36,1510.1,1510.1,-0.02,96.74,146631.89,-1
2024-05-07,2024-05-07 14:33:00,1510.1,1510.1,1509.84,1509.84,-0.02,96.74,146631.89,-1
2024-05-07,2024-05-07 14:34:00,1509.84,1509.84,1509.57,1509.57,-0.02,96.74,146631.89,-1
2024-05-07,2024-05-07 14:35:00,1509.57,1509.57,1509.31,1509.31,-0.02,96.74,146631.89,-1
2024-05-07,2024-05-07 14:36:00,1509.31,1509.31,1509.05,1509.05,-0.02,96.74,146631.89,-1
2024-05-07,2024-05-07 14:37:00,1509.05,1509.05,1508.78,1508.78,-0.02,96.74,146631.89,-1
2024-05-07,2024-05-07 14:38:00,1508.78,1508.78,1508.52,1508.52,-0.02,96.74,146631.89,-1
2024-05-07,2024-05-07 14:39:00,1508.52,1508.52,1508.26,1508.26,-0.02,96.74,146631.89,-1
2024-05-07,2024-05-07 14:40:00,1508.26,1508.26,1508.0,1508.0,-0.02,96.74,146631.89,-1
2024-05-07,2024-05-07 14:41:00,1508.0,1508.0,1507.73,1507.73,-0.02,96.74,146631.89,-1
2024-05-07,2024-05-07 14:42:00,1507.73,1507.73,1507.47,1507.47,-0.02,96.74,146631.89,-1
2024-05-07,2024-05-07 14:43:00,1507.47,1507.47,1507.21,1507.21,-0.02,96.74,146631.89,-1
2024-05-07,2024-05-07 14:44:00,1507.21,1507.21,1506.94,1506.94,-0.02,96.74,146631.89,-1
2024-05-07,2024-05-07 14:45:00,1506.94,1506.94,1506.68,1506.68,-0.02,96.74,146631.89,-1
2024-05-07,2024-05-07 14:46:00,1506.68,1506.68,1506.42,1506.42,-0.02,96.74,146631.89,-1
2024-05-07,2024-05-07 14:47:00,1506.42,1506.42,1506.15,1506.15,-0.02,96.74,146631.89,-1
2024-05-07,2024-05-07 14:48:00,1506.15,1506.15,1505.89,1505.89,-0.02,96.74,146631.89,-1
2024-05-07,2024-05-07 14:49:00,1505.89,1505.89,1505.63,1505.63,-0.02,96.74,146631.89,-1
2024-05-07,2024-05-07 14:50:00,1505.63,1505.63,1505.37,1505.37,-0.02,96.74,146631.89,-1
2024-05-07,2024-05-07 14:51:00,1505.37,1505.37,1505.1,1505.1,-0.02,96.74,146631.89,-1
2024-05-07,2024-05-07 14:52:00,1505.1,1505.1,1504.84,1504.84,-0.02,96.74,146631.89,-1
2024-05-07,2024-05-07 14:53:00,1504.84,1504.84,1504.58,1504.58,-0.02,96.74,146631.89,-1
2024-05-07,2024-05-07 14:54:00,1504.58,1504.58,1504.31,1504.31,-0.02,96.74,146631.89,-1
2024-05-07,2024-05-07 14:55:00,1504.31,1504.31,1504.05,1504.05,-0.02,96.74,146631.89,-1
2024-05-07,2024-05-07 14:56:00,1504.05,1504.05,1503.79,1503.79,-0.02,96.74,146631.89,-1
2024-05-07,2024-05-07 14:57:00,1503.79,1503.79,1503.53,1503.53,-0.02,96.74,146631.89,-1
2024-05-07,2024-05-07 14:58:00,1503.53,1503.53,1503.26,1503.26,-0.02,96.74,146631.89,-1
2024-05-07,2024-05-07 14:59:00,1503.26,1503.26,1503.0,1503.0,-0.02,96.74,146631.89,-1
2024-05-07,2024-05-07 15:00:00,1503.0,1661.5,1475.0,1503.0,0.0,96.74,146631.89,0
2024-05-08,2024-05-08 11:00:00,1500.3,1529.01,1500.3,1500.63,0.02,31.62,49024.53,1
2024-05-08,2024-05-08 11:01:00,1500.63,1500.96,1500.63,1500.96,0.02,31.62,49024.53,1
2024-05-08,2024-05-08 11:02:00,1500.96,1501.3,1500.96,1501.3,0.02,31.62,49024.53,1
2024-05-08,2024-05-08 11:03:00,1501.3,1501.63,1501.3,1501.63,0.02,31.62,49024.53,1
2024-05-08,2024-05-08 11:04:00,1501.63,1501.96,1501.63,1501.96,0.02,31.62,49024.53,1
2024-05-08,2024-05-08 11:05:00,1501.96,1502.29,1501.96,1502.29,0.02,31.62,49024.53,1
2024-05-08,2024-05-08 11:06:00,1502.29,1502.62,1502.29,1502.62,0.02,31.62,49024.53,1
2024-05-08,2024-05-08 11:07:00,1502.62,1502.96,1502.62,1502.96,0.02,31.62,49024.53,1
2024-05-08,2024-05-08 11:08:00,1502.96,1503.29,1502.96,1503.29,0.02,31.62,49024.53,1
2024-05-08,2024-05-08 11:09:00,1503.29,1503.62,1503.29,1503.62,0.02,31.62,49024.53,1
2024-05-08,2024-05-08 11:10:00,1503.62,1503.95,1503.62,1503.95,0.02,31.62,49024.53,1
2024-05-08,2024-05-08 11:11:00,1503.95,1504.28,1503.95,1504.28,0.02,31.62,49024.53,1
2024-05-08,2024-05-08 11:12:00,1504.28,1504.62,1504.28,1504.62,0.02,31.62,49024.53,1
2024-05-08,2024-05-08 11:13:00,1504.62,1504.95,1504.62,1504.95,0.02,31.62,49024.53,1
2024-05-08,2024-05-08 11:14:00,1504.95,1505.28,1504.95,1505.28,0.02,31.62,49024.53,1
2024-05-08,2024-05-08 11:15:00,1505.28,1505.61,1505.28,1505.61,0.02,31.62,49024.53,1
2024-05-08,2024-05-08 11:16:00,1505.61,1505.95,1505.61,1505.95,0.02,31.62,49024.53,1
2024-05-08,2024-05-08 11:17:00,1505.95,1506.28,1505.95,1506.28,0.02,31.62,49024.53,1
2024-05-08,2024-05-08 11:18:00,1506.28,1506.61,1506.28,1506.61,0.02,31.62,49024.53,1
2024-05-08,2024-05-08 11:19:00,1506.61,1506.94,1506.61,1506.94,0.02,31.62,49024.53,1
2024-05-08,2024-05-08 11:20:00,1506.94,1507.27,1506.94,1507.27,0.02,31.62,49024.53,1
2024-05-08,2024-05-08 11:21:00,1507.27,1507.61,1507.27,1507.61,0.02,31.62,49024.53,1
2024-05-08,2024-05-08 11:22:00,1507.61,1507.94,1507.61,1507.94,0.02,31.62,49024.53,1
2024-05-08,2024-05-08 11:23:00,1507.94,1508.27,1507.94,1508.27,0.02,31.62,49024.53,1
2024-05-08,2024-05-08 11:24:00,1508.27,1508.6,1508.27,1508.6,0.02,31.62,49024.53,1
2024-05-08,2024-05-08 11:25:00,1508.6,1508.93,1508.6,1508.93,0.02,31.62,49024.53,1
2024-05-08,2024-05-08 11:26:00,1508.93,1509.27,1508.93,1509.27,0.02,31.62,49024.53,1
2024-05-08,2024-05-08 11:27:00,1509.27,1509.6,1509.27,1509.6,0.02,31.62,49024.53,1
2024-05-08,2024-05-08 11:28:00,1509.6,1509.93,1509.6,1509.93,0.02,31.62,49024.53,1
2024-05-08,2024-05-08 11:29:00,1509.93,1510.26,1509.93,1510.26,0.02,31.62,49024.53,1
2024-05-08,2024-05-08 11:30:00,1510.26,1510.59,1510.26,1510.59,0.02,31.62,49024.53,1
2024-05-08,2024-05-08 11:31:00,1510.59,1510.93,1510.59,1510.93,0.02,31.62,49024.53,1
2024-05-08,2024-05-08 11:32:00,1510.93,1511.26,1510.93,1511.26,0.02,31.62,49024.53,1
2024-05-08,2024-05-08 11:33:00,1511.26,1511.59,1511.26,1511.59,0.02,31.62,49024.53,1
2024-05-08,2024-05-08 11:34:00,1511.59,1511.92,1511.59,1511.92,0.02,31.62,49024.53,1
2024-05-08,2024-05-08 11:35:00,1511.92,1512.25,1511.92,1512.25,0.02,31.62,49024.53,1
2024-05-08,2024-05-08 11:36:00,1512.25,1512.59,1512.25,1512.59,0.02,31.62,49024.53,1
2024-05-08,2024-05-08 11:37:00,1512.59,1512.92,1512.59,1512.92,0.02,31.62,49024.53,1
2024-05-08,2024-05-08 11:38:00,1512.92,1513.25,1512.92,1513.25,0.02,31.62,49024.53,1
2024-05-08,2024-05-08 11:39:00,1513.25,1513.58,1513.25,1513.58,0.02,31.62,49024.53,1
2024-05-08,2024-05-08 11:40:00,1513.58,1513.92,1513.58,1513.92,0.02,31.62,49024.53,1
2024-05-08,2024-05-08 11:41:00,1513.92,1514.25,1513.92,1514.25,0.02,31.62,49024.53,1
2024-05-08,2024-05-08 11:42:00,1514.25,1514.58,1514.25,1514.58,0.02,31.62,49024.53,1
2024-05-08,2024-05-08 11:43:00,1514.58,1514.91,1514.58,1514.91,0.02,31.62,49024.53,1
2024-05-08,2024-05-08 11:44:00,1514.91,1515.24,1514.91,1515.24,0.02,31.62,49024.53,1
2024-05-08,2024-05-08 11:45:00,1515.24,1515.58,1515.24,1515.58,0.02,31.62,49024.53,1
2024-05-08,2024-05-08 11:46:00,1515.58,1515.91,1515.58,1515.91,0.02,31.62,49024.53,1
2024-05-08,2024-05-08 11:47:00,1515.91,1516.24,1515.91,1516.24,0.02,31.62,49024.53,1
2024-05-08,2024-05-08 11:48:00,1516.24,1516.57,1516.24,1516.57,0.02,31.62,49024.53,1
2024-05-08,2024-05-08 11:49:00,1516.57,1516.9,1516.57,1516.9,0.02,31.62,49024.53,1
2024-05-08,2024-05-08 11:50:00,1516.9,1517.24,1516.9,1517.24,0.02,31.62,49024.53,1
2024-05-08,2024-05-08 11:51:00,1517.24,1517.57,1517.24,1517.57,0.02,31.62,49024.53,1
2024-05-08,2024-05-08 11:52:00,1517.57,1517.9,1517.57,1517.9,0.02,31.62,49024.53,1
2024-05-08,2024-05-08 11:53:00,1517.9,1518.23,1517.9,1518.23,0.02,31.62,49024.53,1
2024-05-08,2024-05-08 11:54:00,1518.23,1518.56,1518.23,1518.56,0.02,31.62,49024.53,1
2024-05-08,2024-05-08 11:55:00,1518.56,1518.9,1518.56,1518.9,0.02,31.62,49024.53,1
2024-05-08,2024-05-08 11:56:00,1518.9,1519.23,1518.9,1519.23,0.02,31.62,49024.53,1
2024-05-08,2024-05-08 11:57:00,1519.23,1519.56,1519.23,1519.56,0.02,31.62,49024.53,1
2024-05-08,2024-05-08 11:58:00,1519.56,1519.89,1519.56,1519.89,0.02,31.62,49024.53,1
2024-05-08,2024-05-08 11:59:00,1519.89,1520.22,1519.89,1520.22,0.02,31.62,49024.53,1
2024-05-08,2024-05-08 12:00:00,1520.22,1520.56,1520.22,1520.56,0.02,31.62,49024.53,1
2024-05-08,2024-05-08 12:01:00,1520.56,1520.89,1520.56,1520.89,0.02,31.62,49024.53,1
2024-05-08,2024-05-08 12:02:00,1520.89,1521.22,1520.89,1521.22,0.02,31.62,49024.53,1
2024-05-08,2024-05-08 12:03:00,1521.22,1521.55,1521.22,1521.55,0.02,31.62,49024.53,1
2024-05-08,2024-05-08 12:04:00,1521.55,1521.89,1521.55,1521.89,0.02,31.62,49024.53,1
2024-05-08,2024-05-08 12:05:00,1521.89,1522.22,1521.89,1522.22,0.02,31.62,49024.53,1
2024-05-08,2024-05-08 12:06:00,1522.22,1522.55,1522.22,1522.55,0.02,31.62,49024.53,1
2024-05-08,2024-05-08 12:07:00,1522.55,1522.88,1522.55,1522.88,0.02,31.62,49024.53,1
2024-05-08,2024-05-08 12:08:00,1522.88,1523.21,1522.88,1523.21,0.02,31.62,49024.53,1
2024-05-08,2024-05-08 12:09:00,1523.21,1523.55,1523.21,1523.55,0.02,31.62,49024.53,1
2024-05-08,2024-05-08 12:10:00,1523.55,1523.88,1523.55,1523.88,0.02,31.62,49024.53,1
2024-05-08,2024-05-08 12:11:00,1523.88,1524.21,1523.88,1524.21,0.02,31.62,49024.53,1
2024-05-08,2024-05-08 12:12:00,1524.21,1524.54,1524.21,1524.54,0.02,31.62,49024.53,1
2024-05-08,2024-05-08 12:13:00,1524.54,1524.87,1524.54,1524.87,0.02,31.62,49024.53,1
2024-05-08,2024-05-08 12:14:00,1524.87,1525.21,1524.87,1525.21,0.02,31.62,49024.53,1
2024-05-08,2024-05-08 12:15:00,1525.21,1525.54,1525.21,1525.54,0.02,31.62,49024.53,1
2024-05-08,2024-05-08 12:16:00,1525.54,1525.87,1525.54,1525.87,0.02,31.62,49024.53,1
2024-05-08,2024-05-08 12:17:00,1525.87,1526.2,1525.87,1526.2,0.02,31.62,49024.53,1
2024-05-08,2024-05-08 12:18:00,1526.2,1526.53,1526.2,1526.53,0.02,31.62,49024.53,1
2024-05-08,2024-05-08 12:19:00,1526.53,1526.87,1526.53,1526.87,0.02,31.62,49024.53,1
2024-05-08,2024-05-08 12:20:00,1526.87,1527.2,1526.87,1527.2,0.02,31.62,49024.53,1
2024-05-08,2024-05-08 12:21:00,1527.2,1527.53,1527.2,1527.53,0.02,31.62,49024.53,1
2024-05-08,2024-05-08 12:22:00,1527.53,1527.86,1527.53,1527.86,0.02,31.62,49024.53,1
2024-05-08,2024-05-08 12:23:00,1527.86,1528.19,1527.86,1528.19,0.02,31.62,49024.53,1
2024-05-08,2024-05-08 12:24:00,1528.19,1528.53,1528.19,1528.53,0.02,31.62,49024.53,1
2024-05-08,2024-05-08 12:25:00,1528.53,1528.86,1528.53,1528.86,0.02,31.62,49024.53,1
2024-05-08,2024-05-08 12:26:00,1528.86,1529.19,1528.86,1529.19,0.02,31.62,49024.53,1
2024-05-08,2024-05-08 12:27:00,1529.19,1529.52,1529.19,1529.52,0.02,31.62,49024.53,1
2024-05-08,2024-05-08 12:28:00,1529.52,1529.86,1529.52,1529.86,0.02,31.62,49024.53,1
2024-05-08,2024-05-08 12:29:00,1529.86,1530.19,1529.86,1530.19,0.02,31.62,49024.53,1
2024-05-08,2024-05-08 12:30:00,1530.19,1530.52,1530.19,1530.52,0.02,31.62,49024.53,1
2024-05-08,2024-05-08 12:31:00,1530.52,1530.85,1530.52,1530.85,0.02,31.62,49024.53,1
2024-05-08,2024-05-08 12:32:00,1530.85,1531.18,1530.85,1531.18,0.02,31.62,49024.53,1
2024-05-08,2024-05-08 12:33:00,1531.18,1531.52,1531.18,1531.52,0.02,31.62,49024.53,1
2024-05-08,2024-05-08 12:34:00,1531.52,1531.85,1531.52,1531.85,0.02,31.62,49024.53,1
2024-05-08,2024-05-08 12:35:00,1531.85,1532.18,1531.85,1532.18,0.02,31.62,49024.53,1
2024-05-08,2024-05-08 12:36:00,1532.18,1532.51,1532.18,1532.51,0.02,31.62,49024.53,1
2024-05-08,2024-05-08 12:37:00,1532.51,1532.84,1532.51,1532.84,0.02,31.62,49024.53,1
2024-05-08,2024-05-08 12:38:00,1532.84,1533.18,1532.84,1533.18,0.02,31.62,49024.53,1
2024-05-08,2024-05-08 12:39:00,1533.18,1533.51,1533.18,1533.51,0.02,31.62,49024.53,1
2024-05-08,2024-05-08 12:40:00,1533.51,1533.84,1533.51,1533.84,0.02,31.62,49024.53,1
2024-05-08,2024-05-08 12:41:00,1533.84,1534.17,1533.84,1534.17,0.02,31.62,49024.53,1
2024-05-08,2024-05-08 12:42:00,1534.17,1534.5,1534.17,1534.5,0.02,31.62,49024.53,1
2024-05-08,2024-05-08 12:43:00,1534.5,1534.84,1534.5,1534.84,0.02,31.62,49024.53,1
2024-05-08,2024-05-08 12:44:00,1534.84,1535.17,1534.84,1535.17,0.02,31.62,49024.53,1
2024-05-08,2024-05-08 12:45:00,1535.17,1535.5,1535.17,1535.5,0.02,31.62,49024.53,1
2024-05-08,2024-05-08 12:46:00,1535.5,1535.83,1535.5,1535.83,0.02,31.62,49024.53,1
2024-05-08,2024-05-08 12:47:00,1535.83,1536.16,1535.83,1536.16,0.02,31.62,49024.53,1
2024-05-08,2024-05-08 12:48:00,1536.16,1536.5,1536.16,1536.5,0.02,31.62,49024.53,1
2024-05-08,2024-05-08 12:49:00,1536.5,1536.83,1536.5,1536.83,0.02,31.62,49024.53,1
2024-05-08,2024-05-08 12:50:00,1536.83,1537.16,1536.83,1537.16,0.02,31.62,49024.53,1
2024-05-08,2024-05-08 12:51:00,1537.16,1537.49,1537.16,1537.49,0.02,31.62,49024.53,1
2024-05-08,2024-05-08 12:52:00,1537.49,1537.83,1537.49,1537.83,0.02,31.62,49024.53,1
2024-05-08,2024-05-08 12:53:00,1537.83,1538.16,1537.83,1538.16,0.02,31.62,49024.53,1
2024-05-08,2024-05-08 12:54:00,1538.16,1538.49,1538.16,1538.49,0.02,31.62,49024.53,1
2024-05-08,2024-05-08 12:55:00,1538.49,1538.82,1538.49,1538.82,0.02,31.62,49024.53,1
2024-05-08,2024-05-08 12:56:00,1538.82,1539.15,1538.82,1539.15,0.02,31.62,49024.53,1
2024-05-08,2024-05-08 12:57:00,1539.15,1539.49,1539.15,1539.49,0.02,31.62,49024.53,1
2024-05-08,2024-05-08 12:58:00,1539.49,1539.82,1539.49,1539.82,0.02,31.62,49024.53,1
2024-05-08,2024-05-08 12:59:00,1539.82,1540.15,1539.82,1540.15,0.02,31.62,49024.53,1
2024-05-08,2024-05-08 13:00:00,1540.15,1596.0,1500.3,1540.48,0.02,31.62,49024.53,1
2024-05-08,2024-05-08 13:01:00,1540.48,1540.81,1540.48,1540.81,0.02,31.62,49024.53,1
2024-05-08,2024-05-08 13:02:00,1540.81,1541.15,1540.81,1541.15,0.02,31.62,49024.53,1
2024-05-08,2024-05-08 13:03:00,1541.15,1541.48,1541.15,1541.48,0.02,31.62,49024.53,1
2024-05-08,2024-05-08 13:04:00,1541.48,1541.81,1541.48,1541.81,0.02,31.62,49024.53,1
2024-05-08,2024-05-08 13:05:00,1541.81,1542.14,1541.81,1542.14,0.02,31.62,49024.53,1
2024-05-08,2024-05-08 13:06:00,1542.14,1542.47,1542.14,1542.47,0.02,31.62,49024.53,1
2024-05-08,2024-05-08 13:07:00,1542.47,1542.81,1542.47,1542.81,0.02,31.62,49024.53,1
2024-05-08,2024-05-08 13:08:00,1542.81,1543.14,1542.81,1543.14,0.02,31.62,49024.53,1
2024-05-08,2024-05-08 13:09:00,1543.14,1543.47,1543.14,1543.47,0.02,31.62,49024.53,1
2024-05-08,2024-05-08 13:10:00,1543.47,1543.8,1543.47,1543.8,0.02,31.62,49024.53,1
2024-05-08,2024-05-08 13:11:00,1543.8,1544.13,1543.8,1544.13,0.02,31.62,49024.53,1
2024-05-08,2024-05-08 13:12:00,1544.13,1544.47,1544.13,1544.47,0.02,31.62,49024.53,1
2024-05-08,2024-05-08 13:13:00,1544.47,1544.8,1544.47,1544.8,0.02,31.62,49024.53,1
2024-05-08,2024-05-08 13:14:00,1544.8,1545.13,1544.8,1545.13,0.02,31.62,49024.53,1
2024-05-08,2024-05-08 13:15:00,1545.13,1545.46,1545.13,1545.46,0.02,31.62,49024.53,1
2024-05-08,2024-05-08 13:16:00,1545.46,1545.8,1545.46,1545.8,0.02,31.62,49024.53,1
2024-05-08,2024-05-08 13:17:00,1545.8,1546.13,1545.8,1546.13,0.02,31.62,49024.53,1
2024-05-08,2024-05-08 13:18:00,1546.13,1546.46,1546.13,1546.46,0.02,31.62,49024.53,1
2024-05-08,2024-05-08 13:19:00,1546.46,1546.79,1546.46,1546.79,0.02,31.62,49024.53,1
2024-05-08,2024-05-08 13:20:00,1546.79,1547.12,1546.79,1547.12,0.02,31.62,49024.53,1
2024-05-08,2024-05-08 13:21:00,1547.12,1547.46,1547.12,1547.46,0.02,31.62,49024.53,1
2024-05-08,2024-05-08 13:22:00,1547.46,1547.79,1547.46,1547.79,0.02,31.62,49024.53,1
2024-05-08,2024-05-08 13:23:00,1547.79,1548.12,1547.79,1548.12,0.02,31.62,49024.53,1
2024-05-08,2024-05-08 13:24:00,1548.12,1548.45,1548.12,1548.45,0.02,31.62,49024.53,1
2024-05-08,2024-05-08 13:25:00,1548.45,1548.78,1548.45,1548.78,0.02,31.62,49024.53,1
2024-05-08,2024-05-08 13:26:00,1548.78,1549.12,1548.78,1549.12,0.02,31.62,49024.53,1
2024-05-08,2024-05-08 13:27:00,1549.12,1549.45,1549.12,1549.45,0.02,31.62,49024.53,1
2024-05-08,2024-05-08 13:28:00,1549.45,1549.78,1549.45,1549.78,0.02,31.62,49024.53,1
2024-05-08,2024-05-08 13:29:00,1549.78,1550.11,1549.78,1550.11,0.02,31.62,49024.53,1
2024-05-08,2024-05-08 13:30:00,1550.11,1550.44,1550.11,1550.44,0.02,31.62,49024.53,1
2024-05-08,2024-05-08 13:31:00,1550.44,1550.78,1550.44,1550.78,0.02,31.62,49024.53,1
2024-05-08,2024-05-08 13:32:00,1550.78,1551.11,1550.78,1551.11,0.02,31.62,49024.53,1
2024-05-08,2024-05-08 13:33:00,1551.11,1551.44,1551.11,1551.44,0.02,31.62,49024.53,1
2024-05-08,2024-05-08 13:34:00,1551.44,1551.77,1551.44,1551.77,0.02,31.62,49024.53,1
2024-05-08,2024-05-08 13:35:00,1551.77,1552.11,1551.77,1552.11,0.02,31.62,49024.53,1
2024-05-08,2024-05-08 13:36:00,1552.11,1552.44,1552.11,1552.44,0.02,31.62,49024.53,1
2024-05-08,2024-05-08 13:37:00,1552.44,1552.77,1552.44,1552.77,0.02,31.62,49024.53,1
2024-05-08,2024-05-08 13:38:00,1552.77,1553.1,1552.77,1553.1,0.02,31.62,49024.53,1
2024-05-08,2024-05-08 13:39:00,1553.1,1553.43,1553.1,1553.43,0.02,31.62,49024.53,1
2024-05-08,2024-05-08 13:40:00,1553.43,1553.77,1553.43,1553.77,0.02,31.62,49024.53,1
2024-05-08,2024-05-08 13:41:00,1553.77,1554.1,1553.77,1554.1,0.02,31.62,49024.53,1
2024-05-08,2024-05-08 13:42:00,1554.1,1554.43,1554.1,1554.43,0.02,31.62,49024.53,1
2024-05-08,2024-05-08 13:43:00,1554.43,1554.76,1554.43,1554.76,0.02,31.62,49024.53,1
2024-05-08,2024-05-08 13:44:00,1554.76,1555.09,1554.76,1555.09,0.02,31.62,49024.53,1
2024-05-08,2024-05-08 13:45:00,1555.09,1555.43,1555.09,1555.43,0.02,31.62,49024.53,1
2024-05-08,2024-05-08 13:46:00,1555.43,1555.76,1555.43,1555.76,0.02,31.62,49024.53,1
2024-05-08,2024-05-08 13:47:00,1555.76,1556.09,1555.76,1556.09,0.02,31.62,49024.53,1
2024-05-08,2024-05-08 13:48:00,1556.09,1556.42,1556.09,1556.42,0.02,31.62,49024.53,1
2024-05-08,2024-05-08 13:49:00,1556.42,1556.75,1556.42,1556.75,0.02,31.62,49024.53,1
2024-05-08,2024-05-08 13:50:00,1556.75,1557.09,1556.75,1557.09,0.02,31.62,49024.53,1
2024-05-08,2024-05-08 13:51:00,1557.09,1557.42,1557.09,1557.42,0.02,31.62,49024.53,1
2024-05-08,2024-05-08 13:52:00,1557.42,1557.75,1557.42,1557.75,0.02,31.62,49024.53,1
2024-05-08,2024-05-08 13:53:00,1557.75,1558.08,1557.75,1558.08,0.02,31.62,49024.53,1
2024-05-08,2024-05-08 13:54:00,1558.08,1558.41,1558.08,1558.41,0.02,31.62,49024.53,1
2024-05-08,2024-05-08 13:55:00,1558.41,1558.75,1558.41,1558.75,0.02,31.62,49024.53,1
2024-05-08,2024-05-08 13:56:00,1558.75,1559.08,1558.75,1559.08,0.02,31.62,49024.53,1
2024-05-08,2024-05-08 13:57:00,1559.08,1559.41,1559.08,1559.41,0.02,31.62,49024.53,1
2024-05-08,2024-05-08 13:58:00,1559.41,1559.74,1559.41,1559.74,0.02,31.62,49024.53,1
2024-05-08,2024-05-08 13:59:00,1559.74,1560.08,1559.74,1560.08,0.02,31.62,49024.53,1
2024-05-08,2024-05-08 14:00:00,1560.08,1560.41,1560.08,1560.41,0.02,31.62,49024.53,1
2024-05-08,2024-05-08 14:01:00,1560.41,1560.74,1560.41,1560.74,0.02,31.62,49024.53,1
2024-05-08,2024-05-08 14:02:00,1560.74,1561.07,1560.74,1561.07,0.02,31.62,49024.53,1
2024-05-08,2024-05-08 14:03:00,1561.07,1561.4,1561.07,1561.4,0.02,31.62,49024.53,1
2024-05-08,2024-05-08 14:04:00,1561.4,1561.74,1561.4,1561.74,0.02,31.62,49024.53,1
2024-05-08,2024-05-08 14:05:00,1561.74,1562.07,1561.74,1562.07,0.02,31.62,49024.53,1
2024-05-08,2024-05-08 14:06:00,1562.07,1562.4,1562.07,1562.4,0.02,31.62,49024.53,1
2024-05-08,2024-05-08 14:07:00,1562.4,1562.73,1562.4,1562.73,0.02,31.62,49024.53,1
2024-05-08,2024-05-08 14:08:00,1562.73,1563.06,1562.73,1563.06,0.02,31.62,49024.53,1
2024-05-08,2024-05-08 14:09:00,1563.06,1563.4,1563.06,1563.4,0.02,31.62,49024.53,1
2024-05-08,2024-05-08 14:10:00,1563.4,1563.73,1563.4,1563.73,0.02,31.62,49024.53,1
2024-05-08,2024-05-08 14:11:00,1563.73,1564.06,1563.73,1564.06,0.02,31.62,49024.53,1
2024-05-08,2024-05-08 14:12:00,1564.06,1564.39,1564.06,1564.39,0.02,31.62,49024.53,1
2024-05-08,2024-05-08 14:13:00,1564.39,1564.72,1564.39,1564.72,0.02,31.62,49024.53,1
2024-05-08,2024-05-08 14:14:00,1564.72,1565.06,1564.72,1565.06,0.02,31.62,49024.53,1
2024-05-08,2024-05-08 14:15:00,1565.06,1565.39,1565.06,1565.39,0.02,31.62,49024.53,1
2024-05-08,2024-05-08 14:16:00,1565.39,1565.72,1565.39,1565.72,0.02,31.62,49024.53,1
2024-05-08,2024-05-08 14:17:00,1565.72,1566.05,1565.72,1566.05,0.02,31.62,49024.53,1
2024-05-08,2024-05-08 14:18:00,1566.05,1566.38,1566.05,1566.38,0.02,31.62,49024.53,1
2024-05-08,2024-05-08 14:19:00,1566.38,1566.72,1566.38,1566.72,0.02,31.62,49024.53,1
2024-05-08,2024-05-08 14:20:00,1566.72,1567.05,1566.72,1567.05,0.02,31.62,49024.53,1
2024-05-08,2024-05-08 14:21:00,1567.05,1567.38,1567.05,1567.38,0.02,31.62,49024.53,1
2024-05-08,2024-05-08 14:22:00,1567.38,1567.71,1567.38,1567.71,0.02,31.62,49024.53,1
2024-05-08,2024-05-08 14:23:00,1567.71,1568.05,1567.71,1568.05,0.02,31.62,49024.53,1
2024-05-08,2024-05-08 14:24:00,1568.05,1568.38,1568.05,1568.38,0.02,31.62,49024.53,1
2024-05-08,2024-05-08 14:25:00,1568.38,1568.71,1568.38,1568.71,0.02,31.62,49024.53,1
2024-05-08,2024-05-08 14:26:00,1568.71,1569.04,1568.71,1569.04,0.02,31.62,49024.53,1
2024-05-08,2024-05-08 14:27:00,1569.04,1569.37,1569.04,1569.37,0.02,31.62,49024.53,1
2024-05-08,2024-05-08 14:28:00,1569.37,1569.71,1569.37,1569.71,0.02,31.62,49024.53,1
2024-05-08,2024-05-08 14:29:00,1569.71,1570.04,1569.71,1570.04,0.02,31.62,49024.53,1
2024-05-08,2024-05-08 14:30:00,1570.04,1570.37,1570.04,1570.37,0.02,31.62,49024.53,1
2024-05-08,2024-05-08 14:31:00,1570.37,1570.7,1570.37,1570.7,0.02,31.62,49024.53,1
2024-05-08,2024-05-08 14:32:00,1570.7,1571.03,1570.7,1571.03,0.02,31.62,49024.53,1
2024-05-08,2024-05-08 14:33:00,1571.03,1571.37,1571.03,1571.37,0.02,31.62,49024.53,1
2024-05-08,2024-05-08 14:34:00,1571.37,1571.7,1571.37,1571.7,0.02,31.62,49024.53,1
2024-05-08,2024-05-08 14:35:00,1571.7,1572.03,1571.7,1572.03,0.02,31.62,49024.53,1
2024-05-08,2024-05-08 14:36:00,1572.03,1572.36,1572.03,1572.36,0.02,31.62,49024.53,1
2024-05-08,2024-05-08 14:37:00,1572.36,1572.69,1572.36,1572.69,0.02,31.62,49024.53,1
2024-05-08,2024-05-08 14:38:00,1572.69,1573.03,1572.69,1573.03,0.02,31.62,49024.53,1
2024-05-08,2024-05-08 14:39:00,1573.03,1573.36,1573.03,1573.36,0.02,31.62,49024.53,1
2024-05-08,2024-05-08 14:40:00,1573.36,1573.69,1573.36,1573.69,0.02,31.62,49024.53,1
2024-05-08,2024-05-08 14:41:00,1573.69,1574.02,1573.69,1574.02,0.02,31.62,49024.53,1
2024-05-08,2024-05-08 14:42:00,1574.02,1574.35,1574.02,1574.35,0.02,31.62,49024.53,1
2024-05-08,2024-05-08 14:43:00,1574.35,1574.69,1574.35,1574.69,0.02,31.62,49024.53,1
2024-05-08,2024-05-08 14:44:00,1574.69,1575.02,1574.69,1575.02,0.02,31.62,49024.53,1
2024-05-08,2024-05-08 14:45:00,1575.02,1575.35,1575.02,1575.35,0.02,31.62,49024.53,1
2024-05-08,2024-05-08 14:46:00,1575.35,1575.68,1575.35,1575.68,0.02,31.62,49024.53,1
2024-05-08,2024-05-08 14:47:00,1575.68,1576.02,1575.68,1576.02,0.02,31.62,49024.53,1
2024-05-08,2024-05-08 14:48:00,1576.02,1576.35,1576.02,1576.35,0.02,31.62,49024.53,1
2024-05-08,2024-05-08 14:49:00,1576.35,1576.68,1576.35,1576.68,0.02,31.62,49024.53,1
2024-05-08,2024-05-08 14:50:00,1576.68,1577.01,1576.68,1577.01,0.02,31.62,49024.53,1
2024-05-08,2024-05-08 14:51:00,1577.01,1577.34,1577.01,1577.34,0.02,31.62,49024.53,1
2024-05-08,2024-05-08 14:52:00,1577.34,1577.68,1577.34,1577.68,0.02,31.62,49024.53,1
2024-05-08,2024-05-08 14:53:00,1577.68,1578.01,1577.68,1578.01,0.02,31.62,49024.53,1
2024-05-08,2024-05-08 14:54:00,1578.01,1578.34,1578.01,1578.34,0.02,31.62,49024.53,1
2024-05-08,2024-05-08 14:55:00,1578.34,1578.67,1578.34,1578.67,0.02,31.62,49024.53,1
2024-05-08,2024-05-08 14:56:00,1578.67,1579.0,1578.67,1579.0,0.02,31.62,49024.53,1
2024-05-08,2024-05-08 14:57:00,1579.0,1579.34,1579.0,1579.34,0.02,31.62,49024.53,1
2024-05-08,2024-05-08 14:58:00,1579.34,1579.67,1579.34,1579.67,0.02,31.62,49024.53,1
2024-05-08,2024-05-08 14:59:00,1579.67,1580.0,1579.67,1580.0,0.02,31.62,49024.53,1
2024-05-08,2024-05-08 15:00:00,1580.0,1596.0,1500.3,1580.0,0.0,31.62,49024.53,0
2024-05-09,2024-05-09 11:00:00,1548.4,1569.88,1524.88,1548.55,0.01,47.32,72641.91,1
2024-05-09,2024-05-09 11:01:00,1548.55,1548.7,1548.55,1548.7,0.01,47.32,72641.91,1
2024-05-09,2024-05-09 11:02:00,1548.7,1548.85,1548.7,1548.85,0.01,47.32,72641.91,1
2024-05-09,2024-05-09 11:03:00,1548.85,1548.99,1548.85,1548.99,0.01,47.32,72641.91,1
2024-05-09,2024-05-09 11:04:00,1548.99,1549.14,1548.99,1549.14,0.01,47.32,72641.91,1
2024-05-09,2024-05-09 11:05:00,1549.14,1549.29,1549.14,1549.29,0.01,47.32,72641.91,1
2024-05-09,2024-05-09 11:06:00,1549.29,1549.44,1549.29,1549.44,0.01,47.32,72641.91,1
2024-05-09,2024-05-09 11:07:00,1549.44,1549.59,1549.44,1549.59,0.01,47.32,72641.91,1
2024-05-09,2024-05-09 11:08:00,1549.59,1549.74,1549.59,1549.74,0.01,47.32,72641.91,1
2024-05-09,2024-05-09 11:09:00,1549.74,1549.88,1549.74,1549.88,0.01,47.32,72641.91,1
2024-05-09,2024-05-09 11:10:00,1549.88,1550.03,1549.88,1550.03,0.01,47.32,72641.91,1
2024-05-09,2024-05-09 11:11:00,1550.03,1550.18,1550.03,1550.18,0.01,47.32,72641.91,1
2024-05-09,2024-05-09 11:12:00,1550.18,1550.33,1550.18,1550.33,0.01,47.32,72641.91,1
2024-05-09,2024-05-09 11:13:00,1550.33,1550.48,1550.33,1550.48,0.01,47.32,72641.91,1
2024-05-09,2024-05-09 11:14:00,1550.48,1550.62,1550.48,1550.62,0.01,47.32,72641.91,1
2024-05-09,2024-05-09 11:15:00,1550.62,1550.77,1550.62,1550.77,0.01,47.32,72641.91,1
2024-05-09,2024-05-09 11:16:00,1550.77,1550.92,1550.77,1550.92,0.01,47.32,72641.91,1
2024-05-09,2024-05-09 11:17:00,1550.92,1551.07,1550.92,1551.07,0.01,47.32,72641.91,1
2024-05-09,2024-05-09 11:18:00,1551.07,1551.22,1551.07,1551.22,0.01,47.32,72641.91,1
2024-05-09,2024-05-09 11:19:00,1551.22,1551.37,1551.22,1551.37,0.01,47.32,72641.91,1
2024-05-09,2024-05-09 11:20:00,1551.37,1551.52,1551.37,1551.52,0.01,47.32,72641.91,1
2024-05-09,2024-05-09 11:21:00,1551.52,1551.66,1551.52,1551.66,0.01,47.32,72641.91,1
2024-05-09,2024-05-09 11:22:00,1551.66,1551.81,1551.66,1551.81,0.01,47.32,72641.91,1
2024-05-09,2024-05-09 11:23:00,1551.81,1551.96,1551.81,1551.96,0.01,47.32,72641.91,1
2024-05-09,2024-05-09 11:24:00,1551.96,1552.11,1551.96,1552.11,0.01,47.32,72641.91,1
2024-05-09,2024-05-09 11:25:00,1552.11,1552.26,1552.11,1552.26,0.01,47.32,72641.91,1
2024-05-09,2024-05-09 11:26:00,1552.26,1552.4,1552.26,1552.4,0.01,47.32,72641.91,1
2024-05-09,2024-05-09 11:27:00,1552.4,1552.55,1552.4,1552.55,0.01,47.32,72641.91,1
2024-05-09,2024-05-09 11:28:00,1552.55,1552.7,1552.55,1552.7,0.01,47.32,72641.91,1
2024-05-09,2024-05-09 11:29:00,1552.7,1552.85,1552.7,1552.85,0.01,47.32,72641.91,1
2024-05-09,2024-05-09 11:30:00,1552.85,1553.0,1552.85,1553.0,0.01,47.32,72641.91,1
2024-05-09,2024-05-09 11:31:00,1553.0,1553.15,1553.0,1553.15,0.01,47.32,72641.91,1
2024-05-09,2024-05-09 11:32:00,1553.15,1553.3,1553.15,1553.3,0.01,47.32,72641.91,1
2024-05-09,2024-05-09 11:33:00,1553.3,1553.44,1553.3,1553.44,0.01,47.32,72641.91,1
2024-05-09,2024-05-09 11:34:00,1553.44,1553.59,1553.44,1553.59,0.01,47.32,72641.91,1
2024-05-09,2024-05-09 11:35:00,1553.59,1553.74,1553.59,1553.74,0.01,47.32,72641.91,1
2024-05-09,2024-05-09 11:36:00,1553.74,1553.89,1553.74,1553.89,0.01,47.32,72641.91,1
2024-05-09,2024-05-09 11:37:00,1553.89,1554.04,1553.89,1554.04,0.01,47.32,72641.91,1
2024-05-09,2024-05-09 11:38:00,1554.04,1554.19,1554.04,1554.19,0.01,47.32,72641.91,1
2024-05-09,2024-05-09 11:39:00,1554.19,1554.33,1554.19,1554.33,0.01,47.32,72641.91,1
2024-05-09,2024-05-09 11:40:00,1554.33,1554.48,1554.33,1554.48,0.01,47.32,72641.91,1
2024-05-09,2024-05-09 11:41:00,1554.48,1554.63,1554.48,1554.63,0.01,47.32,72641.91,1
2024-05-09,2024-05-09 11:42:00,1554.63,1554.78,1554.63,1554.78,0.01,47.32,72641.91,1
2024-05-09,2024-05-09 11:43:00,1554.78,1554.93,1554.78,1554.93,0.01,47.32,72641.91,1
2024-05-09,2024-05-09 11:44:00,1554.93,1555.08,1554.93,1555.08,0.01,47.32,72641.91,1
2024-05-09,2024-05-09 11:45:00,1555.08,1555.22,1555.08,1555.22,0.01,47.32,72641.91,1
2024-05-09,2024-05-09 11:46:00,1555.22,1555.37,1555.22,1555.37,0.01,47.32,72641.91,1
2024-05-09,2024-05-09 11:47:00,1555.37,1555.52,1555.37,1555.52,0.01,47.32,72641.91,1
2024-05-09,2024-05-09 11:48:00,1555.52,1555.67,1555.52,1555.67,0.01,47.32,72641.91,1
2024-05-09,2024-05-09 11:49:00,1555.67,1555.82,1555.67,1555.82,0.01,47.32,72641.91,1
2024-05-09,2024-05-09 11:50:00,1555.82,1555.97,1555.82,1555.97,0.01,47.32,72641.91,1
2024-05-09,2024-05-09 11:51:00,1555.97,1556.11,1555.97,1556.11,0.01,47.32,72641.91,1
2024-05-09,2024-05-09 11:52:00,1556.11,1556.26,1556.11,1556.26,0.01,47.32,72641.91,1
2024-05-09,2024-05-09 11:53:00,1556.26,1556.41,1556.26,1556.41,0.01,47.32,72641.91,1
2024-05-09,2024-05-09 11:54:00,1556.41,1556.56,1556.41,1556.56,0.01,47.32,72641.91,1
2024-05-09,2024-05-09 11:55:00,1556.56,1556.71,1556.56,1556.71,0.01,47.32,72641.91,1
2024-05-09,2024-05-09 11:56:00,1556.71,1556.86,1556.71,1556.86,0.01,47.32,72641.91,1
2024-05-09,2024-05-09 11:57:00,1556.86,1557.0,1556.86,1557.0,0.01,47.32,72641.91,1
2024-05-09,2024-05-09 11:58:00,1557.0,1557.15,1557.0,1557.15,0.01,47.32,72641.91,1
2024-05-09,2024-05-09 11:59:00,1557.15,1557.3,1557.15,1557.3,0.01,47.32,72641.91,1
2024-05-09,2024-05-09 12:00:00,1557.3,1557.45,1557.3,1557.45,0.01,47.32,72641.91,1
2024-05-09,2024-05-09 12:01:00,1557.45,1557.6,1557.45,1557.6,0.01,47.32,72641.91,1
2024-05-09,2024-05-09 12:02:00,1557.6,1557.75,1557.6,1557.75,0.01,47.32,72641.91,1
2024-05-09,2024-05-09 12:03:00,1557.75,1557.89,1557.75,1557.89,0.01,47.32,72641.91,1
2024-05-09,2024-05-09 12:04:00,1557.89,1558.04,1557.89,1558.04,0.01,47.32,72641.91,1
2024-05-09,2024-05-09 12:05:00,1558.04,1558.19,1558.04,1558.19,0.01,47.32,72641.91,1
2024-05-09,2024-05-09 12:06:00,1558.19,1558.34,1558.19,1558.34,0.01,47.32,72641.91,1
2024-05-09,2024-05-09 12:07:00,1558.34,1558.49,1558.34,1558.49,0.01,47.32,72641.91,1
2024-05-09,2024-05-09 12:08:00,1558.49,1558.63,1558.49,1558.63,0.01,47.32,72641.91,1
2024-05-09,2024-05-09 12:09:00,1558.63,1558.78,1558.63,1558.78,0.01,47.32,72641.91,1
2024-05-09,2024-05-09 12:10:00,1558.78,1558.93,1558.78,1558.93,0.01,47.32,72641.91,1
2024-05-09,2024-05-09 12:11:00,1558.93,1559.08,1558.93,1559.08,0.01,47.32,72641.91,1
2024-05-09,2024-05-09 12:12:00,1559.08,1559.23,1559.08,1559.23,0.01,47.32,72641.91,1
2024-05-09,2024-05-09 12:13:00,1559.23,1559.38,1559.23,1559.38,0.01,47.32,72641.91,1
2024-05-09,2024-05-09 12:14:00,1559.38,1559.53,1559.38,1559.53,0.01,47.32,72641.91,1
2024-05-09,2024-05-09 12:15:00,1559.53,1559.67,1559.53,1559.67,0.01,47.32,72641.91,1
2024-05-09,2024-05-09 12:16:00,1559.67,1559.82,1559.67,1559.82,0.01,47.32,72641.91,1
2024-05-09,2024-05-09 12:17:00,1559.82,1559.97,1559.82,1559.97,0.01,47.32,72641.91,1
2024-05-09,2024-05-09 12:18:00,1559.97,1560.12,1559.97,1560.12,0.01,47.32,72641.91,1
2024-05-09,2024-05-09 12:19:00,1560.12,1560.27,1560.12,1560.27,0.01,47.32,72641.91,1
2024-05-09,2024-05-09 12:20:00,1560.27,1560.41,1560.27,1560.41,0.01,47.32,72641.91,1
2024-05-09,2024-05-09 12:21:00,1560.41,1560.56,1560.41,1560.56,0.01,47.32,72641.91,1
2024-05-09,2024-05-09 12:22:00,1560.56,1560.71,1560.56,1560.71,0.01,47.32,72641.91,1
2024-05-09,2024-05-09 12:23:00,1560.71,1560.86,1560.71,1560.86,0.01,47.32,72641.91,1
2024-05-09,2024-05-09 12:24:00,1560.86,1561.01,1560.86,1561.01,0.01,47.32,72641.91,1
2024-05-09,2024-05-09 12:25:00,1561.01,1561.16,1561.01,1561.16,0.01,47.32,72641.91,1
2024-05-09,2024-05-09 12:26:00,1561.16,1561.31,1561.16,1561.31,0.01,47.32,72641.91,1
2024-05-09,2024-05-09 12:27:00,1561.31,1561.45,1561.31,1561.45,0.01,47.32,72641.91,1
2024-05-09,2024-05-09 12:28:00,1561.45,1561.6,1561.45,1561.6,0.01,47.32,72641.91,1
2024-05-09,2024-05-09 12:29:00,1561.6,1561.75,1561.6,1561.75,0.01,47.32,72641.91,1
2024-05-09,2024-05-09 12:30:00,1561.75,1561.9,1561.75,1561.9,0.01,47.32,72641.91,1
2024-05-09,2024-05-09 12:31:00,1561.9,1562.05,1561.9,1562.05,0.01,47.32,72641.91,1
2024-05-09,2024-05-09 12:32:00,1562.05,1562.2,1562.05,1562.2,0.01,47.32,72641.91,1
2024-05-09,2024-05-09 12:33:00,1562.2,1562.34,1562.2,1562.34,0.01,47.32,72641.91,1
2024-05-09,2024-05-09 12:34:00,1562.34,1562.49,1562.34,1562.49,0.01,47.32,72641.91,1
2024-05-09,2024-05-09 12:35:00,1562.49,1562.64,1562.49,1562.64,0.01,47.32,72641.91,1
2024-05-09,2024-05-09 12:36:00,1562.64,1562.79,1562.64,1562.79,0.01,47.32,72641.91,1
2024-05-09,2024-05-09 12:37:00,1562.79,1562.94,1562.79,1562.94,0.01,47.32,72641.91,1
2024-05-09,2024-05-09 12:38:00,1562.94,1563.09,1562.94,1563.09,0.01,47.32,72641.91,1
2024-05-09,2024-05-09 12:39:00,1563.09,1563.23,1563.09,1563.23,0.01,47.32,72641.91,1
2024-05-09,2024-05-09 12:40:00,1563.23,1563.38,1563.23,1563.38,0.01,47.32,72641.91,1
2024-05-09,2024-05-09 12:41:00,1563.38,1563.53,1563.38,1563.53,0.01,47.32,72641.91,1
2024-05-09,2024-05-09 12:42:00,1563.53,1563.68,1563.53,1563.68,0.01,47.32,72641.91,1
2024-05-09,2024-05-09 12:43:00,1563.68,1563.83,1563.68,1563.83,0.01,47.32,72641.91,1
2024-05-09,2024-05-09 12:44:00,1563.83,1563.98,1563.83,1563.98,0.01,47.32,72641.91,1
2024-05-09,2024-05-09 12:45:00,1563.98,1564.12,1563.98,1564.12,0.01,47.32,72641.91,1
2024-05-09,2024-05-09 12:46:00,1564.12,1564.27,1564.12,1564.27,0.01,47.32,72641.91,1
2024-05-09,2024-05-09 12:47:00,1564.27,1564.42,1564.27,1564.42,0.01,47.32,72641.91,1
2024-05-09,2024-05-09 12:48:00,1564.42,1564.57,1564.42,1564.57,0.01,47.32,72641.91,1
2024-05-09,2024-05-09 12:49:00,1564.57,1564.72,1564.57,1564.72,0.01,47.32,72641.91,1
2024-05-09,2024-05-09 12:50:00,1564.72,1564.87,1564.72,1564.87,0.01,47.32,72641.91,1
2024-05-09,2024-05-09 12:51:00,1564.87,1565.01,1564.87,1565.01,0.01,47.32,72641.91,1
2024-05-09,2024-05-09 12:52:00,1565.01,1565.16,1565.01,1565.16,0.01,47.32,72641.91,1
2024-05-09,2024-05-09 12:53:00,1565.16,1565.31,1565.16,1565.31,0.01,47.32,72641.91,1
2024-05-09,2024-05-09 12:54:00,1565.31,1565.46,1565.31,1565.46,0.01,47.32,72641.91,1
2024-05-09,2024-05-09 12:55:00,1565.46,1565.61,1565.46,1565.61,0.01,47.32,72641.91,1
2024-05-09,2024-05-09 12:56:00,1565.61,1565.76,1565.61,1565.76,0.01,47.32,72641.91,1
2024-05-09,2024-05-09 12:57:00,1565.76,1565.9,1565.76,1565.9,0.01,47.32,72641.91,1
2024-05-09,2024-05-09 12:58:00,1565.9,1566.05,1565.9,1566.05,0.01,47.32,72641.91,1
2024-05-09,2024-05-09 12:59:00,1566.05,1566.2,1566.05,1566.2,0.01,47.32,72641.91,1
2024-05-09,2024-05-09 13:00:00,1566.2,1620.0,1470.0,1566.35,0.01,47.32,72641.91,1
2024-05-09,2024-05-09 13:01:00,1566.35,1566.5,1566.35,1566.5,0.01,47.32,72641.91,1
2024-05-09,2024-05-09 13:02:00,1566.5,1566.64,1566.5,1566.64,0.01,47.32,72641.91,1
2024-05-09,2024-05-09 13:03:00,1566.64,1566.79,1566.64,1566.79,0.01,47.32,72641.91,1
2024-05-09,2024-05-09 13:04:00,1566.79,1566.94,1566.79,1566.94,0.01,47.32,72641.91,1
2024-05-09,2024-05-09 13:05:00,1566.94,1567.09,1566.94,1567.09,0.01,47.32,72641.91,1
2024-05-09,2024-05-09 13:06:00,1567.09,1567.24,1567.09,1567.24,0.01,47.32,72641.91,1
2024-05-09,2024-05-09 13:07:00,1567.24,1567.39,1567.24,1567.39,0.01,47.32,72641.91,1
2024-05-09,2024-05-09 13:08:00,1567.39,1567.54,1567.39,1567.54,0.01,47.32,72641.91,1
2024-05-09,2024-05-09 13:09:00,1567.54,1567.68,1567.54,1567.68,0.01,47.32,72641.91,1
2024-05-09,2024-05-09 13:10:00,1567.68,1567.83,1567.68,1567.83,0.01,47.32,72641.91,1
2024-05-09,2024-05-09 13:11:00,1567.83,1567.98,1567.83,1567.98,0.01,47.32,72641.91,1
2024-05-09,2024-05-09 13:12:00,1567.98,1568.13,1567.98,1568.13,0.01,47.32,72641.91,1
2024-05-09,2024-05-09 13:13:00,1568.13,1568.28,1568.13,1568.28,0.01,47.32,72641.91,1
2024-05-09,2024-05-09 13:14:00,1568.28,1568.42,1568.28,1568.42,0.01,47.32,72641.91,1
2024-05-09,2024-05-09 13:15:00,1568.42,1568.57,1568.42,1568.57,0.01,47.32,72641.91,1
2024-05-09,2024-05-09 13:16:00,1568.57,1568.72,1568.57,1568.72,0.01,47.32,72641.91,1
2024-05-09,2024-05-09 13:17:00,1568.72,1568.87,1568.72,1568.87,0.01,47.32,72641.91,1
2024-05-09,2024-05-09 13:18:00,1568.87,1569.02,1568.87,1569.02,0.01,47.32,72641.91,1
2024-05-09,2024-05-09 13:19:00,1569.02,1569.17,1569.02,1569.17,0.01,47.32,72641.91,1
2024-05-09,2024-05-09 13:20:00,1569.17,1569.32,1569.17,1569.32,0.01,47.32,72641.91,1
2024-05-09,2024-05-09 13:21:00,1569.32,1569.46,1569.32,1569.46,0.01,47.32,72641.91,1
2024-05-09,2024-05-09 13:22:00,1569.46,1569.61,1569.46,1569.61,0.01,47.32,72641.91,1
2024-05-09,2024-05-09 13:23:00,1569.61,1569.76,1569.61,1569.76,0.01,47.32,72641.91,1
2024-05-09,2024-05-09 13:24:00,1569.76,1569.91,1569.76,1569.91,0.01,47.32,72641.91,1
2024-05-09,2024-05-09 13:25:00,1569.91,1570.06,1569.91,1570.06,0.01,47.32,72641.91,1
2024-05-09,2024-05-09 13:26:00,1570.06,1570.2,1570.06,1570.2,0.01,47.32,72641.91,1
2024-05-09,2024-05-09 13:27:00,1570.2,1570.35,1570.2,1570.35,0.01,47.32,72641.91,1
2024-05-09,2024-05-09 13:28:00,1570.35,1570.5,1570.35,1570.5,0.01,47.32,72641.91,1
2024-05-09,2024-05-09 13:29:00,1570.5,1570.65,1570.5,1570.65,0.01,47.32,72641.91,1
2024-05-09,2024-05-09 13:30:00,1570.65,1570.8,1570.65,1570.8,0.01,47.32,72641.91,1
2024-05-09,2024-05-09 13:31:00,1570.8,1570.95,1570.8,1570.95,0.01,47.32,72641.91,1
2024-05-09,2024-05-09 13:32:00,1570.95,1571.1,1570.95,1571.1,0.01,47.32,72641.91,1
2024-05-09,2024-05-09 13:33:00,1571.1,1571.24,1571.1,1571.24,0.01,47.32,72641.91,1
2024-05-09,2024-05-09 13:34:00,1571.24,1571.39,1571.24,1571.39,0.01,47.32,72641.91,1
2024-05-09,2024-05-09 13:35:00,1571.39,1571.54,1571.39,1571.54,0.01,47.32,72641.91,1
2024-05-09,2024-05-09 13:36:00,1571.54,1571.69,1571.54,1571.69,0.01,47.32,72641.91,1
2024-05-09,2024-05-09 13:37:00,1571.69,1571.84,1571.69,1571.84,0.01,47.32,72641.91,1
2024-05-09,2024-05-09 13:38:00,1571.84,1571.99,1571.84,1571.99,0.01,47.32,72641.91,1
2024-05-09,2024-05-09 13:39:00,1571.99,1572.13,1571.99,1572.13,0.01,47.32,72641.91,1
2024-05-09,2024-05-09 13:40:00,1572.13,1572.28,1572.13,1572.28,0.01,47.32,72641.91,1
2024-05-09,2024-05-09 13:41:00,1572.28,1572.43,1572.28,1572.43,0.01,47.32,72641.91,1
2024-05-09,2024-05-09 13:42:00,1572.43,1572.58,1572.43,1572.58,0.01,47.32,72641.91,1
2024-05-09,2024-05-09 13:43:00,1572.58,1572.73,1572.58,1572.73,0.01,47.32,72641.91,1
2024-05-09,2024-05-09 13:44:00,1572.73,1572.88,1572.73,1572.88,0.01,47.32,72641.91,1
2024-05-09,2024-05-09 13:45:00,1572.88,1573.02,1572.88,1573.02,0.01,47.32,72641.91,1
2024-05-09,2024-05-09 13:46:00,1573.02,1573.17,1573.02,1573.17,0.01,47.32,72641.91,1
2024-05-09,2024-05-09 13:47:00,1573.17,1573.32,1573.17,1573.32,0.01,47.32,72641.91,1
2024-05-09,2024-05-09 13:48:00,1573.32,1573.47,1573.32,1573.47,0.01,47.32,72641.91,1
2024-05-09,2024-05-09 13:49:00,1573.47,1573.62,1573.47,1573.62,0.01,47.32,72641.91,1
2024-05-09,2024-05-09 13:50:00,1573.62,1573.77,1573.62,1573.77,0.01,47.32,72641.91,1
2024-05-09,2024-05-09 13:51:00,1573.77,1573.91,1573.77,1573.91,0.01,47.32,72641.91,1
2024-05-09,2024-05-09 13:52:00,1573.91,1574.06,1573.91,1574.06,0.01,47.32,72641.91,1
2024-05-09,2024-05-09 13:53:00,1574.06,1574.21,1574.06,1574.21,0.01,47.32,72641.91,1
2024-05-09,2024-05-09 13:54:00,1574.21,1574.36,1574.21,1574.36,0.01,47.32,72641.91,1
2024-05-09,2024-05-09 13:55:00,1574.36,1574.51,1574.36,1574.51,0.01,47.32,72641.91,1
2024-05-09,2024-05-09 13:56:00,1574.51,1574.65,1574.51,1574.65,0.01,47.32,72641.91,1
2024-05-09,2024-05-09 13:57:00,1574.65,1574.8,1574.65,1574.8,0.01,47.32,72641.91,1
2024-05-09,2024-05-09 13:58:00,1574.8,1574.95,1574.8,1574.95,0.01,47.32,72641.91,1
2024-05-09,2024-05-09 13:59:00,1574.95,1575.1,1574.95,1575.1,0.01,47.32,72641.91,1
2024-05-09,2024-05-09 14:00:00,1575.1,1575.25,1575.1,1575.25,0.01,47.32,72641.91,1
2024-05-09,2024-05-09 14:01:00,1575.25,1575.4,1575.25,1575.4,0.01,47.32,72641.91,1
2024-05-09,2024-05-09 14:02:00,1575.4,1575.55,1575.4,1575.55,0.01,47.32,72641.91,1
2024-05-09,2024-05-09 14:03:00,1575.55,1575.69,1575.55,1575.69,0.01,47.32,72641.91,1
2024-05-09,2024-05-09 14:04:00,1575.69,1575.84,1575.69,1575.84,0.01,47.32,72641.91,1
2024-05-09,2024-05-09 14:05:00,1575.84,1575.99,1575.84,1575.99,0.01,47.32,72641.91,1
2024-05-09,2024-05-09 14:06:00,1575.99,1576.14,1575.99,1576.14,0.01,47.32,72641.91,1
2024-05-09,2024-05-09 14:07:00,1576.14,1576.29,1576.14,1576.29,0.01,47.32,72641.91,1
2024-05-09,2024-05-09 14:08:00,1576.29,1576.43,1576.29,1576.43,0.01,47.32,72641.91,1
2024-05-09,2024-05-09 14:09:00,1576.43,1576.58,1576.43,1576.58,0.01,47.32,72641.91,1
2024-05-09,2024-05-09 14:10:00,1576.58,1576.73,1576.58,1576.73,0.01,47.32,72641.91,1
2024-05-09,2024-05-09 14:11:00,1576.73,1576.88,1576.73,1576.88,0.01,47.32,72641.91,1
2024-05-09,2024-05-09 14:12:00,1576.88,1577.03,1576.88,1577.03,0.01,47.32,72641.91,1
2024-05-09,2024-05-09 14:13:00,1577.03,1577.18,1577.03,1577.18,0.01,47.32,72641.91,1
2024-05-09,2024-05-09 14:14:00,1577.18,1577.33,1577.18,1577.33,0.01,47.32,72641.91,1
2024-05-09,2024-05-09 14:15:00,1577.33,1577.47,1577.33,1577.47,0.01,47.32,72641.91,1
2024-05-09,2024-05-09 14:16:00,1577.47,1577.62,1577.47,1577.62,0.01,47.32,72641.91,1
2024-05-09,2024-05-09 14:17:00,1577.62,1577.77,1577.62,1577.77,0.01,47.32,72641.91,1
2024-05-09,2024-05-09 14:18:00,1577.77,1577.92,1577.77,1577.92,0.01,47.32,72641.91,1
2024-05-09,2024-05-09 14:19:00,1577.92,1578.07,1577.92,1578.07,0.01,47.32,72641.91,1
2024-05-09,2024-05-09 14:20:00,1578.07,1578.21,1578.07,1578.21,0.01,47.32,72641.91,1
2024-05-09,2024-05-09 14:21:00,1578.21,1578.36,1578.21,1578.36,0.01,47.32,72641.91,1
2024-05-09,2024-05-09 14:22:00,1578.36,1578.51,1578.36,1578.51,0.01,47.32,72641.91,1
2024-05-09,2024-05-09 14:23:00,1578.51,1578.66,1578.51,1578.66,0.01,47.32,72641.91,1
2024-05-09,2024-05-09 14:24:00,1578.66,1578.81,1578.66,1578.81,0.01,47.32,72641.91,1
2024-05-09,2024-05-09 14:25:00,1578.81,1578.96,1578.81,1578.96,0.01,47.32,72641.91,1
2024-05-09,2024-05-09 14:26:00,1578.96,1579.11,1578.96,1579.11,0.01,47.32,72641.91,1
2024-05-09,2024-05-09 14:27:00,1579.11,1579.25,1579.11,1579.25,0.01,47.32,72641.91,1
2024-05-09,2024-05-09 14:28:00,1579.25,1579.4,1579.25,1579.4,0.01,47.32,72641.91,1
2024-05-09,2024-05-09 14:29:00,1579.4,1579.55,1579.4,1579.55,0.01,47.32,72641.91,1
2024-05-09,2024-05-09 14:30:00,1579.55,1579.7,1579.55,1579.7,0.01,47.32,72641.91,1
2024-05-09,2024-05-09 14:31:00,1579.7,1579.85,1579.7,1579.85,0.01,47.32,72641.91,1
2024-05-09,2024-05-09 14:32:00,1579.85,1580.0,1579.85,1580.0,0.01,47.32,72641.91,1
2024-05-09,2024-05-09 14:33:00,1580.0,1580.14,1580.0,1580.14,0.01,47.32,72641.91,1
2024-05-09,2024-05-09 14:34:00,1580.14,1580.29,1580.14,1580.29,0.01,47.32,72641.91,1
2024-05-09,2024-05-09 14:35:00,1580.29,1580.44,1580.29,1580.44,0.01,47.32,72641.91,1
2024-05-09,2024-05-09 14:36:00,1580.44,1580.59,1580.44,1580.59,0.01,47.32,72641.91,1
2024-05-09,2024-05-09 14:37:00,1580.59,1580.74,1580.59,1580.74,0.01,47.32,72641.91,1
2024-05-09,2024-05-09 14:38:00,1580.74,1580.88,1580.74,1580.88,0.01,47.32,72641.91,1
2024-05-09,2024-05-09 14:39:00,1580.88,1581.03,1580.88,1581.03,0.01,47.32,72641.91,1
2024-05-09,2024-05-09 14:40:00,1581.03,1581.18,1581.03,1581.18,0.01,47.32,72641.91,1
2024-05-09,2024-05-09 14:41:00,1581.18,1581.33,1581.18,1581.33,0.01,47.32,72641.91,1
2024-05-09,2024-05-09 14:42:00,1581.33,1581.48,1581.33,1581.48,0.01,47.32,72641.91,1
2024-05-09,2024-05-09 14:43:00,1581.48,1581.63,1581.48,1581.63,0.01,47.32,72641.91,1
2024-05-09,2024-05-09 14:44:00,1581.63,1581.78,1581.63,1581.78,0.01,47.32,72641.91,1
2024-05-09,2024-05-09 14:45:00,1581.78,1581.92,1581.78,1581.92,0.01,47.32,72641.91,1
2024-05-09,2024-05-09 14:46:00,1581.92,1582.07,1581.92,1582.07,0.01,47.32,72641.91,1
2024-05-09,2024-05-09 14:47:00,1582.07,1582.22,1582.07,1582.22,0.01,47.32,72641.91,1
2024-05-09,2024-05-09 14:48:00,1582.22,1582.37,1582.22,1582.37,0.01,47.32,72641.91,1
2024-05-09,2024-05-09 14:49:00,1582.37,1582.52,1582.37,1582.52,0.01,47.32,72641.91,1
2024-05-09,2024-05-09 14:50:00,1582.52,1582.66,1582.52,1582.66,0.01,47.32,72641.91,1
2024-05-09,2024-05-09 14:51:00,1582.66,1582.81,1582.66,1582.81,0.01,47.32,72641.91,1
2024-05-09,2024-05-09 14:52:00,1582.81,1582.96,1582.81,1582.96,0.01,47.32,72641.91,1
2024-05-09,2024-05-09 14:53:00,1582.96,1583.11,1582.96,1583.11,0.01,47.32,72641.91,1
2024-05-09,2024-05-09 14:54:00,1583.11,1583.26,1583.11,1583.26,0.01,47.32,72641.91,1
2024-05-09,2024-05-09 14:55:00,1583.26,1583.41,1583.26,1583.41,0.01,47.32,72641.91,1
2024-05-09,2024-05-09 14:56:00,1583.41,1583.56,1583.41,1583.56,0.01,47.32,72641.91,1
2024-05-09,2024-05-09 14:57:00,1583.56,1583.7,1583.56,1583.7,0.01,47.32,72641.91,1
2024-05-09,2024-05-09 14:58:00,1583.7,1583.85,1583.7,1583.85,0.01,47.32,72641.91,1
2024-05-09,2024-05-09 14:59:00,1583.85,1584.0,1583.85,1584.0,0.01,47.32,72641.91,1
2024-05-09,2024-05-09 15:00:00,1584.0,1620.0,1470.0,1584.0,0.0,47.32,72641.91,0
2024-05-12,2024-05-12 11:00:00,1552.4,1580.78,1527.98,1552.79,0.03,69.68,105857.74,1
2024-05-12,2024-05-12 11:01:00,1552.79,1553.18,1552.79,1553.18,0.03,69.68,105857.74,1
2024-05-12,2024-05-12 11:02:00,1553.18,1553.57,1553.18,1553.57,0.03,69.68,105857.74,1
2024-05-12,2024-05-12 11:03:00,1553.57,1553.96,1553.57,1553.96,0.03,69.68,105857.74,1
2024-05-12,2024-05-12 11:04:00,1553.96,1554.35,1553.96,1554.35,0.03,69.68,105857.74,1
2024-05-12,2024-05-12 11:05:00,1554.35,1554.74,1554.35,1554.74,0.03,69.68,105857.74,1
2024-05-12,2024-05-12 11:06:00,1554.74,1555.13,1554.74,1555.13,0.03,69.68,105857.74,1
2024-05-12,2024-05-12 11:07:00,1555.13,1555.52,1555.13,1555.52,0.03,69.68,105857.74,1
2024-05-12,2024-05-12 11:08:00,1555.52,1555.91,1555.52,1555.91,0.03,69.68,105857.74,1
2024-05-12,2024-05-12 11:09:00,1555.91,1556.3,1555.91,1556.3,0.03,69.68,105857.74,1
2024-05-12,2024-05-12 11:10:00,1556.3,1556.69,1556.3,1556.69,0.03,69.68,105857.74,1
2024-05-12,2024-05-12 11:11:00,1556.69,1557.08,1556.69,1557.08,0.03,69.68,105857.74,1
2024-05-12,2024-05-12 11:12:00,1557.08,1557.47,1557.08,1557.47,0.03,69.68,105857.74,1
2024-05-12,2024-05-12 11:13:00,1557.47,1557.86,1557.47,1557.86,0.03,69.68,105857.74,1
2024-05-12,2024-05-12 11:14:00,1557.86,1558.25,1557.86,1558.25,0.03,69.68,105857.74,1
2024-05-12,2024-05-12 11:15:00,1558.25,1558.64,1558.25,1558.64,0.03,69.68,105857.74,1
2024-05-12,2024-05-12 11:16:00,1558.64,1559.03,1558.64,1559.03,0.03,69.68,105857.74,1
2024-05-12,2024-05-12 11:17:00,1559.03,1559.42,1559.03,1559.42,0.03,69.68,105857.74,1
2024-05-12,2024-05-12 11:18:00,1559.42,1559.81,1559.42,1559.81,0.03,69.68,105857.74,1
2024-05-12,2024-05-12 11:19:00,1559.81,1560.2,1559.81,1560.2,0.03,69.68,105857.74,1
2024-05-12,2024-05-12 11:20:00,1560.2,1560.59,1560.2,1560.59,0.02,69.68,105857.74,1
2024-05-12,2024-05-12 11:21:00,1560.59,1560.98,1560.59,1560.98,0.02,69.68,105857.74,1
2024-05-12,2024-05-12 11:22:00,1560.98,1561.37,1560.98,1561.37,0.02,69.68,105857.74,1
2024-05-12,2024-05-12 11:23:00,1561.37,1561.76,1561.37,1561.76,0.02,69.68,105857.74,1
2024-05-12,2024-05-12 11:24:00,1561.76,1562.15,1561.76,1562.15,0.02,69.68,105857.74,1
2024-05-12,2024-05-12 11:25:00,1562.15,1562.54,1562.15,1562.54,0.02,69.68,105857.74,1
2024-05-12,2024-05-12 11:26:00,1562.54,1562.93,1562.54,1562.93,0.02,69.68,105857.74,1
2024-05-12,2024-05-12 11:27:00,1562.93,1563.32,1562.93,1563.32,0.02,69.68,105857.74,1
2024-05-12,2024-05-12 11:28:00,1563.32,1563.71,1563.32,1563.71,0.02,69.68,105857.74,1
2024-05-12,2024-05-12 11:29:00,1563.71,1564.1,1563.71,1564.1,0.02,69.68,105857.74,1
2024-05-12,2024-05-12 11:30:00,1564.1,1564.49,1564.1,1564.49,0.02,69.68,105857.74,1
2024-05-12,2024-05-12 11:31:00,1564.49,1564.88,1564.49,1564.88,0.02,69.68,105857.74,1
2024-05-12,2024-05-12 11:32:00,1564.88,1565.27,1564.88,1565.27,0.02,69.68,105857.74,1
2024-05-12,2024-05-12 11:33:00,1565.27,1565.66,1565.27,1565.66,0.02,69.68,105857.74,1
2024-05-12,2024-05-12 11:34:00,1565.66,1566.05,1565.66,1566.05,0.02,69.68,105857.74,1
2024-05-12,2024-05-12 11:35:00,1566.05,1566.44,1566.05,1566.44,0.02,69.68,105857.74,1
2024-05-12,2024-05-12 11:36:00,1566.44,1566.83,1566.44,1566.83,0.02,69.68,105857.74,1
2024-05-12,2024-05-12 11:37:00,1566.83,1567.22,1566.83,1567.22,0.02,69.68,105857.74,1
2024-05-12,2024-05-12 11:38:00,1567.22,1567.61,1567.22,1567.61,0.02,69.68,105857.74,1
2024-05-12,2024-05-12 11:39:00,1567.61,1568.0,1567.61,1568.0,0.02,69.68,105857.74,1
2024-05-12,2024-05-12 11:40:00,1568.0,1568.39,1568.0,1568.39,0.02,69.68,105857.74,1
2024-05-12,2024-05-12 11:41:00,1568.39,1568.78,1568.39,1568.78,0.02,69.68,105857.74,1
2024-05-12,2024-05-12 11:42:00,1568.78,1569.17,1568.78,1569.17,0.02,69.68,105857.74,1
2024-05-12,2024-05-12 11:43:00,1569.17,1569.56,1569.17,1569.56,0.02,69.68,105857.74,1
2024-05-12,2024-05-12 11:44:00,1569.56,1569.95,1569.56,1569.95,0.02,69.68,105857.74,1
2024-05-12,2024-05-12 11:45:00,1569.95,1570.34,1569.95,1570.34,0.02,69.68,105857.74,1
2024-05-12,2024-05-12 11:46:00,1570.34,1570.73,1570.34,1570.73,0.02,69.68,105857.74,1
2024-05-12,2024-05-12 11:47:00,1570.73,1571.12,1570.73,1571.12,0.02,69.68,105857.74,1
2024-05-12,2024-05-12 11:48:00,1571.12,1571.51,1571.12,1571.51,0.02,69.68,105857.74,1
2024-05-12,2024-05-12 11:49:00,1571.51,1571.9,1571.51,1571.9,0.02,69.68,105857.74,1
2024-05-12,2024-05-12 11:50:00,1571.9,1572.29,1571.9,1572.29,0.02,69.68,105857.74,1
2024-05-12,2024-05-12 11:51:00,1572.29,1572.68,1572.29,1572.68,0.02,69.68,105857.74,1
2024-05-12,2024-05-12 11:52:00,1572.68,1573.07,1572.68,1573.07,0.02,69.68,105857.74,1
2024-05-12,2024-05-12 11:53:00,1573.07,1573.46,1573.07,1573.46,0.02,69.68,105857.74,1
2024-05-12,2024-05-12 11:54:00,1573.46,1573.85,1573.46,1573.85,0.02,69.68,105857.74,1
2024-05-12,2024-05-12 11:55:00,1573.85,1574.24,1573.85,1574.24,0.02,69.68,105857.74,1
2024-05-12,2024-05-12 11:56:00,1574.24,1574.63,1574.24,1574.63,0.02,69.68,105857.74,1
2024-05-12,2024-05-12 11:57:00,1574.63,1575.02,1574.63,1575.02,0.02,69.68,105857.74,1
2024-05-12,2024-05-12 11:58:00,1575.02,1575.41,1575.02,1575.41,0.02,69.68,105857.74,1
2024-05-12,2024-05-12 11:59:00,1575.41,1575.8,1575.41,1575.8,0.02,69.68,105857.74,1
2024-05-12,2024-05-12 12:00:00,1575.8,1576.19,1575.8,1576.19,0.02,69.68,105857.74,1
2024-05-12,2024-05-12 12:01:00,1576.19,1576.58,1576.19,1576.58,0.02,69.68,105857.74,1
2024-05-12,2024-05-12 12:02:00,1576.58,1576.97,1576.58,1576.97,0.02,69.68,105857.74,1
2024-05-12,2024-05-12 12:03:00,1576.97,1577.36,1576.97,1577.36,0.02,69.68,105857.74,1
2024-05-12,2024-05-12 12:04:00,1577.36,1577.75,1577.36,1577.75,0.02,69.68,105857.74,1
2024-05-12,2024-05-12 12:05:00,1577.75,1578.14,1577.75,1578.14,0.02,69.68,105857.74,1
2024-05-12,2024-05-12 12:06:00,1578.14,1578.53,1578.14,1578.53,0.02,69.68,105857.74,1
2024-05-12,2024-05-12 12:07:00,1578.53,1578.92,1578.53,1578.92,0.02,69.68,105857.74,1
2024-05-12,2024-05-12 12:08:00,1578.92,1579.31,1578.92,1579.31,0.02,69.68,105857.74,1
2024-05-12,2024-05-12 12:09:00,1579.31,1579.7,1579.31,1579.7,0.02,69.68,105857.74,1
2024-05-12,2024-05-12 12:10:00,1579.7,1580.09,1579.7,1580.09,0.02,69.68,105857.74,1
2024-05-12,2024-05-12 12:11:00,1580.09,1580.48,1580.09,1580.48,0.02,69.68,105857.74,1
2024-05-12,2024-05-12 12:12:00,1580.48,1580.87,1580.48,1580.87,0.02,69.68,105857.74,1
2024-05-12,2024-05-12 12:13:00,1580.87,1581.26,1580.87,1581.26,0.02,69.68,105857.74,1
2024-05-12,2024-05-12 12:14:00,1581.26,1581.65,1581.26,1581.65,0.02,69.68,105857.74,1
2024-05-12,2024-05-12 12:15:00,1581.65,1582.04,1581.65,1582.04,0.02,69.68,105857.74,1
2024-05-12,2024-05-12 12:16:00,1582.04,1582.43,1582.04,1582.43,0.02,69.68,105857.74,1
2024-05-12,2024-05-12 12:17:00,1582.43,1582.82,1582.43,1582.82,0.02,69.68,105857.74,1
2024-05-12,2024-05-12 12:18:00,1582.82,1583.21,1582.82,1583.21,0.02,69.68,105857.74,1
2024-05-12,2024-05-12 12:19:00,1583.21,1583.6,1583.21,1583.6,0.02,69.68,105857.74,1
2024-05-12,2024-05-12 12:20:00,1583.6,1583.99,1583.6,1583.99,0.02,69.68,105857.74,1
2024-05-12,2024-05-12 12:21:00,1583.99,1584.38,1583.99,1584.38,0.02,69.68,105857.74,1
2024-05-12,2024-05-12 12:22:00,1584.38,1584.77,1584.38,1584.77,0.02,69.68,105857.74,1
2024-05-12,2024-05-12 12:23:00,1584.77,1585.16,1584.77,1585.16,0.02,69.68,105857.74,1
2024-05-12,2024-05-12 12:24:00,1585.16,1585.55,1585.16,1585.55,0.02,69.68,105857.74,1
2024-05-12,2024-05-12 12:25:00,1585.55,1585.94,1585.55,1585.94,0.02,69.68,105857.74,1
2024-05-12,2024-05-12 12:26:00,1585.94,1586.33,1585.94,1586.33,0.02,69.68,105857.74,1
2024-05-12,2024-05-12 12:27:00,1586.33,1586.72,1586.33,1586.72,0.02,69.68,105857.74,1
2024-05-12,2024-05-12 12:28:00,1586.72,1587.11,1586.72,1587.11,0.02,69.68,105857.74,1
2024-05-12,2024-05-12 12:29:00,1587.11,1587.5,1587.11,1587.5,0.02,69.68,105857.74,1
2024-05-12,2024-05-12 12:30:00,1587.5,1587.89,1587.5,1587.89,0.02,69.68,105857.74,1
2024-05-12,2024-05-12 12:31:00,1587.89,1588.28,1587.89,1588.28,0.02,69.68,105857.74,1
2024-05-12,2024-05-12 12:32:00,1588.28,1588.67,1588.28,1588.67,0.02,69.68,105857.74,1
2024-05-12,2024-05-12 12:33:00,1588.67,1589.06,1588.67,1589.06,0.02,69.68,105857.74,1
2024-05-12,2024-05-12 12:34:00,1589.06,1589.45,1589.06,1589.45,0.02,69.68,105857.74,1
2024-05-12,2024-05-12 12:35:00,1589.45,1589.84,1589.45,1589.84,0.02,69.68,105857.74,1
2024-05-12,2024-05-12 12:36:00,1589.84,1590.23,1589.84,1590.23,0.02,69.68,105857.74,1
2024-05-12,2024-05-12 12:37:00,1590.23,1590.62,1590.23,1590.62,0.02,69.68,105857.74,1
2024-05-12,2024-05-12 12:38:00,1590.62,1591.01,1590.62,1591.01,0.02,69.68,105857.74,1
2024-05-12,2024-05-12 12:39:00,1591.01,1591.4,1591.01,1591.4,0.02,69.68,105857.74,1
2024-05-12,2024-05-12 12:40:00,1591.4,1591.79,1591.4,1591.79,0.02,69.68,105857.74,1
2024-05-12,2024-05-12 12:41:00,1591.79,1592.18,1591.79,1592.18,0.02,69.68,105857.74,1
2024-05-12,2024-05-12 12:42:00,1592.18,1592.57,1592.18,1592.57,0.02,69.68,105857.74,1
2024-05-12,2024-05-12 12:43:00,1592.57,1592.96,1592.57,1592.96,0.02,69.68,105857.74,1
2024-05-12,2024-05-12 12:44:00,1592.96,1593.35,1592.96,1593.35,0.02,69.68,105857.74,1
2024-05-12,2024-05-12 12:45:00,1593.35,1593.74,1593.35,1593.74,0.02,69.68,105857.74,1
2024-05-12,2024-05-12 12:46:00,1593.74,1594.13,1593.74,1594.13,0.02,69.68,105857.74,1
2024-05-12,2024-05-12 12:47:00,1594.13,1594.52,1594.13,1594.52,0.02,69.68,105857.74,1
2024-05-12,2024-05-12 12:48:00,1594.52,1594.91,1594.52,1594.91,0.02,69.68,105857.74,1
2024-05-12,2024-05-12 12:49:00,1594.91,1595.3,1594.91,1595.3,0.02,69.68,105857.74,1
2024-05-12,2024-05-12 12:50:00,1595.3,1595.69,1595.3,1595.69,0.02,69.68,105857.74,1
2024-05-12,2024-05-12 12:51:00,1595.69,1596.08,1595.69,1596.08,0.02,69.68,105857.74,1
2024-05-12,2024-05-12 12:52:00,1596.08,1596.47,1596.08,1596.47,0.02,69.68,105857.74,1
2024-05-12,2024-05-12 12:53:00,1596.47,1596.86,1596.47,1596.86,0.02,69.68,105857.74,1
2024-05-12,2024-05-12 12:54:00,1596.86,1597.25,1596.86,1597.25,0.02,69.68,105857.74,1
2024-05-12,2024-05-12 12:55:00,1597.25,1597.64,1597.25,1597.64,0.02,69.68,105857.74,1
2024-05-12,2024-05-12 12:56:00,1597.64,1598.03,1597.64,1598.03,0.02,69.68,105857.74,1
2024-05-12,2024-05-12 12:57:00,1598.03,1598.42,1598.03,1598.42,0.02,69.68,105857.74,1
2024-05-12,2024-05-12 12:58:00,1598.42,1598.81,1598.42,1598.81,0.02,69.68,105857.74,1
2024-05-12,2024-05-12 12:59:00,1598.81,1599.2,1598.81,1599.2,0.02,69.68,105857.74,1
2024-05-12,2024-05-12 13:00:00,1599.2,1647.0,1471.0,1599.59,0.02,69.68,105857.74,1
2024-05-12,2024-05-12 13:01:00,1599.59,1599.98,1599.59,1599.98,0.02,69.68,105857.74,1
2024-05-12,2024-05-12 13:02:00,1599.98,1600.37,1599.98,1600.37,0.02,69.68,105857.74,1
2024-05-12,2024-05-12 13:03:00,1600.37,1600.76,1600.37,1600.76,0.02,69.68,105857.74,1
2024-05-12,2024-05-12 13:04:00,1600.76,1601.15,1600.76,1601.15,0.02,69.68,105857.74,1
2024-05-12,2024-05-12 13:05:00,1601.15,1601.54,1601.15,1601.54,0.02,69.68,105857.74,1
2024-05-12,2024-05-12 13:06:00,1601.54,1601.93,1601.54,1601.93,0.02,69.68,105857.74,1
2024-05-12,2024-05-12 13:07:00,1601.93,1602.32,1601.93,1602.32,0.02,69.68,105857.74,1
2024-05-12,2024-05-12 13:08:00,1602.32,1602.71,1602.32,1602.71,0.02,69.68,105857.74,1
2024-05-12,2024-05-12 13:09:00,1602.71,1603.1,1602.71,1603.1,0.02,69.68,105857.74,1
2024-05-12,2024-05-12 13:10:00,1603.1,1603.49,1603.1,1603.49,0.02,69.68,105857.74,1
2024-05-12,2024-05-12 13:11:00,1603.49,1603.88,1603.49,1603.88,0.02,69.68,105857.74,1
2024-05-12,2024-05-12 13:12:00,1603.88,1604.27,1603.88,1604.27,0.02,69.68,105857.74,1
2024-05-12,2024-05-12 13:13:00,1604.27,1604.66,1604.27,1604.66,0.02,69.68,105857.74,1
2024-05-12,2024-05-12 13:14:00,1604.66,1605.05,1604.66,1605.05,0.02,69.68,105857.74,1
2024-05-12,2024-05-12 13:15:00,1605.05,1605.44,1605.05,1605.44,0.02,69.68,105857.74,1
2024-05-12,2024-05-12 13:16:00,1605.44,1605.83,1605.44,1605.83,0.02,69.68,105857.74,1
2024-05-12,2024-05-12 13:17:00,1605.83,1606.22,1605.83,1606.22,0.02,69.68,105857.74,1
2024-05-12,2024-05-12 13:18:00,1606.22,1606.61,1606.22,1606.61,0.02,69.68,105857.74,1
2024-05-12,2024-05-12 13:19:00,1606.61,1607.0,1606.61,1607.0,0.02,69.68,105857.74,1
2024-05-12,2024-05-12 13:20:00,1607.0,1607.39,1607.0,1607.39,0.02,69.68,105857.74,1
2024-05-12,2024-05-12 13:21:00,1607.39,1607.78,1607.39,1607.78,0.02,69.68,105857.74,1
2024-05-12,2024-05-12 13:22:00,1607.78,1608.17,1607.78,1608.17,0.02,69.68,105857.74,1
2024-05-12,2024-05-12 13:23:00,1608.17,1608.56,1608.17,1608.56,0.02,69.68,105857.74,1
2024-05-12,2024-05-12 13:24:00,1608.56,1608.95,1608.56,1608.95,0.02,69.68,105857.74,1
2024-05-12,2024-05-12 13:25:00,1608.95,1609.34,1608.95,1609.34,0.02,69.68,105857.74,1
2024-05-12,2024-05-12 13:26:00,1609.34,1609.73,1609.34,1609.73,0.02,69.68,105857.74,1
2024-05-12,2024-05-12 13:27:00,1609.73,1610.12,1609.73,1610.12,0.02,69.68,105857.74,1
2024-05-12,2024-05-12 13:28:00,1610.12,1610.51,1610.12,1610.51,0.02,69.68,105857.74,1
2024-05-12,2024-05-12 13:29:00,1610.51,1610.9,1610.51,1610.9,0.02,69.68,105857.74,1
2024-05-12,2024-05-12 13:30:00,1610.9,1611.29,1610.9,1611.29,0.02,69.68,105857.74,1
2024-05-12,2024-05-12 13:31:00,1611.29,1611.68,1611.29,1611.68,0.02,69.68,105857.74,1
2024-05-12,2024-05-12 13:32:00,1611.68,1612.07,1611.68,1612.07,0.02,69.68,105857.74,1
2024-05-12,2024-05-12 13:33:00,1612.07,1612.46,1612.07,1612.46,0.02,69.68,105857.74,1
2024-05-12,2024-05-12 13:34:00,1612.46,1612.85,1612.46,1612.85,0.02,69.68,105857.74,1
2024-05-12,2024-05-12 13:35:00,1612.85,1613.24,1612.85,1613.24,0.02,69.68,105857.74,1
2024-05-12,2024-05-12 13:36:00,1613.24,1613.63,1613.24,1613.63,0.02,69.68,105857.74,1
2024-05-12,2024-05-12 13:37:00,1613.63,1614.02,1613.63,1614.02,0.02,69.68,105857.74,1
2024-05-12,2024-05-12 13:38:00,1614.02,1614.41,1614.02,1614.41,0.02,69.68,105857.74,1
2024-05-12,2024-05-12 13:39:00,1614.41,1614.8,1614.41,1614.8,0.02,69.68,105857.74,1
2024-05-12,2024-05-12 13:40:00,1614.8,1615.19,1614.8,1615.19,0.02,69.68,105857.74,1
2024-05-12,2024-05-12 13:41:00,1615.19,1615.58,1615.19,1615.58,0.02,69.68,105857.74,1
2024-05-12,2024-05-12 13:42:00,1615.58,1615.97,1615.58,1615.97,0.02,69.68,105857.74,1
2024-05-12,2024-05-12 13:43:00,1615.97,1616.36,1615.97,1616.36,0.02,69.68,105857.74,1
2024-05-12,2024-05-12 13:44:00,1616.36,1616.75,1616.36,1616.75,0.02,69.68,105857.74,1
2024-05-12,2024-05-12 13:45:00,1616.75,1617.14,1616.75,1617.14,0.02,69.68,105857.74,1
2024-05-12,2024-05-12 13:46:00,1617.14,1617.53,1617.14,1617.53,0.02,69.68,105857.74,1
2024-05-12,2024-05-12 13:47:00,1617.53,1617.92,1617.53,1617.92,0.02,69.68,105857.74,1
2024-05-12,2024-05-12 13:48:00,1617.92,1618.31,1617.92,1618.31,0.02,69.68,105857.74,1
2024-05-12,2024-05-12 13:49:00,1618.31,1618.7,1618.31,1618.7,0.02,69.68,105857.74,1
2024-05-12,2024-05-12 13:50:00,1618.7,1619.09,1618.7,1619.09,0.02,69.68,105857.74,1
2024-05-12,2024-05-12 13:51:00,1619.09,1619.48,1619.09,1619.48,0.02,69.68,105857.74,1
2024-05-12,2024-05-12 13:52:00,1619.48,1619.87,1619.48,1619.87,0.02,69.68,105857.74,1
2024-05-12,2024-05-12 13:53:00,1619.87,1620.26,1619.87,1620.26,0.02,69.68,105857.74,1
2024-05-12,2024-05-12 13:54:00,1620.26,1620.65,1620.26,1620.65,0.02,69.68,105857.74,1
2024-05-12,2024-05-12 13:55:00,1620.65,1621.04,1620.65,1621.04,0.02,69.68,105857.74,1
2024-05-12,2024-05-12 13:56:00,1621.04,1621.43,1621.04,1621.43,0.02,69.68,105857.74,1
2024-05-12,2024-05-12 13:57:00,1621.43,1621.82,1621.43,1621.82,0.02,69.68,105857.74,1
2024-05-12,2024-05-12 13:58:00,1621.82,1622.21,1621.82,1622.21,0.02,69.68,105857.74,1
2024-05-12,2024-05-12 13:59:00,1622.21,1622.6,1622.21,1622.6,0.02,69.68,105857.74,1
2024-05-12,2024-05-12 14:00:00,1622.6,1622.99,1622.6,1622.99,0.02,69.68,105857.74,1
2024-05-12,2024-05-12 14:01:00,1622.99,1623.38,1622.99,1623.38,0.02,69.68,105857.74,1
2024-05-12,2024-05-12 14:02:00,1623.38,1623.77,1623.38,1623.77,0.02,69.68,105857.74,1
2024-05-12,2024-05-12 14:03:00,1623.77,1624.16,1623.77,1624.16,0.02,69.68,105857.74,1
2024-05-12,2024-05-12 14:04:00,1624.16,1624.55,1624.16,1624.55,0.02,69.68,105857.74,1
2024-05-12,2024-05-12 14:05:00,1624.55,1624.94,1624.55,1624.94,0.02,69.68,105857.74,1
2024-05-12,2024-05-12 14:06:00,1624.94,1625.33,1624.94,1625.33,0.02,69.68,105857.74,1
2024-05-12,2024-05-12 14:07:00,1625.33,1625.72,1625.33,1625.72,0.02,69.68,105857.74,1
2024-05-12,2024-05-12 14:08:00,1625.72,1626.11,1625.72,1626.11,0.02,69.68,105857.74,1
2024-05-12,2024-05-12 14:09:00,1626.11,1626.5,1626.11,1626.5,0.02,69.68,105857.74,1
2024-05-12,2024-05-12 14:10:00,1626.5,1626.89,1626.5,1626.89,0.02,69.68,105857.74,1
2024-05-12,2024-05-12 14:11:00,1626.89,1627.28,1626.89,1627.28,0.02,69.68,105857.74,1
2024-05-12,2024-05-12 14:12:00,1627.28,1627.67,1627.28,1627.67,0.02,69.68,105857.74,1
2024-05-12,2024-05-12 14:13:00,1627.67,1628.06,1627.67,1628.06,0.02,69.68,105857.74,1
2024-05-12,2024-05-12 14:14:00,1628.06,1628.45,1628.06,1628.45,0.02,69.68,105857.74,1
2024-05-12,2024-05-12 14:15:00,1628.45,1628.84,1628.45,1628.84,0.02,69.68,105857.74,1
2024-05-12,2024-05-12 14:16:00,1628.84,1629.23,1628.84,1629.23,0.02,69.68,105857.74,1
2024-05-12,2024-05-12 14:17:00,1629.23,1629.62,1629.23,1629.62,0.02,69.68,105857.74,1
2024-05-12,2024-05-12 14:18:00,1629.62,1630.01,1629.62,1630.01,0.02,69.68,105857.74,1
2024-05-12,2024-05-12 14:19:00,1630.01,1630.4,1630.01,1630.4,0.02,69.68,105857.74,1
2024-05-12,2024-05-12 14:20:00,1630.4,1630.79,1630.4,1630.79,0.02,69.68,105857.74,1
2024-05-12,2024-05-12 14:21:00,1630.79,1631.18,1630.79,1631.18,0.02,69.68,105857.74,1
2024-05-12,2024-05-12 14:22:00,1631.18,1631.57,1631.18,1631.57,0.02,69.68,105857.74,1
2024-05-12,2024-05-12 14:23:00,1631.57,1631.96,1631.57,1631.96,0.02,69.68,105857.74,1
2024-05-12,2024-05-12 14:24:00,1631.96,1632.35,1631.96,1632.35,0.02,69.68,105857.74,1
2024-05-12,2024-05-12 14:25:00,1632.35,1632.74,1632.35,1632.74,0.02,69.68,105857.74,1
2024-05-12,2024-05-12 14:26:00,1632.74,1633.13,1632.74,1633.13,0.02,69.68,105857.74,1
2024-05-12,2024-05-12 14:27:00,1633.13,1633.52,1633.13,1633.52,0.02,69.68,105857.74,1
2024-05-12,2024-05-12 14:28:00,1633.52,1633.91,1633.52,1633.91,0.02,69.68,105857.74,1
2024-05-12,2024-05-12 14:29:00,1633.91,1634.3,1633.91,1634.3,0.02,69.68,105857.74,1
2024-05-12,2024-05-12 14:30:00,1634.3,1634.69,1634.3,1634.69,0.02,69.68,105857.74,1
2024-05-12,2024-05-12 14:31:00,1634.69,1635.08,1634.69,1635.08,0.02,69.68,105857.74,1
2024-05-12,2024-05-12 14:32:00,1635.08,1635.47,1635.08,1635.47,0.02,69.68,105857.74,1
2024-05-12,2024-05-12 14:33:00,1635.47,1635.86,1635.47,1635.86,0.02,69.68,105857.74,1
2024-05-12,2024-05-12 14:34:00,1635.86,1636.25,1635.86,1636.25,0.02,69.68,105857.74,1
2024-05-12,2024-05-12 14:35:00,1636.25,1636.64,1636.25,1636.64,0.02,69.68,105857.74,1
2024-05-12,2024-05-12 14:36:00,1636.64,1637.03,1636.64,1637.03,0.02,69.68,105857.74,1
2024-05-12,2024-05-12 14:37:00,1637.03,1637.42,1637.03,1637.42,0.02,69.68,105857.74,1
2024-05-12,2024-05-12 14:38:00,1637.42,1637.81,1637.42,1637.81,0.02,69.68,105857.74,1
2024-05-12,2024-05-12 14:39:00,1637.81,1638.2,1637.81,1638.2,0.02,69.68,105857.74,1
2024-05-12,2024-05-12 14:40:00,1638.2,1638.59,1638.2,1638.59,0.02,69.68,105857.74,1
2024-05-12,2024-05-12 14:41:00,1638.59,1638.98,1638.59,1638.98,0.02,69.68,105857.74,1
2024-05-12,2024-05-12 14:42:00,1638.98,1639.37,1638.98,1639.37,0.02,69.68,105857.74,1
2024-05-12,2024-05-12 14:43:00,1639.37,1639.76,1639.37,1639.76,0.02,69.68,105857.74,1
2024-05-12,2024-05-12 14:44:00,1639.76,1640.15,1639.76,1640.15,0.02,69.68,105857.74,1
2024-05-12,2024-05-12 14:45:00,1640.15,1640.54,1640.15,1640.54,0.02,69.68,105857.74,1
2024-05-12,2024-05-12 14:46:00,1640.54,1640.93,1640.54,1640.93,0.02,69.68,105857.74,1
2024-05-12,2024-05-12 14:47:00,1640.93,1641.32,1640.93,1641.32,0.02,69.68,105857.74,1
2024-05-12,2024-05-12 14:48:00,1641.32,1641.71,1641.32,1641.71,0.02,69.68,105857.74,1
2024-05-12,2024-05-12 14:49:00,1641.71,1642.1,1641.71,1642.1,0.02,69.68,105857.74,1
2024-05-12,2024-05-12 14:50:00,1642.1,1642.49,1642.1,1642.49,0.02,69.68,105857.74,1
2024-05-12,2024-05-12 14:51:00,1642.49,1642.88,1642.49,1642.88,0.02,69.68,105857.74,1
2024-05-12,2024-05-12 14:52:00,1642.88,1643.27,1642.88,1643.27,0.02,69.68,105857.74,1
2024-05-12,2024-05-12 14:53:00,1643.27,1643.66,1643.27,1643.66,0.02,69.68,105857.74,1
2024-05-12,2024-05-12 14:54:00,1643.66,1644.05,1643.66,1644.05,0.02,69.68,105857.74,1
2024-05-12,2024-05-12 14:55:00,1644.05,1644.44,1644.05,1644.44,0.02,69.68,105857.74,1
2024-05-12,2024-05-12 14:56:00,1644.44,1644.83,1644.44,1644.83,0.02,69.68,105857.74,1
2024-05-12,2024-05-12 14:57:00,1644.83,1645.22,1644.83,1645.22,0.02,69.68,105857.74,1
2024-05-12,2024-05-12 14:58:00,1645.22,1645.61,1645.22,1645.61,0.02,69.68,105857.74,1
2024-05-12,2024-05-12 14:59:00,1645.61,1646.0,1645.61,1646.0,0.02,69.68,105857.74,1
2024-05-12,2024-05-12 15:00:00,1646.0,1647.0,1471.0,1646.0,0.0,69.68,105857.74,0
2024-05-13,2024-05-13 11:00:00,1613.1,1613.1,1579.17,1612.85,-0.02,39.56,60453.56,-1
2024-05-13,2024-05-13 11:01:00,1612.85,1612.85,1612.6,1612.6,-0.02,39.56,60453.56,-1
2024-05-13,2024-05-13 11:02:00,1612.6,1612.6,1612.35,1612.35,-0.02,39.56,60453.56,-1
2024-05-13,2024-05-13 11:03:00,1612.35,1612.35,1612.1,1612.1,-0.02,39.56,60453.56,-1
2024-05-13,2024-05-13 11:04:00,1612.1,1612.1,1611.85,1611.85,-0.02,39.56,60453.56,-1
2024-05-13,2024-05-13 11:05:00,1611.85,1611.85,1611.6,1611.6,-0.02,39.56,60453.56,-1
2024-05-13,2024-05-13 11:06:00,1611.6,1611.6,1611.35,1611.35,-0.02,39.56,60453.56,-1
2024-05-13,2024-05-13 11:07:00,1611.35,1611.35,1611.1,1611.1,-0.02,39.56,60453.56,-1
2024-05-13,2024-05-13 11:08:00,1611.1,1611.1,1610.85,1610.85,-0.02,39.56,60453.56,-1
2024-05-13,2024-05-13 11:09:00,1610.85,1610.85,1610.6,1610.6,-0.02,39.56,60453.56,-1
2024-05-13,2024-05-13 11:10:00,1610.6,1610.6,1610.35,1610.35,-0.02,39.56,60453.56,-1
2024-05-13,2024-05-13 11:11:00,1610.35,1610.35,1610.09,1610.09,-0.02,39.56,60453.56,-1
2024-05-13,2024-05-13 11:12:00,1610.09,1610.09,1609.84,1609.84,-0.02,39.56,60453.56,-1
2024-05-13,2024-05-13 11:13:00,1609.84,1609.84,1609.59,1609.59,-0.02,39.56,60453.56,-1
2024-05-13,2024-05-13 11:14:00,1609.59,1609.59,1609.34,1609.34,-0.02,39.56,60453.56,-1
2024-05-13,2024-05-13 11:15:00,1609.34,1609.34,1609.09,1609.09,-0.02,39.56,60453.56,-1
2024-05-13,2024-05-13 11:16:00,1609.09,1609.09,1608.84,1608.84,-0.02,39.56,60453.56,-1
2024-05-13,2024-05-13 11:17:00,1608.84,1608.84,1608.59,1608.59,-0.02,39.56,60453.56,-1
2024-05-13,2024-05-13 11:18:00,1608.59,1608.59,1608.34,1608.34,-0.02,39.56,60453.56,-1
2024-05-13,2024-05-13 11:19:00,1608.34,1608.34,1608.09,1608.09,-0.02,39.56,60453.56,-1
2024-05-13,2024-05-13 11:20:00,1608.09,1608.09,1607.84,1607.84,-0.02,39.56,60453.56,-1
2024-05-13,2024-05-13 11:21:00,1607.84,1607.84,1607.59,1607.59,-0.02,39.56,60453.56,-1
2024-05-13,2024-05-13 11:22:00,1607.59,1607.59,1607.34,1607.34,-0.02,39.56,60453.56,-1
2024-05-13,2024-05-13 11:23:00,1607.34,1607.34,1607.09,1607.09,-0.02,39.56,60453.56,-1
2024-05-13,2024-05-13 11:24:00,1607.09,1607.09,1606.84,1606.84,-0.02,39.56,60453.56,-1
2024-05-13,2024-05-13 11:25:00,1606.84,1606.84,1606.59,1606.59,-0.02,39.56,60453.56,-1
2024-05-13,2024-05-13 11:26:00,1606.59,1606.59,1606.34,1606.34,-0.02,39.56,60453.56,-1
2024-05-13,2024-05-13 11:27:00,1606.34,1606.34,1606.09,1606.09,-0.02,39.56,60453.56,-1
2024-05-13,2024-05-13 11:28:00,1606.09,1606.09,1605.84,1605.84,-0.02,39.56,60453.56,-1
2024-05-13,2024-05-13 11:29:00,1605.84,1605.84,1605.59,1605.59,-0.02,39.56,60453.56,-1
2024-05-13,2024-05-13 11:30:00,1605.59,1605.59,1605.34,1605.34,-0.02,39.56,60453.56,-1
2024-05-13,2024-05-13 11:31:00,1605.34,1605.34,1605.09,1605.09,-0.02,39.56,60453.56,-1
2024-05-13,2024-05-13 11:32:00,1605.09,1605.09,1604.84,1604.84,-0.02,39.56,60453.56,-1
2024-05-13,2024-05-13 11:33:00,1604.84,1604.84,1604.59,1604.59,-0.02,39.56,60453.56,-1
2024-05-13,2024-05-13 11:34:00,1604.59,1604.59,1604.34,1604.34,-0.02,39.56,60453.56,-1
2024-05-13,2024-05-13 11:35:00,1604.34,1604.34,1604.09,1604.09,-0.02,39.56,60453.56,-1
2024-05-13,2024-05-13 11:36:00,1604.09,1604.09,1603.83,1603.83,-0.02,39.56,60453.56,-1
2024-05-13,2024-05-13 11:37:00,1603.83,1603.83,1603.58,1603.58,-0.02,39.56,60453.56,-1
2024-05-13,2024-05-13 11:38:00,1603.58,1603.58,1603.33,1603.33,-0.02,39.56,60453.56,-1
2024-05-13,2024-05-13 11:39:00,1603.33,1603.33,1603.08,1603.08,-0.02,39.56,60453.56,-1
2024-05-13,2024-05-13 11:40:00,1603.08,1603.08,1602.83,1602.83,-0.02,39.56,60453.56,-1
2024-05-13,2024-05-13 11:41:00,1602.83,1602.83,1602.58,1602.58,-0.02,39.56,60453.56,-1
2024-05-13,2024-05-13 11:42:00,1602.58,1602.58,1602.33,1602.33,-0.02,39.56,60453.56,-1
2024-05-13,2024-05-13 11:43:00,1602.33,1602.33,1602.08,1602.08,-0.02,39.56,60453.56,-1
2024-05-13,2024-05-13 11:44:00,1602.08,1602.08,1601.83,1601.83,-0.02,39.56,60453.56,-1
2024-05-13,2024-05-13 11:45:00,1601.83,1601.83,1601.58,1601.58,-0.02,39.56,60453.56,-1
2024-05-13,2024-05-13 11:46:00,1601.58,1601.58,1601.33,1601.33,-0.02,39.56,60453.56,-1
2024-05-13,2024-05-13 11:47:00,1601.33,1601.33,1601.08,1601.08,-0.02,39.56,60453.56,-1
2024-05-13,2024-05-13 11:48:00,1601.08,1601.08,1600.83,1600.83,-0.02,39.56,60453.56,-1
2024-05-13,2024-05-13 11:49:00,1600.83,1600.83,1600.58,1600.58,-0.02,39.56,60453.56,-1
2024-05-13,2024-05-13 11:50:00,1600.58,1600.58,1600.33,1600.33,-0.02,39.56,60453.56,-1
2024-05-13,2024-05-13 11:51:00,1600.33,1600.33,1600.08,1600.08,-0.02,39.56,60453.56,-1
2024-05-13,2024-05-13 11:52:00,1600.08,1600.08,1599.83,1599.83,-0.02,39.56,60453.56,-1
2024-05-13,2024-05-13 11:53:00,1599.83,1599.83,1599.58,1599.58,-0.02,39.56,60453.56,-1
2024-05-13,2024-05-13 11:54:00,1599.58,1599.58,1599.33,1599.33,-0.02,39.56,60453.56,-1
2024-05-13,2024-05-13 11:55:00,1599.33,1599.33,1599.08,1599.08,-0.02,39.56,60453.56,-1
2024-05-13,2024-05-13 11:56:00,1599.08,1599.08,1598.83,1598.83,-0.02,39.56,60453.56,-1
2024-05-13,2024-05-13 11:57:00,1598.83,1598.83,1598.58,1598.58,-0.02,39.56,60453.56,-1
2024-05-13,2024-05-13 11:58:00,1598.58,1598.58,1598.33,1598.33,-0.02,39.56,60453.56,-1
2024-05-13,2024-05-13 11:59:00,1598.33,1598.33,1598.07,1598.07,-0.02,39.56,60453.56,-1
2024-05-13,2024-05-13 12:00:00,1598.07,1598.07,1597.82,1597.82,-0.02,39.56,60453.56,-1
2024-05-13,2024-05-13 12:01:00,1597.82,1597.82,1597.57,1597.57,-0.02,39.56,60453.56,-1
2024-05-13,2024-05-13 12:02:00,1597.57,1597.57,1597.32,1597.32,-0.02,39.56,60453.56,-1
2024-05-13,2024-05-13 12:03:00,1597.32,1597.32,1597.07,1597.07,-0.02,39.56,60453.56,-1
2024-05-13,2024-05-13 12:04:00,1597.07,1597.07,1596.82,1596.82,-0.02,39.56,60453.56,-1
2024-05-13,2024-05-13 12:05:00,1596.82,1596.82,1596.57,1596.57,-0.02,39.56,60453.56,-1
2024-05-13,2024-05-13 12:06:00,1596.57,1596.57,1596.32,1596.32,-0.02,39.56,60453.56,-1
2024-05-13,2024-05-13 12:07:00,1596.32,1596.32,1596.07,1596.07,-0.02,39.56,60453.56,-1
2024-05-13,2024-05-13 12:08:00,1596.07,1596.07,1595.82,1595.82,-0.02,39.56,60453.56,-1
2024-05-13,2024-05-13 12:09:00,1595.82,1595.82,1595.57,1595.57,-0.02,39.56,60453.56,-1
2024-05-13,2024-05-13 12:10:00,1595.57,1595.57,1595.32,1595.32,-0.02,39.56,60453.56,-1
2024-05-13,2024-05-13 12:11:00,1595.32,1595.32,1595.07,1595.07,-0.02,39.56,60453.56,-1
2024-05-13,2024-05-13 12:12:00,1595.07,1595.07,1594.82,1594.82,-0.02,39.56,60453.56,-1
2024-05-13,2024-05-13 12:13:00,1594.82,1594.82,1594.57,1594.57,-0.02,39.56,60453.56,-1
2024-05-13,2024-05-13 12:14:00,1594.57,1594.57,1594.32,1594.32,-0.02,39.56,60453.56,-1
2024-05-13,2024-05-13 12:15:00,1594.32,1594.32,1594.07,1594.07,-0.02,39.56,60453.56,-1
2024-05-13,2024-05-13 12:16:00,1594.07,1594.07,1593.82,1593.82,-0.02,39.56,60453.56,-1
2024-05-13,2024-05-13 12:17:00,1593.82,1593.82,1593.57,1593.57,-0.02,39.56,60453.56,-1
2024-05-13,2024-05-13 12:18:00,1593.57,1593.57,1593.32,1593.32,-0.02,39.56,60453.56,-1
2024-05-13,2024-05-13 12:19:00,1593.32,1593.32,1593.07,1593.07,-0.02,39.56,60453.56,-1
2024-05-13,2024-05-13 12:20:00,1593.07,1593.07,1592.82,1592.82,-0.02,39.56,60453.56,-1
2024-05-13,2024-05-13 12:21:00,1592.82,1592.82,1592.57,1592.57,-0.02,39.56,60453.56,-1
2024-05-13,2024-05-13 12:22:00,1592.57,1592.57,1592.32,1592.32,-0.02,39.56,60453.56,-1
2024-05-13,2024-05-13 12:23:00,1592.32,1592.32,1592.07,1592.07,-0.02,39.56,60453.56,-1
2024-05-13,2024-05-13 12:24:00,1592.07,1592.07,1591.81,1591.81,-0.02,39.56,60453.56,-1
2024-05-13,2024-05-13 12:25:00,1591.81,1591.81,1591.56,1591.56,-0.02,39.56,60453.56,-1
2024-05-13,2024-05-13 12:26:00,1591.56,1591.56,1591.31,1591.31,-0.02,39.56,60453.56,-1
2024-05-13,2024-05-13 12:27:00,1591.31,1591.31,1591.06,1591.06,-0.02,39.56,60453.56,-1
2024-05-13,2024-05-13 12:28:00,1591.06,1591.06,1590.81,1590.81,-0.02,39.56,60453.56,-1
2024-05-13,2024-05-13 12:29:00,1590.81,1590.81,1590.56,1590.56,-0.02,39.56,60453.56,-1
2024-05-13,2024-05-13 12:30:00,1590.56,1590.56,1590.31,1590.31,-0.02,39.56,60453.56,-1
2024-05-13,2024-05-13 12:31:00,1590.31,1590.31,1590.06,1590.06,-0.02,39.56,60453.56,-1
2024-05-13,2024-05-13 12:32:00,1590.06,1590.06,1589.81,1589.81,-0.02,39.56,60453.56,-1
2024-05-13,2024-05-13 12:33:00,1589.81,1589.81,1589.56,1589.56,-0.02,39.56,60453.56,-1
2024-05-13,2024-05-13 12:34:00,1589.56,1589.56,1589.31,1589.31,-0.02,39.56,60453.56,-1
2024-05-13,2024-05-13 12:35:00,1589.31,1589.31,1589.06,1589.06,-0.02,39.56,60453.56,-1
2024-05-13,2024-05-13 12:36:00,1589.06,1589.06,1588.81,1588.81,-0.02,39.56,60453.56,-1
2024-05-13,2024-05-13 12:37:00,1588.81,1588.81,1588.56,1588.56,-0.02,39.56,60453.56,-1
2024-05-13,2024-05-13 12:38:00,1588.56,1588.56,1588.31,1588.31,-0.02,39.56,60453.56,-1
2024-05-13,2024-05-13 12:39:00,1588.31,1588.31,1588.06,1588.06,-0.02,39.56,60453.56,-1
2024-05-13,2024-05-13 12:40:00,1588.06,1588.06,1587.81,1587.81,-0.02,39.56,60453.56,-1
2024-05-13,2024-05-13 12:41:00,1587.81,1587.81,1587.56,1587.56,-0.02,39.56,60453.56,-1
2024-05-13,2024-05-13 12:42:00,1587.56,1587.56,1587.31,1587.31,-0.02,39.56,60453.56,-1
2024-05-13,2024-05-13 12:43:00,1587.31,1587.31,1587.06,1587.06,-0.02,39.56,60453.56,-1
2024-05-13,2024-05-13 12:44:00,1587.06,1587.06,1586.81,1586.81,-0.02,39.56,60453.56,-1
2024-05-13,2024-05-13 12:45:00,1586.81,1586.81,1586.56,1586.56,-0.02,39.56,60453.56,-1
2024-05-13,2024-05-13 12:46:00,1586.56,1586.56,1586.31,1586.31,-0.02,39.56,60453.56,-1
2024-05-13,2024-05-13 12:47:00,1586.31,1586.31,1586.05,1586.05,-0.02,39.56,60453.56,-1
2024-05-13,2024-05-13 12:48:00,1586.05,1586.05,1585.8,1585.8,-0.02,39.56,60453.56,-1
2024-05-13,2024-05-13 12:49:00,1585.8,1585.8,1585.55,1585.55,-0.02,39.56,60453.56,-1
2024-05-13,2024-05-13 12:50:00,1585.55,1585.55,1585.3,1585.3,-0.02,39.56,60453.56,-1
2024-05-13,2024-05-13 12:51:00,1585.3,1585.3,1585.05,1585.05,-0.02,39.56,60453.56,-1
2024-05-13,2024-05-13 12:52:00,1585.05,1585.05,1584.8,1584.8,-0.02,39.56,60453.56,-1
2024-05-13,2024-05-13 12:53:00,1584.8,1584.8,1584.55,1584.55,-0.02,39.56,60453.56,-1
2024-05-13,2024-05-13 12:54:00,1584.55,1584.55,1584.3,1584.3,-0.02,39.56,60453.56,-1
2024-05-13,2024-05-13 12:55:00,1584.3,1584.3,1584.05,1584.05,-0.02,39.56,60453.56,-1
2024-05-13,2024-05-13 12:56:00,1584.05,1584.05,1583.8,1583.8,-0.02,39.56,60453.56,-1
2024-05-13,2024-05-13 12:57:00,1583.8,1583.8,1583.55,1583.55,-0.02,39.56,60453.56,-1
2024-05-13,2024-05-13 12:58:00,1583.55,1583.55,1583.3,1583.3,-0.02,39.56,60453.56,-1
2024-05-13,2024-05-13 12:59:00,1583.3,1583.3,1583.05,1583.05,-0.02,39.56,60453.56,-1
2024-05-13,2024-05-13 13:00:00,1583.05,1613.1,1500.0,1582.8,-0.02,39.56,60453.56,-1
2024-05-13,2024-05-13 13:01:00,1582.8,1582.8,1582.55,1582.55,-0.02,39.56,60453.56,-1
2024-05-13,2024-05-13 13:02:00,1582.55,1582.55,1582.3,1582.3,-0.02,39.56,60453.56,-1
2024-05-13,2024-05-13 13:03:00,1582.3,1582.3,1582.05,1582.05,-0.02,39.56,60453.56,-1
2024-05-13,2024-05-13 13:04:00,1582.05,1582.05,1581.8,1581.8,-0.02,39.56,60453.56,-1
2024-05-13,2024-05-13 13:05:00,1581.8,1581.8,1581.55,1581.55,-0.02,39.56,60453.56,-1
2024-05-13,2024-05-13 13:06:00,1581.55,1581.55,1581.3,1581.3,-0.02,39.56,60453.56,-1
2024-05-13,2024-05-13 13:07:00,1581.3,1581.3,1581.05,1581.05,-0.02,39.56,60453.56,-1
2024-05-13,2024-05-13 13:08:00,1581.05,1581.05,1580.8,1580.8,-0.02,39.56,60453.56,-1
2024-05-13,2024-05-13 13:09:00,1580.8,1580.8,1580.55,1580.55,-0.02,39.56,60453.56,-1
2024-05-13,2024-05-13 13:10:00,1580.55,1580.55,1580.3,1580.3,-0.02,39.56,60453.56,-1
2024-05-13,2024-05-13 13:11:00,1580.3,1580.3,1580.05,1580.05,-0.02,39.56,60453.56,-1
2024-05-13,2024-05-13 13:12:00,1580.05,1580.05,1579.79,1579.79,-0.02,39.56,60453.56,-1
2024-05-13,2024-05-13 13:13:00,1579.79,1579.79,1579.54,1579.54,-0.02,39.56,60453.56,-1
2024-05-13,2024-05-13 13:14:00,1579.54,1579.54,1579.29,1579.29,-0.02,39.56,60453.56,-1
2024-05-13,2024-05-13 13:15:00,1579.29,1579.29,1579.04,1579.04,-0.02,39.56,60453.56,-1
2024-05-13,2024-05-13 13:16:00,1579.04,1579.04,1578.79,1578.79,-0.02,39.56,60453.56,-1
2024-05-13,2024-05-13 13:17:00,1578.79,1578.79,1578.54,1578.54,-0.02,39.56,60453.56,-1
2024-05-13,2024-05-13 13:18:00,1578.54,1578.54,1578.29,1578.29,-0.02,39.56,60453.56,-1
2024-05-13,2024-05-13 13:19:00,1578.29,1578.29,1578.04,1578.04,-0.02,39.56,60453.56,-1
2024-05-13,2024-05-13 13:20:00,1578.04,1578.04,1577.79,1577.79,-0.02,39.56,60453.56,-1
2024-05-13,2024-05-13 13:21:00,1577.79,1577.79,1577.54,1577.54,-0.02,39.56,60453.56,-1
2024-05-13,2024-05-13 13:22:00,1577.54,1577.54,1577.29,1577.29,-0.02,39.56,60453.56,-1
2024-05-13,2024-05-13 13:23:00,1577.29,1577.29,1577.04,1577.04,-0.02,39.56,60453.56,-1
2024-05-13,2024-05-13 13:24:00,1577.04,1577.04,1576.79,1576.79,-0.02,39.56,60453.56,-1
2024-05-13,2024-05-13 13:25:00,1576.79,1576.79,1576.54,1576.54,-0.02,39.56,60453.56,-1
2024-05-13,2024-05-13 13:26:00,1576.54,1576.54,1576.29,1576.29,-0.02,39.56,60453.56,-1
2024-05-13,2024-05-13 13:27:00,1576.29,1576.29,1576.04,1576.04,-0.02,39.56,60453.56,-1
2024-05-13,2024-05-13 13:28:00,1576.04,1576.04,1575.79,1575.79,-0.02,39.56,60453.56,-1
2024-05-13,2024-05-13 13:29:00,1575.79,1575.79,1575.54,1575.54,-0.02,39.56,60453.56,-1
2024-05-13,2024-05-13 13:30:00,1575.54,1575.54,1575.29,1575.29,-0.02,39.56,60453.56,-1
2024-05-13,2024-05-13 13:31:00,1575.29,1575.29,1575.04,1575.04,-0.02,39.56,60453.56,-1
2024-05-13,2024-05-13 13:32:00,1575.04,1575.04,1574.79,1574.79,-0.02,39.56,60453.56,-1
2024-05-13,2024-05-13 13:33:00,1574.79,1574.79,1574.54,1574.54,-0.02,39.56,60453.56,-1
2024-05-13,2024-05-13 13:34:00,1574.54,1574.54,1574.29,1574.29,-0.02,39.56,60453.56,-1
2024-05-13,2024-05-13 13:35:00,1574.29,1574.29,1574.03,1574.03,-0.02,39.56,60453.56,-1
2024-05-13,2024-05-13 13:36:00,1574.03,1574.03,1573.78,1573.78,-0.02,39.56,60453.56,-1
2024-05-13,2024-05-13 13:37:00,1573.78,1573.78,1573.53,1573.53,-0.02,39.56,60453.56,-1
2024-05-13,2024-05-13 13:38:00,1573.53,1573.53,1573.28,1573.28,-0.02,39.56,60453.56,-1
2024-05-13,2024-05-13 13:39:00,1573.28,1573.28,1573.03,1573.03,-0.02,39.56,60453.56,-1
2024-05-13,2024-05-13 13:40:00,1573.03,1573.03,1572.78,1572.78,-0.02,39.56,60453.56,-1
2024-05-13,2024-05-13 13:41:00,1572.78,1572.78,1572.53,1572.53,-0.02,39.56,60453.56,-1
2024-05-13,2024-05-13 13:42:00,1572.53,1572.53,1572.28,1572.28,-0.02,39.56,60453.56,-1
2024-05-13,2024-05-13 13:43:00,1572.28,1572.28,1572.03,1572.03,-0.02,39.56,60453.56,-1
2024-05-13,2024-05-13 13:44:00,1572.03,1572.03,1571.78,1571.78,-0.02,39.56,60453.56,-1
2024-05-13,2024-05-13 13:45:00,1571.78,1571.78,1571.53,1571.53,-0.02,39.56,60453.56,-1
2024-05-13,2024-05-13 13:46:00,1571.53,1571.53,1571.28,1571.28,-0.02,39.56,60453.56,-1
2024-05-13,2024-05-13 13:47:00,1571.28,1571.28,1571.03,1571.03,-0.02,39.56,60453.56,-1
2024-05-13,2024-05-13 13:48:00,1571.03,1571.03,1570.78,1570.78,-0.02,39.56,60453.56,-1
2024-05-13,2024-05-13 13:49:00,1570.78,1570.78,1570.53,1570.53,-0.02,39.56,60453.56,-1
2024-05-13,2024-05-13 13:50:00,1570.53,1570.53,1570.28,1570.28,-0.02,39.56,60453.56,-1
2024-05-13,2024-05-13 13:51:00,1570.28,1570.28,1570.03,1570.03,-0.02,39.56,60453.56,-1
2024-05-13,2024-05-13 13:52:00,1570.03,1570.03,1569.78,1569.78,-0.02,39.56,60453.56,-1
2024-05-13,2024-05-13 13:53:00,1569.78,1569.78,1569.53,1569.53,-0.02,39.56,60453.56,-1
2024-05-13,2024-05-13 13:54:00,1569.53,1569.53,1569.28,1569.28,-0.02,39.56,60453.56,-1
2024-05-13,2024-05-13 13:55:00,1569.28,1569.28,1569.03,1569.03,-0.02,39.56,60453.56,-1
2024-05-13,2024-05-13 13:56:00,1569.03,1569.03,1568.78,1568.78,-0.02,39.56,60453.56,-1
2024-05-13,2024-05-13 13:57:00,1568.78,1568.78,1568.53,1568.53,-0.02,39.56,60453.56,-1
2024-05-13,2024-05-13 13:58:00,1568.53,1568.53,1568.28,1568.28,-0.02,39.56,60453.56,-1
2024-05-13,2024-05-13 13:59:00,1568.28,1568.28,1568.03,1568.03,-0.02,39.56,60453.56,-1
2024-05-13,2024-05-13 14:00:00,1568.03,1568.03,1567.77,1567.77,-0.02,39.56,60453.56,-1
2024-05-13,2024-05-13 14:01:00,1567.77,1567.77,1567.52,1567.52,-0.02,39.56,60453.56,-1
2024-05-13,2024-05-13 14:02:00,1567.52,1567.52,1567.27,1567.27,-0.02,39.56,60453.56,-1
2024-05-13,2024-05-13 14:03:00,1567.27,1567.27,1567.02,1567.02,-0.02,39.56,60453.56,-1
2024-05-13,2024-05-13 14:04:00,1567.02,1567.02,1566.77,1566.77,-0.02,39.56,60453.56,-1
2024-05-13,2024-05-13 14:05:00,1566.77,1566.77,1566.52,1566.52,-0.02,39.56,60453.56,-1
2024-05-13,2024-05-13 14:06:00,1566.52,1566.52,1566.27,1566.27,-0.02,39.56,60453.56,-1
2024-05-13,2024-05-13 14:07:00,1566.27,1566.27,1566.02,1566.02,-0.02,39.56,60453.56,-1
2024-05-13,2024-05-13 14:08:00,1566.02,1566.02,1565.77,1565.77,-0.02,39.56,60453.56,-1
2024-05-13,2024-05-13 14:09:00,1565.77,1565.77,1565.52,1565.52,-0.02,39.56,60453.56,-1
2024-05-13,2024-05-13 14:10:00,1565.52,1565.52,1565.27,1565.27,-0.02,39.56,60453.56,-1
2024-05-13,2024-05-13 14:11:00,1565.27,1565.27,1565.02,1565.02,-0.02,39.56,60453.56,-1
2024-05-13,2024-05-13 14:12:00,1565.02,1565.02,1564.77,1564.77,-0.02,39.56,60453.56,-1
2024-05-13,2024-05-13 14:13:00,1564.77,1564.77,1564.52,1564.52,-0.02,39.56,60453.56,-1
2024-05-13,2024-05-13 14:14:00,1564.52,1564.52,1564.27,1564.27,-0.02,39.56,60453.56,-1
2024-05-13,2024-05-13 14:15:00,1564.27,1564.27,1564.02,1564.02,-0.02,39.56,60453.56,-1
2024-05-13,2024-05-13 14:16:00,1564.02,1564.02,1563.77,1563.77,-0.02,39.56,60453.56,-1
2024-05-13,2024-05-13 14:17:00,1563.77,1563.77,1563.52,1563.52,-0.02,39.56,60453.56,-1
2024-05-13,2024-05-13 14:18:00,1563.52,1563.52,1563.27,1563.27,-0.02,39.56,60453.56,-1
2024-05-13,2024-05-13 14:19:00,1563.27,1563.27,1563.02,1563.02,-0.02,39.56,60453.56,-1
2024-05-13,2024-05-13 14:20:00,1563.02,1563.02,1562.77,1562.77,-0.02,39.56,60453.56,-1
2024-05-13,2024-05-13 14:21:00,1562.77,1562.77,1562.52,1562.52,-0.02,39.56,60453.56,-1
2024-05-13,2024-05-13 14:22:00,1562.52,1562.52,1562.27,1562.27,-0.02,39.56,60453.56,-1
2024-05-13,2024-05-13 14:23:00,1562.27,1562.27,1562.01,1562.01,-0.02,39.56,60453.56,-1
2024-05-13,2024-05-13 14:24:00,1562.01,1562.01,1561.76,1561.76,-0.02,39.56,60453.56,-1
2024-05-13,2024-05-13 14:25:00,1561.76,1561.76,1561.51,1561.51,-0.02,39.56,60453.56,-1
2024-05-13,2024-05-13 14:26:00,1561.51,1561.51,1561.26,1561.26,-0.02,39.56,60453.56,-1
2024-05-13,2024-05-13 14:27:00,1561.26,1561.26,1561.01,1561.01,-0.02,39.56,60453.56,-1
2024-05-13,2024-05-13 14:28:00,1561.01,1561.01,1560.76,1560.76,-0.02,39.56,60453.56,-1
2024-05-13,2024-05-13 14:29:00,1560.76,1560.76,1560.51,1560.51,-0.02,39.56,60453.56,-1
2024-05-13,2024-05-13 14:30:00,1560.51,1560.51,1560.26,1560.26,-0.02,39.56,60453.56,-1
2024-05-13,2024-05-13 14:31:00,1560.26,1560.26,1560.01,1560.01,-0.02,39.56,60453.56,-1
2024-05-13,2024-05-13 14:32:00,1560.01,1560.01,1559.76,1559.76,-0.02,39.56,60453.56,-1
2024-05-13,2024-05-13 14:33:00,1559.76,1559.76,1559.51,1559.51,-0.02,39.56,60453.56,-1
2024-05-13,2024-05-13 14:34:00,1559.51,1559.51,1559.26,1559.26,-0.02,39.56,60453.56,-1
2024-05-13,2024-05-13 14:35:00,1559.26,1559.26,1559.01,1559.01,-0.02,39.56,60453.56,-1
2024-05-13,2024-05-13 14:36:00,1559.01,1559.01,1558.76,1558.76,-0.02,39.56,60453.56,-1
2024-05-13,2024-05-13 14:37:00,1558.76,1558.76,1558.51,1558.51,-0.02,39.56,60453.56,-1
2024-05-13,2024-05-13 14:38:00,1558.51,1558.51,1558.26,1558.26,-0.02,39.56,60453.56,-1
2024-05-13,2024-05-13 14:39:00,1558.26,1558.26,1558.01,1558.01,-0.02,39.56,60453.56,-1
2024-05-13,2024-05-13 14:40:00,1558.01,1558.01,1557.76,1557.76,-0.02,39.56,60453.56,-1
2024-05-13,2024-05-13 14:41:00,1557.76,1557.76,1557.51,1557.51,-0.02,39.56,60453.56,-1
2024-05-13,2024-05-13 14:42:00,1557.51,1557.51,1557.26,1557.26,-0.02,39.56,60453.56,-1
2024-05-13,2024-05-13 14:43:00,1557.26,1557.26,1557.01,1557.01,-0.02,39.56,60453.56,-1
2024-05-13,2024-05-13 14:44:00,1557.01,1557.01,1556.76,1556.76,-0.02,39.56,60453.56,-1
2024-05-13,2024-05-13 14:45:00,1556.76,1556.76,1556.51,1556.51,-0.02,39.56,60453.56,-1
2024-05-13,2024-05-13 14:46:00,1556.51,1556.51,1556.26,1556.26,-0.02,39.56,60453.56,-1
2024-05-13,2024-05-13 14:47:00,1556.26,1556.26,1556.01,1556.01,-0.02,39.56,60453.56,-1
2024-05-13,2024-05-13 14:48:00,1556.01,1556.01,1555.75,1555.75,-0.02,39.56,60453.56,-1
2024-05-13,2024-05-13 14:49:00,1555.75,1555.75,1555.5,1555.5,-0.02,39.56,60453.56,-1
2024-05-13,2024-05-13 14:50:00,1555.5,1555.5,1555.25,1555.25,-0.02,39.56,60453.56,-1
2024-05-13,2024-05-13 14:51:00,1555.25,1555.25,1555.0,1555.0,-0.02,39.56,60453.56,-1
2024-05-13,2024-05-13 14:52:00,1555.0,1555.0,1554.75,1554.75,-0.02,39.56,60453.56,-1
2024-05-13,2024-05-13 14:53:00,1554.75,1554.75,1554.5,1554.5,-0.02,39.56,60453.56,-1
2024-05-13,2024-05-13 14:54:00,1554.5,1554.5,1554.25,1554.25,-0.02,39.56,60453.56,-1
2024-05-13,2024-05-13 14:55:00,1554.25,1554.25,1554.0,1554.0,-0.02,39.56,60453.56,-1
2024-05-13,2024-05-13 14:56:00,1554.0,1554.0,1553.75,1553.75,-0.02,39.56,60453.56,-1
2024-05-13,2024-05-13 14:57:00,1553.75,1553.75,1553.5,1553.5,-0.02,39.56,60453.56,-1
2024-05-13,2024-05-13 14:58:00,1553.5,1553.5,1553.25,1553.25,-0.02,39.56,60453.56,-1
2024-05-13,2024-05-13 14:59:00,1553.25,1553.25,1553.0,1553.0,-0.02,39.56,60453.56,-1
2024-05-13,2024-05-13 15:00:00,1553.0,1613.1,1500.0,1553.0,0.0,39.56,60453.56,0
2024-05-14,2024-05-14 11:00:00,1530.0,1547.67,1525.5,1530.2,0.01,53.84,84390.71,1
2024-05-14,2024-05-14 11:01:00,1530.2,1530.4,1530.2,1530.4,0.01,53.84,84390.71,1
2024-05-14,2024-05-14 11:02:00,1530.4,1530.6,1530.4,1530.6,0.01,53.84,84390.71,1
2024-05-14,2024-05-14 11:03:00,1530.6,1530.8,1530.6,1530.8,0.01,53.84,84390.71,1
2024-05-14,2024-05-14 11:04:00,1530.8,1531.0,1530.8,1531.0,0.01,53.84,84390.71,1
2024-05-14,2024-05-14 11:05:00,1531.0,1531.2,1531.0,1531.2,0.01,53.84,84390.71,1
2024-05-14,2024-05-14 11:06:00,1531.2,1531.4,1531.2,1531.4,0.01,53.84,84390.71,1
2024-05-14,2024-05-14 11:07:00,1531.4,1531.6,1531.4,1531.6,0.01,53.84,84390.71,1
2024-05-14,2024-05-14 11:08:00,1531.6,1531.8,1531.6,1531.8,0.01,53.84,84390.71,1
2024-05-14,2024-05-14 11:09:00,1531.8,1532.0,1531.8,1532.0,0.01,53.84,84390.71,1
2024-05-14,2024-05-14 11:10:00,1532.0,1532.2,1532.0,1532.2,0.01,53.84,84390.71,1
2024-05-14,2024-05-14 11:11:00,1532.2,1532.4,1532.2,1532.4,0.01,53.84,84390.71,1
2024-05-14,2024-05-14 11:12:00,1532.4,1532.6,1532.4,1532.6,0.01,53.84,84390.71,1
2024-05-14,2024-05-14 11:13:00,1532.6,1532.8,1532.6,1532.8,0.01,53.84,84390.71,1
2024-05-14,2024-05-14 11:14:00,1532.8,1533.0,1532.8,1533.0,0.01,53.84,84390.71,1
2024-05-14,2024-05-14 11:15:00,1533.0,1533.2,1533.0,1533.2,0.01,53.84,84390.71,1
2024-05-14,2024-05-14 11:16:00,1533.2,1533.4,1533.2,1533.4,0.01,53.84,84390.71,1
2024-05-14,2024-05-14 11:17:00,1533.4,1533.6,1533.4,1533.6,0.01,53.84,84390.71,1
2024-05-14,2024-05-14 11:18:00,1533.6,1533.8,1533.6,1533.8,0.01,53.84,84390.71,1
2024-05-14,2024-05-14 11:19:00,1533.8,1534.0,1533.8,1534.0,0.01,53.84,84390.71,1
2024-05-14,2024-05-14 11:20:00,1534.0,1534.2,1534.0,1534.2,0.01,53.84,84390.71,1
2024-05-14,2024-05-14 11:21:00,1534.2,1534.4,1534.2,1534.4,0.01,53.84,84390.71,1
2024-05-14,2024-05-14 11:22:00,1534.4,1534.6,1534.4,1534.6,0.01,53.84,84390.71,1
2024-05-14,2024-05-14 11:23:00,1534.6,1534.8,1534.6,1534.8,0.01,53.84,84390.71,1
2024-05-14,2024-05-14 11:24:00,1534.8,1535.0,1534.8,1535.0,0.01,53.84,84390.71,1
2024-05-14,2024-05-14 11:25:00,1535.0,1535.2,1535.0,1535.2,0.01,53.84,84390.71,1
2024-05-14,2024-05-14 11:26:00,1535.2,1535.4,1535.2,1535.4,0.01,53.84,84390.71,1
2024-05-14,2024-05-14 11:27:00,1535.4,1535.6,1535.4,1535.6,0.01,53.84,84390.71,1
2024-05-14,2024-05-14 11:28:00,1535.6,1535.8,1535.6,1535.8,0.01,53.84,84390.71,1
2024-05-14,2024-05-14 11:29:00,1535.8,1536.0,1535.8,1536.0,0.01,53.84,84390.71,1
2024-05-14,2024-05-14 11:30:00,1536.0,1536.2,1536.0,1536.2,0.01,53.84,84390.71,1
2024-05-14,2024-05-14 11:31:00,1536.2,1536.4,1536.2,1536.4,0.01,53.84,84390.71,1
2024-05-14,2024-05-14 11:32:00,1536.4,1536.6,1536.4,1536.6,0.01,53.84,84390.71,1
2024-05-14,2024-05-14 11:33:00,1536.6,1536.8,1536.6,1536.8,0.01,53.84,84390.71,1
2024-05-14,2024-05-14 11:34:00,1536.8,1537.0,1536.8,1537.0,0.01,53.84,84390.71,1
2024-05-14,2024-05-14 11:35:00,1537.0,1537.2,1537.0,1537.2,0.01,53.84,84390.71,1
2024-05-14,2024-05-14 11:36:00,1537.2,1537.4,1537.2,1537.4,0.01,53.84,84390.71,1
2024-05-14,2024-05-14 11:37:00,1537.4,1537.6,1537.4,1537.6,0.01,53.84,84390.71,1
2024-05-14,2024-05-14 11:38:00,1537.6,1537.8,1537.6,1537.8,0.01,53.84,84390.71,1
2024-05-14,2024-05-14 11:39:00,1537.8,1538.0,1537.8,1538.0,0.01,53.84,84390.71,1
2024-05-14,2024-05-14 11:40:00,1538.0,1538.2,1538.0,1538.2,0.01,53.84,84390.71,1
2024-05-14,2024-05-14 11:41:00,1538.2,1538.4,1538.2,1538.4,0.01,53.84,84390.71,1
2024-05-14,2024-05-14 11:42:00,1538.4,1538.6,1538.4,1538.6,0.01,53.84,84390.71,1
2024-05-14,2024-05-14 11:43:00,1538.6,1538.8,1538.6,1538.8,0.01,53.84,84390.71,1
2024-05-14,2024-05-14 11:44:00,1538.8,1539.0,1538.8,1539.0,0.01,53.84,84390.71,1
2024-05-14,2024-05-14 11:45:00,1539.0,1539.2,1539.0,1539.2,0.01,53.84,84390.71,1
2024-05-14,2024-05-14 11:46:00,1539.2,1539.4,1539.2,1539.4,0.01,53.84,84390.71,1
2024-05-14,2024-05-14 11:47:00,1539.4,1539.6,1539.4,1539.6,0.01,53.84,84390.71,1
2024-05-14,2024-05-14 11:48:00,1539.6,1539.8,1539.6,1539.8,0.01,53.84,84390.71,1
2024-05-14,2024-05-14 11:49:00,1539.8,1540.0,1539.8,1540.0,0.01,53.84,84390.71,1
2024-05-14,2024-05-14 11:50:00,1540.0,1540.2,1540.0,1540.2,0.01,53.84,84390.71,1
2024-05-14,2024-05-14 11:51:00,1540.2,1540.4,1540.2,1540.4,0.01,53.84,84390.71,1
2024-05-14,2024-05-14 11:52:00,1540.4,1540.6,1540.4,1540.6,0.01,53.84,84390.71,1
2024-05-14,2024-05-14 11:53:00,1540.6,1540.8,1540.6,1540.8,0.01,53.84,84390.71,1
2024-05-14,2024-05-14 11:54:00,1540.8,1541.0,1540.8,1541.0,0.01,53.84,84390.71,1
2024-05-14,2024-05-14 11:55:00,1541.0,1541.2,1541.0,1541.2,0.01,53.84,84390.71,1
2024-05-14,2024-05-14 11:56:00,1541.2,1541.4,1541.2,1541.4,0.01,53.84,84390.71,1
2024-05-14,2024-05-14 11:57:00,1541.4,1541.6,1541.4,1541.6,0.01,53.84,84390.71,1
2024-05-14,2024-05-14 11:58:00,1541.6,1541.8,1541.6,1541.8,0.01,53.84,84390.71,1
2024-05-14,2024-05-14 11:59:00,1541.8,1542.0,1541.8,1542.0,0.01,53.84,84390.71,1
2024-05-14,2024-05-14 12:00:00,1542.0,1542.2,1542.0,1542.2,0.01,53.84,84390.71,1
2024-05-14,2024-05-14 12:01:00,1542.2,1542.4,1542.2,1542.4,0.01,53.84,84390.71,1
2024-05-14,2024-05-14 12:02:00,1542.4,1542.6,1542.4,1542.6,0.01,53.84,84390.71,1
2024-05-14,2024-05-14 12:03:00,1542.6,1542.8,1542.6,1542.8,0.01,53.84,84390.71,1
2024-05-14,2024-05-14 12:04:00,1542.8,1543.0,1542.8,1543.0,0.01,53.84,84390.71,1
2024-05-14,2024-05-14 12:05:00,1543.0,1543.2,1543.0,1543.2,0.01,53.84,84390.71,1
2024-05-14,2024-05-14 12:06:00,1543.2,1543.4,1543.2,1543.4,0.01,53.84,84390.71,1
2024-05-14,2024-05-14 12:07:00,1543.4,1543.6,1543.4,1543.6,0.01,53.84,84390.71,1
2024-05-14,2024-05-14 12:08:00,1543.6,1543.8,1543.6,1543.8,0.01,53.84,84390.71,1
2024-05-14,2024-05-14 12:09:00,1543.8,1544.0,1543.8,1544.0,0.01,53.84,84390.71,1
2024-05-14,2024-05-14 12:10:00,1544.0,1544.2,1544.0,1544.2,0.01,53.84,84390.71,1
2024-05-14,2024-05-14 12:11:00,1544.2,1544.4,1544.2,1544.4,0.01,53.84,84390.71,1
2024-05-14,2024-05-14 12:12:00,1544.4,1544.6,1544.4,1544.6,0.01,53.84,84390.71,1
2024-05-14,2024-05-14 12:13:00,1544.6,1544.8,1544.6,1544.8,0.01,53.84,84390.71,1
2024-05-14,2024-05-14 12:14:00,1544.8,1545.0,1544.8,1545.0,0.01,53.84,84390.71,1
2024-05-14,2024-05-14 12:15:00,1545.0,1545.2,1545.0,1545.2,0.01,53.84,84390.71,1
2024-05-14,2024-05-14 12:16:00,1545.2,1545.4,1545.2,1545.4,0.01,53.84,84390.71,1
2024-05-14,2024-05-14 12:17:00,1545.4,1545.6,1545.4,1545.6,0.01,53.84,84390.71,1
2024-05-14,2024-05-14 12:18:00,1545.6,1545.8,1545.6,1545.8,0.01,53.84,84390.71,1
2024-05-14,2024-05-14 12:19:00,1545.8,1546.0,1545.8,1546.0,0.01,53.84,84390.71,1
2024-05-14,2024-05-14 12:20:00,1546.0,1546.2,1546.0,1546.2,0.01,53.84,84390.71,1
2024-05-14,2024-05-14 12:21:00,1546.2,1546.4,1546.2,1546.4,0.01,53.84,84390.71,1
2024-05-14,2024-05-14 12:22:00,1546.4,1546.6,1546.4,1546.6,0.01,53.84,84390.71,1
2024-05-14,2024-05-14 12:23:00,1546.6,1546.8,1546.6,1546.8,0.01,53.84,84390.71,1
2024-05-14,2024-05-14 12:24:00,1546.8,1547.0,1546.8,1547.0,0.01,53.84,84390.71,1
2024-05-14,2024-05-14 12:25:00,1547.0,1547.2,1547.0,1547.2,0.01,53.84,84390.71,1
2024-05-14,2024-05-14 12:26:00,1547.2,1547.4,1547.2,1547.4,0.01,53.84,84390.71,1
2024-05-14,2024-05-14 12:27:00,1547.4,1547.6,1547.4,1547.6,0.01,53.84,84390.71,1
2024-05-14,2024-05-14 12:28:00,1547.6,1547.8,1547.6,1547.8,0.01,53.84,84390.71,1
2024-05-14,2024-05-14 12:29:00,1547.8,1548.0,1547.8,1548.0,0.01,53.84,84390.71,1
2024-05-14,2024-05-14 12:30:00,1548.0,1548.2,1548.0,1548.2,0.01,53.84,84390.71,1
2024-05-14,2024-05-14 12:31:00,1548.2,1548.4,1548.2,1548.4,0.01,53.84,84390.71,1
2024-05-14,2024-05-14 12:32:00,1548.4,1548.6,1548.4,1548.6,0.01,53.84,84390.71,1
2024-05-14,2024-05-14 12:33:00,1548.6,1548.8,1548.6,1548.8,0.01,53.84,84390.71,1
2024-05-14,2024-05-14 12:34:00,1548.8,1549.0,1548.8,1549.0,0.01,53.84,84390.71,1
2024-05-14,2024-05-14 12:35:00,1549.0,1549.2,1549.0,1549.2,0.01,53.84,84390.71,1
2024-05-14,2024-05-14 12:36:00,1549.2,1549.4,1549.2,1549.4,0.01,53.84,84390.71,1
2024-05-14,2024-05-14 12:37:00,1549.4,1549.6,1549.4,1549.6,0.01,53.84,84390.71,1
2024-05-14,2024-05-14 12:38:00,1549.6,1549.8,1549.6,1549.8,0.01,53.84,84390.71,1
2024-05-14,2024-05-14 12:39:00,1549.8,1550.0,1549.8,1550.0,0.01,53.84,84390.71,1
2024-05-14,2024-05-14 12:40:00,1550.0,1550.2,1550.0,1550.2,0.01,53.84,84390.71,1
2024-05-14,2024-05-14 12:41:00,1550.2,1550.4,1550.2,1550.4,0.01,53.84,84390.71,1
2024-05-14,2024-05-14 12:42:00,1550.4,1550.6,1550.4,1550.6,0.01,53.84,84390.71,1
2024-05-14,2024-05-14 12:43:00,1550.6,1550.8,1550.6,1550.8,0.01,53.84,84390.71,1
2024-05-14,2024-05-14 12:44:00,1550.8,1551.0,1550.8,1551.0,0.01,53.84,84390.71,1
2024-05-14,2024-05-14 12:45:00,1551.0,1551.2,1551.0,1551.2,0.01,53.84,84390.71,1
2024-05-14,2024-05-14 12:46:00,1551.2,1551.4,1551.2,1551.4,0.01,53.84,84390.71,1
2024-05-14,2024-05-14 12:47:00,1551.4,1551.6,1551.4,1551.6,0.01,53.84,84390.71,1
2024-05-14,2024-05-14 12:48:00,1551.6,1551.8,1551.6,1551.8,0.01,53.84,84390.71,1
2024-05-14,2024-05-14 12:49:00,1551.8,1552.0,1551.8,1552.0,0.01,53.84,84390.71,1
2024-05-14,2024-05-14 12:50:00,1552.0,1552.2,1552.0,1552.2,0.01,53.84,84390.71,1
2024-05-14,2024-05-14 12:51:00,1552.2,1552.4,1552.2,1552.4,0.01,53.84,84390.71,1
2024-05-14,2024-05-14 12:52:00,1552.4,1552.6,1552.4,1552.6,0.01,53.84,84390.71,1
2024-05-14,2024-05-14 12:53:00,1552.6,1552.8,1552.6,1552.8,0.01,53.84,84390.71,1
2024-05-14,2024-05-14 12:54:00,1552.8,1553.0,1552.8,1553.0,0.01,53.84,84390.71,1
2024-05-14,2024-05-14 12:55:00,1553.0,1553.2,1553.0,1553.2,0.01,53.84,84390.71,1
2024-05-14,2024-05-14 12:56:00,1553.2,1553.4,1553.2,1553.4,0.01,53.84,84390.71,1
2024-05-14,2024-05-14 12:57:00,1553.4,1553.6,1553.4,1553.6,0.01,53.84,84390.71,1
2024-05-14,2024-05-14 12:58:00,1553.6,1553.8,1553.6,1553.8,0.01,53.84,84390.71,1
2024-05-14,2024-05-14 12:59:00,1553.8,1554.0,1553.8,1554.0,0.01,53.84,84390.71,1
2024-05-14,2024-05-14 13:00:00,1554.0,1588.9,1515.0,1554.2,0.01,53.84,84390.71,1
2024-05-14,2024-05-14 13:01:00,1554.2,1554.4,1554.2,1554.4,0.01,53.84,84390.71,1
2024-05-14,2024-05-14 13:02:00,1554.4,1554.6,1554.4,1554.6,0.01,53.84,84390.71,1
2024-05-14,2024-05-14 13:03:00,1554.6,1554.8,1554.6,1554.8,0.01,53.84,84390.71,1
2024-05-14,2024-05-14 13:04:00,1554.8,1555.0,1554.8,1555.0,0.01,53.84,84390.71,1
2024-05-14,2024-05-14 13:05:00,1555.0,1555.2,1555.0,1555.2,0.01,53.84,84390.71,1
2024-05-14,2024-05-14 13:06:00,1555.2,1555.4,1555.2,1555.4,0.01,53.84,84390.71,1
2024-05-14,2024-05-14 13:07:00,1555.4,1555.6,1555.4,1555.6,0.01,53.84,84390.71,1
2024-05-14,2024-05-14 13:08:00,1555.6,1555.8,1555.6,1555.8,0.01,53.84,84390.71,1
2024-05-14,2024-05-14 13:09:00,1555.8,1556.0,1555.8,1556.0,0.01,53.84,84390.71,1
2024-05-14,2024-05-14 13:10:00,1556.0,1556.2,1556.0,1556.2,0.01,53.84,84390.71,1
2024-05-14,2024-05-14 13:11:00,1556.2,1556.4,1556.2,1556.4,0.01,53.84,84390.71,1
2024-05-14,2024-05-14 13:12:00,1556.4,1556.6,1556.4,1556.6,0.01,53.84,84390.71,1
2024-05-14,2024-05-14 13:13:00,1556.6,1556.8,1556.6,1556.8,0.01,53.84,84390.71,1
2024-05-14,2024-05-14 13:14:00,1556.8,1557.0,1556.8,1557.0,0.01,53.84,84390.71,1
2024-05-14,2024-05-14 13:15:00,1557.0,1557.2,1557.0,1557.2,0.01,53.84,84390.71,1
2024-05-14,2024-05-14 13:16:00,1557.2,1557.4,1557.2,1557.4,0.01,53.84,84390.71,1
2024-05-14,2024-05-14 13:17:00,1557.4,1557.6,1557.4,1557.6,0.01,53.84,84390.71,1
2024-05-14,2024-05-14 13:18:00,1557.6,1557.8,1557.6,1557.8,0.01,53.84,84390.71,1
2024-05-14,2024-05-14 13:19:00,1557.8,1558.0,1557.8,1558.0,0.01,53.84,84390.71,1
2024-05-14,2024-05-14 13:20:00,1558.0,1558.2,1558.0,1558.2,0.01,53.84,84390.71,1
2024-05-14,2024-05-14 13:21:00,1558.2,1558.4,1558.2,1558.4,0.01,53.84,84390.71,1
2024-05-14,2024-05-14 13:22:00,1558.4,1558.6,1558.4,1558.6,0.01,53.84,84390.71,1
2024-05-14,2024-05-14 13:23:00,1558.6,1558.8,1558.6,1558.8,0.01,53.84,84390.71,1
2024-05-14,2024-05-14 13:24:00,1558.8,1559.0,1558.8,1559.0,0.01,53.84,84390.71,1
2024-05-14,2024-05-14 13:25:00,1559.0,1559.2,1559.0,1559.2,0.01,53.84,84390.71,1
2024-05-14,2024-05-14 13:26:00,1559.2,1559.4,1559.2,1559.4,0.01,53.84,84390.71,1
2024-05-14,2024-05-14 13:27:00,1559.4,1559.6,1559.4,1559.6,0.01,53.84,84390.71,1
2024-05-14,2024-05-14 13:28:00,1559.6,1559.8,1559.6,1559.8,0.01,53.84,84390.71,1
2024-05-14,2024-05-14 13:29:00,1559.8,1560.0,1559.8,1560.0,0.01,53.84,84390.71,1
2024-05-14,2024-05-14 13:30:00,1560.0,1560.2,1560.0,1560.2,0.01,53.84,84390.71,1
2024-05-14,2024-05-14 13:31:00,1560.2,1560.4,1560.2,1560.4,0.01,53.84,84390.71,1
2024-05-14,2024-05-14 13:32:00,1560.4,1560.6,1560.4,1560.6,0.01,53.84,84390.71,1
2024-05-14,2024-05-14 13:33:00,1560.6,1560.8,1560.6,1560.8,0.01,53.84,84390.71,1
2024-05-14,2024-05-14 13:34:00,1560.8,1561.0,1560.8,1561.0,0.01,53.84,84390.71,1
2024-05-14,2024-05-14 13:35:00,1561.0,1561.2,1561.0,1561.2,0.01,53.84,84390.71,1
2024-05-14,2024-05-14 13:36:00,1561.2,1561.4,1561.2,1561.4,0.01,53.84,84390.71,1
2024-05-14,2024-05-14 13:37:00,1561.4,1561.6,1561.4,1561.6,0.01,53.84,84390.71,1
2024-05-14,2024-05-14 13:38:00,1561.6,1561.8,1561.6,1561.8,0.01,53.84,84390.71,1
2024-05-14,2024-05-14 13:39:00,1561.8,1562.0,1561.8,1562.0,0.01,53.84,84390.71,1
2024-05-14,2024-05-14 13:40:00,1562.0,1562.2,1562.0,1562.2,0.01,53.84,84390.71,1
2024-05-14,2024-05-14 13:41:00,1562.2,1562.4,1562.2,1562.4,0.01,53.84,84390.71,1
2024-05-14,2024-05-14 13:42:00,1562.4,1562.6,1562.4,1562.6,0.01,53.84,84390.71,1
2024-05-14,2024-05-14 13:43:00,1562.6,1562.8,1562.6,1562.8,0.01,53.84,84390.71,1
2024-05-14,2024-05-14 13:44:00,1562.8,1563.0,1562.8,1563.0,0.01,53.84,84390.71,1
2024-05-14,2024-05-14 13:45:00,1563.0,1563.2,1563.0,1563.2,0.01,53.84,84390.71,1
2024-05-14,2024-05-14 13:46:00,1563.2,1563.4,1563.2,1563.4,0.01,53.84,84390.71,1
2024-05-14,2024-05-14 13:47:00,1563.4,1563.6,1563.4,1563.6,0.01,53.84,84390.71,1
2024-05-14,2024-05-14 13:48:00,1563.6,1563.8,1563.6,1563.8,0.01,53.84,84390.71,1
2024-05-14,2024-05-14 13:49:00,1563.8,1564.0,1563.8,1564.0,0.01,53.84,84390.71,1
2024-05-14,2024-05-14 13:50:00,1564.0,1564.2,1564.0,1564.2,0.01,53.84,84390.71,1
2024-05-14,2024-05-14 13:51:00,1564.2,1564.4,1564.2,1564.4,0.01,53.84,84390.71,1
2024-05-14,2024-05-14 13:52:00,1564.4,1564.6,1564.4,1564.6,0.01,53.84,84390.71,1
2024-05-14,2024-05-14 13:53:00,1564.6,1564.8,1564.6,1564.8,0.01,53.84,84390.71,1
2024-05-14,2024-05-14 13:54:00,1564.8,1565.0,1564.8,1565.0,0.01,53.84,84390.71,1
2024-05-14,2024-05-14 13:55:00,1565.0,1565.2,1565.0,1565.2,0.01,53.84,84390.71,1
2024-05-14,2024-05-14 13:56:00,1565.2,1565.4,1565.2,1565.4,0.01,53.84,84390.71,1
2024-05-14,2024-05-14 13:57:00,1565.4,1565.6,1565.4,1565.6,0.01,53.84,84390.71,1
2024-05-14,2024-05-14 13:58:00,1565.6,1565.8,1565.6,1565.8,0.01,53.84,84390.71,1
2024-05-14,2024-05-14 13:59:00,1565.8,1566.0,1565.8,1566.0,0.01,53.84,84390.71,1
2024-05-14,2024-05-14 14:00:00,1566.0,1566.2,1566.0,1566.2,0.01,53.84,84390.71,1
2024-05-14,2024-05-14 14:01:00,1566.2,1566.4,1566.2,1566.4,0.01,53.84,84390.71,1
2024-05-14,2024-05-14 14:02:00,1566.4,1566.6,1566.4,1566.6,0.01,53.84,84390.71,1
2024-05-14,2024-05-14 14:03:00,1566.6,1566.8,1566.6,1566.8,0.01,53.84,84390.71,1
2024-05-14,2024-05-14 14:04:00,1566.8,1567.0,1566.8,1567.0,0.01,53.84,84390.71,1
2024-05-14,2024-05-14 14:05:00,1567.0,1567.2,1567.0,1567.2,0.01,53.84,84390.71,1
2024-05-14,2024-05-14 14:06:00,1567.2,1567.4,1567.2,1567.4,0.01,53.84,84390.71,1
2024-05-14,2024-05-14 14:07:00,1567.4,1567.6,1567.4,1567.6,0.01,53.84,84390.71,1
2024-05-14,2024-05-14 14:08:00,1567.6,1567.8,1567.6,1567.8,0.01,53.84,84390.71,1
2024-05-14,2024-05-14 14:09:00,1567.8,1568.0,1567.8,1568.0,0.01,53.84,84390.71,1
2024-05-14,2024-05-14 14:10:00,1568.0,1568.2,1568.0,1568.2,0.01,53.84,84390.71,1
2024-05-14,2024-05-14 14:11:00,1568.2,1568.4,1568.2,1568.4,0.01,53.84,84390.71,1
2024-05-14,2024-05-14 14:12:00,1568.4,1568.6,1568.4,1568.6,0.01,53.84,84390.71,1
2024-05-14,2024-05-14 14:13:00,1568.6,1568.8,1568.6,1568.8,0.01,53.84,84390.71,1
2024-05-14,2024-05-14 14:14:00,1568.8,1569.0,1568.8,1569.0,0.01,53.84,84390.71,1
2024-05-14,2024-05-14 14:15:00,1569.0,1569.2,1569.0,1569.2,0.01,53.84,84390.71,1
2024-05-14,2024-05-14 14:16:00,1569.2,1569.4,1569.2,1569.4,0.01,53.84,84390.71,1
2024-05-14,2024-05-14 14:17:00,1569.4,1569.6,1569.4,1569.6,0.01,53.84,84390.71,1
2024-05-14,2024-05-14 14:18:00,1569.6,1569.8,1569.6,1569.8,0.01,53.84,84390.71,1
2024-05-14,2024-05-14 14:19:00,1569.8,1570.0,1569.8,1570.0,0.01,53.84,84390.71,1
2024-05-14,2024-05-14 14:20:00,1570.0,1570.2,1570.0,1570.2,0.01,53.84,84390.71,1
2024-05-14,2024-05-14 14:21:00,1570.2,1570.4,1570.2,1570.4,0.01,53.84,84390.71,1
2024-05-14,2024-05-14 14:22:00,1570.4,1570.6,1570.4,1570.6,0.01,53.84,84390.71,1
2024-05-14,2024-05-14 14:23:00,1570.6,1570.8,1570.6,1570.8,0.01,53.84,84390.71,1
2024-05-14,2024-05-14 14:24:00,1570.8,1571.0,1570.8,1571.0,0.01,53.84,84390.71,1
2024-05-14,2024-05-14 14:25:00,1571.0,1571.2,1571.0,1571.2,0.01,53.84,84390.71,1
2024-05-14,2024-05-14 14:26:00,1571.2,1571.4,1571.2,1571.4,0.01,53.84,84390.71,1
2024-05-14,2024-05-14 14:27:00,1571.4,1571.6,1571.4,1571.6,0.01,53.84,84390.71,1
2024-05-14,2024-05-14 14:28:00,1571.6,1571.8,1571.6,1571.8,0.01,53.84,84390.71,1
2024-05-14,2024-05-14 14:29:00,1571.8,1572.0,1571.8,1572.0,0.01,53.84,84390.71,1
2024-05-14,2024-05-14 14:30:00,1572.0,1572.2,1572.0,1572.2,0.01,53.84,84390.71,1
2024-05-14,2024-05-14 14:31:00,1572.2,1572.4,1572.2,1572.4,0.01,53.84,84390.71,1
2024-05-14,2024-05-14 14:32:00,1572.4,1572.6,1572.4,1572.6,0.01,53.84,84390.71,1
2024-05-14,2024-05-14 14:33:00,1572.6,1572.8,1572.6,1572.8,0.01,53.84,84390.71,1
2024-05-14,2024-05-14 14:34:00,1572.8,1573.0,1572.8,1573.0,0.01,53.84,84390.71,1
2024-05-14,2024-05-14 14:35:00,1573.0,1573.2,1573.0,1573.2,0.01,53.84,84390.71,1
2024-05-14,2024-05-14 14:36:00,1573.2,1573.4,1573.2,1573.4,0.01,53.84,84390.71,1
2024-05-14,2024-05-14 14:37:00,1573.4,1573.6,1573.4,1573.6,0.01,53.84,84390.71,1
2024-05-14,2024-05-14 14:38:00,1573.6,1573.8,1573.6,1573.8,0.01,53.84,84390.71,1
2024-05-14,2024-05-14 14:39:00,1573.8,1574.0,1573.8,1574.0,0.01,53.84,84390.71,1
2024-05-14,2024-05-14 14:40:00,1574.0,1574.2,1574.0,1574.2,0.01,53.84,84390.71,1
2024-05-14,2024-05-14 14:41:00,1574.2,1574.4,1574.2,1574.4,0.01,53.84,84390.71,1
2024-05-14,2024-05-14 14:42:00,1574.4,1574.6,1574.4,1574.6,0.01,53.84,84390.71,1
2024-05-14,2024-05-14 14:43:00,1574.6,1574.8,1574.6,1574.8,0.01,53.84,84390.71,1
2024-05-14,2024-05-14 14:44:00,1574.8,1575.0,1574.8,1575.0,0.01,53.84,84390.71,1
2024-05-14,2024-05-14 14:45:00,1575.0,1575.2,1575.0,1575.2,0.01,53.84,84390.71,1
2024-05-14,2024-05-14 14:46:00,1575.2,1575.4,1575.2,1575.4,0.01,53.84,84390.71,1
2024-05-14,2024-05-14 14:47:00,1575.4,1575.6,1575.4,1575.6,0.01,53.84,84390.71,1
2024-05-14,2024-05-14 14:48:00,1575.6,1575.8,1575.6,1575.8,0.01,53.84,84390.71,1
2024-05-14,2024-05-14 14:49:00,1575.8,1576.0,1575.8,1576.0,0.01,53.84,84390.71,1
2024-05-14,2024-05-14 14:50:00,1576.0,1576.2,1576.0,1576.2,0.01,53.84,84390.71,1
2024-05-14,2024-05-14 14:51:00,1576.2,1576.4,1576.2,1576.4,0.01,53.84,84390.71,1
2024-05-14,2024-05-14 14:52:00,1576.4,1576.6,1576.4,1576.6,0.01,53.84,84390.71,1
2024-05-14,2024-05-14 14:53:00,1576.6,1576.8,1576.6,1576.8,0.01,53.84,84390.71,1
2024-05-14,2024-05-14 14:54:00,1576.8,1577.0,1576.8,1577.0,0.01,53.84,84390.71,1
2024-05-14,2024-05-14 14:55:00,1577.0,1577.2,1577.0,1577.2,0.01,53.84,84390.71,1
2024-05-14,2024-05-14 14:56:00,1577.2,1577.4,1577.2,1577.4,0.01,53.84,84390.71,1
2024-05-14,2024-05-14 14:57:00,1577.4,1577.6,1577.4,1577.6,0.01,53.84,84390.71,1
2024-05-14,2024-05-14 14:58:00,1577.6,1577.8,1577.6,1577.8,0.01,53.84,84390.71,1
2024-05-14,2024-05-14 14:59:00,1577.8,1578.0,1577.8,1578.0,0.01,53.84,84390.71,1
2024-05-14,2024-05-14 15:00:00,1578.0,1588.9,1515.0,1578.0,0.0,53.84,84390.71,0
2024-05-15,2024-05-15 11:00:00,1546.5,1562.55,1537.65,1546.41,-0.01,37.63,57899.39,-1
2024-05-15,2024-05-15 11:01:00,1546.41,1546.41,1546.32,1546.32,-0.01,37.63,57899.39,-1
2024-05-15,2024-05-15 11:02:00,1546.32,1546.32,1546.23,1546.23,-0.01,37.63,57899.39,-1
2024-05-15,2024-05-15 11:03:00,1546.23,1546.23,1546.14,1546.14,-0.01,37.63,57899.39,-1
2024-05-15,2024-05-15 11:04:00,1546.14,1546.14,1546.05,1546.05,-0.01,37.63,57899.39,-1
2024-05-15,2024-05-15 11:05:00,1546.05,1546.05,1545.96,1545.96,-0.01,37.63,57899.39,-1
2024-05-15,2024-05-15 11:06:00,1545.96,1545.96,1545.87,1545.87,-0.01,37.63,57899.39,-1
2024-05-15,2024-05-15 11:07:00,1545.87,1545.87,1545.78,1545.78,-0.01,37.63,57899.39,-1
2024-05-15,2024-05-15 11:08:00,1545.78,1545.78,1545.69,1545.69,-0.01,37.63,57899.39,-1
2024-05-15,2024-05-15 11:09:00,1545.69,1545.69,1545.6,1545.6,-0.01,37.63,57899.39,-1
2024-05-15,2024-05-15 11:10:00,1545.6,1545.6,1545.51,1545.51,-0.01,37.63,57899.39,-1
2024-05-15,2024-05-15 11:11:00,1545.51,1545.51,1545.42,1545.42,-0.01,37.63,57899.39,-1
2024-05-15,2024-05-15 11:12:00,1545.42,1545.42,1545.34,1545.34,-0.01,37.63,57899.39,-1
2024-05-15,2024-05-15 11:13:00,1545.34,1545.34,1545.25,1545.25,-0.01,37.63,57899.39,-1
2024-05-15,2024-05-15 11:14:00,1545.25,1545.25,1545.16,1545.16,-0.01,37.63,57899.39,-1
2024-05-15,2024-05-15 11:15:00,1545.16,1545.16,1545.07,1545.07,-0.01,37.63,57899.39,-1
2024-05-15,2024-05-15 11:16:00,1545.07,1545.07,1544.98,1544.98,-0.01,37.63,57899.39,-1
2024-05-15,2024-05-15 11:17:00,1544.98,1544.98,1544.89,1544.89,-0.01,37.63,57899.39,-1
2024-05-15,2024-05-15 11:18:00,1544.89,1544.89,1544.8,1544.8,-0.01,37.63,57899.39,-1
2024-05-15,2024-05-15 11:19:00,1544.8,1544.8,1544.71,1544.71,-0.01,37.63,57899.39,-1
2024-05-15,2024-05-15 11:20:00,1544.71,1544.71,1544.62,1544.62,-0.01,37.63,57899.39,-1
2024-05-15,2024-05-15 11:21:00,1544.62,1544.62,1544.53,1544.53,-0.01,37.63,57899.39,-1
2024-05-15,2024-05-15 11:22:00,1544.53,1544.53,1544.44,1544.44,-0.01,37.63,57899.39,-1
2024-05-15,2024-05-15 11:23:00,1544.44,1544.44,1544.35,1544.35,-0.01,37.63,57899.39,-1
2024-05-15,2024-05-15 11:24:00,1544.35,1544.35,1544.26,1544.26,-0.01,37.63,57899.39,-1
2024-05-15,2024-05-15 11:25:00,1544.26,1544.26,1544.17,1544.17,-0.01,37.63,57899.39,-1
2024-05-15,2024-05-15 11:26:00,1544.17,1544.17,1544.08,1544.08,-0.01,37.63,57899.39,-1
2024-05-15,2024-05-15 11:27:00,1544.08,1544.08,1543.99,1543.99,-0.01,37.63,57899.39,-1
2024-05-15,2024-05-15 11:28:00,1543.99,1543.99,1543.9,1543.9,-0.01,37.63,57899.39,-1
2024-05-15,2024-05-15 11:29:00,1543.9,1543.9,1543.81,1543.81,-0.01,37.63,57899.39,-1
2024-05-15,2024-05-15 11:30:00,1543.81,1543.81,1543.72,1543.72,-0.01,37.63,57899.39,-1
2024-05-15,2024-05-15 11:31:00,1543.72,1543.72,1543.63,1543.63,-0.01,37.63,57899.39,-1
2024-05-15,2024-05-15 11:32:00,1543.63,1543.63,1543.54,1543.54,-0.01,37.63,57899.39,-1
2024-05-15,2024-05-15 11:33:00,1543.54,1543.54,1543.45,1543.45,-0.01,37.63,57899.39,-1
2024-05-15,2024-05-15 11:34:00,1543.45,1543.45,1543.36,1543.36,-0.01,37.63,57899.39,-1
2024-05-15,2024-05-15 11:35:00,1543.36,1543.36,1543.28,1543.28,-0.01,37.63,57899.39,-1
2024-05-15,2024-05-15 11:36:00,1543.28,1543.28,1543.19,1543.19,-0.01,37.63,57899.39,-1
2024-05-15,2024-05-15 11:37:00,1543.19,1543.19,1543.1,1543.1,-0.01,37.63,57899.39,-1
2024-05-15,2024-05-15 11:38:00,1543.1,1543.1,1543.01,1543.01,-0.01,37.63,57899.39,-1
2024-05-15,2024-05-15 11:39:00,1543.01,1543.01,1542.92,1542.92,-0.01,37.63,57899.39,-1
2024-05-15,2024-05-15 11:40:00,1542.92,1542.92,1542.83,1542.83,-0.01,37.63,57899.39,-1
2024-05-15,2024-05-15 11:41:00,1542.83,1542.83,1542.74,1542.74,-0.01,37.63,57899.39,-1
2024-05-15,2024-05-15 11:42:00,1542.74,1542.74,1542.65,1542.65,-0.01,37.63,57899.39,-1
2024-05-15,2024-05-15 11:43:00,1542.65,1542.65,1542.56,1542.56,-0.01,37.63,57899.39,-1
2024-05-15,2024-05-15 11:44:00,1542.56,1542.56,1542.47,1542.47,-0.01,37.63,57899.39,-1
2024-05-15,2024-05-15 11:45:00,1542.47,1542.47,1542.38,1542.38,-0.01,37.63,57899.39,-1
2024-05-15,2024-05-15 11:46:00,1542.38,1542.38,1542.29,1542.29,-0.01,37.63,57899.39,-1
2024-05-15,2024-05-15 11:47:00,1542.29,1542.29,1542.2,1542.2,-0.01,37.63,57899.39,-1
2024-05-15,2024-05-15 11:48:00,1542.2,1542.2,1542.11,1542.11,-0.01,37.63,57899.39,-1
2024-05-15,2024-05-15 11:49:00,1542.11,1542.11,1542.02,1542.02,-0.01,37.63,57899.39,-1
2024-05-15,2024-05-15 11:50:00,1542.02,1542.02,1541.93,1541.93,-0.01,37.63,57899.39,-1
2024-05-15,2024-05-15 11:51:00,1541.93,1541.93,1541.84,1541.84,-0.01,37.63,57899.39,-1
2024-05-15,2024-05-15 11:52:00,1541.84,1541.84,1541.75,1541.75,-0.01,37.63,57899.39,-1
2024-05-15,2024-05-15 11:53:00,1541.75,1541.75,1541.66,1541.66,-0.01,37.63,57899.39,-1
2024-05-15,2024-05-15 11:54:00,1541.66,1541.66,1541.57,1541.57,-0.01,37.63,57899.39,-1
2024-05-15,2024-05-15 11:55:00,1541.57,1541.57,1541.48,1541.48,-0.01,37.63,57899.39,-1
2024-05-15,2024-05-15 11:56:00,1541.48,1541.48,1541.39,1541.39,-0.01,37.63,57899.39,-1
2024-05-15,2024-05-15 11:57:00,1541.39,1541.39,1541.3,1541.3,-0.01,37.63,57899.39,-1
2024-05-15,2024-05-15 11:58:00,1541.3,1541.3,1541.21,1541.21,-0.01,37.63,57899.39,-1
2024-05-15,2024-05-15 11:59:00,1541.21,1541.21,1541.12,1541.12,-0.01,37.63,57899.39,-1
2024-05-15,2024-05-15 12:00:00,1541.12,1541.12,1541.04,1541.04,-0.01,37.63,57899.39,-1
2024-05-15,2024-05-15 12:01:00,1541.04,1541.04,1540.95,1540.95,-0.01,37.63,57899.39,-1
2024-05-15,2024-05-15 12:02:00,1540.95,1540.95,1540.86,1540.86,-0.01,37.63,57899.39,-1
2024-05-15,2024-05-15 12:03:00,1540.86,1540.86,1540.77,1540.77,-0.01,37.63,57899.39,-1
2024-05-15,2024-05-15 12:04:00,1540.77,1540.77,1540.68,1540.68,-0.01,37.63,57899.39,-1
2024-05-15,2024-05-15 12:05:00,1540.68,1540.68,1540.59,1540.59,-0.01,37.63,57899.39,-1
2024-05-15,2024-05-15 12:06:00,1540.59,1540.59,1540.5,1540.5,-0.01,37.63,57899.39,-1
2024-05-15,2024-05-15 12:07:00,1540.5,1540.5,1540.41,1540.41,-0.01,37.63,57899.39,-1
2024-05-15,2024-05-15 12:08:00,1540.41,1540.41,1540.32,1540.32,-0.01,37.63,57899.39,-1
2024-05-15,2024-05-15 12:09:00,1540.32,1540.32,1540.23,1540.23,-0.01,37.63,57899.39,-1
2024-05-15,2024-05-15 12:10:00,1540.23,1540.23,1540.14,1540.14,-0.01,37.63,57899.39,-1
2024-05-15,2024-05-15 12:11:00,1540.14,1540.14,1540.05,1540.05,-0.01,37.63,57899.39,-1
2024-05-15,2024-05-15 12:12:00,1540.05,1540.05,1539.96,1539.96,-0.01,37.63,57899.39,-1
2024-05-15,2024-05-15 12:13:00,1539.96,1539.96,1539.87,1539.87,-0.01,37.63,57899.39,-1
2024-05-15,2024-05-15 12:14:00,1539.87,1539.87,1539.78,1539.78,-0.01,37.63,57899.39,-1
2024-05-15,2024-05-15 12:15:00,1539.78,1539.78,1539.69,1539.69,-0.01,37.63,57899.39,-1
2024-05-15,2024-05-15 12:16:00,1539.69,1539.69,1539.6,1539.6,-0.01,37.63,57899.39,-1
2024-05-15,2024-05-15 12:17:00,1539.6,1539.6,1539.51,1539.51,-0.01,37.63,57899.39,-1
2024-05-15,2024-05-15 12:18:00,1539.51,1539.51,1539.42,1539.42,-0.01,37.63,57899.39,-1
2024-05-15,2024-05-15 12:19:00,1539.42,1539.42,1539.33,1539.33,-0.01,37.63,57899.39,-1
2024-05-15,2024-05-15 12:20:00,1539.33,1539.33,1539.24,1539.24,-0.01,37.63,57899.39,-1
2024-05-15,2024-05-15 12:21:00,1539.24,1539.24,1539.15,1539.15,-0.01,37.63,57899.39,-1
2024-05-15,2024-05-15 12:22:00,1539.15,1539.15,1539.06,1539.06,-0.01,37.63,57899.39,-1
2024-05-15,2024-05-15 12:23:00,1539.06,1539.06,1538.97,1538.97,-0.01,37.63,57899.39,-1
2024-05-15,2024-05-15 12:24:00,1538.97,1538.97,1538.89,1538.89,-0.01,37.63,57899.39,-1
2024-05-15,2024-05-15 12:25:00,1538.89,1538.89,1538.8,1538.8,-0.01,37.63,57899.39,-1
2024-05-15,2024-05-15 12:26:00,1538.8,1538.8,1538.71,1538.71,-0.01,37.63,57899.39,-1
2024-05-15,2024-05-15 12:27:00,1538.71,1538.71,1538.62,1538.62,-0.01,37.63,57899.39,-1
2024-05-15,2024-05-15 12:28:00,1538.62,1538.62,1538.53,1538.53,-0.01,37.63,57899.39,-1
2024-05-15,2024-05-15 12:29:00,1538.53,1538.53,1538.44,1538.44,-0.01,37.63,57899.39,-1
2024-05-15,2024-05-15 12:30:00,1538.44,1538.44,1538.35,1538.35,-0.01,37.63,57899.39,-1
2024-05-15,2024-05-15 12:31:00,1538.35,1538.35,1538.26,1538.26,-0.01,37.63,57899.39,-1
2024-05-15,2024-05-15 12:32:00,1538.26,1538.26,1538.17,1538.17,-0.01,37.63,57899.39,-1
2024-05-15,2024-05-15 12:33:00,1538.17,1538.17,1538.08,1538.08,-0.01,37.63,57899.39,-1
2024-05-15,2024-05-15 12:34:00,1538.08,1538.08,1537.99,1537.99,-0.01,37.63,57899.39,-1
2024-05-15,2024-05-15 12:35:00,1537.99,1537.99,1537.9,1537.9,-0.01,37.63,57899.39,-1
2024-05-15,2024-05-15 12:36:00,1537.9,1537.9,1537.81,1537.81,-0.01,37.63,57899.39,-1
2024-05-15,2024-05-15 12:37:00,1537.81,1537.81,1537.72,1537.72,-0.01,37.63,57899.39,-1
2024-05-15,2024-05-15 12:38:00,1537.72,1537.72,1537.63,1537.63,-0.01,37.63,57899.39,-1
2024-05-15,2024-05-15 12:39:00,1537.63,1537.63,1537.54,1537.54,-0.01,37.63,57899.39,-1
2024-05-15,2024-05-15 12:40:00,1537.54,1537.54,1537.45,1537.45,-0.01,37.63,57899.39,-1
2024-05-15,2024-05-15 12:41:00,1537.45,1537.45,1537.36,1537.36,-0.01,37.63,57899.39,-1
2024-05-15,2024-05-15 12:42:00,1537.36,1537.36,1537.27,1537.27,-0.01,37.63,57899.39,-1
2024-05-15,2024-05-15 12:43:00,1537.27,1537.27,1537.18,1537.18,-0.01,37.63,57899.39,-1
2024-05-15,2024-05-15 12:44:00,1537.18,1537.18,1537.09,1537.09,-0.01,37.63,57899.39,-1
2024-05-15,2024-05-15 12:45:00,1537.09,1537.09,1537.0,1537.0,-0.01,37.63,57899.39,-1
2024-05-15,2024-05-15 12:46:00,1537.0,1537.0,1536.91,1536.91,-0.01,37.63,57899.39,-1
2024-05-15,2024-05-15 12:47:00,1536.91,1536.91,1536.83,1536.83,-0.01,37.63,57899.39,-1
2024-05-15,2024-05-15 12:48:00,1536.83,1536.83,1536.74,1536.74,-0.01,37.63,57899.39,-1
2024-05-15,2024-05-15 12:49:00,1536.74,1536.74,1536.65,1536.65,-0.01,37.63,57899.39,-1
2024-05-15,2024-05-15 12:50:00,1536.65,1536.65,1536.56,1536.56,-0.01,37.63,57899.39,-1
2024-05-15,2024-05-15 12:51:00,1536.56,1536.56,1536.47,1536.47,-0.01,37.63,57899.39,-1
2024-05-15,2024-05-15 12:52:00,1536.47,1536.47,1536.38,1536.38,-0.01,37.63,57899.39,-1
2024-05-15,2024-05-15 12:53:00,1536.38,1536.38,1536.29,1536.29,-0.01,37.63,57899.39,-1
2024-05-15,2024-05-15 12:54:00,1536.29,1536.29,1536.2,1536.2,-0.01,37.63,57899.39,-1
2024-05-15,2024-05-15 12:55:00,1536.2,1536.2,1536.11,1536.11,-0.01,37.63,57899.39,-1
2024-05-15,2024-05-15 12:56:00,1536.11,1536.11,1536.02,1536.02,-0.01,37.63,57899.39,-1
2024-05-15,2024-05-15 12:57:00,1536.02,1536.02,1535.93,1535.93,-0.01,37.63,57899.39,-1
2024-05-15,2024-05-15 12:58:00,1535.93,1535.93,1535.84,1535.84,-0.01,37.63,57899.39,-1
2024-05-15,2024-05-15 12:59:00,1535.84,1535.84,1535.75,1535.75,-0.01,37.63,57899.39,-1
2024-05-15,2024-05-15 13:00:00,1535.75,1600.0,1517.0,1535.66,-0.01,37.63,57899.39,-1
2024-05-15,2024-05-15 13:01:00,1535.66,1535.66,1535.57,1535.57,-0.01,37.63,57899.39,-1
2024-05-15,2024-05-15 13:02:00,1535.57,1535.57,1535.48,1535.48,-0.01,37.63,57899.39,-1
2024-05-15,2024-05-15 13:03:00,1535.48,1535.48,1535.39,1535.39,-0.01,37.63,57899.39,-1
2024-05-15,2024-05-15 13:04:00,1535.39,1535.39,1535.3,1535.3,-0.01,37.63,57899.39,-1
2024-05-15,2024-05-15 13:05:00,1535.3,1535.3,1535.21,1535.21,-0.01,37.63,57899.39,-1
2024-05-15,2024-05-15 13:06:00,1535.21,1535.21,1535.12,1535.12,-0.01,37.63,57899.39,-1
2024-05-15,2024-05-15 13:07:00,1535.12,1535.12,1535.03,1535.03,-0.01,37.63,57899.39,-1
2024-05-15,2024-05-15 13:08:00,1535.03,1535.03,1534.94,1534.94,-0.01,37.63,57899.39,-1
2024-05-15,2024-05-15 13:09:00,1534.94,1534.94,1534.85,1534.85,-0.01,37.63,57899.39,-1
2024-05-15,2024-05-15 13:10:00,1534.85,1534.85,1534.76,1534.76,-0.01,37.63,57899.39,-1
2024-05-15,2024-05-15 13:11:00,1534.76,1534.76,1534.67,1534.67,-0.01,37.63,57899.39,-1
2024-05-15,2024-05-15 13:12:00,1534.67,1534.67,1534.59,1534.59,-0.01,37.63,57899.39,-1
2024-05-15,2024-05-15 13:13:00,1534.59,1534.59,1534.5,1534.5,-0.01,37.63,57899.39,-1
2024-05-15,2024-05-15 13:14:00,1534.5,1534.5,1534.41,1534.41,-0.01,37.63,57899.39,-1
2024-05-15,2024-05-15 13:15:00,1534.41,1534.41,1534.32,1534.32,-0.01,37.63,57899.39,-1
2024-05-15,2024-05-15 13:16:00,1534.32,1534.32,1534.23,1534.23,-0.01,37.63,57899.39,-1
2024-05-15,2024-05-15 13:17:00,1534.23,1534.23,1534.14,1534.14,-0.01,37.63,57899.39,-1
2024-05-15,2024-05-15 13:18:00,1534.14,1534.14,1534.05,1534.05,-0.01,37.63,57899.39,-1
2024-05-15,2024-05-15 13:19:00,1534.05,1534.05,1533.96,1533.96,-0.01,37.63,57899.39,-1
2024-05-15,2024-05-15 13:20:00,1533.96,1533.96,1533.87,1533.87,-0.01,37.63,57899.39,-1
2024-05-15,2024-05-15 13:21:00,1533.87,1533.87,1533.78,1533.78,-0.01,37.63,57899.39,-1
2024-05-15,2024-05-15 13:22:00,1533.78,1533.78,1533.69,1533.69,-0.01,37.63,57899.39,-1
2024-05-15,2024-05-15 13:23:00,1533.69,1533.69,1533.6,1533.6,-0.01,37.63,57899.39,-1
2024-05-15,2024-05-15 13:24:00,1533.6,1533.6,1533.51,1533.51,-0.01,37.63,57899.39,-1
2024-05-15,2024-05-15 13:25:00,1533.51,1533.51,1533.42,1533.42,-0.01,37.63,57899.39,-1
2024-05-15,2024-05-15 13:26:00,1533.42,1533.42,1533.33,1533.33,-0.01,37.63,57899.39,-1
2024-05-15,2024-05-15 13:27:00,1533.33,1533.33,1533.24,1533.24,-0.01,37.63,57899.39,-1
2024-05-15,2024-05-15 13:28:00,1533.24,1533.24,1533.15,1533.15,-0.01,37.63,57899.39,-1
2024-05-15,2024-05-15 13:29:00,1533.15,1533.15,1533.06,1533.06,-0.01,37.63,57899.39,-1
2024-05-15,2024-05-15 13:30:00,1533.06,1533.06,1532.97,1532.97,-0.01,37.63,57899.39,-1
2024-05-15,2024-05-15 13:31:00,1532.97,1532.97,1532.88,1532.88,-0.01,37.63,57899.39,-1
2024-05-15,2024-05-15 13:32:00,1532.88,1532.88,1532.79,1532.79,-0.01,37.63,57899.39,-1
2024-05-15,2024-05-15 13:33:00,1532.79,1532.79,1532.7,1532.7,-0.01,37.63,57899.39,-1
2024-05-15,2024-05-15 13:34:00,1532.7,1532.7,1532.61,1532.61,-0.01,37.63,57899.39,-1
2024-05-15,2024-05-15 13:35:00,1532.61,1532.61,1532.53,1532.53,-0.01,37.63,57899.39,-1
2024-05-15,2024-05-15 13:36:00,1532.53,1532.53,1532.44,1532.44,-0.01,37.63,57899.39,-1
2024-05-15,2024-05-15 13:37:00,1532.44,1532.44,1532.35,1532.35,-0.01,37.63,57899.39,-1
2024-05-15,2024-05-15 13:38:00,1532.35,1532.35,1532.26,1532.26,-0.01,37.63,57899.39,-1
2024-05-15,2024-05-15 13:39:00,1532.26,1532.26,1532.17,1532.17,-0.01,37.63,57899.39,-1
2024-05-15,2024-05-15 13:40:00,1532.17,1532.17,1532.08,1532.08,-0.01,37.63,57899.39,-1
2024-05-15,2024-05-15 13:41:00,1532.08,1532.08,1531.99,1531.99,-0.01,37.63,57899.39,-1
2024-05-15,2024-05-15 13:42:00,1531.99,1531.99,1531.9,1531.9,-0.01,37.63,57899.39,-1
2024-05-15,2024-05-15 13:43:00,1531.9,1531.9,1531.81,1531.81,-0.01,37.63,57899.39,-1
2024-05-15,2024-05-15 13:44:00,1531.81,1531.81,1531.72,1531.72,-0.01,37.63,57899.39,-1
2024-05-15,2024-05-15 13:45:00,1531.72,1531.72,1531.63,1531.63,-0.01,37.63,57899.39,-1
2024-05-15,2024-05-15 13:46:00,1531.63,1531.63,1531.54,1531.54,-0.01,37.63,57899.39,-1
2024-05-15,2024-05-15 13:47:00,1531.54,1531.54,1531.45,1531.45,-0.01,37.63,57899.39,-1
2024-05-15,2024-05-15 13:48:00,1531.45,1531.45,1531.36,1531.36,-0.01,37.63,57899.39,-1
2024-05-15,2024-05-15 13:49:00,1531.36,1531.36,1531.27,1531.27,-0.01,37.63,57899.39,-1
2024-05-15,2024-05-15 13:50:00,1531.27,1531.27,1531.18,1531.18,-0.01,37.63,57899.39,-1
2024-05-15,2024-05-15 13:51:00,1531.18,1531.18,1531.09,1531.09,-0.01,37.63,57899.39,-1
2024-05-15,2024-05-15 13:52:00,1531.09,1531.09,1531.0,1531.0,-0.01,37.63,57899.39,-1
2024-05-15,2024-05-15 13:53:00,1531.0,1531.0,1530.91,1530.91,-0.01,37.63,57899.39,-1
2024-05-15,2024-05-15 13:54:00,1530.91,1530.91,1530.82,1530.82,-0.01,37.63,57899.39,-1
2024-05-15,2024-05-15 13:55:00,1530.82,1530.82,1530.73,1530.73,-0.01,37.63,57899.39,-1
2024-05-15,2024-05-15 13:56:00,1530.73,1530.73,1530.64,1530.64,-0.01,37.63,57899.39,-1
2024-05-15,2024-05-15 13:57:00,1530.64,1530.64,1530.55,1530.55,-0.01,37.63,57899.39,-1
2024-05-15,2024-05-15 13:58:00,1530.55,1530.55,1530.46,1530.46,-0.01,37.63,57899.39,-1
2024-05-15,2024-05-15 13:59:00,1530.46,1530.46,1530.38,1530.38,-0.01,37.63,57899.39,-1
2024-05-15,2024-05-15 14:00:00,1530.38,1530.38,1530.29,1530.29,-0.01,37.63,57899.39,-1
2024-05-15,2024-05-15 14:01:00,1530.29,1530.29,1530.2,1530.2,-0.01,37.63,57899.39,-1
2024-05-15,2024-05-15 14:02:00,1530.2,1530.2,1530.11,1530.11,-0.01,37.63,57899.39,-1
2024-05-15,2024-05-15 14:03:00,1530.11,1530.11,1530.02,1530.02,-0.01,37.63,57899.39,-1
2024-05-15,2024-05-15 14:04:00,1530.02,1530.02,1529.93,1529.93,-0.01,37.63,57899.39,-1
2024-05-15,2024-05-15 14:05:00,1529.93,1529.93,1529.84,1529.84,-0.01,37.63,57899.39,-1
2024-05-15,2024-05-15 14:06:00,1529.84,1529.84,1529.75,1529.75,-0.01,37.63,57899.39,-1
2024-05-15,2024-05-15 14:07:00,1529.75,1529.75,1529.66,1529.66,-0.01,37.63,57899.39,-1
2024-05-15,2024-05-15 14:08:00,1529.66,1529.66,1529.57,1529.57,-0.01,37.63,57899.39,-1
2024-05-15,2024-05-15 14:09:00,1529.57,1529.57,1529.48,1529.48,-0.01,37.63,57899.39,-1
2024-05-15,2024-05-15 14:10:00,1529.48,1529.48,1529.39,1529.39,-0.01,37.63,57899.39,-1
2024-05-15,2024-05-15 14:11:00,1529.39,1529.39,1529.3,1529.3,-0.01,37.63,57899.39,-1
2024-05-15,2024-05-15 14:12:00,1529.3,1529.3,1529.21,1529.21,-0.01,37.63,57899.39,-1
2024-05-15,2024-05-15 14:13:00,1529.21,1529.21,1529.12,1529.12,-0.01,37.63,57899.39,-1
2024-05-15,2024-05-15 14:14:00,1529.12,1529.12,1529.03,1529.03,-0.01,37.63,57899.39,-1
2024-05-15,2024-05-15 14:15:00,1529.03,1529.03,1528.94,1528.94,-0.01,37.63,57899.39,-1
2024-05-15,2024-05-15 14:16:00,1528.94,1528.94,1528.85,1528.85,-0.01,37.63,57899.39,-1
2024-05-15,2024-05-15 14:17:00,1528.85,1528.85,1528.76,1528.76,-0.01,37.63,57899.39,-1
2024-05-15,2024-05-15 14:18:00,1528.76,1528.76,1528.67,1528.67,-0.01,37.63,57899.39,-1
2024-05-15,2024-05-15 14:19:00,1528.67,1528.67,1528.58,1528.58,-0.01,37.63,57899.39,-1
2024-05-15,2024-05-15 14:20:00,1528.58,1528.58,1528.49,1528.49,-0.01,37.63,57899.39,-1
2024-05-15,2024-05-15 14:21:00,1528.49,1528.49,1528.4,1528.4,-0.01,37.63,57899.39,-1
2024-05-15,2024-05-15 14:22:00,1528.4,1528.4,1528.31,1528.31,-0.01,37.63,57899.39,-1
2024-05-15,2024-05-15 14:23:00,1528.31,1528.31,1528.22,1528.22,-0.01,37.63,57899.39,-1
2024-05-15,2024-05-15 14:24:00,1528.22,1528.22,1528.14,1528.14,-0.01,37.63,57899.39,-1
2024-05-15,2024-05-15 14:25:00,1528.14,1528.14,1528.05,1528.05,-0.01,37.63,57899.39,-1
2024-05-15,2024-05-15 14:26:00,1528.05,1528.05,1527.96,1527.96,-0.01,37.63,57899.39,-1
2024-05-15,2024-05-15 14:27:00,1527.96,1527.96,1527.87,1527.87,-0.01,37.63,57899.39,-1
2024-05-15,2024-05-15 14:28:00,1527.87,1527.87,1527.78,1527.78,-0.01,37.63,57899.39,-1
2024-05-15,2024-05-15 14:29:00,1527.78,1527.78,1527.69,1527.69,-0.01,37.63,57899.39,-1
2024-05-15,2024-05-15 14:30:00,1527.69,1527.69,1527.6,1527.6,-0.01,37.63,57899.39,-1
2024-05-15,2024-05-15 14:31:00,1527.6,1527.6,1527.51,1527.51,-0.01,37.63,57899.39,-1
2024-05-15,2024-05-15 14:32:00,1527.51,1527.51,1527.42,1527.42,-0.01,37.63,57899.39,-1
2024-05-15,2024-05-15 14:33:00,1527.42,1527.42,1527.33,1527.33,-0.01,37.63,57899.39,-1
2024-05-15,2024-05-15 14:34:00,1527.33,1527.33,1527.24,1527.24,-0.01,37.63,57899.39,-1
2024-05-15,2024-05-15 14:35:00,1527.24,1527.24,1527.15,1527.15,-0.01,37.63,57899.39,-1
2024-05-15,2024-05-15 14:36:00,1527.15,1527.15,1527.06,1527.06,-0.01,37.63,57899.39,-1
2024-05-15,2024-05-15 14:37:00,1527.06,1527.06,1526.97,1526.97,-0.01,37.63,57899.39,-1
2024-05-15,2024-05-15 14:38:00,1526.97,1526.97,1526.88,1526.88,-0.01,37.63,57899.39,-1
2024-05-15,2024-05-15 14:39:00,1526.88,1526.88,1526.79,1526.79,-0.01,37.63,57899.39,-1
2024-05-15,2024-05-15 14:40:00,1526.79,1526.79,1526.7,1526.7,-0.01,37.63,57899.39,-1
2024-05-15,2024-05-15 14:41:00,1526.7,1526.7,1526.61,1526.61,-0.01,37.63,57899.39,-1
2024-05-15,2024-05-15 14:42:00,1526.61,1526.61,1526.52,1526.52,-0.01,37.63,57899.39,-1
2024-05-15,2024-05-15 14:43:00,1526.52,1526.52,1526.43,1526.43,-0.01,37.63,57899.39,-1
2024-05-15,2024-05-15 14:44:00,1526.43,1526.43,1526.34,1526.34,-0.01,37.63,57899.39,-1
2024-05-15,2024-05-15 14:45:00,1526.34,1526.34,1526.25,1526.25,-0.01,37.63,57899.39,-1
2024-05-15,2024-05-15 14:46:00,1526.25,1526.25,1526.16,1526.16,-0.01,37.63,57899.39,-1
2024-05-15,2024-05-15 14:47:00,1526.16,1526.16,1526.08,1526.08,-0.01,37.63,57899.39,-1
2024-05-15,2024-05-15 14:48:00,1526.08,1526.08,1525.99,1525.99,-0.01,37.63,57899.39,-1
2024-05-15,2024-05-15 14:49:00,1525.99,1525.99,1525.9,1525.9,-0.01,37.63,57899.39,-1
2024-05-15,2024-05-15 14:50:00,1525.9,1525.9,1525.81,1525.81,-0.01,37.63,57899.39,-1
2024-05-15,2024-05-15 14:51:00,1525.81,1525.81,1525.72,1525.72,-0.01,37.63,57899.39,-1
2024-05-15,2024-05-15 14:52:00,1525.72,1525.72,1525.63,1525.63,-0.01,37.63,57899.39,-1
2024-05-15,2024-05-15 14:53:00,1525.63,1525.63,1525.54,1525.54,-0.01,37.63,57899.39,-1
2024-05-15,2024-05-15 14:54:00,1525.54,1525.54,1525.45,1525.45,-0.01,37.63,57899.39,-1
2024-05-15,2024-05-15 14:55:00,1525.45,1525.45,1525.36,1525.36,-0.01,37.63,57899.39,-1
2024-05-15,2024-05-15 14:56:00,1525.36,1525.36,1525.27,1525.27,-0.01,37.63,57899.39,-1
2024-05-15,2024-05-15 14:57:00,1525.27,1525.27,1525.18,1525.18,-0.01,37.63,57899.39,-1
2024-05-15,2024-05-15 14:58:00,1525.18,1525.18,1525.09,1525.09,-0.01,37.63,57899.39,-1
2024-05-15,2024-05-15 14:59:00,1525.09,1525.09,1525.0,1525.0,-0.01,37.63,57899.39,-1
2024-05-15,2024-05-15 15:00:00,1525.0,1600.0,1517.0,1525.0,0.0,37.63,57899.39,0
2024-05-16,2024-05-16 11:00:00,1495.0,1532.5,1495.0,1495.42,0.03,131.2,207826.0,1
2024-05-16,2024-05-16 11:01:00,1495.42,1495.85,1495.42,1495.85,0.03,131.2,207826.0,1
2024-05-16,2024-05-16 11:02:00,1495.85,1496.28,1495.85,1496.28,0.03,131.2,207826.0,1
2024-05-16,2024-05-16 11:03:00,1496.28,1496.7,1496.28,1496.7,0.03,131.2,207826.0,1
2024-05-16,2024-05-16 11:04:00,1496.7,1497.12,1496.7,1497.12,0.03,131.2,207826.0,1
2024-05-16,2024-05-16 11:05:00,1497.12,1497.55,1497.12,1497.55,0.03,131.2,207826.0,1
2024-05-16,2024-05-16 11:06:00,1497.55,1497.97,1497.55,1497.97,0.03,131.2,207826.0,1
2024-05-16,2024-05-16 11:07:00,1497.97,1498.4,1497.97,1498.4,0.03,131.2,207826.0,1
2024-05-16,2024-05-16 11:08:00,1498.4,1498.83,1498.4,1498.83,0.03,131.2,207826.0,1
2024-05-16,2024-05-16 11:09:00,1498.83,1499.25,1498.83,1499.25,0.03,131.2,207826.0,1
2024-05-16,2024-05-16 11:10:00,1499.25,1499.67,1499.25,1499.67,0.03,131.2,207826.0,1
2024-05-16,2024-05-16 11:11:00,1499.67,1500.1,1499.67,1500.1,0.03,131.2,207826.0,1
2024-05-16,2024-05-16 11:12:00,1500.1,1500.53,1500.1,1500.53,0.03,131.2,207826.0,1
2024-05-16,2024-05-16 11:13:00,1500.53,1500.95,1500.53,1500.95,0.03,131.2,207826.0,1
2024-05-16,2024-05-16 11:14:00,1500.95,1501.38,1500.95,1501.38,0.03,131.2,207826.0,1
2024-05-16,2024-05-16 11:15:00,1501.38,1501.8,1501.38,1501.8,0.03,131.2,207826.0,1
2024-05-16,2024-05-16 11:16:00,1501.8,1502.22,1501.8,1502.22,0.03,131.2,207826.0,1
2024-05-16,2024-05-16 11:17:00,1502.22,1502.65,1502.22,1502.65,0.03,131.2,207826.0,1
2024-05-16,2024-05-16 11:18:00,1502.65,1503.08,1502.65,1503.08,0.03,131.2,207826.0,1
2024-05-16,2024-05-16 11:19:00,1503.08,1503.5,1503.08,1503.5,0.03,131.2,207826.0,1
2024-05-16,2024-05-16 11:20:00,1503.5,1503.92,1503.5,1503.92,0.03,131.2,207826.0,1
2024-05-16,2024-05-16 11:21:00,1503.92,1504.35,1503.92,1504.35,0.03,131.2,207826.0,1
2024-05-16,2024-05-16 11:22:00,1504.35,1504.78,1504.35,1504.78,0.03,131.2,207826.0,1
2024-05-16,2024-05-16 11:23:00,1504.78,1505.2,1504.78,1505.2,0.03,131.2,207826.0,1
2024-05-16,2024-05-16 11:24:00,1505.2,1505.62,1505.2,1505.62,0.03,131.2,207826.0,1
2024-05-16,2024-05-16 11:25:00,1505.62,1506.05,1505.62,1506.05,0.03,131.2,207826.0,1
2024-05-16,2024-05-16 11:26:00,1506.05,1506.47,1506.05,1506.47,0.03,131.2,207826.0,1
2024-05-16,2024-05-16 11:27:00,1506.47,1506.9,1506.47,1506.9,0.03,131.2,207826.0,1
2024-05-16,2024-05-16 11:28:00,1506.9,1507.33,1506.9,1507.33,0.03,131.2,207826.0,1
2024-05-16,2024-05-16 11:29:00,1507.33,1507.75,1507.33,1507.75,0.03,131.2,207826.0,1
2024-05-16,2024-05-16 11:30:00,1507.75,1508.17,1507.75,1508.17,0.03,131.2,207826.0,1
2024-05-16,2024-05-16 11:31:00,1508.17,1508.6,1508.17,1508.6,0.03,131.2,207826.0,1
2024-05-16,2024-05-16 11:32:00,1508.6,1509.03,1508.6,1509.03,0.03,131.2,207826.0,1
2024-05-16,2024-05-16 11:33:00,1509.03,1509.45,1509.03,1509.45,0.03,131.2,207826.0,1
2024-05-16,2024-05-16 11:34:00,1509.45,1509.88,1509.45,1509.88,0.03,131.2,207826.0,1
2024-05-16,2024-05-16 11:35:00,1509.88,1510.3,1509.88,1510.3,0.03,131.2,207826.0,1
2024-05-16,2024-05-16 11:36:00,1510.3,1510.72,1510.3,1510.72,0.03,131.2,207826.0,1
2024-05-16,2024-05-16 11:37:00,1510.72,1511.15,1510.72,1511.15,0.03,131.2,207826.0,1
2024-05-16,2024-05-16 11:38:00,1511.15,1511.58,1511.15,1511.58,0.03,131.2,207826.0,1
2024-05-16,2024-05-16 11:39:00,1511.58,1512.0,1511.58,1512.0,0.03,131.2,207826.0,1
2024-05-16,2024-05-16 11:40:00,1512.0,1512.42,1512.0,1512.42,0.03,131.2,207826.0,1
2024-05-16,2024-05-16 11:41:00,1512.42,1512.85,1512.42,1512.85,0.03,131.2,207826.0,1
2024-05-16,2024-05-16 11:42:00,1512.85,1513.28,1512.85,1513.28,0.03,131.2,207826.0,1
2024-05-16,2024-05-16 11:43:00,1513.28,1513.7,1513.28,1513.7,0.03,131.2,207826.0,1
2024-05-16,2024-05-16 11:44:00,1513.7,1514.12,1513.7,1514.12,0.03,131.2,207826.0,1
2024-05-16,2024-05-16 11:45:00,1514.12,1514.55,1514.12,1514.55,0.03,131.2,207826.0,1
2024-05-16,2024-05-16 11:46:00,1514.55,1514.97,1514.55,1514.97,0.03,131.2,207826.0,1
2024-05-16,2024-05-16 11:47:00,1514.97,1515.4,1514.97,1515.4,0.03,131.2,207826.0,1
2024-05-16,2024-05-16 11:48:00,1515.4,1515.83,1515.4,1515.83,0.03,131.2,207826.0,1
2024-05-16,2024-05-16 11:49:00,1515.83,1516.25,1515.83,1516.25,0.03,131.2,207826.0,1
2024-05-16,2024-05-16 11:50:00,1516.25,1516.67,1516.25,1516.67,0.03,131.2,207826.0,1
2024-05-16,2024-05-16 11:51:00,1516.67,1517.1,1516.67,1517.1,0.03,131.2,207826.0,1
2024-05-16,2024-05-16 11:52:00,1517.1,1517.53,1517.1,1517.53,0.03,131.2,207826.0,1
2024-05-16,2024-05-16 11:53:00,1517.53,1517.95,1517.53,1517.95,0.03,131.2,207826.0,1
2024-05-16,2024-05-16 11:54:00,1517.95,1518.38,1517.95,1518.38,0.03,131.2,207826.0,1
2024-05-16,2024-05-16 11:55:00,1518.38,1518.8,1518.38,1518.8,0.03,131.2,207826.0,1
2024-05-16,2024-05-16 11:56:00,1518.8,1519.22,1518.8,1519.22,0.03,131.2,207826.0,1
2024-05-16,2024-05-16 11:57:00,1519.22,1519.65,1519.22,1519.65,0.03,131.2,207826.0,1
2024-05-16,2024-05-16 11:58:00,1519.65,1520.08,1519.65,1520.08,0.03,131.2,207826.0,1
2024-05-16,2024-05-16 11:59:00,1520.08,1520.5,1520.08,1520.5,0.03,131.2,207826.0,1
2024-05-16,2024-05-16 12:00:00,1520.5,1520.92,1520.5,1520.92,0.03,131.2,207826.0,1
2024-05-16,2024-05-16 12:01:00,1520.92,1521.35,1520.92,1521.35,0.03,131.2,207826.0,1
2024-05-16,2024-05-16 12:02:00,1521.35,1521.78,1521.35,1521.78,0.03,131.2,207826.0,1
2024-05-16,2024-05-16 12:03:00,1521.78,1522.2,1521.78,1522.2,0.03,131.2,207826.0,1
2024-05-16,2024-05-16 12:04:00,1522.2,1522.62,1522.2,1522.62,0.03,131.2,207826.0,1
2024-05-16,2024-05-16 12:05:00,1522.62,1523.05,1522.62,1523.05,0.03,131.2,207826.0,1
2024-05-16,2024-05-16 12:06:00,1523.05,1523.47,1523.05,1523.47,0.03,131.2,207826.0,1
2024-05-16,2024-05-16 12:07:00,1523.47,1523.9,1523.47,1523.9,0.03,131.2,207826.0,1
2024-05-16,2024-05-16 12:08:00,1523.9,1524.33,1523.9,1524.33,0.03,131.2,207826.0,1
2024-05-16,2024-05-16 12:09:00,1524.33,1524.75,1524.33,1524.75,0.03,131.2,207826.0,1
2024-05-16,2024-05-16 12:10:00,1524.75,1525.17,1524.75,1525.17,0.03,131.2,207826.0,1
2024-05-16,2024-05-16 12:11:00,1525.17,1525.6,1525.17,1525.6,0.03,131.2,207826.0,1
2024-05-16,2024-05-16 12:12:00,1525.6,1526.03,1525.6,1526.03,0.03,131.2,207826.0,1
2024-05-16,2024-05-16 12:13:00,1526.03,1526.45,1526.03,1526.45,0.03,131.2,207826.0,1
2024-05-16,2024-05-16 12:14:00,1526.45,1526.88,1526.45,1526.88,0.03,131.2,207826.0,1
2024-05-16,2024-05-16 12:15:00,1526.88,1527.3,1526.88,1527.3,0.03,131.2,207826.0,1
2024-05-16,2024-05-16 12:16:00,1527.3,1527.72,1527.3,1527.72,0.03,131.2,207826.0,1
2024-05-16,2024-05-16 12:17:00,1527.72,1528.15,1527.72,1528.15,0.03,131.2,207826.0,1
2024-05-16,2024-05-16 12:18:00,1528.15,1528.58,1528.15,1528.58,0.03,131.2,207826.0,1
2024-05-16,2024-05-16 12:19:00,1528.58,1529.0,1528.58,1529.0,0.03,131.2,207826.0,1
2024-05-16,2024-05-16 12:20:00,1529.0,1529.42,1529.0,1529.42,0.03,131.2,207826.0,1
2024-05-16,2024-05-16 12:21:00,1529.42,1529.85,1529.42,1529.85,0.03,131.2,207826.0,1
2024-05-16,2024-05-16 12:22:00,1529.85,1530.28,1529.85,1530.28,0.03,131.2,207826.0,1
2024-05-16,2024-05-16 12:23:00,1530.28,1530.7,1530.28,1530.7,0.03,131.2,207826.0,1
2024-05-16,2024-05-16 12:24:00,1530.7,1531.12,1530.7,1531.12,0.03,131.2,207826.0,1
2024-05-16,2024-05-16 12:25:00,1531.12,1531.55,1531.12,1531.55,0.03,131.2,207826.0,1
2024-05-16,2024-05-16 12:26:00,1531.55,1531.97,1531.55,1531.97,0.03,131.2,207826.0,1
2024-05-16,2024-05-16 12:27:00,1531.97,1532.4,1531.97,1532.4,0.03,131.2,207826.0,1
2024-05-16,2024-05-16 12:28:00,1532.4,1532.83,1532.4,1532.83,0.03,131.2,207826.0,1
2024-05-16,2024-05-16 12:29:00,1532.83,1533.25,1532.83,1533.25,0.03,131.2,207826.0,1
2024-05-16,2024-05-16 12:30:00,1533.25,1533.67,1533.25,1533.67,0.03,131.2,207826.0,1
2024-05-16,2024-05-16 12:31:00,1533.67,1534.1,1533.67,1534.1,0.03,131.2,207826.0,1
2024-05-16,2024-05-16 12:32:00,1534.1,1534.53,1534.1,1534.53,0.03,131.2,207826.0,1
2024-05-16,2024-05-16 12:33:00,1534.53,1534.95,1534.53,1534.95,0.03,131.2,207826.0,1
2024-05-16,2024-05-16 12:34:00,1534.95,1535.38,1534.95,1535.38,0.03,131.2,207826.0,1
2024-05-16,2024-05-16 12:35:00,1535.38,1535.8,1535.38,1535.8,0.03,131.2,207826.0,1
2024-05-16,2024-05-16 12:36:00,1535.8,1536.22,1535.8,1536.22,0.03,131.2,207826.0,1
2024-05-16,2024-05-16 12:37:00,1536.22,1536.65,1536.22,1536.65,0.03,131.2,207826.0,1
2024-05-16,2024-05-16 12:38:00,1536.65,1537.08,1536.65,1537.08,0.03,131.2,207826.0,1
2024-05-16,2024-05-16 12:39:00,1537.08,1537.5,1537.08,1537.5,0.03,131.2,207826.0,1
2024-05-16,2024-05-16 12:40:00,1537.5,1537.92,1537.5,1537.92,0.03,131.2,207826.0,1
2024-05-16,2024-05-16 12:41:00,1537.92,1538.35,1537.92,1538.35,0.03,131.2,207826.0,1
2024-05-16,2024-05-16 12:42:00,1538.35,1538.78,1538.35,1538.78,0.03,131.2,207826.0,1
2024-05-16,2024-05-16 12:43:00,1538.78,1539.2,1538.78,1539.2,0.03,131.2,207826.0,1
2024-05-16,2024-05-16 12:44:00,1539.2,1539.62,1539.2,1539.62,0.03,131.2,207826.0,1
2024-05-16,2024-05-16 12:45:00,1539.62,1540.05,1539.62,1540.05,0.03,131.2,207826.0,1
2024-05-16,2024-05-16 12:46:00,1540.05,1540.47,1540.05,1540.47,0.03,131.2,207826.0,1
2024-05-16,2024-05-16 12:47:00,1540.47,1540.9,1540.47,1540.9,0.03,131.2,207826.0,1
2024-05-16,2024-05-16 12:48:00,1540.9,1541.33,1540.9,1541.33,0.03,131.2,207826.0,1
2024-05-16,2024-05-16 12:49:00,1541.33,1541.75,1541.33,1541.75,0.03,131.2,207826.0,1
2024-05-16,2024-05-16 12:50:00,1541.75,1542.17,1541.75,1542.17,0.03,131.2,207826.0,1
2024-05-16,2024-05-16 12:51:00,1542.17,1542.6,1542.17,1542.6,0.03,131.2,207826.0,1
2024-05-16,2024-05-16 12:52:00,1542.6,1543.03,1542.6,1543.03,0.03,131.2,207826.0,1
2024-05-16,2024-05-16 12:53:00,1543.03,1543.45,1543.03,1543.45,0.03,131.2,207826.0,1
2024-05-16,2024-05-16 12:54:00,1543.45,1543.88,1543.45,1543.88,0.03,131.2,207826.0,1
2024-05-16,2024-05-16 12:55:00,1543.88,1544.3,1543.88,1544.3,0.03,131.2,207826.0,1
2024-05-16,2024-05-16 12:56:00,1544.3,1544.72,1544.3,1544.72,0.03,131.2,207826.0,1
2024-05-16,2024-05-16 12:57:00,1544.72,1545.15,1544.72,1545.15,0.03,131.2,207826.0,1
2024-05-16,2024-05-16 12:58:00,1545.15,1545.58,1545.15,1545.58,0.03,131.2,207826.0,1
2024-05-16,2024-05-16 12:59:00,1545.58,1546.0,1545.58,1546.0,0.03,131.2,207826.0,1
2024-05-16,2024-05-16 13:00:00,1546.0,1620.0,1495.0,1546.42,0.03,131.2,207826.0,1
2024-05-16,2024-05-16 13:01:00,1546.42,1546.85,1546.42,1546.85,0.03,131.2,207826.0,1
2024-05-16,2024-05-16 13:02:00,1546.85,1547.28,1546.85,1547.28,0.03,131.2,207826.0,1
2024-05-16,2024-05-16 13:03:00,1547.28,1547.7,1547.28,1547.7,0.03,131.2,207826.0,1
2024-05-16,2024-05-16 13:04:00,1547.7,1548.12,1547.7,1548.12,0.03,131.2,207826.0,1
2024-05-16,2024-05-16 13:05:00,1548.12,1548.55,1548.12,1548.55,0.03,131.2,207826.0,1
2024-05-16,2024-05-16 13:06:00,1548.55,1548.97,1548.55,1548.97,0.03,131.2,207826.0,1
2024-05-16,2024-05-16 13:07:00,1548.97,1549.4,1548.97,1549.4,0.03,131.2,207826.0,1
2024-05-16,2024-05-16 13:08:00,1549.4,1549.83,1549.4,1549.83,0.03,131.2,207826.0,1
2024-05-16,2024-05-16 13:09:00,1549.83,1550.25,1549.83,1550.25,0.03,131.2,207826.0,1
2024-05-16,2024-05-16 13:10:00,1550.25,1550.67,1550.25,1550.67,0.03,131.2,207826.0,1
2024-05-16,2024-05-16 13:11:00,1550.67,1551.1,1550.67,1551.1,0.03,131.2,207826.0,1
2024-05-16,2024-05-16 13:12:00,1551.1,1551.53,1551.1,1551.53,0.03,131.2,207826.0,1
2024-05-16,2024-05-16 13:13:00,1551.53,1551.95,1551.53,1551.95,0.03,131.2,207826.0,1
2024-05-16,2024-05-16 13:14:00,1551.95,1552.38,1551.95,1552.38,0.03,131.2,207826.0,1
2024-05-16,2024-05-16 13:15:00,1552.38,1552.8,1552.38,1552.8,0.03,131.2,207826.0,1
2024-05-16,2024-05-16 13:16:00,1552.8,1553.22,1552.8,1553.22,0.03,131.2,207826.0,1
2024-05-16,2024-05-16 13:17:00,1553.22,1553.65,1553.22,1553.65,0.03,131.2,207826.0,1
2024-05-16,2024-05-16 13:18:00,1553.65,1554.08,1553.65,1554.08,0.03,131.2,207826.0,1
2024-05-16,2024-05-16 13:19:00,1554.08,1554.5,1554.08,1554.5,0.03,131.2,207826.0,1
2024-05-16,2024-05-16 13:20:00,1554.5,1554.92,1554.5,1554.92,0.03,131.2,207826.0,1
2024-05-16,2024-05-16 13:21:00,1554.92,1555.35,1554.92,1555.35,0.03,131.2,207826.0,1
2024-05-16,2024-05-16 13:22:00,1555.35,1555.78,1555.35,1555.78,0.03,131.2,207826.0,1
2024-05-16,2024-05-16 13:23:00,1555.78,1556.2,1555.78,1556.2,0.03,131.2,207826.0,1
2024-05-16,2024-05-16 13:24:00,1556.2,1556.62,1556.2,1556.62,0.03,131.2,207826.0,1
2024-05-16,2024-05-16 13:25:00,1556.62,1557.05,1556.62,1557.05,0.03,131.2,207826.0,1
2024-05-16,2024-05-16 13:26:00,1557.05,1557.47,1557.05,1557.47,0.03,131.2,207826.0,1
2024-05-16,2024-05-16 13:27:00,1557.47,1557.9,1557.47,1557.9,0.03,131.2,207826.0,1
2024-05-16,2024-05-16 13:28:00,1557.9,1558.33,1557.9,1558.33,0.03,131.2,207826.0,1
2024-05-16,2024-05-16 13:29:00,1558.33,1558.75,1558.33,1558.75,0.03,131.2,207826.0,1
2024-05-16,2024-05-16 13:30:00,1558.75,1559.17,1558.75,1559.17,0.03,131.2,207826.0,1
2024-05-16,2024-05-16 13:31:00,1559.17,1559.6,1559.17,1559.6,0.03,131.2,207826.0,1
2024-05-16,2024-05-16 13:32:00,1559.6,1560.03,1559.6,1560.03,0.03,131.2,207826.0,1
2024-05-16,2024-05-16 13:33:00,1560.03,1560.45,1560.03,1560.45,0.03,131.2,207826.0,1
2024-05-16,2024-05-16 13:34:00,1560.45,1560.88,1560.45,1560.88,0.03,131.2,207826.0,1
2024-05-16,2024-05-16 13:35:00,1560.88,1561.3,1560.88,1561.3,0.03,131.2,207826.0,1
2024-05-16,2024-05-16 13:36:00,1561.3,1561.72,1561.3,1561.72,0.03,131.2,207826.0,1
2024-05-16,2024-05-16 13:37:00,1561.72,1562.15,1561.72,1562.15,0.03,131.2,207826.0,1
2024-05-16,2024-05-16 13:38:00,1562.15,1562.58,1562.15,1562.58,0.03,131.2,207826.0,1
2024-05-16,2024-05-16 13:39:00,1562.58,1563.0,1562.58,1563.0,0.03,131.2,207826.0,1
2024-05-16,2024-05-16 13:40:00,1563.0,1563.42,1563.0,1563.42,0.03,131.2,207826.0,1
2024-05-16,2024-05-16 13:41:00,1563.42,1563.85,1563.42,1563.85,0.03,131.2,207826.0,1
2024-05-16,2024-05-16 13:42:00,1563.85,1564.28,1563.85,1564.28,0.03,131.2,207826.0,1
2024-05-16,2024-05-16 13:43:00,1564.28,1564.7,1564.28,1564.7,0.03,131.2,207826.0,1
2024-05-16,2024-05-16 13:44:00,1564.7,1565.12,1564.7,1565.12,0.03,131.2,207826.0,1
2024-05-16,2024-05-16 13:45:00,1565.12,1565.55,1565.12,1565.55,0.03,131.2,207826.0,1
2024-05-16,2024-05-16 13:46:00,1565.55,1565.97,1565.55,1565.97,0.03,131.2,207826.0,1
2024-05-16,2024-05-16 13:47:00,1565.97,1566.4,1565.97,1566.4,0.03,131.2,207826.0,1
2024-05-16,2024-05-16 13:48:00,1566.4,1566.83,1566.4,1566.83,0.03,131.2,207826.0,1
2024-05-16,2024-05-16 13:49:00,1566.83,1567.25,1566.83,1567.25,0.03,131.2,207826.0,1
2024-05-16,2024-05-16 13:50:00,1567.25,1567.67,1567.25,1567.67,0.03,131.2,207826.0,1
2024-05-16,2024-05-16 13:51:00,1567.67,1568.1,1567.67,1568.1,0.03,131.2,207826.0,1
2024-05-16,2024-05-16 13:52:00,1568.1,1568.53,1568.1,1568.53,0.03,131.2,207826.0,1
2024-05-16,2024-05-16 13:53:00,1568.53,1568.95,1568.53,1568.95,0.03,131.2,207826.0,1
2024-05-16,2024-05-16 13:54:00,1568.95,1569.38,1568.95,1569.38,0.03,131.2,207826.0,1
2024-05-16,2024-05-16 13:55:00,1569.38,1569.8,1569.38,1569.8,0.03,131.2,207826.0,1
2024-05-16,2024-05-16 13:56:00,1569.8,1570.22,1569.8,1570.22,0.03,131.2,207826.0,1
2024-05-16,2024-05-16 13:57:00,1570.22,1570.65,1570.22,1570.65,0.03,131.2,207826.0,1
2024-05-16,2024-05-16 13:58:00,1570.65,1571.08,1570.65,1571.08,0.03,131.2,207826.0,1
2024-05-16,2024-05-16 13:59:00,1571.08,1571.5,1571.08,1571.5,0.03,131.2,207826.0,1
2024-05-16,2024-05-16 14:00:00,1571.5,1571.92,1571.5,1571.92,0.03,131.2,207826.0,1
2024-05-16,2024-05-16 14:01:00,1571.92,1572.35,1571.92,1572.35,0.03,131.2,207826.0,1
2024-05-16,2024-05-16 14:02:00,1572.35,1572.78,1572.35,1572.78,0.03,131.2,207826.0,1
2024-05-16,2024-05-16 14:03:00,1572.78,1573.2,1572.78,1573.2,0.03,131.2,207826.0,1
2024-05-16,2024-05-16 14:04:00,1573.2,1573.62,1573.2,1573.62,0.03,131.2,207826.0,1
2024-05-16,2024-05-16 14:05:00,1573.62,1574.05,1573.62,1574.05,0.03,131.2,207826.0,1
2024-05-16,2024-05-16 14:06:00,1574.05,1574.47,1574.05,1574.47,0.03,131.2,207826.0,1
2024-05-16,2024-05-16 14:07:00,1574.47,1574.9,1574.47,1574.9,0.03,131.2,207826.0,1
2024-05-16,2024-05-16 14:08:00,1574.9,1575.33,1574.9,1575.33,0.03,131.2,207826.0,1
2024-05-16,2024-05-16 14:09:00,1575.33,1575.75,1575.33,1575.75,0.03,131.2,207826.0,1
2024-05-16,2024-05-16 14:10:00,1575.75,1576.17,1575.75,1576.17,0.03,131.2,207826.0,1
2024-05-16,2024-05-16 14:11:00,1576.17,1576.6,1576.17,1576.6,0.03,131.2,207826.0,1
2024-05-16,2024-05-16 14:12:00,1576.6,1577.03,1576.6,1577.03,0.03,131.2,207826.0,1
2024-05-16,2024-05-16 14:13:00,1577.03,1577.45,1577.03,1577.45,0.03,131.2,207826.0,1
2024-05-16,2024-05-16 14:14:00,1577.45,1577.88,1577.45,1577.88,0.03,131.2,207826.0,1
2024-05-16,2024-05-16 14:15:00,1577.88,1578.3,1577.88,1578.3,0.03,131.2,207826.0,1
2024-05-16,2024-05-16 14:16:00,1578.3,1578.72,1578.3,1578.72,0.03,131.2,207826.0,1
2024-05-16,2024-05-16 14:17:00,1578.72,1579.15,1578.72,1579.15,0.03,131.2,207826.0,1
2024-05-16,2024-05-16 14:18:00,1579.15,1579.58,1579.15,1579.58,0.03,131.2,207826.0,1
2024-05-16,2024-05-16 14:19:00,1579.58,1580.0,1579.58,1580.0,0.03,131.2,207826.0,1
2024-05-16,2024-05-16 14:20:00,1580.0,1580.42,1580.0,1580.42,0.03,131.2,207826.0,1
2024-05-16,2024-05-16 14:21:00,1580.42,1580.85,1580.42,1580.85,0.03,131.2,207826.0,1
2024-05-16,2024-05-16 14:22:00,1580.85,1581.28,1580.85,1581.28,0.03,131.2,207826.0,1
2024-05-16,2024-05-16 14:23:00,1581.28,1581.7,1581.28,1581.7,0.03,131.2,207826.0,1
2024-05-16,2024-05-16 14:24:00,1581.7,1582.12,1581.7,1582.12,0.03,131.2,207826.0,1
2024-05-16,2024-05-16 14:25:00,1582.12,1582.55,1582.12,1582.55,0.03,131.2,207826.0,1
2024-05-16,2024-05-16 14:26:00,1582.55,1582.97,1582.55,1582.97,0.03,131.2,207826.0,1
2024-05-16,2024-05-16 14:27:00,1582.97,1583.4,1582.97,1583.4,0.03,131.2,207826.0,1
2024-05-16,2024-05-16 14:28:00,1583.4,1583.83,1583.4,1583.83,0.03,131.2,207826.0,1
2024-05-16,2024-05-16 14:29:00,1583.83,1584.25,1583.83,1584.25,0.03,131.2,207826.0,1
2024-05-16,2024-05-16 14:30:00,1584.25,1584.67,1584.25,1584.67,0.03,131.2,207826.0,1
2024-05-16,2024-05-16 14:31:00,1584.67,1585.1,1584.67,1585.1,0.03,131.2,207826.0,1
2024-05-16,2024-05-16 14:32:00,1585.1,1585.53,1585.1,1585.53,0.03,131.2,207826.0,1
2024-05-16,2024-05-16 14:33:00,1585.53,1585.95,1585.53,1585.95,0.03,131.2,207826.0,1
2024-05-16,2024-05-16 14:34:00,1585.95,1586.38,1585.95,1586.38,0.03,131.2,207826.0,1
2024-05-16,2024-05-16 14:35:00,1586.38,1586.8,1586.38,1586.8,0.03,131.2,207826.0,1
2024-05-16,2024-05-16 14:36:00,1586.8,1587.22,1586.8,1587.22,0.03,131.2,207826.0,1
2024-05-16,2024-05-16 14:37:00,1587.22,1587.65,1587.22,1587.65,0.03,131.2,207826.0,1
2024-05-16,2024-05-16 14:38:00,1587.65,1588.08,1587.65,1588.08,0.03,131.2,207826.0,1
2024-05-16,2024-05-16 14:39:00,1588.08,1588.5,1588.08,1588.5,0.03,131.2,207826.0,1
2024-05-16,2024-05-16 14:40:00,1588.5,1588.92,1588.5,1588.92,0.03,131.2,207826.0,1
2024-05-16,2024-05-16 14:41:00,1588.92,1589.35,1588.92,1589.35,0.03,131.2,207826.0,1
2024-05-16,2024-05-16 14:42:00,1589.35,1589.78,1589.35,1589.78,0.03,131.2,207826.0,1
2024-05-16,2024-05-16 14:43:00,1589.78,1590.2,1589.78,1590.2,0.03,131.2,207826.0,1
2024-05-16,2024-05-16 14:44:00,1590.2,1590.62,1590.2,1590.62,0.03,131.2,207826.0,1
2024-05-16,2024-05-16 14:45:00,1590.62,1591.05,1590.62,1591.05,0.03,131.2,207826.0,1
2024-05-16,2024-05-16 14:46:00,1591.05,1591.47,1591.05,1591.47,0.03,131.2,207826.0,1
2024-05-16,2024-05-16 14:47:00,1591.47,1591.9,1591.47,1591.9,0.03,131.2,207826.0,1
2024-05-16,2024-05-16 14:48:00,1591.9,1592.33,1591.9,1592.33,0.03,131.2,207826.0,1
2024-05-16,2024-05-16 14:49:00,1592.33,1592.75,1592.33,1592.75,0.03,131.2,207826.0,1
2024-05-16,2024-05-16 14:50:00,1592.75,1593.17,1592.75,1593.17,0.03,131.2,207826.0,1
2024-05-16,2024-05-16 14:51:00,1593.17,1593.6,1593.17,1593.6,0.03,131.2,207826.0,1
2024-05-16,2024-05-16 14:52:00,1593.6,1594.03,1593.6,1594.03,0.03,131.2,207826.0,1
2024-05-16,2024-05-16 14:53:00,1594.03,1594.45,1594.03,1594.45,0.03,131.2,207826.0,1
2024-05-16,2024-05-16 14:54:00,1594.45,1594.88,1594.45,1594.88,0.03,131.2,207826.0,1
2024-05-16,2024-05-16 14:55:00,1594.88,1595.3,1594.88,1595.3,0.03,131.2,207826.0,1
2024-05-16,2024-05-16 14:56:00,1595.3,1595.72,1595.3,1595.72,0.03,131.2,207826.0,1
2024-05-16,2024-05-16 14:57:00,1595.72,1596.15,1595.72,1596.15,0.03,131.2,207826.0,1
2024-05-16,2024-05-16 14:58:00,1596.15,1596.58,1596.15,1596.58,0.03,131.2,207826.0,1
2024-05-16,2024-05-16 14:59:00,1596.58,1597.0,1596.58,1597.0,0.03,131.2,207826.0,1
2024-05-16,2024-05-16 15:00:00,1597.0,1620.0,1495.0,1597.0,0.0,131.2,207826.0,0
2024-05-19,2024-05-19 11:00:00,1597.0,1635.7,1588.0,1597.03,0.0,55.56,88851.09,1
2024-05-19,2024-05-19 11:01:00,1597.03,1597.06,1597.03,1597.06,0.0,55.56,88851.09,1
2024-05-19,2024-05-19 11:02:00,1597.06,1597.09,1597.06,1597.09,0.0,55.56,88851.09,1
2024-05-19,2024-05-19 11:03:00,1597.09,1597.12,1597.09,1597.12,0.0,55.56,88851.09,1
2024-05-19,2024-05-19 11:04:00,1597.12,1597.15,1597.12,1597.15,0.0,55.56,88851.09,1
2024-05-19,2024-05-19 11:05:00,1597.15,1597.18,1597.15,1597.18,0.0,55.56,88851.09,1
2024-05-19,2024-05-19 11:06:00,1597.18,1597.21,1597.18,1597.21,0.0,55.56,88851.09,1
2024-05-19,2024-05-19 11:07:00,1597.21,1597.24,1597.21,1597.24,0.0,55.56,88851.09,1
2024-05-19,2024-05-19 11:08:00,1597.24,1597.27,1597.24,1597.27,0.0,55.56,88851.09,1
2024-05-19,2024-05-19 11:09:00,1597.27,1597.3,1597.27,1597.3,0.0,55.56,88851.09,1
2024-05-19,2024-05-19 11:10:00,1597.3,1597.33,1597.3,1597.33,0.0,55.56,88851.09,1
2024-05-19,2024-05-19 11:11:00,1597.33,1597.36,1597.33,1597.36,0.0,55.56,88851.09,1
2024-05-19,2024-05-19 11:12:00,1597.36,1597.38,1597.36,1597.38,0.0,55.56,88851.09,1
2024-05-19,2024-05-19 11:13:00,1597.38,1597.41,1597.38,1597.41,0.0,55.56,88851.09,1
2024-05-19,2024-05-19 11:14:00,1597.41,1597.44,1597.41,1597.44,0.0,55.56,88851.09,1
2024-05-19,2024-05-19 11:15:00,1597.44,1597.47,1597.44,1597.47,0.0,55.56,88851.09,1
2024-05-19,2024-05-19 11:16:00,1597.47,1597.5,1597.47,1597.5,0.0,55.56,88851.09,1
2024-05-19,2024-05-19 11:17:00,1597.5,1597.53,1597.5,1597.53,0.0,55.56,88851.09,1
2024-05-19,2024-05-19 11:18:00,1597.53,1597.56,1597.53,1597.56,0.0,55.56,88851.09,1
2024-05-19,2024-05-19 11:19:00,1597.56,1597.59,1597.56,1597.59,0.0,55.56,88851.09,1
2024-05-19,2024-05-19 11:20:00,1597.59,1597.62,1597.59,1597.62,0.0,55.56,88851.09,1
2024-05-19,2024-05-19 11:21:00,1597.62,1597.65,1597.62,1597.65,0.0,55.56,88851.09,1
2024-05-19,2024-05-19 11:22:00,1597.65,1597.68,1597.65,1597.68,0.0,55.56,88851.09,1
2024-05-19,2024-05-19 11:23:00,1597.68,1597.71,1597.68,1597.71,0.0,55.56,88851.09,1
2024-05-19,2024-05-19 11:24:00,1597.71,1597.74,1597.71,1597.74,0.0,55.56,88851.09,1
2024-05-19,2024-05-19 11:25:00,1597.74,1597.77,1597.74,1597.77,0.0,55.56,88851.09,1
2024-05-19,2024-05-19 11:26:00,1597.77,1597.8,1597.77,1597.8,0.0,55.56,88851.09,1
2024-05-19,2024-05-19 11:27:00,1597.8,1597.83,1597.8,1597.83,0.0,55.56,88851.09,1
2024-05-19,2024-05-19 11:28:00,1597.83,1597.86,1597.83,1597.86,0.0,55.56,88851.09,1
2024-05-19,2024-05-19 11:29:00,1597.86,1597.89,1597.86,1597.89,0.0,55.56,88851.09,1
2024-05-19,2024-05-19 11:30:00,1597.89,1597.92,1597.89,1597.92,0.0,55.56,88851.09,1
2024-05-19,2024-05-19 11:31:00,1597.92,1597.95,1597.92,1597.95,0.0,55.56,88851.09,1
2024-05-19,2024-05-19 11:32:00,1597.95,1597.98,1597.95,1597.98,0.0,55.56,88851.09,1
2024-05-19,2024-05-19 11:33:00,1597.98,1598.01,1597.98,1598.01,0.0,55.56,88851.09,1
2024-05-19,2024-05-19 11:34:00,1598.01,1598.04,1598.01,1598.04,0.0,55.56,88851.09,1
2024-05-19,2024-05-19 11:35:00,1598.04,1598.07,1598.04,1598.07,0.0,55.56,88851.09,1
2024-05-19,2024-05-19 11:36:00,1598.07,1598.09,1598.07,1598.09,0.0,55.56,88851.09,1
2024-05-19,2024-05-19 11:37:00,1598.09,1598.12,1598.09,1598.12,0.0,55.56,88851.09,1
2024-05-19,2024-05-19 11:38:00,1598.12,1598.15,1598.12,1598.15,0.0,55.56,88851.09,1
2024-05-19,2024-05-19 11:39:00,1598.15,1598.18,1598.15,1598.18,0.0,55.56,88851.09,1
2024-05-19,2024-05-19 11:40:00,1598.18,1598.21,1598.18,1598.21,0.0,55.56,88851.09,1
2024-05-19,2024-05-19 11:41:00,1598.21,1598.24,1598.21,1598.24,0.0,55.56,88851.09,1
2024-05-19,2024-05-19 11:42:00,1598.24,1598.27,1598.24,1598.27,0.0,55.56,88851.09,1
2024-05-19,2024-05-19 11:43:00,1598.27,1598.3,1598.27,1598.3,0.0,55.56,88851.09,1
2024-05-19,2024-05-19 11:44:00,1598.3,1598.33,1598.3,1598.33,0.0,55.56,88851.09,1
2024-05-19,2024-05-19 11:45:00,1598.33,1598.36,1598.33,1598.36,0.0,55.56,88851.09,1
2024-05-19,2024-05-19 11:46:00,1598.36,1598.39,1598.36,1598.39,0.0,55.56,88851.09,1
2024-05-19,2024-05-19 11:47:00,1598.39,1598.42,1598.39,1598.42,0.0,55.56,88851.09,1
2024-05-19,2024-05-19 11:48:00,1598.42,1598.45,1598.42,1598.45,0.0,55.56,88851.09,1
2024-05-19,2024-05-19 11:49:00,1598.45,1598.48,1598.45,1598.48,0.0,55.56,88851.09,1
2024-05-19,2024-05-19 11:50:00,1598.48,1598.51,1598.48,1598.51,0.0,55.56,88851.09,1
2024-05-19,2024-05-19 11:51:00,1598.51,1598.54,1598.51,1598.54,0.0,55.56,88851.09,1
2024-05-19,2024-05-19 11:52:00,1598.54,1598.57,1598.54,1598.57,0.0,55.56,88851.09,1
2024-05-19,2024-05-19 11:53:00,1598.57,1598.6,1598.57,1598.6,0.0,55.56,88851.09,1
2024-05-19,2024-05-19 11:54:00,1598.6,1598.63,1598.6,1598.63,0.0,55.56,88851.09,1
2024-05-19,2024-05-19 11:55:00,1598.63,1598.66,1598.63,1598.66,0.0,55.56,88851.09,1
2024-05-19,2024-05-19 11:56:00,1598.66,1598.69,1598.66,1598.69,0.0,55.56,88851.09,1
2024-05-19,2024-05-19 11:57:00,1598.69,1598.72,1598.69,1598.72,0.0,55.56,88851.09,1
2024-05-19,2024-05-19 11:58:00,1598.72,1598.75,1598.72,1598.75,0.0,55.56,88851.09,1
2024-05-19,2024-05-19 11:59:00,1598.75,1598.78,1598.75,1598.78,0.0,55.56,88851.09,1
2024-05-19,2024-05-19 12:00:00,1598.78,1598.8,1598.78,1598.8,0.0,55.56,88851.09,1
2024-05-19,2024-05-19 12:01:00,1598.8,1598.83,1598.8,1598.83,0.0,55.56,88851.09,1
2024-05-19,2024-05-19 12:02:00,1598.83,1598.86,1598.83,1598.86,0.0,55.56,88851.09,1
2024-05-19,2024-05-19 12:03:00,1598.86,1598.89,1598.86,1598.89,0.0,55.56,88851.09,1
2024-05-19,2024-05-19 12:04:00,1598.89,1598.92,1598.89,1598.92,0.0,55.56,88851.09,1
2024-05-19,2024-05-19 12:05:00,1598.92,1598.95,1598.92,1598.95,0.0,55.56,88851.09,1
2024-05-19,2024-05-19 12:06:00,1598.95,1598.98,1598.95,1598.98,0.0,55.56,88851.09,1
2024-05-19,2024-05-19 12:07:00,1598.98,1599.01,1598.98,1599.01,0.0,55.56,88851.09,1
2024-05-19,2024-05-19 12:08:00,1599.01,1599.04,1599.01,1599.04,0.0,55.56,88851.09,1
2024-05-19,2024-05-19 12:09:00,1599.04,1599.07,1599.04,1599.07,0.0,55.56,88851.09,1
2024-05-19,2024-05-19 12:10:00,1599.07,1599.1,1599.07,1599.1,0.0,55.56,88851.09,1
2024-05-19,2024-05-19 12:11:00,1599.1,1599.13,1599.1,1599.13,0.0,55.56,88851.09,1
2024-05-19,2024-05-19 12:12:00,1599.13,1599.16,1599.13,1599.16,0.0,55.56,88851.09,1
2024-05-19,2024-05-19 12:13:00,1599.16,1599.19,1599.16,1599.19,0.0,55.56,88851.09,1
2024-05-19,2024-05-19 12:14:00,1599.19,1599.22,1599.19,1599.22,0.0,55.56,88851.09,1
2024-05-19,2024-05-19 12:15:00,1599.22,1599.25,1599.22,1599.25,0.0,55.56,88851.09,1
2024-05-19,2024-05-19 12:16:00,1599.25,1599.28,1599.25,1599.28,0.0,55.56,88851.09,1
2024-05-19,2024-05-19 12:17:00,1599.28,1599.31,1599.28,1599.31,0.0,55.56,88851.09,1
2024-05-19,2024-05-19 12:18:00,1599.31,1599.34,1599.31,1599.34,0.0,55.56,88851.09,1
2024-05-19,2024-05-19 12:19:00,1599.34,1599.37,1599.34,1599.37,0.0,55.56,88851.09,1
2024-05-19,2024-05-19 12:20:00,1599.37,1599.4,1599.37,1599.4,0.0,55.56,88851.09,1
2024-05-19,2024-05-19 12:21:00,1599.4,1599.43,1599.4,1599.43,0.0,55.56,88851.09,1
2024-05-19,2024-05-19 12:22:00,1599.43,1599.46,1599.43,1599.46,0.0,55.56,88851.09,1
2024-05-19,2024-05-19 12:23:00,1599.46,1599.48,1599.46,1599.48,0.0,55.56,88851.09,1
2024-05-19,2024-05-19 12:24:00,1599.48,1599.51,1599.48,1599.51,0.0,55.56,88851.09,1
2024-05-19,2024-05-19 12:25:00,1599.51,1599.54,1599.51,1599.54,0.0,55.56,88851.09,1
2024-05-19,2024-05-19 12:26:00,1599.54,1599.57,1599.54,1599.57,0.0,55.56,88851.09,1
2024-05-19,2024-05-19 12:27:00,1599.57,1599.6,1599.57,1599.6,0.0,55.56,88851.09,1
2024-05-19,2024-05-19 12:28:00,1599.6,1599.63,1599.6,1599.63,0.0,55.56,88851.09,1
2024-05-19,2024-05-19 12:29:00,1599.63,1599.66,1599.63,1599.66,0.0,55.56,88851.09,1
2024-05-19,2024-05-19 12:30:00,1599.66,1599.69,1599.66,1599.69,0.0,55.56,88851.09,1
2024-05-19,2024-05-19 12:31:00,1599.69,1599.72,1599.69,1599.72,0.0,55.56,88851.09,1
2024-05-19,2024-05-19 12:32:00,1599.72,1599.75,1599.72,1599.75,0.0,55.56,88851.09,1
2024-05-19,2024-05-19 12:33:00,1599.75,1599.78,1599.75,1599.78,0.0,55.56,88851.09,1
2024-05-19,2024-05-19 12:34:00,1599.78,1599.81,1599.78,1599.81,0.0,55.56,88851.09,1
2024-05-19,2024-05-19 12:35:00,1599.81,1599.84,1599.81,1599.84,0.0,55.56,88851.09,1
2024-05-19,2024-05-19 12:36:00,1599.84,1599.87,1599.84,1599.87,0.0,55.56,88851.09,1
2024-05-19,2024-05-19 12:37:00,1599.87,1599.9,1599.87,1599.9,0.0,55.56,88851.09,1
2024-05-19,2024-05-19 12:38:00,1599.9,1599.93,1599.9,1599.93,0.0,55.56,88851.09,1
2024-05-19,2024-05-19 12:39:00,1599.93,1599.96,1599.93,1599.96,0.0,55.56,88851.09,1
2024-05-19,2024-05-19 12:40:00,1599.96,1599.99,1599.96,1599.99,0.0,55.56,88851.09,1
2024-05-19,2024-05-19 12:41:00,1599.99,1600.02,1599.99,1600.02,0.0,55.56,88851.09,1
2024-05-19,2024-05-19 12:42:00,1600.02,1600.05,1600.02,1600.05,0.0,55.56,88851.09,1
2024-05-19,2024-05-19 12:43:00,1600.05,1600.08,1600.05,1600.08,0.0,55.56,88851.09,1
2024-05-19,2024-05-19 12:44:00,1600.08,1600.11,1600.08,1600.11,0.0,55.56,88851.09,1
2024-05-19,2024-05-19 12:45:00,1600.11,1600.14,1600.11,1600.14,0.0,55.56,88851.09,1
2024-05-19,2024-05-19 12:46:00,1600.14,1600.17,1600.14,1600.17,0.0,55.56,88851.09,1
2024-05-19,2024-05-19 12:47:00,1600.17,1600.19,1600.17,1600.19,0.0,55.56,88851.09,1
2024-05-19,2024-05-19 12:48:00,1600.19,1600.22,1600.19,1600.22,0.0,55.56,88851.09,1
2024-05-19,2024-05-19 12:49:00,1600.22,1600.25,1600.22,1600.25,0.0,55.56,88851.09,1
2024-05-19,2024-05-19 12:50:00,1600.25,1600.28,1600.25,1600.28,0.0,55.56,88851.09,1
2024-05-19,2024-05-19 12:51:00,1600.28,1600.31,1600.28,1600.31,0.0,55.56,88851.09,1
2024-05-19,2024-05-19 12:52:00,1600.31,1600.34,1600.31,1600.34,0.0,55.56,88851.09,1
2024-05-19,2024-05-19 12:53:00,1600.34,1600.37,1600.34,1600.37,0.0,55.56,88851.09,1
2024-05-19,2024-05-19 12:54:00,1600.37,1600.4,1600.37,1600.4,0.0,55.56,88851.09,1
2024-05-19,2024-05-19 12:55:00,1600.4,1600.43,1600.4,1600.43,0.0,55.56,88851.09,1
2024-05-19,2024-05-19 12:56:00,1600.43,1600.46,1600.43,1600.46,0.0,55.56,88851.09,1
2024-05-19,2024-05-19 12:57:00,1600.46,1600.49,1600.46,1600.49,0.0,55.56,88851.09,1
2024-05-19,2024-05-19 12:58:00,1600.49,1600.52,1600.49,1600.52,0.0,55.56,88851.09,1
2024-05-19,2024-05-19 12:59:00,1600.52,1600.55,1600.52,1600.55,0.0,55.56,88851.09,1
2024-05-19,2024-05-19 13:00:00,1600.55,1726.0,1567.0,1600.58,0.0,55.56,88851.09,1
2024-05-19,2024-05-19 13:01:00,1600.58,1600.61,1600.58,1600.61,0.0,55.56,88851.09,1
2024-05-19,2024-05-19 13:02:00,1600.61,1600.64,1600.61,1600.64,0.0,55.56,88851.09,1
2024-05-19,2024-05-19 13:03:00,1600.64,1600.67,1600.64,1600.67,0.0,55.56,88851.09,1
2024-05-19,2024-05-19 13:04:00,1600.67,1600.7,1600.67,1600.7,0.0,55.56,88851.09,1
2024-05-19,2024-05-19 13:05:00,1600.7,1600.73,1600.7,1600.73,0.0,55.56,88851.09,1
2024-05-19,2024-05-19 13:06:00,1600.73,1600.76,1600.73,1600.76,0.0,55.56,88851.09,1
2024-05-19,2024-05-19 13:07:00,1600.76,1600.79,1600.76,1600.79,0.0,55.56,88851.09,1
2024-05-19,2024-05-19 13:08:00,1600.79,1600.82,1600.79,1600.82,0.0,55.56,88851.09,1
2024-05-19,2024-05-19 13:09:00,1600.82,1600.85,1600.82,1600.85,0.0,55.56,88851.09,1
2024-05-19,2024-05-19 13:10:00,1600.85,1600.88,1600.85,1600.88,0.0,55.56,88851.09,1
2024-05-19,2024-05-19 13:11:00,1600.88,1600.9,1600.88,1600.9,0.0,55.56,88851.09,1
2024-05-19,2024-05-19 13:12:00,1600.9,1600.93,1600.9,1600.93,0.0,55.56,88851.09,1
2024-05-19,2024-05-19 13:13:00,1600.93,1600.96,1600.93,1600.96,0.0,55.56,88851.09,1
2024-05-19,2024-05-19 13:14:00,1600.96,1600.99,1600.96,1600.99,0.0,55.56,88851.09,1
2024-05-19,2024-05-19 13:15:00,1600.99,1601.02,1600.99,1601.02,0.0,55.56,88851.09,1
2024-05-19,2024-05-19 13:16:00,1601.02,1601.05,1601.02,1601.05,0.0,55.56,88851.09,1
2024-05-19,2024-05-19 13:17:00,1601.05,1601.08,1601.05,1601.08,0.0,55.56,88851.09,1
2024-05-19,2024-05-19 13:18:00,1601.08,1601.11,1601.08,1601.11,0.0,55.56,88851.09,1
2024-05-19,2024-05-19 13:19:00,1601.11,1601.14,1601.11,1601.14,0.0,55.56,88851.09,1
2024-05-19,2024-05-19 13:20:00,1601.14,1601.17,1601.14,1601.17,0.0,55.56,88851.09,1
2024-05-19,2024-05-19 13:21:00,1601.17,1601.2,1601.17,1601.2,0.0,55.56,88851.09,1
2024-05-19,2024-05-19 13:22:00,1601.2,1601.23,1601.2,1601.23,0.0,55.56,88851.09,1
2024-05-19,2024-05-19 13:23:00,1601.23,1601.26,1601.23,1601.26,0.0,55.56,88851.09,1
2024-05-19,2024-05-19 13:24:00,1601.26,1601.29,1601.26,1601.29,0.0,55.56,88851.09,1
2024-05-19,2024-05-19 13:25:00,1601.29,1601.32,1601.29,1601.32,0.0,55.56,88851.09,1
2024-05-19,2024-05-19 13:26:00,1601.32,1601.35,1601.32,1601.35,0.0,55.56,88851.09,1
2024-05-19,2024-05-19 13:27:00,1601.35,1601.38,1601.35,1601.38,0.0,55.56,88851.09,1
2024-05-19,2024-05-19 13:28:00,1601.38,1601.41,1601.38,1601.41,0.0,55.56,88851.09,1
2024-05-19,2024-05-19 13:29:00,1601.41,1601.44,1601.41,1601.44,0.0,55.56,88851.09,1
2024-05-19,2024-05-19 13:30:00,1601.44,1601.47,1601.44,1601.47,0.0,55.56,88851.09,1
2024-05-19,2024-05-19 13:31:00,1601.47,1601.5,1601.47,1601.5,0.0,55.56,88851.09,1
2024-05-19,2024-05-19 13:32:00,1601.5,1601.53,1601.5,1601.53,0.0,55.56,88851.09,1
2024-05-19,2024-05-19 13:33:00,1601.53,1601.56,1601.53,1601.56,0.0,55.56,88851.09,1
2024-05-19,2024-05-19 13:34:00,1601.56,1601.59,1601.56,1601.59,0.0,55.56,88851.09,1
2024-05-19,2024-05-19 13:35:00,1601.59,1601.62,1601.59,1601.62,0.0,55.56,88851.09,1
2024-05-19,2024-05-19 13:36:00,1601.62,1601.64,1601.62,1601.64,0.0,55.56,88851.09,1
2024-05-19,2024-05-19 13:37:00,1601.64,1601.67,1601.64,1601.67,0.0,55.56,88851.09,1
2024-05-19,2024-05-19 13:38:00,1601.67,1601.7,1601.67,1601.7,0.0,55.56,88851.09,1
2024-05-19,2024-05-19 13:39:00,1601.7,1601.73,1601.7,1601.73,0.0,55.56,88851.09,1
2024-05-19,2024-05-19 13:40:00,1601.73,1601.76,1601.73,1601.76,0.0,55.56,88851.09,1
2024-05-19,2024-05-19 13:41:00,1601.76,1601.79,1601.76,1601.79,0.0,55.56,88851.09,1
2024-05-19,2024-05-19 13:42:00,1601.79,1601.82,1601.79,1601.82,0.0,55.56,88851.09,1
2024-05-19,2024-05-19 13:43:00,1601.82,1601.85,1601.82,1601.85,0.0,55.56,88851.09,1
2024-05-19,2024-05-19 13:44:00,1601.85,1601.88,1601.85,1601.88,0.0,55.56,88851.09,1
2024-05-19,2024-05-19 13:45:00,1601.88,1601.91,1601.88,1601.91,0.0,55.56,88851.09,1
2024-05-19,2024-05-19 13:46:00,1601.91,1601.94,1601.91,1601.94,0.0,55.56,88851.09,1
2024-05-19,2024-05-19 13:47:00,1601.94,1601.97,1601.94,1601.97,0.0,55.56,88851.09,1
2024-05-19,2024-05-19 13:48:00,1601.97,1602.0,1601.97,1602.0,0.0,55.56,88851.09,1
2024-05-19,2024-05-19 13:49:00,1602.0,1602.03,1602.0,1602.03,0.0,55.56,88851.09,1
2024-05-19,2024-05-19 13:50:00,1602.03,1602.06,1602.03,1602.06,0.0,55.56,88851.09,1
2024-05-19,2024-05-19 13:51:00,1602.06,1602.09,1602.06,1602.09,0.0,55.56,88851.09,1
2024-05-19,2024-05-19 13:52:00,1602.09,1602.12,1602.09,1602.12,0.0,55.56,88851.09,1
2024-05-19,2024-05-19 13:53:00,1602.12,1602.15,1602.12,1602.15,0.0,55.56,88851.09,1
2024-05-19,2024-05-19 13:54:00,1602.15,1602.18,1602.15,1602.18,0.0,55.56,88851.09,1
2024-05-19,2024-05-19 13:55:00,1602.18,1602.21,1602.18,1602.21,0.0,55.56,88851.09,1
2024-05-19,2024-05-19 13:56:00,1602.21,1602.24,1602.21,1602.24,0.0,55.56,88851.09,1
2024-05-19,2024-05-19 13:57:00,1602.24,1602.27,1602.24,1602.27,0.0,55.56,88851.09,1
2024-05-19,2024-05-19 13:58:00,1602.27,1602.3,1602.27,1602.3,0.0,55.56,88851.09,1
2024-05-19,2024-05-19 13:59:00,1602.3,1602.32,1602.3,1602.32,0.0,55.56,88851.09,1
2024-05-19,2024-05-19 14:00:00,1602.32,1602.35,1602.32,1602.35,0.0,55.56,88851.09,1
2024-05-19,2024-05-19 14:01:00,1602.35,1602.38,1602.35,1602.38,0.0,55.56,88851.09,1
2024-05-19,2024-05-19 14:02:00,1602.38,1602.41,1602.38,1602.41,0.0,55.56,88851.09,1
2024-05-19,2024-05-19 14:03:00,1602.41,1602.44,1602.41,1602.44,0.0,55.56,88851.09,1
2024-05-19,2024-05-19 14:04:00,1602.44,1602.47,1602.44,1602.47,0.0,55.56,88851.09,1
2024-05-19,2024-05-19 14:05:00,1602.47,1602.5,1602.47,1602.5,0.0,55.56,88851.09,1
2024-05-19,2024-05-19 14:06:00,1602.5,1602.53,1602.5,1602.53,0.0,55.56,88851.09,1
2024-05-19,2024-05-19 14:07:00,1602.53,1602.56,1602.53,1602.56,0.0,55.56,88851.09,1
2024-05-19,2024-05-19 14:08:00,1602.56,1602.59,1602.56,1602.59,0.0,55.56,88851.09,1
2024-05-19,2024-05-19 14:09:00,1602.59,1602.62,1602.59,1602.62,0.0,55.56,88851.09,1
2024-05-19,2024-05-19 14:10:00,1602.62,1602.65,1602.62,1602.65,0.0,55.56,88851.09,1
2024-05-19,2024-05-19 14:11:00,1602.65,1602.68,1602.65,1602.68,0.0,55.56,88851.09,1
2024-05-19,2024-05-19 14:12:00,1602.68,1602.71,1602.68,1602.71,0.0,55.56,88851.09,1
2024-05-19,2024-05-19 14:13:00,1602.71,1602.74,1602.71,1602.74,0.0,55.56,88851.09,1
2024-05-19,2024-05-19 14:14:00,1602.74,1602.77,1602.74,1602.77,0.0,55.56,88851.09,1
2024-05-19,2024-05-19 14:15:00,1602.77,1602.8,1602.77,1602.8,0.0,55.56,88851.09,1
2024-05-19,2024-05-19 14:16:00,1602.8,1602.83,1602.8,1602.83,0.0,55.56,88851.09,1
2024-05-19,2024-05-19 14:17:00,1602.83,1602.86,1602.83,1602.86,0.0,55.56,88851.09,1
2024-05-19,2024-05-19 14:18:00,1602.86,1602.89,1602.86,1602.89,0.0,55.56,88851.09,1
2024-05-19,2024-05-19 14:19:00,1602.89,1602.92,1602.89,1602.92,0.0,55.56,88851.09,1
2024-05-19,2024-05-19 14:20:00,1602.92,1602.95,1602.92,1602.95,0.0,55.56,88851.09,1
2024-05-19,2024-05-19 14:21:00,1602.95,1602.98,1602.95,1602.98,0.0,55.56,88851.09,1
2024-05-19,2024-05-19 14:22:00,1602.98,1603.01,1602.98,1603.01,0.0,55.56,88851.09,1
2024-05-19,2024-05-19 14:23:00,1603.01,1603.03,1603.01,1603.03,0.0,55.56,88851.09,1
2024-05-19,2024-05-19 14:24:00,1603.03,1603.06,1603.03,1603.06,0.0,55.56,88851.09,1
2024-05-19,2024-05-19 14:25:00,1603.06,1603.09,1603.06,1603.09,0.0,55.56,88851.09,1
2024-05-19,2024-05-19 14:26:00,1603.09,1603.12,1603.09,1603.12,0.0,55.56,88851.09,1
2024-05-19,2024-05-19 14:27:00,1603.12,1603.15,1603.12,1603.15,0.0,55.56,88851.09,1
2024-05-19,2024-05-19 14:28:00,1603.15,1603.18,1603.15,1603.18,0.0,55.56,88851.09,1
2024-05-19,2024-05-19 14:29:00,1603.18,1603.21,1603.18,1603.21,0.0,55.56,88851.09,1
2024-05-19,2024-05-19 14:30:00,1603.21,1603.24,1603.21,1603.24,0.0,55.56,88851.09,1
2024-05-19,2024-05-19 14:31:00,1603.24,1603.27,1603.24,1603.27,0.0,55.56,88851.09,1
2024-05-19,2024-05-19 14:32:00,1603.27,1603.3,1603.27,1603.3,0.0,55.56,88851.09,1
2024-05-19,2024-05-19 14:33:00,1603.3,1603.33,1603.3,1603.33,0.0,55.56,88851.09,1
2024-05-19,2024-05-19 14:34:00,1603.33,1603.36,1603.33,1603.36,0.0,55.56,88851.09,1
2024-05-19,2024-05-19 14:35:00,1603.36,1603.39,1603.36,1603.39,0.0,55.56,88851.09,1
2024-05-19,2024-05-19 14:36:00,1603.39,1603.42,1603.39,1603.42,0.0,55.56,88851.09,1
2024-05-19,2024-05-19 14:37:00,1603.42,1603.45,1603.42,1603.45,0.0,55.56,88851.09,1
2024-05-19,2024-05-19 14:38:00,1603.45,1603.48,1603.45,1603.48,0.0,55.56,88851.09,1
2024-05-19,2024-05-19 14:39:00,1603.48,1603.51,1603.48,1603.51,0.0,55.56,88851.09,1
2024-05-19,2024-05-19 14:40:00,1603.51,1603.54,1603.51,1603.54,0.0,55.56,88851.09,1
2024-05-19,2024-05-19 14:41:00,1603.54,1603.57,1603.54,1603.57,0.0,55.56,88851.09,1
2024-05-19,2024-05-19 14:42:00,1603.57,1603.6,1603.57,1603.6,0.0,55.56,88851.09,1
2024-05-19,2024-05-19 14:43:00,1603.6,1603.63,1603.6,1603.63,0.0,55.56,88851.09,1
2024-05-19,2024-05-19 14:44:00,1603.63,1603.66,1603.63,1603.66,0.0,55.56,88851.09,1
2024-05-19,2024-05-19 14:45:00,1603.66,1603.69,1603.66,1603.69,0.0,55.56,88851.09,1
2024-05-19,2024-05-19 14:46:00,1603.69,1603.72,1603.69,1603.72,0.0,55.56,88851.09,1
2024-05-19,2024-05-19 14:47:00,1603.72,1603.74,1603.72,1603.74,0.0,55.56,88851.09,1
2024-05-19,2024-05-19 14:48:00,1603.74,1603.77,1603.74,1603.77,0.0,55.56,88851.09,1
2024-05-19,2024-05-19 14:49:00,1603.77,1603.8,1603.77,1603.8,0.0,55.56,88851.09,1
2024-05-19,2024-05-19 14:50:00,1603.8,1603.83,1603.8,1603.83,0.0,55.56,88851.09,1
2024-05-19,2024-05-19 14:51:00,1603.83,1603.86,1603.83,1603.86,0.0,55.56,88851.09,1
2024-05-19,2024-05-19 14:52:00,1603.86,1603.89,1603.86,1603.89,0.0,55.56,88851.09,1
2024-05-19,2024-05-19 14:53:00,1603.89,1603.92,1603.89,1603.92,0.0,55.56,88851.09,1
2024-05-19,2024-05-19 14:54:00,1603.92,1603.95,1603.92,1603.95,0.0,55.56,88851.09,1
2024-05-19,2024-05-19 14:55:00,1603.95,1603.98,1603.95,1603.98,0.0,55.56,88851.09,1
2024-05-19,2024-05-19 14:56:00,1603.98,1604.01,1603.98,1604.01,0.0,55.56,88851.09,1
2024-05-19,2024-05-19 14:57:00,1604.01,1604.04,1604.01,1604.04,0.0,55.56,88851.09,1
2024-05-19,2024-05-19 14:58:00,1604.04,1604.07,1604.04,1604.07,0.0,55.56,88851.09,1
2024-05-19,2024-05-19 14:59:00,1604.07,1604.1,1604.07,1604.1,0.0,55.56,88851.09,1
2024-05-19,2024-05-19 15:00:00,1604.1,1726.0,1567.0,1604.1,0.0,55.56,88851.09,0
2024-05-20,2024-05-20 11:00:00,1572.1,1589.77,1562.47,1572.2,0.01,60.94,96032.22,1
2024-05-20,2024-05-20 11:01:00,1572.2,1572.31,1572.2,1572.31,0.01,60.94,96032.22,1
2024-05-20,2024-05-20 11:02:00,1572.31,1572.41,1572.31,1572.41,0.01,60.94,96032.22,1
2024-05-20,2024-05-20 11:03:00,1572.41,1572.51,1572.41,1572.51,0.01,60.94,96032.22,1
2024-05-20,2024-05-20 11:04:00,1572.51,1572.62,1572.51,1572.62,0.01,60.94,96032.22,1
2024-05-20,2024-05-20 11:05:00,1572.62,1572.72,1572.62,1572.72,0.01,60.94,96032.22,1
2024-05-20,2024-05-20 11:06:00,1572.72,1572.83,1572.72,1572.83,0.01,60.94,96032.22,1
2024-05-20,2024-05-20 11:07:00,1572.83,1572.93,1572.83,1572.93,0.01,60.94,96032.22,1
2024-05-20,2024-05-20 11:08:00,1572.93,1573.03,1572.93,1573.03,0.01,60.94,96032.22,1
2024-05-20,2024-05-20 11:09:00,1573.03,1573.14,1573.03,1573.14,0.01,60.94,96032.22,1
2024-05-20,2024-05-20 11:10:00,1573.14,1573.24,1573.14,1573.24,0.01,60.94,96032.22,1
2024-05-20,2024-05-20 11:11:00,1573.24,1573.34,1573.24,1573.34,0.01,60.94,96032.22,1
2024-05-20,2024-05-20 11:12:00,1573.34,1573.45,1573.34,1573.45,0.01,60.94,96032.22,1
2024-05-20,2024-05-20 11:13:00,1573.45,1573.55,1573.45,1573.55,0.01,60.94,96032.22,1
2024-05-20,2024-05-20 11:14:00,1573.55,1573.66,1573.55,1573.66,0.01,60.94,96032.22,1
2024-05-20,2024-05-20 11:15:00,1573.66,1573.76,1573.66,1573.76,0.01,60.94,96032.22,1
2024-05-20,2024-05-20 11:16:00,1573.76,1573.86,1573.76,1573.86,0.01,60.94,96032.22,1
2024-05-20,2024-05-20 11:17:00,1573.86,1573.97,1573.86,1573.97,0.01,60.94,96032.22,1
2024-05-20,2024-05-20 11:18:00,1573.97,1574.07,1573.97,1574.07,0.01,60.94,96032.22,1
2024-05-20,2024-05-20 11:19:00,1574.07,1574.17,1574.07,1574.17,0.01,60.94,96032.22,1
2024-05-20,2024-05-20 11:20:00,1574.17,1574.28,1574.17,1574.28,0.01,60.94,96032.22,1
2024-05-20,2024-05-20 11:21:00,1574.28,1574.38,1574.28,1574.38,0.01,60.94,96032.22,1
2024-05-20,2024-05-20 11:22:00,1574.38,1574.49,1574.38,1574.49,0.01,60.94,96032.22,1
2024-05-20,2024-05-20 11:23:00,1574.49,1574.59,1574.49,1574.59,0.01,60.94,96032.22,1
2024-05-20,2024-05-20 11:24:00,1574.59,1574.69,1574.59,1574.69,0.01,60.94,96032.22,1
2024-05-20,2024-05-20 11:25:00,1574.69,1574.8,1574.69,1574.8,0.01,60.94,96032.22,1
2024-05-20,2024-05-20 11:26:00,1574.8,1574.9,1574.8,1574.9,0.01,60.94,96032.22,1
2024-05-20,2024-05-20 11:27:00,1574.9,1575.0,1574.9,1575.0,0.01,60.94,96032.22,1
2024-05-20,2024-05-20 11:28:00,1575.0,1575.11,1575.0,1575.11,0.01,60.94,96032.22,1
2024-05-20,2024-05-20 11:29:00,1575.11,1575.21,1575.11,1575.21,0.01,60.94,96032.22,1
2024-05-20,2024-05-20 11:30:00,1575.21,1575.32,1575.21,1575.32,0.01,60.94,96032.22,1
2024-05-20,2024-05-20 11:31:00,1575.32,1575.42,1575.32,1575.42,0.01,60.94,96032.22,1
2024-05-20,2024-05-20 11:32:00,1575.42,1575.52,1575.42,1575.52,0.01,60.94,96032.22,1
2024-05-20,2024-05-20 11:33:00,1575.52,1575.63,1575.52,1575.63,0.01,60.94,96032.22,1
2024-05-20,2024-05-20 11:34:00,1575.63,1575.73,1575.63,1575.73,0.01,60.94,96032.22,1
2024-05-20,2024-05-20 11:35:00,1575.73,1575.84,1575.73,1575.84,0.01,60.94,96032.22,1
2024-05-20,2024-05-20 11:36:00,1575.84,1575.94,1575.84,1575.94,0.01,60.94,96032.22,1
2024-05-20,2024-05-20 11:37:00,1575.94,1576.04,1575.94,1576.04,0.01,60.94,96032.22,1
2024-05-20,2024-05-20 11:38:00,1576.04,1576.15,1576.04,1576.15,0.01,60.94,96032.22,1
2024-05-20,2024-05-20 11:39:00,1576.15,1576.25,1576.15,1576.25,0.01,60.94,96032.22,1
2024-05-20,2024-05-20 11:40:00,1576.25,1576.35,1576.25,1576.35,0.01,60.94,96032.22,1
2024-05-20,2024-05-20 11:41:00,1576.35,1576.46,1576.35,1576.46,0.01,60.94,96032.22,1
2024-05-20,2024-05-20 11:42:00,1576.46,1576.56,1576.46,1576.56,0.01,60.94,96032.22,1
2024-05-20,2024-05-20 11:43:00,1576.56,1576.66,1576.56,1576.66,0.01,60.94,96032.22,1
2024-05-20,2024-05-20 11:44:00,1576.66,1576.77,1576.66,1576.77,0.01,60.94,96032.22,1
2024-05-20,2024-05-20 11:45:00,1576.77,1576.87,1576.77,1576.87,0.01,60.94,96032.22,1
2024-05-20,2024-05-20 11:46:00,1576.87,1576.98,1576.87,1576.98,0.01,60.94,96032.22,1
2024-05-20,2024-05-20 11:47:00,1576.98,1577.08,1576.98,1577.08,0.01,60.94,96032.22,1
2024-05-20,2024-05-20 11:48:00,1577.08,1577.18,1577.08,1577.18,0.01,60.94,96032.22,1
2024-05-20,2024-05-20 11:49:00,1577.18,1577.29,1577.18,1577.29,0.01,60.94,96032.22,1
2024-05-20,2024-05-20 11:50:00,1577.29,1577.39,1577.29,1577.39,0.01,60.94,96032.22,1
2024-05-20,2024-05-20 11:51:00,1577.39,1577.49,1577.39,1577.49,0.01,60.94,96032.22,1
2024-05-20,2024-05-20 11:52:00,1577.49,1577.6,1577.49,1577.6,0.01,60.94,96032.22,1
2024-05-20,2024-05-20 11:53:00,1577.6,1577.7,1577.6,1577.7,0.01,60.94,96032.22,1
2024-05-20,2024-05-20 11:54:00,1577.7,1577.81,1577.7,1577.81,0.01,60.94,96032.22,1
2024-05-20,2024-05-20 11:55:00,1577.81,1577.91,1577.81,1577.91,0.01,60.94,96032.22,1
2024-05-20,2024-05-20 11:56:00,1577.91,1578.01,1577.91,1578.01,0.01,60.94,96032.22,1
2024-05-20,2024-05-20 11:57:00,1578.01,1578.12,1578.01,1578.12,0.01,60.94,96032.22,1
2024-05-20,2024-05-20 11:58:00,1578.12,1578.22,1578.12,1578.22,0.01,60.94,96032.22,1
2024-05-20,2024-05-20 11:59:00,1578.22,1578.32,1578.22,1578.32,0.01,60.94,96032.22,1
2024-05-20,2024-05-20 12:00:00,1578.32,1578.43,1578.32,1578.43,0.01,60.94,96032.22,1
2024-05-20,2024-05-20 12:01:00,1578.43,1578.53,1578.43,1578.53,0.01,60.94,96032.22,1
2024-05-20,2024-05-20 12:02:00,1578.53,1578.64,1578.53,1578.64,0.01,60.94,96032.22,1
2024-05-20,2024-05-20 12:03:00,1578.64,1578.74,1578.64,1578.74,0.01,60.94,96032.22,1
2024-05-20,2024-05-20 12:04:00,1578.74,1578.84,1578.74,1578.84,0.01,60.94,96032.22,1
2024-05-20,2024-05-20 12:05:00,1578.84,1578.95,1578.84,1578.95,0.01,60.94,96032.22,1
2024-05-20,2024-05-20 12:06:00,1578.95,1579.05,1578.95,1579.05,0.01,60.94,96032.22,1
2024-05-20,2024-05-20 12:07:00,1579.05,1579.15,1579.05,1579.15,0.01,60.94,96032.22,1
2024-05-20,2024-05-20 12:08:00,1579.15,1579.26,1579.15,1579.26,0.01,60.94,96032.22,1
2024-05-20,2024-05-20 12:09:00,1579.26,1579.36,1579.26,1579.36,0.01,60.94,96032.22,1
2024-05-20,2024-05-20 12:10:00,1579.36,1579.47,1579.36,1579.47,0.01,60.94,96032.22,1
2024-05-20,2024-05-20 12:11:00,1579.47,1579.57,1579.47,1579.57,0.01,60.94,96032.22,1
2024-05-20,2024-05-20 12:12:00,1579.57,1579.67,1579.57,1579.67,0.01,60.94,96032.22,1
2024-05-20,2024-05-20 12:13:00,1579.67,1579.78,1579.67,1579.78,0.01,60.94,96032.22,1
2024-05-20,2024-05-20 12:14:00,1579.78,1579.88,1579.78,1579.88,0.01,60.94,96032.22,1
2024-05-20,2024-05-20 12:15:00,1579.88,1579.98,1579.88,1579.98,0.01,60.94,96032.22,1
2024-05-20,2024-05-20 12:16:00,1579.98,1580.09,1579.98,1580.09,0.01,60.94,96032.22,1
2024-05-20,2024-05-20 12:17:00,1580.09,1580.19,1580.09,1580.19,0.01,60.94,96032.22,1
2024-05-20,2024-05-20 12:18:00,1580.19,1580.3,1580.19,1580.3,0.01,60.94,96032.22,1
2024-05-20,2024-05-20 12:19:00,1580.3,1580.4,1580.3,1580.4,0.01,60.94,96032.22,1
2024-05-20,2024-05-20 12:20:00,1580.4,1580.5,1580.4,1580.5,0.01,60.94,96032.22,1
2024-05-20,2024-05-20 12:21:00,1580.5,1580.61,1580.5,1580.61,0.01,60.94,96032.22,1
2024-05-20,2024-05-20 12:22:00,1580.61,1580.71,1580.61,1580.71,0.01,60.94,96032.22,1
2024-05-20,2024-05-20 12:23:00,1580.71,1580.82,1580.71,1580.82,0.01,60.94,96032.22,1
2024-05-20,2024-05-20 12:24:00,1580.82,1580.92,1580.82,1580.92,0.01,60.94,96032.22,1
2024-05-20,2024-05-20 12:25:00,1580.92,1581.02,1580.92,1581.02,0.01,60.94,96032.22,1
2024-05-20,2024-05-20 12:26:00,1581.02,1581.13,1581.02,1581.13,0.01,60.94,96032.22,1
2024-05-20,2024-05-20 12:27:00,1581.13,1581.23,1581.13,1581.23,0.01,60.94,96032.22,1
2024-05-20,2024-05-20 12:28:00,1581.23,1581.33,1581.23,1581.33,0.01,60.94,96032.22,1
2024-05-20,2024-05-20 12:29:00,1581.33,1581.44,1581.33,1581.44,0.01,60.94,96032.22,1
2024-05-20,2024-05-20 12:30:00,1581.44,1581.54,1581.44,1581.54,0.01,60.94,96032.22,1
2024-05-20,2024-05-20 12:31:00,1581.54,1581.64,1581.54,1581.64,0.01,60.94,96032.22,1
2024-05-20,2024-05-20 12:32:00,1581.64,1581.75,1581.64,1581.75,0.01,60.94,96032.22,1
2024-05-20,2024-05-20 12:33:00,1581.75,1581.85,1581.75,1581.85,0.01,60.94,96032.22,1
2024-05-20,2024-05-20 12:34:00,1581.85,1581.96,1581.85,1581.96,0.01,60.94,96032.22,1
2024-05-20,2024-05-20 12:35:00,1581.96,1582.06,1581.96,1582.06,0.01,60.94,96032.22,1
2024-05-20,2024-05-20 12:36:00,1582.06,1582.16,1582.06,1582.16,0.01,60.94,96032.22,1
2024-05-20,2024-05-20 12:37:00,1582.16,1582.27,1582.16,1582.27,0.01,60.94,96032.22,1
2024-05-20,2024-05-20 12:38:00,1582.27,1582.37,1582.27,1582.37,0.01,60.94,96032.22,1
2024-05-20,2024-05-20 12:39:00,1582.37,1582.47,1582.37,1582.47,0.01,60.94,96032.22,1
2024-05-20,2024-05-20 12:40:00,1582.47,1582.58,1582.47,1582.58,0.01,60.94,96032.22,1
2024-05-20,2024-05-20 12:41:00,1582.58,1582.68,1582.58,1582.68,0.01,60.94,96032.22,1
2024-05-20,2024-05-20 12:42:00,1582.68,1582.79,1582.68,1582.79,0.01,60.94,96032.22,1
2024-05-20,2024-05-20 12:43:00,1582.79,1582.89,1582.79,1582.89,0.01,60.94,96032.22,1
2024-05-20,2024-05-20 12:44:00,1582.89,1582.99,1582.89,1582.99,0.01,60.94,96032.22,1
2024-05-20,2024-05-20 12:45:00,1582.99,1583.1,1582.99,1583.1,0.01,60.94,96032.22,1
2024-05-20,2024-05-20 12:46:00,1583.1,1583.2,1583.1,1583.2,0.01,60.94,96032.22,1
2024-05-20,2024-05-20 12:47:00,1583.2,1583.3,1583.2,1583.3,0.01,60.94,96032.22,1
2024-05-20,2024-05-20 12:48:00,1583.3,1583.41,1583.3,1583.41,0.01,60.94,96032.22,1
2024-05-20,2024-05-20 12:49:00,1583.41,1583.51,1583.41,1583.51,0.01,60.94,96032.22,1
2024-05-20,2024-05-20 12:50:00,1583.51,1583.62,1583.51,1583.62,0.01,60.94,96032.22,1
2024-05-20,2024-05-20 12:51:00,1583.62,1583.72,1583.62,1583.72,0.01,60.94,96032.22,1
2024-05-20,2024-05-20 12:52:00,1583.72,1583.82,1583.72,1583.82,0.01,60.94,96032.22,1
2024-05-20,2024-05-20 12:53:00,1583.82,1583.93,1583.82,1583.93,0.01,60.94,96032.22,1
2024-05-20,2024-05-20 12:54:00,1583.93,1584.03,1583.93,1584.03,0.01,60.94,96032.22,1
2024-05-20,2024-05-20 12:55:00,1584.03,1584.13,1584.03,1584.13,0.01,60.94,96032.22,1
2024-05-20,2024-05-20 12:56:00,1584.13,1584.24,1584.13,1584.24,0.01,60.94,96032.22,1
2024-05-20,2024-05-20 12:57:00,1584.24,1584.34,1584.24,1584.34,0.01,60.94,96032.22,1
2024-05-20,2024-05-20 12:58:00,1584.34,1584.45,1584.34,1584.45,0.01,60.94,96032.22,1
2024-05-20,2024-05-20 12:59:00,1584.45,1584.55,1584.45,1584.55,0.01,60.94,96032.22,1
2024-05-20,2024-05-20 13:00:00,1584.55,1631.0,1540.0,1584.65,0.01,60.94,96032.22,1
2024-05-20,2024-05-20 13:01:00,1584.65,1584.76,1584.65,1584.76,0.01,60.94,96032.22,1
2024-05-20,2024-05-20 13:02:00,1584.76,1584.86,1584.76,1584.86,0.01,60.94,96032.22,1
2024-05-20,2024-05-20 13:03:00,1584.86,1584.96,1584.86,1584.96,0.01,60.94,96032.22,1
2024-05-20,2024-05-20 13:04:00,1584.96,1585.07,1584.96,1585.07,0.01,60.94,96032.22,1
2024-05-20,2024-05-20 13:05:00,1585.07,1585.17,1585.07,1585.17,0.01,60.94,96032.22,1
2024-05-20,2024-05-20 13:06:00,1585.17,1585.28,1585.17,1585.28,0.01,60.94,96032.22,1
2024-05-20,2024-05-20 13:07:00,1585.28,1585.38,1585.28,1585.38,0.01,60.94,96032.22,1
2024-05-20,2024-05-20 13:08:00,1585.38,1585.48,1585.38,1585.48,0.01,60.94,96032.22,1
2024-05-20,2024-05-20 13:09:00,1585.48,1585.59,1585.48,1585.59,0.01,60.94,96032.22,1
2024-05-20,2024-05-20 13:10:00,1585.59,1585.69,1585.59,1585.69,0.01,60.94,96032.22,1
2024-05-20,2024-05-20 13:11:00,1585.69,1585.8,1585.69,1585.8,0.01,60.94,96032.22,1
2024-05-20,2024-05-20 13:12:00,1585.8,1585.9,1585.8,1585.9,0.01,60.94,96032.22,1
2024-05-20,2024-05-20 13:13:00,1585.9,1586.0,1585.9,1586.0,0.01,60.94,96032.22,1
2024-05-20,2024-05-20 13:14:00,1586.0,1586.11,1586.0,1586.11,0.01,60.94,96032.22,1
2024-05-20,2024-05-20 13:15:00,1586.11,1586.21,1586.11,1586.21,0.01,60.94,96032.22,1
2024-05-20,2024-05-20 13:16:00,1586.21,1586.31,1586.21,1586.31,0.01,60.94,96032.22,1
2024-05-20,2024-05-20 13:17:00,1586.31,1586.42,1586.31,1586.42,0.01,60.94,96032.22,1
2024-05-20,2024-05-20 13:18:00,1586.42,1586.52,1586.42,1586.52,0.01,60.94,96032.22,1
2024-05-20,2024-05-20 13:19:00,1586.52,1586.62,1586.52,1586.62,0.01,60.94,96032.22,1
2024-05-20,2024-05-20 13:20:00,1586.62,1586.73,1586.62,1586.73,0.01,60.94,96032.22,1
2024-05-20,2024-05-20 13:21:00,1586.73,1586.83,1586.73,1586.83,0.01,60.94,96032.22,1
2024-05-20,2024-05-20 13:22:00,1586.83,1586.94,1586.83,1586.94,0.01,60.94,96032.22,1
2024-05-20,2024-05-20 13:23:00,1586.94,1587.04,1586.94,1587.04,0.01,60.94,96032.22,1
2024-05-20,2024-05-20 13:24:00,1587.04,1587.14,1587.04,1587.14,0.01,60.94,96032.22,1
2024-05-20,2024-05-20 13:25:00,1587.14,1587.25,1587.14,1587.25,0.01,60.94,96032.22,1
2024-05-20,2024-05-20 13:26:00,1587.25,1587.35,1587.25,1587.35,0.01,60.94,96032.22,1
2024-05-20,2024-05-20 13:27:00,1587.35,1587.45,1587.35,1587.45,0.01,60.94,96032.22,1
2024-05-20,2024-05-20 13:28:00,1587.45,1587.56,1587.45,1587.56,0.01,60.94,96032.22,1
2024-05-20,2024-05-20 13:29:00,1587.56,1587.66,1587.56,1587.66,0.01,60.94,96032.22,1
2024-05-20,2024-05-20 13:30:00,1587.66,1587.77,1587.66,1587.77,0.01,60.94,96032.22,1
2024-05-20,2024-05-20 13:31:00,1587.77,1587.87,1587.77,1587.87,0.01,60.94,96032.22,1
2024-05-20,2024-05-20 13:32:00,1587.87,1587.97,1587.87,1587.97,0.01,60.94,96032.22,1
2024-05-20,2024-05-20 13:33:00,1587.97,1588.08,1587.97,1588.08,0.01,60.94,96032.22,1
2024-05-20,2024-05-20 13:34:00,1588.08,1588.18,1588.08,1588.18,0.01,60.94,96032.22,1
2024-05-20,2024-05-20 13:35:00,1588.18,1588.28,1588.18,1588.28,0.01,60.94,96032.22,1
2024-05-20,2024-05-20 13:36:00,1588.28,1588.39,1588.28,1588.39,0.01,60.94,96032.22,1
2024-05-20,2024-05-20 13:37:00,1588.39,1588.49,1588.39,1588.49,0.01,60.94,96032.22,1
2024-05-20,2024-05-20 13:38:00,1588.49,1588.6,1588.49,1588.6,0.01,60.94,96032.22,1
2024-05-20,2024-05-20 13:39:00,1588.6,1588.7,1588.6,1588.7,0.01,60.94,96032.22,1
2024-05-20,2024-05-20 13:40:00,1588.7,1588.8,1588.7,1588.8,0.01,60.94,96032.22,1
2024-05-20,2024-05-20 13:41:00,1588.8,1588.91,1588.8,1588.91,0.01,60.94,96032.22,1
2024-05-20,2024-05-20 13:42:00,1588.91,1589.01,1588.91,1589.01,0.01,60.94,96032.22,1
2024-05-20,2024-05-20 13:43:00,1589.01,1589.12,1589.01,1589.12,0.01,60.94,96032.22,1
2024-05-20,2024-05-20 13:44:00,1589.12,1589.22,1589.12,1589.22,0.01,60.94,96032.22,1
2024-05-20,2024-05-20 13:45:00,1589.22,1589.32,1589.22,1589.32,0.01,60.94,96032.22,1
2024-05-20,2024-05-20 13:46:00,1589.32,1589.43,1589.32,1589.43,0.01,60.94,96032.22,1
2024-05-20,2024-05-20 13:47:00,1589.43,1589.53,1589.43,1589.53,0.01,60.94,96032.22,1
2024-05-20,2024-05-20 13:48:00,1589.53,1589.63,1589.53,1589.63,0.01,60.94,96032.22,1
2024-05-20,2024-05-20 13:49:00,1589.63,1589.74,1589.63,1589.74,0.01,60.94,96032.22,1
2024-05-20,2024-05-20 13:50:00,1589.74,1589.84,1589.74,1589.84,0.01,60.94,96032.22,1
2024-05-20,2024-05-20 13:51:00,1589.84,1589.94,1589.84,1589.94,0.01,60.94,96032.22,1
2024-05-20,2024-05-20 13:52:00,1589.94,1590.05,1589.94,1590.05,0.01,60.94,96032.22,1
2024-05-20,2024-05-20 13:53:00,1590.05,1590.15,1590.05,1590.15,0.01,60.94,96032.22,1
2024-05-20,2024-05-20 13:54:00,1590.15,1590.26,1590.15,1590.26,0.01,60.94,96032.22,1
2024-05-20,2024-05-20 13:55:00,1590.26,1590.36,1590.26,1590.36,0.01,60.94,96032.22,1
2024-05-20,2024-05-20 13:56:00,1590.36,1590.46,1590.36,1590.46,0.01,60.94,96032.22,1
2024-05-20,2024-05-20 13:57:00,1590.46,1590.57,1590.46,1590.57,0.01,60.94,96032.22,1
2024-05-20,2024-05-20 13:58:00,1590.57,1590.67,1590.57,1590.67,0.01,60.94,96032.22,1
2024-05-20,2024-05-20 13:59:00,1590.67,1590.78,1590.67,1590.78,0.01,60.94,96032.22,1
2024-05-20,2024-05-20 14:00:00,1590.78,1590.88,1590.78,1590.88,0.01,60.94,96032.22,1
2024-05-20,2024-05-20 14:01:00,1590.88,1590.98,1590.88,1590.98,0.01,60.94,96032.22,1
2024-05-20,2024-05-20 14:02:00,1590.98,1591.09,1590.98,1591.09,0.01,60.94,96032.22,1
2024-05-20,2024-05-20 14:03:00,1591.09,1591.19,1591.09,1591.19,0.01,60.94,96032.22,1
2024-05-20,2024-05-20 14:04:00,1591.19,1591.29,1591.19,1591.29,0.01,60.94,96032.22,1
2024-05-20,2024-05-20 14:05:00,1591.29,1591.4,1591.29,1591.4,0.01,60.94,96032.22,1
2024-05-20,2024-05-20 14:06:00,1591.4,1591.5,1591.4,1591.5,0.01,60.94,96032.22,1
2024-05-20,2024-05-20 14:07:00,1591.5,1591.61,1591.5,1591.61,0.01,60.94,96032.22,1
2024-05-20,2024-05-20 14:08:00,1591.61,1591.71,1591.61,1591.71,0.01,60.94,96032.22,1
2024-05-20,2024-05-20 14:09:00,1591.71,1591.81,1591.71,1591.81,0.01,60.94,96032.22,1
2024-05-20,2024-05-20 14:10:00,1591.81,1591.92,1591.81,1591.92,0.01,60.94,96032.22,1
2024-05-20,2024-05-20 14:11:00,1591.92,1592.02,1591.92,1592.02,0.01,60.94,96032.22,1
2024-05-20,2024-05-20 14:12:00,1592.02,1592.12,1592.02,1592.12,0.01,60.94,96032.22,1
2024-05-20,2024-05-20 14:13:00,1592.12,1592.23,1592.12,1592.23,0.01,60.94,96032.22,1
2024-05-20,2024-05-20 14:14:00,1592.23,1592.33,1592.23,1592.33,0.01,60.94,96032.22,1
2024-05-20,2024-05-20 14:15:00,1592.33,1592.43,1592.33,1592.43,0.01,60.94,96032.22,1
2024-05-20,2024-05-20 14:16:00,1592.43,1592.54,1592.43,1592.54,0.01,60.94,96032.22,1
2024-05-20,2024-05-20 14:17:00,1592.54,1592.64,1592.54,1592.64,0.01,60.94,96032.22,1
2024-05-20,2024-05-20 14:18:00,1592.64,1592.75,1592.64,1592.75,0.01,60.94,96032.22,1
2024-05-20,2024-05-20 14:19:00,1592.75,1592.85,1592.75,1592.85,0.01,60.94,96032.22,1
2024-05-20,2024-05-20 14:20:00,1592.85,1592.95,1592.85,1592.95,0.01,60.94,96032.22,1
2024-05-20,2024-05-20 14:21:00,1592.95,1593.06,1592.95,1593.06,0.01,60.94,96032.22,1
2024-05-20,2024-05-20 14:22:00,1593.06,1593.16,1593.06,1593.16,0.01,60.94,96032.22,1
2024-05-20,2024-05-20 14:23:00,1593.16,1593.26,1593.16,1593.26,0.01,60.94,96032.22,1
2024-05-20,2024-05-20 14:24:00,1593.26,1593.37,1593.26,1593.37,0.01,60.94,96032.22,1
2024-05-20,2024-05-20 14:25:00,1593.37,1593.47,1593.37,1593.47,0.01,60.94,96032.22,1
2024-05-20,2024-05-20 14:26:00,1593.47,1593.58,1593.47,1593.58,0.01,60.94,96032.22,1
2024-05-20,2024-05-20 14:27:00,1593.58,1593.68,1593.58,1593.68,0.01,60.94,96032.22,1
2024-05-20,2024-05-20 14:28:00,1593.68,1593.78,1593.68,1593.78,0.01,60.94,96032.22,1
2024-05-20,2024-05-20 14:29:00,1593.78,1593.89,1593.78,1593.89,0.01,60.94,96032.22,1
2024-05-20,2024-05-20 14:30:00,1593.89,1593.99,1593.89,1593.99,0.01,60.94,96032.22,1
2024-05-20,2024-05-20 14:31:00,1593.99,1594.1,1593.99,1594.1,0.01,60.94,96032.22,1
2024-05-20,2024-05-20 14:32:00,1594.1,1594.2,1594.1,1594.2,0.01,60.94,96032.22,1
2024-05-20,2024-05-20 14:33:00,1594.2,1594.3,1594.2,1594.3,0.01,60.94,96032.22,1
2024-05-20,2024-05-20 14:34:00,1594.3,1594.41,1594.3,1594.41,0.01,60.94,96032.22,1
2024-05-20,2024-05-20 14:35:00,1594.41,1594.51,1594.41,1594.51,0.01,60.94,96032.22,1
2024-05-20,2024-05-20 14:36:00,1594.51,1594.61,1594.51,1594.61,0.01,60.94,96032.22,1
2024-05-20,2024-05-20 14:37:00,1594.61,1594.72,1594.61,1594.72,0.01,60.94,96032.22,1
2024-05-20,2024-05-20 14:38:00,1594.72,1594.82,1594.72,1594.82,0.01,60.94,96032.22,1
2024-05-20,2024-05-20 14:39:00,1594.82,1594.92,1594.82,1594.92,0.01,60.94,96032.22,1
2024-05-20,2024-05-20 14:40:00,1594.92,1595.03,1594.92,1595.03,0.01,60.94,96032.22,1
2024-05-20,2024-05-20 14:41:00,1595.03,1595.13,1595.03,1595.13,0.01,60.94,96032.22,1
2024-05-20,2024-05-20 14:42:00,1595.13,1595.24,1595.13,1595.24,0.01,60.94,96032.22,1
2024-05-20,2024-05-20 14:43:00,1595.24,1595.34,1595.24,1595.34,0.01,60.94,96032.22,1
2024-05-20,2024-05-20 14:44:00,1595.34,1595.44,1595.34,1595.44,0.01,60.94,96032.22,1
2024-05-20,2024-05-20 14:45:00,1595.44,1595.55,1595.44,1595.55,0.01,60.94,96032.22,1
2024-05-20,2024-05-20 14:46:00,1595.55,1595.65,1595.55,1595.65,0.01,60.94,96032.22,1
2024-05-20,2024-05-20 14:47:00,1595.65,1595.76,1595.65,1595.76,0.01,60.94,96032.22,1
2024-05-20,2024-05-20 14:48:00,1595.76,1595.86,1595.76,1595.86,0.01,60.94,96032.22,1
2024-05-20,2024-05-20 14:49:00,1595.86,1595.96,1595.86,1595.96,0.01,60.94,96032.22,1
2024-05-20,2024-05-20 14:50:00,1595.96,1596.07,1595.96,1596.07,0.01,60.94,96032.22,1
2024-05-20,2024-05-20 14:51:00,1596.07,1596.17,1596.07,1596.17,0.01,60.94,96032.22,1
2024-05-20,2024-05-20 14:52:00,1596.17,1596.27,1596.17,1596.27,0.01,60.94,96032.22,1
2024-05-20,2024-05-20 14:53:00,1596.27,1596.38,1596.27,1596.38,0.01,60.94,96032.22,1
2024-05-20,2024-05-20 14:54:00,1596.38,1596.48,1596.38,1596.48,0.01,60.94,96032.22,1
2024-05-20,2024-05-20 14:55:00,1596.48,1596.59,1596.48,1596.59,0.01,60.94,96032.22,1
2024-05-20,2024-05-20 14:56:00,1596.59,1596.69,1596.59,1596.69,0.01,60.94,96032.22,1
2024-05-20,2024-05-20 14:57:00,1596.69,1596.79,1596.69,1596.79,0.01,60.94,96032.22,1
2024-05-20,2024-05-20 14:58:00,1596.79,1596.9,1596.79,1596.9,0.01,60.94,96032.22,1
2024-05-20,2024-05-20 14:59:00,1596.9,1597.0,1596.9,1597.0,0.01,60.94,96032.22,1
2024-05-20,2024-05-20 15:00:00,1597.0,1631.0,1540.0,1597.0,0.0,60.94,96032.22,0
2024-05-21,2024-05-21 11:00:00,1565.1,1590.57,1556.07,1565.06,-0.0,53.85,83853.95,-1
2024-05-21,2024-05-21 11:01:00,1565.06,1565.06,1565.02,1565.02,-0.0,53.85,83853.95,-1
2024-05-21,2024-05-21 11:02:00,1565.02,1565.02,1564.99,1564.99,-0.0,53.85,83853.95,-1
2024-05-21,2024-05-21 11:03:00,1564.99,1564.99,1564.95,1564.95,-0.0,53.85,83853.95,-1
2024-05-21,2024-05-21 11:04:00,1564.95,1564.95,1564.91,1564.91,-0.0,53.85,83853.95,-1
2024-05-21,2024-05-21 11:05:00,1564.91,1564.91,1564.87,1564.87,-0.0,53.85,83853.95,-1
2024-05-21,2024-05-21 11:06:00,1564.87,1564.87,1564.83,1564.83,-0.0,53.85,83853.95,-1
2024-05-21,2024-05-21 11:07:00,1564.83,1564.83,1564.8,1564.8,-0.0,53.85,83853.95,-1
2024-05-21,2024-05-21 11:08:00,1564.8,1564.8,1564.76,1564.76,-0.0,53.85,83853.95,-1
2024-05-21,2024-05-21 11:09:00,1564.76,1564.76,1564.72,1564.72,-0.0,53.85,83853.95,-1
2024-05-21,2024-05-21 11:10:00,1564.72,1564.72,1564.68,1564.68,-0.0,53.85,83853.95,-1
2024-05-21,2024-05-21 11:11:00,1564.68,1564.68,1564.64,1564.64,-0.0,53.85,83853.95,-1
2024-05-21,2024-05-21 11:12:00,1564.64,1564.64,1564.61,1564.61,-0.0,53.85,83853.95,-1
2024-05-21,2024-05-21 11:13:00,1564.61,1564.61,1564.57,1564.57,-0.0,53.85,83853.95,-1
2024-05-21,2024-05-21 11:14:00,1564.57,1564.57,1564.53,1564.53,-0.0,53.85,83853.95,-1
2024-05-21,2024-05-21 11:15:00,1564.53,1564.53,1564.49,1564.49,-0.0,53.85,83853.95,-1
2024-05-21,2024-05-21 11:16:00,1564.49,1564.49,1564.46,1564.46,-0.0,53.85,83853.95,-1
2024-05-21,2024-05-21 11:17:00,1564.46,1564.46,1564.42,1564.42,-0.0,53.85,83853.95,-1
2024-05-21,2024-05-21 11:18:00,1564.42,1564.42,1564.38,1564.38,-0.0,53.85,83853.95,-1
2024-05-21,2024-05-21 11:19:00,1564.38,1564.38,1564.34,1564.34,-0.0,53.85,83853.95,-1
2024-05-21,2024-05-21 11:20:00,1564.34,1564.34,1564.3,1564.3,-0.0,53.85,83853.95,-1
2024-05-21,2024-05-21 11:21:00,1564.3,1564.3,1564.27,1564.27,-0.0,53.85,83853.95,-1
2024-05-21,2024-05-21 11:22:00,1564.27,1564.27,1564.23,1564.23,-0.0,53.85,83853.95,-1
2024-05-21,2024-05-21 11:23:00,1564.23,1564.23,1564.19,1564.19,-0.0,53.85,83853.95,-1
2024-05-21,2024-05-21 11:24:00,1564.19,1564.19,1564.15,1564.15,-0.0,53.85,83853.95,-1
2024-05-21,2024-05-21 11:25:00,1564.15,1564.15,1564.11,1564.11,-0.0,53.85,83853.95,-1
2024-05-21,2024-05-21 11:26:00,1564.11,1564.11,1564.08,1564.08,-0.0,53.85,83853.95,-1
2024-05-21,2024-05-21 11:27:00,1564.08,1564.08,1564.04,1564.04,-0.0,53.85,83853.95,-1
2024-05-21,2024-05-21 11:28:00,1564.04,1564.04,1564.0,1564.0,-0.0,53.85,83853.95,-1
2024-05-21,2024-05-21 11:29:00,1564.0,1564.0,1563.96,1563.96,-0.0,53.85,83853.95,-1
2024-05-21,2024-05-21 11:30:00,1563.96,1563.96,1563.92,1563.92,-0.0,53.85,83853.95,-1
2024-05-21,2024-05-21 11:31:00,1563.92,1563.92,1563.89,1563.89,-0.0,53.85,83853.95,-1
2024-05-21,2024-05-21 11:32:00,1563.89,1563.89,1563.85,1563.85,-0.0,53.85,83853.95,-1
2024-05-21,2024-05-21 11:33:00,1563.85,1563.85,1563.81,1563.81,-0.0,53.85,83853.95,-1
2024-05-21,2024-05-21 11:34:00,1563.81,1563.81,1563.77,1563.77,-0.0,53.85,83853.95,-1
2024-05-21,2024-05-21 11:35:00,1563.77,1563.77,1563.73,1563.73,-0.0,53.85,83853.95,-1
2024-05-21,2024-05-21 11:36:00,1563.73,1563.73,1563.7,1563.7,-0.0,53.85,83853.95,-1
2024-05-21,2024-05-21 11:37:00,1563.7,1563.7,1563.66,1563.66,-0.0,53.85,83853.95,-1
2024-05-21,2024-05-21 11:38:00,1563.66,1563.66,1563.62,1563.62,-0.0,53.85,83853.95,-1
2024-05-21,2024-05-21 11:39:00,1563.62,1563.62,1563.58,1563.58,-0.0,53.85,83853.95,-1
2024-05-21,2024-05-21 11:40:00,1563.58,1563.58,1563.55,1563.55,-0.0,53.85,83853.95,-1
2024-05-21,2024-05-21 11:41:00,1563.55,1563.55,1563.51,1563.51,-0.0,53.85,83853.95,-1
2024-05-21,2024-05-21 11:42:00,1563.51,1563.51,1563.47,1563.47,-0.0,53.85,83853.95,-1
2024-05-21,2024-05-21 11:43:00,1563.47,1563.47,1563.43,1563.43,-0.0,53.85,83853.95,-1
2024-05-21,2024-05-21 11:44:00,1563.43,1563.43,1563.39,1563.39,-0.0,53.85,83853.95,-1
2024-05-21,2024-05-21 11:45:00,1563.39,1563.39,1563.36,1563.36,-0.0,53.85,83853.95,-1
2024-05-21,2024-05-21 11:46:00,1563.36,1563.36,1563.32,1563.32,-0.0,53.85,83853.95,-1
2024-05-21,2024-05-21 11:47:00,1563.32,1563.32,1563.28,1563.28,-0.0,53.85,83853.95,-1
2024-05-21,2024-05-21 11:48:00,1563.28,1563.28,1563.24,1563.24,-0.0,53.85,83853.95,-1
2024-05-21,2024-05-21 11:49:00,1563.24,1563.24,1563.2,1563.2,-0.0,53.85,83853.95,-1
2024-05-21,2024-05-21 11:50:00,1563.2,1563.2,1563.17,1563.17,-0.0,53.85,83853.95,-1
2024-05-21,2024-05-21 11:51:00,1563.17,1563.17,1563.13,1563.13,-0.0,53.85,83853.95,-1
2024-05-21,2024-05-21 11:52:00,1563.13,1563.13,1563.09,1563.09,-0.0,53.85,83853.95,-1
2024-05-21,2024-05-21 11:53:00,1563.09,1563.09,1563.05,1563.05,-0.0,53.85,83853.95,-1
2024-05-21,2024-05-21 11:54:00,1563.05,1563.05,1563.01,1563.01,-0.0,53.85,83853.95,-1
2024-05-21,2024-05-21 11:55:00,1563.01,1563.01,1562.98,1562.98,-0.0,53.85,83853.95,-1
2024-05-21,2024-05-21 11:56:00,1562.98,1562.98,1562.94,1562.94,-0.0,53.85,83853.95,-1
2024-05-21,2024-05-21 11:57:00,1562.94,1562.94,1562.9,1562.9,-0.0,53.85,83853.95,-1
2024-05-21,2024-05-21 11:58:00,1562.9,1562.9,1562.86,1562.86,-0.0,53.85,83853.95,-1
2024-05-21,2024-05-21 11:59:00,1562.86,1562.86,1562.82,1562.82,-0.0,53.85,83853.95,-1
2024-05-21,2024-05-21 12:00:00,1562.82,1562.82,1562.79,1562.79,-0.0,53.85,83853.95,-1
2024-05-21,2024-05-21 12:01:00,1562.79,1562.79,1562.75,1562.75,-0.0,53.85,83853.95,-1
2024-05-21,2024-05-21 12:02:00,1562.75,1562.75,1562.71,1562.71,-0.0,53.85,83853.95,-1
2024-05-21,2024-05-21 12:03:00,1562.71,1562.71,1562.67,1562.67,-0.0,53.85,83853.95,-1
2024-05-21,2024-05-21 12:04:00,1562.67,1562.67,1562.64,1562.64,-0.0,53.85,83853.95,-1
2024-05-21,2024-05-21 12:05:00,1562.64,1562.64,1562.6,1562.6,-0.0,53.85,83853.95,-1
2024-05-21,2024-05-21 12:06:00,1562.6,1562.6,1562.56,1562.56,-0.0,53.85,83853.95,-1
2024-05-21,2024-05-21 12:07:00,1562.56,1562.56,1562.52,1562.52,-0.0,53.85,83853.95,-1
2024-05-21,2024-05-21 12:08:00,1562.52,1562.52,1562.48,1562.48,-0.0,53.85,83853.95,-1
2024-05-21,2024-05-21 12:09:00,1562.48,1562.48,1562.45,1562.45,-0.0,53.85,83853.95,-1
2024-05-21,2024-05-21 12:10:00,1562.45,1562.45,1562.41,1562.41,-0.0,53.85,83853.95,-1
2024-05-21,2024-05-21 12:11:00,1562.41,1562.41,1562.37,1562.37,-0.0,53.85,83853.95,-1
2024-05-21,2024-05-21 12:12:00,1562.37,1562.37,1562.33,1562.33,-0.0,53.85,83853.95,-1
2024-05-21,2024-05-21 12:13:00,1562.33,1562.33,1562.29,1562.29,-0.0,53.85,83853.95,-1
2024-05-21,2024-05-21 12:14:00,1562.29,1562.29,1562.26,1562.26,-0.0,53.85,83853.95,-1
2024-05-21,2024-05-21 12:15:00,1562.26,1562.26,1562.22,1562.22,-0.0,53.85,83853.95,-1
2024-05-21,2024-05-21 12:16:00,1562.22,1562.22,1562.18,1562.18,-0.0,53.85,83853.95,-1
2024-05-21,2024-05-21 12:17:00,1562.18,1562.18,1562.14,1562.14,-0.0,53.85,83853.95,-1
2024-05-21,2024-05-21 12:18:00,1562.14,1562.14,1562.1,1562.1,-0.0,53.85,83853.95,-1
2024-05-21,2024-05-21 12:19:00,1562.1,1562.1,1562.07,1562.07,-0.0,53.85,83853.95,-1
2024-05-21,2024-05-21 12:20:00,1562.07,1562.07,1562.03,1562.03,-0.0,53.85,83853.95,-1
2024-05-21,2024-05-21 12:21:00,1562.03,1562.03,1561.99,1561.99,-0.0,53.85,83853.95,-1
2024-05-21,2024-05-21 12:22:00,1561.99,1561.99,1561.95,1561.95,-0.0,53.85,83853.95,-1
2024-05-21,2024-05-21 12:23:00,1561.95,1561.95,1561.91,1561.91,-0.0,53.85,83853.95,-1
2024-05-21,2024-05-21 12:24:00,1561.91,1561.91,1561.88,1561.88,-0.0,53.85,83853.95,-1
2024-05-21,2024-05-21 12:25:00,1561.88,1561.88,1561.84,1561.84,-0.0,53.85,83853.95,-1
2024-05-21,2024-05-21 12:26:00,1561.84,1561.84,1561.8,1561.8,-0.0,53.85,83853.95,-1
2024-05-21,2024-05-21 12:27:00,1561.8,1561.8,1561.76,1561.76,-0.0,53.85,83853.95,-1
2024-05-21,2024-05-21 12:28:00,1561.76,1561.76,1561.73,1561.73,-0.0,53.85,83853.95,-1
2024-05-21,2024-05-21 12:29:00,1561.73,1561.73,1561.69,1561.69,-0.0,53.85,83853.95,-1
2024-05-21,2024-05-21 12:30:00,1561.69,1561.69,1561.65,1561.65,-0.0,53.85,83853.95,-1
2024-05-21,2024-05-21 12:31:00,1561.65,1561.65,1561.61,1561.61,-0.0,53.85,83853.95,-1
2024-05-21,2024-05-21 12:32:00,1561.61,1561.61,1561.57,1561.57,-0.0,53.85,83853.95,-1
2024-05-21,2024-05-21 12:33:00,1561.57,1561.57,1561.54,1561.54,-0.0,53.85,83853.95,-1
2024-05-21,2024-05-21 12:34:00,1561.54,1561.54,1561.5,1561.5,-0.0,53.85,83853.95,-1
2024-05-21,2024-05-21 12:35:00,1561.5,1561.5,1561.46,1561.46,-0.0,53.85,83853.95,-1
2024-05-21,2024-05-21 12:36:00,1561.46,1561.46,1561.42,1561.42,-0.0,53.85,83853.95,-1
2024-05-21,2024-05-21 12:37:00,1561.42,1561.42,1561.38,1561.38,-0.0,53.85,83853.95,-1
2024-05-21,2024-05-21 12:38:00,1561.38,1561.38,1561.35,1561.35,-0.0,53.85,83853.95,-1
2024-05-21,2024-05-21 12:39:00,1561.35,1561.35,1561.31,1561.31,-0.0,53.85,83853.95,-1
2024-05-21,2024-05-21 12:40:00,1561.31,1561.31,1561.27,1561.27,-0.0,53.85,83853.95,-1
2024-05-21,2024-05-21 12:41:00,1561.27,1561.27,1561.23,1561.23,-0.0,53.85,83853.95,-1
2024-05-21,2024-05-21 12:42:00,1561.23,1561.23,1561.19,1561.19,-0.0,53.85,83853.95,-1
2024-05-21,2024-05-21 12:43:00,1561.19,1561.19,1561.16,1561.16,-0.0,53.85,83853.95,-1
2024-05-21,2024-05-21 12:44:00,1561.16,1561.16,1561.12,1561.12,-0.0,53.85,83853.95,-1
2024-05-21,2024-05-21 12:45:00,1561.12,1561.12,1561.08,1561.08,-0.0,53.85,83853.95,-1
2024-05-21,2024-05-21 12:46:00,1561.08,1561.08,1561.04,1561.04,-0.0,53.85,83853.95,-1
2024-05-21,2024-05-21 12:47:00,1561.04,1561.04,1561.0,1561.0,-0.0,53.85,83853.95,-1
2024-05-21,2024-05-21 12:48:00,1561.0,1561.0,1560.97,1560.97,-0.0,53.85,83853.95,-1
2024-05-21,2024-05-21 12:49:00,1560.97,1560.97,1560.93,1560.93,-0.0,53.85,83853.95,-1
2024-05-21,2024-05-21 12:50:00,1560.93,1560.93,1560.89,1560.89,-0.0,53.85,83853.95,-1
2024-05-21,2024-05-21 12:51:00,1560.89,1560.89,1560.85,1560.85,-0.0,53.85,83853.95,-1
2024-05-21,2024-05-21 12:52:00,1560.85,1560.85,1560.82,1560.82,-0.0,53.85,83853.95,-1
2024-05-21,2024-05-21 12:53:00,1560.82,1560.82,1560.78,1560.78,-0.0,53.85,83853.95,-1
2024-05-21,2024-05-21 12:54:00,1560.78,1560.78,1560.74,1560.74,-0.0,53.85,83853.95,-1
2024-05-21,2024-05-21 12:55:00,1560.74,1560.74,1560.7,1560.7,-0.0,53.85,83853.95,-1
2024-05-21,2024-05-21 12:56:00,1560.7,1560.7,1560.66,1560.66,-0.0,53.85,83853.95,-1
2024-05-21,2024-05-21 12:57:00,1560.66,1560.66,1560.63,1560.63,-0.0,53.85,83853.95,-1
2024-05-21,2024-05-21 12:58:00,1560.63,1560.63,1560.59,1560.59,-0.0,53.85,83853.95,-1
2024-05-21,2024-05-21 12:59:00,1560.59,1560.59,1560.55,1560.55,-0.0,53.85,83853.95,-1
2024-05-21,2024-05-21 13:00:00,1560.55,1650.0,1535.0,1560.51,-0.0,53.85,83853.95,-1
2024-05-21,2024-05-21 13:01:00,1560.51,1560.51,1560.47,1560.47,-0.0,53.85,83853.95,-1
2024-05-21,2024-05-21 13:02:00,1560.47,1560.47,1560.44,1560.44,-0.0,53.85,83853.95,-1
2024-05-21,2024-05-21 13:03:00,1560.44,1560.44,1560.4,1560.4,-0.0,53.85,83853.95,-1
2024-05-21,2024-05-21 13:04:00,1560.4,1560.4,1560.36,1560.36,-0.0,53.85,83853.95,-1
2024-05-21,2024-05-21 13:05:00,1560.36,1560.36,1560.32,1560.32,-0.0,53.85,83853.95,-1
2024-05-21,2024-05-21 13:06:00,1560.32,1560.32,1560.28,1560.28,-0.0,53.85,83853.95,-1
2024-05-21,2024-05-21 13:07:00,1560.28,1560.28,1560.25,1560.25,-0.0,53.85,83853.95,-1
2024-05-21,2024-05-21 13:08:00,1560.25,1560.25,1560.21,1560.21,-0.0,53.85,83853.95,-1
2024-05-21,2024-05-21 13:09:00,1560.21,1560.21,1560.17,1560.17,-0.0,53.85,83853.95,-1
2024-05-21,2024-05-21 13:10:00,1560.17,1560.17,1560.13,1560.13,-0.0,53.85,83853.95,-1
2024-05-21,2024-05-21 13:11:00,1560.13,1560.13,1560.1,1560.1,-0.0,53.85,83853.95,-1
2024-05-21,2024-05-21 13:12:00,1560.1,1560.1,1560.06,1560.06,-0.0,53.85,83853.95,-1
2024-05-21,2024-05-21 13:13:00,1560.06,1560.06,1560.02,1560.02,-0.0,53.85,83853.95,-1
2024-05-21,2024-05-21 13:14:00,1560.02,1560.02,1559.98,1559.98,-0.0,53.85,83853.95,-1
2024-05-21,2024-05-21 13:15:00,1559.98,1559.98,1559.94,1559.94,-0.0,53.85,83853.95,-1
2024-05-21,2024-05-21 13:16:00,1559.94,1559.94,1559.91,1559.91,-0.0,53.85,83853.95,-1
2024-05-21,2024-05-21 13:17:00,1559.91,1559.91,1559.87,1559.87,-0.0,53.85,83853.95,-1
2024-05-21,2024-05-21 13:18:00,1559.87,1559.87,1559.83,1559.83,-0.0,53.85,83853.95,-1
2024-05-21,2024-05-21 13:19:00,1559.83,1559.83,1559.79,1559.79,-0.0,53.85,83853.95,-1
2024-05-21,2024-05-21 13:20:00,1559.79,1559.79,1559.75,1559.75,-0.0,53.85,83853.95,-1
2024-05-21,2024-05-21 13:21:00,1559.75,1559.75,1559.72,1559.72,-0.0,53.85,83853.95,-1
2024-05-21,2024-05-21 13:22:00,1559.72,1559.72,1559.68,1559.68,-0.0,53.85,83853.95,-1
2024-05-21,2024-05-21 13:23:00,1559.68,1559.68,1559.64,1559.64,-0.0,53.85,83853.95,-1
2024-05-21,2024-05-21 13:24:00,1559.64,1559.64,1559.6,1559.6,-0.0,53.85,83853.95,-1
2024-05-21,2024-05-21 13:25:00,1559.6,1559.6,1559.56,1559.56,-0.0,53.85,83853.95,-1
2024-05-21,2024-05-21 13:26:00,1559.56,1559.56,1559.53,1559.53,-0.0,53.85,83853.95,-1
2024-05-21,2024-05-21 13:27:00,1559.53,1559.53,1559.49,1559.49,-0.0,53.85,83853.95,-1
2024-05-21,2024-05-21 13:28:00,1559.49,1559.49,1559.45,1559.45,-0.0,53.85,83853.95,-1
2024-05-21,2024-05-21 13:29:00,1559.45,1559.45,1559.41,1559.41,-0.0,53.85,83853.95,-1
2024-05-21,2024-05-21 13:30:00,1559.41,1559.41,1559.37,1559.37,-0.0,53.85,83853.95,-1
2024-05-21,2024-05-21 13:31:00,1559.37,1559.37,1559.34,1559.34,-0.0,53.85,83853.95,-1
2024-05-21,2024-05-21 13:32:00,1559.34,1559.34,1559.3,1559.3,-0.0,53.85,83853.95,-1
2024-05-21,2024-05-21 13:33:00,1559.3,1559.3,1559.26,1559.26,-0.0,53.85,83853.95,-1
2024-05-21,2024-05-21 13:34:00,1559.26,1559.26,1559.22,1559.22,-0.0,53.85,83853.95,-1
2024-05-21,2024-05-21 13:35:00,1559.22,1559.22,1559.18,1559.18,-0.0,53.85,83853.95,-1
2024-05-21,2024-05-21 13:36:00,1559.18,1559.18,1559.15,1559.15,-0.0,53.85,83853.95,-1
2024-05-21,2024-05-21 13:37:00,1559.15,1559.15,1559.11,1559.11,-0.0,53.85,83853.95,-1
2024-05-21,2024-05-21 13:38:00,1559.11,1559.11,1559.07,1559.07,-0.0,53.85,83853.95,-1
2024-05-21,2024-05-21 13:39:00,1559.07,1559.07,1559.03,1559.03,-0.0,53.85,83853.95,-1
2024-05-21,2024-05-21 13:40:00,1559.03,1559.03,1559.0,1559.0,-0.0,53.85,83853.95,-1
2024-05-21,2024-05-21 13:41:00,1559.0,1559.0,1558.96,1558.96,-0.0,53.85,83853.95,-1
2024-05-21,2024-05-21 13:42:00,1558.96,1558.96,1558.92,1558.92,-0.0,53.85,83853.95,-1
2024-05-21,2024-05-21 13:43:00,1558.92,1558.92,1558.88,1558.88,-0.0,53.85,83853.95,-1
2024-05-21,2024-05-21 13:44:00,1558.88,1558.88,1558.84,1558.84,-0.0,53.85,83853.95,-1
2024-05-21,2024-05-21 13:45:00,1558.84,1558.84,1558.81,1558.81,-0.0,53.85,83853.95,-1
2024-05-21,2024-05-21 13:46:00,1558.81,1558.81,1558.77,1558.77,-0.0,53.85,83853.95,-1
2024-05-21,2024-05-21 13:47:00,1558.77,1558.77,1558.73,1558.73,-0.0,53.85,83853.95,-1
2024-05-21,2024-05-21 13:48:00,1558.73,1558.73,1558.69,1558.69,-0.0,53.85,83853.95,-1
2024-05-21,2024-05-21 13:49:00,1558.69,1558.69,1558.65,1558.65,-0.0,53.85,83853.95,-1
2024-05-21,2024-05-21 13:50:00,1558.65,1558.65,1558.62,1558.62,-0.0,53.85,83853.95,-1
2024-05-21,2024-05-21 13:51:00,1558.62,1558.62,1558.58,1558.58,-0.0,53.85,83853.95,-1
2024-05-21,2024-05-21 13:52:00,1558.58,1558.58,1558.54,1558.54,-0.0,53.85,83853.95,-1
2024-05-21,2024-05-21 13:53:00,1558.54,1558.54,1558.5,1558.5,-0.0,53.85,83853.95,-1
2024-05-21,2024-05-21 13:54:00,1558.5,1558.5,1558.46,1558.46,-0.0,53.85,83853.95,-1
2024-05-21,2024-05-21 13:55:00,1558.46,1558.46,1558.43,1558.43,-0.0,53.85,83853.95,-1
2024-05-21,2024-05-21 13:56:00,1558.43,1558.43,1558.39,1558.39,-0.0,53.85,83853.95,-1
2024-05-21,2024-05-21 13:57:00,1558.39,1558.39,1558.35,1558.35,-0.0,53.85,83853.95,-1
2024-05-21,2024-05-21 13:58:00,1558.35,1558.35,1558.31,1558.31,-0.0,53.85,83853.95,-1
2024-05-21,2024-05-21 13:59:00,1558.31,1558.31,1558.28,1558.28,-0.0,53.85,83853.95,-1
2024-05-21,2024-05-21 14:00:00,1558.28,1558.28,1558.24,1558.24,-0.0,53.85,83853.95,-1
2024-05-21,2024-05-21 14:01:00,1558.24,1558.24,1558.2,1558.2,-0.0,53.85,83853.95,-1
2024-05-21,2024-05-21 14:02:00,1558.2,1558.2,1558.16,1558.16,-0.0,53.85,83853.95,-1
2024-05-21,2024-05-21 14:03:00,1558.16,1558.16,1558.12,1558.12,-0.0,53.85,83853.95,-1
2024-05-21,2024-05-21 14:04:00,1558.12,1558.12,1558.09,1558.09,-0.0,53.85,83853.95,-1
2024-05-21,2024-05-21 14:05:00,1558.09,1558.09,1558.05,1558.05,-0.0,53.85,83853.95,-1
2024-05-21,2024-05-21 14:06:00,1558.05,1558.05,1558.01,1558.01,-0.0,53.85,83853.95,-1
2024-05-21,2024-05-21 14:07:00,1558.01,1558.01,1557.97,1557.97,-0.0,53.85,83853.95,-1
2024-05-21,2024-05-21 14:08:00,1557.97,1557.97,1557.93,1557.93,-0.0,53.85,83853.95,-1
2024-05-21,2024-05-21 14:09:00,1557.93,1557.93,1557.9,1557.9,-0.0,53.85,83853.95,-1
2024-05-21,2024-05-21 14:10:00,1557.9,1557.9,1557.86,1557.86,-0.0,53.85,83853.95,-1
2024-05-21,2024-05-21 14:11:00,1557.86,1557.86,1557.82,1557.82,-0.0,53.85,83853.95,-1
2024-05-21,2024-05-21 14:12:00,1557.82,1557.82,1557.78,1557.78,-0.0,53.85,83853.95,-1
2024-05-21,2024-05-21 14:13:00,1557.78,1557.78,1557.74,1557.74,-0.0,53.85,83853.95,-1
2024-05-21,2024-05-21 14:14:00,1557.74,1557.74,1557.71,1557.71,-0.0,53.85,83853.95,-1
2024-05-21,2024-05-21 14:15:00,1557.71,1557.71,1557.67,1557.67,-0.0,53.85,83853.95,-1
2024-05-21,2024-05-21 14:16:00,1557.67,1557.67,1557.63,1557.63,-0.0,53.85,83853.95,-1
2024-05-21,2024-05-21 14:17:00,1557.63,1557.63,1557.59,1557.59,-0.0,53.85,83853.95,-1
2024-05-21,2024-05-21 14:18:00,1557.59,1557.59,1557.55,1557.55,-0.0,53.85,83853.95,-1
2024-05-21,2024-05-21 14:19:00,1557.55,1557.55,1557.52,1557.52,-0.0,53.85,83853.95,-1
2024-05-21,2024-05-21 14:20:00,1557.52,1557.52,1557.48,1557.48,-0.0,53.85,83853.95,-1
2024-05-21,2024-05-21 14:21:00,1557.48,1557.48,1557.44,1557.44,-0.0,53.85,83853.95,-1
2024-05-21,2024-05-21 14:22:00,1557.44,1557.44,1557.4,1557.4,-0.0,53.85,83853.95,-1
2024-05-21,2024-05-21 14:23:00,1557.4,1557.4,1557.37,1557.37,-0.0,53.85,83853.95,-1
2024-05-21,2024-05-21 14:24:00,1557.37,1557.37,1557.33,1557.33,-0.0,53.85,83853.95,-1
2024-05-21,2024-05-21 14:25:00,1557.33,1557.33,1557.29,1557.29,-0.0,53.85,83853.95,-1
2024-05-21,2024-05-21 14:26:00,1557.29,1557.29,1557.25,1557.25,-0.0,53.85,83853.95,-1
2024-05-21,2024-05-21 14:27:00,1557.25,1557.25,1557.21,1557.21,-0.0,53.85,83853.95,-1
2024-05-21,2024-05-21 14:28:00,1557.21,1557.21,1557.18,1557.18,-0.0,53.85,83853.95,-1
2024-05-21,2024-05-21 14:29:00,1557.18,1557.18,1557.14,1557.14,-0.0,53.85,83853.95,-1
2024-05-21,2024-05-21 14:30:00,1557.14,1557.14,1557.1,1557.1,-0.0,53.85,83853.95,-1
2024-05-21,2024-05-21 14:31:00,1557.1,1557.1,1557.06,1557.06,-0.0,53.85,83853.95,-1
2024-05-21,2024-05-21 14:32:00,1557.06,1557.06,1557.02,1557.02,-0.0,53.85,83853.95,-1
2024-05-21,2024-05-21 14:33:00,1557.02,1557.02,1556.99,1556.99,-0.0,53.85,83853.95,-1
2024-05-21,2024-05-21 14:34:00,1556.99,1556.99,1556.95,1556.95,-0.0,53.85,83853.95,-1
2024-05-21,2024-05-21 14:35:00,1556.95,1556.95,1556.91,1556.91,-0.0,53.85,83853.95,-1
2024-05-21,2024-05-21 14:36:00,1556.91,1556.91,1556.87,1556.87,-0.0,53.85,83853.95,-1
2024-05-21,2024-05-21 14:37:00,1556.87,1556.87,1556.83,1556.83,-0.0,53.85,83853.95,-1
2024-05-21,2024-05-21 14:38:00,1556.83,1556.83,1556.8,1556.8,-0.0,53.85,83853.95,-1
2024-05-21,2024-05-21 14:39:00,1556.8,1556.8,1556.76,1556.76,-0.0,53.85,83853.95,-1
2024-05-21,2024-05-21 14:40:00,1556.76,1556.76,1556.72,1556.72,-0.0,53.85,83853.95,-1
2024-05-21,2024-05-21 14:41:00,1556.72,1556.72,1556.68,1556.68,-0.0,53.85,83853.95,-1
2024-05-21,2024-05-21 14:42:00,1556.68,1556.68,1556.64,1556.64,-0.0,53.85,83853.95,-1
2024-05-21,2024-05-21 14:43:00,1556.64,1556.64,1556.61,1556.61,-0.0,53.85,83853.95,-1
2024-05-21,2024-05-21 14:44:00,1556.61,1556.61,1556.57,1556.57,-0.0,53.85,83853.95,-1
2024-05-21,2024-05-21 14:45:00,1556.57,1556.57,1556.53,1556.53,-0.0,53.85,83853.95,-1
2024-05-21,2024-05-21 14:46:00,1556.53,1556.53,1556.49,1556.49,-0.0,53.85,83853.95,-1
2024-05-21,2024-05-21 14:47:00,1556.49,1556.49,1556.45,1556.45,-0.0,53.85,83853.95,-1
2024-05-21,2024-05-21 14:48:00,1556.45,1556.45,1556.42,1556.42,-0.0,53.85,83853.95,-1
2024-05-21,2024-05-21 14:49:00,1556.42,1556.42,1556.38,1556.38,-0.0,53.85,83853.95,-1
2024-05-21,2024-05-21 14:50:00,1556.38,1556.38,1556.34,1556.34,-0.0,53.85,83853.95,-1
2024-05-21,2024-05-21 14:51:00,1556.34,1556.34,1556.3,1556.3,-0.0,53.85,83853.95,-1
2024-05-21,2024-05-21 14:52:00,1556.3,1556.3,1556.27,1556.27,-0.0,53.85,83853.95,-1
2024-05-21,2024-05-21 14:53:00,1556.27,1556.27,1556.23,1556.23,-0.0,53.85,83853.95,-1
2024-05-21,2024-05-21 14:54:00,1556.23,1556.23,1556.19,1556.19,-0.0,53.85,83853.95,-1
2024-05-21,2024-05-21 14:55:00,1556.19,1556.19,1556.15,1556.15,-0.0,53.85,83853.95,-1
2024-05-21,2024-05-21 14:56:00,1556.15,1556.15,1556.11,1556.11,-0.0,53.85,83853.95,-1
2024-05-21,2024-05-21 14:57:00,1556.11,1556.11,1556.08,1556.08,-0.0,53.85,83853.95,-1
2024-05-21,2024-05-21 14:58:00,1556.08,1556.08,1556.04,1556.04,-0.0,53.85,83853.95,-1
2024-05-21,2024-05-21 14:59:00,1556.04,1556.04,1556.0,1556.0,-0.0,53.85,83853.95,-1
2024-05-21,2024-05-21 15:00:00,1556.0,1650.0,1535.0,1556.0,0.0,53.85,83853.95,0
2024-05-22,2024-05-22 11:00:00,1550.0,1560.8,1537.7,1549.9,-0.01,60.49,92367.84,-1
2024-05-22,2024-05-22 11:01:00,1549.9,1549.9,1549.79,1549.79,-0.01,60.49,92367.84,-1
2024-05-22,2024-05-22 11:02:00,1549.79,1549.79,1549.69,1549.69,-0.01,60.49,92367.84,-1
2024-05-22,2024-05-22 11:03:00,1549.69,1549.69,1549.58,1549.58,-0.01,60.49,92367.84,-1
2024-05-22,2024-05-22 11:04:00,1549.58,1549.58,1549.48,1549.48,-0.01,60.49,92367.84,-1
2024-05-22,2024-05-22 11:05:00,1549.48,1549.48,1549.37,1549.37,-0.01,60.49,92367.84,-1
2024-05-22,2024-05-22 11:06:00,1549.37,1549.37,1549.27,1549.27,-0.01,60.49,92367.84,-1
2024-05-22,2024-05-22 11:07:00,1549.27,1549.27,1549.16,1549.16,-0.01,60.49,92367.84,-1
2024-05-22,2024-05-22 11:08:00,1549.16,1549.16,1549.06,1549.06,-0.01,60.49,92367.84,-1
2024-05-22,2024-05-22 11:09:00,1549.06,1549.06,1548.95,1548.95,-0.01,60.49,92367.84,-1
2024-05-22,2024-05-22 11:10:00,1548.95,1548.95,1548.85,1548.85,-0.01,60.49,92367.84,-1
2024-05-22,2024-05-22 11:11:00,1548.85,1548.85,1548.74,1548.74,-0.01,60.49,92367.84,-1
2024-05-22,2024-05-22 11:12:00,1548.74,1548.74,1548.64,1548.64,-0.01,60.49,92367.84,-1
2024-05-22,2024-05-22 11:13:00,1548.64,1548.64,1548.54,1548.54,-0.01,60.49,92367.84,-1
2024-05-22,2024-05-22 11:14:00,1548.54,1548.54,1548.43,1548.43,-0.01,60.49,92367.84,-1
2024-05-22,2024-05-22 11:15:00,1548.43,1548.43,1548.33,1548.33,-0.01,60.49,92367.84,-1
2024-05-22,2024-05-22 11:16:00,1548.33,1548.33,1548.22,1548.22,-0.01,60.49,92367.84,-1
2024-05-22,2024-05-22 11:17:00,1548.22,1548.22,1548.12,1548.12,-0.01,60.49,92367.84,-1
2024-05-22,2024-05-22 11:18:00,1548.12,1548.12,1548.01,1548.01,-0.01,60.49,92367.84,-1
2024-05-22,2024-05-22 11:19:00,1548.01,1548.01,1547.91,1547.91,-0.01,60.49,92367.84,-1
2024-05-22,2024-05-22 11:20:00,1547.91,1547.91,1547.8,1547.8,-0.01,60.49,92367.84,-1
2024-05-22,2024-05-22 11:21:00,1547.8,1547.8,1547.7,1547.7,-0.01,60.49,92367.84,-1
2024-05-22,2024-05-22 11:22:00,1547.7,1547.7,1547.59,1547.59,-0.01,60.49,92367.84,-1
2024-05-22,2024-05-22 11:23:00,1547.59,1547.59,1547.49,1547.49,-0.01,60.49,92367.84,-1
2024-05-22,2024-05-22 11:24:00,1547.49,1547.49,1547.39,1547.39,-0.01,60.49,92367.84,-1
2024-05-22,2024-05-22 11:25:00,1547.39,1547.39,1547.28,1547.28,-0.01,60.49,92367.84,-1
2024-05-22,2024-05-22 11:26:00,1547.28,1547.28,1547.18,1547.18,-0.01,60.49,92367.84,-1
2024-05-22,2024-05-22 11:27:00,1547.18,1547.18,1547.07,1547.07,-0.01,60.49,92367.84,-1
2024-05-22,2024-05-22 11:28:00,1547.07,1547.07,1546.97,1546.97,-0.01,60.49,92367.84,-1
2024-05-22,2024-05-22 11:29:00,1546.97,1546.97,1546.86,1546.86,-0.01,60.49,92367.84,-1
2024-05-22,2024-05-22 11:30:00,1546.86,1546.86,1546.76,1546.76,-0.01,60.49,92367.84,-1
2024-05-22,2024-05-22 11:31:00,1546.76,1546.76,1546.65,1546.65,-0.01,60.49,92367.84,-1
2024-05-22,2024-05-22 11:32:00,1546.65,1546.65,1546.55,1546.55,-0.01,60.49,92367.84,-1
2024-05-22,2024-05-22 11:33:00,1546.55,1546.55,1546.44,1546.44,-0.01,60.49,92367.84,-1
2024-05-22,2024-05-22 11:34:00,1546.44,1546.44,1546.34,1546.34,-0.01,60.49,92367.84,-1
2024-05-22,2024-05-22 11:35:00,1546.34,1546.34,1546.24,1546.24,-0.01,60.49,92367.84,-1
2024-05-22,2024-05-22 11:36:00,1546.24,1546.24,1546.13,1546.13,-0.01,60.49,92367.84,-1
2024-05-22,2024-05-22 11:37:00,1546.13,1546.13,1546.03,1546.03,-0.01,60.49,92367.84,-1
2024-05-22,2024-05-22 11:38:00,1546.03,1546.03,1545.92,1545.92,-0.01,60.49,92367.84,-1
2024-05-22,2024-05-22 11:39:00,1545.92,1545.92,1545.82,1545.82,-0.01,60.49,92367.84,-1
2024-05-22,2024-05-22 11:40:00,1545.82,1545.82,1545.71,1545.71,-0.01,60.49,92367.84,-1
2024-05-22,2024-05-22 11:41:00,1545.71,1545.71,1545.61,1545.61,-0.01,60.49,92367.84,-1
2024-05-22,2024-05-22 11:42:00,1545.61,1545.61,1545.5,1545.5,-0.01,60.49,92367.84,-1
2024-05-22,2024-05-22 11:43:00,1545.5,1545.5,1545.4,1545.4,-0.01,60.49,92367.84,-1
2024-05-22,2024-05-22 11:44:00,1545.4,1545.4,1545.29,1545.29,-0.01,60.49,92367.84,-1
2024-05-22,2024-05-22 11:45:00,1545.29,1545.29,1545.19,1545.19,-0.01,60.49,92367.84,-1
2024-05-22,2024-05-22 11:46:00,1545.19,1545.19,1545.08,1545.08,-0.01,60.49,92367.84,-1
2024-05-22,2024-05-22 11:47:00,1545.08,1545.08,1544.98,1544.98,-0.01,60.49,92367.84,-1
2024-05-22,2024-05-22 11:48:00,1544.98,1544.98,1544.88,1544.88,-0.01,60.49,92367.84,-1
2024-05-22,2024-05-22 11:49:00,1544.88,1544.88,1544.77,1544.77,-0.01,60.49,92367.84,-1
2024-05-22,2024-05-22 11:50:00,1544.77,1544.77,1544.67,1544.67,-0.01,60.49,92367.84,-1
2024-05-22,2024-05-22 11:51:00,1544.67,1544.67,1544.56,1544.56,-0.01,60.49,92367.84,-1
2024-05-22,2024-05-22 11:52:00,1544.56,1544.56,1544.46,1544.46,-0.01,60.49,92367.84,-1
2024-05-22,2024-05-22 11:53:00,1544.46,1544.46,1544.35,1544.35,-0.01,60.49,92367.84,-1
2024-05-22,2024-05-22 11:54:00,1544.35,1544.35,1544.25,1544.25,-0.01,60.49,92367.84,-1
2024-05-22,2024-05-22 11:55:00,1544.25,1544.25,1544.14,1544.14,-0.01,60.49,92367.84,-1
2024-05-22,2024-05-22 11:56:00,1544.14,1544.14,1544.04,1544.04,-0.01,60.49,92367.84,-1
2024-05-22,2024-05-22 11:57:00,1544.04,1544.04,1543.93,1543.93,-0.01,60.49,92367.84,-1
2024-05-22,2024-05-22 11:58:00,1543.93,1543.93,1543.83,1543.83,-0.01,60.49,92367.84,-1
2024-05-22,2024-05-22 11:59:00,1543.83,1543.83,1543.72,1543.72,-0.01,60.49,92367.84,-1
2024-05-22,2024-05-22 12:00:00,1543.72,1543.72,1543.62,1543.62,-0.01,60.49,92367.84,-1
2024-05-22,2024-05-22 12:01:00,1543.62,1543.62,1543.52,1543.52,-0.01,60.49,92367.84,-1
2024-05-22,2024-05-22 12:02:00,1543.52,1543.52,1543.41,1543.41,-0.01,60.49,92367.84,-1
2024-05-22,2024-05-22 12:03:00,1543.41,1543.41,1543.31,1543.31,-0.01,60.49,92367.84,-1
2024-05-22,2024-05-22 12:04:00,1543.31,1543.31,1543.2,1543.2,-0.01,60.49,92367.84,-1
2024-05-22,2024-05-22 12:05:00,1543.2,1543.2,1543.1,1543.1,-0.01,60.49,92367.84,-1
2024-05-22,2024-05-22 12:06:00,1543.1,1543.1,1542.99,1542.99,-0.01,60.49,92367.84,-1
2024-05-22,2024-05-22 12:07:00,1542.99,1542.99,1542.89,1542.89,-0.01,60.49,92367.84,-1
2024-05-22,2024-05-22 12:08:00,1542.89,1542.89,1542.78,1542.78,-0.01,60.49,92367.84,-1
2024-05-22,2024-05-22 12:09:00,1542.78,1542.78,1542.68,1542.68,-0.01,60.49,92367.84,-1
2024-05-22,2024-05-22 12:10:00,1542.68,1542.68,1542.57,1542.57,-0.01,60.49,92367.84,-1
2024-05-22,2024-05-22 12:11:00,1542.57,1542.57,1542.47,1542.47,-0.01,60.49,92367.84,-1
2024-05-22,2024-05-22 12:12:00,1542.47,1542.47,1542.37,1542.37,-0.01,60.49,92367.84,-1
2024-05-22,2024-05-22 12:13:00,1542.37,1542.37,1542.26,1542.26,-0.01,60.49,92367.84,-1
2024-05-22,2024-05-22 12:14:00,1542.26,1542.26,1542.16,1542.16,-0.01,60.49,92367.84,-1
2024-05-22,2024-05-22 12:15:00,1542.16,1542.16,1542.05,1542.05,-0.01,60.49,92367.84,-1
2024-05-22,2024-05-22 12:16:00,1542.05,1542.05,1541.95,1541.95,-0.01,60.49,92367.84,-1
2024-05-22,2024-05-22 12:17:00,1541.95,1541.95,1541.84,1541.84,-0.01,60.49,92367.84,-1
2024-05-22,2024-05-22 12:18:00,1541.84,1541.84,1541.74,1541.74,-0.01,60.49,92367.84,-1
2024-05-22,2024-05-22 12:19:00,1541.74,1541.74,1541.63,1541.63,-0.01,60.49,92367.84,-1
2024-05-22,2024-05-22 12:20:00,1541.63,1541.63,1541.53,1541.53,-0.01,60.49,92367.84,-1
2024-05-22,2024-05-22 12:21:00,1541.53,1541.53,1541.42,1541.42,-0.01,60.49,92367.84,-1
2024-05-22,2024-05-22 12:22:00,1541.42,1541.42,1541.32,1541.32,-0.01,60.49,92367.84,-1
2024-05-22,2024-05-22 12:23:00,1541.32,1541.32,1541.22,1541.22,-0.01,60.49,92367.84,-1
2024-05-22,2024-05-22 12:24:00,1541.22,1541.22,1541.11,1541.11,-0.01,60.49,92367.84,-1
2024-05-22,2024-05-22 12:25:00,1541.11,1541.11,1541.01,1541.01,-0.01,60.49,92367.84,-1
2024-05-22,2024-05-22 12:26:00,1541.01,1541.01,1540.9,1540.9,-0.01,60.49,92367.84,-1
2024-05-22,2024-05-22 12:27:00,1540.9,1540.9,1540.8,1540.8,-0.01,60.49,92367.84,-1
2024-05-22,2024-05-22 12:28:00,1540.8,1540.8,1540.69,1540.69,-0.01,60.49,92367.84,-1
2024-05-22,2024-05-22 12:29:00,1540.69,1540.69,1540.59,1540.59,-0.01,60.49,92367.84,-1
2024-05-22,2024-05-22 12:30:00,1540.59,1540.59,1540.48,1540.48,-0.01,60.49,92367.84,-1
2024-05-22,2024-05-22 12:31:00,1540.48,1540.48,1540.38,1540.38,-0.01,60.49,92367.84,-1
2024-05-22,2024-05-22 12:32:00,1540.38,1540.38,1540.27,1540.27,-0.01,60.49,92367.84,-1
2024-05-22,2024-05-22 12:33:00,1540.27,1540.27,1540.17,1540.17,-0.01,60.49,92367.84,-1
2024-05-22,2024-05-22 12:34:00,1540.17,1540.17,1540.06,1540.06,-0.01,60.49,92367.84,-1
2024-05-22,2024-05-22 12:35:00,1540.06,1540.06,1539.96,1539.96,-0.01,60.49,92367.84,-1
2024-05-22,2024-05-22 12:36:00,1539.96,1539.96,1539.86,1539.86,-0.01,60.49,92367.84,-1
2024-05-22,2024-05-22 12:37:00,1539.86,1539.86,1539.75,1539.75,-0.01,60.49,92367.84,-1
2024-05-22,2024-05-22 12:38:00,1539.75,1539.75,1539.65,1539.65,-0.01,60.49,92367.84,-1
2024-05-22,2024-05-22 12:39:00,1539.65,1539.65,1539.54,1539.54,-0.01,60.49,92367.84,-1
2024-05-22,2024-05-22 12:40:00,1539.54,1539.54,1539.44,1539.44,-0.01,60.49,92367.84,-1
2024-05-22,2024-05-22 12:41:00,1539.44,1539.44,1539.33,1539.33,-0.01,60.49,92367.84,-1
2024-05-22,2024-05-22 12:42:00,1539.33,1539.33,1539.23,1539.23,-0.01,60.49,92367.84,-1
2024-05-22,2024-05-22 12:43:00,1539.23,1539.23,1539.12,1539.12,-0.01,60.49,92367.84,-1
2024-05-22,2024-05-22 12:44:00,1539.12,1539.12,1539.02,1539.02,-0.01,60.49,92367.84,-1
2024-05-22,2024-05-22 12:45:00,1539.02,1539.02,1538.91,1538.91,-0.01,60.49,92367.84,-1
2024-05-22,2024-05-22 12:46:00,1538.91,1538.91,1538.81,1538.81,-0.01,60.49,92367.84,-1
2024-05-22,2024-05-22 12:47:00,1538.81,1538.81,1538.7,1538.7,-0.01,60.49,92367.84,-1
2024-05-22,2024-05-22 12:48:00,1538.7,1538.7,1538.6,1538.6,-0.01,60.49,92367.84,-1
2024-05-22,2024-05-22 12:49:00,1538.6,1538.6,1538.5,1538.5,-0.01,60.49,92367.84,-1
2024-05-22,2024-05-22 12:50:00,1538.5,1538.5,1538.39,1538.39,-0.01,60.49,92367.84,-1
2024-05-22,2024-05-22 12:51:00,1538.39,1538.39,1538.29,1538.29,-0.01,60.49,92367.84,-1
2024-05-22,2024-05-22 12:52:00,1538.29,1538.29,1538.18,1538.18,-0.01,60.49,92367.84,-1
2024-05-22,2024-05-22 12:53:00,1538.18,1538.18,1538.08,1538.08,-0.01,60.49,92367.84,-1
2024-05-22,2024-05-22 12:54:00,1538.08,1538.08,1537.97,1537.97,-0.01,60.49,92367.84,-1
2024-05-22,2024-05-22 12:55:00,1537.97,1537.97,1537.87,1537.87,-0.01,60.49,92367.84,-1
2024-05-22,2024-05-22 12:56:00,1537.87,1537.87,1537.76,1537.76,-0.01,60.49,92367.84,-1
2024-05-22,2024-05-22 12:57:00,1537.76,1537.76,1537.66,1537.66,-0.01,60.49,92367.84,-1
2024-05-22,2024-05-22 12:58:00,1537.66,1537.66,1537.55,1537.55,-0.01,60.49,92367.84,-1
2024-05-22,2024-05-22 12:59:00,1537.55,1537.55,1537.45,1537.45,-0.01,60.49,92367.84,-1
2024-05-22,2024-05-22 13:00:00,1537.45,1586.0,1509.0,1537.35,-0.01,60.49,92367.84,-1
2024-05-22,2024-05-22 13:01:00,1537.35,1537.35,1537.24,1537.24,-0.01,60.49,92367.84,-1
2024-05-22,2024-05-22 13:02:00,1537.24,1537.24,1537.14,1537.14,-0.01,60.49,92367.84,-1
2024-05-22,2024-05-22 13:03:00,1537.14,1537.14,1537.03,1537.03,-0.01,60.49,92367.84,-1
2024-05-22,2024-05-22 13:04:00,1537.03,1537.03,1536.93,1536.93,-0.01,60.49,92367.84,-1
2024-05-22,2024-05-22 13:05:00,1536.93,1536.93,1536.82,1536.82,-0.01,60.49,92367.84,-1
2024-05-22,2024-05-22 13:06:00,1536.82,1536.82,1536.72,1536.72,-0.01,60.49,92367.84,-1
2024-05-22,2024-05-22 13:07:00,1536.72,1536.72,1536.61,1536.61,-0.01,60.49,92367.84,-1
2024-05-22,2024-05-22 13:08:00,1536.61,1536.61,1536.51,1536.51,-0.01,60.49,92367.84,-1
2024-05-22,2024-05-22 13:09:00,1536.51,1536.51,1536.4,1536.4,-0.01,60.49,92367.84,-1
2024-05-22,2024-05-22 13:10:00,1536.4,1536.4,1536.3,1536.3,-0.01,60.49,92367.84,-1
2024-05-22,2024-05-22 13:11:00,1536.3,1536.3,1536.19,1536.19,-0.01,60.49,92367.84,-1
2024-05-22,2024-05-22 13:12:00,1536.19,1536.19,1536.09,1536.09,-0.01,60.49,92367.84,-1
2024-05-22,2024-05-22 13:13:00,1536.09,1536.09,1535.99,1535.99,-0.01,60.49,92367.84,-1
2024-05-22,2024-05-22 13:14:00,1535.99,1535.99,1535.88,1535.88,-0.01,60.49,92367.84,-1
2024-05-22,2024-05-22 13:15:00,1535.88,1535.88,1535.78,1535.78,-0.01,60.49,92367.84,-1
2024-05-22,2024-05-22 13:16:00,1535.78,1535.78,1535.67,1535.67,-0.01,60.49,92367.84,-1
2024-05-22,2024-05-22 13:17:00,1535.67,1535.67,1535.57,1535.57,-0.01,60.49,92367.84,-1
2024-05-22,2024-05-22 13:18:00,1535.57,1535.57,1535.46,1535.46,-0.01,60.49,92367.84,-1
2024-05-22,2024-05-22 13:19:00,1535.46,1535.46,1535.36,1535.36,-0.01,60.49,92367.84,-1
2024-05-22,2024-05-22 13:20:00,1535.36,1535.36,1535.25,1535.25,-0.01,60.49,92367.84,-1
2024-05-22,2024-05-22 13:21:00,1535.25,1535.25,1535.15,1535.15,-0.01,60.49,92367.84,-1
2024-05-22,2024-05-22 13:22:00,1535.15,1535.15,1535.04,1535.04,-0.01,60.49,92367.84,-1
2024-05-22,2024-05-22 13:23:00,1535.04,1535.04,1534.94,1534.94,-0.01,60.49,92367.84,-1
2024-05-22,2024-05-22 13:24:00,1534.94,1534.94,1534.84,1534.84,-0.01,60.49,92367.84,-1
2024-05-22,2024-05-22 13:25:00,1534.84,1534.84,1534.73,1534.73,-0.01,60.49,92367.84,-1
2024-05-22,2024-05-22 13:26:00,1534.73,1534.73,1534.63,1534.63,-0.01,60.49,92367.84,-1
2024-05-22,2024-05-22 13:27:00,1534.63,1534.63,1534.52,1534.52,-0.01,60.49,92367.84,-1
2024-05-22,2024-05-22 13:28:00,1534.52,1534.52,1534.42,1534.42,-0.01,60.49,92367.84,-1
2024-05-22,2024-05-22 13:29:00,1534.42,1534.42,1534.31,1534.31,-0.01,60.49,92367.84,-1
2024-05-22,2024-05-22 13:30:00,1534.31,1534.31,1534.21,1534.21,-0.01,60.49,92367.84,-1
2024-05-22,2024-05-22 13:31:00,1534.21,1534.21,1534.1,1534.1,-0.01,60.49,92367.84,-1
2024-05-22,2024-05-22 13:32:00,1534.1,1534.1,1534.0,1534.0,-0.01,60.49,92367.84,-1
2024-05-22,2024-05-22 13:33:00,1534.0,1534.0,1533.89,1533.89,-0.01,60.49,92367.84,-1
2024-05-22,2024-05-22 13:34:00,1533.89,1533.89,1533.79,1533.79,-0.01,60.49,92367.84,-1
2024-05-22,2024-05-22 13:35:00,1533.79,1533.79,1533.68,1533.68,-0.01,60.49,92367.84,-1
2024-05-22,2024-05-22 13:36:00,1533.68,1533.68,1533.58,1533.58,-0.01,60.49,92367.84,-1
2024-05-22,2024-05-22 13:37:00,1533.58,1533.58,1533.48,1533.48,-0.01,60.49,92367.84,-1
2024-05-22,2024-05-22 13:38:00,1533.48,1533.48,1533.37,1533.37,-0.01,60.49,92367.84,-1
2024-05-22,2024-05-22 13:39:00,1533.37,1533.37,1533.27,1533.27,-0.01,60.49,92367.84,-1
2024-05-22,2024-05-22 13:40:00,1533.27,1533.27,1533.16,1533.16,-0.01,60.49,92367.84,-1
2024-05-22,2024-05-22 13:41:00,1533.16,1533.16,1533.06,1533.06,-0.01,60.49,92367.84,-1
2024-05-22,2024-05-22 13:42:00,1533.06,1533.06,1532.95,1532.95,-0.01,60.49,92367.84,-1
2024-05-22,2024-05-22 13:43:00,1532.95,1532.95,1532.85,1532.85,-0.01,60.49,92367.84,-1
2024-05-22,2024-05-22 13:44:00,1532.85,1532.85,1532.74,1532.74,-0.01,60.49,92367.84,-1
2024-05-22,2024-05-22 13:45:00,1532.74,1532.74,1532.64,1532.64,-0.01,60.49,92367.84,-1
2024-05-22,2024-05-22 13:46:00,1532.64,1532.64,1532.53,1532.53,-0.01,60.49,92367.84,-1
2024-05-22,2024-05-22 13:47:00,1532.53,1532.53,1532.43,1532.43,-0.01,60.49,92367.84,-1
2024-05-22,2024-05-22 13:48:00,1532.43,1532.43,1532.33,1532.33,-0.01,60.49,92367.84,-1
2024-05-22,2024-05-22 13:49:00,1532.33,1532.33,1532.22,1532.22,-0.01,60.49,92367.84,-1
2024-05-22,2024-05-22 13:50:00,1532.22,1532.22,1532.12,1532.12,-0.01,60.49,92367.84,-1
2024-05-22,2024-05-22 13:51:00,1532.12,1532.12,1532.01,1532.01,-0.01,60.49,92367.84,-1
2024-05-22,2024-05-22 13:52:00,1532.01,1532.01,1531.91,1531.91,-0.01,60.49,92367.84,-1
2024-05-22,2024-05-22 13:53:00,1531.91,1531.91,1531.8,1531.8,-0.01,60.49,92367.84,-1
2024-05-22,2024-05-22 13:54:00,1531.8,1531.8,1531.7,1531.7,-0.01,60.49,92367.84,-1
2024-05-22,2024-05-22 13:55:00,1531.7,1531.7,1531.59,1531.59,-0.01,60.49,92367.84,-1
2024-05-22,2024-05-22 13:56:00,1531.59,1531.59,1531.49,1531.49,-0.01,60.49,92367.84,-1
2024-05-22,2024-05-22 13:57:00,1531.49,1531.49,1531.38,1531.38,-0.01,60.49,92367.84,-1
2024-05-22,2024-05-22 13:58:00,1531.38,1531.38,1531.28,1531.28,-0.01,60.49,92367.84,-1
2024-05-22,2024-05-22 13:59:00,1531.28,1531.28,1531.18,1531.18,-0.01,60.49,92367.84,-1
2024-05-22,2024-05-22 14:00:00,1531.18,1531.18,1531.07,1531.07,-0.01,60.49,92367.84,-1
2024-05-22,2024-05-22 14:01:00,1531.07,1531.07,1530.97,1530.97,-0.01,60.49,92367.84,-1
2024-05-22,2024-05-22 14:02:00,1530.97,1530.97,1530.86,1530.86,-0.01,60.49,92367.84,-1
2024-05-22,2024-05-22 14:03:00,1530.86,1530.86,1530.76,1530.76,-0.01,60.49,92367.84,-1
2024-05-22,2024-05-22 14:04:00,1530.76,1530.76,1530.65,1530.65,-0.01,60.49,92367.84,-1
2024-05-22,2024-05-22 14:05:00,1530.65,1530.65,1530.55,1530.55,-0.01,60.49,92367.84,-1
2024-05-22,2024-05-22 14:06:00,1530.55,1530.55,1530.44,1530.44,-0.01,60.49,92367.84,-1
2024-05-22,2024-05-22 14:07:00,1530.44,1530.44,1530.34,1530.34,-0.01,60.49,92367.84,-1
2024-05-22,2024-05-22 14:08:00,1530.34,1530.34,1530.23,1530.23,-0.01,60.49,92367.84,-1
2024-05-22,2024-05-22 14:09:00,1530.23,1530.23,1530.13,1530.13,-0.01,60.49,92367.84,-1
2024-05-22,2024-05-22 14:10:00,1530.13,1530.13,1530.02,1530.02,-0.01,60.49,92367.84,-1
2024-05-22,2024-05-22 14:11:00,1530.02,1530.02,1529.92,1529.92,-0.01,60.49,92367.84,-1
2024-05-22,2024-05-22 14:12:00,1529.92,1529.92,1529.82,1529.82,-0.01,60.49,92367.84,-1
2024-05-22,2024-05-22 14:13:00,1529.82,1529.82,1529.71,1529.71,-0.01,60.49,92367.84,-1
2024-05-22,2024-05-22 14:14:00,1529.71,1529.71,1529.61,1529.61,-0.01,60.49,92367.84,-1
2024-05-22,2024-05-22 14:15:00,1529.61,1529.61,1529.5,1529.5,-0.01,60.49,92367.84,-1
2024-05-22,2024-05-22 14:16:00,1529.5,1529.5,1529.4,1529.4,-0.01,60.49,92367.84,-1
2024-05-22,2024-05-22 14:17:00,1529.4,1529.4,1529.29,1529.29,-0.01,60.49,92367.84,-1
2024-05-22,2024-05-22 14:18:00,1529.29,1529.29,1529.19,1529.19,-0.01,60.49,92367.84,-1
2024-05-22,2024-05-22 14:19:00,1529.19,1529.19,1529.08,1529.08,-0.01,60.49,92367.84,-1
2024-05-22,2024-05-22 14:20:00,1529.08,1529.08,1528.98,1528.98,-0.01,60.49,92367.84,-1
2024-05-22,2024-05-22 14:21:00,1528.98,1528.98,1528.87,1528.87,-0.01,60.49,92367.84,-1
2024-05-22,2024-05-22 14:22:00,1528.87,1528.87,1528.77,1528.77,-0.01,60.49,92367.84,-1
2024-05-22,2024-05-22 14:23:00,1528.77,1528.77,1528.66,1528.66,-0.01,60.49,92367.84,-1
2024-05-22,2024-05-22 14:24:00,1528.66,1528.66,1528.56,1528.56,-0.01,60.49,92367.84,-1
2024-05-22,2024-05-22 14:25:00,1528.56,1528.56,1528.46,1528.46,-0.01,60.49,92367.84,-1
2024-05-22,2024-05-22 14:26:00,1528.46,1528.46,1528.35,1528.35,-0.01,60.49,92367.84,-1
2024-05-22,2024-05-22 14:27:00,1528.35,1528.35,1528.25,1528.25,-0.01,60.49,92367.84,-1
2024-05-22,2024-05-22 14:28:00,1528.25,1528.25,1528.14,1528.14,-0.01,60.49,92367.84,-1
2024-05-22,2024-05-22 14:29:00,1528.14,1528.14,1528.04,1528.04,-0.01,60.49,92367.84,-1
2024-05-22,2024-05-22 14:30:00,1528.04,1528.04,1527.93,1527.93,-0.01,60.49,92367.84,-1
2024-05-22,2024-05-22 14:31:00,1527.93,1527.93,1527.83,1527.83,-0.01,60.49,92367.84,-1
2024-05-22,2024-05-22 14:32:00,1527.83,1527.83,1527.72,1527.72,-0.01,60.49,92367.84,-1
2024-05-22,2024-05-22 14:33:00,1527.72,1527.72,1527.62,1527.62,-0.01,60.49,92367.84,-1
2024-05-22,2024-05-22 14:34:00,1527.62,1527.62,1527.51,1527.51,-0.01,60.49,92367.84,-1
2024-05-22,2024-05-22 14:35:00,1527.51,1527.51,1527.41,1527.41,-0.01,60.49,92367.84,-1
2024-05-22,2024-05-22 14:36:00,1527.41,1527.41,1527.31,1527.31,-0.01,60.49,92367.84,-1
2024-05-22,2024-05-22 14:37:00,1527.31,1527.31,1527.2,1527.2,-0.01,60.49,92367.84,-1
2024-05-22,2024-05-22 14:38:00,1527.2,1527.2,1527.1,1527.1,-0.01,60.49,92367.84,-1
2024-05-22,2024-05-22 14:39:00,1527.1,1527.1,1526.99,1526.99,-0.01,60.49,92367.84,-1
2024-05-22,2024-05-22 14:40:00,1526.99,1526.99,1526.89,1526.89,-0.01,60.49,92367.84,-1
2024-05-22,2024-05-22 14:41:00,1526.89,1526.89,1526.78,1526.78,-0.01,60.49,92367.84,-1
2024-05-22,2024-05-22 14:42:00,1526.78,1526.78,1526.68,1526.68,-0.01,60.49,92367.84,-1
2024-05-22,2024-05-22 14:43:00,1526.68,1526.68,1526.57,1526.57,-0.01,60.49,92367.84,-1
2024-05-22,2024-05-22 14:44:00,1526.57,1526.57,1526.47,1526.47,-0.01,60.49,92367.84,-1
2024-05-22,2024-05-22 14:45:00,1526.47,1526.47,1526.36,1526.36,-0.01,60.49,92367.84,-1
2024-05-22,2024-05-22 14:46:00,1526.36,1526.36,1526.26,1526.26,-0.01,60.49,92367.84,-1
2024-05-22,2024-05-22 14:47:00,1526.26,1526.26,1526.16,1526.16,-0.01,60.49,92367.84,-1
2024-05-22,2024-05-22 14:48:00,1526.16,1526.16,1526.05,1526.05,-0.01,60.49,92367.84,-1
2024-05-22,2024-05-22 14:49:00,1526.05,1526.05,1525.95,1525.95,-0.01,60.49,92367.84,-1
2024-05-22,2024-05-22 14:50:00,1525.95,1525.95,1525.84,1525.84,-0.01,60.49,92367.84,-1
2024-05-22,2024-05-22 14:51:00,1525.84,1525.84,1525.74,1525.74,-0.01,60.49,92367.84,-1
2024-05-22,2024-05-22 14:52:00,1525.74,1525.74,1525.63,1525.63,-0.01,60.49,92367.84,-1
2024-05-22,2024-05-22 14:53:00,1525.63,1525.63,1525.53,1525.53,-0.01,60.49,92367.84,-1
2024-05-22,2024-05-22 14:54:00,1525.53,1525.53,1525.42,1525.42,-0.01,60.49,92367.84,-1
2024-05-22,2024-05-22 14:55:00,1525.42,1525.42,1525.32,1525.32,-0.01,60.49,92367.84,-1
2024-05-22,2024-05-22 14:56:00,1525.32,1525.32,1525.21,1525.21,-0.01,60.49,92367.84,-1
2024-05-22,2024-05-22 14:57:00,1525.21,1525.21,1525.11,1525.11,-0.01,60.49,92367.84,-1
2024-05-22,2024-05-22 14:58:00,1525.11,1525.11,1525.0,1525.0,-0.01,60.49,92367.84,-1
2024-05-22,2024-05-22 14:59:00,1525.0,1525.0,1524.9,1524.9,-0.01,60.49,92367.84,-1
2024-05-22,2024-05-22 15:00:00,1524.9,1586.0,1509.0,1524.9,0.0,60.49,92367.84,0
2024-05-26,2024-05-26 11:00:00,1524.0,1533.27,1511.37,1523.83,-0.01,34.0,50877.15,-1
2024-05-26,2024-05-26 11:01:00,1523.83,1523.83,1523.65,1523.65,-0.01,34.0,50877.15,-1
2024-05-26,2024-05-26 11:02:00,1523.65,1523.65,1523.48,1523.48,-0.01,34.0,50877.15,-1
2024-05-26,2024-05-26 11:03:00,1523.48,1523.48,1523.31,1523.31,-0.01,34.0,50877.15,-1
2024-05-26,2024-05-26 11:04:00,1523.31,1523.31,1523.13,1523.13,-0.01,34.0,50877.15,-1
2024-05-26,2024-05-26 11:05:00,1523.13,1523.13,1522.96,1522.96,-0.01,34.0,50877.15,-1
2024-05-26,2024-05-26 11:06:00,1522.96,1522.96,1522.78,1522.78,-0.01,34.0,50877.15,-1
2024-05-26,2024-05-26 11:07:00,1522.78,1522.78,1522.61,1522.61,-0.01,34.0,50877.15,-1
2024-05-26,2024-05-26 11:08:00,1522.61,1522.61,1522.44,1522.44,-0.01,34.0,50877.15,-1
2024-05-26,2024-05-26 11:09:00,1522.44,1522.44,1522.26,1522.26,-0.01,34.0,50877.15,-1
2024-05-26,2024-05-26 11:10:00,1522.26,1522.26,1522.09,1522.09,-0.01,34.0,50877.15,-1
2024-05-26,2024-05-26 11:11:00,1522.09,1522.09,1521.91,1521.91,-0.01,34.0,50877.15,-1
2024-05-26,2024-05-26 11:12:00,1521.91,1521.91,1521.74,1521.74,-0.01,34.0,50877.15,-1
2024-05-26,2024-05-26 11:13:00,1521.74,1521.74,1521.57,1521.57,-0.01,34.0,50877.15,-1
2024-05-26,2024-05-26 11:14:00,1521.57,1521.57,1521.39,1521.39,-0.01,34.0,50877.15,-1
2024-05-26,2024-05-26 11:15:00,1521.39,1521.39,1521.22,1521.22,-0.01,34.0,50877.15,-1
2024-05-26,2024-05-26 11:16:00,1521.22,1521.22,1521.05,1521.05,-0.01,34.0,50877.15,-1
2024-05-26,2024-05-26 11:17:00,1521.05,1521.05,1520.87,1520.87,-0.01,34.0,50877.15,-1
2024-05-26,2024-05-26 11:18:00,1520.87,1520.87,1520.7,1520.7,-0.01,34.0,50877.15,-1
2024-05-26,2024-05-26 11:19:00,1520.7,1520.7,1520.53,1520.53,-0.01,34.0,50877.15,-1
2024-05-26,2024-05-26 11:20:00,1520.53,1520.53,1520.35,1520.35,-0.01,34.0,50877.15,-1
2024-05-26,2024-05-26 11:21:00,1520.35,1520.35,1520.18,1520.18,-0.01,34.0,50877.15,-1
2024-05-26,2024-05-26 11:22:00,1520.18,1520.18,1520.0,1520.0,-0.01,34.0,50877.15,-1
2024-05-26,2024-05-26 11:23:00,1520.0,1520.0,1519.83,1519.83,-0.01,34.0,50877.15,-1
2024-05-26,2024-05-26 11:24:00,1519.83,1519.83,1519.66,1519.66,-0.01,34.0,50877.15,-1
2024-05-26,2024-05-26 11:25:00,1519.66,1519.66,1519.48,1519.48,-0.01,34.0,50877.15,-1
2024-05-26,2024-05-26 11:26:00,1519.48,1519.48,1519.31,1519.31,-0.01,34.0,50877.15,-1
2024-05-26,2024-05-26 11:27:00,1519.31,1519.31,1519.13,1519.13,-0.01,34.0,50877.15,-1
2024-05-26,2024-05-26 11:28:00,1519.13,1519.13,1518.96,1518.96,-0.01,34.0,50877.15,-1
2024-05-26,2024-05-26 11:29:00,1518.96,1518.96,1518.79,1518.79,-0.01,34.0,50877.15,-1
2024-05-26,2024-05-26 11:30:00,1518.79,1518.79,1518.61,1518.61,-0.01,34.0,50877.15,-1
2024-05-26,2024-05-26 11:31:00,1518.61,1518.61,1518.44,1518.44,-0.01,34.0,50877.15,-1
2024-05-26,2024-05-26 11:32:00,1518.44,1518.44,1518.27,1518.27,-0.01,34.0,50877.15,-1
2024-05-26,2024-05-26 11:33:00,1518.27,1518.27,1518.09,1518.09,-0.01,34.0,50877.15,-1
2024-05-26,2024-05-26 11:34:00,1518.09,1518.09,1517.92,1517.92,-0.01,34.0,50877.15,-1
2024-05-26,2024-05-26 11:35:00,1517.92,1517.92,1517.74,1517.74,-0.01,34.0,50877.15,-1
2024-05-26,2024-05-26 11:36:00,1517.74,1517.74,1517.57,1517.57,-0.01,34.0,50877.15,-1
2024-05-26,2024-05-26 11:37:00,1517.57,1517.57,1517.4,1517.4,-0.01,34.0,50877.15,-1
2024-05-26,2024-05-26 11:38:00,1517.4,1517.4,1517.22,1517.22,-0.01,34.0,50877.15,-1
2024-05-26,2024-05-26 11:39:00,1517.22,1517.22,1517.05,1517.05,-0.01,34.0,50877.15,-1
2024-05-26,2024-05-26 11:40:00,1517.05,1517.05,1516.88,1516.88,-0.01,34.0,50877.15,-1
2024-05-26,2024-05-26 11:41:00,1516.88,1516.88,1516.7,1516.7,-0.01,34.0,50877.15,-1
2024-05-26,2024-05-26 11:42:00,1516.7,1516.7,1516.53,1516.53,-0.01,34.0,50877.15,-1
2024-05-26,2024-05-26 11:43:00,1516.53,1516.53,1516.36,1516.36,-0.01,34.0,50877.15,-1
2024-05-26,2024-05-26 11:44:00,1516.36,1516.36,1516.18,1516.18,-0.01,34.0,50877.15,-1
2024-05-26,2024-05-26 11:45:00,1516.18,1516.18,1516.01,1516.01,-0.01,34.0,50877.15,-1
2024-05-26,2024-05-26 11:46:00,1516.01,1516.01,1515.83,1515.83,-0.01,34.0,50877.15,-1
2024-05-26,2024-05-26 11:47:00,1515.83,1515.83,1515.66,1515.66,-0.01,34.0,50877.15,-1
2024-05-26,2024-05-26 11:48:00,1515.66,1515.66,1515.49,1515.49,-0.01,34.0,50877.15,-1
2024-05-26,2024-05-26 11:49:00,1515.49,1515.49,1515.31,1515.31,-0.01,34.0,50877.15,-1
2024-05-26,2024-05-26 11:50:00,1515.31,1515.31,1515.14,1515.14,-0.01,34.0,50877.15,-1
2024-05-26,2024-05-26 11:51:00,1515.14,1515.14,1514.96,1514.96,-0.01,34.0,50877.15,-1
2024-05-26,2024-05-26 11:52:00,1514.96,1514.96,1514.79,1514.79,-0.01,34.0,50877.15,-1
2024-05-26,2024-05-26 11:53:00,1514.79,1514.79,1514.62,1514.62,-0.01,34.0,50877.15,-1
2024-05-26,2024-05-26 11:54:00,1514.62,1514.62,1514.44,1514.44,-0.01,34.0,50877.15,-1
2024-05-26,2024-05-26 11:55:00,1514.44,1514.44,1514.27,1514.27,-0.01,34.0,50877.15,-1
2024-05-26,2024-05-26 11:56:00,1514.27,1514.27,1514.1,1514.1,-0.01,34.0,50877.15,-1
2024-05-26,2024-05-26 11:57:00,1514.1,1514.1,1513.92,1513.92,-0.01,34.0,50877.15,-1
2024-05-26,2024-05-26 11:58:00,1513.92,1513.92,1513.75,1513.75,-0.01,34.0,50877.15,-1
2024-05-26,2024-05-26 11:59:00,1513.75,1513.75,1513.58,1513.58,-0.01,34.0,50877.15,-1
2024-05-26,2024-05-26 12:00:00,1513.58,1513.58,1513.4,1513.4,-0.01,34.0,50877.15,-1
2024-05-26,2024-05-26 12:01:00,1513.4,1513.4,1513.23,1513.23,-0.01,34.0,50877.15,-1
2024-05-26,2024-05-26 12:02:00,1513.23,1513.23,1513.05,1513.05,-0.01,34.0,50877.15,-1
2024-05-26,2024-05-26 12:03:00,1513.05,1513.05,1512.88,1512.88,-0.01,34.0,50877.15,-1
2024-05-26,2024-05-26 12:04:00,1512.88,1512.88,1512.71,1512.71,-0.01,34.0,50877.15,-1
2024-05-26,2024-05-26 12:05:00,1512.71,1512.71,1512.53,1512.53,-0.01,34.0,50877.15,-1
2024-05-26,2024-05-26 12:06:00,1512.53,1512.53,1512.36,1512.36,-0.01,34.0,50877.15,-1
2024-05-26,2024-05-26 12:07:00,1512.36,1512.36,1512.18,1512.18,-0.01,34.0,50877.15,-1
2024-05-26,2024-05-26 12:08:00,1512.18,1512.18,1512.01,1512.01,-0.01,34.0,50877.15,-1
2024-05-26,2024-05-26 12:09:00,1512.01,1512.01,1511.84,1511.84,-0.01,34.0,50877.15,-1
2024-05-26,2024-05-26 12:10:00,1511.84,1511.84,1511.66,1511.66,-0.01,34.0,50877.15,-1
2024-05-26,2024-05-26 12:11:00,1511.66,1511.66,1511.49,1511.49,-0.01,34.0,50877.15,-1
2024-05-26,2024-05-26 12:12:00,1511.49,1511.49,1511.32,1511.32,-0.01,34.0,50877.15,-1
2024-05-26,2024-05-26 12:13:00,1511.32,1511.32,1511.14,1511.14,-0.01,34.0,50877.15,-1
2024-05-26,2024-05-26 12:14:00,1511.14,1511.14,1510.97,1510.97,-0.01,34.0,50877.15,-1
2024-05-26,2024-05-26 12:15:00,1510.97,1510.97,1510.8,1510.8,-0.01,34.0,50877.15,-1
2024-05-26,2024-05-26 12:16:00,1510.8,1510.8,1510.62,1510.62,-0.01,34.0,50877.15,-1
2024-05-26,2024-05-26 12:17:00,1510.62,1510.62,1510.45,1510.45,-0.01,34.0,50877.15,-1
2024-05-26,2024-05-26 12:18:00,1510.45,1510.45,1510.27,1510.27,-0.01,34.0,50877.15,-1
2024-05-26,2024-05-26 12:19:00,1510.27,1510.27,1510.1,1510.1,-0.01,34.0,50877.15,-1
2024-05-26,2024-05-26 12:20:00,1510.1,1510.1,1509.93,1509.93,-0.01,34.0,50877.15,-1
2024-05-26,2024-05-26 12:21:00,1509.93,1509.93,1509.75,1509.75,-0.01,34.0,50877.15,-1
2024-05-26,2024-05-26 12:22:00,1509.75,1509.75,1509.58,1509.58,-0.01,34.0,50877.15,-1
2024-05-26,2024-05-26 12:23:00,1509.58,1509.58,1509.4,1509.4,-0.01,34.0,50877.15,-1
2024-05-26,2024-05-26 12:24:00,1509.4,1509.4,1509.23,1509.23,-0.01,34.0,50877.15,-1
2024-05-26,2024-05-26 12:25:00,1509.23,1509.23,1509.06,1509.06,-0.01,34.0,50877.15,-1
2024-05-26,2024-05-26 12:26:00,1509.06,1509.06,1508.88,1508.88,-0.01,34.0,50877.15,-1
2024-05-26,2024-05-26 12:27:00,1508.88,1508.88,1508.71,1508.71,-0.01,34.0,50877.15,-1
2024-05-26,2024-05-26 12:28:00,1508.71,1508.71,1508.54,1508.54,-0.01,34.0,50877.15,-1
2024-05-26,2024-05-26 12:29:00,1508.54,1508.54,1508.36,1508.36,-0.01,34.0,50877.15,-1
2024-05-26,2024-05-26 12:30:00,1508.36,1508.36,1508.19,1508.19,-0.01,34.0,50877.15,-1
2024-05-26,2024-05-26 12:31:00,1508.19,1508.19,1508.01,1508.01,-0.01,34.0,50877.15,-1
2024-05-26,2024-05-26 12:32:00,1508.01,1508.01,1507.84,1507.84,-0.01,34.0,50877.15,-1
2024-05-26,2024-05-26 12:33:00,1507.84,1507.84,1507.67,1507.67,-0.01,34.0,50877.15,-1
2024-05-26,2024-05-26 12:34:00,1507.67,1507.67,1507.49,1507.49,-0.01,34.0,50877.15,-1
2024-05-26,2024-05-26 12:35:00,1507.49,1507.49,1507.32,1507.32,-0.01,34.0,50877.15,-1
2024-05-26,2024-05-26 12:36:00,1507.32,1507.32,1507.15,1507.15,-0.01,34.0,50877.15,-1
2024-05-26,2024-05-26 12:37:00,1507.15,1507.15,1506.97,1506.97,-0.01,34.0,50877.15,-1
2024-05-26,2024-05-26 12:38:00,1506.97,1506.97,1506.8,1506.8,-0.01,34.0,50877.15,-1
2024-05-26,2024-05-26 12:39:00,1506.8,1506.8,1506.62,1506.62,-0.01,34.0,50877.15,-1
2024-05-26,2024-05-26 12:40:00,1506.62,1506.62,1506.45,1506.45,-0.01,34.0,50877.15,-1
2024-05-26,2024-05-26 12:41:00,1506.45,1506.45,1506.28,1506.28,-0.01,34.0,50877.15,-1
2024-05-26,2024-05-26 12:42:00,1506.28,1506.28,1506.1,1506.1,-0.01,34.0,50877.15,-1
2024-05-26,2024-05-26 12:43:00,1506.1,1506.1,1505.93,1505.93,-0.01,34.0,50877.15,-1
2024-05-26,2024-05-26 12:44:00,1505.93,1505.93,1505.76,1505.76,-0.01,34.0,50877.15,-1
2024-05-26,2024-05-26 12:45:00,1505.76,1505.76,1505.58,1505.58,-0.01,34.0,50877.15,-1
2024-05-26,2024-05-26 12:46:00,1505.58,1505.58,1505.41,1505.41,-0.01,34.0,50877.15,-1
2024-05-26,2024-05-26 12:47:00,1505.41,1505.41,1505.23,1505.23,-0.01,34.0,50877.15,-1
2024-05-26,2024-05-26 12:48:00,1505.23,1505.23,1505.06,1505.06,-0.01,34.0,50877.15,-1
2024-05-26,2024-05-26 12:49:00,1505.06,1505.06,1504.89,1504.89,-0.01,34.0,50877.15,-1
2024-05-26,2024-05-26 12:50:00,1504.89,1504.89,1504.71,1504.71,-0.01,34.0,50877.15,-1
2024-05-26,2024-05-26 12:51:00,1504.71,1504.71,1504.54,1504.54,-0.01,34.0,50877.15,-1
2024-05-26,2024-05-26 12:52:00,1504.54,1504.54,1504.37,1504.37,-0.01,34.0,50877.15,-1
2024-05-26,2024-05-26 12:53:00,1504.37,1504.37,1504.19,1504.19,-0.01,34.0,50877.15,-1
2024-05-26,2024-05-26 12:54:00,1504.19,1504.19,1504.02,1504.02,-0.01,34.0,50877.15,-1
2024-05-26,2024-05-26 12:55:00,1504.02,1504.02,1503.85,1503.85,-0.01,34.0,50877.15,-1
2024-05-26,2024-05-26 12:56:00,1503.85,1503.85,1503.67,1503.67,-0.01,34.0,50877.15,-1
2024-05-26,2024-05-26 12:57:00,1503.67,1503.67,1503.5,1503.5,-0.01,34.0,50877.15,-1
2024-05-26,2024-05-26 12:58:00,1503.5,1503.5,1503.32,1503.32,-0.01,34.0,50877.15,-1
2024-05-26,2024-05-26 12:59:00,1503.32,1503.32,1503.15,1503.15,-0.01,34.0,50877.15,-1
2024-05-26,2024-05-26 13:00:00,1503.15,1554.9,1481.9,1502.98,-0.01,34.0,50877.15,-1
2024-05-26,2024-05-26 13:01:00,1502.98,1502.98,1502.8,1502.8,-0.01,34.0,50877.15,-1
2024-05-26,2024-05-26 13:02:00,1502.8,1502.8,1502.63,1502.63,-0.01,34.0,50877.15,-1
2024-05-26,2024-05-26 13:03:00,1502.63,1502.63,1502.45,1502.45,-0.01,34.0,50877.15,-1
2024-05-26,2024-05-26 13:04:00,1502.45,1502.45,1502.28,1502.28,-0.01,34.0,50877.15,-1
2024-05-26,2024-05-26 13:05:00,1502.28,1502.28,1502.11,1502.11,-0.01,34.0,50877.15,-1
2024-05-26,2024-05-26 13:06:00,1502.11,1502.11,1501.93,1501.93,-0.01,34.0,50877.15,-1
2024-05-26,2024-05-26 13:07:00,1501.93,1501.93,1501.76,1501.76,-0.01,34.0,50877.15,-1
2024-05-26,2024-05-26 13:08:00,1501.76,1501.76,1501.59,1501.59,-0.01,34.0,50877.15,-1
2024-05-26,2024-05-26 13:09:00,1501.59,1501.59,1501.41,1501.41,-0.01,34.0,50877.15,-1
2024-05-26,2024-05-26 13:10:00,1501.41,1501.41,1501.24,1501.24,-0.01,34.0,50877.15,-1
2024-05-26,2024-05-26 13:11:00,1501.24,1501.24,1501.07,1501.07,-0.01,34.0,50877.15,-1
2024-05-26,2024-05-26 13:12:00,1501.07,1501.07,1500.89,1500.89,-0.01,34.0,50877.15,-1
2024-05-26,2024-05-26 13:13:00,1500.89,1500.89,1500.72,1500.72,-0.01,34.0,50877.15,-1
2024-05-26,2024-05-26 13:14:00,1500.72,1500.72,1500.54,1500.54,-0.01,34.0,50877.15,-1
2024-05-26,2024-05-26 13:15:00,1500.54,1500.54,1500.37,1500.37,-0.01,34.0,50877.15,-1
2024-05-26,2024-05-26 13:16:00,1500.37,1500.37,1500.2,1500.2,-0.01,34.0,50877.15,-1
2024-05-26,2024-05-26 13:17:00,1500.2,1500.2,1500.02,1500.02,-0.01,34.0,50877.15,-1
2024-05-26,2024-05-26 13:18:00,1500.02,1500.02,1499.85,1499.85,-0.01,34.0,50877.15,-1
2024-05-26,2024-05-26 13:19:00,1499.85,1499.85,1499.67,1499.67,-0.01,34.0,50877.15,-1
2024-05-26,2024-05-26 13:20:00,1499.67,1499.67,1499.5,1499.5,-0.01,34.0,50877.15,-1
2024-05-26,2024-05-26 13:21:00,1499.5,1499.5,1499.33,1499.33,-0.01,34.0,50877.15,-1
2024-05-26,2024-05-26 13:22:00,1499.33,1499.33,1499.15,1499.15,-0.01,34.0,50877.15,-1
2024-05-26,2024-05-26 13:23:00,1499.15,1499.15,1498.98,1498.98,-0.01,34.0,50877.15,-1
2024-05-26,2024-05-26 13:24:00,1498.98,1498.98,1498.81,1498.81,-0.01,34.0,50877.15,-1
2024-05-26,2024-05-26 13:25:00,1498.81,1498.81,1498.63,1498.63,-0.01,34.0,50877.15,-1
2024-05-26,2024-05-26 13:26:00,1498.63,1498.63,1498.46,1498.46,-0.01,34.0,50877.15,-1
2024-05-26,2024-05-26 13:27:00,1498.46,1498.46,1498.29,1498.29,-0.01,34.0,50877.15,-1
2024-05-26,2024-05-26 13:28:00,1498.29,1498.29,1498.11,1498.11,-0.01,34.0,50877.15,-1
2024-05-26,2024-05-26 13:29:00,1498.11,1498.11,1497.94,1497.94,-0.01,34.0,50877.15,-1
2024-05-26,2024-05-26 13:30:00,1497.94,1497.94,1497.76,1497.76,-0.01,34.0,50877.15,-1
2024-05-26,2024-05-26 13:31:00,1497.76,1497.76,1497.59,1497.59,-0.01,34.0,50877.15,-1
2024-05-26,2024-05-26 13:32:00,1497.59,1497.59,1497.42,1497.42,-0.01,34.0,50877.15,-1
2024-05-26,2024-05-26 13:33:00,1497.42,1497.42,1497.24,1497.24,-0.01,34.0,50877.15,-1
2024-05-26,2024-05-26 13:34:00,1497.24,1497.24,1497.07,1497.07,-0.01,34.0,50877.15,-1
2024-05-26,2024-05-26 13:35:00,1497.07,1497.07,1496.89,1496.89,-0.01,34.0,50877.15,-1
2024-05-26,2024-05-26 13:36:00,1496.89,1496.89,1496.72,1496.72,-0.01,34.0,50877.15,-1
2024-05-26,2024-05-26 13:37:00,1496.72,1496.72,1496.55,1496.55,-0.01,34.0,50877.15,-1
2024-05-26,2024-05-26 13:38:00,1496.55,1496.55,1496.37,1496.37,-0.01,34.0,50877.15,-1
2024-05-26,2024-05-26 13:39:00,1496.37,1496.37,1496.2,1496.2,-0.01,34.0,50877.15,-1
2024-05-26,2024-05-26 13:40:00,1496.2,1496.2,1496.03,1496.03,-0.01,34.0,50877.15,-1
2024-05-26,2024-05-26 13:41:00,1496.03,1496.03,1495.85,1495.85,-0.01,34.0,50877.15,-1
2024-05-26,2024-05-26 13:42:00,1495.85,1495.85,1495.68,1495.68,-0.01,34.0,50877.15,-1
2024-05-26,2024-05-26 13:43:00,1495.68,1495.68,1495.5,1495.5,-0.01,34.0,50877.15,-1
2024-05-26,2024-05-26 13:44:00,1495.5,1495.5,1495.33,1495.33,-0.01,34.0,50877.15,-1
2024-05-26,2024-05-26 13:45:00,1495.33,1495.33,1495.16,1495.16,-0.01,34.0,50877.15,-1
2024-05-26,2024-05-26 13:46:00,1495.16,1495.16,1494.98,1494.98,-0.01,34.0,50877.15,-1
2024-05-26,2024-05-26 13:47:00,1494.98,1494.98,1494.81,1494.81,-0.01,34.0,50877.15,-1
2024-05-26,2024-05-26 13:48:00,1494.81,1494.81,1494.64,1494.64,-0.01,34.0,50877.15,-1
2024-05-26,2024-05-26 13:49:00,1494.64,1494.64,1494.46,1494.46,-0.01,34.0,50877.15,-1
2024-05-26,2024-05-26 13:50:00,1494.46,1494.46,1494.29,1494.29,-0.01,34.0,50877.15,-1
2024-05-26,2024-05-26 13:51:00,1494.29,1494.29,1494.12,1494.12,-0.01,34.0,50877.15,-1
2024-05-26,2024-05-26 13:52:00,1494.12,1494.12,1493.94,1493.94,-0.01,34.0,50877.15,-1
2024-05-26,2024-05-26 13:53:00,1493.94,1493.94,1493.77,1493.77,-0.01,34.0,50877.15,-1
2024-05-26,2024-05-26 13:54:00,1493.77,1493.77,1493.59,1493.59,-0.01,34.0,50877.15,-1
2024-05-26,2024-05-26 13:55:00,1493.59,1493.59,1493.42,1493.42,-0.01,34.0,50877.15,-1
2024-05-26,2024-05-26 13:56:00,1493.42,1493.42,1493.25,1493.25,-0.01,34.0,50877.15,-1
2024-05-26,2024-05-26 13:57:00,1493.25,1493.25,1493.07,1493.07,-0.01,34.0,50877.15,-1
2024-05-26,2024-05-26 13:58:00,1493.07,1493.07,1492.9,1492.9,-0.01,34.0,50877.15,-1
2024-05-26,2024-05-26 13:59:00,1492.9,1492.9,1492.72,1492.72,-0.01,34.0,50877.15,-1
2024-05-26,2024-05-26 14:00:00,1492.72,1492.72,1492.55,1492.55,-0.01,34.0,50877.15,-1
2024-05-26,2024-05-26 14:01:00,1492.55,1492.55,1492.38,1492.38,-0.01,34.0,50877.15,-1
2024-05-26,2024-05-26 14:02:00,1492.38,1492.38,1492.2,1492.2,-0.01,34.0,50877.15,-1
2024-05-26,2024-05-26 14:03:00,1492.2,1492.2,1492.03,1492.03,-0.01,34.0,50877.15,-1
2024-05-26,2024-05-26 14:04:00,1492.03,1492.03,1491.86,1491.86,-0.01,34.0,50877.15,-1
2024-05-26,2024-05-26 14:05:00,1491.86,1491.86,1491.68,1491.68,-0.01,34.0,50877.15,-1
2024-05-26,2024-05-26 14:06:00,1491.68,1491.68,1491.51,1491.51,-0.01,34.0,50877.15,-1
2024-05-26,2024-05-26 14:07:00,1491.51,1491.51,1491.34,1491.34,-0.01,34.0,50877.15,-1
2024-05-26,2024-05-26 14:08:00,1491.34,1491.34,1491.16,1491.16,-0.01,34.0,50877.15,-1
2024-05-26,2024-05-26 14:09:00,1491.16,1491.16,1490.99,1490.99,-0.01,34.0,50877.15,-1
2024-05-26,2024-05-26 14:10:00,1490.99,1490.99,1490.81,1490.81,-0.01,34.0,50877.15,-1
2024-05-26,2024-05-26 14:11:00,1490.81,1490.81,1490.64,1490.64,-0.01,34.0,50877.15,-1
2024-05-26,2024-05-26 14:12:00,1490.64,1490.64,1490.47,1490.47,-0.01,34.0,50877.15,-1
2024-05-26,2024-05-26 14:13:00,1490.47,1490.47,1490.29,1490.29,-0.01,34.0,50877.15,-1
2024-05-26,2024-05-26 14:14:00,1490.29,1490.29,1490.12,1490.12,-0.01,34.0,50877.15,-1
2024-05-26,2024-05-26 14:15:00,1490.12,1490.12,1489.94,1489.94,-0.01,34.0,50877.15,-1
2024-05-26,2024-05-26 14:16:00,1489.94,1489.94,1489.77,1489.77,-0.01,34.0,50877.15,-1
2024-05-26,2024-05-26 14:17:00,1489.77,1489.77,1489.6,1489.6,-0.01,34.0,50877.15,-1
2024-05-26,2024-05-26 14:18:00,1489.6,1489.6,1489.42,1489.42,-0.01,34.0,50877.15,-1
2024-05-26,2024-05-26 14:19:00,1489.42,1489.42,1489.25,1489.25,-0.01,34.0,50877.15,-1
2024-05-26,2024-05-26 14:20:00,1489.25,1489.25,1489.08,1489.08,-0.01,34.0,50877.15,-1
2024-05-26,2024-05-26 14:21:00,1489.08,1489.08,1488.9,1488.9,-0.01,34.0,50877.15,-1
2024-05-26,2024-05-26 14:22:00,1488.9,1488.9,1488.73,1488.73,-0.01,34.0,50877.15,-1
2024-05-26,2024-05-26 14:23:00,1488.73,1488.73,1488.56,1488.56,-0.01,34.0,50877.15,-1
2024-05-26,2024-05-26 14:24:00,1488.56,1488.56,1488.38,1488.38,-0.01,34.0,50877.15,-1
2024-05-26,2024-05-26 14:25:00,1488.38,1488.38,1488.21,1488.21,-0.01,34.0,50877.15,-1
2024-05-26,2024-05-26 14:26:00,1488.21,1488.21,1488.03,1488.03,-0.01,34.0,50877.15,-1
2024-05-26,2024-05-26 14:27:00,1488.03,1488.03,1487.86,1487.86,-0.01,34.0,50877.15,-1
2024-05-26,2024-05-26 14:28:00,1487.86,1487.86,1487.69,1487.69,-0.01,34.0,50877.15,-1
2024-05-26,2024-05-26 14:29:00,1487.69,1487.69,1487.51,1487.51,-0.01,34.0,50877.15,-1
2024-05-26,2024-05-26 14:30:00,1487.51,1487.51,1487.34,1487.34,-0.01,34.0,50877.15,-1
2024-05-26,2024-05-26 14:31:00,1487.34,1487.34,1487.16,1487.16,-0.01,34.0,50877.15,-1
2024-05-26,2024-05-26 14:32:00,1487.16,1487.16,1486.99,1486.99,-0.01,34.0,50877.15,-1
2024-05-26,2024-05-26 14:33:00,1486.99,1486.99,1486.82,1486.82,-0.01,34.0,50877.15,-1
2024-05-26,2024-05-26 14:34:00,1486.82,1486.82,1486.64,1486.64,-0.01,34.0,50877.15,-1
2024-05-26,2024-05-26 14:35:00,1486.64,1486.64,1486.47,1486.47,-0.01,34.0,50877.15,-1
2024-05-26,2024-05-26 14:36:00,1486.47,1486.47,1486.3,1486.3,-0.01,34.0,50877.15,-1
2024-05-26,2024-05-26 14:37:00,1486.3,1486.3,1486.12,1486.12,-0.01,34.0,50877.15,-1
2024-05-26,2024-05-26 14:38:00,1486.12,1486.12,1485.95,1485.95,-0.01,34.0,50877.15,-1
2024-05-26,2024-05-26 14:39:00,1485.95,1485.95,1485.77,1485.77,-0.01,34.0,50877.15,-1
2024-05-26,2024-05-26 14:40:00,1485.77,1485.77,1485.6,1485.6,-0.01,34.0,50877.15,-1
2024-05-26,2024-05-26 14:41:00,1485.6,1485.6,1485.43,1485.43,-0.01,34.0,50877.15,-1
2024-05-26,2024-05-26 14:42:00,1485.43,1485.43,1485.25,1485.25,-0.01,34.0,50877.15,-1
2024-05-26,2024-05-26 14:43:00,1485.25,1485.25,1485.08,1485.08,-0.01,34.0,50877.15,-1
2024-05-26,2024-05-26 14:44:00,1485.08,1485.08,1484.91,1484.91,-0.01,34.0,50877.15,-1
2024-05-26,2024-05-26 14:45:00,1484.91,1484.91,1484.73,1484.73,-0.01,34.0,50877.15,-1
2024-05-26,2024-05-26 14:46:00,1484.73,1484.73,1484.56,1484.56,-0.01,34.0,50877.15,-1
2024-05-26,2024-05-26 14:47:00,1484.56,1484.56,1484.38,1484.38,-0.01,34.0,50877.15,-1
2024-05-26,2024-05-26 14:48:00,1484.38,1484.38,1484.21,1484.21,-0.01,34.0,50877.15,-1
2024-05-26,2024-05-26 14:49:00,1484.21,1484.21,1484.04,1484.04,-0.01,34.0,50877.15,-1
2024-05-26,2024-05-26 14:50:00,1484.04,1484.04,1483.86,1483.86,-0.01,34.0,50877.15,-1
2024-05-26,2024-05-26 14:51:00,1483.86,1483.86,1483.69,1483.69,-0.01,34.0,50877.15,-1
2024-05-26,2024-05-26 14:52:00,1483.69,1483.69,1483.52,1483.52,-0.01,34.0,50877.15,-1
2024-05-26,2024-05-26 14:53:00,1483.52,1483.52,1483.34,1483.34,-0.01,34.0,50877.15,-1
2024-05-26,2024-05-26 14:54:00,1483.34,1483.34,1483.17,1483.17,-0.01,34.0,50877.15,-1
2024-05-26,2024-05-26 14:55:00,1483.17,1483.17,1482.99,1482.99,-0.01,34.0,50877.15,-1
2024-05-26,2024-05-26 14:56:00,1482.99,1482.99,1482.82,1482.82,-0.01,34.0,50877.15,-1
2024-05-26,2024-05-26 14:57:00,1482.82,1482.82,1482.65,1482.65,-0.01,34.0,50877.15,-1
2024-05-26,2024-05-26 14:58:00,1482.65,1482.65,1482.47,1482.47,-0.01,34.0,50877.15,-1
2024-05-26,2024-05-26 14:59:00,1482.47,1482.47,1482.3,1482.3,-0.01,34.0,50877.15,-1
2024-05-26,2024-05-26 15:00:00,1482.3,1554.9,1481.9,1482.3,0.0,34.0,50877.15,0
2024-05-27,2024-05-27 11:00:00,1470.0,1482.6,1470.0,1470.01,0.0,31.27,46554.61,1
2024-05-27,2024-05-27 11:01:00,1470.01,1470.03,1470.01,1470.03,0.0,31.27,46554.61,1
2024-05-27,2024-05-27 11:02:00,1470.03,1470.04,1470.03,1470.04,0.0,31.27,46554.61,1
2024-05-27,2024-05-27 11:03:00,1470.04,1470.06,1470.04,1470.06,0.0,31.27,46554.61,1
2024-05-27,2024-05-27 11:04:00,1470.06,1470.07,1470.06,1470.07,0.0,31.27,46554.61,1
2024-05-27,2024-05-27 11:05:00,1470.07,1470.09,1470.07,1470.09,0.0,31.27,46554.61,1
2024-05-27,2024-05-27 11:06:00,1470.09,1470.1,1470.09,1470.1,0.0,31.27,46554.61,1
2024-05-27,2024-05-27 11:07:00,1470.1,1470.12,1470.1,1470.12,0.0,31.27,46554.61,1
2024-05-27,2024-05-27 11:08:00,1470.12,1470.13,1470.12,1470.13,0.0,31.27,46554.61,1
2024-05-27,2024-05-27 11:09:00,1470.13,1470.15,1470.13,1470.15,0.0,31.27,46554.61,1
2024-05-27,2024-05-27 11:10:00,1470.15,1470.16,1470.15,1470.16,0.0,31.27,46554.61,1
2024-05-27,2024-05-27 11:11:00,1470.16,1470.17,1470.16,1470.17,0.0,31.27,46554.61,1
2024-05-27,2024-05-27 11:12:00,1470.17,1470.19,1470.17,1470.19,0.0,31.27,46554.61,1
2024-05-27,2024-05-27 11:13:00,1470.19,1470.2,1470.19,1470.2,0.0,31.27,46554.61,1
2024-05-27,2024-05-27 11:14:00,1470.2,1470.22,1470.2,1470.22,0.0,31.27,46554.61,1
2024-05-27,2024-05-27 11:15:00,1470.22,1470.23,1470.22,1470.23,0.0,31.27,46554.61,1
2024-05-27,2024-05-27 11:16:00,1470.23,1470.25,1470.23,1470.25,0.0,31.27,46554.61,1
2024-05-27,2024-05-27 11:17:00,1470.25,1470.26,1470.25,1470.26,0.0,31.27,46554.61,1
2024-05-27,2024-05-27 11:18:00,1470.26,1470.28,1470.26,1470.28,0.0,31.27,46554.61,1
2024-05-27,2024-05-27 11:19:00,1470.28,1470.29,1470.28,1470.29,0.0,31.27,46554.61,1
2024-05-27,2024-05-27 11:20:00,1470.29,1470.31,1470.29,1470.31,0.0,31.27,46554.61,1
2024-05-27,2024-05-27 11:21:00,1470.31,1470.32,1470.31,1470.32,0.0,31.27,46554.61,1
2024-05-27,2024-05-27 11:22:00,1470.32,1470.34,1470.32,1470.34,0.0,31.27,46554.61,1
2024-05-27,2024-05-27 11:23:00,1470.34,1470.35,1470.34,1470.35,0.0,31.27,46554.61,1
2024-05-27,2024-05-27 11:24:00,1470.35,1470.36,1470.35,1470.36,0.0,31.27,46554.61,1
2024-05-27,2024-05-27 11:25:00,1470.36,1470.38,1470.36,1470.38,0.0,31.27,46554.61,1
2024-05-27,2024-05-27 11:26:00,1470.38,1470.39,1470.38,1470.39,0.0,31.27,46554.61,1
2024-05-27,2024-05-27 11:27:00,1470.39,1470.41,1470.39,1470.41,0.0,31.27,46554.61,1
2024-05-27,2024-05-27 11:28:00,1470.41,1470.42,1470.41,1470.42,0.0,31.27,46554.61,1
2024-05-27,2024-05-27 11:29:00,1470.42,1470.44,1470.42,1470.44,0.0,31.27,46554.61,1
2024-05-27,2024-05-27 11:30:00,1470.44,1470.45,1470.44,1470.45,0.0,31.27,46554.61,1
2024-05-27,2024-05-27 11:31:00,1470.45,1470.47,1470.45,1470.47,0.0,31.27,46554.61,1
2024-05-27,2024-05-27 11:32:00,1470.47,1470.48,1470.47,1470.48,0.0,31.27,46554.61,1
2024-05-27,2024-05-27 11:33:00,1470.48,1470.5,1470.48,1470.5,0.0,31.27,46554.61,1
2024-05-27,2024-05-27 11:34:00,1470.5,1470.51,1470.5,1470.51,0.0,31.27,46554.61,1
2024-05-27,2024-05-27 11:35:00,1470.51,1470.53,1470.51,1470.53,0.0,31.27,46554.61,1
2024-05-27,2024-05-27 11:36:00,1470.53,1470.54,1470.53,1470.54,0.0,31.27,46554.61,1
2024-05-27,2024-05-27 11:37:00,1470.54,1470.55,1470.54,1470.55,0.0,31.27,46554.61,1
2024-05-27,2024-05-27 11:38:00,1470.55,1470.57,1470.55,1470.57,0.0,31.27,46554.61,1
2024-05-27,2024-05-27 11:39:00,1470.57,1470.58,1470.57,1470.58,0.0,31.27,46554.61,1
2024-05-27,2024-05-27 11:40:00,1470.58,1470.6,1470.58,1470.6,0.0,31.27,46554.61,1
2024-05-27,2024-05-27 11:41:00,1470.6,1470.61,1470.6,1470.61,0.0,31.27,46554.61,1
2024-05-27,2024-05-27 11:42:00,1470.61,1470.63,1470.61,1470.63,0.0,31.27,46554.61,1
2024-05-27,2024-05-27 11:43:00,1470.63,1470.64,1470.63,1470.64,0.0,31.27,46554.61,1
2024-05-27,2024-05-27 11:44:00,1470.64,1470.66,1470.64,1470.66,0.0,31.27,46554.61,1
2024-05-27,2024-05-27 11:45:00,1470.66,1470.67,1470.66,1470.67,0.0,31.27,46554.61,1
2024-05-27,2024-05-27 11:46:00,1470.67,1470.69,1470.67,1470.69,0.0,31.27,46554.61,1
2024-05-27,2024-05-27 11:47:00,1470.69,1470.7,1470.69,1470.7,0.0,31.27,46554.61,1
2024-05-27,2024-05-27 11:48:00,1470.7,1470.71,1470.7,1470.71,0.0,31.27,46554.61,1
2024-05-27,2024-05-27 11:49:00,1470.71,1470.73,1470.71,1470.73,0.0,31.27,46554.61,1
2024-05-27,2024-05-27 11:50:00,1470.73,1470.74,1470.73,1470.74,0.0,31.27,46554.61,1
2024-05-27,2024-05-27 11:51:00,1470.74,1470.76,1470.74,1470.76,0.0,31.27,46554.61,1
2024-05-27,2024-05-27 11:52:00,1470.76,1470.77,1470.76,1470.77,0.0,31.27,46554.61,1
2024-05-27,2024-05-27 11:53:00,1470.77,1470.79,1470.77,1470.79,0.0,31.27,46554.61,1
2024-05-27,2024-05-27 11:54:00,1470.79,1470.8,1470.79,1470.8,0.0,31.27,46554.61,1
2024-05-27,2024-05-27 11:55:00,1470.8,1470.82,1470.8,1470.82,0.0,31.27,46554.61,1
2024-05-27,2024-05-27 11:56:00,1470.82,1470.83,1470.82,1470.83,0.0,31.27,46554.61,1
2024-05-27,2024-05-27 11:57:00,1470.83,1470.85,1470.83,1470.85,0.0,31.27,46554.61,1
2024-05-27,2024-05-27 11:58:00,1470.85,1470.86,1470.85,1470.86,0.0,31.27,46554.61,1
2024-05-27,2024-05-27 11:59:00,1470.86,1470.88,1470.86,1470.88,0.0,31.27,46554.61,1
2024-05-27,2024-05-27 12:00:00,1470.88,1470.89,1470.88,1470.89,0.0,31.27,46554.61,1
2024-05-27,2024-05-27 12:01:00,1470.89,1470.9,1470.89,1470.9,0.0,31.27,46554.61,1
2024-05-27,2024-05-27 12:02:00,1470.9,1470.92,1470.9,1470.92,0.0,31.27,46554.61,1
2024-05-27,2024-05-27 12:03:00,1470.92,1470.93,1470.92,1470.93,0.0,31.27,46554.61,1
2024-05-27,2024-05-27 12:04:00,1470.93,1470.95,1470.93,1470.95,0.0,31.27,46554.61,1
2024-05-27,2024-05-27 12:05:00,1470.95,1470.96,1470.95,1470.96,0.0,31.27,46554.61,1
2024-05-27,2024-05-27 12:06:00,1470.96,1470.98,1470.96,1470.98,0.0,31.27,46554.61,1
2024-05-27,2024-05-27 12:07:00,1470.98,1470.99,1470.98,1470.99,0.0,31.27,46554.61,1
2024-05-27,2024-05-27 12:08:00,1470.99,1471.01,1470.99,1471.01,0.0,31.27,46554.61,1
2024-05-27,2024-05-27 12:09:00,1471.01,1471.02,1471.01,1471.02,0.0,31.27,46554.61,1
2024-05-27,2024-05-27 12:10:00,1471.02,1471.04,1471.02,1471.04,0.0,31.27,46554.61,1
2024-05-27,2024-05-27 12:11:00,1471.04,1471.05,1471.04,1471.05,0.0,31.27,46554.61,1
2024-05-27,2024-05-27 12:12:00,1471.05,1471.06,1471.05,1471.06,0.0,31.27,46554.61,1
2024-05-27,2024-05-27 12:13:00,1471.06,1471.08,1471.06,1471.08,0.0,31.27,46554.61,1
2024-05-27,2024-05-27 12:14:00,1471.08,1471.09,1471.08,1471.09,0.0,31.27,46554.61,1
2024-05-27,2024-05-27 12:15:00,1471.09,1471.11,1471.09,1471.11,0.0,31.27,46554.61,1
2024-05-27,2024-05-27 12:16:00,1471.11,1471.12,1471.11,1471.12,0.0,31.27,46554.61,1
2024-05-27,2024-05-27 12:17:00,1471.12,1471.14,1471.12,1471.14,0.0,31.27,46554.61,1
2024-05-27,2024-05-27 12:18:00,1471.14,1471.15,1471.14,1471.15,0.0,31.27,46554.61,1
2024-05-27,2024-05-27 12:19:00,1471.15,1471.17,1471.15,1471.17,0.0,31.27,46554.61,1
2024-05-27,2024-05-27 12:20:00,1471.17,1471.18,1471.17,1471.18,0.0,31.27,46554.61,1
2024-05-27,2024-05-27 12:21:00,1471.18,1471.2,1471.18,1471.2,0.0,31.27,46554.61,1
2024-05-27,2024-05-27 12:22:00,1471.2,1471.21,1471.2,1471.21,0.0,31.27,46554.61,1
2024-05-27,2024-05-27 12:23:00,1471.21,1471.22,1471.21,1471.22,0.0,31.27,46554.61,1
2024-05-27,2024-05-27 12:24:00,1471.22,1471.24,1471.22,1471.24,0.0,31.27,46554.61,1
2024-05-27,2024-05-27 12:25:00,1471.24,1471.25,1471.24,1471.25,0.0,31.27,46554.61,1
2024-05-27,2024-05-27 12:26:00,1471.25,1471.27,1471.25,1471.27,0.0,31.27,46554.61,1
2024-05-27,2024-05-27 12:27:00,1471.27,1471.28,1471.27,1471.28,0.0,31.27,46554.61,1
2024-05-27,2024-05-27 12:28:00,1471.28,1471.3,1471.28,1471.3,0.0,31.27,46554.61,1
2024-05-27,2024-05-27 12:29:00,1471.3,1471.31,1471.3,1471.31,0.0,31.27,46554.61,1
2024-05-27,2024-05-27 12:30:00,1471.31,1471.33,1471.31,1471.33,0.0,31.27,46554.61,1
2024-05-27,2024-05-27 12:31:00,1471.33,1471.34,1471.33,1471.34,0.0,31.27,46554.61,1
2024-05-27,2024-05-27 12:32:00,1471.34,1471.36,1471.34,1471.36,0.0,31.27,46554.61,1
2024-05-27,2024-05-27 12:33:00,1471.36,1471.37,1471.36,1471.37,0.0,31.27,46554.61,1
2024-05-27,2024-05-27 12:34:00,1471.37,1471.39,1471.37,1471.39,0.0,31.27,46554.61,1
2024-05-27,2024-05-27 12:35:00,1471.39,1471.4,1471.39,1471.4,0.0,31.27,46554.61,1
2024-05-27,2024-05-27 12:36:00,1471.4,1471.41,1471.4,1471.41,0.0,31.27,46554.61,1
2024-05-27,2024-05-27 12:37:00,1471.41,1471.43,1471.41,1471.43,0.0,31.27,46554.61,1
2024-05-27,2024-05-27 12:38:00,1471.43,1471.44,1471.43,1471.44,0.0,31.27,46554.61,1
2024-05-27,2024-05-27 12:39:00,1471.44,1471.46,1471.44,1471.46,0.0,31.27,46554.61,1
2024-05-27,2024-05-27 12:40:00,1471.46,1471.47,1471.46,1471.47,0.0,31.27,46554.61,1
2024-05-27,2024-05-27 12:41:00,1471.47,1471.49,1471.47,1471.49,0.0,31.27,46554.61,1
2024-05-27,2024-05-27 12:42:00,1471.49,1471.5,1471.49,1471.5,0.0,31.27,46554.61,1
2024-05-27,2024-05-27 12:43:00,1471.5,1471.52,1471.5,1471.52,0.0,31.27,46554.61,1
2024-05-27,2024-05-27 12:44:00,1471.52,1471.53,1471.52,1471.53,0.0,31.27,46554.61,1
2024-05-27,2024-05-27 12:45:00,1471.53,1471.55,1471.53,1471.55,0.0,31.27,46554.61,1
2024-05-27,2024-05-27 12:46:00,1471.55,1471.56,1471.55,1471.56,0.0,31.27,46554.61,1
2024-05-27,2024-05-27 12:47:00,1471.56,1471.58,1471.56,1471.58,0.0,31.27,46554.61,1
2024-05-27,2024-05-27 12:48:00,1471.58,1471.59,1471.58,1471.59,0.0,31.27,46554.61,1
2024-05-27,2024-05-27 12:49:00,1471.59,1471.6,1471.59,1471.6,0.0,31.27,46554.61,1
2024-05-27,2024-05-27 12:50:00,1471.6,1471.62,1471.6,1471.62,0.0,31.27,46554.61,1
2024-05-27,2024-05-27 12:51:00,1471.62,1471.63,1471.62,1471.63,0.0,31.27,46554.61,1
2024-05-27,2024-05-27 12:52:00,1471.63,1471.65,1471.63,1471.65,0.0,31.27,46554.61,1
2024-05-27,2024-05-27 12:53:00,1471.65,1471.66,1471.65,1471.66,0.0,31.27,46554.61,1
2024-05-27,2024-05-27 12:54:00,1471.66,1471.68,1471.66,1471.68,0.0,31.27,46554.61,1
2024-05-27,2024-05-27 12:55:00,1471.68,1471.69,1471.68,1471.69,0.0,31.27,46554.61,1
2024-05-27,2024-05-27 12:56:00,1471.69,1471.71,1471.69,1471.71,0.0,31.27,46554.61,1
2024-05-27,2024-05-27 12:57:00,1471.71,1471.72,1471.71,1471.72,0.0,31.27,46554.61,1
2024-05-27,2024-05-27 12:58:00,1471.72,1471.74,1471.72,1471.74,0.0,31.27,46554.61,1
2024-05-27,2024-05-27 12:59:00,1471.74,1471.75,1471.74,1471.75,0.0,31.27,46554.61,1
2024-05-27,2024-05-27 13:00:00,1471.75,1512.0,1470.0,1471.76,0.0,31.27,46554.61,1
2024-05-27,2024-05-27 13:01:00,1471.76,1471.78,1471.76,1471.78,0.0,31.27,46554.61,1
2024-05-27,2024-05-27 13:02:00,1471.78,1471.79,1471.78,1471.79,0.0,31.27,46554.61,1
2024-05-27,2024-05-27 13:03:00,1471.79,1471.81,1471.79,1471.81,0.0,31.27,46554.61,1
2024-05-27,2024-05-27 13:04:00,1471.81,1471.82,1471.81,1471.82,0.0,31.27,46554.61,1
2024-05-27,2024-05-27 13:05:00,1471.82,1471.84,1471.82,1471.84,0.0,31.27,46554.61,1
2024-05-27,2024-05-27 13:06:00,1471.84,1471.85,1471.84,1471.85,0.0,31.27,46554.61,1
2024-05-27,2024-05-27 13:07:00,1471.85,1471.87,1471.85,1471.87,0.0,31.27,46554.61,1
2024-05-27,2024-05-27 13:08:00,1471.87,1471.88,1471.87,1471.88,0.0,31.27,46554.61,1
2024-05-27,2024-05-27 13:09:00,1471.88,1471.9,1471.88,1471.9,0.0,31.27,46554.61,1
2024-05-27,2024-05-27 13:10:00,1471.9,1471.91,1471.9,1471.91,0.0,31.27,46554.61,1
2024-05-27,2024-05-27 13:11:00,1471.91,1471.92,1471.91,1471.92,0.0,31.27,46554.61,1
2024-05-27,2024-05-27 13:12:00,1471.92,1471.94,1471.92,1471.94,0.0,31.27,46554.61,1
2024-05-27,2024-05-27 13:13:00,1471.94,1471.95,1471.94,1471.95,0.0,31.27,46554.61,1
2024-05-27,2024-05-27 13:14:00,1471.95,1471.97,1471.95,1471.97,0.0,31.27,46554.61,1
2024-05-27,2024-05-27 13:15:00,1471.97,1471.98,1471.97,1471.98,0.0,31.27,46554.61,1
2024-05-27,2024-05-27 13:16:00,1471.98,1472.0,1471.98,1472.0,0.0,31.27,46554.61,1
2024-05-27,2024-05-27 13:17:00,1472.0,1472.01,1472.0,1472.01,0.0,31.27,46554.61,1
2024-05-27,2024-05-27 13:18:00,1472.01,1472.03,1472.01,1472.03,0.0,31.27,46554.61,1
2024-05-27,2024-05-27 13:19:00,1472.03,1472.04,1472.03,1472.04,0.0,31.27,46554.61,1
2024-05-27,2024-05-27 13:20:00,1472.04,1472.06,1472.04,1472.06,0.0,31.27,46554.61,1
2024-05-27,2024-05-27 13:21:00,1472.06,1472.07,1472.06,1472.07,0.0,31.27,46554.61,1
2024-05-27,2024-05-27 13:22:00,1472.07,1472.09,1472.07,1472.09,0.0,31.27,46554.61,1
2024-05-27,2024-05-27 13:23:00,1472.09,1472.1,1472.09,1472.1,0.0,31.27,46554.61,1
2024-05-27,2024-05-27 13:24:00,1472.1,1472.11,1472.1,1472.11,0.0,31.27,46554.61,1
2024-05-27,2024-05-27 13:25:00,1472.11,1472.13,1472.11,1472.13,0.0,31.27,46554.61,1
2024-05-27,2024-05-27 13:26:00,1472.13,1472.14,1472.13,1472.14,0.0,31.27,46554.61,1
2024-05-27,2024-05-27 13:27:00,1472.14,1472.16,1472.14,1472.16,0.0,31.27,46554.61,1
2024-05-27,2024-05-27 13:28:00,1472.16,1472.17,1472.16,1472.17,0.0,31.27,46554.61,1
2024-05-27,2024-05-27 13:29:00,1472.17,1472.19,1472.17,1472.19,0.0,31.27,46554.61,1
2024-05-27,2024-05-27 13:30:00,1472.19,1472.2,1472.19,1472.2,0.0,31.27,46554.61,1
2024-05-27,2024-05-27 13:31:00,1472.2,1472.22,1472.2,1472.22,0.0,31.27,46554.61,1
2024-05-27,2024-05-27 13:32:00,1472.22,1472.23,1472.22,1472.23,0.0,31.27,46554.61,1
2024-05-27,2024-05-27 13:33:00,1472.23,1472.25,1472.23,1472.25,0.0,31.27,46554.61,1
2024-05-27,2024-05-27 13:34:00,1472.25,1472.26,1472.25,1472.26,0.0,31.27,46554.61,1
2024-05-27,2024-05-27 13:35:00,1472.26,1472.28,1472.26,1472.28,0.0,31.27,46554.61,1
2024-05-27,2024-05-27 13:36:00,1472.28,1472.29,1472.28,1472.29,0.0,31.27,46554.61,1
2024-05-27,2024-05-27 13:37:00,1472.29,1472.3,1472.29,1472.3,0.0,31.27,46554.61,1
2024-05-27,2024-05-27 13:38:00,1472.3,1472.32,1472.3,1472.32,0.0,31.27,46554.61,1
2024-05-27,2024-05-27 13:39:00,1472.32,1472.33,1472.32,1472.33,0.0,31.27,46554.61,1
2024-05-27,2024-05-27 13:40:00,1472.33,1472.35,1472.33,1472.35,0.0,31.27,46554.61,1
2024-05-27,2024-05-27 13:41:00,1472.35,1472.36,1472.35,1472.36,0.0,31.27,46554.61,1
2024-05-27,2024-05-27 13:42:00,1472.36,1472.38,1472.36,1472.38,0.0,31.27,46554.61,1
2024-05-27,2024-05-27 13:43:00,1472.38,1472.39,1472.38,1472.39,0.0,31.27,46554.61,1
2024-05-27,2024-05-27 13:44:00,1472.39,1472.41,1472.39,1472.41,0.0,31.27,46554.61,1
2024-05-27,2024-05-27 13:45:00,1472.41,1472.42,1472.41,1472.42,0.0,31.27,46554.61,1
2024-05-27,2024-05-27 13:46:00,1472.42,1472.44,1472.42,1472.44,0.0,31.27,46554.61,1
2024-05-27,2024-05-27 13:47:00,1472.44,1472.45,1472.44,1472.45,0.0,31.27,46554.61,1
2024-05-27,2024-05-27 13:48:00,1472.45,1472.46,1472.45,1472.46,0.0,31.27,46554.61,1
2024-05-27,2024-05-27 13:49:00,1472.46,1472.48,1472.46,1472.48,0.0,31.27,46554.61,1
2024-05-27,2024-05-27 13:50:00,1472.48,1472.49,1472.48,1472.49,0.0,31.27,46554.61,1
2024-05-27,2024-05-27 13:51:00,1472.49,1472.51,1472.49,1472.51,0.0,31.27,46554.61,1
2024-05-27,2024-05-27 13:52:00,1472.51,1472.52,1472.51,1472.52,0.0,31.27,46554.61,1
2024-05-27,2024-05-27 13:53:00,1472.52,1472.54,1472.52,1472.54,0.0,31.27,46554.61,1
2024-05-27,2024-05-27 13:54:00,1472.54,1472.55,1472.54,1472.55,0.0,31.27,46554.61,1
2024-05-27,2024-05-27 13:55:00,1472.55,1472.57,1472.55,1472.57,0.0,31.27,46554.61,1
2024-05-27,2024-05-27 13:56:00,1472.57,1472.58,1472.57,1472.58,0.0,31.27,46554.61,1
2024-05-27,2024-05-27 13:57:00,1472.58,1472.6,1472.58,1472.6,0.0,31.27,46554.61,1
2024-05-27,2024-05-27 13:58:00,1472.6,1472.61,1472.6,1472.61,0.0,31.27,46554.61,1
2024-05-27,2024-05-27 13:59:00,1472.61,1472.62,1472.61,1472.62,0.0,31.27,46554.61,1
2024-05-27,2024-05-27 14:00:00,1472.62,1472.64,1472.62,1472.64,0.0,31.27,46554.61,1
2024-05-27,2024-05-27 14:01:00,1472.64,1472.65,1472.64,1472.65,0.0,31.27,46554.61,1
2024-05-27,2024-05-27 14:02:00,1472.65,1472.67,1472.65,1472.67,0.0,31.27,46554.61,1
2024-05-27,2024-05-27 14:03:00,1472.67,1472.68,1472.67,1472.68,0.0,31.27,46554.61,1
2024-05-27,2024-05-27 14:04:00,1472.68,1472.7,1472.68,1472.7,0.0,31.27,46554.61,1
2024-05-27,2024-05-27 14:05:00,1472.7,1472.71,1472.7,1472.71,0.0,31.27,46554.61,1
2024-05-27,2024-05-27 14:06:00,1472.71,1472.73,1472.71,1472.73,0.0,31.27,46554.61,1
2024-05-27,2024-05-27 14:07:00,1472.73,1472.74,1472.73,1472.74,0.0,31.27,46554.61,1
2024-05-27,2024-05-27 14:08:00,1472.74,1472.76,1472.74,1472.76,0.0,31.27,46554.61,1
2024-05-27,2024-05-27 14:09:00,1472.76,1472.77,1472.76,1472.77,0.0,31.27,46554.61,1
2024-05-27,2024-05-27 14:10:00,1472.77,1472.79,1472.77,1472.79,0.0,31.27,46554.61,1
2024-05-27,2024-05-27 14:11:00,1472.79,1472.8,1472.79,1472.8,0.0,31.27,46554.61,1
2024-05-27,2024-05-27 14:12:00,1472.8,1472.81,1472.8,1472.81,0.0,31.27,46554.61,1
2024-05-27,2024-05-27 14:13:00,1472.81,1472.83,1472.81,1472.83,0.0,31.27,46554.61,1
2024-05-27,2024-05-27 14:14:00,1472.83,1472.84,1472.83,1472.84,0.0,31.27,46554.61,1
2024-05-27,2024-05-27 14:15:00,1472.84,1472.86,1472.84,1472.86,0.0,31.27,46554.61,1
2024-05-27,2024-05-27 14:16:00,1472.86,1472.87,1472.86,1472.87,0.0,31.27,46554.61,1
2024-05-27,2024-05-27 14:17:00,1472.87,1472.89,1472.87,1472.89,0.0,31.27,46554.61,1
2024-05-27,2024-05-27 14:18:00,1472.89,1472.9,1472.89,1472.9,0.0,31.27,46554.61,1
2024-05-27,2024-05-27 14:19:00,1472.9,1472.92,1472.9,1472.92,0.0,31.27,46554.61,1
2024-05-27,2024-05-27 14:20:00,1472.92,1472.93,1472.92,1472.93,0.0,31.27,46554.61,1
2024-05-27,2024-05-27 14:21:00,1472.93,1472.95,1472.93,1472.95,0.0,31.27,46554.61,1
2024-05-27,2024-05-27 14:22:00,1472.95,1472.96,1472.95,1472.96,0.0,31.27,46554.61,1
2024-05-27,2024-05-27 14:23:00,1472.96,1472.97,1472.96,1472.97,0.0,31.27,46554.61,1
2024-05-27,2024-05-27 14:24:00,1472.97,1472.99,1472.97,1472.99,0.0,31.27,46554.61,1
2024-05-27,2024-05-27 14:25:00,1472.99,1473.0,1472.99,1473.0,0.0,31.27,46554.61,1
2024-05-27,2024-05-27 14:26:00,1473.0,1473.02,1473.0,1473.02,0.0,31.27,46554.61,1
2024-05-27,2024-05-27 14:27:00,1473.02,1473.03,1473.02,1473.03,0.0,31.27,46554.61,1
2024-05-27,2024-05-27 14:28:00,1473.03,1473.05,1473.03,1473.05,0.0,31.27,46554.61,1
2024-05-27,2024-05-27 14:29:00,1473.05,1473.06,1473.05,1473.06,0.0,31.27,46554.61,1
2024-05-27,2024-05-27 14:30:00,1473.06,1473.08,1473.06,1473.08,0.0,31.27,46554.61,1
2024-05-27,2024-05-27 14:31:00,1473.08,1473.09,1473.08,1473.09,0.0,31.27,46554.61,1
2024-05-27,2024-05-27 14:32:00,1473.09,1473.11,1473.09,1473.11,0.0,31.27,46554.61,1
2024-05-27,2024-05-27 14:33:00,1473.11,1473.12,1473.11,1473.12,0.0,31.27,46554.61,1
2024-05-27,2024-05-27 14:34:00,1473.12,1473.14,1473.12,1473.14,0.0,31.27,46554.61,1
2024-05-27,2024-05-27 14:35:00,1473.14,1473.15,1473.14,1473.15,0.0,31.27,46554.61,1
2024-05-27,2024-05-27 14:36:00,1473.15,1473.16,1473.15,1473.16,0.0,31.27,46554.61,1
2024-05-27,2024-05-27 14:37:00,1473.16,1473.18,1473.16,1473.18,0.0,31.27,46554.61,1
2024-05-27,2024-05-27 14:38:00,1473.18,1473.19,1473.18,1473.19,0.0,31.27,46554.61,1
2024-05-27,2024-05-27 14:39:00,1473.19,1473.21,1473.19,1473.21,0.0,31.27,46554.61,1
2024-05-27,2024-05-27 14:40:00,1473.21,1473.22,1473.21,1473.22,0.0,31.27,46554.61,1
2024-05-27,2024-05-27 14:41:00,1473.22,1473.24,1473.22,1473.24,0.0,31.27,46554.61,1
2024-05-27,2024-05-27 14:42:00,1473.24,1473.25,1473.24,1473.25,0.0,31.27,46554.61,1
2024-05-27,2024-05-27 14:43:00,1473.25,1473.27,1473.25,1473.27,0.0,31.27,46554.61,1
2024-05-27,2024-05-27 14:44:00,1473.27,1473.28,1473.27,1473.28,0.0,31.27,46554.61,1
2024-05-27,2024-05-27 14:45:00,1473.28,1473.3,1473.28,1473.3,0.0,31.27,46554.61,1
2024-05-27,2024-05-27 14:46:00,1473.3,1473.31,1473.3,1473.31,0.0,31.27,46554.61,1
2024-05-27,2024-05-27 14:47:00,1473.31,1473.33,1473.31,1473.33,0.0,31.27,46554.61,1
2024-05-27,2024-05-27 14:48:00,1473.33,1473.34,1473.33,1473.34,0.0,31.27,46554.61,1
2024-05-27,2024-05-27 14:49:00,1473.34,1473.35,1473.34,1473.35,0.0,31.27,46554.61,1
2024-05-27,2024-05-27 14:50:00,1473.35,1473.37,1473.35,1473.37,0.0,31.27,46554.61,1
2024-05-27,2024-05-27 14:51:00,1473.37,1473.38,1473.37,1473.38,0.0,31.27,46554.61,1
2024-05-27,2024-05-27 14:52:00,1473.38,1473.4,1473.38,1473.4,0.0,31.27,46554.61,1
2024-05-27,2024-05-27 14:53:00,1473.4,1473.41,1473.4,1473.41,0.0,31.27,46554.61,1
2024-05-27,2024-05-27 14:54:00,1473.41,1473.43,1473.41,1473.43,0.0,31.27,46554.61,1
2024-05-27,2024-05-27 14:55:00,1473.43,1473.44,1473.43,1473.44,0.0,31.27,46554.61,1
2024-05-27,2024-05-27 14:56:00,1473.44,1473.46,1473.44,1473.46,0.0,31.27,46554.61,1
2024-05-27,2024-05-27 14:57:00,1473.46,1473.47,1473.46,1473.47,0.0,31.27,46554.61,1
2024-05-27,2024-05-27 14:58:00,1473.47,1473.49,1473.47,1473.49,0.0,31.27,46554.61,1
2024-05-27,2024-05-27 14:59:00,1473.49,1473.5,1473.49,1473.5,0.0,31.27,46554.61,1
2024-05-27,2024-05-27 15:00:00,1473.5,1512.0,1470.0,1473.5,0.0,31.27,46554.61,0
2024-05-29,2024-05-29 11:00:00,1502.0,1502.0,1484.9,1501.8,-0.01,32.41,47383.37,-1
2024-05-29,2024-05-29 11:01:00,1501.8,1501.8,1501.59,1501.59,-0.01,32.41,47383.37,-1
2024-05-29,2024-05-29 11:02:00,1501.59,1501.59,1501.39,1501.39,-0.01,32.41,47383.37,-1
2024-05-29,2024-05-29 11:03:00,1501.39,1501.39,1501.18,1501.18,-0.01,32.41,47383.37,-1
2024-05-29,2024-05-29 11:04:00,1501.18,1501.18,1500.98,1500.98,-0.01,32.41,47383.37,-1
2024-05-29,2024-05-29 11:05:00,1500.98,1500.98,1500.78,1500.78,-0.01,32.41,47383.37,-1
2024-05-29,2024-05-29 11:06:00,1500.78,1500.78,1500.57,1500.57,-0.01,32.41,47383.37,-1
2024-05-29,2024-05-29 11:07:00,1500.57,1500.57,1500.37,1500.37,-0.01,32.41,47383.37,-1
2024-05-29,2024-05-29 11:08:00,1500.37,1500.37,1500.16,1500.16,-0.01,32.41,47383.37,-1
2024-05-29,2024-05-29 11:09:00,1500.16,1500.16,1499.96,1499.96,-0.01,32.41,47383.37,-1
2024-05-29,2024-05-29 11:10:00,1499.96,1499.96,1499.75,1499.75,-0.01,32.41,47383.37,-1
2024-05-29,2024-05-29 11:11:00,1499.75,1499.75,1499.55,1499.55,-0.01,32.41,47383.37,-1
2024-05-29,2024-05-29 11:12:00,1499.55,1499.55,1499.35,1499.35,-0.01,32.41,47383.37,-1
2024-05-29,2024-05-29 11:13:00,1499.35,1499.35,1499.14,1499.14,-0.01,32.41,47383.37,-1
2024-05-29,2024-05-29 11:14:00,1499.14,1499.14,1498.94,1498.94,-0.01,32.41,47383.37,-1
2024-05-29,2024-05-29 11:15:00,1498.94,1498.94,1498.73,1498.73,-0.01,32.41,47383.37,-1
2024-05-29,2024-05-29 11:16:00,1498.73,1498.73,1498.53,1498.53,-0.01,32.41,47383.37,-1
2024-05-29,2024-05-29 11:17:00,1498.53,1498.53,1498.33,1498.33,-0.01,32.41,47383.37,-1
2024-05-29,2024-05-29 11:18:00,1498.33,1498.33,1498.12,1498.12,-0.01,32.41,47383.37,-1
2024-05-29,2024-05-29 11:19:00,1498.12,1498.12,1497.92,1497.92,-0.01,32.41,47383.37,-1
2024-05-29,2024-05-29 11:20:00,1497.92,1497.92,1497.71,1497.71,-0.01,32.41,47383.37,-1
2024-05-29,2024-05-29 11:21:00,1497.71,1497.71,1497.51,1497.51,-0.01,32.41,47383.37,-1
2024-05-29,2024-05-29 11:22:00,1497.51,1497.51,1497.3,1497.3,-0.01,32.41,47383.37,-1
2024-05-29,2024-05-29 11:23:00,1497.3,1497.3,1497.1,1497.1,-0.01,32.41,47383.37,-1
2024-05-29,2024-05-29 11:24:00,1497.1,1497.1,1496.9,1496.9,-0.01,32.41,47383.37,-1
2024-05-29,2024-05-29 11:25:00,1496.9,1496.9,1496.69,1496.69,-0.01,32.41,47383.37,-1
2024-05-29,2024-05-29 11:26:00,1496.69,1496.69,1496.49,1496.49,-0.01,32.41,47383.37,-1
2024-05-29,2024-05-29 11:27:00,1496.49,1496.49,1496.28,1496.28,-0.01,32.41,47383.37,-1
2024-05-29,2024-05-29 11:28:00,1496.28,1496.28,1496.08,1496.08,-0.01,32.41,47383.37,-1
2024-05-29,2024-05-29 11:29:00,1496.08,1496.08,1495.88,1495.88,-0.01,32.41,47383.37,-1
2024-05-29,2024-05-29 11:30:00,1495.88,1495.88,1495.67,1495.67,-0.01,32.41,47383.37,-1
2024-05-29,2024-05-29 11:31:00,1495.67,1495.67,1495.47,1495.47,-0.01,32.41,47383.37,-1
2024-05-29,2024-05-29 11:32:00,1495.47,1495.47,1495.26,1495.26,-0.01,32.41,47383.37,-1
2024-05-29,2024-05-29 11:33:00,1495.26,1495.26,1495.06,1495.06,-0.01,32.41,47383.37,-1
2024-05-29,2024-05-29 11:34:00,1495.06,1495.06,1494.85,1494.85,-0.01,32.41,47383.37,-1
2024-05-29,2024-05-29 11:35:00,1494.85,1494.85,1494.65,1494.65,-0.01,32.41,47383.37,-1
2024-05-29,2024-05-29 11:36:00,1494.65,1494.65,1494.45,1494.45,-0.01,32.41,47383.37,-1
2024-05-29,2024-05-29 11:37:00,1494.45,1494.45,1494.24,1494.24,-0.01,32.41,47383.37,-1
2024-05-29,2024-05-29 11:38:00,1494.24,1494.24,1494.04,1494.04,-0.01,32.41,47383.37,-1
2024-05-29,2024-05-29 11:39:00,1494.04,1494.04,1493.83,1493.83,-0.01,32.41,47383.37,-1
2024-05-29,2024-05-29 11:40:00,1493.83,1493.83,1493.63,1493.63,-0.01,32.41,47383.37,-1
2024-05-29,2024-05-29 11:41:00,1493.63,1493.63,1493.42,1493.42,-0.01,32.41,47383.37,-1
2024-05-29,2024-05-29 11:42:00,1493.42,1493.42,1493.22,1493.22,-0.01,32.41,47383.37,-1
2024-05-29,2024-05-29 11:43:00,1493.22,1493.22,1493.02,1493.02,-0.01,32.41,47383.37,-1
2024-05-29,2024-05-29 11:44:00,1493.02,1493.02,1492.81,1492.81,-0.01,32.41,47383.37,-1
2024-05-29,2024-05-29 11:45:00,1492.81,1492.81,1492.61,1492.61,-0.01,32.41,47383.37,-1
2024-05-29,2024-05-29 11:46:00,1492.61,1492.61,1492.4,1492.4,-0.01,32.41,47383.37,-1
2024-05-29,2024-05-29 11:47:00,1492.4,1492.4,1492.2,1492.2,-0.01,32.41,47383.37,-1
2024-05-29,2024-05-29 11:48:00,1492.2,1492.2,1492.0,1492.0,-0.01,32.41,47383.37,-1
2024-05-29,2024-05-29 11:49:00,1492.0,1492.0,1491.79,1491.79,-0.01,32.41,47383.37,-1
2024-05-29,2024-05-29 11:50:00,1491.79,1491.79,1491.59,1491.59,-0.01,32.41,47383.37,-1
2024-05-29,2024-05-29 11:51:00,1491.59,1491.59,1491.38,1491.38,-0.01,32.41,47383.37,-1
2024-05-29,2024-05-29 11:52:00,1491.38,1491.38,1491.18,1491.18,-0.01,32.41,47383.37,-1
2024-05-29,2024-05-29 11:53:00,1491.18,1491.18,1490.97,1490.97,-0.01,32.41,47383.37,-1
2024-05-29,2024-05-29 11:54:00,1490.97,1490.97,1490.77,1490.77,-0.01,32.41,47383.37,-1
2024-05-29,2024-05-29 11:55:00,1490.77,1490.77,1490.57,1490.57,-0.01,32.41,47383.37,-1
2024-05-29,2024-05-29 11:56:00,1490.57,1490.57,1490.36,1490.36,-0.01,32.41,47383.37,-1
2024-05-29,2024-05-29 11:57:00,1490.36,1490.36,1490.16,1490.16,-0.01,32.41,47383.37,-1
2024-05-29,2024-05-29 11:58:00,1490.16,1490.16,1489.95,1489.95,-0.01,32.41,47383.37,-1
2024-05-29,2024-05-29 11:59:00,1489.95,1489.95,1489.75,1489.75,-0.01,32.41,47383.37,-1
2024-05-29,2024-05-29 12:00:00,1489.75,1489.75,1489.55,1489.55,-0.01,32.41,47383.37,-1
2024-05-29,2024-05-29 12:01:00,1489.55,1489.55,1489.34,1489.34,-0.01,32.41,47383.37,-1
2024-05-29,2024-05-29 12:02:00,1489.34,1489.34,1489.14,1489.14,-0.01,32.41,47383.37,-1
2024-05-29,2024-05-29 12:03:00,1489.14,1489.14,1488.93,1488.93,-0.01,32.41,47383.37,-1
2024-05-29,2024-05-29 12:04:00,1488.93,1488.93,1488.73,1488.73,-0.01,32.41,47383.37,-1
2024-05-29,2024-05-29 12:05:00,1488.73,1488.73,1488.53,1488.53,-0.01,32.41,47383.37,-1
2024-05-29,2024-05-29 12:06:00,1488.53,1488.53,1488.32,1488.32,-0.01,32.41,47383.37,-1
2024-05-29,2024-05-29 12:07:00,1488.32,1488.32,1488.12,1488.12,-0.01,32.41,47383.37,-1
2024-05-29,2024-05-29 12:08:00,1488.12,1488.12,1487.91,1487.91,-0.01,32.41,47383.37,-1
2024-05-29,2024-05-29 12:09:00,1487.91,1487.91,1487.71,1487.71,-0.01,32.41,47383.37,-1
2024-05-29,2024-05-29 12:10:00,1487.71,1487.71,1487.5,1487.5,-0.01,32.41,47383.37,-1
2024-05-29,2024-05-29 12:11:00,1487.5,1487.5,1487.3,1487.3,-0.01,32.41,47383.37,-1
2024-05-29,2024-05-29 12:12:00,1487.3,1487.3,1487.1,1487.1,-0.01,32.41,47383.37,-1
2024-05-29,2024-05-29 12:13:00,1487.1,1487.1,1486.89,1486.89,-0.01,32.41,47383.37,-1
2024-05-29,2024-05-29 12:14:00,1486.89,1486.89,1486.69,1486.69,-0.01,32.41,47383.37,-1
2024-05-29,2024-05-29 12:15:00,1486.69,1486.69,1486.48,1486.48,-0.01,32.41,47383.37,-1
2024-05-29,2024-05-29 12:16:00,1486.48,1486.48,1486.28,1486.28,-0.01,32.41,47383.37,-1
2024-05-29,2024-05-29 12:17:00,1486.28,1486.28,1486.08,1486.08,-0.01,32.41,47383.37,-1
2024-05-29,2024-05-29 12:18:00,1486.08,1486.08,1485.87,1485.87,-0.01,32.41,47383.37,-1
2024-05-29,2024-05-29 12:19:00,1485.87,1485.87,1485.67,1485.67,-0.01,32.41,47383.37,-1
2024-05-29,2024-05-29 12:20:00,1485.67,1485.67,1485.46,1485.46,-0.01,32.41,47383.37,-1
2024-05-29,2024-05-29 12:21:00,1485.46,1485.46,1485.26,1485.26,-0.01,32.41,47383.37,-1
2024-05-29,2024-05-29 12:22:00,1485.26,1485.26,1485.05,1485.05,-0.01,32.41,47383.37,-1
2024-05-29,2024-05-29 12:23:00,1485.05,1485.05,1484.85,1484.85,-0.01,32.41,47383.37,-1
2024-05-29,2024-05-29 12:24:00,1484.85,1484.85,1484.65,1484.65,-0.01,32.41,47383.37,-1
2024-05-29,2024-05-29 12:25:00,1484.65,1484.65,1484.44,1484.44,-0.01,32.41,47383.37,-1
2024-05-29,2024-05-29 12:26:00,1484.44,1484.44,1484.24,1484.24,-0.01,32.41,47383.37,-1
2024-05-29,2024-05-29 12:27:00,1484.24,1484.24,1484.03,1484.03,-0.01,32.41,47383.37,-1
2024-05-29,2024-05-29 12:28:00,1484.03,1484.03,1483.83,1483.83,-0.01,32.41,47383.37,-1
2024-05-29,2024-05-29 12:29:00,1483.83,1483.83,1483.62,1483.62,-0.01,32.41,47383.37,-1
2024-05-29,2024-05-29 12:30:00,1483.62,1483.62,1483.42,1483.42,-0.01,32.41,47383.37,-1
2024-05-29,2024-05-29 12:31:00,1483.42,1483.42,1483.22,1483.22,-0.01,32.41,47383.37,-1
2024-05-29,2024-05-29 12:32:00,1483.22,1483.22,1483.01,1483.01,-0.01,32.41,47383.37,-1
2024-05-29,2024-05-29 12:33:00,1483.01,1483.01,1482.81,1482.81,-0.01,32.41,47383.37,-1
2024-05-29,2024-05-29 12:34:00,1482.81,1482.81,1482.6,1482.6,-0.01,32.41,47383.37,-1
2024-05-29,2024-05-29 12:35:00,1482.6,1482.6,1482.4,1482.4,-0.01,32.41,47383.37,-1
2024-05-29,2024-05-29 12:36:00,1482.4,1482.4,1482.2,1482.2,-0.01,32.41,47383.37,-1
2024-05-29,2024-05-29 12:37:00,1482.2,1482.2,1481.99,1481.99,-0.01,32.41,47383.37,-1
2024-05-29,2024-05-29 12:38:00,1481.99,1481.99,1481.79,1481.79,-0.01,32.41,47383.37,-1
2024-05-29,2024-05-29 12:39:00,1481.79,1481.79,1481.58,1481.58,-0.01,32.41,47383.37,-1
2024-05-29,2024-05-29 12:40:00,1481.58,1481.58,1481.38,1481.38,-0.01,32.41,47383.37,-1
2024-05-29,2024-05-29 12:41:00,1481.38,1481.38,1481.17,1481.17,-0.01,32.41,47383.37,-1
2024-05-29,2024-05-29 12:42:00,1481.17,1481.17,1480.97,1480.97,-0.01,32.41,47383.37,-1
2024-05-29,2024-05-29 12:43:00,1480.97,1480.97,1480.77,1480.77,-0.01,32.41,47383.37,-1
2024-05-29,2024-05-29 12:44:00,1480.77,1480.77,1480.56,1480.56,-0.01,32.41,47383.37,-1
2024-05-29,2024-05-29 12:45:00,1480.56,1480.56,1480.36,1480.36,-0.01,32.41,47383.37,-1
2024-05-29,2024-05-29 12:46:00,1480.36,1480.36,1480.15,1480.15,-0.01,32.41,47383.37,-1
2024-05-29,2024-05-29 12:47:00,1480.15,1480.15,1479.95,1479.95,-0.01,32.41,47383.37,-1
2024-05-29,2024-05-29 12:48:00,1479.95,1479.95,1479.75,1479.75,-0.01,32.41,47383.37,-1
2024-05-29,2024-05-29 12:49:00,1479.75,1479.75,1479.54,1479.54,-0.01,32.41,47383.37,-1
2024-05-29,2024-05-29 12:50:00,1479.54,1479.54,1479.34,1479.34,-0.01,32.41,47383.37,-1
2024-05-29,2024-05-29 12:51:00,1479.34,1479.34,1479.13,1479.13,-0.01,32.41,47383.37,-1
2024-05-29,2024-05-29 12:52:00,1479.13,1479.13,1478.93,1478.93,-0.01,32.41,47383.37,-1
2024-05-29,2024-05-29 12:53:00,1478.93,1478.93,1478.72,1478.72,-0.01,32.41,47383.37,-1
2024-05-29,2024-05-29 12:54:00,1478.72,1478.72,1478.52,1478.52,-0.01,32.41,47383.37,-1
2024-05-29,2024-05-29 12:55:00,1478.52,1478.52,1478.32,1478.32,-0.01,32.41,47383.37,-1
2024-05-29,2024-05-29 12:56:00,1478.32,1478.32,1478.11,1478.11,-0.01,32.41,47383.37,-1
2024-05-29,2024-05-29 12:57:00,1478.11,1478.11,1477.91,1477.91,-0.01,32.41,47383.37,-1
2024-05-29,2024-05-29 12:58:00,1477.91,1477.91,1477.7,1477.7,-0.01,32.41,47383.37,-1
2024-05-29,2024-05-29 12:59:00,1477.7,1477.7,1477.5,1477.5,-0.01,32.41,47383.37,-1
2024-05-29,2024-05-29 13:00:00,1477.5,1502.0,1445.0,1477.3,-0.01,32.41,47383.37,-1
2024-05-29,2024-05-29 13:01:00,1477.3,1477.3,1477.09,1477.09,-0.01,32.41,47383.37,-1
2024-05-29,2024-05-29 13:02:00,1477.09,1477.09,1476.89,1476.89,-0.01,32.41,47383.37,-1
2024-05-29,2024-05-29 13:03:00,1476.89,1476.89,1476.68,1476.68,-0.01,32.41,47383.37,-1
2024-05-29,2024-05-29 13:04:00,1476.68,1476.68,1476.48,1476.48,-0.01,32.41,47383.37,-1
2024-05-29,2024-05-29 13:05:00,1476.48,1476.48,1476.28,1476.28,-0.01,32.41,47383.37,-1
2024-05-29,2024-05-29 13:06:00,1476.28,1476.28,1476.07,1476.07,-0.01,32.41,47383.37,-1
2024-05-29,2024-05-29 13:07:00,1476.07,1476.07,1475.87,1475.87,-0.01,32.41,47383.37,-1
2024-05-29,2024-05-29 13:08:00,1475.87,1475.87,1475.66,1475.66,-0.01,32.41,47383.37,-1
2024-05-29,2024-05-29 13:09:00,1475.66,1475.66,1475.46,1475.46,-0.01,32.41,47383.37,-1
2024-05-29,2024-05-29 13:10:00,1475.46,1475.46,1475.25,1475.25,-0.01,32.41,47383.37,-1
2024-05-29,2024-05-29 13:11:00,1475.25,1475.25,1475.05,1475.05,-0.01,32.41,47383.37,-1
2024-05-29,2024-05-29 13:12:00,1475.05,1475.05,1474.85,1474.85,-0.01,32.41,47383.37,-1
2024-05-29,2024-05-29 13:13:00,1474.85,1474.85,1474.64,1474.64,-0.01,32.41,47383.37,-1
2024-05-29,2024-05-29 13:14:00,1474.64,1474.64,1474.44,1474.44,-0.01,32.41,47383.37,-1
2024-05-29,2024-05-29 13:15:00,1474.44,1474.44,1474.23,1474.23,-0.01,32.41,47383.37,-1
2024-05-29,2024-05-29 13:16:00,1474.23,1474.23,1474.03,1474.03,-0.01,32.41,47383.37,-1
2024-05-29,2024-05-29 13:17:00,1474.03,1474.03,1473.83,1473.83,-0.01,32.41,47383.37,-1
2024-05-29,2024-05-29 13:18:00,1473.83,1473.83,1473.62,1473.62,-0.01,32.41,47383.37,-1
2024-05-29,2024-05-29 13:19:00,1473.62,1473.62,1473.42,1473.42,-0.01,32.41,47383.37,-1
2024-05-29,2024-05-29 13:20:00,1473.42,1473.42,1473.21,1473.21,-0.01,32.41,47383.37,-1
2024-05-29,2024-05-29 13:21:00,1473.21,1473.21,1473.01,1473.01,-0.01,32.41,47383.37,-1
2024-05-29,2024-05-29 13:22:00,1473.01,1473.01,1472.8,1472.8,-0.01,32.41,47383.37,-1
2024-05-29,2024-05-29 13:23:00,1472.8,1472.8,1472.6,1472.6,-0.01,32.41,47383.37,-1
2024-05-29,2024-05-29 13:24:00,1472.6,1472.6,1472.4,1472.4,-0.01,32.41,47383.37,-1
2024-05-29,2024-05-29 13:25:00,1472.4,1472.4,1472.19,1472.19,-0.01,32.41,47383.37,-1
2024-05-29,2024-05-29 13:26:00,1472.19,1472.19,1471.99,1471.99,-0.01,32.41,47383.37,-1
2024-05-29,2024-05-29 13:27:00,1471.99,1471.99,1471.78,1471.78,-0.01,32.41,47383.37,-1
2024-05-29,2024-05-29 13:28:00,1471.78,1471.78,1471.58,1471.58,-0.01,32.41,47383.37,-1
2024-05-29,2024-05-29 13:29:00,1471.58,1471.58,1471.38,1471.38,-0.01,32.41,47383.37,-1
2024-05-29,2024-05-29 13:30:00,1471.38,1471.38,1471.17,1471.17,-0.01,32.41,47383.37,-1
2024-05-29,2024-05-29 13:31:00,1471.17,1471.17,1470.97,1470.97,-0.01,32.41,47383.37,-1
2024-05-29,2024-05-29 13:32:00,1470.97,1470.97,1470.76,1470.76,-0.01,32.41,47383.37,-1
2024-05-29,2024-05-29 13:33:00,1470.76,1470.76,1470.56,1470.56,-0.01,32.41,47383.37,-1
2024-05-29,2024-05-29 13:34:00,1470.56,1470.56,1470.35,1470.35,-0.01,32.41,47383.37,-1
2024-05-29,2024-05-29 13:35:00,1470.35,1470.35,1470.15,1470.15,-0.01,32.41,47383.37,-1
2024-05-29,2024-05-29 13:36:00,1470.15,1470.15,1469.95,1469.95,-0.01,32.41,47383.37,-1
2024-05-29,2024-05-29 13:37:00,1469.95,1469.95,1469.74,1469.74,-0.01,32.41,47383.37,-1
2024-05-29,2024-05-29 13:38:00,1469.74,1469.74,1469.54,1469.54,-0.01,32.41,47383.37,-1
2024-05-29,2024-05-29 13:39:00,1469.54,1469.54,1469.33,1469.33,-0.01,32.41,47383.37,-1
2024-05-29,2024-05-29 13:40:00,1469.33,1469.33,1469.13,1469.13,-0.01,32.41,47383.37,-1
2024-05-29,2024-05-29 13:41:00,1469.13,1469.13,1468.92,1468.92,-0.01,32.41,47383.37,-1
2024-05-29,2024-05-29 13:42:00,1468.92,1468.92,1468.72,1468.72,-0.01,32.41,47383.37,-1
2024-05-29,2024-05-29 13:43:00,1468.72,1468.72,1468.52,1468.52,-0.01,32.41,47383.37,-1
2024-05-29,2024-05-29 13:44:00,1468.52,1468.52,1468.31,1468.31,-0.01,32.41,47383.37,-1
2024-05-29,2024-05-29 13:45:00,1468.31,1468.31,1468.11,1468.11,-0.01,32.41,47383.37,-1
2024-05-29,2024-05-29 13:46:00,1468.11,1468.11,1467.9,1467.9,-0.01,32.41,47383.37,-1
2024-05-29,2024-05-29 13:47:00,1467.9,1467.9,1467.7,1467.7,-0.01,32.41,47383.37,-1
2024-05-29,2024-05-29 13:48:00,1467.7,1467.7,1467.5,1467.5,-0.01,32.41,47383.37,-1
2024-05-29,2024-05-29 13:49:00,1467.5,1467.5,1467.29,1467.29,-0.01,32.41,47383.37,-1
2024-05-29,2024-05-29 13:50:00,1467.29,1467.29,1467.09,1467.09,-0.01,32.41,47383.37,-1
2024-05-29,2024-05-29 13:51:00,1467.09,1467.09,1466.88,1466.88,-0.01,32.41,47383.37,-1
2024-05-29,2024-05-29 13:52:00,1466.88,1466.88,1466.68,1466.68,-0.01,32.41,47383.37,-1
2024-05-29,2024-05-29 13:53:00,1466.68,1466.68,1466.47,1466.47,-0.01,32.41,47383.37,-1
2024-05-29,2024-05-29 13:54:00,1466.47,1466.47,1466.27,1466.27,-0.01,32.41,47383.37,-1
2024-05-29,2024-05-29 13:55:00,1466.27,1466.27,1466.07,1466.07,-0.01,32.41,47383.37,-1
2024-05-29,2024-05-29 13:56:00,1466.07,1466.07,1465.86,1465.86,-0.01,32.41,47383.37,-1
2024-05-29,2024-05-29 13:57:00,1465.86,1465.86,1465.66,1465.66,-0.01,32.41,47383.37,-1
2024-05-29,2024-05-29 13:58:00,1465.66,1465.66,1465.45,1465.45,-0.01,32.41,47383.37,-1
2024-05-29,2024-05-29 13:59:00,1465.45,1465.45,1465.25,1465.25,-0.01,32.41,47383.37,-1
2024-05-29,2024-05-29 14:00:00,1465.25,1465.25,1465.05,1465.05,-0.01,32.41,47383.37,-1
2024-05-29,2024-05-29 14:01:00,1465.05,1465.05,1464.84,1464.84,-0.01,32.41,47383.37,-1
2024-05-29,2024-05-29 14:02:00,1464.84,1464.84,1464.64,1464.64,-0.01,32.41,47383.37,-1
2024-05-29,2024-05-29 14:03:00,1464.64,1464.64,1464.43,1464.43,-0.01,32.41,47383.37,-1
2024-05-29,2024-05-29 14:04:00,1464.43,1464.43,1464.23,1464.23,-0.01,32.41,47383.37,-1
2024-05-29,2024-05-29 14:05:00,1464.23,1464.23,1464.03,1464.03,-0.01,32.41,47383.37,-1
2024-05-29,2024-05-29 14:06:00,1464.03,1464.03,1463.82,1463.82,-0.01,32.41,47383.37,-1
2024-05-29,2024-05-29 14:07:00,1463.82,1463.82,1463.62,1463.62,-0.01,32.41,47383.37,-1
2024-05-29,2024-05-29 14:08:00,1463.62,1463.62,1463.41,1463.41,-0.01,32.41,47383.37,-1
2024-05-29,2024-05-29 14:09:00,1463.41,1463.41,1463.21,1463.21,-0.01,32.41,47383.37,-1
2024-05-29,2024-05-29 14:10:00,1463.21,1463.21,1463.0,1463.0,-0.01,32.41,47383.37,-1
2024-05-29,2024-05-29 14:11:00,1463.0,1463.0,1462.8,1462.8,-0.01,32.41,47383.37,-1
2024-05-29,2024-05-29 14:12:00,1462.8,1462.8,1462.6,1462.6,-0.01,32.41,47383.37,-1
2024-05-29,2024-05-29 14:13:00,1462.6,1462.6,1462.39,1462.39,-0.01,32.41,47383.37,-1
2024-05-29,2024-05-29 14:14:00,1462.39,1462.39,1462.19,1462.19,-0.01,32.41,47383.37,-1
2024-05-29,2024-05-29 14:15:00,1462.19,1462.19,1461.98,1461.98,-0.01,32.41,47383.37,-1
2024-05-29,2024-05-29 14:16:00,1461.98,1461.98,1461.78,1461.78,-0.01,32.41,47383.37,-1
2024-05-29,2024-05-29 14:17:00,1461.78,1461.78,1461.58,1461.58,-0.01,32.41,47383.37,-1
2024-05-29,2024-05-29 14:18:00,1461.58,1461.58,1461.37,1461.37,-0.01,32.41,47383.37,-1
2024-05-29,2024-05-29 14:19:00,1461.37,1461.37,1461.17,1461.17,-0.01,32.41,47383.37,-1
2024-05-29,2024-05-29 14:20:00,1461.17,1461.17,1460.96,1460.96,-0.01,32.41,47383.37,-1
2024-05-29,2024-05-29 14:21:00,1460.96,1460.96,1460.76,1460.76,-0.01,32.41,47383.37,-1
2024-05-29,2024-05-29 14:22:00,1460.76,1460.76,1460.55,1460.55,-0.01,32.41,47383.37,-1
2024-05-29,2024-05-29 14:23:00,1460.55,1460.55,1460.35,1460.35,-0.01,32.41,47383.37,-1
2024-05-29,2024-05-29 14:24:00,1460.35,1460.35,1460.15,1460.15,-0.01,32.41,47383.37,-1
2024-05-29,2024-05-29 14:25:00,1460.15,1460.15,1459.94,1459.94,-0.01,32.41,47383.37,-1
2024-05-29,2024-05-29 14:26:00,1459.94,1459.94,1459.74,1459.74,-0.01,32.41,47383.37,-1
2024-05-29,2024-05-29 14:27:00,1459.74,1459.74,1459.53,1459.53,-0.01,32.41,47383.37,-1
2024-05-29,2024-05-29 14:28:00,1459.53,1459.53,1459.33,1459.33,-0.01,32.41,47383.37,-1
2024-05-29,2024-05-29 14:29:00,1459.33,1459.33,1459.12,1459.12,-0.01,32.41,47383.37,-1
2024-05-29,2024-05-29 14:30:00,1459.12,1459.12,1458.92,1458.92,-0.01,32.41,47383.37,-1
2024-05-29,2024-05-29 14:31:00,1458.92,1458.92,1458.72,1458.72,-0.01,32.41,47383.37,-1
2024-05-29,2024-05-29 14:32:00,1458.72,1458.72,1458.51,1458.51,-0.01,32.41,47383.37,-1
2024-05-29,2024-05-29 14:33:00,1458.51,1458.51,1458.31,1458.31,-0.01,32.41,47383.37,-1
2024-05-29,2024-05-29 14:34:00,1458.31,1458.31,1458.1,1458.1,-0.01,32.41,47383.37,-1
2024-05-29,2024-05-29 14:35:00,1458.1,1458.1,1457.9,1457.9,-0.01,32.41,47383.37,-1
2024-05-29,2024-05-29 14:36:00,1457.9,1457.9,1457.7,1457.7,-0.01,32.41,47383.37,-1
2024-05-29,2024-05-29 14:37:00,1457.7,1457.7,1457.49,1457.49,-0.01,32.41,47383.37,-1
2024-05-29,2024-05-29 14:38:00,1457.49,1457.49,1457.29,1457.29,-0.01,32.41,47383.37,-1
2024-05-29,2024-05-29 14:39:00,1457.29,1457.29,1457.08,1457.08,-0.01,32.41,47383.37,-1
2024-05-29,2024-05-29 14:40:00,1457.08,1457.08,1456.88,1456.88,-0.01,32.41,47383.37,-1
2024-05-29,2024-05-29 14:41:00,1456.88,1456.88,1456.67,1456.67,-0.01,32.41,47383.37,-1
2024-05-29,2024-05-29 14:42:00,1456.67,1456.67,1456.47,1456.47,-0.01,32.41,47383.37,-1
2024-05-29,2024-05-29 14:43:00,1456.47,1456.47,1456.27,1456.27,-0.01,32.41,47383.37,-1
2024-05-29,2024-05-29 14:44:00,1456.27,1456.27,1456.06,1456.06,-0.01,32.41,47383.37,-1
2024-05-29,2024-05-29 14:45:00,1456.06,1456.06,1455.86,1455.86,-0.01,32.41,47383.37,-1
2024-05-29,2024-05-29 14:46:00,1455.86,1455.86,1455.65,1455.65,-0.01,32.41,47383.37,-1
2024-05-29,2024-05-29 14:47:00,1455.65,1455.65,1455.45,1455.45,-0.01,32.41,47383.37,-1
2024-05-29,2024-05-29 14:48:00,1455.45,1455.45,1455.25,1455.25,-0.01,32.41,47383.37,-1
2024-05-29,2024-05-29 14:49:00,1455.25,1455.25,1455.04,1455.04,-0.01,32.41,47383.37,-1
2024-05-29,2024-05-29 14:50:00,1455.04,1455.04,1454.84,1454.84,-0.01,32.41,47383.37,-1
2024-05-29,2024-05-29 14:51:00,1454.84,1454.84,1454.63,1454.63,-0.01,32.41,47383.37,-1
2024-05-29,2024-05-29 14:52:00,1454.63,1454.63,1454.43,1454.43,-0.01,32.41,47383.37,-1
2024-05-29,2024-05-29 14:53:00,1454.43,1454.43,1454.22,1454.22,-0.01,32.41,47383.37,-1
2024-05-29,2024-05-29 14:54:00,1454.22,1454.22,1454.02,1454.02,-0.01,32.41,47383.37,-1
2024-05-29,2024-05-29 14:55:00,1454.02,1454.02,1453.82,1453.82,-0.01,32.41,47383.37,-1
2024-05-29,2024-05-29 14:56:00,1453.82,1453.82,1453.61,1453.61,-0.01,32.41,47383.37,-1
2024-05-29,2024-05-29 14:57:00,1453.61,1453.61,1453.41,1453.41,-0.01,32.41,47383.37,-1
2024-05-29,2024-05-29 14:58:00,1453.41,1453.41,1453.2,1453.2,-0.01,32.41,47383.37,-1
2024-05-29,2024-05-29 14:59:00,1453.2,1453.2,1453.0,1453.0,-0.01,32.41,47383.37,-1
2024-05-29,2024-05-29 15:00:00,1453.0,1502.0,1445.0,1453.0,0.0,32.41,47383.37,0
2024-05-30,2024-05-30 11:00:00,1430.5,1439.08,1427.98,1430.49,-0.0,21.95,31555.94,-1
2024-05-30,2024-05-30 11:01:00,1430.49,1430.49,1430.48,1430.48,-0.0,21.95,31555.94,-1
2024-05-30,2024-05-30 11:02:00,1430.48,1430.48,1430.47,1430.47,-0.0,21.95,31555.94,-1
2024-05-30,2024-05-30 11:03:00,1430.47,1430.47,1430.46,1430.46,-0.0,21.95,31555.94,-1
2024-05-30,2024-05-30 11:04:00,1430.46,1430.46,1430.45,1430.45,-0.0,21.95,31555.94,-1
2024-05-30,2024-05-30 11:05:00,1430.45,1430.45,1430.43,1430.43,-0.0,21.95,31555.94,-1
2024-05-30,2024-05-30 11:06:00,1430.43,1430.43,1430.42,1430.42,-0.0,21.95,31555.94,-1
2024-05-30,2024-05-30 11:07:00,1430.42,1430.42,1430.41,1430.41,-0.0,21.95,31555.94,-1
2024-05-30,2024-05-30 11:08:00,1430.41,1430.41,1430.4,1430.4,-0.0,21.95,31555.94,-1
2024-05-30,2024-05-30 11:09:00,1430.4,1430.4,1430.39,1430.39,-0.0,21.95,31555.94,-1
2024-05-30,2024-05-30 11:10:00,1430.39,1430.39,1430.38,1430.38,-0.0,21.95,31555.94,-1
2024-05-30,2024-05-30 11:11:00,1430.38,1430.38,1430.37,1430.37,-0.0,21.95,31555.94,-1
2024-05-30,2024-05-30 11:12:00,1430.37,1430.37,1430.36,1430.36,-0.0,21.95,31555.94,-1
2024-05-30,2024-05-30 11:13:00,1430.36,1430.36,1430.35,1430.35,-0.0,21.95,31555.94,-1
2024-05-30,2024-05-30 11:14:00,1430.35,1430.35,1430.34,1430.34,-0.0,21.95,31555.94,-1
2024-05-30,2024-05-30 11:15:00,1430.34,1430.34,1430.33,1430.33,-0.0,21.95,31555.94,-1
2024-05-30,2024-05-30 11:16:00,1430.33,1430.33,1430.32,1430.32,-0.0,21.95,31555.94,-1
2024-05-30,2024-05-30 11:17:00,1430.32,1430.32,1430.31,1430.31,-0.0,21.95,31555.94,-1
2024-05-30,2024-05-30 11:18:00,1430.31,1430.31,1430.29,1430.29,-0.0,21.95,31555.94,-1
2024-05-30,2024-05-30 11:19:00,1430.29,1430.29,1430.28,1430.28,-0.0,21.95,31555.94,-1
2024-05-30,2024-05-30 11:20:00,1430.28,1430.28,1430.27,1430.27,-0.0,21.95,31555.94,-1
2024-05-30,2024-05-30 11:21:00,1430.27,1430.27,1430.26,1430.26,-0.0,21.95,31555.94,-1
2024-05-30,2024-05-30 11:22:00,1430.26,1430.26,1430.25,1430.25,-0.0,21.95,31555.94,-1
2024-05-30,2024-05-30 11:23:00,1430.25,1430.25,1430.24,1430.24,-0.0,21.95,31555.94,-1
2024-05-30,2024-05-30 11:24:00,1430.24,1430.24,1430.23,1430.23,-0.0,21.95,31555.94,-1
2024-05-30,2024-05-30 11:25:00,1430.23,1430.23,1430.22,1430.22,-0.0,21.95,31555.94,-1
2024-05-30,2024-05-30 11:26:00,1430.22,1430.22,1430.21,1430.21,-0.0,21.95,31555.94,-1
2024-05-30,2024-05-30 11:27:00,1430.21,1430.21,1430.2,1430.2,-0.0,21.95,31555.94,-1
2024-05-30,2024-05-30 11:28:00,1430.2,1430.2,1430.19,1430.19,-0.0,21.95,31555.94,-1
2024-05-30,2024-05-30 11:29:00,1430.19,1430.19,1430.17,1430.17,-0.0,21.95,31555.94,-1
2024-05-30,2024-05-30 11:30:00,1430.17,1430.17,1430.16,1430.16,-0.0,21.95,31555.94,-1
2024-05-30,2024-05-30 11:31:00,1430.16,1430.16,1430.15,1430.15,-0.0,21.95,31555.94,-1
2024-05-30,2024-05-30 11:32:00,1430.15,1430.15,1430.14,1430.14,-0.0,21.95,31555.94,-1
2024-05-30,2024-05-30 11:33:00,1430.14,1430.14,1430.13,1430.13,-0.0,21.95,31555.94,-1
2024-05-30,2024-05-30 11:34:00,1430.13,1430.13,1430.12,1430.12,-0.0,21.95,31555.94,-1
2024-05-30,2024-05-30 11:35:00,1430.12,1430.12,1430.11,1430.11,-0.0,21.95,31555.94,-1
2024-05-30,2024-05-30 11:36:00,1430.11,1430.11,1430.1,1430.1,-0.0,21.95,31555.94,-1
2024-05-30,2024-05-30 11:37:00,1430.1,1430.1,1430.09,1430.09,-0.0,21.95,31555.94,-1
2024-05-30,2024-05-30 11:38:00,1430.09,1430.09,1430.08,1430.08,-0.0,21.95,31555.94,-1
2024-05-30,2024-05-30 11:39:00,1430.08,1430.08,1430.07,1430.07,-0.0,21.95,31555.94,-1
2024-05-30,2024-05-30 11:40:00,1430.07,1430.07,1430.06,1430.06,-0.0,21.95,31555.94,-1
2024-05-30,2024-05-30 11:41:00,1430.06,1430.06,1430.05,1430.05,-0.0,21.95,31555.94,-1
2024-05-30,2024-05-30 11:42:00,1430.05,1430.05,1430.03,1430.03,-0.0,21.95,31555.94,-1
2024-05-30,2024-05-30 11:43:00,1430.03,1430.03,1430.02,1430.02,-0.0,21.95,31555.94,-1
2024-05-30,2024-05-30 11:44:00,1430.02,1430.02,1430.01,1430.01,-0.0,21.95,31555.94,-1
2024-05-30,2024-05-30 11:45:00,1430.01,1430.01,1430.0,1430.0,-0.0,21.95,31555.94,-1
2024-05-30,2024-05-30 11:46:00,1430.0,1430.0,1429.99,1429.99,-0.0,21.95,31555.94,-1
2024-05-30,2024-05-30 11:47:00,1429.99,1429.99,1429.98,1429.98,-0.0,21.95,31555.94,-1
2024-05-30,2024-05-30 11:48:00,1429.98,1429.98,1429.97,1429.97,-0.0,21.95,31555.94,-1
2024-05-30,2024-05-30 11:49:00,1429.97,1429.97,1429.96,1429.96,-0.0,21.95,31555.94,-1
2024-05-30,2024-05-30 11:50:00,1429.96,1429.96,1429.95,1429.95,-0.0,21.95,31555.94,-1
2024-05-30,2024-05-30 11:51:00,1429.95,1429.95,1429.94,1429.94,-0.0,21.95,31555.94,-1
2024-05-30,2024-05-30 11:52:00,1429.94,1429.94,1429.93,1429.93,-0.0,21.95,31555.94,-1
2024-05-30,2024-05-30 11:53:00,1429.93,1429.93,1429.91,1429.91,-0.0,21.95,31555.94,-1
2024-05-30,2024-05-30 11:54:00,1429.91,1429.91,1429.9,1429.9,-0.0,21.95,31555.94,-1
2024-05-30,2024-05-30 11:55:00,1429.9,1429.9,1429.89,1429.89,-0.0,21.95,31555.94,-1
2024-05-30,2024-05-30 11:56:00,1429.89,1429.89,1429.88,1429.88,-0.0,21.95,31555.94,-1
2024-05-30,2024-05-30 11:57:00,1429.88,1429.88,1429.87,1429.87,-0.0,21.95,31555.94,-1
2024-05-30,2024-05-30 11:58:00,1429.87,1429.87,1429.86,1429.86,-0.0,21.95,31555.94,-1
2024-05-30,2024-05-30 11:59:00,1429.86,1429.86,1429.85,1429.85,-0.0,21.95,31555.94,-1
2024-05-30,2024-05-30 12:00:00,1429.85,1429.85,1429.84,1429.84,-0.0,21.95,31555.94,-1
2024-05-30,2024-05-30 12:01:00,1429.84,1429.84,1429.83,1429.83,-0.0,21.95,31555.94,-1
2024-05-30,2024-05-30 12:02:00,1429.83,1429.83,1429.82,1429.82,-0.0,21.95,31555.94,-1
2024-05-30,2024-05-30 12:03:00,1429.82,1429.82,1429.81,1429.81,-0.0,21.95,31555.94,-1
2024-05-30,2024-05-30 12:04:00,1429.81,1429.81,1429.8,1429.8,-0.0,21.95,31555.94,-1
2024-05-30,2024-05-30 12:05:00,1429.8,1429.8,1429.79,1429.79,-0.0,21.95,31555.94,-1
2024-05-30,2024-05-30 12:06:00,1429.79,1429.79,1429.77,1429.77,-0.0,21.95,31555.94,-1
2024-05-30,2024-05-30 12:07:00,1429.77,1429.77,1429.76,1429.76,-0.0,21.95,31555.94,-1
2024-05-30,2024-05-30 12:08:00,1429.76,1429.76,1429.75,1429.75,-0.0,21.95,31555.94,-1
2024-05-30,2024-05-30 12:09:00,1429.75,1429.75,1429.74,1429.74,-0.0,21.95,31555.94,-1
2024-05-30,2024-05-30 12:10:00,1429.74,1429.74,1429.73,1429.73,-0.0,21.95,31555.94,-1
2024-05-30,2024-05-30 12:11:00,1429.73,1429.73,1429.72,1429.72,-0.0,21.95,31555.94,-1
2024-05-30,2024-05-30 12:12:00,1429.72,1429.72,1429.71,1429.71,-0.0,21.95,31555.94,-1
2024-05-30,2024-05-30 12:13:00,1429.71,1429.71,1429.7,1429.7,-0.0,21.95,31555.94,-1
2024-05-30,2024-05-30 12:14:00,1429.7,1429.7,1429.69,1429.69,-0.0,21.95,31555.94,-1
2024-05-30,2024-05-30 12:15:00,1429.69,1429.69,1429.68,1429.68,-0.0,21.95,31555.94,-1
2024-05-30,2024-05-30 12:16:00,1429.68,1429.68,1429.67,1429.67,-0.0,21.95,31555.94,-1
2024-05-30,2024-05-30 12:17:00,1429.67,1429.67,1429.65,1429.65,-0.0,21.95,31555.94,-1
2024-05-30,2024-05-30 12:18:00,1429.65,1429.65,1429.64,1429.64,-0.0,21.95,31555.94,-1
2024-05-30,2024-05-30 12:19:00,1429.64,1429.64,1429.63,1429.63,-0.0,21.95,31555.94,-1
2024-05-30,2024-05-30 12:20:00,1429.63,1429.63,1429.62,1429.62,-0.0,21.95,31555.94,-1
2024-05-30,2024-05-30 12:21:00,1429.62,1429.62,1429.61,1429.61,-0.0,21.95,31555.94,-1
2024-05-30,2024-05-30 12:22:00,1429.61,1429.61,1429.6,1429.6,-0.0,21.95,31555.94,-1
2024-05-30,2024-05-30 12:23:00,1429.6,1429.6,1429.59,1429.59,-0.0,21.95,31555.94,-1
2024-05-30,2024-05-30 12:24:00,1429.59,1429.59,1429.58,1429.58,-0.0,21.95,31555.94,-1
2024-05-30,2024-05-30 12:25:00,1429.58,1429.58,1429.57,1429.57,-0.0,21.95,31555.94,-1
2024-05-30,2024-05-30 12:26:00,1429.57,1429.57,1429.56,1429.56,-0.0,21.95,31555.94,-1
2024-05-30,2024-05-30 12:27:00,1429.56,1429.56,1429.55,1429.55,-0.0,21.95,31555.94,-1
2024-05-30,2024-05-30 12:28:00,1429.55,1429.55,1429.54,1429.54,-0.0,21.95,31555.94,-1
2024-05-30,2024-05-30 12:29:00,1429.54,1429.54,1429.53,1429.53,-0.0,21.95,31555.94,-1
2024-05-30,2024-05-30 12:30:00,1429.53,1429.53,1429.51,1429.51,-0.0,21.95,31555.94,-1
2024-05-30,2024-05-30 12:31:00,1429.51,1429.51,1429.5,1429.5,-0.0,21.95,31555.94,-1
2024-05-30,2024-05-30 12:32:00,1429.5,1429.5,1429.49,1429.49,-0.0,21.95,31555.94,-1
2024-05-30,2024-05-30 12:33:00,1429.49,1429.49,1429.48,1429.48,-0.0,21.95,31555.94,-1
2024-05-30,2024-05-30 12:34:00,1429.48,1429.48,1429.47,1429.47,-0.0,21.95,31555.94,-1
2024-05-30,2024-05-30 12:35:00,1429.47,1429.47,1429.46,1429.46,-0.0,21.95,31555.94,-1
2024-05-30,2024-05-30 12:36:00,1429.46,1429.46,1429.45,1429.45,-0.0,21.95,31555.94,-1
2024-05-30,2024-05-30 12:37:00,1429.45,1429.45,1429.44,1429.44,-0.0,21.95,31555.94,-1
2024-05-30,2024-05-30 12:38:00,1429.44,1429.44,1429.43,1429.43,-0.0,21.95,31555.94,-1
2024-05-30,2024-05-30 12:39:00,1429.43,1429.43,1429.42,1429.42,-0.0,21.95,31555.94,-1
2024-05-30,2024-05-30 12:40:00,1429.42,1429.42,1429.41,1429.41,-0.0,21.95,31555.94,-1
2024-05-30,2024-05-30 12:41:00,1429.41,1429.41,1429.39,1429.39,-0.0,21.95,31555.94,-1
2024-05-30,2024-05-30 12:42:00,1429.39,1429.39,1429.38,1429.38,-0.0,21.95,31555.94,-1
2024-05-30,2024-05-30 12:43:00,1429.38,1429.38,1429.37,1429.37,-0.0,21.95,31555.94,-1
2024-05-30,2024-05-30 12:44:00,1429.37,1429.37,1429.36,1429.36,-0.0,21.95,31555.94,-1
2024-05-30,2024-05-30 12:45:00,1429.36,1429.36,1429.35,1429.35,-0.0,21.95,31555.94,-1
2024-05-30,2024-05-30 12:46:00,1429.35,1429.35,1429.34,1429.34,-0.0,21.95,31555.94,-1
2024-05-30,2024-05-30 12:47:00,1429.34,1429.34,1429.33,1429.33,-0.0,21.95,31555.94,-1
2024-05-30,2024-05-30 12:48:00,1429.33,1429.33,1429.32,1429.32,-0.0,21.95,31555.94,-1
2024-05-30,2024-05-30 12:49:00,1429.32,1429.32,1429.31,1429.31,-0.0,21.95,31555.94,-1
2024-05-30,2024-05-30 12:50:00,1429.31,1429.31,1429.3,1429.3,-0.0,21.95,31555.94,-1
2024-05-30,2024-05-30 12:51:00,1429.3,1429.3,1429.29,1429.29,-0.0,21.95,31555.94,-1
2024-05-30,2024-05-30 12:52:00,1429.29,1429.29,1429.28,1429.28,-0.0,21.95,31555.94,-1
2024-05-30,2024-05-30 12:53:00,1429.28,1429.28,1429.27,1429.27,-0.0,21.95,31555.94,-1
2024-05-30,2024-05-30 12:54:00,1429.27,1429.27,1429.25,1429.25,-0.0,21.95,31555.94,-1
2024-05-30,2024-05-30 12:55:00,1429.25,1429.25,1429.24,1429.24,-0.0,21.95,31555.94,-1
2024-05-30,2024-05-30 12:56:00,1429.24,1429.24,1429.23,1429.23,-0.0,21.95,31555.94,-1
2024-05-30,2024-05-30 12:57:00,1429.23,1429.23,1429.22,1429.22,-0.0,21.95,31555.94,-1
2024-05-30,2024-05-30 12:58:00,1429.22,1429.22,1429.21,1429.21,-0.0,21.95,31555.94,-1
2024-05-30,2024-05-30 12:59:00,1429.21,1429.21,1429.2,1429.2,-0.0,21.95,31555.94,-1
2024-05-30,2024-05-30 13:00:00,1429.2,1459.1,1422.1,1429.19,-0.0,21.95,31555.94,-1
2024-05-30,2024-05-30 13:01:00,1429.19,1429.19,1429.18,1429.18,-0.0,21.95,31555.94,-1
2024-05-30,2024-05-30 13:02:00,1429.18,1429.18,1429.17,1429.17,-0.0,21.95,31555.94,-1
2024-05-30,2024-05-30 13:03:00,1429.17,1429.17,1429.16,1429.16,-0.0,21.95,31555.94,-1
2024-05-30,2024-05-30 13:04:00,1429.16,1429.16,1429.15,1429.15,-0.0,21.95,31555.94,-1
2024-05-30,2024-05-30 13:05:00,1429.15,1429.15,1429.13,1429.13,-0.0,21.95,31555.94,-1
2024-05-30,2024-05-30 13:06:00,1429.13,1429.13,1429.12,1429.12,-0.0,21.95,31555.94,-1
2024-05-30,2024-05-30 13:07:00,1429.12,1429.12,1429.11,1429.11,-0.0,21.95,31555.94,-1
2024-05-30,2024-05-30 13:08:00,1429.11,1429.11,1429.1,1429.1,-0.0,21.95,31555.94,-1
2024-05-30,2024-05-30 13:09:00,1429.1,1429.1,1429.09,1429.09,-0.0,21.95,31555.94,-1
2024-05-30,2024-05-30 13:10:00,1429.09,1429.09,1429.08,1429.08,-0.0,21.95,31555.94,-1
2024-05-30,2024-05-30 13:11:00,1429.08,1429.08,1429.07,1429.07,-0.0,21.95,31555.94,-1
2024-05-30,2024-05-30 13:12:00,1429.07,1429.07,1429.06,1429.06,-0.0,21.95,31555.94,-1
2024-05-30,2024-05-30 13:13:00,1429.06,1429.06,1429.05,1429.05,-0.0,21.95,31555.94,-1
2024-05-30,2024-05-30 13:14:00,1429.05,1429.05,1429.04,1429.04,-0.0,21.95,31555.94,-1
2024-05-30,2024-05-30 13:15:00,1429.04,1429.04,1429.03,1429.03,-0.0,21.95,31555.94,-1
2024-05-30,2024-05-30 13:16:00,1429.03,1429.03,1429.02,1429.02,-0.0,21.95,31555.94,-1
2024-05-30,2024-05-30 13:17:00,1429.02,1429.02,1429.01,1429.01,-0.0,21.95,31555.94,-1
2024-05-30,2024-05-30 13:18:00,1429.01,1429.01,1428.99,1428.99,-0.0,21.95,31555.94,-1
2024-05-30,2024-05-30 13:19:00,1428.99,1428.99,1428.98,1428.98,-0.0,21.95,31555.94,-1
2024-05-30,2024-05-30 13:20:00,1428.98,1428.98,1428.97,1428.97,-0.0,21.95,31555.94,-1
2024-05-30,2024-05-30 13:21:00,1428.97,1428.97,1428.96,1428.96,-0.0,21.95,31555.94,-1
2024-05-30,2024-05-30 13:22:00,1428.96,1428.96,1428.95,1428.95,-0.0,21.95,31555.94,-1
2024-05-30,2024-05-30 13:23:00,1428.95,1428.95,1428.94,1428.94,-0.0,21.95,31555.94,-1
2024-05-30,2024-05-30 13:24:00,1428.94,1428.94,1428.93,1428.93,-0.0,21.95,31555.94,-1
2024-05-30,2024-05-30 13:25:00,1428.93,1428.93,1428.92,1428.92,-0.0,21.95,31555.94,-1
2024-05-30,2024-05-30 13:26:00,1428.92,1428.92,1428.91,1428.91,-0.0,21.95,31555.94,-1
2024-05-30,2024-05-30 13:27:00,1428.91,1428.91,1428.9,1428.9,-0.0,21.95,31555.94,-1
2024-05-30,2024-05-30 13:28:00,1428.9,1428.9,1428.89,1428.89,-0.0,21.95,31555.94,-1
2024-05-30,2024-05-30 13:29:00,1428.89,1428.89,1428.88,1428.88,-0.0,21.95,31555.94,-1
2024-05-30,2024-05-30 13:30:00,1428.88,1428.88,1428.86,1428.86,-0.0,21.95,31555.94,-1
2024-05-30,2024-05-30 13:31:00,1428.86,1428.86,1428.85,1428.85,-0.0,21.95,31555.94,-1
2024-05-30,2024-05-30 13:32:00,1428.85,1428.85,1428.84,1428.84,-0.0,21.95,31555.94,-1
2024-05-30,2024-05-30 13:33:00,1428.84,1428.84,1428.83,1428.83,-0.0,21.95,31555.94,-1
2024-05-30,2024-05-30 13:34:00,1428.83,1428.83,1428.82,1428.82,-0.0,21.95,31555.94,-1
2024-05-30,2024-05-30 13:35:00,1428.82,1428.82,1428.81,1428.81,-0.0,21.95,31555.94,-1
2024-05-30,2024-05-30 13:36:00,1428.81,1428.81,1428.8,1428.8,-0.0,21.95,31555.94,-1
2024-05-30,2024-05-30 13:37:00,1428.8,1428.8,1428.79,1428.79,-0.0,21.95,31555.94,-1
2024-05-30,2024-05-30 13:38:00,1428.79,1428.79,1428.78,1428.78,-0.0,21.95,31555.94,-1
2024-05-30,2024-05-30 13:39:00,1428.78,1428.78,1428.77,1428.77,-0.0,21.95,31555.94,-1
2024-05-30,2024-05-30 13:40:00,1428.77,1428.77,1428.76,1428.76,-0.0,21.95,31555.94,-1
2024-05-30,2024-05-30 13:41:00,1428.76,1428.76,1428.75,1428.75,-0.0,21.95,31555.94,-1
2024-05-30,2024-05-30 13:42:00,1428.75,1428.75,1428.73,1428.73,-0.0,21.95,31555.94,-1
2024-05-30,2024-05-30 13:43:00,1428.73,1428.73,1428.72,1428.72,-0.0,21.95,31555.94,-1
2024-05-30,2024-05-30 13:44:00,1428.72,1428.72,1428.71,1428.71,-0.0,21.95,31555.94,-1
2024-05-30,2024-05-30 13:45:00,1428.71,1428.71,1428.7,1428.7,-0.0,21.95,31555.94,-1
2024-05-30,2024-05-30 13:46:00,1428.7,1428.7,1428.69,1428.69,-0.0,21.95,31555.94,-1
2024-05-30,2024-05-30 13:47:00,1428.69,1428.69,1428.68,1428.68,-0.0,21.95,31555.94,-1
2024-05-30,2024-05-30 13:48:00,1428.68,1428.68,1428.67,1428.67,-0.0,21.95,31555.94,-1
2024-05-30,2024-05-30 13:49:00,1428.67,1428.67,1428.66,1428.66,-0.0,21.95,31555.94,-1
2024-05-30,2024-05-30 13:50:00,1428.66,1428.66,1428.65,1428.65,-0.0,21.95,31555.94,-1
2024-05-30,2024-05-30 13:51:00,1428.65,1428.65,1428.64,1428.64,-0.0,21.95,31555.94,-1
2024-05-30,2024-05-30 13:52:00,1428.64,1428.64,1428.63,1428.63,-0.0,21.95,31555.94,-1
2024-05-30,2024-05-30 13:53:00,1428.63,1428.63,1428.62,1428.62,-0.0,21.95,31555.94,-1
2024-05-30,2024-05-30 13:54:00,1428.62,1428.62,1428.6,1428.6,-0.0,21.95,31555.94,-1
2024-05-30,2024-05-30 13:55:00,1428.6,1428.6,1428.59,1428.59,-0.0,21.95,31555.94,-1
2024-05-30,2024-05-30 13:56:00,1428.59,1428.59,1428.58,1428.58,-0.0,21.95,31555.94,-1
2024-05-30,2024-05-30 13:57:00,1428.58,1428.58,1428.57,1428.57,-0.0,21.95,31555.94,-1
2024-05-30,2024-05-30 13:58:00,1428.57,1428.57,1428.56,1428.56,-0.0,21.95,31555.94,-1
2024-05-30,2024-05-30 13:59:00,1428.56,1428.56,1428.55,1428.55,-0.0,21.95,31555.94,-1
2024-05-30,2024-05-30 14:00:00,1428.55,1428.55,1428.54,1428.54,-0.0,21.95,31555.94,-1
2024-05-30,2024-05-30 14:01:00,1428.54,1428.54,1428.53,1428.53,-0.0,21.95,31555.94,-1
2024-05-30,2024-05-30 14:02:00,1428.53,1428.53,1428.52,1428.52,-0.0,21.95,31555.94,-1
2024-05-30,2024-05-30 14:03:00,1428.52,1428.52,1428.51,1428.51,-0.0,21.95,31555.94,-1
2024-05-30,2024-05-30 14:04:00,1428.51,1428.51,1428.5,1428.5,-0.0,21.95,31555.94,-1
2024-05-30,2024-05-30 14:05:00,1428.5,1428.5,1428.49,1428.49,-0.0,21.95,31555.94,-1
2024-05-30,2024-05-30 14:06:00,1428.49,1428.49,1428.47,1428.47,-0.0,21.95,31555.94,-1
2024-05-30,2024-05-30 14:07:00,1428.47,1428.47,1428.46,1428.46,-0.0,21.95,31555.94,-1
2024-05-30,2024-05-30 14:08:00,1428.46,1428.46,1428.45,1428.45,-0.0,21.95,31555.94,-1
2024-05-30,2024-05-30 14:09:00,1428.45,1428.45,1428.44,1428.44,-0.0,21.95,31555.94,-1
2024-05-30,2024-05-30 14:10:00,1428.44,1428.44,1428.43,1428.43,-0.0,21.95,31555.94,-1
2024-05-30,2024-05-30 14:11:00,1428.43,1428.43,1428.42,1428.42,-0.0,21.95,31555.94,-1
2024-05-30,2024-05-30 14:12:00,1428.42,1428.42,1428.41,1428.41,-0.0,21.95,31555.94,-1
2024-05-30,2024-05-30 14:13:00,1428.41,1428.41,1428.4,1428.4,-0.0,21.95,31555.94,-1
2024-05-30,2024-05-30 14:14:00,1428.4,1428.4,1428.39,1428.39,-0.0,21.95,31555.94,-1
2024-05-30,2024-05-30 14:15:00,1428.39,1428.39,1428.38,1428.38,-0.0,21.95,31555.94,-1
2024-05-30,2024-05-30 14:16:00,1428.38,1428.38,1428.37,1428.37,-0.0,21.95,31555.94,-1
2024-05-30,2024-05-30 14:17:00,1428.37,1428.37,1428.36,1428.36,-0.0,21.95,31555.94,-1
2024-05-30,2024-05-30 14:18:00,1428.36,1428.36,1428.34,1428.34,-0.0,21.95,31555.94,-1
2024-05-30,2024-05-30 14:19:00,1428.34,1428.34,1428.33,1428.33,-0.0,21.95,31555.94,-1
2024-05-30,2024-05-30 14:20:00,1428.33,1428.33,1428.32,1428.32,-0.0,21.95,31555.94,-1
2024-05-30,2024-05-30 14:21:00,1428.32,1428.32,1428.31,1428.31,-0.0,21.95,31555.94,-1
2024-05-30,2024-05-30 14:22:00,1428.31,1428.31,1428.3,1428.3,-0.0,21.95,31555.94,-1
2024-05-30,2024-05-30 14:23:00,1428.3,1428.3,1428.29,1428.29,-0.0,21.95,31555.94,-1
2024-05-30,2024-05-30 14:24:00,1428.29,1428.29,1428.28,1428.28,-0.0,21.95,31555.94,-1
2024-05-30,2024-05-30 14:25:00,1428.28,1428.28,1428.27,1428.27,-0.0,21.95,31555.94,-1
2024-05-30,2024-05-30 14:26:00,1428.27,1428.27,1428.26,1428.26,-0.0,21.95,31555.94,-1
2024-05-30,2024-05-30 14:27:00,1428.26,1428.26,1428.25,1428.25,-0.0,21.95,31555.94,-1
2024-05-30,2024-05-30 14:28:00,1428.25,1428.25,1428.24,1428.24,-0.0,21.95,31555.94,-1
2024-05-30,2024-05-30 14:29:00,1428.24,1428.24,1428.23,1428.23,-0.0,21.95,31555.94,-1
2024-05-30,2024-05-30 14:30:00,1428.23,1428.23,1428.21,1428.21,-0.0,21.95,31555.94,-1
2024-05-30,2024-05-30 14:31:00,1428.21,1428.21,1428.2,1428.2,-0.0,21.95,31555.94,-1
2024-05-30,2024-05-30 14:32:00,1428.2,1428.2,1428.19,1428.19,-0.0,21.95,31555.94,-1
2024-05-30,2024-05-30 14:33:00,1428.19,1428.19,1428.18,1428.18,-0.0,21.95,31555.94,-1
2024-05-30,2024-05-30 14:34:00,1428.18,1428.18,1428.17,1428.17,-0.0,21.95,31555.94,-1
2024-05-30,2024-05-30 14:35:00,1428.17,1428.17,1428.16,1428.16,-0.0,21.95,31555.94,-1
2024-05-30,2024-05-30 14:36:00,1428.16,1428.16,1428.15,1428.15,-0.0,21.95,31555.94,-1
2024-05-30,2024-05-30 14:37:00,1428.15,1428.15,1428.14,1428.14,-0.0,21.95,31555.94,-1
2024-05-30,2024-05-30 14:38:00,1428.14,1428.14,1428.13,1428.13,-0.0,21.95,31555.94,-1
2024-05-30,2024-05-30 14:39:00,1428.13,1428.13,1428.12,1428.12,-0.0,21.95,31555.94,-1
2024-05-30,2024-05-30 14:40:00,1428.12,1428.12,1428.11,1428.11,-0.0,21.95,31555.94,-1
2024-05-30,2024-05-30 14:41:00,1428.11,1428.11,1428.1,1428.1,-0.0,21.95,31555.94,-1
2024-05-30,2024-05-30 14:42:00,1428.1,1428.1,1428.08,1428.08,-0.0,21.95,31555.94,-1
2024-05-30,2024-05-30 14:43:00,1428.08,1428.08,1428.07,1428.07,-0.0,21.95,31555.94,-1
2024-05-30,2024-05-30 14:44:00,1428.07,1428.07,1428.06,1428.06,-0.0,21.95,31555.94,-1
2024-05-30,2024-05-30 14:45:00,1428.06,1428.06,1428.05,1428.05,-0.0,21.95,31555.94,-1
2024-05-30,2024-05-30 14:46:00,1428.05,1428.05,1428.04,1428.04,-0.0,21.95,31555.94,-1
2024-05-30,2024-05-30 14:47:00,1428.04,1428.04,1428.03,1428.03,-0.0,21.95,31555.94,-1
2024-05-30,2024-05-30 14:48:00,1428.03,1428.03,1428.02,1428.02,-0.0,21.95,31555.94,-1
2024-05-30,2024-05-30 14:49:00,1428.02,1428.02,1428.01,1428.01,-0.0,21.95,31555.94,-1
2024-05-30,2024-05-30 14:50:00,1428.01,1428.01,1428.0,1428.0,-0.0,21.95,31555.94,-1
2024-05-30,2024-05-30 14:51:00,1428.0,1428.0,1427.99,1427.99,-0.0,21.95,31555.94,-1
2024-05-30,2024-05-30 14:52:00,1427.99,1427.99,1427.98,1427.98,-0.0,21.95,31555.94,-1
2024-05-30,2024-05-30 14:53:00,1427.98,1427.98,1427.97,1427.97,-0.0,21.95,31555.94,-1
2024-05-30,2024-05-30 14:54:00,1427.97,1427.97,1427.95,1427.95,-0.0,21.95,31555.94,-1
2024-05-30,2024-05-30 14:55:00,1427.95,1427.95,1427.94,1427.94,-0.0,21.95,31555.94,-1
2024-05-30,2024-05-30 14:56:00,1427.94,1427.94,1427.93,1427.93,-0.0,21.95,31555.94,-1
2024-05-30,2024-05-30 14:57:00,1427.93,1427.93,1427.92,1427.92,-0.0,21.95,31555.94,-1
2024-05-30,2024-05-30 14:58:00,1427.92,1427.92,1427.91,1427.91,-0.0,21.95,31555.94,-1
2024-05-30,2024-05-30 14:59:00,1427.91,1427.91,1427.9,1427.9,-0.0,21.95,31555.94,-1
2024-05-30,2024-05-30 15:00:00,1427.9,1459.1,1422.1,1427.9,0.0,21.95,31555.94,0
2024-06-02,2024-06-02 11:00:00,1420.0,1428.31,1420.0,1420.05,0.0,15.23,21825.24,1
2024-06-02,2024-06-02 11:01:00,1420.05,1420.1,1420.05,1420.1,0.0,15.23,21825.24,1
2024-06-02,2024-06-02 11:02:00,1420.1,1420.15,1420.1,1420.15,0.0,15.23,21825.24,1
2024-06-02,2024-06-02 11:03:00,1420.15,1420.2,1420.15,1420.2,0.0,15.23,21825.24,1
2024-06-02,2024-06-02 11:04:00,1420.2,1420.25,1420.2,1420.25,0.0,15.23,21825.24,1
2024-06-02,2024-06-02 11:05:00,1420.25,1420.3,1420.25,1420.3,0.0,15.23,21825.24,1
2024-06-02,2024-06-02 11:06:00,1420.3,1420.35,1420.3,1420.35,0.0,15.23,21825.24,1
2024-06-02,2024-06-02 11:07:00,1420.35,1420.4,1420.35,1420.4,0.0,15.23,21825.24,1
2024-06-02,2024-06-02 11:08:00,1420.4,1420.45,1420.4,1420.45,0.0,15.23,21825.24,1
2024-06-02,2024-06-02 11:09:00,1420.45,1420.5,1420.45,1420.5,0.0,15.23,21825.24,1
2024-06-02,2024-06-02 11:10:00,1420.5,1420.55,1420.5,1420.55,0.0,15.23,21825.24,1
2024-06-02,2024-06-02 11:11:00,1420.55,1420.6,1420.55,1420.6,0.0,15.23,21825.24,1
2024-06-02,2024-06-02 11:12:00,1420.6,1420.65,1420.6,1420.65,0.0,15.23,21825.24,1
2024-06-02,2024-06-02 11:13:00,1420.65,1420.7,1420.65,1420.7,0.0,15.23,21825.24,1
2024-06-02,2024-06-02 11:14:00,1420.7,1420.75,1420.7,1420.75,0.0,15.23,21825.24,1
2024-06-02,2024-06-02 11:15:00,1420.75,1420.8,1420.75,1420.8,0.0,15.23,21825.24,1
2024-06-02,2024-06-02 11:16:00,1420.8,1420.85,1420.8,1420.85,0.0,15.23,21825.24,1
2024-06-02,2024-06-02 11:17:00,1420.85,1420.9,1420.85,1420.9,0.0,15.23,21825.24,1
2024-06-02,2024-06-02 11:18:00,1420.9,1420.95,1420.9,1420.95,0.0,15.23,21825.24,1
2024-06-02,2024-06-02 11:19:00,1420.95,1421.0,1420.95,1421.0,0.0,15.23,21825.24,1
2024-06-02,2024-06-02 11:20:00,1421.0,1421.05,1421.0,1421.05,0.0,15.23,21825.24,1
2024-06-02,2024-06-02 11:21:00,1421.05,1421.1,1421.05,1421.1,0.0,15.23,21825.24,1
2024-06-02,2024-06-02 11:22:00,1421.1,1421.15,1421.1,1421.15,0.0,15.23,21825.24,1
2024-06-02,2024-06-02 11:23:00,1421.15,1421.2,1421.15,1421.2,0.0,15.23,21825.24,1
2024-06-02,2024-06-02 11:24:00,1421.2,1421.25,1421.2,1421.25,0.0,15.23,21825.24,1
2024-06-02,2024-06-02 11:25:00,1421.25,1421.3,1421.25,1421.3,0.0,15.23,21825.24,1
2024-06-02,2024-06-02 11:26:00,1421.3,1421.35,1421.3,1421.35,0.0,15.23,21825.24,1
2024-06-02,2024-06-02 11:27:00,1421.35,1421.4,1421.35,1421.4,0.0,15.23,21825.24,1
2024-06-02,2024-06-02 11:28:00,1421.4,1421.45,1421.4,1421.45,0.0,15.23,21825.24,1
2024-06-02,2024-06-02 11:29:00,1421.45,1421.5,1421.45,1421.5,0.0,15.23,21825.24,1
2024-06-02,2024-06-02 11:30:00,1421.5,1421.55,1421.5,1421.55,0.0,15.23,21825.24,1
2024-06-02,2024-06-02 11:31:00,1421.55,1421.6,1421.55,1421.6,0.0,15.23,21825.24,1
2024-06-02,2024-06-02 11:32:00,1421.6,1421.65,1421.6,1421.65,0.0,15.23,21825.24,1
2024-06-02,2024-06-02 11:33:00,1421.65,1421.7,1421.65,1421.7,0.0,15.23,21825.24,1
2024-06-02,2024-06-02 11:34:00,1421.7,1421.75,1421.7,1421.75,0.0,15.23,21825.24,1
2024-06-02,2024-06-02 11:35:00,1421.75,1421.8,1421.75,1421.8,0.0,15.23,21825.24,1
2024-06-02,2024-06-02 11:36:00,1421.8,1421.85,1421.8,1421.85,0.0,15.23,21825.24,1
2024-06-02,2024-06-02 11:37:00,1421.85,1421.9,1421.85,1421.9,0.0,15.23,21825.24,1
2024-06-02,2024-06-02 11:38:00,1421.9,1421.95,1421.9,1421.95,0.0,15.23,21825.24,1
2024-06-02,2024-06-02 11:39:00,1421.95,1422.0,1421.95,1422.0,0.0,15.23,21825.24,1
2024-06-02,2024-06-02 11:40:00,1422.0,1422.05,1422.0,1422.05,0.0,15.23,21825.24,1
2024-06-02,2024-06-02 11:41:00,1422.05,1422.1,1422.05,1422.1,0.0,15.23,21825.24,1
2024-06-02,2024-06-02 11:42:00,1422.1,1422.15,1422.1,1422.15,0.0,15.23,21825.24,1
2024-06-02,2024-06-02 11:43:00,1422.15,1422.2,1422.15,1422.2,0.0,15.23,21825.24,1
2024-06-02,2024-06-02 11:44:00,1422.2,1422.25,1422.2,1422.25,0.0,15.23,21825.24,1
2024-06-02,2024-06-02 11:45:00,1422.25,1422.3,1422.25,1422.3,0.0,15.23,21825.24,1
2024-06-02,2024-06-02 11:46:00,1422.3,1422.35,1422.3,1422.35,0.0,15.23,21825.24,1
2024-06-02,2024-06-02 11:47:00,1422.35,1422.4,1422.35,1422.4,0.0,15.23,21825.24,1
2024-06-02,2024-06-02 11:48:00,1422.4,1422.45,1422.4,1422.45,0.0,15.23,21825.24,1
2024-06-02,2024-06-02 11:49:00,1422.45,1422.5,1422.45,1422.5,0.0,15.23,21825.24,1
2024-06-02,2024-06-02 11:50:00,1422.5,1422.55,1422.5,1422.55,0.0,15.23,21825.24,1
2024-06-02,2024-06-02 11:51:00,1422.55,1422.6,1422.55,1422.6,0.0,15.23,21825.24,1
2024-06-02,2024-06-02 11:52:00,1422.6,1422.65,1422.6,1422.65,0.0,15.23,21825.24,1
2024-06-02,2024-06-02 11:53:00,1422.65,1422.7,1422.65,1422.7,0.0,15.23,21825.24,1
2024-06-02,2024-06-02 11:54:00,1422.7,1422.75,1422.7,1422.75,0.0,15.23,21825.24,1
2024-06-02,2024-06-02 11:55:00,1422.75,1422.8,1422.75,1422.8,0.0,15.23,21825.24,1
2024-06-02,2024-06-02 11:56:00,1422.8,1422.85,1422.8,1422.85,0.0,15.23,21825.24,1
2024-06-02,2024-06-02 11:57:00,1422.85,1422.9,1422.85,1422.9,0.0,15.23,21825.24,1
2024-06-02,2024-06-02 11:58:00,1422.9,1422.95,1422.9,1422.95,0.0,15.23,21825.24,1
2024-06-02,2024-06-02 11:59:00,1422.95,1423.0,1422.95,1423.0,0.0,15.23,21825.24,1
2024-06-02,2024-06-02 12:00:00,1423.0,1423.05,1423.0,1423.05,0.0,15.23,21825.24,1
2024-06-02,2024-06-02 12:01:00,1423.05,1423.1,1423.05,1423.1,0.0,15.23,21825.24,1
2024-06-02,2024-06-02 12:02:00,1423.1,1423.15,1423.1,1423.15,0.0,15.23,21825.24,1
2024-06-02,2024-06-02 12:03:00,1423.15,1423.2,1423.15,1423.2,0.0,15.23,21825.24,1
2024-06-02,2024-06-02 12:04:00,1423.2,1423.25,1423.2,1423.25,0.0,15.23,21825.24,1
2024-06-02,2024-06-02 12:05:00,1423.25,1423.3,1423.25,1423.3,0.0,15.23,21825.24,1
2024-06-02,2024-06-02 12:06:00,1423.3,1423.35,1423.3,1423.35,0.0,15.23,21825.24,1
2024-06-02,2024-06-02 12:07:00,1423.35,1423.4,1423.35,1423.4,0.0,15.23,21825.24,1
2024-06-02,2024-06-02 12:08:00,1423.4,1423.45,1423.4,1423.45,0.0,15.23,21825.24,1
2024-06-02,2024-06-02 12:09:00,1423.45,1423.5,1423.45,1423.5,0.0,15.23,21825.24,1
2024-06-02,2024-06-02 12:10:00,1423.5,1423.55,1423.5,1423.55,0.0,15.23,21825.24,1
2024-06-02,2024-06-02 12:11:00,1423.55,1423.6,1423.55,1423.6,0.0,15.23,21825.24,1
2024-06-02,2024-06-02 12:12:00,1423.6,1423.65,1423.6,1423.65,0.0,15.23,21825.24,1
2024-06-02,2024-06-02 12:13:00,1423.65,1423.7,1423.65,1423.7,0.0,15.23,21825.24,1
2024-06-02,2024-06-02 12:14:00,1423.7,1423.75,1423.7,1423.75,0.0,15.23,21825.24,1
2024-06-02,2024-06-02 12:15:00,1423.75,1423.8,1423.75,1423.8,0.0,15.23,21825.24,1
2024-06-02,2024-06-02 12:16:00,1423.8,1423.85,1423.8,1423.85,0.0,15.23,21825.24,1
2024-06-02,2024-06-02 12:17:00,1423.85,1423.9,1423.85,1423.9,0.0,15.23,21825.24,1
2024-06-02,2024-06-02 12:18:00,1423.9,1423.95,1423.9,1423.95,0.0,15.23,21825.24,1
2024-06-02,2024-06-02 12:19:00,1423.95,1424.0,1423.95,1424.0,0.0,15.23,21825.24,1
2024-06-02,2024-06-02 12:20:00,1424.0,1424.05,1424.0,1424.05,0.0,15.23,21825.24,1
2024-06-02,2024-06-02 12:21:00,1424.05,1424.1,1424.05,1424.1,0.0,15.23,21825.24,1
2024-06-02,2024-06-02 12:22:00,1424.1,1424.15,1424.1,1424.15,0.0,15.23,21825.24,1
2024-06-02,2024-06-02 12:23:00,1424.15,1424.2,1424.15,1424.2,0.0,15.23,21825.24,1
2024-06-02,2024-06-02 12:24:00,1424.2,1424.25,1424.2,1424.25,0.0,15.23,21825.24,1
2024-06-02,2024-06-02 12:25:00,1424.25,1424.3,1424.25,1424.3,0.0,15.23,21825.24,1
2024-06-02,2024-06-02 12:26:00,1424.3,1424.35,1424.3,1424.35,0.0,15.23,21825.24,1
2024-06-02,2024-06-02 12:27:00,1424.35,1424.4,1424.35,1424.4,0.0,15.23,21825.24,1
2024-06-02,2024-06-02 12:28:00,1424.4,1424.45,1424.4,1424.45,0.0,15.23,21825.24,1
2024-06-02,2024-06-02 12:29:00,1424.45,1424.5,1424.45,1424.5,0.0,15.23,21825.24,1
2024-06-02,2024-06-02 12:30:00,1424.5,1424.55,1424.5,1424.55,0.0,15.23,21825.24,1
2024-06-02,2024-06-02 12:31:00,1424.55,1424.6,1424.55,1424.6,0.0,15.23,21825.24,1
2024-06-02,2024-06-02 12:32:00,1424.6,1424.65,1424.6,1424.65,0.0,15.23,21825.24,1
2024-06-02,2024-06-02 12:33:00,1424.65,1424.7,1424.65,1424.7,0.0,15.23,21825.24,1
2024-06-02,2024-06-02 12:34:00,1424.7,1424.75,1424.7,1424.75,0.0,15.23,21825.24,1
2024-06-02,2024-06-02 12:35:00,1424.75,1424.8,1424.75,1424.8,0.0,15.23,21825.24,1
2024-06-02,2024-06-02 12:36:00,1424.8,1424.85,1424.8,1424.85,0.0,15.23,21825.24,1
2024-06-02,2024-06-02 12:37:00,1424.85,1424.9,1424.85,1424.9,0.0,15.23,21825.24,1
2024-06-02,2024-06-02 12:38:00,1424.9,1424.95,1424.9,1424.95,0.0,15.23,21825.24,1
2024-06-02,2024-06-02 12:39:00,1424.95,1425.0,1424.95,1425.0,0.0,15.23,21825.24,1
2024-06-02,2024-06-02 12:40:00,1425.0,1425.05,1425.0,1425.05,0.0,15.23,21825.24,1
2024-06-02,2024-06-02 12:41:00,1425.05,1425.1,1425.05,1425.1,0.0,15.23,21825.24,1
2024-06-02,2024-06-02 12:42:00,1425.1,1425.15,1425.1,1425.15,0.0,15.23,21825.24,1
2024-06-02,2024-06-02 12:43:00,1425.15,1425.2,1425.15,1425.2,0.0,15.23,21825.24,1
2024-06-02,2024-06-02 12:44:00,1425.2,1425.25,1425.2,1425.25,0.0,15.23,21825.24,1
2024-06-02,2024-06-02 12:45:00,1425.25,1425.3,1425.25,1425.3,0.0,15.23,21825.24,1
2024-06-02,2024-06-02 12:46:00,1425.3,1425.35,1425.3,1425.35,0.0,15.23,21825.24,1
2024-06-02,2024-06-02 12:47:00,1425.35,1425.4,1425.35,1425.4,0.0,15.23,21825.24,1
2024-06-02,2024-06-02 12:48:00,1425.4,1425.45,1425.4,1425.45,0.0,15.23,21825.24,1
2024-06-02,2024-06-02 12:49:00,1425.45,1425.5,1425.45,1425.5,0.0,15.23,21825.24,1
2024-06-02,2024-06-02 12:50:00,1425.5,1425.55,1425.5,1425.55,0.0,15.23,21825.24,1
2024-06-02,2024-06-02 12:51:00,1425.55,1425.6,1425.55,1425.6,0.0,15.23,21825.24,1
2024-06-02,2024-06-02 12:52:00,1425.6,1425.65,1425.6,1425.65,0.0,15.23,21825.24,1
2024-06-02,2024-06-02 12:53:00,1425.65,1425.7,1425.65,1425.7,0.0,15.23,21825.24,1
2024-06-02,2024-06-02 12:54:00,1425.7,1425.75,1425.7,1425.75,0.0,15.23,21825.24,1
2024-06-02,2024-06-02 12:55:00,1425.75,1425.8,1425.75,1425.8,0.0,15.23,21825.24,1
2024-06-02,2024-06-02 12:56:00,1425.8,1425.85,1425.8,1425.85,0.0,15.23,21825.24,1
2024-06-02,2024-06-02 12:57:00,1425.85,1425.9,1425.85,1425.9,0.0,15.23,21825.24,1
2024-06-02,2024-06-02 12:58:00,1425.9,1425.95,1425.9,1425.95,0.0,15.23,21825.24,1
2024-06-02,2024-06-02 12:59:00,1425.95,1426.0,1425.95,1426.0,0.0,15.23,21825.24,1
2024-06-02,2024-06-02 13:00:00,1426.0,1447.7,1420.0,1426.05,0.0,15.23,21825.24,1
2024-06-02,2024-06-02 13:01:00,1426.05,1426.1,1426.05,1426.1,0.0,15.23,21825.24,1
2024-06-02,2024-06-02 13:02:00,1426.1,1426.15,1426.1,1426.15,0.0,15.23,21825.24,1
2024-06-02,2024-06-02 13:03:00,1426.15,1426.2,1426.15,1426.2,0.0,15.23,21825.24,1
2024-06-02,2024-06-02 13:04:00,1426.2,1426.25,1426.2,1426.25,0.0,15.23,21825.24,1
2024-06-02,2024-06-02 13:05:00,1426.25,1426.3,1426.25,1426.3,0.0,15.23,21825.24,1
2024-06-02,2024-06-02 13:06:00,1426.3,1426.35,1426.3,1426.35,0.0,15.23,21825.24,1
2024-06-02,2024-06-02 13:07:00,1426.35,1426.4,1426.35,1426.4,0.0,15.23,21825.24,1
2024-06-02,2024-06-02 13:08:00,1426.4,1426.45,1426.4,1426.45,0.0,15.23,21825.24,1
2024-06-02,2024-06-02 13:09:00,1426.45,1426.5,1426.45,1426.5,0.0,15.23,21825.24,1
2024-06-02,2024-06-02 13:10:00,1426.5,1426.55,1426.5,1426.55,0.0,15.23,21825.24,1
2024-06-02,2024-06-02 13:11:00,1426.55,1426.6,1426.55,1426.6,0.0,15.23,21825.24,1
2024-06-02,2024-06-02 13:12:00,1426.6,1426.65,1426.6,1426.65,0.0,15.23,21825.24,1
2024-06-02,2024-06-02 13:13:00,1426.65,1426.7,1426.65,1426.7,0.0,15.23,21825.24,1
2024-06-02,2024-06-02 13:14:00,1426.7,1426.75,1426.7,1426.75,0.0,15.23,21825.24,1
2024-06-02,2024-06-02 13:15:00,1426.75,1426.8,1426.75,1426.8,0.0,15.23,21825.24,1
2024-06-02,2024-06-02 13:16:00,1426.8,1426.85,1426.8,1426.85,0.0,15.23,21825.24,1
2024-06-02,2024-06-02 13:17:00,1426.85,1426.9,1426.85,1426.9,0.0,15.23,21825.24,1
2024-06-02,2024-06-02 13:18:00,1426.9,1426.95,1426.9,1426.95,0.0,15.23,21825.24,1
2024-06-02,2024-06-02 13:19:00,1426.95,1427.0,1426.95,1427.0,0.0,15.23,21825.24,1
2024-06-02,2024-06-02 13:20:00,1427.0,1427.05,1427.0,1427.05,0.0,15.23,21825.24,1
2024-06-02,2024-06-02 13:21:00,1427.05,1427.1,1427.05,1427.1,0.0,15.23,21825.24,1
2024-06-02,2024-06-02 13:22:00,1427.1,1427.15,1427.1,1427.15,0.0,15.23,21825.24,1
2024-06-02,2024-06-02 13:23:00,1427.15,1427.2,1427.15,1427.2,0.0,15.23,21825.24,1
2024-06-02,2024-06-02 13:24:00,1427.2,1427.25,1427.2,1427.25,0.0,15.23,21825.24,1
2024-06-02,2024-06-02 13:25:00,1427.25,1427.3,1427.25,1427.3,0.0,15.23,21825.24,1
2024-06-02,2024-06-02 13:26:00,1427.3,1427.35,1427.3,1427.35,0.0,15.23,21825.24,1
2024-06-02,2024-06-02 13:27:00,1427.35,1427.4,1427.35,1427.4,0.0,15.23,21825.24,1
2024-06-02,2024-06-02 13:28:00,1427.4,1427.45,1427.4,1427.45,0.0,15.23,21825.24,1
2024-06-02,2024-06-02 13:29:00,1427.45,1427.5,1427.45,1427.5,0.0,15.23,21825.24,1
2024-06-02,2024-06-02 13:30:00,1427.5,1427.55,1427.5,1427.55,0.0,15.23,21825.24,1
2024-06-02,2024-06-02 13:31:00,1427.55,1427.6,1427.55,1427.6,0.0,15.23,21825.24,1
2024-06-02,2024-06-02 13:32:00,1427.6,1427.65,1427.6,1427.65,0.0,15.23,21825.24,1
2024-06-02,2024-06-02 13:33:00,1427.65,1427.7,1427.65,1427.7,0.0,15.23,21825.24,1
2024-06-02,2024-06-02 13:34:00,1427.7,1427.75,1427.7,1427.75,0.0,15.23,21825.24,1
2024-06-02,2024-06-02 13:35:00,1427.75,1427.8,1427.75,1427.8,0.0,15.23,21825.24,1
2024-06-02,2024-06-02 13:36:00,1427.8,1427.85,1427.8,1427.85,0.0,15.23,21825.24,1
2024-06-02,2024-06-02 13:37:00,1427.85,1427.9,1427.85,1427.9,0.0,15.23,21825.24,1
2024-06-02,2024-06-02 13:38:00,1427.9,1427.95,1427.9,1427.95,0.0,15.23,21825.24,1
2024-06-02,2024-06-02 13:39:00,1427.95,1428.0,1427.95,1428.0,0.0,15.23,21825.24,1
2024-06-02,2024-06-02 13:40:00,1428.0,1428.05,1428.0,1428.05,0.0,15.23,21825.24,1
2024-06-02,2024-06-02 13:41:00,1428.05,1428.1,1428.05,1428.1,0.0,15.23,21825.24,1
2024-06-02,2024-06-02 13:42:00,1428.1,1428.15,1428.1,1428.15,0.0,15.23,21825.24,1
2024-06-02,2024-06-02 13:43:00,1428.15,1428.2,1428.15,1428.2,0.0,15.23,21825.24,1
2024-06-02,2024-06-02 13:44:00,1428.2,1428.25,1428.2,1428.25,0.0,15.23,21825.24,1
2024-06-02,2024-06-02 13:45:00,1428.25,1428.3,1428.25,1428.3,0.0,15.23,21825.24,1
2024-06-02,2024-06-02 13:46:00,1428.3,1428.35,1428.3,1428.35,0.0,15.23,21825.24,1
2024-06-02,2024-06-02 13:47:00,1428.35,1428.4,1428.35,1428.4,0.0,15.23,21825.24,1
2024-06-02,2024-06-02 13:48:00,1428.4,1428.45,1428.4,1428.45,0.0,15.23,21825.24,1
2024-06-02,2024-06-02 13:49:00,1428.45,1428.5,1428.45,1428.5,0.0,15.23,21825.24,1
2024-06-02,2024-06-02 13:50:00,1428.5,1428.55,1428.5,1428.55,0.0,15.23,21825.24,1
2024-06-02,2024-06-02 13:51:00,1428.55,1428.6,1428.55,1428.6,0.0,15.23,21825.24,1
2024-06-02,2024-06-02 13:52:00,1428.6,1428.65,1428.6,1428.65,0.0,15.23,21825.24,1
2024-06-02,2024-06-02 13:53:00,1428.65,1428.7,1428.65,1428.7,0.0,15.23,21825.24,1
2024-06-02,2024-06-02 13:54:00,1428.7,1428.75,1428.7,1428.75,0.0,15.23,21825.24,1
2024-06-02,2024-06-02 13:55:00,1428.75,1428.8,1428.75,1428.8,0.0,15.23,21825.24,1
2024-06-02,2024-06-02 13:56:00,1428.8,1428.85,1428.8,1428.85,0.0,15.23,21825.24,1
2024-06-02,2024-06-02 13:57:00,1428.85,1428.9,1428.85,1428.9,0.0,15.23,21825.24,1
2024-06-02,2024-06-02 13:58:00,1428.9,1428.95,1428.9,1428.95,0.0,15.23,21825.24,1
2024-06-02,2024-06-02 13:59:00,1428.95,1429.0,1428.95,1429.0,0.0,15.23,21825.24,1
2024-06-02,2024-06-02 14:00:00,1429.0,1429.05,1429.0,1429.05,0.0,15.23,21825.24,1
2024-06-02,2024-06-02 14:01:00,1429.05,1429.1,1429.05,1429.1,0.0,15.23,21825.24,1
2024-06-02,2024-06-02 14:02:00,1429.1,1429.15,1429.1,1429.15,0.0,15.23,21825.24,1
2024-06-02,2024-06-02 14:03:00,1429.15,1429.2,1429.15,1429.2,0.0,15.23,21825.24,1
2024-06-02,2024-06-02 14:04:00,1429.2,1429.25,1429.2,1429.25,0.0,15.23,21825.24,1
2024-06-02,2024-06-02 14:05:00,1429.25,1429.3,1429.25,1429.3,0.0,15.23,21825.24,1
2024-06-02,2024-06-02 14:06:00,1429.3,1429.35,1429.3,1429.35,0.0,15.23,21825.24,1
2024-06-02,2024-06-02 14:07:00,1429.35,1429.4,1429.35,1429.4,0.0,15.23,21825.24,1
2024-06-02,2024-06-02 14:08:00,1429.4,1429.45,1429.4,1429.45,0.0,15.23,21825.24,1
2024-06-02,2024-06-02 14:09:00,1429.45,1429.5,1429.45,1429.5,0.0,15.23,21825.24,1
2024-06-02,2024-06-02 14:10:00,1429.5,1429.55,1429.5,1429.55,0.0,15.23,21825.24,1
2024-06-02,2024-06-02 14:11:00,1429.55,1429.6,1429.55,1429.6,0.0,15.23,21825.24,1
2024-06-02,2024-06-02 14:12:00,1429.6,1429.65,1429.6,1429.65,0.0,15.23,21825.24,1
2024-06-02,2024-06-02 14:13:00,1429.65,1429.7,1429.65,1429.7,0.0,15.23,21825.24,1
2024-06-02,2024-06-02 14:14:00,1429.7,1429.75,1429.7,1429.75,0.0,15.23,21825.24,1
2024-06-02,2024-06-02 14:15:00,1429.75,1429.8,1429.75,1429.8,0.0,15.23,21825.24,1
2024-06-02,2024-06-02 14:16:00,1429.8,1429.85,1429.8,1429.85,0.0,15.23,21825.24,1
2024-06-02,2024-06-02 14:17:00,1429.85,1429.9,1429.85,1429.9,0.0,15.23,21825.24,1
2024-06-02,2024-06-02 14:18:00,1429.9,1429.95,1429.9,1429.95,0.0,15.23,21825.24,1
2024-06-02,2024-06-02 14:19:00,1429.95,1430.0,1429.95,1430.0,0.0,15.23,21825.24,1
2024-06-02,2024-06-02 14:20:00,1430.0,1430.05,1430.0,1430.05,0.0,15.23,21825.24,1
2024-06-02,2024-06-02 14:21:00,1430.05,1430.1,1430.05,1430.1,0.0,15.23,21825.24,1
2024-06-02,2024-06-02 14:22:00,1430.1,1430.15,1430.1,1430.15,0.0,15.23,21825.24,1
2024-06-02,2024-06-02 14:23:00,1430.15,1430.2,1430.15,1430.2,0.0,15.23,21825.24,1
2024-06-02,2024-06-02 14:24:00,1430.2,1430.25,1430.2,1430.25,0.0,15.23,21825.24,1
2024-06-02,2024-06-02 14:25:00,1430.25,1430.3,1430.25,1430.3,0.0,15.23,21825.24,1
2024-06-02,2024-06-02 14:26:00,1430.3,1430.35,1430.3,1430.35,0.0,15.23,21825.24,1
2024-06-02,2024-06-02 14:27:00,1430.35,1430.4,1430.35,1430.4,0.0,15.23,21825.24,1
2024-06-02,2024-06-02 14:28:00,1430.4,1430.45,1430.4,1430.45,0.0,15.23,21825.24,1
2024-06-02,2024-06-02 14:29:00,1430.45,1430.5,1430.45,1430.5,0.0,15.23,21825.24,1
2024-06-02,2024-06-02 14:30:00,1430.5,1430.55,1430.5,1430.55,0.0,15.23,21825.24,1
2024-06-02,2024-06-02 14:31:00,1430.55,1430.6,1430.55,1430.6,0.0,15.23,21825.24,1
2024-06-02,2024-06-02 14:32:00,1430.6,1430.65,1430.6,1430.65,0.0,15.23,21825.24,1
2024-06-02,2024-06-02 14:33:00,1430.65,1430.7,1430.65,1430.7,0.0,15.23,21825.24,1
2024-06-02,2024-06-02 14:34:00,1430.7,1430.75,1430.7,1430.75,0.0,15.23,21825.24,1
2024-06-02,2024-06-02 14:35:00,1430.75,1430.8,1430.75,1430.8,0.0,15.23,21825.24,1
2024-06-02,2024-06-02 14:36:00,1430.8,1430.85,1430.8,1430.85,0.0,15.23,21825.24,1
2024-06-02,2024-06-02 14:37:00,1430.85,1430.9,1430.85,1430.9,0.0,15.23,21825.24,1
2024-06-02,2024-06-02 14:38:00,1430.9,1430.95,1430.9,1430.95,0.0,15.23,21825.24,1
2024-06-02,2024-06-02 14:39:00,1430.95,1431.0,1430.95,1431.0,0.0,15.23,21825.24,1
2024-06-02,2024-06-02 14:40:00,1431.0,1431.05,1431.0,1431.05,0.0,15.23,21825.24,1
2024-06-02,2024-06-02 14:41:00,1431.05,1431.1,1431.05,1431.1,0.0,15.23,21825.24,1
2024-06-02,2024-06-02 14:42:00,1431.1,1431.15,1431.1,1431.15,0.0,15.23,21825.24,1
2024-06-02,2024-06-02 14:43:00,1431.15,1431.2,1431.15,1431.2,0.0,15.23,21825.24,1
2024-06-02,2024-06-02 14:44:00,1431.2,1431.25,1431.2,1431.25,0.0,15.23,21825.24,1
2024-06-02,2024-06-02 14:45:00,1431.25,1431.3,1431.25,1431.3,0.0,15.23,21825.24,1
2024-06-02,2024-06-02 14:46:00,1431.3,1431.35,1431.3,1431.35,0.0,15.23,21825.24,1
2024-06-02,2024-06-02 14:47:00,1431.35,1431.4,1431.35,1431.4,0.0,15.23,21825.24,1
2024-06-02,2024-06-02 14:48:00,1431.4,1431.45,1431.4,1431.45,0.0,15.23,21825.24,1
2024-06-02,2024-06-02 14:49:00,1431.45,1431.5,1431.45,1431.5,0.0,15.23,21825.24,1
2024-06-02,2024-06-02 14:50:00,1431.5,1431.55,1431.5,1431.55,0.0,15.23,21825.24,1
2024-06-02,2024-06-02 14:51:00,1431.55,1431.6,1431.55,1431.6,0.0,15.23,21825.24,1
2024-06-02,2024-06-02 14:52:00,1431.6,1431.65,1431.6,1431.65,0.0,15.23,21825.24,1
2024-06-02,2024-06-02 14:53:00,1431.65,1431.7,1431.65,1431.7,0.0,15.23,21825.24,1
2024-06-02,2024-06-02 14:54:00,1431.7,1431.75,1431.7,1431.75,0.0,15.23,21825.24,1
2024-06-02,2024-06-02 14:55:00,1431.75,1431.8,1431.75,1431.8,0.0,15.23,21825.24,1
2024-06-02,2024-06-02 14:56:00,1431.8,1431.85,1431.8,1431.85,0.0,15.23,21825.24,1
2024-06-02,2024-06-02 14:57:00,1431.85,1431.9,1431.85,1431.9,0.0,15.23,21825.24,1
2024-06-02,2024-06-02 14:58:00,1431.9,1431.95,1431.9,1431.95,0.0,15.23,21825.24,1
2024-06-02,2024-06-02 14:59:00,1431.95,1432.0,1431.95,1432.0,0.0,15.23,21825.24,1
2024-06-02,2024-06-02 15:00:00,1432.0,1447.7,1420.0,1432.0,0.0,15.23,21825.24,0
2024-06-03,2024-06-03 11:00:00,1460.0,1468.1,1451.6,1460.08,0.01,25.5,37239.16,1
2024-06-03,2024-06-03 11:01:00,1460.08,1460.17,1460.08,1460.17,0.01,25.5,37239.16,1
2024-06-03,2024-06-03 11:02:00,1460.17,1460.25,1460.17,1460.25,0.01,25.5,37239.16,1
2024-06-03,2024-06-03 11:03:00,1460.25,1460.33,1460.25,1460.33,0.01,25.5,37239.16,1
2024-06-03,2024-06-03 11:04:00,1460.33,1460.42,1460.33,1460.42,0.01,25.5,37239.16,1
2024-06-03,2024-06-03 11:05:00,1460.42,1460.5,1460.42,1460.5,0.01,25.5,37239.16,1
2024-06-03,2024-06-03 11:06:00,1460.5,1460.58,1460.5,1460.58,0.01,25.5,37239.16,1
2024-06-03,2024-06-03 11:07:00,1460.58,1460.67,1460.58,1460.67,0.01,25.5,37239.16,1
2024-06-03,2024-06-03 11:08:00,1460.67,1460.75,1460.67,1460.75,0.01,25.5,37239.16,1
2024-06-03,2024-06-03 11:09:00,1460.75,1460.83,1460.75,1460.83,0.01,25.5,37239.16,1
2024-06-03,2024-06-03 11:10:00,1460.83,1460.92,1460.83,1460.92,0.01,25.5,37239.16,1
2024-06-03,2024-06-03 11:11:00,1460.92,1461.0,1460.92,1461.0,0.01,25.5,37239.16,1
2024-06-03,2024-06-03 11:12:00,1461.0,1461.08,1461.0,1461.08,0.01,25.5,37239.16,1
2024-06-03,2024-06-03 11:13:00,1461.08,1461.17,1461.08,1461.17,0.01,25.5,37239.16,1
2024-06-03,2024-06-03 11:14:00,1461.17,1461.25,1461.17,1461.25,0.01,25.5,37239.16,1
2024-06-03,2024-06-03 11:15:00,1461.25,1461.33,1461.25,1461.33,0.01,25.5,37239.16,1
2024-06-03,2024-06-03 11:16:00,1461.33,1461.42,1461.33,1461.42,0.01,25.5,37239.16,1
2024-06-03,2024-06-03 11:17:00,1461.42,1461.5,1461.42,1461.5,0.01,25.5,37239.16,1
2024-06-03,2024-06-03 11:18:00,1461.5,1461.58,1461.5,1461.58,0.01,25.5,37239.16,1
2024-06-03,2024-06-03 11:19:00,1461.58,1461.67,1461.58,1461.67,0.01,25.5,37239.16,1
2024-06-03,2024-06-03 11:20:00,1461.67,1461.75,1461.67,1461.75,0.01,25.5,37239.16,1
2024-06-03,2024-06-03 11:21:00,1461.75,1461.83,1461.75,1461.83,0.01,25.5,37239.16,1
2024-06-03,2024-06-03 11:22:00,1461.83,1461.92,1461.83,1461.92,0.01,25.5,37239.16,1
2024-06-03,2024-06-03 11:23:00,1461.92,1462.0,1461.92,1462.0,0.01,25.5,37239.16,1
2024-06-03,2024-06-03 11:24:00,1462.0,1462.08,1462.0,1462.08,0.01,25.5,37239.16,1
2024-06-03,2024-06-03 11:25:00,1462.08,1462.17,1462.08,1462.17,0.01,25.5,37239.16,1
2024-06-03,2024-06-03 11:26:00,1462.17,1462.25,1462.17,1462.25,0.01,25.5,37239.16,1
2024-06-03,2024-06-03 11:27:00,1462.25,1462.33,1462.25,1462.33,0.01,25.5,37239.16,1
2024-06-03,2024-06-03 11:28:00,1462.33,1462.42,1462.33,1462.42,0.01,25.5,37239.16,1
2024-06-03,2024-06-03 11:29:00,1462.42,1462.5,1462.42,1462.5,0.01,25.5,37239.16,1
2024-06-03,2024-06-03 11:30:00,1462.5,1462.58,1462.5,1462.58,0.01,25.5,37239.16,1
2024-06-03,2024-06-03 11:31:00,1462.58,1462.67,1462.58,1462.67,0.01,25.5,37239.16,1
2024-06-03,2024-06-03 11:32:00,1462.67,1462.75,1462.67,1462.75,0.01,25.5,37239.16,1
2024-06-03,2024-06-03 11:33:00,1462.75,1462.83,1462.75,1462.83,0.01,25.5,37239.16,1
2024-06-03,2024-06-03 11:34:00,1462.83,1462.92,1462.83,1462.92,0.01,25.5,37239.16,1
2024-06-03,2024-06-03 11:35:00,1462.92,1463.0,1462.92,1463.0,0.01,25.5,37239.16,1
2024-06-03,2024-06-03 11:36:00,1463.0,1463.08,1463.0,1463.08,0.01,25.5,37239.16,1
2024-06-03,2024-06-03 11:37:00,1463.08,1463.17,1463.08,1463.17,0.01,25.5,37239.16,1
2024-06-03,2024-06-03 11:38:00,1463.17,1463.25,1463.17,1463.25,0.01,25.5,37239.16,1
2024-06-03,2024-06-03 11:39:00,1463.25,1463.33,1463.25,1463.33,0.01,25.5,37239.16,1
2024-06-03,2024-06-03 11:40:00,1463.33,1463.42,1463.33,1463.42,0.01,25.5,37239.16,1
2024-06-03,2024-06-03 11:41:00,1463.42,1463.5,1463.42,1463.5,0.01,25.5,37239.16,1
2024-06-03,2024-06-03 11:42:00,1463.5,1463.58,1463.5,1463.58,0.01,25.5,37239.16,1
2024-06-03,2024-06-03 11:43:00,1463.58,1463.67,1463.58,1463.67,0.01,25.5,37239.16,1
2024-06-03,2024-06-03 11:44:00,1463.67,1463.75,1463.67,1463.75,0.01,25.5,37239.16,1
2024-06-03,2024-06-03 11:45:00,1463.75,1463.83,1463.75,1463.83,0.01,25.5,37239.16,1
2024-06-03,2024-06-03 11:46:00,1463.83,1463.92,1463.83,1463.92,0.01,25.5,37239.16,1
2024-06-03,2024-06-03 11:47:00,1463.92,1464.0,1463.92,1464.0,0.01,25.5,37239.16,1
2024-06-03,2024-06-03 11:48:00,1464.0,1464.08,1464.0,1464.08,0.01,25.5,37239.16,1
2024-06-03,2024-06-03 11:49:00,1464.08,1464.17,1464.08,1464.17,0.01,25.5,37239.16,1
2024-06-03,2024-06-03 11:50:00,1464.17,1464.25,1464.17,1464.25,0.01,25.5,37239.16,1
2024-06-03,2024-06-03 11:51:00,1464.25,1464.33,1464.25,1464.33,0.01,25.5,37239.16,1
2024-06-03,2024-06-03 11:52:00,1464.33,1464.42,1464.33,1464.42,0.01,25.5,37239.16,1
2024-06-03,2024-06-03 11:53:00,1464.42,1464.5,1464.42,1464.5,0.01,25.5,37239.16,1
2024-06-03,2024-06-03 11:54:00,1464.5,1464.58,1464.5,1464.58,0.01,25.5,37239.16,1
2024-06-03,2024-06-03 11:55:00,1464.58,1464.67,1464.58,1464.67,0.01,25.5,37239.16,1
2024-06-03,2024-06-03 11:56:00,1464.67,1464.75,1464.67,1464.75,0.01,25.5,37239.16,1
2024-06-03,2024-06-03 11:57:00,1464.75,1464.83,1464.75,1464.83,0.01,25.5,37239.16,1
2024-06-03,2024-06-03 11:58:00,1464.83,1464.92,1464.83,1464.92,0.01,25.5,37239.16,1
2024-06-03,2024-06-03 11:59:00,1464.92,1465.0,1464.92,1465.0,0.01,25.5,37239.16,1
2024-06-03,2024-06-03 12:00:00,1465.0,1465.08,1465.0,1465.08,0.01,25.5,37239.16,1
2024-06-03,2024-06-03 12:01:00,1465.08,1465.17,1465.08,1465.17,0.01,25.5,37239.16,1
2024-06-03,2024-06-03 12:02:00,1465.17,1465.25,1465.17,1465.25,0.01,25.5,37239.16,1
2024-06-03,2024-06-03 12:03:00,1465.25,1465.33,1465.25,1465.33,0.01,25.5,37239.16,1
2024-06-03,2024-06-03 12:04:00,1465.33,1465.42,1465.33,1465.42,0.01,25.5,37239.16,1
2024-06-03,2024-06-03 12:05:00,1465.42,1465.5,1465.42,1465.5,0.01,25.5,37239.16,1
2024-06-03,2024-06-03 12:06:00,1465.5,1465.58,1465.5,1465.58,0.01,25.5,37239.16,1
2024-06-03,2024-06-03 12:07:00,1465.58,1465.67,1465.58,1465.67,0.01,25.5,37239.16,1
2024-06-03,2024-06-03 12:08:00,1465.67,1465.75,1465.67,1465.75,0.01,25.5,37239.16,1
2024-06-03,2024-06-03 12:09:00,1465.75,1465.83,1465.75,1465.83,0.01,25.5,37239.16,1
2024-06-03,2024-06-03 12:10:00,1465.83,1465.92,1465.83,1465.92,0.01,25.5,37239.16,1
2024-06-03,2024-06-03 12:11:00,1465.92,1466.0,1465.92,1466.0,0.01,25.5,37239.16,1
2024-06-03,2024-06-03 12:12:00,1466.0,1466.08,1466.0,1466.08,0.01,25.5,37239.16,1
2024-06-03,2024-06-03 12:13:00,1466.08,1466.17,1466.08,1466.17,0.01,25.5,37239.16,1
2024-06-03,2024-06-03 12:14:00,1466.17,1466.25,1466.17,1466.25,0.01,25.5,37239.16,1
2024-06-03,2024-06-03 12:15:00,1466.25,1466.33,1466.25,1466.33,0.01,25.5,37239.16,1
2024-06-03,2024-06-03 12:16:00,1466.33,1466.42,1466.33,1466.42,0.01,25.5,37239.16,1
2024-06-03,2024-06-03 12:17:00,1466.42,1466.5,1466.42,1466.5,0.01,25.5,37239.16,1
2024-06-03,2024-06-03 12:18:00,1466.5,1466.58,1466.5,1466.58,0.01,25.5,37239.16,1
2024-06-03,2024-06-03 12:19:00,1466.58,1466.67,1466.58,1466.67,0.01,25.5,37239.16,1
2024-06-03,2024-06-03 12:20:00,1466.67,1466.75,1466.67,1466.75,0.01,25.5,37239.16,1
2024-06-03,2024-06-03 12:21:00,1466.75,1466.83,1466.75,1466.83,0.01,25.5,37239.16,1
2024-06-03,2024-06-03 12:22:00,1466.83,1466.92,1466.83,1466.92,0.01,25.5,37239.16,1
2024-06-03,2024-06-03 12:23:00,1466.92,1467.0,1466.92,1467.0,0.01,25.5,37239.16,1
2024-06-03,2024-06-03 12:24:00,1467.0,1467.08,1467.0,1467.08,0.01,25.5,37239.16,1
2024-06-03,2024-06-03 12:25:00,1467.08,1467.17,1467.08,1467.17,0.01,25.5,37239.16,1
2024-06-03,2024-06-03 12:26:00,1467.17,1467.25,1467.17,1467.25,0.01,25.5,37239.16,1
2024-06-03,2024-06-03 12:27:00,1467.25,1467.33,1467.25,1467.33,0.01,25.5,37239.16,1
2024-06-03,2024-06-03 12:28:00,1467.33,1467.42,1467.33,1467.42,0.01,25.5,37239.16,1
2024-06-03,2024-06-03 12:29:00,1467.42,1467.5,1467.42,1467.5,0.01,25.5,37239.16,1
2024-06-03,2024-06-03 12:30:00,1467.5,1467.58,1467.5,1467.58,0.01,25.5,37239.16,1
2024-06-03,2024-06-03 12:31:00,1467.58,1467.67,1467.58,1467.67,0.01,25.5,37239.16,1
2024-06-03,2024-06-03 12:32:00,1467.67,1467.75,1467.67,1467.75,0.01,25.5,37239.16,1
2024-06-03,2024-06-03 12:33:00,1467.75,1467.83,1467.75,1467.83,0.01,25.5,37239.16,1
2024-06-03,2024-06-03 12:34:00,1467.83,1467.92,1467.83,1467.92,0.01,25.5,37239.16,1
2024-06-03,2024-06-03 12:35:00,1467.92,1468.0,1467.92,1468.0,0.01,25.5,37239.16,1
2024-06-03,2024-06-03 12:36:00,1468.0,1468.08,1468.0,1468.08,0.01,25.5,37239.16,1
2024-06-03,2024-06-03 12:37:00,1468.08,1468.17,1468.08,1468.17,0.01,25.5,37239.16,1
2024-06-03,2024-06-03 12:38:00,1468.17,1468.25,1468.17,1468.25,0.01,25.5,37239.16,1
2024-06-03,2024-06-03 12:39:00,1468.25,1468.33,1468.25,1468.33,0.01,25.5,37239.16,1
2024-06-03,2024-06-03 12:40:00,1468.33,1468.42,1468.33,1468.42,0.01,25.5,37239.16,1
2024-06-03,2024-06-03 12:41:00,1468.42,1468.5,1468.42,1468.5,0.01,25.5,37239.16,1
2024-06-03,2024-06-03 12:42:00,1468.5,1468.58,1468.5,1468.58,0.01,25.5,37239.16,1
2024-06-03,2024-06-03 12:43:00,1468.58,1468.67,1468.58,1468.67,0.01,25.5,37239.16,1
2024-06-03,2024-06-03 12:44:00,1468.67,1468.75,1468.67,1468.75,0.01,25.5,37239.16,1
2024-06-03,2024-06-03 12:45:00,1468.75,1468.83,1468.75,1468.83,0.01,25.5,37239.16,1
2024-06-03,2024-06-03 12:46:00,1468.83,1468.92,1468.83,1468.92,0.01,25.5,37239.16,1
2024-06-03,2024-06-03 12:47:00,1468.92,1469.0,1468.92,1469.0,0.01,25.5,37239.16,1
2024-06-03,2024-06-03 12:48:00,1469.0,1469.08,1469.0,1469.08,0.01,25.5,37239.16,1
2024-06-03,2024-06-03 12:49:00,1469.08,1469.17,1469.08,1469.17,0.01,25.5,37239.16,1
2024-06-03,2024-06-03 12:50:00,1469.17,1469.25,1469.17,1469.25,0.01,25.5,37239.16,1
2024-06-03,2024-06-03 12:51:00,1469.25,1469.33,1469.25,1469.33,0.01,25.5,37239.16,1
2024-06-03,2024-06-03 12:52:00,1469.33,1469.42,1469.33,1469.42,0.01,25.5,37239.16,1
2024-06-03,2024-06-03 12:53:00,1469.42,1469.5,1469.42,1469.5,0.01,25.5,37239.16,1
2024-06-03,2024-06-03 12:54:00,1469.5,1469.58,1469.5,1469.58,0.01,25.5,37239.16,1
2024-06-03,2024-06-03 12:55:00,1469.58,1469.67,1469.58,1469.67,0.01,25.5,37239.16,1
2024-06-03,2024-06-03 12:56:00,1469.67,1469.75,1469.67,1469.75,0.01,25.5,37239.16,1
2024-06-03,2024-06-03 12:57:00,1469.75,1469.83,1469.75,1469.83,0.01,25.5,37239.16,1
2024-06-03,2024-06-03 12:58:00,1469.83,1469.92,1469.83,1469.92,0.01,25.5,37239.16,1
2024-06-03,2024-06-03 12:59:00,1469.92,1470.0,1469.92,1470.0,0.01,25.5,37239.16,1
2024-06-03,2024-06-03 13:00:00,1470.0,1487.0,1432.0,1470.08,0.01,25.5,37239.16,1
2024-06-03,2024-06-03 13:01:00,1470.08,1470.17,1470.08,1470.17,0.01,25.5,37239.16,1
2024-06-03,2024-06-03 13:02:00,1470.17,1470.25,1470.17,1470.25,0.01,25.5,37239.16,1
2024-06-03,2024-06-03 13:03:00,1470.25,1470.33,1470.25,1470.33,0.01,25.5,37239.16,1
2024-06-03,2024-06-03 13:04:00,1470.33,1470.42,1470.33,1470.42,0.01,25.5,37239.16,1
2024-06-03,2024-06-03 13:05:00,1470.42,1470.5,1470.42,1470.5,0.01,25.5,37239.16,1
2024-06-03,2024-06-03 13:06:00,1470.5,1470.58,1470.5,1470.58,0.01,25.5,37239.16,1
2024-06-03,2024-06-03 13:07:00,1470.58,1470.67,1470.58,1470.67,0.01,25.5,37239.16,1
2024-06-03,2024-06-03 13:08:00,1470.67,1470.75,1470.67,1470.75,0.01,25.5,37239.16,1
2024-06-03,2024-06-03 13:09:00,1470.75,1470.83,1470.75,1470.83,0.01,25.5,37239.16,1
2024-06-03,2024-06-03 13:10:00,1470.83,1470.92,1470.83,1470.92,0.01,25.5,37239.16,1
2024-06-03,2024-06-03 13:11:00,1470.92,1471.0,1470.92,1471.0,0.01,25.5,37239.16,1
2024-06-03,2024-06-03 13:12:00,1471.0,1471.08,1471.0,1471.08,0.01,25.5,37239.16,1
2024-06-03,2024-06-03 13:13:00,1471.08,1471.17,1471.08,1471.17,0.01,25.5,37239.16,1
2024-06-03,2024-06-03 13:14:00,1471.17,1471.25,1471.17,1471.25,0.01,25.5,37239.16,1
2024-06-03,2024-06-03 13:15:00,1471.25,1471.33,1471.25,1471.33,0.01,25.5,37239.16,1
2024-06-03,2024-06-03 13:16:00,1471.33,1471.42,1471.33,1471.42,0.01,25.5,37239.16,1
2024-06-03,2024-06-03 13:17:00,1471.42,1471.5,1471.42,1471.5,0.01,25.5,37239.16,1
2024-06-03,2024-06-03 13:18:00,1471.5,1471.58,1471.5,1471.58,0.01,25.5,37239.16,1
2024-06-03,2024-06-03 13:19:00,1471.58,1471.67,1471.58,1471.67,0.01,25.5,37239.16,1
2024-06-03,2024-06-03 13:20:00,1471.67,1471.75,1471.67,1471.75,0.01,25.5,37239.16,1
2024-06-03,2024-06-03 13:21:00,1471.75,1471.83,1471.75,1471.83,0.01,25.5,37239.16,1
2024-06-03,2024-06-03 13:22:00,1471.83,1471.92,1471.83,1471.92,0.01,25.5,37239.16,1
2024-06-03,2024-06-03 13:23:00,1471.92,1472.0,1471.92,1472.0,0.01,25.5,37239.16,1
2024-06-03,2024-06-03 13:24:00,1472.0,1472.08,1472.0,1472.08,0.01,25.5,37239.16,1
2024-06-03,2024-06-03 13:25:00,1472.08,1472.17,1472.08,1472.17,0.01,25.5,37239.16,1
2024-06-03,2024-06-03 13:26:00,1472.17,1472.25,1472.17,1472.25,0.01,25.5,37239.16,1
2024-06-03,2024-06-03 13:27:00,1472.25,1472.33,1472.25,1472.33,0.01,25.5,37239.16,1
2024-06-03,2024-06-03 13:28:00,1472.33,1472.42,1472.33,1472.42,0.01,25.5,37239.16,1
2024-06-03,2024-06-03 13:29:00,1472.42,1472.5,1472.42,1472.5,0.01,25.5,37239.16,1
2024-06-03,2024-06-03 13:30:00,1472.5,1472.58,1472.5,1472.58,0.01,25.5,37239.16,1
2024-06-03,2024-06-03 13:31:00,1472.58,1472.67,1472.58,1472.67,0.01,25.5,37239.16,1
2024-06-03,2024-06-03 13:32:00,1472.67,1472.75,1472.67,1472.75,0.01,25.5,37239.16,1
2024-06-03,2024-06-03 13:33:00,1472.75,1472.83,1472.75,1472.83,0.01,25.5,37239.16,1
2024-06-03,2024-06-03 13:34:00,1472.83,1472.92,1472.83,1472.92,0.01,25.5,37239.16,1
2024-06-03,2024-06-03 13:35:00,1472.92,1473.0,1472.92,1473.0,0.01,25.5,37239.16,1
2024-06-03,2024-06-03 13:36:00,1473.0,1473.08,1473.0,1473.08,0.01,25.5,37239.16,1
2024-06-03,2024-06-03 13:37:00,1473.08,1473.17,1473.08,1473.17,0.01,25.5,37239.16,1
2024-06-03,2024-06-03 13:38:00,1473.17,1473.25,1473.17,1473.25,0.01,25.5,37239.16,1
2024-06-03,2024-06-03 13:39:00,1473.25,1473.33,1473.25,1473.33,0.01,25.5,37239.16,1
2024-06-03,2024-06-03 13:40:00,1473.33,1473.42,1473.33,1473.42,0.01,25.5,37239.16,1
2024-06-03,2024-06-03 13:41:00,1473.42,1473.5,1473.42,1473.5,0.01,25.5,37239.16,1
2024-06-03,2024-06-03 13:42:00,1473.5,1473.58,1473.5,1473.58,0.01,25.5,37239.16,1
2024-06-03,2024-06-03 13:43:00,1473.58,1473.67,1473.58,1473.67,0.01,25.5,37239.16,1
2024-06-03,2024-06-03 13:44:00,1473.67,1473.75,1473.67,1473.75,0.01,25.5,37239.16,1
2024-06-03,2024-06-03 13:45:00,1473.75,1473.83,1473.75,1473.83,0.01,25.5,37239.16,1
2024-06-03,2024-06-03 13:46:00,1473.83,1473.92,1473.83,1473.92,0.01,25.5,37239.16,1
2024-06-03,2024-06-03 13:47:00,1473.92,1474.0,1473.92,1474.0,0.01,25.5,37239.16,1
2024-06-03,2024-06-03 13:48:00,1474.0,1474.08,1474.0,1474.08,0.01,25.5,37239.16,1
2024-06-03,2024-06-03 13:49:00,1474.08,1474.17,1474.08,1474.17,0.01,25.5,37239.16,1
2024-06-03,2024-06-03 13:50:00,1474.17,1474.25,1474.17,1474.25,0.01,25.5,37239.16,1
2024-06-03,2024-06-03 13:51:00,1474.25,1474.33,1474.25,1474.33,0.01,25.5,37239.16,1
2024-06-03,2024-06-03 13:52:00,1474.33,1474.42,1474.33,1474.42,0.01,25.5,37239.16,1
2024-06-03,2024-06-03 13:53:00,1474.42,1474.5,1474.42,1474.5,0.01,25.5,37239.16,1
2024-06-03,2024-06-03 13:54:00,1474.5,1474.58,1474.5,1474.58,0.01,25.5,37239.16,1
2024-06-03,2024-06-03 13:55:00,1474.58,1474.67,1474.58,1474.67,0.01,25.5,37239.16,1
2024-06-03,2024-06-03 13:56:00,1474.67,1474.75,1474.67,1474.75,0.01,25.5,37239.16,1
2024-06-03,2024-06-03 13:57:00,1474.75,1474.83,1474.75,1474.83,0.01,25.5,37239.16,1
2024-06-03,2024-06-03 13:58:00,1474.83,1474.92,1474.83,1474.92,0.01,25.5,37239.16,1
2024-06-03,2024-06-03 13:59:00,1474.92,1475.0,1474.92,1475.0,0.01,25.5,37239.16,1
2024-06-03,2024-06-03 14:00:00,1475.0,1475.08,1475.0,1475.08,0.01,25.5,37239.16,1
2024-06-03,2024-06-03 14:01:00,1475.08,1475.17,1475.08,1475.17,0.01,25.5,37239.16,1
2024-06-03,2024-06-03 14:02:00,1475.17,1475.25,1475.17,1475.25,0.01,25.5,37239.16,1
2024-06-03,2024-06-03 14:03:00,1475.25,1475.33,1475.25,1475.33,0.01,25.5,37239.16,1
2024-06-03,2024-06-03 14:04:00,1475.33,1475.42,1475.33,1475.42,0.01,25.5,37239.16,1
2024-06-03,2024-06-03 14:05:00,1475.42,1475.5,1475.42,1475.5,0.01,25.5,37239.16,1
2024-06-03,2024-06-03 14:06:00,1475.5,1475.58,1475.5,1475.58,0.01,25.5,37239.16,1
2024-06-03,2024-06-03 14:07:00,1475.58,1475.67,1475.58,1475.67,0.01,25.5,37239.16,1
2024-06-03,2024-06-03 14:08:00,1475.67,1475.75,1475.67,1475.75,0.01,25.5,37239.16,1
2024-06-03,2024-06-03 14:09:00,1475.75,1475.83,1475.75,1475.83,0.01,25.5,37239.16,1
2024-06-03,2024-06-03 14:10:00,1475.83,1475.92,1475.83,1475.92,0.01,25.5,37239.16,1
2024-06-03,2024-06-03 14:11:00,1475.92,1476.0,1475.92,1476.0,0.01,25.5,37239.16,1
2024-06-03,2024-06-03 14:12:00,1476.0,1476.08,1476.0,1476.08,0.01,25.5,37239.16,1
2024-06-03,2024-06-03 14:13:00,1476.08,1476.17,1476.08,1476.17,0.01,25.5,37239.16,1
2024-06-03,2024-06-03 14:14:00,1476.17,1476.25,1476.17,1476.25,0.01,25.5,37239.16,1
2024-06-03,2024-06-03 14:15:00,1476.25,1476.33,1476.25,1476.33,0.01,25.5,37239.16,1
2024-06-03,2024-06-03 14:16:00,1476.33,1476.42,1476.33,1476.42,0.01,25.5,37239.16,1
2024-06-03,2024-06-03 14:17:00,1476.42,1476.5,1476.42,1476.5,0.01,25.5,37239.16,1
2024-06-03,2024-06-03 14:18:00,1476.5,1476.58,1476.5,1476.58,0.01,25.5,37239.16,1
2024-06-03,2024-06-03 14:19:00,1476.58,1476.67,1476.58,1476.67,0.01,25.5,37239.16,1
2024-06-03,2024-06-03 14:20:00,1476.67,1476.75,1476.67,1476.75,0.01,25.5,37239.16,1
2024-06-03,2024-06-03 14:21:00,1476.75,1476.83,1476.75,1476.83,0.01,25.5,37239.16,1
2024-06-03,2024-06-03 14:22:00,1476.83,1476.92,1476.83,1476.92,0.01,25.5,37239.16,1
2024-06-03,2024-06-03 14:23:00,1476.92,1477.0,1476.92,1477.0,0.01,25.5,37239.16,1
2024-06-03,2024-06-03 14:24:00,1477.0,1477.08,1477.0,1477.08,0.01,25.5,37239.16,1
2024-06-03,2024-06-03 14:25:00,1477.08,1477.17,1477.08,1477.17,0.01,25.5,37239.16,1
2024-06-03,2024-06-03 14:26:00,1477.17,1477.25,1477.17,1477.25,0.01,25.5,37239.16,1
2024-06-03,2024-06-03 14:27:00,1477.25,1477.33,1477.25,1477.33,0.01,25.5,37239.16,1
2024-06-03,2024-06-03 14:28:00,1477.33,1477.42,1477.33,1477.42,0.01,25.5,37239.16,1
2024-06-03,2024-06-03 14:29:00,1477.42,1477.5,1477.42,1477.5,0.01,25.5,37239.16,1
2024-06-03,2024-06-03 14:30:00,1477.5,1477.58,1477.5,1477.58,0.01,25.5,37239.16,1
2024-06-03,2024-06-03 14:31:00,1477.58,1477.67,1477.58,1477.67,0.01,25.5,37239.16,1
2024-06-03,2024-06-03 14:32:00,1477.67,1477.75,1477.67,1477.75,0.01,25.5,37239.16,1
2024-06-03,2024-06-03 14:33:00,1477.75,1477.83,1477.75,1477.83,0.01,25.5,37239.16,1
2024-06-03,2024-06-03 14:34:00,1477.83,1477.92,1477.83,1477.92,0.01,25.5,37239.16,1
2024-06-03,2024-06-03 14:35:00,1477.92,1478.0,1477.92,1478.0,0.01,25.5,37239.16,1
2024-06-03,2024-06-03 14:36:00,1478.0,1478.08,1478.0,1478.08,0.01,25.5,37239.16,1
2024-06-03,2024-06-03 14:37:00,1478.08,1478.17,1478.08,1478.17,0.01,25.5,37239.16,1
2024-06-03,2024-06-03 14:38:00,1478.17,1478.25,1478.17,1478.25,0.01,25.5,37239.16,1
2024-06-03,2024-06-03 14:39:00,1478.25,1478.33,1478.25,1478.33,0.01,25.5,37239.16,1
2024-06-03,2024-06-03 14:40:00,1478.33,1478.42,1478.33,1478.42,0.01,25.5,37239.16,1
2024-06-03,2024-06-03 14:41:00,1478.42,1478.5,1478.42,1478.5,0.01,25.5,37239.16,1
2024-06-03,2024-06-03 14:42:00,1478.5,1478.58,1478.5,1478.58,0.01,25.5,37239.16,1
2024-06-03,2024-06-03 14:43:00,1478.58,1478.67,1478.58,1478.67,0.01,25.5,37239.16,1
2024-06-03,2024-06-03 14:44:00,1478.67,1478.75,1478.67,1478.75,0.01,25.5,37239.16,1
2024-06-03,2024-06-03 14:45:00,1478.75,1478.83,1478.75,1478.83,0.01,25.5,37239.16,1
2024-06-03,2024-06-03 14:46:00,1478.83,1478.92,1478.83,1478.92,0.01,25.5,37239.16,1
2024-06-03,2024-06-03 14:47:00,1478.92,1479.0,1478.92,1479.0,0.01,25.5,37239.16,1
2024-06-03,2024-06-03 14:48:00,1479.0,1479.08,1479.0,1479.08,0.01,25.5,37239.16,1
2024-06-03,2024-06-03 14:49:00,1479.08,1479.17,1479.08,1479.17,0.01,25.5,37239.16,1
2024-06-03,2024-06-03 14:50:00,1479.17,1479.25,1479.17,1479.25,0.01,25.5,37239.16,1
2024-06-03,2024-06-03 14:51:00,1479.25,1479.33,1479.25,1479.33,0.01,25.5,37239.16,1
2024-06-03,2024-06-03 14:52:00,1479.33,1479.42,1479.33,1479.42,0.01,25.5,37239.16,1
2024-06-03,2024-06-03 14:53:00,1479.42,1479.5,1479.42,1479.5,0.01,25.5,37239.16,1
2024-06-03,2024-06-03 14:54:00,1479.5,1479.58,1479.5,1479.58,0.01,25.5,37239.16,1
2024-06-03,2024-06-03 14:55:00,1479.58,1479.67,1479.58,1479.67,0.01,25.5,37239.16,1
2024-06-03,2024-06-03 14:56:00,1479.67,1479.75,1479.67,1479.75,0.01,25.5,37239.16,1
2024-06-03,2024-06-03 14:57:00,1479.75,1479.83,1479.75,1479.83,0.01,25.5,37239.16,1
2024-06-03,2024-06-03 14:58:00,1479.83,1479.92,1479.83,1479.92,0.01,25.5,37239.16,1
2024-06-03,2024-06-03 14:59:00,1479.92,1480.0,1479.92,1480.0,0.01,25.5,37239.16,1
2024-06-03,2024-06-03 15:00:00,1480.0,1487.0,1432.0,1480.0,0.0,25.5,37239.16,0
2024-06-04,2024-06-04 11:00:00,1496.0,1502.6,1490.0,1496.01,0.0,30.39,45636.94,1
2024-06-04,2024-06-04 11:01:00,1496.01,1496.03,1496.01,1496.03,0.0,30.39,45636.94,1
2024-06-04,2024-06-04 11:02:00,1496.03,1496.04,1496.03,1496.04,0.0,30.39,45636.94,1
2024-06-04,2024-06-04 11:03:00,1496.04,1496.05,1496.04,1496.05,0.0,30.39,45636.94,1
2024-06-04,2024-06-04 11:04:00,1496.05,1496.06,1496.05,1496.06,0.0,30.39,45636.94,1
2024-06-04,2024-06-04 11:05:00,1496.06,1496.08,1496.06,1496.08,0.0,30.39,45636.94,1
2024-06-04,2024-06-04 11:06:00,1496.08,1496.09,1496.08,1496.09,0.0,30.39,45636.94,1
2024-06-04,2024-06-04 11:07:00,1496.09,1496.1,1496.09,1496.1,0.0,30.39,45636.94,1
2024-06-04,2024-06-04 11:08:00,1496.1,1496.11,1496.1,1496.11,0.0,30.39,45636.94,1
2024-06-04,2024-06-04 11:09:00,1496.11,1496.12,1496.11,1496.12,0.0,30.39,45636.94,1
2024-06-04,2024-06-04 11:10:00,1496.12,1496.14,1496.12,1496.14,0.0,30.39,45636.94,1
2024-06-04,2024-06-04 11:11:00,1496.14,1496.15,1496.14,1496.15,0.0,30.39,45636.94,1
2024-06-04,2024-06-04 11:12:00,1496.15,1496.16,1496.15,1496.16,0.0,30.39,45636.94,1
2024-06-04,2024-06-04 11:13:00,1496.16,1496.17,1496.16,1496.17,0.0,30.39,45636.94,1
2024-06-04,2024-06-04 11:14:00,1496.17,1496.19,1496.17,1496.19,0.0,30.39,45636.94,1
2024-06-04,2024-06-04 11:15:00,1496.19,1496.2,1496.19,1496.2,0.0,30.39,45636.94,1
2024-06-04,2024-06-04 11:16:00,1496.2,1496.21,1496.2,1496.21,0.0,30.39,45636.94,1
2024-06-04,2024-06-04 11:17:00,1496.21,1496.22,1496.21,1496.22,0.0,30.39,45636.94,1
2024-06-04,2024-06-04 11:18:00,1496.22,1496.24,1496.22,1496.24,0.0,30.39,45636.94,1
2024-06-04,2024-06-04 11:19:00,1496.24,1496.25,1496.24,1496.25,0.0,30.39,45636.94,1
2024-06-04,2024-06-04 11:20:00,1496.25,1496.26,1496.25,1496.26,0.0,30.39,45636.94,1
2024-06-04,2024-06-04 11:21:00,1496.26,1496.28,1496.26,1496.28,0.0,30.39,45636.94,1
2024-06-04,2024-06-04 11:22:00,1496.28,1496.29,1496.28,1496.29,0.0,30.39,45636.94,1
2024-06-04,2024-06-04 11:23:00,1496.29,1496.3,1496.29,1496.3,0.0,30.39,45636.94,1
2024-06-04,2024-06-04 11:24:00,1496.3,1496.31,1496.3,1496.31,0.0,30.39,45636.94,1
2024-06-04,2024-06-04 11:25:00,1496.31,1496.33,1496.31,1496.33,0.0,30.39,45636.94,1
2024-06-04,2024-06-04 11:26:00,1496.33,1496.34,1496.33,1496.34,0.0,30.39,45636.94,1
2024-06-04,2024-06-04 11:27:00,1496.34,1496.35,1496.34,1496.35,0.0,30.39,45636.94,1
2024-06-04,2024-06-04 11:28:00,1496.35,1496.36,1496.35,1496.36,0.0,30.39,45636.94,1
2024-06-04,2024-06-04 11:29:00,1496.36,1496.38,1496.36,1496.38,0.0,30.39,45636.94,1
2024-06-04,2024-06-04 11:30:00,1496.38,1496.39,1496.38,1496.39,0.0,30.39,45636.94,1
2024-06-04,2024-06-04 11:31:00,1496.39,1496.4,1496.39,1496.4,0.0,30.39,45636.94,1
2024-06-04,2024-06-04 11:32:00,1496.4,1496.41,1496.4,1496.41,0.0,30.39,45636.94,1
2024-06-04,2024-06-04 11:33:00,1496.41,1496.42,1496.41,1496.42,0.0,30.39,45636.94,1
2024-06-04,2024-06-04 11:34:00,1496.42,1496.44,1496.42,1496.44,0.0,30.39,45636.94,1
2024-06-04,2024-06-04 11:35:00,1496.44,1496.45,1496.44,1496.45,0.0,30.39,45636.94,1
2024-06-04,2024-06-04 11:36:00,1496.45,1496.46,1496.45,1496.46,0.0,30.39,45636.94,1
2024-06-04,2024-06-04 11:37:00,1496.46,1496.47,1496.46,1496.47,0.0,30.39,45636.94,1
2024-06-04,2024-06-04 11:38:00,1496.47,1496.49,1496.47,1496.49,0.0,30.39,45636.94,1
2024-06-04,2024-06-04 11:39:00,1496.49,1496.5,1496.49,1496.5,0.0,30.39,45636.94,1
2024-06-04,2024-06-04 11:40:00,1496.5,1496.51,1496.5,1496.51,0.0,30.39,45636.94,1
2024-06-04,2024-06-04 11:41:00,1496.51,1496.53,1496.51,1496.53,0.0,30.39,45636.94,1
2024-06-04,2024-06-04 11:42:00,1496.53,1496.54,1496.53,1496.54,0.0,30.39,45636.94,1
2024-06-04,2024-06-04 11:43:00,1496.54,1496.55,1496.54,1496.55,0.0,30.39,45636.94,1
2024-06-04,2024-06-04 11:44:00,1496.55,1496.56,1496.55,1496.56,0.0,30.39,45636.94,1
2024-06-04,2024-06-04 11:45:00,1496.56,1496.58,1496.56,1496.58,0.0,30.39,45636.94,1
2024-06-04,2024-06-04 11:46:00,1496.58,1496.59,1496.58,1496.59,0.0,30.39,45636.94,1
2024-06-04,2024-06-04 11:47:00,1496.59,1496.6,1496.59,1496.6,0.0,30.39,45636.94,1
2024-06-04,2024-06-04 11:48:00,1496.6,1496.61,1496.6,1496.61,0.0,30.39,45636.94,1
2024-06-04,2024-06-04 11:49:00,1496.61,1496.62,1496.61,1496.62,0.0,30.39,45636.94,1
2024-06-04,2024-06-04 11:50:00,1496.62,1496.64,1496.62,1496.64,0.0,30.39,45636.94,1
2024-06-04,2024-06-04 11:51:00,1496.64,1496.65,1496.64,1496.65,0.0,30.39,45636.94,1
2024-06-04,2024-06-04 11:52:00,1496.65,1496.66,1496.65,1496.66,0.0,30.39,45636.94,1
2024-06-04,2024-06-04 11:53:00,1496.66,1496.67,1496.66,1496.67,0.0,30.39,45636.94,1
2024-06-04,2024-06-04 11:54:00,1496.67,1496.69,1496.67,1496.69,0.0,30.39,45636.94,1
2024-06-04,2024-06-04 11:55:00,1496.69,1496.7,1496.69,1496.7,0.0,30.39,45636.94,1
2024-06-04,2024-06-04 11:56:00,1496.7,1496.71,1496.7,1496.71,0.0,30.39,45636.94,1
2024-06-04,2024-06-04 11:57:00,1496.71,1496.72,1496.71,1496.72,0.0,30.39,45636.94,1
2024-06-04,2024-06-04 11:58:00,1496.72,1496.74,1496.72,1496.74,0.0,30.39,45636.94,1
2024-06-04,2024-06-04 11:59:00,1496.74,1496.75,1496.74,1496.75,0.0,30.39,45636.94,1
2024-06-04,2024-06-04 12:00:00,1496.75,1496.76,1496.75,1496.76,0.0,30.39,45636.94,1
2024-06-04,2024-06-04 12:01:00,1496.76,1496.78,1496.76,1496.78,0.0,30.39,45636.94,1
2024-06-04,2024-06-04 12:02:00,1496.78,1496.79,1496.78,1496.79,0.0,30.39,45636.94,1
2024-06-04,2024-06-04 12:03:00,1496.79,1496.8,1496.79,1496.8,0.0,30.39,45636.94,1
2024-06-04,2024-06-04 12:04:00,1496.8,1496.81,1496.8,1496.81,0.0,30.39,45636.94,1
2024-06-04,2024-06-04 12:05:00,1496.81,1496.83,1496.81,1496.83,0.0,30.39,45636.94,1
2024-06-04,2024-06-04 12:06:00,1496.83,1496.84,1496.83,1496.84,0.0,30.39,45636.94,1
2024-06-04,2024-06-04 12:07:00,1496.84,1496.85,1496.84,1496.85,0.0,30.39,45636.94,1
2024-06-04,2024-06-04 12:08:00,1496.85,1496.86,1496.85,1496.86,0.0,30.39,45636.94,1
2024-06-04,2024-06-04 12:09:00,1496.86,1496.88,1496.86,1496.88,0.0,30.39,45636.94,1
2024-06-04,2024-06-04 12:10:00,1496.88,1496.89,1496.88,1496.89,0.0,30.39,45636.94,1
2024-06-04,2024-06-04 12:11:00,1496.89,1496.9,1496.89,1496.9,0.0,30.39,45636.94,1
2024-06-04,2024-06-04 12:12:00,1496.9,1496.91,1496.9,1496.91,0.0,30.39,45636.94,1
2024-06-04,2024-06-04 12:13:00,1496.91,1496.92,1496.91,1496.92,0.0,30.39,45636.94,1
2024-06-04,2024-06-04 12:14:00,1496.92,1496.94,1496.92,1496.94,0.0,30.39,45636.94,1
2024-06-04,2024-06-04 12:15:00,1496.94,1496.95,1496.94,1496.95,0.0,30.39,45636.94,1
2024-06-04,2024-06-04 12:16:00,1496.95,1496.96,1496.95,1496.96,0.0,30.39,45636.94,1
2024-06-04,2024-06-04 12:17:00,1496.96,1496.97,1496.96,1496.97,0.0,30.39,45636.94,1
2024-06-04,2024-06-04 12:18:00,1496.97,1496.99,1496.97,1496.99,0.0,30.39,45636.94,1
2024-06-04,2024-06-04 12:19:00,1496.99,1497.0,1496.99,1497.0,0.0,30.39,45636.94,1
2024-06-04,2024-06-04 12:20:00,1497.0,1497.01,1497.0,1497.01,0.0,30.39,45636.94,1
2024-06-04,2024-06-04 12:21:00,1497.01,1497.03,1497.01,1497.03,0.0,30.39,45636.94,1
2024-06-04,2024-06-04 12:22:00,1497.03,1497.04,1497.03,1497.04,0.0,30.39,45636.94,1
2024-06-04,2024-06-04 12:23:00,1497.04,1497.05,1497.04,1497.05,0.0,30.39,45636.94,1
2024-06-04,2024-06-04 12:24:00,1497.05,1497.06,1497.05,1497.06,0.0,30.39,45636.94,1
2024-06-04,2024-06-04 12:25:00,1497.06,1497.08,1497.06,1497.08,0.0,30.39,45636.94,1
2024-06-04,2024-06-04 12:26:00,1497.08,1497.09,1497.08,1497.09,0.0,30.39,45636.94,1
2024-06-04,2024-06-04 12:27:00,1497.09,1497.1,1497.09,1497.1,0.0,30.39,45636.94,1
2024-06-04,2024-06-04 12:28:00,1497.1,1497.11,1497.1,1497.11,0.0,30.39,45636.94,1
2024-06-04,2024-06-04 12:29:00,1497.11,1497.12,1497.11,1497.12,0.0,30.39,45636.94,1
2024-06-04,2024-06-04 12:30:00,1497.12,1497.14,1497.12,1497.14,0.0,30.39,45636.94,1
2024-06-04,2024-06-04 12:31:00,1497.14,1497.15,1497.14,1497.15,0.0,30.39,45636.94,1
2024-06-04,2024-06-04 12:32:00,1497.15,1497.16,1497.15,1497.16,0.0,30.39,45636.94,1
2024-06-04,2024-06-04 12:33:00,1497.16,1497.17,1497.16,1497.17,0.0,30.39,45636.94,1
2024-06-04,2024-06-04 12:34:00,1497.17,1497.19,1497.17,1497.19,0.0,30.39,45636.94,1
2024-06-04,2024-06-04 12:35:00,1497.19,1497.2,1497.19,1497.2,0.0,30.39,45636.94,1
2024-06-04,2024-06-04 12:36:00,1497.2,1497.21,1497.2,1497.21,0.0,30.39,45636.94,1
2024-06-04,2024-06-04 12:37:00,1497.21,1497.22,1497.21,1497.22,0.0,30.39,45636.94,1
2024-06-04,2024-06-04 12:38:00,1497.22,1497.24,1497.22,1497.24,0.0,30.39,45636.94,1
2024-06-04,2024-06-04 12:39:00,1497.24,1497.25,1497.24,1497.25,0.0,30.39,45636.94,1
2024-06-04,2024-06-04 12:40:00,1497.25,1497.26,1497.25,1497.26,0.0,30.39,45636.94,1
2024-06-04,2024-06-04 12:41:00,1497.26,1497.28,1497.26,1497.28,0.0,30.39,45636.94,1
2024-06-04,2024-06-04 12:42:00,1497.28,1497.29,1497.28,1497.29,0.0,30.39,45636.94,1
2024-06-04,2024-06-04 12:43:00,1497.29,1497.3,1497.29,1497.3,0.0,30.39,45636.94,1
2024-06-04,2024-06-04 12:44:00,1497.3,1497.31,1497.3,1497.31,0.0,30.39,45636.94,1
2024-06-04,2024-06-04 12:45:00,1497.31,1497.33,1497.31,1497.33,0.0,30.39,45636.94,1
2024-06-04,2024-06-04 12:46:00,1497.33,1497.34,1497.33,1497.34,0.0,30.39,45636.94,1
2024-06-04,2024-06-04 12:47:00,1497.34,1497.35,1497.34,1497.35,0.0,30.39,45636.94,1
2024-06-04,2024-06-04 12:48:00,1497.35,1497.36,1497.35,1497.36,0.0,30.39,45636.94,1
2024-06-04,2024-06-04 12:49:00,1497.36,1497.38,1497.36,1497.38,0.0,30.39,45636.94,1
2024-06-04,2024-06-04 12:50:00,1497.38,1497.39,1497.38,1497.39,0.0,30.39,45636.94,1
2024-06-04,2024-06-04 12:51:00,1497.39,1497.4,1497.39,1497.4,0.0,30.39,45636.94,1
2024-06-04,2024-06-04 12:52:00,1497.4,1497.41,1497.4,1497.41,0.0,30.39,45636.94,1
2024-06-04,2024-06-04 12:53:00,1497.41,1497.42,1497.41,1497.42,0.0,30.39,45636.94,1
2024-06-04,2024-06-04 12:54:00,1497.42,1497.44,1497.42,1497.44,0.0,30.39,45636.94,1
2024-06-04,2024-06-04 12:55:00,1497.44,1497.45,1497.44,1497.45,0.0,30.39,45636.94,1
2024-06-04,2024-06-04 12:56:00,1497.45,1497.46,1497.45,1497.46,0.0,30.39,45636.94,1
2024-06-04,2024-06-04 12:57:00,1497.46,1497.47,1497.46,1497.47,0.0,30.39,45636.94,1
2024-06-04,2024-06-04 12:58:00,1497.47,1497.49,1497.47,1497.49,0.0,30.39,45636.94,1
2024-06-04,2024-06-04 12:59:00,1497.49,1497.5,1497.49,1497.5,0.0,30.39,45636.94,1
2024-06-04,2024-06-04 13:00:00,1497.5,1518.0,1476.0,1497.51,0.0,30.39,45636.94,1
2024-06-04,2024-06-04 13:01:00,1497.51,1497.53,1497.51,1497.53,0.0,30.39,45636.94,1
2024-06-04,2024-06-04 13:02:00,1497.53,1497.54,1497.53,1497.54,0.0,30.39,45636.94,1
2024-06-04,2024-06-04 13:03:00,1497.54,1497.55,1497.54,1497.55,0.0,30.39,45636.94,1
2024-06-04,2024-06-04 13:04:00,1497.55,1497.56,1497.55,1497.56,0.0,30.39,45636.94,1
2024-06-04,2024-06-04 13:05:00,1497.56,1497.58,1497.56,1497.58,0.0,30.39,45636.94,1
2024-06-04,2024-06-04 13:06:00,1497.58,1497.59,1497.58,1497.59,0.0,30.39,45636.94,1
2024-06-04,2024-06-04 13:07:00,1497.59,1497.6,1497.59,1497.6,0.0,30.39,45636.94,1
2024-06-04,2024-06-04 13:08:00,1497.6,1497.61,1497.6,1497.61,0.0,30.39,45636.94,1
2024-06-04,2024-06-04 13:09:00,1497.61,1497.62,1497.61,1497.62,0.0,30.39,45636.94,1
2024-06-04,2024-06-04 13:10:00,1497.62,1497.64,1497.62,1497.64,0.0,30.39,45636.94,1
2024-06-04,2024-06-04 13:11:00,1497.64,1497.65,1497.64,1497.65,0.0,30.39,45636.94,1
2024-06-04,2024-06-04 13:12:00,1497.65,1497.66,1497.65,1497.66,0.0,30.39,45636.94,1
2024-06-04,2024-06-04 13:13:00,1497.66,1497.67,1497.66,1497.67,0.0,30.39,45636.94,1
2024-06-04,2024-06-04 13:14:00,1497.67,1497.69,1497.67,1497.69,0.0,30.39,45636.94,1
2024-06-04,2024-06-04 13:15:00,1497.69,1497.7,1497.69,1497.7,0.0,30.39,45636.94,1
2024-06-04,2024-06-04 13:16:00,1497.7,1497.71,1497.7,1497.71,0.0,30.39,45636.94,1
2024-06-04,2024-06-04 13:17:00,1497.71,1497.72,1497.71,1497.72,0.0,30.39,45636.94,1
2024-06-04,2024-06-04 13:18:00,1497.72,1497.74,1497.72,1497.74,0.0,30.39,45636.94,1
2024-06-04,2024-06-04 13:19:00,1497.74,1497.75,1497.74,1497.75,0.0,30.39,45636.94,1
2024-06-04,2024-06-04 13:20:00,1497.75,1497.76,1497.75,1497.76,0.0,30.39,45636.94,1
2024-06-04,2024-06-04 13:21:00,1497.76,1497.78,1497.76,1497.78,0.0,30.39,45636.94,1
2024-06-04,2024-06-04 13:22:00,1497.78,1497.79,1497.78,1497.79,0.0,30.39,45636.94,1
2024-06-04,2024-06-04 13:23:00,1497.79,1497.8,1497.79,1497.8,0.0,30.39,45636.94,1
2024-06-04,2024-06-04 13:24:00,1497.8,1497.81,1497.8,1497.81,0.0,30.39,45636.94,1
2024-06-04,2024-06-04 13:25:00,1497.81,1497.83,1497.81,1497.83,0.0,30.39,45636.94,1
2024-06-04,2024-06-04 13:26:00,1497.83,1497.84,1497.83,1497.84,0.0,30.39,45636.94,1
2024-06-04,2024-06-04 13:27:00,1497.84,1497.85,1497.84,1497.85,0.0,30.39,45636.94,1
2024-06-04,2024-06-04 13:28:00,1497.85,1497.86,1497.85,1497.86,0.0,30.39,45636.94,1
2024-06-04,2024-06-04 13:29:00,1497.86,1497.88,1497.86,1497.88,0.0,30.39,45636.94,1
2024-06-04,2024-06-04 13:30:00,1497.88,1497.89,1497.88,1497.89,0.0,30.39,45636.94,1
2024-06-04,2024-06-04 13:31:00,1497.89,1497.9,1497.89,1497.9,0.0,30.39,45636.94,1
2024-06-04,2024-06-04 13:32:00,1497.9,1497.91,1497.9,1497.91,0.0,30.39,45636.94,1
2024-06-04,2024-06-04 13:33:00,1497.91,1497.92,1497.91,1497.92,0.0,30.39,45636.94,1
2024-06-04,2024-06-04 13:34:00,1497.92,1497.94,1497.92,1497.94,0.0,30.39,45636.94,1
2024-06-04,2024-06-04 13:35:00,1497.94,1497.95,1497.94,1497.95,0.0,30.39,45636.94,1
2024-06-04,2024-06-04 13:36:00,1497.95,1497.96,1497.95,1497.96,0.0,30.39,45636.94,1
2024-06-04,2024-06-04 13:37:00,1497.96,1497.97,1497.96,1497.97,0.0,30.39,45636.94,1
2024-06-04,2024-06-04 13:38:00,1497.97,1497.99,1497.97,1497.99,0.0,30.39,45636.94,1
2024-06-04,2024-06-04 13:39:00,1497.99,1498.0,1497.99,1498.0,0.0,30.39,45636.94,1
2024-06-04,2024-06-04 13:40:00,1498.0,1498.01,1498.0,1498.01,0.0,30.39,45636.94,1
2024-06-04,2024-06-04 13:41:00,1498.01,1498.03,1498.01,1498.03,0.0,30.39,45636.94,1
2024-06-04,2024-06-04 13:42:00,1498.03,1498.04,1498.03,1498.04,0.0,30.39,45636.94,1
2024-06-04,2024-06-04 13:43:00,1498.04,1498.05,1498.04,1498.05,0.0,30.39,45636.94,1
2024-06-04,2024-06-04 13:44:00,1498.05,1498.06,1498.05,1498.06,0.0,30.39,45636.94,1
2024-06-04,2024-06-04 13:45:00,1498.06,1498.08,1498.06,1498.08,0.0,30.39,45636.94,1
2024-06-04,2024-06-04 13:46:00,1498.08,1498.09,1498.08,1498.09,0.0,30.39,45636.94,1
2024-06-04,2024-06-04 13:47:00,1498.09,1498.1,1498.09,1498.1,0.0,30.39,45636.94,1
2024-06-04,2024-06-04 13:48:00,1498.1,1498.11,1498.1,1498.11,0.0,30.39,45636.94,1
2024-06-04,2024-06-04 13:49:00,1498.11,1498.12,1498.11,1498.12,0.0,30.39,45636.94,1
2024-06-04,2024-06-04 13:50:00,1498.12,1498.14,1498.12,1498.14,0.0,30.39,45636.94,1
2024-06-04,2024-06-04 13:51:00,1498.14,1498.15,1498.14,1498.15,0.0,30.39,45636.94,1
2024-06-04,2024-06-04 13:52:00,1498.15,1498.16,1498.15,1498.16,0.0,30.39,45636.94,1
2024-06-04,2024-06-04 13:53:00,1498.16,1498.17,1498.16,1498.17,0.0,30.39,45636.94,1
2024-06-04,2024-06-04 13:54:00,1498.17,1498.19,1498.17,1498.19,0.0,30.39,45636.94,1
2024-06-04,2024-06-04 13:55:00,1498.19,1498.2,1498.19,1498.2,0.0,30.39,45636.94,1
2024-06-04,2024-06-04 13:56:00,1498.2,1498.21,1498.2,1498.21,0.0,30.39,45636.94,1
2024-06-04,2024-06-04 13:57:00,1498.21,1498.22,1498.21,1498.22,0.0,30.39,45636.94,1
2024-06-04,2024-06-04 13:58:00,1498.22,1498.24,1498.22,1498.24,0.0,30.39,45636.94,1
2024-06-04,2024-06-04 13:59:00,1498.24,1498.25,1498.24,1498.25,0.0,30.39,45636.94,1
2024-06-04,2024-06-04 14:00:00,1498.25,1498.26,1498.25,1498.26,0.0,30.39,45636.94,1
2024-06-04,2024-06-04 14:01:00,1498.26,1498.28,1498.26,1498.28,0.0,30.39,45636.94,1
2024-06-04,2024-06-04 14:02:00,1498.28,1498.29,1498.28,1498.29,0.0,30.39,45636.94,1
2024-06-04,2024-06-04 14:03:00,1498.29,1498.3,1498.29,1498.3,0.0,30.39,45636.94,1
2024-06-04,2024-06-04 14:04:00,1498.3,1498.31,1498.3,1498.31,0.0,30.39,45636.94,1
2024-06-04,2024-06-04 14:05:00,1498.31,1498.33,1498.31,1498.33,0.0,30.39,45636.94,1
2024-06-04,2024-06-04 14:06:00,1498.33,1498.34,1498.33,1498.34,0.0,30.39,45636.94,1
2024-06-04,2024-06-04 14:07:00,1498.34,1498.35,1498.34,1498.35,0.0,30.39,45636.94,1
2024-06-04,2024-06-04 14:08:00,1498.35,1498.36,1498.35,1498.36,0.0,30.39,45636.94,1
2024-06-04,2024-06-04 14:09:00,1498.36,1498.38,1498.36,1498.38,0.0,30.39,45636.94,1
2024-06-04,2024-06-04 14:10:00,1498.38,1498.39,1498.38,1498.39,0.0,30.39,45636.94,1
2024-06-04,2024-06-04 14:11:00,1498.39,1498.4,1498.39,1498.4,0.0,30.39,45636.94,1
2024-06-04,2024-06-04 14:12:00,1498.4,1498.41,1498.4,1498.41,0.0,30.39,45636.94,1
2024-06-04,2024-06-04 14:13:00,1498.41,1498.42,1498.41,1498.42,0.0,30.39,45636.94,1
2024-06-04,2024-06-04 14:14:00,1498.42,1498.44,1498.42,1498.44,0.0,30.39,45636.94,1
2024-06-04,2024-06-04 14:15:00,1498.44,1498.45,1498.44,1498.45,0.0,30.39,45636.94,1
2024-06-04,2024-06-04 14:16:00,1498.45,1498.46,1498.45,1498.46,0.0,30.39,45636.94,1
2024-06-04,2024-06-04 14:17:00,1498.46,1498.47,1498.46,1498.47,0.0,30.39,45636.94,1
2024-06-04,2024-06-04 14:18:00,1498.47,1498.49,1498.47,1498.49,0.0,30.39,45636.94,1
2024-06-04,2024-06-04 14:19:00,1498.49,1498.5,1498.49,1498.5,0.0,30.39,45636.94,1
2024-06-04,2024-06-04 14:20:00,1498.5,1498.51,1498.5,1498.51,0.0,30.39,45636.94,1
2024-06-04,2024-06-04 14:21:00,1498.51,1498.53,1498.51,1498.53,0.0,30.39,45636.94,1
2024-06-04,2024-06-04 14:22:00,1498.53,1498.54,1498.53,1498.54,0.0,30.39,45636.94,1
2024-06-04,2024-06-04 14:23:00,1498.54,1498.55,1498.54,1498.55,0.0,30.39,45636.94,1
2024-06-04,2024-06-04 14:24:00,1498.55,1498.56,1498.55,1498.56,0.0,30.39,45636.94,1
2024-06-04,2024-06-04 14:25:00,1498.56,1498.58,1498.56,1498.58,0.0,30.39,45636.94,1
2024-06-04,2024-06-04 14:26:00,1498.58,1498.59,1498.58,1498.59,0.0,30.39,45636.94,1
2024-06-04,2024-06-04 14:27:00,1498.59,1498.6,1498.59,1498.6,0.0,30.39,45636.94,1
2024-06-04,2024-06-04 14:28:00,1498.6,1498.61,1498.6,1498.61,0.0,30.39,45636.94,1
2024-06-04,2024-06-04 14:29:00,1498.61,1498.62,1498.61,1498.62,0.0,30.39,45636.94,1
2024-06-04,2024-06-04 14:30:00,1498.62,1498.64,1498.62,1498.64,0.0,30.39,45636.94,1
2024-06-04,2024-06-04 14:31:00,1498.64,1498.65,1498.64,1498.65,0.0,30.39,45636.94,1
2024-06-04,2024-06-04 14:32:00,1498.65,1498.66,1498.65,1498.66,0.0,30.39,45636.94,1
2024-06-04,2024-06-04 14:33:00,1498.66,1498.67,1498.66,1498.67,0.0,30.39,45636.94,1
2024-06-04,2024-06-04 14:34:00,1498.67,1498.69,1498.67,1498.69,0.0,30.39,45636.94,1
2024-06-04,2024-06-04 14:35:00,1498.69,1498.7,1498.69,1498.7,0.0,30.39,45636.94,1
2024-06-04,2024-06-04 14:36:00,1498.7,1498.71,1498.7,1498.71,0.0,30.39,45636.94,1
2024-06-04,2024-06-04 14:37:00,1498.71,1498.72,1498.71,1498.72,0.0,30.39,45636.94,1
2024-06-04,2024-06-04 14:38:00,1498.72,1498.74,1498.72,1498.74,0.0,30.39,45636.94,1
2024-06-04,2024-06-04 14:39:00,1498.74,1498.75,1498.74,1498.75,0.0,30.39,45636.94,1
2024-06-04,2024-06-04 14:40:00,1498.75,1498.76,1498.75,1498.76,0.0,30.39,45636.94,1
2024-06-04,2024-06-04 14:41:00,1498.76,1498.78,1498.76,1498.78,0.0,30.39,45636.94,1
2024-06-04,2024-06-04 14:42:00,1498.78,1498.79,1498.78,1498.79,0.0,30.39,45636.94,1
2024-06-04,2024-06-04 14:43:00,1498.79,1498.8,1498.79,1498.8,0.0,30.39,45636.94,1
2024-06-04,2024-06-04 14:44:00,1498.8,1498.81,1498.8,1498.81,0.0,30.39,45636.94,1
2024-06-04,2024-06-04 14:45:00,1498.81,1498.83,1498.81,1498.83,0.0,30.39,45636.94,1
2024-06-04,2024-06-04 14:46:00,1498.83,1498.84,1498.83,1498.84,0.0,30.39,45636.94,1
2024-06-04,2024-06-04 14:47:00,1498.84,1498.85,1498.84,1498.85,0.0,30.39,45636.94,1
2024-06-04,2024-06-04 14:48:00,1498.85,1498.86,1498.85,1498.86,0.0,30.39,45636.94,1
2024-06-04,2024-06-04 14:49:00,1498.86,1498.88,1498.86,1498.88,0.0,30.39,45636.94,1
2024-06-04,2024-06-04 14:50:00,1498.88,1498.89,1498.88,1498.89,0.0,30.39,45636.94,1
2024-06-04,2024-06-04 14:51:00,1498.89,1498.9,1498.89,1498.9,0.0,30.39,45636.94,1
2024-06-04,2024-06-04 14:52:00,1498.9,1498.91,1498.9,1498.91,0.0,30.39,45636.94,1
2024-06-04,2024-06-04 14:53:00,1498.91,1498.92,1498.91,1498.92,0.0,30.39,45636.94,1
2024-06-04,2024-06-04 14:54:00,1498.92,1498.94,1498.92,1498.94,0.0,30.39,45636.94,1
2024-06-04,2024-06-04 14:55:00,1498.94,1498.95,1498.94,1498.95,0.0,30.39,45636.94,1
2024-06-04,2024-06-04 14:56:00,1498.95,1498.96,1498.95,1498.96,0.0,30.39,45636.94,1
2024-06-04,2024-06-04 14:57:00,1498.96,1498.97,1498.96,1498.97,0.0,30.39,45636.94,1
2024-06-04,2024-06-04 14:58:00,1498.97,1498.99,1498.97,1498.99,0.0,30.39,45636.94,1
2024-06-04,2024-06-04 14:59:00,1498.99,1499.0,1498.99,1499.0,0.0,30.39,45636.94,1
2024-06-04,2024-06-04 15:00:00,1499.0,1518.0,1476.0,1499.0,0.0,30.39,45636.94,0
2024-06-05,2024-06-05 11:00:00,1479.0,1512.3,1478.7,1479.38,0.03,132.1,205694.04,1
2024-06-05,2024-06-05 11:01:00,1479.38,1479.76,1479.38,1479.76,0.03,132.1,205694.04,1
2024-06-05,2024-06-05 11:02:00,1479.76,1480.14,1479.76,1480.14,0.03,132.1,205694.04,1
2024-06-05,2024-06-05 11:03:00,1480.14,1480.52,1480.14,1480.52,0.03,132.1,205694.04,1
2024-06-05,2024-06-05 11:04:00,1480.52,1480.9,1480.52,1480.9,0.03,132.1,205694.04,1
2024-06-05,2024-06-05 11:05:00,1480.9,1481.28,1480.9,1481.28,0.03,132.1,205694.04,1
2024-06-05,2024-06-05 11:06:00,1481.28,1481.65,1481.28,1481.65,0.02,132.1,205694.04,1
2024-06-05,2024-06-05 11:07:00,1481.65,1482.03,1481.65,1482.03,0.03,132.1,205694.04,1
2024-06-05,2024-06-05 11:08:00,1482.03,1482.41,1482.03,1482.41,0.03,132.1,205694.04,1
2024-06-05,2024-06-05 11:09:00,1482.41,1482.79,1482.41,1482.79,0.03,132.1,205694.04,1
2024-06-05,2024-06-05 11:10:00,1482.79,1483.17,1482.79,1483.17,0.03,132.1,205694.04,1
2024-06-05,2024-06-05 11:11:00,1483.17,1483.55,1483.17,1483.55,0.03,132.1,205694.04,1
2024-06-05,2024-06-05 11:12:00,1483.55,1483.93,1483.55,1483.93,0.03,132.1,205694.04,1
2024-06-05,2024-06-05 11:13:00,1483.93,1484.31,1483.93,1484.31,0.03,132.1,205694.04,1
2024-06-05,2024-06-05 11:14:00,1484.31,1484.69,1484.31,1484.69,0.03,132.1,205694.04,1
2024-06-05,2024-06-05 11:15:00,1484.69,1485.07,1484.69,1485.07,0.03,132.1,205694.04,1
2024-06-05,2024-06-05 11:16:00,1485.07,1485.45,1485.07,1485.45,0.03,132.1,205694.04,1
2024-06-05,2024-06-05 11:17:00,1485.45,1485.83,1485.45,1485.83,0.03,132.1,205694.04,1
2024-06-05,2024-06-05 11:18:00,1485.83,1486.2,1485.83,1486.2,0.02,132.1,205694.04,1
2024-06-05,2024-06-05 11:19:00,1486.2,1486.58,1486.2,1486.58,0.03,132.1,205694.04,1
2024-06-05,2024-06-05 11:20:00,1486.58,1486.96,1486.58,1486.96,0.03,132.1,205694.04,1
2024-06-05,2024-06-05 11:21:00,1486.96,1487.34,1486.96,1487.34,0.03,132.1,205694.04,1
2024-06-05,2024-06-05 11:22:00,1487.34,1487.72,1487.34,1487.72,0.03,132.1,205694.04,1
2024-06-05,2024-06-05 11:23:00,1487.72,1488.1,1487.72,1488.1,0.03,132.1,205694.04,1
2024-06-05,2024-06-05 11:24:00,1488.1,1488.48,1488.1,1488.48,0.03,132.1,205694.04,1
2024-06-05,2024-06-05 11:25:00,1488.48,1488.86,1488.48,1488.86,0.03,132.1,205694.04,1
2024-06-05,2024-06-05 11:26:00,1488.86,1489.24,1488.86,1489.24,0.03,132.1,205694.04,1
2024-06-05,2024-06-05 11:27:00,1489.24,1489.62,1489.24,1489.62,0.03,132.1,205694.04,1
2024-06-05,2024-06-05 11:28:00,1489.62,1490.0,1489.62,1490.0,0.03,132.1,205694.04,1
2024-06-05,2024-06-05 11:29:00,1490.0,1490.38,1490.0,1490.38,0.03,132.1,205694.04,1
2024-06-05,2024-06-05 11:30:00,1490.38,1490.75,1490.38,1490.75,0.02,132.1,205694.04,1
2024-06-05,2024-06-05 11:31:00,1490.75,1491.13,1490.75,1491.13,0.03,132.1,205694.04,1
2024-06-05,2024-06-05 11:32:00,1491.13,1491.51,1491.13,1491.51,0.03,132.1,205694.04,1
2024-06-05,2024-06-05 11:33:00,1491.51,1491.89,1491.51,1491.89,0.03,132.1,205694.04,1
2024-06-05,2024-06-05 11:34:00,1491.89,1492.27,1491.89,1492.27,0.03,132.1,205694.04,1
2024-06-05,2024-06-05 11:35:00,1492.27,1492.65,1492.27,1492.65,0.03,132.1,205694.04,1
2024-06-05,2024-06-05 11:36:00,1492.65,1493.03,1492.65,1493.03,0.03,132.1,205694.04,1
2024-06-05,2024-06-05 11:37:00,1493.03,1493.41,1493.03,1493.41,0.03,132.1,205694.04,1
2024-06-05,2024-06-05 11:38:00,1493.41,1493.79,1493.41,1493.79,0.03,132.1,205694.04,1
2024-06-05,2024-06-05 11:39:00,1493.79,1494.17,1493.79,1494.17,0.03,132.1,205694.04,1
2024-06-05,2024-06-05 11:40:00,1494.17,1494.55,1494.17,1494.55,0.03,132.1,205694.04,1
2024-06-05,2024-06-05 11:41:00,1494.55,1494.92,1494.55,1494.92,0.02,132.1,205694.04,1
2024-06-05,2024-06-05 11:42:00,1494.92,1495.3,1494.92,1495.3,0.03,132.1,205694.04,1
2024-06-05,2024-06-05 11:43:00,1495.3,1495.68,1495.3,1495.68,0.03,132.1,205694.04,1
2024-06-05,2024-06-05 11:44:00,1495.68,1496.06,1495.68,1496.06,0.03,132.1,205694.04,1
2024-06-05,2024-06-05 11:45:00,1496.06,1496.44,1496.06,1496.44,0.03,132.1,205694.04,1
2024-06-05,2024-06-05 11:46:00,1496.44,1496.82,1496.44,1496.82,0.03,132.1,205694.04,1
2024-06-05,2024-06-05 11:47:00,1496.82,1497.2,1496.82,1497.2,0.03,132.1,205694.04,1
2024-06-05,2024-06-05 11:48:00,1497.2,1497.58,1497.2,1497.58,0.03,132.1,205694.04,1
2024-06-05,2024-06-05 11:49:00,1497.58,1497.96,1497.58,1497.96,0.03,132.1,205694.04,1
2024-06-05,2024-06-05 11:50:00,1497.96,1498.34,1497.96,1498.34,0.03,132.1,205694.04,1
2024-06-05,2024-06-05 11:51:00,1498.34,1498.72,1498.34,1498.72,0.03,132.1,205694.04,1
2024-06-05,2024-06-05 11:52:00,1498.72,1499.1,1498.72,1499.1,0.03,132.1,205694.04,1
2024-06-05,2024-06-05 11:53:00,1499.1,1499.47,1499.1,1499.47,0.02,132.1,205694.04,1
2024-06-05,2024-06-05 11:54:00,1499.47,1499.85,1499.47,1499.85,0.03,132.1,205694.04,1
2024-06-05,2024-06-05 11:55:00,1499.85,1500.23,1499.85,1500.23,0.03,132.1,205694.04,1
2024-06-05,2024-06-05 11:56:00,1500.23,1500.61,1500.23,1500.61,0.03,132.1,205694.04,1
2024-06-05,2024-06-05 11:57:00,1500.61,1500.99,1500.61,1500.99,0.03,132.1,205694.04,1
2024-06-05,2024-06-05 11:58:00,1500.99,1501.37,1500.99,1501.37,0.03,132.1,205694.04,1
2024-06-05,2024-06-05 11:59:00,1501.37,1501.75,1501.37,1501.75,0.03,132.1,205694.04,1
2024-06-05,2024-06-05 12:00:00,1501.75,1502.13,1501.75,1502.13,0.03,132.1,205694.04,1
2024-06-05,2024-06-05 12:01:00,1502.13,1502.51,1502.13,1502.51,0.03,132.1,205694.04,1
2024-06-05,2024-06-05 12:02:00,1502.51,1502.89,1502.51,1502.89,0.03,132.1,205694.04,1
2024-06-05,2024-06-05 12:03:00,1502.89,1503.27,1502.89,1503.27,0.03,132.1,205694.04,1
2024-06-05,2024-06-05 12:04:00,1503.27,1503.65,1503.27,1503.65,0.03,132.1,205694.04,1
2024-06-05,2024-06-05 12:05:00,1503.65,1504.03,1503.65,1504.03,0.03,132.1,205694.04,1
2024-06-05,2024-06-05 12:06:00,1504.03,1504.4,1504.03,1504.4,0.02,132.1,205694.04,1
2024-06-05,2024-06-05 12:07:00,1504.4,1504.78,1504.4,1504.78,0.03,132.1,205694.04,1
2024-06-05,2024-06-05 12:08:00,1504.78,1505.16,1504.78,1505.16,0.03,132.1,205694.04,1
2024-06-05,2024-06-05 12:09:00,1505.16,1505.54,1505.16,1505.54,0.03,132.1,205694.04,1
2024-06-05,2024-06-05 12:10:00,1505.54,1505.92,1505.54,1505.92,0.03,132.1,205694.04,1
2024-06-05,2024-06-05 12:11:00,1505.92,1506.3,1505.92,1506.3,0.03,132.1,205694.04,1
2024-06-05,2024-06-05 12:12:00,1506.3,1506.68,1506.3,1506.68,0.03,132.1,205694.04,1
2024-06-05,2024-06-05 12:13:00,1506.68,1507.06,1506.68,1507.06,0.03,132.1,205694.04,1
2024-06-05,2024-06-05 12:14:00,1507.06,1507.44,1507.06,1507.44,0.03,132.1,205694.04,1
2024-06-05,2024-06-05 12:15:00,1507.44,1507.82,1507.44,1507.82,0.03,132.1,205694.04,1
2024-06-05,2024-06-05 12:16:00,1507.82,1508.2,1507.82,1508.2,0.03,132.1,205694.04,1
2024-06-05,2024-06-05 12:17:00,1508.2,1508.58,1508.2,1508.58,0.03,132.1,205694.04,1
2024-06-05,2024-06-05 12:18:00,1508.58,1508.95,1508.58,1508.95,0.02,132.1,205694.04,1
2024-06-05,2024-06-05 12:19:00,1508.95,1509.33,1508.95,1509.33,0.03,132.1,205694.04,1
2024-06-05,2024-06-05 12:20:00,1509.33,1509.71,1509.33,1509.71,0.03,132.1,205694.04,1
2024-06-05,2024-06-05 12:21:00,1509.71,1510.09,1509.71,1510.09,0.03,132.1,205694.04,1
2024-06-05,2024-06-05 12:22:00,1510.09,1510.47,1510.09,1510.47,0.03,132.1,205694.04,1
2024-06-05,2024-06-05 12:23:00,1510.47,1510.85,1510.47,1510.85,0.03,132.1,205694.04,1
2024-06-05,2024-06-05 12:24:00,1510.85,1511.23,1510.85,1511.23,0.03,132.1,205694.04,1
2024-06-05,2024-06-05 12:25:00,1511.23,1511.61,1511.23,1511.61,0.03,132.1,205694.04,1
2024-06-05,2024-06-05 12:26:00,1511.61,1511.99,1511.61,1511.99,0.03,132.1,205694.04,1
2024-06-05,2024-06-05 12:27:00,1511.99,1512.37,1511.99,1512.37,0.03,132.1,205694.04,1
2024-06-05,2024-06-05 12:28:00,1512.37,1512.75,1512.37,1512.75,0.03,132.1,205694.04,1
2024-06-05,2024-06-05 12:29:00,1512.75,1513.12,1512.75,1513.12,0.02,132.1,205694.04,1
2024-06-05,2024-06-05 12:30:00,1513.12,1513.5,1513.12,1513.5,0.03,132.1,205694.04,1
2024-06-05,2024-06-05 12:31:00,1513.5,1513.88,1513.5,1513.88,0.03,132.1,205694.04,1
2024-06-05,2024-06-05 12:32:00,1513.88,1514.26,1513.88,1514.26,0.03,132.1,205694.04,1
2024-06-05,2024-06-05 12:33:00,1514.26,1514.64,1514.26,1514.64,0.03,132.1,205694.04,1
2024-06-05,2024-06-05 12:34:00,1514.64,1515.02,1514.64,1515.02,0.03,132.1,205694.04,1
2024-06-05,2024-06-05 12:35:00,1515.02,1515.4,1515.02,1515.4,0.03,132.1,205694.04,1
2024-06-05,2024-06-05 12:36:00,1515.4,1515.78,1515.4,1515.78,0.03,132.1,205694.04,1
2024-06-05,2024-06-05 12:37:00,1515.78,1516.16,1515.78,1516.16,0.03,132.1,205694.04,1
2024-06-05,2024-06-05 12:38:00,1516.16,1516.54,1516.16,1516.54,0.03,132.1,205694.04,1
2024-06-05,2024-06-05 12:39:00,1516.54,1516.92,1516.54,1516.92,0.03,132.1,205694.04,1
2024-06-05,2024-06-05 12:40:00,1516.92,1517.3,1516.92,1517.3,0.03,132.1,205694.04,1
2024-06-05,2024-06-05 12:41:00,1517.3,1517.67,1517.3,1517.67,0.02,132.1,205694.04,1
2024-06-05,2024-06-05 12:42:00,1517.67,1518.05,1517.67,1518.05,0.03,132.1,205694.04,1
2024-06-05,2024-06-05 12:43:00,1518.05,1518.43,1518.05,1518.43,0.03,132.1,205694.04,1
2024-06-05,2024-06-05 12:44:00,1518.43,1518.81,1518.43,1518.81,0.03,132.1,205694.04,1
2024-06-05,2024-06-05 12:45:00,1518.81,1519.19,1518.81,1519.19,0.03,132.1,205694.04,1
2024-06-05,2024-06-05 12:46:00,1519.19,1519.57,1519.19,1519.57,0.03,132.1,205694.04,1
2024-06-05,2024-06-05 12:47:00,1519.57,1519.95,1519.57,1519.95,0.03,132.1,205694.04,1
2024-06-05,2024-06-05 12:48:00,1519.95,1520.33,1519.95,1520.33,0.03,132.1,205694.04,1
2024-06-05,2024-06-05 12:49:00,1520.33,1520.71,1520.33,1520.71,0.02,132.1,205694.04,1
2024-06-05,2024-06-05 12:50:00,1520.71,1521.09,1520.71,1521.09,0.02,132.1,205694.04,1
2024-06-05,2024-06-05 12:51:00,1521.09,1521.47,1521.09,1521.47,0.02,132.1,205694.04,1
2024-06-05,2024-06-05 12:52:00,1521.47,1521.85,1521.47,1521.85,0.02,132.1,205694.04,1
2024-06-05,2024-06-05 12:53:00,1521.85,1522.22,1521.85,1522.22,0.02,132.1,205694.04,1
2024-06-05,2024-06-05 12:54:00,1522.22,1522.6,1522.22,1522.6,0.02,132.1,205694.04,1
2024-06-05,2024-06-05 12:55:00,1522.6,1522.98,1522.6,1522.98,0.02,132.1,205694.04,1
2024-06-05,2024-06-05 12:56:00,1522.98,1523.36,1522.98,1523.36,0.02,132.1,205694.04,1
2024-06-05,2024-06-05 12:57:00,1523.36,1523.74,1523.36,1523.74,0.02,132.1,205694.04,1
2024-06-05,2024-06-05 12:58:00,1523.74,1524.12,1523.74,1524.12,0.02,132.1,205694.04,1
2024-06-05,2024-06-05 12:59:00,1524.12,1524.5,1524.12,1524.5,0.02,132.1,205694.04,1
2024-06-05,2024-06-05 13:00:00,1524.5,1590.0,1478.0,1524.88,0.02,132.1,205694.04,1
2024-06-05,2024-06-05 13:01:00,1524.88,1525.26,1524.88,1525.26,0.02,132.1,205694.04,1
2024-06-05,2024-06-05 13:02:00,1525.26,1525.64,1525.26,1525.64,0.02,132.1,205694.04,1
2024-06-05,2024-06-05 13:03:00,1525.64,1526.02,1525.64,1526.02,0.02,132.1,205694.04,1
2024-06-05,2024-06-05 13:04:00,1526.02,1526.4,1526.02,1526.4,0.02,132.1,205694.04,1
2024-06-05,2024-06-05 13:05:00,1526.4,1526.78,1526.4,1526.78,0.02,132.1,205694.04,1
2024-06-05,2024-06-05 13:06:00,1526.78,1527.15,1526.78,1527.15,0.02,132.1,205694.04,1
2024-06-05,2024-06-05 13:07:00,1527.15,1527.53,1527.15,1527.53,0.02,132.1,205694.04,1
2024-06-05,2024-06-05 13:08:00,1527.53,1527.91,1527.53,1527.91,0.02,132.1,205694.04,1
2024-06-05,2024-06-05 13:09:00,1527.91,1528.29,1527.91,1528.29,0.02,132.1,205694.04,1
2024-06-05,2024-06-05 13:10:00,1528.29,1528.67,1528.29,1528.67,0.02,132.1,205694.04,1
2024-06-05,2024-06-05 13:11:00,1528.67,1529.05,1528.67,1529.05,0.02,132.1,205694.04,1
2024-06-05,2024-06-05 13:12:00,1529.05,1529.43,1529.05,1529.43,0.02,132.1,205694.04,1
2024-06-05,2024-06-05 13:13:00,1529.43,1529.81,1529.43,1529.81,0.02,132.1,205694.04,1
2024-06-05,2024-06-05 13:14:00,1529.81,1530.19,1529.81,1530.19,0.02,132.1,205694.04,1
2024-06-05,2024-06-05 13:15:00,1530.19,1530.57,1530.19,1530.57,0.02,132.1,205694.04,1
2024-06-05,2024-06-05 13:16:00,1530.57,1530.95,1530.57,1530.95,0.02,132.1,205694.04,1
2024-06-05,2024-06-05 13:17:00,1530.95,1531.33,1530.95,1531.33,0.02,132.1,205694.04,1
2024-06-05,2024-06-05 13:18:00,1531.33,1531.7,1531.33,1531.7,0.02,132.1,205694.04,1
2024-06-05,2024-06-05 13:19:00,1531.7,1532.08,1531.7,1532.08,0.02,132.1,205694.04,1
2024-06-05,2024-06-05 13:20:00,1532.08,1532.46,1532.08,1532.46,0.02,132.1,205694.04,1
2024-06-05,2024-06-05 13:21:00,1532.46,1532.84,1532.46,1532.84,0.02,132.1,205694.04,1
2024-06-05,2024-06-05 13:22:00,1532.84,1533.22,1532.84,1533.22,0.02,132.1,205694.04,1
2024-06-05,2024-06-05 13:23:00,1533.22,1533.6,1533.22,1533.6,0.02,132.1,205694.04,1
2024-06-05,2024-06-05 13:24:00,1533.6,1533.98,1533.6,1533.98,0.02,132.1,205694.04,1
2024-06-05,2024-06-05 13:25:00,1533.98,1534.36,1533.98,1534.36,0.02,132.1,205694.04,1
2024-06-05,2024-06-05 13:26:00,1534.36,1534.74,1534.36,1534.74,0.02,132.1,205694.04,1
2024-06-05,2024-06-05 13:27:00,1534.74,1535.12,1534.74,1535.12,0.02,132.1,205694.04,1
2024-06-05,2024-06-05 13:28:00,1535.12,1535.5,1535.12,1535.5,0.02,132.1,205694.04,1
2024-06-05,2024-06-05 13:29:00,1535.5,1535.88,1535.5,1535.88,0.02,132.1,205694.04,1
2024-06-05,2024-06-05 13:30:00,1535.88,1536.25,1535.88,1536.25,0.02,132.1,205694.04,1
2024-06-05,2024-06-05 13:31:00,1536.25,1536.63,1536.25,1536.63,0.02,132.1,205694.04,1
2024-06-05,2024-06-05 13:32:00,1536.63,1537.01,1536.63,1537.01,0.02,132.1,205694.04,1
2024-06-05,2024-06-05 13:33:00,1537.01,1537.39,1537.01,1537.39,0.02,132.1,205694.04,1
2024-06-05,2024-06-05 13:34:00,1537.39,1537.77,1537.39,1537.77,0.02,132.1,205694.04,1
2024-06-05,2024-06-05 13:35:00,1537.77,1538.15,1537.77,1538.15,0.02,132.1,205694.04,1
2024-06-05,2024-06-05 13:36:00,1538.15,1538.53,1538.15,1538.53,0.02,132.1,205694.04,1
2024-06-05,2024-06-05 13:37:00,1538.53,1538.91,1538.53,1538.91,0.02,132.1,205694.04,1
2024-06-05,2024-06-05 13:38:00,1538.91,1539.29,1538.91,1539.29,0.02,132.1,205694.04,1
2024-06-05,2024-06-05 13:39:00,1539.29,1539.67,1539.29,1539.67,0.02,132.1,205694.04,1
2024-06-05,2024-06-05 13:40:00,1539.67,1540.05,1539.67,1540.05,0.02,132.1,205694.04,1
2024-06-05,2024-06-05 13:41:00,1540.05,1540.42,1540.05,1540.42,0.02,132.1,205694.04,1
2024-06-05,2024-06-05 13:42:00,1540.42,1540.8,1540.42,1540.8,0.02,132.1,205694.04,1
2024-06-05,2024-06-05 13:43:00,1540.8,1541.18,1540.8,1541.18,0.02,132.1,205694.04,1
2024-06-05,2024-06-05 13:44:00,1541.18,1541.56,1541.18,1541.56,0.02,132.1,205694.04,1
2024-06-05,2024-06-05 13:45:00,1541.56,1541.94,1541.56,1541.94,0.02,132.1,205694.04,1
2024-06-05,2024-06-05 13:46:00,1541.94,1542.32,1541.94,1542.32,0.02,132.1,205694.04,1
2024-06-05,2024-06-05 13:47:00,1542.32,1542.7,1542.32,1542.7,0.02,132.1,205694.04,1
2024-06-05,2024-06-05 13:48:00,1542.7,1543.08,1542.7,1543.08,0.02,132.1,205694.04,1
2024-06-05,2024-06-05 13:49:00,1543.08,1543.46,1543.08,1543.46,0.02,132.1,205694.04,1
2024-06-05,2024-06-05 13:50:00,1543.46,1543.84,1543.46,1543.84,0.02,132.1,205694.04,1
2024-06-05,2024-06-05 13:51:00,1543.84,1544.22,1543.84,1544.22,0.02,132.1,205694.04,1
2024-06-05,2024-06-05 13:52:00,1544.22,1544.6,1544.22,1544.6,0.02,132.1,205694.04,1
2024-06-05,2024-06-05 13:53:00,1544.6,1544.97,1544.6,1544.97,0.02,132.1,205694.04,1
2024-06-05,2024-06-05 13:54:00,1544.97,1545.35,1544.97,1545.35,0.02,132.1,205694.04,1
2024-06-05,2024-06-05 13:55:00,1545.35,1545.73,1545.35,1545.73,0.02,132.1,205694.04,1
2024-06-05,2024-06-05 13:56:00,1545.73,1546.11,1545.73,1546.11,0.02,132.1,205694.04,1
2024-06-05,2024-06-05 13:57:00,1546.11,1546.49,1546.11,1546.49,0.02,132.1,205694.04,1
2024-06-05,2024-06-05 13:58:00,1546.49,1546.87,1546.49,1546.87,0.02,132.1,205694.04,1
2024-06-05,2024-06-05 13:59:00,1546.87,1547.25,1546.87,1547.25,0.02,132.1,205694.04,1
2024-06-05,2024-06-05 14:00:00,1547.25,1547.63,1547.25,1547.63,0.02,132.1,205694.04,1
2024-06-05,2024-06-05 14:01:00,1547.63,1548.01,1547.63,1548.01,0.02,132.1,205694.04,1
2024-06-05,2024-06-05 14:02:00,1548.01,1548.39,1548.01,1548.39,0.02,132.1,205694.04,1
2024-06-05,2024-06-05 14:03:00,1548.39,1548.77,1548.39,1548.77,0.02,132.1,205694.04,1
2024-06-05,2024-06-05 14:04:00,1548.77,1549.15,1548.77,1549.15,0.02,132.1,205694.04,1
2024-06-05,2024-06-05 14:05:00,1549.15,1549.53,1549.15,1549.53,0.02,132.1,205694.04,1
2024-06-05,2024-06-05 14:06:00,1549.53,1549.9,1549.53,1549.9,0.02,132.1,205694.04,1
2024-06-05,2024-06-05 14:07:00,1549.9,1550.28,1549.9,1550.28,0.02,132.1,205694.04,1
2024-06-05,2024-06-05 14:08:00,1550.28,1550.66,1550.28,1550.66,0.02,132.1,205694.04,1
2024-06-05,2024-06-05 14:09:00,1550.66,1551.04,1550.66,1551.04,0.02,132.1,205694.04,1
2024-06-05,2024-06-05 14:10:00,1551.04,1551.42,1551.04,1551.42,0.02,132.1,205694.04,1
2024-06-05,2024-06-05 14:11:00,1551.42,1551.8,1551.42,1551.8,0.02,132.1,205694.04,1
2024-06-05,2024-06-05 14:12:00,1551.8,1552.18,1551.8,1552.18,0.02,132.1,205694.04,1
2024-06-05,2024-06-05 14:13:00,1552.18,1552.56,1552.18,1552.56,0.02,132.1,205694.04,1
2024-06-05,2024-06-05 14:14:00,1552.56,1552.94,1552.56,1552.94,0.02,132.1,205694.04,1
2024-06-05,2024-06-05 14:15:00,1552.94,1553.32,1552.94,1553.32,0.02,132.1,205694.04,1
2024-06-05,2024-06-05 14:16:00,1553.32,1553.7,1553.32,1553.7,0.02,132.1,205694.04,1
2024-06-05,2024-06-05 14:17:00,1553.7,1554.08,1553.7,1554.08,0.02,132.1,205694.04,1
2024-06-05,2024-06-05 14:18:00,1554.08,1554.45,1554.08,1554.45,0.02,132.1,205694.04,1
2024-06-05,2024-06-05 14:19:00,1554.45,1554.83,1554.45,1554.83,0.02,132.1,205694.04,1
2024-06-05,2024-06-05 14:20:00,1554.83,1555.21,1554.83,1555.21,0.02,132.1,205694.04,1
2024-06-05,2024-06-05 14:21:00,1555.21,1555.59,1555.21,1555.59,0.02,132.1,205694.04,1
2024-06-05,2024-06-05 14:22:00,1555.59,1555.97,1555.59,1555.97,0.02,132.1,205694.04,1
2024-06-05,2024-06-05 14:23:00,1555.97,1556.35,1555.97,1556.35,0.02,132.1,205694.04,1
2024-06-05,2024-06-05 14:24:00,1556.35,1556.73,1556.35,1556.73,0.02,132.1,205694.04,1
2024-06-05,2024-06-05 14:25:00,1556.73,1557.11,1556.73,1557.11,0.02,132.1,205694.04,1
2024-06-05,2024-06-05 14:26:00,1557.11,1557.49,1557.11,1557.49,0.02,132.1,205694.04,1
2024-06-05,2024-06-05 14:27:00,1557.49,1557.87,1557.49,1557.87,0.02,132.1,205694.04,1
2024-06-05,2024-06-05 14:28:00,1557.87,1558.25,1557.87,1558.25,0.02,132.1,205694.04,1
2024-06-05,2024-06-05 14:29:00,1558.25,1558.62,1558.25,1558.62,0.02,132.1,205694.04,1
2024-06-05,2024-06-05 14:30:00,1558.62,1559.0,1558.62,1559.0,0.02,132.1,205694.04,1
2024-06-05,2024-06-05 14:31:00,1559.0,1559.38,1559.0,1559.38,0.02,132.1,205694.04,1
2024-06-05,2024-06-05 14:32:00,1559.38,1559.76,1559.38,1559.76,0.02,132.1,205694.04,1
2024-06-05,2024-06-05 14:33:00,1559.76,1560.14,1559.76,1560.14,0.02,132.1,205694.04,1
2024-06-05,2024-06-05 14:34:00,1560.14,1560.52,1560.14,1560.52,0.02,132.1,205694.04,1
2024-06-05,2024-06-05 14:35:00,1560.52,1560.9,1560.52,1560.9,0.02,132.1,205694.04,1
2024-06-05,2024-06-05 14:36:00,1560.9,1561.28,1560.9,1561.28,0.02,132.1,205694.04,1
2024-06-05,2024-06-05 14:37:00,1561.28,1561.66,1561.28,1561.66,0.02,132.1,205694.04,1
2024-06-05,2024-06-05 14:38:00,1561.66,1562.04,1561.66,1562.04,0.02,132.1,205694.04,1
2024-06-05,2024-06-05 14:39:00,1562.04,1562.42,1562.04,1562.42,0.02,132.1,205694.04,1
2024-06-05,2024-06-05 14:40:00,1562.42,1562.8,1562.42,1562.8,0.02,132.1,205694.04,1
2024-06-05,2024-06-05 14:41:00,1562.8,1563.17,1562.8,1563.17,0.02,132.1,205694.04,1
2024-06-05,2024-06-05 14:42:00,1563.17,1563.55,1563.17,1563.55,0.02,132.1,205694.04,1
2024-06-05,2024-06-05 14:43:00,1563.55,1563.93,1563.55,1563.93,0.02,132.1,205694.04,1
2024-06-05,2024-06-05 14:44:00,1563.93,1564.31,1563.93,1564.31,0.02,132.1,205694.04,1
2024-06-05,2024-06-05 14:45:00,1564.31,1564.69,1564.31,1564.69,0.02,132.1,205694.04,1
2024-06-05,2024-06-05 14:46:00,1564.69,1565.07,1564.69,1565.07,0.02,132.1,205694.04,1
2024-06-05,2024-06-05 14:47:00,1565.07,1565.45,1565.07,1565.45,0.02,132.1,205694.04,1
2024-06-05,2024-06-05 14:48:00,1565.45,1565.83,1565.45,1565.83,0.02,132.1,205694.04,1
2024-06-05,2024-06-05 14:49:00,1565.83,1566.21,1565.83,1566.21,0.02,132.1,205694.04,1
2024-06-05,2024-06-05 14:50:00,1566.21,1566.59,1566.21,1566.59,0.02,132.1,205694.04,1
2024-06-05,2024-06-05 14:51:00,1566.59,1566.97,1566.59,1566.97,0.02,132.1,205694.04,1
2024-06-05,2024-06-05 14:52:00,1566.97,1567.35,1566.97,1567.35,0.02,132.1,205694.04,1
2024-06-05,2024-06-05 14:53:00,1567.35,1567.72,1567.35,1567.72,0.02,132.1,205694.04,1
2024-06-05,2024-06-05 14:54:00,1567.72,1568.1,1567.72,1568.1,0.02,132.1,205694.04,1
2024-06-05,2024-06-05 14:55:00,1568.1,1568.48,1568.1,1568.48,0.02,132.1,205694.04,1
2024-06-05,2024-06-05 14:56:00,1568.48,1568.86,1568.48,1568.86,0.02,132.1,205694.04,1
2024-06-05,2024-06-05 14:57:00,1568.86,1569.24,1568.86,1569.24,0.02,132.1,205694.04,1
2024-06-05,2024-06-05 14:58:00,1569.24,1569.62,1569.24,1569.62,0.02,132.1,205694.04,1
2024-06-05,2024-06-05 14:59:00,1569.62,1570.0,1569.62,1570.0,0.02,132.1,205694.04,1
2024-06-05,2024-06-05 15:00:00,1570.0,1590.0,1478.0,1570.0,0.0,132.1,205694.04,0
2024-06-06,2024-06-06 11:00:00,1538.6,1563.02,1538.6,1538.76,0.01,69.38,110978.96,1
2024-06-06,2024-06-06 11:01:00,1538.76,1538.93,1538.76,1538.93,0.01,69.38,110978.96,1
2024-06-06,2024-06-06 11:02:00,1538.93,1539.09,1538.93,1539.09,0.01,69.38,110978.96,1
2024-06-06,2024-06-06 11:03:00,1539.09,1539.26,1539.09,1539.26,0.01,69.38,110978.96,1
2024-06-06,2024-06-06 11:04:00,1539.26,1539.42,1539.26,1539.42,0.01,69.38,110978.96,1
2024-06-06,2024-06-06 11:05:00,1539.42,1539.58,1539.42,1539.58,0.01,69.38,110978.96,1
2024-06-06,2024-06-06 11:06:00,1539.58,1539.75,1539.58,1539.75,0.01,69.38,110978.96,1
2024-06-06,2024-06-06 11:07:00,1539.75,1539.91,1539.75,1539.91,0.01,69.38,110978.96,1
2024-06-06,2024-06-06 11:08:00,1539.91,1540.08,1539.91,1540.08,0.01,69.38,110978.96,1
2024-06-06,2024-06-06 11:09:00,1540.08,1540.24,1540.08,1540.24,0.01,69.38,110978.96,1
2024-06-06,2024-06-06 11:10:00,1540.24,1540.41,1540.24,1540.41,0.01,69.38,110978.96,1
2024-06-06,2024-06-06 11:11:00,1540.41,1540.57,1540.41,1540.57,0.01,69.38,110978.96,1
2024-06-06,2024-06-06 11:12:00,1540.57,1540.73,1540.57,1540.73,0.01,69.38,110978.96,1
2024-06-06,2024-06-06 11:13:00,1540.73,1540.9,1540.73,1540.9,0.01,69.38,110978.96,1
2024-06-06,2024-06-06 11:14:00,1540.9,1541.06,1540.9,1541.06,0.01,69.38,110978.96,1
2024-06-06,2024-06-06 11:15:00,1541.06,1541.23,1541.06,1541.23,0.01,69.38,110978.96,1
2024-06-06,2024-06-06 11:16:00,1541.23,1541.39,1541.23,1541.39,0.01,69.38,110978.96,1
2024-06-06,2024-06-06 11:17:00,1541.39,1541.55,1541.39,1541.55,0.01,69.38,110978.96,1
2024-06-06,2024-06-06 11:18:00,1541.55,1541.72,1541.55,1541.72,0.01,69.38,110978.96,1
2024-06-06,2024-06-06 11:19:00,1541.72,1541.88,1541.72,1541.88,0.01,69.38,110978.96,1
2024-06-06,2024-06-06 11:20:00,1541.88,1542.05,1541.88,1542.05,0.01,69.38,110978.96,1
2024-06-06,2024-06-06 11:21:00,1542.05,1542.21,1542.05,1542.21,0.01,69.38,110978.96,1
2024-06-06,2024-06-06 11:22:00,1542.21,1542.38,1542.21,1542.38,0.01,69.38,110978.96,1
2024-06-06,2024-06-06 11:23:00,1542.38,1542.54,1542.38,1542.54,0.01,69.38,110978.96,1
2024-06-06,2024-06-06 11:24:00,1542.54,1542.7,1542.54,1542.7,0.01,69.38,110978.96,1
2024-06-06,2024-06-06 11:25:00,1542.7,1542.87,1542.7,1542.87,0.01,69.38,110978.96,1
2024-06-06,2024-06-06 11:26:00,1542.87,1543.03,1542.87,1543.03,0.01,69.38,110978.96,1
2024-06-06,2024-06-06 11:27:00,1543.03,1543.2,1543.03,1543.2,0.01,69.38,110978.96,1
2024-06-06,2024-06-06 11:28:00,1543.2,1543.36,1543.2,1543.36,0.01,69.38,110978.96,1
2024-06-06,2024-06-06 11:29:00,1543.36,1543.52,1543.36,1543.52,0.01,69.38,110978.96,1
2024-06-06,2024-06-06 11:30:00,1543.52,1543.69,1543.52,1543.69,0.01,69.38,110978.96,1
2024-06-06,2024-06-06 11:31:00,1543.69,1543.85,1543.69,1543.85,0.01,69.38,110978.96,1
2024-06-06,2024-06-06 11:32:00,1543.85,1544.02,1543.85,1544.02,0.01,69.38,110978.96,1
2024-06-06,2024-06-06 11:33:00,1544.02,1544.18,1544.02,1544.18,0.01,69.38,110978.96,1
2024-06-06,2024-06-06 11:34:00,1544.18,1544.35,1544.18,1544.35,0.01,69.38,110978.96,1
2024-06-06,2024-06-06 11:35:00,1544.35,1544.51,1544.35,1544.51,0.01,69.38,110978.96,1
2024-06-06,2024-06-06 11:36:00,1544.51,1544.67,1544.51,1544.67,0.01,69.38,110978.96,1
2024-06-06,2024-06-06 11:37:00,1544.67,1544.84,1544.67,1544.84,0.01,69.38,110978.96,1
2024-06-06,2024-06-06 11:38:00,1544.84,1545.0,1544.84,1545.0,0.01,69.38,110978.96,1
2024-06-06,2024-06-06 11:39:00,1545.0,1545.17,1545.0,1545.17,0.01,69.38,110978.96,1
2024-06-06,2024-06-06 11:40:00,1545.17,1545.33,1545.17,1545.33,0.01,69.38,110978.96,1
2024-06-06,2024-06-06 11:41:00,1545.33,1545.49,1545.33,1545.49,0.01,69.38,110978.96,1
2024-06-06,2024-06-06 11:42:00,1545.49,1545.66,1545.49,1545.66,0.01,69.38,110978.96,1
2024-06-06,2024-06-06 11:43:00,1545.66,1545.82,1545.66,1545.82,0.01,69.38,110978.96,1
2024-06-06,2024-06-06 11:44:00,1545.82,1545.99,1545.82,1545.99,0.01,69.38,110978.96,1
2024-06-06,2024-06-06 11:45:00,1545.99,1546.15,1545.99,1546.15,0.01,69.38,110978.96,1
2024-06-06,2024-06-06 11:46:00,1546.15,1546.32,1546.15,1546.32,0.01,69.38,110978.96,1
2024-06-06,2024-06-06 11:47:00,1546.32,1546.48,1546.32,1546.48,0.01,69.38,110978.96,1
2024-06-06,2024-06-06 11:48:00,1546.48,1546.64,1546.48,1546.64,0.01,69.38,110978.96,1
2024-06-06,2024-06-06 11:49:00,1546.64,1546.81,1546.64,1546.81,0.01,69.38,110978.96,1
2024-06-06,2024-06-06 11:50:00,1546.81,1546.97,1546.81,1546.97,0.01,69.38,110978.96,1
2024-06-06,2024-06-06 11:51:00,1546.97,1547.14,1546.97,1547.14,0.01,69.38,110978.96,1
2024-06-06,2024-06-06 11:52:00,1547.14,1547.3,1547.14,1547.3,0.01,69.38,110978.96,1
2024-06-06,2024-06-06 11:53:00,1547.3,1547.46,1547.3,1547.46,0.01,69.38,110978.96,1
2024-06-06,2024-06-06 11:54:00,1547.46,1547.63,1547.46,1547.63,0.01,69.38,110978.96,1
2024-06-06,2024-06-06 11:55:00,1547.63,1547.79,1547.63,1547.79,0.01,69.38,110978.96,1
2024-06-06,2024-06-06 11:56:00,1547.79,1547.96,1547.79,1547.96,0.01,69.38,110978.96,1
2024-06-06,2024-06-06 11:57:00,1547.96,1548.12,1547.96,1548.12,0.01,69.38,110978.96,1
2024-06-06,2024-06-06 11:58:00,1548.12,1548.29,1548.12,1548.29,0.01,69.38,110978.96,1
2024-06-06,2024-06-06 11:59:00,1548.29,1548.45,1548.29,1548.45,0.01,69.38,110978.96,1
2024-06-06,2024-06-06 12:00:00,1548.45,1548.61,1548.45,1548.61,0.01,69.38,110978.96,1
2024-06-06,2024-06-06 12:01:00,1548.61,1548.78,1548.61,1548.78,0.01,69.38,110978.96,1
2024-06-06,2024-06-06 12:02:00,1548.78,1548.94,1548.78,1548.94,0.01,69.38,110978.96,1
2024-06-06,2024-06-06 12:03:00,1548.94,1549.11,1548.94,1549.11,0.01,69.38,110978.96,1
2024-06-06,2024-06-06 12:04:00,1549.11,1549.27,1549.11,1549.27,0.01,69.38,110978.96,1
2024-06-06,2024-06-06 12:05:00,1549.27,1549.43,1549.27,1549.43,0.01,69.38,110978.96,1
2024-06-06,2024-06-06 12:06:00,1549.43,1549.6,1549.43,1549.6,0.01,69.38,110978.96,1
2024-06-06,2024-06-06 12:07:00,1549.6,1549.76,1549.6,1549.76,0.01,69.38,110978.96,1
2024-06-06,2024-06-06 12:08:00,1549.76,1549.93,1549.76,1549.93,0.01,69.38,110978.96,1
2024-06-06,2024-06-06 12:09:00,1549.93,1550.09,1549.93,1550.09,0.01,69.38,110978.96,1
2024-06-06,2024-06-06 12:10:00,1550.09,1550.26,1550.09,1550.26,0.01,69.38,110978.96,1
2024-06-06,2024-06-06 12:11:00,1550.26,1550.42,1550.26,1550.42,0.01,69.38,110978.96,1
2024-06-06,2024-06-06 12:12:00,1550.42,1550.58,1550.42,1550.58,0.01,69.38,110978.96,1
2024-06-06,2024-06-06 12:13:00,1550.58,1550.75,1550.58,1550.75,0.01,69.38,110978.96,1
2024-06-06,2024-06-06 12:14:00,1550.75,1550.91,1550.75,1550.91,0.01,69.38,110978.96,1
2024-06-06,2024-06-06 12:15:00,1550.91,1551.08,1550.91,1551.08,0.01,69.38,110978.96,1
2024-06-06,2024-06-06 12:16:00,1551.08,1551.24,1551.08,1551.24,0.01,69.38,110978.96,1
2024-06-06,2024-06-06 12:17:00,1551.24,1551.4,1551.24,1551.4,0.01,69.38,110978.96,1
2024-06-06,2024-06-06 12:18:00,1551.4,1551.57,1551.4,1551.57,0.01,69.38,110978.96,1
2024-06-06,2024-06-06 12:19:00,1551.57,1551.73,1551.57,1551.73,0.01,69.38,110978.96,1
2024-06-06,2024-06-06 12:20:00,1551.73,1551.9,1551.73,1551.9,0.01,69.38,110978.96,1
2024-06-06,2024-06-06 12:21:00,1551.9,1552.06,1551.9,1552.06,0.01,69.38,110978.96,1
2024-06-06,2024-06-06 12:22:00,1552.06,1552.23,1552.06,1552.23,0.01,69.38,110978.96,1
2024-06-06,2024-06-06 12:23:00,1552.23,1552.39,1552.23,1552.39,0.01,69.38,110978.96,1
2024-06-06,2024-06-06 12:24:00,1552.39,1552.55,1552.39,1552.55,0.01,69.38,110978.96,1
2024-06-06,2024-06-06 12:25:00,1552.55,1552.72,1552.55,1552.72,0.01,69.38,110978.96,1
2024-06-06,2024-06-06 12:26:00,1552.72,1552.88,1552.72,1552.88,0.01,69.38,110978.96,1
2024-06-06,2024-06-06 12:27:00,1552.88,1553.05,1552.88,1553.05,0.01,69.38,110978.96,1
2024-06-06,2024-06-06 12:28:00,1553.05,1553.21,1553.05,1553.21,0.01,69.38,110978.96,1
2024-06-06,2024-06-06 12:29:00,1553.21,1553.38,1553.21,1553.38,0.01,69.38,110978.96,1
2024-06-06,2024-06-06 12:30:00,1553.38,1553.54,1553.38,1553.54,0.01,69.38,110978.96,1
2024-06-06,2024-06-06 12:31:00,1553.54,1553.7,1553.54,1553.7,0.01,69.38,110978.96,1
2024-06-06,2024-06-06 12:32:00,1553.7,1553.87,1553.7,1553.87,0.01,69.38,110978.96,1
2024-06-06,2024-06-06 12:33:00,1553.87,1554.03,1553.87,1554.03,0.01,69.38,110978.96,1
2024-06-06,2024-06-06 12:34:00,1554.03,1554.2,1554.03,1554.2,0.01,69.38,110978.96,1
2024-06-06,2024-06-06 12:35:00,1554.2,1554.36,1554.2,1554.36,0.01,69.38,110978.96,1
2024-06-06,2024-06-06 12:36:00,1554.36,1554.52,1554.36,1554.52,0.01,69.38,110978.96,1
2024-06-06,2024-06-06 12:37:00,1554.52,1554.69,1554.52,1554.69,0.01,69.38,110978.96,1
2024-06-06,2024-06-06 12:38:00,1554.69,1554.85,1554.69,1554.85,0.01,69.38,110978.96,1
2024-06-06,2024-06-06 12:39:00,1554.85,1555.02,1554.85,1555.02,0.01,69.38,110978.96,1
2024-06-06,2024-06-06 12:40:00,1555.02,1555.18,1555.02,1555.18,0.01,69.38,110978.96,1
2024-06-06,2024-06-06 12:41:00,1555.18,1555.35,1555.18,1555.35,0.01,69.38,110978.96,1
2024-06-06,2024-06-06 12:42:00,1555.35,1555.51,1555.35,1555.51,0.01,69.38,110978.96,1
2024-06-06,2024-06-06 12:43:00,1555.51,1555.67,1555.51,1555.67,0.01,69.38,110978.96,1
2024-06-06,2024-06-06 12:44:00,1555.67,1555.84,1555.67,1555.84,0.01,69.38,110978.96,1
2024-06-06,2024-06-06 12:45:00,1555.84,1556.0,1555.84,1556.0,0.01,69.38,110978.96,1
2024-06-06,2024-06-06 12:46:00,1556.0,1556.17,1556.0,1556.17,0.01,69.38,110978.96,1
2024-06-06,2024-06-06 12:47:00,1556.17,1556.33,1556.17,1556.33,0.01,69.38,110978.96,1
2024-06-06,2024-06-06 12:48:00,1556.33,1556.49,1556.33,1556.49,0.01,69.38,110978.96,1
2024-06-06,2024-06-06 12:49:00,1556.49,1556.66,1556.49,1556.66,0.01,69.38,110978.96,1
2024-06-06,2024-06-06 12:50:00,1556.66,1556.82,1556.66,1556.82,0.01,69.38,110978.96,1
2024-06-06,2024-06-06 12:51:00,1556.82,1556.99,1556.82,1556.99,0.01,69.38,110978.96,1
2024-06-06,2024-06-06 12:52:00,1556.99,1557.15,1556.99,1557.15,0.01,69.38,110978.96,1
2024-06-06,2024-06-06 12:53:00,1557.15,1557.32,1557.15,1557.32,0.01,69.38,110978.96,1
2024-06-06,2024-06-06 12:54:00,1557.32,1557.48,1557.32,1557.48,0.01,69.38,110978.96,1
2024-06-06,2024-06-06 12:55:00,1557.48,1557.64,1557.48,1557.64,0.01,69.38,110978.96,1
2024-06-06,2024-06-06 12:56:00,1557.64,1557.81,1557.64,1557.81,0.01,69.38,110978.96,1
2024-06-06,2024-06-06 12:57:00,1557.81,1557.97,1557.81,1557.97,0.01,69.38,110978.96,1
2024-06-06,2024-06-06 12:58:00,1557.97,1558.14,1557.97,1558.14,0.01,69.38,110978.96,1
2024-06-06,2024-06-06 12:59:00,1558.14,1558.3,1558.14,1558.3,0.01,69.38,110978.96,1
2024-06-06,2024-06-06 13:00:00,1558.3,1620.0,1538.6,1558.46,0.01,69.38,110978.96,1
2024-06-06,2024-06-06 13:01:00,1558.46,1558.63,1558.46,1558.63,0.01,69.38,110978.96,1
2024-06-06,2024-06-06 13:02:00,1558.63,1558.79,1558.63,1558.79,0.01,69.38,110978.96,1
2024-06-06,2024-06-06 13:03:00,1558.79,1558.96,1558.79,1558.96,0.01,69.38,110978.96,1
2024-06-06,2024-06-06 13:04:00,1558.96,1559.12,1558.96,1559.12,0.01,69.38,110978.96,1
2024-06-06,2024-06-06 13:05:00,1559.12,1559.28,1559.12,1559.28,0.01,69.38,110978.96,1
2024-06-06,2024-06-06 13:06:00,1559.28,1559.45,1559.28,1559.45,0.01,69.38,110978.96,1
2024-06-06,2024-06-06 13:07:00,1559.45,1559.61,1559.45,1559.61,0.01,69.38,110978.96,1
2024-06-06,2024-06-06 13:08:00,1559.61,1559.78,1559.61,1559.78,0.01,69.38,110978.96,1
2024-06-06,2024-06-06 13:09:00,1559.78,1559.94,1559.78,1559.94,0.01,69.38,110978.96,1
2024-06-06,2024-06-06 13:10:00,1559.94,1560.11,1559.94,1560.11,0.01,69.38,110978.96,1
2024-06-06,2024-06-06 13:11:00,1560.11,1560.27,1560.11,1560.27,0.01,69.38,110978.96,1
2024-06-06,2024-06-06 13:12:00,1560.27,1560.43,1560.27,1560.43,0.01,69.38,110978.96,1
2024-06-06,2024-06-06 13:13:00,1560.43,1560.6,1560.43,1560.6,0.01,69.38,110978.96,1
2024-06-06,2024-06-06 13:14:00,1560.6,1560.76,1560.6,1560.76,0.01,69.38,110978.96,1
2024-06-06,2024-06-06 13:15:00,1560.76,1560.93,1560.76,1560.93,0.01,69.38,110978.96,1
2024-06-06,2024-06-06 13:16:00,1560.93,1561.09,1560.93,1561.09,0.01,69.38,110978.96,1
2024-06-06,2024-06-06 13:17:00,1561.09,1561.25,1561.09,1561.25,0.01,69.38,110978.96,1
2024-06-06,2024-06-06 13:18:00,1561.25,1561.42,1561.25,1561.42,0.01,69.38,110978.96,1
2024-06-06,2024-06-06 13:19:00,1561.42,1561.58,1561.42,1561.58,0.01,69.38,110978.96,1
2024-06-06,2024-06-06 13:20:00,1561.58,1561.75,1561.58,1561.75,0.01,69.38,110978.96,1
2024-06-06,2024-06-06 13:21:00,1561.75,1561.91,1561.75,1561.91,0.01,69.38,110978.96,1
2024-06-06,2024-06-06 13:22:00,1561.91,1562.08,1561.91,1562.08,0.01,69.38,110978.96,1
2024-06-06,2024-06-06 13:23:00,1562.08,1562.24,1562.08,1562.24,0.01,69.38,110978.96,1
2024-06-06,2024-06-06 13:24:00,1562.24,1562.4,1562.24,1562.4,0.01,69.38,110978.96,1
2024-06-06,2024-06-06 13:25:00,1562.4,1562.57,1562.4,1562.57,0.01,69.38,110978.96,1
2024-06-06,2024-06-06 13:26:00,1562.57,1562.73,1562.57,1562.73,0.01,69.38,110978.96,1
2024-06-06,2024-06-06 13:27:00,1562.73,1562.9,1562.73,1562.9,0.01,69.38,110978.96,1
2024-06-06,2024-06-06 13:28:00,1562.9,1563.06,1562.9,1563.06,0.01,69.38,110978.96,1
2024-06-06,2024-06-06 13:29:00,1563.06,1563.22,1563.06,1563.22,0.01,69.38,110978.96,1
2024-06-06,2024-06-06 13:30:00,1563.22,1563.39,1563.22,1563.39,0.01,69.38,110978.96,1
2024-06-06,2024-06-06 13:31:00,1563.39,1563.55,1563.39,1563.55,0.01,69.38,110978.96,1
2024-06-06,2024-06-06 13:32:00,1563.55,1563.72,1563.55,1563.72,0.01,69.38,110978.96,1
2024-06-06,2024-06-06 13:33:00,1563.72,1563.88,1563.72,1563.88,0.01,69.38,110978.96,1
2024-06-06,2024-06-06 13:34:00,1563.88,1564.05,1563.88,1564.05,0.01,69.38,110978.96,1
2024-06-06,2024-06-06 13:35:00,1564.05,1564.21,1564.05,1564.21,0.01,69.38,110978.96,1
2024-06-06,2024-06-06 13:36:00,1564.21,1564.37,1564.21,1564.37,0.01,69.38,110978.96,1
2024-06-06,2024-06-06 13:37:00,1564.37,1564.54,1564.37,1564.54,0.01,69.38,110978.96,1
2024-06-06,2024-06-06 13:38:00,1564.54,1564.7,1564.54,1564.7,0.01,69.38,110978.96,1
2024-06-06,2024-06-06 13:39:00,1564.7,1564.87,1564.7,1564.87,0.01,69.38,110978.96,1
2024-06-06,2024-06-06 13:40:00,1564.87,1565.03,1564.87,1565.03,0.01,69.38,110978.96,1
2024-06-06,2024-06-06 13:41:00,1565.03,1565.19,1565.03,1565.19,0.01,69.38,110978.96,1
2024-06-06,2024-06-06 13:42:00,1565.19,1565.36,1565.19,1565.36,0.01,69.38,110978.96,1
2024-06-06,2024-06-06 13:43:00,1565.36,1565.52,1565.36,1565.52,0.01,69.38,110978.96,1
2024-06-06,2024-06-06 13:44:00,1565.52,1565.69,1565.52,1565.69,0.01,69.38,110978.96,1
2024-06-06,2024-06-06 13:45:00,1565.69,1565.85,1565.69,1565.85,0.01,69.38,110978.96,1
2024-06-06,2024-06-06 13:46:00,1565.85,1566.02,1565.85,1566.02,0.01,69.38,110978.96,1
2024-06-06,2024-06-06 13:47:00,1566.02,1566.18,1566.02,1566.18,0.01,69.38,110978.96,1
2024-06-06,2024-06-06 13:48:00,1566.18,1566.34,1566.18,1566.34,0.01,69.38,110978.96,1
2024-06-06,2024-06-06 13:49:00,1566.34,1566.51,1566.34,1566.51,0.01,69.38,110978.96,1
2024-06-06,2024-06-06 13:50:00,1566.51,1566.67,1566.51,1566.67,0.01,69.38,110978.96,1
2024-06-06,2024-06-06 13:51:00,1566.67,1566.84,1566.67,1566.84,0.01,69.38,110978.96,1
2024-06-06,2024-06-06 13:52:00,1566.84,1567.0,1566.84,1567.0,0.01,69.38,110978.96,1
2024-06-06,2024-06-06 13:53:00,1567.0,1567.16,1567.0,1567.16,0.01,69.38,110978.96,1
2024-06-06,2024-06-06 13:54:00,1567.16,1567.33,1567.16,1567.33,0.01,69.38,110978.96,1
2024-06-06,2024-06-06 13:55:00,1567.33,1567.49,1567.33,1567.49,0.01,69.38,110978.96,1
2024-06-06,2024-06-06 13:56:00,1567.49,1567.66,1567.49,1567.66,0.01,69.38,110978.96,1
2024-06-06,2024-06-06 13:57:00,1567.66,1567.82,1567.66,1567.82,0.01,69.38,110978.96,1
2024-06-06,2024-06-06 13:58:00,1567.82,1567.99,1567.82,1567.99,0.01,69.38,110978.96,1
2024-06-06,2024-06-06 13:59:00,1567.99,1568.15,1567.99,1568.15,0.01,69.38,110978.96,1
2024-06-06,2024-06-06 14:00:00,1568.15,1568.31,1568.15,1568.31,0.01,69.38,110978.96,1
2024-06-06,2024-06-06 14:01:00,1568.31,1568.48,1568.31,1568.48,0.01,69.38,110978.96,1
2024-06-06,2024-06-06 14:02:00,1568.48,1568.64,1568.48,1568.64,0.01,69.38,110978.96,1
2024-06-06,2024-06-06 14:03:00,1568.64,1568.81,1568.64,1568.81,0.01,69.38,110978.96,1
2024-06-06,2024-06-06 14:04:00,1568.81,1568.97,1568.81,1568.97,0.01,69.38,110978.96,1
2024-06-06,2024-06-06 14:05:00,1568.97,1569.13,1568.97,1569.13,0.01,69.38,110978.96,1
2024-06-06,2024-06-06 14:06:00,1569.13,1569.3,1569.13,1569.3,0.01,69.38,110978.96,1
2024-06-06,2024-06-06 14:07:00,1569.3,1569.46,1569.3,1569.46,0.01,69.38,110978.96,1
2024-06-06,2024-06-06 14:08:00,1569.46,1569.63,1569.46,1569.63,0.01,69.38,110978.96,1
2024-06-06,2024-06-06 14:09:00,1569.63,1569.79,1569.63,1569.79,0.01,69.38,110978.96,1
2024-06-06,2024-06-06 14:10:00,1569.79,1569.96,1569.79,1569.96,0.01,69.38,110978.96,1
2024-06-06,2024-06-06 14:11:00,1569.96,1570.12,1569.96,1570.12,0.01,69.38,110978.96,1
2024-06-06,2024-06-06 14:12:00,1570.12,1570.28,1570.12,1570.28,0.01,69.38,110978.96,1
2024-06-06,2024-06-06 14:13:00,1570.28,1570.45,1570.28,1570.45,0.01,69.38,110978.96,1
2024-06-06,2024-06-06 14:14:00,1570.45,1570.61,1570.45,1570.61,0.01,69.38,110978.96,1
2024-06-06,2024-06-06 14:15:00,1570.61,1570.78,1570.61,1570.78,0.01,69.38,110978.96,1
2024-06-06,2024-06-06 14:16:00,1570.78,1570.94,1570.78,1570.94,0.01,69.38,110978.96,1
2024-06-06,2024-06-06 14:17:00,1570.94,1571.11,1570.94,1571.11,0.01,69.38,110978.96,1
2024-06-06,2024-06-06 14:18:00,1571.11,1571.27,1571.11,1571.27,0.01,69.38,110978.96,1
2024-06-06,2024-06-06 14:19:00,1571.27,1571.43,1571.27,1571.43,0.01,69.38,110978.96,1
2024-06-06,2024-06-06 14:20:00,1571.43,1571.6,1571.43,1571.6,0.01,69.38,110978.96,1
2024-06-06,2024-06-06 14:21:00,1571.6,1571.76,1571.6,1571.76,0.01,69.38,110978.96,1
2024-06-06,2024-06-06 14:22:00,1571.76,1571.93,1571.76,1571.93,0.01,69.38,110978.96,1
2024-06-06,2024-06-06 14:23:00,1571.93,1572.09,1571.93,1572.09,0.01,69.38,110978.96,1
2024-06-06,2024-06-06 14:24:00,1572.09,1572.25,1572.09,1572.25,0.01,69.38,110978.96,1
2024-06-06,2024-06-06 14:25:00,1572.25,1572.42,1572.25,1572.42,0.01,69.38,110978.96,1
2024-06-06,2024-06-06 14:26:00,1572.42,1572.58,1572.42,1572.58,0.01,69.38,110978.96,1
2024-06-06,2024-06-06 14:27:00,1572.58,1572.75,1572.58,1572.75,0.01,69.38,110978.96,1
2024-06-06,2024-06-06 14:28:00,1572.75,1572.91,1572.75,1572.91,0.01,69.38,110978.96,1
2024-06-06,2024-06-06 14:29:00,1572.91,1573.08,1572.91,1573.08,0.01,69.38,110978.96,1
2024-06-06,2024-06-06 14:30:00,1573.08,1573.24,1573.08,1573.24,0.01,69.38,110978.96,1
2024-06-06,2024-06-06 14:31:00,1573.24,1573.4,1573.24,1573.4,0.01,69.38,110978.96,1
2024-06-06,2024-06-06 14:32:00,1573.4,1573.57,1573.4,1573.57,0.01,69.38,110978.96,1
2024-06-06,2024-06-06 14:33:00,1573.57,1573.73,1573.57,1573.73,0.01,69.38,110978.96,1
2024-06-06,2024-06-06 14:34:00,1573.73,1573.9,1573.73,1573.9,0.01,69.38,110978.96,1
2024-06-06,2024-06-06 14:35:00,1573.9,1574.06,1573.9,1574.06,0.01,69.38,110978.96,1
2024-06-06,2024-06-06 14:36:00,1574.06,1574.22,1574.06,1574.22,0.01,69.38,110978.96,1
2024-06-06,2024-06-06 14:37:00,1574.22,1574.39,1574.22,1574.39,0.01,69.38,110978.96,1
2024-06-06,2024-06-06 14:38:00,1574.39,1574.55,1574.39,1574.55,0.01,69.38,110978.96,1
2024-06-06,2024-06-06 14:39:00,1574.55,1574.72,1574.55,1574.72,0.01,69.38,110978.96,1
2024-06-06,2024-06-06 14:40:00,1574.72,1574.88,1574.72,1574.88,0.01,69.38,110978.96,1
2024-06-06,2024-06-06 14:41:00,1574.88,1575.05,1574.88,1575.05,0.01,69.38,110978.96,1
2024-06-06,2024-06-06 14:42:00,1575.05,1575.21,1575.05,1575.21,0.01,69.38,110978.96,1
2024-06-06,2024-06-06 14:43:00,1575.21,1575.37,1575.21,1575.37,0.01,69.38,110978.96,1
2024-06-06,2024-06-06 14:44:00,1575.37,1575.54,1575.37,1575.54,0.01,69.38,110978.96,1
2024-06-06,2024-06-06 14:45:00,1575.54,1575.7,1575.54,1575.7,0.01,69.38,110978.96,1
2024-06-06,2024-06-06 14:46:00,1575.7,1575.87,1575.7,1575.87,0.01,69.38,110978.96,1
2024-06-06,2024-06-06 14:47:00,1575.87,1576.03,1575.87,1576.03,0.01,69.38,110978.96,1
2024-06-06,2024-06-06 14:48:00,1576.03,1576.19,1576.03,1576.19,0.01,69.38,110978.96,1
2024-06-06,2024-06-06 14:49:00,1576.19,1576.36,1576.19,1576.36,0.01,69.38,110978.96,1
2024-06-06,2024-06-06 14:50:00,1576.36,1576.52,1576.36,1576.52,0.01,69.38,110978.96,1
2024-06-06,2024-06-06 14:51:00,1576.52,1576.69,1576.52,1576.69,0.01,69.38,110978.96,1
2024-06-06,2024-06-06 14:52:00,1576.69,1576.85,1576.69,1576.85,0.01,69.38,110978.96,1
2024-06-06,2024-06-06 14:53:00,1576.85,1577.02,1576.85,1577.02,0.01,69.38,110978.96,1
2024-06-06,2024-06-06 14:54:00,1577.02,1577.18,1577.02,1577.18,0.01,69.38,110978.96,1
2024-06-06,2024-06-06 14:55:00,1577.18,1577.34,1577.18,1577.34,0.01,69.38,110978.96,1
2024-06-06,2024-06-06 14:56:00,1577.34,1577.51,1577.34,1577.51,0.01,69.38,110978.96,1
2024-06-06,2024-06-06 14:57:00,1577.51,1577.67,1577.51,1577.67,0.01,69.38,110978.96,1
2024-06-06,2024-06-06 14:58:00,1577.67,1577.84,1577.67,1577.84,0.01,69.38,110978.96,1
2024-06-06,2024-06-06 14:59:00,1577.84,1578.0,1577.84,1578.0,0.01,69.38,110978.96,1
2024-06-06,2024-06-06 15:00:00,1578.0,1620.0,1538.6,1578.0,0.0,69.38,110978.96,0
2024-06-09,2024-06-09 11:00:00,1560.1,1567.27,1551.07,1560.03,-0.0,37.22,57828.77,-1
2024-06-09,2024-06-09 11:01:00,1560.03,1560.03,1559.97,1559.97,-0.0,37.22,57828.77,-1
2024-06-09,2024-06-09 11:02:00,1559.97,1559.97,1559.9,1559.9,-0.0,37.22,57828.77,-1
2024-06-09,2024-06-09 11:03:00,1559.9,1559.9,1559.83,1559.83,-0.0,37.22,57828.77,-1
2024-06-09,2024-06-09 11:04:00,1559.83,1559.83,1559.76,1559.76,-0.0,37.22,57828.77,-1
2024-06-09,2024-06-09 11:05:00,1559.76,1559.76,1559.7,1559.7,-0.0,37.22,57828.77,-1
2024-06-09,2024-06-09 11:06:00,1559.7,1559.7,1559.63,1559.63,-0.0,37.22,57828.77,-1
2024-06-09,2024-06-09 11:07:00,1559.63,1559.63,1559.56,1559.56,-0.0,37.22,57828.77,-1
2024-06-09,2024-06-09 11:08:00,1559.56,1559.56,1559.5,1559.5,-0.0,37.22,57828.77,-1
2024-06-09,2024-06-09 11:09:00,1559.5,1559.5,1559.43,1559.43,-0.0,37.22,57828.77,-1
2024-06-09,2024-06-09 11:10:00,1559.43,1559.43,1559.36,1559.36,-0.0,37.22,57828.77,-1
2024-06-09,2024-06-09 11:11:00,1559.36,1559.36,1559.29,1559.29,-0.0,37.22,57828.77,-1
2024-06-09,2024-06-09 11:12:00,1559.29,1559.29,1559.23,1559.23,-0.0,37.22,57828.77,-1
2024-06-09,2024-06-09 11:13:00,1559.23,1559.23,1559.16,1559.16,-0.0,37.22,57828.77,-1
2024-06-09,2024-06-09 11:14:00,1559.16,1559.16,1559.09,1559.09,-0.0,37.22,57828.77,-1
2024-06-09,2024-06-09 11:15:00,1559.09,1559.09,1559.03,1559.03,-0.0,37.22,57828.77,-1
2024-06-09,2024-06-09 11:16:00,1559.03,1559.03,1558.96,1558.96,-0.0,37.22,57828.77,-1
2024-06-09,2024-06-09 11:17:00,1558.96,1558.96,1558.89,1558.89,-0.0,37.22,57828.77,-1
2024-06-09,2024-06-09 11:18:00,1558.89,1558.89,1558.83,1558.83,-0.0,37.22,57828.77,-1
2024-06-09,2024-06-09 11:19:00,1558.83,1558.83,1558.76,1558.76,-0.0,37.22,57828.77,-1
2024-06-09,2024-06-09 11:20:00,1558.76,1558.76,1558.69,1558.69,-0.0,37.22,57828.77,-1
2024-06-09,2024-06-09 11:21:00,1558.69,1558.69,1558.62,1558.62,-0.0,37.22,57828.77,-1
2024-06-09,2024-06-09 11:22:00,1558.62,1558.62,1558.56,1558.56,-0.0,37.22,57828.77,-1
2024-06-09,2024-06-09 11:23:00,1558.56,1558.56,1558.49,1558.49,-0.0,37.22,57828.77,-1
2024-06-09,2024-06-09 11:24:00,1558.49,1558.49,1558.42,1558.42,-0.0,37.22,57828.77,-1
2024-06-09,2024-06-09 11:25:00,1558.42,1558.42,1558.36,1558.36,-0.0,37.22,57828.77,-1
2024-06-09,2024-06-09 11:26:00,1558.36,1558.36,1558.29,1558.29,-0.0,37.22,57828.77,-1
2024-06-09,2024-06-09 11:27:00,1558.29,1558.29,1558.22,1558.22,-0.0,37.22,57828.77,-1
2024-06-09,2024-06-09 11:28:00,1558.22,1558.22,1558.15,1558.15,-0.0,37.22,57828.77,-1
2024-06-09,2024-06-09 11:29:00,1558.15,1558.15,1558.09,1558.09,-0.0,37.22,57828.77,-1
2024-06-09,2024-06-09 11:30:00,1558.09,1558.09,1558.02,1558.02,-0.0,37.22,57828.77,-1
2024-06-09,2024-06-09 11:31:00,1558.02,1558.02,1557.95,1557.95,-0.0,37.22,57828.77,-1
2024-06-09,2024-06-09 11:32:00,1557.95,1557.95,1557.89,1557.89,-0.0,37.22,57828.77,-1
2024-06-09,2024-06-09 11:33:00,1557.89,1557.89,1557.82,1557.82,-0.0,37.22,57828.77,-1
2024-06-09,2024-06-09 11:34:00,1557.82,1557.82,1557.75,1557.75,-0.0,37.22,57828.77,-1
2024-06-09,2024-06-09 11:35:00,1557.75,1557.75,1557.68,1557.68,-0.0,37.22,57828.77,-1
2024-06-09,2024-06-09 11:36:00,1557.68,1557.68,1557.62,1557.62,-0.0,37.22,57828.77,-1
2024-06-09,2024-06-09 11:37:00,1557.62,1557.62,1557.55,1557.55,-0.0,37.22,57828.77,-1
2024-06-09,2024-06-09 11:38:00,1557.55,1557.55,1557.48,1557.48,-0.0,37.22,57828.77,-1
2024-06-09,2024-06-09 11:39:00,1557.48,1557.48,1557.42,1557.42,-0.0,37.22,57828.77,-1
2024-06-09,2024-06-09 11:40:00,1557.42,1557.42,1557.35,1557.35,-0.0,37.22,57828.77,-1
2024-06-09,2024-06-09 11:41:00,1557.35,1557.35,1557.28,1557.28,-0.0,37.22,57828.77,-1
2024-06-09,2024-06-09 11:42:00,1557.28,1557.28,1557.22,1557.22,-0.0,37.22,57828.77,-1
2024-06-09,2024-06-09 11:43:00,1557.22,1557.22,1557.15,1557.15,-0.0,37.22,57828.77,-1
2024-06-09,2024-06-09 11:44:00,1557.15,1557.15,1557.08,1557.08,-0.0,37.22,57828.77,-1
2024-06-09,2024-06-09 11:45:00,1557.08,1557.08,1557.01,1557.01,-0.0,37.22,57828.77,-1
2024-06-09,2024-06-09 11:46:00,1557.01,1557.01,1556.95,1556.95,-0.0,37.22,57828.77,-1
2024-06-09,2024-06-09 11:47:00,1556.95,1556.95,1556.88,1556.88,-0.0,37.22,57828.77,-1
2024-06-09,2024-06-09 11:48:00,1556.88,1556.88,1556.81,1556.81,-0.0,37.22,57828.77,-1
2024-06-09,2024-06-09 11:49:00,1556.81,1556.81,1556.75,1556.75,-0.0,37.22,57828.77,-1
2024-06-09,2024-06-09 11:50:00,1556.75,1556.75,1556.68,1556.68,-0.0,37.22,57828.77,-1
2024-06-09,2024-06-09 11:51:00,1556.68,1556.68,1556.61,1556.61,-0.0,37.22,57828.77,-1
2024-06-09,2024-06-09 11:52:00,1556.61,1556.61,1556.54,1556.54,-0.0,37.22,57828.77,-1
2024-06-09,2024-06-09 11:53:00,1556.54,1556.54,1556.48,1556.48,-0.0,37.22,57828.77,-1
2024-06-09,2024-06-09 11:54:00,1556.48,1556.48,1556.41,1556.41,-0.0,37.22,57828.77,-1
2024-06-09,2024-06-09 11:55:00,1556.41,1556.41,1556.34,1556.34,-0.0,37.22,57828.77,-1
2024-06-09,2024-06-09 11:56:00,1556.34,1556.34,1556.28,1556.28,-0.0,37.22,57828.77,-1
2024-06-09,2024-06-09 11:57:00,1556.28,1556.28,1556.21,1556.21,-0.0,37.22,57828.77,-1
2024-06-09,2024-06-09 11:58:00,1556.21,1556.21,1556.14,1556.14,-0.0,37.22,57828.77,-1
2024-06-09,2024-06-09 11:59:00,1556.14,1556.14,1556.07,1556.07,-0.0,37.22,57828.77,-1
2024-06-09,2024-06-09 12:00:00,1556.07,1556.07,1556.01,1556.01,-0.0,37.22,57828.77,-1
2024-06-09,2024-06-09 12:01:00,1556.01,1556.01,1555.94,1555.94,-0.0,37.22,57828.77,-1
2024-06-09,2024-06-09 12:02:00,1555.94,1555.94,1555.87,1555.87,-0.0,37.22,57828.77,-1
2024-06-09,2024-06-09 12:03:00,1555.87,1555.87,1555.81,1555.81,-0.0,37.22,57828.77,-1
2024-06-09,2024-06-09 12:04:00,1555.81,1555.81,1555.74,1555.74,-0.0,37.22,57828.77,-1
2024-06-09,2024-06-09 12:05:00,1555.74,1555.74,1555.67,1555.67,-0.0,37.22,57828.77,-1
2024-06-09,2024-06-09 12:06:00,1555.67,1555.67,1555.61,1555.61,-0.0,37.22,57828.77,-1
2024-06-09,2024-06-09 12:07:00,1555.61,1555.61,1555.54,1555.54,-0.0,37.22,57828.77,-1
2024-06-09,2024-06-09 12:08:00,1555.54,1555.54,1555.47,1555.47,-0.0,37.22,57828.77,-1
2024-06-09,2024-06-09 12:09:00,1555.47,1555.47,1555.4,1555.4,-0.0,37.22,57828.77,-1
2024-06-09,2024-06-09 12:10:00,1555.4,1555.4,1555.34,1555.34,-0.0,37.22,57828.77,-1
2024-06-09,2024-06-09 12:11:00,1555.34,1555.34,1555.27,1555.27,-0.0,37.22,57828.77,-1
2024-06-09,2024-06-09 12:12:00,1555.27,1555.27,1555.2,1555.2,-0.0,37.22,57828.77,-1
2024-06-09,2024-06-09 12:13:00,1555.2,1555.2,1555.14,1555.14,-0.0,37.22,57828.77,-1
2024-06-09,2024-06-09 12:14:00,1555.14,1555.14,1555.07,1555.07,-0.0,37.22,57828.77,-1
2024-06-09,2024-06-09 12:15:00,1555.07,1555.07,1555.0,1555.0,-0.0,37.22,57828.77,-1
2024-06-09,2024-06-09 12:16:00,1555.0,1555.0,1554.93,1554.93,-0.0,37.22,57828.77,-1
2024-06-09,2024-06-09 12:17:00,1554.93,1554.93,1554.87,1554.87,-0.0,37.22,57828.77,-1
2024-06-09,2024-06-09 12:18:00,1554.87,1554.87,1554.8,1554.8,-0.0,37.22,57828.77,-1
2024-06-09,2024-06-09 12:19:00,1554.8,1554.8,1554.73,1554.73,-0.0,37.22,57828.77,-1
2024-06-09,2024-06-09 12:20:00,1554.73,1554.73,1554.67,1554.67,-0.0,37.22,57828.77,-1
2024-06-09,2024-06-09 12:21:00,1554.67,1554.67,1554.6,1554.6,-0.0,37.22,57828.77,-1
2024-06-09,2024-06-09 12:22:00,1554.6,1554.6,1554.53,1554.53,-0.0,37.22,57828.77,-1
2024-06-09,2024-06-09 12:23:00,1554.53,1554.53,1554.46,1554.46,-0.0,37.22,57828.77,-1
2024-06-09,2024-06-09 12:24:00,1554.46,1554.46,1554.4,1554.4,-0.0,37.22,57828.77,-1
2024-06-09,2024-06-09 12:25:00,1554.4,1554.4,1554.33,1554.33,-0.0,37.22,57828.77,-1
2024-06-09,2024-06-09 12:26:00,1554.33,1554.33,1554.26,1554.26,-0.0,37.22,57828.77,-1
2024-06-09,2024-06-09 12:27:00,1554.26,1554.26,1554.2,1554.2,-0.0,37.22,57828.77,-1
2024-06-09,2024-06-09 12:28:00,1554.2,1554.2,1554.13,1554.13,-0.0,37.22,57828.77,-1
2024-06-09,2024-06-09 12:29:00,1554.13,1554.13,1554.06,1554.06,-0.0,37.22,57828.77,-1
2024-06-09,2024-06-09 12:30:00,1554.06,1554.06,1554.0,1554.0,-0.0,37.22,57828.77,-1
2024-06-09,2024-06-09 12:31:00,1554.0,1554.0,1553.93,1553.93,-0.0,37.22,57828.77,-1
2024-06-09,2024-06-09 12:32:00,1553.93,1553.93,1553.86,1553.86,-0.0,37.22,57828.77,-1
2024-06-09,2024-06-09 12:33:00,1553.86,1553.86,1553.79,1553.79,-0.0,37.22,57828.77,-1
2024-06-09,2024-06-09 12:34:00,1553.79,1553.79,1553.73,1553.73,-0.0,37.22,57828.77,-1
2024-06-09,2024-06-09 12:35:00,1553.73,1553.73,1553.66,1553.66,-0.0,37.22,57828.77,-1
2024-06-09,2024-06-09 12:36:00,1553.66,1553.66,1553.59,1553.59,-0.0,37.22,57828.77,-1
2024-06-09,2024-06-09 12:37:00,1553.59,1553.59,1553.53,1553.53,-0.0,37.22,57828.77,-1
2024-06-09,2024-06-09 12:38:00,1553.53,1553.53,1553.46,1553.46,-0.0,37.22,57828.77,-1
2024-06-09,2024-06-09 12:39:00,1553.46,1553.46,1553.39,1553.39,-0.0,37.22,57828.77,-1
2024-06-09,2024-06-09 12:40:00,1553.39,1553.39,1553.32,1553.32,-0.0,37.22,57828.77,-1
2024-06-09,2024-06-09 12:41:00,1553.32,1553.32,1553.26,1553.26,-0.0,37.22,57828.77,-1
2024-06-09,2024-06-09 12:42:00,1553.26,1553.26,1553.19,1553.19,-0.0,37.22,57828.77,-1
2024-06-09,2024-06-09 12:43:00,1553.19,1553.19,1553.12,1553.12,-0.0,37.22,57828.77,-1
2024-06-09,2024-06-09 12:44:00,1553.12,1553.12,1553.06,1553.06,-0.0,37.22,57828.77,-1
2024-06-09,2024-06-09 12:45:00,1553.06,1553.06,1552.99,1552.99,-0.0,37.22,57828.77,-1
2024-06-09,2024-06-09 12:46:00,1552.99,1552.99,1552.92,1552.92,-0.0,37.22,57828.77,-1
2024-06-09,2024-06-09 12:47:00,1552.92,1552.92,1552.86,1552.86,-0.0,37.22,57828.77,-1
2024-06-09,2024-06-09 12:48:00,1552.86,1552.86,1552.79,1552.79,-0.0,37.22,57828.77,-1
2024-06-09,2024-06-09 12:49:00,1552.79,1552.79,1552.72,1552.72,-0.0,37.22,57828.77,-1
2024-06-09,2024-06-09 12:50:00,1552.72,1552.72,1552.65,1552.65,-0.0,37.22,57828.77,-1
2024-06-09,2024-06-09 12:51:00,1552.65,1552.65,1552.59,1552.59,-0.0,37.22,57828.77,-1
2024-06-09,2024-06-09 12:52:00,1552.59,1552.59,1552.52,1552.52,-0.0,37.22,57828.77,-1
2024-06-09,2024-06-09 12:53:00,1552.52,1552.52,1552.45,1552.45,-0.0,37.22,57828.77,-1
2024-06-09,2024-06-09 12:54:00,1552.45,1552.45,1552.39,1552.39,-0.0,37.22,57828.77,-1
2024-06-09,2024-06-09 12:55:00,1552.39,1552.39,1552.32,1552.32,-0.0,37.22,57828.77,-1
2024-06-09,2024-06-09 12:56:00,1552.32,1552.32,1552.25,1552.25,-0.0,37.22,57828.77,-1
2024-06-09,2024-06-09 12:57:00,1552.25,1552.25,1552.18,1552.18,-0.0,37.22,57828.77,-1
2024-06-09,2024-06-09 12:58:00,1552.18,1552.18,1552.12,1552.12,-0.0,37.22,57828.77,-1
2024-06-09,2024-06-09 12:59:00,1552.12,1552.12,1552.05,1552.05,-0.0,37.22,57828.77,-1
2024-06-09,2024-06-09 13:00:00,1552.05,1584.0,1530.0,1551.98,-0.0,37.22,57828.77,-1
2024-06-09,2024-06-09 13:01:00,1551.98,1551.98,1551.92,1551.92,-0.0,37.22,57828.77,-1
2024-06-09,2024-06-09 13:02:00,1551.92,1551.92,1551.85,1551.85,-0.0,37.22,57828.77,-1
2024-06-09,2024-06-09 13:03:00,1551.85,1551.85,1551.78,1551.78,-0.0,37.22,57828.77,-1
2024-06-09,2024-06-09 13:04:00,1551.78,1551.78,1551.71,1551.71,-0.0,37.22,57828.77,-1
2024-06-09,2024-06-09 13:05:00,1551.71,1551.71,1551.65,1551.65,-0.0,37.22,57828.77,-1
2024-06-09,2024-06-09 13:06:00,1551.65,1551.65,1551.58,1551.58,-0.0,37.22,57828.77,-1
2024-06-09,2024-06-09 13:07:00,1551.58,1551.58,1551.51,1551.51,-0.0,37.22,57828.77,-1
2024-06-09,2024-06-09 13:08:00,1551.51,1551.51,1551.45,1551.45,-0.0,37.22,57828.77,-1
2024-06-09,2024-06-09 13:09:00,1551.45,1551.45,1551.38,1551.38,-0.0,37.22,57828.77,-1
2024-06-09,2024-06-09 13:10:00,1551.38,1551.38,1551.31,1551.31,-0.0,37.22,57828.77,-1
2024-06-09,2024-06-09 13:11:00,1551.31,1551.31,1551.24,1551.24,-0.0,37.22,57828.77,-1
2024-06-09,2024-06-09 13:12:00,1551.24,1551.24,1551.18,1551.18,-0.0,37.22,57828.77,-1
2024-06-09,2024-06-09 13:13:00,1551.18,1551.18,1551.11,1551.11,-0.0,37.22,57828.77,-1
2024-06-09,2024-06-09 13:14:00,1551.11,1551.11,1551.04,1551.04,-0.0,37.22,57828.77,-1
2024-06-09,2024-06-09 13:15:00,1551.04,1551.04,1550.98,1550.98,-0.0,37.22,57828.77,-1
2024-06-09,2024-06-09 13:16:00,1550.98,1550.98,1550.91,1550.91,-0.0,37.22,57828.77,-1
2024-06-09,2024-06-09 13:17:00,1550.91,1550.91,1550.84,1550.84,-0.0,37.22,57828.77,-1
2024-06-09,2024-06-09 13:18:00,1550.84,1550.84,1550.78,1550.78,-0.0,37.22,57828.77,-1
2024-06-09,2024-06-09 13:19:00,1550.78,1550.78,1550.71,1550.71,-0.0,37.22,57828.77,-1
2024-06-09,2024-06-09 13:20:00,1550.71,1550.71,1550.64,1550.64,-0.0,37.22,57828.77,-1
2024-06-09,2024-06-09 13:21:00,1550.64,1550.64,1550.57,1550.57,-0.0,37.22,57828.77,-1
2024-06-09,2024-06-09 13:22:00,1550.57,1550.57,1550.51,1550.51,-0.0,37.22,57828.77,-1
2024-06-09,2024-06-09 13:23:00,1550.51,1550.51,1550.44,1550.44,-0.0,37.22,57828.77,-1
2024-06-09,2024-06-09 13:24:00,1550.44,1550.44,1550.37,1550.37,-0.0,37.22,57828.77,-1
2024-06-09,2024-06-09 13:25:00,1550.37,1550.37,1550.31,1550.31,-0.0,37.22,57828.77,-1
2024-06-09,2024-06-09 13:26:00,1550.31,1550.31,1550.24,1550.24,-0.0,37.22,57828.77,-1
2024-06-09,2024-06-09 13:27:00,1550.24,1550.24,1550.17,1550.17,-0.0,37.22,57828.77,-1
2024-06-09,2024-06-09 13:28:00,1550.17,1550.17,1550.1,1550.1,-0.0,37.22,57828.77,-1
2024-06-09,2024-06-09 13:29:00,1550.1,1550.1,1550.04,1550.04,-0.0,37.22,57828.77,-1
2024-06-09,2024-06-09 13:30:00,1550.04,1550.04,1549.97,1549.97,-0.0,37.22,57828.77,-1
2024-06-09,2024-06-09 13:31:00,1549.97,1549.97,1549.9,1549.9,-0.0,37.22,57828.77,-1
2024-06-09,2024-06-09 13:32:00,1549.9,1549.9,1549.84,1549.84,-0.0,37.22,57828.77,-1
2024-06-09,2024-06-09 13:33:00,1549.84,1549.84,1549.77,1549.77,-0.0,37.22,57828.77,-1
2024-06-09,2024-06-09 13:34:00,1549.77,1549.77,1549.7,1549.7,-0.0,37.22,57828.77,-1
2024-06-09,2024-06-09 13:35:00,1549.7,1549.7,1549.63,1549.63,-0.0,37.22,57828.77,-1
2024-06-09,2024-06-09 13:36:00,1549.63,1549.63,1549.57,1549.57,-0.0,37.22,57828.77,-1
2024-06-09,2024-06-09 13:37:00,1549.57,1549.57,1549.5,1549.5,-0.0,37.22,57828.77,-1
2024-06-09,2024-06-09 13:38:00,1549.5,1549.5,1549.43,1549.43,-0.0,37.22,57828.77,-1
2024-06-09,2024-06-09 13:39:00,1549.43,1549.43,1549.37,1549.37,-0.0,37.22,57828.77,-1
2024-06-09,2024-06-09 13:40:00,1549.37,1549.37,1549.3,1549.3,-0.0,37.22,57828.77,-1
2024-06-09,2024-06-09 13:41:00,1549.3,1549.3,1549.23,1549.23,-0.0,37.22,57828.77,-1
2024-06-09,2024-06-09 13:42:00,1549.23,1549.23,1549.17,1549.17,-0.0,37.22,57828.77,-1
2024-06-09,2024-06-09 13:43:00,1549.17,1549.17,1549.1,1549.1,-0.0,37.22,57828.77,-1
2024-06-09,2024-06-09 13:44:00,1549.1,1549.1,1549.03,1549.03,-0.0,37.22,57828.77,-1
2024-06-09,2024-06-09 13:45:00,1549.03,1549.03,1548.96,1548.96,-0.0,37.22,57828.77,-1
2024-06-09,2024-06-09 13:46:00,1548.96,1548.96,1548.9,1548.9,-0.0,37.22,57828.77,-1
2024-06-09,2024-06-09 13:47:00,1548.9,1548.9,1548.83,1548.83,-0.0,37.22,57828.77,-1
2024-06-09,2024-06-09 13:48:00,1548.83,1548.83,1548.76,1548.76,-0.0,37.22,57828.77,-1
2024-06-09,2024-06-09 13:49:00,1548.76,1548.76,1548.7,1548.7,-0.0,37.22,57828.77,-1
2024-06-09,2024-06-09 13:50:00,1548.7,1548.7,1548.63,1548.63,-0.0,37.22,57828.77,-1
2024-06-09,2024-06-09 13:51:00,1548.63,1548.63,1548.56,1548.56,-0.0,37.22,57828.77,-1
2024-06-09,2024-06-09 13:52:00,1548.56,1548.56,1548.49,1548.49,-0.0,37.22,57828.77,-1
2024-06-09,2024-06-09 13:53:00,1548.49,1548.49,1548.43,1548.43,-0.0,37.22,57828.77,-1
2024-06-09,2024-06-09 13:54:00,1548.43,1548.43,1548.36,1548.36,-0.0,37.22,57828.77,-1
2024-06-09,2024-06-09 13:55:00,1548.36,1548.36,1548.29,1548.29,-0.0,37.22,57828.77,-1
2024-06-09,2024-06-09 13:56:00,1548.29,1548.29,1548.23,1548.23,-0.0,37.22,57828.77,-1
2024-06-09,2024-06-09 13:57:00,1548.23,1548.23,1548.16,1548.16,-0.0,37.22,57828.77,-1
2024-06-09,2024-06-09 13:58:00,1548.16,1548.16,1548.09,1548.09,-0.0,37.22,57828.77,-1
2024-06-09,2024-06-09 13:59:00,1548.09,1548.09,1548.03,1548.03,-0.0,37.22,57828.77,-1
2024-06-09,2024-06-09 14:00:00,1548.03,1548.03,1547.96,1547.96,-0.0,37.22,57828.77,-1
2024-06-09,2024-06-09 14:01:00,1547.96,1547.96,1547.89,1547.89,-0.0,37.22,57828.77,-1
2024-06-09,2024-06-09 14:02:00,1547.89,1547.89,1547.82,1547.82,-0.0,37.22,57828.77,-1
2024-06-09,2024-06-09 14:03:00,1547.82,1547.82,1547.76,1547.76,-0.0,37.22,57828.77,-1
2024-06-09,2024-06-09 14:04:00,1547.76,1547.76,1547.69,1547.69,-0.0,37.22,57828.77,-1
2024-06-09,2024-06-09 14:05:00,1547.69,1547.69,1547.62,1547.62,-0.0,37.22,57828.77,-1
2024-06-09,2024-06-09 14:06:00,1547.62,1547.62,1547.56,1547.56,-0.0,37.22,57828.77,-1
2024-06-09,2024-06-09 14:07:00,1547.56,1547.56,1547.49,1547.49,-0.0,37.22,57828.77,-1
2024-06-09,2024-06-09 14:08:00,1547.49,1547.49,1547.42,1547.42,-0.0,37.22,57828.77,-1
2024-06-09,2024-06-09 14:09:00,1547.42,1547.42,1547.35,1547.35,-0.0,37.22,57828.77,-1
2024-06-09,2024-06-09 14:10:00,1547.35,1547.35,1547.29,1547.29,-0.0,37.22,57828.77,-1
2024-06-09,2024-06-09 14:11:00,1547.29,1547.29,1547.22,1547.22,-0.0,37.22,57828.77,-1
2024-06-09,2024-06-09 14:12:00,1547.22,1547.22,1547.15,1547.15,-0.0,37.22,57828.77,-1
2024-06-09,2024-06-09 14:13:00,1547.15,1547.15,1547.09,1547.09,-0.0,37.22,57828.77,-1
2024-06-09,2024-06-09 14:14:00,1547.09,1547.09,1547.02,1547.02,-0.0,37.22,57828.77,-1
2024-06-09,2024-06-09 14:15:00,1547.02,1547.02,1546.95,1546.95,-0.0,37.22,57828.77,-1
2024-06-09,2024-06-09 14:16:00,1546.95,1546.95,1546.88,1546.88,-0.0,37.22,57828.77,-1
2024-06-09,2024-06-09 14:17:00,1546.88,1546.88,1546.82,1546.82,-0.0,37.22,57828.77,-1
2024-06-09,2024-06-09 14:18:00,1546.82,1546.82,1546.75,1546.75,-0.0,37.22,57828.77,-1
2024-06-09,2024-06-09 14:19:00,1546.75,1546.75,1546.68,1546.68,-0.0,37.22,57828.77,-1
2024-06-09,2024-06-09 14:20:00,1546.68,1546.68,1546.62,1546.62,-0.0,37.22,57828.77,-1
2024-06-09,2024-06-09 14:21:00,1546.62,1546.62,1546.55,1546.55,-0.0,37.22,57828.77,-1
2024-06-09,2024-06-09 14:22:00,1546.55,1546.55,1546.48,1546.48,-0.0,37.22,57828.77,-1
2024-06-09,2024-06-09 14:23:00,1546.48,1546.48,1546.41,1546.41,-0.0,37.22,57828.77,-1
2024-06-09,2024-06-09 14:24:00,1546.41,1546.41,1546.35,1546.35,-0.0,37.22,57828.77,-1
2024-06-09,2024-06-09 14:25:00,1546.35,1546.35,1546.28,1546.28,-0.0,37.22,57828.77,-1
2024-06-09,2024-06-09 14:26:00,1546.28,1546.28,1546.21,1546.21,-0.0,37.22,57828.77,-1
2024-06-09,2024-06-09 14:27:00,1546.21,1546.21,1546.15,1546.15,-0.0,37.22,57828.77,-1
2024-06-09,2024-06-09 14:28:00,1546.15,1546.15,1546.08,1546.08,-0.0,37.22,57828.77,-1
2024-06-09,2024-06-09 14:29:00,1546.08,1546.08,1546.01,1546.01,-0.0,37.22,57828.77,-1
2024-06-09,2024-06-09 14:30:00,1546.01,1546.01,1545.95,1545.95,-0.0,37.22,57828.77,-1
2024-06-09,2024-06-09 14:31:00,1545.95,1545.95,1545.88,1545.88,-0.0,37.22,57828.77,-1
2024-06-09,2024-06-09 14:32:00,1545.88,1545.88,1545.81,1545.81,-0.0,37.22,57828.77,-1
2024-06-09,2024-06-09 14:33:00,1545.81,1545.81,1545.74,1545.74,-0.0,37.22,57828.77,-1
2024-06-09,2024-06-09 14:34:00,1545.74,1545.74,1545.68,1545.68,-0.0,37.22,57828.77,-1
2024-06-09,2024-06-09 14:35:00,1545.68,1545.68,1545.61,1545.61,-0.0,37.22,57828.77,-1
2024-06-09,2024-06-09 14:36:00,1545.61,1545.61,1545.54,1545.54,-0.0,37.22,57828.77,-1
2024-06-09,2024-06-09 14:37:00,1545.54,1545.54,1545.48,1545.48,-0.0,37.22,57828.77,-1
2024-06-09,2024-06-09 14:38:00,1545.48,1545.48,1545.41,1545.41,-0.0,37.22,57828.77,-1
2024-06-09,2024-06-09 14:39:00,1545.41,1545.41,1545.34,1545.34,-0.0,37.22,57828.77,-1
2024-06-09,2024-06-09 14:40:00,1545.34,1545.34,1545.27,1545.27,-0.0,37.22,57828.77,-1
2024-06-09,2024-06-09 14:41:00,1545.27,1545.27,1545.21,1545.21,-0.0,37.22,57828.77,-1
2024-06-09,2024-06-09 14:42:00,1545.21,1545.21,1545.14,1545.14,-0.0,37.22,57828.77,-1
2024-06-09,2024-06-09 14:43:00,1545.14,1545.14,1545.07,1545.07,-0.0,37.22,57828.77,-1
2024-06-09,2024-06-09 14:44:00,1545.07,1545.07,1545.01,1545.01,-0.0,37.22,57828.77,-1
2024-06-09,2024-06-09 14:45:00,1545.01,1545.01,1544.94,1544.94,-0.0,37.22,57828.77,-1
2024-06-09,2024-06-09 14:46:00,1544.94,1544.94,1544.87,1544.87,-0.0,37.22,57828.77,-1
2024-06-09,2024-06-09 14:47:00,1544.87,1544.87,1544.81,1544.81,-0.0,37.22,57828.77,-1
2024-06-09,2024-06-09 14:48:00,1544.81,1544.81,1544.74,1544.74,-0.0,37.22,57828.77,-1
2024-06-09,2024-06-09 14:49:00,1544.74,1544.74,1544.67,1544.67,-0.0,37.22,57828.77,-1
2024-06-09,2024-06-09 14:50:00,1544.67,1544.67,1544.6,1544.6,-0.0,37.22,57828.77,-1
2024-06-09,2024-06-09 14:51:00,1544.6,1544.6,1544.54,1544.54,-0.0,37.22,57828.77,-1
2024-06-09,2024-06-09 14:52:00,1544.54,1544.54,1544.47,1544.47,-0.0,37.22,57828.77,-1
2024-06-09,2024-06-09 14:53:00,1544.47,1544.47,1544.4,1544.4,-0.0,37.22,57828.77,-1
2024-06-09,2024-06-09 14:54:00,1544.4,1544.4,1544.34,1544.34,-0.0,37.22,57828.77,-1
2024-06-09,2024-06-09 14:55:00,1544.34,1544.34,1544.27,1544.27,-0.0,37.22,57828.77,-1
2024-06-09,2024-06-09 14:56:00,1544.27,1544.27,1544.2,1544.2,-0.0,37.22,57828.77,-1
2024-06-09,2024-06-09 14:57:00,1544.2,1544.2,1544.13,1544.13,-0.0,37.22,57828.77,-1
2024-06-09,2024-06-09 14:58:00,1544.13,1544.13,1544.07,1544.07,-0.0,37.22,57828.77,-1
2024-06-09,2024-06-09 14:59:00,1544.07,1544.07,1544.0,1544.0,-0.0,37.22,57828.77,-1
2024-06-09,2024-06-09 15:00:00,1544.0,1584.0,1530.0,1544.0,0.0,37.22,57828.77,0
2024-06-10,2024-06-10 11:00:00,1517.0,1532.9,1517.0,1517.12,0.01,16.61,25523.67,1
2024-06-10,2024-06-10 11:01:00,1517.12,1517.24,1517.12,1517.24,0.01,16.61,25523.67,1
2024-06-10,2024-06-10 11:02:00,1517.24,1517.36,1517.24,1517.36,0.01,16.61,25523.67,1
2024-06-10,2024-06-10 11:03:00,1517.36,1517.48,1517.36,1517.48,0.01,16.61,25523.67,1
2024-06-10,2024-06-10 11:04:00,1517.48,1517.6,1517.48,1517.6,0.01,16.61,25523.67,1
2024-06-10,2024-06-10 11:05:00,1517.6,1517.72,1517.6,1517.72,0.01,16.61,25523.67,1
2024-06-10,2024-06-10 11:06:00,1517.72,1517.85,1517.72,1517.85,0.01,16.61,25523.67,1
2024-06-10,2024-06-10 11:07:00,1517.85,1517.97,1517.85,1517.97,0.01,16.61,25523.67,1
2024-06-10,2024-06-10 11:08:00,1517.97,1518.09,1517.97,1518.09,0.01,16.61,25523.67,1
2024-06-10,2024-06-10 11:09:00,1518.09,1518.21,1518.09,1518.21,0.01,16.61,25523.67,1
2024-06-10,2024-06-10 11:10:00,1518.21,1518.33,1518.21,1518.33,0.01,16.61,25523.67,1
2024-06-10,2024-06-10 11:11:00,1518.33,1518.45,1518.33,1518.45,0.01,16.61,25523.67,1
2024-06-10,2024-06-10 11:12:00,1518.45,1518.57,1518.45,1518.57,0.01,16.61,25523.67,1
2024-06-10,2024-06-10 11:13:00,1518.57,1518.69,1518.57,1518.69,0.01,16.61,25523.67,1
2024-06-10,2024-06-10 11:14:00,1518.69,1518.81,1518.69,1518.81,0.01,16.61,25523.67,1
2024-06-10,2024-06-10 11:15:00,1518.81,1518.93,1518.81,1518.93,0.01,16.61,25523.67,1
2024-06-10,2024-06-10 11:16:00,1518.93,1519.05,1518.93,1519.05,0.01,16.61,25523.67,1
2024-06-10,2024-06-10 11:17:00,1519.05,1519.17,1519.05,1519.17,0.01,16.61,25523.67,1
2024-06-10,2024-06-10 11:18:00,1519.17,1519.3,1519.17,1519.3,0.01,16.61,25523.67,1
2024-06-10,2024-06-10 11:19:00,1519.3,1519.42,1519.3,1519.42,0.01,16.61,25523.67,1
2024-06-10,2024-06-10 11:20:00,1519.42,1519.54,1519.42,1519.54,0.01,16.61,25523.67,1
2024-06-10,2024-06-10 11:21:00,1519.54,1519.66,1519.54,1519.66,0.01,16.61,25523.67,1
2024-06-10,2024-06-10 11:22:00,1519.66,1519.78,1519.66,1519.78,0.01,16.61,25523.67,1
2024-06-10,2024-06-10 11:23:00,1519.78,1519.9,1519.78,1519.9,0.01,16.61,25523.67,1
2024-06-10,2024-06-10 11:24:00,1519.9,1520.02,1519.9,1520.02,0.01,16.61,25523.67,1
2024-06-10,2024-06-10 11:25:00,1520.02,1520.14,1520.02,1520.14,0.01,16.61,25523.67,1
2024-06-10,2024-06-10 11:26:00,1520.14,1520.26,1520.14,1520.26,0.01,16.61,25523.67,1
2024-06-10,2024-06-10 11:27:00,1520.26,1520.38,1520.26,1520.38,0.01,16.61,25523.67,1
2024-06-10,2024-06-10 11:28:00,1520.38,1520.5,1520.38,1520.5,0.01,16.61,25523.67,1
2024-06-10,2024-06-10 11:29:00,1520.5,1520.62,1520.5,1520.62,0.01,16.61,25523.67,1
2024-06-10,2024-06-10 11:30:00,1520.62,1520.75,1520.62,1520.75,0.01,16.61,25523.67,1
2024-06-10,2024-06-10 11:31:00,1520.75,1520.87,1520.75,1520.87,0.01,16.61,25523.67,1
2024-06-10,2024-06-10 11:32:00,1520.87,1520.99,1520.87,1520.99,0.01,16.61,25523.67,1
2024-06-10,2024-06-10 11:33:00,1520.99,1521.11,1520.99,1521.11,0.01,16.61,25523.67,1
2024-06-10,2024-06-10 11:34:00,1521.11,1521.23,1521.11,1521.23,0.01,16.61,25523.67,1
2024-06-10,2024-06-10 11:35:00,1521.23,1521.35,1521.23,1521.35,0.01,16.61,25523.67,1
2024-06-10,2024-06-10 11:36:00,1521.35,1521.47,1521.35,1521.47,0.01,16.61,25523.67,1
2024-06-10,2024-06-10 11:37:00,1521.47,1521.59,1521.47,1521.59,0.01,16.61,25523.67,1
2024-06-10,2024-06-10 11:38:00,1521.59,1521.71,1521.59,1521.71,0.01,16.61,25523.67,1
2024-06-10,2024-06-10 11:39:00,1521.71,1521.83,1521.71,1521.83,0.01,16.61,25523.67,1
2024-06-10,2024-06-10 11:40:00,1521.83,1521.95,1521.83,1521.95,0.01,16.61,25523.67,1
2024-06-10,2024-06-10 11:41:00,1521.95,1522.08,1521.95,1522.08,0.01,16.61,25523.67,1
2024-06-10,2024-06-10 11:42:00,1522.08,1522.2,1522.08,1522.2,0.01,16.61,25523.67,1
2024-06-10,2024-06-10 11:43:00,1522.2,1522.32,1522.2,1522.32,0.01,16.61,25523.67,1
2024-06-10,2024-06-10 11:44:00,1522.32,1522.44,1522.32,1522.44,0.01,16.61,25523.67,1
2024-06-10,2024-06-10 11:45:00,1522.44,1522.56,1522.44,1522.56,0.01,16.61,25523.67,1
2024-06-10,2024-06-10 11:46:00,1522.56,1522.68,1522.56,1522.68,0.01,16.61,25523.67,1
2024-06-10,2024-06-10 11:47:00,1522.68,1522.8,1522.68,1522.8,0.01,16.61,25523.67,1
2024-06-10,2024-06-10 11:48:00,1522.8,1522.92,1522.8,1522.92,0.01,16.61,25523.67,1
2024-06-10,2024-06-10 11:49:00,1522.92,1523.04,1522.92,1523.04,0.01,16.61,25523.67,1
2024-06-10,2024-06-10 11:50:00,1523.04,1523.16,1523.04,1523.16,0.01,16.61,25523.67,1
2024-06-10,2024-06-10 11:51:00,1523.16,1523.28,1523.16,1523.28,0.01,16.61,25523.67,1
2024-06-10,2024-06-10 11:52:00,1523.28,1523.4,1523.28,1523.4,0.01,16.61,25523.67,1
2024-06-10,2024-06-10 11:53:00,1523.4,1523.53,1523.4,1523.53,0.01,16.61,25523.67,1
2024-06-10,2024-06-10 11:54:00,1523.53,1523.65,1523.53,1523.65,0.01,16.61,25523.67,1
2024-06-10,2024-06-10 11:55:00,1523.65,1523.77,1523.65,1523.77,0.01,16.61,25523.67,1
2024-06-10,2024-06-10 11:56:00,1523.77,1523.89,1523.77,1523.89,0.01,16.61,25523.67,1
2024-06-10,2024-06-10 11:57:00,1523.89,1524.01,1523.89,1524.01,0.01,16.61,25523.67,1
2024-06-10,2024-06-10 11:58:00,1524.01,1524.13,1524.01,1524.13,0.01,16.61,25523.67,1
2024-06-10,2024-06-10 11:59:00,1524.13,1524.25,1524.13,1524.25,0.01,16.61,25523.67,1
2024-06-10,2024-06-10 12:00:00,1524.25,1524.37,1524.25,1524.37,0.01,16.61,25523.67,1
2024-06-10,2024-06-10 12:01:00,1524.37,1524.49,1524.37,1524.49,0.01,16.61,25523.67,1
2024-06-10,2024-06-10 12:02:00,1524.49,1524.61,1524.49,1524.61,0.01,16.61,25523.67,1
2024-06-10,2024-06-10 12:03:00,1524.61,1524.73,1524.61,1524.73,0.01,16.61,25523.67,1
2024-06-10,2024-06-10 12:04:00,1524.73,1524.85,1524.73,1524.85,0.01,16.61,25523.67,1
2024-06-10,2024-06-10 12:05:00,1524.85,1524.97,1524.85,1524.97,0.01,16.61,25523.67,1
2024-06-10,2024-06-10 12:06:00,1524.97,1525.1,1524.97,1525.1,0.01,16.61,25523.67,1
2024-06-10,2024-06-10 12:07:00,1525.1,1525.22,1525.1,1525.22,0.01,16.61,25523.67,1
2024-06-10,2024-06-10 12:08:00,1525.22,1525.34,1525.22,1525.34,0.01,16.61,25523.67,1
2024-06-10,2024-06-10 12:09:00,1525.34,1525.46,1525.34,1525.46,0.01,16.61,25523.67,1
2024-06-10,2024-06-10 12:10:00,1525.46,1525.58,1525.46,1525.58,0.01,16.61,25523.67,1
2024-06-10,2024-06-10 12:11:00,1525.58,1525.7,1525.58,1525.7,0.01,16.61,25523.67,1
2024-06-10,2024-06-10 12:12:00,1525.7,1525.82,1525.7,1525.82,0.01,16.61,25523.67,1
2024-06-10,2024-06-10 12:13:00,1525.82,1525.94,1525.82,1525.94,0.01,16.61,25523.67,1
2024-06-10,2024-06-10 12:14:00,1525.94,1526.06,1525.94,1526.06,0.01,16.61,25523.67,1
2024-06-10,2024-06-10 12:15:00,1526.06,1526.18,1526.06,1526.18,0.01,16.61,25523.67,1
2024-06-10,2024-06-10 12:16:00,1526.18,1526.3,1526.18,1526.3,0.01,16.61,25523.67,1
2024-06-10,2024-06-10 12:17:00,1526.3,1526.42,1526.3,1526.42,0.01,16.61,25523.67,1
2024-06-10,2024-06-10 12:18:00,1526.42,1526.55,1526.42,1526.55,0.01,16.61,25523.67,1
2024-06-10,2024-06-10 12:19:00,1526.55,1526.67,1526.55,1526.67,0.01,16.61,25523.67,1
2024-06-10,2024-06-10 12:20:00,1526.67,1526.79,1526.67,1526.79,0.01,16.61,25523.67,1
2024-06-10,2024-06-10 12:21:00,1526.79,1526.91,1526.79,1526.91,0.01,16.61,25523.67,1
2024-06-10,2024-06-10 12:22:00,1526.91,1527.03,1526.91,1527.03,0.01,16.61,25523.67,1
2024-06-10,2024-06-10 12:23:00,1527.03,1527.15,1527.03,1527.15,0.01,16.61,25523.67,1
2024-06-10,2024-06-10 12:24:00,1527.15,1527.27,1527.15,1527.27,0.01,16.61,25523.67,1
2024-06-10,2024-06-10 12:25:00,1527.27,1527.39,1527.27,1527.39,0.01,16.61,25523.67,1
2024-06-10,2024-06-10 12:26:00,1527.39,1527.51,1527.39,1527.51,0.01,16.61,25523.67,1
2024-06-10,2024-06-10 12:27:00,1527.51,1527.63,1527.51,1527.63,0.01,16.61,25523.67,1
2024-06-10,2024-06-10 12:28:00,1527.63,1527.75,1527.63,1527.75,0.01,16.61,25523.67,1
2024-06-10,2024-06-10 12:29:00,1527.75,1527.88,1527.75,1527.88,0.01,16.61,25523.67,1
2024-06-10,2024-06-10 12:30:00,1527.88,1528.0,1527.88,1528.0,0.01,16.61,25523.67,1
2024-06-10,2024-06-10 12:31:00,1528.0,1528.12,1528.0,1528.12,0.01,16.61,25523.67,1
2024-06-10,2024-06-10 12:32:00,1528.12,1528.24,1528.12,1528.24,0.01,16.61,25523.67,1
2024-06-10,2024-06-10 12:33:00,1528.24,1528.36,1528.24,1528.36,0.01,16.61,25523.67,1
2024-06-10,2024-06-10 12:34:00,1528.36,1528.48,1528.36,1528.48,0.01,16.61,25523.67,1
2024-06-10,2024-06-10 12:35:00,1528.48,1528.6,1528.48,1528.6,0.01,16.61,25523.67,1
2024-06-10,2024-06-10 12:36:00,1528.6,1528.72,1528.6,1528.72,0.01,16.61,25523.67,1
2024-06-10,2024-06-10 12:37:00,1528.72,1528.84,1528.72,1528.84,0.01,16.61,25523.67,1
2024-06-10,2024-06-10 12:38:00,1528.84,1528.96,1528.84,1528.96,0.01,16.61,25523.67,1
2024-06-10,2024-06-10 12:39:00,1528.96,1529.08,1528.96,1529.08,0.01,16.61,25523.67,1
2024-06-10,2024-06-10 12:40:00,1529.08,1529.2,1529.08,1529.2,0.01,16.61,25523.67,1
2024-06-10,2024-06-10 12:41:00,1529.2,1529.33,1529.2,1529.33,0.01,16.61,25523.67,1
2024-06-10,2024-06-10 12:42:00,1529.33,1529.45,1529.33,1529.45,0.01,16.61,25523.67,1
2024-06-10,2024-06-10 12:43:00,1529.45,1529.57,1529.45,1529.57,0.01,16.61,25523.67,1
2024-06-10,2024-06-10 12:44:00,1529.57,1529.69,1529.57,1529.69,0.01,16.61,25523.67,1
2024-06-10,2024-06-10 12:45:00,1529.69,1529.81,1529.69,1529.81,0.01,16.61,25523.67,1
2024-06-10,2024-06-10 12:46:00,1529.81,1529.93,1529.81,1529.93,0.01,16.61,25523.67,1
2024-06-10,2024-06-10 12:47:00,1529.93,1530.05,1529.93,1530.05,0.01,16.61,25523.67,1
2024-06-10,2024-06-10 12:48:00,1530.05,1530.17,1530.05,1530.17,0.01,16.61,25523.67,1
2024-06-10,2024-06-10 12:49:00,1530.17,1530.29,1530.17,1530.29,0.01,16.61,25523.67,1
2024-06-10,2024-06-10 12:50:00,1530.29,1530.41,1530.29,1530.41,0.01,16.61,25523.67,1
2024-06-10,2024-06-10 12:51:00,1530.41,1530.53,1530.41,1530.53,0.01,16.61,25523.67,1
2024-06-10,2024-06-10 12:52:00,1530.53,1530.65,1530.53,1530.65,0.01,16.61,25523.67,1
2024-06-10,2024-06-10 12:53:00,1530.65,1530.78,1530.65,1530.78,0.01,16.61,25523.67,1
2024-06-10,2024-06-10 12:54:00,1530.78,1530.9,1530.78,1530.9,0.01,16.61,25523.67,1
2024-06-10,2024-06-10 12:55:00,1530.9,1531.02,1530.9,1531.02,0.01,16.61,25523.67,1
2024-06-10,2024-06-10 12:56:00,1531.02,1531.14,1531.02,1531.14,0.01,16.61,25523.67,1
2024-06-10,2024-06-10 12:57:00,1531.14,1531.26,1531.14,1531.26,0.01,16.61,25523.67,1
2024-06-10,2024-06-10 12:58:00,1531.26,1531.38,1531.26,1531.38,0.01,16.61,25523.67,1
2024-06-10,2024-06-10 12:59:00,1531.38,1531.5,1531.38,1531.5,0.01,16.61,25523.67,1
2024-06-10,2024-06-10 13:00:00,1531.5,1570.0,1517.0,1531.62,0.01,16.61,25523.67,1
2024-06-10,2024-06-10 13:01:00,1531.62,1531.74,1531.62,1531.74,0.01,16.61,25523.67,1
2024-06-10,2024-06-10 13:02:00,1531.74,1531.86,1531.74,1531.86,0.01,16.61,25523.67,1
2024-06-10,2024-06-10 13:03:00,1531.86,1531.98,1531.86,1531.98,0.01,16.61,25523.67,1
2024-06-10,2024-06-10 13:04:00,1531.98,1532.1,1531.98,1532.1,0.01,16.61,25523.67,1
2024-06-10,2024-06-10 13:05:00,1532.1,1532.22,1532.1,1532.22,0.01,16.61,25523.67,1
2024-06-10,2024-06-10 13:06:00,1532.22,1532.35,1532.22,1532.35,0.01,16.61,25523.67,1
2024-06-10,2024-06-10 13:07:00,1532.35,1532.47,1532.35,1532.47,0.01,16.61,25523.67,1
2024-06-10,2024-06-10 13:08:00,1532.47,1532.59,1532.47,1532.59,0.01,16.61,25523.67,1
2024-06-10,2024-06-10 13:09:00,1532.59,1532.71,1532.59,1532.71,0.01,16.61,25523.67,1
2024-06-10,2024-06-10 13:10:00,1532.71,1532.83,1532.71,1532.83,0.01,16.61,25523.67,1
2024-06-10,2024-06-10 13:11:00,1532.83,1532.95,1532.83,1532.95,0.01,16.61,25523.67,1
2024-06-10,2024-06-10 13:12:00,1532.95,1533.07,1532.95,1533.07,0.01,16.61,25523.67,1
2024-06-10,2024-06-10 13:13:00,1533.07,1533.19,1533.07,1533.19,0.01,16.61,25523.67,1
2024-06-10,2024-06-10 13:14:00,1533.19,1533.31,1533.19,1533.31,0.01,16.61,25523.67,1
2024-06-10,2024-06-10 13:15:00,1533.31,1533.43,1533.31,1533.43,0.01,16.61,25523.67,1
2024-06-10,2024-06-10 13:16:00,1533.43,1533.55,1533.43,1533.55,0.01,16.61,25523.67,1
2024-06-10,2024-06-10 13:17:00,1533.55,1533.67,1533.55,1533.67,0.01,16.61,25523.67,1
2024-06-10,2024-06-10 13:18:00,1533.67,1533.8,1533.67,1533.8,0.01,16.61,25523.67,1
2024-06-10,2024-06-10 13:19:00,1533.8,1533.92,1533.8,1533.92,0.01,16.61,25523.67,1
2024-06-10,2024-06-10 13:20:00,1533.92,1534.04,1533.92,1534.04,0.01,16.61,25523.67,1
2024-06-10,2024-06-10 13:21:00,1534.04,1534.16,1534.04,1534.16,0.01,16.61,25523.67,1
2024-06-10,2024-06-10 13:22:00,1534.16,1534.28,1534.16,1534.28,0.01,16.61,25523.67,1
2024-06-10,2024-06-10 13:23:00,1534.28,1534.4,1534.28,1534.4,0.01,16.61,25523.67,1
2024-06-10,2024-06-10 13:24:00,1534.4,1534.52,1534.4,1534.52,0.01,16.61,25523.67,1
2024-06-10,2024-06-10 13:25:00,1534.52,1534.64,1534.52,1534.64,0.01,16.61,25523.67,1
2024-06-10,2024-06-10 13:26:00,1534.64,1534.76,1534.64,1534.76,0.01,16.61,25523.67,1
2024-06-10,2024-06-10 13:27:00,1534.76,1534.88,1534.76,1534.88,0.01,16.61,25523.67,1
2024-06-10,2024-06-10 13:28:00,1534.88,1535.0,1534.88,1535.0,0.01,16.61,25523.67,1
2024-06-10,2024-06-10 13:29:00,1535.0,1535.12,1535.0,1535.12,0.01,16.61,25523.67,1
2024-06-10,2024-06-10 13:30:00,1535.12,1535.25,1535.12,1535.25,0.01,16.61,25523.67,1
2024-06-10,2024-06-10 13:31:00,1535.25,1535.37,1535.25,1535.37,0.01,16.61,25523.67,1
2024-06-10,2024-06-10 13:32:00,1535.37,1535.49,1535.37,1535.49,0.01,16.61,25523.67,1
2024-06-10,2024-06-10 13:33:00,1535.49,1535.61,1535.49,1535.61,0.01,16.61,25523.67,1
2024-06-10,2024-06-10 13:34:00,1535.61,1535.73,1535.61,1535.73,0.01,16.61,25523.67,1
2024-06-10,2024-06-10 13:35:00,1535.73,1535.85,1535.73,1535.85,0.01,16.61,25523.67,1
2024-06-10,2024-06-10 13:36:00,1535.85,1535.97,1535.85,1535.97,0.01,16.61,25523.67,1
2024-06-10,2024-06-10 13:37:00,1535.97,1536.09,1535.97,1536.09,0.01,16.61,25523.67,1
2024-06-10,2024-06-10 13:38:00,1536.09,1536.21,1536.09,1536.21,0.01,16.61,25523.67,1
2024-06-10,2024-06-10 13:39:00,1536.21,1536.33,1536.21,1536.33,0.01,16.61,25523.67,1
2024-06-10,2024-06-10 13:40:00,1536.33,1536.45,1536.33,1536.45,0.01,16.61,25523.67,1
2024-06-10,2024-06-10 13:41:00,1536.45,1536.58,1536.45,1536.58,0.01,16.61,25523.67,1
2024-06-10,2024-06-10 13:42:00,1536.58,1536.7,1536.58,1536.7,0.01,16.61,25523.67,1
2024-06-10,2024-06-10 13:43:00,1536.7,1536.82,1536.7,1536.82,0.01,16.61,25523.67,1
2024-06-10,2024-06-10 13:44:00,1536.82,1536.94,1536.82,1536.94,0.01,16.61,25523.67,1
2024-06-10,2024-06-10 13:45:00,1536.94,1537.06,1536.94,1537.06,0.01,16.61,25523.67,1
2024-06-10,2024-06-10 13:46:00,1537.06,1537.18,1537.06,1537.18,0.01,16.61,25523.67,1
2024-06-10,2024-06-10 13:47:00,1537.18,1537.3,1537.18,1537.3,0.01,16.61,25523.67,1
2024-06-10,2024-06-10 13:48:00,1537.3,1537.42,1537.3,1537.42,0.01,16.61,25523.67,1
2024-06-10,2024-06-10 13:49:00,1537.42,1537.54,1537.42,1537.54,0.01,16.61,25523.67,1
2024-06-10,2024-06-10 13:50:00,1537.54,1537.66,1537.54,1537.66,0.01,16.61,25523.67,1
2024-06-10,2024-06-10 13:51:00,1537.66,1537.78,1537.66,1537.78,0.01,16.61,25523.67,1
2024-06-10,2024-06-10 13:52:00,1537.78,1537.9,1537.78,1537.9,0.01,16.61,25523.67,1
2024-06-10,2024-06-10 13:53:00,1537.9,1538.03,1537.9,1538.03,0.01,16.61,25523.67,1
2024-06-10,2024-06-10 13:54:00,1538.03,1538.15,1538.03,1538.15,0.01,16.61,25523.67,1
2024-06-10,2024-06-10 13:55:00,1538.15,1538.27,1538.15,1538.27,0.01,16.61,25523.67,1
2024-06-10,2024-06-10 13:56:00,1538.27,1538.39,1538.27,1538.39,0.01,16.61,25523.67,1
2024-06-10,2024-06-10 13:57:00,1538.39,1538.51,1538.39,1538.51,0.01,16.61,25523.67,1
2024-06-10,2024-06-10 13:58:00,1538.51,1538.63,1538.51,1538.63,0.01,16.61,25523.67,1
2024-06-10,2024-06-10 13:59:00,1538.63,1538.75,1538.63,1538.75,0.01,16.61,25523.67,1
2024-06-10,2024-06-10 14:00:00,1538.75,1538.87,1538.75,1538.87,0.01,16.61,25523.67,1
2024-06-10,2024-06-10 14:01:00,1538.87,1538.99,1538.87,1538.99,0.01,16.61,25523.67,1
2024-06-10,2024-06-10 14:02:00,1538.99,1539.11,1538.99,1539.11,0.01,16.61,25523.67,1
2024-06-10,2024-06-10 14:03:00,1539.11,1539.23,1539.11,1539.23,0.01,16.61,25523.67,1
2024-06-10,2024-06-10 14:04:00,1539.23,1539.35,1539.23,1539.35,0.01,16.61,25523.67,1
2024-06-10,2024-06-10 14:05:00,1539.35,1539.47,1539.35,1539.47,0.01,16.61,25523.67,1
2024-06-10,2024-06-10 14:06:00,1539.47,1539.6,1539.47,1539.6,0.01,16.61,25523.67,1
2024-06-10,2024-06-10 14:07:00,1539.6,1539.72,1539.6,1539.72,0.01,16.61,25523.67,1
2024-06-10,2024-06-10 14:08:00,1539.72,1539.84,1539.72,1539.84,0.01,16.61,25523.67,1
2024-06-10,2024-06-10 14:09:00,1539.84,1539.96,1539.84,1539.96,0.01,16.61,25523.67,1
2024-06-10,2024-06-10 14:10:00,1539.96,1540.08,1539.96,1540.08,0.01,16.61,25523.67,1
2024-06-10,2024-06-10 14:11:00,1540.08,1540.2,1540.08,1540.2,0.01,16.61,25523.67,1
2024-06-10,2024-06-10 14:12:00,1540.2,1540.32,1540.2,1540.32,0.01,16.61,25523.67,1
2024-06-10,2024-06-10 14:13:00,1540.32,1540.44,1540.32,1540.44,0.01,16.61,25523.67,1
2024-06-10,2024-06-10 14:14:00,1540.44,1540.56,1540.44,1540.56,0.01,16.61,25523.67,1
2024-06-10,2024-06-10 14:15:00,1540.56,1540.68,1540.56,1540.68,0.01,16.61,25523.67,1
2024-06-10,2024-06-10 14:16:00,1540.68,1540.8,1540.68,1540.8,0.01,16.61,25523.67,1
2024-06-10,2024-06-10 14:17:00,1540.8,1540.92,1540.8,1540.92,0.01,16.61,25523.67,1
2024-06-10,2024-06-10 14:18:00,1540.92,1541.05,1540.92,1541.05,0.01,16.61,25523.67,1
2024-06-10,2024-06-10 14:19:00,1541.05,1541.17,1541.05,1541.17,0.01,16.61,25523.67,1
2024-06-10,2024-06-10 14:20:00,1541.17,1541.29,1541.17,1541.29,0.01,16.61,25523.67,1
2024-06-10,2024-06-10 14:21:00,1541.29,1541.41,1541.29,1541.41,0.01,16.61,25523.67,1
2024-06-10,2024-06-10 14:22:00,1541.41,1541.53,1541.41,1541.53,0.01,16.61,25523.67,1
2024-06-10,2024-06-10 14:23:00,1541.53,1541.65,1541.53,1541.65,0.01,16.61,25523.67,1
2024-06-10,2024-06-10 14:24:00,1541.65,1541.77,1541.65,1541.77,0.01,16.61,25523.67,1
2024-06-10,2024-06-10 14:25:00,1541.77,1541.89,1541.77,1541.89,0.01,16.61,25523.67,1
2024-06-10,2024-06-10 14:26:00,1541.89,1542.01,1541.89,1542.01,0.01,16.61,25523.67,1
2024-06-10,2024-06-10 14:27:00,1542.01,1542.13,1542.01,1542.13,0.01,16.61,25523.67,1
2024-06-10,2024-06-10 14:28:00,1542.13,1542.25,1542.13,1542.25,0.01,16.61,25523.67,1
2024-06-10,2024-06-10 14:29:00,1542.25,1542.38,1542.25,1542.38,0.01,16.61,25523.67,1
2024-06-10,2024-06-10 14:30:00,1542.38,1542.5,1542.38,1542.5,0.01,16.61,25523.67,1
2024-06-10,2024-06-10 14:31:00,1542.5,1542.62,1542.5,1542.62,0.01,16.61,25523.67,1
2024-06-10,2024-06-10 14:32:00,1542.62,1542.74,1542.62,1542.74,0.01,16.61,25523.67,1
2024-06-10,2024-06-10 14:33:00,1542.74,1542.86,1542.74,1542.86,0.01,16.61,25523.67,1
2024-06-10,2024-06-10 14:34:00,1542.86,1542.98,1542.86,1542.98,0.01,16.61,25523.67,1
2024-06-10,2024-06-10 14:35:00,1542.98,1543.1,1542.98,1543.1,0.01,16.61,25523.67,1
2024-06-10,2024-06-10 14:36:00,1543.1,1543.22,1543.1,1543.22,0.01,16.61,25523.67,1
2024-06-10,2024-06-10 14:37:00,1543.22,1543.34,1543.22,1543.34,0.01,16.61,25523.67,1
2024-06-10,2024-06-10 14:38:00,1543.34,1543.46,1543.34,1543.46,0.01,16.61,25523.67,1
2024-06-10,2024-06-10 14:39:00,1543.46,1543.58,1543.46,1543.58,0.01,16.61,25523.67,1
2024-06-10,2024-06-10 14:40:00,1543.58,1543.7,1543.58,1543.7,0.01,16.61,25523.67,1
2024-06-10,2024-06-10 14:41:00,1543.7,1543.83,1543.7,1543.83,0.01,16.61,25523.67,1
2024-06-10,2024-06-10 14:42:00,1543.83,1543.95,1543.83,1543.95,0.01,16.61,25523.67,1
2024-06-10,2024-06-10 14:43:00,1543.95,1544.07,1543.95,1544.07,0.01,16.61,25523.67,1
2024-06-10,2024-06-10 14:44:00,1544.07,1544.19,1544.07,1544.19,0.01,16.61,25523.67,1
2024-06-10,2024-06-10 14:45:00,1544.19,1544.31,1544.19,1544.31,0.01,16.61,25523.67,1
2024-06-10,2024-06-10 14:46:00,1544.31,1544.43,1544.31,1544.43,0.01,16.61,25523.67,1
2024-06-10,2024-06-10 14:47:00,1544.43,1544.55,1544.43,1544.55,0.01,16.61,25523.67,1
2024-06-10,2024-06-10 14:48:00,1544.55,1544.67,1544.55,1544.67,0.01,16.61,25523.67,1
2024-06-10,2024-06-10 14:49:00,1544.67,1544.79,1544.67,1544.79,0.01,16.61,25523.67,1
2024-06-10,2024-06-10 14:50:00,1544.79,1544.91,1544.79,1544.91,0.01,16.61,25523.67,1
2024-06-10,2024-06-10 14:51:00,1544.91,1545.03,1544.91,1545.03,0.01,16.61,25523.67,1
2024-06-10,2024-06-10 14:52:00,1545.03,1545.15,1545.03,1545.15,0.01,16.61,25523.67,1
2024-06-10,2024-06-10 14:53:00,1545.15,1545.28,1545.15,1545.28,0.01,16.61,25523.67,1
2024-06-10,2024-06-10 14:54:00,1545.28,1545.4,1545.28,1545.4,0.01,16.61,25523.67,1
2024-06-10,2024-06-10 14:55:00,1545.4,1545.52,1545.4,1545.52,0.01,16.61,25523.67,1
2024-06-10,2024-06-10 14:56:00,1545.52,1545.64,1545.52,1545.64,0.01,16.61,25523.67,1
2024-06-10,2024-06-10 14:57:00,1545.64,1545.76,1545.64,1545.76,0.01,16.61,25523.67,1
2024-06-10,2024-06-10 14:58:00,1545.76,1545.88,1545.76,1545.88,0.01,16.61,25523.67,1
2024-06-10,2024-06-10 14:59:00,1545.88,1546.0,1545.88,1546.0,0.01,16.61,25523.67,1
2024-06-10,2024-06-10 15:00:00,1546.0,1570.0,1517.0,1546.0,0.0,16.61,25523.67,0
2024-06-11,2024-06-11 11:00:00,1574.0,1574.0,1560.8,1573.9,-0.01,23.52,36361.04,-1
2024-06-11,2024-06-11 11:01:00,1573.9,1573.9,1573.8,1573.8,-0.01,23.52,36361.04,-1
2024-06-11,2024-06-11 11:02:00,1573.8,1573.8,1573.7,1573.7,-0.01,23.52,36361.04,-1
2024-06-11,2024-06-11 11:03:00,1573.7,1573.7,1573.6,1573.6,-0.01,23.52,36361.04,-1
2024-06-11,2024-06-11 11:04:00,1573.6,1573.6,1573.5,1573.5,-0.01,23.52,36361.04,-1
2024-06-11,2024-06-11 11:05:00,1573.5,1573.5,1573.4,1573.4,-0.01,23.52,36361.04,-1
2024-06-11,2024-06-11 11:06:00,1573.4,1573.4,1573.3,1573.3,-0.01,23.52,36361.04,-1
2024-06-11,2024-06-11 11:07:00,1573.3,1573.3,1573.2,1573.2,-0.01,23.52,36361.04,-1
2024-06-11,2024-06-11 11:08:00,1573.2,1573.2,1573.1,1573.1,-0.01,23.52,36361.04,-1
2024-06-11,2024-06-11 11:09:00,1573.1,1573.1,1573.0,1573.0,-0.01,23.52,36361.04,-1
2024-06-11,2024-06-11 11:10:00,1573.0,1573.0,1572.9,1572.9,-0.01,23.52,36361.04,-1
2024-06-11,2024-06-11 11:11:00,1572.9,1572.9,1572.8,1572.8,-0.01,23.52,36361.04,-1
2024-06-11,2024-06-11 11:12:00,1572.8,1572.8,1572.7,1572.7,-0.01,23.52,36361.04,-1
2024-06-11,2024-06-11 11:13:00,1572.7,1572.7,1572.6,1572.6,-0.01,23.52,36361.04,-1
2024-06-11,2024-06-11 11:14:00,1572.6,1572.6,1572.5,1572.5,-0.01,23.52,36361.04,-1
2024-06-11,2024-06-11 11:15:00,1572.5,1572.5,1572.4,1572.4,-0.01,23.52,36361.04,-1
2024-06-11,2024-06-11 11:16:00,1572.4,1572.4,1572.3,1572.3,-0.01,23.52,36361.04,-1
2024-06-11,2024-06-11 11:17:00,1572.3,1572.3,1572.2,1572.2,-0.01,23.52,36361.04,-1
2024-06-11,2024-06-11 11:18:00,1572.2,1572.2,1572.1,1572.1,-0.01,23.52,36361.04,-1
2024-06-11,2024-06-11 11:19:00,1572.1,1572.1,1572.0,1572.0,-0.01,23.52,36361.04,-1
2024-06-11,2024-06-11 11:20:00,1572.0,1572.0,1571.9,1571.9,-0.01,23.52,36361.04,-1
2024-06-11,2024-06-11 11:21:00,1571.9,1571.9,1571.8,1571.8,-0.01,23.52,36361.04,-1
2024-06-11,2024-06-11 11:22:00,1571.8,1571.8,1571.7,1571.7,-0.01,23.52,36361.04,-1
2024-06-11,2024-06-11 11:23:00,1571.7,1571.7,1571.6,1571.6,-0.01,23.52,36361.04,-1
2024-06-11,2024-06-11 11:24:00,1571.6,1571.6,1571.5,1571.5,-0.01,23.52,36361.04,-1
2024-06-11,2024-06-11 11:25:00,1571.5,1571.5,1571.4,1571.4,-0.01,23.52,36361.04,-1
2024-06-11,2024-06-11 11:26:00,1571.4,1571.4,1571.3,1571.3,-0.01,23.52,36361.04,-1
2024-06-11,2024-06-11 11:27:00,1571.3,1571.3,1571.2,1571.2,-0.01,23.52,36361.04,-1
2024-06-11,2024-06-11 11:28:00,1571.2,1571.2,1571.1,1571.1,-0.01,23.52,36361.04,-1
2024-06-11,2024-06-11 11:29:00,1571.1,1571.1,1571.0,1571.0,-0.01,23.52,36361.04,-1
2024-06-11,2024-06-11 11:30:00,1571.0,1571.0,1570.9,1570.9,-0.01,23.52,36361.04,-1
2024-06-11,2024-06-11 11:31:00,1570.9,1570.9,1570.8,1570.8,-0.01,23.52,36361.04,-1
2024-06-11,2024-06-11 11:32:00,1570.8,1570.8,1570.7,1570.7,-0.01,23.52,36361.04,-1
2024-06-11,2024-06-11 11:33:00,1570.7,1570.7,1570.6,1570.6,-0.01,23.52,36361.04,-1
2024-06-11,2024-06-11 11:34:00,1570.6,1570.6,1570.5,1570.5,-0.01,23.52,36361.04,-1
2024-06-11,2024-06-11 11:35:00,1570.5,1570.5,1570.4,1570.4,-0.01,23.52,36361.04,-1
2024-06-11,2024-06-11 11:36:00,1570.4,1570.4,1570.3,1570.3,-0.01,23.52,36361.04,-1
2024-06-11,2024-06-11 11:37:00,1570.3,1570.3,1570.2,1570.2,-0.01,23.52,36361.04,-1
2024-06-11,2024-06-11 11:38:00,1570.2,1570.2,1570.1,1570.1,-0.01,23.52,36361.04,-1
2024-06-11,2024-06-11 11:39:00,1570.1,1570.1,1570.0,1570.0,-0.01,23.52,36361.04,-1
2024-06-11,2024-06-11 11:40:00,1570.0,1570.0,1569.9,1569.9,-0.01,23.52,36361.04,-1
2024-06-11,2024-06-11 11:41:00,1569.9,1569.9,1569.8,1569.8,-0.01,23.52,36361.04,-1
2024-06-11,2024-06-11 11:42:00,1569.8,1569.8,1569.7,1569.7,-0.01,23.52,36361.04,-1
2024-06-11,2024-06-11 11:43:00,1569.7,1569.7,1569.6,1569.6,-0.01,23.52,36361.04,-1
2024-06-11,2024-06-11 11:44:00,1569.6,1569.6,1569.5,1569.5,-0.01,23.52,36361.04,-1
2024-06-11,2024-06-11 11:45:00,1569.5,1569.5,1569.4,1569.4,-0.01,23.52,36361.04,-1
2024-06-11,2024-06-11 11:46:00,1569.4,1569.4,1569.3,1569.3,-0.01,23.52,36361.04,-1
2024-06-11,2024-06-11 11:47:00,1569.3,1569.3,1569.2,1569.2,-0.01,23.52,36361.04,-1
2024-06-11,2024-06-11 11:48:00,1569.2,1569.2,1569.1,1569.1,-0.01,23.52,36361.04,-1
2024-06-11,2024-06-11 11:49:00,1569.1,1569.1,1569.0,1569.0,-0.01,23.52,36361.04,-1
2024-06-11,2024-06-11 11:50:00,1569.0,1569.0,1568.9,1568.9,-0.01,23.52,36361.04,-1
2024-06-11,2024-06-11 11:51:00,1568.9,1568.9,1568.8,1568.8,-0.01,23.52,36361.04,-1
2024-06-11,2024-06-11 11:52:00,1568.8,1568.8,1568.7,1568.7,-0.01,23.52,36361.04,-1
2024-06-11,2024-06-11 11:53:00,1568.7,1568.7,1568.6,1568.6,-0.01,23.52,36361.04,-1
2024-06-11,2024-06-11 11:54:00,1568.6,1568.6,1568.5,1568.5,-0.01,23.52,36361.04,-1
2024-06-11,2024-06-11 11:55:00,1568.5,1568.5,1568.4,1568.4,-0.01,23.52,36361.04,-1
2024-06-11,2024-06-11 11:56:00,1568.4,1568.4,1568.3,1568.3,-0.01,23.52,36361.04,-1
2024-06-11,2024-06-11 11:57:00,1568.3,1568.3,1568.2,1568.2,-0.01,23.52,36361.04,-1
2024-06-11,2024-06-11 11:58:00,1568.2,1568.2,1568.1,1568.1,-0.01,23.52,36361.04,-1
2024-06-11,2024-06-11 11:59:00,1568.1,1568.1,1568.0,1568.0,-0.01,23.52,36361.04,-1
2024-06-11,2024-06-11 12:00:00,1568.0,1568.0,1567.9,1567.9,-0.01,23.52,36361.04,-1
2024-06-11,2024-06-11 12:01:00,1567.9,1567.9,1567.8,1567.8,-0.01,23.52,36361.04,-1
2024-06-11,2024-06-11 12:02:00,1567.8,1567.8,1567.7,1567.7,-0.01,23.52,36361.04,-1
2024-06-11,2024-06-11 12:03:00,1567.7,1567.7,1567.6,1567.6,-0.01,23.52,36361.04,-1
2024-06-11,2024-06-11 12:04:00,1567.6,1567.6,1567.5,1567.5,-0.01,23.52,36361.04,-1
2024-06-11,2024-06-11 12:05:00,1567.5,1567.5,1567.4,1567.4,-0.01,23.52,36361.04,-1
2024-06-11,2024-06-11 12:06:00,1567.4,1567.4,1567.3,1567.3,-0.01,23.52,36361.04,-1
2024-06-11,2024-06-11 12:07:00,1567.3,1567.3,1567.2,1567.2,-0.01,23.52,36361.04,-1
2024-06-11,2024-06-11 12:08:00,1567.2,1567.2,1567.1,1567.1,-0.01,23.52,36361.04,-1
2024-06-11,2024-06-11 12:09:00,1567.1,1567.1,1567.0,1567.0,-0.01,23.52,36361.04,-1
2024-06-11,2024-06-11 12:10:00,1567.0,1567.0,1566.9,1566.9,-0.01,23.52,36361.04,-1
2024-06-11,2024-06-11 12:11:00,1566.9,1566.9,1566.8,1566.8,-0.01,23.52,36361.04,-1
2024-06-11,2024-06-11 12:12:00,1566.8,1566.8,1566.7,1566.7,-0.01,23.52,36361.04,-1
2024-06-11,2024-06-11 12:13:00,1566.7,1566.7,1566.6,1566.6,-0.01,23.52,36361.04,-1
2024-06-11,2024-06-11 12:14:00,1566.6,1566.6,1566.5,1566.5,-0.01,23.52,36361.04,-1
2024-06-11,2024-06-11 12:15:00,1566.5,1566.5,1566.4,1566.4,-0.01,23.52,36361.04,-1
2024-06-11,2024-06-11 12:16:00,1566.4,1566.4,1566.3,1566.3,-0.01,23.52,36361.04,-1
2024-06-11,2024-06-11 12:17:00,1566.3,1566.3,1566.2,1566.2,-0.01,23.52,36361.04,-1
2024-06-11,2024-06-11 12:18:00,1566.2,1566.2,1566.1,1566.1,-0.01,23.52,36361.04,-1
2024-06-11,2024-06-11 12:19:00,1566.1,1566.1,1566.0,1566.0,-0.01,23.52,36361.04,-1
2024-06-11,2024-06-11 12:20:00,1566.0,1566.0,1565.9,1565.9,-0.01,23.52,36361.04,-1
2024-06-11,2024-06-11 12:21:00,1565.9,1565.9,1565.8,1565.8,-0.01,23.52,36361.04,-1
2024-06-11,2024-06-11 12:22:00,1565.8,1565.8,1565.7,1565.7,-0.01,23.52,36361.04,-1
2024-06-11,2024-06-11 12:23:00,1565.7,1565.7,1565.6,1565.6,-0.01,23.52,36361.04,-1
2024-06-11,2024-06-11 12:24:00,1565.6,1565.6,1565.5,1565.5,-0.01,23.52,36361.04,-1
2024-06-11,2024-06-11 12:25:00,1565.5,1565.5,1565.4,1565.4,-0.01,23.52,36361.04,-1
2024-06-11,2024-06-11 12:26:00,1565.4,1565.4,1565.3,1565.3,-0.01,23.52,36361.04,-1
2024-06-11,2024-06-11 12:27:00,1565.3,1565.3,1565.2,1565.2,-0.01,23.52,36361.04,-1
2024-06-11,2024-06-11 12:28:00,1565.2,1565.2,1565.1,1565.1,-0.01,23.52,36361.04,-1
2024-06-11,2024-06-11 12:29:00,1565.1,1565.1,1565.0,1565.0,-0.01,23.52,36361.04,-1
2024-06-11,2024-06-11 12:30:00,1565.0,1565.0,1564.9,1564.9,-0.01,23.52,36361.04,-1
2024-06-11,2024-06-11 12:31:00,1564.9,1564.9,1564.8,1564.8,-0.01,23.52,36361.04,-1
2024-06-11,2024-06-11 12:32:00,1564.8,1564.8,1564.7,1564.7,-0.01,23.52,36361.04,-1
2024-06-11,2024-06-11 12:33:00,1564.7,1564.7,1564.6,1564.6,-0.01,23.52,36361.04,-1
2024-06-11,2024-06-11 12:34:00,1564.6,1564.6,1564.5,1564.5,-0.01,23.52,36361.04,-1
2024-06-11,2024-06-11 12:35:00,1564.5,1564.5,1564.4,1564.4,-0.01,23.52,36361.04,-1
2024-06-11,2024-06-11 12:36:00,1564.4,1564.4,1564.3,1564.3,-0.01,23.52,36361.04,-1
2024-06-11,2024-06-11 12:37:00,1564.3,1564.3,1564.2,1564.2,-0.01,23.52,36361.04,-1
2024-06-11,2024-06-11 12:38:00,1564.2,1564.2,1564.1,1564.1,-0.01,23.52,36361.04,-1
2024-06-11,2024-06-11 12:39:00,1564.1,1564.1,1564.0,1564.0,-0.01,23.52,36361.04,-1
2024-06-11,2024-06-11 12:40:00,1564.0,1564.0,1563.9,1563.9,-0.01,23.52,36361.04,-1
2024-06-11,2024-06-11 12:41:00,1563.9,1563.9,1563.8,1563.8,-0.01,23.52,36361.04,-1
2024-06-11,2024-06-11 12:42:00,1563.8,1563.8,1563.7,1563.7,-0.01,23.52,36361.04,-1
2024-06-11,2024-06-11 12:43:00,1563.7,1563.7,1563.6,1563.6,-0.01,23.52,36361.04,-1
2024-06-11,2024-06-11 12:44:00,1563.6,1563.6,1563.5,1563.5,-0.01,23.52,36361.04,-1
2024-06-11,2024-06-11 12:45:00,1563.5,1563.5,1563.4,1563.4,-0.01,23.52,36361.04,-1
2024-06-11,2024-06-11 12:46:00,1563.4,1563.4,1563.3,1563.3,-0.01,23.52,36361.04,-1
2024-06-11,2024-06-11 12:47:00,1563.3,1563.3,1563.2,1563.2,-0.01,23.52,36361.04,-1
2024-06-11,2024-06-11 12:48:00,1563.2,1563.2,1563.1,1563.1,-0.01,23.52,36361.04,-1
2024-06-11,2024-06-11 12:49:00,1563.1,1563.1,1563.0,1563.0,-0.01,23.52,36361.04,-1
2024-06-11,2024-06-11 12:50:00,1563.0,1563.0,1562.9,1562.9,-0.01,23.52,36361.04,-1
2024-06-11,2024-06-11 12:51:00,1562.9,1562.9,1562.8,1562.8,-0.01,23.52,36361.04,-1
2024-06-11,2024-06-11 12:52:00,1562.8,1562.8,1562.7,1562.7,-0.01,23.52,36361.04,-1
2024-06-11,2024-06-11 12:53:00,1562.7,1562.7,1562.6,1562.6,-0.01,23.52,36361.04,-1
2024-06-11,2024-06-11 12:54:00,1562.6,1562.6,1562.5,1562.5,-0.01,23.52,36361.04,-1
2024-06-11,2024-06-11 12:55:00,1562.5,1562.5,1562.4,1562.4,-0.01,23.52,36361.04,-1
2024-06-11,2024-06-11 12:56:00,1562.4,1562.4,1562.3,1562.3,-0.01,23.52,36361.04,-1
2024-06-11,2024-06-11 12:57:00,1562.3,1562.3,1562.2,1562.2,-0.01,23.52,36361.04,-1
2024-06-11,2024-06-11 12:58:00,1562.2,1562.2,1562.1,1562.1,-0.01,23.52,36361.04,-1
2024-06-11,2024-06-11 12:59:00,1562.1,1562.1,1562.0,1562.0,-0.01,23.52,36361.04,-1
2024-06-11,2024-06-11 13:00:00,1562.0,1574.0,1530.0,1561.9,-0.01,23.52,36361.04,-1
2024-06-11,2024-06-11 13:01:00,1561.9,1561.9,1561.8,1561.8,-0.01,23.52,36361.04,-1
2024-06-11,2024-06-11 13:02:00,1561.8,1561.8,1561.7,1561.7,-0.01,23.52,36361.04,-1
2024-06-11,2024-06-11 13:03:00,1561.7,1561.7,1561.6,1561.6,-0.01,23.52,36361.04,-1
2024-06-11,2024-06-11 13:04:00,1561.6,1561.6,1561.5,1561.5,-0.01,23.52,36361.04,-1
2024-06-11,2024-06-11 13:05:00,1561.5,1561.5,1561.4,1561.4,-0.01,23.52,36361.04,-1
2024-06-11,2024-06-11 13:06:00,1561.4,1561.4,1561.3,1561.3,-0.01,23.52,36361.04,-1
2024-06-11,2024-06-11 13:07:00,1561.3,1561.3,1561.2,1561.2,-0.01,23.52,36361.04,-1
2024-06-11,2024-06-11 13:08:00,1561.2,1561.2,1561.1,1561.1,-0.01,23.52,36361.04,-1
2024-06-11,2024-06-11 13:09:00,1561.1,1561.1,1561.0,1561.0,-0.01,23.52,36361.04,-1
2024-06-11,2024-06-11 13:10:00,1561.0,1561.0,1560.9,1560.9,-0.01,23.52,36361.04,-1
2024-06-11,2024-06-11 13:11:00,1560.9,1560.9,1560.8,1560.8,-0.01,23.52,36361.04,-1
2024-06-11,2024-06-11 13:12:00,1560.8,1560.8,1560.7,1560.7,-0.01,23.52,36361.04,-1
2024-06-11,2024-06-11 13:13:00,1560.7,1560.7,1560.6,1560.6,-0.01,23.52,36361.04,-1
2024-06-11,2024-06-11 13:14:00,1560.6,1560.6,1560.5,1560.5,-0.01,23.52,36361.04,-1
2024-06-11,2024-06-11 13:15:00,1560.5,1560.5,1560.4,1560.4,-0.01,23.52,36361.04,-1
2024-06-11,2024-06-11 13:16:00,1560.4,1560.4,1560.3,1560.3,-0.01,23.52,36361.04,-1
2024-06-11,2024-06-11 13:17:00,1560.3,1560.3,1560.2,1560.2,-0.01,23.52,36361.04,-1
2024-06-11,2024-06-11 13:18:00,1560.2,1560.2,1560.1,1560.1,-0.01,23.52,36361.04,-1
2024-06-11,2024-06-11 13:19:00,1560.1,1560.1,1560.0,1560.0,-0.01,23.52,36361.04,-1
2024-06-11,2024-06-11 13:20:00,1560.0,1560.0,1559.9,1559.9,-0.01,23.52,36361.04,-1
2024-06-11,2024-06-11 13:21:00,1559.9,1559.9,1559.8,1559.8,-0.01,23.52,36361.04,-1
2024-06-11,2024-06-11 13:22:00,1559.8,1559.8,1559.7,1559.7,-0.01,23.52,36361.04,-1
2024-06-11,2024-06-11 13:23:00,1559.7,1559.7,1559.6,1559.6,-0.01,23.52,36361.04,-1
2024-06-11,2024-06-11 13:24:00,1559.6,1559.6,1559.5,1559.5,-0.01,23.52,36361.04,-1
2024-06-11,2024-06-11 13:25:00,1559.5,1559.5,1559.4,1559.4,-0.01,23.52,36361.04,-1
2024-06-11,2024-06-11 13:26:00,1559.4,1559.4,1559.3,1559.3,-0.01,23.52,36361.04,-1
2024-06-11,2024-06-11 13:27:00,1559.3,1559.3,1559.2,1559.2,-0.01,23.52,36361.04,-1
2024-06-11,2024-06-11 13:28:00,1559.2,1559.2,1559.1,1559.1,-0.01,23.52,36361.04,-1
2024-06-11,2024-06-11 13:29:00,1559.1,1559.1,1559.0,1559.0,-0.01,23.52,36361.04,-1
2024-06-11,2024-06-11 13:30:00,1559.0,1559.0,1558.9,1558.9,-0.01,23.52,36361.04,-1
2024-06-11,2024-06-11 13:31:00,1558.9,1558.9,1558.8,1558.8,-0.01,23.52,36361.04,-1
2024-06-11,2024-06-11 13:32:00,1558.8,1558.8,1558.7,1558.7,-0.01,23.52,36361.04,-1
2024-06-11,2024-06-11 13:33:00,1558.7,1558.7,1558.6,1558.6,-0.01,23.52,36361.04,-1
2024-06-11,2024-06-11 13:34:00,1558.6,1558.6,1558.5,1558.5,-0.01,23.52,36361.04,-1
2024-06-11,2024-06-11 13:35:00,1558.5,1558.5,1558.4,1558.4,-0.01,23.52,36361.04,-1
2024-06-11,2024-06-11 13:36:00,1558.4,1558.4,1558.3,1558.3,-0.01,23.52,36361.04,-1
2024-06-11,2024-06-11 13:37:00,1558.3,1558.3,1558.2,1558.2,-0.01,23.52,36361.04,-1
2024-06-11,2024-06-11 13:38:00,1558.2,1558.2,1558.1,1558.1,-0.01,23.52,36361.04,-1
2024-06-11,2024-06-11 13:39:00,1558.1,1558.1,1558.0,1558.0,-0.01,23.52,36361.04,-1
2024-06-11,2024-06-11 13:40:00,1558.0,1558.0,1557.9,1557.9,-0.01,23.52,36361.04,-1
2024-06-11,2024-06-11 13:41:00,1557.9,1557.9,1557.8,1557.8,-0.01,23.52,36361.04,-1
2024-06-11,2024-06-11 13:42:00,1557.8,1557.8,1557.7,1557.7,-0.01,23.52,36361.04,-1
2024-06-11,2024-06-11 13:43:00,1557.7,1557.7,1557.6,1557.6,-0.01,23.52,36361.04,-1
2024-06-11,2024-06-11 13:44:00,1557.6,1557.6,1557.5,1557.5,-0.01,23.52,36361.04,-1
2024-06-11,2024-06-11 13:45:00,1557.5,1557.5,1557.4,1557.4,-0.01,23.52,36361.04,-1
2024-06-11,2024-06-11 13:46:00,1557.4,1557.4,1557.3,1557.3,-0.01,23.52,36361.04,-1
2024-06-11,2024-06-11 13:47:00,1557.3,1557.3,1557.2,1557.2,-0.01,23.52,36361.04,-1
2024-06-11,2024-06-11 13:48:00,1557.2,1557.2,1557.1,1557.1,-0.01,23.52,36361.04,-1
2024-06-11,2024-06-11 13:49:00,1557.1,1557.1,1557.0,1557.0,-0.01,23.52,36361.04,-1
2024-06-11,2024-06-11 13:50:00,1557.0,1557.0,1556.9,1556.9,-0.01,23.52,36361.04,-1
2024-06-11,2024-06-11 13:51:00,1556.9,1556.9,1556.8,1556.8,-0.01,23.52,36361.04,-1
2024-06-11,2024-06-11 13:52:00,1556.8,1556.8,1556.7,1556.7,-0.01,23.52,36361.04,-1
2024-06-11,2024-06-11 13:53:00,1556.7,1556.7,1556.6,1556.6,-0.01,23.52,36361.04,-1
2024-06-11,2024-06-11 13:54:00,1556.6,1556.6,1556.5,1556.5,-0.01,23.52,36361.04,-1
2024-06-11,2024-06-11 13:55:00,1556.5,1556.5,1556.4,1556.4,-0.01,23.52,36361.04,-1
2024-06-11,2024-06-11 13:56:00,1556.4,1556.4,1556.3,1556.3,-0.01,23.52,36361.04,-1
2024-06-11,2024-06-11 13:57:00,1556.3,1556.3,1556.2,1556.2,-0.01,23.52,36361.04,-1
2024-06-11,2024-06-11 13:58:00,1556.2,1556.2,1556.1,1556.1,-0.01,23.52,36361.04,-1
2024-06-11,2024-06-11 13:59:00,1556.1,1556.1,1556.0,1556.0,-0.01,23.52,36361.04,-1
2024-06-11,2024-06-11 14:00:00,1556.0,1556.0,1555.9,1555.9,-0.01,23.52,36361.04,-1
2024-06-11,2024-06-11 14:01:00,1555.9,1555.9,1555.8,1555.8,-0.01,23.52,36361.04,-1
2024-06-11,2024-06-11 14:02:00,1555.8,1555.8,1555.7,1555.7,-0.01,23.52,36361.04,-1
2024-06-11,2024-06-11 14:03:00,1555.7,1555.7,1555.6,1555.6,-0.01,23.52,36361.04,-1
2024-06-11,2024-06-11 14:04:00,1555.6,1555.6,1555.5,1555.5,-0.01,23.52,36361.04,-1
2024-06-11,2024-06-11 14:05:00,1555.5,1555.5,1555.4,1555.4,-0.01,23.52,36361.04,-1
2024-06-11,2024-06-11 14:06:00,1555.4,1555.4,1555.3,1555.3,-0.01,23.52,36361.04,-1
2024-06-11,2024-06-11 14:07:00,1555.3,1555.3,1555.2,1555.2,-0.01,23.52,36361.04,-1
2024-06-11,2024-06-11 14:08:00,1555.2,1555.2,1555.1,1555.1,-0.01,23.52,36361.04,-1
2024-06-11,2024-06-11 14:09:00,1555.1,1555.1,1555.0,1555.0,-0.01,23.52,36361.04,-1
2024-06-11,2024-06-11 14:10:00,1555.0,1555.0,1554.9,1554.9,-0.01,23.52,36361.04,-1
2024-06-11,2024-06-11 14:11:00,1554.9,1554.9,1554.8,1554.8,-0.01,23.52,36361.04,-1
2024-06-11,2024-06-11 14:12:00,1554.8,1554.8,1554.7,1554.7,-0.01,23.52,36361.04,-1
2024-06-11,2024-06-11 14:13:00,1554.7,1554.7,1554.6,1554.6,-0.01,23.52,36361.04,-1
2024-06-11,2024-06-11 14:14:00,1554.6,1554.6,1554.5,1554.5,-0.01,23.52,36361.04,-1
2024-06-11,2024-06-11 14:15:00,1554.5,1554.5,1554.4,1554.4,-0.01,23.52,36361.04,-1
2024-06-11,2024-06-11 14:16:00,1554.4,1554.4,1554.3,1554.3,-0.01,23.52,36361.04,-1
2024-06-11,2024-06-11 14:17:00,1554.3,1554.3,1554.2,1554.2,-0.01,23.52,36361.04,-1
2024-06-11,2024-06-11 14:18:00,1554.2,1554.2,1554.1,1554.1,-0.01,23.52,36361.04,-1
2024-06-11,2024-06-11 14:19:00,1554.1,1554.1,1554.0,1554.0,-0.01,23.52,36361.04,-1
2024-06-11,2024-06-11 14:20:00,1554.0,1554.0,1553.9,1553.9,-0.01,23.52,36361.04,-1
2024-06-11,2024-06-11 14:21:00,1553.9,1553.9,1553.8,1553.8,-0.01,23.52,36361.04,-1
2024-06-11,2024-06-11 14:22:00,1553.8,1553.8,1553.7,1553.7,-0.01,23.52,36361.04,-1
2024-06-11,2024-06-11 14:23:00,1553.7,1553.7,1553.6,1553.6,-0.01,23.52,36361.04,-1
2024-06-11,2024-06-11 14:24:00,1553.6,1553.6,1553.5,1553.5,-0.01,23.52,36361.04,-1
2024-06-11,2024-06-11 14:25:00,1553.5,1553.5,1553.4,1553.4,-0.01,23.52,36361.04,-1
2024-06-11,2024-06-11 14:26:00,1553.4,1553.4,1553.3,1553.3,-0.01,23.52,36361.04,-1
2024-06-11,2024-06-11 14:27:00,1553.3,1553.3,1553.2,1553.2,-0.01,23.52,36361.04,-1
2024-06-11,2024-06-11 14:28:00,1553.2,1553.2,1553.1,1553.1,-0.01,23.52,36361.04,-1
2024-06-11,2024-06-11 14:29:00,1553.1,1553.1,1553.0,1553.0,-0.01,23.52,36361.04,-1
2024-06-11,2024-06-11 14:30:00,1553.0,1553.0,1552.9,1552.9,-0.01,23.52,36361.04,-1
2024-06-11,2024-06-11 14:31:00,1552.9,1552.9,1552.8,1552.8,-0.01,23.52,36361.04,-1
2024-06-11,2024-06-11 14:32:00,1552.8,1552.8,1552.7,1552.7,-0.01,23.52,36361.04,-1
2024-06-11,2024-06-11 14:33:00,1552.7,1552.7,1552.6,1552.6,-0.01,23.52,36361.04,-1
2024-06-11,2024-06-11 14:34:00,1552.6,1552.6,1552.5,1552.5,-0.01,23.52,36361.04,-1
2024-06-11,2024-06-11 14:35:00,1552.5,1552.5,1552.4,1552.4,-0.01,23.52,36361.04,-1
2024-06-11,2024-06-11 14:36:00,1552.4,1552.4,1552.3,1552.3,-0.01,23.52,36361.04,-1
2024-06-11,2024-06-11 14:37:00,1552.3,1552.3,1552.2,1552.2,-0.01,23.52,36361.04,-1
2024-06-11,2024-06-11 14:38:00,1552.2,1552.2,1552.1,1552.1,-0.01,23.52,36361.04,-1
2024-06-11,2024-06-11 14:39:00,1552.1,1552.1,1552.0,1552.0,-0.01,23.52,36361.04,-1
2024-06-11,2024-06-11 14:40:00,1552.0,1552.0,1551.9,1551.9,-0.01,23.52,36361.04,-1
2024-06-11,2024-06-11 14:41:00,1551.9,1551.9,1551.8,1551.8,-0.01,23.52,36361.04,-1
2024-06-11,2024-06-11 14:42:00,1551.8,1551.8,1551.7,1551.7,-0.01,23.52,36361.04,-1
2024-06-11,2024-06-11 14:43:00,1551.7,1551.7,1551.6,1551.6,-0.01,23.52,36361.04,-1
2024-06-11,2024-06-11 14:44:00,1551.6,1551.6,1551.5,1551.5,-0.01,23.52,36361.04,-1
2024-06-11,2024-06-11 14:45:00,1551.5,1551.5,1551.4,1551.4,-0.01,23.52,36361.04,-1
2024-06-11,2024-06-11 14:46:00,1551.4,1551.4,1551.3,1551.3,-0.01,23.52,36361.04,-1
2024-06-11,2024-06-11 14:47:00,1551.3,1551.3,1551.2,1551.2,-0.01,23.52,36361.04,-1
2024-06-11,2024-06-11 14:48:00,1551.2,1551.2,1551.1,1551.1,-0.01,23.52,36361.04,-1
2024-06-11,2024-06-11 14:49:00,1551.1,1551.1,1551.0,1551.0,-0.01,23.52,36361.04,-1
2024-06-11,2024-06-11 14:50:00,1551.0,1551.0,1550.9,1550.9,-0.01,23.52,36361.04,-1
2024-06-11,2024-06-11 14:51:00,1550.9,1550.9,1550.8,1550.8,-0.01,23.52,36361.04,-1
2024-06-11,2024-06-11 14:52:00,1550.8,1550.8,1550.7,1550.7,-0.01,23.52,36361.04,-1
2024-06-11,2024-06-11 14:53:00,1550.7,1550.7,1550.6,1550.6,-0.01,23.52,36361.04,-1
2024-06-11,2024-06-11 14:54:00,1550.6,1550.6,1550.5,1550.5,-0.01,23.52,36361.04,-1
2024-06-11,2024-06-11 14:55:00,1550.5,1550.5,1550.4,1550.4,-0.01,23.52,36361.04,-1
2024-06-11,2024-06-11 14:56:00,1550.4,1550.4,1550.3,1550.3,-0.01,23.52,36361.04,-1
2024-06-11,2024-06-11 14:57:00,1550.3,1550.3,1550.2,1550.2,-0.01,23.52,36361.04,-1
2024-06-11,2024-06-11 14:58:00,1550.2,1550.2,1550.1,1550.1,-0.01,23.52,36361.04,-1
2024-06-11,2024-06-11 14:59:00,1550.1,1550.1,1550.0,1550.0,-0.01,23.52,36361.04,-1
2024-06-11,2024-06-11 15:00:00,1550.0,1574.0,1530.0,1550.0,0.0,23.52,36361.04,0
2024-06-12,2024-06-12 11:00:00,1519.0,1535.2,1519.0,1519.17,0.01,21.5,33460.03,1
2024-06-12,2024-06-12 11:01:00,1519.17,1519.34,1519.17,1519.34,0.01,21.5,33460.03,1
2024-06-12,2024-06-12 11:02:00,1519.34,1519.51,1519.34,1519.51,0.01,21.5,33460.03,1
2024-06-12,2024-06-12 11:03:00,1519.51,1519.68,1519.51,1519.68,0.01,21.5,33460.03,1
2024-06-12,2024-06-12 11:04:00,1519.68,1519.85,1519.68,1519.85,0.01,21.5,33460.03,1
2024-06-12,2024-06-12 11:05:00,1519.85,1520.03,1519.85,1520.03,0.01,21.5,33460.03,1
2024-06-12,2024-06-12 11:06:00,1520.03,1520.2,1520.03,1520.2,0.01,21.5,33460.03,1
2024-06-12,2024-06-12 11:07:00,1520.2,1520.37,1520.2,1520.37,0.01,21.5,33460.03,1
2024-06-12,2024-06-12 11:08:00,1520.37,1520.54,1520.37,1520.54,0.01,21.5,33460.03,1
2024-06-12,2024-06-12 11:09:00,1520.54,1520.71,1520.54,1520.71,0.01,21.5,33460.03,1
2024-06-12,2024-06-12 11:10:00,1520.71,1520.88,1520.71,1520.88,0.01,21.5,33460.03,1
2024-06-12,2024-06-12 11:11:00,1520.88,1521.05,1520.88,1521.05,0.01,21.5,33460.03,1
2024-06-12,2024-06-12 11:12:00,1521.05,1521.22,1521.05,1521.22,0.01,21.5,33460.03,1
2024-06-12,2024-06-12 11:13:00,1521.22,1521.39,1521.22,1521.39,0.01,21.5,33460.03,1
2024-06-12,2024-06-12 11:14:00,1521.39,1521.56,1521.39,1521.56,0.01,21.5,33460.03,1
2024-06-12,2024-06-12 11:15:00,1521.56,1521.73,1521.56,1521.73,0.01,21.5,33460.03,1
2024-06-12,2024-06-12 11:16:00,1521.73,1521.9,1521.73,1521.9,0.01,21.5,33460.03,1
2024-06-12,2024-06-12 11:17:00,1521.9,1522.08,1521.9,1522.08,0.01,21.5,33460.03,1
2024-06-12,2024-06-12 11:18:00,1522.08,1522.25,1522.08,1522.25,0.01,21.5,33460.03,1
2024-06-12,2024-06-12 11:19:00,1522.25,1522.42,1522.25,1522.42,0.01,21.5,33460.03,1
2024-06-12,2024-06-12 11:20:00,1522.42,1522.59,1522.42,1522.59,0.01,21.5,33460.03,1
2024-06-12,2024-06-12 11:21:00,1522.59,1522.76,1522.59,1522.76,0.01,21.5,33460.03,1
2024-06-12,2024-06-12 11:22:00,1522.76,1522.93,1522.76,1522.93,0.01,21.5,33460.03,1
2024-06-12,2024-06-12 11:23:00,1522.93,1523.1,1522.93,1523.1,0.01,21.5,33460.03,1
2024-06-12,2024-06-12 11:24:00,1523.1,1523.27,1523.1,1523.27,0.01,21.5,33460.03,1
2024-06-12,2024-06-12 11:25:00,1523.27,1523.44,1523.27,1523.44,0.01,21.5,33460.03,1
2024-06-12,2024-06-12 11:26:00,1523.44,1523.61,1523.44,1523.61,0.01,21.5,33460.03,1
2024-06-12,2024-06-12 11:27:00,1523.61,1523.78,1523.61,1523.78,0.01,21.5,33460.03,1
2024-06-12,2024-06-12 11:28:00,1523.78,1523.95,1523.78,1523.95,0.01,21.5,33460.03,1
2024-06-12,2024-06-12 11:29:00,1523.95,1524.12,1523.95,1524.12,0.01,21.5,33460.03,1
2024-06-12,2024-06-12 11:30:00,1524.12,1524.3,1524.12,1524.3,0.01,21.5,33460.03,1
2024-06-12,2024-06-12 11:31:00,1524.3,1524.47,1524.3,1524.47,0.01,21.5,33460.03,1
2024-06-12,2024-06-12 11:32:00,1524.47,1524.64,1524.47,1524.64,0.01,21.5,33460.03,1
2024-06-12,2024-06-12 11:33:00,1524.64,1524.81,1524.64,1524.81,0.01,21.5,33460.03,1
2024-06-12,2024-06-12 11:34:00,1524.81,1524.98,1524.81,1524.98,0.01,21.5,33460.03,1
2024-06-12,2024-06-12 11:35:00,1524.98,1525.15,1524.98,1525.15,0.01,21.5,33460.03,1
2024-06-12,2024-06-12 11:36:00,1525.15,1525.32,1525.15,1525.32,0.01,21.5,33460.03,1
2024-06-12,2024-06-12 11:37:00,1525.32,1525.49,1525.32,1525.49,0.01,21.5,33460.03,1
2024-06-12,2024-06-12 11:38:00,1525.49,1525.66,1525.49,1525.66,0.01,21.5,33460.03,1
2024-06-12,2024-06-12 11:39:00,1525.66,1525.83,1525.66,1525.83,0.01,21.5,33460.03,1
2024-06-12,2024-06-12 11:40:00,1525.83,1526.0,1525.83,1526.0,0.01,21.5,33460.03,1
2024-06-12,2024-06-12 11:41:00,1526.0,1526.17,1526.0,1526.17,0.01,21.5,33460.03,1
2024-06-12,2024-06-12 11:42:00,1526.17,1526.35,1526.17,1526.35,0.01,21.5,33460.03,1
2024-06-12,2024-06-12 11:43:00,1526.35,1526.52,1526.35,1526.52,0.01,21.5,33460.03,1
2024-06-12,2024-06-12 11:44:00,1526.52,1526.69,1526.52,1526.69,0.01,21.5,33460.03,1
2024-06-12,2024-06-12 11:45:00,1526.69,1526.86,1526.69,1526.86,0.01,21.5,33460.03,1
2024-06-12,2024-06-12 11:46:00,1526.86,1527.03,1526.86,1527.03,0.01,21.5,33460.03,1
2024-06-12,2024-06-12 11:47:00,1527.03,1527.2,1527.03,1527.2,0.01,21.5,33460.03,1
2024-06-12,2024-06-12 11:48:00,1527.2,1527.37,1527.2,1527.37,0.01,21.5,33460.03,1
2024-06-12,2024-06-12 11:49:00,1527.37,1527.54,1527.37,1527.54,0.01,21.5,33460.03,1
2024-06-12,2024-06-12 11:50:00,1527.54,1527.71,1527.54,1527.71,0.01,21.5,33460.03,1
2024-06-12,2024-06-12 11:51:00,1527.71,1527.88,1527.71,1527.88,0.01,21.5,33460.03,1
2024-06-12,2024-06-12 11:52:00,1527.88,1528.05,1527.88,1528.05,0.01,21.5,33460.03,1
2024-06-12,2024-06-12 11:53:00,1528.05,1528.22,1528.05,1528.22,0.01,21.5,33460.03,1
2024-06-12,2024-06-12 11:54:00,1528.22,1528.4,1528.22,1528.4,0.01,21.5,33460.03,1
2024-06-12,2024-06-12 11:55:00,1528.4,1528.57,1528.4,1528.57,0.01,21.5,33460.03,1
2024-06-12,2024-06-12 11:56:00,1528.57,1528.74,1528.57,1528.74,0.01,21.5,33460.03,1
2024-06-12,2024-06-12 11:57:00,1528.74,1528.91,1528.74,1528.91,0.01,21.5,33460.03,1
2024-06-12,2024-06-12 11:58:00,1528.91,1529.08,1528.91,1529.08,0.01,21.5,33460.03,1
2024-06-12,2024-06-12 11:59:00,1529.08,1529.25,1529.08,1529.25,0.01,21.5,33460.03,1
2024-06-12,2024-06-12 12:00:00,1529.25,1529.42,1529.25,1529.42,0.01,21.5,33460.03,1
2024-06-12,2024-06-12 12:01:00,1529.42,1529.59,1529.42,1529.59,0.01,21.5,33460.03,1
2024-06-12,2024-06-12 12:02:00,1529.59,1529.76,1529.59,1529.76,0.01,21.5,33460.03,1
2024-06-12,2024-06-12 12:03:00,1529.76,1529.93,1529.76,1529.93,0.01,21.5,33460.03,1
2024-06-12,2024-06-12 12:04:00,1529.93,1530.1,1529.93,1530.1,0.01,21.5,33460.03,1
2024-06-12,2024-06-12 12:05:00,1530.1,1530.28,1530.1,1530.28,0.01,21.5,33460.03,1
2024-06-12,2024-06-12 12:06:00,1530.28,1530.45,1530.28,1530.45,0.01,21.5,33460.03,1
2024-06-12,2024-06-12 12:07:00,1530.45,1530.62,1530.45,1530.62,0.01,21.5,33460.03,1
2024-06-12,2024-06-12 12:08:00,1530.62,1530.79,1530.62,1530.79,0.01,21.5,33460.03,1
2024-06-12,2024-06-12 12:09:00,1530.79,1530.96,1530.79,1530.96,0.01,21.5,33460.03,1
2024-06-12,2024-06-12 12:10:00,1530.96,1531.13,1530.96,1531.13,0.01,21.5,33460.03,1
2024-06-12,2024-06-12 12:11:00,1531.13,1531.3,1531.13,1531.3,0.01,21.5,33460.03,1
2024-06-12,2024-06-12 12:12:00,1531.3,1531.47,1531.3,1531.47,0.01,21.5,33460.03,1
2024-06-12,2024-06-12 12:13:00,1531.47,1531.64,1531.47,1531.64,0.01,21.5,33460.03,1
2024-06-12,2024-06-12 12:14:00,1531.64,1531.81,1531.64,1531.81,0.01,21.5,33460.03,1
2024-06-12,2024-06-12 12:15:00,1531.81,1531.98,1531.81,1531.98,0.01,21.5,33460.03,1
2024-06-12,2024-06-12 12:16:00,1531.98,1532.15,1531.98,1532.15,0.01,21.5,33460.03,1
2024-06-12,2024-06-12 12:17:00,1532.15,1532.33,1532.15,1532.33,0.01,21.5,33460.03,1
2024-06-12,2024-06-12 12:18:00,1532.33,1532.5,1532.33,1532.5,0.01,21.5,33460.03,1
2024-06-12,2024-06-12 12:19:00,1532.5,1532.67,1532.5,1532.67,0.01,21.5,33460.03,1
2024-06-12,2024-06-12 12:20:00,1532.67,1532.84,1532.67,1532.84,0.01,21.5,33460.03,1
2024-06-12,2024-06-12 12:21:00,1532.84,1533.01,1532.84,1533.01,0.01,21.5,33460.03,1
2024-06-12,2024-06-12 12:22:00,1533.01,1533.18,1533.01,1533.18,0.01,21.5,33460.03,1
2024-06-12,2024-06-12 12:23:00,1533.18,1533.35,1533.18,1533.35,0.01,21.5,33460.03,1
2024-06-12,2024-06-12 12:24:00,1533.35,1533.52,1533.35,1533.52,0.01,21.5,33460.03,1
2024-06-12,2024-06-12 12:25:00,1533.52,1533.69,1533.52,1533.69,0.01,21.5,33460.03,1
2024-06-12,2024-06-12 12:26:00,1533.69,1533.86,1533.69,1533.86,0.01,21.5,33460.03,1
2024-06-12,2024-06-12 12:27:00,1533.86,1534.03,1533.86,1534.03,0.01,21.5,33460.03,1
2024-06-12,2024-06-12 12:28:00,1534.03,1534.2,1534.03,1534.2,0.01,21.5,33460.03,1
2024-06-12,2024-06-12 12:29:00,1534.2,1534.38,1534.2,1534.38,0.01,21.5,33460.03,1
2024-06-12,2024-06-12 12:30:00,1534.38,1534.55,1534.38,1534.55,0.01,21.5,33460.03,1
2024-06-12,2024-06-12 12:31:00,1534.55,1534.72,1534.55,1534.72,0.01,21.5,33460.03,1
2024-06-12,2024-06-12 12:32:00,1534.72,1534.89,1534.72,1534.89,0.01,21.5,33460.03,1
2024-06-12,2024-06-12 12:33:00,1534.89,1535.06,1534.89,1535.06,0.01,21.5,33460.03,1
2024-06-12,2024-06-12 12:34:00,1535.06,1535.23,1535.06,1535.23,0.01,21.5,33460.03,1
2024-06-12,2024-06-12 12:35:00,1535.23,1535.4,1535.23,1535.4,0.01,21.5,33460.03,1
2024-06-12,2024-06-12 12:36:00,1535.4,1535.57,1535.4,1535.57,0.01,21.5,33460.03,1
2024-06-12,2024-06-12 12:37:00,1535.57,1535.74,1535.57,1535.74,0.01,21.5,33460.03,1
2024-06-12,2024-06-12 12:38:00,1535.74,1535.91,1535.74,1535.91,0.01,21.5,33460.03,1
2024-06-12,2024-06-12 12:39:00,1535.91,1536.08,1535.91,1536.08,0.01,21.5,33460.03,1
2024-06-12,2024-06-12 12:40:00,1536.08,1536.25,1536.08,1536.25,0.01,21.5,33460.03,1
2024-06-12,2024-06-12 12:41:00,1536.25,1536.42,1536.25,1536.42,0.01,21.5,33460.03,1
2024-06-12,2024-06-12 12:42:00,1536.42,1536.6,1536.42,1536.6,0.01,21.5,33460.03,1
2024-06-12,2024-06-12 12:43:00,1536.6,1536.77,1536.6,1536.77,0.01,21.5,33460.03,1
2024-06-12,2024-06-12 12:44:00,1536.77,1536.94,1536.77,1536.94,0.01,21.5,33460.03,1
2024-06-12,2024-06-12 12:45:00,1536.94,1537.11,1536.94,1537.11,0.01,21.5,33460.03,1
2024-06-12,2024-06-12 12:46:00,1537.11,1537.28,1537.11,1537.28,0.01,21.5,33460.03,1
2024-06-12,2024-06-12 12:47:00,1537.28,1537.45,1537.28,1537.45,0.01,21.5,33460.03,1
2024-06-12,2024-06-12 12:48:00,1537.45,1537.62,1537.45,1537.62,0.01,21.5,33460.03,1
2024-06-12,2024-06-12 12:49:00,1537.62,1537.79,1537.62,1537.79,0.01,21.5,33460.03,1
2024-06-12,2024-06-12 12:50:00,1537.79,1537.96,1537.79,1537.96,0.01,21.5,33460.03,1
2024-06-12,2024-06-12 12:51:00,1537.96,1538.13,1537.96,1538.13,0.01,21.5,33460.03,1
2024-06-12,2024-06-12 12:52:00,1538.13,1538.3,1538.13,1538.3,0.01,21.5,33460.03,1
2024-06-12,2024-06-12 12:53:00,1538.3,1538.47,1538.3,1538.47,0.01,21.5,33460.03,1
2024-06-12,2024-06-12 12:54:00,1538.47,1538.65,1538.47,1538.65,0.01,21.5,33460.03,1
2024-06-12,2024-06-12 12:55:00,1538.65,1538.82,1538.65,1538.82,0.01,21.5,33460.03,1
2024-06-12,2024-06-12 12:56:00,1538.82,1538.99,1538.82,1538.99,0.01,21.5,33460.03,1
2024-06-12,2024-06-12 12:57:00,1538.99,1539.16,1538.99,1539.16,0.01,21.5,33460.03,1
2024-06-12,2024-06-12 12:58:00,1539.16,1539.33,1539.16,1539.33,0.01,21.5,33460.03,1
2024-06-12,2024-06-12 12:59:00,1539.33,1539.5,1539.33,1539.5,0.01,21.5,33460.03,1
2024-06-12,2024-06-12 13:00:00,1539.5,1573.0,1519.0,1539.67,0.01,21.5,33460.03,1
2024-06-12,2024-06-12 13:01:00,1539.67,1539.84,1539.67,1539.84,0.01,21.5,33460.03,1
2024-06-12,2024-06-12 13:02:00,1539.84,1540.01,1539.84,1540.01,0.01,21.5,33460.03,1
2024-06-12,2024-06-12 13:03:00,1540.01,1540.18,1540.01,1540.18,0.01,21.5,33460.03,1
2024-06-12,2024-06-12 13:04:00,1540.18,1540.35,1540.18,1540.35,0.01,21.5,33460.03,1
2024-06-12,2024-06-12 13:05:00,1540.35,1540.53,1540.35,1540.53,0.01,21.5,33460.03,1
2024-06-12,2024-06-12 13:06:00,1540.53,1540.7,1540.53,1540.7,0.01,21.5,33460.03,1
2024-06-12,2024-06-12 13:07:00,1540.7,1540.87,1540.7,1540.87,0.01,21.5,33460.03,1
2024-06-12,2024-06-12 13:08:00,1540.87,1541.04,1540.87,1541.04,0.01,21.5,33460.03,1
2024-06-12,2024-06-12 13:09:00,1541.04,1541.21,1541.04,1541.21,0.01,21.5,33460.03,1
2024-06-12,2024-06-12 13:10:00,1541.21,1541.38,1541.21,1541.38,0.01,21.5,33460.03,1
2024-06-12,2024-06-12 13:11:00,1541.38,1541.55,1541.38,1541.55,0.01,21.5,33460.03,1
2024-06-12,2024-06-12 13:12:00,1541.55,1541.72,1541.55,1541.72,0.01,21.5,33460.03,1
2024-06-12,2024-06-12 13:13:00,1541.72,1541.89,1541.72,1541.89,0.01,21.5,33460.03,1
2024-06-12,2024-06-12 13:14:00,1541.89,1542.06,1541.89,1542.06,0.01,21.5,33460.03,1
2024-06-12,2024-06-12 13:15:00,1542.06,1542.23,1542.06,1542.23,0.01,21.5,33460.03,1
2024-06-12,2024-06-12 13:16:00,1542.23,1542.4,1542.23,1542.4,0.01,21.5,33460.03,1
2024-06-12,2024-06-12 13:17:00,1542.4,1542.58,1542.4,1542.58,0.01,21.5,33460.03,1
2024-06-12,2024-06-12 13:18:00,1542.58,1542.75,1542.58,1542.75,0.01,21.5,33460.03,1
2024-06-12,2024-06-12 13:19:00,1542.75,1542.92,1542.75,1542.92,0.01,21.5,33460.03,1
2024-06-12,2024-06-12 13:20:00,1542.92,1543.09,1542.92,1543.09,0.01,21.5,33460.03,1
2024-06-12,2024-06-12 13:21:00,1543.09,1543.26,1543.09,1543.26,0.01,21.5,33460.03,1
2024-06-12,2024-06-12 13:22:00,1543.26,1543.43,1543.26,1543.43,0.01,21.5,33460.03,1
2024-06-12,2024-06-12 13:23:00,1543.43,1543.6,1543.43,1543.6,0.01,21.5,33460.03,1
2024-06-12,2024-06-12 13:24:00,1543.6,1543.77,1543.6,1543.77,0.01,21.5,33460.03,1
2024-06-12,2024-06-12 13:25:00,1543.77,1543.94,1543.77,1543.94,0.01,21.5,33460.03,1
2024-06-12,2024-06-12 13:26:00,1543.94,1544.11,1543.94,1544.11,0.01,21.5,33460.03,1
2024-06-12,2024-06-12 13:27:00,1544.11,1544.28,1544.11,1544.28,0.01,21.5,33460.03,1
2024-06-12,2024-06-12 13:28:00,1544.28,1544.45,1544.28,1544.45,0.01,21.5,33460.03,1
2024-06-12,2024-06-12 13:29:00,1544.45,1544.62,1544.45,1544.62,0.01,21.5,33460.03,1
2024-06-12,2024-06-12 13:30:00,1544.62,1544.8,1544.62,1544.8,0.01,21.5,33460.03,1
2024-06-12,2024-06-12 13:31:00,1544.8,1544.97,1544.8,1544.97,0.01,21.5,33460.03,1
2024-06-12,2024-06-12 13:32:00,1544.97,1545.14,1544.97,1545.14,0.01,21.5,33460.03,1
2024-06-12,2024-06-12 13:33:00,1545.14,1545.31,1545.14,1545.31,0.01,21.5,33460.03,1
2024-06-12,2024-06-12 13:34:00,1545.31,1545.48,1545.31,1545.48,0.01,21.5,33460.03,1
2024-06-12,2024-06-12 13:35:00,1545.48,1545.65,1545.48,1545.65,0.01,21.5,33460.03,1
2024-06-12,2024-06-12 13:36:00,1545.65,1545.82,1545.65,1545.82,0.01,21.5,33460.03,1
2024-06-12,2024-06-12 13:37:00,1545.82,1545.99,1545.82,1545.99,0.01,21.5,33460.03,1
2024-06-12,2024-06-12 13:38:00,1545.99,1546.16,1545.99,1546.16,0.01,21.5,33460.03,1
2024-06-12,2024-06-12 13:39:00,1546.16,1546.33,1546.16,1546.33,0.01,21.5,33460.03,1
2024-06-12,2024-06-12 13:40:00,1546.33,1546.5,1546.33,1546.5,0.01,21.5,33460.03,1
2024-06-12,2024-06-12 13:41:00,1546.5,1546.67,1546.5,1546.67,0.01,21.5,33460.03,1
2024-06-12,2024-06-12 13:42:00,1546.67,1546.85,1546.67,1546.85,0.01,21.5,33460.03,1
2024-06-12,2024-06-12 13:43:00,1546.85,1547.02,1546.85,1547.02,0.01,21.5,33460.03,1
2024-06-12,2024-06-12 13:44:00,1547.02,1547.19,1547.02,1547.19,0.01,21.5,33460.03,1
2024-06-12,2024-06-12 13:45:00,1547.19,1547.36,1547.19,1547.36,0.01,21.5,33460.03,1
2024-06-12,2024-06-12 13:46:00,1547.36,1547.53,1547.36,1547.53,0.01,21.5,33460.03,1
2024-06-12,2024-06-12 13:47:00,1547.53,1547.7,1547.53,1547.7,0.01,21.5,33460.03,1
2024-06-12,2024-06-12 13:48:00,1547.7,1547.87,1547.7,1547.87,0.01,21.5,33460.03,1
2024-06-12,2024-06-12 13:49:00,1547.87,1548.04,1547.87,1548.04,0.01,21.5,33460.03,1
2024-06-12,2024-06-12 13:50:00,1548.04,1548.21,1548.04,1548.21,0.01,21.5,33460.03,1
2024-06-12,2024-06-12 13:51:00,1548.21,1548.38,1548.21,1548.38,0.01,21.5,33460.03,1
2024-06-12,2024-06-12 13:52:00,1548.38,1548.55,1548.38,1548.55,0.01,21.5,33460.03,1
2024-06-12,2024-06-12 13:53:00,1548.55,1548.72,1548.55,1548.72,0.01,21.5,33460.03,1
2024-06-12,2024-06-12 13:54:00,1548.72,1548.9,1548.72,1548.9,0.01,21.5,33460.03,1
2024-06-12,2024-06-12 13:55:00,1548.9,1549.07,1548.9,1549.07,0.01,21.5,33460.03,1
2024-06-12,2024-06-12 13:56:00,1549.07,1549.24,1549.07,1549.24,0.01,21.5,33460.03,1
2024-06-12,2024-06-12 13:57:00,1549.24,1549.41,1549.24,1549.41,0.01,21.5,33460.03,1
2024-06-12,2024-06-12 13:58:00,1549.41,1549.58,1549.41,1549.58,0.01,21.5,33460.03,1
2024-06-12,2024-06-12 13:59:00,1549.58,1549.75,1549.58,1549.75,0.01,21.5,33460.03,1
2024-06-12,2024-06-12 14:00:00,1549.75,1549.92,1549.75,1549.92,0.01,21.5,33460.03,1
2024-06-12,2024-06-12 14:01:00,1549.92,1550.09,1549.92,1550.09,0.01,21.5,33460.03,1
2024-06-12,2024-06-12 14:02:00,1550.09,1550.26,1550.09,1550.26,0.01,21.5,33460.03,1
2024-06-12,2024-06-12 14:03:00,1550.26,1550.43,1550.26,1550.43,0.01,21.5,33460.03,1
2024-06-12,2024-06-12 14:04:00,1550.43,1550.6,1550.43,1550.6,0.01,21.5,33460.03,1
2024-06-12,2024-06-12 14:05:00,1550.6,1550.78,1550.6,1550.78,0.01,21.5,33460.03,1
2024-06-12,2024-06-12 14:06:00,1550.78,1550.95,1550.78,1550.95,0.01,21.5,33460.03,1
2024-06-12,2024-06-12 14:07:00,1550.95,1551.12,1550.95,1551.12,0.01,21.5,33460.03,1
2024-06-12,2024-06-12 14:08:00,1551.12,1551.29,1551.12,1551.29,0.01,21.5,33460.03,1
2024-06-12,2024-06-12 14:09:00,1551.29,1551.46,1551.29,1551.46,0.01,21.5,33460.03,1
2024-06-12,2024-06-12 14:10:00,1551.46,1551.63,1551.46,1551.63,0.01,21.5,33460.03,1
2024-06-12,2024-06-12 14:11:00,1551.63,1551.8,1551.63,1551.8,0.01,21.5,33460.03,1
2024-06-12,2024-06-12 14:12:00,1551.8,1551.97,1551.8,1551.97,0.01,21.5,33460.03,1
2024-06-12,2024-06-12 14:13:00,1551.97,1552.14,1551.97,1552.14,0.01,21.5,33460.03,1
2024-06-12,2024-06-12 14:14:00,1552.14,1552.31,1552.14,1552.31,0.01,21.5,33460.03,1
2024-06-12,2024-06-12 14:15:00,1552.31,1552.48,1552.31,1552.48,0.01,21.5,33460.03,1
2024-06-12,2024-06-12 14:16:00,1552.48,1552.65,1552.48,1552.65,0.01,21.5,33460.03,1
2024-06-12,2024-06-12 14:17:00,1552.65,1552.83,1552.65,1552.83,0.01,21.5,33460.03,1
2024-06-12,2024-06-12 14:18:00,1552.83,1553.0,1552.83,1553.0,0.01,21.5,33460.03,1
2024-06-12,2024-06-12 14:19:00,1553.0,1553.17,1553.0,1553.17,0.01,21.5,33460.03,1
2024-06-12,2024-06-12 14:20:00,1553.17,1553.34,1553.17,1553.34,0.01,21.5,33460.03,1
2024-06-12,2024-06-12 14:21:00,1553.34,1553.51,1553.34,1553.51,0.01,21.5,33460.03,1
2024-06-12,2024-06-12 14:22:00,1553.51,1553.68,1553.51,1553.68,0.01,21.5,33460.03,1
2024-06-12,2024-06-12 14:23:00,1553.68,1553.85,1553.68,1553.85,0.01,21.5,33460.03,1
2024-06-12,2024-06-12 14:24:00,1553.85,1554.02,1553.85,1554.02,0.01,21.5,33460.03,1
2024-06-12,2024-06-12 14:25:00,1554.02,1554.19,1554.02,1554.19,0.01,21.5,33460.03,1
2024-06-12,2024-06-12 14:26:00,1554.19,1554.36,1554.19,1554.36,0.01,21.5,33460.03,1
2024-06-12,2024-06-12 14:27:00,1554.36,1554.53,1554.36,1554.53,0.01,21.5,33460.03,1
2024-06-12,2024-06-12 14:28:00,1554.53,1554.7,1554.53,1554.7,0.01,21.5,33460.03,1
2024-06-12,2024-06-12 14:29:00,1554.7,1554.88,1554.7,1554.88,0.01,21.5,33460.03,1
2024-06-12,2024-06-12 14:30:00,1554.88,1555.05,1554.88,1555.05,0.01,21.5,33460.03,1
2024-06-12,2024-06-12 14:31:00,1555.05,1555.22,1555.05,1555.22,0.01,21.5,33460.03,1
2024-06-12,2024-06-12 14:32:00,1555.22,1555.39,1555.22,1555.39,0.01,21.5,33460.03,1
2024-06-12,2024-06-12 14:33:00,1555.39,1555.56,1555.39,1555.56,0.01,21.5,33460.03,1
2024-06-12,2024-06-12 14:34:00,1555.56,1555.73,1555.56,1555.73,0.01,21.5,33460.03,1
2024-06-12,2024-06-12 14:35:00,1555.73,1555.9,1555.73,1555.9,0.01,21.5,33460.03,1
2024-06-12,2024-06-12 14:36:00,1555.9,1556.07,1555.9,1556.07,0.01,21.5,33460.03,1
2024-06-12,2024-06-12 14:37:00,1556.07,1556.24,1556.07,1556.24,0.01,21.5,33460.03,1
2024-06-12,2024-06-12 14:38:00,1556.24,1556.41,1556.24,1556.41,0.01,21.5,33460.03,1
2024-06-12,2024-06-12 14:39:00,1556.41,1556.58,1556.41,1556.58,0.01,21.5,33460.03,1
2024-06-12,2024-06-12 14:40:00,1556.58,1556.75,1556.58,1556.75,0.01,21.5,33460.03,1
2024-06-12,2024-06-12 14:41:00,1556.75,1556.92,1556.75,1556.92,0.01,21.5,33460.03,1
2024-06-12,2024-06-12 14:42:00,1556.92,1557.1,1556.92,1557.1,0.01,21.5,33460.03,1
2024-06-12,2024-06-12 14:43:00,1557.1,1557.27,1557.1,1557.27,0.01,21.5,33460.03,1
2024-06-12,2024-06-12 14:44:00,1557.27,1557.44,1557.27,1557.44,0.01,21.5,33460.03,1
2024-06-12,2024-06-12 14:45:00,1557.44,1557.61,1557.44,1557.61,0.01,21.5,33460.03,1
2024-06-12,2024-06-12 14:46:00,1557.61,1557.78,1557.61,1557.78,0.01,21.5,33460.03,1
2024-06-12,2024-06-12 14:47:00,1557.78,1557.95,1557.78,1557.95,0.01,21.5,33460.03,1
2024-06-12,2024-06-12 14:48:00,1557.95,1558.12,1557.95,1558.12,0.01,21.5,33460.03,1
2024-06-12,2024-06-12 14:49:00,1558.12,1558.29,1558.12,1558.29,0.01,21.5,33460.03,1
2024-06-12,2024-06-12 14:50:00,1558.29,1558.46,1558.29,1558.46,0.01,21.5,33460.03,1
2024-06-12,2024-06-12 14:51:00,1558.46,1558.63,1558.46,1558.63,0.01,21.5,33460.03,1
2024-06-12,2024-06-12 14:52:00,1558.63,1558.8,1558.63,1558.8,0.01,21.5,33460.03,1
2024-06-12,2024-06-12 14:53:00,1558.8,1558.97,1558.8,1558.97,0.01,21.5,33460.03,1
2024-06-12,2024-06-12 14:54:00,1558.97,1559.15,1558.97,1559.15,0.01,21.5,33460.03,1
2024-06-12,2024-06-12 14:55:00,1559.15,1559.32,1559.15,1559.32,0.01,21.5,33460.03,1
2024-06-12,2024-06-12 14:56:00,1559.32,1559.49,1559.32,1559.49,0.01,21.5,33460.03,1
2024-06-12,2024-06-12 14:57:00,1559.49,1559.66,1559.49,1559.66,0.01,21.5,33460.03,1
2024-06-12,2024-06-12 14:58:00,1559.66,1559.83,1559.66,1559.83,0.01,21.5,33460.03,1
2024-06-12,2024-06-12 14:59:00,1559.83,1560.0,1559.83,1560.0,0.01,21.5,33460.03,1
2024-06-12,2024-06-12 15:00:00,1560.0,1573.0,1519.0,1560.0,0.0,21.5,33460.03,0
2024-06-13,2024-06-13 11:00:00,1530.0,1546.5,1527.0,1530.08,0.01,17.92,27597.07,1
2024-06-13,2024-06-13 11:01:00,1530.08,1530.17,1530.08,1530.17,0.01,17.92,27597.07,1
2024-06-13,2024-06-13 11:02:00,1530.17,1530.25,1530.17,1530.25,0.01,17.92,27597.07,1
2024-06-13,2024-06-13 11:03:00,1530.25,1530.33,1530.25,1530.33,0.01,17.92,27597.07,1
2024-06-13,2024-06-13 11:04:00,1530.33,1530.42,1530.33,1530.42,0.01,17.92,27597.07,1
2024-06-13,2024-06-13 11:05:00,1530.42,1530.5,1530.42,1530.5,0.01,17.92,27597.07,1
2024-06-13,2024-06-13 11:06:00,1530.5,1530.58,1530.5,1530.58,0.01,17.92,27597.07,1
2024-06-13,2024-06-13 11:07:00,1530.58,1530.67,1530.58,1530.67,0.01,17.92,27597.07,1
2024-06-13,2024-06-13 11:08:00,1530.67,1530.75,1530.67,1530.75,0.01,17.92,27597.07,1
2024-06-13,2024-06-13 11:09:00,1530.75,1530.83,1530.75,1530.83,0.01,17.92,27597.07,1
2024-06-13,2024-06-13 11:10:00,1530.83,1530.92,1530.83,1530.92,0.01,17.92,27597.07,1
2024-06-13,2024-06-13 11:11:00,1530.92,1531.0,1530.92,1531.0,0.01,17.92,27597.07,1
2024-06-13,2024-06-13 11:12:00,1531.0,1531.08,1531.0,1531.08,0.01,17.92,27597.07,1
2024-06-13,2024-06-13 11:13:00,1531.08,1531.17,1531.08,1531.17,0.01,17.92,27597.07,1
2024-06-13,2024-06-13 11:14:00,1531.17,1531.25,1531.17,1531.25,0.01,17.92,27597.07,1
2024-06-13,2024-06-13 11:15:00,1531.25,1531.33,1531.25,1531.33,0.01,17.92,27597.07,1
2024-06-13,2024-06-13 11:16:00,1531.33,1531.42,1531.33,1531.42,0.01,17.92,27597.07,1
2024-06-13,2024-06-13 11:17:00,1531.42,1531.5,1531.42,1531.5,0.01,17.92,27597.07,1
2024-06-13,2024-06-13 11:18:00,1531.5,1531.58,1531.5,1531.58,0.01,17.92,27597.07,1
2024-06-13,2024-06-13 11:19:00,1531.58,1531.67,1531.58,1531.67,0.01,17.92,27597.07,1
2024-06-13,2024-06-13 11:20:00,1531.67,1531.75,1531.67,1531.75,0.01,17.92,27597.07,1
2024-06-13,2024-06-13 11:21:00,1531.75,1531.83,1531.75,1531.83,0.01,17.92,27597.07,1
2024-06-13,2024-06-13 11:22:00,1531.83,1531.92,1531.83,1531.92,0.01,17.92,27597.07,1
2024-06-13,2024-06-13 11:23:00,1531.92,1532.0,1531.92,1532.0,0.01,17.92,27597.07,1
2024-06-13,2024-06-13 11:24:00,1532.0,1532.08,1532.0,1532.08,0.01,17.92,27597.07,1
2024-06-13,2024-06-13 11:25:00,1532.08,1532.17,1532.08,1532.17,0.01,17.92,27597.07,1
2024-06-13,2024-06-13 11:26:00,1532.17,1532.25,1532.17,1532.25,0.01,17.92,27597.07,1
2024-06-13,2024-06-13 11:27:00,1532.25,1532.33,1532.25,1532.33,0.01,17.92,27597.07,1
2024-06-13,2024-06-13 11:28:00,1532.33,1532.42,1532.33,1532.42,0.01,17.92,27597.07,1
2024-06-13,2024-06-13 11:29:00,1532.42,1532.5,1532.42,1532.5,0.01,17.92,27597.07,1
2024-06-13,2024-06-13 11:30:00,1532.5,1532.58,1532.5,1532.58,0.01,17.92,27597.07,1
2024-06-13,2024-06-13 11:31:00,1532.58,1532.67,1532.58,1532.67,0.01,17.92,27597.07,1
2024-06-13,2024-06-13 11:32:00,1532.67,1532.75,1532.67,1532.75,0.01,17.92,27597.07,1
2024-06-13,2024-06-13 11:33:00,1532.75,1532.83,1532.75,1532.83,0.01,17.92,27597.07,1
2024-06-13,2024-06-13 11:34:00,1532.83,1532.92,1532.83,1532.92,0.01,17.92,27597.07,1
2024-06-13,2024-06-13 11:35:00,1532.92,1533.0,1532.92,1533.0,0.01,17.92,27597.07,1
2024-06-13,2024-06-13 11:36:00,1533.0,1533.08,1533.0,1533.08,0.01,17.92,27597.07,1
2024-06-13,2024-06-13 11:37:00,1533.08,1533.17,1533.08,1533.17,0.01,17.92,27597.07,1
2024-06-13,2024-06-13 11:38:00,1533.17,1533.25,1533.17,1533.25,0.01,17.92,27597.07,1
2024-06-13,2024-06-13 11:39:00,1533.25,1533.33,1533.25,1533.33,0.01,17.92,27597.07,1
2024-06-13,2024-06-13 11:40:00,1533.33,1533.42,1533.33,1533.42,0.01,17.92,27597.07,1
2024-06-13,2024-06-13 11:41:00,1533.42,1533.5,1533.42,1533.5,0.01,17.92,27597.07,1
2024-06-13,2024-06-13 11:42:00,1533.5,1533.58,1533.5,1533.58,0.01,17.92,27597.07,1
2024-06-13,2024-06-13 11:43:00,1533.58,1533.67,1533.58,1533.67,0.01,17.92,27597.07,1
2024-06-13,2024-06-13 11:44:00,1533.67,1533.75,1533.67,1533.75,0.01,17.92,27597.07,1
2024-06-13,2024-06-13 11:45:00,1533.75,1533.83,1533.75,1533.83,0.01,17.92,27597.07,1
2024-06-13,2024-06-13 11:46:00,1533.83,1533.92,1533.83,1533.92,0.01,17.92,27597.07,1
2024-06-13,2024-06-13 11:47:00,1533.92,1534.0,1533.92,1534.0,0.01,17.92,27597.07,1
2024-06-13,2024-06-13 11:48:00,1534.0,1534.08,1534.0,1534.08,0.01,17.92,27597.07,1
2024-06-13,2024-06-13 11:49:00,1534.08,1534.17,1534.08,1534.17,0.01,17.92,27597.07,1
2024-06-13,2024-06-13 11:50:00,1534.17,1534.25,1534.17,1534.25,0.01,17.92,27597.07,1
2024-06-13,2024-06-13 11:51:00,1534.25,1534.33,1534.25,1534.33,0.01,17.92,27597.07,1
2024-06-13,2024-06-13 11:52:00,1534.33,1534.42,1534.33,1534.42,0.01,17.92,27597.07,1
2024-06-13,2024-06-13 11:53:00,1534.42,1534.5,1534.42,1534.5,0.01,17.92,27597.07,1
2024-06-13,2024-06-13 11:54:00,1534.5,1534.58,1534.5,1534.58,0.01,17.92,27597.07,1
2024-06-13,2024-06-13 11:55:00,1534.58,1534.67,1534.58,1534.67,0.01,17.92,27597.07,1
2024-06-13,2024-06-13 11:56:00,1534.67,1534.75,1534.67,1534.75,0.01,17.92,27597.07,1
2024-06-13,2024-06-13 11:57:00,1534.75,1534.83,1534.75,1534.83,0.01,17.92,27597.07,1
2024-06-13,2024-06-13 11:58:00,1534.83,1534.92,1534.83,1534.92,0.01,17.92,27597.07,1
2024-06-13,2024-06-13 11:59:00,1534.92,1535.0,1534.92,1535.0,0.01,17.92,27597.07,1
2024-06-13,2024-06-13 12:00:00,1535.0,1535.08,1535.0,1535.08,0.01,17.92,27597.07,1
2024-06-13,2024-06-13 12:01:00,1535.08,1535.17,1535.08,1535.17,0.01,17.92,27597.07,1
2024-06-13,2024-06-13 12:02:00,1535.17,1535.25,1535.17,1535.25,0.01,17.92,27597.07,1
2024-06-13,2024-06-13 12:03:00,1535.25,1535.33,1535.25,1535.33,0.01,17.92,27597.07,1
2024-06-13,2024-06-13 12:04:00,1535.33,1535.42,1535.33,1535.42,0.01,17.92,27597.07,1
2024-06-13,2024-06-13 12:05:00,1535.42,1535.5,1535.42,1535.5,0.01,17.92,27597.07,1
2024-06-13,2024-06-13 12:06:00,1535.5,1535.58,1535.5,1535.58,0.01,17.92,27597.07,1
2024-06-13,2024-06-13 12:07:00,1535.58,1535.67,1535.58,1535.67,0.01,17.92,27597.07,1
2024-06-13,2024-06-13 12:08:00,1535.67,1535.75,1535.67,1535.75,0.01,17.92,27597.07,1
2024-06-13,2024-06-13 12:09:00,1535.75,1535.83,1535.75,1535.83,0.01,17.92,27597.07,1
2024-06-13,2024-06-13 12:10:00,1535.83,1535.92,1535.83,1535.92,0.01,17.92,27597.07,1
2024-06-13,2024-06-13 12:11:00,1535.92,1536.0,1535.92,1536.0,0.01,17.92,27597.07,1
2024-06-13,2024-06-13 12:12:00,1536.0,1536.08,1536.0,1536.08,0.01,17.92,27597.07,1
2024-06-13,2024-06-13 12:13:00,1536.08,1536.17,1536.08,1536.17,0.01,17.92,27597.07,1
2024-06-13,2024-06-13 12:14:00,1536.17,1536.25,1536.17,1536.25,0.01,17.92,27597.07,1
2024-06-13,2024-06-13 12:15:00,1536.25,1536.33,1536.25,1536.33,0.01,17.92,27597.07,1
2024-06-13,2024-06-13 12:16:00,1536.33,1536.42,1536.33,1536.42,0.01,17.92,27597.07,1
2024-06-13,2024-06-13 12:17:00,1536.42,1536.5,1536.42,1536.5,0.01,17.92,27597.07,1
2024-06-13,2024-06-13 12:18:00,1536.5,1536.58,1536.5,1536.58,0.01,17.92,27597.07,1
2024-06-13,2024-06-13 12:19:00,1536.58,1536.67,1536.58,1536.67,0.01,17.92,27597.07,1
2024-06-13,2024-06-13 12:20:00,1536.67,1536.75,1536.67,1536.75,0.01,17.92,27597.07,1
2024-06-13,2024-06-13 12:21:00,1536.75,1536.83,1536.75,1536.83,0.01,17.92,27597.07,1
2024-06-13,2024-06-13 12:22:00,1536.83,1536.92,1536.83,1536.92,0.01,17.92,27597.07,1
2024-06-13,2024-06-13 12:23:00,1536.92,1537.0,1536.92,1537.0,0.01,17.92,27597.07,1
2024-06-13,2024-06-13 12:24:00,1537.0,1537.08,1537.0,1537.08,0.01,17.92,27597.07,1
2024-06-13,2024-06-13 12:25:00,1537.08,1537.17,1537.08,1537.17,0.01,17.92,27597.07,1
2024-06-13,2024-06-13 12:26:00,1537.17,1537.25,1537.17,1537.25,0.01,17.92,27597.07,1
2024-06-13,2024-06-13 12:27:00,1537.25,1537.33,1537.25,1537.33,0.01,17.92,27597.07,1
2024-06-13,2024-06-13 12:28:00,1537.33,1537.42,1537.33,1537.42,0.01,17.92,27597.07,1
2024-06-13,2024-06-13 12:29:00,1537.42,1537.5,1537.42,1537.5,0.01,17.92,27597.07,1
2024-06-13,2024-06-13 12:30:00,1537.5,1537.58,1537.5,1537.58,0.01,17.92,27597.07,1
2024-06-13,2024-06-13 12:31:00,1537.58,1537.67,1537.58,1537.67,0.01,17.92,27597.07,1
2024-06-13,2024-06-13 12:32:00,1537.67,1537.75,1537.67,1537.75,0.01,17.92,27597.07,1
2024-06-13,2024-06-13 12:33:00,1537.75,1537.83,1537.75,1537.83,0.01,17.92,27597.07,1
2024-06-13,2024-06-13 12:34:00,1537.83,1537.92,1537.83,1537.92,0.01,17.92,27597.07,1
2024-06-13,2024-06-13 12:35:00,1537.92,1538.0,1537.92,1538.0,0.01,17.92,27597.07,1
2024-06-13,2024-06-13 12:36:00,1538.0,1538.08,1538.0,1538.08,0.01,17.92,27597.07,1
2024-06-13,2024-06-13 12:37:00,1538.08,1538.17,1538.08,1538.17,0.01,17.92,27597.07,1
2024-06-13,2024-06-13 12:38:00,1538.17,1538.25,1538.17,1538.25,0.01,17.92,27597.07,1
2024-06-13,2024-06-13 12:39:00,1538.25,1538.33,1538.25,1538.33,0.01,17.92,27597.07,1
2024-06-13,2024-06-13 12:40:00,1538.33,1538.42,1538.33,1538.42,0.01,17.92,27597.07,1
2024-06-13,2024-06-13 12:41:00,1538.42,1538.5,1538.42,1538.5,0.01,17.92,27597.07,1
2024-06-13,2024-06-13 12:42:00,1538.5,1538.58,1538.5,1538.58,0.01,17.92,27597.07,1
2024-06-13,2024-06-13 12:43:00,1538.58,1538.67,1538.58,1538.67,0.01,17.92,27597.07,1
2024-06-13,2024-06-13 12:44:00,1538.67,1538.75,1538.67,1538.75,0.01,17.92,27597.07,1
2024-06-13,2024-06-13 12:45:00,1538.75,1538.83,1538.75,1538.83,0.01,17.92,27597.07,1
2024-06-13,2024-06-13 12:46:00,1538.83,1538.92,1538.83,1538.92,0.01,17.92,27597.07,1
2024-06-13,2024-06-13 12:47:00,1538.92,1539.0,1538.92,1539.0,0.01,17.92,27597.07,1
2024-06-13,2024-06-13 12:48:00,1539.0,1539.08,1539.0,1539.08,0.01,17.92,27597.07,1
2024-06-13,2024-06-13 12:49:00,1539.08,1539.17,1539.08,1539.17,0.01,17.92,27597.07,1
2024-06-13,2024-06-13 12:50:00,1539.17,1539.25,1539.17,1539.25,0.01,17.92,27597.07,1
2024-06-13,2024-06-13 12:51:00,1539.25,1539.33,1539.25,1539.33,0.01,17.92,27597.07,1
2024-06-13,2024-06-13 12:52:00,1539.33,1539.42,1539.33,1539.42,0.01,17.92,27597.07,1
2024-06-13,2024-06-13 12:53:00,1539.42,1539.5,1539.42,1539.5,0.01,17.92,27597.07,1
2024-06-13,2024-06-13 12:54:00,1539.5,1539.58,1539.5,1539.58,0.01,17.92,27597.07,1
2024-06-13,2024-06-13 12:55:00,1539.58,1539.67,1539.58,1539.67,0.01,17.92,27597.07,1
2024-06-13,2024-06-13 12:56:00,1539.67,1539.75,1539.67,1539.75,0.01,17.92,27597.07,1
2024-06-13,2024-06-13 12:57:00,1539.75,1539.83,1539.75,1539.83,0.01,17.92,27597.07,1
2024-06-13,2024-06-13 12:58:00,1539.83,1539.92,1539.83,1539.92,0.01,17.92,27597.07,1
2024-06-13,2024-06-13 12:59:00,1539.92,1540.0,1539.92,1540.0,0.01,17.92,27597.07,1
2024-06-13,2024-06-13 13:00:00,1540.0,1585.0,1520.0,1540.08,0.01,17.92,27597.07,1
2024-06-13,2024-06-13 13:01:00,1540.08,1540.17,1540.08,1540.17,0.01,17.92,27597.07,1
2024-06-13,2024-06-13 13:02:00,1540.17,1540.25,1540.17,1540.25,0.01,17.92,27597.07,1
2024-06-13,2024-06-13 13:03:00,1540.25,1540.33,1540.25,1540.33,0.01,17.92,27597.07,1
2024-06-13,2024-06-13 13:04:00,1540.33,1540.42,1540.33,1540.42,0.01,17.92,27597.07,1
2024-06-13,2024-06-13 13:05:00,1540.42,1540.5,1540.42,1540.5,0.01,17.92,27597.07,1
2024-06-13,2024-06-13 13:06:00,1540.5,1540.58,1540.5,1540.58,0.01,17.92,27597.07,1
2024-06-13,2024-06-13 13:07:00,1540.58,1540.67,1540.58,1540.67,0.01,17.92,27597.07,1
2024-06-13,2024-06-13 13:08:00,1540.67,1540.75,1540.67,1540.75,0.01,17.92,27597.07,1
2024-06-13,2024-06-13 13:09:00,1540.75,1540.83,1540.75,1540.83,0.01,17.92,27597.07,1
2024-06-13,2024-06-13 13:10:00,1540.83,1540.92,1540.83,1540.92,0.01,17.92,27597.07,1
2024-06-13,2024-06-13 13:11:00,1540.92,1541.0,1540.92,1541.0,0.01,17.92,27597.07,1
2024-06-13,2024-06-13 13:12:00,1541.0,1541.08,1541.0,1541.08,0.01,17.92,27597.07,1
2024-06-13,2024-06-13 13:13:00,1541.08,1541.17,1541.08,1541.17,0.01,17.92,27597.07,1
2024-06-13,2024-06-13 13:14:00,1541.17,1541.25,1541.17,1541.25,0.01,17.92,27597.07,1
2024-06-13,2024-06-13 13:15:00,1541.25,1541.33,1541.25,1541.33,0.01,17.92,27597.07,1
2024-06-13,2024-06-13 13:16:00,1541.33,1541.42,1541.33,1541.42,0.01,17.92,27597.07,1
2024-06-13,2024-06-13 13:17:00,1541.42,1541.5,1541.42,1541.5,0.01,17.92,27597.07,1
2024-06-13,2024-06-13 13:18:00,1541.5,1541.58,1541.5,1541.58,0.01,17.92,27597.07,1
2024-06-13,2024-06-13 13:19:00,1541.58,1541.67,1541.58,1541.67,0.01,17.92,27597.07,1
2024-06-13,2024-06-13 13:20:00,1541.67,1541.75,1541.67,1541.75,0.01,17.92,27597.07,1
2024-06-13,2024-06-13 13:21:00,1541.75,1541.83,1541.75,1541.83,0.01,17.92,27597.07,1
2024-06-13,2024-06-13 13:22:00,1541.83,1541.92,1541.83,1541.92,0.01,17.92,27597.07,1
2024-06-13,2024-06-13 13:23:00,1541.92,1542.0,1541.92,1542.0,0.01,17.92,27597.07,1
2024-06-13,2024-06-13 13:24:00,1542.0,1542.08,1542.0,1542.08,0.01,17.92,27597.07,1
2024-06-13,2024-06-13 13:25:00,1542.08,1542.17,1542.08,1542.17,0.01,17.92,27597.07,1
2024-06-13,2024-06-13 13:26:00,1542.17,1542.25,1542.17,1542.25,0.01,17.92,27597.07,1
2024-06-13,2024-06-13 13:27:00,1542.25,1542.33,1542.25,1542.33,0.01,17.92,27597.07,1
2024-06-13,2024-06-13 13:28:00,1542.33,1542.42,1542.33,1542.42,0.01,17.92,27597.07,1
2024-06-13,2024-06-13 13:29:00,1542.42,1542.5,1542.42,1542.5,0.01,17.92,27597.07,1
2024-06-13,2024-06-13 13:30:00,1542.5,1542.58,1542.5,1542.58,0.01,17.92,27597.07,1
2024-06-13,2024-06-13 13:31:00,1542.58,1542.67,1542.58,1542.67,0.01,17.92,27597.07,1
2024-06-13,2024-06-13 13:32:00,1542.67,1542.75,1542.67,1542.75,0.01,17.92,27597.07,1
2024-06-13,2024-06-13 13:33:00,1542.75,1542.83,1542.75,1542.83,0.01,17.92,27597.07,1
2024-06-13,2024-06-13 13:34:00,1542.83,1542.92,1542.83,1542.92,0.01,17.92,27597.07,1
2024-06-13,2024-06-13 13:35:00,1542.92,1543.0,1542.92,1543.0,0.01,17.92,27597.07,1
2024-06-13,2024-06-13 13:36:00,1543.0,1543.08,1543.0,1543.08,0.01,17.92,27597.07,1
2024-06-13,2024-06-13 13:37:00,1543.08,1543.17,1543.08,1543.17,0.01,17.92,27597.07,1
2024-06-13,2024-06-13 13:38:00,1543.17,1543.25,1543.17,1543.25,0.01,17.92,27597.07,1
2024-06-13,2024-06-13 13:39:00,1543.25,1543.33,1543.25,1543.33,0.01,17.92,27597.07,1
2024-06-13,2024-06-13 13:40:00,1543.33,1543.42,1543.33,1543.42,0.01,17.92,27597.07,1
2024-06-13,2024-06-13 13:41:00,1543.42,1543.5,1543.42,1543.5,0.01,17.92,27597.07,1
2024-06-13,2024-06-13 13:42:00,1543.5,1543.58,1543.5,1543.58,0.01,17.92,27597.07,1
2024-06-13,2024-06-13 13:43:00,1543.58,1543.67,1543.58,1543.67,0.01,17.92,27597.07,1
2024-06-13,2024-06-13 13:44:00,1543.67,1543.75,1543.67,1543.75,0.01,17.92,27597.07,1
2024-06-13,2024-06-13 13:45:00,1543.75,1543.83,1543.75,1543.83,0.01,17.92,27597.07,1
2024-06-13,2024-06-13 13:46:00,1543.83,1543.92,1543.83,1543.92,0.01,17.92,27597.07,1
2024-06-13,2024-06-13 13:47:00,1543.92,1544.0,1543.92,1544.0,0.01,17.92,27597.07,1
2024-06-13,2024-06-13 13:48:00,1544.0,1544.08,1544.0,1544.08,0.01,17.92,27597.07,1
2024-06-13,2024-06-13 13:49:00,1544.08,1544.17,1544.08,1544.17,0.01,17.92,27597.07,1
2024-06-13,2024-06-13 13:50:00,1544.17,1544.25,1544.17,1544.25,0.01,17.92,27597.07,1
2024-06-13,2024-06-13 13:51:00,1544.25,1544.33,1544.25,1544.33,0.01,17.92,27597.07,1
2024-06-13,2024-06-13 13:52:00,1544.33,1544.42,1544.33,1544.42,0.01,17.92,27597.07,1
2024-06-13,2024-06-13 13:53:00,1544.42,1544.5,1544.42,1544.5,0.01,17.92,27597.07,1
2024-06-13,2024-06-13 13:54:00,1544.5,1544.58,1544.5,1544.58,0.01,17.92,27597.07,1
2024-06-13,2024-06-13 13:55:00,1544.58,1544.67,1544.58,1544.67,0.01,17.92,27597.07,1
2024-06-13,2024-06-13 13:56:00,1544.67,1544.75,1544.67,1544.75,0.01,17.92,27597.07,1
2024-06-13,2024-06-13 13:57:00,1544.75,1544.83,1544.75,1544.83,0.01,17.92,27597.07,1
2024-06-13,2024-06-13 13:58:00,1544.83,1544.92,1544.83,1544.92,0.01,17.92,27597.07,1
2024-06-13,2024-06-13 13:59:00,1544.92,1545.0,1544.92,1545.0,0.01,17.92,27597.07,1
2024-06-13,2024-06-13 14:00:00,1545.0,1545.08,1545.0,1545.08,0.01,17.92,27597.07,1
2024-06-13,2024-06-13 14:01:00,1545.08,1545.17,1545.08,1545.17,0.01,17.92,27597.07,1
2024-06-13,2024-06-13 14:02:00,1545.17,1545.25,1545.17,1545.25,0.01,17.92,27597.07,1
2024-06-13,2024-06-13 14:03:00,1545.25,1545.33,1545.25,1545.33,0.01,17.92,27597.07,1
2024-06-13,2024-06-13 14:04:00,1545.33,1545.42,1545.33,1545.42,0.01,17.92,27597.07,1
2024-06-13,2024-06-13 14:05:00,1545.42,1545.5,1545.42,1545.5,0.01,17.92,27597.07,1
2024-06-13,2024-06-13 14:06:00,1545.5,1545.58,1545.5,1545.58,0.01,17.92,27597.07,1
2024-06-13,2024-06-13 14:07:00,1545.58,1545.67,1545.58,1545.67,0.01,17.92,27597.07,1
2024-06-13,2024-06-13 14:08:00,1545.67,1545.75,1545.67,1545.75,0.01,17.92,27597.07,1
2024-06-13,2024-06-13 14:09:00,1545.75,1545.83,1545.75,1545.83,0.01,17.92,27597.07,1
2024-06-13,2024-06-13 14:10:00,1545.83,1545.92,1545.83,1545.92,0.01,17.92,27597.07,1
2024-06-13,2024-06-13 14:11:00,1545.92,1546.0,1545.92,1546.0,0.01,17.92,27597.07,1
2024-06-13,2024-06-13 14:12:00,1546.0,1546.08,1546.0,1546.08,0.01,17.92,27597.07,1
2024-06-13,2024-06-13 14:13:00,1546.08,1546.17,1546.08,1546.17,0.01,17.92,27597.07,1
2024-06-13,2024-06-13 14:14:00,1546.17,1546.25,1546.17,1546.25,0.01,17.92,27597.07,1
2024-06-13,2024-06-13 14:15:00,1546.25,1546.33,1546.25,1546.33,0.01,17.92,27597.07,1
2024-06-13,2024-06-13 14:16:00,1546.33,1546.42,1546.33,1546.42,0.01,17.92,27597.07,1
2024-06-13,2024-06-13 14:17:00,1546.42,1546.5,1546.42,1546.5,0.01,17.92,27597.07,1
2024-06-13,2024-06-13 14:18:00,1546.5,1546.58,1546.5,1546.58,0.01,17.92,27597.07,1
2024-06-13,2024-06-13 14:19:00,1546.58,1546.67,1546.58,1546.67,0.01,17.92,27597.07,1
2024-06-13,2024-06-13 14:20:00,1546.67,1546.75,1546.67,1546.75,0.01,17.92,27597.07,1
2024-06-13,2024-06-13 14:21:00,1546.75,1546.83,1546.75,1546.83,0.01,17.92,27597.07,1
2024-06-13,2024-06-13 14:22:00,1546.83,1546.92,1546.83,1546.92,0.01,17.92,27597.07,1
2024-06-13,2024-06-13 14:23:00,1546.92,1547.0,1546.92,1547.0,0.01,17.92,27597.07,1
2024-06-13,2024-06-13 14:24:00,1547.0,1547.08,1547.0,1547.08,0.01,17.92,27597.07,1
2024-06-13,2024-06-13 14:25:00,1547.08,1547.17,1547.08,1547.17,0.01,17.92,27597.07,1
2024-06-13,2024-06-13 14:26:00,1547.17,1547.25,1547.17,1547.25,0.01,17.92,27597.07,1
2024-06-13,2024-06-13 14:27:00,1547.25,1547.33,1547.25,1547.33,0.01,17.92,27597.07,1
2024-06-13,2024-06-13 14:28:00,1547.33,1547.42,1547.33,1547.42,0.01,17.92,27597.07,1
2024-06-13,2024-06-13 14:29:00,1547.42,1547.5,1547.42,1547.5,0.01,17.92,27597.07,1
2024-06-13,2024-06-13 14:30:00,1547.5,1547.58,1547.5,1547.58,0.01,17.92,27597.07,1
2024-06-13,2024-06-13 14:31:00,1547.58,1547.67,1547.58,1547.67,0.01,17.92,27597.07,1
2024-06-13,2024-06-13 14:32:00,1547.67,1547.75,1547.67,1547.75,0.01,17.92,27597.07,1
2024-06-13,2024-06-13 14:33:00,1547.75,1547.83,1547.75,1547.83,0.01,17.92,27597.07,1
2024-06-13,2024-06-13 14:34:00,1547.83,1547.92,1547.83,1547.92,0.01,17.92,27597.07,1
2024-06-13,2024-06-13 14:35:00,1547.92,1548.0,1547.92,1548.0,0.01,17.92,27597.07,1
2024-06-13,2024-06-13 14:36:00,1548.0,1548.08,1548.0,1548.08,0.01,17.92,27597.07,1
2024-06-13,2024-06-13 14:37:00,1548.08,1548.17,1548.08,1548.17,0.01,17.92,27597.07,1
2024-06-13,2024-06-13 14:38:00,1548.17,1548.25,1548.17,1548.25,0.01,17.92,27597.07,1
2024-06-13,2024-06-13 14:39:00,1548.25,1548.33,1548.25,1548.33,0.01,17.92,27597.07,1
2024-06-13,2024-06-13 14:40:00,1548.33,1548.42,1548.33,1548.42,0.01,17.92,27597.07,1
2024-06-13,2024-06-13 14:41:00,1548.42,1548.5,1548.42,1548.5,0.01,17.92,27597.07,1
2024-06-13,2024-06-13 14:42:00,1548.5,1548.58,1548.5,1548.58,0.01,17.92,27597.07,1
2024-06-13,2024-06-13 14:43:00,1548.58,1548.67,1548.58,1548.67,0.01,17.92,27597.07,1
2024-06-13,2024-06-13 14:44:00,1548.67,1548.75,1548.67,1548.75,0.01,17.92,27597.07,1
2024-06-13,2024-06-13 14:45:00,1548.75,1548.83,1548.75,1548.83,0.01,17.92,27597.07,1
2024-06-13,2024-06-13 14:46:00,1548.83,1548.92,1548.83,1548.92,0.01,17.92,27597.07,1
2024-06-13,2024-06-13 14:47:00,1548.92,1549.0,1548.92,1549.0,0.01,17.92,27597.07,1
2024-06-13,2024-06-13 14:48:00,1549.0,1549.08,1549.0,1549.08,0.01,17.92,27597.07,1
2024-06-13,2024-06-13 14:49:00,1549.08,1549.17,1549.08,1549.17,0.01,17.92,27597.07,1
2024-06-13,2024-06-13 14:50:00,1549.17,1549.25,1549.17,1549.25,0.01,17.92,27597.07,1
2024-06-13,2024-06-13 14:51:00,1549.25,1549.33,1549.25,1549.33,0.01,17.92,27597.07,1
2024-06-13,2024-06-13 14:52:00,1549.33,1549.42,1549.33,1549.42,0.01,17.92,27597.07,1
2024-06-13,2024-06-13 14:53:00,1549.42,1549.5,1549.42,1549.5,0.01,17.92,27597.07,1
2024-06-13,2024-06-13 14:54:00,1549.5,1549.58,1549.5,1549.58,0.01,17.92,27597.07,1
2024-06-13,2024-06-13 14:55:00,1549.58,1549.67,1549.58,1549.67,0.01,17.92,27597.07,1
2024-06-13,2024-06-13 14:56:00,1549.67,1549.75,1549.67,1549.75,0.01,17.92,27597.07,1
2024-06-13,2024-06-13 14:57:00,1549.75,1549.83,1549.75,1549.83,0.01,17.92,27597.07,1
2024-06-13,2024-06-13 14:58:00,1549.83,1549.92,1549.83,1549.92,0.01,17.92,27597.07,1
2024-06-13,2024-06-13 14:59:00,1549.92,1550.0,1549.92,1550.0,0.01,17.92,27597.07,1
2024-06-13,2024-06-13 15:00:00,1550.0,1585.0,1520.0,1550.0,0.0,17.92,27597.07,0
2024-06-16,2024-06-16 11:00:00,1549.4,1549.4,1531.46,1549.27,-0.01,28.03,42224.71,-1
2024-06-16,2024-06-16 11:01:00,1549.27,1549.27,1549.14,1549.14,-0.01,28.03,42224.71,-1
2024-06-16,2024-06-16 11:02:00,1549.14,1549.14,1549.01,1549.01,-0.01,28.03,42224.71,-1
2024-06-16,2024-06-16 11:03:00,1549.01,1549.01,1548.88,1548.88,-0.01,28.03,42224.71,-1
2024-06-16,2024-06-16 11:04:00,1548.88,1548.88,1548.75,1548.75,-0.01,28.03,42224.71,-1
2024-06-16,2024-06-16 11:05:00,1548.75,1548.75,1548.62,1548.62,-0.01,28.03,42224.71,-1
2024-06-16,2024-06-16 11:06:00,1548.62,1548.62,1548.48,1548.48,-0.01,28.03,42224.71,-1
2024-06-16,2024-06-16 11:07:00,1548.48,1548.48,1548.35,1548.35,-0.01,28.03,42224.71,-1
2024-06-16,2024-06-16 11:08:00,1548.35,1548.35,1548.22,1548.22,-0.01,28.03,42224.71,-1
2024-06-16,2024-06-16 11:09:00,1548.22,1548.22,1548.09,1548.09,-0.01,28.03,42224.71,-1
2024-06-16,2024-06-16 11:10:00,1548.09,1548.09,1547.96,1547.96,-0.01,28.03,42224.71,-1
2024-06-16,2024-06-16 11:11:00,1547.96,1547.96,1547.83,1547.83,-0.01,28.03,42224.71,-1
2024-06-16,2024-06-16 11:12:00,1547.83,1547.83,1547.7,1547.7,-0.01,28.03,42224.71,-1
2024-06-16,2024-06-16 11:13:00,1547.7,1547.7,1547.57,1547.57,-0.01,28.03,42224.71,-1
2024-06-16,2024-06-16 11:14:00,1547.57,1547.57,1547.44,1547.44,-0.01,28.03,42224.71,-1
2024-06-16,2024-06-16 11:15:00,1547.44,1547.44,1547.31,1547.31,-0.01,28.03,42224.71,-1
2024-06-16,2024-06-16 11:16:00,1547.31,1547.31,1547.18,1547.18,-0.01,28.03,42224.71,-1
2024-06-16,2024-06-16 11:17:00,1547.18,1547.18,1547.05,1547.05,-0.01,28.03,42224.71,-1
2024-06-16,2024-06-16 11:18:00,1547.05,1547.05,1546.91,1546.91,-0.01,28.03,42224.71,-1
2024-06-16,2024-06-16 11:19:00,1546.91,1546.91,1546.78,1546.78,-0.01,28.03,42224.71,-1
2024-06-16,2024-06-16 11:20:00,1546.78,1546.78,1546.65,1546.65,-0.01,28.03,42224.71,-1
2024-06-16,2024-06-16 11:21:00,1546.65,1546.65,1546.52,1546.52,-0.01,28.03,42224.71,-1
2024-06-16,2024-06-16 11:22:00,1546.52,1546.52,1546.39,1546.39,-0.01,28.03,42224.71,-1
2024-06-16,2024-06-16 11:23:00,1546.39,1546.39,1546.26,1546.26,-0.01,28.03,42224.71,-1
2024-06-16,2024-06-16 11:24:00,1546.26,1546.26,1546.13,1546.13,-0.01,28.03,42224.71,-1
2024-06-16,2024-06-16 11:25:00,1546.13,1546.13,1546.0,1546.0,-0.01,28.03,42224.71,-1
2024-06-16,2024-06-16 11:26:00,1546.0,1546.0,1545.87,1545.87,-0.01,28.03,42224.71,-1
2024-06-16,2024-06-16 11:27:00,1545.87,1545.87,1545.74,1545.74,-0.01,28.03,42224.71,-1
2024-06-16,2024-06-16 11:28:00,1545.74,1545.74,1545.61,1545.61,-0.01,28.03,42224.71,-1
2024-06-16,2024-06-16 11:29:00,1545.61,1545.61,1545.48,1545.48,-0.01,28.03,42224.71,-1
2024-06-16,2024-06-16 11:30:00,1545.48,1545.48,1545.34,1545.34,-0.01,28.03,42224.71,-1
2024-06-16,2024-06-16 11:31:00,1545.34,1545.34,1545.21,1545.21,-0.01,28.03,42224.71,-1
2024-06-16,2024-06-16 11:32:00,1545.21,1545.21,1545.08,1545.08,-0.01,28.03,42224.71,-1
2024-06-16,2024-06-16 11:33:00,1545.08,1545.08,1544.95,1544.95,-0.01,28.03,42224.71,-1
2024-06-16,2024-06-16 11:34:00,1544.95,1544.95,1544.82,1544.82,-0.01,28.03,42224.71,-1
2024-06-16,2024-06-16 11:35:00,1544.82,1544.82,1544.69,1544.69,-0.01,28.03,42224.71,-1
2024-06-16,2024-06-16 11:36:00,1544.69,1544.69,1544.56,1544.56,-0.01,28.03,42224.71,-1
2024-06-16,2024-06-16 11:37:00,1544.56,1544.56,1544.43,1544.43,-0.01,28.03,42224.71,-1
2024-06-16,2024-06-16 11:38:00,1544.43,1544.43,1544.3,1544.3,-0.01,28.03,42224.71,-1
2024-06-16,2024-06-16 11:39:00,1544.3,1544.3,1544.17,1544.17,-0.01,28.03,42224.71,-1
2024-06-16,2024-06-16 11:40:00,1544.17,1544.17,1544.04,1544.04,-0.01,28.03,42224.71,-1
2024-06-16,2024-06-16 11:41:00,1544.04,1544.04,1543.9,1543.9,-0.01,28.03,42224.71,-1
2024-06-16,2024-06-16 11:42:00,1543.9,1543.9,1543.77,1543.77,-0.01,28.03,42224.71,-1
2024-06-16,2024-06-16 11:43:00,1543.77,1543.77,1543.64,1543.64,-0.01,28.03,42224.71,-1
2024-06-16,2024-06-16 11:44:00,1543.64,1543.64,1543.51,1543.51,-0.01,28.03,42224.71,-1
2024-06-16,2024-06-16 11:45:00,1543.51,1543.51,1543.38,1543.38,-0.01,28.03,42224.71,-1
2024-06-16,2024-06-16 11:46:00,1543.38,1543.38,1543.25,1543.25,-0.01,28.03,42224.71,-1
2024-06-16,2024-06-16 11:47:00,1543.25,1543.25,1543.12,1543.12,-0.01,28.03,42224.71,-1
2024-06-16,2024-06-16 11:48:00,1543.12,1543.12,1542.99,1542.99,-0.01,28.03,42224.71,-1
2024-06-16,2024-06-16 11:49:00,1542.99,1542.99,1542.86,1542.86,-0.01,28.03,42224.71,-1
2024-06-16,2024-06-16 11:50:00,1542.86,1542.86,1542.73,1542.73,-0.01,28.03,42224.71,-1
2024-06-16,2024-06-16 11:51:00,1542.73,1542.73,1542.6,1542.6,-0.01,28.03,42224.71,-1
2024-06-16,2024-06-16 11:52:00,1542.6,1542.6,1542.47,1542.47,-0.01,28.03,42224.71,-1
2024-06-16,2024-06-16 11:53:00,1542.47,1542.47,1542.34,1542.34,-0.01,28.03,42224.71,-1
2024-06-16,2024-06-16 11:54:00,1542.34,1542.34,1542.2,1542.2,-0.01,28.03,42224.71,-1
2024-06-16,2024-06-16 11:55:00,1542.2,1542.2,1542.07,1542.07,-0.01,28.03,42224.71,-1
2024-06-16,2024-06-16 11:56:00,1542.07,1542.07,1541.94,1541.94,-0.01,28.03,42224.71,-1
2024-06-16,2024-06-16 11:57:00,1541.94,1541.94,1541.81,1541.81,-0.01,28.03,42224.71,-1
2024-06-16,2024-06-16 11:58:00,1541.81,1541.81,1541.68,1541.68,-0.01,28.03,42224.71,-1
2024-06-16,2024-06-16 11:59:00,1541.68,1541.68,1541.55,1541.55,-0.01,28.03,42224.71,-1
2024-06-16,2024-06-16 12:00:00,1541.55,1541.55,1541.42,1541.42,-0.01,28.03,42224.71,-1
2024-06-16,2024-06-16 12:01:00,1541.42,1541.42,1541.29,1541.29,-0.01,28.03,42224.71,-1
2024-06-16,2024-06-16 12:02:00,1541.29,1541.29,1541.16,1541.16,-0.01,28.03,42224.71,-1
2024-06-16,2024-06-16 12:03:00,1541.16,1541.16,1541.03,1541.03,-0.01,28.03,42224.71,-1
2024-06-16,2024-06-16 12:04:00,1541.03,1541.03,1540.9,1540.9,-0.01,28.03,42224.71,-1
2024-06-16,2024-06-16 12:05:00,1540.9,1540.9,1540.77,1540.77,-0.01,28.03,42224.71,-1
2024-06-16,2024-06-16 12:06:00,1540.77,1540.77,1540.63,1540.63,-0.01,28.03,42224.71,-1
2024-06-16,2024-06-16 12:07:00,1540.63,1540.63,1540.5,1540.5,-0.01,28.03,42224.71,-1
2024-06-16,2024-06-16 12:08:00,1540.5,1540.5,1540.37,1540.37,-0.01,28.03,42224.71,-1
2024-06-16,2024-06-16 12:09:00,1540.37,1540.37,1540.24,1540.24,-0.01,28.03,42224.71,-1
2024-06-16,2024-06-16 12:10:00,1540.24,1540.24,1540.11,1540.11,-0.01,28.03,42224.71,-1
2024-06-16,2024-06-16 12:11:00,1540.11,1540.11,1539.98,1539.98,-0.01,28.03,42224.71,-1
2024-06-16,2024-06-16 12:12:00,1539.98,1539.98,1539.85,1539.85,-0.01,28.03,42224.71,-1
2024-06-16,2024-06-16 12:13:00,1539.85,1539.85,1539.72,1539.72,-0.01,28.03,42224.71,-1
2024-06-16,2024-06-16 12:14:00,1539.72,1539.72,1539.59,1539.59,-0.01,28.03,42224.71,-1
2024-06-16,2024-06-16 12:15:00,1539.59,1539.59,1539.46,1539.46,-0.01,28.03,42224.71,-1
2024-06-16,2024-06-16 12:16:00,1539.46,1539.46,1539.33,1539.33,-0.01,28.03,42224.71,-1
2024-06-16,2024-06-16 12:17:00,1539.33,1539.33,1539.2,1539.2,-0.01,28.03,42224.71,-1
2024-06-16,2024-06-16 12:18:00,1539.2,1539.2,1539.06,1539.06,-0.01,28.03,42224.71,-1
2024-06-16,2024-06-16 12:19:00,1539.06,1539.06,1538.93,1538.93,-0.01,28.03,42224.71,-1
2024-06-16,2024-06-16 12:20:00,1538.93,1538.93,1538.8,1538.8,-0.01,28.03,42224.71,-1
2024-06-16,2024-06-16 12:21:00,1538.8,1538.8,1538.67,1538.67,-0.01,28.03,42224.71,-1
2024-06-16,2024-06-16 12:22:00,1538.67,1538.67,1538.54,1538.54,-0.01,28.03,42224.71,-1
2024-06-16,2024-06-16 12:23:00,1538.54,1538.54,1538.41,1538.41,-0.01,28.03,42224.71,-1
2024-06-16,2024-06-16 12:24:00,1538.41,1538.41,1538.28,1538.28,-0.01,28.03,42224.71,-1
2024-06-16,2024-06-16 12:25:00,1538.28,1538.28,1538.15,1538.15,-0.01,28.03,42224.71,-1
2024-06-16,2024-06-16 12:26:00,1538.15,1538.15,1538.02,1538.02,-0.01,28.03,42224.71,-1
2024-06-16,2024-06-16 12:27:00,1538.02,1538.02,1537.89,1537.89,-0.01,28.03,42224.71,-1
2024-06-16,2024-06-16 12:28:00,1537.89,1537.89,1537.76,1537.76,-0.01,28.03,42224.71,-1
2024-06-16,2024-06-16 12:29:00,1537.76,1537.76,1537.62,1537.62,-0.01,28.03,42224.71,-1
2024-06-16,2024-06-16 12:30:00,1537.62,1537.62,1537.49,1537.49,-0.01,28.03,42224.71,-1
2024-06-16,2024-06-16 12:31:00,1537.49,1537.49,1537.36,1537.36,-0.01,28.03,42224.71,-1
2024-06-16,2024-06-16 12:32:00,1537.36,1537.36,1537.23,1537.23,-0.01,28.03,42224.71,-1
2024-06-16,2024-06-16 12:33:00,1537.23,1537.23,1537.1,1537.1,-0.01,28.03,42224.71,-1
2024-06-16,2024-06-16 12:34:00,1537.1,1537.1,1536.97,1536.97,-0.01,28.03,42224.71,-1
2024-06-16,2024-06-16 12:35:00,1536.97,1536.97,1536.84,1536.84,-0.01,28.03,42224.71,-1
2024-06-16,2024-06-16 12:36:00,1536.84,1536.84,1536.71,1536.71,-0.01,28.03,42224.71,-1
2024-06-16,2024-06-16 12:37:00,1536.71,1536.71,1536.58,1536.58,-0.01,28.03,42224.71,-1
2024-06-16,2024-06-16 12:38:00,1536.58,1536.58,1536.45,1536.45,-0.01,28.03,42224.71,-1
2024-06-16,2024-06-16 12:39:00,1536.45,1536.45,1536.32,1536.32,-0.01,28.03,42224.71,-1
2024-06-16,2024-06-16 12:40:00,1536.32,1536.32,1536.19,1536.19,-0.01,28.03,42224.71,-1
2024-06-16,2024-06-16 12:41:00,1536.19,1536.19,1536.06,1536.06,-0.01,28.03,42224.71,-1
2024-06-16,2024-06-16 12:42:00,1536.06,1536.06,1535.92,1535.92,-0.01,28.03,42224.71,-1
2024-06-16,2024-06-16 12:43:00,1535.92,1535.92,1535.79,1535.79,-0.01,28.03,42224.71,-1
2024-06-16,2024-06-16 12:44:00,1535.79,1535.79,1535.66,1535.66,-0.01,28.03,42224.71,-1
2024-06-16,2024-06-16 12:45:00,1535.66,1535.66,1535.53,1535.53,-0.01,28.03,42224.71,-1
2024-06-16,2024-06-16 12:46:00,1535.53,1535.53,1535.4,1535.4,-0.01,28.03,42224.71,-1
2024-06-16,2024-06-16 12:47:00,1535.4,1535.4,1535.27,1535.27,-0.01,28.03,42224.71,-1
2024-06-16,2024-06-16 12:48:00,1535.27,1535.27,1535.14,1535.14,-0.01,28.03,42224.71,-1
2024-06-16,2024-06-16 12:49:00,1535.14,1535.14,1535.01,1535.01,-0.01,28.03,42224.71,-1
2024-06-16,2024-06-16 12:50:00,1535.01,1535.01,1534.88,1534.88,-0.01,28.03,42224.71,-1
2024-06-16,2024-06-16 12:51:00,1534.88,1534.88,1534.75,1534.75,-0.01,28.03,42224.71,-1
2024-06-16,2024-06-16 12:52:00,1534.75,1534.75,1534.62,1534.62,-0.01,28.03,42224.71,-1
2024-06-16,2024-06-16 12:53:00,1534.62,1534.62,1534.49,1534.49,-0.01,28.03,42224.71,-1
2024-06-16,2024-06-16 12:54:00,1534.49,1534.49,1534.35,1534.35,-0.01,28.03,42224.71,-1
2024-06-16,2024-06-16 12:55:00,1534.35,1534.35,1534.22,1534.22,-0.01,28.03,42224.71,-1
2024-06-16,2024-06-16 12:56:00,1534.22,1534.22,1534.09,1534.09,-0.01,28.03,42224.71,-1
2024-06-16,2024-06-16 12:57:00,1534.09,1534.09,1533.96,1533.96,-0.01,28.03,42224.71,-1
2024-06-16,2024-06-16 12:58:00,1533.96,1533.96,1533.83,1533.83,-0.01,28.03,42224.71,-1
2024-06-16,2024-06-16 12:59:00,1533.83,1533.83,1533.7,1533.7,-0.01,28.03,42224.71,-1
2024-06-16,2024-06-16 13:00:00,1533.7,1549.4,1489.6,1533.57,-0.01,28.03,42224.71,-1
2024-06-16,2024-06-16 13:01:00,1533.57,1533.57,1533.44,1533.44,-0.01,28.03,42224.71,-1
2024-06-16,2024-06-16 13:02:00,1533.44,1533.44,1533.31,1533.31,-0.01,28.03,42224.71,-1
2024-06-16,2024-06-16 13:03:00,1533.31,1533.31,1533.18,1533.18,-0.01,28.03,42224.71,-1
2024-06-16,2024-06-16 13:04:00,1533.18,1533.18,1533.05,1533.05,-0.01,28.03,42224.71,-1
2024-06-16,2024-06-16 13:05:00,1533.05,1533.05,1532.91,1532.91,-0.01,28.03,42224.71,-1
2024-06-16,2024-06-16 13:06:00,1532.91,1532.91,1532.78,1532.78,-0.01,28.03,42224.71,-1
2024-06-16,2024-06-16 13:07:00,1532.78,1532.78,1532.65,1532.65,-0.01,28.03,42224.71,-1
2024-06-16,2024-06-16 13:08:00,1532.65,1532.65,1532.52,1532.52,-0.01,28.03,42224.71,-1
2024-06-16,2024-06-16 13:09:00,1532.52,1532.52,1532.39,1532.39,-0.01,28.03,42224.71,-1
2024-06-16,2024-06-16 13:10:00,1532.39,1532.39,1532.26,1532.26,-0.01,28.03,42224.71,-1
2024-06-16,2024-06-16 13:11:00,1532.26,1532.26,1532.13,1532.13,-0.01,28.03,42224.71,-1
2024-06-16,2024-06-16 13:12:00,1532.13,1532.13,1532.0,1532.0,-0.01,28.03,42224.71,-1
2024-06-16,2024-06-16 13:13:00,1532.0,1532.0,1531.87,1531.87,-0.01,28.03,42224.71,-1
2024-06-16,2024-06-16 13:14:00,1531.87,1531.87,1531.74,1531.74,-0.01,28.03,42224.71,-1
2024-06-16,2024-06-16 13:15:00,1531.74,1531.74,1531.61,1531.61,-0.01,28.03,42224.71,-1
2024-06-16,2024-06-16 13:16:00,1531.61,1531.61,1531.48,1531.48,-0.01,28.03,42224.71,-1
2024-06-16,2024-06-16 13:17:00,1531.48,1531.48,1531.35,1531.35,-0.01,28.03,42224.71,-1
2024-06-16,2024-06-16 13:18:00,1531.35,1531.35,1531.21,1531.21,-0.01,28.03,42224.71,-1
2024-06-16,2024-06-16 13:19:00,1531.21,1531.21,1531.08,1531.08,-0.01,28.03,42224.71,-1
2024-06-16,2024-06-16 13:20:00,1531.08,1531.08,1530.95,1530.95,-0.01,28.03,42224.71,-1
2024-06-16,2024-06-16 13:21:00,1530.95,1530.95,1530.82,1530.82,-0.01,28.03,42224.71,-1
2024-06-16,2024-06-16 13:22:00,1530.82,1530.82,1530.69,1530.69,-0.01,28.03,42224.71,-1
2024-06-16,2024-06-16 13:23:00,1530.69,1530.69,1530.56,1530.56,-0.01,28.03,42224.71,-1
2024-06-16,2024-06-16 13:24:00,1530.56,1530.56,1530.43,1530.43,-0.01,28.03,42224.71,-1
2024-06-16,2024-06-16 13:25:00,1530.43,1530.43,1530.3,1530.3,-0.01,28.03,42224.71,-1
2024-06-16,2024-06-16 13:26:00,1530.3,1530.3,1530.17,1530.17,-0.01,28.03,42224.71,-1
2024-06-16,2024-06-16 13:27:00,1530.17,1530.17,1530.04,1530.04,-0.01,28.03,42224.71,-1
2024-06-16,2024-06-16 13:28:00,1530.04,1530.04,1529.91,1529.91,-0.01,28.03,42224.71,-1
2024-06-16,2024-06-16 13:29:00,1529.91,1529.91,1529.78,1529.78,-0.01,28.03,42224.71,-1
2024-06-16,2024-06-16 13:30:00,1529.78,1529.78,1529.64,1529.64,-0.01,28.03,42224.71,-1
2024-06-16,2024-06-16 13:31:00,1529.64,1529.64,1529.51,1529.51,-0.01,28.03,42224.71,-1
2024-06-16,2024-06-16 13:32:00,1529.51,1529.51,1529.38,1529.38,-0.01,28.03,42224.71,-1
2024-06-16,2024-06-16 13:33:00,1529.38,1529.38,1529.25,1529.25,-0.01,28.03,42224.71,-1
2024-06-16,2024-06-16 13:34:00,1529.25,1529.25,1529.12,1529.12,-0.01,28.03,42224.71,-1
2024-06-16,2024-06-16 13:35:00,1529.12,1529.12,1528.99,1528.99,-0.01,28.03,42224.71,-1
2024-06-16,2024-06-16 13:36:00,1528.99,1528.99,1528.86,1528.86,-0.01,28.03,42224.71,-1
2024-06-16,2024-06-16 13:37:00,1528.86,1528.86,1528.73,1528.73,-0.01,28.03,42224.71,-1
2024-06-16,2024-06-16 13:38:00,1528.73,1528.73,1528.6,1528.6,-0.01,28.03,42224.71,-1
2024-06-16,2024-06-16 13:39:00,1528.6,1528.6,1528.47,1528.47,-0.01,28.03,42224.71,-1
2024-06-16,2024-06-16 13:40:00,1528.47,1528.47,1528.34,1528.34,-0.01,28.03,42224.71,-1
2024-06-16,2024-06-16 13:41:00,1528.34,1528.34,1528.2,1528.2,-0.01,28.03,42224.71,-1
2024-06-16,2024-06-16 13:42:00,1528.2,1528.2,1528.07,1528.07,-0.01,28.03,42224.71,-1
2024-06-16,2024-06-16 13:43:00,1528.07,1528.07,1527.94,1527.94,-0.01,28.03,42224.71,-1
2024-06-16,2024-06-16 13:44:00,1527.94,1527.94,1527.81,1527.81,-0.01,28.03,42224.71,-1
2024-06-16,2024-06-16 13:45:00,1527.81,1527.81,1527.68,1527.68,-0.01,28.03,42224.71,-1
2024-06-16,2024-06-16 13:46:00,1527.68,1527.68,1527.55,1527.55,-0.01,28.03,42224.71,-1
2024-06-16,2024-06-16 13:47:00,1527.55,1527.55,1527.42,1527.42,-0.01,28.03,42224.71,-1
2024-06-16,2024-06-16 13:48:00,1527.42,1527.42,1527.29,1527.29,-0.01,28.03,42224.71,-1
2024-06-16,2024-06-16 13:49:00,1527.29,1527.29,1527.16,1527.16,-0.01,28.03,42224.71,-1
2024-06-16,2024-06-16 13:50:00,1527.16,1527.16,1527.03,1527.03,-0.01,28.03,42224.71,-1
2024-06-16,2024-06-16 13:51:00,1527.03,1527.03,1526.9,1526.9,-0.01,28.03,42224.71,-1
2024-06-16,2024-06-16 13:52:00,1526.9,1526.9,1526.77,1526.77,-0.01,28.03,42224.71,-1
2024-06-16,2024-06-16 13:53:00,1526.77,1526.77,1526.63,1526.63,-0.01,28.03,42224.71,-1
2024-06-16,2024-06-16 13:54:00,1526.63,1526.63,1526.5,1526.5,-0.01,28.03,42224.71,-1
2024-06-16,2024-06-16 13:55:00,1526.5,1526.5,1526.37,1526.37,-0.01,28.03,42224.71,-1
2024-06-16,2024-06-16 13:56:00,1526.37,1526.37,1526.24,1526.24,-0.01,28.03,42224.71,-1
2024-06-16,2024-06-16 13:57:00,1526.24,1526.24,1526.11,1526.11,-0.01,28.03,42224.71,-1
2024-06-16,2024-06-16 13:58:00,1526.11,1526.11,1525.98,1525.98,-0.01,28.03,42224.71,-1
2024-06-16,2024-06-16 13:59:00,1525.98,1525.98,1525.85,1525.85,-0.01,28.03,42224.71,-1
2024-06-16,2024-06-16 14:00:00,1525.85,1525.85,1525.72,1525.72,-0.01,28.03,42224.71,-1
2024-06-16,2024-06-16 14:01:00,1525.72,1525.72,1525.59,1525.59,-0.01,28.03,42224.71,-1
2024-06-16,2024-06-16 14:02:00,1525.59,1525.59,1525.46,1525.46,-0.01,28.03,42224.71,-1
2024-06-16,2024-06-16 14:03:00,1525.46,1525.46,1525.33,1525.33,-0.01,28.03,42224.71,-1
2024-06-16,2024-06-16 14:04:00,1525.33,1525.33,1525.2,1525.2,-0.01,28.03,42224.71,-1
2024-06-16,2024-06-16 14:05:00,1525.2,1525.2,1525.07,1525.07,-0.01,28.03,42224.71,-1
2024-06-16,2024-06-16 14:06:00,1525.07,1525.07,1524.93,1524.93,-0.01,28.03,42224.71,-1
2024-06-16,2024-06-16 14:07:00,1524.93,1524.93,1524.8,1524.8,-0.01,28.03,42224.71,-1
2024-06-16,2024-06-16 14:08:00,1524.8,1524.8,1524.67,1524.67,-0.01,28.03,42224.71,-1
2024-06-16,2024-06-16 14:09:00,1524.67,1524.67,1524.54,1524.54,-0.01,28.03,42224.71,-1
2024-06-16,2024-06-16 14:10:00,1524.54,1524.54,1524.41,1524.41,-0.01,28.03,42224.71,-1
2024-06-16,2024-06-16 14:11:00,1524.41,1524.41,1524.28,1524.28,-0.01,28.03,42224.71,-1
2024-06-16,2024-06-16 14:12:00,1524.28,1524.28,1524.15,1524.15,-0.01,28.03,42224.71,-1
2024-06-16,2024-06-16 14:13:00,1524.15,1524.15,1524.02,1524.02,-0.01,28.03,42224.71,-1
2024-06-16,2024-06-16 14:14:00,1524.02,1524.02,1523.89,1523.89,-0.01,28.03,42224.71,-1
2024-06-16,2024-06-16 14:15:00,1523.89,1523.89,1523.76,1523.76,-0.01,28.03,42224.71,-1
2024-06-16,2024-06-16 14:16:00,1523.76,1523.76,1523.63,1523.63,-0.01,28.03,42224.71,-1
2024-06-16,2024-06-16 14:17:00,1523.63,1523.63,1523.5,1523.5,-0.01,28.03,42224.71,-1
2024-06-16,2024-06-16 14:18:00,1523.5,1523.5,1523.36,1523.36,-0.01,28.03,42224.71,-1
2024-06-16,2024-06-16 14:19:00,1523.36,1523.36,1523.23,1523.23,-0.01,28.03,42224.71,-1
2024-06-16,2024-06-16 14:20:00,1523.23,1523.23,1523.1,1523.1,-0.01,28.03,42224.71,-1
2024-06-16,2024-06-16 14:21:00,1523.1,1523.1,1522.97,1522.97,-0.01,28.03,42224.71,-1
2024-06-16,2024-06-16 14:22:00,1522.97,1522.97,1522.84,1522.84,-0.01,28.03,42224.71,-1
2024-06-16,2024-06-16 14:23:00,1522.84,1522.84,1522.71,1522.71,-0.01,28.03,42224.71,-1
2024-06-16,2024-06-16 14:24:00,1522.71,1522.71,1522.58,1522.58,-0.01,28.03,42224.71,-1
2024-06-16,2024-06-16 14:25:00,1522.58,1522.58,1522.45,1522.45,-0.01,28.03,42224.71,-1
2024-06-16,2024-06-16 14:26:00,1522.45,1522.45,1522.32,1522.32,-0.01,28.03,42224.71,-1
2024-06-16,2024-06-16 14:27:00,1522.32,1522.32,1522.19,1522.19,-0.01,28.03,42224.71,-1
2024-06-16,2024-06-16 14:28:00,1522.19,1522.19,1522.06,1522.06,-0.01,28.03,42224.71,-1
2024-06-16,2024-06-16 14:29:00,1522.06,1522.06,1521.92,1521.92,-0.01,28.03,42224.71,-1
2024-06-16,2024-06-16 14:30:00,1521.92,1521.92,1521.79,1521.79,-0.01,28.03,42224.71,-1
2024-06-16,2024-06-16 14:31:00,1521.79,1521.79,1521.66,1521.66,-0.01,28.03,42224.71,-1
2024-06-16,2024-06-16 14:32:00,1521.66,1521.66,1521.53,1521.53,-0.01,28.03,42224.71,-1
2024-06-16,2024-06-16 14:33:00,1521.53,1521.53,1521.4,1521.4,-0.01,28.03,42224.71,-1
2024-06-16,2024-06-16 14:34:00,1521.4,1521.4,1521.27,1521.27,-0.01,28.03,42224.71,-1
2024-06-16,2024-06-16 14:35:00,1521.27,1521.27,1521.14,1521.14,-0.01,28.03,42224.71,-1
2024-06-16,2024-06-16 14:36:00,1521.14,1521.14,1521.01,1521.01,-0.01,28.03,42224.71,-1
2024-06-16,2024-06-16 14:37:00,1521.01,1521.01,1520.88,1520.88,-0.01,28.03,42224.71,-1
2024-06-16,2024-06-16 14:38:00,1520.88,1520.88,1520.75,1520.75,-0.01,28.03,42224.71,-1
2024-06-16,2024-06-16 14:39:00,1520.75,1520.75,1520.62,1520.62,-0.01,28.03,42224.71,-1
2024-06-16,2024-06-16 14:40:00,1520.62,1520.62,1520.49,1520.49,-0.01,28.03,42224.71,-1
2024-06-16,2024-06-16 14:41:00,1520.49,1520.49,1520.36,1520.36,-0.01,28.03,42224.71,-1
2024-06-16,2024-06-16 14:42:00,1520.36,1520.36,1520.22,1520.22,-0.01,28.03,42224.71,-1
2024-06-16,2024-06-16 14:43:00,1520.22,1520.22,1520.09,1520.09,-0.01,28.03,42224.71,-1
2024-06-16,2024-06-16 14:44:00,1520.09,1520.09,1519.96,1519.96,-0.01,28.03,42224.71,-1
2024-06-16,2024-06-16 14:45:00,1519.96,1519.96,1519.83,1519.83,-0.01,28.03,42224.71,-1
2024-06-16,2024-06-16 14:46:00,1519.83,1519.83,1519.7,1519.7,-0.01,28.03,42224.71,-1
2024-06-16,2024-06-16 14:47:00,1519.7,1519.7,1519.57,1519.57,-0.01,28.03,42224.71,-1
2024-06-16,2024-06-16 14:48:00,1519.57,1519.57,1519.44,1519.44,-0.01,28.03,42224.71,-1
2024-06-16,2024-06-16 14:49:00,1519.44,1519.44,1519.31,1519.31,-0.01,28.03,42224.71,-1
2024-06-16,2024-06-16 14:50:00,1519.31,1519.31,1519.18,1519.18,-0.01,28.03,42224.71,-1
2024-06-16,2024-06-16 14:51:00,1519.18,1519.18,1519.05,1519.05,-0.01,28.03,42224.71,-1
2024-06-16,2024-06-16 14:52:00,1519.05,1519.05,1518.92,1518.92,-0.01,28.03,42224.71,-1
2024-06-16,2024-06-16 14:53:00,1518.92,1518.92,1518.79,1518.79,-0.01,28.03,42224.71,-1
2024-06-16,2024-06-16 14:54:00,1518.79,1518.79,1518.65,1518.65,-0.01,28.03,42224.71,-1
2024-06-16,2024-06-16 14:55:00,1518.65,1518.65,1518.52,1518.52,-0.01,28.03,42224.71,-1
2024-06-16,2024-06-16 14:56:00,1518.52,1518.52,1518.39,1518.39,-0.01,28.03,42224.71,-1
2024-06-16,2024-06-16 14:57:00,1518.39,1518.39,1518.26,1518.26,-0.01,28.03,42224.71,-1
2024-06-16,2024-06-16 14:58:00,1518.26,1518.26,1518.13,1518.13,-0.01,28.03,42224.71,-1
2024-06-16,2024-06-16 14:59:00,1518.13,1518.13,1518.0,1518.0,-0.01,28.03,42224.71,-1
2024-06-16,2024-06-16 15:00:00,1518.0,1549.4,1489.6,1518.0,0.0,28.03,42224.71,0
2024-06-18,2024-06-18 11:00:00,1490.0,1496.0,1489.34,1490.0,0.0,13.82,20654.82,0
2024-06-18,2024-06-18 11:01:00,1490.0,1490.0,1490.0,1490.0,0.0,13.82,20654.82,0
2024-06-18,2024-06-18 11:02:00,1490.0,1490.0,1490.0,1490.0,0.0,13.82,20654.82,0
2024-06-18,2024-06-18 11:03:00,1490.0,1490.0,1490.0,1490.0,0.0,13.82,20654.82,0
2024-06-18,2024-06-18 11:04:00,1490.0,1490.0,1490.0,1490.0,0.0,13.82,20654.82,0
2024-06-18,2024-06-18 11:05:00,1490.0,1490.0,1490.0,1490.0,0.0,13.82,20654.82,0
2024-06-18,2024-06-18 11:06:00,1490.0,1490.0,1490.0,1490.0,0.0,13.82,20654.82,0
2024-06-18,2024-06-18 11:07:00,1490.0,1490.0,1490.0,1490.0,0.0,13.82,20654.82,0
2024-06-18,2024-06-18 11:08:00,1490.0,1490.0,1490.0,1490.0,0.0,13.82,20654.82,0
2024-06-18,2024-06-18 11:09:00,1490.0,1490.0,1490.0,1490.0,0.0,13.82,20654.82,0
2024-06-18,2024-06-18 11:10:00,1490.0,1490.0,1490.0,1490.0,0.0,13.82,20654.82,0
2024-06-18,2024-06-18 11:11:00,1490.0,1490.01,1490.0,1490.01,0.0,13.82,20654.82,1
2024-06-18,2024-06-18 11:12:00,1490.01,1490.01,1490.01,1490.01,0.0,13.82,20654.82,0
2024-06-18,2024-06-18 11:13:00,1490.01,1490.01,1490.01,1490.01,0.0,13.82,20654.82,0
2024-06-18,2024-06-18 11:14:00,1490.01,1490.01,1490.01,1490.01,0.0,13.82,20654.82,0
2024-06-18,2024-06-18 11:15:00,1490.01,1490.01,1490.01,1490.01,0.0,13.82,20654.82,0
2024-06-18,2024-06-18 11:16:00,1490.01,1490.01,1490.01,1490.01,0.0,13.82,20654.82,0
2024-06-18,2024-06-18 11:17:00,1490.01,1490.01,1490.01,1490.01,0.0,13.82,20654.82,0
2024-06-18,2024-06-18 11:18:00,1490.01,1490.01,1490.01,1490.01,0.0,13.82,20654.82,0
2024-06-18,2024-06-18 11:19:00,1490.01,1490.01,1490.01,1490.01,0.0,13.82,20654.82,0
2024-06-18,2024-06-18 11:20:00,1490.01,1490.01,1490.01,1490.01,0.0,13.82,20654.82,0
2024-06-18,2024-06-18 11:21:00,1490.01,1490.01,1490.01,1490.01,0.0,13.82,20654.82,0
2024-06-18,2024-06-18 11:22:00,1490.01,1490.01,1490.01,1490.01,0.0,13.82,20654.82,0
2024-06-18,2024-06-18 11:23:00,1490.01,1490.01,1490.01,1490.01,0.0,13.82,20654.82,0
2024-06-18,2024-06-18 11:24:00,1490.01,1490.01,1490.01,1490.01,0.0,13.82,20654.82,0
2024-06-18,2024-06-18 11:25:00,1490.01,1490.01,1490.01,1490.01,0.0,13.82,20654.82,0
2024-06-18,2024-06-18 11:26:00,1490.01,1490.01,1490.01,1490.01,0.0,13.82,20654.82,0
2024-06-18,2024-06-18 11:27:00,1490.01,1490.01,1490.01,1490.01,0.0,13.82,20654.82,0
2024-06-18,2024-06-18 11:28:00,1490.01,1490.01,1490.01,1490.01,0.0,13.82,20654.82,0
2024-06-18,2024-06-18 11:29:00,1490.01,1490.01,1490.01,1490.01,0.0,13.82,20654.82,0
2024-06-18,2024-06-18 11:30:00,1490.01,1490.01,1490.01,1490.01,0.0,13.82,20654.82,0
2024-06-18,2024-06-18 11:31:00,1490.01,1490.01,1490.01,1490.01,0.0,13.82,20654.82,0
2024-06-18,2024-06-18 11:32:00,1490.01,1490.01,1490.01,1490.01,0.0,13.82,20654.82,0
2024-06-18,2024-06-18 11:33:00,1490.01,1490.01,1490.01,1490.01,0.0,13.82,20654.82,0
2024-06-18,2024-06-18 11:34:00,1490.01,1490.01,1490.01,1490.01,0.0,13.82,20654.82,0
2024-06-18,2024-06-18 11:35:00,1490.01,1490.01,1490.01,1490.01,0.0,13.82,20654.82,0
2024-06-18,2024-06-18 11:36:00,1490.01,1490.02,1490.01,1490.02,0.0,13.82,20654.82,1
2024-06-18,2024-06-18 11:37:00,1490.02,1490.02,1490.02,1490.02,0.0,13.82,20654.82,0
2024-06-18,2024-06-18 11:38:00,1490.02,1490.02,1490.02,1490.02,0.0,13.82,20654.82,0
2024-06-18,2024-06-18 11:39:00,1490.02,1490.02,1490.02,1490.02,0.0,13.82,20654.82,0
2024-06-18,2024-06-18 11:40:00,1490.02,1490.02,1490.02,1490.02,0.0,13.82,20654.82,0
2024-06-18,2024-06-18 11:41:00,1490.02,1490.02,1490.02,1490.02,0.0,13.82,20654.82,0
2024-06-18,2024-06-18 11:42:00,1490.02,1490.02,1490.02,1490.02,0.0,13.82,20654.82,0
2024-06-18,2024-06-18 11:43:00,1490.02,1490.02,1490.02,1490.02,0.0,13.82,20654.82,0
2024-06-18,2024-06-18 11:44:00,1490.02,1490.02,1490.02,1490.02,0.0,13.82,20654.82,0
2024-06-18,2024-06-18 11:45:00,1490.02,1490.02,1490.02,1490.02,0.0,13.82,20654.82,0
2024-06-18,2024-06-18 11:46:00,1490.02,1490.02,1490.02,1490.02,0.0,13.82,20654.82,0
2024-06-18,2024-06-18 11:47:00,1490.02,1490.02,1490.02,1490.02,0.0,13.82,20654.82,0
2024-06-18,2024-06-18 11:48:00,1490.02,1490.02,1490.02,1490.02,0.0,13.82,20654.82,0
2024-06-18,2024-06-18 11:49:00,1490.02,1490.02,1490.02,1490.02,0.0,13.82,20654.82,0
2024-06-18,2024-06-18 11:50:00,1490.02,1490.02,1490.02,1490.02,0.0,13.82,20654.82,0
2024-06-18,2024-06-18 11:51:00,1490.02,1490.02,1490.02,1490.02,0.0,13.82,20654.82,0
2024-06-18,2024-06-18 11:52:00,1490.02,1490.02,1490.02,1490.02,0.0,13.82,20654.82,0
2024-06-18,2024-06-18 11:53:00,1490.02,1490.02,1490.02,1490.02,0.0,13.82,20654.82,0
2024-06-18,2024-06-18 11:54:00,1490.02,1490.02,1490.02,1490.02,0.0,13.82,20654.82,0
2024-06-18,2024-06-18 11:55:00,1490.02,1490.02,1490.02,1490.02,0.0,13.82,20654.82,0
2024-06-18,2024-06-18 11:56:00,1490.02,1490.02,1490.02,1490.02,0.0,13.82,20654.82,0
2024-06-18,2024-06-18 11:57:00,1490.02,1490.02,1490.02,1490.02,0.0,13.82,20654.82,0
2024-06-18,2024-06-18 11:58:00,1490.02,1490.02,1490.02,1490.02,0.0,13.82,20654.82,0
2024-06-18,2024-06-18 11:59:00,1490.02,1490.03,1490.02,1490.03,0.0,13.82,20654.82,1
2024-06-18,2024-06-18 12:00:00,1490.03,1490.03,1490.03,1490.03,0.0,13.82,20654.82,0
2024-06-18,2024-06-18 12:01:00,1490.03,1490.03,1490.03,1490.03,0.0,13.82,20654.82,0
2024-06-18,2024-06-18 12:02:00,1490.03,1490.03,1490.03,1490.03,0.0,13.82,20654.82,0
2024-06-18,2024-06-18 12:03:00,1490.03,1490.03,1490.03,1490.03,0.0,13.82,20654.82,0
2024-06-18,2024-06-18 12:04:00,1490.03,1490.03,1490.03,1490.03,0.0,13.82,20654.82,0
2024-06-18,2024-06-18 12:05:00,1490.03,1490.03,1490.03,1490.03,0.0,13.82,20654.82,0
2024-06-18,2024-06-18 12:06:00,1490.03,1490.03,1490.03,1490.03,0.0,13.82,20654.82,0
2024-06-18,2024-06-18 12:07:00,1490.03,1490.03,1490.03,1490.03,0.0,13.82,20654.82,0
2024-06-18,2024-06-18 12:08:00,1490.03,1490.03,1490.03,1490.03,0.0,13.82,20654.82,0
2024-06-18,2024-06-18 12:09:00,1490.03,1490.03,1490.03,1490.03,0.0,13.82,20654.82,0
2024-06-18,2024-06-18 12:10:00,1490.03,1490.03,1490.03,1490.03,0.0,13.82,20654.82,0
2024-06-18,2024-06-18 12:11:00,1490.03,1490.03,1490.03,1490.03,0.0,13.82,20654.82,0
2024-06-18,2024-06-18 12:12:00,1490.03,1490.03,1490.03,1490.03,0.0,13.82,20654.82,0
2024-06-18,2024-06-18 12:13:00,1490.03,1490.03,1490.03,1490.03,0.0,13.82,20654.82,0
2024-06-18,2024-06-18 12:14:00,1490.03,1490.03,1490.03,1490.03,0.0,13.82,20654.82,0
2024-06-18,2024-06-18 12:15:00,1490.03,1490.03,1490.03,1490.03,0.0,13.82,20654.82,0
2024-06-18,2024-06-18 12:16:00,1490.03,1490.03,1490.03,1490.03,0.0,13.82,20654.82,0
2024-06-18,2024-06-18 12:17:00,1490.03,1490.03,1490.03,1490.03,0.0,13.82,20654.82,0
2024-06-18,2024-06-18 12:18:00,1490.03,1490.03,1490.03,1490.03,0.0,13.82,20654.82,0
2024-06-18,2024-06-18 12:19:00,1490.03,1490.03,1490.03,1490.03,0.0,13.82,20654.82,0
2024-06-18,2024-06-18 12:20:00,1490.03,1490.03,1490.03,1490.03,0.0,13.82,20654.82,0
2024-06-18,2024-06-18 12:21:00,1490.03,1490.03,1490.03,1490.03,0.0,13.82,20654.82,0
2024-06-18,2024-06-18 12:22:00,1490.03,1490.03,1490.03,1490.03,0.0,13.82,20654.82,0
2024-06-18,2024-06-18 12:23:00,1490.03,1490.03,1490.03,1490.03,0.0,13.82,20654.82,0
2024-06-18,2024-06-18 12:24:00,1490.03,1490.04,1490.03,1490.04,0.0,13.82,20654.82,1
2024-06-18,2024-06-18 12:25:00,1490.04,1490.04,1490.04,1490.04,0.0,13.82,20654.82,0
2024-06-18,2024-06-18 12:26:00,1490.04,1490.04,1490.04,1490.04,0.0,13.82,20654.82,0
2024-06-18,2024-06-18 12:27:00,1490.04,1490.04,1490.04,1490.04,0.0,13.82,20654.82,0
2024-06-18,2024-06-18 12:28:00,1490.04,1490.04,1490.04,1490.04,0.0,13.82,20654.82,0
2024-06-18,2024-06-18 12:29:00,1490.04,1490.04,1490.04,1490.04,0.0,13.82,20654.82,0
2024-06-18,2024-06-18 12:30:00,1490.04,1490.04,1490.04,1490.04,0.0,13.82,20654.82,0
2024-06-18,2024-06-18 12:31:00,1490.04,1490.04,1490.04,1490.04,0.0,13.82,20654.82,0
2024-06-18,2024-06-18 12:32:00,1490.04,1490.04,1490.04,1490.04,0.0,13.82,20654.82,0
2024-06-18,2024-06-18 12:33:00,1490.04,1490.04,1490.04,1490.04,0.0,13.82,20654.82,0
2024-06-18,2024-06-18 12:34:00,1490.04,1490.04,1490.04,1490.04,0.0,13.82,20654.82,0
2024-06-18,2024-06-18 12:35:00,1490.04,1490.04,1490.04,1490.04,0.0,13.82,20654.82,0
2024-06-18,2024-06-18 12:36:00,1490.04,1490.04,1490.04,1490.04,0.0,13.82,20654.82,0
2024-06-18,2024-06-18 12:37:00,1490.04,1490.04,1490.04,1490.04,0.0,13.82,20654.82,0
2024-06-18,2024-06-18 12:38:00,1490.04,1490.04,1490.04,1490.04,0.0,13.82,20654.82,0
2024-06-18,2024-06-18 12:39:00,1490.04,1490.04,1490.04,1490.04,0.0,13.82,20654.82,0
2024-06-18,2024-06-18 12:40:00,1490.04,1490.04,1490.04,1490.04,0.0,13.82,20654.82,0
2024-06-18,2024-06-18 12:41:00,1490.04,1490.04,1490.04,1490.04,0.0,13.82,20654.82,0
2024-06-18,2024-06-18 12:42:00,1490.04,1490.04,1490.04,1490.04,0.0,13.82,20654.82,0
2024-06-18,2024-06-18 12:43:00,1490.04,1490.04,1490.04,1490.04,0.0,13.82,20654.82,0
2024-06-18,2024-06-18 12:44:00,1490.04,1490.04,1490.04,1490.04,0.0,13.82,20654.82,0
2024-06-18,2024-06-18 12:45:00,1490.04,1490.04,1490.04,1490.04,0.0,13.82,20654.82,0
2024-06-18,2024-06-18 12:46:00,1490.04,1490.04,1490.04,1490.04,0.0,13.82,20654.82,0
2024-06-18,2024-06-18 12:47:00,1490.04,1490.05,1490.04,1490.05,0.0,13.82,20654.82,1
2024-06-18,2024-06-18 12:48:00,1490.05,1490.05,1490.05,1490.05,0.0,13.82,20654.82,0
2024-06-18,2024-06-18 12:49:00,1490.05,1490.05,1490.05,1490.05,0.0,13.82,20654.82,0
2024-06-18,2024-06-18 12:50:00,1490.05,1490.05,1490.05,1490.05,0.0,13.82,20654.82,0
2024-06-18,2024-06-18 12:51:00,1490.05,1490.05,1490.05,1490.05,0.0,13.82,20654.82,0
2024-06-18,2024-06-18 12:52:00,1490.05,1490.05,1490.05,1490.05,0.0,13.82,20654.82,0
2024-06-18,2024-06-18 12:53:00,1490.05,1490.05,1490.05,1490.05,0.0,13.82,20654.82,0
2024-06-18,2024-06-18 12:54:00,1490.05,1490.05,1490.05,1490.05,0.0,13.82,20654.82,0
2024-06-18,2024-06-18 12:55:00,1490.05,1490.05,1490.05,1490.05,0.0,13.82,20654.82,0
2024-06-18,2024-06-18 12:56:00,1490.05,1490.05,1490.05,1490.05,0.0,13.82,20654.82,0
2024-06-18,2024-06-18 12:57:00,1490.05,1490.05,1490.05,1490.05,0.0,13.82,20654.82,0
2024-06-18,2024-06-18 12:58:00,1490.05,1490.05,1490.05,1490.05,0.0,13.82,20654.82,0
2024-06-18,2024-06-18 12:59:00,1490.05,1490.05,1490.05,1490.05,0.0,13.82,20654.82,0
2024-06-18,2024-06-18 13:00:00,1490.05,1510.0,1487.8,1490.05,0.0,13.82,20654.82,0
2024-06-18,2024-06-18 13:01:00,1490.05,1490.05,1490.05,1490.05,0.0,13.82,20654.82,0
2024-06-18,2024-06-18 13:02:00,1490.05,1490.05,1490.05,1490.05,0.0,13.82,20654.82,0
2024-06-18,2024-06-18 13:03:00,1490.05,1490.05,1490.05,1490.05,0.0,13.82,20654.82,0
2024-06-18,2024-06-18 13:04:00,1490.05,1490.05,1490.05,1490.05,0.0,13.82,20654.82,0
2024-06-18,2024-06-18 13:05:00,1490.05,1490.05,1490.05,1490.05,0.0,13.82,20654.82,0
2024-06-18,2024-06-18 13:06:00,1490.05,1490.05,1490.05,1490.05,0.0,13.82,20654.82,0
2024-06-18,2024-06-18 13:07:00,1490.05,1490.05,1490.05,1490.05,0.0,13.82,20654.82,0
2024-06-18,2024-06-18 13:08:00,1490.05,1490.05,1490.05,1490.05,0.0,13.82,20654.82,0
2024-06-18,2024-06-18 13:09:00,1490.05,1490.05,1490.05,1490.05,0.0,13.82,20654.82,0
2024-06-18,2024-06-18 13:10:00,1490.05,1490.05,1490.05,1490.05,0.0,13.82,20654.82,0
2024-06-18,2024-06-18 13:11:00,1490.05,1490.06,1490.05,1490.06,0.0,13.82,20654.82,1
2024-06-18,2024-06-18 13:12:00,1490.06,1490.06,1490.06,1490.06,0.0,13.82,20654.82,0
2024-06-18,2024-06-18 13:13:00,1490.06,1490.06,1490.06,1490.06,0.0,13.82,20654.82,0
2024-06-18,2024-06-18 13:14:00,1490.06,1490.06,1490.06,1490.06,0.0,13.82,20654.82,0
2024-06-18,2024-06-18 13:15:00,1490.06,1490.06,1490.06,1490.06,0.0,13.82,20654.82,0
2024-06-18,2024-06-18 13:16:00,1490.06,1490.06,1490.06,1490.06,0.0,13.82,20654.82,0
2024-06-18,2024-06-18 13:17:00,1490.06,1490.06,1490.06,1490.06,0.0,13.82,20654.82,0
2024-06-18,2024-06-18 13:18:00,1490.06,1490.06,1490.06,1490.06,0.0,13.82,20654.82,0
2024-06-18,2024-06-18 13:19:00,1490.06,1490.06,1490.06,1490.06,0.0,13.82,20654.82,0
2024-06-18,2024-06-18 13:20:00,1490.06,1490.06,1490.06,1490.06,0.0,13.82,20654.82,0
2024-06-18,2024-06-18 13:21:00,1490.06,1490.06,1490.06,1490.06,0.0,13.82,20654.82,0
2024-06-18,2024-06-18 13:22:00,1490.06,1490.06,1490.06,1490.06,0.0,13.82,20654.82,0
2024-06-18,2024-06-18 13:23:00,1490.06,1490.06,1490.06,1490.06,0.0,13.82,20654.82,0
2024-06-18,2024-06-18 13:24:00,1490.06,1490.06,1490.06,1490.06,0.0,13.82,20654.82,0
2024-06-18,2024-06-18 13:25:00,1490.06,1490.06,1490.06,1490.06,0.0,13.82,20654.82,0
2024-06-18,2024-06-18 13:26:00,1490.06,1490.06,1490.06,1490.06,0.0,13.82,20654.82,0
2024-06-18,2024-06-18 13:27:00,1490.06,1490.06,1490.06,1490.06,0.0,13.82,20654.82,0
2024-06-18,2024-06-18 13:28:00,1490.06,1490.06,1490.06,1490.06,0.0,13.82,20654.82,0
2024-06-18,2024-06-18 13:29:00,1490.06,1490.06,1490.06,1490.06,0.0,13.82,20654.82,0
2024-06-18,2024-06-18 13:30:00,1490.06,1490.06,1490.06,1490.06,0.0,13.82,20654.82,0
2024-06-18,2024-06-18 13:31:00,1490.06,1490.06,1490.06,1490.06,0.0,13.82,20654.82,0
2024-06-18,2024-06-18 13:32:00,1490.06,1490.06,1490.06,1490.06,0.0,13.82,20654.82,0
2024-06-18,2024-06-18 13:33:00,1490.06,1490.06,1490.06,1490.06,0.0,13.82,20654.82,0
2024-06-18,2024-06-18 13:34:00,1490.06,1490.06,1490.06,1490.06,0.0,13.82,20654.82,0
2024-06-18,2024-06-18 13:35:00,1490.06,1490.07,1490.06,1490.07,0.0,13.82,20654.82,1
2024-06-18,2024-06-18 13:36:00,1490.07,1490.07,1490.07,1490.07,0.0,13.82,20654.82,0
2024-06-18,2024-06-18 13:37:00,1490.07,1490.07,1490.07,1490.07,0.0,13.82,20654.82,0
2024-06-18,2024-06-18 13:38:00,1490.07,1490.07,1490.07,1490.07,0.0,13.82,20654.82,0
2024-06-18,2024-06-18 13:39:00,1490.07,1490.07,1490.07,1490.07,0.0,13.82,20654.82,0
2024-06-18,2024-06-18 13:40:00,1490.07,1490.07,1490.07,1490.07,0.0,13.82,20654.82,0
2024-06-18,2024-06-18 13:41:00,1490.07,1490.07,1490.07,1490.07,0.0,13.82,20654.82,0
2024-06-18,2024-06-18 13:42:00,1490.07,1490.07,1490.07,1490.07,0.0,13.82,20654.82,0
2024-06-18,2024-06-18 13:43:00,1490.07,1490.07,1490.07,1490.07,0.0,13.82,20654.82,0
2024-06-18,2024-06-18 13:44:00,1490.07,1490.07,1490.07,1490.07,0.0,13.82,20654.82,0
2024-06-18,2024-06-18 13:45:00,1490.07,1490.07,1490.07,1490.07,0.0,13.82,20654.82,0
2024-06-18,2024-06-18 13:46:00,1490.07,1490.07,1490.07,1490.07,0.0,13.82,20654.82,0
2024-06-18,2024-06-18 13:47:00,1490.07,1490.07,1490.07,1490.07,0.0,13.82,20654.82,0
2024-06-18,2024-06-18 13:48:00,1490.07,1490.07,1490.07,1490.07,0.0,13.82,20654.82,0
2024-06-18,2024-06-18 13:49:00,1490.07,1490.07,1490.07,1490.07,0.0,13.82,20654.82,0
2024-06-18,2024-06-18 13:50:00,1490.07,1490.07,1490.07,1490.07,0.0,13.82,20654.82,0
2024-06-18,2024-06-18 13:51:00,1490.07,1490.07,1490.07,1490.07,0.0,13.82,20654.82,0
2024-06-18,2024-06-18 13:52:00,1490.07,1490.07,1490.07,1490.07,0.0,13.82,20654.82,0
2024-06-18,2024-06-18 13:53:00,1490.07,1490.07,1490.07,1490.07,0.0,13.82,20654.82,0
2024-06-18,2024-06-18 13:54:00,1490.07,1490.07,1490.07,1490.07,0.0,13.82,20654.82,0
2024-06-18,2024-06-18 13:55:00,1490.07,1490.07,1490.07,1490.07,0.0,13.82,20654.82,0
2024-06-18,2024-06-18 13:56:00,1490.07,1490.07,1490.07,1490.07,0.0,13.82,20654.82,0
2024-06-18,2024-06-18 13:57:00,1490.07,1490.07,1490.07,1490.07,0.0,13.82,20654.82,0
2024-06-18,2024-06-18 13:58:00,1490.07,1490.07,1490.07,1490.07,0.0,13.82,20654.82,0
2024-06-18,2024-06-18 13:59:00,1490.07,1490.07,1490.07,1490.07,0.0,13.82,20654.82,0
2024-06-18,2024-06-18 14:00:00,1490.07,1490.08,1490.07,1490.08,0.0,13.82,20654.82,1
2024-06-18,2024-06-18 14:01:00,1490.08,1490.08,1490.08,1490.08,0.0,13.82,20654.82,0
2024-06-18,2024-06-18 14:02:00,1490.08,1490.08,1490.08,1490.08,0.0,13.82,20654.82,0
2024-06-18,2024-06-18 14:03:00,1490.08,1490.08,1490.08,1490.08,0.0,13.82,20654.82,0
2024-06-18,2024-06-18 14:04:00,1490.08,1490.08,1490.08,1490.08,0.0,13.82,20654.82,0
2024-06-18,2024-06-18 14:05:00,1490.08,1490.08,1490.08,1490.08,0.0,13.82,20654.82,0
2024-06-18,2024-06-18 14:06:00,1490.08,1490.08,1490.08,1490.08,0.0,13.82,20654.82,0
2024-06-18,2024-06-18 14:07:00,1490.08,1490.08,1490.08,1490.08,0.0,13.82,20654.82,0
2024-06-18,2024-06-18 14:08:00,1490.08,1490.08,1490.08,1490.08,0.0,13.82,20654.82,0
2024-06-18,2024-06-18 14:09:00,1490.08,1490.08,1490.08,1490.08,0.0,13.82,20654.82,0
2024-06-18,2024-06-18 14:10:00,1490.08,1490.08,1490.08,1490.08,0.0,13.82,20654.82,0
2024-06-18,2024-06-18 14:11:00,1490.08,1490.08,1490.08,1490.08,0.0,13.82,20654.82,0
2024-06-18,2024-06-18 14:12:00,1490.08,1490.08,1490.08,1490.08,0.0,13.82,20654.82,0
2024-06-18,2024-06-18 14:13:00,1490.08,1490.08,1490.08,1490.08,0.0,13.82,20654.82,0
2024-06-18,2024-06-18 14:14:00,1490.08,1490.08,1490.08,1490.08,0.0,13.82,20654.82,0
2024-06-18,2024-06-18 14:15:00,1490.08,1490.08,1490.08,1490.08,0.0,13.82,20654.82,0
2024-06-18,2024-06-18 14:16:00,1490.08,1490.08,1490.08,1490.08,0.0,13.82,20654.82,0
2024-06-18,2024-06-18 14:17:00,1490.08,1490.08,1490.08,1490.08,0.0,13.82,20654.82,0
2024-06-18,2024-06-18 14:18:00,1490.08,1490.08,1490.08,1490.08,0.0,13.82,20654.82,0
2024-06-18,2024-06-18 14:19:00,1490.08,1490.08,1490.08,1490.08,0.0,13.82,20654.82,0
2024-06-18,2024-06-18 14:20:00,1490.08,1490.08,1490.08,1490.08,0.0,13.82,20654.82,0
2024-06-18,2024-06-18 14:21:00,1490.08,1490.08,1490.08,1490.08,0.0,13.82,20654.82,0
2024-06-18,2024-06-18 14:22:00,1490.08,1490.08,1490.08,1490.08,0.0,13.82,20654.82,0
2024-06-18,2024-06-18 14:23:00,1490.08,1490.09,1490.08,1490.09,0.0,13.82,20654.82,1
2024-06-18,2024-06-18 14:24:00,1490.09,1490.09,1490.09,1490.09,0.0,13.82,20654.82,0
2024-06-18,2024-06-18 14:25:00,1490.09,1490.09,1490.09,1490.09,0.0,13.82,20654.82,0
2024-06-18,2024-06-18 14:26:00,1490.09,1490.09,1490.09,1490.09,0.0,13.82,20654.82,0
2024-06-18,2024-06-18 14:27:00,1490.09,1490.09,1490.09,1490.09,0.0,13.82,20654.82,0
2024-06-18,2024-06-18 14:28:00,1490.09,1490.09,1490.09,1490.09,0.0,13.82,20654.82,0
2024-06-18,2024-06-18 14:29:00,1490.09,1490.09,1490.09,1490.09,0.0,13.82,20654.82,0
2024-06-18,2024-06-18 14:30:00,1490.09,1490.09,1490.09,1490.09,0.0,13.82,20654.82,0
2024-06-18,2024-06-18 14:31:00,1490.09,1490.09,1490.09,1490.09,0.0,13.82,20654.82,0
2024-06-18,2024-06-18 14:32:00,1490.09,1490.09,1490.09,1490.09,0.0,13.82,20654.82,0
2024-06-18,2024-06-18 14:33:00,1490.09,1490.09,1490.09,1490.09,0.0,13.82,20654.82,0
2024-06-18,2024-06-18 14:34:00,1490.09,1490.09,1490.09,1490.09,0.0,13.82,20654.82,0
2024-06-18,2024-06-18 14:35:00,1490.09,1490.09,1490.09,1490.09,0.0,13.82,20654.82,0
2024-06-18,2024-06-18 14:36:00,1490.09,1490.09,1490.09,1490.09,0.0,13.82,20654.82,0
2024-06-18,2024-06-18 14:37:00,1490.09,1490.09,1490.09,1490.09,0.0,13.82,20654.82,0
2024-06-18,2024-06-18 14:38:00,1490.09,1490.09,1490.09,1490.09,0.0,13.82,20654.82,0
2024-06-18,2024-06-18 14:39:00,1490.09,1490.09,1490.09,1490.09,0.0,13.82,20654.82,0
2024-06-18,2024-06-18 14:40:00,1490.09,1490.09,1490.09,1490.09,0.0,13.82,20654.82,0
2024-06-18,2024-06-18 14:41:00,1490.09,1490.09,1490.09,1490.09,0.0,13.82,20654.82,0
2024-06-18,2024-06-18 14:42:00,1490.09,1490.09,1490.09,1490.09,0.0,13.82,20654.82,0
2024-06-18,2024-06-18 14:43:00,1490.09,1490.09,1490.09,1490.09,0.0,13.82,20654.82,0
2024-06-18,2024-06-18 14:44:00,1490.09,1490.09,1490.09,1490.09,0.0,13.82,20654.82,0
2024-06-18,2024-06-18 14:45:00,1490.09,1490.09,1490.09,1490.09,0.0,13.82,20654.82,0
2024-06-18,2024-06-18 14:46:00,1490.09,1490.09,1490.09,1490.09,0.0,13.82,20654.82,0
2024-06-18,2024-06-18 14:47:00,1490.09,1490.09,1490.09,1490.09,0.0,13.82,20654.82,0
2024-06-18,2024-06-18 14:48:00,1490.09,1490.1,1490.09,1490.1,0.0,13.82,20654.82,1
2024-06-18,2024-06-18 14:49:00,1490.1,1490.1,1490.1,1490.1,0.0,13.82,20654.82,0
2024-06-18,2024-06-18 14:50:00,1490.1,1490.1,1490.1,1490.1,0.0,13.82,20654.82,0
2024-06-18,2024-06-18 14:51:00,1490.1,1490.1,1490.1,1490.1,0.0,13.82,20654.82,0
2024-06-18,2024-06-18 14:52:00,1490.1,1490.1,1490.1,1490.1,0.0,13.82,20654.82,0
2024-06-18,2024-06-18 14:53:00,1490.1,1490.1,1490.1,1490.1,0.0,13.82,20654.82,0
2024-06-18,2024-06-18 14:54:00,1490.1,1490.1,1490.1,1490.1,0.0,13.82,20654.82,0
2024-06-18,2024-06-18 14:55:00,1490.1,1490.1,1490.1,1490.1,0.0,13.82,20654.82,0
2024-06-18,2024-06-18 14:56:00,1490.1,1490.1,1490.1,1490.1,0.0,13.82,20654.82,0
2024-06-18,2024-06-18 14:57:00,1490.1,1490.1,1490.1,1490.1,0.0,13.82,20654.82,0
2024-06-18,2024-06-18 14:58:00,1490.1,1490.1,1490.1,1490.1,0.0,13.82,20654.82,0
2024-06-18,2024-06-18 14:59:00,1490.1,1490.1,1490.1,1490.1,0.0,13.82,20654.82,0
2024-06-18,2024-06-18 15:00:00,1490.1,1510.0,1487.8,1490.1,0.0,13.82,20654.82,0
2024-06-19,2024-06-19 11:00:00,1475.0,1506.8,1474.1,1475.05,0.0,32.61,48616.99,1
2024-06-19,2024-06-19 11:01:00,1475.05,1475.09,1475.05,1475.09,0.0,32.61,48616.99,1
2024-06-19,2024-06-19 11:02:00,1475.09,1475.14,1475.09,1475.14,0.0,32.61,48616.99,1
2024-06-19,2024-06-19 11:03:00,1475.14,1475.18,1475.14,1475.18,0.0,32.61,48616.99,1
2024-06-19,2024-06-19 11:04:00,1475.18,1475.23,1475.18,1475.23,0.0,32.61,48616.99,1
2024-06-19,2024-06-19 11:05:00,1475.23,1475.28,1475.23,1475.28,0.0,32.61,48616.99,1
2024-06-19,2024-06-19 11:06:00,1475.28,1475.32,1475.28,1475.32,0.0,32.61,48616.99,1
2024-06-19,2024-06-19 11:07:00,1475.32,1475.37,1475.32,1475.37,0.0,32.61,48616.99,1
2024-06-19,2024-06-19 11:08:00,1475.37,1475.41,1475.37,1475.41,0.0,32.61,48616.99,1
2024-06-19,2024-06-19 11:09:00,1475.41,1475.46,1475.41,1475.46,0.0,32.61,48616.99,1
2024-06-19,2024-06-19 11:10:00,1475.46,1475.5,1475.46,1475.5,0.0,32.61,48616.99,1
2024-06-19,2024-06-19 11:11:00,1475.5,1475.55,1475.5,1475.55,0.0,32.61,48616.99,1
2024-06-19,2024-06-19 11:12:00,1475.55,1475.6,1475.55,1475.6,0.0,32.61,48616.99,1
2024-06-19,2024-06-19 11:13:00,1475.6,1475.64,1475.6,1475.64,0.0,32.61,48616.99,1
2024-06-19,2024-06-19 11:14:00,1475.64,1475.69,1475.64,1475.69,0.0,32.61,48616.99,1
2024-06-19,2024-06-19 11:15:00,1475.69,1475.73,1475.69,1475.73,0.0,32.61,48616.99,1
2024-06-19,2024-06-19 11:16:00,1475.73,1475.78,1475.73,1475.78,0.0,32.61,48616.99,1
2024-06-19,2024-06-19 11:17:00,1475.78,1475.83,1475.78,1475.83,0.0,32.61,48616.99,1
2024-06-19,2024-06-19 11:18:00,1475.83,1475.87,1475.83,1475.87,0.0,32.61,48616.99,1
2024-06-19,2024-06-19 11:19:00,1475.87,1475.92,1475.87,1475.92,0.0,32.61,48616.99,1
2024-06-19,2024-06-19 11:20:00,1475.92,1475.96,1475.92,1475.96,0.0,32.61,48616.99,1
2024-06-19,2024-06-19 11:21:00,1475.96,1476.01,1475.96,1476.01,0.0,32.61,48616.99,1
2024-06-19,2024-06-19 11:22:00,1476.01,1476.05,1476.01,1476.05,0.0,32.61,48616.99,1
2024-06-19,2024-06-19 11:23:00,1476.05,1476.1,1476.05,1476.1,0.0,32.61,48616.99,1
2024-06-19,2024-06-19 11:24:00,1476.1,1476.15,1476.1,1476.15,0.0,32.61,48616.99,1
2024-06-19,2024-06-19 11:25:00,1476.15,1476.19,1476.15,1476.19,0.0,32.61,48616.99,1
2024-06-19,2024-06-19 11:26:00,1476.19,1476.24,1476.19,1476.24,0.0,32.61,48616.99,1
2024-06-19,2024-06-19 11:27:00,1476.24,1476.28,1476.24,1476.28,0.0,32.61,48616.99,1
2024-06-19,2024-06-19 11:28:00,1476.28,1476.33,1476.28,1476.33,0.0,32.61,48616.99,1
2024-06-19,2024-06-19 11:29:00,1476.33,1476.38,1476.33,1476.38,0.0,32.61,48616.99,1
2024-06-19,2024-06-19 11:30:00,1476.38,1476.42,1476.38,1476.42,0.0,32.61,48616.99,1
2024-06-19,2024-06-19 11:31:00,1476.42,1476.47,1476.42,1476.47,0.0,32.61,48616.99,1
2024-06-19,2024-06-19 11:32:00,1476.47,1476.51,1476.47,1476.51,0.0,32.61,48616.99,1
2024-06-19,2024-06-19 11:33:00,1476.51,1476.56,1476.51,1476.56,0.0,32.61,48616.99,1
2024-06-19,2024-06-19 11:34:00,1476.56,1476.6,1476.56,1476.6,0.0,32.61,48616.99,1
2024-06-19,2024-06-19 11:35:00,1476.6,1476.65,1476.6,1476.65,0.0,32.61,48616.99,1
2024-06-19,2024-06-19 11:36:00,1476.65,1476.7,1476.65,1476.7,0.0,32.61,48616.99,1
2024-06-19,2024-06-19 11:37:00,1476.7,1476.74,1476.7,1476.74,0.0,32.61,48616.99,1
2024-06-19,2024-06-19 11:38:00,1476.74,1476.79,1476.74,1476.79,0.0,32.61,48616.99,1
2024-06-19,2024-06-19 11:39:00,1476.79,1476.83,1476.79,1476.83,0.0,32.61,48616.99,1
2024-06-19,2024-06-19 11:40:00,1476.83,1476.88,1476.83,1476.88,0.0,32.61,48616.99,1
2024-06-19,2024-06-19 11:41:00,1476.88,1476.92,1476.88,1476.92,0.0,32.61,48616.99,1
2024-06-19,2024-06-19 11:42:00,1476.92,1476.97,1476.92,1476.97,0.0,32.61,48616.99,1
2024-06-19,2024-06-19 11:43:00,1476.97,1477.02,1476.97,1477.02,0.0,32.61,48616.99,1
2024-06-19,2024-06-19 11:44:00,1477.02,1477.06,1477.02,1477.06,0.0,32.61,48616.99,1
2024-06-19,2024-06-19 11:45:00,1477.06,1477.11,1477.06,1477.11,0.0,32.61,48616.99,1
2024-06-19,2024-06-19 11:46:00,1477.11,1477.15,1477.11,1477.15,0.0,32.61,48616.99,1
2024-06-19,2024-06-19 11:47:00,1477.15,1477.2,1477.15,1477.2,0.0,32.61,48616.99,1
2024-06-19,2024-06-19 11:48:00,1477.2,1477.25,1477.2,1477.25,0.0,32.61,48616.99,1
2024-06-19,2024-06-19 11:49:00,1477.25,1477.29,1477.25,1477.29,0.0,32.61,48616.99,1
2024-06-19,2024-06-19 11:50:00,1477.29,1477.34,1477.29,1477.34,0.0,32.61,48616.99,1
2024-06-19,2024-06-19 11:51:00,1477.34,1477.38,1477.34,1477.38,0.0,32.61,48616.99,1
2024-06-19,2024-06-19 11:52:00,1477.38,1477.43,1477.38,1477.43,0.0,32.61,48616.99,1
2024-06-19,2024-06-19 11:53:00,1477.43,1477.47,1477.43,1477.47,0.0,32.61,48616.99,1
2024-06-19,2024-06-19 11:54:00,1477.47,1477.52,1477.47,1477.52,0.0,32.61,48616.99,1
2024-06-19,2024-06-19 11:55:00,1477.52,1477.57,1477.52,1477.57,0.0,32.61,48616.99,1
2024-06-19,2024-06-19 11:56:00,1477.57,1477.61,1477.57,1477.61,0.0,32.61,48616.99,1
2024-06-19,2024-06-19 11:57:00,1477.61,1477.66,1477.61,1477.66,0.0,32.61,48616.99,1
2024-06-19,2024-06-19 11:58:00,1477.66,1477.7,1477.66,1477.7,0.0,32.61,48616.99,1
2024-06-19,2024-06-19 11:59:00,1477.7,1477.75,1477.7,1477.75,0.0,32.61,48616.99,1
2024-06-19,2024-06-19 12:00:00,1477.75,1477.8,1477.75,1477.8,0.0,32.61,48616.99,1
2024-06-19,2024-06-19 12:01:00,1477.8,1477.84,1477.8,1477.84,0.0,32.61,48616.99,1
2024-06-19,2024-06-19 12:02:00,1477.84,1477.89,1477.84,1477.89,0.0,32.61,48616.99,1
2024-06-19,2024-06-19 12:03:00,1477.89,1477.93,1477.89,1477.93,0.0,32.61,48616.99,1
2024-06-19,2024-06-19 12:04:00,1477.93,1477.98,1477.93,1477.98,0.0,32.61,48616.99,1
2024-06-19,2024-06-19 12:05:00,1477.98,1478.03,1477.98,1478.03,0.0,32.61,48616.99,1
2024-06-19,2024-06-19 12:06:00,1478.03,1478.07,1478.03,1478.07,0.0,32.61,48616.99,1
2024-06-19,2024-06-19 12:07:00,1478.07,1478.12,1478.07,1478.12,0.0,32.61,48616.99,1
2024-06-19,2024-06-19 12:08:00,1478.12,1478.16,1478.12,1478.16,0.0,32.61,48616.99,1
2024-06-19,2024-06-19 12:09:00,1478.16,1478.21,1478.16,1478.21,0.0,32.61,48616.99,1
2024-06-19,2024-06-19 12:10:00,1478.21,1478.25,1478.21,1478.25,0.0,32.61,48616.99,1
2024-06-19,2024-06-19 12:11:00,1478.25,1478.3,1478.25,1478.3,0.0,32.61,48616.99,1
2024-06-19,2024-06-19 12:12:00,1478.3,1478.35,1478.3,1478.35,0.0,32.61,48616.99,1
2024-06-19,2024-06-19 12:13:00,1478.35,1478.39,1478.35,1478.39,0.0,32.61,48616.99,1
2024-06-19,2024-06-19 12:14:00,1478.39,1478.44,1478.39,1478.44,0.0,32.61,48616.99,1
2024-06-19,2024-06-19 12:15:00,1478.44,1478.48,1478.44,1478.48,0.0,32.61,48616.99,1
2024-06-19,2024-06-19 12:16:00,1478.48,1478.53,1478.48,1478.53,0.0,32.61,48616.99,1
2024-06-19,2024-06-19 12:17:00,1478.53,1478.58,1478.53,1478.58,0.0,32.61,48616.99,1
2024-06-19,2024-06-19 12:18:00,1478.58,1478.62,1478.58,1478.62,0.0,32.61,48616.99,1
2024-06-19,2024-06-19 12:19:00,1478.62,1478.67,1478.62,1478.67,0.0,32.61,48616.99,1
2024-06-19,2024-06-19 12:20:00,1478.67,1478.71,1478.67,1478.71,0.0,32.61,48616.99,1
2024-06-19,2024-06-19 12:21:00,1478.71,1478.76,1478.71,1478.76,0.0,32.61,48616.99,1
2024-06-19,2024-06-19 12:22:00,1478.76,1478.8,1478.76,1478.8,0.0,32.61,48616.99,1
2024-06-19,2024-06-19 12:23:00,1478.8,1478.85,1478.8,1478.85,0.0,32.61,48616.99,1
2024-06-19,2024-06-19 12:24:00,1478.85,1478.9,1478.85,1478.9,0.0,32.61,48616.99,1
2024-06-19,2024-06-19 12:25:00,1478.9,1478.94,1478.9,1478.94,0.0,32.61,48616.99,1
2024-06-19,2024-06-19 12:26:00,1478.94,1478.99,1478.94,1478.99,0.0,32.61,48616.99,1
2024-06-19,2024-06-19 12:27:00,1478.99,1479.03,1478.99,1479.03,0.0,32.61,48616.99,1
2024-06-19,2024-06-19 12:28:00,1479.03,1479.08,1479.03,1479.08,0.0,32.61,48616.99,1
2024-06-19,2024-06-19 12:29:00,1479.08,1479.12,1479.08,1479.12,0.0,32.61,48616.99,1
2024-06-19,2024-06-19 12:30:00,1479.12,1479.17,1479.12,1479.17,0.0,32.61,48616.99,1
2024-06-19,2024-06-19 12:31:00,1479.17,1479.22,1479.17,1479.22,0.0,32.61,48616.99,1
2024-06-19,2024-06-19 12:32:00,1479.22,1479.26,1479.22,1479.26,0.0,32.61,48616.99,1
2024-06-19,2024-06-19 12:33:00,1479.26,1479.31,1479.26,1479.31,0.0,32.61,48616.99,1
2024-06-19,2024-06-19 12:34:00,1479.31,1479.35,1479.31,1479.35,0.0,32.61,48616.99,1
2024-06-19,2024-06-19 12:35:00,1479.35,1479.4,1479.35,1479.4,0.0,32.61,48616.99,1
2024-06-19,2024-06-19 12:36:00,1479.4,1479.45,1479.4,1479.45,0.0,32.61,48616.99,1
2024-06-19,2024-06-19 12:37:00,1479.45,1479.49,1479.45,1479.49,0.0,32.61,48616.99,1
2024-06-19,2024-06-19 12:38:00,1479.49,1479.54,1479.49,1479.54,0.0,32.61,48616.99,1
2024-06-19,2024-06-19 12:39:00,1479.54,1479.58,1479.54,1479.58,0.0,32.61,48616.99,1
2024-06-19,2024-06-19 12:40:00,1479.58,1479.63,1479.58,1479.63,0.0,32.61,48616.99,1
2024-06-19,2024-06-19 12:41:00,1479.63,1479.67,1479.63,1479.67,0.0,32.61,48616.99,1
2024-06-19,2024-06-19 12:42:00,1479.67,1479.72,1479.67,1479.72,0.0,32.61,48616.99,1
2024-06-19,2024-06-19 12:43:00,1479.72,1479.77,1479.72,1479.77,0.0,32.61,48616.99,1
2024-06-19,2024-06-19 12:44:00,1479.77,1479.81,1479.77,1479.81,0.0,32.61,48616.99,1
2024-06-19,2024-06-19 12:45:00,1479.81,1479.86,1479.81,1479.86,0.0,32.61,48616.99,1
2024-06-19,2024-06-19 12:46:00,1479.86,1479.9,1479.86,1479.9,0.0,32.61,48616.99,1
2024-06-19,2024-06-19 12:47:00,1479.9,1479.95,1479.9,1479.95,0.0,32.61,48616.99,1
2024-06-19,2024-06-19 12:48:00,1479.95,1480.0,1479.95,1480.0,0.0,32.61,48616.99,1
2024-06-19,2024-06-19 12:49:00,1480.0,1480.04,1480.0,1480.04,0.0,32.61,48616.99,1
2024-06-19,2024-06-19 12:50:00,1480.04,1480.09,1480.04,1480.09,0.0,32.61,48616.99,1
2024-06-19,2024-06-19 12:51:00,1480.09,1480.13,1480.09,1480.13,0.0,32.61,48616.99,1
2024-06-19,2024-06-19 12:52:00,1480.13,1480.18,1480.13,1480.18,0.0,32.61,48616.99,1
2024-06-19,2024-06-19 12:53:00,1480.18,1480.22,1480.18,1480.22,0.0,32.61,48616.99,1
2024-06-19,2024-06-19 12:54:00,1480.22,1480.27,1480.22,1480.27,0.0,32.61,48616.99,1
2024-06-19,2024-06-19 12:55:00,1480.27,1480.32,1480.27,1480.32,0.0,32.61,48616.99,1
2024-06-19,2024-06-19 12:56:00,1480.32,1480.36,1480.32,1480.36,0.0,32.61,48616.99,1
2024-06-19,2024-06-19 12:57:00,1480.36,1480.41,1480.36,1480.41,0.0,32.61,48616.99,1
2024-06-19,2024-06-19 12:58:00,1480.41,1480.45,1480.41,1480.45,0.0,32.61,48616.99,1
2024-06-19,2024-06-19 12:59:00,1480.45,1480.5,1480.45,1480.5,0.0,32.61,48616.99,1
2024-06-19,2024-06-19 13:00:00,1480.5,1581.0,1472.0,1480.55,0.0,32.61,48616.99,1
2024-06-19,2024-06-19 13:01:00,1480.55,1480.59,1480.55,1480.59,0.0,32.61,48616.99,1
2024-06-19,2024-06-19 13:02:00,1480.59,1480.64,1480.59,1480.64,0.0,32.61,48616.99,1
2024-06-19,2024-06-19 13:03:00,1480.64,1480.68,1480.64,1480.68,0.0,32.61,48616.99,1
2024-06-19,2024-06-19 13:04:00,1480.68,1480.73,1480.68,1480.73,0.0,32.61,48616.99,1
2024-06-19,2024-06-19 13:05:00,1480.73,1480.78,1480.73,1480.78,0.0,32.61,48616.99,1
2024-06-19,2024-06-19 13:06:00,1480.78,1480.82,1480.78,1480.82,0.0,32.61,48616.99,1
2024-06-19,2024-06-19 13:07:00,1480.82,1480.87,1480.82,1480.87,0.0,32.61,48616.99,1
2024-06-19,2024-06-19 13:08:00,1480.87,1480.91,1480.87,1480.91,0.0,32.61,48616.99,1
2024-06-19,2024-06-19 13:09:00,1480.91,1480.96,1480.91,1480.96,0.0,32.61,48616.99,1
2024-06-19,2024-06-19 13:10:00,1480.96,1481.0,1480.96,1481.0,0.0,32.61,48616.99,1
2024-06-19,2024-06-19 13:11:00,1481.0,1481.05,1481.0,1481.05,0.0,32.61,48616.99,1
2024-06-19,2024-06-19 13:12:00,1481.05,1481.1,1481.05,1481.1,0.0,32.61,48616.99,1
2024-06-19,2024-06-19 13:13:00,1481.1,1481.14,1481.1,1481.14,0.0,32.61,48616.99,1
2024-06-19,2024-06-19 13:14:00,1481.14,1481.19,1481.14,1481.19,0.0,32.61,48616.99,1
2024-06-19,2024-06-19 13:15:00,1481.19,1481.23,1481.19,1481.23,0.0,32.61,48616.99,1
2024-06-19,2024-06-19 13:16:00,1481.23,1481.28,1481.23,1481.28,0.0,32.61,48616.99,1
2024-06-19,2024-06-19 13:17:00,1481.28,1481.33,1481.28,1481.33,0.0,32.61,48616.99,1
2024-06-19,2024-06-19 13:18:00,1481.33,1481.37,1481.33,1481.37,0.0,32.61,48616.99,1
2024-06-19,2024-06-19 13:19:00,1481.37,1481.42,1481.37,1481.42,0.0,32.61,48616.99,1
2024-06-19,2024-06-19 13:20:00,1481.42,1481.46,1481.42,1481.46,0.0,32.61,48616.99,1
2024-06-19,2024-06-19 13:21:00,1481.46,1481.51,1481.46,1481.51,0.0,32.61,48616.99,1
2024-06-19,2024-06-19 13:22:00,1481.51,1481.55,1481.51,1481.55,0.0,32.61,48616.99,1
2024-06-19,2024-06-19 13:23:00,1481.55,1481.6,1481.55,1481.6,0.0,32.61,48616.99,1
2024-06-19,2024-06-19 13:24:00,1481.6,1481.65,1481.6,1481.65,0.0,32.61,48616.99,1
2024-06-19,2024-06-19 13:25:00,1481.65,1481.69,1481.65,1481.69,0.0,32.61,48616.99,1
2024-06-19,2024-06-19 13:26:00,1481.69,1481.74,1481.69,1481.74,0.0,32.61,48616.99,1
2024-06-19,2024-06-19 13:27:00,1481.74,1481.78,1481.74,1481.78,0.0,32.61,48616.99,1
2024-06-19,2024-06-19 13:28:00,1481.78,1481.83,1481.78,1481.83,0.0,32.61,48616.99,1
2024-06-19,2024-06-19 13:29:00,1481.83,1481.88,1481.83,1481.88,0.0,32.61,48616.99,1
2024-06-19,2024-06-19 13:30:00,1481.88,1481.92,1481.88,1481.92,0.0,32.61,48616.99,1
2024-06-19,2024-06-19 13:31:00,1481.92,1481.97,1481.92,1481.97,0.0,32.61,48616.99,1
2024-06-19,2024-06-19 13:32:00,1481.97,1482.01,1481.97,1482.01,0.0,32.61,48616.99,1
2024-06-19,2024-06-19 13:33:00,1482.01,1482.06,1482.01,1482.06,0.0,32.61,48616.99,1
2024-06-19,2024-06-19 13:34:00,1482.06,1482.1,1482.06,1482.1,0.0,32.61,48616.99,1
2024-06-19,2024-06-19 13:35:00,1482.1,1482.15,1482.1,1482.15,0.0,32.61,48616.99,1
2024-06-19,2024-06-19 13:36:00,1482.15,1482.2,1482.15,1482.2,0.0,32.61,48616.99,1
2024-06-19,2024-06-19 13:37:00,1482.2,1482.24,1482.2,1482.24,0.0,32.61,48616.99,1
2024-06-19,2024-06-19 13:38:00,1482.24,1482.29,1482.24,1482.29,0.0,32.61,48616.99,1
2024-06-19,2024-06-19 13:39:00,1482.29,1482.33,1482.29,1482.33,0.0,32.61,48616.99,1
2024-06-19,2024-06-19 13:40:00,1482.33,1482.38,1482.33,1482.38,0.0,32.61,48616.99,1
2024-06-19,2024-06-19 13:41:00,1482.38,1482.42,1482.38,1482.42,0.0,32.61,48616.99,1
2024-06-19,2024-06-19 13:42:00,1482.42,1482.47,1482.42,1482.47,0.0,32.61,48616.99,1
2024-06-19,2024-06-19 13:43:00,1482.47,1482.52,1482.47,1482.52,0.0,32.61,48616.99,1
2024-06-19,2024-06-19 13:44:00,1482.52,1482.56,1482.52,1482.56,0.0,32.61,48616.99,1
2024-06-19,2024-06-19 13:45:00,1482.56,1482.61,1482.56,1482.61,0.0,32.61,48616.99,1
2024-06-19,2024-06-19 13:46:00,1482.61,1482.65,1482.61,1482.65,0.0,32.61,48616.99,1
2024-06-19,2024-06-19 13:47:00,1482.65,1482.7,1482.65,1482.7,0.0,32.61,48616.99,1
2024-06-19,2024-06-19 13:48:00,1482.7,1482.75,1482.7,1482.75,0.0,32.61,48616.99,1
2024-06-19,2024-06-19 13:49:00,1482.75,1482.79,1482.75,1482.79,0.0,32.61,48616.99,1
2024-06-19,2024-06-19 13:50:00,1482.79,1482.84,1482.79,1482.84,0.0,32.61,48616.99,1
2024-06-19,2024-06-19 13:51:00,1482.84,1482.88,1482.84,1482.88,0.0,32.61,48616.99,1
2024-06-19,2024-06-19 13:52:00,1482.88,1482.93,1482.88,1482.93,0.0,32.61,48616.99,1
2024-06-19,2024-06-19 13:53:00,1482.93,1482.97,1482.93,1482.97,0.0,32.61,48616.99,1
2024-06-19,2024-06-19 13:54:00,1482.97,1483.02,1482.97,1483.02,0.0,32.61,48616.99,1
2024-06-19,2024-06-19 13:55:00,1483.02,1483.07,1483.02,1483.07,0.0,32.61,48616.99,1
2024-06-19,2024-06-19 13:56:00,1483.07,1483.11,1483.07,1483.11,0.0,32.61,48616.99,1
2024-06-19,2024-06-19 13:57:00,1483.11,1483.16,1483.11,1483.16,0.0,32.61,48616.99,1
2024-06-19,2024-06-19 13:58:00,1483.16,1483.2,1483.16,1483.2,0.0,32.61,48616.99,1
2024-06-19,2024-06-19 13:59:00,1483.2,1483.25,1483.2,1483.25,0.0,32.61,48616.99,1
2024-06-19,2024-06-19 14:00:00,1483.25,1483.3,1483.25,1483.3,0.0,32.61,48616.99,1
2024-06-19,2024-06-19 14:01:00,1483.3,1483.34,1483.3,1483.34,0.0,32.61,48616.99,1
2024-06-19,2024-06-19 14:02:00,1483.34,1483.39,1483.34,1483.39,0.0,32.61,48616.99,1
2024-06-19,2024-06-19 14:03:00,1483.39,1483.43,1483.39,1483.43,0.0,32.61,48616.99,1
2024-06-19,2024-06-19 14:04:00,1483.43,1483.48,1483.43,1483.48,0.0,32.61,48616.99,1
2024-06-19,2024-06-19 14:05:00,1483.48,1483.53,1483.48,1483.53,0.0,32.61,48616.99,1
2024-06-19,2024-06-19 14:06:00,1483.53,1483.57,1483.53,1483.57,0.0,32.61,48616.99,1
2024-06-19,2024-06-19 14:07:00,1483.57,1483.62,1483.57,1483.62,0.0,32.61,48616.99,1
2024-06-19,2024-06-19 14:08:00,1483.62,1483.66,1483.62,1483.66,0.0,32.61,48616.99,1
2024-06-19,2024-06-19 14:09:00,1483.66,1483.71,1483.66,1483.71,0.0,32.61,48616.99,1
2024-06-19,2024-06-19 14:10:00,1483.71,1483.75,1483.71,1483.75,0.0,32.61,48616.99,1
2024-06-19,2024-06-19 14:11:00,1483.75,1483.8,1483.75,1483.8,0.0,32.61,48616.99,1
2024-06-19,2024-06-19 14:12:00,1483.8,1483.85,1483.8,1483.85,0.0,32.61,48616.99,1
2024-06-19,2024-06-19 14:13:00,1483.85,1483.89,1483.85,1483.89,0.0,32.61,48616.99,1
2024-06-19,2024-06-19 14:14:00,1483.89,1483.94,1483.89,1483.94,0.0,32.61,48616.99,1
2024-06-19,2024-06-19 14:15:00,1483.94,1483.98,1483.94,1483.98,0.0,32.61,48616.99,1
2024-06-19,2024-06-19 14:16:00,1483.98,1484.03,1483.98,1484.03,0.0,32.61,48616.99,1
2024-06-19,2024-06-19 14:17:00,1484.03,1484.08,1484.03,1484.08,0.0,32.61,48616.99,1
2024-06-19,2024-06-19 14:18:00,1484.08,1484.12,1484.08,1484.12,0.0,32.61,48616.99,1
2024-06-19,2024-06-19 14:19:00,1484.12,1484.17,1484.12,1484.17,0.0,32.61,48616.99,1
2024-06-19,2024-06-19 14:20:00,1484.17,1484.21,1484.17,1484.21,0.0,32.61,48616.99,1
2024-06-19,2024-06-19 14:21:00,1484.21,1484.26,1484.21,1484.26,0.0,32.61,48616.99,1
2024-06-19,2024-06-19 14:22:00,1484.26,1484.3,1484.26,1484.3,0.0,32.61,48616.99,1
2024-06-19,2024-06-19 14:23:00,1484.3,1484.35,1484.3,1484.35,0.0,32.61,48616.99,1
2024-06-19,2024-06-19 14:24:00,1484.35,1484.4,1484.35,1484.4,0.0,32.61,48616.99,1
2024-06-19,2024-06-19 14:25:00,1484.4,1484.44,1484.4,1484.44,0.0,32.61,48616.99,1
2024-06-19,2024-06-19 14:26:00,1484.44,1484.49,1484.44,1484.49,0.0,32.61,48616.99,1
2024-06-19,2024-06-19 14:27:00,1484.49,1484.53,1484.49,1484.53,0.0,32.61,48616.99,1
2024-06-19,2024-06-19 14:28:00,1484.53,1484.58,1484.53,1484.58,0.0,32.61,48616.99,1
2024-06-19,2024-06-19 14:29:00,1484.58,1484.62,1484.58,1484.62,0.0,32.61,48616.99,1
2024-06-19,2024-06-19 14:30:00,1484.62,1484.67,1484.62,1484.67,0.0,32.61,48616.99,1
2024-06-19,2024-06-19 14:31:00,1484.67,1484.72,1484.67,1484.72,0.0,32.61,48616.99,1
2024-06-19,2024-06-19 14:32:00,1484.72,1484.76,1484.72,1484.76,0.0,32.61,48616.99,1
2024-06-19,2024-06-19 14:33:00,1484.76,1484.81,1484.76,1484.81,0.0,32.61,48616.99,1
2024-06-19,2024-06-19 14:34:00,1484.81,1484.85,1484.81,1484.85,0.0,32.61,48616.99,1
2024-06-19,2024-06-19 14:35:00,1484.85,1484.9,1484.85,1484.9,0.0,32.61,48616.99,1
2024-06-19,2024-06-19 14:36:00,1484.9,1484.95,1484.9,1484.95,0.0,32.61,48616.99,1
2024-06-19,2024-06-19 14:37:00,1484.95,1484.99,1484.95,1484.99,0.0,32.61,48616.99,1
2024-06-19,2024-06-19 14:38:00,1484.99,1485.04,1484.99,1485.04,0.0,32.61,48616.99,1
2024-06-19,2024-06-19 14:39:00,1485.04,1485.08,1485.04,1485.08,0.0,32.61,48616.99,1
2024-06-19,2024-06-19 14:40:00,1485.08,1485.13,1485.08,1485.13,0.0,32.61,48616.99,1
2024-06-19,2024-06-19 14:41:00,1485.13,1485.17,1485.13,1485.17,0.0,32.61,48616.99,1
2024-06-19,2024-06-19 14:42:00,1485.17,1485.22,1485.17,1485.22,0.0,32.61,48616.99,1
2024-06-19,2024-06-19 14:43:00,1485.22,1485.27,1485.22,1485.27,0.0,32.61,48616.99,1
2024-06-19,2024-06-19 14:44:00,1485.27,1485.31,1485.27,1485.31,0.0,32.61,48616.99,1
2024-06-19,2024-06-19 14:45:00,1485.31,1485.36,1485.31,1485.36,0.0,32.61,48616.99,1
2024-06-19,2024-06-19 14:46:00,1485.36,1485.4,1485.36,1485.4,0.0,32.61,48616.99,1
2024-06-19,2024-06-19 14:47:00,1485.4,1485.45,1485.4,1485.45,0.0,32.61,48616.99,1
2024-06-19,2024-06-19 14:48:00,1485.45,1485.5,1485.45,1485.5,0.0,32.61,48616.99,1
2024-06-19,2024-06-19 14:49:00,1485.5,1485.54,1485.5,1485.54,0.0,32.61,48616.99,1
2024-06-19,2024-06-19 14:50:00,1485.54,1485.59,1485.54,1485.59,0.0,32.61,48616.99,1
2024-06-19,2024-06-19 14:51:00,1485.59,1485.63,1485.59,1485.63,0.0,32.61,48616.99,1
2024-06-19,2024-06-19 14:52:00,1485.63,1485.68,1485.63,1485.68,0.0,32.61,48616.99,1
2024-06-19,2024-06-19 14:53:00,1485.68,1485.72,1485.68,1485.72,0.0,32.61,48616.99,1
2024-06-19,2024-06-19 14:54:00,1485.72,1485.77,1485.72,1485.77,0.0,32.61,48616.99,1
2024-06-19,2024-06-19 14:55:00,1485.77,1485.82,1485.77,1485.82,0.0,32.61,48616.99,1
2024-06-19,2024-06-19 14:56:00,1485.82,1485.86,1485.82,1485.86,0.0,32.61,48616.99,1
2024-06-19,2024-06-19 14:57:00,1485.86,1485.91,1485.86,1485.91,0.0,32.61,48616.99,1
2024-06-19,2024-06-19 14:58:00,1485.91,1485.95,1485.91,1485.95,0.0,32.61,48616.99,1
2024-06-19,2024-06-19 14:59:00,1485.95,1486.0,1485.95,1486.0,0.0,32.61,48616.99,1
2024-06-19,2024-06-19 15:00:00,1486.0,1581.0,1472.0,1486.0,0.0,32.61,48616.99,0
2024-06-20,2024-06-20 11:00:00,1461.0,1472.7,1461.0,1461.04,0.0,35.77,52900.64,1
2024-06-20,2024-06-20 11:01:00,1461.04,1461.08,1461.04,1461.08,0.0,35.77,52900.64,1
2024-06-20,2024-06-20 11:02:00,1461.08,1461.12,1461.08,1461.12,0.0,35.77,52900.64,1
2024-06-20,2024-06-20 11:03:00,1461.12,1461.17,1461.12,1461.17,0.0,35.77,52900.64,1
2024-06-20,2024-06-20 11:04:00,1461.17,1461.21,1461.17,1461.21,0.0,35.77,52900.64,1
2024-06-20,2024-06-20 11:05:00,1461.21,1461.25,1461.21,1461.25,0.0,35.77,52900.64,1
2024-06-20,2024-06-20 11:06:00,1461.25,1461.29,1461.25,1461.29,0.0,35.77,52900.64,1
2024-06-20,2024-06-20 11:07:00,1461.29,1461.33,1461.29,1461.33,0.0,35.77,52900.64,1
2024-06-20,2024-06-20 11:08:00,1461.33,1461.38,1461.33,1461.38,0.0,35.77,52900.64,1
2024-06-20,2024-06-20 11:09:00,1461.38,1461.42,1461.38,1461.42,0.0,35.77,52900.64,1
2024-06-20,2024-06-20 11:10:00,1461.42,1461.46,1461.42,1461.46,0.0,35.77,52900.64,1
2024-06-20,2024-06-20 11:11:00,1461.46,1461.5,1461.46,1461.5,0.0,35.77,52900.64,1
2024-06-20,2024-06-20 11:12:00,1461.5,1461.54,1461.5,1461.54,0.0,35.77,52900.64,1
2024-06-20,2024-06-20 11:13:00,1461.54,1461.58,1461.54,1461.58,0.0,35.77,52900.64,1
2024-06-20,2024-06-20 11:14:00,1461.58,1461.62,1461.58,1461.62,0.0,35.77,52900.64,1
2024-06-20,2024-06-20 11:15:00,1461.62,1461.67,1461.62,1461.67,0.0,35.77,52900.64,1
2024-06-20,2024-06-20 11:16:00,1461.67,1461.71,1461.67,1461.71,0.0,35.77,52900.64,1
2024-06-20,2024-06-20 11:17:00,1461.71,1461.75,1461.71,1461.75,0.0,35.77,52900.64,1
2024-06-20,2024-06-20 11:18:00,1461.75,1461.79,1461.75,1461.79,0.0,35.77,52900.64,1
2024-06-20,2024-06-20 11:19:00,1461.79,1461.83,1461.79,1461.83,0.0,35.77,52900.64,1
2024-06-20,2024-06-20 11:20:00,1461.83,1461.88,1461.83,1461.88,0.0,35.77,52900.64,1
2024-06-20,2024-06-20 11:21:00,1461.88,1461.92,1461.88,1461.92,0.0,35.77,52900.64,1
2024-06-20,2024-06-20 11:22:00,1461.92,1461.96,1461.92,1461.96,0.0,35.77,52900.64,1
2024-06-20,2024-06-20 11:23:00,1461.96,1462.0,1461.96,1462.0,0.0,35.77,52900.64,1
2024-06-20,2024-06-20 11:24:00,1462.0,1462.04,1462.0,1462.04,0.0,35.77,52900.64,1
2024-06-20,2024-06-20 11:25:00,1462.04,1462.08,1462.04,1462.08,0.0,35.77,52900.64,1
2024-06-20,2024-06-20 11:26:00,1462.08,1462.12,1462.08,1462.12,0.0,35.77,52900.64,1
2024-06-20,2024-06-20 11:27:00,1462.12,1462.17,1462.12,1462.17,0.0,35.77,52900.64,1
2024-06-20,2024-06-20 11:28:00,1462.17,1462.21,1462.17,1462.21,0.0,35.77,52900.64,1
2024-06-20,2024-06-20 11:29:00,1462.21,1462.25,1462.21,1462.25,0.0,35.77,52900.64,1
2024-06-20,2024-06-20 11:30:00,1462.25,1462.29,1462.25,1462.29,0.0,35.77,52900.64,1
2024-06-20,2024-06-20 11:31:00,1462.29,1462.33,1462.29,1462.33,0.0,35.77,52900.64,1
2024-06-20,2024-06-20 11:32:00,1462.33,1462.38,1462.33,1462.38,0.0,35.77,52900.64,1
2024-06-20,2024-06-20 11:33:00,1462.38,1462.42,1462.38,1462.42,0.0,35.77,52900.64,1
2024-06-20,2024-06-20 11:34:00,1462.42,1462.46,1462.42,1462.46,0.0,35.77,52900.64,1
2024-06-20,2024-06-20 11:35:00,1462.46,1462.5,1462.46,1462.5,0.0,35.77,52900.64,1
2024-06-20,2024-06-20 11:36:00,1462.5,1462.54,1462.5,1462.54,0.0,35.77,52900.64,1
2024-06-20,2024-06-20 11:37:00,1462.54,1462.58,1462.54,1462.58,0.0,35.77,52900.64,1
2024-06-20,2024-06-20 11:38:00,1462.58,1462.62,1462.58,1462.62,0.0,35.77,52900.64,1
2024-06-20,2024-06-20 11:39:00,1462.62,1462.67,1462.62,1462.67,0.0,35.77,52900.64,1
2024-06-20,2024-06-20 11:40:00,1462.67,1462.71,1462.67,1462.71,0.0,35.77,52900.64,1
2024-06-20,2024-06-20 11:41:00,1462.71,1462.75,1462.71,1462.75,0.0,35.77,52900.64,1
2024-06-20,2024-06-20 11:42:00,1462.75,1462.79,1462.75,1462.79,0.0,35.77,52900.64,1
2024-06-20,2024-06-20 11:43:00,1462.79,1462.83,1462.79,1462.83,0.0,35.77,52900.64,1
2024-06-20,2024-06-20 11:44:00,1462.83,1462.88,1462.83,1462.88,0.0,35.77,52900.64,1
2024-06-20,2024-06-20 11:45:00,1462.88,1462.92,1462.88,1462.92,0.0,35.77,52900.64,1
2024-06-20,2024-06-20 11:46:00,1462.92,1462.96,1462.92,1462.96,0.0,35.77,52900.64,1
2024-06-20,2024-06-20 11:47:00,1462.96,1463.0,1462.96,1463.0,0.0,35.77,52900.64,1
2024-06-20,2024-06-20 11:48:00,1463.0,1463.04,1463.0,1463.04,0.0,35.77,52900.64,1
2024-06-20,2024-06-20 11:49:00,1463.04,1463.08,1463.04,1463.08,0.0,35.77,52900.64,1
2024-06-20,2024-06-20 11:50:00,1463.08,1463.12,1463.08,1463.12,0.0,35.77,52900.64,1
2024-06-20,2024-06-20 11:51:00,1463.12,1463.17,1463.12,1463.17,0.0,35.77,52900.64,1
2024-06-20,2024-06-20 11:52:00,1463.17,1463.21,1463.17,1463.21,0.0,35.77,52900.64,1
2024-06-20,2024-06-20 11:53:00,1463.21,1463.25,1463.21,1463.25,0.0,35.77,52900.64,1
2024-06-20,2024-06-20 11:54:00,1463.25,1463.29,1463.25,1463.29,0.0,35.77,52900.64,1
2024-06-20,2024-06-20 11:55:00,1463.29,1463.33,1463.29,1463.33,0.0,35.77,52900.64,1
2024-06-20,2024-06-20 11:56:00,1463.33,1463.38,1463.33,1463.38,0.0,35.77,52900.64,1
2024-06-20,2024-06-20 11:57:00,1463.38,1463.42,1463.38,1463.42,0.0,35.77,52900.64,1
2024-06-20,2024-06-20 11:58:00,1463.42,1463.46,1463.42,1463.46,0.0,35.77,52900.64,1
2024-06-20,2024-06-20 11:59:00,1463.46,1463.5,1463.46,1463.5,0.0,35.77,52900.64,1
2024-06-20,2024-06-20 12:00:00,1463.5,1463.54,1463.5,1463.54,0.0,35.77,52900.64,1
2024-06-20,2024-06-20 12:01:00,1463.54,1463.58,1463.54,1463.58,0.0,35.77,52900.64,1
2024-06-20,2024-06-20 12:02:00,1463.58,1463.62,1463.58,1463.62,0.0,35.77,52900.64,1
2024-06-20,2024-06-20 12:03:00,1463.62,1463.67,1463.62,1463.67,0.0,35.77,52900.64,1
2024-06-20,2024-06-20 12:04:00,1463.67,1463.71,1463.67,1463.71,0.0,35.77,52900.64,1
2024-06-20,2024-06-20 12:05:00,1463.71,1463.75,1463.71,1463.75,0.0,35.77,52900.64,1
2024-06-20,2024-06-20 12:06:00,1463.75,1463.79,1463.75,1463.79,0.0,35.77,52900.64,1
2024-06-20,2024-06-20 12:07:00,1463.79,1463.83,1463.79,1463.83,0.0,35.77,52900.64,1
2024-06-20,2024-06-20 12:08:00,1463.83,1463.88,1463.83,1463.88,0.0,35.77,52900.64,1
2024-06-20,2024-06-20 12:09:00,1463.88,1463.92,1463.88,1463.92,0.0,35.77,52900.64,1
2024-06-20,2024-06-20 12:10:00,1463.92,1463.96,1463.92,1463.96,0.0,35.77,52900.64,1
2024-06-20,2024-06-20 12:11:00,1463.96,1464.0,1463.96,1464.0,0.0,35.77,52900.64,1
2024-06-20,2024-06-20 12:12:00,1464.0,1464.04,1464.0,1464.04,0.0,35.77,52900.64,1
2024-06-20,2024-06-20 12:13:00,1464.04,1464.08,1464.04,1464.08,0.0,35.77,52900.64,1
2024-06-20,2024-06-20 12:14:00,1464.08,1464.12,1464.08,1464.12,0.0,35.77,52900.64,1
2024-06-20,2024-06-20 12:15:00,1464.12,1464.17,1464.12,1464.17,0.0,35.77,52900.64,1
2024-06-20,2024-06-20 12:16:00,1464.17,1464.21,1464.17,1464.21,0.0,35.77,52900.64,1
2024-06-20,2024-06-20 12:17:00,1464.21,1464.25,1464.21,1464.25,0.0,35.77,52900.64,1
2024-06-20,2024-06-20 12:18:00,1464.25,1464.29,1464.25,1464.29,0.0,35.77,52900.64,1
2024-06-20,2024-06-20 12:19:00,1464.29,1464.33,1464.29,1464.33,0.0,35.77,52900.64,1
2024-06-20,2024-06-20 12:20:00,1464.33,1464.38,1464.33,1464.38,0.0,35.77,52900.64,1
2024-06-20,2024-06-20 12:21:00,1464.38,1464.42,1464.38,1464.42,0.0,35.77,52900.64,1
2024-06-20,2024-06-20 12:22:00,1464.42,1464.46,1464.42,1464.46,0.0,35.77,52900.64,1
2024-06-20,2024-06-20 12:23:00,1464.46,1464.5,1464.46,1464.5,0.0,35.77,52900.64,1
2024-06-20,2024-06-20 12:24:00,1464.5,1464.54,1464.5,1464.54,0.0,35.77,52900.64,1
2024-06-20,2024-06-20 12:25:00,1464.54,1464.58,1464.54,1464.58,0.0,35.77,52900.64,1
2024-06-20,2024-06-20 12:26:00,1464.58,1464.62,1464.58,1464.62,0.0,35.77,52900.64,1
2024-06-20,2024-06-20 12:27:00,1464.62,1464.67,1464.62,1464.67,0.0,35.77,52900.64,1
2024-06-20,2024-06-20 12:28:00,1464.67,1464.71,1464.67,1464.71,0.0,35.77,52900.64,1
2024-06-20,2024-06-20 12:29:00,1464.71,1464.75,1464.71,1464.75,0.0,35.77,52900.64,1
2024-06-20,2024-06-20 12:30:00,1464.75,1464.79,1464.75,1464.79,0.0,35.77,52900.64,1
2024-06-20,2024-06-20 12:31:00,1464.79,1464.83,1464.79,1464.83,0.0,35.77,52900.64,1
2024-06-20,2024-06-20 12:32:00,1464.83,1464.88,1464.83,1464.88,0.0,35.77,52900.64,1
2024-06-20,2024-06-20 12:33:00,1464.88,1464.92,1464.88,1464.92,0.0,35.77,52900.64,1
2024-06-20,2024-06-20 12:34:00,1464.92,1464.96,1464.92,1464.96,0.0,35.77,52900.64,1
2024-06-20,2024-06-20 12:35:00,1464.96,1465.0,1464.96,1465.0,0.0,35.77,52900.64,1
2024-06-20,2024-06-20 12:36:00,1465.0,1465.04,1465.0,1465.04,0.0,35.77,52900.64,1
2024-06-20,2024-06-20 12:37:00,1465.04,1465.08,1465.04,1465.08,0.0,35.77,52900.64,1
2024-06-20,2024-06-20 12:38:00,1465.08,1465.12,1465.08,1465.12,0.0,35.77,52900.64,1
2024-06-20,2024-06-20 12:39:00,1465.12,1465.17,1465.12,1465.17,0.0,35.77,52900.64,1
2024-06-20,2024-06-20 12:40:00,1465.17,1465.21,1465.17,1465.21,0.0,35.77,52900.64,1
2024-06-20,2024-06-20 12:41:00,1465.21,1465.25,1465.21,1465.25,0.0,35.77,52900.64,1
2024-06-20,2024-06-20 12:42:00,1465.25,1465.29,1465.25,1465.29,0.0,35.77,52900.64,1
2024-06-20,2024-06-20 12:43:00,1465.29,1465.33,1465.29,1465.33,0.0,35.77,52900.64,1
2024-06-20,2024-06-20 12:44:00,1465.33,1465.38,1465.33,1465.38,0.0,35.77,52900.64,1
2024-06-20,2024-06-20 12:45:00,1465.38,1465.42,1465.38,1465.42,0.0,35.77,52900.64,1
2024-06-20,2024-06-20 12:46:00,1465.42,1465.46,1465.42,1465.46,0.0,35.77,52900.64,1
2024-06-20,2024-06-20 12:47:00,1465.46,1465.5,1465.46,1465.5,0.0,35.77,52900.64,1
2024-06-20,2024-06-20 12:48:00,1465.5,1465.54,1465.5,1465.54,0.0,35.77,52900.64,1
2024-06-20,2024-06-20 12:49:00,1465.54,1465.58,1465.54,1465.58,0.0,35.77,52900.64,1
2024-06-20,2024-06-20 12:50:00,1465.58,1465.62,1465.58,1465.62,0.0,35.77,52900.64,1
2024-06-20,2024-06-20 12:51:00,1465.62,1465.67,1465.62,1465.67,0.0,35.77,52900.64,1
2024-06-20,2024-06-20 12:52:00,1465.67,1465.71,1465.67,1465.71,0.0,35.77,52900.64,1
2024-06-20,2024-06-20 12:53:00,1465.71,1465.75,1465.71,1465.75,0.0,35.77,52900.64,1
2024-06-20,2024-06-20 12:54:00,1465.75,1465.79,1465.75,1465.79,0.0,35.77,52900.64,1
2024-06-20,2024-06-20 12:55:00,1465.79,1465.83,1465.79,1465.83,0.0,35.77,52900.64,1
2024-06-20,2024-06-20 12:56:00,1465.83,1465.88,1465.83,1465.88,0.0,35.77,52900.64,1
2024-06-20,2024-06-20 12:57:00,1465.88,1465.92,1465.88,1465.92,0.0,35.77,52900.64,1
2024-06-20,2024-06-20 12:58:00,1465.92,1465.96,1465.92,1465.96,0.0,35.77,52900.64,1
2024-06-20,2024-06-20 12:59:00,1465.96,1466.0,1465.96,1466.0,0.0,35.77,52900.64,1
2024-06-20,2024-06-20 13:00:00,1466.0,1500.0,1461.0,1466.04,0.0,35.77,52900.64,1
2024-06-20,2024-06-20 13:01:00,1466.04,1466.08,1466.04,1466.08,0.0,35.77,52900.64,1
2024-06-20,2024-06-20 13:02:00,1466.08,1466.12,1466.08,1466.12,0.0,35.77,52900.64,1
2024-06-20,2024-06-20 13:03:00,1466.12,1466.17,1466.12,1466.17,0.0,35.77,52900.64,1
2024-06-20,2024-06-20 13:04:00,1466.17,1466.21,1466.17,1466.21,0.0,35.77,52900.64,1
2024-06-20,2024-06-20 13:05:00,1466.21,1466.25,1466.21,1466.25,0.0,35.77,52900.64,1
2024-06-20,2024-06-20 13:06:00,1466.25,1466.29,1466.25,1466.29,0.0,35.77,52900.64,1
2024-06-20,2024-06-20 13:07:00,1466.29,1466.33,1466.29,1466.33,0.0,35.77,52900.64,1
2024-06-20,2024-06-20 13:08:00,1466.33,1466.38,1466.33,1466.38,0.0,35.77,52900.64,1
2024-06-20,2024-06-20 13:09:00,1466.38,1466.42,1466.38,1466.42,0.0,35.77,52900.64,1
2024-06-20,2024-06-20 13:10:00,1466.42,1466.46,1466.42,1466.46,0.0,35.77,52900.64,1
2024-06-20,2024-06-20 13:11:00,1466.46,1466.5,1466.46,1466.5,0.0,35.77,52900.64,1
2024-06-20,2024-06-20 13:12:00,1466.5,1466.54,1466.5,1466.54,0.0,35.77,52900.64,1
2024-06-20,2024-06-20 13:13:00,1466.54,1466.58,1466.54,1466.58,0.0,35.77,52900.64,1
2024-06-20,2024-06-20 13:14:00,1466.58,1466.62,1466.58,1466.62,0.0,35.77,52900.64,1
2024-06-20,2024-06-20 13:15:00,1466.62,1466.67,1466.62,1466.67,0.0,35.77,52900.64,1
2024-06-20,2024-06-20 13:16:00,1466.67,1466.71,1466.67,1466.71,0.0,35.77,52900.64,1
2024-06-20,2024-06-20 13:17:00,1466.71,1466.75,1466.71,1466.75,0.0,35.77,52900.64,1
2024-06-20,2024-06-20 13:18:00,1466.75,1466.79,1466.75,1466.79,0.0,35.77,52900.64,1
2024-06-20,2024-06-20 13:19:00,1466.79,1466.83,1466.79,1466.83,0.0,35.77,52900.64,1
2024-06-20,2024-06-20 13:20:00,1466.83,1466.88,1466.83,1466.88,0.0,35.77,52900.64,1
2024-06-20,2024-06-20 13:21:00,1466.88,1466.92,1466.88,1466.92,0.0,35.77,52900.64,1
2024-06-20,2024-06-20 13:22:00,1466.92,1466.96,1466.92,1466.96,0.0,35.77,52900.64,1
2024-06-20,2024-06-20 13:23:00,1466.96,1467.0,1466.96,1467.0,0.0,35.77,52900.64,1
2024-06-20,2024-06-20 13:24:00,1467.0,1467.04,1467.0,1467.04,0.0,35.77,52900.64,1
2024-06-20,2024-06-20 13:25:00,1467.04,1467.08,1467.04,1467.08,0.0,35.77,52900.64,1
2024-06-20,2024-06-20 13:26:00,1467.08,1467.12,1467.08,1467.12,0.0,35.77,52900.64,1
2024-06-20,2024-06-20 13:27:00,1467.12,1467.17,1467.12,1467.17,0.0,35.77,52900.64,1
2024-06-20,2024-06-20 13:28:00,1467.17,1467.21,1467.17,1467.21,0.0,35.77,52900.64,1
2024-06-20,2024-06-20 13:29:00,1467.21,1467.25,1467.21,1467.25,0.0,35.77,52900.64,1
2024-06-20,2024-06-20 13:30:00,1467.25,1467.29,1467.25,1467.29,0.0,35.77,52900.64,1
2024-06-20,2024-06-20 13:31:00,1467.29,1467.33,1467.29,1467.33,0.0,35.77,52900.64,1
2024-06-20,2024-06-20 13:32:00,1467.33,1467.38,1467.33,1467.38,0.0,35.77,52900.64,1
2024-06-20,2024-06-20 13:33:00,1467.38,1467.42,1467.38,1467.42,0.0,35.77,52900.64,1
2024-06-20,2024-06-20 13:34:00,1467.42,1467.46,1467.42,1467.46,0.0,35.77,52900.64,1
2024-06-20,2024-06-20 13:35:00,1467.46,1467.5,1467.46,1467.5,0.0,35.77,52900.64,1
2024-06-20,2024-06-20 13:36:00,1467.5,1467.54,1467.5,1467.54,0.0,35.77,52900.64,1
2024-06-20,2024-06-20 13:37:00,1467.54,1467.58,1467.54,1467.58,0.0,35.77,52900.64,1
2024-06-20,2024-06-20 13:38:00,1467.58,1467.62,1467.58,1467.62,0.0,35.77,52900.64,1
2024-06-20,2024-06-20 13:39:00,1467.62,1467.67,1467.62,1467.67,0.0,35.77,52900.64,1
2024-06-20,2024-06-20 13:40:00,1467.67,1467.71,1467.67,1467.71,0.0,35.77,52900.64,1
2024-06-20,2024-06-20 13:41:00,1467.71,1467.75,1467.71,1467.75,0.0,35.77,52900.64,1
2024-06-20,2024-06-20 13:42:00,1467.75,1467.79,1467.75,1467.79,0.0,35.77,52900.64,1
2024-06-20,2024-06-20 13:43:00,1467.79,1467.83,1467.79,1467.83,0.0,35.77,52900.64,1
2024-06-20,2024-06-20 13:44:00,1467.83,1467.88,1467.83,1467.88,0.0,35.77,52900.64,1
2024-06-20,2024-06-20 13:45:00,1467.88,1467.92,1467.88,1467.92,0.0,35.77,52900.64,1
2024-06-20,2024-06-20 13:46:00,1467.92,1467.96,1467.92,1467.96,0.0,35.77,52900.64,1
2024-06-20,2024-06-20 13:47:00,1467.96,1468.0,1467.96,1468.0,0.0,35.77,52900.64,1
2024-06-20,2024-06-20 13:48:00,1468.0,1468.04,1468.0,1468.04,0.0,35.77,52900.64,1
2024-06-20,2024-06-20 13:49:00,1468.04,1468.08,1468.04,1468.08,0.0,35.77,52900.64,1
2024-06-20,2024-06-20 13:50:00,1468.08,1468.12,1468.08,1468.12,0.0,35.77,52900.64,1
2024-06-20,2024-06-20 13:51:00,1468.12,1468.17,1468.12,1468.17,0.0,35.77,52900.64,1
2024-06-20,2024-06-20 13:52:00,1468.17,1468.21,1468.17,1468.21,0.0,35.77,52900.64,1
2024-06-20,2024-06-20 13:53:00,1468.21,1468.25,1468.21,1468.25,0.0,35.77,52900.64,1
2024-06-20,2024-06-20 13:54:00,1468.25,1468.29,1468.25,1468.29,0.0,35.77,52900.64,1
2024-06-20,2024-06-20 13:55:00,1468.29,1468.33,1468.29,1468.33,0.0,35.77,52900.64,1
2024-06-20,2024-06-20 13:56:00,1468.33,1468.38,1468.33,1468.38,0.0,35.77,52900.64,1
2024-06-20,2024-06-20 13:57:00,1468.38,1468.42,1468.38,1468.42,0.0,35.77,52900.64,1
2024-06-20,2024-06-20 13:58:00,1468.42,1468.46,1468.42,1468.46,0.0,35.77,52900.64,1
2024-06-20,2024-06-20 13:59:00,1468.46,1468.5,1468.46,1468.5,0.0,35.77,52900.64,1
2024-06-20,2024-06-20 14:00:00,1468.5,1468.54,1468.5,1468.54,0.0,35.77,52900.64,1
2024-06-20,2024-06-20 14:01:00,1468.54,1468.58,1468.54,1468.58,0.0,35.77,52900.64,1
2024-06-20,2024-06-20 14:02:00,1468.58,1468.62,1468.58,1468.62,0.0,35.77,52900.64,1
2024-06-20,2024-06-20 14:03:00,1468.62,1468.67,1468.62,1468.67,0.0,35.77,52900.64,1
2024-06-20,2024-06-20 14:04:00,1468.67,1468.71,1468.67,1468.71,0.0,35.77,52900.64,1
2024-06-20,2024-06-20 14:05:00,1468.71,1468.75,1468.71,1468.75,0.0,35.77,52900.64,1
2024-06-20,2024-06-20 14:06:00,1468.75,1468.79,1468.75,1468.79,0.0,35.77,52900.64,1
2024-06-20,2024-06-20 14:07:00,1468.79,1468.83,1468.79,1468.83,0.0,35.77,52900.64,1
2024-06-20,2024-06-20 14:08:00,1468.83,1468.88,1468.83,1468.88,0.0,35.77,52900.64,1
2024-06-20,2024-06-20 14:09:00,1468.88,1468.92,1468.88,1468.92,0.0,35.77,52900.64,1
2024-06-20,2024-06-20 14:10:00,1468.92,1468.96,1468.92,1468.96,0.0,35.77,52900.64,1
2024-06-20,2024-06-20 14:11:00,1468.96,1469.0,1468.96,1469.0,0.0,35.77,52900.64,1
2024-06-20,2024-06-20 14:12:00,1469.0,1469.04,1469.0,1469.04,0.0,35.77,52900.64,1
2024-06-20,2024-06-20 14:13:00,1469.04,1469.08,1469.04,1469.08,0.0,35.77,52900.64,1
2024-06-20,2024-06-20 14:14:00,1469.08,1469.12,1469.08,1469.12,0.0,35.77,52900.64,1
2024-06-20,2024-06-20 14:15:00,1469.12,1469.17,1469.12,1469.17,0.0,35.77,52900.64,1
2024-06-20,2024-06-20 14:16:00,1469.17,1469.21,1469.17,1469.21,0.0,35.77,52900.64,1
2024-06-20,2024-06-20 14:17:00,1469.21,1469.25,1469.21,1469.25,0.0,35.77,52900.64,1
2024-06-20,2024-06-20 14:18:00,1469.25,1469.29,1469.25,1469.29,0.0,35.77,52900.64,1
2024-06-20,2024-06-20 14:19:00,1469.29,1469.33,1469.29,1469.33,0.0,35.77,52900.64,1
2024-06-20,2024-06-20 14:20:00,1469.33,1469.38,1469.33,1469.38,0.0,35.77,52900.64,1
2024-06-20,2024-06-20 14:21:00,1469.38,1469.42,1469.38,1469.42,0.0,35.77,52900.64,1
2024-06-20,2024-06-20 14:22:00,1469.42,1469.46,1469.42,1469.46,0.0,35.77,52900.64,1
2024-06-20,2024-06-20 14:23:00,1469.46,1469.5,1469.46,1469.5,0.0,35.77,52900.64,1
2024-06-20,2024-06-20 14:24:00,1469.5,1469.54,1469.5,1469.54,0.0,35.77,52900.64,1
2024-06-20,2024-06-20 14:25:00,1469.54,1469.58,1469.54,1469.58,0.0,35.77,52900.64,1
2024-06-20,2024-06-20 14:26:00,1469.58,1469.62,1469.58,1469.62,0.0,35.77,52900.64,1
2024-06-20,2024-06-20 14:27:00,1469.62,1469.67,1469.62,1469.67,0.0,35.77,52900.64,1
2024-06-20,2024-06-20 14:28:00,1469.67,1469.71,1469.67,1469.71,0.0,35.77,52900.64,1
2024-06-20,2024-06-20 14:29:00,1469.71,1469.75,1469.71,1469.75,0.0,35.77,52900.64,1
2024-06-20,2024-06-20 14:30:00,1469.75,1469.79,1469.75,1469.79,0.0,35.77,52900.64,1
2024-06-20,2024-06-20 14:31:00,1469.79,1469.83,1469.79,1469.83,0.0,35.77,52900.64,1
2024-06-20,2024-06-20 14:32:00,1469.83,1469.88,1469.83,1469.88,0.0,35.77,52900.64,1
2024-06-20,2024-06-20 14:33:00,1469.88,1469.92,1469.88,1469.92,0.0,35.77,52900.64,1
2024-06-20,2024-06-20 14:34:00,1469.92,1469.96,1469.92,1469.96,0.0,35.77,52900.64,1
2024-06-20,2024-06-20 14:35:00,1469.96,1470.0,1469.96,1470.0,0.0,35.77,52900.64,1
2024-06-20,2024-06-20 14:36:00,1470.0,1470.04,1470.0,1470.04,0.0,35.77,52900.64,1
2024-06-20,2024-06-20 14:37:00,1470.04,1470.08,1470.04,1470.08,0.0,35.77,52900.64,1
2024-06-20,2024-06-20 14:38:00,1470.08,1470.12,1470.08,1470.12,0.0,35.77,52900.64,1
2024-06-20,2024-06-20 14:39:00,1470.12,1470.17,1470.12,1470.17,0.0,35.77,52900.64,1
2024-06-20,2024-06-20 14:40:00,1470.17,1470.21,1470.17,1470.21,0.0,35.77,52900.64,1
2024-06-20,2024-06-20 14:41:00,1470.21,1470.25,1470.21,1470.25,0.0,35.77,52900.64,1
2024-06-20,2024-06-20 14:42:00,1470.25,1470.29,1470.25,1470.29,0.0,35.77,52900.64,1
2024-06-20,2024-06-20 14:43:00,1470.29,1470.33,1470.29,1470.33,0.0,35.77,52900.64,1
2024-06-20,2024-06-20 14:44:00,1470.33,1470.38,1470.33,1470.38,0.0,35.77,52900.64,1
2024-06-20,2024-06-20 14:45:00,1470.38,1470.42,1470.38,1470.42,0.0,35.77,52900.64,1
2024-06-20,2024-06-20 14:46:00,1470.42,1470.46,1470.42,1470.46,0.0,35.77,52900.64,1
2024-06-20,2024-06-20 14:47:00,1470.46,1470.5,1470.46,1470.5,0.0,35.77,52900.64,1
2024-06-20,2024-06-20 14:48:00,1470.5,1470.54,1470.5,1470.54,0.0,35.77,52900.64,1
2024-06-20,2024-06-20 14:49:00,1470.54,1470.58,1470.54,1470.58,0.0,35.77,52900.64,1
2024-06-20,2024-06-20 14:50:00,1470.58,1470.62,1470.58,1470.62,0.0,35.77,52900.64,1
2024-06-20,2024-06-20 14:51:00,1470.62,1470.67,1470.62,1470.67,0.0,35.77,52900.64,1
2024-06-20,2024-06-20 14:52:00,1470.67,1470.71,1470.67,1470.71,0.0,35.77,52900.64,1
2024-06-20,2024-06-20 14:53:00,1470.71,1470.75,1470.71,1470.75,0.0,35.77,52900.64,1
2024-06-20,2024-06-20 14:54:00,1470.75,1470.79,1470.75,1470.79,0.0,35.77,52900.64,1
2024-06-20,2024-06-20 14:55:00,1470.79,1470.83,1470.79,1470.83,0.0,35.77,52900.64,1
2024-06-20,2024-06-20 14:56:00,1470.83,1470.88,1470.83,1470.88,0.0,35.77,52900.64,1
2024-06-20,2024-06-20 14:57:00,1470.88,1470.92,1470.88,1470.92,0.0,35.77,52900.64,1
2024-06-20,2024-06-20 14:58:00,1470.92,1470.96,1470.92,1470.96,0.0,35.77,52900.64,1
2024-06-20,2024-06-20 14:59:00,1470.96,1471.0,1470.96,1471.0,0.0,35.77,52900.64,1
2024-06-20,2024-06-20 15:00:00,1471.0,1500.0,1461.0,1471.0,0.0,35.77,52900.64,0
2024-06-23,2024-06-23 11:00:00,1463.0,1474.07,1459.1,1463.03,0.0,17.31,25375.76,1
2024-06-23,2024-06-23 11:01:00,1463.03,1463.05,1463.03,1463.05,0.0,17.31,25375.76,1
2024-06-23,2024-06-23 11:02:00,1463.05,1463.08,1463.05,1463.08,0.0,17.31,25375.76,1
2024-06-23,2024-06-23 11:03:00,1463.08,1463.11,1463.08,1463.11,0.0,17.31,25375.76,1
2024-06-23,2024-06-23 11:04:00,1463.11,1463.14,1463.11,1463.14,0.0,17.31,25375.76,1
2024-06-23,2024-06-23 11:05:00,1463.14,1463.16,1463.14,1463.16,0.0,17.31,25375.76,1
2024-06-23,2024-06-23 11:06:00,1463.16,1463.19,1463.16,1463.19,0.0,17.31,25375.76,1
2024-06-23,2024-06-23 11:07:00,1463.19,1463.22,1463.19,1463.22,0.0,17.31,25375.76,1
2024-06-23,2024-06-23 11:08:00,1463.22,1463.24,1463.22,1463.24,0.0,17.31,25375.76,1
2024-06-23,2024-06-23 11:09:00,1463.24,1463.27,1463.24,1463.27,0.0,17.31,25375.76,1
2024-06-23,2024-06-23 11:10:00,1463.27,1463.3,1463.27,1463.3,0.0,17.31,25375.76,1
2024-06-23,2024-06-23 11:11:00,1463.3,1463.33,1463.3,1463.33,0.0,17.31,25375.76,1
2024-06-23,2024-06-23 11:12:00,1463.33,1463.35,1463.33,1463.35,0.0,17.31,25375.76,1
2024-06-23,2024-06-23 11:13:00,1463.35,1463.38,1463.35,1463.38,0.0,17.31,25375.76,1
2024-06-23,2024-06-23 11:14:00,1463.38,1463.41,1463.38,1463.41,0.0,17.31,25375.76,1
2024-06-23,2024-06-23 11:15:00,1463.41,1463.43,1463.41,1463.43,0.0,17.31,25375.76,1
2024-06-23,2024-06-23 11:16:00,1463.43,1463.46,1463.43,1463.46,0.0,17.31,25375.76,1
2024-06-23,2024-06-23 11:17:00,1463.46,1463.49,1463.46,1463.49,0.0,17.31,25375.76,1
2024-06-23,2024-06-23 11:18:00,1463.49,1463.51,1463.49,1463.51,0.0,17.31,25375.76,1
2024-06-23,2024-06-23 11:19:00,1463.51,1463.54,1463.51,1463.54,0.0,17.31,25375.76,1
2024-06-23,2024-06-23 11:20:00,1463.54,1463.57,1463.54,1463.57,0.0,17.31,25375.76,1
2024-06-23,2024-06-23 11:21:00,1463.57,1463.6,1463.57,1463.6,0.0,17.31,25375.76,1
2024-06-23,2024-06-23 11:22:00,1463.6,1463.62,1463.6,1463.62,0.0,17.31,25375.76,1
2024-06-23,2024-06-23 11:23:00,1463.62,1463.65,1463.62,1463.65,0.0,17.31,25375.76,1
2024-06-23,2024-06-23 11:24:00,1463.65,1463.68,1463.65,1463.68,0.0,17.31,25375.76,1
2024-06-23,2024-06-23 11:25:00,1463.68,1463.7,1463.68,1463.7,0.0,17.31,25375.76,1
2024-06-23,2024-06-23 11:26:00,1463.7,1463.73,1463.7,1463.73,0.0,17.31,25375.76,1
2024-06-23,2024-06-23 11:27:00,1463.73,1463.76,1463.73,1463.76,0.0,17.31,25375.76,1
2024-06-23,2024-06-23 11:28:00,1463.76,1463.79,1463.76,1463.79,0.0,17.31,25375.76,1
2024-06-23,2024-06-23 11:29:00,1463.79,1463.81,1463.79,1463.81,0.0,17.31,25375.76,1
2024-06-23,2024-06-23 11:30:00,1463.81,1463.84,1463.81,1463.84,0.0,17.31,25375.76,1
2024-06-23,2024-06-23 11:31:00,1463.84,1463.87,1463.84,1463.87,0.0,17.31,25375.76,1
2024-06-23,2024-06-23 11:32:00,1463.87,1463.89,1463.87,1463.89,0.0,17.31,25375.76,1
2024-06-23,2024-06-23 11:33:00,1463.89,1463.92,1463.89,1463.92,0.0,17.31,25375.76,1
2024-06-23,2024-06-23 11:34:00,1463.92,1463.95,1463.92,1463.95,0.0,17.31,25375.76,1
2024-06-23,2024-06-23 11:35:00,1463.95,1463.97,1463.95,1463.97,0.0,17.31,25375.76,1
2024-06-23,2024-06-23 11:36:00,1463.97,1464.0,1463.97,1464.0,0.0,17.31,25375.76,1
2024-06-23,2024-06-23 11:37:00,1464.0,1464.03,1464.0,1464.03,0.0,17.31,25375.76,1
2024-06-23,2024-06-23 11:38:00,1464.03,1464.06,1464.03,1464.06,0.0,17.31,25375.76,1
2024-06-23,2024-06-23 11:39:00,1464.06,1464.08,1464.06,1464.08,0.0,17.31,25375.76,1
2024-06-23,2024-06-23 11:40:00,1464.08,1464.11,1464.08,1464.11,0.0,17.31,25375.76,1
2024-06-23,2024-06-23 11:41:00,1464.11,1464.14,1464.11,1464.14,0.0,17.31,25375.76,1
2024-06-23,2024-06-23 11:42:00,1464.14,1464.16,1464.14,1464.16,0.0,17.31,25375.76,1
2024-06-23,2024-06-23 11:43:00,1464.16,1464.19,1464.16,1464.19,0.0,17.31,25375.76,1
2024-06-23,2024-06-23 11:44:00,1464.19,1464.22,1464.19,1464.22,0.0,17.31,25375.76,1
2024-06-23,2024-06-23 11:45:00,1464.22,1464.25,1464.22,1464.25,0.0,17.31,25375.76,1
2024-06-23,2024-06-23 11:46:00,1464.25,1464.27,1464.25,1464.27,0.0,17.31,25375.76,1
2024-06-23,2024-06-23 11:47:00,1464.27,1464.3,1464.27,1464.3,0.0,17.31,25375.76,1
2024-06-23,2024-06-23 11:48:00,1464.3,1464.33,1464.3,1464.33,0.0,17.31,25375.76,1
2024-06-23,2024-06-23 11:49:00,1464.33,1464.35,1464.33,1464.35,0.0,17.31,25375.76,1
2024-06-23,2024-06-23 11:50:00,1464.35,1464.38,1464.35,1464.38,0.0,17.31,25375.76,1
2024-06-23,2024-06-23 11:51:00,1464.38,1464.41,1464.38,1464.41,0.0,17.31,25375.76,1
2024-06-23,2024-06-23 11:52:00,1464.41,1464.44,1464.41,1464.44,0.0,17.31,25375.76,1
2024-06-23,2024-06-23 11:53:00,1464.44,1464.46,1464.44,1464.46,0.0,17.31,25375.76,1
2024-06-23,2024-06-23 11:54:00,1464.46,1464.49,1464.46,1464.49,0.0,17.31,25375.76,1
2024-06-23,2024-06-23 11:55:00,1464.49,1464.52,1464.49,1464.52,0.0,17.31,25375.76,1
2024-06-23,2024-06-23 11:56:00,1464.52,1464.54,1464.52,1464.54,0.0,17.31,25375.76,1
2024-06-23,2024-06-23 11:57:00,1464.54,1464.57,1464.54,1464.57,0.0,17.31,25375.76,1
2024-06-23,2024-06-23 11:58:00,1464.57,1464.6,1464.57,1464.6,0.0,17.31,25375.76,1
2024-06-23,2024-06-23 11:59:00,1464.6,1464.62,1464.6,1464.62,0.0,17.31,25375.76,1
2024-06-23,2024-06-23 12:00:00,1464.62,1464.65,1464.62,1464.65,0.0,17.31,25375.76,1
2024-06-23,2024-06-23 12:01:00,1464.65,1464.68,1464.65,1464.68,0.0,17.31,25375.76,1
2024-06-23,2024-06-23 12:02:00,1464.68,1464.71,1464.68,1464.71,0.0,17.31,25375.76,1
2024-06-23,2024-06-23 12:03:00,1464.71,1464.73,1464.71,1464.73,0.0,17.31,25375.76,1
2024-06-23,2024-06-23 12:04:00,1464.73,1464.76,1464.73,1464.76,0.0,17.31,25375.76,1
2024-06-23,2024-06-23 12:05:00,1464.76,1464.79,1464.76,1464.79,0.0,17.31,25375.76,1
2024-06-23,2024-06-23 12:06:00,1464.79,1464.81,1464.79,1464.81,0.0,17.31,25375.76,1
2024-06-23,2024-06-23 12:07:00,1464.81,1464.84,1464.81,1464.84,0.0,17.31,25375.76,1
2024-06-23,2024-06-23 12:08:00,1464.84,1464.87,1464.84,1464.87,0.0,17.31,25375.76,1
2024-06-23,2024-06-23 12:09:00,1464.87,1464.9,1464.87,1464.9,0.0,17.31,25375.76,1
2024-06-23,2024-06-23 12:10:00,1464.9,1464.92,1464.9,1464.92,0.0,17.31,25375.76,1
2024-06-23,2024-06-23 12:11:00,1464.92,1464.95,1464.92,1464.95,0.0,17.31,25375.76,1
2024-06-23,2024-06-23 12:12:00,1464.95,1464.98,1464.95,1464.98,0.0,17.31,25375.76,1
2024-06-23,2024-06-23 12:13:00,1464.98,1465.0,1464.98,1465.0,0.0,17.31,25375.76,1
2024-06-23,2024-06-23 12:14:00,1465.0,1465.03,1465.0,1465.03,0.0,17.31,25375.76,1
2024-06-23,2024-06-23 12:15:00,1465.03,1465.06,1465.03,1465.06,0.0,17.31,25375.76,1
2024-06-23,2024-06-23 12:16:00,1465.06,1465.09,1465.06,1465.09,0.0,17.31,25375.76,1
2024-06-23,2024-06-23 12:17:00,1465.09,1465.11,1465.09,1465.11,0.0,17.31,25375.76,1
2024-06-23,2024-06-23 12:18:00,1465.11,1465.14,1465.11,1465.14,0.0,17.31,25375.76,1
2024-06-23,2024-06-23 12:19:00,1465.14,1465.17,1465.14,1465.17,0.0,17.31,25375.76,1
2024-06-23,2024-06-23 12:20:00,1465.17,1465.19,1465.17,1465.19,0.0,17.31,25375.76,1
2024-06-23,2024-06-23 12:21:00,1465.19,1465.22,1465.19,1465.22,0.0,17.31,25375.76,1
2024-06-23,2024-06-23 12:22:00,1465.22,1465.25,1465.22,1465.25,0.0,17.31,25375.76,1
2024-06-23,2024-06-23 12:23:00,1465.25,1465.28,1465.25,1465.28,0.0,17.31,25375.76,1
2024-06-23,2024-06-23 12:24:00,1465.28,1465.3,1465.28,1465.3,0.0,17.31,25375.76,1
2024-06-23,2024-06-23 12:25:00,1465.3,1465.33,1465.3,1465.33,0.0,17.31,25375.76,1
2024-06-23,2024-06-23 12:26:00,1465.33,1465.36,1465.33,1465.36,0.0,17.31,25375.76,1
2024-06-23,2024-06-23 12:27:00,1465.36,1465.38,1465.36,1465.38,0.0,17.31,25375.76,1
2024-06-23,2024-06-23 12:28:00,1465.38,1465.41,1465.38,1465.41,0.0,17.31,25375.76,1
2024-06-23,2024-06-23 12:29:00,1465.41,1465.44,1465.41,1465.44,0.0,17.31,25375.76,1
2024-06-23,2024-06-23 12:30:00,1465.44,1465.46,1465.44,1465.46,0.0,17.31,25375.76,1
2024-06-23,2024-06-23 12:31:00,1465.46,1465.49,1465.46,1465.49,0.0,17.31,25375.76,1
2024-06-23,2024-06-23 12:32:00,1465.49,1465.52,1465.49,1465.52,0.0,17.31,25375.76,1
2024-06-23,2024-06-23 12:33:00,1465.52,1465.55,1465.52,1465.55,0.0,17.31,25375.76,1
2024-06-23,2024-06-23 12:34:00,1465.55,1465.57,1465.55,1465.57,0.0,17.31,25375.76,1
2024-06-23,2024-06-23 12:35:00,1465.57,1465.6,1465.57,1465.6,0.0,17.31,25375.76,1
2024-06-23,2024-06-23 12:36:00,1465.6,1465.63,1465.6,1465.63,0.0,17.31,25375.76,1
2024-06-23,2024-06-23 12:37:00,1465.63,1465.65,1465.63,1465.65,0.0,17.31,25375.76,1
2024-06-23,2024-06-23 12:38:00,1465.65,1465.68,1465.65,1465.68,0.0,17.31,25375.76,1
2024-06-23,2024-06-23 12:39:00,1465.68,1465.71,1465.68,1465.71,0.0,17.31,25375.76,1
2024-06-23,2024-06-23 12:40:00,1465.71,1465.74,1465.71,1465.74,0.0,17.31,25375.76,1
2024-06-23,2024-06-23 12:41:00,1465.74,1465.76,1465.74,1465.76,0.0,17.31,25375.76,1
2024-06-23,2024-06-23 12:42:00,1465.76,1465.79,1465.76,1465.79,0.0,17.31,25375.76,1
2024-06-23,2024-06-23 12:43:00,1465.79,1465.82,1465.79,1465.82,0.0,17.31,25375.76,1
2024-06-23,2024-06-23 12:44:00,1465.82,1465.84,1465.82,1465.84,0.0,17.31,25375.76,1
2024-06-23,2024-06-23 12:45:00,1465.84,1465.87,1465.84,1465.87,0.0,17.31,25375.76,1
2024-06-23,2024-06-23 12:46:00,1465.87,1465.9,1465.87,1465.9,0.0,17.31,25375.76,1
2024-06-23,2024-06-23 12:47:00,1465.9,1465.92,1465.9,1465.92,0.0,17.31,25375.76,1
2024-06-23,2024-06-23 12:48:00,1465.92,1465.95,1465.92,1465.95,0.0,17.31,25375.76,1
2024-06-23,2024-06-23 12:49:00,1465.95,1465.98,1465.95,1465.98,0.0,17.31,25375.76,1
2024-06-23,2024-06-23 12:50:00,1465.98,1466.01,1465.98,1466.01,0.0,17.31,25375.76,1
2024-06-23,2024-06-23 12:51:00,1466.01,1466.03,1466.01,1466.03,0.0,17.31,25375.76,1
2024-06-23,2024-06-23 12:52:00,1466.03,1466.06,1466.03,1466.06,0.0,17.31,25375.76,1
2024-06-23,2024-06-23 12:53:00,1466.06,1466.09,1466.06,1466.09,0.0,17.31,25375.76,1
2024-06-23,2024-06-23 12:54:00,1466.09,1466.11,1466.09,1466.11,0.0,17.31,25375.76,1
2024-06-23,2024-06-23 12:55:00,1466.11,1466.14,1466.11,1466.14,0.0,17.31,25375.76,1
2024-06-23,2024-06-23 12:56:00,1466.14,1466.17,1466.14,1466.17,0.0,17.31,25375.76,1
2024-06-23,2024-06-23 12:57:00,1466.17,1466.2,1466.17,1466.2,0.0,17.31,25375.76,1
2024-06-23,2024-06-23 12:58:00,1466.2,1466.22,1466.2,1466.22,0.0,17.31,25375.76,1
2024-06-23,2024-06-23 12:59:00,1466.22,1466.25,1466.22,1466.25,0.0,17.31,25375.76,1
2024-06-23,2024-06-23 13:00:00,1466.25,1499.9,1450.0,1466.28,0.0,17.31,25375.76,1
2024-06-23,2024-06-23 13:01:00,1466.28,1466.3,1466.28,1466.3,0.0,17.31,25375.76,1
2024-06-23,2024-06-23 13:02:00,1466.3,1466.33,1466.3,1466.33,0.0,17.31,25375.76,1
2024-06-23,2024-06-23 13:03:00,1466.33,1466.36,1466.33,1466.36,0.0,17.31,25375.76,1
2024-06-23,2024-06-23 13:04:00,1466.36,1466.39,1466.36,1466.39,0.0,17.31,25375.76,1
2024-06-23,2024-06-23 13:05:00,1466.39,1466.41,1466.39,1466.41,0.0,17.31,25375.76,1
2024-06-23,2024-06-23 13:06:00,1466.41,1466.44,1466.41,1466.44,0.0,17.31,25375.76,1
2024-06-23,2024-06-23 13:07:00,1466.44,1466.47,1466.44,1466.47,0.0,17.31,25375.76,1
2024-06-23,2024-06-23 13:08:00,1466.47,1466.49,1466.47,1466.49,0.0,17.31,25375.76,1
2024-06-23,2024-06-23 13:09:00,1466.49,1466.52,1466.49,1466.52,0.0,17.31,25375.76,1
2024-06-23,2024-06-23 13:10:00,1466.52,1466.55,1466.52,1466.55,0.0,17.31,25375.76,1
2024-06-23,2024-06-23 13:11:00,1466.55,1466.58,1466.55,1466.58,0.0,17.31,25375.76,1
2024-06-23,2024-06-23 13:12:00,1466.58,1466.6,1466.58,1466.6,0.0,17.31,25375.76,1
2024-06-23,2024-06-23 13:13:00,1466.6,1466.63,1466.6,1466.63,0.0,17.31,25375.76,1
2024-06-23,2024-06-23 13:14:00,1466.63,1466.66,1466.63,1466.66,0.0,17.31,25375.76,1
2024-06-23,2024-06-23 13:15:00,1466.66,1466.68,1466.66,1466.68,0.0,17.31,25375.76,1
2024-06-23,2024-06-23 13:16:00,1466.68,1466.71,1466.68,1466.71,0.0,17.31,25375.76,1
2024-06-23,2024-06-23 13:17:00,1466.71,1466.74,1466.71,1466.74,0.0,17.31,25375.76,1
2024-06-23,2024-06-23 13:18:00,1466.74,1466.76,1466.74,1466.76,0.0,17.31,25375.76,1
2024-06-23,2024-06-23 13:19:00,1466.76,1466.79,1466.76,1466.79,0.0,17.31,25375.76,1
2024-06-23,2024-06-23 13:20:00,1466.79,1466.82,1466.79,1466.82,0.0,17.31,25375.76,1
2024-06-23,2024-06-23 13:21:00,1466.82,1466.85,1466.82,1466.85,0.0,17.31,25375.76,1
2024-06-23,2024-06-23 13:22:00,1466.85,1466.87,1466.85,1466.87,0.0,17.31,25375.76,1
2024-06-23,2024-06-23 13:23:00,1466.87,1466.9,1466.87,1466.9,0.0,17.31,25375.76,1
2024-06-23,2024-06-23 13:24:00,1466.9,1466.93,1466.9,1466.93,0.0,17.31,25375.76,1
2024-06-23,2024-06-23 13:25:00,1466.93,1466.95,1466.93,1466.95,0.0,17.31,25375.76,1
2024-06-23,2024-06-23 13:26:00,1466.95,1466.98,1466.95,1466.98,0.0,17.31,25375.76,1
2024-06-23,2024-06-23 13:27:00,1466.98,1467.01,1466.98,1467.01,0.0,17.31,25375.76,1
2024-06-23,2024-06-23 13:28:00,1467.01,1467.04,1467.01,1467.04,0.0,17.31,25375.76,1
2024-06-23,2024-06-23 13:29:00,1467.04,1467.06,1467.04,1467.06,0.0,17.31,25375.76,1
2024-06-23,2024-06-23 13:30:00,1467.06,1467.09,1467.06,1467.09,0.0,17.31,25375.76,1
2024-06-23,2024-06-23 13:31:00,1467.09,1467.12,1467.09,1467.12,0.0,17.31,25375.76,1
2024-06-23,2024-06-23 13:32:00,1467.12,1467.14,1467.12,1467.14,0.0,17.31,25375.76,1
2024-06-23,2024-06-23 13:33:00,1467.14,1467.17,1467.14,1467.17,0.0,17.31,25375.76,1
2024-06-23,2024-06-23 13:34:00,1467.17,1467.2,1467.17,1467.2,0.0,17.31,25375.76,1
2024-06-23,2024-06-23 13:35:00,1467.2,1467.22,1467.2,1467.22,0.0,17.31,25375.76,1
2024-06-23,2024-06-23 13:36:00,1467.22,1467.25,1467.22,1467.25,0.0,17.31,25375.76,1
2024-06-23,2024-06-23 13:37:00,1467.25,1467.28,1467.25,1467.28,0.0,17.31,25375.76,1
2024-06-23,2024-06-23 13:38:00,1467.28,1467.31,1467.28,1467.31,0.0,17.31,25375.76,1
2024-06-23,2024-06-23 13:39:00,1467.31,1467.33,1467.31,1467.33,0.0,17.31,25375.76,1
2024-06-23,2024-06-23 13:40:00,1467.33,1467.36,1467.33,1467.36,0.0,17.31,25375.76,1
2024-06-23,2024-06-23 13:41:00,1467.36,1467.39,1467.36,1467.39,0.0,17.31,25375.76,1
2024-06-23,2024-06-23 13:42:00,1467.39,1467.41,1467.39,1467.41,0.0,17.31,25375.76,1
2024-06-23,2024-06-23 13:43:00,1467.41,1467.44,1467.41,1467.44,0.0,17.31,25375.76,1
2024-06-23,2024-06-23 13:44:00,1467.44,1467.47,1467.44,1467.47,0.0,17.31,25375.76,1
2024-06-23,2024-06-23 13:45:00,1467.47,1467.5,1467.47,1467.5,0.0,17.31,25375.76,1
2024-06-23,2024-06-23 13:46:00,1467.5,1467.52,1467.5,1467.52,0.0,17.31,25375.76,1
2024-06-23,2024-06-23 13:47:00,1467.52,1467.55,1467.52,1467.55,0.0,17.31,25375.76,1
2024-06-23,2024-06-23 13:48:00,1467.55,1467.58,1467.55,1467.58,0.0,17.31,25375.76,1
2024-06-23,2024-06-23 13:49:00,1467.58,1467.6,1467.58,1467.6,0.0,17.31,25375.76,1
2024-06-23,2024-06-23 13:50:00,1467.6,1467.63,1467.6,1467.63,0.0,17.31,25375.76,1
2024-06-23,2024-06-23 13:51:00,1467.63,1467.66,1467.63,1467.66,0.0,17.31,25375.76,1
2024-06-23,2024-06-23 13:52:00,1467.66,1467.69,1467.66,1467.69,0.0,17.31,25375.76,1
2024-06-23,2024-06-23 13:53:00,1467.69,1467.71,1467.69,1467.71,0.0,17.31,25375.76,1
2024-06-23,2024-06-23 13:54:00,1467.71,1467.74,1467.71,1467.74,0.0,17.31,25375.76,1
2024-06-23,2024-06-23 13:55:00,1467.74,1467.77,1467.74,1467.77,0.0,17.31,25375.76,1
2024-06-23,2024-06-23 13:56:00,1467.77,1467.79,1467.77,1467.79,0.0,17.31,25375.76,1
2024-06-23,2024-06-23 13:57:00,1467.79,1467.82,1467.79,1467.82,0.0,17.31,25375.76,1
2024-06-23,2024-06-23 13:58:00,1467.82,1467.85,1467.82,1467.85,0.0,17.31,25375.76,1
2024-06-23,2024-06-23 13:59:00,1467.85,1467.88,1467.85,1467.88,0.0,17.31,25375.76,1
2024-06-23,2024-06-23 14:00:00,1467.88,1467.9,1467.88,1467.9,0.0,17.31,25375.76,1
2024-06-23,2024-06-23 14:01:00,1467.9,1467.93,1467.9,1467.93,0.0,17.31,25375.76,1
2024-06-23,2024-06-23 14:02:00,1467.93,1467.96,1467.93,1467.96,0.0,17.31,25375.76,1
2024-06-23,2024-06-23 14:03:00,1467.96,1467.98,1467.96,1467.98,0.0,17.31,25375.76,1
2024-06-23,2024-06-23 14:04:00,1467.98,1468.01,1467.98,1468.01,0.0,17.31,25375.76,1
2024-06-23,2024-06-23 14:05:00,1468.01,1468.04,1468.01,1468.04,0.0,17.31,25375.76,1
2024-06-23,2024-06-23 14:06:00,1468.04,1468.06,1468.04,1468.06,0.0,17.31,25375.76,1
2024-06-23,2024-06-23 14:07:00,1468.06,1468.09,1468.06,1468.09,0.0,17.31,25375.76,1
2024-06-23,2024-06-23 14:08:00,1468.09,1468.12,1468.09,1468.12,0.0,17.31,25375.76,1
2024-06-23,2024-06-23 14:09:00,1468.12,1468.15,1468.12,1468.15,0.0,17.31,25375.76,1
2024-06-23,2024-06-23 14:10:00,1468.15,1468.17,1468.15,1468.17,0.0,17.31,25375.76,1
2024-06-23,2024-06-23 14:11:00,1468.17,1468.2,1468.17,1468.2,0.0,17.31,25375.76,1
2024-06-23,2024-06-23 14:12:00,1468.2,1468.23,1468.2,1468.23,0.0,17.31,25375.76,1
2024-06-23,2024-06-23 14:13:00,1468.23,1468.25,1468.23,1468.25,0.0,17.31,25375.76,1
2024-06-23,2024-06-23 14:14:00,1468.25,1468.28,1468.25,1468.28,0.0,17.31,25375.76,1
2024-06-23,2024-06-23 14:15:00,1468.28,1468.31,1468.28,1468.31,0.0,17.31,25375.76,1
2024-06-23,2024-06-23 14:16:00,1468.31,1468.34,1468.31,1468.34,0.0,17.31,25375.76,1
2024-06-23,2024-06-23 14:17:00,1468.34,1468.36,1468.34,1468.36,0.0,17.31,25375.76,1
2024-06-23,2024-06-23 14:18:00,1468.36,1468.39,1468.36,1468.39,0.0,17.31,25375.76,1
2024-06-23,2024-06-23 14:19:00,1468.39,1468.42,1468.39,1468.42,0.0,17.31,25375.76,1
2024-06-23,2024-06-23 14:20:00,1468.42,1468.44,1468.42,1468.44,0.0,17.31,25375.76,1
2024-06-23,2024-06-23 14:21:00,1468.44,1468.47,1468.44,1468.47,0.0,17.31,25375.76,1
2024-06-23,2024-06-23 14:22:00,1468.47,1468.5,1468.47,1468.5,0.0,17.31,25375.76,1
2024-06-23,2024-06-23 14:23:00,1468.5,1468.53,1468.5,1468.53,0.0,17.31,25375.76,1
2024-06-23,2024-06-23 14:24:00,1468.53,1468.55,1468.53,1468.55,0.0,17.31,25375.76,1
2024-06-23,2024-06-23 14:25:00,1468.55,1468.58,1468.55,1468.58,0.0,17.31,25375.76,1
2024-06-23,2024-06-23 14:26:00,1468.58,1468.61,1468.58,1468.61,0.0,17.31,25375.76,1
2024-06-23,2024-06-23 14:27:00,1468.61,1468.63,1468.61,1468.63,0.0,17.31,25375.76,1
2024-06-23,2024-06-23 14:28:00,1468.63,1468.66,1468.63,1468.66,0.0,17.31,25375.76,1
2024-06-23,2024-06-23 14:29:00,1468.66,1468.69,1468.66,1468.69,0.0,17.31,25375.76,1
2024-06-23,2024-06-23 14:30:00,1468.69,1468.71,1468.69,1468.71,0.0,17.31,25375.76,1
2024-06-23,2024-06-23 14:31:00,1468.71,1468.74,1468.71,1468.74,0.0,17.31,25375.76,1
2024-06-23,2024-06-23 14:32:00,1468.74,1468.77,1468.74,1468.77,0.0,17.31,25375.76,1
2024-06-23,2024-06-23 14:33:00,1468.77,1468.8,1468.77,1468.8,0.0,17.31,25375.76,1
2024-06-23,2024-06-23 14:34:00,1468.8,1468.82,1468.8,1468.82,0.0,17.31,25375.76,1
2024-06-23,2024-06-23 14:35:00,1468.82,1468.85,1468.82,1468.85,0.0,17.31,25375.76,1
2024-06-23,2024-06-23 14:36:00,1468.85,1468.88,1468.85,1468.88,0.0,17.31,25375.76,1
2024-06-23,2024-06-23 14:37:00,1468.88,1468.9,1468.88,1468.9,0.0,17.31,25375.76,1
2024-06-23,2024-06-23 14:38:00,1468.9,1468.93,1468.9,1468.93,0.0,17.31,25375.76,1
2024-06-23,2024-06-23 14:39:00,1468.93,1468.96,1468.93,1468.96,0.0,17.31,25375.76,1
2024-06-23,2024-06-23 14:40:00,1468.96,1468.99,1468.96,1468.99,0.0,17.31,25375.76,1
2024-06-23,2024-06-23 14:41:00,1468.99,1469.01,1468.99,1469.01,0.0,17.31,25375.76,1
2024-06-23,2024-06-23 14:42:00,1469.01,1469.04,1469.01,1469.04,0.0,17.31,25375.76,1
2024-06-23,2024-06-23 14:43:00,1469.04,1469.07,1469.04,1469.07,0.0,17.31,25375.76,1
2024-06-23,2024-06-23 14:44:00,1469.07,1469.09,1469.07,1469.09,0.0,17.31,25375.76,1
2024-06-23,2024-06-23 14:45:00,1469.09,1469.12,1469.09,1469.12,0.0,17.31,25375.76,1
2024-06-23,2024-06-23 14:46:00,1469.12,1469.15,1469.12,1469.15,0.0,17.31,25375.76,1
2024-06-23,2024-06-23 14:47:00,1469.15,1469.17,1469.15,1469.17,0.0,17.31,25375.76,1
2024-06-23,2024-06-23 14:48:00,1469.17,1469.2,1469.17,1469.2,0.0,17.31,25375.76,1
2024-06-23,2024-06-23 14:49:00,1469.2,1469.23,1469.2,1469.23,0.0,17.31,25375.76,1
2024-06-23,2024-06-23 14:50:00,1469.23,1469.26,1469.23,1469.26,0.0,17.31,25375.76,1
2024-06-23,2024-06-23 14:51:00,1469.26,1469.28,1469.26,1469.28,0.0,17.31,25375.76,1
2024-06-23,2024-06-23 14:52:00,1469.28,1469.31,1469.28,1469.31,0.0,17.31,25375.76,1
2024-06-23,2024-06-23 14:53:00,1469.31,1469.34,1469.31,1469.34,0.0,17.31,25375.76,1
2024-06-23,2024-06-23 14:54:00,1469.34,1469.36,1469.34,1469.36,0.0,17.31,25375.76,1
2024-06-23,2024-06-23 14:55:00,1469.36,1469.39,1469.36,1469.39,0.0,17.31,25375.76,1
2024-06-23,2024-06-23 14:56:00,1469.39,1469.42,1469.39,1469.42,0.0,17.31,25375.76,1
2024-06-23,2024-06-23 14:57:00,1469.42,1469.45,1469.42,1469.45,0.0,17.31,25375.76,1
2024-06-23,2024-06-23 14:58:00,1469.45,1469.47,1469.45,1469.47,0.0,17.31,25375.76,1
2024-06-23,2024-06-23 14:59:00,1469.47,1469.5,1469.47,1469.5,0.0,17.31,25375.76,1
2024-06-23,2024-06-23 15:00:00,1469.5,1499.9,1450.0,1469.5,0.0,17.31,25375.76,0
2024-06-24,2024-06-24 11:00:00,1445.1,1464.57,1445.1,1445.26,0.01,20.84,31078.06,1
2024-06-24,2024-06-24 11:01:00,1445.26,1445.42,1445.26,1445.42,0.01,20.84,31078.06,1
2024-06-24,2024-06-24 11:02:00,1445.42,1445.58,1445.42,1445.58,0.01,20.84,31078.06,1
2024-06-24,2024-06-24 11:03:00,1445.58,1445.73,1445.58,1445.73,0.01,20.84,31078.06,1
2024-06-24,2024-06-24 11:04:00,1445.73,1445.89,1445.73,1445.89,0.01,20.84,31078.06,1
2024-06-24,2024-06-24 11:05:00,1445.89,1446.05,1445.89,1446.05,0.01,20.84,31078.06,1
2024-06-24,2024-06-24 11:06:00,1446.05,1446.21,1446.05,1446.21,0.01,20.84,31078.06,1
2024-06-24,2024-06-24 11:07:00,1446.21,1446.37,1446.21,1446.37,0.01,20.84,31078.06,1
2024-06-24,2024-06-24 11:08:00,1446.37,1446.53,1446.37,1446.53,0.01,20.84,31078.06,1
2024-06-24,2024-06-24 11:09:00,1446.53,1446.69,1446.53,1446.69,0.01,20.84,31078.06,1
2024-06-24,2024-06-24 11:10:00,1446.69,1446.85,1446.69,1446.85,0.01,20.84,31078.06,1
2024-06-24,2024-06-24 11:11:00,1446.85,1447.0,1446.85,1447.0,0.01,20.84,31078.06,1
2024-06-24,2024-06-24 11:12:00,1447.0,1447.16,1447.0,1447.16,0.01,20.84,31078.06,1
2024-06-24,2024-06-24 11:13:00,1447.16,1447.32,1447.16,1447.32,0.01,20.84,31078.06,1
2024-06-24,2024-06-24 11:14:00,1447.32,1447.48,1447.32,1447.48,0.01,20.84,31078.06,1
2024-06-24,2024-06-24 11:15:00,1447.48,1447.64,1447.48,1447.64,0.01,20.84,31078.06,1
2024-06-24,2024-06-24 11:16:00,1447.64,1447.8,1447.64,1447.8,0.01,20.84,31078.06,1
2024-06-24,2024-06-24 11:17:00,1447.8,1447.96,1447.8,1447.96,0.01,20.84,31078.06,1
2024-06-24,2024-06-24 11:18:00,1447.96,1448.12,1447.96,1448.12,0.01,20.84,31078.06,1
2024-06-24,2024-06-24 11:19:00,1448.12,1448.27,1448.12,1448.27,0.01,20.84,31078.06,1
2024-06-24,2024-06-24 11:20:00,1448.27,1448.43,1448.27,1448.43,0.01,20.84,31078.06,1
2024-06-24,2024-06-24 11:21:00,1448.43,1448.59,1448.43,1448.59,0.01,20.84,31078.06,1
2024-06-24,2024-06-24 11:22:00,1448.59,1448.75,1448.59,1448.75,0.01,20.84,31078.06,1
2024-06-24,2024-06-24 11:23:00,1448.75,1448.91,1448.75,1448.91,0.01,20.84,31078.06,1
2024-06-24,2024-06-24 11:24:00,1448.91,1449.07,1448.91,1449.07,0.01,20.84,31078.06,1
2024-06-24,2024-06-24 11:25:00,1449.07,1449.23,1449.07,1449.23,0.01,20.84,31078.06,1
2024-06-24,2024-06-24 11:26:00,1449.23,1449.39,1449.23,1449.39,0.01,20.84,31078.06,1
2024-06-24,2024-06-24 11:27:00,1449.39,1449.54,1449.39,1449.54,0.01,20.84,31078.06,1
2024-06-24,2024-06-24 11:28:00,1449.54,1449.7,1449.54,1449.7,0.01,20.84,31078.06,1
2024-06-24,2024-06-24 11:29:00,1449.7,1449.86,1449.7,1449.86,0.01,20.84,31078.06,1
2024-06-24,2024-06-24 11:30:00,1449.86,1450.02,1449.86,1450.02,0.01,20.84,31078.06,1
2024-06-24,2024-06-24 11:31:00,1450.02,1450.18,1450.02,1450.18,0.01,20.84,31078.06,1
2024-06-24,2024-06-24 11:32:00,1450.18,1450.34,1450.18,1450.34,0.01,20.84,31078.06,1
2024-06-24,2024-06-24 11:33:00,1450.34,1450.5,1450.34,1450.5,0.01,20.84,31078.06,1
2024-06-24,2024-06-24 11:34:00,1450.5,1450.66,1450.5,1450.66,0.01,20.84,31078.06,1
2024-06-24,2024-06-24 11:35:00,1450.66,1450.81,1450.66,1450.81,0.01,20.84,31078.06,1
2024-06-24,2024-06-24 11:36:00,1450.81,1450.97,1450.81,1450.97,0.01,20.84,31078.06,1
2024-06-24,2024-06-24 11:37:00,1450.97,1451.13,1450.97,1451.13,0.01,20.84,31078.06,1
2024-06-24,2024-06-24 11:38:00,1451.13,1451.29,1451.13,1451.29,0.01,20.84,31078.06,1
2024-06-24,2024-06-24 11:39:00,1451.29,1451.45,1451.29,1451.45,0.01,20.84,31078.06,1
2024-06-24,2024-06-24 11:40:00,1451.45,1451.61,1451.45,1451.61,0.01,20.84,31078.06,1
2024-06-24,2024-06-24 11:41:00,1451.61,1451.77,1451.61,1451.77,0.01,20.84,31078.06,1
2024-06-24,2024-06-24 11:42:00,1451.77,1451.93,1451.77,1451.93,0.01,20.84,31078.06,1
2024-06-24,2024-06-24 11:43:00,1451.93,1452.09,1451.93,1452.09,0.01,20.84,31078.06,1
2024-06-24,2024-06-24 11:44:00,1452.09,1452.24,1452.09,1452.24,0.01,20.84,31078.06,1
2024-06-24,2024-06-24 11:45:00,1452.24,1452.4,1452.24,1452.4,0.01,20.84,31078.06,1
2024-06-24,2024-06-24 11:46:00,1452.4,1452.56,1452.4,1452.56,0.01,20.84,31078.06,1
2024-06-24,2024-06-24 11:47:00,1452.56,1452.72,1452.56,1452.72,0.01,20.84,31078.06,1
2024-06-24,2024-06-24 11:48:00,1452.72,1452.88,1452.72,1452.88,0.01,20.84,31078.06,1
2024-06-24,2024-06-24 11:49:00,1452.88,1453.04,1452.88,1453.04,0.01,20.84,31078.06,1
2024-06-24,2024-06-24 11:50:00,1453.04,1453.2,1453.04,1453.2,0.01,20.84,31078.06,1
2024-06-24,2024-06-24 11:51:00,1453.2,1453.36,1453.2,1453.36,0.01,20.84,31078.06,1
2024-06-24,2024-06-24 11:52:00,1453.36,1453.51,1453.36,1453.51,0.01,20.84,31078.06,1
2024-06-24,2024-06-24 11:53:00,1453.51,1453.67,1453.51,1453.67,0.01,20.84,31078.06,1
2024-06-24,2024-06-24 11:54:00,1453.67,1453.83,1453.67,1453.83,0.01,20.84,31078.06,1
2024-06-24,2024-06-24 11:55:00,1453.83,1453.99,1453.83,1453.99,0.01,20.84,31078.06,1
2024-06-24,2024-06-24 11:56:00,1453.99,1454.15,1453.99,1454.15,0.01,20.84,31078.06,1
2024-06-24,2024-06-24 11:57:00,1454.15,1454.31,1454.15,1454.31,0.01,20.84,31078.06,1
2024-06-24,2024-06-24 11:58:00,1454.31,1454.47,1454.31,1454.47,0.01,20.84,31078.06,1
2024-06-24,2024-06-24 11:59:00,1454.47,1454.62,1454.47,1454.62,0.01,20.84,31078.06,1
2024-06-24,2024-06-24 12:00:00,1454.62,1454.78,1454.62,1454.78,0.01,20.84,31078.06,1
2024-06-24,2024-06-24 12:01:00,1454.78,1454.94,1454.78,1454.94,0.01,20.84,31078.06,1
2024-06-24,2024-06-24 12:02:00,1454.94,1455.1,1454.94,1455.1,0.01,20.84,31078.06,1
2024-06-24,2024-06-24 12:03:00,1455.1,1455.26,1455.1,1455.26,0.01,20.84,31078.06,1
2024-06-24,2024-06-24 12:04:00,1455.26,1455.42,1455.26,1455.42,0.01,20.84,31078.06,1
2024-06-24,2024-06-24 12:05:00,1455.42,1455.58,1455.42,1455.58,0.01,20.84,31078.06,1
2024-06-24,2024-06-24 12:06:00,1455.58,1455.74,1455.58,1455.74,0.01,20.84,31078.06,1
2024-06-24,2024-06-24 12:07:00,1455.74,1455.89,1455.74,1455.89,0.01,20.84,31078.06,1
2024-06-24,2024-06-24 12:08:00,1455.89,1456.05,1455.89,1456.05,0.01,20.84,31078.06,1
2024-06-24,2024-06-24 12:09:00,1456.05,1456.21,1456.05,1456.21,0.01,20.84,31078.06,1
2024-06-24,2024-06-24 12:10:00,1456.21,1456.37,1456.21,1456.37,0.01,20.84,31078.06,1
2024-06-24,2024-06-24 12:11:00,1456.37,1456.53,1456.37,1456.53,0.01,20.84,31078.06,1
2024-06-24,2024-06-24 12:12:00,1456.53,1456.69,1456.53,1456.69,0.01,20.84,31078.06,1
2024-06-24,2024-06-24 12:13:00,1456.69,1456.85,1456.69,1456.85,0.01,20.84,31078.06,1
2024-06-24,2024-06-24 12:14:00,1456.85,1457.01,1456.85,1457.01,0.01,20.84,31078.06,1
2024-06-24,2024-06-24 12:15:00,1457.01,1457.16,1457.01,1457.16,0.01,20.84,31078.06,1
2024-06-24,2024-06-24 12:16:00,1457.16,1457.32,1457.16,1457.32,0.01,20.84,31078.06,1
2024-06-24,2024-06-24 12:17:00,1457.32,1457.48,1457.32,1457.48,0.01,20.84,31078.06,1
2024-06-24,2024-06-24 12:18:00,1457.48,1457.64,1457.48,1457.64,0.01,20.84,31078.06,1
2024-06-24,2024-06-24 12:19:00,1457.64,1457.8,1457.64,1457.8,0.01,20.84,31078.06,1
2024-06-24,2024-06-24 12:20:00,1457.8,1457.96,1457.8,1457.96,0.01,20.84,31078.06,1
2024-06-24,2024-06-24 12:21:00,1457.96,1458.12,1457.96,1458.12,0.01,20.84,31078.06,1
2024-06-24,2024-06-24 12:22:00,1458.12,1458.28,1458.12,1458.28,0.01,20.84,31078.06,1
2024-06-24,2024-06-24 12:23:00,1458.28,1458.43,1458.28,1458.43,0.01,20.84,31078.06,1
2024-06-24,2024-06-24 12:24:00,1458.43,1458.59,1458.43,1458.59,0.01,20.84,31078.06,1
2024-06-24,2024-06-24 12:25:00,1458.59,1458.75,1458.59,1458.75,0.01,20.84,31078.06,1
2024-06-24,2024-06-24 12:26:00,1458.75,1458.91,1458.75,1458.91,0.01,20.84,31078.06,1
2024-06-24,2024-06-24 12:27:00,1458.91,1459.07,1458.91,1459.07,0.01,20.84,31078.06,1
2024-06-24,2024-06-24 12:28:00,1459.07,1459.23,1459.07,1459.23,0.01,20.84,31078.06,1
2024-06-24,2024-06-24 12:29:00,1459.23,1459.39,1459.23,1459.39,0.01,20.84,31078.06,1
2024-06-24,2024-06-24 12:30:00,1459.39,1459.55,1459.39,1459.55,0.01,20.84,31078.06,1
2024-06-24,2024-06-24 12:31:00,1459.55,1459.7,1459.55,1459.7,0.01,20.84,31078.06,1
2024-06-24,2024-06-24 12:32:00,1459.7,1459.86,1459.7,1459.86,0.01,20.84,31078.06,1
2024-06-24,2024-06-24 12:33:00,1459.86,1460.02,1459.86,1460.02,0.01,20.84,31078.06,1
2024-06-24,2024-06-24 12:34:00,1460.02,1460.18,1460.02,1460.18,0.01,20.84,31078.06,1
2024-06-24,2024-06-24 12:35:00,1460.18,1460.34,1460.18,1460.34,0.01,20.84,31078.06,1
2024-06-24,2024-06-24 12:36:00,1460.34,1460.5,1460.34,1460.5,0.01,20.84,31078.06,1
2024-06-24,2024-06-24 12:37:00,1460.5,1460.66,1460.5,1460.66,0.01,20.84,31078.06,1
2024-06-24,2024-06-24 12:38:00,1460.66,1460.82,1460.66,1460.82,0.01,20.84,31078.06,1
2024-06-24,2024-06-24 12:39:00,1460.82,1460.97,1460.82,1460.97,0.01,20.84,31078.06,1
2024-06-24,2024-06-24 12:40:00,1460.97,1461.13,1460.97,1461.13,0.01,20.84,31078.06,1
2024-06-24,2024-06-24 12:41:00,1461.13,1461.29,1461.13,1461.29,0.01,20.84,31078.06,1
2024-06-24,2024-06-24 12:42:00,1461.29,1461.45,1461.29,1461.45,0.01,20.84,31078.06,1
2024-06-24,2024-06-24 12:43:00,1461.45,1461.61,1461.45,1461.61,0.01,20.84,31078.06,1
2024-06-24,2024-06-24 12:44:00,1461.61,1461.77,1461.61,1461.77,0.01,20.84,31078.06,1
2024-06-24,2024-06-24 12:45:00,1461.77,1461.93,1461.77,1461.93,0.01,20.84,31078.06,1
2024-06-24,2024-06-24 12:46:00,1461.93,1462.09,1461.93,1462.09,0.01,20.84,31078.06,1
2024-06-24,2024-06-24 12:47:00,1462.09,1462.24,1462.09,1462.24,0.01,20.84,31078.06,1
2024-06-24,2024-06-24 12:48:00,1462.24,1462.4,1462.24,1462.4,0.01,20.84,31078.06,1
2024-06-24,2024-06-24 12:49:00,1462.4,1462.56,1462.4,1462.56,0.01,20.84,31078.06,1
2024-06-24,2024-06-24 12:50:00,1462.56,1462.72,1462.56,1462.72,0.01,20.84,31078.06,1
2024-06-24,2024-06-24 12:51:00,1462.72,1462.88,1462.72,1462.88,0.01,20.84,31078.06,1
2024-06-24,2024-06-24 12:52:00,1462.88,1463.04,1462.88,1463.04,0.01,20.84,31078.06,1
2024-06-24,2024-06-24 12:53:00,1463.04,1463.2,1463.04,1463.2,0.01,20.84,31078.06,1
2024-06-24,2024-06-24 12:54:00,1463.2,1463.36,1463.2,1463.36,0.01,20.84,31078.06,1
2024-06-24,2024-06-24 12:55:00,1463.36,1463.51,1463.36,1463.51,0.01,20.84,31078.06,1
2024-06-24,2024-06-24 12:56:00,1463.51,1463.67,1463.51,1463.67,0.01,20.84,31078.06,1
2024-06-24,2024-06-24 12:57:00,1463.67,1463.83,1463.67,1463.83,0.01,20.84,31078.06,1
2024-06-24,2024-06-24 12:58:00,1463.83,1463.99,1463.83,1463.99,0.01,20.84,31078.06,1
2024-06-24,2024-06-24 12:59:00,1463.99,1464.15,1463.99,1464.15,0.01,20.84,31078.06,1
2024-06-24,2024-06-24 13:00:00,1464.15,1510.0,1445.1,1464.31,0.01,20.84,31078.06,1
2024-06-24,2024-06-24 13:01:00,1464.31,1464.47,1464.31,1464.47,0.01,20.84,31078.06,1
2024-06-24,2024-06-24 13:02:00,1464.47,1464.63,1464.47,1464.63,0.01,20.84,31078.06,1
2024-06-24,2024-06-24 13:03:00,1464.63,1464.79,1464.63,1464.79,0.01,20.84,31078.06,1
2024-06-24,2024-06-24 13:04:00,1464.79,1464.94,1464.79,1464.94,0.01,20.84,31078.06,1
2024-06-24,2024-06-24 13:05:00,1464.94,1465.1,1464.94,1465.1,0.01,20.84,31078.06,1
2024-06-24,2024-06-24 13:06:00,1465.1,1465.26,1465.1,1465.26,0.01,20.84,31078.06,1
2024-06-24,2024-06-24 13:07:00,1465.26,1465.42,1465.26,1465.42,0.01,20.84,31078.06,1
2024-06-24,2024-06-24 13:08:00,1465.42,1465.58,1465.42,1465.58,0.01,20.84,31078.06,1
2024-06-24,2024-06-24 13:09:00,1465.58,1465.74,1465.58,1465.74,0.01,20.84,31078.06,1
2024-06-24,2024-06-24 13:10:00,1465.74,1465.9,1465.74,1465.9,0.01,20.84,31078.06,1
2024-06-24,2024-06-24 13:11:00,1465.9,1466.06,1465.9,1466.06,0.01,20.84,31078.06,1
2024-06-24,2024-06-24 13:12:00,1466.06,1466.21,1466.06,1466.21,0.01,20.84,31078.06,1
2024-06-24,2024-06-24 13:13:00,1466.21,1466.37,1466.21,1466.37,0.01,20.84,31078.06,1
2024-06-24,2024-06-24 13:14:00,1466.37,1466.53,1466.37,1466.53,0.01,20.84,31078.06,1
2024-06-24,2024-06-24 13:15:00,1466.53,1466.69,1466.53,1466.69,0.01,20.84,31078.06,1
2024-06-24,2024-06-24 13:16:00,1466.69,1466.85,1466.69,1466.85,0.01,20.84,31078.06,1
2024-06-24,2024-06-24 13:17:00,1466.85,1467.01,1466.85,1467.01,0.01,20.84,31078.06,1
2024-06-24,2024-06-24 13:18:00,1467.01,1467.17,1467.01,1467.17,0.01,20.84,31078.06,1
2024-06-24,2024-06-24 13:19:00,1467.17,1467.33,1467.17,1467.33,0.01,20.84,31078.06,1
2024-06-24,2024-06-24 13:20:00,1467.33,1467.48,1467.33,1467.48,0.01,20.84,31078.06,1
2024-06-24,2024-06-24 13:21:00,1467.48,1467.64,1467.48,1467.64,0.01,20.84,31078.06,1
2024-06-24,2024-06-24 13:22:00,1467.64,1467.8,1467.64,1467.8,0.01,20.84,31078.06,1
2024-06-24,2024-06-24 13:23:00,1467.8,1467.96,1467.8,1467.96,0.01,20.84,31078.06,1
2024-06-24,2024-06-24 13:24:00,1467.96,1468.12,1467.96,1468.12,0.01,20.84,31078.06,1
2024-06-24,2024-06-24 13:25:00,1468.12,1468.28,1468.12,1468.28,0.01,20.84,31078.06,1
2024-06-24,2024-06-24 13:26:00,1468.28,1468.44,1468.28,1468.44,0.01,20.84,31078.06,1
2024-06-24,2024-06-24 13:27:00,1468.44,1468.6,1468.44,1468.6,0.01,20.84,31078.06,1
2024-06-24,2024-06-24 13:28:00,1468.6,1468.75,1468.6,1468.75,0.01,20.84,31078.06,1
2024-06-24,2024-06-24 13:29:00,1468.75,1468.91,1468.75,1468.91,0.01,20.84,31078.06,1
2024-06-24,2024-06-24 13:30:00,1468.91,1469.07,1468.91,1469.07,0.01,20.84,31078.06,1
2024-06-24,2024-06-24 13:31:00,1469.07,1469.23,1469.07,1469.23,0.01,20.84,31078.06,1
2024-06-24,2024-06-24 13:32:00,1469.23,1469.39,1469.23,1469.39,0.01,20.84,31078.06,1
2024-06-24,2024-06-24 13:33:00,1469.39,1469.55,1469.39,1469.55,0.01,20.84,31078.06,1
2024-06-24,2024-06-24 13:34:00,1469.55,1469.71,1469.55,1469.71,0.01,20.84,31078.06,1
2024-06-24,2024-06-24 13:35:00,1469.71,1469.87,1469.71,1469.87,0.01,20.84,31078.06,1
2024-06-24,2024-06-24 13:36:00,1469.87,1470.02,1469.87,1470.02,0.01,20.84,31078.06,1
2024-06-24,2024-06-24 13:37:00,1470.02,1470.18,1470.02,1470.18,0.01,20.84,31078.06,1
2024-06-24,2024-06-24 13:38:00,1470.18,1470.34,1470.18,1470.34,0.01,20.84,31078.06,1
2024-06-24,2024-06-24 13:39:00,1470.34,1470.5,1470.34,1470.5,0.01,20.84,31078.06,1
2024-06-24,2024-06-24 13:40:00,1470.5,1470.66,1470.5,1470.66,0.01,20.84,31078.06,1
2024-06-24,2024-06-24 13:41:00,1470.66,1470.82,1470.66,1470.82,0.01,20.84,31078.06,1
2024-06-24,2024-06-24 13:42:00,1470.82,1470.98,1470.82,1470.98,0.01,20.84,31078.06,1
2024-06-24,2024-06-24 13:43:00,1470.98,1471.13,1470.98,1471.13,0.01,20.84,31078.06,1
2024-06-24,2024-06-24 13:44:00,1471.13,1471.29,1471.13,1471.29,0.01,20.84,31078.06,1
2024-06-24,2024-06-24 13:45:00,1471.29,1471.45,1471.29,1471.45,0.01,20.84,31078.06,1
2024-06-24,2024-06-24 13:46:00,1471.45,1471.61,1471.45,1471.61,0.01,20.84,31078.06,1
2024-06-24,2024-06-24 13:47:00,1471.61,1471.77,1471.61,1471.77,0.01,20.84,31078.06,1
2024-06-24,2024-06-24 13:48:00,1471.77,1471.93,1471.77,1471.93,0.01,20.84,31078.06,1
2024-06-24,2024-06-24 13:49:00,1471.93,1472.09,1471.93,1472.09,0.01,20.84,31078.06,1
2024-06-24,2024-06-24 13:50:00,1472.09,1472.25,1472.09,1472.25,0.01,20.84,31078.06,1
2024-06-24,2024-06-24 13:51:00,1472.25,1472.4,1472.25,1472.4,0.01,20.84,31078.06,1
2024-06-24,2024-06-24 13:52:00,1472.4,1472.56,1472.4,1472.56,0.01,20.84,31078.06,1
2024-06-24,2024-06-24 13:53:00,1472.56,1472.72,1472.56,1472.72,0.01,20.84,31078.06,1
2024-06-24,2024-06-24 13:54:00,1472.72,1472.88,1472.72,1472.88,0.01,20.84,31078.06,1
2024-06-24,2024-06-24 13:55:00,1472.88,1473.04,1472.88,1473.04,0.01,20.84,31078.06,1
2024-06-24,2024-06-24 13:56:00,1473.04,1473.2,1473.04,1473.2,0.01,20.84,31078.06,1
2024-06-24,2024-06-24 13:57:00,1473.2,1473.36,1473.2,1473.36,0.01,20.84,31078.06,1
2024-06-24,2024-06-24 13:58:00,1473.36,1473.52,1473.36,1473.52,0.01,20.84,31078.06,1
2024-06-24,2024-06-24 13:59:00,1473.52,1473.67,1473.52,1473.67,0.01,20.84,31078.06,1
2024-06-24,2024-06-24 14:00:00,1473.67,1473.83,1473.67,1473.83,0.01,20.84,31078.06,1
2024-06-24,2024-06-24 14:01:00,1473.83,1473.99,1473.83,1473.99,0.01,20.84,31078.06,1
2024-06-24,2024-06-24 14:02:00,1473.99,1474.15,1473.99,1474.15,0.01,20.84,31078.06,1
2024-06-24,2024-06-24 14:03:00,1474.15,1474.31,1474.15,1474.31,0.01,20.84,31078.06,1
2024-06-24,2024-06-24 14:04:00,1474.31,1474.47,1474.31,1474.47,0.01,20.84,31078.06,1
2024-06-24,2024-06-24 14:05:00,1474.47,1474.63,1474.47,1474.63,0.01,20.84,31078.06,1
2024-06-24,2024-06-24 14:06:00,1474.63,1474.79,1474.63,1474.79,0.01,20.84,31078.06,1
2024-06-24,2024-06-24 14:07:00,1474.79,1474.94,1474.79,1474.94,0.01,20.84,31078.06,1
2024-06-24,2024-06-24 14:08:00,1474.94,1475.1,1474.94,1475.1,0.01,20.84,31078.06,1
2024-06-24,2024-06-24 14:09:00,1475.1,1475.26,1475.1,1475.26,0.01,20.84,31078.06,1
2024-06-24,2024-06-24 14:10:00,1475.26,1475.42,1475.26,1475.42,0.01,20.84,31078.06,1
2024-06-24,2024-06-24 14:11:00,1475.42,1475.58,1475.42,1475.58,0.01,20.84,31078.06,1
2024-06-24,2024-06-24 14:12:00,1475.58,1475.74,1475.58,1475.74,0.01,20.84,31078.06,1
2024-06-24,2024-06-24 14:13:00,1475.74,1475.9,1475.74,1475.9,0.01,20.84,31078.06,1
2024-06-24,2024-06-24 14:14:00,1475.9,1476.06,1475.9,1476.06,0.01,20.84,31078.06,1
2024-06-24,2024-06-24 14:15:00,1476.06,1476.21,1476.06,1476.21,0.01,20.84,31078.06,1
2024-06-24,2024-06-24 14:16:00,1476.21,1476.37,1476.21,1476.37,0.01,20.84,31078.06,1
2024-06-24,2024-06-24 14:17:00,1476.37,1476.53,1476.37,1476.53,0.01,20.84,31078.06,1
2024-06-24,2024-06-24 14:18:00,1476.53,1476.69,1476.53,1476.69,0.01,20.84,31078.06,1
2024-06-24,2024-06-24 14:19:00,1476.69,1476.85,1476.69,1476.85,0.01,20.84,31078.06,1
2024-06-24,2024-06-24 14:20:00,1476.85,1477.01,1476.85,1477.01,0.01,20.84,31078.06,1
2024-06-24,2024-06-24 14:21:00,1477.01,1477.17,1477.01,1477.17,0.01,20.84,31078.06,1
2024-06-24,2024-06-24 14:22:00,1477.17,1477.33,1477.17,1477.33,0.01,20.84,31078.06,1
2024-06-24,2024-06-24 14:23:00,1477.33,1477.49,1477.33,1477.49,0.01,20.84,31078.06,1
2024-06-24,2024-06-24 14:24:00,1477.49,1477.64,1477.49,1477.64,0.01,20.84,31078.06,1
2024-06-24,2024-06-24 14:25:00,1477.64,1477.8,1477.64,1477.8,0.01,20.84,31078.06,1
2024-06-24,2024-06-24 14:26:00,1477.8,1477.96,1477.8,1477.96,0.01,20.84,31078.06,1
2024-06-24,2024-06-24 14:27:00,1477.96,1478.12,1477.96,1478.12,0.01,20.84,31078.06,1
2024-06-24,2024-06-24 14:28:00,1478.12,1478.28,1478.12,1478.28,0.01,20.84,31078.06,1
2024-06-24,2024-06-24 14:29:00,1478.28,1478.44,1478.28,1478.44,0.01,20.84,31078.06,1
2024-06-24,2024-06-24 14:30:00,1478.44,1478.6,1478.44,1478.6,0.01,20.84,31078.06,1
2024-06-24,2024-06-24 14:31:00,1478.6,1478.76,1478.6,1478.76,0.01,20.84,31078.06,1
2024-06-24,2024-06-24 14:32:00,1478.76,1478.91,1478.76,1478.91,0.01,20.84,31078.06,1
2024-06-24,2024-06-24 14:33:00,1478.91,1479.07,1478.91,1479.07,0.01,20.84,31078.06,1
2024-06-24,2024-06-24 14:34:00,1479.07,1479.23,1479.07,1479.23,0.01,20.84,31078.06,1
2024-06-24,2024-06-24 14:35:00,1479.23,1479.39,1479.23,1479.39,0.01,20.84,31078.06,1
2024-06-24,2024-06-24 14:36:00,1479.39,1479.55,1479.39,1479.55,0.01,20.84,31078.06,1
2024-06-24,2024-06-24 14:37:00,1479.55,1479.71,1479.55,1479.71,0.01,20.84,31078.06,1
2024-06-24,2024-06-24 14:38:00,1479.71,1479.87,1479.71,1479.87,0.01,20.84,31078.06,1
2024-06-24,2024-06-24 14:39:00,1479.87,1480.03,1479.87,1480.03,0.01,20.84,31078.06,1
2024-06-24,2024-06-24 14:40:00,1480.03,1480.18,1480.03,1480.18,0.01,20.84,31078.06,1
2024-06-24,2024-06-24 14:41:00,1480.18,1480.34,1480.18,1480.34,0.01,20.84,31078.06,1
2024-06-24,2024-06-24 14:42:00,1480.34,1480.5,1480.34,1480.5,0.01,20.84,31078.06,1
2024-06-24,2024-06-24 14:43:00,1480.5,1480.66,1480.5,1480.66,0.01,20.84,31078.06,1
2024-06-24,2024-06-24 14:44:00,1480.66,1480.82,1480.66,1480.82,0.01,20.84,31078.06,1
2024-06-24,2024-06-24 14:45:00,1480.82,1480.98,1480.82,1480.98,0.01,20.84,31078.06,1
2024-06-24,2024-06-24 14:46:00,1480.98,1481.14,1480.98,1481.14,0.01,20.84,31078.06,1
2024-06-24,2024-06-24 14:47:00,1481.14,1481.3,1481.14,1481.3,0.01,20.84,31078.06,1
2024-06-24,2024-06-24 14:48:00,1481.3,1481.45,1481.3,1481.45,0.01,20.84,31078.06,1
2024-06-24,2024-06-24 14:49:00,1481.45,1481.61,1481.45,1481.61,0.01,20.84,31078.06,1
2024-06-24,2024-06-24 14:50:00,1481.61,1481.77,1481.61,1481.77,0.01,20.84,31078.06,1
2024-06-24,2024-06-24 14:51:00,1481.77,1481.93,1481.77,1481.93,0.01,20.84,31078.06,1
2024-06-24,2024-06-24 14:52:00,1481.93,1482.09,1481.93,1482.09,0.01,20.84,31078.06,1
2024-06-24,2024-06-24 14:53:00,1482.09,1482.25,1482.09,1482.25,0.01,20.84,31078.06,1
2024-06-24,2024-06-24 14:54:00,1482.25,1482.41,1482.25,1482.41,0.01,20.84,31078.06,1
2024-06-24,2024-06-24 14:55:00,1482.41,1482.57,1482.41,1482.57,0.01,20.84,31078.06,1
2024-06-24,2024-06-24 14:56:00,1482.57,1482.72,1482.57,1482.72,0.01,20.84,31078.06,1
2024-06-24,2024-06-24 14:57:00,1482.72,1482.88,1482.72,1482.88,0.01,20.84,31078.06,1
2024-06-24,2024-06-24 14:58:00,1482.88,1483.04,1482.88,1483.04,0.01,20.84,31078.06,1
2024-06-24,2024-06-24 14:59:00,1483.04,1483.2,1483.04,1483.2,0.01,20.84,31078.06,1
2024-06-24,2024-06-24 15:00:00,1483.2,1510.0,1445.1,1483.2,0.0,20.84,31078.06,0
2024-06-25,2024-06-25 11:00:00,1485.0,1492.17,1479.96,1485.08,0.01,16.85,25197.06,1
2024-06-25,2024-06-25 11:01:00,1485.08,1485.16,1485.08,1485.16,0.01,16.85,25197.06,1
2024-06-25,2024-06-25 11:02:00,1485.16,1485.24,1485.16,1485.24,0.01,16.85,25197.06,1
2024-06-25,2024-06-25 11:03:00,1485.24,1485.32,1485.24,1485.32,0.01,16.85,25197.06,1
2024-06-25,2024-06-25 11:04:00,1485.32,1485.4,1485.32,1485.4,0.01,16.85,25197.06,1
2024-06-25,2024-06-25 11:05:00,1485.4,1485.47,1485.4,1485.47,0.0,16.85,25197.06,1
2024-06-25,2024-06-25 11:06:00,1485.47,1485.55,1485.47,1485.55,0.01,16.85,25197.06,1
2024-06-25,2024-06-25 11:07:00,1485.55,1485.63,1485.55,1485.63,0.01,16.85,25197.06,1
2024-06-25,2024-06-25 11:08:00,1485.63,1485.71,1485.63,1485.71,0.01,16.85,25197.06,1
2024-06-25,2024-06-25 11:09:00,1485.71,1485.79,1485.71,1485.79,0.01,16.85,25197.06,1
2024-06-25,2024-06-25 11:10:00,1485.79,1485.87,1485.79,1485.87,0.01,16.85,25197.06,1
2024-06-25,2024-06-25 11:11:00,1485.87,1485.95,1485.87,1485.95,0.01,16.85,25197.06,1
2024-06-25,2024-06-25 11:12:00,1485.95,1486.03,1485.95,1486.03,0.01,16.85,25197.06,1
2024-06-25,2024-06-25 11:13:00,1486.03,1486.11,1486.03,1486.11,0.01,16.85,25197.06,1
2024-06-25,2024-06-25 11:14:00,1486.11,1486.19,1486.11,1486.19,0.01,16.85,25197.06,1
2024-06-25,2024-06-25 11:15:00,1486.19,1486.27,1486.19,1486.27,0.01,16.85,25197.06,1
2024-06-25,2024-06-25 11:16:00,1486.27,1486.35,1486.27,1486.35,0.01,16.85,25197.06,1
2024-06-25,2024-06-25 11:17:00,1486.35,1486.42,1486.35,1486.42,0.0,16.85,25197.06,1
2024-06-25,2024-06-25 11:18:00,1486.42,1486.5,1486.42,1486.5,0.01,16.85,25197.06,1
2024-06-25,2024-06-25 11:19:00,1486.5,1486.58,1486.5,1486.58,0.01,16.85,25197.06,1
2024-06-25,2024-06-25 11:20:00,1486.58,1486.66,1486.58,1486.66,0.01,16.85,25197.06,1
2024-06-25,2024-06-25 11:21:00,1486.66,1486.74,1486.66,1486.74,0.01,16.85,25197.06,1
2024-06-25,2024-06-25 11:22:00,1486.74,1486.82,1486.74,1486.82,0.01,16.85,25197.06,1
2024-06-25,2024-06-25 11:23:00,1486.82,1486.9,1486.82,1486.9,0.01,16.85,25197.06,1
2024-06-25,2024-06-25 11:24:00,1486.9,1486.98,1486.9,1486.98,0.01,16.85,25197.06,1
2024-06-25,2024-06-25 11:25:00,1486.98,1487.06,1486.98,1487.06,0.01,16.85,25197.06,1
2024-06-25,2024-06-25 11:26:00,1487.06,1487.14,1487.06,1487.14,0.01,16.85,25197.06,1
2024-06-25,2024-06-25 11:27:00,1487.14,1487.22,1487.14,1487.22,0.01,16.85,25197.06,1
2024-06-25,2024-06-25 11:28:00,1487.22,1487.3,1487.22,1487.3,0.01,16.85,25197.06,1
2024-06-25,2024-06-25 11:29:00,1487.3,1487.38,1487.3,1487.38,0.01,16.85,25197.06,1
2024-06-25,2024-06-25 11:30:00,1487.38,1487.45,1487.38,1487.45,0.0,16.85,25197.06,1
2024-06-25,2024-06-25 11:31:00,1487.45,1487.53,1487.45,1487.53,0.01,16.85,25197.06,1
2024-06-25,2024-06-25 11:32:00,1487.53,1487.61,1487.53,1487.61,0.01,16.85,25197.06,1
2024-06-25,2024-06-25 11:33:00,1487.61,1487.69,1487.61,1487.69,0.01,16.85,25197.06,1
2024-06-25,2024-06-25 11:34:00,1487.69,1487.77,1487.69,1487.77,0.01,16.85,25197.06,1
2024-06-25,2024-06-25 11:35:00,1487.77,1487.85,1487.77,1487.85,0.01,16.85,25197.06,1
2024-06-25,2024-06-25 11:36:00,1487.85,1487.93,1487.85,1487.93,0.01,16.85,25197.06,1
2024-06-25,2024-06-25 11:37:00,1487.93,1488.01,1487.93,1488.01,0.01,16.85,25197.06,1
2024-06-25,2024-06-25 11:38:00,1488.01,1488.09,1488.01,1488.09,0.01,16.85,25197.06,1
2024-06-25,2024-06-25 11:39:00,1488.09,1488.17,1488.09,1488.17,0.01,16.85,25197.06,1
2024-06-25,2024-06-25 11:40:00,1488.17,1488.25,1488.17,1488.25,0.01,16.85,25197.06,1
2024-06-25,2024-06-25 11:41:00,1488.25,1488.33,1488.25,1488.33,0.01,16.85,25197.06,1
2024-06-25,2024-06-25 11:42:00,1488.33,1488.4,1488.33,1488.4,0.0,16.85,25197.06,1
2024-06-25,2024-06-25 11:43:00,1488.4,1488.48,1488.4,1488.48,0.01,16.85,25197.06,1
2024-06-25,2024-06-25 11:44:00,1488.48,1488.56,1488.48,1488.56,0.01,16.85,25197.06,1
2024-06-25,2024-06-25 11:45:00,1488.56,1488.64,1488.56,1488.64,0.01,16.85,25197.06,1
2024-06-25,2024-06-25 11:46:00,1488.64,1488.72,1488.64,1488.72,0.01,16.85,25197.06,1
2024-06-25,2024-06-25 11:47:00,1488.72,1488.8,1488.72,1488.8,0.01,16.85,25197.06,1
2024-06-25,2024-06-25 11:48:00,1488.8,1488.88,1488.8,1488.88,0.01,16.85,25197.06,1
2024-06-25,2024-06-25 11:49:00,1488.88,1488.96,1488.88,1488.96,0.01,16.85,25197.06,1
2024-06-25,2024-06-25 11:50:00,1488.96,1489.04,1488.96,1489.04,0.01,16.85,25197.06,1
2024-06-25,2024-06-25 11:51:00,1489.04,1489.12,1489.04,1489.12,0.01,16.85,25197.06,1
2024-06-25,2024-06-25 11:52:00,1489.12,1489.2,1489.12,1489.2,0.01,16.85,25197.06,1
2024-06-25,2024-06-25 11:53:00,1489.2,1489.28,1489.2,1489.28,0.01,16.85,25197.06,1
2024-06-25,2024-06-25 11:54:00,1489.28,1489.35,1489.28,1489.35,0.0,16.85,25197.06,1
2024-06-25,2024-06-25 11:55:00,1489.35,1489.43,1489.35,1489.43,0.01,16.85,25197.06,1
2024-06-25,2024-06-25 11:56:00,1489.43,1489.51,1489.43,1489.51,0.01,16.85,25197.06,1
2024-06-25,2024-06-25 11:57:00,1489.51,1489.59,1489.51,1489.59,0.01,16.85,25197.06,1
2024-06-25,2024-06-25 11:58:00,1489.59,1489.67,1489.59,1489.67,0.01,16.85,25197.06,1
2024-06-25,2024-06-25 11:59:00,1489.67,1489.75,1489.67,1489.75,0.01,16.85,25197.06,1
2024-06-25,2024-06-25 12:00:00,1489.75,1489.83,1489.75,1489.83,0.01,16.85,25197.06,1
2024-06-25,2024-06-25 12:01:00,1489.83,1489.91,1489.83,1489.91,0.01,16.85,25197.06,1
2024-06-25,2024-06-25 12:02:00,1489.91,1489.99,1489.91,1489.99,0.01,16.85,25197.06,1
2024-06-25,2024-06-25 12:03:00,1489.99,1490.07,1489.99,1490.07,0.01,16.85,25197.06,1
2024-06-25,2024-06-25 12:04:00,1490.07,1490.15,1490.07,1490.15,0.01,16.85,25197.06,1
2024-06-25,2024-06-25 12:05:00,1490.15,1490.22,1490.15,1490.22,0.0,16.85,25197.06,1
2024-06-25,2024-06-25 12:06:00,1490.22,1490.3,1490.22,1490.3,0.01,16.85,25197.06,1
2024-06-25,2024-06-25 12:07:00,1490.3,1490.38,1490.3,1490.38,0.01,16.85,25197.06,1
2024-06-25,2024-06-25 12:08:00,1490.38,1490.46,1490.38,1490.46,0.01,16.85,25197.06,1
2024-06-25,2024-06-25 12:09:00,1490.46,1490.54,1490.46,1490.54,0.01,16.85,25197.06,1
2024-06-25,2024-06-25 12:10:00,1490.54,1490.62,1490.54,1490.62,0.01,16.85,25197.06,1
2024-06-25,2024-06-25 12:11:00,1490.62,1490.7,1490.62,1490.7,0.01,16.85,25197.06,1
2024-06-25,2024-06-25 12:12:00,1490.7,1490.78,1490.7,1490.78,0.01,16.85,25197.06,1
2024-06-25,2024-06-25 12:13:00,1490.78,1490.86,1490.78,1490.86,0.01,16.85,25197.06,1
2024-06-25,2024-06-25 12:14:00,1490.86,1490.94,1490.86,1490.94,0.01,16.85,25197.06,1
2024-06-25,2024-06-25 12:15:00,1490.94,1491.02,1490.94,1491.02,0.01,16.85,25197.06,1
2024-06-25,2024-06-25 12:16:00,1491.02,1491.1,1491.02,1491.1,0.01,16.85,25197.06,1
2024-06-25,2024-06-25 12:17:00,1491.1,1491.17,1491.1,1491.17,0.0,16.85,25197.06,1
2024-06-25,2024-06-25 12:18:00,1491.17,1491.25,1491.17,1491.25,0.01,16.85,25197.06,1
2024-06-25,2024-06-25 12:19:00,1491.25,1491.33,1491.25,1491.33,0.01,16.85,25197.06,1
2024-06-25,2024-06-25 12:20:00,1491.33,1491.41,1491.33,1491.41,0.01,16.85,25197.06,1
2024-06-25,2024-06-25 12:21:00,1491.41,1491.49,1491.41,1491.49,0.01,16.85,25197.06,1
2024-06-25,2024-06-25 12:22:00,1491.49,1491.57,1491.49,1491.57,0.01,16.85,25197.06,1
2024-06-25,2024-06-25 12:23:00,1491.57,1491.65,1491.57,1491.65,0.01,16.85,25197.06,1
2024-06-25,2024-06-25 12:24:00,1491.65,1491.73,1491.65,1491.73,0.01,16.85,25197.06,1
2024-06-25,2024-06-25 12:25:00,1491.73,1491.81,1491.73,1491.81,0.01,16.85,25197.06,1
2024-06-25,2024-06-25 12:26:00,1491.81,1491.89,1491.81,1491.89,0.01,16.85,25197.06,1
2024-06-25,2024-06-25 12:27:00,1491.89,1491.97,1491.89,1491.97,0.01,16.85,25197.06,1
2024-06-25,2024-06-25 12:28:00,1491.97,1492.05,1491.97,1492.05,0.01,16.85,25197.06,1
2024-06-25,2024-06-25 12:29:00,1492.05,1492.12,1492.05,1492.12,0.0,16.85,25197.06,1
2024-06-25,2024-06-25 12:30:00,1492.12,1492.2,1492.12,1492.2,0.01,16.85,25197.06,1
2024-06-25,2024-06-25 12:31:00,1492.2,1492.28,1492.2,1492.28,0.01,16.85,25197.06,1
2024-06-25,2024-06-25 12:32:00,1492.28,1492.36,1492.28,1492.36,0.01,16.85,25197.06,1
2024-06-25,2024-06-25 12:33:00,1492.36,1492.44,1492.36,1492.44,0.01,16.85,25197.06,1
2024-06-25,2024-06-25 12:34:00,1492.44,1492.52,1492.44,1492.52,0.01,16.85,25197.06,1
2024-06-25,2024-06-25 12:35:00,1492.52,1492.6,1492.52,1492.6,0.01,16.85,25197.06,1
2024-06-25,2024-06-25 12:36:00,1492.6,1492.68,1492.6,1492.68,0.01,16.85,25197.06,1
2024-06-25,2024-06-25 12:37:00,1492.68,1492.76,1492.68,1492.76,0.01,16.85,25197.06,1
2024-06-25,2024-06-25 12:38:00,1492.76,1492.84,1492.76,1492.84,0.01,16.85,25197.06,1
2024-06-25,2024-06-25 12:39:00,1492.84,1492.92,1492.84,1492.92,0.01,16.85,25197.06,1
2024-06-25,2024-06-25 12:40:00,1492.92,1493.0,1492.92,1493.0,0.01,16.85,25197.06,1
2024-06-25,2024-06-25 12:41:00,1493.0,1493.08,1493.0,1493.08,0.01,16.85,25197.06,1
2024-06-25,2024-06-25 12:42:00,1493.08,1493.15,1493.08,1493.15,0.0,16.85,25197.06,1
2024-06-25,2024-06-25 12:43:00,1493.15,1493.23,1493.15,1493.23,0.01,16.85,25197.06,1
2024-06-25,2024-06-25 12:44:00,1493.23,1493.31,1493.23,1493.31,0.01,16.85,25197.06,1
2024-06-25,2024-06-25 12:45:00,1493.31,1493.39,1493.31,1493.39,0.01,16.85,25197.06,1
2024-06-25,2024-06-25 12:46:00,1493.39,1493.47,1493.39,1493.47,0.01,16.85,25197.06,1
2024-06-25,2024-06-25 12:47:00,1493.47,1493.55,1493.47,1493.55,0.01,16.85,25197.06,1
2024-06-25,2024-06-25 12:48:00,1493.55,1493.63,1493.55,1493.63,0.01,16.85,25197.06,1
2024-06-25,2024-06-25 12:49:00,1493.63,1493.71,1493.63,1493.71,0.01,16.85,25197.06,1
2024-06-25,2024-06-25 12:50:00,1493.71,1493.79,1493.71,1493.79,0.01,16.85,25197.06,1
2024-06-25,2024-06-25 12:51:00,1493.79,1493.87,1493.79,1493.87,0.01,16.85,25197.06,1
2024-06-25,2024-06-25 12:52:00,1493.87,1493.95,1493.87,1493.95,0.01,16.85,25197.06,1
2024-06-25,2024-06-25 12:53:00,1493.95,1494.03,1493.95,1494.03,0.01,16.85,25197.06,1
2024-06-25,2024-06-25 12:54:00,1494.03,1494.1,1494.03,1494.1,0.0,16.85,25197.06,1
2024-06-25,2024-06-25 12:55:00,1494.1,1494.18,1494.1,1494.18,0.01,16.85,25197.06,1
2024-06-25,2024-06-25 12:56:00,1494.18,1494.26,1494.18,1494.26,0.01,16.85,25197.06,1
2024-06-25,2024-06-25 12:57:00,1494.26,1494.34,1494.26,1494.34,0.01,16.85,25197.06,1
2024-06-25,2024-06-25 12:58:00,1494.34,1494.42,1494.34,1494.42,0.01,16.85,25197.06,1
2024-06-25,2024-06-25 12:59:00,1494.42,1494.5,1494.42,1494.5,0.01,16.85,25197.06,1
2024-06-25,2024-06-25 13:00:00,1494.5,1508.9,1468.2,1494.58,0.01,16.85,25197.06,1
2024-06-25,2024-06-25 13:01:00,1494.58,1494.66,1494.58,1494.66,0.01,16.85,25197.06,1
2024-06-25,2024-06-25 13:02:00,1494.66,1494.74,1494.66,1494.74,0.01,16.85,25197.06,1
2024-06-25,2024-06-25 13:03:00,1494.74,1494.82,1494.74,1494.82,0.01,16.85,25197.06,1
2024-06-25,2024-06-25 13:04:00,1494.82,1494.9,1494.82,1494.9,0.01,16.85,25197.06,1
2024-06-25,2024-06-25 13:05:00,1494.9,1494.97,1494.9,1494.97,0.0,16.85,25197.06,1
2024-06-25,2024-06-25 13:06:00,1494.97,1495.05,1494.97,1495.05,0.01,16.85,25197.06,1
2024-06-25,2024-06-25 13:07:00,1495.05,1495.13,1495.05,1495.13,0.01,16.85,25197.06,1
2024-06-25,2024-06-25 13:08:00,1495.13,1495.21,1495.13,1495.21,0.01,16.85,25197.06,1
2024-06-25,2024-06-25 13:09:00,1495.21,1495.29,1495.21,1495.29,0.01,16.85,25197.06,1
2024-06-25,2024-06-25 13:10:00,1495.29,1495.37,1495.29,1495.37,0.01,16.85,25197.06,1
2024-06-25,2024-06-25 13:11:00,1495.37,1495.45,1495.37,1495.45,0.01,16.85,25197.06,1
2024-06-25,2024-06-25 13:12:00,1495.45,1495.53,1495.45,1495.53,0.01,16.85,25197.06,1
2024-06-25,2024-06-25 13:13:00,1495.53,1495.61,1495.53,1495.61,0.01,16.85,25197.06,1
2024-06-25,2024-06-25 13:14:00,1495.61,1495.69,1495.61,1495.69,0.01,16.85,25197.06,1
2024-06-25,2024-06-25 13:15:00,1495.69,1495.77,1495.69,1495.77,0.01,16.85,25197.06,1
2024-06-25,2024-06-25 13:16:00,1495.77,1495.85,1495.77,1495.85,0.01,16.85,25197.06,1
2024-06-25,2024-06-25 13:17:00,1495.85,1495.92,1495.85,1495.92,0.0,16.85,25197.06,1
2024-06-25,2024-06-25 13:18:00,1495.92,1496.0,1495.92,1496.0,0.01,16.85,25197.06,1
2024-06-25,2024-06-25 13:19:00,1496.0,1496.08,1496.0,1496.08,0.01,16.85,25197.06,1
2024-06-25,2024-06-25 13:20:00,1496.08,1496.16,1496.08,1496.16,0.01,16.85,25197.06,1
2024-06-25,2024-06-25 13:21:00,1496.16,1496.24,1496.16,1496.24,0.01,16.85,25197.06,1
2024-06-25,2024-06-25 13:22:00,1496.24,1496.32,1496.24,1496.32,0.01,16.85,25197.06,1
2024-06-25,2024-06-25 13:23:00,1496.32,1496.4,1496.32,1496.4,0.01,16.85,25197.06,1
2024-06-25,2024-06-25 13:24:00,1496.4,1496.48,1496.4,1496.48,0.01,16.85,25197.06,1
2024-06-25,2024-06-25 13:25:00,1496.48,1496.56,1496.48,1496.56,0.01,16.85,25197.06,1
2024-06-25,2024-06-25 13:26:00,1496.56,1496.64,1496.56,1496.64,0.01,16.85,25197.06,1
2024-06-25,2024-06-25 13:27:00,1496.64,1496.72,1496.64,1496.72,0.01,16.85,25197.06,1
2024-06-25,2024-06-25 13:28:00,1496.72,1496.8,1496.72,1496.8,0.01,16.85,25197.06,1
2024-06-25,2024-06-25 13:29:00,1496.8,1496.88,1496.8,1496.88,0.01,16.85,25197.06,1
2024-06-25,2024-06-25 13:30:00,1496.88,1496.95,1496.88,1496.95,0.0,16.85,25197.06,1
2024-06-25,2024-06-25 13:31:00,1496.95,1497.03,1496.95,1497.03,0.01,16.85,25197.06,1
2024-06-25,2024-06-25 13:32:00,1497.03,1497.11,1497.03,1497.11,0.01,16.85,25197.06,1
2024-06-25,2024-06-25 13:33:00,1497.11,1497.19,1497.11,1497.19,0.01,16.85,25197.06,1
2024-06-25,2024-06-25 13:34:00,1497.19,1497.27,1497.19,1497.27,0.01,16.85,25197.06,1
2024-06-25,2024-06-25 13:35:00,1497.27,1497.35,1497.27,1497.35,0.01,16.85,25197.06,1
2024-06-25,2024-06-25 13:36:00,1497.35,1497.43,1497.35,1497.43,0.01,16.85,25197.06,1
2024-06-25,2024-06-25 13:37:00,1497.43,1497.51,1497.43,1497.51,0.01,16.85,25197.06,1
2024-06-25,2024-06-25 13:38:00,1497.51,1497.59,1497.51,1497.59,0.01,16.85,25197.06,1
2024-06-25,2024-06-25 13:39:00,1497.59,1497.67,1497.59,1497.67,0.01,16.85,25197.06,1
2024-06-25,2024-06-25 13:40:00,1497.67,1497.75,1497.67,1497.75,0.01,16.85,25197.06,1
2024-06-25,2024-06-25 13:41:00,1497.75,1497.83,1497.75,1497.83,0.01,16.85,25197.06,1
2024-06-25,2024-06-25 13:42:00,1497.83,1497.9,1497.83,1497.9,0.0,16.85,25197.06,1
2024-06-25,2024-06-25 13:43:00,1497.9,1497.98,1497.9,1497.98,0.01,16.85,25197.06,1
2024-06-25,2024-06-25 13:44:00,1497.98,1498.06,1497.98,1498.06,0.01,16.85,25197.06,1
2024-06-25,2024-06-25 13:45:00,1498.06,1498.14,1498.06,1498.14,0.01,16.85,25197.06,1
2024-06-25,2024-06-25 13:46:00,1498.14,1498.22,1498.14,1498.22,0.01,16.85,25197.06,1
2024-06-25,2024-06-25 13:47:00,1498.22,1498.3,1498.22,1498.3,0.01,16.85,25197.06,1
2024-06-25,2024-06-25 13:48:00,1498.3,1498.38,1498.3,1498.38,0.01,16.85,25197.06,1
2024-06-25,2024-06-25 13:49:00,1498.38,1498.46,1498.38,1498.46,0.01,16.85,25197.06,1
2024-06-25,2024-06-25 13:50:00,1498.46,1498.54,1498.46,1498.54,0.01,16.85,25197.06,1
2024-06-25,2024-06-25 13:51:00,1498.54,1498.62,1498.54,1498.62,0.01,16.85,25197.06,1
2024-06-25,2024-06-25 13:52:00,1498.62,1498.7,1498.62,1498.7,0.01,16.85,25197.06,1
2024-06-25,2024-06-25 13:53:00,1498.7,1498.78,1498.7,1498.78,0.01,16.85,25197.06,1
2024-06-25,2024-06-25 13:54:00,1498.78,1498.85,1498.78,1498.85,0.0,16.85,25197.06,1
2024-06-25,2024-06-25 13:55:00,1498.85,1498.93,1498.85,1498.93,0.01,16.85,25197.06,1
2024-06-25,2024-06-25 13:56:00,1498.93,1499.01,1498.93,1499.01,0.01,16.85,25197.06,1
2024-06-25,2024-06-25 13:57:00,1499.01,1499.09,1499.01,1499.09,0.01,16.85,25197.06,1
2024-06-25,2024-06-25 13:58:00,1499.09,1499.17,1499.09,1499.17,0.01,16.85,25197.06,1
2024-06-25,2024-06-25 13:59:00,1499.17,1499.25,1499.17,1499.25,0.01,16.85,25197.06,1
2024-06-25,2024-06-25 14:00:00,1499.25,1499.33,1499.25,1499.33,0.01,16.85,25197.06,1
2024-06-25,2024-06-25 14:01:00,1499.33,1499.41,1499.33,1499.41,0.01,16.85,25197.06,1
2024-06-25,2024-06-25 14:02:00,1499.41,1499.49,1499.41,1499.49,0.01,16.85,25197.06,1
2024-06-25,2024-06-25 14:03:00,1499.49,1499.57,1499.49,1499.57,0.01,16.85,25197.06,1
2024-06-25,2024-06-25 14:04:00,1499.57,1499.65,1499.57,1499.65,0.01,16.85,25197.06,1
2024-06-25,2024-06-25 14:05:00,1499.65,1499.72,1499.65,1499.72,0.0,16.85,25197.06,1
2024-06-25,2024-06-25 14:06:00,1499.72,1499.8,1499.72,1499.8,0.01,16.85,25197.06,1
2024-06-25,2024-06-25 14:07:00,1499.8,1499.88,1499.8,1499.88,0.01,16.85,25197.06,1
2024-06-25,2024-06-25 14:08:00,1499.88,1499.96,1499.88,1499.96,0.01,16.85,25197.06,1
2024-06-25,2024-06-25 14:09:00,1499.96,1500.04,1499.96,1500.04,0.01,16.85,25197.06,1
2024-06-25,2024-06-25 14:10:00,1500.04,1500.12,1500.04,1500.12,0.01,16.85,25197.06,1
2024-06-25,2024-06-25 14:11:00,1500.12,1500.2,1500.12,1500.2,0.01,16.85,25197.06,1
2024-06-25,2024-06-25 14:12:00,1500.2,1500.28,1500.2,1500.28,0.01,16.85,25197.06,1
2024-06-25,2024-06-25 14:13:00,1500.28,1500.36,1500.28,1500.36,0.01,16.85,25197.06,1
2024-06-25,2024-06-25 14:14:00,1500.36,1500.44,1500.36,1500.44,0.01,16.85,25197.06,1
2024-06-25,2024-06-25 14:15:00,1500.44,1500.52,1500.44,1500.52,0.01,16.85,25197.06,1
2024-06-25,2024-06-25 14:16:00,1500.52,1500.6,1500.52,1500.6,0.01,16.85,25197.06,1
2024-06-25,2024-06-25 14:17:00,1500.6,1500.67,1500.6,1500.67,0.0,16.85,25197.06,1
2024-06-25,2024-06-25 14:18:00,1500.67,1500.75,1500.67,1500.75,0.01,16.85,25197.06,1
2024-06-25,2024-06-25 14:19:00,1500.75,1500.83,1500.75,1500.83,0.01,16.85,25197.06,1
2024-06-25,2024-06-25 14:20:00,1500.83,1500.91,1500.83,1500.91,0.01,16.85,25197.06,1
2024-06-25,2024-06-25 14:21:00,1500.91,1500.99,1500.91,1500.99,0.01,16.85,25197.06,1
2024-06-25,2024-06-25 14:22:00,1500.99,1501.07,1500.99,1501.07,0.01,16.85,25197.06,1
2024-06-25,2024-06-25 14:23:00,1501.07,1501.15,1501.07,1501.15,0.01,16.85,25197.06,1
2024-06-25,2024-06-25 14:24:00,1501.15,1501.23,1501.15,1501.23,0.01,16.85,25197.06,1
2024-06-25,2024-06-25 14:25:00,1501.23,1501.31,1501.23,1501.31,0.01,16.85,25197.06,1
2024-06-25,2024-06-25 14:26:00,1501.31,1501.39,1501.31,1501.39,0.01,16.85,25197.06,1
2024-06-25,2024-06-25 14:27:00,1501.39,1501.47,1501.39,1501.47,0.01,16.85,25197.06,1
2024-06-25,2024-06-25 14:28:00,1501.47,1501.55,1501.47,1501.55,0.01,16.85,25197.06,1
2024-06-25,2024-06-25 14:29:00,1501.55,1501.62,1501.55,1501.62,0.0,16.85,25197.06,1
2024-06-25,2024-06-25 14:30:00,1501.62,1501.7,1501.62,1501.7,0.01,16.85,25197.06,1
2024-06-25,2024-06-25 14:31:00,1501.7,1501.78,1501.7,1501.78,0.01,16.85,25197.06,1
2024-06-25,2024-06-25 14:32:00,1501.78,1501.86,1501.78,1501.86,0.01,16.85,25197.06,1
2024-06-25,2024-06-25 14:33:00,1501.86,1501.94,1501.86,1501.94,0.01,16.85,25197.06,1
2024-06-25,2024-06-25 14:34:00,1501.94,1502.02,1501.94,1502.02,0.01,16.85,25197.06,1
2024-06-25,2024-06-25 14:35:00,1502.02,1502.1,1502.02,1502.1,0.01,16.85,25197.06,1
2024-06-25,2024-06-25 14:36:00,1502.1,1502.18,1502.1,1502.18,0.01,16.85,25197.06,1
2024-06-25,2024-06-25 14:37:00,1502.18,1502.26,1502.18,1502.26,0.01,16.85,25197.06,1
2024-06-25,2024-06-25 14:38:00,1502.26,1502.34,1502.26,1502.34,0.01,16.85,25197.06,1
2024-06-25,2024-06-25 14:39:00,1502.34,1502.42,1502.34,1502.42,0.01,16.85,25197.06,1
2024-06-25,2024-06-25 14:40:00,1502.42,1502.5,1502.42,1502.5,0.01,16.85,25197.06,1
2024-06-25,2024-06-25 14:41:00,1502.5,1502.58,1502.5,1502.58,0.01,16.85,25197.06,1
2024-06-25,2024-06-25 14:42:00,1502.58,1502.65,1502.58,1502.65,0.0,16.85,25197.06,1
2024-06-25,2024-06-25 14:43:00,1502.65,1502.73,1502.65,1502.73,0.01,16.85,25197.06,1
2024-06-25,2024-06-25 14:44:00,1502.73,1502.81,1502.73,1502.81,0.01,16.85,25197.06,1
2024-06-25,2024-06-25 14:45:00,1502.81,1502.89,1502.81,1502.89,0.01,16.85,25197.06,1
2024-06-25,2024-06-25 14:46:00,1502.89,1502.97,1502.89,1502.97,0.01,16.85,25197.06,1
2024-06-25,2024-06-25 14:47:00,1502.97,1503.05,1502.97,1503.05,0.01,16.85,25197.06,1
2024-06-25,2024-06-25 14:48:00,1503.05,1503.13,1503.05,1503.13,0.01,16.85,25197.06,1
2024-06-25,2024-06-25 14:49:00,1503.13,1503.21,1503.13,1503.21,0.01,16.85,25197.06,1
2024-06-25,2024-06-25 14:50:00,1503.21,1503.29,1503.21,1503.29,0.01,16.85,25197.06,1
2024-06-25,2024-06-25 14:51:00,1503.29,1503.37,1503.29,1503.37,0.01,16.85,25197.06,1
2024-06-25,2024-06-25 14:52:00,1503.37,1503.45,1503.37,1503.45,0.01,16.85,25197.06,1
2024-06-25,2024-06-25 14:53:00,1503.45,1503.53,1503.45,1503.53,0.01,16.85,25197.06,1
2024-06-25,2024-06-25 14:54:00,1503.53,1503.6,1503.53,1503.6,0.0,16.85,25197.06,1
2024-06-25,2024-06-25 14:55:00,1503.6,1503.68,1503.6,1503.68,0.01,16.85,25197.06,1
2024-06-25,2024-06-25 14:56:00,1503.68,1503.76,1503.68,1503.76,0.01,16.85,25197.06,1
2024-06-25,2024-06-25 14:57:00,1503.76,1503.84,1503.76,1503.84,0.01,16.85,25197.06,1
2024-06-25,2024-06-25 14:58:00,1503.84,1503.92,1503.84,1503.92,0.01,16.85,25197.06,1
2024-06-25,2024-06-25 14:59:00,1503.92,1504.0,1503.92,1504.0,0.01,16.85,25197.06,1
2024-06-25,2024-06-25 15:00:00,1504.0,1508.9,1468.2,1504.0,0.0,16.85,25197.06,0
2024-06-26,2024-06-26 11:00:00,1491.0,1496.7,1491.0,1491.04,0.0,35.65,53315.31,1
2024-06-26,2024-06-26 11:01:00,1491.04,1491.08,1491.04,1491.08,0.0,35.65,53315.31,1
2024-06-26,2024-06-26 11:02:00,1491.08,1491.11,1491.08,1491.11,0.0,35.65,53315.31,1
2024-06-26,2024-06-26 11:03:00,1491.11,1491.15,1491.11,1491.15,0.0,35.65,53315.31,1
2024-06-26,2024-06-26 11:04:00,1491.15,1491.19,1491.15,1491.19,0.0,35.65,53315.31,1
2024-06-26,2024-06-26 11:05:00,1491.19,1491.22,1491.19,1491.22,0.0,35.65,53315.31,1
2024-06-26,2024-06-26 11:06:00,1491.22,1491.26,1491.22,1491.26,0.0,35.65,53315.31,1
2024-06-26,2024-06-26 11:07:00,1491.26,1491.3,1491.26,1491.3,0.0,35.65,53315.31,1
2024-06-26,2024-06-26 11:08:00,1491.3,1491.34,1491.3,1491.34,0.0,35.65,53315.31,1
2024-06-26,2024-06-26 11:09:00,1491.34,1491.38,1491.34,1491.38,0.0,35.65,53315.31,1
2024-06-26,2024-06-26 11:10:00,1491.38,1491.41,1491.38,1491.41,0.0,35.65,53315.31,1
2024-06-26,2024-06-26 11:11:00,1491.41,1491.45,1491.41,1491.45,0.0,35.65,53315.31,1
2024-06-26,2024-06-26 11:12:00,1491.45,1491.49,1491.45,1491.49,0.0,35.65,53315.31,1
2024-06-26,2024-06-26 11:13:00,1491.49,1491.53,1491.49,1491.53,0.0,35.65,53315.31,1
2024-06-26,2024-06-26 11:14:00,1491.53,1491.56,1491.53,1491.56,0.0,35.65,53315.31,1
2024-06-26,2024-06-26 11:15:00,1491.56,1491.6,1491.56,1491.6,0.0,35.65,53315.31,1
2024-06-26,2024-06-26 11:16:00,1491.6,1491.64,1491.6,1491.64,0.0,35.65,53315.31,1
2024-06-26,2024-06-26 11:17:00,1491.64,1491.67,1491.64,1491.67,0.0,35.65,53315.31,1
2024-06-26,2024-06-26 11:18:00,1491.67,1491.71,1491.67,1491.71,0.0,35.65,53315.31,1
2024-06-26,2024-06-26 11:19:00,1491.71,1491.75,1491.71,1491.75,0.0,35.65,53315.31,1
2024-06-26,2024-06-26 11:20:00,1491.75,1491.79,1491.75,1491.79,0.0,35.65,53315.31,1
2024-06-26,2024-06-26 11:21:00,1491.79,1491.83,1491.79,1491.83,0.0,35.65,53315.31,1
2024-06-26,2024-06-26 11:22:00,1491.83,1491.86,1491.83,1491.86,0.0,35.65,53315.31,1
2024-06-26,2024-06-26 11:23:00,1491.86,1491.9,1491.86,1491.9,0.0,35.65,53315.31,1
2024-06-26,2024-06-26 11:24:00,1491.9,1491.94,1491.9,1491.94,0.0,35.65,53315.31,1
2024-06-26,2024-06-26 11:25:00,1491.94,1491.97,1491.94,1491.97,0.0,35.65,53315.31,1
2024-06-26,2024-06-26 11:26:00,1491.97,1492.01,1491.97,1492.01,0.0,35.65,53315.31,1
2024-06-26,2024-06-26 11:27:00,1492.01,1492.05,1492.01,1492.05,0.0,35.65,53315.31,1
2024-06-26,2024-06-26 11:28:00,1492.05,1492.09,1492.05,1492.09,0.0,35.65,53315.31,1
2024-06-26,2024-06-26 11:29:00,1492.09,1492.12,1492.09,1492.12,0.0,35.65,53315.31,1
2024-06-26,2024-06-26 11:30:00,1492.12,1492.16,1492.12,1492.16,0.0,35.65,53315.31,1
2024-06-26,2024-06-26 11:31:00,1492.16,1492.2,1492.16,1492.2,0.0,35.65,53315.31,1
2024-06-26,2024-06-26 11:32:00,1492.2,1492.24,1492.2,1492.24,0.0,35.65,53315.31,1
2024-06-26,2024-06-26 11:33:00,1492.24,1492.28,1492.24,1492.28,0.0,35.65,53315.31,1
2024-06-26,2024-06-26 11:34:00,1492.28,1492.31,1492.28,1492.31,0.0,35.65,53315.31,1
2024-06-26,2024-06-26 11:35:00,1492.31,1492.35,1492.31,1492.35,0.0,35.65,53315.31,1
2024-06-26,2024-06-26 11:36:00,1492.35,1492.39,1492.35,1492.39,0.0,35.65,53315.31,1
2024-06-26,2024-06-26 11:37:00,1492.39,1492.42,1492.39,1492.42,0.0,35.65,53315.31,1
2024-06-26,2024-06-26 11:38:00,1492.42,1492.46,1492.42,1492.46,0.0,35.65,53315.31,1
2024-06-26,2024-06-26 11:39:00,1492.46,1492.5,1492.46,1492.5,0.0,35.65,53315.31,1
2024-06-26,2024-06-26 11:40:00,1492.5,1492.54,1492.5,1492.54,0.0,35.65,53315.31,1
2024-06-26,2024-06-26 11:41:00,1492.54,1492.58,1492.54,1492.58,0.0,35.65,53315.31,1
2024-06-26,2024-06-26 11:42:00,1492.58,1492.61,1492.58,1492.61,0.0,35.65,53315.31,1
2024-06-26,2024-06-26 11:43:00,1492.61,1492.65,1492.61,1492.65,0.0,35.65,53315.31,1
2024-06-26,2024-06-26 11:44:00,1492.65,1492.69,1492.65,1492.69,0.0,35.65,53315.31,1
2024-06-26,2024-06-26 11:45:00,1492.69,1492.72,1492.69,1492.72,0.0,35.65,53315.31,1
2024-06-26,2024-06-26 11:46:00,1492.72,1492.76,1492.72,1492.76,0.0,35.65,53315.31,1
2024-06-26,2024-06-26 11:47:00,1492.76,1492.8,1492.76,1492.8,0.0,35.65,53315.31,1
2024-06-26,2024-06-26 11:48:00,1492.8,1492.84,1492.8,1492.84,0.0,35.65,53315.31,1
2024-06-26,2024-06-26 11:49:00,1492.84,1492.88,1492.84,1492.88,0.0,35.65,53315.31,1
2024-06-26,2024-06-26 11:50:00,1492.88,1492.91,1492.88,1492.91,0.0,35.65,53315.31,1
2024-06-26,2024-06-26 11:51:00,1492.91,1492.95,1492.91,1492.95,0.0,35.65,53315.31,1
2024-06-26,2024-06-26 11:52:00,1492.95,1492.99,1492.95,1492.99,0.0,35.65,53315.31,1
2024-06-26,2024-06-26 11:53:00,1492.99,1493.03,1492.99,1493.03,0.0,35.65,53315.31,1
2024-06-26,2024-06-26 11:54:00,1493.03,1493.06,1493.03,1493.06,0.0,35.65,53315.31,1
2024-06-26,2024-06-26 11:55:00,1493.06,1493.1,1493.06,1493.1,0.0,35.65,53315.31,1
2024-06-26,2024-06-26 11:56:00,1493.1,1493.14,1493.1,1493.14,0.0,35.65,53315.31,1
2024-06-26,2024-06-26 11:57:00,1493.14,1493.17,1493.14,1493.17,0.0,35.65,53315.31,1
2024-06-26,2024-06-26 11:58:00,1493.17,1493.21,1493.17,1493.21,0.0,35.65,53315.31,1
2024-06-26,2024-06-26 11:59:00,1493.21,1493.25,1493.21,1493.25,0.0,35.65,53315.31,1
2024-06-26,2024-06-26 12:00:00,1493.25,1493.29,1493.25,1493.29,0.0,35.65,53315.31,1
2024-06-26,2024-06-26 12:01:00,1493.29,1493.33,1493.29,1493.33,0.0,35.65,53315.31,1
2024-06-26,2024-06-26 12:02:00,1493.33,1493.36,1493.33,1493.36,0.0,35.65,53315.31,1
2024-06-26,2024-06-26 12:03:00,1493.36,1493.4,1493.36,1493.4,0.0,35.65,53315.31,1
2024-06-26,2024-06-26 12:04:00,1493.4,1493.44,1493.4,1493.44,0.0,35.65,53315.31,1
2024-06-26,2024-06-26 12:05:00,1493.44,1493.47,1493.44,1493.47,0.0,35.65,53315.31,1
2024-06-26,2024-06-26 12:06:00,1493.47,1493.51,1493.47,1493.51,0.0,35.65,53315.31,1
2024-06-26,2024-06-26 12:07:00,1493.51,1493.55,1493.51,1493.55,0.0,35.65,53315.31,1
2024-06-26,2024-06-26 12:08:00,1493.55,1493.59,1493.55,1493.59,0.0,35.65,53315.31,1
2024-06-26,2024-06-26 12:09:00,1493.59,1493.62,1493.59,1493.62,0.0,35.65,53315.31,1
2024-06-26,2024-06-26 12:10:00,1493.62,1493.66,1493.62,1493.66,0.0,35.65,53315.31,1
2024-06-26,2024-06-26 12:11:00,1493.66,1493.7,1493.66,1493.7,0.0,35.65,53315.31,1
2024-06-26,2024-06-26 12:12:00,1493.7,1493.74,1493.7,1493.74,0.0,35.65,53315.31,1
2024-06-26,2024-06-26 12:13:00,1493.74,1493.78,1493.74,1493.78,0.0,35.65,53315.31,1
2024-06-26,2024-06-26 12:14:00,1493.78,1493.81,1493.78,1493.81,0.0,35.65,53315.31,1
2024-06-26,2024-06-26 12:15:00,1493.81,1493.85,1493.81,1493.85,0.0,35.65,53315.31,1
2024-06-26,2024-06-26 12:16:00,1493.85,1493.89,1493.85,1493.89,0.0,35.65,53315.31,1
2024-06-26,2024-06-26 12:17:00,1493.89,1493.92,1493.89,1493.92,0.0,35.65,53315.31,1
2024-06-26,2024-06-26 12:18:00,1493.92,1493.96,1493.92,1493.96,0.0,35.65,53315.31,1
2024-06-26,2024-06-26 12:19:00,1493.96,1494.0,1493.96,1494.0,0.0,35.65,53315.31,1
2024-06-26,2024-06-26 12:20:00,1494.0,1494.04,1494.0,1494.04,0.0,35.65,53315.31,1
2024-06-26,2024-06-26 12:21:00,1494.04,1494.08,1494.04,1494.08,0.0,35.65,53315.31,1
2024-06-26,2024-06-26 12:22:00,1494.08,1494.11,1494.08,1494.11,0.0,35.65,53315.31,1
2024-06-26,2024-06-26 12:23:00,1494.11,1494.15,1494.11,1494.15,0.0,35.65,53315.31,1
2024-06-26,2024-06-26 12:24:00,1494.15,1494.19,1494.15,1494.19,0.0,35.65,53315.31,1
2024-06-26,2024-06-26 12:25:00,1494.19,1494.22,1494.19,1494.22,0.0,35.65,53315.31,1
2024-06-26,2024-06-26 12:26:00,1494.22,1494.26,1494.22,1494.26,0.0,35.65,53315.31,1
2024-06-26,2024-06-26 12:27:00,1494.26,1494.3,1494.26,1494.3,0.0,35.65,53315.31,1
2024-06-26,2024-06-26 12:28:00,1494.3,1494.34,1494.3,1494.34,0.0,35.65,53315.31,1
2024-06-26,2024-06-26 12:29:00,1494.34,1494.38,1494.34,1494.38,0.0,35.65,53315.31,1
2024-06-26,2024-06-26 12:30:00,1494.38,1494.41,1494.38,1494.41,0.0,35.65,53315.31,1
2024-06-26,2024-06-26 12:31:00,1494.41,1494.45,1494.41,1494.45,0.0,35.65,53315.31,1
2024-06-26,2024-06-26 12:32:00,1494.45,1494.49,1494.45,1494.49,0.0,35.65,53315.31,1
2024-06-26,2024-06-26 12:33:00,1494.49,1494.53,1494.49,1494.53,0.0,35.65,53315.31,1
2024-06-26,2024-06-26 12:34:00,1494.53,1494.56,1494.53,1494.56,0.0,35.65,53315.31,1
2024-06-26,2024-06-26 12:35:00,1494.56,1494.6,1494.56,1494.6,0.0,35.65,53315.31,1
2024-06-26,2024-06-26 12:36:00,1494.6,1494.64,1494.6,1494.64,0.0,35.65,53315.31,1
2024-06-26,2024-06-26 12:37:00,1494.64,1494.67,1494.64,1494.67,0.0,35.65,53315.31,1
2024-06-26,2024-06-26 12:38:00,1494.67,1494.71,1494.67,1494.71,0.0,35.65,53315.31,1
2024-06-26,2024-06-26 12:39:00,1494.71,1494.75,1494.71,1494.75,0.0,35.65,53315.31,1
2024-06-26,2024-06-26 12:40:00,1494.75,1494.79,1494.75,1494.79,0.0,35.65,53315.31,1
2024-06-26,2024-06-26 12:41:00,1494.79,1494.83,1494.79,1494.83,0.0,35.65,53315.31,1
2024-06-26,2024-06-26 12:42:00,1494.83,1494.86,1494.83,1494.86,0.0,35.65,53315.31,1
2024-06-26,2024-06-26 12:43:00,1494.86,1494.9,1494.86,1494.9,0.0,35.65,53315.31,1
2024-06-26,2024-06-26 12:44:00,1494.9,1494.94,1494.9,1494.94,0.0,35.65,53315.31,1
2024-06-26,2024-06-26 12:45:00,1494.94,1494.97,1494.94,1494.97,0.0,35.65,53315.31,1
2024-06-26,2024-06-26 12:46:00,1494.97,1495.01,1494.97,1495.01,0.0,35.65,53315.31,1
2024-06-26,2024-06-26 12:47:00,1495.01,1495.05,1495.01,1495.05,0.0,35.65,53315.31,1
2024-06-26,2024-06-26 12:48:00,1495.05,1495.09,1495.05,1495.09,0.0,35.65,53315.31,1
2024-06-26,2024-06-26 12:49:00,1495.09,1495.12,1495.09,1495.12,0.0,35.65,53315.31,1
2024-06-26,2024-06-26 12:50:00,1495.12,1495.16,1495.12,1495.16,0.0,35.65,53315.31,1
2024-06-26,2024-06-26 12:51:00,1495.16,1495.2,1495.16,1495.2,0.0,35.65,53315.31,1
2024-06-26,2024-06-26 12:52:00,1495.2,1495.24,1495.2,1495.24,0.0,35.65,53315.31,1
2024-06-26,2024-06-26 12:53:00,1495.24,1495.28,1495.24,1495.28,0.0,35.65,53315.31,1
2024-06-26,2024-06-26 12:54:00,1495.28,1495.31,1495.28,1495.31,0.0,35.65,53315.31,1
2024-06-26,2024-06-26 12:55:00,1495.31,1495.35,1495.31,1495.35,0.0,35.65,53315.31,1
2024-06-26,2024-06-26 12:56:00,1495.35,1495.39,1495.35,1495.39,0.0,35.65,53315.31,1
2024-06-26,2024-06-26 12:57:00,1495.39,1495.42,1495.39,1495.42,0.0,35.65,53315.31,1
2024-06-26,2024-06-26 12:58:00,1495.42,1495.46,1495.42,1495.46,0.0,35.65,53315.31,1
2024-06-26,2024-06-26 12:59:00,1495.46,1495.5,1495.46,1495.5,0.0,35.65,53315.31,1
2024-06-26,2024-06-26 13:00:00,1495.5,1510.0,1491.0,1495.54,0.0,35.65,53315.31,1
2024-06-26,2024-06-26 13:01:00,1495.54,1495.58,1495.54,1495.58,0.0,35.65,53315.31,1
2024-06-26,2024-06-26 13:02:00,1495.58,1495.61,1495.58,1495.61,0.0,35.65,53315.31,1
2024-06-26,2024-06-26 13:03:00,1495.61,1495.65,1495.61,1495.65,0.0,35.65,53315.31,1
2024-06-26,2024-06-26 13:04:00,1495.65,1495.69,1495.65,1495.69,0.0,35.65,53315.31,1
2024-06-26,2024-06-26 13:05:00,1495.69,1495.72,1495.69,1495.72,0.0,35.65,53315.31,1
2024-06-26,2024-06-26 13:06:00,1495.72,1495.76,1495.72,1495.76,0.0,35.65,53315.31,1
2024-06-26,2024-06-26 13:07:00,1495.76,1495.8,1495.76,1495.8,0.0,35.65,53315.31,1
2024-06-26,2024-06-26 13:08:00,1495.8,1495.84,1495.8,1495.84,0.0,35.65,53315.31,1
2024-06-26,2024-06-26 13:09:00,1495.84,1495.88,1495.84,1495.88,0.0,35.65,53315.31,1
2024-06-26,2024-06-26 13:10:00,1495.88,1495.91,1495.88,1495.91,0.0,35.65,53315.31,1
2024-06-26,2024-06-26 13:11:00,1495.91,1495.95,1495.91,1495.95,0.0,35.65,53315.31,1
2024-06-26,2024-06-26 13:12:00,1495.95,1495.99,1495.95,1495.99,0.0,35.65,53315.31,1
2024-06-26,2024-06-26 13:13:00,1495.99,1496.03,1495.99,1496.03,0.0,35.65,53315.31,1
2024-06-26,2024-06-26 13:14:00,1496.03,1496.06,1496.03,1496.06,0.0,35.65,53315.31,1
2024-06-26,2024-06-26 13:15:00,1496.06,1496.1,1496.06,1496.1,0.0,35.65,53315.31,1
2024-06-26,2024-06-26 13:16:00,1496.1,1496.14,1496.1,1496.14,0.0,35.65,53315.31,1
2024-06-26,2024-06-26 13:17:00,1496.14,1496.17,1496.14,1496.17,0.0,35.65,53315.31,1
2024-06-26,2024-06-26 13:18:00,1496.17,1496.21,1496.17,1496.21,0.0,35.65,53315.31,1
2024-06-26,2024-06-26 13:19:00,1496.21,1496.25,1496.21,1496.25,0.0,35.65,53315.31,1
2024-06-26,2024-06-26 13:20:00,1496.25,1496.29,1496.25,1496.29,0.0,35.65,53315.31,1
2024-06-26,2024-06-26 13:21:00,1496.29,1496.33,1496.29,1496.33,0.0,35.65,53315.31,1
2024-06-26,2024-06-26 13:22:00,1496.33,1496.36,1496.33,1496.36,0.0,35.65,53315.31,1
2024-06-26,2024-06-26 13:23:00,1496.36,1496.4,1496.36,1496.4,0.0,35.65,53315.31,1
2024-06-26,2024-06-26 13:24:00,1496.4,1496.44,1496.4,1496.44,0.0,35.65,53315.31,1
2024-06-26,2024-06-26 13:25:00,1496.44,1496.47,1496.44,1496.47,0.0,35.65,53315.31,1
2024-06-26,2024-06-26 13:26:00,1496.47,1496.51,1496.47,1496.51,0.0,35.65,53315.31,1
2024-06-26,2024-06-26 13:27:00,1496.51,1496.55,1496.51,1496.55,0.0,35.65,53315.31,1
2024-06-26,2024-06-26 13:28:00,1496.55,1496.59,1496.55,1496.59,0.0,35.65,53315.31,1
2024-06-26,2024-06-26 13:29:00,1496.59,1496.62,1496.59,1496.62,0.0,35.65,53315.31,1
2024-06-26,2024-06-26 13:30:00,1496.62,1496.66,1496.62,1496.66,0.0,35.65,53315.31,1
2024-06-26,2024-06-26 13:31:00,1496.66,1496.7,1496.66,1496.7,0.0,35.65,53315.31,1
2024-06-26,2024-06-26 13:32:00,1496.7,1496.74,1496.7,1496.74,0.0,35.65,53315.31,1
2024-06-26,2024-06-26 13:33:00,1496.74,1496.78,1496.74,1496.78,0.0,35.65,53315.31,1
2024-06-26,2024-06-26 13:34:00,1496.78,1496.81,1496.78,1496.81,0.0,35.65,53315.31,1
2024-06-26,2024-06-26 13:35:00,1496.81,1496.85,1496.81,1496.85,0.0,35.65,53315.31,1
2024-06-26,2024-06-26 13:36:00,1496.85,1496.89,1496.85,1496.89,0.0,35.65,53315.31,1
2024-06-26,2024-06-26 13:37:00,1496.89,1496.92,1496.89,1496.92,0.0,35.65,53315.31,1
2024-06-26,2024-06-26 13:38:00,1496.92,1496.96,1496.92,1496.96,0.0,35.65,53315.31,1
2024-06-26,2024-06-26 13:39:00,1496.96,1497.0,1496.96,1497.0,0.0,35.65,53315.31,1
2024-06-26,2024-06-26 13:40:00,1497.0,1497.04,1497.0,1497.04,0.0,35.65,53315.31,1
2024-06-26,2024-06-26 13:41:00,1497.04,1497.08,1497.04,1497.08,0.0,35.65,53315.31,1
2024-06-26,2024-06-26 13:42:00,1497.08,1497.11,1497.08,1497.11,0.0,35.65,53315.31,1
2024-06-26,2024-06-26 13:43:00,1497.11,1497.15,1497.11,1497.15,0.0,35.65,53315.31,1
2024-06-26,2024-06-26 13:44:00,1497.15,1497.19,1497.15,1497.19,0.0,35.65,53315.31,1
2024-06-26,2024-06-26 13:45:00,1497.19,1497.22,1497.19,1497.22,0.0,35.65,53315.31,1
2024-06-26,2024-06-26 13:46:00,1497.22,1497.26,1497.22,1497.26,0.0,35.65,53315.31,1
2024-06-26,2024-06-26 13:47:00,1497.26,1497.3,1497.26,1497.3,0.0,35.65,53315.31,1
2024-06-26,2024-06-26 13:48:00,1497.3,1497.34,1497.3,1497.34,0.0,35.65,53315.31,1
2024-06-26,2024-06-26 13:49:00,1497.34,1497.38,1497.34,1497.38,0.0,35.65,53315.31,1
2024-06-26,2024-06-26 13:50:00,1497.38,1497.41,1497.38,1497.41,0.0,35.65,53315.31,1
2024-06-26,2024-06-26 13:51:00,1497.41,1497.45,1497.41,1497.45,0.0,35.65,53315.31,1
2024-06-26,2024-06-26 13:52:00,1497.45,1497.49,1497.45,1497.49,0.0,35.65,53315.31,1
2024-06-26,2024-06-26 13:53:00,1497.49,1497.53,1497.49,1497.53,0.0,35.65,53315.31,1
2024-06-26,2024-06-26 13:54:00,1497.53,1497.56,1497.53,1497.56,0.0,35.65,53315.31,1
2024-06-26,2024-06-26 13:55:00,1497.56,1497.6,1497.56,1497.6,0.0,35.65,53315.31,1
2024-06-26,2024-06-26 13:56:00,1497.6,1497.64,1497.6,1497.64,0.0,35.65,53315.31,1
2024-06-26,2024-06-26 13:57:00,1497.64,1497.67,1497.64,1497.67,0.0,35.65,53315.31,1
2024-06-26,2024-06-26 13:58:00,1497.67,1497.71,1497.67,1497.71,0.0,35.65,53315.31,1
2024-06-26,2024-06-26 13:59:00,1497.71,1497.75,1497.71,1497.75,0.0,35.65,53315.31,1
2024-06-26,2024-06-26 14:00:00,1497.75,1497.79,1497.75,1497.79,0.0,35.65,53315.31,1
2024-06-26,2024-06-26 14:01:00,1497.79,1497.83,1497.79,1497.83,0.0,35.65,53315.31,1
2024-06-26,2024-06-26 14:02:00,1497.83,1497.86,1497.83,1497.86,0.0,35.65,53315.31,1
2024-06-26,2024-06-26 14:03:00,1497.86,1497.9,1497.86,1497.9,0.0,35.65,53315.31,1
2024-06-26,2024-06-26 14:04:00,1497.9,1497.94,1497.9,1497.94,0.0,35.65,53315.31,1
2024-06-26,2024-06-26 14:05:00,1497.94,1497.97,1497.94,1497.97,0.0,35.65,53315.31,1
2024-06-26,2024-06-26 14:06:00,1497.97,1498.01,1497.97,1498.01,0.0,35.65,53315.31,1
2024-06-26,2024-06-26 14:07:00,1498.01,1498.05,1498.01,1498.05,0.0,35.65,53315.31,1
2024-06-26,2024-06-26 14:08:00,1498.05,1498.09,1498.05,1498.09,0.0,35.65,53315.31,1
2024-06-26,2024-06-26 14:09:00,1498.09,1498.12,1498.09,1498.12,0.0,35.65,53315.31,1
2024-06-26,2024-06-26 14:10:00,1498.12,1498.16,1498.12,1498.16,0.0,35.65,53315.31,1
2024-06-26,2024-06-26 14:11:00,1498.16,1498.2,1498.16,1498.2,0.0,35.65,53315.31,1
2024-06-26,2024-06-26 14:12:00,1498.2,1498.24,1498.2,1498.24,0.0,35.65,53315.31,1
2024-06-26,2024-06-26 14:13:00,1498.24,1498.28,1498.24,1498.28,0.0,35.65,53315.31,1
2024-06-26,2024-06-26 14:14:00,1498.28,1498.31,1498.28,1498.31,0.0,35.65,53315.31,1
2024-06-26,2024-06-26 14:15:00,1498.31,1498.35,1498.31,1498.35,0.0,35.65,53315.31,1
2024-06-26,2024-06-26 14:16:00,1498.35,1498.39,1498.35,1498.39,0.0,35.65,53315.31,1
2024-06-26,2024-06-26 14:17:00,1498.39,1498.42,1498.39,1498.42,0.0,35.65,53315.31,1
2024-06-26,2024-06-26 14:18:00,1498.42,1498.46,1498.42,1498.46,0.0,35.65,53315.31,1
2024-06-26,2024-06-26 14:19:00,1498.46,1498.5,1498.46,1498.5,0.0,35.65,53315.31,1
2024-06-26,2024-06-26 14:20:00,1498.5,1498.54,1498.5,1498.54,0.0,35.65,53315.31,1
2024-06-26,2024-06-26 14:21:00,1498.54,1498.58,1498.54,1498.58,0.0,35.65,53315.31,1
2024-06-26,2024-06-26 14:22:00,1498.58,1498.61,1498.58,1498.61,0.0,35.65,53315.31,1
2024-06-26,2024-06-26 14:23:00,1498.61,1498.65,1498.61,1498.65,0.0,35.65,53315.31,1
2024-06-26,2024-06-26 14:24:00,1498.65,1498.69,1498.65,1498.69,0.0,35.65,53315.31,1
2024-06-26,2024-06-26 14:25:00,1498.69,1498.72,1498.69,1498.72,0.0,35.65,53315.31,1
2024-06-26,2024-06-26 14:26:00,1498.72,1498.76,1498.72,1498.76,0.0,35.65,53315.31,1
2024-06-26,2024-06-26 14:27:00,1498.76,1498.8,1498.76,1498.8,0.0,35.65,53315.31,1
2024-06-26,2024-06-26 14:28:00,1498.8,1498.84,1498.8,1498.84,0.0,35.65,53315.31,1
2024-06-26,2024-06-26 14:29:00,1498.84,1498.88,1498.84,1498.88,0.0,35.65,53315.31,1
2024-06-26,2024-06-26 14:30:00,1498.88,1498.91,1498.88,1498.91,0.0,35.65,53315.31,1
2024-06-26,2024-06-26 14:31:00,1498.91,1498.95,1498.91,1498.95,0.0,35.65,53315.31,1
2024-06-26,2024-06-26 14:32:00,1498.95,1498.99,1498.95,1498.99,0.0,35.65,53315.31,1
2024-06-26,2024-06-26 14:33:00,1498.99,1499.03,1498.99,1499.03,0.0,35.65,53315.31,1
2024-06-26,2024-06-26 14:34:00,1499.03,1499.06,1499.03,1499.06,0.0,35.65,53315.31,1
2024-06-26,2024-06-26 14:35:00,1499.06,1499.1,1499.06,1499.1,0.0,35.65,53315.31,1
2024-06-26,2024-06-26 14:36:00,1499.1,1499.14,1499.1,1499.14,0.0,35.65,53315.31,1
2024-06-26,2024-06-26 14:37:00,1499.14,1499.17,1499.14,1499.17,0.0,35.65,53315.31,1
2024-06-26,2024-06-26 14:38:00,1499.17,1499.21,1499.17,1499.21,0.0,35.65,53315.31,1
2024-06-26,2024-06-26 14:39:00,1499.21,1499.25,1499.21,1499.25,0.0,35.65,53315.31,1
2024-06-26,2024-06-26 14:40:00,1499.25,1499.29,1499.25,1499.29,0.0,35.65,53315.31,1
2024-06-26,2024-06-26 14:41:00,1499.29,1499.33,1499.29,1499.33,0.0,35.65,53315.31,1
2024-06-26,2024-06-26 14:42:00,1499.33,1499.36,1499.33,1499.36,0.0,35.65,53315.31,1
2024-06-26,2024-06-26 14:43:00,1499.36,1499.4,1499.36,1499.4,0.0,35.65,53315.31,1
2024-06-26,2024-06-26 14:44:00,1499.4,1499.44,1499.4,1499.44,0.0,35.65,53315.31,1
2024-06-26,2024-06-26 14:45:00,1499.44,1499.47,1499.44,1499.47,0.0,35.65,53315.31,1
2024-06-26,2024-06-26 14:46:00,1499.47,1499.51,1499.47,1499.51,0.0,35.65,53315.31,1
2024-06-26,2024-06-26 14:47:00,1499.51,1499.55,1499.51,1499.55,0.0,35.65,53315.31,1
2024-06-26,2024-06-26 14:48:00,1499.55,1499.59,1499.55,1499.59,0.0,35.65,53315.31,1
2024-06-26,2024-06-26 14:49:00,1499.59,1499.62,1499.59,1499.62,0.0,35.65,53315.31,1
2024-06-26,2024-06-26 14:50:00,1499.62,1499.66,1499.62,1499.66,0.0,35.65,53315.31,1
2024-06-26,2024-06-26 14:51:00,1499.66,1499.7,1499.66,1499.7,0.0,35.65,53315.31,1
2024-06-26,2024-06-26 14:52:00,1499.7,1499.74,1499.7,1499.74,0.0,35.65,53315.31,1
2024-06-26,2024-06-26 14:53:00,1499.74,1499.78,1499.74,1499.78,0.0,35.65,53315.31,1
2024-06-26,2024-06-26 14:54:00,1499.78,1499.81,1499.78,1499.81,0.0,35.65,53315.31,1
2024-06-26,2024-06-26 14:55:00,1499.81,1499.85,1499.81,1499.85,0.0,35.65,53315.31,1
2024-06-26,2024-06-26 14:56:00,1499.85,1499.89,1499.85,1499.89,0.0,35.65,53315.31,1
2024-06-26,2024-06-26 14:57:00,1499.89,1499.92,1499.89,1499.92,0.0,35.65,53315.31,1
2024-06-26,2024-06-26 14:58:00,1499.92,1499.96,1499.92,1499.96,0.0,35.65,53315.31,1
2024-06-26,2024-06-26 14:59:00,1499.96,1500.0,1499.96,1500.0,0.0,35.65,53315.31,1
2024-06-26,2024-06-26 15:00:00,1500.0,1510.0,1491.0,1500.0,0.0,35.65,53315.31,0
2024-06-27,2024-06-27 11:00:00,1471.1,1478.27,1470.77,1471.12,0.0,51.21,75525.6,1
2024-06-27,2024-06-27 11:01:00,1471.12,1471.13,1471.12,1471.13,0.0,51.21,75525.6,1
2024-06-27,2024-06-27 11:02:00,1471.13,1471.15,1471.13,1471.15,0.0,51.21,75525.6,1
2024-06-27,2024-06-27 11:03:00,1471.15,1471.17,1471.15,1471.17,0.0,51.21,75525.6,1
2024-06-27,2024-06-27 11:04:00,1471.17,1471.18,1471.17,1471.18,0.0,51.21,75525.6,1
2024-06-27,2024-06-27 11:05:00,1471.18,1471.2,1471.18,1471.2,0.0,51.21,75525.6,1
2024-06-27,2024-06-27 11:06:00,1471.2,1471.22,1471.2,1471.22,0.0,51.21,75525.6,1
2024-06-27,2024-06-27 11:07:00,1471.22,1471.23,1471.22,1471.23,0.0,51.21,75525.6,1
2024-06-27,2024-06-27 11:08:00,1471.23,1471.25,1471.23,1471.25,0.0,51.21,75525.6,1
2024-06-27,2024-06-27 11:09:00,1471.25,1471.27,1471.25,1471.27,0.0,51.21,75525.6,1
2024-06-27,2024-06-27 11:10:00,1471.27,1471.28,1471.27,1471.28,0.0,51.21,75525.6,1
2024-06-27,2024-06-27 11:11:00,1471.28,1471.3,1471.28,1471.3,0.0,51.21,75525.6,1
2024-06-27,2024-06-27 11:12:00,1471.3,1471.32,1471.3,1471.32,0.0,51.21,75525.6,1
2024-06-27,2024-06-27 11:13:00,1471.32,1471.33,1471.32,1471.33,0.0,51.21,75525.6,1
2024-06-27,2024-06-27 11:14:00,1471.33,1471.35,1471.33,1471.35,0.0,51.21,75525.6,1
2024-06-27,2024-06-27 11:15:00,1471.35,1471.37,1471.35,1471.37,0.0,51.21,75525.6,1
2024-06-27,2024-06-27 11:16:00,1471.37,1471.38,1471.37,1471.38,0.0,51.21,75525.6,1
2024-06-27,2024-06-27 11:17:00,1471.38,1471.4,1471.38,1471.4,0.0,51.21,75525.6,1
2024-06-27,2024-06-27 11:18:00,1471.4,1471.42,1471.4,1471.42,0.0,51.21,75525.6,1
2024-06-27,2024-06-27 11:19:00,1471.42,1471.43,1471.42,1471.43,0.0,51.21,75525.6,1
2024-06-27,2024-06-27 11:20:00,1471.43,1471.45,1471.43,1471.45,0.0,51.21,75525.6,1
2024-06-27,2024-06-27 11:21:00,1471.45,1471.47,1471.45,1471.47,0.0,51.21,75525.6,1
2024-06-27,2024-06-27 11:22:00,1471.47,1471.48,1471.47,1471.48,0.0,51.21,75525.6,1
2024-06-27,2024-06-27 11:23:00,1471.48,1471.5,1471.48,1471.5,0.0,51.21,75525.6,1
2024-06-27,2024-06-27 11:24:00,1471.5,1471.52,1471.5,1471.52,0.0,51.21,75525.6,1
2024-06-27,2024-06-27 11:25:00,1471.52,1471.53,1471.52,1471.53,0.0,51.21,75525.6,1
2024-06-27,2024-06-27 11:26:00,1471.53,1471.55,1471.53,1471.55,0.0,51.21,75525.6,1
2024-06-27,2024-06-27 11:27:00,1471.55,1471.57,1471.55,1471.57,0.0,51.21,75525.6,1
2024-06-27,2024-06-27 11:28:00,1471.57,1471.58,1471.57,1471.58,0.0,51.21,75525.6,1
2024-06-27,2024-06-27 11:29:00,1471.58,1471.6,1471.58,1471.6,0.0,51.21,75525.6,1
2024-06-27,2024-06-27 11:30:00,1471.6,1471.62,1471.6,1471.62,0.0,51.21,75525.6,1
2024-06-27,2024-06-27 11:31:00,1471.62,1471.63,1471.62,1471.63,0.0,51.21,75525.6,1
2024-06-27,2024-06-27 11:32:00,1471.63,1471.65,1471.63,1471.65,0.0,51.21,75525.6,1
2024-06-27,2024-06-27 11:33:00,1471.65,1471.67,1471.65,1471.67,0.0,51.21,75525.6,1
2024-06-27,2024-06-27 11:34:00,1471.67,1471.68,1471.67,1471.68,0.0,51.21,75525.6,1
2024-06-27,2024-06-27 11:35:00,1471.68,1471.7,1471.68,1471.7,0.0,51.21,75525.6,1
2024-06-27,2024-06-27 11:36:00,1471.7,1471.72,1471.7,1471.72,0.0,51.21,75525.6,1
2024-06-27,2024-06-27 11:37:00,1471.72,1471.73,1471.72,1471.73,0.0,51.21,75525.6,1
2024-06-27,2024-06-27 11:38:00,1471.73,1471.75,1471.73,1471.75,0.0,51.21,75525.6,1
2024-06-27,2024-06-27 11:39:00,1471.75,1471.77,1471.75,1471.77,0.0,51.21,75525.6,1
2024-06-27,2024-06-27 11:40:00,1471.77,1471.78,1471.77,1471.78,0.0,51.21,75525.6,1
2024-06-27,2024-06-27 11:41:00,1471.78,1471.8,1471.78,1471.8,0.0,51.21,75525.6,1
2024-06-27,2024-06-27 11:42:00,1471.8,1471.82,1471.8,1471.82,0.0,51.21,75525.6,1
2024-06-27,2024-06-27 11:43:00,1471.82,1471.83,1471.82,1471.83,0.0,51.21,75525.6,1
2024-06-27,2024-06-27 11:44:00,1471.83,1471.85,1471.83,1471.85,0.0,51.21,75525.6,1
2024-06-27,2024-06-27 11:45:00,1471.85,1471.87,1471.85,1471.87,0.0,51.21,75525.6,1
2024-06-27,2024-06-27 11:46:00,1471.87,1471.88,1471.87,1471.88,0.0,51.21,75525.6,1
2024-06-27,2024-06-27 11:47:00,1471.88,1471.9,1471.88,1471.9,0.0,51.21,75525.6,1
2024-06-27,2024-06-27 11:48:00,1471.9,1471.92,1471.9,1471.92,0.0,51.21,75525.6,1
2024-06-27,2024-06-27 11:49:00,1471.92,1471.93,1471.92,1471.93,0.0,51.21,75525.6,1
2024-06-27,2024-06-27 11:50:00,1471.93,1471.95,1471.93,1471.95,0.0,51.21,75525.6,1
2024-06-27,2024-06-27 11:51:00,1471.95,1471.97,1471.95,1471.97,0.0,51.21,75525.6,1
2024-06-27,2024-06-27 11:52:00,1471.97,1471.98,1471.97,1471.98,0.0,51.21,75525.6,1
2024-06-27,2024-06-27 11:53:00,1471.98,1472.0,1471.98,1472.0,0.0,51.21,75525.6,1
2024-06-27,2024-06-27 11:54:00,1472.0,1472.02,1472.0,1472.02,0.0,51.21,75525.6,1
2024-06-27,2024-06-27 11:55:00,1472.02,1472.03,1472.02,1472.03,0.0,51.21,75525.6,1
2024-06-27,2024-06-27 11:56:00,1472.03,1472.05,1472.03,1472.05,0.0,51.21,75525.6,1
2024-06-27,2024-06-27 11:57:00,1472.05,1472.07,1472.05,1472.07,0.0,51.21,75525.6,1
2024-06-27,2024-06-27 11:58:00,1472.07,1472.08,1472.07,1472.08,0.0,51.21,75525.6,1
2024-06-27,2024-06-27 11:59:00,1472.08,1472.1,1472.08,1472.1,0.0,51.21,75525.6,1
2024-06-27,2024-06-27 12:00:00,1472.1,1472.12,1472.1,1472.12,0.0,51.21,75525.6,1
2024-06-27,2024-06-27 12:01:00,1472.12,1472.13,1472.12,1472.13,0.0,51.21,75525.6,1
2024-06-27,2024-06-27 12:02:00,1472.13,1472.15,1472.13,1472.15,0.0,51.21,75525.6,1
2024-06-27,2024-06-27 12:03:00,1472.15,1472.17,1472.15,1472.17,0.0,51.21,75525.6,1
2024-06-27,2024-06-27 12:04:00,1472.17,1472.18,1472.17,1472.18,0.0,51.21,75525.6,1
2024-06-27,2024-06-27 12:05:00,1472.18,1472.2,1472.18,1472.2,0.0,51.21,75525.6,1
2024-06-27,2024-06-27 12:06:00,1472.2,1472.22,1472.2,1472.22,0.0,51.21,75525.6,1
2024-06-27,2024-06-27 12:07:00,1472.22,1472.23,1472.22,1472.23,0.0,51.21,75525.6,1
2024-06-27,2024-06-27 12:08:00,1472.23,1472.25,1472.23,1472.25,0.0,51.21,75525.6,1
2024-06-27,2024-06-27 12:09:00,1472.25,1472.27,1472.25,1472.27,0.0,51.21,75525.6,1
2024-06-27,2024-06-27 12:10:00,1472.27,1472.28,1472.27,1472.28,0.0,51.21,75525.6,1
2024-06-27,2024-06-27 12:11:00,1472.28,1472.3,1472.28,1472.3,0.0,51.21,75525.6,1
2024-06-27,2024-06-27 12:12:00,1472.3,1472.32,1472.3,1472.32,0.0,51.21,75525.6,1
2024-06-27,2024-06-27 12:13:00,1472.32,1472.33,1472.32,1472.33,0.0,51.21,75525.6,1
2024-06-27,2024-06-27 12:14:00,1472.33,1472.35,1472.33,1472.35,0.0,51.21,75525.6,1
2024-06-27,2024-06-27 12:15:00,1472.35,1472.37,1472.35,1472.37,0.0,51.21,75525.6,1
2024-06-27,2024-06-27 12:16:00,1472.37,1472.38,1472.37,1472.38,0.0,51.21,75525.6,1
2024-06-27,2024-06-27 12:17:00,1472.38,1472.4,1472.38,1472.4,0.0,51.21,75525.6,1
2024-06-27,2024-06-27 12:18:00,1472.4,1472.42,1472.4,1472.42,0.0,51.21,75525.6,1
2024-06-27,2024-06-27 12:19:00,1472.42,1472.43,1472.42,1472.43,0.0,51.21,75525.6,1
2024-06-27,2024-06-27 12:20:00,1472.43,1472.45,1472.43,1472.45,0.0,51.21,75525.6,1
2024-06-27,2024-06-27 12:21:00,1472.45,1472.47,1472.45,1472.47,0.0,51.21,75525.6,1
2024-06-27,2024-06-27 12:22:00,1472.47,1472.48,1472.47,1472.48,0.0,51.21,75525.6,1
2024-06-27,2024-06-27 12:23:00,1472.48,1472.5,1472.48,1472.5,0.0,51.21,75525.6,1
2024-06-27,2024-06-27 12:24:00,1472.5,1472.52,1472.5,1472.52,0.0,51.21,75525.6,1
2024-06-27,2024-06-27 12:25:00,1472.52,1472.53,1472.52,1472.53,0.0,51.21,75525.6,1
2024-06-27,2024-06-27 12:26:00,1472.53,1472.55,1472.53,1472.55,0.0,51.21,75525.6,1
2024-06-27,2024-06-27 12:27:00,1472.55,1472.57,1472.55,1472.57,0.0,51.21,75525.6,1
2024-06-27,2024-06-27 12:28:00,1472.57,1472.58,1472.57,1472.58,0.0,51.21,75525.6,1
2024-06-27,2024-06-27 12:29:00,1472.58,1472.6,1472.58,1472.6,0.0,51.21,75525.6,1
2024-06-27,2024-06-27 12:30:00,1472.6,1472.62,1472.6,1472.62,0.0,51.21,75525.6,1
2024-06-27,2024-06-27 12:31:00,1472.62,1472.63,1472.62,1472.63,0.0,51.21,75525.6,1
2024-06-27,2024-06-27 12:32:00,1472.63,1472.65,1472.63,1472.65,0.0,51.21,75525.6,1
2024-06-27,2024-06-27 12:33:00,1472.65,1472.67,1472.65,1472.67,0.0,51.21,75525.6,1
2024-06-27,2024-06-27 12:34:00,1472.67,1472.68,1472.67,1472.68,0.0,51.21,75525.6,1
2024-06-27,2024-06-27 12:35:00,1472.68,1472.7,1472.68,1472.7,0.0,51.21,75525.6,1
2024-06-27,2024-06-27 12:36:00,1472.7,1472.72,1472.7,1472.72,0.0,51.21,75525.6,1
2024-06-27,2024-06-27 12:37:00,1472.72,1472.73,1472.72,1472.73,0.0,51.21,75525.6,1
2024-06-27,2024-06-27 12:38:00,1472.73,1472.75,1472.73,1472.75,0.0,51.21,75525.6,1
2024-06-27,2024-06-27 12:39:00,1472.75,1472.77,1472.75,1472.77,0.0,51.21,75525.6,1
2024-06-27,2024-06-27 12:40:00,1472.77,1472.78,1472.77,1472.78,0.0,51.21,75525.6,1
2024-06-27,2024-06-27 12:41:00,1472.78,1472.8,1472.78,1472.8,0.0,51.21,75525.6,1
2024-06-27,2024-06-27 12:42:00,1472.8,1472.82,1472.8,1472.82,0.0,51.21,75525.6,1
2024-06-27,2024-06-27 12:43:00,1472.82,1472.83,1472.82,1472.83,0.0,51.21,75525.6,1
2024-06-27,2024-06-27 12:44:00,1472.83,1472.85,1472.83,1472.85,0.0,51.21,75525.6,1
2024-06-27,2024-06-27 12:45:00,1472.85,1472.87,1472.85,1472.87,0.0,51.21,75525.6,1
2024-06-27,2024-06-27 12:46:00,1472.87,1472.88,1472.87,1472.88,0.0,51.21,75525.6,1
2024-06-27,2024-06-27 12:47:00,1472.88,1472.9,1472.88,1472.9,0.0,51.21,75525.6,1
2024-06-27,2024-06-27 12:48:00,1472.9,1472.92,1472.9,1472.92,0.0,51.21,75525.6,1
2024-06-27,2024-06-27 12:49:00,1472.92,1472.93,1472.92,1472.93,0.0,51.21,75525.6,1
2024-06-27,2024-06-27 12:50:00,1472.93,1472.95,1472.93,1472.95,0.0,51.21,75525.6,1
2024-06-27,2024-06-27 12:51:00,1472.95,1472.97,1472.95,1472.97,0.0,51.21,75525.6,1
2024-06-27,2024-06-27 12:52:00,1472.97,1472.98,1472.97,1472.98,0.0,51.21,75525.6,1
2024-06-27,2024-06-27 12:53:00,1472.98,1473.0,1472.98,1473.0,0.0,51.21,75525.6,1
2024-06-27,2024-06-27 12:54:00,1473.0,1473.02,1473.0,1473.02,0.0,51.21,75525.6,1
2024-06-27,2024-06-27 12:55:00,1473.02,1473.03,1473.02,1473.03,0.0,51.21,75525.6,1
2024-06-27,2024-06-27 12:56:00,1473.03,1473.05,1473.03,1473.05,0.0,51.21,75525.6,1
2024-06-27,2024-06-27 12:57:00,1473.05,1473.07,1473.05,1473.07,0.0,51.21,75525.6,1
2024-06-27,2024-06-27 12:58:00,1473.07,1473.08,1473.07,1473.08,0.0,51.21,75525.6,1
2024-06-27,2024-06-27 12:59:00,1473.08,1473.1,1473.08,1473.1,0.0,51.21,75525.6,1
2024-06-27,2024-06-27 13:00:00,1473.1,1495.0,1470.0,1473.12,0.0,51.21,75525.6,1
2024-06-27,2024-06-27 13:01:00,1473.12,1473.13,1473.12,1473.13,0.0,51.21,75525.6,1
2024-06-27,2024-06-27 13:02:00,1473.13,1473.15,1473.13,1473.15,0.0,51.21,75525.6,1
2024-06-27,2024-06-27 13:03:00,1473.15,1473.17,1473.15,1473.17,0.0,51.21,75525.6,1
2024-06-27,2024-06-27 13:04:00,1473.17,1473.18,1473.17,1473.18,0.0,51.21,75525.6,1
2024-06-27,2024-06-27 13:05:00,1473.18,1473.2,1473.18,1473.2,0.0,51.21,75525.6,1
2024-06-27,2024-06-27 13:06:00,1473.2,1473.22,1473.2,1473.22,0.0,51.21,75525.6,1
2024-06-27,2024-06-27 13:07:00,1473.22,1473.23,1473.22,1473.23,0.0,51.21,75525.6,1
2024-06-27,2024-06-27 13:08:00,1473.23,1473.25,1473.23,1473.25,0.0,51.21,75525.6,1
2024-06-27,2024-06-27 13:09:00,1473.25,1473.27,1473.25,1473.27,0.0,51.21,75525.6,1
2024-06-27,2024-06-27 13:10:00,1473.27,1473.28,1473.27,1473.28,0.0,51.21,75525.6,1
2024-06-27,2024-06-27 13:11:00,1473.28,1473.3,1473.28,1473.3,0.0,51.21,75525.6,1
2024-06-27,2024-06-27 13:12:00,1473.3,1473.32,1473.3,1473.32,0.0,51.21,75525.6,1
2024-06-27,2024-06-27 13:13:00,1473.32,1473.33,1473.32,1473.33,0.0,51.21,75525.6,1
2024-06-27,2024-06-27 13:14:00,1473.33,1473.35,1473.33,1473.35,0.0,51.21,75525.6,1
2024-06-27,2024-06-27 13:15:00,1473.35,1473.37,1473.35,1473.37,0.0,51.21,75525.6,1
2024-06-27,2024-06-27 13:16:00,1473.37,1473.38,1473.37,1473.38,0.0,51.21,75525.6,1
2024-06-27,2024-06-27 13:17:00,1473.38,1473.4,1473.38,1473.4,0.0,51.21,75525.6,1
2024-06-27,2024-06-27 13:18:00,1473.4,1473.42,1473.4,1473.42,0.0,51.21,75525.6,1
2024-06-27,2024-06-27 13:19:00,1473.42,1473.43,1473.42,1473.43,0.0,51.21,75525.6,1
2024-06-27,2024-06-27 13:20:00,1473.43,1473.45,1473.43,1473.45,0.0,51.21,75525.6,1
2024-06-27,2024-06-27 13:21:00,1473.45,1473.47,1473.45,1473.47,0.0,51.21,75525.6,1
2024-06-27,2024-06-27 13:22:00,1473.47,1473.48,1473.47,1473.48,0.0,51.21,75525.6,1
2024-06-27,2024-06-27 13:23:00,1473.48,1473.5,1473.48,1473.5,0.0,51.21,75525.6,1
2024-06-27,2024-06-27 13:24:00,1473.5,1473.52,1473.5,1473.52,0.0,51.21,75525.6,1
2024-06-27,2024-06-27 13:25:00,1473.52,1473.53,1473.52,1473.53,0.0,51.21,75525.6,1
2024-06-27,2024-06-27 13:26:00,1473.53,1473.55,1473.53,1473.55,0.0,51.21,75525.6,1
2024-06-27,2024-06-27 13:27:00,1473.55,1473.57,1473.55,1473.57,0.0,51.21,75525.6,1
2024-06-27,2024-06-27 13:28:00,1473.57,1473.58,1473.57,1473.58,0.0,51.21,75525.6,1
2024-06-27,2024-06-27 13:29:00,1473.58,1473.6,1473.58,1473.6,0.0,51.21,75525.6,1
2024-06-27,2024-06-27 13:30:00,1473.6,1473.62,1473.6,1473.62,0.0,51.21,75525.6,1
2024-06-27,2024-06-27 13:31:00,1473.62,1473.63,1473.62,1473.63,0.0,51.21,75525.6,1
2024-06-27,2024-06-27 13:32:00,1473.63,1473.65,1473.63,1473.65,0.0,51.21,75525.6,1
2024-06-27,2024-06-27 13:33:00,1473.65,1473.67,1473.65,1473.67,0.0,51.21,75525.6,1
2024-06-27,2024-06-27 13:34:00,1473.67,1473.68,1473.67,1473.68,0.0,51.21,75525.6,1
2024-06-27,2024-06-27 13:35:00,1473.68,1473.7,1473.68,1473.7,0.0,51.21,75525.6,1
2024-06-27,2024-06-27 13:36:00,1473.7,1473.72,1473.7,1473.72,0.0,51.21,75525.6,1
2024-06-27,2024-06-27 13:37:00,1473.72,1473.73,1473.72,1473.73,0.0,51.21,75525.6,1
2024-06-27,2024-06-27 13:38:00,1473.73,1473.75,1473.73,1473.75,0.0,51.21,75525.6,1
2024-06-27,2024-06-27 13:39:00,1473.75,1473.77,1473.75,1473.77,0.0,51.21,75525.6,1
2024-06-27,2024-06-27 13:40:00,1473.77,1473.78,1473.77,1473.78,0.0,51.21,75525.6,1
2024-06-27,2024-06-27 13:41:00,1473.78,1473.8,1473.78,1473.8,0.0,51.21,75525.6,1
2024-06-27,2024-06-27 13:42:00,1473.8,1473.82,1473.8,1473.82,0.0,51.21,75525.6,1
2024-06-27,2024-06-27 13:43:00,1473.82,1473.83,1473.82,1473.83,0.0,51.21,75525.6,1
2024-06-27,2024-06-27 13:44:00,1473.83,1473.85,1473.83,1473.85,0.0,51.21,75525.6,1
2024-06-27,2024-06-27 13:45:00,1473.85,1473.87,1473.85,1473.87,0.0,51.21,75525.6,1
2024-06-27,2024-06-27 13:46:00,1473.87,1473.88,1473.87,1473.88,0.0,51.21,75525.6,1
2024-06-27,2024-06-27 13:47:00,1473.88,1473.9,1473.88,1473.9,0.0,51.21,75525.6,1
2024-06-27,2024-06-27 13:48:00,1473.9,1473.92,1473.9,1473.92,0.0,51.21,75525.6,1
2024-06-27,2024-06-27 13:49:00,1473.92,1473.93,1473.92,1473.93,0.0,51.21,75525.6,1
2024-06-27,2024-06-27 13:50:00,1473.93,1473.95,1473.93,1473.95,0.0,51.21,75525.6,1
2024-06-27,2024-06-27 13:51:00,1473.95,1473.97,1473.95,1473.97,0.0,51.21,75525.6,1
2024-06-27,2024-06-27 13:52:00,1473.97,1473.98,1473.97,1473.98,0.0,51.21,75525.6,1
2024-06-27,2024-06-27 13:53:00,1473.98,1474.0,1473.98,1474.0,0.0,51.21,75525.6,1
2024-06-27,2024-06-27 13:54:00,1474.0,1474.02,1474.0,1474.02,0.0,51.21,75525.6,1
2024-06-27,2024-06-27 13:55:00,1474.02,1474.03,1474.02,1474.03,0.0,51.21,75525.6,1
2024-06-27,2024-06-27 13:56:00,1474.03,1474.05,1474.03,1474.05,0.0,51.21,75525.6,1
2024-06-27,2024-06-27 13:57:00,1474.05,1474.07,1474.05,1474.07,0.0,51.21,75525.6,1
2024-06-27,2024-06-27 13:58:00,1474.07,1474.08,1474.07,1474.08,0.0,51.21,75525.6,1
2024-06-27,2024-06-27 13:59:00,1474.08,1474.1,1474.08,1474.1,0.0,51.21,75525.6,1
2024-06-27,2024-06-27 14:00:00,1474.1,1474.12,1474.1,1474.12,0.0,51.21,75525.6,1
2024-06-27,2024-06-27 14:01:00,1474.12,1474.13,1474.12,1474.13,0.0,51.21,75525.6,1
2024-06-27,2024-06-27 14:02:00,1474.13,1474.15,1474.13,1474.15,0.0,51.21,75525.6,1
2024-06-27,2024-06-27 14:03:00,1474.15,1474.17,1474.15,1474.17,0.0,51.21,75525.6,1
2024-06-27,2024-06-27 14:04:00,1474.17,1474.18,1474.17,1474.18,0.0,51.21,75525.6,1
2024-06-27,2024-06-27 14:05:00,1474.18,1474.2,1474.18,1474.2,0.0,51.21,75525.6,1
2024-06-27,2024-06-27 14:06:00,1474.2,1474.22,1474.2,1474.22,0.0,51.21,75525.6,1
2024-06-27,2024-06-27 14:07:00,1474.22,1474.23,1474.22,1474.23,0.0,51.21,75525.6,1
2024-06-27,2024-06-27 14:08:00,1474.23,1474.25,1474.23,1474.25,0.0,51.21,75525.6,1
2024-06-27,2024-06-27 14:09:00,1474.25,1474.27,1474.25,1474.27,0.0,51.21,75525.6,1
2024-06-27,2024-06-27 14:10:00,1474.27,1474.28,1474.27,1474.28,0.0,51.21,75525.6,1
2024-06-27,2024-06-27 14:11:00,1474.28,1474.3,1474.28,1474.3,0.0,51.21,75525.6,1
2024-06-27,2024-06-27 14:12:00,1474.3,1474.32,1474.3,1474.32,0.0,51.21,75525.6,1
2024-06-27,2024-06-27 14:13:00,1474.32,1474.33,1474.32,1474.33,0.0,51.21,75525.6,1
2024-06-27,2024-06-27 14:14:00,1474.33,1474.35,1474.33,1474.35,0.0,51.21,75525.6,1
2024-06-27,2024-06-27 14:15:00,1474.35,1474.37,1474.35,1474.37,0.0,51.21,75525.6,1
2024-06-27,2024-06-27 14:16:00,1474.37,1474.38,1474.37,1474.38,0.0,51.21,75525.6,1
2024-06-27,2024-06-27 14:17:00,1474.38,1474.4,1474.38,1474.4,0.0,51.21,75525.6,1
2024-06-27,2024-06-27 14:18:00,1474.4,1474.42,1474.4,1474.42,0.0,51.21,75525.6,1
2024-06-27,2024-06-27 14:19:00,1474.42,1474.43,1474.42,1474.43,0.0,51.21,75525.6,1
2024-06-27,2024-06-27 14:20:00,1474.43,1474.45,1474.43,1474.45,0.0,51.21,75525.6,1
2024-06-27,2024-06-27 14:21:00,1474.45,1474.47,1474.45,1474.47,0.0,51.21,75525.6,1
2024-06-27,2024-06-27 14:22:00,1474.47,1474.48,1474.47,1474.48,0.0,51.21,75525.6,1
2024-06-27,2024-06-27 14:23:00,1474.48,1474.5,1474.48,1474.5,0.0,51.21,75525.6,1
2024-06-27,2024-06-27 14:24:00,1474.5,1474.52,1474.5,1474.52,0.0,51.21,75525.6,1
2024-06-27,2024-06-27 14:25:00,1474.52,1474.53,1474.52,1474.53,0.0,51.21,75525.6,1
2024-06-27,2024-06-27 14:26:00,1474.53,1474.55,1474.53,1474.55,0.0,51.21,75525.6,1
2024-06-27,2024-06-27 14:27:00,1474.55,1474.57,1474.55,1474.57,0.0,51.21,75525.6,1
2024-06-27,2024-06-27 14:28:00,1474.57,1474.58,1474.57,1474.58,0.0,51.21,75525.6,1
2024-06-27,2024-06-27 14:29:00,1474.58,1474.6,1474.58,1474.6,0.0,51.21,75525.6,1
2024-06-27,2024-06-27 14:30:00,1474.6,1474.62,1474.6,1474.62,0.0,51.21,75525.6,1
2024-06-27,2024-06-27 14:31:00,1474.62,1474.63,1474.62,1474.63,0.0,51.21,75525.6,1
2024-06-27,2024-06-27 14:32:00,1474.63,1474.65,1474.63,1474.65,0.0,51.21,75525.6,1
2024-06-27,2024-06-27 14:33:00,1474.65,1474.67,1474.65,1474.67,0.0,51.21,75525.6,1
2024-06-27,2024-06-27 14:34:00,1474.67,1474.68,1474.67,1474.68,0.0,51.21,75525.6,1
2024-06-27,2024-06-27 14:35:00,1474.68,1474.7,1474.68,1474.7,0.0,51.21,75525.6,1
2024-06-27,2024-06-27 14:36:00,1474.7,1474.72,1474.7,1474.72,0.0,51.21,75525.6,1
2024-06-27,2024-06-27 14:37:00,1474.72,1474.73,1474.72,1474.73,0.0,51.21,75525.6,1
2024-06-27,2024-06-27 14:38:00,1474.73,1474.75,1474.73,1474.75,0.0,51.21,75525.6,1
2024-06-27,2024-06-27 14:39:00,1474.75,1474.77,1474.75,1474.77,0.0,51.21,75525.6,1
2024-06-27,2024-06-27 14:40:00,1474.77,1474.78,1474.77,1474.78,0.0,51.21,75525.6,1
2024-06-27,2024-06-27 14:41:00,1474.78,1474.8,1474.78,1474.8,0.0,51.21,75525.6,1
2024-06-27,2024-06-27 14:42:00,1474.8,1474.82,1474.8,1474.82,0.0,51.21,75525.6,1
2024-06-27,2024-06-27 14:43:00,1474.82,1474.83,1474.82,1474.83,0.0,51.21,75525.6,1
2024-06-27,2024-06-27 14:44:00,1474.83,1474.85,1474.83,1474.85,0.0,51.21,75525.6,1
2024-06-27,2024-06-27 14:45:00,1474.85,1474.87,1474.85,1474.87,0.0,51.21,75525.6,1
2024-06-27,2024-06-27 14:46:00,1474.87,1474.88,1474.87,1474.88,0.0,51.21,75525.6,1
2024-06-27,2024-06-27 14:47:00,1474.88,1474.9,1474.88,1474.9,0.0,51.21,75525.6,1
2024-06-27,2024-06-27 14:48:00,1474.9,1474.92,1474.9,1474.92,0.0,51.21,75525.6,1
2024-06-27,2024-06-27 14:49:00,1474.92,1474.93,1474.92,1474.93,0.0,51.21,75525.6,1
2024-06-27,2024-06-27 14:50:00,1474.93,1474.95,1474.93,1474.95,0.0,51.21,75525.6,1
2024-06-27,2024-06-27 14:51:00,1474.95,1474.97,1474.95,1474.97,0.0,51.21,75525.6,1
2024-06-27,2024-06-27 14:52:00,1474.97,1474.98,1474.97,1474.98,0.0,51.21,75525.6,1
2024-06-27,2024-06-27 14:53:00,1474.98,1475.0,1474.98,1475.0,0.0,51.21,75525.6,1
2024-06-27,2024-06-27 14:54:00,1475.0,1475.02,1475.0,1475.02,0.0,51.21,75525.6,1
2024-06-27,2024-06-27 14:55:00,1475.02,1475.03,1475.02,1475.03,0.0,51.21,75525.6,1
2024-06-27,2024-06-27 14:56:00,1475.03,1475.05,1475.03,1475.05,0.0,51.21,75525.6,1
2024-06-27,2024-06-27 14:57:00,1475.05,1475.07,1475.05,1475.07,0.0,51.21,75525.6,1
2024-06-27,2024-06-27 14:58:00,1475.07,1475.08,1475.07,1475.08,0.0,51.21,75525.6,1
2024-06-27,2024-06-27 14:59:00,1475.08,1475.1,1475.08,1475.1,0.0,51.21,75525.6,1
2024-06-27,2024-06-27 15:00:00,1475.1,1495.0,1470.0,1475.1,0.0,51.21,75525.6,0
2024-06-30,2024-06-30 11:00:00,1490.0,1492.7,1478.6,1489.93,-0.0,27.64,40475.15,-1
2024-06-30,2024-06-30 11:01:00,1489.93,1489.93,1489.86,1489.86,-0.0,27.64,40475.15,-1
2024-06-30,2024-06-30 11:02:00,1489.86,1489.86,1489.79,1489.79,-0.0,27.64,40475.15,-1
2024-06-30,2024-06-30 11:03:00,1489.79,1489.79,1489.71,1489.71,-0.01,27.64,40475.15,-1
2024-06-30,2024-06-30 11:04:00,1489.71,1489.71,1489.64,1489.64,-0.0,27.64,40475.15,-1
2024-06-30,2024-06-30 11:05:00,1489.64,1489.64,1489.57,1489.57,-0.0,27.64,40475.15,-1
2024-06-30,2024-06-30 11:06:00,1489.57,1489.57,1489.5,1489.5,-0.0,27.64,40475.15,-1
2024-06-30,2024-06-30 11:07:00,1489.5,1489.5,1489.43,1489.43,-0.0,27.64,40475.15,-1
2024-06-30,2024-06-30 11:08:00,1489.43,1489.43,1489.36,1489.36,-0.0,27.64,40475.15,-1
2024-06-30,2024-06-30 11:09:00,1489.36,1489.36,1489.29,1489.29,-0.0,27.64,40475.15,-1
2024-06-30,2024-06-30 11:10:00,1489.29,1489.29,1489.22,1489.22,-0.0,27.64,40475.15,-1
2024-06-30,2024-06-30 11:11:00,1489.22,1489.22,1489.14,1489.14,-0.01,27.64,40475.15,-1
2024-06-30,2024-06-30 11:12:00,1489.14,1489.14,1489.07,1489.07,-0.0,27.64,40475.15,-1
2024-06-30,2024-06-30 11:13:00,1489.07,1489.07,1489.0,1489.0,-0.0,27.64,40475.15,-1
2024-06-30,2024-06-30 11:14:00,1489.0,1489.0,1488.93,1488.93,-0.0,27.64,40475.15,-1
2024-06-30,2024-06-30 11:15:00,1488.93,1488.93,1488.86,1488.86,-0.0,27.64,40475.15,-1
2024-06-30,2024-06-30 11:16:00,1488.86,1488.86,1488.79,1488.79,-0.0,27.64,40475.15,-1
2024-06-30,2024-06-30 11:17:00,1488.79,1488.79,1488.72,1488.72,-0.0,27.64,40475.15,-1
2024-06-30,2024-06-30 11:18:00,1488.72,1488.72,1488.65,1488.65,-0.0,27.64,40475.15,-1
2024-06-30,2024-06-30 11:19:00,1488.65,1488.65,1488.58,1488.58,-0.0,27.64,40475.15,-1
2024-06-30,2024-06-30 11:20:00,1488.58,1488.58,1488.5,1488.5,-0.01,27.64,40475.15,-1
2024-06-30,2024-06-30 11:21:00,1488.5,1488.5,1488.43,1488.43,-0.0,27.64,40475.15,-1
2024-06-30,2024-06-30 11:22:00,1488.43,1488.43,1488.36,1488.36,-0.0,27.64,40475.15,-1
2024-06-30,2024-06-30 11:23:00,1488.36,1488.36,1488.29,1488.29,-0.0,27.64,40475.15,-1
2024-06-30,2024-06-30 11:24:00,1488.29,1488.29,1488.22,1488.22,-0.0,27.64,40475.15,-1
2024-06-30,2024-06-30 11:25:00,1488.22,1488.22,1488.15,1488.15,-0.0,27.64,40475.15,-1
2024-06-30,2024-06-30 11:26:00,1488.15,1488.15,1488.08,1488.08,-0.0,27.64,40475.15,-1
2024-06-30,2024-06-30 11:27:00,1488.08,1488.08,1488.01,1488.01,-0.0,27.64,40475.15,-1
2024-06-30,2024-06-30 11:28:00,1488.01,1488.01,1487.93,1487.93,-0.01,27.64,40475.15,-1
2024-06-30,2024-06-30 11:29:00,1487.93,1487.93,1487.86,1487.86,-0.0,27.64,40475.15,-1
2024-06-30,2024-06-30 11:30:00,1487.86,1487.86,1487.79,1487.79,-0.0,27.64,40475.15,-1
2024-06-30,2024-06-30 11:31:00,1487.79,1487.79,1487.72,1487.72,-0.0,27.64,40475.15,-1
2024-06-30,2024-06-30 11:32:00,1487.72,1487.72,1487.65,1487.65,-0.0,27.64,40475.15,-1
2024-06-30,2024-06-30 11:33:00,1487.65,1487.65,1487.58,1487.58,-0.0,27.64,40475.15,-1
2024-06-30,2024-06-30 11:34:00,1487.58,1487.58,1487.51,1487.51,-0.0,27.64,40475.15,-1
2024-06-30,2024-06-30 11:35:00,1487.51,1487.51,1487.43,1487.43,-0.01,27.64,40475.15,-1
2024-06-30,2024-06-30 11:36:00,1487.43,1487.43,1487.36,1487.36,-0.0,27.64,40475.15,-1
2024-06-30,2024-06-30 11:37:00,1487.36,1487.36,1487.29,1487.29,-0.0,27.64,40475.15,-1
2024-06-30,2024-06-30 11:38:00,1487.29,1487.29,1487.22,1487.22,-0.0,27.64,40475.15,-1
2024-06-30,2024-06-30 11:39:00,1487.22,1487.22,1487.15,1487.15,-0.0,27.64,40475.15,-1
2024-06-30,2024-06-30 11:40:00,1487.15,1487.15,1487.08,1487.08,-0.0,27.64,40475.15,-1
2024-06-30,2024-06-30 11:41:00,1487.08,1487.08,1487.01,1487.01,-0.0,27.64,40475.15,-1
2024-06-30,2024-06-30 11:42:00,1487.01,1487.01,1486.94,1486.94,-0.0,27.64,40475.15,-1
2024-06-30,2024-06-30 11:43:00,1486.94,1486.94,1486.87,1486.87,-0.0,27.64,40475.15,-1
2024-06-30,2024-06-30 11:44:00,1486.87,1486.87,1486.79,1486.79,-0.01,27.64,40475.15,-1
2024-06-30,2024-06-30 11:45:00,1486.79,1486.79,1486.72,1486.72,-0.0,27.64,40475.15,-1
2024-06-30,2024-06-30 11:46:00,1486.72,1486.72,1486.65,1486.65,-0.0,27.64,40475.15,-1
2024-06-30,2024-06-30 11:47:00,1486.65,1486.65,1486.58,1486.58,-0.0,27.64,40475.15,-1
2024-06-30,2024-06-30 11:48:00,1486.58,1486.58,1486.51,1486.51,-0.0,27.64,40475.15,-1
2024-06-30,2024-06-30 11:49:00,1486.51,1486.51,1486.44,1486.44,-0.0,27.64,40475.15,-1
2024-06-30,2024-06-30 11:50:00,1486.44,1486.44,1486.37,1486.37,-0.0,27.64,40475.15,-1
2024-06-30,2024-06-30 11:51:00,1486.37,1486.37,1486.3,1486.3,-0.0,27.64,40475.15,-1
2024-06-30,2024-06-30 11:52:00,1486.3,1486.3,1486.22,1486.22,-0.01,27.64,40475.15,-1
2024-06-30,2024-06-30 11:53:00,1486.22,1486.22,1486.15,1486.15,-0.0,27.64,40475.15,-1
2024-06-30,2024-06-30 11:54:00,1486.15,1486.15,1486.08,1486.08,-0.0,27.64,40475.15,-1
2024-06-30,2024-06-30 11:55:00,1486.08,1486.08,1486.01,1486.01,-0.0,27.64,40475.15,-1
2024-06-30,2024-06-30 11:56:00,1486.01,1486.01,1485.94,1485.94,-0.0,27.64,40475.15,-1
2024-06-30,2024-06-30 11:57:00,1485.94,1485.94,1485.87,1485.87,-0.0,27.64,40475.15,-1
2024-06-30,2024-06-30 11:58:00,1485.87,1485.87,1485.8,1485.8,-0.0,27.64,40475.15,-1
2024-06-30,2024-06-30 11:59:00,1485.8,1485.8,1485.72,1485.72,-0.01,27.64,40475.15,-1
2024-06-30,2024-06-30 12:00:00,1485.72,1485.72,1485.65,1485.65,-0.0,27.64,40475.15,-1
2024-06-30,2024-06-30 12:01:00,1485.65,1485.65,1485.58,1485.58,-0.0,27.64,40475.15,-1
2024-06-30,2024-06-30 12:02:00,1485.58,1485.58,1485.51,1485.51,-0.0,27.64,40475.15,-1
2024-06-30,2024-06-30 12:03:00,1485.51,1485.51,1485.44,1485.44,-0.0,27.64,40475.15,-1
2024-06-30,2024-06-30 12:04:00,1485.44,1485.44,1485.37,1485.37,-0.0,27.64,40475.15,-1
2024-06-30,2024-06-30 12:05:00,1485.37,1485.37,1485.3,1485.3,-0.0,27.64,40475.15,-1
2024-06-30,2024-06-30 12:06:00,1485.3,1485.3,1485.23,1485.23,-0.0,27.64,40475.15,-1
2024-06-30,2024-06-30 12:07:00,1485.23,1485.23,1485.15,1485.15,-0.01,27.64,40475.15,-1
2024-06-30,2024-06-30 12:08:00,1485.15,1485.15,1485.08,1485.08,-0.0,27.64,40475.15,-1
2024-06-30,2024-06-30 12:09:00,1485.08,1485.08,1485.01,1485.01,-0.0,27.64,40475.15,-1
2024-06-30,2024-06-30 12:10:00,1485.01,1485.01,1484.94,1484.94,-0.0,27.64,40475.15,-1
2024-06-30,2024-06-30 12:11:00,1484.94,1484.94,1484.87,1484.87,-0.0,27.64,40475.15,-1
2024-06-30,2024-06-30 12:12:00,1484.87,1484.87,1484.8,1484.8,-0.0,27.64,40475.15,-1
2024-06-30,2024-06-30 12:13:00,1484.8,1484.8,1484.73,1484.73,-0.0,27.64,40475.15,-1
2024-06-30,2024-06-30 12:14:00,1484.73,1484.73,1484.66,1484.66,-0.0,27.64,40475.15,-1
2024-06-30,2024-06-30 12:15:00,1484.66,1484.66,1484.59,1484.59,-0.0,27.64,40475.15,-1
2024-06-30,2024-06-30 12:16:00,1484.59,1484.59,1484.51,1484.51,-0.01,27.64,40475.15,-1
2024-06-30,2024-06-30 12:17:00,1484.51,1484.51,1484.44,1484.44,-0.0,27.64,40475.15,-1
2024-06-30,2024-06-30 12:18:00,1484.44,1484.44,1484.37,1484.37,-0.0,27.64,40475.15,-1
2024-06-30,2024-06-30 12:19:00,1484.37,1484.37,1484.3,1484.3,-0.0,27.64,40475.15,-1
2024-06-30,2024-06-30 12:20:00,1484.3,1484.3,1484.23,1484.23,-0.0,27.64,40475.15,-1
2024-06-30,2024-06-30 12:21:00,1484.23,1484.23,1484.16,1484.16,-0.0,27.64,40475.15,-1
2024-06-30,2024-06-30 12:22:00,1484.16,1484.16,1484.09,1484.09,-0.0,27.64,40475.15,-1
2024-06-30,2024-06-30 12:23:00,1484.09,1484.09,1484.02,1484.02,-0.0,27.64,40475.15,-1
2024-06-30,2024-06-30 12:24:00,1484.02,1484.02,1483.94,1483.94,-0.01,27.64,40475.15,-1
2024-06-30,2024-06-30 12:25:00,1483.94,1483.94,1483.87,1483.87,-0.0,27.64,40475.15,-1
2024-06-30,2024-06-30 12:26:00,1483.87,1483.87,1483.8,1483.8,-0.0,27.64,40475.15,-1
2024-06-30,2024-06-30 12:27:00,1483.8,1483.8,1483.73,1483.73,-0.0,27.64,40475.15,-1
2024-06-30,2024-06-30 12:28:00,1483.73,1483.73,1483.66,1483.66,-0.0,27.64,40475.15,-1
2024-06-30,2024-06-30 12:29:00,1483.66,1483.66,1483.59,1483.59,-0.0,27.64,40475.15,-1
2024-06-30,2024-06-30 12:30:00,1483.59,1483.59,1483.52,1483.52,-0.0,27.64,40475.15,-1
2024-06-30,2024-06-30 12:31:00,1483.52,1483.52,1483.44,1483.44,-0.01,27.64,40475.15,-1
2024-06-30,2024-06-30 12:32:00,1483.44,1483.44,1483.37,1483.37,-0.0,27.64,40475.15,-1
2024-06-30,2024-06-30 12:33:00,1483.37,1483.37,1483.3,1483.3,-0.0,27.64,40475.15,-1
2024-06-30,2024-06-30 12:34:00,1483.3,1483.3,1483.23,1483.23,-0.0,27.64,40475.15,-1
2024-06-30,2024-06-30 12:35:00,1483.23,1483.23,1483.16,1483.16,-0.0,27.64,40475.15,-1
2024-06-30,2024-06-30 12:36:00,1483.16,1483.16,1483.09,1483.09,-0.0,27.64,40475.15,-1
2024-06-30,2024-06-30 12:37:00,1483.09,1483.09,1483.02,1483.02,-0.0,27.64,40475.15,-1
2024-06-30,2024-06-30 12:38:00,1483.02,1483.02,1482.95,1482.95,-0.0,27.64,40475.15,-1
2024-06-30,2024-06-30 12:39:00,1482.95,1482.95,1482.88,1482.88,-0.0,27.64,40475.15,-1
2024-06-30,2024-06-30 12:40:00,1482.88,1482.88,1482.8,1482.8,-0.01,27.64,40475.15,-1
2024-06-30,2024-06-30 12:41:00,1482.8,1482.8,1482.73,1482.73,-0.0,27.64,40475.15,-1
2024-06-30,2024-06-30 12:42:00,1482.73,1482.73,1482.66,1482.66,-0.0,27.64,40475.15,-1
2024-06-30,2024-06-30 12:43:00,1482.66,1482.66,1482.59,1482.59,-0.0,27.64,40475.15,-1
2024-06-30,2024-06-30 12:44:00,1482.59,1482.59,1482.52,1482.52,-0.0,27.64,40475.15,-1
2024-06-30,2024-06-30 12:45:00,1482.52,1482.52,1482.45,1482.45,-0.0,27.64,40475.15,-1
2024-06-30,2024-06-30 12:46:00,1482.45,1482.45,1482.38,1482.38,-0.0,27.64,40475.15,-1
2024-06-30,2024-06-30 12:47:00,1482.38,1482.38,1482.31,1482.31,-0.0,27.64,40475.15,-1
2024-06-30,2024-06-30 12:48:00,1482.31,1482.31,1482.23,1482.23,-0.01,27.64,40475.15,-1
2024-06-30,2024-06-30 12:49:00,1482.23,1482.23,1482.16,1482.16,-0.0,27.64,40475.15,-1
2024-06-30,2024-06-30 12:50:00,1482.16,1482.16,1482.09,1482.09,-0.0,27.64,40475.15,-1
2024-06-30,2024-06-30 12:51:00,1482.09,1482.09,1482.02,1482.02,-0.0,27.64,40475.15,-1
2024-06-30,2024-06-30 12:52:00,1482.02,1482.02,1481.95,1481.95,-0.0,27.64,40475.15,-1
2024-06-30,2024-06-30 12:53:00,1481.95,1481.95,1481.88,1481.88,-0.0,27.64,40475.15,-1
2024-06-30,2024-06-30 12:54:00,1481.88,1481.88,1481.81,1481.81,-0.0,27.64,40475.15,-1
2024-06-30,2024-06-30 12:55:00,1481.81,1481.81,1481.74,1481.74,-0.0,27.64,40475.15,-1
2024-06-30,2024-06-30 12:56:00,1481.74,1481.74,1481.66,1481.66,-0.01,27.64,40475.15,-1
2024-06-30,2024-06-30 12:57:00,1481.66,1481.66,1481.59,1481.59,-0.0,27.64,40475.15,-1
2024-06-30,2024-06-30 12:58:00,1481.59,1481.59,1481.52,1481.52,-0.0,27.64,40475.15,-1
2024-06-30,2024-06-30 12:59:00,1481.52,1481.52,1481.45,1481.45,-0.0,27.64,40475.15,-1
2024-06-30,2024-06-30 13:00:00,1481.45,1499.0,1452.0,1481.38,-0.0,27.64,40475.15,-1
2024-06-30,2024-06-30 13:01:00,1481.38,1481.38,1481.31,1481.31,-0.0,27.64,40475.15,-1
2024-06-30,2024-06-30 13:02:00,1481.31,1481.31,1481.24,1481.24,-0.0,27.64,40475.15,-1
2024-06-30,2024-06-30 13:03:00,1481.24,1481.24,1481.16,1481.16,-0.01,27.64,40475.15,-1
2024-06-30,2024-06-30 13:04:00,1481.16,1481.16,1481.09,1481.09,-0.0,27.64,40475.15,-1
2024-06-30,2024-06-30 13:05:00,1481.09,1481.09,1481.02,1481.02,-0.0,27.64,40475.15,-1
2024-06-30,2024-06-30 13:06:00,1481.02,1481.02,1480.95,1480.95,-0.0,27.64,40475.15,-1
2024-06-30,2024-06-30 13:07:00,1480.95,1480.95,1480.88,1480.88,-0.0,27.64,40475.15,-1
2024-06-30,2024-06-30 13:08:00,1480.88,1480.88,1480.81,1480.81,-0.0,27.64,40475.15,-1
2024-06-30,2024-06-30 13:09:00,1480.81,1480.81,1480.74,1480.74,-0.0,27.64,40475.15,-1
2024-06-30,2024-06-30 13:10:00,1480.74,1480.74,1480.67,1480.67,-0.0,27.64,40475.15,-1
2024-06-30,2024-06-30 13:11:00,1480.67,1480.67,1480.6,1480.6,-0.0,27.64,40475.15,-1
2024-06-30,2024-06-30 13:12:00,1480.6,1480.6,1480.52,1480.52,-0.01,27.64,40475.15,-1
2024-06-30,2024-06-30 13:13:00,1480.52,1480.52,1480.45,1480.45,-0.0,27.64,40475.15,-1
2024-06-30,2024-06-30 13:14:00,1480.45,1480.45,1480.38,1480.38,-0.0,27.64,40475.15,-1
2024-06-30,2024-06-30 13:15:00,1480.38,1480.38,1480.31,1480.31,-0.0,27.64,40475.15,-1
2024-06-30,2024-06-30 13:16:00,1480.31,1480.31,1480.24,1480.24,-0.0,27.64,40475.15,-1
2024-06-30,2024-06-30 13:17:00,1480.24,1480.24,1480.17,1480.17,-0.0,27.64,40475.15,-1
2024-06-30,2024-06-30 13:18:00,1480.17,1480.17,1480.1,1480.1,-0.0,27.64,40475.15,-1
2024-06-30,2024-06-30 13:19:00,1480.1,1480.1,1480.03,1480.03,-0.0,27.64,40475.15,-1
2024-06-30,2024-06-30 13:20:00,1480.03,1480.03,1479.95,1479.95,-0.01,27.64,40475.15,-1
2024-06-30,2024-06-30 13:21:00,1479.95,1479.95,1479.88,1479.88,-0.0,27.64,40475.15,-1
2024-06-30,2024-06-30 13:22:00,1479.88,1479.88,1479.81,1479.81,-0.0,27.64,40475.15,-1
2024-06-30,2024-06-30 13:23:00,1479.81,1479.81,1479.74,1479.74,-0.0,27.64,40475.15,-1
2024-06-30,2024-06-30 13:24:00,1479.74,1479.74,1479.67,1479.67,-0.0,27.64,40475.15,-1
2024-06-30,2024-06-30 13:25:00,1479.67,1479.67,1479.6,1479.6,-0.0,27.64,40475.15,-1
2024-06-30,2024-06-30 13:26:00,1479.6,1479.6,1479.53,1479.53,-0.0,27.64,40475.15,-1
2024-06-30,2024-06-30 13:27:00,1479.53,1479.53,1479.46,1479.46,-0.0,27.64,40475.15,-1
2024-06-30,2024-06-30 13:28:00,1479.46,1479.46,1479.38,1479.38,-0.01,27.64,40475.15,-1
2024-06-30,2024-06-30 13:29:00,1479.38,1479.38,1479.31,1479.31,-0.0,27.64,40475.15,-1
2024-06-30,2024-06-30 13:30:00,1479.31,1479.31,1479.24,1479.24,-0.0,27.64,40475.15,-1
2024-06-30,2024-06-30 13:31:00,1479.24,1479.24,1479.17,1479.17,-0.0,27.64,40475.15,-1
2024-06-30,2024-06-30 13:32:00,1479.17,1479.17,1479.1,1479.1,-0.0,27.64,40475.15,-1
2024-06-30,2024-06-30 13:33:00,1479.1,1479.1,1479.03,1479.03,-0.0,27.64,40475.15,-1
2024-06-30,2024-06-30 13:34:00,1479.03,1479.03,1478.96,1478.96,-0.0,27.64,40475.15,-1
2024-06-30,2024-06-30 13:35:00,1478.96,1478.96,1478.88,1478.88,-0.01,27.64,40475.15,-1
2024-06-30,2024-06-30 13:36:00,1478.88,1478.88,1478.81,1478.81,-0.0,27.64,40475.15,-1
2024-06-30,2024-06-30 13:37:00,1478.81,1478.81,1478.74,1478.74,-0.0,27.64,40475.15,-1
2024-06-30,2024-06-30 13:38:00,1478.74,1478.74,1478.67,1478.67,-0.0,27.64,40475.15,-1
2024-06-30,2024-06-30 13:39:00,1478.67,1478.67,1478.6,1478.6,-0.0,27.64,40475.15,-1
2024-06-30,2024-06-30 13:40:00,1478.6,1478.6,1478.53,1478.53,-0.0,27.64,40475.15,-1
2024-06-30,2024-06-30 13:41:00,1478.53,1478.53,1478.46,1478.46,-0.0,27.64,40475.15,-1
2024-06-30,2024-06-30 13:42:00,1478.46,1478.46,1478.39,1478.39,-0.0,27.64,40475.15,-1
2024-06-30,2024-06-30 13:43:00,1478.39,1478.39,1478.32,1478.32,-0.0,27.64,40475.15,-1
2024-06-30,2024-06-30 13:44:00,1478.32,1478.32,1478.24,1478.24,-0.01,27.64,40475.15,-1
2024-06-30,2024-06-30 13:45:00,1478.24,1478.24,1478.17,1478.17,-0.0,27.64,40475.15,-1
2024-06-30,2024-06-30 13:46:00,1478.17,1478.17,1478.1,1478.1,-0.0,27.64,40475.15,-1
2024-06-30,2024-06-30 13:47:00,1478.1,1478.1,1478.03,1478.03,-0.0,27.64,40475.15,-1
2024-06-30,2024-06-30 13:48:00,1478.03,1478.03,1477.96,1477.96,-0.0,27.64,40475.15,-1
2024-06-30,2024-06-30 13:49:00,1477.96,1477.96,1477.89,1477.89,-0.0,27.64,40475.15,-1
2024-06-30,2024-06-30 13:50:00,1477.89,1477.89,1477.82,1477.82,-0.0,27.64,40475.15,-1
2024-06-30,2024-06-30 13:51:00,1477.82,1477.82,1477.75,1477.75,-0.0,27.64,40475.15,-1
2024-06-30,2024-06-30 13:52:00,1477.75,1477.75,1477.67,1477.67,-0.01,27.64,40475.15,-1
2024-06-30,2024-06-30 13:53:00,1477.67,1477.67,1477.6,1477.6,-0.0,27.64,40475.15,-1
2024-06-30,2024-06-30 13:54:00,1477.6,1477.6,1477.53,1477.53,-0.0,27.64,40475.15,-1
2024-06-30,2024-06-30 13:55:00,1477.53,1477.53,1477.46,1477.46,-0.0,27.64,40475.15,-1
2024-06-30,2024-06-30 13:56:00,1477.46,1477.46,1477.39,1477.39,-0.0,27.64,40475.15,-1
2024-06-30,2024-06-30 13:57:00,1477.39,1477.39,1477.32,1477.32,-0.0,27.64,40475.15,-1
2024-06-30,2024-06-30 13:58:00,1477.32,1477.32,1477.25,1477.25,-0.0,27.64,40475.15,-1
2024-06-30,2024-06-30 13:59:00,1477.25,1477.25,1477.18,1477.18,-0.0,27.64,40475.15,-1
2024-06-30,2024-06-30 14:00:00,1477.18,1477.18,1477.1,1477.1,-0.01,27.64,40475.15,-1
2024-06-30,2024-06-30 14:01:00,1477.1,1477.1,1477.03,1477.03,-0.0,27.64,40475.15,-1
2024-06-30,2024-06-30 14:02:00,1477.03,1477.03,1476.96,1476.96,-0.0,27.64,40475.15,-1
2024-06-30,2024-06-30 14:03:00,1476.96,1476.96,1476.89,1476.89,-0.0,27.64,40475.15,-1
2024-06-30,2024-06-30 14:04:00,1476.89,1476.89,1476.82,1476.82,-0.0,27.64,40475.15,-1
2024-06-30,2024-06-30 14:05:00,1476.82,1476.82,1476.75,1476.75,-0.0,27.64,40475.15,-1
2024-06-30,2024-06-30 14:06:00,1476.75,1476.75,1476.68,1476.68,-0.0,27.64,40475.15,-1
2024-06-30,2024-06-30 14:07:00,1476.68,1476.68,1476.61,1476.61,-0.0,27.64,40475.15,-1
2024-06-30,2024-06-30 14:08:00,1476.61,1476.61,1476.53,1476.53,-0.01,27.64,40475.15,-1
2024-06-30,2024-06-30 14:09:00,1476.53,1476.53,1476.46,1476.46,-0.0,27.64,40475.15,-1
2024-06-30,2024-06-30 14:10:00,1476.46,1476.46,1476.39,1476.39,-0.0,27.64,40475.15,-1
2024-06-30,2024-06-30 14:11:00,1476.39,1476.39,1476.32,1476.32,-0.0,27.64,40475.15,-1
2024-06-30,2024-06-30 14:12:00,1476.32,1476.32,1476.25,1476.25,-0.0,27.64,40475.15,-1
2024-06-30,2024-06-30 14:13:00,1476.25,1476.25,1476.18,1476.18,-0.0,27.64,40475.15,-1
2024-06-30,2024-06-30 14:14:00,1476.18,1476.18,1476.11,1476.11,-0.0,27.64,40475.15,-1
2024-06-30,2024-06-30 14:15:00,1476.11,1476.11,1476.04,1476.04,-0.0,27.64,40475.15,-1
2024-06-30,2024-06-30 14:16:00,1476.04,1476.04,1475.96,1475.96,-0.01,27.64,40475.15,-1
2024-06-30,2024-06-30 14:17:00,1475.96,1475.96,1475.89,1475.89,-0.0,27.64,40475.15,-1
2024-06-30,2024-06-30 14:18:00,1475.89,1475.89,1475.82,1475.82,-0.0,27.64,40475.15,-1
2024-06-30,2024-06-30 14:19:00,1475.82,1475.82,1475.75,1475.75,-0.0,27.64,40475.15,-1
2024-06-30,2024-06-30 14:20:00,1475.75,1475.75,1475.68,1475.68,-0.0,27.64,40475.15,-1
2024-06-30,2024-06-30 14:21:00,1475.68,1475.68,1475.61,1475.61,-0.0,27.64,40475.15,-1
2024-06-30,2024-06-30 14:22:00,1475.61,1475.61,1475.54,1475.54,-0.0,27.64,40475.15,-1
2024-06-30,2024-06-30 14:23:00,1475.54,1475.54,1475.47,1475.47,-0.0,27.64,40475.15,-1
2024-06-30,2024-06-30 14:24:00,1475.47,1475.47,1475.39,1475.39,-0.01,27.64,40475.15,-1
2024-06-30,2024-06-30 14:25:00,1475.39,1475.39,1475.32,1475.32,-0.0,27.64,40475.15,-1
2024-06-30,2024-06-30 14:26:00,1475.32,1475.32,1475.25,1475.25,-0.0,27.64,40475.15,-1
2024-06-30,2024-06-30 14:27:00,1475.25,1475.25,1475.18,1475.18,-0.0,27.64,40475.15,-1
2024-06-30,2024-06-30 14:28:00,1475.18,1475.18,1475.11,1475.11,-0.0,27.64,40475.15,-1
2024-06-30,2024-06-30 14:29:00,1475.11,1475.11,1475.04,1475.04,-0.0,27.64,40475.15,-1
2024-06-30,2024-06-30 14:30:00,1475.04,1475.04,1474.97,1474.97,-0.0,27.64,40475.15,-1
2024-06-30,2024-06-30 14:31:00,1474.97,1474.97,1474.89,1474.89,-0.01,27.64,40475.15,-1
2024-06-30,2024-06-30 14:32:00,1474.89,1474.89,1474.82,1474.82,-0.0,27.64,40475.15,-1
2024-06-30,2024-06-30 14:33:00,1474.82,1474.82,1474.75,1474.75,-0.0,27.64,40475.15,-1
2024-06-30,2024-06-30 14:34:00,1474.75,1474.75,1474.68,1474.68,-0.0,27.64,40475.15,-1
2024-06-30,2024-06-30 14:35:00,1474.68,1474.68,1474.61,1474.61,-0.0,27.64,40475.15,-1
2024-06-30,2024-06-30 14:36:00,1474.61,1474.61,1474.54,1474.54,-0.0,27.64,40475.15,-1
2024-06-30,2024-06-30 14:37:00,1474.54,1474.54,1474.47,1474.47,-0.0,27.64,40475.15,-1
2024-06-30,2024-06-30 14:38:00,1474.47,1474.47,1474.4,1474.4,-0.0,27.64,40475.15,-1
2024-06-30,2024-06-30 14:39:00,1474.4,1474.4,1474.33,1474.33,-0.0,27.64,40475.15,-1
2024-06-30,2024-06-30 14:40:00,1474.33,1474.33,1474.25,1474.25,-0.01,27.64,40475.15,-1
2024-06-30,2024-06-30 14:41:00,1474.25,1474.25,1474.18,1474.18,-0.0,27.64,40475.15,-1
2024-06-30,2024-06-30 14:42:00,1474.18,1474.18,1474.11,1474.11,-0.0,27.64,40475.15,-1
2024-06-30,2024-06-30 14:43:00,1474.11,1474.11,1474.04,1474.04,-0.0,27.64,40475.15,-1
2024-06-30,2024-06-30 14:44:00,1474.04,1474.04,1473.97,1473.97,-0.0,27.64,40475.15,-1
2024-06-30,2024-06-30 14:45:00,1473.97,1473.97,1473.9,1473.9,-0.0,27.64,40475.15,-1
2024-06-30,2024-06-30 14:46:00,1473.9,1473.9,1473.83,1473.83,-0.0,27.64,40475.15,-1
2024-06-30,2024-06-30 14:47:00,1473.83,1473.83,1473.76,1473.76,-0.0,27.64,40475.15,-1
2024-06-30,2024-06-30 14:48:00,1473.76,1473.76,1473.68,1473.68,-0.01,27.64,40475.15,-1
2024-06-30,2024-06-30 14:49:00,1473.68,1473.68,1473.61,1473.61,-0.0,27.64,40475.15,-1
2024-06-30,2024-06-30 14:50:00,1473.61,1473.61,1473.54,1473.54,-0.0,27.64,40475.15,-1
2024-06-30,2024-06-30 14:51:00,1473.54,1473.54,1473.47,1473.47,-0.0,27.64,40475.15,-1
2024-06-30,2024-06-30 14:52:00,1473.47,1473.47,1473.4,1473.4,-0.0,27.64,40475.15,-1
2024-06-30,2024-06-30 14:53:00,1473.4,1473.4,1473.33,1473.33,-0.0,27.64,40475.15,-1
2024-06-30,2024-06-30 14:54:00,1473.33,1473.33,1473.26,1473.26,-0.0,27.64,40475.15,-1
2024-06-30,2024-06-30 14:55:00,1473.26,1473.26,1473.19,1473.19,-0.0,27.64,40475.15,-1
2024-06-30,2024-06-30 14:56:00,1473.19,1473.19,1473.11,1473.11,-0.01,27.64,40475.15,-1
2024-06-30,2024-06-30 14:57:00,1473.11,1473.11,1473.04,1473.04,-0.0,27.64,40475.15,-1
2024-06-30,2024-06-30 14:58:00,1473.04,1473.04,1472.97,1472.97,-0.0,27.64,40475.15,-1
2024-06-30,2024-06-30 14:59:00,1472.97,1472.97,1472.9,1472.9,-0.0,27.64,40475.15,-1
2024-06-30,2024-06-30 15:00:00,1472.9,1499.0,1452.0,1472.9,0.0,27.64,40475.15,0
2024-07-01,2024-07-01 11:00:00,1472.9,1474.13,1465.43,1472.89,-0.0,20.36,29747.45,-1
2024-07-01,2024-07-01 11:01:00,1472.89,1472.89,1472.88,1472.88,-0.0,20.36,29747.45,-1
2024-07-01,2024-07-01 11:02:00,1472.88,1472.88,1472.86,1472.86,-0.0,20.36,29747.45,-1
2024-07-01,2024-07-01 11:03:00,1472.86,1472.86,1472.85,1472.85,-0.0,20.36,29747.45,-1
2024-07-01,2024-07-01 11:04:00,1472.85,1472.85,1472.84,1472.84,-0.0,20.36,29747.45,-1
2024-07-01,2024-07-01 11:05:00,1472.84,1472.84,1472.83,1472.83,-0.0,20.36,29747.45,-1
2024-07-01,2024-07-01 11:06:00,1472.83,1472.83,1472.81,1472.81,-0.0,20.36,29747.45,-1
2024-07-01,2024-07-01 11:07:00,1472.81,1472.81,1472.8,1472.8,-0.0,20.36,29747.45,-1
2024-07-01,2024-07-01 11:08:00,1472.8,1472.8,1472.79,1472.79,-0.0,20.36,29747.45,-1
2024-07-01,2024-07-01 11:09:00,1472.79,1472.79,1472.78,1472.78,-0.0,20.36,29747.45,-1
2024-07-01,2024-07-01 11:10:00,1472.78,1472.78,1472.76,1472.76,-0.0,20.36,29747.45,-1
2024-07-01,2024-07-01 11:11:00,1472.76,1472.76,1472.75,1472.75,-0.0,20.36,29747.45,-1
2024-07-01,2024-07-01 11:12:00,1472.75,1472.75,1472.74,1472.74,-0.0,20.36,29747.45,-1
2024-07-01,2024-07-01 11:13:00,1472.74,1472.74,1472.73,1472.73,-0.0,20.36,29747.45,-1
2024-07-01,2024-07-01 11:14:00,1472.73,1472.73,1472.71,1472.71,-0.0,20.36,29747.45,-1
2024-07-01,2024-07-01 11:15:00,1472.71,1472.71,1472.7,1472.7,-0.0,20.36,29747.45,-1
2024-07-01,2024-07-01 11:16:00,1472.7,1472.7,1472.69,1472.69,-0.0,20.36,29747.45,-1
2024-07-01,2024-07-01 11:17:00,1472.69,1472.69,1472.68,1472.68,-0.0,20.36,29747.45,-1
2024-07-01,2024-07-01 11:18:00,1472.68,1472.68,1472.66,1472.66,-0.0,20.36,29747.45,-1
2024-07-01,2024-07-01 11:19:00,1472.66,1472.66,1472.65,1472.65,-0.0,20.36,29747.45,-1
2024-07-01,2024-07-01 11:20:00,1472.65,1472.65,1472.64,1472.64,-0.0,20.36,29747.45,-1
2024-07-01,2024-07-01 11:21:00,1472.64,1472.64,1472.62,1472.62,-0.0,20.36,29747.45,-1
2024-07-01,2024-07-01 11:22:00,1472.62,1472.62,1472.61,1472.61,-0.0,20.36,29747.45,-1
2024-07-01,2024-07-01 11:23:00,1472.61,1472.61,1472.6,1472.6,-0.0,20.36,29747.45,-1
2024-07-01,2024-07-01 11:24:00,1472.6,1472.6,1472.59,1472.59,-0.0,20.36,29747.45,-1
2024-07-01,2024-07-01 11:25:00,1472.59,1472.59,1472.58,1472.58,-0.0,20.36,29747.45,-1
2024-07-01,2024-07-01 11:26:00,1472.58,1472.58,1472.56,1472.56,-0.0,20.36,29747.45,-1
2024-07-01,2024-07-01 11:27:00,1472.56,1472.56,1472.55,1472.55,-0.0,20.36,29747.45,-1
2024-07-01,2024-07-01 11:28:00,1472.55,1472.55,1472.54,1472.54,-0.0,20.36,29747.45,-1
2024-07-01,2024-07-01 11:29:00,1472.54,1472.54,1472.53,1472.53,-0.0,20.36,29747.45,-1
2024-07-01,2024-07-01 11:30:00,1472.53,1472.53,1472.51,1472.51,-0.0,20.36,29747.45,-1
2024-07-01,2024-07-01 11:31:00,1472.51,1472.51,1472.5,1472.5,-0.0,20.36,29747.45,-1
2024-07-01,2024-07-01 11:32:00,1472.5,1472.5,1472.49,1472.49,-0.0,20.36,29747.45,-1
2024-07-01,2024-07-01 11:33:00,1472.49,1472.49,1472.48,1472.48,-0.0,20.36,29747.45,-1
2024-07-01,2024-07-01 11:34:00,1472.48,1472.48,1472.46,1472.46,-0.0,20.36,29747.45,-1
2024-07-01,2024-07-01 11:35:00,1472.46,1472.46,1472.45,1472.45,-0.0,20.36,29747.45,-1
2024-07-01,2024-07-01 11:36:00,1472.45,1472.45,1472.44,1472.44,-0.0,20.36,29747.45,-1
2024-07-01,2024-07-01 11:37:00,1472.44,1472.44,1472.43,1472.43,-0.0,20.36,29747.45,-1
2024-07-01,2024-07-01 11:38:00,1472.43,1472.43,1472.41,1472.41,-0.0,20.36,29747.45,-1
2024-07-01,2024-07-01 11:39:00,1472.41,1472.41,1472.4,1472.4,-0.0,20.36,29747.45,-1
2024-07-01,2024-07-01 11:40:00,1472.4,1472.4,1472.39,1472.39,-0.0,20.36,29747.45,-1
2024-07-01,2024-07-01 11:41:00,1472.39,1472.39,1472.38,1472.38,-0.0,20.36,29747.45,-1
2024-07-01,2024-07-01 11:42:00,1472.38,1472.38,1472.36,1472.36,-0.0,20.36,29747.45,-1
2024-07-01,2024-07-01 11:43:00,1472.36,1472.36,1472.35,1472.35,-0.0,20.36,29747.45,-1
2024-07-01,2024-07-01 11:44:00,1472.35,1472.35,1472.34,1472.34,-0.0,20.36,29747.45,-1
2024-07-01,2024-07-01 11:45:00,1472.34,1472.34,1472.33,1472.33,-0.0,20.36,29747.45,-1
2024-07-01,2024-07-01 11:46:00,1472.33,1472.33,1472.31,1472.31,-0.0,20.36,29747.45,-1
2024-07-01,2024-07-01 11:47:00,1472.31,1472.31,1472.3,1472.3,-0.0,20.36,29747.45,-1
2024-07-01,2024-07-01 11:48:00,1472.3,1472.3,1472.29,1472.29,-0.0,20.36,29747.45,-1
2024-07-01,2024-07-01 11:49:00,1472.29,1472.29,1472.28,1472.28,-0.0,20.36,29747.45,-1
2024-07-01,2024-07-01 11:50:00,1472.28,1472.28,1472.26,1472.26,-0.0,20.36,29747.45,-1
2024-07-01,2024-07-01 11:51:00,1472.26,1472.26,1472.25,1472.25,-0.0,20.36,29747.45,-1
2024-07-01,2024-07-01 11:52:00,1472.25,1472.25,1472.24,1472.24,-0.0,20.36,29747.45,-1
2024-07-01,2024-07-01 11:53:00,1472.24,1472.24,1472.23,1472.23,-0.0,20.36,29747.45,-1
2024-07-01,2024-07-01 11:54:00,1472.23,1472.23,1472.21,1472.21,-0.0,20.36,29747.45,-1
2024-07-01,2024-07-01 11:55:00,1472.21,1472.21,1472.2,1472.2,-0.0,20.36,29747.45,-1
2024-07-01,2024-07-01 11:56:00,1472.2,1472.2,1472.19,1472.19,-0.0,20.36,29747.45,-1
2024-07-01,2024-07-01 11:57:00,1472.19,1472.19,1472.18,1472.18,-0.0,20.36,29747.45,-1
2024-07-01,2024-07-01 11:58:00,1472.18,1472.18,1472.16,1472.16,-0.0,20.36,29747.45,-1
2024-07-01,2024-07-01 11:59:00,1472.16,1472.16,1472.15,1472.15,-0.0,20.36,29747.45,-1
2024-07-01,2024-07-01 12:00:00,1472.15,1472.15,1472.14,1472.14,-0.0,20.36,29747.45,-1
2024-07-01,2024-07-01 12:01:00,1472.14,1472.14,1472.12,1472.12,-0.0,20.36,29747.45,-1
2024-07-01,2024-07-01 12:02:00,1472.12,1472.12,1472.11,1472.11,-0.0,20.36,29747.45,-1
2024-07-01,2024-07-01 12:03:00,1472.11,1472.11,1472.1,1472.1,-0.0,20.36,29747.45,-1
2024-07-01,2024-07-01 12:04:00,1472.1,1472.1,1472.09,1472.09,-0.0,20.36,29747.45,-1
2024-07-01,2024-07-01 12:05:00,1472.09,1472.09,1472.08,1472.08,-0.0,20.36,29747.45,-1
2024-07-01,2024-07-01 12:06:00,1472.08,1472.08,1472.06,1472.06,-0.0,20.36,29747.45,-1
2024-07-01,2024-07-01 12:07:00,1472.06,1472.06,1472.05,1472.05,-0.0,20.36,29747.45,-1
2024-07-01,2024-07-01 12:08:00,1472.05,1472.05,1472.04,1472.04,-0.0,20.36,29747.45,-1
2024-07-01,2024-07-01 12:09:00,1472.04,1472.04,1472.03,1472.03,-0.0,20.36,29747.45,-1
2024-07-01,2024-07-01 12:10:00,1472.03,1472.03,1472.01,1472.01,-0.0,20.36,29747.45,-1
2024-07-01,2024-07-01 12:11:00,1472.01,1472.01,1472.0,1472.0,-0.0,20.36,29747.45,-1
2024-07-01,2024-07-01 12:12:00,1472.0,1472.0,1471.99,1471.99,-0.0,20.36,29747.45,-1
2024-07-01,2024-07-01 12:13:00,1471.99,1471.99,1471.98,1471.98,-0.0,20.36,29747.45,-1
2024-07-01,2024-07-01 12:14:00,1471.98,1471.98,1471.96,1471.96,-0.0,20.36,29747.45,-1
2024-07-01,2024-07-01 12:15:00,1471.96,1471.96,1471.95,1471.95,-0.0,20.36,29747.45,-1
2024-07-01,2024-07-01 12:16:00,1471.95,1471.95,1471.94,1471.94,-0.0,20.36,29747.45,-1
2024-07-01,2024-07-01 12:17:00,1471.94,1471.94,1471.93,1471.93,-0.0,20.36,29747.45,-1
2024-07-01,2024-07-01 12:18:00,1471.93,1471.93,1471.91,1471.91,-0.0,20.36,29747.45,-1
2024-07-01,2024-07-01 12:19:00,1471.91,1471.91,1471.9,1471.9,-0.0,20.36,29747.45,-1
2024-07-01,2024-07-01 12:20:00,1471.9,1471.9,1471.89,1471.89,-0.0,20.36,29747.45,-1
2024-07-01,2024-07-01 12:21:00,1471.89,1471.89,1471.88,1471.88,-0.0,20.36,29747.45,-1
2024-07-01,2024-07-01 12:22:00,1471.88,1471.88,1471.86,1471.86,-0.0,20.36,29747.45,-1
2024-07-01,2024-07-01 12:23:00,1471.86,1471.86,1471.85,1471.85,-0.0,20.36,29747.45,-1
2024-07-01,2024-07-01 12:24:00,1471.85,1471.85,1471.84,1471.84,-0.0,20.36,29747.45,-1
2024-07-01,2024-07-01 12:25:00,1471.84,1471.84,1471.83,1471.83,-0.0,20.36,29747.45,-1
2024-07-01,2024-07-01 12:26:00,1471.83,1471.83,1471.81,1471.81,-0.0,20.36,29747.45,-1
2024-07-01,2024-07-01 12:27:00,1471.81,1471.81,1471.8,1471.8,-0.0,20.36,29747.45,-1
2024-07-01,2024-07-01 12:28:00,1471.8,1471.8,1471.79,1471.79,-0.0,20.36,29747.45,-1
2024-07-01,2024-07-01 12:29:00,1471.79,1471.79,1471.78,1471.78,-0.0,20.36,29747.45,-1
2024-07-01,2024-07-01 12:30:00,1471.78,1471.78,1471.76,1471.76,-0.0,20.36,29747.45,-1
2024-07-01,2024-07-01 12:31:00,1471.76,1471.76,1471.75,1471.75,-0.0,20.36,29747.45,-1
2024-07-01,2024-07-01 12:32:00,1471.75,1471.75,1471.74,1471.74,-0.0,20.36,29747.45,-1
2024-07-01,2024-07-01 12:33:00,1471.74,1471.74,1471.73,1471.73,-0.0,20.36,29747.45,-1
2024-07-01,2024-07-01 12:34:00,1471.73,1471.73,1471.71,1471.71,-0.0,20.36,29747.45,-1
2024-07-01,2024-07-01 12:35:00,1471.71,1471.71,1471.7,1471.7,-0.0,20.36,29747.45,-1
2024-07-01,2024-07-01 12:36:00,1471.7,1471.7,1471.69,1471.69,-0.0,20.36,29747.45,-1
2024-07-01,2024-07-01 12:37:00,1471.69,1471.69,1471.68,1471.68,-0.0,20.36,29747.45,-1
2024-07-01,2024-07-01 12:38:00,1471.68,1471.68,1471.66,1471.66,-0.0,20.36,29747.45,-1
2024-07-01,2024-07-01 12:39:00,1471.66,1471.66,1471.65,1471.65,-0.0,20.36,29747.45,-1
2024-07-01,2024-07-01 12:40:00,1471.65,1471.65,1471.64,1471.64,-0.0,20.36,29747.45,-1
2024-07-01,2024-07-01 12:41:00,1471.64,1471.64,1471.62,1471.62,-0.0,20.36,29747.45,-1
2024-07-01,2024-07-01 12:42:00,1471.62,1471.62,1471.61,1471.61,-0.0,20.36,29747.45,-1
2024-07-01,2024-07-01 12:43:00,1471.61,1471.61,1471.6,1471.6,-0.0,20.36,29747.45,-1
2024-07-01,2024-07-01 12:44:00,1471.6,1471.6,1471.59,1471.59,-0.0,20.36,29747.45,-1
2024-07-01,2024-07-01 12:45:00,1471.59,1471.59,1471.58,1471.58,-0.0,20.36,29747.45,-1
2024-07-01,2024-07-01 12:46:00,1471.58,1471.58,1471.56,1471.56,-0.0,20.36,29747.45,-1
2024-07-01,2024-07-01 12:47:00,1471.56,1471.56,1471.55,1471.55,-0.0,20.36,29747.45,-1
2024-07-01,2024-07-01 12:48:00,1471.55,1471.55,1471.54,1471.54,-0.0,20.36,29747.45,-1
2024-07-01,2024-07-01 12:49:00,1471.54,1471.54,1471.53,1471.53,-0.0,20.36,29747.45,-1
2024-07-01,2024-07-01 12:50:00,1471.53,1471.53,1471.51,1471.51,-0.0,20.36,29747.45,-1
2024-07-01,2024-07-01 12:51:00,1471.51,1471.51,1471.5,1471.5,-0.0,20.36,29747.45,-1
2024-07-01,2024-07-01 12:52:00,1471.5,1471.5,1471.49,1471.49,-0.0,20.36,29747.45,-1
2024-07-01,2024-07-01 12:53:00,1471.49,1471.49,1471.48,1471.48,-0.0,20.36,29747.45,-1
2024-07-01,2024-07-01 12:54:00,1471.48,1471.48,1471.46,1471.46,-0.0,20.36,29747.45,-1
2024-07-01,2024-07-01 12:55:00,1471.46,1471.46,1471.45,1471.45,-0.0,20.36,29747.45,-1
2024-07-01,2024-07-01 12:56:00,1471.45,1471.45,1471.44,1471.44,-0.0,20.36,29747.45,-1
2024-07-01,2024-07-01 12:57:00,1471.44,1471.44,1471.43,1471.43,-0.0,20.36,29747.45,-1
2024-07-01,2024-07-01 12:58:00,1471.43,1471.43,1471.41,1471.41,-0.0,20.36,29747.45,-1
2024-07-01,2024-07-01 12:59:00,1471.41,1471.41,1471.4,1471.4,-0.0,20.36,29747.45,-1
2024-07-01,2024-07-01 13:00:00,1471.4,1477.0,1448.0,1471.39,-0.0,20.36,29747.45,-1
2024-07-01,2024-07-01 13:01:00,1471.39,1471.39,1471.38,1471.38,-0.0,20.36,29747.45,-1
2024-07-01,2024-07-01 13:02:00,1471.38,1471.38,1471.36,1471.36,-0.0,20.36,29747.45,-1
2024-07-01,2024-07-01 13:03:00,1471.36,1471.36,1471.35,1471.35,-0.0,20.36,29747.45,-1
2024-07-01,2024-07-01 13:04:00,1471.35,1471.35,1471.34,1471.34,-0.0,20.36,29747.45,-1
2024-07-01,2024-07-01 13:05:00,1471.34,1471.34,1471.33,1471.33,-0.0,20.36,29747.45,-1
2024-07-01,2024-07-01 13:06:00,1471.33,1471.33,1471.31,1471.31,-0.0,20.36,29747.45,-1
2024-07-01,2024-07-01 13:07:00,1471.31,1471.31,1471.3,1471.3,-0.0,20.36,29747.45,-1
2024-07-01,2024-07-01 13:08:00,1471.3,1471.3,1471.29,1471.29,-0.0,20.36,29747.45,-1
2024-07-01,2024-07-01 13:09:00,1471.29,1471.29,1471.28,1471.28,-0.0,20.36,29747.45,-1
2024-07-01,2024-07-01 13:10:00,1471.28,1471.28,1471.26,1471.26,-0.0,20.36,29747.45,-1
2024-07-01,2024-07-01 13:11:00,1471.26,1471.26,1471.25,1471.25,-0.0,20.36,29747.45,-1
2024-07-01,2024-07-01 13:12:00,1471.25,1471.25,1471.24,1471.24,-0.0,20.36,29747.45,-1
2024-07-01,2024-07-01 13:13:00,1471.24,1471.24,1471.23,1471.23,-0.0,20.36,29747.45,-1
2024-07-01,2024-07-01 13:14:00,1471.23,1471.23,1471.21,1471.21,-0.0,20.36,29747.45,-1
2024-07-01,2024-07-01 13:15:00,1471.21,1471.21,1471.2,1471.2,-0.0,20.36,29747.45,-1
2024-07-01,2024-07-01 13:16:00,1471.2,1471.2,1471.19,1471.19,-0.0,20.36,29747.45,-1
2024-07-01,2024-07-01 13:17:00,1471.19,1471.19,1471.18,1471.18,-0.0,20.36,29747.45,-1
2024-07-01,2024-07-01 13:18:00,1471.18,1471.18,1471.16,1471.16,-0.0,20.36,29747.45,-1
2024-07-01,2024-07-01 13:19:00,1471.16,1471.16,1471.15,1471.15,-0.0,20.36,29747.45,-1
2024-07-01,2024-07-01 13:20:00,1471.15,1471.15,1471.14,1471.14,-0.0,20.36,29747.45,-1
2024-07-01,2024-07-01 13:21:00,1471.14,1471.14,1471.12,1471.12,-0.0,20.36,29747.45,-1
2024-07-01,2024-07-01 13:22:00,1471.12,1471.12,1471.11,1471.11,-0.0,20.36,29747.45,-1
2024-07-01,2024-07-01 13:23:00,1471.11,1471.11,1471.1,1471.1,-0.0,20.36,29747.45,-1
2024-07-01,2024-07-01 13:24:00,1471.1,1471.1,1471.09,1471.09,-0.0,20.36,29747.45,-1
2024-07-01,2024-07-01 13:25:00,1471.09,1471.09,1471.08,1471.08,-0.0,20.36,29747.45,-1
2024-07-01,2024-07-01 13:26:00,1471.08,1471.08,1471.06,1471.06,-0.0,20.36,29747.45,-1
2024-07-01,2024-07-01 13:27:00,1471.06,1471.06,1471.05,1471.05,-0.0,20.36,29747.45,-1
2024-07-01,2024-07-01 13:28:00,1471.05,1471.05,1471.04,1471.04,-0.0,20.36,29747.45,-1
2024-07-01,2024-07-01 13:29:00,1471.04,1471.04,1471.03,1471.03,-0.0,20.36,29747.45,-1
2024-07-01,2024-07-01 13:30:00,1471.03,1471.03,1471.01,1471.01,-0.0,20.36,29747.45,-1
2024-07-01,2024-07-01 13:31:00,1471.01,1471.01,1471.0,1471.0,-0.0,20.36,29747.45,-1
2024-07-01,2024-07-01 13:32:00,1471.0,1471.0,1470.99,1470.99,-0.0,20.36,29747.45,-1
2024-07-01,2024-07-01 13:33:00,1470.99,1470.99,1470.98,1470.98,-0.0,20.36,29747.45,-1
2024-07-01,2024-07-01 13:34:00,1470.98,1470.98,1470.96,1470.96,-0.0,20.36,29747.45,-1
2024-07-01,2024-07-01 13:35:00,1470.96,1470.96,1470.95,1470.95,-0.0,20.36,29747.45,-1
2024-07-01,2024-07-01 13:36:00,1470.95,1470.95,1470.94,1470.94,-0.0,20.36,29747.45,-1
2024-07-01,2024-07-01 13:37:00,1470.94,1470.94,1470.93,1470.93,-0.0,20.36,29747.45,-1
2024-07-01,2024-07-01 13:38:00,1470.93,1470.93,1470.91,1470.91,-0.0,20.36,29747.45,-1
2024-07-01,2024-07-01 13:39:00,1470.91,1470.91,1470.9,1470.9,-0.0,20.36,29747.45,-1
2024-07-01,2024-07-01 13:40:00,1470.9,1470.9,1470.89,1470.89,-0.0,20.36,29747.45,-1
2024-07-01,2024-07-01 13:41:00,1470.89,1470.89,1470.88,1470.88,-0.0,20.36,29747.45,-1
2024-07-01,2024-07-01 13:42:00,1470.88,1470.88,1470.86,1470.86,-0.0,20.36,29747.45,-1
2024-07-01,2024-07-01 13:43:00,1470.86,1470.86,1470.85,1470.85,-0.0,20.36,29747.45,-1
2024-07-01,2024-07-01 13:44:00,1470.85,1470.85,1470.84,1470.84,-0.0,20.36,29747.45,-1
2024-07-01,2024-07-01 13:45:00,1470.84,1470.84,1470.83,1470.83,-0.0,20.36,29747.45,-1
2024-07-01,2024-07-01 13:46:00,1470.83,1470.83,1470.81,1470.81,-0.0,20.36,29747.45,-1
2024-07-01,2024-07-01 13:47:00,1470.81,1470.81,1470.8,1470.8,-0.0,20.36,29747.45,-1
2024-07-01,2024-07-01 13:48:00,1470.8,1470.8,1470.79,1470.79,-0.0,20.36,29747.45,-1
2024-07-01,2024-07-01 13:49:00,1470.79,1470.79,1470.78,1470.78,-0.0,20.36,29747.45,-1
2024-07-01,2024-07-01 13:50:00,1470.78,1470.78,1470.76,1470.76,-0.0,20.36,29747.45,-1
2024-07-01,2024-07-01 13:51:00,1470.76,1470.76,1470.75,1470.75,-0.0,20.36,29747.45,-1
2024-07-01,2024-07-01 13:52:00,1470.75,1470.75,1470.74,1470.74,-0.0,20.36,29747.45,-1
2024-07-01,2024-07-01 13:53:00,1470.74,1470.74,1470.73,1470.73,-0.0,20.36,29747.45,-1
2024-07-01,2024-07-01 13:54:00,1470.73,1470.73,1470.71,1470.71,-0.0,20.36,29747.45,-1
2024-07-01,2024-07-01 13:55:00,1470.71,1470.71,1470.7,1470.7,-0.0,20.36,29747.45,-1
2024-07-01,2024-07-01 13:56:00,1470.7,1470.7,1470.69,1470.69,-0.0,20.36,29747.45,-1
2024-07-01,2024-07-01 13:57:00,1470.69,1470.69,1470.68,1470.68,-0.0,20.36,29747.45,-1
2024-07-01,2024-07-01 13:58:00,1470.68,1470.68,1470.66,1470.66,-0.0,20.36,29747.45,-1
2024-07-01,2024-07-01 13:59:00,1470.66,1470.66,1470.65,1470.65,-0.0,20.36,29747.45,-1
2024-07-01,2024-07-01 14:00:00,1470.65,1470.65,1470.64,1470.64,-0.0,20.36,29747.45,-1
2024-07-01,2024-07-01 14:01:00,1470.64,1470.64,1470.62,1470.62,-0.0,20.36,29747.45,-1
2024-07-01,2024-07-01 14:02:00,1470.62,1470.62,1470.61,1470.61,-0.0,20.36,29747.45,-1
2024-07-01,2024-07-01 14:03:00,1470.61,1470.61,1470.6,1470.6,-0.0,20.36,29747.45,-1
2024-07-01,2024-07-01 14:04:00,1470.6,1470.6,1470.59,1470.59,-0.0,20.36,29747.45,-1
2024-07-01,2024-07-01 14:05:00,1470.59,1470.59,1470.58,1470.58,-0.0,20.36,29747.45,-1
2024-07-01,2024-07-01 14:06:00,1470.58,1470.58,1470.56,1470.56,-0.0,20.36,29747.45,-1
2024-07-01,2024-07-01 14:07:00,1470.56,1470.56,1470.55,1470.55,-0.0,20.36,29747.45,-1
2024-07-01,2024-07-01 14:08:00,1470.55,1470.55,1470.54,1470.54,-0.0,20.36,29747.45,-1
2024-07-01,2024-07-01 14:09:00,1470.54,1470.54,1470.53,1470.53,-0.0,20.36,29747.45,-1
2024-07-01,2024-07-01 14:10:00,1470.53,1470.53,1470.51,1470.51,-0.0,20.36,29747.45,-1
2024-07-01,2024-07-01 14:11:00,1470.51,1470.51,1470.5,1470.5,-0.0,20.36,29747.45,-1
2024-07-01,2024-07-01 14:12:00,1470.5,1470.5,1470.49,1470.49,-0.0,20.36,29747.45,-1
2024-07-01,2024-07-01 14:13:00,1470.49,1470.49,1470.48,1470.48,-0.0,20.36,29747.45,-1
2024-07-01,2024-07-01 14:14:00,1470.48,1470.48,1470.46,1470.46,-0.0,20.36,29747.45,-1
2024-07-01,2024-07-01 14:15:00,1470.46,1470.46,1470.45,1470.45,-0.0,20.36,29747.45,-1
2024-07-01,2024-07-01 14:16:00,1470.45,1470.45,1470.44,1470.44,-0.0,20.36,29747.45,-1
2024-07-01,2024-07-01 14:17:00,1470.44,1470.44,1470.43,1470.43,-0.0,20.36,29747.45,-1
2024-07-01,2024-07-01 14:18:00,1470.43,1470.43,1470.41,1470.41,-0.0,20.36,29747.45,-1
2024-07-01,2024-07-01 14:19:00,1470.41,1470.41,1470.4,1470.4,-0.0,20.36,29747.45,-1
2024-07-01,2024-07-01 14:20:00,1470.4,1470.4,1470.39,1470.39,-0.0,20.36,29747.45,-1
2024-07-01,2024-07-01 14:21:00,1470.39,1470.39,1470.38,1470.38,-0.0,20.36,29747.45,-1
2024-07-01,2024-07-01 14:22:00,1470.38,1470.38,1470.36,1470.36,-0.0,20.36,29747.45,-1
2024-07-01,2024-07-01 14:23:00,1470.36,1470.36,1470.35,1470.35,-0.0,20.36,29747.45,-1
2024-07-01,2024-07-01 14:24:00,1470.35,1470.35,1470.34,1470.34,-0.0,20.36,29747.45,-1
2024-07-01,2024-07-01 14:25:00,1470.34,1470.34,1470.33,1470.33,-0.0,20.36,29747.45,-1
2024-07-01,2024-07-01 14:26:00,1470.33,1470.33,1470.31,1470.31,-0.0,20.36,29747.45,-1
2024-07-01,2024-07-01 14:27:00,1470.31,1470.31,1470.3,1470.3,-0.0,20.36,29747.45,-1
2024-07-01,2024-07-01 14:28:00,1470.3,1470.3,1470.29,1470.29,-0.0,20.36,29747.45,-1
2024-07-01,2024-07-01 14:29:00,1470.29,1470.29,1470.28,1470.28,-0.0,20.36,29747.45,-1
2024-07-01,2024-07-01 14:30:00,1470.28,1470.28,1470.26,1470.26,-0.0,20.36,29747.45,-1
2024-07-01,2024-07-01 14:31:00,1470.26,1470.26,1470.25,1470.25,-0.0,20.36,29747.45,-1
2024-07-01,2024-07-01 14:32:00,1470.25,1470.25,1470.24,1470.24,-0.0,20.36,29747.45,-1
2024-07-01,2024-07-01 14:33:00,1470.24,1470.24,1470.23,1470.23,-0.0,20.36,29747.45,-1
2024-07-01,2024-07-01 14:34:00,1470.23,1470.23,1470.21,1470.21,-0.0,20.36,29747.45,-1
2024-07-01,2024-07-01 14:35:00,1470.21,1470.21,1470.2,1470.2,-0.0,20.36,29747.45,-1
2024-07-01,2024-07-01 14:36:00,1470.2,1470.2,1470.19,1470.19,-0.0,20.36,29747.45,-1
2024-07-01,2024-07-01 14:37:00,1470.19,1470.19,1470.18,1470.18,-0.0,20.36,29747.45,-1
2024-07-01,2024-07-01 14:38:00,1470.18,1470.18,1470.16,1470.16,-0.0,20.36,29747.45,-1
2024-07-01,2024-07-01 14:39:00,1470.16,1470.16,1470.15,1470.15,-0.0,20.36,29747.45,-1
2024-07-01,2024-07-01 14:40:00,1470.15,1470.15,1470.14,1470.14,-0.0,20.36,29747.45,-1
2024-07-01,2024-07-01 14:41:00,1470.14,1470.14,1470.12,1470.12,-0.0,20.36,29747.45,-1
2024-07-01,2024-07-01 14:42:00,1470.12,1470.12,1470.11,1470.11,-0.0,20.36,29747.45,-1
2024-07-01,2024-07-01 14:43:00,1470.11,1470.11,1470.1,1470.1,-0.0,20.36,29747.45,-1
2024-07-01,2024-07-01 14:44:00,1470.1,1470.1,1470.09,1470.09,-0.0,20.36,29747.45,-1
2024-07-01,2024-07-01 14:45:00,1470.09,1470.09,1470.08,1470.08,-0.0,20.36,29747.45,-1
2024-07-01,2024-07-01 14:46:00,1470.08,1470.08,1470.06,1470.06,-0.0,20.36,29747.45,-1
2024-07-01,2024-07-01 14:47:00,1470.06,1470.06,1470.05,1470.05,-0.0,20.36,29747.45,-1
2024-07-01,2024-07-01 14:48:00,1470.05,1470.05,1470.04,1470.04,-0.0,20.36,29747.45,-1
2024-07-01,2024-07-01 14:49:00,1470.04,1470.04,1470.03,1470.03,-0.0,20.36,29747.45,-1
2024-07-01,2024-07-01 14:50:00,1470.03,1470.03,1470.01,1470.01,-0.0,20.36,29747.45,-1
2024-07-01,2024-07-01 14:51:00,1470.01,1470.01,1470.0,1470.0,-0.0,20.36,29747.45,-1
2024-07-01,2024-07-01 14:52:00,1470.0,1470.0,1469.99,1469.99,-0.0,20.36,29747.45,-1
2024-07-01,2024-07-01 14:53:00,1469.99,1469.99,1469.98,1469.98,-0.0,20.36,29747.45,-1
2024-07-01,2024-07-01 14:54:00,1469.98,1469.98,1469.96,1469.96,-0.0,20.36,29747.45,-1
2024-07-01,2024-07-01 14:55:00,1469.96,1469.96,1469.95,1469.95,-0.0,20.36,29747.45,-1
2024-07-01,2024-07-01 14:56:00,1469.95,1469.95,1469.94,1469.94,-0.0,20.36,29747.45,-1
2024-07-01,2024-07-01 14:57:00,1469.94,1469.94,1469.93,1469.93,-0.0,20.36,29747.45,-1
2024-07-01,2024-07-01 14:58:00,1469.93,1469.93,1469.91,1469.91,-0.0,20.36,29747.45,-1
2024-07-01,2024-07-01 14:59:00,1469.91,1469.91,1469.9,1469.9,-0.0,20.36,29747.45,-1
2024-07-01,2024-07-01 15:00:00,1469.9,1477.0,1448.0,1469.9,0.0,20.36,29747.45,0
2024-07-02,2024-07-02 11:00:00,1499.0,1514.0,1490.3,1498.94,-0.0,14.85,22050.58,-1
2024-07-02,2024-07-02 11:01:00,1498.94,1498.94,1498.88,1498.88,-0.0,14.85,22050.58,-1
2024-07-02,2024-07-02 11:02:00,1498.88,1498.88,1498.81,1498.81,-0.0,14.85,22050.58,-1
2024-07-02,2024-07-02 11:03:00,1498.81,1498.81,1498.75,1498.75,-0.0,14.85,22050.58,-1
2024-07-02,2024-07-02 11:04:00,1498.75,1498.75,1498.69,1498.69,-0.0,14.85,22050.58,-1
2024-07-02,2024-07-02 11:05:00,1498.69,1498.69,1498.62,1498.62,-0.0,14.85,22050.58,-1
2024-07-02,2024-07-02 11:06:00,1498.62,1498.62,1498.56,1498.56,-0.0,14.85,22050.58,-1
2024-07-02,2024-07-02 11:07:00,1498.56,1498.56,1498.5,1498.5,-0.0,14.85,22050.58,-1
2024-07-02,2024-07-02 11:08:00,1498.5,1498.5,1498.44,1498.44,-0.0,14.85,22050.58,-1
2024-07-02,2024-07-02 11:09:00,1498.44,1498.44,1498.38,1498.38,-0.0,14.85,22050.58,-1
2024-07-02,2024-07-02 11:10:00,1498.38,1498.38,1498.31,1498.31,-0.0,14.85,22050.58,-1
2024-07-02,2024-07-02 11:11:00,1498.31,1498.31,1498.25,1498.25,-0.0,14.85,22050.58,-1
2024-07-02,2024-07-02 11:12:00,1498.25,1498.25,1498.19,1498.19,-0.0,14.85,22050.58,-1
2024-07-02,2024-07-02 11:13:00,1498.19,1498.19,1498.12,1498.12,-0.0,14.85,22050.58,-1
2024-07-02,2024-07-02 11:14:00,1498.12,1498.12,1498.06,1498.06,-0.0,14.85,22050.58,-1
2024-07-02,2024-07-02 11:15:00,1498.06,1498.06,1498.0,1498.0,-0.0,14.85,22050.58,-1
2024-07-02,2024-07-02 11:16:00,1498.0,1498.0,1497.94,1497.94,-0.0,14.85,22050.58,-1
2024-07-02,2024-07-02 11:17:00,1497.94,1497.94,1497.88,1497.88,-0.0,14.85,22050.58,-1
2024-07-02,2024-07-02 11:18:00,1497.88,1497.88,1497.81,1497.81,-0.0,14.85,22050.58,-1
2024-07-02,2024-07-02 11:19:00,1497.81,1497.81,1497.75,1497.75,-0.0,14.85,22050.58,-1
2024-07-02,2024-07-02 11:20:00,1497.75,1497.75,1497.69,1497.69,-0.0,14.85,22050.58,-1
2024-07-02,2024-07-02 11:21:00,1497.69,1497.69,1497.62,1497.62,-0.0,14.85,22050.58,-1
2024-07-02,2024-07-02 11:22:00,1497.62,1497.62,1497.56,1497.56,-0.0,14.85,22050.58,-1
2024-07-02,2024-07-02 11:23:00,1497.56,1497.56,1497.5,1497.5,-0.0,14.85,22050.58,-1
2024-07-02,2024-07-02 11:24:00,1497.5,1497.5,1497.44,1497.44,-0.0,14.85,22050.58,-1
2024-07-02,2024-07-02 11:25:00,1497.44,1497.44,1497.38,1497.38,-0.0,14.85,22050.58,-1
2024-07-02,2024-07-02 11:26:00,1497.38,1497.38,1497.31,1497.31,-0.0,14.85,22050.58,-1
2024-07-02,2024-07-02 11:27:00,1497.31,1497.31,1497.25,1497.25,-0.0,14.85,22050.58,-1
2024-07-02,2024-07-02 11:28:00,1497.25,1497.25,1497.19,1497.19,-0.0,14.85,22050.58,-1
2024-07-02,2024-07-02 11:29:00,1497.19,1497.19,1497.12,1497.12,-0.0,14.85,22050.58,-1
2024-07-02,2024-07-02 11:30:00,1497.12,1497.12,1497.06,1497.06,-0.0,14.85,22050.58,-1
2024-07-02,2024-07-02 11:31:00,1497.06,1497.06,1497.0,1497.0,-0.0,14.85,22050.58,-1
2024-07-02,2024-07-02 11:32:00,1497.0,1497.0,1496.94,1496.94,-0.0,14.85,22050.58,-1
2024-07-02,2024-07-02 11:33:00,1496.94,1496.94,1496.88,1496.88,-0.0,14.85,22050.58,-1
2024-07-02,2024-07-02 11:34:00,1496.88,1496.88,1496.81,1496.81,-0.0,14.85,22050.58,-1
2024-07-02,2024-07-02 11:35:00,1496.81,1496.81,1496.75,1496.75,-0.0,14.85,22050.58,-1
2024-07-02,2024-07-02 11:36:00,1496.75,1496.75,1496.69,1496.69,-0.0,14.85,22050.58,-1
2024-07-02,2024-07-02 11:37:00,1496.69,1496.69,1496.62,1496.62,-0.0,14.85,22050.58,-1
2024-07-02,2024-07-02 11:38:00,1496.62,1496.62,1496.56,1496.56,-0.0,14.85,22050.58,-1
2024-07-02,2024-07-02 11:39:00,1496.56,1496.56,1496.5,1496.5,-0.0,14.85,22050.58,-1
2024-07-02,2024-07-02 11:40:00,1496.5,1496.5,1496.44,1496.44,-0.0,14.85,22050.58,-1
2024-07-02,2024-07-02 11:41:00,1496.44,1496.44,1496.38,1496.38,-0.0,14.85,22050.58,-1
2024-07-02,2024-07-02 11:42:00,1496.38,1496.38,1496.31,1496.31,-0.0,14.85,22050.58,-1
2024-07-02,2024-07-02 11:43:00,1496.31,1496.31,1496.25,1496.25,-0.0,14.85,22050.58,-1
2024-07-02,2024-07-02 11:44:00,1496.25,1496.25,1496.19,1496.19,-0.0,14.85,22050.58,-1
2024-07-02,2024-07-02 11:45:00,1496.19,1496.19,1496.12,1496.12,-0.0,14.85,22050.58,-1
2024-07-02,2024-07-02 11:46:00,1496.12,1496.12,1496.06,1496.06,-0.0,14.85,22050.58,-1
2024-07-02,2024-07-02 11:47:00,1496.06,1496.06,1496.0,1496.0,-0.0,14.85,22050.58,-1
2024-07-02,2024-07-02 11:48:00,1496.0,1496.0,1495.94,1495.94,-0.0,14.85,22050.58,-1
2024-07-02,2024-07-02 11:49:00,1495.94,1495.94,1495.88,1495.88,-0.0,14.85,22050.58,-1
2024-07-02,2024-07-02 11:50:00,1495.88,1495.88,1495.81,1495.81,-0.0,14.85,22050.58,-1
2024-07-02,2024-07-02 11:51:00,1495.81,1495.81,1495.75,1495.75,-0.0,14.85,22050.58,-1
2024-07-02,2024-07-02 11:52:00,1495.75,1495.75,1495.69,1495.69,-0.0,14.85,22050.58,-1
2024-07-02,2024-07-02 11:53:00,1495.69,1495.69,1495.62,1495.62,-0.0,14.85,22050.58,-1
2024-07-02,2024-07-02 11:54:00,1495.62,1495.62,1495.56,1495.56,-0.0,14.85,22050.58,-1
2024-07-02,2024-07-02 11:55:00,1495.56,1495.56,1495.5,1495.5,-0.0,14.85,22050.58,-1
2024-07-02,2024-07-02 11:56:00,1495.5,1495.5,1495.44,1495.44,-0.0,14.85,22050.58,-1
2024-07-02,2024-07-02 11:57:00,1495.44,1495.44,1495.38,1495.38,-0.0,14.85,22050.58,-1
2024-07-02,2024-07-02 11:58:00,1495.38,1495.38,1495.31,1495.31,-0.0,14.85,22050.58,-1
2024-07-02,2024-07-02 11:59:00,1495.31,1495.31,1495.25,1495.25,-0.0,14.85,22050.58,-1
2024-07-02,2024-07-02 12:00:00,1495.25,1495.25,1495.19,1495.19,-0.0,14.85,22050.58,-1
2024-07-02,2024-07-02 12:01:00,1495.19,1495.19,1495.12,1495.12,-0.0,14.85,22050.58,-1
2024-07-02,2024-07-02 12:02:00,1495.12,1495.12,1495.06,1495.06,-0.0,14.85,22050.58,-1
2024-07-02,2024-07-02 12:03:00,1495.06,1495.06,1495.0,1495.0,-0.0,14.85,22050.58,-1
2024-07-02,2024-07-02 12:04:00,1495.0,1495.0,1494.94,1494.94,-0.0,14.85,22050.58,-1
2024-07-02,2024-07-02 12:05:00,1494.94,1494.94,1494.88,1494.88,-0.0,14.85,22050.58,-1
2024-07-02,2024-07-02 12:06:00,1494.88,1494.88,1494.81,1494.81,-0.0,14.85,22050.58,-1
2024-07-02,2024-07-02 12:07:00,1494.81,1494.81,1494.75,1494.75,-0.0,14.85,22050.58,-1
2024-07-02,2024-07-02 12:08:00,1494.75,1494.75,1494.69,1494.69,-0.0,14.85,22050.58,-1
2024-07-02,2024-07-02 12:09:00,1494.69,1494.69,1494.62,1494.62,-0.0,14.85,22050.58,-1
2024-07-02,2024-07-02 12:10:00,1494.62,1494.62,1494.56,1494.56,-0.0,14.85,22050.58,-1
2024-07-02,2024-07-02 12:11:00,1494.56,1494.56,1494.5,1494.5,-0.0,14.85,22050.58,-1
2024-07-02,2024-07-02 12:12:00,1494.5,1494.5,1494.44,1494.44,-0.0,14.85,22050.58,-1
2024-07-02,2024-07-02 12:13:00,1494.44,1494.44,1494.38,1494.38,-0.0,14.85,22050.58,-1
2024-07-02,2024-07-02 12:14:00,1494.38,1494.38,1494.31,1494.31,-0.0,14.85,22050.58,-1
2024-07-02,2024-07-02 12:15:00,1494.31,1494.31,1494.25,1494.25,-0.0,14.85,22050.58,-1
2024-07-02,2024-07-02 12:16:00,1494.25,1494.25,1494.19,1494.19,-0.0,14.85,22050.58,-1
2024-07-02,2024-07-02 12:17:00,1494.19,1494.19,1494.12,1494.12,-0.0,14.85,22050.58,-1
2024-07-02,2024-07-02 12:18:00,1494.12,1494.12,1494.06,1494.06,-0.0,14.85,22050.58,-1
2024-07-02,2024-07-02 12:19:00,1494.06,1494.06,1494.0,1494.0,-0.0,14.85,22050.58,-1
2024-07-02,2024-07-02 12:20:00,1494.0,1494.0,1493.94,1493.94,-0.0,14.85,22050.58,-1
2024-07-02,2024-07-02 12:21:00,1493.94,1493.94,1493.88,1493.88,-0.0,14.85,22050.58,-1
2024-07-02,2024-07-02 12:22:00,1493.88,1493.88,1493.81,1493.81,-0.0,14.85,22050.58,-1
2024-07-02,2024-07-02 12:23:00,1493.81,1493.81,1493.75,1493.75,-0.0,14.85,22050.58,-1
2024-07-02,2024-07-02 12:24:00,1493.75,1493.75,1493.69,1493.69,-0.0,14.85,22050.58,-1
2024-07-02,2024-07-02 12:25:00,1493.69,1493.69,1493.62,1493.62,-0.0,14.85,22050.58,-1
2024-07-02,2024-07-02 12:26:00,1493.62,1493.62,1493.56,1493.56,-0.0,14.85,22050.58,-1
2024-07-02,2024-07-02 12:27:00,1493.56,1493.56,1493.5,1493.5,-0.0,14.85,22050.58,-1
2024-07-02,2024-07-02 12:28:00,1493.5,1493.5,1493.44,1493.44,-0.0,14.85,22050.58,-1
2024-07-02,2024-07-02 12:29:00,1493.44,1493.44,1493.38,1493.38,-0.0,14.85,22050.58,-1
2024-07-02,2024-07-02 12:30:00,1493.38,1493.38,1493.31,1493.31,-0.0,14.85,22050.58,-1
2024-07-02,2024-07-02 12:31:00,1493.31,1493.31,1493.25,1493.25,-0.0,14.85,22050.58,-1
2024-07-02,2024-07-02 12:32:00,1493.25,1493.25,1493.19,1493.19,-0.0,14.85,22050.58,-1
2024-07-02,2024-07-02 12:33:00,1493.19,1493.19,1493.12,1493.12,-0.0,14.85,22050.58,-1
2024-07-02,2024-07-02 12:34:00,1493.12,1493.12,1493.06,1493.06,-0.0,14.85,22050.58,-1
2024-07-02,2024-07-02 12:35:00,1493.06,1493.06,1493.0,1493.0,-0.0,14.85,22050.58,-1
2024-07-02,2024-07-02 12:36:00,1493.0,1493.0,1492.94,1492.94,-0.0,14.85,22050.58,-1
2024-07-02,2024-07-02 12:37:00,1492.94,1492.94,1492.88,1492.88,-0.0,14.85,22050.58,-1
2024-07-02,2024-07-02 12:38:00,1492.88,1492.88,1492.81,1492.81,-0.0,14.85,22050.58,-1
2024-07-02,2024-07-02 12:39:00,1492.81,1492.81,1492.75,1492.75,-0.0,14.85,22050.58,-1
2024-07-02,2024-07-02 12:40:00,1492.75,1492.75,1492.69,1492.69,-0.0,14.85,22050.58,-1
2024-07-02,2024-07-02 12:41:00,1492.69,1492.69,1492.62,1492.62,-0.0,14.85,22050.58,-1
2024-07-02,2024-07-02 12:42:00,1492.62,1492.62,1492.56,1492.56,-0.0,14.85,22050.58,-1
2024-07-02,2024-07-02 12:43:00,1492.56,1492.56,1492.5,1492.5,-0.0,14.85,22050.58,-1
2024-07-02,2024-07-02 12:44:00,1492.5,1492.5,1492.44,1492.44,-0.0,14.85,22050.58,-1
2024-07-02,2024-07-02 12:45:00,1492.44,1492.44,1492.38,1492.38,-0.0,14.85,22050.58,-1
2024-07-02,2024-07-02 12:46:00,1492.38,1492.38,1492.31,1492.31,-0.0,14.85,22050.58,-1
2024-07-02,2024-07-02 12:47:00,1492.31,1492.31,1492.25,1492.25,-0.0,14.85,22050.58,-1
2024-07-02,2024-07-02 12:48:00,1492.25,1492.25,1492.19,1492.19,-0.0,14.85,22050.58,-1
2024-07-02,2024-07-02 12:49:00,1492.19,1492.19,1492.12,1492.12,-0.0,14.85,22050.58,-1
2024-07-02,2024-07-02 12:50:00,1492.12,1492.12,1492.06,1492.06,-0.0,14.85,22050.58,-1
2024-07-02,2024-07-02 12:51:00,1492.06,1492.06,1492.0,1492.0,-0.0,14.85,22050.58,-1
2024-07-02,2024-07-02 12:52:00,1492.0,1492.0,1491.94,1491.94,-0.0,14.85,22050.58,-1
2024-07-02,2024-07-02 12:53:00,1491.94,1491.94,1491.88,1491.88,-0.0,14.85,22050.58,-1
2024-07-02,2024-07-02 12:54:00,1491.88,1491.88,1491.81,1491.81,-0.0,14.85,22050.58,-1
2024-07-02,2024-07-02 12:55:00,1491.81,1491.81,1491.75,1491.75,-0.0,14.85,22050.58,-1
2024-07-02,2024-07-02 12:56:00,1491.75,1491.75,1491.69,1491.69,-0.0,14.85,22050.58,-1
2024-07-02,2024-07-02 12:57:00,1491.69,1491.69,1491.62,1491.62,-0.0,14.85,22050.58,-1
2024-07-02,2024-07-02 12:58:00,1491.62,1491.62,1491.56,1491.56,-0.0,14.85,22050.58,-1
2024-07-02,2024-07-02 12:59:00,1491.56,1491.56,1491.5,1491.5,-0.0,14.85,22050.58,-1
2024-07-02,2024-07-02 13:00:00,1491.5,1549.0,1470.0,1491.44,-0.0,14.85,22050.58,-1
2024-07-02,2024-07-02 13:01:00,1491.44,1491.44,1491.38,1491.38,-0.0,14.85,22050.58,-1
2024-07-02,2024-07-02 13:02:00,1491.38,1491.38,1491.31,1491.31,-0.0,14.85,22050.58,-1
2024-07-02,2024-07-02 13:03:00,1491.31,1491.31,1491.25,1491.25,-0.0,14.85,22050.58,-1
2024-07-02,2024-07-02 13:04:00,1491.25,1491.25,1491.19,1491.19,-0.0,14.85,22050.58,-1
2024-07-02,2024-07-02 13:05:00,1491.19,1491.19,1491.12,1491.12,-0.0,14.85,22050.58,-1
2024-07-02,2024-07-02 13:06:00,1491.12,1491.12,1491.06,1491.06,-0.0,14.85,22050.58,-1
2024-07-02,2024-07-02 13:07:00,1491.06,1491.06,1491.0,1491.0,-0.0,14.85,22050.58,-1
2024-07-02,2024-07-02 13:08:00,1491.0,1491.0,1490.94,1490.94,-0.0,14.85,22050.58,-1
2024-07-02,2024-07-02 13:09:00,1490.94,1490.94,1490.88,1490.88,-0.0,14.85,22050.58,-1
2024-07-02,2024-07-02 13:10:00,1490.88,1490.88,1490.81,1490.81,-0.0,14.85,22050.58,-1
2024-07-02,2024-07-02 13:11:00,1490.81,1490.81,1490.75,1490.75,-0.0,14.85,22050.58,-1
2024-07-02,2024-07-02 13:12:00,1490.75,1490.75,1490.69,1490.69,-0.0,14.85,22050.58,-1
2024-07-02,2024-07-02 13:13:00,1490.69,1490.69,1490.62,1490.62,-0.0,14.85,22050.58,-1
2024-07-02,2024-07-02 13:14:00,1490.62,1490.62,1490.56,1490.56,-0.0,14.85,22050.58,-1
2024-07-02,2024-07-02 13:15:00,1490.56,1490.56,1490.5,1490.5,-0.0,14.85,22050.58,-1
2024-07-02,2024-07-02 13:16:00,1490.5,1490.5,1490.44,1490.44,-0.0,14.85,22050.58,-1
2024-07-02,2024-07-02 13:17:00,1490.44,1490.44,1490.38,1490.38,-0.0,14.85,22050.58,-1
2024-07-02,2024-07-02 13:18:00,1490.38,1490.38,1490.31,1490.31,-0.0,14.85,22050.58,-1
2024-07-02,2024-07-02 13:19:00,1490.31,1490.31,1490.25,1490.25,-0.0,14.85,22050.58,-1
2024-07-02,2024-07-02 13:20:00,1490.25,1490.25,1490.19,1490.19,-0.0,14.85,22050.58,-1
2024-07-02,2024-07-02 13:21:00,1490.19,1490.19,1490.12,1490.12,-0.0,14.85,22050.58,-1
2024-07-02,2024-07-02 13:22:00,1490.12,1490.12,1490.06,1490.06,-0.0,14.85,22050.58,-1
2024-07-02,2024-07-02 13:23:00,1490.06,1490.06,1490.0,1490.0,-0.0,14.85,22050.58,-1
2024-07-02,2024-07-02 13:24:00,1490.0,1490.0,1489.94,1489.94,-0.0,14.85,22050.58,-1
2024-07-02,2024-07-02 13:25:00,1489.94,1489.94,1489.88,1489.88,-0.0,14.85,22050.58,-1
2024-07-02,2024-07-02 13:26:00,1489.88,1489.88,1489.81,1489.81,-0.0,14.85,22050.58,-1
2024-07-02,2024-07-02 13:27:00,1489.81,1489.81,1489.75,1489.75,-0.0,14.85,22050.58,-1
2024-07-02,2024-07-02 13:28:00,1489.75,1489.75,1489.69,1489.69,-0.0,14.85,22050.58,-1
2024-07-02,2024-07-02 13:29:00,1489.69,1489.69,1489.62,1489.62,-0.0,14.85,22050.58,-1
2024-07-02,2024-07-02 13:30:00,1489.62,1489.62,1489.56,1489.56,-0.0,14.85,22050.58,-1
2024-07-02,2024-07-02 13:31:00,1489.56,1489.56,1489.5,1489.5,-0.0,14.85,22050.58,-1
2024-07-02,2024-07-02 13:32:00,1489.5,1489.5,1489.44,1489.44,-0.0,14.85,22050.58,-1
2024-07-02,2024-07-02 13:33:00,1489.44,1489.44,1489.38,1489.38,-0.0,14.85,22050.58,-1
2024-07-02,2024-07-02 13:34:00,1489.38,1489.38,1489.31,1489.31,-0.0,14.85,22050.58,-1
2024-07-02,2024-07-02 13:35:00,1489.31,1489.31,1489.25,1489.25,-0.0,14.85,22050.58,-1
2024-07-02,2024-07-02 13:36:00,1489.25,1489.25,1489.19,1489.19,-0.0,14.85,22050.58,-1
2024-07-02,2024-07-02 13:37:00,1489.19,1489.19,1489.12,1489.12,-0.0,14.85,22050.58,-1
2024-07-02,2024-07-02 13:38:00,1489.12,1489.12,1489.06,1489.06,-0.0,14.85,22050.58,-1
2024-07-02,2024-07-02 13:39:00,1489.06,1489.06,1489.0,1489.0,-0.0,14.85,22050.58,-1
2024-07-02,2024-07-02 13:40:00,1489.0,1489.0,1488.94,1488.94,-0.0,14.85,22050.58,-1
2024-07-02,2024-07-02 13:41:00,1488.94,1488.94,1488.88,1488.88,-0.0,14.85,22050.58,-1
2024-07-02,2024-07-02 13:42:00,1488.88,1488.88,1488.81,1488.81,-0.0,14.85,22050.58,-1
2024-07-02,2024-07-02 13:43:00,1488.81,1488.81,1488.75,1488.75,-0.0,14.85,22050.58,-1
2024-07-02,2024-07-02 13:44:00,1488.75,1488.75,1488.69,1488.69,-0.0,14.85,22050.58,-1
2024-07-02,2024-07-02 13:45:00,1488.69,1488.69,1488.62,1488.62,-0.0,14.85,22050.58,-1
2024-07-02,2024-07-02 13:46:00,1488.62,1488.62,1488.56,1488.56,-0.0,14.85,22050.58,-1
2024-07-02,2024-07-02 13:47:00,1488.56,1488.56,1488.5,1488.5,-0.0,14.85,22050.58,-1
2024-07-02,2024-07-02 13:48:00,1488.5,1488.5,1488.44,1488.44,-0.0,14.85,22050.58,-1
2024-07-02,2024-07-02 13:49:00,1488.44,1488.44,1488.38,1488.38,-0.0,14.85,22050.58,-1
2024-07-02,2024-07-02 13:50:00,1488.38,1488.38,1488.31,1488.31,-0.0,14.85,22050.58,-1
2024-07-02,2024-07-02 13:51:00,1488.31,1488.31,1488.25,1488.25,-0.0,14.85,22050.58,-1
2024-07-02,2024-07-02 13:52:00,1488.25,1488.25,1488.19,1488.19,-0.0,14.85,22050.58,-1
2024-07-02,2024-07-02 13:53:00,1488.19,1488.19,1488.12,1488.12,-0.0,14.85,22050.58,-1
2024-07-02,2024-07-02 13:54:00,1488.12,1488.12,1488.06,1488.06,-0.0,14.85,22050.58,-1
2024-07-02,2024-07-02 13:55:00,1488.06,1488.06,1488.0,1488.0,-0.0,14.85,22050.58,-1
2024-07-02,2024-07-02 13:56:00,1488.0,1488.0,1487.94,1487.94,-0.0,14.85,22050.58,-1
2024-07-02,2024-07-02 13:57:00,1487.94,1487.94,1487.88,1487.88,-0.0,14.85,22050.58,-1
2024-07-02,2024-07-02 13:58:00,1487.88,1487.88,1487.81,1487.81,-0.0,14.85,22050.58,-1
2024-07-02,2024-07-02 13:59:00,1487.81,1487.81,1487.75,1487.75,-0.0,14.85,22050.58,-1
2024-07-02,2024-07-02 14:00:00,1487.75,1487.75,1487.69,1487.69,-0.0,14.85,22050.58,-1
2024-07-02,2024-07-02 14:01:00,1487.69,1487.69,1487.62,1487.62,-0.0,14.85,22050.58,-1
2024-07-02,2024-07-02 14:02:00,1487.62,1487.62,1487.56,1487.56,-0.0,14.85,22050.58,-1
2024-07-02,2024-07-02 14:03:00,1487.56,1487.56,1487.5,1487.5,-0.0,14.85,22050.58,-1
2024-07-02,2024-07-02 14:04:00,1487.5,1487.5,1487.44,1487.44,-0.0,14.85,22050.58,-1
2024-07-02,2024-07-02 14:05:00,1487.44,1487.44,1487.38,1487.38,-0.0,14.85,22050.58,-1
2024-07-02,2024-07-02 14:06:00,1487.38,1487.38,1487.31,1487.31,-0.0,14.85,22050.58,-1
2024-07-02,2024-07-02 14:07:00,1487.31,1487.31,1487.25,1487.25,-0.0,14.85,22050.58,-1
2024-07-02,2024-07-02 14:08:00,1487.25,1487.25,1487.19,1487.19,-0.0,14.85,22050.58,-1
2024-07-02,2024-07-02 14:09:00,1487.19,1487.19,1487.12,1487.12,-0.0,14.85,22050.58,-1
2024-07-02,2024-07-02 14:10:00,1487.12,1487.12,1487.06,1487.06,-0.0,14.85,22050.58,-1
2024-07-02,2024-07-02 14:11:00,1487.06,1487.06,1487.0,1487.0,-0.0,14.85,22050.58,-1
2024-07-02,2024-07-02 14:12:00,1487.0,1487.0,1486.94,1486.94,-0.0,14.85,22050.58,-1
2024-07-02,2024-07-02 14:13:00,1486.94,1486.94,1486.88,1486.88,-0.0,14.85,22050.58,-1
2024-07-02,2024-07-02 14:14:00,1486.88,1486.88,1486.81,1486.81,-0.0,14.85,22050.58,-1
2024-07-02,2024-07-02 14:15:00,1486.81,1486.81,1486.75,1486.75,-0.0,14.85,22050.58,-1
2024-07-02,2024-07-02 14:16:00,1486.75,1486.75,1486.69,1486.69,-0.0,14.85,22050.58,-1
2024-07-02,2024-07-02 14:17:00,1486.69,1486.69,1486.62,1486.62,-0.0,14.85,22050.58,-1
2024-07-02,2024-07-02 14:18:00,1486.62,1486.62,1486.56,1486.56,-0.0,14.85,22050.58,-1
2024-07-02,2024-07-02 14:19:00,1486.56,1486.56,1486.5,1486.5,-0.0,14.85,22050.58,-1
2024-07-02,2024-07-02 14:20:00,1486.5,1486.5,1486.44,1486.44,-0.0,14.85,22050.58,-1
2024-07-02,2024-07-02 14:21:00,1486.44,1486.44,1486.38,1486.38,-0.0,14.85,22050.58,-1
2024-07-02,2024-07-02 14:22:00,1486.38,1486.38,1486.31,1486.31,-0.0,14.85,22050.58,-1
2024-07-02,2024-07-02 14:23:00,1486.31,1486.31,1486.25,1486.25,-0.0,14.85,22050.58,-1
2024-07-02,2024-07-02 14:24:00,1486.25,1486.25,1486.19,1486.19,-0.0,14.85,22050.58,-1
2024-07-02,2024-07-02 14:25:00,1486.19,1486.19,1486.12,1486.12,-0.0,14.85,22050.58,-1
2024-07-02,2024-07-02 14:26:00,1486.12,1486.12,1486.06,1486.06,-0.0,14.85,22050.58,-1
2024-07-02,2024-07-02 14:27:00,1486.06,1486.06,1486.0,1486.0,-0.0,14.85,22050.58,-1
2024-07-02,2024-07-02 14:28:00,1486.0,1486.0,1485.94,1485.94,-0.0,14.85,22050.58,-1
2024-07-02,2024-07-02 14:29:00,1485.94,1485.94,1485.88,1485.88,-0.0,14.85,22050.58,-1
2024-07-02,2024-07-02 14:30:00,1485.88,1485.88,1485.81,1485.81,-0.0,14.85,22050.58,-1
2024-07-02,2024-07-02 14:31:00,1485.81,1485.81,1485.75,1485.75,-0.0,14.85,22050.58,-1
2024-07-02,2024-07-02 14:32:00,1485.75,1485.75,1485.69,1485.69,-0.0,14.85,22050.58,-1
2024-07-02,2024-07-02 14:33:00,1485.69,1485.69,1485.62,1485.62,-0.0,14.85,22050.58,-1
2024-07-02,2024-07-02 14:34:00,1485.62,1485.62,1485.56,1485.56,-0.0,14.85,22050.58,-1
2024-07-02,2024-07-02 14:35:00,1485.56,1485.56,1485.5,1485.5,-0.0,14.85,22050.58,-1
2024-07-02,2024-07-02 14:36:00,1485.5,1485.5,1485.44,1485.44,-0.0,14.85,22050.58,-1
2024-07-02,2024-07-02 14:37:00,1485.44,1485.44,1485.38,1485.38,-0.0,14.85,22050.58,-1
2024-07-02,2024-07-02 14:38:00,1485.38,1485.38,1485.31,1485.31,-0.0,14.85,22050.58,-1
2024-07-02,2024-07-02 14:39:00,1485.31,1485.31,1485.25,1485.25,-0.0,14.85,22050.58,-1
2024-07-02,2024-07-02 14:40:00,1485.25,1485.25,1485.19,1485.19,-0.0,14.85,22050.58,-1
2024-07-02,2024-07-02 14:41:00,1485.19,1485.19,1485.12,1485.12,-0.0,14.85,22050.58,-1
2024-07-02,2024-07-02 14:42:00,1485.12,1485.12,1485.06,1485.06,-0.0,14.85,22050.58,-1
2024-07-02,2024-07-02 14:43:00,1485.06,1485.06,1485.0,1485.0,-0.0,14.85,22050.58,-1
2024-07-02,2024-07-02 14:44:00,1485.0,1485.0,1484.94,1484.94,-0.0,14.85,22050.58,-1
2024-07-02,2024-07-02 14:45:00,1484.94,1484.94,1484.88,1484.88,-0.0,14.85,22050.58,-1
2024-07-02,2024-07-02 14:46:00,1484.88,1484.88,1484.81,1484.81,-0.0,14.85,22050.58,-1
2024-07-02,2024-07-02 14:47:00,1484.81,1484.81,1484.75,1484.75,-0.0,14.85,22050.58,-1
2024-07-02,2024-07-02 14:48:00,1484.75,1484.75,1484.69,1484.69,-0.0,14.85,22050.58,-1
2024-07-02,2024-07-02 14:49:00,1484.69,1484.69,1484.62,1484.62,-0.0,14.85,22050.58,-1
2024-07-02,2024-07-02 14:50:00,1484.62,1484.62,1484.56,1484.56,-0.0,14.85,22050.58,-1
2024-07-02,2024-07-02 14:51:00,1484.56,1484.56,1484.5,1484.5,-0.0,14.85,22050.58,-1
2024-07-02,2024-07-02 14:52:00,1484.5,1484.5,1484.44,1484.44,-0.0,14.85,22050.58,-1
2024-07-02,2024-07-02 14:53:00,1484.44,1484.44,1484.38,1484.38,-0.0,14.85,22050.58,-1
2024-07-02,2024-07-02 14:54:00,1484.38,1484.38,1484.31,1484.31,-0.0,14.85,22050.58,-1
2024-07-02,2024-07-02 14:55:00,1484.31,1484.31,1484.25,1484.25,-0.0,14.85,22050.58,-1
2024-07-02,2024-07-02 14:56:00,1484.25,1484.25,1484.19,1484.19,-0.0,14.85,22050.58,-1
2024-07-02,2024-07-02 14:57:00,1484.19,1484.19,1484.12,1484.12,-0.0,14.85,22050.58,-1
2024-07-02,2024-07-02 14:58:00,1484.12,1484.12,1484.06,1484.06,-0.0,14.85,22050.58,-1
2024-07-02,2024-07-02 14:59:00,1484.06,1484.06,1484.0,1484.0,-0.0,14.85,22050.58,-1
2024-07-02,2024-07-02 15:00:00,1484.0,1549.0,1470.0,1484.0,0.0,14.85,22050.58,0
2024-07-03,2024-07-03 11:00:00,1456.0,1466.2,1456.0,1456.11,0.01,9.72,14313.22,1
2024-07-03,2024-07-03 11:01:00,1456.11,1456.22,1456.11,1456.22,0.01,9.72,14313.22,1
2024-07-03,2024-07-03 11:02:00,1456.22,1456.32,1456.22,1456.32,0.01,9.72,14313.22,1
2024-07-03,2024-07-03 11:03:00,1456.32,1456.43,1456.32,1456.43,0.01,9.72,14313.22,1
2024-07-03,2024-07-03 11:04:00,1456.43,1456.54,1456.43,1456.54,0.01,9.72,14313.22,1
2024-07-03,2024-07-03 11:05:00,1456.54,1456.65,1456.54,1456.65,0.01,9.72,14313.22,1
2024-07-03,2024-07-03 11:06:00,1456.65,1456.76,1456.65,1456.76,0.01,9.72,14313.22,1
2024-07-03,2024-07-03 11:07:00,1456.76,1456.86,1456.76,1456.86,0.01,9.72,14313.22,1
2024-07-03,2024-07-03 11:08:00,1456.86,1456.97,1456.86,1456.97,0.01,9.72,14313.22,1
2024-07-03,2024-07-03 11:09:00,1456.97,1457.08,1456.97,1457.08,0.01,9.72,14313.22,1
2024-07-03,2024-07-03 11:10:00,1457.08,1457.19,1457.08,1457.19,0.01,9.72,14313.22,1
2024-07-03,2024-07-03 11:11:00,1457.19,1457.3,1457.19,1457.3,0.01,9.72,14313.22,1
2024-07-03,2024-07-03 11:12:00,1457.3,1457.4,1457.3,1457.4,0.01,9.72,14313.22,1
2024-07-03,2024-07-03 11:13:00,1457.4,1457.51,1457.4,1457.51,0.01,9.72,14313.22,1
2024-07-03,2024-07-03 11:14:00,1457.51,1457.62,1457.51,1457.62,0.01,9.72,14313.22,1
2024-07-03,2024-07-03 11:15:00,1457.62,1457.73,1457.62,1457.73,0.01,9.72,14313.22,1
2024-07-03,2024-07-03 11:16:00,1457.73,1457.83,1457.73,1457.83,0.01,9.72,14313.22,1
2024-07-03,2024-07-03 11:17:00,1457.83,1457.94,1457.83,1457.94,0.01,9.72,14313.22,1
2024-07-03,2024-07-03 11:18:00,1457.94,1458.05,1457.94,1458.05,0.01,9.72,14313.22,1
2024-07-03,2024-07-03 11:19:00,1458.05,1458.16,1458.05,1458.16,0.01,9.72,14313.22,1
2024-07-03,2024-07-03 11:20:00,1458.16,1458.27,1458.16,1458.27,0.01,9.72,14313.22,1
2024-07-03,2024-07-03 11:21:00,1458.27,1458.37,1458.27,1458.37,0.01,9.72,14313.22,1
2024-07-03,2024-07-03 11:22:00,1458.37,1458.48,1458.37,1458.48,0.01,9.72,14313.22,1
2024-07-03,2024-07-03 11:23:00,1458.48,1458.59,1458.48,1458.59,0.01,9.72,14313.22,1
2024-07-03,2024-07-03 11:24:00,1458.59,1458.7,1458.59,1458.7,0.01,9.72,14313.22,1
2024-07-03,2024-07-03 11:25:00,1458.7,1458.81,1458.7,1458.81,0.01,9.72,14313.22,1
2024-07-03,2024-07-03 11:26:00,1458.81,1458.91,1458.81,1458.91,0.01,9.72,14313.22,1
2024-07-03,2024-07-03 11:27:00,1458.91,1459.02,1458.91,1459.02,0.01,9.72,14313.22,1
2024-07-03,2024-07-03 11:28:00,1459.02,1459.13,1459.02,1459.13,0.01,9.72,14313.22,1
2024-07-03,2024-07-03 11:29:00,1459.13,1459.24,1459.13,1459.24,0.01,9.72,14313.22,1
2024-07-03,2024-07-03 11:30:00,1459.24,1459.35,1459.24,1459.35,0.01,9.72,14313.22,1
2024-07-03,2024-07-03 11:31:00,1459.35,1459.45,1459.35,1459.45,0.01,9.72,14313.22,1
2024-07-03,2024-07-03 11:32:00,1459.45,1459.56,1459.45,1459.56,0.01,9.72,14313.22,1
2024-07-03,2024-07-03 11:33:00,1459.56,1459.67,1459.56,1459.67,0.01,9.72,14313.22,1
2024-07-03,2024-07-03 11:34:00,1459.67,1459.78,1459.67,1459.78,0.01,9.72,14313.22,1
2024-07-03,2024-07-03 11:35:00,1459.78,1459.88,1459.78,1459.88,0.01,9.72,14313.22,1
2024-07-03,2024-07-03 11:36:00,1459.88,1459.99,1459.88,1459.99,0.01,9.72,14313.22,1
2024-07-03,2024-07-03 11:37:00,1459.99,1460.1,1459.99,1460.1,0.01,9.72,14313.22,1
2024-07-03,2024-07-03 11:38:00,1460.1,1460.21,1460.1,1460.21,0.01,9.72,14313.22,1
2024-07-03,2024-07-03 11:39:00,1460.21,1460.32,1460.21,1460.32,0.01,9.72,14313.22,1
2024-07-03,2024-07-03 11:40:00,1460.32,1460.42,1460.32,1460.42,0.01,9.72,14313.22,1
2024-07-03,2024-07-03 11:41:00,1460.42,1460.53,1460.42,1460.53,0.01,9.72,14313.22,1
2024-07-03,2024-07-03 11:42:00,1460.53,1460.64,1460.53,1460.64,0.01,9.72,14313.22,1
2024-07-03,2024-07-03 11:43:00,1460.64,1460.75,1460.64,1460.75,0.01,9.72,14313.22,1
2024-07-03,2024-07-03 11:44:00,1460.75,1460.86,1460.75,1460.86,0.01,9.72,14313.22,1
2024-07-03,2024-07-03 11:45:00,1460.86,1460.96,1460.86,1460.96,0.01,9.72,14313.22,1
2024-07-03,2024-07-03 11:46:00,1460.96,1461.07,1460.96,1461.07,0.01,9.72,14313.22,1
2024-07-03,2024-07-03 11:47:00,1461.07,1461.18,1461.07,1461.18,0.01,9.72,14313.22,1
2024-07-03,2024-07-03 11:48:00,1461.18,1461.29,1461.18,1461.29,0.01,9.72,14313.22,1
2024-07-03,2024-07-03 11:49:00,1461.29,1461.4,1461.29,1461.4,0.01,9.72,14313.22,1
2024-07-03,2024-07-03 11:50:00,1461.4,1461.5,1461.4,1461.5,0.01,9.72,14313.22,1
2024-07-03,2024-07-03 11:51:00,1461.5,1461.61,1461.5,1461.61,0.01,9.72,14313.22,1
2024-07-03,2024-07-03 11:52:00,1461.61,1461.72,1461.61,1461.72,0.01,9.72,14313.22,1
2024-07-03,2024-07-03 11:53:00,1461.72,1461.83,1461.72,1461.83,0.01,9.72,14313.22,1
2024-07-03,2024-07-03 11:54:00,1461.83,1461.94,1461.83,1461.94,0.01,9.72,14313.22,1
2024-07-03,2024-07-03 11:55:00,1461.94,1462.04,1461.94,1462.04,0.01,9.72,14313.22,1
2024-07-03,2024-07-03 11:56:00,1462.04,1462.15,1462.04,1462.15,0.01,9.72,14313.22,1
2024-07-03,2024-07-03 11:57:00,1462.15,1462.26,1462.15,1462.26,0.01,9.72,14313.22,1
2024-07-03,2024-07-03 11:58:00,1462.26,1462.37,1462.26,1462.37,0.01,9.72,14313.22,1
2024-07-03,2024-07-03 11:59:00,1462.37,1462.47,1462.37,1462.47,0.01,9.72,14313.22,1
2024-07-03,2024-07-03 12:00:00,1462.47,1462.58,1462.47,1462.58,0.01,9.72,14313.22,1
2024-07-03,2024-07-03 12:01:00,1462.58,1462.69,1462.58,1462.69,0.01,9.72,14313.22,1
2024-07-03,2024-07-03 12:02:00,1462.69,1462.8,1462.69,1462.8,0.01,9.72,14313.22,1
2024-07-03,2024-07-03 12:03:00,1462.8,1462.91,1462.8,1462.91,0.01,9.72,14313.22,1
2024-07-03,2024-07-03 12:04:00,1462.91,1463.01,1462.91,1463.01,0.01,9.72,14313.22,1
2024-07-03,2024-07-03 12:05:00,1463.01,1463.12,1463.01,1463.12,0.01,9.72,14313.22,1
2024-07-03,2024-07-03 12:06:00,1463.12,1463.23,1463.12,1463.23,0.01,9.72,14313.22,1
2024-07-03,2024-07-03 12:07:00,1463.23,1463.34,1463.23,1463.34,0.01,9.72,14313.22,1
2024-07-03,2024-07-03 12:08:00,1463.34,1463.45,1463.34,1463.45,0.01,9.72,14313.22,1
2024-07-03,2024-07-03 12:09:00,1463.45,1463.55,1463.45,1463.55,0.01,9.72,14313.22,1
2024-07-03,2024-07-03 12:10:00,1463.55,1463.66,1463.55,1463.66,0.01,9.72,14313.22,1
2024-07-03,2024-07-03 12:11:00,1463.66,1463.77,1463.66,1463.77,0.01,9.72,14313.22,1
2024-07-03,2024-07-03 12:12:00,1463.77,1463.88,1463.77,1463.88,0.01,9.72,14313.22,1
2024-07-03,2024-07-03 12:13:00,1463.88,1463.99,1463.88,1463.99,0.01,9.72,14313.22,1
2024-07-03,2024-07-03 12:14:00,1463.99,1464.09,1463.99,1464.09,0.01,9.72,14313.22,1
2024-07-03,2024-07-03 12:15:00,1464.09,1464.2,1464.09,1464.2,0.01,9.72,14313.22,1
2024-07-03,2024-07-03 12:16:00,1464.2,1464.31,1464.2,1464.31,0.01,9.72,14313.22,1
2024-07-03,2024-07-03 12:17:00,1464.31,1464.42,1464.31,1464.42,0.01,9.72,14313.22,1
2024-07-03,2024-07-03 12:18:00,1464.42,1464.53,1464.42,1464.53,0.01,9.72,14313.22,1
2024-07-03,2024-07-03 12:19:00,1464.53,1464.63,1464.53,1464.63,0.01,9.72,14313.22,1
2024-07-03,2024-07-03 12:20:00,1464.63,1464.74,1464.63,1464.74,0.01,9.72,14313.22,1
2024-07-03,2024-07-03 12:21:00,1464.74,1464.85,1464.74,1464.85,0.01,9.72,14313.22,1
2024-07-03,2024-07-03 12:22:00,1464.85,1464.96,1464.85,1464.96,0.01,9.72,14313.22,1
2024-07-03,2024-07-03 12:23:00,1464.96,1465.07,1464.96,1465.07,0.01,9.72,14313.22,1
2024-07-03,2024-07-03 12:24:00,1465.07,1465.17,1465.07,1465.17,0.01,9.72,14313.22,1
2024-07-03,2024-07-03 12:25:00,1465.17,1465.28,1465.17,1465.28,0.01,9.72,14313.22,1
2024-07-03,2024-07-03 12:26:00,1465.28,1465.39,1465.28,1465.39,0.01,9.72,14313.22,1
2024-07-03,2024-07-03 12:27:00,1465.39,1465.5,1465.39,1465.5,0.01,9.72,14313.22,1
2024-07-03,2024-07-03 12:28:00,1465.5,1465.6,1465.5,1465.6,0.01,9.72,14313.22,1
2024-07-03,2024-07-03 12:29:00,1465.6,1465.71,1465.6,1465.71,0.01,9.72,14313.22,1
2024-07-03,2024-07-03 12:30:00,1465.71,1465.82,1465.71,1465.82,0.01,9.72,14313.22,1
2024-07-03,2024-07-03 12:31:00,1465.82,1465.93,1465.82,1465.93,0.01,9.72,14313.22,1
2024-07-03,2024-07-03 12:32:00,1465.93,1466.04,1465.93,1466.04,0.01,9.72,14313.22,1
2024-07-03,2024-07-03 12:33:00,1466.04,1466.14,1466.04,1466.14,0.01,9.72,14313.22,1
2024-07-03,2024-07-03 12:34:00,1466.14,1466.25,1466.14,1466.25,0.01,9.72,14313.22,1
2024-07-03,2024-07-03 12:35:00,1466.25,1466.36,1466.25,1466.36,0.01,9.72,14313.22,1
2024-07-03,2024-07-03 12:36:00,1466.36,1466.47,1466.36,1466.47,0.01,9.72,14313.22,1
2024-07-03,2024-07-03 12:37:00,1466.47,1466.58,1466.47,1466.58,0.01,9.72,14313.22,1
2024-07-03,2024-07-03 12:38:00,1466.58,1466.68,1466.58,1466.68,0.01,9.72,14313.22,1
2024-07-03,2024-07-03 12:39:00,1466.68,1466.79,1466.68,1466.79,0.01,9.72,14313.22,1
2024-07-03,2024-07-03 12:40:00,1466.79,1466.9,1466.79,1466.9,0.01,9.72,14313.22,1
2024-07-03,2024-07-03 12:41:00,1466.9,1467.01,1466.9,1467.01,0.01,9.72,14313.22,1
2024-07-03,2024-07-03 12:42:00,1467.01,1467.12,1467.01,1467.12,0.01,9.72,14313.22,1
2024-07-03,2024-07-03 12:43:00,1467.12,1467.22,1467.12,1467.22,0.01,9.72,14313.22,1
2024-07-03,2024-07-03 12:44:00,1467.22,1467.33,1467.22,1467.33,0.01,9.72,14313.22,1
2024-07-03,2024-07-03 12:45:00,1467.33,1467.44,1467.33,1467.44,0.01,9.72,14313.22,1
2024-07-03,2024-07-03 12:46:00,1467.44,1467.55,1467.44,1467.55,0.01,9.72,14313.22,1
2024-07-03,2024-07-03 12:47:00,1467.55,1467.65,1467.55,1467.65,0.01,9.72,14313.22,1
2024-07-03,2024-07-03 12:48:00,1467.65,1467.76,1467.65,1467.76,0.01,9.72,14313.22,1
2024-07-03,2024-07-03 12:49:00,1467.76,1467.87,1467.76,1467.87,0.01,9.72,14313.22,1
2024-07-03,2024-07-03 12:50:00,1467.87,1467.98,1467.87,1467.98,0.01,9.72,14313.22,1
2024-07-03,2024-07-03 12:51:00,1467.98,1468.09,1467.98,1468.09,0.01,9.72,14313.22,1
2024-07-03,2024-07-03 12:52:00,1468.09,1468.19,1468.09,1468.19,0.01,9.72,14313.22,1
2024-07-03,2024-07-03 12:53:00,1468.19,1468.3,1468.19,1468.3,0.01,9.72,14313.22,1
2024-07-03,2024-07-03 12:54:00,1468.3,1468.41,1468.3,1468.41,0.01,9.72,14313.22,1
2024-07-03,2024-07-03 12:55:00,1468.41,1468.52,1468.41,1468.52,0.01,9.72,14313.22,1
2024-07-03,2024-07-03 12:56:00,1468.52,1468.63,1468.52,1468.63,0.01,9.72,14313.22,1
2024-07-03,2024-07-03 12:57:00,1468.63,1468.73,1468.63,1468.73,0.01,9.72,14313.22,1
2024-07-03,2024-07-03 12:58:00,1468.73,1468.84,1468.73,1468.84,0.01,9.72,14313.22,1
2024-07-03,2024-07-03 12:59:00,1468.84,1468.95,1468.84,1468.95,0.01,9.72,14313.22,1
2024-07-03,2024-07-03 13:00:00,1468.95,1490.0,1456.0,1469.06,0.01,9.72,14313.22,1
2024-07-03,2024-07-03 13:01:00,1469.06,1469.17,1469.06,1469.17,0.01,9.72,14313.22,1
2024-07-03,2024-07-03 13:02:00,1469.17,1469.27,1469.17,1469.27,0.01,9.72,14313.22,1
2024-07-03,2024-07-03 13:03:00,1469.27,1469.38,1469.27,1469.38,0.01,9.72,14313.22,1
2024-07-03,2024-07-03 13:04:00,1469.38,1469.49,1469.38,1469.49,0.01,9.72,14313.22,1
2024-07-03,2024-07-03 13:05:00,1469.49,1469.6,1469.49,1469.6,0.01,9.72,14313.22,1
2024-07-03,2024-07-03 13:06:00,1469.6,1469.71,1469.6,1469.71,0.01,9.72,14313.22,1
2024-07-03,2024-07-03 13:07:00,1469.71,1469.81,1469.71,1469.81,0.01,9.72,14313.22,1
2024-07-03,2024-07-03 13:08:00,1469.81,1469.92,1469.81,1469.92,0.01,9.72,14313.22,1
2024-07-03,2024-07-03 13:09:00,1469.92,1470.03,1469.92,1470.03,0.01,9.72,14313.22,1
2024-07-03,2024-07-03 13:10:00,1470.03,1470.14,1470.03,1470.14,0.01,9.72,14313.22,1
2024-07-03,2024-07-03 13:11:00,1470.14,1470.25,1470.14,1470.25,0.01,9.72,14313.22,1
2024-07-03,2024-07-03 13:12:00,1470.25,1470.35,1470.25,1470.35,0.01,9.72,14313.22,1
2024-07-03,2024-07-03 13:13:00,1470.35,1470.46,1470.35,1470.46,0.01,9.72,14313.22,1
2024-07-03,2024-07-03 13:14:00,1470.46,1470.57,1470.46,1470.57,0.01,9.72,14313.22,1
2024-07-03,2024-07-03 13:15:00,1470.57,1470.68,1470.57,1470.68,0.01,9.72,14313.22,1
2024-07-03,2024-07-03 13:16:00,1470.68,1470.78,1470.68,1470.78,0.01,9.72,14313.22,1
2024-07-03,2024-07-03 13:17:00,1470.78,1470.89,1470.78,1470.89,0.01,9.72,14313.22,1
2024-07-03,2024-07-03 13:18:00,1470.89,1471.0,1470.89,1471.0,0.01,9.72,14313.22,1
2024-07-03,2024-07-03 13:19:00,1471.0,1471.11,1471.0,1471.11,0.01,9.72,14313.22,1
2024-07-03,2024-07-03 13:20:00,1471.11,1471.22,1471.11,1471.22,0.01,9.72,14313.22,1
2024-07-03,2024-07-03 13:21:00,1471.22,1471.32,1471.22,1471.32,0.01,9.72,14313.22,1
2024-07-03,2024-07-03 13:22:00,1471.32,1471.43,1471.32,1471.43,0.01,9.72,14313.22,1
2024-07-03,2024-07-03 13:23:00,1471.43,1471.54,1471.43,1471.54,0.01,9.72,14313.22,1
2024-07-03,2024-07-03 13:24:00,1471.54,1471.65,1471.54,1471.65,0.01,9.72,14313.22,1
2024-07-03,2024-07-03 13:25:00,1471.65,1471.76,1471.65,1471.76,0.01,9.72,14313.22,1
2024-07-03,2024-07-03 13:26:00,1471.76,1471.86,1471.76,1471.86,0.01,9.72,14313.22,1
2024-07-03,2024-07-03 13:27:00,1471.86,1471.97,1471.86,1471.97,0.01,9.72,14313.22,1
2024-07-03,2024-07-03 13:28:00,1471.97,1472.08,1471.97,1472.08,0.01,9.72,14313.22,1
2024-07-03,2024-07-03 13:29:00,1472.08,1472.19,1472.08,1472.19,0.01,9.72,14313.22,1
2024-07-03,2024-07-03 13:30:00,1472.19,1472.3,1472.19,1472.3,0.01,9.72,14313.22,1
2024-07-03,2024-07-03 13:31:00,1472.3,1472.4,1472.3,1472.4,0.01,9.72,14313.22,1
2024-07-03,2024-07-03 13:32:00,1472.4,1472.51,1472.4,1472.51,0.01,9.72,14313.22,1
2024-07-03,2024-07-03 13:33:00,1472.51,1472.62,1472.51,1472.62,0.01,9.72,14313.22,1
2024-07-03,2024-07-03 13:34:00,1472.62,1472.73,1472.62,1472.73,0.01,9.72,14313.22,1
2024-07-03,2024-07-03 13:35:00,1472.73,1472.84,1472.73,1472.84,0.01,9.72,14313.22,1
2024-07-03,2024-07-03 13:36:00,1472.84,1472.94,1472.84,1472.94,0.01,9.72,14313.22,1
2024-07-03,2024-07-03 13:37:00,1472.94,1473.05,1472.94,1473.05,0.01,9.72,14313.22,1
2024-07-03,2024-07-03 13:38:00,1473.05,1473.16,1473.05,1473.16,0.01,9.72,14313.22,1
2024-07-03,2024-07-03 13:39:00,1473.16,1473.27,1473.16,1473.27,0.01,9.72,14313.22,1
2024-07-03,2024-07-03 13:40:00,1473.27,1473.37,1473.27,1473.37,0.01,9.72,14313.22,1
2024-07-03,2024-07-03 13:41:00,1473.37,1473.48,1473.37,1473.48,0.01,9.72,14313.22,1
2024-07-03,2024-07-03 13:42:00,1473.48,1473.59,1473.48,1473.59,0.01,9.72,14313.22,1
2024-07-03,2024-07-03 13:43:00,1473.59,1473.7,1473.59,1473.7,0.01,9.72,14313.22,1
2024-07-03,2024-07-03 13:44:00,1473.7,1473.81,1473.7,1473.81,0.01,9.72,14313.22,1
2024-07-03,2024-07-03 13:45:00,1473.81,1473.91,1473.81,1473.91,0.01,9.72,14313.22,1
2024-07-03,2024-07-03 13:46:00,1473.91,1474.02,1473.91,1474.02,0.01,9.72,14313.22,1
2024-07-03,2024-07-03 13:47:00,1474.02,1474.13,1474.02,1474.13,0.01,9.72,14313.22,1
2024-07-03,2024-07-03 13:48:00,1474.13,1474.24,1474.13,1474.24,0.01,9.72,14313.22,1
2024-07-03,2024-07-03 13:49:00,1474.24,1474.35,1474.24,1474.35,0.01,9.72,14313.22,1
2024-07-03,2024-07-03 13:50:00,1474.35,1474.45,1474.35,1474.45,0.01,9.72,14313.22,1
2024-07-03,2024-07-03 13:51:00,1474.45,1474.56,1474.45,1474.56,0.01,9.72,14313.22,1
2024-07-03,2024-07-03 13:52:00,1474.56,1474.67,1474.56,1474.67,0.01,9.72,14313.22,1
2024-07-03,2024-07-03 13:53:00,1474.67,1474.78,1474.67,1474.78,0.01,9.72,14313.22,1
2024-07-03,2024-07-03 13:54:00,1474.78,1474.89,1474.78,1474.89,0.01,9.72,14313.22,1
2024-07-03,2024-07-03 13:55:00,1474.89,1474.99,1474.89,1474.99,0.01,9.72,14313.22,1
2024-07-03,2024-07-03 13:56:00,1474.99,1475.1,1474.99,1475.1,0.01,9.72,14313.22,1
2024-07-03,2024-07-03 13:57:00,1475.1,1475.21,1475.1,1475.21,0.01,9.72,14313.22,1
2024-07-03,2024-07-03 13:58:00,1475.21,1475.32,1475.21,1475.32,0.01,9.72,14313.22,1
2024-07-03,2024-07-03 13:59:00,1475.32,1475.43,1475.32,1475.43,0.01,9.72,14313.22,1
2024-07-03,2024-07-03 14:00:00,1475.43,1475.53,1475.43,1475.53,0.01,9.72,14313.22,1
2024-07-03,2024-07-03 14:01:00,1475.53,1475.64,1475.53,1475.64,0.01,9.72,14313.22,1
2024-07-03,2024-07-03 14:02:00,1475.64,1475.75,1475.64,1475.75,0.01,9.72,14313.22,1
2024-07-03,2024-07-03 14:03:00,1475.75,1475.86,1475.75,1475.86,0.01,9.72,14313.22,1
2024-07-03,2024-07-03 14:04:00,1475.86,1475.96,1475.86,1475.96,0.01,9.72,14313.22,1
2024-07-03,2024-07-03 14:05:00,1475.96,1476.07,1475.96,1476.07,0.01,9.72,14313.22,1
2024-07-03,2024-07-03 14:06:00,1476.07,1476.18,1476.07,1476.18,0.01,9.72,14313.22,1
2024-07-03,2024-07-03 14:07:00,1476.18,1476.29,1476.18,1476.29,0.01,9.72,14313.22,1
2024-07-03,2024-07-03 14:08:00,1476.29,1476.4,1476.29,1476.4,0.01,9.72,14313.22,1
2024-07-03,2024-07-03 14:09:00,1476.4,1476.5,1476.4,1476.5,0.01,9.72,14313.22,1
2024-07-03,2024-07-03 14:10:00,1476.5,1476.61,1476.5,1476.61,0.01,9.72,14313.22,1
2024-07-03,2024-07-03 14:11:00,1476.61,1476.72,1476.61,1476.72,0.01,9.72,14313.22,1
2024-07-03,2024-07-03 14:12:00,1476.72,1476.83,1476.72,1476.83,0.01,9.72,14313.22,1
2024-07-03,2024-07-03 14:13:00,1476.83,1476.94,1476.83,1476.94,0.01,9.72,14313.22,1
2024-07-03,2024-07-03 14:14:00,1476.94,1477.04,1476.94,1477.04,0.01,9.72,14313.22,1
2024-07-03,2024-07-03 14:15:00,1477.04,1477.15,1477.04,1477.15,0.01,9.72,14313.22,1
2024-07-03,2024-07-03 14:16:00,1477.15,1477.26,1477.15,1477.26,0.01,9.72,14313.22,1
2024-07-03,2024-07-03 14:17:00,1477.26,1477.37,1477.26,1477.37,0.01,9.72,14313.22,1
2024-07-03,2024-07-03 14:18:00,1477.37,1477.48,1477.37,1477.48,0.01,9.72,14313.22,1
2024-07-03,2024-07-03 14:19:00,1477.48,1477.58,1477.48,1477.58,0.01,9.72,14313.22,1
2024-07-03,2024-07-03 14:20:00,1477.58,1477.69,1477.58,1477.69,0.01,9.72,14313.22,1
2024-07-03,2024-07-03 14:21:00,1477.69,1477.8,1477.69,1477.8,0.01,9.72,14313.22,1
2024-07-03,2024-07-03 14:22:00,1477.8,1477.91,1477.8,1477.91,0.01,9.72,14313.22,1
2024-07-03,2024-07-03 14:23:00,1477.91,1478.02,1477.91,1478.02,0.01,9.72,14313.22,1
2024-07-03,2024-07-03 14:24:00,1478.02,1478.12,1478.02,1478.12,0.01,9.72,14313.22,1
2024-07-03,2024-07-03 14:25:00,1478.12,1478.23,1478.12,1478.23,0.01,9.72,14313.22,1
2024-07-03,2024-07-03 14:26:00,1478.23,1478.34,1478.23,1478.34,0.01,9.72,14313.22,1
2024-07-03,2024-07-03 14:27:00,1478.34,1478.45,1478.34,1478.45,0.01,9.72,14313.22,1
2024-07-03,2024-07-03 14:28:00,1478.45,1478.55,1478.45,1478.55,0.01,9.72,14313.22,1
2024-07-03,2024-07-03 14:29:00,1478.55,1478.66,1478.55,1478.66,0.01,9.72,14313.22,1
2024-07-03,2024-07-03 14:30:00,1478.66,1478.77,1478.66,1478.77,0.01,9.72,14313.22,1
2024-07-03,2024-07-03 14:31:00,1478.77,1478.88,1478.77,1478.88,0.01,9.72,14313.22,1
2024-07-03,2024-07-03 14:32:00,1478.88,1478.99,1478.88,1478.99,0.01,9.72,14313.22,1
2024-07-03,2024-07-03 14:33:00,1478.99,1479.09,1478.99,1479.09,0.01,9.72,14313.22,1
2024-07-03,2024-07-03 14:34:00,1479.09,1479.2,1479.09,1479.2,0.01,9.72,14313.22,1
2024-07-03,2024-07-03 14:35:00,1479.2,1479.31,1479.2,1479.31,0.01,9.72,14313.22,1
2024-07-03,2024-07-03 14:36:00,1479.31,1479.42,1479.31,1479.42,0.01,9.72,14313.22,1
2024-07-03,2024-07-03 14:37:00,1479.42,1479.53,1479.42,1479.53,0.01,9.72,14313.22,1
2024-07-03,2024-07-03 14:38:00,1479.53,1479.63,1479.53,1479.63,0.01,9.72,14313.22,1
2024-07-03,2024-07-03 14:39:00,1479.63,1479.74,1479.63,1479.74,0.01,9.72,14313.22,1
2024-07-03,2024-07-03 14:40:00,1479.74,1479.85,1479.74,1479.85,0.01,9.72,14313.22,1
2024-07-03,2024-07-03 14:41:00,1479.85,1479.96,1479.85,1479.96,0.01,9.72,14313.22,1
2024-07-03,2024-07-03 14:42:00,1479.96,1480.07,1479.96,1480.07,0.01,9.72,14313.22,1
2024-07-03,2024-07-03 14:43:00,1480.07,1480.17,1480.07,1480.17,0.01,9.72,14313.22,1
2024-07-03,2024-07-03 14:44:00,1480.17,1480.28,1480.17,1480.28,0.01,9.72,14313.22,1
2024-07-03,2024-07-03 14:45:00,1480.28,1480.39,1480.28,1480.39,0.01,9.72,14313.22,1
2024-07-03,2024-07-03 14:46:00,1480.39,1480.5,1480.39,1480.5,0.01,9.72,14313.22,1
2024-07-03,2024-07-03 14:47:00,1480.5,1480.61,1480.5,1480.61,0.01,9.72,14313.22,1
2024-07-03,2024-07-03 14:48:00,1480.61,1480.71,1480.61,1480.71,0.01,9.72,14313.22,1
2024-07-03,2024-07-03 14:49:00,1480.71,1480.82,1480.71,1480.82,0.01,9.72,14313.22,1
2024-07-03,2024-07-03 14:50:00,1480.82,1480.93,1480.82,1480.93,0.01,9.72,14313.22,1
2024-07-03,2024-07-03 14:51:00,1480.93,1481.04,1480.93,1481.04,0.01,9.72,14313.22,1
2024-07-03,2024-07-03 14:52:00,1481.04,1481.14,1481.04,1481.14,0.01,9.72,14313.22,1
2024-07-03,2024-07-03 14:53:00,1481.14,1481.25,1481.14,1481.25,0.01,9.72,14313.22,1
2024-07-03,2024-07-03 14:54:00,1481.25,1481.36,1481.25,1481.36,0.01,9.72,14313.22,1
2024-07-03,2024-07-03 14:55:00,1481.36,1481.47,1481.36,1481.47,0.01,9.72,14313.22,1
2024-07-03,2024-07-03 14:56:00,1481.47,1481.58,1481.47,1481.58,0.01,9.72,14313.22,1
2024-07-03,2024-07-03 14:57:00,1481.58,1481.68,1481.58,1481.68,0.01,9.72,14313.22,1
2024-07-03,2024-07-03 14:58:00,1481.68,1481.79,1481.68,1481.79,0.01,9.72,14313.22,1
2024-07-03,2024-07-03 14:59:00,1481.79,1481.9,1481.79,1481.9,0.01,9.72,14313.22,1
2024-07-03,2024-07-03 15:00:00,1481.9,1490.0,1456.0,1481.9,0.0,9.72,14313.22,0
2024-07-04,2024-07-04 11:00:00,1453.0,1476.1,1453.0,1453.3,0.02,47.04,71158.47,1
2024-07-04,2024-07-04 11:01:00,1453.3,1453.6,1453.3,1453.6,0.02,47.04,71158.47,1
2024-07-04,2024-07-04 11:02:00,1453.6,1453.9,1453.6,1453.9,0.02,47.04,71158.47,1
2024-07-04,2024-07-04 11:03:00,1453.9,1454.2,1453.9,1454.2,0.02,47.04,71158.47,1
2024-07-04,2024-07-04 11:04:00,1454.2,1454.5,1454.2,1454.5,0.02,47.04,71158.47,1
2024-07-04,2024-07-04 11:05:00,1454.5,1454.8,1454.5,1454.8,0.02,47.04,71158.47,1
2024-07-04,2024-07-04 11:06:00,1454.8,1455.1,1454.8,1455.1,0.02,47.04,71158.47,1
2024-07-04,2024-07-04 11:07:00,1455.1,1455.4,1455.1,1455.4,0.02,47.04,71158.47,1
2024-07-04,2024-07-04 11:08:00,1455.4,1455.7,1455.4,1455.7,0.02,47.04,71158.47,1
2024-07-04,2024-07-04 11:09:00,1455.7,1456.0,1455.7,1456.0,0.02,47.04,71158.47,1
2024-07-04,2024-07-04 11:10:00,1456.0,1456.3,1456.0,1456.3,0.02,47.04,71158.47,1
2024-07-04,2024-07-04 11:11:00,1456.3,1456.6,1456.3,1456.6,0.02,47.04,71158.47,1
2024-07-04,2024-07-04 11:12:00,1456.6,1456.9,1456.6,1456.9,0.02,47.04,71158.47,1
2024-07-04,2024-07-04 11:13:00,1456.9,1457.2,1456.9,1457.2,0.02,47.04,71158.47,1
2024-07-04,2024-07-04 11:14:00,1457.2,1457.5,1457.2,1457.5,0.02,47.04,71158.47,1
2024-07-04,2024-07-04 11:15:00,1457.5,1457.8,1457.5,1457.8,0.02,47.04,71158.47,1
2024-07-04,2024-07-04 11:16:00,1457.8,1458.1,1457.8,1458.1,0.02,47.04,71158.47,1
2024-07-04,2024-07-04 11:17:00,1458.1,1458.4,1458.1,1458.4,0.02,47.04,71158.47,1
2024-07-04,2024-07-04 11:18:00,1458.4,1458.7,1458.4,1458.7,0.02,47.04,71158.47,1
2024-07-04,2024-07-04 11:19:00,1458.7,1459.0,1458.7,1459.0,0.02,47.04,71158.47,1
2024-07-04,2024-07-04 11:20:00,1459.0,1459.3,1459.0,1459.3,0.02,47.04,71158.47,1
2024-07-04,2024-07-04 11:21:00,1459.3,1459.6,1459.3,1459.6,0.02,47.04,71158.47,1
2024-07-04,2024-07-04 11:22:00,1459.6,1459.9,1459.6,1459.9,0.02,47.04,71158.47,1
2024-07-04,2024-07-04 11:23:00,1459.9,1460.2,1459.9,1460.2,0.02,47.04,71158.47,1
2024-07-04,2024-07-04 11:24:00,1460.2,1460.5,1460.2,1460.5,0.02,47.04,71158.47,1
2024-07-04,2024-07-04 11:25:00,1460.5,1460.8,1460.5,1460.8,0.02,47.04,71158.47,1
2024-07-04,2024-07-04 11:26:00,1460.8,1461.1,1460.8,1461.1,0.02,47.04,71158.47,1
2024-07-04,2024-07-04 11:27:00,1461.1,1461.4,1461.1,1461.4,0.02,47.04,71158.47,1
2024-07-04,2024-07-04 11:28:00,1461.4,1461.7,1461.4,1461.7,0.02,47.04,71158.47,1
2024-07-04,2024-07-04 11:29:00,1461.7,1462.0,1461.7,1462.0,0.02,47.04,71158.47,1
2024-07-04,2024-07-04 11:30:00,1462.0,1462.3,1462.0,1462.3,0.02,47.04,71158.47,1
2024-07-04,2024-07-04 11:31:00,1462.3,1462.6,1462.3,1462.6,0.02,47.04,71158.47,1
2024-07-04,2024-07-04 11:32:00,1462.6,1462.9,1462.6,1462.9,0.02,47.04,71158.47,1
2024-07-04,2024-07-04 11:33:00,1462.9,1463.2,1462.9,1463.2,0.02,47.04,71158.47,1
2024-07-04,2024-07-04 11:34:00,1463.2,1463.5,1463.2,1463.5,0.02,47.04,71158.47,1
2024-07-04,2024-07-04 11:35:00,1463.5,1463.8,1463.5,1463.8,0.02,47.04,71158.47,1
2024-07-04,2024-07-04 11:36:00,1463.8,1464.1,1463.8,1464.1,0.02,47.04,71158.47,1
2024-07-04,2024-07-04 11:37:00,1464.1,1464.4,1464.1,1464.4,0.02,47.04,71158.47,1
2024-07-04,2024-07-04 11:38:00,1464.4,1464.7,1464.4,1464.7,0.02,47.04,71158.47,1
2024-07-04,2024-07-04 11:39:00,1464.7,1465.0,1464.7,1465.0,0.02,47.04,71158.47,1
2024-07-04,2024-07-04 11:40:00,1465.0,1465.3,1465.0,1465.3,0.02,47.04,71158.47,1
2024-07-04,2024-07-04 11:41:00,1465.3,1465.6,1465.3,1465.6,0.02,47.04,71158.47,1
2024-07-04,2024-07-04 11:42:00,1465.6,1465.9,1465.6,1465.9,0.02,47.04,71158.47,1
2024-07-04,2024-07-04 11:43:00,1465.9,1466.2,1465.9,1466.2,0.02,47.04,71158.47,1
2024-07-04,2024-07-04 11:44:00,1466.2,1466.5,1466.2,1466.5,0.02,47.04,71158.47,1
2024-07-04,2024-07-04 11:45:00,1466.5,1466.8,1466.5,1466.8,0.02,47.04,71158.47,1
2024-07-04,2024-07-04 11:46:00,1466.8,1467.1,1466.8,1467.1,0.02,47.04,71158.47,1
2024-07-04,2024-07-04 11:47:00,1467.1,1467.4,1467.1,1467.4,0.02,47.04,71158.47,1
2024-07-04,2024-07-04 11:48:00,1467.4,1467.7,1467.4,1467.7,0.02,47.04,71158.47,1
2024-07-04,2024-07-04 11:49:00,1467.7,1468.0,1467.7,1468.0,0.02,47.04,71158.47,1
2024-07-04,2024-07-04 11:50:00,1468.0,1468.3,1468.0,1468.3,0.02,47.04,71158.47,1
2024-07-04,2024-07-04 11:51:00,1468.3,1468.6,1468.3,1468.6,0.02,47.04,71158.47,1
2024-07-04,2024-07-04 11:52:00,1468.6,1468.9,1468.6,1468.9,0.02,47.04,71158.47,1
2024-07-04,2024-07-04 11:53:00,1468.9,1469.2,1468.9,1469.2,0.02,47.04,71158.47,1
2024-07-04,2024-07-04 11:54:00,1469.2,1469.5,1469.2,1469.5,0.02,47.04,71158.47,1
2024-07-04,2024-07-04 11:55:00,1469.5,1469.8,1469.5,1469.8,0.02,47.04,71158.47,1
2024-07-04,2024-07-04 11:56:00,1469.8,1470.1,1469.8,1470.1,0.02,47.04,71158.47,1
2024-07-04,2024-07-04 11:57:00,1470.1,1470.4,1470.1,1470.4,0.02,47.04,71158.47,1
2024-07-04,2024-07-04 11:58:00,1470.4,1470.7,1470.4,1470.7,0.02,47.04,71158.47,1
2024-07-04,2024-07-04 11:59:00,1470.7,1471.0,1470.7,1471.0,0.02,47.04,71158.47,1
2024-07-04,2024-07-04 12:00:00,1471.0,1471.3,1471.0,1471.3,0.02,47.04,71158.47,1
2024-07-04,2024-07-04 12:01:00,1471.3,1471.6,1471.3,1471.6,0.02,47.04,71158.47,1
2024-07-04,2024-07-04 12:02:00,1471.6,1471.9,1471.6,1471.9,0.02,47.04,71158.47,1
2024-07-04,2024-07-04 12:03:00,1471.9,1472.2,1471.9,1472.2,0.02,47.04,71158.47,1
2024-07-04,2024-07-04 12:04:00,1472.2,1472.5,1472.2,1472.5,0.02,47.04,71158.47,1
2024-07-04,2024-07-04 12:05:00,1472.5,1472.8,1472.5,1472.8,0.02,47.04,71158.47,1
2024-07-04,2024-07-04 12:06:00,1472.8,1473.1,1472.8,1473.1,0.02,47.04,71158.47,1
2024-07-04,2024-07-04 12:07:00,1473.1,1473.4,1473.1,1473.4,0.02,47.04,71158.47,1
2024-07-04,2024-07-04 12:08:00,1473.4,1473.7,1473.4,1473.7,0.02,47.04,71158.47,1
2024-07-04,2024-07-04 12:09:00,1473.7,1474.0,1473.7,1474.0,0.02,47.04,71158.47,1
2024-07-04,2024-07-04 12:10:00,1474.0,1474.3,1474.0,1474.3,0.02,47.04,71158.47,1
2024-07-04,2024-07-04 12:11:00,1474.3,1474.6,1474.3,1474.6,0.02,47.04,71158.47,1
2024-07-04,2024-07-04 12:12:00,1474.6,1474.9,1474.6,1474.9,0.02,47.04,71158.47,1
2024-07-04,2024-07-04 12:13:00,1474.9,1475.2,1474.9,1475.2,0.02,47.04,71158.47,1
2024-07-04,2024-07-04 12:14:00,1475.2,1475.5,1475.2,1475.5,0.02,47.04,71158.47,1
2024-07-04,2024-07-04 12:15:00,1475.5,1475.8,1475.5,1475.8,0.02,47.04,71158.47,1
2024-07-04,2024-07-04 12:16:00,1475.8,1476.1,1475.8,1476.1,0.02,47.04,71158.47,1
2024-07-04,2024-07-04 12:17:00,1476.1,1476.4,1476.1,1476.4,0.02,47.04,71158.47,1
2024-07-04,2024-07-04 12:18:00,1476.4,1476.7,1476.4,1476.7,0.02,47.04,71158.47,1
2024-07-04,2024-07-04 12:19:00,1476.7,1477.0,1476.7,1477.0,0.02,47.04,71158.47,1
2024-07-04,2024-07-04 12:20:00,1477.0,1477.3,1477.0,1477.3,0.02,47.04,71158.47,1
2024-07-04,2024-07-04 12:21:00,1477.3,1477.6,1477.3,1477.6,0.02,47.04,71158.47,1
2024-07-04,2024-07-04 12:22:00,1477.6,1477.9,1477.6,1477.9,0.02,47.04,71158.47,1
2024-07-04,2024-07-04 12:23:00,1477.9,1478.2,1477.9,1478.2,0.02,47.04,71158.47,1
2024-07-04,2024-07-04 12:24:00,1478.2,1478.5,1478.2,1478.5,0.02,47.04,71158.47,1
2024-07-04,2024-07-04 12:25:00,1478.5,1478.8,1478.5,1478.8,0.02,47.04,71158.47,1
2024-07-04,2024-07-04 12:26:00,1478.8,1479.1,1478.8,1479.1,0.02,47.04,71158.47,1
2024-07-04,2024-07-04 12:27:00,1479.1,1479.4,1479.1,1479.4,0.02,47.04,71158.47,1
2024-07-04,2024-07-04 12:28:00,1479.4,1479.7,1479.4,1479.7,0.02,47.04,71158.47,1
2024-07-04,2024-07-04 12:29:00,1479.7,1480.0,1479.7,1480.0,0.02,47.04,71158.47,1
2024-07-04,2024-07-04 12:30:00,1480.0,1480.3,1480.0,1480.3,0.02,47.04,71158.47,1
2024-07-04,2024-07-04 12:31:00,1480.3,1480.6,1480.3,1480.6,0.02,47.04,71158.47,1
2024-07-04,2024-07-04 12:32:00,1480.6,1480.9,1480.6,1480.9,0.02,47.04,71158.47,1
2024-07-04,2024-07-04 12:33:00,1480.9,1481.2,1480.9,1481.2,0.02,47.04,71158.47,1
2024-07-04,2024-07-04 12:34:00,1481.2,1481.5,1481.2,1481.5,0.02,47.04,71158.47,1
2024-07-04,2024-07-04 12:35:00,1481.5,1481.8,1481.5,1481.8,0.02,47.04,71158.47,1
2024-07-04,2024-07-04 12:36:00,1481.8,1482.1,1481.8,1482.1,0.02,47.04,71158.47,1
2024-07-04,2024-07-04 12:37:00,1482.1,1482.4,1482.1,1482.4,0.02,47.04,71158.47,1
2024-07-04,2024-07-04 12:38:00,1482.4,1482.7,1482.4,1482.7,0.02,47.04,71158.47,1
2024-07-04,2024-07-04 12:39:00,1482.7,1483.0,1482.7,1483.0,0.02,47.04,71158.47,1
2024-07-04,2024-07-04 12:40:00,1483.0,1483.3,1483.0,1483.3,0.02,47.04,71158.47,1
2024-07-04,2024-07-04 12:41:00,1483.3,1483.6,1483.3,1483.6,0.02,47.04,71158.47,1
2024-07-04,2024-07-04 12:42:00,1483.6,1483.9,1483.6,1483.9,0.02,47.04,71158.47,1
2024-07-04,2024-07-04 12:43:00,1483.9,1484.2,1483.9,1484.2,0.02,47.04,71158.47,1
2024-07-04,2024-07-04 12:44:00,1484.2,1484.5,1484.2,1484.5,0.02,47.04,71158.47,1
2024-07-04,2024-07-04 12:45:00,1484.5,1484.8,1484.5,1484.8,0.02,47.04,71158.47,1
2024-07-04,2024-07-04 12:46:00,1484.8,1485.1,1484.8,1485.1,0.02,47.04,71158.47,1
2024-07-04,2024-07-04 12:47:00,1485.1,1485.4,1485.1,1485.4,0.02,47.04,71158.47,1
2024-07-04,2024-07-04 12:48:00,1485.4,1485.7,1485.4,1485.7,0.02,47.04,71158.47,1
2024-07-04,2024-07-04 12:49:00,1485.7,1486.0,1485.7,1486.0,0.02,47.04,71158.47,1
2024-07-04,2024-07-04 12:50:00,1486.0,1486.3,1486.0,1486.3,0.02,47.04,71158.47,1
2024-07-04,2024-07-04 12:51:00,1486.3,1486.6,1486.3,1486.6,0.02,47.04,71158.47,1
2024-07-04,2024-07-04 12:52:00,1486.6,1486.9,1486.6,1486.9,0.02,47.04,71158.47,1
2024-07-04,2024-07-04 12:53:00,1486.9,1487.2,1486.9,1487.2,0.02,47.04,71158.47,1
2024-07-04,2024-07-04 12:54:00,1487.2,1487.5,1487.2,1487.5,0.02,47.04,71158.47,1
2024-07-04,2024-07-04 12:55:00,1487.5,1487.8,1487.5,1487.8,0.02,47.04,71158.47,1
2024-07-04,2024-07-04 12:56:00,1487.8,1488.1,1487.8,1488.1,0.02,47.04,71158.47,1
2024-07-04,2024-07-04 12:57:00,1488.1,1488.4,1488.1,1488.4,0.02,47.04,71158.47,1
2024-07-04,2024-07-04 12:58:00,1488.4,1488.7,1488.4,1488.7,0.02,47.04,71158.47,1
2024-07-04,2024-07-04 12:59:00,1488.7,1489.0,1488.7,1489.0,0.02,47.04,71158.47,1
2024-07-04,2024-07-04 13:00:00,1489.0,1530.0,1453.0,1489.3,0.02,47.04,71158.47,1
2024-07-04,2024-07-04 13:01:00,1489.3,1489.6,1489.3,1489.6,0.02,47.04,71158.47,1
2024-07-04,2024-07-04 13:02:00,1489.6,1489.9,1489.6,1489.9,0.02,47.04,71158.47,1
2024-07-04,2024-07-04 13:03:00,1489.9,1490.2,1489.9,1490.2,0.02,47.04,71158.47,1
2024-07-04,2024-07-04 13:04:00,1490.2,1490.5,1490.2,1490.5,0.02,47.04,71158.47,1
2024-07-04,2024-07-04 13:05:00,1490.5,1490.8,1490.5,1490.8,0.02,47.04,71158.47,1
2024-07-04,2024-07-04 13:06:00,1490.8,1491.1,1490.8,1491.1,0.02,47.04,71158.47,1
2024-07-04,2024-07-04 13:07:00,1491.1,1491.4,1491.1,1491.4,0.02,47.04,71158.47,1
2024-07-04,2024-07-04 13:08:00,1491.4,1491.7,1491.4,1491.7,0.02,47.04,71158.47,1
2024-07-04,2024-07-04 13:09:00,1491.7,1492.0,1491.7,1492.0,0.02,47.04,71158.47,1
2024-07-04,2024-07-04 13:10:00,1492.0,1492.3,1492.0,1492.3,0.02,47.04,71158.47,1
2024-07-04,2024-07-04 13:11:00,1492.3,1492.6,1492.3,1492.6,0.02,47.04,71158.47,1
2024-07-04,2024-07-04 13:12:00,1492.6,1492.9,1492.6,1492.9,0.02,47.04,71158.47,1
2024-07-04,2024-07-04 13:13:00,1492.9,1493.2,1492.9,1493.2,0.02,47.04,71158.47,1
2024-07-04,2024-07-04 13:14:00,1493.2,1493.5,1493.2,1493.5,0.02,47.04,71158.47,1
2024-07-04,2024-07-04 13:15:00,1493.5,1493.8,1493.5,1493.8,0.02,47.04,71158.47,1
2024-07-04,2024-07-04 13:16:00,1493.8,1494.1,1493.8,1494.1,0.02,47.04,71158.47,1
2024-07-04,2024-07-04 13:17:00,1494.1,1494.4,1494.1,1494.4,0.02,47.04,71158.47,1
2024-07-04,2024-07-04 13:18:00,1494.4,1494.7,1494.4,1494.7,0.02,47.04,71158.47,1
2024-07-04,2024-07-04 13:19:00,1494.7,1495.0,1494.7,1495.0,0.02,47.04,71158.47,1
2024-07-04,2024-07-04 13:20:00,1495.0,1495.3,1495.0,1495.3,0.02,47.04,71158.47,1
2024-07-04,2024-07-04 13:21:00,1495.3,1495.6,1495.3,1495.6,0.02,47.04,71158.47,1
2024-07-04,2024-07-04 13:22:00,1495.6,1495.9,1495.6,1495.9,0.02,47.04,71158.47,1
2024-07-04,2024-07-04 13:23:00,1495.9,1496.2,1495.9,1496.2,0.02,47.04,71158.47,1
2024-07-04,2024-07-04 13:24:00,1496.2,1496.5,1496.2,1496.5,0.02,47.04,71158.47,1
2024-07-04,2024-07-04 13:25:00,1496.5,1496.8,1496.5,1496.8,0.02,47.04,71158.47,1
2024-07-04,2024-07-04 13:26:00,1496.8,1497.1,1496.8,1497.1,0.02,47.04,71158.47,1
2024-07-04,2024-07-04 13:27:00,1497.1,1497.4,1497.1,1497.4,0.02,47.04,71158.47,1
2024-07-04,2024-07-04 13:28:00,1497.4,1497.7,1497.4,1497.7,0.02,47.04,71158.47,1
2024-07-04,2024-07-04 13:29:00,1497.7,1498.0,1497.7,1498.0,0.02,47.04,71158.47,1
2024-07-04,2024-07-04 13:30:00,1498.0,1498.3,1498.0,1498.3,0.02,47.04,71158.47,1
2024-07-04,2024-07-04 13:31:00,1498.3,1498.6,1498.3,1498.6,0.02,47.04,71158.47,1
2024-07-04,2024-07-04 13:32:00,1498.6,1498.9,1498.6,1498.9,0.02,47.04,71158.47,1
2024-07-04,2024-07-04 13:33:00,1498.9,1499.2,1498.9,1499.2,0.02,47.04,71158.47,1
2024-07-04,2024-07-04 13:34:00,1499.2,1499.5,1499.2,1499.5,0.02,47.04,71158.47,1
2024-07-04,2024-07-04 13:35:00,1499.5,1499.8,1499.5,1499.8,0.02,47.04,71158.47,1
2024-07-04,2024-07-04 13:36:00,1499.8,1500.1,1499.8,1500.1,0.02,47.04,71158.47,1
2024-07-04,2024-07-04 13:37:00,1500.1,1500.4,1500.1,1500.4,0.02,47.04,71158.47,1
2024-07-04,2024-07-04 13:38:00,1500.4,1500.7,1500.4,1500.7,0.02,47.04,71158.47,1
2024-07-04,2024-07-04 13:39:00,1500.7,1501.0,1500.7,1501.0,0.02,47.04,71158.47,1
2024-07-04,2024-07-04 13:40:00,1501.0,1501.3,1501.0,1501.3,0.02,47.04,71158.47,1
2024-07-04,2024-07-04 13:41:00,1501.3,1501.6,1501.3,1501.6,0.02,47.04,71158.47,1
2024-07-04,2024-07-04 13:42:00,1501.6,1501.9,1501.6,1501.9,0.02,47.04,71158.47,1
2024-07-04,2024-07-04 13:43:00,1501.9,1502.2,1501.9,1502.2,0.02,47.04,71158.47,1
2024-07-04,2024-07-04 13:44:00,1502.2,1502.5,1502.2,1502.5,0.02,47.04,71158.47,1
2024-07-04,2024-07-04 13:45:00,1502.5,1502.8,1502.5,1502.8,0.02,47.04,71158.47,1
2024-07-04,2024-07-04 13:46:00,1502.8,1503.1,1502.8,1503.1,0.02,47.04,71158.47,1
2024-07-04,2024-07-04 13:47:00,1503.1,1503.4,1503.1,1503.4,0.02,47.04,71158.47,1
2024-07-04,2024-07-04 13:48:00,1503.4,1503.7,1503.4,1503.7,0.02,47.04,71158.47,1
2024-07-04,2024-07-04 13:49:00,1503.7,1504.0,1503.7,1504.0,0.02,47.04,71158.47,1
2024-07-04,2024-07-04 13:50:00,1504.0,1504.3,1504.0,1504.3,0.02,47.04,71158.47,1
2024-07-04,2024-07-04 13:51:00,1504.3,1504.6,1504.3,1504.6,0.02,47.04,71158.47,1
2024-07-04,2024-07-04 13:52:00,1504.6,1504.9,1504.6,1504.9,0.02,47.04,71158.47,1
2024-07-04,2024-07-04 13:53:00,1504.9,1505.2,1504.9,1505.2,0.02,47.04,71158.47,1
2024-07-04,2024-07-04 13:54:00,1505.2,1505.5,1505.2,1505.5,0.02,47.04,71158.47,1
2024-07-04,2024-07-04 13:55:00,1505.5,1505.8,1505.5,1505.8,0.02,47.04,71158.47,1
2024-07-04,2024-07-04 13:56:00,1505.8,1506.1,1505.8,1506.1,0.02,47.04,71158.47,1
2024-07-04,2024-07-04 13:57:00,1506.1,1506.4,1506.1,1506.4,0.02,47.04,71158.47,1
2024-07-04,2024-07-04 13:58:00,1506.4,1506.7,1506.4,1506.7,0.02,47.04,71158.47,1
2024-07-04,2024-07-04 13:59:00,1506.7,1507.0,1506.7,1507.0,0.02,47.04,71158.47,1
2024-07-04,2024-07-04 14:00:00,1507.0,1507.3,1507.0,1507.3,0.02,47.04,71158.47,1
2024-07-04,2024-07-04 14:01:00,1507.3,1507.6,1507.3,1507.6,0.02,47.04,71158.47,1
2024-07-04,2024-07-04 14:02:00,1507.6,1507.9,1507.6,1507.9,0.02,47.04,71158.47,1
2024-07-04,2024-07-04 14:03:00,1507.9,1508.2,1507.9,1508.2,0.02,47.04,71158.47,1
2024-07-04,2024-07-04 14:04:00,1508.2,1508.5,1508.2,1508.5,0.02,47.04,71158.47,1
2024-07-04,2024-07-04 14:05:00,1508.5,1508.8,1508.5,1508.8,0.02,47.04,71158.47,1
2024-07-04,2024-07-04 14:06:00,1508.8,1509.1,1508.8,1509.1,0.02,47.04,71158.47,1
2024-07-04,2024-07-04 14:07:00,1509.1,1509.4,1509.1,1509.4,0.02,47.04,71158.47,1
2024-07-04,2024-07-04 14:08:00,1509.4,1509.7,1509.4,1509.7,0.02,47.04,71158.47,1
2024-07-04,2024-07-04 14:09:00,1509.7,1510.0,1509.7,1510.0,0.02,47.04,71158.47,1
2024-07-04,2024-07-04 14:10:00,1510.0,1510.3,1510.0,1510.3,0.02,47.04,71158.47,1
2024-07-04,2024-07-04 14:11:00,1510.3,1510.6,1510.3,1510.6,0.02,47.04,71158.47,1
2024-07-04,2024-07-04 14:12:00,1510.6,1510.9,1510.6,1510.9,0.02,47.04,71158.47,1
2024-07-04,2024-07-04 14:13:00,1510.9,1511.2,1510.9,1511.2,0.02,47.04,71158.47,1
2024-07-04,2024-07-04 14:14:00,1511.2,1511.5,1511.2,1511.5,0.02,47.04,71158.47,1
2024-07-04,2024-07-04 14:15:00,1511.5,1511.8,1511.5,1511.8,0.02,47.04,71158.47,1
2024-07-04,2024-07-04 14:16:00,1511.8,1512.1,1511.8,1512.1,0.02,47.04,71158.47,1
2024-07-04,2024-07-04 14:17:00,1512.1,1512.4,1512.1,1512.4,0.02,47.04,71158.47,1
2024-07-04,2024-07-04 14:18:00,1512.4,1512.7,1512.4,1512.7,0.02,47.04,71158.47,1
2024-07-04,2024-07-04 14:19:00,1512.7,1513.0,1512.7,1513.0,0.02,47.04,71158.47,1
2024-07-04,2024-07-04 14:20:00,1513.0,1513.3,1513.0,1513.3,0.02,47.04,71158.47,1
2024-07-04,2024-07-04 14:21:00,1513.3,1513.6,1513.3,1513.6,0.02,47.04,71158.47,1
2024-07-04,2024-07-04 14:22:00,1513.6,1513.9,1513.6,1513.9,0.02,47.04,71158.47,1
2024-07-04,2024-07-04 14:23:00,1513.9,1514.2,1513.9,1514.2,0.02,47.04,71158.47,1
2024-07-04,2024-07-04 14:24:00,1514.2,1514.5,1514.2,1514.5,0.02,47.04,71158.47,1
2024-07-04,2024-07-04 14:25:00,1514.5,1514.8,1514.5,1514.8,0.02,47.04,71158.47,1
2024-07-04,2024-07-04 14:26:00,1514.8,1515.1,1514.8,1515.1,0.02,47.04,71158.47,1
2024-07-04,2024-07-04 14:27:00,1515.1,1515.4,1515.1,1515.4,0.02,47.04,71158.47,1
2024-07-04,2024-07-04 14:28:00,1515.4,1515.7,1515.4,1515.7,0.02,47.04,71158.47,1
2024-07-04,2024-07-04 14:29:00,1515.7,1516.0,1515.7,1516.0,0.02,47.04,71158.47,1
2024-07-04,2024-07-04 14:30:00,1516.0,1516.3,1516.0,1516.3,0.02,47.04,71158.47,1
2024-07-04,2024-07-04 14:31:00,1516.3,1516.6,1516.3,1516.6,0.02,47.04,71158.47,1
2024-07-04,2024-07-04 14:32:00,1516.6,1516.9,1516.6,1516.9,0.02,47.04,71158.47,1
2024-07-04,2024-07-04 14:33:00,1516.9,1517.2,1516.9,1517.2,0.02,47.04,71158.47,1
2024-07-04,2024-07-04 14:34:00,1517.2,1517.5,1517.2,1517.5,0.02,47.04,71158.47,1
2024-07-04,2024-07-04 14:35:00,1517.5,1517.8,1517.5,1517.8,0.02,47.04,71158.47,1
2024-07-04,2024-07-04 14:36:00,1517.8,1518.1,1517.8,1518.1,0.02,47.04,71158.47,1
2024-07-04,2024-07-04 14:37:00,1518.1,1518.4,1518.1,1518.4,0.02,47.04,71158.47,1
2024-07-04,2024-07-04 14:38:00,1518.4,1518.7,1518.4,1518.7,0.02,47.04,71158.47,1
2024-07-04,2024-07-04 14:39:00,1518.7,1519.0,1518.7,1519.0,0.02,47.04,71158.47,1
2024-07-04,2024-07-04 14:40:00,1519.0,1519.3,1519.0,1519.3,0.02,47.04,71158.47,1
2024-07-04,2024-07-04 14:41:00,1519.3,1519.6,1519.3,1519.6,0.02,47.04,71158.47,1
2024-07-04,2024-07-04 14:42:00,1519.6,1519.9,1519.6,1519.9,0.02,47.04,71158.47,1
2024-07-04,2024-07-04 14:43:00,1519.9,1520.2,1519.9,1520.2,0.02,47.04,71158.47,1
2024-07-04,2024-07-04 14:44:00,1520.2,1520.5,1520.2,1520.5,0.02,47.04,71158.47,1
2024-07-04,2024-07-04 14:45:00,1520.5,1520.8,1520.5,1520.8,0.02,47.04,71158.47,1
2024-07-04,2024-07-04 14:46:00,1520.8,1521.1,1520.8,1521.1,0.02,47.04,71158.47,1
2024-07-04,2024-07-04 14:47:00,1521.1,1521.4,1521.1,1521.4,0.02,47.04,71158.47,1
2024-07-04,2024-07-04 14:48:00,1521.4,1521.7,1521.4,1521.7,0.02,47.04,71158.47,1
2024-07-04,2024-07-04 14:49:00,1521.7,1522.0,1521.7,1522.0,0.02,47.04,71158.47,1
2024-07-04,2024-07-04 14:50:00,1522.0,1522.3,1522.0,1522.3,0.02,47.04,71158.47,1
2024-07-04,2024-07-04 14:51:00,1522.3,1522.6,1522.3,1522.6,0.02,47.04,71158.47,1
2024-07-04,2024-07-04 14:52:00,1522.6,1522.9,1522.6,1522.9,0.02,47.04,71158.47,1
2024-07-04,2024-07-04 14:53:00,1522.9,1523.2,1522.9,1523.2,0.02,47.04,71158.47,1
2024-07-04,2024-07-04 14:54:00,1523.2,1523.5,1523.2,1523.5,0.02,47.04,71158.47,1
2024-07-04,2024-07-04 14:55:00,1523.5,1523.8,1523.5,1523.8,0.02,47.04,71158.47,1
2024-07-04,2024-07-04 14:56:00,1523.8,1524.1,1523.8,1524.1,0.02,47.04,71158.47,1
2024-07-04,2024-07-04 14:57:00,1524.1,1524.4,1524.1,1524.4,0.02,47.04,71158.47,1
2024-07-04,2024-07-04 14:58:00,1524.4,1524.7,1524.4,1524.7,0.02,47.04,71158.47,1
2024-07-04,2024-07-04 14:59:00,1524.7,1525.0,1524.7,1525.0,0.02,47.04,71158.47,1
2024-07-04,2024-07-04 15:00:00,1525.0,1530.0,1453.0,1525.0,0.0,47.04,71158.47,0
2024-07-07,2024-07-07 11:00:00,1494.5,1515.05,1494.5,1494.77,0.02,68.27,105960.65,1
2024-07-07,2024-07-07 11:01:00,1494.77,1495.04,1494.77,1495.04,0.02,68.27,105960.65,1
2024-07-07,2024-07-07 11:02:00,1495.04,1495.32,1495.04,1495.32,0.02,68.27,105960.65,1
2024-07-07,2024-07-07 11:03:00,1495.32,1495.59,1495.32,1495.59,0.02,68.27,105960.65,1
2024-07-07,2024-07-07 11:04:00,1495.59,1495.86,1495.59,1495.86,0.02,68.27,105960.65,1
2024-07-07,2024-07-07 11:05:00,1495.86,1496.13,1495.86,1496.13,0.02,68.27,105960.65,1
2024-07-07,2024-07-07 11:06:00,1496.13,1496.4,1496.13,1496.4,0.02,68.27,105960.65,1
2024-07-07,2024-07-07 11:07:00,1496.4,1496.67,1496.4,1496.67,0.02,68.27,105960.65,1
2024-07-07,2024-07-07 11:08:00,1496.67,1496.94,1496.67,1496.94,0.02,68.27,105960.65,1
2024-07-07,2024-07-07 11:09:00,1496.94,1497.22,1496.94,1497.22,0.02,68.27,105960.65,1
2024-07-07,2024-07-07 11:10:00,1497.22,1497.49,1497.22,1497.49,0.02,68.27,105960.65,1
2024-07-07,2024-07-07 11:11:00,1497.49,1497.76,1497.49,1497.76,0.02,68.27,105960.65,1
2024-07-07,2024-07-07 11:12:00,1497.76,1498.03,1497.76,1498.03,0.02,68.27,105960.65,1
2024-07-07,2024-07-07 11:13:00,1498.03,1498.3,1498.03,1498.3,0.02,68.27,105960.65,1
2024-07-07,2024-07-07 11:14:00,1498.3,1498.58,1498.3,1498.58,0.02,68.27,105960.65,1
2024-07-07,2024-07-07 11:15:00,1498.58,1498.85,1498.58,1498.85,0.02,68.27,105960.65,1
2024-07-07,2024-07-07 11:16:00,1498.85,1499.12,1498.85,1499.12,0.02,68.27,105960.65,1
2024-07-07,2024-07-07 11:17:00,1499.12,1499.39,1499.12,1499.39,0.02,68.27,105960.65,1
2024-07-07,2024-07-07 11:18:00,1499.39,1499.66,1499.39,1499.66,0.02,68.27,105960.65,1
2024-07-07,2024-07-07 11:19:00,1499.66,1499.93,1499.66,1499.93,0.02,68.27,105960.65,1
2024-07-07,2024-07-07 11:20:00,1499.93,1500.2,1499.93,1500.2,0.02,68.27,105960.65,1
2024-07-07,2024-07-07 11:21:00,1500.2,1500.48,1500.2,1500.48,0.02,68.27,105960.65,1
2024-07-07,2024-07-07 11:22:00,1500.48,1500.75,1500.48,1500.75,0.02,68.27,105960.65,1
2024-07-07,2024-07-07 11:23:00,1500.75,1501.02,1500.75,1501.02,0.02,68.27,105960.65,1
2024-07-07,2024-07-07 11:24:00,1501.02,1501.29,1501.02,1501.29,0.02,68.27,105960.65,1
2024-07-07,2024-07-07 11:25:00,1501.29,1501.56,1501.29,1501.56,0.02,68.27,105960.65,1
2024-07-07,2024-07-07 11:26:00,1501.56,1501.84,1501.56,1501.84,0.02,68.27,105960.65,1
2024-07-07,2024-07-07 11:27:00,1501.84,1502.11,1501.84,1502.11,0.02,68.27,105960.65,1
2024-07-07,2024-07-07 11:28:00,1502.11,1502.38,1502.11,1502.38,0.02,68.27,105960.65,1
2024-07-07,2024-07-07 11:29:00,1502.38,1502.65,1502.38,1502.65,0.02,68.27,105960.65,1
2024-07-07,2024-07-07 11:30:00,1502.65,1502.92,1502.65,1502.92,0.02,68.27,105960.65,1
2024-07-07,2024-07-07 11:31:00,1502.92,1503.19,1502.92,1503.19,0.02,68.27,105960.65,1
2024-07-07,2024-07-07 11:32:00,1503.19,1503.46,1503.19,1503.46,0.02,68.27,105960.65,1
2024-07-07,2024-07-07 11:33:00,1503.46,1503.74,1503.46,1503.74,0.02,68.27,105960.65,1
2024-07-07,2024-07-07 11:34:00,1503.74,1504.01,1503.74,1504.01,0.02,68.27,105960.65,1
2024-07-07,2024-07-07 11:35:00,1504.01,1504.28,1504.01,1504.28,0.02,68.27,105960.65,1
2024-07-07,2024-07-07 11:36:00,1504.28,1504.55,1504.28,1504.55,0.02,68.27,105960.65,1
2024-07-07,2024-07-07 11:37:00,1504.55,1504.82,1504.55,1504.82,0.02,68.27,105960.65,1
2024-07-07,2024-07-07 11:38:00,1504.82,1505.1,1504.82,1505.1,0.02,68.27,105960.65,1
2024-07-07,2024-07-07 11:39:00,1505.1,1505.37,1505.1,1505.37,0.02,68.27,105960.65,1
2024-07-07,2024-07-07 11:40:00,1505.37,1505.64,1505.37,1505.64,0.02,68.27,105960.65,1
2024-07-07,2024-07-07 11:41:00,1505.64,1505.91,1505.64,1505.91,0.02,68.27,105960.65,1
2024-07-07,2024-07-07 11:42:00,1505.91,1506.18,1505.91,1506.18,0.02,68.27,105960.65,1
2024-07-07,2024-07-07 11:43:00,1506.18,1506.45,1506.18,1506.45,0.02,68.27,105960.65,1
2024-07-07,2024-07-07 11:44:00,1506.45,1506.72,1506.45,1506.72,0.02,68.27,105960.65,1
2024-07-07,2024-07-07 11:45:00,1506.72,1507.0,1506.72,1507.0,0.02,68.27,105960.65,1
2024-07-07,2024-07-07 11:46:00,1507.0,1507.27,1507.0,1507.27,0.02,68.27,105960.65,1
2024-07-07,2024-07-07 11:47:00,1507.27,1507.54,1507.27,1507.54,0.02,68.27,105960.65,1
2024-07-07,2024-07-07 11:48:00,1507.54,1507.81,1507.54,1507.81,0.02,68.27,105960.65,1
2024-07-07,2024-07-07 11:49:00,1507.81,1508.08,1507.81,1508.08,0.02,68.27,105960.65,1
2024-07-07,2024-07-07 11:50:00,1508.08,1508.36,1508.08,1508.36,0.02,68.27,105960.65,1
2024-07-07,2024-07-07 11:51:00,1508.36,1508.63,1508.36,1508.63,0.02,68.27,105960.65,1
2024-07-07,2024-07-07 11:52:00,1508.63,1508.9,1508.63,1508.9,0.02,68.27,105960.65,1
2024-07-07,2024-07-07 11:53:00,1508.9,1509.17,1508.9,1509.17,0.02,68.27,105960.65,1
2024-07-07,2024-07-07 11:54:00,1509.17,1509.44,1509.17,1509.44,0.02,68.27,105960.65,1
2024-07-07,2024-07-07 11:55:00,1509.44,1509.71,1509.44,1509.71,0.02,68.27,105960.65,1
2024-07-07,2024-07-07 11:56:00,1509.71,1509.98,1509.71,1509.98,0.02,68.27,105960.65,1
2024-07-07,2024-07-07 11:57:00,1509.98,1510.26,1509.98,1510.26,0.02,68.27,105960.65,1
2024-07-07,2024-07-07 11:58:00,1510.26,1510.53,1510.26,1510.53,0.02,68.27,105960.65,1
2024-07-07,2024-07-07 11:59:00,1510.53,1510.8,1510.53,1510.8,0.02,68.27,105960.65,1
2024-07-07,2024-07-07 12:00:00,1510.8,1511.07,1510.8,1511.07,0.02,68.27,105960.65,1
2024-07-07,2024-07-07 12:01:00,1511.07,1511.34,1511.07,1511.34,0.02,68.27,105960.65,1
2024-07-07,2024-07-07 12:02:00,1511.34,1511.62,1511.34,1511.62,0.02,68.27,105960.65,1
2024-07-07,2024-07-07 12:03:00,1511.62,1511.89,1511.62,1511.89,0.02,68.27,105960.65,1
2024-07-07,2024-07-07 12:04:00,1511.89,1512.16,1511.89,1512.16,0.02,68.27,105960.65,1
2024-07-07,2024-07-07 12:05:00,1512.16,1512.43,1512.16,1512.43,0.02,68.27,105960.65,1
2024-07-07,2024-07-07 12:06:00,1512.43,1512.7,1512.43,1512.7,0.02,68.27,105960.65,1
2024-07-07,2024-07-07 12:07:00,1512.7,1512.97,1512.7,1512.97,0.02,68.27,105960.65,1
2024-07-07,2024-07-07 12:08:00,1512.97,1513.25,1512.97,1513.25,0.02,68.27,105960.65,1
2024-07-07,2024-07-07 12:09:00,1513.25,1513.52,1513.25,1513.52,0.02,68.27,105960.65,1
2024-07-07,2024-07-07 12:10:00,1513.52,1513.79,1513.52,1513.79,0.02,68.27,105960.65,1
2024-07-07,2024-07-07 12:11:00,1513.79,1514.06,1513.79,1514.06,0.02,68.27,105960.65,1
2024-07-07,2024-07-07 12:12:00,1514.06,1514.33,1514.06,1514.33,0.02,68.27,105960.65,1
2024-07-07,2024-07-07 12:13:00,1514.33,1514.6,1514.33,1514.6,0.02,68.27,105960.65,1
2024-07-07,2024-07-07 12:14:00,1514.6,1514.88,1514.6,1514.88,0.02,68.27,105960.65,1
2024-07-07,2024-07-07 12:15:00,1514.88,1515.15,1514.88,1515.15,0.02,68.27,105960.65,1
2024-07-07,2024-07-07 12:16:00,1515.15,1515.42,1515.15,1515.42,0.02,68.27,105960.65,1
2024-07-07,2024-07-07 12:17:00,1515.42,1515.69,1515.42,1515.69,0.02,68.27,105960.65,1
2024-07-07,2024-07-07 12:18:00,1515.69,1515.96,1515.69,1515.96,0.02,68.27,105960.65,1
2024-07-07,2024-07-07 12:19:00,1515.96,1516.23,1515.96,1516.23,0.02,68.27,105960.65,1
2024-07-07,2024-07-07 12:20:00,1516.23,1516.51,1516.23,1516.51,0.02,68.27,105960.65,1
2024-07-07,2024-07-07 12:21:00,1516.51,1516.78,1516.51,1516.78,0.02,68.27,105960.65,1
2024-07-07,2024-07-07 12:22:00,1516.78,1517.05,1516.78,1517.05,0.02,68.27,105960.65,1
2024-07-07,2024-07-07 12:23:00,1517.05,1517.32,1517.05,1517.32,0.02,68.27,105960.65,1
2024-07-07,2024-07-07 12:24:00,1517.32,1517.59,1517.32,1517.59,0.02,68.27,105960.65,1
2024-07-07,2024-07-07 12:25:00,1517.59,1517.86,1517.59,1517.86,0.02,68.27,105960.65,1
2024-07-07,2024-07-07 12:26:00,1517.86,1518.13,1517.86,1518.13,0.02,68.27,105960.65,1
2024-07-07,2024-07-07 12:27:00,1518.13,1518.41,1518.13,1518.41,0.02,68.27,105960.65,1
2024-07-07,2024-07-07 12:28:00,1518.41,1518.68,1518.41,1518.68,0.02,68.27,105960.65,1
2024-07-07,2024-07-07 12:29:00,1518.68,1518.95,1518.68,1518.95,0.02,68.27,105960.65,1
2024-07-07,2024-07-07 12:30:00,1518.95,1519.22,1518.95,1519.22,0.02,68.27,105960.65,1
2024-07-07,2024-07-07 12:31:00,1519.22,1519.49,1519.22,1519.49,0.02,68.27,105960.65,1
2024-07-07,2024-07-07 12:32:00,1519.49,1519.77,1519.49,1519.77,0.02,68.27,105960.65,1
2024-07-07,2024-07-07 12:33:00,1519.77,1520.04,1519.77,1520.04,0.02,68.27,105960.65,1
2024-07-07,2024-07-07 12:34:00,1520.04,1520.31,1520.04,1520.31,0.02,68.27,105960.65,1
2024-07-07,2024-07-07 12:35:00,1520.31,1520.58,1520.31,1520.58,0.02,68.27,105960.65,1
2024-07-07,2024-07-07 12:36:00,1520.58,1520.85,1520.58,1520.85,0.02,68.27,105960.65,1
2024-07-07,2024-07-07 12:37:00,1520.85,1521.12,1520.85,1521.12,0.02,68.27,105960.65,1
2024-07-07,2024-07-07 12:38:00,1521.12,1521.39,1521.12,1521.39,0.02,68.27,105960.65,1
2024-07-07,2024-07-07 12:39:00,1521.39,1521.67,1521.39,1521.67,0.02,68.27,105960.65,1
2024-07-07,2024-07-07 12:40:00,1521.67,1521.94,1521.67,1521.94,0.02,68.27,105960.65,1
2024-07-07,2024-07-07 12:41:00,1521.94,1522.21,1521.94,1522.21,0.02,68.27,105960.65,1
2024-07-07,2024-07-07 12:42:00,1522.21,1522.48,1522.21,1522.48,0.02,68.27,105960.65,1
2024-07-07,2024-07-07 12:43:00,1522.48,1522.75,1522.48,1522.75,0.02,68.27,105960.65,1
2024-07-07,2024-07-07 12:44:00,1522.75,1523.03,1522.75,1523.03,0.02,68.27,105960.65,1
2024-07-07,2024-07-07 12:45:00,1523.03,1523.3,1523.03,1523.3,0.02,68.27,105960.65,1
2024-07-07,2024-07-07 12:46:00,1523.3,1523.57,1523.3,1523.57,0.02,68.27,105960.65,1
2024-07-07,2024-07-07 12:47:00,1523.57,1523.84,1523.57,1523.84,0.02,68.27,105960.65,1
2024-07-07,2024-07-07 12:48:00,1523.84,1524.11,1523.84,1524.11,0.02,68.27,105960.65,1
2024-07-07,2024-07-07 12:49:00,1524.11,1524.38,1524.11,1524.38,0.02,68.27,105960.65,1
2024-07-07,2024-07-07 12:50:00,1524.38,1524.65,1524.38,1524.65,0.02,68.27,105960.65,1
2024-07-07,2024-07-07 12:51:00,1524.65,1524.93,1524.65,1524.93,0.02,68.27,105960.65,1
2024-07-07,2024-07-07 12:52:00,1524.93,1525.2,1524.93,1525.2,0.02,68.27,105960.65,1
2024-07-07,2024-07-07 12:53:00,1525.2,1525.47,1525.2,1525.47,0.02,68.27,105960.65,1
2024-07-07,2024-07-07 12:54:00,1525.47,1525.74,1525.47,1525.74,0.02,68.27,105960.65,1
2024-07-07,2024-07-07 12:55:00,1525.74,1526.01,1525.74,1526.01,0.02,68.27,105960.65,1
2024-07-07,2024-07-07 12:56:00,1526.01,1526.29,1526.01,1526.29,0.02,68.27,105960.65,1
2024-07-07,2024-07-07 12:57:00,1526.29,1526.56,1526.29,1526.56,0.02,68.27,105960.65,1
2024-07-07,2024-07-07 12:58:00,1526.56,1526.83,1526.56,1526.83,0.02,68.27,105960.65,1
2024-07-07,2024-07-07 12:59:00,1526.83,1527.1,1526.83,1527.1,0.02,68.27,105960.65,1
2024-07-07,2024-07-07 13:00:00,1527.1,1563.0,1494.5,1527.37,0.02,68.27,105960.65,1
2024-07-07,2024-07-07 13:01:00,1527.37,1527.64,1527.37,1527.64,0.02,68.27,105960.65,1
2024-07-07,2024-07-07 13:02:00,1527.64,1527.91,1527.64,1527.91,0.02,68.27,105960.65,1
2024-07-07,2024-07-07 13:03:00,1527.91,1528.19,1527.91,1528.19,0.02,68.27,105960.65,1
2024-07-07,2024-07-07 13:04:00,1528.19,1528.46,1528.19,1528.46,0.02,68.27,105960.65,1
2024-07-07,2024-07-07 13:05:00,1528.46,1528.73,1528.46,1528.73,0.02,68.27,105960.65,1
2024-07-07,2024-07-07 13:06:00,1528.73,1529.0,1528.73,1529.0,0.02,68.27,105960.65,1
2024-07-07,2024-07-07 13:07:00,1529.0,1529.27,1529.0,1529.27,0.02,68.27,105960.65,1
2024-07-07,2024-07-07 13:08:00,1529.27,1529.55,1529.27,1529.55,0.02,68.27,105960.65,1
2024-07-07,2024-07-07 13:09:00,1529.55,1529.82,1529.55,1529.82,0.02,68.27,105960.65,1
2024-07-07,2024-07-07 13:10:00,1529.82,1530.09,1529.82,1530.09,0.02,68.27,105960.65,1
2024-07-07,2024-07-07 13:11:00,1530.09,1530.36,1530.09,1530.36,0.02,68.27,105960.65,1
2024-07-07,2024-07-07 13:12:00,1530.36,1530.63,1530.36,1530.63,0.02,68.27,105960.65,1
2024-07-07,2024-07-07 13:13:00,1530.63,1530.9,1530.63,1530.9,0.02,68.27,105960.65,1
2024-07-07,2024-07-07 13:14:00,1530.9,1531.17,1530.9,1531.17,0.02,68.27,105960.65,1
2024-07-07,2024-07-07 13:15:00,1531.17,1531.45,1531.17,1531.45,0.02,68.27,105960.65,1
2024-07-07,2024-07-07 13:16:00,1531.45,1531.72,1531.45,1531.72,0.02,68.27,105960.65,1
2024-07-07,2024-07-07 13:17:00,1531.72,1531.99,1531.72,1531.99,0.02,68.27,105960.65,1
2024-07-07,2024-07-07 13:18:00,1531.99,1532.26,1531.99,1532.26,0.02,68.27,105960.65,1
2024-07-07,2024-07-07 13:19:00,1532.26,1532.53,1532.26,1532.53,0.02,68.27,105960.65,1
2024-07-07,2024-07-07 13:20:00,1532.53,1532.81,1532.53,1532.81,0.02,68.27,105960.65,1
2024-07-07,2024-07-07 13:21:00,1532.81,1533.08,1532.81,1533.08,0.02,68.27,105960.65,1
2024-07-07,2024-07-07 13:22:00,1533.08,1533.35,1533.08,1533.35,0.02,68.27,105960.65,1
2024-07-07,2024-07-07 13:23:00,1533.35,1533.62,1533.35,1533.62,0.02,68.27,105960.65,1
2024-07-07,2024-07-07 13:24:00,1533.62,1533.89,1533.62,1533.89,0.02,68.27,105960.65,1
2024-07-07,2024-07-07 13:25:00,1533.89,1534.16,1533.89,1534.16,0.02,68.27,105960.65,1
2024-07-07,2024-07-07 13:26:00,1534.16,1534.43,1534.16,1534.43,0.02,68.27,105960.65,1
2024-07-07,2024-07-07 13:27:00,1534.43,1534.71,1534.43,1534.71,0.02,68.27,105960.65,1
2024-07-07,2024-07-07 13:28:00,1534.71,1534.98,1534.71,1534.98,0.02,68.27,105960.65,1
2024-07-07,2024-07-07 13:29:00,1534.98,1535.25,1534.98,1535.25,0.02,68.27,105960.65,1
2024-07-07,2024-07-07 13:30:00,1535.25,1535.52,1535.25,1535.52,0.02,68.27,105960.65,1
2024-07-07,2024-07-07 13:31:00,1535.52,1535.79,1535.52,1535.79,0.02,68.27,105960.65,1
2024-07-07,2024-07-07 13:32:00,1535.79,1536.07,1535.79,1536.07,0.02,68.27,105960.65,1
2024-07-07,2024-07-07 13:33:00,1536.07,1536.34,1536.07,1536.34,0.02,68.27,105960.65,1
2024-07-07,2024-07-07 13:34:00,1536.34,1536.61,1536.34,1536.61,0.02,68.27,105960.65,1
2024-07-07,2024-07-07 13:35:00,1536.61,1536.88,1536.61,1536.88,0.02,68.27,105960.65,1
2024-07-07,2024-07-07 13:36:00,1536.88,1537.15,1536.88,1537.15,0.02,68.27,105960.65,1
2024-07-07,2024-07-07 13:37:00,1537.15,1537.42,1537.15,1537.42,0.02,68.27,105960.65,1
2024-07-07,2024-07-07 13:38:00,1537.42,1537.69,1537.42,1537.69,0.02,68.27,105960.65,1
2024-07-07,2024-07-07 13:39:00,1537.69,1537.97,1537.69,1537.97,0.02,68.27,105960.65,1
2024-07-07,2024-07-07 13:40:00,1537.97,1538.24,1537.97,1538.24,0.02,68.27,105960.65,1
2024-07-07,2024-07-07 13:41:00,1538.24,1538.51,1538.24,1538.51,0.02,68.27,105960.65,1
2024-07-07,2024-07-07 13:42:00,1538.51,1538.78,1538.51,1538.78,0.02,68.27,105960.65,1
2024-07-07,2024-07-07 13:43:00,1538.78,1539.05,1538.78,1539.05,0.02,68.27,105960.65,1
2024-07-07,2024-07-07 13:44:00,1539.05,1539.33,1539.05,1539.33,0.02,68.27,105960.65,1
2024-07-07,2024-07-07 13:45:00,1539.33,1539.6,1539.33,1539.6,0.02,68.27,105960.65,1
2024-07-07,2024-07-07 13:46:00,1539.6,1539.87,1539.6,1539.87,0.02,68.27,105960.65,1
2024-07-07,2024-07-07 13:47:00,1539.87,1540.14,1539.87,1540.14,0.02,68.27,105960.65,1
2024-07-07,2024-07-07 13:48:00,1540.14,1540.41,1540.14,1540.41,0.02,68.27,105960.65,1
2024-07-07,2024-07-07 13:49:00,1540.41,1540.68,1540.41,1540.68,0.02,68.27,105960.65,1
2024-07-07,2024-07-07 13:50:00,1540.68,1540.95,1540.68,1540.95,0.02,68.27,105960.65,1
2024-07-07,2024-07-07 13:51:00,1540.95,1541.23,1540.95,1541.23,0.02,68.27,105960.65,1
2024-07-07,2024-07-07 13:52:00,1541.23,1541.5,1541.23,1541.5,0.02,68.27,105960.65,1
2024-07-07,2024-07-07 13:53:00,1541.5,1541.77,1541.5,1541.77,0.02,68.27,105960.65,1
2024-07-07,2024-07-07 13:54:00,1541.77,1542.04,1541.77,1542.04,0.02,68.27,105960.65,1
2024-07-07,2024-07-07 13:55:00,1542.04,1542.31,1542.04,1542.31,0.02,68.27,105960.65,1
2024-07-07,2024-07-07 13:56:00,1542.31,1542.59,1542.31,1542.59,0.02,68.27,105960.65,1
2024-07-07,2024-07-07 13:57:00,1542.59,1542.86,1542.59,1542.86,0.02,68.27,105960.65,1
2024-07-07,2024-07-07 13:58:00,1542.86,1543.13,1542.86,1543.13,0.02,68.27,105960.65,1
2024-07-07,2024-07-07 13:59:00,1543.13,1543.4,1543.13,1543.4,0.02,68.27,105960.65,1
2024-07-07,2024-07-07 14:00:00,1543.4,1543.67,1543.4,1543.67,0.02,68.27,105960.65,1
2024-07-07,2024-07-07 14:01:00,1543.67,1543.94,1543.67,1543.94,0.02,68.27,105960.65,1
2024-07-07,2024-07-07 14:02:00,1543.94,1544.22,1543.94,1544.22,0.02,68.27,105960.65,1
2024-07-07,2024-07-07 14:03:00,1544.22,1544.49,1544.22,1544.49,0.02,68.27,105960.65,1
2024-07-07,2024-07-07 14:04:00,1544.49,1544.76,1544.49,1544.76,0.02,68.27,105960.65,1
2024-07-07,2024-07-07 14:05:00,1544.76,1545.03,1544.76,1545.03,0.02,68.27,105960.65,1
2024-07-07,2024-07-07 14:06:00,1545.03,1545.3,1545.03,1545.3,0.02,68.27,105960.65,1
2024-07-07,2024-07-07 14:07:00,1545.3,1545.57,1545.3,1545.57,0.02,68.27,105960.65,1
2024-07-07,2024-07-07 14:08:00,1545.57,1545.85,1545.57,1545.85,0.02,68.27,105960.65,1
2024-07-07,2024-07-07 14:09:00,1545.85,1546.12,1545.85,1546.12,0.02,68.27,105960.65,1
2024-07-07,2024-07-07 14:10:00,1546.12,1546.39,1546.12,1546.39,0.02,68.27,105960.65,1
2024-07-07,2024-07-07 14:11:00,1546.39,1546.66,1546.39,1546.66,0.02,68.27,105960.65,1
2024-07-07,2024-07-07 14:12:00,1546.66,1546.93,1546.66,1546.93,0.02,68.27,105960.65,1
2024-07-07,2024-07-07 14:13:00,1546.93,1547.2,1546.93,1547.2,0.02,68.27,105960.65,1
2024-07-07,2024-07-07 14:14:00,1547.2,1547.48,1547.2,1547.48,0.02,68.27,105960.65,1
2024-07-07,2024-07-07 14:15:00,1547.48,1547.75,1547.48,1547.75,0.02,68.27,105960.65,1
2024-07-07,2024-07-07 14:16:00,1547.75,1548.02,1547.75,1548.02,0.02,68.27,105960.65,1
2024-07-07,2024-07-07 14:17:00,1548.02,1548.29,1548.02,1548.29,0.02,68.27,105960.65,1
2024-07-07,2024-07-07 14:18:00,1548.29,1548.56,1548.29,1548.56,0.02,68.27,105960.65,1
2024-07-07,2024-07-07 14:19:00,1548.56,1548.83,1548.56,1548.83,0.02,68.27,105960.65,1
2024-07-07,2024-07-07 14:20:00,1548.83,1549.11,1548.83,1549.11,0.02,68.27,105960.65,1
2024-07-07,2024-07-07 14:21:00,1549.11,1549.38,1549.11,1549.38,0.02,68.27,105960.65,1
2024-07-07,2024-07-07 14:22:00,1549.38,1549.65,1549.38,1549.65,0.02,68.27,105960.65,1
2024-07-07,2024-07-07 14:23:00,1549.65,1549.92,1549.65,1549.92,0.02,68.27,105960.65,1
2024-07-07,2024-07-07 14:24:00,1549.92,1550.19,1549.92,1550.19,0.02,68.27,105960.65,1
2024-07-07,2024-07-07 14:25:00,1550.19,1550.46,1550.19,1550.46,0.02,68.27,105960.65,1
2024-07-07,2024-07-07 14:26:00,1550.46,1550.74,1550.46,1550.74,0.02,68.27,105960.65,1
2024-07-07,2024-07-07 14:27:00,1550.74,1551.01,1550.74,1551.01,0.02,68.27,105960.65,1
2024-07-07,2024-07-07 14:28:00,1551.01,1551.28,1551.01,1551.28,0.02,68.27,105960.65,1
2024-07-07,2024-07-07 14:29:00,1551.28,1551.55,1551.28,1551.55,0.02,68.27,105960.65,1
2024-07-07,2024-07-07 14:30:00,1551.55,1551.82,1551.55,1551.82,0.02,68.27,105960.65,1
2024-07-07,2024-07-07 14:31:00,1551.82,1552.09,1551.82,1552.09,0.02,68.27,105960.65,1
2024-07-07,2024-07-07 14:32:00,1552.09,1552.37,1552.09,1552.37,0.02,68.27,105960.65,1
2024-07-07,2024-07-07 14:33:00,1552.37,1552.64,1552.37,1552.64,0.02,68.27,105960.65,1
2024-07-07,2024-07-07 14:34:00,1552.64,1552.91,1552.64,1552.91,0.02,68.27,105960.65,1
2024-07-07,2024-07-07 14:35:00,1552.91,1553.18,1552.91,1553.18,0.02,68.27,105960.65,1
2024-07-07,2024-07-07 14:36:00,1553.18,1553.45,1553.18,1553.45,0.02,68.27,105960.65,1
2024-07-07,2024-07-07 14:37:00,1553.45,1553.72,1553.45,1553.72,0.02,68.27,105960.65,1
2024-07-07,2024-07-07 14:38:00,1553.72,1554.0,1553.72,1554.0,0.02,68.27,105960.65,1
2024-07-07,2024-07-07 14:39:00,1554.0,1554.27,1554.0,1554.27,0.02,68.27,105960.65,1
2024-07-07,2024-07-07 14:40:00,1554.27,1554.54,1554.27,1554.54,0.02,68.27,105960.65,1
2024-07-07,2024-07-07 14:41:00,1554.54,1554.81,1554.54,1554.81,0.02,68.27,105960.65,1
2024-07-07,2024-07-07 14:42:00,1554.81,1555.08,1554.81,1555.08,0.02,68.27,105960.65,1
2024-07-07,2024-07-07 14:43:00,1555.08,1555.35,1555.08,1555.35,0.02,68.27,105960.65,1
2024-07-07,2024-07-07 14:44:00,1555.35,1555.62,1555.35,1555.62,0.02,68.27,105960.65,1
2024-07-07,2024-07-07 14:45:00,1555.62,1555.9,1555.62,1555.9,0.02,68.27,105960.65,1
2024-07-07,2024-07-07 14:46:00,1555.9,1556.17,1555.9,1556.17,0.02,68.27,105960.65,1
2024-07-07,2024-07-07 14:47:00,1556.17,1556.44,1556.17,1556.44,0.02,68.27,105960.65,1
2024-07-07,2024-07-07 14:48:00,1556.44,1556.71,1556.44,1556.71,0.02,68.27,105960.65,1
2024-07-07,2024-07-07 14:49:00,1556.71,1556.98,1556.71,1556.98,0.02,68.27,105960.65,1
2024-07-07,2024-07-07 14:50:00,1556.98,1557.26,1556.98,1557.26,0.02,68.27,105960.65,1
2024-07-07,2024-07-07 14:51:00,1557.26,1557.53,1557.26,1557.53,0.02,68.27,105960.65,1
2024-07-07,2024-07-07 14:52:00,1557.53,1557.8,1557.53,1557.8,0.02,68.27,105960.65,1
2024-07-07,2024-07-07 14:53:00,1557.8,1558.07,1557.8,1558.07,0.02,68.27,105960.65,1
2024-07-07,2024-07-07 14:54:00,1558.07,1558.34,1558.07,1558.34,0.02,68.27,105960.65,1
2024-07-07,2024-07-07 14:55:00,1558.34,1558.61,1558.34,1558.61,0.02,68.27,105960.65,1
2024-07-07,2024-07-07 14:56:00,1558.61,1558.88,1558.61,1558.88,0.02,68.27,105960.65,1
2024-07-07,2024-07-07 14:57:00,1558.88,1559.16,1558.88,1559.16,0.02,68.27,105960.65,1
2024-07-07,2024-07-07 14:58:00,1559.16,1559.43,1559.16,1559.43,0.02,68.27,105960.65,1
2024-07-07,2024-07-07 14:59:00,1559.43,1559.7,1559.43,1559.7,0.02,68.27,105960.65,1
2024-07-07,2024-07-07 15:00:00,1559.7,1563.0,1494.5,1559.7,0.0,68.27,105960.65,0
2024-07-08,2024-07-08 11:00:00,1528.6,1552.72,1528.6,1528.9,0.02,51.55,81800.66,1
2024-07-08,2024-07-08 11:01:00,1528.9,1529.2,1528.9,1529.2,0.02,51.55,81800.66,1
2024-07-08,2024-07-08 11:02:00,1529.2,1529.5,1529.2,1529.5,0.02,51.55,81800.66,1
2024-07-08,2024-07-08 11:03:00,1529.5,1529.81,1529.5,1529.81,0.02,51.55,81800.66,1
2024-07-08,2024-07-08 11:04:00,1529.81,1530.11,1529.81,1530.11,0.02,51.55,81800.66,1
2024-07-08,2024-07-08 11:05:00,1530.11,1530.41,1530.11,1530.41,0.02,51.55,81800.66,1
2024-07-08,2024-07-08 11:06:00,1530.41,1530.71,1530.41,1530.71,0.02,51.55,81800.66,1
2024-07-08,2024-07-08 11:07:00,1530.71,1531.01,1530.71,1531.01,0.02,51.55,81800.66,1
2024-07-08,2024-07-08 11:08:00,1531.01,1531.31,1531.01,1531.31,0.02,51.55,81800.66,1
2024-07-08,2024-07-08 11:09:00,1531.31,1531.62,1531.31,1531.62,0.02,51.55,81800.66,1
2024-07-08,2024-07-08 11:10:00,1531.62,1531.92,1531.62,1531.92,0.02,51.55,81800.66,1
2024-07-08,2024-07-08 11:11:00,1531.92,1532.22,1531.92,1532.22,0.02,51.55,81800.66,1
2024-07-08,2024-07-08 11:12:00,1532.22,1532.52,1532.22,1532.52,0.02,51.55,81800.66,1
2024-07-08,2024-07-08 11:13:00,1532.52,1532.82,1532.52,1532.82,0.02,51.55,81800.66,1
2024-07-08,2024-07-08 11:14:00,1532.82,1533.12,1532.82,1533.12,0.02,51.55,81800.66,1
2024-07-08,2024-07-08 11:15:00,1533.12,1533.43,1533.12,1533.43,0.02,51.55,81800.66,1
2024-07-08,2024-07-08 11:16:00,1533.43,1533.73,1533.43,1533.73,0.02,51.55,81800.66,1
2024-07-08,2024-07-08 11:17:00,1533.73,1534.03,1533.73,1534.03,0.02,51.55,81800.66,1
2024-07-08,2024-07-08 11:18:00,1534.03,1534.33,1534.03,1534.33,0.02,51.55,81800.66,1
2024-07-08,2024-07-08 11:19:00,1534.33,1534.63,1534.33,1534.63,0.02,51.55,81800.66,1
2024-07-08,2024-07-08 11:20:00,1534.63,1534.93,1534.63,1534.93,0.02,51.55,81800.66,1
2024-07-08,2024-07-08 11:21:00,1534.93,1535.24,1534.93,1535.24,0.02,51.55,81800.66,1
2024-07-08,2024-07-08 11:22:00,1535.24,1535.54,1535.24,1535.54,0.02,51.55,81800.66,1
2024-07-08,2024-07-08 11:23:00,1535.54,1535.84,1535.54,1535.84,0.02,51.55,81800.66,1
2024-07-08,2024-07-08 11:24:00,1535.84,1536.14,1535.84,1536.14,0.02,51.55,81800.66,1
2024-07-08,2024-07-08 11:25:00,1536.14,1536.44,1536.14,1536.44,0.02,51.55,81800.66,1
2024-07-08,2024-07-08 11:26:00,1536.44,1536.74,1536.44,1536.74,0.02,51.55,81800.66,1
2024-07-08,2024-07-08 11:27:00,1536.74,1537.05,1536.74,1537.05,0.02,51.55,81800.66,1
2024-07-08,2024-07-08 11:28:00,1537.05,1537.35,1537.05,1537.35,0.02,51.55,81800.66,1
2024-07-08,2024-07-08 11:29:00,1537.35,1537.65,1537.35,1537.65,0.02,51.55,81800.66,1
2024-07-08,2024-07-08 11:30:00,1537.65,1537.95,1537.65,1537.95,0.02,51.55,81800.66,1
2024-07-08,2024-07-08 11:31:00,1537.95,1538.25,1537.95,1538.25,0.02,51.55,81800.66,1
2024-07-08,2024-07-08 11:32:00,1538.25,1538.55,1538.25,1538.55,0.02,51.55,81800.66,1
2024-07-08,2024-07-08 11:33:00,1538.55,1538.86,1538.55,1538.86,0.02,51.55,81800.66,1
2024-07-08,2024-07-08 11:34:00,1538.86,1539.16,1538.86,1539.16,0.02,51.55,81800.66,1
2024-07-08,2024-07-08 11:35:00,1539.16,1539.46,1539.16,1539.46,0.02,51.55,81800.66,1
2024-07-08,2024-07-08 11:36:00,1539.46,1539.76,1539.46,1539.76,0.02,51.55,81800.66,1
2024-07-08,2024-07-08 11:37:00,1539.76,1540.06,1539.76,1540.06,0.02,51.55,81800.66,1
2024-07-08,2024-07-08 11:38:00,1540.06,1540.37,1540.06,1540.37,0.02,51.55,81800.66,1
2024-07-08,2024-07-08 11:39:00,1540.37,1540.67,1540.37,1540.67,0.02,51.55,81800.66,1
2024-07-08,2024-07-08 11:40:00,1540.67,1540.97,1540.67,1540.97,0.02,51.55,81800.66,1
2024-07-08,2024-07-08 11:41:00,1540.97,1541.27,1540.97,1541.27,0.02,51.55,81800.66,1
2024-07-08,2024-07-08 11:42:00,1541.27,1541.57,1541.27,1541.57,0.02,51.55,81800.66,1
2024-07-08,2024-07-08 11:43:00,1541.57,1541.87,1541.57,1541.87,0.02,51.55,81800.66,1
2024-07-08,2024-07-08 11:44:00,1541.87,1542.17,1541.87,1542.17,0.02,51.55,81800.66,1
2024-07-08,2024-07-08 11:45:00,1542.17,1542.48,1542.17,1542.48,0.02,51.55,81800.66,1
2024-07-08,2024-07-08 11:46:00,1542.48,1542.78,1542.48,1542.78,0.02,51.55,81800.66,1
2024-07-08,2024-07-08 11:47:00,1542.78,1543.08,1542.78,1543.08,0.02,51.55,81800.66,1
2024-07-08,2024-07-08 11:48:00,1543.08,1543.38,1543.08,1543.38,0.02,51.55,81800.66,1
2024-07-08,2024-07-08 11:49:00,1543.38,1543.68,1543.38,1543.68,0.02,51.55,81800.66,1
2024-07-08,2024-07-08 11:50:00,1543.68,1543.98,1543.68,1543.98,0.02,51.55,81800.66,1
2024-07-08,2024-07-08 11:51:00,1543.98,1544.29,1543.98,1544.29,0.02,51.55,81800.66,1
2024-07-08,2024-07-08 11:52:00,1544.29,1544.59,1544.29,1544.59,0.02,51.55,81800.66,1
2024-07-08,2024-07-08 11:53:00,1544.59,1544.89,1544.59,1544.89,0.02,51.55,81800.66,1
2024-07-08,2024-07-08 11:54:00,1544.89,1545.19,1544.89,1545.19,0.02,51.55,81800.66,1
2024-07-08,2024-07-08 11:55:00,1545.19,1545.49,1545.19,1545.49,0.02,51.55,81800.66,1
2024-07-08,2024-07-08 11:56:00,1545.49,1545.79,1545.49,1545.79,0.02,51.55,81800.66,1
2024-07-08,2024-07-08 11:57:00,1545.79,1546.1,1545.79,1546.1,0.02,51.55,81800.66,1
2024-07-08,2024-07-08 11:58:00,1546.1,1546.4,1546.1,1546.4,0.02,51.55,81800.66,1
2024-07-08,2024-07-08 11:59:00,1546.4,1546.7,1546.4,1546.7,0.02,51.55,81800.66,1
2024-07-08,2024-07-08 12:00:00,1546.7,1547.0,1546.7,1547.0,0.02,51.55,81800.66,1
2024-07-08,2024-07-08 12:01:00,1547.0,1547.3,1547.0,1547.3,0.02,51.55,81800.66,1
2024-07-08,2024-07-08 12:02:00,1547.3,1547.61,1547.3,1547.61,0.02,51.55,81800.66,1
2024-07-08,2024-07-08 12:03:00,1547.61,1547.91,1547.61,1547.91,0.02,51.55,81800.66,1
2024-07-08,2024-07-08 12:04:00,1547.91,1548.21,1547.91,1548.21,0.02,51.55,81800.66,1
2024-07-08,2024-07-08 12:05:00,1548.21,1548.51,1548.21,1548.51,0.02,51.55,81800.66,1
2024-07-08,2024-07-08 12:06:00,1548.51,1548.81,1548.51,1548.81,0.02,51.55,81800.66,1
2024-07-08,2024-07-08 12:07:00,1548.81,1549.11,1548.81,1549.11,0.02,51.55,81800.66,1
2024-07-08,2024-07-08 12:08:00,1549.11,1549.41,1549.11,1549.41,0.02,51.55,81800.66,1
2024-07-08,2024-07-08 12:09:00,1549.41,1549.72,1549.41,1549.72,0.02,51.55,81800.66,1
2024-07-08,2024-07-08 12:10:00,1549.72,1550.02,1549.72,1550.02,0.02,51.55,81800.66,1
2024-07-08,2024-07-08 12:11:00,1550.02,1550.32,1550.02,1550.32,0.02,51.55,81800.66,1
2024-07-08,2024-07-08 12:12:00,1550.32,1550.62,1550.32,1550.62,0.02,51.55,81800.66,1
2024-07-08,2024-07-08 12:13:00,1550.62,1550.92,1550.62,1550.92,0.02,51.55,81800.66,1
2024-07-08,2024-07-08 12:14:00,1550.92,1551.22,1550.92,1551.22,0.02,51.55,81800.66,1
2024-07-08,2024-07-08 12:15:00,1551.22,1551.53,1551.22,1551.53,0.02,51.55,81800.66,1
2024-07-08,2024-07-08 12:16:00,1551.53,1551.83,1551.53,1551.83,0.02,51.55,81800.66,1
2024-07-08,2024-07-08 12:17:00,1551.83,1552.13,1551.83,1552.13,0.02,51.55,81800.66,1
2024-07-08,2024-07-08 12:18:00,1552.13,1552.43,1552.13,1552.43,0.02,51.55,81800.66,1
2024-07-08,2024-07-08 12:19:00,1552.43,1552.73,1552.43,1552.73,0.02,51.55,81800.66,1
2024-07-08,2024-07-08 12:20:00,1552.73,1553.03,1552.73,1553.03,0.02,51.55,81800.66,1
2024-07-08,2024-07-08 12:21:00,1553.03,1553.34,1553.03,1553.34,0.02,51.55,81800.66,1
2024-07-08,2024-07-08 12:22:00,1553.34,1553.64,1553.34,1553.64,0.02,51.55,81800.66,1
2024-07-08,2024-07-08 12:23:00,1553.64,1553.94,1553.64,1553.94,0.02,51.55,81800.66,1
2024-07-08,2024-07-08 12:24:00,1553.94,1554.24,1553.94,1554.24,0.02,51.55,81800.66,1
2024-07-08,2024-07-08 12:25:00,1554.24,1554.54,1554.24,1554.54,0.02,51.55,81800.66,1
2024-07-08,2024-07-08 12:26:00,1554.54,1554.85,1554.54,1554.85,0.02,51.55,81800.66,1
2024-07-08,2024-07-08 12:27:00,1554.85,1555.15,1554.85,1555.15,0.02,51.55,81800.66,1
2024-07-08,2024-07-08 12:28:00,1555.15,1555.45,1555.15,1555.45,0.02,51.55,81800.66,1
2024-07-08,2024-07-08 12:29:00,1555.45,1555.75,1555.45,1555.75,0.02,51.55,81800.66,1
2024-07-08,2024-07-08 12:30:00,1555.75,1556.05,1555.75,1556.05,0.02,51.55,81800.66,1
2024-07-08,2024-07-08 12:31:00,1556.05,1556.35,1556.05,1556.35,0.02,51.55,81800.66,1
2024-07-08,2024-07-08 12:32:00,1556.35,1556.65,1556.35,1556.65,0.02,51.55,81800.66,1
2024-07-08,2024-07-08 12:33:00,1556.65,1556.96,1556.65,1556.96,0.02,51.55,81800.66,1
2024-07-08,2024-07-08 12:34:00,1556.96,1557.26,1556.96,1557.26,0.02,51.55,81800.66,1
2024-07-08,2024-07-08 12:35:00,1557.26,1557.56,1557.26,1557.56,0.02,51.55,81800.66,1
2024-07-08,2024-07-08 12:36:00,1557.56,1557.86,1557.56,1557.86,0.02,51.55,81800.66,1
2024-07-08,2024-07-08 12:37:00,1557.86,1558.16,1557.86,1558.16,0.02,51.55,81800.66,1
2024-07-08,2024-07-08 12:38:00,1558.16,1558.46,1558.16,1558.46,0.02,51.55,81800.66,1
2024-07-08,2024-07-08 12:39:00,1558.46,1558.77,1558.46,1558.77,0.02,51.55,81800.66,1
2024-07-08,2024-07-08 12:40:00,1558.77,1559.07,1558.77,1559.07,0.02,51.55,81800.66,1
2024-07-08,2024-07-08 12:41:00,1559.07,1559.37,1559.07,1559.37,0.02,51.55,81800.66,1
2024-07-08,2024-07-08 12:42:00,1559.37,1559.67,1559.37,1559.67,0.02,51.55,81800.66,1
2024-07-08,2024-07-08 12:43:00,1559.67,1559.97,1559.67,1559.97,0.02,51.55,81800.66,1
2024-07-08,2024-07-08 12:44:00,1559.97,1560.27,1559.97,1560.27,0.02,51.55,81800.66,1
2024-07-08,2024-07-08 12:45:00,1560.27,1560.58,1560.27,1560.58,0.02,51.55,81800.66,1
2024-07-08,2024-07-08 12:46:00,1560.58,1560.88,1560.58,1560.88,0.02,51.55,81800.66,1
2024-07-08,2024-07-08 12:47:00,1560.88,1561.18,1560.88,1561.18,0.02,51.55,81800.66,1
2024-07-08,2024-07-08 12:48:00,1561.18,1561.48,1561.18,1561.48,0.02,51.55,81800.66,1
2024-07-08,2024-07-08 12:49:00,1561.48,1561.78,1561.48,1561.78,0.02,51.55,81800.66,1
2024-07-08,2024-07-08 12:50:00,1561.78,1562.09,1561.78,1562.09,0.02,51.55,81800.66,1
2024-07-08,2024-07-08 12:51:00,1562.09,1562.39,1562.09,1562.39,0.02,51.55,81800.66,1
2024-07-08,2024-07-08 12:52:00,1562.39,1562.69,1562.39,1562.69,0.02,51.55,81800.66,1
2024-07-08,2024-07-08 12:53:00,1562.69,1562.99,1562.69,1562.99,0.02,51.55,81800.66,1
2024-07-08,2024-07-08 12:54:00,1562.99,1563.29,1562.99,1563.29,0.02,51.55,81800.66,1
2024-07-08,2024-07-08 12:55:00,1563.29,1563.59,1563.29,1563.59,0.02,51.55,81800.66,1
2024-07-08,2024-07-08 12:56:00,1563.59,1563.89,1563.59,1563.89,0.02,51.55,81800.66,1
2024-07-08,2024-07-08 12:57:00,1563.89,1564.2,1563.89,1564.2,0.02,51.55,81800.66,1
2024-07-08,2024-07-08 12:58:00,1564.2,1564.5,1564.2,1564.5,0.02,51.55,81800.66,1
2024-07-08,2024-07-08 12:59:00,1564.5,1564.8,1564.5,1564.8,0.02,51.55,81800.66,1
2024-07-08,2024-07-08 13:00:00,1564.8,1609.0,1528.6,1565.1,0.02,51.55,81800.66,1
2024-07-08,2024-07-08 13:01:00,1565.1,1565.4,1565.1,1565.4,0.02,51.55,81800.66,1
2024-07-08,2024-07-08 13:02:00,1565.4,1565.7,1565.4,1565.7,0.02,51.55,81800.66,1
2024-07-08,2024-07-08 13:03:00,1565.7,1566.01,1565.7,1566.01,0.02,51.55,81800.66,1
2024-07-08,2024-07-08 13:04:00,1566.01,1566.31,1566.01,1566.31,0.02,51.55,81800.66,1
2024-07-08,2024-07-08 13:05:00,1566.31,1566.61,1566.31,1566.61,0.02,51.55,81800.66,1
2024-07-08,2024-07-08 13:06:00,1566.61,1566.91,1566.61,1566.91,0.02,51.55,81800.66,1
2024-07-08,2024-07-08 13:07:00,1566.91,1567.21,1566.91,1567.21,0.02,51.55,81800.66,1
2024-07-08,2024-07-08 13:08:00,1567.21,1567.51,1567.21,1567.51,0.02,51.55,81800.66,1
2024-07-08,2024-07-08 13:09:00,1567.51,1567.82,1567.51,1567.82,0.02,51.55,81800.66,1
2024-07-08,2024-07-08 13:10:00,1567.82,1568.12,1567.82,1568.12,0.02,51.55,81800.66,1
2024-07-08,2024-07-08 13:11:00,1568.12,1568.42,1568.12,1568.42,0.02,51.55,81800.66,1
2024-07-08,2024-07-08 13:12:00,1568.42,1568.72,1568.42,1568.72,0.02,51.55,81800.66,1
2024-07-08,2024-07-08 13:13:00,1568.72,1569.02,1568.72,1569.02,0.02,51.55,81800.66,1
2024-07-08,2024-07-08 13:14:00,1569.02,1569.33,1569.02,1569.33,0.02,51.55,81800.66,1
2024-07-08,2024-07-08 13:15:00,1569.33,1569.63,1569.33,1569.63,0.02,51.55,81800.66,1
2024-07-08,2024-07-08 13:16:00,1569.63,1569.93,1569.63,1569.93,0.02,51.55,81800.66,1
2024-07-08,2024-07-08 13:17:00,1569.93,1570.23,1569.93,1570.23,0.02,51.55,81800.66,1
2024-07-08,2024-07-08 13:18:00,1570.23,1570.53,1570.23,1570.53,0.02,51.55,81800.66,1
2024-07-08,2024-07-08 13:19:00,1570.53,1570.83,1570.53,1570.83,0.02,51.55,81800.66,1
2024-07-08,2024-07-08 13:20:00,1570.83,1571.13,1570.83,1571.13,0.02,51.55,81800.66,1
2024-07-08,2024-07-08 13:21:00,1571.13,1571.44,1571.13,1571.44,0.02,51.55,81800.66,1
2024-07-08,2024-07-08 13:22:00,1571.44,1571.74,1571.44,1571.74,0.02,51.55,81800.66,1
2024-07-08,2024-07-08 13:23:00,1571.74,1572.04,1571.74,1572.04,0.02,51.55,81800.66,1
2024-07-08,2024-07-08 13:24:00,1572.04,1572.34,1572.04,1572.34,0.02,51.55,81800.66,1
2024-07-08,2024-07-08 13:25:00,1572.34,1572.64,1572.34,1572.64,0.02,51.55,81800.66,1
2024-07-08,2024-07-08 13:26:00,1572.64,1572.94,1572.64,1572.94,0.02,51.55,81800.66,1
2024-07-08,2024-07-08 13:27:00,1572.94,1573.25,1572.94,1573.25,0.02,51.55,81800.66,1
2024-07-08,2024-07-08 13:28:00,1573.25,1573.55,1573.25,1573.55,0.02,51.55,81800.66,1
2024-07-08,2024-07-08 13:29:00,1573.55,1573.85,1573.55,1573.85,0.02,51.55,81800.66,1
2024-07-08,2024-07-08 13:30:00,1573.85,1574.15,1573.85,1574.15,0.02,51.55,81800.66,1
2024-07-08,2024-07-08 13:31:00,1574.15,1574.45,1574.15,1574.45,0.02,51.55,81800.66,1
2024-07-08,2024-07-08 13:32:00,1574.45,1574.75,1574.45,1574.75,0.02,51.55,81800.66,1
2024-07-08,2024-07-08 13:33:00,1574.75,1575.06,1574.75,1575.06,0.02,51.55,81800.66,1
2024-07-08,2024-07-08 13:34:00,1575.06,1575.36,1575.06,1575.36,0.02,51.55,81800.66,1
2024-07-08,2024-07-08 13:35:00,1575.36,1575.66,1575.36,1575.66,0.02,51.55,81800.66,1
2024-07-08,2024-07-08 13:36:00,1575.66,1575.96,1575.66,1575.96,0.02,51.55,81800.66,1
2024-07-08,2024-07-08 13:37:00,1575.96,1576.26,1575.96,1576.26,0.02,51.55,81800.66,1
2024-07-08,2024-07-08 13:38:00,1576.26,1576.57,1576.26,1576.57,0.02,51.55,81800.66,1
2024-07-08,2024-07-08 13:39:00,1576.57,1576.87,1576.57,1576.87,0.02,51.55,81800.66,1
2024-07-08,2024-07-08 13:40:00,1576.87,1577.17,1576.87,1577.17,0.02,51.55,81800.66,1
2024-07-08,2024-07-08 13:41:00,1577.17,1577.47,1577.17,1577.47,0.02,51.55,81800.66,1
2024-07-08,2024-07-08 13:42:00,1577.47,1577.77,1577.47,1577.77,0.02,51.55,81800.66,1
2024-07-08,2024-07-08 13:43:00,1577.77,1578.07,1577.77,1578.07,0.02,51.55,81800.66,1
2024-07-08,2024-07-08 13:44:00,1578.07,1578.38,1578.07,1578.38,0.02,51.55,81800.66,1
2024-07-08,2024-07-08 13:45:00,1578.38,1578.68,1578.38,1578.68,0.02,51.55,81800.66,1
2024-07-08,2024-07-08 13:46:00,1578.68,1578.98,1578.68,1578.98,0.02,51.55,81800.66,1
2024-07-08,2024-07-08 13:47:00,1578.98,1579.28,1578.98,1579.28,0.02,51.55,81800.66,1
2024-07-08,2024-07-08 13:48:00,1579.28,1579.58,1579.28,1579.58,0.02,51.55,81800.66,1
2024-07-08,2024-07-08 13:49:00,1579.58,1579.88,1579.58,1579.88,0.02,51.55,81800.66,1
2024-07-08,2024-07-08 13:50:00,1579.88,1580.18,1579.88,1580.18,0.02,51.55,81800.66,1
2024-07-08,2024-07-08 13:51:00,1580.18,1580.49,1580.18,1580.49,0.02,51.55,81800.66,1
2024-07-08,2024-07-08 13:52:00,1580.49,1580.79,1580.49,1580.79,0.02,51.55,81800.66,1
2024-07-08,2024-07-08 13:53:00,1580.79,1581.09,1580.79,1581.09,0.02,51.55,81800.66,1
2024-07-08,2024-07-08 13:54:00,1581.09,1581.39,1581.09,1581.39,0.02,51.55,81800.66,1
2024-07-08,2024-07-08 13:55:00,1581.39,1581.69,1581.39,1581.69,0.02,51.55,81800.66,1
2024-07-08,2024-07-08 13:56:00,1581.69,1581.99,1581.69,1581.99,0.02,51.55,81800.66,1
2024-07-08,2024-07-08 13:57:00,1581.99,1582.3,1581.99,1582.3,0.02,51.55,81800.66,1
2024-07-08,2024-07-08 13:58:00,1582.3,1582.6,1582.3,1582.6,0.02,51.55,81800.66,1
2024-07-08,2024-07-08 13:59:00,1582.6,1582.9,1582.6,1582.9,0.02,51.55,81800.66,1
2024-07-08,2024-07-08 14:00:00,1582.9,1583.2,1582.9,1583.2,0.02,51.55,81800.66,1
2024-07-08,2024-07-08 14:01:00,1583.2,1583.5,1583.2,1583.5,0.02,51.55,81800.66,1
2024-07-08,2024-07-08 14:02:00,1583.5,1583.81,1583.5,1583.81,0.02,51.55,81800.66,1
2024-07-08,2024-07-08 14:03:00,1583.81,1584.11,1583.81,1584.11,0.02,51.55,81800.66,1
2024-07-08,2024-07-08 14:04:00,1584.11,1584.41,1584.11,1584.41,0.02,51.55,81800.66,1
2024-07-08,2024-07-08 14:05:00,1584.41,1584.71,1584.41,1584.71,0.02,51.55,81800.66,1
2024-07-08,2024-07-08 14:06:00,1584.71,1585.01,1584.71,1585.01,0.02,51.55,81800.66,1
2024-07-08,2024-07-08 14:07:00,1585.01,1585.31,1585.01,1585.31,0.02,51.55,81800.66,1
2024-07-08,2024-07-08 14:08:00,1585.31,1585.62,1585.31,1585.62,0.02,51.55,81800.66,1
2024-07-08,2024-07-08 14:09:00,1585.62,1585.92,1585.62,1585.92,0.02,51.55,81800.66,1
2024-07-08,2024-07-08 14:10:00,1585.92,1586.22,1585.92,1586.22,0.02,51.55,81800.66,1
2024-07-08,2024-07-08 14:11:00,1586.22,1586.52,1586.22,1586.52,0.02,51.55,81800.66,1
2024-07-08,2024-07-08 14:12:00,1586.52,1586.82,1586.52,1586.82,0.02,51.55,81800.66,1
2024-07-08,2024-07-08 14:13:00,1586.82,1587.12,1586.82,1587.12,0.02,51.55,81800.66,1
2024-07-08,2024-07-08 14:14:00,1587.12,1587.42,1587.12,1587.42,0.02,51.55,81800.66,1
2024-07-08,2024-07-08 14:15:00,1587.42,1587.73,1587.42,1587.73,0.02,51.55,81800.66,1
2024-07-08,2024-07-08 14:16:00,1587.73,1588.03,1587.73,1588.03,0.02,51.55,81800.66,1
2024-07-08,2024-07-08 14:17:00,1588.03,1588.33,1588.03,1588.33,0.02,51.55,81800.66,1
2024-07-08,2024-07-08 14:18:00,1588.33,1588.63,1588.33,1588.63,0.02,51.55,81800.66,1
2024-07-08,2024-07-08 14:19:00,1588.63,1588.93,1588.63,1588.93,0.02,51.55,81800.66,1
2024-07-08,2024-07-08 14:20:00,1588.93,1589.23,1588.93,1589.23,0.02,51.55,81800.66,1
2024-07-08,2024-07-08 14:21:00,1589.23,1589.54,1589.23,1589.54,0.02,51.55,81800.66,1
2024-07-08,2024-07-08 14:22:00,1589.54,1589.84,1589.54,1589.84,0.02,51.55,81800.66,1
2024-07-08,2024-07-08 14:23:00,1589.84,1590.14,1589.84,1590.14,0.02,51.55,81800.66,1
2024-07-08,2024-07-08 14:24:00,1590.14,1590.44,1590.14,1590.44,0.02,51.55,81800.66,1
2024-07-08,2024-07-08 14:25:00,1590.44,1590.74,1590.44,1590.74,0.02,51.55,81800.66,1
2024-07-08,2024-07-08 14:26:00,1590.74,1591.05,1590.74,1591.05,0.02,51.55,81800.66,1
2024-07-08,2024-07-08 14:27:00,1591.05,1591.35,1591.05,1591.35,0.02,51.55,81800.66,1
2024-07-08,2024-07-08 14:28:00,1591.35,1591.65,1591.35,1591.65,0.02,51.55,81800.66,1
2024-07-08,2024-07-08 14:29:00,1591.65,1591.95,1591.65,1591.95,0.02,51.55,81800.66,1
2024-07-08,2024-07-08 14:30:00,1591.95,1592.25,1591.95,1592.25,0.02,51.55,81800.66,1
2024-07-08,2024-07-08 14:31:00,1592.25,1592.55,1592.25,1592.55,0.02,51.55,81800.66,1
2024-07-08,2024-07-08 14:32:00,1592.55,1592.86,1592.55,1592.86,0.02,51.55,81800.66,1
2024-07-08,2024-07-08 14:33:00,1592.86,1593.16,1592.86,1593.16,0.02,51.55,81800.66,1
2024-07-08,2024-07-08 14:34:00,1593.16,1593.46,1593.16,1593.46,0.02,51.55,81800.66,1
2024-07-08,2024-07-08 14:35:00,1593.46,1593.76,1593.46,1593.76,0.02,51.55,81800.66,1
2024-07-08,2024-07-08 14:36:00,1593.76,1594.06,1593.76,1594.06,0.02,51.55,81800.66,1
2024-07-08,2024-07-08 14:37:00,1594.06,1594.36,1594.06,1594.36,0.02,51.55,81800.66,1
2024-07-08,2024-07-08 14:38:00,1594.36,1594.66,1594.36,1594.66,0.02,51.55,81800.66,1
2024-07-08,2024-07-08 14:39:00,1594.66,1594.97,1594.66,1594.97,0.02,51.55,81800.66,1
2024-07-08,2024-07-08 14:40:00,1594.97,1595.27,1594.97,1595.27,0.02,51.55,81800.66,1
2024-07-08,2024-07-08 14:41:00,1595.27,1595.57,1595.27,1595.57,0.02,51.55,81800.66,1
2024-07-08,2024-07-08 14:42:00,1595.57,1595.87,1595.57,1595.87,0.02,51.55,81800.66,1
2024-07-08,2024-07-08 14:43:00,1595.87,1596.17,1595.87,1596.17,0.02,51.55,81800.66,1
2024-07-08,2024-07-08 14:44:00,1596.17,1596.47,1596.17,1596.47,0.02,51.55,81800.66,1
2024-07-08,2024-07-08 14:45:00,1596.47,1596.78,1596.47,1596.78,0.02,51.55,81800.66,1
2024-07-08,2024-07-08 14:46:00,1596.78,1597.08,1596.78,1597.08,0.02,51.55,81800.66,1
2024-07-08,2024-07-08 14:47:00,1597.08,1597.38,1597.08,1597.38,0.02,51.55,81800.66,1
2024-07-08,2024-07-08 14:48:00,1597.38,1597.68,1597.38,1597.68,0.02,51.55,81800.66,1
2024-07-08,2024-07-08 14:49:00,1597.68,1597.98,1597.68,1597.98,0.02,51.55,81800.66,1
2024-07-08,2024-07-08 14:50:00,1597.98,1598.29,1597.98,1598.29,0.02,51.55,81800.66,1
2024-07-08,2024-07-08 14:51:00,1598.29,1598.59,1598.29,1598.59,0.02,51.55,81800.66,1
2024-07-08,2024-07-08 14:52:00,1598.59,1598.89,1598.59,1598.89,0.02,51.55,81800.66,1
2024-07-08,2024-07-08 14:53:00,1598.89,1599.19,1598.89,1599.19,0.02,51.55,81800.66,1
2024-07-08,2024-07-08 14:54:00,1599.19,1599.49,1599.19,1599.49,0.02,51.55,81800.66,1
2024-07-08,2024-07-08 14:55:00,1599.49,1599.79,1599.49,1599.79,0.02,51.55,81800.66,1
2024-07-08,2024-07-08 14:56:00,1599.79,1600.1,1599.79,1600.1,0.02,51.55,81800.66,1
2024-07-08,2024-07-08 14:57:00,1600.1,1600.4,1600.1,1600.4,0.02,51.55,81800.66,1
2024-07-08,2024-07-08 14:58:00,1600.4,1600.7,1600.4,1600.7,0.02,51.55,81800.66,1
2024-07-08,2024-07-08 14:59:00,1600.7,1601.0,1600.7,1601.0,0.02,51.55,81800.66,1
2024-07-08,2024-07-08 15:00:00,1601.0,1609.0,1528.6,1601.0,0.0,51.55,81800.66,0
2024-07-09,2024-07-09 11:00:00,1569.0,1607.1,1569.0,1569.42,0.03,51.37,84682.21,1
2024-07-09,2024-07-09 11:01:00,1569.42,1569.83,1569.42,1569.83,0.03,51.37,84682.21,1
2024-07-09,2024-07-09 11:02:00,1569.83,1570.25,1569.83,1570.25,0.03,51.37,84682.21,1
2024-07-09,2024-07-09 11:03:00,1570.25,1570.67,1570.25,1570.67,0.03,51.37,84682.21,1
2024-07-09,2024-07-09 11:04:00,1570.67,1571.09,1570.67,1571.09,0.03,51.37,84682.21,1
2024-07-09,2024-07-09 11:05:00,1571.09,1571.5,1571.09,1571.5,0.03,51.37,84682.21,1
2024-07-09,2024-07-09 11:06:00,1571.5,1571.92,1571.5,1571.92,0.03,51.37,84682.21,1
2024-07-09,2024-07-09 11:07:00,1571.92,1572.34,1571.92,1572.34,0.03,51.37,84682.21,1
2024-07-09,2024-07-09 11:08:00,1572.34,1572.75,1572.34,1572.75,0.03,51.37,84682.21,1
2024-07-09,2024-07-09 11:09:00,1572.75,1573.17,1572.75,1573.17,0.03,51.37,84682.21,1
2024-07-09,2024-07-09 11:10:00,1573.17,1573.59,1573.17,1573.59,0.03,51.37,84682.21,1
2024-07-09,2024-07-09 11:11:00,1573.59,1574.01,1573.59,1574.01,0.03,51.37,84682.21,1
2024-07-09,2024-07-09 11:12:00,1574.01,1574.42,1574.01,1574.42,0.03,51.37,84682.21,1
2024-07-09,2024-07-09 11:13:00,1574.42,1574.84,1574.42,1574.84,0.03,51.37,84682.21,1
2024-07-09,2024-07-09 11:14:00,1574.84,1575.26,1574.84,1575.26,0.03,51.37,84682.21,1
2024-07-09,2024-07-09 11:15:00,1575.26,1575.67,1575.26,1575.67,0.03,51.37,84682.21,1
2024-07-09,2024-07-09 11:16:00,1575.67,1576.09,1575.67,1576.09,0.03,51.37,84682.21,1
2024-07-09,2024-07-09 11:17:00,1576.09,1576.51,1576.09,1576.51,0.03,51.37,84682.21,1
2024-07-09,2024-07-09 11:18:00,1576.51,1576.92,1576.51,1576.92,0.03,51.37,84682.21,1
2024-07-09,2024-07-09 11:19:00,1576.92,1577.34,1576.92,1577.34,0.03,51.37,84682.21,1
2024-07-09,2024-07-09 11:20:00,1577.34,1577.76,1577.34,1577.76,0.03,51.37,84682.21,1
2024-07-09,2024-07-09 11:21:00,1577.76,1578.18,1577.76,1578.18,0.03,51.37,84682.21,1
2024-07-09,2024-07-09 11:22:00,1578.18,1578.59,1578.18,1578.59,0.03,51.37,84682.21,1
2024-07-09,2024-07-09 11:23:00,1578.59,1579.01,1578.59,1579.01,0.03,51.37,84682.21,1
2024-07-09,2024-07-09 11:24:00,1579.01,1579.43,1579.01,1579.43,0.03,51.37,84682.21,1
2024-07-09,2024-07-09 11:25:00,1579.43,1579.84,1579.43,1579.84,0.03,51.37,84682.21,1
2024-07-09,2024-07-09 11:26:00,1579.84,1580.26,1579.84,1580.26,0.03,51.37,84682.21,1
2024-07-09,2024-07-09 11:27:00,1580.26,1580.68,1580.26,1580.68,0.03,51.37,84682.21,1
2024-07-09,2024-07-09 11:28:00,1580.68,1581.1,1580.68,1581.1,0.03,51.37,84682.21,1
2024-07-09,2024-07-09 11:29:00,1581.1,1581.51,1581.1,1581.51,0.03,51.37,84682.21,1
2024-07-09,2024-07-09 11:30:00,1581.51,1581.93,1581.51,1581.93,0.03,51.37,84682.21,1
2024-07-09,2024-07-09 11:31:00,1581.93,1582.35,1581.93,1582.35,0.03,51.37,84682.21,1
2024-07-09,2024-07-09 11:32:00,1582.35,1582.76,1582.35,1582.76,0.03,51.37,84682.21,1
2024-07-09,2024-07-09 11:33:00,1582.76,1583.18,1582.76,1583.18,0.03,51.37,84682.21,1
2024-07-09,2024-07-09 11:34:00,1583.18,1583.6,1583.18,1583.6,0.03,51.37,84682.21,1
2024-07-09,2024-07-09 11:35:00,1583.6,1584.01,1583.6,1584.01,0.03,51.37,84682.21,1
2024-07-09,2024-07-09 11:36:00,1584.01,1584.43,1584.01,1584.43,0.03,51.37,84682.21,1
2024-07-09,2024-07-09 11:37:00,1584.43,1584.85,1584.43,1584.85,0.03,51.37,84682.21,1
2024-07-09,2024-07-09 11:38:00,1584.85,1585.27,1584.85,1585.27,0.03,51.37,84682.21,1
2024-07-09,2024-07-09 11:39:00,1585.27,1585.68,1585.27,1585.68,0.03,51.37,84682.21,1
2024-07-09,2024-07-09 11:40:00,1585.68,1586.1,1585.68,1586.1,0.03,51.37,84682.21,1
2024-07-09,2024-07-09 11:41:00,1586.1,1586.52,1586.1,1586.52,0.03,51.37,84682.21,1
2024-07-09,2024-07-09 11:42:00,1586.52,1586.93,1586.52,1586.93,0.03,51.37,84682.21,1
2024-07-09,2024-07-09 11:43:00,1586.93,1587.35,1586.93,1587.35,0.03,51.37,84682.21,1
2024-07-09,2024-07-09 11:44:00,1587.35,1587.77,1587.35,1587.77,0.03,51.37,84682.21,1
2024-07-09,2024-07-09 11:45:00,1587.77,1588.19,1587.77,1588.19,0.03,51.37,84682.21,1
2024-07-09,2024-07-09 11:46:00,1588.19,1588.6,1588.19,1588.6,0.03,51.37,84682.21,1
2024-07-09,2024-07-09 11:47:00,1588.6,1589.02,1588.6,1589.02,0.03,51.37,84682.21,1
2024-07-09,2024-07-09 11:48:00,1589.02,1589.44,1589.02,1589.44,0.03,51.37,84682.21,1
2024-07-09,2024-07-09 11:49:00,1589.44,1589.85,1589.44,1589.85,0.03,51.37,84682.21,1
2024-07-09,2024-07-09 11:50:00,1589.85,1590.27,1589.85,1590.27,0.03,51.37,84682.21,1
2024-07-09,2024-07-09 11:51:00,1590.27,1590.69,1590.27,1590.69,0.03,51.37,84682.21,1
2024-07-09,2024-07-09 11:52:00,1590.69,1591.11,1590.69,1591.11,0.03,51.37,84682.21,1
2024-07-09,2024-07-09 11:53:00,1591.11,1591.52,1591.11,1591.52,0.03,51.37,84682.21,1
2024-07-09,2024-07-09 11:54:00,1591.52,1591.94,1591.52,1591.94,0.03,51.37,84682.21,1
2024-07-09,2024-07-09 11:55:00,1591.94,1592.36,1591.94,1592.36,0.03,51.37,84682.21,1
2024-07-09,2024-07-09 11:56:00,1592.36,1592.77,1592.36,1592.77,0.03,51.37,84682.21,1
2024-07-09,2024-07-09 11:57:00,1592.77,1593.19,1592.77,1593.19,0.03,51.37,84682.21,1
2024-07-09,2024-07-09 11:58:00,1593.19,1593.61,1593.19,1593.61,0.03,51.37,84682.21,1
2024-07-09,2024-07-09 11:59:00,1593.61,1594.03,1593.61,1594.03,0.03,51.37,84682.21,1
2024-07-09,2024-07-09 12:00:00,1594.03,1594.44,1594.03,1594.44,0.03,51.37,84682.21,1
2024-07-09,2024-07-09 12:01:00,1594.44,1594.86,1594.44,1594.86,0.03,51.37,84682.21,1
2024-07-09,2024-07-09 12:02:00,1594.86,1595.28,1594.86,1595.28,0.03,51.37,84682.21,1
2024-07-09,2024-07-09 12:03:00,1595.28,1595.69,1595.28,1595.69,0.03,51.37,84682.21,1
2024-07-09,2024-07-09 12:04:00,1595.69,1596.11,1595.69,1596.11,0.03,51.37,84682.21,1
2024-07-09,2024-07-09 12:05:00,1596.11,1596.53,1596.11,1596.53,0.03,51.37,84682.21,1
2024-07-09,2024-07-09 12:06:00,1596.53,1596.94,1596.53,1596.94,0.03,51.37,84682.21,1
2024-07-09,2024-07-09 12:07:00,1596.94,1597.36,1596.94,1597.36,0.03,51.37,84682.21,1
2024-07-09,2024-07-09 12:08:00,1597.36,1597.78,1597.36,1597.78,0.03,51.37,84682.21,1
2024-07-09,2024-07-09 12:09:00,1597.78,1598.2,1597.78,1598.2,0.03,51.37,84682.21,1
2024-07-09,2024-07-09 12:10:00,1598.2,1598.61,1598.2,1598.61,0.03,51.37,84682.21,1
2024-07-09,2024-07-09 12:11:00,1598.61,1599.03,1598.61,1599.03,0.03,51.37,84682.21,1
2024-07-09,2024-07-09 12:12:00,1599.03,1599.45,1599.03,1599.45,0.03,51.37,84682.21,1
2024-07-09,2024-07-09 12:13:00,1599.45,1599.86,1599.45,1599.86,0.03,51.37,84682.21,1
2024-07-09,2024-07-09 12:14:00,1599.86,1600.28,1599.86,1600.28,0.03,51.37,84682.21,1
2024-07-09,2024-07-09 12:15:00,1600.28,1600.7,1600.28,1600.7,0.03,51.37,84682.21,1
2024-07-09,2024-07-09 12:16:00,1600.7,1601.12,1600.7,1601.12,0.03,51.37,84682.21,1
2024-07-09,2024-07-09 12:17:00,1601.12,1601.53,1601.12,1601.53,0.03,51.37,84682.21,1
2024-07-09,2024-07-09 12:18:00,1601.53,1601.95,1601.53,1601.95,0.03,51.37,84682.21,1
2024-07-09,2024-07-09 12:19:00,1601.95,1602.37,1601.95,1602.37,0.03,51.37,84682.21,1
2024-07-09,2024-07-09 12:20:00,1602.37,1602.78,1602.37,1602.78,0.03,51.37,84682.21,1
2024-07-09,2024-07-09 12:21:00,1602.78,1603.2,1602.78,1603.2,0.03,51.37,84682.21,1
2024-07-09,2024-07-09 12:22:00,1603.2,1603.62,1603.2,1603.62,0.03,51.37,84682.21,1
2024-07-09,2024-07-09 12:23:00,1603.62,1604.03,1603.62,1604.03,0.03,51.37,84682.21,1
2024-07-09,2024-07-09 12:24:00,1604.03,1604.45,1604.03,1604.45,0.03,51.37,84682.21,1
2024-07-09,2024-07-09 12:25:00,1604.45,1604.87,1604.45,1604.87,0.03,51.37,84682.21,1
2024-07-09,2024-07-09 12:26:00,1604.87,1605.29,1604.87,1605.29,0.03,51.37,84682.21,1
2024-07-09,2024-07-09 12:27:00,1605.29,1605.7,1605.29,1605.7,0.03,51.37,84682.21,1
2024-07-09,2024-07-09 12:28:00,1605.7,1606.12,1605.7,1606.12,0.03,51.37,84682.21,1
2024-07-09,2024-07-09 12:29:00,1606.12,1606.54,1606.12,1606.54,0.03,51.37,84682.21,1
2024-07-09,2024-07-09 12:30:00,1606.54,1606.95,1606.54,1606.95,0.03,51.37,84682.21,1
2024-07-09,2024-07-09 12:31:00,1606.95,1607.37,1606.95,1607.37,0.03,51.37,84682.21,1
2024-07-09,2024-07-09 12:32:00,1607.37,1607.79,1607.37,1607.79,0.03,51.37,84682.21,1
2024-07-09,2024-07-09 12:33:00,1607.79,1608.21,1607.79,1608.21,0.03,51.37,84682.21,1
2024-07-09,2024-07-09 12:34:00,1608.21,1608.62,1608.21,1608.62,0.03,51.37,84682.21,1
2024-07-09,2024-07-09 12:35:00,1608.62,1609.04,1608.62,1609.04,0.03,51.37,84682.21,1
2024-07-09,2024-07-09 12:36:00,1609.04,1609.46,1609.04,1609.46,0.03,51.37,84682.21,1
2024-07-09,2024-07-09 12:37:00,1609.46,1609.87,1609.46,1609.87,0.03,51.37,84682.21,1
2024-07-09,2024-07-09 12:38:00,1609.87,1610.29,1609.87,1610.29,0.03,51.37,84682.21,1
2024-07-09,2024-07-09 12:39:00,1610.29,1610.71,1610.29,1610.71,0.03,51.37,84682.21,1
2024-07-09,2024-07-09 12:40:00,1610.71,1611.13,1610.71,1611.13,0.03,51.37,84682.21,1
2024-07-09,2024-07-09 12:41:00,1611.13,1611.54,1611.13,1611.54,0.03,51.37,84682.21,1
2024-07-09,2024-07-09 12:42:00,1611.54,1611.96,1611.54,1611.96,0.03,51.37,84682.21,1
2024-07-09,2024-07-09 12:43:00,1611.96,1612.38,1611.96,1612.38,0.03,51.37,84682.21,1
2024-07-09,2024-07-09 12:44:00,1612.38,1612.79,1612.38,1612.79,0.03,51.37,84682.21,1
2024-07-09,2024-07-09 12:45:00,1612.79,1613.21,1612.79,1613.21,0.03,51.37,84682.21,1
2024-07-09,2024-07-09 12:46:00,1613.21,1613.63,1613.21,1613.63,0.03,51.37,84682.21,1
2024-07-09,2024-07-09 12:47:00,1613.63,1614.05,1613.63,1614.05,0.03,51.37,84682.21,1
2024-07-09,2024-07-09 12:48:00,1614.05,1614.46,1614.05,1614.46,0.03,51.37,84682.21,1
2024-07-09,2024-07-09 12:49:00,1614.46,1614.88,1614.46,1614.88,0.03,51.37,84682.21,1
2024-07-09,2024-07-09 12:50:00,1614.88,1615.3,1614.88,1615.3,0.03,51.37,84682.21,1
2024-07-09,2024-07-09 12:51:00,1615.3,1615.71,1615.3,1615.71,0.03,51.37,84682.21,1
2024-07-09,2024-07-09 12:52:00,1615.71,1616.13,1615.71,1616.13,0.03,51.37,84682.21,1
2024-07-09,2024-07-09 12:53:00,1616.13,1616.55,1616.13,1616.55,0.03,51.37,84682.21,1
2024-07-09,2024-07-09 12:54:00,1616.55,1616.96,1616.55,1616.96,0.03,51.37,84682.21,1
2024-07-09,2024-07-09 12:55:00,1616.96,1617.38,1616.96,1617.38,0.03,51.37,84682.21,1
2024-07-09,2024-07-09 12:56:00,1617.38,1617.8,1617.38,1617.8,0.03,51.37,84682.21,1
2024-07-09,2024-07-09 12:57:00,1617.8,1618.22,1617.8,1618.22,0.03,51.37,84682.21,1
2024-07-09,2024-07-09 12:58:00,1618.22,1618.63,1618.22,1618.63,0.03,51.37,84682.21,1
2024-07-09,2024-07-09 12:59:00,1618.63,1619.05,1618.63,1619.05,0.03,51.37,84682.21,1
2024-07-09,2024-07-09 13:00:00,1619.05,1696.0,1569.0,1619.47,0.03,51.37,84682.21,1
2024-07-09,2024-07-09 13:01:00,1619.47,1619.88,1619.47,1619.88,0.03,51.37,84682.21,1
2024-07-09,2024-07-09 13:02:00,1619.88,1620.3,1619.88,1620.3,0.03,51.37,84682.21,1
2024-07-09,2024-07-09 13:03:00,1620.3,1620.72,1620.3,1620.72,0.03,51.37,84682.21,1
2024-07-09,2024-07-09 13:04:00,1620.72,1621.14,1620.72,1621.14,0.03,51.37,84682.21,1
2024-07-09,2024-07-09 13:05:00,1621.14,1621.55,1621.14,1621.55,0.03,51.37,84682.21,1
2024-07-09,2024-07-09 13:06:00,1621.55,1621.97,1621.55,1621.97,0.03,51.37,84682.21,1
2024-07-09,2024-07-09 13:07:00,1621.97,1622.39,1621.97,1622.39,0.03,51.37,84682.21,1
2024-07-09,2024-07-09 13:08:00,1622.39,1622.8,1622.39,1622.8,0.03,51.37,84682.21,1
2024-07-09,2024-07-09 13:09:00,1622.8,1623.22,1622.8,1623.22,0.03,51.37,84682.21,1
2024-07-09,2024-07-09 13:10:00,1623.22,1623.64,1623.22,1623.64,0.03,51.37,84682.21,1
2024-07-09,2024-07-09 13:11:00,1623.64,1624.06,1623.64,1624.06,0.03,51.37,84682.21,1
2024-07-09,2024-07-09 13:12:00,1624.06,1624.47,1624.06,1624.47,0.03,51.37,84682.21,1
2024-07-09,2024-07-09 13:13:00,1624.47,1624.89,1624.47,1624.89,0.03,51.37,84682.21,1
2024-07-09,2024-07-09 13:14:00,1624.89,1625.31,1624.89,1625.31,0.03,51.37,84682.21,1
2024-07-09,2024-07-09 13:15:00,1625.31,1625.72,1625.31,1625.72,0.03,51.37,84682.21,1
2024-07-09,2024-07-09 13:16:00,1625.72,1626.14,1625.72,1626.14,0.03,51.37,84682.21,1
2024-07-09,2024-07-09 13:17:00,1626.14,1626.56,1626.14,1626.56,0.03,51.37,84682.21,1
2024-07-09,2024-07-09 13:18:00,1626.56,1626.97,1626.56,1626.97,0.03,51.37,84682.21,1
2024-07-09,2024-07-09 13:19:00,1626.97,1627.39,1626.97,1627.39,0.03,51.37,84682.21,1
2024-07-09,2024-07-09 13:20:00,1627.39,1627.81,1627.39,1627.81,0.03,51.37,84682.21,1
2024-07-09,2024-07-09 13:21:00,1627.81,1628.23,1627.81,1628.23,0.03,51.37,84682.21,1
2024-07-09,2024-07-09 13:22:00,1628.23,1628.64,1628.23,1628.64,0.03,51.37,84682.21,1
2024-07-09,2024-07-09 13:23:00,1628.64,1629.06,1628.64,1629.06,0.03,51.37,84682.21,1
2024-07-09,2024-07-09 13:24:00,1629.06,1629.48,1629.06,1629.48,0.03,51.37,84682.21,1
2024-07-09,2024-07-09 13:25:00,1629.48,1629.89,1629.48,1629.89,0.03,51.37,84682.21,1
2024-07-09,2024-07-09 13:26:00,1629.89,1630.31,1629.89,1630.31,0.03,51.37,84682.21,1
2024-07-09,2024-07-09 13:27:00,1630.31,1630.73,1630.31,1630.73,0.03,51.37,84682.21,1
2024-07-09,2024-07-09 13:28:00,1630.73,1631.15,1630.73,1631.15,0.03,51.37,84682.21,1
2024-07-09,2024-07-09 13:29:00,1631.15,1631.56,1631.15,1631.56,0.03,51.37,84682.21,1
2024-07-09,2024-07-09 13:30:00,1631.56,1631.98,1631.56,1631.98,0.03,51.37,84682.21,1
2024-07-09,2024-07-09 13:31:00,1631.98,1632.4,1631.98,1632.4,0.03,51.37,84682.21,1
2024-07-09,2024-07-09 13:32:00,1632.4,1632.81,1632.4,1632.81,0.03,51.37,84682.21,1
2024-07-09,2024-07-09 13:33:00,1632.81,1633.23,1632.81,1633.23,0.03,51.37,84682.21,1
2024-07-09,2024-07-09 13:34:00,1633.23,1633.65,1633.23,1633.65,0.03,51.37,84682.21,1
2024-07-09,2024-07-09 13:35:00,1633.65,1634.07,1633.65,1634.07,0.03,51.37,84682.21,1
2024-07-09,2024-07-09 13:36:00,1634.07,1634.48,1634.07,1634.48,0.03,51.37,84682.21,1
2024-07-09,2024-07-09 13:37:00,1634.48,1634.9,1634.48,1634.9,0.03,51.37,84682.21,1
2024-07-09,2024-07-09 13:38:00,1634.9,1635.32,1634.9,1635.32,0.03,51.37,84682.21,1
2024-07-09,2024-07-09 13:39:00,1635.32,1635.73,1635.32,1635.73,0.03,51.37,84682.21,1
2024-07-09,2024-07-09 13:40:00,1635.73,1636.15,1635.73,1636.15,0.03,51.37,84682.21,1
2024-07-09,2024-07-09 13:41:00,1636.15,1636.57,1636.15,1636.57,0.03,51.37,84682.21,1
2024-07-09,2024-07-09 13:42:00,1636.57,1636.98,1636.57,1636.98,0.03,51.37,84682.21,1
2024-07-09,2024-07-09 13:43:00,1636.98,1637.4,1636.98,1637.4,0.03,51.37,84682.21,1
2024-07-09,2024-07-09 13:44:00,1637.4,1637.82,1637.4,1637.82,0.03,51.37,84682.21,1
2024-07-09,2024-07-09 13:45:00,1637.82,1638.24,1637.82,1638.24,0.03,51.37,84682.21,1
2024-07-09,2024-07-09 13:46:00,1638.24,1638.65,1638.24,1638.65,0.03,51.37,84682.21,1
2024-07-09,2024-07-09 13:47:00,1638.65,1639.07,1638.65,1639.07,0.03,51.37,84682.21,1
2024-07-09,2024-07-09 13:48:00,1639.07,1639.49,1639.07,1639.49,0.03,51.37,84682.21,1
2024-07-09,2024-07-09 13:49:00,1639.49,1639.9,1639.49,1639.9,0.03,51.37,84682.21,1
2024-07-09,2024-07-09 13:50:00,1639.9,1640.32,1639.9,1640.32,0.03,51.37,84682.21,1
2024-07-09,2024-07-09 13:51:00,1640.32,1640.74,1640.32,1640.74,0.03,51.37,84682.21,1
2024-07-09,2024-07-09 13:52:00,1640.74,1641.16,1640.74,1641.16,0.03,51.37,84682.21,1
2024-07-09,2024-07-09 13:53:00,1641.16,1641.57,1641.16,1641.57,0.02,51.37,84682.21,1
2024-07-09,2024-07-09 13:54:00,1641.57,1641.99,1641.57,1641.99,0.03,51.37,84682.21,1
2024-07-09,2024-07-09 13:55:00,1641.99,1642.41,1641.99,1642.41,0.03,51.37,84682.21,1
2024-07-09,2024-07-09 13:56:00,1642.41,1642.82,1642.41,1642.82,0.02,51.37,84682.21,1
2024-07-09,2024-07-09 13:57:00,1642.82,1643.24,1642.82,1643.24,0.03,51.37,84682.21,1
2024-07-09,2024-07-09 13:58:00,1643.24,1643.66,1643.24,1643.66,0.03,51.37,84682.21,1
2024-07-09,2024-07-09 13:59:00,1643.66,1644.07,1643.66,1644.07,0.02,51.37,84682.21,1
2024-07-09,2024-07-09 14:00:00,1644.07,1644.49,1644.07,1644.49,0.03,51.37,84682.21,1
2024-07-09,2024-07-09 14:01:00,1644.49,1644.91,1644.49,1644.91,0.03,51.37,84682.21,1
2024-07-09,2024-07-09 14:02:00,1644.91,1645.33,1644.91,1645.33,0.03,51.37,84682.21,1
2024-07-09,2024-07-09 14:03:00,1645.33,1645.74,1645.33,1645.74,0.02,51.37,84682.21,1
2024-07-09,2024-07-09 14:04:00,1645.74,1646.16,1645.74,1646.16,0.03,51.37,84682.21,1
2024-07-09,2024-07-09 14:05:00,1646.16,1646.58,1646.16,1646.58,0.03,51.37,84682.21,1
2024-07-09,2024-07-09 14:06:00,1646.58,1646.99,1646.58,1646.99,0.02,51.37,84682.21,1
2024-07-09,2024-07-09 14:07:00,1646.99,1647.41,1646.99,1647.41,0.03,51.37,84682.21,1
2024-07-09,2024-07-09 14:08:00,1647.41,1647.83,1647.41,1647.83,0.03,51.37,84682.21,1
2024-07-09,2024-07-09 14:09:00,1647.83,1648.25,1647.83,1648.25,0.03,51.37,84682.21,1
2024-07-09,2024-07-09 14:10:00,1648.25,1648.66,1648.25,1648.66,0.02,51.37,84682.21,1
2024-07-09,2024-07-09 14:11:00,1648.66,1649.08,1648.66,1649.08,0.03,51.37,84682.21,1
2024-07-09,2024-07-09 14:12:00,1649.08,1649.5,1649.08,1649.5,0.03,51.37,84682.21,1
2024-07-09,2024-07-09 14:13:00,1649.5,1649.91,1649.5,1649.91,0.02,51.37,84682.21,1
2024-07-09,2024-07-09 14:14:00,1649.91,1650.33,1649.91,1650.33,0.03,51.37,84682.21,1
2024-07-09,2024-07-09 14:15:00,1650.33,1650.75,1650.33,1650.75,0.03,51.37,84682.21,1
2024-07-09,2024-07-09 14:16:00,1650.75,1651.17,1650.75,1651.17,0.03,51.37,84682.21,1
2024-07-09,2024-07-09 14:17:00,1651.17,1651.58,1651.17,1651.58,0.02,51.37,84682.21,1
2024-07-09,2024-07-09 14:18:00,1651.58,1652.0,1651.58,1652.0,0.03,51.37,84682.21,1
2024-07-09,2024-07-09 14:19:00,1652.0,1652.42,1652.0,1652.42,0.03,51.37,84682.21,1
2024-07-09,2024-07-09 14:20:00,1652.42,1652.83,1652.42,1652.83,0.02,51.37,84682.21,1
2024-07-09,2024-07-09 14:21:00,1652.83,1653.25,1652.83,1653.25,0.03,51.37,84682.21,1
2024-07-09,2024-07-09 14:22:00,1653.25,1653.67,1653.25,1653.67,0.03,51.37,84682.21,1
2024-07-09,2024-07-09 14:23:00,1653.67,1654.09,1653.67,1654.09,0.03,51.37,84682.21,1
2024-07-09,2024-07-09 14:24:00,1654.09,1654.5,1654.09,1654.5,0.02,51.37,84682.21,1
2024-07-09,2024-07-09 14:25:00,1654.5,1654.92,1654.5,1654.92,0.03,51.37,84682.21,1
2024-07-09,2024-07-09 14:26:00,1654.92,1655.34,1654.92,1655.34,0.03,51.37,84682.21,1
2024-07-09,2024-07-09 14:27:00,1655.34,1655.75,1655.34,1655.75,0.02,51.37,84682.21,1
2024-07-09,2024-07-09 14:28:00,1655.75,1656.17,1655.75,1656.17,0.03,51.37,84682.21,1
2024-07-09,2024-07-09 14:29:00,1656.17,1656.59,1656.17,1656.59,0.03,51.37,84682.21,1
2024-07-09,2024-07-09 14:30:00,1656.59,1657.0,1656.59,1657.0,0.02,51.37,84682.21,1
2024-07-09,2024-07-09 14:31:00,1657.0,1657.42,1657.0,1657.42,0.03,51.37,84682.21,1
2024-07-09,2024-07-09 14:32:00,1657.42,1657.84,1657.42,1657.84,0.03,51.37,84682.21,1
2024-07-09,2024-07-09 14:33:00,1657.84,1658.26,1657.84,1658.26,0.03,51.37,84682.21,1
2024-07-09,2024-07-09 14:34:00,1658.26,1658.67,1658.26,1658.67,0.02,51.37,84682.21,1
2024-07-09,2024-07-09 14:35:00,1658.67,1659.09,1658.67,1659.09,0.03,51.37,84682.21,1
2024-07-09,2024-07-09 14:36:00,1659.09,1659.51,1659.09,1659.51,0.03,51.37,84682.21,1
2024-07-09,2024-07-09 14:37:00,1659.51,1659.92,1659.51,1659.92,0.02,51.37,84682.21,1
2024-07-09,2024-07-09 14:38:00,1659.92,1660.34,1659.92,1660.34,0.03,51.37,84682.21,1
2024-07-09,2024-07-09 14:39:00,1660.34,1660.76,1660.34,1660.76,0.03,51.37,84682.21,1
2024-07-09,2024-07-09 14:40:00,1660.76,1661.18,1660.76,1661.18,0.03,51.37,84682.21,1
2024-07-09,2024-07-09 14:41:00,1661.18,1661.59,1661.18,1661.59,0.02,51.37,84682.21,1
2024-07-09,2024-07-09 14:42:00,1661.59,1662.01,1661.59,1662.01,0.03,51.37,84682.21,1
2024-07-09,2024-07-09 14:43:00,1662.01,1662.43,1662.01,1662.43,0.03,51.37,84682.21,1
2024-07-09,2024-07-09 14:44:00,1662.43,1662.84,1662.43,1662.84,0.02,51.37,84682.21,1
2024-07-09,2024-07-09 14:45:00,1662.84,1663.26,1662.84,1663.26,0.03,51.37,84682.21,1
2024-07-09,2024-07-09 14:46:00,1663.26,1663.68,1663.26,1663.68,0.03,51.37,84682.21,1
2024-07-09,2024-07-09 14:47:00,1663.68,1664.09,1663.68,1664.09,0.02,51.37,84682.21,1
2024-07-09,2024-07-09 14:48:00,1664.09,1664.51,1664.09,1664.51,0.03,51.37,84682.21,1
2024-07-09,2024-07-09 14:49:00,1664.51,1664.93,1664.51,1664.93,0.03,51.37,84682.21,1
2024-07-09,2024-07-09 14:50:00,1664.93,1665.35,1664.93,1665.35,0.03,51.37,84682.21,1
2024-07-09,2024-07-09 14:51:00,1665.35,1665.76,1665.35,1665.76,0.02,51.37,84682.21,1
2024-07-09,2024-07-09 14:52:00,1665.76,1666.18,1665.76,1666.18,0.03,51.37,84682.21,1
2024-07-09,2024-07-09 14:53:00,1666.18,1666.6,1666.18,1666.6,0.03,51.37,84682.21,1
2024-07-09,2024-07-09 14:54:00,1666.6,1667.01,1666.6,1667.01,0.02,51.37,84682.21,1
2024-07-09,2024-07-09 14:55:00,1667.01,1667.43,1667.01,1667.43,0.03,51.37,84682.21,1
2024-07-09,2024-07-09 14:56:00,1667.43,1667.85,1667.43,1667.85,0.03,51.37,84682.21,1
2024-07-09,2024-07-09 14:57:00,1667.85,1668.27,1667.85,1668.27,0.03,51.37,84682.21,1
2024-07-09,2024-07-09 14:58:00,1668.27,1668.68,1668.27,1668.68,0.02,51.37,84682.21,1
2024-07-09,2024-07-09 14:59:00,1668.68,1669.1,1668.68,1669.1,0.03,51.37,84682.21,1
2024-07-09,2024-07-09 15:00:00,1669.1,1696.0,1569.0,1669.1,0.0,51.37,84682.21,0
2024-07-10,2024-07-10 11:00:00,1635.8,1655.06,1634.06,1635.78,-0.0,38.15,63139.68,-1
2024-07-10,2024-07-10 11:01:00,1635.78,1635.78,1635.75,1635.75,-0.0,38.15,63139.68,-1
2024-07-10,2024-07-10 11:02:00,1635.75,1635.75,1635.73,1635.73,-0.0,38.15,63139.68,-1
2024-07-10,2024-07-10 11:03:00,1635.73,1635.73,1635.7,1635.7,-0.0,38.15,63139.68,-1
2024-07-10,2024-07-10 11:04:00,1635.7,1635.7,1635.68,1635.68,-0.0,38.15,63139.68,-1
2024-07-10,2024-07-10 11:05:00,1635.68,1635.68,1635.65,1635.65,-0.0,38.15,63139.68,-1
2024-07-10,2024-07-10 11:06:00,1635.65,1635.65,1635.63,1635.63,-0.0,38.15,63139.68,-1
2024-07-10,2024-07-10 11:07:00,1635.63,1635.63,1635.61,1635.61,-0.0,38.15,63139.68,-1
2024-07-10,2024-07-10 11:08:00,1635.61,1635.61,1635.58,1635.58,-0.0,38.15,63139.68,-1
2024-07-10,2024-07-10 11:09:00,1635.58,1635.58,1635.56,1635.56,-0.0,38.15,63139.68,-1
2024-07-10,2024-07-10 11:10:00,1635.56,1635.56,1635.53,1635.53,-0.0,38.15,63139.68,-1
2024-07-10,2024-07-10 11:11:00,1635.53,1635.53,1635.51,1635.51,-0.0,38.15,63139.68,-1
2024-07-10,2024-07-10 11:12:00,1635.51,1635.51,1635.49,1635.49,-0.0,38.15,63139.68,-1
2024-07-10,2024-07-10 11:13:00,1635.49,1635.49,1635.46,1635.46,-0.0,38.15,63139.68,-1
2024-07-10,2024-07-10 11:14:00,1635.46,1635.46,1635.44,1635.44,-0.0,38.15,63139.68,-1
2024-07-10,2024-07-10 11:15:00,1635.44,1635.44,1635.41,1635.41,-0.0,38.15,63139.68,-1
2024-07-10,2024-07-10 11:16:00,1635.41,1635.41,1635.39,1635.39,-0.0,38.15,63139.68,-1
2024-07-10,2024-07-10 11:17:00,1635.39,1635.39,1635.37,1635.37,-0.0,38.15,63139.68,-1
2024-07-10,2024-07-10 11:18:00,1635.37,1635.37,1635.34,1635.34,-0.0,38.15,63139.68,-1
2024-07-10,2024-07-10 11:19:00,1635.34,1635.34,1635.32,1635.32,-0.0,38.15,63139.68,-1
2024-07-10,2024-07-10 11:20:00,1635.32,1635.32,1635.29,1635.29,-0.0,38.15,63139.68,-1
2024-07-10,2024-07-10 11:21:00,1635.29,1635.29,1635.27,1635.27,-0.0,38.15,63139.68,-1
2024-07-10,2024-07-10 11:22:00,1635.27,1635.27,1635.24,1635.24,-0.0,38.15,63139.68,-1
2024-07-10,2024-07-10 11:23:00,1635.24,1635.24,1635.22,1635.22,-0.0,38.15,63139.68,-1
2024-07-10,2024-07-10 11:24:00,1635.22,1635.22,1635.2,1635.2,-0.0,38.15,63139.68,-1
2024-07-10,2024-07-10 11:25:00,1635.2,1635.2,1635.17,1635.17,-0.0,38.15,63139.68,-1
2024-07-10,2024-07-10 11:26:00,1635.17,1635.17,1635.15,1635.15,-0.0,38.15,63139.68,-1
2024-07-10,2024-07-10 11:27:00,1635.15,1635.15,1635.12,1635.12,-0.0,38.15,63139.68,-1
2024-07-10,2024-07-10 11:28:00,1635.12,1635.12,1635.1,1635.1,-0.0,38.15,63139.68,-1
2024-07-10,2024-07-10 11:29:00,1635.1,1635.1,1635.08,1635.08,-0.0,38.15,63139.68,-1
2024-07-10,2024-07-10 11:30:00,1635.08,1635.08,1635.05,1635.05,-0.0,38.15,63139.68,-1
2024-07-10,2024-07-10 11:31:00,1635.05,1635.05,1635.03,1635.03,-0.0,38.15,63139.68,-1
2024-07-10,2024-07-10 11:32:00,1635.03,1635.03,1635.0,1635.0,-0.0,38.15,63139.68,-1
2024-07-10,2024-07-10 11:33:00,1635.0,1635.0,1634.98,1634.98,-0.0,38.15,63139.68,-1
2024-07-10,2024-07-10 11:34:00,1634.98,1634.98,1634.95,1634.95,-0.0,38.15,63139.68,-1
2024-07-10,2024-07-10 11:35:00,1634.95,1634.95,1634.93,1634.93,-0.0,38.15,63139.68,-1
2024-07-10,2024-07-10 11:36:00,1634.93,1634.93,1634.91,1634.91,-0.0,38.15,63139.68,-1
2024-07-10,2024-07-10 11:37:00,1634.91,1634.91,1634.88,1634.88,-0.0,38.15,63139.68,-1
2024-07-10,2024-07-10 11:38:00,1634.88,1634.88,1634.86,1634.86,-0.0,38.15,63139.68,-1
2024-07-10,2024-07-10 11:39:00,1634.86,1634.86,1634.83,1634.83,-0.0,38.15,63139.68,-1
2024-07-10,2024-07-10 11:40:00,1634.83,1634.83,1634.81,1634.81,-0.0,38.15,63139.68,-1
2024-07-10,2024-07-10 11:41:00,1634.81,1634.81,1634.78,1634.78,-0.0,38.15,63139.68,-1
2024-07-10,2024-07-10 11:42:00,1634.78,1634.78,1634.76,1634.76,-0.0,38.15,63139.68,-1
2024-07-10,2024-07-10 11:43:00,1634.76,1634.76,1634.74,1634.74,-0.0,38.15,63139.68,-1
2024-07-10,2024-07-10 11:44:00,1634.74,1634.74,1634.71,1634.71,-0.0,38.15,63139.68,-1
2024-07-10,2024-07-10 11:45:00,1634.71,1634.71,1634.69,1634.69,-0.0,38.15,63139.68,-1
2024-07-10,2024-07-10 11:46:00,1634.69,1634.69,1634.66,1634.66,-0.0,38.15,63139.68,-1
2024-07-10,2024-07-10 11:47:00,1634.66,1634.66,1634.64,1634.64,-0.0,38.15,63139.68,-1
2024-07-10,2024-07-10 11:48:00,1634.64,1634.64,1634.62,1634.62,-0.0,38.15,63139.68,-1
2024-07-10,2024-07-10 11:49:00,1634.62,1634.62,1634.59,1634.59,-0.0,38.15,63139.68,-1
2024-07-10,2024-07-10 11:50:00,1634.59,1634.59,1634.57,1634.57,-0.0,38.15,63139.68,-1
2024-07-10,2024-07-10 11:51:00,1634.57,1634.57,1634.54,1634.54,-0.0,38.15,63139.68,-1
2024-07-10,2024-07-10 11:52:00,1634.54,1634.54,1634.52,1634.52,-0.0,38.15,63139.68,-1
2024-07-10,2024-07-10 11:53:00,1634.52,1634.52,1634.49,1634.49,-0.0,38.15,63139.68,-1
2024-07-10,2024-07-10 11:54:00,1634.49,1634.49,1634.47,1634.47,-0.0,38.15,63139.68,-1
2024-07-10,2024-07-10 11:55:00,1634.47,1634.47,1634.45,1634.45,-0.0,38.15,63139.68,-1
2024-07-10,2024-07-10 11:56:00,1634.45,1634.45,1634.42,1634.42,-0.0,38.15,63139.68,-1
2024-07-10,2024-07-10 11:57:00,1634.42,1634.42,1634.4,1634.4,-0.0,38.15,63139.68,-1
2024-07-10,2024-07-10 11:58:00,1634.4,1634.4,1634.37,1634.37,-0.0,38.15,63139.68,-1
2024-07-10,2024-07-10 11:59:00,1634.37,1634.37,1634.35,1634.35,-0.0,38.15,63139.68,-1
2024-07-10,2024-07-10 12:00:00,1634.35,1634.35,1634.33,1634.33,-0.0,38.15,63139.68,-1
2024-07-10,2024-07-10 12:01:00,1634.33,1634.33,1634.3,1634.3,-0.0,38.15,63139.68,-1
2024-07-10,2024-07-10 12:02:00,1634.3,1634.3,1634.28,1634.28,-0.0,38.15,63139.68,-1
2024-07-10,2024-07-10 12:03:00,1634.28,1634.28,1634.25,1634.25,-0.0,38.15,63139.68,-1
2024-07-10,2024-07-10 12:04:00,1634.25,1634.25,1634.23,1634.23,-0.0,38.15,63139.68,-1
2024-07-10,2024-07-10 12:05:00,1634.23,1634.23,1634.2,1634.2,-0.0,38.15,63139.68,-1
2024-07-10,2024-07-10 12:06:00,1634.2,1634.2,1634.18,1634.18,-0.0,38.15,63139.68,-1
2024-07-10,2024-07-10 12:07:00,1634.18,1634.18,1634.16,1634.16,-0.0,38.15,63139.68,-1
2024-07-10,2024-07-10 12:08:00,1634.16,1634.16,1634.13,1634.13,-0.0,38.15,63139.68,-1
2024-07-10,2024-07-10 12:09:00,1634.13,1634.13,1634.11,1634.11,-0.0,38.15,63139.68,-1
2024-07-10,2024-07-10 12:10:00,1634.11,1634.11,1634.08,1634.08,-0.0,38.15,63139.68,-1
2024-07-10,2024-07-10 12:11:00,1634.08,1634.08,1634.06,1634.06,-0.0,38.15,63139.68,-1
2024-07-10,2024-07-10 12:12:00,1634.06,1634.06,1634.04,1634.04,-0.0,38.15,63139.68,-1
2024-07-10,2024-07-10 12:13:00,1634.04,1634.04,1634.01,1634.01,-0.0,38.15,63139.68,-1
2024-07-10,2024-07-10 12:14:00,1634.01,1634.01,1633.99,1633.99,-0.0,38.15,63139.68,-1
2024-07-10,2024-07-10 12:15:00,1633.99,1633.99,1633.96,1633.96,-0.0,38.15,63139.68,-1
2024-07-10,2024-07-10 12:16:00,1633.96,1633.96,1633.94,1633.94,-0.0,38.15,63139.68,-1
2024-07-10,2024-07-10 12:17:00,1633.94,1633.94,1633.91,1633.91,-0.0,38.15,63139.68,-1
2024-07-10,2024-07-10 12:18:00,1633.91,1633.91,1633.89,1633.89,-0.0,38.15,63139.68,-1
2024-07-10,2024-07-10 12:19:00,1633.89,1633.89,1633.87,1633.87,-0.0,38.15,63139.68,-1
2024-07-10,2024-07-10 12:20:00,1633.87,1633.87,1633.84,1633.84,-0.0,38.15,63139.68,-1
2024-07-10,2024-07-10 12:21:00,1633.84,1633.84,1633.82,1633.82,-0.0,38.15,63139.68,-1
2024-07-10,2024-07-10 12:22:00,1633.82,1633.82,1633.79,1633.79,-0.0,38.15,63139.68,-1
2024-07-10,2024-07-10 12:23:00,1633.79,1633.79,1633.77,1633.77,-0.0,38.15,63139.68,-1
2024-07-10,2024-07-10 12:24:00,1633.77,1633.77,1633.75,1633.75,-0.0,38.15,63139.68,-1
2024-07-10,2024-07-10 12:25:00,1633.75,1633.75,1633.72,1633.72,-0.0,38.15,63139.68,-1
2024-07-10,2024-07-10 12:26:00,1633.72,1633.72,1633.7,1633.7,-0.0,38.15,63139.68,-1
2024-07-10,2024-07-10 12:27:00,1633.7,1633.7,1633.67,1633.67,-0.0,38.15,63139.68,-1
2024-07-10,2024-07-10 12:28:00,1633.67,1633.67,1633.65,1633.65,-0.0,38.15,63139.68,-1
2024-07-10,2024-07-10 12:29:00,1633.65,1633.65,1633.62,1633.62,-0.0,38.15,63139.68,-1
2024-07-10,2024-07-10 12:30:00,1633.62,1633.62,1633.6,1633.6,-0.0,38.15,63139.68,-1
2024-07-10,2024-07-10 12:31:00,1633.6,1633.6,1633.58,1633.58,-0.0,38.15,63139.68,-1
2024-07-10,2024-07-10 12:32:00,1633.58,1633.58,1633.55,1633.55,-0.0,38.15,63139.68,-1
2024-07-10,2024-07-10 12:33:00,1633.55,1633.55,1633.53,1633.53,-0.0,38.15,63139.68,-1
2024-07-10,2024-07-10 12:34:00,1633.53,1633.53,1633.5,1633.5,-0.0,38.15,63139.68,-1
2024-07-10,2024-07-10 12:35:00,1633.5,1633.5,1633.48,1633.48,-0.0,38.15,63139.68,-1
2024-07-10,2024-07-10 12:36:00,1633.48,1633.48,1633.46,1633.46,-0.0,38.15,63139.68,-1
2024-07-10,2024-07-10 12:37:00,1633.46,1633.46,1633.43,1633.43,-0.0,38.15,63139.68,-1
2024-07-10,2024-07-10 12:38:00,1633.43,1633.43,1633.41,1633.41,-0.0,38.15,63139.68,-1
2024-07-10,2024-07-10 12:39:00,1633.41,1633.41,1633.38,1633.38,-0.0,38.15,63139.68,-1
2024-07-10,2024-07-10 12:40:00,1633.38,1633.38,1633.36,1633.36,-0.0,38.15,63139.68,-1
2024-07-10,2024-07-10 12:41:00,1633.36,1633.36,1633.34,1633.34,-0.0,38.15,63139.68,-1
2024-07-10,2024-07-10 12:42:00,1633.34,1633.34,1633.31,1633.31,-0.0,38.15,63139.68,-1
2024-07-10,2024-07-10 12:43:00,1633.31,1633.31,1633.29,1633.29,-0.0,38.15,63139.68,-1
2024-07-10,2024-07-10 12:44:00,1633.29,1633.29,1633.26,1633.26,-0.0,38.15,63139.68,-1
2024-07-10,2024-07-10 12:45:00,1633.26,1633.26,1633.24,1633.24,-0.0,38.15,63139.68,-1
2024-07-10,2024-07-10 12:46:00,1633.24,1633.24,1633.21,1633.21,-0.0,38.15,63139.68,-1
2024-07-10,2024-07-10 12:47:00,1633.21,1633.21,1633.19,1633.19,-0.0,38.15,63139.68,-1
2024-07-10,2024-07-10 12:48:00,1633.19,1633.19,1633.17,1633.17,-0.0,38.15,63139.68,-1
2024-07-10,2024-07-10 12:49:00,1633.17,1633.17,1633.14,1633.14,-0.0,38.15,63139.68,-1
2024-07-10,2024-07-10 12:50:00,1633.14,1633.14,1633.12,1633.12,-0.0,38.15,63139.68,-1
2024-07-10,2024-07-10 12:51:00,1633.12,1633.12,1633.09,1633.09,-0.0,38.15,63139.68,-1
2024-07-10,2024-07-10 12:52:00,1633.09,1633.09,1633.07,1633.07,-0.0,38.15,63139.68,-1
2024-07-10,2024-07-10 12:53:00,1633.07,1633.07,1633.05,1633.05,-0.0,38.15,63139.68,-1
2024-07-10,2024-07-10 12:54:00,1633.05,1633.05,1633.02,1633.02,-0.0,38.15,63139.68,-1
2024-07-10,2024-07-10 12:55:00,1633.02,1633.02,1633.0,1633.0,-0.0,38.15,63139.68,-1
2024-07-10,2024-07-10 12:56:00,1633.0,1633.0,1632.97,1632.97,-0.0,38.15,63139.68,-1
2024-07-10,2024-07-10 12:57:00,1632.97,1632.97,1632.95,1632.95,-0.0,38.15,63139.68,-1
2024-07-10,2024-07-10 12:58:00,1632.95,1632.95,1632.92,1632.92,-0.0,38.15,63139.68,-1
2024-07-10,2024-07-10 12:59:00,1632.92,1632.92,1632.9,1632.9,-0.0,38.15,63139.68,-1
2024-07-10,2024-07-10 13:00:00,1632.9,1700.0,1630.0,1632.88,-0.0,38.15,63139.68,-1
2024-07-10,2024-07-10 13:01:00,1632.88,1632.88,1632.85,1632.85,-0.0,38.15,63139.68,-1
2024-07-10,2024-07-10 13:02:00,1632.85,1632.85,1632.83,1632.83,-0.0,38.15,63139.68,-1
2024-07-10,2024-07-10 13:03:00,1632.83,1632.83,1632.8,1632.8,-0.0,38.15,63139.68,-1
2024-07-10,2024-07-10 13:04:00,1632.8,1632.8,1632.78,1632.78,-0.0,38.15,63139.68,-1
2024-07-10,2024-07-10 13:05:00,1632.78,1632.78,1632.75,1632.75,-0.0,38.15,63139.68,-1
2024-07-10,2024-07-10 13:06:00,1632.75,1632.75,1632.73,1632.73,-0.0,38.15,63139.68,-1
2024-07-10,2024-07-10 13:07:00,1632.73,1632.73,1632.71,1632.71,-0.0,38.15,63139.68,-1
2024-07-10,2024-07-10 13:08:00,1632.71,1632.71,1632.68,1632.68,-0.0,38.15,63139.68,-1
2024-07-10,2024-07-10 13:09:00,1632.68,1632.68,1632.66,1632.66,-0.0,38.15,63139.68,-1
2024-07-10,2024-07-10 13:10:00,1632.66,1632.66,1632.63,1632.63,-0.0,38.15,63139.68,-1
2024-07-10,2024-07-10 13:11:00,1632.63,1632.63,1632.61,1632.61,-0.0,38.15,63139.68,-1
2024-07-10,2024-07-10 13:12:00,1632.61,1632.61,1632.59,1632.59,-0.0,38.15,63139.68,-1
2024-07-10,2024-07-10 13:13:00,1632.59,1632.59,1632.56,1632.56,-0.0,38.15,63139.68,-1
2024-07-10,2024-07-10 13:14:00,1632.56,1632.56,1632.54,1632.54,-0.0,38.15,63139.68,-1
2024-07-10,2024-07-10 13:15:00,1632.54,1632.54,1632.51,1632.51,-0.0,38.15,63139.68,-1
2024-07-10,2024-07-10 13:16:00,1632.51,1632.51,1632.49,1632.49,-0.0,38.15,63139.68,-1
2024-07-10,2024-07-10 13:17:00,1632.49,1632.49,1632.46,1632.46,-0.0,38.15,63139.68,-1
2024-07-10,2024-07-10 13:18:00,1632.46,1632.46,1632.44,1632.44,-0.0,38.15,63139.68,-1
2024-07-10,2024-07-10 13:19:00,1632.44,1632.44,1632.42,1632.42,-0.0,38.15,63139.68,-1
2024-07-10,2024-07-10 13:20:00,1632.42,1632.42,1632.39,1632.39,-0.0,38.15,63139.68,-1
2024-07-10,2024-07-10 13:21:00,1632.39,1632.39,1632.37,1632.37,-0.0,38.15,63139.68,-1
2024-07-10,2024-07-10 13:22:00,1632.37,1632.37,1632.34,1632.34,-0.0,38.15,63139.68,-1
2024-07-10,2024-07-10 13:23:00,1632.34,1632.34,1632.32,1632.32,-0.0,38.15,63139.68,-1
2024-07-10,2024-07-10 13:24:00,1632.32,1632.32,1632.3,1632.3,-0.0,38.15,63139.68,-1
2024-07-10,2024-07-10 13:25:00,1632.3,1632.3,1632.27,1632.27,-0.0,38.15,63139.68,-1
2024-07-10,2024-07-10 13:26:00,1632.27,1632.27,1632.25,1632.25,-0.0,38.15,63139.68,-1
2024-07-10,2024-07-10 13:27:00,1632.25,1632.25,1632.22,1632.22,-0.0,38.15,63139.68,-1
2024-07-10,2024-07-10 13:28:00,1632.22,1632.22,1632.2,1632.2,-0.0,38.15,63139.68,-1
2024-07-10,2024-07-10 13:29:00,1632.2,1632.2,1632.17,1632.17,-0.0,38.15,63139.68,-1
2024-07-10,2024-07-10 13:30:00,1632.17,1632.17,1632.15,1632.15,-0.0,38.15,63139.68,-1
2024-07-10,2024-07-10 13:31:00,1632.15,1632.15,1632.13,1632.13,-0.0,38.15,63139.68,-1
2024-07-10,2024-07-10 13:32:00,1632.13,1632.13,1632.1,1632.1,-0.0,38.15,63139.68,-1
2024-07-10,2024-07-10 13:33:00,1632.1,1632.1,1632.08,1632.08,-0.0,38.15,63139.68,-1
2024-07-10,2024-07-10 13:34:00,1632.08,1632.08,1632.05,1632.05,-0.0,38.15,63139.68,-1
2024-07-10,2024-07-10 13:35:00,1632.05,1632.05,1632.03,1632.03,-0.0,38.15,63139.68,-1
2024-07-10,2024-07-10 13:36:00,1632.03,1632.03,1632.01,1632.01,-0.0,38.15,63139.68,-1
2024-07-10,2024-07-10 13:37:00,1632.01,1632.01,1631.98,1631.98,-0.0,38.15,63139.68,-1
2024-07-10,2024-07-10 13:38:00,1631.98,1631.98,1631.96,1631.96,-0.0,38.15,63139.68,-1
2024-07-10,2024-07-10 13:39:00,1631.96,1631.96,1631.93,1631.93,-0.0,38.15,63139.68,-1
2024-07-10,2024-07-10 13:40:00,1631.93,1631.93,1631.91,1631.91,-0.0,38.15,63139.68,-1
2024-07-10,2024-07-10 13:41:00,1631.91,1631.91,1631.88,1631.88,-0.0,38.15,63139.68,-1
2024-07-10,2024-07-10 13:42:00,1631.88,1631.88,1631.86,1631.86,-0.0,38.15,63139.68,-1
2024-07-10,2024-07-10 13:43:00,1631.86,1631.86,1631.84,1631.84,-0.0,38.15,63139.68,-1
2024-07-10,2024-07-10 13:44:00,1631.84,1631.84,1631.81,1631.81,-0.0,38.15,63139.68,-1
2024-07-10,2024-07-10 13:45:00,1631.81,1631.81,1631.79,1631.79,-0.0,38.15,63139.68,-1
2024-07-10,2024-07-10 13:46:00,1631.79,1631.79,1631.76,1631.76,-0.0,38.15,63139.68,-1
2024-07-10,2024-07-10 13:47:00,1631.76,1631.76,1631.74,1631.74,-0.0,38.15,63139.68,-1
2024-07-10,2024-07-10 13:48:00,1631.74,1631.74,1631.72,1631.72,-0.0,38.15,63139.68,-1
2024-07-10,2024-07-10 13:49:00,1631.72,1631.72,1631.69,1631.69,-0.0,38.15,63139.68,-1
2024-07-10,2024-07-10 13:50:00,1631.69,1631.69,1631.67,1631.67,-0.0,38.15,63139.68,-1
2024-07-10,2024-07-10 13:51:00,1631.67,1631.67,1631.64,1631.64,-0.0,38.15,63139.68,-1
2024-07-10,2024-07-10 13:52:00,1631.64,1631.64,1631.62,1631.62,-0.0,38.15,63139.68,-1
2024-07-10,2024-07-10 13:53:00,1631.62,1631.62,1631.6,1631.6,-0.0,38.15,63139.68,-1
2024-07-10,2024-07-10 13:54:00,1631.6,1631.6,1631.57,1631.57,-0.0,38.15,63139.68,-1
2024-07-10,2024-07-10 13:55:00,1631.57,1631.57,1631.55,1631.55,-0.0,38.15,63139.68,-1
2024-07-10,2024-07-10 13:56:00,1631.55,1631.55,1631.52,1631.52,-0.0,38.15,63139.68,-1
2024-07-10,2024-07-10 13:57:00,1631.52,1631.52,1631.5,1631.5,-0.0,38.15,63139.68,-1
2024-07-10,2024-07-10 13:58:00,1631.5,1631.5,1631.47,1631.47,-0.0,38.15,63139.68,-1
2024-07-10,2024-07-10 13:59:00,1631.47,1631.47,1631.45,1631.45,-0.0,38.15,63139.68,-1
2024-07-10,2024-07-10 14:00:00,1631.45,1631.45,1631.43,1631.43,-0.0,38.15,63139.68,-1
2024-07-10,2024-07-10 14:01:00,1631.43,1631.43,1631.4,1631.4,-0.0,38.15,63139.68,-1
2024-07-10,2024-07-10 14:02:00,1631.4,1631.4,1631.38,1631.38,-0.0,38.15,63139.68,-1
2024-07-10,2024-07-10 14:03:00,1631.38,1631.38,1631.35,1631.35,-0.0,38.15,63139.68,-1
2024-07-10,2024-07-10 14:04:00,1631.35,1631.35,1631.33,1631.33,-0.0,38.15,63139.68,-1
2024-07-10,2024-07-10 14:05:00,1631.33,1631.33,1631.31,1631.31,-0.0,38.15,63139.68,-1
2024-07-10,2024-07-10 14:06:00,1631.31,1631.31,1631.28,1631.28,-0.0,38.15,63139.68,-1
2024-07-10,2024-07-10 14:07:00,1631.28,1631.28,1631.26,1631.26,-0.0,38.15,63139.68,-1
2024-07-10,2024-07-10 14:08:00,1631.26,1631.26,1631.23,1631.23,-0.0,38.15,63139.68,-1
2024-07-10,2024-07-10 14:09:00,1631.23,1631.23,1631.21,1631.21,-0.0,38.15,63139.68,-1
2024-07-10,2024-07-10 14:10:00,1631.21,1631.21,1631.18,1631.18,-0.0,38.15,63139.68,-1
2024-07-10,2024-07-10 14:11:00,1631.18,1631.18,1631.16,1631.16,-0.0,38.15,63139.68,-1
2024-07-10,2024-07-10 14:12:00,1631.16,1631.16,1631.14,1631.14,-0.0,38.15,63139.68,-1
2024-07-10,2024-07-10 14:13:00,1631.14,1631.14,1631.11,1631.11,-0.0,38.15,63139.68,-1
2024-07-10,2024-07-10 14:14:00,1631.11,1631.11,1631.09,1631.09,-0.0,38.15,63139.68,-1
2024-07-10,2024-07-10 14:15:00,1631.09,1631.09,1631.06,1631.06,-0.0,38.15,63139.68,-1
2024-07-10,2024-07-10 14:16:00,1631.06,1631.06,1631.04,1631.04,-0.0,38.15,63139.68,-1
2024-07-10,2024-07-10 14:17:00,1631.04,1631.04,1631.02,1631.02,-0.0,38.15,63139.68,-1
2024-07-10,2024-07-10 14:18:00,1631.02,1631.02,1630.99,1630.99,-0.0,38.15,63139.68,-1
2024-07-10,2024-07-10 14:19:00,1630.99,1630.99,1630.97,1630.97,-0.0,38.15,63139.68,-1
2024-07-10,2024-07-10 14:20:00,1630.97,1630.97,1630.94,1630.94,-0.0,38.15,63139.68,-1
2024-07-10,2024-07-10 14:21:00,1630.94,1630.94,1630.92,1630.92,-0.0,38.15,63139.68,-1
2024-07-10,2024-07-10 14:22:00,1630.92,1630.92,1630.89,1630.89,-0.0,38.15,63139.68,-1
2024-07-10,2024-07-10 14:23:00,1630.89,1630.89,1630.87,1630.87,-0.0,38.15,63139.68,-1
2024-07-10,2024-07-10 14:24:00,1630.87,1630.87,1630.85,1630.85,-0.0,38.15,63139.68,-1
2024-07-10,2024-07-10 14:25:00,1630.85,1630.85,1630.82,1630.82,-0.0,38.15,63139.68,-1
2024-07-10,2024-07-10 14:26:00,1630.82,1630.82,1630.8,1630.8,-0.0,38.15,63139.68,-1
2024-07-10,2024-07-10 14:27:00,1630.8,1630.8,1630.77,1630.77,-0.0,38.15,63139.68,-1
2024-07-10,2024-07-10 14:28:00,1630.77,1630.77,1630.75,1630.75,-0.0,38.15,63139.68,-1
2024-07-10,2024-07-10 14:29:00,1630.75,1630.75,1630.72,1630.72,-0.0,38.15,63139.68,-1
2024-07-10,2024-07-10 14:30:00,1630.72,1630.72,1630.7,1630.7,-0.0,38.15,63139.68,-1
2024-07-10,2024-07-10 14:31:00,1630.7,1630.7,1630.68,1630.68,-0.0,38.15,63139.68,-1
2024-07-10,2024-07-10 14:32:00,1630.68,1630.68,1630.65,1630.65,-0.0,38.15,63139.68,-1
2024-07-10,2024-07-10 14:33:00,1630.65,1630.65,1630.63,1630.63,-0.0,38.15,63139.68,-1
2024-07-10,2024-07-10 14:34:00,1630.63,1630.63,1630.6,1630.6,-0.0,38.15,63139.68,-1
2024-07-10,2024-07-10 14:35:00,1630.6,1630.6,1630.58,1630.58,-0.0,38.15,63139.68,-1
2024-07-10,2024-07-10 14:36:00,1630.58,1630.58,1630.56,1630.56,-0.0,38.15,63139.68,-1
2024-07-10,2024-07-10 14:37:00,1630.56,1630.56,1630.53,1630.53,-0.0,38.15,63139.68,-1
2024-07-10,2024-07-10 14:38:00,1630.53,1630.53,1630.51,1630.51,-0.0,38.15,63139.68,-1
2024-07-10,2024-07-10 14:39:00,1630.51,1630.51,1630.48,1630.48,-0.0,38.15,63139.68,-1
2024-07-10,2024-07-10 14:40:00,1630.48,1630.48,1630.46,1630.46,-0.0,38.15,63139.68,-1
2024-07-10,2024-07-10 14:41:00,1630.46,1630.46,1630.43,1630.43,-0.0,38.15,63139.68,-1
2024-07-10,2024-07-10 14:42:00,1630.43,1630.43,1630.41,1630.41,-0.0,38.15,63139.68,-1
2024-07-10,2024-07-10 14:43:00,1630.41,1630.41,1630.39,1630.39,-0.0,38.15,63139.68,-1
2024-07-10,2024-07-10 14:44:00,1630.39,1630.39,1630.36,1630.36,-0.0,38.15,63139.68,-1
2024-07-10,2024-07-10 14:45:00,1630.36,1630.36,1630.34,1630.34,-0.0,38.15,63139.68,-1
2024-07-10,2024-07-10 14:46:00,1630.34,1630.34,1630.31,1630.31,-0.0,38.15,63139.68,-1
2024-07-10,2024-07-10 14:47:00,1630.31,1630.31,1630.29,1630.29,-0.0,38.15,63139.68,-1
2024-07-10,2024-07-10 14:48:00,1630.29,1630.29,1630.27,1630.27,-0.0,38.15,63139.68,-1
2024-07-10,2024-07-10 14:49:00,1630.27,1630.27,1630.24,1630.24,-0.0,38.15,63139.68,-1
2024-07-10,2024-07-10 14:50:00,1630.24,1630.24,1630.22,1630.22,-0.0,38.15,63139.68,-1
2024-07-10,2024-07-10 14:51:00,1630.22,1630.22,1630.19,1630.19,-0.0,38.15,63139.68,-1
2024-07-10,2024-07-10 14:52:00,1630.19,1630.19,1630.17,1630.17,-0.0,38.15,63139.68,-1
2024-07-10,2024-07-10 14:53:00,1630.17,1630.17,1630.14,1630.14,-0.0,38.15,63139.68,-1
2024-07-10,2024-07-10 14:54:00,1630.14,1630.14,1630.12,1630.12,-0.0,38.15,63139.68,-1
2024-07-10,2024-07-10 14:55:00,1630.12,1630.12,1630.1,1630.1,-0.0,38.15,63139.68,-1
2024-07-10,2024-07-10 14:56:00,1630.1,1630.1,1630.07,1630.07,-0.0,38.15,63139.68,-1
2024-07-10,2024-07-10 14:57:00,1630.07,1630.07,1630.05,1630.05,-0.0,38.15,63139.68,-1
2024-07-10,2024-07-10 14:58:00,1630.05,1630.05,1630.02,1630.02,-0.0,38.15,63139.68,-1
2024-07-10,2024-07-10 14:59:00,1630.02,1630.02,1630.0,1630.0,-0.0,38.15,63139.68,-1
2024-07-10,2024-07-10 15:00:00,1630.0,1700.0,1630.0,1630.0,0.0,38.15,63139.68,0
2024-07-11,2024-07-11 11:00:00,1597.4,1636.28,1590.71,1597.35,-0.0,67.66,108549.18,-1
2024-07-11,2024-07-11 11:01:00,1597.35,1597.35,1597.3,1597.3,-0.0,67.66,108549.18,-1
2024-07-11,2024-07-11 11:02:00,1597.3,1597.3,1597.25,1597.25,-0.0,67.66,108549.18,-1
2024-07-11,2024-07-11 11:03:00,1597.25,1597.25,1597.19,1597.19,-0.0,67.66,108549.18,-1
2024-07-11,2024-07-11 11:04:00,1597.19,1597.19,1597.14,1597.14,-0.0,67.66,108549.18,-1
2024-07-11,2024-07-11 11:05:00,1597.14,1597.14,1597.09,1597.09,-0.0,67.66,108549.18,-1
2024-07-11,2024-07-11 11:06:00,1597.09,1597.09,1597.04,1597.04,-0.0,67.66,108549.18,-1
2024-07-11,2024-07-11 11:07:00,1597.04,1597.04,1596.99,1596.99,-0.0,67.66,108549.18,-1
2024-07-11,2024-07-11 11:08:00,1596.99,1596.99,1596.94,1596.94,-0.0,67.66,108549.18,-1
2024-07-11,2024-07-11 11:09:00,1596.94,1596.94,1596.88,1596.88,-0.0,67.66,108549.18,-1
2024-07-11,2024-07-11 11:10:00,1596.88,1596.88,1596.83,1596.83,-0.0,67.66,108549.18,-1
2024-07-11,2024-07-11 11:11:00,1596.83,1596.83,1596.78,1596.78,-0.0,67.66,108549.18,-1
2024-07-11,2024-07-11 11:12:00,1596.78,1596.78,1596.73,1596.73,-0.0,67.66,108549.18,-1
2024-07-11,2024-07-11 11:13:00,1596.73,1596.73,1596.68,1596.68,-0.0,67.66,108549.18,-1
2024-07-11,2024-07-11 11:14:00,1596.68,1596.68,1596.62,1596.62,-0.0,67.66,108549.18,-1
2024-07-11,2024-07-11 11:15:00,1596.62,1596.62,1596.57,1596.57,-0.0,67.66,108549.18,-1
2024-07-11,2024-07-11 11:16:00,1596.57,1596.57,1596.52,1596.52,-0.0,67.66,108549.18,-1
2024-07-11,2024-07-11 11:17:00,1596.52,1596.52,1596.47,1596.47,-0.0,67.66,108549.18,-1
2024-07-11,2024-07-11 11:18:00,1596.47,1596.47,1596.42,1596.42,-0.0,67.66,108549.18,-1
2024-07-11,2024-07-11 11:19:00,1596.42,1596.42,1596.37,1596.37,-0.0,67.66,108549.18,-1
2024-07-11,2024-07-11 11:20:00,1596.37,1596.37,1596.32,1596.32,-0.0,67.66,108549.18,-1
2024-07-11,2024-07-11 11:21:00,1596.32,1596.32,1596.26,1596.26,-0.0,67.66,108549.18,-1
2024-07-11,2024-07-11 11:22:00,1596.26,1596.26,1596.21,1596.21,-0.0,67.66,108549.18,-1
2024-07-11,2024-07-11 11:23:00,1596.21,1596.21,1596.16,1596.16,-0.0,67.66,108549.18,-1
2024-07-11,2024-07-11 11:24:00,1596.16,1596.16,1596.11,1596.11,-0.0,67.66,108549.18,-1
2024-07-11,2024-07-11 11:25:00,1596.11,1596.11,1596.06,1596.06,-0.0,67.66,108549.18,-1
2024-07-11,2024-07-11 11:26:00,1596.06,1596.06,1596.01,1596.01,-0.0,67.66,108549.18,-1
2024-07-11,2024-07-11 11:27:00,1596.01,1596.01,1595.95,1595.95,-0.0,67.66,108549.18,-1
2024-07-11,2024-07-11 11:28:00,1595.95,1595.95,1595.9,1595.9,-0.0,67.66,108549.18,-1
2024-07-11,2024-07-11 11:29:00,1595.9,1595.9,1595.85,1595.85,-0.0,67.66,108549.18,-1
2024-07-11,2024-07-11 11:30:00,1595.85,1595.85,1595.8,1595.8,-0.0,67.66,108549.18,-1
2024-07-11,2024-07-11 11:31:00,1595.8,1595.8,1595.75,1595.75,-0.0,67.66,108549.18,-1
2024-07-11,2024-07-11 11:32:00,1595.75,1595.75,1595.7,1595.7,-0.0,67.66,108549.18,-1
2024-07-11,2024-07-11 11:33:00,1595.7,1595.7,1595.64,1595.64,-0.0,67.66,108549.18,-1
2024-07-11,2024-07-11 11:34:00,1595.64,1595.64,1595.59,1595.59,-0.0,67.66,108549.18,-1
2024-07-11,2024-07-11 11:35:00,1595.59,1595.59,1595.54,1595.54,-0.0,67.66,108549.18,-1
2024-07-11,2024-07-11 11:36:00,1595.54,1595.54,1595.49,1595.49,-0.0,67.66,108549.18,-1
2024-07-11,2024-07-11 11:37:00,1595.49,1595.49,1595.44,1595.44,-0.0,67.66,108549.18,-1
2024-07-11,2024-07-11 11:38:00,1595.44,1595.44,1595.38,1595.38,-0.0,67.66,108549.18,-1
2024-07-11,2024-07-11 11:39:00,1595.38,1595.38,1595.33,1595.33,-0.0,67.66,108549.18,-1
2024-07-11,2024-07-11 11:40:00,1595.33,1595.33,1595.28,1595.28,-0.0,67.66,108549.18,-1
2024-07-11,2024-07-11 11:41:00,1595.28,1595.28,1595.23,1595.23,-0.0,67.66,108549.18,-1
2024-07-11,2024-07-11 11:42:00,1595.23,1595.23,1595.18,1595.18,-0.0,67.66,108549.18,-1
2024-07-11,2024-07-11 11:43:00,1595.18,1595.18,1595.13,1595.13,-0.0,67.66,108549.18,-1
2024-07-11,2024-07-11 11:44:00,1595.13,1595.13,1595.08,1595.08,-0.0,67.66,108549.18,-1
2024-07-11,2024-07-11 11:45:00,1595.08,1595.08,1595.02,1595.02,-0.0,67.66,108549.18,-1
2024-07-11,2024-07-11 11:46:00,1595.02,1595.02,1594.97,1594.97,-0.0,67.66,108549.18,-1
2024-07-11,2024-07-11 11:47:00,1594.97,1594.97,1594.92,1594.92,-0.0,67.66,108549.18,-1
2024-07-11,2024-07-11 11:48:00,1594.92,1594.92,1594.87,1594.87,-0.0,67.66,108549.18,-1
2024-07-11,2024-07-11 11:49:00,1594.87,1594.87,1594.82,1594.82,-0.0,67.66,108549.18,-1
2024-07-11,2024-07-11 11:50:00,1594.82,1594.82,1594.77,1594.77,-0.0,67.66,108549.18,-1
2024-07-11,2024-07-11 11:51:00,1594.77,1594.77,1594.71,1594.71,-0.0,67.66,108549.18,-1
2024-07-11,2024-07-11 11:52:00,1594.71,1594.71,1594.66,1594.66,-0.0,67.66,108549.18,-1
2024-07-11,2024-07-11 11:53:00,1594.66,1594.66,1594.61,1594.61,-0.0,67.66,108549.18,-1
2024-07-11,2024-07-11 11:54:00,1594.61,1594.61,1594.56,1594.56,-0.0,67.66,108549.18,-1
2024-07-11,2024-07-11 11:55:00,1594.56,1594.56,1594.51,1594.51,-0.0,67.66,108549.18,-1
2024-07-11,2024-07-11 11:56:00,1594.51,1594.51,1594.46,1594.46,-0.0,67.66,108549.18,-1
2024-07-11,2024-07-11 11:57:00,1594.46,1594.46,1594.4,1594.4,-0.0,67.66,108549.18,-1
2024-07-11,2024-07-11 11:58:00,1594.4,1594.4,1594.35,1594.35,-0.0,67.66,108549.18,-1
2024-07-11,2024-07-11 11:59:00,1594.35,1594.35,1594.3,1594.3,-0.0,67.66,108549.18,-1
2024-07-11,2024-07-11 12:00:00,1594.3,1594.3,1594.25,1594.25,-0.0,67.66,108549.18,-1
2024-07-11,2024-07-11 12:01:00,1594.25,1594.25,1594.2,1594.2,-0.0,67.66,108549.18,-1
2024-07-11,2024-07-11 12:02:00,1594.2,1594.2,1594.14,1594.14,-0.0,67.66,108549.18,-1
2024-07-11,2024-07-11 12:03:00,1594.14,1594.14,1594.09,1594.09,-0.0,67.66,108549.18,-1
2024-07-11,2024-07-11 12:04:00,1594.09,1594.09,1594.04,1594.04,-0.0,67.66,108549.18,-1
2024-07-11,2024-07-11 12:05:00,1594.04,1594.04,1593.99,1593.99,-0.0,67.66,108549.18,-1
2024-07-11,2024-07-11 12:06:00,1593.99,1593.99,1593.94,1593.94,-0.0,67.66,108549.18,-1
2024-07-11,2024-07-11 12:07:00,1593.94,1593.94,1593.89,1593.89,-0.0,67.66,108549.18,-1
2024-07-11,2024-07-11 12:08:00,1593.89,1593.89,1593.84,1593.84,-0.0,67.66,108549.18,-1
2024-07-11,2024-07-11 12:09:00,1593.84,1593.84,1593.78,1593.78,-0.0,67.66,108549.18,-1
2024-07-11,2024-07-11 12:10:00,1593.78,1593.78,1593.73,1593.73,-0.0,67.66,108549.18,-1
2024-07-11,2024-07-11 12:11:00,1593.73,1593.73,1593.68,1593.68,-0.0,67.66,108549.18,-1
2024-07-11,2024-07-11 12:12:00,1593.68,1593.68,1593.63,1593.63,-0.0,67.66,108549.18,-1
2024-07-11,2024-07-11 12:13:00,1593.63,1593.63,1593.58,1593.58,-0.0,67.66,108549.18,-1
2024-07-11,2024-07-11 12:14:00,1593.58,1593.58,1593.53,1593.53,-0.0,67.66,108549.18,-1
2024-07-11,2024-07-11 12:15:00,1593.53,1593.53,1593.47,1593.47,-0.0,67.66,108549.18,-1
2024-07-11,2024-07-11 12:16:00,1593.47,1593.47,1593.42,1593.42,-0.0,67.66,108549.18,-1
2024-07-11,2024-07-11 12:17:00,1593.42,1593.42,1593.37,1593.37,-0.0,67.66,108549.18,-1
2024-07-11,2024-07-11 12:18:00,1593.37,1593.37,1593.32,1593.32,-0.0,67.66,108549.18,-1
2024-07-11,2024-07-11 12:19:00,1593.32,1593.32,1593.27,1593.27,-0.0,67.66,108549.18,-1
2024-07-11,2024-07-11 12:20:00,1593.27,1593.27,1593.22,1593.22,-0.0,67.66,108549.18,-1
2024-07-11,2024-07-11 12:21:00,1593.22,1593.22,1593.16,1593.16,-0.0,67.66,108549.18,-1
2024-07-11,2024-07-11 12:22:00,1593.16,1593.16,1593.11,1593.11,-0.0,67.66,108549.18,-1
2024-07-11,2024-07-11 12:23:00,1593.11,1593.11,1593.06,1593.06,-0.0,67.66,108549.18,-1
2024-07-11,2024-07-11 12:24:00,1593.06,1593.06,1593.01,1593.01,-0.0,67.66,108549.18,-1
2024-07-11,2024-07-11 12:25:00,1593.01,1593.01,1592.96,1592.96,-0.0,67.66,108549.18,-1
2024-07-11,2024-07-11 12:26:00,1592.96,1592.96,1592.9,1592.9,-0.0,67.66,108549.18,-1
2024-07-11,2024-07-11 12:27:00,1592.9,1592.9,1592.85,1592.85,-0.0,67.66,108549.18,-1
2024-07-11,2024-07-11 12:28:00,1592.85,1592.85,1592.8,1592.8,-0.0,67.66,108549.18,-1
2024-07-11,2024-07-11 12:29:00,1592.8,1592.8,1592.75,1592.75,-0.0,67.66,108549.18,-1
2024-07-11,2024-07-11 12:30:00,1592.75,1592.75,1592.7,1592.7,-0.0,67.66,108549.18,-1
2024-07-11,2024-07-11 12:31:00,1592.7,1592.7,1592.65,1592.65,-0.0,67.66,108549.18,-1
2024-07-11,2024-07-11 12:32:00,1592.65,1592.65,1592.6,1592.6,-0.0,67.66,108549.18,-1
2024-07-11,2024-07-11 12:33:00,1592.6,1592.6,1592.54,1592.54,-0.0,67.66,108549.18,-1
2024-07-11,2024-07-11 12:34:00,1592.54,1592.54,1592.49,1592.49,-0.0,67.66,108549.18,-1
2024-07-11,2024-07-11 12:35:00,1592.49,1592.49,1592.44,1592.44,-0.0,67.66,108549.18,-1
2024-07-11,2024-07-11 12:36:00,1592.44,1592.44,1592.39,1592.39,-0.0,67.66,108549.18,-1
2024-07-11,2024-07-11 12:37:00,1592.39,1592.39,1592.34,1592.34,-0.0,67.66,108549.18,-1
2024-07-11,2024-07-11 12:38:00,1592.34,1592.34,1592.29,1592.29,-0.0,67.66,108549.18,-1
2024-07-11,2024-07-11 12:39:00,1592.29,1592.29,1592.23,1592.23,-0.0,67.66,108549.18,-1
2024-07-11,2024-07-11 12:40:00,1592.23,1592.23,1592.18,1592.18,-0.0,67.66,108549.18,-1
2024-07-11,2024-07-11 12:41:00,1592.18,1592.18,1592.13,1592.13,-0.0,67.66,108549.18,-1
2024-07-11,2024-07-11 12:42:00,1592.13,1592.13,1592.08,1592.08,-0.0,67.66,108549.18,-1
2024-07-11,2024-07-11 12:43:00,1592.08,1592.08,1592.03,1592.03,-0.0,67.66,108549.18,-1
2024-07-11,2024-07-11 12:44:00,1592.03,1592.03,1591.98,1591.98,-0.0,67.66,108549.18,-1
2024-07-11,2024-07-11 12:45:00,1591.98,1591.98,1591.92,1591.92,-0.0,67.66,108549.18,-1
2024-07-11,2024-07-11 12:46:00,1591.92,1591.92,1591.87,1591.87,-0.0,67.66,108549.18,-1
2024-07-11,2024-07-11 12:47:00,1591.87,1591.87,1591.82,1591.82,-0.0,67.66,108549.18,-1
2024-07-11,2024-07-11 12:48:00,1591.82,1591.82,1591.77,1591.77,-0.0,67.66,108549.18,-1
2024-07-11,2024-07-11 12:49:00,1591.77,1591.77,1591.72,1591.72,-0.0,67.66,108549.18,-1
2024-07-11,2024-07-11 12:50:00,1591.72,1591.72,1591.66,1591.66,-0.0,67.66,108549.18,-1
2024-07-11,2024-07-11 12:51:00,1591.66,1591.66,1591.61,1591.61,-0.0,67.66,108549.18,-1
2024-07-11,2024-07-11 12:52:00,1591.61,1591.61,1591.56,1591.56,-0.0,67.66,108549.18,-1
2024-07-11,2024-07-11 12:53:00,1591.56,1591.56,1591.51,1591.51,-0.0,67.66,108549.18,-1
2024-07-11,2024-07-11 12:54:00,1591.51,1591.51,1591.46,1591.46,-0.0,67.66,108549.18,-1
2024-07-11,2024-07-11 12:55:00,1591.46,1591.46,1591.41,1591.41,-0.0,67.66,108549.18,-1
2024-07-11,2024-07-11 12:56:00,1591.41,1591.41,1591.36,1591.36,-0.0,67.66,108549.18,-1
2024-07-11,2024-07-11 12:57:00,1591.36,1591.36,1591.3,1591.3,-0.0,67.66,108549.18,-1
2024-07-11,2024-07-11 12:58:00,1591.3,1591.3,1591.25,1591.25,-0.0,67.66,108549.18,-1
2024-07-11,2024-07-11 12:59:00,1591.25,1591.25,1591.2,1591.2,-0.0,67.66,108549.18,-1
2024-07-11,2024-07-11 13:00:00,1591.2,1727.0,1575.1,1591.15,-0.0,67.66,108549.18,-1
2024-07-11,2024-07-11 13:01:00,1591.15,1591.15,1591.1,1591.1,-0.0,67.66,108549.18,-1
2024-07-11,2024-07-11 13:02:00,1591.1,1591.1,1591.05,1591.05,-0.0,67.66,108549.18,-1
2024-07-11,2024-07-11 13:03:00,1591.05,1591.05,1590.99,1590.99,-0.0,67.66,108549.18,-1
2024-07-11,2024-07-11 13:04:00,1590.99,1590.99,1590.94,1590.94,-0.0,67.66,108549.18,-1
2024-07-11,2024-07-11 13:05:00,1590.94,1590.94,1590.89,1590.89,-0.0,67.66,108549.18,-1
2024-07-11,2024-07-11 13:06:00,1590.89,1590.89,1590.84,1590.84,-0.0,67.66,108549.18,-1
2024-07-11,2024-07-11 13:07:00,1590.84,1590.84,1590.79,1590.79,-0.0,67.66,108549.18,-1
2024-07-11,2024-07-11 13:08:00,1590.79,1590.79,1590.74,1590.74,-0.0,67.66,108549.18,-1
2024-07-11,2024-07-11 13:09:00,1590.74,1590.74,1590.68,1590.68,-0.0,67.66,108549.18,-1
2024-07-11,2024-07-11 13:10:00,1590.68,1590.68,1590.63,1590.63,-0.0,67.66,108549.18,-1
2024-07-11,2024-07-11 13:11:00,1590.63,1590.63,1590.58,1590.58,-0.0,67.66,108549.18,-1
2024-07-11,2024-07-11 13:12:00,1590.58,1590.58,1590.53,1590.53,-0.0,67.66,108549.18,-1
2024-07-11,2024-07-11 13:13:00,1590.53,1590.53,1590.48,1590.48,-0.0,67.66,108549.18,-1
2024-07-11,2024-07-11 13:14:00,1590.48,1590.48,1590.42,1590.42,-0.0,67.66,108549.18,-1
2024-07-11,2024-07-11 13:15:00,1590.42,1590.42,1590.37,1590.37,-0.0,67.66,108549.18,-1
2024-07-11,2024-07-11 13:16:00,1590.37,1590.37,1590.32,1590.32,-0.0,67.66,108549.18,-1
2024-07-11,2024-07-11 13:17:00,1590.32,1590.32,1590.27,1590.27,-0.0,67.66,108549.18,-1
2024-07-11,2024-07-11 13:18:00,1590.27,1590.27,1590.22,1590.22,-0.0,67.66,108549.18,-1
2024-07-11,2024-07-11 13:19:00,1590.22,1590.22,1590.17,1590.17,-0.0,67.66,108549.18,-1
2024-07-11,2024-07-11 13:20:00,1590.17,1590.17,1590.12,1590.12,-0.0,67.66,108549.18,-1
2024-07-11,2024-07-11 13:21:00,1590.12,1590.12,1590.06,1590.06,-0.0,67.66,108549.18,-1
2024-07-11,2024-07-11 13:22:00,1590.06,1590.06,1590.01,1590.01,-0.0,67.66,108549.18,-1
2024-07-11,2024-07-11 13:23:00,1590.01,1590.01,1589.96,1589.96,-0.0,67.66,108549.18,-1
2024-07-11,2024-07-11 13:24:00,1589.96,1589.96,1589.91,1589.91,-0.0,67.66,108549.18,-1
2024-07-11,2024-07-11 13:25:00,1589.91,1589.91,1589.86,1589.86,-0.0,67.66,108549.18,-1
2024-07-11,2024-07-11 13:26:00,1589.86,1589.86,1589.81,1589.81,-0.0,67.66,108549.18,-1
2024-07-11,2024-07-11 13:27:00,1589.81,1589.81,1589.75,1589.75,-0.0,67.66,108549.18,-1
2024-07-11,2024-07-11 13:28:00,1589.75,1589.75,1589.7,1589.7,-0.0,67.66,108549.18,-1
2024-07-11,2024-07-11 13:29:00,1589.7,1589.7,1589.65,1589.65,-0.0,67.66,108549.18,-1
2024-07-11,2024-07-11 13:30:00,1589.65,1589.65,1589.6,1589.6,-0.0,67.66,108549.18,-1
2024-07-11,2024-07-11 13:31:00,1589.6,1589.6,1589.55,1589.55,-0.0,67.66,108549.18,-1
2024-07-11,2024-07-11 13:32:00,1589.55,1589.55,1589.5,1589.5,-0.0,67.66,108549.18,-1
2024-07-11,2024-07-11 13:33:00,1589.5,1589.5,1589.44,1589.44,-0.0,67.66,108549.18,-1
2024-07-11,2024-07-11 13:34:00,1589.44,1589.44,1589.39,1589.39,-0.0,67.66,108549.18,-1
2024-07-11,2024-07-11 13:35:00,1589.39,1589.39,1589.34,1589.34,-0.0,67.66,108549.18,-1
2024-07-11,2024-07-11 13:36:00,1589.34,1589.34,1589.29,1589.29,-0.0,67.66,108549.18,-1
2024-07-11,2024-07-11 13:37:00,1589.29,1589.29,1589.24,1589.24,-0.0,67.66,108549.18,-1
2024-07-11,2024-07-11 13:38:00,1589.24,1589.24,1589.18,1589.18,-0.0,67.66,108549.18,-1
2024-07-11,2024-07-11 13:39:00,1589.18,1589.18,1589.13,1589.13,-0.0,67.66,108549.18,-1
2024-07-11,2024-07-11 13:40:00,1589.13,1589.13,1589.08,1589.08,-0.0,67.66,108549.18,-1
2024-07-11,2024-07-11 13:41:00,1589.08,1589.08,1589.03,1589.03,-0.0,67.66,108549.18,-1
2024-07-11,2024-07-11 13:42:00,1589.03,1589.03,1588.98,1588.98,-0.0,67.66,108549.18,-1
2024-07-11,2024-07-11 13:43:00,1588.98,1588.98,1588.93,1588.93,-0.0,67.66,108549.18,-1
2024-07-11,2024-07-11 13:44:00,1588.93,1588.93,1588.88,1588.88,-0.0,67.66,108549.18,-1
2024-07-11,2024-07-11 13:45:00,1588.88,1588.88,1588.82,1588.82,-0.0,67.66,108549.18,-1
2024-07-11,2024-07-11 13:46:00,1588.82,1588.82,1588.77,1588.77,-0.0,67.66,108549.18,-1
2024-07-11,2024-07-11 13:47:00,1588.77,1588.77,1588.72,1588.72,-0.0,67.66,108549.18,-1
2024-07-11,2024-07-11 13:48:00,1588.72,1588.72,1588.67,1588.67,-0.0,67.66,108549.18,-1
2024-07-11,2024-07-11 13:49:00,1588.67,1588.67,1588.62,1588.62,-0.0,67.66,108549.18,-1
2024-07-11,2024-07-11 13:50:00,1588.62,1588.62,1588.57,1588.57,-0.0,67.66,108549.18,-1
2024-07-11,2024-07-11 13:51:00,1588.57,1588.57,1588.51,1588.51,-0.0,67.66,108549.18,-1
2024-07-11,2024-07-11 13:52:00,1588.51,1588.51,1588.46,1588.46,-0.0,67.66,108549.18,-1
2024-07-11,2024-07-11 13:53:00,1588.46,1588.46,1588.41,1588.41,-0.0,67.66,108549.18,-1
2024-07-11,2024-07-11 13:54:00,1588.41,1588.41,1588.36,1588.36,-0.0,67.66,108549.18,-1
2024-07-11,2024-07-11 13:55:00,1588.36,1588.36,1588.31,1588.31,-0.0,67.66,108549.18,-1
2024-07-11,2024-07-11 13:56:00,1588.31,1588.31,1588.26,1588.26,-0.0,67.66,108549.18,-1
2024-07-11,2024-07-11 13:57:00,1588.26,1588.26,1588.2,1588.2,-0.0,67.66,108549.18,-1
2024-07-11,2024-07-11 13:58:00,1588.2,1588.2,1588.15,1588.15,-0.0,67.66,108549.18,-1
2024-07-11,2024-07-11 13:59:00,1588.15,1588.15,1588.1,1588.1,-0.0,67.66,108549.18,-1
2024-07-11,2024-07-11 14:00:00,1588.1,1588.1,1588.05,1588.05,-0.0,67.66,108549.18,-1
2024-07-11,2024-07-11 14:01:00,1588.05,1588.05,1588.0,1588.0,-0.0,67.66,108549.18,-1
2024-07-11,2024-07-11 14:02:00,1588.0,1588.0,1587.94,1587.94,-0.0,67.66,108549.18,-1
2024-07-11,2024-07-11 14:03:00,1587.94,1587.94,1587.89,1587.89,-0.0,67.66,108549.18,-1
2024-07-11,2024-07-11 14:04:00,1587.89,1587.89,1587.84,1587.84,-0.0,67.66,108549.18,-1
2024-07-11,2024-07-11 14:05:00,1587.84,1587.84,1587.79,1587.79,-0.0,67.66,108549.18,-1
2024-07-11,2024-07-11 14:06:00,1587.79,1587.79,1587.74,1587.74,-0.0,67.66,108549.18,-1
2024-07-11,2024-07-11 14:07:00,1587.74,1587.74,1587.69,1587.69,-0.0,67.66,108549.18,-1
2024-07-11,2024-07-11 14:08:00,1587.69,1587.69,1587.63,1587.63,-0.0,67.66,108549.18,-1
2024-07-11,2024-07-11 14:09:00,1587.63,1587.63,1587.58,1587.58,-0.0,67.66,108549.18,-1
2024-07-11,2024-07-11 14:10:00,1587.58,1587.58,1587.53,1587.53,-0.0,67.66,108549.18,-1
2024-07-11,2024-07-11 14:11:00,1587.53,1587.53,1587.48,1587.48,-0.0,67.66,108549.18,-1
2024-07-11,2024-07-11 14:12:00,1587.48,1587.48,1587.43,1587.43,-0.0,67.66,108549.18,-1
2024-07-11,2024-07-11 14:13:00,1587.43,1587.43,1587.38,1587.38,-0.0,67.66,108549.18,-1
2024-07-11,2024-07-11 14:14:00,1587.38,1587.38,1587.33,1587.33,-0.0,67.66,108549.18,-1
2024-07-11,2024-07-11 14:15:00,1587.33,1587.33,1587.27,1587.27,-0.0,67.66,108549.18,-1
2024-07-11,2024-07-11 14:16:00,1587.27,1587.27,1587.22,1587.22,-0.0,67.66,108549.18,-1
2024-07-11,2024-07-11 14:17:00,1587.22,1587.22,1587.17,1587.17,-0.0,67.66,108549.18,-1
2024-07-11,2024-07-11 14:18:00,1587.17,1587.17,1587.12,1587.12,-0.0,67.66,108549.18,-1
2024-07-11,2024-07-11 14:19:00,1587.12,1587.12,1587.07,1587.07,-0.0,67.66,108549.18,-1
2024-07-11,2024-07-11 14:20:00,1587.07,1587.07,1587.02,1587.02,-0.0,67.66,108549.18,-1
2024-07-11,2024-07-11 14:21:00,1587.02,1587.02,1586.96,1586.96,-0.0,67.66,108549.18,-1
2024-07-11,2024-07-11 14:22:00,1586.96,1586.96,1586.91,1586.91,-0.0,67.66,108549.18,-1
2024-07-11,2024-07-11 14:23:00,1586.91,1586.91,1586.86,1586.86,-0.0,67.66,108549.18,-1
2024-07-11,2024-07-11 14:24:00,1586.86,1586.86,1586.81,1586.81,-0.0,67.66,108549.18,-1
2024-07-11,2024-07-11 14:25:00,1586.81,1586.81,1586.76,1586.76,-0.0,67.66,108549.18,-1
2024-07-11,2024-07-11 14:26:00,1586.76,1586.76,1586.7,1586.7,-0.0,67.66,108549.18,-1
2024-07-11,2024-07-11 14:27:00,1586.7,1586.7,1586.65,1586.65,-0.0,67.66,108549.18,-1
2024-07-11,2024-07-11 14:28:00,1586.65,1586.65,1586.6,1586.6,-0.0,67.66,108549.18,-1
2024-07-11,2024-07-11 14:29:00,1586.6,1586.6,1586.55,1586.55,-0.0,67.66,108549.18,-1
2024-07-11,2024-07-11 14:30:00,1586.55,1586.55,1586.5,1586.5,-0.0,67.66,108549.18,-1
2024-07-11,2024-07-11 14:31:00,1586.5,1586.5,1586.45,1586.45,-0.0,67.66,108549.18,-1
2024-07-11,2024-07-11 14:32:00,1586.45,1586.45,1586.39,1586.39,-0.0,67.66,108549.18,-1
2024-07-11,2024-07-11 14:33:00,1586.39,1586.39,1586.34,1586.34,-0.0,67.66,108549.18,-1
2024-07-11,2024-07-11 14:34:00,1586.34,1586.34,1586.29,1586.29,-0.0,67.66,108549.18,-1
2024-07-11,2024-07-11 14:35:00,1586.29,1586.29,1586.24,1586.24,-0.0,67.66,108549.18,-1
2024-07-11,2024-07-11 14:36:00,1586.24,1586.24,1586.19,1586.19,-0.0,67.66,108549.18,-1
2024-07-11,2024-07-11 14:37:00,1586.19,1586.19,1586.14,1586.14,-0.0,67.66,108549.18,-1
2024-07-11,2024-07-11 14:38:00,1586.14,1586.14,1586.09,1586.09,-0.0,67.66,108549.18,-1
2024-07-11,2024-07-11 14:39:00,1586.09,1586.09,1586.03,1586.03,-0.0,67.66,108549.18,-1
2024-07-11,2024-07-11 14:40:00,1586.03,1586.03,1585.98,1585.98,-0.0,67.66,108549.18,-1
2024-07-11,2024-07-11 14:41:00,1585.98,1585.98,1585.93,1585.93,-0.0,67.66,108549.18,-1
2024-07-11,2024-07-11 14:42:00,1585.93,1585.93,1585.88,1585.88,-0.0,67.66,108549.18,-1
2024-07-11,2024-07-11 14:43:00,1585.88,1585.88,1585.83,1585.83,-0.0,67.66,108549.18,-1
2024-07-11,2024-07-11 14:44:00,1585.83,1585.83,1585.78,1585.78,-0.0,67.66,108549.18,-1
2024-07-11,2024-07-11 14:45:00,1585.78,1585.78,1585.72,1585.72,-0.0,67.66,108549.18,-1
2024-07-11,2024-07-11 14:46:00,1585.72,1585.72,1585.67,1585.67,-0.0,67.66,108549.18,-1
2024-07-11,2024-07-11 14:47:00,1585.67,1585.67,1585.62,1585.62,-0.0,67.66,108549.18,-1
2024-07-11,2024-07-11 14:48:00,1585.62,1585.62,1585.57,1585.57,-0.0,67.66,108549.18,-1
2024-07-11,2024-07-11 14:49:00,1585.57,1585.57,1585.52,1585.52,-0.0,67.66,108549.18,-1
2024-07-11,2024-07-11 14:50:00,1585.52,1585.52,1585.46,1585.46,-0.0,67.66,108549.18,-1
2024-07-11,2024-07-11 14:51:00,1585.46,1585.46,1585.41,1585.41,-0.0,67.66,108549.18,-1
2024-07-11,2024-07-11 14:52:00,1585.41,1585.41,1585.36,1585.36,-0.0,67.66,108549.18,-1
2024-07-11,2024-07-11 14:53:00,1585.36,1585.36,1585.31,1585.31,-0.0,67.66,108549.18,-1
2024-07-11,2024-07-11 14:54:00,1585.31,1585.31,1585.26,1585.26,-0.0,67.66,108549.18,-1
2024-07-11,2024-07-11 14:55:00,1585.26,1585.26,1585.21,1585.21,-0.0,67.66,108549.18,-1
2024-07-11,2024-07-11 14:56:00,1585.21,1585.21,1585.15,1585.15,-0.0,67.66,108549.18,-1
2024-07-11,2024-07-11 14:57:00,1585.15,1585.15,1585.1,1585.1,-0.0,67.66,108549.18,-1
2024-07-11,2024-07-11 14:58:00,1585.1,1585.1,1585.05,1585.05,-0.0,67.66,108549.18,-1
2024-07-11,2024-07-11 14:59:00,1585.05,1585.05,1585.0,1585.0,-0.0,67.66,108549.18,-1
2024-07-11,2024-07-11 15:00:00,1585.0,1727.0,1575.1,1585.0,0.0,67.66,108549.18,0
2024-07-14,2024-07-14 11:00:00,1616.7,1626.39,1600.02,1616.55,-0.01,21.86,34819.05,-1
2024-07-14,2024-07-14 11:01:00,1616.55,1616.55,1616.4,1616.4,-0.01,21.86,34819.05,-1
2024-07-14,2024-07-14 11:02:00,1616.4,1616.4,1616.26,1616.26,-0.01,21.86,34819.05,-1
2024-07-14,2024-07-14 11:03:00,1616.26,1616.26,1616.11,1616.11,-0.01,21.86,34819.05,-1
2024-07-14,2024-07-14 11:04:00,1616.11,1616.11,1615.96,1615.96,-0.01,21.86,34819.05,-1
2024-07-14,2024-07-14 11:05:00,1615.96,1615.96,1615.81,1615.81,-0.01,21.86,34819.05,-1
2024-07-14,2024-07-14 11:06:00,1615.81,1615.81,1615.66,1615.66,-0.01,21.86,34819.05,-1
2024-07-14,2024-07-14 11:07:00,1615.66,1615.66,1615.51,1615.51,-0.01,21.86,34819.05,-1
2024-07-14,2024-07-14 11:08:00,1615.51,1615.51,1615.37,1615.37,-0.01,21.86,34819.05,-1
2024-07-14,2024-07-14 11:09:00,1615.37,1615.37,1615.22,1615.22,-0.01,21.86,34819.05,-1
2024-07-14,2024-07-14 11:10:00,1615.22,1615.22,1615.07,1615.07,-0.01,21.86,34819.05,-1
2024-07-14,2024-07-14 11:11:00,1615.07,1615.07,1614.92,1614.92,-0.01,21.86,34819.05,-1
2024-07-14,2024-07-14 11:12:00,1614.92,1614.92,1614.77,1614.77,-0.01,21.86,34819.05,-1
2024-07-14,2024-07-14 11:13:00,1614.77,1614.77,1614.62,1614.62,-0.01,21.86,34819.05,-1
2024-07-14,2024-07-14 11:14:00,1614.62,1614.62,1614.48,1614.48,-0.01,21.86,34819.05,-1
2024-07-14,2024-07-14 11:15:00,1614.48,1614.48,1614.33,1614.33,-0.01,21.86,34819.05,-1
2024-07-14,2024-07-14 11:16:00,1614.33,1614.33,1614.18,1614.18,-0.01,21.86,34819.05,-1
2024-07-14,2024-07-14 11:17:00,1614.18,1614.18,1614.03,1614.03,-0.01,21.86,34819.05,-1
2024-07-14,2024-07-14 11:18:00,1614.03,1614.03,1613.88,1613.88,-0.01,21.86,34819.05,-1
2024-07-14,2024-07-14 11:19:00,1613.88,1613.88,1613.73,1613.73,-0.01,21.86,34819.05,-1
2024-07-14,2024-07-14 11:20:00,1613.73,1613.73,1613.59,1613.59,-0.01,21.86,34819.05,-1
2024-07-14,2024-07-14 11:21:00,1613.59,1613.59,1613.44,1613.44,-0.01,21.86,34819.05,-1
2024-07-14,2024-07-14 11:22:00,1613.44,1613.44,1613.29,1613.29,-0.01,21.86,34819.05,-1
2024-07-14,2024-07-14 11:23:00,1613.29,1613.29,1613.14,1613.14,-0.01,21.86,34819.05,-1
2024-07-14,2024-07-14 11:24:00,1613.14,1613.14,1612.99,1612.99,-0.01,21.86,34819.05,-1
2024-07-14,2024-07-14 11:25:00,1612.99,1612.99,1612.84,1612.84,-0.01,21.86,34819.05,-1
2024-07-14,2024-07-14 11:26:00,1612.84,1612.84,1612.69,1612.69,-0.01,21.86,34819.05,-1
2024-07-14,2024-07-14 11:27:00,1612.69,1612.69,1612.55,1612.55,-0.01,21.86,34819.05,-1
2024-07-14,2024-07-14 11:28:00,1612.55,1612.55,1612.4,1612.4,-0.01,21.86,34819.05,-1
2024-07-14,2024-07-14 11:29:00,1612.4,1612.4,1612.25,1612.25,-0.01,21.86,34819.05,-1
2024-07-14,2024-07-14 11:30:00,1612.25,1612.25,1612.1,1612.1,-0.01,21.86,34819.05,-1
2024-07-14,2024-07-14 11:31:00,1612.1,1612.1,1611.95,1611.95,-0.01,21.86,34819.05,-1
2024-07-14,2024-07-14 11:32:00,1611.95,1611.95,1611.81,1611.81,-0.01,21.86,34819.05,-1
2024-07-14,2024-07-14 11:33:00,1611.81,1611.81,1611.66,1611.66,-0.01,21.86,34819.05,-1
2024-07-14,2024-07-14 11:34:00,1611.66,1611.66,1611.51,1611.51,-0.01,21.86,34819.05,-1
2024-07-14,2024-07-14 11:35:00,1611.51,1611.51,1611.36,1611.36,-0.01,21.86,34819.05,-1
2024-07-14,2024-07-14 11:36:00,1611.36,1611.36,1611.21,1611.21,-0.01,21.86,34819.05,-1
2024-07-14,2024-07-14 11:37:00,1611.21,1611.21,1611.06,1611.06,-0.01,21.86,34819.05,-1
2024-07-14,2024-07-14 11:38:00,1611.06,1611.06,1610.91,1610.91,-0.01,21.86,34819.05,-1
2024-07-14,2024-07-14 11:39:00,1610.91,1610.91,1610.77,1610.77,-0.01,21.86,34819.05,-1
2024-07-14,2024-07-14 11:40:00,1610.77,1610.77,1610.62,1610.62,-0.01,21.86,34819.05,-1
2024-07-14,2024-07-14 11:41:00,1610.62,1610.62,1610.47,1610.47,-0.01,21.86,34819.05,-1
2024-07-14,2024-07-14 11:42:00,1610.47,1610.47,1610.32,1610.32,-0.01,21.86,34819.05,-1
2024-07-14,2024-07-14 11:43:00,1610.32,1610.32,1610.17,1610.17,-0.01,21.86,34819.05,-1
2024-07-14,2024-07-14 11:44:00,1610.17,1610.17,1610.03,1610.03,-0.01,21.86,34819.05,-1
2024-07-14,2024-07-14 11:45:00,1610.03,1610.03,1609.88,1609.88,-0.01,21.86,34819.05,-1
2024-07-14,2024-07-14 11:46:00,1609.88,1609.88,1609.73,1609.73,-0.01,21.86,34819.05,-1
2024-07-14,2024-07-14 11:47:00,1609.73,1609.73,1609.58,1609.58,-0.01,21.86,34819.05,-1
2024-07-14,2024-07-14 11:48:00,1609.58,1609.58,1609.43,1609.43,-0.01,21.86,34819.05,-1
2024-07-14,2024-07-14 11:49:00,1609.43,1609.43,1609.28,1609.28,-0.01,21.86,34819.05,-1
2024-07-14,2024-07-14 11:50:00,1609.28,1609.28,1609.13,1609.13,-0.01,21.86,34819.05,-1
2024-07-14,2024-07-14 11:51:00,1609.13,1609.13,1608.99,1608.99,-0.01,21.86,34819.05,-1
2024-07-14,2024-07-14 11:52:00,1608.99,1608.99,1608.84,1608.84,-0.01,21.86,34819.05,-1
2024-07-14,2024-07-14 11:53:00,1608.84,1608.84,1608.69,1608.69,-0.01,21.86,34819.05,-1
2024-07-14,2024-07-14 11:54:00,1608.69,1608.69,1608.54,1608.54,-0.01,21.86,34819.05,-1
2024-07-14,2024-07-14 11:55:00,1608.54,1608.54,1608.39,1608.39,-0.01,21.86,34819.05,-1
2024-07-14,2024-07-14 11:56:00,1608.39,1608.39,1608.25,1608.25,-0.01,21.86,34819.05,-1
2024-07-14,2024-07-14 11:57:00,1608.25,1608.25,1608.1,1608.1,-0.01,21.86,34819.05,-1
2024-07-14,2024-07-14 11:58:00,1608.1,1608.1,1607.95,1607.95,-0.01,21.86,34819.05,-1
2024-07-14,2024-07-14 11:59:00,1607.95,1607.95,1607.8,1607.8,-0.01,21.86,34819.05,-1
2024-07-14,2024-07-14 12:00:00,1607.8,1607.8,1607.65,1607.65,-0.01,21.86,34819.05,-1
2024-07-14,2024-07-14 12:01:00,1607.65,1607.65,1607.5,1607.5,-0.01,21.86,34819.05,-1
2024-07-14,2024-07-14 12:02:00,1607.5,1607.5,1607.36,1607.36,-0.01,21.86,34819.05,-1
2024-07-14,2024-07-14 12:03:00,1607.36,1607.36,1607.21,1607.21,-0.01,21.86,34819.05,-1
2024-07-14,2024-07-14 12:04:00,1607.21,1607.21,1607.06,1607.06,-0.01,21.86,34819.05,-1
2024-07-14,2024-07-14 12:05:00,1607.06,1607.06,1606.91,1606.91,-0.01,21.86,34819.05,-1
2024-07-14,2024-07-14 12:06:00,1606.91,1606.91,1606.76,1606.76,-0.01,21.86,34819.05,-1
2024-07-14,2024-07-14 12:07:00,1606.76,1606.76,1606.61,1606.61,-0.01,21.86,34819.05,-1
2024-07-14,2024-07-14 12:08:00,1606.61,1606.61,1606.46,1606.46,-0.01,21.86,34819.05,-1
2024-07-14,2024-07-14 12:09:00,1606.46,1606.46,1606.32,1606.32,-0.01,21.86,34819.05,-1
2024-07-14,2024-07-14 12:10:00,1606.32,1606.32,1606.17,1606.17,-0.01,21.86,34819.05,-1
2024-07-14,2024-07-14 12:11:00,1606.17,1606.17,1606.02,1606.02,-0.01,21.86,34819.05,-1
2024-07-14,2024-07-14 12:12:00,1606.02,1606.02,1605.87,1605.87,-0.01,21.86,34819.05,-1
2024-07-14,2024-07-14 12:13:00,1605.87,1605.87,1605.72,1605.72,-0.01,21.86,34819.05,-1
2024-07-14,2024-07-14 12:14:00,1605.72,1605.72,1605.58,1605.58,-0.01,21.86,34819.05,-1
2024-07-14,2024-07-14 12:15:00,1605.58,1605.58,1605.43,1605.43,-0.01,21.86,34819.05,-1
2024-07-14,2024-07-14 12:16:00,1605.43,1605.43,1605.28,1605.28,-0.01,21.86,34819.05,-1
2024-07-14,2024-07-14 12:17:00,1605.28,1605.28,1605.13,1605.13,-0.01,21.86,34819.05,-1
2024-07-14,2024-07-14 12:18:00,1605.13,1605.13,1604.98,1604.98,-0.01,21.86,34819.05,-1
2024-07-14,2024-07-14 12:19:00,1604.98,1604.98,1604.83,1604.83,-0.01,21.86,34819.05,-1
2024-07-14,2024-07-14 12:20:00,1604.83,1604.83,1604.68,1604.68,-0.01,21.86,34819.05,-1
2024-07-14,2024-07-14 12:21:00,1604.68,1604.68,1604.54,1604.54,-0.01,21.86,34819.05,-1
2024-07-14,2024-07-14 12:22:00,1604.54,1604.54,1604.39,1604.39,-0.01,21.86,34819.05,-1
2024-07-14,2024-07-14 12:23:00,1604.39,1604.39,1604.24,1604.24,-0.01,21.86,34819.05,-1
2024-07-14,2024-07-14 12:24:00,1604.24,1604.24,1604.09,1604.09,-0.01,21.86,34819.05,-1
2024-07-14,2024-07-14 12:25:00,1604.09,1604.09,1603.94,1603.94,-0.01,21.86,34819.05,-1
2024-07-14,2024-07-14 12:26:00,1603.94,1603.94,1603.8,1603.8,-0.01,21.86,34819.05,-1
2024-07-14,2024-07-14 12:27:00,1603.8,1603.8,1603.65,1603.65,-0.01,21.86,34819.05,-1
2024-07-14,2024-07-14 12:28:00,1603.65,1603.65,1603.5,1603.5,-0.01,21.86,34819.05,-1
2024-07-14,2024-07-14 12:29:00,1603.5,1603.5,1603.35,1603.35,-0.01,21.86,34819.05,-1
2024-07-14,2024-07-14 12:30:00,1603.35,1603.35,1603.2,1603.2,-0.01,21.86,34819.05,-1
2024-07-14,2024-07-14 12:31:00,1603.2,1603.2,1603.05,1603.05,-0.01,21.86,34819.05,-1
2024-07-14,2024-07-14 12:32:00,1603.05,1603.05,1602.9,1602.9,-0.01,21.86,34819.05,-1
2024-07-14,2024-07-14 12:33:00,1602.9,1602.9,1602.76,1602.76,-0.01,21.86,34819.05,-1
2024-07-14,2024-07-14 12:34:00,1602.76,1602.76,1602.61,1602.61,-0.01,21.86,34819.05,-1
2024-07-14,2024-07-14 12:35:00,1602.61,1602.61,1602.46,1602.46,-0.01,21.86,34819.05,-1
2024-07-14,2024-07-14 12:36:00,1602.46,1602.46,1602.31,1602.31,-0.01,21.86,34819.05,-1
2024-07-14,2024-07-14 12:37:00,1602.31,1602.31,1602.16,1602.16,-0.01,21.86,34819.05,-1
2024-07-14,2024-07-14 12:38:00,1602.16,1602.16,1602.02,1602.02,-0.01,21.86,34819.05,-1
2024-07-14,2024-07-14 12:39:00,1602.02,1602.02,1601.87,1601.87,-0.01,21.86,34819.05,-1
2024-07-14,2024-07-14 12:40:00,1601.87,1601.87,1601.72,1601.72,-0.01,21.86,34819.05,-1
2024-07-14,2024-07-14 12:41:00,1601.72,1601.72,1601.57,1601.57,-0.01,21.86,34819.05,-1
2024-07-14,2024-07-14 12:42:00,1601.57,1601.57,1601.42,1601.42,-0.01,21.86,34819.05,-1
2024-07-14,2024-07-14 12:43:00,1601.42,1601.42,1601.27,1601.27,-0.01,21.86,34819.05,-1
2024-07-14,2024-07-14 12:44:00,1601.27,1601.27,1601.12,1601.12,-0.01,21.86,34819.05,-1
2024-07-14,2024-07-14 12:45:00,1601.12,1601.12,1600.98,1600.98,-0.01,21.86,34819.05,-1
2024-07-14,2024-07-14 12:46:00,1600.98,1600.98,1600.83,1600.83,-0.01,21.86,34819.05,-1
2024-07-14,2024-07-14 12:47:00,1600.83,1600.83,1600.68,1600.68,-0.01,21.86,34819.05,-1
2024-07-14,2024-07-14 12:48:00,1600.68,1600.68,1600.53,1600.53,-0.01,21.86,34819.05,-1
2024-07-14,2024-07-14 12:49:00,1600.53,1600.53,1600.38,1600.38,-0.01,21.86,34819.05,-1
2024-07-14,2024-07-14 12:50:00,1600.38,1600.38,1600.23,1600.23,-0.01,21.86,34819.05,-1
2024-07-14,2024-07-14 12:51:00,1600.23,1600.23,1600.09,1600.09,-0.01,21.86,34819.05,-1
2024-07-14,2024-07-14 12:52:00,1600.09,1600.09,1599.94,1599.94,-0.01,21.86,34819.05,-1
2024-07-14,2024-07-14 12:53:00,1599.94,1599.94,1599.79,1599.79,-0.01,21.86,34819.05,-1
2024-07-14,2024-07-14 12:54:00,1599.79,1599.79,1599.64,1599.64,-0.01,21.86,34819.05,-1
2024-07-14,2024-07-14 12:55:00,1599.64,1599.64,1599.49,1599.49,-0.01,21.86,34819.05,-1
2024-07-14,2024-07-14 12:56:00,1599.49,1599.49,1599.35,1599.35,-0.01,21.86,34819.05,-1
2024-07-14,2024-07-14 12:57:00,1599.35,1599.35,1599.2,1599.2,-0.01,21.86,34819.05,-1
2024-07-14,2024-07-14 12:58:00,1599.2,1599.2,1599.05,1599.05,-0.01,21.86,34819.05,-1
2024-07-14,2024-07-14 12:59:00,1599.05,1599.05,1598.9,1598.9,-0.01,21.86,34819.05,-1
2024-07-14,2024-07-14 13:00:00,1598.9,1649.0,1561.1,1598.75,-0.01,21.86,34819.05,-1
2024-07-14,2024-07-14 13:01:00,1598.75,1598.75,1598.6,1598.6,-0.01,21.86,34819.05,-1
2024-07-14,2024-07-14 13:02:00,1598.6,1598.6,1598.45,1598.45,-0.01,21.86,34819.05,-1
2024-07-14,2024-07-14 13:03:00,1598.45,1598.45,1598.31,1598.31,-0.01,21.86,34819.05,-1
2024-07-14,2024-07-14 13:04:00,1598.31,1598.31,1598.16,1598.16,-0.01,21.86,34819.05,-1
2024-07-14,2024-07-14 13:05:00,1598.16,1598.16,1598.01,1598.01,-0.01,21.86,34819.05,-1
2024-07-14,2024-07-14 13:06:00,1598.01,1598.01,1597.86,1597.86,-0.01,21.86,34819.05,-1
2024-07-14,2024-07-14 13:07:00,1597.86,1597.86,1597.71,1597.71,-0.01,21.86,34819.05,-1
2024-07-14,2024-07-14 13:08:00,1597.71,1597.71,1597.57,1597.57,-0.01,21.86,34819.05,-1
2024-07-14,2024-07-14 13:09:00,1597.57,1597.57,1597.42,1597.42,-0.01,21.86,34819.05,-1
2024-07-14,2024-07-14 13:10:00,1597.42,1597.42,1597.27,1597.27,-0.01,21.86,34819.05,-1
2024-07-14,2024-07-14 13:11:00,1597.27,1597.27,1597.12,1597.12,-0.01,21.86,34819.05,-1
2024-07-14,2024-07-14 13:12:00,1597.12,1597.12,1596.97,1596.97,-0.01,21.86,34819.05,-1
2024-07-14,2024-07-14 13:13:00,1596.97,1596.97,1596.82,1596.82,-0.01,21.86,34819.05,-1
2024-07-14,2024-07-14 13:14:00,1596.82,1596.82,1596.67,1596.67,-0.01,21.86,34819.05,-1
2024-07-14,2024-07-14 13:15:00,1596.67,1596.67,1596.53,1596.53,-0.01,21.86,34819.05,-1
2024-07-14,2024-07-14 13:16:00,1596.53,1596.53,1596.38,1596.38,-0.01,21.86,34819.05,-1
2024-07-14,2024-07-14 13:17:00,1596.38,1596.38,1596.23,1596.23,-0.01,21.86,34819.05,-1
2024-07-14,2024-07-14 13:18:00,1596.23,1596.23,1596.08,1596.08,-0.01,21.86,34819.05,-1
2024-07-14,2024-07-14 13:19:00,1596.08,1596.08,1595.93,1595.93,-0.01,21.86,34819.05,-1
2024-07-14,2024-07-14 13:20:00,1595.93,1595.93,1595.78,1595.78,-0.01,21.86,34819.05,-1
2024-07-14,2024-07-14 13:21:00,1595.78,1595.78,1595.64,1595.64,-0.01,21.86,34819.05,-1
2024-07-14,2024-07-14 13:22:00,1595.64,1595.64,1595.49,1595.49,-0.01,21.86,34819.05,-1
2024-07-14,2024-07-14 13:23:00,1595.49,1595.49,1595.34,1595.34,-0.01,21.86,34819.05,-1
2024-07-14,2024-07-14 13:24:00,1595.34,1595.34,1595.19,1595.19,-0.01,21.86,34819.05,-1
2024-07-14,2024-07-14 13:25:00,1595.19,1595.19,1595.04,1595.04,-0.01,21.86,34819.05,-1
2024-07-14,2024-07-14 13:26:00,1595.04,1595.04,1594.89,1594.89,-0.01,21.86,34819.05,-1
2024-07-14,2024-07-14 13:27:00,1594.89,1594.89,1594.75,1594.75,-0.01,21.86,34819.05,-1
2024-07-14,2024-07-14 13:28:00,1594.75,1594.75,1594.6,1594.6,-0.01,21.86,34819.05,-1
2024-07-14,2024-07-14 13:29:00,1594.6,1594.6,1594.45,1594.45,-0.01,21.86,34819.05,-1
2024-07-14,2024-07-14 13:30:00,1594.45,1594.45,1594.3,1594.3,-0.01,21.86,34819.05,-1
2024-07-14,2024-07-14 13:31:00,1594.3,1594.3,1594.15,1594.15,-0.01,21.86,34819.05,-1
2024-07-14,2024-07-14 13:32:00,1594.15,1594.15,1594.0,1594.0,-0.01,21.86,34819.05,-1
2024-07-14,2024-07-14 13:33:00,1594.0,1594.0,1593.86,1593.86,-0.01,21.86,34819.05,-1
2024-07-14,2024-07-14 13:34:00,1593.86,1593.86,1593.71,1593.71,-0.01,21.86,34819.05,-1
2024-07-14,2024-07-14 13:35:00,1593.71,1593.71,1593.56,1593.56,-0.01,21.86,34819.05,-1
2024-07-14,2024-07-14 13:36:00,1593.56,1593.56,1593.41,1593.41,-0.01,21.86,34819.05,-1
2024-07-14,2024-07-14 13:37:00,1593.41,1593.41,1593.26,1593.26,-0.01,21.86,34819.05,-1
2024-07-14,2024-07-14 13:38:00,1593.26,1593.26,1593.12,1593.12,-0.01,21.86,34819.05,-1
2024-07-14,2024-07-14 13:39:00,1593.12,1593.12,1592.97,1592.97,-0.01,21.86,34819.05,-1
2024-07-14,2024-07-14 13:40:00,1592.97,1592.97,1592.82,1592.82,-0.01,21.86,34819.05,-1
2024-07-14,2024-07-14 13:41:00,1592.82,1592.82,1592.67,1592.67,-0.01,21.86,34819.05,-1
2024-07-14,2024-07-14 13:42:00,1592.67,1592.67,1592.52,1592.52,-0.01,21.86,34819.05,-1
2024-07-14,2024-07-14 13:43:00,1592.52,1592.52,1592.37,1592.37,-0.01,21.86,34819.05,-1
2024-07-14,2024-07-14 13:44:00,1592.37,1592.37,1592.22,1592.22,-0.01,21.86,34819.05,-1
2024-07-14,2024-07-14 13:45:00,1592.22,1592.22,1592.08,1592.08,-0.01,21.86,34819.05,-1
2024-07-14,2024-07-14 13:46:00,1592.08,1592.08,1591.93,1591.93,-0.01,21.86,34819.05,-1
2024-07-14,2024-07-14 13:47:00,1591.93,1591.93,1591.78,1591.78,-0.01,21.86,34819.05,-1
2024-07-14,2024-07-14 13:48:00,1591.78,1591.78,1591.63,1591.63,-0.01,21.86,34819.05,-1
2024-07-14,2024-07-14 13:49:00,1591.63,1591.63,1591.48,1591.48,-0.01,21.86,34819.05,-1
2024-07-14,2024-07-14 13:50:00,1591.48,1591.48,1591.34,1591.34,-0.01,21.86,34819.05,-1
2024-07-14,2024-07-14 13:51:00,1591.34,1591.34,1591.19,1591.19,-0.01,21.86,34819.05,-1
2024-07-14,2024-07-14 13:52:00,1591.19,1591.19,1591.04,1591.04,-0.01,21.86,34819.05,-1
2024-07-14,2024-07-14 13:53:00,1591.04,1591.04,1590.89,1590.89,-0.01,21.86,34819.05,-1
2024-07-14,2024-07-14 13:54:00,1590.89,1590.89,1590.74,1590.74,-0.01,21.86,34819.05,-1
2024-07-14,2024-07-14 13:55:00,1590.74,1590.74,1590.59,1590.59,-0.01,21.86,34819.05,-1
2024-07-14,2024-07-14 13:56:00,1590.59,1590.59,1590.44,1590.44,-0.01,21.86,34819.05,-1
2024-07-14,2024-07-14 13:57:00,1590.44,1590.44,1590.3,1590.3,-0.01,21.86,34819.05,-1
2024-07-14,2024-07-14 13:58:00,1590.3,1590.3,1590.15,1590.15,-0.01,21.86,34819.05,-1
2024-07-14,2024-07-14 13:59:00,1590.15,1590.15,1590.0,1590.0,-0.01,21.86,34819.05,-1
2024-07-14,2024-07-14 14:00:00,1590.0,1590.0,1589.85,1589.85,-0.01,21.86,34819.05,-1
2024-07-14,2024-07-14 14:01:00,1589.85,1589.85,1589.7,1589.7,-0.01,21.86,34819.05,-1
2024-07-14,2024-07-14 14:02:00,1589.7,1589.7,1589.55,1589.55,-0.01,21.86,34819.05,-1
2024-07-14,2024-07-14 14:03:00,1589.55,1589.55,1589.41,1589.41,-0.01,21.86,34819.05,-1
2024-07-14,2024-07-14 14:04:00,1589.41,1589.41,1589.26,1589.26,-0.01,21.86,34819.05,-1
2024-07-14,2024-07-14 14:05:00,1589.26,1589.26,1589.11,1589.11,-0.01,21.86,34819.05,-1
2024-07-14,2024-07-14 14:06:00,1589.11,1589.11,1588.96,1588.96,-0.01,21.86,34819.05,-1
2024-07-14,2024-07-14 14:07:00,1588.96,1588.96,1588.81,1588.81,-0.01,21.86,34819.05,-1
2024-07-14,2024-07-14 14:08:00,1588.81,1588.81,1588.66,1588.66,-0.01,21.86,34819.05,-1
2024-07-14,2024-07-14 14:09:00,1588.66,1588.66,1588.52,1588.52,-0.01,21.86,34819.05,-1
2024-07-14,2024-07-14 14:10:00,1588.52,1588.52,1588.37,1588.37,-0.01,21.86,34819.05,-1
2024-07-14,2024-07-14 14:11:00,1588.37,1588.37,1588.22,1588.22,-0.01,21.86,34819.05,-1
2024-07-14,2024-07-14 14:12:00,1588.22,1588.22,1588.07,1588.07,-0.01,21.86,34819.05,-1
2024-07-14,2024-07-14 14:13:00,1588.07,1588.07,1587.92,1587.92,-0.01,21.86,34819.05,-1
2024-07-14,2024-07-14 14:14:00,1587.92,1587.92,1587.77,1587.77,-0.01,21.86,34819.05,-1
2024-07-14,2024-07-14 14:15:00,1587.77,1587.77,1587.63,1587.63,-0.01,21.86,34819.05,-1
2024-07-14,2024-07-14 14:16:00,1587.63,1587.63,1587.48,1587.48,-0.01,21.86,34819.05,-1
2024-07-14,2024-07-14 14:17:00,1587.48,1587.48,1587.33,1587.33,-0.01,21.86,34819.05,-1
2024-07-14,2024-07-14 14:18:00,1587.33,1587.33,1587.18,1587.18,-0.01,21.86,34819.05,-1
2024-07-14,2024-07-14 14:19:00,1587.18,1587.18,1587.03,1587.03,-0.01,21.86,34819.05,-1
2024-07-14,2024-07-14 14:20:00,1587.03,1587.03,1586.88,1586.88,-0.01,21.86,34819.05,-1
2024-07-14,2024-07-14 14:21:00,1586.88,1586.88,1586.74,1586.74,-0.01,21.86,34819.05,-1
2024-07-14,2024-07-14 14:22:00,1586.74,1586.74,1586.59,1586.59,-0.01,21.86,34819.05,-1
2024-07-14,2024-07-14 14:23:00,1586.59,1586.59,1586.44,1586.44,-0.01,21.86,34819.05,-1
2024-07-14,2024-07-14 14:24:00,1586.44,1586.44,1586.29,1586.29,-0.01,21.86,34819.05,-1
2024-07-14,2024-07-14 14:25:00,1586.29,1586.29,1586.14,1586.14,-0.01,21.86,34819.05,-1
2024-07-14,2024-07-14 14:26:00,1586.14,1586.14,1585.99,1585.99,-0.01,21.86,34819.05,-1
2024-07-14,2024-07-14 14:27:00,1585.99,1585.99,1585.85,1585.85,-0.01,21.86,34819.05,-1
2024-07-14,2024-07-14 14:28:00,1585.85,1585.85,1585.7,1585.7,-0.01,21.86,34819.05,-1
2024-07-14,2024-07-14 14:29:00,1585.7,1585.7,1585.55,1585.55,-0.01,21.86,34819.05,-1
2024-07-14,2024-07-14 14:30:00,1585.55,1585.55,1585.4,1585.4,-0.01,21.86,34819.05,-1
2024-07-14,2024-07-14 14:31:00,1585.4,1585.4,1585.25,1585.25,-0.01,21.86,34819.05,-1
2024-07-14,2024-07-14 14:32:00,1585.25,1585.25,1585.11,1585.11,-0.01,21.86,34819.05,-1
2024-07-14,2024-07-14 14:33:00,1585.11,1585.11,1584.96,1584.96,-0.01,21.86,34819.05,-1
2024-07-14,2024-07-14 14:34:00,1584.96,1584.96,1584.81,1584.81,-0.01,21.86,34819.05,-1
2024-07-14,2024-07-14 14:35:00,1584.81,1584.81,1584.66,1584.66,-0.01,21.86,34819.05,-1
2024-07-14,2024-07-14 14:36:00,1584.66,1584.66,1584.51,1584.51,-0.01,21.86,34819.05,-1
2024-07-14,2024-07-14 14:37:00,1584.51,1584.51,1584.36,1584.36,-0.01,21.86,34819.05,-1
2024-07-14,2024-07-14 14:38:00,1584.36,1584.36,1584.21,1584.21,-0.01,21.86,34819.05,-1
2024-07-14,2024-07-14 14:39:00,1584.21,1584.21,1584.07,1584.07,-0.01,21.86,34819.05,-1
2024-07-14,2024-07-14 14:40:00,1584.07,1584.07,1583.92,1583.92,-0.01,21.86,34819.05,-1
2024-07-14,2024-07-14 14:41:00,1583.92,1583.92,1583.77,1583.77,-0.01,21.86,34819.05,-1
2024-07-14,2024-07-14 14:42:00,1583.77,1583.77,1583.62,1583.62,-0.01,21.86,34819.05,-1
2024-07-14,2024-07-14 14:43:00,1583.62,1583.62,1583.47,1583.47,-0.01,21.86,34819.05,-1
2024-07-14,2024-07-14 14:44:00,1583.47,1583.47,1583.32,1583.32,-0.01,21.86,34819.05,-1
2024-07-14,2024-07-14 14:45:00,1583.32,1583.32,1583.18,1583.18,-0.01,21.86,34819.05,-1
2024-07-14,2024-07-14 14:46:00,1583.18,1583.18,1583.03,1583.03,-0.01,21.86,34819.05,-1
2024-07-14,2024-07-14 14:47:00,1583.03,1583.03,1582.88,1582.88,-0.01,21.86,34819.05,-1
2024-07-14,2024-07-14 14:48:00,1582.88,1582.88,1582.73,1582.73,-0.01,21.86,34819.05,-1
2024-07-14,2024-07-14 14:49:00,1582.73,1582.73,1582.58,1582.58,-0.01,21.86,34819.05,-1
2024-07-14,2024-07-14 14:50:00,1582.58,1582.58,1582.43,1582.43,-0.01,21.86,34819.05,-1
2024-07-14,2024-07-14 14:51:00,1582.43,1582.43,1582.29,1582.29,-0.01,21.86,34819.05,-1
2024-07-14,2024-07-14 14:52:00,1582.29,1582.29,1582.14,1582.14,-0.01,21.86,34819.05,-1
2024-07-14,2024-07-14 14:53:00,1582.14,1582.14,1581.99,1581.99,-0.01,21.86,34819.05,-1
2024-07-14,2024-07-14 14:54:00,1581.99,1581.99,1581.84,1581.84,-0.01,21.86,34819.05,-1
2024-07-14,2024-07-14 14:55:00,1581.84,1581.84,1581.69,1581.69,-0.01,21.86,34819.05,-1
2024-07-14,2024-07-14 14:56:00,1581.69,1581.69,1581.54,1581.54,-0.01,21.86,34819.05,-1
2024-07-14,2024-07-14 14:57:00,1581.54,1581.54,1581.4,1581.4,-0.01,21.86,34819.05,-1
2024-07-14,2024-07-14 14:58:00,1581.4,1581.4,1581.25,1581.25,-0.01,21.86,34819.05,-1
2024-07-14,2024-07-14 14:59:00,1581.25,1581.25,1581.1,1581.1,-0.01,21.86,34819.05,-1
2024-07-14,2024-07-14 15:00:00,1581.1,1649.0,1561.1,1581.1,0.0,21.86,34819.05,0
2024-07-15,2024-07-15 11:00:00,1612.0,1621.6,1587.4,1611.74,-0.02,38.36,60148.2,-1
2024-07-15,2024-07-15 11:01:00,1611.74,1611.74,1611.48,1611.48,-0.02,38.36,60148.2,-1
2024-07-15,2024-07-15 11:02:00,1611.48,1611.48,1611.22,1611.22,-0.02,38.36,60148.2,-1
2024-07-15,2024-07-15 11:03:00,1611.22,1611.22,1610.96,1610.96,-0.02,38.36,60148.2,-1
2024-07-15,2024-07-15 11:04:00,1610.96,1610.96,1610.71,1610.71,-0.02,38.36,60148.2,-1
2024-07-15,2024-07-15 11:05:00,1610.71,1610.71,1610.45,1610.45,-0.02,38.36,60148.2,-1
2024-07-15,2024-07-15 11:06:00,1610.45,1610.45,1610.19,1610.19,-0.02,38.36,60148.2,-1
2024-07-15,2024-07-15 11:07:00,1610.19,1610.19,1609.93,1609.93,-0.02,38.36,60148.2,-1
2024-07-15,2024-07-15 11:08:00,1609.93,1609.93,1609.67,1609.67,-0.02,38.36,60148.2,-1
2024-07-15,2024-07-15 11:09:00,1609.67,1609.67,1609.41,1609.41,-0.02,38.36,60148.2,-1
2024-07-15,2024-07-15 11:10:00,1609.41,1609.41,1609.15,1609.15,-0.02,38.36,60148.2,-1
2024-07-15,2024-07-15 11:11:00,1609.15,1609.15,1608.89,1608.89,-0.02,38.36,60148.2,-1
2024-07-15,2024-07-15 11:12:00,1608.89,1608.89,1608.64,1608.64,-0.02,38.36,60148.2,-1
2024-07-15,2024-07-15 11:13:00,1608.64,1608.64,1608.38,1608.38,-0.02,38.36,60148.2,-1
2024-07-15,2024-07-15 11:14:00,1608.38,1608.38,1608.12,1608.12,-0.02,38.36,60148.2,-1
2024-07-15,2024-07-15 11:15:00,1608.12,1608.12,1607.86,1607.86,-0.02,38.36,60148.2,-1
2024-07-15,2024-07-15 11:16:00,1607.86,1607.86,1607.6,1607.6,-0.02,38.36,60148.2,-1
2024-07-15,2024-07-15 11:17:00,1607.6,1607.6,1607.34,1607.34,-0.02,38.36,60148.2,-1
2024-07-15,2024-07-15 11:18:00,1607.34,1607.34,1607.08,1607.08,-0.02,38.36,60148.2,-1
2024-07-15,2024-07-15 11:19:00,1607.08,1607.08,1606.83,1606.83,-0.02,38.36,60148.2,-1
2024-07-15,2024-07-15 11:20:00,1606.83,1606.83,1606.57,1606.57,-0.02,38.36,60148.2,-1
2024-07-15,2024-07-15 11:21:00,1606.57,1606.57,1606.31,1606.31,-0.02,38.36,60148.2,-1
2024-07-15,2024-07-15 11:22:00,1606.31,1606.31,1606.05,1606.05,-0.02,38.36,60148.2,-1
2024-07-15,2024-07-15 11:23:00,1606.05,1606.05,1605.79,1605.79,-0.02,38.36,60148.2,-1
2024-07-15,2024-07-15 11:24:00,1605.79,1605.79,1605.53,1605.53,-0.02,38.36,60148.2,-1
2024-07-15,2024-07-15 11:25:00,1605.53,1605.53,1605.27,1605.27,-0.02,38.36,60148.2,-1
2024-07-15,2024-07-15 11:26:00,1605.27,1605.27,1605.01,1605.01,-0.02,38.36,60148.2,-1
2024-07-15,2024-07-15 11:27:00,1605.01,1605.01,1604.76,1604.76,-0.02,38.36,60148.2,-1
2024-07-15,2024-07-15 11:28:00,1604.76,1604.76,1604.5,1604.5,-0.02,38.36,60148.2,-1
2024-07-15,2024-07-15 11:29:00,1604.5,1604.5,1604.24,1604.24,-0.02,38.36,60148.2,-1
2024-07-15,2024-07-15 11:30:00,1604.24,1604.24,1603.98,1603.98,-0.02,38.36,60148.2,-1
2024-07-15,2024-07-15 11:31:00,1603.98,1603.98,1603.72,1603.72,-0.02,38.36,60148.2,-1
2024-07-15,2024-07-15 11:32:00,1603.72,1603.72,1603.46,1603.46,-0.02,38.36,60148.2,-1
2024-07-15,2024-07-15 11:33:00,1603.46,1603.46,1603.2,1603.2,-0.02,38.36,60148.2,-1
2024-07-15,2024-07-15 11:34:00,1603.2,1603.2,1602.94,1602.94,-0.02,38.36,60148.2,-1
2024-07-15,2024-07-15 11:35:00,1602.94,1602.94,1602.68,1602.68,-0.02,38.36,60148.2,-1
2024-07-15,2024-07-15 11:36:00,1602.68,1602.68,1602.43,1602.43,-0.02,38.36,60148.2,-1
2024-07-15,2024-07-15 11:37:00,1602.43,1602.43,1602.17,1602.17,-0.02,38.36,60148.2,-1
2024-07-15,2024-07-15 11:38:00,1602.17,1602.17,1601.91,1601.91,-0.02,38.36,60148.2,-1
2024-07-15,2024-07-15 11:39:00,1601.91,1601.91,1601.65,1601.65,-0.02,38.36,60148.2,-1
2024-07-15,2024-07-15 11:40:00,1601.65,1601.65,1601.39,1601.39,-0.02,38.36,60148.2,-1
2024-07-15,2024-07-15 11:41:00,1601.39,1601.39,1601.13,1601.13,-0.02,38.36,60148.2,-1
2024-07-15,2024-07-15 11:42:00,1601.13,1601.13,1600.87,1600.87,-0.02,38.36,60148.2,-1
2024-07-15,2024-07-15 11:43:00,1600.87,1600.87,1600.62,1600.62,-0.02,38.36,60148.2,-1
2024-07-15,2024-07-15 11:44:00,1600.62,1600.62,1600.36,1600.36,-0.02,38.36,60148.2,-1
2024-07-15,2024-07-15 11:45:00,1600.36,1600.36,1600.1,1600.1,-0.02,38.36,60148.2,-1
2024-07-15,2024-07-15 11:46:00,1600.1,1600.1,1599.84,1599.84,-0.02,38.36,60148.2,-1
2024-07-15,2024-07-15 11:47:00,1599.84,1599.84,1599.58,1599.58,-0.02,38.36,60148.2,-1
2024-07-15,2024-07-15 11:48:00,1599.58,1599.58,1599.32,1599.32,-0.02,38.36,60148.2,-1
2024-07-15,2024-07-15 11:49:00,1599.32,1599.32,1599.06,1599.06,-0.02,38.36,60148.2,-1
2024-07-15,2024-07-15 11:50:00,1599.06,1599.06,1598.8,1598.8,-0.02,38.36,60148.2,-1
2024-07-15,2024-07-15 11:51:00,1598.8,1598.8,1598.55,1598.55,-0.02,38.36,60148.2,-1
2024-07-15,2024-07-15 11:52:00,1598.55,1598.55,1598.29,1598.29,-0.02,38.36,60148.2,-1
2024-07-15,2024-07-15 11:53:00,1598.29,1598.29,1598.03,1598.03,-0.02,38.36,60148.2,-1
2024-07-15,2024-07-15 11:54:00,1598.03,1598.03,1597.77,1597.77,-0.02,38.36,60148.2,-1
2024-07-15,2024-07-15 11:55:00,1597.77,1597.77,1597.51,1597.51,-0.02,38.36,60148.2,-1
2024-07-15,2024-07-15 11:56:00,1597.51,1597.51,1597.25,1597.25,-0.02,38.36,60148.2,-1
2024-07-15,2024-07-15 11:57:00,1597.25,1597.25,1596.99,1596.99,-0.02,38.36,60148.2,-1
2024-07-15,2024-07-15 11:58:00,1596.99,1596.99,1596.73,1596.73,-0.02,38.36,60148.2,-1
2024-07-15,2024-07-15 11:59:00,1596.73,1596.73,1596.47,1596.47,-0.02,38.36,60148.2,-1
2024-07-15,2024-07-15 12:00:00,1596.47,1596.47,1596.22,1596.22,-0.02,38.36,60148.2,-1
2024-07-15,2024-07-15 12:01:00,1596.22,1596.22,1595.96,1595.96,-0.02,38.36,60148.2,-1
2024-07-15,2024-07-15 12:02:00,1595.96,1595.96,1595.7,1595.7,-0.02,38.36,60148.2,-1
2024-07-15,2024-07-15 12:03:00,1595.7,1595.7,1595.44,1595.44,-0.02,38.36,60148.2,-1
2024-07-15,2024-07-15 12:04:00,1595.44,1595.44,1595.18,1595.18,-0.02,38.36,60148.2,-1
2024-07-15,2024-07-15 12:05:00,1595.18,1595.18,1594.92,1594.92,-0.02,38.36,60148.2,-1
2024-07-15,2024-07-15 12:06:00,1594.92,1594.92,1594.66,1594.66,-0.02,38.36,60148.2,-1
2024-07-15,2024-07-15 12:07:00,1594.66,1594.66,1594.4,1594.4,-0.02,38.36,60148.2,-1
2024-07-15,2024-07-15 12:08:00,1594.4,1594.4,1594.15,1594.15,-0.02,38.36,60148.2,-1
2024-07-15,2024-07-15 12:09:00,1594.15,1594.15,1593.89,1593.89,-0.02,38.36,60148.2,-1
2024-07-15,2024-07-15 12:10:00,1593.89,1593.89,1593.63,1593.63,-0.02,38.36,60148.2,-1
2024-07-15,2024-07-15 12:11:00,1593.63,1593.63,1593.37,1593.37,-0.02,38.36,60148.2,-1
2024-07-15,2024-07-15 12:12:00,1593.37,1593.37,1593.11,1593.11,-0.02,38.36,60148.2,-1
2024-07-15,2024-07-15 12:13:00,1593.11,1593.11,1592.85,1592.85,-0.02,38.36,60148.2,-1
2024-07-15,2024-07-15 12:14:00,1592.85,1592.85,1592.59,1592.59,-0.02,38.36,60148.2,-1
2024-07-15,2024-07-15 12:15:00,1592.59,1592.59,1592.34,1592.34,-0.02,38.36,60148.2,-1
2024-07-15,2024-07-15 12:16:00,1592.34,1592.34,1592.08,1592.08,-0.02,38.36,60148.2,-1
2024-07-15,2024-07-15 12:17:00,1592.08,1592.08,1591.82,1591.82,-0.02,38.36,60148.2,-1
2024-07-15,2024-07-15 12:18:00,1591.82,1591.82,1591.56,1591.56,-0.02,38.36,60148.2,-1
2024-07-15,2024-07-15 12:19:00,1591.56,1591.56,1591.3,1591.3,-0.02,38.36,60148.2,-1
2024-07-15,2024-07-15 12:20:00,1591.3,1591.3,1591.04,1591.04,-0.02,38.36,60148.2,-1
2024-07-15,2024-07-15 12:21:00,1591.04,1591.04,1590.78,1590.78,-0.02,38.36,60148.2,-1
2024-07-15,2024-07-15 12:22:00,1590.78,1590.78,1590.52,1590.52,-0.02,38.36,60148.2,-1
2024-07-15,2024-07-15 12:23:00,1590.52,1590.52,1590.27,1590.27,-0.02,38.36,60148.2,-1
2024-07-15,2024-07-15 12:24:00,1590.27,1590.27,1590.01,1590.01,-0.02,38.36,60148.2,-1
2024-07-15,2024-07-15 12:25:00,1590.01,1590.01,1589.75,1589.75,-0.02,38.36,60148.2,-1
2024-07-15,2024-07-15 12:26:00,1589.75,1589.75,1589.49,1589.49,-0.02,38.36,60148.2,-1
2024-07-15,2024-07-15 12:27:00,1589.49,1589.49,1589.23,1589.23,-0.02,38.36,60148.2,-1
2024-07-15,2024-07-15 12:28:00,1589.23,1589.23,1588.97,1588.97,-0.02,38.36,60148.2,-1
2024-07-15,2024-07-15 12:29:00,1588.97,1588.97,1588.71,1588.71,-0.02,38.36,60148.2,-1
2024-07-15,2024-07-15 12:30:00,1588.71,1588.71,1588.45,1588.45,-0.02,38.36,60148.2,-1
2024-07-15,2024-07-15 12:31:00,1588.45,1588.45,1588.19,1588.19,-0.02,38.36,60148.2,-1
2024-07-15,2024-07-15 12:32:00,1588.19,1588.19,1587.94,1587.94,-0.02,38.36,60148.2,-1
2024-07-15,2024-07-15 12:33:00,1587.94,1587.94,1587.68,1587.68,-0.02,38.36,60148.2,-1
2024-07-15,2024-07-15 12:34:00,1587.68,1587.68,1587.42,1587.42,-0.02,38.36,60148.2,-1
2024-07-15,2024-07-15 12:35:00,1587.42,1587.42,1587.16,1587.16,-0.02,38.36,60148.2,-1
2024-07-15,2024-07-15 12:36:00,1587.16,1587.16,1586.9,1586.9,-0.02,38.36,60148.2,-1
2024-07-15,2024-07-15 12:37:00,1586.9,1586.9,1586.64,1586.64,-0.02,38.36,60148.2,-1
2024-07-15,2024-07-15 12:38:00,1586.64,1586.64,1586.38,1586.38,-0.02,38.36,60148.2,-1
2024-07-15,2024-07-15 12:39:00,1586.38,1586.38,1586.12,1586.12,-0.02,38.36,60148.2,-1
2024-07-15,2024-07-15 12:40:00,1586.12,1586.12,1585.87,1585.87,-0.02,38.36,60148.2,-1
2024-07-15,2024-07-15 12:41:00,1585.87,1585.87,1585.61,1585.61,-0.02,38.36,60148.2,-1
2024-07-15,2024-07-15 12:42:00,1585.61,1585.61,1585.35,1585.35,-0.02,38.36,60148.2,-1
2024-07-15,2024-07-15 12:43:00,1585.35,1585.35,1585.09,1585.09,-0.02,38.36,60148.2,-1
2024-07-15,2024-07-15 12:44:00,1585.09,1585.09,1584.83,1584.83,-0.02,38.36,60148.2,-1
2024-07-15,2024-07-15 12:45:00,1584.83,1584.83,1584.57,1584.57,-0.02,38.36,60148.2,-1
2024-07-15,2024-07-15 12:46:00,1584.57,1584.57,1584.31,1584.31,-0.02,38.36,60148.2,-1
2024-07-15,2024-07-15 12:47:00,1584.31,1584.31,1584.06,1584.06,-0.02,38.36,60148.2,-1
2024-07-15,2024-07-15 12:48:00,1584.06,1584.06,1583.8,1583.8,-0.02,38.36,60148.2,-1
2024-07-15,2024-07-15 12:49:00,1583.8,1583.8,1583.54,1583.54,-0.02,38.36,60148.2,-1
2024-07-15,2024-07-15 12:50:00,1583.54,1583.54,1583.28,1583.28,-0.02,38.36,60148.2,-1
2024-07-15,2024-07-15 12:51:00,1583.28,1583.28,1583.02,1583.02,-0.02,38.36,60148.2,-1
2024-07-15,2024-07-15 12:52:00,1583.02,1583.02,1582.76,1582.76,-0.02,38.36,60148.2,-1
2024-07-15,2024-07-15 12:53:00,1582.76,1582.76,1582.5,1582.5,-0.02,38.36,60148.2,-1
2024-07-15,2024-07-15 12:54:00,1582.5,1582.5,1582.24,1582.24,-0.02,38.36,60148.2,-1
2024-07-15,2024-07-15 12:55:00,1582.24,1582.24,1581.99,1581.99,-0.02,38.36,60148.2,-1
2024-07-15,2024-07-15 12:56:00,1581.99,1581.99,1581.73,1581.73,-0.02,38.36,60148.2,-1
2024-07-15,2024-07-15 12:57:00,1581.73,1581.73,1581.47,1581.47,-0.02,38.36,60148.2,-1
2024-07-15,2024-07-15 12:58:00,1581.47,1581.47,1581.21,1581.21,-0.02,38.36,60148.2,-1
2024-07-15,2024-07-15 12:59:00,1581.21,1581.21,1580.95,1580.95,-0.02,38.36,60148.2,-1
2024-07-15,2024-07-15 13:00:00,1580.95,1644.0,1530.0,1580.69,-0.02,38.36,60148.2,-1
2024-07-15,2024-07-15 13:01:00,1580.69,1580.69,1580.43,1580.43,-0.02,38.36,60148.2,-1
2024-07-15,2024-07-15 13:02:00,1580.43,1580.43,1580.17,1580.17,-0.02,38.36,60148.2,-1
2024-07-15,2024-07-15 13:03:00,1580.17,1580.17,1579.91,1579.91,-0.02,38.36,60148.2,-1
2024-07-15,2024-07-15 13:04:00,1579.91,1579.91,1579.66,1579.66,-0.02,38.36,60148.2,-1
2024-07-15,2024-07-15 13:05:00,1579.66,1579.66,1579.4,1579.4,-0.02,38.36,60148.2,-1
2024-07-15,2024-07-15 13:06:00,1579.4,1579.4,1579.14,1579.14,-0.02,38.36,60148.2,-1
2024-07-15,2024-07-15 13:07:00,1579.14,1579.14,1578.88,1578.88,-0.02,38.36,60148.2,-1
2024-07-15,2024-07-15 13:08:00,1578.88,1578.88,1578.62,1578.62,-0.02,38.36,60148.2,-1
2024-07-15,2024-07-15 13:09:00,1578.62,1578.62,1578.36,1578.36,-0.02,38.36,60148.2,-1
2024-07-15,2024-07-15 13:10:00,1578.36,1578.36,1578.1,1578.1,-0.02,38.36,60148.2,-1
2024-07-15,2024-07-15 13:11:00,1578.1,1578.1,1577.85,1577.85,-0.02,38.36,60148.2,-1
2024-07-15,2024-07-15 13:12:00,1577.85,1577.85,1577.59,1577.59,-0.02,38.36,60148.2,-1
2024-07-15,2024-07-15 13:13:00,1577.59,1577.59,1577.33,1577.33,-0.02,38.36,60148.2,-1
2024-07-15,2024-07-15 13:14:00,1577.33,1577.33,1577.07,1577.07,-0.02,38.36,60148.2,-1
2024-07-15,2024-07-15 13:15:00,1577.07,1577.07,1576.81,1576.81,-0.02,38.36,60148.2,-1
2024-07-15,2024-07-15 13:16:00,1576.81,1576.81,1576.55,1576.55,-0.02,38.36,60148.2,-1
2024-07-15,2024-07-15 13:17:00,1576.55,1576.55,1576.29,1576.29,-0.02,38.36,60148.2,-1
2024-07-15,2024-07-15 13:18:00,1576.29,1576.29,1576.03,1576.03,-0.02,38.36,60148.2,-1
2024-07-15,2024-07-15 13:19:00,1576.03,1576.03,1575.78,1575.78,-0.02,38.36,60148.2,-1
2024-07-15,2024-07-15 13:20:00,1575.78,1575.78,1575.52,1575.52,-0.02,38.36,60148.2,-1
2024-07-15,2024-07-15 13:21:00,1575.52,1575.52,1575.26,1575.26,-0.02,38.36,60148.2,-1
2024-07-15,2024-07-15 13:22:00,1575.26,1575.26,1575.0,1575.0,-0.02,38.36,60148.2,-1
2024-07-15,2024-07-15 13:23:00,1575.0,1575.0,1574.74,1574.74,-0.02,38.36,60148.2,-1
2024-07-15,2024-07-15 13:24:00,1574.74,1574.74,1574.48,1574.48,-0.02,38.36,60148.2,-1
2024-07-15,2024-07-15 13:25:00,1574.48,1574.48,1574.22,1574.22,-0.02,38.36,60148.2,-1
2024-07-15,2024-07-15 13:26:00,1574.22,1574.22,1573.96,1573.96,-0.02,38.36,60148.2,-1
2024-07-15,2024-07-15 13:27:00,1573.96,1573.96,1573.71,1573.71,-0.02,38.36,60148.2,-1
2024-07-15,2024-07-15 13:28:00,1573.71,1573.71,1573.45,1573.45,-0.02,38.36,60148.2,-1
2024-07-15,2024-07-15 13:29:00,1573.45,1573.45,1573.19,1573.19,-0.02,38.36,60148.2,-1
2024-07-15,2024-07-15 13:30:00,1573.19,1573.19,1572.93,1572.93,-0.02,38.36,60148.2,-1
2024-07-15,2024-07-15 13:31:00,1572.93,1572.93,1572.67,1572.67,-0.02,38.36,60148.2,-1
2024-07-15,2024-07-15 13:32:00,1572.67,1572.67,1572.41,1572.41,-0.02,38.36,60148.2,-1
2024-07-15,2024-07-15 13:33:00,1572.41,1572.41,1572.15,1572.15,-0.02,38.36,60148.2,-1
2024-07-15,2024-07-15 13:34:00,1572.15,1572.15,1571.89,1571.89,-0.02,38.36,60148.2,-1
2024-07-15,2024-07-15 13:35:00,1571.89,1571.89,1571.63,1571.63,-0.02,38.36,60148.2,-1
2024-07-15,2024-07-15 13:36:00,1571.63,1571.63,1571.38,1571.38,-0.02,38.36,60148.2,-1
2024-07-15,2024-07-15 13:37:00,1571.38,1571.38,1571.12,1571.12,-0.02,38.36,60148.2,-1
2024-07-15,2024-07-15 13:38:00,1571.12,1571.12,1570.86,1570.86,-0.02,38.36,60148.2,-1
2024-07-15,2024-07-15 13:39:00,1570.86,1570.86,1570.6,1570.6,-0.02,38.36,60148.2,-1
2024-07-15,2024-07-15 13:40:00,1570.6,1570.6,1570.34,1570.34,-0.02,38.36,60148.2,-1
2024-07-15,2024-07-15 13:41:00,1570.34,1570.34,1570.08,1570.08,-0.02,38.36,60148.2,-1
2024-07-15,2024-07-15 13:42:00,1570.08,1570.08,1569.82,1569.82,-0.02,38.36,60148.2,-1
2024-07-15,2024-07-15 13:43:00,1569.82,1569.82,1569.57,1569.57,-0.02,38.36,60148.2,-1
2024-07-15,2024-07-15 13:44:00,1569.57,1569.57,1569.31,1569.31,-0.02,38.36,60148.2,-1
2024-07-15,2024-07-15 13:45:00,1569.31,1569.31,1569.05,1569.05,-0.02,38.36,60148.2,-1
2024-07-15,2024-07-15 13:46:00,1569.05,1569.05,1568.79,1568.79,-0.02,38.36,60148.2,-1
2024-07-15,2024-07-15 13:47:00,1568.79,1568.79,1568.53,1568.53,-0.02,38.36,60148.2,-1
2024-07-15,2024-07-15 13:48:00,1568.53,1568.53,1568.27,1568.27,-0.02,38.36,60148.2,-1
2024-07-15,2024-07-15 13:49:00,1568.27,1568.27,1568.01,1568.01,-0.02,38.36,60148.2,-1
2024-07-15,2024-07-15 13:50:00,1568.01,1568.01,1567.75,1567.75,-0.02,38.36,60148.2,-1
2024-07-15,2024-07-15 13:51:00,1567.75,1567.75,1567.5,1567.5,-0.02,38.36,60148.2,-1
2024-07-15,2024-07-15 13:52:00,1567.5,1567.5,1567.24,1567.24,-0.02,38.36,60148.2,-1
2024-07-15,2024-07-15 13:53:00,1567.24,1567.24,1566.98,1566.98,-0.02,38.36,60148.2,-1
2024-07-15,2024-07-15 13:54:00,1566.98,1566.98,1566.72,1566.72,-0.02,38.36,60148.2,-1
2024-07-15,2024-07-15 13:55:00,1566.72,1566.72,1566.46,1566.46,-0.02,38.36,60148.2,-1
2024-07-15,2024-07-15 13:56:00,1566.46,1566.46,1566.2,1566.2,-0.02,38.36,60148.2,-1
2024-07-15,2024-07-15 13:57:00,1566.2,1566.2,1565.94,1565.94,-0.02,38.36,60148.2,-1
2024-07-15,2024-07-15 13:58:00,1565.94,1565.94,1565.68,1565.68,-0.02,38.36,60148.2,-1
2024-07-15,2024-07-15 13:59:00,1565.68,1565.68,1565.43,1565.43,-0.02,38.36,60148.2,-1
2024-07-15,2024-07-15 14:00:00,1565.43,1565.43,1565.17,1565.17,-0.02,38.36,60148.2,-1
2024-07-15,2024-07-15 14:01:00,1565.17,1565.17,1564.91,1564.91,-0.02,38.36,60148.2,-1
2024-07-15,2024-07-15 14:02:00,1564.91,1564.91,1564.65,1564.65,-0.02,38.36,60148.2,-1
2024-07-15,2024-07-15 14:03:00,1564.65,1564.65,1564.39,1564.39,-0.02,38.36,60148.2,-1
2024-07-15,2024-07-15 14:04:00,1564.39,1564.39,1564.13,1564.13,-0.02,38.36,60148.2,-1
2024-07-15,2024-07-15 14:05:00,1564.13,1564.13,1563.87,1563.87,-0.02,38.36,60148.2,-1
2024-07-15,2024-07-15 14:06:00,1563.87,1563.87,1563.61,1563.61,-0.02,38.36,60148.2,-1
2024-07-15,2024-07-15 14:07:00,1563.61,1563.61,1563.36,1563.36,-0.02,38.36,60148.2,-1
2024-07-15,2024-07-15 14:08:00,1563.36,1563.36,1563.1,1563.1,-0.02,38.36,60148.2,-1
2024-07-15,2024-07-15 14:09:00,1563.1,1563.1,1562.84,1562.84,-0.02,38.36,60148.2,-1
2024-07-15,2024-07-15 14:10:00,1562.84,1562.84,1562.58,1562.58,-0.02,38.36,60148.2,-1
2024-07-15,2024-07-15 14:11:00,1562.58,1562.58,1562.32,1562.32,-0.02,38.36,60148.2,-1
2024-07-15,2024-07-15 14:12:00,1562.32,1562.32,1562.06,1562.06,-0.02,38.36,60148.2,-1
2024-07-15,2024-07-15 14:13:00,1562.06,1562.06,1561.8,1561.8,-0.02,38.36,60148.2,-1
2024-07-15,2024-07-15 14:14:00,1561.8,1561.8,1561.54,1561.54,-0.02,38.36,60148.2,-1
2024-07-15,2024-07-15 14:15:00,1561.54,1561.54,1561.29,1561.29,-0.02,38.36,60148.2,-1
2024-07-15,2024-07-15 14:16:00,1561.29,1561.29,1561.03,1561.03,-0.02,38.36,60148.2,-1
2024-07-15,2024-07-15 14:17:00,1561.03,1561.03,1560.77,1560.77,-0.02,38.36,60148.2,-1
2024-07-15,2024-07-15 14:18:00,1560.77,1560.77,1560.51,1560.51,-0.02,38.36,60148.2,-1
2024-07-15,2024-07-15 14:19:00,1560.51,1560.51,1560.25,1560.25,-0.02,38.36,60148.2,-1
2024-07-15,2024-07-15 14:20:00,1560.25,1560.25,1559.99,1559.99,-0.02,38.36,60148.2,-1
2024-07-15,2024-07-15 14:21:00,1559.99,1559.99,1559.73,1559.73,-0.02,38.36,60148.2,-1
2024-07-15,2024-07-15 14:22:00,1559.73,1559.73,1559.47,1559.47,-0.02,38.36,60148.2,-1
2024-07-15,2024-07-15 14:23:00,1559.47,1559.47,1559.22,1559.22,-0.02,38.36,60148.2,-1
2024-07-15,2024-07-15 14:24:00,1559.22,1559.22,1558.96,1558.96,-0.02,38.36,60148.2,-1
2024-07-15,2024-07-15 14:25:00,1558.96,1558.96,1558.7,1558.7,-0.02,38.36,60148.2,-1
2024-07-15,2024-07-15 14:26:00,1558.7,1558.7,1558.44,1558.44,-0.02,38.36,60148.2,-1
2024-07-15,2024-07-15 14:27:00,1558.44,1558.44,1558.18,1558.18,-0.02,38.36,60148.2,-1
2024-07-15,2024-07-15 14:28:00,1558.18,1558.18,1557.92,1557.92,-0.02,38.36,60148.2,-1
2024-07-15,2024-07-15 14:29:00,1557.92,1557.92,1557.66,1557.66,-0.02,38.36,60148.2,-1
2024-07-15,2024-07-15 14:30:00,1557.66,1557.66,1557.4,1557.4,-0.02,38.36,60148.2,-1
2024-07-15,2024-07-15 14:31:00,1557.4,1557.4,1557.14,1557.14,-0.02,38.36,60148.2,-1
2024-07-15,2024-07-15 14:32:00,1557.14,1557.14,1556.89,1556.89,-0.02,38.36,60148.2,-1
2024-07-15,2024-07-15 14:33:00,1556.89,1556.89,1556.63,1556.63,-0.02,38.36,60148.2,-1
2024-07-15,2024-07-15 14:34:00,1556.63,1556.63,1556.37,1556.37,-0.02,38.36,60148.2,-1
2024-07-15,2024-07-15 14:35:00,1556.37,1556.37,1556.11,1556.11,-0.02,38.36,60148.2,-1
2024-07-15,2024-07-15 14:36:00,1556.11,1556.11,1555.85,1555.85,-0.02,38.36,60148.2,-1
2024-07-15,2024-07-15 14:37:00,1555.85,1555.85,1555.59,1555.59,-0.02,38.36,60148.2,-1
2024-07-15,2024-07-15 14:38:00,1555.59,1555.59,1555.33,1555.33,-0.02,38.36,60148.2,-1
2024-07-15,2024-07-15 14:39:00,1555.33,1555.33,1555.08,1555.08,-0.02,38.36,60148.2,-1
2024-07-15,2024-07-15 14:40:00,1555.08,1555.08,1554.82,1554.82,-0.02,38.36,60148.2,-1
2024-07-15,2024-07-15 14:41:00,1554.82,1554.82,1554.56,1554.56,-0.02,38.36,60148.2,-1
2024-07-15,2024-07-15 14:42:00,1554.56,1554.56,1554.3,1554.3,-0.02,38.36,60148.2,-1
2024-07-15,2024-07-15 14:43:00,1554.3,1554.3,1554.04,1554.04,-0.02,38.36,60148.2,-1
2024-07-15,2024-07-15 14:44:00,1554.04,1554.04,1553.78,1553.78,-0.02,38.36,60148.2,-1
2024-07-15,2024-07-15 14:45:00,1553.78,1553.78,1553.52,1553.52,-0.02,38.36,60148.2,-1
2024-07-15,2024-07-15 14:46:00,1553.52,1553.52,1553.26,1553.26,-0.02,38.36,60148.2,-1
2024-07-15,2024-07-15 14:47:00,1553.26,1553.26,1553.01,1553.01,-0.02,38.36,60148.2,-1
2024-07-15,2024-07-15 14:48:00,1553.01,1553.01,1552.75,1552.75,-0.02,38.36,60148.2,-1
2024-07-15,2024-07-15 14:49:00,1552.75,1552.75,1552.49,1552.49,-0.02,38.36,60148.2,-1
2024-07-15,2024-07-15 14:50:00,1552.49,1552.49,1552.23,1552.23,-0.02,38.36,60148.2,-1
2024-07-15,2024-07-15 14:51:00,1552.23,1552.23,1551.97,1551.97,-0.02,38.36,60148.2,-1
2024-07-15,2024-07-15 14:52:00,1551.97,1551.97,1551.71,1551.71,-0.02,38.36,60148.2,-1
2024-07-15,2024-07-15 14:53:00,1551.71,1551.71,1551.45,1551.45,-0.02,38.36,60148.2,-1
2024-07-15,2024-07-15 14:54:00,1551.45,1551.45,1551.19,1551.19,-0.02,38.36,60148.2,-1
2024-07-15,2024-07-15 14:55:00,1551.19,1551.19,1550.94,1550.94,-0.02,38.36,60148.2,-1
2024-07-15,2024-07-15 14:56:00,1550.94,1550.94,1550.68,1550.68,-0.02,38.36,60148.2,-1
2024-07-15,2024-07-15 14:57:00,1550.68,1550.68,1550.42,1550.42,-0.02,38.36,60148.2,-1
2024-07-15,2024-07-15 14:58:00,1550.42,1550.42,1550.16,1550.16,-0.02,38.36,60148.2,-1
2024-07-15,2024-07-15 14:59:00,1550.16,1550.16,1549.9,1549.9,-0.02,38.36,60148.2,-1
2024-07-15,2024-07-15 15:00:00,1549.9,1644.0,1530.0,1549.9,0.0,38.36,60148.2,0
2024-07-16,2024-07-16 11:00:00,1580.0,1586.0,1571.9,1580.04,0.0,23.63,37186.29,1
2024-07-16,2024-07-16 11:01:00,1580.04,1580.08,1580.04,1580.08,0.0,23.63,37186.29,1
2024-07-16,2024-07-16 11:02:00,1580.08,1580.12,1580.08,1580.12,0.0,23.63,37186.29,1
2024-07-16,2024-07-16 11:03:00,1580.12,1580.17,1580.12,1580.17,0.0,23.63,37186.29,1
2024-07-16,2024-07-16 11:04:00,1580.17,1580.21,1580.17,1580.21,0.0,23.63,37186.29,1
2024-07-16,2024-07-16 11:05:00,1580.21,1580.25,1580.21,1580.25,0.0,23.63,37186.29,1
2024-07-16,2024-07-16 11:06:00,1580.25,1580.29,1580.25,1580.29,0.0,23.63,37186.29,1
2024-07-16,2024-07-16 11:07:00,1580.29,1580.33,1580.29,1580.33,0.0,23.63,37186.29,1
2024-07-16,2024-07-16 11:08:00,1580.33,1580.38,1580.33,1580.38,0.0,23.63,37186.29,1
2024-07-16,2024-07-16 11:09:00,1580.38,1580.42,1580.38,1580.42,0.0,23.63,37186.29,1
2024-07-16,2024-07-16 11:10:00,1580.42,1580.46,1580.42,1580.46,0.0,23.63,37186.29,1
2024-07-16,2024-07-16 11:11:00,1580.46,1580.5,1580.46,1580.5,0.0,23.63,37186.29,1
2024-07-16,2024-07-16 11:12:00,1580.5,1580.54,1580.5,1580.54,0.0,23.63,37186.29,1
2024-07-16,2024-07-16 11:13:00,1580.54,1580.58,1580.54,1580.58,0.0,23.63,37186.29,1
2024-07-16,2024-07-16 11:14:00,1580.58,1580.62,1580.58,1580.62,0.0,23.63,37186.29,1
2024-07-16,2024-07-16 11:15:00,1580.62,1580.67,1580.62,1580.67,0.0,23.63,37186.29,1
2024-07-16,2024-07-16 11:16:00,1580.67,1580.71,1580.67,1580.71,0.0,23.63,37186.29,1
2024-07-16,2024-07-16 11:17:00,1580.71,1580.75,1580.71,1580.75,0.0,23.63,37186.29,1
2024-07-16,2024-07-16 11:18:00,1580.75,1580.79,1580.75,1580.79,0.0,23.63,37186.29,1
2024-07-16,2024-07-16 11:19:00,1580.79,1580.83,1580.79,1580.83,0.0,23.63,37186.29,1
2024-07-16,2024-07-16 11:20:00,1580.83,1580.88,1580.83,1580.88,0.0,23.63,37186.29,1
2024-07-16,2024-07-16 11:21:00,1580.88,1580.92,1580.88,1580.92,0.0,23.63,37186.29,1
2024-07-16,2024-07-16 11:22:00,1580.92,1580.96,1580.92,1580.96,0.0,23.63,37186.29,1
2024-07-16,2024-07-16 11:23:00,1580.96,1581.0,1580.96,1581.0,0.0,23.63,37186.29,1
2024-07-16,2024-07-16 11:24:00,1581.0,1581.04,1581.0,1581.04,0.0,23.63,37186.29,1
2024-07-16,2024-07-16 11:25:00,1581.04,1581.08,1581.04,1581.08,0.0,23.63,37186.29,1
2024-07-16,2024-07-16 11:26:00,1581.08,1581.12,1581.08,1581.12,0.0,23.63,37186.29,1
2024-07-16,2024-07-16 11:27:00,1581.12,1581.17,1581.12,1581.17,0.0,23.63,37186.29,1
2024-07-16,2024-07-16 11:28:00,1581.17,1581.21,1581.17,1581.21,0.0,23.63,37186.29,1
2024-07-16,2024-07-16 11:29:00,1581.21,1581.25,1581.21,1581.25,0.0,23.63,37186.29,1
2024-07-16,2024-07-16 11:30:00,1581.25,1581.29,1581.25,1581.29,0.0,23.63,37186.29,1
2024-07-16,2024-07-16 11:31:00,1581.29,1581.33,1581.29,1581.33,0.0,23.63,37186.29,1
2024-07-16,2024-07-16 11:32:00,1581.33,1581.38,1581.33,1581.38,0.0,23.63,37186.29,1
2024-07-16,2024-07-16 11:33:00,1581.38,1581.42,1581.38,1581.42,0.0,23.63,37186.29,1
2024-07-16,2024-07-16 11:34:00,1581.42,1581.46,1581.42,1581.46,0.0,23.63,37186.29,1
2024-07-16,2024-07-16 11:35:00,1581.46,1581.5,1581.46,1581.5,0.0,23.63,37186.29,1
2024-07-16,2024-07-16 11:36:00,1581.5,1581.54,1581.5,1581.54,0.0,23.63,37186.29,1
2024-07-16,2024-07-16 11:37:00,1581.54,1581.58,1581.54,1581.58,0.0,23.63,37186.29,1
2024-07-16,2024-07-16 11:38:00,1581.58,1581.62,1581.58,1581.62,0.0,23.63,37186.29,1
2024-07-16,2024-07-16 11:39:00,1581.62,1581.67,1581.62,1581.67,0.0,23.63,37186.29,1
2024-07-16,2024-07-16 11:40:00,1581.67,1581.71,1581.67,1581.71,0.0,23.63,37186.29,1
2024-07-16,2024-07-16 11:41:00,1581.71,1581.75,1581.71,1581.75,0.0,23.63,37186.29,1
2024-07-16,2024-07-16 11:42:00,1581.75,1581.79,1581.75,1581.79,0.0,23.63,37186.29,1
2024-07-16,2024-07-16 11:43:00,1581.79,1581.83,1581.79,1581.83,0.0,23.63,37186.29,1
2024-07-16,2024-07-16 11:44:00,1581.83,1581.88,1581.83,1581.88,0.0,23.63,37186.29,1
2024-07-16,2024-07-16 11:45:00,1581.88,1581.92,1581.88,1581.92,0.0,23.63,37186.29,1
2024-07-16,2024-07-16 11:46:00,1581.92,1581.96,1581.92,1581.96,0.0,23.63,37186.29,1
2024-07-16,2024-07-16 11:47:00,1581.96,1582.0,1581.96,1582.0,0.0,23.63,37186.29,1
2024-07-16,2024-07-16 11:48:00,1582.0,1582.04,1582.0,1582.04,0.0,23.63,37186.29,1
2024-07-16,2024-07-16 11:49:00,1582.04,1582.08,1582.04,1582.08,0.0,23.63,37186.29,1
2024-07-16,2024-07-16 11:50:00,1582.08,1582.12,1582.08,1582.12,0.0,23.63,37186.29,1
2024-07-16,2024-07-16 11:51:00,1582.12,1582.17,1582.12,1582.17,0.0,23.63,37186.29,1
2024-07-16,2024-07-16 11:52:00,1582.17,1582.21,1582.17,1582.21,0.0,23.63,37186.29,1
2024-07-16,2024-07-16 11:53:00,1582.21,1582.25,1582.21,1582.25,0.0,23.63,37186.29,1
2024-07-16,2024-07-16 11:54:00,1582.25,1582.29,1582.25,1582.29,0.0,23.63,37186.29,1
2024-07-16,2024-07-16 11:55:00,1582.29,1582.33,1582.29,1582.33,0.0,23.63,37186.29,1
2024-07-16,2024-07-16 11:56:00,1582.33,1582.38,1582.33,1582.38,0.0,23.63,37186.29,1
2024-07-16,2024-07-16 11:57:00,1582.38,1582.42,1582.38,1582.42,0.0,23.63,37186.29,1
2024-07-16,2024-07-16 11:58:00,1582.42,1582.46,1582.42,1582.46,0.0,23.63,37186.29,1
2024-07-16,2024-07-16 11:59:00,1582.46,1582.5,1582.46,1582.5,0.0,23.63,37186.29,1
2024-07-16,2024-07-16 12:00:00,1582.5,1582.54,1582.5,1582.54,0.0,23.63,37186.29,1
2024-07-16,2024-07-16 12:01:00,1582.54,1582.58,1582.54,1582.58,0.0,23.63,37186.29,1
2024-07-16,2024-07-16 12:02:00,1582.58,1582.62,1582.58,1582.62,0.0,23.63,37186.29,1
2024-07-16,2024-07-16 12:03:00,1582.62,1582.67,1582.62,1582.67,0.0,23.63,37186.29,1
2024-07-16,2024-07-16 12:04:00,1582.67,1582.71,1582.67,1582.71,0.0,23.63,37186.29,1
2024-07-16,2024-07-16 12:05:00,1582.71,1582.75,1582.71,1582.75,0.0,23.63,37186.29,1
2024-07-16,2024-07-16 12:06:00,1582.75,1582.79,1582.75,1582.79,0.0,23.63,37186.29,1
2024-07-16,2024-07-16 12:07:00,1582.79,1582.83,1582.79,1582.83,0.0,23.63,37186.29,1
2024-07-16,2024-07-16 12:08:00,1582.83,1582.88,1582.83,1582.88,0.0,23.63,37186.29,1
2024-07-16,2024-07-16 12:09:00,1582.88,1582.92,1582.88,1582.92,0.0,23.63,37186.29,1
2024-07-16,2024-07-16 12:10:00,1582.92,1582.96,1582.92,1582.96,0.0,23.63,37186.29,1
2024-07-16,2024-07-16 12:11:00,1582.96,1583.0,1582.96,1583.0,0.0,23.63,37186.29,1
2024-07-16,2024-07-16 12:12:00,1583.0,1583.04,1583.0,1583.04,0.0,23.63,37186.29,1
2024-07-16,2024-07-16 12:13:00,1583.04,1583.08,1583.04,1583.08,0.0,23.63,37186.29,1
2024-07-16,2024-07-16 12:14:00,1583.08,1583.12,1583.08,1583.12,0.0,23.63,37186.29,1
2024-07-16,2024-07-16 12:15:00,1583.12,1583.17,1583.12,1583.17,0.0,23.63,37186.29,1
2024-07-16,2024-07-16 12:16:00,1583.17,1583.21,1583.17,1583.21,0.0,23.63,37186.29,1
2024-07-16,2024-07-16 12:17:00,1583.21,1583.25,1583.21,1583.25,0.0,23.63,37186.29,1
2024-07-16,2024-07-16 12:18:00,1583.25,1583.29,1583.25,1583.29,0.0,23.63,37186.29,1
2024-07-16,2024-07-16 12:19:00,1583.29,1583.33,1583.29,1583.33,0.0,23.63,37186.29,1
2024-07-16,2024-07-16 12:20:00,1583.33,1583.38,1583.33,1583.38,0.0,23.63,37186.29,1
2024-07-16,2024-07-16 12:21:00,1583.38,1583.42,1583.38,1583.42,0.0,23.63,37186.29,1
2024-07-16,2024-07-16 12:22:00,1583.42,1583.46,1583.42,1583.46,0.0,23.63,37186.29,1
2024-07-16,2024-07-16 12:23:00,1583.46,1583.5,1583.46,1583.5,0.0,23.63,37186.29,1
2024-07-16,2024-07-16 12:24:00,1583.5,1583.54,1583.5,1583.54,0.0,23.63,37186.29,1
2024-07-16,2024-07-16 12:25:00,1583.54,1583.58,1583.54,1583.58,0.0,23.63,37186.29,1
2024-07-16,2024-07-16 12:26:00,1583.58,1583.62,1583.58,1583.62,0.0,23.63,37186.29,1
2024-07-16,2024-07-16 12:27:00,1583.62,1583.67,1583.62,1583.67,0.0,23.63,37186.29,1
2024-07-16,2024-07-16 12:28:00,1583.67,1583.71,1583.67,1583.71,0.0,23.63,37186.29,1
2024-07-16,2024-07-16 12:29:00,1583.71,1583.75,1583.71,1583.75,0.0,23.63,37186.29,1
2024-07-16,2024-07-16 12:30:00,1583.75,1583.79,1583.75,1583.79,0.0,23.63,37186.29,1
2024-07-16,2024-07-16 12:31:00,1583.79,1583.83,1583.79,1583.83,0.0,23.63,37186.29,1
2024-07-16,2024-07-16 12:32:00,1583.83,1583.88,1583.83,1583.88,0.0,23.63,37186.29,1
2024-07-16,2024-07-16 12:33:00,1583.88,1583.92,1583.88,1583.92,0.0,23.63,37186.29,1
2024-07-16,2024-07-16 12:34:00,1583.92,1583.96,1583.92,1583.96,0.0,23.63,37186.29,1
2024-07-16,2024-07-16 12:35:00,1583.96,1584.0,1583.96,1584.0,0.0,23.63,37186.29,1
2024-07-16,2024-07-16 12:36:00,1584.0,1584.04,1584.0,1584.04,0.0,23.63,37186.29,1
2024-07-16,2024-07-16 12:37:00,1584.04,1584.08,1584.04,1584.08,0.0,23.63,37186.29,1
2024-07-16,2024-07-16 12:38:00,1584.08,1584.12,1584.08,1584.12,0.0,23.63,37186.29,1
2024-07-16,2024-07-16 12:39:00,1584.12,1584.17,1584.12,1584.17,0.0,23.63,37186.29,1
2024-07-16,2024-07-16 12:40:00,1584.17,1584.21,1584.17,1584.21,0.0,23.63,37186.29,1
2024-07-16,2024-07-16 12:41:00,1584.21,1584.25,1584.21,1584.25,0.0,23.63,37186.29,1
2024-07-16,2024-07-16 12:42:00,1584.25,1584.29,1584.25,1584.29,0.0,23.63,37186.29,1
2024-07-16,2024-07-16 12:43:00,1584.29,1584.33,1584.29,1584.33,0.0,23.63,37186.29,1
2024-07-16,2024-07-16 12:44:00,1584.33,1584.38,1584.33,1584.38,0.0,23.63,37186.29,1
2024-07-16,2024-07-16 12:45:00,1584.38,1584.42,1584.38,1584.42,0.0,23.63,37186.29,1
2024-07-16,2024-07-16 12:46:00,1584.42,1584.46,1584.42,1584.46,0.0,23.63,37186.29,1
2024-07-16,2024-07-16 12:47:00,1584.46,1584.5,1584.46,1584.5,0.0,23.63,37186.29,1
2024-07-16,2024-07-16 12:48:00,1584.5,1584.54,1584.5,1584.54,0.0,23.63,37186.29,1
2024-07-16,2024-07-16 12:49:00,1584.54,1584.58,1584.54,1584.58,0.0,23.63,37186.29,1
2024-07-16,2024-07-16 12:50:00,1584.58,1584.62,1584.58,1584.62,0.0,23.63,37186.29,1
2024-07-16,2024-07-16 12:51:00,1584.62,1584.67,1584.62,1584.67,0.0,23.63,37186.29,1
2024-07-16,2024-07-16 12:52:00,1584.67,1584.71,1584.67,1584.71,0.0,23.63,37186.29,1
2024-07-16,2024-07-16 12:53:00,1584.71,1584.75,1584.71,1584.75,0.0,23.63,37186.29,1
2024-07-16,2024-07-16 12:54:00,1584.75,1584.79,1584.75,1584.79,0.0,23.63,37186.29,1
2024-07-16,2024-07-16 12:55:00,1584.79,1584.83,1584.79,1584.83,0.0,23.63,37186.29,1
2024-07-16,2024-07-16 12:56:00,1584.83,1584.88,1584.83,1584.88,0.0,23.63,37186.29,1
2024-07-16,2024-07-16 12:57:00,1584.88,1584.92,1584.88,1584.92,0.0,23.63,37186.29,1
2024-07-16,2024-07-16 12:58:00,1584.92,1584.96,1584.92,1584.96,0.0,23.63,37186.29,1
2024-07-16,2024-07-16 12:59:00,1584.96,1585.0,1584.96,1585.0,0.0,23.63,37186.29,1
2024-07-16,2024-07-16 13:00:00,1585.0,1600.0,1553.0,1585.04,0.0,23.63,37186.29,1
2024-07-16,2024-07-16 13:01:00,1585.04,1585.08,1585.04,1585.08,0.0,23.63,37186.29,1
2024-07-16,2024-07-16 13:02:00,1585.08,1585.12,1585.08,1585.12,0.0,23.63,37186.29,1
2024-07-16,2024-07-16 13:03:00,1585.12,1585.17,1585.12,1585.17,0.0,23.63,37186.29,1
2024-07-16,2024-07-16 13:04:00,1585.17,1585.21,1585.17,1585.21,0.0,23.63,37186.29,1
2024-07-16,2024-07-16 13:05:00,1585.21,1585.25,1585.21,1585.25,0.0,23.63,37186.29,1
2024-07-16,2024-07-16 13:06:00,1585.25,1585.29,1585.25,1585.29,0.0,23.63,37186.29,1
2024-07-16,2024-07-16 13:07:00,1585.29,1585.33,1585.29,1585.33,0.0,23.63,37186.29,1
2024-07-16,2024-07-16 13:08:00,1585.33,1585.38,1585.33,1585.38,0.0,23.63,37186.29,1
2024-07-16,2024-07-16 13:09:00,1585.38,1585.42,1585.38,1585.42,0.0,23.63,37186.29,1
2024-07-16,2024-07-16 13:10:00,1585.42,1585.46,1585.42,1585.46,0.0,23.63,37186.29,1
2024-07-16,2024-07-16 13:11:00,1585.46,1585.5,1585.46,1585.5,0.0,23.63,37186.29,1
2024-07-16,2024-07-16 13:12:00,1585.5,1585.54,1585.5,1585.54,0.0,23.63,37186.29,1
2024-07-16,2024-07-16 13:13:00,1585.54,1585.58,1585.54,1585.58,0.0,23.63,37186.29,1
2024-07-16,2024-07-16 13:14:00,1585.58,1585.62,1585.58,1585.62,0.0,23.63,37186.29,1
2024-07-16,2024-07-16 13:15:00,1585.62,1585.67,1585.62,1585.67,0.0,23.63,37186.29,1
2024-07-16,2024-07-16 13:16:00,1585.67,1585.71,1585.67,1585.71,0.0,23.63,37186.29,1
2024-07-16,2024-07-16 13:17:00,1585.71,1585.75,1585.71,1585.75,0.0,23.63,37186.29,1
2024-07-16,2024-07-16 13:18:00,1585.75,1585.79,1585.75,1585.79,0.0,23.63,37186.29,1
2024-07-16,2024-07-16 13:19:00,1585.79,1585.83,1585.79,1585.83,0.0,23.63,37186.29,1
2024-07-16,2024-07-16 13:20:00,1585.83,1585.88,1585.83,1585.88,0.0,23.63,37186.29,1
2024-07-16,2024-07-16 13:21:00,1585.88,1585.92,1585.88,1585.92,0.0,23.63,37186.29,1
2024-07-16,2024-07-16 13:22:00,1585.92,1585.96,1585.92,1585.96,0.0,23.63,37186.29,1
2024-07-16,2024-07-16 13:23:00,1585.96,1586.0,1585.96,1586.0,0.0,23.63,37186.29,1
2024-07-16,2024-07-16 13:24:00,1586.0,1586.04,1586.0,1586.04,0.0,23.63,37186.29,1
2024-07-16,2024-07-16 13:25:00,1586.04,1586.08,1586.04,1586.08,0.0,23.63,37186.29,1
2024-07-16,2024-07-16 13:26:00,1586.08,1586.12,1586.08,1586.12,0.0,23.63,37186.29,1
2024-07-16,2024-07-16 13:27:00,1586.12,1586.17,1586.12,1586.17,0.0,23.63,37186.29,1
2024-07-16,2024-07-16 13:28:00,1586.17,1586.21,1586.17,1586.21,0.0,23.63,37186.29,1
2024-07-16,2024-07-16 13:29:00,1586.21,1586.25,1586.21,1586.25,0.0,23.63,37186.29,1
2024-07-16,2024-07-16 13:30:00,1586.25,1586.29,1586.25,1586.29,0.0,23.63,37186.29,1
2024-07-16,2024-07-16 13:31:00,1586.29,1586.33,1586.29,1586.33,0.0,23.63,37186.29,1
2024-07-16,2024-07-16 13:32:00,1586.33,1586.38,1586.33,1586.38,0.0,23.63,37186.29,1
2024-07-16,2024-07-16 13:33:00,1586.38,1586.42,1586.38,1586.42,0.0,23.63,37186.29,1
2024-07-16,2024-07-16 13:34:00,1586.42,1586.46,1586.42,1586.46,0.0,23.63,37186.29,1
2024-07-16,2024-07-16 13:35:00,1586.46,1586.5,1586.46,1586.5,0.0,23.63,37186.29,1
2024-07-16,2024-07-16 13:36:00,1586.5,1586.54,1586.5,1586.54,0.0,23.63,37186.29,1
2024-07-16,2024-07-16 13:37:00,1586.54,1586.58,1586.54,1586.58,0.0,23.63,37186.29,1
2024-07-16,2024-07-16 13:38:00,1586.58,1586.62,1586.58,1586.62,0.0,23.63,37186.29,1
2024-07-16,2024-07-16 13:39:00,1586.62,1586.67,1586.62,1586.67,0.0,23.63,37186.29,1
2024-07-16,2024-07-16 13:40:00,1586.67,1586.71,1586.67,1586.71,0.0,23.63,37186.29,1
2024-07-16,2024-07-16 13:41:00,1586.71,1586.75,1586.71,1586.75,0.0,23.63,37186.29,1
2024-07-16,2024-07-16 13:42:00,1586.75,1586.79,1586.75,1586.79,0.0,23.63,37186.29,1
2024-07-16,2024-07-16 13:43:00,1586.79,1586.83,1586.79,1586.83,0.0,23.63,37186.29,1
2024-07-16,2024-07-16 13:44:00,1586.83,1586.88,1586.83,1586.88,0.0,23.63,37186.29,1
2024-07-16,2024-07-16 13:45:00,1586.88,1586.92,1586.88,1586.92,0.0,23.63,37186.29,1
2024-07-16,2024-07-16 13:46:00,1586.92,1586.96,1586.92,1586.96,0.0,23.63,37186.29,1
2024-07-16,2024-07-16 13:47:00,1586.96,1587.0,1586.96,1587.0,0.0,23.63,37186.29,1
2024-07-16,2024-07-16 13:48:00,1587.0,1587.04,1587.0,1587.04,0.0,23.63,37186.29,1
2024-07-16,2024-07-16 13:49:00,1587.04,1587.08,1587.04,1587.08,0.0,23.63,37186.29,1
2024-07-16,2024-07-16 13:50:00,1587.08,1587.12,1587.08,1587.12,0.0,23.63,37186.29,1
2024-07-16,2024-07-16 13:51:00,1587.12,1587.17,1587.12,1587.17,0.0,23.63,37186.29,1
2024-07-16,2024-07-16 13:52:00,1587.17,1587.21,1587.17,1587.21,0.0,23.63,37186.29,1
2024-07-16,2024-07-16 13:53:00,1587.21,1587.25,1587.21,1587.25,0.0,23.63,37186.29,1
2024-07-16,2024-07-16 13:54:00,1587.25,1587.29,1587.25,1587.29,0.0,23.63,37186.29,1
2024-07-16,2024-07-16 13:55:00,1587.29,1587.33,1587.29,1587.33,0.0,23.63,37186.29,1
2024-07-16,2024-07-16 13:56:00,1587.33,1587.38,1587.33,1587.38,0.0,23.63,37186.29,1
2024-07-16,2024-07-16 13:57:00,1587.38,1587.42,1587.38,1587.42,0.0,23.63,37186.29,1
2024-07-16,2024-07-16 13:58:00,1587.42,1587.46,1587.42,1587.46,0.0,23.63,37186.29,1
2024-07-16,2024-07-16 13:59:00,1587.46,1587.5,1587.46,1587.5,0.0,23.63,37186.29,1
2024-07-16,2024-07-16 14:00:00,1587.5,1587.54,1587.5,1587.54,0.0,23.63,37186.29,1
2024-07-16,2024-07-16 14:01:00,1587.54,1587.58,1587.54,1587.58,0.0,23.63,37186.29,1
2024-07-16,2024-07-16 14:02:00,1587.58,1587.62,1587.58,1587.62,0.0,23.63,37186.29,1
2024-07-16,2024-07-16 14:03:00,1587.62,1587.67,1587.62,1587.67,0.0,23.63,37186.29,1
2024-07-16,2024-07-16 14:04:00,1587.67,1587.71,1587.67,1587.71,0.0,23.63,37186.29,1
2024-07-16,2024-07-16 14:05:00,1587.71,1587.75,1587.71,1587.75,0.0,23.63,37186.29,1
2024-07-16,2024-07-16 14:06:00,1587.75,1587.79,1587.75,1587.79,0.0,23.63,37186.29,1
2024-07-16,2024-07-16 14:07:00,1587.79,1587.83,1587.79,1587.83,0.0,23.63,37186.29,1
2024-07-16,2024-07-16 14:08:00,1587.83,1587.88,1587.83,1587.88,0.0,23.63,37186.29,1
2024-07-16,2024-07-16 14:09:00,1587.88,1587.92,1587.88,1587.92,0.0,23.63,37186.29,1
2024-07-16,2024-07-16 14:10:00,1587.92,1587.96,1587.92,1587.96,0.0,23.63,37186.29,1
2024-07-16,2024-07-16 14:11:00,1587.96,1588.0,1587.96,1588.0,0.0,23.63,37186.29,1
2024-07-16,2024-07-16 14:12:00,1588.0,1588.04,1588.0,1588.04,0.0,23.63,37186.29,1
2024-07-16,2024-07-16 14:13:00,1588.04,1588.08,1588.04,1588.08,0.0,23.63,37186.29,1
2024-07-16,2024-07-16 14:14:00,1588.08,1588.12,1588.08,1588.12,0.0,23.63,37186.29,1
2024-07-16,2024-07-16 14:15:00,1588.12,1588.17,1588.12,1588.17,0.0,23.63,37186.29,1
2024-07-16,2024-07-16 14:16:00,1588.17,1588.21,1588.17,1588.21,0.0,23.63,37186.29,1
2024-07-16,2024-07-16 14:17:00,1588.21,1588.25,1588.21,1588.25,0.0,23.63,37186.29,1
2024-07-16,2024-07-16 14:18:00,1588.25,1588.29,1588.25,1588.29,0.0,23.63,37186.29,1
2024-07-16,2024-07-16 14:19:00,1588.29,1588.33,1588.29,1588.33,0.0,23.63,37186.29,1
2024-07-16,2024-07-16 14:20:00,1588.33,1588.38,1588.33,1588.38,0.0,23.63,37186.29,1
2024-07-16,2024-07-16 14:21:00,1588.38,1588.42,1588.38,1588.42,0.0,23.63,37186.29,1
2024-07-16,2024-07-16 14:22:00,1588.42,1588.46,1588.42,1588.46,0.0,23.63,37186.29,1
2024-07-16,2024-07-16 14:23:00,1588.46,1588.5,1588.46,1588.5,0.0,23.63,37186.29,1
2024-07-16,2024-07-16 14:24:00,1588.5,1588.54,1588.5,1588.54,0.0,23.63,37186.29,1
2024-07-16,2024-07-16 14:25:00,1588.54,1588.58,1588.54,1588.58,0.0,23.63,37186.29,1
2024-07-16,2024-07-16 14:26:00,1588.58,1588.62,1588.58,1588.62,0.0,23.63,37186.29,1
2024-07-16,2024-07-16 14:27:00,1588.62,1588.67,1588.62,1588.67,0.0,23.63,37186.29,1
2024-07-16,2024-07-16 14:28:00,1588.67,1588.71,1588.67,1588.71,0.0,23.63,37186.29,1
2024-07-16,2024-07-16 14:29:00,1588.71,1588.75,1588.71,1588.75,0.0,23.63,37186.29,1
2024-07-16,2024-07-16 14:30:00,1588.75,1588.79,1588.75,1588.79,0.0,23.63,37186.29,1
2024-07-16,2024-07-16 14:31:00,1588.79,1588.83,1588.79,1588.83,0.0,23.63,37186.29,1
2024-07-16,2024-07-16 14:32:00,1588.83,1588.88,1588.83,1588.88,0.0,23.63,37186.29,1
2024-07-16,2024-07-16 14:33:00,1588.88,1588.92,1588.88,1588.92,0.0,23.63,37186.29,1
2024-07-16,2024-07-16 14:34:00,1588.92,1588.96,1588.92,1588.96,0.0,23.63,37186.29,1
2024-07-16,2024-07-16 14:35:00,1588.96,1589.0,1588.96,1589.0,0.0,23.63,37186.29,1
2024-07-16,2024-07-16 14:36:00,1589.0,1589.04,1589.0,1589.04,0.0,23.63,37186.29,1
2024-07-16,2024-07-16 14:37:00,1589.04,1589.08,1589.04,1589.08,0.0,23.63,37186.29,1
2024-07-16,2024-07-16 14:38:00,1589.08,1589.12,1589.08,1589.12,0.0,23.63,37186.29,1
2024-07-16,2024-07-16 14:39:00,1589.12,1589.17,1589.12,1589.17,0.0,23.63,37186.29,1
2024-07-16,2024-07-16 14:40:00,1589.17,1589.21,1589.17,1589.21,0.0,23.63,37186.29,1
2024-07-16,2024-07-16 14:41:00,1589.21,1589.25,1589.21,1589.25,0.0,23.63,37186.29,1
2024-07-16,2024-07-16 14:42:00,1589.25,1589.29,1589.25,1589.29,0.0,23.63,37186.29,1
2024-07-16,2024-07-16 14:43:00,1589.29,1589.33,1589.29,1589.33,0.0,23.63,37186.29,1
2024-07-16,2024-07-16 14:44:00,1589.33,1589.38,1589.33,1589.38,0.0,23.63,37186.29,1
2024-07-16,2024-07-16 14:45:00,1589.38,1589.42,1589.38,1589.42,0.0,23.63,37186.29,1
2024-07-16,2024-07-16 14:46:00,1589.42,1589.46,1589.42,1589.46,0.0,23.63,37186.29,1
2024-07-16,2024-07-16 14:47:00,1589.46,1589.5,1589.46,1589.5,0.0,23.63,37186.29,1
2024-07-16,2024-07-16 14:48:00,1589.5,1589.54,1589.5,1589.54,0.0,23.63,37186.29,1
2024-07-16,2024-07-16 14:49:00,1589.54,1589.58,1589.54,1589.58,0.0,23.63,37186.29,1
2024-07-16,2024-07-16 14:50:00,1589.58,1589.62,1589.58,1589.62,0.0,23.63,37186.29,1
2024-07-16,2024-07-16 14:51:00,1589.62,1589.67,1589.62,1589.67,0.0,23.63,37186.29,1
2024-07-16,2024-07-16 14:52:00,1589.67,1589.71,1589.67,1589.71,0.0,23.63,37186.29,1
2024-07-16,2024-07-16 14:53:00,1589.71,1589.75,1589.71,1589.75,0.0,23.63,37186.29,1
2024-07-16,2024-07-16 14:54:00,1589.75,1589.79,1589.75,1589.79,0.0,23.63,37186.29,1
2024-07-16,2024-07-16 14:55:00,1589.79,1589.83,1589.79,1589.83,0.0,23.63,37186.29,1
2024-07-16,2024-07-16 14:56:00,1589.83,1589.88,1589.83,1589.88,0.0,23.63,37186.29,1
2024-07-16,2024-07-16 14:57:00,1589.88,1589.92,1589.88,1589.92,0.0,23.63,37186.29,1
2024-07-16,2024-07-16 14:58:00,1589.92,1589.96,1589.92,1589.96,0.0,23.63,37186.29,1
2024-07-16,2024-07-16 14:59:00,1589.96,1590.0,1589.96,1590.0,0.0,23.63,37186.29,1
2024-07-16,2024-07-16 15:00:00,1590.0,1600.0,1553.0,1590.0,0.0,23.63,37186.29,0
2024-07-17,2024-07-17 11:00:00,1595.0,1596.5,1589.0,1595.02,0.0,15.33,24400.08,1
2024-07-17,2024-07-17 11:01:00,1595.02,1595.04,1595.02,1595.04,0.0,15.33,24400.08,1
2024-07-17,2024-07-17 11:02:00,1595.04,1595.06,1595.04,1595.06,0.0,15.33,24400.08,1
2024-07-17,2024-07-17 11:03:00,1595.06,1595.08,1595.06,1595.08,0.0,15.33,24400.08,1
2024-07-17,2024-07-17 11:04:00,1595.08,1595.1,1595.08,1595.1,0.0,15.33,24400.08,1
2024-07-17,2024-07-17 11:05:00,1595.1,1595.12,1595.1,1595.12,0.0,15.33,24400.08,1
2024-07-17,2024-07-17 11:06:00,1595.12,1595.15,1595.12,1595.15,0.0,15.33,24400.08,1
2024-07-17,2024-07-17 11:07:00,1595.15,1595.17,1595.15,1595.17,0.0,15.33,24400.08,1
2024-07-17,2024-07-17 11:08:00,1595.17,1595.19,1595.17,1595.19,0.0,15.33,24400.08,1
2024-07-17,2024-07-17 11:09:00,1595.19,1595.21,1595.19,1595.21,0.0,15.33,24400.08,1
2024-07-17,2024-07-17 11:10:00,1595.21,1595.23,1595.21,1595.23,0.0,15.33,24400.08,1
2024-07-17,2024-07-17 11:11:00,1595.23,1595.25,1595.23,1595.25,0.0,15.33,24400.08,1
2024-07-17,2024-07-17 11:12:00,1595.25,1595.27,1595.25,1595.27,0.0,15.33,24400.08,1
2024-07-17,2024-07-17 11:13:00,1595.27,1595.29,1595.27,1595.29,0.0,15.33,24400.08,1
2024-07-17,2024-07-17 11:14:00,1595.29,1595.31,1595.29,1595.31,0.0,15.33,24400.08,1
2024-07-17,2024-07-17 11:15:00,1595.31,1595.33,1595.31,1595.33,0.0,15.33,24400.08,1
2024-07-17,2024-07-17 11:16:00,1595.33,1595.35,1595.33,1595.35,0.0,15.33,24400.08,1
2024-07-17,2024-07-17 11:17:00,1595.35,1595.38,1595.35,1595.38,0.0,15.33,24400.08,1
2024-07-17,2024-07-17 11:18:00,1595.38,1595.4,1595.38,1595.4,0.0,15.33,24400.08,1
2024-07-17,2024-07-17 11:19:00,1595.4,1595.42,1595.4,1595.42,0.0,15.33,24400.08,1
2024-07-17,2024-07-17 11:20:00,1595.42,1595.44,1595.42,1595.44,0.0,15.33,24400.08,1
2024-07-17,2024-07-17 11:21:00,1595.44,1595.46,1595.44,1595.46,0.0,15.33,24400.08,1
2024-07-17,2024-07-17 11:22:00,1595.46,1595.48,1595.46,1595.48,0.0,15.33,24400.08,1
2024-07-17,2024-07-17 11:23:00,1595.48,1595.5,1595.48,1595.5,0.0,15.33,24400.08,1
2024-07-17,2024-07-17 11:24:00,1595.5,1595.52,1595.5,1595.52,0.0,15.33,24400.08,1
2024-07-17,2024-07-17 11:25:00,1595.52,1595.54,1595.52,1595.54,0.0,15.33,24400.08,1
2024-07-17,2024-07-17 11:26:00,1595.54,1595.56,1595.54,1595.56,0.0,15.33,24400.08,1
2024-07-17,2024-07-17 11:27:00,1595.56,1595.58,1595.56,1595.58,0.0,15.33,24400.08,1
2024-07-17,2024-07-17 11:28:00,1595.58,1595.6,1595.58,1595.6,0.0,15.33,24400.08,1
2024-07-17,2024-07-17 11:29:00,1595.6,1595.62,1595.6,1595.62,0.0,15.33,24400.08,1
2024-07-17,2024-07-17 11:30:00,1595.62,1595.65,1595.62,1595.65,0.0,15.33,24400.08,1
2024-07-17,2024-07-17 11:31:00,1595.65,1595.67,1595.65,1595.67,0.0,15.33,24400.08,1
2024-07-17,2024-07-17 11:32:00,1595.67,1595.69,1595.67,1595.69,0.0,15.33,24400.08,1
2024-07-17,2024-07-17 11:33:00,1595.69,1595.71,1595.69,1595.71,0.0,15.33,24400.08,1
2024-07-17,2024-07-17 11:34:00,1595.71,1595.73,1595.71,1595.73,0.0,15.33,24400.08,1
2024-07-17,2024-07-17 11:35:00,1595.73,1595.75,1595.73,1595.75,0.0,15.33,24400.08,1
2024-07-17,2024-07-17 11:36:00,1595.75,1595.77,1595.75,1595.77,0.0,15.33,24400.08,1
2024-07-17,2024-07-17 11:37:00,1595.77,1595.79,1595.77,1595.79,0.0,15.33,24400.08,1
2024-07-17,2024-07-17 11:38:00,1595.79,1595.81,1595.79,1595.81,0.0,15.33,24400.08,1
2024-07-17,2024-07-17 11:39:00,1595.81,1595.83,1595.81,1595.83,0.0,15.33,24400.08,1
2024-07-17,2024-07-17 11:40:00,1595.83,1595.85,1595.83,1595.85,0.0,15.33,24400.08,1
2024-07-17,2024-07-17 11:41:00,1595.85,1595.88,1595.85,1595.88,0.0,15.33,24400.08,1
2024-07-17,2024-07-17 11:42:00,1595.88,1595.9,1595.88,1595.9,0.0,15.33,24400.08,1
2024-07-17,2024-07-17 11:43:00,1595.9,1595.92,1595.9,1595.92,0.0,15.33,24400.08,1
2024-07-17,2024-07-17 11:44:00,1595.92,1595.94,1595.92,1595.94,0.0,15.33,24400.08,1
2024-07-17,2024-07-17 11:45:00,1595.94,1595.96,1595.94,1595.96,0.0,15.33,24400.08,1
2024-07-17,2024-07-17 11:46:00,1595.96,1595.98,1595.96,1595.98,0.0,15.33,24400.08,1
2024-07-17,2024-07-17 11:47:00,1595.98,1596.0,1595.98,1596.0,0.0,15.33,24400.08,1
2024-07-17,2024-07-17 11:48:00,1596.0,1596.02,1596.0,1596.02,0.0,15.33,24400.08,1
2024-07-17,2024-07-17 11:49:00,1596.02,1596.04,1596.02,1596.04,0.0,15.33,24400.08,1
2024-07-17,2024-07-17 11:50:00,1596.04,1596.06,1596.04,1596.06,0.0,15.33,24400.08,1
2024-07-17,2024-07-17 11:51:00,1596.06,1596.08,1596.06,1596.08,0.0,15.33,24400.08,1
2024-07-17,2024-07-17 11:52:00,1596.08,1596.1,1596.08,1596.1,0.0,15.33,24400.08,1
2024-07-17,2024-07-17 11:53:00,1596.1,1596.12,1596.1,1596.12,0.0,15.33,24400.08,1
2024-07-17,2024-07-17 11:54:00,1596.12,1596.15,1596.12,1596.15,0.0,15.33,24400.08,1
2024-07-17,2024-07-17 11:55:00,1596.15,1596.17,1596.15,1596.17,0.0,15.33,24400.08,1
2024-07-17,2024-07-17 11:56:00,1596.17,1596.19,1596.17,1596.19,0.0,15.33,24400.08,1
2024-07-17,2024-07-17 11:57:00,1596.19,1596.21,1596.19,1596.21,0.0,15.33,24400.08,1
2024-07-17,2024-07-17 11:58:00,1596.21,1596.23,1596.21,1596.23,0.0,15.33,24400.08,1
2024-07-17,2024-07-17 11:59:00,1596.23,1596.25,1596.23,1596.25,0.0,15.33,24400.08,1
2024-07-17,2024-07-17 12:00:00,1596.25,1596.27,1596.25,1596.27,0.0,15.33,24400.08,1
2024-07-17,2024-07-17 12:01:00,1596.27,1596.29,1596.27,1596.29,0.0,15.33,24400.08,1
2024-07-17,2024-07-17 12:02:00,1596.29,1596.31,1596.29,1596.31,0.0,15.33,24400.08,1
2024-07-17,2024-07-17 12:03:00,1596.31,1596.33,1596.31,1596.33,0.0,15.33,24400.08,1
2024-07-17,2024-07-17 12:04:00,1596.33,1596.35,1596.33,1596.35,0.0,15.33,24400.08,1
2024-07-17,2024-07-17 12:05:00,1596.35,1596.38,1596.35,1596.38,0.0,15.33,24400.08,1
2024-07-17,2024-07-17 12:06:00,1596.38,1596.4,1596.38,1596.4,0.0,15.33,24400.08,1
2024-07-17,2024-07-17 12:07:00,1596.4,1596.42,1596.4,1596.42,0.0,15.33,24400.08,1
2024-07-17,2024-07-17 12:08:00,1596.42,1596.44,1596.42,1596.44,0.0,15.33,24400.08,1
2024-07-17,2024-07-17 12:09:00,1596.44,1596.46,1596.44,1596.46,0.0,15.33,24400.08,1
2024-07-17,2024-07-17 12:10:00,1596.46,1596.48,1596.46,1596.48,0.0,15.33,24400.08,1
2024-07-17,2024-07-17 12:11:00,1596.48,1596.5,1596.48,1596.5,0.0,15.33,24400.08,1
2024-07-17,2024-07-17 12:12:00,1596.5,1596.52,1596.5,1596.52,0.0,15.33,24400.08,1
2024-07-17,2024-07-17 12:13:00,1596.52,1596.54,1596.52,1596.54,0.0,15.33,24400.08,1
2024-07-17,2024-07-17 12:14:00,1596.54,1596.56,1596.54,1596.56,0.0,15.33,24400.08,1
2024-07-17,2024-07-17 12:15:00,1596.56,1596.58,1596.56,1596.58,0.0,15.33,24400.08,1
2024-07-17,2024-07-17 12:16:00,1596.58,1596.6,1596.58,1596.6,0.0,15.33,24400.08,1
2024-07-17,2024-07-17 12:17:00,1596.6,1596.62,1596.6,1596.62,0.0,15.33,24400.08,1
2024-07-17,2024-07-17 12:18:00,1596.62,1596.65,1596.62,1596.65,0.0,15.33,24400.08,1
2024-07-17,2024-07-17 12:19:00,1596.65,1596.67,1596.65,1596.67,0.0,15.33,24400.08,1
2024-07-17,2024-07-17 12:20:00,1596.67,1596.69,1596.67,1596.69,0.0,15.33,24400.08,1
2024-07-17,2024-07-17 12:21:00,1596.69,1596.71,1596.69,1596.71,0.0,15.33,24400.08,1
2024-07-17,2024-07-17 12:22:00,1596.71,1596.73,1596.71,1596.73,0.0,15.33,24400.08,1
2024-07-17,2024-07-17 12:23:00,1596.73,1596.75,1596.73,1596.75,0.0,15.33,24400.08,1
2024-07-17,2024-07-17 12:24:00,1596.75,1596.77,1596.75,1596.77,0.0,15.33,24400.08,1
2024-07-17,2024-07-17 12:25:00,1596.77,1596.79,1596.77,1596.79,0.0,15.33,24400.08,1
2024-07-17,2024-07-17 12:26:00,1596.79,1596.81,1596.79,1596.81,0.0,15.33,24400.08,1
2024-07-17,2024-07-17 12:27:00,1596.81,1596.83,1596.81,1596.83,0.0,15.33,24400.08,1
2024-07-17,2024-07-17 12:28:00,1596.83,1596.85,1596.83,1596.85,0.0,15.33,24400.08,1
2024-07-17,2024-07-17 12:29:00,1596.85,1596.88,1596.85,1596.88,0.0,15.33,24400.08,1
2024-07-17,2024-07-17 12:30:00,1596.88,1596.9,1596.88,1596.9,0.0,15.33,24400.08,1
2024-07-17,2024-07-17 12:31:00,1596.9,1596.92,1596.9,1596.92,0.0,15.33,24400.08,1
2024-07-17,2024-07-17 12:32:00,1596.92,1596.94,1596.92,1596.94,0.0,15.33,24400.08,1
2024-07-17,2024-07-17 12:33:00,1596.94,1596.96,1596.94,1596.96,0.0,15.33,24400.08,1
2024-07-17,2024-07-17 12:34:00,1596.96,1596.98,1596.96,1596.98,0.0,15.33,24400.08,1
2024-07-17,2024-07-17 12:35:00,1596.98,1597.0,1596.98,1597.0,0.0,15.33,24400.08,1
2024-07-17,2024-07-17 12:36:00,1597.0,1597.02,1597.0,1597.02,0.0,15.33,24400.08,1
2024-07-17,2024-07-17 12:37:00,1597.02,1597.04,1597.02,1597.04,0.0,15.33,24400.08,1
2024-07-17,2024-07-17 12:38:00,1597.04,1597.06,1597.04,1597.06,0.0,15.33,24400.08,1
2024-07-17,2024-07-17 12:39:00,1597.06,1597.08,1597.06,1597.08,0.0,15.33,24400.08,1
2024-07-17,2024-07-17 12:40:00,1597.08,1597.1,1597.08,1597.1,0.0,15.33,24400.08,1
2024-07-17,2024-07-17 12:41:00,1597.1,1597.12,1597.1,1597.12,0.0,15.33,24400.08,1
2024-07-17,2024-07-17 12:42:00,1597.12,1597.15,1597.12,1597.15,0.0,15.33,24400.08,1
2024-07-17,2024-07-17 12:43:00,1597.15,1597.17,1597.15,1597.17,0.0,15.33,24400.08,1
2024-07-17,2024-07-17 12:44:00,1597.17,1597.19,1597.17,1597.19,0.0,15.33,24400.08,1
2024-07-17,2024-07-17 12:45:00,1597.19,1597.21,1597.19,1597.21,0.0,15.33,24400.08,1
2024-07-17,2024-07-17 12:46:00,1597.21,1597.23,1597.21,1597.23,0.0,15.33,24400.08,1
2024-07-17,2024-07-17 12:47:00,1597.23,1597.25,1597.23,1597.25,0.0,15.33,24400.08,1
2024-07-17,2024-07-17 12:48:00,1597.25,1597.27,1597.25,1597.27,0.0,15.33,24400.08,1
2024-07-17,2024-07-17 12:49:00,1597.27,1597.29,1597.27,1597.29,0.0,15.33,24400.08,1
2024-07-17,2024-07-17 12:50:00,1597.29,1597.31,1597.29,1597.31,0.0,15.33,24400.08,1
2024-07-17,2024-07-17 12:51:00,1597.31,1597.33,1597.31,1597.33,0.0,15.33,24400.08,1
2024-07-17,2024-07-17 12:52:00,1597.33,1597.35,1597.33,1597.35,0.0,15.33,24400.08,1
2024-07-17,2024-07-17 12:53:00,1597.35,1597.38,1597.35,1597.38,0.0,15.33,24400.08,1
2024-07-17,2024-07-17 12:54:00,1597.38,1597.4,1597.38,1597.4,0.0,15.33,24400.08,1
2024-07-17,2024-07-17 12:55:00,1597.4,1597.42,1597.4,1597.42,0.0,15.33,24400.08,1
2024-07-17,2024-07-17 12:56:00,1597.42,1597.44,1597.42,1597.44,0.0,15.33,24400.08,1
2024-07-17,2024-07-17 12:57:00,1597.44,1597.46,1597.44,1597.46,0.0,15.33,24400.08,1
2024-07-17,2024-07-17 12:58:00,1597.46,1597.48,1597.46,1597.48,0.0,15.33,24400.08,1
2024-07-17,2024-07-17 12:59:00,1597.48,1597.5,1597.48,1597.5,0.0,15.33,24400.08,1
2024-07-17,2024-07-17 13:00:00,1597.5,1600.0,1575.0,1597.52,0.0,15.33,24400.08,1
2024-07-17,2024-07-17 13:01:00,1597.52,1597.54,1597.52,1597.54,0.0,15.33,24400.08,1
2024-07-17,2024-07-17 13:02:00,1597.54,1597.56,1597.54,1597.56,0.0,15.33,24400.08,1
2024-07-17,2024-07-17 13:03:00,1597.56,1597.58,1597.56,1597.58,0.0,15.33,24400.08,1
2024-07-17,2024-07-17 13:04:00,1597.58,1597.6,1597.58,1597.6,0.0,15.33,24400.08,1
2024-07-17,2024-07-17 13:05:00,1597.6,1597.62,1597.6,1597.62,0.0,15.33,24400.08,1
2024-07-17,2024-07-17 13:06:00,1597.62,1597.65,1597.62,1597.65,0.0,15.33,24400.08,1
2024-07-17,2024-07-17 13:07:00,1597.65,1597.67,1597.65,1597.67,0.0,15.33,24400.08,1
2024-07-17,2024-07-17 13:08:00,1597.67,1597.69,1597.67,1597.69,0.0,15.33,24400.08,1
2024-07-17,2024-07-17 13:09:00,1597.69,1597.71,1597.69,1597.71,0.0,15.33,24400.08,1
2024-07-17,2024-07-17 13:10:00,1597.71,1597.73,1597.71,1597.73,0.0,15.33,24400.08,1
2024-07-17,2024-07-17 13:11:00,1597.73,1597.75,1597.73,1597.75,0.0,15.33,24400.08,1
2024-07-17,2024-07-17 13:12:00,1597.75,1597.77,1597.75,1597.77,0.0,15.33,24400.08,1
2024-07-17,2024-07-17 13:13:00,1597.77,1597.79,1597.77,1597.79,0.0,15.33,24400.08,1
2024-07-17,2024-07-17 13:14:00,1597.79,1597.81,1597.79,1597.81,0.0,15.33,24400.08,1
2024-07-17,2024-07-17 13:15:00,1597.81,1597.83,1597.81,1597.83,0.0,15.33,24400.08,1
2024-07-17,2024-07-17 13:16:00,1597.83,1597.85,1597.83,1597.85,0.0,15.33,24400.08,1
2024-07-17,2024-07-17 13:17:00,1597.85,1597.88,1597.85,1597.88,0.0,15.33,24400.08,1
2024-07-17,2024-07-17 13:18:00,1597.88,1597.9,1597.88,1597.9,0.0,15.33,24400.08,1
2024-07-17,2024-07-17 13:19:00,1597.9,1597.92,1597.9,1597.92,0.0,15.33,24400.08,1
2024-07-17,2024-07-17 13:20:00,1597.92,1597.94,1597.92,1597.94,0.0,15.33,24400.08,1
2024-07-17,2024-07-17 13:21:00,1597.94,1597.96,1597.94,1597.96,0.0,15.33,24400.08,1
2024-07-17,2024-07-17 13:22:00,1597.96,1597.98,1597.96,1597.98,0.0,15.33,24400.08,1
2024-07-17,2024-07-17 13:23:00,1597.98,1598.0,1597.98,1598.0,0.0,15.33,24400.08,1
2024-07-17,2024-07-17 13:24:00,1598.0,1598.02,1598.0,1598.02,0.0,15.33,24400.08,1
2024-07-17,2024-07-17 13:25:00,1598.02,1598.04,1598.02,1598.04,0.0,15.33,24400.08,1
2024-07-17,2024-07-17 13:26:00,1598.04,1598.06,1598.04,1598.06,0.0,15.33,24400.08,1
2024-07-17,2024-07-17 13:27:00,1598.06,1598.08,1598.06,1598.08,0.0,15.33,24400.08,1
2024-07-17,2024-07-17 13:28:00,1598.08,1598.1,1598.08,1598.1,0.0,15.33,24400.08,1
2024-07-17,2024-07-17 13:29:00,1598.1,1598.12,1598.1,1598.12,0.0,15.33,24400.08,1
2024-07-17,2024-07-17 13:30:00,1598.12,1598.15,1598.12,1598.15,0.0,15.33,24400.08,1
2024-07-17,2024-07-17 13:31:00,1598.15,1598.17,1598.15,1598.17,0.0,15.33,24400.08,1
2024-07-17,2024-07-17 13:32:00,1598.17,1598.19,1598.17,1598.19,0.0,15.33,24400.08,1
2024-07-17,2024-07-17 13:33:00,1598.19,1598.21,1598.19,1598.21,0.0,15.33,24400.08,1
2024-07-17,2024-07-17 13:34:00,1598.21,1598.23,1598.21,1598.23,0.0,15.33,24400.08,1
2024-07-17,2024-07-17 13:35:00,1598.23,1598.25,1598.23,1598.25,0.0,15.33,24400.08,1
2024-07-17,2024-07-17 13:36:00,1598.25,1598.27,1598.25,1598.27,0.0,15.33,24400.08,1
2024-07-17,2024-07-17 13:37:00,1598.27,1598.29,1598.27,1598.29,0.0,15.33,24400.08,1
2024-07-17,2024-07-17 13:38:00,1598.29,1598.31,1598.29,1598.31,0.0,15.33,24400.08,1
2024-07-17,2024-07-17 13:39:00,1598.31,1598.33,1598.31,1598.33,0.0,15.33,24400.08,1
2024-07-17,2024-07-17 13:40:00,1598.33,1598.35,1598.33,1598.35,0.0,15.33,24400.08,1
2024-07-17,2024-07-17 13:41:00,1598.35,1598.38,1598.35,1598.38,0.0,15.33,24400.08,1
2024-07-17,2024-07-17 13:42:00,1598.38,1598.4,1598.38,1598.4,0.0,15.33,24400.08,1
2024-07-17,2024-07-17 13:43:00,1598.4,1598.42,1598.4,1598.42,0.0,15.33,24400.08,1
2024-07-17,2024-07-17 13:44:00,1598.42,1598.44,1598.42,1598.44,0.0,15.33,24400.08,1
2024-07-17,2024-07-17 13:45:00,1598.44,1598.46,1598.44,1598.46,0.0,15.33,24400.08,1
2024-07-17,2024-07-17 13:46:00,1598.46,1598.48,1598.46,1598.48,0.0,15.33,24400.08,1
2024-07-17,2024-07-17 13:47:00,1598.48,1598.5,1598.48,1598.5,0.0,15.33,24400.08,1
2024-07-17,2024-07-17 13:48:00,1598.5,1598.52,1598.5,1598.52,0.0,15.33,24400.08,1
2024-07-17,2024-07-17 13:49:00,1598.52,1598.54,1598.52,1598.54,0.0,15.33,24400.08,1
2024-07-17,2024-07-17 13:50:00,1598.54,1598.56,1598.54,1598.56,0.0,15.33,24400.08,1
2024-07-17,2024-07-17 13:51:00,1598.56,1598.58,1598.56,1598.58,0.0,15.33,24400.08,1
2024-07-17,2024-07-17 13:52:00,1598.58,1598.6,1598.58,1598.6,0.0,15.33,24400.08,1
2024-07-17,2024-07-17 13:53:00,1598.6,1598.62,1598.6,1598.62,0.0,15.33,24400.08,1
2024-07-17,2024-07-17 13:54:00,1598.62,1598.65,1598.62,1598.65,0.0,15.33,24400.08,1
2024-07-17,2024-07-17 13:55:00,1598.65,1598.67,1598.65,1598.67,0.0,15.33,24400.08,1
2024-07-17,2024-07-17 13:56:00,1598.67,1598.69,1598.67,1598.69,0.0,15.33,24400.08,1
2024-07-17,2024-07-17 13:57:00,1598.69,1598.71,1598.69,1598.71,0.0,15.33,24400.08,1
2024-07-17,2024-07-17 13:58:00,1598.71,1598.73,1598.71,1598.73,0.0,15.33,24400.08,1
2024-07-17,2024-07-17 13:59:00,1598.73,1598.75,1598.73,1598.75,0.0,15.33,24400.08,1
2024-07-17,2024-07-17 14:00:00,1598.75,1598.77,1598.75,1598.77,0.0,15.33,24400.08,1
2024-07-17,2024-07-17 14:01:00,1598.77,1598.79,1598.77,1598.79,0.0,15.33,24400.08,1
2024-07-17,2024-07-17 14:02:00,1598.79,1598.81,1598.79,1598.81,0.0,15.33,24400.08,1
2024-07-17,2024-07-17 14:03:00,1598.81,1598.83,1598.81,1598.83,0.0,15.33,24400.08,1
2024-07-17,2024-07-17 14:04:00,1598.83,1598.85,1598.83,1598.85,0.0,15.33,24400.08,1
2024-07-17,2024-07-17 14:05:00,1598.85,1598.88,1598.85,1598.88,0.0,15.33,24400.08,1
2024-07-17,2024-07-17 14:06:00,1598.88,1598.9,1598.88,1598.9,0.0,15.33,24400.08,1
2024-07-17,2024-07-17 14:07:00,1598.9,1598.92,1598.9,1598.92,0.0,15.33,24400.08,1
2024-07-17,2024-07-17 14:08:00,1598.92,1598.94,1598.92,1598.94,0.0,15.33,24400.08,1
2024-07-17,2024-07-17 14:09:00,1598.94,1598.96,1598.94,1598.96,0.0,15.33,24400.08,1
2024-07-17,2024-07-17 14:10:00,1598.96,1598.98,1598.96,1598.98,0.0,15.33,24400.08,1
2024-07-17,2024-07-17 14:11:00,1598.98,1599.0,1598.98,1599.0,0.0,15.33,24400.08,1
2024-07-17,2024-07-17 14:12:00,1599.0,1599.02,1599.0,1599.02,0.0,15.33,24400.08,1
2024-07-17,2024-07-17 14:13:00,1599.02,1599.04,1599.02,1599.04,0.0,15.33,24400.08,1
2024-07-17,2024-07-17 14:14:00,1599.04,1599.06,1599.04,1599.06,0.0,15.33,24400.08,1
2024-07-17,2024-07-17 14:15:00,1599.06,1599.08,1599.06,1599.08,0.0,15.33,24400.08,1
2024-07-17,2024-07-17 14:16:00,1599.08,1599.1,1599.08,1599.1,0.0,15.33,24400.08,1
2024-07-17,2024-07-17 14:17:00,1599.1,1599.12,1599.1,1599.12,0.0,15.33,24400.08,1
2024-07-17,2024-07-17 14:18:00,1599.12,1599.15,1599.12,1599.15,0.0,15.33,24400.08,1
2024-07-17,2024-07-17 14:19:00,1599.15,1599.17,1599.15,1599.17,0.0,15.33,24400.08,1
2024-07-17,2024-07-17 14:20:00,1599.17,1599.19,1599.17,1599.19,0.0,15.33,24400.08,1
2024-07-17,2024-07-17 14:21:00,1599.19,1599.21,1599.19,1599.21,0.0,15.33,24400.08,1
2024-07-17,2024-07-17 14:22:00,1599.21,1599.23,1599.21,1599.23,0.0,15.33,24400.08,1
2024-07-17,2024-07-17 14:23:00,1599.23,1599.25,1599.23,1599.25,0.0,15.33,24400.08,1
2024-07-17,2024-07-17 14:24:00,1599.25,1599.27,1599.25,1599.27,0.0,15.33,24400.08,1
2024-07-17,2024-07-17 14:25:00,1599.27,1599.29,1599.27,1599.29,0.0,15.33,24400.08,1
2024-07-17,2024-07-17 14:26:00,1599.29,1599.31,1599.29,1599.31,0.0,15.33,24400.08,1
2024-07-17,2024-07-17 14:27:00,1599.31,1599.33,1599.31,1599.33,0.0,15.33,24400.08,1
2024-07-17,2024-07-17 14:28:00,1599.33,1599.35,1599.33,1599.35,0.0,15.33,24400.08,1
2024-07-17,2024-07-17 14:29:00,1599.35,1599.38,1599.35,1599.38,0.0,15.33,24400.08,1
2024-07-17,2024-07-17 14:30:00,1599.38,1599.4,1599.38,1599.4,0.0,15.33,24400.08,1
2024-07-17,2024-07-17 14:31:00,1599.4,1599.42,1599.4,1599.42,0.0,15.33,24400.08,1
2024-07-17,2024-07-17 14:32:00,1599.42,1599.44,1599.42,1599.44,0.0,15.33,24400.08,1
2024-07-17,2024-07-17 14:33:00,1599.44,1599.46,1599.44,1599.46,0.0,15.33,24400.08,1
2024-07-17,2024-07-17 14:34:00,1599.46,1599.48,1599.46,1599.48,0.0,15.33,24400.08,1
2024-07-17,2024-07-17 14:35:00,1599.48,1599.5,1599.48,1599.5,0.0,15.33,24400.08,1
2024-07-17,2024-07-17 14:36:00,1599.5,1599.52,1599.5,1599.52,0.0,15.33,24400.08,1
2024-07-17,2024-07-17 14:37:00,1599.52,1599.54,1599.52,1599.54,0.0,15.33,24400.08,1
2024-07-17,2024-07-17 14:38:00,1599.54,1599.56,1599.54,1599.56,0.0,15.33,24400.08,1
2024-07-17,2024-07-17 14:39:00,1599.56,1599.58,1599.56,1599.58,0.0,15.33,24400.08,1
2024-07-17,2024-07-17 14:40:00,1599.58,1599.6,1599.58,1599.6,0.0,15.33,24400.08,1
2024-07-17,2024-07-17 14:41:00,1599.6,1599.62,1599.6,1599.62,0.0,15.33,24400.08,1
2024-07-17,2024-07-17 14:42:00,1599.62,1599.65,1599.62,1599.65,0.0,15.33,24400.08,1
2024-07-17,2024-07-17 14:43:00,1599.65,1599.67,1599.65,1599.67,0.0,15.33,24400.08,1
2024-07-17,2024-07-17 14:44:00,1599.67,1599.69,1599.67,1599.69,0.0,15.33,24400.08,1
2024-07-17,2024-07-17 14:45:00,1599.69,1599.71,1599.69,1599.71,0.0,15.33,24400.08,1
2024-07-17,2024-07-17 14:46:00,1599.71,1599.73,1599.71,1599.73,0.0,15.33,24400.08,1
2024-07-17,2024-07-17 14:47:00,1599.73,1599.75,1599.73,1599.75,0.0,15.33,24400.08,1
2024-07-17,2024-07-17 14:48:00,1599.75,1599.77,1599.75,1599.77,0.0,15.33,24400.08,1
2024-07-17,2024-07-17 14:49:00,1599.77,1599.79,1599.77,1599.79,0.0,15.33,24400.08,1
2024-07-17,2024-07-17 14:50:00,1599.79,1599.81,1599.79,1599.81,0.0,15.33,24400.08,1
2024-07-17,2024-07-17 14:51:00,1599.81,1599.83,1599.81,1599.83,0.0,15.33,24400.08,1
2024-07-17,2024-07-17 14:52:00,1599.83,1599.85,1599.83,1599.85,0.0,15.33,24400.08,1
2024-07-17,2024-07-17 14:53:00,1599.85,1599.88,1599.85,1599.88,0.0,15.33,24400.08,1
2024-07-17,2024-07-17 14:54:00,1599.88,1599.9,1599.88,1599.9,0.0,15.33,24400.08,1
2024-07-17,2024-07-17 14:55:00,1599.9,1599.92,1599.9,1599.92,0.0,15.33,24400.08,1
2024-07-17,2024-07-17 14:56:00,1599.92,1599.94,1599.92,1599.94,0.0,15.33,24400.08,1
2024-07-17,2024-07-17 14:57:00,1599.94,1599.96,1599.94,1599.96,0.0,15.33,24400.08,1
2024-07-17,2024-07-17 14:58:00,1599.96,1599.98,1599.96,1599.98,0.0,15.33,24400.08,1
2024-07-17,2024-07-17 14:59:00,1599.98,1600.0,1599.98,1600.0,0.0,15.33,24400.08,1
2024-07-17,2024-07-17 15:00:00,1600.0,1600.0,1575.0,1600.0,0.0,15.33,24400.08,0
2024-07-18,2024-07-18 11:00:00,1600.0,1618.0,1597.0,1599.97,-0.0,53.78,87254.13,-1
2024-07-18,2024-07-18 11:01:00,1599.97,1599.97,1599.94,1599.94,-0.0,53.78,87254.13,-1
2024-07-18,2024-07-18 11:02:00,1599.94,1599.94,1599.91,1599.91,-0.0,53.78,87254.13,-1
2024-07-18,2024-07-18 11:03:00,1599.91,1599.91,1599.88,1599.88,-0.0,53.78,87254.13,-1
2024-07-18,2024-07-18 11:04:00,1599.88,1599.88,1599.85,1599.85,-0.0,53.78,87254.13,-1
2024-07-18,2024-07-18 11:05:00,1599.85,1599.85,1599.83,1599.83,-0.0,53.78,87254.13,-1
2024-07-18,2024-07-18 11:06:00,1599.83,1599.83,1599.8,1599.8,-0.0,53.78,87254.13,-1
2024-07-18,2024-07-18 11:07:00,1599.8,1599.8,1599.77,1599.77,-0.0,53.78,87254.13,-1
2024-07-18,2024-07-18 11:08:00,1599.77,1599.77,1599.74,1599.74,-0.0,53.78,87254.13,-1
2024-07-18,2024-07-18 11:09:00,1599.74,1599.74,1599.71,1599.71,-0.0,53.78,87254.13,-1
2024-07-18,2024-07-18 11:10:00,1599.71,1599.71,1599.68,1599.68,-0.0,53.78,87254.13,-1
2024-07-18,2024-07-18 11:11:00,1599.68,1599.68,1599.65,1599.65,-0.0,53.78,87254.13,-1
2024-07-18,2024-07-18 11:12:00,1599.65,1599.65,1599.62,1599.62,-0.0,53.78,87254.13,-1
2024-07-18,2024-07-18 11:13:00,1599.62,1599.62,1599.59,1599.59,-0.0,53.78,87254.13,-1
2024-07-18,2024-07-18 11:14:00,1599.59,1599.59,1599.56,1599.56,-0.0,53.78,87254.13,-1
2024-07-18,2024-07-18 11:15:00,1599.56,1599.56,1599.53,1599.53,-0.0,53.78,87254.13,-1
2024-07-18,2024-07-18 11:16:00,1599.53,1599.53,1599.5,1599.5,-0.0,53.78,87254.13,-1
2024-07-18,2024-07-18 11:17:00,1599.5,1599.5,1599.47,1599.47,-0.0,53.78,87254.13,-1
2024-07-18,2024-07-18 11:18:00,1599.47,1599.47,1599.45,1599.45,-0.0,53.78,87254.13,-1
2024-07-18,2024-07-18 11:19:00,1599.45,1599.45,1599.42,1599.42,-0.0,53.78,87254.13,-1
2024-07-18,2024-07-18 11:20:00,1599.42,1599.42,1599.39,1599.39,-0.0,53.78,87254.13,-1
2024-07-18,2024-07-18 11:21:00,1599.39,1599.39,1599.36,1599.36,-0.0,53.78,87254.13,-1
2024-07-18,2024-07-18 11:22:00,1599.36,1599.36,1599.33,1599.33,-0.0,53.78,87254.13,-1
2024-07-18,2024-07-18 11:23:00,1599.33,1599.33,1599.3,1599.3,-0.0,53.78,87254.13,-1
2024-07-18,2024-07-18 11:24:00,1599.3,1599.3,1599.27,1599.27,-0.0,53.78,87254.13,-1
2024-07-18,2024-07-18 11:25:00,1599.27,1599.27,1599.24,1599.24,-0.0,53.78,87254.13,-1
2024-07-18,2024-07-18 11:26:00,1599.24,1599.24,1599.21,1599.21,-0.0,53.78,87254.13,-1
2024-07-18,2024-07-18 11:27:00,1599.21,1599.21,1599.18,1599.18,-0.0,53.78,87254.13,-1
2024-07-18,2024-07-18 11:28:00,1599.18,1599.18,1599.15,1599.15,-0.0,53.78,87254.13,-1
2024-07-18,2024-07-18 11:29:00,1599.15,1599.15,1599.12,1599.12,-0.0,53.78,87254.13,-1
2024-07-18,2024-07-18 11:30:00,1599.12,1599.12,1599.1,1599.1,-0.0,53.78,87254.13,-1
2024-07-18,2024-07-18 11:31:00,1599.1,1599.1,1599.07,1599.07,-0.0,53.78,87254.13,-1
2024-07-18,2024-07-18 11:32:00,1599.07,1599.07,1599.04,1599.04,-0.0,53.78,87254.13,-1
2024-07-18,2024-07-18 11:33:00,1599.04,1599.04,1599.01,1599.01,-0.0,53.78,87254.13,-1
2024-07-18,2024-07-18 11:34:00,1599.01,1599.01,1598.98,1598.98,-0.0,53.78,87254.13,-1
2024-07-18,2024-07-18 11:35:00,1598.98,1598.98,1598.95,1598.95,-0.0,53.78,87254.13,-1
2024-07-18,2024-07-18 11:36:00,1598.95,1598.95,1598.92,1598.92,-0.0,53.78,87254.13,-1
2024-07-18,2024-07-18 11:37:00,1598.92,1598.92,1598.89,1598.89,-0.0,53.78,87254.13,-1
2024-07-18,2024-07-18 11:38:00,1598.89,1598.89,1598.86,1598.86,-0.0,53.78,87254.13,-1
2024-07-18,2024-07-18 11:39:00,1598.86,1598.86,1598.83,1598.83,-0.0,53.78,87254.13,-1
2024-07-18,2024-07-18 11:40:00,1598.83,1598.83,1598.8,1598.8,-0.0,53.78,87254.13,-1
2024-07-18,2024-07-18 11:41:00,1598.8,1598.8,1598.78,1598.78,-0.0,53.78,87254.13,-1
2024-07-18,2024-07-18 11:42:00,1598.78,1598.78,1598.75,1598.75,-0.0,53.78,87254.13,-1
2024-07-18,2024-07-18 11:43:00,1598.75,1598.75,1598.72,1598.72,-0.0,53.78,87254.13,-1
2024-07-18,2024-07-18 11:44:00,1598.72,1598.72,1598.69,1598.69,-0.0,53.78,87254.13,-1
2024-07-18,2024-07-18 11:45:00,1598.69,1598.69,1598.66,1598.66,-0.0,53.78,87254.13,-1
2024-07-18,2024-07-18 11:46:00,1598.66,1598.66,1598.63,1598.63,-0.0,53.78,87254.13,-1
2024-07-18,2024-07-18 11:47:00,1598.63,1598.63,1598.6,1598.6,-0.0,53.78,87254.13,-1
2024-07-18,2024-07-18 11:48:00,1598.6,1598.6,1598.57,1598.57,-0.0,53.78,87254.13,-1
2024-07-18,2024-07-18 11:49:00,1598.57,1598.57,1598.54,1598.54,-0.0,53.78,87254.13,-1
2024-07-18,2024-07-18 11:50:00,1598.54,1598.54,1598.51,1598.51,-0.0,53.78,87254.13,-1
2024-07-18,2024-07-18 11:51:00,1598.51,1598.51,1598.48,1598.48,-0.0,53.78,87254.13,-1
2024-07-18,2024-07-18 11:52:00,1598.48,1598.48,1598.45,1598.45,-0.0,53.78,87254.13,-1
2024-07-18,2024-07-18 11:53:00,1598.45,1598.45,1598.42,1598.42,-0.0,53.78,87254.13,-1
2024-07-18,2024-07-18 11:54:00,1598.42,1598.42,1598.4,1598.4,-0.0,53.78,87254.13,-1
2024-07-18,2024-07-18 11:55:00,1598.4,1598.4,1598.37,1598.37,-0.0,53.78,87254.13,-1
2024-07-18,2024-07-18 11:56:00,1598.37,1598.37,1598.34,1598.34,-0.0,53.78,87254.13,-1
2024-07-18,2024-07-18 11:57:00,1598.34,1598.34,1598.31,1598.31,-0.0,53.78,87254.13,-1
2024-07-18,2024-07-18 11:58:00,1598.31,1598.31,1598.28,1598.28,-0.0,53.78,87254.13,-1
2024-07-18,2024-07-18 11:59:00,1598.28,1598.28,1598.25,1598.25,-0.0,53.78,87254.13,-1
2024-07-18,2024-07-18 12:00:00,1598.25,1598.25,1598.22,1598.22,-0.0,53.78,87254.13,-1
2024-07-18,2024-07-18 12:01:00,1598.22,1598.22,1598.19,1598.19,-0.0,53.78,87254.13,-1
2024-07-18,2024-07-18 12:02:00,1598.19,1598.19,1598.16,1598.16,-0.0,53.78,87254.13,-1
2024-07-18,2024-07-18 12:03:00,1598.16,1598.16,1598.13,1598.13,-0.0,53.78,87254.13,-1
2024-07-18,2024-07-18 12:04:00,1598.13,1598.13,1598.1,1598.1,-0.0,53.78,87254.13,-1
2024-07-18,2024-07-18 12:05:00,1598.1,1598.1,1598.08,1598.08,-0.0,53.78,87254.13,-1
2024-07-18,2024-07-18 12:06:00,1598.08,1598.08,1598.05,1598.05,-0.0,53.78,87254.13,-1
2024-07-18,2024-07-18 12:07:00,1598.05,1598.05,1598.02,1598.02,-0.0,53.78,87254.13,-1
2024-07-18,2024-07-18 12:08:00,1598.02,1598.02,1597.99,1597.99,-0.0,53.78,87254.13,-1
2024-07-18,2024-07-18 12:09:00,1597.99,1597.99,1597.96,1597.96,-0.0,53.78,87254.13,-1
2024-07-18,2024-07-18 12:10:00,1597.96,1597.96,1597.93,1597.93,-0.0,53.78,87254.13,-1
2024-07-18,2024-07-18 12:11:00,1597.93,1597.93,1597.9,1597.9,-0.0,53.78,87254.13,-1
2024-07-18,2024-07-18 12:12:00,1597.9,1597.9,1597.87,1597.87,-0.0,53.78,87254.13,-1
2024-07-18,2024-07-18 12:13:00,1597.87,1597.87,1597.84,1597.84,-0.0,53.78,87254.13,-1
2024-07-18,2024-07-18 12:14:00,1597.84,1597.84,1597.81,1597.81,-0.0,53.78,87254.13,-1
2024-07-18,2024-07-18 12:15:00,1597.81,1597.81,1597.78,1597.78,-0.0,53.78,87254.13,-1
2024-07-18,2024-07-18 12:16:00,1597.78,1597.78,1597.75,1597.75,-0.0,53.78,87254.13,-1
2024-07-18,2024-07-18 12:17:00,1597.75,1597.75,1597.72,1597.72,-0.0,53.78,87254.13,-1
2024-07-18,2024-07-18 12:18:00,1597.72,1597.72,1597.7,1597.7,-0.0,53.78,87254.13,-1
2024-07-18,2024-07-18 12:19:00,1597.7,1597.7,1597.67,1597.67,-0.0,53.78,87254.13,-1
2024-07-18,2024-07-18 12:20:00,1597.67,1597.67,1597.64,1597.64,-0.0,53.78,87254.13,-1
2024-07-18,2024-07-18 12:21:00,1597.64,1597.64,1597.61,1597.61,-0.0,53.78,87254.13,-1
2024-07-18,2024-07-18 12:22:00,1597.61,1597.61,1597.58,1597.58,-0.0,53.78,87254.13,-1
2024-07-18,2024-07-18 12:23:00,1597.58,1597.58,1597.55,1597.55,-0.0,53.78,87254.13,-1
2024-07-18,2024-07-18 12:24:00,1597.55,1597.55,1597.52,1597.52,-0.0,53.78,87254.13,-1
2024-07-18,2024-07-18 12:25:00,1597.52,1597.52,1597.49,1597.49,-0.0,53.78,87254.13,-1
2024-07-18,2024-07-18 12:26:00,1597.49,1597.49,1597.46,1597.46,-0.0,53.78,87254.13,-1
2024-07-18,2024-07-18 12:27:00,1597.46,1597.46,1597.43,1597.43,-0.0,53.78,87254.13,-1
2024-07-18,2024-07-18 12:28:00,1597.43,1597.43,1597.4,1597.4,-0.0,53.78,87254.13,-1
2024-07-18,2024-07-18 12:29:00,1597.4,1597.4,1597.38,1597.38,-0.0,53.78,87254.13,-1
2024-07-18,2024-07-18 12:30:00,1597.38,1597.38,1597.35,1597.35,-0.0,53.78,87254.13,-1
2024-07-18,2024-07-18 12:31:00,1597.35,1597.35,1597.32,1597.32,-0.0,53.78,87254.13,-1
2024-07-18,2024-07-18 12:32:00,1597.32,1597.32,1597.29,1597.29,-0.0,53.78,87254.13,-1
2024-07-18,2024-07-18 12:33:00,1597.29,1597.29,1597.26,1597.26,-0.0,53.78,87254.13,-1
2024-07-18,2024-07-18 12:34:00,1597.26,1597.26,1597.23,1597.23,-0.0,53.78,87254.13,-1
2024-07-18,2024-07-18 12:35:00,1597.23,1597.23,1597.2,1597.2,-0.0,53.78,87254.13,-1
2024-07-18,2024-07-18 12:36:00,1597.2,1597.2,1597.17,1597.17,-0.0,53.78,87254.13,-1
2024-07-18,2024-07-18 12:37:00,1597.17,1597.17,1597.14,1597.14,-0.0,53.78,87254.13,-1
2024-07-18,2024-07-18 12:38:00,1597.14,1597.14,1597.11,1597.11,-0.0,53.78,87254.13,-1
2024-07-18,2024-07-18 12:39:00,1597.11,1597.11,1597.08,1597.08,-0.0,53.78,87254.13,-1
2024-07-18,2024-07-18 12:40:00,1597.08,1597.08,1597.05,1597.05,-0.0,53.78,87254.13,-1
2024-07-18,2024-07-18 12:41:00,1597.05,1597.05,1597.03,1597.03,-0.0,53.78,87254.13,-1
2024-07-18,2024-07-18 12:42:00,1597.03,1597.03,1597.0,1597.0,-0.0,53.78,87254.13,-1
2024-07-18,2024-07-18 12:43:00,1597.0,1597.0,1596.97,1596.97,-0.0,53.78,87254.13,-1
2024-07-18,2024-07-18 12:44:00,1596.97,1596.97,1596.94,1596.94,-0.0,53.78,87254.13,-1
2024-07-18,2024-07-18 12:45:00,1596.94,1596.94,1596.91,1596.91,-0.0,53.78,87254.13,-1
2024-07-18,2024-07-18 12:46:00,1596.91,1596.91,1596.88,1596.88,-0.0,53.78,87254.13,-1
2024-07-18,2024-07-18 12:47:00,1596.88,1596.88,1596.85,1596.85,-0.0,53.78,87254.13,-1
2024-07-18,2024-07-18 12:48:00,1596.85,1596.85,1596.82,1596.82,-0.0,53.78,87254.13,-1
2024-07-18,2024-07-18 12:49:00,1596.82,1596.82,1596.79,1596.79,-0.0,53.78,87254.13,-1
2024-07-18,2024-07-18 12:50:00,1596.79,1596.79,1596.76,1596.76,-0.0,53.78,87254.13,-1
2024-07-18,2024-07-18 12:51:00,1596.76,1596.76,1596.73,1596.73,-0.0,53.78,87254.13,-1
2024-07-18,2024-07-18 12:52:00,1596.73,1596.73,1596.7,1596.7,-0.0,53.78,87254.13,-1
2024-07-18,2024-07-18 12:53:00,1596.7,1596.7,1596.67,1596.67,-0.0,53.78,87254.13,-1
2024-07-18,2024-07-18 12:54:00,1596.67,1596.67,1596.65,1596.65,-0.0,53.78,87254.13,-1
2024-07-18,2024-07-18 12:55:00,1596.65,1596.65,1596.62,1596.62,-0.0,53.78,87254.13,-1
2024-07-18,2024-07-18 12:56:00,1596.62,1596.62,1596.59,1596.59,-0.0,53.78,87254.13,-1
2024-07-18,2024-07-18 12:57:00,1596.59,1596.59,1596.56,1596.56,-0.0,53.78,87254.13,-1
2024-07-18,2024-07-18 12:58:00,1596.56,1596.56,1596.53,1596.53,-0.0,53.78,87254.13,-1
2024-07-18,2024-07-18 12:59:00,1596.53,1596.53,1596.5,1596.5,-0.0,53.78,87254.13,-1
2024-07-18,2024-07-18 13:00:00,1596.5,1660.0,1590.0,1596.47,-0.0,53.78,87254.13,-1
2024-07-18,2024-07-18 13:01:00,1596.47,1596.47,1596.44,1596.44,-0.0,53.78,87254.13,-1
2024-07-18,2024-07-18 13:02:00,1596.44,1596.44,1596.41,1596.41,-0.0,53.78,87254.13,-1
2024-07-18,2024-07-18 13:03:00,1596.41,1596.41,1596.38,1596.38,-0.0,53.78,87254.13,-1
2024-07-18,2024-07-18 13:04:00,1596.38,1596.38,1596.35,1596.35,-0.0,53.78,87254.13,-1
2024-07-18,2024-07-18 13:05:00,1596.35,1596.35,1596.33,1596.33,-0.0,53.78,87254.13,-1
2024-07-18,2024-07-18 13:06:00,1596.33,1596.33,1596.3,1596.3,-0.0,53.78,87254.13,-1
2024-07-18,2024-07-18 13:07:00,1596.3,1596.3,1596.27,1596.27,-0.0,53.78,87254.13,-1
2024-07-18,2024-07-18 13:08:00,1596.27,1596.27,1596.24,1596.24,-0.0,53.78,87254.13,-1
2024-07-18,2024-07-18 13:09:00,1596.24,1596.24,1596.21,1596.21,-0.0,53.78,87254.13,-1
2024-07-18,2024-07-18 13:10:00,1596.21,1596.21,1596.18,1596.18,-0.0,53.78,87254.13,-1
2024-07-18,2024-07-18 13:11:00,1596.18,1596.18,1596.15,1596.15,-0.0,53.78,87254.13,-1
2024-07-18,2024-07-18 13:12:00,1596.15,1596.15,1596.12,1596.12,-0.0,53.78,87254.13,-1
2024-07-18,2024-07-18 13:13:00,1596.12,1596.12,1596.09,1596.09,-0.0,53.78,87254.13,-1
2024-07-18,2024-07-18 13:14:00,1596.09,1596.09,1596.06,1596.06,-0.0,53.78,87254.13,-1
2024-07-18,2024-07-18 13:15:00,1596.06,1596.06,1596.03,1596.03,-0.0,53.78,87254.13,-1
2024-07-18,2024-07-18 13:16:00,1596.03,1596.03,1596.0,1596.0,-0.0,53.78,87254.13,-1
2024-07-18,2024-07-18 13:17:00,1596.0,1596.0,1595.97,1595.97,-0.0,53.78,87254.13,-1
2024-07-18,2024-07-18 13:18:00,1595.97,1595.97,1595.95,1595.95,-0.0,53.78,87254.13,-1
2024-07-18,2024-07-18 13:19:00,1595.95,1595.95,1595.92,1595.92,-0.0,53.78,87254.13,-1
2024-07-18,2024-07-18 13:20:00,1595.92,1595.92,1595.89,1595.89,-0.0,53.78,87254.13,-1
2024-07-18,2024-07-18 13:21:00,1595.89,1595.89,1595.86,1595.86,-0.0,53.78,87254.13,-1
2024-07-18,2024-07-18 13:22:00,1595.86,1595.86,1595.83,1595.83,-0.0,53.78,87254.13,-1
2024-07-18,2024-07-18 13:23:00,1595.83,1595.83,1595.8,1595.8,-0.0,53.78,87254.13,-1
2024-07-18,2024-07-18 13:24:00,1595.8,1595.8,1595.77,1595.77,-0.0,53.78,87254.13,-1
2024-07-18,2024-07-18 13:25:00,1595.77,1595.77,1595.74,1595.74,-0.0,53.78,87254.13,-1
2024-07-18,2024-07-18 13:26:00,1595.74,1595.74,1595.71,1595.71,-0.0,53.78,87254.13,-1
2024-07-18,2024-07-18 13:27:00,1595.71,1595.71,1595.68,1595.68,-0.0,53.78,87254.13,-1
2024-07-18,2024-07-18 13:28:00,1595.68,1595.68,1595.65,1595.65,-0.0,53.78,87254.13,-1
2024-07-18,2024-07-18 13:29:00,1595.65,1595.65,1595.62,1595.62,-0.0,53.78,87254.13,-1
2024-07-18,2024-07-18 13:30:00,1595.62,1595.62,1595.6,1595.6,-0.0,53.78,87254.13,-1
2024-07-18,2024-07-18 13:31:00,1595.6,1595.6,1595.57,1595.57,-0.0,53.78,87254.13,-1
2024-07-18,2024-07-18 13:32:00,1595.57,1595.57,1595.54,1595.54,-0.0,53.78,87254.13,-1
2024-07-18,2024-07-18 13:33:00,1595.54,1595.54,1595.51,1595.51,-0.0,53.78,87254.13,-1
2024-07-18,2024-07-18 13:34:00,1595.51,1595.51,1595.48,1595.48,-0.0,53.78,87254.13,-1
2024-07-18,2024-07-18 13:35:00,1595.48,1595.48,1595.45,1595.45,-0.0,53.78,87254.13,-1
2024-07-18,2024-07-18 13:36:00,1595.45,1595.45,1595.42,1595.42,-0.0,53.78,87254.13,-1
2024-07-18,2024-07-18 13:37:00,1595.42,1595.42,1595.39,1595.39,-0.0,53.78,87254.13,-1
2024-07-18,2024-07-18 13:38:00,1595.39,1595.39,1595.36,1595.36,-0.0,53.78,87254.13,-1
2024-07-18,2024-07-18 13:39:00,1595.36,1595.36,1595.33,1595.33,-0.0,53.78,87254.13,-1
2024-07-18,2024-07-18 13:40:00,1595.33,1595.33,1595.3,1595.3,-0.0,53.78,87254.13,-1
2024-07-18,2024-07-18 13:41:00,1595.3,1595.3,1595.28,1595.28,-0.0,53.78,87254.13,-1
2024-07-18,2024-07-18 13:42:00,1595.28,1595.28,1595.25,1595.25,-0.0,53.78,87254.13,-1
2024-07-18,2024-07-18 13:43:00,1595.25,1595.25,1595.22,1595.22,-0.0,53.78,87254.13,-1
2024-07-18,2024-07-18 13:44:00,1595.22,1595.22,1595.19,1595.19,-0.0,53.78,87254.13,-1
2024-07-18,2024-07-18 13:45:00,1595.19,1595.19,1595.16,1595.16,-0.0,53.78,87254.13,-1
2024-07-18,2024-07-18 13:46:00,1595.16,1595.16,1595.13,1595.13,-0.0,53.78,87254.13,-1
2024-07-18,2024-07-18 13:47:00,1595.13,1595.13,1595.1,1595.1,-0.0,53.78,87254.13,-1
2024-07-18,2024-07-18 13:48:00,1595.1,1595.1,1595.07,1595.07,-0.0,53.78,87254.13,-1
2024-07-18,2024-07-18 13:49:00,1595.07,1595.07,1595.04,1595.04,-0.0,53.78,87254.13,-1
2024-07-18,2024-07-18 13:50:00,1595.04,1595.04,1595.01,1595.01,-0.0,53.78,87254.13,-1
2024-07-18,2024-07-18 13:51:00,1595.01,1595.01,1594.98,1594.98,-0.0,53.78,87254.13,-1
2024-07-18,2024-07-18 13:52:00,1594.98,1594.98,1594.95,1594.95,-0.0,53.78,87254.13,-1
2024-07-18,2024-07-18 13:53:00,1594.95,1594.95,1594.92,1594.92,-0.0,53.78,87254.13,-1
2024-07-18,2024-07-18 13:54:00,1594.92,1594.92,1594.9,1594.9,-0.0,53.78,87254.13,-1
2024-07-18,2024-07-18 13:55:00,1594.9,1594.9,1594.87,1594.87,-0.0,53.78,87254.13,-1
2024-07-18,2024-07-18 13:56:00,1594.87,1594.87,1594.84,1594.84,-0.0,53.78,87254.13,-1
2024-07-18,2024-07-18 13:57:00,1594.84,1594.84,1594.81,1594.81,-0.0,53.78,87254.13,-1
2024-07-18,2024-07-18 13:58:00,1594.81,1594.81,1594.78,1594.78,-0.0,53.78,87254.13,-1
2024-07-18,2024-07-18 13:59:00,1594.78,1594.78,1594.75,1594.75,-0.0,53.78,87254.13,-1
2024-07-18,2024-07-18 14:00:00,1594.75,1594.75,1594.72,1594.72,-0.0,53.78,87254.13,-1
2024-07-18,2024-07-18 14:01:00,1594.72,1594.72,1594.69,1594.69,-0.0,53.78,87254.13,-1
2024-07-18,2024-07-18 14:02:00,1594.69,1594.69,1594.66,1594.66,-0.0,53.78,87254.13,-1
2024-07-18,2024-07-18 14:03:00,1594.66,1594.66,1594.63,1594.63,-0.0,53.78,87254.13,-1
2024-07-18,2024-07-18 14:04:00,1594.63,1594.63,1594.6,1594.6,-0.0,53.78,87254.13,-1
2024-07-18,2024-07-18 14:05:00,1594.6,1594.6,1594.58,1594.58,-0.0,53.78,87254.13,-1
2024-07-18,2024-07-18 14:06:00,1594.58,1594.58,1594.55,1594.55,-0.0,53.78,87254.13,-1
2024-07-18,2024-07-18 14:07:00,1594.55,1594.55,1594.52,1594.52,-0.0,53.78,87254.13,-1
2024-07-18,2024-07-18 14:08:00,1594.52,1594.52,1594.49,1594.49,-0.0,53.78,87254.13,-1
2024-07-18,2024-07-18 14:09:00,1594.49,1594.49,1594.46,1594.46,-0.0,53.78,87254.13,-1
2024-07-18,2024-07-18 14:10:00,1594.46,1594.46,1594.43,1594.43,-0.0,53.78,87254.13,-1
2024-07-18,2024-07-18 14:11:00,1594.43,1594.43,1594.4,1594.4,-0.0,53.78,87254.13,-1
2024-07-18,2024-07-18 14:12:00,1594.4,1594.4,1594.37,1594.37,-0.0,53.78,87254.13,-1
2024-07-18,2024-07-18 14:13:00,1594.37,1594.37,1594.34,1594.34,-0.0,53.78,87254.13,-1
2024-07-18,2024-07-18 14:14:00,1594.34,1594.34,1594.31,1594.31,-0.0,53.78,87254.13,-1
2024-07-18,2024-07-18 14:15:00,1594.31,1594.31,1594.28,1594.28,-0.0,53.78,87254.13,-1
2024-07-18,2024-07-18 14:16:00,1594.28,1594.28,1594.25,1594.25,-0.0,53.78,87254.13,-1
2024-07-18,2024-07-18 14:17:00,1594.25,1594.25,1594.22,1594.22,-0.0,53.78,87254.13,-1
2024-07-18,2024-07-18 14:18:00,1594.22,1594.22,1594.2,1594.2,-0.0,53.78,87254.13,-1
2024-07-18,2024-07-18 14:19:00,1594.2,1594.2,1594.17,1594.17,-0.0,53.78,87254.13,-1
2024-07-18,2024-07-18 14:20:00,1594.17,1594.17,1594.14,1594.14,-0.0,53.78,87254.13,-1
2024-07-18,2024-07-18 14:21:00,1594.14,1594.14,1594.11,1594.11,-0.0,53.78,87254.13,-1
2024-07-18,2024-07-18 14:22:00,1594.11,1594.11,1594.08,1594.08,-0.0,53.78,87254.13,-1
2024-07-18,2024-07-18 14:23:00,1594.08,1594.08,1594.05,1594.05,-0.0,53.78,87254.13,-1
2024-07-18,2024-07-18 14:24:00,1594.05,1594.05,1594.02,1594.02,-0.0,53.78,87254.13,-1
2024-07-18,2024-07-18 14:25:00,1594.02,1594.02,1593.99,1593.99,-0.0,53.78,87254.13,-1
2024-07-18,2024-07-18 14:26:00,1593.99,1593.99,1593.96,1593.96,-0.0,53.78,87254.13,-1
2024-07-18,2024-07-18 14:27:00,1593.96,1593.96,1593.93,1593.93,-0.0,53.78,87254.13,-1
2024-07-18,2024-07-18 14:28:00,1593.93,1593.93,1593.9,1593.9,-0.0,53.78,87254.13,-1
2024-07-18,2024-07-18 14:29:00,1593.9,1593.9,1593.88,1593.88,-0.0,53.78,87254.13,-1
2024-07-18,2024-07-18 14:30:00,1593.88,1593.88,1593.85,1593.85,-0.0,53.78,87254.13,-1
2024-07-18,2024-07-18 14:31:00,1593.85,1593.85,1593.82,1593.82,-0.0,53.78,87254.13,-1
2024-07-18,2024-07-18 14:32:00,1593.82,1593.82,1593.79,1593.79,-0.0,53.78,87254.13,-1
2024-07-18,2024-07-18 14:33:00,1593.79,1593.79,1593.76,1593.76,-0.0,53.78,87254.13,-1
2024-07-18,2024-07-18 14:34:00,1593.76,1593.76,1593.73,1593.73,-0.0,53.78,87254.13,-1
2024-07-18,2024-07-18 14:35:00,1593.73,1593.73,1593.7,1593.7,-0.0,53.78,87254.13,-1
2024-07-18,2024-07-18 14:36:00,1593.7,1593.7,1593.67,1593.67,-0.0,53.78,87254.13,-1
2024-07-18,2024-07-18 14:37:00,1593.67,1593.67,1593.64,1593.64,-0.0,53.78,87254.13,-1
2024-07-18,2024-07-18 14:38:00,1593.64,1593.64,1593.61,1593.61,-0.0,53.78,87254.13,-1
2024-07-18,2024-07-18 14:39:00,1593.61,1593.61,1593.58,1593.58,-0.0,53.78,87254.13,-1
2024-07-18,2024-07-18 14:40:00,1593.58,1593.58,1593.55,1593.55,-0.0,53.78,87254.13,-1
2024-07-18,2024-07-18 14:41:00,1593.55,1593.55,1593.53,1593.53,-0.0,53.78,87254.13,-1
2024-07-18,2024-07-18 14:42:00,1593.53,1593.53,1593.5,1593.5,-0.0,53.78,87254.13,-1
2024-07-18,2024-07-18 14:43:00,1593.5,1593.5,1593.47,1593.47,-0.0,53.78,87254.13,-1
2024-07-18,2024-07-18 14:44:00,1593.47,1593.47,1593.44,1593.44,-0.0,53.78,87254.13,-1
2024-07-18,2024-07-18 14:45:00,1593.44,1593.44,1593.41,1593.41,-0.0,53.78,87254.13,-1
2024-07-18,2024-07-18 14:46:00,1593.41,1593.41,1593.38,1593.38,-0.0,53.78,87254.13,-1
2024-07-18,2024-07-18 14:47:00,1593.38,1593.38,1593.35,1593.35,-0.0,53.78,87254.13,-1
2024-07-18,2024-07-18 14:48:00,1593.35,1593.35,1593.32,1593.32,-0.0,53.78,87254.13,-1
2024-07-18,2024-07-18 14:49:00,1593.32,1593.32,1593.29,1593.29,-0.0,53.78,87254.13,-1
2024-07-18,2024-07-18 14:50:00,1593.29,1593.29,1593.26,1593.26,-0.0,53.78,87254.13,-1
2024-07-18,2024-07-18 14:51:00,1593.26,1593.26,1593.23,1593.23,-0.0,53.78,87254.13,-1
2024-07-18,2024-07-18 14:52:00,1593.23,1593.23,1593.2,1593.2,-0.0,53.78,87254.13,-1
2024-07-18,2024-07-18 14:53:00,1593.2,1593.2,1593.17,1593.17,-0.0,53.78,87254.13,-1
2024-07-18,2024-07-18 14:54:00,1593.17,1593.17,1593.15,1593.15,-0.0,53.78,87254.13,-1
2024-07-18,2024-07-18 14:55:00,1593.15,1593.15,1593.12,1593.12,-0.0,53.78,87254.13,-1
2024-07-18,2024-07-18 14:56:00,1593.12,1593.12,1593.09,1593.09,-0.0,53.78,87254.13,-1
2024-07-18,2024-07-18 14:57:00,1593.09,1593.09,1593.06,1593.06,-0.0,53.78,87254.13,-1
2024-07-18,2024-07-18 14:58:00,1593.06,1593.06,1593.03,1593.03,-0.0,53.78,87254.13,-1
2024-07-18,2024-07-18 14:59:00,1593.03,1593.03,1593.0,1593.0,-0.0,53.78,87254.13,-1
2024-07-18,2024-07-18 15:00:00,1593.0,1660.0,1590.0,1593.0,0.0,53.78,87254.13,0
2024-07-21,2024-07-21 11:00:00,1600.0,1604.2,1591.06,1599.92,-0.0,24.93,39694.47,-1
2024-07-21,2024-07-21 11:01:00,1599.92,1599.92,1599.83,1599.83,-0.01,24.93,39694.47,-1
2024-07-21,2024-07-21 11:02:00,1599.83,1599.83,1599.75,1599.75,-0.01,24.93,39694.47,-1
2024-07-21,2024-07-21 11:03:00,1599.75,1599.75,1599.67,1599.67,-0.01,24.93,39694.47,-1
2024-07-21,2024-07-21 11:04:00,1599.67,1599.67,1599.58,1599.58,-0.01,24.93,39694.47,-1
2024-07-21,2024-07-21 11:05:00,1599.58,1599.58,1599.5,1599.5,-0.01,24.93,39694.47,-1
2024-07-21,2024-07-21 11:06:00,1599.5,1599.5,1599.42,1599.42,-0.01,24.93,39694.47,-1
2024-07-21,2024-07-21 11:07:00,1599.42,1599.42,1599.33,1599.33,-0.01,24.93,39694.47,-1
2024-07-21,2024-07-21 11:08:00,1599.33,1599.33,1599.25,1599.25,-0.01,24.93,39694.47,-1
2024-07-21,2024-07-21 11:09:00,1599.25,1599.25,1599.17,1599.17,-0.01,24.93,39694.47,-1
2024-07-21,2024-07-21 11:10:00,1599.17,1599.17,1599.08,1599.08,-0.01,24.93,39694.47,-1
2024-07-21,2024-07-21 11:11:00,1599.08,1599.08,1599.0,1599.0,-0.01,24.93,39694.47,-1
2024-07-21,2024-07-21 11:12:00,1599.0,1599.0,1598.92,1598.92,-0.01,24.93,39694.47,-1
2024-07-21,2024-07-21 11:13:00,1598.92,1598.92,1598.83,1598.83,-0.01,24.93,39694.47,-1
2024-07-21,2024-07-21 11:14:00,1598.83,1598.83,1598.75,1598.75,-0.01,24.93,39694.47,-1
2024-07-21,2024-07-21 11:15:00,1598.75,1598.75,1598.67,1598.67,-0.01,24.93,39694.47,-1
2024-07-21,2024-07-21 11:16:00,1598.67,1598.67,1598.58,1598.58,-0.01,24.93,39694.47,-1
2024-07-21,2024-07-21 11:17:00,1598.58,1598.58,1598.5,1598.5,-0.01,24.93,39694.47,-1
2024-07-21,2024-07-21 11:18:00,1598.5,1598.5,1598.42,1598.42,-0.01,24.93,39694.47,-1
2024-07-21,2024-07-21 11:19:00,1598.42,1598.42,1598.33,1598.33,-0.01,24.93,39694.47,-1
2024-07-21,2024-07-21 11:20:00,1598.33,1598.33,1598.25,1598.25,-0.01,24.93,39694.47,-1
2024-07-21,2024-07-21 11:21:00,1598.25,1598.25,1598.17,1598.17,-0.01,24.93,39694.47,-1
2024-07-21,2024-07-21 11:22:00,1598.17,1598.17,1598.08,1598.08,-0.01,24.93,39694.47,-1
2024-07-21,2024-07-21 11:23:00,1598.08,1598.08,1598.0,1598.0,-0.01,24.93,39694.47,-1
2024-07-21,2024-07-21 11:24:00,1598.0,1598.0,1597.92,1597.92,-0.01,24.93,39694.47,-1
2024-07-21,2024-07-21 11:25:00,1597.92,1597.92,1597.83,1597.83,-0.01,24.93,39694.47,-1
2024-07-21,2024-07-21 11:26:00,1597.83,1597.83,1597.75,1597.75,-0.01,24.93,39694.47,-1
2024-07-21,2024-07-21 11:27:00,1597.75,1597.75,1597.67,1597.67,-0.01,24.93,39694.47,-1
2024-07-21,2024-07-21 11:28:00,1597.67,1597.67,1597.58,1597.58,-0.01,24.93,39694.47,-1
2024-07-21,2024-07-21 11:29:00,1597.58,1597.58,1597.5,1597.5,-0.01,24.93,39694.47,-1
2024-07-21,2024-07-21 11:30:00,1597.5,1597.5,1597.42,1597.42,-0.01,24.93,39694.47,-1
2024-07-21,2024-07-21 11:31:00,1597.42,1597.42,1597.33,1597.33,-0.01,24.93,39694.47,-1
2024-07-21,2024-07-21 11:32:00,1597.33,1597.33,1597.25,1597.25,-0.01,24.93,39694.47,-1
2024-07-21,2024-07-21 11:33:00,1597.25,1597.25,1597.17,1597.17,-0.01,24.93,39694.47,-1
2024-07-21,2024-07-21 11:34:00,1597.17,1597.17,1597.08,1597.08,-0.01,24.93,39694.47,-1
2024-07-21,2024-07-21 11:35:00,1597.08,1597.08,1597.0,1597.0,-0.01,24.93,39694.47,-1
2024-07-21,2024-07-21 11:36:00,1597.0,1597.0,1596.92,1596.92,-0.01,24.93,39694.47,-1
2024-07-21,2024-07-21 11:37:00,1596.92,1596.92,1596.83,1596.83,-0.01,24.93,39694.47,-1
2024-07-21,2024-07-21 11:38:00,1596.83,1596.83,1596.75,1596.75,-0.01,24.93,39694.47,-1
2024-07-21,2024-07-21 11:39:00,1596.75,1596.75,1596.67,1596.67,-0.01,24.93,39694.47,-1
2024-07-21,2024-07-21 11:40:00,1596.67,1596.67,1596.58,1596.58,-0.01,24.93,39694.47,-1
2024-07-21,2024-07-21 11:41:00,1596.58,1596.58,1596.5,1596.5,-0.01,24.93,39694.47,-1
2024-07-21,2024-07-21 11:42:00,1596.5,1596.5,1596.42,1596.42,-0.01,24.93,39694.47,-1
2024-07-21,2024-07-21 11:43:00,1596.42,1596.42,1596.33,1596.33,-0.01,24.93,39694.47,-1
2024-07-21,2024-07-21 11:44:00,1596.33,1596.33,1596.25,1596.25,-0.01,24.93,39694.47,-1
2024-07-21,2024-07-21 11:45:00,1596.25,1596.25,1596.17,1596.17,-0.01,24.93,39694.47,-1
2024-07-21,2024-07-21 11:46:00,1596.17,1596.17,1596.08,1596.08,-0.01,24.93,39694.47,-1
2024-07-21,2024-07-21 11:47:00,1596.08,1596.08,1596.0,1596.0,-0.01,24.93,39694.47,-1
2024-07-21,2024-07-21 11:48:00,1596.0,1596.0,1595.92,1595.92,-0.01,24.93,39694.47,-1
2024-07-21,2024-07-21 11:49:00,1595.92,1595.92,1595.83,1595.83,-0.01,24.93,39694.47,-1
2024-07-21,2024-07-21 11:50:00,1595.83,1595.83,1595.75,1595.75,-0.01,24.93,39694.47,-1
2024-07-21,2024-07-21 11:51:00,1595.75,1595.75,1595.67,1595.67,-0.01,24.93,39694.47,-1
2024-07-21,2024-07-21 11:52:00,1595.67,1595.67,1595.58,1595.58,-0.01,24.93,39694.47,-1
2024-07-21,2024-07-21 11:53:00,1595.58,1595.58,1595.5,1595.5,-0.01,24.93,39694.47,-1
2024-07-21,2024-07-21 11:54:00,1595.5,1595.5,1595.42,1595.42,-0.01,24.93,39694.47,-1
2024-07-21,2024-07-21 11:55:00,1595.42,1595.42,1595.33,1595.33,-0.01,24.93,39694.47,-1
2024-07-21,2024-07-21 11:56:00,1595.33,1595.33,1595.25,1595.25,-0.01,24.93,39694.47,-1
2024-07-21,2024-07-21 11:57:00,1595.25,1595.25,1595.17,1595.17,-0.01,24.93,39694.47,-1
2024-07-21,2024-07-21 11:58:00,1595.17,1595.17,1595.08,1595.08,-0.01,24.93,39694.47,-1
2024-07-21,2024-07-21 11:59:00,1595.08,1595.08,1595.0,1595.0,-0.01,24.93,39694.47,-1
2024-07-21,2024-07-21 12:00:00,1595.0,1595.0,1594.92,1594.92,-0.01,24.93,39694.47,-1
2024-07-21,2024-07-21 12:01:00,1594.92,1594.92,1594.83,1594.83,-0.01,24.93,39694.47,-1
2024-07-21,2024-07-21 12:02:00,1594.83,1594.83,1594.75,1594.75,-0.01,24.93,39694.47,-1
2024-07-21,2024-07-21 12:03:00,1594.75,1594.75,1594.67,1594.67,-0.01,24.93,39694.47,-1
2024-07-21,2024-07-21 12:04:00,1594.67,1594.67,1594.58,1594.58,-0.01,24.93,39694.47,-1
2024-07-21,2024-07-21 12:05:00,1594.58,1594.58,1594.5,1594.5,-0.01,24.93,39694.47,-1
2024-07-21,2024-07-21 12:06:00,1594.5,1594.5,1594.42,1594.42,-0.01,24.93,39694.47,-1
2024-07-21,2024-07-21 12:07:00,1594.42,1594.42,1594.33,1594.33,-0.01,24.93,39694.47,-1
2024-07-21,2024-07-21 12:08:00,1594.33,1594.33,1594.25,1594.25,-0.01,24.93,39694.47,-1
2024-07-21,2024-07-21 12:09:00,1594.25,1594.25,1594.17,1594.17,-0.01,24.93,39694.47,-1
2024-07-21,2024-07-21 12:10:00,1594.17,1594.17,1594.08,1594.08,-0.01,24.93,39694.47,-1
2024-07-21,2024-07-21 12:11:00,1594.08,1594.08,1594.0,1594.0,-0.01,24.93,39694.47,-1
2024-07-21,2024-07-21 12:12:00,1594.0,1594.0,1593.92,1593.92,-0.01,24.93,39694.47,-1
2024-07-21,2024-07-21 12:13:00,1593.92,1593.92,1593.83,1593.83,-0.01,24.93,39694.47,-1
2024-07-21,2024-07-21 12:14:00,1593.83,1593.83,1593.75,1593.75,-0.01,24.93,39694.47,-1
2024-07-21,2024-07-21 12:15:00,1593.75,1593.75,1593.67,1593.67,-0.01,24.93,39694.47,-1
2024-07-21,2024-07-21 12:16:00,1593.67,1593.67,1593.58,1593.58,-0.01,24.93,39694.47,-1
2024-07-21,2024-07-21 12:17:00,1593.58,1593.58,1593.5,1593.5,-0.01,24.93,39694.47,-1
2024-07-21,2024-07-21 12:18:00,1593.5,1593.5,1593.42,1593.42,-0.01,24.93,39694.47,-1
2024-07-21,2024-07-21 12:19:00,1593.42,1593.42,1593.33,1593.33,-0.01,24.93,39694.47,-1
2024-07-21,2024-07-21 12:20:00,1593.33,1593.33,1593.25,1593.25,-0.01,24.93,39694.47,-1
2024-07-21,2024-07-21 12:21:00,1593.25,1593.25,1593.17,1593.17,-0.01,24.93,39694.47,-1
2024-07-21,2024-07-21 12:22:00,1593.17,1593.17,1593.08,1593.08,-0.01,24.93,39694.47,-1
2024-07-21,2024-07-21 12:23:00,1593.08,1593.08,1593.0,1593.0,-0.01,24.93,39694.47,-1
2024-07-21,2024-07-21 12:24:00,1593.0,1593.0,1592.92,1592.92,-0.01,24.93,39694.47,-1
2024-07-21,2024-07-21 12:25:00,1592.92,1592.92,1592.83,1592.83,-0.01,24.93,39694.47,-1
2024-07-21,2024-07-21 12:26:00,1592.83,1592.83,1592.75,1592.75,-0.01,24.93,39694.47,-1
2024-07-21,2024-07-21 12:27:00,1592.75,1592.75,1592.67,1592.67,-0.01,24.93,39694.47,-1
2024-07-21,2024-07-21 12:28:00,1592.67,1592.67,1592.58,1592.58,-0.01,24.93,39694.47,-1
2024-07-21,2024-07-21 12:29:00,1592.58,1592.58,1592.5,1592.5,-0.01,24.93,39694.47,-1
2024-07-21,2024-07-21 12:30:00,1592.5,1592.5,1592.42,1592.42,-0.01,24.93,39694.47,-1
2024-07-21,2024-07-21 12:31:00,1592.42,1592.42,1592.33,1592.33,-0.01,24.93,39694.47,-1
2024-07-21,2024-07-21 12:32:00,1592.33,1592.33,1592.25,1592.25,-0.01,24.93,39694.47,-1
2024-07-21,2024-07-21 12:33:00,1592.25,1592.25,1592.17,1592.17,-0.01,24.93,39694.47,-1
2024-07-21,2024-07-21 12:34:00,1592.17,1592.17,1592.08,1592.08,-0.01,24.93,39694.47,-1
2024-07-21,2024-07-21 12:35:00,1592.08,1592.08,1592.0,1592.0,-0.01,24.93,39694.47,-1
2024-07-21,2024-07-21 12:36:00,1592.0,1592.0,1591.92,1591.92,-0.01,24.93,39694.47,-1
2024-07-21,2024-07-21 12:37:00,1591.92,1591.92,1591.83,1591.83,-0.01,24.93,39694.47,-1
2024-07-21,2024-07-21 12:38:00,1591.83,1591.83,1591.75,1591.75,-0.01,24.93,39694.47,-1
2024-07-21,2024-07-21 12:39:00,1591.75,1591.75,1591.67,1591.67,-0.01,24.93,39694.47,-1
2024-07-21,2024-07-21 12:40:00,1591.67,1591.67,1591.58,1591.58,-0.01,24.93,39694.47,-1
2024-07-21,2024-07-21 12:41:00,1591.58,1591.58,1591.5,1591.5,-0.01,24.93,39694.47,-1
2024-07-21,2024-07-21 12:42:00,1591.5,1591.5,1591.42,1591.42,-0.01,24.93,39694.47,-1
2024-07-21,2024-07-21 12:43:00,1591.42,1591.42,1591.33,1591.33,-0.01,24.93,39694.47,-1
2024-07-21,2024-07-21 12:44:00,1591.33,1591.33,1591.25,1591.25,-0.01,24.93,39694.47,-1
2024-07-21,2024-07-21 12:45:00,1591.25,1591.25,1591.17,1591.17,-0.01,24.93,39694.47,-1
2024-07-21,2024-07-21 12:46:00,1591.17,1591.17,1591.08,1591.08,-0.01,24.93,39694.47,-1
2024-07-21,2024-07-21 12:47:00,1591.08,1591.08,1591.0,1591.0,-0.01,24.93,39694.47,-1
2024-07-21,2024-07-21 12:48:00,1591.0,1591.0,1590.92,1590.92,-0.01,24.93,39694.47,-1
2024-07-21,2024-07-21 12:49:00,1590.92,1590.92,1590.83,1590.83,-0.01,24.93,39694.47,-1
2024-07-21,2024-07-21 12:50:00,1590.83,1590.83,1590.75,1590.75,-0.01,24.93,39694.47,-1
2024-07-21,2024-07-21 12:51:00,1590.75,1590.75,1590.67,1590.67,-0.01,24.93,39694.47,-1
2024-07-21,2024-07-21 12:52:00,1590.67,1590.67,1590.58,1590.58,-0.01,24.93,39694.47,-1
2024-07-21,2024-07-21 12:53:00,1590.58,1590.58,1590.5,1590.5,-0.01,24.93,39694.47,-1
2024-07-21,2024-07-21 12:54:00,1590.5,1590.5,1590.42,1590.42,-0.01,24.93,39694.47,-1
2024-07-21,2024-07-21 12:55:00,1590.42,1590.42,1590.33,1590.33,-0.01,24.93,39694.47,-1
2024-07-21,2024-07-21 12:56:00,1590.33,1590.33,1590.25,1590.25,-0.01,24.93,39694.47,-1
2024-07-21,2024-07-21 12:57:00,1590.25,1590.25,1590.17,1590.17,-0.01,24.93,39694.47,-1
2024-07-21,2024-07-21 12:58:00,1590.17,1590.17,1590.08,1590.08,-0.01,24.93,39694.47,-1
2024-07-21,2024-07-21 12:59:00,1590.08,1590.08,1590.0,1590.0,-0.01,24.93,39694.47,-1
2024-07-21,2024-07-21 13:00:00,1590.0,1614.0,1570.2,1589.92,-0.01,24.93,39694.47,-1
2024-07-21,2024-07-21 13:01:00,1589.92,1589.92,1589.83,1589.83,-0.01,24.93,39694.47,-1
2024-07-21,2024-07-21 13:02:00,1589.83,1589.83,1589.75,1589.75,-0.01,24.93,39694.47,-1
2024-07-21,2024-07-21 13:03:00,1589.75,1589.75,1589.67,1589.67,-0.01,24.93,39694.47,-1
2024-07-21,2024-07-21 13:04:00,1589.67,1589.67,1589.58,1589.58,-0.01,24.93,39694.47,-1
2024-07-21,2024-07-21 13:05:00,1589.58,1589.58,1589.5,1589.5,-0.01,24.93,39694.47,-1
2024-07-21,2024-07-21 13:06:00,1589.5,1589.5,1589.42,1589.42,-0.01,24.93,39694.47,-1
2024-07-21,2024-07-21 13:07:00,1589.42,1589.42,1589.33,1589.33,-0.01,24.93,39694.47,-1
2024-07-21,2024-07-21 13:08:00,1589.33,1589.33,1589.25,1589.25,-0.01,24.93,39694.47,-1
2024-07-21,2024-07-21 13:09:00,1589.25,1589.25,1589.17,1589.17,-0.01,24.93,39694.47,-1
2024-07-21,2024-07-21 13:10:00,1589.17,1589.17,1589.08,1589.08,-0.01,24.93,39694.47,-1
2024-07-21,2024-07-21 13:11:00,1589.08,1589.08,1589.0,1589.0,-0.01,24.93,39694.47,-1
2024-07-21,2024-07-21 13:12:00,1589.0,1589.0,1588.92,1588.92,-0.01,24.93,39694.47,-1
2024-07-21,2024-07-21 13:13:00,1588.92,1588.92,1588.83,1588.83,-0.01,24.93,39694.47,-1
2024-07-21,2024-07-21 13:14:00,1588.83,1588.83,1588.75,1588.75,-0.01,24.93,39694.47,-1
2024-07-21,2024-07-21 13:15:00,1588.75,1588.75,1588.67,1588.67,-0.01,24.93,39694.47,-1
2024-07-21,2024-07-21 13:16:00,1588.67,1588.67,1588.58,1588.58,-0.01,24.93,39694.47,-1
2024-07-21,2024-07-21 13:17:00,1588.58,1588.58,1588.5,1588.5,-0.01,24.93,39694.47,-1
2024-07-21,2024-07-21 13:18:00,1588.5,1588.5,1588.42,1588.42,-0.01,24.93,39694.47,-1
2024-07-21,2024-07-21 13:19:00,1588.42,1588.42,1588.33,1588.33,-0.01,24.93,39694.47,-1
2024-07-21,2024-07-21 13:20:00,1588.33,1588.33,1588.25,1588.25,-0.01,24.93,39694.47,-1
2024-07-21,2024-07-21 13:21:00,1588.25,1588.25,1588.17,1588.17,-0.01,24.93,39694.47,-1
2024-07-21,2024-07-21 13:22:00,1588.17,1588.17,1588.08,1588.08,-0.01,24.93,39694.47,-1
2024-07-21,2024-07-21 13:23:00,1588.08,1588.08,1588.0,1588.0,-0.01,24.93,39694.47,-1
2024-07-21,2024-07-21 13:24:00,1588.0,1588.0,1587.92,1587.92,-0.01,24.93,39694.47,-1
2024-07-21,2024-07-21 13:25:00,1587.92,1587.92,1587.83,1587.83,-0.01,24.93,39694.47,-1
2024-07-21,2024-07-21 13:26:00,1587.83,1587.83,1587.75,1587.75,-0.01,24.93,39694.47,-1
2024-07-21,2024-07-21 13:27:00,1587.75,1587.75,1587.67,1587.67,-0.01,24.93,39694.47,-1
2024-07-21,2024-07-21 13:28:00,1587.67,1587.67,1587.58,1587.58,-0.01,24.93,39694.47,-1
2024-07-21,2024-07-21 13:29:00,1587.58,1587.58,1587.5,1587.5,-0.01,24.93,39694.47,-1
2024-07-21,2024-07-21 13:30:00,1587.5,1587.5,1587.42,1587.42,-0.01,24.93,39694.47,-1
2024-07-21,2024-07-21 13:31:00,1587.42,1587.42,1587.33,1587.33,-0.01,24.93,39694.47,-1
2024-07-21,2024-07-21 13:32:00,1587.33,1587.33,1587.25,1587.25,-0.01,24.93,39694.47,-1
2024-07-21,2024-07-21 13:33:00,1587.25,1587.25,1587.17,1587.17,-0.01,24.93,39694.47,-1
2024-07-21,2024-07-21 13:34:00,1587.17,1587.17,1587.08,1587.08,-0.01,24.93,39694.47,-1
2024-07-21,2024-07-21 13:35:00,1587.08,1587.08,1587.0,1587.0,-0.01,24.93,39694.47,-1
2024-07-21,2024-07-21 13:36:00,1587.0,1587.0,1586.92,1586.92,-0.01,24.93,39694.47,-1
2024-07-21,2024-07-21 13:37:00,1586.92,1586.92,1586.83,1586.83,-0.01,24.93,39694.47,-1
2024-07-21,2024-07-21 13:38:00,1586.83,1586.83,1586.75,1586.75,-0.01,24.93,39694.47,-1
2024-07-21,2024-07-21 13:39:00,1586.75,1586.75,1586.67,1586.67,-0.01,24.93,39694.47,-1
2024-07-21,2024-07-21 13:40:00,1586.67,1586.67,1586.58,1586.58,-0.01,24.93,39694.47,-1
2024-07-21,2024-07-21 13:41:00,1586.58,1586.58,1586.5,1586.5,-0.01,24.93,39694.47,-1
2024-07-21,2024-07-21 13:42:00,1586.5,1586.5,1586.42,1586.42,-0.01,24.93,39694.47,-1
2024-07-21,2024-07-21 13:43:00,1586.42,1586.42,1586.33,1586.33,-0.01,24.93,39694.47,-1
2024-07-21,2024-07-21 13:44:00,1586.33,1586.33,1586.25,1586.25,-0.01,24.93,39694.47,-1
2024-07-21,2024-07-21 13:45:00,1586.25,1586.25,1586.17,1586.17,-0.01,24.93,39694.47,-1
2024-07-21,2024-07-21 13:46:00,1586.17,1586.17,1586.08,1586.08,-0.01,24.93,39694.47,-1
2024-07-21,2024-07-21 13:47:00,1586.08,1586.08,1586.0,1586.0,-0.01,24.93,39694.47,-1
2024-07-21,2024-07-21 13:48:00,1586.0,1586.0,1585.92,1585.92,-0.01,24.93,39694.47,-1
2024-07-21,2024-07-21 13:49:00,1585.92,1585.92,1585.83,1585.83,-0.01,24.93,39694.47,-1
2024-07-21,2024-07-21 13:50:00,1585.83,1585.83,1585.75,1585.75,-0.01,24.93,39694.47,-1
2024-07-21,2024-07-21 13:51:00,1585.75,1585.75,1585.67,1585.67,-0.01,24.93,39694.47,-1
2024-07-21,2024-07-21 13:52:00,1585.67,1585.67,1585.58,1585.58,-0.01,24.93,39694.47,-1
2024-07-21,2024-07-21 13:53:00,1585.58,1585.58,1585.5,1585.5,-0.01,24.93,39694.47,-1
2024-07-21,2024-07-21 13:54:00,1585.5,1585.5,1585.42,1585.42,-0.01,24.93,39694.47,-1
2024-07-21,2024-07-21 13:55:00,1585.42,1585.42,1585.33,1585.33,-0.01,24.93,39694.47,-1
2024-07-21,2024-07-21 13:56:00,1585.33,1585.33,1585.25,1585.25,-0.01,24.93,39694.47,-1
2024-07-21,2024-07-21 13:57:00,1585.25,1585.25,1585.17,1585.17,-0.01,24.93,39694.47,-1
2024-07-21,2024-07-21 13:58:00,1585.17,1585.17,1585.08,1585.08,-0.01,24.93,39694.47,-1
2024-07-21,2024-07-21 13:59:00,1585.08,1585.08,1585.0,1585.0,-0.01,24.93,39694.47,-1
2024-07-21,2024-07-21 14:00:00,1585.0,1585.0,1584.92,1584.92,-0.01,24.93,39694.47,-1
2024-07-21,2024-07-21 14:01:00,1584.92,1584.92,1584.83,1584.83,-0.01,24.93,39694.47,-1
2024-07-21,2024-07-21 14:02:00,1584.83,1584.83,1584.75,1584.75,-0.01,24.93,39694.47,-1
2024-07-21,2024-07-21 14:03:00,1584.75,1584.75,1584.67,1584.67,-0.01,24.93,39694.47,-1
2024-07-21,2024-07-21 14:04:00,1584.67,1584.67,1584.58,1584.58,-0.01,24.93,39694.47,-1
2024-07-21,2024-07-21 14:05:00,1584.58,1584.58,1584.5,1584.5,-0.01,24.93,39694.47,-1
2024-07-21,2024-07-21 14:06:00,1584.5,1584.5,1584.42,1584.42,-0.01,24.93,39694.47,-1
2024-07-21,2024-07-21 14:07:00,1584.42,1584.42,1584.33,1584.33,-0.01,24.93,39694.47,-1
2024-07-21,2024-07-21 14:08:00,1584.33,1584.33,1584.25,1584.25,-0.01,24.93,39694.47,-1
2024-07-21,2024-07-21 14:09:00,1584.25,1584.25,1584.17,1584.17,-0.01,24.93,39694.47,-1
2024-07-21,2024-07-21 14:10:00,1584.17,1584.17,1584.08,1584.08,-0.01,24.93,39694.47,-1
2024-07-21,2024-07-21 14:11:00,1584.08,1584.08,1584.0,1584.0,-0.01,24.93,39694.47,-1
2024-07-21,2024-07-21 14:12:00,1584.0,1584.0,1583.92,1583.92,-0.01,24.93,39694.47,-1
2024-07-21,2024-07-21 14:13:00,1583.92,1583.92,1583.83,1583.83,-0.01,24.93,39694.47,-1
2024-07-21,2024-07-21 14:14:00,1583.83,1583.83,1583.75,1583.75,-0.01,24.93,39694.47,-1
2024-07-21,2024-07-21 14:15:00,1583.75,1583.75,1583.67,1583.67,-0.01,24.93,39694.47,-1
2024-07-21,2024-07-21 14:16:00,1583.67,1583.67,1583.58,1583.58,-0.01,24.93,39694.47,-1
2024-07-21,2024-07-21 14:17:00,1583.58,1583.58,1583.5,1583.5,-0.01,24.93,39694.47,-1
2024-07-21,2024-07-21 14:18:00,1583.5,1583.5,1583.42,1583.42,-0.01,24.93,39694.47,-1
2024-07-21,2024-07-21 14:19:00,1583.42,1583.42,1583.33,1583.33,-0.01,24.93,39694.47,-1
2024-07-21,2024-07-21 14:20:00,1583.33,1583.33,1583.25,1583.25,-0.01,24.93,39694.47,-1
2024-07-21,2024-07-21 14:21:00,1583.25,1583.25,1583.17,1583.17,-0.01,24.93,39694.47,-1
2024-07-21,2024-07-21 14:22:00,1583.17,1583.17,1583.08,1583.08,-0.01,24.93,39694.47,-1
2024-07-21,2024-07-21 14:23:00,1583.08,1583.08,1583.0,1583.0,-0.01,24.93,39694.47,-1
2024-07-21,2024-07-21 14:24:00,1583.0,1583.0,1582.92,1582.92,-0.01,24.93,39694.47,-1
2024-07-21,2024-07-21 14:25:00,1582.92,1582.92,1582.83,1582.83,-0.01,24.93,39694.47,-1
2024-07-21,2024-07-21 14:26:00,1582.83,1582.83,1582.75,1582.75,-0.01,24.93,39694.47,-1
2024-07-21,2024-07-21 14:27:00,1582.75,1582.75,1582.67,1582.67,-0.01,24.93,39694.47,-1
2024-07-21,2024-07-21 14:28:00,1582.67,1582.67,1582.58,1582.58,-0.01,24.93,39694.47,-1
2024-07-21,2024-07-21 14:29:00,1582.58,1582.58,1582.5,1582.5,-0.01,24.93,39694.47,-1
2024-07-21,2024-07-21 14:30:00,1582.5,1582.5,1582.42,1582.42,-0.01,24.93,39694.47,-1
2024-07-21,2024-07-21 14:31:00,1582.42,1582.42,1582.33,1582.33,-0.01,24.93,39694.47,-1
2024-07-21,2024-07-21 14:32:00,1582.33,1582.33,1582.25,1582.25,-0.01,24.93,39694.47,-1
2024-07-21,2024-07-21 14:33:00,1582.25,1582.25,1582.17,1582.17,-0.01,24.93,39694.47,-1
2024-07-21,2024-07-21 14:34:00,1582.17,1582.17,1582.08,1582.08,-0.01,24.93,39694.47,-1
2024-07-21,2024-07-21 14:35:00,1582.08,1582.08,1582.0,1582.0,-0.01,24.93,39694.47,-1
2024-07-21,2024-07-21 14:36:00,1582.0,1582.0,1581.92,1581.92,-0.01,24.93,39694.47,-1
2024-07-21,2024-07-21 14:37:00,1581.92,1581.92,1581.83,1581.83,-0.01,24.93,39694.47,-1
2024-07-21,2024-07-21 14:38:00,1581.83,1581.83,1581.75,1581.75,-0.01,24.93,39694.47,-1
2024-07-21,2024-07-21 14:39:00,1581.75,1581.75,1581.67,1581.67,-0.01,24.93,39694.47,-1
2024-07-21,2024-07-21 14:40:00,1581.67,1581.67,1581.58,1581.58,-0.01,24.93,39694.47,-1
2024-07-21,2024-07-21 14:41:00,1581.58,1581.58,1581.5,1581.5,-0.01,24.93,39694.47,-1
2024-07-21,2024-07-21 14:42:00,1581.5,1581.5,1581.42,1581.42,-0.01,24.93,39694.47,-1
2024-07-21,2024-07-21 14:43:00,1581.42,1581.42,1581.33,1581.33,-0.01,24.93,39694.47,-1
2024-07-21,2024-07-21 14:44:00,1581.33,1581.33,1581.25,1581.25,-0.01,24.93,39694.47,-1
2024-07-21,2024-07-21 14:45:00,1581.25,1581.25,1581.17,1581.17,-0.01,24.93,39694.47,-1
2024-07-21,2024-07-21 14:46:00,1581.17,1581.17,1581.08,1581.08,-0.01,24.93,39694.47,-1
2024-07-21,2024-07-21 14:47:00,1581.08,1581.08,1581.0,1581.0,-0.01,24.93,39694.47,-1
2024-07-21,2024-07-21 14:48:00,1581.0,1581.0,1580.92,1580.92,-0.01,24.93,39694.47,-1
2024-07-21,2024-07-21 14:49:00,1580.92,1580.92,1580.83,1580.83,-0.01,24.93,39694.47,-1
2024-07-21,2024-07-21 14:50:00,1580.83,1580.83,1580.75,1580.75,-0.01,24.93,39694.47,-1
2024-07-21,2024-07-21 14:51:00,1580.75,1580.75,1580.67,1580.67,-0.01,24.93,39694.47,-1
2024-07-21,2024-07-21 14:52:00,1580.67,1580.67,1580.58,1580.58,-0.01,24.93,39694.47,-1
2024-07-21,2024-07-21 14:53:00,1580.58,1580.58,1580.5,1580.5,-0.01,24.93,39694.47,-1
2024-07-21,2024-07-21 14:54:00,1580.5,1580.5,1580.42,1580.42,-0.01,24.93,39694.47,-1
2024-07-21,2024-07-21 14:55:00,1580.42,1580.42,1580.33,1580.33,-0.01,24.93,39694.47,-1
2024-07-21,2024-07-21 14:56:00,1580.33,1580.33,1580.25,1580.25,-0.01,24.93,39694.47,-1
2024-07-21,2024-07-21 14:57:00,1580.25,1580.25,1580.17,1580.17,-0.01,24.93,39694.47,-1
2024-07-21,2024-07-21 14:58:00,1580.17,1580.17,1580.08,1580.08,-0.01,24.93,39694.47,-1
2024-07-21,2024-07-21 14:59:00,1580.08,1580.08,1580.0,1580.0,-0.01,24.93,39694.47,-1
2024-07-21,2024-07-21 15:00:00,1580.0,1614.0,1570.2,1580.0,0.0,24.93,39694.47,0
2024-07-22,2024-07-22 11:00:00,1607.9,1607.9,1598.27,1607.79,-0.01,18.42,29249.82,-1
2024-07-22,2024-07-22 11:01:00,1607.79,1607.79,1607.68,1607.68,-0.01,18.42,29249.82,-1
2024-07-22,2024-07-22 11:02:00,1607.68,1607.68,1607.56,1607.56,-0.01,18.42,29249.82,-1
2024-07-22,2024-07-22 11:03:00,1607.56,1607.56,1607.45,1607.45,-0.01,18.42,29249.82,-1
2024-07-22,2024-07-22 11:04:00,1607.45,1607.45,1607.34,1607.34,-0.01,18.42,29249.82,-1
2024-07-22,2024-07-22 11:05:00,1607.34,1607.34,1607.23,1607.23,-0.01,18.42,29249.82,-1
2024-07-22,2024-07-22 11:06:00,1607.23,1607.23,1607.12,1607.12,-0.01,18.42,29249.82,-1
2024-07-22,2024-07-22 11:07:00,1607.12,1607.12,1607.0,1607.0,-0.01,18.42,29249.82,-1
2024-07-22,2024-07-22 11:08:00,1607.0,1607.0,1606.89,1606.89,-0.01,18.42,29249.82,-1
2024-07-22,2024-07-22 11:09:00,1606.89,1606.89,1606.78,1606.78,-0.01,18.42,29249.82,-1
2024-07-22,2024-07-22 11:10:00,1606.78,1606.78,1606.67,1606.67,-0.01,18.42,29249.82,-1
2024-07-22,2024-07-22 11:11:00,1606.67,1606.67,1606.56,1606.56,-0.01,18.42,29249.82,-1
2024-07-22,2024-07-22 11:12:00,1606.56,1606.56,1606.44,1606.44,-0.01,18.42,29249.82,-1
2024-07-22,2024-07-22 11:13:00,1606.44,1606.44,1606.33,1606.33,-0.01,18.42,29249.82,-1
2024-07-22,2024-07-22 11:14:00,1606.33,1606.33,1606.22,1606.22,-0.01,18.42,29249.82,-1
2024-07-22,2024-07-22 11:15:00,1606.22,1606.22,1606.11,1606.11,-0.01,18.42,29249.82,-1
2024-07-22,2024-07-22 11:16:00,1606.11,1606.11,1605.99,1605.99,-0.01,18.42,29249.82,-1
2024-07-22,2024-07-22 11:17:00,1605.99,1605.99,1605.88,1605.88,-0.01,18.42,29249.82,-1
2024-07-22,2024-07-22 11:18:00,1605.88,1605.88,1605.77,1605.77,-0.01,18.42,29249.82,-1
2024-07-22,2024-07-22 11:19:00,1605.77,1605.77,1605.66,1605.66,-0.01,18.42,29249.82,-1
2024-07-22,2024-07-22 11:20:00,1605.66,1605.66,1605.55,1605.55,-0.01,18.42,29249.82,-1
2024-07-22,2024-07-22 11:21:00,1605.55,1605.55,1605.43,1605.43,-0.01,18.42,29249.82,-1
2024-07-22,2024-07-22 11:22:00,1605.43,1605.43,1605.32,1605.32,-0.01,18.42,29249.82,-1
2024-07-22,2024-07-22 11:23:00,1605.32,1605.32,1605.21,1605.21,-0.01,18.42,29249.82,-1
2024-07-22,2024-07-22 11:24:00,1605.21,1605.21,1605.1,1605.1,-0.01,18.42,29249.82,-1
2024-07-22,2024-07-22 11:25:00,1605.1,1605.1,1604.99,1604.99,-0.01,18.42,29249.82,-1
2024-07-22,2024-07-22 11:26:00,1604.99,1604.99,1604.87,1604.87,-0.01,18.42,29249.82,-1
2024-07-22,2024-07-22 11:27:00,1604.87,1604.87,1604.76,1604.76,-0.01,18.42,29249.82,-1
2024-07-22,2024-07-22 11:28:00,1604.76,1604.76,1604.65,1604.65,-0.01,18.42,29249.82,-1
2024-07-22,2024-07-22 11:29:00,1604.65,1604.65,1604.54,1604.54,-0.01,18.42,29249.82,-1
2024-07-22,2024-07-22 11:30:00,1604.54,1604.54,1604.43,1604.43,-0.01,18.42,29249.82,-1
2024-07-22,2024-07-22 11:31:00,1604.43,1604.43,1604.31,1604.31,-0.01,18.42,29249.82,-1
2024-07-22,2024-07-22 11:32:00,1604.31,1604.31,1604.2,1604.2,-0.01,18.42,29249.82,-1
2024-07-22,2024-07-22 11:33:00,1604.2,1604.2,1604.09,1604.09,-0.01,18.42,29249.82,-1
2024-07-22,2024-07-22 11:34:00,1604.09,1604.09,1603.98,1603.98,-0.01,18.42,29249.82,-1
2024-07-22,2024-07-22 11:35:00,1603.98,1603.98,1603.87,1603.87,-0.01,18.42,29249.82,-1
2024-07-22,2024-07-22 11:36:00,1603.87,1603.87,1603.75,1603.75,-0.01,18.42,29249.82,-1
2024-07-22,2024-07-22 11:37:00,1603.75,1603.75,1603.64,1603.64,-0.01,18.42,29249.82,-1
2024-07-22,2024-07-22 11:38:00,1603.64,1603.64,1603.53,1603.53,-0.01,18.42,29249.82,-1
2024-07-22,2024-07-22 11:39:00,1603.53,1603.53,1603.42,1603.42,-0.01,18.42,29249.82,-1
2024-07-22,2024-07-22 11:40:00,1603.42,1603.42,1603.3,1603.3,-0.01,18.42,29249.82,-1
2024-07-22,2024-07-22 11:41:00,1603.3,1603.3,1603.19,1603.19,-0.01,18.42,29249.82,-1
2024-07-22,2024-07-22 11:42:00,1603.19,1603.19,1603.08,1603.08,-0.01,18.42,29249.82,-1
2024-07-22,2024-07-22 11:43:00,1603.08,1603.08,1602.97,1602.97,-0.01,18.42,29249.82,-1
2024-07-22,2024-07-22 11:44:00,1602.97,1602.97,1602.86,1602.86,-0.01,18.42,29249.82,-1
2024-07-22,2024-07-22 11:45:00,1602.86,1602.86,1602.74,1602.74,-0.01,18.42,29249.82,-1
2024-07-22,2024-07-22 11:46:00,1602.74,1602.74,1602.63,1602.63,-0.01,18.42,29249.82,-1
2024-07-22,2024-07-22 11:47:00,1602.63,1602.63,1602.52,1602.52,-0.01,18.42,29249.82,-1
2024-07-22,2024-07-22 11:48:00,1602.52,1602.52,1602.41,1602.41,-0.01,18.42,29249.82,-1
2024-07-22,2024-07-22 11:49:00,1602.41,1602.41,1602.3,1602.3,-0.01,18.42,29249.82,-1
2024-07-22,2024-07-22 11:50:00,1602.3,1602.3,1602.18,1602.18,-0.01,18.42,29249.82,-1
2024-07-22,2024-07-22 11:51:00,1602.18,1602.18,1602.07,1602.07,-0.01,18.42,29249.82,-1
2024-07-22,2024-07-22 11:52:00,1602.07,1602.07,1601.96,1601.96,-0.01,18.42,29249.82,-1
2024-07-22,2024-07-22 11:53:00,1601.96,1601.96,1601.85,1601.85,-0.01,18.42,29249.82,-1
2024-07-22,2024-07-22 11:54:00,1601.85,1601.85,1601.74,1601.74,-0.01,18.42,29249.82,-1
2024-07-22,2024-07-22 11:55:00,1601.74,1601.74,1601.62,1601.62,-0.01,18.42,29249.82,-1
2024-07-22,2024-07-22 11:56:00,1601.62,1601.62,1601.51,1601.51,-0.01,18.42,29249.82,-1
2024-07-22,2024-07-22 11:57:00,1601.51,1601.51,1601.4,1601.4,-0.01,18.42,29249.82,-1
2024-07-22,2024-07-22 11:58:00,1601.4,1601.4,1601.29,1601.29,-0.01,18.42,29249.82,-1
2024-07-22,2024-07-22 11:59:00,1601.29,1601.29,1601.18,1601.18,-0.01,18.42,29249.82,-1
2024-07-22,2024-07-22 12:00:00,1601.18,1601.18,1601.06,1601.06,-0.01,18.42,29249.82,-1
2024-07-22,2024-07-22 12:01:00,1601.06,1601.06,1600.95,1600.95,-0.01,18.42,29249.82,-1
2024-07-22,2024-07-22 12:02:00,1600.95,1600.95,1600.84,1600.84,-0.01,18.42,29249.82,-1
2024-07-22,2024-07-22 12:03:00,1600.84,1600.84,1600.73,1600.73,-0.01,18.42,29249.82,-1
2024-07-22,2024-07-22 12:04:00,1600.73,1600.73,1600.61,1600.61,-0.01,18.42,29249.82,-1
2024-07-22,2024-07-22 12:05:00,1600.61,1600.61,1600.5,1600.5,-0.01,18.42,29249.82,-1
2024-07-22,2024-07-22 12:06:00,1600.5,1600.5,1600.39,1600.39,-0.01,18.42,29249.82,-1
2024-07-22,2024-07-22 12:07:00,1600.39,1600.39,1600.28,1600.28,-0.01,18.42,29249.82,-1
2024-07-22,2024-07-22 12:08:00,1600.28,1600.28,1600.17,1600.17,-0.01,18.42,29249.82,-1
2024-07-22,2024-07-22 12:09:00,1600.17,1600.17,1600.05,1600.05,-0.01,18.42,29249.82,-1
2024-07-22,2024-07-22 12:10:00,1600.05,1600.05,1599.94,1599.94,-0.01,18.42,29249.82,-1
2024-07-22,2024-07-22 12:11:00,1599.94,1599.94,1599.83,1599.83,-0.01,18.42,29249.82,-1
2024-07-22,2024-07-22 12:12:00,1599.83,1599.83,1599.72,1599.72,-0.01,18.42,29249.82,-1
2024-07-22,2024-07-22 12:13:00,1599.72,1599.72,1599.61,1599.61,-0.01,18.42,29249.82,-1
2024-07-22,2024-07-22 12:14:00,1599.61,1599.61,1599.49,1599.49,-0.01,18.42,29249.82,-1
2024-07-22,2024-07-22 12:15:00,1599.49,1599.49,1599.38,1599.38,-0.01,18.42,29249.82,-1
2024-07-22,2024-07-22 12:16:00,1599.38,1599.38,1599.27,1599.27,-0.01,18.42,29249.82,-1
2024-07-22,2024-07-22 12:17:00,1599.27,1599.27,1599.16,1599.16,-0.01,18.42,29249.82,-1
2024-07-22,2024-07-22 12:18:00,1599.16,1599.16,1599.05,1599.05,-0.01,18.42,29249.82,-1
2024-07-22,2024-07-22 12:19:00,1599.05,1599.05,1598.93,1598.93,-0.01,18.42,29249.82,-1
2024-07-22,2024-07-22 12:20:00,1598.93,1598.93,1598.82,1598.82,-0.01,18.42,29249.82,-1
2024-07-22,2024-07-22 12:21:00,1598.82,1598.82,1598.71,1598.71,-0.01,18.42,29249.82,-1
2024-07-22,2024-07-22 12:22:00,1598.71,1598.71,1598.6,1598.6,-0.01,18.42,29249.82,-1
2024-07-22,2024-07-22 12:23:00,1598.6,1598.6,1598.49,1598.49,-0.01,18.42,29249.82,-1
2024-07-22,2024-07-22 12:24:00,1598.49,1598.49,1598.37,1598.37,-0.01,18.42,29249.82,-1
2024-07-22,2024-07-22 12:25:00,1598.37,1598.37,1598.26,1598.26,-0.01,18.42,29249.82,-1
2024-07-22,2024-07-22 12:26:00,1598.26,1598.26,1598.15,1598.15,-0.01,18.42,29249.82,-1
2024-07-22,2024-07-22 12:27:00,1598.15,1598.15,1598.04,1598.04,-0.01,18.42,29249.82,-1
2024-07-22,2024-07-22 12:28:00,1598.04,1598.04,1597.92,1597.92,-0.01,18.42,29249.82,-1
2024-07-22,2024-07-22 12:29:00,1597.92,1597.92,1597.81,1597.81,-0.01,18.42,29249.82,-1
2024-07-22,2024-07-22 12:30:00,1597.81,1597.81,1597.7,1597.7,-0.01,18.42,29249.82,-1
2024-07-22,2024-07-22 12:31:00,1597.7,1597.7,1597.59,1597.59,-0.01,18.42,29249.82,-1
2024-07-22,2024-07-22 12:32:00,1597.59,1597.59,1597.48,1597.48,-0.01,18.42,29249.82,-1
2024-07-22,2024-07-22 12:33:00,1597.48,1597.48,1597.36,1597.36,-0.01,18.42,29249.82,-1
2024-07-22,2024-07-22 12:34:00,1597.36,1597.36,1597.25,1597.25,-0.01,18.42,29249.82,-1
2024-07-22,2024-07-22 12:35:00,1597.25,1597.25,1597.14,1597.14,-0.01,18.42,29249.82,-1
2024-07-22,2024-07-22 12:36:00,1597.14,1597.14,1597.03,1597.03,-0.01,18.42,29249.82,-1
2024-07-22,2024-07-22 12:37:00,1597.03,1597.03,1596.92,1596.92,-0.01,18.42,29249.82,-1
2024-07-22,2024-07-22 12:38:00,1596.92,1596.92,1596.8,1596.8,-0.01,18.42,29249.82,-1
2024-07-22,2024-07-22 12:39:00,1596.8,1596.8,1596.69,1596.69,-0.01,18.42,29249.82,-1
2024-07-22,2024-07-22 12:40:00,1596.69,1596.69,1596.58,1596.58,-0.01,18.42,29249.82,-1
2024-07-22,2024-07-22 12:41:00,1596.58,1596.58,1596.47,1596.47,-0.01,18.42,29249.82,-1
2024-07-22,2024-07-22 12:42:00,1596.47,1596.47,1596.36,1596.36,-0.01,18.42,29249.82,-1
2024-07-22,2024-07-22 12:43:00,1596.36,1596.36,1596.24,1596.24,-0.01,18.42,29249.82,-1
2024-07-22,2024-07-22 12:44:00,1596.24,1596.24,1596.13,1596.13,-0.01,18.42,29249.82,-1
2024-07-22,2024-07-22 12:45:00,1596.13,1596.13,1596.02,1596.02,-0.01,18.42,29249.82,-1
2024-07-22,2024-07-22 12:46:00,1596.02,1596.02,1595.91,1595.91,-0.01,18.42,29249.82,-1
2024-07-22,2024-07-22 12:47:00,1595.91,1595.91,1595.8,1595.8,-0.01,18.42,29249.82,-1
2024-07-22,2024-07-22 12:48:00,1595.8,1595.8,1595.68,1595.68,-0.01,18.42,29249.82,-1
2024-07-22,2024-07-22 12:49:00,1595.68,1595.68,1595.57,1595.57,-0.01,18.42,29249.82,-1
2024-07-22,2024-07-22 12:50:00,1595.57,1595.57,1595.46,1595.46,-0.01,18.42,29249.82,-1
2024-07-22,2024-07-22 12:51:00,1595.46,1595.46,1595.35,1595.35,-0.01,18.42,29249.82,-1
2024-07-22,2024-07-22 12:52:00,1595.35,1595.35,1595.23,1595.23,-0.01,18.42,29249.82,-1
2024-07-22,2024-07-22 12:53:00,1595.23,1595.23,1595.12,1595.12,-0.01,18.42,29249.82,-1
2024-07-22,2024-07-22 12:54:00,1595.12,1595.12,1595.01,1595.01,-0.01,18.42,29249.82,-1
2024-07-22,2024-07-22 12:55:00,1595.01,1595.01,1594.9,1594.9,-0.01,18.42,29249.82,-1
2024-07-22,2024-07-22 12:56:00,1594.9,1594.9,1594.79,1594.79,-0.01,18.42,29249.82,-1
2024-07-22,2024-07-22 12:57:00,1594.79,1594.79,1594.67,1594.67,-0.01,18.42,29249.82,-1
2024-07-22,2024-07-22 12:58:00,1594.67,1594.67,1594.56,1594.56,-0.01,18.42,29249.82,-1
2024-07-22,2024-07-22 12:59:00,1594.56,1594.56,1594.45,1594.45,-0.01,18.42,29249.82,-1
2024-07-22,2024-07-22 13:00:00,1594.45,1607.9,1575.8,1594.34,-0.01,18.42,29249.82,-1
2024-07-22,2024-07-22 13:01:00,1594.34,1594.34,1594.23,1594.23,-0.01,18.42,29249.82,-1
2024-07-22,2024-07-22 13:02:00,1594.23,1594.23,1594.11,1594.11,-0.01,18.42,29249.82,-1
2024-07-22,2024-07-22 13:03:00,1594.11,1594.11,1594.0,1594.0,-0.01,18.42,29249.82,-1
2024-07-22,2024-07-22 13:04:00,1594.0,1594.0,1593.89,1593.89,-0.01,18.42,29249.82,-1
2024-07-22,2024-07-22 13:05:00,1593.89,1593.89,1593.78,1593.78,-0.01,18.42,29249.82,-1
2024-07-22,2024-07-22 13:06:00,1593.78,1593.78,1593.67,1593.67,-0.01,18.42,29249.82,-1
2024-07-22,2024-07-22 13:07:00,1593.67,1593.67,1593.55,1593.55,-0.01,18.42,29249.82,-1
2024-07-22,2024-07-22 13:08:00,1593.55,1593.55,1593.44,1593.44,-0.01,18.42,29249.82,-1
2024-07-22,2024-07-22 13:09:00,1593.44,1593.44,1593.33,1593.33,-0.01,18.42,29249.82,-1
2024-07-22,2024-07-22 13:10:00,1593.33,1593.33,1593.22,1593.22,-0.01,18.42,29249.82,-1
2024-07-22,2024-07-22 13:11:00,1593.22,1593.22,1593.11,1593.11,-0.01,18.42,29249.82,-1
2024-07-22,2024-07-22 13:12:00,1593.11,1593.11,1592.99,1592.99,-0.01,18.42,29249.82,-1
2024-07-22,2024-07-22 13:13:00,1592.99,1592.99,1592.88,1592.88,-0.01,18.42,29249.82,-1
2024-07-22,2024-07-22 13:14:00,1592.88,1592.88,1592.77,1592.77,-0.01,18.42,29249.82,-1
2024-07-22,2024-07-22 13:15:00,1592.77,1592.77,1592.66,1592.66,-0.01,18.42,29249.82,-1
2024-07-22,2024-07-22 13:16:00,1592.66,1592.66,1592.54,1592.54,-0.01,18.42,29249.82,-1
2024-07-22,2024-07-22 13:17:00,1592.54,1592.54,1592.43,1592.43,-0.01,18.42,29249.82,-1
2024-07-22,2024-07-22 13:18:00,1592.43,1592.43,1592.32,1592.32,-0.01,18.42,29249.82,-1
2024-07-22,2024-07-22 13:19:00,1592.32,1592.32,1592.21,1592.21,-0.01,18.42,29249.82,-1
2024-07-22,2024-07-22 13:20:00,1592.21,1592.21,1592.1,1592.1,-0.01,18.42,29249.82,-1
2024-07-22,2024-07-22 13:21:00,1592.1,1592.1,1591.98,1591.98,-0.01,18.42,29249.82,-1
2024-07-22,2024-07-22 13:22:00,1591.98,1591.98,1591.87,1591.87,-0.01,18.42,29249.82,-1
2024-07-22,2024-07-22 13:23:00,1591.87,1591.87,1591.76,1591.76,-0.01,18.42,29249.82,-1
2024-07-22,2024-07-22 13:24:00,1591.76,1591.76,1591.65,1591.65,-0.01,18.42,29249.82,-1
2024-07-22,2024-07-22 13:25:00,1591.65,1591.65,1591.54,1591.54,-0.01,18.42,29249.82,-1
2024-07-22,2024-07-22 13:26:00,1591.54,1591.54,1591.42,1591.42,-0.01,18.42,29249.82,-1
2024-07-22,2024-07-22 13:27:00,1591.42,1591.42,1591.31,1591.31,-0.01,18.42,29249.82,-1
2024-07-22,2024-07-22 13:28:00,1591.31,1591.31,1591.2,1591.2,-0.01,18.42,29249.82,-1
2024-07-22,2024-07-22 13:29:00,1591.2,1591.2,1591.09,1591.09,-0.01,18.42,29249.82,-1
2024-07-22,2024-07-22 13:30:00,1591.09,1591.09,1590.98,1590.98,-0.01,18.42,29249.82,-1
2024-07-22,2024-07-22 13:31:00,1590.98,1590.98,1590.86,1590.86,-0.01,18.42,29249.82,-1
2024-07-22,2024-07-22 13:32:00,1590.86,1590.86,1590.75,1590.75,-0.01,18.42,29249.82,-1
2024-07-22,2024-07-22 13:33:00,1590.75,1590.75,1590.64,1590.64,-0.01,18.42,29249.82,-1
2024-07-22,2024-07-22 13:34:00,1590.64,1590.64,1590.53,1590.53,-0.01,18.42,29249.82,-1
2024-07-22,2024-07-22 13:35:00,1590.53,1590.53,1590.41,1590.41,-0.01,18.42,29249.82,-1
2024-07-22,2024-07-22 13:36:00,1590.41,1590.41,1590.3,1590.3,-0.01,18.42,29249.82,-1
2024-07-22,2024-07-22 13:37:00,1590.3,1590.3,1590.19,1590.19,-0.01,18.42,29249.82,-1
2024-07-22,2024-07-22 13:38:00,1590.19,1590.19,1590.08,1590.08,-0.01,18.42,29249.82,-1
2024-07-22,2024-07-22 13:39:00,1590.08,1590.08,1589.97,1589.97,-0.01,18.42,29249.82,-1
2024-07-22,2024-07-22 13:40:00,1589.97,1589.97,1589.85,1589.85,-0.01,18.42,29249.82,-1
2024-07-22,2024-07-22 13:41:00,1589.85,1589.85,1589.74,1589.74,-0.01,18.42,29249.82,-1
2024-07-22,2024-07-22 13:42:00,1589.74,1589.74,1589.63,1589.63,-0.01,18.42,29249.82,-1
2024-07-22,2024-07-22 13:43:00,1589.63,1589.63,1589.52,1589.52,-0.01,18.42,29249.82,-1
2024-07-22,2024-07-22 13:44:00,1589.52,1589.52,1589.41,1589.41,-0.01,18.42,29249.82,-1
2024-07-22,2024-07-22 13:45:00,1589.41,1589.41,1589.29,1589.29,-0.01,18.42,29249.82,-1
2024-07-22,2024-07-22 13:46:00,1589.29,1589.29,1589.18,1589.18,-0.01,18.42,29249.82,-1
2024-07-22,2024-07-22 13:47:00,1589.18,1589.18,1589.07,1589.07,-0.01,18.42,29249.82,-1
2024-07-22,2024-07-22 13:48:00,1589.07,1589.07,1588.96,1588.96,-0.01,18.42,29249.82,-1
2024-07-22,2024-07-22 13:49:00,1588.96,1588.96,1588.85,1588.85,-0.01,18.42,29249.82,-1
2024-07-22,2024-07-22 13:50:00,1588.85,1588.85,1588.73,1588.73,-0.01,18.42,29249.82,-1
2024-07-22,2024-07-22 13:51:00,1588.73,1588.73,1588.62,1588.62,-0.01,18.42,29249.82,-1
2024-07-22,2024-07-22 13:52:00,1588.62,1588.62,1588.51,1588.51,-0.01,18.42,29249.82,-1
2024-07-22,2024-07-22 13:53:00,1588.51,1588.51,1588.4,1588.4,-0.01,18.42,29249.82,-1
2024-07-22,2024-07-22 13:54:00,1588.4,1588.4,1588.29,1588.29,-0.01,18.42,29249.82,-1
2024-07-22,2024-07-22 13:55:00,1588.29,1588.29,1588.17,1588.17,-0.01,18.42,29249.82,-1
2024-07-22,2024-07-22 13:56:00,1588.17,1588.17,1588.06,1588.06,-0.01,18.42,29249.82,-1
2024-07-22,2024-07-22 13:57:00,1588.06,1588.06,1587.95,1587.95,-0.01,18.42,29249.82,-1
2024-07-22,2024-07-22 13:58:00,1587.95,1587.95,1587.84,1587.84,-0.01,18.42,29249.82,-1
2024-07-22,2024-07-22 13:59:00,1587.84,1587.84,1587.72,1587.72,-0.01,18.42,29249.82,-1
2024-07-22,2024-07-22 14:00:00,1587.72,1587.72,1587.61,1587.61,-0.01,18.42,29249.82,-1
2024-07-22,2024-07-22 14:01:00,1587.61,1587.61,1587.5,1587.5,-0.01,18.42,29249.82,-1
2024-07-22,2024-07-22 14:02:00,1587.5,1587.5,1587.39,1587.39,-0.01,18.42,29249.82,-1
2024-07-22,2024-07-22 14:03:00,1587.39,1587.39,1587.28,1587.28,-0.01,18.42,29249.82,-1
2024-07-22,2024-07-22 14:04:00,1587.28,1587.28,1587.16,1587.16,-0.01,18.42,29249.82,-1
2024-07-22,2024-07-22 14:05:00,1587.16,1587.16,1587.05,1587.05,-0.01,18.42,29249.82,-1
2024-07-22,2024-07-22 14:06:00,1587.05,1587.05,1586.94,1586.94,-0.01,18.42,29249.82,-1
2024-07-22,2024-07-22 14:07:00,1586.94,1586.94,1586.83,1586.83,-0.01,18.42,29249.82,-1
2024-07-22,2024-07-22 14:08:00,1586.83,1586.83,1586.72,1586.72,-0.01,18.42,29249.82,-1
2024-07-22,2024-07-22 14:09:00,1586.72,1586.72,1586.6,1586.6,-0.01,18.42,29249.82,-1
2024-07-22,2024-07-22 14:10:00,1586.6,1586.6,1586.49,1586.49,-0.01,18.42,29249.82,-1
2024-07-22,2024-07-22 14:11:00,1586.49,1586.49,1586.38,1586.38,-0.01,18.42,29249.82,-1
2024-07-22,2024-07-22 14:12:00,1586.38,1586.38,1586.27,1586.27,-0.01,18.42,29249.82,-1
2024-07-22,2024-07-22 14:13:00,1586.27,1586.27,1586.16,1586.16,-0.01,18.42,29249.82,-1
2024-07-22,2024-07-22 14:14:00,1586.16,1586.16,1586.04,1586.04,-0.01,18.42,29249.82,-1
2024-07-22,2024-07-22 14:15:00,1586.04,1586.04,1585.93,1585.93,-0.01,18.42,29249.82,-1
2024-07-22,2024-07-22 14:16:00,1585.93,1585.93,1585.82,1585.82,-0.01,18.42,29249.82,-1
2024-07-22,2024-07-22 14:17:00,1585.82,1585.82,1585.71,1585.71,-0.01,18.42,29249.82,-1
2024-07-22,2024-07-22 14:18:00,1585.71,1585.71,1585.6,1585.6,-0.01,18.42,29249.82,-1
2024-07-22,2024-07-22 14:19:00,1585.6,1585.6,1585.48,1585.48,-0.01,18.42,29249.82,-1
2024-07-22,2024-07-22 14:20:00,1585.48,1585.48,1585.37,1585.37,-0.01,18.42,29249.82,-1
2024-07-22,2024-07-22 14:21:00,1585.37,1585.37,1585.26,1585.26,-0.01,18.42,29249.82,-1
2024-07-22,2024-07-22 14:22:00,1585.26,1585.26,1585.15,1585.15,-0.01,18.42,29249.82,-1
2024-07-22,2024-07-22 14:23:00,1585.15,1585.15,1585.04,1585.04,-0.01,18.42,29249.82,-1
2024-07-22,2024-07-22 14:24:00,1585.04,1585.04,1584.92,1584.92,-0.01,18.42,29249.82,-1
2024-07-22,2024-07-22 14:25:00,1584.92,1584.92,1584.81,1584.81,-0.01,18.42,29249.82,-1
2024-07-22,2024-07-22 14:26:00,1584.81,1584.81,1584.7,1584.7,-0.01,18.42,29249.82,-1
2024-07-22,2024-07-22 14:27:00,1584.7,1584.7,1584.59,1584.59,-0.01,18.42,29249.82,-1
2024-07-22,2024-07-22 14:28:00,1584.59,1584.59,1584.47,1584.47,-0.01,18.42,29249.82,-1
2024-07-22,2024-07-22 14:29:00,1584.47,1584.47,1584.36,1584.36,-0.01,18.42,29249.82,-1
2024-07-22,2024-07-22 14:30:00,1584.36,1584.36,1584.25,1584.25,-0.01,18.42,29249.82,-1
2024-07-22,2024-07-22 14:31:00,1584.25,1584.25,1584.14,1584.14,-0.01,18.42,29249.82,-1
2024-07-22,2024-07-22 14:32:00,1584.14,1584.14,1584.03,1584.03,-0.01,18.42,29249.82,-1
2024-07-22,2024-07-22 14:33:00,1584.03,1584.03,1583.91,1583.91,-0.01,18.42,29249.82,-1
2024-07-22,2024-07-22 14:34:00,1583.91,1583.91,1583.8,1583.8,-0.01,18.42,29249.82,-1
2024-07-22,2024-07-22 14:35:00,1583.8,1583.8,1583.69,1583.69,-0.01,18.42,29249.82,-1
2024-07-22,2024-07-22 14:36:00,1583.69,1583.69,1583.58,1583.58,-0.01,18.42,29249.82,-1
2024-07-22,2024-07-22 14:37:00,1583.58,1583.58,1583.47,1583.47,-0.01,18.42,29249.82,-1
2024-07-22,2024-07-22 14:38:00,1583.47,1583.47,1583.35,1583.35,-0.01,18.42,29249.82,-1
2024-07-22,2024-07-22 14:39:00,1583.35,1583.35,1583.24,1583.24,-0.01,18.42,29249.82,-1
2024-07-22,2024-07-22 14:40:00,1583.24,1583.24,1583.13,1583.13,-0.01,18.42,29249.82,-1
2024-07-22,2024-07-22 14:41:00,1583.13,1583.13,1583.02,1583.02,-0.01,18.42,29249.82,-1
2024-07-22,2024-07-22 14:42:00,1583.02,1583.02,1582.91,1582.91,-0.01,18.42,29249.82,-1
2024-07-22,2024-07-22 14:43:00,1582.91,1582.91,1582.79,1582.79,-0.01,18.42,29249.82,-1
2024-07-22,2024-07-22 14:44:00,1582.79,1582.79,1582.68,1582.68,-0.01,18.42,29249.82,-1
2024-07-22,2024-07-22 14:45:00,1582.68,1582.68,1582.57,1582.57,-0.01,18.42,29249.82,-1
2024-07-22,2024-07-22 14:46:00,1582.57,1582.57,1582.46,1582.46,-0.01,18.42,29249.82,-1
2024-07-22,2024-07-22 14:47:00,1582.46,1582.46,1582.35,1582.35,-0.01,18.42,29249.82,-1
2024-07-22,2024-07-22 14:48:00,1582.35,1582.35,1582.23,1582.23,-0.01,18.42,29249.82,-1
2024-07-22,2024-07-22 14:49:00,1582.23,1582.23,1582.12,1582.12,-0.01,18.42,29249.82,-1
2024-07-22,2024-07-22 14:50:00,1582.12,1582.12,1582.01,1582.01,-0.01,18.42,29249.82,-1
2024-07-22,2024-07-22 14:51:00,1582.01,1582.01,1581.9,1581.9,-0.01,18.42,29249.82,-1
2024-07-22,2024-07-22 14:52:00,1581.9,1581.9,1581.78,1581.78,-0.01,18.42,29249.82,-1
2024-07-22,2024-07-22 14:53:00,1581.78,1581.78,1581.67,1581.67,-0.01,18.42,29249.82,-1
2024-07-22,2024-07-22 14:54:00,1581.67,1581.67,1581.56,1581.56,-0.01,18.42,29249.82,-1
2024-07-22,2024-07-22 14:55:00,1581.56,1581.56,1581.45,1581.45,-0.01,18.42,29249.82,-1
2024-07-22,2024-07-22 14:56:00,1581.45,1581.45,1581.34,1581.34,-0.01,18.42,29249.82,-1
2024-07-22,2024-07-22 14:57:00,1581.34,1581.34,1581.22,1581.22,-0.01,18.42,29249.82,-1
2024-07-22,2024-07-22 14:58:00,1581.22,1581.22,1581.11,1581.11,-0.01,18.42,29249.82,-1
2024-07-22,2024-07-22 14:59:00,1581.11,1581.11,1581.0,1581.0,-0.01,18.42,29249.82,-1
2024-07-22,2024-07-22 15:00:00,1581.0,1607.9,1575.8,1581.0,0.0,18.42,29249.82,0
2024-07-23,2024-07-23 11:00:00,1609.7,1615.79,1594.79,1609.72,0.0,34.88,56221.96,1
2024-07-23,2024-07-23 11:01:00,1609.72,1609.74,1609.72,1609.74,0.0,34.88,56221.96,1
2024-07-23,2024-07-23 11:02:00,1609.74,1609.77,1609.74,1609.77,0.0,34.88,56221.96,1
2024-07-23,2024-07-23 11:03:00,1609.77,1609.79,1609.77,1609.79,0.0,34.88,56221.96,1
2024-07-23,2024-07-23 11:04:00,1609.79,1609.81,1609.79,1609.81,0.0,34.88,56221.96,1
2024-07-23,2024-07-23 11:05:00,1609.81,1609.83,1609.81,1609.83,0.0,34.88,56221.96,1
2024-07-23,2024-07-23 11:06:00,1609.83,1609.85,1609.83,1609.85,0.0,34.88,56221.96,1
2024-07-23,2024-07-23 11:07:00,1609.85,1609.88,1609.85,1609.88,0.0,34.88,56221.96,1
2024-07-23,2024-07-23 11:08:00,1609.88,1609.9,1609.88,1609.9,0.0,34.88,56221.96,1
2024-07-23,2024-07-23 11:09:00,1609.9,1609.92,1609.9,1609.92,0.0,34.88,56221.96,1
2024-07-23,2024-07-23 11:10:00,1609.92,1609.94,1609.92,1609.94,0.0,34.88,56221.96,1
2024-07-23,2024-07-23 11:11:00,1609.94,1609.97,1609.94,1609.97,0.0,34.88,56221.96,1
2024-07-23,2024-07-23 11:12:00,1609.97,1609.99,1609.97,1609.99,0.0,34.88,56221.96,1
2024-07-23,2024-07-23 11:13:00,1609.99,1610.01,1609.99,1610.01,0.0,34.88,56221.96,1
2024-07-23,2024-07-23 11:14:00,1610.01,1610.03,1610.01,1610.03,0.0,34.88,56221.96,1
2024-07-23,2024-07-23 11:15:00,1610.03,1610.05,1610.03,1610.05,0.0,34.88,56221.96,1
2024-07-23,2024-07-23 11:16:00,1610.05,1610.08,1610.05,1610.08,0.0,34.88,56221.96,1
2024-07-23,2024-07-23 11:17:00,1610.08,1610.1,1610.08,1610.1,0.0,34.88,56221.96,1
2024-07-23,2024-07-23 11:18:00,1610.1,1610.12,1610.1,1610.12,0.0,34.88,56221.96,1
2024-07-23,2024-07-23 11:19:00,1610.12,1610.14,1610.12,1610.14,0.0,34.88,56221.96,1
2024-07-23,2024-07-23 11:20:00,1610.14,1610.16,1610.14,1610.16,0.0,34.88,56221.96,1
2024-07-23,2024-07-23 11:21:00,1610.16,1610.19,1610.16,1610.19,0.0,34.88,56221.96,1
2024-07-23,2024-07-23 11:22:00,1610.19,1610.21,1610.19,1610.21,0.0,34.88,56221.96,1
2024-07-23,2024-07-23 11:23:00,1610.21,1610.23,1610.21,1610.23,0.0,34.88,56221.96,1
2024-07-23,2024-07-23 11:24:00,1610.23,1610.25,1610.23,1610.25,0.0,34.88,56221.96,1
2024-07-23,2024-07-23 11:25:00,1610.25,1610.27,1610.25,1610.27,0.0,34.88,56221.96,1
2024-07-23,2024-07-23 11:26:00,1610.27,1610.3,1610.27,1610.3,0.0,34.88,56221.96,1
2024-07-23,2024-07-23 11:27:00,1610.3,1610.32,1610.3,1610.32,0.0,34.88,56221.96,1
2024-07-23,2024-07-23 11:28:00,1610.32,1610.34,1610.32,1610.34,0.0,34.88,56221.96,1
2024-07-23,2024-07-23 11:29:00,1610.34,1610.36,1610.34,1610.36,0.0,34.88,56221.96,1
2024-07-23,2024-07-23 11:30:00,1610.36,1610.38,1610.36,1610.38,0.0,34.88,56221.96,1
2024-07-23,2024-07-23 11:31:00,1610.38,1610.41,1610.38,1610.41,0.0,34.88,56221.96,1
2024-07-23,2024-07-23 11:32:00,1610.41,1610.43,1610.41,1610.43,0.0,34.88,56221.96,1
2024-07-23,2024-07-23 11:33:00,1610.43,1610.45,1610.43,1610.45,0.0,34.88,56221.96,1
2024-07-23,2024-07-23 11:34:00,1610.45,1610.47,1610.45,1610.47,0.0,34.88,56221.96,1
2024-07-23,2024-07-23 11:35:00,1610.47,1610.5,1610.47,1610.5,0.0,34.88,56221.96,1
2024-07-23,2024-07-23 11:36:00,1610.5,1610.52,1610.5,1610.52,0.0,34.88,56221.96,1
2024-07-23,2024-07-23 11:37:00,1610.52,1610.54,1610.52,1610.54,0.0,34.88,56221.96,1
2024-07-23,2024-07-23 11:38:00,1610.54,1610.56,1610.54,1610.56,0.0,34.88,56221.96,1
2024-07-23,2024-07-23 11:39:00,1610.56,1610.58,1610.56,1610.58,0.0,34.88,56221.96,1
2024-07-23,2024-07-23 11:40:00,1610.58,1610.61,1610.58,1610.61,0.0,34.88,56221.96,1
2024-07-23,2024-07-23 11:41:00,1610.61,1610.63,1610.61,1610.63,0.0,34.88,56221.96,1
2024-07-23,2024-07-23 11:42:00,1610.63,1610.65,1610.63,1610.65,0.0,34.88,56221.96,1
2024-07-23,2024-07-23 11:43:00,1610.65,1610.67,1610.65,1610.67,0.0,34.88,56221.96,1
2024-07-23,2024-07-23 11:44:00,1610.67,1610.69,1610.67,1610.69,0.0,34.88,56221.96,1
2024-07-23,2024-07-23 11:45:00,1610.69,1610.72,1610.69,1610.72,0.0,34.88,56221.96,1
2024-07-23,2024-07-23 11:46:00,1610.72,1610.74,1610.72,1610.74,0.0,34.88,56221.96,1
2024-07-23,2024-07-23 11:47:00,1610.74,1610.76,1610.74,1610.76,0.0,34.88,56221.96,1
2024-07-23,2024-07-23 11:48:00,1610.76,1610.78,1610.76,1610.78,0.0,34.88,56221.96,1
2024-07-23,2024-07-23 11:49:00,1610.78,1610.8,1610.78,1610.8,0.0,34.88,56221.96,1
2024-07-23,2024-07-23 11:50:00,1610.8,1610.83,1610.8,1610.83,0.0,34.88,56221.96,1
2024-07-23,2024-07-23 11:51:00,1610.83,1610.85,1610.83,1610.85,0.0,34.88,56221.96,1
2024-07-23,2024-07-23 11:52:00,1610.85,1610.87,1610.85,1610.87,0.0,34.88,56221.96,1
2024-07-23,2024-07-23 11:53:00,1610.87,1610.89,1610.87,1610.89,0.0,34.88,56221.96,1
2024-07-23,2024-07-23 11:54:00,1610.89,1610.91,1610.89,1610.91,0.0,34.88,56221.96,1
2024-07-23,2024-07-23 11:55:00,1610.91,1610.94,1610.91,1610.94,0.0,34.88,56221.96,1
2024-07-23,2024-07-23 11:56:00,1610.94,1610.96,1610.94,1610.96,0.0,34.88,56221.96,1
2024-07-23,2024-07-23 11:57:00,1610.96,1610.98,1610.96,1610.98,0.0,34.88,56221.96,1
2024-07-23,2024-07-23 11:58:00,1610.98,1611.0,1610.98,1611.0,0.0,34.88,56221.96,1
2024-07-23,2024-07-23 11:59:00,1611.0,1611.03,1611.0,1611.03,0.0,34.88,56221.96,1
2024-07-23,2024-07-23 12:00:00,1611.03,1611.05,1611.03,1611.05,0.0,34.88,56221.96,1
2024-07-23,2024-07-23 12:01:00,1611.05,1611.07,1611.05,1611.07,0.0,34.88,56221.96,1
2024-07-23,2024-07-23 12:02:00,1611.07,1611.09,1611.07,1611.09,0.0,34.88,56221.96,1
2024-07-23,2024-07-23 12:03:00,1611.09,1611.11,1611.09,1611.11,0.0,34.88,56221.96,1
2024-07-23,2024-07-23 12:04:00,1611.11,1611.14,1611.11,1611.14,0.0,34.88,56221.96,1
2024-07-23,2024-07-23 12:05:00,1611.14,1611.16,1611.14,1611.16,0.0,34.88,56221.96,1
2024-07-23,2024-07-23 12:06:00,1611.16,1611.18,1611.16,1611.18,0.0,34.88,56221.96,1
2024-07-23,2024-07-23 12:07:00,1611.18,1611.2,1611.18,1611.2,0.0,34.88,56221.96,1
2024-07-23,2024-07-23 12:08:00,1611.2,1611.22,1611.2,1611.22,0.0,34.88,56221.96,1
2024-07-23,2024-07-23 12:09:00,1611.22,1611.25,1611.22,1611.25,0.0,34.88,56221.96,1
2024-07-23,2024-07-23 12:10:00,1611.25,1611.27,1611.25,1611.27,0.0,34.88,56221.96,1
2024-07-23,2024-07-23 12:11:00,1611.27,1611.29,1611.27,1611.29,0.0,34.88,56221.96,1
2024-07-23,2024-07-23 12:12:00,1611.29,1611.31,1611.29,1611.31,0.0,34.88,56221.96,1
2024-07-23,2024-07-23 12:13:00,1611.31,1611.33,1611.31,1611.33,0.0,34.88,56221.96,1
2024-07-23,2024-07-23 12:14:00,1611.33,1611.36,1611.33,1611.36,0.0,34.88,56221.96,1
2024-07-23,2024-07-23 12:15:00,1611.36,1611.38,1611.36,1611.38,0.0,34.88,56221.96,1
2024-07-23,2024-07-23 12:16:00,1611.38,1611.4,1611.38,1611.4,0.0,34.88,56221.96,1
2024-07-23,2024-07-23 12:17:00,1611.4,1611.42,1611.4,1611.42,0.0,34.88,56221.96,1
2024-07-23,2024-07-23 12:18:00,1611.42,1611.44,1611.42,1611.44,0.0,34.88,56221.96,1
2024-07-23,2024-07-23 12:19:00,1611.44,1611.47,1611.44,1611.47,0.0,34.88,56221.96,1
2024-07-23,2024-07-23 12:20:00,1611.47,1611.49,1611.47,1611.49,0.0,34.88,56221.96,1
2024-07-23,2024-07-23 12:21:00,1611.49,1611.51,1611.49,1611.51,0.0,34.88,56221.96,1
2024-07-23,2024-07-23 12:22:00,1611.51,1611.53,1611.51,1611.53,0.0,34.88,56221.96,1
2024-07-23,2024-07-23 12:23:00,1611.53,1611.56,1611.53,1611.56,0.0,34.88,56221.96,1
2024-07-23,2024-07-23 12:24:00,1611.56,1611.58,1611.56,1611.58,0.0,34.88,56221.96,1
2024-07-23,2024-07-23 12:25:00,1611.58,1611.6,1611.58,1611.6,0.0,34.88,56221.96,1
2024-07-23,2024-07-23 12:26:00,1611.6,1611.62,1611.6,1611.62,0.0,34.88,56221.96,1
2024-07-23,2024-07-23 12:27:00,1611.62,1611.64,1611.62,1611.64,0.0,34.88,56221.96,1
2024-07-23,2024-07-23 12:28:00,1611.64,1611.67,1611.64,1611.67,0.0,34.88,56221.96,1
2024-07-23,2024-07-23 12:29:00,1611.67,1611.69,1611.67,1611.69,0.0,34.88,56221.96,1
2024-07-23,2024-07-23 12:30:00,1611.69,1611.71,1611.69,1611.71,0.0,34.88,56221.96,1
2024-07-23,2024-07-23 12:31:00,1611.71,1611.73,1611.71,1611.73,0.0,34.88,56221.96,1
2024-07-23,2024-07-23 12:32:00,1611.73,1611.75,1611.73,1611.75,0.0,34.88,56221.96,1
2024-07-23,2024-07-23 12:33:00,1611.75,1611.78,1611.75,1611.78,0.0,34.88,56221.96,1
2024-07-23,2024-07-23 12:34:00,1611.78,1611.8,1611.78,1611.8,0.0,34.88,56221.96,1
2024-07-23,2024-07-23 12:35:00,1611.8,1611.82,1611.8,1611.82,0.0,34.88,56221.96,1
2024-07-23,2024-07-23 12:36:00,1611.82,1611.84,1611.82,1611.84,0.0,34.88,56221.96,1
2024-07-23,2024-07-23 12:37:00,1611.84,1611.86,1611.84,1611.86,0.0,34.88,56221.96,1
2024-07-23,2024-07-23 12:38:00,1611.86,1611.89,1611.86,1611.89,0.0,34.88,56221.96,1
2024-07-23,2024-07-23 12:39:00,1611.89,1611.91,1611.89,1611.91,0.0,34.88,56221.96,1
2024-07-23,2024-07-23 12:40:00,1611.91,1611.93,1611.91,1611.93,0.0,34.88,56221.96,1
2024-07-23,2024-07-23 12:41:00,1611.93,1611.95,1611.93,1611.95,0.0,34.88,56221.96,1
2024-07-23,2024-07-23 12:42:00,1611.95,1611.97,1611.95,1611.97,0.0,34.88,56221.96,1
2024-07-23,2024-07-23 12:43:00,1611.97,1612.0,1611.97,1612.0,0.0,34.88,56221.96,1
2024-07-23,2024-07-23 12:44:00,1612.0,1612.02,1612.0,1612.02,0.0,34.88,56221.96,1
2024-07-23,2024-07-23 12:45:00,1612.02,1612.04,1612.02,1612.04,0.0,34.88,56221.96,1
2024-07-23,2024-07-23 12:46:00,1612.04,1612.06,1612.04,1612.06,0.0,34.88,56221.96,1
2024-07-23,2024-07-23 12:47:00,1612.06,1612.09,1612.06,1612.09,0.0,34.88,56221.96,1
2024-07-23,2024-07-23 12:48:00,1612.09,1612.11,1612.09,1612.11,0.0,34.88,56221.96,1
2024-07-23,2024-07-23 12:49:00,1612.11,1612.13,1612.11,1612.13,0.0,34.88,56221.96,1
2024-07-23,2024-07-23 12:50:00,1612.13,1612.15,1612.13,1612.15,0.0,34.88,56221.96,1
2024-07-23,2024-07-23 12:51:00,1612.15,1612.17,1612.15,1612.17,0.0,34.88,56221.96,1
2024-07-23,2024-07-23 12:52:00,1612.17,1612.2,1612.17,1612.2,0.0,34.88,56221.96,1
2024-07-23,2024-07-23 12:53:00,1612.2,1612.22,1612.2,1612.22,0.0,34.88,56221.96,1
2024-07-23,2024-07-23 12:54:00,1612.22,1612.24,1612.22,1612.24,0.0,34.88,56221.96,1
2024-07-23,2024-07-23 12:55:00,1612.24,1612.26,1612.24,1612.26,0.0,34.88,56221.96,1
2024-07-23,2024-07-23 12:56:00,1612.26,1612.28,1612.26,1612.28,0.0,34.88,56221.96,1
2024-07-23,2024-07-23 12:57:00,1612.28,1612.31,1612.28,1612.31,0.0,34.88,56221.96,1
2024-07-23,2024-07-23 12:58:00,1612.31,1612.33,1612.31,1612.33,0.0,34.88,56221.96,1
2024-07-23,2024-07-23 12:59:00,1612.33,1612.35,1612.33,1612.35,0.0,34.88,56221.96,1
2024-07-23,2024-07-23 13:00:00,1612.35,1630.0,1560.0,1612.37,0.0,34.88,56221.96,1
2024-07-23,2024-07-23 13:01:00,1612.37,1612.39,1612.37,1612.39,0.0,34.88,56221.96,1
2024-07-23,2024-07-23 13:02:00,1612.39,1612.42,1612.39,1612.42,0.0,34.88,56221.96,1
2024-07-23,2024-07-23 13:03:00,1612.42,1612.44,1612.42,1612.44,0.0,34.88,56221.96,1
2024-07-23,2024-07-23 13:04:00,1612.44,1612.46,1612.44,1612.46,0.0,34.88,56221.96,1
2024-07-23,2024-07-23 13:05:00,1612.46,1612.48,1612.46,1612.48,0.0,34.88,56221.96,1
2024-07-23,2024-07-23 13:06:00,1612.48,1612.5,1612.48,1612.5,0.0,34.88,56221.96,1
2024-07-23,2024-07-23 13:07:00,1612.5,1612.53,1612.5,1612.53,0.0,34.88,56221.96,1
2024-07-23,2024-07-23 13:08:00,1612.53,1612.55,1612.53,1612.55,0.0,34.88,56221.96,1
2024-07-23,2024-07-23 13:09:00,1612.55,1612.57,1612.55,1612.57,0.0,34.88,56221.96,1
2024-07-23,2024-07-23 13:10:00,1612.57,1612.59,1612.57,1612.59,0.0,34.88,56221.96,1
2024-07-23,2024-07-23 13:11:00,1612.59,1612.62,1612.59,1612.62,0.0,34.88,56221.96,1
2024-07-23,2024-07-23 13:12:00,1612.62,1612.64,1612.62,1612.64,0.0,34.88,56221.96,1
2024-07-23,2024-07-23 13:13:00,1612.64,1612.66,1612.64,1612.66,0.0,34.88,56221.96,1
2024-07-23,2024-07-23 13:14:00,1612.66,1612.68,1612.66,1612.68,0.0,34.88,56221.96,1
2024-07-23,2024-07-23 13:15:00,1612.68,1612.7,1612.68,1612.7,0.0,34.88,56221.96,1
2024-07-23,2024-07-23 13:16:00,1612.7,1612.73,1612.7,1612.73,0.0,34.88,56221.96,1
2024-07-23,2024-07-23 13:17:00,1612.73,1612.75,1612.73,1612.75,0.0,34.88,56221.96,1
2024-07-23,2024-07-23 13:18:00,1612.75,1612.77,1612.75,1612.77,0.0,34.88,56221.96,1
2024-07-23,2024-07-23 13:19:00,1612.77,1612.79,1612.77,1612.79,0.0,34.88,56221.96,1
2024-07-23,2024-07-23 13:20:00,1612.79,1612.81,1612.79,1612.81,0.0,34.88,56221.96,1
2024-07-23,2024-07-23 13:21:00,1612.81,1612.84,1612.81,1612.84,0.0,34.88,56221.96,1
2024-07-23,2024-07-23 13:22:00,1612.84,1612.86,1612.84,1612.86,0.0,34.88,56221.96,1
2024-07-23,2024-07-23 13:23:00,1612.86,1612.88,1612.86,1612.88,0.0,34.88,56221.96,1
2024-07-23,2024-07-23 13:24:00,1612.88,1612.9,1612.88,1612.9,0.0,34.88,56221.96,1
2024-07-23,2024-07-23 13:25:00,1612.9,1612.92,1612.9,1612.92,0.0,34.88,56221.96,1
2024-07-23,2024-07-23 13:26:00,1612.92,1612.95,1612.92,1612.95,0.0,34.88,56221.96,1
2024-07-23,2024-07-23 13:27:00,1612.95,1612.97,1612.95,1612.97,0.0,34.88,56221.96,1
2024-07-23,2024-07-23 13:28:00,1612.97,1612.99,1612.97,1612.99,0.0,34.88,56221.96,1
2024-07-23,2024-07-23 13:29:00,1612.99,1613.01,1612.99,1613.01,0.0,34.88,56221.96,1
2024-07-23,2024-07-23 13:30:00,1613.01,1613.03,1613.01,1613.03,0.0,34.88,56221.96,1
2024-07-23,2024-07-23 13:31:00,1613.03,1613.06,1613.03,1613.06,0.0,34.88,56221.96,1
2024-07-23,2024-07-23 13:32:00,1613.06,1613.08,1613.06,1613.08,0.0,34.88,56221.96,1
2024-07-23,2024-07-23 13:33:00,1613.08,1613.1,1613.08,1613.1,0.0,34.88,56221.96,1
2024-07-23,2024-07-23 13:34:00,1613.1,1613.12,1613.1,1613.12,0.0,34.88,56221.96,1
2024-07-23,2024-07-23 13:35:00,1613.12,1613.14,1613.12,1613.14,0.0,34.88,56221.96,1
2024-07-23,2024-07-23 13:36:00,1613.14,1613.17,1613.14,1613.17,0.0,34.88,56221.96,1
2024-07-23,2024-07-23 13:37:00,1613.17,1613.19,1613.17,1613.19,0.0,34.88,56221.96,1
2024-07-23,2024-07-23 13:38:00,1613.19,1613.21,1613.19,1613.21,0.0,34.88,56221.96,1
2024-07-23,2024-07-23 13:39:00,1613.21,1613.23,1613.21,1613.23,0.0,34.88,56221.96,1
2024-07-23,2024-07-23 13:40:00,1613.23,1613.26,1613.23,1613.26,0.0,34.88,56221.96,1
2024-07-23,2024-07-23 13:41:00,1613.26,1613.28,1613.26,1613.28,0.0,34.88,56221.96,1
2024-07-23,2024-07-23 13:42:00,1613.28,1613.3,1613.28,1613.3,0.0,34.88,56221.96,1
2024-07-23,2024-07-23 13:43:00,1613.3,1613.32,1613.3,1613.32,0.0,34.88,56221.96,1
2024-07-23,2024-07-23 13:44:00,1613.32,1613.34,1613.32,1613.34,0.0,34.88,56221.96,1
2024-07-23,2024-07-23 13:45:00,1613.34,1613.37,1613.34,1613.37,0.0,34.88,56221.96,1
2024-07-23,2024-07-23 13:46:00,1613.37,1613.39,1613.37,1613.39,0.0,34.88,56221.96,1
2024-07-23,2024-07-23 13:47:00,1613.39,1613.41,1613.39,1613.41,0.0,34.88,56221.96,1
2024-07-23,2024-07-23 13:48:00,1613.41,1613.43,1613.41,1613.43,0.0,34.88,56221.96,1
2024-07-23,2024-07-23 13:49:00,1613.43,1613.45,1613.43,1613.45,0.0,34.88,56221.96,1
2024-07-23,2024-07-23 13:50:00,1613.45,1613.48,1613.45,1613.48,0.0,34.88,56221.96,1
2024-07-23,2024-07-23 13:51:00,1613.48,1613.5,1613.48,1613.5,0.0,34.88,56221.96,1
2024-07-23,2024-07-23 13:52:00,1613.5,1613.52,1613.5,1613.52,0.0,34.88,56221.96,1
2024-07-23,2024-07-23 13:53:00,1613.52,1613.54,1613.52,1613.54,0.0,34.88,56221.96,1
2024-07-23,2024-07-23 13:54:00,1613.54,1613.56,1613.54,1613.56,0.0,34.88,56221.96,1
2024-07-23,2024-07-23 13:55:00,1613.56,1613.59,1613.56,1613.59,0.0,34.88,56221.96,1
2024-07-23,2024-07-23 13:56:00,1613.59,1613.61,1613.59,1613.61,0.0,34.88,56221.96,1
2024-07-23,2024-07-23 13:57:00,1613.61,1613.63,1613.61,1613.63,0.0,34.88,56221.96,1
2024-07-23,2024-07-23 13:58:00,1613.63,1613.65,1613.63,1613.65,0.0,34.88,56221.96,1
2024-07-23,2024-07-23 13:59:00,1613.65,1613.67,1613.65,1613.67,0.0,34.88,56221.96,1
2024-07-23,2024-07-23 14:00:00,1613.67,1613.7,1613.67,1613.7,0.0,34.88,56221.96,1
2024-07-23,2024-07-23 14:01:00,1613.7,1613.72,1613.7,1613.72,0.0,34.88,56221.96,1
2024-07-23,2024-07-23 14:02:00,1613.72,1613.74,1613.72,1613.74,0.0,34.88,56221.96,1
2024-07-23,2024-07-23 14:03:00,1613.74,1613.76,1613.74,1613.76,0.0,34.88,56221.96,1
2024-07-23,2024-07-23 14:04:00,1613.76,1613.79,1613.76,1613.79,0.0,34.88,56221.96,1
2024-07-23,2024-07-23 14:05:00,1613.79,1613.81,1613.79,1613.81,0.0,34.88,56221.96,1
2024-07-23,2024-07-23 14:06:00,1613.81,1613.83,1613.81,1613.83,0.0,34.88,56221.96,1
2024-07-23,2024-07-23 14:07:00,1613.83,1613.85,1613.83,1613.85,0.0,34.88,56221.96,1
2024-07-23,2024-07-23 14:08:00,1613.85,1613.87,1613.85,1613.87,0.0,34.88,56221.96,1
2024-07-23,2024-07-23 14:09:00,1613.87,1613.9,1613.87,1613.9,0.0,34.88,56221.96,1
2024-07-23,2024-07-23 14:10:00,1613.9,1613.92,1613.9,1613.92,0.0,34.88,56221.96,1
2024-07-23,2024-07-23 14:11:00,1613.92,1613.94,1613.92,1613.94,0.0,34.88,56221.96,1
2024-07-23,2024-07-23 14:12:00,1613.94,1613.96,1613.94,1613.96,0.0,34.88,56221.96,1
2024-07-23,2024-07-23 14:13:00,1613.96,1613.98,1613.96,1613.98,0.0,34.88,56221.96,1
2024-07-23,2024-07-23 14:14:00,1613.98,1614.01,1613.98,1614.01,0.0,34.88,56221.96,1
2024-07-23,2024-07-23 14:15:00,1614.01,1614.03,1614.01,1614.03,0.0,34.88,56221.96,1
2024-07-23,2024-07-23 14:16:00,1614.03,1614.05,1614.03,1614.05,0.0,34.88,56221.96,1
2024-07-23,2024-07-23 14:17:00,1614.05,1614.07,1614.05,1614.07,0.0,34.88,56221.96,1
2024-07-23,2024-07-23 14:18:00,1614.07,1614.09,1614.07,1614.09,0.0,34.88,56221.96,1
2024-07-23,2024-07-23 14:19:00,1614.09,1614.12,1614.09,1614.12,0.0,34.88,56221.96,1
2024-07-23,2024-07-23 14:20:00,1614.12,1614.14,1614.12,1614.14,0.0,34.88,56221.96,1
2024-07-23,2024-07-23 14:21:00,1614.14,1614.16,1614.14,1614.16,0.0,34.88,56221.96,1
2024-07-23,2024-07-23 14:22:00,1614.16,1614.18,1614.16,1614.18,0.0,34.88,56221.96,1
2024-07-23,2024-07-23 14:23:00,1614.18,1614.2,1614.18,1614.2,0.0,34.88,56221.96,1
2024-07-23,2024-07-23 14:24:00,1614.2,1614.23,1614.2,1614.23,0.0,34.88,56221.96,1
2024-07-23,2024-07-23 14:25:00,1614.23,1614.25,1614.23,1614.25,0.0,34.88,56221.96,1
2024-07-23,2024-07-23 14:26:00,1614.25,1614.27,1614.25,1614.27,0.0,34.88,56221.96,1
2024-07-23,2024-07-23 14:27:00,1614.27,1614.29,1614.27,1614.29,0.0,34.88,56221.96,1
2024-07-23,2024-07-23 14:28:00,1614.29,1614.32,1614.29,1614.32,0.0,34.88,56221.96,1
2024-07-23,2024-07-23 14:29:00,1614.32,1614.34,1614.32,1614.34,0.0,34.88,56221.96,1
2024-07-23,2024-07-23 14:30:00,1614.34,1614.36,1614.34,1614.36,0.0,34.88,56221.96,1
2024-07-23,2024-07-23 14:31:00,1614.36,1614.38,1614.36,1614.38,0.0,34.88,56221.96,1
2024-07-23,2024-07-23 14:32:00,1614.38,1614.4,1614.38,1614.4,0.0,34.88,56221.96,1
2024-07-23,2024-07-23 14:33:00,1614.4,1614.43,1614.4,1614.43,0.0,34.88,56221.96,1
2024-07-23,2024-07-23 14:34:00,1614.43,1614.45,1614.43,1614.45,0.0,34.88,56221.96,1
2024-07-23,2024-07-23 14:35:00,1614.45,1614.47,1614.45,1614.47,0.0,34.88,56221.96,1
2024-07-23,2024-07-23 14:36:00,1614.47,1614.49,1614.47,1614.49,0.0,34.88,56221.96,1
2024-07-23,2024-07-23 14:37:00,1614.49,1614.51,1614.49,1614.51,0.0,34.88,56221.96,1
2024-07-23,2024-07-23 14:38:00,1614.51,1614.54,1614.51,1614.54,0.0,34.88,56221.96,1
2024-07-23,2024-07-23 14:39:00,1614.54,1614.56,1614.54,1614.56,0.0,34.88,56221.96,1
2024-07-23,2024-07-23 14:40:00,1614.56,1614.58,1614.56,1614.58,0.0,34.88,56221.96,1
2024-07-23,2024-07-23 14:41:00,1614.58,1614.6,1614.58,1614.6,0.0,34.88,56221.96,1
2024-07-23,2024-07-23 14:42:00,1614.6,1614.62,1614.6,1614.62,0.0,34.88,56221.96,1
2024-07-23,2024-07-23 14:43:00,1614.62,1614.65,1614.62,1614.65,0.0,34.88,56221.96,1
2024-07-23,2024-07-23 14:44:00,1614.65,1614.67,1614.65,1614.67,0.0,34.88,56221.96,1
2024-07-23,2024-07-23 14:45:00,1614.67,1614.69,1614.67,1614.69,0.0,34.88,56221.96,1
2024-07-23,2024-07-23 14:46:00,1614.69,1614.71,1614.69,1614.71,0.0,34.88,56221.96,1
2024-07-23,2024-07-23 14:47:00,1614.71,1614.73,1614.71,1614.73,0.0,34.88,56221.96,1
2024-07-23,2024-07-23 14:48:00,1614.73,1614.76,1614.73,1614.76,0.0,34.88,56221.96,1
2024-07-23,2024-07-23 14:49:00,1614.76,1614.78,1614.76,1614.78,0.0,34.88,56221.96,1
2024-07-23,2024-07-23 14:50:00,1614.78,1614.8,1614.78,1614.8,0.0,34.88,56221.96,1
2024-07-23,2024-07-23 14:51:00,1614.8,1614.82,1614.8,1614.82,0.0,34.88,56221.96,1
2024-07-23,2024-07-23 14:52:00,1614.82,1614.85,1614.82,1614.85,0.0,34.88,56221.96,1
2024-07-23,2024-07-23 14:53:00,1614.85,1614.87,1614.85,1614.87,0.0,34.88,56221.96,1
2024-07-23,2024-07-23 14:54:00,1614.87,1614.89,1614.87,1614.89,0.0,34.88,56221.96,1
2024-07-23,2024-07-23 14:55:00,1614.89,1614.91,1614.89,1614.91,0.0,34.88,56221.96,1
2024-07-23,2024-07-23 14:56:00,1614.91,1614.93,1614.91,1614.93,0.0,34.88,56221.96,1
2024-07-23,2024-07-23 14:57:00,1614.93,1614.96,1614.93,1614.96,0.0,34.88,56221.96,1
2024-07-23,2024-07-23 14:58:00,1614.96,1614.98,1614.96,1614.98,0.0,34.88,56221.96,1
2024-07-23,2024-07-23 14:59:00,1614.98,1615.0,1614.98,1615.0,0.0,34.88,56221.96,1
2024-07-23,2024-07-23 15:00:00,1615.0,1630.0,1560.0,1615.0,0.0,34.88,56221.96,0
2024-07-24,2024-07-24 11:00:00,1614.0,1621.41,1602.3,1613.9,-0.01,33.36,53269.8,-1
2024-07-24,2024-07-24 11:01:00,1613.9,1613.9,1613.8,1613.8,-0.01,33.36,53269.8,-1
2024-07-24,2024-07-24 11:02:00,1613.8,1613.8,1613.7,1613.7,-0.01,33.36,53269.8,-1
2024-07-24,2024-07-24 11:03:00,1613.7,1613.7,1613.6,1613.6,-0.01,33.36,53269.8,-1
2024-07-24,2024-07-24 11:04:00,1613.6,1613.6,1613.5,1613.5,-0.01,33.36,53269.8,-1
2024-07-24,2024-07-24 11:05:00,1613.5,1613.5,1613.4,1613.4,-0.01,33.36,53269.8,-1
2024-07-24,2024-07-24 11:06:00,1613.4,1613.4,1613.3,1613.3,-0.01,33.36,53269.8,-1
2024-07-24,2024-07-24 11:07:00,1613.3,1613.3,1613.2,1613.2,-0.01,33.36,53269.8,-1
2024-07-24,2024-07-24 11:08:00,1613.2,1613.2,1613.1,1613.1,-0.01,33.36,53269.8,-1
2024-07-24,2024-07-24 11:09:00,1613.1,1613.1,1613.0,1613.0,-0.01,33.36,53269.8,-1
2024-07-24,2024-07-24 11:10:00,1613.0,1613.0,1612.9,1612.9,-0.01,33.36,53269.8,-1
2024-07-24,2024-07-24 11:11:00,1612.9,1612.9,1612.8,1612.8,-0.01,33.36,53269.8,-1
2024-07-24,2024-07-24 11:12:00,1612.8,1612.8,1612.7,1612.7,-0.01,33.36,53269.8,-1
2024-07-24,2024-07-24 11:13:00,1612.7,1612.7,1612.6,1612.6,-0.01,33.36,53269.8,-1
2024-07-24,2024-07-24 11:14:00,1612.6,1612.6,1612.5,1612.5,-0.01,33.36,53269.8,-1
2024-07-24,2024-07-24 11:15:00,1612.5,1612.5,1612.4,1612.4,-0.01,33.36,53269.8,-1
2024-07-24,2024-07-24 11:16:00,1612.4,1612.4,1612.3,1612.3,-0.01,33.36,53269.8,-1
2024-07-24,2024-07-24 11:17:00,1612.3,1612.3,1612.2,1612.2,-0.01,33.36,53269.8,-1
2024-07-24,2024-07-24 11:18:00,1612.2,1612.2,1612.1,1612.1,-0.01,33.36,53269.8,-1
2024-07-24,2024-07-24 11:19:00,1612.1,1612.1,1612.0,1612.0,-0.01,33.36,53269.8,-1
2024-07-24,2024-07-24 11:20:00,1612.0,1612.0,1611.9,1611.9,-0.01,33.36,53269.8,-1
2024-07-24,2024-07-24 11:21:00,1611.9,1611.9,1611.8,1611.8,-0.01,33.36,53269.8,-1
2024-07-24,2024-07-24 11:22:00,1611.8,1611.8,1611.7,1611.7,-0.01,33.36,53269.8,-1
2024-07-24,2024-07-24 11:23:00,1611.7,1611.7,1611.6,1611.6,-0.01,33.36,53269.8,-1
2024-07-24,2024-07-24 11:24:00,1611.6,1611.6,1611.5,1611.5,-0.01,33.36,53269.8,-1
2024-07-24,2024-07-24 11:25:00,1611.5,1611.5,1611.4,1611.4,-0.01,33.36,53269.8,-1
2024-07-24,2024-07-24 11:26:00,1611.4,1611.4,1611.3,1611.3,-0.01,33.36,53269.8,-1
2024-07-24,2024-07-24 11:27:00,1611.3,1611.3,1611.2,1611.2,-0.01,33.36,53269.8,-1
2024-07-24,2024-07-24 11:28:00,1611.2,1611.2,1611.1,1611.1,-0.01,33.36,53269.8,-1
2024-07-24,2024-07-24 11:29:00,1611.1,1611.1,1611.0,1611.0,-0.01,33.36,53269.8,-1
2024-07-24,2024-07-24 11:30:00,1611.0,1611.0,1610.9,1610.9,-0.01,33.36,53269.8,-1
2024-07-24,2024-07-24 11:31:00,1610.9,1610.9,1610.8,1610.8,-0.01,33.36,53269.8,-1
2024-07-24,2024-07-24 11:32:00,1610.8,1610.8,1610.7,1610.7,-0.01,33.36,53269.8,-1
2024-07-24,2024-07-24 11:33:00,1610.7,1610.7,1610.6,1610.6,-0.01,33.36,53269.8,-1
2024-07-24,2024-07-24 11:34:00,1610.6,1610.6,1610.5,1610.5,-0.01,33.36,53269.8,-1
2024-07-24,2024-07-24 11:35:00,1610.5,1610.5,1610.4,1610.4,-0.01,33.36,53269.8,-1
2024-07-24,2024-07-24 11:36:00,1610.4,1610.4,1610.3,1610.3,-0.01,33.36,53269.8,-1
2024-07-24,2024-07-24 11:37:00,1610.3,1610.3,1610.2,1610.2,-0.01,33.36,53269.8,-1
2024-07-24,2024-07-24 11:38:00,1610.2,1610.2,1610.1,1610.1,-0.01,33.36,53269.8,-1
2024-07-24,2024-07-24 11:39:00,1610.1,1610.1,1610.0,1610.0,-0.01,33.36,53269.8,-1
2024-07-24,2024-07-24 11:40:00,1610.0,1610.0,1609.9,1609.9,-0.01,33.36,53269.8,-1
2024-07-24,2024-07-24 11:41:00,1609.9,1609.9,1609.8,1609.8,-0.01,33.36,53269.8,-1
2024-07-24,2024-07-24 11:42:00,1609.8,1609.8,1609.7,1609.7,-0.01,33.36,53269.8,-1
2024-07-24,2024-07-24 11:43:00,1609.7,1609.7,1609.6,1609.6,-0.01,33.36,53269.8,-1
2024-07-24,2024-07-24 11:44:00,1609.6,1609.6,1609.5,1609.5,-0.01,33.36,53269.8,-1
2024-07-24,2024-07-24 11:45:00,1609.5,1609.5,1609.4,1609.4,-0.01,33.36,53269.8,-1
2024-07-24,2024-07-24 11:46:00,1609.4,1609.4,1609.3,1609.3,-0.01,33.36,53269.8,-1
2024-07-24,2024-07-24 11:47:00,1609.3,1609.3,1609.2,1609.2,-0.01,33.36,53269.8,-1
2024-07-24,2024-07-24 11:48:00,1609.2,1609.2,1609.1,1609.1,-0.01,33.36,53269.8,-1
2024-07-24,2024-07-24 11:49:00,1609.1,1609.1,1609.0,1609.0,-0.01,33.36,53269.8,-1
2024-07-24,2024-07-24 11:50:00,1609.0,1609.0,1608.9,1608.9,-0.01,33.36,53269.8,-1
2024-07-24,2024-07-24 11:51:00,1608.9,1608.9,1608.8,1608.8,-0.01,33.36,53269.8,-1
2024-07-24,2024-07-24 11:52:00,1608.8,1608.8,1608.7,1608.7,-0.01,33.36,53269.8,-1
2024-07-24,2024-07-24 11:53:00,1608.7,1608.7,1608.6,1608.6,-0.01,33.36,53269.8,-1
2024-07-24,2024-07-24 11:54:00,1608.6,1608.6,1608.5,1608.5,-0.01,33.36,53269.8,-1
2024-07-24,2024-07-24 11:55:00,1608.5,1608.5,1608.4,1608.4,-0.01,33.36,53269.8,-1
2024-07-24,2024-07-24 11:56:00,1608.4,1608.4,1608.3,1608.3,-0.01,33.36,53269.8,-1
2024-07-24,2024-07-24 11:57:00,1608.3,1608.3,1608.2,1608.2,-0.01,33.36,53269.8,-1
2024-07-24,2024-07-24 11:58:00,1608.2,1608.2,1608.1,1608.1,-0.01,33.36,53269.8,-1
2024-07-24,2024-07-24 11:59:00,1608.1,1608.1,1608.0,1608.0,-0.01,33.36,53269.8,-1
2024-07-24,2024-07-24 12:00:00,1608.0,1608.0,1607.9,1607.9,-0.01,33.36,53269.8,-1
2024-07-24,2024-07-24 12:01:00,1607.9,1607.9,1607.8,1607.8,-0.01,33.36,53269.8,-1
2024-07-24,2024-07-24 12:02:00,1607.8,1607.8,1607.7,1607.7,-0.01,33.36,53269.8,-1
2024-07-24,2024-07-24 12:03:00,1607.7,1607.7,1607.6,1607.6,-0.01,33.36,53269.8,-1
2024-07-24,2024-07-24 12:04:00,1607.6,1607.6,1607.5,1607.5,-0.01,33.36,53269.8,-1
2024-07-24,2024-07-24 12:05:00,1607.5,1607.5,1607.4,1607.4,-0.01,33.36,53269.8,-1
2024-07-24,2024-07-24 12:06:00,1607.4,1607.4,1607.3,1607.3,-0.01,33.36,53269.8,-1
2024-07-24,2024-07-24 12:07:00,1607.3,1607.3,1607.2,1607.2,-0.01,33.36,53269.8,-1
2024-07-24,2024-07-24 12:08:00,1607.2,1607.2,1607.1,1607.1,-0.01,33.36,53269.8,-1
2024-07-24,2024-07-24 12:09:00,1607.1,1607.1,1607.0,1607.0,-0.01,33.36,53269.8,-1
2024-07-24,2024-07-24 12:10:00,1607.0,1607.0,1606.9,1606.9,-0.01,33.36,53269.8,-1
2024-07-24,2024-07-24 12:11:00,1606.9,1606.9,1606.8,1606.8,-0.01,33.36,53269.8,-1
2024-07-24,2024-07-24 12:12:00,1606.8,1606.8,1606.7,1606.7,-0.01,33.36,53269.8,-1
2024-07-24,2024-07-24 12:13:00,1606.7,1606.7,1606.6,1606.6,-0.01,33.36,53269.8,-1
2024-07-24,2024-07-24 12:14:00,1606.6,1606.6,1606.5,1606.5,-0.01,33.36,53269.8,-1
2024-07-24,2024-07-24 12:15:00,1606.5,1606.5,1606.4,1606.4,-0.01,33.36,53269.8,-1
2024-07-24,2024-07-24 12:16:00,1606.4,1606.4,1606.3,1606.3,-0.01,33.36,53269.8,-1
2024-07-24,2024-07-24 12:17:00,1606.3,1606.3,1606.2,1606.2,-0.01,33.36,53269.8,-1
2024-07-24,2024-07-24 12:18:00,1606.2,1606.2,1606.1,1606.1,-0.01,33.36,53269.8,-1
2024-07-24,2024-07-24 12:19:00,1606.1,1606.1,1606.0,1606.0,-0.01,33.36,53269.8,-1
2024-07-24,2024-07-24 12:20:00,1606.0,1606.0,1605.9,1605.9,-0.01,33.36,53269.8,-1
2024-07-24,2024-07-24 12:21:00,1605.9,1605.9,1605.8,1605.8,-0.01,33.36,53269.8,-1
2024-07-24,2024-07-24 12:22:00,1605.8,1605.8,1605.7,1605.7,-0.01,33.36,53269.8,-1
2024-07-24,2024-07-24 12:23:00,1605.7,1605.7,1605.6,1605.6,-0.01,33.36,53269.8,-1
2024-07-24,2024-07-24 12:24:00,1605.6,1605.6,1605.5,1605.5,-0.01,33.36,53269.8,-1
2024-07-24,2024-07-24 12:25:00,1605.5,1605.5,1605.4,1605.4,-0.01,33.36,53269.8,-1
2024-07-24,2024-07-24 12:26:00,1605.4,1605.4,1605.3,1605.3,-0.01,33.36,53269.8,-1
2024-07-24,2024-07-24 12:27:00,1605.3,1605.3,1605.2,1605.2,-0.01,33.36,53269.8,-1
2024-07-24,2024-07-24 12:28:00,1605.2,1605.2,1605.1,1605.1,-0.01,33.36,53269.8,-1
2024-07-24,2024-07-24 12:29:00,1605.1,1605.1,1605.0,1605.0,-0.01,33.36,53269.8,-1
2024-07-24,2024-07-24 12:30:00,1605.0,1605.0,1604.9,1604.9,-0.01,33.36,53269.8,-1
2024-07-24,2024-07-24 12:31:00,1604.9,1604.9,1604.8,1604.8,-0.01,33.36,53269.8,-1
2024-07-24,2024-07-24 12:32:00,1604.8,1604.8,1604.7,1604.7,-0.01,33.36,53269.8,-1
2024-07-24,2024-07-24 12:33:00,1604.7,1604.7,1604.6,1604.6,-0.01,33.36,53269.8,-1
2024-07-24,2024-07-24 12:34:00,1604.6,1604.6,1604.5,1604.5,-0.01,33.36,53269.8,-1
2024-07-24,2024-07-24 12:35:00,1604.5,1604.5,1604.4,1604.4,-0.01,33.36,53269.8,-1
2024-07-24,2024-07-24 12:36:00,1604.4,1604.4,1604.3,1604.3,-0.01,33.36,53269.8,-1
2024-07-24,2024-07-24 12:37:00,1604.3,1604.3,1604.2,1604.2,-0.01,33.36,53269.8,-1
2024-07-24,2024-07-24 12:38:00,1604.2,1604.2,1604.1,1604.1,-0.01,33.36,53269.8,-1
2024-07-24,2024-07-24 12:39:00,1604.1,1604.1,1604.0,1604.0,-0.01,33.36,53269.8,-1
2024-07-24,2024-07-24 12:40:00,1604.0,1604.0,1603.9,1603.9,-0.01,33.36,53269.8,-1
2024-07-24,2024-07-24 12:41:00,1603.9,1603.9,1603.8,1603.8,-0.01,33.36,53269.8,-1
2024-07-24,2024-07-24 12:42:00,1603.8,1603.8,1603.7,1603.7,-0.01,33.36,53269.8,-1
2024-07-24,2024-07-24 12:43:00,1603.7,1603.7,1603.6,1603.6,-0.01,33.36,53269.8,-1
2024-07-24,2024-07-24 12:44:00,1603.6,1603.6,1603.5,1603.5,-0.01,33.36,53269.8,-1
2024-07-24,2024-07-24 12:45:00,1603.5,1603.5,1603.4,1603.4,-0.01,33.36,53269.8,-1
2024-07-24,2024-07-24 12:46:00,1603.4,1603.4,1603.3,1603.3,-0.01,33.36,53269.8,-1
2024-07-24,2024-07-24 12:47:00,1603.3,1603.3,1603.2,1603.2,-0.01,33.36,53269.8,-1
2024-07-24,2024-07-24 12:48:00,1603.2,1603.2,1603.1,1603.1,-0.01,33.36,53269.8,-1
2024-07-24,2024-07-24 12:49:00,1603.1,1603.1,1603.0,1603.0,-0.01,33.36,53269.8,-1
2024-07-24,2024-07-24 12:50:00,1603.0,1603.0,1602.9,1602.9,-0.01,33.36,53269.8,-1
2024-07-24,2024-07-24 12:51:00,1602.9,1602.9,1602.8,1602.8,-0.01,33.36,53269.8,-1
2024-07-24,2024-07-24 12:52:00,1602.8,1602.8,1602.7,1602.7,-0.01,33.36,53269.8,-1
2024-07-24,2024-07-24 12:53:00,1602.7,1602.7,1602.6,1602.6,-0.01,33.36,53269.8,-1
2024-07-24,2024-07-24 12:54:00,1602.6,1602.6,1602.5,1602.5,-0.01,33.36,53269.8,-1
2024-07-24,2024-07-24 12:55:00,1602.5,1602.5,1602.4,1602.4,-0.01,33.36,53269.8,-1
2024-07-24,2024-07-24 12:56:00,1602.4,1602.4,1602.3,1602.3,-0.01,33.36,53269.8,-1
2024-07-24,2024-07-24 12:57:00,1602.3,1602.3,1602.2,1602.2,-0.01,33.36,53269.8,-1
2024-07-24,2024-07-24 12:58:00,1602.2,1602.2,1602.1,1602.1,-0.01,33.36,53269.8,-1
2024-07-24,2024-07-24 12:59:00,1602.1,1602.1,1602.0,1602.0,-0.01,33.36,53269.8,-1
2024-07-24,2024-07-24 13:00:00,1602.0,1638.7,1575.0,1601.9,-0.01,33.36,53269.8,-1
2024-07-24,2024-07-24 13:01:00,1601.9,1601.9,1601.8,1601.8,-0.01,33.36,53269.8,-1
2024-07-24,2024-07-24 13:02:00,1601.8,1601.8,1601.7,1601.7,-0.01,33.36,53269.8,-1
2024-07-24,2024-07-24 13:03:00,1601.7,1601.7,1601.6,1601.6,-0.01,33.36,53269.8,-1
2024-07-24,2024-07-24 13:04:00,1601.6,1601.6,1601.5,1601.5,-0.01,33.36,53269.8,-1
2024-07-24,2024-07-24 13:05:00,1601.5,1601.5,1601.4,1601.4,-0.01,33.36,53269.8,-1
2024-07-24,2024-07-24 13:06:00,1601.4,1601.4,1601.3,1601.3,-0.01,33.36,53269.8,-1
2024-07-24,2024-07-24 13:07:00,1601.3,1601.3,1601.2,1601.2,-0.01,33.36,53269.8,-1
2024-07-24,2024-07-24 13:08:00,1601.2,1601.2,1601.1,1601.1,-0.01,33.36,53269.8,-1
2024-07-24,2024-07-24 13:09:00,1601.1,1601.1,1601.0,1601.0,-0.01,33.36,53269.8,-1
2024-07-24,2024-07-24 13:10:00,1601.0,1601.0,1600.9,1600.9,-0.01,33.36,53269.8,-1
2024-07-24,2024-07-24 13:11:00,1600.9,1600.9,1600.8,1600.8,-0.01,33.36,53269.8,-1
2024-07-24,2024-07-24 13:12:00,1600.8,1600.8,1600.7,1600.7,-0.01,33.36,53269.8,-1
2024-07-24,2024-07-24 13:13:00,1600.7,1600.7,1600.6,1600.6,-0.01,33.36,53269.8,-1
2024-07-24,2024-07-24 13:14:00,1600.6,1600.6,1600.5,1600.5,-0.01,33.36,53269.8,-1
2024-07-24,2024-07-24 13:15:00,1600.5,1600.5,1600.4,1600.4,-0.01,33.36,53269.8,-1
2024-07-24,2024-07-24 13:16:00,1600.4,1600.4,1600.3,1600.3,-0.01,33.36,53269.8,-1
2024-07-24,2024-07-24 13:17:00,1600.3,1600.3,1600.2,1600.2,-0.01,33.36,53269.8,-1
2024-07-24,2024-07-24 13:18:00,1600.2,1600.2,1600.1,1600.1,-0.01,33.36,53269.8,-1
2024-07-24,2024-07-24 13:19:00,1600.1,1600.1,1600.0,1600.0,-0.01,33.36,53269.8,-1
2024-07-24,2024-07-24 13:20:00,1600.0,1600.0,1599.9,1599.9,-0.01,33.36,53269.8,-1
2024-07-24,2024-07-24 13:21:00,1599.9,1599.9,1599.8,1599.8,-0.01,33.36,53269.8,-1
2024-07-24,2024-07-24 13:22:00,1599.8,1599.8,1599.7,1599.7,-0.01,33.36,53269.8,-1
2024-07-24,2024-07-24 13:23:00,1599.7,1599.7,1599.6,1599.6,-0.01,33.36,53269.8,-1
2024-07-24,2024-07-24 13:24:00,1599.6,1599.6,1599.5,1599.5,-0.01,33.36,53269.8,-1
2024-07-24,2024-07-24 13:25:00,1599.5,1599.5,1599.4,1599.4,-0.01,33.36,53269.8,-1
2024-07-24,2024-07-24 13:26:00,1599.4,1599.4,1599.3,1599.3,-0.01,33.36,53269.8,-1
2024-07-24,2024-07-24 13:27:00,1599.3,1599.3,1599.2,1599.2,-0.01,33.36,53269.8,-1
2024-07-24,2024-07-24 13:28:00,1599.2,1599.2,1599.1,1599.1,-0.01,33.36,53269.8,-1
2024-07-24,2024-07-24 13:29:00,1599.1,1599.1,1599.0,1599.0,-0.01,33.36,53269.8,-1
2024-07-24,2024-07-24 13:30:00,1599.0,1599.0,1598.9,1598.9,-0.01,33.36,53269.8,-1
2024-07-24,2024-07-24 13:31:00,1598.9,1598.9,1598.8,1598.8,-0.01,33.36,53269.8,-1
2024-07-24,2024-07-24 13:32:00,1598.8,1598.8,1598.7,1598.7,-0.01,33.36,53269.8,-1
2024-07-24,2024-07-24 13:33:00,1598.7,1598.7,1598.6,1598.6,-0.01,33.36,53269.8,-1
2024-07-24,2024-07-24 13:34:00,1598.6,1598.6,1598.5,1598.5,-0.01,33.36,53269.8,-1
2024-07-24,2024-07-24 13:35:00,1598.5,1598.5,1598.4,1598.4,-0.01,33.36,53269.8,-1
2024-07-24,2024-07-24 13:36:00,1598.4,1598.4,1598.3,1598.3,-0.01,33.36,53269.8,-1
2024-07-24,2024-07-24 13:37:00,1598.3,1598.3,1598.2,1598.2,-0.01,33.36,53269.8,-1
2024-07-24,2024-07-24 13:38:00,1598.2,1598.2,1598.1,1598.1,-0.01,33.36,53269.8,-1
2024-07-24,2024-07-24 13:39:00,1598.1,1598.1,1598.0,1598.0,-0.01,33.36,53269.8,-1
2024-07-24,2024-07-24 13:40:00,1598.0,1598.0,1597.9,1597.9,-0.01,33.36,53269.8,-1
2024-07-24,2024-07-24 13:41:00,1597.9,1597.9,1597.8,1597.8,-0.01,33.36,53269.8,-1
2024-07-24,2024-07-24 13:42:00,1597.8,1597.8,1597.7,1597.7,-0.01,33.36,53269.8,-1
2024-07-24,2024-07-24 13:43:00,1597.7,1597.7,1597.6,1597.6,-0.01,33.36,53269.8,-1
2024-07-24,2024-07-24 13:44:00,1597.6,1597.6,1597.5,1597.5,-0.01,33.36,53269.8,-1
2024-07-24,2024-07-24 13:45:00,1597.5,1597.5,1597.4,1597.4,-0.01,33.36,53269.8,-1
2024-07-24,2024-07-24 13:46:00,1597.4,1597.4,1597.3,1597.3,-0.01,33.36,53269.8,-1
2024-07-24,2024-07-24 13:47:00,1597.3,1597.3,1597.2,1597.2,-0.01,33.36,53269.8,-1
2024-07-24,2024-07-24 13:48:00,1597.2,1597.2,1597.1,1597.1,-0.01,33.36,53269.8,-1
2024-07-24,2024-07-24 13:49:00,1597.1,1597.1,1597.0,1597.0,-0.01,33.36,53269.8,-1
2024-07-24,2024-07-24 13:50:00,1597.0,1597.0,1596.9,1596.9,-0.01,33.36,53269.8,-1
2024-07-24,2024-07-24 13:51:00,1596.9,1596.9,1596.8,1596.8,-0.01,33.36,53269.8,-1
2024-07-24,2024-07-24 13:52:00,1596.8,1596.8,1596.7,1596.7,-0.01,33.36,53269.8,-1
2024-07-24,2024-07-24 13:53:00,1596.7,1596.7,1596.6,1596.6,-0.01,33.36,53269.8,-1
2024-07-24,2024-07-24 13:54:00,1596.6,1596.6,1596.5,1596.5,-0.01,33.36,53269.8,-1
2024-07-24,2024-07-24 13:55:00,1596.5,1596.5,1596.4,1596.4,-0.01,33.36,53269.8,-1
2024-07-24,2024-07-24 13:56:00,1596.4,1596.4,1596.3,1596.3,-0.01,33.36,53269.8,-1
2024-07-24,2024-07-24 13:57:00,1596.3,1596.3,1596.2,1596.2,-0.01,33.36,53269.8,-1
2024-07-24,2024-07-24 13:58:00,1596.2,1596.2,1596.1,1596.1,-0.01,33.36,53269.8,-1
2024-07-24,2024-07-24 13:59:00,1596.1,1596.1,1596.0,1596.0,-0.01,33.36,53269.8,-1
2024-07-24,2024-07-24 14:00:00,1596.0,1596.0,1595.9,1595.9,-0.01,33.36,53269.8,-1
2024-07-24,2024-07-24 14:01:00,1595.9,1595.9,1595.8,1595.8,-0.01,33.36,53269.8,-1
2024-07-24,2024-07-24 14:02:00,1595.8,1595.8,1595.7,1595.7,-0.01,33.36,53269.8,-1
2024-07-24,2024-07-24 14:03:00,1595.7,1595.7,1595.6,1595.6,-0.01,33.36,53269.8,-1
2024-07-24,2024-07-24 14:04:00,1595.6,1595.6,1595.5,1595.5,-0.01,33.36,53269.8,-1
2024-07-24,2024-07-24 14:05:00,1595.5,1595.5,1595.4,1595.4,-0.01,33.36,53269.8,-1
2024-07-24,2024-07-24 14:06:00,1595.4,1595.4,1595.3,1595.3,-0.01,33.36,53269.8,-1
2024-07-24,2024-07-24 14:07:00,1595.3,1595.3,1595.2,1595.2,-0.01,33.36,53269.8,-1
2024-07-24,2024-07-24 14:08:00,1595.2,1595.2,1595.1,1595.1,-0.01,33.36,53269.8,-1
2024-07-24,2024-07-24 14:09:00,1595.1,1595.1,1595.0,1595.0,-0.01,33.36,53269.8,-1
2024-07-24,2024-07-24 14:10:00,1595.0,1595.0,1594.9,1594.9,-0.01,33.36,53269.8,-1
2024-07-24,2024-07-24 14:11:00,1594.9,1594.9,1594.8,1594.8,-0.01,33.36,53269.8,-1
2024-07-24,2024-07-24 14:12:00,1594.8,1594.8,1594.7,1594.7,-0.01,33.36,53269.8,-1
2024-07-24,2024-07-24 14:13:00,1594.7,1594.7,1594.6,1594.6,-0.01,33.36,53269.8,-1
2024-07-24,2024-07-24 14:14:00,1594.6,1594.6,1594.5,1594.5,-0.01,33.36,53269.8,-1
2024-07-24,2024-07-24 14:15:00,1594.5,1594.5,1594.4,1594.4,-0.01,33.36,53269.8,-1
2024-07-24,2024-07-24 14:16:00,1594.4,1594.4,1594.3,1594.3,-0.01,33.36,53269.8,-1
2024-07-24,2024-07-24 14:17:00,1594.3,1594.3,1594.2,1594.2,-0.01,33.36,53269.8,-1
2024-07-24,2024-07-24 14:18:00,1594.2,1594.2,1594.1,1594.1,-0.01,33.36,53269.8,-1
2024-07-24,2024-07-24 14:19:00,1594.1,1594.1,1594.0,1594.0,-0.01,33.36,53269.8,-1
2024-07-24,2024-07-24 14:20:00,1594.0,1594.0,1593.9,1593.9,-0.01,33.36,53269.8,-1
2024-07-24,2024-07-24 14:21:00,1593.9,1593.9,1593.8,1593.8,-0.01,33.36,53269.8,-1
2024-07-24,2024-07-24 14:22:00,1593.8,1593.8,1593.7,1593.7,-0.01,33.36,53269.8,-1
2024-07-24,2024-07-24 14:23:00,1593.7,1593.7,1593.6,1593.6,-0.01,33.36,53269.8,-1
2024-07-24,2024-07-24 14:24:00,1593.6,1593.6,1593.5,1593.5,-0.01,33.36,53269.8,-1
2024-07-24,2024-07-24 14:25:00,1593.5,1593.5,1593.4,1593.4,-0.01,33.36,53269.8,-1
2024-07-24,2024-07-24 14:26:00,1593.4,1593.4,1593.3,1593.3,-0.01,33.36,53269.8,-1
2024-07-24,2024-07-24 14:27:00,1593.3,1593.3,1593.2,1593.2,-0.01,33.36,53269.8,-1
2024-07-24,2024-07-24 14:28:00,1593.2,1593.2,1593.1,1593.1,-0.01,33.36,53269.8,-1
2024-07-24,2024-07-24 14:29:00,1593.1,1593.1,1593.0,1593.0,-0.01,33.36,53269.8,-1
2024-07-24,2024-07-24 14:30:00,1593.0,1593.0,1592.9,1592.9,-0.01,33.36,53269.8,-1
2024-07-24,2024-07-24 14:31:00,1592.9,1592.9,1592.8,1592.8,-0.01,33.36,53269.8,-1
2024-07-24,2024-07-24 14:32:00,1592.8,1592.8,1592.7,1592.7,-0.01,33.36,53269.8,-1
2024-07-24,2024-07-24 14:33:00,1592.7,1592.7,1592.6,1592.6,-0.01,33.36,53269.8,-1
2024-07-24,2024-07-24 14:34:00,1592.6,1592.6,1592.5,1592.5,-0.01,33.36,53269.8,-1
2024-07-24,2024-07-24 14:35:00,1592.5,1592.5,1592.4,1592.4,-0.01,33.36,53269.8,-1
2024-07-24,2024-07-24 14:36:00,1592.4,1592.4,1592.3,1592.3,-0.01,33.36,53269.8,-1
2024-07-24,2024-07-24 14:37:00,1592.3,1592.3,1592.2,1592.2,-0.01,33.36,53269.8,-1
2024-07-24,2024-07-24 14:38:00,1592.2,1592.2,1592.1,1592.1,-0.01,33.36,53269.8,-1
2024-07-24,2024-07-24 14:39:00,1592.1,1592.1,1592.0,1592.0,-0.01,33.36,53269.8,-1
2024-07-24,2024-07-24 14:40:00,1592.0,1592.0,1591.9,1591.9,-0.01,33.36,53269.8,-1
2024-07-24,2024-07-24 14:41:00,1591.9,1591.9,1591.8,1591.8,-0.01,33.36,53269.8,-1
2024-07-24,2024-07-24 14:42:00,1591.8,1591.8,1591.7,1591.7,-0.01,33.36,53269.8,-1
2024-07-24,2024-07-24 14:43:00,1591.7,1591.7,1591.6,1591.6,-0.01,33.36,53269.8,-1
2024-07-24,2024-07-24 14:44:00,1591.6,1591.6,1591.5,1591.5,-0.01,33.36,53269.8,-1
2024-07-24,2024-07-24 14:45:00,1591.5,1591.5,1591.4,1591.4,-0.01,33.36,53269.8,-1
2024-07-24,2024-07-24 14:46:00,1591.4,1591.4,1591.3,1591.3,-0.01,33.36,53269.8,-1
2024-07-24,2024-07-24 14:47:00,1591.3,1591.3,1591.2,1591.2,-0.01,33.36,53269.8,-1
2024-07-24,2024-07-24 14:48:00,1591.2,1591.2,1591.1,1591.1,-0.01,33.36,53269.8,-1
2024-07-24,2024-07-24 14:49:00,1591.1,1591.1,1591.0,1591.0,-0.01,33.36,53269.8,-1
2024-07-24,2024-07-24 14:50:00,1591.0,1591.0,1590.9,1590.9,-0.01,33.36,53269.8,-1
2024-07-24,2024-07-24 14:51:00,1590.9,1590.9,1590.8,1590.8,-0.01,33.36,53269.8,-1
2024-07-24,2024-07-24 14:52:00,1590.8,1590.8,1590.7,1590.7,-0.01,33.36,53269.8,-1
2024-07-24,2024-07-24 14:53:00,1590.7,1590.7,1590.6,1590.6,-0.01,33.36,53269.8,-1
2024-07-24,2024-07-24 14:54:00,1590.6,1590.6,1590.5,1590.5,-0.01,33.36,53269.8,-1
2024-07-24,2024-07-24 14:55:00,1590.5,1590.5,1590.4,1590.4,-0.01,33.36,53269.8,-1
2024-07-24,2024-07-24 14:56:00,1590.4,1590.4,1590.3,1590.3,-0.01,33.36,53269.8,-1
2024-07-24,2024-07-24 14:57:00,1590.3,1590.3,1590.2,1590.2,-0.01,33.36,53269.8,-1
2024-07-24,2024-07-24 14:58:00,1590.2,1590.2,1590.1,1590.1,-0.01,33.36,53269.8,-1
2024-07-24,2024-07-24 14:59:00,1590.1,1590.1,1590.0,1590.0,-0.01,33.36,53269.8,-1
2024-07-24,2024-07-24 15:00:00,1590.0,1638.7,1575.0,1590.0,0.0,33.36,53269.8,0
2024-07-25,2024-07-25 11:00:00,1621.6,1638.82,1611.88,1621.84,0.01,122.58,202353.28,1
2024-07-25,2024-07-25 11:01:00,1621.84,1622.08,1621.84,1622.08,0.01,122.58,202353.28,1
2024-07-25,2024-07-25 11:02:00,1622.08,1622.32,1622.08,1622.32,0.01,122.58,202353.28,1
2024-07-25,2024-07-25 11:03:00,1622.32,1622.56,1622.32,1622.56,0.01,122.58,202353.28,1
2024-07-25,2024-07-25 11:04:00,1622.56,1622.8,1622.56,1622.8,0.01,122.58,202353.28,1
2024-07-25,2024-07-25 11:05:00,1622.8,1623.03,1622.8,1623.03,0.01,122.58,202353.28,1
2024-07-25,2024-07-25 11:06:00,1623.03,1623.27,1623.03,1623.27,0.01,122.58,202353.28,1
2024-07-25,2024-07-25 11:07:00,1623.27,1623.51,1623.27,1623.51,0.01,122.58,202353.28,1
2024-07-25,2024-07-25 11:08:00,1623.51,1623.75,1623.51,1623.75,0.01,122.58,202353.28,1
2024-07-25,2024-07-25 11:09:00,1623.75,1623.99,1623.75,1623.99,0.01,122.58,202353.28,1
2024-07-25,2024-07-25 11:10:00,1623.99,1624.23,1623.99,1624.23,0.01,122.58,202353.28,1
2024-07-25,2024-07-25 11:11:00,1624.23,1624.47,1624.23,1624.47,0.01,122.58,202353.28,1
2024-07-25,2024-07-25 11:12:00,1624.47,1624.71,1624.47,1624.71,0.01,122.58,202353.28,1
2024-07-25,2024-07-25 11:13:00,1624.71,1624.95,1624.71,1624.95,0.01,122.58,202353.28,1
2024-07-25,2024-07-25 11:14:00,1624.95,1625.19,1624.95,1625.19,0.01,122.58,202353.28,1
2024-07-25,2024-07-25 11:15:00,1625.19,1625.43,1625.19,1625.43,0.01,122.58,202353.28,1
2024-07-25,2024-07-25 11:16:00,1625.43,1625.67,1625.43,1625.67,0.01,122.58,202353.28,1
2024-07-25,2024-07-25 11:17:00,1625.67,1625.9,1625.67,1625.9,0.01,122.58,202353.28,1
2024-07-25,2024-07-25 11:18:00,1625.9,1626.14,1625.9,1626.14,0.01,122.58,202353.28,1
2024-07-25,2024-07-25 11:19:00,1626.14,1626.38,1626.14,1626.38,0.01,122.58,202353.28,1
2024-07-25,2024-07-25 11:20:00,1626.38,1626.62,1626.38,1626.62,0.01,122.58,202353.28,1
2024-07-25,2024-07-25 11:21:00,1626.62,1626.86,1626.62,1626.86,0.01,122.58,202353.28,1
2024-07-25,2024-07-25 11:22:00,1626.86,1627.1,1626.86,1627.1,0.01,122.58,202353.28,1
2024-07-25,2024-07-25 11:23:00,1627.1,1627.34,1627.1,1627.34,0.01,122.58,202353.28,1
2024-07-25,2024-07-25 11:24:00,1627.34,1627.58,1627.34,1627.58,0.01,122.58,202353.28,1
2024-07-25,2024-07-25 11:25:00,1627.58,1627.82,1627.58,1627.82,0.01,122.58,202353.28,1
2024-07-25,2024-07-25 11:26:00,1627.82,1628.06,1627.82,1628.06,0.01,122.58,202353.28,1
2024-07-25,2024-07-25 11:27:00,1628.06,1628.3,1628.06,1628.3,0.01,122.58,202353.28,1
2024-07-25,2024-07-25 11:28:00,1628.3,1628.54,1628.3,1628.54,0.01,122.58,202353.28,1
2024-07-25,2024-07-25 11:29:00,1628.54,1628.77,1628.54,1628.77,0.01,122.58,202353.28,1
2024-07-25,2024-07-25 11:30:00,1628.77,1629.01,1628.77,1629.01,0.01,122.58,202353.28,1
2024-07-25,2024-07-25 11:31:00,1629.01,1629.25,1629.01,1629.25,0.01,122.58,202353.28,1
2024-07-25,2024-07-25 11:32:00,1629.25,1629.49,1629.25,1629.49,0.01,122.58,202353.28,1
2024-07-25,2024-07-25 11:33:00,1629.49,1629.73,1629.49,1629.73,0.01,122.58,202353.28,1
2024-07-25,2024-07-25 11:34:00,1629.73,1629.97,1629.73,1629.97,0.01,122.58,202353.28,1
2024-07-25,2024-07-25 11:35:00,1629.97,1630.21,1629.97,1630.21,0.01,122.58,202353.28,1
2024-07-25,2024-07-25 11:36:00,1630.21,1630.45,1630.21,1630.45,0.01,122.58,202353.28,1
2024-07-25,2024-07-25 11:37:00,1630.45,1630.69,1630.45,1630.69,0.01,122.58,202353.28,1
2024-07-25,2024-07-25 11:38:00,1630.69,1630.93,1630.69,1630.93,0.01,122.58,202353.28,1
2024-07-25,2024-07-25 11:39:00,1630.93,1631.17,1630.93,1631.17,0.01,122.58,202353.28,1
2024-07-25,2024-07-25 11:40:00,1631.17,1631.41,1631.17,1631.41,0.01,122.58,202353.28,1
2024-07-25,2024-07-25 11:41:00,1631.41,1631.64,1631.41,1631.64,0.01,122.58,202353.28,1
2024-07-25,2024-07-25 11:42:00,1631.64,1631.88,1631.64,1631.88,0.01,122.58,202353.28,1
2024-07-25,2024-07-25 11:43:00,1631.88,1632.12,1631.88,1632.12,0.01,122.58,202353.28,1
2024-07-25,2024-07-25 11:44:00,1632.12,1632.36,1632.12,1632.36,0.01,122.58,202353.28,1
2024-07-25,2024-07-25 11:45:00,1632.36,1632.6,1632.36,1632.6,0.01,122.58,202353.28,1
2024-07-25,2024-07-25 11:46:00,1632.6,1632.84,1632.6,1632.84,0.01,122.58,202353.28,1
2024-07-25,2024-07-25 11:47:00,1632.84,1633.08,1632.84,1633.08,0.01,122.58,202353.28,1
2024-07-25,2024-07-25 11:48:00,1633.08,1633.32,1633.08,1633.32,0.01,122.58,202353.28,1
2024-07-25,2024-07-25 11:49:00,1633.32,1633.56,1633.32,1633.56,0.01,122.58,202353.28,1
2024-07-25,2024-07-25 11:50:00,1633.56,1633.8,1633.56,1633.8,0.01,122.58,202353.28,1
2024-07-25,2024-07-25 11:51:00,1633.8,1634.04,1633.8,1634.04,0.01,122.58,202353.28,1
2024-07-25,2024-07-25 11:52:00,1634.04,1634.28,1634.04,1634.28,0.01,122.58,202353.28,1
2024-07-25,2024-07-25 11:53:00,1634.28,1634.51,1634.28,1634.51,0.01,122.58,202353.28,1
2024-07-25,2024-07-25 11:54:00,1634.51,1634.75,1634.51,1634.75,0.01,122.58,202353.28,1
2024-07-25,2024-07-25 11:55:00,1634.75,1634.99,1634.75,1634.99,0.01,122.58,202353.28,1
2024-07-25,2024-07-25 11:56:00,1634.99,1635.23,1634.99,1635.23,0.01,122.58,202353.28,1
2024-07-25,2024-07-25 11:57:00,1635.23,1635.47,1635.23,1635.47,0.01,122.58,202353.28,1
2024-07-25,2024-07-25 11:58:00,1635.47,1635.71,1635.47,1635.71,0.01,122.58,202353.28,1
2024-07-25,2024-07-25 11:59:00,1635.71,1635.95,1635.71,1635.95,0.01,122.58,202353.28,1
2024-07-25,2024-07-25 12:00:00,1635.95,1636.19,1635.95,1636.19,0.01,122.58,202353.28,1
2024-07-25,2024-07-25 12:01:00,1636.19,1636.43,1636.19,1636.43,0.01,122.58,202353.28,1
2024-07-25,2024-07-25 12:02:00,1636.43,1636.67,1636.43,1636.67,0.01,122.58,202353.28,1
2024-07-25,2024-07-25 12:03:00,1636.67,1636.91,1636.67,1636.91,0.01,122.58,202353.28,1
2024-07-25,2024-07-25 12:04:00,1636.91,1637.15,1636.91,1637.15,0.01,122.58,202353.28,1
2024-07-25,2024-07-25 12:05:00,1637.15,1637.38,1637.15,1637.38,0.01,122.58,202353.28,1
2024-07-25,2024-07-25 12:06:00,1637.38,1637.62,1637.38,1637.62,0.01,122.58,202353.28,1
2024-07-25,2024-07-25 12:07:00,1637.62,1637.86,1637.62,1637.86,0.01,122.58,202353.28,1
2024-07-25,2024-07-25 12:08:00,1637.86,1638.1,1637.86,1638.1,0.01,122.58,202353.28,1
2024-07-25,2024-07-25 12:09:00,1638.1,1638.34,1638.1,1638.34,0.01,122.58,202353.28,1
2024-07-25,2024-07-25 12:10:00,1638.34,1638.58,1638.34,1638.58,0.01,122.58,202353.28,1
2024-07-25,2024-07-25 12:11:00,1638.58,1638.82,1638.58,1638.82,0.01,122.58,202353.28,1
2024-07-25,2024-07-25 12:12:00,1638.82,1639.06,1638.82,1639.06,0.01,122.58,202353.28,1
2024-07-25,2024-07-25 12:13:00,1639.06,1639.3,1639.06,1639.3,0.01,122.58,202353.28,1
2024-07-25,2024-07-25 12:14:00,1639.3,1639.54,1639.3,1639.54,0.01,122.58,202353.28,1
2024-07-25,2024-07-25 12:15:00,1639.54,1639.78,1639.54,1639.78,0.01,122.58,202353.28,1
2024-07-25,2024-07-25 12:16:00,1639.78,1640.02,1639.78,1640.02,0.01,122.58,202353.28,1
2024-07-25,2024-07-25 12:17:00,1640.02,1640.25,1640.02,1640.25,0.01,122.58,202353.28,1
2024-07-25,2024-07-25 12:18:00,1640.25,1640.49,1640.25,1640.49,0.01,122.58,202353.28,1
2024-07-25,2024-07-25 12:19:00,1640.49,1640.73,1640.49,1640.73,0.01,122.58,202353.28,1
2024-07-25,2024-07-25 12:20:00,1640.73,1640.97,1640.73,1640.97,0.01,122.58,202353.28,1
2024-07-25,2024-07-25 12:21:00,1640.97,1641.21,1640.97,1641.21,0.01,122.58,202353.28,1
2024-07-25,2024-07-25 12:22:00,1641.21,1641.45,1641.21,1641.45,0.01,122.58,202353.28,1
2024-07-25,2024-07-25 12:23:00,1641.45,1641.69,1641.45,1641.69,0.01,122.58,202353.28,1
2024-07-25,2024-07-25 12:24:00,1641.69,1641.93,1641.69,1641.93,0.01,122.58,202353.28,1
2024-07-25,2024-07-25 12:25:00,1641.93,1642.17,1641.93,1642.17,0.01,122.58,202353.28,1
2024-07-25,2024-07-25 12:26:00,1642.17,1642.41,1642.17,1642.41,0.01,122.58,202353.28,1
2024-07-25,2024-07-25 12:27:00,1642.41,1642.65,1642.41,1642.65,0.01,122.58,202353.28,1
2024-07-25,2024-07-25 12:28:00,1642.65,1642.89,1642.65,1642.89,0.01,122.58,202353.28,1
2024-07-25,2024-07-25 12:29:00,1642.89,1643.12,1642.89,1643.12,0.01,122.58,202353.28,1
2024-07-25,2024-07-25 12:30:00,1643.12,1643.36,1643.12,1643.36,0.01,122.58,202353.28,1
2024-07-25,2024-07-25 12:31:00,1643.36,1643.6,1643.36,1643.6,0.01,122.58,202353.28,1
2024-07-25,2024-07-25 12:32:00,1643.6,1643.84,1643.6,1643.84,0.01,122.58,202353.28,1
2024-07-25,2024-07-25 12:33:00,1643.84,1644.08,1643.84,1644.08,0.01,122.58,202353.28,1
2024-07-25,2024-07-25 12:34:00,1644.08,1644.32,1644.08,1644.32,0.01,122.58,202353.28,1
2024-07-25,2024-07-25 12:35:00,1644.32,1644.56,1644.32,1644.56,0.01,122.58,202353.28,1
2024-07-25,2024-07-25 12:36:00,1644.56,1644.8,1644.56,1644.8,0.01,122.58,202353.28,1
2024-07-25,2024-07-25 12:37:00,1644.8,1645.04,1644.8,1645.04,0.01,122.58,202353.28,1
2024-07-25,2024-07-25 12:38:00,1645.04,1645.28,1645.04,1645.28,0.01,122.58,202353.28,1
2024-07-25,2024-07-25 12:39:00,1645.28,1645.52,1645.28,1645.52,0.01,122.58,202353.28,1
2024-07-25,2024-07-25 12:40:00,1645.52,1645.76,1645.52,1645.76,0.01,122.58,202353.28,1
2024-07-25,2024-07-25 12:41:00,1645.76,1645.99,1645.76,1645.99,0.01,122.58,202353.28,1
2024-07-25,2024-07-25 12:42:00,1645.99,1646.23,1645.99,1646.23,0.01,122.58,202353.28,1
2024-07-25,2024-07-25 12:43:00,1646.23,1646.47,1646.23,1646.47,0.01,122.58,202353.28,1
2024-07-25,2024-07-25 12:44:00,1646.47,1646.71,1646.47,1646.71,0.01,122.58,202353.28,1
2024-07-25,2024-07-25 12:45:00,1646.71,1646.95,1646.71,1646.95,0.01,122.58,202353.28,1
2024-07-25,2024-07-25 12:46:00,1646.95,1647.19,1646.95,1647.19,0.01,122.58,202353.28,1
2024-07-25,2024-07-25 12:47:00,1647.19,1647.43,1647.19,1647.43,0.01,122.58,202353.28,1
2024-07-25,2024-07-25 12:48:00,1647.43,1647.67,1647.43,1647.67,0.01,122.58,202353.28,1
2024-07-25,2024-07-25 12:49:00,1647.67,1647.91,1647.67,1647.91,0.01,122.58,202353.28,1
2024-07-25,2024-07-25 12:50:00,1647.91,1648.15,1647.91,1648.15,0.01,122.58,202353.28,1
2024-07-25,2024-07-25 12:51:00,1648.15,1648.39,1648.15,1648.39,0.01,122.58,202353.28,1
2024-07-25,2024-07-25 12:52:00,1648.39,1648.63,1648.39,1648.63,0.01,122.58,202353.28,1
2024-07-25,2024-07-25 12:53:00,1648.63,1648.87,1648.63,1648.87,0.01,122.58,202353.28,1
2024-07-25,2024-07-25 12:54:00,1648.87,1649.1,1648.87,1649.1,0.01,122.58,202353.28,1
2024-07-25,2024-07-25 12:55:00,1649.1,1649.34,1649.1,1649.34,0.01,122.58,202353.28,1
2024-07-25,2024-07-25 12:56:00,1649.34,1649.58,1649.34,1649.58,0.01,122.58,202353.28,1
2024-07-25,2024-07-25 12:57:00,1649.58,1649.82,1649.58,1649.82,0.01,122.58,202353.28,1
2024-07-25,2024-07-25 12:58:00,1649.82,1650.06,1649.82,1650.06,0.01,122.58,202353.28,1
2024-07-25,2024-07-25 12:59:00,1650.06,1650.3,1650.06,1650.3,0.01,122.58,202353.28,1
2024-07-25,2024-07-25 13:00:00,1650.3,1679.0,1589.2,1650.54,0.01,122.58,202353.28,1
2024-07-25,2024-07-25 13:01:00,1650.54,1650.78,1650.54,1650.78,0.01,122.58,202353.28,1
2024-07-25,2024-07-25 13:02:00,1650.78,1651.02,1650.78,1651.02,0.01,122.58,202353.28,1
2024-07-25,2024-07-25 13:03:00,1651.02,1651.26,1651.02,1651.26,0.01,122.58,202353.28,1
2024-07-25,2024-07-25 13:04:00,1651.26,1651.5,1651.26,1651.5,0.01,122.58,202353.28,1
2024-07-25,2024-07-25 13:05:00,1651.5,1651.73,1651.5,1651.73,0.01,122.58,202353.28,1
2024-07-25,2024-07-25 13:06:00,1651.73,1651.97,1651.73,1651.97,0.01,122.58,202353.28,1
2024-07-25,2024-07-25 13:07:00,1651.97,1652.21,1651.97,1652.21,0.01,122.58,202353.28,1
2024-07-25,2024-07-25 13:08:00,1652.21,1652.45,1652.21,1652.45,0.01,122.58,202353.28,1
2024-07-25,2024-07-25 13:09:00,1652.45,1652.69,1652.45,1652.69,0.01,122.58,202353.28,1
2024-07-25,2024-07-25 13:10:00,1652.69,1652.93,1652.69,1652.93,0.01,122.58,202353.28,1
2024-07-25,2024-07-25 13:11:00,1652.93,1653.17,1652.93,1653.17,0.01,122.58,202353.28,1
2024-07-25,2024-07-25 13:12:00,1653.17,1653.41,1653.17,1653.41,0.01,122.58,202353.28,1
2024-07-25,2024-07-25 13:13:00,1653.41,1653.65,1653.41,1653.65,0.01,122.58,202353.28,1
2024-07-25,2024-07-25 13:14:00,1653.65,1653.89,1653.65,1653.89,0.01,122.58,202353.28,1
2024-07-25,2024-07-25 13:15:00,1653.89,1654.13,1653.89,1654.13,0.01,122.58,202353.28,1
2024-07-25,2024-07-25 13:16:00,1654.13,1654.37,1654.13,1654.37,0.01,122.58,202353.28,1
2024-07-25,2024-07-25 13:17:00,1654.37,1654.61,1654.37,1654.61,0.01,122.58,202353.28,1
2024-07-25,2024-07-25 13:18:00,1654.61,1654.84,1654.61,1654.84,0.01,122.58,202353.28,1
2024-07-25,2024-07-25 13:19:00,1654.84,1655.08,1654.84,1655.08,0.01,122.58,202353.28,1
2024-07-25,2024-07-25 13:20:00,1655.08,1655.32,1655.08,1655.32,0.01,122.58,202353.28,1
2024-07-25,2024-07-25 13:21:00,1655.32,1655.56,1655.32,1655.56,0.01,122.58,202353.28,1
2024-07-25,2024-07-25 13:22:00,1655.56,1655.8,1655.56,1655.8,0.01,122.58,202353.28,1
2024-07-25,2024-07-25 13:23:00,1655.8,1656.04,1655.8,1656.04,0.01,122.58,202353.28,1
2024-07-25,2024-07-25 13:24:00,1656.04,1656.28,1656.04,1656.28,0.01,122.58,202353.28,1
2024-07-25,2024-07-25 13:25:00,1656.28,1656.52,1656.28,1656.52,0.01,122.58,202353.28,1
2024-07-25,2024-07-25 13:26:00,1656.52,1656.76,1656.52,1656.76,0.01,122.58,202353.28,1
2024-07-25,2024-07-25 13:27:00,1656.76,1657.0,1656.76,1657.0,0.01,122.58,202353.28,1
2024-07-25,2024-07-25 13:28:00,1657.0,1657.24,1657.0,1657.24,0.01,122.58,202353.28,1
2024-07-25,2024-07-25 13:29:00,1657.24,1657.47,1657.24,1657.47,0.01,122.58,202353.28,1
2024-07-25,2024-07-25 13:30:00,1657.47,1657.71,1657.47,1657.71,0.01,122.58,202353.28,1
2024-07-25,2024-07-25 13:31:00,1657.71,1657.95,1657.71,1657.95,0.01,122.58,202353.28,1
2024-07-25,2024-07-25 13:32:00,1657.95,1658.19,1657.95,1658.19,0.01,122.58,202353.28,1
2024-07-25,2024-07-25 13:33:00,1658.19,1658.43,1658.19,1658.43,0.01,122.58,202353.28,1
2024-07-25,2024-07-25 13:34:00,1658.43,1658.67,1658.43,1658.67,0.01,122.58,202353.28,1
2024-07-25,2024-07-25 13:35:00,1658.67,1658.91,1658.67,1658.91,0.01,122.58,202353.28,1
2024-07-25,2024-07-25 13:36:00,1658.91,1659.15,1658.91,1659.15,0.01,122.58,202353.28,1
2024-07-25,2024-07-25 13:37:00,1659.15,1659.39,1659.15,1659.39,0.01,122.58,202353.28,1
2024-07-25,2024-07-25 13:38:00,1659.39,1659.63,1659.39,1659.63,0.01,122.58,202353.28,1
2024-07-25,2024-07-25 13:39:00,1659.63,1659.87,1659.63,1659.87,0.01,122.58,202353.28,1
2024-07-25,2024-07-25 13:40:00,1659.87,1660.11,1659.87,1660.11,0.01,122.58,202353.28,1
2024-07-25,2024-07-25 13:41:00,1660.11,1660.35,1660.11,1660.35,0.01,122.58,202353.28,1
2024-07-25,2024-07-25 13:42:00,1660.35,1660.58,1660.35,1660.58,0.01,122.58,202353.28,1
2024-07-25,2024-07-25 13:43:00,1660.58,1660.82,1660.58,1660.82,0.01,122.58,202353.28,1
2024-07-25,2024-07-25 13:44:00,1660.82,1661.06,1660.82,1661.06,0.01,122.58,202353.28,1
2024-07-25,2024-07-25 13:45:00,1661.06,1661.3,1661.06,1661.3,0.01,122.58,202353.28,1
2024-07-25,2024-07-25 13:46:00,1661.3,1661.54,1661.3,1661.54,0.01,122.58,202353.28,1
2024-07-25,2024-07-25 13:47:00,1661.54,1661.78,1661.54,1661.78,0.01,122.58,202353.28,1
2024-07-25,2024-07-25 13:48:00,1661.78,1662.02,1661.78,1662.02,0.01,122.58,202353.28,1
2024-07-25,2024-07-25 13:49:00,1662.02,1662.26,1662.02,1662.26,0.01,122.58,202353.28,1
2024-07-25,2024-07-25 13:50:00,1662.26,1662.5,1662.26,1662.5,0.01,122.58,202353.28,1
2024-07-25,2024-07-25 13:51:00,1662.5,1662.74,1662.5,1662.74,0.01,122.58,202353.28,1
2024-07-25,2024-07-25 13:52:00,1662.74,1662.98,1662.74,1662.98,0.01,122.58,202353.28,1
2024-07-25,2024-07-25 13:53:00,1662.98,1663.21,1662.98,1663.21,0.01,122.58,202353.28,1
2024-07-25,2024-07-25 13:54:00,1663.21,1663.45,1663.21,1663.45,0.01,122.58,202353.28,1
2024-07-25,2024-07-25 13:55:00,1663.45,1663.69,1663.45,1663.69,0.01,122.58,202353.28,1
2024-07-25,2024-07-25 13:56:00,1663.69,1663.93,1663.69,1663.93,0.01,122.58,202353.28,1
2024-07-25,2024-07-25 13:57:00,1663.93,1664.17,1663.93,1664.17,0.01,122.58,202353.28,1
2024-07-25,2024-07-25 13:58:00,1664.17,1664.41,1664.17,1664.41,0.01,122.58,202353.28,1
2024-07-25,2024-07-25 13:59:00,1664.41,1664.65,1664.41,1664.65,0.01,122.58,202353.28,1
2024-07-25,2024-07-25 14:00:00,1664.65,1664.89,1664.65,1664.89,0.01,122.58,202353.28,1
2024-07-25,2024-07-25 14:01:00,1664.89,1665.13,1664.89,1665.13,0.01,122.58,202353.28,1
2024-07-25,2024-07-25 14:02:00,1665.13,1665.37,1665.13,1665.37,0.01,122.58,202353.28,1
2024-07-25,2024-07-25 14:03:00,1665.37,1665.61,1665.37,1665.61,0.01,122.58,202353.28,1
2024-07-25,2024-07-25 14:04:00,1665.61,1665.85,1665.61,1665.85,0.01,122.58,202353.28,1
2024-07-25,2024-07-25 14:05:00,1665.85,1666.09,1665.85,1666.09,0.01,122.58,202353.28,1
2024-07-25,2024-07-25 14:06:00,1666.09,1666.32,1666.09,1666.32,0.01,122.58,202353.28,1
2024-07-25,2024-07-25 14:07:00,1666.32,1666.56,1666.32,1666.56,0.01,122.58,202353.28,1
2024-07-25,2024-07-25 14:08:00,1666.56,1666.8,1666.56,1666.8,0.01,122.58,202353.28,1
2024-07-25,2024-07-25 14:09:00,1666.8,1667.04,1666.8,1667.04,0.01,122.58,202353.28,1
2024-07-25,2024-07-25 14:10:00,1667.04,1667.28,1667.04,1667.28,0.01,122.58,202353.28,1
2024-07-25,2024-07-25 14:11:00,1667.28,1667.52,1667.28,1667.52,0.01,122.58,202353.28,1
2024-07-25,2024-07-25 14:12:00,1667.52,1667.76,1667.52,1667.76,0.01,122.58,202353.28,1
2024-07-25,2024-07-25 14:13:00,1667.76,1668.0,1667.76,1668.0,0.01,122.58,202353.28,1
2024-07-25,2024-07-25 14:14:00,1668.0,1668.24,1668.0,1668.24,0.01,122.58,202353.28,1
2024-07-25,2024-07-25 14:15:00,1668.24,1668.48,1668.24,1668.48,0.01,122.58,202353.28,1
2024-07-25,2024-07-25 14:16:00,1668.48,1668.72,1668.48,1668.72,0.01,122.58,202353.28,1
2024-07-25,2024-07-25 14:17:00,1668.72,1668.95,1668.72,1668.95,0.01,122.58,202353.28,1
2024-07-25,2024-07-25 14:18:00,1668.95,1669.19,1668.95,1669.19,0.01,122.58,202353.28,1
2024-07-25,2024-07-25 14:19:00,1669.19,1669.43,1669.19,1669.43,0.01,122.58,202353.28,1
2024-07-25,2024-07-25 14:20:00,1669.43,1669.67,1669.43,1669.67,0.01,122.58,202353.28,1
2024-07-25,2024-07-25 14:21:00,1669.67,1669.91,1669.67,1669.91,0.01,122.58,202353.28,1
2024-07-25,2024-07-25 14:22:00,1669.91,1670.15,1669.91,1670.15,0.01,122.58,202353.28,1
2024-07-25,2024-07-25 14:23:00,1670.15,1670.39,1670.15,1670.39,0.01,122.58,202353.28,1
2024-07-25,2024-07-25 14:24:00,1670.39,1670.63,1670.39,1670.63,0.01,122.58,202353.28,1
2024-07-25,2024-07-25 14:25:00,1670.63,1670.87,1670.63,1670.87,0.01,122.58,202353.28,1
2024-07-25,2024-07-25 14:26:00,1670.87,1671.11,1670.87,1671.11,0.01,122.58,202353.28,1
2024-07-25,2024-07-25 14:27:00,1671.11,1671.35,1671.11,1671.35,0.01,122.58,202353.28,1
2024-07-25,2024-07-25 14:28:00,1671.35,1671.59,1671.35,1671.59,0.01,122.58,202353.28,1
2024-07-25,2024-07-25 14:29:00,1671.59,1671.83,1671.59,1671.83,0.01,122.58,202353.28,1
2024-07-25,2024-07-25 14:30:00,1671.83,1672.06,1671.83,1672.06,0.01,122.58,202353.28,1
2024-07-25,2024-07-25 14:31:00,1672.06,1672.3,1672.06,1672.3,0.01,122.58,202353.28,1
2024-07-25,2024-07-25 14:32:00,1672.3,1672.54,1672.3,1672.54,0.01,122.58,202353.28,1
2024-07-25,2024-07-25 14:33:00,1672.54,1672.78,1672.54,1672.78,0.01,122.58,202353.28,1
2024-07-25,2024-07-25 14:34:00,1672.78,1673.02,1672.78,1673.02,0.01,122.58,202353.28,1
2024-07-25,2024-07-25 14:35:00,1673.02,1673.26,1673.02,1673.26,0.01,122.58,202353.28,1
2024-07-25,2024-07-25 14:36:00,1673.26,1673.5,1673.26,1673.5,0.01,122.58,202353.28,1
2024-07-25,2024-07-25 14:37:00,1673.5,1673.74,1673.5,1673.74,0.01,122.58,202353.28,1
2024-07-25,2024-07-25 14:38:00,1673.74,1673.98,1673.74,1673.98,0.01,122.58,202353.28,1
2024-07-25,2024-07-25 14:39:00,1673.98,1674.22,1673.98,1674.22,0.01,122.58,202353.28,1
2024-07-25,2024-07-25 14:40:00,1674.22,1674.46,1674.22,1674.46,0.01,122.58,202353.28,1
2024-07-25,2024-07-25 14:41:00,1674.46,1674.69,1674.46,1674.69,0.01,122.58,202353.28,1
2024-07-25,2024-07-25 14:42:00,1674.69,1674.93,1674.69,1674.93,0.01,122.58,202353.28,1
2024-07-25,2024-07-25 14:43:00,1674.93,1675.17,1674.93,1675.17,0.01,122.58,202353.28,1
2024-07-25,2024-07-25 14:44:00,1675.17,1675.41,1675.17,1675.41,0.01,122.58,202353.28,1
2024-07-25,2024-07-25 14:45:00,1675.41,1675.65,1675.41,1675.65,0.01,122.58,202353.28,1
2024-07-25,2024-07-25 14:46:00,1675.65,1675.89,1675.65,1675.89,0.01,122.58,202353.28,1
2024-07-25,2024-07-25 14:47:00,1675.89,1676.13,1675.89,1676.13,0.01,122.58,202353.28,1
2024-07-25,2024-07-25 14:48:00,1676.13,1676.37,1676.13,1676.37,0.01,122.58,202353.28,1
2024-07-25,2024-07-25 14:49:00,1676.37,1676.61,1676.37,1676.61,0.01,122.58,202353.28,1
2024-07-25,2024-07-25 14:50:00,1676.61,1676.85,1676.61,1676.85,0.01,122.58,202353.28,1
2024-07-25,2024-07-25 14:51:00,1676.85,1677.09,1676.85,1677.09,0.01,122.58,202353.28,1
2024-07-25,2024-07-25 14:52:00,1677.09,1677.33,1677.09,1677.33,0.01,122.58,202353.28,1
2024-07-25,2024-07-25 14:53:00,1677.33,1677.57,1677.33,1677.57,0.01,122.58,202353.28,1
2024-07-25,2024-07-25 14:54:00,1677.57,1677.8,1677.57,1677.8,0.01,122.58,202353.28,1
2024-07-25,2024-07-25 14:55:00,1677.8,1678.04,1677.8,1678.04,0.01,122.58,202353.28,1
2024-07-25,2024-07-25 14:56:00,1678.04,1678.28,1678.04,1678.28,0.01,122.58,202353.28,1
2024-07-25,2024-07-25 14:57:00,1678.28,1678.52,1678.28,1678.52,0.01,122.58,202353.28,1
2024-07-25,2024-07-25 14:58:00,1678.52,1678.76,1678.52,1678.76,0.01,122.58,202353.28,1
2024-07-25,2024-07-25 14:59:00,1678.76,1679.0,1678.76,1679.0,0.01,122.58,202353.28,1
2024-07-25,2024-07-25 15:00:00,1679.0,1679.0,1589.2,1679.0,0.0,122.58,202353.28,0
2024-07-28,2024-07-28 11:00:00,1712.0,1721.6,1678.4,1711.65,-0.02,33.25,54124.57,-1
2024-07-28,2024-07-28 11:01:00,1711.65,1711.65,1711.31,1711.31,-0.02,33.25,54124.57,-1
2024-07-28,2024-07-28 11:02:00,1711.31,1711.31,1710.96,1710.96,-0.02,33.25,54124.57,-1
2024-07-28,2024-07-28 11:03:00,1710.96,1710.96,1710.62,1710.62,-0.02,33.25,54124.57,-1
2024-07-28,2024-07-28 11:04:00,1710.62,1710.62,1710.27,1710.27,-0.02,33.25,54124.57,-1
2024-07-28,2024-07-28 11:05:00,1710.27,1710.27,1709.92,1709.92,-0.02,33.25,54124.57,-1
2024-07-28,2024-07-28 11:06:00,1709.92,1709.92,1709.58,1709.58,-0.02,33.25,54124.57,-1
2024-07-28,2024-07-28 11:07:00,1709.58,1709.58,1709.23,1709.23,-0.02,33.25,54124.57,-1
2024-07-28,2024-07-28 11:08:00,1709.23,1709.23,1708.89,1708.89,-0.02,33.25,54124.57,-1
2024-07-28,2024-07-28 11:09:00,1708.89,1708.89,1708.54,1708.54,-0.02,33.25,54124.57,-1
2024-07-28,2024-07-28 11:10:00,1708.54,1708.54,1708.2,1708.2,-0.02,33.25,54124.57,-1
2024-07-28,2024-07-28 11:11:00,1708.2,1708.2,1707.85,1707.85,-0.02,33.25,54124.57,-1
2024-07-28,2024-07-28 11:12:00,1707.85,1707.85,1707.5,1707.5,-0.02,33.25,54124.57,-1
2024-07-28,2024-07-28 11:13:00,1707.5,1707.5,1707.16,1707.16,-0.02,33.25,54124.57,-1
2024-07-28,2024-07-28 11:14:00,1707.16,1707.16,1706.81,1706.81,-0.02,33.25,54124.57,-1
2024-07-28,2024-07-28 11:15:00,1706.81,1706.81,1706.47,1706.47,-0.02,33.25,54124.57,-1
2024-07-28,2024-07-28 11:16:00,1706.47,1706.47,1706.12,1706.12,-0.02,33.25,54124.57,-1
2024-07-28,2024-07-28 11:17:00,1706.12,1706.12,1705.78,1705.78,-0.02,33.25,54124.57,-1
2024-07-28,2024-07-28 11:18:00,1705.78,1705.78,1705.43,1705.43,-0.02,33.25,54124.57,-1
2024-07-28,2024-07-28 11:19:00,1705.43,1705.43,1705.08,1705.08,-0.02,33.25,54124.57,-1
2024-07-28,2024-07-28 11:20:00,1705.08,1705.08,1704.74,1704.74,-0.02,33.25,54124.57,-1
2024-07-28,2024-07-28 11:21:00,1704.74,1704.74,1704.39,1704.39,-0.02,33.25,54124.57,-1
2024-07-28,2024-07-28 11:22:00,1704.39,1704.39,1704.05,1704.05,-0.02,33.25,54124.57,-1
2024-07-28,2024-07-28 11:23:00,1704.05,1704.05,1703.7,1703.7,-0.02,33.25,54124.57,-1
2024-07-28,2024-07-28 11:24:00,1703.7,1703.7,1703.35,1703.35,-0.02,33.25,54124.57,-1
2024-07-28,2024-07-28 11:25:00,1703.35,1703.35,1703.01,1703.01,-0.02,33.25,54124.57,-1
2024-07-28,2024-07-28 11:26:00,1703.01,1703.01,1702.66,1702.66,-0.02,33.25,54124.57,-1
2024-07-28,2024-07-28 11:27:00,1702.66,1702.66,1702.32,1702.32,-0.02,33.25,54124.57,-1
2024-07-28,2024-07-28 11:28:00,1702.32,1702.32,1701.97,1701.97,-0.02,33.25,54124.57,-1
2024-07-28,2024-07-28 11:29:00,1701.97,1701.97,1701.62,1701.62,-0.02,33.25,54124.57,-1
2024-07-28,2024-07-28 11:30:00,1701.62,1701.62,1701.28,1701.28,-0.02,33.25,54124.57,-1
2024-07-28,2024-07-28 11:31:00,1701.28,1701.28,1700.93,1700.93,-0.02,33.25,54124.57,-1
2024-07-28,2024-07-28 11:32:00,1700.93,1700.93,1700.59,1700.59,-0.02,33.25,54124.57,-1
2024-07-28,2024-07-28 11:33:00,1700.59,1700.59,1700.24,1700.24,-0.02,33.25,54124.57,-1
2024-07-28,2024-07-28 11:34:00,1700.24,1700.24,1699.9,1699.9,-0.02,33.25,54124.57,-1
2024-07-28,2024-07-28 11:35:00,1699.9,1699.9,1699.55,1699.55,-0.02,33.25,54124.57,-1
2024-07-28,2024-07-28 11:36:00,1699.55,1699.55,1699.2,1699.2,-0.02,33.25,54124.57,-1
2024-07-28,2024-07-28 11:37:00,1699.2,1699.2,1698.86,1698.86,-0.02,33.25,54124.57,-1
2024-07-28,2024-07-28 11:38:00,1698.86,1698.86,1698.51,1698.51,-0.02,33.25,54124.57,-1
2024-07-28,2024-07-28 11:39:00,1698.51,1698.51,1698.17,1698.17,-0.02,33.25,54124.57,-1
2024-07-28,2024-07-28 11:40:00,1698.17,1698.17,1697.82,1697.82,-0.02,33.25,54124.57,-1
2024-07-28,2024-07-28 11:41:00,1697.82,1697.82,1697.47,1697.47,-0.02,33.25,54124.57,-1
2024-07-28,2024-07-28 11:42:00,1697.47,1697.47,1697.13,1697.13,-0.02,33.25,54124.57,-1
2024-07-28,2024-07-28 11:43:00,1697.13,1697.13,1696.78,1696.78,-0.02,33.25,54124.57,-1
2024-07-28,2024-07-28 11:44:00,1696.78,1696.78,1696.44,1696.44,-0.02,33.25,54124.57,-1
2024-07-28,2024-07-28 11:45:00,1696.44,1696.44,1696.09,1696.09,-0.02,33.25,54124.57,-1
2024-07-28,2024-07-28 11:46:00,1696.09,1696.09,1695.75,1695.75,-0.02,33.25,54124.57,-1
2024-07-28,2024-07-28 11:47:00,1695.75,1695.75,1695.4,1695.4,-0.02,33.25,54124.57,-1
2024-07-28,2024-07-28 11:48:00,1695.4,1695.4,1695.05,1695.05,-0.02,33.25,54124.57,-1
2024-07-28,2024-07-28 11:49:00,1695.05,1695.05,1694.71,1694.71,-0.02,33.25,54124.57,-1
2024-07-28,2024-07-28 11:50:00,1694.71,1694.71,1694.36,1694.36,-0.02,33.25,54124.57,-1
2024-07-28,2024-07-28 11:51:00,1694.36,1694.36,1694.02,1694.02,-0.02,33.25,54124.57,-1
2024-07-28,2024-07-28 11:52:00,1694.02,1694.02,1693.67,1693.67,-0.02,33.25,54124.57,-1
2024-07-28,2024-07-28 11:53:00,1693.67,1693.67,1693.33,1693.33,-0.02,33.25,54124.57,-1
2024-07-28,2024-07-28 11:54:00,1693.33,1693.33,1692.98,1692.98,-0.02,33.25,54124.57,-1
2024-07-28,2024-07-28 11:55:00,1692.98,1692.98,1692.63,1692.63,-0.02,33.25,54124.57,-1
2024-07-28,2024-07-28 11:56:00,1692.63,1692.63,1692.29,1692.29,-0.02,33.25,54124.57,-1
2024-07-28,2024-07-28 11:57:00,1692.29,1692.29,1691.94,1691.94,-0.02,33.25,54124.57,-1
2024-07-28,2024-07-28 11:58:00,1691.94,1691.94,1691.6,1691.6,-0.02,33.25,54124.57,-1
2024-07-28,2024-07-28 11:59:00,1691.6,1691.6,1691.25,1691.25,-0.02,33.25,54124.57,-1
2024-07-28,2024-07-28 12:00:00,1691.25,1691.25,1690.9,1690.9,-0.02,33.25,54124.57,-1
2024-07-28,2024-07-28 12:01:00,1690.9,1690.9,1690.56,1690.56,-0.02,33.25,54124.57,-1
2024-07-28,2024-07-28 12:02:00,1690.56,1690.56,1690.21,1690.21,-0.02,33.25,54124.57,-1
2024-07-28,2024-07-28 12:03:00,1690.21,1690.21,1689.87,1689.87,-0.02,33.25,54124.57,-1
2024-07-28,2024-07-28 12:04:00,1689.87,1689.87,1689.52,1689.52,-0.02,33.25,54124.57,-1
2024-07-28,2024-07-28 12:05:00,1689.52,1689.52,1689.17,1689.17,-0.02,33.25,54124.57,-1
2024-07-28,2024-07-28 12:06:00,1689.17,1689.17,1688.83,1688.83,-0.02,33.25,54124.57,-1
2024-07-28,2024-07-28 12:07:00,1688.83,1688.83,1688.48,1688.48,-0.02,33.25,54124.57,-1
2024-07-28,2024-07-28 12:08:00,1688.48,1688.48,1688.14,1688.14,-0.02,33.25,54124.57,-1
2024-07-28,2024-07-28 12:09:00,1688.14,1688.14,1687.79,1687.79,-0.02,33.25,54124.57,-1
2024-07-28,2024-07-28 12:10:00,1687.79,1687.79,1687.45,1687.45,-0.02,33.25,54124.57,-1
2024-07-28,2024-07-28 12:11:00,1687.45,1687.45,1687.1,1687.1,-0.02,33.25,54124.57,-1
2024-07-28,2024-07-28 12:12:00,1687.1,1687.1,1686.75,1686.75,-0.02,33.25,54124.57,-1
2024-07-28,2024-07-28 12:13:00,1686.75,1686.75,1686.41,1686.41,-0.02,33.25,54124.57,-1
2024-07-28,2024-07-28 12:14:00,1686.41,1686.41,1686.06,1686.06,-0.02,33.25,54124.57,-1
2024-07-28,2024-07-28 12:15:00,1686.06,1686.06,1685.72,1685.72,-0.02,33.25,54124.57,-1
2024-07-28,2024-07-28 12:16:00,1685.72,1685.72,1685.37,1685.37,-0.02,33.25,54124.57,-1
2024-07-28,2024-07-28 12:17:00,1685.37,1685.37,1685.03,1685.03,-0.02,33.25,54124.57,-1
2024-07-28,2024-07-28 12:18:00,1685.03,1685.03,1684.68,1684.68,-0.02,33.25,54124.57,-1
2024-07-28,2024-07-28 12:19:00,1684.68,1684.68,1684.33,1684.33,-0.02,33.25,54124.57,-1
2024-07-28,2024-07-28 12:20:00,1684.33,1684.33,1683.99,1683.99,-0.02,33.25,54124.57,-1
2024-07-28,2024-07-28 12:21:00,1683.99,1683.99,1683.64,1683.64,-0.02,33.25,54124.57,-1
2024-07-28,2024-07-28 12:22:00,1683.64,1683.64,1683.3,1683.3,-0.02,33.25,54124.57,-1
2024-07-28,2024-07-28 12:23:00,1683.3,1683.3,1682.95,1682.95,-0.02,33.25,54124.57,-1
2024-07-28,2024-07-28 12:24:00,1682.95,1682.95,1682.6,1682.6,-0.02,33.25,54124.57,-1
2024-07-28,2024-07-28 12:25:00,1682.6,1682.6,1682.26,1682.26,-0.02,33.25,54124.57,-1
2024-07-28,2024-07-28 12:26:00,1682.26,1682.26,1681.91,1681.91,-0.02,33.25,54124.57,-1
2024-07-28,2024-07-28 12:27:00,1681.91,1681.91,1681.57,1681.57,-0.02,33.25,54124.57,-1
2024-07-28,2024-07-28 12:28:00,1681.57,1681.57,1681.22,1681.22,-0.02,33.25,54124.57,-1
2024-07-28,2024-07-28 12:29:00,1681.22,1681.22,1680.88,1680.88,-0.02,33.25,54124.57,-1
2024-07-28,2024-07-28 12:30:00,1680.88,1680.88,1680.53,1680.53,-0.02,33.25,54124.57,-1
2024-07-28,2024-07-28 12:31:00,1680.53,1680.53,1680.18,1680.18,-0.02,33.25,54124.57,-1
2024-07-28,2024-07-28 12:32:00,1680.18,1680.18,1679.84,1679.84,-0.02,33.25,54124.57,-1
2024-07-28,2024-07-28 12:33:00,1679.84,1679.84,1679.49,1679.49,-0.02,33.25,54124.57,-1
2024-07-28,2024-07-28 12:34:00,1679.49,1679.49,1679.15,1679.15,-0.02,33.25,54124.57,-1
2024-07-28,2024-07-28 12:35:00,1679.15,1679.15,1678.8,1678.8,-0.02,33.25,54124.57,-1
2024-07-28,2024-07-28 12:36:00,1678.8,1678.8,1678.45,1678.45,-0.02,33.25,54124.57,-1
2024-07-28,2024-07-28 12:37:00,1678.45,1678.45,1678.11,1678.11,-0.02,33.25,54124.57,-1
2024-07-28,2024-07-28 12:38:00,1678.11,1678.11,1677.76,1677.76,-0.02,33.25,54124.57,-1
2024-07-28,2024-07-28 12:39:00,1677.76,1677.76,1677.42,1677.42,-0.02,33.25,54124.57,-1
2024-07-28,2024-07-28 12:40:00,1677.42,1677.42,1677.07,1677.07,-0.02,33.25,54124.57,-1
2024-07-28,2024-07-28 12:41:00,1677.07,1677.07,1676.72,1676.72,-0.02,33.25,54124.57,-1
2024-07-28,2024-07-28 12:42:00,1676.72,1676.72,1676.38,1676.38,-0.02,33.25,54124.57,-1
2024-07-28,2024-07-28 12:43:00,1676.38,1676.38,1676.03,1676.03,-0.02,33.25,54124.57,-1
2024-07-28,2024-07-28 12:44:00,1676.03,1676.03,1675.69,1675.69,-0.02,33.25,54124.57,-1
2024-07-28,2024-07-28 12:45:00,1675.69,1675.69,1675.34,1675.34,-0.02,33.25,54124.57,-1
2024-07-28,2024-07-28 12:46:00,1675.34,1675.34,1675.0,1675.0,-0.02,33.25,54124.57,-1
2024-07-28,2024-07-28 12:47:00,1675.0,1675.0,1674.65,1674.65,-0.02,33.25,54124.57,-1
2024-07-28,2024-07-28 12:48:00,1674.65,1674.65,1674.3,1674.3,-0.02,33.25,54124.57,-1
2024-07-28,2024-07-28 12:49:00,1674.3,1674.3,1673.96,1673.96,-0.02,33.25,54124.57,-1
2024-07-28,2024-07-28 12:50:00,1673.96,1673.96,1673.61,1673.61,-0.02,33.25,54124.57,-1
2024-07-28,2024-07-28 12:51:00,1673.61,1673.61,1673.27,1673.27,-0.02,33.25,54124.57,-1
2024-07-28,2024-07-28 12:52:00,1673.27,1673.27,1672.92,1672.92,-0.02,33.25,54124.57,-1
2024-07-28,2024-07-28 12:53:00,1672.92,1672.92,1672.58,1672.58,-0.02,33.25,54124.57,-1
2024-07-28,2024-07-28 12:54:00,1672.58,1672.58,1672.23,1672.23,-0.02,33.25,54124.57,-1
2024-07-28,2024-07-28 12:55:00,1672.23,1672.23,1671.88,1671.88,-0.02,33.25,54124.57,-1
2024-07-28,2024-07-28 12:56:00,1671.88,1671.88,1671.54,1671.54,-0.02,33.25,54124.57,-1
2024-07-28,2024-07-28 12:57:00,1671.54,1671.54,1671.19,1671.19,-0.02,33.25,54124.57,-1
2024-07-28,2024-07-28 12:58:00,1671.19,1671.19,1670.85,1670.85,-0.02,33.25,54124.57,-1
2024-07-28,2024-07-28 12:59:00,1670.85,1670.85,1670.5,1670.5,-0.02,33.25,54124.57,-1
2024-07-28,2024-07-28 13:00:00,1670.5,1744.0,1600.0,1670.15,-0.02,33.25,54124.57,-1
2024-07-28,2024-07-28 13:01:00,1670.15,1670.15,1669.81,1669.81,-0.02,33.25,54124.57,-1
2024-07-28,2024-07-28 13:02:00,1669.81,1669.81,1669.46,1669.46,-0.02,33.25,54124.57,-1
2024-07-28,2024-07-28 13:03:00,1669.46,1669.46,1669.12,1669.12,-0.02,33.25,54124.57,-1
2024-07-28,2024-07-28 13:04:00,1669.12,1669.12,1668.77,1668.77,-0.02,33.25,54124.57,-1
2024-07-28,2024-07-28 13:05:00,1668.77,1668.77,1668.42,1668.42,-0.02,33.25,54124.57,-1
2024-07-28,2024-07-28 13:06:00,1668.42,1668.42,1668.08,1668.08,-0.02,33.25,54124.57,-1
2024-07-28,2024-07-28 13:07:00,1668.08,1668.08,1667.73,1667.73,-0.02,33.25,54124.57,-1
2024-07-28,2024-07-28 13:08:00,1667.73,1667.73,1667.39,1667.39,-0.02,33.25,54124.57,-1
2024-07-28,2024-07-28 13:09:00,1667.39,1667.39,1667.04,1667.04,-0.02,33.25,54124.57,-1
2024-07-28,2024-07-28 13:10:00,1667.04,1667.04,1666.7,1666.7,-0.02,33.25,54124.57,-1
2024-07-28,2024-07-28 13:11:00,1666.7,1666.7,1666.35,1666.35,-0.02,33.25,54124.57,-1
2024-07-28,2024-07-28 13:12:00,1666.35,1666.35,1666.0,1666.0,-0.02,33.25,54124.57,-1
2024-07-28,2024-07-28 13:13:00,1666.0,1666.0,1665.66,1665.66,-0.02,33.25,54124.57,-1
2024-07-28,2024-07-28 13:14:00,1665.66,1665.66,1665.31,1665.31,-0.02,33.25,54124.57,-1
2024-07-28,2024-07-28 13:15:00,1665.31,1665.31,1664.97,1664.97,-0.02,33.25,54124.57,-1
2024-07-28,2024-07-28 13:16:00,1664.97,1664.97,1664.62,1664.62,-0.02,33.25,54124.57,-1
2024-07-28,2024-07-28 13:17:00,1664.62,1664.62,1664.28,1664.28,-0.02,33.25,54124.57,-1
2024-07-28,2024-07-28 13:18:00,1664.28,1664.28,1663.93,1663.93,-0.02,33.25,54124.57,-1
2024-07-28,2024-07-28 13:19:00,1663.93,1663.93,1663.58,1663.58,-0.02,33.25,54124.57,-1
2024-07-28,2024-07-28 13:20:00,1663.58,1663.58,1663.24,1663.24,-0.02,33.25,54124.57,-1
2024-07-28,2024-07-28 13:21:00,1663.24,1663.24,1662.89,1662.89,-0.02,33.25,54124.57,-1
2024-07-28,2024-07-28 13:22:00,1662.89,1662.89,1662.55,1662.55,-0.02,33.25,54124.57,-1
2024-07-28,2024-07-28 13:23:00,1662.55,1662.55,1662.2,1662.2,-0.02,33.25,54124.57,-1
2024-07-28,2024-07-28 13:24:00,1662.2,1662.2,1661.85,1661.85,-0.02,33.25,54124.57,-1
2024-07-28,2024-07-28 13:25:00,1661.85,1661.85,1661.51,1661.51,-0.02,33.25,54124.57,-1
2024-07-28,2024-07-28 13:26:00,1661.51,1661.51,1661.16,1661.16,-0.02,33.25,54124.57,-1
2024-07-28,2024-07-28 13:27:00,1661.16,1661.16,1660.82,1660.82,-0.02,33.25,54124.57,-1
2024-07-28,2024-07-28 13:28:00,1660.82,1660.82,1660.47,1660.47,-0.02,33.25,54124.57,-1
2024-07-28,2024-07-28 13:29:00,1660.47,1660.47,1660.12,1660.12,-0.02,33.25,54124.57,-1
2024-07-28,2024-07-28 13:30:00,1660.12,1660.12,1659.78,1659.78,-0.02,33.25,54124.57,-1
2024-07-28,2024-07-28 13:31:00,1659.78,1659.78,1659.43,1659.43,-0.02,33.25,54124.57,-1
2024-07-28,2024-07-28 13:32:00,1659.43,1659.43,1659.09,1659.09,-0.02,33.25,54124.57,-1
2024-07-28,2024-07-28 13:33:00,1659.09,1659.09,1658.74,1658.74,-0.02,33.25,54124.57,-1
2024-07-28,2024-07-28 13:34:00,1658.74,1658.74,1658.4,1658.4,-0.02,33.25,54124.57,-1
2024-07-28,2024-07-28 13:35:00,1658.4,1658.4,1658.05,1658.05,-0.02,33.25,54124.57,-1
2024-07-28,2024-07-28 13:36:00,1658.05,1658.05,1657.7,1657.7,-0.02,33.25,54124.57,-1
2024-07-28,2024-07-28 13:37:00,1657.7,1657.7,1657.36,1657.36,-0.02,33.25,54124.57,-1
2024-07-28,2024-07-28 13:38:00,1657.36,1657.36,1657.01,1657.01,-0.02,33.25,54124.57,-1
2024-07-28,2024-07-28 13:39:00,1657.01,1657.01,1656.67,1656.67,-0.02,33.25,54124.57,-1
2024-07-28,2024-07-28 13:40:00,1656.67,1656.67,1656.32,1656.32,-0.02,33.25,54124.57,-1
2024-07-28,2024-07-28 13:41:00,1656.32,1656.32,1655.97,1655.97,-0.02,33.25,54124.57,-1
2024-07-28,2024-07-28 13:42:00,1655.97,1655.97,1655.63,1655.63,-0.02,33.25,54124.57,-1
2024-07-28,2024-07-28 13:43:00,1655.63,1655.63,1655.28,1655.28,-0.02,33.25,54124.57,-1
2024-07-28,2024-07-28 13:44:00,1655.28,1655.28,1654.94,1654.94,-0.02,33.25,54124.57,-1
2024-07-28,2024-07-28 13:45:00,1654.94,1654.94,1654.59,1654.59,-0.02,33.25,54124.57,-1
2024-07-28,2024-07-28 13:46:00,1654.59,1654.59,1654.25,1654.25,-0.02,33.25,54124.57,-1
2024-07-28,2024-07-28 13:47:00,1654.25,1654.25,1653.9,1653.9,-0.02,33.25,54124.57,-1
2024-07-28,2024-07-28 13:48:00,1653.9,1653.9,1653.55,1653.55,-0.02,33.25,54124.57,-1
2024-07-28,2024-07-28 13:49:00,1653.55,1653.55,1653.21,1653.21,-0.02,33.25,54124.57,-1
2024-07-28,2024-07-28 13:50:00,1653.21,1653.21,1652.86,1652.86,-0.02,33.25,54124.57,-1
2024-07-28,2024-07-28 13:51:00,1652.86,1652.86,1652.52,1652.52,-0.02,33.25,54124.57,-1
2024-07-28,2024-07-28 13:52:00,1652.52,1652.52,1652.17,1652.17,-0.02,33.25,54124.57,-1
2024-07-28,2024-07-28 13:53:00,1652.17,1652.17,1651.83,1651.83,-0.02,33.25,54124.57,-1
2024-07-28,2024-07-28 13:54:00,1651.83,1651.83,1651.48,1651.48,-0.02,33.25,54124.57,-1
2024-07-28,2024-07-28 13:55:00,1651.48,1651.48,1651.13,1651.13,-0.02,33.25,54124.57,-1
2024-07-28,2024-07-28 13:56:00,1651.13,1651.13,1650.79,1650.79,-0.02,33.25,54124.57,-1
2024-07-28,2024-07-28 13:57:00,1650.79,1650.79,1650.44,1650.44,-0.02,33.25,54124.57,-1
2024-07-28,2024-07-28 13:58:00,1650.44,1650.44,1650.1,1650.1,-0.02,33.25,54124.57,-1
2024-07-28,2024-07-28 13:59:00,1650.1,1650.1,1649.75,1649.75,-0.02,33.25,54124.57,-1
2024-07-28,2024-07-28 14:00:00,1649.75,1649.75,1649.4,1649.4,-0.02,33.25,54124.57,-1
2024-07-28,2024-07-28 14:01:00,1649.4,1649.4,1649.06,1649.06,-0.02,33.25,54124.57,-1
2024-07-28,2024-07-28 14:02:00,1649.06,1649.06,1648.71,1648.71,-0.02,33.25,54124.57,-1
2024-07-28,2024-07-28 14:03:00,1648.71,1648.71,1648.37,1648.37,-0.02,33.25,54124.57,-1
2024-07-28,2024-07-28 14:04:00,1648.37,1648.37,1648.02,1648.02,-0.02,33.25,54124.57,-1
2024-07-28,2024-07-28 14:05:00,1648.02,1648.02,1647.67,1647.67,-0.02,33.25,54124.57,-1
2024-07-28,2024-07-28 14:06:00,1647.67,1647.67,1647.33,1647.33,-0.02,33.25,54124.57,-1
2024-07-28,2024-07-28 14:07:00,1647.33,1647.33,1646.98,1646.98,-0.02,33.25,54124.57,-1
2024-07-28,2024-07-28 14:08:00,1646.98,1646.98,1646.64,1646.64,-0.02,33.25,54124.57,-1
2024-07-28,2024-07-28 14:09:00,1646.64,1646.64,1646.29,1646.29,-0.02,33.25,54124.57,-1
2024-07-28,2024-07-28 14:10:00,1646.29,1646.29,1645.95,1645.95,-0.02,33.25,54124.57,-1
2024-07-28,2024-07-28 14:11:00,1645.95,1645.95,1645.6,1645.6,-0.02,33.25,54124.57,-1
2024-07-28,2024-07-28 14:12:00,1645.6,1645.6,1645.25,1645.25,-0.02,33.25,54124.57,-1
2024-07-28,2024-07-28 14:13:00,1645.25,1645.25,1644.91,1644.91,-0.02,33.25,54124.57,-1
2024-07-28,2024-07-28 14:14:00,1644.91,1644.91,1644.56,1644.56,-0.02,33.25,54124.57,-1
2024-07-28,2024-07-28 14:15:00,1644.56,1644.56,1644.22,1644.22,-0.02,33.25,54124.57,-1
2024-07-28,2024-07-28 14:16:00,1644.22,1644.22,1643.87,1643.87,-0.02,33.25,54124.57,-1
2024-07-28,2024-07-28 14:17:00,1643.87,1643.87,1643.53,1643.53,-0.02,33.25,54124.57,-1
2024-07-28,2024-07-28 14:18:00,1643.53,1643.53,1643.18,1643.18,-0.02,33.25,54124.57,-1
2024-07-28,2024-07-28 14:19:00,1643.18,1643.18,1642.83,1642.83,-0.02,33.25,54124.57,-1
2024-07-28,2024-07-28 14:20:00,1642.83,1642.83,1642.49,1642.49,-0.02,33.25,54124.57,-1
2024-07-28,2024-07-28 14:21:00,1642.49,1642.49,1642.14,1642.14,-0.02,33.25,54124.57,-1
2024-07-28,2024-07-28 14:22:00,1642.14,1642.14,1641.8,1641.8,-0.02,33.25,54124.57,-1
2024-07-28,2024-07-28 14:23:00,1641.8,1641.8,1641.45,1641.45,-0.02,33.25,54124.57,-1
2024-07-28,2024-07-28 14:24:00,1641.45,1641.45,1641.1,1641.1,-0.02,33.25,54124.57,-1
2024-07-28,2024-07-28 14:25:00,1641.1,1641.1,1640.76,1640.76,-0.02,33.25,54124.57,-1
2024-07-28,2024-07-28 14:26:00,1640.76,1640.76,1640.41,1640.41,-0.02,33.25,54124.57,-1
2024-07-28,2024-07-28 14:27:00,1640.41,1640.41,1640.07,1640.07,-0.02,33.25,54124.57,-1
2024-07-28,2024-07-28 14:28:00,1640.07,1640.07,1639.72,1639.72,-0.02,33.25,54124.57,-1
2024-07-28,2024-07-28 14:29:00,1639.72,1639.72,1639.38,1639.38,-0.02,33.25,54124.57,-1
2024-07-28,2024-07-28 14:30:00,1639.38,1639.38,1639.03,1639.03,-0.02,33.25,54124.57,-1
2024-07-28,2024-07-28 14:31:00,1639.03,1639.03,1638.68,1638.68,-0.02,33.25,54124.57,-1
2024-07-28,2024-07-28 14:32:00,1638.68,1638.68,1638.34,1638.34,-0.02,33.25,54124.57,-1
2024-07-28,2024-07-28 14:33:00,1638.34,1638.34,1637.99,1637.99,-0.02,33.25,54124.57,-1
2024-07-28,2024-07-28 14:34:00,1637.99,1637.99,1637.65,1637.65,-0.02,33.25,54124.57,-1
2024-07-28,2024-07-28 14:35:00,1637.65,1637.65,1637.3,1637.3,-0.02,33.25,54124.57,-1
2024-07-28,2024-07-28 14:36:00,1637.3,1637.3,1636.95,1636.95,-0.02,33.25,54124.57,-1
2024-07-28,2024-07-28 14:37:00,1636.95,1636.95,1636.61,1636.61,-0.02,33.25,54124.57,-1
2024-07-28,2024-07-28 14:38:00,1636.61,1636.61,1636.26,1636.26,-0.02,33.25,54124.57,-1
2024-07-28,2024-07-28 14:39:00,1636.26,1636.26,1635.92,1635.92,-0.02,33.25,54124.57,-1
2024-07-28,2024-07-28 14:40:00,1635.92,1635.92,1635.57,1635.57,-0.02,33.25,54124.57,-1
2024-07-28,2024-07-28 14:41:00,1635.57,1635.57,1635.22,1635.22,-0.02,33.25,54124.57,-1
2024-07-28,2024-07-28 14:42:00,1635.22,1635.22,1634.88,1634.88,-0.02,33.25,54124.57,-1
2024-07-28,2024-07-28 14:43:00,1634.88,1634.88,1634.53,1634.53,-0.02,33.25,54124.57,-1
2024-07-28,2024-07-28 14:44:00,1634.53,1634.53,1634.19,1634.19,-0.02,33.25,54124.57,-1
2024-07-28,2024-07-28 14:45:00,1634.19,1634.19,1633.84,1633.84,-0.02,33.25,54124.57,-1
2024-07-28,2024-07-28 14:46:00,1633.84,1633.84,1633.5,1633.5,-0.02,33.25,54124.57,-1
2024-07-28,2024-07-28 14:47:00,1633.5,1633.5,1633.15,1633.15,-0.02,33.25,54124.57,-1
2024-07-28,2024-07-28 14:48:00,1633.15,1633.15,1632.8,1632.8,-0.02,33.25,54124.57,-1
2024-07-28,2024-07-28 14:49:00,1632.8,1632.8,1632.46,1632.46,-0.02,33.25,54124.57,-1
2024-07-28,2024-07-28 14:50:00,1632.46,1632.46,1632.11,1632.11,-0.02,33.25,54124.57,-1
2024-07-28,2024-07-28 14:51:00,1632.11,1632.11,1631.77,1631.77,-0.02,33.25,54124.57,-1
2024-07-28,2024-07-28 14:52:00,1631.77,1631.77,1631.42,1631.42,-0.02,33.25,54124.57,-1
2024-07-28,2024-07-28 14:53:00,1631.42,1631.42,1631.08,1631.08,-0.02,33.25,54124.57,-1
2024-07-28,2024-07-28 14:54:00,1631.08,1631.08,1630.73,1630.73,-0.02,33.25,54124.57,-1
2024-07-28,2024-07-28 14:55:00,1630.73,1630.73,1630.38,1630.38,-0.02,33.25,54124.57,-1
2024-07-28,2024-07-28 14:56:00,1630.38,1630.38,1630.04,1630.04,-0.02,33.25,54124.57,-1
2024-07-28,2024-07-28 14:57:00,1630.04,1630.04,1629.69,1629.69,-0.02,33.25,54124.57,-1
2024-07-28,2024-07-28 14:58:00,1629.69,1629.69,1629.35,1629.35,-0.02,33.25,54124.57,-1
2024-07-28,2024-07-28 14:59:00,1629.35,1629.35,1629.0,1629.0,-0.02,33.25,54124.57,-1
2024-07-28,2024-07-28 15:00:00,1629.0,1744.0,1600.0,1629.0,0.0,33.25,54124.57,0
2024-07-29,2024-07-29 11:00:00,1600.0,1603.3,1586.5,1599.85,-0.01,50.06,78808.4,-1
2024-07-29,2024-07-29 11:01:00,1599.85,1599.85,1599.69,1599.69,-0.01,50.06,78808.4,-1
2024-07-29,2024-07-29 11:02:00,1599.69,1599.69,1599.54,1599.54,-0.01,50.06,78808.4,-1
2024-07-29,2024-07-29 11:03:00,1599.54,1599.54,1599.38,1599.38,-0.01,50.06,78808.4,-1
2024-07-29,2024-07-29 11:04:00,1599.38,1599.38,1599.23,1599.23,-0.01,50.06,78808.4,-1
2024-07-29,2024-07-29 11:05:00,1599.23,1599.23,1599.08,1599.08,-0.01,50.06,78808.4,-1
2024-07-29,2024-07-29 11:06:00,1599.08,1599.08,1598.92,1598.92,-0.01,50.06,78808.4,-1
2024-07-29,2024-07-29 11:07:00,1598.92,1598.92,1598.77,1598.77,-0.01,50.06,78808.4,-1
2024-07-29,2024-07-29 11:08:00,1598.77,1598.77,1598.61,1598.61,-0.01,50.06,78808.4,-1
2024-07-29,2024-07-29 11:09:00,1598.61,1598.61,1598.46,1598.46,-0.01,50.06,78808.4,-1
2024-07-29,2024-07-29 11:10:00,1598.46,1598.46,1598.3,1598.3,-0.01,50.06,78808.4,-1
2024-07-29,2024-07-29 11:11:00,1598.3,1598.3,1598.15,1598.15,-0.01,50.06,78808.4,-1
2024-07-29,2024-07-29 11:12:00,1598.15,1598.15,1598.0,1598.0,-0.01,50.06,78808.4,-1
2024-07-29,2024-07-29 11:13:00,1598.0,1598.0,1597.84,1597.84,-0.01,50.06,78808.4,-1
2024-07-29,2024-07-29 11:14:00,1597.84,1597.84,1597.69,1597.69,-0.01,50.06,78808.4,-1
2024-07-29,2024-07-29 11:15:00,1597.69,1597.69,1597.53,1597.53,-0.01,50.06,78808.4,-1
2024-07-29,2024-07-29 11:16:00,1597.53,1597.53,1597.38,1597.38,-0.01,50.06,78808.4,-1
2024-07-29,2024-07-29 11:17:00,1597.38,1597.38,1597.22,1597.22,-0.01,50.06,78808.4,-1
2024-07-29,2024-07-29 11:18:00,1597.22,1597.22,1597.07,1597.07,-0.01,50.06,78808.4,-1
2024-07-29,2024-07-29 11:19:00,1597.07,1597.07,1596.92,1596.92,-0.01,50.06,78808.4,-1
2024-07-29,2024-07-29 11:20:00,1596.92,1596.92,1596.76,1596.76,-0.01,50.06,78808.4,-1
2024-07-29,2024-07-29 11:21:00,1596.76,1596.76,1596.61,1596.61,-0.01,50.06,78808.4,-1
2024-07-29,2024-07-29 11:22:00,1596.61,1596.61,1596.45,1596.45,-0.01,50.06,78808.4,-1
2024-07-29,2024-07-29 11:23:00,1596.45,1596.45,1596.3,1596.3,-0.01,50.06,78808.4,-1
2024-07-29,2024-07-29 11:24:00,1596.3,1596.3,1596.15,1596.15,-0.01,50.06,78808.4,-1
2024-07-29,2024-07-29 11:25:00,1596.15,1596.15,1595.99,1595.99,-0.01,50.06,78808.4,-1
2024-07-29,2024-07-29 11:26:00,1595.99,1595.99,1595.84,1595.84,-0.01,50.06,78808.4,-1
2024-07-29,2024-07-29 11:27:00,1595.84,1595.84,1595.68,1595.68,-0.01,50.06,78808.4,-1
2024-07-29,2024-07-29 11:28:00,1595.68,1595.68,1595.53,1595.53,-0.01,50.06,78808.4,-1
2024-07-29,2024-07-29 11:29:00,1595.53,1595.53,1595.38,1595.38,-0.01,50.06,78808.4,-1
2024-07-29,2024-07-29 11:30:00,1595.38,1595.38,1595.22,1595.22,-0.01,50.06,78808.4,-1
2024-07-29,2024-07-29 11:31:00,1595.22,1595.22,1595.07,1595.07,-0.01,50.06,78808.4,-1
2024-07-29,2024-07-29 11:32:00,1595.07,1595.07,1594.91,1594.91,-0.01,50.06,78808.4,-1
2024-07-29,2024-07-29 11:33:00,1594.91,1594.91,1594.76,1594.76,-0.01,50.06,78808.4,-1
2024-07-29,2024-07-29 11:34:00,1594.76,1594.76,1594.6,1594.6,-0.01,50.06,78808.4,-1
2024-07-29,2024-07-29 11:35:00,1594.6,1594.6,1594.45,1594.45,-0.01,50.06,78808.4,-1
2024-07-29,2024-07-29 11:36:00,1594.45,1594.45,1594.3,1594.3,-0.01,50.06,78808.4,-1
2024-07-29,2024-07-29 11:37:00,1594.3,1594.3,1594.14,1594.14,-0.01,50.06,78808.4,-1
2024-07-29,2024-07-29 11:38:00,1594.14,1594.14,1593.99,1593.99,-0.01,50.06,78808.4,-1
2024-07-29,2024-07-29 11:39:00,1593.99,1593.99,1593.83,1593.83,-0.01,50.06,78808.4,-1
2024-07-29,2024-07-29 11:40:00,1593.83,1593.83,1593.68,1593.68,-0.01,50.06,78808.4,-1
2024-07-29,2024-07-29 11:41:00,1593.68,1593.68,1593.53,1593.53,-0.01,50.06,78808.4,-1
2024-07-29,2024-07-29 11:42:00,1593.53,1593.53,1593.37,1593.37,-0.01,50.06,78808.4,-1
2024-07-29,2024-07-29 11:43:00,1593.37,1593.37,1593.22,1593.22,-0.01,50.06,78808.4,-1
2024-07-29,2024-07-29 11:44:00,1593.22,1593.22,1593.06,1593.06,-0.01,50.06,78808.4,-1
2024-07-29,2024-07-29 11:45:00,1593.06,1593.06,1592.91,1592.91,-0.01,50.06,78808.4,-1
2024-07-29,2024-07-29 11:46:00,1592.91,1592.91,1592.75,1592.75,-0.01,50.06,78808.4,-1
2024-07-29,2024-07-29 11:47:00,1592.75,1592.75,1592.6,1592.6,-0.01,50.06,78808.4,-1
2024-07-29,2024-07-29 11:48:00,1592.6,1592.6,1592.45,1592.45,-0.01,50.06,78808.4,-1
2024-07-29,2024-07-29 11:49:00,1592.45,1592.45,1592.29,1592.29,-0.01,50.06,78808.4,-1
2024-07-29,2024-07-29 11:50:00,1592.29,1592.29,1592.14,1592.14,-0.01,50.06,78808.4,-1
2024-07-29,2024-07-29 11:51:00,1592.14,1592.14,1591.98,1591.98,-0.01,50.06,78808.4,-1
2024-07-29,2024-07-29 11:52:00,1591.98,1591.98,1591.83,1591.83,-0.01,50.06,78808.4,-1
2024-07-29,2024-07-29 11:53:00,1591.83,1591.83,1591.67,1591.67,-0.01,50.06,78808.4,-1
2024-07-29,2024-07-29 11:54:00,1591.67,1591.67,1591.52,1591.52,-0.01,50.06,78808.4,-1
2024-07-29,2024-07-29 11:55:00,1591.52,1591.52,1591.37,1591.37,-0.01,50.06,78808.4,-1
2024-07-29,2024-07-29 11:56:00,1591.37,1591.37,1591.21,1591.21,-0.01,50.06,78808.4,-1
2024-07-29,2024-07-29 11:57:00,1591.21,1591.21,1591.06,1591.06,-0.01,50.06,78808.4,-1
2024-07-29,2024-07-29 11:58:00,1591.06,1591.06,1590.9,1590.9,-0.01,50.06,78808.4,-1
2024-07-29,2024-07-29 11:59:00,1590.9,1590.9,1590.75,1590.75,-0.01,50.06,78808.4,-1
2024-07-29,2024-07-29 12:00:00,1590.75,1590.75,1590.6,1590.6,-0.01,50.06,78808.4,-1
2024-07-29,2024-07-29 12:01:00,1590.6,1590.6,1590.44,1590.44,-0.01,50.06,78808.4,-1
2024-07-29,2024-07-29 12:02:00,1590.44,1590.44,1590.29,1590.29,-0.01,50.06,78808.4,-1
2024-07-29,2024-07-29 12:03:00,1590.29,1590.29,1590.13,1590.13,-0.01,50.06,78808.4,-1
2024-07-29,2024-07-29 12:04:00,1590.13,1590.13,1589.98,1589.98,-0.01,50.06,78808.4,-1
2024-07-29,2024-07-29 12:05:00,1589.98,1589.98,1589.83,1589.83,-0.01,50.06,78808.4,-1
2024-07-29,2024-07-29 12:06:00,1589.83,1589.83,1589.67,1589.67,-0.01,50.06,78808.4,-1
2024-07-29,2024-07-29 12:07:00,1589.67,1589.67,1589.52,1589.52,-0.01,50.06,78808.4,-1
2024-07-29,2024-07-29 12:08:00,1589.52,1589.52,1589.36,1589.36,-0.01,50.06,78808.4,-1
2024-07-29,2024-07-29 12:09:00,1589.36,1589.36,1589.21,1589.21,-0.01,50.06,78808.4,-1
2024-07-29,2024-07-29 12:10:00,1589.21,1589.21,1589.05,1589.05,-0.01,50.06,78808.4,-1
2024-07-29,2024-07-29 12:11:00,1589.05,1589.05,1588.9,1588.9,-0.01,50.06,78808.4,-1
2024-07-29,2024-07-29 12:12:00,1588.9,1588.9,1588.75,1588.75,-0.01,50.06,78808.4,-1
2024-07-29,2024-07-29 12:13:00,1588.75,1588.75,1588.59,1588.59,-0.01,50.06,78808.4,-1
2024-07-29,2024-07-29 12:14:00,1588.59,1588.59,1588.44,1588.44,-0.01,50.06,78808.4,-1
2024-07-29,2024-07-29 12:15:00,1588.44,1588.44,1588.28,1588.28,-0.01,50.06,78808.4,-1
2024-07-29,2024-07-29 12:16:00,1588.28,1588.28,1588.13,1588.13,-0.01,50.06,78808.4,-1
2024-07-29,2024-07-29 12:17:00,1588.13,1588.13,1587.97,1587.97,-0.01,50.06,78808.4,-1
2024-07-29,2024-07-29 12:18:00,1587.97,1587.97,1587.82,1587.82,-0.01,50.06,78808.4,-1
2024-07-29,2024-07-29 12:19:00,1587.82,1587.82,1587.67,1587.67,-0.01,50.06,78808.4,-1
2024-07-29,2024-07-29 12:20:00,1587.67,1587.67,1587.51,1587.51,-0.01,50.06,78808.4,-1
2024-07-29,2024-07-29 12:21:00,1587.51,1587.51,1587.36,1587.36,-0.01,50.06,78808.4,-1
2024-07-29,2024-07-29 12:22:00,1587.36,1587.36,1587.2,1587.2,-0.01,50.06,78808.4,-1
2024-07-29,2024-07-29 12:23:00,1587.2,1587.2,1587.05,1587.05,-0.01,50.06,78808.4,-1
2024-07-29,2024-07-29 12:24:00,1587.05,1587.05,1586.9,1586.9,-0.01,50.06,78808.4,-1
2024-07-29,2024-07-29 12:25:00,1586.9,1586.9,1586.74,1586.74,-0.01,50.06,78808.4,-1
2024-07-29,2024-07-29 12:26:00,1586.74,1586.74,1586.59,1586.59,-0.01,50.06,78808.4,-1
2024-07-29,2024-07-29 12:27:00,1586.59,1586.59,1586.43,1586.43,-0.01,50.06,78808.4,-1
2024-07-29,2024-07-29 12:28:00,1586.43,1586.43,1586.28,1586.28,-0.01,50.06,78808.4,-1
2024-07-29,2024-07-29 12:29:00,1586.28,1586.28,1586.12,1586.12,-0.01,50.06,78808.4,-1
2024-07-29,2024-07-29 12:30:00,1586.12,1586.12,1585.97,1585.97,-0.01,50.06,78808.4,-1
2024-07-29,2024-07-29 12:31:00,1585.97,1585.97,1585.82,1585.82,-0.01,50.06,78808.4,-1
2024-07-29,2024-07-29 12:32:00,1585.82,1585.82,1585.66,1585.66,-0.01,50.06,78808.4,-1
2024-07-29,2024-07-29 12:33:00,1585.66,1585.66,1585.51,1585.51,-0.01,50.06,78808.4,-1
2024-07-29,2024-07-29 12:34:00,1585.51,1585.51,1585.35,1585.35,-0.01,50.06,78808.4,-1
2024-07-29,2024-07-29 12:35:00,1585.35,1585.35,1585.2,1585.2,-0.01,50.06,78808.4,-1
2024-07-29,2024-07-29 12:36:00,1585.2,1585.2,1585.05,1585.05,-0.01,50.06,78808.4,-1
2024-07-29,2024-07-29 12:37:00,1585.05,1585.05,1584.89,1584.89,-0.01,50.06,78808.4,-1
2024-07-29,2024-07-29 12:38:00,1584.89,1584.89,1584.74,1584.74,-0.01,50.06,78808.4,-1
2024-07-29,2024-07-29 12:39:00,1584.74,1584.74,1584.58,1584.58,-0.01,50.06,78808.4,-1
2024-07-29,2024-07-29 12:40:00,1584.58,1584.58,1584.43,1584.43,-0.01,50.06,78808.4,-1
2024-07-29,2024-07-29 12:41:00,1584.43,1584.43,1584.28,1584.28,-0.01,50.06,78808.4,-1
2024-07-29,2024-07-29 12:42:00,1584.28,1584.28,1584.12,1584.12,-0.01,50.06,78808.4,-1
2024-07-29,2024-07-29 12:43:00,1584.12,1584.12,1583.97,1583.97,-0.01,50.06,78808.4,-1
2024-07-29,2024-07-29 12:44:00,1583.97,1583.97,1583.81,1583.81,-0.01,50.06,78808.4,-1
2024-07-29,2024-07-29 12:45:00,1583.81,1583.81,1583.66,1583.66,-0.01,50.06,78808.4,-1
2024-07-29,2024-07-29 12:46:00,1583.66,1583.66,1583.5,1583.5,-0.01,50.06,78808.4,-1
2024-07-29,2024-07-29 12:47:00,1583.5,1583.5,1583.35,1583.35,-0.01,50.06,78808.4,-1
2024-07-29,2024-07-29 12:48:00,1583.35,1583.35,1583.2,1583.2,-0.01,50.06,78808.4,-1
2024-07-29,2024-07-29 12:49:00,1583.2,1583.2,1583.04,1583.04,-0.01,50.06,78808.4,-1
2024-07-29,2024-07-29 12:50:00,1583.04,1583.04,1582.89,1582.89,-0.01,50.06,78808.4,-1
2024-07-29,2024-07-29 12:51:00,1582.89,1582.89,1582.73,1582.73,-0.01,50.06,78808.4,-1
2024-07-29,2024-07-29 12:52:00,1582.73,1582.73,1582.58,1582.58,-0.01,50.06,78808.4,-1
2024-07-29,2024-07-29 12:53:00,1582.58,1582.58,1582.42,1582.42,-0.01,50.06,78808.4,-1
2024-07-29,2024-07-29 12:54:00,1582.42,1582.42,1582.27,1582.27,-0.01,50.06,78808.4,-1
2024-07-29,2024-07-29 12:55:00,1582.27,1582.27,1582.12,1582.12,-0.01,50.06,78808.4,-1
2024-07-29,2024-07-29 12:56:00,1582.12,1582.12,1581.96,1581.96,-0.01,50.06,78808.4,-1
2024-07-29,2024-07-29 12:57:00,1581.96,1581.96,1581.81,1581.81,-0.01,50.06,78808.4,-1
2024-07-29,2024-07-29 12:58:00,1581.81,1581.81,1581.65,1581.65,-0.01,50.06,78808.4,-1
2024-07-29,2024-07-29 12:59:00,1581.65,1581.65,1581.5,1581.5,-0.01,50.06,78808.4,-1
2024-07-29,2024-07-29 13:00:00,1581.5,1611.0,1555.0,1581.35,-0.01,50.06,78808.4,-1
2024-07-29,2024-07-29 13:01:00,1581.35,1581.35,1581.19,1581.19,-0.01,50.06,78808.4,-1
2024-07-29,2024-07-29 13:02:00,1581.19,1581.19,1581.04,1581.04,-0.01,50.06,78808.4,-1
2024-07-29,2024-07-29 13:03:00,1581.04,1581.04,1580.88,1580.88,-0.01,50.06,78808.4,-1
2024-07-29,2024-07-29 13:04:00,1580.88,1580.88,1580.73,1580.73,-0.01,50.06,78808.4,-1
2024-07-29,2024-07-29 13:05:00,1580.73,1580.73,1580.58,1580.58,-0.01,50.06,78808.4,-1
2024-07-29,2024-07-29 13:06:00,1580.58,1580.58,1580.42,1580.42,-0.01,50.06,78808.4,-1
2024-07-29,2024-07-29 13:07:00,1580.42,1580.42,1580.27,1580.27,-0.01,50.06,78808.4,-1
2024-07-29,2024-07-29 13:08:00,1580.27,1580.27,1580.11,1580.11,-0.01,50.06,78808.4,-1
2024-07-29,2024-07-29 13:09:00,1580.11,1580.11,1579.96,1579.96,-0.01,50.06,78808.4,-1
2024-07-29,2024-07-29 13:10:00,1579.96,1579.96,1579.8,1579.8,-0.01,50.06,78808.4,-1
2024-07-29,2024-07-29 13:11:00,1579.8,1579.8,1579.65,1579.65,-0.01,50.06,78808.4,-1
2024-07-29,2024-07-29 13:12:00,1579.65,1579.65,1579.5,1579.5,-0.01,50.06,78808.4,-1
2024-07-29,2024-07-29 13:13:00,1579.5,1579.5,1579.34,1579.34,-0.01,50.06,78808.4,-1
2024-07-29,2024-07-29 13:14:00,1579.34,1579.34,1579.19,1579.19,-0.01,50.06,78808.4,-1
2024-07-29,2024-07-29 13:15:00,1579.19,1579.19,1579.03,1579.03,-0.01,50.06,78808.4,-1
2024-07-29,2024-07-29 13:16:00,1579.03,1579.03,1578.88,1578.88,-0.01,50.06,78808.4,-1
2024-07-29,2024-07-29 13:17:00,1578.88,1578.88,1578.72,1578.72,-0.01,50.06,78808.4,-1
2024-07-29,2024-07-29 13:18:00,1578.72,1578.72,1578.57,1578.57,-0.01,50.06,78808.4,-1
2024-07-29,2024-07-29 13:19:00,1578.57,1578.57,1578.42,1578.42,-0.01,50.06,78808.4,-1
2024-07-29,2024-07-29 13:20:00,1578.42,1578.42,1578.26,1578.26,-0.01,50.06,78808.4,-1
2024-07-29,2024-07-29 13:21:00,1578.26,1578.26,1578.11,1578.11,-0.01,50.06,78808.4,-1
2024-07-29,2024-07-29 13:22:00,1578.11,1578.11,1577.95,1577.95,-0.01,50.06,78808.4,-1
2024-07-29,2024-07-29 13:23:00,1577.95,1577.95,1577.8,1577.8,-0.01,50.06,78808.4,-1
2024-07-29,2024-07-29 13:24:00,1577.8,1577.8,1577.65,1577.65,-0.01,50.06,78808.4,-1
2024-07-29,2024-07-29 13:25:00,1577.65,1577.65,1577.49,1577.49,-0.01,50.06,78808.4,-1
2024-07-29,2024-07-29 13:26:00,1577.49,1577.49,1577.34,1577.34,-0.01,50.06,78808.4,-1
2024-07-29,2024-07-29 13:27:00,1577.34,1577.34,1577.18,1577.18,-0.01,50.06,78808.4,-1
2024-07-29,2024-07-29 13:28:00,1577.18,1577.18,1577.03,1577.03,-0.01,50.06,78808.4,-1
2024-07-29,2024-07-29 13:29:00,1577.03,1577.03,1576.88,1576.88,-0.01,50.06,78808.4,-1
2024-07-29,2024-07-29 13:30:00,1576.88,1576.88,1576.72,1576.72,-0.01,50.06,78808.4,-1
2024-07-29,2024-07-29 13:31:00,1576.72,1576.72,1576.57,1576.57,-0.01,50.06,78808.4,-1
2024-07-29,2024-07-29 13:32:00,1576.57,1576.57,1576.41,1576.41,-0.01,50.06,78808.4,-1
2024-07-29,2024-07-29 13:33:00,1576.41,1576.41,1576.26,1576.26,-0.01,50.06,78808.4,-1
2024-07-29,2024-07-29 13:34:00,1576.26,1576.26,1576.1,1576.1,-0.01,50.06,78808.4,-1
2024-07-29,2024-07-29 13:35:00,1576.1,1576.1,1575.95,1575.95,-0.01,50.06,78808.4,-1
2024-07-29,2024-07-29 13:36:00,1575.95,1575.95,1575.8,1575.8,-0.01,50.06,78808.4,-1
2024-07-29,2024-07-29 13:37:00,1575.8,1575.8,1575.64,1575.64,-0.01,50.06,78808.4,-1
2024-07-29,2024-07-29 13:38:00,1575.64,1575.64,1575.49,1575.49,-0.01,50.06,78808.4,-1
2024-07-29,2024-07-29 13:39:00,1575.49,1575.49,1575.33,1575.33,-0.01,50.06,78808.4,-1
2024-07-29,2024-07-29 13:40:00,1575.33,1575.33,1575.18,1575.18,-0.01,50.06,78808.4,-1
2024-07-29,2024-07-29 13:41:00,1575.18,1575.18,1575.03,1575.03,-0.01,50.06,78808.4,-1
2024-07-29,2024-07-29 13:42:00,1575.03,1575.03,1574.87,1574.87,-0.01,50.06,78808.4,-1
2024-07-29,2024-07-29 13:43:00,1574.87,1574.87,1574.72,1574.72,-0.01,50.06,78808.4,-1
2024-07-29,2024-07-29 13:44:00,1574.72,1574.72,1574.56,1574.56,-0.01,50.06,78808.4,-1
2024-07-29,2024-07-29 13:45:00,1574.56,1574.56,1574.41,1574.41,-0.01,50.06,78808.4,-1
2024-07-29,2024-07-29 13:46:00,1574.41,1574.41,1574.25,1574.25,-0.01,50.06,78808.4,-1
2024-07-29,2024-07-29 13:47:00,1574.25,1574.25,1574.1,1574.1,-0.01,50.06,78808.4,-1
2024-07-29,2024-07-29 13:48:00,1574.1,1574.1,1573.95,1573.95,-0.01,50.06,78808.4,-1
2024-07-29,2024-07-29 13:49:00,1573.95,1573.95,1573.79,1573.79,-0.01,50.06,78808.4,-1
2024-07-29,2024-07-29 13:50:00,1573.79,1573.79,1573.64,1573.64,-0.01,50.06,78808.4,-1
2024-07-29,2024-07-29 13:51:00,1573.64,1573.64,1573.48,1573.48,-0.01,50.06,78808.4,-1
2024-07-29,2024-07-29 13:52:00,1573.48,1573.48,1573.33,1573.33,-0.01,50.06,78808.4,-1
2024-07-29,2024-07-29 13:53:00,1573.33,1573.33,1573.17,1573.17,-0.01,50.06,78808.4,-1
2024-07-29,2024-07-29 13:54:00,1573.17,1573.17,1573.02,1573.02,-0.01,50.06,78808.4,-1
2024-07-29,2024-07-29 13:55:00,1573.02,1573.02,1572.87,1572.87,-0.01,50.06,78808.4,-1
2024-07-29,2024-07-29 13:56:00,1572.87,1572.87,1572.71,1572.71,-0.01,50.06,78808.4,-1
2024-07-29,2024-07-29 13:57:00,1572.71,1572.71,1572.56,1572.56,-0.01,50.06,78808.4,-1
2024-07-29,2024-07-29 13:58:00,1572.56,1572.56,1572.4,1572.4,-0.01,50.06,78808.4,-1
2024-07-29,2024-07-29 13:59:00,1572.4,1572.4,1572.25,1572.25,-0.01,50.06,78808.4,-1
2024-07-29,2024-07-29 14:00:00,1572.25,1572.25,1572.1,1572.1,-0.01,50.06,78808.4,-1
2024-07-29,2024-07-29 14:01:00,1572.1,1572.1,1571.94,1571.94,-0.01,50.06,78808.4,-1
2024-07-29,2024-07-29 14:02:00,1571.94,1571.94,1571.79,1571.79,-0.01,50.06,78808.4,-1
2024-07-29,2024-07-29 14:03:00,1571.79,1571.79,1571.63,1571.63,-0.01,50.06,78808.4,-1
2024-07-29,2024-07-29 14:04:00,1571.63,1571.63,1571.48,1571.48,-0.01,50.06,78808.4,-1
2024-07-29,2024-07-29 14:05:00,1571.48,1571.48,1571.33,1571.33,-0.01,50.06,78808.4,-1
2024-07-29,2024-07-29 14:06:00,1571.33,1571.33,1571.17,1571.17,-0.01,50.06,78808.4,-1
2024-07-29,2024-07-29 14:07:00,1571.17,1571.17,1571.02,1571.02,-0.01,50.06,78808.4,-1
2024-07-29,2024-07-29 14:08:00,1571.02,1571.02,1570.86,1570.86,-0.01,50.06,78808.4,-1
2024-07-29,2024-07-29 14:09:00,1570.86,1570.86,1570.71,1570.71,-0.01,50.06,78808.4,-1
2024-07-29,2024-07-29 14:10:00,1570.71,1570.71,1570.55,1570.55,-0.01,50.06,78808.4,-1
2024-07-29,2024-07-29 14:11:00,1570.55,1570.55,1570.4,1570.4,-0.01,50.06,78808.4,-1
2024-07-29,2024-07-29 14:12:00,1570.4,1570.4,1570.25,1570.25,-0.01,50.06,78808.4,-1
2024-07-29,2024-07-29 14:13:00,1570.25,1570.25,1570.09,1570.09,-0.01,50.06,78808.4,-1
2024-07-29,2024-07-29 14:14:00,1570.09,1570.09,1569.94,1569.94,-0.01,50.06,78808.4,-1
2024-07-29,2024-07-29 14:15:00,1569.94,1569.94,1569.78,1569.78,-0.01,50.06,78808.4,-1
2024-07-29,2024-07-29 14:16:00,1569.78,1569.78,1569.63,1569.63,-0.01,50.06,78808.4,-1
2024-07-29,2024-07-29 14:17:00,1569.63,1569.63,1569.47,1569.47,-0.01,50.06,78808.4,-1
2024-07-29,2024-07-29 14:18:00,1569.47,1569.47,1569.32,1569.32,-0.01,50.06,78808.4,-1
2024-07-29,2024-07-29 14:19:00,1569.32,1569.32,1569.17,1569.17,-0.01,50.06,78808.4,-1
2024-07-29,2024-07-29 14:20:00,1569.17,1569.17,1569.01,1569.01,-0.01,50.06,78808.4,-1
2024-07-29,2024-07-29 14:21:00,1569.01,1569.01,1568.86,1568.86,-0.01,50.06,78808.4,-1
2024-07-29,2024-07-29 14:22:00,1568.86,1568.86,1568.7,1568.7,-0.01,50.06,78808.4,-1
2024-07-29,2024-07-29 14:23:00,1568.7,1568.7,1568.55,1568.55,-0.01,50.06,78808.4,-1
2024-07-29,2024-07-29 14:24:00,1568.55,1568.55,1568.4,1568.4,-0.01,50.06,78808.4,-1
2024-07-29,2024-07-29 14:25:00,1568.4,1568.4,1568.24,1568.24,-0.01,50.06,78808.4,-1
2024-07-29,2024-07-29 14:26:00,1568.24,1568.24,1568.09,1568.09,-0.01,50.06,78808.4,-1
2024-07-29,2024-07-29 14:27:00,1568.09,1568.09,1567.93,1567.93,-0.01,50.06,78808.4,-1
2024-07-29,2024-07-29 14:28:00,1567.93,1567.93,1567.78,1567.78,-0.01,50.06,78808.4,-1
2024-07-29,2024-07-29 14:29:00,1567.78,1567.78,1567.62,1567.62,-0.01,50.06,78808.4,-1
2024-07-29,2024-07-29 14:30:00,1567.62,1567.62,1567.47,1567.47,-0.01,50.06,78808.4,-1
2024-07-29,2024-07-29 14:31:00,1567.47,1567.47,1567.32,1567.32,-0.01,50.06,78808.4,-1
2024-07-29,2024-07-29 14:32:00,1567.32,1567.32,1567.16,1567.16,-0.01,50.06,78808.4,-1
2024-07-29,2024-07-29 14:33:00,1567.16,1567.16,1567.01,1567.01,-0.01,50.06,78808.4,-1
2024-07-29,2024-07-29 14:34:00,1567.01,1567.01,1566.85,1566.85,-0.01,50.06,78808.4,-1
2024-07-29,2024-07-29 14:35:00,1566.85,1566.85,1566.7,1566.7,-0.01,50.06,78808.4,-1
2024-07-29,2024-07-29 14:36:00,1566.7,1566.7,1566.55,1566.55,-0.01,50.06,78808.4,-1
2024-07-29,2024-07-29 14:37:00,1566.55,1566.55,1566.39,1566.39,-0.01,50.06,78808.4,-1
2024-07-29,2024-07-29 14:38:00,1566.39,1566.39,1566.24,1566.24,-0.01,50.06,78808.4,-1
2024-07-29,2024-07-29 14:39:00,1566.24,1566.24,1566.08,1566.08,-0.01,50.06,78808.4,-1
2024-07-29,2024-07-29 14:40:00,1566.08,1566.08,1565.93,1565.93,-0.01,50.06,78808.4,-1
2024-07-29,2024-07-29 14:41:00,1565.93,1565.93,1565.78,1565.78,-0.01,50.06,78808.4,-1
2024-07-29,2024-07-29 14:42:00,1565.78,1565.78,1565.62,1565.62,-0.01,50.06,78808.4,-1
2024-07-29,2024-07-29 14:43:00,1565.62,1565.62,1565.47,1565.47,-0.01,50.06,78808.4,-1
2024-07-29,2024-07-29 14:44:00,1565.47,1565.47,1565.31,1565.31,-0.01,50.06,78808.4,-1
2024-07-29,2024-07-29 14:45:00,1565.31,1565.31,1565.16,1565.16,-0.01,50.06,78808.4,-1
2024-07-29,2024-07-29 14:46:00,1565.16,1565.16,1565.0,1565.0,-0.01,50.06,78808.4,-1
2024-07-29,2024-07-29 14:47:00,1565.0,1565.0,1564.85,1564.85,-0.01,50.06,78808.4,-1
2024-07-29,2024-07-29 14:48:00,1564.85,1564.85,1564.7,1564.7,-0.01,50.06,78808.4,-1
2024-07-29,2024-07-29 14:49:00,1564.7,1564.7,1564.54,1564.54,-0.01,50.06,78808.4,-1
2024-07-29,2024-07-29 14:50:00,1564.54,1564.54,1564.39,1564.39,-0.01,50.06,78808.4,-1
2024-07-29,2024-07-29 14:51:00,1564.39,1564.39,1564.23,1564.23,-0.01,50.06,78808.4,-1
2024-07-29,2024-07-29 14:52:00,1564.23,1564.23,1564.08,1564.08,-0.01,50.06,78808.4,-1
2024-07-29,2024-07-29 14:53:00,1564.08,1564.08,1563.92,1563.92,-0.01,50.06,78808.4,-1
2024-07-29,2024-07-29 14:54:00,1563.92,1563.92,1563.77,1563.77,-0.01,50.06,78808.4,-1
2024-07-29,2024-07-29 14:55:00,1563.77,1563.77,1563.62,1563.62,-0.01,50.06,78808.4,-1
2024-07-29,2024-07-29 14:56:00,1563.62,1563.62,1563.46,1563.46,-0.01,50.06,78808.4,-1
2024-07-29,2024-07-29 14:57:00,1563.46,1563.46,1563.31,1563.31,-0.01,50.06,78808.4,-1
2024-07-29,2024-07-29 14:58:00,1563.31,1563.31,1563.15,1563.15,-0.01,50.06,78808.4,-1
2024-07-29,2024-07-29 14:59:00,1563.15,1563.15,1563.0,1563.0,-0.01,50.06,78808.4,-1
2024-07-29,2024-07-29 15:00:00,1563.0,1611.0,1555.0,1563.0,0.0,50.06,78808.4,0
2024-07-30,2024-07-30 11:00:00,1574.0,1575.5,1560.8,1573.98,-0.0,53.74,83392.48,-1
2024-07-30,2024-07-30 11:01:00,1573.98,1573.98,1573.97,1573.97,-0.0,53.74,83392.48,-1
2024-07-30,2024-07-30 11:02:00,1573.97,1573.97,1573.95,1573.95,-0.0,53.74,83392.48,-1
2024-07-30,2024-07-30 11:03:00,1573.95,1573.95,1573.93,1573.93,-0.0,53.74,83392.48,-1
2024-07-30,2024-07-30 11:04:00,1573.93,1573.93,1573.92,1573.92,-0.0,53.74,83392.48,-1
2024-07-30,2024-07-30 11:05:00,1573.92,1573.92,1573.9,1573.9,-0.0,53.74,83392.48,-1
2024-07-30,2024-07-30 11:06:00,1573.9,1573.9,1573.88,1573.88,-0.0,53.74,83392.48,-1
2024-07-30,2024-07-30 11:07:00,1573.88,1573.88,1573.87,1573.87,-0.0,53.74,83392.48,-1
2024-07-30,2024-07-30 11:08:00,1573.87,1573.87,1573.85,1573.85,-0.0,53.74,83392.48,-1
2024-07-30,2024-07-30 11:09:00,1573.85,1573.85,1573.83,1573.83,-0.0,53.74,83392.48,-1
2024-07-30,2024-07-30 11:10:00,1573.83,1573.83,1573.82,1573.82,-0.0,53.74,83392.48,-1
2024-07-30,2024-07-30 11:11:00,1573.82,1573.82,1573.8,1573.8,-0.0,53.74,83392.48,-1
2024-07-30,2024-07-30 11:12:00,1573.8,1573.8,1573.78,1573.78,-0.0,53.74,83392.48,-1
2024-07-30,2024-07-30 11:13:00,1573.78,1573.78,1573.77,1573.77,-0.0,53.74,83392.48,-1
2024-07-30,2024-07-30 11:14:00,1573.77,1573.77,1573.75,1573.75,-0.0,53.74,83392.48,-1
2024-07-30,2024-07-30 11:15:00,1573.75,1573.75,1573.73,1573.73,-0.0,53.74,83392.48,-1
2024-07-30,2024-07-30 11:16:00,1573.73,1573.73,1573.72,1573.72,-0.0,53.74,83392.48,-1
2024-07-30,2024-07-30 11:17:00,1573.72,1573.72,1573.7,1573.7,-0.0,53.74,83392.48,-1
2024-07-30,2024-07-30 11:18:00,1573.7,1573.7,1573.68,1573.68,-0.0,53.74,83392.48,-1
2024-07-30,2024-07-30 11:19:00,1573.68,1573.68,1573.67,1573.67,-0.0,53.74,83392.48,-1
2024-07-30,2024-07-30 11:20:00,1573.67,1573.67,1573.65,1573.65,-0.0,53.74,83392.48,-1
2024-07-30,2024-07-30 11:21:00,1573.65,1573.65,1573.63,1573.63,-0.0,53.74,83392.48,-1
2024-07-30,2024-07-30 11:22:00,1573.63,1573.63,1573.62,1573.62,-0.0,53.74,83392.48,-1
2024-07-30,2024-07-30 11:23:00,1573.62,1573.62,1573.6,1573.6,-0.0,53.74,83392.48,-1
2024-07-30,2024-07-30 11:24:00,1573.6,1573.6,1573.58,1573.58,-0.0,53.74,83392.48,-1
2024-07-30,2024-07-30 11:25:00,1573.58,1573.58,1573.57,1573.57,-0.0,53.74,83392.48,-1
2024-07-30,2024-07-30 11:26:00,1573.57,1573.57,1573.55,1573.55,-0.0,53.74,83392.48,-1
2024-07-30,2024-07-30 11:27:00,1573.55,1573.55,1573.53,1573.53,-0.0,53.74,83392.48,-1
2024-07-30,2024-07-30 11:28:00,1573.53,1573.53,1573.52,1573.52,-0.0,53.74,83392.48,-1
2024-07-30,2024-07-30 11:29:00,1573.52,1573.52,1573.5,1573.5,-0.0,53.74,83392.48,-1
2024-07-30,2024-07-30 11:30:00,1573.5,1573.5,1573.48,1573.48,-0.0,53.74,83392.48,-1
2024-07-30,2024-07-30 11:31:00,1573.48,1573.48,1573.47,1573.47,-0.0,53.74,83392.48,-1
2024-07-30,2024-07-30 11:32:00,1573.47,1573.47,1573.45,1573.45,-0.0,53.74,83392.48,-1
2024-07-30,2024-07-30 11:33:00,1573.45,1573.45,1573.43,1573.43,-0.0,53.74,83392.48,-1
2024-07-30,2024-07-30 11:34:00,1573.43,1573.43,1573.42,1573.42,-0.0,53.74,83392.48,-1
2024-07-30,2024-07-30 11:35:00,1573.42,1573.42,1573.4,1573.4,-0.0,53.74,83392.48,-1
2024-07-30,2024-07-30 11:36:00,1573.4,1573.4,1573.38,1573.38,-0.0,53.74,83392.48,-1
2024-07-30,2024-07-30 11:37:00,1573.38,1573.38,1573.37,1573.37,-0.0,53.74,83392.48,-1
2024-07-30,2024-07-30 11:38:00,1573.37,1573.37,1573.35,1573.35,-0.0,53.74,83392.48,-1
2024-07-30,2024-07-30 11:39:00,1573.35,1573.35,1573.33,1573.33,-0.0,53.74,83392.48,-1
2024-07-30,2024-07-30 11:40:00,1573.33,1573.33,1573.32,1573.32,-0.0,53.74,83392.48,-1
2024-07-30,2024-07-30 11:41:00,1573.32,1573.32,1573.3,1573.3,-0.0,53.74,83392.48,-1
2024-07-30,2024-07-30 11:42:00,1573.3,1573.3,1573.28,1573.28,-0.0,53.74,83392.48,-1
2024-07-30,2024-07-30 11:43:00,1573.28,1573.28,1573.27,1573.27,-0.0,53.74,83392.48,-1
2024-07-30,2024-07-30 11:44:00,1573.27,1573.27,1573.25,1573.25,-0.0,53.74,83392.48,-1
2024-07-30,2024-07-30 11:45:00,1573.25,1573.25,1573.23,1573.23,-0.0,53.74,83392.48,-1
2024-07-30,2024-07-30 11:46:00,1573.23,1573.23,1573.22,1573.22,-0.0,53.74,83392.48,-1
2024-07-30,2024-07-30 11:47:00,1573.22,1573.22,1573.2,1573.2,-0.0,53.74,83392.48,-1
2024-07-30,2024-07-30 11:48:00,1573.2,1573.2,1573.18,1573.18,-0.0,53.74,83392.48,-1
2024-07-30,2024-07-30 11:49:00,1573.18,1573.18,1573.17,1573.17,-0.0,53.74,83392.48,-1
2024-07-30,2024-07-30 11:50:00,1573.17,1573.17,1573.15,1573.15,-0.0,53.74,83392.48,-1
2024-07-30,2024-07-30 11:51:00,1573.15,1573.15,1573.13,1573.13,-0.0,53.74,83392.48,-1
2024-07-30,2024-07-30 11:52:00,1573.13,1573.13,1573.12,1573.12,-0.0,53.74,83392.48,-1
2024-07-30,2024-07-30 11:53:00,1573.12,1573.12,1573.1,1573.1,-0.0,53.74,83392.48,-1
2024-07-30,2024-07-30 11:54:00,1573.1,1573.1,1573.08,1573.08,-0.0,53.74,83392.48,-1
2024-07-30,2024-07-30 11:55:00,1573.08,1573.08,1573.07,1573.07,-0.0,53.74,83392.48,-1
2024-07-30,2024-07-30 11:56:00,1573.07,1573.07,1573.05,1573.05,-0.0,53.74,83392.48,-1
2024-07-30,2024-07-30 11:57:00,1573.05,1573.05,1573.03,1573.03,-0.0,53.74,83392.48,-1
2024-07-30,2024-07-30 11:58:00,1573.03,1573.03,1573.02,1573.02,-0.0,53.74,83392.48,-1
2024-07-30,2024-07-30 11:59:00,1573.02,1573.02,1573.0,1573.0,-0.0,53.74,83392.48,-1
2024-07-30,2024-07-30 12:00:00,1573.0,1573.0,1572.98,1572.98,-0.0,53.74,83392.48,-1
2024-07-30,2024-07-30 12:01:00,1572.98,1572.98,1572.97,1572.97,-0.0,53.74,83392.48,-1
2024-07-30,2024-07-30 12:02:00,1572.97,1572.97,1572.95,1572.95,-0.0,53.74,83392.48,-1
2024-07-30,2024-07-30 12:03:00,1572.95,1572.95,1572.93,1572.93,-0.0,53.74,83392.48,-1
2024-07-30,2024-07-30 12:04:00,1572.93,1572.93,1572.92,1572.92,-0.0,53.74,83392.48,-1
2024-07-30,2024-07-30 12:05:00,1572.92,1572.92,1572.9,1572.9,-0.0,53.74,83392.48,-1
2024-07-30,2024-07-30 12:06:00,1572.9,1572.9,1572.88,1572.88,-0.0,53.74,83392.48,-1
2024-07-30,2024-07-30 12:07:00,1572.88,1572.88,1572.87,1572.87,-0.0,53.74,83392.48,-1
2024-07-30,2024-07-30 12:08:00,1572.87,1572.87,1572.85,1572.85,-0.0,53.74,83392.48,-1
2024-07-30,2024-07-30 12:09:00,1572.85,1572.85,1572.83,1572.83,-0.0,53.74,83392.48,-1
2024-07-30,2024-07-30 12:10:00,1572.83,1572.83,1572.82,1572.82,-0.0,53.74,83392.48,-1
2024-07-30,2024-07-30 12:11:00,1572.82,1572.82,1572.8,1572.8,-0.0,53.74,83392.48,-1
2024-07-30,2024-07-30 12:12:00,1572.8,1572.8,1572.78,1572.78,-0.0,53.74,83392.48,-1
2024-07-30,2024-07-30 12:13:00,1572.78,1572.78,1572.77,1572.77,-0.0,53.74,83392.48,-1
2024-07-30,2024-07-30 12:14:00,1572.77,1572.77,1572.75,1572.75,-0.0,53.74,83392.48,-1
2024-07-30,2024-07-30 12:15:00,1572.75,1572.75,1572.73,1572.73,-0.0,53.74,83392.48,-1
2024-07-30,2024-07-30 12:16:00,1572.73,1572.73,1572.72,1572.72,-0.0,53.74,83392.48,-1
2024-07-30,2024-07-30 12:17:00,1572.72,1572.72,1572.7,1572.7,-0.0,53.74,83392.48,-1
2024-07-30,2024-07-30 12:18:00,1572.7,1572.7,1572.68,1572.68,-0.0,53.74,83392.48,-1
2024-07-30,2024-07-30 12:19:00,1572.68,1572.68,1572.67,1572.67,-0.0,53.74,83392.48,-1
2024-07-30,2024-07-30 12:20:00,1572.67,1572.67,1572.65,1572.65,-0.0,53.74,83392.48,-1
2024-07-30,2024-07-30 12:21:00,1572.65,1572.65,1572.63,1572.63,-0.0,53.74,83392.48,-1
2024-07-30,2024-07-30 12:22:00,1572.63,1572.63,1572.62,1572.62,-0.0,53.74,83392.48,-1
2024-07-30,2024-07-30 12:23:00,1572.62,1572.62,1572.6,1572.6,-0.0,53.74,83392.48,-1
2024-07-30,2024-07-30 12:24:00,1572.6,1572.6,1572.58,1572.58,-0.0,53.74,83392.48,-1
2024-07-30,2024-07-30 12:25:00,1572.58,1572.58,1572.57,1572.57,-0.0,53.74,83392.48,-1
2024-07-30,2024-07-30 12:26:00,1572.57,1572.57,1572.55,1572.55,-0.0,53.74,83392.48,-1
2024-07-30,2024-07-30 12:27:00,1572.55,1572.55,1572.53,1572.53,-0.0,53.74,83392.48,-1
2024-07-30,2024-07-30 12:28:00,1572.53,1572.53,1572.52,1572.52,-0.0,53.74,83392.48,-1
2024-07-30,2024-07-30 12:29:00,1572.52,1572.52,1572.5,1572.5,-0.0,53.74,83392.48,-1
2024-07-30,2024-07-30 12:30:00,1572.5,1572.5,1572.48,1572.48,-0.0,53.74,83392.48,-1
2024-07-30,2024-07-30 12:31:00,1572.48,1572.48,1572.47,1572.47,-0.0,53.74,83392.48,-1
2024-07-30,2024-07-30 12:32:00,1572.47,1572.47,1572.45,1572.45,-0.0,53.74,83392.48,-1
2024-07-30,2024-07-30 12:33:00,1572.45,1572.45,1572.43,1572.43,-0.0,53.74,83392.48,-1
2024-07-30,2024-07-30 12:34:00,1572.43,1572.43,1572.42,1572.42,-0.0,53.74,83392.48,-1
2024-07-30,2024-07-30 12:35:00,1572.42,1572.42,1572.4,1572.4,-0.0,53.74,83392.48,-1
2024-07-30,2024-07-30 12:36:00,1572.4,1572.4,1572.38,1572.38,-0.0,53.74,83392.48,-1
2024-07-30,2024-07-30 12:37:00,1572.38,1572.38,1572.37,1572.37,-0.0,53.74,83392.48,-1
2024-07-30,2024-07-30 12:38:00,1572.37,1572.37,1572.35,1572.35,-0.0,53.74,83392.48,-1
2024-07-30,2024-07-30 12:39:00,1572.35,1572.35,1572.33,1572.33,-0.0,53.74,83392.48,-1
2024-07-30,2024-07-30 12:40:00,1572.33,1572.33,1572.32,1572.32,-0.0,53.74,83392.48,-1
2024-07-30,2024-07-30 12:41:00,1572.32,1572.32,1572.3,1572.3,-0.0,53.74,83392.48,-1
2024-07-30,2024-07-30 12:42:00,1572.3,1572.3,1572.28,1572.28,-0.0,53.74,83392.48,-1
2024-07-30,2024-07-30 12:43:00,1572.28,1572.28,1572.27,1572.27,-0.0,53.74,83392.48,-1
2024-07-30,2024-07-30 12:44:00,1572.27,1572.27,1572.25,1572.25,-0.0,53.74,83392.48,-1
2024-07-30,2024-07-30 12:45:00,1572.25,1572.25,1572.23,1572.23,-0.0,53.74,83392.48,-1
2024-07-30,2024-07-30 12:46:00,1572.23,1572.23,1572.22,1572.22,-0.0,53.74,83392.48,-1
2024-07-30,2024-07-30 12:47:00,1572.22,1572.22,1572.2,1572.2,-0.0,53.74,83392.48,-1
2024-07-30,2024-07-30 12:48:00,1572.2,1572.2,1572.18,1572.18,-0.0,53.74,83392.48,-1
2024-07-30,2024-07-30 12:49:00,1572.18,1572.18,1572.17,1572.17,-0.0,53.74,83392.48,-1
2024-07-30,2024-07-30 12:50:00,1572.17,1572.17,1572.15,1572.15,-0.0,53.74,83392.48,-1
2024-07-30,2024-07-30 12:51:00,1572.15,1572.15,1572.13,1572.13,-0.0,53.74,83392.48,-1
2024-07-30,2024-07-30 12:52:00,1572.13,1572.13,1572.12,1572.12,-0.0,53.74,83392.48,-1
2024-07-30,2024-07-30 12:53:00,1572.12,1572.12,1572.1,1572.1,-0.0,53.74,83392.48,-1
2024-07-30,2024-07-30 12:54:00,1572.1,1572.1,1572.08,1572.08,-0.0,53.74,83392.48,-1
2024-07-30,2024-07-30 12:55:00,1572.08,1572.08,1572.07,1572.07,-0.0,53.74,83392.48,-1
2024-07-30,2024-07-30 12:56:00,1572.07,1572.07,1572.05,1572.05,-0.0,53.74,83392.48,-1
2024-07-30,2024-07-30 12:57:00,1572.05,1572.05,1572.03,1572.03,-0.0,53.74,83392.48,-1
2024-07-30,2024-07-30 12:58:00,1572.03,1572.03,1572.02,1572.02,-0.0,53.74,83392.48,-1
2024-07-30,2024-07-30 12:59:00,1572.02,1572.02,1572.0,1572.0,-0.0,53.74,83392.48,-1
2024-07-30,2024-07-30 13:00:00,1572.0,1579.0,1530.0,1571.98,-0.0,53.74,83392.48,-1
2024-07-30,2024-07-30 13:01:00,1571.98,1571.98,1571.97,1571.97,-0.0,53.74,83392.48,-1
2024-07-30,2024-07-30 13:02:00,1571.97,1571.97,1571.95,1571.95,-0.0,53.74,83392.48,-1
2024-07-30,2024-07-30 13:03:00,1571.95,1571.95,1571.93,1571.93,-0.0,53.74,83392.48,-1
2024-07-30,2024-07-30 13:04:00,1571.93,1571.93,1571.92,1571.92,-0.0,53.74,83392.48,-1
2024-07-30,2024-07-30 13:05:00,1571.92,1571.92,1571.9,1571.9,-0.0,53.74,83392.48,-1
2024-07-30,2024-07-30 13:06:00,1571.9,1571.9,1571.88,1571.88,-0.0,53.74,83392.48,-1
2024-07-30,2024-07-30 13:07:00,1571.88,1571.88,1571.87,1571.87,-0.0,53.74,83392.48,-1
2024-07-30,2024-07-30 13:08:00,1571.87,1571.87,1571.85,1571.85,-0.0,53.74,83392.48,-1
2024-07-30,2024-07-30 13:09:00,1571.85,1571.85,1571.83,1571.83,-0.0,53.74,83392.48,-1
2024-07-30,2024-07-30 13:10:00,1571.83,1571.83,1571.82,1571.82,-0.0,53.74,83392.48,-1
2024-07-30,2024-07-30 13:11:00,1571.82,1571.82,1571.8,1571.8,-0.0,53.74,83392.48,-1
2024-07-30,2024-07-30 13:12:00,1571.8,1571.8,1571.78,1571.78,-0.0,53.74,83392.48,-1
2024-07-30,2024-07-30 13:13:00,1571.78,1571.78,1571.77,1571.77,-0.0,53.74,83392.48,-1
2024-07-30,2024-07-30 13:14:00,1571.77,1571.77,1571.75,1571.75,-0.0,53.74,83392.48,-1
2024-07-30,2024-07-30 13:15:00,1571.75,1571.75,1571.73,1571.73,-0.0,53.74,83392.48,-1
2024-07-30,2024-07-30 13:16:00,1571.73,1571.73,1571.72,1571.72,-0.0,53.74,83392.48,-1
2024-07-30,2024-07-30 13:17:00,1571.72,1571.72,1571.7,1571.7,-0.0,53.74,83392.48,-1
2024-07-30,2024-07-30 13:18:00,1571.7,1571.7,1571.68,1571.68,-0.0,53.74,83392.48,-1
2024-07-30,2024-07-30 13:19:00,1571.68,1571.68,1571.67,1571.67,-0.0,53.74,83392.48,-1
2024-07-30,2024-07-30 13:20:00,1571.67,1571.67,1571.65,1571.65,-0.0,53.74,83392.48,-1
2024-07-30,2024-07-30 13:21:00,1571.65,1571.65,1571.63,1571.63,-0.0,53.74,83392.48,-1
2024-07-30,2024-07-30 13:22:00,1571.63,1571.63,1571.62,1571.62,-0.0,53.74,83392.48,-1
2024-07-30,2024-07-30 13:23:00,1571.62,1571.62,1571.6,1571.6,-0.0,53.74,83392.48,-1
2024-07-30,2024-07-30 13:24:00,1571.6,1571.6,1571.58,1571.58,-0.0,53.74,83392.48,-1
2024-07-30,2024-07-30 13:25:00,1571.58,1571.58,1571.57,1571.57,-0.0,53.74,83392.48,-1
2024-07-30,2024-07-30 13:26:00,1571.57,1571.57,1571.55,1571.55,-0.0,53.74,83392.48,-1
2024-07-30,2024-07-30 13:27:00,1571.55,1571.55,1571.53,1571.53,-0.0,53.74,83392.48,-1
2024-07-30,2024-07-30 13:28:00,1571.53,1571.53,1571.52,1571.52,-0.0,53.74,83392.48,-1
2024-07-30,2024-07-30 13:29:00,1571.52,1571.52,1571.5,1571.5,-0.0,53.74,83392.48,-1
2024-07-30,2024-07-30 13:30:00,1571.5,1571.5,1571.48,1571.48,-0.0,53.74,83392.48,-1
2024-07-30,2024-07-30 13:31:00,1571.48,1571.48,1571.47,1571.47,-0.0,53.74,83392.48,-1
2024-07-30,2024-07-30 13:32:00,1571.47,1571.47,1571.45,1571.45,-0.0,53.74,83392.48,-1
2024-07-30,2024-07-30 13:33:00,1571.45,1571.45,1571.43,1571.43,-0.0,53.74,83392.48,-1
2024-07-30,2024-07-30 13:34:00,1571.43,1571.43,1571.42,1571.42,-0.0,53.74,83392.48,-1
2024-07-30,2024-07-30 13:35:00,1571.42,1571.42,1571.4,1571.4,-0.0,53.74,83392.48,-1
2024-07-30,2024-07-30 13:36:00,1571.4,1571.4,1571.38,1571.38,-0.0,53.74,83392.48,-1
2024-07-30,2024-07-30 13:37:00,1571.38,1571.38,1571.37,1571.37,-0.0,53.74,83392.48,-1
2024-07-30,2024-07-30 13:38:00,1571.37,1571.37,1571.35,1571.35,-0.0,53.74,83392.48,-1
2024-07-30,2024-07-30 13:39:00,1571.35,1571.35,1571.33,1571.33,-0.0,53.74,83392.48,-1
2024-07-30,2024-07-30 13:40:00,1571.33,1571.33,1571.32,1571.32,-0.0,53.74,83392.48,-1
2024-07-30,2024-07-30 13:41:00,1571.32,1571.32,1571.3,1571.3,-0.0,53.74,83392.48,-1
2024-07-30,2024-07-30 13:42:00,1571.3,1571.3,1571.28,1571.28,-0.0,53.74,83392.48,-1
2024-07-30,2024-07-30 13:43:00,1571.28,1571.28,1571.27,1571.27,-0.0,53.74,83392.48,-1
2024-07-30,2024-07-30 13:44:00,1571.27,1571.27,1571.25,1571.25,-0.0,53.74,83392.48,-1
2024-07-30,2024-07-30 13:45:00,1571.25,1571.25,1571.23,1571.23,-0.0,53.74,83392.48,-1
2024-07-30,2024-07-30 13:46:00,1571.23,1571.23,1571.22,1571.22,-0.0,53.74,83392.48,-1
2024-07-30,2024-07-30 13:47:00,1571.22,1571.22,1571.2,1571.2,-0.0,53.74,83392.48,-1
2024-07-30,2024-07-30 13:48:00,1571.2,1571.2,1571.18,1571.18,-0.0,53.74,83392.48,-1
2024-07-30,2024-07-30 13:49:00,1571.18,1571.18,1571.17,1571.17,-0.0,53.74,83392.48,-1
2024-07-30,2024-07-30 13:50:00,1571.17,1571.17,1571.15,1571.15,-0.0,53.74,83392.48,-1
2024-07-30,2024-07-30 13:51:00,1571.15,1571.15,1571.13,1571.13,-0.0,53.74,83392.48,-1
2024-07-30,2024-07-30 13:52:00,1571.13,1571.13,1571.12,1571.12,-0.0,53.74,83392.48,-1
2024-07-30,2024-07-30 13:53:00,1571.12,1571.12,1571.1,1571.1,-0.0,53.74,83392.48,-1
2024-07-30,2024-07-30 13:54:00,1571.1,1571.1,1571.08,1571.08,-0.0,53.74,83392.48,-1
2024-07-30,2024-07-30 13:55:00,1571.08,1571.08,1571.07,1571.07,-0.0,53.74,83392.48,-1
2024-07-30,2024-07-30 13:56:00,1571.07,1571.07,1571.05,1571.05,-0.0,53.74,83392.48,-1
2024-07-30,2024-07-30 13:57:00,1571.05,1571.05,1571.03,1571.03,-0.0,53.74,83392.48,-1
2024-07-30,2024-07-30 13:58:00,1571.03,1571.03,1571.02,1571.02,-0.0,53.74,83392.48,-1
2024-07-30,2024-07-30 13:59:00,1571.02,1571.02,1571.0,1571.0,-0.0,53.74,83392.48,-1
2024-07-30,2024-07-30 14:00:00,1571.0,1571.0,1570.98,1570.98,-0.0,53.74,83392.48,-1
2024-07-30,2024-07-30 14:01:00,1570.98,1570.98,1570.97,1570.97,-0.0,53.74,83392.48,-1
2024-07-30,2024-07-30 14:02:00,1570.97,1570.97,1570.95,1570.95,-0.0,53.74,83392.48,-1
2024-07-30,2024-07-30 14:03:00,1570.95,1570.95,1570.93,1570.93,-0.0,53.74,83392.48,-1
2024-07-30,2024-07-30 14:04:00,1570.93,1570.93,1570.92,1570.92,-0.0,53.74,83392.48,-1
2024-07-30,2024-07-30 14:05:00,1570.92,1570.92,1570.9,1570.9,-0.0,53.74,83392.48,-1
2024-07-30,2024-07-30 14:06:00,1570.9,1570.9,1570.88,1570.88,-0.0,53.74,83392.48,-1
2024-07-30,2024-07-30 14:07:00,1570.88,1570.88,1570.87,1570.87,-0.0,53.74,83392.48,-1
2024-07-30,2024-07-30 14:08:00,1570.87,1570.87,1570.85,1570.85,-0.0,53.74,83392.48,-1
2024-07-30,2024-07-30 14:09:00,1570.85,1570.85,1570.83,1570.83,-0.0,53.74,83392.48,-1
2024-07-30,2024-07-30 14:10:00,1570.83,1570.83,1570.82,1570.82,-0.0,53.74,83392.48,-1
2024-07-30,2024-07-30 14:11:00,1570.82,1570.82,1570.8,1570.8,-0.0,53.74,83392.48,-1
2024-07-30,2024-07-30 14:12:00,1570.8,1570.8,1570.78,1570.78,-0.0,53.74,83392.48,-1
2024-07-30,2024-07-30 14:13:00,1570.78,1570.78,1570.77,1570.77,-0.0,53.74,83392.48,-1
2024-07-30,2024-07-30 14:14:00,1570.77,1570.77,1570.75,1570.75,-0.0,53.74,83392.48,-1
2024-07-30,2024-07-30 14:15:00,1570.75,1570.75,1570.73,1570.73,-0.0,53.74,83392.48,-1
2024-07-30,2024-07-30 14:16:00,1570.73,1570.73,1570.72,1570.72,-0.0,53.74,83392.48,-1
2024-07-30,2024-07-30 14:17:00,1570.72,1570.72,1570.7,1570.7,-0.0,53.74,83392.48,-1
2024-07-30,2024-07-30 14:18:00,1570.7,1570.7,1570.68,1570.68,-0.0,53.74,83392.48,-1
2024-07-30,2024-07-30 14:19:00,1570.68,1570.68,1570.67,1570.67,-0.0,53.74,83392.48,-1
2024-07-30,2024-07-30 14:20:00,1570.67,1570.67,1570.65,1570.65,-0.0,53.74,83392.48,-1
2024-07-30,2024-07-30 14:21:00,1570.65,1570.65,1570.63,1570.63,-0.0,53.74,83392.48,-1
2024-07-30,2024-07-30 14:22:00,1570.63,1570.63,1570.62,1570.62,-0.0,53.74,83392.48,-1
2024-07-30,2024-07-30 14:23:00,1570.62,1570.62,1570.6,1570.6,-0.0,53.74,83392.48,-1
2024-07-30,2024-07-30 14:24:00,1570.6,1570.6,1570.58,1570.58,-0.0,53.74,83392.48,-1
2024-07-30,2024-07-30 14:25:00,1570.58,1570.58,1570.57,1570.57,-0.0,53.74,83392.48,-1
2024-07-30,2024-07-30 14:26:00,1570.57,1570.57,1570.55,1570.55,-0.0,53.74,83392.48,-1
2024-07-30,2024-07-30 14:27:00,1570.55,1570.55,1570.53,1570.53,-0.0,53.74,83392.48,-1
2024-07-30,2024-07-30 14:28:00,1570.53,1570.53,1570.52,1570.52,-0.0,53.74,83392.48,-1
2024-07-30,2024-07-30 14:29:00,1570.52,1570.52,1570.5,1570.5,-0.0,53.74,83392.48,-1
2024-07-30,2024-07-30 14:30:00,1570.5,1570.5,1570.48,1570.48,-0.0,53.74,83392.48,-1
2024-07-30,2024-07-30 14:31:00,1570.48,1570.48,1570.47,1570.47,-0.0,53.74,83392.48,-1
2024-07-30,2024-07-30 14:32:00,1570.47,1570.47,1570.45,1570.45,-0.0,53.74,83392.48,-1
2024-07-30,2024-07-30 14:33:00,1570.45,1570.45,1570.43,1570.43,-0.0,53.74,83392.48,-1
2024-07-30,2024-07-30 14:34:00,1570.43,1570.43,1570.42,1570.42,-0.0,53.74,83392.48,-1
2024-07-30,2024-07-30 14:35:00,1570.42,1570.42,1570.4,1570.4,-0.0,53.74,83392.48,-1
2024-07-30,2024-07-30 14:36:00,1570.4,1570.4,1570.38,1570.38,-0.0,53.74,83392.48,-1
2024-07-30,2024-07-30 14:37:00,1570.38,1570.38,1570.37,1570.37,-0.0,53.74,83392.48,-1
2024-07-30,2024-07-30 14:38:00,1570.37,1570.37,1570.35,1570.35,-0.0,53.74,83392.48,-1
2024-07-30,2024-07-30 14:39:00,1570.35,1570.35,1570.33,1570.33,-0.0,53.74,83392.48,-1
2024-07-30,2024-07-30 14:40:00,1570.33,1570.33,1570.32,1570.32,-0.0,53.74,83392.48,-1
2024-07-30,2024-07-30 14:41:00,1570.32,1570.32,1570.3,1570.3,-0.0,53.74,83392.48,-1
2024-07-30,2024-07-30 14:42:00,1570.3,1570.3,1570.28,1570.28,-0.0,53.74,83392.48,-1
2024-07-30,2024-07-30 14:43:00,1570.28,1570.28,1570.27,1570.27,-0.0,53.74,83392.48,-1
2024-07-30,2024-07-30 14:44:00,1570.27,1570.27,1570.25,1570.25,-0.0,53.74,83392.48,-1
2024-07-30,2024-07-30 14:45:00,1570.25,1570.25,1570.23,1570.23,-0.0,53.74,83392.48,-1
2024-07-30,2024-07-30 14:46:00,1570.23,1570.23,1570.22,1570.22,-0.0,53.74,83392.48,-1
2024-07-30,2024-07-30 14:47:00,1570.22,1570.22,1570.2,1570.2,-0.0,53.74,83392.48,-1
2024-07-30,2024-07-30 14:48:00,1570.2,1570.2,1570.18,1570.18,-0.0,53.74,83392.48,-1
2024-07-30,2024-07-30 14:49:00,1570.18,1570.18,1570.17,1570.17,-0.0,53.74,83392.48,-1
2024-07-30,2024-07-30 14:50:00,1570.17,1570.17,1570.15,1570.15,-0.0,53.74,83392.48,-1
2024-07-30,2024-07-30 14:51:00,1570.15,1570.15,1570.13,1570.13,-0.0,53.74,83392.48,-1
2024-07-30,2024-07-30 14:52:00,1570.13,1570.13,1570.12,1570.12,-0.0,53.74,83392.48,-1
2024-07-30,2024-07-30 14:53:00,1570.12,1570.12,1570.1,1570.1,-0.0,53.74,83392.48,-1
2024-07-30,2024-07-30 14:54:00,1570.1,1570.1,1570.08,1570.08,-0.0,53.74,83392.48,-1
2024-07-30,2024-07-30 14:55:00,1570.08,1570.08,1570.07,1570.07,-0.0,53.74,83392.48,-1
2024-07-30,2024-07-30 14:56:00,1570.07,1570.07,1570.05,1570.05,-0.0,53.74,83392.48,-1
2024-07-30,2024-07-30 14:57:00,1570.05,1570.05,1570.03,1570.03,-0.0,53.74,83392.48,-1
2024-07-30,2024-07-30 14:58:00,1570.03,1570.03,1570.02,1570.02,-0.0,53.74,83392.48,-1
2024-07-30,2024-07-30 14:59:00,1570.02,1570.02,1570.0,1570.0,-0.0,53.74,83392.48,-1
2024-07-30,2024-07-30 15:00:00,1570.0,1579.0,1530.0,1570.0,0.0,53.74,83392.48,0
2024-07-31,2024-07-31 11:00:00,1580.0,1583.6,1571.3,1579.96,-0.0,46.89,74073.75,-1
2024-07-31,2024-07-31 11:01:00,1579.96,1579.96,1579.92,1579.92,-0.0,46.89,74073.75,-1
2024-07-31,2024-07-31 11:02:00,1579.92,1579.92,1579.88,1579.88,-0.0,46.89,74073.75,-1
2024-07-31,2024-07-31 11:03:00,1579.88,1579.88,1579.84,1579.84,-0.0,46.89,74073.75,-1
2024-07-31,2024-07-31 11:04:00,1579.84,1579.84,1579.79,1579.79,-0.0,46.89,74073.75,-1
2024-07-31,2024-07-31 11:05:00,1579.79,1579.79,1579.75,1579.75,-0.0,46.89,74073.75,-1
2024-07-31,2024-07-31 11:06:00,1579.75,1579.75,1579.71,1579.71,-0.0,46.89,74073.75,-1
2024-07-31,2024-07-31 11:07:00,1579.71,1579.71,1579.67,1579.67,-0.0,46.89,74073.75,-1
2024-07-31,2024-07-31 11:08:00,1579.67,1579.67,1579.63,1579.63,-0.0,46.89,74073.75,-1
2024-07-31,2024-07-31 11:09:00,1579.63,1579.63,1579.59,1579.59,-0.0,46.89,74073.75,-1
2024-07-31,2024-07-31 11:10:00,1579.59,1579.59,1579.55,1579.55,-0.0,46.89,74073.75,-1
2024-07-31,2024-07-31 11:11:00,1579.55,1579.55,1579.51,1579.51,-0.0,46.89,74073.75,-1
2024-07-31,2024-07-31 11:12:00,1579.51,1579.51,1579.46,1579.46,-0.0,46.89,74073.75,-1
2024-07-31,2024-07-31 11:13:00,1579.46,1579.46,1579.42,1579.42,-0.0,46.89,74073.75,-1
2024-07-31,2024-07-31 11:14:00,1579.42,1579.42,1579.38,1579.38,-0.0,46.89,74073.75,-1
2024-07-31,2024-07-31 11:15:00,1579.38,1579.38,1579.34,1579.34,-0.0,46.89,74073.75,-1
2024-07-31,2024-07-31 11:16:00,1579.34,1579.34,1579.3,1579.3,-0.0,46.89,74073.75,-1
2024-07-31,2024-07-31 11:17:00,1579.3,1579.3,1579.26,1579.26,-0.0,46.89,74073.75,-1
2024-07-31,2024-07-31 11:18:00,1579.26,1579.26,1579.22,1579.22,-0.0,46.89,74073.75,-1
2024-07-31,2024-07-31 11:19:00,1579.22,1579.22,1579.17,1579.17,-0.0,46.89,74073.75,-1
2024-07-31,2024-07-31 11:20:00,1579.17,1579.17,1579.13,1579.13,-0.0,46.89,74073.75,-1
2024-07-31,2024-07-31 11:21:00,1579.13,1579.13,1579.09,1579.09,-0.0,46.89,74073.75,-1
2024-07-31,2024-07-31 11:22:00,1579.09,1579.09,1579.05,1579.05,-0.0,46.89,74073.75,-1
2024-07-31,2024-07-31 11:23:00,1579.05,1579.05,1579.01,1579.01,-0.0,46.89,74073.75,-1
2024-07-31,2024-07-31 11:24:00,1579.01,1579.01,1578.97,1578.97,-0.0,46.89,74073.75,-1
2024-07-31,2024-07-31 11:25:00,1578.97,1578.97,1578.93,1578.93,-0.0,46.89,74073.75,-1
2024-07-31,2024-07-31 11:26:00,1578.93,1578.93,1578.89,1578.89,-0.0,46.89,74073.75,-1
2024-07-31,2024-07-31 11:27:00,1578.89,1578.89,1578.85,1578.85,-0.0,46.89,74073.75,-1
2024-07-31,2024-07-31 11:28:00,1578.85,1578.85,1578.8,1578.8,-0.0,46.89,74073.75,-1
2024-07-31,2024-07-31 11:29:00,1578.8,1578.8,1578.76,1578.76,-0.0,46.89,74073.75,-1
2024-07-31,2024-07-31 11:30:00,1578.76,1578.76,1578.72,1578.72,-0.0,46.89,74073.75,-1
2024-07-31,2024-07-31 11:31:00,1578.72,1578.72,1578.68,1578.68,-0.0,46.89,74073.75,-1
2024-07-31,2024-07-31 11:32:00,1578.68,1578.68,1578.64,1578.64,-0.0,46.89,74073.75,-1
2024-07-31,2024-07-31 11:33:00,1578.64,1578.64,1578.6,1578.6,-0.0,46.89,74073.75,-1
2024-07-31,2024-07-31 11:34:00,1578.6,1578.6,1578.56,1578.56,-0.0,46.89,74073.75,-1
2024-07-31,2024-07-31 11:35:00,1578.56,1578.56,1578.51,1578.51,-0.0,46.89,74073.75,-1
2024-07-31,2024-07-31 11:36:00,1578.51,1578.51,1578.47,1578.47,-0.0,46.89,74073.75,-1
2024-07-31,2024-07-31 11:37:00,1578.47,1578.47,1578.43,1578.43,-0.0,46.89,74073.75,-1
2024-07-31,2024-07-31 11:38:00,1578.43,1578.43,1578.39,1578.39,-0.0,46.89,74073.75,-1
2024-07-31,2024-07-31 11:39:00,1578.39,1578.39,1578.35,1578.35,-0.0,46.89,74073.75,-1
2024-07-31,2024-07-31 11:40:00,1578.35,1578.35,1578.31,1578.31,-0.0,46.89,74073.75,-1
2024-07-31,2024-07-31 11:41:00,1578.31,1578.31,1578.27,1578.27,-0.0,46.89,74073.75,-1
2024-07-31,2024-07-31 11:42:00,1578.27,1578.27,1578.23,1578.23,-0.0,46.89,74073.75,-1
2024-07-31,2024-07-31 11:43:00,1578.23,1578.23,1578.18,1578.18,-0.0,46.89,74073.75,-1
2024-07-31,2024-07-31 11:44:00,1578.18,1578.18,1578.14,1578.14,-0.0,46.89,74073.75,-1
2024-07-31,2024-07-31 11:45:00,1578.14,1578.14,1578.1,1578.1,-0.0,46.89,74073.75,-1
2024-07-31,2024-07-31 11:46:00,1578.1,1578.1,1578.06,1578.06,-0.0,46.89,74073.75,-1
2024-07-31,2024-07-31 11:47:00,1578.06,1578.06,1578.02,1578.02,-0.0,46.89,74073.75,-1
2024-07-31,2024-07-31 11:48:00,1578.02,1578.02,1577.98,1577.98,-0.0,46.89,74073.75,-1
2024-07-31,2024-07-31 11:49:00,1577.98,1577.98,1577.94,1577.94,-0.0,46.89,74073.75,-1
2024-07-31,2024-07-31 11:50:00,1577.94,1577.94,1577.9,1577.9,-0.0,46.89,74073.75,-1
2024-07-31,2024-07-31 11:51:00,1577.9,1577.9,1577.86,1577.86,-0.0,46.89,74073.75,-1
2024-07-31,2024-07-31 11:52:00,1577.86,1577.86,1577.81,1577.81,-0.0,46.89,74073.75,-1
2024-07-31,2024-07-31 11:53:00,1577.81,1577.81,1577.77,1577.77,-0.0,46.89,74073.75,-1
2024-07-31,2024-07-31 11:54:00,1577.77,1577.77,1577.73,1577.73,-0.0,46.89,74073.75,-1
2024-07-31,2024-07-31 11:55:00,1577.73,1577.73,1577.69,1577.69,-0.0,46.89,74073.75,-1
2024-07-31,2024-07-31 11:56:00,1577.69,1577.69,1577.65,1577.65,-0.0,46.89,74073.75,-1
2024-07-31,2024-07-31 11:57:00,1577.65,1577.65,1577.61,1577.61,-0.0,46.89,74073.75,-1
2024-07-31,2024-07-31 11:58:00,1577.61,1577.61,1577.57,1577.57,-0.0,46.89,74073.75,-1
2024-07-31,2024-07-31 11:59:00,1577.57,1577.57,1577.53,1577.53,-0.0,46.89,74073.75,-1
2024-07-31,2024-07-31 12:00:00,1577.53,1577.53,1577.48,1577.48,-0.0,46.89,74073.75,-1
2024-07-31,2024-07-31 12:01:00,1577.48,1577.48,1577.44,1577.44,-0.0,46.89,74073.75,-1
2024-07-31,2024-07-31 12:02:00,1577.44,1577.44,1577.4,1577.4,-0.0,46.89,74073.75,-1
2024-07-31,2024-07-31 12:03:00,1577.4,1577.4,1577.36,1577.36,-0.0,46.89,74073.75,-1
2024-07-31,2024-07-31 12:04:00,1577.36,1577.36,1577.32,1577.32,-0.0,46.89,74073.75,-1
2024-07-31,2024-07-31 12:05:00,1577.32,1577.32,1577.28,1577.28,-0.0,46.89,74073.75,-1
2024-07-31,2024-07-31 12:06:00,1577.28,1577.28,1577.24,1577.24,-0.0,46.89,74073.75,-1
2024-07-31,2024-07-31 12:07:00,1577.24,1577.24,1577.19,1577.19,-0.0,46.89,74073.75,-1
2024-07-31,2024-07-31 12:08:00,1577.19,1577.19,1577.15,1577.15,-0.0,46.89,74073.75,-1
2024-07-31,2024-07-31 12:09:00,1577.15,1577.15,1577.11,1577.11,-0.0,46.89,74073.75,-1
2024-07-31,2024-07-31 12:10:00,1577.11,1577.11,1577.07,1577.07,-0.0,46.89,74073.75,-1
2024-07-31,2024-07-31 12:11:00,1577.07,1577.07,1577.03,1577.03,-0.0,46.89,74073.75,-1
2024-07-31,2024-07-31 12:12:00,1577.03,1577.03,1576.99,1576.99,-0.0,46.89,74073.75,-1
2024-07-31,2024-07-31 12:13:00,1576.99,1576.99,1576.95,1576.95,-0.0,46.89,74073.75,-1
2024-07-31,2024-07-31 12:14:00,1576.95,1576.95,1576.91,1576.91,-0.0,46.89,74073.75,-1
2024-07-31,2024-07-31 12:15:00,1576.91,1576.91,1576.87,1576.87,-0.0,46.89,74073.75,-1
2024-07-31,2024-07-31 12:16:00,1576.87,1576.87,1576.82,1576.82,-0.0,46.89,74073.75,-1
2024-07-31,2024-07-31 12:17:00,1576.82,1576.82,1576.78,1576.78,-0.0,46.89,74073.75,-1
2024-07-31,2024-07-31 12:18:00,1576.78,1576.78,1576.74,1576.74,-0.0,46.89,74073.75,-1
2024-07-31,2024-07-31 12:19:00,1576.74,1576.74,1576.7,1576.7,-0.0,46.89,74073.75,-1
2024-07-31,2024-07-31 12:20:00,1576.7,1576.7,1576.66,1576.66,-0.0,46.89,74073.75,-1
2024-07-31,2024-07-31 12:21:00,1576.66,1576.66,1576.62,1576.62,-0.0,46.89,74073.75,-1
2024-07-31,2024-07-31 12:22:00,1576.62,1576.62,1576.58,1576.58,-0.0,46.89,74073.75,-1
2024-07-31,2024-07-31 12:23:00,1576.58,1576.58,1576.53,1576.53,-0.0,46.89,74073.75,-1
2024-07-31,2024-07-31 12:24:00,1576.53,1576.53,1576.49,1576.49,-0.0,46.89,74073.75,-1
2024-07-31,2024-07-31 12:25:00,1576.49,1576.49,1576.45,1576.45,-0.0,46.89,74073.75,-1
2024-07-31,2024-07-31 12:26:00,1576.45,1576.45,1576.41,1576.41,-0.0,46.89,74073.75,-1
2024-07-31,2024-07-31 12:27:00,1576.41,1576.41,1576.37,1576.37,-0.0,46.89,74073.75,-1
2024-07-31,2024-07-31 12:28:00,1576.37,1576.37,1576.33,1576.33,-0.0,46.89,74073.75,-1
2024-07-31,2024-07-31 12:29:00,1576.33,1576.33,1576.29,1576.29,-0.0,46.89,74073.75,-1
2024-07-31,2024-07-31 12:30:00,1576.29,1576.29,1576.25,1576.25,-0.0,46.89,74073.75,-1
2024-07-31,2024-07-31 12:31:00,1576.25,1576.25,1576.2,1576.2,-0.0,46.89,74073.75,-1
2024-07-31,2024-07-31 12:32:00,1576.2,1576.2,1576.16,1576.16,-0.0,46.89,74073.75,-1
2024-07-31,2024-07-31 12:33:00,1576.16,1576.16,1576.12,1576.12,-0.0,46.89,74073.75,-1
2024-07-31,2024-07-31 12:34:00,1576.12,1576.12,1576.08,1576.08,-0.0,46.89,74073.75,-1
2024-07-31,2024-07-31 12:35:00,1576.08,1576.08,1576.04,1576.04,-0.0,46.89,74073.75,-1
2024-07-31,2024-07-31 12:36:00,1576.04,1576.04,1576.0,1576.0,-0.0,46.89,74073.75,-1
2024-07-31,2024-07-31 12:37:00,1576.0,1576.0,1575.96,1575.96,-0.0,46.89,74073.75,-1
2024-07-31,2024-07-31 12:38:00,1575.96,1575.96,1575.92,1575.92,-0.0,46.89,74073.75,-1
2024-07-31,2024-07-31 12:39:00,1575.92,1575.92,1575.88,1575.88,-0.0,46.89,74073.75,-1
2024-07-31,2024-07-31 12:40:00,1575.88,1575.88,1575.83,1575.83,-0.0,46.89,74073.75,-1
2024-07-31,2024-07-31 12:41:00,1575.83,1575.83,1575.79,1575.79,-0.0,46.89,74073.75,-1
2024-07-31,2024-07-31 12:42:00,1575.79,1575.79,1575.75,1575.75,-0.0,46.89,74073.75,-1
2024-07-31,2024-07-31 12:43:00,1575.75,1575.75,1575.71,1575.71,-0.0,46.89,74073.75,-1
2024-07-31,2024-07-31 12:44:00,1575.71,1575.71,1575.67,1575.67,-0.0,46.89,74073.75,-1
2024-07-31,2024-07-31 12:45:00,1575.67,1575.67,1575.63,1575.63,-0.0,46.89,74073.75,-1
2024-07-31,2024-07-31 12:46:00,1575.63,1575.63,1575.59,1575.59,-0.0,46.89,74073.75,-1
2024-07-31,2024-07-31 12:47:00,1575.59,1575.59,1575.55,1575.55,-0.0,46.89,74073.75,-1
2024-07-31,2024-07-31 12:48:00,1575.55,1575.55,1575.5,1575.5,-0.0,46.89,74073.75,-1
2024-07-31,2024-07-31 12:49:00,1575.5,1575.5,1575.46,1575.46,-0.0,46.89,74073.75,-1
2024-07-31,2024-07-31 12:50:00,1575.46,1575.46,1575.42,1575.42,-0.0,46.89,74073.75,-1
2024-07-31,2024-07-31 12:51:00,1575.42,1575.42,1575.38,1575.38,-0.0,46.89,74073.75,-1
2024-07-31,2024-07-31 12:52:00,1575.38,1575.38,1575.34,1575.34,-0.0,46.89,74073.75,-1
2024-07-31,2024-07-31 12:53:00,1575.34,1575.34,1575.3,1575.3,-0.0,46.89,74073.75,-1
2024-07-31,2024-07-31 12:54:00,1575.3,1575.3,1575.26,1575.26,-0.0,46.89,74073.75,-1
2024-07-31,2024-07-31 12:55:00,1575.26,1575.26,1575.21,1575.21,-0.0,46.89,74073.75,-1
2024-07-31,2024-07-31 12:56:00,1575.21,1575.21,1575.17,1575.17,-0.0,46.89,74073.75,-1
2024-07-31,2024-07-31 12:57:00,1575.17,1575.17,1575.13,1575.13,-0.0,46.89,74073.75,-1
2024-07-31,2024-07-31 12:58:00,1575.13,1575.13,1575.09,1575.09,-0.0,46.89,74073.75,-1
2024-07-31,2024-07-31 12:59:00,1575.09,1575.09,1575.05,1575.05,-0.0,46.89,74073.75,-1
2024-07-31,2024-07-31 13:00:00,1575.05,1592.0,1551.0,1575.01,-0.0,46.89,74073.75,-1
2024-07-31,2024-07-31 13:01:00,1575.01,1575.01,1574.97,1574.97,-0.0,46.89,74073.75,-1
2024-07-31,2024-07-31 13:02:00,1574.97,1574.97,1574.93,1574.93,-0.0,46.89,74073.75,-1
2024-07-31,2024-07-31 13:03:00,1574.93,1574.93,1574.88,1574.88,-0.0,46.89,74073.75,-1
2024-07-31,2024-07-31 13:04:00,1574.88,1574.88,1574.84,1574.84,-0.0,46.89,74073.75,-1
2024-07-31,2024-07-31 13:05:00,1574.84,1574.84,1574.8,1574.8,-0.0,46.89,74073.75,-1
2024-07-31,2024-07-31 13:06:00,1574.8,1574.8,1574.76,1574.76,-0.0,46.89,74073.75,-1
2024-07-31,2024-07-31 13:07:00,1574.76,1574.76,1574.72,1574.72,-0.0,46.89,74073.75,-1
2024-07-31,2024-07-31 13:08:00,1574.72,1574.72,1574.68,1574.68,-0.0,46.89,74073.75,-1
2024-07-31,2024-07-31 13:09:00,1574.68,1574.68,1574.64,1574.64,-0.0,46.89,74073.75,-1
2024-07-31,2024-07-31 13:10:00,1574.64,1574.64,1574.6,1574.6,-0.0,46.89,74073.75,-1
2024-07-31,2024-07-31 13:11:00,1574.6,1574.6,1574.55,1574.55,-0.0,46.89,74073.75,-1
2024-07-31,2024-07-31 13:12:00,1574.55,1574.55,1574.51,1574.51,-0.0,46.89,74073.75,-1
2024-07-31,2024-07-31 13:13:00,1574.51,1574.51,1574.47,1574.47,-0.0,46.89,74073.75,-1
2024-07-31,2024-07-31 13:14:00,1574.47,1574.47,1574.43,1574.43,-0.0,46.89,74073.75,-1
2024-07-31,2024-07-31 13:15:00,1574.43,1574.43,1574.39,1574.39,-0.0,46.89,74073.75,-1
2024-07-31,2024-07-31 13:16:00,1574.39,1574.39,1574.35,1574.35,-0.0,46.89,74073.75,-1
2024-07-31,2024-07-31 13:17:00,1574.35,1574.35,1574.31,1574.31,-0.0,46.89,74073.75,-1
2024-07-31,2024-07-31 13:18:00,1574.31,1574.31,1574.27,1574.27,-0.0,46.89,74073.75,-1
2024-07-31,2024-07-31 13:19:00,1574.27,1574.27,1574.22,1574.22,-0.0,46.89,74073.75,-1
2024-07-31,2024-07-31 13:20:00,1574.22,1574.22,1574.18,1574.18,-0.0,46.89,74073.75,-1
2024-07-31,2024-07-31 13:21:00,1574.18,1574.18,1574.14,1574.14,-0.0,46.89,74073.75,-1
2024-07-31,2024-07-31 13:22:00,1574.14,1574.14,1574.1,1574.1,-0.0,46.89,74073.75,-1
2024-07-31,2024-07-31 13:23:00,1574.1,1574.1,1574.06,1574.06,-0.0,46.89,74073.75,-1
2024-07-31,2024-07-31 13:24:00,1574.06,1574.06,1574.02,1574.02,-0.0,46.89,74073.75,-1
2024-07-31,2024-07-31 13:25:00,1574.02,1574.02,1573.98,1573.98,-0.0,46.89,74073.75,-1
2024-07-31,2024-07-31 13:26:00,1573.98,1573.98,1573.94,1573.94,-0.0,46.89,74073.75,-1
2024-07-31,2024-07-31 13:27:00,1573.94,1573.94,1573.89,1573.89,-0.0,46.89,74073.75,-1
2024-07-31,2024-07-31 13:28:00,1573.89,1573.89,1573.85,1573.85,-0.0,46.89,74073.75,-1
2024-07-31,2024-07-31 13:29:00,1573.85,1573.85,1573.81,1573.81,-0.0,46.89,74073.75,-1
2024-07-31,2024-07-31 13:30:00,1573.81,1573.81,1573.77,1573.77,-0.0,46.89,74073.75,-1
2024-07-31,2024-07-31 13:31:00,1573.77,1573.77,1573.73,1573.73,-0.0,46.89,74073.75,-1
2024-07-31,2024-07-31 13:32:00,1573.73,1573.73,1573.69,1573.69,-0.0,46.89,74073.75,-1
2024-07-31,2024-07-31 13:33:00,1573.69,1573.69,1573.65,1573.65,-0.0,46.89,74073.75,-1
2024-07-31,2024-07-31 13:34:00,1573.65,1573.65,1573.61,1573.61,-0.0,46.89,74073.75,-1
2024-07-31,2024-07-31 13:35:00,1573.61,1573.61,1573.57,1573.57,-0.0,46.89,74073.75,-1
2024-07-31,2024-07-31 13:36:00,1573.57,1573.57,1573.52,1573.52,-0.0,46.89,74073.75,-1
2024-07-31,2024-07-31 13:37:00,1573.52,1573.52,1573.48,1573.48,-0.0,46.89,74073.75,-1
2024-07-31,2024-07-31 13:38:00,1573.48,1573.48,1573.44,1573.44,-0.0,46.89,74073.75,-1
2024-07-31,2024-07-31 13:39:00,1573.44,1573.44,1573.4,1573.4,-0.0,46.89,74073.75,-1
2024-07-31,2024-07-31 13:40:00,1573.4,1573.4,1573.36,1573.36,-0.0,46.89,74073.75,-1
2024-07-31,2024-07-31 13:41:00,1573.36,1573.36,1573.32,1573.32,-0.0,46.89,74073.75,-1
2024-07-31,2024-07-31 13:42:00,1573.32,1573.32,1573.28,1573.28,-0.0,46.89,74073.75,-1
2024-07-31,2024-07-31 13:43:00,1573.28,1573.28,1573.23,1573.23,-0.0,46.89,74073.75,-1
2024-07-31,2024-07-31 13:44:00,1573.23,1573.23,1573.19,1573.19,-0.0,46.89,74073.75,-1
2024-07-31,2024-07-31 13:45:00,1573.19,1573.19,1573.15,1573.15,-0.0,46.89,74073.75,-1
2024-07-31,2024-07-31 13:46:00,1573.15,1573.15,1573.11,1573.11,-0.0,46.89,74073.75,-1
2024-07-31,2024-07-31 13:47:00,1573.11,1573.11,1573.07,1573.07,-0.0,46.89,74073.75,-1
2024-07-31,2024-07-31 13:48:00,1573.07,1573.07,1573.03,1573.03,-0.0,46.89,74073.75,-1
2024-07-31,2024-07-31 13:49:00,1573.03,1573.03,1572.99,1572.99,-0.0,46.89,74073.75,-1
2024-07-31,2024-07-31 13:50:00,1572.99,1572.99,1572.95,1572.95,-0.0,46.89,74073.75,-1
2024-07-31,2024-07-31 13:51:00,1572.95,1572.95,1572.9,1572.9,-0.0,46.89,74073.75,-1
2024-07-31,2024-07-31 13:52:00,1572.9,1572.9,1572.86,1572.86,-0.0,46.89,74073.75,-1
2024-07-31,2024-07-31 13:53:00,1572.86,1572.86,1572.82,1572.82,-0.0,46.89,74073.75,-1
2024-07-31,2024-07-31 13:54:00,1572.82,1572.82,1572.78,1572.78,-0.0,46.89,74073.75,-1
2024-07-31,2024-07-31 13:55:00,1572.78,1572.78,1572.74,1572.74,-0.0,46.89,74073.75,-1
2024-07-31,2024-07-31 13:56:00,1572.74,1572.74,1572.7,1572.7,-0.0,46.89,74073.75,-1
2024-07-31,2024-07-31 13:57:00,1572.7,1572.7,1572.66,1572.66,-0.0,46.89,74073.75,-1
2024-07-31,2024-07-31 13:58:00,1572.66,1572.66,1572.62,1572.62,-0.0,46.89,74073.75,-1
2024-07-31,2024-07-31 13:59:00,1572.62,1572.62,1572.57,1572.57,-0.0,46.89,74073.75,-1
2024-07-31,2024-07-31 14:00:00,1572.57,1572.57,1572.53,1572.53,-0.0,46.89,74073.75,-1
2024-07-31,2024-07-31 14:01:00,1572.53,1572.53,1572.49,1572.49,-0.0,46.89,74073.75,-1
2024-07-31,2024-07-31 14:02:00,1572.49,1572.49,1572.45,1572.45,-0.0,46.89,74073.75,-1
2024-07-31,2024-07-31 14:03:00,1572.45,1572.45,1572.41,1572.41,-0.0,46.89,74073.75,-1
2024-07-31,2024-07-31 14:04:00,1572.41,1572.41,1572.37,1572.37,-0.0,46.89,74073.75,-1
2024-07-31,2024-07-31 14:05:00,1572.37,1572.37,1572.33,1572.33,-0.0,46.89,74073.75,-1
2024-07-31,2024-07-31 14:06:00,1572.33,1572.33,1572.29,1572.29,-0.0,46.89,74073.75,-1
2024-07-31,2024-07-31 14:07:00,1572.29,1572.29,1572.24,1572.24,-0.0,46.89,74073.75,-1
2024-07-31,2024-07-31 14:08:00,1572.24,1572.24,1572.2,1572.2,-0.0,46.89,74073.75,-1
2024-07-31,2024-07-31 14:09:00,1572.2,1572.2,1572.16,1572.16,-0.0,46.89,74073.75,-1
2024-07-31,2024-07-31 14:10:00,1572.16,1572.16,1572.12,1572.12,-0.0,46.89,74073.75,-1
2024-07-31,2024-07-31 14:11:00,1572.12,1572.12,1572.08,1572.08,-0.0,46.89,74073.75,-1
2024-07-31,2024-07-31 14:12:00,1572.08,1572.08,1572.04,1572.04,-0.0,46.89,74073.75,-1
2024-07-31,2024-07-31 14:13:00,1572.04,1572.04,1572.0,1572.0,-0.0,46.89,74073.75,-1
2024-07-31,2024-07-31 14:14:00,1572.0,1572.0,1571.96,1571.96,-0.0,46.89,74073.75,-1
2024-07-31,2024-07-31 14:15:00,1571.96,1571.96,1571.91,1571.91,-0.0,46.89,74073.75,-1
2024-07-31,2024-07-31 14:16:00,1571.91,1571.91,1571.87,1571.87,-0.0,46.89,74073.75,-1
2024-07-31,2024-07-31 14:17:00,1571.87,1571.87,1571.83,1571.83,-0.0,46.89,74073.75,-1
2024-07-31,2024-07-31 14:18:00,1571.83,1571.83,1571.79,1571.79,-0.0,46.89,74073.75,-1
2024-07-31,2024-07-31 14:19:00,1571.79,1571.79,1571.75,1571.75,-0.0,46.89,74073.75,-1
2024-07-31,2024-07-31 14:20:00,1571.75,1571.75,1571.71,1571.71,-0.0,46.89,74073.75,-1
2024-07-31,2024-07-31 14:21:00,1571.71,1571.71,1571.67,1571.67,-0.0,46.89,74073.75,-1
2024-07-31,2024-07-31 14:22:00,1571.67,1571.67,1571.63,1571.63,-0.0,46.89,74073.75,-1
2024-07-31,2024-07-31 14:23:00,1571.63,1571.63,1571.59,1571.59,-0.0,46.89,74073.75,-1
2024-07-31,2024-07-31 14:24:00,1571.59,1571.59,1571.54,1571.54,-0.0,46.89,74073.75,-1
2024-07-31,2024-07-31 14:25:00,1571.54,1571.54,1571.5,1571.5,-0.0,46.89,74073.75,-1
2024-07-31,2024-07-31 14:26:00,1571.5,1571.5,1571.46,1571.46,-0.0,46.89,74073.75,-1
2024-07-31,2024-07-31 14:27:00,1571.46,1571.46,1571.42,1571.42,-0.0,46.89,74073.75,-1
2024-07-31,2024-07-31 14:28:00,1571.42,1571.42,1571.38,1571.38,-0.0,46.89,74073.75,-1
2024-07-31,2024-07-31 14:29:00,1571.38,1571.38,1571.34,1571.34,-0.0,46.89,74073.75,-1
2024-07-31,2024-07-31 14:30:00,1571.34,1571.34,1571.3,1571.3,-0.0,46.89,74073.75,-1
2024-07-31,2024-07-31 14:31:00,1571.3,1571.3,1571.25,1571.25,-0.0,46.89,74073.75,-1
2024-07-31,2024-07-31 14:32:00,1571.25,1571.25,1571.21,1571.21,-0.0,46.89,74073.75,-1
2024-07-31,2024-07-31 14:33:00,1571.21,1571.21,1571.17,1571.17,-0.0,46.89,74073.75,-1
2024-07-31,2024-07-31 14:34:00,1571.17,1571.17,1571.13,1571.13,-0.0,46.89,74073.75,-1
2024-07-31,2024-07-31 14:35:00,1571.13,1571.13,1571.09,1571.09,-0.0,46.89,74073.75,-1
2024-07-31,2024-07-31 14:36:00,1571.09,1571.09,1571.05,1571.05,-0.0,46.89,74073.75,-1
2024-07-31,2024-07-31 14:37:00,1571.05,1571.05,1571.01,1571.01,-0.0,46.89,74073.75,-1
2024-07-31,2024-07-31 14:38:00,1571.01,1571.01,1570.97,1570.97,-0.0,46.89,74073.75,-1
2024-07-31,2024-07-31 14:39:00,1570.97,1570.97,1570.92,1570.92,-0.0,46.89,74073.75,-1
2024-07-31,2024-07-31 14:40:00,1570.92,1570.92,1570.88,1570.88,-0.0,46.89,74073.75,-1
2024-07-31,2024-07-31 14:41:00,1570.88,1570.88,1570.84,1570.84,-0.0,46.89,74073.75,-1
2024-07-31,2024-07-31 14:42:00,1570.84,1570.84,1570.8,1570.8,-0.0,46.89,74073.75,-1
2024-07-31,2024-07-31 14:43:00,1570.8,1570.8,1570.76,1570.76,-0.0,46.89,74073.75,-1
2024-07-31,2024-07-31 14:44:00,1570.76,1570.76,1570.72,1570.72,-0.0,46.89,74073.75,-1
2024-07-31,2024-07-31 14:45:00,1570.72,1570.72,1570.68,1570.68,-0.0,46.89,74073.75,-1
2024-07-31,2024-07-31 14:46:00,1570.68,1570.68,1570.64,1570.64,-0.0,46.89,74073.75,-1
2024-07-31,2024-07-31 14:47:00,1570.64,1570.64,1570.59,1570.59,-0.0,46.89,74073.75,-1
2024-07-31,2024-07-31 14:48:00,1570.59,1570.59,1570.55,1570.55,-0.0,46.89,74073.75,-1
2024-07-31,2024-07-31 14:49:00,1570.55,1570.55,1570.51,1570.51,-0.0,46.89,74073.75,-1
2024-07-31,2024-07-31 14:50:00,1570.51,1570.51,1570.47,1570.47,-0.0,46.89,74073.75,-1
2024-07-31,2024-07-31 14:51:00,1570.47,1570.47,1570.43,1570.43,-0.0,46.89,74073.75,-1
2024-07-31,2024-07-31 14:52:00,1570.43,1570.43,1570.39,1570.39,-0.0,46.89,74073.75,-1
2024-07-31,2024-07-31 14:53:00,1570.39,1570.39,1570.35,1570.35,-0.0,46.89,74073.75,-1
2024-07-31,2024-07-31 14:54:00,1570.35,1570.35,1570.31,1570.31,-0.0,46.89,74073.75,-1
2024-07-31,2024-07-31 14:55:00,1570.31,1570.31,1570.26,1570.26,-0.0,46.89,74073.75,-1
2024-07-31,2024-07-31 14:56:00,1570.26,1570.26,1570.22,1570.22,-0.0,46.89,74073.75,-1
2024-07-31,2024-07-31 14:57:00,1570.22,1570.22,1570.18,1570.18,-0.0,46.89,74073.75,-1
2024-07-31,2024-07-31 14:58:00,1570.18,1570.18,1570.14,1570.14,-0.0,46.89,74073.75,-1
2024-07-31,2024-07-31 14:59:00,1570.14,1570.14,1570.1,1570.1,-0.0,46.89,74073.75,-1
2024-07-31,2024-07-31 15:00:00,1570.1,1592.0,1551.0,1570.1,0.0,46.89,74073.75,0
2024-08-01,2024-08-01 11:00:00,1588.0,1591.3,1570.24,1587.82,-0.01,49.54,77717.09,-1
2024-08-01,2024-08-01 11:01:00,1587.82,1587.82,1587.63,1587.63,-0.01,49.54,77717.09,-1
2024-08-01,2024-08-01 11:02:00,1587.63,1587.63,1587.45,1587.45,-0.01,49.54,77717.09,-1
2024-08-01,2024-08-01 11:03:00,1587.45,1587.45,1587.27,1587.27,-0.01,49.54,77717.09,-1
2024-08-01,2024-08-01 11:04:00,1587.27,1587.27,1587.08,1587.08,-0.01,49.54,77717.09,-1
2024-08-01,2024-08-01 11:05:00,1587.08,1587.08,1586.9,1586.9,-0.01,49.54,77717.09,-1
2024-08-01,2024-08-01 11:06:00,1586.9,1586.9,1586.72,1586.72,-0.01,49.54,77717.09,-1
2024-08-01,2024-08-01 11:07:00,1586.72,1586.72,1586.53,1586.53,-0.01,49.54,77717.09,-1
2024-08-01,2024-08-01 11:08:00,1586.53,1586.53,1586.35,1586.35,-0.01,49.54,77717.09,-1
2024-08-01,2024-08-01 11:09:00,1586.35,1586.35,1586.17,1586.17,-0.01,49.54,77717.09,-1
2024-08-01,2024-08-01 11:10:00,1586.17,1586.17,1585.98,1585.98,-0.01,49.54,77717.09,-1
2024-08-01,2024-08-01 11:11:00,1585.98,1585.98,1585.8,1585.8,-0.01,49.54,77717.09,-1
2024-08-01,2024-08-01 11:12:00,1585.8,1585.8,1585.62,1585.62,-0.01,49.54,77717.09,-1
2024-08-01,2024-08-01 11:13:00,1585.62,1585.62,1585.43,1585.43,-0.01,49.54,77717.09,-1
2024-08-01,2024-08-01 11:14:00,1585.43,1585.43,1585.25,1585.25,-0.01,49.54,77717.09,-1
2024-08-01,2024-08-01 11:15:00,1585.25,1585.25,1585.07,1585.07,-0.01,49.54,77717.09,-1
2024-08-01,2024-08-01 11:16:00,1585.07,1585.07,1584.88,1584.88,-0.01,49.54,77717.09,-1
2024-08-01,2024-08-01 11:17:00,1584.88,1584.88,1584.7,1584.7,-0.01,49.54,77717.09,-1
2024-08-01,2024-08-01 11:18:00,1584.7,1584.7,1584.52,1584.52,-0.01,49.54,77717.09,-1
2024-08-01,2024-08-01 11:19:00,1584.52,1584.52,1584.33,1584.33,-0.01,49.54,77717.09,-1
2024-08-01,2024-08-01 11:20:00,1584.33,1584.33,1584.15,1584.15,-0.01,49.54,77717.09,-1
2024-08-01,2024-08-01 11:21:00,1584.15,1584.15,1583.97,1583.97,-0.01,49.54,77717.09,-1
2024-08-01,2024-08-01 11:22:00,1583.97,1583.97,1583.78,1583.78,-0.01,49.54,77717.09,-1
2024-08-01,2024-08-01 11:23:00,1583.78,1583.78,1583.6,1583.6,-0.01,49.54,77717.09,-1
2024-08-01,2024-08-01 11:24:00,1583.6,1583.6,1583.42,1583.42,-0.01,49.54,77717.09,-1
2024-08-01,2024-08-01 11:25:00,1583.42,1583.42,1583.23,1583.23,-0.01,49.54,77717.09,-1
2024-08-01,2024-08-01 11:26:00,1583.23,1583.23,1583.05,1583.05,-0.01,49.54,77717.09,-1
2024-08-01,2024-08-01 11:27:00,1583.05,1583.05,1582.87,1582.87,-0.01,49.54,77717.09,-1
2024-08-01,2024-08-01 11:28:00,1582.87,1582.87,1582.68,1582.68,-0.01,49.54,77717.09,-1
2024-08-01,2024-08-01 11:29:00,1582.68,1582.68,1582.5,1582.5,-0.01,49.54,77717.09,-1
2024-08-01,2024-08-01 11:30:00,1582.5,1582.5,1582.32,1582.32,-0.01,49.54,77717.09,-1
2024-08-01,2024-08-01 11:31:00,1582.32,1582.32,1582.13,1582.13,-0.01,49.54,77717.09,-1
2024-08-01,2024-08-01 11:32:00,1582.13,1582.13,1581.95,1581.95,-0.01,49.54,77717.09,-1
2024-08-01,2024-08-01 11:33:00,1581.95,1581.95,1581.77,1581.77,-0.01,49.54,77717.09,-1
2024-08-01,2024-08-01 11:34:00,1581.77,1581.77,1581.58,1581.58,-0.01,49.54,77717.09,-1
2024-08-01,2024-08-01 11:35:00,1581.58,1581.58,1581.4,1581.4,-0.01,49.54,77717.09,-1
2024-08-01,2024-08-01 11:36:00,1581.4,1581.4,1581.22,1581.22,-0.01,49.54,77717.09,-1
2024-08-01,2024-08-01 11:37:00,1581.22,1581.22,1581.03,1581.03,-0.01,49.54,77717.09,-1
2024-08-01,2024-08-01 11:38:00,1581.03,1581.03,1580.85,1580.85,-0.01,49.54,77717.09,-1
2024-08-01,2024-08-01 11:39:00,1580.85,1580.85,1580.67,1580.67,-0.01,49.54,77717.09,-1
2024-08-01,2024-08-01 11:40:00,1580.67,1580.67,1580.48,1580.48,-0.01,49.54,77717.09,-1
2024-08-01,2024-08-01 11:41:00,1580.48,1580.48,1580.3,1580.3,-0.01,49.54,77717.09,-1
2024-08-01,2024-08-01 11:42:00,1580.3,1580.3,1580.12,1580.12,-0.01,49.54,77717.09,-1
2024-08-01,2024-08-01 11:43:00,1580.12,1580.12,1579.93,1579.93,-0.01,49.54,77717.09,-1
2024-08-01,2024-08-01 11:44:00,1579.93,1579.93,1579.75,1579.75,-0.01,49.54,77717.09,-1
2024-08-01,2024-08-01 11:45:00,1579.75,1579.75,1579.57,1579.57,-0.01,49.54,77717.09,-1
2024-08-01,2024-08-01 11:46:00,1579.57,1579.57,1579.38,1579.38,-0.01,49.54,77717.09,-1
2024-08-01,2024-08-01 11:47:00,1579.38,1579.38,1579.2,1579.2,-0.01,49.54,77717.09,-1
2024-08-01,2024-08-01 11:48:00,1579.2,1579.2,1579.02,1579.02,-0.01,49.54,77717.09,-1
2024-08-01,2024-08-01 11:49:00,1579.02,1579.02,1578.83,1578.83,-0.01,49.54,77717.09,-1
2024-08-01,2024-08-01 11:50:00,1578.83,1578.83,1578.65,1578.65,-0.01,49.54,77717.09,-1
2024-08-01,2024-08-01 11:51:00,1578.65,1578.65,1578.47,1578.47,-0.01,49.54,77717.09,-1
2024-08-01,2024-08-01 11:52:00,1578.47,1578.47,1578.28,1578.28,-0.01,49.54,77717.09,-1
2024-08-01,2024-08-01 11:53:00,1578.28,1578.28,1578.1,1578.1,-0.01,49.54,77717.09,-1
2024-08-01,2024-08-01 11:54:00,1578.1,1578.1,1577.92,1577.92,-0.01,49.54,77717.09,-1
2024-08-01,2024-08-01 11:55:00,1577.92,1577.92,1577.73,1577.73,-0.01,49.54,77717.09,-1
2024-08-01,2024-08-01 11:56:00,1577.73,1577.73,1577.55,1577.55,-0.01,49.54,77717.09,-1
2024-08-01,2024-08-01 11:57:00,1577.55,1577.55,1577.37,1577.37,-0.01,49.54,77717.09,-1
2024-08-01,2024-08-01 11:58:00,1577.37,1577.37,1577.18,1577.18,-0.01,49.54,77717.09,-1
2024-08-01,2024-08-01 11:59:00,1577.18,1577.18,1577.0,1577.0,-0.01,49.54,77717.09,-1
2024-08-01,2024-08-01 12:00:00,1577.0,1577.0,1576.82,1576.82,-0.01,49.54,77717.09,-1
2024-08-01,2024-08-01 12:01:00,1576.82,1576.82,1576.63,1576.63,-0.01,49.54,77717.09,-1
2024-08-01,2024-08-01 12:02:00,1576.63,1576.63,1576.45,1576.45,-0.01,49.54,77717.09,-1
2024-08-01,2024-08-01 12:03:00,1576.45,1576.45,1576.27,1576.27,-0.01,49.54,77717.09,-1
2024-08-01,2024-08-01 12:04:00,1576.27,1576.27,1576.08,1576.08,-0.01,49.54,77717.09,-1
2024-08-01,2024-08-01 12:05:00,1576.08,1576.08,1575.9,1575.9,-0.01,49.54,77717.09,-1
2024-08-01,2024-08-01 12:06:00,1575.9,1575.9,1575.72,1575.72,-0.01,49.54,77717.09,-1
2024-08-01,2024-08-01 12:07:00,1575.72,1575.72,1575.53,1575.53,-0.01,49.54,77717.09,-1
2024-08-01,2024-08-01 12:08:00,1575.53,1575.53,1575.35,1575.35,-0.01,49.54,77717.09,-1
2024-08-01,2024-08-01 12:09:00,1575.35,1575.35,1575.17,1575.17,-0.01,49.54,77717.09,-1
2024-08-01,2024-08-01 12:10:00,1575.17,1575.17,1574.98,1574.98,-0.01,49.54,77717.09,-1
2024-08-01,2024-08-01 12:11:00,1574.98,1574.98,1574.8,1574.8,-0.01,49.54,77717.09,-1
2024-08-01,2024-08-01 12:12:00,1574.8,1574.8,1574.62,1574.62,-0.01,49.54,77717.09,-1
2024-08-01,2024-08-01 12:13:00,1574.62,1574.62,1574.43,1574.43,-0.01,49.54,77717.09,-1
2024-08-01,2024-08-01 12:14:00,1574.43,1574.43,1574.25,1574.25,-0.01,49.54,77717.09,-1
2024-08-01,2024-08-01 12:15:00,1574.25,1574.25,1574.07,1574.07,-0.01,49.54,77717.09,-1
2024-08-01,2024-08-01 12:16:00,1574.07,1574.07,1573.88,1573.88,-0.01,49.54,77717.09,-1
2024-08-01,2024-08-01 12:17:00,1573.88,1573.88,1573.7,1573.7,-0.01,49.54,77717.09,-1
2024-08-01,2024-08-01 12:18:00,1573.7,1573.7,1573.52,1573.52,-0.01,49.54,77717.09,-1
2024-08-01,2024-08-01 12:19:00,1573.52,1573.52,1573.33,1573.33,-0.01,49.54,77717.09,-1
2024-08-01,2024-08-01 12:20:00,1573.33,1573.33,1573.15,1573.15,-0.01,49.54,77717.09,-1
2024-08-01,2024-08-01 12:21:00,1573.15,1573.15,1572.97,1572.97,-0.01,49.54,77717.09,-1
2024-08-01,2024-08-01 12:22:00,1572.97,1572.97,1572.78,1572.78,-0.01,49.54,77717.09,-1
2024-08-01,2024-08-01 12:23:00,1572.78,1572.78,1572.6,1572.6,-0.01,49.54,77717.09,-1
2024-08-01,2024-08-01 12:24:00,1572.6,1572.6,1572.42,1572.42,-0.01,49.54,77717.09,-1
2024-08-01,2024-08-01 12:25:00,1572.42,1572.42,1572.23,1572.23,-0.01,49.54,77717.09,-1
2024-08-01,2024-08-01 12:26:00,1572.23,1572.23,1572.05,1572.05,-0.01,49.54,77717.09,-1
2024-08-01,2024-08-01 12:27:00,1572.05,1572.05,1571.87,1571.87,-0.01,49.54,77717.09,-1
2024-08-01,2024-08-01 12:28:00,1571.87,1571.87,1571.68,1571.68,-0.01,49.54,77717.09,-1
2024-08-01,2024-08-01 12:29:00,1571.68,1571.68,1571.5,1571.5,-0.01,49.54,77717.09,-1
2024-08-01,2024-08-01 12:30:00,1571.5,1571.5,1571.32,1571.32,-0.01,49.54,77717.09,-1
2024-08-01,2024-08-01 12:31:00,1571.32,1571.32,1571.13,1571.13,-0.01,49.54,77717.09,-1
2024-08-01,2024-08-01 12:32:00,1571.13,1571.13,1570.95,1570.95,-0.01,49.54,77717.09,-1
2024-08-01,2024-08-01 12:33:00,1570.95,1570.95,1570.77,1570.77,-0.01,49.54,77717.09,-1
2024-08-01,2024-08-01 12:34:00,1570.77,1570.77,1570.58,1570.58,-0.01,49.54,77717.09,-1
2024-08-01,2024-08-01 12:35:00,1570.58,1570.58,1570.4,1570.4,-0.01,49.54,77717.09,-1
2024-08-01,2024-08-01 12:36:00,1570.4,1570.4,1570.22,1570.22,-0.01,49.54,77717.09,-1
2024-08-01,2024-08-01 12:37:00,1570.22,1570.22,1570.03,1570.03,-0.01,49.54,77717.09,-1
2024-08-01,2024-08-01 12:38:00,1570.03,1570.03,1569.85,1569.85,-0.01,49.54,77717.09,-1
2024-08-01,2024-08-01 12:39:00,1569.85,1569.85,1569.67,1569.67,-0.01,49.54,77717.09,-1
2024-08-01,2024-08-01 12:40:00,1569.67,1569.67,1569.48,1569.48,-0.01,49.54,77717.09,-1
2024-08-01,2024-08-01 12:41:00,1569.48,1569.48,1569.3,1569.3,-0.01,49.54,77717.09,-1
2024-08-01,2024-08-01 12:42:00,1569.3,1569.3,1569.12,1569.12,-0.01,49.54,77717.09,-1
2024-08-01,2024-08-01 12:43:00,1569.12,1569.12,1568.93,1568.93,-0.01,49.54,77717.09,-1
2024-08-01,2024-08-01 12:44:00,1568.93,1568.93,1568.75,1568.75,-0.01,49.54,77717.09,-1
2024-08-01,2024-08-01 12:45:00,1568.75,1568.75,1568.57,1568.57,-0.01,49.54,77717.09,-1
2024-08-01,2024-08-01 12:46:00,1568.57,1568.57,1568.38,1568.38,-0.01,49.54,77717.09,-1
2024-08-01,2024-08-01 12:47:00,1568.38,1568.38,1568.2,1568.2,-0.01,49.54,77717.09,-1
2024-08-01,2024-08-01 12:48:00,1568.2,1568.2,1568.02,1568.02,-0.01,49.54,77717.09,-1
2024-08-01,2024-08-01 12:49:00,1568.02,1568.02,1567.83,1567.83,-0.01,49.54,77717.09,-1
2024-08-01,2024-08-01 12:50:00,1567.83,1567.83,1567.65,1567.65,-0.01,49.54,77717.09,-1
2024-08-01,2024-08-01 12:51:00,1567.65,1567.65,1567.47,1567.47,-0.01,49.54,77717.09,-1
2024-08-01,2024-08-01 12:52:00,1567.47,1567.47,1567.28,1567.28,-0.01,49.54,77717.09,-1
2024-08-01,2024-08-01 12:53:00,1567.28,1567.28,1567.1,1567.1,-0.01,49.54,77717.09,-1
2024-08-01,2024-08-01 12:54:00,1567.1,1567.1,1566.92,1566.92,-0.01,49.54,77717.09,-1
2024-08-01,2024-08-01 12:55:00,1566.92,1566.92,1566.73,1566.73,-0.01,49.54,77717.09,-1
2024-08-01,2024-08-01 12:56:00,1566.73,1566.73,1566.55,1566.55,-0.01,49.54,77717.09,-1
2024-08-01,2024-08-01 12:57:00,1566.55,1566.55,1566.37,1566.37,-0.01,49.54,77717.09,-1
2024-08-01,2024-08-01 12:58:00,1566.37,1566.37,1566.18,1566.18,-0.01,49.54,77717.09,-1
2024-08-01,2024-08-01 12:59:00,1566.18,1566.18,1566.0,1566.0,-0.01,49.54,77717.09,-1
2024-08-01,2024-08-01 13:00:00,1566.0,1599.0,1528.8,1565.82,-0.01,49.54,77717.09,-1
2024-08-01,2024-08-01 13:01:00,1565.82,1565.82,1565.63,1565.63,-0.01,49.54,77717.09,-1
2024-08-01,2024-08-01 13:02:00,1565.63,1565.63,1565.45,1565.45,-0.01,49.54,77717.09,-1
2024-08-01,2024-08-01 13:03:00,1565.45,1565.45,1565.27,1565.27,-0.01,49.54,77717.09,-1
2024-08-01,2024-08-01 13:04:00,1565.27,1565.27,1565.08,1565.08,-0.01,49.54,77717.09,-1
2024-08-01,2024-08-01 13:05:00,1565.08,1565.08,1564.9,1564.9,-0.01,49.54,77717.09,-1
2024-08-01,2024-08-01 13:06:00,1564.9,1564.9,1564.72,1564.72,-0.01,49.54,77717.09,-1
2024-08-01,2024-08-01 13:07:00,1564.72,1564.72,1564.53,1564.53,-0.01,49.54,77717.09,-1
2024-08-01,2024-08-01 13:08:00,1564.53,1564.53,1564.35,1564.35,-0.01,49.54,77717.09,-1
2024-08-01,2024-08-01 13:09:00,1564.35,1564.35,1564.17,1564.17,-0.01,49.54,77717.09,-1
2024-08-01,2024-08-01 13:10:00,1564.17,1564.17,1563.98,1563.98,-0.01,49.54,77717.09,-1
2024-08-01,2024-08-01 13:11:00,1563.98,1563.98,1563.8,1563.8,-0.01,49.54,77717.09,-1
2024-08-01,2024-08-01 13:12:00,1563.8,1563.8,1563.62,1563.62,-0.01,49.54,77717.09,-1
2024-08-01,2024-08-01 13:13:00,1563.62,1563.62,1563.43,1563.43,-0.01,49.54,77717.09,-1
2024-08-01,2024-08-01 13:14:00,1563.43,1563.43,1563.25,1563.25,-0.01,49.54,77717.09,-1
2024-08-01,2024-08-01 13:15:00,1563.25,1563.25,1563.07,1563.07,-0.01,49.54,77717.09,-1
2024-08-01,2024-08-01 13:16:00,1563.07,1563.07,1562.88,1562.88,-0.01,49.54,77717.09,-1
2024-08-01,2024-08-01 13:17:00,1562.88,1562.88,1562.7,1562.7,-0.01,49.54,77717.09,-1
2024-08-01,2024-08-01 13:18:00,1562.7,1562.7,1562.52,1562.52,-0.01,49.54,77717.09,-1
2024-08-01,2024-08-01 13:19:00,1562.52,1562.52,1562.33,1562.33,-0.01,49.54,77717.09,-1
2024-08-01,2024-08-01 13:20:00,1562.33,1562.33,1562.15,1562.15,-0.01,49.54,77717.09,-1
2024-08-01,2024-08-01 13:21:00,1562.15,1562.15,1561.97,1561.97,-0.01,49.54,77717.09,-1
2024-08-01,2024-08-01 13:22:00,1561.97,1561.97,1561.78,1561.78,-0.01,49.54,77717.09,-1
2024-08-01,2024-08-01 13:23:00,1561.78,1561.78,1561.6,1561.6,-0.01,49.54,77717.09,-1
2024-08-01,2024-08-01 13:24:00,1561.6,1561.6,1561.42,1561.42,-0.01,49.54,77717.09,-1
2024-08-01,2024-08-01 13:25:00,1561.42,1561.42,1561.23,1561.23,-0.01,49.54,77717.09,-1
2024-08-01,2024-08-01 13:26:00,1561.23,1561.23,1561.05,1561.05,-0.01,49.54,77717.09,-1
2024-08-01,2024-08-01 13:27:00,1561.05,1561.05,1560.87,1560.87,-0.01,49.54,77717.09,-1
2024-08-01,2024-08-01 13:28:00,1560.87,1560.87,1560.68,1560.68,-0.01,49.54,77717.09,-1
2024-08-01,2024-08-01 13:29:00,1560.68,1560.68,1560.5,1560.5,-0.01,49.54,77717.09,-1
2024-08-01,2024-08-01 13:30:00,1560.5,1560.5,1560.32,1560.32,-0.01,49.54,77717.09,-1
2024-08-01,2024-08-01 13:31:00,1560.32,1560.32,1560.13,1560.13,-0.01,49.54,77717.09,-1
2024-08-01,2024-08-01 13:32:00,1560.13,1560.13,1559.95,1559.95,-0.01,49.54,77717.09,-1
2024-08-01,2024-08-01 13:33:00,1559.95,1559.95,1559.77,1559.77,-0.01,49.54,77717.09,-1
2024-08-01,2024-08-01 13:34:00,1559.77,1559.77,1559.58,1559.58,-0.01,49.54,77717.09,-1
2024-08-01,2024-08-01 13:35:00,1559.58,1559.58,1559.4,1559.4,-0.01,49.54,77717.09,-1
2024-08-01,2024-08-01 13:36:00,1559.4,1559.4,1559.22,1559.22,-0.01,49.54,77717.09,-1
2024-08-01,2024-08-01 13:37:00,1559.22,1559.22,1559.03,1559.03,-0.01,49.54,77717.09,-1
2024-08-01,2024-08-01 13:38:00,1559.03,1559.03,1558.85,1558.85,-0.01,49.54,77717.09,-1
2024-08-01,2024-08-01 13:39:00,1558.85,1558.85,1558.67,1558.67,-0.01,49.54,77717.09,-1
2024-08-01,2024-08-01 13:40:00,1558.67,1558.67,1558.48,1558.48,-0.01,49.54,77717.09,-1
2024-08-01,2024-08-01 13:41:00,1558.48,1558.48,1558.3,1558.3,-0.01,49.54,77717.09,-1
2024-08-01,2024-08-01 13:42:00,1558.3,1558.3,1558.12,1558.12,-0.01,49.54,77717.09,-1
2024-08-01,2024-08-01 13:43:00,1558.12,1558.12,1557.93,1557.93,-0.01,49.54,77717.09,-1
2024-08-01,2024-08-01 13:44:00,1557.93,1557.93,1557.75,1557.75,-0.01,49.54,77717.09,-1
2024-08-01,2024-08-01 13:45:00,1557.75,1557.75,1557.57,1557.57,-0.01,49.54,77717.09,-1
2024-08-01,2024-08-01 13:46:00,1557.57,1557.57,1557.38,1557.38,-0.01,49.54,77717.09,-1
2024-08-01,2024-08-01 13:47:00,1557.38,1557.38,1557.2,1557.2,-0.01,49.54,77717.09,-1
2024-08-01,2024-08-01 13:48:00,1557.2,1557.2,1557.02,1557.02,-0.01,49.54,77717.09,-1
2024-08-01,2024-08-01 13:49:00,1557.02,1557.02,1556.83,1556.83,-0.01,49.54,77717.09,-1
2024-08-01,2024-08-01 13:50:00,1556.83,1556.83,1556.65,1556.65,-0.01,49.54,77717.09,-1
2024-08-01,2024-08-01 13:51:00,1556.65,1556.65,1556.47,1556.47,-0.01,49.54,77717.09,-1
2024-08-01,2024-08-01 13:52:00,1556.47,1556.47,1556.28,1556.28,-0.01,49.54,77717.09,-1
2024-08-01,2024-08-01 13:53:00,1556.28,1556.28,1556.1,1556.1,-0.01,49.54,77717.09,-1
2024-08-01,2024-08-01 13:54:00,1556.1,1556.1,1555.92,1555.92,-0.01,49.54,77717.09,-1
2024-08-01,2024-08-01 13:55:00,1555.92,1555.92,1555.73,1555.73,-0.01,49.54,77717.09,-1
2024-08-01,2024-08-01 13:56:00,1555.73,1555.73,1555.55,1555.55,-0.01,49.54,77717.09,-1
2024-08-01,2024-08-01 13:57:00,1555.55,1555.55,1555.37,1555.37,-0.01,49.54,77717.09,-1
2024-08-01,2024-08-01 13:58:00,1555.37,1555.37,1555.18,1555.18,-0.01,49.54,77717.09,-1
2024-08-01,2024-08-01 13:59:00,1555.18,1555.18,1555.0,1555.0,-0.01,49.54,77717.09,-1
2024-08-01,2024-08-01 14:00:00,1555.0,1555.0,1554.82,1554.82,-0.01,49.54,77717.09,-1
2024-08-01,2024-08-01 14:01:00,1554.82,1554.82,1554.63,1554.63,-0.01,49.54,77717.09,-1
2024-08-01,2024-08-01 14:02:00,1554.63,1554.63,1554.45,1554.45,-0.01,49.54,77717.09,-1
2024-08-01,2024-08-01 14:03:00,1554.45,1554.45,1554.27,1554.27,-0.01,49.54,77717.09,-1
2024-08-01,2024-08-01 14:04:00,1554.27,1554.27,1554.08,1554.08,-0.01,49.54,77717.09,-1
2024-08-01,2024-08-01 14:05:00,1554.08,1554.08,1553.9,1553.9,-0.01,49.54,77717.09,-1
2024-08-01,2024-08-01 14:06:00,1553.9,1553.9,1553.72,1553.72,-0.01,49.54,77717.09,-1
2024-08-01,2024-08-01 14:07:00,1553.72,1553.72,1553.53,1553.53,-0.01,49.54,77717.09,-1
2024-08-01,2024-08-01 14:08:00,1553.53,1553.53,1553.35,1553.35,-0.01,49.54,77717.09,-1
2024-08-01,2024-08-01 14:09:00,1553.35,1553.35,1553.17,1553.17,-0.01,49.54,77717.09,-1
2024-08-01,2024-08-01 14:10:00,1553.17,1553.17,1552.98,1552.98,-0.01,49.54,77717.09,-1
2024-08-01,2024-08-01 14:11:00,1552.98,1552.98,1552.8,1552.8,-0.01,49.54,77717.09,-1
2024-08-01,2024-08-01 14:12:00,1552.8,1552.8,1552.62,1552.62,-0.01,49.54,77717.09,-1
2024-08-01,2024-08-01 14:13:00,1552.62,1552.62,1552.43,1552.43,-0.01,49.54,77717.09,-1
2024-08-01,2024-08-01 14:14:00,1552.43,1552.43,1552.25,1552.25,-0.01,49.54,77717.09,-1
2024-08-01,2024-08-01 14:15:00,1552.25,1552.25,1552.07,1552.07,-0.01,49.54,77717.09,-1
2024-08-01,2024-08-01 14:16:00,1552.07,1552.07,1551.88,1551.88,-0.01,49.54,77717.09,-1
2024-08-01,2024-08-01 14:17:00,1551.88,1551.88,1551.7,1551.7,-0.01,49.54,77717.09,-1
2024-08-01,2024-08-01 14:18:00,1551.7,1551.7,1551.52,1551.52,-0.01,49.54,77717.09,-1
2024-08-01,2024-08-01 14:19:00,1551.52,1551.52,1551.33,1551.33,-0.01,49.54,77717.09,-1
2024-08-01,2024-08-01 14:20:00,1551.33,1551.33,1551.15,1551.15,-0.01,49.54,77717.09,-1
2024-08-01,2024-08-01 14:21:00,1551.15,1551.15,1550.97,1550.97,-0.01,49.54,77717.09,-1
2024-08-01,2024-08-01 14:22:00,1550.97,1550.97,1550.78,1550.78,-0.01,49.54,77717.09,-1
2024-08-01,2024-08-01 14:23:00,1550.78,1550.78,1550.6,1550.6,-0.01,49.54,77717.09,-1
2024-08-01,2024-08-01 14:24:00,1550.6,1550.6,1550.42,1550.42,-0.01,49.54,77717.09,-1
2024-08-01,2024-08-01 14:25:00,1550.42,1550.42,1550.23,1550.23,-0.01,49.54,77717.09,-1
2024-08-01,2024-08-01 14:26:00,1550.23,1550.23,1550.05,1550.05,-0.01,49.54,77717.09,-1
2024-08-01,2024-08-01 14:27:00,1550.05,1550.05,1549.87,1549.87,-0.01,49.54,77717.09,-1
2024-08-01,2024-08-01 14:28:00,1549.87,1549.87,1549.68,1549.68,-0.01,49.54,77717.09,-1
2024-08-01,2024-08-01 14:29:00,1549.68,1549.68,1549.5,1549.5,-0.01,49.54,77717.09,-1
2024-08-01,2024-08-01 14:30:00,1549.5,1549.5,1549.32,1549.32,-0.01,49.54,77717.09,-1
2024-08-01,2024-08-01 14:31:00,1549.32,1549.32,1549.13,1549.13,-0.01,49.54,77717.09,-1
2024-08-01,2024-08-01 14:32:00,1549.13,1549.13,1548.95,1548.95,-0.01,49.54,77717.09,-1
2024-08-01,2024-08-01 14:33:00,1548.95,1548.95,1548.77,1548.77,-0.01,49.54,77717.09,-1
2024-08-01,2024-08-01 14:34:00,1548.77,1548.77,1548.58,1548.58,-0.01,49.54,77717.09,-1
2024-08-01,2024-08-01 14:35:00,1548.58,1548.58,1548.4,1548.4,-0.01,49.54,77717.09,-1
2024-08-01,2024-08-01 14:36:00,1548.4,1548.4,1548.22,1548.22,-0.01,49.54,77717.09,-1
2024-08-01,2024-08-01 14:37:00,1548.22,1548.22,1548.03,1548.03,-0.01,49.54,77717.09,-1
2024-08-01,2024-08-01 14:38:00,1548.03,1548.03,1547.85,1547.85,-0.01,49.54,77717.09,-1
2024-08-01,2024-08-01 14:39:00,1547.85,1547.85,1547.67,1547.67,-0.01,49.54,77717.09,-1
2024-08-01,2024-08-01 14:40:00,1547.67,1547.67,1547.48,1547.48,-0.01,49.54,77717.09,-1
2024-08-01,2024-08-01 14:41:00,1547.48,1547.48,1547.3,1547.3,-0.01,49.54,77717.09,-1
2024-08-01,2024-08-01 14:42:00,1547.3,1547.3,1547.12,1547.12,-0.01,49.54,77717.09,-1
2024-08-01,2024-08-01 14:43:00,1547.12,1547.12,1546.93,1546.93,-0.01,49.54,77717.09,-1
2024-08-01,2024-08-01 14:44:00,1546.93,1546.93,1546.75,1546.75,-0.01,49.54,77717.09,-1
2024-08-01,2024-08-01 14:45:00,1546.75,1546.75,1546.57,1546.57,-0.01,49.54,77717.09,-1
2024-08-01,2024-08-01 14:46:00,1546.57,1546.57,1546.38,1546.38,-0.01,49.54,77717.09,-1
2024-08-01,2024-08-01 14:47:00,1546.38,1546.38,1546.2,1546.2,-0.01,49.54,77717.09,-1
2024-08-01,2024-08-01 14:48:00,1546.2,1546.2,1546.02,1546.02,-0.01,49.54,77717.09,-1
2024-08-01,2024-08-01 14:49:00,1546.02,1546.02,1545.83,1545.83,-0.01,49.54,77717.09,-1
2024-08-01,2024-08-01 14:50:00,1545.83,1545.83,1545.65,1545.65,-0.01,49.54,77717.09,-1
2024-08-01,2024-08-01 14:51:00,1545.65,1545.65,1545.47,1545.47,-0.01,49.54,77717.09,-1
2024-08-01,2024-08-01 14:52:00,1545.47,1545.47,1545.28,1545.28,-0.01,49.54,77717.09,-1
2024-08-01,2024-08-01 14:53:00,1545.28,1545.28,1545.1,1545.1,-0.01,49.54,77717.09,-1
2024-08-01,2024-08-01 14:54:00,1545.1,1545.1,1544.92,1544.92,-0.01,49.54,77717.09,-1
2024-08-01,2024-08-01 14:55:00,1544.92,1544.92,1544.73,1544.73,-0.01,49.54,77717.09,-1
2024-08-01,2024-08-01 14:56:00,1544.73,1544.73,1544.55,1544.55,-0.01,49.54,77717.09,-1
2024-08-01,2024-08-01 14:57:00,1544.55,1544.55,1544.37,1544.37,-0.01,49.54,77717.09,-1
2024-08-01,2024-08-01 14:58:00,1544.37,1544.37,1544.18,1544.18,-0.01,49.54,77717.09,-1
2024-08-01,2024-08-01 14:59:00,1544.18,1544.18,1544.0,1544.0,-0.01,49.54,77717.09,-1
2024-08-01,2024-08-01 15:00:00,1544.0,1599.0,1528.8,1544.0,0.0,49.54,77717.09,0
2024-08-05,2024-08-05 11:00:00,1544.0,1562.66,1540.4,1544.03,0.0,28.72,44483.98,1
2024-08-05,2024-08-05 11:01:00,1544.03,1544.05,1544.03,1544.05,0.0,28.72,44483.98,1
2024-08-05,2024-08-05 11:02:00,1544.05,1544.08,1544.05,1544.08,0.0,28.72,44483.98,1
2024-08-05,2024-08-05 11:03:00,1544.08,1544.1,1544.08,1544.1,0.0,28.72,44483.98,1
2024-08-05,2024-08-05 11:04:00,1544.1,1544.12,1544.1,1544.12,0.0,28.72,44483.98,1
2024-08-05,2024-08-05 11:05:00,1544.12,1544.15,1544.12,1544.15,0.0,28.72,44483.98,1
2024-08-05,2024-08-05 11:06:00,1544.15,1544.17,1544.15,1544.17,0.0,28.72,44483.98,1
2024-08-05,2024-08-05 11:07:00,1544.17,1544.2,1544.17,1544.2,0.0,28.72,44483.98,1
2024-08-05,2024-08-05 11:08:00,1544.2,1544.22,1544.2,1544.22,0.0,28.72,44483.98,1
2024-08-05,2024-08-05 11:09:00,1544.22,1544.25,1544.22,1544.25,0.0,28.72,44483.98,1
2024-08-05,2024-08-05 11:10:00,1544.25,1544.28,1544.25,1544.28,0.0,28.72,44483.98,1
2024-08-05,2024-08-05 11:11:00,1544.28,1544.3,1544.28,1544.3,0.0,28.72,44483.98,1
2024-08-05,2024-08-05 11:12:00,1544.3,1544.33,1544.3,1544.33,0.0,28.72,44483.98,1
2024-08-05,2024-08-05 11:13:00,1544.33,1544.35,1544.33,1544.35,0.0,28.72,44483.98,1
2024-08-05,2024-08-05 11:14:00,1544.35,1544.38,1544.35,1544.38,0.0,28.72,44483.98,1
2024-08-05,2024-08-05 11:15:00,1544.38,1544.4,1544.38,1544.4,0.0,28.72,44483.98,1
2024-08-05,2024-08-05 11:16:00,1544.4,1544.42,1544.4,1544.42,0.0,28.72,44483.98,1
2024-08-05,2024-08-05 11:17:00,1544.42,1544.45,1544.42,1544.45,0.0,28.72,44483.98,1
2024-08-05,2024-08-05 11:18:00,1544.45,1544.47,1544.45,1544.47,0.0,28.72,44483.98,1
2024-08-05,2024-08-05 11:19:00,1544.47,1544.5,1544.47,1544.5,0.0,28.72,44483.98,1
2024-08-05,2024-08-05 11:20:00,1544.5,1544.53,1544.5,1544.53,0.0,28.72,44483.98,1
2024-08-05,2024-08-05 11:21:00,1544.53,1544.55,1544.53,1544.55,0.0,28.72,44483.98,1
2024-08-05,2024-08-05 11:22:00,1544.55,1544.58,1544.55,1544.58,0.0,28.72,44483.98,1
2024-08-05,2024-08-05 11:23:00,1544.58,1544.6,1544.58,1544.6,0.0,28.72,44483.98,1
2024-08-05,2024-08-05 11:24:00,1544.6,1544.62,1544.6,1544.62,0.0,28.72,44483.98,1
2024-08-05,2024-08-05 11:25:00,1544.62,1544.65,1544.62,1544.65,0.0,28.72,44483.98,1
2024-08-05,2024-08-05 11:26:00,1544.65,1544.67,1544.65,1544.67,0.0,28.72,44483.98,1
2024-08-05,2024-08-05 11:27:00,1544.67,1544.7,1544.67,1544.7,0.0,28.72,44483.98,1
2024-08-05,2024-08-05 11:28:00,1544.7,1544.72,1544.7,1544.72,0.0,28.72,44483.98,1
2024-08-05,2024-08-05 11:29:00,1544.72,1544.75,1544.72,1544.75,0.0,28.72,44483.98,1
2024-08-05,2024-08-05 11:30:00,1544.75,1544.78,1544.75,1544.78,0.0,28.72,44483.98,1
2024-08-05,2024-08-05 11:31:00,1544.78,1544.8,1544.78,1544.8,0.0,28.72,44483.98,1
2024-08-05,2024-08-05 11:32:00,1544.8,1544.83,1544.8,1544.83,0.0,28.72,44483.98,1
2024-08-05,2024-08-05 11:33:00,1544.83,1544.85,1544.83,1544.85,0.0,28.72,44483.98,1
2024-08-05,2024-08-05 11:34:00,1544.85,1544.88,1544.85,1544.88,0.0,28.72,44483.98,1
2024-08-05,2024-08-05 11:35:00,1544.88,1544.9,1544.88,1544.9,0.0,28.72,44483.98,1
2024-08-05,2024-08-05 11:36:00,1544.9,1544.92,1544.9,1544.92,0.0,28.72,44483.98,1
2024-08-05,2024-08-05 11:37:00,1544.92,1544.95,1544.92,1544.95,0.0,28.72,44483.98,1
2024-08-05,2024-08-05 11:38:00,1544.95,1544.97,1544.95,1544.97,0.0,28.72,44483.98,1
2024-08-05,2024-08-05 11:39:00,1544.97,1545.0,1544.97,1545.0,0.0,28.72,44483.98,1
2024-08-05,2024-08-05 11:40:00,1545.0,1545.03,1545.0,1545.03,0.0,28.72,44483.98,1
2024-08-05,2024-08-05 11:41:00,1545.03,1545.05,1545.03,1545.05,0.0,28.72,44483.98,1
2024-08-05,2024-08-05 11:42:00,1545.05,1545.08,1545.05,1545.08,0.0,28.72,44483.98,1
2024-08-05,2024-08-05 11:43:00,1545.08,1545.1,1545.08,1545.1,0.0,28.72,44483.98,1
2024-08-05,2024-08-05 11:44:00,1545.1,1545.12,1545.1,1545.12,0.0,28.72,44483.98,1
2024-08-05,2024-08-05 11:45:00,1545.12,1545.15,1545.12,1545.15,0.0,28.72,44483.98,1
2024-08-05,2024-08-05 11:46:00,1545.15,1545.17,1545.15,1545.17,0.0,28.72,44483.98,1
2024-08-05,2024-08-05 11:47:00,1545.17,1545.2,1545.17,1545.2,0.0,28.72,44483.98,1
2024-08-05,2024-08-05 11:48:00,1545.2,1545.22,1545.2,1545.22,0.0,28.72,44483.98,1
2024-08-05,2024-08-05 11:49:00,1545.22,1545.25,1545.22,1545.25,0.0,28.72,44483.98,1
2024-08-05,2024-08-05 11:50:00,1545.25,1545.28,1545.25,1545.28,0.0,28.72,44483.98,1
2024-08-05,2024-08-05 11:51:00,1545.28,1545.3,1545.28,1545.3,0.0,28.72,44483.98,1
2024-08-05,2024-08-05 11:52:00,1545.3,1545.33,1545.3,1545.33,0.0,28.72,44483.98,1
2024-08-05,2024-08-05 11:53:00,1545.33,1545.35,1545.33,1545.35,0.0,28.72,44483.98,1
2024-08-05,2024-08-05 11:54:00,1545.35,1545.38,1545.35,1545.38,0.0,28.72,44483.98,1
2024-08-05,2024-08-05 11:55:00,1545.38,1545.4,1545.38,1545.4,0.0,28.72,44483.98,1
2024-08-05,2024-08-05 11:56:00,1545.4,1545.42,1545.4,1545.42,0.0,28.72,44483.98,1
2024-08-05,2024-08-05 11:57:00,1545.42,1545.45,1545.42,1545.45,0.0,28.72,44483.98,1
2024-08-05,2024-08-05 11:58:00,1545.45,1545.47,1545.45,1545.47,0.0,28.72,44483.98,1
2024-08-05,2024-08-05 11:59:00,1545.47,1545.5,1545.47,1545.5,0.0,28.72,44483.98,1
2024-08-05,2024-08-05 12:00:00,1545.5,1545.53,1545.5,1545.53,0.0,28.72,44483.98,1
2024-08-05,2024-08-05 12:01:00,1545.53,1545.55,1545.53,1545.55,0.0,28.72,44483.98,1
2024-08-05,2024-08-05 12:02:00,1545.55,1545.58,1545.55,1545.58,0.0,28.72,44483.98,1
2024-08-05,2024-08-05 12:03:00,1545.58,1545.6,1545.58,1545.6,0.0,28.72,44483.98,1
2024-08-05,2024-08-05 12:04:00,1545.6,1545.62,1545.6,1545.62,0.0,28.72,44483.98,1
2024-08-05,2024-08-05 12:05:00,1545.62,1545.65,1545.62,1545.65,0.0,28.72,44483.98,1
2024-08-05,2024-08-05 12:06:00,1545.65,1545.67,1545.65,1545.67,0.0,28.72,44483.98,1
2024-08-05,2024-08-05 12:07:00,1545.67,1545.7,1545.67,1545.7,0.0,28.72,44483.98,1
2024-08-05,2024-08-05 12:08:00,1545.7,1545.72,1545.7,1545.72,0.0,28.72,44483.98,1
2024-08-05,2024-08-05 12:09:00,1545.72,1545.75,1545.72,1545.75,0.0,28.72,44483.98,1
2024-08-05,2024-08-05 12:10:00,1545.75,1545.78,1545.75,1545.78,0.0,28.72,44483.98,1
2024-08-05,2024-08-05 12:11:00,1545.78,1545.8,1545.78,1545.8,0.0,28.72,44483.98,1
2024-08-05,2024-08-05 12:12:00,1545.8,1545.83,1545.8,1545.83,0.0,28.72,44483.98,1
2024-08-05,2024-08-05 12:13:00,1545.83,1545.85,1545.83,1545.85,0.0,28.72,44483.98,1
2024-08-05,2024-08-05 12:14:00,1545.85,1545.88,1545.85,1545.88,0.0,28.72,44483.98,1
2024-08-05,2024-08-05 12:15:00,1545.88,1545.9,1545.88,1545.9,0.0,28.72,44483.98,1
2024-08-05,2024-08-05 12:16:00,1545.9,1545.92,1545.9,1545.92,0.0,28.72,44483.98,1
2024-08-05,2024-08-05 12:17:00,1545.92,1545.95,1545.92,1545.95,0.0,28.72,44483.98,1
2024-08-05,2024-08-05 12:18:00,1545.95,1545.97,1545.95,1545.97,0.0,28.72,44483.98,1
2024-08-05,2024-08-05 12:19:00,1545.97,1546.0,1545.97,1546.0,0.0,28.72,44483.98,1
2024-08-05,2024-08-05 12:20:00,1546.0,1546.03,1546.0,1546.03,0.0,28.72,44483.98,1
2024-08-05,2024-08-05 12:21:00,1546.03,1546.05,1546.03,1546.05,0.0,28.72,44483.98,1
2024-08-05,2024-08-05 12:22:00,1546.05,1546.08,1546.05,1546.08,0.0,28.72,44483.98,1
2024-08-05,2024-08-05 12:23:00,1546.08,1546.1,1546.08,1546.1,0.0,28.72,44483.98,1
2024-08-05,2024-08-05 12:24:00,1546.1,1546.12,1546.1,1546.12,0.0,28.72,44483.98,1
2024-08-05,2024-08-05 12:25:00,1546.12,1546.15,1546.12,1546.15,0.0,28.72,44483.98,1
2024-08-05,2024-08-05 12:26:00,1546.15,1546.17,1546.15,1546.17,0.0,28.72,44483.98,1
2024-08-05,2024-08-05 12:27:00,1546.17,1546.2,1546.17,1546.2,0.0,28.72,44483.98,1
2024-08-05,2024-08-05 12:28:00,1546.2,1546.22,1546.2,1546.22,0.0,28.72,44483.98,1
2024-08-05,2024-08-05 12:29:00,1546.22,1546.25,1546.22,1546.25,0.0,28.72,44483.98,1
2024-08-05,2024-08-05 12:30:00,1546.25,1546.28,1546.25,1546.28,0.0,28.72,44483.98,1
2024-08-05,2024-08-05 12:31:00,1546.28,1546.3,1546.28,1546.3,0.0,28.72,44483.98,1
2024-08-05,2024-08-05 12:32:00,1546.3,1546.33,1546.3,1546.33,0.0,28.72,44483.98,1
2024-08-05,2024-08-05 12:33:00,1546.33,1546.35,1546.33,1546.35,0.0,28.72,44483.98,1
2024-08-05,2024-08-05 12:34:00,1546.35,1546.38,1546.35,1546.38,0.0,28.72,44483.98,1
2024-08-05,2024-08-05 12:35:00,1546.38,1546.4,1546.38,1546.4,0.0,28.72,44483.98,1
2024-08-05,2024-08-05 12:36:00,1546.4,1546.42,1546.4,1546.42,0.0,28.72,44483.98,1
2024-08-05,2024-08-05 12:37:00,1546.42,1546.45,1546.42,1546.45,0.0,28.72,44483.98,1
2024-08-05,2024-08-05 12:38:00,1546.45,1546.47,1546.45,1546.47,0.0,28.72,44483.98,1
2024-08-05,2024-08-05 12:39:00,1546.47,1546.5,1546.47,1546.5,0.0,28.72,44483.98,1
2024-08-05,2024-08-05 12:40:00,1546.5,1546.53,1546.5,1546.53,0.0,28.72,44483.98,1
2024-08-05,2024-08-05 12:41:00,1546.53,1546.55,1546.53,1546.55,0.0,28.72,44483.98,1
2024-08-05,2024-08-05 12:42:00,1546.55,1546.58,1546.55,1546.58,0.0,28.72,44483.98,1
2024-08-05,2024-08-05 12:43:00,1546.58,1546.6,1546.58,1546.6,0.0,28.72,44483.98,1
2024-08-05,2024-08-05 12:44:00,1546.6,1546.62,1546.6,1546.62,0.0,28.72,44483.98,1
2024-08-05,2024-08-05 12:45:00,1546.62,1546.65,1546.62,1546.65,0.0,28.72,44483.98,1
2024-08-05,2024-08-05 12:46:00,1546.65,1546.67,1546.65,1546.67,0.0,28.72,44483.98,1
2024-08-05,2024-08-05 12:47:00,1546.67,1546.7,1546.67,1546.7,0.0,28.72,44483.98,1
2024-08-05,2024-08-05 12:48:00,1546.7,1546.72,1546.7,1546.72,0.0,28.72,44483.98,1
2024-08-05,2024-08-05 12:49:00,1546.72,1546.75,1546.72,1546.75,0.0,28.72,44483.98,1
2024-08-05,2024-08-05 12:50:00,1546.75,1546.78,1546.75,1546.78,0.0,28.72,44483.98,1
2024-08-05,2024-08-05 12:51:00,1546.78,1546.8,1546.78,1546.8,0.0,28.72,44483.98,1
2024-08-05,2024-08-05 12:52:00,1546.8,1546.83,1546.8,1546.83,0.0,28.72,44483.98,1
2024-08-05,2024-08-05 12:53:00,1546.83,1546.85,1546.83,1546.85,0.0,28.72,44483.98,1
2024-08-05,2024-08-05 12:54:00,1546.85,1546.88,1546.85,1546.88,0.0,28.72,44483.98,1
2024-08-05,2024-08-05 12:55:00,1546.88,1546.9,1546.88,1546.9,0.0,28.72,44483.98,1
2024-08-05,2024-08-05 12:56:00,1546.9,1546.92,1546.9,1546.92,0.0,28.72,44483.98,1
2024-08-05,2024-08-05 12:57:00,1546.92,1546.95,1546.92,1546.95,0.0,28.72,44483.98,1
2024-08-05,2024-08-05 12:58:00,1546.95,1546.97,1546.95,1546.97,0.0,28.72,44483.98,1
2024-08-05,2024-08-05 12:59:00,1546.97,1547.0,1546.97,1547.0,0.0,28.72,44483.98,1
2024-08-05,2024-08-05 13:00:00,1547.0,1606.2,1532.0,1547.03,0.0,28.72,44483.98,1
2024-08-05,2024-08-05 13:01:00,1547.03,1547.05,1547.03,1547.05,0.0,28.72,44483.98,1
2024-08-05,2024-08-05 13:02:00,1547.05,1547.08,1547.05,1547.08,0.0,28.72,44483.98,1
2024-08-05,2024-08-05 13:03:00,1547.08,1547.1,1547.08,1547.1,0.0,28.72,44483.98,1
2024-08-05,2024-08-05 13:04:00,1547.1,1547.12,1547.1,1547.12,0.0,28.72,44483.98,1
2024-08-05,2024-08-05 13:05:00,1547.12,1547.15,1547.12,1547.15,0.0,28.72,44483.98,1
2024-08-05,2024-08-05 13:06:00,1547.15,1547.17,1547.15,1547.17,0.0,28.72,44483.98,1
2024-08-05,2024-08-05 13:07:00,1547.17,1547.2,1547.17,1547.2,0.0,28.72,44483.98,1
2024-08-05,2024-08-05 13:08:00,1547.2,1547.22,1547.2,1547.22,0.0,28.72,44483.98,1
2024-08-05,2024-08-05 13:09:00,1547.22,1547.25,1547.22,1547.25,0.0,28.72,44483.98,1
2024-08-05,2024-08-05 13:10:00,1547.25,1547.28,1547.25,1547.28,0.0,28.72,44483.98,1
2024-08-05,2024-08-05 13:11:00,1547.28,1547.3,1547.28,1547.3,0.0,28.72,44483.98,1
2024-08-05,2024-08-05 13:12:00,1547.3,1547.33,1547.3,1547.33,0.0,28.72,44483.98,1
2024-08-05,2024-08-05 13:13:00,1547.33,1547.35,1547.33,1547.35,0.0,28.72,44483.98,1
2024-08-05,2024-08-05 13:14:00,1547.35,1547.38,1547.35,1547.38,0.0,28.72,44483.98,1
2024-08-05,2024-08-05 13:15:00,1547.38,1547.4,1547.38,1547.4,0.0,28.72,44483.98,1
2024-08-05,2024-08-05 13:16:00,1547.4,1547.42,1547.4,1547.42,0.0,28.72,44483.98,1
2024-08-05,2024-08-05 13:17:00,1547.42,1547.45,1547.42,1547.45,0.0,28.72,44483.98,1
2024-08-05,2024-08-05 13:18:00,1547.45,1547.47,1547.45,1547.47,0.0,28.72,44483.98,1
2024-08-05,2024-08-05 13:19:00,1547.47,1547.5,1547.47,1547.5,0.0,28.72,44483.98,1
2024-08-05,2024-08-05 13:20:00,1547.5,1547.53,1547.5,1547.53,0.0,28.72,44483.98,1
2024-08-05,2024-08-05 13:21:00,1547.53,1547.55,1547.53,1547.55,0.0,28.72,44483.98,1
2024-08-05,2024-08-05 13:22:00,1547.55,1547.58,1547.55,1547.58,0.0,28.72,44483.98,1
2024-08-05,2024-08-05 13:23:00,1547.58,1547.6,1547.58,1547.6,0.0,28.72,44483.98,1
2024-08-05,2024-08-05 13:24:00,1547.6,1547.62,1547.6,1547.62,0.0,28.72,44483.98,1
2024-08-05,2024-08-05 13:25:00,1547.62,1547.65,1547.62,1547.65,0.0,28.72,44483.98,1
2024-08-05,2024-08-05 13:26:00,1547.65,1547.67,1547.65,1547.67,0.0,28.72,44483.98,1
2024-08-05,2024-08-05 13:27:00,1547.67,1547.7,1547.67,1547.7,0.0,28.72,44483.98,1
2024-08-05,2024-08-05 13:28:00,1547.7,1547.72,1547.7,1547.72,0.0,28.72,44483.98,1
2024-08-05,2024-08-05 13:29:00,1547.72,1547.75,1547.72,1547.75,0.0,28.72,44483.98,1
2024-08-05,2024-08-05 13:30:00,1547.75,1547.78,1547.75,1547.78,0.0,28.72,44483.98,1
2024-08-05,2024-08-05 13:31:00,1547.78,1547.8,1547.78,1547.8,0.0,28.72,44483.98,1
2024-08-05,2024-08-05 13:32:00,1547.8,1547.83,1547.8,1547.83,0.0,28.72,44483.98,1
2024-08-05,2024-08-05 13:33:00,1547.83,1547.85,1547.83,1547.85,0.0,28.72,44483.98,1
2024-08-05,2024-08-05 13:34:00,1547.85,1547.88,1547.85,1547.88,0.0,28.72,44483.98,1
2024-08-05,2024-08-05 13:35:00,1547.88,1547.9,1547.88,1547.9,0.0,28.72,44483.98,1
2024-08-05,2024-08-05 13:36:00,1547.9,1547.92,1547.9,1547.92,0.0,28.72,44483.98,1
2024-08-05,2024-08-05 13:37:00,1547.92,1547.95,1547.92,1547.95,0.0,28.72,44483.98,1
2024-08-05,2024-08-05 13:38:00,1547.95,1547.97,1547.95,1547.97,0.0,28.72,44483.98,1
2024-08-05,2024-08-05 13:39:00,1547.97,1548.0,1547.97,1548.0,0.0,28.72,44483.98,1
2024-08-05,2024-08-05 13:40:00,1548.0,1548.03,1548.0,1548.03,0.0,28.72,44483.98,1
2024-08-05,2024-08-05 13:41:00,1548.03,1548.05,1548.03,1548.05,0.0,28.72,44483.98,1
2024-08-05,2024-08-05 13:42:00,1548.05,1548.08,1548.05,1548.08,0.0,28.72,44483.98,1
2024-08-05,2024-08-05 13:43:00,1548.08,1548.1,1548.08,1548.1,0.0,28.72,44483.98,1
2024-08-05,2024-08-05 13:44:00,1548.1,1548.12,1548.1,1548.12,0.0,28.72,44483.98,1
2024-08-05,2024-08-05 13:45:00,1548.12,1548.15,1548.12,1548.15,0.0,28.72,44483.98,1
2024-08-05,2024-08-05 13:46:00,1548.15,1548.17,1548.15,1548.17,0.0,28.72,44483.98,1
2024-08-05,2024-08-05 13:47:00,1548.17,1548.2,1548.17,1548.2,0.0,28.72,44483.98,1
2024-08-05,2024-08-05 13:48:00,1548.2,1548.22,1548.2,1548.22,0.0,28.72,44483.98,1
2024-08-05,2024-08-05 13:49:00,1548.22,1548.25,1548.22,1548.25,0.0,28.72,44483.98,1
2024-08-05,2024-08-05 13:50:00,1548.25,1548.28,1548.25,1548.28,0.0,28.72,44483.98,1
2024-08-05,2024-08-05 13:51:00,1548.28,1548.3,1548.28,1548.3,0.0,28.72,44483.98,1
2024-08-05,2024-08-05 13:52:00,1548.3,1548.33,1548.3,1548.33,0.0,28.72,44483.98,1
2024-08-05,2024-08-05 13:53:00,1548.33,1548.35,1548.33,1548.35,0.0,28.72,44483.98,1
2024-08-05,2024-08-05 13:54:00,1548.35,1548.38,1548.35,1548.38,0.0,28.72,44483.98,1
2024-08-05,2024-08-05 13:55:00,1548.38,1548.4,1548.38,1548.4,0.0,28.72,44483.98,1
2024-08-05,2024-08-05 13:56:00,1548.4,1548.42,1548.4,1548.42,0.0,28.72,44483.98,1
2024-08-05,2024-08-05 13:57:00,1548.42,1548.45,1548.42,1548.45,0.0,28.72,44483.98,1
2024-08-05,2024-08-05 13:58:00,1548.45,1548.47,1548.45,1548.47,0.0,28.72,44483.98,1
2024-08-05,2024-08-05 13:59:00,1548.47,1548.5,1548.47,1548.5,0.0,28.72,44483.98,1
2024-08-05,2024-08-05 14:00:00,1548.5,1548.53,1548.5,1548.53,0.0,28.72,44483.98,1
2024-08-05,2024-08-05 14:01:00,1548.53,1548.55,1548.53,1548.55,0.0,28.72,44483.98,1
2024-08-05,2024-08-05 14:02:00,1548.55,1548.58,1548.55,1548.58,0.0,28.72,44483.98,1
2024-08-05,2024-08-05 14:03:00,1548.58,1548.6,1548.58,1548.6,0.0,28.72,44483.98,1
2024-08-05,2024-08-05 14:04:00,1548.6,1548.62,1548.6,1548.62,0.0,28.72,44483.98,1
2024-08-05,2024-08-05 14:05:00,1548.62,1548.65,1548.62,1548.65,0.0,28.72,44483.98,1
2024-08-05,2024-08-05 14:06:00,1548.65,1548.67,1548.65,1548.67,0.0,28.72,44483.98,1
2024-08-05,2024-08-05 14:07:00,1548.67,1548.7,1548.67,1548.7,0.0,28.72,44483.98,1
2024-08-05,2024-08-05 14:08:00,1548.7,1548.72,1548.7,1548.72,0.0,28.72,44483.98,1
2024-08-05,2024-08-05 14:09:00,1548.72,1548.75,1548.72,1548.75,0.0,28.72,44483.98,1
2024-08-05,2024-08-05 14:10:00,1548.75,1548.78,1548.75,1548.78,0.0,28.72,44483.98,1
2024-08-05,2024-08-05 14:11:00,1548.78,1548.8,1548.78,1548.8,0.0,28.72,44483.98,1
2024-08-05,2024-08-05 14:12:00,1548.8,1548.83,1548.8,1548.83,0.0,28.72,44483.98,1
2024-08-05,2024-08-05 14:13:00,1548.83,1548.85,1548.83,1548.85,0.0,28.72,44483.98,1
2024-08-05,2024-08-05 14:14:00,1548.85,1548.88,1548.85,1548.88,0.0,28.72,44483.98,1
2024-08-05,2024-08-05 14:15:00,1548.88,1548.9,1548.88,1548.9,0.0,28.72,44483.98,1
2024-08-05,2024-08-05 14:16:00,1548.9,1548.92,1548.9,1548.92,0.0,28.72,44483.98,1
2024-08-05,2024-08-05 14:17:00,1548.92,1548.95,1548.92,1548.95,0.0,28.72,44483.98,1
2024-08-05,2024-08-05 14:18:00,1548.95,1548.97,1548.95,1548.97,0.0,28.72,44483.98,1
2024-08-05,2024-08-05 14:19:00,1548.97,1549.0,1548.97,1549.0,0.0,28.72,44483.98,1
2024-08-05,2024-08-05 14:20:00,1549.0,1549.03,1549.0,1549.03,0.0,28.72,44483.98,1
2024-08-05,2024-08-05 14:21:00,1549.03,1549.05,1549.03,1549.05,0.0,28.72,44483.98,1
2024-08-05,2024-08-05 14:22:00,1549.05,1549.08,1549.05,1549.08,0.0,28.72,44483.98,1
2024-08-05,2024-08-05 14:23:00,1549.08,1549.1,1549.08,1549.1,0.0,28.72,44483.98,1
2024-08-05,2024-08-05 14:24:00,1549.1,1549.12,1549.1,1549.12,0.0,28.72,44483.98,1
2024-08-05,2024-08-05 14:25:00,1549.12,1549.15,1549.12,1549.15,0.0,28.72,44483.98,1
2024-08-05,2024-08-05 14:26:00,1549.15,1549.17,1549.15,1549.17,0.0,28.72,44483.98,1
2024-08-05,2024-08-05 14:27:00,1549.17,1549.2,1549.17,1549.2,0.0,28.72,44483.98,1
2024-08-05,2024-08-05 14:28:00,1549.2,1549.22,1549.2,1549.22,0.0,28.72,44483.98,1
2024-08-05,2024-08-05 14:29:00,1549.22,1549.25,1549.22,1549.25,0.0,28.72,44483.98,1
2024-08-05,2024-08-05 14:30:00,1549.25,1549.28,1549.25,1549.28,0.0,28.72,44483.98,1
2024-08-05,2024-08-05 14:31:00,1549.28,1549.3,1549.28,1549.3,0.0,28.72,44483.98,1
2024-08-05,2024-08-05 14:32:00,1549.3,1549.33,1549.3,1549.33,0.0,28.72,44483.98,1
2024-08-05,2024-08-05 14:33:00,1549.33,1549.35,1549.33,1549.35,0.0,28.72,44483.98,1
2024-08-05,2024-08-05 14:34:00,1549.35,1549.38,1549.35,1549.38,0.0,28.72,44483.98,1
2024-08-05,2024-08-05 14:35:00,1549.38,1549.4,1549.38,1549.4,0.0,28.72,44483.98,1
2024-08-05,2024-08-05 14:36:00,1549.4,1549.42,1549.4,1549.42,0.0,28.72,44483.98,1
2024-08-05,2024-08-05 14:37:00,1549.42,1549.45,1549.42,1549.45,0.0,28.72,44483.98,1
2024-08-05,2024-08-05 14:38:00,1549.45,1549.47,1549.45,1549.47,0.0,28.72,44483.98,1
2024-08-05,2024-08-05 14:39:00,1549.47,1549.5,1549.47,1549.5,0.0,28.72,44483.98,1
2024-08-05,2024-08-05 14:40:00,1549.5,1549.53,1549.5,1549.53,0.0,28.72,44483.98,1
2024-08-05,2024-08-05 14:41:00,1549.53,1549.55,1549.53,1549.55,0.0,28.72,44483.98,1
2024-08-05,2024-08-05 14:42:00,1549.55,1549.58,1549.55,1549.58,0.0,28.72,44483.98,1
2024-08-05,2024-08-05 14:43:00,1549.58,1549.6,1549.58,1549.6,0.0,28.72,44483.98,1
2024-08-05,2024-08-05 14:44:00,1549.6,1549.62,1549.6,1549.62,0.0,28.72,44483.98,1
2024-08-05,2024-08-05 14:45:00,1549.62,1549.65,1549.62,1549.65,0.0,28.72,44483.98,1
2024-08-05,2024-08-05 14:46:00,1549.65,1549.67,1549.65,1549.67,0.0,28.72,44483.98,1
2024-08-05,2024-08-05 14:47:00,1549.67,1549.7,1549.67,1549.7,0.0,28.72,44483.98,1
2024-08-05,2024-08-05 14:48:00,1549.7,1549.72,1549.7,1549.72,0.0,28.72,44483.98,1
2024-08-05,2024-08-05 14:49:00,1549.72,1549.75,1549.72,1549.75,0.0,28.72,44483.98,1
2024-08-05,2024-08-05 14:50:00,1549.75,1549.78,1549.75,1549.78,0.0,28.72,44483.98,1
2024-08-05,2024-08-05 14:51:00,1549.78,1549.8,1549.78,1549.8,0.0,28.72,44483.98,1
2024-08-05,2024-08-05 14:52:00,1549.8,1549.83,1549.8,1549.83,0.0,28.72,44483.98,1
2024-08-05,2024-08-05 14:53:00,1549.83,1549.85,1549.83,1549.85,0.0,28.72,44483.98,1
2024-08-05,2024-08-05 14:54:00,1549.85,1549.88,1549.85,1549.88,0.0,28.72,44483.98,1
2024-08-05,2024-08-05 14:55:00,1549.88,1549.9,1549.88,1549.9,0.0,28.72,44483.98,1
2024-08-05,2024-08-05 14:56:00,1549.9,1549.92,1549.9,1549.92,0.0,28.72,44483.98,1
2024-08-05,2024-08-05 14:57:00,1549.92,1549.95,1549.92,1549.95,0.0,28.72,44483.98,1
2024-08-05,2024-08-05 14:58:00,1549.95,1549.97,1549.95,1549.97,0.0,28.72,44483.98,1
2024-08-05,2024-08-05 14:59:00,1549.97,1550.0,1549.97,1550.0,0.0,28.72,44483.98,1
2024-08-05,2024-08-05 15:00:00,1550.0,1606.2,1532.0,1550.0,0.0,28.72,44483.98,0
2024-08-06,2024-08-06 11:00:00,1531.0,1563.13,1521.7,1531.04,0.0,44.91,69564.79,1
2024-08-06,2024-08-06 11:01:00,1531.04,1531.08,1531.04,1531.08,0.0,44.91,69564.79,1
2024-08-06,2024-08-06 11:02:00,1531.08,1531.11,1531.08,1531.11,0.0,44.91,69564.79,1
2024-08-06,2024-08-06 11:03:00,1531.11,1531.15,1531.11,1531.15,0.0,44.91,69564.79,1
2024-08-06,2024-08-06 11:04:00,1531.15,1531.19,1531.15,1531.19,0.0,44.91,69564.79,1
2024-08-06,2024-08-06 11:05:00,1531.19,1531.22,1531.19,1531.22,0.0,44.91,69564.79,1
2024-08-06,2024-08-06 11:06:00,1531.22,1531.26,1531.22,1531.26,0.0,44.91,69564.79,1
2024-08-06,2024-08-06 11:07:00,1531.26,1531.3,1531.26,1531.3,0.0,44.91,69564.79,1
2024-08-06,2024-08-06 11:08:00,1531.3,1531.34,1531.3,1531.34,0.0,44.91,69564.79,1
2024-08-06,2024-08-06 11:09:00,1531.34,1531.38,1531.34,1531.38,0.0,44.91,69564.79,1
2024-08-06,2024-08-06 11:10:00,1531.38,1531.41,1531.38,1531.41,0.0,44.91,69564.79,1
2024-08-06,2024-08-06 11:11:00,1531.41,1531.45,1531.41,1531.45,0.0,44.91,69564.79,1
2024-08-06,2024-08-06 11:12:00,1531.45,1531.49,1531.45,1531.49,0.0,44.91,69564.79,1
2024-08-06,2024-08-06 11:13:00,1531.49,1531.53,1531.49,1531.53,0.0,44.91,69564.79,1
2024-08-06,2024-08-06 11:14:00,1531.53,1531.56,1531.53,1531.56,0.0,44.91,69564.79,1
2024-08-06,2024-08-06 11:15:00,1531.56,1531.6,1531.56,1531.6,0.0,44.91,69564.79,1
2024-08-06,2024-08-06 11:16:00,1531.6,1531.64,1531.6,1531.64,0.0,44.91,69564.79,1
2024-08-06,2024-08-06 11:17:00,1531.64,1531.67,1531.64,1531.67,0.0,44.91,69564.79,1
2024-08-06,2024-08-06 11:18:00,1531.67,1531.71,1531.67,1531.71,0.0,44.91,69564.79,1
2024-08-06,2024-08-06 11:19:00,1531.71,1531.75,1531.71,1531.75,0.0,44.91,69564.79,1
2024-08-06,2024-08-06 11:20:00,1531.75,1531.79,1531.75,1531.79,0.0,44.91,69564.79,1
2024-08-06,2024-08-06 11:21:00,1531.79,1531.83,1531.79,1531.83,0.0,44.91,69564.79,1
2024-08-06,2024-08-06 11:22:00,1531.83,1531.86,1531.83,1531.86,0.0,44.91,69564.79,1
2024-08-06,2024-08-06 11:23:00,1531.86,1531.9,1531.86,1531.9,0.0,44.91,69564.79,1
2024-08-06,2024-08-06 11:24:00,1531.9,1531.94,1531.9,1531.94,0.0,44.91,69564.79,1
2024-08-06,2024-08-06 11:25:00,1531.94,1531.97,1531.94,1531.97,0.0,44.91,69564.79,1
2024-08-06,2024-08-06 11:26:00,1531.97,1532.01,1531.97,1532.01,0.0,44.91,69564.79,1
2024-08-06,2024-08-06 11:27:00,1532.01,1532.05,1532.01,1532.05,0.0,44.91,69564.79,1
2024-08-06,2024-08-06 11:28:00,1532.05,1532.09,1532.05,1532.09,0.0,44.91,69564.79,1
2024-08-06,2024-08-06 11:29:00,1532.09,1532.12,1532.09,1532.12,0.0,44.91,69564.79,1
2024-08-06,2024-08-06 11:30:00,1532.12,1532.16,1532.12,1532.16,0.0,44.91,69564.79,1
2024-08-06,2024-08-06 11:31:00,1532.16,1532.2,1532.16,1532.2,0.0,44.91,69564.79,1
2024-08-06,2024-08-06 11:32:00,1532.2,1532.24,1532.2,1532.24,0.0,44.91,69564.79,1
2024-08-06,2024-08-06 11:33:00,1532.24,1532.28,1532.24,1532.28,0.0,44.91,69564.79,1
2024-08-06,2024-08-06 11:34:00,1532.28,1532.31,1532.28,1532.31,0.0,44.91,69564.79,1
2024-08-06,2024-08-06 11:35:00,1532.31,1532.35,1532.31,1532.35,0.0,44.91,69564.79,1
2024-08-06,2024-08-06 11:36:00,1532.35,1532.39,1532.35,1532.39,0.0,44.91,69564.79,1
2024-08-06,2024-08-06 11:37:00,1532.39,1532.42,1532.39,1532.42,0.0,44.91,69564.79,1
2024-08-06,2024-08-06 11:38:00,1532.42,1532.46,1532.42,1532.46,0.0,44.91,69564.79,1
2024-08-06,2024-08-06 11:39:00,1532.46,1532.5,1532.46,1532.5,0.0,44.91,69564.79,1
2024-08-06,2024-08-06 11:40:00,1532.5,1532.54,1532.5,1532.54,0.0,44.91,69564.79,1
2024-08-06,2024-08-06 11:41:00,1532.54,1532.58,1532.54,1532.58,0.0,44.91,69564.79,1
2024-08-06,2024-08-06 11:42:00,1532.58,1532.61,1532.58,1532.61,0.0,44.91,69564.79,1
2024-08-06,2024-08-06 11:43:00,1532.61,1532.65,1532.61,1532.65,0.0,44.91,69564.79,1
2024-08-06,2024-08-06 11:44:00,1532.65,1532.69,1532.65,1532.69,0.0,44.91,69564.79,1
2024-08-06,2024-08-06 11:45:00,1532.69,1532.72,1532.69,1532.72,0.0,44.91,69564.79,1
2024-08-06,2024-08-06 11:46:00,1532.72,1532.76,1532.72,1532.76,0.0,44.91,69564.79,1
2024-08-06,2024-08-06 11:47:00,1532.76,1532.8,1532.76,1532.8,0.0,44.91,69564.79,1
2024-08-06,2024-08-06 11:48:00,1532.8,1532.84,1532.8,1532.84,0.0,44.91,69564.79,1
2024-08-06,2024-08-06 11:49:00,1532.84,1532.88,1532.84,1532.88,0.0,44.91,69564.79,1
2024-08-06,2024-08-06 11:50:00,1532.88,1532.91,1532.88,1532.91,0.0,44.91,69564.79,1
2024-08-06,2024-08-06 11:51:00,1532.91,1532.95,1532.91,1532.95,0.0,44.91,69564.79,1
2024-08-06,2024-08-06 11:52:00,1532.95,1532.99,1532.95,1532.99,0.0,44.91,69564.79,1
2024-08-06,2024-08-06 11:53:00,1532.99,1533.03,1532.99,1533.03,0.0,44.91,69564.79,1
2024-08-06,2024-08-06 11:54:00,1533.03,1533.06,1533.03,1533.06,0.0,44.91,69564.79,1
2024-08-06,2024-08-06 11:55:00,1533.06,1533.1,1533.06,1533.1,0.0,44.91,69564.79,1
2024-08-06,2024-08-06 11:56:00,1533.1,1533.14,1533.1,1533.14,0.0,44.91,69564.79,1
2024-08-06,2024-08-06 11:57:00,1533.14,1533.17,1533.14,1533.17,0.0,44.91,69564.79,1
2024-08-06,2024-08-06 11:58:00,1533.17,1533.21,1533.17,1533.21,0.0,44.91,69564.79,1
2024-08-06,2024-08-06 11:59:00,1533.21,1533.25,1533.21,1533.25,0.0,44.91,69564.79,1
2024-08-06,2024-08-06 12:00:00,1533.25,1533.29,1533.25,1533.29,0.0,44.91,69564.79,1
2024-08-06,2024-08-06 12:01:00,1533.29,1533.33,1533.29,1533.33,0.0,44.91,69564.79,1
2024-08-06,2024-08-06 12:02:00,1533.33,1533.36,1533.33,1533.36,0.0,44.91,69564.79,1
2024-08-06,2024-08-06 12:03:00,1533.36,1533.4,1533.36,1533.4,0.0,44.91,69564.79,1
2024-08-06,2024-08-06 12:04:00,1533.4,1533.44,1533.4,1533.44,0.0,44.91,69564.79,1
2024-08-06,2024-08-06 12:05:00,1533.44,1533.47,1533.44,1533.47,0.0,44.91,69564.79,1
2024-08-06,2024-08-06 12:06:00,1533.47,1533.51,1533.47,1533.51,0.0,44.91,69564.79,1
2024-08-06,2024-08-06 12:07:00,1533.51,1533.55,1533.51,1533.55,0.0,44.91,69564.79,1
2024-08-06,2024-08-06 12:08:00,1533.55,1533.59,1533.55,1533.59,0.0,44.91,69564.79,1
2024-08-06,2024-08-06 12:09:00,1533.59,1533.62,1533.59,1533.62,0.0,44.91,69564.79,1
2024-08-06,2024-08-06 12:10:00,1533.62,1533.66,1533.62,1533.66,0.0,44.91,69564.79,1
2024-08-06,2024-08-06 12:11:00,1533.66,1533.7,1533.66,1533.7,0.0,44.91,69564.79,1
2024-08-06,2024-08-06 12:12:00,1533.7,1533.74,1533.7,1533.74,0.0,44.91,69564.79,1
2024-08-06,2024-08-06 12:13:00,1533.74,1533.78,1533.74,1533.78,0.0,44.91,69564.79,1
2024-08-06,2024-08-06 12:14:00,1533.78,1533.81,1533.78,1533.81,0.0,44.91,69564.79,1
2024-08-06,2024-08-06 12:15:00,1533.81,1533.85,1533.81,1533.85,0.0,44.91,69564.79,1
2024-08-06,2024-08-06 12:16:00,1533.85,1533.89,1533.85,1533.89,0.0,44.91,69564.79,1
2024-08-06,2024-08-06 12:17:00,1533.89,1533.92,1533.89,1533.92,0.0,44.91,69564.79,1
2024-08-06,2024-08-06 12:18:00,1533.92,1533.96,1533.92,1533.96,0.0,44.91,69564.79,1
2024-08-06,2024-08-06 12:19:00,1533.96,1534.0,1533.96,1534.0,0.0,44.91,69564.79,1
2024-08-06,2024-08-06 12:20:00,1534.0,1534.04,1534.0,1534.04,0.0,44.91,69564.79,1
2024-08-06,2024-08-06 12:21:00,1534.04,1534.08,1534.04,1534.08,0.0,44.91,69564.79,1
2024-08-06,2024-08-06 12:22:00,1534.08,1534.11,1534.08,1534.11,0.0,44.91,69564.79,1
2024-08-06,2024-08-06 12:23:00,1534.11,1534.15,1534.11,1534.15,0.0,44.91,69564.79,1
2024-08-06,2024-08-06 12:24:00,1534.15,1534.19,1534.15,1534.19,0.0,44.91,69564.79,1
2024-08-06,2024-08-06 12:25:00,1534.19,1534.22,1534.19,1534.22,0.0,44.91,69564.79,1
2024-08-06,2024-08-06 12:26:00,1534.22,1534.26,1534.22,1534.26,0.0,44.91,69564.79,1
2024-08-06,2024-08-06 12:27:00,1534.26,1534.3,1534.26,1534.3,0.0,44.91,69564.79,1
2024-08-06,2024-08-06 12:28:00,1534.3,1534.34,1534.3,1534.34,0.0,44.91,69564.79,1
2024-08-06,2024-08-06 12:29:00,1534.34,1534.38,1534.34,1534.38,0.0,44.91,69564.79,1
2024-08-06,2024-08-06 12:30:00,1534.38,1534.41,1534.38,1534.41,0.0,44.91,69564.79,1
2024-08-06,2024-08-06 12:31:00,1534.41,1534.45,1534.41,1534.45,0.0,44.91,69564.79,1
2024-08-06,2024-08-06 12:32:00,1534.45,1534.49,1534.45,1534.49,0.0,44.91,69564.79,1
2024-08-06,2024-08-06 12:33:00,1534.49,1534.53,1534.49,1534.53,0.0,44.91,69564.79,1
2024-08-06,2024-08-06 12:34:00,1534.53,1534.56,1534.53,1534.56,0.0,44.91,69564.79,1
2024-08-06,2024-08-06 12:35:00,1534.56,1534.6,1534.56,1534.6,0.0,44.91,69564.79,1
2024-08-06,2024-08-06 12:36:00,1534.6,1534.64,1534.6,1534.64,0.0,44.91,69564.79,1
2024-08-06,2024-08-06 12:37:00,1534.64,1534.67,1534.64,1534.67,0.0,44.91,69564.79,1
2024-08-06,2024-08-06 12:38:00,1534.67,1534.71,1534.67,1534.71,0.0,44.91,69564.79,1
2024-08-06,2024-08-06 12:39:00,1534.71,1534.75,1534.71,1534.75,0.0,44.91,69564.79,1
2024-08-06,2024-08-06 12:40:00,1534.75,1534.79,1534.75,1534.79,0.0,44.91,69564.79,1
2024-08-06,2024-08-06 12:41:00,1534.79,1534.83,1534.79,1534.83,0.0,44.91,69564.79,1
2024-08-06,2024-08-06 12:42:00,1534.83,1534.86,1534.83,1534.86,0.0,44.91,69564.79,1
2024-08-06,2024-08-06 12:43:00,1534.86,1534.9,1534.86,1534.9,0.0,44.91,69564.79,1
2024-08-06,2024-08-06 12:44:00,1534.9,1534.94,1534.9,1534.94,0.0,44.91,69564.79,1
2024-08-06,2024-08-06 12:45:00,1534.94,1534.97,1534.94,1534.97,0.0,44.91,69564.79,1
2024-08-06,2024-08-06 12:46:00,1534.97,1535.01,1534.97,1535.01,0.0,44.91,69564.79,1
2024-08-06,2024-08-06 12:47:00,1535.01,1535.05,1535.01,1535.05,0.0,44.91,69564.79,1
2024-08-06,2024-08-06 12:48:00,1535.05,1535.09,1535.05,1535.09,0.0,44.91,69564.79,1
2024-08-06,2024-08-06 12:49:00,1535.09,1535.12,1535.09,1535.12,0.0,44.91,69564.79,1
2024-08-06,2024-08-06 12:50:00,1535.12,1535.16,1535.12,1535.16,0.0,44.91,69564.79,1
2024-08-06,2024-08-06 12:51:00,1535.16,1535.2,1535.16,1535.2,0.0,44.91,69564.79,1
2024-08-06,2024-08-06 12:52:00,1535.2,1535.24,1535.2,1535.24,0.0,44.91,69564.79,1
2024-08-06,2024-08-06 12:53:00,1535.24,1535.28,1535.24,1535.28,0.0,44.91,69564.79,1
2024-08-06,2024-08-06 12:54:00,1535.28,1535.31,1535.28,1535.31,0.0,44.91,69564.79,1
2024-08-06,2024-08-06 12:55:00,1535.31,1535.35,1535.31,1535.35,0.0,44.91,69564.79,1
2024-08-06,2024-08-06 12:56:00,1535.35,1535.39,1535.35,1535.39,0.0,44.91,69564.79,1
2024-08-06,2024-08-06 12:57:00,1535.39,1535.42,1535.39,1535.42,0.0,44.91,69564.79,1
2024-08-06,2024-08-06 12:58:00,1535.42,1535.46,1535.42,1535.46,0.0,44.91,69564.79,1
2024-08-06,2024-08-06 12:59:00,1535.46,1535.5,1535.46,1535.5,0.0,44.91,69564.79,1
2024-08-06,2024-08-06 13:00:00,1535.5,1638.1,1500.0,1535.54,0.0,44.91,69564.79,1
2024-08-06,2024-08-06 13:01:00,1535.54,1535.58,1535.54,1535.58,0.0,44.91,69564.79,1
2024-08-06,2024-08-06 13:02:00,1535.58,1535.61,1535.58,1535.61,0.0,44.91,69564.79,1
2024-08-06,2024-08-06 13:03:00,1535.61,1535.65,1535.61,1535.65,0.0,44.91,69564.79,1
2024-08-06,2024-08-06 13:04:00,1535.65,1535.69,1535.65,1535.69,0.0,44.91,69564.79,1
2024-08-06,2024-08-06 13:05:00,1535.69,1535.72,1535.69,1535.72,0.0,44.91,69564.79,1
2024-08-06,2024-08-06 13:06:00,1535.72,1535.76,1535.72,1535.76,0.0,44.91,69564.79,1
2024-08-06,2024-08-06 13:07:00,1535.76,1535.8,1535.76,1535.8,0.0,44.91,69564.79,1
2024-08-06,2024-08-06 13:08:00,1535.8,1535.84,1535.8,1535.84,0.0,44.91,69564.79,1
2024-08-06,2024-08-06 13:09:00,1535.84,1535.88,1535.84,1535.88,0.0,44.91,69564.79,1
2024-08-06,2024-08-06 13:10:00,1535.88,1535.91,1535.88,1535.91,0.0,44.91,69564.79,1
2024-08-06,2024-08-06 13:11:00,1535.91,1535.95,1535.91,1535.95,0.0,44.91,69564.79,1
2024-08-06,2024-08-06 13:12:00,1535.95,1535.99,1535.95,1535.99,0.0,44.91,69564.79,1
2024-08-06,2024-08-06 13:13:00,1535.99,1536.03,1535.99,1536.03,0.0,44.91,69564.79,1
2024-08-06,2024-08-06 13:14:00,1536.03,1536.06,1536.03,1536.06,0.0,44.91,69564.79,1
2024-08-06,2024-08-06 13:15:00,1536.06,1536.1,1536.06,1536.1,0.0,44.91,69564.79,1
2024-08-06,2024-08-06 13:16:00,1536.1,1536.14,1536.1,1536.14,0.0,44.91,69564.79,1
2024-08-06,2024-08-06 13:17:00,1536.14,1536.17,1536.14,1536.17,0.0,44.91,69564.79,1
2024-08-06,2024-08-06 13:18:00,1536.17,1536.21,1536.17,1536.21,0.0,44.91,69564.79,1
2024-08-06,2024-08-06 13:19:00,1536.21,1536.25,1536.21,1536.25,0.0,44.91,69564.79,1
2024-08-06,2024-08-06 13:20:00,1536.25,1536.29,1536.25,1536.29,0.0,44.91,69564.79,1
2024-08-06,2024-08-06 13:21:00,1536.29,1536.33,1536.29,1536.33,0.0,44.91,69564.79,1
2024-08-06,2024-08-06 13:22:00,1536.33,1536.36,1536.33,1536.36,0.0,44.91,69564.79,1
2024-08-06,2024-08-06 13:23:00,1536.36,1536.4,1536.36,1536.4,0.0,44.91,69564.79,1
2024-08-06,2024-08-06 13:24:00,1536.4,1536.44,1536.4,1536.44,0.0,44.91,69564.79,1
2024-08-06,2024-08-06 13:25:00,1536.44,1536.47,1536.44,1536.47,0.0,44.91,69564.79,1
2024-08-06,2024-08-06 13:26:00,1536.47,1536.51,1536.47,1536.51,0.0,44.91,69564.79,1
2024-08-06,2024-08-06 13:27:00,1536.51,1536.55,1536.51,1536.55,0.0,44.91,69564.79,1
2024-08-06,2024-08-06 13:28:00,1536.55,1536.59,1536.55,1536.59,0.0,44.91,69564.79,1
2024-08-06,2024-08-06 13:29:00,1536.59,1536.62,1536.59,1536.62,0.0,44.91,69564.79,1
2024-08-06,2024-08-06 13:30:00,1536.62,1536.66,1536.62,1536.66,0.0,44.91,69564.79,1
2024-08-06,2024-08-06 13:31:00,1536.66,1536.7,1536.66,1536.7,0.0,44.91,69564.79,1
2024-08-06,2024-08-06 13:32:00,1536.7,1536.74,1536.7,1536.74,0.0,44.91,69564.79,1
2024-08-06,2024-08-06 13:33:00,1536.74,1536.78,1536.74,1536.78,0.0,44.91,69564.79,1
2024-08-06,2024-08-06 13:34:00,1536.78,1536.81,1536.78,1536.81,0.0,44.91,69564.79,1
2024-08-06,2024-08-06 13:35:00,1536.81,1536.85,1536.81,1536.85,0.0,44.91,69564.79,1
2024-08-06,2024-08-06 13:36:00,1536.85,1536.89,1536.85,1536.89,0.0,44.91,69564.79,1
2024-08-06,2024-08-06 13:37:00,1536.89,1536.92,1536.89,1536.92,0.0,44.91,69564.79,1
2024-08-06,2024-08-06 13:38:00,1536.92,1536.96,1536.92,1536.96,0.0,44.91,69564.79,1
2024-08-06,2024-08-06 13:39:00,1536.96,1537.0,1536.96,1537.0,0.0,44.91,69564.79,1
2024-08-06,2024-08-06 13:40:00,1537.0,1537.04,1537.0,1537.04,0.0,44.91,69564.79,1
2024-08-06,2024-08-06 13:41:00,1537.04,1537.08,1537.04,1537.08,0.0,44.91,69564.79,1
2024-08-06,2024-08-06 13:42:00,1537.08,1537.11,1537.08,1537.11,0.0,44.91,69564.79,1
2024-08-06,2024-08-06 13:43:00,1537.11,1537.15,1537.11,1537.15,0.0,44.91,69564.79,1
2024-08-06,2024-08-06 13:44:00,1537.15,1537.19,1537.15,1537.19,0.0,44.91,69564.79,1
2024-08-06,2024-08-06 13:45:00,1537.19,1537.22,1537.19,1537.22,0.0,44.91,69564.79,1
2024-08-06,2024-08-06 13:46:00,1537.22,1537.26,1537.22,1537.26,0.0,44.91,69564.79,1
2024-08-06,2024-08-06 13:47:00,1537.26,1537.3,1537.26,1537.3,0.0,44.91,69564.79,1
2024-08-06,2024-08-06 13:48:00,1537.3,1537.34,1537.3,1537.34,0.0,44.91,69564.79,1
2024-08-06,2024-08-06 13:49:00,1537.34,1537.38,1537.34,1537.38,0.0,44.91,69564.79,1
2024-08-06,2024-08-06 13:50:00,1537.38,1537.41,1537.38,1537.41,0.0,44.91,69564.79,1
2024-08-06,2024-08-06 13:51:00,1537.41,1537.45,1537.41,1537.45,0.0,44.91,69564.79,1
2024-08-06,2024-08-06 13:52:00,1537.45,1537.49,1537.45,1537.49,0.0,44.91,69564.79,1
2024-08-06,2024-08-06 13:53:00,1537.49,1537.53,1537.49,1537.53,0.0,44.91,69564.79,1
2024-08-06,2024-08-06 13:54:00,1537.53,1537.56,1537.53,1537.56,0.0,44.91,69564.79,1
2024-08-06,2024-08-06 13:55:00,1537.56,1537.6,1537.56,1537.6,0.0,44.91,69564.79,1
2024-08-06,2024-08-06 13:56:00,1537.6,1537.64,1537.6,1537.64,0.0,44.91,69564.79,1
2024-08-06,2024-08-06 13:57:00,1537.64,1537.67,1537.64,1537.67,0.0,44.91,69564.79,1
2024-08-06,2024-08-06 13:58:00,1537.67,1537.71,1537.67,1537.71,0.0,44.91,69564.79,1
2024-08-06,2024-08-06 13:59:00,1537.71,1537.75,1537.71,1537.75,0.0,44.91,69564.79,1
2024-08-06,2024-08-06 14:00:00,1537.75,1537.79,1537.75,1537.79,0.0,44.91,69564.79,1
2024-08-06,2024-08-06 14:01:00,1537.79,1537.83,1537.79,1537.83,0.0,44.91,69564.79,1
2024-08-06,2024-08-06 14:02:00,1537.83,1537.86,1537.83,1537.86,0.0,44.91,69564.79,1
2024-08-06,2024-08-06 14:03:00,1537.86,1537.9,1537.86,1537.9,0.0,44.91,69564.79,1
2024-08-06,2024-08-06 14:04:00,1537.9,1537.94,1537.9,1537.94,0.0,44.91,69564.79,1
2024-08-06,2024-08-06 14:05:00,1537.94,1537.97,1537.94,1537.97,0.0,44.91,69564.79,1
2024-08-06,2024-08-06 14:06:00,1537.97,1538.01,1537.97,1538.01,0.0,44.91,69564.79,1
2024-08-06,2024-08-06 14:07:00,1538.01,1538.05,1538.01,1538.05,0.0,44.91,69564.79,1
2024-08-06,2024-08-06 14:08:00,1538.05,1538.09,1538.05,1538.09,0.0,44.91,69564.79,1
2024-08-06,2024-08-06 14:09:00,1538.09,1538.12,1538.09,1538.12,0.0,44.91,69564.79,1
2024-08-06,2024-08-06 14:10:00,1538.12,1538.16,1538.12,1538.16,0.0,44.91,69564.79,1
2024-08-06,2024-08-06 14:11:00,1538.16,1538.2,1538.16,1538.2,0.0,44.91,69564.79,1
2024-08-06,2024-08-06 14:12:00,1538.2,1538.24,1538.2,1538.24,0.0,44.91,69564.79,1
2024-08-06,2024-08-06 14:13:00,1538.24,1538.28,1538.24,1538.28,0.0,44.91,69564.79,1
2024-08-06,2024-08-06 14:14:00,1538.28,1538.31,1538.28,1538.31,0.0,44.91,69564.79,1
2024-08-06,2024-08-06 14:15:00,1538.31,1538.35,1538.31,1538.35,0.0,44.91,69564.79,1
2024-08-06,2024-08-06 14:16:00,1538.35,1538.39,1538.35,1538.39,0.0,44.91,69564.79,1
2024-08-06,2024-08-06 14:17:00,1538.39,1538.42,1538.39,1538.42,0.0,44.91,69564.79,1
2024-08-06,2024-08-06 14:18:00,1538.42,1538.46,1538.42,1538.46,0.0,44.91,69564.79,1
2024-08-06,2024-08-06 14:19:00,1538.46,1538.5,1538.46,1538.5,0.0,44.91,69564.79,1
2024-08-06,2024-08-06 14:20:00,1538.5,1538.54,1538.5,1538.54,0.0,44.91,69564.79,1
2024-08-06,2024-08-06 14:21:00,1538.54,1538.58,1538.54,1538.58,0.0,44.91,69564.79,1
2024-08-06,2024-08-06 14:22:00,1538.58,1538.61,1538.58,1538.61,0.0,44.91,69564.79,1
2024-08-06,2024-08-06 14:23:00,1538.61,1538.65,1538.61,1538.65,0.0,44.91,69564.79,1
2024-08-06,2024-08-06 14:24:00,1538.65,1538.69,1538.65,1538.69,0.0,44.91,69564.79,1
2024-08-06,2024-08-06 14:25:00,1538.69,1538.72,1538.69,1538.72,0.0,44.91,69564.79,1
2024-08-06,2024-08-06 14:26:00,1538.72,1538.76,1538.72,1538.76,0.0,44.91,69564.79,1
2024-08-06,2024-08-06 14:27:00,1538.76,1538.8,1538.76,1538.8,0.0,44.91,69564.79,1
2024-08-06,2024-08-06 14:28:00,1538.8,1538.84,1538.8,1538.84,0.0,44.91,69564.79,1
2024-08-06,2024-08-06 14:29:00,1538.84,1538.88,1538.84,1538.88,0.0,44.91,69564.79,1
2024-08-06,2024-08-06 14:30:00,1538.88,1538.91,1538.88,1538.91,0.0,44.91,69564.79,1
2024-08-06,2024-08-06 14:31:00,1538.91,1538.95,1538.91,1538.95,0.0,44.91,69564.79,1
2024-08-06,2024-08-06 14:32:00,1538.95,1538.99,1538.95,1538.99,0.0,44.91,69564.79,1
2024-08-06,2024-08-06 14:33:00,1538.99,1539.03,1538.99,1539.03,0.0,44.91,69564.79,1
2024-08-06,2024-08-06 14:34:00,1539.03,1539.06,1539.03,1539.06,0.0,44.91,69564.79,1
2024-08-06,2024-08-06 14:35:00,1539.06,1539.1,1539.06,1539.1,0.0,44.91,69564.79,1
2024-08-06,2024-08-06 14:36:00,1539.1,1539.14,1539.1,1539.14,0.0,44.91,69564.79,1
2024-08-06,2024-08-06 14:37:00,1539.14,1539.17,1539.14,1539.17,0.0,44.91,69564.79,1
2024-08-06,2024-08-06 14:38:00,1539.17,1539.21,1539.17,1539.21,0.0,44.91,69564.79,1
2024-08-06,2024-08-06 14:39:00,1539.21,1539.25,1539.21,1539.25,0.0,44.91,69564.79,1
2024-08-06,2024-08-06 14:40:00,1539.25,1539.29,1539.25,1539.29,0.0,44.91,69564.79,1
2024-08-06,2024-08-06 14:41:00,1539.29,1539.33,1539.29,1539.33,0.0,44.91,69564.79,1
2024-08-06,2024-08-06 14:42:00,1539.33,1539.36,1539.33,1539.36,0.0,44.91,69564.79,1
2024-08-06,2024-08-06 14:43:00,1539.36,1539.4,1539.36,1539.4,0.0,44.91,69564.79,1
2024-08-06,2024-08-06 14:44:00,1539.4,1539.44,1539.4,1539.44,0.0,44.91,69564.79,1
2024-08-06,2024-08-06 14:45:00,1539.44,1539.47,1539.44,1539.47,0.0,44.91,69564.79,1
2024-08-06,2024-08-06 14:46:00,1539.47,1539.51,1539.47,1539.51,0.0,44.91,69564.79,1
2024-08-06,2024-08-06 14:47:00,1539.51,1539.55,1539.51,1539.55,0.0,44.91,69564.79,1
2024-08-06,2024-08-06 14:48:00,1539.55,1539.59,1539.55,1539.59,0.0,44.91,69564.79,1
2024-08-06,2024-08-06 14:49:00,1539.59,1539.62,1539.59,1539.62,0.0,44.91,69564.79,1
2024-08-06,2024-08-06 14:50:00,1539.62,1539.66,1539.62,1539.66,0.0,44.91,69564.79,1
2024-08-06,2024-08-06 14:51:00,1539.66,1539.7,1539.66,1539.7,0.0,44.91,69564.79,1
2024-08-06,2024-08-06 14:52:00,1539.7,1539.74,1539.7,1539.74,0.0,44.91,69564.79,1
2024-08-06,2024-08-06 14:53:00,1539.74,1539.78,1539.74,1539.78,0.0,44.91,69564.79,1
2024-08-06,2024-08-06 14:54:00,1539.78,1539.81,1539.78,1539.81,0.0,44.91,69564.79,1
2024-08-06,2024-08-06 14:55:00,1539.81,1539.85,1539.81,1539.85,0.0,44.91,69564.79,1
2024-08-06,2024-08-06 14:56:00,1539.85,1539.89,1539.85,1539.89,0.0,44.91,69564.79,1
2024-08-06,2024-08-06 14:57:00,1539.89,1539.92,1539.89,1539.92,0.0,44.91,69564.79,1
2024-08-06,2024-08-06 14:58:00,1539.92,1539.96,1539.92,1539.96,0.0,44.91,69564.79,1
2024-08-06,2024-08-06 14:59:00,1539.96,1540.0,1539.96,1540.0,0.0,44.91,69564.79,1
2024-08-06,2024-08-06 15:00:00,1540.0,1638.1,1500.0,1540.0,0.0,44.91,69564.79,0
2024-08-07,2024-08-07 11:00:00,1560.0,1561.2,1545.0,1560.02,0.0,17.64,27272.85,1
2024-08-07,2024-08-07 11:01:00,1560.02,1560.03,1560.02,1560.03,0.0,17.64,27272.85,1
2024-08-07,2024-08-07 11:02:00,1560.03,1560.05,1560.03,1560.05,0.0,17.64,27272.85,1
2024-08-07,2024-08-07 11:03:00,1560.05,1560.07,1560.05,1560.07,0.0,17.64,27272.85,1
2024-08-07,2024-08-07 11:04:00,1560.07,1560.08,1560.07,1560.08,0.0,17.64,27272.85,1
2024-08-07,2024-08-07 11:05:00,1560.08,1560.1,1560.08,1560.1,0.0,17.64,27272.85,1
2024-08-07,2024-08-07 11:06:00,1560.1,1560.12,1560.1,1560.12,0.0,17.64,27272.85,1
2024-08-07,2024-08-07 11:07:00,1560.12,1560.13,1560.12,1560.13,0.0,17.64,27272.85,1
2024-08-07,2024-08-07 11:08:00,1560.13,1560.15,1560.13,1560.15,0.0,17.64,27272.85,1
2024-08-07,2024-08-07 11:09:00,1560.15,1560.17,1560.15,1560.17,0.0,17.64,27272.85,1
2024-08-07,2024-08-07 11:10:00,1560.17,1560.18,1560.17,1560.18,0.0,17.64,27272.85,1
2024-08-07,2024-08-07 11:11:00,1560.18,1560.2,1560.18,1560.2,0.0,17.64,27272.85,1
2024-08-07,2024-08-07 11:12:00,1560.2,1560.22,1560.2,1560.22,0.0,17.64,27272.85,1
2024-08-07,2024-08-07 11:13:00,1560.22,1560.23,1560.22,1560.23,0.0,17.64,27272.85,1
2024-08-07,2024-08-07 11:14:00,1560.23,1560.25,1560.23,1560.25,0.0,17.64,27272.85,1
2024-08-07,2024-08-07 11:15:00,1560.25,1560.27,1560.25,1560.27,0.0,17.64,27272.85,1
2024-08-07,2024-08-07 11:16:00,1560.27,1560.28,1560.27,1560.28,0.0,17.64,27272.85,1
2024-08-07,2024-08-07 11:17:00,1560.28,1560.3,1560.28,1560.3,0.0,17.64,27272.85,1
2024-08-07,2024-08-07 11:18:00,1560.3,1560.32,1560.3,1560.32,0.0,17.64,27272.85,1
2024-08-07,2024-08-07 11:19:00,1560.32,1560.33,1560.32,1560.33,0.0,17.64,27272.85,1
2024-08-07,2024-08-07 11:20:00,1560.33,1560.35,1560.33,1560.35,0.0,17.64,27272.85,1
2024-08-07,2024-08-07 11:21:00,1560.35,1560.37,1560.35,1560.37,0.0,17.64,27272.85,1
2024-08-07,2024-08-07 11:22:00,1560.37,1560.38,1560.37,1560.38,0.0,17.64,27272.85,1
2024-08-07,2024-08-07 11:23:00,1560.38,1560.4,1560.38,1560.4,0.0,17.64,27272.85,1
2024-08-07,2024-08-07 11:24:00,1560.4,1560.42,1560.4,1560.42,0.0,17.64,27272.85,1
2024-08-07,2024-08-07 11:25:00,1560.42,1560.43,1560.42,1560.43,0.0,17.64,27272.85,1
2024-08-07,2024-08-07 11:26:00,1560.43,1560.45,1560.43,1560.45,0.0,17.64,27272.85,1
2024-08-07,2024-08-07 11:27:00,1560.45,1560.47,1560.45,1560.47,0.0,17.64,27272.85,1
2024-08-07,2024-08-07 11:28:00,1560.47,1560.48,1560.47,1560.48,0.0,17.64,27272.85,1
2024-08-07,2024-08-07 11:29:00,1560.48,1560.5,1560.48,1560.5,0.0,17.64,27272.85,1
2024-08-07,2024-08-07 11:30:00,1560.5,1560.52,1560.5,1560.52,0.0,17.64,27272.85,1
2024-08-07,2024-08-07 11:31:00,1560.52,1560.53,1560.52,1560.53,0.0,17.64,27272.85,1
2024-08-07,2024-08-07 11:32:00,1560.53,1560.55,1560.53,1560.55,0.0,17.64,27272.85,1
2024-08-07,2024-08-07 11:33:00,1560.55,1560.57,1560.55,1560.57,0.0,17.64,27272.85,1
2024-08-07,2024-08-07 11:34:00,1560.57,1560.58,1560.57,1560.58,0.0,17.64,27272.85,1
2024-08-07,2024-08-07 11:35:00,1560.58,1560.6,1560.58,1560.6,0.0,17.64,27272.85,1
2024-08-07,2024-08-07 11:36:00,1560.6,1560.62,1560.6,1560.62,0.0,17.64,27272.85,1
2024-08-07,2024-08-07 11:37:00,1560.62,1560.63,1560.62,1560.63,0.0,17.64,27272.85,1
2024-08-07,2024-08-07 11:38:00,1560.63,1560.65,1560.63,1560.65,0.0,17.64,27272.85,1
2024-08-07,2024-08-07 11:39:00,1560.65,1560.67,1560.65,1560.67,0.0,17.64,27272.85,1
2024-08-07,2024-08-07 11:40:00,1560.67,1560.68,1560.67,1560.68,0.0,17.64,27272.85,1
2024-08-07,2024-08-07 11:41:00,1560.68,1560.7,1560.68,1560.7,0.0,17.64,27272.85,1
2024-08-07,2024-08-07 11:42:00,1560.7,1560.72,1560.7,1560.72,0.0,17.64,27272.85,1
2024-08-07,2024-08-07 11:43:00,1560.72,1560.73,1560.72,1560.73,0.0,17.64,27272.85,1
2024-08-07,2024-08-07 11:44:00,1560.73,1560.75,1560.73,1560.75,0.0,17.64,27272.85,1
2024-08-07,2024-08-07 11:45:00,1560.75,1560.77,1560.75,1560.77,0.0,17.64,27272.85,1
2024-08-07,2024-08-07 11:46:00,1560.77,1560.78,1560.77,1560.78,0.0,17.64,27272.85,1
2024-08-07,2024-08-07 11:47:00,1560.78,1560.8,1560.78,1560.8,0.0,17.64,27272.85,1
2024-08-07,2024-08-07 11:48:00,1560.8,1560.82,1560.8,1560.82,0.0,17.64,27272.85,1
2024-08-07,2024-08-07 11:49:00,1560.82,1560.83,1560.82,1560.83,0.0,17.64,27272.85,1
2024-08-07,2024-08-07 11:50:00,1560.83,1560.85,1560.83,1560.85,0.0,17.64,27272.85,1
2024-08-07,2024-08-07 11:51:00,1560.85,1560.87,1560.85,1560.87,0.0,17.64,27272.85,1
2024-08-07,2024-08-07 11:52:00,1560.87,1560.88,1560.87,1560.88,0.0,17.64,27272.85,1
2024-08-07,2024-08-07 11:53:00,1560.88,1560.9,1560.88,1560.9,0.0,17.64,27272.85,1
2024-08-07,2024-08-07 11:54:00,1560.9,1560.92,1560.9,1560.92,0.0,17.64,27272.85,1
2024-08-07,2024-08-07 11:55:00,1560.92,1560.93,1560.92,1560.93,0.0,17.64,27272.85,1
2024-08-07,2024-08-07 11:56:00,1560.93,1560.95,1560.93,1560.95,0.0,17.64,27272.85,1
2024-08-07,2024-08-07 11:57:00,1560.95,1560.97,1560.95,1560.97,0.0,17.64,27272.85,1
2024-08-07,2024-08-07 11:58:00,1560.97,1560.98,1560.97,1560.98,0.0,17.64,27272.85,1
2024-08-07,2024-08-07 11:59:00,1560.98,1561.0,1560.98,1561.0,0.0,17.64,27272.85,1
2024-08-07,2024-08-07 12:00:00,1561.0,1561.02,1561.0,1561.02,0.0,17.64,27272.85,1
2024-08-07,2024-08-07 12:01:00,1561.02,1561.03,1561.02,1561.03,0.0,17.64,27272.85,1
2024-08-07,2024-08-07 12:02:00,1561.03,1561.05,1561.03,1561.05,0.0,17.64,27272.85,1
2024-08-07,2024-08-07 12:03:00,1561.05,1561.07,1561.05,1561.07,0.0,17.64,27272.85,1
2024-08-07,2024-08-07 12:04:00,1561.07,1561.08,1561.07,1561.08,0.0,17.64,27272.85,1
2024-08-07,2024-08-07 12:05:00,1561.08,1561.1,1561.08,1561.1,0.0,17.64,27272.85,1
2024-08-07,2024-08-07 12:06:00,1561.1,1561.12,1561.1,1561.12,0.0,17.64,27272.85,1
2024-08-07,2024-08-07 12:07:00,1561.12,1561.13,1561.12,1561.13,0.0,17.64,27272.85,1
2024-08-07,2024-08-07 12:08:00,1561.13,1561.15,1561.13,1561.15,0.0,17.64,27272.85,1
2024-08-07,2024-08-07 12:09:00,1561.15,1561.17,1561.15,1561.17,0.0,17.64,27272.85,1
2024-08-07,2024-08-07 12:10:00,1561.17,1561.18,1561.17,1561.18,0.0,17.64,27272.85,1
2024-08-07,2024-08-07 12:11:00,1561.18,1561.2,1561.18,1561.2,0.0,17.64,27272.85,1
2024-08-07,2024-08-07 12:12:00,1561.2,1561.22,1561.2,1561.22,0.0,17.64,27272.85,1
2024-08-07,2024-08-07 12:13:00,1561.22,1561.23,1561.22,1561.23,0.0,17.64,27272.85,1
2024-08-07,2024-08-07 12:14:00,1561.23,1561.25,1561.23,1561.25,0.0,17.64,27272.85,1
2024-08-07,2024-08-07 12:15:00,1561.25,1561.27,1561.25,1561.27,0.0,17.64,27272.85,1
2024-08-07,2024-08-07 12:16:00,1561.27,1561.28,1561.27,1561.28,0.0,17.64,27272.85,1
2024-08-07,2024-08-07 12:17:00,1561.28,1561.3,1561.28,1561.3,0.0,17.64,27272.85,1
2024-08-07,2024-08-07 12:18:00,1561.3,1561.32,1561.3,1561.32,0.0,17.64,27272.85,1
2024-08-07,2024-08-07 12:19:00,1561.32,1561.33,1561.32,1561.33,0.0,17.64,27272.85,1
2024-08-07,2024-08-07 12:20:00,1561.33,1561.35,1561.33,1561.35,0.0,17.64,27272.85,1
2024-08-07,2024-08-07 12:21:00,1561.35,1561.37,1561.35,1561.37,0.0,17.64,27272.85,1
2024-08-07,2024-08-07 12:22:00,1561.37,1561.38,1561.37,1561.38,0.0,17.64,27272.85,1
2024-08-07,2024-08-07 12:23:00,1561.38,1561.4,1561.38,1561.4,0.0,17.64,27272.85,1
2024-08-07,2024-08-07 12:24:00,1561.4,1561.42,1561.4,1561.42,0.0,17.64,27272.85,1
2024-08-07,2024-08-07 12:25:00,1561.42,1561.43,1561.42,1561.43,0.0,17.64,27272.85,1
2024-08-07,2024-08-07 12:26:00,1561.43,1561.45,1561.43,1561.45,0.0,17.64,27272.85,1
2024-08-07,2024-08-07 12:27:00,1561.45,1561.47,1561.45,1561.47,0.0,17.64,27272.85,1
2024-08-07,2024-08-07 12:28:00,1561.47,1561.48,1561.47,1561.48,0.0,17.64,27272.85,1
2024-08-07,2024-08-07 12:29:00,1561.48,1561.5,1561.48,1561.5,0.0,17.64,27272.85,1
2024-08-07,2024-08-07 12:30:00,1561.5,1561.52,1561.5,1561.52,0.0,17.64,27272.85,1
2024-08-07,2024-08-07 12:31:00,1561.52,1561.53,1561.52,1561.53,0.0,17.64,27272.85,1
2024-08-07,2024-08-07 12:32:00,1561.53,1561.55,1561.53,1561.55,0.0,17.64,27272.85,1
2024-08-07,2024-08-07 12:33:00,1561.55,1561.57,1561.55,1561.57,0.0,17.64,27272.85,1
2024-08-07,2024-08-07 12:34:00,1561.57,1561.58,1561.57,1561.58,0.0,17.64,27272.85,1
2024-08-07,2024-08-07 12:35:00,1561.58,1561.6,1561.58,1561.6,0.0,17.64,27272.85,1
2024-08-07,2024-08-07 12:36:00,1561.6,1561.62,1561.6,1561.62,0.0,17.64,27272.85,1
2024-08-07,2024-08-07 12:37:00,1561.62,1561.63,1561.62,1561.63,0.0,17.64,27272.85,1
2024-08-07,2024-08-07 12:38:00,1561.63,1561.65,1561.63,1561.65,0.0,17.64,27272.85,1
2024-08-07,2024-08-07 12:39:00,1561.65,1561.67,1561.65,1561.67,0.0,17.64,27272.85,1
2024-08-07,2024-08-07 12:40:00,1561.67,1561.68,1561.67,1561.68,0.0,17.64,27272.85,1
2024-08-07,2024-08-07 12:41:00,1561.68,1561.7,1561.68,1561.7,0.0,17.64,27272.85,1
2024-08-07,2024-08-07 12:42:00,1561.7,1561.72,1561.7,1561.72,0.0,17.64,27272.85,1
2024-08-07,2024-08-07 12:43:00,1561.72,1561.73,1561.72,1561.73,0.0,17.64,27272.85,1
2024-08-07,2024-08-07 12:44:00,1561.73,1561.75,1561.73,1561.75,0.0,17.64,27272.85,1
2024-08-07,2024-08-07 12:45:00,1561.75,1561.77,1561.75,1561.77,0.0,17.64,27272.85,1
2024-08-07,2024-08-07 12:46:00,1561.77,1561.78,1561.77,1561.78,0.0,17.64,27272.85,1
2024-08-07,2024-08-07 12:47:00,1561.78,1561.8,1561.78,1561.8,0.0,17.64,27272.85,1
2024-08-07,2024-08-07 12:48:00,1561.8,1561.82,1561.8,1561.82,0.0,17.64,27272.85,1
2024-08-07,2024-08-07 12:49:00,1561.82,1561.83,1561.82,1561.83,0.0,17.64,27272.85,1
2024-08-07,2024-08-07 12:50:00,1561.83,1561.85,1561.83,1561.85,0.0,17.64,27272.85,1
2024-08-07,2024-08-07 12:51:00,1561.85,1561.87,1561.85,1561.87,0.0,17.64,27272.85,1
2024-08-07,2024-08-07 12:52:00,1561.87,1561.88,1561.87,1561.88,0.0,17.64,27272.85,1
2024-08-07,2024-08-07 12:53:00,1561.88,1561.9,1561.88,1561.9,0.0,17.64,27272.85,1
2024-08-07,2024-08-07 12:54:00,1561.9,1561.92,1561.9,1561.92,0.0,17.64,27272.85,1
2024-08-07,2024-08-07 12:55:00,1561.92,1561.93,1561.92,1561.93,0.0,17.64,27272.85,1
2024-08-07,2024-08-07 12:56:00,1561.93,1561.95,1561.93,1561.95,0.0,17.64,27272.85,1
2024-08-07,2024-08-07 12:57:00,1561.95,1561.97,1561.95,1561.97,0.0,17.64,27272.85,1
2024-08-07,2024-08-07 12:58:00,1561.97,1561.98,1561.97,1561.98,0.0,17.64,27272.85,1
2024-08-07,2024-08-07 12:59:00,1561.98,1562.0,1561.98,1562.0,0.0,17.64,27272.85,1
2024-08-07,2024-08-07 13:00:00,1562.0,1564.0,1510.0,1562.02,0.0,17.64,27272.85,1
2024-08-07,2024-08-07 13:01:00,1562.02,1562.03,1562.02,1562.03,0.0,17.64,27272.85,1
2024-08-07,2024-08-07 13:02:00,1562.03,1562.05,1562.03,1562.05,0.0,17.64,27272.85,1
2024-08-07,2024-08-07 13:03:00,1562.05,1562.07,1562.05,1562.07,0.0,17.64,27272.85,1
2024-08-07,2024-08-07 13:04:00,1562.07,1562.08,1562.07,1562.08,0.0,17.64,27272.85,1
2024-08-07,2024-08-07 13:05:00,1562.08,1562.1,1562.08,1562.1,0.0,17.64,27272.85,1
2024-08-07,2024-08-07 13:06:00,1562.1,1562.12,1562.1,1562.12,0.0,17.64,27272.85,1
2024-08-07,2024-08-07 13:07:00,1562.12,1562.13,1562.12,1562.13,0.0,17.64,27272.85,1
2024-08-07,2024-08-07 13:08:00,1562.13,1562.15,1562.13,1562.15,0.0,17.64,27272.85,1
2024-08-07,2024-08-07 13:09:00,1562.15,1562.17,1562.15,1562.17,0.0,17.64,27272.85,1
2024-08-07,2024-08-07 13:10:00,1562.17,1562.18,1562.17,1562.18,0.0,17.64,27272.85,1
2024-08-07,2024-08-07 13:11:00,1562.18,1562.2,1562.18,1562.2,0.0,17.64,27272.85,1
2024-08-07,2024-08-07 13:12:00,1562.2,1562.22,1562.2,1562.22,0.0,17.64,27272.85,1
2024-08-07,2024-08-07 13:13:00,1562.22,1562.23,1562.22,1562.23,0.0,17.64,27272.85,1
2024-08-07,2024-08-07 13:14:00,1562.23,1562.25,1562.23,1562.25,0.0,17.64,27272.85,1
2024-08-07,2024-08-07 13:15:00,1562.25,1562.27,1562.25,1562.27,0.0,17.64,27272.85,1
2024-08-07,2024-08-07 13:16:00,1562.27,1562.28,1562.27,1562.28,0.0,17.64,27272.85,1
2024-08-07,2024-08-07 13:17:00,1562.28,1562.3,1562.28,1562.3,0.0,17.64,27272.85,1
2024-08-07,2024-08-07 13:18:00,1562.3,1562.32,1562.3,1562.32,0.0,17.64,27272.85,1
2024-08-07,2024-08-07 13:19:00,1562.32,1562.33,1562.32,1562.33,0.0,17.64,27272.85,1
2024-08-07,2024-08-07 13:20:00,1562.33,1562.35,1562.33,1562.35,0.0,17.64,27272.85,1
2024-08-07,2024-08-07 13:21:00,1562.35,1562.37,1562.35,1562.37,0.0,17.64,27272.85,1
2024-08-07,2024-08-07 13:22:00,1562.37,1562.38,1562.37,1562.38,0.0,17.64,27272.85,1
2024-08-07,2024-08-07 13:23:00,1562.38,1562.4,1562.38,1562.4,0.0,17.64,27272.85,1
2024-08-07,2024-08-07 13:24:00,1562.4,1562.42,1562.4,1562.42,0.0,17.64,27272.85,1
2024-08-07,2024-08-07 13:25:00,1562.42,1562.43,1562.42,1562.43,0.0,17.64,27272.85,1
2024-08-07,2024-08-07 13:26:00,1562.43,1562.45,1562.43,1562.45,0.0,17.64,27272.85,1
2024-08-07,2024-08-07 13:27:00,1562.45,1562.47,1562.45,1562.47,0.0,17.64,27272.85,1
2024-08-07,2024-08-07 13:28:00,1562.47,1562.48,1562.47,1562.48,0.0,17.64,27272.85,1
2024-08-07,2024-08-07 13:29:00,1562.48,1562.5,1562.48,1562.5,0.0,17.64,27272.85,1
2024-08-07,2024-08-07 13:30:00,1562.5,1562.52,1562.5,1562.52,0.0,17.64,27272.85,1
2024-08-07,2024-08-07 13:31:00,1562.52,1562.53,1562.52,1562.53,0.0,17.64,27272.85,1
2024-08-07,2024-08-07 13:32:00,1562.53,1562.55,1562.53,1562.55,0.0,17.64,27272.85,1
2024-08-07,2024-08-07 13:33:00,1562.55,1562.57,1562.55,1562.57,0.0,17.64,27272.85,1
2024-08-07,2024-08-07 13:34:00,1562.57,1562.58,1562.57,1562.58,0.0,17.64,27272.85,1
2024-08-07,2024-08-07 13:35:00,1562.58,1562.6,1562.58,1562.6,0.0,17.64,27272.85,1
2024-08-07,2024-08-07 13:36:00,1562.6,1562.62,1562.6,1562.62,0.0,17.64,27272.85,1
2024-08-07,2024-08-07 13:37:00,1562.62,1562.63,1562.62,1562.63,0.0,17.64,27272.85,1
2024-08-07,2024-08-07 13:38:00,1562.63,1562.65,1562.63,1562.65,0.0,17.64,27272.85,1
2024-08-07,2024-08-07 13:39:00,1562.65,1562.67,1562.65,1562.67,0.0,17.64,27272.85,1
2024-08-07,2024-08-07 13:40:00,1562.67,1562.68,1562.67,1562.68,0.0,17.64,27272.85,1
2024-08-07,2024-08-07 13:41:00,1562.68,1562.7,1562.68,1562.7,0.0,17.64,27272.85,1
2024-08-07,2024-08-07 13:42:00,1562.7,1562.72,1562.7,1562.72,0.0,17.64,27272.85,1
2024-08-07,2024-08-07 13:43:00,1562.72,1562.73,1562.72,1562.73,0.0,17.64,27272.85,1
2024-08-07,2024-08-07 13:44:00,1562.73,1562.75,1562.73,1562.75,0.0,17.64,27272.85,1
2024-08-07,2024-08-07 13:45:00,1562.75,1562.77,1562.75,1562.77,0.0,17.64,27272.85,1
2024-08-07,2024-08-07 13:46:00,1562.77,1562.78,1562.77,1562.78,0.0,17.64,27272.85,1
2024-08-07,2024-08-07 13:47:00,1562.78,1562.8,1562.78,1562.8,0.0,17.64,27272.85,1
2024-08-07,2024-08-07 13:48:00,1562.8,1562.82,1562.8,1562.82,0.0,17.64,27272.85,1
2024-08-07,2024-08-07 13:49:00,1562.82,1562.83,1562.82,1562.83,0.0,17.64,27272.85,1
2024-08-07,2024-08-07 13:50:00,1562.83,1562.85,1562.83,1562.85,0.0,17.64,27272.85,1
2024-08-07,2024-08-07 13:51:00,1562.85,1562.87,1562.85,1562.87,0.0,17.64,27272.85,1
2024-08-07,2024-08-07 13:52:00,1562.87,1562.88,1562.87,1562.88,0.0,17.64,27272.85,1
2024-08-07,2024-08-07 13:53:00,1562.88,1562.9,1562.88,1562.9,0.0,17.64,27272.85,1
2024-08-07,2024-08-07 13:54:00,1562.9,1562.92,1562.9,1562.92,0.0,17.64,27272.85,1
2024-08-07,2024-08-07 13:55:00,1562.92,1562.93,1562.92,1562.93,0.0,17.64,27272.85,1
2024-08-07,2024-08-07 13:56:00,1562.93,1562.95,1562.93,1562.95,0.0,17.64,27272.85,1
2024-08-07,2024-08-07 13:57:00,1562.95,1562.97,1562.95,1562.97,0.0,17.64,27272.85,1
2024-08-07,2024-08-07 13:58:00,1562.97,1562.98,1562.97,1562.98,0.0,17.64,27272.85,1
2024-08-07,2024-08-07 13:59:00,1562.98,1563.0,1562.98,1563.0,0.0,17.64,27272.85,1
2024-08-07,2024-08-07 14:00:00,1563.0,1563.02,1563.0,1563.02,0.0,17.64,27272.85,1
2024-08-07,2024-08-07 14:01:00,1563.02,1563.03,1563.02,1563.03,0.0,17.64,27272.85,1
2024-08-07,2024-08-07 14:02:00,1563.03,1563.05,1563.03,1563.05,0.0,17.64,27272.85,1
2024-08-07,2024-08-07 14:03:00,1563.05,1563.07,1563.05,1563.07,0.0,17.64,27272.85,1
2024-08-07,2024-08-07 14:04:00,1563.07,1563.08,1563.07,1563.08,0.0,17.64,27272.85,1
2024-08-07,2024-08-07 14:05:00,1563.08,1563.1,1563.08,1563.1,0.0,17.64,27272.85,1
2024-08-07,2024-08-07 14:06:00,1563.1,1563.12,1563.1,1563.12,0.0,17.64,27272.85,1
2024-08-07,2024-08-07 14:07:00,1563.12,1563.13,1563.12,1563.13,0.0,17.64,27272.85,1
2024-08-07,2024-08-07 14:08:00,1563.13,1563.15,1563.13,1563.15,0.0,17.64,27272.85,1
2024-08-07,2024-08-07 14:09:00,1563.15,1563.17,1563.15,1563.17,0.0,17.64,27272.85,1
2024-08-07,2024-08-07 14:10:00,1563.17,1563.18,1563.17,1563.18,0.0,17.64,27272.85,1
2024-08-07,2024-08-07 14:11:00,1563.18,1563.2,1563.18,1563.2,0.0,17.64,27272.85,1
2024-08-07,2024-08-07 14:12:00,1563.2,1563.22,1563.2,1563.22,0.0,17.64,27272.85,1
2024-08-07,2024-08-07 14:13:00,1563.22,1563.23,1563.22,1563.23,0.0,17.64,27272.85,1
2024-08-07,2024-08-07 14:14:00,1563.23,1563.25,1563.23,1563.25,0.0,17.64,27272.85,1
2024-08-07,2024-08-07 14:15:00,1563.25,1563.27,1563.25,1563.27,0.0,17.64,27272.85,1
2024-08-07,2024-08-07 14:16:00,1563.27,1563.28,1563.27,1563.28,0.0,17.64,27272.85,1
2024-08-07,2024-08-07 14:17:00,1563.28,1563.3,1563.28,1563.3,0.0,17.64,27272.85,1
2024-08-07,2024-08-07 14:18:00,1563.3,1563.32,1563.3,1563.32,0.0,17.64,27272.85,1
2024-08-07,2024-08-07 14:19:00,1563.32,1563.33,1563.32,1563.33,0.0,17.64,27272.85,1
2024-08-07,2024-08-07 14:20:00,1563.33,1563.35,1563.33,1563.35,0.0,17.64,27272.85,1
2024-08-07,2024-08-07 14:21:00,1563.35,1563.37,1563.35,1563.37,0.0,17.64,27272.85,1
2024-08-07,2024-08-07 14:22:00,1563.37,1563.38,1563.37,1563.38,0.0,17.64,27272.85,1
2024-08-07,2024-08-07 14:23:00,1563.38,1563.4,1563.38,1563.4,0.0,17.64,27272.85,1
2024-08-07,2024-08-07 14:24:00,1563.4,1563.42,1563.4,1563.42,0.0,17.64,27272.85,1
2024-08-07,2024-08-07 14:25:00,1563.42,1563.43,1563.42,1563.43,0.0,17.64,27272.85,1
2024-08-07,2024-08-07 14:26:00,1563.43,1563.45,1563.43,1563.45,0.0,17.64,27272.85,1
2024-08-07,2024-08-07 14:27:00,1563.45,1563.47,1563.45,1563.47,0.0,17.64,27272.85,1
2024-08-07,2024-08-07 14:28:00,1563.47,1563.48,1563.47,1563.48,0.0,17.64,27272.85,1
2024-08-07,2024-08-07 14:29:00,1563.48,1563.5,1563.48,1563.5,0.0,17.64,27272.85,1
2024-08-07,2024-08-07 14:30:00,1563.5,1563.52,1563.5,1563.52,0.0,17.64,27272.85,1
2024-08-07,2024-08-07 14:31:00,1563.52,1563.53,1563.52,1563.53,0.0,17.64,27272.85,1
2024-08-07,2024-08-07 14:32:00,1563.53,1563.55,1563.53,1563.55,0.0,17.64,27272.85,1
2024-08-07,2024-08-07 14:33:00,1563.55,1563.57,1563.55,1563.57,0.0,17.64,27272.85,1
2024-08-07,2024-08-07 14:34:00,1563.57,1563.58,1563.57,1563.58,0.0,17.64,27272.85,1
2024-08-07,2024-08-07 14:35:00,1563.58,1563.6,1563.58,1563.6,0.0,17.64,27272.85,1
2024-08-07,2024-08-07 14:36:00,1563.6,1563.62,1563.6,1563.62,0.0,17.64,27272.85,1
2024-08-07,2024-08-07 14:37:00,1563.62,1563.63,1563.62,1563.63,0.0,17.64,27272.85,1
2024-08-07,2024-08-07 14:38:00,1563.63,1563.65,1563.63,1563.65,0.0,17.64,27272.85,1
2024-08-07,2024-08-07 14:39:00,1563.65,1563.67,1563.65,1563.67,0.0,17.64,27272.85,1
2024-08-07,2024-08-07 14:40:00,1563.67,1563.68,1563.67,1563.68,0.0,17.64,27272.85,1
2024-08-07,2024-08-07 14:41:00,1563.68,1563.7,1563.68,1563.7,0.0,17.64,27272.85,1
2024-08-07,2024-08-07 14:42:00,1563.7,1563.72,1563.7,1563.72,0.0,17.64,27272.85,1
2024-08-07,2024-08-07 14:43:00,1563.72,1563.73,1563.72,1563.73,0.0,17.64,27272.85,1
2024-08-07,2024-08-07 14:44:00,1563.73,1563.75,1563.73,1563.75,0.0,17.64,27272.85,1
2024-08-07,2024-08-07 14:45:00,1563.75,1563.77,1563.75,1563.77,0.0,17.64,27272.85,1
2024-08-07,2024-08-07 14:46:00,1563.77,1563.78,1563.77,1563.78,0.0,17.64,27272.85,1
2024-08-07,2024-08-07 14:47:00,1563.78,1563.8,1563.78,1563.8,0.0,17.64,27272.85,1
2024-08-07,2024-08-07 14:48:00,1563.8,1563.82,1563.8,1563.82,0.0,17.64,27272.85,1
2024-08-07,2024-08-07 14:49:00,1563.82,1563.83,1563.82,1563.83,0.0,17.64,27272.85,1
2024-08-07,2024-08-07 14:50:00,1563.83,1563.85,1563.83,1563.85,0.0,17.64,27272.85,1
2024-08-07,2024-08-07 14:51:00,1563.85,1563.87,1563.85,1563.87,0.0,17.64,27272.85,1
2024-08-07,2024-08-07 14:52:00,1563.87,1563.88,1563.87,1563.88,0.0,17.64,27272.85,1
2024-08-07,2024-08-07 14:53:00,1563.88,1563.9,1563.88,1563.9,0.0,17.64,27272.85,1
2024-08-07,2024-08-07 14:54:00,1563.9,1563.92,1563.9,1563.92,0.0,17.64,27272.85,1
2024-08-07,2024-08-07 14:55:00,1563.92,1563.93,1563.92,1563.93,0.0,17.64,27272.85,1
2024-08-07,2024-08-07 14:56:00,1563.93,1563.95,1563.93,1563.95,0.0,17.64,27272.85,1
2024-08-07,2024-08-07 14:57:00,1563.95,1563.97,1563.95,1563.97,0.0,17.64,27272.85,1
2024-08-07,2024-08-07 14:58:00,1563.97,1563.98,1563.97,1563.98,0.0,17.64,27272.85,1
2024-08-07,2024-08-07 14:59:00,1563.98,1564.0,1563.98,1564.0,0.0,17.64,27272.85,1
2024-08-07,2024-08-07 15:00:00,1564.0,1564.0,1510.0,1564.0,0.0,17.64,27272.85,0
2024-08-08,2024-08-08 11:00:00,1593.9,1612.23,1575.78,1593.73,-0.01,36.97,57365.75,-1
2024-08-08,2024-08-08 11:01:00,1593.73,1593.73,1593.56,1593.56,-0.01,36.97,57365.75,-1
2024-08-08,2024-08-08 11:02:00,1593.56,1593.56,1593.39,1593.39,-0.01,36.97,57365.75,-1
2024-08-08,2024-08-08 11:03:00,1593.39,1593.39,1593.22,1593.22,-0.01,36.97,57365.75,-1
2024-08-08,2024-08-08 11:04:00,1593.22,1593.22,1593.05,1593.05,-0.01,36.97,57365.75,-1
2024-08-08,2024-08-08 11:05:00,1593.05,1593.05,1592.88,1592.88,-0.01,36.97,57365.75,-1
2024-08-08,2024-08-08 11:06:00,1592.88,1592.88,1592.71,1592.71,-0.01,36.97,57365.75,-1
2024-08-08,2024-08-08 11:07:00,1592.71,1592.71,1592.54,1592.54,-0.01,36.97,57365.75,-1
2024-08-08,2024-08-08 11:08:00,1592.54,1592.54,1592.37,1592.37,-0.01,36.97,57365.75,-1
2024-08-08,2024-08-08 11:09:00,1592.37,1592.37,1592.2,1592.2,-0.01,36.97,57365.75,-1
2024-08-08,2024-08-08 11:10:00,1592.2,1592.2,1592.03,1592.03,-0.01,36.97,57365.75,-1
2024-08-08,2024-08-08 11:11:00,1592.03,1592.03,1591.86,1591.86,-0.01,36.97,57365.75,-1
2024-08-08,2024-08-08 11:12:00,1591.86,1591.86,1591.68,1591.68,-0.01,36.97,57365.75,-1
2024-08-08,2024-08-08 11:13:00,1591.68,1591.68,1591.51,1591.51,-0.01,36.97,57365.75,-1
2024-08-08,2024-08-08 11:14:00,1591.51,1591.51,1591.34,1591.34,-0.01,36.97,57365.75,-1
2024-08-08,2024-08-08 11:15:00,1591.34,1591.34,1591.17,1591.17,-0.01,36.97,57365.75,-1
2024-08-08,2024-08-08 11:16:00,1591.17,1591.17,1591.0,1591.0,-0.01,36.97,57365.75,-1
2024-08-08,2024-08-08 11:17:00,1591.0,1591.0,1590.83,1590.83,-0.01,36.97,57365.75,-1
2024-08-08,2024-08-08 11:18:00,1590.83,1590.83,1590.66,1590.66,-0.01,36.97,57365.75,-1
2024-08-08,2024-08-08 11:19:00,1590.66,1590.66,1590.49,1590.49,-0.01,36.97,57365.75,-1
2024-08-08,2024-08-08 11:20:00,1590.49,1590.49,1590.32,1590.32,-0.01,36.97,57365.75,-1
2024-08-08,2024-08-08 11:21:00,1590.32,1590.32,1590.15,1590.15,-0.01,36.97,57365.75,-1
2024-08-08,2024-08-08 11:22:00,1590.15,1590.15,1589.98,1589.98,-0.01,36.97,57365.75,-1
2024-08-08,2024-08-08 11:23:00,1589.98,1589.98,1589.81,1589.81,-0.01,36.97,57365.75,-1
2024-08-08,2024-08-08 11:24:00,1589.81,1589.81,1589.64,1589.64,-0.01,36.97,57365.75,-1
2024-08-08,2024-08-08 11:25:00,1589.64,1589.64,1589.47,1589.47,-0.01,36.97,57365.75,-1
2024-08-08,2024-08-08 11:26:00,1589.47,1589.47,1589.3,1589.3,-0.01,36.97,57365.75,-1
2024-08-08,2024-08-08 11:27:00,1589.3,1589.3,1589.13,1589.13,-0.01,36.97,57365.75,-1
2024-08-08,2024-08-08 11:28:00,1589.13,1589.13,1588.96,1588.96,-0.01,36.97,57365.75,-1
2024-08-08,2024-08-08 11:29:00,1588.96,1588.96,1588.79,1588.79,-0.01,36.97,57365.75,-1
2024-08-08,2024-08-08 11:30:00,1588.79,1588.79,1588.62,1588.62,-0.01,36.97,57365.75,-1
2024-08-08,2024-08-08 11:31:00,1588.62,1588.62,1588.45,1588.45,-0.01,36.97,57365.75,-1
2024-08-08,2024-08-08 11:32:00,1588.45,1588.45,1588.28,1588.28,-0.01,36.97,57365.75,-1
2024-08-08,2024-08-08 11:33:00,1588.28,1588.28,1588.11,1588.11,-0.01,36.97,57365.75,-1
2024-08-08,2024-08-08 11:34:00,1588.11,1588.11,1587.94,1587.94,-0.01,36.97,57365.75,-1
2024-08-08,2024-08-08 11:35:00,1587.94,1587.94,1587.77,1587.77,-0.01,36.97,57365.75,-1
2024-08-08,2024-08-08 11:36:00,1587.77,1587.77,1587.59,1587.59,-0.01,36.97,57365.75,-1
2024-08-08,2024-08-08 11:37:00,1587.59,1587.59,1587.42,1587.42,-0.01,36.97,57365.75,-1
2024-08-08,2024-08-08 11:38:00,1587.42,1587.42,1587.25,1587.25,-0.01,36.97,57365.75,-1
2024-08-08,2024-08-08 11:39:00,1587.25,1587.25,1587.08,1587.08,-0.01,36.97,57365.75,-1
2024-08-08,2024-08-08 11:40:00,1587.08,1587.08,1586.91,1586.91,-0.01,36.97,57365.75,-1
2024-08-08,2024-08-08 11:41:00,1586.91,1586.91,1586.74,1586.74,-0.01,36.97,57365.75,-1
2024-08-08,2024-08-08 11:42:00,1586.74,1586.74,1586.57,1586.57,-0.01,36.97,57365.75,-1
2024-08-08,2024-08-08 11:43:00,1586.57,1586.57,1586.4,1586.4,-0.01,36.97,57365.75,-1
2024-08-08,2024-08-08 11:44:00,1586.4,1586.4,1586.23,1586.23,-0.01,36.97,57365.75,-1
2024-08-08,2024-08-08 11:45:00,1586.23,1586.23,1586.06,1586.06,-0.01,36.97,57365.75,-1
2024-08-08,2024-08-08 11:46:00,1586.06,1586.06,1585.89,1585.89,-0.01,36.97,57365.75,-1
2024-08-08,2024-08-08 11:47:00,1585.89,1585.89,1585.72,1585.72,-0.01,36.97,57365.75,-1
2024-08-08,2024-08-08 11:48:00,1585.72,1585.72,1585.55,1585.55,-0.01,36.97,57365.75,-1
2024-08-08,2024-08-08 11:49:00,1585.55,1585.55,1585.38,1585.38,-0.01,36.97,57365.75,-1
2024-08-08,2024-08-08 11:50:00,1585.38,1585.38,1585.21,1585.21,-0.01,36.97,57365.75,-1
2024-08-08,2024-08-08 11:51:00,1585.21,1585.21,1585.04,1585.04,-0.01,36.97,57365.75,-1
2024-08-08,2024-08-08 11:52:00,1585.04,1585.04,1584.87,1584.87,-0.01,36.97,57365.75,-1
2024-08-08,2024-08-08 11:53:00,1584.87,1584.87,1584.7,1584.7,-0.01,36.97,57365.75,-1
2024-08-08,2024-08-08 11:54:00,1584.7,1584.7,1584.53,1584.53,-0.01,36.97,57365.75,-1
2024-08-08,2024-08-08 11:55:00,1584.53,1584.53,1584.36,1584.36,-0.01,36.97,57365.75,-1
2024-08-08,2024-08-08 11:56:00,1584.36,1584.36,1584.19,1584.19,-0.01,36.97,57365.75,-1
2024-08-08,2024-08-08 11:57:00,1584.19,1584.19,1584.02,1584.02,-0.01,36.97,57365.75,-1
2024-08-08,2024-08-08 11:58:00,1584.02,1584.02,1583.85,1583.85,-0.01,36.97,57365.75,-1
2024-08-08,2024-08-08 11:59:00,1583.85,1583.85,1583.68,1583.68,-0.01,36.97,57365.75,-1
2024-08-08,2024-08-08 12:00:00,1583.68,1583.68,1583.5,1583.5,-0.01,36.97,57365.75,-1
2024-08-08,2024-08-08 12:01:00,1583.5,1583.5,1583.33,1583.33,-0.01,36.97,57365.75,-1
2024-08-08,2024-08-08 12:02:00,1583.33,1583.33,1583.16,1583.16,-0.01,36.97,57365.75,-1
2024-08-08,2024-08-08 12:03:00,1583.16,1583.16,1582.99,1582.99,-0.01,36.97,57365.75,-1
2024-08-08,2024-08-08 12:04:00,1582.99,1582.99,1582.82,1582.82,-0.01,36.97,57365.75,-1
2024-08-08,2024-08-08 12:05:00,1582.82,1582.82,1582.65,1582.65,-0.01,36.97,57365.75,-1
2024-08-08,2024-08-08 12:06:00,1582.65,1582.65,1582.48,1582.48,-0.01,36.97,57365.75,-1
2024-08-08,2024-08-08 12:07:00,1582.48,1582.48,1582.31,1582.31,-0.01,36.97,57365.75,-1
2024-08-08,2024-08-08 12:08:00,1582.31,1582.31,1582.14,1582.14,-0.01,36.97,57365.75,-1
2024-08-08,2024-08-08 12:09:00,1582.14,1582.14,1581.97,1581.97,-0.01,36.97,57365.75,-1
2024-08-08,2024-08-08 12:10:00,1581.97,1581.97,1581.8,1581.8,-0.01,36.97,57365.75,-1
2024-08-08,2024-08-08 12:11:00,1581.8,1581.8,1581.63,1581.63,-0.01,36.97,57365.75,-1
2024-08-08,2024-08-08 12:12:00,1581.63,1581.63,1581.46,1581.46,-0.01,36.97,57365.75,-1
2024-08-08,2024-08-08 12:13:00,1581.46,1581.46,1581.29,1581.29,-0.01,36.97,57365.75,-1
2024-08-08,2024-08-08 12:14:00,1581.29,1581.29,1581.12,1581.12,-0.01,36.97,57365.75,-1
2024-08-08,2024-08-08 12:15:00,1581.12,1581.12,1580.95,1580.95,-0.01,36.97,57365.75,-1
2024-08-08,2024-08-08 12:16:00,1580.95,1580.95,1580.78,1580.78,-0.01,36.97,57365.75,-1
2024-08-08,2024-08-08 12:17:00,1580.78,1580.78,1580.61,1580.61,-0.01,36.97,57365.75,-1
2024-08-08,2024-08-08 12:18:00,1580.61,1580.61,1580.44,1580.44,-0.01,36.97,57365.75,-1
2024-08-08,2024-08-08 12:19:00,1580.44,1580.44,1580.27,1580.27,-0.01,36.97,57365.75,-1
2024-08-08,2024-08-08 12:20:00,1580.27,1580.27,1580.1,1580.1,-0.01,36.97,57365.75,-1
2024-08-08,2024-08-08 12:21:00,1580.1,1580.1,1579.93,1579.93,-0.01,36.97,57365.75,-1
2024-08-08,2024-08-08 12:22:00,1579.93,1579.93,1579.76,1579.76,-0.01,36.97,57365.75,-1
2024-08-08,2024-08-08 12:23:00,1579.76,1579.76,1579.59,1579.59,-0.01,36.97,57365.75,-1
2024-08-08,2024-08-08 12:24:00,1579.59,1579.59,1579.41,1579.41,-0.01,36.97,57365.75,-1
2024-08-08,2024-08-08 12:25:00,1579.41,1579.41,1579.24,1579.24,-0.01,36.97,57365.75,-1
2024-08-08,2024-08-08 12:26:00,1579.24,1579.24,1579.07,1579.07,-0.01,36.97,57365.75,-1
2024-08-08,2024-08-08 12:27:00,1579.07,1579.07,1578.9,1578.9,-0.01,36.97,57365.75,-1
2024-08-08,2024-08-08 12:28:00,1578.9,1578.9,1578.73,1578.73,-0.01,36.97,57365.75,-1
2024-08-08,2024-08-08 12:29:00,1578.73,1578.73,1578.56,1578.56,-0.01,36.97,57365.75,-1
2024-08-08,2024-08-08 12:30:00,1578.56,1578.56,1578.39,1578.39,-0.01,36.97,57365.75,-1
2024-08-08,2024-08-08 12:31:00,1578.39,1578.39,1578.22,1578.22,-0.01,36.97,57365.75,-1
2024-08-08,2024-08-08 12:32:00,1578.22,1578.22,1578.05,1578.05,-0.01,36.97,57365.75,-1
2024-08-08,2024-08-08 12:33:00,1578.05,1578.05,1577.88,1577.88,-0.01,36.97,57365.75,-1
2024-08-08,2024-08-08 12:34:00,1577.88,1577.88,1577.71,1577.71,-0.01,36.97,57365.75,-1
2024-08-08,2024-08-08 12:35:00,1577.71,1577.71,1577.54,1577.54,-0.01,36.97,57365.75,-1
2024-08-08,2024-08-08 12:36:00,1577.54,1577.54,1577.37,1577.37,-0.01,36.97,57365.75,-1
2024-08-08,2024-08-08 12:37:00,1577.37,1577.37,1577.2,1577.2,-0.01,36.97,57365.75,-1
2024-08-08,2024-08-08 12:38:00,1577.2,1577.2,1577.03,1577.03,-0.01,36.97,57365.75,-1
2024-08-08,2024-08-08 12:39:00,1577.03,1577.03,1576.86,1576.86,-0.01,36.97,57365.75,-1
2024-08-08,2024-08-08 12:40:00,1576.86,1576.86,1576.69,1576.69,-0.01,36.97,57365.75,-1
2024-08-08,2024-08-08 12:41:00,1576.69,1576.69,1576.52,1576.52,-0.01,36.97,57365.75,-1
2024-08-08,2024-08-08 12:42:00,1576.52,1576.52,1576.35,1576.35,-0.01,36.97,57365.75,-1
2024-08-08,2024-08-08 12:43:00,1576.35,1576.35,1576.18,1576.18,-0.01,36.97,57365.75,-1
2024-08-08,2024-08-08 12:44:00,1576.18,1576.18,1576.01,1576.01,-0.01,36.97,57365.75,-1
2024-08-08,2024-08-08 12:45:00,1576.01,1576.01,1575.84,1575.84,-0.01,36.97,57365.75,-1
2024-08-08,2024-08-08 12:46:00,1575.84,1575.84,1575.67,1575.67,-0.01,36.97,57365.75,-1
2024-08-08,2024-08-08 12:47:00,1575.67,1575.67,1575.5,1575.5,-0.01,36.97,57365.75,-1
2024-08-08,2024-08-08 12:48:00,1575.5,1575.5,1575.32,1575.32,-0.01,36.97,57365.75,-1
2024-08-08,2024-08-08 12:49:00,1575.32,1575.32,1575.15,1575.15,-0.01,36.97,57365.75,-1
2024-08-08,2024-08-08 12:50:00,1575.15,1575.15,1574.98,1574.98,-0.01,36.97,57365.75,-1
2024-08-08,2024-08-08 12:51:00,1574.98,1574.98,1574.81,1574.81,-0.01,36.97,57365.75,-1
2024-08-08,2024-08-08 12:52:00,1574.81,1574.81,1574.64,1574.64,-0.01,36.97,57365.75,-1
2024-08-08,2024-08-08 12:53:00,1574.64,1574.64,1574.47,1574.47,-0.01,36.97,57365.75,-1
2024-08-08,2024-08-08 12:54:00,1574.47,1574.47,1574.3,1574.3,-0.01,36.97,57365.75,-1
2024-08-08,2024-08-08 12:55:00,1574.3,1574.3,1574.13,1574.13,-0.01,36.97,57365.75,-1
2024-08-08,2024-08-08 12:56:00,1574.13,1574.13,1573.96,1573.96,-0.01,36.97,57365.75,-1
2024-08-08,2024-08-08 12:57:00,1573.96,1573.96,1573.79,1573.79,-0.01,36.97,57365.75,-1
2024-08-08,2024-08-08 12:58:00,1573.79,1573.79,1573.62,1573.62,-0.01,36.97,57365.75,-1
2024-08-08,2024-08-08 12:59:00,1573.62,1573.62,1573.45,1573.45,-0.01,36.97,57365.75,-1
2024-08-08,2024-08-08 13:00:00,1573.45,1655.0,1533.5,1573.28,-0.01,36.97,57365.75,-1
2024-08-08,2024-08-08 13:01:00,1573.28,1573.28,1573.11,1573.11,-0.01,36.97,57365.75,-1
2024-08-08,2024-08-08 13:02:00,1573.11,1573.11,1572.94,1572.94,-0.01,36.97,57365.75,-1
2024-08-08,2024-08-08 13:03:00,1572.94,1572.94,1572.77,1572.77,-0.01,36.97,57365.75,-1
2024-08-08,2024-08-08 13:04:00,1572.77,1572.77,1572.6,1572.6,-0.01,36.97,57365.75,-1
2024-08-08,2024-08-08 13:05:00,1572.6,1572.6,1572.43,1572.43,-0.01,36.97,57365.75,-1
2024-08-08,2024-08-08 13:06:00,1572.43,1572.43,1572.26,1572.26,-0.01,36.97,57365.75,-1
2024-08-08,2024-08-08 13:07:00,1572.26,1572.26,1572.09,1572.09,-0.01,36.97,57365.75,-1
2024-08-08,2024-08-08 13:08:00,1572.09,1572.09,1571.92,1571.92,-0.01,36.97,57365.75,-1
2024-08-08,2024-08-08 13:09:00,1571.92,1571.92,1571.75,1571.75,-0.01,36.97,57365.75,-1
2024-08-08,2024-08-08 13:10:00,1571.75,1571.75,1571.58,1571.58,-0.01,36.97,57365.75,-1
2024-08-08,2024-08-08 13:11:00,1571.58,1571.58,1571.4,1571.4,-0.01,36.97,57365.75,-1
2024-08-08,2024-08-08 13:12:00,1571.4,1571.4,1571.23,1571.23,-0.01,36.97,57365.75,-1
2024-08-08,2024-08-08 13:13:00,1571.23,1571.23,1571.06,1571.06,-0.01,36.97,57365.75,-1
2024-08-08,2024-08-08 13:14:00,1571.06,1571.06,1570.89,1570.89,-0.01,36.97,57365.75,-1
2024-08-08,2024-08-08 13:15:00,1570.89,1570.89,1570.72,1570.72,-0.01,36.97,57365.75,-1
2024-08-08,2024-08-08 13:16:00,1570.72,1570.72,1570.55,1570.55,-0.01,36.97,57365.75,-1
2024-08-08,2024-08-08 13:17:00,1570.55,1570.55,1570.38,1570.38,-0.01,36.97,57365.75,-1
2024-08-08,2024-08-08 13:18:00,1570.38,1570.38,1570.21,1570.21,-0.01,36.97,57365.75,-1
2024-08-08,2024-08-08 13:19:00,1570.21,1570.21,1570.04,1570.04,-0.01,36.97,57365.75,-1
2024-08-08,2024-08-08 13:20:00,1570.04,1570.04,1569.87,1569.87,-0.01,36.97,57365.75,-1
2024-08-08,2024-08-08 13:21:00,1569.87,1569.87,1569.7,1569.7,-0.01,36.97,57365.75,-1
2024-08-08,2024-08-08 13:22:00,1569.7,1569.7,1569.53,1569.53,-0.01,36.97,57365.75,-1
2024-08-08,2024-08-08 13:23:00,1569.53,1569.53,1569.36,1569.36,-0.01,36.97,57365.75,-1
2024-08-08,2024-08-08 13:24:00,1569.36,1569.36,1569.19,1569.19,-0.01,36.97,57365.75,-1
2024-08-08,2024-08-08 13:25:00,1569.19,1569.19,1569.02,1569.02,-0.01,36.97,57365.75,-1
2024-08-08,2024-08-08 13:26:00,1569.02,1569.02,1568.85,1568.85,-0.01,36.97,57365.75,-1
2024-08-08,2024-08-08 13:27:00,1568.85,1568.85,1568.68,1568.68,-0.01,36.97,57365.75,-1
2024-08-08,2024-08-08 13:28:00,1568.68,1568.68,1568.51,1568.51,-0.01,36.97,57365.75,-1
2024-08-08,2024-08-08 13:29:00,1568.51,1568.51,1568.34,1568.34,-0.01,36.97,57365.75,-1
2024-08-08,2024-08-08 13:30:00,1568.34,1568.34,1568.17,1568.17,-0.01,36.97,57365.75,-1
2024-08-08,2024-08-08 13:31:00,1568.17,1568.17,1568.0,1568.0,-0.01,36.97,57365.75,-1
2024-08-08,2024-08-08 13:32:00,1568.0,1568.0,1567.83,1567.83,-0.01,36.97,57365.75,-1
2024-08-08,2024-08-08 13:33:00,1567.83,1567.83,1567.66,1567.66,-0.01,36.97,57365.75,-1
2024-08-08,2024-08-08 13:34:00,1567.66,1567.66,1567.49,1567.49,-0.01,36.97,57365.75,-1
2024-08-08,2024-08-08 13:35:00,1567.49,1567.49,1567.32,1567.32,-0.01,36.97,57365.75,-1
2024-08-08,2024-08-08 13:36:00,1567.32,1567.32,1567.14,1567.14,-0.01,36.97,57365.75,-1
2024-08-08,2024-08-08 13:37:00,1567.14,1567.14,1566.97,1566.97,-0.01,36.97,57365.75,-1
2024-08-08,2024-08-08 13:38:00,1566.97,1566.97,1566.8,1566.8,-0.01,36.97,57365.75,-1
2024-08-08,2024-08-08 13:39:00,1566.8,1566.8,1566.63,1566.63,-0.01,36.97,57365.75,-1
2024-08-08,2024-08-08 13:40:00,1566.63,1566.63,1566.46,1566.46,-0.01,36.97,57365.75,-1
2024-08-08,2024-08-08 13:41:00,1566.46,1566.46,1566.29,1566.29,-0.01,36.97,57365.75,-1
2024-08-08,2024-08-08 13:42:00,1566.29,1566.29,1566.12,1566.12,-0.01,36.97,57365.75,-1
2024-08-08,2024-08-08 13:43:00,1566.12,1566.12,1565.95,1565.95,-0.01,36.97,57365.75,-1
2024-08-08,2024-08-08 13:44:00,1565.95,1565.95,1565.78,1565.78,-0.01,36.97,57365.75,-1
2024-08-08,2024-08-08 13:45:00,1565.78,1565.78,1565.61,1565.61,-0.01,36.97,57365.75,-1
2024-08-08,2024-08-08 13:46:00,1565.61,1565.61,1565.44,1565.44,-0.01,36.97,57365.75,-1
2024-08-08,2024-08-08 13:47:00,1565.44,1565.44,1565.27,1565.27,-0.01,36.97,57365.75,-1
2024-08-08,2024-08-08 13:48:00,1565.27,1565.27,1565.1,1565.1,-0.01,36.97,57365.75,-1
2024-08-08,2024-08-08 13:49:00,1565.1,1565.1,1564.93,1564.93,-0.01,36.97,57365.75,-1
2024-08-08,2024-08-08 13:50:00,1564.93,1564.93,1564.76,1564.76,-0.01,36.97,57365.75,-1
2024-08-08,2024-08-08 13:51:00,1564.76,1564.76,1564.59,1564.59,-0.01,36.97,57365.75,-1
2024-08-08,2024-08-08 13:52:00,1564.59,1564.59,1564.42,1564.42,-0.01,36.97,57365.75,-1
2024-08-08,2024-08-08 13:53:00,1564.42,1564.42,1564.25,1564.25,-0.01,36.97,57365.75,-1
2024-08-08,2024-08-08 13:54:00,1564.25,1564.25,1564.08,1564.08,-0.01,36.97,57365.75,-1
2024-08-08,2024-08-08 13:55:00,1564.08,1564.08,1563.91,1563.91,-0.01,36.97,57365.75,-1
2024-08-08,2024-08-08 13:56:00,1563.91,1563.91,1563.74,1563.74,-0.01,36.97,57365.75,-1
2024-08-08,2024-08-08 13:57:00,1563.74,1563.74,1563.57,1563.57,-0.01,36.97,57365.75,-1
2024-08-08,2024-08-08 13:58:00,1563.57,1563.57,1563.4,1563.4,-0.01,36.97,57365.75,-1
2024-08-08,2024-08-08 13:59:00,1563.4,1563.4,1563.22,1563.22,-0.01,36.97,57365.75,-1
2024-08-08,2024-08-08 14:00:00,1563.22,1563.22,1563.05,1563.05,-0.01,36.97,57365.75,-1
2024-08-08,2024-08-08 14:01:00,1563.05,1563.05,1562.88,1562.88,-0.01,36.97,57365.75,-1
2024-08-08,2024-08-08 14:02:00,1562.88,1562.88,1562.71,1562.71,-0.01,36.97,57365.75,-1
2024-08-08,2024-08-08 14:03:00,1562.71,1562.71,1562.54,1562.54,-0.01,36.97,57365.75,-1
2024-08-08,2024-08-08 14:04:00,1562.54,1562.54,1562.37,1562.37,-0.01,36.97,57365.75,-1
2024-08-08,2024-08-08 14:05:00,1562.37,1562.37,1562.2,1562.2,-0.01,36.97,57365.75,-1
2024-08-08,2024-08-08 14:06:00,1562.2,1562.2,1562.03,1562.03,-0.01,36.97,57365.75,-1
2024-08-08,2024-08-08 14:07:00,1562.03,1562.03,1561.86,1561.86,-0.01,36.97,57365.75,-1
2024-08-08,2024-08-08 14:08:00,1561.86,1561.86,1561.69,1561.69,-0.01,36.97,57365.75,-1
2024-08-08,2024-08-08 14:09:00,1561.69,1561.69,1561.52,1561.52,-0.01,36.97,57365.75,-1
2024-08-08,2024-08-08 14:10:00,1561.52,1561.52,1561.35,1561.35,-0.01,36.97,57365.75,-1
2024-08-08,2024-08-08 14:11:00,1561.35,1561.35,1561.18,1561.18,-0.01,36.97,57365.75,-1
2024-08-08,2024-08-08 14:12:00,1561.18,1561.18,1561.01,1561.01,-0.01,36.97,57365.75,-1
2024-08-08,2024-08-08 14:13:00,1561.01,1561.01,1560.84,1560.84,-0.01,36.97,57365.75,-1
2024-08-08,2024-08-08 14:14:00,1560.84,1560.84,1560.67,1560.67,-0.01,36.97,57365.75,-1
2024-08-08,2024-08-08 14:15:00,1560.67,1560.67,1560.5,1560.5,-0.01,36.97,57365.75,-1
2024-08-08,2024-08-08 14:16:00,1560.5,1560.5,1560.33,1560.33,-0.01,36.97,57365.75,-1
2024-08-08,2024-08-08 14:17:00,1560.33,1560.33,1560.16,1560.16,-0.01,36.97,57365.75,-1
2024-08-08,2024-08-08 14:18:00,1560.16,1560.16,1559.99,1559.99,-0.01,36.97,57365.75,-1
2024-08-08,2024-08-08 14:19:00,1559.99,1559.99,1559.82,1559.82,-0.01,36.97,57365.75,-1
2024-08-08,2024-08-08 14:20:00,1559.82,1559.82,1559.65,1559.65,-0.01,36.97,57365.75,-1
2024-08-08,2024-08-08 14:21:00,1559.65,1559.65,1559.48,1559.48,-0.01,36.97,57365.75,-1
2024-08-08,2024-08-08 14:22:00,1559.48,1559.48,1559.31,1559.31,-0.01,36.97,57365.75,-1
2024-08-08,2024-08-08 14:23:00,1559.31,1559.31,1559.13,1559.13,-0.01,36.97,57365.75,-1
2024-08-08,2024-08-08 14:24:00,1559.13,1559.13,1558.96,1558.96,-0.01,36.97,57365.75,-1
2024-08-08,2024-08-08 14:25:00,1558.96,1558.96,1558.79,1558.79,-0.01,36.97,57365.75,-1
2024-08-08,2024-08-08 14:26:00,1558.79,1558.79,1558.62,1558.62,-0.01,36.97,57365.75,-1
2024-08-08,2024-08-08 14:27:00,1558.62,1558.62,1558.45,1558.45,-0.01,36.97,57365.75,-1
2024-08-08,2024-08-08 14:28:00,1558.45,1558.45,1558.28,1558.28,-0.01,36.97,57365.75,-1
2024-08-08,2024-08-08 14:29:00,1558.28,1558.28,1558.11,1558.11,-0.01,36.97,57365.75,-1
2024-08-08,2024-08-08 14:30:00,1558.11,1558.11,1557.94,1557.94,-0.01,36.97,57365.75,-1
2024-08-08,2024-08-08 14:31:00,1557.94,1557.94,1557.77,1557.77,-0.01,36.97,57365.75,-1
2024-08-08,2024-08-08 14:32:00,1557.77,1557.77,1557.6,1557.6,-0.01,36.97,57365.75,-1
2024-08-08,2024-08-08 14:33:00,1557.6,1557.6,1557.43,1557.43,-0.01,36.97,57365.75,-1
2024-08-08,2024-08-08 14:34:00,1557.43,1557.43,1557.26,1557.26,-0.01,36.97,57365.75,-1
2024-08-08,2024-08-08 14:35:00,1557.26,1557.26,1557.09,1557.09,-0.01,36.97,57365.75,-1
2024-08-08,2024-08-08 14:36:00,1557.09,1557.09,1556.92,1556.92,-0.01,36.97,57365.75,-1
2024-08-08,2024-08-08 14:37:00,1556.92,1556.92,1556.75,1556.75,-0.01,36.97,57365.75,-1
2024-08-08,2024-08-08 14:38:00,1556.75,1556.75,1556.58,1556.58,-0.01,36.97,57365.75,-1
2024-08-08,2024-08-08 14:39:00,1556.58,1556.58,1556.41,1556.41,-0.01,36.97,57365.75,-1
2024-08-08,2024-08-08 14:40:00,1556.41,1556.41,1556.24,1556.24,-0.01,36.97,57365.75,-1
2024-08-08,2024-08-08 14:41:00,1556.24,1556.24,1556.07,1556.07,-0.01,36.97,57365.75,-1
2024-08-08,2024-08-08 14:42:00,1556.07,1556.07,1555.9,1555.9,-0.01,36.97,57365.75,-1
2024-08-08,2024-08-08 14:43:00,1555.9,1555.9,1555.73,1555.73,-0.01,36.97,57365.75,-1
2024-08-08,2024-08-08 14:44:00,1555.73,1555.73,1555.56,1555.56,-0.01,36.97,57365.75,-1
2024-08-08,2024-08-08 14:45:00,1555.56,1555.56,1555.39,1555.39,-0.01,36.97,57365.75,-1
2024-08-08,2024-08-08 14:46:00,1555.39,1555.39,1555.22,1555.22,-0.01,36.97,57365.75,-1
2024-08-08,2024-08-08 14:47:00,1555.22,1555.22,1555.05,1555.05,-0.01,36.97,57365.75,-1
2024-08-08,2024-08-08 14:48:00,1555.05,1555.05,1554.87,1554.87,-0.01,36.97,57365.75,-1
2024-08-08,2024-08-08 14:49:00,1554.87,1554.87,1554.7,1554.7,-0.01,36.97,57365.75,-1
2024-08-08,2024-08-08 14:50:00,1554.7,1554.7,1554.53,1554.53,-0.01,36.97,57365.75,-1
2024-08-08,2024-08-08 14:51:00,1554.53,1554.53,1554.36,1554.36,-0.01,36.97,57365.75,-1
2024-08-08,2024-08-08 14:52:00,1554.36,1554.36,1554.19,1554.19,-0.01,36.97,57365.75,-1
2024-08-08,2024-08-08 14:53:00,1554.19,1554.19,1554.02,1554.02,-0.01,36.97,57365.75,-1
2024-08-08,2024-08-08 14:54:00,1554.02,1554.02,1553.85,1553.85,-0.01,36.97,57365.75,-1
2024-08-08,2024-08-08 14:55:00,1553.85,1553.85,1553.68,1553.68,-0.01,36.97,57365.75,-1
2024-08-08,2024-08-08 14:56:00,1553.68,1553.68,1553.51,1553.51,-0.01,36.97,57365.75,-1
2024-08-08,2024-08-08 14:57:00,1553.51,1553.51,1553.34,1553.34,-0.01,36.97,57365.75,-1
2024-08-08,2024-08-08 14:58:00,1553.34,1553.34,1553.17,1553.17,-0.01,36.97,57365.75,-1
2024-08-08,2024-08-08 14:59:00,1553.17,1553.17,1553.0,1553.0,-0.01,36.97,57365.75,-1
2024-08-08,2024-08-08 15:00:00,1553.0,1655.0,1533.5,1553.0,0.0,36.97,57365.75,0
2024-08-11,2024-08-11 11:00:00,1575.0,1582.5,1570.5,1575.06,0.0,77.28,122032.68,1
2024-08-11,2024-08-11 11:01:00,1575.06,1575.12,1575.06,1575.12,0.0,77.28,122032.68,1
2024-08-11,2024-08-11 11:02:00,1575.12,1575.19,1575.12,1575.19,0.0,77.28,122032.68,1
2024-08-11,2024-08-11 11:03:00,1575.19,1575.25,1575.19,1575.25,0.0,77.28,122032.68,1
2024-08-11,2024-08-11 11:04:00,1575.25,1575.31,1575.25,1575.31,0.0,77.28,122032.68,1
2024-08-11,2024-08-11 11:05:00,1575.31,1575.38,1575.31,1575.38,0.0,77.28,122032.68,1
2024-08-11,2024-08-11 11:06:00,1575.38,1575.44,1575.38,1575.44,0.0,77.28,122032.68,1
2024-08-11,2024-08-11 11:07:00,1575.44,1575.5,1575.44,1575.5,0.0,77.28,122032.68,1
2024-08-11,2024-08-11 11:08:00,1575.5,1575.56,1575.5,1575.56,0.0,77.28,122032.68,1
2024-08-11,2024-08-11 11:09:00,1575.56,1575.62,1575.56,1575.62,0.0,77.28,122032.68,1
2024-08-11,2024-08-11 11:10:00,1575.62,1575.69,1575.62,1575.69,0.0,77.28,122032.68,1
2024-08-11,2024-08-11 11:11:00,1575.69,1575.75,1575.69,1575.75,0.0,77.28,122032.68,1
2024-08-11,2024-08-11 11:12:00,1575.75,1575.81,1575.75,1575.81,0.0,77.28,122032.68,1
2024-08-11,2024-08-11 11:13:00,1575.81,1575.88,1575.81,1575.88,0.0,77.28,122032.68,1
2024-08-11,2024-08-11 11:14:00,1575.88,1575.94,1575.88,1575.94,0.0,77.28,122032.68,1
2024-08-11,2024-08-11 11:15:00,1575.94,1576.0,1575.94,1576.0,0.0,77.28,122032.68,1
2024-08-11,2024-08-11 11:16:00,1576.0,1576.06,1576.0,1576.06,0.0,77.28,122032.68,1
2024-08-11,2024-08-11 11:17:00,1576.06,1576.12,1576.06,1576.12,0.0,77.28,122032.68,1
2024-08-11,2024-08-11 11:18:00,1576.12,1576.19,1576.12,1576.19,0.0,77.28,122032.68,1
2024-08-11,2024-08-11 11:19:00,1576.19,1576.25,1576.19,1576.25,0.0,77.28,122032.68,1
2024-08-11,2024-08-11 11:20:00,1576.25,1576.31,1576.25,1576.31,0.0,77.28,122032.68,1
2024-08-11,2024-08-11 11:21:00,1576.31,1576.38,1576.31,1576.38,0.0,77.28,122032.68,1
2024-08-11,2024-08-11 11:22:00,1576.38,1576.44,1576.38,1576.44,0.0,77.28,122032.68,1
2024-08-11,2024-08-11 11:23:00,1576.44,1576.5,1576.44,1576.5,0.0,77.28,122032.68,1
2024-08-11,2024-08-11 11:24:00,1576.5,1576.56,1576.5,1576.56,0.0,77.28,122032.68,1
2024-08-11,2024-08-11 11:25:00,1576.56,1576.62,1576.56,1576.62,0.0,77.28,122032.68,1
2024-08-11,2024-08-11 11:26:00,1576.62,1576.69,1576.62,1576.69,0.0,77.28,122032.68,1
2024-08-11,2024-08-11 11:27:00,1576.69,1576.75,1576.69,1576.75,0.0,77.28,122032.68,1
2024-08-11,2024-08-11 11:28:00,1576.75,1576.81,1576.75,1576.81,0.0,77.28,122032.68,1
2024-08-11,2024-08-11 11:29:00,1576.81,1576.88,1576.81,1576.88,0.0,77.28,122032.68,1
2024-08-11,2024-08-11 11:30:00,1576.88,1576.94,1576.88,1576.94,0.0,77.28,122032.68,1
2024-08-11,2024-08-11 11:31:00,1576.94,1577.0,1576.94,1577.0,0.0,77.28,122032.68,1
2024-08-11,2024-08-11 11:32:00,1577.0,1577.06,1577.0,1577.06,0.0,77.28,122032.68,1
2024-08-11,2024-08-11 11:33:00,1577.06,1577.12,1577.06,1577.12,0.0,77.28,122032.68,1
2024-08-11,2024-08-11 11:34:00,1577.12,1577.19,1577.12,1577.19,0.0,77.28,122032.68,1
2024-08-11,2024-08-11 11:35:00,1577.19,1577.25,1577.19,1577.25,0.0,77.28,122032.68,1
2024-08-11,2024-08-11 11:36:00,1577.25,1577.31,1577.25,1577.31,0.0,77.28,122032.68,1
2024-08-11,2024-08-11 11:37:00,1577.31,1577.38,1577.31,1577.38,0.0,77.28,122032.68,1
2024-08-11,2024-08-11 11:38:00,1577.38,1577.44,1577.38,1577.44,0.0,77.28,122032.68,1
2024-08-11,2024-08-11 11:39:00,1577.44,1577.5,1577.44,1577.5,0.0,77.28,122032.68,1
2024-08-11,2024-08-11 11:40:00,1577.5,1577.56,1577.5,1577.56,0.0,77.28,122032.68,1
2024-08-11,2024-08-11 11:41:00,1577.56,1577.62,1577.56,1577.62,0.0,77.28,122032.68,1
2024-08-11,2024-08-11 11:42:00,1577.62,1577.69,1577.62,1577.69,0.0,77.28,122032.68,1
2024-08-11,2024-08-11 11:43:00,1577.69,1577.75,1577.69,1577.75,0.0,77.28,122032.68,1
2024-08-11,2024-08-11 11:44:00,1577.75,1577.81,1577.75,1577.81,0.0,77.28,122032.68,1
2024-08-11,2024-08-11 11:45:00,1577.81,1577.88,1577.81,1577.88,0.0,77.28,122032.68,1
2024-08-11,2024-08-11 11:46:00,1577.88,1577.94,1577.88,1577.94,0.0,77.28,122032.68,1
2024-08-11,2024-08-11 11:47:00,1577.94,1578.0,1577.94,1578.0,0.0,77.28,122032.68,1
2024-08-11,2024-08-11 11:48:00,1578.0,1578.06,1578.0,1578.06,0.0,77.28,122032.68,1
2024-08-11,2024-08-11 11:49:00,1578.06,1578.12,1578.06,1578.12,0.0,77.28,122032.68,1
2024-08-11,2024-08-11 11:50:00,1578.12,1578.19,1578.12,1578.19,0.0,77.28,122032.68,1
2024-08-11,2024-08-11 11:51:00,1578.19,1578.25,1578.19,1578.25,0.0,77.28,122032.68,1
2024-08-11,2024-08-11 11:52:00,1578.25,1578.31,1578.25,1578.31,0.0,77.28,122032.68,1
2024-08-11,2024-08-11 11:53:00,1578.31,1578.38,1578.31,1578.38,0.0,77.28,122032.68,1
2024-08-11,2024-08-11 11:54:00,1578.38,1578.44,1578.38,1578.44,0.0,77.28,122032.68,1
2024-08-11,2024-08-11 11:55:00,1578.44,1578.5,1578.44,1578.5,0.0,77.28,122032.68,1
2024-08-11,2024-08-11 11:56:00,1578.5,1578.56,1578.5,1578.56,0.0,77.28,122032.68,1
2024-08-11,2024-08-11 11:57:00,1578.56,1578.62,1578.56,1578.62,0.0,77.28,122032.68,1
2024-08-11,2024-08-11 11:58:00,1578.62,1578.69,1578.62,1578.69,0.0,77.28,122032.68,1
2024-08-11,2024-08-11 11:59:00,1578.69,1578.75,1578.69,1578.75,0.0,77.28,122032.68,1
2024-08-11,2024-08-11 12:00:00,1578.75,1578.81,1578.75,1578.81,0.0,77.28,122032.68,1
2024-08-11,2024-08-11 12:01:00,1578.81,1578.88,1578.81,1578.88,0.0,77.28,122032.68,1
2024-08-11,2024-08-11 12:02:00,1578.88,1578.94,1578.88,1578.94,0.0,77.28,122032.68,1
2024-08-11,2024-08-11 12:03:00,1578.94,1579.0,1578.94,1579.0,0.0,77.28,122032.68,1
2024-08-11,2024-08-11 12:04:00,1579.0,1579.06,1579.0,1579.06,0.0,77.28,122032.68,1
2024-08-11,2024-08-11 12:05:00,1579.06,1579.12,1579.06,1579.12,0.0,77.28,122032.68,1
2024-08-11,2024-08-11 12:06:00,1579.12,1579.19,1579.12,1579.19,0.0,77.28,122032.68,1
2024-08-11,2024-08-11 12:07:00,1579.19,1579.25,1579.19,1579.25,0.0,77.28,122032.68,1
2024-08-11,2024-08-11 12:08:00,1579.25,1579.31,1579.25,1579.31,0.0,77.28,122032.68,1
2024-08-11,2024-08-11 12:09:00,1579.31,1579.38,1579.31,1579.38,0.0,77.28,122032.68,1
2024-08-11,2024-08-11 12:10:00,1579.38,1579.44,1579.38,1579.44,0.0,77.28,122032.68,1
2024-08-11,2024-08-11 12:11:00,1579.44,1579.5,1579.44,1579.5,0.0,77.28,122032.68,1
2024-08-11,2024-08-11 12:12:00,1579.5,1579.56,1579.5,1579.56,0.0,77.28,122032.68,1
2024-08-11,2024-08-11 12:13:00,1579.56,1579.62,1579.56,1579.62,0.0,77.28,122032.68,1
2024-08-11,2024-08-11 12:14:00,1579.62,1579.69,1579.62,1579.69,0.0,77.28,122032.68,1
2024-08-11,2024-08-11 12:15:00,1579.69,1579.75,1579.69,1579.75,0.0,77.28,122032.68,1
2024-08-11,2024-08-11 12:16:00,1579.75,1579.81,1579.75,1579.81,0.0,77.28,122032.68,1
2024-08-11,2024-08-11 12:17:00,1579.81,1579.88,1579.81,1579.88,0.0,77.28,122032.68,1
2024-08-11,2024-08-11 12:18:00,1579.88,1579.94,1579.88,1579.94,0.0,77.28,122032.68,1
2024-08-11,2024-08-11 12:19:00,1579.94,1580.0,1579.94,1580.0,0.0,77.28,122032.68,1
2024-08-11,2024-08-11 12:20:00,1580.0,1580.06,1580.0,1580.06,0.0,77.28,122032.68,1
2024-08-11,2024-08-11 12:21:00,1580.06,1580.12,1580.06,1580.12,0.0,77.28,122032.68,1
2024-08-11,2024-08-11 12:22:00,1580.12,1580.19,1580.12,1580.19,0.0,77.28,122032.68,1
2024-08-11,2024-08-11 12:23:00,1580.19,1580.25,1580.19,1580.25,0.0,77.28,122032.68,1
2024-08-11,2024-08-11 12:24:00,1580.25,1580.31,1580.25,1580.31,0.0,77.28,122032.68,1
2024-08-11,2024-08-11 12:25:00,1580.31,1580.38,1580.31,1580.38,0.0,77.28,122032.68,1
2024-08-11,2024-08-11 12:26:00,1580.38,1580.44,1580.38,1580.44,0.0,77.28,122032.68,1
2024-08-11,2024-08-11 12:27:00,1580.44,1580.5,1580.44,1580.5,0.0,77.28,122032.68,1
2024-08-11,2024-08-11 12:28:00,1580.5,1580.56,1580.5,1580.56,0.0,77.28,122032.68,1
2024-08-11,2024-08-11 12:29:00,1580.56,1580.62,1580.56,1580.62,0.0,77.28,122032.68,1
2024-08-11,2024-08-11 12:30:00,1580.62,1580.69,1580.62,1580.69,0.0,77.28,122032.68,1
2024-08-11,2024-08-11 12:31:00,1580.69,1580.75,1580.69,1580.75,0.0,77.28,122032.68,1
2024-08-11,2024-08-11 12:32:00,1580.75,1580.81,1580.75,1580.81,0.0,77.28,122032.68,1
2024-08-11,2024-08-11 12:33:00,1580.81,1580.88,1580.81,1580.88,0.0,77.28,122032.68,1
2024-08-11,2024-08-11 12:34:00,1580.88,1580.94,1580.88,1580.94,0.0,77.28,122032.68,1
2024-08-11,2024-08-11 12:35:00,1580.94,1581.0,1580.94,1581.0,0.0,77.28,122032.68,1
2024-08-11,2024-08-11 12:36:00,1581.0,1581.06,1581.0,1581.06,0.0,77.28,122032.68,1
2024-08-11,2024-08-11 12:37:00,1581.06,1581.12,1581.06,1581.12,0.0,77.28,122032.68,1
2024-08-11,2024-08-11 12:38:00,1581.12,1581.19,1581.12,1581.19,0.0,77.28,122032.68,1
2024-08-11,2024-08-11 12:39:00,1581.19,1581.25,1581.19,1581.25,0.0,77.28,122032.68,1
2024-08-11,2024-08-11 12:40:00,1581.25,1581.31,1581.25,1581.31,0.0,77.28,122032.68,1
2024-08-11,2024-08-11 12:41:00,1581.31,1581.38,1581.31,1581.38,0.0,77.28,122032.68,1
2024-08-11,2024-08-11 12:42:00,1581.38,1581.44,1581.38,1581.44,0.0,77.28,122032.68,1
2024-08-11,2024-08-11 12:43:00,1581.44,1581.5,1581.44,1581.5,0.0,77.28,122032.68,1
2024-08-11,2024-08-11 12:44:00,1581.5,1581.56,1581.5,1581.56,0.0,77.28,122032.68,1
2024-08-11,2024-08-11 12:45:00,1581.56,1581.62,1581.56,1581.62,0.0,77.28,122032.68,1
2024-08-11,2024-08-11 12:46:00,1581.62,1581.69,1581.62,1581.69,0.0,77.28,122032.68,1
2024-08-11,2024-08-11 12:47:00,1581.69,1581.75,1581.69,1581.75,0.0,77.28,122032.68,1
2024-08-11,2024-08-11 12:48:00,1581.75,1581.81,1581.75,1581.81,0.0,77.28,122032.68,1
2024-08-11,2024-08-11 12:49:00,1581.81,1581.88,1581.81,1581.88,0.0,77.28,122032.68,1
2024-08-11,2024-08-11 12:50:00,1581.88,1581.94,1581.88,1581.94,0.0,77.28,122032.68,1
2024-08-11,2024-08-11 12:51:00,1581.94,1582.0,1581.94,1582.0,0.0,77.28,122032.68,1
2024-08-11,2024-08-11 12:52:00,1582.0,1582.06,1582.0,1582.06,0.0,77.28,122032.68,1
2024-08-11,2024-08-11 12:53:00,1582.06,1582.12,1582.06,1582.12,0.0,77.28,122032.68,1
2024-08-11,2024-08-11 12:54:00,1582.12,1582.19,1582.12,1582.19,0.0,77.28,122032.68,1
2024-08-11,2024-08-11 12:55:00,1582.19,1582.25,1582.19,1582.25,0.0,77.28,122032.68,1
2024-08-11,2024-08-11 12:56:00,1582.25,1582.31,1582.25,1582.31,0.0,77.28,122032.68,1
2024-08-11,2024-08-11 12:57:00,1582.31,1582.38,1582.31,1582.38,0.0,77.28,122032.68,1
2024-08-11,2024-08-11 12:58:00,1582.38,1582.44,1582.38,1582.44,0.0,77.28,122032.68,1
2024-08-11,2024-08-11 12:59:00,1582.44,1582.5,1582.44,1582.5,0.0,77.28,122032.68,1
2024-08-11,2024-08-11 13:00:00,1582.5,1600.0,1560.0,1582.56,0.0,77.28,122032.68,1
2024-08-11,2024-08-11 13:01:00,1582.56,1582.62,1582.56,1582.62,0.0,77.28,122032.68,1
2024-08-11,2024-08-11 13:02:00,1582.62,1582.69,1582.62,1582.69,0.0,77.28,122032.68,1
2024-08-11,2024-08-11 13:03:00,1582.69,1582.75,1582.69,1582.75,0.0,77.28,122032.68,1
2024-08-11,2024-08-11 13:04:00,1582.75,1582.81,1582.75,1582.81,0.0,77.28,122032.68,1
2024-08-11,2024-08-11 13:05:00,1582.81,1582.88,1582.81,1582.88,0.0,77.28,122032.68,1
2024-08-11,2024-08-11 13:06:00,1582.88,1582.94,1582.88,1582.94,0.0,77.28,122032.68,1
2024-08-11,2024-08-11 13:07:00,1582.94,1583.0,1582.94,1583.0,0.0,77.28,122032.68,1
2024-08-11,2024-08-11 13:08:00,1583.0,1583.06,1583.0,1583.06,0.0,77.28,122032.68,1
2024-08-11,2024-08-11 13:09:00,1583.06,1583.12,1583.06,1583.12,0.0,77.28,122032.68,1
2024-08-11,2024-08-11 13:10:00,1583.12,1583.19,1583.12,1583.19,0.0,77.28,122032.68,1
2024-08-11,2024-08-11 13:11:00,1583.19,1583.25,1583.19,1583.25,0.0,77.28,122032.68,1
2024-08-11,2024-08-11 13:12:00,1583.25,1583.31,1583.25,1583.31,0.0,77.28,122032.68,1
2024-08-11,2024-08-11 13:13:00,1583.31,1583.38,1583.31,1583.38,0.0,77.28,122032.68,1
2024-08-11,2024-08-11 13:14:00,1583.38,1583.44,1583.38,1583.44,0.0,77.28,122032.68,1
2024-08-11,2024-08-11 13:15:00,1583.44,1583.5,1583.44,1583.5,0.0,77.28,122032.68,1
2024-08-11,2024-08-11 13:16:00,1583.5,1583.56,1583.5,1583.56,0.0,77.28,122032.68,1
2024-08-11,2024-08-11 13:17:00,1583.56,1583.62,1583.56,1583.62,0.0,77.28,122032.68,1
2024-08-11,2024-08-11 13:18:00,1583.62,1583.69,1583.62,1583.69,0.0,77.28,122032.68,1
2024-08-11,2024-08-11 13:19:00,1583.69,1583.75,1583.69,1583.75,0.0,77.28,122032.68,1
2024-08-11,2024-08-11 13:20:00,1583.75,1583.81,1583.75,1583.81,0.0,77.28,122032.68,1
2024-08-11,2024-08-11 13:21:00,1583.81,1583.88,1583.81,1583.88,0.0,77.28,122032.68,1
2024-08-11,2024-08-11 13:22:00,1583.88,1583.94,1583.88,1583.94,0.0,77.28,122032.68,1
2024-08-11,2024-08-11 13:23:00,1583.94,1584.0,1583.94,1584.0,0.0,77.28,122032.68,1
2024-08-11,2024-08-11 13:24:00,1584.0,1584.06,1584.0,1584.06,0.0,77.28,122032.68,1
2024-08-11,2024-08-11 13:25:00,1584.06,1584.12,1584.06,1584.12,0.0,77.28,122032.68,1
2024-08-11,2024-08-11 13:26:00,1584.12,1584.19,1584.12,1584.19,0.0,77.28,122032.68,1
2024-08-11,2024-08-11 13:27:00,1584.19,1584.25,1584.19,1584.25,0.0,77.28,122032.68,1
2024-08-11,2024-08-11 13:28:00,1584.25,1584.31,1584.25,1584.31,0.0,77.28,122032.68,1
2024-08-11,2024-08-11 13:29:00,1584.31,1584.38,1584.31,1584.38,0.0,77.28,122032.68,1
2024-08-11,2024-08-11 13:30:00,1584.38,1584.44,1584.38,1584.44,0.0,77.28,122032.68,1
2024-08-11,2024-08-11 13:31:00,1584.44,1584.5,1584.44,1584.5,0.0,77.28,122032.68,1
2024-08-11,2024-08-11 13:32:00,1584.5,1584.56,1584.5,1584.56,0.0,77.28,122032.68,1
2024-08-11,2024-08-11 13:33:00,1584.56,1584.62,1584.56,1584.62,0.0,77.28,122032.68,1
2024-08-11,2024-08-11 13:34:00,1584.62,1584.69,1584.62,1584.69,0.0,77.28,122032.68,1
2024-08-11,2024-08-11 13:35:00,1584.69,1584.75,1584.69,1584.75,0.0,77.28,122032.68,1
2024-08-11,2024-08-11 13:36:00,1584.75,1584.81,1584.75,1584.81,0.0,77.28,122032.68,1
2024-08-11,2024-08-11 13:37:00,1584.81,1584.88,1584.81,1584.88,0.0,77.28,122032.68,1
2024-08-11,2024-08-11 13:38:00,1584.88,1584.94,1584.88,1584.94,0.0,77.28,122032.68,1
2024-08-11,2024-08-11 13:39:00,1584.94,1585.0,1584.94,1585.0,0.0,77.28,122032.68,1
2024-08-11,2024-08-11 13:40:00,1585.0,1585.06,1585.0,1585.06,0.0,77.28,122032.68,1
2024-08-11,2024-08-11 13:41:00,1585.06,1585.12,1585.06,1585.12,0.0,77.28,122032.68,1
2024-08-11,2024-08-11 13:42:00,1585.12,1585.19,1585.12,1585.19,0.0,77.28,122032.68,1
2024-08-11,2024-08-11 13:43:00,1585.19,1585.25,1585.19,1585.25,0.0,77.28,122032.68,1
2024-08-11,2024-08-11 13:44:00,1585.25,1585.31,1585.25,1585.31,0.0,77.28,122032.68,1
2024-08-11,2024-08-11 13:45:00,1585.31,1585.38,1585.31,1585.38,0.0,77.28,122032.68,1
2024-08-11,2024-08-11 13:46:00,1585.38,1585.44,1585.38,1585.44,0.0,77.28,122032.68,1
2024-08-11,2024-08-11 13:47:00,1585.44,1585.5,1585.44,1585.5,0.0,77.28,122032.68,1
2024-08-11,2024-08-11 13:48:00,1585.5,1585.56,1585.5,1585.56,0.0,77.28,122032.68,1
2024-08-11,2024-08-11 13:49:00,1585.56,1585.62,1585.56,1585.62,0.0,77.28,122032.68,1
2024-08-11,2024-08-11 13:50:00,1585.62,1585.69,1585.62,1585.69,0.0,77.28,122032.68,1
2024-08-11,2024-08-11 13:51:00,1585.69,1585.75,1585.69,1585.75,0.0,77.28,122032.68,1
2024-08-11,2024-08-11 13:52:00,1585.75,1585.81,1585.75,1585.81,0.0,77.28,122032.68,1
2024-08-11,2024-08-11 13:53:00,1585.81,1585.88,1585.81,1585.88,0.0,77.28,122032.68,1
2024-08-11,2024-08-11 13:54:00,1585.88,1585.94,1585.88,1585.94,0.0,77.28,122032.68,1
2024-08-11,2024-08-11 13:55:00,1585.94,1586.0,1585.94,1586.0,0.0,77.28,122032.68,1
2024-08-11,2024-08-11 13:56:00,1586.0,1586.06,1586.0,1586.06,0.0,77.28,122032.68,1
2024-08-11,2024-08-11 13:57:00,1586.06,1586.12,1586.06,1586.12,0.0,77.28,122032.68,1
2024-08-11,2024-08-11 13:58:00,1586.12,1586.19,1586.12,1586.19,0.0,77.28,122032.68,1
2024-08-11,2024-08-11 13:59:00,1586.19,1586.25,1586.19,1586.25,0.0,77.28,122032.68,1
2024-08-11,2024-08-11 14:00:00,1586.25,1586.31,1586.25,1586.31,0.0,77.28,122032.68,1
2024-08-11,2024-08-11 14:01:00,1586.31,1586.38,1586.31,1586.38,0.0,77.28,122032.68,1
2024-08-11,2024-08-11 14:02:00,1586.38,1586.44,1586.38,1586.44,0.0,77.28,122032.68,1
2024-08-11,2024-08-11 14:03:00,1586.44,1586.5,1586.44,1586.5,0.0,77.28,122032.68,1
2024-08-11,2024-08-11 14:04:00,1586.5,1586.56,1586.5,1586.56,0.0,77.28,122032.68,1
2024-08-11,2024-08-11 14:05:00,1586.56,1586.62,1586.56,1586.62,0.0,77.28,122032.68,1
2024-08-11,2024-08-11 14:06:00,1586.62,1586.69,1586.62,1586.69,0.0,77.28,122032.68,1
2024-08-11,2024-08-11 14:07:00,1586.69,1586.75,1586.69,1586.75,0.0,77.28,122032.68,1
2024-08-11,2024-08-11 14:08:00,1586.75,1586.81,1586.75,1586.81,0.0,77.28,122032.68,1
2024-08-11,2024-08-11 14:09:00,1586.81,1586.88,1586.81,1586.88,0.0,77.28,122032.68,1
2024-08-11,2024-08-11 14:10:00,1586.88,1586.94,1586.88,1586.94,0.0,77.28,122032.68,1
2024-08-11,2024-08-11 14:11:00,1586.94,1587.0,1586.94,1587.0,0.0,77.28,122032.68,1
2024-08-11,2024-08-11 14:12:00,1587.0,1587.06,1587.0,1587.06,0.0,77.28,122032.68,1
2024-08-11,2024-08-11 14:13:00,1587.06,1587.12,1587.06,1587.12,0.0,77.28,122032.68,1
2024-08-11,2024-08-11 14:14:00,1587.12,1587.19,1587.12,1587.19,0.0,77.28,122032.68,1
2024-08-11,2024-08-11 14:15:00,1587.19,1587.25,1587.19,1587.25,0.0,77.28,122032.68,1
2024-08-11,2024-08-11 14:16:00,1587.25,1587.31,1587.25,1587.31,0.0,77.28,122032.68,1
2024-08-11,2024-08-11 14:17:00,1587.31,1587.38,1587.31,1587.38,0.0,77.28,122032.68,1
2024-08-11,2024-08-11 14:18:00,1587.38,1587.44,1587.38,1587.44,0.0,77.28,122032.68,1
2024-08-11,2024-08-11 14:19:00,1587.44,1587.5,1587.44,1587.5,0.0,77.28,122032.68,1
2024-08-11,2024-08-11 14:20:00,1587.5,1587.56,1587.5,1587.56,0.0,77.28,122032.68,1
2024-08-11,2024-08-11 14:21:00,1587.56,1587.62,1587.56,1587.62,0.0,77.28,122032.68,1
2024-08-11,2024-08-11 14:22:00,1587.62,1587.69,1587.62,1587.69,0.0,77.28,122032.68,1
2024-08-11,2024-08-11 14:23:00,1587.69,1587.75,1587.69,1587.75,0.0,77.28,122032.68,1
2024-08-11,2024-08-11 14:24:00,1587.75,1587.81,1587.75,1587.81,0.0,77.28,122032.68,1
2024-08-11,2024-08-11 14:25:00,1587.81,1587.88,1587.81,1587.88,0.0,77.28,122032.68,1
2024-08-11,2024-08-11 14:26:00,1587.88,1587.94,1587.88,1587.94,0.0,77.28,122032.68,1
2024-08-11,2024-08-11 14:27:00,1587.94,1588.0,1587.94,1588.0,0.0,77.28,122032.68,1
2024-08-11,2024-08-11 14:28:00,1588.0,1588.06,1588.0,1588.06,0.0,77.28,122032.68,1
2024-08-11,2024-08-11 14:29:00,1588.06,1588.12,1588.06,1588.12,0.0,77.28,122032.68,1
2024-08-11,2024-08-11 14:30:00,1588.12,1588.19,1588.12,1588.19,0.0,77.28,122032.68,1
2024-08-11,2024-08-11 14:31:00,1588.19,1588.25,1588.19,1588.25,0.0,77.28,122032.68,1
2024-08-11,2024-08-11 14:32:00,1588.25,1588.31,1588.25,1588.31,0.0,77.28,122032.68,1
2024-08-11,2024-08-11 14:33:00,1588.31,1588.38,1588.31,1588.38,0.0,77.28,122032.68,1
2024-08-11,2024-08-11 14:34:00,1588.38,1588.44,1588.38,1588.44,0.0,77.28,122032.68,1
2024-08-11,2024-08-11 14:35:00,1588.44,1588.5,1588.44,1588.5,0.0,77.28,122032.68,1
2024-08-11,2024-08-11 14:36:00,1588.5,1588.56,1588.5,1588.56,0.0,77.28,122032.68,1
2024-08-11,2024-08-11 14:37:00,1588.56,1588.62,1588.56,1588.62,0.0,77.28,122032.68,1
2024-08-11,2024-08-11 14:38:00,1588.62,1588.69,1588.62,1588.69,0.0,77.28,122032.68,1
2024-08-11,2024-08-11 14:39:00,1588.69,1588.75,1588.69,1588.75,0.0,77.28,122032.68,1
2024-08-11,2024-08-11 14:40:00,1588.75,1588.81,1588.75,1588.81,0.0,77.28,122032.68,1
2024-08-11,2024-08-11 14:41:00,1588.81,1588.88,1588.81,1588.88,0.0,77.28,122032.68,1
2024-08-11,2024-08-11 14:42:00,1588.88,1588.94,1588.88,1588.94,0.0,77.28,122032.68,1
2024-08-11,2024-08-11 14:43:00,1588.94,1589.0,1588.94,1589.0,0.0,77.28,122032.68,1
2024-08-11,2024-08-11 14:44:00,1589.0,1589.06,1589.0,1589.06,0.0,77.28,122032.68,1
2024-08-11,2024-08-11 14:45:00,1589.06,1589.12,1589.06,1589.12,0.0,77.28,122032.68,1
2024-08-11,2024-08-11 14:46:00,1589.12,1589.19,1589.12,1589.19,0.0,77.28,122032.68,1
2024-08-11,2024-08-11 14:47:00,1589.19,1589.25,1589.19,1589.25,0.0,77.28,122032.68,1
2024-08-11,2024-08-11 14:48:00,1589.25,1589.31,1589.25,1589.31,0.0,77.28,122032.68,1
2024-08-11,2024-08-11 14:49:00,1589.31,1589.38,1589.31,1589.38,0.0,77.28,122032.68,1
2024-08-11,2024-08-11 14:50:00,1589.38,1589.44,1589.38,1589.44,0.0,77.28,122032.68,1
2024-08-11,2024-08-11 14:51:00,1589.44,1589.5,1589.44,1589.5,0.0,77.28,122032.68,1
2024-08-11,2024-08-11 14:52:00,1589.5,1589.56,1589.5,1589.56,0.0,77.28,122032.68,1
2024-08-11,2024-08-11 14:53:00,1589.56,1589.62,1589.56,1589.62,0.0,77.28,122032.68,1
2024-08-11,2024-08-11 14:54:00,1589.62,1589.69,1589.62,1589.69,0.0,77.28,122032.68,1
2024-08-11,2024-08-11 14:55:00,1589.69,1589.75,1589.69,1589.75,0.0,77.28,122032.68,1
2024-08-11,2024-08-11 14:56:00,1589.75,1589.81,1589.75,1589.81,0.0,77.28,122032.68,1
2024-08-11,2024-08-11 14:57:00,1589.81,1589.88,1589.81,1589.88,0.0,77.28,122032.68,1
2024-08-11,2024-08-11 14:58:00,1589.88,1589.94,1589.88,1589.94,0.0,77.28,122032.68,1
2024-08-11,2024-08-11 14:59:00,1589.94,1590.0,1589.94,1590.0,0.0,77.28,122032.68,1
2024-08-11,2024-08-11 15:00:00,1590.0,1600.0,1560.0,1590.0,0.0,77.28,122032.68,0
2024-08-12,2024-08-12 11:00:00,1610.0,1617.5,1604.9,1609.99,-0.0,58.43,93726.11,-1
2024-08-12,2024-08-12 11:01:00,1609.99,1609.99,1609.98,1609.98,-0.0,58.43,93726.11,-1
2024-08-12,2024-08-12 11:02:00,1609.98,1609.98,1609.97,1609.97,-0.0,58.43,93726.11,-1
2024-08-12,2024-08-12 11:03:00,1609.97,1609.97,1609.97,1609.97,0.0,58.43,93726.11,0
2024-08-12,2024-08-12 11:04:00,1609.97,1609.97,1609.96,1609.96,-0.0,58.43,93726.11,-1
2024-08-12,2024-08-12 11:05:00,1609.96,1609.96,1609.95,1609.95,-0.0,58.43,93726.11,-1
2024-08-12,2024-08-12 11:06:00,1609.95,1609.95,1609.94,1609.94,-0.0,58.43,93726.11,-1
2024-08-12,2024-08-12 11:07:00,1609.94,1609.94,1609.93,1609.93,-0.0,58.43,93726.11,-1
2024-08-12,2024-08-12 11:08:00,1609.93,1609.93,1609.92,1609.92,-0.0,58.43,93726.11,-1
2024-08-12,2024-08-12 11:09:00,1609.92,1609.92,1609.92,1609.92,0.0,58.43,93726.11,0
2024-08-12,2024-08-12 11:10:00,1609.92,1609.92,1609.91,1609.91,-0.0,58.43,93726.11,-1
2024-08-12,2024-08-12 11:11:00,1609.91,1609.91,1609.9,1609.9,-0.0,58.43,93726.11,-1
2024-08-12,2024-08-12 11:12:00,1609.9,1609.9,1609.89,1609.89,-0.0,58.43,93726.11,-1
2024-08-12,2024-08-12 11:13:00,1609.89,1609.89,1609.88,1609.88,-0.0,58.43,93726.11,-1
2024-08-12,2024-08-12 11:14:00,1609.88,1609.88,1609.88,1609.88,0.0,58.43,93726.11,0
2024-08-12,2024-08-12 11:15:00,1609.88,1609.88,1609.87,1609.87,-0.0,58.43,93726.11,-1
2024-08-12,2024-08-12 11:16:00,1609.87,1609.87,1609.86,1609.86,-0.0,58.43,93726.11,-1
2024-08-12,2024-08-12 11:17:00,1609.86,1609.86,1609.85,1609.85,-0.0,58.43,93726.11,-1
2024-08-12,2024-08-12 11:18:00,1609.85,1609.85,1609.84,1609.84,-0.0,58.43,93726.11,-1
2024-08-12,2024-08-12 11:19:00,1609.84,1609.84,1609.83,1609.83,-0.0,58.43,93726.11,-1
2024-08-12,2024-08-12 11:20:00,1609.83,1609.83,1609.83,1609.83,0.0,58.43,93726.11,0
2024-08-12,2024-08-12 11:21:00,1609.83,1609.83,1609.82,1609.82,-0.0,58.43,93726.11,-1
2024-08-12,2024-08-12 11:22:00,1609.82,1609.82,1609.81,1609.81,-0.0,58.43,93726.11,-1
2024-08-12,2024-08-12 11:23:00,1609.81,1609.81,1609.8,1609.8,-0.0,58.43,93726.11,-1
2024-08-12,2024-08-12 11:24:00,1609.8,1609.8,1609.79,1609.79,-0.0,58.43,93726.11,-1
2024-08-12,2024-08-12 11:25:00,1609.79,1609.79,1609.78,1609.78,-0.0,58.43,93726.11,-1
2024-08-12,2024-08-12 11:26:00,1609.78,1609.78,1609.78,1609.78,0.0,58.43,93726.11,0
2024-08-12,2024-08-12 11:27:00,1609.78,1609.78,1609.77,1609.77,-0.0,58.43,93726.11,-1
2024-08-12,2024-08-12 11:28:00,1609.77,1609.77,1609.76,1609.76,-0.0,58.43,93726.11,-1
2024-08-12,2024-08-12 11:29:00,1609.76,1609.76,1609.75,1609.75,-0.0,58.43,93726.11,-1
2024-08-12,2024-08-12 11:30:00,1609.75,1609.75,1609.74,1609.74,-0.0,58.43,93726.11,-1
2024-08-12,2024-08-12 11:31:00,1609.74,1609.74,1609.73,1609.73,-0.0,58.43,93726.11,-1
2024-08-12,2024-08-12 11:32:00,1609.73,1609.73,1609.72,1609.72,-0.0,58.43,93726.11,-1
2024-08-12,2024-08-12 11:33:00,1609.72,1609.72,1609.72,1609.72,0.0,58.43,93726.11,0
2024-08-12,2024-08-12 11:34:00,1609.72,1609.72,1609.71,1609.71,-0.0,58.43,93726.11,-1
2024-08-12,2024-08-12 11:35:00,1609.71,1609.71,1609.7,1609.7,-0.0,58.43,93726.11,-1
2024-08-12,2024-08-12 11:36:00,1609.7,1609.7,1609.69,1609.69,-0.0,58.43,93726.11,-1
2024-08-12,2024-08-12 11:37:00,1609.69,1609.69,1609.68,1609.68,-0.0,58.43,93726.11,-1
2024-08-12,2024-08-12 11:38:00,1609.68,1609.68,1609.67,1609.67,-0.0,58.43,93726.11,-1
2024-08-12,2024-08-12 11:39:00,1609.67,1609.67,1609.67,1609.67,0.0,58.43,93726.11,0
2024-08-12,2024-08-12 11:40:00,1609.67,1609.67,1609.66,1609.66,-0.0,58.43,93726.11,-1
2024-08-12,2024-08-12 11:41:00,1609.66,1609.66,1609.65,1609.65,-0.0,58.43,93726.11,-1
2024-08-12,2024-08-12 11:42:00,1609.65,1609.65,1609.64,1609.64,-0.0,58.43,93726.11,-1
2024-08-12,2024-08-12 11:43:00,1609.64,1609.64,1609.63,1609.63,-0.0,58.43,93726.11,-1
2024-08-12,2024-08-12 11:44:00,1609.63,1609.63,1609.62,1609.62,-0.0,58.43,93726.11,-1
2024-08-12,2024-08-12 11:45:00,1609.62,1609.62,1609.62,1609.62,0.0,58.43,93726.11,0
2024-08-12,2024-08-12 11:46:00,1609.62,1609.62,1609.61,1609.61,-0.0,58.43,93726.11,-1
2024-08-12,2024-08-12 11:47:00,1609.61,1609.61,1609.6,1609.6,-0.0,58.43,93726.11,-1
2024-08-12,2024-08-12 11:48:00,1609.6,1609.6,1609.59,1609.59,-0.0,58.43,93726.11,-1
2024-08-12,2024-08-12 11:49:00,1609.59,1609.59,1609.58,1609.58,-0.0,58.43,93726.11,-1
2024-08-12,2024-08-12 11:50:00,1609.58,1609.58,1609.58,1609.58,0.0,58.43,93726.11,0
2024-08-12,2024-08-12 11:51:00,1609.58,1609.58,1609.57,1609.57,-0.0,58.43,93726.11,-1
2024-08-12,2024-08-12 11:52:00,1609.57,1609.57,1609.56,1609.56,-0.0,58.43,93726.11,-1
2024-08-12,2024-08-12 11:53:00,1609.56,1609.56,1609.55,1609.55,-0.0,58.43,93726.11,-1
2024-08-12,2024-08-12 11:54:00,1609.55,1609.55,1609.54,1609.54,-0.0,58.43,93726.11,-1
2024-08-12,2024-08-12 11:55:00,1609.54,1609.54,1609.53,1609.53,-0.0,58.43,93726.11,-1
2024-08-12,2024-08-12 11:56:00,1609.53,1609.53,1609.53,1609.53,0.0,58.43,93726.11,0
2024-08-12,2024-08-12 11:57:00,1609.53,1609.53,1609.52,1609.52,-0.0,58.43,93726.11,-1
2024-08-12,2024-08-12 11:58:00,1609.52,1609.52,1609.51,1609.51,-0.0,58.43,93726.11,-1
2024-08-12,2024-08-12 11:59:00,1609.51,1609.51,1609.5,1609.5,-0.0,58.43,93726.11,-1
2024-08-12,2024-08-12 12:00:00,1609.5,1609.5,1609.49,1609.49,-0.0,58.43,93726.11,-1
2024-08-12,2024-08-12 12:01:00,1609.49,1609.49,1609.48,1609.48,-0.0,58.43,93726.11,-1
2024-08-12,2024-08-12 12:02:00,1609.48,1609.48,1609.47,1609.47,-0.0,58.43,93726.11,-1
2024-08-12,2024-08-12 12:03:00,1609.47,1609.47,1609.47,1609.47,0.0,58.43,93726.11,0
2024-08-12,2024-08-12 12:04:00,1609.47,1609.47,1609.46,1609.46,-0.0,58.43,93726.11,-1
2024-08-12,2024-08-12 12:05:00,1609.46,1609.46,1609.45,1609.45,-0.0,58.43,93726.11,-1
2024-08-12,2024-08-12 12:06:00,1609.45,1609.45,1609.44,1609.44,-0.0,58.43,93726.11,-1
2024-08-12,2024-08-12 12:07:00,1609.44,1609.44,1609.43,1609.43,-0.0,58.43,93726.11,-1
2024-08-12,2024-08-12 12:08:00,1609.43,1609.43,1609.42,1609.42,-0.0,58.43,93726.11,-1
2024-08-12,2024-08-12 12:09:00,1609.42,1609.42,1609.42,1609.42,0.0,58.43,93726.11,0
2024-08-12,2024-08-12 12:10:00,1609.42,1609.42,1609.41,1609.41,-0.0,58.43,93726.11,-1
2024-08-12,2024-08-12 12:11:00,1609.41,1609.41,1609.4,1609.4,-0.0,58.43,93726.11,-1
2024-08-12,2024-08-12 12:12:00,1609.4,1609.4,1609.39,1609.39,-0.0,58.43,93726.11,-1
2024-08-12,2024-08-12 12:13:00,1609.39,1609.39,1609.38,1609.38,-0.0,58.43,93726.11,-1
2024-08-12,2024-08-12 12:14:00,1609.38,1609.38,1609.38,1609.38,0.0,58.43,93726.11,0
2024-08-12,2024-08-12 12:15:00,1609.38,1609.38,1609.37,1609.37,-0.0,58.43,93726.11,-1
2024-08-12,2024-08-12 12:16:00,1609.37,1609.37,1609.36,1609.36,-0.0,58.43,93726.11,-1
2024-08-12,2024-08-12 12:17:00,1609.36,1609.36,1609.35,1609.35,-0.0,58.43,93726.11,-1
2024-08-12,2024-08-12 12:18:00,1609.35,1609.35,1609.34,1609.34,-0.0,58.43,93726.11,-1
2024-08-12,2024-08-12 12:19:00,1609.34,1609.34,1609.33,1609.33,-0.0,58.43,93726.11,-1
2024-08-12,2024-08-12 12:20:00,1609.33,1609.33,1609.33,1609.33,0.0,58.43,93726.11,0
2024-08-12,2024-08-12 12:21:00,1609.33,1609.33,1609.32,1609.32,-0.0,58.43,93726.11,-1
2024-08-12,2024-08-12 12:22:00,1609.32,1609.32,1609.31,1609.31,-0.0,58.43,93726.11,-1
2024-08-12,2024-08-12 12:23:00,1609.31,1609.31,1609.3,1609.3,-0.0,58.43,93726.11,-1
2024-08-12,2024-08-12 12:24:00,1609.3,1609.3,1609.29,1609.29,-0.0,58.43,93726.11,-1
2024-08-12,2024-08-12 12:25:00,1609.29,1609.29,1609.28,1609.28,-0.0,58.43,93726.11,-1
2024-08-12,2024-08-12 12:26:00,1609.28,1609.28,1609.28,1609.28,0.0,58.43,93726.11,0
2024-08-12,2024-08-12 12:27:00,1609.28,1609.28,1609.27,1609.27,-0.0,58.43,93726.11,-1
2024-08-12,2024-08-12 12:28:00,1609.27,1609.27,1609.26,1609.26,-0.0,58.43,93726.11,-1
2024-08-12,2024-08-12 12:29:00,1609.26,1609.26,1609.25,1609.25,-0.0,58.43,93726.11,-1
2024-08-12,2024-08-12 12:30:00,1609.25,1609.25,1609.24,1609.24,-0.0,58.43,93726.11,-1
2024-08-12,2024-08-12 12:31:00,1609.24,1609.24,1609.23,1609.23,-0.0,58.43,93726.11,-1
2024-08-12,2024-08-12 12:32:00,1609.23,1609.23,1609.22,1609.22,-0.0,58.43,93726.11,-1
2024-08-12,2024-08-12 12:33:00,1609.22,1609.22,1609.22,1609.22,0.0,58.43,93726.11,0
2024-08-12,2024-08-12 12:34:00,1609.22,1609.22,1609.21,1609.21,-0.0,58.43,93726.11,-1
2024-08-12,2024-08-12 12:35:00,1609.21,1609.21,1609.2,1609.2,-0.0,58.43,93726.11,-1
2024-08-12,2024-08-12 12:36:00,1609.2,1609.2,1609.19,1609.19,-0.0,58.43,93726.11,-1
2024-08-12,2024-08-12 12:37:00,1609.19,1609.19,1609.18,1609.18,-0.0,58.43,93726.11,-1
2024-08-12,2024-08-12 12:38:00,1609.18,1609.18,1609.17,1609.17,-0.0,58.43,93726.11,-1
2024-08-12,2024-08-12 12:39:00,1609.17,1609.17,1609.17,1609.17,0.0,58.43,93726.11,0
2024-08-12,2024-08-12 12:40:00,1609.17,1609.17,1609.16,1609.16,-0.0,58.43,93726.11,-1
2024-08-12,2024-08-12 12:41:00,1609.16,1609.16,1609.15,1609.15,-0.0,58.43,93726.11,-1
2024-08-12,2024-08-12 12:42:00,1609.15,1609.15,1609.14,1609.14,-0.0,58.43,93726.11,-1
2024-08-12,2024-08-12 12:43:00,1609.14,1609.14,1609.13,1609.13,-0.0,58.43,93726.11,-1
2024-08-12,2024-08-12 12:44:00,1609.13,1609.13,1609.12,1609.12,-0.0,58.43,93726.11,-1
2024-08-12,2024-08-12 12:45:00,1609.12,1609.12,1609.12,1609.12,0.0,58.43,93726.11,0
2024-08-12,2024-08-12 12:46:00,1609.12,1609.12,1609.11,1609.11,-0.0,58.43,93726.11,-1
2024-08-12,2024-08-12 12:47:00,1609.11,1609.11,1609.1,1609.1,-0.0,58.43,93726.11,-1
2024-08-12,2024-08-12 12:48:00,1609.1,1609.1,1609.09,1609.09,-0.0,58.43,93726.11,-1
2024-08-12,2024-08-12 12:49:00,1609.09,1609.09,1609.08,1609.08,-0.0,58.43,93726.11,-1
2024-08-12,2024-08-12 12:50:00,1609.08,1609.08,1609.08,1609.08,0.0,58.43,93726.11,0
2024-08-12,2024-08-12 12:51:00,1609.08,1609.08,1609.07,1609.07,-0.0,58.43,93726.11,-1
2024-08-12,2024-08-12 12:52:00,1609.07,1609.07,1609.06,1609.06,-0.0,58.43,93726.11,-1
2024-08-12,2024-08-12 12:53:00,1609.06,1609.06,1609.05,1609.05,-0.0,58.43,93726.11,-1
2024-08-12,2024-08-12 12:54:00,1609.05,1609.05,1609.04,1609.04,-0.0,58.43,93726.11,-1
2024-08-12,2024-08-12 12:55:00,1609.04,1609.04,1609.03,1609.03,-0.0,58.43,93726.11,-1
2024-08-12,2024-08-12 12:56:00,1609.03,1609.03,1609.03,1609.03,0.0,58.43,93726.11,0
2024-08-12,2024-08-12 12:57:00,1609.03,1609.03,1609.02,1609.02,-0.0,58.43,93726.11,-1
2024-08-12,2024-08-12 12:58:00,1609.02,1609.02,1609.01,1609.01,-0.0,58.43,93726.11,-1
2024-08-12,2024-08-12 12:59:00,1609.01,1609.01,1609.0,1609.0,-0.0,58.43,93726.11,-1
2024-08-12,2024-08-12 13:00:00,1609.0,1635.0,1593.0,1608.99,-0.0,58.43,93726.11,-1
2024-08-12,2024-08-12 13:01:00,1608.99,1608.99,1608.98,1608.98,-0.0,58.43,93726.11,-1
2024-08-12,2024-08-12 13:02:00,1608.98,1608.98,1608.97,1608.97,-0.0,58.43,93726.11,-1
2024-08-12,2024-08-12 13:03:00,1608.97,1608.97,1608.97,1608.97,0.0,58.43,93726.11,0
2024-08-12,2024-08-12 13:04:00,1608.97,1608.97,1608.96,1608.96,-0.0,58.43,93726.11,-1
2024-08-12,2024-08-12 13:05:00,1608.96,1608.96,1608.95,1608.95,-0.0,58.43,93726.11,-1
2024-08-12,2024-08-12 13:06:00,1608.95,1608.95,1608.94,1608.94,-0.0,58.43,93726.11,-1
2024-08-12,2024-08-12 13:07:00,1608.94,1608.94,1608.93,1608.93,-0.0,58.43,93726.11,-1
2024-08-12,2024-08-12 13:08:00,1608.93,1608.93,1608.92,1608.92,-0.0,58.43,93726.11,-1
2024-08-12,2024-08-12 13:09:00,1608.92,1608.92,1608.92,1608.92,0.0,58.43,93726.11,0
2024-08-12,2024-08-12 13:10:00,1608.92,1608.92,1608.91,1608.91,-0.0,58.43,93726.11,-1
2024-08-12,2024-08-12 13:11:00,1608.91,1608.91,1608.9,1608.9,-0.0,58.43,93726.11,-1
2024-08-12,2024-08-12 13:12:00,1608.9,1608.9,1608.89,1608.89,-0.0,58.43,93726.11,-1
2024-08-12,2024-08-12 13:13:00,1608.89,1608.89,1608.88,1608.88,-0.0,58.43,93726.11,-1
2024-08-12,2024-08-12 13:14:00,1608.88,1608.88,1608.88,1608.88,0.0,58.43,93726.11,0
2024-08-12,2024-08-12 13:15:00,1608.88,1608.88,1608.87,1608.87,-0.0,58.43,93726.11,-1
2024-08-12,2024-08-12 13:16:00,1608.87,1608.87,1608.86,1608.86,-0.0,58.43,93726.11,-1
2024-08-12,2024-08-12 13:17:00,1608.86,1608.86,1608.85,1608.85,-0.0,58.43,93726.11,-1
2024-08-12,2024-08-12 13:18:00,1608.85,1608.85,1608.84,1608.84,-0.0,58.43,93726.11,-1
2024-08-12,2024-08-12 13:19:00,1608.84,1608.84,1608.83,1608.83,-0.0,58.43,93726.11,-1
2024-08-12,2024-08-12 13:20:00,1608.83,1608.83,1608.83,1608.83,0.0,58.43,93726.11,0
2024-08-12,2024-08-12 13:21:00,1608.83,1608.83,1608.82,1608.82,-0.0,58.43,93726.11,-1
2024-08-12,2024-08-12 13:22:00,1608.82,1608.82,1608.81,1608.81,-0.0,58.43,93726.11,-1
2024-08-12,2024-08-12 13:23:00,1608.81,1608.81,1608.8,1608.8,-0.0,58.43,93726.11,-1
2024-08-12,2024-08-12 13:24:00,1608.8,1608.8,1608.79,1608.79,-0.0,58.43,93726.11,-1
2024-08-12,2024-08-12 13:25:00,1608.79,1608.79,1608.78,1608.78,-0.0,58.43,93726.11,-1
2024-08-12,2024-08-12 13:26:00,1608.78,1608.78,1608.78,1608.78,0.0,58.43,93726.11,0
2024-08-12,2024-08-12 13:27:00,1608.78,1608.78,1608.77,1608.77,-0.0,58.43,93726.11,-1
2024-08-12,2024-08-12 13:28:00,1608.77,1608.77,1608.76,1608.76,-0.0,58.43,93726.11,-1
2024-08-12,2024-08-12 13:29:00,1608.76,1608.76,1608.75,1608.75,-0.0,58.43,93726.11,-1
2024-08-12,2024-08-12 13:30:00,1608.75,1608.75,1608.74,1608.74,-0.0,58.43,93726.11,-1
2024-08-12,2024-08-12 13:31:00,1608.74,1608.74,1608.73,1608.73,-0.0,58.43,93726.11,-1
2024-08-12,2024-08-12 13:32:00,1608.73,1608.73,1608.72,1608.72,-0.0,58.43,93726.11,-1
2024-08-12,2024-08-12 13:33:00,1608.72,1608.72,1608.72,1608.72,0.0,58.43,93726.11,0
2024-08-12,2024-08-12 13:34:00,1608.72,1608.72,1608.71,1608.71,-0.0,58.43,93726.11,-1
2024-08-12,2024-08-12 13:35:00,1608.71,1608.71,1608.7,1608.7,-0.0,58.43,93726.11,-1
2024-08-12,2024-08-12 13:36:00,1608.7,1608.7,1608.69,1608.69,-0.0,58.43,93726.11,-1
2024-08-12,2024-08-12 13:37:00,1608.69,1608.69,1608.68,1608.68,-0.0,58.43,93726.11,-1
2024-08-12,2024-08-12 13:38:00,1608.68,1608.68,1608.67,1608.67,-0.0,58.43,93726.11,-1
2024-08-12,2024-08-12 13:39:00,1608.67,1608.67,1608.67,1608.67,0.0,58.43,93726.11,0
2024-08-12,2024-08-12 13:40:00,1608.67,1608.67,1608.66,1608.66,-0.0,58.43,93726.11,-1
2024-08-12,2024-08-12 13:41:00,1608.66,1608.66,1608.65,1608.65,-0.0,58.43,93726.11,-1
2024-08-12,2024-08-12 13:42:00,1608.65,1608.65,1608.64,1608.64,-0.0,58.43,93726.11,-1
2024-08-12,2024-08-12 13:43:00,1608.64,1608.64,1608.63,1608.63,-0.0,58.43,93726.11,-1
2024-08-12,2024-08-12 13:44:00,1608.63,1608.63,1608.62,1608.62,-0.0,58.43,93726.11,-1
2024-08-12,2024-08-12 13:45:00,1608.62,1608.62,1608.62,1608.62,0.0,58.43,93726.11,0
2024-08-12,2024-08-12 13:46:00,1608.62,1608.62,1608.61,1608.61,-0.0,58.43,93726.11,-1
2024-08-12,2024-08-12 13:47:00,1608.61,1608.61,1608.6,1608.6,-0.0,58.43,93726.11,-1
2024-08-12,2024-08-12 13:48:00,1608.6,1608.6,1608.59,1608.59,-0.0,58.43,93726.11,-1
2024-08-12,2024-08-12 13:49:00,1608.59,1608.59,1608.58,1608.58,-0.0,58.43,93726.11,-1
2024-08-12,2024-08-12 13:50:00,1608.58,1608.58,1608.58,1608.58,0.0,58.43,93726.11,0
2024-08-12,2024-08-12 13:51:00,1608.58,1608.58,1608.57,1608.57,-0.0,58.43,93726.11,-1
2024-08-12,2024-08-12 13:52:00,1608.57,1608.57,1608.56,1608.56,-0.0,58.43,93726.11,-1
2024-08-12,2024-08-12 13:53:00,1608.56,1608.56,1608.55,1608.55,-0.0,58.43,93726.11,-1
2024-08-12,2024-08-12 13:54:00,1608.55,1608.55,1608.54,1608.54,-0.0,58.43,93726.11,-1
2024-08-12,2024-08-12 13:55:00,1608.54,1608.54,1608.53,1608.53,-0.0,58.43,93726.11,-1
2024-08-12,2024-08-12 13:56:00,1608.53,1608.53,1608.53,1608.53,0.0,58.43,93726.11,0
2024-08-12,2024-08-12 13:57:00,1608.53,1608.53,1608.52,1608.52,-0.0,58.43,93726.11,-1
2024-08-12,2024-08-12 13:58:00,1608.52,1608.52,1608.51,1608.51,-0.0,58.43,93726.11,-1
2024-08-12,2024-08-12 13:59:00,1608.51,1608.51,1608.5,1608.5,-0.0,58.43,93726.11,-1
2024-08-12,2024-08-12 14:00:00,1608.5,1608.5,1608.49,1608.49,-0.0,58.43,93726.11,-1
2024-08-12,2024-08-12 14:01:00,1608.49,1608.49,1608.48,1608.48,-0.0,58.43,93726.11,-1
2024-08-12,2024-08-12 14:02:00,1608.48,1608.48,1608.47,1608.47,-0.0,58.43,93726.11,-1
2024-08-12,2024-08-12 14:03:00,1608.47,1608.47,1608.47,1608.47,0.0,58.43,93726.11,0
2024-08-12,2024-08-12 14:04:00,1608.47,1608.47,1608.46,1608.46,-0.0,58.43,93726.11,-1
2024-08-12,2024-08-12 14:05:00,1608.46,1608.46,1608.45,1608.45,-0.0,58.43,93726.11,-1
2024-08-12,2024-08-12 14:06:00,1608.45,1608.45,1608.44,1608.44,-0.0,58.43,93726.11,-1
2024-08-12,2024-08-12 14:07:00,1608.44,1608.44,1608.43,1608.43,-0.0,58.43,93726.11,-1
2024-08-12,2024-08-12 14:08:00,1608.43,1608.43,1608.42,1608.42,-0.0,58.43,93726.11,-1
2024-08-12,2024-08-12 14:09:00,1608.42,1608.42,1608.42,1608.42,0.0,58.43,93726.11,0
2024-08-12,2024-08-12 14:10:00,1608.42,1608.42,1608.41,1608.41,-0.0,58.43,93726.11,-1
2024-08-12,2024-08-12 14:11:00,1608.41,1608.41,1608.4,1608.4,-0.0,58.43,93726.11,-1
2024-08-12,2024-08-12 14:12:00,1608.4,1608.4,1608.39,1608.39,-0.0,58.43,93726.11,-1
2024-08-12,2024-08-12 14:13:00,1608.39,1608.39,1608.38,1608.38,-0.0,58.43,93726.11,-1
2024-08-12,2024-08-12 14:14:00,1608.38,1608.38,1608.38,1608.38,0.0,58.43,93726.11,0
2024-08-12,2024-08-12 14:15:00,1608.38,1608.38,1608.37,1608.37,-0.0,58.43,93726.11,-1
2024-08-12,2024-08-12 14:16:00,1608.37,1608.37,1608.36,1608.36,-0.0,58.43,93726.11,-1
2024-08-12,2024-08-12 14:17:00,1608.36,1608.36,1608.35,1608.35,-0.0,58.43,93726.11,-1
2024-08-12,2024-08-12 14:18:00,1608.35,1608.35,1608.34,1608.34,-0.0,58.43,93726.11,-1
2024-08-12,2024-08-12 14:19:00,1608.34,1608.34,1608.33,1608.33,-0.0,58.43,93726.11,-1
2024-08-12,2024-08-12 14:20:00,1608.33,1608.33,1608.33,1608.33,0.0,58.43,93726.11,0
2024-08-12,2024-08-12 14:21:00,1608.33,1608.33,1608.32,1608.32,-0.0,58.43,93726.11,-1
2024-08-12,2024-08-12 14:22:00,1608.32,1608.32,1608.31,1608.31,-0.0,58.43,93726.11,-1
2024-08-12,2024-08-12 14:23:00,1608.31,1608.31,1608.3,1608.3,-0.0,58.43,93726.11,-1
2024-08-12,2024-08-12 14:24:00,1608.3,1608.3,1608.29,1608.29,-0.0,58.43,93726.11,-1
2024-08-12,2024-08-12 14:25:00,1608.29,1608.29,1608.28,1608.28,-0.0,58.43,93726.11,-1
2024-08-12,2024-08-12 14:26:00,1608.28,1608.28,1608.28,1608.28,0.0,58.43,93726.11,0
2024-08-12,2024-08-12 14:27:00,1608.28,1608.28,1608.27,1608.27,-0.0,58.43,93726.11,-1
2024-08-12,2024-08-12 14:28:00,1608.27,1608.27,1608.26,1608.26,-0.0,58.43,93726.11,-1
2024-08-12,2024-08-12 14:29:00,1608.26,1608.26,1608.25,1608.25,-0.0,58.43,93726.11,-1
2024-08-12,2024-08-12 14:30:00,1608.25,1608.25,1608.24,1608.24,-0.0,58.43,93726.11,-1
2024-08-12,2024-08-12 14:31:00,1608.24,1608.24,1608.23,1608.23,-0.0,58.43,93726.11,-1
2024-08-12,2024-08-12 14:32:00,1608.23,1608.23,1608.22,1608.22,-0.0,58.43,93726.11,-1
2024-08-12,2024-08-12 14:33:00,1608.22,1608.22,1608.22,1608.22,0.0,58.43,93726.11,0
2024-08-12,2024-08-12 14:34:00,1608.22,1608.22,1608.21,1608.21,-0.0,58.43,93726.11,-1
2024-08-12,2024-08-12 14:35:00,1608.21,1608.21,1608.2,1608.2,-0.0,58.43,93726.11,-1
2024-08-12,2024-08-12 14:36:00,1608.2,1608.2,1608.19,1608.19,-0.0,58.43,93726.11,-1
2024-08-12,2024-08-12 14:37:00,1608.19,1608.19,1608.18,1608.18,-0.0,58.43,93726.11,-1
2024-08-12,2024-08-12 14:38:00,1608.18,1608.18,1608.17,1608.17,-0.0,58.43,93726.11,-1
2024-08-12,2024-08-12 14:39:00,1608.17,1608.17,1608.17,1608.17,0.0,58.43,93726.11,0
2024-08-12,2024-08-12 14:40:00,1608.17,1608.17,1608.16,1608.16,-0.0,58.43,93726.11,-1
2024-08-12,2024-08-12 14:41:00,1608.16,1608.16,1608.15,1608.15,-0.0,58.43,93726.11,-1
2024-08-12,2024-08-12 14:42:00,1608.15,1608.15,1608.14,1608.14,-0.0,58.43,93726.11,-1
2024-08-12,2024-08-12 14:43:00,1608.14,1608.14,1608.13,1608.13,-0.0,58.43,93726.11,-1
2024-08-12,2024-08-12 14:44:00,1608.13,1608.13,1608.12,1608.12,-0.0,58.43,93726.11,-1
2024-08-12,2024-08-12 14:45:00,1608.12,1608.12,1608.12,1608.12,0.0,58.43,93726.11,0
2024-08-12,2024-08-12 14:46:00,1608.12,1608.12,1608.11,1608.11,-0.0,58.43,93726.11,-1
2024-08-12,2024-08-12 14:47:00,1608.11,1608.11,1608.1,1608.1,-0.0,58.43,93726.11,-1
2024-08-12,2024-08-12 14:48:00,1608.1,1608.1,1608.09,1608.09,-0.0,58.43,93726.11,-1
2024-08-12,2024-08-12 14:49:00,1608.09,1608.09,1608.08,1608.08,-0.0,58.43,93726.11,-1
2024-08-12,2024-08-12 14:50:00,1608.08,1608.08,1608.08,1608.08,0.0,58.43,93726.11,0
2024-08-12,2024-08-12 14:51:00,1608.08,1608.08,1608.07,1608.07,-0.0,58.43,93726.11,-1
2024-08-12,2024-08-12 14:52:00,1608.07,1608.07,1608.06,1608.06,-0.0,58.43,93726.11,-1
2024-08-12,2024-08-12 14:53:00,1608.06,1608.06,1608.05,1608.05,-0.0,58.43,93726.11,-1
2024-08-12,2024-08-12 14:54:00,1608.05,1608.05,1608.04,1608.04,-0.0,58.43,93726.11,-1
2024-08-12,2024-08-12 14:55:00,1608.04,1608.04,1608.03,1608.03,-0.0,58.43,93726.11,-1
2024-08-12,2024-08-12 14:56:00,1608.03,1608.03,1608.03,1608.03,0.0,58.43,93726.11,0
2024-08-12,2024-08-12 14:57:00,1608.03,1608.03,1608.02,1608.02,-0.0,58.43,93726.11,-1
2024-08-12,2024-08-12 14:58:00,1608.02,1608.02,1608.01,1608.01,-0.0,58.43,93726.11,-1
2024-08-12,2024-08-12 14:59:00,1608.01,1608.01,1608.0,1608.0,-0.0,58.43,93726.11,-1
2024-08-12,2024-08-12 15:00:00,1608.0,1635.0,1593.0,1608.0,0.0,58.43,93726.11,0
2024-08-13,2024-08-13 11:00:00,1610.0,1611.2,1595.03,1609.83,-0.01,27.94,44170.45,-1
2024-08-13,2024-08-13 11:01:00,1609.83,1609.83,1609.67,1609.67,-0.01,27.94,44170.45,-1
2024-08-13,2024-08-13 11:02:00,1609.67,1609.67,1609.5,1609.5,-0.01,27.94,44170.45,-1
2024-08-13,2024-08-13 11:03:00,1609.5,1609.5,1609.33,1609.33,-0.01,27.94,44170.45,-1
2024-08-13,2024-08-13 11:04:00,1609.33,1609.33,1609.17,1609.17,-0.01,27.94,44170.45,-1
2024-08-13,2024-08-13 11:05:00,1609.17,1609.17,1609.0,1609.0,-0.01,27.94,44170.45,-1
2024-08-13,2024-08-13 11:06:00,1609.0,1609.0,1608.83,1608.83,-0.01,27.94,44170.45,-1
2024-08-13,2024-08-13 11:07:00,1608.83,1608.83,1608.67,1608.67,-0.01,27.94,44170.45,-1
2024-08-13,2024-08-13 11:08:00,1608.67,1608.67,1608.5,1608.5,-0.01,27.94,44170.45,-1
2024-08-13,2024-08-13 11:09:00,1608.5,1608.5,1608.33,1608.33,-0.01,27.94,44170.45,-1
2024-08-13,2024-08-13 11:10:00,1608.33,1608.33,1608.17,1608.17,-0.01,27.94,44170.45,-1
2024-08-13,2024-08-13 11:11:00,1608.17,1608.17,1608.0,1608.0,-0.01,27.94,44170.45,-1
2024-08-13,2024-08-13 11:12:00,1608.0,1608.0,1607.83,1607.83,-0.01,27.94,44170.45,-1
2024-08-13,2024-08-13 11:13:00,1607.83,1607.83,1607.67,1607.67,-0.01,27.94,44170.45,-1
2024-08-13,2024-08-13 11:14:00,1607.67,1607.67,1607.5,1607.5,-0.01,27.94,44170.45,-1
2024-08-13,2024-08-13 11:15:00,1607.5,1607.5,1607.33,1607.33,-0.01,27.94,44170.45,-1
2024-08-13,2024-08-13 11:16:00,1607.33,1607.33,1607.17,1607.17,-0.01,27.94,44170.45,-1
2024-08-13,2024-08-13 11:17:00,1607.17,1607.17,1607.0,1607.0,-0.01,27.94,44170.45,-1
2024-08-13,2024-08-13 11:18:00,1607.0,1607.0,1606.83,1606.83,-0.01,27.94,44170.45,-1
2024-08-13,2024-08-13 11:19:00,1606.83,1606.83,1606.67,1606.67,-0.01,27.94,44170.45,-1
2024-08-13,2024-08-13 11:20:00,1606.67,1606.67,1606.5,1606.5,-0.01,27.94,44170.45,-1
2024-08-13,2024-08-13 11:21:00,1606.5,1606.5,1606.33,1606.33,-0.01,27.94,44170.45,-1
2024-08-13,2024-08-13 11:22:00,1606.33,1606.33,1606.17,1606.17,-0.01,27.94,44170.45,-1
2024-08-13,2024-08-13 11:23:00,1606.17,1606.17,1606.0,1606.0,-0.01,27.94,44170.45,-1
2024-08-13,2024-08-13 11:24:00,1606.0,1606.0,1605.83,1605.83,-0.01,27.94,44170.45,-1
2024-08-13,2024-08-13 11:25:00,1605.83,1605.83,1605.67,1605.67,-0.01,27.94,44170.45,-1
2024-08-13,2024-08-13 11:26:00,1605.67,1605.67,1605.5,1605.5,-0.01,27.94,44170.45,-1
2024-08-13,2024-08-13 11:27:00,1605.5,1605.5,1605.33,1605.33,-0.01,27.94,44170.45,-1
2024-08-13,2024-08-13 11:28:00,1605.33,1605.33,1605.17,1605.17,-0.01,27.94,44170.45,-1
2024-08-13,2024-08-13 11:29:00,1605.17,1605.17,1605.0,1605.0,-0.01,27.94,44170.45,-1
2024-08-13,2024-08-13 11:30:00,1605.0,1605.0,1604.83,1604.83,-0.01,27.94,44170.45,-1
2024-08-13,2024-08-13 11:31:00,1604.83,1604.83,1604.67,1604.67,-0.01,27.94,44170.45,-1
2024-08-13,2024-08-13 11:32:00,1604.67,1604.67,1604.5,1604.5,-0.01,27.94,44170.45,-1
2024-08-13,2024-08-13 11:33:00,1604.5,1604.5,1604.33,1604.33,-0.01,27.94,44170.45,-1
2024-08-13,2024-08-13 11:34:00,1604.33,1604.33,1604.17,1604.17,-0.01,27.94,44170.45,-1
2024-08-13,2024-08-13 11:35:00,1604.17,1604.17,1604.0,1604.0,-0.01,27.94,44170.45,-1
2024-08-13,2024-08-13 11:36:00,1604.0,1604.0,1603.83,1603.83,-0.01,27.94,44170.45,-1
2024-08-13,2024-08-13 11:37:00,1603.83,1603.83,1603.67,1603.67,-0.01,27.94,44170.45,-1
2024-08-13,2024-08-13 11:38:00,1603.67,1603.67,1603.5,1603.5,-0.01,27.94,44170.45,-1
2024-08-13,2024-08-13 11:39:00,1603.5,1603.5,1603.33,1603.33,-0.01,27.94,44170.45,-1
2024-08-13,2024-08-13 11:40:00,1603.33,1603.33,1603.17,1603.17,-0.01,27.94,44170.45,-1
2024-08-13,2024-08-13 11:41:00,1603.17,1603.17,1603.0,1603.0,-0.01,27.94,44170.45,-1
2024-08-13,2024-08-13 11:42:00,1603.0,1603.0,1602.83,1602.83,-0.01,27.94,44170.45,-1
2024-08-13,2024-08-13 11:43:00,1602.83,1602.83,1602.67,1602.67,-0.01,27.94,44170.45,-1
2024-08-13,2024-08-13 11:44:00,1602.67,1602.67,1602.5,1602.5,-0.01,27.94,44170.45,-1
2024-08-13,2024-08-13 11:45:00,1602.5,1602.5,1602.33,1602.33,-0.01,27.94,44170.45,-1
2024-08-13,2024-08-13 11:46:00,1602.33,1602.33,1602.17,1602.17,-0.01,27.94,44170.45,-1
2024-08-13,2024-08-13 11:47:00,1602.17,1602.17,1602.0,1602.0,-0.01,27.94,44170.45,-1
2024-08-13,2024-08-13 11:48:00,1602.0,1602.0,1601.83,1601.83,-0.01,27.94,44170.45,-1
2024-08-13,2024-08-13 11:49:00,1601.83,1601.83,1601.67,1601.67,-0.01,27.94,44170.45,-1
2024-08-13,2024-08-13 11:50:00,1601.67,1601.67,1601.5,1601.5,-0.01,27.94,44170.45,-1
2024-08-13,2024-08-13 11:51:00,1601.5,1601.5,1601.33,1601.33,-0.01,27.94,44170.45,-1
2024-08-13,2024-08-13 11:52:00,1601.33,1601.33,1601.17,1601.17,-0.01,27.94,44170.45,-1
2024-08-13,2024-08-13 11:53:00,1601.17,1601.17,1601.0,1601.0,-0.01,27.94,44170.45,-1
2024-08-13,2024-08-13 11:54:00,1601.0,1601.0,1600.83,1600.83,-0.01,27.94,44170.45,-1
2024-08-13,2024-08-13 11:55:00,1600.83,1600.83,1600.67,1600.67,-0.01,27.94,44170.45,-1
2024-08-13,2024-08-13 11:56:00,1600.67,1600.67,1600.5,1600.5,-0.01,27.94,44170.45,-1
2024-08-13,2024-08-13 11:57:00,1600.5,1600.5,1600.33,1600.33,-0.01,27.94,44170.45,-1
2024-08-13,2024-08-13 11:58:00,1600.33,1600.33,1600.17,1600.17,-0.01,27.94,44170.45,-1
2024-08-13,2024-08-13 11:59:00,1600.17,1600.17,1600.0,1600.0,-0.01,27.94,44170.45,-1
2024-08-13,2024-08-13 12:00:00,1600.0,1600.0,1599.83,1599.83,-0.01,27.94,44170.45,-1
2024-08-13,2024-08-13 12:01:00,1599.83,1599.83,1599.67,1599.67,-0.01,27.94,44170.45,-1
2024-08-13,2024-08-13 12:02:00,1599.67,1599.67,1599.5,1599.5,-0.01,27.94,44170.45,-1
2024-08-13,2024-08-13 12:03:00,1599.5,1599.5,1599.33,1599.33,-0.01,27.94,44170.45,-1
2024-08-13,2024-08-13 12:04:00,1599.33,1599.33,1599.17,1599.17,-0.01,27.94,44170.45,-1
2024-08-13,2024-08-13 12:05:00,1599.17,1599.17,1599.0,1599.0,-0.01,27.94,44170.45,-1
2024-08-13,2024-08-13 12:06:00,1599.0,1599.0,1598.83,1598.83,-0.01,27.94,44170.45,-1
2024-08-13,2024-08-13 12:07:00,1598.83,1598.83,1598.67,1598.67,-0.01,27.94,44170.45,-1
2024-08-13,2024-08-13 12:08:00,1598.67,1598.67,1598.5,1598.5,-0.01,27.94,44170.45,-1
2024-08-13,2024-08-13 12:09:00,1598.5,1598.5,1598.33,1598.33,-0.01,27.94,44170.45,-1
2024-08-13,2024-08-13 12:10:00,1598.33,1598.33,1598.17,1598.17,-0.01,27.94,44170.45,-1
2024-08-13,2024-08-13 12:11:00,1598.17,1598.17,1598.0,1598.0,-0.01,27.94,44170.45,-1
2024-08-13,2024-08-13 12:12:00,1598.0,1598.0,1597.83,1597.83,-0.01,27.94,44170.45,-1
2024-08-13,2024-08-13 12:13:00,1597.83,1597.83,1597.67,1597.67,-0.01,27.94,44170.45,-1
2024-08-13,2024-08-13 12:14:00,1597.67,1597.67,1597.5,1597.5,-0.01,27.94,44170.45,-1
2024-08-13,2024-08-13 12:15:00,1597.5,1597.5,1597.33,1597.33,-0.01,27.94,44170.45,-1
2024-08-13,2024-08-13 12:16:00,1597.33,1597.33,1597.17,1597.17,-0.01,27.94,44170.45,-1
2024-08-13,2024-08-13 12:17:00,1597.17,1597.17,1597.0,1597.0,-0.01,27.94,44170.45,-1
2024-08-13,2024-08-13 12:18:00,1597.0,1597.0,1596.83,1596.83,-0.01,27.94,44170.45,-1
2024-08-13,2024-08-13 12:19:00,1596.83,1596.83,1596.67,1596.67,-0.01,27.94,44170.45,-1
2024-08-13,2024-08-13 12:20:00,1596.67,1596.67,1596.5,1596.5,-0.01,27.94,44170.45,-1
2024-08-13,2024-08-13 12:21:00,1596.5,1596.5,1596.33,1596.33,-0.01,27.94,44170.45,-1
2024-08-13,2024-08-13 12:22:00,1596.33,1596.33,1596.17,1596.17,-0.01,27.94,44170.45,-1
2024-08-13,2024-08-13 12:23:00,1596.17,1596.17,1596.0,1596.0,-0.01,27.94,44170.45,-1
2024-08-13,2024-08-13 12:24:00,1596.0,1596.0,1595.83,1595.83,-0.01,27.94,44170.45,-1
2024-08-13,2024-08-13 12:25:00,1595.83,1595.83,1595.67,1595.67,-0.01,27.94,44170.45,-1
2024-08-13,2024-08-13 12:26:00,1595.67,1595.67,1595.5,1595.5,-0.01,27.94,44170.45,-1
2024-08-13,2024-08-13 12:27:00,1595.5,1595.5,1595.33,1595.33,-0.01,27.94,44170.45,-1
2024-08-13,2024-08-13 12:28:00,1595.33,1595.33,1595.17,1595.17,-0.01,27.94,44170.45,-1
2024-08-13,2024-08-13 12:29:00,1595.17,1595.17,1595.0,1595.0,-0.01,27.94,44170.45,-1
2024-08-13,2024-08-13 12:30:00,1595.0,1595.0,1594.83,1594.83,-0.01,27.94,44170.45,-1
2024-08-13,2024-08-13 12:31:00,1594.83,1594.83,1594.67,1594.67,-0.01,27.94,44170.45,-1
2024-08-13,2024-08-13 12:32:00,1594.67,1594.67,1594.5,1594.5,-0.01,27.94,44170.45,-1
2024-08-13,2024-08-13 12:33:00,1594.5,1594.5,1594.33,1594.33,-0.01,27.94,44170.45,-1
2024-08-13,2024-08-13 12:34:00,1594.33,1594.33,1594.17,1594.17,-0.01,27.94,44170.45,-1
2024-08-13,2024-08-13 12:35:00,1594.17,1594.17,1594.0,1594.0,-0.01,27.94,44170.45,-1
2024-08-13,2024-08-13 12:36:00,1594.0,1594.0,1593.83,1593.83,-0.01,27.94,44170.45,-1
2024-08-13,2024-08-13 12:37:00,1593.83,1593.83,1593.67,1593.67,-0.01,27.94,44170.45,-1
2024-08-13,2024-08-13 12:38:00,1593.67,1593.67,1593.5,1593.5,-0.01,27.94,44170.45,-1
2024-08-13,2024-08-13 12:39:00,1593.5,1593.5,1593.33,1593.33,-0.01,27.94,44170.45,-1
2024-08-13,2024-08-13 12:40:00,1593.33,1593.33,1593.17,1593.17,-0.01,27.94,44170.45,-1
2024-08-13,2024-08-13 12:41:00,1593.17,1593.17,1593.0,1593.0,-0.01,27.94,44170.45,-1
2024-08-13,2024-08-13 12:42:00,1593.0,1593.0,1592.83,1592.83,-0.01,27.94,44170.45,-1
2024-08-13,2024-08-13 12:43:00,1592.83,1592.83,1592.67,1592.67,-0.01,27.94,44170.45,-1
2024-08-13,2024-08-13 12:44:00,1592.67,1592.67,1592.5,1592.5,-0.01,27.94,44170.45,-1
2024-08-13,2024-08-13 12:45:00,1592.5,1592.5,1592.33,1592.33,-0.01,27.94,44170.45,-1
2024-08-13,2024-08-13 12:46:00,1592.33,1592.33,1592.17,1592.17,-0.01,27.94,44170.45,-1
2024-08-13,2024-08-13 12:47:00,1592.17,1592.17,1592.0,1592.0,-0.01,27.94,44170.45,-1
2024-08-13,2024-08-13 12:48:00,1592.0,1592.0,1591.83,1591.83,-0.01,27.94,44170.45,-1
2024-08-13,2024-08-13 12:49:00,1591.83,1591.83,1591.67,1591.67,-0.01,27.94,44170.45,-1
2024-08-13,2024-08-13 12:50:00,1591.67,1591.67,1591.5,1591.5,-0.01,27.94,44170.45,-1
2024-08-13,2024-08-13 12:51:00,1591.5,1591.5,1591.33,1591.33,-0.01,27.94,44170.45,-1
2024-08-13,2024-08-13 12:52:00,1591.33,1591.33,1591.17,1591.17,-0.01,27.94,44170.45,-1
2024-08-13,2024-08-13 12:53:00,1591.17,1591.17,1591.0,1591.0,-0.01,27.94,44170.45,-1
2024-08-13,2024-08-13 12:54:00,1591.0,1591.0,1590.83,1590.83,-0.01,27.94,44170.45,-1
2024-08-13,2024-08-13 12:55:00,1590.83,1590.83,1590.67,1590.67,-0.01,27.94,44170.45,-1
2024-08-13,2024-08-13 12:56:00,1590.67,1590.67,1590.5,1590.5,-0.01,27.94,44170.45,-1
2024-08-13,2024-08-13 12:57:00,1590.5,1590.5,1590.33,1590.33,-0.01,27.94,44170.45,-1
2024-08-13,2024-08-13 12:58:00,1590.33,1590.33,1590.17,1590.17,-0.01,27.94,44170.45,-1
2024-08-13,2024-08-13 12:59:00,1590.17,1590.17,1590.0,1590.0,-0.01,27.94,44170.45,-1
2024-08-13,2024-08-13 13:00:00,1590.0,1614.0,1560.1,1589.83,-0.01,27.94,44170.45,-1
2024-08-13,2024-08-13 13:01:00,1589.83,1589.83,1589.67,1589.67,-0.01,27.94,44170.45,-1
2024-08-13,2024-08-13 13:02:00,1589.67,1589.67,1589.5,1589.5,-0.01,27.94,44170.45,-1
2024-08-13,2024-08-13 13:03:00,1589.5,1589.5,1589.33,1589.33,-0.01,27.94,44170.45,-1
2024-08-13,2024-08-13 13:04:00,1589.33,1589.33,1589.17,1589.17,-0.01,27.94,44170.45,-1
2024-08-13,2024-08-13 13:05:00,1589.17,1589.17,1589.0,1589.0,-0.01,27.94,44170.45,-1
2024-08-13,2024-08-13 13:06:00,1589.0,1589.0,1588.83,1588.83,-0.01,27.94,44170.45,-1
2024-08-13,2024-08-13 13:07:00,1588.83,1588.83,1588.67,1588.67,-0.01,27.94,44170.45,-1
2024-08-13,2024-08-13 13:08:00,1588.67,1588.67,1588.5,1588.5,-0.01,27.94,44170.45,-1
2024-08-13,2024-08-13 13:09:00,1588.5,1588.5,1588.33,1588.33,-0.01,27.94,44170.45,-1
2024-08-13,2024-08-13 13:10:00,1588.33,1588.33,1588.17,1588.17,-0.01,27.94,44170.45,-1
2024-08-13,2024-08-13 13:11:00,1588.17,1588.17,1588.0,1588.0,-0.01,27.94,44170.45,-1
2024-08-13,2024-08-13 13:12:00,1588.0,1588.0,1587.83,1587.83,-0.01,27.94,44170.45,-1
2024-08-13,2024-08-13 13:13:00,1587.83,1587.83,1587.67,1587.67,-0.01,27.94,44170.45,-1
2024-08-13,2024-08-13 13:14:00,1587.67,1587.67,1587.5,1587.5,-0.01,27.94,44170.45,-1
2024-08-13,2024-08-13 13:15:00,1587.5,1587.5,1587.33,1587.33,-0.01,27.94,44170.45,-1
2024-08-13,2024-08-13 13:16:00,1587.33,1587.33,1587.17,1587.17,-0.01,27.94,44170.45,-1
2024-08-13,2024-08-13 13:17:00,1587.17,1587.17,1587.0,1587.0,-0.01,27.94,44170.45,-1
2024-08-13,2024-08-13 13:18:00,1587.0,1587.0,1586.83,1586.83,-0.01,27.94,44170.45,-1
2024-08-13,2024-08-13 13:19:00,1586.83,1586.83,1586.67,1586.67,-0.01,27.94,44170.45,-1
2024-08-13,2024-08-13 13:20:00,1586.67,1586.67,1586.5,1586.5,-0.01,27.94,44170.45,-1
2024-08-13,2024-08-13 13:21:00,1586.5,1586.5,1586.33,1586.33,-0.01,27.94,44170.45,-1
2024-08-13,2024-08-13 13:22:00,1586.33,1586.33,1586.17,1586.17,-0.01,27.94,44170.45,-1
2024-08-13,2024-08-13 13:23:00,1586.17,1586.17,1586.0,1586.0,-0.01,27.94,44170.45,-1
2024-08-13,2024-08-13 13:24:00,1586.0,1586.0,1585.83,1585.83,-0.01,27.94,44170.45,-1
2024-08-13,2024-08-13 13:25:00,1585.83,1585.83,1585.67,1585.67,-0.01,27.94,44170.45,-1
2024-08-13,2024-08-13 13:26:00,1585.67,1585.67,1585.5,1585.5,-0.01,27.94,44170.45,-1
2024-08-13,2024-08-13 13:27:00,1585.5,1585.5,1585.33,1585.33,-0.01,27.94,44170.45,-1
2024-08-13,2024-08-13 13:28:00,1585.33,1585.33,1585.17,1585.17,-0.01,27.94,44170.45,-1
2024-08-13,2024-08-13 13:29:00,1585.17,1585.17,1585.0,1585.0,-0.01,27.94,44170.45,-1
2024-08-13,2024-08-13 13:30:00,1585.0,1585.0,1584.83,1584.83,-0.01,27.94,44170.45,-1
2024-08-13,2024-08-13 13:31:00,1584.83,1584.83,1584.67,1584.67,-0.01,27.94,44170.45,-1
2024-08-13,2024-08-13 13:32:00,1584.67,1584.67,1584.5,1584.5,-0.01,27.94,44170.45,-1
2024-08-13,2024-08-13 13:33:00,1584.5,1584.5,1584.33,1584.33,-0.01,27.94,44170.45,-1
2024-08-13,2024-08-13 13:34:00,1584.33,1584.33,1584.17,1584.17,-0.01,27.94,44170.45,-1
2024-08-13,2024-08-13 13:35:00,1584.17,1584.17,1584.0,1584.0,-0.01,27.94,44170.45,-1
2024-08-13,2024-08-13 13:36:00,1584.0,1584.0,1583.83,1583.83,-0.01,27.94,44170.45,-1
2024-08-13,2024-08-13 13:37:00,1583.83,1583.83,1583.67,1583.67,-0.01,27.94,44170.45,-1
2024-08-13,2024-08-13 13:38:00,1583.67,1583.67,1583.5,1583.5,-0.01,27.94,44170.45,-1
2024-08-13,2024-08-13 13:39:00,1583.5,1583.5,1583.33,1583.33,-0.01,27.94,44170.45,-1
2024-08-13,2024-08-13 13:40:00,1583.33,1583.33,1583.17,1583.17,-0.01,27.94,44170.45,-1
2024-08-13,2024-08-13 13:41:00,1583.17,1583.17,1583.0,1583.0,-0.01,27.94,44170.45,-1
2024-08-13,2024-08-13 13:42:00,1583.0,1583.0,1582.83,1582.83,-0.01,27.94,44170.45,-1
2024-08-13,2024-08-13 13:43:00,1582.83,1582.83,1582.67,1582.67,-0.01,27.94,44170.45,-1
2024-08-13,2024-08-13 13:44:00,1582.67,1582.67,1582.5,1582.5,-0.01,27.94,44170.45,-1
2024-08-13,2024-08-13 13:45:00,1582.5,1582.5,1582.33,1582.33,-0.01,27.94,44170.45,-1
2024-08-13,2024-08-13 13:46:00,1582.33,1582.33,1582.17,1582.17,-0.01,27.94,44170.45,-1
2024-08-13,2024-08-13 13:47:00,1582.17,1582.17,1582.0,1582.0,-0.01,27.94,44170.45,-1
2024-08-13,2024-08-13 13:48:00,1582.0,1582.0,1581.83,1581.83,-0.01,27.94,44170.45,-1
2024-08-13,2024-08-13 13:49:00,1581.83,1581.83,1581.67,1581.67,-0.01,27.94,44170.45,-1
2024-08-13,2024-08-13 13:50:00,1581.67,1581.67,1581.5,1581.5,-0.01,27.94,44170.45,-1
2024-08-13,2024-08-13 13:51:00,1581.5,1581.5,1581.33,1581.33,-0.01,27.94,44170.45,-1
2024-08-13,2024-08-13 13:52:00,1581.33,1581.33,1581.17,1581.17,-0.01,27.94,44170.45,-1
2024-08-13,2024-08-13 13:53:00,1581.17,1581.17,1581.0,1581.0,-0.01,27.94,44170.45,-1
2024-08-13,2024-08-13 13:54:00,1581.0,1581.0,1580.83,1580.83,-0.01,27.94,44170.45,-1
2024-08-13,2024-08-13 13:55:00,1580.83,1580.83,1580.67,1580.67,-0.01,27.94,44170.45,-1
2024-08-13,2024-08-13 13:56:00,1580.67,1580.67,1580.5,1580.5,-0.01,27.94,44170.45,-1
2024-08-13,2024-08-13 13:57:00,1580.5,1580.5,1580.33,1580.33,-0.01,27.94,44170.45,-1
2024-08-13,2024-08-13 13:58:00,1580.33,1580.33,1580.17,1580.17,-0.01,27.94,44170.45,-1
2024-08-13,2024-08-13 13:59:00,1580.17,1580.17,1580.0,1580.0,-0.01,27.94,44170.45,-1
2024-08-13,2024-08-13 14:00:00,1580.0,1580.0,1579.83,1579.83,-0.01,27.94,44170.45,-1
2024-08-13,2024-08-13 14:01:00,1579.83,1579.83,1579.67,1579.67,-0.01,27.94,44170.45,-1
2024-08-13,2024-08-13 14:02:00,1579.67,1579.67,1579.5,1579.5,-0.01,27.94,44170.45,-1
2024-08-13,2024-08-13 14:03:00,1579.5,1579.5,1579.33,1579.33,-0.01,27.94,44170.45,-1
2024-08-13,2024-08-13 14:04:00,1579.33,1579.33,1579.17,1579.17,-0.01,27.94,44170.45,-1
2024-08-13,2024-08-13 14:05:00,1579.17,1579.17,1579.0,1579.0,-0.01,27.94,44170.45,-1
2024-08-13,2024-08-13 14:06:00,1579.0,1579.0,1578.83,1578.83,-0.01,27.94,44170.45,-1
2024-08-13,2024-08-13 14:07:00,1578.83,1578.83,1578.67,1578.67,-0.01,27.94,44170.45,-1
2024-08-13,2024-08-13 14:08:00,1578.67,1578.67,1578.5,1578.5,-0.01,27.94,44170.45,-1
2024-08-13,2024-08-13 14:09:00,1578.5,1578.5,1578.33,1578.33,-0.01,27.94,44170.45,-1
2024-08-13,2024-08-13 14:10:00,1578.33,1578.33,1578.17,1578.17,-0.01,27.94,44170.45,-1
2024-08-13,2024-08-13 14:11:00,1578.17,1578.17,1578.0,1578.0,-0.01,27.94,44170.45,-1
2024-08-13,2024-08-13 14:12:00,1578.0,1578.0,1577.83,1577.83,-0.01,27.94,44170.45,-1
2024-08-13,2024-08-13 14:13:00,1577.83,1577.83,1577.67,1577.67,-0.01,27.94,44170.45,-1
2024-08-13,2024-08-13 14:14:00,1577.67,1577.67,1577.5,1577.5,-0.01,27.94,44170.45,-1
2024-08-13,2024-08-13 14:15:00,1577.5,1577.5,1577.33,1577.33,-0.01,27.94,44170.45,-1
2024-08-13,2024-08-13 14:16:00,1577.33,1577.33,1577.17,1577.17,-0.01,27.94,44170.45,-1
2024-08-13,2024-08-13 14:17:00,1577.17,1577.17,1577.0,1577.0,-0.01,27.94,44170.45,-1
2024-08-13,2024-08-13 14:18:00,1577.0,1577.0,1576.83,1576.83,-0.01,27.94,44170.45,-1
2024-08-13,2024-08-13 14:19:00,1576.83,1576.83,1576.67,1576.67,-0.01,27.94,44170.45,-1
2024-08-13,2024-08-13 14:20:00,1576.67,1576.67,1576.5,1576.5,-0.01,27.94,44170.45,-1
2024-08-13,2024-08-13 14:21:00,1576.5,1576.5,1576.33,1576.33,-0.01,27.94,44170.45,-1
2024-08-13,2024-08-13 14:22:00,1576.33,1576.33,1576.17,1576.17,-0.01,27.94,44170.45,-1
2024-08-13,2024-08-13 14:23:00,1576.17,1576.17,1576.0,1576.0,-0.01,27.94,44170.45,-1
2024-08-13,2024-08-13 14:24:00,1576.0,1576.0,1575.83,1575.83,-0.01,27.94,44170.45,-1
2024-08-13,2024-08-13 14:25:00,1575.83,1575.83,1575.67,1575.67,-0.01,27.94,44170.45,-1
2024-08-13,2024-08-13 14:26:00,1575.67,1575.67,1575.5,1575.5,-0.01,27.94,44170.45,-1
2024-08-13,2024-08-13 14:27:00,1575.5,1575.5,1575.33,1575.33,-0.01,27.94,44170.45,-1
2024-08-13,2024-08-13 14:28:00,1575.33,1575.33,1575.17,1575.17,-0.01,27.94,44170.45,-1
2024-08-13,2024-08-13 14:29:00,1575.17,1575.17,1575.0,1575.0,-0.01,27.94,44170.45,-1
2024-08-13,2024-08-13 14:30:00,1575.0,1575.0,1574.83,1574.83,-0.01,27.94,44170.45,-1
2024-08-13,2024-08-13 14:31:00,1574.83,1574.83,1574.67,1574.67,-0.01,27.94,44170.45,-1
2024-08-13,2024-08-13 14:32:00,1574.67,1574.67,1574.5,1574.5,-0.01,27.94,44170.45,-1
2024-08-13,2024-08-13 14:33:00,1574.5,1574.5,1574.33,1574.33,-0.01,27.94,44170.45,-1
2024-08-13,2024-08-13 14:34:00,1574.33,1574.33,1574.17,1574.17,-0.01,27.94,44170.45,-1
2024-08-13,2024-08-13 14:35:00,1574.17,1574.17,1574.0,1574.0,-0.01,27.94,44170.45,-1
2024-08-13,2024-08-13 14:36:00,1574.0,1574.0,1573.83,1573.83,-0.01,27.94,44170.45,-1
2024-08-13,2024-08-13 14:37:00,1573.83,1573.83,1573.67,1573.67,-0.01,27.94,44170.45,-1
2024-08-13,2024-08-13 14:38:00,1573.67,1573.67,1573.5,1573.5,-0.01,27.94,44170.45,-1
2024-08-13,2024-08-13 14:39:00,1573.5,1573.5,1573.33,1573.33,-0.01,27.94,44170.45,-1
2024-08-13,2024-08-13 14:40:00,1573.33,1573.33,1573.17,1573.17,-0.01,27.94,44170.45,-1
2024-08-13,2024-08-13 14:41:00,1573.17,1573.17,1573.0,1573.0,-0.01,27.94,44170.45,-1
2024-08-13,2024-08-13 14:42:00,1573.0,1573.0,1572.83,1572.83,-0.01,27.94,44170.45,-1
2024-08-13,2024-08-13 14:43:00,1572.83,1572.83,1572.67,1572.67,-0.01,27.94,44170.45,-1
2024-08-13,2024-08-13 14:44:00,1572.67,1572.67,1572.5,1572.5,-0.01,27.94,44170.45,-1
2024-08-13,2024-08-13 14:45:00,1572.5,1572.5,1572.33,1572.33,-0.01,27.94,44170.45,-1
2024-08-13,2024-08-13 14:46:00,1572.33,1572.33,1572.17,1572.17,-0.01,27.94,44170.45,-1
2024-08-13,2024-08-13 14:47:00,1572.17,1572.17,1572.0,1572.0,-0.01,27.94,44170.45,-1
2024-08-13,2024-08-13 14:48:00,1572.0,1572.0,1571.83,1571.83,-0.01,27.94,44170.45,-1
2024-08-13,2024-08-13 14:49:00,1571.83,1571.83,1571.67,1571.67,-0.01,27.94,44170.45,-1
2024-08-13,2024-08-13 14:50:00,1571.67,1571.67,1571.5,1571.5,-0.01,27.94,44170.45,-1
2024-08-13,2024-08-13 14:51:00,1571.5,1571.5,1571.33,1571.33,-0.01,27.94,44170.45,-1
2024-08-13,2024-08-13 14:52:00,1571.33,1571.33,1571.17,1571.17,-0.01,27.94,44170.45,-1
2024-08-13,2024-08-13 14:53:00,1571.17,1571.17,1571.0,1571.0,-0.01,27.94,44170.45,-1
2024-08-13,2024-08-13 14:54:00,1571.0,1571.0,1570.83,1570.83,-0.01,27.94,44170.45,-1
2024-08-13,2024-08-13 14:55:00,1570.83,1570.83,1570.67,1570.67,-0.01,27.94,44170.45,-1
2024-08-13,2024-08-13 14:56:00,1570.67,1570.67,1570.5,1570.5,-0.01,27.94,44170.45,-1
2024-08-13,2024-08-13 14:57:00,1570.5,1570.5,1570.33,1570.33,-0.01,27.94,44170.45,-1
2024-08-13,2024-08-13 14:58:00,1570.33,1570.33,1570.17,1570.17,-0.01,27.94,44170.45,-1
2024-08-13,2024-08-13 14:59:00,1570.17,1570.17,1570.0,1570.0,-0.01,27.94,44170.45,-1
2024-08-13,2024-08-13 15:00:00,1570.0,1614.0,1560.1,1570.0,0.0,27.94,44170.45,0
2024-08-14,2024-08-14 11:00:00,1551.0,1560.3,1547.7,1550.99,-0.0,15.82,24507.76,-1
2024-08-14,2024-08-14 11:01:00,1550.99,1550.99,1550.98,1550.98,-0.0,15.82,24507.76,-1
2024-08-14,2024-08-14 11:02:00,1550.98,1550.98,1550.97,1550.97,-0.0,15.82,24507.76,-1
2024-08-14,2024-08-14 11:03:00,1550.97,1550.97,1550.97,1550.97,0.0,15.82,24507.76,0
2024-08-14,2024-08-14 11:04:00,1550.97,1550.97,1550.96,1550.96,-0.0,15.82,24507.76,-1
2024-08-14,2024-08-14 11:05:00,1550.96,1550.96,1550.95,1550.95,-0.0,15.82,24507.76,-1
2024-08-14,2024-08-14 11:06:00,1550.95,1550.95,1550.94,1550.94,-0.0,15.82,24507.76,-1
2024-08-14,2024-08-14 11:07:00,1550.94,1550.94,1550.93,1550.93,-0.0,15.82,24507.76,-1
2024-08-14,2024-08-14 11:08:00,1550.93,1550.93,1550.92,1550.92,-0.0,15.82,24507.76,-1
2024-08-14,2024-08-14 11:09:00,1550.92,1550.92,1550.92,1550.92,0.0,15.82,24507.76,0
2024-08-14,2024-08-14 11:10:00,1550.92,1550.92,1550.91,1550.91,-0.0,15.82,24507.76,-1
2024-08-14,2024-08-14 11:11:00,1550.91,1550.91,1550.9,1550.9,-0.0,15.82,24507.76,-1
2024-08-14,2024-08-14 11:12:00,1550.9,1550.9,1550.89,1550.89,-0.0,15.82,24507.76,-1
2024-08-14,2024-08-14 11:13:00,1550.89,1550.89,1550.88,1550.88,-0.0,15.82,24507.76,-1
2024-08-14,2024-08-14 11:14:00,1550.88,1550.88,1550.88,1550.88,0.0,15.82,24507.76,0
2024-08-14,2024-08-14 11:15:00,1550.88,1550.88,1550.87,1550.87,-0.0,15.82,24507.76,-1
2024-08-14,2024-08-14 11:16:00,1550.87,1550.87,1550.86,1550.86,-0.0,15.82,24507.76,-1
2024-08-14,2024-08-14 11:17:00,1550.86,1550.86,1550.85,1550.85,-0.0,15.82,24507.76,-1
2024-08-14,2024-08-14 11:18:00,1550.85,1550.85,1550.84,1550.84,-0.0,15.82,24507.76,-1
2024-08-14,2024-08-14 11:19:00,1550.84,1550.84,1550.83,1550.83,-0.0,15.82,24507.76,-1
2024-08-14,2024-08-14 11:20:00,1550.83,1550.83,1550.83,1550.83,0.0,15.82,24507.76,0
2024-08-14,2024-08-14 11:21:00,1550.83,1550.83,1550.82,1550.82,-0.0,15.82,24507.76,-1
2024-08-14,2024-08-14 11:22:00,1550.82,1550.82,1550.81,1550.81,-0.0,15.82,24507.76,-1
2024-08-14,2024-08-14 11:23:00,1550.81,1550.81,1550.8,1550.8,-0.0,15.82,24507.76,-1
2024-08-14,2024-08-14 11:24:00,1550.8,1550.8,1550.79,1550.79,-0.0,15.82,24507.76,-1
2024-08-14,2024-08-14 11:25:00,1550.79,1550.79,1550.78,1550.78,-0.0,15.82,24507.76,-1
2024-08-14,2024-08-14 11:26:00,1550.78,1550.78,1550.78,1550.78,0.0,15.82,24507.76,0
2024-08-14,2024-08-14 11:27:00,1550.78,1550.78,1550.77,1550.77,-0.0,15.82,24507.76,-1
2024-08-14,2024-08-14 11:28:00,1550.77,1550.77,1550.76,1550.76,-0.0,15.82,24507.76,-1
2024-08-14,2024-08-14 11:29:00,1550.76,1550.76,1550.75,1550.75,-0.0,15.82,24507.76,-1
2024-08-14,2024-08-14 11:30:00,1550.75,1550.75,1550.74,1550.74,-0.0,15.82,24507.76,-1
2024-08-14,2024-08-14 11:31:00,1550.74,1550.74,1550.73,1550.73,-0.0,15.82,24507.76,-1
2024-08-14,2024-08-14 11:32:00,1550.73,1550.73,1550.72,1550.72,-0.0,15.82,24507.76,-1
2024-08-14,2024-08-14 11:33:00,1550.72,1550.72,1550.72,1550.72,0.0,15.82,24507.76,0
2024-08-14,2024-08-14 11:34:00,1550.72,1550.72,1550.71,1550.71,-0.0,15.82,24507.76,-1
2024-08-14,2024-08-14 11:35:00,1550.71,1550.71,1550.7,1550.7,-0.0,15.82,24507.76,-1
2024-08-14,2024-08-14 11:36:00,1550.7,1550.7,1550.69,1550.69,-0.0,15.82,24507.76,-1
2024-08-14,2024-08-14 11:37:00,1550.69,1550.69,1550.68,1550.68,-0.0,15.82,24507.76,-1
2024-08-14,2024-08-14 11:38:00,1550.68,1550.68,1550.67,1550.67,-0.0,15.82,24507.76,-1
2024-08-14,2024-08-14 11:39:00,1550.67,1550.67,1550.67,1550.67,0.0,15.82,24507.76,0
2024-08-14,2024-08-14 11:40:00,1550.67,1550.67,1550.66,1550.66,-0.0,15.82,24507.76,-1
2024-08-14,2024-08-14 11:41:00,1550.66,1550.66,1550.65,1550.65,-0.0,15.82,24507.76,-1
2024-08-14,2024-08-14 11:42:00,1550.65,1550.65,1550.64,1550.64,-0.0,15.82,24507.76,-1
2024-08-14,2024-08-14 11:43:00,1550.64,1550.64,1550.63,1550.63,-0.0,15.82,24507.76,-1
2024-08-14,2024-08-14 11:44:00,1550.63,1550.63,1550.62,1550.62,-0.0,15.82,24507.76,-1
2024-08-14,2024-08-14 11:45:00,1550.62,1550.62,1550.62,1550.62,0.0,15.82,24507.76,0
2024-08-14,2024-08-14 11:46:00,1550.62,1550.62,1550.61,1550.61,-0.0,15.82,24507.76,-1
2024-08-14,2024-08-14 11:47:00,1550.61,1550.61,1550.6,1550.6,-0.0,15.82,24507.76,-1
2024-08-14,2024-08-14 11:48:00,1550.6,1550.6,1550.59,1550.59,-0.0,15.82,24507.76,-1
2024-08-14,2024-08-14 11:49:00,1550.59,1550.59,1550.58,1550.58,-0.0,15.82,24507.76,-1
2024-08-14,2024-08-14 11:50:00,1550.58,1550.58,1550.58,1550.58,0.0,15.82,24507.76,0
2024-08-14,2024-08-14 11:51:00,1550.58,1550.58,1550.57,1550.57,-0.0,15.82,24507.76,-1
2024-08-14,2024-08-14 11:52:00,1550.57,1550.57,1550.56,1550.56,-0.0,15.82,24507.76,-1
2024-08-14,2024-08-14 11:53:00,1550.56,1550.56,1550.55,1550.55,-0.0,15.82,24507.76,-1
2024-08-14,2024-08-14 11:54:00,1550.55,1550.55,1550.54,1550.54,-0.0,15.82,24507.76,-1
2024-08-14,2024-08-14 11:55:00,1550.54,1550.54,1550.53,1550.53,-0.0,15.82,24507.76,-1
2024-08-14,2024-08-14 11:56:00,1550.53,1550.53,1550.53,1550.53,0.0,15.82,24507.76,0
2024-08-14,2024-08-14 11:57:00,1550.53,1550.53,1550.52,1550.52,-0.0,15.82,24507.76,-1
2024-08-14,2024-08-14 11:58:00,1550.52,1550.52,1550.51,1550.51,-0.0,15.82,24507.76,-1
2024-08-14,2024-08-14 11:59:00,1550.51,1550.51,1550.5,1550.5,-0.0,15.82,24507.76,-1
2024-08-14,2024-08-14 12:00:00,1550.5,1550.5,1550.49,1550.49,-0.0,15.82,24507.76,-1
2024-08-14,2024-08-14 12:01:00,1550.49,1550.49,1550.48,1550.48,-0.0,15.82,24507.76,-1
2024-08-14,2024-08-14 12:02:00,1550.48,1550.48,1550.47,1550.47,-0.0,15.82,24507.76,-1
2024-08-14,2024-08-14 12:03:00,1550.47,1550.47,1550.47,1550.47,0.0,15.82,24507.76,0
2024-08-14,2024-08-14 12:04:00,1550.47,1550.47,1550.46,1550.46,-0.0,15.82,24507.76,-1
2024-08-14,2024-08-14 12:05:00,1550.46,1550.46,1550.45,1550.45,-0.0,15.82,24507.76,-1
2024-08-14,2024-08-14 12:06:00,1550.45,1550.45,1550.44,1550.44,-0.0,15.82,24507.76,-1
2024-08-14,2024-08-14 12:07:00,1550.44,1550.44,1550.43,1550.43,-0.0,15.82,24507.76,-1
2024-08-14,2024-08-14 12:08:00,1550.43,1550.43,1550.42,1550.42,-0.0,15.82,24507.76,-1
2024-08-14,2024-08-14 12:09:00,1550.42,1550.42,1550.42,1550.42,0.0,15.82,24507.76,0
2024-08-14,2024-08-14 12:10:00,1550.42,1550.42,1550.41,1550.41,-0.0,15.82,24507.76,-1
2024-08-14,2024-08-14 12:11:00,1550.41,1550.41,1550.4,1550.4,-0.0,15.82,24507.76,-1
2024-08-14,2024-08-14 12:12:00,1550.4,1550.4,1550.39,1550.39,-0.0,15.82,24507.76,-1
2024-08-14,2024-08-14 12:13:00,1550.39,1550.39,1550.38,1550.38,-0.0,15.82,24507.76,-1
2024-08-14,2024-08-14 12:14:00,1550.38,1550.38,1550.38,1550.38,0.0,15.82,24507.76,0
2024-08-14,2024-08-14 12:15:00,1550.38,1550.38,1550.37,1550.37,-0.0,15.82,24507.76,-1
2024-08-14,2024-08-14 12:16:00,1550.37,1550.37,1550.36,1550.36,-0.0,15.82,24507.76,-1
2024-08-14,2024-08-14 12:17:00,1550.36,1550.36,1550.35,1550.35,-0.0,15.82,24507.76,-1
2024-08-14,2024-08-14 12:18:00,1550.35,1550.35,1550.34,1550.34,-0.0,15.82,24507.76,-1
2024-08-14,2024-08-14 12:19:00,1550.34,1550.34,1550.33,1550.33,-0.0,15.82,24507.76,-1
2024-08-14,2024-08-14 12:20:00,1550.33,1550.33,1550.33,1550.33,0.0,15.82,24507.76,0
2024-08-14,2024-08-14 12:21:00,1550.33,1550.33,1550.32,1550.32,-0.0,15.82,24507.76,-1
2024-08-14,2024-08-14 12:22:00,1550.32,1550.32,1550.31,1550.31,-0.0,15.82,24507.76,-1
2024-08-14,2024-08-14 12:23:00,1550.31,1550.31,1550.3,1550.3,-0.0,15.82,24507.76,-1
2024-08-14,2024-08-14 12:24:00,1550.3,1550.3,1550.29,1550.29,-0.0,15.82,24507.76,-1
2024-08-14,2024-08-14 12:25:00,1550.29,1550.29,1550.28,1550.28,-0.0,15.82,24507.76,-1
2024-08-14,2024-08-14 12:26:00,1550.28,1550.28,1550.28,1550.28,0.0,15.82,24507.76,0
2024-08-14,2024-08-14 12:27:00,1550.28,1550.28,1550.27,1550.27,-0.0,15.82,24507.76,-1
2024-08-14,2024-08-14 12:28:00,1550.27,1550.27,1550.26,1550.26,-0.0,15.82,24507.76,-1
2024-08-14,2024-08-14 12:29:00,1550.26,1550.26,1550.25,1550.25,-0.0,15.82,24507.76,-1
2024-08-14,2024-08-14 12:30:00,1550.25,1550.25,1550.24,1550.24,-0.0,15.82,24507.76,-1
2024-08-14,2024-08-14 12:31:00,1550.24,1550.24,1550.23,1550.23,-0.0,15.82,24507.76,-1
2024-08-14,2024-08-14 12:32:00,1550.23,1550.23,1550.22,1550.22,-0.0,15.82,24507.76,-1
2024-08-14,2024-08-14 12:33:00,1550.22,1550.22,1550.22,1550.22,0.0,15.82,24507.76,0
2024-08-14,2024-08-14 12:34:00,1550.22,1550.22,1550.21,1550.21,-0.0,15.82,24507.76,-1
2024-08-14,2024-08-14 12:35:00,1550.21,1550.21,1550.2,1550.2,-0.0,15.82,24507.76,-1
2024-08-14,2024-08-14 12:36:00,1550.2,1550.2,1550.19,1550.19,-0.0,15.82,24507.76,-1
2024-08-14,2024-08-14 12:37:00,1550.19,1550.19,1550.18,1550.18,-0.0,15.82,24507.76,-1
2024-08-14,2024-08-14 12:38:00,1550.18,1550.18,1550.17,1550.17,-0.0,15.82,24507.76,-1
2024-08-14,2024-08-14 12:39:00,1550.17,1550.17,1550.17,1550.17,0.0,15.82,24507.76,0
2024-08-14,2024-08-14 12:40:00,1550.17,1550.17,1550.16,1550.16,-0.0,15.82,24507.76,-1
2024-08-14,2024-08-14 12:41:00,1550.16,1550.16,1550.15,1550.15,-0.0,15.82,24507.76,-1
2024-08-14,2024-08-14 12:42:00,1550.15,1550.15,1550.14,1550.14,-0.0,15.82,24507.76,-1
2024-08-14,2024-08-14 12:43:00,1550.14,1550.14,1550.13,1550.13,-0.0,15.82,24507.76,-1
2024-08-14,2024-08-14 12:44:00,1550.13,1550.13,1550.12,1550.12,-0.0,15.82,24507.76,-1
2024-08-14,2024-08-14 12:45:00,1550.12,1550.12,1550.12,1550.12,0.0,15.82,24507.76,0
2024-08-14,2024-08-14 12:46:00,1550.12,1550.12,1550.11,1550.11,-0.0,15.82,24507.76,-1
2024-08-14,2024-08-14 12:47:00,1550.11,1550.11,1550.1,1550.1,-0.0,15.82,24507.76,-1
2024-08-14,2024-08-14 12:48:00,1550.1,1550.1,1550.09,1550.09,-0.0,15.82,24507.76,-1
2024-08-14,2024-08-14 12:49:00,1550.09,1550.09,1550.08,1550.08,-0.0,15.82,24507.76,-1
2024-08-14,2024-08-14 12:50:00,1550.08,1550.08,1550.08,1550.08,0.0,15.82,24507.76,0
2024-08-14,2024-08-14 12:51:00,1550.08,1550.08,1550.07,1550.07,-0.0,15.82,24507.76,-1
2024-08-14,2024-08-14 12:52:00,1550.07,1550.07,1550.06,1550.06,-0.0,15.82,24507.76,-1
2024-08-14,2024-08-14 12:53:00,1550.06,1550.06,1550.05,1550.05,-0.0,15.82,24507.76,-1
2024-08-14,2024-08-14 12:54:00,1550.05,1550.05,1550.04,1550.04,-0.0,15.82,24507.76,-1
2024-08-14,2024-08-14 12:55:00,1550.04,1550.04,1550.03,1550.03,-0.0,15.82,24507.76,-1
2024-08-14,2024-08-14 12:56:00,1550.03,1550.03,1550.03,1550.03,0.0,15.82,24507.76,0
2024-08-14,2024-08-14 12:57:00,1550.03,1550.03,1550.02,1550.02,-0.0,15.82,24507.76,-1
2024-08-14,2024-08-14 12:58:00,1550.02,1550.02,1550.01,1550.01,-0.0,15.82,24507.76,-1
2024-08-14,2024-08-14 12:59:00,1550.01,1550.01,1550.0,1550.0,-0.0,15.82,24507.76,-1
2024-08-14,2024-08-14 13:00:00,1550.0,1582.0,1540.0,1549.99,-0.0,15.82,24507.76,-1
2024-08-14,2024-08-14 13:01:00,1549.99,1549.99,1549.98,1549.98,-0.0,15.82,24507.76,-1
2024-08-14,2024-08-14 13:02:00,1549.98,1549.98,1549.97,1549.97,-0.0,15.82,24507.76,-1
2024-08-14,2024-08-14 13:03:00,1549.97,1549.97,1549.97,1549.97,0.0,15.82,24507.76,0
2024-08-14,2024-08-14 13:04:00,1549.97,1549.97,1549.96,1549.96,-0.0,15.82,24507.76,-1
2024-08-14,2024-08-14 13:05:00,1549.96,1549.96,1549.95,1549.95,-0.0,15.82,24507.76,-1
2024-08-14,2024-08-14 13:06:00,1549.95,1549.95,1549.94,1549.94,-0.0,15.82,24507.76,-1
2024-08-14,2024-08-14 13:07:00,1549.94,1549.94,1549.93,1549.93,-0.0,15.82,24507.76,-1
2024-08-14,2024-08-14 13:08:00,1549.93,1549.93,1549.92,1549.92,-0.0,15.82,24507.76,-1
2024-08-14,2024-08-14 13:09:00,1549.92,1549.92,1549.92,1549.92,0.0,15.82,24507.76,0
2024-08-14,2024-08-14 13:10:00,1549.92,1549.92,1549.91,1549.91,-0.0,15.82,24507.76,-1
2024-08-14,2024-08-14 13:11:00,1549.91,1549.91,1549.9,1549.9,-0.0,15.82,24507.76,-1
2024-08-14,2024-08-14 13:12:00,1549.9,1549.9,1549.89,1549.89,-0.0,15.82,24507.76,-1
2024-08-14,2024-08-14 13:13:00,1549.89,1549.89,1549.88,1549.88,-0.0,15.82,24507.76,-1
2024-08-14,2024-08-14 13:14:00,1549.88,1549.88,1549.88,1549.88,0.0,15.82,24507.76,0
2024-08-14,2024-08-14 13:15:00,1549.88,1549.88,1549.87,1549.87,-0.0,15.82,24507.76,-1
2024-08-14,2024-08-14 13:16:00,1549.87,1549.87,1549.86,1549.86,-0.0,15.82,24507.76,-1
2024-08-14,2024-08-14 13:17:00,1549.86,1549.86,1549.85,1549.85,-0.0,15.82,24507.76,-1
2024-08-14,2024-08-14 13:18:00,1549.85,1549.85,1549.84,1549.84,-0.0,15.82,24507.76,-1
2024-08-14,2024-08-14 13:19:00,1549.84,1549.84,1549.83,1549.83,-0.0,15.82,24507.76,-1
2024-08-14,2024-08-14 13:20:00,1549.83,1549.83,1549.83,1549.83,0.0,15.82,24507.76,0
2024-08-14,2024-08-14 13:21:00,1549.83,1549.83,1549.82,1549.82,-0.0,15.82,24507.76,-1
2024-08-14,2024-08-14 13:22:00,1549.82,1549.82,1549.81,1549.81,-0.0,15.82,24507.76,-1
2024-08-14,2024-08-14 13:23:00,1549.81,1549.81,1549.8,1549.8,-0.0,15.82,24507.76,-1
2024-08-14,2024-08-14 13:24:00,1549.8,1549.8,1549.79,1549.79,-0.0,15.82,24507.76,-1
2024-08-14,2024-08-14 13:25:00,1549.79,1549.79,1549.78,1549.78,-0.0,15.82,24507.76,-1
2024-08-14,2024-08-14 13:26:00,1549.78,1549.78,1549.78,1549.78,0.0,15.82,24507.76,0
2024-08-14,2024-08-14 13:27:00,1549.78,1549.78,1549.77,1549.77,-0.0,15.82,24507.76,-1
2024-08-14,2024-08-14 13:28:00,1549.77,1549.77,1549.76,1549.76,-0.0,15.82,24507.76,-1
2024-08-14,2024-08-14 13:29:00,1549.76,1549.76,1549.75,1549.75,-0.0,15.82,24507.76,-1
2024-08-14,2024-08-14 13:30:00,1549.75,1549.75,1549.74,1549.74,-0.0,15.82,24507.76,-1
2024-08-14,2024-08-14 13:31:00,1549.74,1549.74,1549.73,1549.73,-0.0,15.82,24507.76,-1
2024-08-14,2024-08-14 13:32:00,1549.73,1549.73,1549.72,1549.72,-0.0,15.82,24507.76,-1
2024-08-14,2024-08-14 13:33:00,1549.72,1549.72,1549.72,1549.72,0.0,15.82,24507.76,0
2024-08-14,2024-08-14 13:34:00,1549.72,1549.72,1549.71,1549.71,-0.0,15.82,24507.76,-1
2024-08-14,2024-08-14 13:35:00,1549.71,1549.71,1549.7,1549.7,-0.0,15.82,24507.76,-1
2024-08-14,2024-08-14 13:36:00,1549.7,1549.7,1549.69,1549.69,-0.0,15.82,24507.76,-1
2024-08-14,2024-08-14 13:37:00,1549.69,1549.69,1549.68,1549.68,-0.0,15.82,24507.76,-1
2024-08-14,2024-08-14 13:38:00,1549.68,1549.68,1549.67,1549.67,-0.0,15.82,24507.76,-1
2024-08-14,2024-08-14 13:39:00,1549.67,1549.67,1549.67,1549.67,0.0,15.82,24507.76,0
2024-08-14,2024-08-14 13:40:00,1549.67,1549.67,1549.66,1549.66,-0.0,15.82,24507.76,-1
2024-08-14,2024-08-14 13:41:00,1549.66,1549.66,1549.65,1549.65,-0.0,15.82,24507.76,-1
2024-08-14,2024-08-14 13:42:00,1549.65,1549.65,1549.64,1549.64,-0.0,15.82,24507.76,-1
2024-08-14,2024-08-14 13:43:00,1549.64,1549.64,1549.63,1549.63,-0.0,15.82,24507.76,-1
2024-08-14,2024-08-14 13:44:00,1549.63,1549.63,1549.62,1549.62,-0.0,15.82,24507.76,-1
2024-08-14,2024-08-14 13:45:00,1549.62,1549.62,1549.62,1549.62,0.0,15.82,24507.76,0
2024-08-14,2024-08-14 13:46:00,1549.62,1549.62,1549.61,1549.61,-0.0,15.82,24507.76,-1
2024-08-14,2024-08-14 13:47:00,1549.61,1549.61,1549.6,1549.6,-0.0,15.82,24507.76,-1
2024-08-14,2024-08-14 13:48:00,1549.6,1549.6,1549.59,1549.59,-0.0,15.82,24507.76,-1
2024-08-14,2024-08-14 13:49:00,1549.59,1549.59,1549.58,1549.58,-0.0,15.82,24507.76,-1
2024-08-14,2024-08-14 13:50:00,1549.58,1549.58,1549.58,1549.58,0.0,15.82,24507.76,0
2024-08-14,2024-08-14 13:51:00,1549.58,1549.58,1549.57,1549.57,-0.0,15.82,24507.76,-1
2024-08-14,2024-08-14 13:52:00,1549.57,1549.57,1549.56,1549.56,-0.0,15.82,24507.76,-1
2024-08-14,2024-08-14 13:53:00,1549.56,1549.56,1549.55,1549.55,-0.0,15.82,24507.76,-1
2024-08-14,2024-08-14 13:54:00,1549.55,1549.55,1549.54,1549.54,-0.0,15.82,24507.76,-1
2024-08-14,2024-08-14 13:55:00,1549.54,1549.54,1549.53,1549.53,-0.0,15.82,24507.76,-1
2024-08-14,2024-08-14 13:56:00,1549.53,1549.53,1549.53,1549.53,0.0,15.82,24507.76,0
2024-08-14,2024-08-14 13:57:00,1549.53,1549.53,1549.52,1549.52,-0.0,15.82,24507.76,-1
2024-08-14,2024-08-14 13:58:00,1549.52,1549.52,1549.51,1549.51,-0.0,15.82,24507.76,-1
2024-08-14,2024-08-14 13:59:00,1549.51,1549.51,1549.5,1549.5,-0.0,15.82,24507.76,-1
2024-08-14,2024-08-14 14:00:00,1549.5,1549.5,1549.49,1549.49,-0.0,15.82,24507.76,-1
2024-08-14,2024-08-14 14:01:00,1549.49,1549.49,1549.48,1549.48,-0.0,15.82,24507.76,-1
2024-08-14,2024-08-14 14:02:00,1549.48,1549.48,1549.47,1549.47,-0.0,15.82,24507.76,-1
2024-08-14,2024-08-14 14:03:00,1549.47,1549.47,1549.47,1549.47,0.0,15.82,24507.76,0
2024-08-14,2024-08-14 14:04:00,1549.47,1549.47,1549.46,1549.46,-0.0,15.82,24507.76,-1
2024-08-14,2024-08-14 14:05:00,1549.46,1549.46,1549.45,1549.45,-0.0,15.82,24507.76,-1
2024-08-14,2024-08-14 14:06:00,1549.45,1549.45,1549.44,1549.44,-0.0,15.82,24507.76,-1
2024-08-14,2024-08-14 14:07:00,1549.44,1549.44,1549.43,1549.43,-0.0,15.82,24507.76,-1
2024-08-14,2024-08-14 14:08:00,1549.43,1549.43,1549.42,1549.42,-0.0,15.82,24507.76,-1
2024-08-14,2024-08-14 14:09:00,1549.42,1549.42,1549.42,1549.42,0.0,15.82,24507.76,0
2024-08-14,2024-08-14 14:10:00,1549.42,1549.42,1549.41,1549.41,-0.0,15.82,24507.76,-1
2024-08-14,2024-08-14 14:11:00,1549.41,1549.41,1549.4,1549.4,-0.0,15.82,24507.76,-1
2024-08-14,2024-08-14 14:12:00,1549.4,1549.4,1549.39,1549.39,-0.0,15.82,24507.76,-1
2024-08-14,2024-08-14 14:13:00,1549.39,1549.39,1549.38,1549.38,-0.0,15.82,24507.76,-1
2024-08-14,2024-08-14 14:14:00,1549.38,1549.38,1549.38,1549.38,0.0,15.82,24507.76,0
2024-08-14,2024-08-14 14:15:00,1549.38,1549.38,1549.37,1549.37,-0.0,15.82,24507.76,-1
2024-08-14,2024-08-14 14:16:00,1549.37,1549.37,1549.36,1549.36,-0.0,15.82,24507.76,-1
2024-08-14,2024-08-14 14:17:00,1549.36,1549.36,1549.35,1549.35,-0.0,15.82,24507.76,-1
2024-08-14,2024-08-14 14:18:00,1549.35,1549.35,1549.34,1549.34,-0.0,15.82,24507.76,-1
2024-08-14,2024-08-14 14:19:00,1549.34,1549.34,1549.33,1549.33,-0.0,15.82,24507.76,-1
2024-08-14,2024-08-14 14:20:00,1549.33,1549.33,1549.33,1549.33,0.0,15.82,24507.76,0
2024-08-14,2024-08-14 14:21:00,1549.33,1549.33,1549.32,1549.32,-0.0,15.82,24507.76,-1
2024-08-14,2024-08-14 14:22:00,1549.32,1549.32,1549.31,1549.31,-0.0,15.82,24507.76,-1
2024-08-14,2024-08-14 14:23:00,1549.31,1549.31,1549.3,1549.3,-0.0,15.82,24507.76,-1
2024-08-14,2024-08-14 14:24:00,1549.3,1549.3,1549.29,1549.29,-0.0,15.82,24507.76,-1
2024-08-14,2024-08-14 14:25:00,1549.29,1549.29,1549.28,1549.28,-0.0,15.82,24507.76,-1
2024-08-14,2024-08-14 14:26:00,1549.28,1549.28,1549.28,1549.28,0.0,15.82,24507.76,0
2024-08-14,2024-08-14 14:27:00,1549.28,1549.28,1549.27,1549.27,-0.0,15.82,24507.76,-1
2024-08-14,2024-08-14 14:28:00,1549.27,1549.27,1549.26,1549.26,-0.0,15.82,24507.76,-1
2024-08-14,2024-08-14 14:29:00,1549.26,1549.26,1549.25,1549.25,-0.0,15.82,24507.76,-1
2024-08-14,2024-08-14 14:30:00,1549.25,1549.25,1549.24,1549.24,-0.0,15.82,24507.76,-1
2024-08-14,2024-08-14 14:31:00,1549.24,1549.24,1549.23,1549.23,-0.0,15.82,24507.76,-1
2024-08-14,2024-08-14 14:32:00,1549.23,1549.23,1549.22,1549.22,-0.0,15.82,24507.76,-1
2024-08-14,2024-08-14 14:33:00,1549.22,1549.22,1549.22,1549.22,0.0,15.82,24507.76,0
2024-08-14,2024-08-14 14:34:00,1549.22,1549.22,1549.21,1549.21,-0.0,15.82,24507.76,-1
2024-08-14,2024-08-14 14:35:00,1549.21,1549.21,1549.2,1549.2,-0.0,15.82,24507.76,-1
2024-08-14,2024-08-14 14:36:00,1549.2,1549.2,1549.19,1549.19,-0.0,15.82,24507.76,-1
2024-08-14,2024-08-14 14:37:00,1549.19,1549.19,1549.18,1549.18,-0.0,15.82,24507.76,-1
2024-08-14,2024-08-14 14:38:00,1549.18,1549.18,1549.17,1549.17,-0.0,15.82,24507.76,-1
2024-08-14,2024-08-14 14:39:00,1549.17,1549.17,1549.17,1549.17,0.0,15.82,24507.76,0
2024-08-14,2024-08-14 14:40:00,1549.17,1549.17,1549.16,1549.16,-0.0,15.82,24507.76,-1
2024-08-14,2024-08-14 14:41:00,1549.16,1549.16,1549.15,1549.15,-0.0,15.82,24507.76,-1
2024-08-14,2024-08-14 14:42:00,1549.15,1549.15,1549.14,1549.14,-0.0,15.82,24507.76,-1
2024-08-14,2024-08-14 14:43:00,1549.14,1549.14,1549.13,1549.13,-0.0,15.82,24507.76,-1
2024-08-14,2024-08-14 14:44:00,1549.13,1549.13,1549.12,1549.12,-0.0,15.82,24507.76,-1
2024-08-14,2024-08-14 14:45:00,1549.12,1549.12,1549.12,1549.12,0.0,15.82,24507.76,0
2024-08-14,2024-08-14 14:46:00,1549.12,1549.12,1549.11,1549.11,-0.0,15.82,24507.76,-1
2024-08-14,2024-08-14 14:47:00,1549.11,1549.11,1549.1,1549.1,-0.0,15.82,24507.76,-1
2024-08-14,2024-08-14 14:48:00,1549.1,1549.1,1549.09,1549.09,-0.0,15.82,24507.76,-1
2024-08-14,2024-08-14 14:49:00,1549.09,1549.09,1549.08,1549.08,-0.0,15.82,24507.76,-1
2024-08-14,2024-08-14 14:50:00,1549.08,1549.08,1549.08,1549.08,0.0,15.82,24507.76,0
2024-08-14,2024-08-14 14:51:00,1549.08,1549.08,1549.07,1549.07,-0.0,15.82,24507.76,-1
2024-08-14,2024-08-14 14:52:00,1549.07,1549.07,1549.06,1549.06,-0.0,15.82,24507.76,-1
2024-08-14,2024-08-14 14:53:00,1549.06,1549.06,1549.05,1549.05,-0.0,15.82,24507.76,-1
2024-08-14,2024-08-14 14:54:00,1549.05,1549.05,1549.04,1549.04,-0.0,15.82,24507.76,-1
2024-08-14,2024-08-14 14:55:00,1549.04,1549.04,1549.03,1549.03,-0.0,15.82,24507.76,-1
2024-08-14,2024-08-14 14:56:00,1549.03,1549.03,1549.03,1549.03,0.0,15.82,24507.76,0
2024-08-14,2024-08-14 14:57:00,1549.03,1549.03,1549.02,1549.02,-0.0,15.82,24507.76,-1
2024-08-14,2024-08-14 14:58:00,1549.02,1549.02,1549.01,1549.01,-0.0,15.82,24507.76,-1
2024-08-14,2024-08-14 14:59:00,1549.01,1549.01,1549.0,1549.0,-0.0,15.82,24507.76,-1
2024-08-14,2024-08-14 15:00:00,1549.0,1582.0,1540.0,1549.0,0.0,15.82,24507.76,0
2024-08-15,2024-08-15 11:00:00,1549.0,1567.72,1531.48,1548.9,-0.01,60.3,91937.75,-1
2024-08-15,2024-08-15 11:01:00,1548.9,1548.9,1548.8,1548.8,-0.01,60.3,91937.75,-1
2024-08-15,2024-08-15 11:02:00,1548.8,1548.8,1548.7,1548.7,-0.01,60.3,91937.75,-1
2024-08-15,2024-08-15 11:03:00,1548.7,1548.7,1548.6,1548.6,-0.01,60.3,91937.75,-1
2024-08-15,2024-08-15 11:04:00,1548.6,1548.6,1548.5,1548.5,-0.01,60.3,91937.75,-1
2024-08-15,2024-08-15 11:05:00,1548.5,1548.5,1548.4,1548.4,-0.01,60.3,91937.75,-1
2024-08-15,2024-08-15 11:06:00,1548.4,1548.4,1548.3,1548.3,-0.01,60.3,91937.75,-1
2024-08-15,2024-08-15 11:07:00,1548.3,1548.3,1548.2,1548.2,-0.01,60.3,91937.75,-1
2024-08-15,2024-08-15 11:08:00,1548.2,1548.2,1548.1,1548.1,-0.01,60.3,91937.75,-1
2024-08-15,2024-08-15 11:09:00,1548.1,1548.1,1548.0,1548.0,-0.01,60.3,91937.75,-1
2024-08-15,2024-08-15 11:10:00,1548.0,1548.0,1547.9,1547.9,-0.01,60.3,91937.75,-1
2024-08-15,2024-08-15 11:11:00,1547.9,1547.9,1547.8,1547.8,-0.01,60.3,91937.75,-1
2024-08-15,2024-08-15 11:12:00,1547.8,1547.8,1547.7,1547.7,-0.01,60.3,91937.75,-1
2024-08-15,2024-08-15 11:13:00,1547.7,1547.7,1547.6,1547.6,-0.01,60.3,91937.75,-1
2024-08-15,2024-08-15 11:14:00,1547.6,1547.6,1547.5,1547.5,-0.01,60.3,91937.75,-1
2024-08-15,2024-08-15 11:15:00,1547.5,1547.5,1547.4,1547.4,-0.01,60.3,91937.75,-1
2024-08-15,2024-08-15 11:16:00,1547.4,1547.4,1547.3,1547.3,-0.01,60.3,91937.75,-1
2024-08-15,2024-08-15 11:17:00,1547.3,1547.3,1547.2,1547.2,-0.01,60.3,91937.75,-1
2024-08-15,2024-08-15 11:18:00,1547.2,1547.2,1547.1,1547.1,-0.01,60.3,91937.75,-1
2024-08-15,2024-08-15 11:19:00,1547.1,1547.1,1547.0,1547.0,-0.01,60.3,91937.75,-1
2024-08-15,2024-08-15 11:20:00,1547.0,1547.0,1546.9,1546.9,-0.01,60.3,91937.75,-1
2024-08-15,2024-08-15 11:21:00,1546.9,1546.9,1546.8,1546.8,-0.01,60.3,91937.75,-1
2024-08-15,2024-08-15 11:22:00,1546.8,1546.8,1546.7,1546.7,-0.01,60.3,91937.75,-1
2024-08-15,2024-08-15 11:23:00,1546.7,1546.7,1546.6,1546.6,-0.01,60.3,91937.75,-1
2024-08-15,2024-08-15 11:24:00,1546.6,1546.6,1546.5,1546.5,-0.01,60.3,91937.75,-1
2024-08-15,2024-08-15 11:25:00,1546.5,1546.5,1546.4,1546.4,-0.01,60.3,91937.75,-1
2024-08-15,2024-08-15 11:26:00,1546.4,1546.4,1546.3,1546.3,-0.01,60.3,91937.75,-1
2024-08-15,2024-08-15 11:27:00,1546.3,1546.3,1546.2,1546.2,-0.01,60.3,91937.75,-1
2024-08-15,2024-08-15 11:28:00,1546.2,1546.2,1546.1,1546.1,-0.01,60.3,91937.75,-1
2024-08-15,2024-08-15 11:29:00,1546.1,1546.1,1546.0,1546.0,-0.01,60.3,91937.75,-1
2024-08-15,2024-08-15 11:30:00,1546.0,1546.0,1545.9,1545.9,-0.01,60.3,91937.75,-1
2024-08-15,2024-08-15 11:31:00,1545.9,1545.9,1545.8,1545.8,-0.01,60.3,91937.75,-1
2024-08-15,2024-08-15 11:32:00,1545.8,1545.8,1545.7,1545.7,-0.01,60.3,91937.75,-1
2024-08-15,2024-08-15 11:33:00,1545.7,1545.7,1545.6,1545.6,-0.01,60.3,91937.75,-1
2024-08-15,2024-08-15 11:34:00,1545.6,1545.6,1545.5,1545.5,-0.01,60.3,91937.75,-1
2024-08-15,2024-08-15 11:35:00,1545.5,1545.5,1545.4,1545.4,-0.01,60.3,91937.75,-1
2024-08-15,2024-08-15 11:36:00,1545.4,1545.4,1545.3,1545.3,-0.01,60.3,91937.75,-1
2024-08-15,2024-08-15 11:37:00,1545.3,1545.3,1545.2,1545.2,-0.01,60.3,91937.75,-1
2024-08-15,2024-08-15 11:38:00,1545.2,1545.2,1545.1,1545.1,-0.01,60.3,91937.75,-1
2024-08-15,2024-08-15 11:39:00,1545.1,1545.1,1545.0,1545.0,-0.01,60.3,91937.75,-1
2024-08-15,2024-08-15 11:40:00,1545.0,1545.0,1544.9,1544.9,-0.01,60.3,91937.75,-1
2024-08-15,2024-08-15 11:41:00,1544.9,1544.9,1544.8,1544.8,-0.01,60.3,91937.75,-1
2024-08-15,2024-08-15 11:42:00,1544.8,1544.8,1544.7,1544.7,-0.01,60.3,91937.75,-1
2024-08-15,2024-08-15 11:43:00,1544.7,1544.7,1544.6,1544.6,-0.01,60.3,91937.75,-1
2024-08-15,2024-08-15 11:44:00,1544.6,1544.6,1544.5,1544.5,-0.01,60.3,91937.75,-1
2024-08-15,2024-08-15 11:45:00,1544.5,1544.5,1544.4,1544.4,-0.01,60.3,91937.75,-1
2024-08-15,2024-08-15 11:46:00,1544.4,1544.4,1544.3,1544.3,-0.01,60.3,91937.75,-1
2024-08-15,2024-08-15 11:47:00,1544.3,1544.3,1544.2,1544.2,-0.01,60.3,91937.75,-1
2024-08-15,2024-08-15 11:48:00,1544.2,1544.2,1544.1,1544.1,-0.01,60.3,91937.75,-1
2024-08-15,2024-08-15 11:49:00,1544.1,1544.1,1544.0,1544.0,-0.01,60.3,91937.75,-1
2024-08-15,2024-08-15 11:50:00,1544.0,1544.0,1543.9,1543.9,-0.01,60.3,91937.75,-1
2024-08-15,2024-08-15 11:51:00,1543.9,1543.9,1543.8,1543.8,-0.01,60.3,91937.75,-1
2024-08-15,2024-08-15 11:52:00,1543.8,1543.8,1543.7,1543.7,-0.01,60.3,91937.75,-1
2024-08-15,2024-08-15 11:53:00,1543.7,1543.7,1543.6,1543.6,-0.01,60.3,91937.75,-1
2024-08-15,2024-08-15 11:54:00,1543.6,1543.6,1543.5,1543.5,-0.01,60.3,91937.75,-1
2024-08-15,2024-08-15 11:55:00,1543.5,1543.5,1543.4,1543.4,-0.01,60.3,91937.75,-1
2024-08-15,2024-08-15 11:56:00,1543.4,1543.4,1543.3,1543.3,-0.01,60.3,91937.75,-1
2024-08-15,2024-08-15 11:57:00,1543.3,1543.3,1543.2,1543.2,-0.01,60.3,91937.75,-1
2024-08-15,2024-08-15 11:58:00,1543.2,1543.2,1543.1,1543.1,-0.01,60.3,91937.75,-1
2024-08-15,2024-08-15 11:59:00,1543.1,1543.1,1543.0,1543.0,-0.01,60.3,91937.75,-1
2024-08-15,2024-08-15 12:00:00,1543.0,1543.0,1542.9,1542.9,-0.01,60.3,91937.75,-1
2024-08-15,2024-08-15 12:01:00,1542.9,1542.9,1542.8,1542.8,-0.01,60.3,91937.75,-1
2024-08-15,2024-08-15 12:02:00,1542.8,1542.8,1542.7,1542.7,-0.01,60.3,91937.75,-1
2024-08-15,2024-08-15 12:03:00,1542.7,1542.7,1542.6,1542.6,-0.01,60.3,91937.75,-1
2024-08-15,2024-08-15 12:04:00,1542.6,1542.6,1542.5,1542.5,-0.01,60.3,91937.75,-1
2024-08-15,2024-08-15 12:05:00,1542.5,1542.5,1542.4,1542.4,-0.01,60.3,91937.75,-1
2024-08-15,2024-08-15 12:06:00,1542.4,1542.4,1542.3,1542.3,-0.01,60.3,91937.75,-1
2024-08-15,2024-08-15 12:07:00,1542.3,1542.3,1542.2,1542.2,-0.01,60.3,91937.75,-1
2024-08-15,2024-08-15 12:08:00,1542.2,1542.2,1542.1,1542.1,-0.01,60.3,91937.75,-1
2024-08-15,2024-08-15 12:09:00,1542.1,1542.1,1542.0,1542.0,-0.01,60.3,91937.75,-1
2024-08-15,2024-08-15 12:10:00,1542.0,1542.0,1541.9,1541.9,-0.01,60.3,91937.75,-1
2024-08-15,2024-08-15 12:11:00,1541.9,1541.9,1541.8,1541.8,-0.01,60.3,91937.75,-1
2024-08-15,2024-08-15 12:12:00,1541.8,1541.8,1541.7,1541.7,-0.01,60.3,91937.75,-1
2024-08-15,2024-08-15 12:13:00,1541.7,1541.7,1541.6,1541.6,-0.01,60.3,91937.75,-1
2024-08-15,2024-08-15 12:14:00,1541.6,1541.6,1541.5,1541.5,-0.01,60.3,91937.75,-1
2024-08-15,2024-08-15 12:15:00,1541.5,1541.5,1541.4,1541.4,-0.01,60.3,91937.75,-1
2024-08-15,2024-08-15 12:16:00,1541.4,1541.4,1541.3,1541.3,-0.01,60.3,91937.75,-1
2024-08-15,2024-08-15 12:17:00,1541.3,1541.3,1541.2,1541.2,-0.01,60.3,91937.75,-1
2024-08-15,2024-08-15 12:18:00,1541.2,1541.2,1541.1,1541.1,-0.01,60.3,91937.75,-1
2024-08-15,2024-08-15 12:19:00,1541.1,1541.1,1541.0,1541.0,-0.01,60.3,91937.75,-1
2024-08-15,2024-08-15 12:20:00,1541.0,1541.0,1540.9,1540.9,-0.01,60.3,91937.75,-1
2024-08-15,2024-08-15 12:21:00,1540.9,1540.9,1540.8,1540.8,-0.01,60.3,91937.75,-1
2024-08-15,2024-08-15 12:22:00,1540.8,1540.8,1540.7,1540.7,-0.01,60.3,91937.75,-1
2024-08-15,2024-08-15 12:23:00,1540.7,1540.7,1540.6,1540.6,-0.01,60.3,91937.75,-1
2024-08-15,2024-08-15 12:24:00,1540.6,1540.6,1540.5,1540.5,-0.01,60.3,91937.75,-1
2024-08-15,2024-08-15 12:25:00,1540.5,1540.5,1540.4,1540.4,-0.01,60.3,91937.75,-1
2024-08-15,2024-08-15 12:26:00,1540.4,1540.4,1540.3,1540.3,-0.01,60.3,91937.75,-1
2024-08-15,2024-08-15 12:27:00,1540.3,1540.3,1540.2,1540.2,-0.01,60.3,91937.75,-1
2024-08-15,2024-08-15 12:28:00,1540.2,1540.2,1540.1,1540.1,-0.01,60.3,91937.75,-1
2024-08-15,2024-08-15 12:29:00,1540.1,1540.1,1540.0,1540.0,-0.01,60.3,91937.75,-1
2024-08-15,2024-08-15 12:30:00,1540.0,1540.0,1539.9,1539.9,-0.01,60.3,91937.75,-1
2024-08-15,2024-08-15 12:31:00,1539.9,1539.9,1539.8,1539.8,-0.01,60.3,91937.75,-1
2024-08-15,2024-08-15 12:32:00,1539.8,1539.8,1539.7,1539.7,-0.01,60.3,91937.75,-1
2024-08-15,2024-08-15 12:33:00,1539.7,1539.7,1539.6,1539.6,-0.01,60.3,91937.75,-1
2024-08-15,2024-08-15 12:34:00,1539.6,1539.6,1539.5,1539.5,-0.01,60.3,91937.75,-1
2024-08-15,2024-08-15 12:35:00,1539.5,1539.5,1539.4,1539.4,-0.01,60.3,91937.75,-1
2024-08-15,2024-08-15 12:36:00,1539.4,1539.4,1539.3,1539.3,-0.01,60.3,91937.75,-1
2024-08-15,2024-08-15 12:37:00,1539.3,1539.3,1539.2,1539.2,-0.01,60.3,91937.75,-1
2024-08-15,2024-08-15 12:38:00,1539.2,1539.2,1539.1,1539.1,-0.01,60.3,91937.75,-1
2024-08-15,2024-08-15 12:39:00,1539.1,1539.1,1539.0,1539.0,-0.01,60.3,91937.75,-1
2024-08-15,2024-08-15 12:40:00,1539.0,1539.0,1538.9,1538.9,-0.01,60.3,91937.75,-1
2024-08-15,2024-08-15 12:41:00,1538.9,1538.9,1538.8,1538.8,-0.01,60.3,91937.75,-1
2024-08-15,2024-08-15 12:42:00,1538.8,1538.8,1538.7,1538.7,-0.01,60.3,91937.75,-1
2024-08-15,2024-08-15 12:43:00,1538.7,1538.7,1538.6,1538.6,-0.01,60.3,91937.75,-1
2024-08-15,2024-08-15 12:44:00,1538.6,1538.6,1538.5,1538.5,-0.01,60.3,91937.75,-1
2024-08-15,2024-08-15 12:45:00,1538.5,1538.5,1538.4,1538.4,-0.01,60.3,91937.75,-1
2024-08-15,2024-08-15 12:46:00,1538.4,1538.4,1538.3,1538.3,-0.01,60.3,91937.75,-1
2024-08-15,2024-08-15 12:47:00,1538.3,1538.3,1538.2,1538.2,-0.01,60.3,91937.75,-1
2024-08-15,2024-08-15 12:48:00,1538.2,1538.2,1538.1,1538.1,-0.01,60.3,91937.75,-1
2024-08-15,2024-08-15 12:49:00,1538.1,1538.1,1538.0,1538.0,-0.01,60.3,91937.75,-1
2024-08-15,2024-08-15 12:50:00,1538.0,1538.0,1537.9,1537.9,-0.01,60.3,91937.75,-1
2024-08-15,2024-08-15 12:51:00,1537.9,1537.9,1537.8,1537.8,-0.01,60.3,91937.75,-1
2024-08-15,2024-08-15 12:52:00,1537.8,1537.8,1537.7,1537.7,-0.01,60.3,91937.75,-1
2024-08-15,2024-08-15 12:53:00,1537.7,1537.7,1537.6,1537.6,-0.01,60.3,91937.75,-1
2024-08-15,2024-08-15 12:54:00,1537.6,1537.6,1537.5,1537.5,-0.01,60.3,91937.75,-1
2024-08-15,2024-08-15 12:55:00,1537.5,1537.5,1537.4,1537.4,-0.01,60.3,91937.75,-1
2024-08-15,2024-08-15 12:56:00,1537.4,1537.4,1537.3,1537.3,-0.01,60.3,91937.75,-1
2024-08-15,2024-08-15 12:57:00,1537.3,1537.3,1537.2,1537.2,-0.01,60.3,91937.75,-1
2024-08-15,2024-08-15 12:58:00,1537.2,1537.2,1537.1,1537.1,-0.01,60.3,91937.75,-1
2024-08-15,2024-08-15 12:59:00,1537.1,1537.1,1537.0,1537.0,-0.01,60.3,91937.75,-1
2024-08-15,2024-08-15 13:00:00,1537.0,1611.4,1490.6,1536.9,-0.01,60.3,91937.75,-1
2024-08-15,2024-08-15 13:01:00,1536.9,1536.9,1536.8,1536.8,-0.01,60.3,91937.75,-1
2024-08-15,2024-08-15 13:02:00,1536.8,1536.8,1536.7,1536.7,-0.01,60.3,91937.75,-1
2024-08-15,2024-08-15 13:03:00,1536.7,1536.7,1536.6,1536.6,-0.01,60.3,91937.75,-1
2024-08-15,2024-08-15 13:04:00,1536.6,1536.6,1536.5,1536.5,-0.01,60.3,91937.75,-1
2024-08-15,2024-08-15 13:05:00,1536.5,1536.5,1536.4,1536.4,-0.01,60.3,91937.75,-1
2024-08-15,2024-08-15 13:06:00,1536.4,1536.4,1536.3,1536.3,-0.01,60.3,91937.75,-1
2024-08-15,2024-08-15 13:07:00,1536.3,1536.3,1536.2,1536.2,-0.01,60.3,91937.75,-1
2024-08-15,2024-08-15 13:08:00,1536.2,1536.2,1536.1,1536.1,-0.01,60.3,91937.75,-1
2024-08-15,2024-08-15 13:09:00,1536.1,1536.1,1536.0,1536.0,-0.01,60.3,91937.75,-1
2024-08-15,2024-08-15 13:10:00,1536.0,1536.0,1535.9,1535.9,-0.01,60.3,91937.75,-1
2024-08-15,2024-08-15 13:11:00,1535.9,1535.9,1535.8,1535.8,-0.01,60.3,91937.75,-1
2024-08-15,2024-08-15 13:12:00,1535.8,1535.8,1535.7,1535.7,-0.01,60.3,91937.75,-1
2024-08-15,2024-08-15 13:13:00,1535.7,1535.7,1535.6,1535.6,-0.01,60.3,91937.75,-1
2024-08-15,2024-08-15 13:14:00,1535.6,1535.6,1535.5,1535.5,-0.01,60.3,91937.75,-1
2024-08-15,2024-08-15 13:15:00,1535.5,1535.5,1535.4,1535.4,-0.01,60.3,91937.75,-1
2024-08-15,2024-08-15 13:16:00,1535.4,1535.4,1535.3,1535.3,-0.01,60.3,91937.75,-1
2024-08-15,2024-08-15 13:17:00,1535.3,1535.3,1535.2,1535.2,-0.01,60.3,91937.75,-1
2024-08-15,2024-08-15 13:18:00,1535.2,1535.2,1535.1,1535.1,-0.01,60.3,91937.75,-1
2024-08-15,2024-08-15 13:19:00,1535.1,1535.1,1535.0,1535.0,-0.01,60.3,91937.75,-1
2024-08-15,2024-08-15 13:20:00,1535.0,1535.0,1534.9,1534.9,-0.01,60.3,91937.75,-1
2024-08-15,2024-08-15 13:21:00,1534.9,1534.9,1534.8,1534.8,-0.01,60.3,91937.75,-1
2024-08-15,2024-08-15 13:22:00,1534.8,1534.8,1534.7,1534.7,-0.01,60.3,91937.75,-1
2024-08-15,2024-08-15 13:23:00,1534.7,1534.7,1534.6,1534.6,-0.01,60.3,91937.75,-1
2024-08-15,2024-08-15 13:24:00,1534.6,1534.6,1534.5,1534.5,-0.01,60.3,91937.75,-1
2024-08-15,2024-08-15 13:25:00,1534.5,1534.5,1534.4,1534.4,-0.01,60.3,91937.75,-1
2024-08-15,2024-08-15 13:26:00,1534.4,1534.4,1534.3,1534.3,-0.01,60.3,91937.75,-1
2024-08-15,2024-08-15 13:27:00,1534.3,1534.3,1534.2,1534.2,-0.01,60.3,91937.75,-1
2024-08-15,2024-08-15 13:28:00,1534.2,1534.2,1534.1,1534.1,-0.01,60.3,91937.75,-1
2024-08-15,2024-08-15 13:29:00,1534.1,1534.1,1534.0,1534.0,-0.01,60.3,91937.75,-1
2024-08-15,2024-08-15 13:30:00,1534.0,1534.0,1533.9,1533.9,-0.01,60.3,91937.75,-1
2024-08-15,2024-08-15 13:31:00,1533.9,1533.9,1533.8,1533.8,-0.01,60.3,91937.75,-1
2024-08-15,2024-08-15 13:32:00,1533.8,1533.8,1533.7,1533.7,-0.01,60.3,91937.75,-1
2024-08-15,2024-08-15 13:33:00,1533.7,1533.7,1533.6,1533.6,-0.01,60.3,91937.75,-1
2024-08-15,2024-08-15 13:34:00,1533.6,1533.6,1533.5,1533.5,-0.01,60.3,91937.75,-1
2024-08-15,2024-08-15 13:35:00,1533.5,1533.5,1533.4,1533.4,-0.01,60.3,91937.75,-1
2024-08-15,2024-08-15 13:36:00,1533.4,1533.4,1533.3,1533.3,-0.01,60.3,91937.75,-1
2024-08-15,2024-08-15 13:37:00,1533.3,1533.3,1533.2,1533.2,-0.01,60.3,91937.75,-1
2024-08-15,2024-08-15 13:38:00,1533.2,1533.2,1533.1,1533.1,-0.01,60.3,91937.75,-1
2024-08-15,2024-08-15 13:39:00,1533.1,1533.1,1533.0,1533.0,-0.01,60.3,91937.75,-1
2024-08-15,2024-08-15 13:40:00,1533.0,1533.0,1532.9,1532.9,-0.01,60.3,91937.75,-1
2024-08-15,2024-08-15 13:41:00,1532.9,1532.9,1532.8,1532.8,-0.01,60.3,91937.75,-1
2024-08-15,2024-08-15 13:42:00,1532.8,1532.8,1532.7,1532.7,-0.01,60.3,91937.75,-1
2024-08-15,2024-08-15 13:43:00,1532.7,1532.7,1532.6,1532.6,-0.01,60.3,91937.75,-1
2024-08-15,2024-08-15 13:44:00,1532.6,1532.6,1532.5,1532.5,-0.01,60.3,91937.75,-1
2024-08-15,2024-08-15 13:45:00,1532.5,1532.5,1532.4,1532.4,-0.01,60.3,91937.75,-1
2024-08-15,2024-08-15 13:46:00,1532.4,1532.4,1532.3,1532.3,-0.01,60.3,91937.75,-1
2024-08-15,2024-08-15 13:47:00,1532.3,1532.3,1532.2,1532.2,-0.01,60.3,91937.75,-1
2024-08-15,2024-08-15 13:48:00,1532.2,1532.2,1532.1,1532.1,-0.01,60.3,91937.75,-1
2024-08-15,2024-08-15 13:49:00,1532.1,1532.1,1532.0,1532.0,-0.01,60.3,91937.75,-1
2024-08-15,2024-08-15 13:50:00,1532.0,1532.0,1531.9,1531.9,-0.01,60.3,91937.75,-1
2024-08-15,2024-08-15 13:51:00,1531.9,1531.9,1531.8,1531.8,-0.01,60.3,91937.75,-1
2024-08-15,2024-08-15 13:52:00,1531.8,1531.8,1531.7,1531.7,-0.01,60.3,91937.75,-1
2024-08-15,2024-08-15 13:53:00,1531.7,1531.7,1531.6,1531.6,-0.01,60.3,91937.75,-1
2024-08-15,2024-08-15 13:54:00,1531.6,1531.6,1531.5,1531.5,-0.01,60.3,91937.75,-1
2024-08-15,2024-08-15 13:55:00,1531.5,1531.5,1531.4,1531.4,-0.01,60.3,91937.75,-1
2024-08-15,2024-08-15 13:56:00,1531.4,1531.4,1531.3,1531.3,-0.01,60.3,91937.75,-1
2024-08-15,2024-08-15 13:57:00,1531.3,1531.3,1531.2,1531.2,-0.01,60.3,91937.75,-1
2024-08-15,2024-08-15 13:58:00,1531.2,1531.2,1531.1,1531.1,-0.01,60.3,91937.75,-1
2024-08-15,2024-08-15 13:59:00,1531.1,1531.1,1531.0,1531.0,-0.01,60.3,91937.75,-1
2024-08-15,2024-08-15 14:00:00,1531.0,1531.0,1530.9,1530.9,-0.01,60.3,91937.75,-1
2024-08-15,2024-08-15 14:01:00,1530.9,1530.9,1530.8,1530.8,-0.01,60.3,91937.75,-1
2024-08-15,2024-08-15 14:02:00,1530.8,1530.8,1530.7,1530.7,-0.01,60.3,91937.75,-1
2024-08-15,2024-08-15 14:03:00,1530.7,1530.7,1530.6,1530.6,-0.01,60.3,91937.75,-1
2024-08-15,2024-08-15 14:04:00,1530.6,1530.6,1530.5,1530.5,-0.01,60.3,91937.75,-1
2024-08-15,2024-08-15 14:05:00,1530.5,1530.5,1530.4,1530.4,-0.01,60.3,91937.75,-1
2024-08-15,2024-08-15 14:06:00,1530.4,1530.4,1530.3,1530.3,-0.01,60.3,91937.75,-1
2024-08-15,2024-08-15 14:07:00,1530.3,1530.3,1530.2,1530.2,-0.01,60.3,91937.75,-1
2024-08-15,2024-08-15 14:08:00,1530.2,1530.2,1530.1,1530.1,-0.01,60.3,91937.75,-1
2024-08-15,2024-08-15 14:09:00,1530.1,1530.1,1530.0,1530.0,-0.01,60.3,91937.75,-1
2024-08-15,2024-08-15 14:10:00,1530.0,1530.0,1529.9,1529.9,-0.01,60.3,91937.75,-1
2024-08-15,2024-08-15 14:11:00,1529.9,1529.9,1529.8,1529.8,-0.01,60.3,91937.75,-1
2024-08-15,2024-08-15 14:12:00,1529.8,1529.8,1529.7,1529.7,-0.01,60.3,91937.75,-1
2024-08-15,2024-08-15 14:13:00,1529.7,1529.7,1529.6,1529.6,-0.01,60.3,91937.75,-1
2024-08-15,2024-08-15 14:14:00,1529.6,1529.6,1529.5,1529.5,-0.01,60.3,91937.75,-1
2024-08-15,2024-08-15 14:15:00,1529.5,1529.5,1529.4,1529.4,-0.01,60.3,91937.75,-1
2024-08-15,2024-08-15 14:16:00,1529.4,1529.4,1529.3,1529.3,-0.01,60.3,91937.75,-1
2024-08-15,2024-08-15 14:17:00,1529.3,1529.3,1529.2,1529.2,-0.01,60.3,91937.75,-1
2024-08-15,2024-08-15 14:18:00,1529.2,1529.2,1529.1,1529.1,-0.01,60.3,91937.75,-1
2024-08-15,2024-08-15 14:19:00,1529.1,1529.1,1529.0,1529.0,-0.01,60.3,91937.75,-1
2024-08-15,2024-08-15 14:20:00,1529.0,1529.0,1528.9,1528.9,-0.01,60.3,91937.75,-1
2024-08-15,2024-08-15 14:21:00,1528.9,1528.9,1528.8,1528.8,-0.01,60.3,91937.75,-1
2024-08-15,2024-08-15 14:22:00,1528.8,1528.8,1528.7,1528.7,-0.01,60.3,91937.75,-1
2024-08-15,2024-08-15 14:23:00,1528.7,1528.7,1528.6,1528.6,-0.01,60.3,91937.75,-1
2024-08-15,2024-08-15 14:24:00,1528.6,1528.6,1528.5,1528.5,-0.01,60.3,91937.75,-1
2024-08-15,2024-08-15 14:25:00,1528.5,1528.5,1528.4,1528.4,-0.01,60.3,91937.75,-1
2024-08-15,2024-08-15 14:26:00,1528.4,1528.4,1528.3,1528.3,-0.01,60.3,91937.75,-1
2024-08-15,2024-08-15 14:27:00,1528.3,1528.3,1528.2,1528.2,-0.01,60.3,91937.75,-1
2024-08-15,2024-08-15 14:28:00,1528.2,1528.2,1528.1,1528.1,-0.01,60.3,91937.75,-1
2024-08-15,2024-08-15 14:29:00,1528.1,1528.1,1528.0,1528.0,-0.01,60.3,91937.75,-1
2024-08-15,2024-08-15 14:30:00,1528.0,1528.0,1527.9,1527.9,-0.01,60.3,91937.75,-1
2024-08-15,2024-08-15 14:31:00,1527.9,1527.9,1527.8,1527.8,-0.01,60.3,91937.75,-1
2024-08-15,2024-08-15 14:32:00,1527.8,1527.8,1527.7,1527.7,-0.01,60.3,91937.75,-1
2024-08-15,2024-08-15 14:33:00,1527.7,1527.7,1527.6,1527.6,-0.01,60.3,91937.75,-1
2024-08-15,2024-08-15 14:34:00,1527.6,1527.6,1527.5,1527.5,-0.01,60.3,91937.75,-1
2024-08-15,2024-08-15 14:35:00,1527.5,1527.5,1527.4,1527.4,-0.01,60.3,91937.75,-1
2024-08-15,2024-08-15 14:36:00,1527.4,1527.4,1527.3,1527.3,-0.01,60.3,91937.75,-1
2024-08-15,2024-08-15 14:37:00,1527.3,1527.3,1527.2,1527.2,-0.01,60.3,91937.75,-1
2024-08-15,2024-08-15 14:38:00,1527.2,1527.2,1527.1,1527.1,-0.01,60.3,91937.75,-1
2024-08-15,2024-08-15 14:39:00,1527.1,1527.1,1527.0,1527.0,-0.01,60.3,91937.75,-1
2024-08-15,2024-08-15 14:40:00,1527.0,1527.0,1526.9,1526.9,-0.01,60.3,91937.75,-1
2024-08-15,2024-08-15 14:41:00,1526.9,1526.9,1526.8,1526.8,-0.01,60.3,91937.75,-1
2024-08-15,2024-08-15 14:42:00,1526.8,1526.8,1526.7,1526.7,-0.01,60.3,91937.75,-1
2024-08-15,2024-08-15 14:43:00,1526.7,1526.7,1526.6,1526.6,-0.01,60.3,91937.75,-1
2024-08-15,2024-08-15 14:44:00,1526.6,1526.6,1526.5,1526.5,-0.01,60.3,91937.75,-1
2024-08-15,2024-08-15 14:45:00,1526.5,1526.5,1526.4,1526.4,-0.01,60.3,91937.75,-1
2024-08-15,2024-08-15 14:46:00,1526.4,1526.4,1526.3,1526.3,-0.01,60.3,91937.75,-1
2024-08-15,2024-08-15 14:47:00,1526.3,1526.3,1526.2,1526.2,-0.01,60.3,91937.75,-1
2024-08-15,2024-08-15 14:48:00,1526.2,1526.2,1526.1,1526.1,-0.01,60.3,91937.75,-1
2024-08-15,2024-08-15 14:49:00,1526.1,1526.1,1526.0,1526.0,-0.01,60.3,91937.75,-1
2024-08-15,2024-08-15 14:50:00,1526.0,1526.0,1525.9,1525.9,-0.01,60.3,91937.75,-1
2024-08-15,2024-08-15 14:51:00,1525.9,1525.9,1525.8,1525.8,-0.01,60.3,91937.75,-1
2024-08-15,2024-08-15 14:52:00,1525.8,1525.8,1525.7,1525.7,-0.01,60.3,91937.75,-1
2024-08-15,2024-08-15 14:53:00,1525.7,1525.7,1525.6,1525.6,-0.01,60.3,91937.75,-1
2024-08-15,2024-08-15 14:54:00,1525.6,1525.6,1525.5,1525.5,-0.01,60.3,91937.75,-1
2024-08-15,2024-08-15 14:55:00,1525.5,1525.5,1525.4,1525.4,-0.01,60.3,91937.75,-1
2024-08-15,2024-08-15 14:56:00,1525.4,1525.4,1525.3,1525.3,-0.01,60.3,91937.75,-1
2024-08-15,2024-08-15 14:57:00,1525.3,1525.3,1525.2,1525.2,-0.01,60.3,91937.75,-1
2024-08-15,2024-08-15 14:58:00,1525.2,1525.2,1525.1,1525.1,-0.01,60.3,91937.75,-1
2024-08-15,2024-08-15 14:59:00,1525.1,1525.1,1525.0,1525.0,-0.01,60.3,91937.75,-1
2024-08-15,2024-08-15 15:00:00,1525.0,1611.4,1490.6,1525.0,0.0,60.3,91937.75,0
2024-08-18,2024-08-18 11:00:00,1500.0,1525.8,1500.0,1500.17,0.01,49.26,76120.31,1
2024-08-18,2024-08-18 11:01:00,1500.17,1500.35,1500.17,1500.35,0.01,49.26,76120.31,1
2024-08-18,2024-08-18 11:02:00,1500.35,1500.53,1500.35,1500.53,0.01,49.26,76120.31,1
2024-08-18,2024-08-18 11:03:00,1500.53,1500.7,1500.53,1500.7,0.01,49.26,76120.31,1
2024-08-18,2024-08-18 11:04:00,1500.7,1500.88,1500.7,1500.88,0.01,49.26,76120.31,1
2024-08-18,2024-08-18 11:05:00,1500.88,1501.05,1500.88,1501.05,0.01,49.26,76120.31,1
2024-08-18,2024-08-18 11:06:00,1501.05,1501.22,1501.05,1501.22,0.01,49.26,76120.31,1
2024-08-18,2024-08-18 11:07:00,1501.22,1501.4,1501.22,1501.4,0.01,49.26,76120.31,1
2024-08-18,2024-08-18 11:08:00,1501.4,1501.58,1501.4,1501.58,0.01,49.26,76120.31,1
2024-08-18,2024-08-18 11:09:00,1501.58,1501.75,1501.58,1501.75,0.01,49.26,76120.31,1
2024-08-18,2024-08-18 11:10:00,1501.75,1501.92,1501.75,1501.92,0.01,49.26,76120.31,1
2024-08-18,2024-08-18 11:11:00,1501.92,1502.1,1501.92,1502.1,0.01,49.26,76120.31,1
2024-08-18,2024-08-18 11:12:00,1502.1,1502.28,1502.1,1502.28,0.01,49.26,76120.31,1
2024-08-18,2024-08-18 11:13:00,1502.28,1502.45,1502.28,1502.45,0.01,49.26,76120.31,1
2024-08-18,2024-08-18 11:14:00,1502.45,1502.62,1502.45,1502.62,0.01,49.26,76120.31,1
2024-08-18,2024-08-18 11:15:00,1502.62,1502.8,1502.62,1502.8,0.01,49.26,76120.31,1
2024-08-18,2024-08-18 11:16:00,1502.8,1502.97,1502.8,1502.97,0.01,49.26,76120.31,1
2024-08-18,2024-08-18 11:17:00,1502.97,1503.15,1502.97,1503.15,0.01,49.26,76120.31,1
2024-08-18,2024-08-18 11:18:00,1503.15,1503.33,1503.15,1503.33,0.01,49.26,76120.31,1
2024-08-18,2024-08-18 11:19:00,1503.33,1503.5,1503.33,1503.5,0.01,49.26,76120.31,1
2024-08-18,2024-08-18 11:20:00,1503.5,1503.67,1503.5,1503.67,0.01,49.26,76120.31,1
2024-08-18,2024-08-18 11:21:00,1503.67,1503.85,1503.67,1503.85,0.01,49.26,76120.31,1
2024-08-18,2024-08-18 11:22:00,1503.85,1504.03,1503.85,1504.03,0.01,49.26,76120.31,1
2024-08-18,2024-08-18 11:23:00,1504.03,1504.2,1504.03,1504.2,0.01,49.26,76120.31,1
2024-08-18,2024-08-18 11:24:00,1504.2,1504.38,1504.2,1504.38,0.01,49.26,76120.31,1
2024-08-18,2024-08-18 11:25:00,1504.38,1504.55,1504.38,1504.55,0.01,49.26,76120.31,1
2024-08-18,2024-08-18 11:26:00,1504.55,1504.72,1504.55,1504.72,0.01,49.26,76120.31,1
2024-08-18,2024-08-18 11:27:00,1504.72,1504.9,1504.72,1504.9,0.01,49.26,76120.31,1
2024-08-18,2024-08-18 11:28:00,1504.9,1505.08,1504.9,1505.08,0.01,49.26,76120.31,1
2024-08-18,2024-08-18 11:29:00,1505.08,1505.25,1505.08,1505.25,0.01,49.26,76120.31,1
2024-08-18,2024-08-18 11:30:00,1505.25,1505.42,1505.25,1505.42,0.01,49.26,76120.31,1
2024-08-18,2024-08-18 11:31:00,1505.42,1505.6,1505.42,1505.6,0.01,49.26,76120.31,1
2024-08-18,2024-08-18 11:32:00,1505.6,1505.78,1505.6,1505.78,0.01,49.26,76120.31,1
2024-08-18,2024-08-18 11:33:00,1505.78,1505.95,1505.78,1505.95,0.01,49.26,76120.31,1
2024-08-18,2024-08-18 11:34:00,1505.95,1506.12,1505.95,1506.12,0.01,49.26,76120.31,1
2024-08-18,2024-08-18 11:35:00,1506.12,1506.3,1506.12,1506.3,0.01,49.26,76120.31,1
2024-08-18,2024-08-18 11:36:00,1506.3,1506.47,1506.3,1506.47,0.01,49.26,76120.31,1
2024-08-18,2024-08-18 11:37:00,1506.47,1506.65,1506.47,1506.65,0.01,49.26,76120.31,1
2024-08-18,2024-08-18 11:38:00,1506.65,1506.83,1506.65,1506.83,0.01,49.26,76120.31,1
2024-08-18,2024-08-18 11:39:00,1506.83,1507.0,1506.83,1507.0,0.01,49.26,76120.31,1
2024-08-18,2024-08-18 11:40:00,1507.0,1507.17,1507.0,1507.17,0.01,49.26,76120.31,1
2024-08-18,2024-08-18 11:41:00,1507.17,1507.35,1507.17,1507.35,0.01,49.26,76120.31,1
2024-08-18,2024-08-18 11:42:00,1507.35,1507.53,1507.35,1507.53,0.01,49.26,76120.31,1
2024-08-18,2024-08-18 11:43:00,1507.53,1507.7,1507.53,1507.7,0.01,49.26,76120.31,1
2024-08-18,2024-08-18 11:44:00,1507.7,1507.88,1507.7,1507.88,0.01,49.26,76120.31,1
2024-08-18,2024-08-18 11:45:00,1507.88,1508.05,1507.88,1508.05,0.01,49.26,76120.31,1
2024-08-18,2024-08-18 11:46:00,1508.05,1508.22,1508.05,1508.22,0.01,49.26,76120.31,1
2024-08-18,2024-08-18 11:47:00,1508.22,1508.4,1508.22,1508.4,0.01,49.26,76120.31,1
2024-08-18,2024-08-18 11:48:00,1508.4,1508.58,1508.4,1508.58,0.01,49.26,76120.31,1
2024-08-18,2024-08-18 11:49:00,1508.58,1508.75,1508.58,1508.75,0.01,49.26,76120.31,1
2024-08-18,2024-08-18 11:50:00,1508.75,1508.92,1508.75,1508.92,0.01,49.26,76120.31,1
2024-08-18,2024-08-18 11:51:00,1508.92,1509.1,1508.92,1509.1,0.01,49.26,76120.31,1
2024-08-18,2024-08-18 11:52:00,1509.1,1509.28,1509.1,1509.28,0.01,49.26,76120.31,1
2024-08-18,2024-08-18 11:53:00,1509.28,1509.45,1509.28,1509.45,0.01,49.26,76120.31,1
2024-08-18,2024-08-18 11:54:00,1509.45,1509.62,1509.45,1509.62,0.01,49.26,76120.31,1
2024-08-18,2024-08-18 11:55:00,1509.62,1509.8,1509.62,1509.8,0.01,49.26,76120.31,1
2024-08-18,2024-08-18 11:56:00,1509.8,1509.97,1509.8,1509.97,0.01,49.26,76120.31,1
2024-08-18,2024-08-18 11:57:00,1509.97,1510.15,1509.97,1510.15,0.01,49.26,76120.31,1
2024-08-18,2024-08-18 11:58:00,1510.15,1510.33,1510.15,1510.33,0.01,49.26,76120.31,1
2024-08-18,2024-08-18 11:59:00,1510.33,1510.5,1510.33,1510.5,0.01,49.26,76120.31,1
2024-08-18,2024-08-18 12:00:00,1510.5,1510.67,1510.5,1510.67,0.01,49.26,76120.31,1
2024-08-18,2024-08-18 12:01:00,1510.67,1510.85,1510.67,1510.85,0.01,49.26,76120.31,1
2024-08-18,2024-08-18 12:02:00,1510.85,1511.03,1510.85,1511.03,0.01,49.26,76120.31,1
2024-08-18,2024-08-18 12:03:00,1511.03,1511.2,1511.03,1511.2,0.01,49.26,76120.31,1
2024-08-18,2024-08-18 12:04:00,1511.2,1511.38,1511.2,1511.38,0.01,49.26,76120.31,1
2024-08-18,2024-08-18 12:05:00,1511.38,1511.55,1511.38,1511.55,0.01,49.26,76120.31,1
2024-08-18,2024-08-18 12:06:00,1511.55,1511.72,1511.55,1511.72,0.01,49.26,76120.31,1
2024-08-18,2024-08-18 12:07:00,1511.72,1511.9,1511.72,1511.9,0.01,49.26,76120.31,1
2024-08-18,2024-08-18 12:08:00,1511.9,1512.08,1511.9,1512.08,0.01,49.26,76120.31,1
2024-08-18,2024-08-18 12:09:00,1512.08,1512.25,1512.08,1512.25,0.01,49.26,76120.31,1
2024-08-18,2024-08-18 12:10:00,1512.25,1512.42,1512.25,1512.42,0.01,49.26,76120.31,1
2024-08-18,2024-08-18 12:11:00,1512.42,1512.6,1512.42,1512.6,0.01,49.26,76120.31,1
2024-08-18,2024-08-18 12:12:00,1512.6,1512.78,1512.6,1512.78,0.01,49.26,76120.31,1
2024-08-18,2024-08-18 12:13:00,1512.78,1512.95,1512.78,1512.95,0.01,49.26,76120.31,1
2024-08-18,2024-08-18 12:14:00,1512.95,1513.12,1512.95,1513.12,0.01,49.26,76120.31,1
2024-08-18,2024-08-18 12:15:00,1513.12,1513.3,1513.12,1513.3,0.01,49.26,76120.31,1
2024-08-18,2024-08-18 12:16:00,1513.3,1513.47,1513.3,1513.47,0.01,49.26,76120.31,1
2024-08-18,2024-08-18 12:17:00,1513.47,1513.65,1513.47,1513.65,0.01,49.26,76120.31,1
2024-08-18,2024-08-18 12:18:00,1513.65,1513.83,1513.65,1513.83,0.01,49.26,76120.31,1
2024-08-18,2024-08-18 12:19:00,1513.83,1514.0,1513.83,1514.0,0.01,49.26,76120.31,1
2024-08-18,2024-08-18 12:20:00,1514.0,1514.17,1514.0,1514.17,0.01,49.26,76120.31,1
2024-08-18,2024-08-18 12:21:00,1514.17,1514.35,1514.17,1514.35,0.01,49.26,76120.31,1
2024-08-18,2024-08-18 12:22:00,1514.35,1514.53,1514.35,1514.53,0.01,49.26,76120.31,1
2024-08-18,2024-08-18 12:23:00,1514.53,1514.7,1514.53,1514.7,0.01,49.26,76120.31,1
2024-08-18,2024-08-18 12:24:00,1514.7,1514.88,1514.7,1514.88,0.01,49.26,76120.31,1
2024-08-18,2024-08-18 12:25:00,1514.88,1515.05,1514.88,1515.05,0.01,49.26,76120.31,1
2024-08-18,2024-08-18 12:26:00,1515.05,1515.22,1515.05,1515.22,0.01,49.26,76120.31,1
2024-08-18,2024-08-18 12:27:00,1515.22,1515.4,1515.22,1515.4,0.01,49.26,76120.31,1
2024-08-18,2024-08-18 12:28:00,1515.4,1515.58,1515.4,1515.58,0.01,49.26,76120.31,1
2024-08-18,2024-08-18 12:29:00,1515.58,1515.75,1515.58,1515.75,0.01,49.26,76120.31,1
2024-08-18,2024-08-18 12:30:00,1515.75,1515.92,1515.75,1515.92,0.01,49.26,76120.31,1
2024-08-18,2024-08-18 12:31:00,1515.92,1516.1,1515.92,1516.1,0.01,49.26,76120.31,1
2024-08-18,2024-08-18 12:32:00,1516.1,1516.28,1516.1,1516.28,0.01,49.26,76120.31,1
2024-08-18,2024-08-18 12:33:00,1516.28,1516.45,1516.28,1516.45,0.01,49.26,76120.31,1
2024-08-18,2024-08-18 12:34:00,1516.45,1516.62,1516.45,1516.62,0.01,49.26,76120.31,1
2024-08-18,2024-08-18 12:35:00,1516.62,1516.8,1516.62,1516.8,0.01,49.26,76120.31,1
2024-08-18,2024-08-18 12:36:00,1516.8,1516.97,1516.8,1516.97,0.01,49.26,76120.31,1
2024-08-18,2024-08-18 12:37:00,1516.97,1517.15,1516.97,1517.15,0.01,49.26,76120.31,1
2024-08-18,2024-08-18 12:38:00,1517.15,1517.33,1517.15,1517.33,0.01,49.26,76120.31,1
2024-08-18,2024-08-18 12:39:00,1517.33,1517.5,1517.33,1517.5,0.01,49.26,76120.31,1
2024-08-18,2024-08-18 12:40:00,1517.5,1517.67,1517.5,1517.67,0.01,49.26,76120.31,1
2024-08-18,2024-08-18 12:41:00,1517.67,1517.85,1517.67,1517.85,0.01,49.26,76120.31,1
2024-08-18,2024-08-18 12:42:00,1517.85,1518.03,1517.85,1518.03,0.01,49.26,76120.31,1
2024-08-18,2024-08-18 12:43:00,1518.03,1518.2,1518.03,1518.2,0.01,49.26,76120.31,1
2024-08-18,2024-08-18 12:44:00,1518.2,1518.38,1518.2,1518.38,0.01,49.26,76120.31,1
2024-08-18,2024-08-18 12:45:00,1518.38,1518.55,1518.38,1518.55,0.01,49.26,76120.31,1
2024-08-18,2024-08-18 12:46:00,1518.55,1518.72,1518.55,1518.72,0.01,49.26,76120.31,1
2024-08-18,2024-08-18 12:47:00,1518.72,1518.9,1518.72,1518.9,0.01,49.26,76120.31,1
2024-08-18,2024-08-18 12:48:00,1518.9,1519.08,1518.9,1519.08,0.01,49.26,76120.31,1
2024-08-18,2024-08-18 12:49:00,1519.08,1519.25,1519.08,1519.25,0.01,49.26,76120.31,1
2024-08-18,2024-08-18 12:50:00,1519.25,1519.42,1519.25,1519.42,0.01,49.26,76120.31,1
2024-08-18,2024-08-18 12:51:00,1519.42,1519.6,1519.42,1519.6,0.01,49.26,76120.31,1
2024-08-18,2024-08-18 12:52:00,1519.6,1519.78,1519.6,1519.78,0.01,49.26,76120.31,1
2024-08-18,2024-08-18 12:53:00,1519.78,1519.95,1519.78,1519.95,0.01,49.26,76120.31,1
2024-08-18,2024-08-18 12:54:00,1519.95,1520.12,1519.95,1520.12,0.01,49.26,76120.31,1
2024-08-18,2024-08-18 12:55:00,1520.12,1520.3,1520.12,1520.3,0.01,49.26,76120.31,1
2024-08-18,2024-08-18 12:56:00,1520.3,1520.47,1520.3,1520.47,0.01,49.26,76120.31,1
2024-08-18,2024-08-18 12:57:00,1520.47,1520.65,1520.47,1520.65,0.01,49.26,76120.31,1
2024-08-18,2024-08-18 12:58:00,1520.65,1520.83,1520.65,1520.83,0.01,49.26,76120.31,1
2024-08-18,2024-08-18 12:59:00,1520.83,1521.0,1520.83,1521.0,0.01,49.26,76120.31,1
2024-08-18,2024-08-18 13:00:00,1521.0,1586.0,1500.0,1521.17,0.01,49.26,76120.31,1
2024-08-18,2024-08-18 13:01:00,1521.17,1521.35,1521.17,1521.35,0.01,49.26,76120.31,1
2024-08-18,2024-08-18 13:02:00,1521.35,1521.53,1521.35,1521.53,0.01,49.26,76120.31,1
2024-08-18,2024-08-18 13:03:00,1521.53,1521.7,1521.53,1521.7,0.01,49.26,76120.31,1
2024-08-18,2024-08-18 13:04:00,1521.7,1521.88,1521.7,1521.88,0.01,49.26,76120.31,1
2024-08-18,2024-08-18 13:05:00,1521.88,1522.05,1521.88,1522.05,0.01,49.26,76120.31,1
2024-08-18,2024-08-18 13:06:00,1522.05,1522.22,1522.05,1522.22,0.01,49.26,76120.31,1
2024-08-18,2024-08-18 13:07:00,1522.22,1522.4,1522.22,1522.4,0.01,49.26,76120.31,1
2024-08-18,2024-08-18 13:08:00,1522.4,1522.58,1522.4,1522.58,0.01,49.26,76120.31,1
2024-08-18,2024-08-18 13:09:00,1522.58,1522.75,1522.58,1522.75,0.01,49.26,76120.31,1
2024-08-18,2024-08-18 13:10:00,1522.75,1522.92,1522.75,1522.92,0.01,49.26,76120.31,1
2024-08-18,2024-08-18 13:11:00,1522.92,1523.1,1522.92,1523.1,0.01,49.26,76120.31,1
2024-08-18,2024-08-18 13:12:00,1523.1,1523.28,1523.1,1523.28,0.01,49.26,76120.31,1
2024-08-18,2024-08-18 13:13:00,1523.28,1523.45,1523.28,1523.45,0.01,49.26,76120.31,1
2024-08-18,2024-08-18 13:14:00,1523.45,1523.62,1523.45,1523.62,0.01,49.26,76120.31,1
2024-08-18,2024-08-18 13:15:00,1523.62,1523.8,1523.62,1523.8,0.01,49.26,76120.31,1
2024-08-18,2024-08-18 13:16:00,1523.8,1523.97,1523.8,1523.97,0.01,49.26,76120.31,1
2024-08-18,2024-08-18 13:17:00,1523.97,1524.15,1523.97,1524.15,0.01,49.26,76120.31,1
2024-08-18,2024-08-18 13:18:00,1524.15,1524.33,1524.15,1524.33,0.01,49.26,76120.31,1
2024-08-18,2024-08-18 13:19:00,1524.33,1524.5,1524.33,1524.5,0.01,49.26,76120.31,1
2024-08-18,2024-08-18 13:20:00,1524.5,1524.67,1524.5,1524.67,0.01,49.26,76120.31,1
2024-08-18,2024-08-18 13:21:00,1524.67,1524.85,1524.67,1524.85,0.01,49.26,76120.31,1
2024-08-18,2024-08-18 13:22:00,1524.85,1525.03,1524.85,1525.03,0.01,49.26,76120.31,1
2024-08-18,2024-08-18 13:23:00,1525.03,1525.2,1525.03,1525.2,0.01,49.26,76120.31,1
2024-08-18,2024-08-18 13:24:00,1525.2,1525.38,1525.2,1525.38,0.01,49.26,76120.31,1
2024-08-18,2024-08-18 13:25:00,1525.38,1525.55,1525.38,1525.55,0.01,49.26,76120.31,1
2024-08-18,2024-08-18 13:26:00,1525.55,1525.72,1525.55,1525.72,0.01,49.26,76120.31,1
2024-08-18,2024-08-18 13:27:00,1525.72,1525.9,1525.72,1525.9,0.01,49.26,76120.31,1
2024-08-18,2024-08-18 13:28:00,1525.9,1526.08,1525.9,1526.08,0.01,49.26,76120.31,1
2024-08-18,2024-08-18 13:29:00,1526.08,1526.25,1526.08,1526.25,0.01,49.26,76120.31,1
2024-08-18,2024-08-18 13:30:00,1526.25,1526.42,1526.25,1526.42,0.01,49.26,76120.31,1
2024-08-18,2024-08-18 13:31:00,1526.42,1526.6,1526.42,1526.6,0.01,49.26,76120.31,1
2024-08-18,2024-08-18 13:32:00,1526.6,1526.78,1526.6,1526.78,0.01,49.26,76120.31,1
2024-08-18,2024-08-18 13:33:00,1526.78,1526.95,1526.78,1526.95,0.01,49.26,76120.31,1
2024-08-18,2024-08-18 13:34:00,1526.95,1527.12,1526.95,1527.12,0.01,49.26,76120.31,1
2024-08-18,2024-08-18 13:35:00,1527.12,1527.3,1527.12,1527.3,0.01,49.26,76120.31,1
2024-08-18,2024-08-18 13:36:00,1527.3,1527.47,1527.3,1527.47,0.01,49.26,76120.31,1
2024-08-18,2024-08-18 13:37:00,1527.47,1527.65,1527.47,1527.65,0.01,49.26,76120.31,1
2024-08-18,2024-08-18 13:38:00,1527.65,1527.83,1527.65,1527.83,0.01,49.26,76120.31,1
2024-08-18,2024-08-18 13:39:00,1527.83,1528.0,1527.83,1528.0,0.01,49.26,76120.31,1
2024-08-18,2024-08-18 13:40:00,1528.0,1528.17,1528.0,1528.17,0.01,49.26,76120.31,1
2024-08-18,2024-08-18 13:41:00,1528.17,1528.35,1528.17,1528.35,0.01,49.26,76120.31,1
2024-08-18,2024-08-18 13:42:00,1528.35,1528.53,1528.35,1528.53,0.01,49.26,76120.31,1
2024-08-18,2024-08-18 13:43:00,1528.53,1528.7,1528.53,1528.7,0.01,49.26,76120.31,1
2024-08-18,2024-08-18 13:44:00,1528.7,1528.88,1528.7,1528.88,0.01,49.26,76120.31,1
2024-08-18,2024-08-18 13:45:00,1528.88,1529.05,1528.88,1529.05,0.01,49.26,76120.31,1
2024-08-18,2024-08-18 13:46:00,1529.05,1529.22,1529.05,1529.22,0.01,49.26,76120.31,1
2024-08-18,2024-08-18 13:47:00,1529.22,1529.4,1529.22,1529.4,0.01,49.26,76120.31,1
2024-08-18,2024-08-18 13:48:00,1529.4,1529.58,1529.4,1529.58,0.01,49.26,76120.31,1
2024-08-18,2024-08-18 13:49:00,1529.58,1529.75,1529.58,1529.75,0.01,49.26,76120.31,1
2024-08-18,2024-08-18 13:50:00,1529.75,1529.92,1529.75,1529.92,0.01,49.26,76120.31,1
2024-08-18,2024-08-18 13:51:00,1529.92,1530.1,1529.92,1530.1,0.01,49.26,76120.31,1
2024-08-18,2024-08-18 13:52:00,1530.1,1530.28,1530.1,1530.28,0.01,49.26,76120.31,1
2024-08-18,2024-08-18 13:53:00,1530.28,1530.45,1530.28,1530.45,0.01,49.26,76120.31,1
2024-08-18,2024-08-18 13:54:00,1530.45,1530.62,1530.45,1530.62,0.01,49.26,76120.31,1
2024-08-18,2024-08-18 13:55:00,1530.62,1530.8,1530.62,1530.8,0.01,49.26,76120.31,1
2024-08-18,2024-08-18 13:56:00,1530.8,1530.97,1530.8,1530.97,0.01,49.26,76120.31,1
2024-08-18,2024-08-18 13:57:00,1530.97,1531.15,1530.97,1531.15,0.01,49.26,76120.31,1
2024-08-18,2024-08-18 13:58:00,1531.15,1531.33,1531.15,1531.33,0.01,49.26,76120.31,1
2024-08-18,2024-08-18 13:59:00,1531.33,1531.5,1531.33,1531.5,0.01,49.26,76120.31,1
2024-08-18,2024-08-18 14:00:00,1531.5,1531.67,1531.5,1531.67,0.01,49.26,76120.31,1
2024-08-18,2024-08-18 14:01:00,1531.67,1531.85,1531.67,1531.85,0.01,49.26,76120.31,1
2024-08-18,2024-08-18 14:02:00,1531.85,1532.03,1531.85,1532.03,0.01,49.26,76120.31,1
2024-08-18,2024-08-18 14:03:00,1532.03,1532.2,1532.03,1532.2,0.01,49.26,76120.31,1
2024-08-18,2024-08-18 14:04:00,1532.2,1532.38,1532.2,1532.38,0.01,49.26,76120.31,1
2024-08-18,2024-08-18 14:05:00,1532.38,1532.55,1532.38,1532.55,0.01,49.26,76120.31,1
2024-08-18,2024-08-18 14:06:00,1532.55,1532.72,1532.55,1532.72,0.01,49.26,76120.31,1
2024-08-18,2024-08-18 14:07:00,1532.72,1532.9,1532.72,1532.9,0.01,49.26,76120.31,1
2024-08-18,2024-08-18 14:08:00,1532.9,1533.08,1532.9,1533.08,0.01,49.26,76120.31,1
2024-08-18,2024-08-18 14:09:00,1533.08,1533.25,1533.08,1533.25,0.01,49.26,76120.31,1
2024-08-18,2024-08-18 14:10:00,1533.25,1533.42,1533.25,1533.42,0.01,49.26,76120.31,1
2024-08-18,2024-08-18 14:11:00,1533.42,1533.6,1533.42,1533.6,0.01,49.26,76120.31,1
2024-08-18,2024-08-18 14:12:00,1533.6,1533.78,1533.6,1533.78,0.01,49.26,76120.31,1
2024-08-18,2024-08-18 14:13:00,1533.78,1533.95,1533.78,1533.95,0.01,49.26,76120.31,1
2024-08-18,2024-08-18 14:14:00,1533.95,1534.12,1533.95,1534.12,0.01,49.26,76120.31,1
2024-08-18,2024-08-18 14:15:00,1534.12,1534.3,1534.12,1534.3,0.01,49.26,76120.31,1
2024-08-18,2024-08-18 14:16:00,1534.3,1534.47,1534.3,1534.47,0.01,49.26,76120.31,1
2024-08-18,2024-08-18 14:17:00,1534.47,1534.65,1534.47,1534.65,0.01,49.26,76120.31,1
2024-08-18,2024-08-18 14:18:00,1534.65,1534.83,1534.65,1534.83,0.01,49.26,76120.31,1
2024-08-18,2024-08-18 14:19:00,1534.83,1535.0,1534.83,1535.0,0.01,49.26,76120.31,1
2024-08-18,2024-08-18 14:20:00,1535.0,1535.17,1535.0,1535.17,0.01,49.26,76120.31,1
2024-08-18,2024-08-18 14:21:00,1535.17,1535.35,1535.17,1535.35,0.01,49.26,76120.31,1
2024-08-18,2024-08-18 14:22:00,1535.35,1535.53,1535.35,1535.53,0.01,49.26,76120.31,1
2024-08-18,2024-08-18 14:23:00,1535.53,1535.7,1535.53,1535.7,0.01,49.26,76120.31,1
2024-08-18,2024-08-18 14:24:00,1535.7,1535.88,1535.7,1535.88,0.01,49.26,76120.31,1
2024-08-18,2024-08-18 14:25:00,1535.88,1536.05,1535.88,1536.05,0.01,49.26,76120.31,1
2024-08-18,2024-08-18 14:26:00,1536.05,1536.22,1536.05,1536.22,0.01,49.26,76120.31,1
2024-08-18,2024-08-18 14:27:00,1536.22,1536.4,1536.22,1536.4,0.01,49.26,76120.31,1
2024-08-18,2024-08-18 14:28:00,1536.4,1536.58,1536.4,1536.58,0.01,49.26,76120.31,1
2024-08-18,2024-08-18 14:29:00,1536.58,1536.75,1536.58,1536.75,0.01,49.26,76120.31,1
2024-08-18,2024-08-18 14:30:00,1536.75,1536.92,1536.75,1536.92,0.01,49.26,76120.31,1
2024-08-18,2024-08-18 14:31:00,1536.92,1537.1,1536.92,1537.1,0.01,49.26,76120.31,1
2024-08-18,2024-08-18 14:32:00,1537.1,1537.28,1537.1,1537.28,0.01,49.26,76120.31,1
2024-08-18,2024-08-18 14:33:00,1537.28,1537.45,1537.28,1537.45,0.01,49.26,76120.31,1
2024-08-18,2024-08-18 14:34:00,1537.45,1537.62,1537.45,1537.62,0.01,49.26,76120.31,1
2024-08-18,2024-08-18 14:35:00,1537.62,1537.8,1537.62,1537.8,0.01,49.26,76120.31,1
2024-08-18,2024-08-18 14:36:00,1537.8,1537.97,1537.8,1537.97,0.01,49.26,76120.31,1
2024-08-18,2024-08-18 14:37:00,1537.97,1538.15,1537.97,1538.15,0.01,49.26,76120.31,1
2024-08-18,2024-08-18 14:38:00,1538.15,1538.33,1538.15,1538.33,0.01,49.26,76120.31,1
2024-08-18,2024-08-18 14:39:00,1538.33,1538.5,1538.33,1538.5,0.01,49.26,76120.31,1
2024-08-18,2024-08-18 14:40:00,1538.5,1538.67,1538.5,1538.67,0.01,49.26,76120.31,1
2024-08-18,2024-08-18 14:41:00,1538.67,1538.85,1538.67,1538.85,0.01,49.26,76120.31,1
2024-08-18,2024-08-18 14:42:00,1538.85,1539.03,1538.85,1539.03,0.01,49.26,76120.31,1
2024-08-18,2024-08-18 14:43:00,1539.03,1539.2,1539.03,1539.2,0.01,49.26,76120.31,1
2024-08-18,2024-08-18 14:44:00,1539.2,1539.38,1539.2,1539.38,0.01,49.26,76120.31,1
2024-08-18,2024-08-18 14:45:00,1539.38,1539.55,1539.38,1539.55,0.01,49.26,76120.31,1
2024-08-18,2024-08-18 14:46:00,1539.55,1539.72,1539.55,1539.72,0.01,49.26,76120.31,1
2024-08-18,2024-08-18 14:47:00,1539.72,1539.9,1539.72,1539.9,0.01,49.26,76120.31,1
2024-08-18,2024-08-18 14:48:00,1539.9,1540.08,1539.9,1540.08,0.01,49.26,76120.31,1
2024-08-18,2024-08-18 14:49:00,1540.08,1540.25,1540.08,1540.25,0.01,49.26,76120.31,1
2024-08-18,2024-08-18 14:50:00,1540.25,1540.42,1540.25,1540.42,0.01,49.26,76120.31,1
2024-08-18,2024-08-18 14:51:00,1540.42,1540.6,1540.42,1540.6,0.01,49.26,76120.31,1
2024-08-18,2024-08-18 14:52:00,1540.6,1540.78,1540.6,1540.78,0.01,49.26,76120.31,1
2024-08-18,2024-08-18 14:53:00,1540.78,1540.95,1540.78,1540.95,0.01,49.26,76120.31,1
2024-08-18,2024-08-18 14:54:00,1540.95,1541.12,1540.95,1541.12,0.01,49.26,76120.31,1
2024-08-18,2024-08-18 14:55:00,1541.12,1541.3,1541.12,1541.3,0.01,49.26,76120.31,1
2024-08-18,2024-08-18 14:56:00,1541.3,1541.47,1541.3,1541.47,0.01,49.26,76120.31,1
2024-08-18,2024-08-18 14:57:00,1541.47,1541.65,1541.47,1541.65,0.01,49.26,76120.31,1
2024-08-18,2024-08-18 14:58:00,1541.65,1541.83,1541.65,1541.83,0.01,49.26,76120.31,1
2024-08-18,2024-08-18 14:59:00,1541.83,1542.0,1541.83,1542.0,0.01,49.26,76120.31,1
2024-08-18,2024-08-18 15:00:00,1542.0,1586.0,1500.0,1542.0,0.0,49.26,76120.31,0
2024-08-21,2024-08-21 11:00:00,1530.0,1531.5,1525.8,1530.02,0.0,16.15,24647.44,1
2024-08-21,2024-08-21 11:01:00,1530.02,1530.04,1530.02,1530.04,0.0,16.15,24647.44,1
2024-08-21,2024-08-21 11:02:00,1530.04,1530.06,1530.04,1530.06,0.0,16.15,24647.44,1
2024-08-21,2024-08-21 11:03:00,1530.06,1530.08,1530.06,1530.08,0.0,16.15,24647.44,1
2024-08-21,2024-08-21 11:04:00,1530.08,1530.1,1530.08,1530.1,0.0,16.15,24647.44,1
2024-08-21,2024-08-21 11:05:00,1530.1,1530.12,1530.1,1530.12,0.0,16.15,24647.44,1
2024-08-21,2024-08-21 11:06:00,1530.12,1530.15,1530.12,1530.15,0.0,16.15,24647.44,1
2024-08-21,2024-08-21 11:07:00,1530.15,1530.17,1530.15,1530.17,0.0,16.15,24647.44,1
2024-08-21,2024-08-21 11:08:00,1530.17,1530.19,1530.17,1530.19,0.0,16.15,24647.44,1
2024-08-21,2024-08-21 11:09:00,1530.19,1530.21,1530.19,1530.21,0.0,16.15,24647.44,1
2024-08-21,2024-08-21 11:10:00,1530.21,1530.23,1530.21,1530.23,0.0,16.15,24647.44,1
2024-08-21,2024-08-21 11:11:00,1530.23,1530.25,1530.23,1530.25,0.0,16.15,24647.44,1
2024-08-21,2024-08-21 11:12:00,1530.25,1530.27,1530.25,1530.27,0.0,16.15,24647.44,1
2024-08-21,2024-08-21 11:13:00,1530.27,1530.29,1530.27,1530.29,0.0,16.15,24647.44,1
2024-08-21,2024-08-21 11:14:00,1530.29,1530.31,1530.29,1530.31,0.0,16.15,24647.44,1
2024-08-21,2024-08-21 11:15:00,1530.31,1530.33,1530.31,1530.33,0.0,16.15,24647.44,1
2024-08-21,2024-08-21 11:16:00,1530.33,1530.35,1530.33,1530.35,0.0,16.15,24647.44,1
2024-08-21,2024-08-21 11:17:00,1530.35,1530.38,1530.35,1530.38,0.0,16.15,24647.44,1
2024-08-21,2024-08-21 11:18:00,1530.38,1530.4,1530.38,1530.4,0.0,16.15,24647.44,1
2024-08-21,2024-08-21 11:19:00,1530.4,1530.42,1530.4,1530.42,0.0,16.15,24647.44,1
2024-08-21,2024-08-21 11:20:00,1530.42,1530.44,1530.42,1530.44,0.0,16.15,24647.44,1
2024-08-21,2024-08-21 11:21:00,1530.44,1530.46,1530.44,1530.46,0.0,16.15,24647.44,1
2024-08-21,2024-08-21 11:22:00,1530.46,1530.48,1530.46,1530.48,0.0,16.15,24647.44,1
2024-08-21,2024-08-21 11:23:00,1530.48,1530.5,1530.48,1530.5,0.0,16.15,24647.44,1
2024-08-21,2024-08-21 11:24:00,1530.5,1530.52,1530.5,1530.52,0.0,16.15,24647.44,1
2024-08-21,2024-08-21 11:25:00,1530.52,1530.54,1530.52,1530.54,0.0,16.15,24647.44,1
2024-08-21,2024-08-21 11:26:00,1530.54,1530.56,1530.54,1530.56,0.0,16.15,24647.44,1
2024-08-21,2024-08-21 11:27:00,1530.56,1530.58,1530.56,1530.58,0.0,16.15,24647.44,1
2024-08-21,2024-08-21 11:28:00,1530.58,1530.6,1530.58,1530.6,0.0,16.15,24647.44,1
2024-08-21,2024-08-21 11:29:00,1530.6,1530.62,1530.6,1530.62,0.0,16.15,24647.44,1
2024-08-21,2024-08-21 11:30:00,1530.62,1530.65,1530.62,1530.65,0.0,16.15,24647.44,1
2024-08-21,2024-08-21 11:31:00,1530.65,1530.67,1530.65,1530.67,0.0,16.15,24647.44,1
2024-08-21,2024-08-21 11:32:00,1530.67,1530.69,1530.67,1530.69,0.0,16.15,24647.44,1
2024-08-21,2024-08-21 11:33:00,1530.69,1530.71,1530.69,1530.71,0.0,16.15,24647.44,1
2024-08-21,2024-08-21 11:34:00,1530.71,1530.73,1530.71,1530.73,0.0,16.15,24647.44,1
2024-08-21,2024-08-21 11:35:00,1530.73,1530.75,1530.73,1530.75,0.0,16.15,24647.44,1
2024-08-21,2024-08-21 11:36:00,1530.75,1530.77,1530.75,1530.77,0.0,16.15,24647.44,1
2024-08-21,2024-08-21 11:37:00,1530.77,1530.79,1530.77,1530.79,0.0,16.15,24647.44,1
2024-08-21,2024-08-21 11:38:00,1530.79,1530.81,1530.79,1530.81,0.0,16.15,24647.44,1
2024-08-21,2024-08-21 11:39:00,1530.81,1530.83,1530.81,1530.83,0.0,16.15,24647.44,1
2024-08-21,2024-08-21 11:40:00,1530.83,1530.85,1530.83,1530.85,0.0,16.15,24647.44,1
2024-08-21,2024-08-21 11:41:00,1530.85,1530.88,1530.85,1530.88,0.0,16.15,24647.44,1
2024-08-21,2024-08-21 11:42:00,1530.88,1530.9,1530.88,1530.9,0.0,16.15,24647.44,1
2024-08-21,2024-08-21 11:43:00,1530.9,1530.92,1530.9,1530.92,0.0,16.15,24647.44,1
2024-08-21,2024-08-21 11:44:00,1530.92,1530.94,1530.92,1530.94,0.0,16.15,24647.44,1
2024-08-21,2024-08-21 11:45:00,1530.94,1530.96,1530.94,1530.96,0.0,16.15,24647.44,1
2024-08-21,2024-08-21 11:46:00,1530.96,1530.98,1530.96,1530.98,0.0,16.15,24647.44,1
2024-08-21,2024-08-21 11:47:00,1530.98,1531.0,1530.98,1531.0,0.0,16.15,24647.44,1
2024-08-21,2024-08-21 11:48:00,1531.0,1531.02,1531.0,1531.02,0.0,16.15,24647.44,1
2024-08-21,2024-08-21 11:49:00,1531.02,1531.04,1531.02,1531.04,0.0,16.15,24647.44,1
2024-08-21,2024-08-21 11:50:00,1531.04,1531.06,1531.04,1531.06,0.0,16.15,24647.44,1
2024-08-21,2024-08-21 11:51:00,1531.06,1531.08,1531.06,1531.08,0.0,16.15,24647.44,1
2024-08-21,2024-08-21 11:52:00,1531.08,1531.1,1531.08,1531.1,0.0,16.15,24647.44,1
2024-08-21,2024-08-21 11:53:00,1531.1,1531.12,1531.1,1531.12,0.0,16.15,24647.44,1
2024-08-21,2024-08-21 11:54:00,1531.12,1531.15,1531.12,1531.15,0.0,16.15,24647.44,1
2024-08-21,2024-08-21 11:55:00,1531.15,1531.17,1531.15,1531.17,0.0,16.15,24647.44,1
2024-08-21,2024-08-21 11:56:00,1531.17,1531.19,1531.17,1531.19,0.0,16.15,24647.44,1
2024-08-21,2024-08-21 11:57:00,1531.19,1531.21,1531.19,1531.21,0.0,16.15,24647.44,1
2024-08-21,2024-08-21 11:58:00,1531.21,1531.23,1531.21,1531.23,0.0,16.15,24647.44,1
2024-08-21,2024-08-21 11:59:00,1531.23,1531.25,1531.23,1531.25,0.0,16.15,24647.44,1
2024-08-21,2024-08-21 12:00:00,1531.25,1531.27,1531.25,1531.27,0.0,16.15,24647.44,1
2024-08-21,2024-08-21 12:01:00,1531.27,1531.29,1531.27,1531.29,0.0,16.15,24647.44,1
2024-08-21,2024-08-21 12:02:00,1531.29,1531.31,1531.29,1531.31,0.0,16.15,24647.44,1
2024-08-21,2024-08-21 12:03:00,1531.31,1531.33,1531.31,1531.33,0.0,16.15,24647.44,1
2024-08-21,2024-08-21 12:04:00,1531.33,1531.35,1531.33,1531.35,0.0,16.15,24647.44,1
2024-08-21,2024-08-21 12:05:00,1531.35,1531.38,1531.35,1531.38,0.0,16.15,24647.44,1
2024-08-21,2024-08-21 12:06:00,1531.38,1531.4,1531.38,1531.4,0.0,16.15,24647.44,1
2024-08-21,2024-08-21 12:07:00,1531.4,1531.42,1531.4,1531.42,0.0,16.15,24647.44,1
2024-08-21,2024-08-21 12:08:00,1531.42,1531.44,1531.42,1531.44,0.0,16.15,24647.44,1
2024-08-21,2024-08-21 12:09:00,1531.44,1531.46,1531.44,1531.46,0.0,16.15,24647.44,1
2024-08-21,2024-08-21 12:10:00,1531.46,1531.48,1531.46,1531.48,0.0,16.15,24647.44,1
2024-08-21,2024-08-21 12:11:00,1531.48,1531.5,1531.48,1531.5,0.0,16.15,24647.44,1
2024-08-21,2024-08-21 12:12:00,1531.5,1531.52,1531.5,1531.52,0.0,16.15,24647.44,1
2024-08-21,2024-08-21 12:13:00,1531.52,1531.54,1531.52,1531.54,0.0,16.15,24647.44,1
2024-08-21,2024-08-21 12:14:00,1531.54,1531.56,1531.54,1531.56,0.0,16.15,24647.44,1
2024-08-21,2024-08-21 12:15:00,1531.56,1531.58,1531.56,1531.58,0.0,16.15,24647.44,1
2024-08-21,2024-08-21 12:16:00,1531.58,1531.6,1531.58,1531.6,0.0,16.15,24647.44,1
2024-08-21,2024-08-21 12:17:00,1531.6,1531.62,1531.6,1531.62,0.0,16.15,24647.44,1
2024-08-21,2024-08-21 12:18:00,1531.62,1531.65,1531.62,1531.65,0.0,16.15,24647.44,1
2024-08-21,2024-08-21 12:19:00,1531.65,1531.67,1531.65,1531.67,0.0,16.15,24647.44,1
2024-08-21,2024-08-21 12:20:00,1531.67,1531.69,1531.67,1531.69,0.0,16.15,24647.44,1
2024-08-21,2024-08-21 12:21:00,1531.69,1531.71,1531.69,1531.71,0.0,16.15,24647.44,1
2024-08-21,2024-08-21 12:22:00,1531.71,1531.73,1531.71,1531.73,0.0,16.15,24647.44,1
2024-08-21,2024-08-21 12:23:00,1531.73,1531.75,1531.73,1531.75,0.0,16.15,24647.44,1
2024-08-21,2024-08-21 12:24:00,1531.75,1531.77,1531.75,1531.77,0.0,16.15,24647.44,1
2024-08-21,2024-08-21 12:25:00,1531.77,1531.79,1531.77,1531.79,0.0,16.15,24647.44,1
2024-08-21,2024-08-21 12:26:00,1531.79,1531.81,1531.79,1531.81,0.0,16.15,24647.44,1
2024-08-21,2024-08-21 12:27:00,1531.81,1531.83,1531.81,1531.83,0.0,16.15,24647.44,1
2024-08-21,2024-08-21 12:28:00,1531.83,1531.85,1531.83,1531.85,0.0,16.15,24647.44,1
2024-08-21,2024-08-21 12:29:00,1531.85,1531.88,1531.85,1531.88,0.0,16.15,24647.44,1
2024-08-21,2024-08-21 12:30:00,1531.88,1531.9,1531.88,1531.9,0.0,16.15,24647.44,1
2024-08-21,2024-08-21 12:31:00,1531.9,1531.92,1531.9,1531.92,0.0,16.15,24647.44,1
2024-08-21,2024-08-21 12:32:00,1531.92,1531.94,1531.92,1531.94,0.0,16.15,24647.44,1
2024-08-21,2024-08-21 12:33:00,1531.94,1531.96,1531.94,1531.96,0.0,16.15,24647.44,1
2024-08-21,2024-08-21 12:34:00,1531.96,1531.98,1531.96,1531.98,0.0,16.15,24647.44,1
2024-08-21,2024-08-21 12:35:00,1531.98,1532.0,1531.98,1532.0,0.0,16.15,24647.44,1
2024-08-21,2024-08-21 12:36:00,1532.0,1532.02,1532.0,1532.02,0.0,16.15,24647.44,1
2024-08-21,2024-08-21 12:37:00,1532.02,1532.04,1532.02,1532.04,0.0,16.15,24647.44,1
2024-08-21,2024-08-21 12:38:00,1532.04,1532.06,1532.04,1532.06,0.0,16.15,24647.44,1
2024-08-21,2024-08-21 12:39:00,1532.06,1532.08,1532.06,1532.08,0.0,16.15,24647.44,1
2024-08-21,2024-08-21 12:40:00,1532.08,1532.1,1532.08,1532.1,0.0,16.15,24647.44,1
2024-08-21,2024-08-21 12:41:00,1532.1,1532.12,1532.1,1532.12,0.0,16.15,24647.44,1
2024-08-21,2024-08-21 12:42:00,1532.12,1532.15,1532.12,1532.15,0.0,16.15,24647.44,1
2024-08-21,2024-08-21 12:43:00,1532.15,1532.17,1532.15,1532.17,0.0,16.15,24647.44,1
2024-08-21,2024-08-21 12:44:00,1532.17,1532.19,1532.17,1532.19,0.0,16.15,24647.44,1
2024-08-21,2024-08-21 12:45:00,1532.19,1532.21,1532.19,1532.21,0.0,16.15,24647.44,1
2024-08-21,2024-08-21 12:46:00,1532.21,1532.23,1532.21,1532.23,0.0,16.15,24647.44,1
2024-08-21,2024-08-21 12:47:00,1532.23,1532.25,1532.23,1532.25,0.0,16.15,24647.44,1
2024-08-21,2024-08-21 12:48:00,1532.25,1532.27,1532.25,1532.27,0.0,16.15,24647.44,1
2024-08-21,2024-08-21 12:49:00,1532.27,1532.29,1532.27,1532.29,0.0,16.15,24647.44,1
2024-08-21,2024-08-21 12:50:00,1532.29,1532.31,1532.29,1532.31,0.0,16.15,24647.44,1
2024-08-21,2024-08-21 12:51:00,1532.31,1532.33,1532.31,1532.33,0.0,16.15,24647.44,1
2024-08-21,2024-08-21 12:52:00,1532.33,1532.35,1532.33,1532.35,0.0,16.15,24647.44,1
2024-08-21,2024-08-21 12:53:00,1532.35,1532.38,1532.35,1532.38,0.0,16.15,24647.44,1
2024-08-21,2024-08-21 12:54:00,1532.38,1532.4,1532.38,1532.4,0.0,16.15,24647.44,1
2024-08-21,2024-08-21 12:55:00,1532.4,1532.42,1532.4,1532.42,0.0,16.15,24647.44,1
2024-08-21,2024-08-21 12:56:00,1532.42,1532.44,1532.42,1532.44,0.0,16.15,24647.44,1
2024-08-21,2024-08-21 12:57:00,1532.44,1532.46,1532.44,1532.46,0.0,16.15,24647.44,1
2024-08-21,2024-08-21 12:58:00,1532.46,1532.48,1532.46,1532.48,0.0,16.15,24647.44,1
2024-08-21,2024-08-21 12:59:00,1532.48,1532.5,1532.48,1532.5,0.0,16.15,24647.44,1
2024-08-21,2024-08-21 13:00:00,1532.5,1535.0,1516.0,1532.52,0.0,16.15,24647.44,1
2024-08-21,2024-08-21 13:01:00,1532.52,1532.54,1532.52,1532.54,0.0,16.15,24647.44,1
2024-08-21,2024-08-21 13:02:00,1532.54,1532.56,1532.54,1532.56,0.0,16.15,24647.44,1
2024-08-21,2024-08-21 13:03:00,1532.56,1532.58,1532.56,1532.58,0.0,16.15,24647.44,1
2024-08-21,2024-08-21 13:04:00,1532.58,1532.6,1532.58,1532.6,0.0,16.15,24647.44,1
2024-08-21,2024-08-21 13:05:00,1532.6,1532.62,1532.6,1532.62,0.0,16.15,24647.44,1
2024-08-21,2024-08-21 13:06:00,1532.62,1532.65,1532.62,1532.65,0.0,16.15,24647.44,1
2024-08-21,2024-08-21 13:07:00,1532.65,1532.67,1532.65,1532.67,0.0,16.15,24647.44,1
2024-08-21,2024-08-21 13:08:00,1532.67,1532.69,1532.67,1532.69,0.0,16.15,24647.44,1
2024-08-21,2024-08-21 13:09:00,1532.69,1532.71,1532.69,1532.71,0.0,16.15,24647.44,1
2024-08-21,2024-08-21 13:10:00,1532.71,1532.73,1532.71,1532.73,0.0,16.15,24647.44,1
2024-08-21,2024-08-21 13:11:00,1532.73,1532.75,1532.73,1532.75,0.0,16.15,24647.44,1
2024-08-21,2024-08-21 13:12:00,1532.75,1532.77,1532.75,1532.77,0.0,16.15,24647.44,1
2024-08-21,2024-08-21 13:13:00,1532.77,1532.79,1532.77,1532.79,0.0,16.15,24647.44,1
2024-08-21,2024-08-21 13:14:00,1532.79,1532.81,1532.79,1532.81,0.0,16.15,24647.44,1
2024-08-21,2024-08-21 13:15:00,1532.81,1532.83,1532.81,1532.83,0.0,16.15,24647.44,1
2024-08-21,2024-08-21 13:16:00,1532.83,1532.85,1532.83,1532.85,0.0,16.15,24647.44,1
2024-08-21,2024-08-21 13:17:00,1532.85,1532.88,1532.85,1532.88,0.0,16.15,24647.44,1
2024-08-21,2024-08-21 13:18:00,1532.88,1532.9,1532.88,1532.9,0.0,16.15,24647.44,1
2024-08-21,2024-08-21 13:19:00,1532.9,1532.92,1532.9,1532.92,0.0,16.15,24647.44,1
2024-08-21,2024-08-21 13:20:00,1532.92,1532.94,1532.92,1532.94,0.0,16.15,24647.44,1
2024-08-21,2024-08-21 13:21:00,1532.94,1532.96,1532.94,1532.96,0.0,16.15,24647.44,1
2024-08-21,2024-08-21 13:22:00,1532.96,1532.98,1532.96,1532.98,0.0,16.15,24647.44,1
2024-08-21,2024-08-21 13:23:00,1532.98,1533.0,1532.98,1533.0,0.0,16.15,24647.44,1
2024-08-21,2024-08-21 13:24:00,1533.0,1533.02,1533.0,1533.02,0.0,16.15,24647.44,1
2024-08-21,2024-08-21 13:25:00,1533.02,1533.04,1533.02,1533.04,0.0,16.15,24647.44,1
2024-08-21,2024-08-21 13:26:00,1533.04,1533.06,1533.04,1533.06,0.0,16.15,24647.44,1
2024-08-21,2024-08-21 13:27:00,1533.06,1533.08,1533.06,1533.08,0.0,16.15,24647.44,1
2024-08-21,2024-08-21 13:28:00,1533.08,1533.1,1533.08,1533.1,0.0,16.15,24647.44,1
2024-08-21,2024-08-21 13:29:00,1533.1,1533.12,1533.1,1533.12,0.0,16.15,24647.44,1
2024-08-21,2024-08-21 13:30:00,1533.12,1533.15,1533.12,1533.15,0.0,16.15,24647.44,1
2024-08-21,2024-08-21 13:31:00,1533.15,1533.17,1533.15,1533.17,0.0,16.15,24647.44,1
2024-08-21,2024-08-21 13:32:00,1533.17,1533.19,1533.17,1533.19,0.0,16.15,24647.44,1
2024-08-21,2024-08-21 13:33:00,1533.19,1533.21,1533.19,1533.21,0.0,16.15,24647.44,1
2024-08-21,2024-08-21 13:34:00,1533.21,1533.23,1533.21,1533.23,0.0,16.15,24647.44,1
2024-08-21,2024-08-21 13:35:00,1533.23,1533.25,1533.23,1533.25,0.0,16.15,24647.44,1
2024-08-21,2024-08-21 13:36:00,1533.25,1533.27,1533.25,1533.27,0.0,16.15,24647.44,1
2024-08-21,2024-08-21 13:37:00,1533.27,1533.29,1533.27,1533.29,0.0,16.15,24647.44,1
2024-08-21,2024-08-21 13:38:00,1533.29,1533.31,1533.29,1533.31,0.0,16.15,24647.44,1
2024-08-21,2024-08-21 13:39:00,1533.31,1533.33,1533.31,1533.33,0.0,16.15,24647.44,1
2024-08-21,2024-08-21 13:40:00,1533.33,1533.35,1533.33,1533.35,0.0,16.15,24647.44,1
2024-08-21,2024-08-21 13:41:00,1533.35,1533.38,1533.35,1533.38,0.0,16.15,24647.44,1
2024-08-21,2024-08-21 13:42:00,1533.38,1533.4,1533.38,1533.4,0.0,16.15,24647.44,1
2024-08-21,2024-08-21 13:43:00,1533.4,1533.42,1533.4,1533.42,0.0,16.15,24647.44,1
2024-08-21,2024-08-21 13:44:00,1533.42,1533.44,1533.42,1533.44,0.0,16.15,24647.44,1
2024-08-21,2024-08-21 13:45:00,1533.44,1533.46,1533.44,1533.46,0.0,16.15,24647.44,1
2024-08-21,2024-08-21 13:46:00,1533.46,1533.48,1533.46,1533.48,0.0,16.15,24647.44,1
2024-08-21,2024-08-21 13:47:00,1533.48,1533.5,1533.48,1533.5,0.0,16.15,24647.44,1
2024-08-21,2024-08-21 13:48:00,1533.5,1533.52,1533.5,1533.52,0.0,16.15,24647.44,1
2024-08-21,2024-08-21 13:49:00,1533.52,1533.54,1533.52,1533.54,0.0,16.15,24647.44,1
2024-08-21,2024-08-21 13:50:00,1533.54,1533.56,1533.54,1533.56,0.0,16.15,24647.44,1
2024-08-21,2024-08-21 13:51:00,1533.56,1533.58,1533.56,1533.58,0.0,16.15,24647.44,1
2024-08-21,2024-08-21 13:52:00,1533.58,1533.6,1533.58,1533.6,0.0,16.15,24647.44,1
2024-08-21,2024-08-21 13:53:00,1533.6,1533.62,1533.6,1533.62,0.0,16.15,24647.44,1
2024-08-21,2024-08-21 13:54:00,1533.62,1533.65,1533.62,1533.65,0.0,16.15,24647.44,1
2024-08-21,2024-08-21 13:55:00,1533.65,1533.67,1533.65,1533.67,0.0,16.15,24647.44,1
2024-08-21,2024-08-21 13:56:00,1533.67,1533.69,1533.67,1533.69,0.0,16.15,24647.44,1
2024-08-21,2024-08-21 13:57:00,1533.69,1533.71,1533.69,1533.71,0.0,16.15,24647.44,1
2024-08-21,2024-08-21 13:58:00,1533.71,1533.73,1533.71,1533.73,0.0,16.15,24647.44,1
2024-08-21,2024-08-21 13:59:00,1533.73,1533.75,1533.73,1533.75,0.0,16.15,24647.44,1
2024-08-21,2024-08-21 14:00:00,1533.75,1533.77,1533.75,1533.77,0.0,16.15,24647.44,1
2024-08-21,2024-08-21 14:01:00,1533.77,1533.79,1533.77,1533.79,0.0,16.15,24647.44,1
2024-08-21,2024-08-21 14:02:00,1533.79,1533.81,1533.79,1533.81,0.0,16.15,24647.44,1
2024-08-21,2024-08-21 14:03:00,1533.81,1533.83,1533.81,1533.83,0.0,16.15,24647.44,1
2024-08-21,2024-08-21 14:04:00,1533.83,1533.85,1533.83,1533.85,0.0,16.15,24647.44,1
2024-08-21,2024-08-21 14:05:00,1533.85,1533.88,1533.85,1533.88,0.0,16.15,24647.44,1
2024-08-21,2024-08-21 14:06:00,1533.88,1533.9,1533.88,1533.9,0.0,16.15,24647.44,1
2024-08-21,2024-08-21 14:07:00,1533.9,1533.92,1533.9,1533.92,0.0,16.15,24647.44,1
2024-08-21,2024-08-21 14:08:00,1533.92,1533.94,1533.92,1533.94,0.0,16.15,24647.44,1
2024-08-21,2024-08-21 14:09:00,1533.94,1533.96,1533.94,1533.96,0.0,16.15,24647.44,1
2024-08-21,2024-08-21 14:10:00,1533.96,1533.98,1533.96,1533.98,0.0,16.15,24647.44,1
2024-08-21,2024-08-21 14:11:00,1533.98,1534.0,1533.98,1534.0,0.0,16.15,24647.44,1
2024-08-21,2024-08-21 14:12:00,1534.0,1534.02,1534.0,1534.02,0.0,16.15,24647.44,1
2024-08-21,2024-08-21 14:13:00,1534.02,1534.04,1534.02,1534.04,0.0,16.15,24647.44,1
2024-08-21,2024-08-21 14:14:00,1534.04,1534.06,1534.04,1534.06,0.0,16.15,24647.44,1
2024-08-21,2024-08-21 14:15:00,1534.06,1534.08,1534.06,1534.08,0.0,16.15,24647.44,1
2024-08-21,2024-08-21 14:16:00,1534.08,1534.1,1534.08,1534.1,0.0,16.15,24647.44,1
2024-08-21,2024-08-21 14:17:00,1534.1,1534.12,1534.1,1534.12,0.0,16.15,24647.44,1
2024-08-21,2024-08-21 14:18:00,1534.12,1534.15,1534.12,1534.15,0.0,16.15,24647.44,1
2024-08-21,2024-08-21 14:19:00,1534.15,1534.17,1534.15,1534.17,0.0,16.15,24647.44,1
2024-08-21,2024-08-21 14:20:00,1534.17,1534.19,1534.17,1534.19,0.0,16.15,24647.44,1
2024-08-21,2024-08-21 14:21:00,1534.19,1534.21,1534.19,1534.21,0.0,16.15,24647.44,1
2024-08-21,2024-08-21 14:22:00,1534.21,1534.23,1534.21,1534.23,0.0,16.15,24647.44,1
2024-08-21,2024-08-21 14:23:00,1534.23,1534.25,1534.23,1534.25,0.0,16.15,24647.44,1
2024-08-21,2024-08-21 14:24:00,1534.25,1534.27,1534.25,1534.27,0.0,16.15,24647.44,1
2024-08-21,2024-08-21 14:25:00,1534.27,1534.29,1534.27,1534.29,0.0,16.15,24647.44,1
2024-08-21,2024-08-21 14:26:00,1534.29,1534.31,1534.29,1534.31,0.0,16.15,24647.44,1
2024-08-21,2024-08-21 14:27:00,1534.31,1534.33,1534.31,1534.33,0.0,16.15,24647.44,1
2024-08-21,2024-08-21 14:28:00,1534.33,1534.35,1534.33,1534.35,0.0,16.15,24647.44,1
2024-08-21,2024-08-21 14:29:00,1534.35,1534.38,1534.35,1534.38,0.0,16.15,24647.44,1
2024-08-21,2024-08-21 14:30:00,1534.38,1534.4,1534.38,1534.4,0.0,16.15,24647.44,1
2024-08-21,2024-08-21 14:31:00,1534.4,1534.42,1534.4,1534.42,0.0,16.15,24647.44,1
2024-08-21,2024-08-21 14:32:00,1534.42,1534.44,1534.42,1534.44,0.0,16.15,24647.44,1
2024-08-21,2024-08-21 14:33:00,1534.44,1534.46,1534.44,1534.46,0.0,16.15,24647.44,1
2024-08-21,2024-08-21 14:34:00,1534.46,1534.48,1534.46,1534.48,0.0,16.15,24647.44,1
2024-08-21,2024-08-21 14:35:00,1534.48,1534.5,1534.48,1534.5,0.0,16.15,24647.44,1
2024-08-21,2024-08-21 14:36:00,1534.5,1534.52,1534.5,1534.52,0.0,16.15,24647.44,1
2024-08-21,2024-08-21 14:37:00,1534.52,1534.54,1534.52,1534.54,0.0,16.15,24647.44,1
2024-08-21,2024-08-21 14:38:00,1534.54,1534.56,1534.54,1534.56,0.0,16.15,24647.44,1
2024-08-21,2024-08-21 14:39:00,1534.56,1534.58,1534.56,1534.58,0.0,16.15,24647.44,1
2024-08-21,2024-08-21 14:40:00,1534.58,1534.6,1534.58,1534.6,0.0,16.15,24647.44,1
2024-08-21,2024-08-21 14:41:00,1534.6,1534.62,1534.6,1534.62,0.0,16.15,24647.44,1
2024-08-21,2024-08-21 14:42:00,1534.62,1534.65,1534.62,1534.65,0.0,16.15,24647.44,1
2024-08-21,2024-08-21 14:43:00,1534.65,1534.67,1534.65,1534.67,0.0,16.15,24647.44,1
2024-08-21,2024-08-21 14:44:00,1534.67,1534.69,1534.67,1534.69,0.0,16.15,24647.44,1
2024-08-21,2024-08-21 14:45:00,1534.69,1534.71,1534.69,1534.71,0.0,16.15,24647.44,1
2024-08-21,2024-08-21 14:46:00,1534.71,1534.73,1534.71,1534.73,0.0,16.15,24647.44,1
2024-08-21,2024-08-21 14:47:00,1534.73,1534.75,1534.73,1534.75,0.0,16.15,24647.44,1
2024-08-21,2024-08-21 14:48:00,1534.75,1534.77,1534.75,1534.77,0.0,16.15,24647.44,1
2024-08-21,2024-08-21 14:49:00,1534.77,1534.79,1534.77,1534.79,0.0,16.15,24647.44,1
2024-08-21,2024-08-21 14:50:00,1534.79,1534.81,1534.79,1534.81,0.0,16.15,24647.44,1
2024-08-21,2024-08-21 14:51:00,1534.81,1534.83,1534.81,1534.83,0.0,16.15,24647.44,1
2024-08-21,2024-08-21 14:52:00,1534.83,1534.85,1534.83,1534.85,0.0,16.15,24647.44,1
2024-08-21,2024-08-21 14:53:00,1534.85,1534.88,1534.85,1534.88,0.0,16.15,24647.44,1
2024-08-21,2024-08-21 14:54:00,1534.88,1534.9,1534.88,1534.9,0.0,16.15,24647.44,1
2024-08-21,2024-08-21 14:55:00,1534.9,1534.92,1534.9,1534.92,0.0,16.15,24647.44,1
2024-08-21,2024-08-21 14:56:00,1534.92,1534.94,1534.92,1534.94,0.0,16.15,24647.44,1
2024-08-21,2024-08-21 14:57:00,1534.94,1534.96,1534.94,1534.96,0.0,16.15,24647.44,1
2024-08-21,2024-08-21 14:58:00,1534.96,1534.98,1534.96,1534.98,0.0,16.15,24647.44,1
2024-08-21,2024-08-21 14:59:00,1534.98,1535.0,1534.98,1535.0,0.0,16.15,24647.44,1
2024-08-21,2024-08-21 15:00:00,1535.0,1535.0,1516.0,1535.0,0.0,16.15,24647.44,0
2024-08-22,2024-08-22 11:00:00,1535.0,1536.5,1521.8,1534.85,-0.01,39.41,59380.46,-1
2024-08-22,2024-08-22 11:01:00,1534.85,1534.85,1534.71,1534.71,-0.01,39.41,59380.46,-1
2024-08-22,2024-08-22 11:02:00,1534.71,1534.71,1534.56,1534.56,-0.01,39.41,59380.46,-1
2024-08-22,2024-08-22 11:03:00,1534.56,1534.56,1534.42,1534.42,-0.01,39.41,59380.46,-1
2024-08-22,2024-08-22 11:04:00,1534.42,1534.42,1534.27,1534.27,-0.01,39.41,59380.46,-1
2024-08-22,2024-08-22 11:05:00,1534.27,1534.27,1534.12,1534.12,-0.01,39.41,59380.46,-1
2024-08-22,2024-08-22 11:06:00,1534.12,1534.12,1533.98,1533.98,-0.01,39.41,59380.46,-1
2024-08-22,2024-08-22 11:07:00,1533.98,1533.98,1533.83,1533.83,-0.01,39.41,59380.46,-1
2024-08-22,2024-08-22 11:08:00,1533.83,1533.83,1533.69,1533.69,-0.01,39.41,59380.46,-1
2024-08-22,2024-08-22 11:09:00,1533.69,1533.69,1533.54,1533.54,-0.01,39.41,59380.46,-1
2024-08-22,2024-08-22 11:10:00,1533.54,1533.54,1533.4,1533.4,-0.01,39.41,59380.46,-1
2024-08-22,2024-08-22 11:11:00,1533.4,1533.4,1533.25,1533.25,-0.01,39.41,59380.46,-1
2024-08-22,2024-08-22 11:12:00,1533.25,1533.25,1533.1,1533.1,-0.01,39.41,59380.46,-1
2024-08-22,2024-08-22 11:13:00,1533.1,1533.1,1532.96,1532.96,-0.01,39.41,59380.46,-1
2024-08-22,2024-08-22 11:14:00,1532.96,1532.96,1532.81,1532.81,-0.01,39.41,59380.46,-1
2024-08-22,2024-08-22 11:15:00,1532.81,1532.81,1532.67,1532.67,-0.01,39.41,59380.46,-1
2024-08-22,2024-08-22 11:16:00,1532.67,1532.67,1532.52,1532.52,-0.01,39.41,59380.46,-1
2024-08-22,2024-08-22 11:17:00,1532.52,1532.52,1532.38,1532.38,-0.01,39.41,59380.46,-1
2024-08-22,2024-08-22 11:18:00,1532.38,1532.38,1532.23,1532.23,-0.01,39.41,59380.46,-1
2024-08-22,2024-08-22 11:19:00,1532.23,1532.23,1532.08,1532.08,-0.01,39.41,59380.46,-1
2024-08-22,2024-08-22 11:20:00,1532.08,1532.08,1531.94,1531.94,-0.01,39.41,59380.46,-1
2024-08-22,2024-08-22 11:21:00,1531.94,1531.94,1531.79,1531.79,-0.01,39.41,59380.46,-1
2024-08-22,2024-08-22 11:22:00,1531.79,1531.79,1531.65,1531.65,-0.01,39.41,59380.46,-1
2024-08-22,2024-08-22 11:23:00,1531.65,1531.65,1531.5,1531.5,-0.01,39.41,59380.46,-1
2024-08-22,2024-08-22 11:24:00,1531.5,1531.5,1531.35,1531.35,-0.01,39.41,59380.46,-1
2024-08-22,2024-08-22 11:25:00,1531.35,1531.35,1531.21,1531.21,-0.01,39.41,59380.46,-1
2024-08-22,2024-08-22 11:26:00,1531.21,1531.21,1531.06,1531.06,-0.01,39.41,59380.46,-1
2024-08-22,2024-08-22 11:27:00,1531.06,1531.06,1530.92,1530.92,-0.01,39.41,59380.46,-1
2024-08-22,2024-08-22 11:28:00,1530.92,1530.92,1530.77,1530.77,-0.01,39.41,59380.46,-1
2024-08-22,2024-08-22 11:29:00,1530.77,1530.77,1530.62,1530.62,-0.01,39.41,59380.46,-1
2024-08-22,2024-08-22 11:30:00,1530.62,1530.62,1530.48,1530.48,-0.01,39.41,59380.46,-1
2024-08-22,2024-08-22 11:31:00,1530.48,1530.48,1530.33,1530.33,-0.01,39.41,59380.46,-1
2024-08-22,2024-08-22 11:32:00,1530.33,1530.33,1530.19,1530.19,-0.01,39.41,59380.46,-1
2024-08-22,2024-08-22 11:33:00,1530.19,1530.19,1530.04,1530.04,-0.01,39.41,59380.46,-1
2024-08-22,2024-08-22 11:34:00,1530.04,1530.04,1529.9,1529.9,-0.01,39.41,59380.46,-1
2024-08-22,2024-08-22 11:35:00,1529.9,1529.9,1529.75,1529.75,-0.01,39.41,59380.46,-1
2024-08-22,2024-08-22 11:36:00,1529.75,1529.75,1529.6,1529.6,-0.01,39.41,59380.46,-1
2024-08-22,2024-08-22 11:37:00,1529.6,1529.6,1529.46,1529.46,-0.01,39.41,59380.46,-1
2024-08-22,2024-08-22 11:38:00,1529.46,1529.46,1529.31,1529.31,-0.01,39.41,59380.46,-1
2024-08-22,2024-08-22 11:39:00,1529.31,1529.31,1529.17,1529.17,-0.01,39.41,59380.46,-1
2024-08-22,2024-08-22 11:40:00,1529.17,1529.17,1529.02,1529.02,-0.01,39.41,59380.46,-1
2024-08-22,2024-08-22 11:41:00,1529.02,1529.02,1528.88,1528.88,-0.01,39.41,59380.46,-1
2024-08-22,2024-08-22 11:42:00,1528.88,1528.88,1528.73,1528.73,-0.01,39.41,59380.46,-1
2024-08-22,2024-08-22 11:43:00,1528.73,1528.73,1528.58,1528.58,-0.01,39.41,59380.46,-1
2024-08-22,2024-08-22 11:44:00,1528.58,1528.58,1528.44,1528.44,-0.01,39.41,59380.46,-1
2024-08-22,2024-08-22 11:45:00,1528.44,1528.44,1528.29,1528.29,-0.01,39.41,59380.46,-1
2024-08-22,2024-08-22 11:46:00,1528.29,1528.29,1528.15,1528.15,-0.01,39.41,59380.46,-1
2024-08-22,2024-08-22 11:47:00,1528.15,1528.15,1528.0,1528.0,-0.01,39.41,59380.46,-1
2024-08-22,2024-08-22 11:48:00,1528.0,1528.0,1527.85,1527.85,-0.01,39.41,59380.46,-1
2024-08-22,2024-08-22 11:49:00,1527.85,1527.85,1527.71,1527.71,-0.01,39.41,59380.46,-1
2024-08-22,2024-08-22 11:50:00,1527.71,1527.71,1527.56,1527.56,-0.01,39.41,59380.46,-1
2024-08-22,2024-08-22 11:51:00,1527.56,1527.56,1527.42,1527.42,-0.01,39.41,59380.46,-1
2024-08-22,2024-08-22 11:52:00,1527.42,1527.42,1527.27,1527.27,-0.01,39.41,59380.46,-1
2024-08-22,2024-08-22 11:53:00,1527.27,1527.27,1527.12,1527.12,-0.01,39.41,59380.46,-1
2024-08-22,2024-08-22 11:54:00,1527.12,1527.12,1526.98,1526.98,-0.01,39.41,59380.46,-1
2024-08-22,2024-08-22 11:55:00,1526.98,1526.98,1526.83,1526.83,-0.01,39.41,59380.46,-1
2024-08-22,2024-08-22 11:56:00,1526.83,1526.83,1526.69,1526.69,-0.01,39.41,59380.46,-1
2024-08-22,2024-08-22 11:57:00,1526.69,1526.69,1526.54,1526.54,-0.01,39.41,59380.46,-1
2024-08-22,2024-08-22 11:58:00,1526.54,1526.54,1526.4,1526.4,-0.01,39.41,59380.46,-1
2024-08-22,2024-08-22 11:59:00,1526.4,1526.4,1526.25,1526.25,-0.01,39.41,59380.46,-1
2024-08-22,2024-08-22 12:00:00,1526.25,1526.25,1526.1,1526.1,-0.01,39.41,59380.46,-1
2024-08-22,2024-08-22 12:01:00,1526.1,1526.1,1525.96,1525.96,-0.01,39.41,59380.46,-1
2024-08-22,2024-08-22 12:02:00,1525.96,1525.96,1525.81,1525.81,-0.01,39.41,59380.46,-1
2024-08-22,2024-08-22 12:03:00,1525.81,1525.81,1525.67,1525.67,-0.01,39.41,59380.46,-1
2024-08-22,2024-08-22 12:04:00,1525.67,1525.67,1525.52,1525.52,-0.01,39.41,59380.46,-1
2024-08-22,2024-08-22 12:05:00,1525.52,1525.52,1525.38,1525.38,-0.01,39.41,59380.46,-1
2024-08-22,2024-08-22 12:06:00,1525.38,1525.38,1525.23,1525.23,-0.01,39.41,59380.46,-1
2024-08-22,2024-08-22 12:07:00,1525.23,1525.23,1525.08,1525.08,-0.01,39.41,59380.46,-1
2024-08-22,2024-08-22 12:08:00,1525.08,1525.08,1524.94,1524.94,-0.01,39.41,59380.46,-1
2024-08-22,2024-08-22 12:09:00,1524.94,1524.94,1524.79,1524.79,-0.01,39.41,59380.46,-1
2024-08-22,2024-08-22 12:10:00,1524.79,1524.79,1524.65,1524.65,-0.01,39.41,59380.46,-1
2024-08-22,2024-08-22 12:11:00,1524.65,1524.65,1524.5,1524.5,-0.01,39.41,59380.46,-1
2024-08-22,2024-08-22 12:12:00,1524.5,1524.5,1524.35,1524.35,-0.01,39.41,59380.46,-1
2024-08-22,2024-08-22 12:13:00,1524.35,1524.35,1524.21,1524.21,-0.01,39.41,59380.46,-1
2024-08-22,2024-08-22 12:14:00,1524.21,1524.21,1524.06,1524.06,-0.01,39.41,59380.46,-1
2024-08-22,2024-08-22 12:15:00,1524.06,1524.06,1523.92,1523.92,-0.01,39.41,59380.46,-1
2024-08-22,2024-08-22 12:16:00,1523.92,1523.92,1523.77,1523.77,-0.01,39.41,59380.46,-1
2024-08-22,2024-08-22 12:17:00,1523.77,1523.77,1523.62,1523.62,-0.01,39.41,59380.46,-1
2024-08-22,2024-08-22 12:18:00,1523.62,1523.62,1523.48,1523.48,-0.01,39.41,59380.46,-1
2024-08-22,2024-08-22 12:19:00,1523.48,1523.48,1523.33,1523.33,-0.01,39.41,59380.46,-1
2024-08-22,2024-08-22 12:20:00,1523.33,1523.33,1523.19,1523.19,-0.01,39.41,59380.46,-1
2024-08-22,2024-08-22 12:21:00,1523.19,1523.19,1523.04,1523.04,-0.01,39.41,59380.46,-1
2024-08-22,2024-08-22 12:22:00,1523.04,1523.04,1522.9,1522.9,-0.01,39.41,59380.46,-1
2024-08-22,2024-08-22 12:23:00,1522.9,1522.9,1522.75,1522.75,-0.01,39.41,59380.46,-1
2024-08-22,2024-08-22 12:24:00,1522.75,1522.75,1522.6,1522.6,-0.01,39.41,59380.46,-1
2024-08-22,2024-08-22 12:25:00,1522.6,1522.6,1522.46,1522.46,-0.01,39.41,59380.46,-1
2024-08-22,2024-08-22 12:26:00,1522.46,1522.46,1522.31,1522.31,-0.01,39.41,59380.46,-1
2024-08-22,2024-08-22 12:27:00,1522.31,1522.31,1522.17,1522.17,-0.01,39.41,59380.46,-1
2024-08-22,2024-08-22 12:28:00,1522.17,1522.17,1522.02,1522.02,-0.01,39.41,59380.46,-1
2024-08-22,2024-08-22 12:29:00,1522.02,1522.02,1521.88,1521.88,-0.01,39.41,59380.46,-1
2024-08-22,2024-08-22 12:30:00,1521.88,1521.88,1521.73,1521.73,-0.01,39.41,59380.46,-1
2024-08-22,2024-08-22 12:31:00,1521.73,1521.73,1521.58,1521.58,-0.01,39.41,59380.46,-1
2024-08-22,2024-08-22 12:32:00,1521.58,1521.58,1521.44,1521.44,-0.01,39.41,59380.46,-1
2024-08-22,2024-08-22 12:33:00,1521.44,1521.44,1521.29,1521.29,-0.01,39.41,59380.46,-1
2024-08-22,2024-08-22 12:34:00,1521.29,1521.29,1521.15,1521.15,-0.01,39.41,59380.46,-1
2024-08-22,2024-08-22 12:35:00,1521.15,1521.15,1521.0,1521.0,-0.01,39.41,59380.46,-1
2024-08-22,2024-08-22 12:36:00,1521.0,1521.0,1520.85,1520.85,-0.01,39.41,59380.46,-1
2024-08-22,2024-08-22 12:37:00,1520.85,1520.85,1520.71,1520.71,-0.01,39.41,59380.46,-1
2024-08-22,2024-08-22 12:38:00,1520.71,1520.71,1520.56,1520.56,-0.01,39.41,59380.46,-1
2024-08-22,2024-08-22 12:39:00,1520.56,1520.56,1520.42,1520.42,-0.01,39.41,59380.46,-1
2024-08-22,2024-08-22 12:40:00,1520.42,1520.42,1520.27,1520.27,-0.01,39.41,59380.46,-1
2024-08-22,2024-08-22 12:41:00,1520.27,1520.27,1520.12,1520.12,-0.01,39.41,59380.46,-1
2024-08-22,2024-08-22 12:42:00,1520.12,1520.12,1519.98,1519.98,-0.01,39.41,59380.46,-1
2024-08-22,2024-08-22 12:43:00,1519.98,1519.98,1519.83,1519.83,-0.01,39.41,59380.46,-1
2024-08-22,2024-08-22 12:44:00,1519.83,1519.83,1519.69,1519.69,-0.01,39.41,59380.46,-1
2024-08-22,2024-08-22 12:45:00,1519.69,1519.69,1519.54,1519.54,-0.01,39.41,59380.46,-1
2024-08-22,2024-08-22 12:46:00,1519.54,1519.54,1519.4,1519.4,-0.01,39.41,59380.46,-1
2024-08-22,2024-08-22 12:47:00,1519.4,1519.4,1519.25,1519.25,-0.01,39.41,59380.46,-1
2024-08-22,2024-08-22 12:48:00,1519.25,1519.25,1519.1,1519.1,-0.01,39.41,59380.46,-1
2024-08-22,2024-08-22 12:49:00,1519.1,1519.1,1518.96,1518.96,-0.01,39.41,59380.46,-1
2024-08-22,2024-08-22 12:50:00,1518.96,1518.96,1518.81,1518.81,-0.01,39.41,59380.46,-1
2024-08-22,2024-08-22 12:51:00,1518.81,1518.81,1518.67,1518.67,-0.01,39.41,59380.46,-1
2024-08-22,2024-08-22 12:52:00,1518.67,1518.67,1518.52,1518.52,-0.01,39.41,59380.46,-1
2024-08-22,2024-08-22 12:53:00,1518.52,1518.52,1518.38,1518.38,-0.01,39.41,59380.46,-1
2024-08-22,2024-08-22 12:54:00,1518.38,1518.38,1518.23,1518.23,-0.01,39.41,59380.46,-1
2024-08-22,2024-08-22 12:55:00,1518.23,1518.23,1518.08,1518.08,-0.01,39.41,59380.46,-1
2024-08-22,2024-08-22 12:56:00,1518.08,1518.08,1517.94,1517.94,-0.01,39.41,59380.46,-1
2024-08-22,2024-08-22 12:57:00,1517.94,1517.94,1517.79,1517.79,-0.01,39.41,59380.46,-1
2024-08-22,2024-08-22 12:58:00,1517.79,1517.79,1517.65,1517.65,-0.01,39.41,59380.46,-1
2024-08-22,2024-08-22 12:59:00,1517.65,1517.65,1517.5,1517.5,-0.01,39.41,59380.46,-1
2024-08-22,2024-08-22 13:00:00,1517.5,1540.0,1491.0,1517.35,-0.01,39.41,59380.46,-1
2024-08-22,2024-08-22 13:01:00,1517.35,1517.35,1517.21,1517.21,-0.01,39.41,59380.46,-1
2024-08-22,2024-08-22 13:02:00,1517.21,1517.21,1517.06,1517.06,-0.01,39.41,59380.46,-1
2024-08-22,2024-08-22 13:03:00,1517.06,1517.06,1516.92,1516.92,-0.01,39.41,59380.46,-1
2024-08-22,2024-08-22 13:04:00,1516.92,1516.92,1516.77,1516.77,-0.01,39.41,59380.46,-1
2024-08-22,2024-08-22 13:05:00,1516.77,1516.77,1516.62,1516.62,-0.01,39.41,59380.46,-1
2024-08-22,2024-08-22 13:06:00,1516.62,1516.62,1516.48,1516.48,-0.01,39.41,59380.46,-1
2024-08-22,2024-08-22 13:07:00,1516.48,1516.48,1516.33,1516.33,-0.01,39.41,59380.46,-1
2024-08-22,2024-08-22 13:08:00,1516.33,1516.33,1516.19,1516.19,-0.01,39.41,59380.46,-1
2024-08-22,2024-08-22 13:09:00,1516.19,1516.19,1516.04,1516.04,-0.01,39.41,59380.46,-1
2024-08-22,2024-08-22 13:10:00,1516.04,1516.04,1515.9,1515.9,-0.01,39.41,59380.46,-1
2024-08-22,2024-08-22 13:11:00,1515.9,1515.9,1515.75,1515.75,-0.01,39.41,59380.46,-1
2024-08-22,2024-08-22 13:12:00,1515.75,1515.75,1515.6,1515.6,-0.01,39.41,59380.46,-1
2024-08-22,2024-08-22 13:13:00,1515.6,1515.6,1515.46,1515.46,-0.01,39.41,59380.46,-1
2024-08-22,2024-08-22 13:14:00,1515.46,1515.46,1515.31,1515.31,-0.01,39.41,59380.46,-1
2024-08-22,2024-08-22 13:15:00,1515.31,1515.31,1515.17,1515.17,-0.01,39.41,59380.46,-1
2024-08-22,2024-08-22 13:16:00,1515.17,1515.17,1515.02,1515.02,-0.01,39.41,59380.46,-1
2024-08-22,2024-08-22 13:17:00,1515.02,1515.02,1514.88,1514.88,-0.01,39.41,59380.46,-1
2024-08-22,2024-08-22 13:18:00,1514.88,1514.88,1514.73,1514.73,-0.01,39.41,59380.46,-1
2024-08-22,2024-08-22 13:19:00,1514.73,1514.73,1514.58,1514.58,-0.01,39.41,59380.46,-1
2024-08-22,2024-08-22 13:20:00,1514.58,1514.58,1514.44,1514.44,-0.01,39.41,59380.46,-1
2024-08-22,2024-08-22 13:21:00,1514.44,1514.44,1514.29,1514.29,-0.01,39.41,59380.46,-1
2024-08-22,2024-08-22 13:22:00,1514.29,1514.29,1514.15,1514.15,-0.01,39.41,59380.46,-1
2024-08-22,2024-08-22 13:23:00,1514.15,1514.15,1514.0,1514.0,-0.01,39.41,59380.46,-1
2024-08-22,2024-08-22 13:24:00,1514.0,1514.0,1513.85,1513.85,-0.01,39.41,59380.46,-1
2024-08-22,2024-08-22 13:25:00,1513.85,1513.85,1513.71,1513.71,-0.01,39.41,59380.46,-1
2024-08-22,2024-08-22 13:26:00,1513.71,1513.71,1513.56,1513.56,-0.01,39.41,59380.46,-1
2024-08-22,2024-08-22 13:27:00,1513.56,1513.56,1513.42,1513.42,-0.01,39.41,59380.46,-1
2024-08-22,2024-08-22 13:28:00,1513.42,1513.42,1513.27,1513.27,-0.01,39.41,59380.46,-1
2024-08-22,2024-08-22 13:29:00,1513.27,1513.27,1513.12,1513.12,-0.01,39.41,59380.46,-1
2024-08-22,2024-08-22 13:30:00,1513.12,1513.12,1512.98,1512.98,-0.01,39.41,59380.46,-1
2024-08-22,2024-08-22 13:31:00,1512.98,1512.98,1512.83,1512.83,-0.01,39.41,59380.46,-1
2024-08-22,2024-08-22 13:32:00,1512.83,1512.83,1512.69,1512.69,-0.01,39.41,59380.46,-1
2024-08-22,2024-08-22 13:33:00,1512.69,1512.69,1512.54,1512.54,-0.01,39.41,59380.46,-1
2024-08-22,2024-08-22 13:34:00,1512.54,1512.54,1512.4,1512.4,-0.01,39.41,59380.46,-1
2024-08-22,2024-08-22 13:35:00,1512.4,1512.4,1512.25,1512.25,-0.01,39.41,59380.46,-1
2024-08-22,2024-08-22 13:36:00,1512.25,1512.25,1512.1,1512.1,-0.01,39.41,59380.46,-1
2024-08-22,2024-08-22 13:37:00,1512.1,1512.1,1511.96,1511.96,-0.01,39.41,59380.46,-1
2024-08-22,2024-08-22 13:38:00,1511.96,1511.96,1511.81,1511.81,-0.01,39.41,59380.46,-1
2024-08-22,2024-08-22 13:39:00,1511.81,1511.81,1511.67,1511.67,-0.01,39.41,59380.46,-1
2024-08-22,2024-08-22 13:40:00,1511.67,1511.67,1511.52,1511.52,-0.01,39.41,59380.46,-1
2024-08-22,2024-08-22 13:41:00,1511.52,1511.52,1511.38,1511.38,-0.01,39.41,59380.46,-1
2024-08-22,2024-08-22 13:42:00,1511.38,1511.38,1511.23,1511.23,-0.01,39.41,59380.46,-1
2024-08-22,2024-08-22 13:43:00,1511.23,1511.23,1511.08,1511.08,-0.01,39.41,59380.46,-1
2024-08-22,2024-08-22 13:44:00,1511.08,1511.08,1510.94,1510.94,-0.01,39.41,59380.46,-1
2024-08-22,2024-08-22 13:45:00,1510.94,1510.94,1510.79,1510.79,-0.01,39.41,59380.46,-1
2024-08-22,2024-08-22 13:46:00,1510.79,1510.79,1510.65,1510.65,-0.01,39.41,59380.46,-1
2024-08-22,2024-08-22 13:47:00,1510.65,1510.65,1510.5,1510.5,-0.01,39.41,59380.46,-1
2024-08-22,2024-08-22 13:48:00,1510.5,1510.5,1510.35,1510.35,-0.01,39.41,59380.46,-1
2024-08-22,2024-08-22 13:49:00,1510.35,1510.35,1510.21,1510.21,-0.01,39.41,59380.46,-1
2024-08-22,2024-08-22 13:50:00,1510.21,1510.21,1510.06,1510.06,-0.01,39.41,59380.46,-1
2024-08-22,2024-08-22 13:51:00,1510.06,1510.06,1509.92,1509.92,-0.01,39.41,59380.46,-1
2024-08-22,2024-08-22 13:52:00,1509.92,1509.92,1509.77,1509.77,-0.01,39.41,59380.46,-1
2024-08-22,2024-08-22 13:53:00,1509.77,1509.77,1509.62,1509.62,-0.01,39.41,59380.46,-1
2024-08-22,2024-08-22 13:54:00,1509.62,1509.62,1509.48,1509.48,-0.01,39.41,59380.46,-1
2024-08-22,2024-08-22 13:55:00,1509.48,1509.48,1509.33,1509.33,-0.01,39.41,59380.46,-1
2024-08-22,2024-08-22 13:56:00,1509.33,1509.33,1509.19,1509.19,-0.01,39.41,59380.46,-1
2024-08-22,2024-08-22 13:57:00,1509.19,1509.19,1509.04,1509.04,-0.01,39.41,59380.46,-1
2024-08-22,2024-08-22 13:58:00,1509.04,1509.04,1508.9,1508.9,-0.01,39.41,59380.46,-1
2024-08-22,2024-08-22 13:59:00,1508.9,1508.9,1508.75,1508.75,-0.01,39.41,59380.46,-1
2024-08-22,2024-08-22 14:00:00,1508.75,1508.75,1508.6,1508.6,-0.01,39.41,59380.46,-1
2024-08-22,2024-08-22 14:01:00,1508.6,1508.6,1508.46,1508.46,-0.01,39.41,59380.46,-1
2024-08-22,2024-08-22 14:02:00,1508.46,1508.46,1508.31,1508.31,-0.01,39.41,59380.46,-1
2024-08-22,2024-08-22 14:03:00,1508.31,1508.31,1508.17,1508.17,-0.01,39.41,59380.46,-1
2024-08-22,2024-08-22 14:04:00,1508.17,1508.17,1508.02,1508.02,-0.01,39.41,59380.46,-1
2024-08-22,2024-08-22 14:05:00,1508.02,1508.02,1507.88,1507.88,-0.01,39.41,59380.46,-1
2024-08-22,2024-08-22 14:06:00,1507.88,1507.88,1507.73,1507.73,-0.01,39.41,59380.46,-1
2024-08-22,2024-08-22 14:07:00,1507.73,1507.73,1507.58,1507.58,-0.01,39.41,59380.46,-1
2024-08-22,2024-08-22 14:08:00,1507.58,1507.58,1507.44,1507.44,-0.01,39.41,59380.46,-1
2024-08-22,2024-08-22 14:09:00,1507.44,1507.44,1507.29,1507.29,-0.01,39.41,59380.46,-1
2024-08-22,2024-08-22 14:10:00,1507.29,1507.29,1507.15,1507.15,-0.01,39.41,59380.46,-1
2024-08-22,2024-08-22 14:11:00,1507.15,1507.15,1507.0,1507.0,-0.01,39.41,59380.46,-1
2024-08-22,2024-08-22 14:12:00,1507.0,1507.0,1506.85,1506.85,-0.01,39.41,59380.46,-1
2024-08-22,2024-08-22 14:13:00,1506.85,1506.85,1506.71,1506.71,-0.01,39.41,59380.46,-1
2024-08-22,2024-08-22 14:14:00,1506.71,1506.71,1506.56,1506.56,-0.01,39.41,59380.46,-1
2024-08-22,2024-08-22 14:15:00,1506.56,1506.56,1506.42,1506.42,-0.01,39.41,59380.46,-1
2024-08-22,2024-08-22 14:16:00,1506.42,1506.42,1506.27,1506.27,-0.01,39.41,59380.46,-1
2024-08-22,2024-08-22 14:17:00,1506.27,1506.27,1506.12,1506.12,-0.01,39.41,59380.46,-1
2024-08-22,2024-08-22 14:18:00,1506.12,1506.12,1505.98,1505.98,-0.01,39.41,59380.46,-1
2024-08-22,2024-08-22 14:19:00,1505.98,1505.98,1505.83,1505.83,-0.01,39.41,59380.46,-1
2024-08-22,2024-08-22 14:20:00,1505.83,1505.83,1505.69,1505.69,-0.01,39.41,59380.46,-1
2024-08-22,2024-08-22 14:21:00,1505.69,1505.69,1505.54,1505.54,-0.01,39.41,59380.46,-1
2024-08-22,2024-08-22 14:22:00,1505.54,1505.54,1505.4,1505.4,-0.01,39.41,59380.46,-1
2024-08-22,2024-08-22 14:23:00,1505.4,1505.4,1505.25,1505.25,-0.01,39.41,59380.46,-1
2024-08-22,2024-08-22 14:24:00,1505.25,1505.25,1505.1,1505.1,-0.01,39.41,59380.46,-1
2024-08-22,2024-08-22 14:25:00,1505.1,1505.1,1504.96,1504.96,-0.01,39.41,59380.46,-1
2024-08-22,2024-08-22 14:26:00,1504.96,1504.96,1504.81,1504.81,-0.01,39.41,59380.46,-1
2024-08-22,2024-08-22 14:27:00,1504.81,1504.81,1504.67,1504.67,-0.01,39.41,59380.46,-1
2024-08-22,2024-08-22 14:28:00,1504.67,1504.67,1504.52,1504.52,-0.01,39.41,59380.46,-1
2024-08-22,2024-08-22 14:29:00,1504.52,1504.52,1504.38,1504.38,-0.01,39.41,59380.46,-1
2024-08-22,2024-08-22 14:30:00,1504.38,1504.38,1504.23,1504.23,-0.01,39.41,59380.46,-1
2024-08-22,2024-08-22 14:31:00,1504.23,1504.23,1504.08,1504.08,-0.01,39.41,59380.46,-1
2024-08-22,2024-08-22 14:32:00,1504.08,1504.08,1503.94,1503.94,-0.01,39.41,59380.46,-1
2024-08-22,2024-08-22 14:33:00,1503.94,1503.94,1503.79,1503.79,-0.01,39.41,59380.46,-1
2024-08-22,2024-08-22 14:34:00,1503.79,1503.79,1503.65,1503.65,-0.01,39.41,59380.46,-1
2024-08-22,2024-08-22 14:35:00,1503.65,1503.65,1503.5,1503.5,-0.01,39.41,59380.46,-1
2024-08-22,2024-08-22 14:36:00,1503.5,1503.5,1503.35,1503.35,-0.01,39.41,59380.46,-1
2024-08-22,2024-08-22 14:37:00,1503.35,1503.35,1503.21,1503.21,-0.01,39.41,59380.46,-1
2024-08-22,2024-08-22 14:38:00,1503.21,1503.21,1503.06,1503.06,-0.01,39.41,59380.46,-1
2024-08-22,2024-08-22 14:39:00,1503.06,1503.06,1502.92,1502.92,-0.01,39.41,59380.46,-1
2024-08-22,2024-08-22 14:40:00,1502.92,1502.92,1502.77,1502.77,-0.01,39.41,59380.46,-1
2024-08-22,2024-08-22 14:41:00,1502.77,1502.77,1502.62,1502.62,-0.01,39.41,59380.46,-1
2024-08-22,2024-08-22 14:42:00,1502.62,1502.62,1502.48,1502.48,-0.01,39.41,59380.46,-1
2024-08-22,2024-08-22 14:43:00,1502.48,1502.48,1502.33,1502.33,-0.01,39.41,59380.46,-1
2024-08-22,2024-08-22 14:44:00,1502.33,1502.33,1502.19,1502.19,-0.01,39.41,59380.46,-1
2024-08-22,2024-08-22 14:45:00,1502.19,1502.19,1502.04,1502.04,-0.01,39.41,59380.46,-1
2024-08-22,2024-08-22 14:46:00,1502.04,1502.04,1501.9,1501.9,-0.01,39.41,59380.46,-1
2024-08-22,2024-08-22 14:47:00,1501.9,1501.9,1501.75,1501.75,-0.01,39.41,59380.46,-1
2024-08-22,2024-08-22 14:48:00,1501.75,1501.75,1501.6,1501.6,-0.01,39.41,59380.46,-1
2024-08-22,2024-08-22 14:49:00,1501.6,1501.6,1501.46,1501.46,-0.01,39.41,59380.46,-1
2024-08-22,2024-08-22 14:50:00,1501.46,1501.46,1501.31,1501.31,-0.01,39.41,59380.46,-1
2024-08-22,2024-08-22 14:51:00,1501.31,1501.31,1501.17,1501.17,-0.01,39.41,59380.46,-1
2024-08-22,2024-08-22 14:52:00,1501.17,1501.17,1501.02,1501.02,-0.01,39.41,59380.46,-1
2024-08-22,2024-08-22 14:53:00,1501.02,1501.02,1500.88,1500.88,-0.01,39.41,59380.46,-1
2024-08-22,2024-08-22 14:54:00,1500.88,1500.88,1500.73,1500.73,-0.01,39.41,59380.46,-1
2024-08-22,2024-08-22 14:55:00,1500.73,1500.73,1500.58,1500.58,-0.01,39.41,59380.46,-1
2024-08-22,2024-08-22 14:56:00,1500.58,1500.58,1500.44,1500.44,-0.01,39.41,59380.46,-1
2024-08-22,2024-08-22 14:57:00,1500.44,1500.44,1500.29,1500.29,-0.01,39.41,59380.46,-1
2024-08-22,2024-08-22 14:58:00,1500.29,1500.29,1500.15,1500.15,-0.01,39.41,59380.46,-1
2024-08-22,2024-08-22 14:59:00,1500.15,1500.15,1500.0,1500.0,-0.01,39.41,59380.46,-1
2024-08-22,2024-08-22 15:00:00,1500.0,1540.0,1491.0,1500.0,0.0,39.41,59380.46,0
2024-08-25,2024-08-25 11:00:00,1527.0,1556.4,1512.96,1527.08,0.01,106.23,166401.9,1
2024-08-25,2024-08-25 11:01:00,1527.08,1527.15,1527.08,1527.15,0.0,106.23,166401.9,1
2024-08-25,2024-08-25 11:02:00,1527.15,1527.23,1527.15,1527.23,0.01,106.23,166401.9,1
2024-08-25,2024-08-25 11:03:00,1527.23,1527.31,1527.23,1527.31,0.01,106.23,166401.9,1
2024-08-25,2024-08-25 11:04:00,1527.31,1527.39,1527.31,1527.39,0.01,106.23,166401.9,1
2024-08-25,2024-08-25 11:05:00,1527.39,1527.46,1527.39,1527.46,0.0,106.23,166401.9,1
2024-08-25,2024-08-25 11:06:00,1527.46,1527.54,1527.46,1527.54,0.01,106.23,166401.9,1
2024-08-25,2024-08-25 11:07:00,1527.54,1527.62,1527.54,1527.62,0.01,106.23,166401.9,1
2024-08-25,2024-08-25 11:08:00,1527.62,1527.69,1527.62,1527.69,0.0,106.23,166401.9,1
2024-08-25,2024-08-25 11:09:00,1527.69,1527.77,1527.69,1527.77,0.01,106.23,166401.9,1
2024-08-25,2024-08-25 11:10:00,1527.77,1527.85,1527.77,1527.85,0.01,106.23,166401.9,1
2024-08-25,2024-08-25 11:11:00,1527.85,1527.92,1527.85,1527.92,0.0,106.23,166401.9,1
2024-08-25,2024-08-25 11:12:00,1527.92,1528.0,1527.92,1528.0,0.01,106.23,166401.9,1
2024-08-25,2024-08-25 11:13:00,1528.0,1528.08,1528.0,1528.08,0.01,106.23,166401.9,1
2024-08-25,2024-08-25 11:14:00,1528.08,1528.16,1528.08,1528.16,0.01,106.23,166401.9,1
2024-08-25,2024-08-25 11:15:00,1528.16,1528.23,1528.16,1528.23,0.0,106.23,166401.9,1
2024-08-25,2024-08-25 11:16:00,1528.23,1528.31,1528.23,1528.31,0.01,106.23,166401.9,1
2024-08-25,2024-08-25 11:17:00,1528.31,1528.39,1528.31,1528.39,0.01,106.23,166401.9,1
2024-08-25,2024-08-25 11:18:00,1528.39,1528.46,1528.39,1528.46,0.0,106.23,166401.9,1
2024-08-25,2024-08-25 11:19:00,1528.46,1528.54,1528.46,1528.54,0.01,106.23,166401.9,1
2024-08-25,2024-08-25 11:20:00,1528.54,1528.62,1528.54,1528.62,0.01,106.23,166401.9,1
2024-08-25,2024-08-25 11:21:00,1528.62,1528.7,1528.62,1528.7,0.01,106.23,166401.9,1
2024-08-25,2024-08-25 11:22:00,1528.7,1528.77,1528.7,1528.77,0.0,106.23,166401.9,1
2024-08-25,2024-08-25 11:23:00,1528.77,1528.85,1528.77,1528.85,0.01,106.23,166401.9,1
2024-08-25,2024-08-25 11:24:00,1528.85,1528.93,1528.85,1528.93,0.01,106.23,166401.9,1
2024-08-25,2024-08-25 11:25:00,1528.93,1529.0,1528.93,1529.0,0.0,106.23,166401.9,1
2024-08-25,2024-08-25 11:26:00,1529.0,1529.08,1529.0,1529.08,0.01,106.23,166401.9,1
2024-08-25,2024-08-25 11:27:00,1529.08,1529.16,1529.08,1529.16,0.01,106.23,166401.9,1
2024-08-25,2024-08-25 11:28:00,1529.16,1529.24,1529.16,1529.24,0.01,106.23,166401.9,1
2024-08-25,2024-08-25 11:29:00,1529.24,1529.31,1529.24,1529.31,0.0,106.23,166401.9,1
2024-08-25,2024-08-25 11:30:00,1529.31,1529.39,1529.31,1529.39,0.01,106.23,166401.9,1
2024-08-25,2024-08-25 11:31:00,1529.39,1529.47,1529.39,1529.47,0.01,106.23,166401.9,1
2024-08-25,2024-08-25 11:32:00,1529.47,1529.54,1529.47,1529.54,0.0,106.23,166401.9,1
2024-08-25,2024-08-25 11:33:00,1529.54,1529.62,1529.54,1529.62,0.01,106.23,166401.9,1
2024-08-25,2024-08-25 11:34:00,1529.62,1529.7,1529.62,1529.7,0.01,106.23,166401.9,1
2024-08-25,2024-08-25 11:35:00,1529.7,1529.78,1529.7,1529.78,0.01,106.23,166401.9,1
2024-08-25,2024-08-25 11:36:00,1529.78,1529.85,1529.78,1529.85,0.0,106.23,166401.9,1
2024-08-25,2024-08-25 11:37:00,1529.85,1529.93,1529.85,1529.93,0.01,106.23,166401.9,1
2024-08-25,2024-08-25 11:38:00,1529.93,1530.01,1529.93,1530.01,0.01,106.23,166401.9,1
2024-08-25,2024-08-25 11:39:00,1530.01,1530.08,1530.01,1530.08,0.0,106.23,166401.9,1
2024-08-25,2024-08-25 11:40:00,1530.08,1530.16,1530.08,1530.16,0.01,106.23,166401.9,1
2024-08-25,2024-08-25 11:41:00,1530.16,1530.24,1530.16,1530.24,0.01,106.23,166401.9,1
2024-08-25,2024-08-25 11:42:00,1530.24,1530.31,1530.24,1530.31,0.0,106.23,166401.9,1
2024-08-25,2024-08-25 11:43:00,1530.31,1530.39,1530.31,1530.39,0.01,106.23,166401.9,1
2024-08-25,2024-08-25 11:44:00,1530.39,1530.47,1530.39,1530.47,0.01,106.23,166401.9,1
2024-08-25,2024-08-25 11:45:00,1530.47,1530.55,1530.47,1530.55,0.01,106.23,166401.9,1
2024-08-25,2024-08-25 11:46:00,1530.55,1530.62,1530.55,1530.62,0.0,106.23,166401.9,1
2024-08-25,2024-08-25 11:47:00,1530.62,1530.7,1530.62,1530.7,0.01,106.23,166401.9,1
2024-08-25,2024-08-25 11:48:00,1530.7,1530.78,1530.7,1530.78,0.01,106.23,166401.9,1
2024-08-25,2024-08-25 11:49:00,1530.78,1530.85,1530.78,1530.85,0.0,106.23,166401.9,1
2024-08-25,2024-08-25 11:50:00,1530.85,1530.93,1530.85,1530.93,0.01,106.23,166401.9,1
2024-08-25,2024-08-25 11:51:00,1530.93,1531.01,1530.93,1531.01,0.01,106.23,166401.9,1
2024-08-25,2024-08-25 11:52:00,1531.01,1531.09,1531.01,1531.09,0.01,106.23,166401.9,1
2024-08-25,2024-08-25 11:53:00,1531.09,1531.16,1531.09,1531.16,0.0,106.23,166401.9,1
2024-08-25,2024-08-25 11:54:00,1531.16,1531.24,1531.16,1531.24,0.01,106.23,166401.9,1
2024-08-25,2024-08-25 11:55:00,1531.24,1531.32,1531.24,1531.32,0.01,106.23,166401.9,1
2024-08-25,2024-08-25 11:56:00,1531.32,1531.39,1531.32,1531.39,0.0,106.23,166401.9,1
2024-08-25,2024-08-25 11:57:00,1531.39,1531.47,1531.39,1531.47,0.01,106.23,166401.9,1
2024-08-25,2024-08-25 11:58:00,1531.47,1531.55,1531.47,1531.55,0.01,106.23,166401.9,1
2024-08-25,2024-08-25 11:59:00,1531.55,1531.62,1531.55,1531.62,0.0,106.23,166401.9,1
2024-08-25,2024-08-25 12:00:00,1531.62,1531.7,1531.62,1531.7,0.01,106.23,166401.9,1
2024-08-25,2024-08-25 12:01:00,1531.7,1531.78,1531.7,1531.78,0.01,106.23,166401.9,1
2024-08-25,2024-08-25 12:02:00,1531.78,1531.86,1531.78,1531.86,0.01,106.23,166401.9,1
2024-08-25,2024-08-25 12:03:00,1531.86,1531.93,1531.86,1531.93,0.0,106.23,166401.9,1
2024-08-25,2024-08-25 12:04:00,1531.93,1532.01,1531.93,1532.01,0.01,106.23,166401.9,1
2024-08-25,2024-08-25 12:05:00,1532.01,1532.09,1532.01,1532.09,0.01,106.23,166401.9,1
2024-08-25,2024-08-25 12:06:00,1532.09,1532.16,1532.09,1532.16,0.0,106.23,166401.9,1
2024-08-25,2024-08-25 12:07:00,1532.16,1532.24,1532.16,1532.24,0.01,106.23,166401.9,1
2024-08-25,2024-08-25 12:08:00,1532.24,1532.32,1532.24,1532.32,0.01,106.23,166401.9,1
2024-08-25,2024-08-25 12:09:00,1532.32,1532.4,1532.32,1532.4,0.01,106.23,166401.9,1
2024-08-25,2024-08-25 12:10:00,1532.4,1532.47,1532.4,1532.47,0.0,106.23,166401.9,1
2024-08-25,2024-08-25 12:11:00,1532.47,1532.55,1532.47,1532.55,0.01,106.23,166401.9,1
2024-08-25,2024-08-25 12:12:00,1532.55,1532.63,1532.55,1532.63,0.01,106.23,166401.9,1
2024-08-25,2024-08-25 12:13:00,1532.63,1532.7,1532.63,1532.7,0.0,106.23,166401.9,1
2024-08-25,2024-08-25 12:14:00,1532.7,1532.78,1532.7,1532.78,0.01,106.23,166401.9,1
2024-08-25,2024-08-25 12:15:00,1532.78,1532.86,1532.78,1532.86,0.01,106.23,166401.9,1
2024-08-25,2024-08-25 12:16:00,1532.86,1532.94,1532.86,1532.94,0.01,106.23,166401.9,1
2024-08-25,2024-08-25 12:17:00,1532.94,1533.01,1532.94,1533.01,0.0,106.23,166401.9,1
2024-08-25,2024-08-25 12:18:00,1533.01,1533.09,1533.01,1533.09,0.01,106.23,166401.9,1
2024-08-25,2024-08-25 12:19:00,1533.09,1533.17,1533.09,1533.17,0.01,106.23,166401.9,1
2024-08-25,2024-08-25 12:20:00,1533.17,1533.24,1533.17,1533.24,0.0,106.23,166401.9,1
2024-08-25,2024-08-25 12:21:00,1533.24,1533.32,1533.24,1533.32,0.01,106.23,166401.9,1
2024-08-25,2024-08-25 12:22:00,1533.32,1533.4,1533.32,1533.4,0.01,106.23,166401.9,1
2024-08-25,2024-08-25 12:23:00,1533.4,1533.47,1533.4,1533.47,0.0,106.23,166401.9,1
2024-08-25,2024-08-25 12:24:00,1533.47,1533.55,1533.47,1533.55,0.01,106.23,166401.9,1
2024-08-25,2024-08-25 12:25:00,1533.55,1533.63,1533.55,1533.63,0.01,106.23,166401.9,1
2024-08-25,2024-08-25 12:26:00,1533.63,1533.71,1533.63,1533.71,0.01,106.23,166401.9,1
2024-08-25,2024-08-25 12:27:00,1533.71,1533.78,1533.71,1533.78,0.0,106.23,166401.9,1
2024-08-25,2024-08-25 12:28:00,1533.78,1533.86,1533.78,1533.86,0.01,106.23,166401.9,1
2024-08-25,2024-08-25 12:29:00,1533.86,1533.94,1533.86,1533.94,0.01,106.23,166401.9,1
2024-08-25,2024-08-25 12:30:00,1533.94,1534.01,1533.94,1534.01,0.0,106.23,166401.9,1
2024-08-25,2024-08-25 12:31:00,1534.01,1534.09,1534.01,1534.09,0.01,106.23,166401.9,1
2024-08-25,2024-08-25 12:32:00,1534.09,1534.17,1534.09,1534.17,0.01,106.23,166401.9,1
2024-08-25,2024-08-25 12:33:00,1534.17,1534.25,1534.17,1534.25,0.01,106.23,166401.9,1
2024-08-25,2024-08-25 12:34:00,1534.25,1534.32,1534.25,1534.32,0.0,106.23,166401.9,1
2024-08-25,2024-08-25 12:35:00,1534.32,1534.4,1534.32,1534.4,0.01,106.23,166401.9,1
2024-08-25,2024-08-25 12:36:00,1534.4,1534.48,1534.4,1534.48,0.01,106.23,166401.9,1
2024-08-25,2024-08-25 12:37:00,1534.48,1534.55,1534.48,1534.55,0.0,106.23,166401.9,1
2024-08-25,2024-08-25 12:38:00,1534.55,1534.63,1534.55,1534.63,0.01,106.23,166401.9,1
2024-08-25,2024-08-25 12:39:00,1534.63,1534.71,1534.63,1534.71,0.01,106.23,166401.9,1
2024-08-25,2024-08-25 12:40:00,1534.71,1534.79,1534.71,1534.79,0.01,106.23,166401.9,1
2024-08-25,2024-08-25 12:41:00,1534.79,1534.86,1534.79,1534.86,0.0,106.23,166401.9,1
2024-08-25,2024-08-25 12:42:00,1534.86,1534.94,1534.86,1534.94,0.01,106.23,166401.9,1
2024-08-25,2024-08-25 12:43:00,1534.94,1535.02,1534.94,1535.02,0.01,106.23,166401.9,1
2024-08-25,2024-08-25 12:44:00,1535.02,1535.09,1535.02,1535.09,0.0,106.23,166401.9,1
2024-08-25,2024-08-25 12:45:00,1535.09,1535.17,1535.09,1535.17,0.01,106.23,166401.9,1
2024-08-25,2024-08-25 12:46:00,1535.17,1535.25,1535.17,1535.25,0.01,106.23,166401.9,1
2024-08-25,2024-08-25 12:47:00,1535.25,1535.33,1535.25,1535.33,0.01,106.23,166401.9,1
2024-08-25,2024-08-25 12:48:00,1535.33,1535.4,1535.33,1535.4,0.0,106.23,166401.9,1
2024-08-25,2024-08-25 12:49:00,1535.4,1535.48,1535.4,1535.48,0.01,106.23,166401.9,1
2024-08-25,2024-08-25 12:50:00,1535.48,1535.56,1535.48,1535.56,0.01,106.23,166401.9,1
2024-08-25,2024-08-25 12:51:00,1535.56,1535.63,1535.56,1535.63,0.0,106.23,166401.9,1
2024-08-25,2024-08-25 12:52:00,1535.63,1535.71,1535.63,1535.71,0.01,106.23,166401.9,1
2024-08-25,2024-08-25 12:53:00,1535.71,1535.79,1535.71,1535.79,0.01,106.23,166401.9,1
2024-08-25,2024-08-25 12:54:00,1535.79,1535.86,1535.79,1535.86,0.0,106.23,166401.9,1
2024-08-25,2024-08-25 12:55:00,1535.86,1535.94,1535.86,1535.94,0.01,106.23,166401.9,1
2024-08-25,2024-08-25 12:56:00,1535.94,1536.02,1535.94,1536.02,0.01,106.23,166401.9,1
2024-08-25,2024-08-25 12:57:00,1536.02,1536.1,1536.02,1536.1,0.01,106.23,166401.9,1
2024-08-25,2024-08-25 12:58:00,1536.1,1536.17,1536.1,1536.17,0.0,106.23,166401.9,1
2024-08-25,2024-08-25 12:59:00,1536.17,1536.25,1536.17,1536.25,0.01,106.23,166401.9,1
2024-08-25,2024-08-25 13:00:00,1536.25,1625.0,1480.2,1536.33,0.01,106.23,166401.9,1
2024-08-25,2024-08-25 13:01:00,1536.33,1536.4,1536.33,1536.4,0.0,106.23,166401.9,1
2024-08-25,2024-08-25 13:02:00,1536.4,1536.48,1536.4,1536.48,0.01,106.23,166401.9,1
2024-08-25,2024-08-25 13:03:00,1536.48,1536.56,1536.48,1536.56,0.01,106.23,166401.9,1
2024-08-25,2024-08-25 13:04:00,1536.56,1536.64,1536.56,1536.64,0.01,106.23,166401.9,1
2024-08-25,2024-08-25 13:05:00,1536.64,1536.71,1536.64,1536.71,0.0,106.23,166401.9,1
2024-08-25,2024-08-25 13:06:00,1536.71,1536.79,1536.71,1536.79,0.01,106.23,166401.9,1
2024-08-25,2024-08-25 13:07:00,1536.79,1536.87,1536.79,1536.87,0.01,106.23,166401.9,1
2024-08-25,2024-08-25 13:08:00,1536.87,1536.94,1536.87,1536.94,0.0,106.23,166401.9,1
2024-08-25,2024-08-25 13:09:00,1536.94,1537.02,1536.94,1537.02,0.01,106.23,166401.9,1
2024-08-25,2024-08-25 13:10:00,1537.02,1537.1,1537.02,1537.1,0.01,106.23,166401.9,1
2024-08-25,2024-08-25 13:11:00,1537.1,1537.17,1537.1,1537.17,0.0,106.23,166401.9,1
2024-08-25,2024-08-25 13:12:00,1537.17,1537.25,1537.17,1537.25,0.01,106.23,166401.9,1
2024-08-25,2024-08-25 13:13:00,1537.25,1537.33,1537.25,1537.33,0.01,106.23,166401.9,1
2024-08-25,2024-08-25 13:14:00,1537.33,1537.41,1537.33,1537.41,0.01,106.23,166401.9,1
2024-08-25,2024-08-25 13:15:00,1537.41,1537.48,1537.41,1537.48,0.0,106.23,166401.9,1
2024-08-25,2024-08-25 13:16:00,1537.48,1537.56,1537.48,1537.56,0.01,106.23,166401.9,1
2024-08-25,2024-08-25 13:17:00,1537.56,1537.64,1537.56,1537.64,0.01,106.23,166401.9,1
2024-08-25,2024-08-25 13:18:00,1537.64,1537.71,1537.64,1537.71,0.0,106.23,166401.9,1
2024-08-25,2024-08-25 13:19:00,1537.71,1537.79,1537.71,1537.79,0.01,106.23,166401.9,1
2024-08-25,2024-08-25 13:20:00,1537.79,1537.87,1537.79,1537.87,0.01,106.23,166401.9,1
2024-08-25,2024-08-25 13:21:00,1537.87,1537.95,1537.87,1537.95,0.01,106.23,166401.9,1
2024-08-25,2024-08-25 13:22:00,1537.95,1538.02,1537.95,1538.02,0.0,106.23,166401.9,1
2024-08-25,2024-08-25 13:23:00,1538.02,1538.1,1538.02,1538.1,0.01,106.23,166401.9,1
2024-08-25,2024-08-25 13:24:00,1538.1,1538.18,1538.1,1538.18,0.01,106.23,166401.9,1
2024-08-25,2024-08-25 13:25:00,1538.18,1538.25,1538.18,1538.25,0.0,106.23,166401.9,1
2024-08-25,2024-08-25 13:26:00,1538.25,1538.33,1538.25,1538.33,0.01,106.23,166401.9,1
2024-08-25,2024-08-25 13:27:00,1538.33,1538.41,1538.33,1538.41,0.01,106.23,166401.9,1
2024-08-25,2024-08-25 13:28:00,1538.41,1538.49,1538.41,1538.49,0.01,106.23,166401.9,1
2024-08-25,2024-08-25 13:29:00,1538.49,1538.56,1538.49,1538.56,0.0,106.23,166401.9,1
2024-08-25,2024-08-25 13:30:00,1538.56,1538.64,1538.56,1538.64,0.01,106.23,166401.9,1
2024-08-25,2024-08-25 13:31:00,1538.64,1538.72,1538.64,1538.72,0.01,106.23,166401.9,1
2024-08-25,2024-08-25 13:32:00,1538.72,1538.79,1538.72,1538.79,0.0,106.23,166401.9,1
2024-08-25,2024-08-25 13:33:00,1538.79,1538.87,1538.79,1538.87,0.01,106.23,166401.9,1
2024-08-25,2024-08-25 13:34:00,1538.87,1538.95,1538.87,1538.95,0.01,106.23,166401.9,1
2024-08-25,2024-08-25 13:35:00,1538.95,1539.03,1538.95,1539.03,0.01,106.23,166401.9,1
2024-08-25,2024-08-25 13:36:00,1539.03,1539.1,1539.03,1539.1,0.0,106.23,166401.9,1
2024-08-25,2024-08-25 13:37:00,1539.1,1539.18,1539.1,1539.18,0.01,106.23,166401.9,1
2024-08-25,2024-08-25 13:38:00,1539.18,1539.26,1539.18,1539.26,0.01,106.23,166401.9,1
2024-08-25,2024-08-25 13:39:00,1539.26,1539.33,1539.26,1539.33,0.0,106.23,166401.9,1
2024-08-25,2024-08-25 13:40:00,1539.33,1539.41,1539.33,1539.41,0.01,106.23,166401.9,1
2024-08-25,2024-08-25 13:41:00,1539.41,1539.49,1539.41,1539.49,0.01,106.23,166401.9,1
2024-08-25,2024-08-25 13:42:00,1539.49,1539.56,1539.49,1539.56,0.0,106.23,166401.9,1
2024-08-25,2024-08-25 13:43:00,1539.56,1539.64,1539.56,1539.64,0.01,106.23,166401.9,1
2024-08-25,2024-08-25 13:44:00,1539.64,1539.72,1539.64,1539.72,0.01,106.23,166401.9,1
2024-08-25,2024-08-25 13:45:00,1539.72,1539.8,1539.72,1539.8,0.01,106.23,166401.9,1
2024-08-25,2024-08-25 13:46:00,1539.8,1539.87,1539.8,1539.87,0.0,106.23,166401.9,1
2024-08-25,2024-08-25 13:47:00,1539.87,1539.95,1539.87,1539.95,0.01,106.23,166401.9,1
2024-08-25,2024-08-25 13:48:00,1539.95,1540.03,1539.95,1540.03,0.01,106.23,166401.9,1
2024-08-25,2024-08-25 13:49:00,1540.03,1540.1,1540.03,1540.1,0.0,106.23,166401.9,1
2024-08-25,2024-08-25 13:50:00,1540.1,1540.18,1540.1,1540.18,0.01,106.23,166401.9,1
2024-08-25,2024-08-25 13:51:00,1540.18,1540.26,1540.18,1540.26,0.01,106.23,166401.9,1
2024-08-25,2024-08-25 13:52:00,1540.26,1540.34,1540.26,1540.34,0.01,106.23,166401.9,1
2024-08-25,2024-08-25 13:53:00,1540.34,1540.41,1540.34,1540.41,0.0,106.23,166401.9,1
2024-08-25,2024-08-25 13:54:00,1540.41,1540.49,1540.41,1540.49,0.01,106.23,166401.9,1
2024-08-25,2024-08-25 13:55:00,1540.49,1540.57,1540.49,1540.57,0.01,106.23,166401.9,1
2024-08-25,2024-08-25 13:56:00,1540.57,1540.64,1540.57,1540.64,0.0,106.23,166401.9,1
2024-08-25,2024-08-25 13:57:00,1540.64,1540.72,1540.64,1540.72,0.01,106.23,166401.9,1
2024-08-25,2024-08-25 13:58:00,1540.72,1540.8,1540.72,1540.8,0.01,106.23,166401.9,1
2024-08-25,2024-08-25 13:59:00,1540.8,1540.88,1540.8,1540.88,0.01,106.23,166401.9,1
2024-08-25,2024-08-25 14:00:00,1540.88,1540.95,1540.88,1540.95,0.0,106.23,166401.9,1
2024-08-25,2024-08-25 14:01:00,1540.95,1541.03,1540.95,1541.03,0.01,106.23,166401.9,1
2024-08-25,2024-08-25 14:02:00,1541.03,1541.11,1541.03,1541.11,0.01,106.23,166401.9,1
2024-08-25,2024-08-25 14:03:00,1541.11,1541.18,1541.11,1541.18,0.0,106.23,166401.9,1
2024-08-25,2024-08-25 14:04:00,1541.18,1541.26,1541.18,1541.26,0.01,106.23,166401.9,1
2024-08-25,2024-08-25 14:05:00,1541.26,1541.34,1541.26,1541.34,0.01,106.23,166401.9,1
2024-08-25,2024-08-25 14:06:00,1541.34,1541.41,1541.34,1541.41,0.0,106.23,166401.9,1
2024-08-25,2024-08-25 14:07:00,1541.41,1541.49,1541.41,1541.49,0.01,106.23,166401.9,1
2024-08-25,2024-08-25 14:08:00,1541.49,1541.57,1541.49,1541.57,0.01,106.23,166401.9,1
2024-08-25,2024-08-25 14:09:00,1541.57,1541.65,1541.57,1541.65,0.01,106.23,166401.9,1
2024-08-25,2024-08-25 14:10:00,1541.65,1541.72,1541.65,1541.72,0.0,106.23,166401.9,1
2024-08-25,2024-08-25 14:11:00,1541.72,1541.8,1541.72,1541.8,0.01,106.23,166401.9,1
2024-08-25,2024-08-25 14:12:00,1541.8,1541.88,1541.8,1541.88,0.01,106.23,166401.9,1
2024-08-25,2024-08-25 14:13:00,1541.88,1541.95,1541.88,1541.95,0.0,106.23,166401.9,1
2024-08-25,2024-08-25 14:14:00,1541.95,1542.03,1541.95,1542.03,0.01,106.23,166401.9,1
2024-08-25,2024-08-25 14:15:00,1542.03,1542.11,1542.03,1542.11,0.01,106.23,166401.9,1
2024-08-25,2024-08-25 14:16:00,1542.11,1542.19,1542.11,1542.19,0.01,106.23,166401.9,1
2024-08-25,2024-08-25 14:17:00,1542.19,1542.26,1542.19,1542.26,0.0,106.23,166401.9,1
2024-08-25,2024-08-25 14:18:00,1542.26,1542.34,1542.26,1542.34,0.01,106.23,166401.9,1
2024-08-25,2024-08-25 14:19:00,1542.34,1542.42,1542.34,1542.42,0.01,106.23,166401.9,1
2024-08-25,2024-08-25 14:20:00,1542.42,1542.49,1542.42,1542.49,0.0,106.23,166401.9,1
2024-08-25,2024-08-25 14:21:00,1542.49,1542.57,1542.49,1542.57,0.01,106.23,166401.9,1
2024-08-25,2024-08-25 14:22:00,1542.57,1542.65,1542.57,1542.65,0.01,106.23,166401.9,1
2024-08-25,2024-08-25 14:23:00,1542.65,1542.72,1542.65,1542.72,0.0,106.23,166401.9,1
2024-08-25,2024-08-25 14:24:00,1542.72,1542.8,1542.72,1542.8,0.01,106.23,166401.9,1
2024-08-25,2024-08-25 14:25:00,1542.8,1542.88,1542.8,1542.88,0.01,106.23,166401.9,1
2024-08-25,2024-08-25 14:26:00,1542.88,1542.96,1542.88,1542.96,0.01,106.23,166401.9,1
2024-08-25,2024-08-25 14:27:00,1542.96,1543.03,1542.96,1543.03,0.0,106.23,166401.9,1
2024-08-25,2024-08-25 14:28:00,1543.03,1543.11,1543.03,1543.11,0.01,106.23,166401.9,1
2024-08-25,2024-08-25 14:29:00,1543.11,1543.19,1543.11,1543.19,0.01,106.23,166401.9,1
2024-08-25,2024-08-25 14:30:00,1543.19,1543.26,1543.19,1543.26,0.0,106.23,166401.9,1
2024-08-25,2024-08-25 14:31:00,1543.26,1543.34,1543.26,1543.34,0.01,106.23,166401.9,1
2024-08-25,2024-08-25 14:32:00,1543.34,1543.42,1543.34,1543.42,0.01,106.23,166401.9,1
2024-08-25,2024-08-25 14:33:00,1543.42,1543.5,1543.42,1543.5,0.01,106.23,166401.9,1
2024-08-25,2024-08-25 14:34:00,1543.5,1543.57,1543.5,1543.57,0.0,106.23,166401.9,1
2024-08-25,2024-08-25 14:35:00,1543.57,1543.65,1543.57,1543.65,0.01,106.23,166401.9,1
2024-08-25,2024-08-25 14:36:00,1543.65,1543.73,1543.65,1543.73,0.01,106.23,166401.9,1
2024-08-25,2024-08-25 14:37:00,1543.73,1543.8,1543.73,1543.8,0.0,106.23,166401.9,1
2024-08-25,2024-08-25 14:38:00,1543.8,1543.88,1543.8,1543.88,0.01,106.23,166401.9,1
2024-08-25,2024-08-25 14:39:00,1543.88,1543.96,1543.88,1543.96,0.01,106.23,166401.9,1
2024-08-25,2024-08-25 14:40:00,1543.96,1544.04,1543.96,1544.04,0.01,106.23,166401.9,1
2024-08-25,2024-08-25 14:41:00,1544.04,1544.11,1544.04,1544.11,0.0,106.23,166401.9,1
2024-08-25,2024-08-25 14:42:00,1544.11,1544.19,1544.11,1544.19,0.01,106.23,166401.9,1
2024-08-25,2024-08-25 14:43:00,1544.19,1544.27,1544.19,1544.27,0.01,106.23,166401.9,1
2024-08-25,2024-08-25 14:44:00,1544.27,1544.34,1544.27,1544.34,0.0,106.23,166401.9,1
2024-08-25,2024-08-25 14:45:00,1544.34,1544.42,1544.34,1544.42,0.01,106.23,166401.9,1
2024-08-25,2024-08-25 14:46:00,1544.42,1544.5,1544.42,1544.5,0.01,106.23,166401.9,1
2024-08-25,2024-08-25 14:47:00,1544.5,1544.58,1544.5,1544.58,0.01,106.23,166401.9,1
2024-08-25,2024-08-25 14:48:00,1544.58,1544.65,1544.58,1544.65,0.0,106.23,166401.9,1
2024-08-25,2024-08-25 14:49:00,1544.65,1544.73,1544.65,1544.73,0.01,106.23,166401.9,1
2024-08-25,2024-08-25 14:50:00,1544.73,1544.81,1544.73,1544.81,0.01,106.23,166401.9,1
2024-08-25,2024-08-25 14:51:00,1544.81,1544.88,1544.81,1544.88,0.0,106.23,166401.9,1
2024-08-25,2024-08-25 14:52:00,1544.88,1544.96,1544.88,1544.96,0.01,106.23,166401.9,1
2024-08-25,2024-08-25 14:53:00,1544.96,1545.04,1544.96,1545.04,0.01,106.23,166401.9,1
2024-08-25,2024-08-25 14:54:00,1545.04,1545.11,1545.04,1545.11,0.0,106.23,166401.9,1
2024-08-25,2024-08-25 14:55:00,1545.11,1545.19,1545.11,1545.19,0.01,106.23,166401.9,1
2024-08-25,2024-08-25 14:56:00,1545.19,1545.27,1545.19,1545.27,0.01,106.23,166401.9,1
2024-08-25,2024-08-25 14:57:00,1545.27,1545.35,1545.27,1545.35,0.01,106.23,166401.9,1
2024-08-25,2024-08-25 14:58:00,1545.35,1545.42,1545.35,1545.42,0.0,106.23,166401.9,1
2024-08-25,2024-08-25 14:59:00,1545.42,1545.5,1545.42,1545.5,0.01,106.23,166401.9,1
2024-08-25,2024-08-25 15:00:00,1545.5,1625.0,1480.2,1545.5,0.0,106.23,166401.9,0
2024-08-27,2024-08-27 11:00:00,1576.0,1576.0,1551.4,1575.75,-0.02,59.3,90179.95,-1
2024-08-27,2024-08-27 11:01:00,1575.75,1575.75,1575.5,1575.5,-0.02,59.3,90179.95,-1
2024-08-27,2024-08-27 11:02:00,1575.5,1575.5,1575.25,1575.25,-0.02,59.3,90179.95,-1
2024-08-27,2024-08-27 11:03:00,1575.25,1575.25,1575.0,1575.0,-0.02,59.3,90179.95,-1
2024-08-27,2024-08-27 11:04:00,1575.0,1575.0,1574.75,1574.75,-0.02,59.3,90179.95,-1
2024-08-27,2024-08-27 11:05:00,1574.75,1574.75,1574.5,1574.5,-0.02,59.3,90179.95,-1
2024-08-27,2024-08-27 11:06:00,1574.5,1574.5,1574.25,1574.25,-0.02,59.3,90179.95,-1
2024-08-27,2024-08-27 11:07:00,1574.25,1574.25,1574.0,1574.0,-0.02,59.3,90179.95,-1
2024-08-27,2024-08-27 11:08:00,1574.0,1574.0,1573.75,1573.75,-0.02,59.3,90179.95,-1
2024-08-27,2024-08-27 11:09:00,1573.75,1573.75,1573.5,1573.5,-0.02,59.3,90179.95,-1
2024-08-27,2024-08-27 11:10:00,1573.5,1573.5,1573.25,1573.25,-0.02,59.3,90179.95,-1
2024-08-27,2024-08-27 11:11:00,1573.25,1573.25,1573.0,1573.0,-0.02,59.3,90179.95,-1
2024-08-27,2024-08-27 11:12:00,1573.0,1573.0,1572.75,1572.75,-0.02,59.3,90179.95,-1
2024-08-27,2024-08-27 11:13:00,1572.75,1572.75,1572.5,1572.5,-0.02,59.3,90179.95,-1
2024-08-27,2024-08-27 11:14:00,1572.5,1572.5,1572.25,1572.25,-0.02,59.3,90179.95,-1
2024-08-27,2024-08-27 11:15:00,1572.25,1572.25,1572.0,1572.0,-0.02,59.3,90179.95,-1
2024-08-27,2024-08-27 11:16:00,1572.0,1572.0,1571.75,1571.75,-0.02,59.3,90179.95,-1
2024-08-27,2024-08-27 11:17:00,1571.75,1571.75,1571.5,1571.5,-0.02,59.3,90179.95,-1
2024-08-27,2024-08-27 11:18:00,1571.5,1571.5,1571.25,1571.25,-0.02,59.3,90179.95,-1
2024-08-27,2024-08-27 11:19:00,1571.25,1571.25,1571.0,1571.0,-0.02,59.3,90179.95,-1
2024-08-27,2024-08-27 11:20:00,1571.0,1571.0,1570.75,1570.75,-0.02,59.3,90179.95,-1
2024-08-27,2024-08-27 11:21:00,1570.75,1570.75,1570.5,1570.5,-0.02,59.3,90179.95,-1
2024-08-27,2024-08-27 11:22:00,1570.5,1570.5,1570.25,1570.25,-0.02,59.3,90179.95,-1
2024-08-27,2024-08-27 11:23:00,1570.25,1570.25,1570.0,1570.0,-0.02,59.3,90179.95,-1
2024-08-27,2024-08-27 11:24:00,1570.0,1570.0,1569.75,1569.75,-0.02,59.3,90179.95,-1
2024-08-27,2024-08-27 11:25:00,1569.75,1569.75,1569.5,1569.5,-0.02,59.3,90179.95,-1
2024-08-27,2024-08-27 11:26:00,1569.5,1569.5,1569.25,1569.25,-0.02,59.3,90179.95,-1
2024-08-27,2024-08-27 11:27:00,1569.25,1569.25,1569.0,1569.0,-0.02,59.3,90179.95,-1
2024-08-27,2024-08-27 11:28:00,1569.0,1569.0,1568.75,1568.75,-0.02,59.3,90179.95,-1
2024-08-27,2024-08-27 11:29:00,1568.75,1568.75,1568.5,1568.5,-0.02,59.3,90179.95,-1
2024-08-27,2024-08-27 11:30:00,1568.5,1568.5,1568.25,1568.25,-0.02,59.3,90179.95,-1
2024-08-27,2024-08-27 11:31:00,1568.25,1568.25,1568.0,1568.0,-0.02,59.3,90179.95,-1
2024-08-27,2024-08-27 11:32:00,1568.0,1568.0,1567.75,1567.75,-0.02,59.3,90179.95,-1
2024-08-27,2024-08-27 11:33:00,1567.75,1567.75,1567.5,1567.5,-0.02,59.3,90179.95,-1
2024-08-27,2024-08-27 11:34:00,1567.5,1567.5,1567.25,1567.25,-0.02,59.3,90179.95,-1
2024-08-27,2024-08-27 11:35:00,1567.25,1567.25,1567.0,1567.0,-0.02,59.3,90179.95,-1
2024-08-27,2024-08-27 11:36:00,1567.0,1567.0,1566.75,1566.75,-0.02,59.3,90179.95,-1
2024-08-27,2024-08-27 11:37:00,1566.75,1566.75,1566.5,1566.5,-0.02,59.3,90179.95,-1
2024-08-27,2024-08-27 11:38:00,1566.5,1566.5,1566.25,1566.25,-0.02,59.3,90179.95,-1
2024-08-27,2024-08-27 11:39:00,1566.25,1566.25,1566.0,1566.0,-0.02,59.3,90179.95,-1
2024-08-27,2024-08-27 11:40:00,1566.0,1566.0,1565.75,1565.75,-0.02,59.3,90179.95,-1
2024-08-27,2024-08-27 11:41:00,1565.75,1565.75,1565.5,1565.5,-0.02,59.3,90179.95,-1
2024-08-27,2024-08-27 11:42:00,1565.5,1565.5,1565.25,1565.25,-0.02,59.3,90179.95,-1
2024-08-27,2024-08-27 11:43:00,1565.25,1565.25,1565.0,1565.0,-0.02,59.3,90179.95,-1
2024-08-27,2024-08-27 11:44:00,1565.0,1565.0,1564.75,1564.75,-0.02,59.3,90179.95,-1
2024-08-27,2024-08-27 11:45:00,1564.75,1564.75,1564.5,1564.5,-0.02,59.3,90179.95,-1
2024-08-27,2024-08-27 11:46:00,1564.5,1564.5,1564.25,1564.25,-0.02,59.3,90179.95,-1
2024-08-27,2024-08-27 11:47:00,1564.25,1564.25,1564.0,1564.0,-0.02,59.3,90179.95,-1
2024-08-27,2024-08-27 11:48:00,1564.0,1564.0,1563.75,1563.75,-0.02,59.3,90179.95,-1
2024-08-27,2024-08-27 11:49:00,1563.75,1563.75,1563.5,1563.5,-0.02,59.3,90179.95,-1
2024-08-27,2024-08-27 11:50:00,1563.5,1563.5,1563.25,1563.25,-0.02,59.3,90179.95,-1
2024-08-27,2024-08-27 11:51:00,1563.25,1563.25,1563.0,1563.0,-0.02,59.3,90179.95,-1
2024-08-27,2024-08-27 11:52:00,1563.0,1563.0,1562.75,1562.75,-0.02,59.3,90179.95,-1
2024-08-27,2024-08-27 11:53:00,1562.75,1562.75,1562.5,1562.5,-0.02,59.3,90179.95,-1
2024-08-27,2024-08-27 11:54:00,1562.5,1562.5,1562.25,1562.25,-0.02,59.3,90179.95,-1
2024-08-27,2024-08-27 11:55:00,1562.25,1562.25,1562.0,1562.0,-0.02,59.3,90179.95,-1
2024-08-27,2024-08-27 11:56:00,1562.0,1562.0,1561.75,1561.75,-0.02,59.3,90179.95,-1
2024-08-27,2024-08-27 11:57:00,1561.75,1561.75,1561.5,1561.5,-0.02,59.3,90179.95,-1
2024-08-27,2024-08-27 11:58:00,1561.5,1561.5,1561.25,1561.25,-0.02,59.3,90179.95,-1
2024-08-27,2024-08-27 11:59:00,1561.25,1561.25,1561.0,1561.0,-0.02,59.3,90179.95,-1
2024-08-27,2024-08-27 12:00:00,1561.0,1561.0,1560.75,1560.75,-0.02,59.3,90179.95,-1
2024-08-27,2024-08-27 12:01:00,1560.75,1560.75,1560.5,1560.5,-0.02,59.3,90179.95,-1
2024-08-27,2024-08-27 12:02:00,1560.5,1560.5,1560.25,1560.25,-0.02,59.3,90179.95,-1
2024-08-27,2024-08-27 12:03:00,1560.25,1560.25,1560.0,1560.0,-0.02,59.3,90179.95,-1
2024-08-27,2024-08-27 12:04:00,1560.0,1560.0,1559.75,1559.75,-0.02,59.3,90179.95,-1
2024-08-27,2024-08-27 12:05:00,1559.75,1559.75,1559.5,1559.5,-0.02,59.3,90179.95,-1
2024-08-27,2024-08-27 12:06:00,1559.5,1559.5,1559.25,1559.25,-0.02,59.3,90179.95,-1
2024-08-27,2024-08-27 12:07:00,1559.25,1559.25,1559.0,1559.0,-0.02,59.3,90179.95,-1
2024-08-27,2024-08-27 12:08:00,1559.0,1559.0,1558.75,1558.75,-0.02,59.3,90179.95,-1
2024-08-27,2024-08-27 12:09:00,1558.75,1558.75,1558.5,1558.5,-0.02,59.3,90179.95,-1
2024-08-27,2024-08-27 12:10:00,1558.5,1558.5,1558.25,1558.25,-0.02,59.3,90179.95,-1
2024-08-27,2024-08-27 12:11:00,1558.25,1558.25,1558.0,1558.0,-0.02,59.3,90179.95,-1
2024-08-27,2024-08-27 12:12:00,1558.0,1558.0,1557.75,1557.75,-0.02,59.3,90179.95,-1
2024-08-27,2024-08-27 12:13:00,1557.75,1557.75,1557.5,1557.5,-0.02,59.3,90179.95,-1
2024-08-27,2024-08-27 12:14:00,1557.5,1557.5,1557.25,1557.25,-0.02,59.3,90179.95,-1
2024-08-27,2024-08-27 12:15:00,1557.25,1557.25,1557.0,1557.0,-0.02,59.3,90179.95,-1
2024-08-27,2024-08-27 12:16:00,1557.0,1557.0,1556.75,1556.75,-0.02,59.3,90179.95,-1
2024-08-27,2024-08-27 12:17:00,1556.75,1556.75,1556.5,1556.5,-0.02,59.3,90179.95,-1
2024-08-27,2024-08-27 12:18:00,1556.5,1556.5,1556.25,1556.25,-0.02,59.3,90179.95,-1
2024-08-27,2024-08-27 12:19:00,1556.25,1556.25,1556.0,1556.0,-0.02,59.3,90179.95,-1
2024-08-27,2024-08-27 12:20:00,1556.0,1556.0,1555.75,1555.75,-0.02,59.3,90179.95,-1
2024-08-27,2024-08-27 12:21:00,1555.75,1555.75,1555.5,1555.5,-0.02,59.3,90179.95,-1
2024-08-27,2024-08-27 12:22:00,1555.5,1555.5,1555.25,1555.25,-0.02,59.3,90179.95,-1
2024-08-27,2024-08-27 12:23:00,1555.25,1555.25,1555.0,1555.0,-0.02,59.3,90179.95,-1
2024-08-27,2024-08-27 12:24:00,1555.0,1555.0,1554.75,1554.75,-0.02,59.3,90179.95,-1
2024-08-27,2024-08-27 12:25:00,1554.75,1554.75,1554.5,1554.5,-0.02,59.3,90179.95,-1
2024-08-27,2024-08-27 12:26:00,1554.5,1554.5,1554.25,1554.25,-0.02,59.3,90179.95,-1
2024-08-27,2024-08-27 12:27:00,1554.25,1554.25,1554.0,1554.0,-0.02,59.3,90179.95,-1
2024-08-27,2024-08-27 12:28:00,1554.0,1554.0,1553.75,1553.75,-0.02,59.3,90179.95,-1
2024-08-27,2024-08-27 12:29:00,1553.75,1553.75,1553.5,1553.5,-0.02,59.3,90179.95,-1
2024-08-27,2024-08-27 12:30:00,1553.5,1553.5,1553.25,1553.25,-0.02,59.3,90179.95,-1
2024-08-27,2024-08-27 12:31:00,1553.25,1553.25,1553.0,1553.0,-0.02,59.3,90179.95,-1
2024-08-27,2024-08-27 12:32:00,1553.0,1553.0,1552.75,1552.75,-0.02,59.3,90179.95,-1
2024-08-27,2024-08-27 12:33:00,1552.75,1552.75,1552.5,1552.5,-0.02,59.3,90179.95,-1
2024-08-27,2024-08-27 12:34:00,1552.5,1552.5,1552.25,1552.25,-0.02,59.3,90179.95,-1
2024-08-27,2024-08-27 12:35:00,1552.25,1552.25,1552.0,1552.0,-0.02,59.3,90179.95,-1
2024-08-27,2024-08-27 12:36:00,1552.0,1552.0,1551.75,1551.75,-0.02,59.3,90179.95,-1
2024-08-27,2024-08-27 12:37:00,1551.75,1551.75,1551.5,1551.5,-0.02,59.3,90179.95,-1
2024-08-27,2024-08-27 12:38:00,1551.5,1551.5,1551.25,1551.25,-0.02,59.3,90179.95,-1
2024-08-27,2024-08-27 12:39:00,1551.25,1551.25,1551.0,1551.0,-0.02,59.3,90179.95,-1
2024-08-27,2024-08-27 12:40:00,1551.0,1551.0,1550.75,1550.75,-0.02,59.3,90179.95,-1
2024-08-27,2024-08-27 12:41:00,1550.75,1550.75,1550.5,1550.5,-0.02,59.3,90179.95,-1
2024-08-27,2024-08-27 12:42:00,1550.5,1550.5,1550.25,1550.25,-0.02,59.3,90179.95,-1
2024-08-27,2024-08-27 12:43:00,1550.25,1550.25,1550.0,1550.0,-0.02,59.3,90179.95,-1
2024-08-27,2024-08-27 12:44:00,1550.0,1550.0,1549.75,1549.75,-0.02,59.3,90179.95,-1
2024-08-27,2024-08-27 12:45:00,1549.75,1549.75,1549.5,1549.5,-0.02,59.3,90179.95,-1
2024-08-27,2024-08-27 12:46:00,1549.5,1549.5,1549.25,1549.25,-0.02,59.3,90179.95,-1
2024-08-27,2024-08-27 12:47:00,1549.25,1549.25,1549.0,1549.0,-0.02,59.3,90179.95,-1
2024-08-27,2024-08-27 12:48:00,1549.0,1549.0,1548.75,1548.75,-0.02,59.3,90179.95,-1
2024-08-27,2024-08-27 12:49:00,1548.75,1548.75,1548.5,1548.5,-0.02,59.3,90179.95,-1
2024-08-27,2024-08-27 12:50:00,1548.5,1548.5,1548.25,1548.25,-0.02,59.3,90179.95,-1
2024-08-27,2024-08-27 12:51:00,1548.25,1548.25,1548.0,1548.0,-0.02,59.3,90179.95,-1
2024-08-27,2024-08-27 12:52:00,1548.0,1548.0,1547.75,1547.75,-0.02,59.3,90179.95,-1
2024-08-27,2024-08-27 12:53:00,1547.75,1547.75,1547.5,1547.5,-0.02,59.3,90179.95,-1
2024-08-27,2024-08-27 12:54:00,1547.5,1547.5,1547.25,1547.25,-0.02,59.3,90179.95,-1
2024-08-27,2024-08-27 12:55:00,1547.25,1547.25,1547.0,1547.0,-0.02,59.3,90179.95,-1
2024-08-27,2024-08-27 12:56:00,1547.0,1547.0,1546.75,1546.75,-0.02,59.3,90179.95,-1
2024-08-27,2024-08-27 12:57:00,1546.75,1546.75,1546.5,1546.5,-0.02,59.3,90179.95,-1
2024-08-27,2024-08-27 12:58:00,1546.5,1546.5,1546.25,1546.25,-0.02,59.3,90179.95,-1
2024-08-27,2024-08-27 12:59:00,1546.25,1546.25,1546.0,1546.0,-0.02,59.3,90179.95,-1
2024-08-27,2024-08-27 13:00:00,1546.0,1576.0,1494.0,1545.75,-0.02,59.3,90179.95,-1
2024-08-27,2024-08-27 13:01:00,1545.75,1545.75,1545.5,1545.5,-0.02,59.3,90179.95,-1
2024-08-27,2024-08-27 13:02:00,1545.5,1545.5,1545.25,1545.25,-0.02,59.3,90179.95,-1
2024-08-27,2024-08-27 13:03:00,1545.25,1545.25,1545.0,1545.0,-0.02,59.3,90179.95,-1
2024-08-27,2024-08-27 13:04:00,1545.0,1545.0,1544.75,1544.75,-0.02,59.3,90179.95,-1
2024-08-27,2024-08-27 13:05:00,1544.75,1544.75,1544.5,1544.5,-0.02,59.3,90179.95,-1
2024-08-27,2024-08-27 13:06:00,1544.5,1544.5,1544.25,1544.25,-0.02,59.3,90179.95,-1
2024-08-27,2024-08-27 13:07:00,1544.25,1544.25,1544.0,1544.0,-0.02,59.3,90179.95,-1
2024-08-27,2024-08-27 13:08:00,1544.0,1544.0,1543.75,1543.75,-0.02,59.3,90179.95,-1
2024-08-27,2024-08-27 13:09:00,1543.75,1543.75,1543.5,1543.5,-0.02,59.3,90179.95,-1
2024-08-27,2024-08-27 13:10:00,1543.5,1543.5,1543.25,1543.25,-0.02,59.3,90179.95,-1
2024-08-27,2024-08-27 13:11:00,1543.25,1543.25,1543.0,1543.0,-0.02,59.3,90179.95,-1
2024-08-27,2024-08-27 13:12:00,1543.0,1543.0,1542.75,1542.75,-0.02,59.3,90179.95,-1
2024-08-27,2024-08-27 13:13:00,1542.75,1542.75,1542.5,1542.5,-0.02,59.3,90179.95,-1
2024-08-27,2024-08-27 13:14:00,1542.5,1542.5,1542.25,1542.25,-0.02,59.3,90179.95,-1
2024-08-27,2024-08-27 13:15:00,1542.25,1542.25,1542.0,1542.0,-0.02,59.3,90179.95,-1
2024-08-27,2024-08-27 13:16:00,1542.0,1542.0,1541.75,1541.75,-0.02,59.3,90179.95,-1
2024-08-27,2024-08-27 13:17:00,1541.75,1541.75,1541.5,1541.5,-0.02,59.3,90179.95,-1
2024-08-27,2024-08-27 13:18:00,1541.5,1541.5,1541.25,1541.25,-0.02,59.3,90179.95,-1
2024-08-27,2024-08-27 13:19:00,1541.25,1541.25,1541.0,1541.0,-0.02,59.3,90179.95,-1
2024-08-27,2024-08-27 13:20:00,1541.0,1541.0,1540.75,1540.75,-0.02,59.3,90179.95,-1
2024-08-27,2024-08-27 13:21:00,1540.75,1540.75,1540.5,1540.5,-0.02,59.3,90179.95,-1
2024-08-27,2024-08-27 13:22:00,1540.5,1540.5,1540.25,1540.25,-0.02,59.3,90179.95,-1
2024-08-27,2024-08-27 13:23:00,1540.25,1540.25,1540.0,1540.0,-0.02,59.3,90179.95,-1
2024-08-27,2024-08-27 13:24:00,1540.0,1540.0,1539.75,1539.75,-0.02,59.3,90179.95,-1
2024-08-27,2024-08-27 13:25:00,1539.75,1539.75,1539.5,1539.5,-0.02,59.3,90179.95,-1
2024-08-27,2024-08-27 13:26:00,1539.5,1539.5,1539.25,1539.25,-0.02,59.3,90179.95,-1
2024-08-27,2024-08-27 13:27:00,1539.25,1539.25,1539.0,1539.0,-0.02,59.3,90179.95,-1
2024-08-27,2024-08-27 13:28:00,1539.0,1539.0,1538.75,1538.75,-0.02,59.3,90179.95,-1
2024-08-27,2024-08-27 13:29:00,1538.75,1538.75,1538.5,1538.5,-0.02,59.3,90179.95,-1
2024-08-27,2024-08-27 13:30:00,1538.5,1538.5,1538.25,1538.25,-0.02,59.3,90179.95,-1
2024-08-27,2024-08-27 13:31:00,1538.25,1538.25,1538.0,1538.0,-0.02,59.3,90179.95,-1
2024-08-27,2024-08-27 13:32:00,1538.0,1538.0,1537.75,1537.75,-0.02,59.3,90179.95,-1
2024-08-27,2024-08-27 13:33:00,1537.75,1537.75,1537.5,1537.5,-0.02,59.3,90179.95,-1
2024-08-27,2024-08-27 13:34:00,1537.5,1537.5,1537.25,1537.25,-0.02,59.3,90179.95,-1
2024-08-27,2024-08-27 13:35:00,1537.25,1537.25,1537.0,1537.0,-0.02,59.3,90179.95,-1
2024-08-27,2024-08-27 13:36:00,1537.0,1537.0,1536.75,1536.75,-0.02,59.3,90179.95,-1
2024-08-27,2024-08-27 13:37:00,1536.75,1536.75,1536.5,1536.5,-0.02,59.3,90179.95,-1
2024-08-27,2024-08-27 13:38:00,1536.5,1536.5,1536.25,1536.25,-0.02,59.3,90179.95,-1
2024-08-27,2024-08-27 13:39:00,1536.25,1536.25,1536.0,1536.0,-0.02,59.3,90179.95,-1
2024-08-27,2024-08-27 13:40:00,1536.0,1536.0,1535.75,1535.75,-0.02,59.3,90179.95,-1
2024-08-27,2024-08-27 13:41:00,1535.75,1535.75,1535.5,1535.5,-0.02,59.3,90179.95,-1
2024-08-27,2024-08-27 13:42:00,1535.5,1535.5,1535.25,1535.25,-0.02,59.3,90179.95,-1
2024-08-27,2024-08-27 13:43:00,1535.25,1535.25,1535.0,1535.0,-0.02,59.3,90179.95,-1
2024-08-27,2024-08-27 13:44:00,1535.0,1535.0,1534.75,1534.75,-0.02,59.3,90179.95,-1
2024-08-27,2024-08-27 13:45:00,1534.75,1534.75,1534.5,1534.5,-0.02,59.3,90179.95,-1
2024-08-27,2024-08-27 13:46:00,1534.5,1534.5,1534.25,1534.25,-0.02,59.3,90179.95,-1
2024-08-27,2024-08-27 13:47:00,1534.25,1534.25,1534.0,1534.0,-0.02,59.3,90179.95,-1
2024-08-27,2024-08-27 13:48:00,1534.0,1534.0,1533.75,1533.75,-0.02,59.3,90179.95,-1
2024-08-27,2024-08-27 13:49:00,1533.75,1533.75,1533.5,1533.5,-0.02,59.3,90179.95,-1
2024-08-27,2024-08-27 13:50:00,1533.5,1533.5,1533.25,1533.25,-0.02,59.3,90179.95,-1
2024-08-27,2024-08-27 13:51:00,1533.25,1533.25,1533.0,1533.0,-0.02,59.3,90179.95,-1
2024-08-27,2024-08-27 13:52:00,1533.0,1533.0,1532.75,1532.75,-0.02,59.3,90179.95,-1
2024-08-27,2024-08-27 13:53:00,1532.75,1532.75,1532.5,1532.5,-0.02,59.3,90179.95,-1
2024-08-27,2024-08-27 13:54:00,1532.5,1532.5,1532.25,1532.25,-0.02,59.3,90179.95,-1
2024-08-27,2024-08-27 13:55:00,1532.25,1532.25,1532.0,1532.0,-0.02,59.3,90179.95,-1
2024-08-27,2024-08-27 13:56:00,1532.0,1532.0,1531.75,1531.75,-0.02,59.3,90179.95,-1
2024-08-27,2024-08-27 13:57:00,1531.75,1531.75,1531.5,1531.5,-0.02,59.3,90179.95,-1
2024-08-27,2024-08-27 13:58:00,1531.5,1531.5,1531.25,1531.25,-0.02,59.3,90179.95,-1
2024-08-27,2024-08-27 13:59:00,1531.25,1531.25,1531.0,1531.0,-0.02,59.3,90179.95,-1
2024-08-27,2024-08-27 14:00:00,1531.0,1531.0,1530.75,1530.75,-0.02,59.3,90179.95,-1
2024-08-27,2024-08-27 14:01:00,1530.75,1530.75,1530.5,1530.5,-0.02,59.3,90179.95,-1
2024-08-27,2024-08-27 14:02:00,1530.5,1530.5,1530.25,1530.25,-0.02,59.3,90179.95,-1
2024-08-27,2024-08-27 14:03:00,1530.25,1530.25,1530.0,1530.0,-0.02,59.3,90179.95,-1
2024-08-27,2024-08-27 14:04:00,1530.0,1530.0,1529.75,1529.75,-0.02,59.3,90179.95,-1
2024-08-27,2024-08-27 14:05:00,1529.75,1529.75,1529.5,1529.5,-0.02,59.3,90179.95,-1
2024-08-27,2024-08-27 14:06:00,1529.5,1529.5,1529.25,1529.25,-0.02,59.3,90179.95,-1
2024-08-27,2024-08-27 14:07:00,1529.25,1529.25,1529.0,1529.0,-0.02,59.3,90179.95,-1
2024-08-27,2024-08-27 14:08:00,1529.0,1529.0,1528.75,1528.75,-0.02,59.3,90179.95,-1
2024-08-27,2024-08-27 14:09:00,1528.75,1528.75,1528.5,1528.5,-0.02,59.3,90179.95,-1
2024-08-27,2024-08-27 14:10:00,1528.5,1528.5,1528.25,1528.25,-0.02,59.3,90179.95,-1
2024-08-27,2024-08-27 14:11:00,1528.25,1528.25,1528.0,1528.0,-0.02,59.3,90179.95,-1
2024-08-27,2024-08-27 14:12:00,1528.0,1528.0,1527.75,1527.75,-0.02,59.3,90179.95,-1
2024-08-27,2024-08-27 14:13:00,1527.75,1527.75,1527.5,1527.5,-0.02,59.3,90179.95,-1
2024-08-27,2024-08-27 14:14:00,1527.5,1527.5,1527.25,1527.25,-0.02,59.3,90179.95,-1
2024-08-27,2024-08-27 14:15:00,1527.25,1527.25,1527.0,1527.0,-0.02,59.3,90179.95,-1
2024-08-27,2024-08-27 14:16:00,1527.0,1527.0,1526.75,1526.75,-0.02,59.3,90179.95,-1
2024-08-27,2024-08-27 14:17:00,1526.75,1526.75,1526.5,1526.5,-0.02,59.3,90179.95,-1
2024-08-27,2024-08-27 14:18:00,1526.5,1526.5,1526.25,1526.25,-0.02,59.3,90179.95,-1
2024-08-27,2024-08-27 14:19:00,1526.25,1526.25,1526.0,1526.0,-0.02,59.3,90179.95,-1
2024-08-27,2024-08-27 14:20:00,1526.0,1526.0,1525.75,1525.75,-0.02,59.3,90179.95,-1
2024-08-27,2024-08-27 14:21:00,1525.75,1525.75,1525.5,1525.5,-0.02,59.3,90179.95,-1
2024-08-27,2024-08-27 14:22:00,1525.5,1525.5,1525.25,1525.25,-0.02,59.3,90179.95,-1
2024-08-27,2024-08-27 14:23:00,1525.25,1525.25,1525.0,1525.0,-0.02,59.3,90179.95,-1
2024-08-27,2024-08-27 14:24:00,1525.0,1525.0,1524.75,1524.75,-0.02,59.3,90179.95,-1
2024-08-27,2024-08-27 14:25:00,1524.75,1524.75,1524.5,1524.5,-0.02,59.3,90179.95,-1
2024-08-27,2024-08-27 14:26:00,1524.5,1524.5,1524.25,1524.25,-0.02,59.3,90179.95,-1
2024-08-27,2024-08-27 14:27:00,1524.25,1524.25,1524.0,1524.0,-0.02,59.3,90179.95,-1
2024-08-27,2024-08-27 14:28:00,1524.0,1524.0,1523.75,1523.75,-0.02,59.3,90179.95,-1
2024-08-27,2024-08-27 14:29:00,1523.75,1523.75,1523.5,1523.5,-0.02,59.3,90179.95,-1
2024-08-27,2024-08-27 14:30:00,1523.5,1523.5,1523.25,1523.25,-0.02,59.3,90179.95,-1
2024-08-27,2024-08-27 14:31:00,1523.25,1523.25,1523.0,1523.0,-0.02,59.3,90179.95,-1
2024-08-27,2024-08-27 14:32:00,1523.0,1523.0,1522.75,1522.75,-0.02,59.3,90179.95,-1
2024-08-27,2024-08-27 14:33:00,1522.75,1522.75,1522.5,1522.5,-0.02,59.3,90179.95,-1
2024-08-27,2024-08-27 14:34:00,1522.5,1522.5,1522.25,1522.25,-0.02,59.3,90179.95,-1
2024-08-27,2024-08-27 14:35:00,1522.25,1522.25,1522.0,1522.0,-0.02,59.3,90179.95,-1
2024-08-27,2024-08-27 14:36:00,1522.0,1522.0,1521.75,1521.75,-0.02,59.3,90179.95,-1
2024-08-27,2024-08-27 14:37:00,1521.75,1521.75,1521.5,1521.5,-0.02,59.3,90179.95,-1
2024-08-27,2024-08-27 14:38:00,1521.5,1521.5,1521.25,1521.25,-0.02,59.3,90179.95,-1
2024-08-27,2024-08-27 14:39:00,1521.25,1521.25,1521.0,1521.0,-0.02,59.3,90179.95,-1
2024-08-27,2024-08-27 14:40:00,1521.0,1521.0,1520.75,1520.75,-0.02,59.3,90179.95,-1
2024-08-27,2024-08-27 14:41:00,1520.75,1520.75,1520.5,1520.5,-0.02,59.3,90179.95,-1
2024-08-27,2024-08-27 14:42:00,1520.5,1520.5,1520.25,1520.25,-0.02,59.3,90179.95,-1
2024-08-27,2024-08-27 14:43:00,1520.25,1520.25,1520.0,1520.0,-0.02,59.3,90179.95,-1
2024-08-27,2024-08-27 14:44:00,1520.0,1520.0,1519.75,1519.75,-0.02,59.3,90179.95,-1
2024-08-27,2024-08-27 14:45:00,1519.75,1519.75,1519.5,1519.5,-0.02,59.3,90179.95,-1
2024-08-27,2024-08-27 14:46:00,1519.5,1519.5,1519.25,1519.25,-0.02,59.3,90179.95,-1
2024-08-27,2024-08-27 14:47:00,1519.25,1519.25,1519.0,1519.0,-0.02,59.3,90179.95,-1
2024-08-27,2024-08-27 14:48:00,1519.0,1519.0,1518.75,1518.75,-0.02,59.3,90179.95,-1
2024-08-27,2024-08-27 14:49:00,1518.75,1518.75,1518.5,1518.5,-0.02,59.3,90179.95,-1
2024-08-27,2024-08-27 14:50:00,1518.5,1518.5,1518.25,1518.25,-0.02,59.3,90179.95,-1
2024-08-27,2024-08-27 14:51:00,1518.25,1518.25,1518.0,1518.0,-0.02,59.3,90179.95,-1
2024-08-27,2024-08-27 14:52:00,1518.0,1518.0,1517.75,1517.75,-0.02,59.3,90179.95,-1
2024-08-27,2024-08-27 14:53:00,1517.75,1517.75,1517.5,1517.5,-0.02,59.3,90179.95,-1
2024-08-27,2024-08-27 14:54:00,1517.5,1517.5,1517.25,1517.25,-0.02,59.3,90179.95,-1
2024-08-27,2024-08-27 14:55:00,1517.25,1517.25,1517.0,1517.0,-0.02,59.3,90179.95,-1
2024-08-27,2024-08-27 14:56:00,1517.0,1517.0,1516.75,1516.75,-0.02,59.3,90179.95,-1
2024-08-27,2024-08-27 14:57:00,1516.75,1516.75,1516.5,1516.5,-0.02,59.3,90179.95,-1
2024-08-27,2024-08-27 14:58:00,1516.5,1516.5,1516.25,1516.25,-0.02,59.3,90179.95,-1
2024-08-27,2024-08-27 14:59:00,1516.25,1516.25,1516.0,1516.0,-0.02,59.3,90179.95,-1
2024-08-27,2024-08-27 15:00:00,1516.0,1576.0,1494.0,1516.0,0.0,59.3,90179.95,0
2024-08-28,2024-08-28 11:00:00,1530.0,1538.67,1516.8,1530.0,0.0,37.63,56419.64,0
2024-08-28,2024-08-28 11:01:00,1530.0,1530.0,1530.0,1530.0,0.0,37.63,56419.64,0
2024-08-28,2024-08-28 11:02:00,1530.0,1530.0,1530.0,1530.0,0.0,37.63,56419.64,0
2024-08-28,2024-08-28 11:03:00,1530.0,1530.0,1530.0,1530.0,0.0,37.63,56419.64,0
2024-08-28,2024-08-28 11:04:00,1530.0,1530.0,1530.0,1530.0,0.0,37.63,56419.64,0
2024-08-28,2024-08-28 11:05:00,1530.0,1530.0,1529.99,1529.99,-0.0,37.63,56419.64,-1
2024-08-28,2024-08-28 11:06:00,1529.99,1529.99,1529.99,1529.99,0.0,37.63,56419.64,0
2024-08-28,2024-08-28 11:07:00,1529.99,1529.99,1529.99,1529.99,0.0,37.63,56419.64,0
2024-08-28,2024-08-28 11:08:00,1529.99,1529.99,1529.99,1529.99,0.0,37.63,56419.64,0
2024-08-28,2024-08-28 11:09:00,1529.99,1529.99,1529.99,1529.99,0.0,37.63,56419.64,0
2024-08-28,2024-08-28 11:10:00,1529.99,1529.99,1529.99,1529.99,0.0,37.63,56419.64,0
2024-08-28,2024-08-28 11:11:00,1529.99,1529.99,1529.99,1529.99,0.0,37.63,56419.64,0
2024-08-28,2024-08-28 11:12:00,1529.99,1529.99,1529.99,1529.99,0.0,37.63,56419.64,0
2024-08-28,2024-08-28 11:13:00,1529.99,1529.99,1529.99,1529.99,0.0,37.63,56419.64,0
2024-08-28,2024-08-28 11:14:00,1529.99,1529.99,1529.99,1529.99,0.0,37.63,56419.64,0
2024-08-28,2024-08-28 11:15:00,1529.99,1529.99,1529.99,1529.99,0.0,37.63,56419.64,0
2024-08-28,2024-08-28 11:16:00,1529.99,1529.99,1529.99,1529.99,0.0,37.63,56419.64,0
2024-08-28,2024-08-28 11:17:00,1529.99,1529.99,1529.98,1529.98,-0.0,37.63,56419.64,-1
2024-08-28,2024-08-28 11:18:00,1529.98,1529.98,1529.98,1529.98,0.0,37.63,56419.64,0
2024-08-28,2024-08-28 11:19:00,1529.98,1529.98,1529.98,1529.98,0.0,37.63,56419.64,0
2024-08-28,2024-08-28 11:20:00,1529.98,1529.98,1529.98,1529.98,0.0,37.63,56419.64,0
2024-08-28,2024-08-28 11:21:00,1529.98,1529.98,1529.98,1529.98,0.0,37.63,56419.64,0
2024-08-28,2024-08-28 11:22:00,1529.98,1529.98,1529.98,1529.98,0.0,37.63,56419.64,0
2024-08-28,2024-08-28 11:23:00,1529.98,1529.98,1529.98,1529.98,0.0,37.63,56419.64,0
2024-08-28,2024-08-28 11:24:00,1529.98,1529.98,1529.98,1529.98,0.0,37.63,56419.64,0
2024-08-28,2024-08-28 11:25:00,1529.98,1529.98,1529.98,1529.98,0.0,37.63,56419.64,0
2024-08-28,2024-08-28 11:26:00,1529.98,1529.98,1529.98,1529.98,0.0,37.63,56419.64,0
2024-08-28,2024-08-28 11:27:00,1529.98,1529.98,1529.98,1529.98,0.0,37.63,56419.64,0
2024-08-28,2024-08-28 11:28:00,1529.98,1529.98,1529.98,1529.98,0.0,37.63,56419.64,0
2024-08-28,2024-08-28 11:29:00,1529.98,1529.98,1529.97,1529.97,-0.0,37.63,56419.64,-1
2024-08-28,2024-08-28 11:30:00,1529.97,1529.97,1529.97,1529.97,0.0,37.63,56419.64,0
2024-08-28,2024-08-28 11:31:00,1529.97,1529.97,1529.97,1529.97,0.0,37.63,56419.64,0
2024-08-28,2024-08-28 11:32:00,1529.97,1529.97,1529.97,1529.97,0.0,37.63,56419.64,0
2024-08-28,2024-08-28 11:33:00,1529.97,1529.97,1529.97,1529.97,0.0,37.63,56419.64,0
2024-08-28,2024-08-28 11:34:00,1529.97,1529.97,1529.97,1529.97,0.0,37.63,56419.64,0
2024-08-28,2024-08-28 11:35:00,1529.97,1529.97,1529.97,1529.97,0.0,37.63,56419.64,0
2024-08-28,2024-08-28 11:36:00,1529.97,1529.97,1529.97,1529.97,0.0,37.63,56419.64,0
2024-08-28,2024-08-28 11:37:00,1529.97,1529.97,1529.97,1529.97,0.0,37.63,56419.64,0
2024-08-28,2024-08-28 11:38:00,1529.97,1529.97,1529.97,1529.97,0.0,37.63,56419.64,0
2024-08-28,2024-08-28 11:39:00,1529.97,1529.97,1529.97,1529.97,0.0,37.63,56419.64,0
2024-08-28,2024-08-28 11:40:00,1529.97,1529.97,1529.97,1529.97,0.0,37.63,56419.64,0
2024-08-28,2024-08-28 11:41:00,1529.97,1529.97,1529.96,1529.96,-0.0,37.63,56419.64,-1
2024-08-28,2024-08-28 11:42:00,1529.96,1529.96,1529.96,1529.96,0.0,37.63,56419.64,0
2024-08-28,2024-08-28 11:43:00,1529.96,1529.96,1529.96,1529.96,0.0,37.63,56419.64,0
2024-08-28,2024-08-28 11:44:00,1529.96,1529.96,1529.96,1529.96,0.0,37.63,56419.64,0
2024-08-28,2024-08-28 11:45:00,1529.96,1529.96,1529.96,1529.96,0.0,37.63,56419.64,0
2024-08-28,2024-08-28 11:46:00,1529.96,1529.96,1529.96,1529.96,0.0,37.63,56419.64,0
2024-08-28,2024-08-28 11:47:00,1529.96,1529.96,1529.96,1529.96,0.0,37.63,56419.64,0
2024-08-28,2024-08-28 11:48:00,1529.96,1529.96,1529.96,1529.96,0.0,37.63,56419.64,0
2024-08-28,2024-08-28 11:49:00,1529.96,1529.96,1529.96,1529.96,0.0,37.63,56419.64,0
2024-08-28,2024-08-28 11:50:00,1529.96,1529.96,1529.96,1529.96,0.0,37.63,56419.64,0
2024-08-28,2024-08-28 11:51:00,1529.96,1529.96,1529.96,1529.96,0.0,37.63,56419.64,0
2024-08-28,2024-08-28 11:52:00,1529.96,1529.96,1529.96,1529.96,0.0,37.63,56419.64,0
2024-08-28,2024-08-28 11:53:00,1529.96,1529.96,1529.95,1529.95,-0.0,37.63,56419.64,-1
2024-08-28,2024-08-28 11:54:00,1529.95,1529.95,1529.95,1529.95,0.0,37.63,56419.64,0
2024-08-28,2024-08-28 11:55:00,1529.95,1529.95,1529.95,1529.95,0.0,37.63,56419.64,0
2024-08-28,2024-08-28 11:56:00,1529.95,1529.95,1529.95,1529.95,0.0,37.63,56419.64,0
2024-08-28,2024-08-28 11:57:00,1529.95,1529.95,1529.95,1529.95,0.0,37.63,56419.64,0
2024-08-28,2024-08-28 11:58:00,1529.95,1529.95,1529.95,1529.95,0.0,37.63,56419.64,0
2024-08-28,2024-08-28 11:59:00,1529.95,1529.95,1529.95,1529.95,0.0,37.63,56419.64,0
2024-08-28,2024-08-28 12:00:00,1529.95,1529.95,1529.95,1529.95,0.0,37.63,56419.64,0
2024-08-28,2024-08-28 12:01:00,1529.95,1529.95,1529.95,1529.95,0.0,37.63,56419.64,0
2024-08-28,2024-08-28 12:02:00,1529.95,1529.95,1529.95,1529.95,0.0,37.63,56419.64,0
2024-08-28,2024-08-28 12:03:00,1529.95,1529.95,1529.95,1529.95,0.0,37.63,56419.64,0
2024-08-28,2024-08-28 12:04:00,1529.95,1529.95,1529.95,1529.95,0.0,37.63,56419.64,0
2024-08-28,2024-08-28 12:05:00,1529.95,1529.95,1529.94,1529.94,-0.0,37.63,56419.64,-1
2024-08-28,2024-08-28 12:06:00,1529.94,1529.94,1529.94,1529.94,0.0,37.63,56419.64,0
2024-08-28,2024-08-28 12:07:00,1529.94,1529.94,1529.94,1529.94,0.0,37.63,56419.64,0
2024-08-28,2024-08-28 12:08:00,1529.94,1529.94,1529.94,1529.94,0.0,37.63,56419.64,0
2024-08-28,2024-08-28 12:09:00,1529.94,1529.94,1529.94,1529.94,0.0,37.63,56419.64,0
2024-08-28,2024-08-28 12:10:00,1529.94,1529.94,1529.94,1529.94,0.0,37.63,56419.64,0
2024-08-28,2024-08-28 12:11:00,1529.94,1529.94,1529.94,1529.94,0.0,37.63,56419.64,0
2024-08-28,2024-08-28 12:12:00,1529.94,1529.94,1529.94,1529.94,0.0,37.63,56419.64,0
2024-08-28,2024-08-28 12:13:00,1529.94,1529.94,1529.94,1529.94,0.0,37.63,56419.64,0
2024-08-28,2024-08-28 12:14:00,1529.94,1529.94,1529.94,1529.94,0.0,37.63,56419.64,0
2024-08-28,2024-08-28 12:15:00,1529.94,1529.94,1529.94,1529.94,0.0,37.63,56419.64,0
2024-08-28,2024-08-28 12:16:00,1529.94,1529.94,1529.94,1529.94,0.0,37.63,56419.64,0
2024-08-28,2024-08-28 12:17:00,1529.94,1529.94,1529.93,1529.93,-0.0,37.63,56419.64,-1
2024-08-28,2024-08-28 12:18:00,1529.93,1529.93,1529.93,1529.93,0.0,37.63,56419.64,0
2024-08-28,2024-08-28 12:19:00,1529.93,1529.93,1529.93,1529.93,0.0,37.63,56419.64,0
2024-08-28,2024-08-28 12:20:00,1529.93,1529.93,1529.93,1529.93,0.0,37.63,56419.64,0
2024-08-28,2024-08-28 12:21:00,1529.93,1529.93,1529.93,1529.93,0.0,37.63,56419.64,0
2024-08-28,2024-08-28 12:22:00,1529.93,1529.93,1529.93,1529.93,0.0,37.63,56419.64,0
2024-08-28,2024-08-28 12:23:00,1529.93,1529.93,1529.93,1529.93,0.0,37.63,56419.64,0
2024-08-28,2024-08-28 12:24:00,1529.93,1529.93,1529.93,1529.93,0.0,37.63,56419.64,0
2024-08-28,2024-08-28 12:25:00,1529.93,1529.93,1529.93,1529.93,0.0,37.63,56419.64,0
2024-08-28,2024-08-28 12:26:00,1529.93,1529.93,1529.93,1529.93,0.0,37.63,56419.64,0
2024-08-28,2024-08-28 12:27:00,1529.93,1529.93,1529.93,1529.93,0.0,37.63,56419.64,0
2024-08-28,2024-08-28 12:28:00,1529.93,1529.93,1529.93,1529.93,0.0,37.63,56419.64,0
2024-08-28,2024-08-28 12:29:00,1529.93,1529.93,1529.92,1529.92,-0.0,37.63,56419.64,-1
2024-08-28,2024-08-28 12:30:00,1529.92,1529.92,1529.92,1529.92,0.0,37.63,56419.64,0
2024-08-28,2024-08-28 12:31:00,1529.92,1529.92,1529.92,1529.92,0.0,37.63,56419.64,0
2024-08-28,2024-08-28 12:32:00,1529.92,1529.92,1529.92,1529.92,0.0,37.63,56419.64,0
2024-08-28,2024-08-28 12:33:00,1529.92,1529.92,1529.92,1529.92,0.0,37.63,56419.64,0
2024-08-28,2024-08-28 12:34:00,1529.92,1529.92,1529.92,1529.92,0.0,37.63,56419.64,0
2024-08-28,2024-08-28 12:35:00,1529.92,1529.92,1529.92,1529.92,0.0,37.63,56419.64,0
2024-08-28,2024-08-28 12:36:00,1529.92,1529.92,1529.92,1529.92,0.0,37.63,56419.64,0
2024-08-28,2024-08-28 12:37:00,1529.92,1529.92,1529.92,1529.92,0.0,37.63,56419.64,0
2024-08-28,2024-08-28 12:38:00,1529.92,1529.92,1529.92,1529.92,0.0,37.63,56419.64,0
2024-08-28,2024-08-28 12:39:00,1529.92,1529.92,1529.92,1529.92,0.0,37.63,56419.64,0
2024-08-28,2024-08-28 12:40:00,1529.92,1529.92,1529.92,1529.92,0.0,37.63,56419.64,0
2024-08-28,2024-08-28 12:41:00,1529.92,1529.92,1529.91,1529.91,-0.0,37.63,56419.64,-1
2024-08-28,2024-08-28 12:42:00,1529.91,1529.91,1529.91,1529.91,0.0,37.63,56419.64,0
2024-08-28,2024-08-28 12:43:00,1529.91,1529.91,1529.91,1529.91,0.0,37.63,56419.64,0
2024-08-28,2024-08-28 12:44:00,1529.91,1529.91,1529.91,1529.91,0.0,37.63,56419.64,0
2024-08-28,2024-08-28 12:45:00,1529.91,1529.91,1529.91,1529.91,0.0,37.63,56419.64,0
2024-08-28,2024-08-28 12:46:00,1529.91,1529.91,1529.91,1529.91,0.0,37.63,56419.64,0
2024-08-28,2024-08-28 12:47:00,1529.91,1529.91,1529.91,1529.91,0.0,37.63,56419.64,0
2024-08-28,2024-08-28 12:48:00,1529.91,1529.91,1529.91,1529.91,0.0,37.63,56419.64,0
2024-08-28,2024-08-28 12:49:00,1529.91,1529.91,1529.91,1529.91,0.0,37.63,56419.64,0
2024-08-28,2024-08-28 12:50:00,1529.91,1529.91,1529.91,1529.91,0.0,37.63,56419.64,0
2024-08-28,2024-08-28 12:51:00,1529.91,1529.91,1529.91,1529.91,0.0,37.63,56419.64,0
2024-08-28,2024-08-28 12:52:00,1529.91,1529.91,1529.91,1529.91,0.0,37.63,56419.64,0
2024-08-28,2024-08-28 12:53:00,1529.91,1529.91,1529.9,1529.9,-0.0,37.63,56419.64,-1
2024-08-28,2024-08-28 12:54:00,1529.9,1529.9,1529.9,1529.9,0.0,37.63,56419.64,0
2024-08-28,2024-08-28 12:55:00,1529.9,1529.9,1529.9,1529.9,0.0,37.63,56419.64,0
2024-08-28,2024-08-28 12:56:00,1529.9,1529.9,1529.9,1529.9,0.0,37.63,56419.64,0
2024-08-28,2024-08-28 12:57:00,1529.9,1529.9,1529.9,1529.9,0.0,37.63,56419.64,0
2024-08-28,2024-08-28 12:58:00,1529.9,1529.9,1529.9,1529.9,0.0,37.63,56419.64,0
2024-08-28,2024-08-28 12:59:00,1529.9,1529.9,1529.9,1529.9,0.0,37.63,56419.64,0
2024-08-28,2024-08-28 13:00:00,1529.9,1558.9,1486.0,1529.9,0.0,37.63,56419.64,0
2024-08-28,2024-08-28 13:01:00,1529.9,1529.9,1529.9,1529.9,0.0,37.63,56419.64,0
2024-08-28,2024-08-28 13:02:00,1529.9,1529.9,1529.9,1529.9,0.0,37.63,56419.64,0
2024-08-28,2024-08-28 13:03:00,1529.9,1529.9,1529.9,1529.9,0.0,37.63,56419.64,0
2024-08-28,2024-08-28 13:04:00,1529.9,1529.9,1529.9,1529.9,0.0,37.63,56419.64,0
2024-08-28,2024-08-28 13:05:00,1529.9,1529.9,1529.89,1529.89,-0.0,37.63,56419.64,-1
2024-08-28,2024-08-28 13:06:00,1529.89,1529.89,1529.89,1529.89,0.0,37.63,56419.64,0
2024-08-28,2024-08-28 13:07:00,1529.89,1529.89,1529.89,1529.89,0.0,37.63,56419.64,0
2024-08-28,2024-08-28 13:08:00,1529.89,1529.89,1529.89,1529.89,0.0,37.63,56419.64,0
2024-08-28,2024-08-28 13:09:00,1529.89,1529.89,1529.89,1529.89,0.0,37.63,56419.64,0
2024-08-28,2024-08-28 13:10:00,1529.89,1529.89,1529.89,1529.89,0.0,37.63,56419.64,0
2024-08-28,2024-08-28 13:11:00,1529.89,1529.89,1529.89,1529.89,0.0,37.63,56419.64,0
2024-08-28,2024-08-28 13:12:00,1529.89,1529.89,1529.89,1529.89,0.0,37.63,56419.64,0
2024-08-28,2024-08-28 13:13:00,1529.89,1529.89,1529.89,1529.89,0.0,37.63,56419.64,0
2024-08-28,2024-08-28 13:14:00,1529.89,1529.89,1529.89,1529.89,0.0,37.63,56419.64,0
2024-08-28,2024-08-28 13:15:00,1529.89,1529.89,1529.89,1529.89,0.0,37.63,56419.64,0
2024-08-28,2024-08-28 13:16:00,1529.89,1529.89,1529.89,1529.89,0.0,37.63,56419.64,0
2024-08-28,2024-08-28 13:17:00,1529.89,1529.89,1529.88,1529.88,-0.0,37.63,56419.64,-1
2024-08-28,2024-08-28 13:18:00,1529.88,1529.88,1529.88,1529.88,0.0,37.63,56419.64,0
2024-08-28,2024-08-28 13:19:00,1529.88,1529.88,1529.88,1529.88,0.0,37.63,56419.64,0
2024-08-28,2024-08-28 13:20:00,1529.88,1529.88,1529.88,1529.88,0.0,37.63,56419.64,0
2024-08-28,2024-08-28 13:21:00,1529.88,1529.88,1529.88,1529.88,0.0,37.63,56419.64,0
2024-08-28,2024-08-28 13:22:00,1529.88,1529.88,1529.88,1529.88,0.0,37.63,56419.64,0
2024-08-28,2024-08-28 13:23:00,1529.88,1529.88,1529.88,1529.88,0.0,37.63,56419.64,0
2024-08-28,2024-08-28 13:24:00,1529.88,1529.88,1529.88,1529.88,0.0,37.63,56419.64,0
2024-08-28,2024-08-28 13:25:00,1529.88,1529.88,1529.88,1529.88,0.0,37.63,56419.64,0
2024-08-28,2024-08-28 13:26:00,1529.88,1529.88,1529.88,1529.88,0.0,37.63,56419.64,0
2024-08-28,2024-08-28 13:27:00,1529.88,1529.88,1529.88,1529.88,0.0,37.63,56419.64,0
2024-08-28,2024-08-28 13:28:00,1529.88,1529.88,1529.88,1529.88,0.0,37.63,56419.64,0
2024-08-28,2024-08-28 13:29:00,1529.88,1529.88,1529.88,1529.88,0.0,37.63,56419.64,0
2024-08-28,2024-08-28 13:30:00,1529.88,1529.88,1529.87,1529.87,-0.0,37.63,56419.64,-1
2024-08-28,2024-08-28 13:31:00,1529.87,1529.87,1529.87,1529.87,0.0,37.63,56419.64,0
2024-08-28,2024-08-28 13:32:00,1529.87,1529.87,1529.87,1529.87,0.0,37.63,56419.64,0
2024-08-28,2024-08-28 13:33:00,1529.87,1529.87,1529.87,1529.87,0.0,37.63,56419.64,0
2024-08-28,2024-08-28 13:34:00,1529.87,1529.87,1529.87,1529.87,0.0,37.63,56419.64,0
2024-08-28,2024-08-28 13:35:00,1529.87,1529.87,1529.87,1529.87,0.0,37.63,56419.64,0
2024-08-28,2024-08-28 13:36:00,1529.87,1529.87,1529.87,1529.87,0.0,37.63,56419.64,0
2024-08-28,2024-08-28 13:37:00,1529.87,1529.87,1529.87,1529.87,0.0,37.63,56419.64,0
2024-08-28,2024-08-28 13:38:00,1529.87,1529.87,1529.87,1529.87,0.0,37.63,56419.64,0
2024-08-28,2024-08-28 13:39:00,1529.87,1529.87,1529.87,1529.87,0.0,37.63,56419.64,0
2024-08-28,2024-08-28 13:40:00,1529.87,1529.87,1529.87,1529.87,0.0,37.63,56419.64,0
2024-08-28,2024-08-28 13:41:00,1529.87,1529.87,1529.87,1529.87,0.0,37.63,56419.64,0
2024-08-28,2024-08-28 13:42:00,1529.87,1529.87,1529.86,1529.86,-0.0,37.63,56419.64,-1
2024-08-28,2024-08-28 13:43:00,1529.86,1529.86,1529.86,1529.86,0.0,37.63,56419.64,0
2024-08-28,2024-08-28 13:44:00,1529.86,1529.86,1529.86,1529.86,0.0,37.63,56419.64,0
2024-08-28,2024-08-28 13:45:00,1529.86,1529.86,1529.86,1529.86,0.0,37.63,56419.64,0
2024-08-28,2024-08-28 13:46:00,1529.86,1529.86,1529.86,1529.86,0.0,37.63,56419.64,0
2024-08-28,2024-08-28 13:47:00,1529.86,1529.86,1529.86,1529.86,0.0,37.63,56419.64,0
2024-08-28,2024-08-28 13:48:00,1529.86,1529.86,1529.86,1529.86,0.0,37.63,56419.64,0
2024-08-28,2024-08-28 13:49:00,1529.86,1529.86,1529.86,1529.86,0.0,37.63,56419.64,0
2024-08-28,2024-08-28 13:50:00,1529.86,1529.86,1529.86,1529.86,0.0,37.63,56419.64,0
2024-08-28,2024-08-28 13:51:00,1529.86,1529.86,1529.86,1529.86,0.0,37.63,56419.64,0
2024-08-28,2024-08-28 13:52:00,1529.86,1529.86,1529.86,1529.86,0.0,37.63,56419.64,0
2024-08-28,2024-08-28 13:53:00,1529.86,1529.86,1529.86,1529.86,0.0,37.63,56419.64,0
2024-08-28,2024-08-28 13:54:00,1529.86,1529.86,1529.85,1529.85,-0.0,37.63,56419.64,-1
2024-08-28,2024-08-28 13:55:00,1529.85,1529.85,1529.85,1529.85,0.0,37.63,56419.64,0
2024-08-28,2024-08-28 13:56:00,1529.85,1529.85,1529.85,1529.85,0.0,37.63,56419.64,0
2024-08-28,2024-08-28 13:57:00,1529.85,1529.85,1529.85,1529.85,0.0,37.63,56419.64,0
2024-08-28,2024-08-28 13:58:00,1529.85,1529.85,1529.85,1529.85,0.0,37.63,56419.64,0
2024-08-28,2024-08-28 13:59:00,1529.85,1529.85,1529.85,1529.85,0.0,37.63,56419.64,0
2024-08-28,2024-08-28 14:00:00,1529.85,1529.85,1529.85,1529.85,0.0,37.63,56419.64,0
2024-08-28,2024-08-28 14:01:00,1529.85,1529.85,1529.85,1529.85,0.0,37.63,56419.64,0
2024-08-28,2024-08-28 14:02:00,1529.85,1529.85,1529.85,1529.85,0.0,37.63,56419.64,0
2024-08-28,2024-08-28 14:03:00,1529.85,1529.85,1529.85,1529.85,0.0,37.63,56419.64,0
2024-08-28,2024-08-28 14:04:00,1529.85,1529.85,1529.85,1529.85,0.0,37.63,56419.64,0
2024-08-28,2024-08-28 14:05:00,1529.85,1529.85,1529.85,1529.85,0.0,37.63,56419.64,0
2024-08-28,2024-08-28 14:06:00,1529.85,1529.85,1529.84,1529.84,-0.0,37.63,56419.64,-1
2024-08-28,2024-08-28 14:07:00,1529.84,1529.84,1529.84,1529.84,0.0,37.63,56419.64,0
2024-08-28,2024-08-28 14:08:00,1529.84,1529.84,1529.84,1529.84,0.0,37.63,56419.64,0
2024-08-28,2024-08-28 14:09:00,1529.84,1529.84,1529.84,1529.84,0.0,37.63,56419.64,0
2024-08-28,2024-08-28 14:10:00,1529.84,1529.84,1529.84,1529.84,0.0,37.63,56419.64,0
2024-08-28,2024-08-28 14:11:00,1529.84,1529.84,1529.84,1529.84,0.0,37.63,56419.64,0
2024-08-28,2024-08-28 14:12:00,1529.84,1529.84,1529.84,1529.84,0.0,37.63,56419.64,0
2024-08-28,2024-08-28 14:13:00,1529.84,1529.84,1529.84,1529.84,0.0,37.63,56419.64,0
2024-08-28,2024-08-28 14:14:00,1529.84,1529.84,1529.84,1529.84,0.0,37.63,56419.64,0
2024-08-28,2024-08-28 14:15:00,1529.84,1529.84,1529.84,1529.84,0.0,37.63,56419.64,0
2024-08-28,2024-08-28 14:16:00,1529.84,1529.84,1529.84,1529.84,0.0,37.63,56419.64,0
2024-08-28,2024-08-28 14:17:00,1529.84,1529.84,1529.84,1529.84,0.0,37.63,56419.64,0
2024-08-28,2024-08-28 14:18:00,1529.84,1529.84,1529.83,1529.83,-0.0,37.63,56419.64,-1
2024-08-28,2024-08-28 14:19:00,1529.83,1529.83,1529.83,1529.83,0.0,37.63,56419.64,0
2024-08-28,2024-08-28 14:20:00,1529.83,1529.83,1529.83,1529.83,0.0,37.63,56419.64,0
2024-08-28,2024-08-28 14:21:00,1529.83,1529.83,1529.83,1529.83,0.0,37.63,56419.64,0
2024-08-28,2024-08-28 14:22:00,1529.83,1529.83,1529.83,1529.83,0.0,37.63,56419.64,0
2024-08-28,2024-08-28 14:23:00,1529.83,1529.83,1529.83,1529.83,0.0,37.63,56419.64,0
2024-08-28,2024-08-28 14:24:00,1529.83,1529.83,1529.83,1529.83,0.0,37.63,56419.64,0
2024-08-28,2024-08-28 14:25:00,1529.83,1529.83,1529.83,1529.83,0.0,37.63,56419.64,0
2024-08-28,2024-08-28 14:26:00,1529.83,1529.83,1529.83,1529.83,0.0,37.63,56419.64,0
2024-08-28,2024-08-28 14:27:00,1529.83,1529.83,1529.83,1529.83,0.0,37.63,56419.64,0
2024-08-28,2024-08-28 14:28:00,1529.83,1529.83,1529.83,1529.83,0.0,37.63,56419.64,0
2024-08-28,2024-08-28 14:29:00,1529.83,1529.83,1529.83,1529.83,0.0,37.63,56419.64,0
2024-08-28,2024-08-28 14:30:00,1529.83,1529.83,1529.82,1529.82,-0.0,37.63,56419.64,-1
2024-08-28,2024-08-28 14:31:00,1529.82,1529.82,1529.82,1529.82,0.0,37.63,56419.64,0
2024-08-28,2024-08-28 14:32:00,1529.82,1529.82,1529.82,1529.82,0.0,37.63,56419.64,0
2024-08-28,2024-08-28 14:33:00,1529.82,1529.82,1529.82,1529.82,0.0,37.63,56419.64,0
2024-08-28,2024-08-28 14:34:00,1529.82,1529.82,1529.82,1529.82,0.0,37.63,56419.64,0
2024-08-28,2024-08-28 14:35:00,1529.82,1529.82,1529.82,1529.82,0.0,37.63,56419.64,0
2024-08-28,2024-08-28 14:36:00,1529.82,1529.82,1529.82,1529.82,0.0,37.63,56419.64,0
2024-08-28,2024-08-28 14:37:00,1529.82,1529.82,1529.82,1529.82,0.0,37.63,56419.64,0
2024-08-28,2024-08-28 14:38:00,1529.82,1529.82,1529.82,1529.82,0.0,37.63,56419.64,0
2024-08-28,2024-08-28 14:39:00,1529.82,1529.82,1529.82,1529.82,0.0,37.63,56419.64,0
2024-08-28,2024-08-28 14:40:00,1529.82,1529.82,1529.82,1529.82,0.0,37.63,56419.64,0
2024-08-28,2024-08-28 14:41:00,1529.82,1529.82,1529.82,1529.82,0.0,37.63,56419.64,0
2024-08-28,2024-08-28 14:42:00,1529.82,1529.82,1529.81,1529.81,-0.0,37.63,56419.64,-1
2024-08-28,2024-08-28 14:43:00,1529.81,1529.81,1529.81,1529.81,0.0,37.63,56419.64,0
2024-08-28,2024-08-28 14:44:00,1529.81,1529.81,1529.81,1529.81,0.0,37.63,56419.64,0
2024-08-28,2024-08-28 14:45:00,1529.81,1529.81,1529.81,1529.81,0.0,37.63,56419.64,0
2024-08-28,2024-08-28 14:46:00,1529.81,1529.81,1529.81,1529.81,0.0,37.63,56419.64,0
2024-08-28,2024-08-28 14:47:00,1529.81,1529.81,1529.81,1529.81,0.0,37.63,56419.64,0
2024-08-28,2024-08-28 14:48:00,1529.81,1529.81,1529.81,1529.81,0.0,37.63,56419.64,0
2024-08-28,2024-08-28 14:49:00,1529.81,1529.81,1529.81,1529.81,0.0,37.63,56419.64,0
2024-08-28,2024-08-28 14:50:00,1529.81,1529.81,1529.81,1529.81,0.0,37.63,56419.64,0
2024-08-28,2024-08-28 14:51:00,1529.81,1529.81,1529.81,1529.81,0.0,37.63,56419.64,0
2024-08-28,2024-08-28 14:52:00,1529.81,1529.81,1529.81,1529.81,0.0,37.63,56419.64,0
2024-08-28,2024-08-28 14:53:00,1529.81,1529.81,1529.81,1529.81,0.0,37.63,56419.64,0
2024-08-28,2024-08-28 14:54:00,1529.81,1529.81,1529.8,1529.8,-0.0,37.63,56419.64,-1
2024-08-28,2024-08-28 14:55:00,1529.8,1529.8,1529.8,1529.8,0.0,37.63,56419.64,0
2024-08-28,2024-08-28 14:56:00,1529.8,1529.8,1529.8,1529.8,0.0,37.63,56419.64,0
2024-08-28,2024-08-28 14:57:00,1529.8,1529.8,1529.8,1529.8,0.0,37.63,56419.64,0
2024-08-28,2024-08-28 14:58:00,1529.8,1529.8,1529.8,1529.8,0.0,37.63,56419.64,0
2024-08-28,2024-08-28 14:59:00,1529.8,1529.8,1529.8,1529.8,0.0,37.63,56419.64,0
2024-08-28,2024-08-28 15:00:00,1529.8,1558.9,1486.0,1529.8,0.0,37.63,56419.64,0
2024-08-29,2024-08-29 11:00:00,1500.0,1505.7,1496.43,1499.98,-0.0,15.29,22898.41,-1
2024-08-29,2024-08-29 11:01:00,1499.98,1499.98,1499.96,1499.96,-0.0,15.29,22898.41,-1
2024-08-29,2024-08-29 11:02:00,1499.96,1499.96,1499.94,1499.94,-0.0,15.29,22898.41,-1
2024-08-29,2024-08-29 11:03:00,1499.94,1499.94,1499.92,1499.92,-0.0,15.29,22898.41,-1
2024-08-29,2024-08-29 11:04:00,1499.92,1499.92,1499.9,1499.9,-0.0,15.29,22898.41,-1
2024-08-29,2024-08-29 11:05:00,1499.9,1499.9,1499.88,1499.88,-0.0,15.29,22898.41,-1
2024-08-29,2024-08-29 11:06:00,1499.88,1499.88,1499.85,1499.85,-0.0,15.29,22898.41,-1
2024-08-29,2024-08-29 11:07:00,1499.85,1499.85,1499.83,1499.83,-0.0,15.29,22898.41,-1
2024-08-29,2024-08-29 11:08:00,1499.83,1499.83,1499.81,1499.81,-0.0,15.29,22898.41,-1
2024-08-29,2024-08-29 11:09:00,1499.81,1499.81,1499.79,1499.79,-0.0,15.29,22898.41,-1
2024-08-29,2024-08-29 11:10:00,1499.79,1499.79,1499.77,1499.77,-0.0,15.29,22898.41,-1
2024-08-29,2024-08-29 11:11:00,1499.77,1499.77,1499.75,1499.75,-0.0,15.29,22898.41,-1
2024-08-29,2024-08-29 11:12:00,1499.75,1499.75,1499.73,1499.73,-0.0,15.29,22898.41,-1
2024-08-29,2024-08-29 11:13:00,1499.73,1499.73,1499.71,1499.71,-0.0,15.29,22898.41,-1
2024-08-29,2024-08-29 11:14:00,1499.71,1499.71,1499.69,1499.69,-0.0,15.29,22898.41,-1
2024-08-29,2024-08-29 11:15:00,1499.69,1499.69,1499.67,1499.67,-0.0,15.29,22898.41,-1
2024-08-29,2024-08-29 11:16:00,1499.67,1499.67,1499.65,1499.65,-0.0,15.29,22898.41,-1
2024-08-29,2024-08-29 11:17:00,1499.65,1499.65,1499.62,1499.62,-0.0,15.29,22898.41,-1
2024-08-29,2024-08-29 11:18:00,1499.62,1499.62,1499.6,1499.6,-0.0,15.29,22898.41,-1
2024-08-29,2024-08-29 11:19:00,1499.6,1499.6,1499.58,1499.58,-0.0,15.29,22898.41,-1
2024-08-29,2024-08-29 11:20:00,1499.58,1499.58,1499.56,1499.56,-0.0,15.29,22898.41,-1
2024-08-29,2024-08-29 11:21:00,1499.56,1499.56,1499.54,1499.54,-0.0,15.29,22898.41,-1
2024-08-29,2024-08-29 11:22:00,1499.54,1499.54,1499.52,1499.52,-0.0,15.29,22898.41,-1
2024-08-29,2024-08-29 11:23:00,1499.52,1499.52,1499.5,1499.5,-0.0,15.29,22898.41,-1
2024-08-29,2024-08-29 11:24:00,1499.5,1499.5,1499.48,1499.48,-0.0,15.29,22898.41,-1
2024-08-29,2024-08-29 11:25:00,1499.48,1499.48,1499.46,1499.46,-0.0,15.29,22898.41,-1
2024-08-29,2024-08-29 11:26:00,1499.46,1499.46,1499.44,1499.44,-0.0,15.29,22898.41,-1
2024-08-29,2024-08-29 11:27:00,1499.44,1499.44,1499.42,1499.42,-0.0,15.29,22898.41,-1
2024-08-29,2024-08-29 11:28:00,1499.42,1499.42,1499.4,1499.4,-0.0,15.29,22898.41,-1
2024-08-29,2024-08-29 11:29:00,1499.4,1499.4,1499.38,1499.38,-0.0,15.29,22898.41,-1
2024-08-29,2024-08-29 11:30:00,1499.38,1499.38,1499.35,1499.35,-0.0,15.29,22898.41,-1
2024-08-29,2024-08-29 11:31:00,1499.35,1499.35,1499.33,1499.33,-0.0,15.29,22898.41,-1
2024-08-29,2024-08-29 11:32:00,1499.33,1499.33,1499.31,1499.31,-0.0,15.29,22898.41,-1
2024-08-29,2024-08-29 11:33:00,1499.31,1499.31,1499.29,1499.29,-0.0,15.29,22898.41,-1
2024-08-29,2024-08-29 11:34:00,1499.29,1499.29,1499.27,1499.27,-0.0,15.29,22898.41,-1
2024-08-29,2024-08-29 11:35:00,1499.27,1499.27,1499.25,1499.25,-0.0,15.29,22898.41,-1
2024-08-29,2024-08-29 11:36:00,1499.25,1499.25,1499.23,1499.23,-0.0,15.29,22898.41,-1
2024-08-29,2024-08-29 11:37:00,1499.23,1499.23,1499.21,1499.21,-0.0,15.29,22898.41,-1
2024-08-29,2024-08-29 11:38:00,1499.21,1499.21,1499.19,1499.19,-0.0,15.29,22898.41,-1
2024-08-29,2024-08-29 11:39:00,1499.19,1499.19,1499.17,1499.17,-0.0,15.29,22898.41,-1
2024-08-29,2024-08-29 11:40:00,1499.17,1499.17,1499.15,1499.15,-0.0,15.29,22898.41,-1
2024-08-29,2024-08-29 11:41:00,1499.15,1499.15,1499.12,1499.12,-0.0,15.29,22898.41,-1
2024-08-29,2024-08-29 11:42:00,1499.12,1499.12,1499.1,1499.1,-0.0,15.29,22898.41,-1
2024-08-29,2024-08-29 11:43:00,1499.1,1499.1,1499.08,1499.08,-0.0,15.29,22898.41,-1
2024-08-29,2024-08-29 11:44:00,1499.08,1499.08,1499.06,1499.06,-0.0,15.29,22898.41,-1
2024-08-29,2024-08-29 11:45:00,1499.06,1499.06,1499.04,1499.04,-0.0,15.29,22898.41,-1
2024-08-29,2024-08-29 11:46:00,1499.04,1499.04,1499.02,1499.02,-0.0,15.29,22898.41,-1
2024-08-29,2024-08-29 11:47:00,1499.02,1499.02,1499.0,1499.0,-0.0,15.29,22898.41,-1
2024-08-29,2024-08-29 11:48:00,1499.0,1499.0,1498.98,1498.98,-0.0,15.29,22898.41,-1
2024-08-29,2024-08-29 11:49:00,1498.98,1498.98,1498.96,1498.96,-0.0,15.29,22898.41,-1
2024-08-29,2024-08-29 11:50:00,1498.96,1498.96,1498.94,1498.94,-0.0,15.29,22898.41,-1
2024-08-29,2024-08-29 11:51:00,1498.94,1498.94,1498.92,1498.92,-0.0,15.29,22898.41,-1
2024-08-29,2024-08-29 11:52:00,1498.92,1498.92,1498.9,1498.9,-0.0,15.29,22898.41,-1
2024-08-29,2024-08-29 11:53:00,1498.9,1498.9,1498.88,1498.88,-0.0,15.29,22898.41,-1
2024-08-29,2024-08-29 11:54:00,1498.88,1498.88,1498.85,1498.85,-0.0,15.29,22898.41,-1
2024-08-29,2024-08-29 11:55:00,1498.85,1498.85,1498.83,1498.83,-0.0,15.29,22898.41,-1
2024-08-29,2024-08-29 11:56:00,1498.83,1498.83,1498.81,1498.81,-0.0,15.29,22898.41,-1
2024-08-29,2024-08-29 11:57:00,1498.81,1498.81,1498.79,1498.79,-0.0,15.29,22898.41,-1
2024-08-29,2024-08-29 11:58:00,1498.79,1498.79,1498.77,1498.77,-0.0,15.29,22898.41,-1
2024-08-29,2024-08-29 11:59:00,1498.77,1498.77,1498.75,1498.75,-0.0,15.29,22898.41,-1
2024-08-29,2024-08-29 12:00:00,1498.75,1498.75,1498.73,1498.73,-0.0,15.29,22898.41,-1
2024-08-29,2024-08-29 12:01:00,1498.73,1498.73,1498.71,1498.71,-0.0,15.29,22898.41,-1
2024-08-29,2024-08-29 12:02:00,1498.71,1498.71,1498.69,1498.69,-0.0,15.29,22898.41,-1
2024-08-29,2024-08-29 12:03:00,1498.69,1498.69,1498.67,1498.67,-0.0,15.29,22898.41,-1
2024-08-29,2024-08-29 12:04:00,1498.67,1498.67,1498.65,1498.65,-0.0,15.29,22898.41,-1
2024-08-29,2024-08-29 12:05:00,1498.65,1498.65,1498.62,1498.62,-0.0,15.29,22898.41,-1
2024-08-29,2024-08-29 12:06:00,1498.62,1498.62,1498.6,1498.6,-0.0,15.29,22898.41,-1
2024-08-29,2024-08-29 12:07:00,1498.6,1498.6,1498.58,1498.58,-0.0,15.29,22898.41,-1
2024-08-29,2024-08-29 12:08:00,1498.58,1498.58,1498.56,1498.56,-0.0,15.29,22898.41,-1
2024-08-29,2024-08-29 12:09:00,1498.56,1498.56,1498.54,1498.54,-0.0,15.29,22898.41,-1
2024-08-29,2024-08-29 12:10:00,1498.54,1498.54,1498.52,1498.52,-0.0,15.29,22898.41,-1
2024-08-29,2024-08-29 12:11:00,1498.52,1498.52,1498.5,1498.5,-0.0,15.29,22898.41,-1
2024-08-29,2024-08-29 12:12:00,1498.5,1498.5,1498.48,1498.48,-0.0,15.29,22898.41,-1
2024-08-29,2024-08-29 12:13:00,1498.48,1498.48,1498.46,1498.46,-0.0,15.29,22898.41,-1
2024-08-29,2024-08-29 12:14:00,1498.46,1498.46,1498.44,1498.44,-0.0,15.29,22898.41,-1
2024-08-29,2024-08-29 12:15:00,1498.44,1498.44,1498.42,1498.42,-0.0,15.29,22898.41,-1
2024-08-29,2024-08-29 12:16:00,1498.42,1498.42,1498.4,1498.4,-0.0,15.29,22898.41,-1
2024-08-29,2024-08-29 12:17:00,1498.4,1498.4,1498.38,1498.38,-0.0,15.29,22898.41,-1
2024-08-29,2024-08-29 12:18:00,1498.38,1498.38,1498.35,1498.35,-0.0,15.29,22898.41,-1
2024-08-29,2024-08-29 12:19:00,1498.35,1498.35,1498.33,1498.33,-0.0,15.29,22898.41,-1
2024-08-29,2024-08-29 12:20:00,1498.33,1498.33,1498.31,1498.31,-0.0,15.29,22898.41,-1
2024-08-29,2024-08-29 12:21:00,1498.31,1498.31,1498.29,1498.29,-0.0,15.29,22898.41,-1
2024-08-29,2024-08-29 12:22:00,1498.29,1498.29,1498.27,1498.27,-0.0,15.29,22898.41,-1
2024-08-29,2024-08-29 12:23:00,1498.27,1498.27,1498.25,1498.25,-0.0,15.29,22898.41,-1
2024-08-29,2024-08-29 12:24:00,1498.25,1498.25,1498.23,1498.23,-0.0,15.29,22898.41,-1
2024-08-29,2024-08-29 12:25:00,1498.23,1498.23,1498.21,1498.21,-0.0,15.29,22898.41,-1
2024-08-29,2024-08-29 12:26:00,1498.21,1498.21,1498.19,1498.19,-0.0,15.29,22898.41,-1
2024-08-29,2024-08-29 12:27:00,1498.19,1498.19,1498.17,1498.17,-0.0,15.29,22898.41,-1
2024-08-29,2024-08-29 12:28:00,1498.17,1498.17,1498.15,1498.15,-0.0,15.29,22898.41,-1
2024-08-29,2024-08-29 12:29:00,1498.15,1498.15,1498.12,1498.12,-0.0,15.29,22898.41,-1
2024-08-29,2024-08-29 12:30:00,1498.12,1498.12,1498.1,1498.1,-0.0,15.29,22898.41,-1
2024-08-29,2024-08-29 12:31:00,1498.1,1498.1,1498.08,1498.08,-0.0,15.29,22898.41,-1
2024-08-29,2024-08-29 12:32:00,1498.08,1498.08,1498.06,1498.06,-0.0,15.29,22898.41,-1
2024-08-29,2024-08-29 12:33:00,1498.06,1498.06,1498.04,1498.04,-0.0,15.29,22898.41,-1
2024-08-29,2024-08-29 12:34:00,1498.04,1498.04,1498.02,1498.02,-0.0,15.29,22898.41,-1
2024-08-29,2024-08-29 12:35:00,1498.02,1498.02,1498.0,1498.0,-0.0,15.29,22898.41,-1
2024-08-29,2024-08-29 12:36:00,1498.0,1498.0,1497.98,1497.98,-0.0,15.29,22898.41,-1
2024-08-29,2024-08-29 12:37:00,1497.98,1497.98,1497.96,1497.96,-0.0,15.29,22898.41,-1
2024-08-29,2024-08-29 12:38:00,1497.96,1497.96,1497.94,1497.94,-0.0,15.29,22898.41,-1
2024-08-29,2024-08-29 12:39:00,1497.94,1497.94,1497.92,1497.92,-0.0,15.29,22898.41,-1
2024-08-29,2024-08-29 12:40:00,1497.92,1497.92,1497.9,1497.9,-0.0,15.29,22898.41,-1
2024-08-29,2024-08-29 12:41:00,1497.9,1497.9,1497.88,1497.88,-0.0,15.29,22898.41,-1
2024-08-29,2024-08-29 12:42:00,1497.88,1497.88,1497.85,1497.85,-0.0,15.29,22898.41,-1
2024-08-29,2024-08-29 12:43:00,1497.85,1497.85,1497.83,1497.83,-0.0,15.29,22898.41,-1
2024-08-29,2024-08-29 12:44:00,1497.83,1497.83,1497.81,1497.81,-0.0,15.29,22898.41,-1
2024-08-29,2024-08-29 12:45:00,1497.81,1497.81,1497.79,1497.79,-0.0,15.29,22898.41,-1
2024-08-29,2024-08-29 12:46:00,1497.79,1497.79,1497.77,1497.77,-0.0,15.29,22898.41,-1
2024-08-29,2024-08-29 12:47:00,1497.77,1497.77,1497.75,1497.75,-0.0,15.29,22898.41,-1
2024-08-29,2024-08-29 12:48:00,1497.75,1497.75,1497.73,1497.73,-0.0,15.29,22898.41,-1
2024-08-29,2024-08-29 12:49:00,1497.73,1497.73,1497.71,1497.71,-0.0,15.29,22898.41,-1
2024-08-29,2024-08-29 12:50:00,1497.71,1497.71,1497.69,1497.69,-0.0,15.29,22898.41,-1
2024-08-29,2024-08-29 12:51:00,1497.69,1497.69,1497.67,1497.67,-0.0,15.29,22898.41,-1
2024-08-29,2024-08-29 12:52:00,1497.67,1497.67,1497.65,1497.65,-0.0,15.29,22898.41,-1
2024-08-29,2024-08-29 12:53:00,1497.65,1497.65,1497.62,1497.62,-0.0,15.29,22898.41,-1
2024-08-29,2024-08-29 12:54:00,1497.62,1497.62,1497.6,1497.6,-0.0,15.29,22898.41,-1
2024-08-29,2024-08-29 12:55:00,1497.6,1497.6,1497.58,1497.58,-0.0,15.29,22898.41,-1
2024-08-29,2024-08-29 12:56:00,1497.58,1497.58,1497.56,1497.56,-0.0,15.29,22898.41,-1
2024-08-29,2024-08-29 12:57:00,1497.56,1497.56,1497.54,1497.54,-0.0,15.29,22898.41,-1
2024-08-29,2024-08-29 12:58:00,1497.54,1497.54,1497.52,1497.52,-0.0,15.29,22898.41,-1
2024-08-29,2024-08-29 12:59:00,1497.52,1497.52,1497.5,1497.5,-0.0,15.29,22898.41,-1
2024-08-29,2024-08-29 13:00:00,1497.5,1519.0,1488.1,1497.48,-0.0,15.29,22898.41,-1
2024-08-29,2024-08-29 13:01:00,1497.48,1497.48,1497.46,1497.46,-0.0,15.29,22898.41,-1
2024-08-29,2024-08-29 13:02:00,1497.46,1497.46,1497.44,1497.44,-0.0,15.29,22898.41,-1
2024-08-29,2024-08-29 13:03:00,1497.44,1497.44,1497.42,1497.42,-0.0,15.29,22898.41,-1
2024-08-29,2024-08-29 13:04:00,1497.42,1497.42,1497.4,1497.4,-0.0,15.29,22898.41,-1
2024-08-29,2024-08-29 13:05:00,1497.4,1497.4,1497.38,1497.38,-0.0,15.29,22898.41,-1
2024-08-29,2024-08-29 13:06:00,1497.38,1497.38,1497.35,1497.35,-0.0,15.29,22898.41,-1
2024-08-29,2024-08-29 13:07:00,1497.35,1497.35,1497.33,1497.33,-0.0,15.29,22898.41,-1
2024-08-29,2024-08-29 13:08:00,1497.33,1497.33,1497.31,1497.31,-0.0,15.29,22898.41,-1
2024-08-29,2024-08-29 13:09:00,1497.31,1497.31,1497.29,1497.29,-0.0,15.29,22898.41,-1
2024-08-29,2024-08-29 13:10:00,1497.29,1497.29,1497.27,1497.27,-0.0,15.29,22898.41,-1
2024-08-29,2024-08-29 13:11:00,1497.27,1497.27,1497.25,1497.25,-0.0,15.29,22898.41,-1
2024-08-29,2024-08-29 13:12:00,1497.25,1497.25,1497.23,1497.23,-0.0,15.29,22898.41,-1
2024-08-29,2024-08-29 13:13:00,1497.23,1497.23,1497.21,1497.21,-0.0,15.29,22898.41,-1
2024-08-29,2024-08-29 13:14:00,1497.21,1497.21,1497.19,1497.19,-0.0,15.29,22898.41,-1
2024-08-29,2024-08-29 13:15:00,1497.19,1497.19,1497.17,1497.17,-0.0,15.29,22898.41,-1
2024-08-29,2024-08-29 13:16:00,1497.17,1497.17,1497.15,1497.15,-0.0,15.29,22898.41,-1
2024-08-29,2024-08-29 13:17:00,1497.15,1497.15,1497.12,1497.12,-0.0,15.29,22898.41,-1
2024-08-29,2024-08-29 13:18:00,1497.12,1497.12,1497.1,1497.1,-0.0,15.29,22898.41,-1
2024-08-29,2024-08-29 13:19:00,1497.1,1497.1,1497.08,1497.08,-0.0,15.29,22898.41,-1
2024-08-29,2024-08-29 13:20:00,1497.08,1497.08,1497.06,1497.06,-0.0,15.29,22898.41,-1
2024-08-29,2024-08-29 13:21:00,1497.06,1497.06,1497.04,1497.04,-0.0,15.29,22898.41,-1
2024-08-29,2024-08-29 13:22:00,1497.04,1497.04,1497.02,1497.02,-0.0,15.29,22898.41,-1
2024-08-29,2024-08-29 13:23:00,1497.02,1497.02,1497.0,1497.0,-0.0,15.29,22898.41,-1
2024-08-29,2024-08-29 13:24:00,1497.0,1497.0,1496.98,1496.98,-0.0,15.29,22898.41,-1
2024-08-29,2024-08-29 13:25:00,1496.98,1496.98,1496.96,1496.96,-0.0,15.29,22898.41,-1
2024-08-29,2024-08-29 13:26:00,1496.96,1496.96,1496.94,1496.94,-0.0,15.29,22898.41,-1
2024-08-29,2024-08-29 13:27:00,1496.94,1496.94,1496.92,1496.92,-0.0,15.29,22898.41,-1
2024-08-29,2024-08-29 13:28:00,1496.92,1496.92,1496.9,1496.9,-0.0,15.29,22898.41,-1
2024-08-29,2024-08-29 13:29:00,1496.9,1496.9,1496.88,1496.88,-0.0,15.29,22898.41,-1
2024-08-29,2024-08-29 13:30:00,1496.88,1496.88,1496.85,1496.85,-0.0,15.29,22898.41,-1
2024-08-29,2024-08-29 13:31:00,1496.85,1496.85,1496.83,1496.83,-0.0,15.29,22898.41,-1
2024-08-29,2024-08-29 13:32:00,1496.83,1496.83,1496.81,1496.81,-0.0,15.29,22898.41,-1
2024-08-29,2024-08-29 13:33:00,1496.81,1496.81,1496.79,1496.79,-0.0,15.29,22898.41,-1
2024-08-29,2024-08-29 13:34:00,1496.79,1496.79,1496.77,1496.77,-0.0,15.29,22898.41,-1
2024-08-29,2024-08-29 13:35:00,1496.77,1496.77,1496.75,1496.75,-0.0,15.29,22898.41,-1
2024-08-29,2024-08-29 13:36:00,1496.75,1496.75,1496.73,1496.73,-0.0,15.29,22898.41,-1
2024-08-29,2024-08-29 13:37:00,1496.73,1496.73,1496.71,1496.71,-0.0,15.29,22898.41,-1
2024-08-29,2024-08-29 13:38:00,1496.71,1496.71,1496.69,1496.69,-0.0,15.29,22898.41,-1
2024-08-29,2024-08-29 13:39:00,1496.69,1496.69,1496.67,1496.67,-0.0,15.29,22898.41,-1
2024-08-29,2024-08-29 13:40:00,1496.67,1496.67,1496.65,1496.65,-0.0,15.29,22898.41,-1
2024-08-29,2024-08-29 13:41:00,1496.65,1496.65,1496.62,1496.62,-0.0,15.29,22898.41,-1
2024-08-29,2024-08-29 13:42:00,1496.62,1496.62,1496.6,1496.6,-0.0,15.29,22898.41,-1
2024-08-29,2024-08-29 13:43:00,1496.6,1496.6,1496.58,1496.58,-0.0,15.29,22898.41,-1
2024-08-29,2024-08-29 13:44:00,1496.58,1496.58,1496.56,1496.56,-0.0,15.29,22898.41,-1
2024-08-29,2024-08-29 13:45:00,1496.56,1496.56,1496.54,1496.54,-0.0,15.29,22898.41,-1
2024-08-29,2024-08-29 13:46:00,1496.54,1496.54,1496.52,1496.52,-0.0,15.29,22898.41,-1
2024-08-29,2024-08-29 13:47:00,1496.52,1496.52,1496.5,1496.5,-0.0,15.29,22898.41,-1
2024-08-29,2024-08-29 13:48:00,1496.5,1496.5,1496.48,1496.48,-0.0,15.29,22898.41,-1
2024-08-29,2024-08-29 13:49:00,1496.48,1496.48,1496.46,1496.46,-0.0,15.29,22898.41,-1
2024-08-29,2024-08-29 13:50:00,1496.46,1496.46,1496.44,1496.44,-0.0,15.29,22898.41,-1
2024-08-29,2024-08-29 13:51:00,1496.44,1496.44,1496.42,1496.42,-0.0,15.29,22898.41,-1
2024-08-29,2024-08-29 13:52:00,1496.42,1496.42,1496.4,1496.4,-0.0,15.29,22898.41,-1
2024-08-29,2024-08-29 13:53:00,1496.4,1496.4,1496.38,1496.38,-0.0,15.29,22898.41,-1
2024-08-29,2024-08-29 13:54:00,1496.38,1496.38,1496.35,1496.35,-0.0,15.29,22898.41,-1
2024-08-29,2024-08-29 13:55:00,1496.35,1496.35,1496.33,1496.33,-0.0,15.29,22898.41,-1
2024-08-29,2024-08-29 13:56:00,1496.33,1496.33,1496.31,1496.31,-0.0,15.29,22898.41,-1
2024-08-29,2024-08-29 13:57:00,1496.31,1496.31,1496.29,1496.29,-0.0,15.29,22898.41,-1
2024-08-29,2024-08-29 13:58:00,1496.29,1496.29,1496.27,1496.27,-0.0,15.29,22898.41,-1
2024-08-29,2024-08-29 13:59:00,1496.27,1496.27,1496.25,1496.25,-0.0,15.29,22898.41,-1
2024-08-29,2024-08-29 14:00:00,1496.25,1496.25,1496.23,1496.23,-0.0,15.29,22898.41,-1
2024-08-29,2024-08-29 14:01:00,1496.23,1496.23,1496.21,1496.21,-0.0,15.29,22898.41,-1
2024-08-29,2024-08-29 14:02:00,1496.21,1496.21,1496.19,1496.19,-0.0,15.29,22898.41,-1
2024-08-29,2024-08-29 14:03:00,1496.19,1496.19,1496.17,1496.17,-0.0,15.29,22898.41,-1
2024-08-29,2024-08-29 14:04:00,1496.17,1496.17,1496.15,1496.15,-0.0,15.29,22898.41,-1
2024-08-29,2024-08-29 14:05:00,1496.15,1496.15,1496.12,1496.12,-0.0,15.29,22898.41,-1
2024-08-29,2024-08-29 14:06:00,1496.12,1496.12,1496.1,1496.1,-0.0,15.29,22898.41,-1
2024-08-29,2024-08-29 14:07:00,1496.1,1496.1,1496.08,1496.08,-0.0,15.29,22898.41,-1
2024-08-29,2024-08-29 14:08:00,1496.08,1496.08,1496.06,1496.06,-0.0,15.29,22898.41,-1
2024-08-29,2024-08-29 14:09:00,1496.06,1496.06,1496.04,1496.04,-0.0,15.29,22898.41,-1
2024-08-29,2024-08-29 14:10:00,1496.04,1496.04,1496.02,1496.02,-0.0,15.29,22898.41,-1
2024-08-29,2024-08-29 14:11:00,1496.02,1496.02,1496.0,1496.0,-0.0,15.29,22898.41,-1
2024-08-29,2024-08-29 14:12:00,1496.0,1496.0,1495.98,1495.98,-0.0,15.29,22898.41,-1
2024-08-29,2024-08-29 14:13:00,1495.98,1495.98,1495.96,1495.96,-0.0,15.29,22898.41,-1
2024-08-29,2024-08-29 14:14:00,1495.96,1495.96,1495.94,1495.94,-0.0,15.29,22898.41,-1
2024-08-29,2024-08-29 14:15:00,1495.94,1495.94,1495.92,1495.92,-0.0,15.29,22898.41,-1
2024-08-29,2024-08-29 14:16:00,1495.92,1495.92,1495.9,1495.9,-0.0,15.29,22898.41,-1
2024-08-29,2024-08-29 14:17:00,1495.9,1495.9,1495.88,1495.88,-0.0,15.29,22898.41,-1
2024-08-29,2024-08-29 14:18:00,1495.88,1495.88,1495.85,1495.85,-0.0,15.29,22898.41,-1
2024-08-29,2024-08-29 14:19:00,1495.85,1495.85,1495.83,1495.83,-0.0,15.29,22898.41,-1
2024-08-29,2024-08-29 14:20:00,1495.83,1495.83,1495.81,1495.81,-0.0,15.29,22898.41,-1
2024-08-29,2024-08-29 14:21:00,1495.81,1495.81,1495.79,1495.79,-0.0,15.29,22898.41,-1
2024-08-29,2024-08-29 14:22:00,1495.79,1495.79,1495.77,1495.77,-0.0,15.29,22898.41,-1
2024-08-29,2024-08-29 14:23:00,1495.77,1495.77,1495.75,1495.75,-0.0,15.29,22898.41,-1
2024-08-29,2024-08-29 14:24:00,1495.75,1495.75,1495.73,1495.73,-0.0,15.29,22898.41,-1
2024-08-29,2024-08-29 14:25:00,1495.73,1495.73,1495.71,1495.71,-0.0,15.29,22898.41,-1
2024-08-29,2024-08-29 14:26:00,1495.71,1495.71,1495.69,1495.69,-0.0,15.29,22898.41,-1
2024-08-29,2024-08-29 14:27:00,1495.69,1495.69,1495.67,1495.67,-0.0,15.29,22898.41,-1
2024-08-29,2024-08-29 14:28:00,1495.67,1495.67,1495.65,1495.65,-0.0,15.29,22898.41,-1
2024-08-29,2024-08-29 14:29:00,1495.65,1495.65,1495.62,1495.62,-0.0,15.29,22898.41,-1
2024-08-29,2024-08-29 14:30:00,1495.62,1495.62,1495.6,1495.6,-0.0,15.29,22898.41,-1
2024-08-29,2024-08-29 14:31:00,1495.6,1495.6,1495.58,1495.58,-0.0,15.29,22898.41,-1
2024-08-29,2024-08-29 14:32:00,1495.58,1495.58,1495.56,1495.56,-0.0,15.29,22898.41,-1
2024-08-29,2024-08-29 14:33:00,1495.56,1495.56,1495.54,1495.54,-0.0,15.29,22898.41,-1
2024-08-29,2024-08-29 14:34:00,1495.54,1495.54,1495.52,1495.52,-0.0,15.29,22898.41,-1
2024-08-29,2024-08-29 14:35:00,1495.52,1495.52,1495.5,1495.5,-0.0,15.29,22898.41,-1
2024-08-29,2024-08-29 14:36:00,1495.5,1495.5,1495.48,1495.48,-0.0,15.29,22898.41,-1
2024-08-29,2024-08-29 14:37:00,1495.48,1495.48,1495.46,1495.46,-0.0,15.29,22898.41,-1
2024-08-29,2024-08-29 14:38:00,1495.46,1495.46,1495.44,1495.44,-0.0,15.29,22898.41,-1
2024-08-29,2024-08-29 14:39:00,1495.44,1495.44,1495.42,1495.42,-0.0,15.29,22898.41,-1
2024-08-29,2024-08-29 14:40:00,1495.42,1495.42,1495.4,1495.4,-0.0,15.29,22898.41,-1
2024-08-29,2024-08-29 14:41:00,1495.4,1495.4,1495.38,1495.38,-0.0,15.29,22898.41,-1
2024-08-29,2024-08-29 14:42:00,1495.38,1495.38,1495.35,1495.35,-0.0,15.29,22898.41,-1
2024-08-29,2024-08-29 14:43:00,1495.35,1495.35,1495.33,1495.33,-0.0,15.29,22898.41,-1
2024-08-29,2024-08-29 14:44:00,1495.33,1495.33,1495.31,1495.31,-0.0,15.29,22898.41,-1
2024-08-29,2024-08-29 14:45:00,1495.31,1495.31,1495.29,1495.29,-0.0,15.29,22898.41,-1
2024-08-29,2024-08-29 14:46:00,1495.29,1495.29,1495.27,1495.27,-0.0,15.29,22898.41,-1
2024-08-29,2024-08-29 14:47:00,1495.27,1495.27,1495.25,1495.25,-0.0,15.29,22898.41,-1
2024-08-29,2024-08-29 14:48:00,1495.25,1495.25,1495.23,1495.23,-0.0,15.29,22898.41,-1
2024-08-29,2024-08-29 14:49:00,1495.23,1495.23,1495.21,1495.21,-0.0,15.29,22898.41,-1
2024-08-29,2024-08-29 14:50:00,1495.21,1495.21,1495.19,1495.19,-0.0,15.29,22898.41,-1
2024-08-29,2024-08-29 14:51:00,1495.19,1495.19,1495.17,1495.17,-0.0,15.29,22898.41,-1
2024-08-29,2024-08-29 14:52:00,1495.17,1495.17,1495.15,1495.15,-0.0,15.29,22898.41,-1
2024-08-29,2024-08-29 14:53:00,1495.15,1495.15,1495.12,1495.12,-0.0,15.29,22898.41,-1
2024-08-29,2024-08-29 14:54:00,1495.12,1495.12,1495.1,1495.1,-0.0,15.29,22898.41,-1
2024-08-29,2024-08-29 14:55:00,1495.1,1495.1,1495.08,1495.08,-0.0,15.29,22898.41,-1
2024-08-29,2024-08-29 14:56:00,1495.08,1495.08,1495.06,1495.06,-0.0,15.29,22898.41,-1
2024-08-29,2024-08-29 14:57:00,1495.06,1495.06,1495.04,1495.04,-0.0,15.29,22898.41,-1
2024-08-29,2024-08-29 14:58:00,1495.04,1495.04,1495.02,1495.02,-0.0,15.29,22898.41,-1
2024-08-29,2024-08-29 14:59:00,1495.02,1495.02,1495.0,1495.0,-0.0,15.29,22898.41,-1
2024-08-29,2024-08-29 15:00:00,1495.0,1519.0,1488.1,1495.0,0.0,15.29,22898.41,0
2024-09-01,2024-09-01 11:00:00,1495.0,1511.5,1485.73,1494.92,-0.01,24.08,35631.2,-1
2024-09-01,2024-09-01 11:01:00,1494.92,1494.92,1494.83,1494.83,-0.01,24.08,35631.2,-1
2024-09-01,2024-09-01 11:02:00,1494.83,1494.83,1494.75,1494.75,-0.01,24.08,35631.2,-1
2024-09-01,2024-09-01 11:03:00,1494.75,1494.75,1494.67,1494.67,-0.01,24.08,35631.2,-1
2024-09-01,2024-09-01 11:04:00,1494.67,1494.67,1494.58,1494.58,-0.01,24.08,35631.2,-1
2024-09-01,2024-09-01 11:05:00,1494.58,1494.58,1494.5,1494.5,-0.01,24.08,35631.2,-1
2024-09-01,2024-09-01 11:06:00,1494.5,1494.5,1494.42,1494.42,-0.01,24.08,35631.2,-1
2024-09-01,2024-09-01 11:07:00,1494.42,1494.42,1494.33,1494.33,-0.01,24.08,35631.2,-1
2024-09-01,2024-09-01 11:08:00,1494.33,1494.33,1494.25,1494.25,-0.01,24.08,35631.2,-1
2024-09-01,2024-09-01 11:09:00,1494.25,1494.25,1494.17,1494.17,-0.01,24.08,35631.2,-1
2024-09-01,2024-09-01 11:10:00,1494.17,1494.17,1494.08,1494.08,-0.01,24.08,35631.2,-1
2024-09-01,2024-09-01 11:11:00,1494.08,1494.08,1494.0,1494.0,-0.01,24.08,35631.2,-1
2024-09-01,2024-09-01 11:12:00,1494.0,1494.0,1493.92,1493.92,-0.01,24.08,35631.2,-1
2024-09-01,2024-09-01 11:13:00,1493.92,1493.92,1493.83,1493.83,-0.01,24.08,35631.2,-1
2024-09-01,2024-09-01 11:14:00,1493.83,1493.83,1493.75,1493.75,-0.01,24.08,35631.2,-1
2024-09-01,2024-09-01 11:15:00,1493.75,1493.75,1493.67,1493.67,-0.01,24.08,35631.2,-1
2024-09-01,2024-09-01 11:16:00,1493.67,1493.67,1493.58,1493.58,-0.01,24.08,35631.2,-1
2024-09-01,2024-09-01 11:17:00,1493.58,1493.58,1493.5,1493.5,-0.01,24.08,35631.2,-1
2024-09-01,2024-09-01 11:18:00,1493.5,1493.5,1493.42,1493.42,-0.01,24.08,35631.2,-1
2024-09-01,2024-09-01 11:19:00,1493.42,1493.42,1493.33,1493.33,-0.01,24.08,35631.2,-1
2024-09-01,2024-09-01 11:20:00,1493.33,1493.33,1493.25,1493.25,-0.01,24.08,35631.2,-1
2024-09-01,2024-09-01 11:21:00,1493.25,1493.25,1493.17,1493.17,-0.01,24.08,35631.2,-1
2024-09-01,2024-09-01 11:22:00,1493.17,1493.17,1493.08,1493.08,-0.01,24.08,35631.2,-1
2024-09-01,2024-09-01 11:23:00,1493.08,1493.08,1493.0,1493.0,-0.01,24.08,35631.2,-1
2024-09-01,2024-09-01 11:24:00,1493.0,1493.0,1492.92,1492.92,-0.01,24.08,35631.2,-1
2024-09-01,2024-09-01 11:25:00,1492.92,1492.92,1492.83,1492.83,-0.01,24.08,35631.2,-1
2024-09-01,2024-09-01 11:26:00,1492.83,1492.83,1492.75,1492.75,-0.01,24.08,35631.2,-1
2024-09-01,2024-09-01 11:27:00,1492.75,1492.75,1492.67,1492.67,-0.01,24.08,35631.2,-1
2024-09-01,2024-09-01 11:28:00,1492.67,1492.67,1492.58,1492.58,-0.01,24.08,35631.2,-1
2024-09-01,2024-09-01 11:29:00,1492.58,1492.58,1492.5,1492.5,-0.01,24.08,35631.2,-1
2024-09-01,2024-09-01 11:30:00,1492.5,1492.5,1492.42,1492.42,-0.01,24.08,35631.2,-1
2024-09-01,2024-09-01 11:31:00,1492.42,1492.42,1492.33,1492.33,-0.01,24.08,35631.2,-1
2024-09-01,2024-09-01 11:32:00,1492.33,1492.33,1492.25,1492.25,-0.01,24.08,35631.2,-1
2024-09-01,2024-09-01 11:33:00,1492.25,1492.25,1492.17,1492.17,-0.01,24.08,35631.2,-1
2024-09-01,2024-09-01 11:34:00,1492.17,1492.17,1492.08,1492.08,-0.01,24.08,35631.2,-1
2024-09-01,2024-09-01 11:35:00,1492.08,1492.08,1492.0,1492.0,-0.01,24.08,35631.2,-1
2024-09-01,2024-09-01 11:36:00,1492.0,1492.0,1491.92,1491.92,-0.01,24.08,35631.2,-1
2024-09-01,2024-09-01 11:37:00,1491.92,1491.92,1491.83,1491.83,-0.01,24.08,35631.2,-1
2024-09-01,2024-09-01 11:38:00,1491.83,1491.83,1491.75,1491.75,-0.01,24.08,35631.2,-1
2024-09-01,2024-09-01 11:39:00,1491.75,1491.75,1491.67,1491.67,-0.01,24.08,35631.2,-1
2024-09-01,2024-09-01 11:40:00,1491.67,1491.67,1491.58,1491.58,-0.01,24.08,35631.2,-1
2024-09-01,2024-09-01 11:41:00,1491.58,1491.58,1491.5,1491.5,-0.01,24.08,35631.2,-1
2024-09-01,2024-09-01 11:42:00,1491.5,1491.5,1491.42,1491.42,-0.01,24.08,35631.2,-1
2024-09-01,2024-09-01 11:43:00,1491.42,1491.42,1491.33,1491.33,-0.01,24.08,35631.2,-1
2024-09-01,2024-09-01 11:44:00,1491.33,1491.33,1491.25,1491.25,-0.01,24.08,35631.2,-1
2024-09-01,2024-09-01 11:45:00,1491.25,1491.25,1491.17,1491.17,-0.01,24.08,35631.2,-1
2024-09-01,2024-09-01 11:46:00,1491.17,1491.17,1491.08,1491.08,-0.01,24.08,35631.2,-1
2024-09-01,2024-09-01 11:47:00,1491.08,1491.08,1491.0,1491.0,-0.01,24.08,35631.2,-1
2024-09-01,2024-09-01 11:48:00,1491.0,1491.0,1490.92,1490.92,-0.01,24.08,35631.2,-1
2024-09-01,2024-09-01 11:49:00,1490.92,1490.92,1490.83,1490.83,-0.01,24.08,35631.2,-1
2024-09-01,2024-09-01 11:50:00,1490.83,1490.83,1490.75,1490.75,-0.01,24.08,35631.2,-1
2024-09-01,2024-09-01 11:51:00,1490.75,1490.75,1490.67,1490.67,-0.01,24.08,35631.2,-1
2024-09-01,2024-09-01 11:52:00,1490.67,1490.67,1490.58,1490.58,-0.01,24.08,35631.2,-1
2024-09-01,2024-09-01 11:53:00,1490.58,1490.58,1490.5,1490.5,-0.01,24.08,35631.2,-1
2024-09-01,2024-09-01 11:54:00,1490.5,1490.5,1490.42,1490.42,-0.01,24.08,35631.2,-1
2024-09-01,2024-09-01 11:55:00,1490.42,1490.42,1490.33,1490.33,-0.01,24.08,35631.2,-1
2024-09-01,2024-09-01 11:56:00,1490.33,1490.33,1490.25,1490.25,-0.01,24.08,35631.2,-1
2024-09-01,2024-09-01 11:57:00,1490.25,1490.25,1490.17,1490.17,-0.01,24.08,35631.2,-1
2024-09-01,2024-09-01 11:58:00,1490.17,1490.17,1490.08,1490.08,-0.01,24.08,35631.2,-1
2024-09-01,2024-09-01 11:59:00,1490.08,1490.08,1490.0,1490.0,-0.01,24.08,35631.2,-1
2024-09-01,2024-09-01 12:00:00,1490.0,1490.0,1489.92,1489.92,-0.01,24.08,35631.2,-1
2024-09-01,2024-09-01 12:01:00,1489.92,1489.92,1489.83,1489.83,-0.01,24.08,35631.2,-1
2024-09-01,2024-09-01 12:02:00,1489.83,1489.83,1489.75,1489.75,-0.01,24.08,35631.2,-1
2024-09-01,2024-09-01 12:03:00,1489.75,1489.75,1489.67,1489.67,-0.01,24.08,35631.2,-1
2024-09-01,2024-09-01 12:04:00,1489.67,1489.67,1489.58,1489.58,-0.01,24.08,35631.2,-1
2024-09-01,2024-09-01 12:05:00,1489.58,1489.58,1489.5,1489.5,-0.01,24.08,35631.2,-1
2024-09-01,2024-09-01 12:06:00,1489.5,1489.5,1489.42,1489.42,-0.01,24.08,35631.2,-1
2024-09-01,2024-09-01 12:07:00,1489.42,1489.42,1489.33,1489.33,-0.01,24.08,35631.2,-1
2024-09-01,2024-09-01 12:08:00,1489.33,1489.33,1489.25,1489.25,-0.01,24.08,35631.2,-1
2024-09-01,2024-09-01 12:09:00,1489.25,1489.25,1489.17,1489.17,-0.01,24.08,35631.2,-1
2024-09-01,2024-09-01 12:10:00,1489.17,1489.17,1489.08,1489.08,-0.01,24.08,35631.2,-1
2024-09-01,2024-09-01 12:11:00,1489.08,1489.08,1489.0,1489.0,-0.01,24.08,35631.2,-1
2024-09-01,2024-09-01 12:12:00,1489.0,1489.0,1488.92,1488.92,-0.01,24.08,35631.2,-1
2024-09-01,2024-09-01 12:13:00,1488.92,1488.92,1488.83,1488.83,-0.01,24.08,35631.2,-1
2024-09-01,2024-09-01 12:14:00,1488.83,1488.83,1488.75,1488.75,-0.01,24.08,35631.2,-1
2024-09-01,2024-09-01 12:15:00,1488.75,1488.75,1488.67,1488.67,-0.01,24.08,35631.2,-1
2024-09-01,2024-09-01 12:16:00,1488.67,1488.67,1488.58,1488.58,-0.01,24.08,35631.2,-1
2024-09-01,2024-09-01 12:17:00,1488.58,1488.58,1488.5,1488.5,-0.01,24.08,35631.2,-1
2024-09-01,2024-09-01 12:18:00,1488.5,1488.5,1488.42,1488.42,-0.01,24.08,35631.2,-1
2024-09-01,2024-09-01 12:19:00,1488.42,1488.42,1488.33,1488.33,-0.01,24.08,35631.2,-1
2024-09-01,2024-09-01 12:20:00,1488.33,1488.33,1488.25,1488.25,-0.01,24.08,35631.2,-1
2024-09-01,2024-09-01 12:21:00,1488.25,1488.25,1488.17,1488.17,-0.01,24.08,35631.2,-1
2024-09-01,2024-09-01 12:22:00,1488.17,1488.17,1488.08,1488.08,-0.01,24.08,35631.2,-1
2024-09-01,2024-09-01 12:23:00,1488.08,1488.08,1488.0,1488.0,-0.01,24.08,35631.2,-1
2024-09-01,2024-09-01 12:24:00,1488.0,1488.0,1487.92,1487.92,-0.01,24.08,35631.2,-1
2024-09-01,2024-09-01 12:25:00,1487.92,1487.92,1487.83,1487.83,-0.01,24.08,35631.2,-1
2024-09-01,2024-09-01 12:26:00,1487.83,1487.83,1487.75,1487.75,-0.01,24.08,35631.2,-1
2024-09-01,2024-09-01 12:27:00,1487.75,1487.75,1487.67,1487.67,-0.01,24.08,35631.2,-1
2024-09-01,2024-09-01 12:28:00,1487.67,1487.67,1487.58,1487.58,-0.01,24.08,35631.2,-1
2024-09-01,2024-09-01 12:29:00,1487.58,1487.58,1487.5,1487.5,-0.01,24.08,35631.2,-1
2024-09-01,2024-09-01 12:30:00,1487.5,1487.5,1487.42,1487.42,-0.01,24.08,35631.2,-1
2024-09-01,2024-09-01 12:31:00,1487.42,1487.42,1487.33,1487.33,-0.01,24.08,35631.2,-1
2024-09-01,2024-09-01 12:32:00,1487.33,1487.33,1487.25,1487.25,-0.01,24.08,35631.2,-1
2024-09-01,2024-09-01 12:33:00,1487.25,1487.25,1487.17,1487.17,-0.01,24.08,35631.2,-1
2024-09-01,2024-09-01 12:34:00,1487.17,1487.17,1487.08,1487.08,-0.01,24.08,35631.2,-1
2024-09-01,2024-09-01 12:35:00,1487.08,1487.08,1487.0,1487.0,-0.01,24.08,35631.2,-1
2024-09-01,2024-09-01 12:36:00,1487.0,1487.0,1486.92,1486.92,-0.01,24.08,35631.2,-1
2024-09-01,2024-09-01 12:37:00,1486.92,1486.92,1486.83,1486.83,-0.01,24.08,35631.2,-1
2024-09-01,2024-09-01 12:38:00,1486.83,1486.83,1486.75,1486.75,-0.01,24.08,35631.2,-1
2024-09-01,2024-09-01 12:39:00,1486.75,1486.75,1486.67,1486.67,-0.01,24.08,35631.2,-1
2024-09-01,2024-09-01 12:40:00,1486.67,1486.67,1486.58,1486.58,-0.01,24.08,35631.2,-1
2024-09-01,2024-09-01 12:41:00,1486.58,1486.58,1486.5,1486.5,-0.01,24.08,35631.2,-1
2024-09-01,2024-09-01 12:42:00,1486.5,1486.5,1486.42,1486.42,-0.01,24.08,35631.2,-1
2024-09-01,2024-09-01 12:43:00,1486.42,1486.42,1486.33,1486.33,-0.01,24.08,35631.2,-1
2024-09-01,2024-09-01 12:44:00,1486.33,1486.33,1486.25,1486.25,-0.01,24.08,35631.2,-1
2024-09-01,2024-09-01 12:45:00,1486.25,1486.25,1486.17,1486.17,-0.01,24.08,35631.2,-1
2024-09-01,2024-09-01 12:46:00,1486.17,1486.17,1486.08,1486.08,-0.01,24.08,35631.2,-1
2024-09-01,2024-09-01 12:47:00,1486.08,1486.08,1486.0,1486.0,-0.01,24.08,35631.2,-1
2024-09-01,2024-09-01 12:48:00,1486.0,1486.0,1485.92,1485.92,-0.01,24.08,35631.2,-1
2024-09-01,2024-09-01 12:49:00,1485.92,1485.92,1485.83,1485.83,-0.01,24.08,35631.2,-1
2024-09-01,2024-09-01 12:50:00,1485.83,1485.83,1485.75,1485.75,-0.01,24.08,35631.2,-1
2024-09-01,2024-09-01 12:51:00,1485.75,1485.75,1485.67,1485.67,-0.01,24.08,35631.2,-1
2024-09-01,2024-09-01 12:52:00,1485.67,1485.67,1485.58,1485.58,-0.01,24.08,35631.2,-1
2024-09-01,2024-09-01 12:53:00,1485.58,1485.58,1485.5,1485.5,-0.01,24.08,35631.2,-1
2024-09-01,2024-09-01 12:54:00,1485.5,1485.5,1485.42,1485.42,-0.01,24.08,35631.2,-1
2024-09-01,2024-09-01 12:55:00,1485.42,1485.42,1485.33,1485.33,-0.01,24.08,35631.2,-1
2024-09-01,2024-09-01 12:56:00,1485.33,1485.33,1485.25,1485.25,-0.01,24.08,35631.2,-1
2024-09-01,2024-09-01 12:57:00,1485.25,1485.25,1485.17,1485.17,-0.01,24.08,35631.2,-1
2024-09-01,2024-09-01 12:58:00,1485.17,1485.17,1485.08,1485.08,-0.01,24.08,35631.2,-1
2024-09-01,2024-09-01 12:59:00,1485.08,1485.08,1485.0,1485.0,-0.01,24.08,35631.2,-1
2024-09-01,2024-09-01 13:00:00,1485.0,1550.0,1464.1,1484.92,-0.01,24.08,35631.2,-1
2024-09-01,2024-09-01 13:01:00,1484.92,1484.92,1484.83,1484.83,-0.01,24.08,35631.2,-1
2024-09-01,2024-09-01 13:02:00,1484.83,1484.83,1484.75,1484.75,-0.01,24.08,35631.2,-1
2024-09-01,2024-09-01 13:03:00,1484.75,1484.75,1484.67,1484.67,-0.01,24.08,35631.2,-1
2024-09-01,2024-09-01 13:04:00,1484.67,1484.67,1484.58,1484.58,-0.01,24.08,35631.2,-1
2024-09-01,2024-09-01 13:05:00,1484.58,1484.58,1484.5,1484.5,-0.01,24.08,35631.2,-1
2024-09-01,2024-09-01 13:06:00,1484.5,1484.5,1484.42,1484.42,-0.01,24.08,35631.2,-1
2024-09-01,2024-09-01 13:07:00,1484.42,1484.42,1484.33,1484.33,-0.01,24.08,35631.2,-1
2024-09-01,2024-09-01 13:08:00,1484.33,1484.33,1484.25,1484.25,-0.01,24.08,35631.2,-1
2024-09-01,2024-09-01 13:09:00,1484.25,1484.25,1484.17,1484.17,-0.01,24.08,35631.2,-1
2024-09-01,2024-09-01 13:10:00,1484.17,1484.17,1484.08,1484.08,-0.01,24.08,35631.2,-1
2024-09-01,2024-09-01 13:11:00,1484.08,1484.08,1484.0,1484.0,-0.01,24.08,35631.2,-1
2024-09-01,2024-09-01 13:12:00,1484.0,1484.0,1483.92,1483.92,-0.01,24.08,35631.2,-1
2024-09-01,2024-09-01 13:13:00,1483.92,1483.92,1483.83,1483.83,-0.01,24.08,35631.2,-1
2024-09-01,2024-09-01 13:14:00,1483.83,1483.83,1483.75,1483.75,-0.01,24.08,35631.2,-1
2024-09-01,2024-09-01 13:15:00,1483.75,1483.75,1483.67,1483.67,-0.01,24.08,35631.2,-1
2024-09-01,2024-09-01 13:16:00,1483.67,1483.67,1483.58,1483.58,-0.01,24.08,35631.2,-1
2024-09-01,2024-09-01 13:17:00,1483.58,1483.58,1483.5,1483.5,-0.01,24.08,35631.2,-1
2024-09-01,2024-09-01 13:18:00,1483.5,1483.5,1483.42,1483.42,-0.01,24.08,35631.2,-1
2024-09-01,2024-09-01 13:19:00,1483.42,1483.42,1483.33,1483.33,-0.01,24.08,35631.2,-1
2024-09-01,2024-09-01 13:20:00,1483.33,1483.33,1483.25,1483.25,-0.01,24.08,35631.2,-1
2024-09-01,2024-09-01 13:21:00,1483.25,1483.25,1483.17,1483.17,-0.01,24.08,35631.2,-1
2024-09-01,2024-09-01 13:22:00,1483.17,1483.17,1483.08,1483.08,-0.01,24.08,35631.2,-1
2024-09-01,2024-09-01 13:23:00,1483.08,1483.08,1483.0,1483.0,-0.01,24.08,35631.2,-1
2024-09-01,2024-09-01 13:24:00,1483.0,1483.0,1482.92,1482.92,-0.01,24.08,35631.2,-1
2024-09-01,2024-09-01 13:25:00,1482.92,1482.92,1482.83,1482.83,-0.01,24.08,35631.2,-1
2024-09-01,2024-09-01 13:26:00,1482.83,1482.83,1482.75,1482.75,-0.01,24.08,35631.2,-1
2024-09-01,2024-09-01 13:27:00,1482.75,1482.75,1482.67,1482.67,-0.01,24.08,35631.2,-1
2024-09-01,2024-09-01 13:28:00,1482.67,1482.67,1482.58,1482.58,-0.01,24.08,35631.2,-1
2024-09-01,2024-09-01 13:29:00,1482.58,1482.58,1482.5,1482.5,-0.01,24.08,35631.2,-1
2024-09-01,2024-09-01 13:30:00,1482.5,1482.5,1482.42,1482.42,-0.01,24.08,35631.2,-1
2024-09-01,2024-09-01 13:31:00,1482.42,1482.42,1482.33,1482.33,-0.01,24.08,35631.2,-1
2024-09-01,2024-09-01 13:32:00,1482.33,1482.33,1482.25,1482.25,-0.01,24.08,35631.2,-1
2024-09-01,2024-09-01 13:33:00,1482.25,1482.25,1482.17,1482.17,-0.01,24.08,35631.2,-1
2024-09-01,2024-09-01 13:34:00,1482.17,1482.17,1482.08,1482.08,-0.01,24.08,35631.2,-1
2024-09-01,2024-09-01 13:35:00,1482.08,1482.08,1482.0,1482.0,-0.01,24.08,35631.2,-1
2024-09-01,2024-09-01 13:36:00,1482.0,1482.0,1481.92,1481.92,-0.01,24.08,35631.2,-1
2024-09-01,2024-09-01 13:37:00,1481.92,1481.92,1481.83,1481.83,-0.01,24.08,35631.2,-1
2024-09-01,2024-09-01 13:38:00,1481.83,1481.83,1481.75,1481.75,-0.01,24.08,35631.2,-1
2024-09-01,2024-09-01 13:39:00,1481.75,1481.75,1481.67,1481.67,-0.01,24.08,35631.2,-1
2024-09-01,2024-09-01 13:40:00,1481.67,1481.67,1481.58,1481.58,-0.01,24.08,35631.2,-1
2024-09-01,2024-09-01 13:41:00,1481.58,1481.58,1481.5,1481.5,-0.01,24.08,35631.2,-1
2024-09-01,2024-09-01 13:42:00,1481.5,1481.5,1481.42,1481.42,-0.01,24.08,35631.2,-1
2024-09-01,2024-09-01 13:43:00,1481.42,1481.42,1481.33,1481.33,-0.01,24.08,35631.2,-1
2024-09-01,2024-09-01 13:44:00,1481.33,1481.33,1481.25,1481.25,-0.01,24.08,35631.2,-1
2024-09-01,2024-09-01 13:45:00,1481.25,1481.25,1481.17,1481.17,-0.01,24.08,35631.2,-1
2024-09-01,2024-09-01 13:46:00,1481.17,1481.17,1481.08,1481.08,-0.01,24.08,35631.2,-1
2024-09-01,2024-09-01 13:47:00,1481.08,1481.08,1481.0,1481.0,-0.01,24.08,35631.2,-1
2024-09-01,2024-09-01 13:48:00,1481.0,1481.0,1480.92,1480.92,-0.01,24.08,35631.2,-1
2024-09-01,2024-09-01 13:49:00,1480.92,1480.92,1480.83,1480.83,-0.01,24.08,35631.2,-1
2024-09-01,2024-09-01 13:50:00,1480.83,1480.83,1480.75,1480.75,-0.01,24.08,35631.2,-1
2024-09-01,2024-09-01 13:51:00,1480.75,1480.75,1480.67,1480.67,-0.01,24.08,35631.2,-1
2024-09-01,2024-09-01 13:52:00,1480.67,1480.67,1480.58,1480.58,-0.01,24.08,35631.2,-1
2024-09-01,2024-09-01 13:53:00,1480.58,1480.58,1480.5,1480.5,-0.01,24.08,35631.2,-1
2024-09-01,2024-09-01 13:54:00,1480.5,1480.5,1480.42,1480.42,-0.01,24.08,35631.2,-1
2024-09-01,2024-09-01 13:55:00,1480.42,1480.42,1480.33,1480.33,-0.01,24.08,35631.2,-1
2024-09-01,2024-09-01 13:56:00,1480.33,1480.33,1480.25,1480.25,-0.01,24.08,35631.2,-1
2024-09-01,2024-09-01 13:57:00,1480.25,1480.25,1480.17,1480.17,-0.01,24.08,35631.2,-1
2024-09-01,2024-09-01 13:58:00,1480.17,1480.17,1480.08,1480.08,-0.01,24.08,35631.2,-1
2024-09-01,2024-09-01 13:59:00,1480.08,1480.08,1480.0,1480.0,-0.01,24.08,35631.2,-1
2024-09-01,2024-09-01 14:00:00,1480.0,1480.0,1479.92,1479.92,-0.01,24.08,35631.2,-1
2024-09-01,2024-09-01 14:01:00,1479.92,1479.92,1479.83,1479.83,-0.01,24.08,35631.2,-1
2024-09-01,2024-09-01 14:02:00,1479.83,1479.83,1479.75,1479.75,-0.01,24.08,35631.2,-1
2024-09-01,2024-09-01 14:03:00,1479.75,1479.75,1479.67,1479.67,-0.01,24.08,35631.2,-1
2024-09-01,2024-09-01 14:04:00,1479.67,1479.67,1479.58,1479.58,-0.01,24.08,35631.2,-1
2024-09-01,2024-09-01 14:05:00,1479.58,1479.58,1479.5,1479.5,-0.01,24.08,35631.2,-1
2024-09-01,2024-09-01 14:06:00,1479.5,1479.5,1479.42,1479.42,-0.01,24.08,35631.2,-1
2024-09-01,2024-09-01 14:07:00,1479.42,1479.42,1479.33,1479.33,-0.01,24.08,35631.2,-1
2024-09-01,2024-09-01 14:08:00,1479.33,1479.33,1479.25,1479.25,-0.01,24.08,35631.2,-1
2024-09-01,2024-09-01 14:09:00,1479.25,1479.25,1479.17,1479.17,-0.01,24.08,35631.2,-1
2024-09-01,2024-09-01 14:10:00,1479.17,1479.17,1479.08,1479.08,-0.01,24.08,35631.2,-1
2024-09-01,2024-09-01 14:11:00,1479.08,1479.08,1479.0,1479.0,-0.01,24.08,35631.2,-1
2024-09-01,2024-09-01 14:12:00,1479.0,1479.0,1478.92,1478.92,-0.01,24.08,35631.2,-1
2024-09-01,2024-09-01 14:13:00,1478.92,1478.92,1478.83,1478.83,-0.01,24.08,35631.2,-1
2024-09-01,2024-09-01 14:14:00,1478.83,1478.83,1478.75,1478.75,-0.01,24.08,35631.2,-1
2024-09-01,2024-09-01 14:15:00,1478.75,1478.75,1478.67,1478.67,-0.01,24.08,35631.2,-1
2024-09-01,2024-09-01 14:16:00,1478.67,1478.67,1478.58,1478.58,-0.01,24.08,35631.2,-1
2024-09-01,2024-09-01 14:17:00,1478.58,1478.58,1478.5,1478.5,-0.01,24.08,35631.2,-1
2024-09-01,2024-09-01 14:18:00,1478.5,1478.5,1478.42,1478.42,-0.01,24.08,35631.2,-1
2024-09-01,2024-09-01 14:19:00,1478.42,1478.42,1478.33,1478.33,-0.01,24.08,35631.2,-1
2024-09-01,2024-09-01 14:20:00,1478.33,1478.33,1478.25,1478.25,-0.01,24.08,35631.2,-1
2024-09-01,2024-09-01 14:21:00,1478.25,1478.25,1478.17,1478.17,-0.01,24.08,35631.2,-1
2024-09-01,2024-09-01 14:22:00,1478.17,1478.17,1478.08,1478.08,-0.01,24.08,35631.2,-1
2024-09-01,2024-09-01 14:23:00,1478.08,1478.08,1478.0,1478.0,-0.01,24.08,35631.2,-1
2024-09-01,2024-09-01 14:24:00,1478.0,1478.0,1477.92,1477.92,-0.01,24.08,35631.2,-1
2024-09-01,2024-09-01 14:25:00,1477.92,1477.92,1477.83,1477.83,-0.01,24.08,35631.2,-1
2024-09-01,2024-09-01 14:26:00,1477.83,1477.83,1477.75,1477.75,-0.01,24.08,35631.2,-1
2024-09-01,2024-09-01 14:27:00,1477.75,1477.75,1477.67,1477.67,-0.01,24.08,35631.2,-1
2024-09-01,2024-09-01 14:28:00,1477.67,1477.67,1477.58,1477.58,-0.01,24.08,35631.2,-1
2024-09-01,2024-09-01 14:29:00,1477.58,1477.58,1477.5,1477.5,-0.01,24.08,35631.2,-1
2024-09-01,2024-09-01 14:30:00,1477.5,1477.5,1477.42,1477.42,-0.01,24.08,35631.2,-1
2024-09-01,2024-09-01 14:31:00,1477.42,1477.42,1477.33,1477.33,-0.01,24.08,35631.2,-1
2024-09-01,2024-09-01 14:32:00,1477.33,1477.33,1477.25,1477.25,-0.01,24.08,35631.2,-1
2024-09-01,2024-09-01 14:33:00,1477.25,1477.25,1477.17,1477.17,-0.01,24.08,35631.2,-1
2024-09-01,2024-09-01 14:34:00,1477.17,1477.17,1477.08,1477.08,-0.01,24.08,35631.2,-1
2024-09-01,2024-09-01 14:35:00,1477.08,1477.08,1477.0,1477.0,-0.01,24.08,35631.2,-1
2024-09-01,2024-09-01 14:36:00,1477.0,1477.0,1476.92,1476.92,-0.01,24.08,35631.2,-1
2024-09-01,2024-09-01 14:37:00,1476.92,1476.92,1476.83,1476.83,-0.01,24.08,35631.2,-1
2024-09-01,2024-09-01 14:38:00,1476.83,1476.83,1476.75,1476.75,-0.01,24.08,35631.2,-1
2024-09-01,2024-09-01 14:39:00,1476.75,1476.75,1476.67,1476.67,-0.01,24.08,35631.2,-1
2024-09-01,2024-09-01 14:40:00,1476.67,1476.67,1476.58,1476.58,-0.01,24.08,35631.2,-1
2024-09-01,2024-09-01 14:41:00,1476.58,1476.58,1476.5,1476.5,-0.01,24.08,35631.2,-1
2024-09-01,2024-09-01 14:42:00,1476.5,1476.5,1476.42,1476.42,-0.01,24.08,35631.2,-1
2024-09-01,2024-09-01 14:43:00,1476.42,1476.42,1476.33,1476.33,-0.01,24.08,35631.2,-1
2024-09-01,2024-09-01 14:44:00,1476.33,1476.33,1476.25,1476.25,-0.01,24.08,35631.2,-1
2024-09-01,2024-09-01 14:45:00,1476.25,1476.25,1476.17,1476.17,-0.01,24.08,35631.2,-1
2024-09-01,2024-09-01 14:46:00,1476.17,1476.17,1476.08,1476.08,-0.01,24.08,35631.2,-1
2024-09-01,2024-09-01 14:47:00,1476.08,1476.08,1476.0,1476.0,-0.01,24.08,35631.2,-1
2024-09-01,2024-09-01 14:48:00,1476.0,1476.0,1475.92,1475.92,-0.01,24.08,35631.2,-1
2024-09-01,2024-09-01 14:49:00,1475.92,1475.92,1475.83,1475.83,-0.01,24.08,35631.2,-1
2024-09-01,2024-09-01 14:50:00,1475.83,1475.83,1475.75,1475.75,-0.01,24.08,35631.2,-1
2024-09-01,2024-09-01 14:51:00,1475.75,1475.75,1475.67,1475.67,-0.01,24.08,35631.2,-1
2024-09-01,2024-09-01 14:52:00,1475.67,1475.67,1475.58,1475.58,-0.01,24.08,35631.2,-1
2024-09-01,2024-09-01 14:53:00,1475.58,1475.58,1475.5,1475.5,-0.01,24.08,35631.2,-1
2024-09-01,2024-09-01 14:54:00,1475.5,1475.5,1475.42,1475.42,-0.01,24.08,35631.2,-1
2024-09-01,2024-09-01 14:55:00,1475.42,1475.42,1475.33,1475.33,-0.01,24.08,35631.2,-1
2024-09-01,2024-09-01 14:56:00,1475.33,1475.33,1475.25,1475.25,-0.01,24.08,35631.2,-1
2024-09-01,2024-09-01 14:57:00,1475.25,1475.25,1475.17,1475.17,-0.01,24.08,35631.2,-1
2024-09-01,2024-09-01 14:58:00,1475.17,1475.17,1475.08,1475.08,-0.01,24.08,35631.2,-1
2024-09-01,2024-09-01 14:59:00,1475.08,1475.08,1475.0,1475.0,-0.01,24.08,35631.2,-1
2024-09-01,2024-09-01 15:00:00,1475.0,1550.0,1464.1,1475.0,0.0,24.08,35631.2,0
2024-09-02,2024-09-02 11:00:00,1475.0,1484.0,1470.5,1475.1,0.01,13.94,20742.8,1
2024-09-02,2024-09-02 11:01:00,1475.1,1475.21,1475.1,1475.21,0.01,13.94,20742.8,1
2024-09-02,2024-09-02 11:02:00,1475.21,1475.31,1475.21,1475.31,0.01,13.94,20742.8,1
2024-09-02,2024-09-02 11:03:00,1475.31,1475.42,1475.31,1475.42,0.01,13.94,20742.8,1
2024-09-02,2024-09-02 11:04:00,1475.42,1475.52,1475.42,1475.52,0.01,13.94,20742.8,1
2024-09-02,2024-09-02 11:05:00,1475.52,1475.62,1475.52,1475.62,0.01,13.94,20742.8,1
2024-09-02,2024-09-02 11:06:00,1475.62,1475.73,1475.62,1475.73,0.01,13.94,20742.8,1
2024-09-02,2024-09-02 11:07:00,1475.73,1475.83,1475.73,1475.83,0.01,13.94,20742.8,1
2024-09-02,2024-09-02 11:08:00,1475.83,1475.94,1475.83,1475.94,0.01,13.94,20742.8,1
2024-09-02,2024-09-02 11:09:00,1475.94,1476.04,1475.94,1476.04,0.01,13.94,20742.8,1
2024-09-02,2024-09-02 11:10:00,1476.04,1476.15,1476.04,1476.15,0.01,13.94,20742.8,1
2024-09-02,2024-09-02 11:11:00,1476.15,1476.25,1476.15,1476.25,0.01,13.94,20742.8,1
2024-09-02,2024-09-02 11:12:00,1476.25,1476.35,1476.25,1476.35,0.01,13.94,20742.8,1
2024-09-02,2024-09-02 11:13:00,1476.35,1476.46,1476.35,1476.46,0.01,13.94,20742.8,1
2024-09-02,2024-09-02 11:14:00,1476.46,1476.56,1476.46,1476.56,0.01,13.94,20742.8,1
2024-09-02,2024-09-02 11:15:00,1476.56,1476.67,1476.56,1476.67,0.01,13.94,20742.8,1
2024-09-02,2024-09-02 11:16:00,1476.67,1476.77,1476.67,1476.77,0.01,13.94,20742.8,1
2024-09-02,2024-09-02 11:17:00,1476.77,1476.88,1476.77,1476.88,0.01,13.94,20742.8,1
2024-09-02,2024-09-02 11:18:00,1476.88,1476.98,1476.88,1476.98,0.01,13.94,20742.8,1
2024-09-02,2024-09-02 11:19:00,1476.98,1477.08,1476.98,1477.08,0.01,13.94,20742.8,1
2024-09-02,2024-09-02 11:20:00,1477.08,1477.19,1477.08,1477.19,0.01,13.94,20742.8,1
2024-09-02,2024-09-02 11:21:00,1477.19,1477.29,1477.19,1477.29,0.01,13.94,20742.8,1
2024-09-02,2024-09-02 11:22:00,1477.29,1477.4,1477.29,1477.4,0.01,13.94,20742.8,1
2024-09-02,2024-09-02 11:23:00,1477.4,1477.5,1477.4,1477.5,0.01,13.94,20742.8,1
2024-09-02,2024-09-02 11:24:00,1477.5,1477.6,1477.5,1477.6,0.01,13.94,20742.8,1
2024-09-02,2024-09-02 11:25:00,1477.6,1477.71,1477.6,1477.71,0.01,13.94,20742.8,1
2024-09-02,2024-09-02 11:26:00,1477.71,1477.81,1477.71,1477.81,0.01,13.94,20742.8,1
2024-09-02,2024-09-02 11:27:00,1477.81,1477.92,1477.81,1477.92,0.01,13.94,20742.8,1
2024-09-02,2024-09-02 11:28:00,1477.92,1478.02,1477.92,1478.02,0.01,13.94,20742.8,1
2024-09-02,2024-09-02 11:29:00,1478.02,1478.12,1478.02,1478.12,0.01,13.94,20742.8,1
2024-09-02,2024-09-02 11:30:00,1478.12,1478.23,1478.12,1478.23,0.01,13.94,20742.8,1
2024-09-02,2024-09-02 11:31:00,1478.23,1478.33,1478.23,1478.33,0.01,13.94,20742.8,1
2024-09-02,2024-09-02 11:32:00,1478.33,1478.44,1478.33,1478.44,0.01,13.94,20742.8,1
2024-09-02,2024-09-02 11:33:00,1478.44,1478.54,1478.44,1478.54,0.01,13.94,20742.8,1
2024-09-02,2024-09-02 11:34:00,1478.54,1478.65,1478.54,1478.65,0.01,13.94,20742.8,1
2024-09-02,2024-09-02 11:35:00,1478.65,1478.75,1478.65,1478.75,0.01,13.94,20742.8,1
2024-09-02,2024-09-02 11:36:00,1478.75,1478.85,1478.75,1478.85,0.01,13.94,20742.8,1
2024-09-02,2024-09-02 11:37:00,1478.85,1478.96,1478.85,1478.96,0.01,13.94,20742.8,1
2024-09-02,2024-09-02 11:38:00,1478.96,1479.06,1478.96,1479.06,0.01,13.94,20742.8,1
2024-09-02,2024-09-02 11:39:00,1479.06,1479.17,1479.06,1479.17,0.01,13.94,20742.8,1
2024-09-02,2024-09-02 11:40:00,1479.17,1479.27,1479.17,1479.27,0.01,13.94,20742.8,1
2024-09-02,2024-09-02 11:41:00,1479.27,1479.38,1479.27,1479.38,0.01,13.94,20742.8,1
2024-09-02,2024-09-02 11:42:00,1479.38,1479.48,1479.38,1479.48,0.01,13.94,20742.8,1
2024-09-02,2024-09-02 11:43:00,1479.48,1479.58,1479.48,1479.58,0.01,13.94,20742.8,1
2024-09-02,2024-09-02 11:44:00,1479.58,1479.69,1479.58,1479.69,0.01,13.94,20742.8,1
2024-09-02,2024-09-02 11:45:00,1479.69,1479.79,1479.69,1479.79,0.01,13.94,20742.8,1
2024-09-02,2024-09-02 11:46:00,1479.79,1479.9,1479.79,1479.9,0.01,13.94,20742.8,1
2024-09-02,2024-09-02 11:47:00,1479.9,1480.0,1479.9,1480.0,0.01,13.94,20742.8,1
2024-09-02,2024-09-02 11:48:00,1480.0,1480.1,1480.0,1480.1,0.01,13.94,20742.8,1
2024-09-02,2024-09-02 11:49:00,1480.1,1480.21,1480.1,1480.21,0.01,13.94,20742.8,1
2024-09-02,2024-09-02 11:50:00,1480.21,1480.31,1480.21,1480.31,0.01,13.94,20742.8,1
2024-09-02,2024-09-02 11:51:00,1480.31,1480.42,1480.31,1480.42,0.01,13.94,20742.8,1
2024-09-02,2024-09-02 11:52:00,1480.42,1480.52,1480.42,1480.52,0.01,13.94,20742.8,1
2024-09-02,2024-09-02 11:53:00,1480.52,1480.62,1480.52,1480.62,0.01,13.94,20742.8,1
2024-09-02,2024-09-02 11:54:00,1480.62,1480.73,1480.62,1480.73,0.01,13.94,20742.8,1
2024-09-02,2024-09-02 11:55:00,1480.73,1480.83,1480.73,1480.83,0.01,13.94,20742.8,1
2024-09-02,2024-09-02 11:56:00,1480.83,1480.94,1480.83,1480.94,0.01,13.94,20742.8,1
2024-09-02,2024-09-02 11:57:00,1480.94,1481.04,1480.94,1481.04,0.01,13.94,20742.8,1
2024-09-02,2024-09-02 11:58:00,1481.04,1481.15,1481.04,1481.15,0.01,13.94,20742.8,1
2024-09-02,2024-09-02 11:59:00,1481.15,1481.25,1481.15,1481.25,0.01,13.94,20742.8,1
2024-09-02,2024-09-02 12:00:00,1481.25,1481.35,1481.25,1481.35,0.01,13.94,20742.8,1
2024-09-02,2024-09-02 12:01:00,1481.35,1481.46,1481.35,1481.46,0.01,13.94,20742.8,1
2024-09-02,2024-09-02 12:02:00,1481.46,1481.56,1481.46,1481.56,0.01,13.94,20742.8,1
2024-09-02,2024-09-02 12:03:00,1481.56,1481.67,1481.56,1481.67,0.01,13.94,20742.8,1
2024-09-02,2024-09-02 12:04:00,1481.67,1481.77,1481.67,1481.77,0.01,13.94,20742.8,1
2024-09-02,2024-09-02 12:05:00,1481.77,1481.88,1481.77,1481.88,0.01,13.94,20742.8,1
2024-09-02,2024-09-02 12:06:00,1481.88,1481.98,1481.88,1481.98,0.01,13.94,20742.8,1
2024-09-02,2024-09-02 12:07:00,1481.98,1482.08,1481.98,1482.08,0.01,13.94,20742.8,1
2024-09-02,2024-09-02 12:08:00,1482.08,1482.19,1482.08,1482.19,0.01,13.94,20742.8,1
2024-09-02,2024-09-02 12:09:00,1482.19,1482.29,1482.19,1482.29,0.01,13.94,20742.8,1
2024-09-02,2024-09-02 12:10:00,1482.29,1482.4,1482.29,1482.4,0.01,13.94,20742.8,1
2024-09-02,2024-09-02 12:11:00,1482.4,1482.5,1482.4,1482.5,0.01,13.94,20742.8,1
2024-09-02,2024-09-02 12:12:00,1482.5,1482.6,1482.5,1482.6,0.01,13.94,20742.8,1
2024-09-02,2024-09-02 12:13:00,1482.6,1482.71,1482.6,1482.71,0.01,13.94,20742.8,1
2024-09-02,2024-09-02 12:14:00,1482.71,1482.81,1482.71,1482.81,0.01,13.94,20742.8,1
2024-09-02,2024-09-02 12:15:00,1482.81,1482.92,1482.81,1482.92,0.01,13.94,20742.8,1
2024-09-02,2024-09-02 12:16:00,1482.92,1483.02,1482.92,1483.02,0.01,13.94,20742.8,1
2024-09-02,2024-09-02 12:17:00,1483.02,1483.12,1483.02,1483.12,0.01,13.94,20742.8,1
2024-09-02,2024-09-02 12:18:00,1483.12,1483.23,1483.12,1483.23,0.01,13.94,20742.8,1
2024-09-02,2024-09-02 12:19:00,1483.23,1483.33,1483.23,1483.33,0.01,13.94,20742.8,1
2024-09-02,2024-09-02 12:20:00,1483.33,1483.44,1483.33,1483.44,0.01,13.94,20742.8,1
2024-09-02,2024-09-02 12:21:00,1483.44,1483.54,1483.44,1483.54,0.01,13.94,20742.8,1
2024-09-02,2024-09-02 12:22:00,1483.54,1483.65,1483.54,1483.65,0.01,13.94,20742.8,1
2024-09-02,2024-09-02 12:23:00,1483.65,1483.75,1483.65,1483.75,0.01,13.94,20742.8,1
2024-09-02,2024-09-02 12:24:00,1483.75,1483.85,1483.75,1483.85,0.01,13.94,20742.8,1
2024-09-02,2024-09-02 12:25:00,1483.85,1483.96,1483.85,1483.96,0.01,13.94,20742.8,1
2024-09-02,2024-09-02 12:26:00,1483.96,1484.06,1483.96,1484.06,0.01,13.94,20742.8,1
2024-09-02,2024-09-02 12:27:00,1484.06,1484.17,1484.06,1484.17,0.01,13.94,20742.8,1
2024-09-02,2024-09-02 12:28:00,1484.17,1484.27,1484.17,1484.27,0.01,13.94,20742.8,1
2024-09-02,2024-09-02 12:29:00,1484.27,1484.38,1484.27,1484.38,0.01,13.94,20742.8,1
2024-09-02,2024-09-02 12:30:00,1484.38,1484.48,1484.38,1484.48,0.01,13.94,20742.8,1
2024-09-02,2024-09-02 12:31:00,1484.48,1484.58,1484.48,1484.58,0.01,13.94,20742.8,1
2024-09-02,2024-09-02 12:32:00,1484.58,1484.69,1484.58,1484.69,0.01,13.94,20742.8,1
2024-09-02,2024-09-02 12:33:00,1484.69,1484.79,1484.69,1484.79,0.01,13.94,20742.8,1
2024-09-02,2024-09-02 12:34:00,1484.79,1484.9,1484.79,1484.9,0.01,13.94,20742.8,1
2024-09-02,2024-09-02 12:35:00,1484.9,1485.0,1484.9,1485.0,0.01,13.94,20742.8,1
2024-09-02,2024-09-02 12:36:00,1485.0,1485.1,1485.0,1485.1,0.01,13.94,20742.8,1
2024-09-02,2024-09-02 12:37:00,1485.1,1485.21,1485.1,1485.21,0.01,13.94,20742.8,1
2024-09-02,2024-09-02 12:38:00,1485.21,1485.31,1485.21,1485.31,0.01,13.94,20742.8,1
2024-09-02,2024-09-02 12:39:00,1485.31,1485.42,1485.31,1485.42,0.01,13.94,20742.8,1
2024-09-02,2024-09-02 12:40:00,1485.42,1485.52,1485.42,1485.52,0.01,13.94,20742.8,1
2024-09-02,2024-09-02 12:41:00,1485.52,1485.62,1485.52,1485.62,0.01,13.94,20742.8,1
2024-09-02,2024-09-02 12:42:00,1485.62,1485.73,1485.62,1485.73,0.01,13.94,20742.8,1
2024-09-02,2024-09-02 12:43:00,1485.73,1485.83,1485.73,1485.83,0.01,13.94,20742.8,1
2024-09-02,2024-09-02 12:44:00,1485.83,1485.94,1485.83,1485.94,0.01,13.94,20742.8,1
2024-09-02,2024-09-02 12:45:00,1485.94,1486.04,1485.94,1486.04,0.01,13.94,20742.8,1
2024-09-02,2024-09-02 12:46:00,1486.04,1486.15,1486.04,1486.15,0.01,13.94,20742.8,1
2024-09-02,2024-09-02 12:47:00,1486.15,1486.25,1486.15,1486.25,0.01,13.94,20742.8,1
2024-09-02,2024-09-02 12:48:00,1486.25,1486.35,1486.25,1486.35,0.01,13.94,20742.8,1
2024-09-02,2024-09-02 12:49:00,1486.35,1486.46,1486.35,1486.46,0.01,13.94,20742.8,1
2024-09-02,2024-09-02 12:50:00,1486.46,1486.56,1486.46,1486.56,0.01,13.94,20742.8,1
2024-09-02,2024-09-02 12:51:00,1486.56,1486.67,1486.56,1486.67,0.01,13.94,20742.8,1
2024-09-02,2024-09-02 12:52:00,1486.67,1486.77,1486.67,1486.77,0.01,13.94,20742.8,1
2024-09-02,2024-09-02 12:53:00,1486.77,1486.88,1486.77,1486.88,0.01,13.94,20742.8,1
2024-09-02,2024-09-02 12:54:00,1486.88,1486.98,1486.88,1486.98,0.01,13.94,20742.8,1
2024-09-02,2024-09-02 12:55:00,1486.98,1487.08,1486.98,1487.08,0.01,13.94,20742.8,1
2024-09-02,2024-09-02 12:56:00,1487.08,1487.19,1487.08,1487.19,0.01,13.94,20742.8,1
2024-09-02,2024-09-02 12:57:00,1487.19,1487.29,1487.19,1487.29,0.01,13.94,20742.8,1
2024-09-02,2024-09-02 12:58:00,1487.29,1487.4,1487.29,1487.4,0.01,13.94,20742.8,1
2024-09-02,2024-09-02 12:59:00,1487.4,1487.5,1487.4,1487.5,0.01,13.94,20742.8,1
2024-09-02,2024-09-02 13:00:00,1487.5,1505.0,1460.0,1487.6,0.01,13.94,20742.8,1
2024-09-02,2024-09-02 13:01:00,1487.6,1487.71,1487.6,1487.71,0.01,13.94,20742.8,1
2024-09-02,2024-09-02 13:02:00,1487.71,1487.81,1487.71,1487.81,0.01,13.94,20742.8,1
2024-09-02,2024-09-02 13:03:00,1487.81,1487.92,1487.81,1487.92,0.01,13.94,20742.8,1
2024-09-02,2024-09-02 13:04:00,1487.92,1488.02,1487.92,1488.02,0.01,13.94,20742.8,1
2024-09-02,2024-09-02 13:05:00,1488.02,1488.12,1488.02,1488.12,0.01,13.94,20742.8,1
2024-09-02,2024-09-02 13:06:00,1488.12,1488.23,1488.12,1488.23,0.01,13.94,20742.8,1
2024-09-02,2024-09-02 13:07:00,1488.23,1488.33,1488.23,1488.33,0.01,13.94,20742.8,1
2024-09-02,2024-09-02 13:08:00,1488.33,1488.44,1488.33,1488.44,0.01,13.94,20742.8,1
2024-09-02,2024-09-02 13:09:00,1488.44,1488.54,1488.44,1488.54,0.01,13.94,20742.8,1
2024-09-02,2024-09-02 13:10:00,1488.54,1488.65,1488.54,1488.65,0.01,13.94,20742.8,1
2024-09-02,2024-09-02 13:11:00,1488.65,1488.75,1488.65,1488.75,0.01,13.94,20742.8,1
2024-09-02,2024-09-02 13:12:00,1488.75,1488.85,1488.75,1488.85,0.01,13.94,20742.8,1
2024-09-02,2024-09-02 13:13:00,1488.85,1488.96,1488.85,1488.96,0.01,13.94,20742.8,1
2024-09-02,2024-09-02 13:14:00,1488.96,1489.06,1488.96,1489.06,0.01,13.94,20742.8,1
2024-09-02,2024-09-02 13:15:00,1489.06,1489.17,1489.06,1489.17,0.01,13.94,20742.8,1
2024-09-02,2024-09-02 13:16:00,1489.17,1489.27,1489.17,1489.27,0.01,13.94,20742.8,1
2024-09-02,2024-09-02 13:17:00,1489.27,1489.38,1489.27,1489.38,0.01,13.94,20742.8,1
2024-09-02,2024-09-02 13:18:00,1489.38,1489.48,1489.38,1489.48,0.01,13.94,20742.8,1
2024-09-02,2024-09-02 13:19:00,1489.48,1489.58,1489.48,1489.58,0.01,13.94,20742.8,1
2024-09-02,2024-09-02 13:20:00,1489.58,1489.69,1489.58,1489.69,0.01,13.94,20742.8,1
2024-09-02,2024-09-02 13:21:00,1489.69,1489.79,1489.69,1489.79,0.01,13.94,20742.8,1
2024-09-02,2024-09-02 13:22:00,1489.79,1489.9,1489.79,1489.9,0.01,13.94,20742.8,1
2024-09-02,2024-09-02 13:23:00,1489.9,1490.0,1489.9,1490.0,0.01,13.94,20742.8,1
2024-09-02,2024-09-02 13:24:00,1490.0,1490.1,1490.0,1490.1,0.01,13.94,20742.8,1
2024-09-02,2024-09-02 13:25:00,1490.1,1490.21,1490.1,1490.21,0.01,13.94,20742.8,1
2024-09-02,2024-09-02 13:26:00,1490.21,1490.31,1490.21,1490.31,0.01,13.94,20742.8,1
2024-09-02,2024-09-02 13:27:00,1490.31,1490.42,1490.31,1490.42,0.01,13.94,20742.8,1
2024-09-02,2024-09-02 13:28:00,1490.42,1490.52,1490.42,1490.52,0.01,13.94,20742.8,1
2024-09-02,2024-09-02 13:29:00,1490.52,1490.62,1490.52,1490.62,0.01,13.94,20742.8,1
2024-09-02,2024-09-02 13:30:00,1490.62,1490.73,1490.62,1490.73,0.01,13.94,20742.8,1
2024-09-02,2024-09-02 13:31:00,1490.73,1490.83,1490.73,1490.83,0.01,13.94,20742.8,1
2024-09-02,2024-09-02 13:32:00,1490.83,1490.94,1490.83,1490.94,0.01,13.94,20742.8,1
2024-09-02,2024-09-02 13:33:00,1490.94,1491.04,1490.94,1491.04,0.01,13.94,20742.8,1
2024-09-02,2024-09-02 13:34:00,1491.04,1491.15,1491.04,1491.15,0.01,13.94,20742.8,1
2024-09-02,2024-09-02 13:35:00,1491.15,1491.25,1491.15,1491.25,0.01,13.94,20742.8,1
2024-09-02,2024-09-02 13:36:00,1491.25,1491.35,1491.25,1491.35,0.01,13.94,20742.8,1
2024-09-02,2024-09-02 13:37:00,1491.35,1491.46,1491.35,1491.46,0.01,13.94,20742.8,1
2024-09-02,2024-09-02 13:38:00,1491.46,1491.56,1491.46,1491.56,0.01,13.94,20742.8,1
2024-09-02,2024-09-02 13:39:00,1491.56,1491.67,1491.56,1491.67,0.01,13.94,20742.8,1
2024-09-02,2024-09-02 13:40:00,1491.67,1491.77,1491.67,1491.77,0.01,13.94,20742.8,1
2024-09-02,2024-09-02 13:41:00,1491.77,1491.88,1491.77,1491.88,0.01,13.94,20742.8,1
2024-09-02,2024-09-02 13:42:00,1491.88,1491.98,1491.88,1491.98,0.01,13.94,20742.8,1
2024-09-02,2024-09-02 13:43:00,1491.98,1492.08,1491.98,1492.08,0.01,13.94,20742.8,1
2024-09-02,2024-09-02 13:44:00,1492.08,1492.19,1492.08,1492.19,0.01,13.94,20742.8,1
2024-09-02,2024-09-02 13:45:00,1492.19,1492.29,1492.19,1492.29,0.01,13.94,20742.8,1
2024-09-02,2024-09-02 13:46:00,1492.29,1492.4,1492.29,1492.4,0.01,13.94,20742.8,1
2024-09-02,2024-09-02 13:47:00,1492.4,1492.5,1492.4,1492.5,0.01,13.94,20742.8,1
2024-09-02,2024-09-02 13:48:00,1492.5,1492.6,1492.5,1492.6,0.01,13.94,20742.8,1
2024-09-02,2024-09-02 13:49:00,1492.6,1492.71,1492.6,1492.71,0.01,13.94,20742.8,1
2024-09-02,2024-09-02 13:50:00,1492.71,1492.81,1492.71,1492.81,0.01,13.94,20742.8,1
2024-09-02,2024-09-02 13:51:00,1492.81,1492.92,1492.81,1492.92,0.01,13.94,20742.8,1
2024-09-02,2024-09-02 13:52:00,1492.92,1493.02,1492.92,1493.02,0.01,13.94,20742.8,1
2024-09-02,2024-09-02 13:53:00,1493.02,1493.12,1493.02,1493.12,0.01,13.94,20742.8,1
2024-09-02,2024-09-02 13:54:00,1493.12,1493.23,1493.12,1493.23,0.01,13.94,20742.8,1
2024-09-02,2024-09-02 13:55:00,1493.23,1493.33,1493.23,1493.33,0.01,13.94,20742.8,1
2024-09-02,2024-09-02 13:56:00,1493.33,1493.44,1493.33,1493.44,0.01,13.94,20742.8,1
2024-09-02,2024-09-02 13:57:00,1493.44,1493.54,1493.44,1493.54,0.01,13.94,20742.8,1
2024-09-02,2024-09-02 13:58:00,1493.54,1493.65,1493.54,1493.65,0.01,13.94,20742.8,1
2024-09-02,2024-09-02 13:59:00,1493.65,1493.75,1493.65,1493.75,0.01,13.94,20742.8,1
2024-09-02,2024-09-02 14:00:00,1493.75,1493.85,1493.75,1493.85,0.01,13.94,20742.8,1
2024-09-02,2024-09-02 14:01:00,1493.85,1493.96,1493.85,1493.96,0.01,13.94,20742.8,1
2024-09-02,2024-09-02 14:02:00,1493.96,1494.06,1493.96,1494.06,0.01,13.94,20742.8,1
2024-09-02,2024-09-02 14:03:00,1494.06,1494.17,1494.06,1494.17,0.01,13.94,20742.8,1
2024-09-02,2024-09-02 14:04:00,1494.17,1494.27,1494.17,1494.27,0.01,13.94,20742.8,1
2024-09-02,2024-09-02 14:05:00,1494.27,1494.38,1494.27,1494.38,0.01,13.94,20742.8,1
2024-09-02,2024-09-02 14:06:00,1494.38,1494.48,1494.38,1494.48,0.01,13.94,20742.8,1
2024-09-02,2024-09-02 14:07:00,1494.48,1494.58,1494.48,1494.58,0.01,13.94,20742.8,1
2024-09-02,2024-09-02 14:08:00,1494.58,1494.69,1494.58,1494.69,0.01,13.94,20742.8,1
2024-09-02,2024-09-02 14:09:00,1494.69,1494.79,1494.69,1494.79,0.01,13.94,20742.8,1
2024-09-02,2024-09-02 14:10:00,1494.79,1494.9,1494.79,1494.9,0.01,13.94,20742.8,1
2024-09-02,2024-09-02 14:11:00,1494.9,1495.0,1494.9,1495.0,0.01,13.94,20742.8,1
2024-09-02,2024-09-02 14:12:00,1495.0,1495.1,1495.0,1495.1,0.01,13.94,20742.8,1
2024-09-02,2024-09-02 14:13:00,1495.1,1495.21,1495.1,1495.21,0.01,13.94,20742.8,1
2024-09-02,2024-09-02 14:14:00,1495.21,1495.31,1495.21,1495.31,0.01,13.94,20742.8,1
2024-09-02,2024-09-02 14:15:00,1495.31,1495.42,1495.31,1495.42,0.01,13.94,20742.8,1
2024-09-02,2024-09-02 14:16:00,1495.42,1495.52,1495.42,1495.52,0.01,13.94,20742.8,1
2024-09-02,2024-09-02 14:17:00,1495.52,1495.62,1495.52,1495.62,0.01,13.94,20742.8,1
2024-09-02,2024-09-02 14:18:00,1495.62,1495.73,1495.62,1495.73,0.01,13.94,20742.8,1
2024-09-02,2024-09-02 14:19:00,1495.73,1495.83,1495.73,1495.83,0.01,13.94,20742.8,1
2024-09-02,2024-09-02 14:20:00,1495.83,1495.94,1495.83,1495.94,0.01,13.94,20742.8,1
2024-09-02,2024-09-02 14:21:00,1495.94,1496.04,1495.94,1496.04,0.01,13.94,20742.8,1
2024-09-02,2024-09-02 14:22:00,1496.04,1496.15,1496.04,1496.15,0.01,13.94,20742.8,1
2024-09-02,2024-09-02 14:23:00,1496.15,1496.25,1496.15,1496.25,0.01,13.94,20742.8,1
2024-09-02,2024-09-02 14:24:00,1496.25,1496.35,1496.25,1496.35,0.01,13.94,20742.8,1
2024-09-02,2024-09-02 14:25:00,1496.35,1496.46,1496.35,1496.46,0.01,13.94,20742.8,1
2024-09-02,2024-09-02 14:26:00,1496.46,1496.56,1496.46,1496.56,0.01,13.94,20742.8,1
2024-09-02,2024-09-02 14:27:00,1496.56,1496.67,1496.56,1496.67,0.01,13.94,20742.8,1
2024-09-02,2024-09-02 14:28:00,1496.67,1496.77,1496.67,1496.77,0.01,13.94,20742.8,1
2024-09-02,2024-09-02 14:29:00,1496.77,1496.88,1496.77,1496.88,0.01,13.94,20742.8,1
2024-09-02,2024-09-02 14:30:00,1496.88,1496.98,1496.88,1496.98,0.01,13.94,20742.8,1
2024-09-02,2024-09-02 14:31:00,1496.98,1497.08,1496.98,1497.08,0.01,13.94,20742.8,1
2024-09-02,2024-09-02 14:32:00,1497.08,1497.19,1497.08,1497.19,0.01,13.94,20742.8,1
2024-09-02,2024-09-02 14:33:00,1497.19,1497.29,1497.19,1497.29,0.01,13.94,20742.8,1
2024-09-02,2024-09-02 14:34:00,1497.29,1497.4,1497.29,1497.4,0.01,13.94,20742.8,1
2024-09-02,2024-09-02 14:35:00,1497.4,1497.5,1497.4,1497.5,0.01,13.94,20742.8,1
2024-09-02,2024-09-02 14:36:00,1497.5,1497.6,1497.5,1497.6,0.01,13.94,20742.8,1
2024-09-02,2024-09-02 14:37:00,1497.6,1497.71,1497.6,1497.71,0.01,13.94,20742.8,1
2024-09-02,2024-09-02 14:38:00,1497.71,1497.81,1497.71,1497.81,0.01,13.94,20742.8,1
2024-09-02,2024-09-02 14:39:00,1497.81,1497.92,1497.81,1497.92,0.01,13.94,20742.8,1
2024-09-02,2024-09-02 14:40:00,1497.92,1498.02,1497.92,1498.02,0.01,13.94,20742.8,1
2024-09-02,2024-09-02 14:41:00,1498.02,1498.12,1498.02,1498.12,0.01,13.94,20742.8,1
2024-09-02,2024-09-02 14:42:00,1498.12,1498.23,1498.12,1498.23,0.01,13.94,20742.8,1
2024-09-02,2024-09-02 14:43:00,1498.23,1498.33,1498.23,1498.33,0.01,13.94,20742.8,1
2024-09-02,2024-09-02 14:44:00,1498.33,1498.44,1498.33,1498.44,0.01,13.94,20742.8,1
2024-09-02,2024-09-02 14:45:00,1498.44,1498.54,1498.44,1498.54,0.01,13.94,20742.8,1
2024-09-02,2024-09-02 14:46:00,1498.54,1498.65,1498.54,1498.65,0.01,13.94,20742.8,1
2024-09-02,2024-09-02 14:47:00,1498.65,1498.75,1498.65,1498.75,0.01,13.94,20742.8,1
2024-09-02,2024-09-02 14:48:00,1498.75,1498.85,1498.75,1498.85,0.01,13.94,20742.8,1
2024-09-02,2024-09-02 14:49:00,1498.85,1498.96,1498.85,1498.96,0.01,13.94,20742.8,1
2024-09-02,2024-09-02 14:50:00,1498.96,1499.06,1498.96,1499.06,0.01,13.94,20742.8,1
2024-09-02,2024-09-02 14:51:00,1499.06,1499.17,1499.06,1499.17,0.01,13.94,20742.8,1
2024-09-02,2024-09-02 14:52:00,1499.17,1499.27,1499.17,1499.27,0.01,13.94,20742.8,1
2024-09-02,2024-09-02 14:53:00,1499.27,1499.38,1499.27,1499.38,0.01,13.94,20742.8,1
2024-09-02,2024-09-02 14:54:00,1499.38,1499.48,1499.38,1499.48,0.01,13.94,20742.8,1
2024-09-02,2024-09-02 14:55:00,1499.48,1499.58,1499.48,1499.58,0.01,13.94,20742.8,1
2024-09-02,2024-09-02 14:56:00,1499.58,1499.69,1499.58,1499.69,0.01,13.94,20742.8,1
2024-09-02,2024-09-02 14:57:00,1499.69,1499.79,1499.69,1499.79,0.01,13.94,20742.8,1
2024-09-02,2024-09-02 14:58:00,1499.79,1499.9,1499.79,1499.9,0.01,13.94,20742.8,1
2024-09-02,2024-09-02 14:59:00,1499.9,1500.0,1499.9,1500.0,0.01,13.94,20742.8,1
2024-09-02,2024-09-02 15:00:00,1500.0,1505.0,1460.0,1500.0,0.0,13.94,20742.8,0
2024-09-03,2024-09-03 11:00:00,1470.0,1496.7,1470.0,1470.0,0.0,44.1,65733.79,0
2024-09-03,2024-09-03 11:01:00,1470.0,1470.0,1470.0,1470.0,0.0,44.1,65733.79,0
2024-09-03,2024-09-03 11:02:00,1470.0,1470.0,1470.0,1470.0,0.0,44.1,65733.79,0
2024-09-03,2024-09-03 11:03:00,1470.0,1470.0,1470.0,1470.0,0.0,44.1,65733.79,0
2024-09-03,2024-09-03 11:04:00,1470.0,1470.0,1470.0,1470.0,0.0,44.1,65733.79,0
2024-09-03,2024-09-03 11:05:00,1470.0,1470.0,1470.0,1470.0,0.0,44.1,65733.79,0
2024-09-03,2024-09-03 11:06:00,1470.0,1470.0,1470.0,1470.0,0.0,44.1,65733.79,0
2024-09-03,2024-09-03 11:07:00,1470.0,1470.0,1470.0,1470.0,0.0,44.1,65733.79,0
2024-09-03,2024-09-03 11:08:00,1470.0,1470.0,1470.0,1470.0,0.0,44.1,65733.79,0
2024-09-03,2024-09-03 11:09:00,1470.0,1470.0,1470.0,1470.0,0.0,44.1,65733.79,0
2024-09-03,2024-09-03 11:10:00,1470.0,1470.0,1470.0,1470.0,0.0,44.1,65733.79,0
2024-09-03,2024-09-03 11:11:00,1470.0,1470.0,1470.0,1470.0,0.0,44.1,65733.79,0
2024-09-03,2024-09-03 11:12:00,1470.0,1470.0,1470.0,1470.0,0.0,44.1,65733.79,0
2024-09-03,2024-09-03 11:13:00,1470.0,1470.0,1470.0,1470.0,0.0,44.1,65733.79,0
2024-09-03,2024-09-03 11:14:00,1470.0,1470.0,1470.0,1470.0,0.0,44.1,65733.79,0
2024-09-03,2024-09-03 11:15:00,1470.0,1470.0,1470.0,1470.0,0.0,44.1,65733.79,0
2024-09-03,2024-09-03 11:16:00,1470.0,1470.0,1470.0,1470.0,0.0,44.1,65733.79,0
2024-09-03,2024-09-03 11:17:00,1470.0,1470.0,1470.0,1470.0,0.0,44.1,65733.79,0
2024-09-03,2024-09-03 11:18:00,1470.0,1470.0,1470.0,1470.0,0.0,44.1,65733.79,0
2024-09-03,2024-09-03 11:19:00,1470.0,1470.0,1470.0,1470.0,0.0,44.1,65733.79,0
2024-09-03,2024-09-03 11:20:00,1470.0,1470.0,1470.0,1470.0,0.0,44.1,65733.79,0
2024-09-03,2024-09-03 11:21:00,1470.0,1470.0,1470.0,1470.0,0.0,44.1,65733.79,0
2024-09-03,2024-09-03 11:22:00,1470.0,1470.0,1470.0,1470.0,0.0,44.1,65733.79,0
2024-09-03,2024-09-03 11:23:00,1470.0,1470.0,1470.0,1470.0,0.0,44.1,65733.79,0
2024-09-03,2024-09-03 11:24:00,1470.0,1470.0,1470.0,1470.0,0.0,44.1,65733.79,0
2024-09-03,2024-09-03 11:25:00,1470.0,1470.0,1470.0,1470.0,0.0,44.1,65733.79,0
2024-09-03,2024-09-03 11:26:00,1470.0,1470.0,1470.0,1470.0,0.0,44.1,65733.79,0
2024-09-03,2024-09-03 11:27:00,1470.0,1470.0,1470.0,1470.0,0.0,44.1,65733.79,0
2024-09-03,2024-09-03 11:28:00,1470.0,1470.0,1470.0,1470.0,0.0,44.1,65733.79,0
2024-09-03,2024-09-03 11:29:00,1470.0,1470.0,1470.0,1470.0,0.0,44.1,65733.79,0
2024-09-03,2024-09-03 11:30:00,1470.0,1470.0,1470.0,1470.0,0.0,44.1,65733.79,0
2024-09-03,2024-09-03 11:31:00,1470.0,1470.0,1470.0,1470.0,0.0,44.1,65733.79,0
2024-09-03,2024-09-03 11:32:00,1470.0,1470.0,1470.0,1470.0,0.0,44.1,65733.79,0
2024-09-03,2024-09-03 11:33:00,1470.0,1470.0,1470.0,1470.0,0.0,44.1,65733.79,0
2024-09-03,2024-09-03 11:34:00,1470.0,1470.0,1470.0,1470.0,0.0,44.1,65733.79,0
2024-09-03,2024-09-03 11:35:00,1470.0,1470.0,1470.0,1470.0,0.0,44.1,65733.79,0
2024-09-03,2024-09-03 11:36:00,1470.0,1470.0,1470.0,1470.0,0.0,44.1,65733.79,0
2024-09-03,2024-09-03 11:37:00,1470.0,1470.0,1470.0,1470.0,0.0,44.1,65733.79,0
2024-09-03,2024-09-03 11:38:00,1470.0,1470.0,1470.0,1470.0,0.0,44.1,65733.79,0
2024-09-03,2024-09-03 11:39:00,1470.0,1470.0,1470.0,1470.0,0.0,44.1,65733.79,0
2024-09-03,2024-09-03 11:40:00,1470.0,1470.0,1470.0,1470.0,0.0,44.1,65733.79,0
2024-09-03,2024-09-03 11:41:00,1470.0,1470.0,1470.0,1470.0,0.0,44.1,65733.79,0
2024-09-03,2024-09-03 11:42:00,1470.0,1470.0,1470.0,1470.0,0.0,44.1,65733.79,0
2024-09-03,2024-09-03 11:43:00,1470.0,1470.0,1470.0,1470.0,0.0,44.1,65733.79,0
2024-09-03,2024-09-03 11:44:00,1470.0,1470.0,1470.0,1470.0,0.0,44.1,65733.79,0
2024-09-03,2024-09-03 11:45:00,1470.0,1470.0,1470.0,1470.0,0.0,44.1,65733.79,0
2024-09-03,2024-09-03 11:46:00,1470.0,1470.0,1470.0,1470.0,0.0,44.1,65733.79,0
2024-09-03,2024-09-03 11:47:00,1470.0,1470.0,1470.0,1470.0,0.0,44.1,65733.79,0
2024-09-03,2024-09-03 11:48:00,1470.0,1470.0,1470.0,1470.0,0.0,44.1,65733.79,0
2024-09-03,2024-09-03 11:49:00,1470.0,1470.0,1470.0,1470.0,0.0,44.1,65733.79,0
2024-09-03,2024-09-03 11:50:00,1470.0,1470.0,1470.0,1470.0,0.0,44.1,65733.79,0
2024-09-03,2024-09-03 11:51:00,1470.0,1470.0,1470.0,1470.0,0.0,44.1,65733.79,0
2024-09-03,2024-09-03 11:52:00,1470.0,1470.0,1470.0,1470.0,0.0,44.1,65733.79,0
2024-09-03,2024-09-03 11:53:00,1470.0,1470.0,1470.0,1470.0,0.0,44.1,65733.79,0
2024-09-03,2024-09-03 11:54:00,1470.0,1470.0,1470.0,1470.0,0.0,44.1,65733.79,0
2024-09-03,2024-09-03 11:55:00,1470.0,1470.0,1470.0,1470.0,0.0,44.1,65733.79,0
2024-09-03,2024-09-03 11:56:00,1470.0,1470.0,1470.0,1470.0,0.0,44.1,65733.79,0
2024-09-03,2024-09-03 11:57:00,1470.0,1470.0,1470.0,1470.0,0.0,44.1,65733.79,0
2024-09-03,2024-09-03 11:58:00,1470.0,1470.0,1470.0,1470.0,0.0,44.1,65733.79,0
2024-09-03,2024-09-03 11:59:00,1470.0,1470.0,1470.0,1470.0,0.0,44.1,65733.79,0
2024-09-03,2024-09-03 12:00:00,1470.0,1470.0,1470.0,1470.0,0.0,44.1,65733.79,0
2024-09-03,2024-09-03 12:01:00,1470.0,1470.0,1470.0,1470.0,0.0,44.1,65733.79,0
2024-09-03,2024-09-03 12:02:00,1470.0,1470.0,1470.0,1470.0,0.0,44.1,65733.79,0
2024-09-03,2024-09-03 12:03:00,1470.0,1470.0,1470.0,1470.0,0.0,44.1,65733.79,0
2024-09-03,2024-09-03 12:04:00,1470.0,1470.0,1470.0,1470.0,0.0,44.1,65733.79,0
2024-09-03,2024-09-03 12:05:00,1470.0,1470.0,1470.0,1470.0,0.0,44.1,65733.79,0
2024-09-03,2024-09-03 12:06:00,1470.0,1470.0,1470.0,1470.0,0.0,44.1,65733.79,0
2024-09-03,2024-09-03 12:07:00,1470.0,1470.0,1470.0,1470.0,0.0,44.1,65733.79,0
2024-09-03,2024-09-03 12:08:00,1470.0,1470.0,1470.0,1470.0,0.0,44.1,65733.79,0
2024-09-03,2024-09-03 12:09:00,1470.0,1470.0,1470.0,1470.0,0.0,44.1,65733.79,0
2024-09-03,2024-09-03 12:10:00,1470.0,1470.0,1470.0,1470.0,0.0,44.1,65733.79,0
2024-09-03,2024-09-03 12:11:00,1470.0,1470.0,1470.0,1470.0,0.0,44.1,65733.79,0
2024-09-03,2024-09-03 12:12:00,1470.0,1470.0,1470.0,1470.0,0.0,44.1,65733.79,0
2024-09-03,2024-09-03 12:13:00,1470.0,1470.0,1470.0,1470.0,0.0,44.1,65733.79,0
2024-09-03,2024-09-03 12:14:00,1470.0,1470.0,1470.0,1470.0,0.0,44.1,65733.79,0
2024-09-03,2024-09-03 12:15:00,1470.0,1470.0,1470.0,1470.0,0.0,44.1,65733.79,0
2024-09-03,2024-09-03 12:16:00,1470.0,1470.0,1470.0,1470.0,0.0,44.1,65733.79,0
2024-09-03,2024-09-03 12:17:00,1470.0,1470.0,1470.0,1470.0,0.0,44.1,65733.79,0
2024-09-03,2024-09-03 12:18:00,1470.0,1470.0,1470.0,1470.0,0.0,44.1,65733.79,0
2024-09-03,2024-09-03 12:19:00,1470.0,1470.0,1470.0,1470.0,0.0,44.1,65733.79,0
2024-09-03,2024-09-03 12:20:00,1470.0,1470.0,1470.0,1470.0,0.0,44.1,65733.79,0
2024-09-03,2024-09-03 12:21:00,1470.0,1470.0,1470.0,1470.0,0.0,44.1,65733.79,0
2024-09-03,2024-09-03 12:22:00,1470.0,1470.0,1470.0,1470.0,0.0,44.1,65733.79,0
2024-09-03,2024-09-03 12:23:00,1470.0,1470.0,1470.0,1470.0,0.0,44.1,65733.79,0
2024-09-03,2024-09-03 12:24:00,1470.0,1470.0,1470.0,1470.0,0.0,44.1,65733.79,0
2024-09-03,2024-09-03 12:25:00,1470.0,1470.0,1470.0,1470.0,0.0,44.1,65733.79,0
2024-09-03,2024-09-03 12:26:00,1470.0,1470.0,1470.0,1470.0,0.0,44.1,65733.79,0
2024-09-03,2024-09-03 12:27:00,1470.0,1470.0,1470.0,1470.0,0.0,44.1,65733.79,0
2024-09-03,2024-09-03 12:28:00,1470.0,1470.0,1470.0,1470.0,0.0,44.1,65733.79,0
2024-09-03,2024-09-03 12:29:00,1470.0,1470.0,1470.0,1470.0,0.0,44.1,65733.79,0
2024-09-03,2024-09-03 12:30:00,1470.0,1470.0,1470.0,1470.0,0.0,44.1,65733.79,0
2024-09-03,2024-09-03 12:31:00,1470.0,1470.0,1470.0,1470.0,0.0,44.1,65733.79,0
2024-09-03,2024-09-03 12:32:00,1470.0,1470.0,1470.0,1470.0,0.0,44.1,65733.79,0
2024-09-03,2024-09-03 12:33:00,1470.0,1470.0,1470.0,1470.0,0.0,44.1,65733.79,0
2024-09-03,2024-09-03 12:34:00,1470.0,1470.0,1470.0,1470.0,0.0,44.1,65733.79,0
2024-09-03,2024-09-03 12:35:00,1470.0,1470.0,1470.0,1470.0,0.0,44.1,65733.79,0
2024-09-03,2024-09-03 12:36:00,1470.0,1470.0,1470.0,1470.0,0.0,44.1,65733.79,0
2024-09-03,2024-09-03 12:37:00,1470.0,1470.0,1470.0,1470.0,0.0,44.1,65733.79,0
2024-09-03,2024-09-03 12:38:00,1470.0,1470.0,1470.0,1470.0,0.0,44.1,65733.79,0
2024-09-03,2024-09-03 12:39:00,1470.0,1470.0,1470.0,1470.0,0.0,44.1,65733.79,0
2024-09-03,2024-09-03 12:40:00,1470.0,1470.0,1470.0,1470.0,0.0,44.1,65733.79,0
2024-09-03,2024-09-03 12:41:00,1470.0,1470.0,1470.0,1470.0,0.0,44.1,65733.79,0
2024-09-03,2024-09-03 12:42:00,1470.0,1470.0,1470.0,1470.0,0.0,44.1,65733.79,0
2024-09-03,2024-09-03 12:43:00,1470.0,1470.0,1470.0,1470.0,0.0,44.1,65733.79,0
2024-09-03,2024-09-03 12:44:00,1470.0,1470.0,1470.0,1470.0,0.0,44.1,65733.79,0
2024-09-03,2024-09-03 12:45:00,1470.0,1470.0,1470.0,1470.0,0.0,44.1,65733.79,0
2024-09-03,2024-09-03 12:46:00,1470.0,1470.0,1470.0,1470.0,0.0,44.1,65733.79,0
2024-09-03,2024-09-03 12:47:00,1470.0,1470.0,1470.0,1470.0,0.0,44.1,65733.79,0
2024-09-03,2024-09-03 12:48:00,1470.0,1470.0,1470.0,1470.0,0.0,44.1,65733.79,0
2024-09-03,2024-09-03 12:49:00,1470.0,1470.0,1470.0,1470.0,0.0,44.1,65733.79,0
2024-09-03,2024-09-03 12:50:00,1470.0,1470.0,1470.0,1470.0,0.0,44.1,65733.79,0
2024-09-03,2024-09-03 12:51:00,1470.0,1470.0,1470.0,1470.0,0.0,44.1,65733.79,0
2024-09-03,2024-09-03 12:52:00,1470.0,1470.0,1470.0,1470.0,0.0,44.1,65733.79,0
2024-09-03,2024-09-03 12:53:00,1470.0,1470.0,1470.0,1470.0,0.0,44.1,65733.79,0
2024-09-03,2024-09-03 12:54:00,1470.0,1470.0,1470.0,1470.0,0.0,44.1,65733.79,0
2024-09-03,2024-09-03 12:55:00,1470.0,1470.0,1470.0,1470.0,0.0,44.1,65733.79,0
2024-09-03,2024-09-03 12:56:00,1470.0,1470.0,1470.0,1470.0,0.0,44.1,65733.79,0
2024-09-03,2024-09-03 12:57:00,1470.0,1470.0,1470.0,1470.0,0.0,44.1,65733.79,0
2024-09-03,2024-09-03 12:58:00,1470.0,1470.0,1470.0,1470.0,0.0,44.1,65733.79,0
2024-09-03,2024-09-03 12:59:00,1470.0,1470.0,1470.0,1470.0,0.0,44.1,65733.79,0
2024-09-03,2024-09-03 13:00:00,1470.0,1559.0,1470.0,1470.0,0.0,44.1,65733.79,0
2024-09-03,2024-09-03 13:01:00,1470.0,1470.0,1470.0,1470.0,0.0,44.1,65733.79,0
2024-09-03,2024-09-03 13:02:00,1470.0,1470.0,1470.0,1470.0,0.0,44.1,65733.79,0
2024-09-03,2024-09-03 13:03:00,1470.0,1470.0,1470.0,1470.0,0.0,44.1,65733.79,0
2024-09-03,2024-09-03 13:04:00,1470.0,1470.0,1470.0,1470.0,0.0,44.1,65733.79,0
2024-09-03,2024-09-03 13:05:00,1470.0,1470.0,1470.0,1470.0,0.0,44.1,65733.79,0
2024-09-03,2024-09-03 13:06:00,1470.0,1470.0,1470.0,1470.0,0.0,44.1,65733.79,0
2024-09-03,2024-09-03 13:07:00,1470.0,1470.0,1470.0,1470.0,0.0,44.1,65733.79,0
2024-09-03,2024-09-03 13:08:00,1470.0,1470.0,1470.0,1470.0,0.0,44.1,65733.79,0
2024-09-03,2024-09-03 13:09:00,1470.0,1470.0,1470.0,1470.0,0.0,44.1,65733.79,0
2024-09-03,2024-09-03 13:10:00,1470.0,1470.0,1470.0,1470.0,0.0,44.1,65733.79,0
2024-09-03,2024-09-03 13:11:00,1470.0,1470.0,1470.0,1470.0,0.0,44.1,65733.79,0
2024-09-03,2024-09-03 13:12:00,1470.0,1470.0,1470.0,1470.0,0.0,44.1,65733.79,0
2024-09-03,2024-09-03 13:13:00,1470.0,1470.0,1470.0,1470.0,0.0,44.1,65733.79,0
2024-09-03,2024-09-03 13:14:00,1470.0,1470.0,1470.0,1470.0,0.0,44.1,65733.79,0
2024-09-03,2024-09-03 13:15:00,1470.0,1470.0,1470.0,1470.0,0.0,44.1,65733.79,0
2024-09-03,2024-09-03 13:16:00,1470.0,1470.0,1470.0,1470.0,0.0,44.1,65733.79,0
2024-09-03,2024-09-03 13:17:00,1470.0,1470.0,1470.0,1470.0,0.0,44.1,65733.79,0
2024-09-03,2024-09-03 13:18:00,1470.0,1470.0,1470.0,1470.0,0.0,44.1,65733.79,0
2024-09-03,2024-09-03 13:19:00,1470.0,1470.0,1470.0,1470.0,0.0,44.1,65733.79,0
2024-09-03,2024-09-03 13:20:00,1470.0,1470.0,1470.0,1470.0,0.0,44.1,65733.79,0
2024-09-03,2024-09-03 13:21:00,1470.0,1470.0,1470.0,1470.0,0.0,44.1,65733.79,0
2024-09-03,2024-09-03 13:22:00,1470.0,1470.0,1470.0,1470.0,0.0,44.1,65733.79,0
2024-09-03,2024-09-03 13:23:00,1470.0,1470.0,1470.0,1470.0,0.0,44.1,65733.79,0
2024-09-03,2024-09-03 13:24:00,1470.0,1470.0,1470.0,1470.0,0.0,44.1,65733.79,0
2024-09-03,2024-09-03 13:25:00,1470.0,1470.0,1470.0,1470.0,0.0,44.1,65733.79,0
2024-09-03,2024-09-03 13:26:00,1470.0,1470.0,1470.0,1470.0,0.0,44.1,65733.79,0
2024-09-03,2024-09-03 13:27:00,1470.0,1470.0,1470.0,1470.0,0.0,44.1,65733.79,0
2024-09-03,2024-09-03 13:28:00,1470.0,1470.0,1470.0,1470.0,0.0,44.1,65733.79,0
2024-09-03,2024-09-03 13:29:00,1470.0,1470.0,1470.0,1470.0,0.0,44.1,65733.79,0
2024-09-03,2024-09-03 13:30:00,1470.0,1470.0,1470.0,1470.0,0.0,44.1,65733.79,0
2024-09-03,2024-09-03 13:31:00,1470.0,1470.0,1470.0,1470.0,0.0,44.1,65733.79,0
2024-09-03,2024-09-03 13:32:00,1470.0,1470.0,1470.0,1470.0,0.0,44.1,65733.79,0
2024-09-03,2024-09-03 13:33:00,1470.0,1470.0,1470.0,1470.0,0.0,44.1,65733.79,0
2024-09-03,2024-09-03 13:34:00,1470.0,1470.0,1470.0,1470.0,0.0,44.1,65733.79,0
2024-09-03,2024-09-03 13:35:00,1470.0,1470.0,1470.0,1470.0,0.0,44.1,65733.79,0
2024-09-03,2024-09-03 13:36:00,1470.0,1470.0,1470.0,1470.0,0.0,44.1,65733.79,0
2024-09-03,2024-09-03 13:37:00,1470.0,1470.0,1470.0,1470.0,0.0,44.1,65733.79,0
2024-09-03,2024-09-03 13:38:00,1470.0,1470.0,1470.0,1470.0,0.0,44.1,65733.79,0
2024-09-03,2024-09-03 13:39:00,1470.0,1470.0,1470.0,1470.0,0.0,44.1,65733.79,0
2024-09-03,2024-09-03 13:40:00,1470.0,1470.0,1470.0,1470.0,0.0,44.1,65733.79,0
2024-09-03,2024-09-03 13:41:00,1470.0,1470.0,1470.0,1470.0,0.0,44.1,65733.79,0
2024-09-03,2024-09-03 13:42:00,1470.0,1470.0,1470.0,1470.0,0.0,44.1,65733.79,0
2024-09-03,2024-09-03 13:43:00,1470.0,1470.0,1470.0,1470.0,0.0,44.1,65733.79,0
2024-09-03,2024-09-03 13:44:00,1470.0,1470.0,1470.0,1470.0,0.0,44.1,65733.79,0
2024-09-03,2024-09-03 13:45:00,1470.0,1470.0,1470.0,1470.0,0.0,44.1,65733.79,0
2024-09-03,2024-09-03 13:46:00,1470.0,1470.0,1470.0,1470.0,0.0,44.1,65733.79,0
2024-09-03,2024-09-03 13:47:00,1470.0,1470.0,1470.0,1470.0,0.0,44.1,65733.79,0
2024-09-03,2024-09-03 13:48:00,1470.0,1470.0,1470.0,1470.0,0.0,44.1,65733.79,0
2024-09-03,2024-09-03 13:49:00,1470.0,1470.0,1470.0,1470.0,0.0,44.1,65733.79,0
2024-09-03,2024-09-03 13:50:00,1470.0,1470.0,1470.0,1470.0,0.0,44.1,65733.79,0
2024-09-03,2024-09-03 13:51:00,1470.0,1470.0,1470.0,1470.0,0.0,44.1,65733.79,0
2024-09-03,2024-09-03 13:52:00,1470.0,1470.0,1470.0,1470.0,0.0,44.1,65733.79,0
2024-09-03,2024-09-03 13:53:00,1470.0,1470.0,1470.0,1470.0,0.0,44.1,65733.79,0
2024-09-03,2024-09-03 13:54:00,1470.0,1470.0,1470.0,1470.0,0.0,44.1,65733.79,0
2024-09-03,2024-09-03 13:55:00,1470.0,1470.0,1470.0,1470.0,0.0,44.1,65733.79,0
2024-09-03,2024-09-03 13:56:00,1470.0,1470.0,1470.0,1470.0,0.0,44.1,65733.79,0
2024-09-03,2024-09-03 13:57:00,1470.0,1470.0,1470.0,1470.0,0.0,44.1,65733.79,0
2024-09-03,2024-09-03 13:58:00,1470.0,1470.0,1470.0,1470.0,0.0,44.1,65733.79,0
2024-09-03,2024-09-03 13:59:00,1470.0,1470.0,1470.0,1470.0,0.0,44.1,65733.79,0
2024-09-03,2024-09-03 14:00:00,1470.0,1470.0,1470.0,1470.0,0.0,44.1,65733.79,0
2024-09-03,2024-09-03 14:01:00,1470.0,1470.0,1470.0,1470.0,0.0,44.1,65733.79,0
2024-09-03,2024-09-03 14:02:00,1470.0,1470.0,1470.0,1470.0,0.0,44.1,65733.79,0
2024-09-03,2024-09-03 14:03:00,1470.0,1470.0,1470.0,1470.0,0.0,44.1,65733.79,0
2024-09-03,2024-09-03 14:04:00,1470.0,1470.0,1470.0,1470.0,0.0,44.1,65733.79,0
2024-09-03,2024-09-03 14:05:00,1470.0,1470.0,1470.0,1470.0,0.0,44.1,65733.79,0
2024-09-03,2024-09-03 14:06:00,1470.0,1470.0,1470.0,1470.0,0.0,44.1,65733.79,0
2024-09-03,2024-09-03 14:07:00,1470.0,1470.0,1470.0,1470.0,0.0,44.1,65733.79,0
2024-09-03,2024-09-03 14:08:00,1470.0,1470.0,1470.0,1470.0,0.0,44.1,65733.79,0
2024-09-03,2024-09-03 14:09:00,1470.0,1470.0,1470.0,1470.0,0.0,44.1,65733.79,0
2024-09-03,2024-09-03 14:10:00,1470.0,1470.0,1470.0,1470.0,0.0,44.1,65733.79,0
2024-09-03,2024-09-03 14:11:00,1470.0,1470.0,1470.0,1470.0,0.0,44.1,65733.79,0
2024-09-03,2024-09-03 14:12:00,1470.0,1470.0,1470.0,1470.0,0.0,44.1,65733.79,0
2024-09-03,2024-09-03 14:13:00,1470.0,1470.0,1470.0,1470.0,0.0,44.1,65733.79,0
2024-09-03,2024-09-03 14:14:00,1470.0,1470.0,1470.0,1470.0,0.0,44.1,65733.79,0
2024-09-03,2024-09-03 14:15:00,1470.0,1470.0,1470.0,1470.0,0.0,44.1,65733.79,0
2024-09-03,2024-09-03 14:16:00,1470.0,1470.0,1470.0,1470.0,0.0,44.1,65733.79,0
2024-09-03,2024-09-03 14:17:00,1470.0,1470.0,1470.0,1470.0,0.0,44.1,65733.79,0
2024-09-03,2024-09-03 14:18:00,1470.0,1470.0,1470.0,1470.0,0.0,44.1,65733.79,0
2024-09-03,2024-09-03 14:19:00,1470.0,1470.0,1470.0,1470.0,0.0,44.1,65733.79,0
2024-09-03,2024-09-03 14:20:00,1470.0,1470.0,1470.0,1470.0,0.0,44.1,65733.79,0
2024-09-03,2024-09-03 14:21:00,1470.0,1470.0,1470.0,1470.0,0.0,44.1,65733.79,0
2024-09-03,2024-09-03 14:22:00,1470.0,1470.0,1470.0,1470.0,0.0,44.1,65733.79,0
2024-09-03,2024-09-03 14:23:00,1470.0,1470.0,1470.0,1470.0,0.0,44.1,65733.79,0
2024-09-03,2024-09-03 14:24:00,1470.0,1470.0,1470.0,1470.0,0.0,44.1,65733.79,0
2024-09-03,2024-09-03 14:25:00,1470.0,1470.0,1470.0,1470.0,0.0,44.1,65733.79,0
2024-09-03,2024-09-03 14:26:00,1470.0,1470.0,1470.0,1470.0,0.0,44.1,65733.79,0
2024-09-03,2024-09-03 14:27:00,1470.0,1470.0,1470.0,1470.0,0.0,44.1,65733.79,0
2024-09-03,2024-09-03 14:28:00,1470.0,1470.0,1470.0,1470.0,0.0,44.1,65733.79,0
2024-09-03,2024-09-03 14:29:00,1470.0,1470.0,1470.0,1470.0,0.0,44.1,65733.79,0
2024-09-03,2024-09-03 14:30:00,1470.0,1470.0,1470.0,1470.0,0.0,44.1,65733.79,0
2024-09-03,2024-09-03 14:31:00,1470.0,1470.0,1470.0,1470.0,0.0,44.1,65733.79,0
2024-09-03,2024-09-03 14:32:00,1470.0,1470.0,1470.0,1470.0,0.0,44.1,65733.79,0
2024-09-03,2024-09-03 14:33:00,1470.0,1470.0,1470.0,1470.0,0.0,44.1,65733.79,0
2024-09-03,2024-09-03 14:34:00,1470.0,1470.0,1470.0,1470.0,0.0,44.1,65733.79,0
2024-09-03,2024-09-03 14:35:00,1470.0,1470.0,1470.0,1470.0,0.0,44.1,65733.79,0
2024-09-03,2024-09-03 14:36:00,1470.0,1470.0,1470.0,1470.0,0.0,44.1,65733.79,0
2024-09-03,2024-09-03 14:37:00,1470.0,1470.0,1470.0,1470.0,0.0,44.1,65733.79,0
2024-09-03,2024-09-03 14:38:00,1470.0,1470.0,1470.0,1470.0,0.0,44.1,65733.79,0
2024-09-03,2024-09-03 14:39:00,1470.0,1470.0,1470.0,1470.0,0.0,44.1,65733.79,0
2024-09-03,2024-09-03 14:40:00,1470.0,1470.0,1470.0,1470.0,0.0,44.1,65733.79,0
2024-09-03,2024-09-03 14:41:00,1470.0,1470.0,1470.0,1470.0,0.0,44.1,65733.79,0
2024-09-03,2024-09-03 14:42:00,1470.0,1470.0,1470.0,1470.0,0.0,44.1,65733.79,0
2024-09-03,2024-09-03 14:43:00,1470.0,1470.0,1470.0,1470.0,0.0,44.1,65733.79,0
2024-09-03,2024-09-03 14:44:00,1470.0,1470.0,1470.0,1470.0,0.0,44.1,65733.79,0
2024-09-03,2024-09-03 14:45:00,1470.0,1470.0,1470.0,1470.0,0.0,44.1,65733.79,0
2024-09-03,2024-09-03 14:46:00,1470.0,1470.0,1470.0,1470.0,0.0,44.1,65733.79,0
2024-09-03,2024-09-03 14:47:00,1470.0,1470.0,1470.0,1470.0,0.0,44.1,65733.79,0
2024-09-03,2024-09-03 14:48:00,1470.0,1470.0,1470.0,1470.0,0.0,44.1,65733.79,0
2024-09-03,2024-09-03 14:49:00,1470.0,1470.0,1470.0,1470.0,0.0,44.1,65733.79,0
2024-09-03,2024-09-03 14:50:00,1470.0,1470.0,1470.0,1470.0,0.0,44.1,65733.79,0
2024-09-03,2024-09-03 14:51:00,1470.0,1470.0,1470.0,1470.0,0.0,44.1,65733.79,0
2024-09-03,2024-09-03 14:52:00,1470.0,1470.0,1470.0,1470.0,0.0,44.1,65733.79,0
2024-09-03,2024-09-03 14:53:00,1470.0,1470.0,1470.0,1470.0,0.0,44.1,65733.79,0
2024-09-03,2024-09-03 14:54:00,1470.0,1470.0,1470.0,1470.0,0.0,44.1,65733.79,0
2024-09-03,2024-09-03 14:55:00,1470.0,1470.0,1470.0,1470.0,0.0,44.1,65733.79,0
2024-09-03,2024-09-03 14:56:00,1470.0,1470.0,1470.0,1470.0,0.0,44.1,65733.79,0
2024-09-03,2024-09-03 14:57:00,1470.0,1470.0,1470.0,1470.0,0.0,44.1,65733.79,0
2024-09-03,2024-09-03 14:58:00,1470.0,1470.0,1470.0,1470.0,0.0,44.1,65733.79,0
2024-09-03,2024-09-03 14:59:00,1470.0,1470.0,1470.0,1470.0,0.0,44.1,65733.79,0
2024-09-03,2024-09-03 15:00:00,1470.0,1559.0,1470.0,1470.0,0.0,44.1,65733.79,0
2024-09-04,2024-09-04 11:00:00,1448.0,1475.57,1448.0,1448.15,0.01,64.1,97445.95,1
2024-09-04,2024-09-04 11:01:00,1448.15,1448.31,1448.15,1448.31,0.01,64.1,97445.95,1
2024-09-04,2024-09-04 11:02:00,1448.31,1448.46,1448.31,1448.46,0.01,64.1,97445.95,1
2024-09-04,2024-09-04 11:03:00,1448.46,1448.62,1448.46,1448.62,0.01,64.1,97445.95,1
2024-09-04,2024-09-04 11:04:00,1448.62,1448.77,1448.62,1448.77,0.01,64.1,97445.95,1
2024-09-04,2024-09-04 11:05:00,1448.77,1448.93,1448.77,1448.93,0.01,64.1,97445.95,1
2024-09-04,2024-09-04 11:06:00,1448.93,1449.08,1448.93,1449.08,0.01,64.1,97445.95,1
2024-09-04,2024-09-04 11:07:00,1449.08,1449.24,1449.08,1449.24,0.01,64.1,97445.95,1
2024-09-04,2024-09-04 11:08:00,1449.24,1449.39,1449.24,1449.39,0.01,64.1,97445.95,1
2024-09-04,2024-09-04 11:09:00,1449.39,1449.55,1449.39,1449.55,0.01,64.1,97445.95,1
2024-09-04,2024-09-04 11:10:00,1449.55,1449.7,1449.55,1449.7,0.01,64.1,97445.95,1
2024-09-04,2024-09-04 11:11:00,1449.7,1449.86,1449.7,1449.86,0.01,64.1,97445.95,1
2024-09-04,2024-09-04 11:12:00,1449.86,1450.01,1449.86,1450.01,0.01,64.1,97445.95,1
2024-09-04,2024-09-04 11:13:00,1450.01,1450.16,1450.01,1450.16,0.01,64.1,97445.95,1
2024-09-04,2024-09-04 11:14:00,1450.16,1450.32,1450.16,1450.32,0.01,64.1,97445.95,1
2024-09-04,2024-09-04 11:15:00,1450.32,1450.47,1450.32,1450.47,0.01,64.1,97445.95,1
2024-09-04,2024-09-04 11:16:00,1450.47,1450.63,1450.47,1450.63,0.01,64.1,97445.95,1
2024-09-04,2024-09-04 11:17:00,1450.63,1450.78,1450.63,1450.78,0.01,64.1,97445.95,1
2024-09-04,2024-09-04 11:18:00,1450.78,1450.94,1450.78,1450.94,0.01,64.1,97445.95,1
2024-09-04,2024-09-04 11:19:00,1450.94,1451.09,1450.94,1451.09,0.01,64.1,97445.95,1
2024-09-04,2024-09-04 11:20:00,1451.09,1451.25,1451.09,1451.25,0.01,64.1,97445.95,1
2024-09-04,2024-09-04 11:21:00,1451.25,1451.4,1451.25,1451.4,0.01,64.1,97445.95,1
2024-09-04,2024-09-04 11:22:00,1451.4,1451.56,1451.4,1451.56,0.01,64.1,97445.95,1
2024-09-04,2024-09-04 11:23:00,1451.56,1451.71,1451.56,1451.71,0.01,64.1,97445.95,1
2024-09-04,2024-09-04 11:24:00,1451.71,1451.86,1451.71,1451.86,0.01,64.1,97445.95,1
2024-09-04,2024-09-04 11:25:00,1451.86,1452.02,1451.86,1452.02,0.01,64.1,97445.95,1
2024-09-04,2024-09-04 11:26:00,1452.02,1452.17,1452.02,1452.17,0.01,64.1,97445.95,1
2024-09-04,2024-09-04 11:27:00,1452.17,1452.33,1452.17,1452.33,0.01,64.1,97445.95,1
2024-09-04,2024-09-04 11:28:00,1452.33,1452.48,1452.33,1452.48,0.01,64.1,97445.95,1
2024-09-04,2024-09-04 11:29:00,1452.48,1452.64,1452.48,1452.64,0.01,64.1,97445.95,1
2024-09-04,2024-09-04 11:30:00,1452.64,1452.79,1452.64,1452.79,0.01,64.1,97445.95,1
2024-09-04,2024-09-04 11:31:00,1452.79,1452.95,1452.79,1452.95,0.01,64.1,97445.95,1
2024-09-04,2024-09-04 11:32:00,1452.95,1453.1,1452.95,1453.1,0.01,64.1,97445.95,1
2024-09-04,2024-09-04 11:33:00,1453.1,1453.26,1453.1,1453.26,0.01,64.1,97445.95,1
2024-09-04,2024-09-04 11:34:00,1453.26,1453.41,1453.26,1453.41,0.01,64.1,97445.95,1
2024-09-04,2024-09-04 11:35:00,1453.41,1453.57,1453.41,1453.57,0.01,64.1,97445.95,1
2024-09-04,2024-09-04 11:36:00,1453.57,1453.72,1453.57,1453.72,0.01,64.1,97445.95,1
2024-09-04,2024-09-04 11:37:00,1453.72,1453.87,1453.72,1453.87,0.01,64.1,97445.95,1
2024-09-04,2024-09-04 11:38:00,1453.87,1454.03,1453.87,1454.03,0.01,64.1,97445.95,1
2024-09-04,2024-09-04 11:39:00,1454.03,1454.18,1454.03,1454.18,0.01,64.1,97445.95,1
2024-09-04,2024-09-04 11:40:00,1454.18,1454.34,1454.18,1454.34,0.01,64.1,97445.95,1
2024-09-04,2024-09-04 11:41:00,1454.34,1454.49,1454.34,1454.49,0.01,64.1,97445.95,1
2024-09-04,2024-09-04 11:42:00,1454.49,1454.65,1454.49,1454.65,0.01,64.1,97445.95,1
2024-09-04,2024-09-04 11:43:00,1454.65,1454.8,1454.65,1454.8,0.01,64.1,97445.95,1
2024-09-04,2024-09-04 11:44:00,1454.8,1454.96,1454.8,1454.96,0.01,64.1,97445.95,1
2024-09-04,2024-09-04 11:45:00,1454.96,1455.11,1454.96,1455.11,0.01,64.1,97445.95,1
2024-09-04,2024-09-04 11:46:00,1455.11,1455.27,1455.11,1455.27,0.01,64.1,97445.95,1
2024-09-04,2024-09-04 11:47:00,1455.27,1455.42,1455.27,1455.42,0.01,64.1,97445.95,1
2024-09-04,2024-09-04 11:48:00,1455.42,1455.57,1455.42,1455.57,0.01,64.1,97445.95,1
2024-09-04,2024-09-04 11:49:00,1455.57,1455.73,1455.57,1455.73,0.01,64.1,97445.95,1
2024-09-04,2024-09-04 11:50:00,1455.73,1455.88,1455.73,1455.88,0.01,64.1,97445.95,1
2024-09-04,2024-09-04 11:51:00,1455.88,1456.04,1455.88,1456.04,0.01,64.1,97445.95,1
2024-09-04,2024-09-04 11:52:00,1456.04,1456.19,1456.04,1456.19,0.01,64.1,97445.95,1
2024-09-04,2024-09-04 11:53:00,1456.19,1456.35,1456.19,1456.35,0.01,64.1,97445.95,1
2024-09-04,2024-09-04 11:54:00,1456.35,1456.5,1456.35,1456.5,0.01,64.1,97445.95,1
2024-09-04,2024-09-04 11:55:00,1456.5,1456.66,1456.5,1456.66,0.01,64.1,97445.95,1
2024-09-04,2024-09-04 11:56:00,1456.66,1456.81,1456.66,1456.81,0.01,64.1,97445.95,1
2024-09-04,2024-09-04 11:57:00,1456.81,1456.97,1456.81,1456.97,0.01,64.1,97445.95,1
2024-09-04,2024-09-04 11:58:00,1456.97,1457.12,1456.97,1457.12,0.01,64.1,97445.95,1
2024-09-04,2024-09-04 11:59:00,1457.12,1457.28,1457.12,1457.28,0.01,64.1,97445.95,1
2024-09-04,2024-09-04 12:00:00,1457.28,1457.43,1457.28,1457.43,0.01,64.1,97445.95,1
2024-09-04,2024-09-04 12:01:00,1457.43,1457.58,1457.43,1457.58,0.01,64.1,97445.95,1
2024-09-04,2024-09-04 12:02:00,1457.58,1457.74,1457.58,1457.74,0.01,64.1,97445.95,1
2024-09-04,2024-09-04 12:03:00,1457.74,1457.89,1457.74,1457.89,0.01,64.1,97445.95,1
2024-09-04,2024-09-04 12:04:00,1457.89,1458.05,1457.89,1458.05,0.01,64.1,97445.95,1
2024-09-04,2024-09-04 12:05:00,1458.05,1458.2,1458.05,1458.2,0.01,64.1,97445.95,1
2024-09-04,2024-09-04 12:06:00,1458.2,1458.36,1458.2,1458.36,0.01,64.1,97445.95,1
2024-09-04,2024-09-04 12:07:00,1458.36,1458.51,1458.36,1458.51,0.01,64.1,97445.95,1
2024-09-04,2024-09-04 12:08:00,1458.51,1458.67,1458.51,1458.67,0.01,64.1,97445.95,1
2024-09-04,2024-09-04 12:09:00,1458.67,1458.82,1458.67,1458.82,0.01,64.1,97445.95,1
2024-09-04,2024-09-04 12:10:00,1458.82,1458.98,1458.82,1458.98,0.01,64.1,97445.95,1
2024-09-04,2024-09-04 12:11:00,1458.98,1459.13,1458.98,1459.13,0.01,64.1,97445.95,1
2024-09-04,2024-09-04 12:12:00,1459.13,1459.28,1459.13,1459.28,0.01,64.1,97445.95,1
2024-09-04,2024-09-04 12:13:00,1459.28,1459.44,1459.28,1459.44,0.01,64.1,97445.95,1
2024-09-04,2024-09-04 12:14:00,1459.44,1459.59,1459.44,1459.59,0.01,64.1,97445.95,1
2024-09-04,2024-09-04 12:15:00,1459.59,1459.75,1459.59,1459.75,0.01,64.1,97445.95,1
2024-09-04,2024-09-04 12:16:00,1459.75,1459.9,1459.75,1459.9,0.01,64.1,97445.95,1
2024-09-04,2024-09-04 12:17:00,1459.9,1460.06,1459.9,1460.06,0.01,64.1,97445.95,1
2024-09-04,2024-09-04 12:18:00,1460.06,1460.21,1460.06,1460.21,0.01,64.1,97445.95,1
2024-09-04,2024-09-04 12:19:00,1460.21,1460.37,1460.21,1460.37,0.01,64.1,97445.95,1
2024-09-04,2024-09-04 12:20:00,1460.37,1460.52,1460.37,1460.52,0.01,64.1,97445.95,1
2024-09-04,2024-09-04 12:21:00,1460.52,1460.68,1460.52,1460.68,0.01,64.1,97445.95,1
2024-09-04,2024-09-04 12:22:00,1460.68,1460.83,1460.68,1460.83,0.01,64.1,97445.95,1
2024-09-04,2024-09-04 12:23:00,1460.83,1460.98,1460.83,1460.98,0.01,64.1,97445.95,1
2024-09-04,2024-09-04 12:24:00,1460.98,1461.14,1460.98,1461.14,0.01,64.1,97445.95,1
2024-09-04,2024-09-04 12:25:00,1461.14,1461.29,1461.14,1461.29,0.01,64.1,97445.95,1
2024-09-04,2024-09-04 12:26:00,1461.29,1461.45,1461.29,1461.45,0.01,64.1,97445.95,1
2024-09-04,2024-09-04 12:27:00,1461.45,1461.6,1461.45,1461.6,0.01,64.1,97445.95,1
2024-09-04,2024-09-04 12:28:00,1461.6,1461.76,1461.6,1461.76,0.01,64.1,97445.95,1
2024-09-04,2024-09-04 12:29:00,1461.76,1461.91,1461.76,1461.91,0.01,64.1,97445.95,1
2024-09-04,2024-09-04 12:30:00,1461.91,1462.07,1461.91,1462.07,0.01,64.1,97445.95,1
2024-09-04,2024-09-04 12:31:00,1462.07,1462.22,1462.07,1462.22,0.01,64.1,97445.95,1
2024-09-04,2024-09-04 12:32:00,1462.22,1462.38,1462.22,1462.38,0.01,64.1,97445.95,1
2024-09-04,2024-09-04 12:33:00,1462.38,1462.53,1462.38,1462.53,0.01,64.1,97445.95,1
2024-09-04,2024-09-04 12:34:00,1462.53,1462.69,1462.53,1462.69,0.01,64.1,97445.95,1
2024-09-04,2024-09-04 12:35:00,1462.69,1462.84,1462.69,1462.84,0.01,64.1,97445.95,1
2024-09-04,2024-09-04 12:36:00,1462.84,1462.99,1462.84,1462.99,0.01,64.1,97445.95,1
2024-09-04,2024-09-04 12:37:00,1462.99,1463.15,1462.99,1463.15,0.01,64.1,97445.95,1
2024-09-04,2024-09-04 12:38:00,1463.15,1463.3,1463.15,1463.3,0.01,64.1,97445.95,1
2024-09-04,2024-09-04 12:39:00,1463.3,1463.46,1463.3,1463.46,0.01,64.1,97445.95,1
2024-09-04,2024-09-04 12:40:00,1463.46,1463.61,1463.46,1463.61,0.01,64.1,97445.95,1
2024-09-04,2024-09-04 12:41:00,1463.61,1463.77,1463.61,1463.77,0.01,64.1,97445.95,1
2024-09-04,2024-09-04 12:42:00,1463.77,1463.92,1463.77,1463.92,0.01,64.1,97445.95,1
2024-09-04,2024-09-04 12:43:00,1463.92,1464.08,1463.92,1464.08,0.01,64.1,97445.95,1
2024-09-04,2024-09-04 12:44:00,1464.08,1464.23,1464.08,1464.23,0.01,64.1,97445.95,1
2024-09-04,2024-09-04 12:45:00,1464.23,1464.39,1464.23,1464.39,0.01,64.1,97445.95,1
2024-09-04,2024-09-04 12:46:00,1464.39,1464.54,1464.39,1464.54,0.01,64.1,97445.95,1
2024-09-04,2024-09-04 12:47:00,1464.54,1464.69,1464.54,1464.69,0.01,64.1,97445.95,1
2024-09-04,2024-09-04 12:48:00,1464.69,1464.85,1464.69,1464.85,0.01,64.1,97445.95,1
2024-09-04,2024-09-04 12:49:00,1464.85,1465.0,1464.85,1465.0,0.01,64.1,97445.95,1
2024-09-04,2024-09-04 12:50:00,1465.0,1465.16,1465.0,1465.16,0.01,64.1,97445.95,1
2024-09-04,2024-09-04 12:51:00,1465.16,1465.31,1465.16,1465.31,0.01,64.1,97445.95,1
2024-09-04,2024-09-04 12:52:00,1465.31,1465.47,1465.31,1465.47,0.01,64.1,97445.95,1
2024-09-04,2024-09-04 12:53:00,1465.47,1465.62,1465.47,1465.62,0.01,64.1,97445.95,1
2024-09-04,2024-09-04 12:54:00,1465.62,1465.78,1465.62,1465.78,0.01,64.1,97445.95,1
2024-09-04,2024-09-04 12:55:00,1465.78,1465.93,1465.78,1465.93,0.01,64.1,97445.95,1
2024-09-04,2024-09-04 12:56:00,1465.93,1466.09,1465.93,1466.09,0.01,64.1,97445.95,1
2024-09-04,2024-09-04 12:57:00,1466.09,1466.24,1466.09,1466.24,0.01,64.1,97445.95,1
2024-09-04,2024-09-04 12:58:00,1466.24,1466.4,1466.24,1466.4,0.01,64.1,97445.95,1
2024-09-04,2024-09-04 12:59:00,1466.4,1466.55,1466.4,1466.55,0.01,64.1,97445.95,1
2024-09-04,2024-09-04 13:00:00,1466.55,1539.9,1448.0,1466.7,0.01,64.1,97445.95,1
2024-09-04,2024-09-04 13:01:00,1466.7,1466.86,1466.7,1466.86,0.01,64.1,97445.95,1
2024-09-04,2024-09-04 13:02:00,1466.86,1467.01,1466.86,1467.01,0.01,64.1,97445.95,1
2024-09-04,2024-09-04 13:03:00,1467.01,1467.17,1467.01,1467.17,0.01,64.1,97445.95,1
2024-09-04,2024-09-04 13:04:00,1467.17,1467.32,1467.17,1467.32,0.01,64.1,97445.95,1
2024-09-04,2024-09-04 13:05:00,1467.32,1467.48,1467.32,1467.48,0.01,64.1,97445.95,1
2024-09-04,2024-09-04 13:06:00,1467.48,1467.63,1467.48,1467.63,0.01,64.1,97445.95,1
2024-09-04,2024-09-04 13:07:00,1467.63,1467.79,1467.63,1467.79,0.01,64.1,97445.95,1
2024-09-04,2024-09-04 13:08:00,1467.79,1467.94,1467.79,1467.94,0.01,64.1,97445.95,1
2024-09-04,2024-09-04 13:09:00,1467.94,1468.1,1467.94,1468.1,0.01,64.1,97445.95,1
2024-09-04,2024-09-04 13:10:00,1468.1,1468.25,1468.1,1468.25,0.01,64.1,97445.95,1
2024-09-04,2024-09-04 13:11:00,1468.25,1468.4,1468.25,1468.4,0.01,64.1,97445.95,1
2024-09-04,2024-09-04 13:12:00,1468.4,1468.56,1468.4,1468.56,0.01,64.1,97445.95,1
2024-09-04,2024-09-04 13:13:00,1468.56,1468.71,1468.56,1468.71,0.01,64.1,97445.95,1
2024-09-04,2024-09-04 13:14:00,1468.71,1468.87,1468.71,1468.87,0.01,64.1,97445.95,1
2024-09-04,2024-09-04 13:15:00,1468.87,1469.02,1468.87,1469.02,0.01,64.1,97445.95,1
2024-09-04,2024-09-04 13:16:00,1469.02,1469.18,1469.02,1469.18,0.01,64.1,97445.95,1
2024-09-04,2024-09-04 13:17:00,1469.18,1469.33,1469.18,1469.33,0.01,64.1,97445.95,1
2024-09-04,2024-09-04 13:18:00,1469.33,1469.49,1469.33,1469.49,0.01,64.1,97445.95,1
2024-09-04,2024-09-04 13:19:00,1469.49,1469.64,1469.49,1469.64,0.01,64.1,97445.95,1
2024-09-04,2024-09-04 13:20:00,1469.64,1469.8,1469.64,1469.8,0.01,64.1,97445.95,1
2024-09-04,2024-09-04 13:21:00,1469.8,1469.95,1469.8,1469.95,0.01,64.1,97445.95,1
2024-09-04,2024-09-04 13:22:00,1469.95,1470.11,1469.95,1470.11,0.01,64.1,97445.95,1
2024-09-04,2024-09-04 13:23:00,1470.11,1470.26,1470.11,1470.26,0.01,64.1,97445.95,1
2024-09-04,2024-09-04 13:24:00,1470.26,1470.41,1470.26,1470.41,0.01,64.1,97445.95,1
2024-09-04,2024-09-04 13:25:00,1470.41,1470.57,1470.41,1470.57,0.01,64.1,97445.95,1
2024-09-04,2024-09-04 13:26:00,1470.57,1470.72,1470.57,1470.72,0.01,64.1,97445.95,1
2024-09-04,2024-09-04 13:27:00,1470.72,1470.88,1470.72,1470.88,0.01,64.1,97445.95,1
2024-09-04,2024-09-04 13:28:00,1470.88,1471.03,1470.88,1471.03,0.01,64.1,97445.95,1
2024-09-04,2024-09-04 13:29:00,1471.03,1471.19,1471.03,1471.19,0.01,64.1,97445.95,1
2024-09-04,2024-09-04 13:30:00,1471.19,1471.34,1471.19,1471.34,0.01,64.1,97445.95,1
2024-09-04,2024-09-04 13:31:00,1471.34,1471.5,1471.34,1471.5,0.01,64.1,97445.95,1
2024-09-04,2024-09-04 13:32:00,1471.5,1471.65,1471.5,1471.65,0.01,64.1,97445.95,1
2024-09-04,2024-09-04 13:33:00,1471.65,1471.81,1471.65,1471.81,0.01,64.1,97445.95,1
2024-09-04,2024-09-04 13:34:00,1471.81,1471.96,1471.81,1471.96,0.01,64.1,97445.95,1
2024-09-04,2024-09-04 13:35:00,1471.96,1472.12,1471.96,1472.12,0.01,64.1,97445.95,1
2024-09-04,2024-09-04 13:36:00,1472.12,1472.27,1472.12,1472.27,0.01,64.1,97445.95,1
2024-09-04,2024-09-04 13:37:00,1472.27,1472.42,1472.27,1472.42,0.01,64.1,97445.95,1
2024-09-04,2024-09-04 13:38:00,1472.42,1472.58,1472.42,1472.58,0.01,64.1,97445.95,1
2024-09-04,2024-09-04 13:39:00,1472.58,1472.73,1472.58,1472.73,0.01,64.1,97445.95,1
2024-09-04,2024-09-04 13:40:00,1472.73,1472.89,1472.73,1472.89,0.01,64.1,97445.95,1
2024-09-04,2024-09-04 13:41:00,1472.89,1473.04,1472.89,1473.04,0.01,64.1,97445.95,1
2024-09-04,2024-09-04 13:42:00,1473.04,1473.2,1473.04,1473.2,0.01,64.1,97445.95,1
2024-09-04,2024-09-04 13:43:00,1473.2,1473.35,1473.2,1473.35,0.01,64.1,97445.95,1
2024-09-04,2024-09-04 13:44:00,1473.35,1473.51,1473.35,1473.51,0.01,64.1,97445.95,1
2024-09-04,2024-09-04 13:45:00,1473.51,1473.66,1473.51,1473.66,0.01,64.1,97445.95,1
2024-09-04,2024-09-04 13:46:00,1473.66,1473.82,1473.66,1473.82,0.01,64.1,97445.95,1
2024-09-04,2024-09-04 13:47:00,1473.82,1473.97,1473.82,1473.97,0.01,64.1,97445.95,1
2024-09-04,2024-09-04 13:48:00,1473.97,1474.12,1473.97,1474.12,0.01,64.1,97445.95,1
2024-09-04,2024-09-04 13:49:00,1474.12,1474.28,1474.12,1474.28,0.01,64.1,97445.95,1
2024-09-04,2024-09-04 13:50:00,1474.28,1474.43,1474.28,1474.43,0.01,64.1,97445.95,1
2024-09-04,2024-09-04 13:51:00,1474.43,1474.59,1474.43,1474.59,0.01,64.1,97445.95,1
2024-09-04,2024-09-04 13:52:00,1474.59,1474.74,1474.59,1474.74,0.01,64.1,97445.95,1
2024-09-04,2024-09-04 13:53:00,1474.74,1474.9,1474.74,1474.9,0.01,64.1,97445.95,1
2024-09-04,2024-09-04 13:54:00,1474.9,1475.05,1474.9,1475.05,0.01,64.1,97445.95,1
2024-09-04,2024-09-04 13:55:00,1475.05,1475.21,1475.05,1475.21,0.01,64.1,97445.95,1
2024-09-04,2024-09-04 13:56:00,1475.21,1475.36,1475.21,1475.36,0.01,64.1,97445.95,1
2024-09-04,2024-09-04 13:57:00,1475.36,1475.52,1475.36,1475.52,0.01,64.1,97445.95,1
2024-09-04,2024-09-04 13:58:00,1475.52,1475.67,1475.52,1475.67,0.01,64.1,97445.95,1
2024-09-04,2024-09-04 13:59:00,1475.67,1475.82,1475.67,1475.82,0.01,64.1,97445.95,1
2024-09-04,2024-09-04 14:00:00,1475.82,1475.98,1475.82,1475.98,0.01,64.1,97445.95,1
2024-09-04,2024-09-04 14:01:00,1475.98,1476.13,1475.98,1476.13,0.01,64.1,97445.95,1
2024-09-04,2024-09-04 14:02:00,1476.13,1476.29,1476.13,1476.29,0.01,64.1,97445.95,1
2024-09-04,2024-09-04 14:03:00,1476.29,1476.44,1476.29,1476.44,0.01,64.1,97445.95,1
2024-09-04,2024-09-04 14:04:00,1476.44,1476.6,1476.44,1476.6,0.01,64.1,97445.95,1
2024-09-04,2024-09-04 14:05:00,1476.6,1476.75,1476.6,1476.75,0.01,64.1,97445.95,1
2024-09-04,2024-09-04 14:06:00,1476.75,1476.91,1476.75,1476.91,0.01,64.1,97445.95,1
2024-09-04,2024-09-04 14:07:00,1476.91,1477.06,1476.91,1477.06,0.01,64.1,97445.95,1
2024-09-04,2024-09-04 14:08:00,1477.06,1477.22,1477.06,1477.22,0.01,64.1,97445.95,1
2024-09-04,2024-09-04 14:09:00,1477.22,1477.37,1477.22,1477.37,0.01,64.1,97445.95,1
2024-09-04,2024-09-04 14:10:00,1477.37,1477.53,1477.37,1477.53,0.01,64.1,97445.95,1
2024-09-04,2024-09-04 14:11:00,1477.53,1477.68,1477.53,1477.68,0.01,64.1,97445.95,1
2024-09-04,2024-09-04 14:12:00,1477.68,1477.83,1477.68,1477.83,0.01,64.1,97445.95,1
2024-09-04,2024-09-04 14:13:00,1477.83,1477.99,1477.83,1477.99,0.01,64.1,97445.95,1
2024-09-04,2024-09-04 14:14:00,1477.99,1478.14,1477.99,1478.14,0.01,64.1,97445.95,1
2024-09-04,2024-09-04 14:15:00,1478.14,1478.3,1478.14,1478.3,0.01,64.1,97445.95,1
2024-09-04,2024-09-04 14:16:00,1478.3,1478.45,1478.3,1478.45,0.01,64.1,97445.95,1
2024-09-04,2024-09-04 14:17:00,1478.45,1478.61,1478.45,1478.61,0.01,64.1,97445.95,1
2024-09-04,2024-09-04 14:18:00,1478.61,1478.76,1478.61,1478.76,0.01,64.1,97445.95,1
2024-09-04,2024-09-04 14:19:00,1478.76,1478.92,1478.76,1478.92,0.01,64.1,97445.95,1
2024-09-04,2024-09-04 14:20:00,1478.92,1479.07,1478.92,1479.07,0.01,64.1,97445.95,1
2024-09-04,2024-09-04 14:21:00,1479.07,1479.23,1479.07,1479.23,0.01,64.1,97445.95,1
2024-09-04,2024-09-04 14:22:00,1479.23,1479.38,1479.23,1479.38,0.01,64.1,97445.95,1
2024-09-04,2024-09-04 14:23:00,1479.38,1479.53,1479.38,1479.53,0.01,64.1,97445.95,1
2024-09-04,2024-09-04 14:24:00,1479.53,1479.69,1479.53,1479.69,0.01,64.1,97445.95,1
2024-09-04,2024-09-04 14:25:00,1479.69,1479.84,1479.69,1479.84,0.01,64.1,97445.95,1
2024-09-04,2024-09-04 14:26:00,1479.84,1480.0,1479.84,1480.0,0.01,64.1,97445.95,1
2024-09-04,2024-09-04 14:27:00,1480.0,1480.15,1480.0,1480.15,0.01,64.1,97445.95,1
2024-09-04,2024-09-04 14:28:00,1480.15,1480.31,1480.15,1480.31,0.01,64.1,97445.95,1
2024-09-04,2024-09-04 14:29:00,1480.31,1480.46,1480.31,1480.46,0.01,64.1,97445.95,1
2024-09-04,2024-09-04 14:30:00,1480.46,1480.62,1480.46,1480.62,0.01,64.1,97445.95,1
2024-09-04,2024-09-04 14:31:00,1480.62,1480.77,1480.62,1480.77,0.01,64.1,97445.95,1
2024-09-04,2024-09-04 14:32:00,1480.77,1480.93,1480.77,1480.93,0.01,64.1,97445.95,1
2024-09-04,2024-09-04 14:33:00,1480.93,1481.08,1480.93,1481.08,0.01,64.1,97445.95,1
2024-09-04,2024-09-04 14:34:00,1481.08,1481.24,1481.08,1481.24,0.01,64.1,97445.95,1
2024-09-04,2024-09-04 14:35:00,1481.24,1481.39,1481.24,1481.39,0.01,64.1,97445.95,1
2024-09-04,2024-09-04 14:36:00,1481.39,1481.54,1481.39,1481.54,0.01,64.1,97445.95,1
2024-09-04,2024-09-04 14:37:00,1481.54,1481.7,1481.54,1481.7,0.01,64.1,97445.95,1
2024-09-04,2024-09-04 14:38:00,1481.7,1481.85,1481.7,1481.85,0.01,64.1,97445.95,1
2024-09-04,2024-09-04 14:39:00,1481.85,1482.01,1481.85,1482.01,0.01,64.1,97445.95,1
2024-09-04,2024-09-04 14:40:00,1482.01,1482.16,1482.01,1482.16,0.01,64.1,97445.95,1
2024-09-04,2024-09-04 14:41:00,1482.16,1482.32,1482.16,1482.32,0.01,64.1,97445.95,1
2024-09-04,2024-09-04 14:42:00,1482.32,1482.47,1482.32,1482.47,0.01,64.1,97445.95,1
2024-09-04,2024-09-04 14:43:00,1482.47,1482.63,1482.47,1482.63,0.01,64.1,97445.95,1
2024-09-04,2024-09-04 14:44:00,1482.63,1482.78,1482.63,1482.78,0.01,64.1,97445.95,1
2024-09-04,2024-09-04 14:45:00,1482.78,1482.94,1482.78,1482.94,0.01,64.1,97445.95,1
2024-09-04,2024-09-04 14:46:00,1482.94,1483.09,1482.94,1483.09,0.01,64.1,97445.95,1
2024-09-04,2024-09-04 14:47:00,1483.09,1483.24,1483.09,1483.24,0.01,64.1,97445.95,1
2024-09-04,2024-09-04 14:48:00,1483.24,1483.4,1483.24,1483.4,0.01,64.1,97445.95,1
2024-09-04,2024-09-04 14:49:00,1483.4,1483.55,1483.4,1483.55,0.01,64.1,97445.95,1
2024-09-04,2024-09-04 14:50:00,1483.55,1483.71,1483.55,1483.71,0.01,64.1,97445.95,1
2024-09-04,2024-09-04 14:51:00,1483.71,1483.86,1483.71,1483.86,0.01,64.1,97445.95,1
2024-09-04,2024-09-04 14:52:00,1483.86,1484.02,1483.86,1484.02,0.01,64.1,97445.95,1
2024-09-04,2024-09-04 14:53:00,1484.02,1484.17,1484.02,1484.17,0.01,64.1,97445.95,1
2024-09-04,2024-09-04 14:54:00,1484.17,1484.33,1484.17,1484.33,0.01,64.1,97445.95,1
2024-09-04,2024-09-04 14:55:00,1484.33,1484.48,1484.33,1484.48,0.01,64.1,97445.95,1
2024-09-04,2024-09-04 14:56:00,1484.48,1484.64,1484.48,1484.64,0.01,64.1,97445.95,1
2024-09-04,2024-09-04 14:57:00,1484.64,1484.79,1484.64,1484.79,0.01,64.1,97445.95,1
2024-09-04,2024-09-04 14:58:00,1484.79,1484.95,1484.79,1484.95,0.01,64.1,97445.95,1
2024-09-04,2024-09-04 14:59:00,1484.95,1485.1,1484.95,1485.1,0.01,64.1,97445.95,1
2024-09-04,2024-09-04 15:00:00,1485.1,1539.9,1448.0,1485.1,0.0,64.1,97445.95,0
2024-09-05,2024-09-05 11:00:00,1455.4,1494.58,1455.4,1455.82,0.03,75.67,116167.78,1
2024-09-05,2024-09-05 11:01:00,1455.82,1456.23,1455.82,1456.23,0.03,75.67,116167.78,1
2024-09-05,2024-09-05 11:02:00,1456.23,1456.64,1456.23,1456.64,0.03,75.67,116167.78,1
2024-09-05,2024-09-05 11:03:00,1456.64,1457.06,1456.64,1457.06,0.03,75.67,116167.78,1
2024-09-05,2024-09-05 11:04:00,1457.06,1457.48,1457.06,1457.48,0.03,75.67,116167.78,1
2024-09-05,2024-09-05 11:05:00,1457.48,1457.89,1457.48,1457.89,0.03,75.67,116167.78,1
2024-09-05,2024-09-05 11:06:00,1457.89,1458.31,1457.89,1458.31,0.03,75.67,116167.78,1
2024-09-05,2024-09-05 11:07:00,1458.31,1458.72,1458.31,1458.72,0.03,75.67,116167.78,1
2024-09-05,2024-09-05 11:08:00,1458.72,1459.13,1458.72,1459.13,0.03,75.67,116167.78,1
2024-09-05,2024-09-05 11:09:00,1459.13,1459.55,1459.13,1459.55,0.03,75.67,116167.78,1
2024-09-05,2024-09-05 11:10:00,1459.55,1459.97,1459.55,1459.97,0.03,75.67,116167.78,1
2024-09-05,2024-09-05 11:11:00,1459.97,1460.38,1459.97,1460.38,0.03,75.67,116167.78,1
2024-09-05,2024-09-05 11:12:00,1460.38,1460.8,1460.38,1460.8,0.03,75.67,116167.78,1
2024-09-05,2024-09-05 11:13:00,1460.8,1461.21,1460.8,1461.21,0.03,75.67,116167.78,1
2024-09-05,2024-09-05 11:14:00,1461.21,1461.62,1461.21,1461.62,0.03,75.67,116167.78,1
2024-09-05,2024-09-05 11:15:00,1461.62,1462.04,1461.62,1462.04,0.03,75.67,116167.78,1
2024-09-05,2024-09-05 11:16:00,1462.04,1462.46,1462.04,1462.46,0.03,75.67,116167.78,1
2024-09-05,2024-09-05 11:17:00,1462.46,1462.87,1462.46,1462.87,0.03,75.67,116167.78,1
2024-09-05,2024-09-05 11:18:00,1462.87,1463.29,1462.87,1463.29,0.03,75.67,116167.78,1
2024-09-05,2024-09-05 11:19:00,1463.29,1463.7,1463.29,1463.7,0.03,75.67,116167.78,1
2024-09-05,2024-09-05 11:20:00,1463.7,1464.12,1463.7,1464.12,0.03,75.67,116167.78,1
2024-09-05,2024-09-05 11:21:00,1464.12,1464.53,1464.12,1464.53,0.03,75.67,116167.78,1
2024-09-05,2024-09-05 11:22:00,1464.53,1464.95,1464.53,1464.95,0.03,75.67,116167.78,1
2024-09-05,2024-09-05 11:23:00,1464.95,1465.36,1464.95,1465.36,0.03,75.67,116167.78,1
2024-09-05,2024-09-05 11:24:00,1465.36,1465.78,1465.36,1465.78,0.03,75.67,116167.78,1
2024-09-05,2024-09-05 11:25:00,1465.78,1466.19,1465.78,1466.19,0.03,75.67,116167.78,1
2024-09-05,2024-09-05 11:26:00,1466.19,1466.61,1466.19,1466.61,0.03,75.67,116167.78,1
2024-09-05,2024-09-05 11:27:00,1466.61,1467.02,1466.61,1467.02,0.03,75.67,116167.78,1
2024-09-05,2024-09-05 11:28:00,1467.02,1467.44,1467.02,1467.44,0.03,75.67,116167.78,1
2024-09-05,2024-09-05 11:29:00,1467.44,1467.85,1467.44,1467.85,0.03,75.67,116167.78,1
2024-09-05,2024-09-05 11:30:00,1467.85,1468.27,1467.85,1468.27,0.03,75.67,116167.78,1
2024-09-05,2024-09-05 11:31:00,1468.27,1468.68,1468.27,1468.68,0.03,75.67,116167.78,1
2024-09-05,2024-09-05 11:32:00,1468.68,1469.1,1468.68,1469.1,0.03,75.67,116167.78,1
2024-09-05,2024-09-05 11:33:00,1469.1,1469.51,1469.1,1469.51,0.03,75.67,116167.78,1
2024-09-05,2024-09-05 11:34:00,1469.51,1469.93,1469.51,1469.93,0.03,75.67,116167.78,1
2024-09-05,2024-09-05 11:35:00,1469.93,1470.34,1469.93,1470.34,0.03,75.67,116167.78,1
2024-09-05,2024-09-05 11:36:00,1470.34,1470.76,1470.34,1470.76,0.03,75.67,116167.78,1
2024-09-05,2024-09-05 11:37:00,1470.76,1471.17,1470.76,1471.17,0.03,75.67,116167.78,1
2024-09-05,2024-09-05 11:38:00,1471.17,1471.59,1471.17,1471.59,0.03,75.67,116167.78,1
2024-09-05,2024-09-05 11:39:00,1471.59,1472.0,1471.59,1472.0,0.03,75.67,116167.78,1
2024-09-05,2024-09-05 11:40:00,1472.0,1472.41,1472.0,1472.41,0.03,75.67,116167.78,1
2024-09-05,2024-09-05 11:41:00,1472.41,1472.83,1472.41,1472.83,0.03,75.67,116167.78,1
2024-09-05,2024-09-05 11:42:00,1472.83,1473.25,1472.83,1473.25,0.03,75.67,116167.78,1
2024-09-05,2024-09-05 11:43:00,1473.25,1473.66,1473.25,1473.66,0.03,75.67,116167.78,1
2024-09-05,2024-09-05 11:44:00,1473.66,1474.08,1473.66,1474.08,0.03,75.67,116167.78,1
2024-09-05,2024-09-05 11:45:00,1474.08,1474.49,1474.08,1474.49,0.03,75.67,116167.78,1
2024-09-05,2024-09-05 11:46:00,1474.49,1474.9,1474.49,1474.9,0.03,75.67,116167.78,1
2024-09-05,2024-09-05 11:47:00,1474.9,1475.32,1474.9,1475.32,0.03,75.67,116167.78,1
2024-09-05,2024-09-05 11:48:00,1475.32,1475.74,1475.32,1475.74,0.03,75.67,116167.78,1
2024-09-05,2024-09-05 11:49:00,1475.74,1476.15,1475.74,1476.15,0.03,75.67,116167.78,1
2024-09-05,2024-09-05 11:50:00,1476.15,1476.57,1476.15,1476.57,0.03,75.67,116167.78,1
2024-09-05,2024-09-05 11:51:00,1476.57,1476.98,1476.57,1476.98,0.03,75.67,116167.78,1
2024-09-05,2024-09-05 11:52:00,1476.98,1477.39,1476.98,1477.39,0.03,75.67,116167.78,1
2024-09-05,2024-09-05 11:53:00,1477.39,1477.81,1477.39,1477.81,0.03,75.67,116167.78,1
2024-09-05,2024-09-05 11:54:00,1477.81,1478.23,1477.81,1478.23,0.03,75.67,116167.78,1
2024-09-05,2024-09-05 11:55:00,1478.23,1478.64,1478.23,1478.64,0.03,75.67,116167.78,1
2024-09-05,2024-09-05 11:56:00,1478.64,1479.06,1478.64,1479.06,0.03,75.67,116167.78,1
2024-09-05,2024-09-05 11:57:00,1479.06,1479.47,1479.06,1479.47,0.03,75.67,116167.78,1
2024-09-05,2024-09-05 11:58:00,1479.47,1479.88,1479.47,1479.88,0.03,75.67,116167.78,1
2024-09-05,2024-09-05 11:59:00,1479.88,1480.3,1479.88,1480.3,0.03,75.67,116167.78,1
2024-09-05,2024-09-05 12:00:00,1480.3,1480.72,1480.3,1480.72,0.03,75.67,116167.78,1
2024-09-05,2024-09-05 12:01:00,1480.72,1481.13,1480.72,1481.13,0.03,75.67,116167.78,1
2024-09-05,2024-09-05 12:02:00,1481.13,1481.55,1481.13,1481.55,0.03,75.67,116167.78,1
2024-09-05,2024-09-05 12:03:00,1481.55,1481.96,1481.55,1481.96,0.03,75.67,116167.78,1
2024-09-05,2024-09-05 12:04:00,1481.96,1482.38,1481.96,1482.38,0.03,75.67,116167.78,1
2024-09-05,2024-09-05 12:05:00,1482.38,1482.79,1482.38,1482.79,0.03,75.67,116167.78,1
2024-09-05,2024-09-05 12:06:00,1482.79,1483.21,1482.79,1483.21,0.03,75.67,116167.78,1
2024-09-05,2024-09-05 12:07:00,1483.21,1483.62,1483.21,1483.62,0.03,75.67,116167.78,1
2024-09-05,2024-09-05 12:08:00,1483.62,1484.04,1483.62,1484.04,0.03,75.67,116167.78,1
2024-09-05,2024-09-05 12:09:00,1484.04,1484.45,1484.04,1484.45,0.03,75.67,116167.78,1
2024-09-05,2024-09-05 12:10:00,1484.45,1484.87,1484.45,1484.87,0.03,75.67,116167.78,1
2024-09-05,2024-09-05 12:11:00,1484.87,1485.28,1484.87,1485.28,0.03,75.67,116167.78,1
2024-09-05,2024-09-05 12:12:00,1485.28,1485.7,1485.28,1485.7,0.03,75.67,116167.78,1
2024-09-05,2024-09-05 12:13:00,1485.7,1486.11,1485.7,1486.11,0.03,75.67,116167.78,1
2024-09-05,2024-09-05 12:14:00,1486.11,1486.53,1486.11,1486.53,0.03,75.67,116167.78,1
2024-09-05,2024-09-05 12:15:00,1486.53,1486.94,1486.53,1486.94,0.03,75.67,116167.78,1
2024-09-05,2024-09-05 12:16:00,1486.94,1487.36,1486.94,1487.36,0.03,75.67,116167.78,1
2024-09-05,2024-09-05 12:17:00,1487.36,1487.77,1487.36,1487.77,0.03,75.67,116167.78,1
2024-09-05,2024-09-05 12:18:00,1487.77,1488.18,1487.77,1488.18,0.03,75.67,116167.78,1
2024-09-05,2024-09-05 12:19:00,1488.18,1488.6,1488.18,1488.6,0.03,75.67,116167.78,1
2024-09-05,2024-09-05 12:20:00,1488.6,1489.02,1488.6,1489.02,0.03,75.67,116167.78,1
2024-09-05,2024-09-05 12:21:00,1489.02,1489.43,1489.02,1489.43,0.03,75.67,116167.78,1
2024-09-05,2024-09-05 12:22:00,1489.43,1489.85,1489.43,1489.85,0.03,75.67,116167.78,1
2024-09-05,2024-09-05 12:23:00,1489.85,1490.26,1489.85,1490.26,0.03,75.67,116167.78,1
2024-09-05,2024-09-05 12:24:00,1490.26,1490.67,1490.26,1490.67,0.03,75.67,116167.78,1
2024-09-05,2024-09-05 12:25:00,1490.67,1491.09,1490.67,1491.09,0.03,75.67,116167.78,1
2024-09-05,2024-09-05 12:26:00,1491.09,1491.51,1491.09,1491.51,0.03,75.67,116167.78,1
2024-09-05,2024-09-05 12:27:00,1491.51,1491.92,1491.51,1491.92,0.03,75.67,116167.78,1
2024-09-05,2024-09-05 12:28:00,1491.92,1492.34,1491.92,1492.34,0.03,75.67,116167.78,1
2024-09-05,2024-09-05 12:29:00,1492.34,1492.75,1492.34,1492.75,0.03,75.67,116167.78,1
2024-09-05,2024-09-05 12:30:00,1492.75,1493.16,1492.75,1493.16,0.03,75.67,116167.78,1
2024-09-05,2024-09-05 12:31:00,1493.16,1493.58,1493.16,1493.58,0.03,75.67,116167.78,1
2024-09-05,2024-09-05 12:32:00,1493.58,1494.0,1493.58,1494.0,0.03,75.67,116167.78,1
2024-09-05,2024-09-05 12:33:00,1494.0,1494.41,1494.0,1494.41,0.03,75.67,116167.78,1
2024-09-05,2024-09-05 12:34:00,1494.41,1494.83,1494.41,1494.83,0.03,75.67,116167.78,1
2024-09-05,2024-09-05 12:35:00,1494.83,1495.24,1494.83,1495.24,0.03,75.67,116167.78,1
2024-09-05,2024-09-05 12:36:00,1495.24,1495.65,1495.24,1495.65,0.03,75.67,116167.78,1
2024-09-05,2024-09-05 12:37:00,1495.65,1496.07,1495.65,1496.07,0.03,75.67,116167.78,1
2024-09-05,2024-09-05 12:38:00,1496.07,1496.49,1496.07,1496.49,0.03,75.67,116167.78,1
2024-09-05,2024-09-05 12:39:00,1496.49,1496.9,1496.49,1496.9,0.03,75.67,116167.78,1
2024-09-05,2024-09-05 12:40:00,1496.9,1497.32,1496.9,1497.32,0.03,75.67,116167.78,1
2024-09-05,2024-09-05 12:41:00,1497.32,1497.73,1497.32,1497.73,0.03,75.67,116167.78,1
2024-09-05,2024-09-05 12:42:00,1497.73,1498.14,1497.73,1498.14,0.03,75.67,116167.78,1
2024-09-05,2024-09-05 12:43:00,1498.14,1498.56,1498.14,1498.56,0.03,75.67,116167.78,1
2024-09-05,2024-09-05 12:44:00,1498.56,1498.98,1498.56,1498.98,0.03,75.67,116167.78,1
2024-09-05,2024-09-05 12:45:00,1498.98,1499.39,1498.98,1499.39,0.03,75.67,116167.78,1
2024-09-05,2024-09-05 12:46:00,1499.39,1499.81,1499.39,1499.81,0.03,75.67,116167.78,1
2024-09-05,2024-09-05 12:47:00,1499.81,1500.22,1499.81,1500.22,0.03,75.67,116167.78,1
2024-09-05,2024-09-05 12:48:00,1500.22,1500.63,1500.22,1500.63,0.03,75.67,116167.78,1
2024-09-05,2024-09-05 12:49:00,1500.63,1501.05,1500.63,1501.05,0.03,75.67,116167.78,1
2024-09-05,2024-09-05 12:50:00,1501.05,1501.47,1501.05,1501.47,0.03,75.67,116167.78,1
2024-09-05,2024-09-05 12:51:00,1501.47,1501.88,1501.47,1501.88,0.03,75.67,116167.78,1
2024-09-05,2024-09-05 12:52:00,1501.88,1502.3,1501.88,1502.3,0.03,75.67,116167.78,1
2024-09-05,2024-09-05 12:53:00,1502.3,1502.71,1502.3,1502.71,0.03,75.67,116167.78,1
2024-09-05,2024-09-05 12:54:00,1502.71,1503.12,1502.71,1503.12,0.03,75.67,116167.78,1
2024-09-05,2024-09-05 12:55:00,1503.12,1503.54,1503.12,1503.54,0.03,75.67,116167.78,1
2024-09-05,2024-09-05 12:56:00,1503.54,1503.96,1503.54,1503.96,0.03,75.67,116167.78,1
2024-09-05,2024-09-05 12:57:00,1503.96,1504.37,1503.96,1504.37,0.03,75.67,116167.78,1
2024-09-05,2024-09-05 12:58:00,1504.37,1504.79,1504.37,1504.79,0.03,75.67,116167.78,1
2024-09-05,2024-09-05 12:59:00,1504.79,1505.2,1504.79,1505.2,0.03,75.67,116167.78,1
2024-09-05,2024-09-05 13:00:00,1505.2,1586.0,1455.4,1505.62,0.03,75.67,116167.78,1
2024-09-05,2024-09-05 13:01:00,1505.62,1506.03,1505.62,1506.03,0.03,75.67,116167.78,1
2024-09-05,2024-09-05 13:02:00,1506.03,1506.44,1506.03,1506.44,0.03,75.67,116167.78,1
2024-09-05,2024-09-05 13:03:00,1506.44,1506.86,1506.44,1506.86,0.03,75.67,116167.78,1
2024-09-05,2024-09-05 13:04:00,1506.86,1507.28,1506.86,1507.28,0.03,75.67,116167.78,1
2024-09-05,2024-09-05 13:05:00,1507.28,1507.69,1507.28,1507.69,0.03,75.67,116167.78,1
2024-09-05,2024-09-05 13:06:00,1507.69,1508.11,1507.69,1508.11,0.03,75.67,116167.78,1
2024-09-05,2024-09-05 13:07:00,1508.11,1508.52,1508.11,1508.52,0.03,75.67,116167.78,1
2024-09-05,2024-09-05 13:08:00,1508.52,1508.93,1508.52,1508.93,0.03,75.67,116167.78,1
2024-09-05,2024-09-05 13:09:00,1508.93,1509.35,1508.93,1509.35,0.03,75.67,116167.78,1
2024-09-05,2024-09-05 13:10:00,1509.35,1509.77,1509.35,1509.77,0.03,75.67,116167.78,1
2024-09-05,2024-09-05 13:11:00,1509.77,1510.18,1509.77,1510.18,0.03,75.67,116167.78,1
2024-09-05,2024-09-05 13:12:00,1510.18,1510.6,1510.18,1510.6,0.03,75.67,116167.78,1
2024-09-05,2024-09-05 13:13:00,1510.6,1511.01,1510.6,1511.01,0.03,75.67,116167.78,1
2024-09-05,2024-09-05 13:14:00,1511.01,1511.42,1511.01,1511.42,0.03,75.67,116167.78,1
2024-09-05,2024-09-05 13:15:00,1511.42,1511.84,1511.42,1511.84,0.03,75.67,116167.78,1
2024-09-05,2024-09-05 13:16:00,1511.84,1512.26,1511.84,1512.26,0.03,75.67,116167.78,1
2024-09-05,2024-09-05 13:17:00,1512.26,1512.67,1512.26,1512.67,0.03,75.67,116167.78,1
2024-09-05,2024-09-05 13:18:00,1512.67,1513.09,1512.67,1513.09,0.03,75.67,116167.78,1
2024-09-05,2024-09-05 13:19:00,1513.09,1513.5,1513.09,1513.5,0.03,75.67,116167.78,1
2024-09-05,2024-09-05 13:20:00,1513.5,1513.91,1513.5,1513.91,0.03,75.67,116167.78,1
2024-09-05,2024-09-05 13:21:00,1513.91,1514.33,1513.91,1514.33,0.03,75.67,116167.78,1
2024-09-05,2024-09-05 13:22:00,1514.33,1514.75,1514.33,1514.75,0.03,75.67,116167.78,1
2024-09-05,2024-09-05 13:23:00,1514.75,1515.16,1514.75,1515.16,0.03,75.67,116167.78,1
2024-09-05,2024-09-05 13:24:00,1515.16,1515.58,1515.16,1515.58,0.03,75.67,116167.78,1
2024-09-05,2024-09-05 13:25:00,1515.58,1515.99,1515.58,1515.99,0.03,75.67,116167.78,1
2024-09-05,2024-09-05 13:26:00,1515.99,1516.4,1515.99,1516.4,0.03,75.67,116167.78,1
2024-09-05,2024-09-05 13:27:00,1516.4,1516.82,1516.4,1516.82,0.03,75.67,116167.78,1
2024-09-05,2024-09-05 13:28:00,1516.82,1517.24,1516.82,1517.24,0.03,75.67,116167.78,1
2024-09-05,2024-09-05 13:29:00,1517.24,1517.65,1517.24,1517.65,0.03,75.67,116167.78,1
2024-09-05,2024-09-05 13:30:00,1517.65,1518.07,1517.65,1518.07,0.03,75.67,116167.78,1
2024-09-05,2024-09-05 13:31:00,1518.07,1518.48,1518.07,1518.48,0.03,75.67,116167.78,1
2024-09-05,2024-09-05 13:32:00,1518.48,1518.89,1518.48,1518.89,0.03,75.67,116167.78,1
2024-09-05,2024-09-05 13:33:00,1518.89,1519.31,1518.89,1519.31,0.03,75.67,116167.78,1
2024-09-05,2024-09-05 13:34:00,1519.31,1519.73,1519.31,1519.73,0.03,75.67,116167.78,1
2024-09-05,2024-09-05 13:35:00,1519.73,1520.14,1519.73,1520.14,0.03,75.67,116167.78,1
2024-09-05,2024-09-05 13:36:00,1520.14,1520.56,1520.14,1520.56,0.03,75.67,116167.78,1
2024-09-05,2024-09-05 13:37:00,1520.56,1520.97,1520.56,1520.97,0.03,75.67,116167.78,1
2024-09-05,2024-09-05 13:38:00,1520.97,1521.38,1520.97,1521.38,0.03,75.67,116167.78,1
2024-09-05,2024-09-05 13:39:00,1521.38,1521.8,1521.38,1521.8,0.03,75.67,116167.78,1
2024-09-05,2024-09-05 13:40:00,1521.8,1522.22,1521.8,1522.22,0.03,75.67,116167.78,1
2024-09-05,2024-09-05 13:41:00,1522.22,1522.63,1522.22,1522.63,0.03,75.67,116167.78,1
2024-09-05,2024-09-05 13:42:00,1522.63,1523.05,1522.63,1523.05,0.03,75.67,116167.78,1
2024-09-05,2024-09-05 13:43:00,1523.05,1523.46,1523.05,1523.46,0.03,75.67,116167.78,1
2024-09-05,2024-09-05 13:44:00,1523.46,1523.88,1523.46,1523.88,0.03,75.67,116167.78,1
2024-09-05,2024-09-05 13:45:00,1523.88,1524.29,1523.88,1524.29,0.03,75.67,116167.78,1
2024-09-05,2024-09-05 13:46:00,1524.29,1524.7,1524.29,1524.7,0.03,75.67,116167.78,1
2024-09-05,2024-09-05 13:47:00,1524.7,1525.12,1524.7,1525.12,0.03,75.67,116167.78,1
2024-09-05,2024-09-05 13:48:00,1525.12,1525.54,1525.12,1525.54,0.03,75.67,116167.78,1
2024-09-05,2024-09-05 13:49:00,1525.54,1525.95,1525.54,1525.95,0.03,75.67,116167.78,1
2024-09-05,2024-09-05 13:50:00,1525.95,1526.37,1525.95,1526.37,0.03,75.67,116167.78,1
2024-09-05,2024-09-05 13:51:00,1526.37,1526.78,1526.37,1526.78,0.03,75.67,116167.78,1
2024-09-05,2024-09-05 13:52:00,1526.78,1527.19,1526.78,1527.19,0.03,75.67,116167.78,1
2024-09-05,2024-09-05 13:53:00,1527.19,1527.61,1527.19,1527.61,0.03,75.67,116167.78,1
2024-09-05,2024-09-05 13:54:00,1527.61,1528.03,1527.61,1528.03,0.03,75.67,116167.78,1
2024-09-05,2024-09-05 13:55:00,1528.03,1528.44,1528.03,1528.44,0.03,75.67,116167.78,1
2024-09-05,2024-09-05 13:56:00,1528.44,1528.86,1528.44,1528.86,0.03,75.67,116167.78,1
2024-09-05,2024-09-05 13:57:00,1528.86,1529.27,1528.86,1529.27,0.03,75.67,116167.78,1
2024-09-05,2024-09-05 13:58:00,1529.27,1529.68,1529.27,1529.68,0.03,75.67,116167.78,1
2024-09-05,2024-09-05 13:59:00,1529.68,1530.1,1529.68,1530.1,0.03,75.67,116167.78,1
2024-09-05,2024-09-05 14:00:00,1530.1,1530.52,1530.1,1530.52,0.03,75.67,116167.78,1
2024-09-05,2024-09-05 14:01:00,1530.52,1530.93,1530.52,1530.93,0.03,75.67,116167.78,1
2024-09-05,2024-09-05 14:02:00,1530.93,1531.35,1530.93,1531.35,0.03,75.67,116167.78,1
2024-09-05,2024-09-05 14:03:00,1531.35,1531.76,1531.35,1531.76,0.03,75.67,116167.78,1
2024-09-05,2024-09-05 14:04:00,1531.76,1532.17,1531.76,1532.17,0.03,75.67,116167.78,1
2024-09-05,2024-09-05 14:05:00,1532.17,1532.59,1532.17,1532.59,0.03,75.67,116167.78,1
2024-09-05,2024-09-05 14:06:00,1532.59,1533.01,1532.59,1533.01,0.03,75.67,116167.78,1
2024-09-05,2024-09-05 14:07:00,1533.01,1533.42,1533.01,1533.42,0.03,75.67,116167.78,1
2024-09-05,2024-09-05 14:08:00,1533.42,1533.84,1533.42,1533.84,0.03,75.67,116167.78,1
2024-09-05,2024-09-05 14:09:00,1533.84,1534.25,1533.84,1534.25,0.03,75.67,116167.78,1
2024-09-05,2024-09-05 14:10:00,1534.25,1534.66,1534.25,1534.66,0.03,75.67,116167.78,1
2024-09-05,2024-09-05 14:11:00,1534.66,1535.08,1534.66,1535.08,0.03,75.67,116167.78,1
2024-09-05,2024-09-05 14:12:00,1535.08,1535.5,1535.08,1535.5,0.03,75.67,116167.78,1
2024-09-05,2024-09-05 14:13:00,1535.5,1535.91,1535.5,1535.91,0.03,75.67,116167.78,1
2024-09-05,2024-09-05 14:14:00,1535.91,1536.33,1535.91,1536.33,0.03,75.67,116167.78,1
2024-09-05,2024-09-05 14:15:00,1536.33,1536.74,1536.33,1536.74,0.03,75.67,116167.78,1
2024-09-05,2024-09-05 14:16:00,1536.74,1537.15,1536.74,1537.15,0.03,75.67,116167.78,1
2024-09-05,2024-09-05 14:17:00,1537.15,1537.57,1537.15,1537.57,0.03,75.67,116167.78,1
2024-09-05,2024-09-05 14:18:00,1537.57,1537.99,1537.57,1537.99,0.03,75.67,116167.78,1
2024-09-05,2024-09-05 14:19:00,1537.99,1538.4,1537.99,1538.4,0.03,75.67,116167.78,1
2024-09-05,2024-09-05 14:20:00,1538.4,1538.82,1538.4,1538.82,0.03,75.67,116167.78,1
2024-09-05,2024-09-05 14:21:00,1538.82,1539.23,1538.82,1539.23,0.03,75.67,116167.78,1
2024-09-05,2024-09-05 14:22:00,1539.23,1539.64,1539.23,1539.64,0.03,75.67,116167.78,1
2024-09-05,2024-09-05 14:23:00,1539.64,1540.06,1539.64,1540.06,0.03,75.67,116167.78,1
2024-09-05,2024-09-05 14:24:00,1540.06,1540.47,1540.06,1540.47,0.03,75.67,116167.78,1
2024-09-05,2024-09-05 14:25:00,1540.47,1540.89,1540.47,1540.89,0.03,75.67,116167.78,1
2024-09-05,2024-09-05 14:26:00,1540.89,1541.31,1540.89,1541.31,0.03,75.67,116167.78,1
2024-09-05,2024-09-05 14:27:00,1541.31,1541.72,1541.31,1541.72,0.03,75.67,116167.78,1
2024-09-05,2024-09-05 14:28:00,1541.72,1542.13,1541.72,1542.13,0.03,75.67,116167.78,1
2024-09-05,2024-09-05 14:29:00,1542.13,1542.55,1542.13,1542.55,0.03,75.67,116167.78,1
2024-09-05,2024-09-05 14:30:00,1542.55,1542.96,1542.55,1542.96,0.03,75.67,116167.78,1
2024-09-05,2024-09-05 14:31:00,1542.96,1543.38,1542.96,1543.38,0.03,75.67,116167.78,1
2024-09-05,2024-09-05 14:32:00,1543.38,1543.8,1543.38,1543.8,0.03,75.67,116167.78,1
2024-09-05,2024-09-05 14:33:00,1543.8,1544.21,1543.8,1544.21,0.03,75.67,116167.78,1
2024-09-05,2024-09-05 14:34:00,1544.21,1544.62,1544.21,1544.62,0.03,75.67,116167.78,1
2024-09-05,2024-09-05 14:35:00,1544.62,1545.04,1544.62,1545.04,0.03,75.67,116167.78,1
2024-09-05,2024-09-05 14:36:00,1545.04,1545.45,1545.04,1545.45,0.03,75.67,116167.78,1
2024-09-05,2024-09-05 14:37:00,1545.45,1545.87,1545.45,1545.87,0.03,75.67,116167.78,1
2024-09-05,2024-09-05 14:38:00,1545.87,1546.29,1545.87,1546.29,0.03,75.67,116167.78,1
2024-09-05,2024-09-05 14:39:00,1546.29,1546.7,1546.29,1546.7,0.03,75.67,116167.78,1
2024-09-05,2024-09-05 14:40:00,1546.7,1547.12,1546.7,1547.12,0.03,75.67,116167.78,1
2024-09-05,2024-09-05 14:41:00,1547.12,1547.53,1547.12,1547.53,0.03,75.67,116167.78,1
2024-09-05,2024-09-05 14:42:00,1547.53,1547.94,1547.53,1547.94,0.03,75.67,116167.78,1
2024-09-05,2024-09-05 14:43:00,1547.94,1548.36,1547.94,1548.36,0.03,75.67,116167.78,1
2024-09-05,2024-09-05 14:44:00,1548.36,1548.78,1548.36,1548.78,0.03,75.67,116167.78,1
2024-09-05,2024-09-05 14:45:00,1548.78,1549.19,1548.78,1549.19,0.03,75.67,116167.78,1
2024-09-05,2024-09-05 14:46:00,1549.19,1549.61,1549.19,1549.61,0.03,75.67,116167.78,1
2024-09-05,2024-09-05 14:47:00,1549.61,1550.02,1549.61,1550.02,0.03,75.67,116167.78,1
2024-09-05,2024-09-05 14:48:00,1550.02,1550.43,1550.02,1550.43,0.03,75.67,116167.78,1
2024-09-05,2024-09-05 14:49:00,1550.43,1550.85,1550.43,1550.85,0.03,75.67,116167.78,1
2024-09-05,2024-09-05 14:50:00,1550.85,1551.27,1550.85,1551.27,0.03,75.67,116167.78,1
2024-09-05,2024-09-05 14:51:00,1551.27,1551.68,1551.27,1551.68,0.03,75.67,116167.78,1
2024-09-05,2024-09-05 14:52:00,1551.68,1552.1,1551.68,1552.1,0.03,75.67,116167.78,1
2024-09-05,2024-09-05 14:53:00,1552.1,1552.51,1552.1,1552.51,0.03,75.67,116167.78,1
2024-09-05,2024-09-05 14:54:00,1552.51,1552.92,1552.51,1552.92,0.03,75.67,116167.78,1
2024-09-05,2024-09-05 14:55:00,1552.92,1553.34,1552.92,1553.34,0.03,75.67,116167.78,1
2024-09-05,2024-09-05 14:56:00,1553.34,1553.76,1553.34,1553.76,0.03,75.67,116167.78,1
2024-09-05,2024-09-05 14:57:00,1553.76,1554.17,1553.76,1554.17,0.03,75.67,116167.78,1
2024-09-05,2024-09-05 14:58:00,1554.17,1554.59,1554.17,1554.59,0.03,75.67,116167.78,1
2024-09-05,2024-09-05 14:59:00,1554.59,1555.0,1554.59,1555.0,0.03,75.67,116167.78,1
2024-09-05,2024-09-05 15:00:00,1555.0,1586.0,1455.4,1555.0,0.0,75.67,116167.78,0
2024-09-08,2024-09-08 11:00:00,1530.0,1569.0,1530.0,1530.22,0.01,84.42,136210.42,1
2024-09-08,2024-09-08 11:01:00,1530.22,1530.45,1530.22,1530.45,0.02,84.42,136210.42,1
2024-09-08,2024-09-08 11:02:00,1530.45,1530.67,1530.45,1530.67,0.01,84.42,136210.42,1
2024-09-08,2024-09-08 11:03:00,1530.67,1530.9,1530.67,1530.9,0.02,84.42,136210.42,1
2024-09-08,2024-09-08 11:04:00,1530.9,1531.12,1530.9,1531.12,0.01,84.42,136210.42,1
2024-09-08,2024-09-08 11:05:00,1531.12,1531.35,1531.12,1531.35,0.02,84.42,136210.42,1
2024-09-08,2024-09-08 11:06:00,1531.35,1531.58,1531.35,1531.58,0.02,84.42,136210.42,1
2024-09-08,2024-09-08 11:07:00,1531.58,1531.8,1531.58,1531.8,0.01,84.42,136210.42,1
2024-09-08,2024-09-08 11:08:00,1531.8,1532.03,1531.8,1532.03,0.02,84.42,136210.42,1
2024-09-08,2024-09-08 11:09:00,1532.03,1532.25,1532.03,1532.25,0.01,84.42,136210.42,1
2024-09-08,2024-09-08 11:10:00,1532.25,1532.47,1532.25,1532.47,0.01,84.42,136210.42,1
2024-09-08,2024-09-08 11:11:00,1532.47,1532.7,1532.47,1532.7,0.02,84.42,136210.42,1
2024-09-08,2024-09-08 11:12:00,1532.7,1532.92,1532.7,1532.92,0.01,84.42,136210.42,1
2024-09-08,2024-09-08 11:13:00,1532.92,1533.15,1532.92,1533.15,0.02,84.42,136210.42,1
2024-09-08,2024-09-08 11:14:00,1533.15,1533.38,1533.15,1533.38,0.02,84.42,136210.42,1
2024-09-08,2024-09-08 11:15:00,1533.38,1533.6,1533.38,1533.6,0.01,84.42,136210.42,1
2024-09-08,2024-09-08 11:16:00,1533.6,1533.83,1533.6,1533.83,0.01,84.42,136210.42,1
2024-09-08,2024-09-08 11:17:00,1533.83,1534.05,1533.83,1534.05,0.01,84.42,136210.42,1
2024-09-08,2024-09-08 11:18:00,1534.05,1534.28,1534.05,1534.28,0.01,84.42,136210.42,1
2024-09-08,2024-09-08 11:19:00,1534.28,1534.5,1534.28,1534.5,0.01,84.42,136210.42,1
2024-09-08,2024-09-08 11:20:00,1534.5,1534.72,1534.5,1534.72,0.01,84.42,136210.42,1
2024-09-08,2024-09-08 11:21:00,1534.72,1534.95,1534.72,1534.95,0.01,84.42,136210.42,1
2024-09-08,2024-09-08 11:22:00,1534.95,1535.17,1534.95,1535.17,0.01,84.42,136210.42,1
2024-09-08,2024-09-08 11:23:00,1535.17,1535.4,1535.17,1535.4,0.01,84.42,136210.42,1
2024-09-08,2024-09-08 11:24:00,1535.4,1535.62,1535.4,1535.62,0.01,84.42,136210.42,1
2024-09-08,2024-09-08 11:25:00,1535.62,1535.85,1535.62,1535.85,0.01,84.42,136210.42,1
2024-09-08,2024-09-08 11:26:00,1535.85,1536.08,1535.85,1536.08,0.01,84.42,136210.42,1
2024-09-08,2024-09-08 11:27:00,1536.08,1536.3,1536.08,1536.3,0.01,84.42,136210.42,1
2024-09-08,2024-09-08 11:28:00,1536.3,1536.53,1536.3,1536.53,0.01,84.42,136210.42,1
2024-09-08,2024-09-08 11:29:00,1536.53,1536.75,1536.53,1536.75,0.01,84.42,136210.42,1
2024-09-08,2024-09-08 11:30:00,1536.75,1536.97,1536.75,1536.97,0.01,84.42,136210.42,1
2024-09-08,2024-09-08 11:31:00,1536.97,1537.2,1536.97,1537.2,0.01,84.42,136210.42,1
2024-09-08,2024-09-08 11:32:00,1537.2,1537.42,1537.2,1537.42,0.01,84.42,136210.42,1
2024-09-08,2024-09-08 11:33:00,1537.42,1537.65,1537.42,1537.65,0.01,84.42,136210.42,1
2024-09-08,2024-09-08 11:34:00,1537.65,1537.88,1537.65,1537.88,0.01,84.42,136210.42,1
2024-09-08,2024-09-08 11:35:00,1537.88,1538.1,1537.88,1538.1,0.01,84.42,136210.42,1
2024-09-08,2024-09-08 11:36:00,1538.1,1538.33,1538.1,1538.33,0.01,84.42,136210.42,1
2024-09-08,2024-09-08 11:37:00,1538.33,1538.55,1538.33,1538.55,0.01,84.42,136210.42,1
2024-09-08,2024-09-08 11:38:00,1538.55,1538.78,1538.55,1538.78,0.01,84.42,136210.42,1
2024-09-08,2024-09-08 11:39:00,1538.78,1539.0,1538.78,1539.0,0.01,84.42,136210.42,1
2024-09-08,2024-09-08 11:40:00,1539.0,1539.22,1539.0,1539.22,0.01,84.42,136210.42,1
2024-09-08,2024-09-08 11:41:00,1539.22,1539.45,1539.22,1539.45,0.01,84.42,136210.42,1
2024-09-08,2024-09-08 11:42:00,1539.45,1539.67,1539.45,1539.67,0.01,84.42,136210.42,1
2024-09-08,2024-09-08 11:43:00,1539.67,1539.9,1539.67,1539.9,0.01,84.42,136210.42,1
2024-09-08,2024-09-08 11:44:00,1539.9,1540.12,1539.9,1540.12,0.01,84.42,136210.42,1
2024-09-08,2024-09-08 11:45:00,1540.12,1540.35,1540.12,1540.35,0.01,84.42,136210.42,1
2024-09-08,2024-09-08 11:46:00,1540.35,1540.58,1540.35,1540.58,0.01,84.42,136210.42,1
2024-09-08,2024-09-08 11:47:00,1540.58,1540.8,1540.58,1540.8,0.01,84.42,136210.42,1
2024-09-08,2024-09-08 11:48:00,1540.8,1541.03,1540.8,1541.03,0.01,84.42,136210.42,1
2024-09-08,2024-09-08 11:49:00,1541.03,1541.25,1541.03,1541.25,0.01,84.42,136210.42,1
2024-09-08,2024-09-08 11:50:00,1541.25,1541.47,1541.25,1541.47,0.01,84.42,136210.42,1
2024-09-08,2024-09-08 11:51:00,1541.47,1541.7,1541.47,1541.7,0.01,84.42,136210.42,1
2024-09-08,2024-09-08 11:52:00,1541.7,1541.92,1541.7,1541.92,0.01,84.42,136210.42,1
2024-09-08,2024-09-08 11:53:00,1541.92,1542.15,1541.92,1542.15,0.01,84.42,136210.42,1
2024-09-08,2024-09-08 11:54:00,1542.15,1542.38,1542.15,1542.38,0.01,84.42,136210.42,1
2024-09-08,2024-09-08 11:55:00,1542.38,1542.6,1542.38,1542.6,0.01,84.42,136210.42,1
2024-09-08,2024-09-08 11:56:00,1542.6,1542.83,1542.6,1542.83,0.01,84.42,136210.42,1
2024-09-08,2024-09-08 11:57:00,1542.83,1543.05,1542.83,1543.05,0.01,84.42,136210.42,1
2024-09-08,2024-09-08 11:58:00,1543.05,1543.28,1543.05,1543.28,0.01,84.42,136210.42,1
2024-09-08,2024-09-08 11:59:00,1543.28,1543.5,1543.28,1543.5,0.01,84.42,136210.42,1
2024-09-08,2024-09-08 12:00:00,1543.5,1543.72,1543.5,1543.72,0.01,84.42,136210.42,1
2024-09-08,2024-09-08 12:01:00,1543.72,1543.95,1543.72,1543.95,0.01,84.42,136210.42,1
2024-09-08,2024-09-08 12:02:00,1543.95,1544.17,1543.95,1544.17,0.01,84.42,136210.42,1
2024-09-08,2024-09-08 12:03:00,1544.17,1544.4,1544.17,1544.4,0.01,84.42,136210.42,1
2024-09-08,2024-09-08 12:04:00,1544.4,1544.62,1544.4,1544.62,0.01,84.42,136210.42,1
2024-09-08,2024-09-08 12:05:00,1544.62,1544.85,1544.62,1544.85,0.01,84.42,136210.42,1
2024-09-08,2024-09-08 12:06:00,1544.85,1545.08,1544.85,1545.08,0.01,84.42,136210.42,1
2024-09-08,2024-09-08 12:07:00,1545.08,1545.3,1545.08,1545.3,0.01,84.42,136210.42,1
2024-09-08,2024-09-08 12:08:00,1545.3,1545.53,1545.3,1545.53,0.01,84.42,136210.42,1
2024-09-08,2024-09-08 12:09:00,1545.53,1545.75,1545.53,1545.75,0.01,84.42,136210.42,1
2024-09-08,2024-09-08 12:10:00,1545.75,1545.97,1545.75,1545.97,0.01,84.42,136210.42,1
2024-09-08,2024-09-08 12:11:00,1545.97,1546.2,1545.97,1546.2,0.01,84.42,136210.42,1
2024-09-08,2024-09-08 12:12:00,1546.2,1546.42,1546.2,1546.42,0.01,84.42,136210.42,1
2024-09-08,2024-09-08 12:13:00,1546.42,1546.65,1546.42,1546.65,0.01,84.42,136210.42,1
2024-09-08,2024-09-08 12:14:00,1546.65,1546.88,1546.65,1546.88,0.01,84.42,136210.42,1
2024-09-08,2024-09-08 12:15:00,1546.88,1547.1,1546.88,1547.1,0.01,84.42,136210.42,1
2024-09-08,2024-09-08 12:16:00,1547.1,1547.33,1547.1,1547.33,0.01,84.42,136210.42,1
2024-09-08,2024-09-08 12:17:00,1547.33,1547.55,1547.33,1547.55,0.01,84.42,136210.42,1
2024-09-08,2024-09-08 12:18:00,1547.55,1547.78,1547.55,1547.78,0.01,84.42,136210.42,1
2024-09-08,2024-09-08 12:19:00,1547.78,1548.0,1547.78,1548.0,0.01,84.42,136210.42,1
2024-09-08,2024-09-08 12:20:00,1548.0,1548.22,1548.0,1548.22,0.01,84.42,136210.42,1
2024-09-08,2024-09-08 12:21:00,1548.22,1548.45,1548.22,1548.45,0.01,84.42,136210.42,1
2024-09-08,2024-09-08 12:22:00,1548.45,1548.67,1548.45,1548.67,0.01,84.42,136210.42,1
2024-09-08,2024-09-08 12:23:00,1548.67,1548.9,1548.67,1548.9,0.01,84.42,136210.42,1
2024-09-08,2024-09-08 12:24:00,1548.9,1549.12,1548.9,1549.12,0.01,84.42,136210.42,1
2024-09-08,2024-09-08 12:25:00,1549.12,1549.35,1549.12,1549.35,0.01,84.42,136210.42,1
2024-09-08,2024-09-08 12:26:00,1549.35,1549.58,1549.35,1549.58,0.01,84.42,136210.42,1
2024-09-08,2024-09-08 12:27:00,1549.58,1549.8,1549.58,1549.8,0.01,84.42,136210.42,1
2024-09-08,2024-09-08 12:28:00,1549.8,1550.03,1549.8,1550.03,0.01,84.42,136210.42,1
2024-09-08,2024-09-08 12:29:00,1550.03,1550.25,1550.03,1550.25,0.01,84.42,136210.42,1
2024-09-08,2024-09-08 12:30:00,1550.25,1550.47,1550.25,1550.47,0.01,84.42,136210.42,1
2024-09-08,2024-09-08 12:31:00,1550.47,1550.7,1550.47,1550.7,0.01,84.42,136210.42,1
2024-09-08,2024-09-08 12:32:00,1550.7,1550.92,1550.7,1550.92,0.01,84.42,136210.42,1
2024-09-08,2024-09-08 12:33:00,1550.92,1551.15,1550.92,1551.15,0.01,84.42,136210.42,1
2024-09-08,2024-09-08 12:34:00,1551.15,1551.38,1551.15,1551.38,0.01,84.42,136210.42,1
2024-09-08,2024-09-08 12:35:00,1551.38,1551.6,1551.38,1551.6,0.01,84.42,136210.42,1
2024-09-08,2024-09-08 12:36:00,1551.6,1551.83,1551.6,1551.83,0.01,84.42,136210.42,1
2024-09-08,2024-09-08 12:37:00,1551.83,1552.05,1551.83,1552.05,0.01,84.42,136210.42,1
2024-09-08,2024-09-08 12:38:00,1552.05,1552.28,1552.05,1552.28,0.01,84.42,136210.42,1
2024-09-08,2024-09-08 12:39:00,1552.28,1552.5,1552.28,1552.5,0.01,84.42,136210.42,1
2024-09-08,2024-09-08 12:40:00,1552.5,1552.72,1552.5,1552.72,0.01,84.42,136210.42,1
2024-09-08,2024-09-08 12:41:00,1552.72,1552.95,1552.72,1552.95,0.01,84.42,136210.42,1
2024-09-08,2024-09-08 12:42:00,1552.95,1553.17,1552.95,1553.17,0.01,84.42,136210.42,1
2024-09-08,2024-09-08 12:43:00,1553.17,1553.4,1553.17,1553.4,0.01,84.42,136210.42,1
2024-09-08,2024-09-08 12:44:00,1553.4,1553.62,1553.4,1553.62,0.01,84.42,136210.42,1
2024-09-08,2024-09-08 12:45:00,1553.62,1553.85,1553.62,1553.85,0.01,84.42,136210.42,1
2024-09-08,2024-09-08 12:46:00,1553.85,1554.08,1553.85,1554.08,0.01,84.42,136210.42,1
2024-09-08,2024-09-08 12:47:00,1554.08,1554.3,1554.08,1554.3,0.01,84.42,136210.42,1
2024-09-08,2024-09-08 12:48:00,1554.3,1554.53,1554.3,1554.53,0.01,84.42,136210.42,1
2024-09-08,2024-09-08 12:49:00,1554.53,1554.75,1554.53,1554.75,0.01,84.42,136210.42,1
2024-09-08,2024-09-08 12:50:00,1554.75,1554.97,1554.75,1554.97,0.01,84.42,136210.42,1
2024-09-08,2024-09-08 12:51:00,1554.97,1555.2,1554.97,1555.2,0.01,84.42,136210.42,1
2024-09-08,2024-09-08 12:52:00,1555.2,1555.42,1555.2,1555.42,0.01,84.42,136210.42,1
2024-09-08,2024-09-08 12:53:00,1555.42,1555.65,1555.42,1555.65,0.01,84.42,136210.42,1
2024-09-08,2024-09-08 12:54:00,1555.65,1555.88,1555.65,1555.88,0.01,84.42,136210.42,1
2024-09-08,2024-09-08 12:55:00,1555.88,1556.1,1555.88,1556.1,0.01,84.42,136210.42,1
2024-09-08,2024-09-08 12:56:00,1556.1,1556.33,1556.1,1556.33,0.01,84.42,136210.42,1
2024-09-08,2024-09-08 12:57:00,1556.33,1556.55,1556.33,1556.55,0.01,84.42,136210.42,1
2024-09-08,2024-09-08 12:58:00,1556.55,1556.78,1556.55,1556.78,0.01,84.42,136210.42,1
2024-09-08,2024-09-08 12:59:00,1556.78,1557.0,1556.78,1557.0,0.01,84.42,136210.42,1
2024-09-08,2024-09-08 13:00:00,1557.0,1660.0,1530.0,1557.22,0.01,84.42,136210.42,1
2024-09-08,2024-09-08 13:01:00,1557.22,1557.45,1557.22,1557.45,0.01,84.42,136210.42,1
2024-09-08,2024-09-08 13:02:00,1557.45,1557.67,1557.45,1557.67,0.01,84.42,136210.42,1
2024-09-08,2024-09-08 13:03:00,1557.67,1557.9,1557.67,1557.9,0.01,84.42,136210.42,1
2024-09-08,2024-09-08 13:04:00,1557.9,1558.12,1557.9,1558.12,0.01,84.42,136210.42,1
2024-09-08,2024-09-08 13:05:00,1558.12,1558.35,1558.12,1558.35,0.01,84.42,136210.42,1
2024-09-08,2024-09-08 13:06:00,1558.35,1558.58,1558.35,1558.58,0.01,84.42,136210.42,1
2024-09-08,2024-09-08 13:07:00,1558.58,1558.8,1558.58,1558.8,0.01,84.42,136210.42,1
2024-09-08,2024-09-08 13:08:00,1558.8,1559.03,1558.8,1559.03,0.01,84.42,136210.42,1
2024-09-08,2024-09-08 13:09:00,1559.03,1559.25,1559.03,1559.25,0.01,84.42,136210.42,1
2024-09-08,2024-09-08 13:10:00,1559.25,1559.47,1559.25,1559.47,0.01,84.42,136210.42,1
2024-09-08,2024-09-08 13:11:00,1559.47,1559.7,1559.47,1559.7,0.01,84.42,136210.42,1
2024-09-08,2024-09-08 13:12:00,1559.7,1559.92,1559.7,1559.92,0.01,84.42,136210.42,1
2024-09-08,2024-09-08 13:13:00,1559.92,1560.15,1559.92,1560.15,0.01,84.42,136210.42,1
2024-09-08,2024-09-08 13:14:00,1560.15,1560.38,1560.15,1560.38,0.01,84.42,136210.42,1
2024-09-08,2024-09-08 13:15:00,1560.38,1560.6,1560.38,1560.6,0.01,84.42,136210.42,1
2024-09-08,2024-09-08 13:16:00,1560.6,1560.83,1560.6,1560.83,0.01,84.42,136210.42,1
2024-09-08,2024-09-08 13:17:00,1560.83,1561.05,1560.83,1561.05,0.01,84.42,136210.42,1
2024-09-08,2024-09-08 13:18:00,1561.05,1561.28,1561.05,1561.28,0.01,84.42,136210.42,1
2024-09-08,2024-09-08 13:19:00,1561.28,1561.5,1561.28,1561.5,0.01,84.42,136210.42,1
2024-09-08,2024-09-08 13:20:00,1561.5,1561.72,1561.5,1561.72,0.01,84.42,136210.42,1
2024-09-08,2024-09-08 13:21:00,1561.72,1561.95,1561.72,1561.95,0.01,84.42,136210.42,1
2024-09-08,2024-09-08 13:22:00,1561.95,1562.17,1561.95,1562.17,0.01,84.42,136210.42,1
2024-09-08,2024-09-08 13:23:00,1562.17,1562.4,1562.17,1562.4,0.01,84.42,136210.42,1
2024-09-08,2024-09-08 13:24:00,1562.4,1562.62,1562.4,1562.62,0.01,84.42,136210.42,1
2024-09-08,2024-09-08 13:25:00,1562.62,1562.85,1562.62,1562.85,0.01,84.42,136210.42,1
2024-09-08,2024-09-08 13:26:00,1562.85,1563.08,1562.85,1563.08,0.01,84.42,136210.42,1
2024-09-08,2024-09-08 13:27:00,1563.08,1563.3,1563.08,1563.3,0.01,84.42,136210.42,1
2024-09-08,2024-09-08 13:28:00,1563.3,1563.53,1563.3,1563.53,0.01,84.42,136210.42,1
2024-09-08,2024-09-08 13:29:00,1563.53,1563.75,1563.53,1563.75,0.01,84.42,136210.42,1
2024-09-08,2024-09-08 13:30:00,1563.75,1563.97,1563.75,1563.97,0.01,84.42,136210.42,1
2024-09-08,2024-09-08 13:31:00,1563.97,1564.2,1563.97,1564.2,0.01,84.42,136210.42,1
2024-09-08,2024-09-08 13:32:00,1564.2,1564.42,1564.2,1564.42,0.01,84.42,136210.42,1
2024-09-08,2024-09-08 13:33:00,1564.42,1564.65,1564.42,1564.65,0.01,84.42,136210.42,1
2024-09-08,2024-09-08 13:34:00,1564.65,1564.88,1564.65,1564.88,0.01,84.42,136210.42,1
2024-09-08,2024-09-08 13:35:00,1564.88,1565.1,1564.88,1565.1,0.01,84.42,136210.42,1
2024-09-08,2024-09-08 13:36:00,1565.1,1565.33,1565.1,1565.33,0.01,84.42,136210.42,1
2024-09-08,2024-09-08 13:37:00,1565.33,1565.55,1565.33,1565.55,0.01,84.42,136210.42,1
2024-09-08,2024-09-08 13:38:00,1565.55,1565.78,1565.55,1565.78,0.01,84.42,136210.42,1
2024-09-08,2024-09-08 13:39:00,1565.78,1566.0,1565.78,1566.0,0.01,84.42,136210.42,1
2024-09-08,2024-09-08 13:40:00,1566.0,1566.22,1566.0,1566.22,0.01,84.42,136210.42,1
2024-09-08,2024-09-08 13:41:00,1566.22,1566.45,1566.22,1566.45,0.01,84.42,136210.42,1
2024-09-08,2024-09-08 13:42:00,1566.45,1566.67,1566.45,1566.67,0.01,84.42,136210.42,1
2024-09-08,2024-09-08 13:43:00,1566.67,1566.9,1566.67,1566.9,0.01,84.42,136210.42,1
2024-09-08,2024-09-08 13:44:00,1566.9,1567.12,1566.9,1567.12,0.01,84.42,136210.42,1
2024-09-08,2024-09-08 13:45:00,1567.12,1567.35,1567.12,1567.35,0.01,84.42,136210.42,1
2024-09-08,2024-09-08 13:46:00,1567.35,1567.58,1567.35,1567.58,0.01,84.42,136210.42,1
2024-09-08,2024-09-08 13:47:00,1567.58,1567.8,1567.58,1567.8,0.01,84.42,136210.42,1
2024-09-08,2024-09-08 13:48:00,1567.8,1568.03,1567.8,1568.03,0.01,84.42,136210.42,1
2024-09-08,2024-09-08 13:49:00,1568.03,1568.25,1568.03,1568.25,0.01,84.42,136210.42,1
2024-09-08,2024-09-08 13:50:00,1568.25,1568.47,1568.25,1568.47,0.01,84.42,136210.42,1
2024-09-08,2024-09-08 13:51:00,1568.47,1568.7,1568.47,1568.7,0.01,84.42,136210.42,1
2024-09-08,2024-09-08 13:52:00,1568.7,1568.92,1568.7,1568.92,0.01,84.42,136210.42,1
2024-09-08,2024-09-08 13:53:00,1568.92,1569.15,1568.92,1569.15,0.01,84.42,136210.42,1
2024-09-08,2024-09-08 13:54:00,1569.15,1569.38,1569.15,1569.38,0.01,84.42,136210.42,1
2024-09-08,2024-09-08 13:55:00,1569.38,1569.6,1569.38,1569.6,0.01,84.42,136210.42,1
2024-09-08,2024-09-08 13:56:00,1569.6,1569.83,1569.6,1569.83,0.01,84.42,136210.42,1
2024-09-08,2024-09-08 13:57:00,1569.83,1570.05,1569.83,1570.05,0.01,84.42,136210.42,1
2024-09-08,2024-09-08 13:58:00,1570.05,1570.28,1570.05,1570.28,0.01,84.42,136210.42,1
2024-09-08,2024-09-08 13:59:00,1570.28,1570.5,1570.28,1570.5,0.01,84.42,136210.42,1
2024-09-08,2024-09-08 14:00:00,1570.5,1570.72,1570.5,1570.72,0.01,84.42,136210.42,1
2024-09-08,2024-09-08 14:01:00,1570.72,1570.95,1570.72,1570.95,0.01,84.42,136210.42,1
2024-09-08,2024-09-08 14:02:00,1570.95,1571.17,1570.95,1571.17,0.01,84.42,136210.42,1
2024-09-08,2024-09-08 14:03:00,1571.17,1571.4,1571.17,1571.4,0.01,84.42,136210.42,1
2024-09-08,2024-09-08 14:04:00,1571.4,1571.62,1571.4,1571.62,0.01,84.42,136210.42,1
2024-09-08,2024-09-08 14:05:00,1571.62,1571.85,1571.62,1571.85,0.01,84.42,136210.42,1
2024-09-08,2024-09-08 14:06:00,1571.85,1572.08,1571.85,1572.08,0.01,84.42,136210.42,1
2024-09-08,2024-09-08 14:07:00,1572.08,1572.3,1572.08,1572.3,0.01,84.42,136210.42,1
2024-09-08,2024-09-08 14:08:00,1572.3,1572.53,1572.3,1572.53,0.01,84.42,136210.42,1
2024-09-08,2024-09-08 14:09:00,1572.53,1572.75,1572.53,1572.75,0.01,84.42,136210.42,1
2024-09-08,2024-09-08 14:10:00,1572.75,1572.97,1572.75,1572.97,0.01,84.42,136210.42,1
2024-09-08,2024-09-08 14:11:00,1572.97,1573.2,1572.97,1573.2,0.01,84.42,136210.42,1
2024-09-08,2024-09-08 14:12:00,1573.2,1573.42,1573.2,1573.42,0.01,84.42,136210.42,1
2024-09-08,2024-09-08 14:13:00,1573.42,1573.65,1573.42,1573.65,0.01,84.42,136210.42,1
2024-09-08,2024-09-08 14:14:00,1573.65,1573.88,1573.65,1573.88,0.01,84.42,136210.42,1
2024-09-08,2024-09-08 14:15:00,1573.88,1574.1,1573.88,1574.1,0.01,84.42,136210.42,1
2024-09-08,2024-09-08 14:16:00,1574.1,1574.33,1574.1,1574.33,0.01,84.42,136210.42,1
2024-09-08,2024-09-08 14:17:00,1574.33,1574.55,1574.33,1574.55,0.01,84.42,136210.42,1
2024-09-08,2024-09-08 14:18:00,1574.55,1574.78,1574.55,1574.78,0.01,84.42,136210.42,1
2024-09-08,2024-09-08 14:19:00,1574.78,1575.0,1574.78,1575.0,0.01,84.42,136210.42,1
2024-09-08,2024-09-08 14:20:00,1575.0,1575.22,1575.0,1575.22,0.01,84.42,136210.42,1
2024-09-08,2024-09-08 14:21:00,1575.22,1575.45,1575.22,1575.45,0.01,84.42,136210.42,1
2024-09-08,2024-09-08 14:22:00,1575.45,1575.67,1575.45,1575.67,0.01,84.42,136210.42,1
2024-09-08,2024-09-08 14:23:00,1575.67,1575.9,1575.67,1575.9,0.01,84.42,136210.42,1
2024-09-08,2024-09-08 14:24:00,1575.9,1576.12,1575.9,1576.12,0.01,84.42,136210.42,1
2024-09-08,2024-09-08 14:25:00,1576.12,1576.35,1576.12,1576.35,0.01,84.42,136210.42,1
2024-09-08,2024-09-08 14:26:00,1576.35,1576.58,1576.35,1576.58,0.01,84.42,136210.42,1
2024-09-08,2024-09-08 14:27:00,1576.58,1576.8,1576.58,1576.8,0.01,84.42,136210.42,1
2024-09-08,2024-09-08 14:28:00,1576.8,1577.03,1576.8,1577.03,0.01,84.42,136210.42,1
2024-09-08,2024-09-08 14:29:00,1577.03,1577.25,1577.03,1577.25,0.01,84.42,136210.42,1
2024-09-08,2024-09-08 14:30:00,1577.25,1577.47,1577.25,1577.47,0.01,84.42,136210.42,1
2024-09-08,2024-09-08 14:31:00,1577.47,1577.7,1577.47,1577.7,0.01,84.42,136210.42,1
2024-09-08,2024-09-08 14:32:00,1577.7,1577.92,1577.7,1577.92,0.01,84.42,136210.42,1
2024-09-08,2024-09-08 14:33:00,1577.92,1578.15,1577.92,1578.15,0.01,84.42,136210.42,1
2024-09-08,2024-09-08 14:34:00,1578.15,1578.38,1578.15,1578.38,0.01,84.42,136210.42,1
2024-09-08,2024-09-08 14:35:00,1578.38,1578.6,1578.38,1578.6,0.01,84.42,136210.42,1
2024-09-08,2024-09-08 14:36:00,1578.6,1578.83,1578.6,1578.83,0.01,84.42,136210.42,1
2024-09-08,2024-09-08 14:37:00,1578.83,1579.05,1578.83,1579.05,0.01,84.42,136210.42,1
2024-09-08,2024-09-08 14:38:00,1579.05,1579.28,1579.05,1579.28,0.01,84.42,136210.42,1
2024-09-08,2024-09-08 14:39:00,1579.28,1579.5,1579.28,1579.5,0.01,84.42,136210.42,1
2024-09-08,2024-09-08 14:40:00,1579.5,1579.72,1579.5,1579.72,0.01,84.42,136210.42,1
2024-09-08,2024-09-08 14:41:00,1579.72,1579.95,1579.72,1579.95,0.01,84.42,136210.42,1
2024-09-08,2024-09-08 14:42:00,1579.95,1580.17,1579.95,1580.17,0.01,84.42,136210.42,1
2024-09-08,2024-09-08 14:43:00,1580.17,1580.4,1580.17,1580.4,0.01,84.42,136210.42,1
2024-09-08,2024-09-08 14:44:00,1580.4,1580.62,1580.4,1580.62,0.01,84.42,136210.42,1
2024-09-08,2024-09-08 14:45:00,1580.62,1580.85,1580.62,1580.85,0.01,84.42,136210.42,1
2024-09-08,2024-09-08 14:46:00,1580.85,1581.08,1580.85,1581.08,0.01,84.42,136210.42,1
2024-09-08,2024-09-08 14:47:00,1581.08,1581.3,1581.08,1581.3,0.01,84.42,136210.42,1
2024-09-08,2024-09-08 14:48:00,1581.3,1581.53,1581.3,1581.53,0.01,84.42,136210.42,1
2024-09-08,2024-09-08 14:49:00,1581.53,1581.75,1581.53,1581.75,0.01,84.42,136210.42,1
2024-09-08,2024-09-08 14:50:00,1581.75,1581.97,1581.75,1581.97,0.01,84.42,136210.42,1
2024-09-08,2024-09-08 14:51:00,1581.97,1582.2,1581.97,1582.2,0.01,84.42,136210.42,1
2024-09-08,2024-09-08 14:52:00,1582.2,1582.42,1582.2,1582.42,0.01,84.42,136210.42,1
2024-09-08,2024-09-08 14:53:00,1582.42,1582.65,1582.42,1582.65,0.01,84.42,136210.42,1
2024-09-08,2024-09-08 14:54:00,1582.65,1582.88,1582.65,1582.88,0.01,84.42,136210.42,1
2024-09-08,2024-09-08 14:55:00,1582.88,1583.1,1582.88,1583.1,0.01,84.42,136210.42,1
2024-09-08,2024-09-08 14:56:00,1583.1,1583.33,1583.1,1583.33,0.01,84.42,136210.42,1
2024-09-08,2024-09-08 14:57:00,1583.33,1583.55,1583.33,1583.55,0.01,84.42,136210.42,1
2024-09-08,2024-09-08 14:58:00,1583.55,1583.78,1583.55,1583.78,0.01,84.42,136210.42,1
2024-09-08,2024-09-08 14:59:00,1583.78,1584.0,1583.78,1584.0,0.01,84.42,136210.42,1
2024-09-08,2024-09-08 15:00:00,1584.0,1660.0,1530.0,1584.0,0.0,84.42,136210.42,0
2024-09-09,2024-09-09 11:00:00,1560.0,1585.5,1549.56,1559.92,-0.01,32.13,50317.28,-1
2024-09-09,2024-09-09 11:01:00,1559.92,1559.92,1559.83,1559.83,-0.01,32.13,50317.28,-1
2024-09-09,2024-09-09 11:02:00,1559.83,1559.83,1559.75,1559.75,-0.01,32.13,50317.28,-1
2024-09-09,2024-09-09 11:03:00,1559.75,1559.75,1559.67,1559.67,-0.01,32.13,50317.28,-1
2024-09-09,2024-09-09 11:04:00,1559.67,1559.67,1559.58,1559.58,-0.01,32.13,50317.28,-1
2024-09-09,2024-09-09 11:05:00,1559.58,1559.58,1559.5,1559.5,-0.01,32.13,50317.28,-1
2024-09-09,2024-09-09 11:06:00,1559.5,1559.5,1559.42,1559.42,-0.01,32.13,50317.28,-1
2024-09-09,2024-09-09 11:07:00,1559.42,1559.42,1559.33,1559.33,-0.01,32.13,50317.28,-1
2024-09-09,2024-09-09 11:08:00,1559.33,1559.33,1559.25,1559.25,-0.01,32.13,50317.28,-1
2024-09-09,2024-09-09 11:09:00,1559.25,1559.25,1559.17,1559.17,-0.01,32.13,50317.28,-1
2024-09-09,2024-09-09 11:10:00,1559.17,1559.17,1559.08,1559.08,-0.01,32.13,50317.28,-1
2024-09-09,2024-09-09 11:11:00,1559.08,1559.08,1559.0,1559.0,-0.01,32.13,50317.28,-1
2024-09-09,2024-09-09 11:12:00,1559.0,1559.0,1558.92,1558.92,-0.01,32.13,50317.28,-1
2024-09-09,2024-09-09 11:13:00,1558.92,1558.92,1558.83,1558.83,-0.01,32.13,50317.28,-1
2024-09-09,2024-09-09 11:14:00,1558.83,1558.83,1558.75,1558.75,-0.01,32.13,50317.28,-1
2024-09-09,2024-09-09 11:15:00,1558.75,1558.75,1558.67,1558.67,-0.01,32.13,50317.28,-1
2024-09-09,2024-09-09 11:16:00,1558.67,1558.67,1558.58,1558.58,-0.01,32.13,50317.28,-1
2024-09-09,2024-09-09 11:17:00,1558.58,1558.58,1558.5,1558.5,-0.01,32.13,50317.28,-1
2024-09-09,2024-09-09 11:18:00,1558.5,1558.5,1558.42,1558.42,-0.01,32.13,50317.28,-1
2024-09-09,2024-09-09 11:19:00,1558.42,1558.42,1558.33,1558.33,-0.01,32.13,50317.28,-1
2024-09-09,2024-09-09 11:20:00,1558.33,1558.33,1558.25,1558.25,-0.01,32.13,50317.28,-1
2024-09-09,2024-09-09 11:21:00,1558.25,1558.25,1558.17,1558.17,-0.01,32.13,50317.28,-1
2024-09-09,2024-09-09 11:22:00,1558.17,1558.17,1558.08,1558.08,-0.01,32.13,50317.28,-1
2024-09-09,2024-09-09 11:23:00,1558.08,1558.08,1558.0,1558.0,-0.01,32.13,50317.28,-1
2024-09-09,2024-09-09 11:24:00,1558.0,1558.0,1557.92,1557.92,-0.01,32.13,50317.28,-1
2024-09-09,2024-09-09 11:25:00,1557.92,1557.92,1557.83,1557.83,-0.01,32.13,50317.28,-1
2024-09-09,2024-09-09 11:26:00,1557.83,1557.83,1557.75,1557.75,-0.01,32.13,50317.28,-1
2024-09-09,2024-09-09 11:27:00,1557.75,1557.75,1557.67,1557.67,-0.01,32.13,50317.28,-1
2024-09-09,2024-09-09 11:28:00,1557.67,1557.67,1557.58,1557.58,-0.01,32.13,50317.28,-1
2024-09-09,2024-09-09 11:29:00,1557.58,1557.58,1557.5,1557.5,-0.01,32.13,50317.28,-1
2024-09-09,2024-09-09 11:30:00,1557.5,1557.5,1557.42,1557.42,-0.01,32.13,50317.28,-1
2024-09-09,2024-09-09 11:31:00,1557.42,1557.42,1557.33,1557.33,-0.01,32.13,50317.28,-1
2024-09-09,2024-09-09 11:32:00,1557.33,1557.33,1557.25,1557.25,-0.01,32.13,50317.28,-1
2024-09-09,2024-09-09 11:33:00,1557.25,1557.25,1557.17,1557.17,-0.01,32.13,50317.28,-1
2024-09-09,2024-09-09 11:34:00,1557.17,1557.17,1557.08,1557.08,-0.01,32.13,50317.28,-1
2024-09-09,2024-09-09 11:35:00,1557.08,1557.08,1557.0,1557.0,-0.01,32.13,50317.28,-1
2024-09-09,2024-09-09 11:36:00,1557.0,1557.0,1556.92,1556.92,-0.01,32.13,50317.28,-1
2024-09-09,2024-09-09 11:37:00,1556.92,1556.92,1556.83,1556.83,-0.01,32.13,50317.28,-1
2024-09-09,2024-09-09 11:38:00,1556.83,1556.83,1556.75,1556.75,-0.01,32.13,50317.28,-1
2024-09-09,2024-09-09 11:39:00,1556.75,1556.75,1556.67,1556.67,-0.01,32.13,50317.28,-1
2024-09-09,2024-09-09 11:40:00,1556.67,1556.67,1556.58,1556.58,-0.01,32.13,50317.28,-1
2024-09-09,2024-09-09 11:41:00,1556.58,1556.58,1556.5,1556.5,-0.01,32.13,50317.28,-1
2024-09-09,2024-09-09 11:42:00,1556.5,1556.5,1556.42,1556.42,-0.01,32.13,50317.28,-1
2024-09-09,2024-09-09 11:43:00,1556.42,1556.42,1556.33,1556.33,-0.01,32.13,50317.28,-1
2024-09-09,2024-09-09 11:44:00,1556.33,1556.33,1556.25,1556.25,-0.01,32.13,50317.28,-1
2024-09-09,2024-09-09 11:45:00,1556.25,1556.25,1556.17,1556.17,-0.01,32.13,50317.28,-1
2024-09-09,2024-09-09 11:46:00,1556.17,1556.17,1556.08,1556.08,-0.01,32.13,50317.28,-1
2024-09-09,2024-09-09 11:47:00,1556.08,1556.08,1556.0,1556.0,-0.01,32.13,50317.28,-1
2024-09-09,2024-09-09 11:48:00,1556.0,1556.0,1555.92,1555.92,-0.01,32.13,50317.28,-1
2024-09-09,2024-09-09 11:49:00,1555.92,1555.92,1555.83,1555.83,-0.01,32.13,50317.28,-1
2024-09-09,2024-09-09 11:50:00,1555.83,1555.83,1555.75,1555.75,-0.01,32.13,50317.28,-1
2024-09-09,2024-09-09 11:51:00,1555.75,1555.75,1555.67,1555.67,-0.01,32.13,50317.28,-1
2024-09-09,2024-09-09 11:52:00,1555.67,1555.67,1555.58,1555.58,-0.01,32.13,50317.28,-1
2024-09-09,2024-09-09 11:53:00,1555.58,1555.58,1555.5,1555.5,-0.01,32.13,50317.28,-1
2024-09-09,2024-09-09 11:54:00,1555.5,1555.5,1555.42,1555.42,-0.01,32.13,50317.28,-1
2024-09-09,2024-09-09 11:55:00,1555.42,1555.42,1555.33,1555.33,-0.01,32.13,50317.28,-1
2024-09-09,2024-09-09 11:56:00,1555.33,1555.33,1555.25,1555.25,-0.01,32.13,50317.28,-1
2024-09-09,2024-09-09 11:57:00,1555.25,1555.25,1555.17,1555.17,-0.01,32.13,50317.28,-1
2024-09-09,2024-09-09 11:58:00,1555.17,1555.17,1555.08,1555.08,-0.01,32.13,50317.28,-1
2024-09-09,2024-09-09 11:59:00,1555.08,1555.08,1555.0,1555.0,-0.01,32.13,50317.28,-1
2024-09-09,2024-09-09 12:00:00,1555.0,1555.0,1554.92,1554.92,-0.01,32.13,50317.28,-1
2024-09-09,2024-09-09 12:01:00,1554.92,1554.92,1554.83,1554.83,-0.01,32.13,50317.28,-1
2024-09-09,2024-09-09 12:02:00,1554.83,1554.83,1554.75,1554.75,-0.01,32.13,50317.28,-1
2024-09-09,2024-09-09 12:03:00,1554.75,1554.75,1554.67,1554.67,-0.01,32.13,50317.28,-1
2024-09-09,2024-09-09 12:04:00,1554.67,1554.67,1554.58,1554.58,-0.01,32.13,50317.28,-1
2024-09-09,2024-09-09 12:05:00,1554.58,1554.58,1554.5,1554.5,-0.01,32.13,50317.28,-1
2024-09-09,2024-09-09 12:06:00,1554.5,1554.5,1554.42,1554.42,-0.01,32.13,50317.28,-1
2024-09-09,2024-09-09 12:07:00,1554.42,1554.42,1554.33,1554.33,-0.01,32.13,50317.28,-1
2024-09-09,2024-09-09 12:08:00,1554.33,1554.33,1554.25,1554.25,-0.01,32.13,50317.28,-1
2024-09-09,2024-09-09 12:09:00,1554.25,1554.25,1554.17,1554.17,-0.01,32.13,50317.28,-1
2024-09-09,2024-09-09 12:10:00,1554.17,1554.17,1554.08,1554.08,-0.01,32.13,50317.28,-1
2024-09-09,2024-09-09 12:11:00,1554.08,1554.08,1554.0,1554.0,-0.01,32.13,50317.28,-1
2024-09-09,2024-09-09 12:12:00,1554.0,1554.0,1553.92,1553.92,-0.01,32.13,50317.28,-1
2024-09-09,2024-09-09 12:13:00,1553.92,1553.92,1553.83,1553.83,-0.01,32.13,50317.28,-1
2024-09-09,2024-09-09 12:14:00,1553.83,1553.83,1553.75,1553.75,-0.01,32.13,50317.28,-1
2024-09-09,2024-09-09 12:15:00,1553.75,1553.75,1553.67,1553.67,-0.01,32.13,50317.28,-1
2024-09-09,2024-09-09 12:16:00,1553.67,1553.67,1553.58,1553.58,-0.01,32.13,50317.28,-1
2024-09-09,2024-09-09 12:17:00,1553.58,1553.58,1553.5,1553.5,-0.01,32.13,50317.28,-1
2024-09-09,2024-09-09 12:18:00,1553.5,1553.5,1553.42,1553.42,-0.01,32.13,50317.28,-1
2024-09-09,2024-09-09 12:19:00,1553.42,1553.42,1553.33,1553.33,-0.01,32.13,50317.28,-1
2024-09-09,2024-09-09 12:20:00,1553.33,1553.33,1553.25,1553.25,-0.01,32.13,50317.28,-1
2024-09-09,2024-09-09 12:21:00,1553.25,1553.25,1553.17,1553.17,-0.01,32.13,50317.28,-1
2024-09-09,2024-09-09 12:22:00,1553.17,1553.17,1553.08,1553.08,-0.01,32.13,50317.28,-1
2024-09-09,2024-09-09 12:23:00,1553.08,1553.08,1553.0,1553.0,-0.01,32.13,50317.28,-1
2024-09-09,2024-09-09 12:24:00,1553.0,1553.0,1552.92,1552.92,-0.01,32.13,50317.28,-1
2024-09-09,2024-09-09 12:25:00,1552.92,1552.92,1552.83,1552.83,-0.01,32.13,50317.28,-1
2024-09-09,2024-09-09 12:26:00,1552.83,1552.83,1552.75,1552.75,-0.01,32.13,50317.28,-1
2024-09-09,2024-09-09 12:27:00,1552.75,1552.75,1552.67,1552.67,-0.01,32.13,50317.28,-1
2024-09-09,2024-09-09 12:28:00,1552.67,1552.67,1552.58,1552.58,-0.01,32.13,50317.28,-1
2024-09-09,2024-09-09 12:29:00,1552.58,1552.58,1552.5,1552.5,-0.01,32.13,50317.28,-1
2024-09-09,2024-09-09 12:30:00,1552.5,1552.5,1552.42,1552.42,-0.01,32.13,50317.28,-1
2024-09-09,2024-09-09 12:31:00,1552.42,1552.42,1552.33,1552.33,-0.01,32.13,50317.28,-1
2024-09-09,2024-09-09 12:32:00,1552.33,1552.33,1552.25,1552.25,-0.01,32.13,50317.28,-1
2024-09-09,2024-09-09 12:33:00,1552.25,1552.25,1552.17,1552.17,-0.01,32.13,50317.28,-1
2024-09-09,2024-09-09 12:34:00,1552.17,1552.17,1552.08,1552.08,-0.01,32.13,50317.28,-1
2024-09-09,2024-09-09 12:35:00,1552.08,1552.08,1552.0,1552.0,-0.01,32.13,50317.28,-1
2024-09-09,2024-09-09 12:36:00,1552.0,1552.0,1551.92,1551.92,-0.01,32.13,50317.28,-1
2024-09-09,2024-09-09 12:37:00,1551.92,1551.92,1551.83,1551.83,-0.01,32.13,50317.28,-1
2024-09-09,2024-09-09 12:38:00,1551.83,1551.83,1551.75,1551.75,-0.01,32.13,50317.28,-1
2024-09-09,2024-09-09 12:39:00,1551.75,1551.75,1551.67,1551.67,-0.01,32.13,50317.28,-1
2024-09-09,2024-09-09 12:40:00,1551.67,1551.67,1551.58,1551.58,-0.01,32.13,50317.28,-1
2024-09-09,2024-09-09 12:41:00,1551.58,1551.58,1551.5,1551.5,-0.01,32.13,50317.28,-1
2024-09-09,2024-09-09 12:42:00,1551.5,1551.5,1551.42,1551.42,-0.01,32.13,50317.28,-1
2024-09-09,2024-09-09 12:43:00,1551.42,1551.42,1551.33,1551.33,-0.01,32.13,50317.28,-1
2024-09-09,2024-09-09 12:44:00,1551.33,1551.33,1551.25,1551.25,-0.01,32.13,50317.28,-1
2024-09-09,2024-09-09 12:45:00,1551.25,1551.25,1551.17,1551.17,-0.01,32.13,50317.28,-1
2024-09-09,2024-09-09 12:46:00,1551.17,1551.17,1551.08,1551.08,-0.01,32.13,50317.28,-1
2024-09-09,2024-09-09 12:47:00,1551.08,1551.08,1551.0,1551.0,-0.01,32.13,50317.28,-1
2024-09-09,2024-09-09 12:48:00,1551.0,1551.0,1550.92,1550.92,-0.01,32.13,50317.28,-1
2024-09-09,2024-09-09 12:49:00,1550.92,1550.92,1550.83,1550.83,-0.01,32.13,50317.28,-1
2024-09-09,2024-09-09 12:50:00,1550.83,1550.83,1550.75,1550.75,-0.01,32.13,50317.28,-1
2024-09-09,2024-09-09 12:51:00,1550.75,1550.75,1550.67,1550.67,-0.01,32.13,50317.28,-1
2024-09-09,2024-09-09 12:52:00,1550.67,1550.67,1550.58,1550.58,-0.01,32.13,50317.28,-1
2024-09-09,2024-09-09 12:53:00,1550.58,1550.58,1550.5,1550.5,-0.01,32.13,50317.28,-1
2024-09-09,2024-09-09 12:54:00,1550.5,1550.5,1550.42,1550.42,-0.01,32.13,50317.28,-1
2024-09-09,2024-09-09 12:55:00,1550.42,1550.42,1550.33,1550.33,-0.01,32.13,50317.28,-1
2024-09-09,2024-09-09 12:56:00,1550.33,1550.33,1550.25,1550.25,-0.01,32.13,50317.28,-1
2024-09-09,2024-09-09 12:57:00,1550.25,1550.25,1550.17,1550.17,-0.01,32.13,50317.28,-1
2024-09-09,2024-09-09 12:58:00,1550.17,1550.17,1550.08,1550.08,-0.01,32.13,50317.28,-1
2024-09-09,2024-09-09 12:59:00,1550.08,1550.08,1550.0,1550.0,-0.01,32.13,50317.28,-1
2024-09-09,2024-09-09 13:00:00,1550.0,1645.0,1525.2,1549.92,-0.01,32.13,50317.28,-1
2024-09-09,2024-09-09 13:01:00,1549.92,1549.92,1549.83,1549.83,-0.01,32.13,50317.28,-1
2024-09-09,2024-09-09 13:02:00,1549.83,1549.83,1549.75,1549.75,-0.01,32.13,50317.28,-1
2024-09-09,2024-09-09 13:03:00,1549.75,1549.75,1549.67,1549.67,-0.01,32.13,50317.28,-1
2024-09-09,2024-09-09 13:04:00,1549.67,1549.67,1549.58,1549.58,-0.01,32.13,50317.28,-1
2024-09-09,2024-09-09 13:05:00,1549.58,1549.58,1549.5,1549.5,-0.01,32.13,50317.28,-1
2024-09-09,2024-09-09 13:06:00,1549.5,1549.5,1549.42,1549.42,-0.01,32.13,50317.28,-1
2024-09-09,2024-09-09 13:07:00,1549.42,1549.42,1549.33,1549.33,-0.01,32.13,50317.28,-1
2024-09-09,2024-09-09 13:08:00,1549.33,1549.33,1549.25,1549.25,-0.01,32.13,50317.28,-1
2024-09-09,2024-09-09 13:09:00,1549.25,1549.25,1549.17,1549.17,-0.01,32.13,50317.28,-1
2024-09-09,2024-09-09 13:10:00,1549.17,1549.17,1549.08,1549.08,-0.01,32.13,50317.28,-1
2024-09-09,2024-09-09 13:11:00,1549.08,1549.08,1549.0,1549.0,-0.01,32.13,50317.28,-1
2024-09-09,2024-09-09 13:12:00,1549.0,1549.0,1548.92,1548.92,-0.01,32.13,50317.28,-1
2024-09-09,2024-09-09 13:13:00,1548.92,1548.92,1548.83,1548.83,-0.01,32.13,50317.28,-1
2024-09-09,2024-09-09 13:14:00,1548.83,1548.83,1548.75,1548.75,-0.01,32.13,50317.28,-1
2024-09-09,2024-09-09 13:15:00,1548.75,1548.75,1548.67,1548.67,-0.01,32.13,50317.28,-1
2024-09-09,2024-09-09 13:16:00,1548.67,1548.67,1548.58,1548.58,-0.01,32.13,50317.28,-1
2024-09-09,2024-09-09 13:17:00,1548.58,1548.58,1548.5,1548.5,-0.01,32.13,50317.28,-1
2024-09-09,2024-09-09 13:18:00,1548.5,1548.5,1548.42,1548.42,-0.01,32.13,50317.28,-1
2024-09-09,2024-09-09 13:19:00,1548.42,1548.42,1548.33,1548.33,-0.01,32.13,50317.28,-1
2024-09-09,2024-09-09 13:20:00,1548.33,1548.33,1548.25,1548.25,-0.01,32.13,50317.28,-1
2024-09-09,2024-09-09 13:21:00,1548.25,1548.25,1548.17,1548.17,-0.01,32.13,50317.28,-1
2024-09-09,2024-09-09 13:22:00,1548.17,1548.17,1548.08,1548.08,-0.01,32.13,50317.28,-1
2024-09-09,2024-09-09 13:23:00,1548.08,1548.08,1548.0,1548.0,-0.01,32.13,50317.28,-1
2024-09-09,2024-09-09 13:24:00,1548.0,1548.0,1547.92,1547.92,-0.01,32.13,50317.28,-1
2024-09-09,2024-09-09 13:25:00,1547.92,1547.92,1547.83,1547.83,-0.01,32.13,50317.28,-1
2024-09-09,2024-09-09 13:26:00,1547.83,1547.83,1547.75,1547.75,-0.01,32.13,50317.28,-1
2024-09-09,2024-09-09 13:27:00,1547.75,1547.75,1547.67,1547.67,-0.01,32.13,50317.28,-1
2024-09-09,2024-09-09 13:28:00,1547.67,1547.67,1547.58,1547.58,-0.01,32.13,50317.28,-1
2024-09-09,2024-09-09 13:29:00,1547.58,1547.58,1547.5,1547.5,-0.01,32.13,50317.28,-1
2024-09-09,2024-09-09 13:30:00,1547.5,1547.5,1547.42,1547.42,-0.01,32.13,50317.28,-1
2024-09-09,2024-09-09 13:31:00,1547.42,1547.42,1547.33,1547.33,-0.01,32.13,50317.28,-1
2024-09-09,2024-09-09 13:32:00,1547.33,1547.33,1547.25,1547.25,-0.01,32.13,50317.28,-1
2024-09-09,2024-09-09 13:33:00,1547.25,1547.25,1547.17,1547.17,-0.01,32.13,50317.28,-1
2024-09-09,2024-09-09 13:34:00,1547.17,1547.17,1547.08,1547.08,-0.01,32.13,50317.28,-1
2024-09-09,2024-09-09 13:35:00,1547.08,1547.08,1547.0,1547.0,-0.01,32.13,50317.28,-1
2024-09-09,2024-09-09 13:36:00,1547.0,1547.0,1546.92,1546.92,-0.01,32.13,50317.28,-1
2024-09-09,2024-09-09 13:37:00,1546.92,1546.92,1546.83,1546.83,-0.01,32.13,50317.28,-1
2024-09-09,2024-09-09 13:38:00,1546.83,1546.83,1546.75,1546.75,-0.01,32.13,50317.28,-1
2024-09-09,2024-09-09 13:39:00,1546.75,1546.75,1546.67,1546.67,-0.01,32.13,50317.28,-1
2024-09-09,2024-09-09 13:40:00,1546.67,1546.67,1546.58,1546.58,-0.01,32.13,50317.28,-1
2024-09-09,2024-09-09 13:41:00,1546.58,1546.58,1546.5,1546.5,-0.01,32.13,50317.28,-1
2024-09-09,2024-09-09 13:42:00,1546.5,1546.5,1546.42,1546.42,-0.01,32.13,50317.28,-1
2024-09-09,2024-09-09 13:43:00,1546.42,1546.42,1546.33,1546.33,-0.01,32.13,50317.28,-1
2024-09-09,2024-09-09 13:44:00,1546.33,1546.33,1546.25,1546.25,-0.01,32.13,50317.28,-1
2024-09-09,2024-09-09 13:45:00,1546.25,1546.25,1546.17,1546.17,-0.01,32.13,50317.28,-1
2024-09-09,2024-09-09 13:46:00,1546.17,1546.17,1546.08,1546.08,-0.01,32.13,50317.28,-1
2024-09-09,2024-09-09 13:47:00,1546.08,1546.08,1546.0,1546.0,-0.01,32.13,50317.28,-1
2024-09-09,2024-09-09 13:48:00,1546.0,1546.0,1545.92,1545.92,-0.01,32.13,50317.28,-1
2024-09-09,2024-09-09 13:49:00,1545.92,1545.92,1545.83,1545.83,-0.01,32.13,50317.28,-1
2024-09-09,2024-09-09 13:50:00,1545.83,1545.83,1545.75,1545.75,-0.01,32.13,50317.28,-1
2024-09-09,2024-09-09 13:51:00,1545.75,1545.75,1545.67,1545.67,-0.01,32.13,50317.28,-1
2024-09-09,2024-09-09 13:52:00,1545.67,1545.67,1545.58,1545.58,-0.01,32.13,50317.28,-1
2024-09-09,2024-09-09 13:53:00,1545.58,1545.58,1545.5,1545.5,-0.01,32.13,50317.28,-1
2024-09-09,2024-09-09 13:54:00,1545.5,1545.5,1545.42,1545.42,-0.01,32.13,50317.28,-1
2024-09-09,2024-09-09 13:55:00,1545.42,1545.42,1545.33,1545.33,-0.01,32.13,50317.28,-1
2024-09-09,2024-09-09 13:56:00,1545.33,1545.33,1545.25,1545.25,-0.01,32.13,50317.28,-1
2024-09-09,2024-09-09 13:57:00,1545.25,1545.25,1545.17,1545.17,-0.01,32.13,50317.28,-1
2024-09-09,2024-09-09 13:58:00,1545.17,1545.17,1545.08,1545.08,-0.01,32.13,50317.28,-1
2024-09-09,2024-09-09 13:59:00,1545.08,1545.08,1545.0,1545.0,-0.01,32.13,50317.28,-1
2024-09-09,2024-09-09 14:00:00,1545.0,1545.0,1544.92,1544.92,-0.01,32.13,50317.28,-1
2024-09-09,2024-09-09 14:01:00,1544.92,1544.92,1544.83,1544.83,-0.01,32.13,50317.28,-1
2024-09-09,2024-09-09 14:02:00,1544.83,1544.83,1544.75,1544.75,-0.01,32.13,50317.28,-1
2024-09-09,2024-09-09 14:03:00,1544.75,1544.75,1544.67,1544.67,-0.01,32.13,50317.28,-1
2024-09-09,2024-09-09 14:04:00,1544.67,1544.67,1544.58,1544.58,-0.01,32.13,50317.28,-1
2024-09-09,2024-09-09 14:05:00,1544.58,1544.58,1544.5,1544.5,-0.01,32.13,50317.28,-1
2024-09-09,2024-09-09 14:06:00,1544.5,1544.5,1544.42,1544.42,-0.01,32.13,50317.28,-1
2024-09-09,2024-09-09 14:07:00,1544.42,1544.42,1544.33,1544.33,-0.01,32.13,50317.28,-1
2024-09-09,2024-09-09 14:08:00,1544.33,1544.33,1544.25,1544.25,-0.01,32.13,50317.28,-1
2024-09-09,2024-09-09 14:09:00,1544.25,1544.25,1544.17,1544.17,-0.01,32.13,50317.28,-1
2024-09-09,2024-09-09 14:10:00,1544.17,1544.17,1544.08,1544.08,-0.01,32.13,50317.28,-1
2024-09-09,2024-09-09 14:11:00,1544.08,1544.08,1544.0,1544.0,-0.01,32.13,50317.28,-1
2024-09-09,2024-09-09 14:12:00,1544.0,1544.0,1543.92,1543.92,-0.01,32.13,50317.28,-1
2024-09-09,2024-09-09 14:13:00,1543.92,1543.92,1543.83,1543.83,-0.01,32.13,50317.28,-1
2024-09-09,2024-09-09 14:14:00,1543.83,1543.83,1543.75,1543.75,-0.01,32.13,50317.28,-1
2024-09-09,2024-09-09 14:15:00,1543.75,1543.75,1543.67,1543.67,-0.01,32.13,50317.28,-1
2024-09-09,2024-09-09 14:16:00,1543.67,1543.67,1543.58,1543.58,-0.01,32.13,50317.28,-1
2024-09-09,2024-09-09 14:17:00,1543.58,1543.58,1543.5,1543.5,-0.01,32.13,50317.28,-1
2024-09-09,2024-09-09 14:18:00,1543.5,1543.5,1543.42,1543.42,-0.01,32.13,50317.28,-1
2024-09-09,2024-09-09 14:19:00,1543.42,1543.42,1543.33,1543.33,-0.01,32.13,50317.28,-1
2024-09-09,2024-09-09 14:20:00,1543.33,1543.33,1543.25,1543.25,-0.01,32.13,50317.28,-1
2024-09-09,2024-09-09 14:21:00,1543.25,1543.25,1543.17,1543.17,-0.01,32.13,50317.28,-1
2024-09-09,2024-09-09 14:22:00,1543.17,1543.17,1543.08,1543.08,-0.01,32.13,50317.28,-1
2024-09-09,2024-09-09 14:23:00,1543.08,1543.08,1543.0,1543.0,-0.01,32.13,50317.28,-1
2024-09-09,2024-09-09 14:24:00,1543.0,1543.0,1542.92,1542.92,-0.01,32.13,50317.28,-1
2024-09-09,2024-09-09 14:25:00,1542.92,1542.92,1542.83,1542.83,-0.01,32.13,50317.28,-1
2024-09-09,2024-09-09 14:26:00,1542.83,1542.83,1542.75,1542.75,-0.01,32.13,50317.28,-1
2024-09-09,2024-09-09 14:27:00,1542.75,1542.75,1542.67,1542.67,-0.01,32.13,50317.28,-1
2024-09-09,2024-09-09 14:28:00,1542.67,1542.67,1542.58,1542.58,-0.01,32.13,50317.28,-1
2024-09-09,2024-09-09 14:29:00,1542.58,1542.58,1542.5,1542.5,-0.01,32.13,50317.28,-1
2024-09-09,2024-09-09 14:30:00,1542.5,1542.5,1542.42,1542.42,-0.01,32.13,50317.28,-1
2024-09-09,2024-09-09 14:31:00,1542.42,1542.42,1542.33,1542.33,-0.01,32.13,50317.28,-1
2024-09-09,2024-09-09 14:32:00,1542.33,1542.33,1542.25,1542.25,-0.01,32.13,50317.28,-1
2024-09-09,2024-09-09 14:33:00,1542.25,1542.25,1542.17,1542.17,-0.01,32.13,50317.28,-1
2024-09-09,2024-09-09 14:34:00,1542.17,1542.17,1542.08,1542.08,-0.01,32.13,50317.28,-1
2024-09-09,2024-09-09 14:35:00,1542.08,1542.08,1542.0,1542.0,-0.01,32.13,50317.28,-1
2024-09-09,2024-09-09 14:36:00,1542.0,1542.0,1541.92,1541.92,-0.01,32.13,50317.28,-1
2024-09-09,2024-09-09 14:37:00,1541.92,1541.92,1541.83,1541.83,-0.01,32.13,50317.28,-1
2024-09-09,2024-09-09 14:38:00,1541.83,1541.83,1541.75,1541.75,-0.01,32.13,50317.28,-1
2024-09-09,2024-09-09 14:39:00,1541.75,1541.75,1541.67,1541.67,-0.01,32.13,50317.28,-1
2024-09-09,2024-09-09 14:40:00,1541.67,1541.67,1541.58,1541.58,-0.01,32.13,50317.28,-1
2024-09-09,2024-09-09 14:41:00,1541.58,1541.58,1541.5,1541.5,-0.01,32.13,50317.28,-1
2024-09-09,2024-09-09 14:42:00,1541.5,1541.5,1541.42,1541.42,-0.01,32.13,50317.28,-1
2024-09-09,2024-09-09 14:43:00,1541.42,1541.42,1541.33,1541.33,-0.01,32.13,50317.28,-1
2024-09-09,2024-09-09 14:44:00,1541.33,1541.33,1541.25,1541.25,-0.01,32.13,50317.28,-1
2024-09-09,2024-09-09 14:45:00,1541.25,1541.25,1541.17,1541.17,-0.01,32.13,50317.28,-1
2024-09-09,2024-09-09 14:46:00,1541.17,1541.17,1541.08,1541.08,-0.01,32.13,50317.28,-1
2024-09-09,2024-09-09 14:47:00,1541.08,1541.08,1541.0,1541.0,-0.01,32.13,50317.28,-1
2024-09-09,2024-09-09 14:48:00,1541.0,1541.0,1540.92,1540.92,-0.01,32.13,50317.28,-1
2024-09-09,2024-09-09 14:49:00,1540.92,1540.92,1540.83,1540.83,-0.01,32.13,50317.28,-1
2024-09-09,2024-09-09 14:50:00,1540.83,1540.83,1540.75,1540.75,-0.01,32.13,50317.28,-1
2024-09-09,2024-09-09 14:51:00,1540.75,1540.75,1540.67,1540.67,-0.01,32.13,50317.28,-1
2024-09-09,2024-09-09 14:52:00,1540.67,1540.67,1540.58,1540.58,-0.01,32.13,50317.28,-1
2024-09-09,2024-09-09 14:53:00,1540.58,1540.58,1540.5,1540.5,-0.01,32.13,50317.28,-1
2024-09-09,2024-09-09 14:54:00,1540.5,1540.5,1540.42,1540.42,-0.01,32.13,50317.28,-1
2024-09-09,2024-09-09 14:55:00,1540.42,1540.42,1540.33,1540.33,-0.01,32.13,50317.28,-1
2024-09-09,2024-09-09 14:56:00,1540.33,1540.33,1540.25,1540.25,-0.01,32.13,50317.28,-1
2024-09-09,2024-09-09 14:57:00,1540.25,1540.25,1540.17,1540.17,-0.01,32.13,50317.28,-1
2024-09-09,2024-09-09 14:58:00,1540.17,1540.17,1540.08,1540.08,-0.01,32.13,50317.28,-1
2024-09-09,2024-09-09 14:59:00,1540.08,1540.08,1540.0,1540.0,-0.01,32.13,50317.28,-1
2024-09-09,2024-09-09 15:00:00,1540.0,1645.0,1525.2,1540.0,0.0,32.13,50317.28,0
2024-09-10,2024-09-10 11:00:00,1542.0,1548.9,1529.4,1541.85,-0.01,14.82,22620.84,-1
2024-09-10,2024-09-10 11:01:00,1541.85,1541.85,1541.69,1541.69,-0.01,14.82,22620.84,-1
2024-09-10,2024-09-10 11:02:00,1541.69,1541.69,1541.54,1541.54,-0.01,14.82,22620.84,-1
2024-09-10,2024-09-10 11:03:00,1541.54,1541.54,1541.38,1541.38,-0.01,14.82,22620.84,-1
2024-09-10,2024-09-10 11:04:00,1541.38,1541.38,1541.23,1541.23,-0.01,14.82,22620.84,-1
2024-09-10,2024-09-10 11:05:00,1541.23,1541.23,1541.08,1541.08,-0.01,14.82,22620.84,-1
2024-09-10,2024-09-10 11:06:00,1541.08,1541.08,1540.92,1540.92,-0.01,14.82,22620.84,-1
2024-09-10,2024-09-10 11:07:00,1540.92,1540.92,1540.77,1540.77,-0.01,14.82,22620.84,-1
2024-09-10,2024-09-10 11:08:00,1540.77,1540.77,1540.61,1540.61,-0.01,14.82,22620.84,-1
2024-09-10,2024-09-10 11:09:00,1540.61,1540.61,1540.46,1540.46,-0.01,14.82,22620.84,-1
2024-09-10,2024-09-10 11:10:00,1540.46,1540.46,1540.3,1540.3,-0.01,14.82,22620.84,-1
2024-09-10,2024-09-10 11:11:00,1540.3,1540.3,1540.15,1540.15,-0.01,14.82,22620.84,-1
2024-09-10,2024-09-10 11:12:00,1540.15,1540.15,1540.0,1540.0,-0.01,14.82,22620.84,-1
2024-09-10,2024-09-10 11:13:00,1540.0,1540.0,1539.84,1539.84,-0.01,14.82,22620.84,-1
2024-09-10,2024-09-10 11:14:00,1539.84,1539.84,1539.69,1539.69,-0.01,14.82,22620.84,-1
2024-09-10,2024-09-10 11:15:00,1539.69,1539.69,1539.53,1539.53,-0.01,14.82,22620.84,-1
2024-09-10,2024-09-10 11:16:00,1539.53,1539.53,1539.38,1539.38,-0.01,14.82,22620.84,-1
2024-09-10,2024-09-10 11:17:00,1539.38,1539.38,1539.22,1539.22,-0.01,14.82,22620.84,-1
2024-09-10,2024-09-10 11:18:00,1539.22,1539.22,1539.07,1539.07,-0.01,14.82,22620.84,-1
2024-09-10,2024-09-10 11:19:00,1539.07,1539.07,1538.92,1538.92,-0.01,14.82,22620.84,-1
2024-09-10,2024-09-10 11:20:00,1538.92,1538.92,1538.76,1538.76,-0.01,14.82,22620.84,-1
2024-09-10,2024-09-10 11:21:00,1538.76,1538.76,1538.61,1538.61,-0.01,14.82,22620.84,-1
2024-09-10,2024-09-10 11:22:00,1538.61,1538.61,1538.45,1538.45,-0.01,14.82,22620.84,-1
2024-09-10,2024-09-10 11:23:00,1538.45,1538.45,1538.3,1538.3,-0.01,14.82,22620.84,-1
2024-09-10,2024-09-10 11:24:00,1538.3,1538.3,1538.15,1538.15,-0.01,14.82,22620.84,-1
2024-09-10,2024-09-10 11:25:00,1538.15,1538.15,1537.99,1537.99,-0.01,14.82,22620.84,-1
2024-09-10,2024-09-10 11:26:00,1537.99,1537.99,1537.84,1537.84,-0.01,14.82,22620.84,-1
2024-09-10,2024-09-10 11:27:00,1537.84,1537.84,1537.68,1537.68,-0.01,14.82,22620.84,-1
2024-09-10,2024-09-10 11:28:00,1537.68,1537.68,1537.53,1537.53,-0.01,14.82,22620.84,-1
2024-09-10,2024-09-10 11:29:00,1537.53,1537.53,1537.38,1537.38,-0.01,14.82,22620.84,-1
2024-09-10,2024-09-10 11:30:00,1537.38,1537.38,1537.22,1537.22,-0.01,14.82,22620.84,-1
2024-09-10,2024-09-10 11:31:00,1537.22,1537.22,1537.07,1537.07,-0.01,14.82,22620.84,-1
2024-09-10,2024-09-10 11:32:00,1537.07,1537.07,1536.91,1536.91,-0.01,14.82,22620.84,-1
2024-09-10,2024-09-10 11:33:00,1536.91,1536.91,1536.76,1536.76,-0.01,14.82,22620.84,-1
2024-09-10,2024-09-10 11:34:00,1536.76,1536.76,1536.6,1536.6,-0.01,14.82,22620.84,-1
2024-09-10,2024-09-10 11:35:00,1536.6,1536.6,1536.45,1536.45,-0.01,14.82,22620.84,-1
2024-09-10,2024-09-10 11:36:00,1536.45,1536.45,1536.3,1536.3,-0.01,14.82,22620.84,-1
2024-09-10,2024-09-10 11:37:00,1536.3,1536.3,1536.14,1536.14,-0.01,14.82,22620.84,-1
2024-09-10,2024-09-10 11:38:00,1536.14,1536.14,1535.99,1535.99,-0.01,14.82,22620.84,-1
2024-09-10,2024-09-10 11:39:00,1535.99,1535.99,1535.83,1535.83,-0.01,14.82,22620.84,-1
2024-09-10,2024-09-10 11:40:00,1535.83,1535.83,1535.68,1535.68,-0.01,14.82,22620.84,-1
2024-09-10,2024-09-10 11:41:00,1535.68,1535.68,1535.53,1535.53,-0.01,14.82,22620.84,-1
2024-09-10,2024-09-10 11:42:00,1535.53,1535.53,1535.37,1535.37,-0.01,14.82,22620.84,-1
2024-09-10,2024-09-10 11:43:00,1535.37,1535.37,1535.22,1535.22,-0.01,14.82,22620.84,-1
2024-09-10,2024-09-10 11:44:00,1535.22,1535.22,1535.06,1535.06,-0.01,14.82,22620.84,-1
2024-09-10,2024-09-10 11:45:00,1535.06,1535.06,1534.91,1534.91,-0.01,14.82,22620.84,-1
2024-09-10,2024-09-10 11:46:00,1534.91,1534.91,1534.75,1534.75,-0.01,14.82,22620.84,-1
2024-09-10,2024-09-10 11:47:00,1534.75,1534.75,1534.6,1534.6,-0.01,14.82,22620.84,-1
2024-09-10,2024-09-10 11:48:00,1534.6,1534.6,1534.45,1534.45,-0.01,14.82,22620.84,-1
2024-09-10,2024-09-10 11:49:00,1534.45,1534.45,1534.29,1534.29,-0.01,14.82,22620.84,-1
2024-09-10,2024-09-10 11:50:00,1534.29,1534.29,1534.14,1534.14,-0.01,14.82,22620.84,-1
2024-09-10,2024-09-10 11:51:00,1534.14,1534.14,1533.98,1533.98,-0.01,14.82,22620.84,-1
2024-09-10,2024-09-10 11:52:00,1533.98,1533.98,1533.83,1533.83,-0.01,14.82,22620.84,-1
2024-09-10,2024-09-10 11:53:00,1533.83,1533.83,1533.67,1533.67,-0.01,14.82,22620.84,-1
2024-09-10,2024-09-10 11:54:00,1533.67,1533.67,1533.52,1533.52,-0.01,14.82,22620.84,-1
2024-09-10,2024-09-10 11:55:00,1533.52,1533.52,1533.37,1533.37,-0.01,14.82,22620.84,-1
2024-09-10,2024-09-10 11:56:00,1533.37,1533.37,1533.21,1533.21,-0.01,14.82,22620.84,-1
2024-09-10,2024-09-10 11:57:00,1533.21,1533.21,1533.06,1533.06,-0.01,14.82,22620.84,-1
2024-09-10,2024-09-10 11:58:00,1533.06,1533.06,1532.9,1532.9,-0.01,14.82,22620.84,-1
2024-09-10,2024-09-10 11:59:00,1532.9,1532.9,1532.75,1532.75,-0.01,14.82,22620.84,-1
2024-09-10,2024-09-10 12:00:00,1532.75,1532.75,1532.6,1532.6,-0.01,14.82,22620.84,-1
2024-09-10,2024-09-10 12:01:00,1532.6,1532.6,1532.44,1532.44,-0.01,14.82,22620.84,-1
2024-09-10,2024-09-10 12:02:00,1532.44,1532.44,1532.29,1532.29,-0.01,14.82,22620.84,-1
2024-09-10,2024-09-10 12:03:00,1532.29,1532.29,1532.13,1532.13,-0.01,14.82,22620.84,-1
2024-09-10,2024-09-10 12:04:00,1532.13,1532.13,1531.98,1531.98,-0.01,14.82,22620.84,-1
2024-09-10,2024-09-10 12:05:00,1531.98,1531.98,1531.83,1531.83,-0.01,14.82,22620.84,-1
2024-09-10,2024-09-10 12:06:00,1531.83,1531.83,1531.67,1531.67,-0.01,14.82,22620.84,-1
2024-09-10,2024-09-10 12:07:00,1531.67,1531.67,1531.52,1531.52,-0.01,14.82,22620.84,-1
2024-09-10,2024-09-10 12:08:00,1531.52,1531.52,1531.36,1531.36,-0.01,14.82,22620.84,-1
2024-09-10,2024-09-10 12:09:00,1531.36,1531.36,1531.21,1531.21,-0.01,14.82,22620.84,-1
2024-09-10,2024-09-10 12:10:00,1531.21,1531.21,1531.05,1531.05,-0.01,14.82,22620.84,-1
2024-09-10,2024-09-10 12:11:00,1531.05,1531.05,1530.9,1530.9,-0.01,14.82,22620.84,-1
2024-09-10,2024-09-10 12:12:00,1530.9,1530.9,1530.75,1530.75,-0.01,14.82,22620.84,-1
2024-09-10,2024-09-10 12:13:00,1530.75,1530.75,1530.59,1530.59,-0.01,14.82,22620.84,-1
2024-09-10,2024-09-10 12:14:00,1530.59,1530.59,1530.44,1530.44,-0.01,14.82,22620.84,-1
2024-09-10,2024-09-10 12:15:00,1530.44,1530.44,1530.28,1530.28,-0.01,14.82,22620.84,-1
2024-09-10,2024-09-10 12:16:00,1530.28,1530.28,1530.13,1530.13,-0.01,14.82,22620.84,-1
2024-09-10,2024-09-10 12:17:00,1530.13,1530.13,1529.97,1529.97,-0.01,14.82,22620.84,-1
2024-09-10,2024-09-10 12:18:00,1529.97,1529.97,1529.82,1529.82,-0.01,14.82,22620.84,-1
2024-09-10,2024-09-10 12:19:00,1529.82,1529.82,1529.67,1529.67,-0.01,14.82,22620.84,-1
2024-09-10,2024-09-10 12:20:00,1529.67,1529.67,1529.51,1529.51,-0.01,14.82,22620.84,-1
2024-09-10,2024-09-10 12:21:00,1529.51,1529.51,1529.36,1529.36,-0.01,14.82,22620.84,-1
2024-09-10,2024-09-10 12:22:00,1529.36,1529.36,1529.2,1529.2,-0.01,14.82,22620.84,-1
2024-09-10,2024-09-10 12:23:00,1529.2,1529.2,1529.05,1529.05,-0.01,14.82,22620.84,-1
2024-09-10,2024-09-10 12:24:00,1529.05,1529.05,1528.9,1528.9,-0.01,14.82,22620.84,-1
2024-09-10,2024-09-10 12:25:00,1528.9,1528.9,1528.74,1528.74,-0.01,14.82,22620.84,-1
2024-09-10,2024-09-10 12:26:00,1528.74,1528.74,1528.59,1528.59,-0.01,14.82,22620.84,-1
2024-09-10,2024-09-10 12:27:00,1528.59,1528.59,1528.43,1528.43,-0.01,14.82,22620.84,-1
2024-09-10,2024-09-10 12:28:00,1528.43,1528.43,1528.28,1528.28,-0.01,14.82,22620.84,-1
2024-09-10,2024-09-10 12:29:00,1528.28,1528.28,1528.12,1528.12,-0.01,14.82,22620.84,-1
2024-09-10,2024-09-10 12:30:00,1528.12,1528.12,1527.97,1527.97,-0.01,14.82,22620.84,-1
2024-09-10,2024-09-10 12:31:00,1527.97,1527.97,1527.82,1527.82,-0.01,14.82,22620.84,-1
2024-09-10,2024-09-10 12:32:00,1527.82,1527.82,1527.66,1527.66,-0.01,14.82,22620.84,-1
2024-09-10,2024-09-10 12:33:00,1527.66,1527.66,1527.51,1527.51,-0.01,14.82,22620.84,-1
2024-09-10,2024-09-10 12:34:00,1527.51,1527.51,1527.35,1527.35,-0.01,14.82,22620.84,-1
2024-09-10,2024-09-10 12:35:00,1527.35,1527.35,1527.2,1527.2,-0.01,14.82,22620.84,-1
2024-09-10,2024-09-10 12:36:00,1527.2,1527.2,1527.05,1527.05,-0.01,14.82,22620.84,-1
2024-09-10,2024-09-10 12:37:00,1527.05,1527.05,1526.89,1526.89,-0.01,14.82,22620.84,-1
2024-09-10,2024-09-10 12:38:00,1526.89,1526.89,1526.74,1526.74,-0.01,14.82,22620.84,-1
2024-09-10,2024-09-10 12:39:00,1526.74,1526.74,1526.58,1526.58,-0.01,14.82,22620.84,-1
2024-09-10,2024-09-10 12:40:00,1526.58,1526.58,1526.43,1526.43,-0.01,14.82,22620.84,-1
2024-09-10,2024-09-10 12:41:00,1526.43,1526.43,1526.28,1526.28,-0.01,14.82,22620.84,-1
2024-09-10,2024-09-10 12:42:00,1526.28,1526.28,1526.12,1526.12,-0.01,14.82,22620.84,-1
2024-09-10,2024-09-10 12:43:00,1526.12,1526.12,1525.97,1525.97,-0.01,14.82,22620.84,-1
2024-09-10,2024-09-10 12:44:00,1525.97,1525.97,1525.81,1525.81,-0.01,14.82,22620.84,-1
2024-09-10,2024-09-10 12:45:00,1525.81,1525.81,1525.66,1525.66,-0.01,14.82,22620.84,-1
2024-09-10,2024-09-10 12:46:00,1525.66,1525.66,1525.5,1525.5,-0.01,14.82,22620.84,-1
2024-09-10,2024-09-10 12:47:00,1525.5,1525.5,1525.35,1525.35,-0.01,14.82,22620.84,-1
2024-09-10,2024-09-10 12:48:00,1525.35,1525.35,1525.2,1525.2,-0.01,14.82,22620.84,-1
2024-09-10,2024-09-10 12:49:00,1525.2,1525.2,1525.04,1525.04,-0.01,14.82,22620.84,-1
2024-09-10,2024-09-10 12:50:00,1525.04,1525.04,1524.89,1524.89,-0.01,14.82,22620.84,-1
2024-09-10,2024-09-10 12:51:00,1524.89,1524.89,1524.73,1524.73,-0.01,14.82,22620.84,-1
2024-09-10,2024-09-10 12:52:00,1524.73,1524.73,1524.58,1524.58,-0.01,14.82,22620.84,-1
2024-09-10,2024-09-10 12:53:00,1524.58,1524.58,1524.42,1524.42,-0.01,14.82,22620.84,-1
2024-09-10,2024-09-10 12:54:00,1524.42,1524.42,1524.27,1524.27,-0.01,14.82,22620.84,-1
2024-09-10,2024-09-10 12:55:00,1524.27,1524.27,1524.12,1524.12,-0.01,14.82,22620.84,-1
2024-09-10,2024-09-10 12:56:00,1524.12,1524.12,1523.96,1523.96,-0.01,14.82,22620.84,-1
2024-09-10,2024-09-10 12:57:00,1523.96,1523.96,1523.81,1523.81,-0.01,14.82,22620.84,-1
2024-09-10,2024-09-10 12:58:00,1523.81,1523.81,1523.65,1523.65,-0.01,14.82,22620.84,-1
2024-09-10,2024-09-10 12:59:00,1523.65,1523.65,1523.5,1523.5,-0.01,14.82,22620.84,-1
2024-09-10,2024-09-10 13:00:00,1523.5,1565.0,1500.0,1523.35,-0.01,14.82,22620.84,-1
2024-09-10,2024-09-10 13:01:00,1523.35,1523.35,1523.19,1523.19,-0.01,14.82,22620.84,-1
2024-09-10,2024-09-10 13:02:00,1523.19,1523.19,1523.04,1523.04,-0.01,14.82,22620.84,-1
2024-09-10,2024-09-10 13:03:00,1523.04,1523.04,1522.88,1522.88,-0.01,14.82,22620.84,-1
2024-09-10,2024-09-10 13:04:00,1522.88,1522.88,1522.73,1522.73,-0.01,14.82,22620.84,-1
2024-09-10,2024-09-10 13:05:00,1522.73,1522.73,1522.58,1522.58,-0.01,14.82,22620.84,-1
2024-09-10,2024-09-10 13:06:00,1522.58,1522.58,1522.42,1522.42,-0.01,14.82,22620.84,-1
2024-09-10,2024-09-10 13:07:00,1522.42,1522.42,1522.27,1522.27,-0.01,14.82,22620.84,-1
2024-09-10,2024-09-10 13:08:00,1522.27,1522.27,1522.11,1522.11,-0.01,14.82,22620.84,-1
2024-09-10,2024-09-10 13:09:00,1522.11,1522.11,1521.96,1521.96,-0.01,14.82,22620.84,-1
2024-09-10,2024-09-10 13:10:00,1521.96,1521.96,1521.8,1521.8,-0.01,14.82,22620.84,-1
2024-09-10,2024-09-10 13:11:00,1521.8,1521.8,1521.65,1521.65,-0.01,14.82,22620.84,-1
2024-09-10,2024-09-10 13:12:00,1521.65,1521.65,1521.5,1521.5,-0.01,14.82,22620.84,-1
2024-09-10,2024-09-10 13:13:00,1521.5,1521.5,1521.34,1521.34,-0.01,14.82,22620.84,-1
2024-09-10,2024-09-10 13:14:00,1521.34,1521.34,1521.19,1521.19,-0.01,14.82,22620.84,-1
2024-09-10,2024-09-10 13:15:00,1521.19,1521.19,1521.03,1521.03,-0.01,14.82,22620.84,-1
2024-09-10,2024-09-10 13:16:00,1521.03,1521.03,1520.88,1520.88,-0.01,14.82,22620.84,-1
2024-09-10,2024-09-10 13:17:00,1520.88,1520.88,1520.72,1520.72,-0.01,14.82,22620.84,-1
2024-09-10,2024-09-10 13:18:00,1520.72,1520.72,1520.57,1520.57,-0.01,14.82,22620.84,-1
2024-09-10,2024-09-10 13:19:00,1520.57,1520.57,1520.42,1520.42,-0.01,14.82,22620.84,-1
2024-09-10,2024-09-10 13:20:00,1520.42,1520.42,1520.26,1520.26,-0.01,14.82,22620.84,-1
2024-09-10,2024-09-10 13:21:00,1520.26,1520.26,1520.11,1520.11,-0.01,14.82,22620.84,-1
2024-09-10,2024-09-10 13:22:00,1520.11,1520.11,1519.95,1519.95,-0.01,14.82,22620.84,-1
2024-09-10,2024-09-10 13:23:00,1519.95,1519.95,1519.8,1519.8,-0.01,14.82,22620.84,-1
2024-09-10,2024-09-10 13:24:00,1519.8,1519.8,1519.65,1519.65,-0.01,14.82,22620.84,-1
2024-09-10,2024-09-10 13:25:00,1519.65,1519.65,1519.49,1519.49,-0.01,14.82,22620.84,-1
2024-09-10,2024-09-10 13:26:00,1519.49,1519.49,1519.34,1519.34,-0.01,14.82,22620.84,-1
2024-09-10,2024-09-10 13:27:00,1519.34,1519.34,1519.18,1519.18,-0.01,14.82,22620.84,-1
2024-09-10,2024-09-10 13:28:00,1519.18,1519.18,1519.03,1519.03,-0.01,14.82,22620.84,-1
2024-09-10,2024-09-10 13:29:00,1519.03,1519.03,1518.88,1518.88,-0.01,14.82,22620.84,-1
2024-09-10,2024-09-10 13:30:00,1518.88,1518.88,1518.72,1518.72,-0.01,14.82,22620.84,-1
2024-09-10,2024-09-10 13:31:00,1518.72,1518.72,1518.57,1518.57,-0.01,14.82,22620.84,-1
2024-09-10,2024-09-10 13:32:00,1518.57,1518.57,1518.41,1518.41,-0.01,14.82,22620.84,-1
2024-09-10,2024-09-10 13:33:00,1518.41,1518.41,1518.26,1518.26,-0.01,14.82,22620.84,-1
2024-09-10,2024-09-10 13:34:00,1518.26,1518.26,1518.1,1518.1,-0.01,14.82,22620.84,-1
2024-09-10,2024-09-10 13:35:00,1518.1,1518.1,1517.95,1517.95,-0.01,14.82,22620.84,-1
2024-09-10,2024-09-10 13:36:00,1517.95,1517.95,1517.8,1517.8,-0.01,14.82,22620.84,-1
2024-09-10,2024-09-10 13:37:00,1517.8,1517.8,1517.64,1517.64,-0.01,14.82,22620.84,-1
2024-09-10,2024-09-10 13:38:00,1517.64,1517.64,1517.49,1517.49,-0.01,14.82,22620.84,-1
2024-09-10,2024-09-10 13:39:00,1517.49,1517.49,1517.33,1517.33,-0.01,14.82,22620.84,-1
2024-09-10,2024-09-10 13:40:00,1517.33,1517.33,1517.18,1517.18,-0.01,14.82,22620.84,-1
2024-09-10,2024-09-10 13:41:00,1517.18,1517.18,1517.03,1517.03,-0.01,14.82,22620.84,-1
2024-09-10,2024-09-10 13:42:00,1517.03,1517.03,1516.87,1516.87,-0.01,14.82,22620.84,-1
2024-09-10,2024-09-10 13:43:00,1516.87,1516.87,1516.72,1516.72,-0.01,14.82,22620.84,-1
2024-09-10,2024-09-10 13:44:00,1516.72,1516.72,1516.56,1516.56,-0.01,14.82,22620.84,-1
2024-09-10,2024-09-10 13:45:00,1516.56,1516.56,1516.41,1516.41,-0.01,14.82,22620.84,-1
2024-09-10,2024-09-10 13:46:00,1516.41,1516.41,1516.25,1516.25,-0.01,14.82,22620.84,-1
2024-09-10,2024-09-10 13:47:00,1516.25,1516.25,1516.1,1516.1,-0.01,14.82,22620.84,-1
2024-09-10,2024-09-10 13:48:00,1516.1,1516.1,1515.95,1515.95,-0.01,14.82,22620.84,-1
2024-09-10,2024-09-10 13:49:00,1515.95,1515.95,1515.79,1515.79,-0.01,14.82,22620.84,-1
2024-09-10,2024-09-10 13:50:00,1515.79,1515.79,1515.64,1515.64,-0.01,14.82,22620.84,-1
2024-09-10,2024-09-10 13:51:00,1515.64,1515.64,1515.48,1515.48,-0.01,14.82,22620.84,-1
2024-09-10,2024-09-10 13:52:00,1515.48,1515.48,1515.33,1515.33,-0.01,14.82,22620.84,-1
2024-09-10,2024-09-10 13:53:00,1515.33,1515.33,1515.17,1515.17,-0.01,14.82,22620.84,-1
2024-09-10,2024-09-10 13:54:00,1515.17,1515.17,1515.02,1515.02,-0.01,14.82,22620.84,-1
2024-09-10,2024-09-10 13:55:00,1515.02,1515.02,1514.87,1514.87,-0.01,14.82,22620.84,-1
2024-09-10,2024-09-10 13:56:00,1514.87,1514.87,1514.71,1514.71,-0.01,14.82,22620.84,-1
2024-09-10,2024-09-10 13:57:00,1514.71,1514.71,1514.56,1514.56,-0.01,14.82,22620.84,-1
2024-09-10,2024-09-10 13:58:00,1514.56,1514.56,1514.4,1514.4,-0.01,14.82,22620.84,-1
2024-09-10,2024-09-10 13:59:00,1514.4,1514.4,1514.25,1514.25,-0.01,14.82,22620.84,-1
2024-09-10,2024-09-10 14:00:00,1514.25,1514.25,1514.1,1514.1,-0.01,14.82,22620.84,-1
2024-09-10,2024-09-10 14:01:00,1514.1,1514.1,1513.94,1513.94,-0.01,14.82,22620.84,-1
2024-09-10,2024-09-10 14:02:00,1513.94,1513.94,1513.79,1513.79,-0.01,14.82,22620.84,-1
2024-09-10,2024-09-10 14:03:00,1513.79,1513.79,1513.63,1513.63,-0.01,14.82,22620.84,-1
2024-09-10,2024-09-10 14:04:00,1513.63,1513.63,1513.48,1513.48,-0.01,14.82,22620.84,-1
2024-09-10,2024-09-10 14:05:00,1513.48,1513.48,1513.33,1513.33,-0.01,14.82,22620.84,-1
2024-09-10,2024-09-10 14:06:00,1513.33,1513.33,1513.17,1513.17,-0.01,14.82,22620.84,-1
2024-09-10,2024-09-10 14:07:00,1513.17,1513.17,1513.02,1513.02,-0.01,14.82,22620.84,-1
2024-09-10,2024-09-10 14:08:00,1513.02,1513.02,1512.86,1512.86,-0.01,14.82,22620.84,-1
2024-09-10,2024-09-10 14:09:00,1512.86,1512.86,1512.71,1512.71,-0.01,14.82,22620.84,-1
2024-09-10,2024-09-10 14:10:00,1512.71,1512.71,1512.55,1512.55,-0.01,14.82,22620.84,-1
2024-09-10,2024-09-10 14:11:00,1512.55,1512.55,1512.4,1512.4,-0.01,14.82,22620.84,-1
2024-09-10,2024-09-10 14:12:00,1512.4,1512.4,1512.25,1512.25,-0.01,14.82,22620.84,-1
2024-09-10,2024-09-10 14:13:00,1512.25,1512.25,1512.09,1512.09,-0.01,14.82,22620.84,-1
2024-09-10,2024-09-10 14:14:00,1512.09,1512.09,1511.94,1511.94,-0.01,14.82,22620.84,-1
2024-09-10,2024-09-10 14:15:00,1511.94,1511.94,1511.78,1511.78,-0.01,14.82,22620.84,-1
2024-09-10,2024-09-10 14:16:00,1511.78,1511.78,1511.63,1511.63,-0.01,14.82,22620.84,-1
2024-09-10,2024-09-10 14:17:00,1511.63,1511.63,1511.47,1511.47,-0.01,14.82,22620.84,-1
2024-09-10,2024-09-10 14:18:00,1511.47,1511.47,1511.32,1511.32,-0.01,14.82,22620.84,-1
2024-09-10,2024-09-10 14:19:00,1511.32,1511.32,1511.17,1511.17,-0.01,14.82,22620.84,-1
2024-09-10,2024-09-10 14:20:00,1511.17,1511.17,1511.01,1511.01,-0.01,14.82,22620.84,-1
2024-09-10,2024-09-10 14:21:00,1511.01,1511.01,1510.86,1510.86,-0.01,14.82,22620.84,-1
2024-09-10,2024-09-10 14:22:00,1510.86,1510.86,1510.7,1510.7,-0.01,14.82,22620.84,-1
2024-09-10,2024-09-10 14:23:00,1510.7,1510.7,1510.55,1510.55,-0.01,14.82,22620.84,-1
2024-09-10,2024-09-10 14:24:00,1510.55,1510.55,1510.4,1510.4,-0.01,14.82,22620.84,-1
2024-09-10,2024-09-10 14:25:00,1510.4,1510.4,1510.24,1510.24,-0.01,14.82,22620.84,-1
2024-09-10,2024-09-10 14:26:00,1510.24,1510.24,1510.09,1510.09,-0.01,14.82,22620.84,-1
2024-09-10,2024-09-10 14:27:00,1510.09,1510.09,1509.93,1509.93,-0.01,14.82,22620.84,-1
2024-09-10,2024-09-10 14:28:00,1509.93,1509.93,1509.78,1509.78,-0.01,14.82,22620.84,-1
2024-09-10,2024-09-10 14:29:00,1509.78,1509.78,1509.62,1509.62,-0.01,14.82,22620.84,-1
2024-09-10,2024-09-10 14:30:00,1509.62,1509.62,1509.47,1509.47,-0.01,14.82,22620.84,-1
2024-09-10,2024-09-10 14:31:00,1509.47,1509.47,1509.32,1509.32,-0.01,14.82,22620.84,-1
2024-09-10,2024-09-10 14:32:00,1509.32,1509.32,1509.16,1509.16,-0.01,14.82,22620.84,-1
2024-09-10,2024-09-10 14:33:00,1509.16,1509.16,1509.01,1509.01,-0.01,14.82,22620.84,-1
2024-09-10,2024-09-10 14:34:00,1509.01,1509.01,1508.85,1508.85,-0.01,14.82,22620.84,-1
2024-09-10,2024-09-10 14:35:00,1508.85,1508.85,1508.7,1508.7,-0.01,14.82,22620.84,-1
2024-09-10,2024-09-10 14:36:00,1508.7,1508.7,1508.55,1508.55,-0.01,14.82,22620.84,-1
2024-09-10,2024-09-10 14:37:00,1508.55,1508.55,1508.39,1508.39,-0.01,14.82,22620.84,-1
2024-09-10,2024-09-10 14:38:00,1508.39,1508.39,1508.24,1508.24,-0.01,14.82,22620.84,-1
2024-09-10,2024-09-10 14:39:00,1508.24,1508.24,1508.08,1508.08,-0.01,14.82,22620.84,-1
2024-09-10,2024-09-10 14:40:00,1508.08,1508.08,1507.93,1507.93,-0.01,14.82,22620.84,-1
2024-09-10,2024-09-10 14:41:00,1507.93,1507.93,1507.78,1507.78,-0.01,14.82,22620.84,-1
2024-09-10,2024-09-10 14:42:00,1507.78,1507.78,1507.62,1507.62,-0.01,14.82,22620.84,-1
2024-09-10,2024-09-10 14:43:00,1507.62,1507.62,1507.47,1507.47,-0.01,14.82,22620.84,-1
2024-09-10,2024-09-10 14:44:00,1507.47,1507.47,1507.31,1507.31,-0.01,14.82,22620.84,-1
2024-09-10,2024-09-10 14:45:00,1507.31,1507.31,1507.16,1507.16,-0.01,14.82,22620.84,-1
2024-09-10,2024-09-10 14:46:00,1507.16,1507.16,1507.0,1507.0,-0.01,14.82,22620.84,-1
2024-09-10,2024-09-10 14:47:00,1507.0,1507.0,1506.85,1506.85,-0.01,14.82,22620.84,-1
2024-09-10,2024-09-10 14:48:00,1506.85,1506.85,1506.7,1506.7,-0.01,14.82,22620.84,-1
2024-09-10,2024-09-10 14:49:00,1506.7,1506.7,1506.54,1506.54,-0.01,14.82,22620.84,-1
2024-09-10,2024-09-10 14:50:00,1506.54,1506.54,1506.39,1506.39,-0.01,14.82,22620.84,-1
2024-09-10,2024-09-10 14:51:00,1506.39,1506.39,1506.23,1506.23,-0.01,14.82,22620.84,-1
2024-09-10,2024-09-10 14:52:00,1506.23,1506.23,1506.08,1506.08,-0.01,14.82,22620.84,-1
2024-09-10,2024-09-10 14:53:00,1506.08,1506.08,1505.92,1505.92,-0.01,14.82,22620.84,-1
2024-09-10,2024-09-10 14:54:00,1505.92,1505.92,1505.77,1505.77,-0.01,14.82,22620.84,-1
2024-09-10,2024-09-10 14:55:00,1505.77,1505.77,1505.62,1505.62,-0.01,14.82,22620.84,-1
2024-09-10,2024-09-10 14:56:00,1505.62,1505.62,1505.46,1505.46,-0.01,14.82,22620.84,-1
2024-09-10,2024-09-10 14:57:00,1505.46,1505.46,1505.31,1505.31,-0.01,14.82,22620.84,-1
2024-09-10,2024-09-10 14:58:00,1505.31,1505.31,1505.15,1505.15,-0.01,14.82,22620.84,-1
2024-09-10,2024-09-10 14:59:00,1505.15,1505.15,1505.0,1505.0,-0.01,14.82,22620.84,-1
2024-09-10,2024-09-10 15:00:00,1505.0,1565.0,1500.0,1505.0,0.0,14.82,22620.84,0
2024-09-11,2024-09-11 11:00:00,1505.0,1533.5,1503.5,1505.17,0.01,76.16,119754.17,1
2024-09-11,2024-09-11 11:01:00,1505.17,1505.33,1505.17,1505.33,0.01,76.16,119754.17,1
2024-09-11,2024-09-11 11:02:00,1505.33,1505.5,1505.33,1505.5,0.01,76.16,119754.17,1
2024-09-11,2024-09-11 11:03:00,1505.5,1505.67,1505.5,1505.67,0.01,76.16,119754.17,1
2024-09-11,2024-09-11 11:04:00,1505.67,1505.83,1505.67,1505.83,0.01,76.16,119754.17,1
2024-09-11,2024-09-11 11:05:00,1505.83,1506.0,1505.83,1506.0,0.01,76.16,119754.17,1
2024-09-11,2024-09-11 11:06:00,1506.0,1506.17,1506.0,1506.17,0.01,76.16,119754.17,1
2024-09-11,2024-09-11 11:07:00,1506.17,1506.33,1506.17,1506.33,0.01,76.16,119754.17,1
2024-09-11,2024-09-11 11:08:00,1506.33,1506.5,1506.33,1506.5,0.01,76.16,119754.17,1
2024-09-11,2024-09-11 11:09:00,1506.5,1506.67,1506.5,1506.67,0.01,76.16,119754.17,1
2024-09-11,2024-09-11 11:10:00,1506.67,1506.83,1506.67,1506.83,0.01,76.16,119754.17,1
2024-09-11,2024-09-11 11:11:00,1506.83,1507.0,1506.83,1507.0,0.01,76.16,119754.17,1
2024-09-11,2024-09-11 11:12:00,1507.0,1507.17,1507.0,1507.17,0.01,76.16,119754.17,1
2024-09-11,2024-09-11 11:13:00,1507.17,1507.33,1507.17,1507.33,0.01,76.16,119754.17,1
2024-09-11,2024-09-11 11:14:00,1507.33,1507.5,1507.33,1507.5,0.01,76.16,119754.17,1
2024-09-11,2024-09-11 11:15:00,1507.5,1507.67,1507.5,1507.67,0.01,76.16,119754.17,1
2024-09-11,2024-09-11 11:16:00,1507.67,1507.83,1507.67,1507.83,0.01,76.16,119754.17,1
2024-09-11,2024-09-11 11:17:00,1507.83,1508.0,1507.83,1508.0,0.01,76.16,119754.17,1
2024-09-11,2024-09-11 11:18:00,1508.0,1508.17,1508.0,1508.17,0.01,76.16,119754.17,1
2024-09-11,2024-09-11 11:19:00,1508.17,1508.33,1508.17,1508.33,0.01,76.16,119754.17,1
2024-09-11,2024-09-11 11:20:00,1508.33,1508.5,1508.33,1508.5,0.01,76.16,119754.17,1
2024-09-11,2024-09-11 11:21:00,1508.5,1508.67,1508.5,1508.67,0.01,76.16,119754.17,1
2024-09-11,2024-09-11 11:22:00,1508.67,1508.83,1508.67,1508.83,0.01,76.16,119754.17,1
2024-09-11,2024-09-11 11:23:00,1508.83,1509.0,1508.83,1509.0,0.01,76.16,119754.17,1
2024-09-11,2024-09-11 11:24:00,1509.0,1509.17,1509.0,1509.17,0.01,76.16,119754.17,1
2024-09-11,2024-09-11 11:25:00,1509.17,1509.33,1509.17,1509.33,0.01,76.16,119754.17,1
2024-09-11,2024-09-11 11:26:00,1509.33,1509.5,1509.33,1509.5,0.01,76.16,119754.17,1
2024-09-11,2024-09-11 11:27:00,1509.5,1509.67,1509.5,1509.67,0.01,76.16,119754.17,1
2024-09-11,2024-09-11 11:28:00,1509.67,1509.83,1509.67,1509.83,0.01,76.16,119754.17,1
2024-09-11,2024-09-11 11:29:00,1509.83,1510.0,1509.83,1510.0,0.01,76.16,119754.17,1
2024-09-11,2024-09-11 11:30:00,1510.0,1510.17,1510.0,1510.17,0.01,76.16,119754.17,1
2024-09-11,2024-09-11 11:31:00,1510.17,1510.33,1510.17,1510.33,0.01,76.16,119754.17,1
2024-09-11,2024-09-11 11:32:00,1510.33,1510.5,1510.33,1510.5,0.01,76.16,119754.17,1
2024-09-11,2024-09-11 11:33:00,1510.5,1510.67,1510.5,1510.67,0.01,76.16,119754.17,1
2024-09-11,2024-09-11 11:34:00,1510.67,1510.83,1510.67,1510.83,0.01,76.16,119754.17,1
2024-09-11,2024-09-11 11:35:00,1510.83,1511.0,1510.83,1511.0,0.01,76.16,119754.17,1
2024-09-11,2024-09-11 11:36:00,1511.0,1511.17,1511.0,1511.17,0.01,76.16,119754.17,1
2024-09-11,2024-09-11 11:37:00,1511.17,1511.33,1511.17,1511.33,0.01,76.16,119754.17,1
2024-09-11,2024-09-11 11:38:00,1511.33,1511.5,1511.33,1511.5,0.01,76.16,119754.17,1
2024-09-11,2024-09-11 11:39:00,1511.5,1511.67,1511.5,1511.67,0.01,76.16,119754.17,1
2024-09-11,2024-09-11 11:40:00,1511.67,1511.83,1511.67,1511.83,0.01,76.16,119754.17,1
2024-09-11,2024-09-11 11:41:00,1511.83,1512.0,1511.83,1512.0,0.01,76.16,119754.17,1
2024-09-11,2024-09-11 11:42:00,1512.0,1512.17,1512.0,1512.17,0.01,76.16,119754.17,1
2024-09-11,2024-09-11 11:43:00,1512.17,1512.33,1512.17,1512.33,0.01,76.16,119754.17,1
2024-09-11,2024-09-11 11:44:00,1512.33,1512.5,1512.33,1512.5,0.01,76.16,119754.17,1
2024-09-11,2024-09-11 11:45:00,1512.5,1512.67,1512.5,1512.67,0.01,76.16,119754.17,1
2024-09-11,2024-09-11 11:46:00,1512.67,1512.83,1512.67,1512.83,0.01,76.16,119754.17,1
2024-09-11,2024-09-11 11:47:00,1512.83,1513.0,1512.83,1513.0,0.01,76.16,119754.17,1
2024-09-11,2024-09-11 11:48:00,1513.0,1513.17,1513.0,1513.17,0.01,76.16,119754.17,1
2024-09-11,2024-09-11 11:49:00,1513.17,1513.33,1513.17,1513.33,0.01,76.16,119754.17,1
2024-09-11,2024-09-11 11:50:00,1513.33,1513.5,1513.33,1513.5,0.01,76.16,119754.17,1
2024-09-11,2024-09-11 11:51:00,1513.5,1513.67,1513.5,1513.67,0.01,76.16,119754.17,1
2024-09-11,2024-09-11 11:52:00,1513.67,1513.83,1513.67,1513.83,0.01,76.16,119754.17,1
2024-09-11,2024-09-11 11:53:00,1513.83,1514.0,1513.83,1514.0,0.01,76.16,119754.17,1
2024-09-11,2024-09-11 11:54:00,1514.0,1514.17,1514.0,1514.17,0.01,76.16,119754.17,1
2024-09-11,2024-09-11 11:55:00,1514.17,1514.33,1514.17,1514.33,0.01,76.16,119754.17,1
2024-09-11,2024-09-11 11:56:00,1514.33,1514.5,1514.33,1514.5,0.01,76.16,119754.17,1
2024-09-11,2024-09-11 11:57:00,1514.5,1514.67,1514.5,1514.67,0.01,76.16,119754.17,1
2024-09-11,2024-09-11 11:58:00,1514.67,1514.83,1514.67,1514.83,0.01,76.16,119754.17,1
2024-09-11,2024-09-11 11:59:00,1514.83,1515.0,1514.83,1515.0,0.01,76.16,119754.17,1
2024-09-11,2024-09-11 12:00:00,1515.0,1515.17,1515.0,1515.17,0.01,76.16,119754.17,1
2024-09-11,2024-09-11 12:01:00,1515.17,1515.33,1515.17,1515.33,0.01,76.16,119754.17,1
2024-09-11,2024-09-11 12:02:00,1515.33,1515.5,1515.33,1515.5,0.01,76.16,119754.17,1
2024-09-11,2024-09-11 12:03:00,1515.5,1515.67,1515.5,1515.67,0.01,76.16,119754.17,1
2024-09-11,2024-09-11 12:04:00,1515.67,1515.83,1515.67,1515.83,0.01,76.16,119754.17,1
2024-09-11,2024-09-11 12:05:00,1515.83,1516.0,1515.83,1516.0,0.01,76.16,119754.17,1
2024-09-11,2024-09-11 12:06:00,1516.0,1516.17,1516.0,1516.17,0.01,76.16,119754.17,1
2024-09-11,2024-09-11 12:07:00,1516.17,1516.33,1516.17,1516.33,0.01,76.16,119754.17,1
2024-09-11,2024-09-11 12:08:00,1516.33,1516.5,1516.33,1516.5,0.01,76.16,119754.17,1
2024-09-11,2024-09-11 12:09:00,1516.5,1516.67,1516.5,1516.67,0.01,76.16,119754.17,1
2024-09-11,2024-09-11 12:10:00,1516.67,1516.83,1516.67,1516.83,0.01,76.16,119754.17,1
2024-09-11,2024-09-11 12:11:00,1516.83,1517.0,1516.83,1517.0,0.01,76.16,119754.17,1
2024-09-11,2024-09-11 12:12:00,1517.0,1517.17,1517.0,1517.17,0.01,76.16,119754.17,1
2024-09-11,2024-09-11 12:13:00,1517.17,1517.33,1517.17,1517.33,0.01,76.16,119754.17,1
2024-09-11,2024-09-11 12:14:00,1517.33,1517.5,1517.33,1517.5,0.01,76.16,119754.17,1
2024-09-11,2024-09-11 12:15:00,1517.5,1517.67,1517.5,1517.67,0.01,76.16,119754.17,1
2024-09-11,2024-09-11 12:16:00,1517.67,1517.83,1517.67,1517.83,0.01,76.16,119754.17,1
2024-09-11,2024-09-11 12:17:00,1517.83,1518.0,1517.83,1518.0,0.01,76.16,119754.17,1
2024-09-11,2024-09-11 12:18:00,1518.0,1518.17,1518.0,1518.17,0.01,76.16,119754.17,1
2024-09-11,2024-09-11 12:19:00,1518.17,1518.33,1518.17,1518.33,0.01,76.16,119754.17,1
2024-09-11,2024-09-11 12:20:00,1518.33,1518.5,1518.33,1518.5,0.01,76.16,119754.17,1
2024-09-11,2024-09-11 12:21:00,1518.5,1518.67,1518.5,1518.67,0.01,76.16,119754.17,1
2024-09-11,2024-09-11 12:22:00,1518.67,1518.83,1518.67,1518.83,0.01,76.16,119754.17,1
2024-09-11,2024-09-11 12:23:00,1518.83,1519.0,1518.83,1519.0,0.01,76.16,119754.17,1
2024-09-11,2024-09-11 12:24:00,1519.0,1519.17,1519.0,1519.17,0.01,76.16,119754.17,1
2024-09-11,2024-09-11 12:25:00,1519.17,1519.33,1519.17,1519.33,0.01,76.16,119754.17,1
2024-09-11,2024-09-11 12:26:00,1519.33,1519.5,1519.33,1519.5,0.01,76.16,119754.17,1
2024-09-11,2024-09-11 12:27:00,1519.5,1519.67,1519.5,1519.67,0.01,76.16,119754.17,1
2024-09-11,2024-09-11 12:28:00,1519.67,1519.83,1519.67,1519.83,0.01,76.16,119754.17,1
2024-09-11,2024-09-11 12:29:00,1519.83,1520.0,1519.83,1520.0,0.01,76.16,119754.17,1
2024-09-11,2024-09-11 12:30:00,1520.0,1520.17,1520.0,1520.17,0.01,76.16,119754.17,1
2024-09-11,2024-09-11 12:31:00,1520.17,1520.33,1520.17,1520.33,0.01,76.16,119754.17,1
2024-09-11,2024-09-11 12:32:00,1520.33,1520.5,1520.33,1520.5,0.01,76.16,119754.17,1
2024-09-11,2024-09-11 12:33:00,1520.5,1520.67,1520.5,1520.67,0.01,76.16,119754.17,1
2024-09-11,2024-09-11 12:34:00,1520.67,1520.83,1520.67,1520.83,0.01,76.16,119754.17,1
2024-09-11,2024-09-11 12:35:00,1520.83,1521.0,1520.83,1521.0,0.01,76.16,119754.17,1
2024-09-11,2024-09-11 12:36:00,1521.0,1521.17,1521.0,1521.17,0.01,76.16,119754.17,1
2024-09-11,2024-09-11 12:37:00,1521.17,1521.33,1521.17,1521.33,0.01,76.16,119754.17,1
2024-09-11,2024-09-11 12:38:00,1521.33,1521.5,1521.33,1521.5,0.01,76.16,119754.17,1
2024-09-11,2024-09-11 12:39:00,1521.5,1521.67,1521.5,1521.67,0.01,76.16,119754.17,1
2024-09-11,2024-09-11 12:40:00,1521.67,1521.83,1521.67,1521.83,0.01,76.16,119754.17,1
2024-09-11,2024-09-11 12:41:00,1521.83,1522.0,1521.83,1522.0,0.01,76.16,119754.17,1
2024-09-11,2024-09-11 12:42:00,1522.0,1522.17,1522.0,1522.17,0.01,76.16,119754.17,1
2024-09-11,2024-09-11 12:43:00,1522.17,1522.33,1522.17,1522.33,0.01,76.16,119754.17,1
2024-09-11,2024-09-11 12:44:00,1522.33,1522.5,1522.33,1522.5,0.01,76.16,119754.17,1
2024-09-11,2024-09-11 12:45:00,1522.5,1522.67,1522.5,1522.67,0.01,76.16,119754.17,1
2024-09-11,2024-09-11 12:46:00,1522.67,1522.83,1522.67,1522.83,0.01,76.16,119754.17,1
2024-09-11,2024-09-11 12:47:00,1522.83,1523.0,1522.83,1523.0,0.01,76.16,119754.17,1
2024-09-11,2024-09-11 12:48:00,1523.0,1523.17,1523.0,1523.17,0.01,76.16,119754.17,1
2024-09-11,2024-09-11 12:49:00,1523.17,1523.33,1523.17,1523.33,0.01,76.16,119754.17,1
2024-09-11,2024-09-11 12:50:00,1523.33,1523.5,1523.33,1523.5,0.01,76.16,119754.17,1
2024-09-11,2024-09-11 12:51:00,1523.5,1523.67,1523.5,1523.67,0.01,76.16,119754.17,1
2024-09-11,2024-09-11 12:52:00,1523.67,1523.83,1523.67,1523.83,0.01,76.16,119754.17,1
2024-09-11,2024-09-11 12:53:00,1523.83,1524.0,1523.83,1524.0,0.01,76.16,119754.17,1
2024-09-11,2024-09-11 12:54:00,1524.0,1524.17,1524.0,1524.17,0.01,76.16,119754.17,1
2024-09-11,2024-09-11 12:55:00,1524.17,1524.33,1524.17,1524.33,0.01,76.16,119754.17,1
2024-09-11,2024-09-11 12:56:00,1524.33,1524.5,1524.33,1524.5,0.01,76.16,119754.17,1
2024-09-11,2024-09-11 12:57:00,1524.5,1524.67,1524.5,1524.67,0.01,76.16,119754.17,1
2024-09-11,2024-09-11 12:58:00,1524.67,1524.83,1524.67,1524.83,0.01,76.16,119754.17,1
2024-09-11,2024-09-11 12:59:00,1524.83,1525.0,1524.83,1525.0,0.01,76.16,119754.17,1
2024-09-11,2024-09-11 13:00:00,1525.0,1600.0,1500.0,1525.17,0.01,76.16,119754.17,1
2024-09-11,2024-09-11 13:01:00,1525.17,1525.33,1525.17,1525.33,0.01,76.16,119754.17,1
2024-09-11,2024-09-11 13:02:00,1525.33,1525.5,1525.33,1525.5,0.01,76.16,119754.17,1
2024-09-11,2024-09-11 13:03:00,1525.5,1525.67,1525.5,1525.67,0.01,76.16,119754.17,1
2024-09-11,2024-09-11 13:04:00,1525.67,1525.83,1525.67,1525.83,0.01,76.16,119754.17,1
2024-09-11,2024-09-11 13:05:00,1525.83,1526.0,1525.83,1526.0,0.01,76.16,119754.17,1
2024-09-11,2024-09-11 13:06:00,1526.0,1526.17,1526.0,1526.17,0.01,76.16,119754.17,1
2024-09-11,2024-09-11 13:07:00,1526.17,1526.33,1526.17,1526.33,0.01,76.16,119754.17,1
2024-09-11,2024-09-11 13:08:00,1526.33,1526.5,1526.33,1526.5,0.01,76.16,119754.17,1
2024-09-11,2024-09-11 13:09:00,1526.5,1526.67,1526.5,1526.67,0.01,76.16,119754.17,1
2024-09-11,2024-09-11 13:10:00,1526.67,1526.83,1526.67,1526.83,0.01,76.16,119754.17,1
2024-09-11,2024-09-11 13:11:00,1526.83,1527.0,1526.83,1527.0,0.01,76.16,119754.17,1
2024-09-11,2024-09-11 13:12:00,1527.0,1527.17,1527.0,1527.17,0.01,76.16,119754.17,1
2024-09-11,2024-09-11 13:13:00,1527.17,1527.33,1527.17,1527.33,0.01,76.16,119754.17,1
2024-09-11,2024-09-11 13:14:00,1527.33,1527.5,1527.33,1527.5,0.01,76.16,119754.17,1
2024-09-11,2024-09-11 13:15:00,1527.5,1527.67,1527.5,1527.67,0.01,76.16,119754.17,1
2024-09-11,2024-09-11 13:16:00,1527.67,1527.83,1527.67,1527.83,0.01,76.16,119754.17,1
2024-09-11,2024-09-11 13:17:00,1527.83,1528.0,1527.83,1528.0,0.01,76.16,119754.17,1
2024-09-11,2024-09-11 13:18:00,1528.0,1528.17,1528.0,1528.17,0.01,76.16,119754.17,1
2024-09-11,2024-09-11 13:19:00,1528.17,1528.33,1528.17,1528.33,0.01,76.16,119754.17,1
2024-09-11,2024-09-11 13:20:00,1528.33,1528.5,1528.33,1528.5,0.01,76.16,119754.17,1
2024-09-11,2024-09-11 13:21:00,1528.5,1528.67,1528.5,1528.67,0.01,76.16,119754.17,1
2024-09-11,2024-09-11 13:22:00,1528.67,1528.83,1528.67,1528.83,0.01,76.16,119754.17,1
2024-09-11,2024-09-11 13:23:00,1528.83,1529.0,1528.83,1529.0,0.01,76.16,119754.17,1
2024-09-11,2024-09-11 13:24:00,1529.0,1529.17,1529.0,1529.17,0.01,76.16,119754.17,1
2024-09-11,2024-09-11 13:25:00,1529.17,1529.33,1529.17,1529.33,0.01,76.16,119754.17,1
2024-09-11,2024-09-11 13:26:00,1529.33,1529.5,1529.33,1529.5,0.01,76.16,119754.17,1
2024-09-11,2024-09-11 13:27:00,1529.5,1529.67,1529.5,1529.67,0.01,76.16,119754.17,1
2024-09-11,2024-09-11 13:28:00,1529.67,1529.83,1529.67,1529.83,0.01,76.16,119754.17,1
2024-09-11,2024-09-11 13:29:00,1529.83,1530.0,1529.83,1530.0,0.01,76.16,119754.17,1
2024-09-11,2024-09-11 13:30:00,1530.0,1530.17,1530.0,1530.17,0.01,76.16,119754.17,1
2024-09-11,2024-09-11 13:31:00,1530.17,1530.33,1530.17,1530.33,0.01,76.16,119754.17,1
2024-09-11,2024-09-11 13:32:00,1530.33,1530.5,1530.33,1530.5,0.01,76.16,119754.17,1
2024-09-11,2024-09-11 13:33:00,1530.5,1530.67,1530.5,1530.67,0.01,76.16,119754.17,1
2024-09-11,2024-09-11 13:34:00,1530.67,1530.83,1530.67,1530.83,0.01,76.16,119754.17,1
2024-09-11,2024-09-11 13:35:00,1530.83,1531.0,1530.83,1531.0,0.01,76.16,119754.17,1
2024-09-11,2024-09-11 13:36:00,1531.0,1531.17,1531.0,1531.17,0.01,76.16,119754.17,1
2024-09-11,2024-09-11 13:37:00,1531.17,1531.33,1531.17,1531.33,0.01,76.16,119754.17,1
2024-09-11,2024-09-11 13:38:00,1531.33,1531.5,1531.33,1531.5,0.01,76.16,119754.17,1
2024-09-11,2024-09-11 13:39:00,1531.5,1531.67,1531.5,1531.67,0.01,76.16,119754.17,1
2024-09-11,2024-09-11 13:40:00,1531.67,1531.83,1531.67,1531.83,0.01,76.16,119754.17,1
2024-09-11,2024-09-11 13:41:00,1531.83,1532.0,1531.83,1532.0,0.01,76.16,119754.17,1
2024-09-11,2024-09-11 13:42:00,1532.0,1532.17,1532.0,1532.17,0.01,76.16,119754.17,1
2024-09-11,2024-09-11 13:43:00,1532.17,1532.33,1532.17,1532.33,0.01,76.16,119754.17,1
2024-09-11,2024-09-11 13:44:00,1532.33,1532.5,1532.33,1532.5,0.01,76.16,119754.17,1
2024-09-11,2024-09-11 13:45:00,1532.5,1532.67,1532.5,1532.67,0.01,76.16,119754.17,1
2024-09-11,2024-09-11 13:46:00,1532.67,1532.83,1532.67,1532.83,0.01,76.16,119754.17,1
2024-09-11,2024-09-11 13:47:00,1532.83,1533.0,1532.83,1533.0,0.01,76.16,119754.17,1
2024-09-11,2024-09-11 13:48:00,1533.0,1533.17,1533.0,1533.17,0.01,76.16,119754.17,1
2024-09-11,2024-09-11 13:49:00,1533.17,1533.33,1533.17,1533.33,0.01,76.16,119754.17,1
2024-09-11,2024-09-11 13:50:00,1533.33,1533.5,1533.33,1533.5,0.01,76.16,119754.17,1
2024-09-11,2024-09-11 13:51:00,1533.5,1533.67,1533.5,1533.67,0.01,76.16,119754.17,1
2024-09-11,2024-09-11 13:52:00,1533.67,1533.83,1533.67,1533.83,0.01,76.16,119754.17,1
2024-09-11,2024-09-11 13:53:00,1533.83,1534.0,1533.83,1534.0,0.01,76.16,119754.17,1
2024-09-11,2024-09-11 13:54:00,1534.0,1534.17,1534.0,1534.17,0.01,76.16,119754.17,1
2024-09-11,2024-09-11 13:55:00,1534.17,1534.33,1534.17,1534.33,0.01,76.16,119754.17,1
2024-09-11,2024-09-11 13:56:00,1534.33,1534.5,1534.33,1534.5,0.01,76.16,119754.17,1
2024-09-11,2024-09-11 13:57:00,1534.5,1534.67,1534.5,1534.67,0.01,76.16,119754.17,1
2024-09-11,2024-09-11 13:58:00,1534.67,1534.83,1534.67,1534.83,0.01,76.16,119754.17,1
2024-09-11,2024-09-11 13:59:00,1534.83,1535.0,1534.83,1535.0,0.01,76.16,119754.17,1
2024-09-11,2024-09-11 14:00:00,1535.0,1535.17,1535.0,1535.17,0.01,76.16,119754.17,1
2024-09-11,2024-09-11 14:01:00,1535.17,1535.33,1535.17,1535.33,0.01,76.16,119754.17,1
2024-09-11,2024-09-11 14:02:00,1535.33,1535.5,1535.33,1535.5,0.01,76.16,119754.17,1
2024-09-11,2024-09-11 14:03:00,1535.5,1535.67,1535.5,1535.67,0.01,76.16,119754.17,1
2024-09-11,2024-09-11 14:04:00,1535.67,1535.83,1535.67,1535.83,0.01,76.16,119754.17,1
2024-09-11,2024-09-11 14:05:00,1535.83,1536.0,1535.83,1536.0,0.01,76.16,119754.17,1
2024-09-11,2024-09-11 14:06:00,1536.0,1536.17,1536.0,1536.17,0.01,76.16,119754.17,1
2024-09-11,2024-09-11 14:07:00,1536.17,1536.33,1536.17,1536.33,0.01,76.16,119754.17,1
2024-09-11,2024-09-11 14:08:00,1536.33,1536.5,1536.33,1536.5,0.01,76.16,119754.17,1
2024-09-11,2024-09-11 14:09:00,1536.5,1536.67,1536.5,1536.67,0.01,76.16,119754.17,1
2024-09-11,2024-09-11 14:10:00,1536.67,1536.83,1536.67,1536.83,0.01,76.16,119754.17,1
2024-09-11,2024-09-11 14:11:00,1536.83,1537.0,1536.83,1537.0,0.01,76.16,119754.17,1
2024-09-11,2024-09-11 14:12:00,1537.0,1537.17,1537.0,1537.17,0.01,76.16,119754.17,1
2024-09-11,2024-09-11 14:13:00,1537.17,1537.33,1537.17,1537.33,0.01,76.16,119754.17,1
2024-09-11,2024-09-11 14:14:00,1537.33,1537.5,1537.33,1537.5,0.01,76.16,119754.17,1
2024-09-11,2024-09-11 14:15:00,1537.5,1537.67,1537.5,1537.67,0.01,76.16,119754.17,1
2024-09-11,2024-09-11 14:16:00,1537.67,1537.83,1537.67,1537.83,0.01,76.16,119754.17,1
2024-09-11,2024-09-11 14:17:00,1537.83,1538.0,1537.83,1538.0,0.01,76.16,119754.17,1
2024-09-11,2024-09-11 14:18:00,1538.0,1538.17,1538.0,1538.17,0.01,76.16,119754.17,1
2024-09-11,2024-09-11 14:19:00,1538.17,1538.33,1538.17,1538.33,0.01,76.16,119754.17,1
2024-09-11,2024-09-11 14:20:00,1538.33,1538.5,1538.33,1538.5,0.01,76.16,119754.17,1
2024-09-11,2024-09-11 14:21:00,1538.5,1538.67,1538.5,1538.67,0.01,76.16,119754.17,1
2024-09-11,2024-09-11 14:22:00,1538.67,1538.83,1538.67,1538.83,0.01,76.16,119754.17,1
2024-09-11,2024-09-11 14:23:00,1538.83,1539.0,1538.83,1539.0,0.01,76.16,119754.17,1
2024-09-11,2024-09-11 14:24:00,1539.0,1539.17,1539.0,1539.17,0.01,76.16,119754.17,1
2024-09-11,2024-09-11 14:25:00,1539.17,1539.33,1539.17,1539.33,0.01,76.16,119754.17,1
2024-09-11,2024-09-11 14:26:00,1539.33,1539.5,1539.33,1539.5,0.01,76.16,119754.17,1
2024-09-11,2024-09-11 14:27:00,1539.5,1539.67,1539.5,1539.67,0.01,76.16,119754.17,1
2024-09-11,2024-09-11 14:28:00,1539.67,1539.83,1539.67,1539.83,0.01,76.16,119754.17,1
2024-09-11,2024-09-11 14:29:00,1539.83,1540.0,1539.83,1540.0,0.01,76.16,119754.17,1
2024-09-11,2024-09-11 14:30:00,1540.0,1540.17,1540.0,1540.17,0.01,76.16,119754.17,1
2024-09-11,2024-09-11 14:31:00,1540.17,1540.33,1540.17,1540.33,0.01,76.16,119754.17,1
2024-09-11,2024-09-11 14:32:00,1540.33,1540.5,1540.33,1540.5,0.01,76.16,119754.17,1
2024-09-11,2024-09-11 14:33:00,1540.5,1540.67,1540.5,1540.67,0.01,76.16,119754.17,1
2024-09-11,2024-09-11 14:34:00,1540.67,1540.83,1540.67,1540.83,0.01,76.16,119754.17,1
2024-09-11,2024-09-11 14:35:00,1540.83,1541.0,1540.83,1541.0,0.01,76.16,119754.17,1
2024-09-11,2024-09-11 14:36:00,1541.0,1541.17,1541.0,1541.17,0.01,76.16,119754.17,1
2024-09-11,2024-09-11 14:37:00,1541.17,1541.33,1541.17,1541.33,0.01,76.16,119754.17,1
2024-09-11,2024-09-11 14:38:00,1541.33,1541.5,1541.33,1541.5,0.01,76.16,119754.17,1
2024-09-11,2024-09-11 14:39:00,1541.5,1541.67,1541.5,1541.67,0.01,76.16,119754.17,1
2024-09-11,2024-09-11 14:40:00,1541.67,1541.83,1541.67,1541.83,0.01,76.16,119754.17,1
2024-09-11,2024-09-11 14:41:00,1541.83,1542.0,1541.83,1542.0,0.01,76.16,119754.17,1
2024-09-11,2024-09-11 14:42:00,1542.0,1542.17,1542.0,1542.17,0.01,76.16,119754.17,1
2024-09-11,2024-09-11 14:43:00,1542.17,1542.33,1542.17,1542.33,0.01,76.16,119754.17,1
2024-09-11,2024-09-11 14:44:00,1542.33,1542.5,1542.33,1542.5,0.01,76.16,119754.17,1
2024-09-11,2024-09-11 14:45:00,1542.5,1542.67,1542.5,1542.67,0.01,76.16,119754.17,1
2024-09-11,2024-09-11 14:46:00,1542.67,1542.83,1542.67,1542.83,0.01,76.16,119754.17,1
2024-09-11,2024-09-11 14:47:00,1542.83,1543.0,1542.83,1543.0,0.01,76.16,119754.17,1
2024-09-11,2024-09-11 14:48:00,1543.0,1543.17,1543.0,1543.17,0.01,76.16,119754.17,1
2024-09-11,2024-09-11 14:49:00,1543.17,1543.33,1543.17,1543.33,0.01,76.16,119754.17,1
2024-09-11,2024-09-11 14:50:00,1543.33,1543.5,1543.33,1543.5,0.01,76.16,119754.17,1
2024-09-11,2024-09-11 14:51:00,1543.5,1543.67,1543.5,1543.67,0.01,76.16,119754.17,1
2024-09-11,2024-09-11 14:52:00,1543.67,1543.83,1543.67,1543.83,0.01,76.16,119754.17,1
2024-09-11,2024-09-11 14:53:00,1543.83,1544.0,1543.83,1544.0,0.01,76.16,119754.17,1
2024-09-11,2024-09-11 14:54:00,1544.0,1544.17,1544.0,1544.17,0.01,76.16,119754.17,1
2024-09-11,2024-09-11 14:55:00,1544.17,1544.33,1544.17,1544.33,0.01,76.16,119754.17,1
2024-09-11,2024-09-11 14:56:00,1544.33,1544.5,1544.33,1544.5,0.01,76.16,119754.17,1
2024-09-11,2024-09-11 14:57:00,1544.5,1544.67,1544.5,1544.67,0.01,76.16,119754.17,1
2024-09-11,2024-09-11 14:58:00,1544.67,1544.83,1544.67,1544.83,0.01,76.16,119754.17,1
2024-09-11,2024-09-11 14:59:00,1544.83,1545.0,1544.83,1545.0,0.01,76.16,119754.17,1
2024-09-11,2024-09-11 15:00:00,1545.0,1600.0,1500.0,1545.0,0.0,76.16,119754.17,0
2024-09-12,2024-09-12 11:00:00,1514.1,1535.37,1514.1,1514.37,0.02,27.52,43127.45,1
2024-09-12,2024-09-12 11:01:00,1514.37,1514.64,1514.37,1514.64,0.02,27.52,43127.45,1
2024-09-12,2024-09-12 11:02:00,1514.64,1514.91,1514.64,1514.91,0.02,27.52,43127.45,1
2024-09-12,2024-09-12 11:03:00,1514.91,1515.18,1514.91,1515.18,0.02,27.52,43127.45,1
2024-09-12,2024-09-12 11:04:00,1515.18,1515.45,1515.18,1515.45,0.02,27.52,43127.45,1
2024-09-12,2024-09-12 11:05:00,1515.45,1515.72,1515.45,1515.72,0.02,27.52,43127.45,1
2024-09-12,2024-09-12 11:06:00,1515.72,1515.99,1515.72,1515.99,0.02,27.52,43127.45,1
2024-09-12,2024-09-12 11:07:00,1515.99,1516.26,1515.99,1516.26,0.02,27.52,43127.45,1
2024-09-12,2024-09-12 11:08:00,1516.26,1516.53,1516.26,1516.53,0.02,27.52,43127.45,1
2024-09-12,2024-09-12 11:09:00,1516.53,1516.8,1516.53,1516.8,0.02,27.52,43127.45,1
2024-09-12,2024-09-12 11:10:00,1516.8,1517.07,1516.8,1517.07,0.02,27.52,43127.45,1
2024-09-12,2024-09-12 11:11:00,1517.07,1517.34,1517.07,1517.34,0.02,27.52,43127.45,1
2024-09-12,2024-09-12 11:12:00,1517.34,1517.62,1517.34,1517.62,0.02,27.52,43127.45,1
2024-09-12,2024-09-12 11:13:00,1517.62,1517.89,1517.62,1517.89,0.02,27.52,43127.45,1
2024-09-12,2024-09-12 11:14:00,1517.89,1518.16,1517.89,1518.16,0.02,27.52,43127.45,1
2024-09-12,2024-09-12 11:15:00,1518.16,1518.43,1518.16,1518.43,0.02,27.52,43127.45,1
2024-09-12,2024-09-12 11:16:00,1518.43,1518.7,1518.43,1518.7,0.02,27.52,43127.45,1
2024-09-12,2024-09-12 11:17:00,1518.7,1518.97,1518.7,1518.97,0.02,27.52,43127.45,1
2024-09-12,2024-09-12 11:18:00,1518.97,1519.24,1518.97,1519.24,0.02,27.52,43127.45,1
2024-09-12,2024-09-12 11:19:00,1519.24,1519.51,1519.24,1519.51,0.02,27.52,43127.45,1
2024-09-12,2024-09-12 11:20:00,1519.51,1519.78,1519.51,1519.78,0.02,27.52,43127.45,1
2024-09-12,2024-09-12 11:21:00,1519.78,1520.05,1519.78,1520.05,0.02,27.52,43127.45,1
2024-09-12,2024-09-12 11:22:00,1520.05,1520.32,1520.05,1520.32,0.02,27.52,43127.45,1
2024-09-12,2024-09-12 11:23:00,1520.32,1520.59,1520.32,1520.59,0.02,27.52,43127.45,1
2024-09-12,2024-09-12 11:24:00,1520.59,1520.86,1520.59,1520.86,0.02,27.52,43127.45,1
2024-09-12,2024-09-12 11:25:00,1520.86,1521.13,1520.86,1521.13,0.02,27.52,43127.45,1
2024-09-12,2024-09-12 11:26:00,1521.13,1521.4,1521.13,1521.4,0.02,27.52,43127.45,1
2024-09-12,2024-09-12 11:27:00,1521.4,1521.67,1521.4,1521.67,0.02,27.52,43127.45,1
2024-09-12,2024-09-12 11:28:00,1521.67,1521.94,1521.67,1521.94,0.02,27.52,43127.45,1
2024-09-12,2024-09-12 11:29:00,1521.94,1522.21,1521.94,1522.21,0.02,27.52,43127.45,1
2024-09-12,2024-09-12 11:30:00,1522.21,1522.48,1522.21,1522.48,0.02,27.52,43127.45,1
2024-09-12,2024-09-12 11:31:00,1522.48,1522.75,1522.48,1522.75,0.02,27.52,43127.45,1
2024-09-12,2024-09-12 11:32:00,1522.75,1523.02,1522.75,1523.02,0.02,27.52,43127.45,1
2024-09-12,2024-09-12 11:33:00,1523.02,1523.29,1523.02,1523.29,0.02,27.52,43127.45,1
2024-09-12,2024-09-12 11:34:00,1523.29,1523.56,1523.29,1523.56,0.02,27.52,43127.45,1
2024-09-12,2024-09-12 11:35:00,1523.56,1523.84,1523.56,1523.84,0.02,27.52,43127.45,1
2024-09-12,2024-09-12 11:36:00,1523.84,1524.11,1523.84,1524.11,0.02,27.52,43127.45,1
2024-09-12,2024-09-12 11:37:00,1524.11,1524.38,1524.11,1524.38,0.02,27.52,43127.45,1
2024-09-12,2024-09-12 11:38:00,1524.38,1524.65,1524.38,1524.65,0.02,27.52,43127.45,1
2024-09-12,2024-09-12 11:39:00,1524.65,1524.92,1524.65,1524.92,0.02,27.52,43127.45,1
2024-09-12,2024-09-12 11:40:00,1524.92,1525.19,1524.92,1525.19,0.02,27.52,43127.45,1
2024-09-12,2024-09-12 11:41:00,1525.19,1525.46,1525.19,1525.46,0.02,27.52,43127.45,1
2024-09-12,2024-09-12 11:42:00,1525.46,1525.73,1525.46,1525.73,0.02,27.52,43127.45,1
2024-09-12,2024-09-12 11:43:00,1525.73,1526.0,1525.73,1526.0,0.02,27.52,43127.45,1
2024-09-12,2024-09-12 11:44:00,1526.0,1526.27,1526.0,1526.27,0.02,27.52,43127.45,1
2024-09-12,2024-09-12 11:45:00,1526.27,1526.54,1526.27,1526.54,0.02,27.52,43127.45,1
2024-09-12,2024-09-12 11:46:00,1526.54,1526.81,1526.54,1526.81,0.02,27.52,43127.45,1
2024-09-12,2024-09-12 11:47:00,1526.81,1527.08,1526.81,1527.08,0.02,27.52,43127.45,1
2024-09-12,2024-09-12 11:48:00,1527.08,1527.35,1527.08,1527.35,0.02,27.52,43127.45,1
2024-09-12,2024-09-12 11:49:00,1527.35,1527.62,1527.35,1527.62,0.02,27.52,43127.45,1
2024-09-12,2024-09-12 11:50:00,1527.62,1527.89,1527.62,1527.89,0.02,27.52,43127.45,1
2024-09-12,2024-09-12 11:51:00,1527.89,1528.16,1527.89,1528.16,0.02,27.52,43127.45,1
2024-09-12,2024-09-12 11:52:00,1528.16,1528.43,1528.16,1528.43,0.02,27.52,43127.45,1
2024-09-12,2024-09-12 11:53:00,1528.43,1528.7,1528.43,1528.7,0.02,27.52,43127.45,1
2024-09-12,2024-09-12 11:54:00,1528.7,1528.97,1528.7,1528.97,0.02,27.52,43127.45,1
2024-09-12,2024-09-12 11:55:00,1528.97,1529.24,1528.97,1529.24,0.02,27.52,43127.45,1
2024-09-12,2024-09-12 11:56:00,1529.24,1529.51,1529.24,1529.51,0.02,27.52,43127.45,1
2024-09-12,2024-09-12 11:57:00,1529.51,1529.78,1529.51,1529.78,0.02,27.52,43127.45,1
2024-09-12,2024-09-12 11:58:00,1529.78,1530.05,1529.78,1530.05,0.02,27.52,43127.45,1
2024-09-12,2024-09-12 11:59:00,1530.05,1530.32,1530.05,1530.32,0.02,27.52,43127.45,1
2024-09-12,2024-09-12 12:00:00,1530.32,1530.6,1530.32,1530.6,0.02,27.52,43127.45,1
2024-09-12,2024-09-12 12:01:00,1530.6,1530.87,1530.6,1530.87,0.02,27.52,43127.45,1
2024-09-12,2024-09-12 12:02:00,1530.87,1531.14,1530.87,1531.14,0.02,27.52,43127.45,1
2024-09-12,2024-09-12 12:03:00,1531.14,1531.41,1531.14,1531.41,0.02,27.52,43127.45,1
2024-09-12,2024-09-12 12:04:00,1531.41,1531.68,1531.41,1531.68,0.02,27.52,43127.45,1
2024-09-12,2024-09-12 12:05:00,1531.68,1531.95,1531.68,1531.95,0.02,27.52,43127.45,1
2024-09-12,2024-09-12 12:06:00,1531.95,1532.22,1531.95,1532.22,0.02,27.52,43127.45,1
2024-09-12,2024-09-12 12:07:00,1532.22,1532.49,1532.22,1532.49,0.02,27.52,43127.45,1
2024-09-12,2024-09-12 12:08:00,1532.49,1532.76,1532.49,1532.76,0.02,27.52,43127.45,1
2024-09-12,2024-09-12 12:09:00,1532.76,1533.03,1532.76,1533.03,0.02,27.52,43127.45,1
2024-09-12,2024-09-12 12:10:00,1533.03,1533.3,1533.03,1533.3,0.02,27.52,43127.45,1
2024-09-12,2024-09-12 12:11:00,1533.3,1533.57,1533.3,1533.57,0.02,27.52,43127.45,1
2024-09-12,2024-09-12 12:12:00,1533.57,1533.84,1533.57,1533.84,0.02,27.52,43127.45,1
2024-09-12,2024-09-12 12:13:00,1533.84,1534.11,1533.84,1534.11,0.02,27.52,43127.45,1
2024-09-12,2024-09-12 12:14:00,1534.11,1534.38,1534.11,1534.38,0.02,27.52,43127.45,1
2024-09-12,2024-09-12 12:15:00,1534.38,1534.65,1534.38,1534.65,0.02,27.52,43127.45,1
2024-09-12,2024-09-12 12:16:00,1534.65,1534.92,1534.65,1534.92,0.02,27.52,43127.45,1
2024-09-12,2024-09-12 12:17:00,1534.92,1535.19,1534.92,1535.19,0.02,27.52,43127.45,1
2024-09-12,2024-09-12 12:18:00,1535.19,1535.46,1535.19,1535.46,0.02,27.52,43127.45,1
2024-09-12,2024-09-12 12:19:00,1535.46,1535.73,1535.46,1535.73,0.02,27.52,43127.45,1
2024-09-12,2024-09-12 12:20:00,1535.73,1536.0,1535.73,1536.0,0.02,27.52,43127.45,1
2024-09-12,2024-09-12 12:21:00,1536.0,1536.27,1536.0,1536.27,0.02,27.52,43127.45,1
2024-09-12,2024-09-12 12:22:00,1536.27,1536.54,1536.27,1536.54,0.02,27.52,43127.45,1
2024-09-12,2024-09-12 12:23:00,1536.54,1536.82,1536.54,1536.82,0.02,27.52,43127.45,1
2024-09-12,2024-09-12 12:24:00,1536.82,1537.09,1536.82,1537.09,0.02,27.52,43127.45,1
2024-09-12,2024-09-12 12:25:00,1537.09,1537.36,1537.09,1537.36,0.02,27.52,43127.45,1
2024-09-12,2024-09-12 12:26:00,1537.36,1537.63,1537.36,1537.63,0.02,27.52,43127.45,1
2024-09-12,2024-09-12 12:27:00,1537.63,1537.9,1537.63,1537.9,0.02,27.52,43127.45,1
2024-09-12,2024-09-12 12:28:00,1537.9,1538.17,1537.9,1538.17,0.02,27.52,43127.45,1
2024-09-12,2024-09-12 12:29:00,1538.17,1538.44,1538.17,1538.44,0.02,27.52,43127.45,1
2024-09-12,2024-09-12 12:30:00,1538.44,1538.71,1538.44,1538.71,0.02,27.52,43127.45,1
2024-09-12,2024-09-12 12:31:00,1538.71,1538.98,1538.71,1538.98,0.02,27.52,43127.45,1
2024-09-12,2024-09-12 12:32:00,1538.98,1539.25,1538.98,1539.25,0.02,27.52,43127.45,1
2024-09-12,2024-09-12 12:33:00,1539.25,1539.52,1539.25,1539.52,0.02,27.52,43127.45,1
2024-09-12,2024-09-12 12:34:00,1539.52,1539.79,1539.52,1539.79,0.02,27.52,43127.45,1
2024-09-12,2024-09-12 12:35:00,1539.79,1540.06,1539.79,1540.06,0.02,27.52,43127.45,1
2024-09-12,2024-09-12 12:36:00,1540.06,1540.33,1540.06,1540.33,0.02,27.52,43127.45,1
2024-09-12,2024-09-12 12:37:00,1540.33,1540.6,1540.33,1540.6,0.02,27.52,43127.45,1
2024-09-12,2024-09-12 12:38:00,1540.6,1540.87,1540.6,1540.87,0.02,27.52,43127.45,1
2024-09-12,2024-09-12 12:39:00,1540.87,1541.14,1540.87,1541.14,0.02,27.52,43127.45,1
2024-09-12,2024-09-12 12:40:00,1541.14,1541.41,1541.14,1541.41,0.02,27.52,43127.45,1
2024-09-12,2024-09-12 12:41:00,1541.41,1541.68,1541.41,1541.68,0.02,27.52,43127.45,1
2024-09-12,2024-09-12 12:42:00,1541.68,1541.95,1541.68,1541.95,0.02,27.52,43127.45,1
2024-09-12,2024-09-12 12:43:00,1541.95,1542.22,1541.95,1542.22,0.02,27.52,43127.45,1
2024-09-12,2024-09-12 12:44:00,1542.22,1542.49,1542.22,1542.49,0.02,27.52,43127.45,1
2024-09-12,2024-09-12 12:45:00,1542.49,1542.76,1542.49,1542.76,0.02,27.52,43127.45,1
2024-09-12,2024-09-12 12:46:00,1542.76,1543.03,1542.76,1543.03,0.02,27.52,43127.45,1
2024-09-12,2024-09-12 12:47:00,1543.03,1543.3,1543.03,1543.3,0.02,27.52,43127.45,1
2024-09-12,2024-09-12 12:48:00,1543.3,1543.58,1543.3,1543.58,0.02,27.52,43127.45,1
2024-09-12,2024-09-12 12:49:00,1543.58,1543.85,1543.58,1543.85,0.02,27.52,43127.45,1
2024-09-12,2024-09-12 12:50:00,1543.85,1544.12,1543.85,1544.12,0.02,27.52,43127.45,1
2024-09-12,2024-09-12 12:51:00,1544.12,1544.39,1544.12,1544.39,0.02,27.52,43127.45,1
2024-09-12,2024-09-12 12:52:00,1544.39,1544.66,1544.39,1544.66,0.02,27.52,43127.45,1
2024-09-12,2024-09-12 12:53:00,1544.66,1544.93,1544.66,1544.93,0.02,27.52,43127.45,1
2024-09-12,2024-09-12 12:54:00,1544.93,1545.2,1544.93,1545.2,0.02,27.52,43127.45,1
2024-09-12,2024-09-12 12:55:00,1545.2,1545.47,1545.2,1545.47,0.02,27.52,43127.45,1
2024-09-12,2024-09-12 12:56:00,1545.47,1545.74,1545.47,1545.74,0.02,27.52,43127.45,1
2024-09-12,2024-09-12 12:57:00,1545.74,1546.01,1545.74,1546.01,0.02,27.52,43127.45,1
2024-09-12,2024-09-12 12:58:00,1546.01,1546.28,1546.01,1546.28,0.02,27.52,43127.45,1
2024-09-12,2024-09-12 12:59:00,1546.28,1546.55,1546.28,1546.55,0.02,27.52,43127.45,1
2024-09-12,2024-09-12 13:00:00,1546.55,1585.0,1514.1,1546.82,0.02,27.52,43127.45,1
2024-09-12,2024-09-12 13:01:00,1546.82,1547.09,1546.82,1547.09,0.02,27.52,43127.45,1
2024-09-12,2024-09-12 13:02:00,1547.09,1547.36,1547.09,1547.36,0.02,27.52,43127.45,1
2024-09-12,2024-09-12 13:03:00,1547.36,1547.63,1547.36,1547.63,0.02,27.52,43127.45,1
2024-09-12,2024-09-12 13:04:00,1547.63,1547.9,1547.63,1547.9,0.02,27.52,43127.45,1
2024-09-12,2024-09-12 13:05:00,1547.9,1548.17,1547.9,1548.17,0.02,27.52,43127.45,1
2024-09-12,2024-09-12 13:06:00,1548.17,1548.44,1548.17,1548.44,0.02,27.52,43127.45,1
2024-09-12,2024-09-12 13:07:00,1548.44,1548.71,1548.44,1548.71,0.02,27.52,43127.45,1
2024-09-12,2024-09-12 13:08:00,1548.71,1548.98,1548.71,1548.98,0.02,27.52,43127.45,1
2024-09-12,2024-09-12 13:09:00,1548.98,1549.25,1548.98,1549.25,0.02,27.52,43127.45,1
2024-09-12,2024-09-12 13:10:00,1549.25,1549.52,1549.25,1549.52,0.02,27.52,43127.45,1
2024-09-12,2024-09-12 13:11:00,1549.52,1549.8,1549.52,1549.8,0.02,27.52,43127.45,1
2024-09-12,2024-09-12 13:12:00,1549.8,1550.07,1549.8,1550.07,0.02,27.52,43127.45,1
2024-09-12,2024-09-12 13:13:00,1550.07,1550.34,1550.07,1550.34,0.02,27.52,43127.45,1
2024-09-12,2024-09-12 13:14:00,1550.34,1550.61,1550.34,1550.61,0.02,27.52,43127.45,1
2024-09-12,2024-09-12 13:15:00,1550.61,1550.88,1550.61,1550.88,0.02,27.52,43127.45,1
2024-09-12,2024-09-12 13:16:00,1550.88,1551.15,1550.88,1551.15,0.02,27.52,43127.45,1
2024-09-12,2024-09-12 13:17:00,1551.15,1551.42,1551.15,1551.42,0.02,27.52,43127.45,1
2024-09-12,2024-09-12 13:18:00,1551.42,1551.69,1551.42,1551.69,0.02,27.52,43127.45,1
2024-09-12,2024-09-12 13:19:00,1551.69,1551.96,1551.69,1551.96,0.02,27.52,43127.45,1
2024-09-12,2024-09-12 13:20:00,1551.96,1552.23,1551.96,1552.23,0.02,27.52,43127.45,1
2024-09-12,2024-09-12 13:21:00,1552.23,1552.5,1552.23,1552.5,0.02,27.52,43127.45,1
2024-09-12,2024-09-12 13:22:00,1552.5,1552.77,1552.5,1552.77,0.02,27.52,43127.45,1
2024-09-12,2024-09-12 13:23:00,1552.77,1553.04,1552.77,1553.04,0.02,27.52,43127.45,1
2024-09-12,2024-09-12 13:24:00,1553.04,1553.31,1553.04,1553.31,0.02,27.52,43127.45,1
2024-09-12,2024-09-12 13:25:00,1553.31,1553.58,1553.31,1553.58,0.02,27.52,43127.45,1
2024-09-12,2024-09-12 13:26:00,1553.58,1553.85,1553.58,1553.85,0.02,27.52,43127.45,1
2024-09-12,2024-09-12 13:27:00,1553.85,1554.12,1553.85,1554.12,0.02,27.52,43127.45,1
2024-09-12,2024-09-12 13:28:00,1554.12,1554.39,1554.12,1554.39,0.02,27.52,43127.45,1
2024-09-12,2024-09-12 13:29:00,1554.39,1554.66,1554.39,1554.66,0.02,27.52,43127.45,1
2024-09-12,2024-09-12 13:30:00,1554.66,1554.93,1554.66,1554.93,0.02,27.52,43127.45,1
2024-09-12,2024-09-12 13:31:00,1554.93,1555.2,1554.93,1555.2,0.02,27.52,43127.45,1
2024-09-12,2024-09-12 13:32:00,1555.2,1555.47,1555.2,1555.47,0.02,27.52,43127.45,1
2024-09-12,2024-09-12 13:33:00,1555.47,1555.74,1555.47,1555.74,0.02,27.52,43127.45,1
2024-09-12,2024-09-12 13:34:00,1555.74,1556.01,1555.74,1556.01,0.02,27.52,43127.45,1
2024-09-12,2024-09-12 13:35:00,1556.01,1556.28,1556.01,1556.28,0.02,27.52,43127.45,1
2024-09-12,2024-09-12 13:36:00,1556.28,1556.56,1556.28,1556.56,0.02,27.52,43127.45,1
2024-09-12,2024-09-12 13:37:00,1556.56,1556.83,1556.56,1556.83,0.02,27.52,43127.45,1
2024-09-12,2024-09-12 13:38:00,1556.83,1557.1,1556.83,1557.1,0.02,27.52,43127.45,1
2024-09-12,2024-09-12 13:39:00,1557.1,1557.37,1557.1,1557.37,0.02,27.52,43127.45,1
2024-09-12,2024-09-12 13:40:00,1557.37,1557.64,1557.37,1557.64,0.02,27.52,43127.45,1
2024-09-12,2024-09-12 13:41:00,1557.64,1557.91,1557.64,1557.91,0.02,27.52,43127.45,1
2024-09-12,2024-09-12 13:42:00,1557.91,1558.18,1557.91,1558.18,0.02,27.52,43127.45,1
2024-09-12,2024-09-12 13:43:00,1558.18,1558.45,1558.18,1558.45,0.02,27.52,43127.45,1
2024-09-12,2024-09-12 13:44:00,1558.45,1558.72,1558.45,1558.72,0.02,27.52,43127.45,1
2024-09-12,2024-09-12 13:45:00,1558.72,1558.99,1558.72,1558.99,0.02,27.52,43127.45,1
2024-09-12,2024-09-12 13:46:00,1558.99,1559.26,1558.99,1559.26,0.02,27.52,43127.45,1
2024-09-12,2024-09-12 13:47:00,1559.26,1559.53,1559.26,1559.53,0.02,27.52,43127.45,1
2024-09-12,2024-09-12 13:48:00,1559.53,1559.8,1559.53,1559.8,0.02,27.52,43127.45,1
2024-09-12,2024-09-12 13:49:00,1559.8,1560.07,1559.8,1560.07,0.02,27.52,43127.45,1
2024-09-12,2024-09-12 13:50:00,1560.07,1560.34,1560.07,1560.34,0.02,27.52,43127.45,1
2024-09-12,2024-09-12 13:51:00,1560.34,1560.61,1560.34,1560.61,0.02,27.52,43127.45,1
2024-09-12,2024-09-12 13:52:00,1560.61,1560.88,1560.61,1560.88,0.02,27.52,43127.45,1
2024-09-12,2024-09-12 13:53:00,1560.88,1561.15,1560.88,1561.15,0.02,27.52,43127.45,1
2024-09-12,2024-09-12 13:54:00,1561.15,1561.42,1561.15,1561.42,0.02,27.52,43127.45,1
2024-09-12,2024-09-12 13:55:00,1561.42,1561.69,1561.42,1561.69,0.02,27.52,43127.45,1
2024-09-12,2024-09-12 13:56:00,1561.69,1561.96,1561.69,1561.96,0.02,27.52,43127.45,1
2024-09-12,2024-09-12 13:57:00,1561.96,1562.23,1561.96,1562.23,0.02,27.52,43127.45,1
2024-09-12,2024-09-12 13:58:00,1562.23,1562.5,1562.23,1562.5,0.02,27.52,43127.45,1
2024-09-12,2024-09-12 13:59:00,1562.5,1562.78,1562.5,1562.78,0.02,27.52,43127.45,1
2024-09-12,2024-09-12 14:00:00,1562.78,1563.05,1562.78,1563.05,0.02,27.52,43127.45,1
2024-09-12,2024-09-12 14:01:00,1563.05,1563.32,1563.05,1563.32,0.02,27.52,43127.45,1
2024-09-12,2024-09-12 14:02:00,1563.32,1563.59,1563.32,1563.59,0.02,27.52,43127.45,1
2024-09-12,2024-09-12 14:03:00,1563.59,1563.86,1563.59,1563.86,0.02,27.52,43127.45,1
2024-09-12,2024-09-12 14:04:00,1563.86,1564.13,1563.86,1564.13,0.02,27.52,43127.45,1
2024-09-12,2024-09-12 14:05:00,1564.13,1564.4,1564.13,1564.4,0.02,27.52,43127.45,1
2024-09-12,2024-09-12 14:06:00,1564.4,1564.67,1564.4,1564.67,0.02,27.52,43127.45,1
2024-09-12,2024-09-12 14:07:00,1564.67,1564.94,1564.67,1564.94,0.02,27.52,43127.45,1
2024-09-12,2024-09-12 14:08:00,1564.94,1565.21,1564.94,1565.21,0.02,27.52,43127.45,1
2024-09-12,2024-09-12 14:09:00,1565.21,1565.48,1565.21,1565.48,0.02,27.52,43127.45,1
2024-09-12,2024-09-12 14:10:00,1565.48,1565.75,1565.48,1565.75,0.02,27.52,43127.45,1
2024-09-12,2024-09-12 14:11:00,1565.75,1566.02,1565.75,1566.02,0.02,27.52,43127.45,1
2024-09-12,2024-09-12 14:12:00,1566.02,1566.29,1566.02,1566.29,0.02,27.52,43127.45,1
2024-09-12,2024-09-12 14:13:00,1566.29,1566.56,1566.29,1566.56,0.02,27.52,43127.45,1
2024-09-12,2024-09-12 14:14:00,1566.56,1566.83,1566.56,1566.83,0.02,27.52,43127.45,1
2024-09-12,2024-09-12 14:15:00,1566.83,1567.1,1566.83,1567.1,0.02,27.52,43127.45,1
2024-09-12,2024-09-12 14:16:00,1567.1,1567.37,1567.1,1567.37,0.02,27.52,43127.45,1
2024-09-12,2024-09-12 14:17:00,1567.37,1567.64,1567.37,1567.64,0.02,27.52,43127.45,1
2024-09-12,2024-09-12 14:18:00,1567.64,1567.91,1567.64,1567.91,0.02,27.52,43127.45,1
2024-09-12,2024-09-12 14:19:00,1567.91,1568.18,1567.91,1568.18,0.02,27.52,43127.45,1
2024-09-12,2024-09-12 14:20:00,1568.18,1568.45,1568.18,1568.45,0.02,27.52,43127.45,1
2024-09-12,2024-09-12 14:21:00,1568.45,1568.72,1568.45,1568.72,0.02,27.52,43127.45,1
2024-09-12,2024-09-12 14:22:00,1568.72,1568.99,1568.72,1568.99,0.02,27.52,43127.45,1
2024-09-12,2024-09-12 14:23:00,1568.99,1569.26,1568.99,1569.26,0.02,27.52,43127.45,1
2024-09-12,2024-09-12 14:24:00,1569.26,1569.54,1569.26,1569.54,0.02,27.52,43127.45,1
2024-09-12,2024-09-12 14:25:00,1569.54,1569.81,1569.54,1569.81,0.02,27.52,43127.45,1
2024-09-12,2024-09-12 14:26:00,1569.81,1570.08,1569.81,1570.08,0.02,27.52,43127.45,1
2024-09-12,2024-09-12 14:27:00,1570.08,1570.35,1570.08,1570.35,0.02,27.52,43127.45,1
2024-09-12,2024-09-12 14:28:00,1570.35,1570.62,1570.35,1570.62,0.02,27.52,43127.45,1
2024-09-12,2024-09-12 14:29:00,1570.62,1570.89,1570.62,1570.89,0.02,27.52,43127.45,1
2024-09-12,2024-09-12 14:30:00,1570.89,1571.16,1570.89,1571.16,0.02,27.52,43127.45,1
2024-09-12,2024-09-12 14:31:00,1571.16,1571.43,1571.16,1571.43,0.02,27.52,43127.45,1
2024-09-12,2024-09-12 14:32:00,1571.43,1571.7,1571.43,1571.7,0.02,27.52,43127.45,1
2024-09-12,2024-09-12 14:33:00,1571.7,1571.97,1571.7,1571.97,0.02,27.52,43127.45,1
2024-09-12,2024-09-12 14:34:00,1571.97,1572.24,1571.97,1572.24,0.02,27.52,43127.45,1
2024-09-12,2024-09-12 14:35:00,1572.24,1572.51,1572.24,1572.51,0.02,27.52,43127.45,1
2024-09-12,2024-09-12 14:36:00,1572.51,1572.78,1572.51,1572.78,0.02,27.52,43127.45,1
2024-09-12,2024-09-12 14:37:00,1572.78,1573.05,1572.78,1573.05,0.02,27.52,43127.45,1
2024-09-12,2024-09-12 14:38:00,1573.05,1573.32,1573.05,1573.32,0.02,27.52,43127.45,1
2024-09-12,2024-09-12 14:39:00,1573.32,1573.59,1573.32,1573.59,0.02,27.52,43127.45,1
2024-09-12,2024-09-12 14:40:00,1573.59,1573.86,1573.59,1573.86,0.02,27.52,43127.45,1
2024-09-12,2024-09-12 14:41:00,1573.86,1574.13,1573.86,1574.13,0.02,27.52,43127.45,1
2024-09-12,2024-09-12 14:42:00,1574.13,1574.4,1574.13,1574.4,0.02,27.52,43127.45,1
2024-09-12,2024-09-12 14:43:00,1574.4,1574.67,1574.4,1574.67,0.02,27.52,43127.45,1
2024-09-12,2024-09-12 14:44:00,1574.67,1574.94,1574.67,1574.94,0.02,27.52,43127.45,1
2024-09-12,2024-09-12 14:45:00,1574.94,1575.21,1574.94,1575.21,0.02,27.52,43127.45,1
2024-09-12,2024-09-12 14:46:00,1575.21,1575.48,1575.21,1575.48,0.02,27.52,43127.45,1
2024-09-12,2024-09-12 14:47:00,1575.48,1575.76,1575.48,1575.76,0.02,27.52,43127.45,1
2024-09-12,2024-09-12 14:48:00,1575.76,1576.03,1575.76,1576.03,0.02,27.52,43127.45,1
2024-09-12,2024-09-12 14:49:00,1576.03,1576.3,1576.03,1576.3,0.02,27.52,43127.45,1
2024-09-12,2024-09-12 14:50:00,1576.3,1576.57,1576.3,1576.57,0.02,27.52,43127.45,1
2024-09-12,2024-09-12 14:51:00,1576.57,1576.84,1576.57,1576.84,0.02,27.52,43127.45,1
2024-09-12,2024-09-12 14:52:00,1576.84,1577.11,1576.84,1577.11,0.02,27.52,43127.45,1
2024-09-12,2024-09-12 14:53:00,1577.11,1577.38,1577.11,1577.38,0.02,27.52,43127.45,1
2024-09-12,2024-09-12 14:54:00,1577.38,1577.65,1577.38,1577.65,0.02,27.52,43127.45,1
2024-09-12,2024-09-12 14:55:00,1577.65,1577.92,1577.65,1577.92,0.02,27.52,43127.45,1
2024-09-12,2024-09-12 14:56:00,1577.92,1578.19,1577.92,1578.19,0.02,27.52,43127.45,1
2024-09-12,2024-09-12 14:57:00,1578.19,1578.46,1578.19,1578.46,0.02,27.52,43127.45,1
2024-09-12,2024-09-12 14:58:00,1578.46,1578.73,1578.46,1578.73,0.02,27.52,43127.45,1
2024-09-12,2024-09-12 14:59:00,1578.73,1579.0,1578.73,1579.0,0.02,27.52,43127.45,1
2024-09-12,2024-09-12 15:00:00,1579.0,1585.0,1514.1,1579.0,0.0,27.52,43127.45,0
2024-09-15,2024-09-15 11:00:00,1610.0,1610.0,1581.2,1609.6,-0.02,45.03,70199.64,-1
2024-09-15,2024-09-15 11:01:00,1609.6,1609.6,1609.2,1609.2,-0.02,45.03,70199.64,-1
2024-09-15,2024-09-15 11:02:00,1609.2,1609.2,1608.8,1608.8,-0.02,45.03,70199.64,-1
2024-09-15,2024-09-15 11:03:00,1608.8,1608.8,1608.4,1608.4,-0.02,45.03,70199.64,-1
2024-09-15,2024-09-15 11:04:00,1608.4,1608.4,1608.0,1608.0,-0.02,45.03,70199.64,-1
2024-09-15,2024-09-15 11:05:00,1608.0,1608.0,1607.6,1607.6,-0.02,45.03,70199.64,-1
2024-09-15,2024-09-15 11:06:00,1607.6,1607.6,1607.2,1607.2,-0.02,45.03,70199.64,-1
2024-09-15,2024-09-15 11:07:00,1607.2,1607.2,1606.8,1606.8,-0.02,45.03,70199.64,-1
2024-09-15,2024-09-15 11:08:00,1606.8,1606.8,1606.4,1606.4,-0.02,45.03,70199.64,-1
2024-09-15,2024-09-15 11:09:00,1606.4,1606.4,1606.0,1606.0,-0.02,45.03,70199.64,-1
2024-09-15,2024-09-15 11:10:00,1606.0,1606.0,1605.6,1605.6,-0.02,45.03,70199.64,-1
2024-09-15,2024-09-15 11:11:00,1605.6,1605.6,1605.2,1605.2,-0.02,45.03,70199.64,-1
2024-09-15,2024-09-15 11:12:00,1605.2,1605.2,1604.8,1604.8,-0.02,45.03,70199.64,-1
2024-09-15,2024-09-15 11:13:00,1604.8,1604.8,1604.4,1604.4,-0.02,45.03,70199.64,-1
2024-09-15,2024-09-15 11:14:00,1604.4,1604.4,1604.0,1604.0,-0.02,45.03,70199.64,-1
2024-09-15,2024-09-15 11:15:00,1604.0,1604.0,1603.6,1603.6,-0.02,45.03,70199.64,-1
2024-09-15,2024-09-15 11:16:00,1603.6,1603.6,1603.2,1603.2,-0.02,45.03,70199.64,-1
2024-09-15,2024-09-15 11:17:00,1603.2,1603.2,1602.8,1602.8,-0.02,45.03,70199.64,-1
2024-09-15,2024-09-15 11:18:00,1602.8,1602.8,1602.4,1602.4,-0.02,45.03,70199.64,-1
2024-09-15,2024-09-15 11:19:00,1602.4,1602.4,1602.0,1602.0,-0.02,45.03,70199.64,-1
2024-09-15,2024-09-15 11:20:00,1602.0,1602.0,1601.6,1601.6,-0.02,45.03,70199.64,-1
2024-09-15,2024-09-15 11:21:00,1601.6,1601.6,1601.2,1601.2,-0.02,45.03,70199.64,-1
2024-09-15,2024-09-15 11:22:00,1601.2,1601.2,1600.8,1600.8,-0.02,45.03,70199.64,-1
2024-09-15,2024-09-15 11:23:00,1600.8,1600.8,1600.4,1600.4,-0.02,45.03,70199.64,-1
2024-09-15,2024-09-15 11:24:00,1600.4,1600.4,1600.0,1600.0,-0.02,45.03,70199.64,-1
2024-09-15,2024-09-15 11:25:00,1600.0,1600.0,1599.6,1599.6,-0.03,45.03,70199.64,-1
2024-09-15,2024-09-15 11:26:00,1599.6,1599.6,1599.2,1599.2,-0.03,45.03,70199.64,-1
2024-09-15,2024-09-15 11:27:00,1599.2,1599.2,1598.8,1598.8,-0.03,45.03,70199.64,-1
2024-09-15,2024-09-15 11:28:00,1598.8,1598.8,1598.4,1598.4,-0.03,45.03,70199.64,-1
2024-09-15,2024-09-15 11:29:00,1598.4,1598.4,1598.0,1598.0,-0.03,45.03,70199.64,-1
2024-09-15,2024-09-15 11:30:00,1598.0,1598.0,1597.6,1597.6,-0.03,45.03,70199.64,-1
2024-09-15,2024-09-15 11:31:00,1597.6,1597.6,1597.2,1597.2,-0.03,45.03,70199.64,-1
2024-09-15,2024-09-15 11:32:00,1597.2,1597.2,1596.8,1596.8,-0.03,45.03,70199.64,-1
2024-09-15,2024-09-15 11:33:00,1596.8,1596.8,1596.4,1596.4,-0.03,45.03,70199.64,-1
2024-09-15,2024-09-15 11:34:00,1596.4,1596.4,1596.0,1596.0,-0.03,45.03,70199.64,-1
2024-09-15,2024-09-15 11:35:00,1596.0,1596.0,1595.6,1595.6,-0.03,45.03,70199.64,-1
2024-09-15,2024-09-15 11:36:00,1595.6,1595.6,1595.2,1595.2,-0.03,45.03,70199.64,-1
2024-09-15,2024-09-15 11:37:00,1595.2,1595.2,1594.8,1594.8,-0.03,45.03,70199.64,-1
2024-09-15,2024-09-15 11:38:00,1594.8,1594.8,1594.4,1594.4,-0.03,45.03,70199.64,-1
2024-09-15,2024-09-15 11:39:00,1594.4,1594.4,1594.0,1594.0,-0.03,45.03,70199.64,-1
2024-09-15,2024-09-15 11:40:00,1594.0,1594.0,1593.6,1593.6,-0.03,45.03,70199.64,-1
2024-09-15,2024-09-15 11:41:00,1593.6,1593.6,1593.2,1593.2,-0.03,45.03,70199.64,-1
2024-09-15,2024-09-15 11:42:00,1593.2,1593.2,1592.8,1592.8,-0.03,45.03,70199.64,-1
2024-09-15,2024-09-15 11:43:00,1592.8,1592.8,1592.4,1592.4,-0.03,45.03,70199.64,-1
2024-09-15,2024-09-15 11:44:00,1592.4,1592.4,1592.0,1592.0,-0.03,45.03,70199.64,-1
2024-09-15,2024-09-15 11:45:00,1592.0,1592.0,1591.6,1591.6,-0.03,45.03,70199.64,-1
2024-09-15,2024-09-15 11:46:00,1591.6,1591.6,1591.2,1591.2,-0.03,45.03,70199.64,-1
2024-09-15,2024-09-15 11:47:00,1591.2,1591.2,1590.8,1590.8,-0.03,45.03,70199.64,-1
2024-09-15,2024-09-15 11:48:00,1590.8,1590.8,1590.4,1590.4,-0.03,45.03,70199.64,-1
2024-09-15,2024-09-15 11:49:00,1590.4,1590.4,1590.0,1590.0,-0.03,45.03,70199.64,-1
2024-09-15,2024-09-15 11:50:00,1590.0,1590.0,1589.6,1589.6,-0.03,45.03,70199.64,-1
2024-09-15,2024-09-15 11:51:00,1589.6,1589.6,1589.2,1589.2,-0.03,45.03,70199.64,-1
2024-09-15,2024-09-15 11:52:00,1589.2,1589.2,1588.8,1588.8,-0.03,45.03,70199.64,-1
2024-09-15,2024-09-15 11:53:00,1588.8,1588.8,1588.4,1588.4,-0.03,45.03,70199.64,-1
2024-09-15,2024-09-15 11:54:00,1588.4,1588.4,1588.0,1588.0,-0.03,45.03,70199.64,-1
2024-09-15,2024-09-15 11:55:00,1588.0,1588.0,1587.6,1587.6,-0.03,45.03,70199.64,-1
2024-09-15,2024-09-15 11:56:00,1587.6,1587.6,1587.2,1587.2,-0.03,45.03,70199.64,-1
2024-09-15,2024-09-15 11:57:00,1587.2,1587.2,1586.8,1586.8,-0.03,45.03,70199.64,-1
2024-09-15,2024-09-15 11:58:00,1586.8,1586.8,1586.4,1586.4,-0.03,45.03,70199.64,-1
2024-09-15,2024-09-15 11:59:00,1586.4,1586.4,1586.0,1586.0,-0.03,45.03,70199.64,-1
2024-09-15,2024-09-15 12:00:00,1586.0,1586.0,1585.6,1585.6,-0.03,45.03,70199.64,-1
2024-09-15,2024-09-15 12:01:00,1585.6,1585.6,1585.2,1585.2,-0.03,45.03,70199.64,-1
2024-09-15,2024-09-15 12:02:00,1585.2,1585.2,1584.8,1584.8,-0.03,45.03,70199.64,-1
2024-09-15,2024-09-15 12:03:00,1584.8,1584.8,1584.4,1584.4,-0.03,45.03,70199.64,-1
2024-09-15,2024-09-15 12:04:00,1584.4,1584.4,1584.0,1584.0,-0.03,45.03,70199.64,-1
2024-09-15,2024-09-15 12:05:00,1584.0,1584.0,1583.6,1583.6,-0.03,45.03,70199.64,-1
2024-09-15,2024-09-15 12:06:00,1583.6,1583.6,1583.2,1583.2,-0.03,45.03,70199.64,-1
2024-09-15,2024-09-15 12:07:00,1583.2,1583.2,1582.8,1582.8,-0.03,45.03,70199.64,-1
2024-09-15,2024-09-15 12:08:00,1582.8,1582.8,1582.4,1582.4,-0.03,45.03,70199.64,-1
2024-09-15,2024-09-15 12:09:00,1582.4,1582.4,1582.0,1582.0,-0.03,45.03,70199.64,-1
2024-09-15,2024-09-15 12:10:00,1582.0,1582.0,1581.6,1581.6,-0.03,45.03,70199.64,-1
2024-09-15,2024-09-15 12:11:00,1581.6,1581.6,1581.2,1581.2,-0.03,45.03,70199.64,-1
2024-09-15,2024-09-15 12:12:00,1581.2,1581.2,1580.8,1580.8,-0.03,45.03,70199.64,-1
2024-09-15,2024-09-15 12:13:00,1580.8,1580.8,1580.4,1580.4,-0.03,45.03,70199.64,-1
2024-09-15,2024-09-15 12:14:00,1580.4,1580.4,1580.0,1580.0,-0.03,45.03,70199.64,-1
2024-09-15,2024-09-15 12:15:00,1580.0,1580.0,1579.6,1579.6,-0.03,45.03,70199.64,-1
2024-09-15,2024-09-15 12:16:00,1579.6,1579.6,1579.2,1579.2,-0.03,45.03,70199.64,-1
2024-09-15,2024-09-15 12:17:00,1579.2,1579.2,1578.8,1578.8,-0.03,45.03,70199.64,-1
2024-09-15,2024-09-15 12:18:00,1578.8,1578.8,1578.4,1578.4,-0.03,45.03,70199.64,-1
2024-09-15,2024-09-15 12:19:00,1578.4,1578.4,1578.0,1578.0,-0.03,45.03,70199.64,-1
2024-09-15,2024-09-15 12:20:00,1578.0,1578.0,1577.6,1577.6,-0.03,45.03,70199.64,-1
2024-09-15,2024-09-15 12:21:00,1577.6,1577.6,1577.2,1577.2,-0.03,45.03,70199.64,-1
2024-09-15,2024-09-15 12:22:00,1577.2,1577.2,1576.8,1576.8,-0.03,45.03,70199.64,-1
2024-09-15,2024-09-15 12:23:00,1576.8,1576.8,1576.4,1576.4,-0.03,45.03,70199.64,-1
2024-09-15,2024-09-15 12:24:00,1576.4,1576.4,1576.0,1576.0,-0.03,45.03,70199.64,-1
2024-09-15,2024-09-15 12:25:00,1576.0,1576.0,1575.6,1575.6,-0.03,45.03,70199.64,-1
2024-09-15,2024-09-15 12:26:00,1575.6,1575.6,1575.2,1575.2,-0.03,45.03,70199.64,-1
2024-09-15,2024-09-15 12:27:00,1575.2,1575.2,1574.8,1574.8,-0.03,45.03,70199.64,-1
2024-09-15,2024-09-15 12:28:00,1574.8,1574.8,1574.4,1574.4,-0.03,45.03,70199.64,-1
2024-09-15,2024-09-15 12:29:00,1574.4,1574.4,1574.0,1574.0,-0.03,45.03,70199.64,-1
2024-09-15,2024-09-15 12:30:00,1574.0,1574.0,1573.6,1573.6,-0.03,45.03,70199.64,-1
2024-09-15,2024-09-15 12:31:00,1573.6,1573.6,1573.2,1573.2,-0.03,45.03,70199.64,-1
2024-09-15,2024-09-15 12:32:00,1573.2,1573.2,1572.8,1572.8,-0.03,45.03,70199.64,-1
2024-09-15,2024-09-15 12:33:00,1572.8,1572.8,1572.4,1572.4,-0.03,45.03,70199.64,-1
2024-09-15,2024-09-15 12:34:00,1572.4,1572.4,1572.0,1572.0,-0.03,45.03,70199.64,-1
2024-09-15,2024-09-15 12:35:00,1572.0,1572.0,1571.6,1571.6,-0.03,45.03,70199.64,-1
2024-09-15,2024-09-15 12:36:00,1571.6,1571.6,1571.2,1571.2,-0.03,45.03,70199.64,-1
2024-09-15,2024-09-15 12:37:00,1571.2,1571.2,1570.8,1570.8,-0.03,45.03,70199.64,-1
2024-09-15,2024-09-15 12:38:00,1570.8,1570.8,1570.4,1570.4,-0.03,45.03,70199.64,-1
2024-09-15,2024-09-15 12:39:00,1570.4,1570.4,1570.0,1570.0,-0.03,45.03,70199.64,-1
2024-09-15,2024-09-15 12:40:00,1570.0,1570.0,1569.6,1569.6,-0.03,45.03,70199.64,-1
2024-09-15,2024-09-15 12:41:00,1569.6,1569.6,1569.2,1569.2,-0.03,45.03,70199.64,-1
2024-09-15,2024-09-15 12:42:00,1569.2,1569.2,1568.8,1568.8,-0.03,45.03,70199.64,-1
2024-09-15,2024-09-15 12:43:00,1568.8,1568.8,1568.4,1568.4,-0.03,45.03,70199.64,-1
2024-09-15,2024-09-15 12:44:00,1568.4,1568.4,1568.0,1568.0,-0.03,45.03,70199.64,-1
2024-09-15,2024-09-15 12:45:00,1568.0,1568.0,1567.6,1567.6,-0.03,45.03,70199.64,-1
2024-09-15,2024-09-15 12:46:00,1567.6,1567.6,1567.2,1567.2,-0.03,45.03,70199.64,-1
2024-09-15,2024-09-15 12:47:00,1567.2,1567.2,1566.8,1566.8,-0.03,45.03,70199.64,-1
2024-09-15,2024-09-15 12:48:00,1566.8,1566.8,1566.4,1566.4,-0.03,45.03,70199.64,-1
2024-09-15,2024-09-15 12:49:00,1566.4,1566.4,1566.0,1566.0,-0.03,45.03,70199.64,-1
2024-09-15,2024-09-15 12:50:00,1566.0,1566.0,1565.6,1565.6,-0.03,45.03,70199.64,-1
2024-09-15,2024-09-15 12:51:00,1565.6,1565.6,1565.2,1565.2,-0.03,45.03,70199.64,-1
2024-09-15,2024-09-15 12:52:00,1565.2,1565.2,1564.8,1564.8,-0.03,45.03,70199.64,-1
2024-09-15,2024-09-15 12:53:00,1564.8,1564.8,1564.4,1564.4,-0.03,45.03,70199.64,-1
2024-09-15,2024-09-15 12:54:00,1564.4,1564.4,1564.0,1564.0,-0.03,45.03,70199.64,-1
2024-09-15,2024-09-15 12:55:00,1564.0,1564.0,1563.6,1563.6,-0.03,45.03,70199.64,-1
2024-09-15,2024-09-15 12:56:00,1563.6,1563.6,1563.2,1563.2,-0.03,45.03,70199.64,-1
2024-09-15,2024-09-15 12:57:00,1563.2,1563.2,1562.8,1562.8,-0.03,45.03,70199.64,-1
2024-09-15,2024-09-15 12:58:00,1562.8,1562.8,1562.4,1562.4,-0.03,45.03,70199.64,-1
2024-09-15,2024-09-15 12:59:00,1562.4,1562.4,1562.0,1562.0,-0.03,45.03,70199.64,-1
2024-09-15,2024-09-15 13:00:00,1562.0,1610.0,1514.0,1561.6,-0.03,45.03,70199.64,-1
2024-09-15,2024-09-15 13:01:00,1561.6,1561.6,1561.2,1561.2,-0.03,45.03,70199.64,-1
2024-09-15,2024-09-15 13:02:00,1561.2,1561.2,1560.8,1560.8,-0.03,45.03,70199.64,-1
2024-09-15,2024-09-15 13:03:00,1560.8,1560.8,1560.4,1560.4,-0.03,45.03,70199.64,-1
2024-09-15,2024-09-15 13:04:00,1560.4,1560.4,1560.0,1560.0,-0.03,45.03,70199.64,-1
2024-09-15,2024-09-15 13:05:00,1560.0,1560.0,1559.6,1559.6,-0.03,45.03,70199.64,-1
2024-09-15,2024-09-15 13:06:00,1559.6,1559.6,1559.2,1559.2,-0.03,45.03,70199.64,-1
2024-09-15,2024-09-15 13:07:00,1559.2,1559.2,1558.8,1558.8,-0.03,45.03,70199.64,-1
2024-09-15,2024-09-15 13:08:00,1558.8,1558.8,1558.4,1558.4,-0.03,45.03,70199.64,-1
2024-09-15,2024-09-15 13:09:00,1558.4,1558.4,1558.0,1558.0,-0.03,45.03,70199.64,-1
2024-09-15,2024-09-15 13:10:00,1558.0,1558.0,1557.6,1557.6,-0.03,45.03,70199.64,-1
2024-09-15,2024-09-15 13:11:00,1557.6,1557.6,1557.2,1557.2,-0.03,45.03,70199.64,-1
2024-09-15,2024-09-15 13:12:00,1557.2,1557.2,1556.8,1556.8,-0.03,45.03,70199.64,-1
2024-09-15,2024-09-15 13:13:00,1556.8,1556.8,1556.4,1556.4,-0.03,45.03,70199.64,-1
2024-09-15,2024-09-15 13:14:00,1556.4,1556.4,1556.0,1556.0,-0.03,45.03,70199.64,-1
2024-09-15,2024-09-15 13:15:00,1556.0,1556.0,1555.6,1555.6,-0.03,45.03,70199.64,-1
2024-09-15,2024-09-15 13:16:00,1555.6,1555.6,1555.2,1555.2,-0.03,45.03,70199.64,-1
2024-09-15,2024-09-15 13:17:00,1555.2,1555.2,1554.8,1554.8,-0.03,45.03,70199.64,-1
2024-09-15,2024-09-15 13:18:00,1554.8,1554.8,1554.4,1554.4,-0.03,45.03,70199.64,-1
2024-09-15,2024-09-15 13:19:00,1554.4,1554.4,1554.0,1554.0,-0.03,45.03,70199.64,-1
2024-09-15,2024-09-15 13:20:00,1554.0,1554.0,1553.6,1553.6,-0.03,45.03,70199.64,-1
2024-09-15,2024-09-15 13:21:00,1553.6,1553.6,1553.2,1553.2,-0.03,45.03,70199.64,-1
2024-09-15,2024-09-15 13:22:00,1553.2,1553.2,1552.8,1552.8,-0.03,45.03,70199.64,-1
2024-09-15,2024-09-15 13:23:00,1552.8,1552.8,1552.4,1552.4,-0.03,45.03,70199.64,-1
2024-09-15,2024-09-15 13:24:00,1552.4,1552.4,1552.0,1552.0,-0.03,45.03,70199.64,-1
2024-09-15,2024-09-15 13:25:00,1552.0,1552.0,1551.6,1551.6,-0.03,45.03,70199.64,-1
2024-09-15,2024-09-15 13:26:00,1551.6,1551.6,1551.2,1551.2,-0.03,45.03,70199.64,-1
2024-09-15,2024-09-15 13:27:00,1551.2,1551.2,1550.8,1550.8,-0.03,45.03,70199.64,-1
2024-09-15,2024-09-15 13:28:00,1550.8,1550.8,1550.4,1550.4,-0.03,45.03,70199.64,-1
2024-09-15,2024-09-15 13:29:00,1550.4,1550.4,1550.0,1550.0,-0.03,45.03,70199.64,-1
2024-09-15,2024-09-15 13:30:00,1550.0,1550.0,1549.6,1549.6,-0.03,45.03,70199.64,-1
2024-09-15,2024-09-15 13:31:00,1549.6,1549.6,1549.2,1549.2,-0.03,45.03,70199.64,-1
2024-09-15,2024-09-15 13:32:00,1549.2,1549.2,1548.8,1548.8,-0.03,45.03,70199.64,-1
2024-09-15,2024-09-15 13:33:00,1548.8,1548.8,1548.4,1548.4,-0.03,45.03,70199.64,-1
2024-09-15,2024-09-15 13:34:00,1548.4,1548.4,1548.0,1548.0,-0.03,45.03,70199.64,-1
2024-09-15,2024-09-15 13:35:00,1548.0,1548.0,1547.6,1547.6,-0.03,45.03,70199.64,-1
2024-09-15,2024-09-15 13:36:00,1547.6,1547.6,1547.2,1547.2,-0.03,45.03,70199.64,-1
2024-09-15,2024-09-15 13:37:00,1547.2,1547.2,1546.8,1546.8,-0.03,45.03,70199.64,-1
2024-09-15,2024-09-15 13:38:00,1546.8,1546.8,1546.4,1546.4,-0.03,45.03,70199.64,-1
2024-09-15,2024-09-15 13:39:00,1546.4,1546.4,1546.0,1546.0,-0.03,45.03,70199.64,-1
2024-09-15,2024-09-15 13:40:00,1546.0,1546.0,1545.6,1545.6,-0.03,45.03,70199.64,-1
2024-09-15,2024-09-15 13:41:00,1545.6,1545.6,1545.2,1545.2,-0.03,45.03,70199.64,-1
2024-09-15,2024-09-15 13:42:00,1545.2,1545.2,1544.8,1544.8,-0.03,45.03,70199.64,-1
2024-09-15,2024-09-15 13:43:00,1544.8,1544.8,1544.4,1544.4,-0.03,45.03,70199.64,-1
2024-09-15,2024-09-15 13:44:00,1544.4,1544.4,1544.0,1544.0,-0.03,45.03,70199.64,-1
2024-09-15,2024-09-15 13:45:00,1544.0,1544.0,1543.6,1543.6,-0.03,45.03,70199.64,-1
2024-09-15,2024-09-15 13:46:00,1543.6,1543.6,1543.2,1543.2,-0.03,45.03,70199.64,-1
2024-09-15,2024-09-15 13:47:00,1543.2,1543.2,1542.8,1542.8,-0.03,45.03,70199.64,-1
2024-09-15,2024-09-15 13:48:00,1542.8,1542.8,1542.4,1542.4,-0.03,45.03,70199.64,-1
2024-09-15,2024-09-15 13:49:00,1542.4,1542.4,1542.0,1542.0,-0.03,45.03,70199.64,-1
2024-09-15,2024-09-15 13:50:00,1542.0,1542.0,1541.6,1541.6,-0.03,45.03,70199.64,-1
2024-09-15,2024-09-15 13:51:00,1541.6,1541.6,1541.2,1541.2,-0.03,45.03,70199.64,-1
2024-09-15,2024-09-15 13:52:00,1541.2,1541.2,1540.8,1540.8,-0.03,45.03,70199.64,-1
2024-09-15,2024-09-15 13:53:00,1540.8,1540.8,1540.4,1540.4,-0.03,45.03,70199.64,-1
2024-09-15,2024-09-15 13:54:00,1540.4,1540.4,1540.0,1540.0,-0.03,45.03,70199.64,-1
2024-09-15,2024-09-15 13:55:00,1540.0,1540.0,1539.6,1539.6,-0.03,45.03,70199.64,-1
2024-09-15,2024-09-15 13:56:00,1539.6,1539.6,1539.2,1539.2,-0.03,45.03,70199.64,-1
2024-09-15,2024-09-15 13:57:00,1539.2,1539.2,1538.8,1538.8,-0.03,45.03,70199.64,-1
2024-09-15,2024-09-15 13:58:00,1538.8,1538.8,1538.4,1538.4,-0.03,45.03,70199.64,-1
2024-09-15,2024-09-15 13:59:00,1538.4,1538.4,1538.0,1538.0,-0.03,45.03,70199.64,-1
2024-09-15,2024-09-15 14:00:00,1538.0,1538.0,1537.6,1537.6,-0.03,45.03,70199.64,-1
2024-09-15,2024-09-15 14:01:00,1537.6,1537.6,1537.2,1537.2,-0.03,45.03,70199.64,-1
2024-09-15,2024-09-15 14:02:00,1537.2,1537.2,1536.8,1536.8,-0.03,45.03,70199.64,-1
2024-09-15,2024-09-15 14:03:00,1536.8,1536.8,1536.4,1536.4,-0.03,45.03,70199.64,-1
2024-09-15,2024-09-15 14:04:00,1536.4,1536.4,1536.0,1536.0,-0.03,45.03,70199.64,-1
2024-09-15,2024-09-15 14:05:00,1536.0,1536.0,1535.6,1535.6,-0.03,45.03,70199.64,-1
2024-09-15,2024-09-15 14:06:00,1535.6,1535.6,1535.2,1535.2,-0.03,45.03,70199.64,-1
2024-09-15,2024-09-15 14:07:00,1535.2,1535.2,1534.8,1534.8,-0.03,45.03,70199.64,-1
2024-09-15,2024-09-15 14:08:00,1534.8,1534.8,1534.4,1534.4,-0.03,45.03,70199.64,-1
2024-09-15,2024-09-15 14:09:00,1534.4,1534.4,1534.0,1534.0,-0.03,45.03,70199.64,-1
2024-09-15,2024-09-15 14:10:00,1534.0,1534.0,1533.6,1533.6,-0.03,45.03,70199.64,-1
2024-09-15,2024-09-15 14:11:00,1533.6,1533.6,1533.2,1533.2,-0.03,45.03,70199.64,-1
2024-09-15,2024-09-15 14:12:00,1533.2,1533.2,1532.8,1532.8,-0.03,45.03,70199.64,-1
2024-09-15,2024-09-15 14:13:00,1532.8,1532.8,1532.4,1532.4,-0.03,45.03,70199.64,-1
2024-09-15,2024-09-15 14:14:00,1532.4,1532.4,1532.0,1532.0,-0.03,45.03,70199.64,-1
2024-09-15,2024-09-15 14:15:00,1532.0,1532.0,1531.6,1531.6,-0.03,45.03,70199.64,-1
2024-09-15,2024-09-15 14:16:00,1531.6,1531.6,1531.2,1531.2,-0.03,45.03,70199.64,-1
2024-09-15,2024-09-15 14:17:00,1531.2,1531.2,1530.8,1530.8,-0.03,45.03,70199.64,-1
2024-09-15,2024-09-15 14:18:00,1530.8,1530.8,1530.4,1530.4,-0.03,45.03,70199.64,-1
2024-09-15,2024-09-15 14:19:00,1530.4,1530.4,1530.0,1530.0,-0.03,45.03,70199.64,-1
2024-09-15,2024-09-15 14:20:00,1530.0,1530.0,1529.6,1529.6,-0.03,45.03,70199.64,-1
2024-09-15,2024-09-15 14:21:00,1529.6,1529.6,1529.2,1529.2,-0.03,45.03,70199.64,-1
2024-09-15,2024-09-15 14:22:00,1529.2,1529.2,1528.8,1528.8,-0.03,45.03,70199.64,-1
2024-09-15,2024-09-15 14:23:00,1528.8,1528.8,1528.4,1528.4,-0.03,45.03,70199.64,-1
2024-09-15,2024-09-15 14:24:00,1528.4,1528.4,1528.0,1528.0,-0.03,45.03,70199.64,-1
2024-09-15,2024-09-15 14:25:00,1528.0,1528.0,1527.6,1527.6,-0.03,45.03,70199.64,-1
2024-09-15,2024-09-15 14:26:00,1527.6,1527.6,1527.2,1527.2,-0.03,45.03,70199.64,-1
2024-09-15,2024-09-15 14:27:00,1527.2,1527.2,1526.8,1526.8,-0.03,45.03,70199.64,-1
2024-09-15,2024-09-15 14:28:00,1526.8,1526.8,1526.4,1526.4,-0.03,45.03,70199.64,-1
2024-09-15,2024-09-15 14:29:00,1526.4,1526.4,1526.0,1526.0,-0.03,45.03,70199.64,-1
2024-09-15,2024-09-15 14:30:00,1526.0,1526.0,1525.6,1525.6,-0.03,45.03,70199.64,-1
2024-09-15,2024-09-15 14:31:00,1525.6,1525.6,1525.2,1525.2,-0.03,45.03,70199.64,-1
2024-09-15,2024-09-15 14:32:00,1525.2,1525.2,1524.8,1524.8,-0.03,45.03,70199.64,-1
2024-09-15,2024-09-15 14:33:00,1524.8,1524.8,1524.4,1524.4,-0.03,45.03,70199.64,-1
2024-09-15,2024-09-15 14:34:00,1524.4,1524.4,1524.0,1524.0,-0.03,45.03,70199.64,-1
2024-09-15,2024-09-15 14:35:00,1524.0,1524.0,1523.6,1523.6,-0.03,45.03,70199.64,-1
2024-09-15,2024-09-15 14:36:00,1523.6,1523.6,1523.2,1523.2,-0.03,45.03,70199.64,-1
2024-09-15,2024-09-15 14:37:00,1523.2,1523.2,1522.8,1522.8,-0.03,45.03,70199.64,-1
2024-09-15,2024-09-15 14:38:00,1522.8,1522.8,1522.4,1522.4,-0.03,45.03,70199.64,-1
2024-09-15,2024-09-15 14:39:00,1522.4,1522.4,1522.0,1522.0,-0.03,45.03,70199.64,-1
2024-09-15,2024-09-15 14:40:00,1522.0,1522.0,1521.6,1521.6,-0.03,45.03,70199.64,-1
2024-09-15,2024-09-15 14:41:00,1521.6,1521.6,1521.2,1521.2,-0.03,45.03,70199.64,-1
2024-09-15,2024-09-15 14:42:00,1521.2,1521.2,1520.8,1520.8,-0.03,45.03,70199.64,-1
2024-09-15,2024-09-15 14:43:00,1520.8,1520.8,1520.4,1520.4,-0.03,45.03,70199.64,-1
2024-09-15,2024-09-15 14:44:00,1520.4,1520.4,1520.0,1520.0,-0.03,45.03,70199.64,-1
2024-09-15,2024-09-15 14:45:00,1520.0,1520.0,1519.6,1519.6,-0.03,45.03,70199.64,-1
2024-09-15,2024-09-15 14:46:00,1519.6,1519.6,1519.2,1519.2,-0.03,45.03,70199.64,-1
2024-09-15,2024-09-15 14:47:00,1519.2,1519.2,1518.8,1518.8,-0.03,45.03,70199.64,-1
2024-09-15,2024-09-15 14:48:00,1518.8,1518.8,1518.4,1518.4,-0.03,45.03,70199.64,-1
2024-09-15,2024-09-15 14:49:00,1518.4,1518.4,1518.0,1518.0,-0.03,45.03,70199.64,-1
2024-09-15,2024-09-15 14:50:00,1518.0,1518.0,1517.6,1517.6,-0.03,45.03,70199.64,-1
2024-09-15,2024-09-15 14:51:00,1517.6,1517.6,1517.2,1517.2,-0.03,45.03,70199.64,-1
2024-09-15,2024-09-15 14:52:00,1517.2,1517.2,1516.8,1516.8,-0.03,45.03,70199.64,-1
2024-09-15,2024-09-15 14:53:00,1516.8,1516.8,1516.4,1516.4,-0.03,45.03,70199.64,-1
2024-09-15,2024-09-15 14:54:00,1516.4,1516.4,1516.0,1516.0,-0.03,45.03,70199.64,-1
2024-09-15,2024-09-15 14:55:00,1516.0,1516.0,1515.6,1515.6,-0.03,45.03,70199.64,-1
2024-09-15,2024-09-15 14:56:00,1515.6,1515.6,1515.2,1515.2,-0.03,45.03,70199.64,-1
2024-09-15,2024-09-15 14:57:00,1515.2,1515.2,1514.8,1514.8,-0.03,45.03,70199.64,-1
2024-09-15,2024-09-15 14:58:00,1514.8,1514.8,1514.4,1514.4,-0.03,45.03,70199.64,-1
2024-09-15,2024-09-15 14:59:00,1514.4,1514.4,1514.0,1514.0,-0.03,45.03,70199.64,-1
2024-09-15,2024-09-15 15:00:00,1514.0,1610.0,1514.0,1514.0,0.0,45.03,70199.64,0
2024-09-16,2024-09-16 11:00:00,1514.0,1518.8,1499.36,1513.91,-0.01,21.52,32109.6,-1
2024-09-16,2024-09-16 11:01:00,1513.91,1513.91,1513.82,1513.82,-0.01,21.52,32109.6,-1
2024-09-16,2024-09-16 11:02:00,1513.82,1513.82,1513.72,1513.72,-0.01,21.52,32109.6,-1
2024-09-16,2024-09-16 11:03:00,1513.72,1513.72,1513.63,1513.63,-0.01,21.52,32109.6,-1
2024-09-16,2024-09-16 11:04:00,1513.63,1513.63,1513.54,1513.54,-0.01,21.52,32109.6,-1
2024-09-16,2024-09-16 11:05:00,1513.54,1513.54,1513.45,1513.45,-0.01,21.52,32109.6,-1
2024-09-16,2024-09-16 11:06:00,1513.45,1513.45,1513.36,1513.36,-0.01,21.52,32109.6,-1
2024-09-16,2024-09-16 11:07:00,1513.36,1513.36,1513.27,1513.27,-0.01,21.52,32109.6,-1
2024-09-16,2024-09-16 11:08:00,1513.27,1513.27,1513.17,1513.17,-0.01,21.52,32109.6,-1
2024-09-16,2024-09-16 11:09:00,1513.17,1513.17,1513.08,1513.08,-0.01,21.52,32109.6,-1
2024-09-16,2024-09-16 11:10:00,1513.08,1513.08,1512.99,1512.99,-0.01,21.52,32109.6,-1
2024-09-16,2024-09-16 11:11:00,1512.99,1512.99,1512.9,1512.9,-0.01,21.52,32109.6,-1
2024-09-16,2024-09-16 11:12:00,1512.9,1512.9,1512.81,1512.81,-0.01,21.52,32109.6,-1
2024-09-16,2024-09-16 11:13:00,1512.81,1512.81,1512.72,1512.72,-0.01,21.52,32109.6,-1
2024-09-16,2024-09-16 11:14:00,1512.72,1512.72,1512.62,1512.62,-0.01,21.52,32109.6,-1
2024-09-16,2024-09-16 11:15:00,1512.62,1512.62,1512.53,1512.53,-0.01,21.52,32109.6,-1
2024-09-16,2024-09-16 11:16:00,1512.53,1512.53,1512.44,1512.44,-0.01,21.52,32109.6,-1
2024-09-16,2024-09-16 11:17:00,1512.44,1512.44,1512.35,1512.35,-0.01,21.52,32109.6,-1
2024-09-16,2024-09-16 11:18:00,1512.35,1512.35,1512.26,1512.26,-0.01,21.52,32109.6,-1
2024-09-16,2024-09-16 11:19:00,1512.26,1512.26,1512.17,1512.17,-0.01,21.52,32109.6,-1
2024-09-16,2024-09-16 11:20:00,1512.17,1512.17,1512.08,1512.08,-0.01,21.52,32109.6,-1
2024-09-16,2024-09-16 11:21:00,1512.08,1512.08,1511.98,1511.98,-0.01,21.52,32109.6,-1
2024-09-16,2024-09-16 11:22:00,1511.98,1511.98,1511.89,1511.89,-0.01,21.52,32109.6,-1
2024-09-16,2024-09-16 11:23:00,1511.89,1511.89,1511.8,1511.8,-0.01,21.52,32109.6,-1
2024-09-16,2024-09-16 11:24:00,1511.8,1511.8,1511.71,1511.71,-0.01,21.52,32109.6,-1
2024-09-16,2024-09-16 11:25:00,1511.71,1511.71,1511.62,1511.62,-0.01,21.52,32109.6,-1
2024-09-16,2024-09-16 11:26:00,1511.62,1511.62,1511.53,1511.53,-0.01,21.52,32109.6,-1
2024-09-16,2024-09-16 11:27:00,1511.53,1511.53,1511.43,1511.43,-0.01,21.52,32109.6,-1
2024-09-16,2024-09-16 11:28:00,1511.43,1511.43,1511.34,1511.34,-0.01,21.52,32109.6,-1
2024-09-16,2024-09-16 11:29:00,1511.34,1511.34,1511.25,1511.25,-0.01,21.52,32109.6,-1
2024-09-16,2024-09-16 11:30:00,1511.25,1511.25,1511.16,1511.16,-0.01,21.52,32109.6,-1
2024-09-16,2024-09-16 11:31:00,1511.16,1511.16,1511.07,1511.07,-0.01,21.52,32109.6,-1
2024-09-16,2024-09-16 11:32:00,1511.07,1511.07,1510.97,1510.97,-0.01,21.52,32109.6,-1
2024-09-16,2024-09-16 11:33:00,1510.97,1510.97,1510.88,1510.88,-0.01,21.52,32109.6,-1
2024-09-16,2024-09-16 11:34:00,1510.88,1510.88,1510.79,1510.79,-0.01,21.52,32109.6,-1
2024-09-16,2024-09-16 11:35:00,1510.79,1510.79,1510.7,1510.7,-0.01,21.52,32109.6,-1
2024-09-16,2024-09-16 11:36:00,1510.7,1510.7,1510.61,1510.61,-0.01,21.52,32109.6,-1
2024-09-16,2024-09-16 11:37:00,1510.61,1510.61,1510.52,1510.52,-0.01,21.52,32109.6,-1
2024-09-16,2024-09-16 11:38:00,1510.52,1510.52,1510.42,1510.42,-0.01,21.52,32109.6,-1
2024-09-16,2024-09-16 11:39:00,1510.42,1510.42,1510.33,1510.33,-0.01,21.52,32109.6,-1
2024-09-16,2024-09-16 11:40:00,1510.33,1510.33,1510.24,1510.24,-0.01,21.52,32109.6,-1
2024-09-16,2024-09-16 11:41:00,1510.24,1510.24,1510.15,1510.15,-0.01,21.52,32109.6,-1
2024-09-16,2024-09-16 11:42:00,1510.15,1510.15,1510.06,1510.06,-0.01,21.52,32109.6,-1
2024-09-16,2024-09-16 11:43:00,1510.06,1510.06,1509.97,1509.97,-0.01,21.52,32109.6,-1
2024-09-16,2024-09-16 11:44:00,1509.97,1509.97,1509.88,1509.88,-0.01,21.52,32109.6,-1
2024-09-16,2024-09-16 11:45:00,1509.88,1509.88,1509.78,1509.78,-0.01,21.52,32109.6,-1
2024-09-16,2024-09-16 11:46:00,1509.78,1509.78,1509.69,1509.69,-0.01,21.52,32109.6,-1
2024-09-16,2024-09-16 11:47:00,1509.69,1509.69,1509.6,1509.6,-0.01,21.52,32109.6,-1
2024-09-16,2024-09-16 11:48:00,1509.6,1509.6,1509.51,1509.51,-0.01,21.52,32109.6,-1
2024-09-16,2024-09-16 11:49:00,1509.51,1509.51,1509.42,1509.42,-0.01,21.52,32109.6,-1
2024-09-16,2024-09-16 11:50:00,1509.42,1509.42,1509.33,1509.33,-0.01,21.52,32109.6,-1
2024-09-16,2024-09-16 11:51:00,1509.33,1509.33,1509.23,1509.23,-0.01,21.52,32109.6,-1
2024-09-16,2024-09-16 11:52:00,1509.23,1509.23,1509.14,1509.14,-0.01,21.52,32109.6,-1
2024-09-16,2024-09-16 11:53:00,1509.14,1509.14,1509.05,1509.05,-0.01,21.52,32109.6,-1
2024-09-16,2024-09-16 11:54:00,1509.05,1509.05,1508.96,1508.96,-0.01,21.52,32109.6,-1
2024-09-16,2024-09-16 11:55:00,1508.96,1508.96,1508.87,1508.87,-0.01,21.52,32109.6,-1
2024-09-16,2024-09-16 11:56:00,1508.87,1508.87,1508.78,1508.78,-0.01,21.52,32109.6,-1
2024-09-16,2024-09-16 11:57:00,1508.78,1508.78,1508.68,1508.68,-0.01,21.52,32109.6,-1
2024-09-16,2024-09-16 11:58:00,1508.68,1508.68,1508.59,1508.59,-0.01,21.52,32109.6,-1
2024-09-16,2024-09-16 11:59:00,1508.59,1508.59,1508.5,1508.5,-0.01,21.52,32109.6,-1
2024-09-16,2024-09-16 12:00:00,1508.5,1508.5,1508.41,1508.41,-0.01,21.52,32109.6,-1
2024-09-16,2024-09-16 12:01:00,1508.41,1508.41,1508.32,1508.32,-0.01,21.52,32109.6,-1
2024-09-16,2024-09-16 12:02:00,1508.32,1508.32,1508.22,1508.22,-0.01,21.52,32109.6,-1
2024-09-16,2024-09-16 12:03:00,1508.22,1508.22,1508.13,1508.13,-0.01,21.52,32109.6,-1
2024-09-16,2024-09-16 12:04:00,1508.13,1508.13,1508.04,1508.04,-0.01,21.52,32109.6,-1
2024-09-16,2024-09-16 12:05:00,1508.04,1508.04,1507.95,1507.95,-0.01,21.52,32109.6,-1
2024-09-16,2024-09-16 12:06:00,1507.95,1507.95,1507.86,1507.86,-0.01,21.52,32109.6,-1
2024-09-16,2024-09-16 12:07:00,1507.86,1507.86,1507.77,1507.77,-0.01,21.52,32109.6,-1
2024-09-16,2024-09-16 12:08:00,1507.77,1507.77,1507.67,1507.67,-0.01,21.52,32109.6,-1
2024-09-16,2024-09-16 12:09:00,1507.67,1507.67,1507.58,1507.58,-0.01,21.52,32109.6,-1
2024-09-16,2024-09-16 12:10:00,1507.58,1507.58,1507.49,1507.49,-0.01,21.52,32109.6,-1
2024-09-16,2024-09-16 12:11:00,1507.49,1507.49,1507.4,1507.4,-0.01,21.52,32109.6,-1
2024-09-16,2024-09-16 12:12:00,1507.4,1507.4,1507.31,1507.31,-0.01,21.52,32109.6,-1
2024-09-16,2024-09-16 12:13:00,1507.31,1507.31,1507.22,1507.22,-0.01,21.52,32109.6,-1
2024-09-16,2024-09-16 12:14:00,1507.22,1507.22,1507.12,1507.12,-0.01,21.52,32109.6,-1
2024-09-16,2024-09-16 12:15:00,1507.12,1507.12,1507.03,1507.03,-0.01,21.52,32109.6,-1
2024-09-16,2024-09-16 12:16:00,1507.03,1507.03,1506.94,1506.94,-0.01,21.52,32109.6,-1
2024-09-16,2024-09-16 12:17:00,1506.94,1506.94,1506.85,1506.85,-0.01,21.52,32109.6,-1
2024-09-16,2024-09-16 12:18:00,1506.85,1506.85,1506.76,1506.76,-0.01,21.52,32109.6,-1
2024-09-16,2024-09-16 12:19:00,1506.76,1506.76,1506.67,1506.67,-0.01,21.52,32109.6,-1
2024-09-16,2024-09-16 12:20:00,1506.67,1506.67,1506.58,1506.58,-0.01,21.52,32109.6,-1
2024-09-16,2024-09-16 12:21:00,1506.58,1506.58,1506.48,1506.48,-0.01,21.52,32109.6,-1
2024-09-16,2024-09-16 12:22:00,1506.48,1506.48,1506.39,1506.39,-0.01,21.52,32109.6,-1
2024-09-16,2024-09-16 12:23:00,1506.39,1506.39,1506.3,1506.3,-0.01,21.52,32109.6,-1
2024-09-16,2024-09-16 12:24:00,1506.3,1506.3,1506.21,1506.21,-0.01,21.52,32109.6,-1
2024-09-16,2024-09-16 12:25:00,1506.21,1506.21,1506.12,1506.12,-0.01,21.52,32109.6,-1
2024-09-16,2024-09-16 12:26:00,1506.12,1506.12,1506.03,1506.03,-0.01,21.52,32109.6,-1
2024-09-16,2024-09-16 12:27:00,1506.03,1506.03,1505.93,1505.93,-0.01,21.52,32109.6,-1
2024-09-16,2024-09-16 12:28:00,1505.93,1505.93,1505.84,1505.84,-0.01,21.52,32109.6,-1
2024-09-16,2024-09-16 12:29:00,1505.84,1505.84,1505.75,1505.75,-0.01,21.52,32109.6,-1
2024-09-16,2024-09-16 12:30:00,1505.75,1505.75,1505.66,1505.66,-0.01,21.52,32109.6,-1
2024-09-16,2024-09-16 12:31:00,1505.66,1505.66,1505.57,1505.57,-0.01,21.52,32109.6,-1
2024-09-16,2024-09-16 12:32:00,1505.57,1505.57,1505.47,1505.47,-0.01,21.52,32109.6,-1
2024-09-16,2024-09-16 12:33:00,1505.47,1505.47,1505.38,1505.38,-0.01,21.52,32109.6,-1
2024-09-16,2024-09-16 12:34:00,1505.38,1505.38,1505.29,1505.29,-0.01,21.52,32109.6,-1
2024-09-16,2024-09-16 12:35:00,1505.29,1505.29,1505.2,1505.2,-0.01,21.52,32109.6,-1
2024-09-16,2024-09-16 12:36:00,1505.2,1505.2,1505.11,1505.11,-0.01,21.52,32109.6,-1
2024-09-16,2024-09-16 12:37:00,1505.11,1505.11,1505.02,1505.02,-0.01,21.52,32109.6,-1
2024-09-16,2024-09-16 12:38:00,1505.02,1505.02,1504.92,1504.92,-0.01,21.52,32109.6,-1
2024-09-16,2024-09-16 12:39:00,1504.92,1504.92,1504.83,1504.83,-0.01,21.52,32109.6,-1
2024-09-16,2024-09-16 12:40:00,1504.83,1504.83,1504.74,1504.74,-0.01,21.52,32109.6,-1
2024-09-16,2024-09-16 12:41:00,1504.74,1504.74,1504.65,1504.65,-0.01,21.52,32109.6,-1
2024-09-16,2024-09-16 12:42:00,1504.65,1504.65,1504.56,1504.56,-0.01,21.52,32109.6,-1
2024-09-16,2024-09-16 12:43:00,1504.56,1504.56,1504.47,1504.47,-0.01,21.52,32109.6,-1
2024-09-16,2024-09-16 12:44:00,1504.47,1504.47,1504.38,1504.38,-0.01,21.52,32109.6,-1
2024-09-16,2024-09-16 12:45:00,1504.38,1504.38,1504.28,1504.28,-0.01,21.52,32109.6,-1
2024-09-16,2024-09-16 12:46:00,1504.28,1504.28,1504.19,1504.19,-0.01,21.52,32109.6,-1
2024-09-16,2024-09-16 12:47:00,1504.19,1504.19,1504.1,1504.1,-0.01,21.52,32109.6,-1
2024-09-16,2024-09-16 12:48:00,1504.1,1504.1,1504.01,1504.01,-0.01,21.52,32109.6,-1
2024-09-16,2024-09-16 12:49:00,1504.01,1504.01,1503.92,1503.92,-0.01,21.52,32109.6,-1
2024-09-16,2024-09-16 12:50:00,1503.92,1503.92,1503.83,1503.83,-0.01,21.52,32109.6,-1
2024-09-16,2024-09-16 12:51:00,1503.83,1503.83,1503.73,1503.73,-0.01,21.52,32109.6,-1
2024-09-16,2024-09-16 12:52:00,1503.73,1503.73,1503.64,1503.64,-0.01,21.52,32109.6,-1
2024-09-16,2024-09-16 12:53:00,1503.64,1503.64,1503.55,1503.55,-0.01,21.52,32109.6,-1
2024-09-16,2024-09-16 12:54:00,1503.55,1503.55,1503.46,1503.46,-0.01,21.52,32109.6,-1
2024-09-16,2024-09-16 12:55:00,1503.46,1503.46,1503.37,1503.37,-0.01,21.52,32109.6,-1
2024-09-16,2024-09-16 12:56:00,1503.37,1503.37,1503.28,1503.28,-0.01,21.52,32109.6,-1
2024-09-16,2024-09-16 12:57:00,1503.28,1503.28,1503.18,1503.18,-0.01,21.52,32109.6,-1
2024-09-16,2024-09-16 12:58:00,1503.18,1503.18,1503.09,1503.09,-0.01,21.52,32109.6,-1
2024-09-16,2024-09-16 12:59:00,1503.09,1503.09,1503.0,1503.0,-0.01,21.52,32109.6,-1
2024-09-16,2024-09-16 13:00:00,1503.0,1530.0,1465.2,1502.91,-0.01,21.52,32109.6,-1
2024-09-16,2024-09-16 13:01:00,1502.91,1502.91,1502.82,1502.82,-0.01,21.52,32109.6,-1
2024-09-16,2024-09-16 13:02:00,1502.82,1502.82,1502.72,1502.72,-0.01,21.52,32109.6,-1
2024-09-16,2024-09-16 13:03:00,1502.72,1502.72,1502.63,1502.63,-0.01,21.52,32109.6,-1
2024-09-16,2024-09-16 13:04:00,1502.63,1502.63,1502.54,1502.54,-0.01,21.52,32109.6,-1
2024-09-16,2024-09-16 13:05:00,1502.54,1502.54,1502.45,1502.45,-0.01,21.52,32109.6,-1
2024-09-16,2024-09-16 13:06:00,1502.45,1502.45,1502.36,1502.36,-0.01,21.52,32109.6,-1
2024-09-16,2024-09-16 13:07:00,1502.36,1502.36,1502.27,1502.27,-0.01,21.52,32109.6,-1
2024-09-16,2024-09-16 13:08:00,1502.27,1502.27,1502.17,1502.17,-0.01,21.52,32109.6,-1
2024-09-16,2024-09-16 13:09:00,1502.17,1502.17,1502.08,1502.08,-0.01,21.52,32109.6,-1
2024-09-16,2024-09-16 13:10:00,1502.08,1502.08,1501.99,1501.99,-0.01,21.52,32109.6,-1
2024-09-16,2024-09-16 13:11:00,1501.99,1501.99,1501.9,1501.9,-0.01,21.52,32109.6,-1
2024-09-16,2024-09-16 13:12:00,1501.9,1501.9,1501.81,1501.81,-0.01,21.52,32109.6,-1
2024-09-16,2024-09-16 13:13:00,1501.81,1501.81,1501.72,1501.72,-0.01,21.52,32109.6,-1
2024-09-16,2024-09-16 13:14:00,1501.72,1501.72,1501.62,1501.62,-0.01,21.52,32109.6,-1
2024-09-16,2024-09-16 13:15:00,1501.62,1501.62,1501.53,1501.53,-0.01,21.52,32109.6,-1
2024-09-16,2024-09-16 13:16:00,1501.53,1501.53,1501.44,1501.44,-0.01,21.52,32109.6,-1
2024-09-16,2024-09-16 13:17:00,1501.44,1501.44,1501.35,1501.35,-0.01,21.52,32109.6,-1
2024-09-16,2024-09-16 13:18:00,1501.35,1501.35,1501.26,1501.26,-0.01,21.52,32109.6,-1
2024-09-16,2024-09-16 13:19:00,1501.26,1501.26,1501.17,1501.17,-0.01,21.52,32109.6,-1
2024-09-16,2024-09-16 13:20:00,1501.17,1501.17,1501.08,1501.08,-0.01,21.52,32109.6,-1
2024-09-16,2024-09-16 13:21:00,1501.08,1501.08,1500.98,1500.98,-0.01,21.52,32109.6,-1
2024-09-16,2024-09-16 13:22:00,1500.98,1500.98,1500.89,1500.89,-0.01,21.52,32109.6,-1
2024-09-16,2024-09-16 13:23:00,1500.89,1500.89,1500.8,1500.8,-0.01,21.52,32109.6,-1
2024-09-16,2024-09-16 13:24:00,1500.8,1500.8,1500.71,1500.71,-0.01,21.52,32109.6,-1
2024-09-16,2024-09-16 13:25:00,1500.71,1500.71,1500.62,1500.62,-0.01,21.52,32109.6,-1
2024-09-16,2024-09-16 13:26:00,1500.62,1500.62,1500.53,1500.53,-0.01,21.52,32109.6,-1
2024-09-16,2024-09-16 13:27:00,1500.53,1500.53,1500.43,1500.43,-0.01,21.52,32109.6,-1
2024-09-16,2024-09-16 13:28:00,1500.43,1500.43,1500.34,1500.34,-0.01,21.52,32109.6,-1
2024-09-16,2024-09-16 13:29:00,1500.34,1500.34,1500.25,1500.25,-0.01,21.52,32109.6,-1
2024-09-16,2024-09-16 13:30:00,1500.25,1500.25,1500.16,1500.16,-0.01,21.52,32109.6,-1
2024-09-16,2024-09-16 13:31:00,1500.16,1500.16,1500.07,1500.07,-0.01,21.52,32109.6,-1
2024-09-16,2024-09-16 13:32:00,1500.07,1500.07,1499.97,1499.97,-0.01,21.52,32109.6,-1
2024-09-16,2024-09-16 13:33:00,1499.97,1499.97,1499.88,1499.88,-0.01,21.52,32109.6,-1
2024-09-16,2024-09-16 13:34:00,1499.88,1499.88,1499.79,1499.79,-0.01,21.52,32109.6,-1
2024-09-16,2024-09-16 13:35:00,1499.79,1499.79,1499.7,1499.7,-0.01,21.52,32109.6,-1
2024-09-16,2024-09-16 13:36:00,1499.7,1499.7,1499.61,1499.61,-0.01,21.52,32109.6,-1
2024-09-16,2024-09-16 13:37:00,1499.61,1499.61,1499.52,1499.52,-0.01,21.52,32109.6,-1
2024-09-16,2024-09-16 13:38:00,1499.52,1499.52,1499.42,1499.42,-0.01,21.52,32109.6,-1
2024-09-16,2024-09-16 13:39:00,1499.42,1499.42,1499.33,1499.33,-0.01,21.52,32109.6,-1
2024-09-16,2024-09-16 13:40:00,1499.33,1499.33,1499.24,1499.24,-0.01,21.52,32109.6,-1
2024-09-16,2024-09-16 13:41:00,1499.24,1499.24,1499.15,1499.15,-0.01,21.52,32109.6,-1
2024-09-16,2024-09-16 13:42:00,1499.15,1499.15,1499.06,1499.06,-0.01,21.52,32109.6,-1
2024-09-16,2024-09-16 13:43:00,1499.06,1499.06,1498.97,1498.97,-0.01,21.52,32109.6,-1
2024-09-16,2024-09-16 13:44:00,1498.97,1498.97,1498.88,1498.88,-0.01,21.52,32109.6,-1
2024-09-16,2024-09-16 13:45:00,1498.88,1498.88,1498.78,1498.78,-0.01,21.52,32109.6,-1
2024-09-16,2024-09-16 13:46:00,1498.78,1498.78,1498.69,1498.69,-0.01,21.52,32109.6,-1
2024-09-16,2024-09-16 13:47:00,1498.69,1498.69,1498.6,1498.6,-0.01,21.52,32109.6,-1
2024-09-16,2024-09-16 13:48:00,1498.6,1498.6,1498.51,1498.51,-0.01,21.52,32109.6,-1
2024-09-16,2024-09-16 13:49:00,1498.51,1498.51,1498.42,1498.42,-0.01,21.52,32109.6,-1
2024-09-16,2024-09-16 13:50:00,1498.42,1498.42,1498.33,1498.33,-0.01,21.52,32109.6,-1
2024-09-16,2024-09-16 13:51:00,1498.33,1498.33,1498.23,1498.23,-0.01,21.52,32109.6,-1
2024-09-16,2024-09-16 13:52:00,1498.23,1498.23,1498.14,1498.14,-0.01,21.52,32109.6,-1
2024-09-16,2024-09-16 13:53:00,1498.14,1498.14,1498.05,1498.05,-0.01,21.52,32109.6,-1
2024-09-16,2024-09-16 13:54:00,1498.05,1498.05,1497.96,1497.96,-0.01,21.52,32109.6,-1
2024-09-16,2024-09-16 13:55:00,1497.96,1497.96,1497.87,1497.87,-0.01,21.52,32109.6,-1
2024-09-16,2024-09-16 13:56:00,1497.87,1497.87,1497.78,1497.78,-0.01,21.52,32109.6,-1
2024-09-16,2024-09-16 13:57:00,1497.78,1497.78,1497.68,1497.68,-0.01,21.52,32109.6,-1
2024-09-16,2024-09-16 13:58:00,1497.68,1497.68,1497.59,1497.59,-0.01,21.52,32109.6,-1
2024-09-16,2024-09-16 13:59:00,1497.59,1497.59,1497.5,1497.5,-0.01,21.52,32109.6,-1
2024-09-16,2024-09-16 14:00:00,1497.5,1497.5,1497.41,1497.41,-0.01,21.52,32109.6,-1
2024-09-16,2024-09-16 14:01:00,1497.41,1497.41,1497.32,1497.32,-0.01,21.52,32109.6,-1
2024-09-16,2024-09-16 14:02:00,1497.32,1497.32,1497.22,1497.22,-0.01,21.52,32109.6,-1
2024-09-16,2024-09-16 14:03:00,1497.22,1497.22,1497.13,1497.13,-0.01,21.52,32109.6,-1
2024-09-16,2024-09-16 14:04:00,1497.13,1497.13,1497.04,1497.04,-0.01,21.52,32109.6,-1
2024-09-16,2024-09-16 14:05:00,1497.04,1497.04,1496.95,1496.95,-0.01,21.52,32109.6,-1
2024-09-16,2024-09-16 14:06:00,1496.95,1496.95,1496.86,1496.86,-0.01,21.52,32109.6,-1
2024-09-16,2024-09-16 14:07:00,1496.86,1496.86,1496.77,1496.77,-0.01,21.52,32109.6,-1
2024-09-16,2024-09-16 14:08:00,1496.77,1496.77,1496.67,1496.67,-0.01,21.52,32109.6,-1
2024-09-16,2024-09-16 14:09:00,1496.67,1496.67,1496.58,1496.58,-0.01,21.52,32109.6,-1
2024-09-16,2024-09-16 14:10:00,1496.58,1496.58,1496.49,1496.49,-0.01,21.52,32109.6,-1
2024-09-16,2024-09-16 14:11:00,1496.49,1496.49,1496.4,1496.4,-0.01,21.52,32109.6,-1
2024-09-16,2024-09-16 14:12:00,1496.4,1496.4,1496.31,1496.31,-0.01,21.52,32109.6,-1
2024-09-16,2024-09-16 14:13:00,1496.31,1496.31,1496.22,1496.22,-0.01,21.52,32109.6,-1
2024-09-16,2024-09-16 14:14:00,1496.22,1496.22,1496.12,1496.12,-0.01,21.52,32109.6,-1
2024-09-16,2024-09-16 14:15:00,1496.12,1496.12,1496.03,1496.03,-0.01,21.52,32109.6,-1
2024-09-16,2024-09-16 14:16:00,1496.03,1496.03,1495.94,1495.94,-0.01,21.52,32109.6,-1
2024-09-16,2024-09-16 14:17:00,1495.94,1495.94,1495.85,1495.85,-0.01,21.52,32109.6,-1
2024-09-16,2024-09-16 14:18:00,1495.85,1495.85,1495.76,1495.76,-0.01,21.52,32109.6,-1
2024-09-16,2024-09-16 14:19:00,1495.76,1495.76,1495.67,1495.67,-0.01,21.52,32109.6,-1
2024-09-16,2024-09-16 14:20:00,1495.67,1495.67,1495.58,1495.58,-0.01,21.52,32109.6,-1
2024-09-16,2024-09-16 14:21:00,1495.58,1495.58,1495.48,1495.48,-0.01,21.52,32109.6,-1
2024-09-16,2024-09-16 14:22:00,1495.48,1495.48,1495.39,1495.39,-0.01,21.52,32109.6,-1
2024-09-16,2024-09-16 14:23:00,1495.39,1495.39,1495.3,1495.3,-0.01,21.52,32109.6,-1
2024-09-16,2024-09-16 14:24:00,1495.3,1495.3,1495.21,1495.21,-0.01,21.52,32109.6,-1
2024-09-16,2024-09-16 14:25:00,1495.21,1495.21,1495.12,1495.12,-0.01,21.52,32109.6,-1
2024-09-16,2024-09-16 14:26:00,1495.12,1495.12,1495.03,1495.03,-0.01,21.52,32109.6,-1
2024-09-16,2024-09-16 14:27:00,1495.03,1495.03,1494.93,1494.93,-0.01,21.52,32109.6,-1
2024-09-16,2024-09-16 14:28:00,1494.93,1494.93,1494.84,1494.84,-0.01,21.52,32109.6,-1
2024-09-16,2024-09-16 14:29:00,1494.84,1494.84,1494.75,1494.75,-0.01,21.52,32109.6,-1
2024-09-16,2024-09-16 14:30:00,1494.75,1494.75,1494.66,1494.66,-0.01,21.52,32109.6,-1
2024-09-16,2024-09-16 14:31:00,1494.66,1494.66,1494.57,1494.57,-0.01,21.52,32109.6,-1
2024-09-16,2024-09-16 14:32:00,1494.57,1494.57,1494.47,1494.47,-0.01,21.52,32109.6,-1
2024-09-16,2024-09-16 14:33:00,1494.47,1494.47,1494.38,1494.38,-0.01,21.52,32109.6,-1
2024-09-16,2024-09-16 14:34:00,1494.38,1494.38,1494.29,1494.29,-0.01,21.52,32109.6,-1
2024-09-16,2024-09-16 14:35:00,1494.29,1494.29,1494.2,1494.2,-0.01,21.52,32109.6,-1
2024-09-16,2024-09-16 14:36:00,1494.2,1494.2,1494.11,1494.11,-0.01,21.52,32109.6,-1
2024-09-16,2024-09-16 14:37:00,1494.11,1494.11,1494.02,1494.02,-0.01,21.52,32109.6,-1
2024-09-16,2024-09-16 14:38:00,1494.02,1494.02,1493.92,1493.92,-0.01,21.52,32109.6,-1
2024-09-16,2024-09-16 14:39:00,1493.92,1493.92,1493.83,1493.83,-0.01,21.52,32109.6,-1
2024-09-16,2024-09-16 14:40:00,1493.83,1493.83,1493.74,1493.74,-0.01,21.52,32109.6,-1
2024-09-16,2024-09-16 14:41:00,1493.74,1493.74,1493.65,1493.65,-0.01,21.52,32109.6,-1
2024-09-16,2024-09-16 14:42:00,1493.65,1493.65,1493.56,1493.56,-0.01,21.52,32109.6,-1
2024-09-16,2024-09-16 14:43:00,1493.56,1493.56,1493.47,1493.47,-0.01,21.52,32109.6,-1
2024-09-16,2024-09-16 14:44:00,1493.47,1493.47,1493.38,1493.38,-0.01,21.52,32109.6,-1
2024-09-16,2024-09-16 14:45:00,1493.38,1493.38,1493.28,1493.28,-0.01,21.52,32109.6,-1
2024-09-16,2024-09-16 14:46:00,1493.28,1493.28,1493.19,1493.19,-0.01,21.52,32109.6,-1
2024-09-16,2024-09-16 14:47:00,1493.19,1493.19,1493.1,1493.1,-0.01,21.52,32109.6,-1
2024-09-16,2024-09-16 14:48:00,1493.1,1493.1,1493.01,1493.01,-0.01,21.52,32109.6,-1
2024-09-16,2024-09-16 14:49:00,1493.01,1493.01,1492.92,1492.92,-0.01,21.52,32109.6,-1
2024-09-16,2024-09-16 14:50:00,1492.92,1492.92,1492.83,1492.83,-0.01,21.52,32109.6,-1
2024-09-16,2024-09-16 14:51:00,1492.83,1492.83,1492.73,1492.73,-0.01,21.52,32109.6,-1
2024-09-16,2024-09-16 14:52:00,1492.73,1492.73,1492.64,1492.64,-0.01,21.52,32109.6,-1
2024-09-16,2024-09-16 14:53:00,1492.64,1492.64,1492.55,1492.55,-0.01,21.52,32109.6,-1
2024-09-16,2024-09-16 14:54:00,1492.55,1492.55,1492.46,1492.46,-0.01,21.52,32109.6,-1
2024-09-16,2024-09-16 14:55:00,1492.46,1492.46,1492.37,1492.37,-0.01,21.52,32109.6,-1
2024-09-16,2024-09-16 14:56:00,1492.37,1492.37,1492.28,1492.28,-0.01,21.52,32109.6,-1
2024-09-16,2024-09-16 14:57:00,1492.28,1492.28,1492.18,1492.18,-0.01,21.52,32109.6,-1
2024-09-16,2024-09-16 14:58:00,1492.18,1492.18,1492.09,1492.09,-0.01,21.52,32109.6,-1
2024-09-16,2024-09-16 14:59:00,1492.09,1492.09,1492.0,1492.0,-0.01,21.52,32109.6,-1
2024-09-16,2024-09-16 15:00:00,1492.0,1530.0,1465.2,1492.0,0.0,21.52,32109.6,0
2024-09-18,2024-09-18 11:00:00,1470.0,1498.89,1468.5,1470.08,0.01,17.23,25604.48,1
2024-09-18,2024-09-18 11:01:00,1470.08,1470.17,1470.08,1470.17,0.01,17.23,25604.48,1
2024-09-18,2024-09-18 11:02:00,1470.17,1470.25,1470.17,1470.25,0.01,17.23,25604.48,1
2024-09-18,2024-09-18 11:03:00,1470.25,1470.33,1470.25,1470.33,0.01,17.23,25604.48,1
2024-09-18,2024-09-18 11:04:00,1470.33,1470.42,1470.33,1470.42,0.01,17.23,25604.48,1
2024-09-18,2024-09-18 11:05:00,1470.42,1470.5,1470.42,1470.5,0.01,17.23,25604.48,1
2024-09-18,2024-09-18 11:06:00,1470.5,1470.58,1470.5,1470.58,0.01,17.23,25604.48,1
2024-09-18,2024-09-18 11:07:00,1470.58,1470.67,1470.58,1470.67,0.01,17.23,25604.48,1
2024-09-18,2024-09-18 11:08:00,1470.67,1470.75,1470.67,1470.75,0.01,17.23,25604.48,1
2024-09-18,2024-09-18 11:09:00,1470.75,1470.83,1470.75,1470.83,0.01,17.23,25604.48,1
2024-09-18,2024-09-18 11:10:00,1470.83,1470.92,1470.83,1470.92,0.01,17.23,25604.48,1
2024-09-18,2024-09-18 11:11:00,1470.92,1471.0,1470.92,1471.0,0.01,17.23,25604.48,1
2024-09-18,2024-09-18 11:12:00,1471.0,1471.08,1471.0,1471.08,0.01,17.23,25604.48,1
2024-09-18,2024-09-18 11:13:00,1471.08,1471.17,1471.08,1471.17,0.01,17.23,25604.48,1
2024-09-18,2024-09-18 11:14:00,1471.17,1471.25,1471.17,1471.25,0.01,17.23,25604.48,1
2024-09-18,2024-09-18 11:15:00,1471.25,1471.33,1471.25,1471.33,0.01,17.23,25604.48,1
2024-09-18,2024-09-18 11:16:00,1471.33,1471.42,1471.33,1471.42,0.01,17.23,25604.48,1
2024-09-18,2024-09-18 11:17:00,1471.42,1471.5,1471.42,1471.5,0.01,17.23,25604.48,1
2024-09-18,2024-09-18 11:18:00,1471.5,1471.58,1471.5,1471.58,0.01,17.23,25604.48,1
2024-09-18,2024-09-18 11:19:00,1471.58,1471.67,1471.58,1471.67,0.01,17.23,25604.48,1
2024-09-18,2024-09-18 11:20:00,1471.67,1471.75,1471.67,1471.75,0.01,17.23,25604.48,1
2024-09-18,2024-09-18 11:21:00,1471.75,1471.83,1471.75,1471.83,0.01,17.23,25604.48,1
2024-09-18,2024-09-18 11:22:00,1471.83,1471.92,1471.83,1471.92,0.01,17.23,25604.48,1
2024-09-18,2024-09-18 11:23:00,1471.92,1472.0,1471.92,1472.0,0.01,17.23,25604.48,1
2024-09-18,2024-09-18 11:24:00,1472.0,1472.08,1472.0,1472.08,0.01,17.23,25604.48,1
2024-09-18,2024-09-18 11:25:00,1472.08,1472.17,1472.08,1472.17,0.01,17.23,25604.48,1
2024-09-18,2024-09-18 11:26:00,1472.17,1472.25,1472.17,1472.25,0.01,17.23,25604.48,1
2024-09-18,2024-09-18 11:27:00,1472.25,1472.33,1472.25,1472.33,0.01,17.23,25604.48,1
2024-09-18,2024-09-18 11:28:00,1472.33,1472.42,1472.33,1472.42,0.01,17.23,25604.48,1
2024-09-18,2024-09-18 11:29:00,1472.42,1472.5,1472.42,1472.5,0.01,17.23,25604.48,1
2024-09-18,2024-09-18 11:30:00,1472.5,1472.58,1472.5,1472.58,0.01,17.23,25604.48,1
2024-09-18,2024-09-18 11:31:00,1472.58,1472.67,1472.58,1472.67,0.01,17.23,25604.48,1
2024-09-18,2024-09-18 11:32:00,1472.67,1472.75,1472.67,1472.75,0.01,17.23,25604.48,1
2024-09-18,2024-09-18 11:33:00,1472.75,1472.83,1472.75,1472.83,0.01,17.23,25604.48,1
2024-09-18,2024-09-18 11:34:00,1472.83,1472.92,1472.83,1472.92,0.01,17.23,25604.48,1
2024-09-18,2024-09-18 11:35:00,1472.92,1473.0,1472.92,1473.0,0.01,17.23,25604.48,1
2024-09-18,2024-09-18 11:36:00,1473.0,1473.08,1473.0,1473.08,0.01,17.23,25604.48,1
2024-09-18,2024-09-18 11:37:00,1473.08,1473.17,1473.08,1473.17,0.01,17.23,25604.48,1
2024-09-18,2024-09-18 11:38:00,1473.17,1473.25,1473.17,1473.25,0.01,17.23,25604.48,1
2024-09-18,2024-09-18 11:39:00,1473.25,1473.33,1473.25,1473.33,0.01,17.23,25604.48,1
2024-09-18,2024-09-18 11:40:00,1473.33,1473.42,1473.33,1473.42,0.01,17.23,25604.48,1
2024-09-18,2024-09-18 11:41:00,1473.42,1473.5,1473.42,1473.5,0.01,17.23,25604.48,1
2024-09-18,2024-09-18 11:42:00,1473.5,1473.58,1473.5,1473.58,0.01,17.23,25604.48,1
2024-09-18,2024-09-18 11:43:00,1473.58,1473.67,1473.58,1473.67,0.01,17.23,25604.48,1
2024-09-18,2024-09-18 11:44:00,1473.67,1473.75,1473.67,1473.75,0.01,17.23,25604.48,1
2024-09-18,2024-09-18 11:45:00,1473.75,1473.83,1473.75,1473.83,0.01,17.23,25604.48,1
2024-09-18,2024-09-18 11:46:00,1473.83,1473.92,1473.83,1473.92,0.01,17.23,25604.48,1
2024-09-18,2024-09-18 11:47:00,1473.92,1474.0,1473.92,1474.0,0.01,17.23,25604.48,1
2024-09-18,2024-09-18 11:48:00,1474.0,1474.08,1474.0,1474.08,0.01,17.23,25604.48,1
2024-09-18,2024-09-18 11:49:00,1474.08,1474.17,1474.08,1474.17,0.01,17.23,25604.48,1
2024-09-18,2024-09-18 11:50:00,1474.17,1474.25,1474.17,1474.25,0.01,17.23,25604.48,1
2024-09-18,2024-09-18 11:51:00,1474.25,1474.33,1474.25,1474.33,0.01,17.23,25604.48,1
2024-09-18,2024-09-18 11:52:00,1474.33,1474.42,1474.33,1474.42,0.01,17.23,25604.48,1
2024-09-18,2024-09-18 11:53:00,1474.42,1474.5,1474.42,1474.5,0.01,17.23,25604.48,1
2024-09-18,2024-09-18 11:54:00,1474.5,1474.58,1474.5,1474.58,0.01,17.23,25604.48,1
2024-09-18,2024-09-18 11:55:00,1474.58,1474.67,1474.58,1474.67,0.01,17.23,25604.48,1
2024-09-18,2024-09-18 11:56:00,1474.67,1474.75,1474.67,1474.75,0.01,17.23,25604.48,1
2024-09-18,2024-09-18 11:57:00,1474.75,1474.83,1474.75,1474.83,0.01,17.23,25604.48,1
2024-09-18,2024-09-18 11:58:00,1474.83,1474.92,1474.83,1474.92,0.01,17.23,25604.48,1
2024-09-18,2024-09-18 11:59:00,1474.92,1475.0,1474.92,1475.0,0.01,17.23,25604.48,1
2024-09-18,2024-09-18 12:00:00,1475.0,1475.08,1475.0,1475.08,0.01,17.23,25604.48,1
2024-09-18,2024-09-18 12:01:00,1475.08,1475.17,1475.08,1475.17,0.01,17.23,25604.48,1
2024-09-18,2024-09-18 12:02:00,1475.17,1475.25,1475.17,1475.25,0.01,17.23,25604.48,1
2024-09-18,2024-09-18 12:03:00,1475.25,1475.33,1475.25,1475.33,0.01,17.23,25604.48,1
2024-09-18,2024-09-18 12:04:00,1475.33,1475.42,1475.33,1475.42,0.01,17.23,25604.48,1
2024-09-18,2024-09-18 12:05:00,1475.42,1475.5,1475.42,1475.5,0.01,17.23,25604.48,1
2024-09-18,2024-09-18 12:06:00,1475.5,1475.58,1475.5,1475.58,0.01,17.23,25604.48,1
2024-09-18,2024-09-18 12:07:00,1475.58,1475.67,1475.58,1475.67,0.01,17.23,25604.48,1
2024-09-18,2024-09-18 12:08:00,1475.67,1475.75,1475.67,1475.75,0.01,17.23,25604.48,1
2024-09-18,2024-09-18 12:09:00,1475.75,1475.83,1475.75,1475.83,0.01,17.23,25604.48,1
2024-09-18,2024-09-18 12:10:00,1475.83,1475.92,1475.83,1475.92,0.01,17.23,25604.48,1
2024-09-18,2024-09-18 12:11:00,1475.92,1476.0,1475.92,1476.0,0.01,17.23,25604.48,1
2024-09-18,2024-09-18 12:12:00,1476.0,1476.08,1476.0,1476.08,0.01,17.23,25604.48,1
2024-09-18,2024-09-18 12:13:00,1476.08,1476.17,1476.08,1476.17,0.01,17.23,25604.48,1
2024-09-18,2024-09-18 12:14:00,1476.17,1476.25,1476.17,1476.25,0.01,17.23,25604.48,1
2024-09-18,2024-09-18 12:15:00,1476.25,1476.33,1476.25,1476.33,0.01,17.23,25604.48,1
2024-09-18,2024-09-18 12:16:00,1476.33,1476.42,1476.33,1476.42,0.01,17.23,25604.48,1
2024-09-18,2024-09-18 12:17:00,1476.42,1476.5,1476.42,1476.5,0.01,17.23,25604.48,1
2024-09-18,2024-09-18 12:18:00,1476.5,1476.58,1476.5,1476.58,0.01,17.23,25604.48,1
2024-09-18,2024-09-18 12:19:00,1476.58,1476.67,1476.58,1476.67,0.01,17.23,25604.48,1
2024-09-18,2024-09-18 12:20:00,1476.67,1476.75,1476.67,1476.75,0.01,17.23,25604.48,1
2024-09-18,2024-09-18 12:21:00,1476.75,1476.83,1476.75,1476.83,0.01,17.23,25604.48,1
2024-09-18,2024-09-18 12:22:00,1476.83,1476.92,1476.83,1476.92,0.01,17.23,25604.48,1
2024-09-18,2024-09-18 12:23:00,1476.92,1477.0,1476.92,1477.0,0.01,17.23,25604.48,1
2024-09-18,2024-09-18 12:24:00,1477.0,1477.08,1477.0,1477.08,0.01,17.23,25604.48,1
2024-09-18,2024-09-18 12:25:00,1477.08,1477.17,1477.08,1477.17,0.01,17.23,25604.48,1
2024-09-18,2024-09-18 12:26:00,1477.17,1477.25,1477.17,1477.25,0.01,17.23,25604.48,1
2024-09-18,2024-09-18 12:27:00,1477.25,1477.33,1477.25,1477.33,0.01,17.23,25604.48,1
2024-09-18,2024-09-18 12:28:00,1477.33,1477.42,1477.33,1477.42,0.01,17.23,25604.48,1
2024-09-18,2024-09-18 12:29:00,1477.42,1477.5,1477.42,1477.5,0.01,17.23,25604.48,1
2024-09-18,2024-09-18 12:30:00,1477.5,1477.58,1477.5,1477.58,0.01,17.23,25604.48,1
2024-09-18,2024-09-18 12:31:00,1477.58,1477.67,1477.58,1477.67,0.01,17.23,25604.48,1
2024-09-18,2024-09-18 12:32:00,1477.67,1477.75,1477.67,1477.75,0.01,17.23,25604.48,1
2024-09-18,2024-09-18 12:33:00,1477.75,1477.83,1477.75,1477.83,0.01,17.23,25604.48,1
2024-09-18,2024-09-18 12:34:00,1477.83,1477.92,1477.83,1477.92,0.01,17.23,25604.48,1
2024-09-18,2024-09-18 12:35:00,1477.92,1478.0,1477.92,1478.0,0.01,17.23,25604.48,1
2024-09-18,2024-09-18 12:36:00,1478.0,1478.08,1478.0,1478.08,0.01,17.23,25604.48,1
2024-09-18,2024-09-18 12:37:00,1478.08,1478.17,1478.08,1478.17,0.01,17.23,25604.48,1
2024-09-18,2024-09-18 12:38:00,1478.17,1478.25,1478.17,1478.25,0.01,17.23,25604.48,1
2024-09-18,2024-09-18 12:39:00,1478.25,1478.33,1478.25,1478.33,0.01,17.23,25604.48,1
2024-09-18,2024-09-18 12:40:00,1478.33,1478.42,1478.33,1478.42,0.01,17.23,25604.48,1
2024-09-18,2024-09-18 12:41:00,1478.42,1478.5,1478.42,1478.5,0.01,17.23,25604.48,1
2024-09-18,2024-09-18 12:42:00,1478.5,1478.58,1478.5,1478.58,0.01,17.23,25604.48,1
2024-09-18,2024-09-18 12:43:00,1478.58,1478.67,1478.58,1478.67,0.01,17.23,25604.48,1
2024-09-18,2024-09-18 12:44:00,1478.67,1478.75,1478.67,1478.75,0.01,17.23,25604.48,1
2024-09-18,2024-09-18 12:45:00,1478.75,1478.83,1478.75,1478.83,0.01,17.23,25604.48,1
2024-09-18,2024-09-18 12:46:00,1478.83,1478.92,1478.83,1478.92,0.01,17.23,25604.48,1
2024-09-18,2024-09-18 12:47:00,1478.92,1479.0,1478.92,1479.0,0.01,17.23,25604.48,1
2024-09-18,2024-09-18 12:48:00,1479.0,1479.08,1479.0,1479.08,0.01,17.23,25604.48,1
2024-09-18,2024-09-18 12:49:00,1479.08,1479.17,1479.08,1479.17,0.01,17.23,25604.48,1
2024-09-18,2024-09-18 12:50:00,1479.17,1479.25,1479.17,1479.25,0.01,17.23,25604.48,1
2024-09-18,2024-09-18 12:51:00,1479.25,1479.33,1479.25,1479.33,0.01,17.23,25604.48,1
2024-09-18,2024-09-18 12:52:00,1479.33,1479.42,1479.33,1479.42,0.01,17.23,25604.48,1
2024-09-18,2024-09-18 12:53:00,1479.42,1479.5,1479.42,1479.5,0.01,17.23,25604.48,1
2024-09-18,2024-09-18 12:54:00,1479.5,1479.58,1479.5,1479.58,0.01,17.23,25604.48,1
2024-09-18,2024-09-18 12:55:00,1479.58,1479.67,1479.58,1479.67,0.01,17.23,25604.48,1
2024-09-18,2024-09-18 12:56:00,1479.67,1479.75,1479.67,1479.75,0.01,17.23,25604.48,1
2024-09-18,2024-09-18 12:57:00,1479.75,1479.83,1479.75,1479.83,0.01,17.23,25604.48,1
2024-09-18,2024-09-18 12:58:00,1479.83,1479.92,1479.83,1479.92,0.01,17.23,25604.48,1
2024-09-18,2024-09-18 12:59:00,1479.92,1480.0,1479.92,1480.0,0.01,17.23,25604.48,1
2024-09-18,2024-09-18 13:00:00,1480.0,1566.3,1465.0,1480.08,0.01,17.23,25604.48,1
2024-09-18,2024-09-18 13:01:00,1480.08,1480.17,1480.08,1480.17,0.01,17.23,25604.48,1
2024-09-18,2024-09-18 13:02:00,1480.17,1480.25,1480.17,1480.25,0.01,17.23,25604.48,1
2024-09-18,2024-09-18 13:03:00,1480.25,1480.33,1480.25,1480.33,0.01,17.23,25604.48,1
2024-09-18,2024-09-18 13:04:00,1480.33,1480.42,1480.33,1480.42,0.01,17.23,25604.48,1
2024-09-18,2024-09-18 13:05:00,1480.42,1480.5,1480.42,1480.5,0.01,17.23,25604.48,1
2024-09-18,2024-09-18 13:06:00,1480.5,1480.58,1480.5,1480.58,0.01,17.23,25604.48,1
2024-09-18,2024-09-18 13:07:00,1480.58,1480.67,1480.58,1480.67,0.01,17.23,25604.48,1
2024-09-18,2024-09-18 13:08:00,1480.67,1480.75,1480.67,1480.75,0.01,17.23,25604.48,1
2024-09-18,2024-09-18 13:09:00,1480.75,1480.83,1480.75,1480.83,0.01,17.23,25604.48,1
2024-09-18,2024-09-18 13:10:00,1480.83,1480.92,1480.83,1480.92,0.01,17.23,25604.48,1
2024-09-18,2024-09-18 13:11:00,1480.92,1481.0,1480.92,1481.0,0.01,17.23,25604.48,1
2024-09-18,2024-09-18 13:12:00,1481.0,1481.08,1481.0,1481.08,0.01,17.23,25604.48,1
2024-09-18,2024-09-18 13:13:00,1481.08,1481.17,1481.08,1481.17,0.01,17.23,25604.48,1
2024-09-18,2024-09-18 13:14:00,1481.17,1481.25,1481.17,1481.25,0.01,17.23,25604.48,1
2024-09-18,2024-09-18 13:15:00,1481.25,1481.33,1481.25,1481.33,0.01,17.23,25604.48,1
2024-09-18,2024-09-18 13:16:00,1481.33,1481.42,1481.33,1481.42,0.01,17.23,25604.48,1
2024-09-18,2024-09-18 13:17:00,1481.42,1481.5,1481.42,1481.5,0.01,17.23,25604.48,1
2024-09-18,2024-09-18 13:18:00,1481.5,1481.58,1481.5,1481.58,0.01,17.23,25604.48,1
2024-09-18,2024-09-18 13:19:00,1481.58,1481.67,1481.58,1481.67,0.01,17.23,25604.48,1
2024-09-18,2024-09-18 13:20:00,1481.67,1481.75,1481.67,1481.75,0.01,17.23,25604.48,1
2024-09-18,2024-09-18 13:21:00,1481.75,1481.83,1481.75,1481.83,0.01,17.23,25604.48,1
2024-09-18,2024-09-18 13:22:00,1481.83,1481.92,1481.83,1481.92,0.01,17.23,25604.48,1
2024-09-18,2024-09-18 13:23:00,1481.92,1482.0,1481.92,1482.0,0.01,17.23,25604.48,1
2024-09-18,2024-09-18 13:24:00,1482.0,1482.08,1482.0,1482.08,0.01,17.23,25604.48,1
2024-09-18,2024-09-18 13:25:00,1482.08,1482.17,1482.08,1482.17,0.01,17.23,25604.48,1
2024-09-18,2024-09-18 13:26:00,1482.17,1482.25,1482.17,1482.25,0.01,17.23,25604.48,1
2024-09-18,2024-09-18 13:27:00,1482.25,1482.33,1482.25,1482.33,0.01,17.23,25604.48,1
2024-09-18,2024-09-18 13:28:00,1482.33,1482.42,1482.33,1482.42,0.01,17.23,25604.48,1
2024-09-18,2024-09-18 13:29:00,1482.42,1482.5,1482.42,1482.5,0.01,17.23,25604.48,1
2024-09-18,2024-09-18 13:30:00,1482.5,1482.58,1482.5,1482.58,0.01,17.23,25604.48,1
2024-09-18,2024-09-18 13:31:00,1482.58,1482.67,1482.58,1482.67,0.01,17.23,25604.48,1
2024-09-18,2024-09-18 13:32:00,1482.67,1482.75,1482.67,1482.75,0.01,17.23,25604.48,1
2024-09-18,2024-09-18 13:33:00,1482.75,1482.83,1482.75,1482.83,0.01,17.23,25604.48,1
2024-09-18,2024-09-18 13:34:00,1482.83,1482.92,1482.83,1482.92,0.01,17.23,25604.48,1
2024-09-18,2024-09-18 13:35:00,1482.92,1483.0,1482.92,1483.0,0.01,17.23,25604.48,1
2024-09-18,2024-09-18 13:36:00,1483.0,1483.08,1483.0,1483.08,0.01,17.23,25604.48,1
2024-09-18,2024-09-18 13:37:00,1483.08,1483.17,1483.08,1483.17,0.01,17.23,25604.48,1
2024-09-18,2024-09-18 13:38:00,1483.17,1483.25,1483.17,1483.25,0.01,17.23,25604.48,1
2024-09-18,2024-09-18 13:39:00,1483.25,1483.33,1483.25,1483.33,0.01,17.23,25604.48,1
2024-09-18,2024-09-18 13:40:00,1483.33,1483.42,1483.33,1483.42,0.01,17.23,25604.48,1
2024-09-18,2024-09-18 13:41:00,1483.42,1483.5,1483.42,1483.5,0.01,17.23,25604.48,1
2024-09-18,2024-09-18 13:42:00,1483.5,1483.58,1483.5,1483.58,0.01,17.23,25604.48,1
2024-09-18,2024-09-18 13:43:00,1483.58,1483.67,1483.58,1483.67,0.01,17.23,25604.48,1
2024-09-18,2024-09-18 13:44:00,1483.67,1483.75,1483.67,1483.75,0.01,17.23,25604.48,1
2024-09-18,2024-09-18 13:45:00,1483.75,1483.83,1483.75,1483.83,0.01,17.23,25604.48,1
2024-09-18,2024-09-18 13:46:00,1483.83,1483.92,1483.83,1483.92,0.01,17.23,25604.48,1
2024-09-18,2024-09-18 13:47:00,1483.92,1484.0,1483.92,1484.0,0.01,17.23,25604.48,1
2024-09-18,2024-09-18 13:48:00,1484.0,1484.08,1484.0,1484.08,0.01,17.23,25604.48,1
2024-09-18,2024-09-18 13:49:00,1484.08,1484.17,1484.08,1484.17,0.01,17.23,25604.48,1
2024-09-18,2024-09-18 13:50:00,1484.17,1484.25,1484.17,1484.25,0.01,17.23,25604.48,1
2024-09-18,2024-09-18 13:51:00,1484.25,1484.33,1484.25,1484.33,0.01,17.23,25604.48,1
2024-09-18,2024-09-18 13:52:00,1484.33,1484.42,1484.33,1484.42,0.01,17.23,25604.48,1
2024-09-18,2024-09-18 13:53:00,1484.42,1484.5,1484.42,1484.5,0.01,17.23,25604.48,1
2024-09-18,2024-09-18 13:54:00,1484.5,1484.58,1484.5,1484.58,0.01,17.23,25604.48,1
2024-09-18,2024-09-18 13:55:00,1484.58,1484.67,1484.58,1484.67,0.01,17.23,25604.48,1
2024-09-18,2024-09-18 13:56:00,1484.67,1484.75,1484.67,1484.75,0.01,17.23,25604.48,1
2024-09-18,2024-09-18 13:57:00,1484.75,1484.83,1484.75,1484.83,0.01,17.23,25604.48,1
2024-09-18,2024-09-18 13:58:00,1484.83,1484.92,1484.83,1484.92,0.01,17.23,25604.48,1
2024-09-18,2024-09-18 13:59:00,1484.92,1485.0,1484.92,1485.0,0.01,17.23,25604.48,1
2024-09-18,2024-09-18 14:00:00,1485.0,1485.08,1485.0,1485.08,0.01,17.23,25604.48,1
2024-09-18,2024-09-18 14:01:00,1485.08,1485.17,1485.08,1485.17,0.01,17.23,25604.48,1
2024-09-18,2024-09-18 14:02:00,1485.17,1485.25,1485.17,1485.25,0.01,17.23,25604.48,1
2024-09-18,2024-09-18 14:03:00,1485.25,1485.33,1485.25,1485.33,0.01,17.23,25604.48,1
2024-09-18,2024-09-18 14:04:00,1485.33,1485.42,1485.33,1485.42,0.01,17.23,25604.48,1
2024-09-18,2024-09-18 14:05:00,1485.42,1485.5,1485.42,1485.5,0.01,17.23,25604.48,1
2024-09-18,2024-09-18 14:06:00,1485.5,1485.58,1485.5,1485.58,0.01,17.23,25604.48,1
2024-09-18,2024-09-18 14:07:00,1485.58,1485.67,1485.58,1485.67,0.01,17.23,25604.48,1
2024-09-18,2024-09-18 14:08:00,1485.67,1485.75,1485.67,1485.75,0.01,17.23,25604.48,1
2024-09-18,2024-09-18 14:09:00,1485.75,1485.83,1485.75,1485.83,0.01,17.23,25604.48,1
2024-09-18,2024-09-18 14:10:00,1485.83,1485.92,1485.83,1485.92,0.01,17.23,25604.48,1
2024-09-18,2024-09-18 14:11:00,1485.92,1486.0,1485.92,1486.0,0.01,17.23,25604.48,1
2024-09-18,2024-09-18 14:12:00,1486.0,1486.08,1486.0,1486.08,0.01,17.23,25604.48,1
2024-09-18,2024-09-18 14:13:00,1486.08,1486.17,1486.08,1486.17,0.01,17.23,25604.48,1
2024-09-18,2024-09-18 14:14:00,1486.17,1486.25,1486.17,1486.25,0.01,17.23,25604.48,1
2024-09-18,2024-09-18 14:15:00,1486.25,1486.33,1486.25,1486.33,0.01,17.23,25604.48,1
2024-09-18,2024-09-18 14:16:00,1486.33,1486.42,1486.33,1486.42,0.01,17.23,25604.48,1
2024-09-18,2024-09-18 14:17:00,1486.42,1486.5,1486.42,1486.5,0.01,17.23,25604.48,1
2024-09-18,2024-09-18 14:18:00,1486.5,1486.58,1486.5,1486.58,0.01,17.23,25604.48,1
2024-09-18,2024-09-18 14:19:00,1486.58,1486.67,1486.58,1486.67,0.01,17.23,25604.48,1
2024-09-18,2024-09-18 14:20:00,1486.67,1486.75,1486.67,1486.75,0.01,17.23,25604.48,1
2024-09-18,2024-09-18 14:21:00,1486.75,1486.83,1486.75,1486.83,0.01,17.23,25604.48,1
2024-09-18,2024-09-18 14:22:00,1486.83,1486.92,1486.83,1486.92,0.01,17.23,25604.48,1
2024-09-18,2024-09-18 14:23:00,1486.92,1487.0,1486.92,1487.0,0.01,17.23,25604.48,1
2024-09-18,2024-09-18 14:24:00,1487.0,1487.08,1487.0,1487.08,0.01,17.23,25604.48,1
2024-09-18,2024-09-18 14:25:00,1487.08,1487.17,1487.08,1487.17,0.01,17.23,25604.48,1
2024-09-18,2024-09-18 14:26:00,1487.17,1487.25,1487.17,1487.25,0.01,17.23,25604.48,1
2024-09-18,2024-09-18 14:27:00,1487.25,1487.33,1487.25,1487.33,0.01,17.23,25604.48,1
2024-09-18,2024-09-18 14:28:00,1487.33,1487.42,1487.33,1487.42,0.01,17.23,25604.48,1
2024-09-18,2024-09-18 14:29:00,1487.42,1487.5,1487.42,1487.5,0.01,17.23,25604.48,1
2024-09-18,2024-09-18 14:30:00,1487.5,1487.58,1487.5,1487.58,0.01,17.23,25604.48,1
2024-09-18,2024-09-18 14:31:00,1487.58,1487.67,1487.58,1487.67,0.01,17.23,25604.48,1
2024-09-18,2024-09-18 14:32:00,1487.67,1487.75,1487.67,1487.75,0.01,17.23,25604.48,1
2024-09-18,2024-09-18 14:33:00,1487.75,1487.83,1487.75,1487.83,0.01,17.23,25604.48,1
2024-09-18,2024-09-18 14:34:00,1487.83,1487.92,1487.83,1487.92,0.01,17.23,25604.48,1
2024-09-18,2024-09-18 14:35:00,1487.92,1488.0,1487.92,1488.0,0.01,17.23,25604.48,1
2024-09-18,2024-09-18 14:36:00,1488.0,1488.08,1488.0,1488.08,0.01,17.23,25604.48,1
2024-09-18,2024-09-18 14:37:00,1488.08,1488.17,1488.08,1488.17,0.01,17.23,25604.48,1
2024-09-18,2024-09-18 14:38:00,1488.17,1488.25,1488.17,1488.25,0.01,17.23,25604.48,1
2024-09-18,2024-09-18 14:39:00,1488.25,1488.33,1488.25,1488.33,0.01,17.23,25604.48,1
2024-09-18,2024-09-18 14:40:00,1488.33,1488.42,1488.33,1488.42,0.01,17.23,25604.48,1
2024-09-18,2024-09-18 14:41:00,1488.42,1488.5,1488.42,1488.5,0.01,17.23,25604.48,1
2024-09-18,2024-09-18 14:42:00,1488.5,1488.58,1488.5,1488.58,0.01,17.23,25604.48,1
2024-09-18,2024-09-18 14:43:00,1488.58,1488.67,1488.58,1488.67,0.01,17.23,25604.48,1
2024-09-18,2024-09-18 14:44:00,1488.67,1488.75,1488.67,1488.75,0.01,17.23,25604.48,1
2024-09-18,2024-09-18 14:45:00,1488.75,1488.83,1488.75,1488.83,0.01,17.23,25604.48,1
2024-09-18,2024-09-18 14:46:00,1488.83,1488.92,1488.83,1488.92,0.01,17.23,25604.48,1
2024-09-18,2024-09-18 14:47:00,1488.92,1489.0,1488.92,1489.0,0.01,17.23,25604.48,1
2024-09-18,2024-09-18 14:48:00,1489.0,1489.08,1489.0,1489.08,0.01,17.23,25604.48,1
2024-09-18,2024-09-18 14:49:00,1489.08,1489.17,1489.08,1489.17,0.01,17.23,25604.48,1
2024-09-18,2024-09-18 14:50:00,1489.17,1489.25,1489.17,1489.25,0.01,17.23,25604.48,1
2024-09-18,2024-09-18 14:51:00,1489.25,1489.33,1489.25,1489.33,0.01,17.23,25604.48,1
2024-09-18,2024-09-18 14:52:00,1489.33,1489.42,1489.33,1489.42,0.01,17.23,25604.48,1
2024-09-18,2024-09-18 14:53:00,1489.42,1489.5,1489.42,1489.5,0.01,17.23,25604.48,1
2024-09-18,2024-09-18 14:54:00,1489.5,1489.58,1489.5,1489.58,0.01,17.23,25604.48,1
2024-09-18,2024-09-18 14:55:00,1489.58,1489.67,1489.58,1489.67,0.01,17.23,25604.48,1
2024-09-18,2024-09-18 14:56:00,1489.67,1489.75,1489.67,1489.75,0.01,17.23,25604.48,1
2024-09-18,2024-09-18 14:57:00,1489.75,1489.83,1489.75,1489.83,0.01,17.23,25604.48,1
2024-09-18,2024-09-18 14:58:00,1489.83,1489.92,1489.83,1489.92,0.01,17.23,25604.48,1
2024-09-18,2024-09-18 14:59:00,1489.92,1490.0,1489.92,1490.0,0.01,17.23,25604.48,1
2024-09-18,2024-09-18 15:00:00,1490.0,1566.3,1465.0,1490.0,0.0,17.23,25604.48,0
2024-09-22,2024-09-22 11:00:00,1519.0,1526.29,1509.1,1518.88,-0.01,13.92,20935.13,-1
2024-09-22,2024-09-22 11:01:00,1518.88,1518.88,1518.77,1518.77,-0.01,13.92,20935.13,-1
2024-09-22,2024-09-22 11:02:00,1518.77,1518.77,1518.65,1518.65,-0.01,13.92,20935.13,-1
2024-09-22,2024-09-22 11:03:00,1518.65,1518.65,1518.54,1518.54,-0.01,13.92,20935.13,-1
2024-09-22,2024-09-22 11:04:00,1518.54,1518.54,1518.42,1518.42,-0.01,13.92,20935.13,-1
2024-09-22,2024-09-22 11:05:00,1518.42,1518.42,1518.31,1518.31,-0.01,13.92,20935.13,-1
2024-09-22,2024-09-22 11:06:00,1518.31,1518.31,1518.19,1518.19,-0.01,13.92,20935.13,-1
2024-09-22,2024-09-22 11:07:00,1518.19,1518.19,1518.07,1518.07,-0.01,13.92,20935.13,-1
2024-09-22,2024-09-22 11:08:00,1518.07,1518.07,1517.96,1517.96,-0.01,13.92,20935.13,-1
2024-09-22,2024-09-22 11:09:00,1517.96,1517.96,1517.84,1517.84,-0.01,13.92,20935.13,-1
2024-09-22,2024-09-22 11:10:00,1517.84,1517.84,1517.73,1517.73,-0.01,13.92,20935.13,-1
2024-09-22,2024-09-22 11:11:00,1517.73,1517.73,1517.61,1517.61,-0.01,13.92,20935.13,-1
2024-09-22,2024-09-22 11:12:00,1517.61,1517.61,1517.49,1517.49,-0.01,13.92,20935.13,-1
2024-09-22,2024-09-22 11:13:00,1517.49,1517.49,1517.38,1517.38,-0.01,13.92,20935.13,-1
2024-09-22,2024-09-22 11:14:00,1517.38,1517.38,1517.26,1517.26,-0.01,13.92,20935.13,-1
2024-09-22,2024-09-22 11:15:00,1517.26,1517.26,1517.15,1517.15,-0.01,13.92,20935.13,-1
2024-09-22,2024-09-22 11:16:00,1517.15,1517.15,1517.03,1517.03,-0.01,13.92,20935.13,-1
2024-09-22,2024-09-22 11:17:00,1517.03,1517.03,1516.91,1516.91,-0.01,13.92,20935.13,-1
2024-09-22,2024-09-22 11:18:00,1516.91,1516.91,1516.8,1516.8,-0.01,13.92,20935.13,-1
2024-09-22,2024-09-22 11:19:00,1516.8,1516.8,1516.68,1516.68,-0.01,13.92,20935.13,-1
2024-09-22,2024-09-22 11:20:00,1516.68,1516.68,1516.57,1516.57,-0.01,13.92,20935.13,-1
2024-09-22,2024-09-22 11:21:00,1516.57,1516.57,1516.45,1516.45,-0.01,13.92,20935.13,-1
2024-09-22,2024-09-22 11:22:00,1516.45,1516.45,1516.34,1516.34,-0.01,13.92,20935.13,-1
2024-09-22,2024-09-22 11:23:00,1516.34,1516.34,1516.22,1516.22,-0.01,13.92,20935.13,-1
2024-09-22,2024-09-22 11:24:00,1516.22,1516.22,1516.1,1516.1,-0.01,13.92,20935.13,-1
2024-09-22,2024-09-22 11:25:00,1516.1,1516.1,1515.99,1515.99,-0.01,13.92,20935.13,-1
2024-09-22,2024-09-22 11:26:00,1515.99,1515.99,1515.87,1515.87,-0.01,13.92,20935.13,-1
2024-09-22,2024-09-22 11:27:00,1515.87,1515.87,1515.76,1515.76,-0.01,13.92,20935.13,-1
2024-09-22,2024-09-22 11:28:00,1515.76,1515.76,1515.64,1515.64,-0.01,13.92,20935.13,-1
2024-09-22,2024-09-22 11:29:00,1515.64,1515.64,1515.53,1515.53,-0.01,13.92,20935.13,-1
2024-09-22,2024-09-22 11:30:00,1515.53,1515.53,1515.41,1515.41,-0.01,13.92,20935.13,-1
2024-09-22,2024-09-22 11:31:00,1515.41,1515.41,1515.29,1515.29,-0.01,13.92,20935.13,-1
2024-09-22,2024-09-22 11:32:00,1515.29,1515.29,1515.18,1515.18,-0.01,13.92,20935.13,-1
2024-09-22,2024-09-22 11:33:00,1515.18,1515.18,1515.06,1515.06,-0.01,13.92,20935.13,-1
2024-09-22,2024-09-22 11:34:00,1515.06,1515.06,1514.95,1514.95,-0.01,13.92,20935.13,-1
2024-09-22,2024-09-22 11:35:00,1514.95,1514.95,1514.83,1514.83,-0.01,13.92,20935.13,-1
2024-09-22,2024-09-22 11:36:00,1514.83,1514.83,1514.71,1514.71,-0.01,13.92,20935.13,-1
2024-09-22,2024-09-22 11:37:00,1514.71,1514.71,1514.6,1514.6,-0.01,13.92,20935.13,-1
2024-09-22,2024-09-22 11:38:00,1514.6,1514.6,1514.48,1514.48,-0.01,13.92,20935.13,-1
2024-09-22,2024-09-22 11:39:00,1514.48,1514.48,1514.37,1514.37,-0.01,13.92,20935.13,-1
2024-09-22,2024-09-22 11:40:00,1514.37,1514.37,1514.25,1514.25,-0.01,13.92,20935.13,-1
2024-09-22,2024-09-22 11:41:00,1514.25,1514.25,1514.13,1514.13,-0.01,13.92,20935.13,-1
2024-09-22,2024-09-22 11:42:00,1514.13,1514.13,1514.02,1514.02,-0.01,13.92,20935.13,-1
2024-09-22,2024-09-22 11:43:00,1514.02,1514.02,1513.9,1513.9,-0.01,13.92,20935.13,-1
2024-09-22,2024-09-22 11:44:00,1513.9,1513.9,1513.79,1513.79,-0.01,13.92,20935.13,-1
2024-09-22,2024-09-22 11:45:00,1513.79,1513.79,1513.67,1513.67,-0.01,13.92,20935.13,-1
2024-09-22,2024-09-22 11:46:00,1513.67,1513.67,1513.56,1513.56,-0.01,13.92,20935.13,-1
2024-09-22,2024-09-22 11:47:00,1513.56,1513.56,1513.44,1513.44,-0.01,13.92,20935.13,-1
2024-09-22,2024-09-22 11:48:00,1513.44,1513.44,1513.32,1513.32,-0.01,13.92,20935.13,-1
2024-09-22,2024-09-22 11:49:00,1513.32,1513.32,1513.21,1513.21,-0.01,13.92,20935.13,-1
2024-09-22,2024-09-22 11:50:00,1513.21,1513.21,1513.09,1513.09,-0.01,13.92,20935.13,-1
2024-09-22,2024-09-22 11:51:00,1513.09,1513.09,1512.98,1512.98,-0.01,13.92,20935.13,-1
2024-09-22,2024-09-22 11:52:00,1512.98,1512.98,1512.86,1512.86,-0.01,13.92,20935.13,-1
2024-09-22,2024-09-22 11:53:00,1512.86,1512.86,1512.75,1512.75,-0.01,13.92,20935.13,-1
2024-09-22,2024-09-22 11:54:00,1512.75,1512.75,1512.63,1512.63,-0.01,13.92,20935.13,-1
2024-09-22,2024-09-22 11:55:00,1512.63,1512.63,1512.51,1512.51,-0.01,13.92,20935.13,-1
2024-09-22,2024-09-22 11:56:00,1512.51,1512.51,1512.4,1512.4,-0.01,13.92,20935.13,-1
2024-09-22,2024-09-22 11:57:00,1512.4,1512.4,1512.28,1512.28,-0.01,13.92,20935.13,-1
2024-09-22,2024-09-22 11:58:00,1512.28,1512.28,1512.17,1512.17,-0.01,13.92,20935.13,-1
2024-09-22,2024-09-22 11:59:00,1512.17,1512.17,1512.05,1512.05,-0.01,13.92,20935.13,-1
2024-09-22,2024-09-22 12:00:00,1512.05,1512.05,1511.93,1511.93,-0.01,13.92,20935.13,-1
2024-09-22,2024-09-22 12:01:00,1511.93,1511.93,1511.82,1511.82,-0.01,13.92,20935.13,-1
2024-09-22,2024-09-22 12:02:00,1511.82,1511.82,1511.7,1511.7,-0.01,13.92,20935.13,-1
2024-09-22,2024-09-22 12:03:00,1511.7,1511.7,1511.59,1511.59,-0.01,13.92,20935.13,-1
2024-09-22,2024-09-22 12:04:00,1511.59,1511.59,1511.47,1511.47,-0.01,13.92,20935.13,-1
2024-09-22,2024-09-22 12:05:00,1511.47,1511.47,1511.36,1511.36,-0.01,13.92,20935.13,-1
2024-09-22,2024-09-22 12:06:00,1511.36,1511.36,1511.24,1511.24,-0.01,13.92,20935.13,-1
2024-09-22,2024-09-22 12:07:00,1511.24,1511.24,1511.12,1511.12,-0.01,13.92,20935.13,-1
2024-09-22,2024-09-22 12:08:00,1511.12,1511.12,1511.01,1511.01,-0.01,13.92,20935.13,-1
2024-09-22,2024-09-22 12:09:00,1511.01,1511.01,1510.89,1510.89,-0.01,13.92,20935.13,-1
2024-09-22,2024-09-22 12:10:00,1510.89,1510.89,1510.78,1510.78,-0.01,13.92,20935.13,-1
2024-09-22,2024-09-22 12:11:00,1510.78,1510.78,1510.66,1510.66,-0.01,13.92,20935.13,-1
2024-09-22,2024-09-22 12:12:00,1510.66,1510.66,1510.54,1510.54,-0.01,13.92,20935.13,-1
2024-09-22,2024-09-22 12:13:00,1510.54,1510.54,1510.43,1510.43,-0.01,13.92,20935.13,-1
2024-09-22,2024-09-22 12:14:00,1510.43,1510.43,1510.31,1510.31,-0.01,13.92,20935.13,-1
2024-09-22,2024-09-22 12:15:00,1510.31,1510.31,1510.2,1510.2,-0.01,13.92,20935.13,-1
2024-09-22,2024-09-22 12:16:00,1510.2,1510.2,1510.08,1510.08,-0.01,13.92,20935.13,-1
2024-09-22,2024-09-22 12:17:00,1510.08,1510.08,1509.96,1509.96,-0.01,13.92,20935.13,-1
2024-09-22,2024-09-22 12:18:00,1509.96,1509.96,1509.85,1509.85,-0.01,13.92,20935.13,-1
2024-09-22,2024-09-22 12:19:00,1509.85,1509.85,1509.73,1509.73,-0.01,13.92,20935.13,-1
2024-09-22,2024-09-22 12:20:00,1509.73,1509.73,1509.62,1509.62,-0.01,13.92,20935.13,-1
2024-09-22,2024-09-22 12:21:00,1509.62,1509.62,1509.5,1509.5,-0.01,13.92,20935.13,-1
2024-09-22,2024-09-22 12:22:00,1509.5,1509.5,1509.39,1509.39,-0.01,13.92,20935.13,-1
2024-09-22,2024-09-22 12:23:00,1509.39,1509.39,1509.27,1509.27,-0.01,13.92,20935.13,-1
2024-09-22,2024-09-22 12:24:00,1509.27,1509.27,1509.15,1509.15,-0.01,13.92,20935.13,-1
2024-09-22,2024-09-22 12:25:00,1509.15,1509.15,1509.04,1509.04,-0.01,13.92,20935.13,-1
2024-09-22,2024-09-22 12:26:00,1509.04,1509.04,1508.92,1508.92,-0.01,13.92,20935.13,-1
2024-09-22,2024-09-22 12:27:00,1508.92,1508.92,1508.81,1508.81,-0.01,13.92,20935.13,-1
2024-09-22,2024-09-22 12:28:00,1508.81,1508.81,1508.69,1508.69,-0.01,13.92,20935.13,-1
2024-09-22,2024-09-22 12:29:00,1508.69,1508.69,1508.58,1508.58,-0.01,13.92,20935.13,-1
2024-09-22,2024-09-22 12:30:00,1508.58,1508.58,1508.46,1508.46,-0.01,13.92,20935.13,-1
2024-09-22,2024-09-22 12:31:00,1508.46,1508.46,1508.34,1508.34,-0.01,13.92,20935.13,-1
2024-09-22,2024-09-22 12:32:00,1508.34,1508.34,1508.23,1508.23,-0.01,13.92,20935.13,-1
2024-09-22,2024-09-22 12:33:00,1508.23,1508.23,1508.11,1508.11,-0.01,13.92,20935.13,-1
2024-09-22,2024-09-22 12:34:00,1508.11,1508.11,1508.0,1508.0,-0.01,13.92,20935.13,-1
2024-09-22,2024-09-22 12:35:00,1508.0,1508.0,1507.88,1507.88,-0.01,13.92,20935.13,-1
2024-09-22,2024-09-22 12:36:00,1507.88,1507.88,1507.76,1507.76,-0.01,13.92,20935.13,-1
2024-09-22,2024-09-22 12:37:00,1507.76,1507.76,1507.65,1507.65,-0.01,13.92,20935.13,-1
2024-09-22,2024-09-22 12:38:00,1507.65,1507.65,1507.53,1507.53,-0.01,13.92,20935.13,-1
2024-09-22,2024-09-22 12:39:00,1507.53,1507.53,1507.42,1507.42,-0.01,13.92,20935.13,-1
2024-09-22,2024-09-22 12:40:00,1507.42,1507.42,1507.3,1507.3,-0.01,13.92,20935.13,-1
2024-09-22,2024-09-22 12:41:00,1507.3,1507.3,1507.18,1507.18,-0.01,13.92,20935.13,-1
2024-09-22,2024-09-22 12:42:00,1507.18,1507.18,1507.07,1507.07,-0.01,13.92,20935.13,-1
2024-09-22,2024-09-22 12:43:00,1507.07,1507.07,1506.95,1506.95,-0.01,13.92,20935.13,-1
2024-09-22,2024-09-22 12:44:00,1506.95,1506.95,1506.84,1506.84,-0.01,13.92,20935.13,-1
2024-09-22,2024-09-22 12:45:00,1506.84,1506.84,1506.72,1506.72,-0.01,13.92,20935.13,-1
2024-09-22,2024-09-22 12:46:00,1506.72,1506.72,1506.61,1506.61,-0.01,13.92,20935.13,-1
2024-09-22,2024-09-22 12:47:00,1506.61,1506.61,1506.49,1506.49,-0.01,13.92,20935.13,-1
2024-09-22,2024-09-22 12:48:00,1506.49,1506.49,1506.37,1506.37,-0.01,13.92,20935.13,-1
2024-09-22,2024-09-22 12:49:00,1506.37,1506.37,1506.26,1506.26,-0.01,13.92,20935.13,-1
2024-09-22,2024-09-22 12:50:00,1506.26,1506.26,1506.14,1506.14,-0.01,13.92,20935.13,-1
2024-09-22,2024-09-22 12:51:00,1506.14,1506.14,1506.03,1506.03,-0.01,13.92,20935.13,-1
2024-09-22,2024-09-22 12:52:00,1506.03,1506.03,1505.91,1505.91,-0.01,13.92,20935.13,-1
2024-09-22,2024-09-22 12:53:00,1505.91,1505.91,1505.8,1505.8,-0.01,13.92,20935.13,-1
2024-09-22,2024-09-22 12:54:00,1505.8,1505.8,1505.68,1505.68,-0.01,13.92,20935.13,-1
2024-09-22,2024-09-22 12:55:00,1505.68,1505.68,1505.56,1505.56,-0.01,13.92,20935.13,-1
2024-09-22,2024-09-22 12:56:00,1505.56,1505.56,1505.45,1505.45,-0.01,13.92,20935.13,-1
2024-09-22,2024-09-22 12:57:00,1505.45,1505.45,1505.33,1505.33,-0.01,13.92,20935.13,-1
2024-09-22,2024-09-22 12:58:00,1505.33,1505.33,1505.22,1505.22,-0.01,13.92,20935.13,-1
2024-09-22,2024-09-22 12:59:00,1505.22,1505.22,1505.1,1505.1,-0.01,13.92,20935.13,-1
2024-09-22,2024-09-22 13:00:00,1505.1,1543.3,1486.0,1504.98,-0.01,13.92,20935.13,-1
2024-09-22,2024-09-22 13:01:00,1504.98,1504.98,1504.87,1504.87,-0.01,13.92,20935.13,-1
2024-09-22,2024-09-22 13:02:00,1504.87,1504.87,1504.75,1504.75,-0.01,13.92,20935.13,-1
2024-09-22,2024-09-22 13:03:00,1504.75,1504.75,1504.64,1504.64,-0.01,13.92,20935.13,-1
2024-09-22,2024-09-22 13:04:00,1504.64,1504.64,1504.52,1504.52,-0.01,13.92,20935.13,-1
2024-09-22,2024-09-22 13:05:00,1504.52,1504.52,1504.4,1504.4,-0.01,13.92,20935.13,-1
2024-09-22,2024-09-22 13:06:00,1504.4,1504.4,1504.29,1504.29,-0.01,13.92,20935.13,-1
2024-09-22,2024-09-22 13:07:00,1504.29,1504.29,1504.17,1504.17,-0.01,13.92,20935.13,-1
2024-09-22,2024-09-22 13:08:00,1504.17,1504.17,1504.06,1504.06,-0.01,13.92,20935.13,-1
2024-09-22,2024-09-22 13:09:00,1504.06,1504.06,1503.94,1503.94,-0.01,13.92,20935.13,-1
2024-09-22,2024-09-22 13:10:00,1503.94,1503.94,1503.83,1503.83,-0.01,13.92,20935.13,-1
2024-09-22,2024-09-22 13:11:00,1503.83,1503.83,1503.71,1503.71,-0.01,13.92,20935.13,-1
2024-09-22,2024-09-22 13:12:00,1503.71,1503.71,1503.59,1503.59,-0.01,13.92,20935.13,-1
2024-09-22,2024-09-22 13:13:00,1503.59,1503.59,1503.48,1503.48,-0.01,13.92,20935.13,-1
2024-09-22,2024-09-22 13:14:00,1503.48,1503.48,1503.36,1503.36,-0.01,13.92,20935.13,-1
2024-09-22,2024-09-22 13:15:00,1503.36,1503.36,1503.25,1503.25,-0.01,13.92,20935.13,-1
2024-09-22,2024-09-22 13:16:00,1503.25,1503.25,1503.13,1503.13,-0.01,13.92,20935.13,-1
2024-09-22,2024-09-22 13:17:00,1503.13,1503.13,1503.02,1503.02,-0.01,13.92,20935.13,-1
2024-09-22,2024-09-22 13:18:00,1503.02,1503.02,1502.9,1502.9,-0.01,13.92,20935.13,-1
2024-09-22,2024-09-22 13:19:00,1502.9,1502.9,1502.78,1502.78,-0.01,13.92,20935.13,-1
2024-09-22,2024-09-22 13:20:00,1502.78,1502.78,1502.67,1502.67,-0.01,13.92,20935.13,-1
2024-09-22,2024-09-22 13:21:00,1502.67,1502.67,1502.55,1502.55,-0.01,13.92,20935.13,-1
2024-09-22,2024-09-22 13:22:00,1502.55,1502.55,1502.44,1502.44,-0.01,13.92,20935.13,-1
2024-09-22,2024-09-22 13:23:00,1502.44,1502.44,1502.32,1502.32,-0.01,13.92,20935.13,-1
2024-09-22,2024-09-22 13:24:00,1502.32,1502.32,1502.2,1502.2,-0.01,13.92,20935.13,-1
2024-09-22,2024-09-22 13:25:00,1502.2,1502.2,1502.09,1502.09,-0.01,13.92,20935.13,-1
2024-09-22,2024-09-22 13:26:00,1502.09,1502.09,1501.97,1501.97,-0.01,13.92,20935.13,-1
2024-09-22,2024-09-22 13:27:00,1501.97,1501.97,1501.86,1501.86,-0.01,13.92,20935.13,-1
2024-09-22,2024-09-22 13:28:00,1501.86,1501.86,1501.74,1501.74,-0.01,13.92,20935.13,-1
2024-09-22,2024-09-22 13:29:00,1501.74,1501.74,1501.62,1501.62,-0.01,13.92,20935.13,-1
2024-09-22,2024-09-22 13:30:00,1501.62,1501.62,1501.51,1501.51,-0.01,13.92,20935.13,-1
2024-09-22,2024-09-22 13:31:00,1501.51,1501.51,1501.39,1501.39,-0.01,13.92,20935.13,-1
2024-09-22,2024-09-22 13:32:00,1501.39,1501.39,1501.28,1501.28,-0.01,13.92,20935.13,-1
2024-09-22,2024-09-22 13:33:00,1501.28,1501.28,1501.16,1501.16,-0.01,13.92,20935.13,-1
2024-09-22,2024-09-22 13:34:00,1501.16,1501.16,1501.05,1501.05,-0.01,13.92,20935.13,-1
2024-09-22,2024-09-22 13:35:00,1501.05,1501.05,1500.93,1500.93,-0.01,13.92,20935.13,-1
2024-09-22,2024-09-22 13:36:00,1500.93,1500.93,1500.81,1500.81,-0.01,13.92,20935.13,-1
2024-09-22,2024-09-22 13:37:00,1500.81,1500.81,1500.7,1500.7,-0.01,13.92,20935.13,-1
2024-09-22,2024-09-22 13:38:00,1500.7,1500.7,1500.58,1500.58,-0.01,13.92,20935.13,-1
2024-09-22,2024-09-22 13:39:00,1500.58,1500.58,1500.47,1500.47,-0.01,13.92,20935.13,-1
2024-09-22,2024-09-22 13:40:00,1500.47,1500.47,1500.35,1500.35,-0.01,13.92,20935.13,-1
2024-09-22,2024-09-22 13:41:00,1500.35,1500.35,1500.24,1500.24,-0.01,13.92,20935.13,-1
2024-09-22,2024-09-22 13:42:00,1500.24,1500.24,1500.12,1500.12,-0.01,13.92,20935.13,-1
2024-09-22,2024-09-22 13:43:00,1500.12,1500.12,1500.0,1500.0,-0.01,13.92,20935.13,-1
2024-09-22,2024-09-22 13:44:00,1500.0,1500.0,1499.89,1499.89,-0.01,13.92,20935.13,-1
2024-09-22,2024-09-22 13:45:00,1499.89,1499.89,1499.77,1499.77,-0.01,13.92,20935.13,-1
2024-09-22,2024-09-22 13:46:00,1499.77,1499.77,1499.66,1499.66,-0.01,13.92,20935.13,-1
2024-09-22,2024-09-22 13:47:00,1499.66,1499.66,1499.54,1499.54,-0.01,13.92,20935.13,-1
2024-09-22,2024-09-22 13:48:00,1499.54,1499.54,1499.42,1499.42,-0.01,13.92,20935.13,-1
2024-09-22,2024-09-22 13:49:00,1499.42,1499.42,1499.31,1499.31,-0.01,13.92,20935.13,-1
2024-09-22,2024-09-22 13:50:00,1499.31,1499.31,1499.19,1499.19,-0.01,13.92,20935.13,-1
2024-09-22,2024-09-22 13:51:00,1499.19,1499.19,1499.08,1499.08,-0.01,13.92,20935.13,-1
2024-09-22,2024-09-22 13:52:00,1499.08,1499.08,1498.96,1498.96,-0.01,13.92,20935.13,-1
2024-09-22,2024-09-22 13:53:00,1498.96,1498.96,1498.85,1498.85,-0.01,13.92,20935.13,-1
2024-09-22,2024-09-22 13:54:00,1498.85,1498.85,1498.73,1498.73,-0.01,13.92,20935.13,-1
2024-09-22,2024-09-22 13:55:00,1498.73,1498.73,1498.61,1498.61,-0.01,13.92,20935.13,-1
2024-09-22,2024-09-22 13:56:00,1498.61,1498.61,1498.5,1498.5,-0.01,13.92,20935.13,-1
2024-09-22,2024-09-22 13:57:00,1498.5,1498.5,1498.38,1498.38,-0.01,13.92,20935.13,-1
2024-09-22,2024-09-22 13:58:00,1498.38,1498.38,1498.27,1498.27,-0.01,13.92,20935.13,-1
2024-09-22,2024-09-22 13:59:00,1498.27,1498.27,1498.15,1498.15,-0.01,13.92,20935.13,-1
2024-09-22,2024-09-22 14:00:00,1498.15,1498.15,1498.03,1498.03,-0.01,13.92,20935.13,-1
2024-09-22,2024-09-22 14:01:00,1498.03,1498.03,1497.92,1497.92,-0.01,13.92,20935.13,-1
2024-09-22,2024-09-22 14:02:00,1497.92,1497.92,1497.8,1497.8,-0.01,13.92,20935.13,-1
2024-09-22,2024-09-22 14:03:00,1497.8,1497.8,1497.69,1497.69,-0.01,13.92,20935.13,-1
2024-09-22,2024-09-22 14:04:00,1497.69,1497.69,1497.57,1497.57,-0.01,13.92,20935.13,-1
2024-09-22,2024-09-22 14:05:00,1497.57,1497.57,1497.45,1497.45,-0.01,13.92,20935.13,-1
2024-09-22,2024-09-22 14:06:00,1497.45,1497.45,1497.34,1497.34,-0.01,13.92,20935.13,-1
2024-09-22,2024-09-22 14:07:00,1497.34,1497.34,1497.22,1497.22,-0.01,13.92,20935.13,-1
2024-09-22,2024-09-22 14:08:00,1497.22,1497.22,1497.11,1497.11,-0.01,13.92,20935.13,-1
2024-09-22,2024-09-22 14:09:00,1497.11,1497.11,1496.99,1496.99,-0.01,13.92,20935.13,-1
2024-09-22,2024-09-22 14:10:00,1496.99,1496.99,1496.88,1496.88,-0.01,13.92,20935.13,-1
2024-09-22,2024-09-22 14:11:00,1496.88,1496.88,1496.76,1496.76,-0.01,13.92,20935.13,-1
2024-09-22,2024-09-22 14:12:00,1496.76,1496.76,1496.64,1496.64,-0.01,13.92,20935.13,-1
2024-09-22,2024-09-22 14:13:00,1496.64,1496.64,1496.53,1496.53,-0.01,13.92,20935.13,-1
2024-09-22,2024-09-22 14:14:00,1496.53,1496.53,1496.41,1496.41,-0.01,13.92,20935.13,-1
2024-09-22,2024-09-22 14:15:00,1496.41,1496.41,1496.3,1496.3,-0.01,13.92,20935.13,-1
2024-09-22,2024-09-22 14:16:00,1496.3,1496.3,1496.18,1496.18,-0.01,13.92,20935.13,-1
2024-09-22,2024-09-22 14:17:00,1496.18,1496.18,1496.07,1496.07,-0.01,13.92,20935.13,-1
2024-09-22,2024-09-22 14:18:00,1496.07,1496.07,1495.95,1495.95,-0.01,13.92,20935.13,-1
2024-09-22,2024-09-22 14:19:00,1495.95,1495.95,1495.83,1495.83,-0.01,13.92,20935.13,-1
2024-09-22,2024-09-22 14:20:00,1495.83,1495.83,1495.72,1495.72,-0.01,13.92,20935.13,-1
2024-09-22,2024-09-22 14:21:00,1495.72,1495.72,1495.6,1495.6,-0.01,13.92,20935.13,-1
2024-09-22,2024-09-22 14:22:00,1495.6,1495.6,1495.49,1495.49,-0.01,13.92,20935.13,-1
2024-09-22,2024-09-22 14:23:00,1495.49,1495.49,1495.37,1495.37,-0.01,13.92,20935.13,-1
2024-09-22,2024-09-22 14:24:00,1495.37,1495.37,1495.25,1495.25,-0.01,13.92,20935.13,-1
2024-09-22,2024-09-22 14:25:00,1495.25,1495.25,1495.14,1495.14,-0.01,13.92,20935.13,-1
2024-09-22,2024-09-22 14:26:00,1495.14,1495.14,1495.02,1495.02,-0.01,13.92,20935.13,-1
2024-09-22,2024-09-22 14:27:00,1495.02,1495.02,1494.91,1494.91,-0.01,13.92,20935.13,-1
2024-09-22,2024-09-22 14:28:00,1494.91,1494.91,1494.79,1494.79,-0.01,13.92,20935.13,-1
2024-09-22,2024-09-22 14:29:00,1494.79,1494.79,1494.67,1494.67,-0.01,13.92,20935.13,-1
2024-09-22,2024-09-22 14:30:00,1494.67,1494.67,1494.56,1494.56,-0.01,13.92,20935.13,-1
2024-09-22,2024-09-22 14:31:00,1494.56,1494.56,1494.44,1494.44,-0.01,13.92,20935.13,-1
2024-09-22,2024-09-22 14:32:00,1494.44,1494.44,1494.33,1494.33,-0.01,13.92,20935.13,-1
2024-09-22,2024-09-22 14:33:00,1494.33,1494.33,1494.21,1494.21,-0.01,13.92,20935.13,-1
2024-09-22,2024-09-22 14:34:00,1494.21,1494.21,1494.1,1494.1,-0.01,13.92,20935.13,-1
2024-09-22,2024-09-22 14:35:00,1494.1,1494.1,1493.98,1493.98,-0.01,13.92,20935.13,-1
2024-09-22,2024-09-22 14:36:00,1493.98,1493.98,1493.86,1493.86,-0.01,13.92,20935.13,-1
2024-09-22,2024-09-22 14:37:00,1493.86,1493.86,1493.75,1493.75,-0.01,13.92,20935.13,-1
2024-09-22,2024-09-22 14:38:00,1493.75,1493.75,1493.63,1493.63,-0.01,13.92,20935.13,-1
2024-09-22,2024-09-22 14:39:00,1493.63,1493.63,1493.52,1493.52,-0.01,13.92,20935.13,-1
2024-09-22,2024-09-22 14:40:00,1493.52,1493.52,1493.4,1493.4,-0.01,13.92,20935.13,-1
2024-09-22,2024-09-22 14:41:00,1493.4,1493.4,1493.29,1493.29,-0.01,13.92,20935.13,-1
2024-09-22,2024-09-22 14:42:00,1493.29,1493.29,1493.17,1493.17,-0.01,13.92,20935.13,-1
2024-09-22,2024-09-22 14:43:00,1493.17,1493.17,1493.05,1493.05,-0.01,13.92,20935.13,-1
2024-09-22,2024-09-22 14:44:00,1493.05,1493.05,1492.94,1492.94,-0.01,13.92,20935.13,-1
2024-09-22,2024-09-22 14:45:00,1492.94,1492.94,1492.82,1492.82,-0.01,13.92,20935.13,-1
2024-09-22,2024-09-22 14:46:00,1492.82,1492.82,1492.71,1492.71,-0.01,13.92,20935.13,-1
2024-09-22,2024-09-22 14:47:00,1492.71,1492.71,1492.59,1492.59,-0.01,13.92,20935.13,-1
2024-09-22,2024-09-22 14:48:00,1492.59,1492.59,1492.47,1492.47,-0.01,13.92,20935.13,-1
2024-09-22,2024-09-22 14:49:00,1492.47,1492.47,1492.36,1492.36,-0.01,13.92,20935.13,-1
2024-09-22,2024-09-22 14:50:00,1492.36,1492.36,1492.24,1492.24,-0.01,13.92,20935.13,-1
2024-09-22,2024-09-22 14:51:00,1492.24,1492.24,1492.13,1492.13,-0.01,13.92,20935.13,-1
2024-09-22,2024-09-22 14:52:00,1492.13,1492.13,1492.01,1492.01,-0.01,13.92,20935.13,-1
2024-09-22,2024-09-22 14:53:00,1492.01,1492.01,1491.89,1491.89,-0.01,13.92,20935.13,-1
2024-09-22,2024-09-22 14:54:00,1491.89,1491.89,1491.78,1491.78,-0.01,13.92,20935.13,-1
2024-09-22,2024-09-22 14:55:00,1491.78,1491.78,1491.66,1491.66,-0.01,13.92,20935.13,-1
2024-09-22,2024-09-22 14:56:00,1491.66,1491.66,1491.55,1491.55,-0.01,13.92,20935.13,-1
2024-09-22,2024-09-22 14:57:00,1491.55,1491.55,1491.43,1491.43,-0.01,13.92,20935.13,-1
2024-09-22,2024-09-22 14:58:00,1491.43,1491.43,1491.32,1491.32,-0.01,13.92,20935.13,-1
2024-09-22,2024-09-22 14:59:00,1491.32,1491.32,1491.2,1491.2,-0.01,13.92,20935.13,-1
2024-09-22,2024-09-22 15:00:00,1491.2,1543.3,1486.0,1491.2,0.0,13.92,20935.13,0
2024-09-23,2024-09-23 11:00:00,1462.0,1499.2,1462.0,1462.11,0.01,24.51,36291.0,1
2024-09-23,2024-09-23 11:01:00,1462.11,1462.23,1462.11,1462.23,0.01,24.51,36291.0,1
2024-09-23,2024-09-23 11:02:00,1462.23,1462.34,1462.23,1462.34,0.01,24.51,36291.0,1
2024-09-23,2024-09-23 11:03:00,1462.34,1462.45,1462.34,1462.45,0.01,24.51,36291.0,1
2024-09-23,2024-09-23 11:04:00,1462.45,1462.56,1462.45,1462.56,0.01,24.51,36291.0,1
2024-09-23,2024-09-23 11:05:00,1462.56,1462.68,1462.56,1462.68,0.01,24.51,36291.0,1
2024-09-23,2024-09-23 11:06:00,1462.68,1462.79,1462.68,1462.79,0.01,24.51,36291.0,1
2024-09-23,2024-09-23 11:07:00,1462.79,1462.9,1462.79,1462.9,0.01,24.51,36291.0,1
2024-09-23,2024-09-23 11:08:00,1462.9,1463.02,1462.9,1463.02,0.01,24.51,36291.0,1
2024-09-23,2024-09-23 11:09:00,1463.02,1463.13,1463.02,1463.13,0.01,24.51,36291.0,1
2024-09-23,2024-09-23 11:10:00,1463.13,1463.24,1463.13,1463.24,0.01,24.51,36291.0,1
2024-09-23,2024-09-23 11:11:00,1463.24,1463.36,1463.24,1463.36,0.01,24.51,36291.0,1
2024-09-23,2024-09-23 11:12:00,1463.36,1463.47,1463.36,1463.47,0.01,24.51,36291.0,1
2024-09-23,2024-09-23 11:13:00,1463.47,1463.58,1463.47,1463.58,0.01,24.51,36291.0,1
2024-09-23,2024-09-23 11:14:00,1463.58,1463.69,1463.58,1463.69,0.01,24.51,36291.0,1
2024-09-23,2024-09-23 11:15:00,1463.69,1463.81,1463.69,1463.81,0.01,24.51,36291.0,1
2024-09-23,2024-09-23 11:16:00,1463.81,1463.92,1463.81,1463.92,0.01,24.51,36291.0,1
2024-09-23,2024-09-23 11:17:00,1463.92,1464.03,1463.92,1464.03,0.01,24.51,36291.0,1
2024-09-23,2024-09-23 11:18:00,1464.03,1464.15,1464.03,1464.15,0.01,24.51,36291.0,1
2024-09-23,2024-09-23 11:19:00,1464.15,1464.26,1464.15,1464.26,0.01,24.51,36291.0,1
2024-09-23,2024-09-23 11:20:00,1464.26,1464.37,1464.26,1464.37,0.01,24.51,36291.0,1
2024-09-23,2024-09-23 11:21:00,1464.37,1464.48,1464.37,1464.48,0.01,24.51,36291.0,1
2024-09-23,2024-09-23 11:22:00,1464.48,1464.6,1464.48,1464.6,0.01,24.51,36291.0,1
2024-09-23,2024-09-23 11:23:00,1464.6,1464.71,1464.6,1464.71,0.01,24.51,36291.0,1
2024-09-23,2024-09-23 11:24:00,1464.71,1464.82,1464.71,1464.82,0.01,24.51,36291.0,1
2024-09-23,2024-09-23 11:25:00,1464.82,1464.94,1464.82,1464.94,0.01,24.51,36291.0,1
2024-09-23,2024-09-23 11:26:00,1464.94,1465.05,1464.94,1465.05,0.01,24.51,36291.0,1
2024-09-23,2024-09-23 11:27:00,1465.05,1465.16,1465.05,1465.16,0.01,24.51,36291.0,1
2024-09-23,2024-09-23 11:28:00,1465.16,1465.27,1465.16,1465.27,0.01,24.51,36291.0,1
2024-09-23,2024-09-23 11:29:00,1465.27,1465.39,1465.27,1465.39,0.01,24.51,36291.0,1
2024-09-23,2024-09-23 11:30:00,1465.39,1465.5,1465.39,1465.5,0.01,24.51,36291.0,1
2024-09-23,2024-09-23 11:31:00,1465.5,1465.61,1465.5,1465.61,0.01,24.51,36291.0,1
2024-09-23,2024-09-23 11:32:00,1465.61,1465.73,1465.61,1465.73,0.01,24.51,36291.0,1
2024-09-23,2024-09-23 11:33:00,1465.73,1465.84,1465.73,1465.84,0.01,24.51,36291.0,1
2024-09-23,2024-09-23 11:34:00,1465.84,1465.95,1465.84,1465.95,0.01,24.51,36291.0,1
2024-09-23,2024-09-23 11:35:00,1465.95,1466.07,1465.95,1466.07,0.01,24.51,36291.0,1
2024-09-23,2024-09-23 11:36:00,1466.07,1466.18,1466.07,1466.18,0.01,24.51,36291.0,1
2024-09-23,2024-09-23 11:37:00,1466.18,1466.29,1466.18,1466.29,0.01,24.51,36291.0,1
2024-09-23,2024-09-23 11:38:00,1466.29,1466.4,1466.29,1466.4,0.01,24.51,36291.0,1
2024-09-23,2024-09-23 11:39:00,1466.4,1466.52,1466.4,1466.52,0.01,24.51,36291.0,1
2024-09-23,2024-09-23 11:40:00,1466.52,1466.63,1466.52,1466.63,0.01,24.51,36291.0,1
2024-09-23,2024-09-23 11:41:00,1466.63,1466.74,1466.63,1466.74,0.01,24.51,36291.0,1
2024-09-23,2024-09-23 11:42:00,1466.74,1466.86,1466.74,1466.86,0.01,24.51,36291.0,1
2024-09-23,2024-09-23 11:43:00,1466.86,1466.97,1466.86,1466.97,0.01,24.51,36291.0,1
2024-09-23,2024-09-23 11:44:00,1466.97,1467.08,1466.97,1467.08,0.01,24.51,36291.0,1
2024-09-23,2024-09-23 11:45:00,1467.08,1467.19,1467.08,1467.19,0.01,24.51,36291.0,1
2024-09-23,2024-09-23 11:46:00,1467.19,1467.31,1467.19,1467.31,0.01,24.51,36291.0,1
2024-09-23,2024-09-23 11:47:00,1467.31,1467.42,1467.31,1467.42,0.01,24.51,36291.0,1
2024-09-23,2024-09-23 11:48:00,1467.42,1467.53,1467.42,1467.53,0.01,24.51,36291.0,1
2024-09-23,2024-09-23 11:49:00,1467.53,1467.65,1467.53,1467.65,0.01,24.51,36291.0,1
2024-09-23,2024-09-23 11:50:00,1467.65,1467.76,1467.65,1467.76,0.01,24.51,36291.0,1
2024-09-23,2024-09-23 11:51:00,1467.76,1467.87,1467.76,1467.87,0.01,24.51,36291.0,1
2024-09-23,2024-09-23 11:52:00,1467.87,1467.98,1467.87,1467.98,0.01,24.51,36291.0,1
2024-09-23,2024-09-23 11:53:00,1467.98,1468.1,1467.98,1468.1,0.01,24.51,36291.0,1
2024-09-23,2024-09-23 11:54:00,1468.1,1468.21,1468.1,1468.21,0.01,24.51,36291.0,1
2024-09-23,2024-09-23 11:55:00,1468.21,1468.32,1468.21,1468.32,0.01,24.51,36291.0,1
2024-09-23,2024-09-23 11:56:00,1468.32,1468.44,1468.32,1468.44,0.01,24.51,36291.0,1
2024-09-23,2024-09-23 11:57:00,1468.44,1468.55,1468.44,1468.55,0.01,24.51,36291.0,1
2024-09-23,2024-09-23 11:58:00,1468.55,1468.66,1468.55,1468.66,0.01,24.51,36291.0,1
2024-09-23,2024-09-23 11:59:00,1468.66,1468.78,1468.66,1468.78,0.01,24.51,36291.0,1
2024-09-23,2024-09-23 12:00:00,1468.78,1468.89,1468.78,1468.89,0.01,24.51,36291.0,1
2024-09-23,2024-09-23 12:01:00,1468.89,1469.0,1468.89,1469.0,0.01,24.51,36291.0,1
2024-09-23,2024-09-23 12:02:00,1469.0,1469.11,1469.0,1469.11,0.01,24.51,36291.0,1
2024-09-23,2024-09-23 12:03:00,1469.11,1469.23,1469.11,1469.23,0.01,24.51,36291.0,1
2024-09-23,2024-09-23 12:04:00,1469.23,1469.34,1469.23,1469.34,0.01,24.51,36291.0,1
2024-09-23,2024-09-23 12:05:00,1469.34,1469.45,1469.34,1469.45,0.01,24.51,36291.0,1
2024-09-23,2024-09-23 12:06:00,1469.45,1469.57,1469.45,1469.57,0.01,24.51,36291.0,1
2024-09-23,2024-09-23 12:07:00,1469.57,1469.68,1469.57,1469.68,0.01,24.51,36291.0,1
2024-09-23,2024-09-23 12:08:00,1469.68,1469.79,1469.68,1469.79,0.01,24.51,36291.0,1
2024-09-23,2024-09-23 12:09:00,1469.79,1469.9,1469.79,1469.9,0.01,24.51,36291.0,1
2024-09-23,2024-09-23 12:10:00,1469.9,1470.02,1469.9,1470.02,0.01,24.51,36291.0,1
2024-09-23,2024-09-23 12:11:00,1470.02,1470.13,1470.02,1470.13,0.01,24.51,36291.0,1
2024-09-23,2024-09-23 12:12:00,1470.13,1470.24,1470.13,1470.24,0.01,24.51,36291.0,1
2024-09-23,2024-09-23 12:13:00,1470.24,1470.36,1470.24,1470.36,0.01,24.51,36291.0,1
2024-09-23,2024-09-23 12:14:00,1470.36,1470.47,1470.36,1470.47,0.01,24.51,36291.0,1
2024-09-23,2024-09-23 12:15:00,1470.47,1470.58,1470.47,1470.58,0.01,24.51,36291.0,1
2024-09-23,2024-09-23 12:16:00,1470.58,1470.69,1470.58,1470.69,0.01,24.51,36291.0,1
2024-09-23,2024-09-23 12:17:00,1470.69,1470.81,1470.69,1470.81,0.01,24.51,36291.0,1
2024-09-23,2024-09-23 12:18:00,1470.81,1470.92,1470.81,1470.92,0.01,24.51,36291.0,1
2024-09-23,2024-09-23 12:19:00,1470.92,1471.03,1470.92,1471.03,0.01,24.51,36291.0,1
2024-09-23,2024-09-23 12:20:00,1471.03,1471.15,1471.03,1471.15,0.01,24.51,36291.0,1
2024-09-23,2024-09-23 12:21:00,1471.15,1471.26,1471.15,1471.26,0.01,24.51,36291.0,1
2024-09-23,2024-09-23 12:22:00,1471.26,1471.37,1471.26,1471.37,0.01,24.51,36291.0,1
2024-09-23,2024-09-23 12:23:00,1471.37,1471.48,1471.37,1471.48,0.01,24.51,36291.0,1
2024-09-23,2024-09-23 12:24:00,1471.48,1471.6,1471.48,1471.6,0.01,24.51,36291.0,1
2024-09-23,2024-09-23 12:25:00,1471.6,1471.71,1471.6,1471.71,0.01,24.51,36291.0,1
2024-09-23,2024-09-23 12:26:00,1471.71,1471.82,1471.71,1471.82,0.01,24.51,36291.0,1
2024-09-23,2024-09-23 12:27:00,1471.82,1471.94,1471.82,1471.94,0.01,24.51,36291.0,1
2024-09-23,2024-09-23 12:28:00,1471.94,1472.05,1471.94,1472.05,0.01,24.51,36291.0,1
2024-09-23,2024-09-23 12:29:00,1472.05,1472.16,1472.05,1472.16,0.01,24.51,36291.0,1
2024-09-23,2024-09-23 12:30:00,1472.16,1472.28,1472.16,1472.28,0.01,24.51,36291.0,1
2024-09-23,2024-09-23 12:31:00,1472.28,1472.39,1472.28,1472.39,0.01,24.51,36291.0,1
2024-09-23,2024-09-23 12:32:00,1472.39,1472.5,1472.39,1472.5,0.01,24.51,36291.0,1
2024-09-23,2024-09-23 12:33:00,1472.5,1472.61,1472.5,1472.61,0.01,24.51,36291.0,1
2024-09-23,2024-09-23 12:34:00,1472.61,1472.73,1472.61,1472.73,0.01,24.51,36291.0,1
2024-09-23,2024-09-23 12:35:00,1472.73,1472.84,1472.73,1472.84,0.01,24.51,36291.0,1
2024-09-23,2024-09-23 12:36:00,1472.84,1472.95,1472.84,1472.95,0.01,24.51,36291.0,1
2024-09-23,2024-09-23 12:37:00,1472.95,1473.07,1472.95,1473.07,0.01,24.51,36291.0,1
2024-09-23,2024-09-23 12:38:00,1473.07,1473.18,1473.07,1473.18,0.01,24.51,36291.0,1
2024-09-23,2024-09-23 12:39:00,1473.18,1473.29,1473.18,1473.29,0.01,24.51,36291.0,1
2024-09-23,2024-09-23 12:40:00,1473.29,1473.4,1473.29,1473.4,0.01,24.51,36291.0,1
2024-09-23,2024-09-23 12:41:00,1473.4,1473.52,1473.4,1473.52,0.01,24.51,36291.0,1
2024-09-23,2024-09-23 12:42:00,1473.52,1473.63,1473.52,1473.63,0.01,24.51,36291.0,1
2024-09-23,2024-09-23 12:43:00,1473.63,1473.74,1473.63,1473.74,0.01,24.51,36291.0,1
2024-09-23,2024-09-23 12:44:00,1473.74,1473.86,1473.74,1473.86,0.01,24.51,36291.0,1
2024-09-23,2024-09-23 12:45:00,1473.86,1473.97,1473.86,1473.97,0.01,24.51,36291.0,1
2024-09-23,2024-09-23 12:46:00,1473.97,1474.08,1473.97,1474.08,0.01,24.51,36291.0,1
2024-09-23,2024-09-23 12:47:00,1474.08,1474.19,1474.08,1474.19,0.01,24.51,36291.0,1
2024-09-23,2024-09-23 12:48:00,1474.19,1474.31,1474.19,1474.31,0.01,24.51,36291.0,1
2024-09-23,2024-09-23 12:49:00,1474.31,1474.42,1474.31,1474.42,0.01,24.51,36291.0,1
2024-09-23,2024-09-23 12:50:00,1474.42,1474.53,1474.42,1474.53,0.01,24.51,36291.0,1
2024-09-23,2024-09-23 12:51:00,1474.53,1474.65,1474.53,1474.65,0.01,24.51,36291.0,1
2024-09-23,2024-09-23 12:52:00,1474.65,1474.76,1474.65,1474.76,0.01,24.51,36291.0,1
2024-09-23,2024-09-23 12:53:00,1474.76,1474.87,1474.76,1474.87,0.01,24.51,36291.0,1
2024-09-23,2024-09-23 12:54:00,1474.87,1474.99,1474.87,1474.99,0.01,24.51,36291.0,1
2024-09-23,2024-09-23 12:55:00,1474.99,1475.1,1474.99,1475.1,0.01,24.51,36291.0,1
2024-09-23,2024-09-23 12:56:00,1475.1,1475.21,1475.1,1475.21,0.01,24.51,36291.0,1
2024-09-23,2024-09-23 12:57:00,1475.21,1475.32,1475.21,1475.32,0.01,24.51,36291.0,1
2024-09-23,2024-09-23 12:58:00,1475.32,1475.44,1475.32,1475.44,0.01,24.51,36291.0,1
2024-09-23,2024-09-23 12:59:00,1475.44,1475.55,1475.44,1475.55,0.01,24.51,36291.0,1
2024-09-23,2024-09-23 13:00:00,1475.55,1586.0,1462.0,1475.66,0.01,24.51,36291.0,1
2024-09-23,2024-09-23 13:01:00,1475.66,1475.78,1475.66,1475.78,0.01,24.51,36291.0,1
2024-09-23,2024-09-23 13:02:00,1475.78,1475.89,1475.78,1475.89,0.01,24.51,36291.0,1
2024-09-23,2024-09-23 13:03:00,1475.89,1476.0,1475.89,1476.0,0.01,24.51,36291.0,1
2024-09-23,2024-09-23 13:04:00,1476.0,1476.11,1476.0,1476.11,0.01,24.51,36291.0,1
2024-09-23,2024-09-23 13:05:00,1476.11,1476.23,1476.11,1476.23,0.01,24.51,36291.0,1
2024-09-23,2024-09-23 13:06:00,1476.23,1476.34,1476.23,1476.34,0.01,24.51,36291.0,1
2024-09-23,2024-09-23 13:07:00,1476.34,1476.45,1476.34,1476.45,0.01,24.51,36291.0,1
2024-09-23,2024-09-23 13:08:00,1476.45,1476.57,1476.45,1476.57,0.01,24.51,36291.0,1
2024-09-23,2024-09-23 13:09:00,1476.57,1476.68,1476.57,1476.68,0.01,24.51,36291.0,1
2024-09-23,2024-09-23 13:10:00,1476.68,1476.79,1476.68,1476.79,0.01,24.51,36291.0,1
2024-09-23,2024-09-23 13:11:00,1476.79,1476.9,1476.79,1476.9,0.01,24.51,36291.0,1
2024-09-23,2024-09-23 13:12:00,1476.9,1477.02,1476.9,1477.02,0.01,24.51,36291.0,1
2024-09-23,2024-09-23 13:13:00,1477.02,1477.13,1477.02,1477.13,0.01,24.51,36291.0,1
2024-09-23,2024-09-23 13:14:00,1477.13,1477.24,1477.13,1477.24,0.01,24.51,36291.0,1
2024-09-23,2024-09-23 13:15:00,1477.24,1477.36,1477.24,1477.36,0.01,24.51,36291.0,1
2024-09-23,2024-09-23 13:16:00,1477.36,1477.47,1477.36,1477.47,0.01,24.51,36291.0,1
2024-09-23,2024-09-23 13:17:00,1477.47,1477.58,1477.47,1477.58,0.01,24.51,36291.0,1
2024-09-23,2024-09-23 13:18:00,1477.58,1477.7,1477.58,1477.7,0.01,24.51,36291.0,1
2024-09-23,2024-09-23 13:19:00,1477.7,1477.81,1477.7,1477.81,0.01,24.51,36291.0,1
2024-09-23,2024-09-23 13:20:00,1477.81,1477.92,1477.81,1477.92,0.01,24.51,36291.0,1
2024-09-23,2024-09-23 13:21:00,1477.92,1478.03,1477.92,1478.03,0.01,24.51,36291.0,1
2024-09-23,2024-09-23 13:22:00,1478.03,1478.15,1478.03,1478.15,0.01,24.51,36291.0,1
2024-09-23,2024-09-23 13:23:00,1478.15,1478.26,1478.15,1478.26,0.01,24.51,36291.0,1
2024-09-23,2024-09-23 13:24:00,1478.26,1478.37,1478.26,1478.37,0.01,24.51,36291.0,1
2024-09-23,2024-09-23 13:25:00,1478.37,1478.49,1478.37,1478.49,0.01,24.51,36291.0,1
2024-09-23,2024-09-23 13:26:00,1478.49,1478.6,1478.49,1478.6,0.01,24.51,36291.0,1
2024-09-23,2024-09-23 13:27:00,1478.6,1478.71,1478.6,1478.71,0.01,24.51,36291.0,1
2024-09-23,2024-09-23 13:28:00,1478.71,1478.82,1478.71,1478.82,0.01,24.51,36291.0,1
2024-09-23,2024-09-23 13:29:00,1478.82,1478.94,1478.82,1478.94,0.01,24.51,36291.0,1
2024-09-23,2024-09-23 13:30:00,1478.94,1479.05,1478.94,1479.05,0.01,24.51,36291.0,1
2024-09-23,2024-09-23 13:31:00,1479.05,1479.16,1479.05,1479.16,0.01,24.51,36291.0,1
2024-09-23,2024-09-23 13:32:00,1479.16,1479.28,1479.16,1479.28,0.01,24.51,36291.0,1
2024-09-23,2024-09-23 13:33:00,1479.28,1479.39,1479.28,1479.39,0.01,24.51,36291.0,1
2024-09-23,2024-09-23 13:34:00,1479.39,1479.5,1479.39,1479.5,0.01,24.51,36291.0,1
2024-09-23,2024-09-23 13:35:00,1479.5,1479.62,1479.5,1479.62,0.01,24.51,36291.0,1
2024-09-23,2024-09-23 13:36:00,1479.62,1479.73,1479.62,1479.73,0.01,24.51,36291.0,1
2024-09-23,2024-09-23 13:37:00,1479.73,1479.84,1479.73,1479.84,0.01,24.51,36291.0,1
2024-09-23,2024-09-23 13:38:00,1479.84,1479.95,1479.84,1479.95,0.01,24.51,36291.0,1
2024-09-23,2024-09-23 13:39:00,1479.95,1480.07,1479.95,1480.07,0.01,24.51,36291.0,1
2024-09-23,2024-09-23 13:40:00,1480.07,1480.18,1480.07,1480.18,0.01,24.51,36291.0,1
2024-09-23,2024-09-23 13:41:00,1480.18,1480.29,1480.18,1480.29,0.01,24.51,36291.0,1
2024-09-23,2024-09-23 13:42:00,1480.29,1480.41,1480.29,1480.41,0.01,24.51,36291.0,1
2024-09-23,2024-09-23 13:43:00,1480.41,1480.52,1480.41,1480.52,0.01,24.51,36291.0,1
2024-09-23,2024-09-23 13:44:00,1480.52,1480.63,1480.52,1480.63,0.01,24.51,36291.0,1
2024-09-23,2024-09-23 13:45:00,1480.63,1480.74,1480.63,1480.74,0.01,24.51,36291.0,1
2024-09-23,2024-09-23 13:46:00,1480.74,1480.86,1480.74,1480.86,0.01,24.51,36291.0,1
2024-09-23,2024-09-23 13:47:00,1480.86,1480.97,1480.86,1480.97,0.01,24.51,36291.0,1
2024-09-23,2024-09-23 13:48:00,1480.97,1481.08,1480.97,1481.08,0.01,24.51,36291.0,1
2024-09-23,2024-09-23 13:49:00,1481.08,1481.2,1481.08,1481.2,0.01,24.51,36291.0,1
2024-09-23,2024-09-23 13:50:00,1481.2,1481.31,1481.2,1481.31,0.01,24.51,36291.0,1
2024-09-23,2024-09-23 13:51:00,1481.31,1481.42,1481.31,1481.42,0.01,24.51,36291.0,1
2024-09-23,2024-09-23 13:52:00,1481.42,1481.53,1481.42,1481.53,0.01,24.51,36291.0,1
2024-09-23,2024-09-23 13:53:00,1481.53,1481.65,1481.53,1481.65,0.01,24.51,36291.0,1
2024-09-23,2024-09-23 13:54:00,1481.65,1481.76,1481.65,1481.76,0.01,24.51,36291.0,1
2024-09-23,2024-09-23 13:55:00,1481.76,1481.87,1481.76,1481.87,0.01,24.51,36291.0,1
2024-09-23,2024-09-23 13:56:00,1481.87,1481.99,1481.87,1481.99,0.01,24.51,36291.0,1
2024-09-23,2024-09-23 13:57:00,1481.99,1482.1,1481.99,1482.1,0.01,24.51,36291.0,1
2024-09-23,2024-09-23 13:58:00,1482.1,1482.21,1482.1,1482.21,0.01,24.51,36291.0,1
2024-09-23,2024-09-23 13:59:00,1482.21,1482.32,1482.21,1482.32,0.01,24.51,36291.0,1
2024-09-23,2024-09-23 14:00:00,1482.32,1482.44,1482.32,1482.44,0.01,24.51,36291.0,1
2024-09-23,2024-09-23 14:01:00,1482.44,1482.55,1482.44,1482.55,0.01,24.51,36291.0,1
2024-09-23,2024-09-23 14:02:00,1482.55,1482.66,1482.55,1482.66,0.01,24.51,36291.0,1
2024-09-23,2024-09-23 14:03:00,1482.66,1482.78,1482.66,1482.78,0.01,24.51,36291.0,1
2024-09-23,2024-09-23 14:04:00,1482.78,1482.89,1482.78,1482.89,0.01,24.51,36291.0,1
2024-09-23,2024-09-23 14:05:00,1482.89,1483.0,1482.89,1483.0,0.01,24.51,36291.0,1
2024-09-23,2024-09-23 14:06:00,1483.0,1483.12,1483.0,1483.12,0.01,24.51,36291.0,1
2024-09-23,2024-09-23 14:07:00,1483.12,1483.23,1483.12,1483.23,0.01,24.51,36291.0,1
2024-09-23,2024-09-23 14:08:00,1483.23,1483.34,1483.23,1483.34,0.01,24.51,36291.0,1
2024-09-23,2024-09-23 14:09:00,1483.34,1483.45,1483.34,1483.45,0.01,24.51,36291.0,1
2024-09-23,2024-09-23 14:10:00,1483.45,1483.57,1483.45,1483.57,0.01,24.51,36291.0,1
2024-09-23,2024-09-23 14:11:00,1483.57,1483.68,1483.57,1483.68,0.01,24.51,36291.0,1
2024-09-23,2024-09-23 14:12:00,1483.68,1483.79,1483.68,1483.79,0.01,24.51,36291.0,1
2024-09-23,2024-09-23 14:13:00,1483.79,1483.91,1483.79,1483.91,0.01,24.51,36291.0,1
2024-09-23,2024-09-23 14:14:00,1483.91,1484.02,1483.91,1484.02,0.01,24.51,36291.0,1
2024-09-23,2024-09-23 14:15:00,1484.02,1484.13,1484.02,1484.13,0.01,24.51,36291.0,1
2024-09-23,2024-09-23 14:16:00,1484.13,1484.24,1484.13,1484.24,0.01,24.51,36291.0,1
2024-09-23,2024-09-23 14:17:00,1484.24,1484.36,1484.24,1484.36,0.01,24.51,36291.0,1
2024-09-23,2024-09-23 14:18:00,1484.36,1484.47,1484.36,1484.47,0.01,24.51,36291.0,1
2024-09-23,2024-09-23 14:19:00,1484.47,1484.58,1484.47,1484.58,0.01,24.51,36291.0,1
2024-09-23,2024-09-23 14:20:00,1484.58,1484.7,1484.58,1484.7,0.01,24.51,36291.0,1
2024-09-23,2024-09-23 14:21:00,1484.7,1484.81,1484.7,1484.81,0.01,24.51,36291.0,1
2024-09-23,2024-09-23 14:22:00,1484.81,1484.92,1484.81,1484.92,0.01,24.51,36291.0,1
2024-09-23,2024-09-23 14:23:00,1484.92,1485.03,1484.92,1485.03,0.01,24.51,36291.0,1
2024-09-23,2024-09-23 14:24:00,1485.03,1485.15,1485.03,1485.15,0.01,24.51,36291.0,1
2024-09-23,2024-09-23 14:25:00,1485.15,1485.26,1485.15,1485.26,0.01,24.51,36291.0,1
2024-09-23,2024-09-23 14:26:00,1485.26,1485.37,1485.26,1485.37,0.01,24.51,36291.0,1
2024-09-23,2024-09-23 14:27:00,1485.37,1485.49,1485.37,1485.49,0.01,24.51,36291.0,1
2024-09-23,2024-09-23 14:28:00,1485.49,1485.6,1485.49,1485.6,0.01,24.51,36291.0,1
2024-09-23,2024-09-23 14:29:00,1485.6,1485.71,1485.6,1485.71,0.01,24.51,36291.0,1
2024-09-23,2024-09-23 14:30:00,1485.71,1485.83,1485.71,1485.83,0.01,24.51,36291.0,1
2024-09-23,2024-09-23 14:31:00,1485.83,1485.94,1485.83,1485.94,0.01,24.51,36291.0,1
2024-09-23,2024-09-23 14:32:00,1485.94,1486.05,1485.94,1486.05,0.01,24.51,36291.0,1
2024-09-23,2024-09-23 14:33:00,1486.05,1486.16,1486.05,1486.16,0.01,24.51,36291.0,1
2024-09-23,2024-09-23 14:34:00,1486.16,1486.28,1486.16,1486.28,0.01,24.51,36291.0,1
2024-09-23,2024-09-23 14:35:00,1486.28,1486.39,1486.28,1486.39,0.01,24.51,36291.0,1
2024-09-23,2024-09-23 14:36:00,1486.39,1486.5,1486.39,1486.5,0.01,24.51,36291.0,1
2024-09-23,2024-09-23 14:37:00,1486.5,1486.62,1486.5,1486.62,0.01,24.51,36291.0,1
2024-09-23,2024-09-23 14:38:00,1486.62,1486.73,1486.62,1486.73,0.01,24.51,36291.0,1
2024-09-23,2024-09-23 14:39:00,1486.73,1486.84,1486.73,1486.84,0.01,24.51,36291.0,1
2024-09-23,2024-09-23 14:40:00,1486.84,1486.95,1486.84,1486.95,0.01,24.51,36291.0,1
2024-09-23,2024-09-23 14:41:00,1486.95,1487.07,1486.95,1487.07,0.01,24.51,36291.0,1
2024-09-23,2024-09-23 14:42:00,1487.07,1487.18,1487.07,1487.18,0.01,24.51,36291.0,1
2024-09-23,2024-09-23 14:43:00,1487.18,1487.29,1487.18,1487.29,0.01,24.51,36291.0,1
2024-09-23,2024-09-23 14:44:00,1487.29,1487.41,1487.29,1487.41,0.01,24.51,36291.0,1
2024-09-23,2024-09-23 14:45:00,1487.41,1487.52,1487.41,1487.52,0.01,24.51,36291.0,1
2024-09-23,2024-09-23 14:46:00,1487.52,1487.63,1487.52,1487.63,0.01,24.51,36291.0,1
2024-09-23,2024-09-23 14:47:00,1487.63,1487.74,1487.63,1487.74,0.01,24.51,36291.0,1
2024-09-23,2024-09-23 14:48:00,1487.74,1487.86,1487.74,1487.86,0.01,24.51,36291.0,1
2024-09-23,2024-09-23 14:49:00,1487.86,1487.97,1487.86,1487.97,0.01,24.51,36291.0,1
2024-09-23,2024-09-23 14:50:00,1487.97,1488.08,1487.97,1488.08,0.01,24.51,36291.0,1
2024-09-23,2024-09-23 14:51:00,1488.08,1488.2,1488.08,1488.2,0.01,24.51,36291.0,1
2024-09-23,2024-09-23 14:52:00,1488.2,1488.31,1488.2,1488.31,0.01,24.51,36291.0,1
2024-09-23,2024-09-23 14:53:00,1488.31,1488.42,1488.31,1488.42,0.01,24.51,36291.0,1
2024-09-23,2024-09-23 14:54:00,1488.42,1488.54,1488.42,1488.54,0.01,24.51,36291.0,1
2024-09-23,2024-09-23 14:55:00,1488.54,1488.65,1488.54,1488.65,0.01,24.51,36291.0,1
2024-09-23,2024-09-23 14:56:00,1488.65,1488.76,1488.65,1488.76,0.01,24.51,36291.0,1
2024-09-23,2024-09-23 14:57:00,1488.76,1488.87,1488.76,1488.87,0.01,24.51,36291.0,1
2024-09-23,2024-09-23 14:58:00,1488.87,1488.99,1488.87,1488.99,0.01,24.51,36291.0,1
2024-09-23,2024-09-23 14:59:00,1488.99,1489.1,1488.99,1489.1,0.01,24.51,36291.0,1
2024-09-23,2024-09-23 15:00:00,1489.1,1586.0,1462.0,1489.1,0.0,24.51,36291.0,0
2024-09-24,2024-09-24 11:00:00,1460.0,1486.7,1460.0,1460.37,0.03,35.15,52645.05,1
2024-09-24,2024-09-24 11:01:00,1460.37,1460.74,1460.37,1460.74,0.03,35.15,52645.05,1
2024-09-24,2024-09-24 11:02:00,1460.74,1461.11,1460.74,1461.11,0.03,35.15,52645.05,1
2024-09-24,2024-09-24 11:03:00,1461.11,1461.48,1461.11,1461.48,0.03,35.15,52645.05,1
2024-09-24,2024-09-24 11:04:00,1461.48,1461.85,1461.48,1461.85,0.03,35.15,52645.05,1
2024-09-24,2024-09-24 11:05:00,1461.85,1462.22,1461.85,1462.22,0.03,35.15,52645.05,1
2024-09-24,2024-09-24 11:06:00,1462.22,1462.6,1462.22,1462.6,0.03,35.15,52645.05,1
2024-09-24,2024-09-24 11:07:00,1462.6,1462.97,1462.6,1462.97,0.03,35.15,52645.05,1
2024-09-24,2024-09-24 11:08:00,1462.97,1463.34,1462.97,1463.34,0.03,35.15,52645.05,1
2024-09-24,2024-09-24 11:09:00,1463.34,1463.71,1463.34,1463.71,0.03,35.15,52645.05,1
2024-09-24,2024-09-24 11:10:00,1463.71,1464.08,1463.71,1464.08,0.03,35.15,52645.05,1
2024-09-24,2024-09-24 11:11:00,1464.08,1464.45,1464.08,1464.45,0.03,35.15,52645.05,1
2024-09-24,2024-09-24 11:12:00,1464.45,1464.82,1464.45,1464.82,0.03,35.15,52645.05,1
2024-09-24,2024-09-24 11:13:00,1464.82,1465.19,1464.82,1465.19,0.03,35.15,52645.05,1
2024-09-24,2024-09-24 11:14:00,1465.19,1465.56,1465.19,1465.56,0.03,35.15,52645.05,1
2024-09-24,2024-09-24 11:15:00,1465.56,1465.93,1465.56,1465.93,0.03,35.15,52645.05,1
2024-09-24,2024-09-24 11:16:00,1465.93,1466.3,1465.93,1466.3,0.03,35.15,52645.05,1
2024-09-24,2024-09-24 11:17:00,1466.3,1466.67,1466.3,1466.67,0.03,35.15,52645.05,1
2024-09-24,2024-09-24 11:18:00,1466.67,1467.05,1466.67,1467.05,0.03,35.15,52645.05,1
2024-09-24,2024-09-24 11:19:00,1467.05,1467.42,1467.05,1467.42,0.03,35.15,52645.05,1
2024-09-24,2024-09-24 11:20:00,1467.42,1467.79,1467.42,1467.79,0.03,35.15,52645.05,1
2024-09-24,2024-09-24 11:21:00,1467.79,1468.16,1467.79,1468.16,0.03,35.15,52645.05,1
2024-09-24,2024-09-24 11:22:00,1468.16,1468.53,1468.16,1468.53,0.03,35.15,52645.05,1
2024-09-24,2024-09-24 11:23:00,1468.53,1468.9,1468.53,1468.9,0.03,35.15,52645.05,1
2024-09-24,2024-09-24 11:24:00,1468.9,1469.27,1468.9,1469.27,0.03,35.15,52645.05,1
2024-09-24,2024-09-24 11:25:00,1469.27,1469.64,1469.27,1469.64,0.03,35.15,52645.05,1
2024-09-24,2024-09-24 11:26:00,1469.64,1470.01,1469.64,1470.01,0.03,35.15,52645.05,1
2024-09-24,2024-09-24 11:27:00,1470.01,1470.38,1470.01,1470.38,0.03,35.15,52645.05,1
2024-09-24,2024-09-24 11:28:00,1470.38,1470.75,1470.38,1470.75,0.03,35.15,52645.05,1
2024-09-24,2024-09-24 11:29:00,1470.75,1471.12,1470.75,1471.12,0.03,35.15,52645.05,1
2024-09-24,2024-09-24 11:30:00,1471.12,1471.5,1471.12,1471.5,0.03,35.15,52645.05,1
2024-09-24,2024-09-24 11:31:00,1471.5,1471.87,1471.5,1471.87,0.03,35.15,52645.05,1
2024-09-24,2024-09-24 11:32:00,1471.87,1472.24,1471.87,1472.24,0.03,35.15,52645.05,1
2024-09-24,2024-09-24 11:33:00,1472.24,1472.61,1472.24,1472.61,0.03,35.15,52645.05,1
2024-09-24,2024-09-24 11:34:00,1472.61,1472.98,1472.61,1472.98,0.03,35.15,52645.05,1
2024-09-24,2024-09-24 11:35:00,1472.98,1473.35,1472.98,1473.35,0.03,35.15,52645.05,1
2024-09-24,2024-09-24 11:36:00,1473.35,1473.72,1473.35,1473.72,0.03,35.15,52645.05,1
2024-09-24,2024-09-24 11:37:00,1473.72,1474.09,1473.72,1474.09,0.03,35.15,52645.05,1
2024-09-24,2024-09-24 11:38:00,1474.09,1474.46,1474.09,1474.46,0.03,35.15,52645.05,1
2024-09-24,2024-09-24 11:39:00,1474.46,1474.83,1474.46,1474.83,0.03,35.15,52645.05,1
2024-09-24,2024-09-24 11:40:00,1474.83,1475.2,1474.83,1475.2,0.03,35.15,52645.05,1
2024-09-24,2024-09-24 11:41:00,1475.2,1475.58,1475.2,1475.58,0.03,35.15,52645.05,1
2024-09-24,2024-09-24 11:42:00,1475.58,1475.95,1475.58,1475.95,0.03,35.15,52645.05,1
2024-09-24,2024-09-24 11:43:00,1475.95,1476.32,1475.95,1476.32,0.03,35.15,52645.05,1
2024-09-24,2024-09-24 11:44:00,1476.32,1476.69,1476.32,1476.69,0.03,35.15,52645.05,1
2024-09-24,2024-09-24 11:45:00,1476.69,1477.06,1476.69,1477.06,0.03,35.15,52645.05,1
2024-09-24,2024-09-24 11:46:00,1477.06,1477.43,1477.06,1477.43,0.03,35.15,52645.05,1
2024-09-24,2024-09-24 11:47:00,1477.43,1477.8,1477.43,1477.8,0.03,35.15,52645.05,1
2024-09-24,2024-09-24 11:48:00,1477.8,1478.17,1477.8,1478.17,0.03,35.15,52645.05,1
2024-09-24,2024-09-24 11:49:00,1478.17,1478.54,1478.17,1478.54,0.03,35.15,52645.05,1
2024-09-24,2024-09-24 11:50:00,1478.54,1478.91,1478.54,1478.91,0.03,35.15,52645.05,1
2024-09-24,2024-09-24 11:51:00,1478.91,1479.28,1478.91,1479.28,0.03,35.15,52645.05,1
2024-09-24,2024-09-24 11:52:00,1479.28,1479.65,1479.28,1479.65,0.03,35.15,52645.05,1
2024-09-24,2024-09-24 11:53:00,1479.65,1480.03,1479.65,1480.03,0.03,35.15,52645.05,1
2024-09-24,2024-09-24 11:54:00,1480.03,1480.4,1480.03,1480.4,0.02,35.15,52645.05,1
2024-09-24,2024-09-24 11:55:00,1480.4,1480.77,1480.4,1480.77,0.02,35.15,52645.05,1
2024-09-24,2024-09-24 11:56:00,1480.77,1481.14,1480.77,1481.14,0.02,35.15,52645.05,1
2024-09-24,2024-09-24 11:57:00,1481.14,1481.51,1481.14,1481.51,0.02,35.15,52645.05,1
2024-09-24,2024-09-24 11:58:00,1481.51,1481.88,1481.51,1481.88,0.02,35.15,52645.05,1
2024-09-24,2024-09-24 11:59:00,1481.88,1482.25,1481.88,1482.25,0.02,35.15,52645.05,1
2024-09-24,2024-09-24 12:00:00,1482.25,1482.62,1482.25,1482.62,0.02,35.15,52645.05,1
2024-09-24,2024-09-24 12:01:00,1482.62,1482.99,1482.62,1482.99,0.02,35.15,52645.05,1
2024-09-24,2024-09-24 12:02:00,1482.99,1483.36,1482.99,1483.36,0.02,35.15,52645.05,1
2024-09-24,2024-09-24 12:03:00,1483.36,1483.73,1483.36,1483.73,0.02,35.15,52645.05,1
2024-09-24,2024-09-24 12:04:00,1483.73,1484.1,1483.73,1484.1,0.02,35.15,52645.05,1
2024-09-24,2024-09-24 12:05:00,1484.1,1484.47,1484.1,1484.47,0.02,35.15,52645.05,1
2024-09-24,2024-09-24 12:06:00,1484.47,1484.85,1484.47,1484.85,0.03,35.15,52645.05,1
2024-09-24,2024-09-24 12:07:00,1484.85,1485.22,1484.85,1485.22,0.02,35.15,52645.05,1
2024-09-24,2024-09-24 12:08:00,1485.22,1485.59,1485.22,1485.59,0.02,35.15,52645.05,1
2024-09-24,2024-09-24 12:09:00,1485.59,1485.96,1485.59,1485.96,0.02,35.15,52645.05,1
2024-09-24,2024-09-24 12:10:00,1485.96,1486.33,1485.96,1486.33,0.02,35.15,52645.05,1
2024-09-24,2024-09-24 12:11:00,1486.33,1486.7,1486.33,1486.7,0.02,35.15,52645.05,1
2024-09-24,2024-09-24 12:12:00,1486.7,1487.07,1486.7,1487.07,0.02,35.15,52645.05,1
2024-09-24,2024-09-24 12:13:00,1487.07,1487.44,1487.07,1487.44,0.02,35.15,52645.05,1
2024-09-24,2024-09-24 12:14:00,1487.44,1487.81,1487.44,1487.81,0.02,35.15,52645.05,1
2024-09-24,2024-09-24 12:15:00,1487.81,1488.18,1487.81,1488.18,0.02,35.15,52645.05,1
2024-09-24,2024-09-24 12:16:00,1488.18,1488.55,1488.18,1488.55,0.02,35.15,52645.05,1
2024-09-24,2024-09-24 12:17:00,1488.55,1488.92,1488.55,1488.92,0.02,35.15,52645.05,1
2024-09-24,2024-09-24 12:18:00,1488.92,1489.3,1488.92,1489.3,0.03,35.15,52645.05,1
2024-09-24,2024-09-24 12:19:00,1489.3,1489.67,1489.3,1489.67,0.02,35.15,52645.05,1
2024-09-24,2024-09-24 12:20:00,1489.67,1490.04,1489.67,1490.04,0.02,35.15,52645.05,1
2024-09-24,2024-09-24 12:21:00,1490.04,1490.41,1490.04,1490.41,0.02,35.15,52645.05,1
2024-09-24,2024-09-24 12:22:00,1490.41,1490.78,1490.41,1490.78,0.02,35.15,52645.05,1
2024-09-24,2024-09-24 12:23:00,1490.78,1491.15,1490.78,1491.15,0.02,35.15,52645.05,1
2024-09-24,2024-09-24 12:24:00,1491.15,1491.52,1491.15,1491.52,0.02,35.15,52645.05,1
2024-09-24,2024-09-24 12:25:00,1491.52,1491.89,1491.52,1491.89,0.02,35.15,52645.05,1
2024-09-24,2024-09-24 12:26:00,1491.89,1492.26,1491.89,1492.26,0.02,35.15,52645.05,1
2024-09-24,2024-09-24 12:27:00,1492.26,1492.63,1492.26,1492.63,0.02,35.15,52645.05,1
2024-09-24,2024-09-24 12:28:00,1492.63,1493.0,1492.63,1493.0,0.02,35.15,52645.05,1
2024-09-24,2024-09-24 12:29:00,1493.0,1493.38,1493.0,1493.38,0.03,35.15,52645.05,1
2024-09-24,2024-09-24 12:30:00,1493.38,1493.75,1493.38,1493.75,0.02,35.15,52645.05,1
2024-09-24,2024-09-24 12:31:00,1493.75,1494.12,1493.75,1494.12,0.02,35.15,52645.05,1
2024-09-24,2024-09-24 12:32:00,1494.12,1494.49,1494.12,1494.49,0.02,35.15,52645.05,1
2024-09-24,2024-09-24 12:33:00,1494.49,1494.86,1494.49,1494.86,0.02,35.15,52645.05,1
2024-09-24,2024-09-24 12:34:00,1494.86,1495.23,1494.86,1495.23,0.02,35.15,52645.05,1
2024-09-24,2024-09-24 12:35:00,1495.23,1495.6,1495.23,1495.6,0.02,35.15,52645.05,1
2024-09-24,2024-09-24 12:36:00,1495.6,1495.97,1495.6,1495.97,0.02,35.15,52645.05,1
2024-09-24,2024-09-24 12:37:00,1495.97,1496.34,1495.97,1496.34,0.02,35.15,52645.05,1
2024-09-24,2024-09-24 12:38:00,1496.34,1496.71,1496.34,1496.71,0.02,35.15,52645.05,1
2024-09-24,2024-09-24 12:39:00,1496.71,1497.08,1496.71,1497.08,0.02,35.15,52645.05,1
2024-09-24,2024-09-24 12:40:00,1497.08,1497.45,1497.08,1497.45,0.02,35.15,52645.05,1
2024-09-24,2024-09-24 12:41:00,1497.45,1497.83,1497.45,1497.83,0.03,35.15,52645.05,1
2024-09-24,2024-09-24 12:42:00,1497.83,1498.2,1497.83,1498.2,0.02,35.15,52645.05,1
2024-09-24,2024-09-24 12:43:00,1498.2,1498.57,1498.2,1498.57,0.02,35.15,52645.05,1
2024-09-24,2024-09-24 12:44:00,1498.57,1498.94,1498.57,1498.94,0.02,35.15,52645.05,1
2024-09-24,2024-09-24 12:45:00,1498.94,1499.31,1498.94,1499.31,0.02,35.15,52645.05,1
2024-09-24,2024-09-24 12:46:00,1499.31,1499.68,1499.31,1499.68,0.02,35.15,52645.05,1
2024-09-24,2024-09-24 12:47:00,1499.68,1500.05,1499.68,1500.05,0.02,35.15,52645.05,1
2024-09-24,2024-09-24 12:48:00,1500.05,1500.42,1500.05,1500.42,0.02,35.15,52645.05,1
2024-09-24,2024-09-24 12:49:00,1500.42,1500.79,1500.42,1500.79,0.02,35.15,52645.05,1
2024-09-24,2024-09-24 12:50:00,1500.79,1501.16,1500.79,1501.16,0.02,35.15,52645.05,1
2024-09-24,2024-09-24 12:51:00,1501.16,1501.53,1501.16,1501.53,0.02,35.15,52645.05,1
2024-09-24,2024-09-24 12:52:00,1501.53,1501.9,1501.53,1501.9,0.02,35.15,52645.05,1
2024-09-24,2024-09-24 12:53:00,1501.9,1502.28,1501.9,1502.28,0.03,35.15,52645.05,1
2024-09-24,2024-09-24 12:54:00,1502.28,1502.65,1502.28,1502.65,0.02,35.15,52645.05,1
2024-09-24,2024-09-24 12:55:00,1502.65,1503.02,1502.65,1503.02,0.02,35.15,52645.05,1
2024-09-24,2024-09-24 12:56:00,1503.02,1503.39,1503.02,1503.39,0.02,35.15,52645.05,1
2024-09-24,2024-09-24 12:57:00,1503.39,1503.76,1503.39,1503.76,0.02,35.15,52645.05,1
2024-09-24,2024-09-24 12:58:00,1503.76,1504.13,1503.76,1504.13,0.02,35.15,52645.05,1
2024-09-24,2024-09-24 12:59:00,1504.13,1504.5,1504.13,1504.5,0.02,35.15,52645.05,1
2024-09-24,2024-09-24 13:00:00,1504.5,1549.0,1460.0,1504.87,0.02,35.15,52645.05,1
2024-09-24,2024-09-24 13:01:00,1504.87,1505.24,1504.87,1505.24,0.02,35.15,52645.05,1
2024-09-24,2024-09-24 13:02:00,1505.24,1505.61,1505.24,1505.61,0.02,35.15,52645.05,1
2024-09-24,2024-09-24 13:03:00,1505.61,1505.98,1505.61,1505.98,0.02,35.15,52645.05,1
2024-09-24,2024-09-24 13:04:00,1505.98,1506.35,1505.98,1506.35,0.02,35.15,52645.05,1
2024-09-24,2024-09-24 13:05:00,1506.35,1506.72,1506.35,1506.72,0.02,35.15,52645.05,1
2024-09-24,2024-09-24 13:06:00,1506.72,1507.1,1506.72,1507.1,0.03,35.15,52645.05,1
2024-09-24,2024-09-24 13:07:00,1507.1,1507.47,1507.1,1507.47,0.02,35.15,52645.05,1
2024-09-24,2024-09-24 13:08:00,1507.47,1507.84,1507.47,1507.84,0.02,35.15,52645.05,1
2024-09-24,2024-09-24 13:09:00,1507.84,1508.21,1507.84,1508.21,0.02,35.15,52645.05,1
2024-09-24,2024-09-24 13:10:00,1508.21,1508.58,1508.21,1508.58,0.02,35.15,52645.05,1
2024-09-24,2024-09-24 13:11:00,1508.58,1508.95,1508.58,1508.95,0.02,35.15,52645.05,1
2024-09-24,2024-09-24 13:12:00,1508.95,1509.32,1508.95,1509.32,0.02,35.15,52645.05,1
2024-09-24,2024-09-24 13:13:00,1509.32,1509.69,1509.32,1509.69,0.02,35.15,52645.05,1
2024-09-24,2024-09-24 13:14:00,1509.69,1510.06,1509.69,1510.06,0.02,35.15,52645.05,1
2024-09-24,2024-09-24 13:15:00,1510.06,1510.43,1510.06,1510.43,0.02,35.15,52645.05,1
2024-09-24,2024-09-24 13:16:00,1510.43,1510.8,1510.43,1510.8,0.02,35.15,52645.05,1
2024-09-24,2024-09-24 13:17:00,1510.8,1511.17,1510.8,1511.17,0.02,35.15,52645.05,1
2024-09-24,2024-09-24 13:18:00,1511.17,1511.55,1511.17,1511.55,0.03,35.15,52645.05,1
2024-09-24,2024-09-24 13:19:00,1511.55,1511.92,1511.55,1511.92,0.02,35.15,52645.05,1
2024-09-24,2024-09-24 13:20:00,1511.92,1512.29,1511.92,1512.29,0.02,35.15,52645.05,1
2024-09-24,2024-09-24 13:21:00,1512.29,1512.66,1512.29,1512.66,0.02,35.15,52645.05,1
2024-09-24,2024-09-24 13:22:00,1512.66,1513.03,1512.66,1513.03,0.02,35.15,52645.05,1
2024-09-24,2024-09-24 13:23:00,1513.03,1513.4,1513.03,1513.4,0.02,35.15,52645.05,1
2024-09-24,2024-09-24 13:24:00,1513.4,1513.77,1513.4,1513.77,0.02,35.15,52645.05,1
2024-09-24,2024-09-24 13:25:00,1513.77,1514.14,1513.77,1514.14,0.02,35.15,52645.05,1
2024-09-24,2024-09-24 13:26:00,1514.14,1514.51,1514.14,1514.51,0.02,35.15,52645.05,1
2024-09-24,2024-09-24 13:27:00,1514.51,1514.88,1514.51,1514.88,0.02,35.15,52645.05,1
2024-09-24,2024-09-24 13:28:00,1514.88,1515.25,1514.88,1515.25,0.02,35.15,52645.05,1
2024-09-24,2024-09-24 13:29:00,1515.25,1515.62,1515.25,1515.62,0.02,35.15,52645.05,1
2024-09-24,2024-09-24 13:30:00,1515.62,1516.0,1515.62,1516.0,0.03,35.15,52645.05,1
2024-09-24,2024-09-24 13:31:00,1516.0,1516.37,1516.0,1516.37,0.02,35.15,52645.05,1
2024-09-24,2024-09-24 13:32:00,1516.37,1516.74,1516.37,1516.74,0.02,35.15,52645.05,1
2024-09-24,2024-09-24 13:33:00,1516.74,1517.11,1516.74,1517.11,0.02,35.15,52645.05,1
2024-09-24,2024-09-24 13:34:00,1517.11,1517.48,1517.11,1517.48,0.02,35.15,52645.05,1
2024-09-24,2024-09-24 13:35:00,1517.48,1517.85,1517.48,1517.85,0.02,35.15,52645.05,1
2024-09-24,2024-09-24 13:36:00,1517.85,1518.22,1517.85,1518.22,0.02,35.15,52645.05,1
2024-09-24,2024-09-24 13:37:00,1518.22,1518.59,1518.22,1518.59,0.02,35.15,52645.05,1
2024-09-24,2024-09-24 13:38:00,1518.59,1518.96,1518.59,1518.96,0.02,35.15,52645.05,1
2024-09-24,2024-09-24 13:39:00,1518.96,1519.33,1518.96,1519.33,0.02,35.15,52645.05,1
2024-09-24,2024-09-24 13:40:00,1519.33,1519.7,1519.33,1519.7,0.02,35.15,52645.05,1
2024-09-24,2024-09-24 13:41:00,1519.7,1520.08,1519.7,1520.08,0.03,35.15,52645.05,1
2024-09-24,2024-09-24 13:42:00,1520.08,1520.45,1520.08,1520.45,0.02,35.15,52645.05,1
2024-09-24,2024-09-24 13:43:00,1520.45,1520.82,1520.45,1520.82,0.02,35.15,52645.05,1
2024-09-24,2024-09-24 13:44:00,1520.82,1521.19,1520.82,1521.19,0.02,35.15,52645.05,1
2024-09-24,2024-09-24 13:45:00,1521.19,1521.56,1521.19,1521.56,0.02,35.15,52645.05,1
2024-09-24,2024-09-24 13:46:00,1521.56,1521.93,1521.56,1521.93,0.02,35.15,52645.05,1
2024-09-24,2024-09-24 13:47:00,1521.93,1522.3,1521.93,1522.3,0.02,35.15,52645.05,1
2024-09-24,2024-09-24 13:48:00,1522.3,1522.67,1522.3,1522.67,0.02,35.15,52645.05,1
2024-09-24,2024-09-24 13:49:00,1522.67,1523.04,1522.67,1523.04,0.02,35.15,52645.05,1
2024-09-24,2024-09-24 13:50:00,1523.04,1523.41,1523.04,1523.41,0.02,35.15,52645.05,1
2024-09-24,2024-09-24 13:51:00,1523.41,1523.78,1523.41,1523.78,0.02,35.15,52645.05,1
2024-09-24,2024-09-24 13:52:00,1523.78,1524.15,1523.78,1524.15,0.02,35.15,52645.05,1
2024-09-24,2024-09-24 13:53:00,1524.15,1524.53,1524.15,1524.53,0.02,35.15,52645.05,1
2024-09-24,2024-09-24 13:54:00,1524.53,1524.9,1524.53,1524.9,0.02,35.15,52645.05,1
2024-09-24,2024-09-24 13:55:00,1524.9,1525.27,1524.9,1525.27,0.02,35.15,52645.05,1
2024-09-24,2024-09-24 13:56:00,1525.27,1525.64,1525.27,1525.64,0.02,35.15,52645.05,1
2024-09-24,2024-09-24 13:57:00,1525.64,1526.01,1525.64,1526.01,0.02,35.15,52645.05,1
2024-09-24,2024-09-24 13:58:00,1526.01,1526.38,1526.01,1526.38,0.02,35.15,52645.05,1
2024-09-24,2024-09-24 13:59:00,1526.38,1526.75,1526.38,1526.75,0.02,35.15,52645.05,1
2024-09-24,2024-09-24 14:00:00,1526.75,1527.12,1526.75,1527.12,0.02,35.15,52645.05,1
2024-09-24,2024-09-24 14:01:00,1527.12,1527.49,1527.12,1527.49,0.02,35.15,52645.05,1
2024-09-24,2024-09-24 14:02:00,1527.49,1527.86,1527.49,1527.86,0.02,35.15,52645.05,1
2024-09-24,2024-09-24 14:03:00,1527.86,1528.23,1527.86,1528.23,0.02,35.15,52645.05,1
2024-09-24,2024-09-24 14:04:00,1528.23,1528.6,1528.23,1528.6,0.02,35.15,52645.05,1
2024-09-24,2024-09-24 14:05:00,1528.6,1528.97,1528.6,1528.97,0.02,35.15,52645.05,1
2024-09-24,2024-09-24 14:06:00,1528.97,1529.35,1528.97,1529.35,0.02,35.15,52645.05,1
2024-09-24,2024-09-24 14:07:00,1529.35,1529.72,1529.35,1529.72,0.02,35.15,52645.05,1
2024-09-24,2024-09-24 14:08:00,1529.72,1530.09,1529.72,1530.09,0.02,35.15,52645.05,1
2024-09-24,2024-09-24 14:09:00,1530.09,1530.46,1530.09,1530.46,0.02,35.15,52645.05,1
2024-09-24,2024-09-24 14:10:00,1530.46,1530.83,1530.46,1530.83,0.02,35.15,52645.05,1
2024-09-24,2024-09-24 14:11:00,1530.83,1531.2,1530.83,1531.2,0.02,35.15,52645.05,1
2024-09-24,2024-09-24 14:12:00,1531.2,1531.57,1531.2,1531.57,0.02,35.15,52645.05,1
2024-09-24,2024-09-24 14:13:00,1531.57,1531.94,1531.57,1531.94,0.02,35.15,52645.05,1
2024-09-24,2024-09-24 14:14:00,1531.94,1532.31,1531.94,1532.31,0.02,35.15,52645.05,1
2024-09-24,2024-09-24 14:15:00,1532.31,1532.68,1532.31,1532.68,0.02,35.15,52645.05,1
2024-09-24,2024-09-24 14:16:00,1532.68,1533.05,1532.68,1533.05,0.02,35.15,52645.05,1
2024-09-24,2024-09-24 14:17:00,1533.05,1533.42,1533.05,1533.42,0.02,35.15,52645.05,1
2024-09-24,2024-09-24 14:18:00,1533.42,1533.8,1533.42,1533.8,0.02,35.15,52645.05,1
2024-09-24,2024-09-24 14:19:00,1533.8,1534.17,1533.8,1534.17,0.02,35.15,52645.05,1
2024-09-24,2024-09-24 14:20:00,1534.17,1534.54,1534.17,1534.54,0.02,35.15,52645.05,1
2024-09-24,2024-09-24 14:21:00,1534.54,1534.91,1534.54,1534.91,0.02,35.15,52645.05,1
2024-09-24,2024-09-24 14:22:00,1534.91,1535.28,1534.91,1535.28,0.02,35.15,52645.05,1
2024-09-24,2024-09-24 14:23:00,1535.28,1535.65,1535.28,1535.65,0.02,35.15,52645.05,1
2024-09-24,2024-09-24 14:24:00,1535.65,1536.02,1535.65,1536.02,0.02,35.15,52645.05,1
2024-09-24,2024-09-24 14:25:00,1536.02,1536.39,1536.02,1536.39,0.02,35.15,52645.05,1
2024-09-24,2024-09-24 14:26:00,1536.39,1536.76,1536.39,1536.76,0.02,35.15,52645.05,1
2024-09-24,2024-09-24 14:27:00,1536.76,1537.13,1536.76,1537.13,0.02,35.15,52645.05,1
2024-09-24,2024-09-24 14:28:00,1537.13,1537.5,1537.13,1537.5,0.02,35.15,52645.05,1
2024-09-24,2024-09-24 14:29:00,1537.5,1537.88,1537.5,1537.88,0.02,35.15,52645.05,1
2024-09-24,2024-09-24 14:30:00,1537.88,1538.25,1537.88,1538.25,0.02,35.15,52645.05,1
2024-09-24,2024-09-24 14:31:00,1538.25,1538.62,1538.25,1538.62,0.02,35.15,52645.05,1
2024-09-24,2024-09-24 14:32:00,1538.62,1538.99,1538.62,1538.99,0.02,35.15,52645.05,1
2024-09-24,2024-09-24 14:33:00,1538.99,1539.36,1538.99,1539.36,0.02,35.15,52645.05,1
2024-09-24,2024-09-24 14:34:00,1539.36,1539.73,1539.36,1539.73,0.02,35.15,52645.05,1
2024-09-24,2024-09-24 14:35:00,1539.73,1540.1,1539.73,1540.1,0.02,35.15,52645.05,1
2024-09-24,2024-09-24 14:36:00,1540.1,1540.47,1540.1,1540.47,0.02,35.15,52645.05,1
2024-09-24,2024-09-24 14:37:00,1540.47,1540.84,1540.47,1540.84,0.02,35.15,52645.05,1
2024-09-24,2024-09-24 14:38:00,1540.84,1541.21,1540.84,1541.21,0.02,35.15,52645.05,1
2024-09-24,2024-09-24 14:39:00,1541.21,1541.58,1541.21,1541.58,0.02,35.15,52645.05,1
2024-09-24,2024-09-24 14:40:00,1541.58,1541.95,1541.58,1541.95,0.02,35.15,52645.05,1
2024-09-24,2024-09-24 14:41:00,1541.95,1542.33,1541.95,1542.33,0.02,35.15,52645.05,1
2024-09-24,2024-09-24 14:42:00,1542.33,1542.7,1542.33,1542.7,0.02,35.15,52645.05,1
2024-09-24,2024-09-24 14:43:00,1542.7,1543.07,1542.7,1543.07,0.02,35.15,52645.05,1
2024-09-24,2024-09-24 14:44:00,1543.07,1543.44,1543.07,1543.44,0.02,35.15,52645.05,1
2024-09-24,2024-09-24 14:45:00,1543.44,1543.81,1543.44,1543.81,0.02,35.15,52645.05,1
2024-09-24,2024-09-24 14:46:00,1543.81,1544.18,1543.81,1544.18,0.02,35.15,52645.05,1
2024-09-24,2024-09-24 14:47:00,1544.18,1544.55,1544.18,1544.55,0.02,35.15,52645.05,1
2024-09-24,2024-09-24 14:48:00,1544.55,1544.92,1544.55,1544.92,0.02,35.15,52645.05,1
2024-09-24,2024-09-24 14:49:00,1544.92,1545.29,1544.92,1545.29,0.02,35.15,52645.05,1
2024-09-24,2024-09-24 14:50:00,1545.29,1545.66,1545.29,1545.66,0.02,35.15,52645.05,1
2024-09-24,2024-09-24 14:51:00,1545.66,1546.03,1545.66,1546.03,0.02,35.15,52645.05,1
2024-09-24,2024-09-24 14:52:00,1546.03,1546.4,1546.03,1546.4,0.02,35.15,52645.05,1
2024-09-24,2024-09-24 14:53:00,1546.4,1546.78,1546.4,1546.78,0.02,35.15,52645.05,1
2024-09-24,2024-09-24 14:54:00,1546.78,1547.15,1546.78,1547.15,0.02,35.15,52645.05,1
2024-09-24,2024-09-24 14:55:00,1547.15,1547.52,1547.15,1547.52,0.02,35.15,52645.05,1
2024-09-24,2024-09-24 14:56:00,1547.52,1547.89,1547.52,1547.89,0.02,35.15,52645.05,1
2024-09-24,2024-09-24 14:57:00,1547.89,1548.26,1547.89,1548.26,0.02,35.15,52645.05,1
2024-09-24,2024-09-24 14:58:00,1548.26,1548.63,1548.26,1548.63,0.02,35.15,52645.05,1
2024-09-24,2024-09-24 14:59:00,1548.63,1549.0,1548.63,1549.0,0.02,35.15,52645.05,1
2024-09-24,2024-09-24 15:00:00,1549.0,1549.0,1460.0,1549.0,0.0,35.15,52645.05,0
2024-09-25,2024-09-25 11:00:00,1518.1,1526.17,1509.1,1518.19,0.01,17.06,25956.7,1
2024-09-25,2024-09-25 11:01:00,1518.19,1518.28,1518.19,1518.28,0.01,17.06,25956.7,1
2024-09-25,2024-09-25 11:02:00,1518.28,1518.37,1518.28,1518.37,0.01,17.06,25956.7,1
2024-09-25,2024-09-25 11:03:00,1518.37,1518.46,1518.37,1518.46,0.01,17.06,25956.7,1
2024-09-25,2024-09-25 11:04:00,1518.46,1518.56,1518.46,1518.56,0.01,17.06,25956.7,1
2024-09-25,2024-09-25 11:05:00,1518.56,1518.65,1518.56,1518.65,0.01,17.06,25956.7,1
2024-09-25,2024-09-25 11:06:00,1518.65,1518.74,1518.65,1518.74,0.01,17.06,25956.7,1
2024-09-25,2024-09-25 11:07:00,1518.74,1518.83,1518.74,1518.83,0.01,17.06,25956.7,1
2024-09-25,2024-09-25 11:08:00,1518.83,1518.92,1518.83,1518.92,0.01,17.06,25956.7,1
2024-09-25,2024-09-25 11:09:00,1518.92,1519.01,1518.92,1519.01,0.01,17.06,25956.7,1
2024-09-25,2024-09-25 11:10:00,1519.01,1519.1,1519.01,1519.1,0.01,17.06,25956.7,1
2024-09-25,2024-09-25 11:11:00,1519.1,1519.19,1519.1,1519.19,0.01,17.06,25956.7,1
2024-09-25,2024-09-25 11:12:00,1519.19,1519.29,1519.19,1519.29,0.01,17.06,25956.7,1
2024-09-25,2024-09-25 11:13:00,1519.29,1519.38,1519.29,1519.38,0.01,17.06,25956.7,1
2024-09-25,2024-09-25 11:14:00,1519.38,1519.47,1519.38,1519.47,0.01,17.06,25956.7,1
2024-09-25,2024-09-25 11:15:00,1519.47,1519.56,1519.47,1519.56,0.01,17.06,25956.7,1
2024-09-25,2024-09-25 11:16:00,1519.56,1519.65,1519.56,1519.65,0.01,17.06,25956.7,1
2024-09-25,2024-09-25 11:17:00,1519.65,1519.74,1519.65,1519.74,0.01,17.06,25956.7,1
2024-09-25,2024-09-25 11:18:00,1519.74,1519.83,1519.74,1519.83,0.01,17.06,25956.7,1
2024-09-25,2024-09-25 11:19:00,1519.83,1519.92,1519.83,1519.92,0.01,17.06,25956.7,1
2024-09-25,2024-09-25 11:20:00,1519.92,1520.02,1519.92,1520.02,0.01,17.06,25956.7,1
2024-09-25,2024-09-25 11:21:00,1520.02,1520.11,1520.02,1520.11,0.01,17.06,25956.7,1
2024-09-25,2024-09-25 11:22:00,1520.11,1520.2,1520.11,1520.2,0.01,17.06,25956.7,1
2024-09-25,2024-09-25 11:23:00,1520.2,1520.29,1520.2,1520.29,0.01,17.06,25956.7,1
2024-09-25,2024-09-25 11:24:00,1520.29,1520.38,1520.29,1520.38,0.01,17.06,25956.7,1
2024-09-25,2024-09-25 11:25:00,1520.38,1520.47,1520.38,1520.47,0.01,17.06,25956.7,1
2024-09-25,2024-09-25 11:26:00,1520.47,1520.56,1520.47,1520.56,0.01,17.06,25956.7,1
2024-09-25,2024-09-25 11:27:00,1520.56,1520.65,1520.56,1520.65,0.01,17.06,25956.7,1
2024-09-25,2024-09-25 11:28:00,1520.65,1520.75,1520.65,1520.75,0.01,17.06,25956.7,1
2024-09-25,2024-09-25 11:29:00,1520.75,1520.84,1520.75,1520.84,0.01,17.06,25956.7,1
2024-09-25,2024-09-25 11:30:00,1520.84,1520.93,1520.84,1520.93,0.01,17.06,25956.7,1
2024-09-25,2024-09-25 11:31:00,1520.93,1521.02,1520.93,1521.02,0.01,17.06,25956.7,1
2024-09-25,2024-09-25 11:32:00,1521.02,1521.11,1521.02,1521.11,0.01,17.06,25956.7,1
2024-09-25,2024-09-25 11:33:00,1521.11,1521.2,1521.11,1521.2,0.01,17.06,25956.7,1
2024-09-25,2024-09-25 11:34:00,1521.2,1521.29,1521.2,1521.29,0.01,17.06,25956.7,1
2024-09-25,2024-09-25 11:35:00,1521.29,1521.38,1521.29,1521.38,0.01,17.06,25956.7,1
2024-09-25,2024-09-25 11:36:00,1521.38,1521.48,1521.38,1521.48,0.01,17.06,25956.7,1
2024-09-25,2024-09-25 11:37:00,1521.48,1521.57,1521.48,1521.57,0.01,17.06,25956.7,1
2024-09-25,2024-09-25 11:38:00,1521.57,1521.66,1521.57,1521.66,0.01,17.06,25956.7,1
2024-09-25,2024-09-25 11:39:00,1521.66,1521.75,1521.66,1521.75,0.01,17.06,25956.7,1
2024-09-25,2024-09-25 11:40:00,1521.75,1521.84,1521.75,1521.84,0.01,17.06,25956.7,1
2024-09-25,2024-09-25 11:41:00,1521.84,1521.93,1521.84,1521.93,0.01,17.06,25956.7,1
2024-09-25,2024-09-25 11:42:00,1521.93,1522.02,1521.93,1522.02,0.01,17.06,25956.7,1
2024-09-25,2024-09-25 11:43:00,1522.02,1522.12,1522.02,1522.12,0.01,17.06,25956.7,1
2024-09-25,2024-09-25 11:44:00,1522.12,1522.21,1522.12,1522.21,0.01,17.06,25956.7,1
2024-09-25,2024-09-25 11:45:00,1522.21,1522.3,1522.21,1522.3,0.01,17.06,25956.7,1
2024-09-25,2024-09-25 11:46:00,1522.3,1522.39,1522.3,1522.39,0.01,17.06,25956.7,1
2024-09-25,2024-09-25 11:47:00,1522.39,1522.48,1522.39,1522.48,0.01,17.06,25956.7,1
2024-09-25,2024-09-25 11:48:00,1522.48,1522.57,1522.48,1522.57,0.01,17.06,25956.7,1
2024-09-25,2024-09-25 11:49:00,1522.57,1522.66,1522.57,1522.66,0.01,17.06,25956.7,1
2024-09-25,2024-09-25 11:50:00,1522.66,1522.75,1522.66,1522.75,0.01,17.06,25956.7,1
2024-09-25,2024-09-25 11:51:00,1522.75,1522.85,1522.75,1522.85,0.01,17.06,25956.7,1
2024-09-25,2024-09-25 11:52:00,1522.85,1522.94,1522.85,1522.94,0.01,17.06,25956.7,1
2024-09-25,2024-09-25 11:53:00,1522.94,1523.03,1522.94,1523.03,0.01,17.06,25956.7,1
2024-09-25,2024-09-25 11:54:00,1523.03,1523.12,1523.03,1523.12,0.01,17.06,25956.7,1
2024-09-25,2024-09-25 11:55:00,1523.12,1523.21,1523.12,1523.21,0.01,17.06,25956.7,1
2024-09-25,2024-09-25 11:56:00,1523.21,1523.3,1523.21,1523.3,0.01,17.06,25956.7,1
2024-09-25,2024-09-25 11:57:00,1523.3,1523.39,1523.3,1523.39,0.01,17.06,25956.7,1
2024-09-25,2024-09-25 11:58:00,1523.39,1523.48,1523.39,1523.48,0.01,17.06,25956.7,1
2024-09-25,2024-09-25 11:59:00,1523.48,1523.57,1523.48,1523.57,0.01,17.06,25956.7,1
2024-09-25,2024-09-25 12:00:00,1523.57,1523.67,1523.57,1523.67,0.01,17.06,25956.7,1
2024-09-25,2024-09-25 12:01:00,1523.67,1523.76,1523.67,1523.76,0.01,17.06,25956.7,1
2024-09-25,2024-09-25 12:02:00,1523.76,1523.85,1523.76,1523.85,0.01,17.06,25956.7,1
2024-09-25,2024-09-25 12:03:00,1523.85,1523.94,1523.85,1523.94,0.01,17.06,25956.7,1
2024-09-25,2024-09-25 12:04:00,1523.94,1524.03,1523.94,1524.03,0.01,17.06,25956.7,1
2024-09-25,2024-09-25 12:05:00,1524.03,1524.12,1524.03,1524.12,0.01,17.06,25956.7,1
2024-09-25,2024-09-25 12:06:00,1524.12,1524.21,1524.12,1524.21,0.01,17.06,25956.7,1
2024-09-25,2024-09-25 12:07:00,1524.21,1524.3,1524.21,1524.3,0.01,17.06,25956.7,1
2024-09-25,2024-09-25 12:08:00,1524.3,1524.4,1524.3,1524.4,0.01,17.06,25956.7,1
2024-09-25,2024-09-25 12:09:00,1524.4,1524.49,1524.4,1524.49,0.01,17.06,25956.7,1
2024-09-25,2024-09-25 12:10:00,1524.49,1524.58,1524.49,1524.58,0.01,17.06,25956.7,1
2024-09-25,2024-09-25 12:11:00,1524.58,1524.67,1524.58,1524.67,0.01,17.06,25956.7,1
2024-09-25,2024-09-25 12:12:00,1524.67,1524.76,1524.67,1524.76,0.01,17.06,25956.7,1
2024-09-25,2024-09-25 12:13:00,1524.76,1524.85,1524.76,1524.85,0.01,17.06,25956.7,1
2024-09-25,2024-09-25 12:14:00,1524.85,1524.94,1524.85,1524.94,0.01,17.06,25956.7,1
2024-09-25,2024-09-25 12:15:00,1524.94,1525.03,1524.94,1525.03,0.01,17.06,25956.7,1
2024-09-25,2024-09-25 12:16:00,1525.03,1525.13,1525.03,1525.13,0.01,17.06,25956.7,1
2024-09-25,2024-09-25 12:17:00,1525.13,1525.22,1525.13,1525.22,0.01,17.06,25956.7,1
2024-09-25,2024-09-25 12:18:00,1525.22,1525.31,1525.22,1525.31,0.01,17.06,25956.7,1
2024-09-25,2024-09-25 12:19:00,1525.31,1525.4,1525.31,1525.4,0.01,17.06,25956.7,1
2024-09-25,2024-09-25 12:20:00,1525.4,1525.49,1525.4,1525.49,0.01,17.06,25956.7,1
2024-09-25,2024-09-25 12:21:00,1525.49,1525.58,1525.49,1525.58,0.01,17.06,25956.7,1
2024-09-25,2024-09-25 12:22:00,1525.58,1525.67,1525.58,1525.67,0.01,17.06,25956.7,1
2024-09-25,2024-09-25 12:23:00,1525.67,1525.76,1525.67,1525.76,0.01,17.06,25956.7,1
2024-09-25,2024-09-25 12:24:00,1525.76,1525.86,1525.76,1525.86,0.01,17.06,25956.7,1
2024-09-25,2024-09-25 12:25:00,1525.86,1525.95,1525.86,1525.95,0.01,17.06,25956.7,1
2024-09-25,2024-09-25 12:26:00,1525.95,1526.04,1525.95,1526.04,0.01,17.06,25956.7,1
2024-09-25,2024-09-25 12:27:00,1526.04,1526.13,1526.04,1526.13,0.01,17.06,25956.7,1
2024-09-25,2024-09-25 12:28:00,1526.13,1526.22,1526.13,1526.22,0.01,17.06,25956.7,1
2024-09-25,2024-09-25 12:29:00,1526.22,1526.31,1526.22,1526.31,0.01,17.06,25956.7,1
2024-09-25,2024-09-25 12:30:00,1526.31,1526.4,1526.31,1526.4,0.01,17.06,25956.7,1
2024-09-25,2024-09-25 12:31:00,1526.4,1526.49,1526.4,1526.49,0.01,17.06,25956.7,1
2024-09-25,2024-09-25 12:32:00,1526.49,1526.59,1526.49,1526.59,0.01,17.06,25956.7,1
2024-09-25,2024-09-25 12:33:00,1526.59,1526.68,1526.59,1526.68,0.01,17.06,25956.7,1
2024-09-25,2024-09-25 12:34:00,1526.68,1526.77,1526.68,1526.77,0.01,17.06,25956.7,1
2024-09-25,2024-09-25 12:35:00,1526.77,1526.86,1526.77,1526.86,0.01,17.06,25956.7,1
2024-09-25,2024-09-25 12:36:00,1526.86,1526.95,1526.86,1526.95,0.01,17.06,25956.7,1
2024-09-25,2024-09-25 12:37:00,1526.95,1527.04,1526.95,1527.04,0.01,17.06,25956.7,1
2024-09-25,2024-09-25 12:38:00,1527.04,1527.13,1527.04,1527.13,0.01,17.06,25956.7,1
2024-09-25,2024-09-25 12:39:00,1527.13,1527.22,1527.13,1527.22,0.01,17.06,25956.7,1
2024-09-25,2024-09-25 12:40:00,1527.22,1527.32,1527.22,1527.32,0.01,17.06,25956.7,1
2024-09-25,2024-09-25 12:41:00,1527.32,1527.41,1527.32,1527.41,0.01,17.06,25956.7,1
2024-09-25,2024-09-25 12:42:00,1527.41,1527.5,1527.41,1527.5,0.01,17.06,25956.7,1
2024-09-25,2024-09-25 12:43:00,1527.5,1527.59,1527.5,1527.59,0.01,17.06,25956.7,1
2024-09-25,2024-09-25 12:44:00,1527.59,1527.68,1527.59,1527.68,0.01,17.06,25956.7,1
2024-09-25,2024-09-25 12:45:00,1527.68,1527.77,1527.68,1527.77,0.01,17.06,25956.7,1
2024-09-25,2024-09-25 12:46:00,1527.77,1527.86,1527.77,1527.86,0.01,17.06,25956.7,1
2024-09-25,2024-09-25 12:47:00,1527.86,1527.95,1527.86,1527.95,0.01,17.06,25956.7,1
2024-09-25,2024-09-25 12:48:00,1527.95,1528.05,1527.95,1528.05,0.01,17.06,25956.7,1
2024-09-25,2024-09-25 12:49:00,1528.05,1528.14,1528.05,1528.14,0.01,17.06,25956.7,1
2024-09-25,2024-09-25 12:50:00,1528.14,1528.23,1528.14,1528.23,0.01,17.06,25956.7,1
2024-09-25,2024-09-25 12:51:00,1528.23,1528.32,1528.23,1528.32,0.01,17.06,25956.7,1
2024-09-25,2024-09-25 12:52:00,1528.32,1528.41,1528.32,1528.41,0.01,17.06,25956.7,1
2024-09-25,2024-09-25 12:53:00,1528.41,1528.5,1528.41,1528.5,0.01,17.06,25956.7,1
2024-09-25,2024-09-25 12:54:00,1528.5,1528.59,1528.5,1528.59,0.01,17.06,25956.7,1
2024-09-25,2024-09-25 12:55:00,1528.59,1528.68,1528.59,1528.68,0.01,17.06,25956.7,1
2024-09-25,2024-09-25 12:56:00,1528.68,1528.78,1528.68,1528.78,0.01,17.06,25956.7,1
2024-09-25,2024-09-25 12:57:00,1528.78,1528.87,1528.78,1528.87,0.01,17.06,25956.7,1
2024-09-25,2024-09-25 12:58:00,1528.87,1528.96,1528.87,1528.96,0.01,17.06,25956.7,1
2024-09-25,2024-09-25 12:59:00,1528.96,1529.05,1528.96,1529.05,0.01,17.06,25956.7,1
2024-09-25,2024-09-25 13:00:00,1529.05,1545.0,1488.1,1529.14,0.01,17.06,25956.7,1
2024-09-25,2024-09-25 13:01:00,1529.14,1529.23,1529.14,1529.23,0.01,17.06,25956.7,1
2024-09-25,2024-09-25 13:02:00,1529.23,1529.32,1529.23,1529.32,0.01,17.06,25956.7,1
2024-09-25,2024-09-25 13:03:00,1529.32,1529.41,1529.32,1529.41,0.01,17.06,25956.7,1
2024-09-25,2024-09-25 13:04:00,1529.41,1529.51,1529.41,1529.51,0.01,17.06,25956.7,1
2024-09-25,2024-09-25 13:05:00,1529.51,1529.6,1529.51,1529.6,0.01,17.06,25956.7,1
2024-09-25,2024-09-25 13:06:00,1529.6,1529.69,1529.6,1529.69,0.01,17.06,25956.7,1
2024-09-25,2024-09-25 13:07:00,1529.69,1529.78,1529.69,1529.78,0.01,17.06,25956.7,1
2024-09-25,2024-09-25 13:08:00,1529.78,1529.87,1529.78,1529.87,0.01,17.06,25956.7,1
2024-09-25,2024-09-25 13:09:00,1529.87,1529.96,1529.87,1529.96,0.01,17.06,25956.7,1
2024-09-25,2024-09-25 13:10:00,1529.96,1530.05,1529.96,1530.05,0.01,17.06,25956.7,1
2024-09-25,2024-09-25 13:11:00,1530.05,1530.14,1530.05,1530.14,0.01,17.06,25956.7,1
2024-09-25,2024-09-25 13:12:00,1530.14,1530.24,1530.14,1530.24,0.01,17.06,25956.7,1
2024-09-25,2024-09-25 13:13:00,1530.24,1530.33,1530.24,1530.33,0.01,17.06,25956.7,1
2024-09-25,2024-09-25 13:14:00,1530.33,1530.42,1530.33,1530.42,0.01,17.06,25956.7,1
2024-09-25,2024-09-25 13:15:00,1530.42,1530.51,1530.42,1530.51,0.01,17.06,25956.7,1
2024-09-25,2024-09-25 13:16:00,1530.51,1530.6,1530.51,1530.6,0.01,17.06,25956.7,1
2024-09-25,2024-09-25 13:17:00,1530.6,1530.69,1530.6,1530.69,0.01,17.06,25956.7,1
2024-09-25,2024-09-25 13:18:00,1530.69,1530.78,1530.69,1530.78,0.01,17.06,25956.7,1
2024-09-25,2024-09-25 13:19:00,1530.78,1530.88,1530.78,1530.88,0.01,17.06,25956.7,1
2024-09-25,2024-09-25 13:20:00,1530.88,1530.97,1530.88,1530.97,0.01,17.06,25956.7,1
2024-09-25,2024-09-25 13:21:00,1530.97,1531.06,1530.97,1531.06,0.01,17.06,25956.7,1
2024-09-25,2024-09-25 13:22:00,1531.06,1531.15,1531.06,1531.15,0.01,17.06,25956.7,1
2024-09-25,2024-09-25 13:23:00,1531.15,1531.24,1531.15,1531.24,0.01,17.06,25956.7,1
2024-09-25,2024-09-25 13:24:00,1531.24,1531.33,1531.24,1531.33,0.01,17.06,25956.7,1
2024-09-25,2024-09-25 13:25:00,1531.33,1531.42,1531.33,1531.42,0.01,17.06,25956.7,1
2024-09-25,2024-09-25 13:26:00,1531.42,1531.51,1531.42,1531.51,0.01,17.06,25956.7,1
2024-09-25,2024-09-25 13:27:00,1531.51,1531.61,1531.51,1531.61,0.01,17.06,25956.7,1
2024-09-25,2024-09-25 13:28:00,1531.61,1531.7,1531.61,1531.7,0.01,17.06,25956.7,1
2024-09-25,2024-09-25 13:29:00,1531.7,1531.79,1531.7,1531.79,0.01,17.06,25956.7,1
2024-09-25,2024-09-25 13:30:00,1531.79,1531.88,1531.79,1531.88,0.01,17.06,25956.7,1
2024-09-25,2024-09-25 13:31:00,1531.88,1531.97,1531.88,1531.97,0.01,17.06,25956.7,1
2024-09-25,2024-09-25 13:32:00,1531.97,1532.06,1531.97,1532.06,0.01,17.06,25956.7,1
2024-09-25,2024-09-25 13:33:00,1532.06,1532.15,1532.06,1532.15,0.01,17.06,25956.7,1
2024-09-25,2024-09-25 13:34:00,1532.15,1532.24,1532.15,1532.24,0.01,17.06,25956.7,1
2024-09-25,2024-09-25 13:35:00,1532.24,1532.34,1532.24,1532.34,0.01,17.06,25956.7,1
2024-09-25,2024-09-25 13:36:00,1532.34,1532.43,1532.34,1532.43,0.01,17.06,25956.7,1
2024-09-25,2024-09-25 13:37:00,1532.43,1532.52,1532.43,1532.52,0.01,17.06,25956.7,1
2024-09-25,2024-09-25 13:38:00,1532.52,1532.61,1532.52,1532.61,0.01,17.06,25956.7,1
2024-09-25,2024-09-25 13:39:00,1532.61,1532.7,1532.61,1532.7,0.01,17.06,25956.7,1
2024-09-25,2024-09-25 13:40:00,1532.7,1532.79,1532.7,1532.79,0.01,17.06,25956.7,1
2024-09-25,2024-09-25 13:41:00,1532.79,1532.88,1532.79,1532.88,0.01,17.06,25956.7,1
2024-09-25,2024-09-25 13:42:00,1532.88,1532.97,1532.88,1532.97,0.01,17.06,25956.7,1
2024-09-25,2024-09-25 13:43:00,1532.97,1533.07,1532.97,1533.07,0.01,17.06,25956.7,1
2024-09-25,2024-09-25 13:44:00,1533.07,1533.16,1533.07,1533.16,0.01,17.06,25956.7,1
2024-09-25,2024-09-25 13:45:00,1533.16,1533.25,1533.16,1533.25,0.01,17.06,25956.7,1
2024-09-25,2024-09-25 13:46:00,1533.25,1533.34,1533.25,1533.34,0.01,17.06,25956.7,1
2024-09-25,2024-09-25 13:47:00,1533.34,1533.43,1533.34,1533.43,0.01,17.06,25956.7,1
2024-09-25,2024-09-25 13:48:00,1533.43,1533.52,1533.43,1533.52,0.01,17.06,25956.7,1
2024-09-25,2024-09-25 13:49:00,1533.52,1533.61,1533.52,1533.61,0.01,17.06,25956.7,1
2024-09-25,2024-09-25 13:50:00,1533.61,1533.7,1533.61,1533.7,0.01,17.06,25956.7,1
2024-09-25,2024-09-25 13:51:00,1533.7,1533.8,1533.7,1533.8,0.01,17.06,25956.7,1
2024-09-25,2024-09-25 13:52:00,1533.8,1533.89,1533.8,1533.89,0.01,17.06,25956.7,1
2024-09-25,2024-09-25 13:53:00,1533.89,1533.98,1533.89,1533.98,0.01,17.06,25956.7,1
2024-09-25,2024-09-25 13:54:00,1533.98,1534.07,1533.98,1534.07,0.01,17.06,25956.7,1
2024-09-25,2024-09-25 13:55:00,1534.07,1534.16,1534.07,1534.16,0.01,17.06,25956.7,1
2024-09-25,2024-09-25 13:56:00,1534.16,1534.25,1534.16,1534.25,0.01,17.06,25956.7,1
2024-09-25,2024-09-25 13:57:00,1534.25,1534.34,1534.25,1534.34,0.01,17.06,25956.7,1
2024-09-25,2024-09-25 13:58:00,1534.34,1534.43,1534.34,1534.43,0.01,17.06,25956.7,1
2024-09-25,2024-09-25 13:59:00,1534.43,1534.53,1534.43,1534.53,0.01,17.06,25956.7,1
2024-09-25,2024-09-25 14:00:00,1534.53,1534.62,1534.53,1534.62,0.01,17.06,25956.7,1
2024-09-25,2024-09-25 14:01:00,1534.62,1534.71,1534.62,1534.71,0.01,17.06,25956.7,1
2024-09-25,2024-09-25 14:02:00,1534.71,1534.8,1534.71,1534.8,0.01,17.06,25956.7,1
2024-09-25,2024-09-25 14:03:00,1534.8,1534.89,1534.8,1534.89,0.01,17.06,25956.7,1
2024-09-25,2024-09-25 14:04:00,1534.89,1534.98,1534.89,1534.98,0.01,17.06,25956.7,1
2024-09-25,2024-09-25 14:05:00,1534.98,1535.07,1534.98,1535.07,0.01,17.06,25956.7,1
2024-09-25,2024-09-25 14:06:00,1535.07,1535.16,1535.07,1535.16,0.01,17.06,25956.7,1
2024-09-25,2024-09-25 14:07:00,1535.16,1535.25,1535.16,1535.25,0.01,17.06,25956.7,1
2024-09-25,2024-09-25 14:08:00,1535.25,1535.35,1535.25,1535.35,0.01,17.06,25956.7,1
2024-09-25,2024-09-25 14:09:00,1535.35,1535.44,1535.35,1535.44,0.01,17.06,25956.7,1
2024-09-25,2024-09-25 14:10:00,1535.44,1535.53,1535.44,1535.53,0.01,17.06,25956.7,1
2024-09-25,2024-09-25 14:11:00,1535.53,1535.62,1535.53,1535.62,0.01,17.06,25956.7,1
2024-09-25,2024-09-25 14:12:00,1535.62,1535.71,1535.62,1535.71,0.01,17.06,25956.7,1
2024-09-25,2024-09-25 14:13:00,1535.71,1535.8,1535.71,1535.8,0.01,17.06,25956.7,1
2024-09-25,2024-09-25 14:14:00,1535.8,1535.89,1535.8,1535.89,0.01,17.06,25956.7,1
2024-09-25,2024-09-25 14:15:00,1535.89,1535.98,1535.89,1535.98,0.01,17.06,25956.7,1
2024-09-25,2024-09-25 14:16:00,1535.98,1536.08,1535.98,1536.08,0.01,17.06,25956.7,1
2024-09-25,2024-09-25 14:17:00,1536.08,1536.17,1536.08,1536.17,0.01,17.06,25956.7,1
2024-09-25,2024-09-25 14:18:00,1536.17,1536.26,1536.17,1536.26,0.01,17.06,25956.7,1
2024-09-25,2024-09-25 14:19:00,1536.26,1536.35,1536.26,1536.35,0.01,17.06,25956.7,1
2024-09-25,2024-09-25 14:20:00,1536.35,1536.44,1536.35,1536.44,0.01,17.06,25956.7,1
2024-09-25,2024-09-25 14:21:00,1536.44,1536.53,1536.44,1536.53,0.01,17.06,25956.7,1
2024-09-25,2024-09-25 14:22:00,1536.53,1536.62,1536.53,1536.62,0.01,17.06,25956.7,1
2024-09-25,2024-09-25 14:23:00,1536.62,1536.71,1536.62,1536.71,0.01,17.06,25956.7,1
2024-09-25,2024-09-25 14:24:00,1536.71,1536.81,1536.71,1536.81,0.01,17.06,25956.7,1
2024-09-25,2024-09-25 14:25:00,1536.81,1536.9,1536.81,1536.9,0.01,17.06,25956.7,1
2024-09-25,2024-09-25 14:26:00,1536.9,1536.99,1536.9,1536.99,0.01,17.06,25956.7,1
2024-09-25,2024-09-25 14:27:00,1536.99,1537.08,1536.99,1537.08,0.01,17.06,25956.7,1
2024-09-25,2024-09-25 14:28:00,1537.08,1537.17,1537.08,1537.17,0.01,17.06,25956.7,1
2024-09-25,2024-09-25 14:29:00,1537.17,1537.26,1537.17,1537.26,0.01,17.06,25956.7,1
2024-09-25,2024-09-25 14:30:00,1537.26,1537.35,1537.26,1537.35,0.01,17.06,25956.7,1
2024-09-25,2024-09-25 14:31:00,1537.35,1537.44,1537.35,1537.44,0.01,17.06,25956.7,1
2024-09-25,2024-09-25 14:32:00,1537.44,1537.54,1537.44,1537.54,0.01,17.06,25956.7,1
2024-09-25,2024-09-25 14:33:00,1537.54,1537.63,1537.54,1537.63,0.01,17.06,25956.7,1
2024-09-25,2024-09-25 14:34:00,1537.63,1537.72,1537.63,1537.72,0.01,17.06,25956.7,1
2024-09-25,2024-09-25 14:35:00,1537.72,1537.81,1537.72,1537.81,0.01,17.06,25956.7,1
2024-09-25,2024-09-25 14:36:00,1537.81,1537.9,1537.81,1537.9,0.01,17.06,25956.7,1
2024-09-25,2024-09-25 14:37:00,1537.9,1537.99,1537.9,1537.99,0.01,17.06,25956.7,1
2024-09-25,2024-09-25 14:38:00,1537.99,1538.08,1537.99,1538.08,0.01,17.06,25956.7,1
2024-09-25,2024-09-25 14:39:00,1538.08,1538.17,1538.08,1538.17,0.01,17.06,25956.7,1
2024-09-25,2024-09-25 14:40:00,1538.17,1538.27,1538.17,1538.27,0.01,17.06,25956.7,1
2024-09-25,2024-09-25 14:41:00,1538.27,1538.36,1538.27,1538.36,0.01,17.06,25956.7,1
2024-09-25,2024-09-25 14:42:00,1538.36,1538.45,1538.36,1538.45,0.01,17.06,25956.7,1
2024-09-25,2024-09-25 14:43:00,1538.45,1538.54,1538.45,1538.54,0.01,17.06,25956.7,1
2024-09-25,2024-09-25 14:44:00,1538.54,1538.63,1538.54,1538.63,0.01,17.06,25956.7,1
2024-09-25,2024-09-25 14:45:00,1538.63,1538.72,1538.63,1538.72,0.01,17.06,25956.7,1
2024-09-25,2024-09-25 14:46:00,1538.72,1538.81,1538.72,1538.81,0.01,17.06,25956.7,1
2024-09-25,2024-09-25 14:47:00,1538.81,1538.9,1538.81,1538.9,0.01,17.06,25956.7,1
2024-09-25,2024-09-25 14:48:00,1538.9,1539.0,1538.9,1539.0,0.01,17.06,25956.7,1
2024-09-25,2024-09-25 14:49:00,1539.0,1539.09,1539.0,1539.09,0.01,17.06,25956.7,1
2024-09-25,2024-09-25 14:50:00,1539.09,1539.18,1539.09,1539.18,0.01,17.06,25956.7,1
2024-09-25,2024-09-25 14:51:00,1539.18,1539.27,1539.18,1539.27,0.01,17.06,25956.7,1
2024-09-25,2024-09-25 14:52:00,1539.27,1539.36,1539.27,1539.36,0.01,17.06,25956.7,1
2024-09-25,2024-09-25 14:53:00,1539.36,1539.45,1539.36,1539.45,0.01,17.06,25956.7,1
2024-09-25,2024-09-25 14:54:00,1539.45,1539.54,1539.45,1539.54,0.01,17.06,25956.7,1
2024-09-25,2024-09-25 14:55:00,1539.54,1539.63,1539.54,1539.63,0.01,17.06,25956.7,1
2024-09-25,2024-09-25 14:56:00,1539.63,1539.73,1539.63,1539.73,0.01,17.06,25956.7,1
2024-09-25,2024-09-25 14:57:00,1539.73,1539.82,1539.73,1539.82,0.01,17.06,25956.7,1
2024-09-25,2024-09-25 14:58:00,1539.82,1539.91,1539.82,1539.91,0.01,17.06,25956.7,1
2024-09-25,2024-09-25 14:59:00,1539.91,1540.0,1539.91,1540.0,0.01,17.06,25956.7,1
2024-09-25,2024-09-25 15:00:00,1540.0,1545.0,1488.1,1540.0,0.0,17.06,25956.7,0
2024-09-26,2024-09-26 11:00:00,1510.0,1537.0,1504.63,1510.15,0.01,23.88,36413.33,1
2024-09-26,2024-09-26 11:01:00,1510.15,1510.29,1510.15,1510.29,0.01,23.88,36413.33,1
2024-09-26,2024-09-26 11:02:00,1510.29,1510.44,1510.29,1510.44,0.01,23.88,36413.33,1
2024-09-26,2024-09-26 11:03:00,1510.44,1510.58,1510.44,1510.58,0.01,23.88,36413.33,1
2024-09-26,2024-09-26 11:04:00,1510.58,1510.73,1510.58,1510.73,0.01,23.88,36413.33,1
2024-09-26,2024-09-26 11:05:00,1510.73,1510.88,1510.73,1510.88,0.01,23.88,36413.33,1
2024-09-26,2024-09-26 11:06:00,1510.88,1511.02,1510.88,1511.02,0.01,23.88,36413.33,1
2024-09-26,2024-09-26 11:07:00,1511.02,1511.17,1511.02,1511.17,0.01,23.88,36413.33,1
2024-09-26,2024-09-26 11:08:00,1511.17,1511.31,1511.17,1511.31,0.01,23.88,36413.33,1
2024-09-26,2024-09-26 11:09:00,1511.31,1511.46,1511.31,1511.46,0.01,23.88,36413.33,1
2024-09-26,2024-09-26 11:10:00,1511.46,1511.6,1511.46,1511.6,0.01,23.88,36413.33,1
2024-09-26,2024-09-26 11:11:00,1511.6,1511.75,1511.6,1511.75,0.01,23.88,36413.33,1
2024-09-26,2024-09-26 11:12:00,1511.75,1511.9,1511.75,1511.9,0.01,23.88,36413.33,1
2024-09-26,2024-09-26 11:13:00,1511.9,1512.04,1511.9,1512.04,0.01,23.88,36413.33,1
2024-09-26,2024-09-26 11:14:00,1512.04,1512.19,1512.04,1512.19,0.01,23.88,36413.33,1
2024-09-26,2024-09-26 11:15:00,1512.19,1512.33,1512.19,1512.33,0.01,23.88,36413.33,1
2024-09-26,2024-09-26 11:16:00,1512.33,1512.48,1512.33,1512.48,0.01,23.88,36413.33,1
2024-09-26,2024-09-26 11:17:00,1512.48,1512.62,1512.48,1512.62,0.01,23.88,36413.33,1
2024-09-26,2024-09-26 11:18:00,1512.62,1512.77,1512.62,1512.77,0.01,23.88,36413.33,1
2024-09-26,2024-09-26 11:19:00,1512.77,1512.92,1512.77,1512.92,0.01,23.88,36413.33,1
2024-09-26,2024-09-26 11:20:00,1512.92,1513.06,1512.92,1513.06,0.01,23.88,36413.33,1
2024-09-26,2024-09-26 11:21:00,1513.06,1513.21,1513.06,1513.21,0.01,23.88,36413.33,1
2024-09-26,2024-09-26 11:22:00,1513.21,1513.35,1513.21,1513.35,0.01,23.88,36413.33,1
2024-09-26,2024-09-26 11:23:00,1513.35,1513.5,1513.35,1513.5,0.01,23.88,36413.33,1
2024-09-26,2024-09-26 11:24:00,1513.5,1513.65,1513.5,1513.65,0.01,23.88,36413.33,1
2024-09-26,2024-09-26 11:25:00,1513.65,1513.79,1513.65,1513.79,0.01,23.88,36413.33,1
2024-09-26,2024-09-26 11:26:00,1513.79,1513.94,1513.79,1513.94,0.01,23.88,36413.33,1
2024-09-26,2024-09-26 11:27:00,1513.94,1514.08,1513.94,1514.08,0.01,23.88,36413.33,1
2024-09-26,2024-09-26 11:28:00,1514.08,1514.23,1514.08,1514.23,0.01,23.88,36413.33,1
2024-09-26,2024-09-26 11:29:00,1514.23,1514.38,1514.23,1514.38,0.01,23.88,36413.33,1
2024-09-26,2024-09-26 11:30:00,1514.38,1514.52,1514.38,1514.52,0.01,23.88,36413.33,1
2024-09-26,2024-09-26 11:31:00,1514.52,1514.67,1514.52,1514.67,0.01,23.88,36413.33,1
2024-09-26,2024-09-26 11:32:00,1514.67,1514.81,1514.67,1514.81,0.01,23.88,36413.33,1
2024-09-26,2024-09-26 11:33:00,1514.81,1514.96,1514.81,1514.96,0.01,23.88,36413.33,1
2024-09-26,2024-09-26 11:34:00,1514.96,1515.1,1514.96,1515.1,0.01,23.88,36413.33,1
2024-09-26,2024-09-26 11:35:00,1515.1,1515.25,1515.1,1515.25,0.01,23.88,36413.33,1
2024-09-26,2024-09-26 11:36:00,1515.25,1515.4,1515.25,1515.4,0.01,23.88,36413.33,1
2024-09-26,2024-09-26 11:37:00,1515.4,1515.54,1515.4,1515.54,0.01,23.88,36413.33,1
2024-09-26,2024-09-26 11:38:00,1515.54,1515.69,1515.54,1515.69,0.01,23.88,36413.33,1
2024-09-26,2024-09-26 11:39:00,1515.69,1515.83,1515.69,1515.83,0.01,23.88,36413.33,1
2024-09-26,2024-09-26 11:40:00,1515.83,1515.98,1515.83,1515.98,0.01,23.88,36413.33,1
2024-09-26,2024-09-26 11:41:00,1515.98,1516.12,1515.98,1516.12,0.01,23.88,36413.33,1
2024-09-26,2024-09-26 11:42:00,1516.12,1516.27,1516.12,1516.27,0.01,23.88,36413.33,1
2024-09-26,2024-09-26 11:43:00,1516.27,1516.42,1516.27,1516.42,0.01,23.88,36413.33,1
2024-09-26,2024-09-26 11:44:00,1516.42,1516.56,1516.42,1516.56,0.01,23.88,36413.33,1
2024-09-26,2024-09-26 11:45:00,1516.56,1516.71,1516.56,1516.71,0.01,23.88,36413.33,1
2024-09-26,2024-09-26 11:46:00,1516.71,1516.85,1516.71,1516.85,0.01,23.88,36413.33,1
2024-09-26,2024-09-26 11:47:00,1516.85,1517.0,1516.85,1517.0,0.01,23.88,36413.33,1
2024-09-26,2024-09-26 11:48:00,1517.0,1517.15,1517.0,1517.15,0.01,23.88,36413.33,1
2024-09-26,2024-09-26 11:49:00,1517.15,1517.29,1517.15,1517.29,0.01,23.88,36413.33,1
2024-09-26,2024-09-26 11:50:00,1517.29,1517.44,1517.29,1517.44,0.01,23.88,36413.33,1
2024-09-26,2024-09-26 11:51:00,1517.44,1517.58,1517.44,1517.58,0.01,23.88,36413.33,1
2024-09-26,2024-09-26 11:52:00,1517.58,1517.73,1517.58,1517.73,0.01,23.88,36413.33,1
2024-09-26,2024-09-26 11:53:00,1517.73,1517.88,1517.73,1517.88,0.01,23.88,36413.33,1
2024-09-26,2024-09-26 11:54:00,1517.88,1518.02,1517.88,1518.02,0.01,23.88,36413.33,1
2024-09-26,2024-09-26 11:55:00,1518.02,1518.17,1518.02,1518.17,0.01,23.88,36413.33,1
2024-09-26,2024-09-26 11:56:00,1518.17,1518.31,1518.17,1518.31,0.01,23.88,36413.33,1
2024-09-26,2024-09-26 11:57:00,1518.31,1518.46,1518.31,1518.46,0.01,23.88,36413.33,1
2024-09-26,2024-09-26 11:58:00,1518.46,1518.6,1518.46,1518.6,0.01,23.88,36413.33,1
2024-09-26,2024-09-26 11:59:00,1518.6,1518.75,1518.6,1518.75,0.01,23.88,36413.33,1
2024-09-26,2024-09-26 12:00:00,1518.75,1518.9,1518.75,1518.9,0.01,23.88,36413.33,1
2024-09-26,2024-09-26 12:01:00,1518.9,1519.04,1518.9,1519.04,0.01,23.88,36413.33,1
2024-09-26,2024-09-26 12:02:00,1519.04,1519.19,1519.04,1519.19,0.01,23.88,36413.33,1
2024-09-26,2024-09-26 12:03:00,1519.19,1519.33,1519.19,1519.33,0.01,23.88,36413.33,1
2024-09-26,2024-09-26 12:04:00,1519.33,1519.48,1519.33,1519.48,0.01,23.88,36413.33,1
2024-09-26,2024-09-26 12:05:00,1519.48,1519.62,1519.48,1519.62,0.01,23.88,36413.33,1
2024-09-26,2024-09-26 12:06:00,1519.62,1519.77,1519.62,1519.77,0.01,23.88,36413.33,1
2024-09-26,2024-09-26 12:07:00,1519.77,1519.92,1519.77,1519.92,0.01,23.88,36413.33,1
2024-09-26,2024-09-26 12:08:00,1519.92,1520.06,1519.92,1520.06,0.01,23.88,36413.33,1
2024-09-26,2024-09-26 12:09:00,1520.06,1520.21,1520.06,1520.21,0.01,23.88,36413.33,1
2024-09-26,2024-09-26 12:10:00,1520.21,1520.35,1520.21,1520.35,0.01,23.88,36413.33,1
2024-09-26,2024-09-26 12:11:00,1520.35,1520.5,1520.35,1520.5,0.01,23.88,36413.33,1
2024-09-26,2024-09-26 12:12:00,1520.5,1520.65,1520.5,1520.65,0.01,23.88,36413.33,1
2024-09-26,2024-09-26 12:13:00,1520.65,1520.79,1520.65,1520.79,0.01,23.88,36413.33,1
2024-09-26,2024-09-26 12:14:00,1520.79,1520.94,1520.79,1520.94,0.01,23.88,36413.33,1
2024-09-26,2024-09-26 12:15:00,1520.94,1521.08,1520.94,1521.08,0.01,23.88,36413.33,1
2024-09-26,2024-09-26 12:16:00,1521.08,1521.23,1521.08,1521.23,0.01,23.88,36413.33,1
2024-09-26,2024-09-26 12:17:00,1521.23,1521.38,1521.23,1521.38,0.01,23.88,36413.33,1
2024-09-26,2024-09-26 12:18:00,1521.38,1521.52,1521.38,1521.52,0.01,23.88,36413.33,1
2024-09-26,2024-09-26 12:19:00,1521.52,1521.67,1521.52,1521.67,0.01,23.88,36413.33,1
2024-09-26,2024-09-26 12:20:00,1521.67,1521.81,1521.67,1521.81,0.01,23.88,36413.33,1
2024-09-26,2024-09-26 12:21:00,1521.81,1521.96,1521.81,1521.96,0.01,23.88,36413.33,1
2024-09-26,2024-09-26 12:22:00,1521.96,1522.1,1521.96,1522.1,0.01,23.88,36413.33,1
2024-09-26,2024-09-26 12:23:00,1522.1,1522.25,1522.1,1522.25,0.01,23.88,36413.33,1
2024-09-26,2024-09-26 12:24:00,1522.25,1522.4,1522.25,1522.4,0.01,23.88,36413.33,1
2024-09-26,2024-09-26 12:25:00,1522.4,1522.54,1522.4,1522.54,0.01,23.88,36413.33,1
2024-09-26,2024-09-26 12:26:00,1522.54,1522.69,1522.54,1522.69,0.01,23.88,36413.33,1
2024-09-26,2024-09-26 12:27:00,1522.69,1522.83,1522.69,1522.83,0.01,23.88,36413.33,1
2024-09-26,2024-09-26 12:28:00,1522.83,1522.98,1522.83,1522.98,0.01,23.88,36413.33,1
2024-09-26,2024-09-26 12:29:00,1522.98,1523.12,1522.98,1523.12,0.01,23.88,36413.33,1
2024-09-26,2024-09-26 12:30:00,1523.12,1523.27,1523.12,1523.27,0.01,23.88,36413.33,1
2024-09-26,2024-09-26 12:31:00,1523.27,1523.42,1523.27,1523.42,0.01,23.88,36413.33,1
2024-09-26,2024-09-26 12:32:00,1523.42,1523.56,1523.42,1523.56,0.01,23.88,36413.33,1
2024-09-26,2024-09-26 12:33:00,1523.56,1523.71,1523.56,1523.71,0.01,23.88,36413.33,1
2024-09-26,2024-09-26 12:34:00,1523.71,1523.85,1523.71,1523.85,0.01,23.88,36413.33,1
2024-09-26,2024-09-26 12:35:00,1523.85,1524.0,1523.85,1524.0,0.01,23.88,36413.33,1
2024-09-26,2024-09-26 12:36:00,1524.0,1524.15,1524.0,1524.15,0.01,23.88,36413.33,1
2024-09-26,2024-09-26 12:37:00,1524.15,1524.29,1524.15,1524.29,0.01,23.88,36413.33,1
2024-09-26,2024-09-26 12:38:00,1524.29,1524.44,1524.29,1524.44,0.01,23.88,36413.33,1
2024-09-26,2024-09-26 12:39:00,1524.44,1524.58,1524.44,1524.58,0.01,23.88,36413.33,1
2024-09-26,2024-09-26 12:40:00,1524.58,1524.73,1524.58,1524.73,0.01,23.88,36413.33,1
2024-09-26,2024-09-26 12:41:00,1524.73,1524.88,1524.73,1524.88,0.01,23.88,36413.33,1
2024-09-26,2024-09-26 12:42:00,1524.88,1525.02,1524.88,1525.02,0.01,23.88,36413.33,1
2024-09-26,2024-09-26 12:43:00,1525.02,1525.17,1525.02,1525.17,0.01,23.88,36413.33,1
2024-09-26,2024-09-26 12:44:00,1525.17,1525.31,1525.17,1525.31,0.01,23.88,36413.33,1
2024-09-26,2024-09-26 12:45:00,1525.31,1525.46,1525.31,1525.46,0.01,23.88,36413.33,1
2024-09-26,2024-09-26 12:46:00,1525.46,1525.6,1525.46,1525.6,0.01,23.88,36413.33,1
2024-09-26,2024-09-26 12:47:00,1525.6,1525.75,1525.6,1525.75,0.01,23.88,36413.33,1
2024-09-26,2024-09-26 12:48:00,1525.75,1525.9,1525.75,1525.9,0.01,23.88,36413.33,1
2024-09-26,2024-09-26 12:49:00,1525.9,1526.04,1525.9,1526.04,0.01,23.88,36413.33,1
2024-09-26,2024-09-26 12:50:00,1526.04,1526.19,1526.04,1526.19,0.01,23.88,36413.33,1
2024-09-26,2024-09-26 12:51:00,1526.19,1526.33,1526.19,1526.33,0.01,23.88,36413.33,1
2024-09-26,2024-09-26 12:52:00,1526.33,1526.48,1526.33,1526.48,0.01,23.88,36413.33,1
2024-09-26,2024-09-26 12:53:00,1526.48,1526.62,1526.48,1526.62,0.01,23.88,36413.33,1
2024-09-26,2024-09-26 12:54:00,1526.62,1526.77,1526.62,1526.77,0.01,23.88,36413.33,1
2024-09-26,2024-09-26 12:55:00,1526.77,1526.92,1526.77,1526.92,0.01,23.88,36413.33,1
2024-09-26,2024-09-26 12:56:00,1526.92,1527.06,1526.92,1527.06,0.01,23.88,36413.33,1
2024-09-26,2024-09-26 12:57:00,1527.06,1527.21,1527.06,1527.21,0.01,23.88,36413.33,1
2024-09-26,2024-09-26 12:58:00,1527.21,1527.35,1527.21,1527.35,0.01,23.88,36413.33,1
2024-09-26,2024-09-26 12:59:00,1527.35,1527.5,1527.35,1527.5,0.01,23.88,36413.33,1
2024-09-26,2024-09-26 13:00:00,1527.5,1600.0,1492.1,1527.65,0.01,23.88,36413.33,1
2024-09-26,2024-09-26 13:01:00,1527.65,1527.79,1527.65,1527.79,0.01,23.88,36413.33,1
2024-09-26,2024-09-26 13:02:00,1527.79,1527.94,1527.79,1527.94,0.01,23.88,36413.33,1
2024-09-26,2024-09-26 13:03:00,1527.94,1528.08,1527.94,1528.08,0.01,23.88,36413.33,1
2024-09-26,2024-09-26 13:04:00,1528.08,1528.23,1528.08,1528.23,0.01,23.88,36413.33,1
2024-09-26,2024-09-26 13:05:00,1528.23,1528.38,1528.23,1528.38,0.01,23.88,36413.33,1
2024-09-26,2024-09-26 13:06:00,1528.38,1528.52,1528.38,1528.52,0.01,23.88,36413.33,1
2024-09-26,2024-09-26 13:07:00,1528.52,1528.67,1528.52,1528.67,0.01,23.88,36413.33,1
2024-09-26,2024-09-26 13:08:00,1528.67,1528.81,1528.67,1528.81,0.01,23.88,36413.33,1
2024-09-26,2024-09-26 13:09:00,1528.81,1528.96,1528.81,1528.96,0.01,23.88,36413.33,1
2024-09-26,2024-09-26 13:10:00,1528.96,1529.1,1528.96,1529.1,0.01,23.88,36413.33,1
2024-09-26,2024-09-26 13:11:00,1529.1,1529.25,1529.1,1529.25,0.01,23.88,36413.33,1
2024-09-26,2024-09-26 13:12:00,1529.25,1529.4,1529.25,1529.4,0.01,23.88,36413.33,1
2024-09-26,2024-09-26 13:13:00,1529.4,1529.54,1529.4,1529.54,0.01,23.88,36413.33,1
2024-09-26,2024-09-26 13:14:00,1529.54,1529.69,1529.54,1529.69,0.01,23.88,36413.33,1
2024-09-26,2024-09-26 13:15:00,1529.69,1529.83,1529.69,1529.83,0.01,23.88,36413.33,1
2024-09-26,2024-09-26 13:16:00,1529.83,1529.98,1529.83,1529.98,0.01,23.88,36413.33,1
2024-09-26,2024-09-26 13:17:00,1529.98,1530.12,1529.98,1530.12,0.01,23.88,36413.33,1
2024-09-26,2024-09-26 13:18:00,1530.12,1530.27,1530.12,1530.27,0.01,23.88,36413.33,1
2024-09-26,2024-09-26 13:19:00,1530.27,1530.42,1530.27,1530.42,0.01,23.88,36413.33,1
2024-09-26,2024-09-26 13:20:00,1530.42,1530.56,1530.42,1530.56,0.01,23.88,36413.33,1
2024-09-26,2024-09-26 13:21:00,1530.56,1530.71,1530.56,1530.71,0.01,23.88,36413.33,1
2024-09-26,2024-09-26 13:22:00,1530.71,1530.85,1530.71,1530.85,0.01,23.88,36413.33,1
2024-09-26,2024-09-26 13:23:00,1530.85,1531.0,1530.85,1531.0,0.01,23.88,36413.33,1
2024-09-26,2024-09-26 13:24:00,1531.0,1531.15,1531.0,1531.15,0.01,23.88,36413.33,1
2024-09-26,2024-09-26 13:25:00,1531.15,1531.29,1531.15,1531.29,0.01,23.88,36413.33,1
2024-09-26,2024-09-26 13:26:00,1531.29,1531.44,1531.29,1531.44,0.01,23.88,36413.33,1
2024-09-26,2024-09-26 13:27:00,1531.44,1531.58,1531.44,1531.58,0.01,23.88,36413.33,1
2024-09-26,2024-09-26 13:28:00,1531.58,1531.73,1531.58,1531.73,0.01,23.88,36413.33,1
2024-09-26,2024-09-26 13:29:00,1531.73,1531.88,1531.73,1531.88,0.01,23.88,36413.33,1
2024-09-26,2024-09-26 13:30:00,1531.88,1532.02,1531.88,1532.02,0.01,23.88,36413.33,1
2024-09-26,2024-09-26 13:31:00,1532.02,1532.17,1532.02,1532.17,0.01,23.88,36413.33,1
2024-09-26,2024-09-26 13:32:00,1532.17,1532.31,1532.17,1532.31,0.01,23.88,36413.33,1
2024-09-26,2024-09-26 13:33:00,1532.31,1532.46,1532.31,1532.46,0.01,23.88,36413.33,1
2024-09-26,2024-09-26 13:34:00,1532.46,1532.6,1532.46,1532.6,0.01,23.88,36413.33,1
2024-09-26,2024-09-26 13:35:00,1532.6,1532.75,1532.6,1532.75,0.01,23.88,36413.33,1
2024-09-26,2024-09-26 13:36:00,1532.75,1532.9,1532.75,1532.9,0.01,23.88,36413.33,1
2024-09-26,2024-09-26 13:37:00,1532.9,1533.04,1532.9,1533.04,0.01,23.88,36413.33,1
2024-09-26,2024-09-26 13:38:00,1533.04,1533.19,1533.04,1533.19,0.01,23.88,36413.33,1
2024-09-26,2024-09-26 13:39:00,1533.19,1533.33,1533.19,1533.33,0.01,23.88,36413.33,1
2024-09-26,2024-09-26 13:40:00,1533.33,1533.48,1533.33,1533.48,0.01,23.88,36413.33,1
2024-09-26,2024-09-26 13:41:00,1533.48,1533.62,1533.48,1533.62,0.01,23.88,36413.33,1
2024-09-26,2024-09-26 13:42:00,1533.62,1533.77,1533.62,1533.77,0.01,23.88,36413.33,1
2024-09-26,2024-09-26 13:43:00,1533.77,1533.92,1533.77,1533.92,0.01,23.88,36413.33,1
2024-09-26,2024-09-26 13:44:00,1533.92,1534.06,1533.92,1534.06,0.01,23.88,36413.33,1
2024-09-26,2024-09-26 13:45:00,1534.06,1534.21,1534.06,1534.21,0.01,23.88,36413.33,1
2024-09-26,2024-09-26 13:46:00,1534.21,1534.35,1534.21,1534.35,0.01,23.88,36413.33,1
2024-09-26,2024-09-26 13:47:00,1534.35,1534.5,1534.35,1534.5,0.01,23.88,36413.33,1
2024-09-26,2024-09-26 13:48:00,1534.5,1534.65,1534.5,1534.65,0.01,23.88,36413.33,1
2024-09-26,2024-09-26 13:49:00,1534.65,1534.79,1534.65,1534.79,0.01,23.88,36413.33,1
2024-09-26,2024-09-26 13:50:00,1534.79,1534.94,1534.79,1534.94,0.01,23.88,36413.33,1
2024-09-26,2024-09-26 13:51:00,1534.94,1535.08,1534.94,1535.08,0.01,23.88,36413.33,1
2024-09-26,2024-09-26 13:52:00,1535.08,1535.23,1535.08,1535.23,0.01,23.88,36413.33,1
2024-09-26,2024-09-26 13:53:00,1535.23,1535.38,1535.23,1535.38,0.01,23.88,36413.33,1
2024-09-26,2024-09-26 13:54:00,1535.38,1535.52,1535.38,1535.52,0.01,23.88,36413.33,1
2024-09-26,2024-09-26 13:55:00,1535.52,1535.67,1535.52,1535.67,0.01,23.88,36413.33,1
2024-09-26,2024-09-26 13:56:00,1535.67,1535.81,1535.67,1535.81,0.01,23.88,36413.33,1
2024-09-26,2024-09-26 13:57:00,1535.81,1535.96,1535.81,1535.96,0.01,23.88,36413.33,1
2024-09-26,2024-09-26 13:58:00,1535.96,1536.1,1535.96,1536.1,0.01,23.88,36413.33,1
2024-09-26,2024-09-26 13:59:00,1536.1,1536.25,1536.1,1536.25,0.01,23.88,36413.33,1
2024-09-26,2024-09-26 14:00:00,1536.25,1536.4,1536.25,1536.4,0.01,23.88,36413.33,1
2024-09-26,2024-09-26 14:01:00,1536.4,1536.54,1536.4,1536.54,0.01,23.88,36413.33,1
2024-09-26,2024-09-26 14:02:00,1536.54,1536.69,1536.54,1536.69,0.01,23.88,36413.33,1
2024-09-26,2024-09-26 14:03:00,1536.69,1536.83,1536.69,1536.83,0.01,23.88,36413.33,1
2024-09-26,2024-09-26 14:04:00,1536.83,1536.98,1536.83,1536.98,0.01,23.88,36413.33,1
2024-09-26,2024-09-26 14:05:00,1536.98,1537.12,1536.98,1537.12,0.01,23.88,36413.33,1
2024-09-26,2024-09-26 14:06:00,1537.12,1537.27,1537.12,1537.27,0.01,23.88,36413.33,1
2024-09-26,2024-09-26 14:07:00,1537.27,1537.42,1537.27,1537.42,0.01,23.88,36413.33,1
2024-09-26,2024-09-26 14:08:00,1537.42,1537.56,1537.42,1537.56,0.01,23.88,36413.33,1
2024-09-26,2024-09-26 14:09:00,1537.56,1537.71,1537.56,1537.71,0.01,23.88,36413.33,1
2024-09-26,2024-09-26 14:10:00,1537.71,1537.85,1537.71,1537.85,0.01,23.88,36413.33,1
2024-09-26,2024-09-26 14:11:00,1537.85,1538.0,1537.85,1538.0,0.01,23.88,36413.33,1
2024-09-26,2024-09-26 14:12:00,1538.0,1538.15,1538.0,1538.15,0.01,23.88,36413.33,1
2024-09-26,2024-09-26 14:13:00,1538.15,1538.29,1538.15,1538.29,0.01,23.88,36413.33,1
2024-09-26,2024-09-26 14:14:00,1538.29,1538.44,1538.29,1538.44,0.01,23.88,36413.33,1
2024-09-26,2024-09-26 14:15:00,1538.44,1538.58,1538.44,1538.58,0.01,23.88,36413.33,1
2024-09-26,2024-09-26 14:16:00,1538.58,1538.73,1538.58,1538.73,0.01,23.88,36413.33,1
2024-09-26,2024-09-26 14:17:00,1538.73,1538.88,1538.73,1538.88,0.01,23.88,36413.33,1
2024-09-26,2024-09-26 14:18:00,1538.88,1539.02,1538.88,1539.02,0.01,23.88,36413.33,1
2024-09-26,2024-09-26 14:19:00,1539.02,1539.17,1539.02,1539.17,0.01,23.88,36413.33,1
2024-09-26,2024-09-26 14:20:00,1539.17,1539.31,1539.17,1539.31,0.01,23.88,36413.33,1
2024-09-26,2024-09-26 14:21:00,1539.31,1539.46,1539.31,1539.46,0.01,23.88,36413.33,1
2024-09-26,2024-09-26 14:22:00,1539.46,1539.6,1539.46,1539.6,0.01,23.88,36413.33,1
2024-09-26,2024-09-26 14:23:00,1539.6,1539.75,1539.6,1539.75,0.01,23.88,36413.33,1
2024-09-26,2024-09-26 14:24:00,1539.75,1539.9,1539.75,1539.9,0.01,23.88,36413.33,1
2024-09-26,2024-09-26 14:25:00,1539.9,1540.04,1539.9,1540.04,0.01,23.88,36413.33,1
2024-09-26,2024-09-26 14:26:00,1540.04,1540.19,1540.04,1540.19,0.01,23.88,36413.33,1
2024-09-26,2024-09-26 14:27:00,1540.19,1540.33,1540.19,1540.33,0.01,23.88,36413.33,1
2024-09-26,2024-09-26 14:28:00,1540.33,1540.48,1540.33,1540.48,0.01,23.88,36413.33,1
2024-09-26,2024-09-26 14:29:00,1540.48,1540.62,1540.48,1540.62,0.01,23.88,36413.33,1
2024-09-26,2024-09-26 14:30:00,1540.62,1540.77,1540.62,1540.77,0.01,23.88,36413.33,1
2024-09-26,2024-09-26 14:31:00,1540.77,1540.92,1540.77,1540.92,0.01,23.88,36413.33,1
2024-09-26,2024-09-26 14:32:00,1540.92,1541.06,1540.92,1541.06,0.01,23.88,36413.33,1
2024-09-26,2024-09-26 14:33:00,1541.06,1541.21,1541.06,1541.21,0.01,23.88,36413.33,1
2024-09-26,2024-09-26 14:34:00,1541.21,1541.35,1541.21,1541.35,0.01,23.88,36413.33,1
2024-09-26,2024-09-26 14:35:00,1541.35,1541.5,1541.35,1541.5,0.01,23.88,36413.33,1
2024-09-26,2024-09-26 14:36:00,1541.5,1541.65,1541.5,1541.65,0.01,23.88,36413.33,1
2024-09-26,2024-09-26 14:37:00,1541.65,1541.79,1541.65,1541.79,0.01,23.88,36413.33,1
2024-09-26,2024-09-26 14:38:00,1541.79,1541.94,1541.79,1541.94,0.01,23.88,36413.33,1
2024-09-26,2024-09-26 14:39:00,1541.94,1542.08,1541.94,1542.08,0.01,23.88,36413.33,1
2024-09-26,2024-09-26 14:40:00,1542.08,1542.23,1542.08,1542.23,0.01,23.88,36413.33,1
2024-09-26,2024-09-26 14:41:00,1542.23,1542.38,1542.23,1542.38,0.01,23.88,36413.33,1
2024-09-26,2024-09-26 14:42:00,1542.38,1542.52,1542.38,1542.52,0.01,23.88,36413.33,1
2024-09-26,2024-09-26 14:43:00,1542.52,1542.67,1542.52,1542.67,0.01,23.88,36413.33,1
2024-09-26,2024-09-26 14:44:00,1542.67,1542.81,1542.67,1542.81,0.01,23.88,36413.33,1
2024-09-26,2024-09-26 14:45:00,1542.81,1542.96,1542.81,1542.96,0.01,23.88,36413.33,1
2024-09-26,2024-09-26 14:46:00,1542.96,1543.1,1542.96,1543.1,0.01,23.88,36413.33,1
2024-09-26,2024-09-26 14:47:00,1543.1,1543.25,1543.1,1543.25,0.01,23.88,36413.33,1
2024-09-26,2024-09-26 14:48:00,1543.25,1543.4,1543.25,1543.4,0.01,23.88,36413.33,1
2024-09-26,2024-09-26 14:49:00,1543.4,1543.54,1543.4,1543.54,0.01,23.88,36413.33,1
2024-09-26,2024-09-26 14:50:00,1543.54,1543.69,1543.54,1543.69,0.01,23.88,36413.33,1
2024-09-26,2024-09-26 14:51:00,1543.69,1543.83,1543.69,1543.83,0.01,23.88,36413.33,1
2024-09-26,2024-09-26 14:52:00,1543.83,1543.98,1543.83,1543.98,0.01,23.88,36413.33,1
2024-09-26,2024-09-26 14:53:00,1543.98,1544.12,1543.98,1544.12,0.01,23.88,36413.33,1
2024-09-26,2024-09-26 14:54:00,1544.12,1544.27,1544.12,1544.27,0.01,23.88,36413.33,1
2024-09-26,2024-09-26 14:55:00,1544.27,1544.42,1544.27,1544.42,0.01,23.88,36413.33,1
2024-09-26,2024-09-26 14:56:00,1544.42,1544.56,1544.42,1544.56,0.01,23.88,36413.33,1
2024-09-26,2024-09-26 14:57:00,1544.56,1544.71,1544.56,1544.71,0.01,23.88,36413.33,1
2024-09-26,2024-09-26 14:58:00,1544.71,1544.85,1544.71,1544.85,0.01,23.88,36413.33,1
2024-09-26,2024-09-26 14:59:00,1544.85,1545.0,1544.85,1545.0,0.01,23.88,36413.33,1
2024-09-26,2024-09-26 15:00:00,1545.0,1600.0,1492.1,1545.0,0.0,23.88,36413.33,0
2024-09-29,2024-09-29 11:00:00,1545.0,1552.5,1532.1,1544.96,-0.0,16.02,24404.95,-1
2024-09-29,2024-09-29 11:01:00,1544.96,1544.96,1544.92,1544.92,-0.0,16.02,24404.95,-1
2024-09-29,2024-09-29 11:02:00,1544.92,1544.92,1544.88,1544.88,-0.0,16.02,24404.95,-1
2024-09-29,2024-09-29 11:03:00,1544.88,1544.88,1544.83,1544.83,-0.0,16.02,24404.95,-1
2024-09-29,2024-09-29 11:04:00,1544.83,1544.83,1544.79,1544.79,-0.0,16.02,24404.95,-1
2024-09-29,2024-09-29 11:05:00,1544.79,1544.79,1544.75,1544.75,-0.0,16.02,24404.95,-1
2024-09-29,2024-09-29 11:06:00,1544.75,1544.75,1544.71,1544.71,-0.0,16.02,24404.95,-1
2024-09-29,2024-09-29 11:07:00,1544.71,1544.71,1544.67,1544.67,-0.0,16.02,24404.95,-1
2024-09-29,2024-09-29 11:08:00,1544.67,1544.67,1544.62,1544.62,-0.0,16.02,24404.95,-1
2024-09-29,2024-09-29 11:09:00,1544.62,1544.62,1544.58,1544.58,-0.0,16.02,24404.95,-1
2024-09-29,2024-09-29 11:10:00,1544.58,1544.58,1544.54,1544.54,-0.0,16.02,24404.95,-1
2024-09-29,2024-09-29 11:11:00,1544.54,1544.54,1544.5,1544.5,-0.0,16.02,24404.95,-1
2024-09-29,2024-09-29 11:12:00,1544.5,1544.5,1544.46,1544.46,-0.0,16.02,24404.95,-1
2024-09-29,2024-09-29 11:13:00,1544.46,1544.46,1544.42,1544.42,-0.0,16.02,24404.95,-1
2024-09-29,2024-09-29 11:14:00,1544.42,1544.42,1544.38,1544.38,-0.0,16.02,24404.95,-1
2024-09-29,2024-09-29 11:15:00,1544.38,1544.38,1544.33,1544.33,-0.0,16.02,24404.95,-1
2024-09-29,2024-09-29 11:16:00,1544.33,1544.33,1544.29,1544.29,-0.0,16.02,24404.95,-1
2024-09-29,2024-09-29 11:17:00,1544.29,1544.29,1544.25,1544.25,-0.0,16.02,24404.95,-1
2024-09-29,2024-09-29 11:18:00,1544.25,1544.25,1544.21,1544.21,-0.0,16.02,24404.95,-1
2024-09-29,2024-09-29 11:19:00,1544.21,1544.21,1544.17,1544.17,-0.0,16.02,24404.95,-1
2024-09-29,2024-09-29 11:20:00,1544.17,1544.17,1544.12,1544.12,-0.0,16.02,24404.95,-1
2024-09-29,2024-09-29 11:21:00,1544.12,1544.12,1544.08,1544.08,-0.0,16.02,24404.95,-1
2024-09-29,2024-09-29 11:22:00,1544.08,1544.08,1544.04,1544.04,-0.0,16.02,24404.95,-1
2024-09-29,2024-09-29 11:23:00,1544.04,1544.04,1544.0,1544.0,-0.0,16.02,24404.95,-1
2024-09-29,2024-09-29 11:24:00,1544.0,1544.0,1543.96,1543.96,-0.0,16.02,24404.95,-1
2024-09-29,2024-09-29 11:25:00,1543.96,1543.96,1543.92,1543.92,-0.0,16.02,24404.95,-1
2024-09-29,2024-09-29 11:26:00,1543.92,1543.92,1543.88,1543.88,-0.0,16.02,24404.95,-1
2024-09-29,2024-09-29 11:27:00,1543.88,1543.88,1543.83,1543.83,-0.0,16.02,24404.95,-1
2024-09-29,2024-09-29 11:28:00,1543.83,1543.83,1543.79,1543.79,-0.0,16.02,24404.95,-1
2024-09-29,2024-09-29 11:29:00,1543.79,1543.79,1543.75,1543.75,-0.0,16.02,24404.95,-1
2024-09-29,2024-09-29 11:30:00,1543.75,1543.75,1543.71,1543.71,-0.0,16.02,24404.95,-1
2024-09-29,2024-09-29 11:31:00,1543.71,1543.71,1543.67,1543.67,-0.0,16.02,24404.95,-1
2024-09-29,2024-09-29 11:32:00,1543.67,1543.67,1543.62,1543.62,-0.0,16.02,24404.95,-1
2024-09-29,2024-09-29 11:33:00,1543.62,1543.62,1543.58,1543.58,-0.0,16.02,24404.95,-1
2024-09-29,2024-09-29 11:34:00,1543.58,1543.58,1543.54,1543.54,-0.0,16.02,24404.95,-1
2024-09-29,2024-09-29 11:35:00,1543.54,1543.54,1543.5,1543.5,-0.0,16.02,24404.95,-1
2024-09-29,2024-09-29 11:36:00,1543.5,1543.5,1543.46,1543.46,-0.0,16.02,24404.95,-1
2024-09-29,2024-09-29 11:37:00,1543.46,1543.46,1543.42,1543.42,-0.0,16.02,24404.95,-1
2024-09-29,2024-09-29 11:38:00,1543.42,1543.42,1543.38,1543.38,-0.0,16.02,24404.95,-1
2024-09-29,2024-09-29 11:39:00,1543.38,1543.38,1543.33,1543.33,-0.0,16.02,24404.95,-1
2024-09-29,2024-09-29 11:40:00,1543.33,1543.33,1543.29,1543.29,-0.0,16.02,24404.95,-1
2024-09-29,2024-09-29 11:41:00,1543.29,1543.29,1543.25,1543.25,-0.0,16.02,24404.95,-1
2024-09-29,2024-09-29 11:42:00,1543.25,1543.25,1543.21,1543.21,-0.0,16.02,24404.95,-1
2024-09-29,2024-09-29 11:43:00,1543.21,1543.21,1543.17,1543.17,-0.0,16.02,24404.95,-1
2024-09-29,2024-09-29 11:44:00,1543.17,1543.17,1543.12,1543.12,-0.0,16.02,24404.95,-1
2024-09-29,2024-09-29 11:45:00,1543.12,1543.12,1543.08,1543.08,-0.0,16.02,24404.95,-1
2024-09-29,2024-09-29 11:46:00,1543.08,1543.08,1543.04,1543.04,-0.0,16.02,24404.95,-1
2024-09-29,2024-09-29 11:47:00,1543.04,1543.04,1543.0,1543.0,-0.0,16.02,24404.95,-1
2024-09-29,2024-09-29 11:48:00,1543.0,1543.0,1542.96,1542.96,-0.0,16.02,24404.95,-1
2024-09-29,2024-09-29 11:49:00,1542.96,1542.96,1542.92,1542.92,-0.0,16.02,24404.95,-1
2024-09-29,2024-09-29 11:50:00,1542.92,1542.92,1542.88,1542.88,-0.0,16.02,24404.95,-1
2024-09-29,2024-09-29 11:51:00,1542.88,1542.88,1542.83,1542.83,-0.0,16.02,24404.95,-1
2024-09-29,2024-09-29 11:52:00,1542.83,1542.83,1542.79,1542.79,-0.0,16.02,24404.95,-1
2024-09-29,2024-09-29 11:53:00,1542.79,1542.79,1542.75,1542.75,-0.0,16.02,24404.95,-1
2024-09-29,2024-09-29 11:54:00,1542.75,1542.75,1542.71,1542.71,-0.0,16.02,24404.95,-1
2024-09-29,2024-09-29 11:55:00,1542.71,1542.71,1542.67,1542.67,-0.0,16.02,24404.95,-1
2024-09-29,2024-09-29 11:56:00,1542.67,1542.67,1542.62,1542.62,-0.0,16.02,24404.95,-1
2024-09-29,2024-09-29 11:57:00,1542.62,1542.62,1542.58,1542.58,-0.0,16.02,24404.95,-1
2024-09-29,2024-09-29 11:58:00,1542.58,1542.58,1542.54,1542.54,-0.0,16.02,24404.95,-1
2024-09-29,2024-09-29 11:59:00,1542.54,1542.54,1542.5,1542.5,-0.0,16.02,24404.95,-1
2024-09-29,2024-09-29 12:00:00,1542.5,1542.5,1542.46,1542.46,-0.0,16.02,24404.95,-1
2024-09-29,2024-09-29 12:01:00,1542.46,1542.46,1542.42,1542.42,-0.0,16.02,24404.95,-1
2024-09-29,2024-09-29 12:02:00,1542.42,1542.42,1542.38,1542.38,-0.0,16.02,24404.95,-1
2024-09-29,2024-09-29 12:03:00,1542.38,1542.38,1542.33,1542.33,-0.0,16.02,24404.95,-1
2024-09-29,2024-09-29 12:04:00,1542.33,1542.33,1542.29,1542.29,-0.0,16.02,24404.95,-1
2024-09-29,2024-09-29 12:05:00,1542.29,1542.29,1542.25,1542.25,-0.0,16.02,24404.95,-1
2024-09-29,2024-09-29 12:06:00,1542.25,1542.25,1542.21,1542.21,-0.0,16.02,24404.95,-1
2024-09-29,2024-09-29 12:07:00,1542.21,1542.21,1542.17,1542.17,-0.0,16.02,24404.95,-1
2024-09-29,2024-09-29 12:08:00,1542.17,1542.17,1542.12,1542.12,-0.0,16.02,24404.95,-1
2024-09-29,2024-09-29 12:09:00,1542.12,1542.12,1542.08,1542.08,-0.0,16.02,24404.95,-1
2024-09-29,2024-09-29 12:10:00,1542.08,1542.08,1542.04,1542.04,-0.0,16.02,24404.95,-1
2024-09-29,2024-09-29 12:11:00,1542.04,1542.04,1542.0,1542.0,-0.0,16.02,24404.95,-1
2024-09-29,2024-09-29 12:12:00,1542.0,1542.0,1541.96,1541.96,-0.0,16.02,24404.95,-1
2024-09-29,2024-09-29 12:13:00,1541.96,1541.96,1541.92,1541.92,-0.0,16.02,24404.95,-1
2024-09-29,2024-09-29 12:14:00,1541.92,1541.92,1541.88,1541.88,-0.0,16.02,24404.95,-1
2024-09-29,2024-09-29 12:15:00,1541.88,1541.88,1541.83,1541.83,-0.0,16.02,24404.95,-1
2024-09-29,2024-09-29 12:16:00,1541.83,1541.83,1541.79,1541.79,-0.0,16.02,24404.95,-1
2024-09-29,2024-09-29 12:17:00,1541.79,1541.79,1541.75,1541.75,-0.0,16.02,24404.95,-1
2024-09-29,2024-09-29 12:18:00,1541.75,1541.75,1541.71,1541.71,-0.0,16.02,24404.95,-1
2024-09-29,2024-09-29 12:19:00,1541.71,1541.71,1541.67,1541.67,-0.0,16.02,24404.95,-1
2024-09-29,2024-09-29 12:20:00,1541.67,1541.67,1541.62,1541.62,-0.0,16.02,24404.95,-1
2024-09-29,2024-09-29 12:21:00,1541.62,1541.62,1541.58,1541.58,-0.0,16.02,24404.95,-1
2024-09-29,2024-09-29 12:22:00,1541.58,1541.58,1541.54,1541.54,-0.0,16.02,24404.95,-1
2024-09-29,2024-09-29 12:23:00,1541.54,1541.54,1541.5,1541.5,-0.0,16.02,24404.95,-1
2024-09-29,2024-09-29 12:24:00,1541.5,1541.5,1541.46,1541.46,-0.0,16.02,24404.95,-1
2024-09-29,2024-09-29 12:25:00,1541.46,1541.46,1541.42,1541.42,-0.0,16.02,24404.95,-1
2024-09-29,2024-09-29 12:26:00,1541.42,1541.42,1541.38,1541.38,-0.0,16.02,24404.95,-1
2024-09-29,2024-09-29 12:27:00,1541.38,1541.38,1541.33,1541.33,-0.0,16.02,24404.95,-1
2024-09-29,2024-09-29 12:28:00,1541.33,1541.33,1541.29,1541.29,-0.0,16.02,24404.95,-1
2024-09-29,2024-09-29 12:29:00,1541.29,1541.29,1541.25,1541.25,-0.0,16.02,24404.95,-1
2024-09-29,2024-09-29 12:30:00,1541.25,1541.25,1541.21,1541.21,-0.0,16.02,24404.95,-1
2024-09-29,2024-09-29 12:31:00,1541.21,1541.21,1541.17,1541.17,-0.0,16.02,24404.95,-1
2024-09-29,2024-09-29 12:32:00,1541.17,1541.17,1541.12,1541.12,-0.0,16.02,24404.95,-1
2024-09-29,2024-09-29 12:33:00,1541.12,1541.12,1541.08,1541.08,-0.0,16.02,24404.95,-1
2024-09-29,2024-09-29 12:34:00,1541.08,1541.08,1541.04,1541.04,-0.0,16.02,24404.95,-1
2024-09-29,2024-09-29 12:35:00,1541.04,1541.04,1541.0,1541.0,-0.0,16.02,24404.95,-1
2024-09-29,2024-09-29 12:36:00,1541.0,1541.0,1540.96,1540.96,-0.0,16.02,24404.95,-1
2024-09-29,2024-09-29 12:37:00,1540.96,1540.96,1540.92,1540.92,-0.0,16.02,24404.95,-1
2024-09-29,2024-09-29 12:38:00,1540.92,1540.92,1540.88,1540.88,-0.0,16.02,24404.95,-1
2024-09-29,2024-09-29 12:39:00,1540.88,1540.88,1540.83,1540.83,-0.0,16.02,24404.95,-1
2024-09-29,2024-09-29 12:40:00,1540.83,1540.83,1540.79,1540.79,-0.0,16.02,24404.95,-1
2024-09-29,2024-09-29 12:41:00,1540.79,1540.79,1540.75,1540.75,-0.0,16.02,24404.95,-1
2024-09-29,2024-09-29 12:42:00,1540.75,1540.75,1540.71,1540.71,-0.0,16.02,24404.95,-1
2024-09-29,2024-09-29 12:43:00,1540.71,1540.71,1540.67,1540.67,-0.0,16.02,24404.95,-1
2024-09-29,2024-09-29 12:44:00,1540.67,1540.67,1540.62,1540.62,-0.0,16.02,24404.95,-1
2024-09-29,2024-09-29 12:45:00,1540.62,1540.62,1540.58,1540.58,-0.0,16.02,24404.95,-1
2024-09-29,2024-09-29 12:46:00,1540.58,1540.58,1540.54,1540.54,-0.0,16.02,24404.95,-1
2024-09-29,2024-09-29 12:47:00,1540.54,1540.54,1540.5,1540.5,-0.0,16.02,24404.95,-1
2024-09-29,2024-09-29 12:48:00,1540.5,1540.5,1540.46,1540.46,-0.0,16.02,24404.95,-1
2024-09-29,2024-09-29 12:49:00,1540.46,1540.46,1540.42,1540.42,-0.0,16.02,24404.95,-1
2024-09-29,2024-09-29 12:50:00,1540.42,1540.42,1540.38,1540.38,-0.0,16.02,24404.95,-1
2024-09-29,2024-09-29 12:51:00,1540.38,1540.38,1540.33,1540.33,-0.0,16.02,24404.95,-1
2024-09-29,2024-09-29 12:52:00,1540.33,1540.33,1540.29,1540.29,-0.0,16.02,24404.95,-1
2024-09-29,2024-09-29 12:53:00,1540.29,1540.29,1540.25,1540.25,-0.0,16.02,24404.95,-1
2024-09-29,2024-09-29 12:54:00,1540.25,1540.25,1540.21,1540.21,-0.0,16.02,24404.95,-1
2024-09-29,2024-09-29 12:55:00,1540.21,1540.21,1540.17,1540.17,-0.0,16.02,24404.95,-1
2024-09-29,2024-09-29 12:56:00,1540.17,1540.17,1540.12,1540.12,-0.0,16.02,24404.95,-1
2024-09-29,2024-09-29 12:57:00,1540.12,1540.12,1540.08,1540.08,-0.0,16.02,24404.95,-1
2024-09-29,2024-09-29 12:58:00,1540.08,1540.08,1540.04,1540.04,-0.0,16.02,24404.95,-1
2024-09-29,2024-09-29 12:59:00,1540.04,1540.04,1540.0,1540.0,-0.0,16.02,24404.95,-1
2024-09-29,2024-09-29 13:00:00,1540.0,1570.0,1502.0,1539.96,-0.0,16.02,24404.95,-1
2024-09-29,2024-09-29 13:01:00,1539.96,1539.96,1539.92,1539.92,-0.0,16.02,24404.95,-1
2024-09-29,2024-09-29 13:02:00,1539.92,1539.92,1539.88,1539.88,-0.0,16.02,24404.95,-1
2024-09-29,2024-09-29 13:03:00,1539.88,1539.88,1539.83,1539.83,-0.0,16.02,24404.95,-1
2024-09-29,2024-09-29 13:04:00,1539.83,1539.83,1539.79,1539.79,-0.0,16.02,24404.95,-1
2024-09-29,2024-09-29 13:05:00,1539.79,1539.79,1539.75,1539.75,-0.0,16.02,24404.95,-1
2024-09-29,2024-09-29 13:06:00,1539.75,1539.75,1539.71,1539.71,-0.0,16.02,24404.95,-1
2024-09-29,2024-09-29 13:07:00,1539.71,1539.71,1539.67,1539.67,-0.0,16.02,24404.95,-1
2024-09-29,2024-09-29 13:08:00,1539.67,1539.67,1539.62,1539.62,-0.0,16.02,24404.95,-1
2024-09-29,2024-09-29 13:09:00,1539.62,1539.62,1539.58,1539.58,-0.0,16.02,24404.95,-1
2024-09-29,2024-09-29 13:10:00,1539.58,1539.58,1539.54,1539.54,-0.0,16.02,24404.95,-1
2024-09-29,2024-09-29 13:11:00,1539.54,1539.54,1539.5,1539.5,-0.0,16.02,24404.95,-1
2024-09-29,2024-09-29 13:12:00,1539.5,1539.5,1539.46,1539.46,-0.0,16.02,24404.95,-1
2024-09-29,2024-09-29 13:13:00,1539.46,1539.46,1539.42,1539.42,-0.0,16.02,24404.95,-1
2024-09-29,2024-09-29 13:14:00,1539.42,1539.42,1539.38,1539.38,-0.0,16.02,24404.95,-1
2024-09-29,2024-09-29 13:15:00,1539.38,1539.38,1539.33,1539.33,-0.0,16.02,24404.95,-1
2024-09-29,2024-09-29 13:16:00,1539.33,1539.33,1539.29,1539.29,-0.0,16.02,24404.95,-1
2024-09-29,2024-09-29 13:17:00,1539.29,1539.29,1539.25,1539.25,-0.0,16.02,24404.95,-1
2024-09-29,2024-09-29 13:18:00,1539.25,1539.25,1539.21,1539.21,-0.0,16.02,24404.95,-1
2024-09-29,2024-09-29 13:19:00,1539.21,1539.21,1539.17,1539.17,-0.0,16.02,24404.95,-1
2024-09-29,2024-09-29 13:20:00,1539.17,1539.17,1539.12,1539.12,-0.0,16.02,24404.95,-1
2024-09-29,2024-09-29 13:21:00,1539.12,1539.12,1539.08,1539.08,-0.0,16.02,24404.95,-1
2024-09-29,2024-09-29 13:22:00,1539.08,1539.08,1539.04,1539.04,-0.0,16.02,24404.95,-1
2024-09-29,2024-09-29 13:23:00,1539.04,1539.04,1539.0,1539.0,-0.0,16.02,24404.95,-1
2024-09-29,2024-09-29 13:24:00,1539.0,1539.0,1538.96,1538.96,-0.0,16.02,24404.95,-1
2024-09-29,2024-09-29 13:25:00,1538.96,1538.96,1538.92,1538.92,-0.0,16.02,24404.95,-1
2024-09-29,2024-09-29 13:26:00,1538.92,1538.92,1538.88,1538.88,-0.0,16.02,24404.95,-1
2024-09-29,2024-09-29 13:27:00,1538.88,1538.88,1538.83,1538.83,-0.0,16.02,24404.95,-1
2024-09-29,2024-09-29 13:28:00,1538.83,1538.83,1538.79,1538.79,-0.0,16.02,24404.95,-1
2024-09-29,2024-09-29 13:29:00,1538.79,1538.79,1538.75,1538.75,-0.0,16.02,24404.95,-1
2024-09-29,2024-09-29 13:30:00,1538.75,1538.75,1538.71,1538.71,-0.0,16.02,24404.95,-1
2024-09-29,2024-09-29 13:31:00,1538.71,1538.71,1538.67,1538.67,-0.0,16.02,24404.95,-1
2024-09-29,2024-09-29 13:32:00,1538.67,1538.67,1538.62,1538.62,-0.0,16.02,24404.95,-1
2024-09-29,2024-09-29 13:33:00,1538.62,1538.62,1538.58,1538.58,-0.0,16.02,24404.95,-1
2024-09-29,2024-09-29 13:34:00,1538.58,1538.58,1538.54,1538.54,-0.0,16.02,24404.95,-1
2024-09-29,2024-09-29 13:35:00,1538.54,1538.54,1538.5,1538.5,-0.0,16.02,24404.95,-1
2024-09-29,2024-09-29 13:36:00,1538.5,1538.5,1538.46,1538.46,-0.0,16.02,24404.95,-1
2024-09-29,2024-09-29 13:37:00,1538.46,1538.46,1538.42,1538.42,-0.0,16.02,24404.95,-1
2024-09-29,2024-09-29 13:38:00,1538.42,1538.42,1538.38,1538.38,-0.0,16.02,24404.95,-1
2024-09-29,2024-09-29 13:39:00,1538.38,1538.38,1538.33,1538.33,-0.0,16.02,24404.95,-1
2024-09-29,2024-09-29 13:40:00,1538.33,1538.33,1538.29,1538.29,-0.0,16.02,24404.95,-1
2024-09-29,2024-09-29 13:41:00,1538.29,1538.29,1538.25,1538.25,-0.0,16.02,24404.95,-1
2024-09-29,2024-09-29 13:42:00,1538.25,1538.25,1538.21,1538.21,-0.0,16.02,24404.95,-1
2024-09-29,2024-09-29 13:43:00,1538.21,1538.21,1538.17,1538.17,-0.0,16.02,24404.95,-1
2024-09-29,2024-09-29 13:44:00,1538.17,1538.17,1538.12,1538.12,-0.0,16.02,24404.95,-1
2024-09-29,2024-09-29 13:45:00,1538.12,1538.12,1538.08,1538.08,-0.0,16.02,24404.95,-1
2024-09-29,2024-09-29 13:46:00,1538.08,1538.08,1538.04,1538.04,-0.0,16.02,24404.95,-1
2024-09-29,2024-09-29 13:47:00,1538.04,1538.04,1538.0,1538.0,-0.0,16.02,24404.95,-1
2024-09-29,2024-09-29 13:48:00,1538.0,1538.0,1537.96,1537.96,-0.0,16.02,24404.95,-1
2024-09-29,2024-09-29 13:49:00,1537.96,1537.96,1537.92,1537.92,-0.0,16.02,24404.95,-1
2024-09-29,2024-09-29 13:50:00,1537.92,1537.92,1537.88,1537.88,-0.0,16.02,24404.95,-1
2024-09-29,2024-09-29 13:51:00,1537.88,1537.88,1537.83,1537.83,-0.0,16.02,24404.95,-1
2024-09-29,2024-09-29 13:52:00,1537.83,1537.83,1537.79,1537.79,-0.0,16.02,24404.95,-1
2024-09-29,2024-09-29 13:53:00,1537.79,1537.79,1537.75,1537.75,-0.0,16.02,24404.95,-1
2024-09-29,2024-09-29 13:54:00,1537.75,1537.75,1537.71,1537.71,-0.0,16.02,24404.95,-1
2024-09-29,2024-09-29 13:55:00,1537.71,1537.71,1537.67,1537.67,-0.0,16.02,24404.95,-1
2024-09-29,2024-09-29 13:56:00,1537.67,1537.67,1537.62,1537.62,-0.0,16.02,24404.95,-1
2024-09-29,2024-09-29 13:57:00,1537.62,1537.62,1537.58,1537.58,-0.0,16.02,24404.95,-1
2024-09-29,2024-09-29 13:58:00,1537.58,1537.58,1537.54,1537.54,-0.0,16.02,24404.95,-1
2024-09-29,2024-09-29 13:59:00,1537.54,1537.54,1537.5,1537.5,-0.0,16.02,24404.95,-1
2024-09-29,2024-09-29 14:00:00,1537.5,1537.5,1537.46,1537.46,-0.0,16.02,24404.95,-1
2024-09-29,2024-09-29 14:01:00,1537.46,1537.46,1537.42,1537.42,-0.0,16.02,24404.95,-1
2024-09-29,2024-09-29 14:02:00,1537.42,1537.42,1537.38,1537.38,-0.0,16.02,24404.95,-1
2024-09-29,2024-09-29 14:03:00,1537.38,1537.38,1537.33,1537.33,-0.0,16.02,24404.95,-1
2024-09-29,2024-09-29 14:04:00,1537.33,1537.33,1537.29,1537.29,-0.0,16.02,24404.95,-1
2024-09-29,2024-09-29 14:05:00,1537.29,1537.29,1537.25,1537.25,-0.0,16.02,24404.95,-1
2024-09-29,2024-09-29 14:06:00,1537.25,1537.25,1537.21,1537.21,-0.0,16.02,24404.95,-1
2024-09-29,2024-09-29 14:07:00,1537.21,1537.21,1537.17,1537.17,-0.0,16.02,24404.95,-1
2024-09-29,2024-09-29 14:08:00,1537.17,1537.17,1537.12,1537.12,-0.0,16.02,24404.95,-1
2024-09-29,2024-09-29 14:09:00,1537.12,1537.12,1537.08,1537.08,-0.0,16.02,24404.95,-1
2024-09-29,2024-09-29 14:10:00,1537.08,1537.08,1537.04,1537.04,-0.0,16.02,24404.95,-1
2024-09-29,2024-09-29 14:11:00,1537.04,1537.04,1537.0,1537.0,-0.0,16.02,24404.95,-1
2024-09-29,2024-09-29 14:12:00,1537.0,1537.0,1536.96,1536.96,-0.0,16.02,24404.95,-1
2024-09-29,2024-09-29 14:13:00,1536.96,1536.96,1536.92,1536.92,-0.0,16.02,24404.95,-1
2024-09-29,2024-09-29 14:14:00,1536.92,1536.92,1536.88,1536.88,-0.0,16.02,24404.95,-1
2024-09-29,2024-09-29 14:15:00,1536.88,1536.88,1536.83,1536.83,-0.0,16.02,24404.95,-1
2024-09-29,2024-09-29 14:16:00,1536.83,1536.83,1536.79,1536.79,-0.0,16.02,24404.95,-1
2024-09-29,2024-09-29 14:17:00,1536.79,1536.79,1536.75,1536.75,-0.0,16.02,24404.95,-1
2024-09-29,2024-09-29 14:18:00,1536.75,1536.75,1536.71,1536.71,-0.0,16.02,24404.95,-1
2024-09-29,2024-09-29 14:19:00,1536.71,1536.71,1536.67,1536.67,-0.0,16.02,24404.95,-1
2024-09-29,2024-09-29 14:20:00,1536.67,1536.67,1536.62,1536.62,-0.0,16.02,24404.95,-1
2024-09-29,2024-09-29 14:21:00,1536.62,1536.62,1536.58,1536.58,-0.0,16.02,24404.95,-1
2024-09-29,2024-09-29 14:22:00,1536.58,1536.58,1536.54,1536.54,-0.0,16.02,24404.95,-1
2024-09-29,2024-09-29 14:23:00,1536.54,1536.54,1536.5,1536.5,-0.0,16.02,24404.95,-1
2024-09-29,2024-09-29 14:24:00,1536.5,1536.5,1536.46,1536.46,-0.0,16.02,24404.95,-1
2024-09-29,2024-09-29 14:25:00,1536.46,1536.46,1536.42,1536.42,-0.0,16.02,24404.95,-1
2024-09-29,2024-09-29 14:26:00,1536.42,1536.42,1536.38,1536.38,-0.0,16.02,24404.95,-1
2024-09-29,2024-09-29 14:27:00,1536.38,1536.38,1536.33,1536.33,-0.0,16.02,24404.95,-1
2024-09-29,2024-09-29 14:28:00,1536.33,1536.33,1536.29,1536.29,-0.0,16.02,24404.95,-1
2024-09-29,2024-09-29 14:29:00,1536.29,1536.29,1536.25,1536.25,-0.0,16.02,24404.95,-1
2024-09-29,2024-09-29 14:30:00,1536.25,1536.25,1536.21,1536.21,-0.0,16.02,24404.95,-1
2024-09-29,2024-09-29 14:31:00,1536.21,1536.21,1536.17,1536.17,-0.0,16.02,24404.95,-1
2024-09-29,2024-09-29 14:32:00,1536.17,1536.17,1536.12,1536.12,-0.0,16.02,24404.95,-1
2024-09-29,2024-09-29 14:33:00,1536.12,1536.12,1536.08,1536.08,-0.0,16.02,24404.95,-1
2024-09-29,2024-09-29 14:34:00,1536.08,1536.08,1536.04,1536.04,-0.0,16.02,24404.95,-1
2024-09-29,2024-09-29 14:35:00,1536.04,1536.04,1536.0,1536.0,-0.0,16.02,24404.95,-1
2024-09-29,2024-09-29 14:36:00,1536.0,1536.0,1535.96,1535.96,-0.0,16.02,24404.95,-1
2024-09-29,2024-09-29 14:37:00,1535.96,1535.96,1535.92,1535.92,-0.0,16.02,24404.95,-1
2024-09-29,2024-09-29 14:38:00,1535.92,1535.92,1535.88,1535.88,-0.0,16.02,24404.95,-1
2024-09-29,2024-09-29 14:39:00,1535.88,1535.88,1535.83,1535.83,-0.0,16.02,24404.95,-1
2024-09-29,2024-09-29 14:40:00,1535.83,1535.83,1535.79,1535.79,-0.0,16.02,24404.95,-1
2024-09-29,2024-09-29 14:41:00,1535.79,1535.79,1535.75,1535.75,-0.0,16.02,24404.95,-1
2024-09-29,2024-09-29 14:42:00,1535.75,1535.75,1535.71,1535.71,-0.0,16.02,24404.95,-1
2024-09-29,2024-09-29 14:43:00,1535.71,1535.71,1535.67,1535.67,-0.0,16.02,24404.95,-1
2024-09-29,2024-09-29 14:44:00,1535.67,1535.67,1535.62,1535.62,-0.0,16.02,24404.95,-1
2024-09-29,2024-09-29 14:45:00,1535.62,1535.62,1535.58,1535.58,-0.0,16.02,24404.95,-1
2024-09-29,2024-09-29 14:46:00,1535.58,1535.58,1535.54,1535.54,-0.0,16.02,24404.95,-1
2024-09-29,2024-09-29 14:47:00,1535.54,1535.54,1535.5,1535.5,-0.0,16.02,24404.95,-1
2024-09-29,2024-09-29 14:48:00,1535.5,1535.5,1535.46,1535.46,-0.0,16.02,24404.95,-1
2024-09-29,2024-09-29 14:49:00,1535.46,1535.46,1535.42,1535.42,-0.0,16.02,24404.95,-1
2024-09-29,2024-09-29 14:50:00,1535.42,1535.42,1535.38,1535.38,-0.0,16.02,24404.95,-1
2024-09-29,2024-09-29 14:51:00,1535.38,1535.38,1535.33,1535.33,-0.0,16.02,24404.95,-1
2024-09-29,2024-09-29 14:52:00,1535.33,1535.33,1535.29,1535.29,-0.0,16.02,24404.95,-1
2024-09-29,2024-09-29 14:53:00,1535.29,1535.29,1535.25,1535.25,-0.0,16.02,24404.95,-1
2024-09-29,2024-09-29 14:54:00,1535.25,1535.25,1535.21,1535.21,-0.0,16.02,24404.95,-1
2024-09-29,2024-09-29 14:55:00,1535.21,1535.21,1535.17,1535.17,-0.0,16.02,24404.95,-1
2024-09-29,2024-09-29 14:56:00,1535.17,1535.17,1535.12,1535.12,-0.0,16.02,24404.95,-1
2024-09-29,2024-09-29 14:57:00,1535.12,1535.12,1535.08,1535.08,-0.0,16.02,24404.95,-1
2024-09-29,2024-09-29 14:58:00,1535.08,1535.08,1535.04,1535.04,-0.0,16.02,24404.95,-1
2024-09-29,2024-09-29 14:59:00,1535.04,1535.04,1535.0,1535.0,-0.0,16.02,24404.95,-1
2024-09-29,2024-09-29 15:00:00,1535.0,1570.0,1502.0,1535.0,0.0,16.02,24404.95,0
2024-09-30,2024-09-30 11:00:00,1504.3,1515.01,1500.01,1504.45,0.01,7.81,11818.57,1
2024-09-30,2024-09-30 11:01:00,1504.45,1504.6,1504.45,1504.6,0.01,7.81,11818.57,1
2024-09-30,2024-09-30 11:02:00,1504.6,1504.75,1504.6,1504.75,0.01,7.81,11818.57,1
2024-09-30,2024-09-30 11:03:00,1504.75,1504.89,1504.75,1504.89,0.01,7.81,11818.57,1
2024-09-30,2024-09-30 11:04:00,1504.89,1505.04,1504.89,1505.04,0.01,7.81,11818.57,1
2024-09-30,2024-09-30 11:05:00,1505.04,1505.19,1505.04,1505.19,0.01,7.81,11818.57,1
2024-09-30,2024-09-30 11:06:00,1505.19,1505.34,1505.19,1505.34,0.01,7.81,11818.57,1
2024-09-30,2024-09-30 11:07:00,1505.34,1505.49,1505.34,1505.49,0.01,7.81,11818.57,1
2024-09-30,2024-09-30 11:08:00,1505.49,1505.64,1505.49,1505.64,0.01,7.81,11818.57,1
2024-09-30,2024-09-30 11:09:00,1505.64,1505.79,1505.64,1505.79,0.01,7.81,11818.57,1
2024-09-30,2024-09-30 11:10:00,1505.79,1505.94,1505.79,1505.94,0.01,7.81,11818.57,1
2024-09-30,2024-09-30 11:11:00,1505.94,1506.09,1505.94,1506.09,0.01,7.81,11818.57,1
2024-09-30,2024-09-30 11:12:00,1506.09,1506.23,1506.09,1506.23,0.01,7.81,11818.57,1
2024-09-30,2024-09-30 11:13:00,1506.23,1506.38,1506.23,1506.38,0.01,7.81,11818.57,1
2024-09-30,2024-09-30 11:14:00,1506.38,1506.53,1506.38,1506.53,0.01,7.81,11818.57,1
2024-09-30,2024-09-30 11:15:00,1506.53,1506.68,1506.53,1506.68,0.01,7.81,11818.57,1
2024-09-30,2024-09-30 11:16:00,1506.68,1506.83,1506.68,1506.83,0.01,7.81,11818.57,1
2024-09-30,2024-09-30 11:17:00,1506.83,1506.98,1506.83,1506.98,0.01,7.81,11818.57,1
2024-09-30,2024-09-30 11:18:00,1506.98,1507.13,1506.98,1507.13,0.01,7.81,11818.57,1
2024-09-30,2024-09-30 11:19:00,1507.13,1507.27,1507.13,1507.27,0.01,7.81,11818.57,1
2024-09-30,2024-09-30 11:20:00,1507.27,1507.42,1507.27,1507.42,0.01,7.81,11818.57,1
2024-09-30,2024-09-30 11:21:00,1507.42,1507.57,1507.42,1507.57,0.01,7.81,11818.57,1
2024-09-30,2024-09-30 11:22:00,1507.57,1507.72,1507.57,1507.72,0.01,7.81,11818.57,1
2024-09-30,2024-09-30 11:23:00,1507.72,1507.87,1507.72,1507.87,0.01,7.81,11818.57,1
2024-09-30,2024-09-30 11:24:00,1507.87,1508.02,1507.87,1508.02,0.01,7.81,11818.57,1
2024-09-30,2024-09-30 11:25:00,1508.02,1508.17,1508.02,1508.17,0.01,7.81,11818.57,1
2024-09-30,2024-09-30 11:26:00,1508.17,1508.32,1508.17,1508.32,0.01,7.81,11818.57,1
2024-09-30,2024-09-30 11:27:00,1508.32,1508.46,1508.32,1508.46,0.01,7.81,11818.57,1
2024-09-30,2024-09-30 11:28:00,1508.46,1508.61,1508.46,1508.61,0.01,7.81,11818.57,1
2024-09-30,2024-09-30 11:29:00,1508.61,1508.76,1508.61,1508.76,0.01,7.81,11818.57,1
2024-09-30,2024-09-30 11:30:00,1508.76,1508.91,1508.76,1508.91,0.01,7.81,11818.57,1
2024-09-30,2024-09-30 11:31:00,1508.91,1509.06,1508.91,1509.06,0.01,7.81,11818.57,1
2024-09-30,2024-09-30 11:32:00,1509.06,1509.21,1509.06,1509.21,0.01,7.81,11818.57,1
2024-09-30,2024-09-30 11:33:00,1509.21,1509.36,1509.21,1509.36,0.01,7.81,11818.57,1
2024-09-30,2024-09-30 11:34:00,1509.36,1509.51,1509.36,1509.51,0.01,7.81,11818.57,1
2024-09-30,2024-09-30 11:35:00,1509.51,1509.65,1509.51,1509.65,0.01,7.81,11818.57,1
2024-09-30,2024-09-30 11:36:00,1509.65,1509.8,1509.65,1509.8,0.01,7.81,11818.57,1
2024-09-30,2024-09-30 11:37:00,1509.8,1509.95,1509.8,1509.95,0.01,7.81,11818.57,1
2024-09-30,2024-09-30 11:38:00,1509.95,1510.1,1509.95,1510.1,0.01,7.81,11818.57,1
2024-09-30,2024-09-30 11:39:00,1510.1,1510.25,1510.1,1510.25,0.01,7.81,11818.57,1
2024-09-30,2024-09-30 11:40:00,1510.25,1510.4,1510.25,1510.4,0.01,7.81,11818.57,1
2024-09-30,2024-09-30 11:41:00,1510.4,1510.55,1510.4,1510.55,0.01,7.81,11818.57,1
2024-09-30,2024-09-30 11:42:00,1510.55,1510.7,1510.55,1510.7,0.01,7.81,11818.57,1
2024-09-30,2024-09-30 11:43:00,1510.7,1510.85,1510.7,1510.85,0.01,7.81,11818.57,1
2024-09-30,2024-09-30 11:44:00,1510.85,1510.99,1510.85,1510.99,0.01,7.81,11818.57,1
2024-09-30,2024-09-30 11:45:00,1510.99,1511.14,1510.99,1511.14,0.01,7.81,11818.57,1
2024-09-30,2024-09-30 11:46:00,1511.14,1511.29,1511.14,1511.29,0.01,7.81,11818.57,1
2024-09-30,2024-09-30 11:47:00,1511.29,1511.44,1511.29,1511.44,0.01,7.81,11818.57,1
2024-09-30,2024-09-30 11:48:00,1511.44,1511.59,1511.44,1511.59,0.01,7.81,11818.57,1
2024-09-30,2024-09-30 11:49:00,1511.59,1511.74,1511.59,1511.74,0.01,7.81,11818.57,1
2024-09-30,2024-09-30 11:50:00,1511.74,1511.89,1511.74,1511.89,0.01,7.81,11818.57,1
2024-09-30,2024-09-30 11:51:00,1511.89,1512.03,1511.89,1512.03,0.01,7.81,11818.57,1
2024-09-30,2024-09-30 11:52:00,1512.03,1512.18,1512.03,1512.18,0.01,7.81,11818.57,1
2024-09-30,2024-09-30 11:53:00,1512.18,1512.33,1512.18,1512.33,0.01,7.81,11818.57,1
2024-09-30,2024-09-30 11:54:00,1512.33,1512.48,1512.33,1512.48,0.01,7.81,11818.57,1
2024-09-30,2024-09-30 11:55:00,1512.48,1512.63,1512.48,1512.63,0.01,7.81,11818.57,1
2024-09-30,2024-09-30 11:56:00,1512.63,1512.78,1512.63,1512.78,0.01,7.81,11818.57,1
2024-09-30,2024-09-30 11:57:00,1512.78,1512.93,1512.78,1512.93,0.01,7.81,11818.57,1
2024-09-30,2024-09-30 11:58:00,1512.93,1513.08,1512.93,1513.08,0.01,7.81,11818.57,1
2024-09-30,2024-09-30 11:59:00,1513.08,1513.22,1513.08,1513.22,0.01,7.81,11818.57,1
2024-09-30,2024-09-30 12:00:00,1513.22,1513.37,1513.22,1513.37,0.01,7.81,11818.57,1
2024-09-30,2024-09-30 12:01:00,1513.37,1513.52,1513.37,1513.52,0.01,7.81,11818.57,1
2024-09-30,2024-09-30 12:02:00,1513.52,1513.67,1513.52,1513.67,0.01,7.81,11818.57,1
2024-09-30,2024-09-30 12:03:00,1513.67,1513.82,1513.67,1513.82,0.01,7.81,11818.57,1
2024-09-30,2024-09-30 12:04:00,1513.82,1513.97,1513.82,1513.97,0.01,7.81,11818.57,1
2024-09-30,2024-09-30 12:05:00,1513.97,1514.12,1513.97,1514.12,0.01,7.81,11818.57,1
2024-09-30,2024-09-30 12:06:00,1514.12,1514.27,1514.12,1514.27,0.01,7.81,11818.57,1
2024-09-30,2024-09-30 12:07:00,1514.27,1514.41,1514.27,1514.41,0.01,7.81,11818.57,1
2024-09-30,2024-09-30 12:08:00,1514.41,1514.56,1514.41,1514.56,0.01,7.81,11818.57,1
2024-09-30,2024-09-30 12:09:00,1514.56,1514.71,1514.56,1514.71,0.01,7.81,11818.57,1
2024-09-30,2024-09-30 12:10:00,1514.71,1514.86,1514.71,1514.86,0.01,7.81,11818.57,1
2024-09-30,2024-09-30 12:11:00,1514.86,1515.01,1514.86,1515.01,0.01,7.81,11818.57,1
2024-09-30,2024-09-30 12:12:00,1515.01,1515.16,1515.01,1515.16,0.01,7.81,11818.57,1
2024-09-30,2024-09-30 12:13:00,1515.16,1515.31,1515.16,1515.31,0.01,7.81,11818.57,1
2024-09-30,2024-09-30 12:14:00,1515.31,1515.46,1515.31,1515.46,0.01,7.81,11818.57,1
2024-09-30,2024-09-30 12:15:00,1515.46,1515.61,1515.46,1515.61,0.01,7.81,11818.57,1
2024-09-30,2024-09-30 12:16:00,1515.61,1515.75,1515.61,1515.75,0.01,7.81,11818.57,1
2024-09-30,2024-09-30 12:17:00,1515.75,1515.9,1515.75,1515.9,0.01,7.81,11818.57,1
2024-09-30,2024-09-30 12:18:00,1515.9,1516.05,1515.9,1516.05,0.01,7.81,11818.57,1
2024-09-30,2024-09-30 12:19:00,1516.05,1516.2,1516.05,1516.2,0.01,7.81,11818.57,1
2024-09-30,2024-09-30 12:20:00,1516.2,1516.35,1516.2,1516.35,0.01,7.81,11818.57,1
2024-09-30,2024-09-30 12:21:00,1516.35,1516.5,1516.35,1516.5,0.01,7.81,11818.57,1
2024-09-30,2024-09-30 12:22:00,1516.5,1516.65,1516.5,1516.65,0.01,7.81,11818.57,1
2024-09-30,2024-09-30 12:23:00,1516.65,1516.8,1516.65,1516.8,0.01,7.81,11818.57,1
2024-09-30,2024-09-30 12:24:00,1516.8,1516.94,1516.8,1516.94,0.01,7.81,11818.57,1
2024-09-30,2024-09-30 12:25:00,1516.94,1517.09,1516.94,1517.09,0.01,7.81,11818.57,1
2024-09-30,2024-09-30 12:26:00,1517.09,1517.24,1517.09,1517.24,0.01,7.81,11818.57,1
2024-09-30,2024-09-30 12:27:00,1517.24,1517.39,1517.24,1517.39,0.01,7.81,11818.57,1
2024-09-30,2024-09-30 12:28:00,1517.39,1517.54,1517.39,1517.54,0.01,7.81,11818.57,1
2024-09-30,2024-09-30 12:29:00,1517.54,1517.69,1517.54,1517.69,0.01,7.81,11818.57,1
2024-09-30,2024-09-30 12:30:00,1517.69,1517.84,1517.69,1517.84,0.01,7.81,11818.57,1
2024-09-30,2024-09-30 12:31:00,1517.84,1517.98,1517.84,1517.98,0.01,7.81,11818.57,1
2024-09-30,2024-09-30 12:32:00,1517.98,1518.13,1517.98,1518.13,0.01,7.81,11818.57,1
2024-09-30,2024-09-30 12:33:00,1518.13,1518.28,1518.13,1518.28,0.01,7.81,11818.57,1
2024-09-30,2024-09-30 12:34:00,1518.28,1518.43,1518.28,1518.43,0.01,7.81,11818.57,1
2024-09-30,2024-09-30 12:35:00,1518.43,1518.58,1518.43,1518.58,0.01,7.81,11818.57,1
2024-09-30,2024-09-30 12:36:00,1518.58,1518.73,1518.58,1518.73,0.01,7.81,11818.57,1
2024-09-30,2024-09-30 12:37:00,1518.73,1518.88,1518.73,1518.88,0.01,7.81,11818.57,1
2024-09-30,2024-09-30 12:38:00,1518.88,1519.03,1518.88,1519.03,0.01,7.81,11818.57,1
2024-09-30,2024-09-30 12:39:00,1519.03,1519.17,1519.03,1519.17,0.01,7.81,11818.57,1
2024-09-30,2024-09-30 12:40:00,1519.17,1519.32,1519.17,1519.32,0.01,7.81,11818.57,1
2024-09-30,2024-09-30 12:41:00,1519.32,1519.47,1519.32,1519.47,0.01,7.81,11818.57,1
2024-09-30,2024-09-30 12:42:00,1519.47,1519.62,1519.47,1519.62,0.01,7.81,11818.57,1
2024-09-30,2024-09-30 12:43:00,1519.62,1519.77,1519.62,1519.77,0.01,7.81,11818.57,1
2024-09-30,2024-09-30 12:44:00,1519.77,1519.92,1519.77,1519.92,0.01,7.81,11818.57,1
2024-09-30,2024-09-30 12:45:00,1519.92,1520.07,1519.92,1520.07,0.01,7.81,11818.57,1
2024-09-30,2024-09-30 12:46:00,1520.07,1520.22,1520.07,1520.22,0.01,7.81,11818.57,1
2024-09-30,2024-09-30 12:47:00,1520.22,1520.37,1520.22,1520.37,0.01,7.81,11818.57,1
2024-09-30,2024-09-30 12:48:00,1520.37,1520.51,1520.37,1520.51,0.01,7.81,11818.57,1
2024-09-30,2024-09-30 12:49:00,1520.51,1520.66,1520.51,1520.66,0.01,7.81,11818.57,1
2024-09-30,2024-09-30 12:50:00,1520.66,1520.81,1520.66,1520.81,0.01,7.81,11818.57,1
2024-09-30,2024-09-30 12:51:00,1520.81,1520.96,1520.81,1520.96,0.01,7.81,11818.57,1
2024-09-30,2024-09-30 12:52:00,1520.96,1521.11,1520.96,1521.11,0.01,7.81,11818.57,1
2024-09-30,2024-09-30 12:53:00,1521.11,1521.26,1521.11,1521.26,0.01,7.81,11818.57,1
2024-09-30,2024-09-30 12:54:00,1521.26,1521.41,1521.26,1521.41,0.01,7.81,11818.57,1
2024-09-30,2024-09-30 12:55:00,1521.41,1521.56,1521.41,1521.56,0.01,7.81,11818.57,1
2024-09-30,2024-09-30 12:56:00,1521.56,1521.7,1521.56,1521.7,0.01,7.81,11818.57,1
2024-09-30,2024-09-30 12:57:00,1521.7,1521.85,1521.7,1521.85,0.01,7.81,11818.57,1
2024-09-30,2024-09-30 12:58:00,1521.85,1522.0,1521.85,1522.0,0.01,7.81,11818.57,1
2024-09-30,2024-09-30 12:59:00,1522.0,1522.15,1522.0,1522.15,0.01,7.81,11818.57,1
2024-09-30,2024-09-30 13:00:00,1522.15,1540.0,1490.0,1522.3,0.01,7.81,11818.57,1
2024-09-30,2024-09-30 13:01:00,1522.3,1522.45,1522.3,1522.45,0.01,7.81,11818.57,1
2024-09-30,2024-09-30 13:02:00,1522.45,1522.6,1522.45,1522.6,0.01,7.81,11818.57,1
2024-09-30,2024-09-30 13:03:00,1522.6,1522.74,1522.6,1522.74,0.01,7.81,11818.57,1
2024-09-30,2024-09-30 13:04:00,1522.74,1522.89,1522.74,1522.89,0.01,7.81,11818.57,1
2024-09-30,2024-09-30 13:05:00,1522.89,1523.04,1522.89,1523.04,0.01,7.81,11818.57,1
2024-09-30,2024-09-30 13:06:00,1523.04,1523.19,1523.04,1523.19,0.01,7.81,11818.57,1
2024-09-30,2024-09-30 13:07:00,1523.19,1523.34,1523.19,1523.34,0.01,7.81,11818.57,1
2024-09-30,2024-09-30 13:08:00,1523.34,1523.49,1523.34,1523.49,0.01,7.81,11818.57,1
2024-09-30,2024-09-30 13:09:00,1523.49,1523.64,1523.49,1523.64,0.01,7.81,11818.57,1
2024-09-30,2024-09-30 13:10:00,1523.64,1523.79,1523.64,1523.79,0.01,7.81,11818.57,1
2024-09-30,2024-09-30 13:11:00,1523.79,1523.93,1523.79,1523.93,0.01,7.81,11818.57,1
2024-09-30,2024-09-30 13:12:00,1523.93,1524.08,1523.93,1524.08,0.01,7.81,11818.57,1
2024-09-30,2024-09-30 13:13:00,1524.08,1524.23,1524.08,1524.23,0.01,7.81,11818.57,1
2024-09-30,2024-09-30 13:14:00,1524.23,1524.38,1524.23,1524.38,0.01,7.81,11818.57,1
2024-09-30,2024-09-30 13:15:00,1524.38,1524.53,1524.38,1524.53,0.01,7.81,11818.57,1
2024-09-30,2024-09-30 13:16:00,1524.53,1524.68,1524.53,1524.68,0.01,7.81,11818.57,1
2024-09-30,2024-09-30 13:17:00,1524.68,1524.83,1524.68,1524.83,0.01,7.81,11818.57,1
2024-09-30,2024-09-30 13:18:00,1524.83,1524.98,1524.83,1524.98,0.01,7.81,11818.57,1
2024-09-30,2024-09-30 13:19:00,1524.98,1525.12,1524.98,1525.12,0.01,7.81,11818.57,1
2024-09-30,2024-09-30 13:20:00,1525.12,1525.27,1525.12,1525.27,0.01,7.81,11818.57,1
2024-09-30,2024-09-30 13:21:00,1525.27,1525.42,1525.27,1525.42,0.01,7.81,11818.57,1
2024-09-30,2024-09-30 13:22:00,1525.42,1525.57,1525.42,1525.57,0.01,7.81,11818.57,1
2024-09-30,2024-09-30 13:23:00,1525.57,1525.72,1525.57,1525.72,0.01,7.81,11818.57,1
2024-09-30,2024-09-30 13:24:00,1525.72,1525.87,1525.72,1525.87,0.01,7.81,11818.57,1
2024-09-30,2024-09-30 13:25:00,1525.87,1526.02,1525.87,1526.02,0.01,7.81,11818.57,1
2024-09-30,2024-09-30 13:26:00,1526.02,1526.17,1526.02,1526.17,0.01,7.81,11818.57,1
2024-09-30,2024-09-30 13:27:00,1526.17,1526.32,1526.17,1526.32,0.01,7.81,11818.57,1
2024-09-30,2024-09-30 13:28:00,1526.32,1526.46,1526.32,1526.46,0.01,7.81,11818.57,1
2024-09-30,2024-09-30 13:29:00,1526.46,1526.61,1526.46,1526.61,0.01,7.81,11818.57,1
2024-09-30,2024-09-30 13:30:00,1526.61,1526.76,1526.61,1526.76,0.01,7.81,11818.57,1
2024-09-30,2024-09-30 13:31:00,1526.76,1526.91,1526.76,1526.91,0.01,7.81,11818.57,1
2024-09-30,2024-09-30 13:32:00,1526.91,1527.06,1526.91,1527.06,0.01,7.81,11818.57,1
2024-09-30,2024-09-30 13:33:00,1527.06,1527.21,1527.06,1527.21,0.01,7.81,11818.57,1
2024-09-30,2024-09-30 13:34:00,1527.21,1527.36,1527.21,1527.36,0.01,7.81,11818.57,1
2024-09-30,2024-09-30 13:35:00,1527.36,1527.5,1527.36,1527.5,0.01,7.81,11818.57,1
2024-09-30,2024-09-30 13:36:00,1527.5,1527.65,1527.5,1527.65,0.01,7.81,11818.57,1
2024-09-30,2024-09-30 13:37:00,1527.65,1527.8,1527.65,1527.8,0.01,7.81,11818.57,1
2024-09-30,2024-09-30 13:38:00,1527.8,1527.95,1527.8,1527.95,0.01,7.81,11818.57,1
2024-09-30,2024-09-30 13:39:00,1527.95,1528.1,1527.95,1528.1,0.01,7.81,11818.57,1
2024-09-30,2024-09-30 13:40:00,1528.1,1528.25,1528.1,1528.25,0.01,7.81,11818.57,1
2024-09-30,2024-09-30 13:41:00,1528.25,1528.4,1528.25,1528.4,0.01,7.81,11818.57,1
2024-09-30,2024-09-30 13:42:00,1528.4,1528.55,1528.4,1528.55,0.01,7.81,11818.57,1
2024-09-30,2024-09-30 13:43:00,1528.55,1528.69,1528.55,1528.69,0.01,7.81,11818.57,1
2024-09-30,2024-09-30 13:44:00,1528.69,1528.84,1528.69,1528.84,0.01,7.81,11818.57,1
2024-09-30,2024-09-30 13:45:00,1528.84,1528.99,1528.84,1528.99,0.01,7.81,11818.57,1
2024-09-30,2024-09-30 13:46:00,1528.99,1529.14,1528.99,1529.14,0.01,7.81,11818.57,1
2024-09-30,2024-09-30 13:47:00,1529.14,1529.29,1529.14,1529.29,0.01,7.81,11818.57,1
2024-09-30,2024-09-30 13:48:00,1529.29,1529.44,1529.29,1529.44,0.01,7.81,11818.57,1
2024-09-30,2024-09-30 13:49:00,1529.44,1529.59,1529.44,1529.59,0.01,7.81,11818.57,1
2024-09-30,2024-09-30 13:50:00,1529.59,1529.74,1529.59,1529.74,0.01,7.81,11818.57,1
2024-09-30,2024-09-30 13:51:00,1529.74,1529.88,1529.74,1529.88,0.01,7.81,11818.57,1
2024-09-30,2024-09-30 13:52:00,1529.88,1530.03,1529.88,1530.03,0.01,7.81,11818.57,1
2024-09-30,2024-09-30 13:53:00,1530.03,1530.18,1530.03,1530.18,0.01,7.81,11818.57,1
2024-09-30,2024-09-30 13:54:00,1530.18,1530.33,1530.18,1530.33,0.01,7.81,11818.57,1
2024-09-30,2024-09-30 13:55:00,1530.33,1530.48,1530.33,1530.48,0.01,7.81,11818.57,1
2024-09-30,2024-09-30 13:56:00,1530.48,1530.63,1530.48,1530.63,0.01,7.81,11818.57,1
2024-09-30,2024-09-30 13:57:00,1530.63,1530.78,1530.63,1530.78,0.01,7.81,11818.57,1
2024-09-30,2024-09-30 13:58:00,1530.78,1530.93,1530.78,1530.93,0.01,7.81,11818.57,1
2024-09-30,2024-09-30 13:59:00,1530.93,1531.08,1530.93,1531.08,0.01,7.81,11818.57,1
2024-09-30,2024-09-30 14:00:00,1531.08,1531.22,1531.08,1531.22,0.01,7.81,11818.57,1
2024-09-30,2024-09-30 14:01:00,1531.22,1531.37,1531.22,1531.37,0.01,7.81,11818.57,1
2024-09-30,2024-09-30 14:02:00,1531.37,1531.52,1531.37,1531.52,0.01,7.81,11818.57,1
2024-09-30,2024-09-30 14:03:00,1531.52,1531.67,1531.52,1531.67,0.01,7.81,11818.57,1
2024-09-30,2024-09-30 14:04:00,1531.67,1531.82,1531.67,1531.82,0.01,7.81,11818.57,1
2024-09-30,2024-09-30 14:05:00,1531.82,1531.97,1531.82,1531.97,0.01,7.81,11818.57,1
2024-09-30,2024-09-30 14:06:00,1531.97,1532.12,1531.97,1532.12,0.01,7.81,11818.57,1
2024-09-30,2024-09-30 14:07:00,1532.12,1532.27,1532.12,1532.27,0.01,7.81,11818.57,1
2024-09-30,2024-09-30 14:08:00,1532.27,1532.41,1532.27,1532.41,0.01,7.81,11818.57,1
2024-09-30,2024-09-30 14:09:00,1532.41,1532.56,1532.41,1532.56,0.01,7.81,11818.57,1
2024-09-30,2024-09-30 14:10:00,1532.56,1532.71,1532.56,1532.71,0.01,7.81,11818.57,1
2024-09-30,2024-09-30 14:11:00,1532.71,1532.86,1532.71,1532.86,0.01,7.81,11818.57,1
2024-09-30,2024-09-30 14:12:00,1532.86,1533.01,1532.86,1533.01,0.01,7.81,11818.57,1
2024-09-30,2024-09-30 14:13:00,1533.01,1533.16,1533.01,1533.16,0.01,7.81,11818.57,1
2024-09-30,2024-09-30 14:14:00,1533.16,1533.31,1533.16,1533.31,0.01,7.81,11818.57,1
2024-09-30,2024-09-30 14:15:00,1533.31,1533.45,1533.31,1533.45,0.01,7.81,11818.57,1
2024-09-30,2024-09-30 14:16:00,1533.45,1533.6,1533.45,1533.6,0.01,7.81,11818.57,1
2024-09-30,2024-09-30 14:17:00,1533.6,1533.75,1533.6,1533.75,0.01,7.81,11818.57,1
2024-09-30,2024-09-30 14:18:00,1533.75,1533.9,1533.75,1533.9,0.01,7.81,11818.57,1
2024-09-30,2024-09-30 14:19:00,1533.9,1534.05,1533.9,1534.05,0.01,7.81,11818.57,1
2024-09-30,2024-09-30 14:20:00,1534.05,1534.2,1534.05,1534.2,0.01,7.81,11818.57,1
2024-09-30,2024-09-30 14:21:00,1534.2,1534.35,1534.2,1534.35,0.01,7.81,11818.57,1
2024-09-30,2024-09-30 14:22:00,1534.35,1534.5,1534.35,1534.5,0.01,7.81,11818.57,1
2024-09-30,2024-09-30 14:23:00,1534.5,1534.64,1534.5,1534.64,0.01,7.81,11818.57,1
2024-09-30,2024-09-30 14:24:00,1534.64,1534.79,1534.64,1534.79,0.01,7.81,11818.57,1
2024-09-30,2024-09-30 14:25:00,1534.79,1534.94,1534.79,1534.94,0.01,7.81,11818.57,1
2024-09-30,2024-09-30 14:26:00,1534.94,1535.09,1534.94,1535.09,0.01,7.81,11818.57,1
2024-09-30,2024-09-30 14:27:00,1535.09,1535.24,1535.09,1535.24,0.01,7.81,11818.57,1
2024-09-30,2024-09-30 14:28:00,1535.24,1535.39,1535.24,1535.39,0.01,7.81,11818.57,1
2024-09-30,2024-09-30 14:29:00,1535.39,1535.54,1535.39,1535.54,0.01,7.81,11818.57,1
2024-09-30,2024-09-30 14:30:00,1535.54,1535.69,1535.54,1535.69,0.01,7.81,11818.57,1
2024-09-30,2024-09-30 14:31:00,1535.69,1535.84,1535.69,1535.84,0.01,7.81,11818.57,1
2024-09-30,2024-09-30 14:32:00,1535.84,1535.98,1535.84,1535.98,0.01,7.81,11818.57,1
2024-09-30,2024-09-30 14:33:00,1535.98,1536.13,1535.98,1536.13,0.01,7.81,11818.57,1
2024-09-30,2024-09-30 14:34:00,1536.13,1536.28,1536.13,1536.28,0.01,7.81,11818.57,1
2024-09-30,2024-09-30 14:35:00,1536.28,1536.43,1536.28,1536.43,0.01,7.81,11818.57,1
2024-09-30,2024-09-30 14:36:00,1536.43,1536.58,1536.43,1536.58,0.01,7.81,11818.57,1
2024-09-30,2024-09-30 14:37:00,1536.58,1536.73,1536.58,1536.73,0.01,7.81,11818.57,1
2024-09-30,2024-09-30 14:38:00,1536.73,1536.88,1536.73,1536.88,0.01,7.81,11818.57,1
2024-09-30,2024-09-30 14:39:00,1536.88,1537.03,1536.88,1537.03,0.01,7.81,11818.57,1
2024-09-30,2024-09-30 14:40:00,1537.03,1537.17,1537.03,1537.17,0.01,7.81,11818.57,1
2024-09-30,2024-09-30 14:41:00,1537.17,1537.32,1537.17,1537.32,0.01,7.81,11818.57,1
2024-09-30,2024-09-30 14:42:00,1537.32,1537.47,1537.32,1537.47,0.01,7.81,11818.57,1
2024-09-30,2024-09-30 14:43:00,1537.47,1537.62,1537.47,1537.62,0.01,7.81,11818.57,1
2024-09-30,2024-09-30 14:44:00,1537.62,1537.77,1537.62,1537.77,0.01,7.81,11818.57,1
2024-09-30,2024-09-30 14:45:00,1537.77,1537.92,1537.77,1537.92,0.01,7.81,11818.57,1
2024-09-30,2024-09-30 14:46:00,1537.92,1538.07,1537.92,1538.07,0.01,7.81,11818.57,1
2024-09-30,2024-09-30 14:47:00,1538.07,1538.21,1538.07,1538.21,0.01,7.81,11818.57,1
2024-09-30,2024-09-30 14:48:00,1538.21,1538.36,1538.21,1538.36,0.01,7.81,11818.57,1
2024-09-30,2024-09-30 14:49:00,1538.36,1538.51,1538.36,1538.51,0.01,7.81,11818.57,1
2024-09-30,2024-09-30 14:50:00,1538.51,1538.66,1538.51,1538.66,0.01,7.81,11818.57,1
2024-09-30,2024-09-30 14:51:00,1538.66,1538.81,1538.66,1538.81,0.01,7.81,11818.57,1
2024-09-30,2024-09-30 14:52:00,1538.81,1538.96,1538.81,1538.96,0.01,7.81,11818.57,1
2024-09-30,2024-09-30 14:53:00,1538.96,1539.11,1538.96,1539.11,0.01,7.81,11818.57,1
2024-09-30,2024-09-30 14:54:00,1539.11,1539.26,1539.11,1539.26,0.01,7.81,11818.57,1
2024-09-30,2024-09-30 14:55:00,1539.26,1539.4,1539.26,1539.4,0.01,7.81,11818.57,1
2024-09-30,2024-09-30 14:56:00,1539.4,1539.55,1539.4,1539.55,0.01,7.81,11818.57,1
2024-09-30,2024-09-30 14:57:00,1539.55,1539.7,1539.55,1539.7,0.01,7.81,11818.57,1
2024-09-30,2024-09-30 14:58:00,1539.7,1539.85,1539.7,1539.85,0.01,7.81,11818.57,1
2024-09-30,2024-09-30 14:59:00,1539.85,1540.0,1539.85,1540.0,0.01,7.81,11818.57,1
2024-09-30,2024-09-30 15:00:00,1540.0,1540.0,1490.0,1540.0,0.0,7.81,11818.57,0
2024-10-01,2024-10-01 11:00:00,1509.2,1533.44,1502.54,1509.38,0.01,30.27,46792.0,1
2024-10-01,2024-10-01 11:01:00,1509.38,1509.56,1509.38,1509.56,0.01,30.27,46792.0,1
2024-10-01,2024-10-01 11:02:00,1509.56,1509.73,1509.56,1509.73,0.01,30.27,46792.0,1
2024-10-01,2024-10-01 11:03:00,1509.73,1509.91,1509.73,1509.91,0.01,30.27,46792.0,1
2024-10-01,2024-10-01 11:04:00,1509.91,1510.09,1509.91,1510.09,0.01,30.27,46792.0,1
2024-10-01,2024-10-01 11:05:00,1510.09,1510.27,1510.09,1510.27,0.01,30.27,46792.0,1
2024-10-01,2024-10-01 11:06:00,1510.27,1510.45,1510.27,1510.45,0.01,30.27,46792.0,1
2024-10-01,2024-10-01 11:07:00,1510.45,1510.62,1510.45,1510.62,0.01,30.27,46792.0,1
2024-10-01,2024-10-01 11:08:00,1510.62,1510.8,1510.62,1510.8,0.01,30.27,46792.0,1
2024-10-01,2024-10-01 11:09:00,1510.8,1510.98,1510.8,1510.98,0.01,30.27,46792.0,1
2024-10-01,2024-10-01 11:10:00,1510.98,1511.16,1510.98,1511.16,0.01,30.27,46792.0,1
2024-10-01,2024-10-01 11:11:00,1511.16,1511.34,1511.16,1511.34,0.01,30.27,46792.0,1
2024-10-01,2024-10-01 11:12:00,1511.34,1511.51,1511.34,1511.51,0.01,30.27,46792.0,1
2024-10-01,2024-10-01 11:13:00,1511.51,1511.69,1511.51,1511.69,0.01,30.27,46792.0,1
2024-10-01,2024-10-01 11:14:00,1511.69,1511.87,1511.69,1511.87,0.01,30.27,46792.0,1
2024-10-01,2024-10-01 11:15:00,1511.87,1512.05,1511.87,1512.05,0.01,30.27,46792.0,1
2024-10-01,2024-10-01 11:16:00,1512.05,1512.22,1512.05,1512.22,0.01,30.27,46792.0,1
2024-10-01,2024-10-01 11:17:00,1512.22,1512.4,1512.22,1512.4,0.01,30.27,46792.0,1
2024-10-01,2024-10-01 11:18:00,1512.4,1512.58,1512.4,1512.58,0.01,30.27,46792.0,1
2024-10-01,2024-10-01 11:19:00,1512.58,1512.76,1512.58,1512.76,0.01,30.27,46792.0,1
2024-10-01,2024-10-01 11:20:00,1512.76,1512.94,1512.76,1512.94,0.01,30.27,46792.0,1
2024-10-01,2024-10-01 11:21:00,1512.94,1513.11,1512.94,1513.11,0.01,30.27,46792.0,1
2024-10-01,2024-10-01 11:22:00,1513.11,1513.29,1513.11,1513.29,0.01,30.27,46792.0,1
2024-10-01,2024-10-01 11:23:00,1513.29,1513.47,1513.29,1513.47,0.01,30.27,46792.0,1
2024-10-01,2024-10-01 11:24:00,1513.47,1513.65,1513.47,1513.65,0.01,30.27,46792.0,1
2024-10-01,2024-10-01 11:25:00,1513.65,1513.83,1513.65,1513.83,0.01,30.27,46792.0,1
2024-10-01,2024-10-01 11:26:00,1513.83,1514.0,1513.83,1514.0,0.01,30.27,46792.0,1
2024-10-01,2024-10-01 11:27:00,1514.0,1514.18,1514.0,1514.18,0.01,30.27,46792.0,1
2024-10-01,2024-10-01 11:28:00,1514.18,1514.36,1514.18,1514.36,0.01,30.27,46792.0,1
2024-10-01,2024-10-01 11:29:00,1514.36,1514.54,1514.36,1514.54,0.01,30.27,46792.0,1
2024-10-01,2024-10-01 11:30:00,1514.54,1514.72,1514.54,1514.72,0.01,30.27,46792.0,1
2024-10-01,2024-10-01 11:31:00,1514.72,1514.89,1514.72,1514.89,0.01,30.27,46792.0,1
2024-10-01,2024-10-01 11:32:00,1514.89,1515.07,1514.89,1515.07,0.01,30.27,46792.0,1
2024-10-01,2024-10-01 11:33:00,1515.07,1515.25,1515.07,1515.25,0.01,30.27,46792.0,1
2024-10-01,2024-10-01 11:34:00,1515.25,1515.43,1515.25,1515.43,0.01,30.27,46792.0,1
2024-10-01,2024-10-01 11:35:00,1515.43,1515.61,1515.43,1515.61,0.01,30.27,46792.0,1
2024-10-01,2024-10-01 11:36:00,1515.61,1515.78,1515.61,1515.78,0.01,30.27,46792.0,1
2024-10-01,2024-10-01 11:37:00,1515.78,1515.96,1515.78,1515.96,0.01,30.27,46792.0,1
2024-10-01,2024-10-01 11:38:00,1515.96,1516.14,1515.96,1516.14,0.01,30.27,46792.0,1
2024-10-01,2024-10-01 11:39:00,1516.14,1516.32,1516.14,1516.32,0.01,30.27,46792.0,1
2024-10-01,2024-10-01 11:40:00,1516.32,1516.49,1516.32,1516.49,0.01,30.27,46792.0,1
2024-10-01,2024-10-01 11:41:00,1516.49,1516.67,1516.49,1516.67,0.01,30.27,46792.0,1
2024-10-01,2024-10-01 11:42:00,1516.67,1516.85,1516.67,1516.85,0.01,30.27,46792.0,1
2024-10-01,2024-10-01 11:43:00,1516.85,1517.03,1516.85,1517.03,0.01,30.27,46792.0,1
2024-10-01,2024-10-01 11:44:00,1517.03,1517.21,1517.03,1517.21,0.01,30.27,46792.0,1
2024-10-01,2024-10-01 11:45:00,1517.21,1517.38,1517.21,1517.38,0.01,30.27,46792.0,1
2024-10-01,2024-10-01 11:46:00,1517.38,1517.56,1517.38,1517.56,0.01,30.27,46792.0,1
2024-10-01,2024-10-01 11:47:00,1517.56,1517.74,1517.56,1517.74,0.01,30.27,46792.0,1
2024-10-01,2024-10-01 11:48:00,1517.74,1517.92,1517.74,1517.92,0.01,30.27,46792.0,1
2024-10-01,2024-10-01 11:49:00,1517.92,1518.1,1517.92,1518.1,0.01,30.27,46792.0,1
2024-10-01,2024-10-01 11:50:00,1518.1,1518.27,1518.1,1518.27,0.01,30.27,46792.0,1
2024-10-01,2024-10-01 11:51:00,1518.27,1518.45,1518.27,1518.45,0.01,30.27,46792.0,1
2024-10-01,2024-10-01 11:52:00,1518.45,1518.63,1518.45,1518.63,0.01,30.27,46792.0,1
2024-10-01,2024-10-01 11:53:00,1518.63,1518.81,1518.63,1518.81,0.01,30.27,46792.0,1
2024-10-01,2024-10-01 11:54:00,1518.81,1518.99,1518.81,1518.99,0.01,30.27,46792.0,1
2024-10-01,2024-10-01 11:55:00,1518.99,1519.16,1518.99,1519.16,0.01,30.27,46792.0,1
2024-10-01,2024-10-01 11:56:00,1519.16,1519.34,1519.16,1519.34,0.01,30.27,46792.0,1
2024-10-01,2024-10-01 11:57:00,1519.34,1519.52,1519.34,1519.52,0.01,30.27,46792.0,1
2024-10-01,2024-10-01 11:58:00,1519.52,1519.7,1519.52,1519.7,0.01,30.27,46792.0,1
2024-10-01,2024-10-01 11:59:00,1519.7,1519.88,1519.7,1519.88,0.01,30.27,46792.0,1
2024-10-01,2024-10-01 12:00:00,1519.88,1520.05,1519.88,1520.05,0.01,30.27,46792.0,1
2024-10-01,2024-10-01 12:01:00,1520.05,1520.23,1520.05,1520.23,0.01,30.27,46792.0,1
2024-10-01,2024-10-01 12:02:00,1520.23,1520.41,1520.23,1520.41,0.01,30.27,46792.0,1
2024-10-01,2024-10-01 12:03:00,1520.41,1520.59,1520.41,1520.59,0.01,30.27,46792.0,1
2024-10-01,2024-10-01 12:04:00,1520.59,1520.76,1520.59,1520.76,0.01,30.27,46792.0,1
2024-10-01,2024-10-01 12:05:00,1520.76,1520.94,1520.76,1520.94,0.01,30.27,46792.0,1
2024-10-01,2024-10-01 12:06:00,1520.94,1521.12,1520.94,1521.12,0.01,30.27,46792.0,1
2024-10-01,2024-10-01 12:07:00,1521.12,1521.3,1521.12,1521.3,0.01,30.27,46792.0,1
2024-10-01,2024-10-01 12:08:00,1521.3,1521.48,1521.3,1521.48,0.01,30.27,46792.0,1
2024-10-01,2024-10-01 12:09:00,1521.48,1521.65,1521.48,1521.65,0.01,30.27,46792.0,1
2024-10-01,2024-10-01 12:10:00,1521.65,1521.83,1521.65,1521.83,0.01,30.27,46792.0,1
2024-10-01,2024-10-01 12:11:00,1521.83,1522.01,1521.83,1522.01,0.01,30.27,46792.0,1
2024-10-01,2024-10-01 12:12:00,1522.01,1522.19,1522.01,1522.19,0.01,30.27,46792.0,1
2024-10-01,2024-10-01 12:13:00,1522.19,1522.37,1522.19,1522.37,0.01,30.27,46792.0,1
2024-10-01,2024-10-01 12:14:00,1522.37,1522.54,1522.37,1522.54,0.01,30.27,46792.0,1
2024-10-01,2024-10-01 12:15:00,1522.54,1522.72,1522.54,1522.72,0.01,30.27,46792.0,1
2024-10-01,2024-10-01 12:16:00,1522.72,1522.9,1522.72,1522.9,0.01,30.27,46792.0,1
2024-10-01,2024-10-01 12:17:00,1522.9,1523.08,1522.9,1523.08,0.01,30.27,46792.0,1
2024-10-01,2024-10-01 12:18:00,1523.08,1523.26,1523.08,1523.26,0.01,30.27,46792.0,1
2024-10-01,2024-10-01 12:19:00,1523.26,1523.43,1523.26,1523.43,0.01,30.27,46792.0,1
2024-10-01,2024-10-01 12:20:00,1523.43,1523.61,1523.43,1523.61,0.01,30.27,46792.0,1
2024-10-01,2024-10-01 12:21:00,1523.61,1523.79,1523.61,1523.79,0.01,30.27,46792.0,1
2024-10-01,2024-10-01 12:22:00,1523.79,1523.97,1523.79,1523.97,0.01,30.27,46792.0,1
2024-10-01,2024-10-01 12:23:00,1523.97,1524.14,1523.97,1524.14,0.01,30.27,46792.0,1
2024-10-01,2024-10-01 12:24:00,1524.14,1524.32,1524.14,1524.32,0.01,30.27,46792.0,1
2024-10-01,2024-10-01 12:25:00,1524.32,1524.5,1524.32,1524.5,0.01,30.27,46792.0,1
2024-10-01,2024-10-01 12:26:00,1524.5,1524.68,1524.5,1524.68,0.01,30.27,46792.0,1
2024-10-01,2024-10-01 12:27:00,1524.68,1524.86,1524.68,1524.86,0.01,30.27,46792.0,1
2024-10-01,2024-10-01 12:28:00,1524.86,1525.03,1524.86,1525.03,0.01,30.27,46792.0,1
2024-10-01,2024-10-01 12:29:00,1525.03,1525.21,1525.03,1525.21,0.01,30.27,46792.0,1
2024-10-01,2024-10-01 12:30:00,1525.21,1525.39,1525.21,1525.39,0.01,30.27,46792.0,1
2024-10-01,2024-10-01 12:31:00,1525.39,1525.57,1525.39,1525.57,0.01,30.27,46792.0,1
2024-10-01,2024-10-01 12:32:00,1525.57,1525.75,1525.57,1525.75,0.01,30.27,46792.0,1
2024-10-01,2024-10-01 12:33:00,1525.75,1525.92,1525.75,1525.92,0.01,30.27,46792.0,1
2024-10-01,2024-10-01 12:34:00,1525.92,1526.1,1525.92,1526.1,0.01,30.27,46792.0,1
2024-10-01,2024-10-01 12:35:00,1526.1,1526.28,1526.1,1526.28,0.01,30.27,46792.0,1
2024-10-01,2024-10-01 12:36:00,1526.28,1526.46,1526.28,1526.46,0.01,30.27,46792.0,1
2024-10-01,2024-10-01 12:37:00,1526.46,1526.64,1526.46,1526.64,0.01,30.27,46792.0,1
2024-10-01,2024-10-01 12:38:00,1526.64,1526.81,1526.64,1526.81,0.01,30.27,46792.0,1
2024-10-01,2024-10-01 12:39:00,1526.81,1526.99,1526.81,1526.99,0.01,30.27,46792.0,1
2024-10-01,2024-10-01 12:40:00,1526.99,1527.17,1526.99,1527.17,0.01,30.27,46792.0,1
2024-10-01,2024-10-01 12:41:00,1527.17,1527.35,1527.17,1527.35,0.01,30.27,46792.0,1
2024-10-01,2024-10-01 12:42:00,1527.35,1527.53,1527.35,1527.53,0.01,30.27,46792.0,1
2024-10-01,2024-10-01 12:43:00,1527.53,1527.7,1527.53,1527.7,0.01,30.27,46792.0,1
2024-10-01,2024-10-01 12:44:00,1527.7,1527.88,1527.7,1527.88,0.01,30.27,46792.0,1
2024-10-01,2024-10-01 12:45:00,1527.88,1528.06,1527.88,1528.06,0.01,30.27,46792.0,1
2024-10-01,2024-10-01 12:46:00,1528.06,1528.24,1528.06,1528.24,0.01,30.27,46792.0,1
2024-10-01,2024-10-01 12:47:00,1528.24,1528.41,1528.24,1528.41,0.01,30.27,46792.0,1
2024-10-01,2024-10-01 12:48:00,1528.41,1528.59,1528.41,1528.59,0.01,30.27,46792.0,1
2024-10-01,2024-10-01 12:49:00,1528.59,1528.77,1528.59,1528.77,0.01,30.27,46792.0,1
2024-10-01,2024-10-01 12:50:00,1528.77,1528.95,1528.77,1528.95,0.01,30.27,46792.0,1
2024-10-01,2024-10-01 12:51:00,1528.95,1529.13,1528.95,1529.13,0.01,30.27,46792.0,1
2024-10-01,2024-10-01 12:52:00,1529.13,1529.3,1529.13,1529.3,0.01,30.27,46792.0,1
2024-10-01,2024-10-01 12:53:00,1529.3,1529.48,1529.3,1529.48,0.01,30.27,46792.0,1
2024-10-01,2024-10-01 12:54:00,1529.48,1529.66,1529.48,1529.66,0.01,30.27,46792.0,1
2024-10-01,2024-10-01 12:55:00,1529.66,1529.84,1529.66,1529.84,0.01,30.27,46792.0,1
2024-10-01,2024-10-01 12:56:00,1529.84,1530.02,1529.84,1530.02,0.01,30.27,46792.0,1
2024-10-01,2024-10-01 12:57:00,1530.02,1530.19,1530.02,1530.19,0.01,30.27,46792.0,1
2024-10-01,2024-10-01 12:58:00,1530.19,1530.37,1530.19,1530.37,0.01,30.27,46792.0,1
2024-10-01,2024-10-01 12:59:00,1530.37,1530.55,1530.37,1530.55,0.01,30.27,46792.0,1
2024-10-01,2024-10-01 13:00:00,1530.55,1590.0,1487.0,1530.73,0.01,30.27,46792.0,1
2024-10-01,2024-10-01 13:01:00,1530.73,1530.91,1530.73,1530.91,0.01,30.27,46792.0,1
2024-10-01,2024-10-01 13:02:00,1530.91,1531.08,1530.91,1531.08,0.01,30.27,46792.0,1
2024-10-01,2024-10-01 13:03:00,1531.08,1531.26,1531.08,1531.26,0.01,30.27,46792.0,1
2024-10-01,2024-10-01 13:04:00,1531.26,1531.44,1531.26,1531.44,0.01,30.27,46792.0,1
2024-10-01,2024-10-01 13:05:00,1531.44,1531.62,1531.44,1531.62,0.01,30.27,46792.0,1
2024-10-01,2024-10-01 13:06:00,1531.62,1531.8,1531.62,1531.8,0.01,30.27,46792.0,1
2024-10-01,2024-10-01 13:07:00,1531.8,1531.97,1531.8,1531.97,0.01,30.27,46792.0,1
2024-10-01,2024-10-01 13:08:00,1531.97,1532.15,1531.97,1532.15,0.01,30.27,46792.0,1
2024-10-01,2024-10-01 13:09:00,1532.15,1532.33,1532.15,1532.33,0.01,30.27,46792.0,1
2024-10-01,2024-10-01 13:10:00,1532.33,1532.51,1532.33,1532.51,0.01,30.27,46792.0,1
2024-10-01,2024-10-01 13:11:00,1532.51,1532.69,1532.51,1532.69,0.01,30.27,46792.0,1
2024-10-01,2024-10-01 13:12:00,1532.69,1532.86,1532.69,1532.86,0.01,30.27,46792.0,1
2024-10-01,2024-10-01 13:13:00,1532.86,1533.04,1532.86,1533.04,0.01,30.27,46792.0,1
2024-10-01,2024-10-01 13:14:00,1533.04,1533.22,1533.04,1533.22,0.01,30.27,46792.0,1
2024-10-01,2024-10-01 13:15:00,1533.22,1533.4,1533.22,1533.4,0.01,30.27,46792.0,1
2024-10-01,2024-10-01 13:16:00,1533.4,1533.57,1533.4,1533.57,0.01,30.27,46792.0,1
2024-10-01,2024-10-01 13:17:00,1533.57,1533.75,1533.57,1533.75,0.01,30.27,46792.0,1
2024-10-01,2024-10-01 13:18:00,1533.75,1533.93,1533.75,1533.93,0.01,30.27,46792.0,1
2024-10-01,2024-10-01 13:19:00,1533.93,1534.11,1533.93,1534.11,0.01,30.27,46792.0,1
2024-10-01,2024-10-01 13:20:00,1534.11,1534.29,1534.11,1534.29,0.01,30.27,46792.0,1
2024-10-01,2024-10-01 13:21:00,1534.29,1534.46,1534.29,1534.46,0.01,30.27,46792.0,1
2024-10-01,2024-10-01 13:22:00,1534.46,1534.64,1534.46,1534.64,0.01,30.27,46792.0,1
2024-10-01,2024-10-01 13:23:00,1534.64,1534.82,1534.64,1534.82,0.01,30.27,46792.0,1
2024-10-01,2024-10-01 13:24:00,1534.82,1535.0,1534.82,1535.0,0.01,30.27,46792.0,1
2024-10-01,2024-10-01 13:25:00,1535.0,1535.18,1535.0,1535.18,0.01,30.27,46792.0,1
2024-10-01,2024-10-01 13:26:00,1535.18,1535.35,1535.18,1535.35,0.01,30.27,46792.0,1
2024-10-01,2024-10-01 13:27:00,1535.35,1535.53,1535.35,1535.53,0.01,30.27,46792.0,1
2024-10-01,2024-10-01 13:28:00,1535.53,1535.71,1535.53,1535.71,0.01,30.27,46792.0,1
2024-10-01,2024-10-01 13:29:00,1535.71,1535.89,1535.71,1535.89,0.01,30.27,46792.0,1
2024-10-01,2024-10-01 13:30:00,1535.89,1536.07,1535.89,1536.07,0.01,30.27,46792.0,1
2024-10-01,2024-10-01 13:31:00,1536.07,1536.24,1536.07,1536.24,0.01,30.27,46792.0,1
2024-10-01,2024-10-01 13:32:00,1536.24,1536.42,1536.24,1536.42,0.01,30.27,46792.0,1
2024-10-01,2024-10-01 13:33:00,1536.42,1536.6,1536.42,1536.6,0.01,30.27,46792.0,1
2024-10-01,2024-10-01 13:34:00,1536.6,1536.78,1536.6,1536.78,0.01,30.27,46792.0,1
2024-10-01,2024-10-01 13:35:00,1536.78,1536.96,1536.78,1536.96,0.01,30.27,46792.0,1
2024-10-01,2024-10-01 13:36:00,1536.96,1537.13,1536.96,1537.13,0.01,30.27,46792.0,1
2024-10-01,2024-10-01 13:37:00,1537.13,1537.31,1537.13,1537.31,0.01,30.27,46792.0,1
2024-10-01,2024-10-01 13:38:00,1537.31,1537.49,1537.31,1537.49,0.01,30.27,46792.0,1
2024-10-01,2024-10-01 13:39:00,1537.49,1537.67,1537.49,1537.67,0.01,30.27,46792.0,1
2024-10-01,2024-10-01 13:40:00,1537.67,1537.84,1537.67,1537.84,0.01,30.27,46792.0,1
2024-10-01,2024-10-01 13:41:00,1537.84,1538.02,1537.84,1538.02,0.01,30.27,46792.0,1
2024-10-01,2024-10-01 13:42:00,1538.02,1538.2,1538.02,1538.2,0.01,30.27,46792.0,1
2024-10-01,2024-10-01 13:43:00,1538.2,1538.38,1538.2,1538.38,0.01,30.27,46792.0,1
2024-10-01,2024-10-01 13:44:00,1538.38,1538.56,1538.38,1538.56,0.01,30.27,46792.0,1
2024-10-01,2024-10-01 13:45:00,1538.56,1538.73,1538.56,1538.73,0.01,30.27,46792.0,1
2024-10-01,2024-10-01 13:46:00,1538.73,1538.91,1538.73,1538.91,0.01,30.27,46792.0,1
2024-10-01,2024-10-01 13:47:00,1538.91,1539.09,1538.91,1539.09,0.01,30.27,46792.0,1
2024-10-01,2024-10-01 13:48:00,1539.09,1539.27,1539.09,1539.27,0.01,30.27,46792.0,1
2024-10-01,2024-10-01 13:49:00,1539.27,1539.45,1539.27,1539.45,0.01,30.27,46792.0,1
2024-10-01,2024-10-01 13:50:00,1539.45,1539.62,1539.45,1539.62,0.01,30.27,46792.0,1
2024-10-01,2024-10-01 13:51:00,1539.62,1539.8,1539.62,1539.8,0.01,30.27,46792.0,1
2024-10-01,2024-10-01 13:52:00,1539.8,1539.98,1539.8,1539.98,0.01,30.27,46792.0,1
2024-10-01,2024-10-01 13:53:00,1539.98,1540.16,1539.98,1540.16,0.01,30.27,46792.0,1
2024-10-01,2024-10-01 13:54:00,1540.16,1540.34,1540.16,1540.34,0.01,30.27,46792.0,1
2024-10-01,2024-10-01 13:55:00,1540.34,1540.51,1540.34,1540.51,0.01,30.27,46792.0,1
2024-10-01,2024-10-01 13:56:00,1540.51,1540.69,1540.51,1540.69,0.01,30.27,46792.0,1
2024-10-01,2024-10-01 13:57:00,1540.69,1540.87,1540.69,1540.87,0.01,30.27,46792.0,1
2024-10-01,2024-10-01 13:58:00,1540.87,1541.05,1540.87,1541.05,0.01,30.27,46792.0,1
2024-10-01,2024-10-01 13:59:00,1541.05,1541.23,1541.05,1541.23,0.01,30.27,46792.0,1
2024-10-01,2024-10-01 14:00:00,1541.23,1541.4,1541.23,1541.4,0.01,30.27,46792.0,1
2024-10-01,2024-10-01 14:01:00,1541.4,1541.58,1541.4,1541.58,0.01,30.27,46792.0,1
2024-10-01,2024-10-01 14:02:00,1541.58,1541.76,1541.58,1541.76,0.01,30.27,46792.0,1
2024-10-01,2024-10-01 14:03:00,1541.76,1541.94,1541.76,1541.94,0.01,30.27,46792.0,1
2024-10-01,2024-10-01 14:04:00,1541.94,1542.11,1541.94,1542.11,0.01,30.27,46792.0,1
2024-10-01,2024-10-01 14:05:00,1542.11,1542.29,1542.11,1542.29,0.01,30.27,46792.0,1
2024-10-01,2024-10-01 14:06:00,1542.29,1542.47,1542.29,1542.47,0.01,30.27,46792.0,1
2024-10-01,2024-10-01 14:07:00,1542.47,1542.65,1542.47,1542.65,0.01,30.27,46792.0,1
2024-10-01,2024-10-01 14:08:00,1542.65,1542.83,1542.65,1542.83,0.01,30.27,46792.0,1
2024-10-01,2024-10-01 14:09:00,1542.83,1543.0,1542.83,1543.0,0.01,30.27,46792.0,1
2024-10-01,2024-10-01 14:10:00,1543.0,1543.18,1543.0,1543.18,0.01,30.27,46792.0,1
2024-10-01,2024-10-01 14:11:00,1543.18,1543.36,1543.18,1543.36,0.01,30.27,46792.0,1
2024-10-01,2024-10-01 14:12:00,1543.36,1543.54,1543.36,1543.54,0.01,30.27,46792.0,1
2024-10-01,2024-10-01 14:13:00,1543.54,1543.72,1543.54,1543.72,0.01,30.27,46792.0,1
2024-10-01,2024-10-01 14:14:00,1543.72,1543.89,1543.72,1543.89,0.01,30.27,46792.0,1
2024-10-01,2024-10-01 14:15:00,1543.89,1544.07,1543.89,1544.07,0.01,30.27,46792.0,1
2024-10-01,2024-10-01 14:16:00,1544.07,1544.25,1544.07,1544.25,0.01,30.27,46792.0,1
2024-10-01,2024-10-01 14:17:00,1544.25,1544.43,1544.25,1544.43,0.01,30.27,46792.0,1
2024-10-01,2024-10-01 14:18:00,1544.43,1544.61,1544.43,1544.61,0.01,30.27,46792.0,1
2024-10-01,2024-10-01 14:19:00,1544.61,1544.78,1544.61,1544.78,0.01,30.27,46792.0,1
2024-10-01,2024-10-01 14:20:00,1544.78,1544.96,1544.78,1544.96,0.01,30.27,46792.0,1
2024-10-01,2024-10-01 14:21:00,1544.96,1545.14,1544.96,1545.14,0.01,30.27,46792.0,1
2024-10-01,2024-10-01 14:22:00,1545.14,1545.32,1545.14,1545.32,0.01,30.27,46792.0,1
2024-10-01,2024-10-01 14:23:00,1545.32,1545.5,1545.32,1545.5,0.01,30.27,46792.0,1
2024-10-01,2024-10-01 14:24:00,1545.5,1545.67,1545.5,1545.67,0.01,30.27,46792.0,1
2024-10-01,2024-10-01 14:25:00,1545.67,1545.85,1545.67,1545.85,0.01,30.27,46792.0,1
2024-10-01,2024-10-01 14:26:00,1545.85,1546.03,1545.85,1546.03,0.01,30.27,46792.0,1
2024-10-01,2024-10-01 14:27:00,1546.03,1546.21,1546.03,1546.21,0.01,30.27,46792.0,1
2024-10-01,2024-10-01 14:28:00,1546.21,1546.38,1546.21,1546.38,0.01,30.27,46792.0,1
2024-10-01,2024-10-01 14:29:00,1546.38,1546.56,1546.38,1546.56,0.01,30.27,46792.0,1
2024-10-01,2024-10-01 14:30:00,1546.56,1546.74,1546.56,1546.74,0.01,30.27,46792.0,1
2024-10-01,2024-10-01 14:31:00,1546.74,1546.92,1546.74,1546.92,0.01,30.27,46792.0,1
2024-10-01,2024-10-01 14:32:00,1546.92,1547.1,1546.92,1547.1,0.01,30.27,46792.0,1
2024-10-01,2024-10-01 14:33:00,1547.1,1547.27,1547.1,1547.27,0.01,30.27,46792.0,1
2024-10-01,2024-10-01 14:34:00,1547.27,1547.45,1547.27,1547.45,0.01,30.27,46792.0,1
2024-10-01,2024-10-01 14:35:00,1547.45,1547.63,1547.45,1547.63,0.01,30.27,46792.0,1
2024-10-01,2024-10-01 14:36:00,1547.63,1547.81,1547.63,1547.81,0.01,30.27,46792.0,1
2024-10-01,2024-10-01 14:37:00,1547.81,1547.99,1547.81,1547.99,0.01,30.27,46792.0,1
2024-10-01,2024-10-01 14:38:00,1547.99,1548.16,1547.99,1548.16,0.01,30.27,46792.0,1
2024-10-01,2024-10-01 14:39:00,1548.16,1548.34,1548.16,1548.34,0.01,30.27,46792.0,1
2024-10-01,2024-10-01 14:40:00,1548.34,1548.52,1548.34,1548.52,0.01,30.27,46792.0,1
2024-10-01,2024-10-01 14:41:00,1548.52,1548.7,1548.52,1548.7,0.01,30.27,46792.0,1
2024-10-01,2024-10-01 14:42:00,1548.7,1548.88,1548.7,1548.88,0.01,30.27,46792.0,1
2024-10-01,2024-10-01 14:43:00,1548.88,1549.05,1548.88,1549.05,0.01,30.27,46792.0,1
2024-10-01,2024-10-01 14:44:00,1549.05,1549.23,1549.05,1549.23,0.01,30.27,46792.0,1
2024-10-01,2024-10-01 14:45:00,1549.23,1549.41,1549.23,1549.41,0.01,30.27,46792.0,1
2024-10-01,2024-10-01 14:46:00,1549.41,1549.59,1549.41,1549.59,0.01,30.27,46792.0,1
2024-10-01,2024-10-01 14:47:00,1549.59,1549.77,1549.59,1549.77,0.01,30.27,46792.0,1
2024-10-01,2024-10-01 14:48:00,1549.77,1549.94,1549.77,1549.94,0.01,30.27,46792.0,1
2024-10-01,2024-10-01 14:49:00,1549.94,1550.12,1549.94,1550.12,0.01,30.27,46792.0,1
2024-10-01,2024-10-01 14:50:00,1550.12,1550.3,1550.12,1550.3,0.01,30.27,46792.0,1
2024-10-01,2024-10-01 14:51:00,1550.3,1550.48,1550.3,1550.48,0.01,30.27,46792.0,1
2024-10-01,2024-10-01 14:52:00,1550.48,1550.65,1550.48,1550.65,0.01,30.27,46792.0,1
2024-10-01,2024-10-01 14:53:00,1550.65,1550.83,1550.65,1550.83,0.01,30.27,46792.0,1
2024-10-01,2024-10-01 14:54:00,1550.83,1551.01,1550.83,1551.01,0.01,30.27,46792.0,1
2024-10-01,2024-10-01 14:55:00,1551.01,1551.19,1551.01,1551.19,0.01,30.27,46792.0,1
2024-10-01,2024-10-01 14:56:00,1551.19,1551.37,1551.19,1551.37,0.01,30.27,46792.0,1
2024-10-01,2024-10-01 14:57:00,1551.37,1551.54,1551.37,1551.54,0.01,30.27,46792.0,1
2024-10-01,2024-10-01 14:58:00,1551.54,1551.72,1551.54,1551.72,0.01,30.27,46792.0,1
2024-10-01,2024-10-01 14:59:00,1551.72,1551.9,1551.72,1551.9,0.01,30.27,46792.0,1
2024-10-01,2024-10-01 15:00:00,1551.9,1590.0,1487.0,1551.9,0.0,30.27,46792.0,0
2024-10-02,2024-10-02 11:00:00,1520.9,1540.43,1513.13,1521.06,0.01,50.97,77678.73,1
2024-10-02,2024-10-02 11:01:00,1521.06,1521.23,1521.06,1521.23,0.01,50.97,77678.73,1
2024-10-02,2024-10-02 11:02:00,1521.23,1521.39,1521.23,1521.39,0.01,50.97,77678.73,1
2024-10-02,2024-10-02 11:03:00,1521.39,1521.55,1521.39,1521.55,0.01,50.97,77678.73,1
2024-10-02,2024-10-02 11:04:00,1521.55,1521.71,1521.55,1521.71,0.01,50.97,77678.73,1
2024-10-02,2024-10-02 11:05:00,1521.71,1521.88,1521.71,1521.88,0.01,50.97,77678.73,1
2024-10-02,2024-10-02 11:06:00,1521.88,1522.04,1521.88,1522.04,0.01,50.97,77678.73,1
2024-10-02,2024-10-02 11:07:00,1522.04,1522.2,1522.04,1522.2,0.01,50.97,77678.73,1
2024-10-02,2024-10-02 11:08:00,1522.2,1522.37,1522.2,1522.37,0.01,50.97,77678.73,1
2024-10-02,2024-10-02 11:09:00,1522.37,1522.53,1522.37,1522.53,0.01,50.97,77678.73,1
2024-10-02,2024-10-02 11:10:00,1522.53,1522.69,1522.53,1522.69,0.01,50.97,77678.73,1
2024-10-02,2024-10-02 11:11:00,1522.69,1522.86,1522.69,1522.86,0.01,50.97,77678.73,1
2024-10-02,2024-10-02 11:12:00,1522.86,1523.02,1522.86,1523.02,0.01,50.97,77678.73,1
2024-10-02,2024-10-02 11:13:00,1523.02,1523.18,1523.02,1523.18,0.01,50.97,77678.73,1
2024-10-02,2024-10-02 11:14:00,1523.18,1523.34,1523.18,1523.34,0.01,50.97,77678.73,1
2024-10-02,2024-10-02 11:15:00,1523.34,1523.51,1523.34,1523.51,0.01,50.97,77678.73,1
2024-10-02,2024-10-02 11:16:00,1523.51,1523.67,1523.51,1523.67,0.01,50.97,77678.73,1
2024-10-02,2024-10-02 11:17:00,1523.67,1523.83,1523.67,1523.83,0.01,50.97,77678.73,1
2024-10-02,2024-10-02 11:18:00,1523.83,1524.0,1523.83,1524.0,0.01,50.97,77678.73,1
2024-10-02,2024-10-02 11:19:00,1524.0,1524.16,1524.0,1524.16,0.01,50.97,77678.73,1
2024-10-02,2024-10-02 11:20:00,1524.16,1524.32,1524.16,1524.32,0.01,50.97,77678.73,1
2024-10-02,2024-10-02 11:21:00,1524.32,1524.48,1524.32,1524.48,0.01,50.97,77678.73,1
2024-10-02,2024-10-02 11:22:00,1524.48,1524.65,1524.48,1524.65,0.01,50.97,77678.73,1
2024-10-02,2024-10-02 11:23:00,1524.65,1524.81,1524.65,1524.81,0.01,50.97,77678.73,1
2024-10-02,2024-10-02 11:24:00,1524.81,1524.97,1524.81,1524.97,0.01,50.97,77678.73,1
2024-10-02,2024-10-02 11:25:00,1524.97,1525.14,1524.97,1525.14,0.01,50.97,77678.73,1
2024-10-02,2024-10-02 11:26:00,1525.14,1525.3,1525.14,1525.3,0.01,50.97,77678.73,1
2024-10-02,2024-10-02 11:27:00,1525.3,1525.46,1525.3,1525.46,0.01,50.97,77678.73,1
2024-10-02,2024-10-02 11:28:00,1525.46,1525.62,1525.46,1525.62,0.01,50.97,77678.73,1
2024-10-02,2024-10-02 11:29:00,1525.62,1525.79,1525.62,1525.79,0.01,50.97,77678.73,1
2024-10-02,2024-10-02 11:30:00,1525.79,1525.95,1525.79,1525.95,0.01,50.97,77678.73,1
2024-10-02,2024-10-02 11:31:00,1525.95,1526.11,1525.95,1526.11,0.01,50.97,77678.73,1
2024-10-02,2024-10-02 11:32:00,1526.11,1526.28,1526.11,1526.28,0.01,50.97,77678.73,1
2024-10-02,2024-10-02 11:33:00,1526.28,1526.44,1526.28,1526.44,0.01,50.97,77678.73,1
2024-10-02,2024-10-02 11:34:00,1526.44,1526.6,1526.44,1526.6,0.01,50.97,77678.73,1
2024-10-02,2024-10-02 11:35:00,1526.6,1526.77,1526.6,1526.77,0.01,50.97,77678.73,1
2024-10-02,2024-10-02 11:36:00,1526.77,1526.93,1526.77,1526.93,0.01,50.97,77678.73,1
2024-10-02,2024-10-02 11:37:00,1526.93,1527.09,1526.93,1527.09,0.01,50.97,77678.73,1
2024-10-02,2024-10-02 11:38:00,1527.09,1527.25,1527.09,1527.25,0.01,50.97,77678.73,1
2024-10-02,2024-10-02 11:39:00,1527.25,1527.42,1527.25,1527.42,0.01,50.97,77678.73,1
2024-10-02,2024-10-02 11:40:00,1527.42,1527.58,1527.42,1527.58,0.01,50.97,77678.73,1
2024-10-02,2024-10-02 11:41:00,1527.58,1527.74,1527.58,1527.74,0.01,50.97,77678.73,1
2024-10-02,2024-10-02 11:42:00,1527.74,1527.91,1527.74,1527.91,0.01,50.97,77678.73,1
2024-10-02,2024-10-02 11:43:00,1527.91,1528.07,1527.91,1528.07,0.01,50.97,77678.73,1
2024-10-02,2024-10-02 11:44:00,1528.07,1528.23,1528.07,1528.23,0.01,50.97,77678.73,1
2024-10-02,2024-10-02 11:45:00,1528.23,1528.39,1528.23,1528.39,0.01,50.97,77678.73,1
2024-10-02,2024-10-02 11:46:00,1528.39,1528.56,1528.39,1528.56,0.01,50.97,77678.73,1
2024-10-02,2024-10-02 11:47:00,1528.56,1528.72,1528.56,1528.72,0.01,50.97,77678.73,1
2024-10-02,2024-10-02 11:48:00,1528.72,1528.88,1528.72,1528.88,0.01,50.97,77678.73,1
2024-10-02,2024-10-02 11:49:00,1528.88,1529.05,1528.88,1529.05,0.01,50.97,77678.73,1
2024-10-02,2024-10-02 11:50:00,1529.05,1529.21,1529.05,1529.21,0.01,50.97,77678.73,1
2024-10-02,2024-10-02 11:51:00,1529.21,1529.37,1529.21,1529.37,0.01,50.97,77678.73,1
2024-10-02,2024-10-02 11:52:00,1529.37,1529.53,1529.37,1529.53,0.01,50.97,77678.73,1
2024-10-02,2024-10-02 11:53:00,1529.53,1529.7,1529.53,1529.7,0.01,50.97,77678.73,1
2024-10-02,2024-10-02 11:54:00,1529.7,1529.86,1529.7,1529.86,0.01,50.97,77678.73,1
2024-10-02,2024-10-02 11:55:00,1529.86,1530.02,1529.86,1530.02,0.01,50.97,77678.73,1
2024-10-02,2024-10-02 11:56:00,1530.02,1530.19,1530.02,1530.19,0.01,50.97,77678.73,1
2024-10-02,2024-10-02 11:57:00,1530.19,1530.35,1530.19,1530.35,0.01,50.97,77678.73,1
2024-10-02,2024-10-02 11:58:00,1530.35,1530.51,1530.35,1530.51,0.01,50.97,77678.73,1
2024-10-02,2024-10-02 11:59:00,1530.51,1530.68,1530.51,1530.68,0.01,50.97,77678.73,1
2024-10-02,2024-10-02 12:00:00,1530.68,1530.84,1530.68,1530.84,0.01,50.97,77678.73,1
2024-10-02,2024-10-02 12:01:00,1530.84,1531.0,1530.84,1531.0,0.01,50.97,77678.73,1
2024-10-02,2024-10-02 12:02:00,1531.0,1531.16,1531.0,1531.16,0.01,50.97,77678.73,1
2024-10-02,2024-10-02 12:03:00,1531.16,1531.33,1531.16,1531.33,0.01,50.97,77678.73,1
2024-10-02,2024-10-02 12:04:00,1531.33,1531.49,1531.33,1531.49,0.01,50.97,77678.73,1
2024-10-02,2024-10-02 12:05:00,1531.49,1531.65,1531.49,1531.65,0.01,50.97,77678.73,1
2024-10-02,2024-10-02 12:06:00,1531.65,1531.82,1531.65,1531.82,0.01,50.97,77678.73,1
2024-10-02,2024-10-02 12:07:00,1531.82,1531.98,1531.82,1531.98,0.01,50.97,77678.73,1
2024-10-02,2024-10-02 12:08:00,1531.98,1532.14,1531.98,1532.14,0.01,50.97,77678.73,1
2024-10-02,2024-10-02 12:09:00,1532.14,1532.3,1532.14,1532.3,0.01,50.97,77678.73,1
2024-10-02,2024-10-02 12:10:00,1532.3,1532.47,1532.3,1532.47,0.01,50.97,77678.73,1
2024-10-02,2024-10-02 12:11:00,1532.47,1532.63,1532.47,1532.63,0.01,50.97,77678.73,1
2024-10-02,2024-10-02 12:12:00,1532.63,1532.79,1532.63,1532.79,0.01,50.97,77678.73,1
2024-10-02,2024-10-02 12:13:00,1532.79,1532.96,1532.79,1532.96,0.01,50.97,77678.73,1
2024-10-02,2024-10-02 12:14:00,1532.96,1533.12,1532.96,1533.12,0.01,50.97,77678.73,1
2024-10-02,2024-10-02 12:15:00,1533.12,1533.28,1533.12,1533.28,0.01,50.97,77678.73,1
2024-10-02,2024-10-02 12:16:00,1533.28,1533.44,1533.28,1533.44,0.01,50.97,77678.73,1
2024-10-02,2024-10-02 12:17:00,1533.44,1533.61,1533.44,1533.61,0.01,50.97,77678.73,1
2024-10-02,2024-10-02 12:18:00,1533.61,1533.77,1533.61,1533.77,0.01,50.97,77678.73,1
2024-10-02,2024-10-02 12:19:00,1533.77,1533.93,1533.77,1533.93,0.01,50.97,77678.73,1
2024-10-02,2024-10-02 12:20:00,1533.93,1534.1,1533.93,1534.1,0.01,50.97,77678.73,1
2024-10-02,2024-10-02 12:21:00,1534.1,1534.26,1534.1,1534.26,0.01,50.97,77678.73,1
2024-10-02,2024-10-02 12:22:00,1534.26,1534.42,1534.26,1534.42,0.01,50.97,77678.73,1
2024-10-02,2024-10-02 12:23:00,1534.42,1534.59,1534.42,1534.59,0.01,50.97,77678.73,1
2024-10-02,2024-10-02 12:24:00,1534.59,1534.75,1534.59,1534.75,0.01,50.97,77678.73,1
2024-10-02,2024-10-02 12:25:00,1534.75,1534.91,1534.75,1534.91,0.01,50.97,77678.73,1
2024-10-02,2024-10-02 12:26:00,1534.91,1535.07,1534.91,1535.07,0.01,50.97,77678.73,1
2024-10-02,2024-10-02 12:27:00,1535.07,1535.24,1535.07,1535.24,0.01,50.97,77678.73,1
2024-10-02,2024-10-02 12:28:00,1535.24,1535.4,1535.24,1535.4,0.01,50.97,77678.73,1
2024-10-02,2024-10-02 12:29:00,1535.4,1535.56,1535.4,1535.56,0.01,50.97,77678.73,1
2024-10-02,2024-10-02 12:30:00,1535.56,1535.73,1535.56,1535.73,0.01,50.97,77678.73,1
2024-10-02,2024-10-02 12:31:00,1535.73,1535.89,1535.73,1535.89,0.01,50.97,77678.73,1
2024-10-02,2024-10-02 12:32:00,1535.89,1536.05,1535.89,1536.05,0.01,50.97,77678.73,1
2024-10-02,2024-10-02 12:33:00,1536.05,1536.21,1536.05,1536.21,0.01,50.97,77678.73,1
2024-10-02,2024-10-02 12:34:00,1536.21,1536.38,1536.21,1536.38,0.01,50.97,77678.73,1
2024-10-02,2024-10-02 12:35:00,1536.38,1536.54,1536.38,1536.54,0.01,50.97,77678.73,1
2024-10-02,2024-10-02 12:36:00,1536.54,1536.7,1536.54,1536.7,0.01,50.97,77678.73,1
2024-10-02,2024-10-02 12:37:00,1536.7,1536.87,1536.7,1536.87,0.01,50.97,77678.73,1
2024-10-02,2024-10-02 12:38:00,1536.87,1537.03,1536.87,1537.03,0.01,50.97,77678.73,1
2024-10-02,2024-10-02 12:39:00,1537.03,1537.19,1537.03,1537.19,0.01,50.97,77678.73,1
2024-10-02,2024-10-02 12:40:00,1537.19,1537.35,1537.19,1537.35,0.01,50.97,77678.73,1
2024-10-02,2024-10-02 12:41:00,1537.35,1537.52,1537.35,1537.52,0.01,50.97,77678.73,1
2024-10-02,2024-10-02 12:42:00,1537.52,1537.68,1537.52,1537.68,0.01,50.97,77678.73,1
2024-10-02,2024-10-02 12:43:00,1537.68,1537.84,1537.68,1537.84,0.01,50.97,77678.73,1
2024-10-02,2024-10-02 12:44:00,1537.84,1538.01,1537.84,1538.01,0.01,50.97,77678.73,1
2024-10-02,2024-10-02 12:45:00,1538.01,1538.17,1538.01,1538.17,0.01,50.97,77678.73,1
2024-10-02,2024-10-02 12:46:00,1538.17,1538.33,1538.17,1538.33,0.01,50.97,77678.73,1
2024-10-02,2024-10-02 12:47:00,1538.33,1538.5,1538.33,1538.5,0.01,50.97,77678.73,1
2024-10-02,2024-10-02 12:48:00,1538.5,1538.66,1538.5,1538.66,0.01,50.97,77678.73,1
2024-10-02,2024-10-02 12:49:00,1538.66,1538.82,1538.66,1538.82,0.01,50.97,77678.73,1
2024-10-02,2024-10-02 12:50:00,1538.82,1538.98,1538.82,1538.98,0.01,50.97,77678.73,1
2024-10-02,2024-10-02 12:51:00,1538.98,1539.15,1538.98,1539.15,0.01,50.97,77678.73,1
2024-10-02,2024-10-02 12:52:00,1539.15,1539.31,1539.15,1539.31,0.01,50.97,77678.73,1
2024-10-02,2024-10-02 12:53:00,1539.31,1539.47,1539.31,1539.47,0.01,50.97,77678.73,1
2024-10-02,2024-10-02 12:54:00,1539.47,1539.64,1539.47,1539.64,0.01,50.97,77678.73,1
2024-10-02,2024-10-02 12:55:00,1539.64,1539.8,1539.64,1539.8,0.01,50.97,77678.73,1
2024-10-02,2024-10-02 12:56:00,1539.8,1539.96,1539.8,1539.96,0.01,50.97,77678.73,1
2024-10-02,2024-10-02 12:57:00,1539.96,1540.12,1539.96,1540.12,0.01,50.97,77678.73,1
2024-10-02,2024-10-02 12:58:00,1540.12,1540.29,1540.12,1540.29,0.01,50.97,77678.73,1
2024-10-02,2024-10-02 12:59:00,1540.29,1540.45,1540.29,1540.45,0.01,50.97,77678.73,1
2024-10-02,2024-10-02 13:00:00,1540.45,1586.0,1495.0,1540.61,0.01,50.97,77678.73,1
2024-10-02,2024-10-02 13:01:00,1540.61,1540.78,1540.61,1540.78,0.01,50.97,77678.73,1
2024-10-02,2024-10-02 13:02:00,1540.78,1540.94,1540.78,1540.94,0.01,50.97,77678.73,1
2024-10-02,2024-10-02 13:03:00,1540.94,1541.1,1540.94,1541.1,0.01,50.97,77678.73,1
2024-10-02,2024-10-02 13:04:00,1541.1,1541.26,1541.1,1541.26,0.01,50.97,77678.73,1
2024-10-02,2024-10-02 13:05:00,1541.26,1541.43,1541.26,1541.43,0.01,50.97,77678.73,1
2024-10-02,2024-10-02 13:06:00,1541.43,1541.59,1541.43,1541.59,0.01,50.97,77678.73,1
2024-10-02,2024-10-02 13:07:00,1541.59,1541.75,1541.59,1541.75,0.01,50.97,77678.73,1
2024-10-02,2024-10-02 13:08:00,1541.75,1541.92,1541.75,1541.92,0.01,50.97,77678.73,1
2024-10-02,2024-10-02 13:09:00,1541.92,1542.08,1541.92,1542.08,0.01,50.97,77678.73,1
2024-10-02,2024-10-02 13:10:00,1542.08,1542.24,1542.08,1542.24,0.01,50.97,77678.73,1
2024-10-02,2024-10-02 13:11:00,1542.24,1542.4,1542.24,1542.4,0.01,50.97,77678.73,1
2024-10-02,2024-10-02 13:12:00,1542.4,1542.57,1542.4,1542.57,0.01,50.97,77678.73,1
2024-10-02,2024-10-02 13:13:00,1542.57,1542.73,1542.57,1542.73,0.01,50.97,77678.73,1
2024-10-02,2024-10-02 13:14:00,1542.73,1542.89,1542.73,1542.89,0.01,50.97,77678.73,1
2024-10-02,2024-10-02 13:15:00,1542.89,1543.06,1542.89,1543.06,0.01,50.97,77678.73,1
2024-10-02,2024-10-02 13:16:00,1543.06,1543.22,1543.06,1543.22,0.01,50.97,77678.73,1
2024-10-02,2024-10-02 13:17:00,1543.22,1543.38,1543.22,1543.38,0.01,50.97,77678.73,1
2024-10-02,2024-10-02 13:18:00,1543.38,1543.55,1543.38,1543.55,0.01,50.97,77678.73,1
2024-10-02,2024-10-02 13:19:00,1543.55,1543.71,1543.55,1543.71,0.01,50.97,77678.73,1
2024-10-02,2024-10-02 13:20:00,1543.71,1543.87,1543.71,1543.87,0.01,50.97,77678.73,1
2024-10-02,2024-10-02 13:21:00,1543.87,1544.03,1543.87,1544.03,0.01,50.97,77678.73,1
2024-10-02,2024-10-02 13:22:00,1544.03,1544.2,1544.03,1544.2,0.01,50.97,77678.73,1
2024-10-02,2024-10-02 13:23:00,1544.2,1544.36,1544.2,1544.36,0.01,50.97,77678.73,1
2024-10-02,2024-10-02 13:24:00,1544.36,1544.52,1544.36,1544.52,0.01,50.97,77678.73,1
2024-10-02,2024-10-02 13:25:00,1544.52,1544.69,1544.52,1544.69,0.01,50.97,77678.73,1
2024-10-02,2024-10-02 13:26:00,1544.69,1544.85,1544.69,1544.85,0.01,50.97,77678.73,1
2024-10-02,2024-10-02 13:27:00,1544.85,1545.01,1544.85,1545.01,0.01,50.97,77678.73,1
2024-10-02,2024-10-02 13:28:00,1545.01,1545.17,1545.01,1545.17,0.01,50.97,77678.73,1
2024-10-02,2024-10-02 13:29:00,1545.17,1545.34,1545.17,1545.34,0.01,50.97,77678.73,1
2024-10-02,2024-10-02 13:30:00,1545.34,1545.5,1545.34,1545.5,0.01,50.97,77678.73,1
2024-10-02,2024-10-02 13:31:00,1545.5,1545.66,1545.5,1545.66,0.01,50.97,77678.73,1
2024-10-02,2024-10-02 13:32:00,1545.66,1545.83,1545.66,1545.83,0.01,50.97,77678.73,1
2024-10-02,2024-10-02 13:33:00,1545.83,1545.99,1545.83,1545.99,0.01,50.97,77678.73,1
2024-10-02,2024-10-02 13:34:00,1545.99,1546.15,1545.99,1546.15,0.01,50.97,77678.73,1
2024-10-02,2024-10-02 13:35:00,1546.15,1546.32,1546.15,1546.32,0.01,50.97,77678.73,1
2024-10-02,2024-10-02 13:36:00,1546.32,1546.48,1546.32,1546.48,0.01,50.97,77678.73,1
2024-10-02,2024-10-02 13:37:00,1546.48,1546.64,1546.48,1546.64,0.01,50.97,77678.73,1
2024-10-02,2024-10-02 13:38:00,1546.64,1546.8,1546.64,1546.8,0.01,50.97,77678.73,1
2024-10-02,2024-10-02 13:39:00,1546.8,1546.97,1546.8,1546.97,0.01,50.97,77678.73,1
2024-10-02,2024-10-02 13:40:00,1546.97,1547.13,1546.97,1547.13,0.01,50.97,77678.73,1
2024-10-02,2024-10-02 13:41:00,1547.13,1547.29,1547.13,1547.29,0.01,50.97,77678.73,1
2024-10-02,2024-10-02 13:42:00,1547.29,1547.46,1547.29,1547.46,0.01,50.97,77678.73,1
2024-10-02,2024-10-02 13:43:00,1547.46,1547.62,1547.46,1547.62,0.01,50.97,77678.73,1
2024-10-02,2024-10-02 13:44:00,1547.62,1547.78,1547.62,1547.78,0.01,50.97,77678.73,1
2024-10-02,2024-10-02 13:45:00,1547.78,1547.94,1547.78,1547.94,0.01,50.97,77678.73,1
2024-10-02,2024-10-02 13:46:00,1547.94,1548.11,1547.94,1548.11,0.01,50.97,77678.73,1
2024-10-02,2024-10-02 13:47:00,1548.11,1548.27,1548.11,1548.27,0.01,50.97,77678.73,1
2024-10-02,2024-10-02 13:48:00,1548.27,1548.43,1548.27,1548.43,0.01,50.97,77678.73,1
2024-10-02,2024-10-02 13:49:00,1548.43,1548.6,1548.43,1548.6,0.01,50.97,77678.73,1
2024-10-02,2024-10-02 13:50:00,1548.6,1548.76,1548.6,1548.76,0.01,50.97,77678.73,1
2024-10-02,2024-10-02 13:51:00,1548.76,1548.92,1548.76,1548.92,0.01,50.97,77678.73,1
2024-10-02,2024-10-02 13:52:00,1548.92,1549.08,1548.92,1549.08,0.01,50.97,77678.73,1
2024-10-02,2024-10-02 13:53:00,1549.08,1549.25,1549.08,1549.25,0.01,50.97,77678.73,1
2024-10-02,2024-10-02 13:54:00,1549.25,1549.41,1549.25,1549.41,0.01,50.97,77678.73,1
2024-10-02,2024-10-02 13:55:00,1549.41,1549.57,1549.41,1549.57,0.01,50.97,77678.73,1
2024-10-02,2024-10-02 13:56:00,1549.57,1549.74,1549.57,1549.74,0.01,50.97,77678.73,1
2024-10-02,2024-10-02 13:57:00,1549.74,1549.9,1549.74,1549.9,0.01,50.97,77678.73,1
2024-10-02,2024-10-02 13:58:00,1549.9,1550.06,1549.9,1550.06,0.01,50.97,77678.73,1
2024-10-02,2024-10-02 13:59:00,1550.06,1550.22,1550.06,1550.22,0.01,50.97,77678.73,1
2024-10-02,2024-10-02 14:00:00,1550.22,1550.39,1550.22,1550.39,0.01,50.97,77678.73,1
2024-10-02,2024-10-02 14:01:00,1550.39,1550.55,1550.39,1550.55,0.01,50.97,77678.73,1
2024-10-02,2024-10-02 14:02:00,1550.55,1550.71,1550.55,1550.71,0.01,50.97,77678.73,1
2024-10-02,2024-10-02 14:03:00,1550.71,1550.88,1550.71,1550.88,0.01,50.97,77678.73,1
2024-10-02,2024-10-02 14:04:00,1550.88,1551.04,1550.88,1551.04,0.01,50.97,77678.73,1
2024-10-02,2024-10-02 14:05:00,1551.04,1551.2,1551.04,1551.2,0.01,50.97,77678.73,1
2024-10-02,2024-10-02 14:06:00,1551.2,1551.37,1551.2,1551.37,0.01,50.97,77678.73,1
2024-10-02,2024-10-02 14:07:00,1551.37,1551.53,1551.37,1551.53,0.01,50.97,77678.73,1
2024-10-02,2024-10-02 14:08:00,1551.53,1551.69,1551.53,1551.69,0.01,50.97,77678.73,1
2024-10-02,2024-10-02 14:09:00,1551.69,1551.85,1551.69,1551.85,0.01,50.97,77678.73,1
2024-10-02,2024-10-02 14:10:00,1551.85,1552.02,1551.85,1552.02,0.01,50.97,77678.73,1
2024-10-02,2024-10-02 14:11:00,1552.02,1552.18,1552.02,1552.18,0.01,50.97,77678.73,1
2024-10-02,2024-10-02 14:12:00,1552.18,1552.34,1552.18,1552.34,0.01,50.97,77678.73,1
2024-10-02,2024-10-02 14:13:00,1552.34,1552.51,1552.34,1552.51,0.01,50.97,77678.73,1
2024-10-02,2024-10-02 14:14:00,1552.51,1552.67,1552.51,1552.67,0.01,50.97,77678.73,1
2024-10-02,2024-10-02 14:15:00,1552.67,1552.83,1552.67,1552.83,0.01,50.97,77678.73,1
2024-10-02,2024-10-02 14:16:00,1552.83,1552.99,1552.83,1552.99,0.01,50.97,77678.73,1
2024-10-02,2024-10-02 14:17:00,1552.99,1553.16,1552.99,1553.16,0.01,50.97,77678.73,1
2024-10-02,2024-10-02 14:18:00,1553.16,1553.32,1553.16,1553.32,0.01,50.97,77678.73,1
2024-10-02,2024-10-02 14:19:00,1553.32,1553.48,1553.32,1553.48,0.01,50.97,77678.73,1
2024-10-02,2024-10-02 14:20:00,1553.48,1553.65,1553.48,1553.65,0.01,50.97,77678.73,1
2024-10-02,2024-10-02 14:21:00,1553.65,1553.81,1553.65,1553.81,0.01,50.97,77678.73,1
2024-10-02,2024-10-02 14:22:00,1553.81,1553.97,1553.81,1553.97,0.01,50.97,77678.73,1
2024-10-02,2024-10-02 14:23:00,1553.97,1554.13,1553.97,1554.13,0.01,50.97,77678.73,1
2024-10-02,2024-10-02 14:24:00,1554.13,1554.3,1554.13,1554.3,0.01,50.97,77678.73,1
2024-10-02,2024-10-02 14:25:00,1554.3,1554.46,1554.3,1554.46,0.01,50.97,77678.73,1
2024-10-02,2024-10-02 14:26:00,1554.46,1554.62,1554.46,1554.62,0.01,50.97,77678.73,1
2024-10-02,2024-10-02 14:27:00,1554.62,1554.79,1554.62,1554.79,0.01,50.97,77678.73,1
2024-10-02,2024-10-02 14:28:00,1554.79,1554.95,1554.79,1554.95,0.01,50.97,77678.73,1
2024-10-02,2024-10-02 14:29:00,1554.95,1555.11,1554.95,1555.11,0.01,50.97,77678.73,1
2024-10-02,2024-10-02 14:30:00,1555.11,1555.28,1555.11,1555.28,0.01,50.97,77678.73,1
2024-10-02,2024-10-02 14:31:00,1555.28,1555.44,1555.28,1555.44,0.01,50.97,77678.73,1
2024-10-02,2024-10-02 14:32:00,1555.44,1555.6,1555.44,1555.6,0.01,50.97,77678.73,1
2024-10-02,2024-10-02 14:33:00,1555.6,1555.76,1555.6,1555.76,0.01,50.97,77678.73,1
2024-10-02,2024-10-02 14:34:00,1555.76,1555.93,1555.76,1555.93,0.01,50.97,77678.73,1
2024-10-02,2024-10-02 14:35:00,1555.93,1556.09,1555.93,1556.09,0.01,50.97,77678.73,1
2024-10-02,2024-10-02 14:36:00,1556.09,1556.25,1556.09,1556.25,0.01,50.97,77678.73,1
2024-10-02,2024-10-02 14:37:00,1556.25,1556.42,1556.25,1556.42,0.01,50.97,77678.73,1
2024-10-02,2024-10-02 14:38:00,1556.42,1556.58,1556.42,1556.58,0.01,50.97,77678.73,1
2024-10-02,2024-10-02 14:39:00,1556.58,1556.74,1556.58,1556.74,0.01,50.97,77678.73,1
2024-10-02,2024-10-02 14:40:00,1556.74,1556.9,1556.74,1556.9,0.01,50.97,77678.73,1
2024-10-02,2024-10-02 14:41:00,1556.9,1557.07,1556.9,1557.07,0.01,50.97,77678.73,1
2024-10-02,2024-10-02 14:42:00,1557.07,1557.23,1557.07,1557.23,0.01,50.97,77678.73,1
2024-10-02,2024-10-02 14:43:00,1557.23,1557.39,1557.23,1557.39,0.01,50.97,77678.73,1
2024-10-02,2024-10-02 14:44:00,1557.39,1557.56,1557.39,1557.56,0.01,50.97,77678.73,1
2024-10-02,2024-10-02 14:45:00,1557.56,1557.72,1557.56,1557.72,0.01,50.97,77678.73,1
2024-10-02,2024-10-02 14:46:00,1557.72,1557.88,1557.72,1557.88,0.01,50.97,77678.73,1
2024-10-02,2024-10-02 14:47:00,1557.88,1558.05,1557.88,1558.05,0.01,50.97,77678.73,1
2024-10-02,2024-10-02 14:48:00,1558.05,1558.21,1558.05,1558.21,0.01,50.97,77678.73,1
2024-10-02,2024-10-02 14:49:00,1558.21,1558.37,1558.21,1558.37,0.01,50.97,77678.73,1
2024-10-02,2024-10-02 14:50:00,1558.37,1558.53,1558.37,1558.53,0.01,50.97,77678.73,1
2024-10-02,2024-10-02 14:51:00,1558.53,1558.7,1558.53,1558.7,0.01,50.97,77678.73,1
2024-10-02,2024-10-02 14:52:00,1558.7,1558.86,1558.7,1558.86,0.01,50.97,77678.73,1
2024-10-02,2024-10-02 14:53:00,1558.86,1559.02,1558.86,1559.02,0.01,50.97,77678.73,1
2024-10-02,2024-10-02 14:54:00,1559.02,1559.19,1559.02,1559.19,0.01,50.97,77678.73,1
2024-10-02,2024-10-02 14:55:00,1559.19,1559.35,1559.19,1559.35,0.01,50.97,77678.73,1
2024-10-02,2024-10-02 14:56:00,1559.35,1559.51,1559.35,1559.51,0.01,50.97,77678.73,1
2024-10-02,2024-10-02 14:57:00,1559.51,1559.67,1559.51,1559.67,0.01,50.97,77678.73,1
2024-10-02,2024-10-02 14:58:00,1559.67,1559.84,1559.67,1559.84,0.01,50.97,77678.73,1
2024-10-02,2024-10-02 14:59:00,1559.84,1560.0,1559.84,1560.0,0.01,50.97,77678.73,1
2024-10-02,2024-10-02 15:00:00,1560.0,1586.0,1495.0,1560.0,0.0,50.97,77678.73,0
2024-10-06,2024-10-06 11:00:00,1530.0,1538.97,1524.0,1530.02,0.0,22.8,34882.62,1
2024-10-06,2024-10-06 11:01:00,1530.02,1530.05,1530.02,1530.05,0.0,22.8,34882.62,1
2024-10-06,2024-10-06 11:02:00,1530.05,1530.07,1530.05,1530.07,0.0,22.8,34882.62,1
2024-10-06,2024-10-06 11:03:00,1530.07,1530.09,1530.07,1530.09,0.0,22.8,34882.62,1
2024-10-06,2024-10-06 11:04:00,1530.09,1530.12,1530.09,1530.12,0.0,22.8,34882.62,1
2024-10-06,2024-10-06 11:05:00,1530.12,1530.14,1530.12,1530.14,0.0,22.8,34882.62,1
2024-10-06,2024-10-06 11:06:00,1530.14,1530.16,1530.14,1530.16,0.0,22.8,34882.62,1
2024-10-06,2024-10-06 11:07:00,1530.16,1530.19,1530.16,1530.19,0.0,22.8,34882.62,1
2024-10-06,2024-10-06 11:08:00,1530.19,1530.21,1530.19,1530.21,0.0,22.8,34882.62,1
2024-10-06,2024-10-06 11:09:00,1530.21,1530.23,1530.21,1530.23,0.0,22.8,34882.62,1
2024-10-06,2024-10-06 11:10:00,1530.23,1530.26,1530.23,1530.26,0.0,22.8,34882.62,1
2024-10-06,2024-10-06 11:11:00,1530.26,1530.28,1530.26,1530.28,0.0,22.8,34882.62,1
2024-10-06,2024-10-06 11:12:00,1530.28,1530.3,1530.28,1530.3,0.0,22.8,34882.62,1
2024-10-06,2024-10-06 11:13:00,1530.3,1530.33,1530.3,1530.33,0.0,22.8,34882.62,1
2024-10-06,2024-10-06 11:14:00,1530.33,1530.35,1530.33,1530.35,0.0,22.8,34882.62,1
2024-10-06,2024-10-06 11:15:00,1530.35,1530.37,1530.35,1530.37,0.0,22.8,34882.62,1
2024-10-06,2024-10-06 11:16:00,1530.37,1530.4,1530.37,1530.4,0.0,22.8,34882.62,1
2024-10-06,2024-10-06 11:17:00,1530.4,1530.42,1530.4,1530.42,0.0,22.8,34882.62,1
2024-10-06,2024-10-06 11:18:00,1530.42,1530.44,1530.42,1530.44,0.0,22.8,34882.62,1
2024-10-06,2024-10-06 11:19:00,1530.44,1530.47,1530.44,1530.47,0.0,22.8,34882.62,1
2024-10-06,2024-10-06 11:20:00,1530.47,1530.49,1530.47,1530.49,0.0,22.8,34882.62,1
2024-10-06,2024-10-06 11:21:00,1530.49,1530.51,1530.49,1530.51,0.0,22.8,34882.62,1
2024-10-06,2024-10-06 11:22:00,1530.51,1530.54,1530.51,1530.54,0.0,22.8,34882.62,1
2024-10-06,2024-10-06 11:23:00,1530.54,1530.56,1530.54,1530.56,0.0,22.8,34882.62,1
2024-10-06,2024-10-06 11:24:00,1530.56,1530.58,1530.56,1530.58,0.0,22.8,34882.62,1
2024-10-06,2024-10-06 11:25:00,1530.58,1530.61,1530.58,1530.61,0.0,22.8,34882.62,1
2024-10-06,2024-10-06 11:26:00,1530.61,1530.63,1530.61,1530.63,0.0,22.8,34882.62,1
2024-10-06,2024-10-06 11:27:00,1530.63,1530.65,1530.63,1530.65,0.0,22.8,34882.62,1
2024-10-06,2024-10-06 11:28:00,1530.65,1530.68,1530.65,1530.68,0.0,22.8,34882.62,1
2024-10-06,2024-10-06 11:29:00,1530.68,1530.7,1530.68,1530.7,0.0,22.8,34882.62,1
2024-10-06,2024-10-06 11:30:00,1530.7,1530.72,1530.7,1530.72,0.0,22.8,34882.62,1
2024-10-06,2024-10-06 11:31:00,1530.72,1530.75,1530.72,1530.75,0.0,22.8,34882.62,1
2024-10-06,2024-10-06 11:32:00,1530.75,1530.77,1530.75,1530.77,0.0,22.8,34882.62,1
2024-10-06,2024-10-06 11:33:00,1530.77,1530.79,1530.77,1530.79,0.0,22.8,34882.62,1
2024-10-06,2024-10-06 11:34:00,1530.79,1530.82,1530.79,1530.82,0.0,22.8,34882.62,1
2024-10-06,2024-10-06 11:35:00,1530.82,1530.84,1530.82,1530.84,0.0,22.8,34882.62,1
2024-10-06,2024-10-06 11:36:00,1530.84,1530.86,1530.84,1530.86,0.0,22.8,34882.62,1
2024-10-06,2024-10-06 11:37:00,1530.86,1530.89,1530.86,1530.89,0.0,22.8,34882.62,1
2024-10-06,2024-10-06 11:38:00,1530.89,1530.91,1530.89,1530.91,0.0,22.8,34882.62,1
2024-10-06,2024-10-06 11:39:00,1530.91,1530.93,1530.91,1530.93,0.0,22.8,34882.62,1
2024-10-06,2024-10-06 11:40:00,1530.93,1530.96,1530.93,1530.96,0.0,22.8,34882.62,1
2024-10-06,2024-10-06 11:41:00,1530.96,1530.98,1530.96,1530.98,0.0,22.8,34882.62,1
2024-10-06,2024-10-06 11:42:00,1530.98,1531.0,1530.98,1531.0,0.0,22.8,34882.62,1
2024-10-06,2024-10-06 11:43:00,1531.0,1531.03,1531.0,1531.03,0.0,22.8,34882.62,1
2024-10-06,2024-10-06 11:44:00,1531.03,1531.05,1531.03,1531.05,0.0,22.8,34882.62,1
2024-10-06,2024-10-06 11:45:00,1531.05,1531.07,1531.05,1531.07,0.0,22.8,34882.62,1
2024-10-06,2024-10-06 11:46:00,1531.07,1531.1,1531.07,1531.1,0.0,22.8,34882.62,1
2024-10-06,2024-10-06 11:47:00,1531.1,1531.12,1531.1,1531.12,0.0,22.8,34882.62,1
2024-10-06,2024-10-06 11:48:00,1531.12,1531.14,1531.12,1531.14,0.0,22.8,34882.62,1
2024-10-06,2024-10-06 11:49:00,1531.14,1531.17,1531.14,1531.17,0.0,22.8,34882.62,1
2024-10-06,2024-10-06 11:50:00,1531.17,1531.19,1531.17,1531.19,0.0,22.8,34882.62,1
2024-10-06,2024-10-06 11:51:00,1531.19,1531.21,1531.19,1531.21,0.0,22.8,34882.62,1
2024-10-06,2024-10-06 11:52:00,1531.21,1531.24,1531.21,1531.24,0.0,22.8,34882.62,1
2024-10-06,2024-10-06 11:53:00,1531.24,1531.26,1531.24,1531.26,0.0,22.8,34882.62,1
2024-10-06,2024-10-06 11:54:00,1531.26,1531.28,1531.26,1531.28,0.0,22.8,34882.62,1
2024-10-06,2024-10-06 11:55:00,1531.28,1531.31,1531.28,1531.31,0.0,22.8,34882.62,1
2024-10-06,2024-10-06 11:56:00,1531.31,1531.33,1531.31,1531.33,0.0,22.8,34882.62,1
2024-10-06,2024-10-06 11:57:00,1531.33,1531.35,1531.33,1531.35,0.0,22.8,34882.62,1
2024-10-06,2024-10-06 11:58:00,1531.35,1531.38,1531.35,1531.38,0.0,22.8,34882.62,1
2024-10-06,2024-10-06 11:59:00,1531.38,1531.4,1531.38,1531.4,0.0,22.8,34882.62,1
2024-10-06,2024-10-06 12:00:00,1531.4,1531.42,1531.4,1531.42,0.0,22.8,34882.62,1
2024-10-06,2024-10-06 12:01:00,1531.42,1531.45,1531.42,1531.45,0.0,22.8,34882.62,1
2024-10-06,2024-10-06 12:02:00,1531.45,1531.47,1531.45,1531.47,0.0,22.8,34882.62,1
2024-10-06,2024-10-06 12:03:00,1531.47,1531.49,1531.47,1531.49,0.0,22.8,34882.62,1
2024-10-06,2024-10-06 12:04:00,1531.49,1531.52,1531.49,1531.52,0.0,22.8,34882.62,1
2024-10-06,2024-10-06 12:05:00,1531.52,1531.54,1531.52,1531.54,0.0,22.8,34882.62,1
2024-10-06,2024-10-06 12:06:00,1531.54,1531.56,1531.54,1531.56,0.0,22.8,34882.62,1
2024-10-06,2024-10-06 12:07:00,1531.56,1531.59,1531.56,1531.59,0.0,22.8,34882.62,1
2024-10-06,2024-10-06 12:08:00,1531.59,1531.61,1531.59,1531.61,0.0,22.8,34882.62,1
2024-10-06,2024-10-06 12:09:00,1531.61,1531.63,1531.61,1531.63,0.0,22.8,34882.62,1
2024-10-06,2024-10-06 12:10:00,1531.63,1531.66,1531.63,1531.66,0.0,22.8,34882.62,1
2024-10-06,2024-10-06 12:11:00,1531.66,1531.68,1531.66,1531.68,0.0,22.8,34882.62,1
2024-10-06,2024-10-06 12:12:00,1531.68,1531.7,1531.68,1531.7,0.0,22.8,34882.62,1
2024-10-06,2024-10-06 12:13:00,1531.7,1531.73,1531.7,1531.73,0.0,22.8,34882.62,1
2024-10-06,2024-10-06 12:14:00,1531.73,1531.75,1531.73,1531.75,0.0,22.8,34882.62,1
2024-10-06,2024-10-06 12:15:00,1531.75,1531.77,1531.75,1531.77,0.0,22.8,34882.62,1
2024-10-06,2024-10-06 12:16:00,1531.77,1531.8,1531.77,1531.8,0.0,22.8,34882.62,1
2024-10-06,2024-10-06 12:17:00,1531.8,1531.82,1531.8,1531.82,0.0,22.8,34882.62,1
2024-10-06,2024-10-06 12:18:00,1531.82,1531.84,1531.82,1531.84,0.0,22.8,34882.62,1
2024-10-06,2024-10-06 12:19:00,1531.84,1531.87,1531.84,1531.87,0.0,22.8,34882.62,1
2024-10-06,2024-10-06 12:20:00,1531.87,1531.89,1531.87,1531.89,0.0,22.8,34882.62,1
2024-10-06,2024-10-06 12:21:00,1531.89,1531.91,1531.89,1531.91,0.0,22.8,34882.62,1
2024-10-06,2024-10-06 12:22:00,1531.91,1531.94,1531.91,1531.94,0.0,22.8,34882.62,1
2024-10-06,2024-10-06 12:23:00,1531.94,1531.96,1531.94,1531.96,0.0,22.8,34882.62,1
2024-10-06,2024-10-06 12:24:00,1531.96,1531.98,1531.96,1531.98,0.0,22.8,34882.62,1
2024-10-06,2024-10-06 12:25:00,1531.98,1532.01,1531.98,1532.01,0.0,22.8,34882.62,1
2024-10-06,2024-10-06 12:26:00,1532.01,1532.03,1532.01,1532.03,0.0,22.8,34882.62,1
2024-10-06,2024-10-06 12:27:00,1532.03,1532.05,1532.03,1532.05,0.0,22.8,34882.62,1
2024-10-06,2024-10-06 12:28:00,1532.05,1532.08,1532.05,1532.08,0.0,22.8,34882.62,1
2024-10-06,2024-10-06 12:29:00,1532.08,1532.1,1532.08,1532.1,0.0,22.8,34882.62,1
2024-10-06,2024-10-06 12:30:00,1532.1,1532.12,1532.1,1532.12,0.0,22.8,34882.62,1
2024-10-06,2024-10-06 12:31:00,1532.12,1532.15,1532.12,1532.15,0.0,22.8,34882.62,1
2024-10-06,2024-10-06 12:32:00,1532.15,1532.17,1532.15,1532.17,0.0,22.8,34882.62,1
2024-10-06,2024-10-06 12:33:00,1532.17,1532.19,1532.17,1532.19,0.0,22.8,34882.62,1
2024-10-06,2024-10-06 12:34:00,1532.19,1532.22,1532.19,1532.22,0.0,22.8,34882.62,1
2024-10-06,2024-10-06 12:35:00,1532.22,1532.24,1532.22,1532.24,0.0,22.8,34882.62,1
2024-10-06,2024-10-06 12:36:00,1532.24,1532.26,1532.24,1532.26,0.0,22.8,34882.62,1
2024-10-06,2024-10-06 12:37:00,1532.26,1532.29,1532.26,1532.29,0.0,22.8,34882.62,1
2024-10-06,2024-10-06 12:38:00,1532.29,1532.31,1532.29,1532.31,0.0,22.8,34882.62,1
2024-10-06,2024-10-06 12:39:00,1532.31,1532.33,1532.31,1532.33,0.0,22.8,34882.62,1
2024-10-06,2024-10-06 12:40:00,1532.33,1532.36,1532.33,1532.36,0.0,22.8,34882.62,1
2024-10-06,2024-10-06 12:41:00,1532.36,1532.38,1532.36,1532.38,0.0,22.8,34882.62,1
2024-10-06,2024-10-06 12:42:00,1532.38,1532.4,1532.38,1532.4,0.0,22.8,34882.62,1
2024-10-06,2024-10-06 12:43:00,1532.4,1532.43,1532.4,1532.43,0.0,22.8,34882.62,1
2024-10-06,2024-10-06 12:44:00,1532.43,1532.45,1532.43,1532.45,0.0,22.8,34882.62,1
2024-10-06,2024-10-06 12:45:00,1532.45,1532.47,1532.45,1532.47,0.0,22.8,34882.62,1
2024-10-06,2024-10-06 12:46:00,1532.47,1532.5,1532.47,1532.5,0.0,22.8,34882.62,1
2024-10-06,2024-10-06 12:47:00,1532.5,1532.52,1532.5,1532.52,0.0,22.8,34882.62,1
2024-10-06,2024-10-06 12:48:00,1532.52,1532.54,1532.52,1532.54,0.0,22.8,34882.62,1
2024-10-06,2024-10-06 12:49:00,1532.54,1532.57,1532.54,1532.57,0.0,22.8,34882.62,1
2024-10-06,2024-10-06 12:50:00,1532.57,1532.59,1532.57,1532.59,0.0,22.8,34882.62,1
2024-10-06,2024-10-06 12:51:00,1532.59,1532.61,1532.59,1532.61,0.0,22.8,34882.62,1
2024-10-06,2024-10-06 12:52:00,1532.61,1532.64,1532.61,1532.64,0.0,22.8,34882.62,1
2024-10-06,2024-10-06 12:53:00,1532.64,1532.66,1532.64,1532.66,0.0,22.8,34882.62,1
2024-10-06,2024-10-06 12:54:00,1532.66,1532.68,1532.66,1532.68,0.0,22.8,34882.62,1
2024-10-06,2024-10-06 12:55:00,1532.68,1532.71,1532.68,1532.71,0.0,22.8,34882.62,1
2024-10-06,2024-10-06 12:56:00,1532.71,1532.73,1532.71,1532.73,0.0,22.8,34882.62,1
2024-10-06,2024-10-06 12:57:00,1532.73,1532.75,1532.73,1532.75,0.0,22.8,34882.62,1
2024-10-06,2024-10-06 12:58:00,1532.75,1532.78,1532.75,1532.78,0.0,22.8,34882.62,1
2024-10-06,2024-10-06 12:59:00,1532.78,1532.8,1532.78,1532.8,0.0,22.8,34882.62,1
2024-10-06,2024-10-06 13:00:00,1532.8,1559.9,1510.0,1532.82,0.0,22.8,34882.62,1
2024-10-06,2024-10-06 13:01:00,1532.82,1532.85,1532.82,1532.85,0.0,22.8,34882.62,1
2024-10-06,2024-10-06 13:02:00,1532.85,1532.87,1532.85,1532.87,0.0,22.8,34882.62,1
2024-10-06,2024-10-06 13:03:00,1532.87,1532.89,1532.87,1532.89,0.0,22.8,34882.62,1
2024-10-06,2024-10-06 13:04:00,1532.89,1532.92,1532.89,1532.92,0.0,22.8,34882.62,1
2024-10-06,2024-10-06 13:05:00,1532.92,1532.94,1532.92,1532.94,0.0,22.8,34882.62,1
2024-10-06,2024-10-06 13:06:00,1532.94,1532.96,1532.94,1532.96,0.0,22.8,34882.62,1
2024-10-06,2024-10-06 13:07:00,1532.96,1532.99,1532.96,1532.99,0.0,22.8,34882.62,1
2024-10-06,2024-10-06 13:08:00,1532.99,1533.01,1532.99,1533.01,0.0,22.8,34882.62,1
2024-10-06,2024-10-06 13:09:00,1533.01,1533.03,1533.01,1533.03,0.0,22.8,34882.62,1
2024-10-06,2024-10-06 13:10:00,1533.03,1533.06,1533.03,1533.06,0.0,22.8,34882.62,1
2024-10-06,2024-10-06 13:11:00,1533.06,1533.08,1533.06,1533.08,0.0,22.8,34882.62,1
2024-10-06,2024-10-06 13:12:00,1533.08,1533.1,1533.08,1533.1,0.0,22.8,34882.62,1
2024-10-06,2024-10-06 13:13:00,1533.1,1533.13,1533.1,1533.13,0.0,22.8,34882.62,1
2024-10-06,2024-10-06 13:14:00,1533.13,1533.15,1533.13,1533.15,0.0,22.8,34882.62,1
2024-10-06,2024-10-06 13:15:00,1533.15,1533.17,1533.15,1533.17,0.0,22.8,34882.62,1
2024-10-06,2024-10-06 13:16:00,1533.17,1533.2,1533.17,1533.2,0.0,22.8,34882.62,1
2024-10-06,2024-10-06 13:17:00,1533.2,1533.22,1533.2,1533.22,0.0,22.8,34882.62,1
2024-10-06,2024-10-06 13:18:00,1533.22,1533.24,1533.22,1533.24,0.0,22.8,34882.62,1
2024-10-06,2024-10-06 13:19:00,1533.24,1533.27,1533.24,1533.27,0.0,22.8,34882.62,1
2024-10-06,2024-10-06 13:20:00,1533.27,1533.29,1533.27,1533.29,0.0,22.8,34882.62,1
2024-10-06,2024-10-06 13:21:00,1533.29,1533.31,1533.29,1533.31,0.0,22.8,34882.62,1
2024-10-06,2024-10-06 13:22:00,1533.31,1533.34,1533.31,1533.34,0.0,22.8,34882.62,1
2024-10-06,2024-10-06 13:23:00,1533.34,1533.36,1533.34,1533.36,0.0,22.8,34882.62,1
2024-10-06,2024-10-06 13:24:00,1533.36,1533.38,1533.36,1533.38,0.0,22.8,34882.62,1
2024-10-06,2024-10-06 13:25:00,1533.38,1533.41,1533.38,1533.41,0.0,22.8,34882.62,1
2024-10-06,2024-10-06 13:26:00,1533.41,1533.43,1533.41,1533.43,0.0,22.8,34882.62,1
2024-10-06,2024-10-06 13:27:00,1533.43,1533.45,1533.43,1533.45,0.0,22.8,34882.62,1
2024-10-06,2024-10-06 13:28:00,1533.45,1533.48,1533.45,1533.48,0.0,22.8,34882.62,1
2024-10-06,2024-10-06 13:29:00,1533.48,1533.5,1533.48,1533.5,0.0,22.8,34882.62,1
2024-10-06,2024-10-06 13:30:00,1533.5,1533.52,1533.5,1533.52,0.0,22.8,34882.62,1
2024-10-06,2024-10-06 13:31:00,1533.52,1533.55,1533.52,1533.55,0.0,22.8,34882.62,1
2024-10-06,2024-10-06 13:32:00,1533.55,1533.57,1533.55,1533.57,0.0,22.8,34882.62,1
2024-10-06,2024-10-06 13:33:00,1533.57,1533.59,1533.57,1533.59,0.0,22.8,34882.62,1
2024-10-06,2024-10-06 13:34:00,1533.59,1533.62,1533.59,1533.62,0.0,22.8,34882.62,1
2024-10-06,2024-10-06 13:35:00,1533.62,1533.64,1533.62,1533.64,0.0,22.8,34882.62,1
2024-10-06,2024-10-06 13:36:00,1533.64,1533.66,1533.64,1533.66,0.0,22.8,34882.62,1
2024-10-06,2024-10-06 13:37:00,1533.66,1533.69,1533.66,1533.69,0.0,22.8,34882.62,1
2024-10-06,2024-10-06 13:38:00,1533.69,1533.71,1533.69,1533.71,0.0,22.8,34882.62,1
2024-10-06,2024-10-06 13:39:00,1533.71,1533.73,1533.71,1533.73,0.0,22.8,34882.62,1
2024-10-06,2024-10-06 13:40:00,1533.73,1533.76,1533.73,1533.76,0.0,22.8,34882.62,1
2024-10-06,2024-10-06 13:41:00,1533.76,1533.78,1533.76,1533.78,0.0,22.8,34882.62,1
2024-10-06,2024-10-06 13:42:00,1533.78,1533.8,1533.78,1533.8,0.0,22.8,34882.62,1
2024-10-06,2024-10-06 13:43:00,1533.8,1533.83,1533.8,1533.83,0.0,22.8,34882.62,1
2024-10-06,2024-10-06 13:44:00,1533.83,1533.85,1533.83,1533.85,0.0,22.8,34882.62,1
2024-10-06,2024-10-06 13:45:00,1533.85,1533.87,1533.85,1533.87,0.0,22.8,34882.62,1
2024-10-06,2024-10-06 13:46:00,1533.87,1533.9,1533.87,1533.9,0.0,22.8,34882.62,1
2024-10-06,2024-10-06 13:47:00,1533.9,1533.92,1533.9,1533.92,0.0,22.8,34882.62,1
2024-10-06,2024-10-06 13:48:00,1533.92,1533.94,1533.92,1533.94,0.0,22.8,34882.62,1
2024-10-06,2024-10-06 13:49:00,1533.94,1533.97,1533.94,1533.97,0.0,22.8,34882.62,1
2024-10-06,2024-10-06 13:50:00,1533.97,1533.99,1533.97,1533.99,0.0,22.8,34882.62,1
2024-10-06,2024-10-06 13:51:00,1533.99,1534.01,1533.99,1534.01,0.0,22.8,34882.62,1
2024-10-06,2024-10-06 13:52:00,1534.01,1534.04,1534.01,1534.04,0.0,22.8,34882.62,1
2024-10-06,2024-10-06 13:53:00,1534.04,1534.06,1534.04,1534.06,0.0,22.8,34882.62,1
2024-10-06,2024-10-06 13:54:00,1534.06,1534.08,1534.06,1534.08,0.0,22.8,34882.62,1
2024-10-06,2024-10-06 13:55:00,1534.08,1534.11,1534.08,1534.11,0.0,22.8,34882.62,1
2024-10-06,2024-10-06 13:56:00,1534.11,1534.13,1534.11,1534.13,0.0,22.8,34882.62,1
2024-10-06,2024-10-06 13:57:00,1534.13,1534.15,1534.13,1534.15,0.0,22.8,34882.62,1
2024-10-06,2024-10-06 13:58:00,1534.15,1534.18,1534.15,1534.18,0.0,22.8,34882.62,1
2024-10-06,2024-10-06 13:59:00,1534.18,1534.2,1534.18,1534.2,0.0,22.8,34882.62,1
2024-10-06,2024-10-06 14:00:00,1534.2,1534.22,1534.2,1534.22,0.0,22.8,34882.62,1
2024-10-06,2024-10-06 14:01:00,1534.22,1534.25,1534.22,1534.25,0.0,22.8,34882.62,1
2024-10-06,2024-10-06 14:02:00,1534.25,1534.27,1534.25,1534.27,0.0,22.8,34882.62,1
2024-10-06,2024-10-06 14:03:00,1534.27,1534.29,1534.27,1534.29,0.0,22.8,34882.62,1
2024-10-06,2024-10-06 14:04:00,1534.29,1534.32,1534.29,1534.32,0.0,22.8,34882.62,1
2024-10-06,2024-10-06 14:05:00,1534.32,1534.34,1534.32,1534.34,0.0,22.8,34882.62,1
2024-10-06,2024-10-06 14:06:00,1534.34,1534.36,1534.34,1534.36,0.0,22.8,34882.62,1
2024-10-06,2024-10-06 14:07:00,1534.36,1534.39,1534.36,1534.39,0.0,22.8,34882.62,1
2024-10-06,2024-10-06 14:08:00,1534.39,1534.41,1534.39,1534.41,0.0,22.8,34882.62,1
2024-10-06,2024-10-06 14:09:00,1534.41,1534.43,1534.41,1534.43,0.0,22.8,34882.62,1
2024-10-06,2024-10-06 14:10:00,1534.43,1534.46,1534.43,1534.46,0.0,22.8,34882.62,1
2024-10-06,2024-10-06 14:11:00,1534.46,1534.48,1534.46,1534.48,0.0,22.8,34882.62,1
2024-10-06,2024-10-06 14:12:00,1534.48,1534.5,1534.48,1534.5,0.0,22.8,34882.62,1
2024-10-06,2024-10-06 14:13:00,1534.5,1534.53,1534.5,1534.53,0.0,22.8,34882.62,1
2024-10-06,2024-10-06 14:14:00,1534.53,1534.55,1534.53,1534.55,0.0,22.8,34882.62,1
2024-10-06,2024-10-06 14:15:00,1534.55,1534.57,1534.55,1534.57,0.0,22.8,34882.62,1
2024-10-06,2024-10-06 14:16:00,1534.57,1534.6,1534.57,1534.6,0.0,22.8,34882.62,1
2024-10-06,2024-10-06 14:17:00,1534.6,1534.62,1534.6,1534.62,0.0,22.8,34882.62,1
2024-10-06,2024-10-06 14:18:00,1534.62,1534.64,1534.62,1534.64,0.0,22.8,34882.62,1
2024-10-06,2024-10-06 14:19:00,1534.64,1534.67,1534.64,1534.67,0.0,22.8,34882.62,1
2024-10-06,2024-10-06 14:20:00,1534.67,1534.69,1534.67,1534.69,0.0,22.8,34882.62,1
2024-10-06,2024-10-06 14:21:00,1534.69,1534.71,1534.69,1534.71,0.0,22.8,34882.62,1
2024-10-06,2024-10-06 14:22:00,1534.71,1534.74,1534.71,1534.74,0.0,22.8,34882.62,1
2024-10-06,2024-10-06 14:23:00,1534.74,1534.76,1534.74,1534.76,0.0,22.8,34882.62,1
2024-10-06,2024-10-06 14:24:00,1534.76,1534.78,1534.76,1534.78,0.0,22.8,34882.62,1
2024-10-06,2024-10-06 14:25:00,1534.78,1534.81,1534.78,1534.81,0.0,22.8,34882.62,1
2024-10-06,2024-10-06 14:26:00,1534.81,1534.83,1534.81,1534.83,0.0,22.8,34882.62,1
2024-10-06,2024-10-06 14:27:00,1534.83,1534.85,1534.83,1534.85,0.0,22.8,34882.62,1
2024-10-06,2024-10-06 14:28:00,1534.85,1534.88,1534.85,1534.88,0.0,22.8,34882.62,1
2024-10-06,2024-10-06 14:29:00,1534.88,1534.9,1534.88,1534.9,0.0,22.8,34882.62,1
2024-10-06,2024-10-06 14:30:00,1534.9,1534.92,1534.9,1534.92,0.0,22.8,34882.62,1
2024-10-06,2024-10-06 14:31:00,1534.92,1534.95,1534.92,1534.95,0.0,22.8,34882.62,1
2024-10-06,2024-10-06 14:32:00,1534.95,1534.97,1534.95,1534.97,0.0,22.8,34882.62,1
2024-10-06,2024-10-06 14:33:00,1534.97,1534.99,1534.97,1534.99,0.0,22.8,34882.62,1
2024-10-06,2024-10-06 14:34:00,1534.99,1535.02,1534.99,1535.02,0.0,22.8,34882.62,1
2024-10-06,2024-10-06 14:35:00,1535.02,1535.04,1535.02,1535.04,0.0,22.8,34882.62,1
2024-10-06,2024-10-06 14:36:00,1535.04,1535.06,1535.04,1535.06,0.0,22.8,34882.62,1
2024-10-06,2024-10-06 14:37:00,1535.06,1535.09,1535.06,1535.09,0.0,22.8,34882.62,1
2024-10-06,2024-10-06 14:38:00,1535.09,1535.11,1535.09,1535.11,0.0,22.8,34882.62,1
2024-10-06,2024-10-06 14:39:00,1535.11,1535.13,1535.11,1535.13,0.0,22.8,34882.62,1
2024-10-06,2024-10-06 14:40:00,1535.13,1535.16,1535.13,1535.16,0.0,22.8,34882.62,1
2024-10-06,2024-10-06 14:41:00,1535.16,1535.18,1535.16,1535.18,0.0,22.8,34882.62,1
2024-10-06,2024-10-06 14:42:00,1535.18,1535.2,1535.18,1535.2,0.0,22.8,34882.62,1
2024-10-06,2024-10-06 14:43:00,1535.2,1535.23,1535.2,1535.23,0.0,22.8,34882.62,1
2024-10-06,2024-10-06 14:44:00,1535.23,1535.25,1535.23,1535.25,0.0,22.8,34882.62,1
2024-10-06,2024-10-06 14:45:00,1535.25,1535.27,1535.25,1535.27,0.0,22.8,34882.62,1
2024-10-06,2024-10-06 14:46:00,1535.27,1535.3,1535.27,1535.3,0.0,22.8,34882.62,1
2024-10-06,2024-10-06 14:47:00,1535.3,1535.32,1535.3,1535.32,0.0,22.8,34882.62,1
2024-10-06,2024-10-06 14:48:00,1535.32,1535.34,1535.32,1535.34,0.0,22.8,34882.62,1
2024-10-06,2024-10-06 14:49:00,1535.34,1535.37,1535.34,1535.37,0.0,22.8,34882.62,1
2024-10-06,2024-10-06 14:50:00,1535.37,1535.39,1535.37,1535.39,0.0,22.8,34882.62,1
2024-10-06,2024-10-06 14:51:00,1535.39,1535.41,1535.39,1535.41,0.0,22.8,34882.62,1
2024-10-06,2024-10-06 14:52:00,1535.41,1535.44,1535.41,1535.44,0.0,22.8,34882.62,1
2024-10-06,2024-10-06 14:53:00,1535.44,1535.46,1535.44,1535.46,0.0,22.8,34882.62,1
2024-10-06,2024-10-06 14:54:00,1535.46,1535.48,1535.46,1535.48,0.0,22.8,34882.62,1
2024-10-06,2024-10-06 14:55:00,1535.48,1535.51,1535.48,1535.51,0.0,22.8,34882.62,1
2024-10-06,2024-10-06 14:56:00,1535.51,1535.53,1535.51,1535.53,0.0,22.8,34882.62,1
2024-10-06,2024-10-06 14:57:00,1535.53,1535.55,1535.53,1535.55,0.0,22.8,34882.62,1
2024-10-06,2024-10-06 14:58:00,1535.55,1535.58,1535.55,1535.58,0.0,22.8,34882.62,1
2024-10-06,2024-10-06 14:59:00,1535.58,1535.6,1535.58,1535.6,0.0,22.8,34882.62,1
2024-10-06,2024-10-06 15:00:00,1535.6,1559.9,1510.0,1535.6,0.0,22.8,34882.62,0
2024-10-07,2024-10-07 11:00:00,1559.8,1571.14,1546.51,1559.77,-0.0,18.95,29324.19,-1
2024-10-07,2024-10-07 11:01:00,1559.77,1559.77,1559.75,1559.75,-0.0,18.95,29324.19,-1
2024-10-07,2024-10-07 11:02:00,1559.75,1559.75,1559.72,1559.72,-0.0,18.95,29324.19,-1
2024-10-07,2024-10-07 11:03:00,1559.72,1559.72,1559.7,1559.7,-0.0,18.95,29324.19,-1
2024-10-07,2024-10-07 11:04:00,1559.7,1559.7,1559.67,1559.67,-0.0,18.95,29324.19,-1
2024-10-07,2024-10-07 11:05:00,1559.67,1559.67,1559.65,1559.65,-0.0,18.95,29324.19,-1
2024-10-07,2024-10-07 11:06:00,1559.65,1559.65,1559.62,1559.62,-0.0,18.95,29324.19,-1
2024-10-07,2024-10-07 11:07:00,1559.62,1559.62,1559.6,1559.6,-0.0,18.95,29324.19,-1
2024-10-07,2024-10-07 11:08:00,1559.6,1559.6,1559.57,1559.57,-0.0,18.95,29324.19,-1
2024-10-07,2024-10-07 11:09:00,1559.57,1559.57,1559.55,1559.55,-0.0,18.95,29324.19,-1
2024-10-07,2024-10-07 11:10:00,1559.55,1559.55,1559.52,1559.52,-0.0,18.95,29324.19,-1
2024-10-07,2024-10-07 11:11:00,1559.52,1559.52,1559.49,1559.49,-0.0,18.95,29324.19,-1
2024-10-07,2024-10-07 11:12:00,1559.49,1559.49,1559.47,1559.47,-0.0,18.95,29324.19,-1
2024-10-07,2024-10-07 11:13:00,1559.47,1559.47,1559.44,1559.44,-0.0,18.95,29324.19,-1
2024-10-07,2024-10-07 11:14:00,1559.44,1559.44,1559.42,1559.42,-0.0,18.95,29324.19,-1
2024-10-07,2024-10-07 11:15:00,1559.42,1559.42,1559.39,1559.39,-0.0,18.95,29324.19,-1
2024-10-07,2024-10-07 11:16:00,1559.39,1559.39,1559.37,1559.37,-0.0,18.95,29324.19,-1
2024-10-07,2024-10-07 11:17:00,1559.37,1559.37,1559.34,1559.34,-0.0,18.95,29324.19,-1
2024-10-07,2024-10-07 11:18:00,1559.34,1559.34,1559.32,1559.32,-0.0,18.95,29324.19,-1
2024-10-07,2024-10-07 11:19:00,1559.32,1559.32,1559.29,1559.29,-0.0,18.95,29324.19,-1
2024-10-07,2024-10-07 11:20:00,1559.29,1559.29,1559.27,1559.27,-0.0,18.95,29324.19,-1
2024-10-07,2024-10-07 11:21:00,1559.27,1559.27,1559.24,1559.24,-0.0,18.95,29324.19,-1
2024-10-07,2024-10-07 11:22:00,1559.24,1559.24,1559.22,1559.22,-0.0,18.95,29324.19,-1
2024-10-07,2024-10-07 11:23:00,1559.22,1559.22,1559.19,1559.19,-0.0,18.95,29324.19,-1
2024-10-07,2024-10-07 11:24:00,1559.19,1559.19,1559.16,1559.16,-0.0,18.95,29324.19,-1
2024-10-07,2024-10-07 11:25:00,1559.16,1559.16,1559.14,1559.14,-0.0,18.95,29324.19,-1
2024-10-07,2024-10-07 11:26:00,1559.14,1559.14,1559.11,1559.11,-0.0,18.95,29324.19,-1
2024-10-07,2024-10-07 11:27:00,1559.11,1559.11,1559.09,1559.09,-0.0,18.95,29324.19,-1
2024-10-07,2024-10-07 11:28:00,1559.09,1559.09,1559.06,1559.06,-0.0,18.95,29324.19,-1
2024-10-07,2024-10-07 11:29:00,1559.06,1559.06,1559.04,1559.04,-0.0,18.95,29324.19,-1
2024-10-07,2024-10-07 11:30:00,1559.04,1559.04,1559.01,1559.01,-0.0,18.95,29324.19,-1
2024-10-07,2024-10-07 11:31:00,1559.01,1559.01,1558.99,1558.99,-0.0,18.95,29324.19,-1
2024-10-07,2024-10-07 11:32:00,1558.99,1558.99,1558.96,1558.96,-0.0,18.95,29324.19,-1
2024-10-07,2024-10-07 11:33:00,1558.96,1558.96,1558.94,1558.94,-0.0,18.95,29324.19,-1
2024-10-07,2024-10-07 11:34:00,1558.94,1558.94,1558.91,1558.91,-0.0,18.95,29324.19,-1
2024-10-07,2024-10-07 11:35:00,1558.91,1558.91,1558.88,1558.88,-0.0,18.95,29324.19,-1
2024-10-07,2024-10-07 11:36:00,1558.88,1558.88,1558.86,1558.86,-0.0,18.95,29324.19,-1
2024-10-07,2024-10-07 11:37:00,1558.86,1558.86,1558.83,1558.83,-0.0,18.95,29324.19,-1
2024-10-07,2024-10-07 11:38:00,1558.83,1558.83,1558.81,1558.81,-0.0,18.95,29324.19,-1
2024-10-07,2024-10-07 11:39:00,1558.81,1558.81,1558.78,1558.78,-0.0,18.95,29324.19,-1
2024-10-07,2024-10-07 11:40:00,1558.78,1558.78,1558.76,1558.76,-0.0,18.95,29324.19,-1
2024-10-07,2024-10-07 11:41:00,1558.76,1558.76,1558.73,1558.73,-0.0,18.95,29324.19,-1
2024-10-07,2024-10-07 11:42:00,1558.73,1558.73,1558.71,1558.71,-0.0,18.95,29324.19,-1
2024-10-07,2024-10-07 11:43:00,1558.71,1558.71,1558.68,1558.68,-0.0,18.95,29324.19,-1
2024-10-07,2024-10-07 11:44:00,1558.68,1558.68,1558.66,1558.66,-0.0,18.95,29324.19,-1
2024-10-07,2024-10-07 11:45:00,1558.66,1558.66,1558.63,1558.63,-0.0,18.95,29324.19,-1
2024-10-07,2024-10-07 11:46:00,1558.63,1558.63,1558.61,1558.61,-0.0,18.95,29324.19,-1
2024-10-07,2024-10-07 11:47:00,1558.61,1558.61,1558.58,1558.58,-0.0,18.95,29324.19,-1
2024-10-07,2024-10-07 11:48:00,1558.58,1558.58,1558.55,1558.55,-0.0,18.95,29324.19,-1
2024-10-07,2024-10-07 11:49:00,1558.55,1558.55,1558.53,1558.53,-0.0,18.95,29324.19,-1
2024-10-07,2024-10-07 11:50:00,1558.53,1558.53,1558.5,1558.5,-0.0,18.95,29324.19,-1
2024-10-07,2024-10-07 11:51:00,1558.5,1558.5,1558.48,1558.48,-0.0,18.95,29324.19,-1
2024-10-07,2024-10-07 11:52:00,1558.48,1558.48,1558.45,1558.45,-0.0,18.95,29324.19,-1
2024-10-07,2024-10-07 11:53:00,1558.45,1558.45,1558.43,1558.43,-0.0,18.95,29324.19,-1
2024-10-07,2024-10-07 11:54:00,1558.43,1558.43,1558.4,1558.4,-0.0,18.95,29324.19,-1
2024-10-07,2024-10-07 11:55:00,1558.4,1558.4,1558.38,1558.38,-0.0,18.95,29324.19,-1
2024-10-07,2024-10-07 11:56:00,1558.38,1558.38,1558.35,1558.35,-0.0,18.95,29324.19,-1
2024-10-07,2024-10-07 11:57:00,1558.35,1558.35,1558.33,1558.33,-0.0,18.95,29324.19,-1
2024-10-07,2024-10-07 11:58:00,1558.33,1558.33,1558.3,1558.3,-0.0,18.95,29324.19,-1
2024-10-07,2024-10-07 11:59:00,1558.3,1558.3,1558.28,1558.28,-0.0,18.95,29324.19,-1
2024-10-07,2024-10-07 12:00:00,1558.28,1558.28,1558.25,1558.25,-0.0,18.95,29324.19,-1
2024-10-07,2024-10-07 12:01:00,1558.25,1558.25,1558.22,1558.22,-0.0,18.95,29324.19,-1
2024-10-07,2024-10-07 12:02:00,1558.22,1558.22,1558.2,1558.2,-0.0,18.95,29324.19,-1
2024-10-07,2024-10-07 12:03:00,1558.2,1558.2,1558.17,1558.17,-0.0,18.95,29324.19,-1
2024-10-07,2024-10-07 12:04:00,1558.17,1558.17,1558.15,1558.15,-0.0,18.95,29324.19,-1
2024-10-07,2024-10-07 12:05:00,1558.15,1558.15,1558.12,1558.12,-0.0,18.95,29324.19,-1
2024-10-07,2024-10-07 12:06:00,1558.12,1558.12,1558.1,1558.1,-0.0,18.95,29324.19,-1
2024-10-07,2024-10-07 12:07:00,1558.1,1558.1,1558.07,1558.07,-0.0,18.95,29324.19,-1
2024-10-07,2024-10-07 12:08:00,1558.07,1558.07,1558.05,1558.05,-0.0,18.95,29324.19,-1
2024-10-07,2024-10-07 12:09:00,1558.05,1558.05,1558.02,1558.02,-0.0,18.95,29324.19,-1
2024-10-07,2024-10-07 12:10:00,1558.02,1558.02,1558.0,1558.0,-0.0,18.95,29324.19,-1
2024-10-07,2024-10-07 12:11:00,1558.0,1558.0,1557.97,1557.97,-0.0,18.95,29324.19,-1
2024-10-07,2024-10-07 12:12:00,1557.97,1557.97,1557.94,1557.94,-0.0,18.95,29324.19,-1
2024-10-07,2024-10-07 12:13:00,1557.94,1557.94,1557.92,1557.92,-0.0,18.95,29324.19,-1
2024-10-07,2024-10-07 12:14:00,1557.92,1557.92,1557.89,1557.89,-0.0,18.95,29324.19,-1
2024-10-07,2024-10-07 12:15:00,1557.89,1557.89,1557.87,1557.87,-0.0,18.95,29324.19,-1
2024-10-07,2024-10-07 12:16:00,1557.87,1557.87,1557.84,1557.84,-0.0,18.95,29324.19,-1
2024-10-07,2024-10-07 12:17:00,1557.84,1557.84,1557.82,1557.82,-0.0,18.95,29324.19,-1
2024-10-07,2024-10-07 12:18:00,1557.82,1557.82,1557.79,1557.79,-0.0,18.95,29324.19,-1
2024-10-07,2024-10-07 12:19:00,1557.79,1557.79,1557.77,1557.77,-0.0,18.95,29324.19,-1
2024-10-07,2024-10-07 12:20:00,1557.77,1557.77,1557.74,1557.74,-0.0,18.95,29324.19,-1
2024-10-07,2024-10-07 12:21:00,1557.74,1557.74,1557.72,1557.72,-0.0,18.95,29324.19,-1
2024-10-07,2024-10-07 12:22:00,1557.72,1557.72,1557.69,1557.69,-0.0,18.95,29324.19,-1
2024-10-07,2024-10-07 12:23:00,1557.69,1557.69,1557.66,1557.66,-0.0,18.95,29324.19,-1
2024-10-07,2024-10-07 12:24:00,1557.66,1557.66,1557.64,1557.64,-0.0,18.95,29324.19,-1
2024-10-07,2024-10-07 12:25:00,1557.64,1557.64,1557.61,1557.61,-0.0,18.95,29324.19,-1
2024-10-07,2024-10-07 12:26:00,1557.61,1557.61,1557.59,1557.59,-0.0,18.95,29324.19,-1
2024-10-07,2024-10-07 12:27:00,1557.59,1557.59,1557.56,1557.56,-0.0,18.95,29324.19,-1
2024-10-07,2024-10-07 12:28:00,1557.56,1557.56,1557.54,1557.54,-0.0,18.95,29324.19,-1
2024-10-07,2024-10-07 12:29:00,1557.54,1557.54,1557.51,1557.51,-0.0,18.95,29324.19,-1
2024-10-07,2024-10-07 12:30:00,1557.51,1557.51,1557.49,1557.49,-0.0,18.95,29324.19,-1
2024-10-07,2024-10-07 12:31:00,1557.49,1557.49,1557.46,1557.46,-0.0,18.95,29324.19,-1
2024-10-07,2024-10-07 12:32:00,1557.46,1557.46,1557.44,1557.44,-0.0,18.95,29324.19,-1
2024-10-07,2024-10-07 12:33:00,1557.44,1557.44,1557.41,1557.41,-0.0,18.95,29324.19,-1
2024-10-07,2024-10-07 12:34:00,1557.41,1557.41,1557.39,1557.39,-0.0,18.95,29324.19,-1
2024-10-07,2024-10-07 12:35:00,1557.39,1557.39,1557.36,1557.36,-0.0,18.95,29324.19,-1
2024-10-07,2024-10-07 12:36:00,1557.36,1557.36,1557.33,1557.33,-0.0,18.95,29324.19,-1
2024-10-07,2024-10-07 12:37:00,1557.33,1557.33,1557.31,1557.31,-0.0,18.95,29324.19,-1
2024-10-07,2024-10-07 12:38:00,1557.31,1557.31,1557.28,1557.28,-0.0,18.95,29324.19,-1
2024-10-07,2024-10-07 12:39:00,1557.28,1557.28,1557.26,1557.26,-0.0,18.95,29324.19,-1
2024-10-07,2024-10-07 12:40:00,1557.26,1557.26,1557.23,1557.23,-0.0,18.95,29324.19,-1
2024-10-07,2024-10-07 12:41:00,1557.23,1557.23,1557.21,1557.21,-0.0,18.95,29324.19,-1
2024-10-07,2024-10-07 12:42:00,1557.21,1557.21,1557.18,1557.18,-0.0,18.95,29324.19,-1
2024-10-07,2024-10-07 12:43:00,1557.18,1557.18,1557.16,1557.16,-0.0,18.95,29324.19,-1
2024-10-07,2024-10-07 12:44:00,1557.16,1557.16,1557.13,1557.13,-0.0,18.95,29324.19,-1
2024-10-07,2024-10-07 12:45:00,1557.13,1557.13,1557.11,1557.11,-0.0,18.95,29324.19,-1
2024-10-07,2024-10-07 12:46:00,1557.11,1557.11,1557.08,1557.08,-0.0,18.95,29324.19,-1
2024-10-07,2024-10-07 12:47:00,1557.08,1557.08,1557.06,1557.06,-0.0,18.95,29324.19,-1
2024-10-07,2024-10-07 12:48:00,1557.06,1557.06,1557.03,1557.03,-0.0,18.95,29324.19,-1
2024-10-07,2024-10-07 12:49:00,1557.03,1557.03,1557.0,1557.0,-0.0,18.95,29324.19,-1
2024-10-07,2024-10-07 12:50:00,1557.0,1557.0,1556.98,1556.98,-0.0,18.95,29324.19,-1
2024-10-07,2024-10-07 12:51:00,1556.98,1556.98,1556.95,1556.95,-0.0,18.95,29324.19,-1
2024-10-07,2024-10-07 12:52:00,1556.95,1556.95,1556.93,1556.93,-0.0,18.95,29324.19,-1
2024-10-07,2024-10-07 12:53:00,1556.93,1556.93,1556.9,1556.9,-0.0,18.95,29324.19,-1
2024-10-07,2024-10-07 12:54:00,1556.9,1556.9,1556.88,1556.88,-0.0,18.95,29324.19,-1
2024-10-07,2024-10-07 12:55:00,1556.88,1556.88,1556.85,1556.85,-0.0,18.95,29324.19,-1
2024-10-07,2024-10-07 12:56:00,1556.85,1556.85,1556.83,1556.83,-0.0,18.95,29324.19,-1
2024-10-07,2024-10-07 12:57:00,1556.83,1556.83,1556.8,1556.8,-0.0,18.95,29324.19,-1
2024-10-07,2024-10-07 12:58:00,1556.8,1556.8,1556.78,1556.78,-0.0,18.95,29324.19,-1
2024-10-07,2024-10-07 12:59:00,1556.78,1556.78,1556.75,1556.75,-0.0,18.95,29324.19,-1
2024-10-07,2024-10-07 13:00:00,1556.75,1597.6,1515.5,1556.72,-0.0,18.95,29324.19,-1
2024-10-07,2024-10-07 13:01:00,1556.72,1556.72,1556.7,1556.7,-0.0,18.95,29324.19,-1
2024-10-07,2024-10-07 13:02:00,1556.7,1556.7,1556.67,1556.67,-0.0,18.95,29324.19,-1
2024-10-07,2024-10-07 13:03:00,1556.67,1556.67,1556.65,1556.65,-0.0,18.95,29324.19,-1
2024-10-07,2024-10-07 13:04:00,1556.65,1556.65,1556.62,1556.62,-0.0,18.95,29324.19,-1
2024-10-07,2024-10-07 13:05:00,1556.62,1556.62,1556.6,1556.6,-0.0,18.95,29324.19,-1
2024-10-07,2024-10-07 13:06:00,1556.6,1556.6,1556.57,1556.57,-0.0,18.95,29324.19,-1
2024-10-07,2024-10-07 13:07:00,1556.57,1556.57,1556.55,1556.55,-0.0,18.95,29324.19,-1
2024-10-07,2024-10-07 13:08:00,1556.55,1556.55,1556.52,1556.52,-0.0,18.95,29324.19,-1
2024-10-07,2024-10-07 13:09:00,1556.52,1556.52,1556.5,1556.5,-0.0,18.95,29324.19,-1
2024-10-07,2024-10-07 13:10:00,1556.5,1556.5,1556.47,1556.47,-0.0,18.95,29324.19,-1
2024-10-07,2024-10-07 13:11:00,1556.47,1556.47,1556.44,1556.44,-0.0,18.95,29324.19,-1
2024-10-07,2024-10-07 13:12:00,1556.44,1556.44,1556.42,1556.42,-0.0,18.95,29324.19,-1
2024-10-07,2024-10-07 13:13:00,1556.42,1556.42,1556.39,1556.39,-0.0,18.95,29324.19,-1
2024-10-07,2024-10-07 13:14:00,1556.39,1556.39,1556.37,1556.37,-0.0,18.95,29324.19,-1
2024-10-07,2024-10-07 13:15:00,1556.37,1556.37,1556.34,1556.34,-0.0,18.95,29324.19,-1
2024-10-07,2024-10-07 13:16:00,1556.34,1556.34,1556.32,1556.32,-0.0,18.95,29324.19,-1
2024-10-07,2024-10-07 13:17:00,1556.32,1556.32,1556.29,1556.29,-0.0,18.95,29324.19,-1
2024-10-07,2024-10-07 13:18:00,1556.29,1556.29,1556.27,1556.27,-0.0,18.95,29324.19,-1
2024-10-07,2024-10-07 13:19:00,1556.27,1556.27,1556.24,1556.24,-0.0,18.95,29324.19,-1
2024-10-07,2024-10-07 13:20:00,1556.24,1556.24,1556.22,1556.22,-0.0,18.95,29324.19,-1
2024-10-07,2024-10-07 13:21:00,1556.22,1556.22,1556.19,1556.19,-0.0,18.95,29324.19,-1
2024-10-07,2024-10-07 13:22:00,1556.19,1556.19,1556.17,1556.17,-0.0,18.95,29324.19,-1
2024-10-07,2024-10-07 13:23:00,1556.17,1556.17,1556.14,1556.14,-0.0,18.95,29324.19,-1
2024-10-07,2024-10-07 13:24:00,1556.14,1556.14,1556.11,1556.11,-0.0,18.95,29324.19,-1
2024-10-07,2024-10-07 13:25:00,1556.11,1556.11,1556.09,1556.09,-0.0,18.95,29324.19,-1
2024-10-07,2024-10-07 13:26:00,1556.09,1556.09,1556.06,1556.06,-0.0,18.95,29324.19,-1
2024-10-07,2024-10-07 13:27:00,1556.06,1556.06,1556.04,1556.04,-0.0,18.95,29324.19,-1
2024-10-07,2024-10-07 13:28:00,1556.04,1556.04,1556.01,1556.01,-0.0,18.95,29324.19,-1
2024-10-07,2024-10-07 13:29:00,1556.01,1556.01,1555.99,1555.99,-0.0,18.95,29324.19,-1
2024-10-07,2024-10-07 13:30:00,1555.99,1555.99,1555.96,1555.96,-0.0,18.95,29324.19,-1
2024-10-07,2024-10-07 13:31:00,1555.96,1555.96,1555.94,1555.94,-0.0,18.95,29324.19,-1
2024-10-07,2024-10-07 13:32:00,1555.94,1555.94,1555.91,1555.91,-0.0,18.95,29324.19,-1
2024-10-07,2024-10-07 13:33:00,1555.91,1555.91,1555.89,1555.89,-0.0,18.95,29324.19,-1
2024-10-07,2024-10-07 13:34:00,1555.89,1555.89,1555.86,1555.86,-0.0,18.95,29324.19,-1
2024-10-07,2024-10-07 13:35:00,1555.86,1555.86,1555.84,1555.84,-0.0,18.95,29324.19,-1
2024-10-07,2024-10-07 13:36:00,1555.84,1555.84,1555.81,1555.81,-0.0,18.95,29324.19,-1
2024-10-07,2024-10-07 13:37:00,1555.81,1555.81,1555.78,1555.78,-0.0,18.95,29324.19,-1
2024-10-07,2024-10-07 13:38:00,1555.78,1555.78,1555.76,1555.76,-0.0,18.95,29324.19,-1
2024-10-07,2024-10-07 13:39:00,1555.76,1555.76,1555.73,1555.73,-0.0,18.95,29324.19,-1
2024-10-07,2024-10-07 13:40:00,1555.73,1555.73,1555.71,1555.71,-0.0,18.95,29324.19,-1
2024-10-07,2024-10-07 13:41:00,1555.71,1555.71,1555.68,1555.68,-0.0,18.95,29324.19,-1
2024-10-07,2024-10-07 13:42:00,1555.68,1555.68,1555.66,1555.66,-0.0,18.95,29324.19,-1
2024-10-07,2024-10-07 13:43:00,1555.66,1555.66,1555.63,1555.63,-0.0,18.95,29324.19,-1
2024-10-07,2024-10-07 13:44:00,1555.63,1555.63,1555.61,1555.61,-0.0,18.95,29324.19,-1
2024-10-07,2024-10-07 13:45:00,1555.61,1555.61,1555.58,1555.58,-0.0,18.95,29324.19,-1
2024-10-07,2024-10-07 13:46:00,1555.58,1555.58,1555.56,1555.56,-0.0,18.95,29324.19,-1
2024-10-07,2024-10-07 13:47:00,1555.56,1555.56,1555.53,1555.53,-0.0,18.95,29324.19,-1
2024-10-07,2024-10-07 13:48:00,1555.53,1555.53,1555.5,1555.5,-0.0,18.95,29324.19,-1
2024-10-07,2024-10-07 13:49:00,1555.5,1555.5,1555.48,1555.48,-0.0,18.95,29324.19,-1
2024-10-07,2024-10-07 13:50:00,1555.48,1555.48,1555.45,1555.45,-0.0,18.95,29324.19,-1
2024-10-07,2024-10-07 13:51:00,1555.45,1555.45,1555.43,1555.43,-0.0,18.95,29324.19,-1
2024-10-07,2024-10-07 13:52:00,1555.43,1555.43,1555.4,1555.4,-0.0,18.95,29324.19,-1
2024-10-07,2024-10-07 13:53:00,1555.4,1555.4,1555.38,1555.38,-0.0,18.95,29324.19,-1
2024-10-07,2024-10-07 13:54:00,1555.38,1555.38,1555.35,1555.35,-0.0,18.95,29324.19,-1
2024-10-07,2024-10-07 13:55:00,1555.35,1555.35,1555.33,1555.33,-0.0,18.95,29324.19,-1
2024-10-07,2024-10-07 13:56:00,1555.33,1555.33,1555.3,1555.3,-0.0,18.95,29324.19,-1
2024-10-07,2024-10-07 13:57:00,1555.3,1555.3,1555.28,1555.28,-0.0,18.95,29324.19,-1
2024-10-07,2024-10-07 13:58:00,1555.28,1555.28,1555.25,1555.25,-0.0,18.95,29324.19,-1
2024-10-07,2024-10-07 13:59:00,1555.25,1555.25,1555.22,1555.22,-0.0,18.95,29324.19,-1
2024-10-07,2024-10-07 14:00:00,1555.22,1555.22,1555.2,1555.2,-0.0,18.95,29324.19,-1
2024-10-07,2024-10-07 14:01:00,1555.2,1555.2,1555.17,1555.17,-0.0,18.95,29324.19,-1
2024-10-07,2024-10-07 14:02:00,1555.17,1555.17,1555.15,1555.15,-0.0,18.95,29324.19,-1
2024-10-07,2024-10-07 14:03:00,1555.15,1555.15,1555.12,1555.12,-0.0,18.95,29324.19,-1
2024-10-07,2024-10-07 14:04:00,1555.12,1555.12,1555.1,1555.1,-0.0,18.95,29324.19,-1
2024-10-07,2024-10-07 14:05:00,1555.1,1555.1,1555.07,1555.07,-0.0,18.95,29324.19,-1
2024-10-07,2024-10-07 14:06:00,1555.07,1555.07,1555.05,1555.05,-0.0,18.95,29324.19,-1
2024-10-07,2024-10-07 14:07:00,1555.05,1555.05,1555.02,1555.02,-0.0,18.95,29324.19,-1
2024-10-07,2024-10-07 14:08:00,1555.02,1555.02,1555.0,1555.0,-0.0,18.95,29324.19,-1
2024-10-07,2024-10-07 14:09:00,1555.0,1555.0,1554.97,1554.97,-0.0,18.95,29324.19,-1
2024-10-07,2024-10-07 14:10:00,1554.97,1554.97,1554.95,1554.95,-0.0,18.95,29324.19,-1
2024-10-07,2024-10-07 14:11:00,1554.95,1554.95,1554.92,1554.92,-0.0,18.95,29324.19,-1
2024-10-07,2024-10-07 14:12:00,1554.92,1554.92,1554.89,1554.89,-0.0,18.95,29324.19,-1
2024-10-07,2024-10-07 14:13:00,1554.89,1554.89,1554.87,1554.87,-0.0,18.95,29324.19,-1
2024-10-07,2024-10-07 14:14:00,1554.87,1554.87,1554.84,1554.84,-0.0,18.95,29324.19,-1
2024-10-07,2024-10-07 14:15:00,1554.84,1554.84,1554.82,1554.82,-0.0,18.95,29324.19,-1
2024-10-07,2024-10-07 14:16:00,1554.82,1554.82,1554.79,1554.79,-0.0,18.95,29324.19,-1
2024-10-07,2024-10-07 14:17:00,1554.79,1554.79,1554.77,1554.77,-0.0,18.95,29324.19,-1
2024-10-07,2024-10-07 14:18:00,1554.77,1554.77,1554.74,1554.74,-0.0,18.95,29324.19,-1
2024-10-07,2024-10-07 14:19:00,1554.74,1554.74,1554.72,1554.72,-0.0,18.95,29324.19,-1
2024-10-07,2024-10-07 14:20:00,1554.72,1554.72,1554.69,1554.69,-0.0,18.95,29324.19,-1
2024-10-07,2024-10-07 14:21:00,1554.69,1554.69,1554.67,1554.67,-0.0,18.95,29324.19,-1
2024-10-07,2024-10-07 14:22:00,1554.67,1554.67,1554.64,1554.64,-0.0,18.95,29324.19,-1
2024-10-07,2024-10-07 14:23:00,1554.64,1554.64,1554.62,1554.62,-0.0,18.95,29324.19,-1
2024-10-07,2024-10-07 14:24:00,1554.62,1554.62,1554.59,1554.59,-0.0,18.95,29324.19,-1
2024-10-07,2024-10-07 14:25:00,1554.59,1554.59,1554.56,1554.56,-0.0,18.95,29324.19,-1
2024-10-07,2024-10-07 14:26:00,1554.56,1554.56,1554.54,1554.54,-0.0,18.95,29324.19,-1
2024-10-07,2024-10-07 14:27:00,1554.54,1554.54,1554.51,1554.51,-0.0,18.95,29324.19,-1
2024-10-07,2024-10-07 14:28:00,1554.51,1554.51,1554.49,1554.49,-0.0,18.95,29324.19,-1
2024-10-07,2024-10-07 14:29:00,1554.49,1554.49,1554.46,1554.46,-0.0,18.95,29324.19,-1
2024-10-07,2024-10-07 14:30:00,1554.46,1554.46,1554.44,1554.44,-0.0,18.95,29324.19,-1
2024-10-07,2024-10-07 14:31:00,1554.44,1554.44,1554.41,1554.41,-0.0,18.95,29324.19,-1
2024-10-07,2024-10-07 14:32:00,1554.41,1554.41,1554.39,1554.39,-0.0,18.95,29324.19,-1
2024-10-07,2024-10-07 14:33:00,1554.39,1554.39,1554.36,1554.36,-0.0,18.95,29324.19,-1
2024-10-07,2024-10-07 14:34:00,1554.36,1554.36,1554.34,1554.34,-0.0,18.95,29324.19,-1
2024-10-07,2024-10-07 14:35:00,1554.34,1554.34,1554.31,1554.31,-0.0,18.95,29324.19,-1
2024-10-07,2024-10-07 14:36:00,1554.31,1554.31,1554.28,1554.28,-0.0,18.95,29324.19,-1
2024-10-07,2024-10-07 14:37:00,1554.28,1554.28,1554.26,1554.26,-0.0,18.95,29324.19,-1
2024-10-07,2024-10-07 14:38:00,1554.26,1554.26,1554.23,1554.23,-0.0,18.95,29324.19,-1
2024-10-07,2024-10-07 14:39:00,1554.23,1554.23,1554.21,1554.21,-0.0,18.95,29324.19,-1
2024-10-07,2024-10-07 14:40:00,1554.21,1554.21,1554.18,1554.18,-0.0,18.95,29324.19,-1
2024-10-07,2024-10-07 14:41:00,1554.18,1554.18,1554.16,1554.16,-0.0,18.95,29324.19,-1
2024-10-07,2024-10-07 14:42:00,1554.16,1554.16,1554.13,1554.13,-0.0,18.95,29324.19,-1
2024-10-07,2024-10-07 14:43:00,1554.13,1554.13,1554.11,1554.11,-0.0,18.95,29324.19,-1
2024-10-07,2024-10-07 14:44:00,1554.11,1554.11,1554.08,1554.08,-0.0,18.95,29324.19,-1
2024-10-07,2024-10-07 14:45:00,1554.08,1554.08,1554.06,1554.06,-0.0,18.95,29324.19,-1
2024-10-07,2024-10-07 14:46:00,1554.06,1554.06,1554.03,1554.03,-0.0,18.95,29324.19,-1
2024-10-07,2024-10-07 14:47:00,1554.03,1554.03,1554.01,1554.01,-0.0,18.95,29324.19,-1
2024-10-07,2024-10-07 14:48:00,1554.01,1554.01,1553.98,1553.98,-0.0,18.95,29324.19,-1
2024-10-07,2024-10-07 14:49:00,1553.98,1553.98,1553.95,1553.95,-0.0,18.95,29324.19,-1
2024-10-07,2024-10-07 14:50:00,1553.95,1553.95,1553.93,1553.93,-0.0,18.95,29324.19,-1
2024-10-07,2024-10-07 14:51:00,1553.93,1553.93,1553.9,1553.9,-0.0,18.95,29324.19,-1
2024-10-07,2024-10-07 14:52:00,1553.9,1553.9,1553.88,1553.88,-0.0,18.95,29324.19,-1
2024-10-07,2024-10-07 14:53:00,1553.88,1553.88,1553.85,1553.85,-0.0,18.95,29324.19,-1
2024-10-07,2024-10-07 14:54:00,1553.85,1553.85,1553.83,1553.83,-0.0,18.95,29324.19,-1
2024-10-07,2024-10-07 14:55:00,1553.83,1553.83,1553.8,1553.8,-0.0,18.95,29324.19,-1
2024-10-07,2024-10-07 14:56:00,1553.8,1553.8,1553.78,1553.78,-0.0,18.95,29324.19,-1
2024-10-07,2024-10-07 14:57:00,1553.78,1553.78,1553.75,1553.75,-0.0,18.95,29324.19,-1
2024-10-07,2024-10-07 14:58:00,1553.75,1553.75,1553.73,1553.73,-0.0,18.95,29324.19,-1
2024-10-07,2024-10-07 14:59:00,1553.73,1553.73,1553.7,1553.7,-0.0,18.95,29324.19,-1
2024-10-07,2024-10-07 15:00:00,1553.7,1597.6,1515.5,1553.7,0.0,18.95,29324.19,0
2024-10-08,2024-10-08 11:00:00,1523.0,1531.85,1519.43,1523.06,0.0,17.94,27253.92,1
2024-10-08,2024-10-08 11:01:00,1523.06,1523.12,1523.06,1523.12,0.0,17.94,27253.92,1
2024-10-08,2024-10-08 11:02:00,1523.12,1523.19,1523.12,1523.19,0.0,17.94,27253.92,1
2024-10-08,2024-10-08 11:03:00,1523.19,1523.25,1523.19,1523.25,0.0,17.94,27253.92,1
2024-10-08,2024-10-08 11:04:00,1523.25,1523.31,1523.25,1523.31,0.0,17.94,27253.92,1
2024-10-08,2024-10-08 11:05:00,1523.31,1523.37,1523.31,1523.37,0.0,17.94,27253.92,1
2024-10-08,2024-10-08 11:06:00,1523.37,1523.43,1523.37,1523.43,0.0,17.94,27253.92,1
2024-10-08,2024-10-08 11:07:00,1523.43,1523.5,1523.43,1523.5,0.0,17.94,27253.92,1
2024-10-08,2024-10-08 11:08:00,1523.5,1523.56,1523.5,1523.56,0.0,17.94,27253.92,1
2024-10-08,2024-10-08 11:09:00,1523.56,1523.62,1523.56,1523.62,0.0,17.94,27253.92,1
2024-10-08,2024-10-08 11:10:00,1523.62,1523.68,1523.62,1523.68,0.0,17.94,27253.92,1
2024-10-08,2024-10-08 11:11:00,1523.68,1523.74,1523.68,1523.74,0.0,17.94,27253.92,1
2024-10-08,2024-10-08 11:12:00,1523.74,1523.81,1523.74,1523.81,0.0,17.94,27253.92,1
2024-10-08,2024-10-08 11:13:00,1523.81,1523.87,1523.81,1523.87,0.0,17.94,27253.92,1
2024-10-08,2024-10-08 11:14:00,1523.87,1523.93,1523.87,1523.93,0.0,17.94,27253.92,1
2024-10-08,2024-10-08 11:15:00,1523.93,1523.99,1523.93,1523.99,0.0,17.94,27253.92,1
2024-10-08,2024-10-08 11:16:00,1523.99,1524.06,1523.99,1524.06,0.0,17.94,27253.92,1
2024-10-08,2024-10-08 11:17:00,1524.06,1524.12,1524.06,1524.12,0.0,17.94,27253.92,1
2024-10-08,2024-10-08 11:18:00,1524.12,1524.18,1524.12,1524.18,0.0,17.94,27253.92,1
2024-10-08,2024-10-08 11:19:00,1524.18,1524.24,1524.18,1524.24,0.0,17.94,27253.92,1
2024-10-08,2024-10-08 11:20:00,1524.24,1524.3,1524.24,1524.3,0.0,17.94,27253.92,1
2024-10-08,2024-10-08 11:21:00,1524.3,1524.37,1524.3,1524.37,0.0,17.94,27253.92,1
2024-10-08,2024-10-08 11:22:00,1524.37,1524.43,1524.37,1524.43,0.0,17.94,27253.92,1
2024-10-08,2024-10-08 11:23:00,1524.43,1524.49,1524.43,1524.49,0.0,17.94,27253.92,1
2024-10-08,2024-10-08 11:24:00,1524.49,1524.55,1524.49,1524.55,0.0,17.94,27253.92,1
2024-10-08,2024-10-08 11:25:00,1524.55,1524.61,1524.55,1524.61,0.0,17.94,27253.92,1
2024-10-08,2024-10-08 11:26:00,1524.61,1524.68,1524.61,1524.68,0.0,17.94,27253.92,1
2024-10-08,2024-10-08 11:27:00,1524.68,1524.74,1524.68,1524.74,0.0,17.94,27253.92,1
2024-10-08,2024-10-08 11:28:00,1524.74,1524.8,1524.74,1524.8,0.0,17.94,27253.92,1
2024-10-08,2024-10-08 11:29:00,1524.8,1524.86,1524.8,1524.86,0.0,17.94,27253.92,1
2024-10-08,2024-10-08 11:30:00,1524.86,1524.92,1524.86,1524.92,0.0,17.94,27253.92,1
2024-10-08,2024-10-08 11:31:00,1524.92,1524.99,1524.92,1524.99,0.0,17.94,27253.92,1
2024-10-08,2024-10-08 11:32:00,1524.99,1525.05,1524.99,1525.05,0.0,17.94,27253.92,1
2024-10-08,2024-10-08 11:33:00,1525.05,1525.11,1525.05,1525.11,0.0,17.94,27253.92,1
2024-10-08,2024-10-08 11:34:00,1525.11,1525.17,1525.11,1525.17,0.0,17.94,27253.92,1
2024-10-08,2024-10-08 11:35:00,1525.17,1525.24,1525.17,1525.24,0.0,17.94,27253.92,1
2024-10-08,2024-10-08 11:36:00,1525.24,1525.3,1525.24,1525.3,0.0,17.94,27253.92,1
2024-10-08,2024-10-08 11:37:00,1525.3,1525.36,1525.3,1525.36,0.0,17.94,27253.92,1
2024-10-08,2024-10-08 11:38:00,1525.36,1525.42,1525.36,1525.42,0.0,17.94,27253.92,1
2024-10-08,2024-10-08 11:39:00,1525.42,1525.48,1525.42,1525.48,0.0,17.94,27253.92,1
2024-10-08,2024-10-08 11:40:00,1525.48,1525.55,1525.48,1525.55,0.0,17.94,27253.92,1
2024-10-08,2024-10-08 11:41:00,1525.55,1525.61,1525.55,1525.61,0.0,17.94,27253.92,1
2024-10-08,2024-10-08 11:42:00,1525.61,1525.67,1525.61,1525.67,0.0,17.94,27253.92,1
2024-10-08,2024-10-08 11:43:00,1525.67,1525.73,1525.67,1525.73,0.0,17.94,27253.92,1
2024-10-08,2024-10-08 11:44:00,1525.73,1525.79,1525.73,1525.79,0.0,17.94,27253.92,1
2024-10-08,2024-10-08 11:45:00,1525.79,1525.86,1525.79,1525.86,0.0,17.94,27253.92,1
2024-10-08,2024-10-08 11:46:00,1525.86,1525.92,1525.86,1525.92,0.0,17.94,27253.92,1
2024-10-08,2024-10-08 11:47:00,1525.92,1525.98,1525.92,1525.98,0.0,17.94,27253.92,1
2024-10-08,2024-10-08 11:48:00,1525.98,1526.04,1525.98,1526.04,0.0,17.94,27253.92,1
2024-10-08,2024-10-08 11:49:00,1526.04,1526.1,1526.04,1526.1,0.0,17.94,27253.92,1
2024-10-08,2024-10-08 11:50:00,1526.1,1526.17,1526.1,1526.17,0.0,17.94,27253.92,1
2024-10-08,2024-10-08 11:51:00,1526.17,1526.23,1526.17,1526.23,0.0,17.94,27253.92,1
2024-10-08,2024-10-08 11:52:00,1526.23,1526.29,1526.23,1526.29,0.0,17.94,27253.92,1
2024-10-08,2024-10-08 11:53:00,1526.29,1526.35,1526.29,1526.35,0.0,17.94,27253.92,1
2024-10-08,2024-10-08 11:54:00,1526.35,1526.41,1526.35,1526.41,0.0,17.94,27253.92,1
2024-10-08,2024-10-08 11:55:00,1526.41,1526.48,1526.41,1526.48,0.0,17.94,27253.92,1
2024-10-08,2024-10-08 11:56:00,1526.48,1526.54,1526.48,1526.54,0.0,17.94,27253.92,1
2024-10-08,2024-10-08 11:57:00,1526.54,1526.6,1526.54,1526.6,0.0,17.94,27253.92,1
2024-10-08,2024-10-08 11:58:00,1526.6,1526.66,1526.6,1526.66,0.0,17.94,27253.92,1
2024-10-08,2024-10-08 11:59:00,1526.66,1526.72,1526.66,1526.72,0.0,17.94,27253.92,1
2024-10-08,2024-10-08 12:00:00,1526.72,1526.79,1526.72,1526.79,0.0,17.94,27253.92,1
2024-10-08,2024-10-08 12:01:00,1526.79,1526.85,1526.79,1526.85,0.0,17.94,27253.92,1
2024-10-08,2024-10-08 12:02:00,1526.85,1526.91,1526.85,1526.91,0.0,17.94,27253.92,1
2024-10-08,2024-10-08 12:03:00,1526.91,1526.97,1526.91,1526.97,0.0,17.94,27253.92,1
2024-10-08,2024-10-08 12:04:00,1526.97,1527.04,1526.97,1527.04,0.0,17.94,27253.92,1
2024-10-08,2024-10-08 12:05:00,1527.04,1527.1,1527.04,1527.1,0.0,17.94,27253.92,1
2024-10-08,2024-10-08 12:06:00,1527.1,1527.16,1527.1,1527.16,0.0,17.94,27253.92,1
2024-10-08,2024-10-08 12:07:00,1527.16,1527.22,1527.16,1527.22,0.0,17.94,27253.92,1
2024-10-08,2024-10-08 12:08:00,1527.22,1527.28,1527.22,1527.28,0.0,17.94,27253.92,1
2024-10-08,2024-10-08 12:09:00,1527.28,1527.35,1527.28,1527.35,0.0,17.94,27253.92,1
2024-10-08,2024-10-08 12:10:00,1527.35,1527.41,1527.35,1527.41,0.0,17.94,27253.92,1
2024-10-08,2024-10-08 12:11:00,1527.41,1527.47,1527.41,1527.47,0.0,17.94,27253.92,1
2024-10-08,2024-10-08 12:12:00,1527.47,1527.53,1527.47,1527.53,0.0,17.94,27253.92,1
2024-10-08,2024-10-08 12:13:00,1527.53,1527.59,1527.53,1527.59,0.0,17.94,27253.92,1
2024-10-08,2024-10-08 12:14:00,1527.59,1527.66,1527.59,1527.66,0.0,17.94,27253.92,1
2024-10-08,2024-10-08 12:15:00,1527.66,1527.72,1527.66,1527.72,0.0,17.94,27253.92,1
2024-10-08,2024-10-08 12:16:00,1527.72,1527.78,1527.72,1527.78,0.0,17.94,27253.92,1
2024-10-08,2024-10-08 12:17:00,1527.78,1527.84,1527.78,1527.84,0.0,17.94,27253.92,1
2024-10-08,2024-10-08 12:18:00,1527.84,1527.9,1527.84,1527.9,0.0,17.94,27253.92,1
2024-10-08,2024-10-08 12:19:00,1527.9,1527.97,1527.9,1527.97,0.0,17.94,27253.92,1
2024-10-08,2024-10-08 12:20:00,1527.97,1528.03,1527.97,1528.03,0.0,17.94,27253.92,1
2024-10-08,2024-10-08 12:21:00,1528.03,1528.09,1528.03,1528.09,0.0,17.94,27253.92,1
2024-10-08,2024-10-08 12:22:00,1528.09,1528.15,1528.09,1528.15,0.0,17.94,27253.92,1
2024-10-08,2024-10-08 12:23:00,1528.15,1528.22,1528.15,1528.22,0.0,17.94,27253.92,1
2024-10-08,2024-10-08 12:24:00,1528.22,1528.28,1528.22,1528.28,0.0,17.94,27253.92,1
2024-10-08,2024-10-08 12:25:00,1528.28,1528.34,1528.28,1528.34,0.0,17.94,27253.92,1
2024-10-08,2024-10-08 12:26:00,1528.34,1528.4,1528.34,1528.4,0.0,17.94,27253.92,1
2024-10-08,2024-10-08 12:27:00,1528.4,1528.46,1528.4,1528.46,0.0,17.94,27253.92,1
2024-10-08,2024-10-08 12:28:00,1528.46,1528.53,1528.46,1528.53,0.0,17.94,27253.92,1
2024-10-08,2024-10-08 12:29:00,1528.53,1528.59,1528.53,1528.59,0.0,17.94,27253.92,1
2024-10-08,2024-10-08 12:30:00,1528.59,1528.65,1528.59,1528.65,0.0,17.94,27253.92,1
2024-10-08,2024-10-08 12:31:00,1528.65,1528.71,1528.65,1528.71,0.0,17.94,27253.92,1
2024-10-08,2024-10-08 12:32:00,1528.71,1528.77,1528.71,1528.77,0.0,17.94,27253.92,1
2024-10-08,2024-10-08 12:33:00,1528.77,1528.84,1528.77,1528.84,0.0,17.94,27253.92,1
2024-10-08,2024-10-08 12:34:00,1528.84,1528.9,1528.84,1528.9,0.0,17.94,27253.92,1
2024-10-08,2024-10-08 12:35:00,1528.9,1528.96,1528.9,1528.96,0.0,17.94,27253.92,1
2024-10-08,2024-10-08 12:36:00,1528.96,1529.02,1528.96,1529.02,0.0,17.94,27253.92,1
2024-10-08,2024-10-08 12:37:00,1529.02,1529.08,1529.02,1529.08,0.0,17.94,27253.92,1
2024-10-08,2024-10-08 12:38:00,1529.08,1529.15,1529.08,1529.15,0.0,17.94,27253.92,1
2024-10-08,2024-10-08 12:39:00,1529.15,1529.21,1529.15,1529.21,0.0,17.94,27253.92,1
2024-10-08,2024-10-08 12:40:00,1529.21,1529.27,1529.21,1529.27,0.0,17.94,27253.92,1
2024-10-08,2024-10-08 12:41:00,1529.27,1529.33,1529.27,1529.33,0.0,17.94,27253.92,1
2024-10-08,2024-10-08 12:42:00,1529.33,1529.39,1529.33,1529.39,0.0,17.94,27253.92,1
2024-10-08,2024-10-08 12:43:00,1529.39,1529.46,1529.39,1529.46,0.0,17.94,27253.92,1
2024-10-08,2024-10-08 12:44:00,1529.46,1529.52,1529.46,1529.52,0.0,17.94,27253.92,1
2024-10-08,2024-10-08 12:45:00,1529.52,1529.58,1529.52,1529.58,0.0,17.94,27253.92,1
2024-10-08,2024-10-08 12:46:00,1529.58,1529.64,1529.58,1529.64,0.0,17.94,27253.92,1
2024-10-08,2024-10-08 12:47:00,1529.64,1529.7,1529.64,1529.7,0.0,17.94,27253.92,1
2024-10-08,2024-10-08 12:48:00,1529.7,1529.77,1529.7,1529.77,0.0,17.94,27253.92,1
2024-10-08,2024-10-08 12:49:00,1529.77,1529.83,1529.77,1529.83,0.0,17.94,27253.92,1
2024-10-08,2024-10-08 12:50:00,1529.83,1529.89,1529.83,1529.89,0.0,17.94,27253.92,1
2024-10-08,2024-10-08 12:51:00,1529.89,1529.95,1529.89,1529.95,0.0,17.94,27253.92,1
2024-10-08,2024-10-08 12:52:00,1529.95,1530.02,1529.95,1530.02,0.0,17.94,27253.92,1
2024-10-08,2024-10-08 12:53:00,1530.02,1530.08,1530.02,1530.08,0.0,17.94,27253.92,1
2024-10-08,2024-10-08 12:54:00,1530.08,1530.14,1530.08,1530.14,0.0,17.94,27253.92,1
2024-10-08,2024-10-08 12:55:00,1530.14,1530.2,1530.14,1530.2,0.0,17.94,27253.92,1
2024-10-08,2024-10-08 12:56:00,1530.2,1530.26,1530.2,1530.26,0.0,17.94,27253.92,1
2024-10-08,2024-10-08 12:57:00,1530.26,1530.33,1530.26,1530.33,0.0,17.94,27253.92,1
2024-10-08,2024-10-08 12:58:00,1530.33,1530.39,1530.33,1530.39,0.0,17.94,27253.92,1
2024-10-08,2024-10-08 12:59:00,1530.39,1530.45,1530.39,1530.45,0.0,17.94,27253.92,1
2024-10-08,2024-10-08 13:00:00,1530.45,1552.5,1511.1,1530.51,0.0,17.94,27253.92,1
2024-10-08,2024-10-08 13:01:00,1530.51,1530.57,1530.51,1530.57,0.0,17.94,27253.92,1
2024-10-08,2024-10-08 13:02:00,1530.57,1530.64,1530.57,1530.64,0.0,17.94,27253.92,1
2024-10-08,2024-10-08 13:03:00,1530.64,1530.7,1530.64,1530.7,0.0,17.94,27253.92,1
2024-10-08,2024-10-08 13:04:00,1530.7,1530.76,1530.7,1530.76,0.0,17.94,27253.92,1
2024-10-08,2024-10-08 13:05:00,1530.76,1530.82,1530.76,1530.82,0.0,17.94,27253.92,1
2024-10-08,2024-10-08 13:06:00,1530.82,1530.88,1530.82,1530.88,0.0,17.94,27253.92,1
2024-10-08,2024-10-08 13:07:00,1530.88,1530.95,1530.88,1530.95,0.0,17.94,27253.92,1
2024-10-08,2024-10-08 13:08:00,1530.95,1531.01,1530.95,1531.01,0.0,17.94,27253.92,1
2024-10-08,2024-10-08 13:09:00,1531.01,1531.07,1531.01,1531.07,0.0,17.94,27253.92,1
2024-10-08,2024-10-08 13:10:00,1531.07,1531.13,1531.07,1531.13,0.0,17.94,27253.92,1
2024-10-08,2024-10-08 13:11:00,1531.13,1531.2,1531.13,1531.2,0.0,17.94,27253.92,1
2024-10-08,2024-10-08 13:12:00,1531.2,1531.26,1531.2,1531.26,0.0,17.94,27253.92,1
2024-10-08,2024-10-08 13:13:00,1531.26,1531.32,1531.26,1531.32,0.0,17.94,27253.92,1
2024-10-08,2024-10-08 13:14:00,1531.32,1531.38,1531.32,1531.38,0.0,17.94,27253.92,1
2024-10-08,2024-10-08 13:15:00,1531.38,1531.44,1531.38,1531.44,0.0,17.94,27253.92,1
2024-10-08,2024-10-08 13:16:00,1531.44,1531.51,1531.44,1531.51,0.0,17.94,27253.92,1
2024-10-08,2024-10-08 13:17:00,1531.51,1531.57,1531.51,1531.57,0.0,17.94,27253.92,1
2024-10-08,2024-10-08 13:18:00,1531.57,1531.63,1531.57,1531.63,0.0,17.94,27253.92,1
2024-10-08,2024-10-08 13:19:00,1531.63,1531.69,1531.63,1531.69,0.0,17.94,27253.92,1
2024-10-08,2024-10-08 13:20:00,1531.69,1531.75,1531.69,1531.75,0.0,17.94,27253.92,1
2024-10-08,2024-10-08 13:21:00,1531.75,1531.82,1531.75,1531.82,0.0,17.94,27253.92,1
2024-10-08,2024-10-08 13:22:00,1531.82,1531.88,1531.82,1531.88,0.0,17.94,27253.92,1
2024-10-08,2024-10-08 13:23:00,1531.88,1531.94,1531.88,1531.94,0.0,17.94,27253.92,1
2024-10-08,2024-10-08 13:24:00,1531.94,1532.0,1531.94,1532.0,0.0,17.94,27253.92,1
2024-10-08,2024-10-08 13:25:00,1532.0,1532.06,1532.0,1532.06,0.0,17.94,27253.92,1
2024-10-08,2024-10-08 13:26:00,1532.06,1532.13,1532.06,1532.13,0.0,17.94,27253.92,1
2024-10-08,2024-10-08 13:27:00,1532.13,1532.19,1532.13,1532.19,0.0,17.94,27253.92,1
2024-10-08,2024-10-08 13:28:00,1532.19,1532.25,1532.19,1532.25,0.0,17.94,27253.92,1
2024-10-08,2024-10-08 13:29:00,1532.25,1532.31,1532.25,1532.31,0.0,17.94,27253.92,1
2024-10-08,2024-10-08 13:30:00,1532.31,1532.37,1532.31,1532.37,0.0,17.94,27253.92,1
2024-10-08,2024-10-08 13:31:00,1532.37,1532.44,1532.37,1532.44,0.0,17.94,27253.92,1
2024-10-08,2024-10-08 13:32:00,1532.44,1532.5,1532.44,1532.5,0.0,17.94,27253.92,1
2024-10-08,2024-10-08 13:33:00,1532.5,1532.56,1532.5,1532.56,0.0,17.94,27253.92,1
2024-10-08,2024-10-08 13:34:00,1532.56,1532.62,1532.56,1532.62,0.0,17.94,27253.92,1
2024-10-08,2024-10-08 13:35:00,1532.62,1532.68,1532.62,1532.68,0.0,17.94,27253.92,1
2024-10-08,2024-10-08 13:36:00,1532.68,1532.75,1532.68,1532.75,0.0,17.94,27253.92,1
2024-10-08,2024-10-08 13:37:00,1532.75,1532.81,1532.75,1532.81,0.0,17.94,27253.92,1
2024-10-08,2024-10-08 13:38:00,1532.81,1532.87,1532.81,1532.87,0.0,17.94,27253.92,1
2024-10-08,2024-10-08 13:39:00,1532.87,1532.93,1532.87,1532.93,0.0,17.94,27253.92,1
2024-10-08,2024-10-08 13:40:00,1532.93,1533.0,1532.93,1533.0,0.0,17.94,27253.92,1
2024-10-08,2024-10-08 13:41:00,1533.0,1533.06,1533.0,1533.06,0.0,17.94,27253.92,1
2024-10-08,2024-10-08 13:42:00,1533.06,1533.12,1533.06,1533.12,0.0,17.94,27253.92,1
2024-10-08,2024-10-08 13:43:00,1533.12,1533.18,1533.12,1533.18,0.0,17.94,27253.92,1
2024-10-08,2024-10-08 13:44:00,1533.18,1533.24,1533.18,1533.24,0.0,17.94,27253.92,1
2024-10-08,2024-10-08 13:45:00,1533.24,1533.31,1533.24,1533.31,0.0,17.94,27253.92,1
2024-10-08,2024-10-08 13:46:00,1533.31,1533.37,1533.31,1533.37,0.0,17.94,27253.92,1
2024-10-08,2024-10-08 13:47:00,1533.37,1533.43,1533.37,1533.43,0.0,17.94,27253.92,1
2024-10-08,2024-10-08 13:48:00,1533.43,1533.49,1533.43,1533.49,0.0,17.94,27253.92,1
2024-10-08,2024-10-08 13:49:00,1533.49,1533.55,1533.49,1533.55,0.0,17.94,27253.92,1
2024-10-08,2024-10-08 13:50:00,1533.55,1533.62,1533.55,1533.62,0.0,17.94,27253.92,1
2024-10-08,2024-10-08 13:51:00,1533.62,1533.68,1533.62,1533.68,0.0,17.94,27253.92,1
2024-10-08,2024-10-08 13:52:00,1533.68,1533.74,1533.68,1533.74,0.0,17.94,27253.92,1
2024-10-08,2024-10-08 13:53:00,1533.74,1533.8,1533.74,1533.8,0.0,17.94,27253.92,1
2024-10-08,2024-10-08 13:54:00,1533.8,1533.86,1533.8,1533.86,0.0,17.94,27253.92,1
2024-10-08,2024-10-08 13:55:00,1533.86,1533.93,1533.86,1533.93,0.0,17.94,27253.92,1
2024-10-08,2024-10-08 13:56:00,1533.93,1533.99,1533.93,1533.99,0.0,17.94,27253.92,1
2024-10-08,2024-10-08 13:57:00,1533.99,1534.05,1533.99,1534.05,0.0,17.94,27253.92,1
2024-10-08,2024-10-08 13:58:00,1534.05,1534.11,1534.05,1534.11,0.0,17.94,27253.92,1
2024-10-08,2024-10-08 13:59:00,1534.11,1534.18,1534.11,1534.18,0.0,17.94,27253.92,1
2024-10-08,2024-10-08 14:00:00,1534.18,1534.24,1534.18,1534.24,0.0,17.94,27253.92,1
2024-10-08,2024-10-08 14:01:00,1534.24,1534.3,1534.24,1534.3,0.0,17.94,27253.92,1
2024-10-08,2024-10-08 14:02:00,1534.3,1534.36,1534.3,1534.36,0.0,17.94,27253.92,1
2024-10-08,2024-10-08 14:03:00,1534.36,1534.42,1534.36,1534.42,0.0,17.94,27253.92,1
2024-10-08,2024-10-08 14:04:00,1534.42,1534.49,1534.42,1534.49,0.0,17.94,27253.92,1
2024-10-08,2024-10-08 14:05:00,1534.49,1534.55,1534.49,1534.55,0.0,17.94,27253.92,1
2024-10-08,2024-10-08 14:06:00,1534.55,1534.61,1534.55,1534.61,0.0,17.94,27253.92,1
2024-10-08,2024-10-08 14:07:00,1534.61,1534.67,1534.61,1534.67,0.0,17.94,27253.92,1
2024-10-08,2024-10-08 14:08:00,1534.67,1534.73,1534.67,1534.73,0.0,17.94,27253.92,1
2024-10-08,2024-10-08 14:09:00,1534.73,1534.8,1534.73,1534.8,0.0,17.94,27253.92,1
2024-10-08,2024-10-08 14:10:00,1534.8,1534.86,1534.8,1534.86,0.0,17.94,27253.92,1
2024-10-08,2024-10-08 14:11:00,1534.86,1534.92,1534.86,1534.92,0.0,17.94,27253.92,1
2024-10-08,2024-10-08 14:12:00,1534.92,1534.98,1534.92,1534.98,0.0,17.94,27253.92,1
2024-10-08,2024-10-08 14:13:00,1534.98,1535.04,1534.98,1535.04,0.0,17.94,27253.92,1
2024-10-08,2024-10-08 14:14:00,1535.04,1535.11,1535.04,1535.11,0.0,17.94,27253.92,1
2024-10-08,2024-10-08 14:15:00,1535.11,1535.17,1535.11,1535.17,0.0,17.94,27253.92,1
2024-10-08,2024-10-08 14:16:00,1535.17,1535.23,1535.17,1535.23,0.0,17.94,27253.92,1
2024-10-08,2024-10-08 14:17:00,1535.23,1535.29,1535.23,1535.29,0.0,17.94,27253.92,1
2024-10-08,2024-10-08 14:18:00,1535.29,1535.35,1535.29,1535.35,0.0,17.94,27253.92,1
2024-10-08,2024-10-08 14:19:00,1535.35,1535.42,1535.35,1535.42,0.0,17.94,27253.92,1
2024-10-08,2024-10-08 14:20:00,1535.42,1535.48,1535.42,1535.48,0.0,17.94,27253.92,1
2024-10-08,2024-10-08 14:21:00,1535.48,1535.54,1535.48,1535.54,0.0,17.94,27253.92,1
2024-10-08,2024-10-08 14:22:00,1535.54,1535.6,1535.54,1535.6,0.0,17.94,27253.92,1
2024-10-08,2024-10-08 14:23:00,1535.6,1535.66,1535.6,1535.66,0.0,17.94,27253.92,1
2024-10-08,2024-10-08 14:24:00,1535.66,1535.73,1535.66,1535.73,0.0,17.94,27253.92,1
2024-10-08,2024-10-08 14:25:00,1535.73,1535.79,1535.73,1535.79,0.0,17.94,27253.92,1
2024-10-08,2024-10-08 14:26:00,1535.79,1535.85,1535.79,1535.85,0.0,17.94,27253.92,1
2024-10-08,2024-10-08 14:27:00,1535.85,1535.91,1535.85,1535.91,0.0,17.94,27253.92,1
2024-10-08,2024-10-08 14:28:00,1535.91,1535.98,1535.91,1535.98,0.0,17.94,27253.92,1
2024-10-08,2024-10-08 14:29:00,1535.98,1536.04,1535.98,1536.04,0.0,17.94,27253.92,1
2024-10-08,2024-10-08 14:30:00,1536.04,1536.1,1536.04,1536.1,0.0,17.94,27253.92,1
2024-10-08,2024-10-08 14:31:00,1536.1,1536.16,1536.1,1536.16,0.0,17.94,27253.92,1
2024-10-08,2024-10-08 14:32:00,1536.16,1536.22,1536.16,1536.22,0.0,17.94,27253.92,1
2024-10-08,2024-10-08 14:33:00,1536.22,1536.29,1536.22,1536.29,0.0,17.94,27253.92,1
2024-10-08,2024-10-08 14:34:00,1536.29,1536.35,1536.29,1536.35,0.0,17.94,27253.92,1
2024-10-08,2024-10-08 14:35:00,1536.35,1536.41,1536.35,1536.41,0.0,17.94,27253.92,1
2024-10-08,2024-10-08 14:36:00,1536.41,1536.47,1536.41,1536.47,0.0,17.94,27253.92,1
2024-10-08,2024-10-08 14:37:00,1536.47,1536.53,1536.47,1536.53,0.0,17.94,27253.92,1
2024-10-08,2024-10-08 14:38:00,1536.53,1536.6,1536.53,1536.6,0.0,17.94,27253.92,1
2024-10-08,2024-10-08 14:39:00,1536.6,1536.66,1536.6,1536.66,0.0,17.94,27253.92,1
2024-10-08,2024-10-08 14:40:00,1536.66,1536.72,1536.66,1536.72,0.0,17.94,27253.92,1
2024-10-08,2024-10-08 14:41:00,1536.72,1536.78,1536.72,1536.78,0.0,17.94,27253.92,1
2024-10-08,2024-10-08 14:42:00,1536.78,1536.84,1536.78,1536.84,0.0,17.94,27253.92,1
2024-10-08,2024-10-08 14:43:00,1536.84,1536.91,1536.84,1536.91,0.0,17.94,27253.92,1
2024-10-08,2024-10-08 14:44:00,1536.91,1536.97,1536.91,1536.97,0.0,17.94,27253.92,1
2024-10-08,2024-10-08 14:45:00,1536.97,1537.03,1536.97,1537.03,0.0,17.94,27253.92,1
2024-10-08,2024-10-08 14:46:00,1537.03,1537.09,1537.03,1537.09,0.0,17.94,27253.92,1
2024-10-08,2024-10-08 14:47:00,1537.09,1537.16,1537.09,1537.16,0.0,17.94,27253.92,1
2024-10-08,2024-10-08 14:48:00,1537.16,1537.22,1537.16,1537.22,0.0,17.94,27253.92,1
2024-10-08,2024-10-08 14:49:00,1537.22,1537.28,1537.22,1537.28,0.0,17.94,27253.92,1
2024-10-08,2024-10-08 14:50:00,1537.28,1537.34,1537.28,1537.34,0.0,17.94,27253.92,1
2024-10-08,2024-10-08 14:51:00,1537.34,1537.4,1537.34,1537.4,0.0,17.94,27253.92,1
2024-10-08,2024-10-08 14:52:00,1537.4,1537.47,1537.4,1537.47,0.0,17.94,27253.92,1
2024-10-08,2024-10-08 14:53:00,1537.47,1537.53,1537.47,1537.53,0.0,17.94,27253.92,1
2024-10-08,2024-10-08 14:54:00,1537.53,1537.59,1537.53,1537.59,0.0,17.94,27253.92,1
2024-10-08,2024-10-08 14:55:00,1537.59,1537.65,1537.59,1537.65,0.0,17.94,27253.92,1
2024-10-08,2024-10-08 14:56:00,1537.65,1537.71,1537.65,1537.71,0.0,17.94,27253.92,1
2024-10-08,2024-10-08 14:57:00,1537.71,1537.78,1537.71,1537.78,0.0,17.94,27253.92,1
2024-10-08,2024-10-08 14:58:00,1537.78,1537.84,1537.78,1537.84,0.0,17.94,27253.92,1
2024-10-08,2024-10-08 14:59:00,1537.84,1537.9,1537.84,1537.9,0.0,17.94,27253.92,1
2024-10-08,2024-10-08 15:00:00,1537.9,1552.5,1511.1,1537.9,0.0,17.94,27253.92,0
2024-10-09,2024-10-09 11:00:00,1509.0,1525.8,1509.0,1509.11,0.01,19.15,29310.17,1
2024-10-09,2024-10-09 11:01:00,1509.11,1509.22,1509.11,1509.22,0.01,19.15,29310.17,1
2024-10-09,2024-10-09 11:02:00,1509.22,1509.34,1509.22,1509.34,0.01,19.15,29310.17,1
2024-10-09,2024-10-09 11:03:00,1509.34,1509.45,1509.34,1509.45,0.01,19.15,29310.17,1
2024-10-09,2024-10-09 11:04:00,1509.45,1509.56,1509.45,1509.56,0.01,19.15,29310.17,1
2024-10-09,2024-10-09 11:05:00,1509.56,1509.67,1509.56,1509.67,0.01,19.15,29310.17,1
2024-10-09,2024-10-09 11:06:00,1509.67,1509.79,1509.67,1509.79,0.01,19.15,29310.17,1
2024-10-09,2024-10-09 11:07:00,1509.79,1509.9,1509.79,1509.9,0.01,19.15,29310.17,1
2024-10-09,2024-10-09 11:08:00,1509.9,1510.01,1509.9,1510.01,0.01,19.15,29310.17,1
2024-10-09,2024-10-09 11:09:00,1510.01,1510.12,1510.01,1510.12,0.01,19.15,29310.17,1
2024-10-09,2024-10-09 11:10:00,1510.12,1510.24,1510.12,1510.24,0.01,19.15,29310.17,1
2024-10-09,2024-10-09 11:11:00,1510.24,1510.35,1510.24,1510.35,0.01,19.15,29310.17,1
2024-10-09,2024-10-09 11:12:00,1510.35,1510.46,1510.35,1510.46,0.01,19.15,29310.17,1
2024-10-09,2024-10-09 11:13:00,1510.46,1510.58,1510.46,1510.58,0.01,19.15,29310.17,1
2024-10-09,2024-10-09 11:14:00,1510.58,1510.69,1510.58,1510.69,0.01,19.15,29310.17,1
2024-10-09,2024-10-09 11:15:00,1510.69,1510.8,1510.69,1510.8,0.01,19.15,29310.17,1
2024-10-09,2024-10-09 11:16:00,1510.8,1510.91,1510.8,1510.91,0.01,19.15,29310.17,1
2024-10-09,2024-10-09 11:17:00,1510.91,1511.03,1510.91,1511.03,0.01,19.15,29310.17,1
2024-10-09,2024-10-09 11:18:00,1511.03,1511.14,1511.03,1511.14,0.01,19.15,29310.17,1
2024-10-09,2024-10-09 11:19:00,1511.14,1511.25,1511.14,1511.25,0.01,19.15,29310.17,1
2024-10-09,2024-10-09 11:20:00,1511.25,1511.36,1511.25,1511.36,0.01,19.15,29310.17,1
2024-10-09,2024-10-09 11:21:00,1511.36,1511.47,1511.36,1511.47,0.01,19.15,29310.17,1
2024-10-09,2024-10-09 11:22:00,1511.47,1511.59,1511.47,1511.59,0.01,19.15,29310.17,1
2024-10-09,2024-10-09 11:23:00,1511.59,1511.7,1511.59,1511.7,0.01,19.15,29310.17,1
2024-10-09,2024-10-09 11:24:00,1511.7,1511.81,1511.7,1511.81,0.01,19.15,29310.17,1
2024-10-09,2024-10-09 11:25:00,1511.81,1511.92,1511.81,1511.92,0.01,19.15,29310.17,1
2024-10-09,2024-10-09 11:26:00,1511.92,1512.04,1511.92,1512.04,0.01,19.15,29310.17,1
2024-10-09,2024-10-09 11:27:00,1512.04,1512.15,1512.04,1512.15,0.01,19.15,29310.17,1
2024-10-09,2024-10-09 11:28:00,1512.15,1512.26,1512.15,1512.26,0.01,19.15,29310.17,1
2024-10-09,2024-10-09 11:29:00,1512.26,1512.38,1512.26,1512.38,0.01,19.15,29310.17,1
2024-10-09,2024-10-09 11:30:00,1512.38,1512.49,1512.38,1512.49,0.01,19.15,29310.17,1
2024-10-09,2024-10-09 11:31:00,1512.49,1512.6,1512.49,1512.6,0.01,19.15,29310.17,1
2024-10-09,2024-10-09 11:32:00,1512.6,1512.71,1512.6,1512.71,0.01,19.15,29310.17,1
2024-10-09,2024-10-09 11:33:00,1512.71,1512.83,1512.71,1512.83,0.01,19.15,29310.17,1
2024-10-09,2024-10-09 11:34:00,1512.83,1512.94,1512.83,1512.94,0.01,19.15,29310.17,1
2024-10-09,2024-10-09 11:35:00,1512.94,1513.05,1512.94,1513.05,0.01,19.15,29310.17,1
2024-10-09,2024-10-09 11:36:00,1513.05,1513.16,1513.05,1513.16,0.01,19.15,29310.17,1
2024-10-09,2024-10-09 11:37:00,1513.16,1513.28,1513.16,1513.28,0.01,19.15,29310.17,1
2024-10-09,2024-10-09 11:38:00,1513.28,1513.39,1513.28,1513.39,0.01,19.15,29310.17,1
2024-10-09,2024-10-09 11:39:00,1513.39,1513.5,1513.39,1513.5,0.01,19.15,29310.17,1
2024-10-09,2024-10-09 11:40:00,1513.5,1513.61,1513.5,1513.61,0.01,19.15,29310.17,1
2024-10-09,2024-10-09 11:41:00,1513.61,1513.72,1513.61,1513.72,0.01,19.15,29310.17,1
2024-10-09,2024-10-09 11:42:00,1513.72,1513.84,1513.72,1513.84,0.01,19.15,29310.17,1
2024-10-09,2024-10-09 11:43:00,1513.84,1513.95,1513.84,1513.95,0.01,19.15,29310.17,1
2024-10-09,2024-10-09 11:44:00,1513.95,1514.06,1513.95,1514.06,0.01,19.15,29310.17,1
2024-10-09,2024-10-09 11:45:00,1514.06,1514.17,1514.06,1514.17,0.01,19.15,29310.17,1
2024-10-09,2024-10-09 11:46:00,1514.17,1514.29,1514.17,1514.29,0.01,19.15,29310.17,1
2024-10-09,2024-10-09 11:47:00,1514.29,1514.4,1514.29,1514.4,0.01,19.15,29310.17,1
2024-10-09,2024-10-09 11:48:00,1514.4,1514.51,1514.4,1514.51,0.01,19.15,29310.17,1
2024-10-09,2024-10-09 11:49:00,1514.51,1514.62,1514.51,1514.62,0.01,19.15,29310.17,1
2024-10-09,2024-10-09 11:50:00,1514.62,1514.74,1514.62,1514.74,0.01,19.15,29310.17,1
2024-10-09,2024-10-09 11:51:00,1514.74,1514.85,1514.74,1514.85,0.01,19.15,29310.17,1
2024-10-09,2024-10-09 11:52:00,1514.85,1514.96,1514.85,1514.96,0.01,19.15,29310.17,1
2024-10-09,2024-10-09 11:53:00,1514.96,1515.08,1514.96,1515.08,0.01,19.15,29310.17,1
2024-10-09,2024-10-09 11:54:00,1515.08,1515.19,1515.08,1515.19,0.01,19.15,29310.17,1
2024-10-09,2024-10-09 11:55:00,1515.19,1515.3,1515.19,1515.3,0.01,19.15,29310.17,1
2024-10-09,2024-10-09 11:56:00,1515.3,1515.41,1515.3,1515.41,0.01,19.15,29310.17,1
2024-10-09,2024-10-09 11:57:00,1515.41,1515.53,1515.41,1515.53,0.01,19.15,29310.17,1
2024-10-09,2024-10-09 11:58:00,1515.53,1515.64,1515.53,1515.64,0.01,19.15,29310.17,1
2024-10-09,2024-10-09 11:59:00,1515.64,1515.75,1515.64,1515.75,0.01,19.15,29310.17,1
2024-10-09,2024-10-09 12:00:00,1515.75,1515.86,1515.75,1515.86,0.01,19.15,29310.17,1
2024-10-09,2024-10-09 12:01:00,1515.86,1515.97,1515.86,1515.97,0.01,19.15,29310.17,1
2024-10-09,2024-10-09 12:02:00,1515.97,1516.09,1515.97,1516.09,0.01,19.15,29310.17,1
2024-10-09,2024-10-09 12:03:00,1516.09,1516.2,1516.09,1516.2,0.01,19.15,29310.17,1
2024-10-09,2024-10-09 12:04:00,1516.2,1516.31,1516.2,1516.31,0.01,19.15,29310.17,1
2024-10-09,2024-10-09 12:05:00,1516.31,1516.42,1516.31,1516.42,0.01,19.15,29310.17,1
2024-10-09,2024-10-09 12:06:00,1516.42,1516.54,1516.42,1516.54,0.01,19.15,29310.17,1
2024-10-09,2024-10-09 12:07:00,1516.54,1516.65,1516.54,1516.65,0.01,19.15,29310.17,1
2024-10-09,2024-10-09 12:08:00,1516.65,1516.76,1516.65,1516.76,0.01,19.15,29310.17,1
2024-10-09,2024-10-09 12:09:00,1516.76,1516.88,1516.76,1516.88,0.01,19.15,29310.17,1
2024-10-09,2024-10-09 12:10:00,1516.88,1516.99,1516.88,1516.99,0.01,19.15,29310.17,1
2024-10-09,2024-10-09 12:11:00,1516.99,1517.1,1516.99,1517.1,0.01,19.15,29310.17,1
2024-10-09,2024-10-09 12:12:00,1517.1,1517.21,1517.1,1517.21,0.01,19.15,29310.17,1
2024-10-09,2024-10-09 12:13:00,1517.21,1517.33,1517.21,1517.33,0.01,19.15,29310.17,1
2024-10-09,2024-10-09 12:14:00,1517.33,1517.44,1517.33,1517.44,0.01,19.15,29310.17,1
2024-10-09,2024-10-09 12:15:00,1517.44,1517.55,1517.44,1517.55,0.01,19.15,29310.17,1
2024-10-09,2024-10-09 12:16:00,1517.55,1517.66,1517.55,1517.66,0.01,19.15,29310.17,1
2024-10-09,2024-10-09 12:17:00,1517.66,1517.78,1517.66,1517.78,0.01,19.15,29310.17,1
2024-10-09,2024-10-09 12:18:00,1517.78,1517.89,1517.78,1517.89,0.01,19.15,29310.17,1
2024-10-09,2024-10-09 12:19:00,1517.89,1518.0,1517.89,1518.0,0.01,19.15,29310.17,1
2024-10-09,2024-10-09 12:20:00,1518.0,1518.11,1518.0,1518.11,0.01,19.15,29310.17,1
2024-10-09,2024-10-09 12:21:00,1518.11,1518.22,1518.11,1518.22,0.01,19.15,29310.17,1
2024-10-09,2024-10-09 12:22:00,1518.22,1518.34,1518.22,1518.34,0.01,19.15,29310.17,1
2024-10-09,2024-10-09 12:23:00,1518.34,1518.45,1518.34,1518.45,0.01,19.15,29310.17,1
2024-10-09,2024-10-09 12:24:00,1518.45,1518.56,1518.45,1518.56,0.01,19.15,29310.17,1
2024-10-09,2024-10-09 12:25:00,1518.56,1518.67,1518.56,1518.67,0.01,19.15,29310.17,1
2024-10-09,2024-10-09 12:26:00,1518.67,1518.79,1518.67,1518.79,0.01,19.15,29310.17,1
2024-10-09,2024-10-09 12:27:00,1518.79,1518.9,1518.79,1518.9,0.01,19.15,29310.17,1
2024-10-09,2024-10-09 12:28:00,1518.9,1519.01,1518.9,1519.01,0.01,19.15,29310.17,1
2024-10-09,2024-10-09 12:29:00,1519.01,1519.12,1519.01,1519.12,0.01,19.15,29310.17,1
2024-10-09,2024-10-09 12:30:00,1519.12,1519.24,1519.12,1519.24,0.01,19.15,29310.17,1
2024-10-09,2024-10-09 12:31:00,1519.24,1519.35,1519.24,1519.35,0.01,19.15,29310.17,1
2024-10-09,2024-10-09 12:32:00,1519.35,1519.46,1519.35,1519.46,0.01,19.15,29310.17,1
2024-10-09,2024-10-09 12:33:00,1519.46,1519.58,1519.46,1519.58,0.01,19.15,29310.17,1
2024-10-09,2024-10-09 12:34:00,1519.58,1519.69,1519.58,1519.69,0.01,19.15,29310.17,1
2024-10-09,2024-10-09 12:35:00,1519.69,1519.8,1519.69,1519.8,0.01,19.15,29310.17,1
2024-10-09,2024-10-09 12:36:00,1519.8,1519.91,1519.8,1519.91,0.01,19.15,29310.17,1
2024-10-09,2024-10-09 12:37:00,1519.91,1520.03,1519.91,1520.03,0.01,19.15,29310.17,1
2024-10-09,2024-10-09 12:38:00,1520.03,1520.14,1520.03,1520.14,0.01,19.15,29310.17,1
2024-10-09,2024-10-09 12:39:00,1520.14,1520.25,1520.14,1520.25,0.01,19.15,29310.17,1
2024-10-09,2024-10-09 12:40:00,1520.25,1520.36,1520.25,1520.36,0.01,19.15,29310.17,1
2024-10-09,2024-10-09 12:41:00,1520.36,1520.47,1520.36,1520.47,0.01,19.15,29310.17,1
2024-10-09,2024-10-09 12:42:00,1520.47,1520.59,1520.47,1520.59,0.01,19.15,29310.17,1
2024-10-09,2024-10-09 12:43:00,1520.59,1520.7,1520.59,1520.7,0.01,19.15,29310.17,1
2024-10-09,2024-10-09 12:44:00,1520.7,1520.81,1520.7,1520.81,0.01,19.15,29310.17,1
2024-10-09,2024-10-09 12:45:00,1520.81,1520.92,1520.81,1520.92,0.01,19.15,29310.17,1
2024-10-09,2024-10-09 12:46:00,1520.92,1521.04,1520.92,1521.04,0.01,19.15,29310.17,1
2024-10-09,2024-10-09 12:47:00,1521.04,1521.15,1521.04,1521.15,0.01,19.15,29310.17,1
2024-10-09,2024-10-09 12:48:00,1521.15,1521.26,1521.15,1521.26,0.01,19.15,29310.17,1
2024-10-09,2024-10-09 12:49:00,1521.26,1521.38,1521.26,1521.38,0.01,19.15,29310.17,1
2024-10-09,2024-10-09 12:50:00,1521.38,1521.49,1521.38,1521.49,0.01,19.15,29310.17,1
2024-10-09,2024-10-09 12:51:00,1521.49,1521.6,1521.49,1521.6,0.01,19.15,29310.17,1
2024-10-09,2024-10-09 12:52:00,1521.6,1521.71,1521.6,1521.71,0.01,19.15,29310.17,1
2024-10-09,2024-10-09 12:53:00,1521.71,1521.83,1521.71,1521.83,0.01,19.15,29310.17,1
2024-10-09,2024-10-09 12:54:00,1521.83,1521.94,1521.83,1521.94,0.01,19.15,29310.17,1
2024-10-09,2024-10-09 12:55:00,1521.94,1522.05,1521.94,1522.05,0.01,19.15,29310.17,1
2024-10-09,2024-10-09 12:56:00,1522.05,1522.16,1522.05,1522.16,0.01,19.15,29310.17,1
2024-10-09,2024-10-09 12:57:00,1522.16,1522.28,1522.16,1522.28,0.01,19.15,29310.17,1
2024-10-09,2024-10-09 12:58:00,1522.28,1522.39,1522.28,1522.39,0.01,19.15,29310.17,1
2024-10-09,2024-10-09 12:59:00,1522.39,1522.5,1522.39,1522.5,0.01,19.15,29310.17,1
2024-10-09,2024-10-09 13:00:00,1522.5,1565.0,1509.0,1522.61,0.01,19.15,29310.17,1
2024-10-09,2024-10-09 13:01:00,1522.61,1522.72,1522.61,1522.72,0.01,19.15,29310.17,1
2024-10-09,2024-10-09 13:02:00,1522.72,1522.84,1522.72,1522.84,0.01,19.15,29310.17,1
2024-10-09,2024-10-09 13:03:00,1522.84,1522.95,1522.84,1522.95,0.01,19.15,29310.17,1
2024-10-09,2024-10-09 13:04:00,1522.95,1523.06,1522.95,1523.06,0.01,19.15,29310.17,1
2024-10-09,2024-10-09 13:05:00,1523.06,1523.17,1523.06,1523.17,0.01,19.15,29310.17,1
2024-10-09,2024-10-09 13:06:00,1523.17,1523.29,1523.17,1523.29,0.01,19.15,29310.17,1
2024-10-09,2024-10-09 13:07:00,1523.29,1523.4,1523.29,1523.4,0.01,19.15,29310.17,1
2024-10-09,2024-10-09 13:08:00,1523.4,1523.51,1523.4,1523.51,0.01,19.15,29310.17,1
2024-10-09,2024-10-09 13:09:00,1523.51,1523.62,1523.51,1523.62,0.01,19.15,29310.17,1
2024-10-09,2024-10-09 13:10:00,1523.62,1523.74,1523.62,1523.74,0.01,19.15,29310.17,1
2024-10-09,2024-10-09 13:11:00,1523.74,1523.85,1523.74,1523.85,0.01,19.15,29310.17,1
2024-10-09,2024-10-09 13:12:00,1523.85,1523.96,1523.85,1523.96,0.01,19.15,29310.17,1
2024-10-09,2024-10-09 13:13:00,1523.96,1524.08,1523.96,1524.08,0.01,19.15,29310.17,1
2024-10-09,2024-10-09 13:14:00,1524.08,1524.19,1524.08,1524.19,0.01,19.15,29310.17,1
2024-10-09,2024-10-09 13:15:00,1524.19,1524.3,1524.19,1524.3,0.01,19.15,29310.17,1
2024-10-09,2024-10-09 13:16:00,1524.3,1524.41,1524.3,1524.41,0.01,19.15,29310.17,1
2024-10-09,2024-10-09 13:17:00,1524.41,1524.53,1524.41,1524.53,0.01,19.15,29310.17,1
2024-10-09,2024-10-09 13:18:00,1524.53,1524.64,1524.53,1524.64,0.01,19.15,29310.17,1
2024-10-09,2024-10-09 13:19:00,1524.64,1524.75,1524.64,1524.75,0.01,19.15,29310.17,1
2024-10-09,2024-10-09 13:20:00,1524.75,1524.86,1524.75,1524.86,0.01,19.15,29310.17,1
2024-10-09,2024-10-09 13:21:00,1524.86,1524.97,1524.86,1524.97,0.01,19.15,29310.17,1
2024-10-09,2024-10-09 13:22:00,1524.97,1525.09,1524.97,1525.09,0.01,19.15,29310.17,1
2024-10-09,2024-10-09 13:23:00,1525.09,1525.2,1525.09,1525.2,0.01,19.15,29310.17,1
2024-10-09,2024-10-09 13:24:00,1525.2,1525.31,1525.2,1525.31,0.01,19.15,29310.17,1
2024-10-09,2024-10-09 13:25:00,1525.31,1525.42,1525.31,1525.42,0.01,19.15,29310.17,1
2024-10-09,2024-10-09 13:26:00,1525.42,1525.54,1525.42,1525.54,0.01,19.15,29310.17,1
2024-10-09,2024-10-09 13:27:00,1525.54,1525.65,1525.54,1525.65,0.01,19.15,29310.17,1
2024-10-09,2024-10-09 13:28:00,1525.65,1525.76,1525.65,1525.76,0.01,19.15,29310.17,1
2024-10-09,2024-10-09 13:29:00,1525.76,1525.88,1525.76,1525.88,0.01,19.15,29310.17,1
2024-10-09,2024-10-09 13:30:00,1525.88,1525.99,1525.88,1525.99,0.01,19.15,29310.17,1
2024-10-09,2024-10-09 13:31:00,1525.99,1526.1,1525.99,1526.1,0.01,19.15,29310.17,1
2024-10-09,2024-10-09 13:32:00,1526.1,1526.21,1526.1,1526.21,0.01,19.15,29310.17,1
2024-10-09,2024-10-09 13:33:00,1526.21,1526.33,1526.21,1526.33,0.01,19.15,29310.17,1
2024-10-09,2024-10-09 13:34:00,1526.33,1526.44,1526.33,1526.44,0.01,19.15,29310.17,1
2024-10-09,2024-10-09 13:35:00,1526.44,1526.55,1526.44,1526.55,0.01,19.15,29310.17,1
2024-10-09,2024-10-09 13:36:00,1526.55,1526.66,1526.55,1526.66,0.01,19.15,29310.17,1
2024-10-09,2024-10-09 13:37:00,1526.66,1526.78,1526.66,1526.78,0.01,19.15,29310.17,1
2024-10-09,2024-10-09 13:38:00,1526.78,1526.89,1526.78,1526.89,0.01,19.15,29310.17,1
2024-10-09,2024-10-09 13:39:00,1526.89,1527.0,1526.89,1527.0,0.01,19.15,29310.17,1
2024-10-09,2024-10-09 13:40:00,1527.0,1527.11,1527.0,1527.11,0.01,19.15,29310.17,1
2024-10-09,2024-10-09 13:41:00,1527.11,1527.22,1527.11,1527.22,0.01,19.15,29310.17,1
2024-10-09,2024-10-09 13:42:00,1527.22,1527.34,1527.22,1527.34,0.01,19.15,29310.17,1
2024-10-09,2024-10-09 13:43:00,1527.34,1527.45,1527.34,1527.45,0.01,19.15,29310.17,1
2024-10-09,2024-10-09 13:44:00,1527.45,1527.56,1527.45,1527.56,0.01,19.15,29310.17,1
2024-10-09,2024-10-09 13:45:00,1527.56,1527.67,1527.56,1527.67,0.01,19.15,29310.17,1
2024-10-09,2024-10-09 13:46:00,1527.67,1527.79,1527.67,1527.79,0.01,19.15,29310.17,1
2024-10-09,2024-10-09 13:47:00,1527.79,1527.9,1527.79,1527.9,0.01,19.15,29310.17,1
2024-10-09,2024-10-09 13:48:00,1527.9,1528.01,1527.9,1528.01,0.01,19.15,29310.17,1
2024-10-09,2024-10-09 13:49:00,1528.01,1528.12,1528.01,1528.12,0.01,19.15,29310.17,1
2024-10-09,2024-10-09 13:50:00,1528.12,1528.24,1528.12,1528.24,0.01,19.15,29310.17,1
2024-10-09,2024-10-09 13:51:00,1528.24,1528.35,1528.24,1528.35,0.01,19.15,29310.17,1
2024-10-09,2024-10-09 13:52:00,1528.35,1528.46,1528.35,1528.46,0.01,19.15,29310.17,1
2024-10-09,2024-10-09 13:53:00,1528.46,1528.58,1528.46,1528.58,0.01,19.15,29310.17,1
2024-10-09,2024-10-09 13:54:00,1528.58,1528.69,1528.58,1528.69,0.01,19.15,29310.17,1
2024-10-09,2024-10-09 13:55:00,1528.69,1528.8,1528.69,1528.8,0.01,19.15,29310.17,1
2024-10-09,2024-10-09 13:56:00,1528.8,1528.91,1528.8,1528.91,0.01,19.15,29310.17,1
2024-10-09,2024-10-09 13:57:00,1528.91,1529.03,1528.91,1529.03,0.01,19.15,29310.17,1
2024-10-09,2024-10-09 13:58:00,1529.03,1529.14,1529.03,1529.14,0.01,19.15,29310.17,1
2024-10-09,2024-10-09 13:59:00,1529.14,1529.25,1529.14,1529.25,0.01,19.15,29310.17,1
2024-10-09,2024-10-09 14:00:00,1529.25,1529.36,1529.25,1529.36,0.01,19.15,29310.17,1
2024-10-09,2024-10-09 14:01:00,1529.36,1529.47,1529.36,1529.47,0.01,19.15,29310.17,1
2024-10-09,2024-10-09 14:02:00,1529.47,1529.59,1529.47,1529.59,0.01,19.15,29310.17,1
2024-10-09,2024-10-09 14:03:00,1529.59,1529.7,1529.59,1529.7,0.01,19.15,29310.17,1
2024-10-09,2024-10-09 14:04:00,1529.7,1529.81,1529.7,1529.81,0.01,19.15,29310.17,1
2024-10-09,2024-10-09 14:05:00,1529.81,1529.92,1529.81,1529.92,0.01,19.15,29310.17,1
2024-10-09,2024-10-09 14:06:00,1529.92,1530.04,1529.92,1530.04,0.01,19.15,29310.17,1
2024-10-09,2024-10-09 14:07:00,1530.04,1530.15,1530.04,1530.15,0.01,19.15,29310.17,1
2024-10-09,2024-10-09 14:08:00,1530.15,1530.26,1530.15,1530.26,0.01,19.15,29310.17,1
2024-10-09,2024-10-09 14:09:00,1530.26,1530.38,1530.26,1530.38,0.01,19.15,29310.17,1
2024-10-09,2024-10-09 14:10:00,1530.38,1530.49,1530.38,1530.49,0.01,19.15,29310.17,1
2024-10-09,2024-10-09 14:11:00,1530.49,1530.6,1530.49,1530.6,0.01,19.15,29310.17,1
2024-10-09,2024-10-09 14:12:00,1530.6,1530.71,1530.6,1530.71,0.01,19.15,29310.17,1
2024-10-09,2024-10-09 14:13:00,1530.71,1530.83,1530.71,1530.83,0.01,19.15,29310.17,1
2024-10-09,2024-10-09 14:14:00,1530.83,1530.94,1530.83,1530.94,0.01,19.15,29310.17,1
2024-10-09,2024-10-09 14:15:00,1530.94,1531.05,1530.94,1531.05,0.01,19.15,29310.17,1
2024-10-09,2024-10-09 14:16:00,1531.05,1531.16,1531.05,1531.16,0.01,19.15,29310.17,1
2024-10-09,2024-10-09 14:17:00,1531.16,1531.28,1531.16,1531.28,0.01,19.15,29310.17,1
2024-10-09,2024-10-09 14:18:00,1531.28,1531.39,1531.28,1531.39,0.01,19.15,29310.17,1
2024-10-09,2024-10-09 14:19:00,1531.39,1531.5,1531.39,1531.5,0.01,19.15,29310.17,1
2024-10-09,2024-10-09 14:20:00,1531.5,1531.61,1531.5,1531.61,0.01,19.15,29310.17,1
2024-10-09,2024-10-09 14:21:00,1531.61,1531.72,1531.61,1531.72,0.01,19.15,29310.17,1
2024-10-09,2024-10-09 14:22:00,1531.72,1531.84,1531.72,1531.84,0.01,19.15,29310.17,1
2024-10-09,2024-10-09 14:23:00,1531.84,1531.95,1531.84,1531.95,0.01,19.15,29310.17,1
2024-10-09,2024-10-09 14:24:00,1531.95,1532.06,1531.95,1532.06,0.01,19.15,29310.17,1
2024-10-09,2024-10-09 14:25:00,1532.06,1532.17,1532.06,1532.17,0.01,19.15,29310.17,1
2024-10-09,2024-10-09 14:26:00,1532.17,1532.29,1532.17,1532.29,0.01,19.15,29310.17,1
2024-10-09,2024-10-09 14:27:00,1532.29,1532.4,1532.29,1532.4,0.01,19.15,29310.17,1
2024-10-09,2024-10-09 14:28:00,1532.4,1532.51,1532.4,1532.51,0.01,19.15,29310.17,1
2024-10-09,2024-10-09 14:29:00,1532.51,1532.62,1532.51,1532.62,0.01,19.15,29310.17,1
2024-10-09,2024-10-09 14:30:00,1532.62,1532.74,1532.62,1532.74,0.01,19.15,29310.17,1
2024-10-09,2024-10-09 14:31:00,1532.74,1532.85,1532.74,1532.85,0.01,19.15,29310.17,1
2024-10-09,2024-10-09 14:32:00,1532.85,1532.96,1532.85,1532.96,0.01,19.15,29310.17,1
2024-10-09,2024-10-09 14:33:00,1532.96,1533.08,1532.96,1533.08,0.01,19.15,29310.17,1
2024-10-09,2024-10-09 14:34:00,1533.08,1533.19,1533.08,1533.19,0.01,19.15,29310.17,1
2024-10-09,2024-10-09 14:35:00,1533.19,1533.3,1533.19,1533.3,0.01,19.15,29310.17,1
2024-10-09,2024-10-09 14:36:00,1533.3,1533.41,1533.3,1533.41,0.01,19.15,29310.17,1
2024-10-09,2024-10-09 14:37:00,1533.41,1533.53,1533.41,1533.53,0.01,19.15,29310.17,1
2024-10-09,2024-10-09 14:38:00,1533.53,1533.64,1533.53,1533.64,0.01,19.15,29310.17,1
2024-10-09,2024-10-09 14:39:00,1533.64,1533.75,1533.64,1533.75,0.01,19.15,29310.17,1
2024-10-09,2024-10-09 14:40:00,1533.75,1533.86,1533.75,1533.86,0.01,19.15,29310.17,1
2024-10-09,2024-10-09 14:41:00,1533.86,1533.97,1533.86,1533.97,0.01,19.15,29310.17,1
2024-10-09,2024-10-09 14:42:00,1533.97,1534.09,1533.97,1534.09,0.01,19.15,29310.17,1
2024-10-09,2024-10-09 14:43:00,1534.09,1534.2,1534.09,1534.2,0.01,19.15,29310.17,1
2024-10-09,2024-10-09 14:44:00,1534.2,1534.31,1534.2,1534.31,0.01,19.15,29310.17,1
2024-10-09,2024-10-09 14:45:00,1534.31,1534.42,1534.31,1534.42,0.01,19.15,29310.17,1
2024-10-09,2024-10-09 14:46:00,1534.42,1534.54,1534.42,1534.54,0.01,19.15,29310.17,1
2024-10-09,2024-10-09 14:47:00,1534.54,1534.65,1534.54,1534.65,0.01,19.15,29310.17,1
2024-10-09,2024-10-09 14:48:00,1534.65,1534.76,1534.65,1534.76,0.01,19.15,29310.17,1
2024-10-09,2024-10-09 14:49:00,1534.76,1534.88,1534.76,1534.88,0.01,19.15,29310.17,1
2024-10-09,2024-10-09 14:50:00,1534.88,1534.99,1534.88,1534.99,0.01,19.15,29310.17,1
2024-10-09,2024-10-09 14:51:00,1534.99,1535.1,1534.99,1535.1,0.01,19.15,29310.17,1
2024-10-09,2024-10-09 14:52:00,1535.1,1535.21,1535.1,1535.21,0.01,19.15,29310.17,1
2024-10-09,2024-10-09 14:53:00,1535.21,1535.33,1535.21,1535.33,0.01,19.15,29310.17,1
2024-10-09,2024-10-09 14:54:00,1535.33,1535.44,1535.33,1535.44,0.01,19.15,29310.17,1
2024-10-09,2024-10-09 14:55:00,1535.44,1535.55,1535.44,1535.55,0.01,19.15,29310.17,1
2024-10-09,2024-10-09 14:56:00,1535.55,1535.66,1535.55,1535.66,0.01,19.15,29310.17,1
2024-10-09,2024-10-09 14:57:00,1535.66,1535.78,1535.66,1535.78,0.01,19.15,29310.17,1
2024-10-09,2024-10-09 14:58:00,1535.78,1535.89,1535.78,1535.89,0.01,19.15,29310.17,1
2024-10-09,2024-10-09 14:59:00,1535.89,1536.0,1535.89,1536.0,0.01,19.15,29310.17,1
2024-10-09,2024-10-09 15:00:00,1536.0,1565.0,1509.0,1536.0,0.0,19.15,29310.17,0
2024-10-15,2024-10-15 11:00:00,1561.3,1561.3,1545.91,1561.21,-0.01,14.65,22504.57,-1
2024-10-15,2024-10-15 11:01:00,1561.21,1561.21,1561.13,1561.13,-0.01,14.65,22504.57,-1
2024-10-15,2024-10-15 11:02:00,1561.13,1561.13,1561.04,1561.04,-0.01,14.65,22504.57,-1
2024-10-15,2024-10-15 11:03:00,1561.04,1561.04,1560.96,1560.96,-0.01,14.65,22504.57,-1
2024-10-15,2024-10-15 11:04:00,1560.96,1560.96,1560.88,1560.88,-0.01,14.65,22504.57,-1
2024-10-15,2024-10-15 11:05:00,1560.88,1560.88,1560.79,1560.79,-0.01,14.65,22504.57,-1
2024-10-15,2024-10-15 11:06:00,1560.79,1560.79,1560.7,1560.7,-0.01,14.65,22504.57,-1
2024-10-15,2024-10-15 11:07:00,1560.7,1560.7,1560.62,1560.62,-0.01,14.65,22504.57,-1
2024-10-15,2024-10-15 11:08:00,1560.62,1560.62,1560.53,1560.53,-0.01,14.65,22504.57,-1
2024-10-15,2024-10-15 11:09:00,1560.53,1560.53,1560.45,1560.45,-0.01,14.65,22504.57,-1
2024-10-15,2024-10-15 11:10:00,1560.45,1560.45,1560.37,1560.37,-0.01,14.65,22504.57,-1
2024-10-15,2024-10-15 11:11:00,1560.37,1560.37,1560.28,1560.28,-0.01,14.65,22504.57,-1
2024-10-15,2024-10-15 11:12:00,1560.28,1560.28,1560.19,1560.19,-0.01,14.65,22504.57,-1
2024-10-15,2024-10-15 11:13:00,1560.19,1560.19,1560.11,1560.11,-0.01,14.65,22504.57,-1
2024-10-15,2024-10-15 11:14:00,1560.11,1560.11,1560.02,1560.02,-0.01,14.65,22504.57,-1
2024-10-15,2024-10-15 11:15:00,1560.02,1560.02,1559.94,1559.94,-0.01,14.65,22504.57,-1
2024-10-15,2024-10-15 11:16:00,1559.94,1559.94,1559.86,1559.86,-0.01,14.65,22504.57,-1
2024-10-15,2024-10-15 11:17:00,1559.86,1559.86,1559.77,1559.77,-0.01,14.65,22504.57,-1
2024-10-15,2024-10-15 11:18:00,1559.77,1559.77,1559.68,1559.68,-0.01,14.65,22504.57,-1
2024-10-15,2024-10-15 11:19:00,1559.68,1559.68,1559.6,1559.6,-0.01,14.65,22504.57,-1
2024-10-15,2024-10-15 11:20:00,1559.6,1559.6,1559.51,1559.51,-0.01,14.65,22504.57,-1
2024-10-15,2024-10-15 11:21:00,1559.51,1559.51,1559.43,1559.43,-0.01,14.65,22504.57,-1
2024-10-15,2024-10-15 11:22:00,1559.43,1559.43,1559.35,1559.35,-0.01,14.65,22504.57,-1
2024-10-15,2024-10-15 11:23:00,1559.35,1559.35,1559.26,1559.26,-0.01,14.65,22504.57,-1
2024-10-15,2024-10-15 11:24:00,1559.26,1559.26,1559.17,1559.17,-0.01,14.65,22504.57,-1
2024-10-15,2024-10-15 11:25:00,1559.17,1559.17,1559.09,1559.09,-0.01,14.65,22504.57,-1
2024-10-15,2024-10-15 11:26:00,1559.09,1559.09,1559.0,1559.0,-0.01,14.65,22504.57,-1
2024-10-15,2024-10-15 11:27:00,1559.0,1559.0,1558.92,1558.92,-0.01,14.65,22504.57,-1
2024-10-15,2024-10-15 11:28:00,1558.92,1558.92,1558.84,1558.84,-0.01,14.65,22504.57,-1
2024-10-15,2024-10-15 11:29:00,1558.84,1558.84,1558.75,1558.75,-0.01,14.65,22504.57,-1
2024-10-15,2024-10-15 11:30:00,1558.75,1558.75,1558.66,1558.66,-0.01,14.65,22504.57,-1
2024-10-15,2024-10-15 11:31:00,1558.66,1558.66,1558.58,1558.58,-0.01,14.65,22504.57,-1
2024-10-15,2024-10-15 11:32:00,1558.58,1558.58,1558.49,1558.49,-0.01,14.65,22504.57,-1
2024-10-15,2024-10-15 11:33:00,1558.49,1558.49,1558.41,1558.41,-0.01,14.65,22504.57,-1
2024-10-15,2024-10-15 11:34:00,1558.41,1558.41,1558.33,1558.33,-0.01,14.65,22504.57,-1
2024-10-15,2024-10-15 11:35:00,1558.33,1558.33,1558.24,1558.24,-0.01,14.65,22504.57,-1
2024-10-15,2024-10-15 11:36:00,1558.24,1558.24,1558.15,1558.15,-0.01,14.65,22504.57,-1
2024-10-15,2024-10-15 11:37:00,1558.15,1558.15,1558.07,1558.07,-0.01,14.65,22504.57,-1
2024-10-15,2024-10-15 11:38:00,1558.07,1558.07,1557.98,1557.98,-0.01,14.65,22504.57,-1
2024-10-15,2024-10-15 11:39:00,1557.98,1557.98,1557.9,1557.9,-0.01,14.65,22504.57,-1
2024-10-15,2024-10-15 11:40:00,1557.9,1557.9,1557.82,1557.82,-0.01,14.65,22504.57,-1
2024-10-15,2024-10-15 11:41:00,1557.82,1557.82,1557.73,1557.73,-0.01,14.65,22504.57,-1
2024-10-15,2024-10-15 11:42:00,1557.73,1557.73,1557.64,1557.64,-0.01,14.65,22504.57,-1
2024-10-15,2024-10-15 11:43:00,1557.64,1557.64,1557.56,1557.56,-0.01,14.65,22504.57,-1
2024-10-15,2024-10-15 11:44:00,1557.56,1557.56,1557.47,1557.47,-0.01,14.65,22504.57,-1
2024-10-15,2024-10-15 11:45:00,1557.47,1557.47,1557.39,1557.39,-0.01,14.65,22504.57,-1
2024-10-15,2024-10-15 11:46:00,1557.39,1557.39,1557.31,1557.31,-0.01,14.65,22504.57,-1
2024-10-15,2024-10-15 11:47:00,1557.31,1557.31,1557.22,1557.22,-0.01,14.65,22504.57,-1
2024-10-15,2024-10-15 11:48:00,1557.22,1557.22,1557.13,1557.13,-0.01,14.65,22504.57,-1
2024-10-15,2024-10-15 11:49:00,1557.13,1557.13,1557.05,1557.05,-0.01,14.65,22504.57,-1
2024-10-15,2024-10-15 11:50:00,1557.05,1557.05,1556.96,1556.96,-0.01,14.65,22504.57,-1
2024-10-15,2024-10-15 11:51:00,1556.96,1556.96,1556.88,1556.88,-0.01,14.65,22504.57,-1
2024-10-15,2024-10-15 11:52:00,1556.88,1556.88,1556.8,1556.8,-0.01,14.65,22504.57,-1
2024-10-15,2024-10-15 11:53:00,1556.8,1556.8,1556.71,1556.71,-0.01,14.65,22504.57,-1
2024-10-15,2024-10-15 11:54:00,1556.71,1556.71,1556.62,1556.62,-0.01,14.65,22504.57,-1
2024-10-15,2024-10-15 11:55:00,1556.62,1556.62,1556.54,1556.54,-0.01,14.65,22504.57,-1
2024-10-15,2024-10-15 11:56:00,1556.54,1556.54,1556.45,1556.45,-0.01,14.65,22504.57,-1
2024-10-15,2024-10-15 11:57:00,1556.45,1556.45,1556.37,1556.37,-0.01,14.65,22504.57,-1
2024-10-15,2024-10-15 11:58:00,1556.37,1556.37,1556.29,1556.29,-0.01,14.65,22504.57,-1
2024-10-15,2024-10-15 11:59:00,1556.29,1556.29,1556.2,1556.2,-0.01,14.65,22504.57,-1
2024-10-15,2024-10-15 12:00:00,1556.2,1556.2,1556.12,1556.12,-0.01,14.65,22504.57,-1
2024-10-15,2024-10-15 12:01:00,1556.12,1556.12,1556.03,1556.03,-0.01,14.65,22504.57,-1
2024-10-15,2024-10-15 12:02:00,1556.03,1556.03,1555.94,1555.94,-0.01,14.65,22504.57,-1
2024-10-15,2024-10-15 12:03:00,1555.94,1555.94,1555.86,1555.86,-0.01,14.65,22504.57,-1
2024-10-15,2024-10-15 12:04:00,1555.86,1555.86,1555.78,1555.78,-0.01,14.65,22504.57,-1
2024-10-15,2024-10-15 12:05:00,1555.78,1555.78,1555.69,1555.69,-0.01,14.65,22504.57,-1
2024-10-15,2024-10-15 12:06:00,1555.69,1555.69,1555.61,1555.61,-0.01,14.65,22504.57,-1
2024-10-15,2024-10-15 12:07:00,1555.61,1555.61,1555.52,1555.52,-0.01,14.65,22504.57,-1
2024-10-15,2024-10-15 12:08:00,1555.52,1555.52,1555.43,1555.43,-0.01,14.65,22504.57,-1
2024-10-15,2024-10-15 12:09:00,1555.43,1555.43,1555.35,1555.35,-0.01,14.65,22504.57,-1
2024-10-15,2024-10-15 12:10:00,1555.35,1555.35,1555.27,1555.27,-0.01,14.65,22504.57,-1
2024-10-15,2024-10-15 12:11:00,1555.27,1555.27,1555.18,1555.18,-0.01,14.65,22504.57,-1
2024-10-15,2024-10-15 12:12:00,1555.18,1555.18,1555.1,1555.1,-0.01,14.65,22504.57,-1
2024-10-15,2024-10-15 12:13:00,1555.1,1555.1,1555.01,1555.01,-0.01,14.65,22504.57,-1
2024-10-15,2024-10-15 12:14:00,1555.01,1555.01,1554.92,1554.92,-0.01,14.65,22504.57,-1
2024-10-15,2024-10-15 12:15:00,1554.92,1554.92,1554.84,1554.84,-0.01,14.65,22504.57,-1
2024-10-15,2024-10-15 12:16:00,1554.84,1554.84,1554.76,1554.76,-0.01,14.65,22504.57,-1
2024-10-15,2024-10-15 12:17:00,1554.76,1554.76,1554.67,1554.67,-0.01,14.65,22504.57,-1
2024-10-15,2024-10-15 12:18:00,1554.67,1554.67,1554.59,1554.59,-0.01,14.65,22504.57,-1
2024-10-15,2024-10-15 12:19:00,1554.59,1554.59,1554.5,1554.5,-0.01,14.65,22504.57,-1
2024-10-15,2024-10-15 12:20:00,1554.5,1554.5,1554.41,1554.41,-0.01,14.65,22504.57,-1
2024-10-15,2024-10-15 12:21:00,1554.41,1554.41,1554.33,1554.33,-0.01,14.65,22504.57,-1
2024-10-15,2024-10-15 12:22:00,1554.33,1554.33,1554.24,1554.24,-0.01,14.65,22504.57,-1
2024-10-15,2024-10-15 12:23:00,1554.24,1554.24,1554.16,1554.16,-0.01,14.65,22504.57,-1
2024-10-15,2024-10-15 12:24:00,1554.16,1554.16,1554.08,1554.08,-0.01,14.65,22504.57,-1
2024-10-15,2024-10-15 12:25:00,1554.08,1554.08,1553.99,1553.99,-0.01,14.65,22504.57,-1
2024-10-15,2024-10-15 12:26:00,1553.99,1553.99,1553.9,1553.9,-0.01,14.65,22504.57,-1
2024-10-15,2024-10-15 12:27:00,1553.9,1553.9,1553.82,1553.82,-0.01,14.65,22504.57,-1
2024-10-15,2024-10-15 12:28:00,1553.82,1553.82,1553.73,1553.73,-0.01,14.65,22504.57,-1
2024-10-15,2024-10-15 12:29:00,1553.73,1553.73,1553.65,1553.65,-0.01,14.65,22504.57,-1
2024-10-15,2024-10-15 12:30:00,1553.65,1553.65,1553.57,1553.57,-0.01,14.65,22504.57,-1
2024-10-15,2024-10-15 12:31:00,1553.57,1553.57,1553.48,1553.48,-0.01,14.65,22504.57,-1
2024-10-15,2024-10-15 12:32:00,1553.48,1553.48,1553.39,1553.39,-0.01,14.65,22504.57,-1
2024-10-15,2024-10-15 12:33:00,1553.39,1553.39,1553.31,1553.31,-0.01,14.65,22504.57,-1
2024-10-15,2024-10-15 12:34:00,1553.31,1553.31,1553.22,1553.22,-0.01,14.65,22504.57,-1
2024-10-15,2024-10-15 12:35:00,1553.22,1553.22,1553.14,1553.14,-0.01,14.65,22504.57,-1
2024-10-15,2024-10-15 12:36:00,1553.14,1553.14,1553.06,1553.06,-0.01,14.65,22504.57,-1
2024-10-15,2024-10-15 12:37:00,1553.06,1553.06,1552.97,1552.97,-0.01,14.65,22504.57,-1
2024-10-15,2024-10-15 12:38:00,1552.97,1552.97,1552.88,1552.88,-0.01,14.65,22504.57,-1
2024-10-15,2024-10-15 12:39:00,1552.88,1552.88,1552.8,1552.8,-0.01,14.65,22504.57,-1
2024-10-15,2024-10-15 12:40:00,1552.8,1552.8,1552.71,1552.71,-0.01,14.65,22504.57,-1
2024-10-15,2024-10-15 12:41:00,1552.71,1552.71,1552.63,1552.63,-0.01,14.65,22504.57,-1
2024-10-15,2024-10-15 12:42:00,1552.63,1552.63,1552.55,1552.55,-0.01,14.65,22504.57,-1
2024-10-15,2024-10-15 12:43:00,1552.55,1552.55,1552.46,1552.46,-0.01,14.65,22504.57,-1
2024-10-15,2024-10-15 12:44:00,1552.46,1552.46,1552.38,1552.38,-0.01,14.65,22504.57,-1
2024-10-15,2024-10-15 12:45:00,1552.38,1552.38,1552.29,1552.29,-0.01,14.65,22504.57,-1
2024-10-15,2024-10-15 12:46:00,1552.29,1552.29,1552.2,1552.2,-0.01,14.65,22504.57,-1
2024-10-15,2024-10-15 12:47:00,1552.2,1552.2,1552.12,1552.12,-0.01,14.65,22504.57,-1
2024-10-15,2024-10-15 12:48:00,1552.12,1552.12,1552.04,1552.04,-0.01,14.65,22504.57,-1
2024-10-15,2024-10-15 12:49:00,1552.04,1552.04,1551.95,1551.95,-0.01,14.65,22504.57,-1
2024-10-15,2024-10-15 12:50:00,1551.95,1551.95,1551.87,1551.87,-0.01,14.65,22504.57,-1
2024-10-15,2024-10-15 12:51:00,1551.87,1551.87,1551.78,1551.78,-0.01,14.65,22504.57,-1
2024-10-15,2024-10-15 12:52:00,1551.78,1551.78,1551.69,1551.69,-0.01,14.65,22504.57,-1
2024-10-15,2024-10-15 12:53:00,1551.69,1551.69,1551.61,1551.61,-0.01,14.65,22504.57,-1
2024-10-15,2024-10-15 12:54:00,1551.61,1551.61,1551.53,1551.53,-0.01,14.65,22504.57,-1
2024-10-15,2024-10-15 12:55:00,1551.53,1551.53,1551.44,1551.44,-0.01,14.65,22504.57,-1
2024-10-15,2024-10-15 12:56:00,1551.44,1551.44,1551.36,1551.36,-0.01,14.65,22504.57,-1
2024-10-15,2024-10-15 12:57:00,1551.36,1551.36,1551.27,1551.27,-0.01,14.65,22504.57,-1
2024-10-15,2024-10-15 12:58:00,1551.27,1551.27,1551.18,1551.18,-0.01,14.65,22504.57,-1
2024-10-15,2024-10-15 12:59:00,1551.18,1551.18,1551.1,1551.1,-0.01,14.65,22504.57,-1
2024-10-15,2024-10-15 13:00:00,1551.1,1561.3,1510.0,1551.02,-0.01,14.65,22504.57,-1
2024-10-15,2024-10-15 13:01:00,1551.02,1551.02,1550.93,1550.93,-0.01,14.65,22504.57,-1
2024-10-15,2024-10-15 13:02:00,1550.93,1550.93,1550.85,1550.85,-0.01,14.65,22504.57,-1
2024-10-15,2024-10-15 13:03:00,1550.85,1550.85,1550.76,1550.76,-0.01,14.65,22504.57,-1
2024-10-15,2024-10-15 13:04:00,1550.76,1550.76,1550.67,1550.67,-0.01,14.65,22504.57,-1
2024-10-15,2024-10-15 13:05:00,1550.67,1550.67,1550.59,1550.59,-0.01,14.65,22504.57,-1
2024-10-15,2024-10-15 13:06:00,1550.59,1550.59,1550.51,1550.51,-0.01,14.65,22504.57,-1
2024-10-15,2024-10-15 13:07:00,1550.51,1550.51,1550.42,1550.42,-0.01,14.65,22504.57,-1
2024-10-15,2024-10-15 13:08:00,1550.42,1550.42,1550.34,1550.34,-0.01,14.65,22504.57,-1
2024-10-15,2024-10-15 13:09:00,1550.34,1550.34,1550.25,1550.25,-0.01,14.65,22504.57,-1
2024-10-15,2024-10-15 13:10:00,1550.25,1550.25,1550.16,1550.16,-0.01,14.65,22504.57,-1
2024-10-15,2024-10-15 13:11:00,1550.16,1550.16,1550.08,1550.08,-0.01,14.65,22504.57,-1
2024-10-15,2024-10-15 13:12:00,1550.08,1550.08,1550.0,1550.0,-0.01,14.65,22504.57,-1
2024-10-15,2024-10-15 13:13:00,1550.0,1550.0,1549.91,1549.91,-0.01,14.65,22504.57,-1
2024-10-15,2024-10-15 13:14:00,1549.91,1549.91,1549.83,1549.83,-0.01,14.65,22504.57,-1
2024-10-15,2024-10-15 13:15:00,1549.83,1549.83,1549.74,1549.74,-0.01,14.65,22504.57,-1
2024-10-15,2024-10-15 13:16:00,1549.74,1549.74,1549.65,1549.65,-0.01,14.65,22504.57,-1
2024-10-15,2024-10-15 13:17:00,1549.65,1549.65,1549.57,1549.57,-0.01,14.65,22504.57,-1
2024-10-15,2024-10-15 13:18:00,1549.57,1549.57,1549.49,1549.49,-0.01,14.65,22504.57,-1
2024-10-15,2024-10-15 13:19:00,1549.49,1549.49,1549.4,1549.4,-0.01,14.65,22504.57,-1
2024-10-15,2024-10-15 13:20:00,1549.4,1549.4,1549.32,1549.32,-0.01,14.65,22504.57,-1
2024-10-15,2024-10-15 13:21:00,1549.32,1549.32,1549.23,1549.23,-0.01,14.65,22504.57,-1
2024-10-15,2024-10-15 13:22:00,1549.23,1549.23,1549.14,1549.14,-0.01,14.65,22504.57,-1
2024-10-15,2024-10-15 13:23:00,1549.14,1549.14,1549.06,1549.06,-0.01,14.65,22504.57,-1
2024-10-15,2024-10-15 13:24:00,1549.06,1549.06,1548.98,1548.98,-0.01,14.65,22504.57,-1
2024-10-15,2024-10-15 13:25:00,1548.98,1548.98,1548.89,1548.89,-0.01,14.65,22504.57,-1
2024-10-15,2024-10-15 13:26:00,1548.89,1548.89,1548.81,1548.81,-0.01,14.65,22504.57,-1
2024-10-15,2024-10-15 13:27:00,1548.81,1548.81,1548.72,1548.72,-0.01,14.65,22504.57,-1
2024-10-15,2024-10-15 13:28:00,1548.72,1548.72,1548.63,1548.63,-0.01,14.65,22504.57,-1
2024-10-15,2024-10-15 13:29:00,1548.63,1548.63,1548.55,1548.55,-0.01,14.65,22504.57,-1
2024-10-15,2024-10-15 13:30:00,1548.55,1548.55,1548.47,1548.47,-0.01,14.65,22504.57,-1
2024-10-15,2024-10-15 13:31:00,1548.47,1548.47,1548.38,1548.38,-0.01,14.65,22504.57,-1
2024-10-15,2024-10-15 13:32:00,1548.38,1548.38,1548.3,1548.3,-0.01,14.65,22504.57,-1
2024-10-15,2024-10-15 13:33:00,1548.3,1548.3,1548.21,1548.21,-0.01,14.65,22504.57,-1
2024-10-15,2024-10-15 13:34:00,1548.21,1548.21,1548.12,1548.12,-0.01,14.65,22504.57,-1
2024-10-15,2024-10-15 13:35:00,1548.12,1548.12,1548.04,1548.04,-0.01,14.65,22504.57,-1
2024-10-15,2024-10-15 13:36:00,1548.04,1548.04,1547.96,1547.96,-0.01,14.65,22504.57,-1
2024-10-15,2024-10-15 13:37:00,1547.96,1547.96,1547.87,1547.87,-0.01,14.65,22504.57,-1
2024-10-15,2024-10-15 13:38:00,1547.87,1547.87,1547.79,1547.79,-0.01,14.65,22504.57,-1
2024-10-15,2024-10-15 13:39:00,1547.79,1547.79,1547.7,1547.7,-0.01,14.65,22504.57,-1
2024-10-15,2024-10-15 13:40:00,1547.7,1547.7,1547.62,1547.62,-0.01,14.65,22504.57,-1
2024-10-15,2024-10-15 13:41:00,1547.62,1547.62,1547.53,1547.53,-0.01,14.65,22504.57,-1
2024-10-15,2024-10-15 13:42:00,1547.53,1547.53,1547.44,1547.44,-0.01,14.65,22504.57,-1
2024-10-15,2024-10-15 13:43:00,1547.44,1547.44,1547.36,1547.36,-0.01,14.65,22504.57,-1
2024-10-15,2024-10-15 13:44:00,1547.36,1547.36,1547.28,1547.28,-0.01,14.65,22504.57,-1
2024-10-15,2024-10-15 13:45:00,1547.28,1547.28,1547.19,1547.19,-0.01,14.65,22504.57,-1
2024-10-15,2024-10-15 13:46:00,1547.19,1547.19,1547.11,1547.11,-0.01,14.65,22504.57,-1
2024-10-15,2024-10-15 13:47:00,1547.11,1547.11,1547.02,1547.02,-0.01,14.65,22504.57,-1
2024-10-15,2024-10-15 13:48:00,1547.02,1547.02,1546.93,1546.93,-0.01,14.65,22504.57,-1
2024-10-15,2024-10-15 13:49:00,1546.93,1546.93,1546.85,1546.85,-0.01,14.65,22504.57,-1
2024-10-15,2024-10-15 13:50:00,1546.85,1546.85,1546.77,1546.77,-0.01,14.65,22504.57,-1
2024-10-15,2024-10-15 13:51:00,1546.77,1546.77,1546.68,1546.68,-0.01,14.65,22504.57,-1
2024-10-15,2024-10-15 13:52:00,1546.68,1546.68,1546.6,1546.6,-0.01,14.65,22504.57,-1
2024-10-15,2024-10-15 13:53:00,1546.6,1546.6,1546.51,1546.51,-0.01,14.65,22504.57,-1
2024-10-15,2024-10-15 13:54:00,1546.51,1546.51,1546.42,1546.42,-0.01,14.65,22504.57,-1
2024-10-15,2024-10-15 13:55:00,1546.42,1546.42,1546.34,1546.34,-0.01,14.65,22504.57,-1
2024-10-15,2024-10-15 13:56:00,1546.34,1546.34,1546.26,1546.26,-0.01,14.65,22504.57,-1
2024-10-15,2024-10-15 13:57:00,1546.26,1546.26,1546.17,1546.17,-0.01,14.65,22504.57,-1
2024-10-15,2024-10-15 13:58:00,1546.17,1546.17,1546.09,1546.09,-0.01,14.65,22504.57,-1
2024-10-15,2024-10-15 13:59:00,1546.09,1546.09,1546.0,1546.0,-0.01,14.65,22504.57,-1
2024-10-15,2024-10-15 14:00:00,1546.0,1546.0,1545.91,1545.91,-0.01,14.65,22504.57,-1
2024-10-15,2024-10-15 14:01:00,1545.91,1545.91,1545.83,1545.83,-0.01,14.65,22504.57,-1
2024-10-15,2024-10-15 14:02:00,1545.83,1545.83,1545.75,1545.75,-0.01,14.65,22504.57,-1
2024-10-15,2024-10-15 14:03:00,1545.75,1545.75,1545.66,1545.66,-0.01,14.65,22504.57,-1
2024-10-15,2024-10-15 14:04:00,1545.66,1545.66,1545.58,1545.58,-0.01,14.65,22504.57,-1
2024-10-15,2024-10-15 14:05:00,1545.58,1545.58,1545.49,1545.49,-0.01,14.65,22504.57,-1
2024-10-15,2024-10-15 14:06:00,1545.49,1545.49,1545.4,1545.4,-0.01,14.65,22504.57,-1
2024-10-15,2024-10-15 14:07:00,1545.4,1545.4,1545.32,1545.32,-0.01,14.65,22504.57,-1
2024-10-15,2024-10-15 14:08:00,1545.32,1545.32,1545.24,1545.24,-0.01,14.65,22504.57,-1
2024-10-15,2024-10-15 14:09:00,1545.24,1545.24,1545.15,1545.15,-0.01,14.65,22504.57,-1
2024-10-15,2024-10-15 14:10:00,1545.15,1545.15,1545.07,1545.07,-0.01,14.65,22504.57,-1
2024-10-15,2024-10-15 14:11:00,1545.07,1545.07,1544.98,1544.98,-0.01,14.65,22504.57,-1
2024-10-15,2024-10-15 14:12:00,1544.98,1544.98,1544.89,1544.89,-0.01,14.65,22504.57,-1
2024-10-15,2024-10-15 14:13:00,1544.89,1544.89,1544.81,1544.81,-0.01,14.65,22504.57,-1
2024-10-15,2024-10-15 14:14:00,1544.81,1544.81,1544.73,1544.73,-0.01,14.65,22504.57,-1
2024-10-15,2024-10-15 14:15:00,1544.73,1544.73,1544.64,1544.64,-0.01,14.65,22504.57,-1
2024-10-15,2024-10-15 14:16:00,1544.64,1544.64,1544.56,1544.56,-0.01,14.65,22504.57,-1
2024-10-15,2024-10-15 14:17:00,1544.56,1544.56,1544.47,1544.47,-0.01,14.65,22504.57,-1
2024-10-15,2024-10-15 14:18:00,1544.47,1544.47,1544.38,1544.38,-0.01,14.65,22504.57,-1
2024-10-15,2024-10-15 14:19:00,1544.38,1544.38,1544.3,1544.3,-0.01,14.65,22504.57,-1
2024-10-15,2024-10-15 14:20:00,1544.3,1544.3,1544.22,1544.22,-0.01,14.65,22504.57,-1
2024-10-15,2024-10-15 14:21:00,1544.22,1544.22,1544.13,1544.13,-0.01,14.65,22504.57,-1
2024-10-15,2024-10-15 14:22:00,1544.13,1544.13,1544.05,1544.05,-0.01,14.65,22504.57,-1
2024-10-15,2024-10-15 14:23:00,1544.05,1544.05,1543.96,1543.96,-0.01,14.65,22504.57,-1
2024-10-15,2024-10-15 14:24:00,1543.96,1543.96,1543.88,1543.88,-0.01,14.65,22504.57,-1
2024-10-15,2024-10-15 14:25:00,1543.88,1543.88,1543.79,1543.79,-0.01,14.65,22504.57,-1
2024-10-15,2024-10-15 14:26:00,1543.79,1543.79,1543.71,1543.71,-0.01,14.65,22504.57,-1
2024-10-15,2024-10-15 14:27:00,1543.71,1543.71,1543.62,1543.62,-0.01,14.65,22504.57,-1
2024-10-15,2024-10-15 14:28:00,1543.62,1543.62,1543.54,1543.54,-0.01,14.65,22504.57,-1
2024-10-15,2024-10-15 14:29:00,1543.54,1543.54,1543.45,1543.45,-0.01,14.65,22504.57,-1
2024-10-15,2024-10-15 14:30:00,1543.45,1543.45,1543.37,1543.37,-0.01,14.65,22504.57,-1
2024-10-15,2024-10-15 14:31:00,1543.37,1543.37,1543.28,1543.28,-0.01,14.65,22504.57,-1
2024-10-15,2024-10-15 14:32:00,1543.28,1543.28,1543.2,1543.2,-0.01,14.65,22504.57,-1
2024-10-15,2024-10-15 14:33:00,1543.2,1543.2,1543.11,1543.11,-0.01,14.65,22504.57,-1
2024-10-15,2024-10-15 14:34:00,1543.11,1543.11,1543.03,1543.03,-0.01,14.65,22504.57,-1
2024-10-15,2024-10-15 14:35:00,1543.03,1543.03,1542.94,1542.94,-0.01,14.65,22504.57,-1
2024-10-15,2024-10-15 14:36:00,1542.94,1542.94,1542.86,1542.86,-0.01,14.65,22504.57,-1
2024-10-15,2024-10-15 14:37:00,1542.86,1542.86,1542.77,1542.77,-0.01,14.65,22504.57,-1
2024-10-15,2024-10-15 14:38:00,1542.77,1542.77,1542.69,1542.69,-0.01,14.65,22504.57,-1
2024-10-15,2024-10-15 14:39:00,1542.69,1542.69,1542.6,1542.6,-0.01,14.65,22504.57,-1
2024-10-15,2024-10-15 14:40:00,1542.6,1542.6,1542.52,1542.52,-0.01,14.65,22504.57,-1
2024-10-15,2024-10-15 14:41:00,1542.52,1542.52,1542.43,1542.43,-0.01,14.65,22504.57,-1
2024-10-15,2024-10-15 14:42:00,1542.43,1542.43,1542.35,1542.35,-0.01,14.65,22504.57,-1
2024-10-15,2024-10-15 14:43:00,1542.35,1542.35,1542.26,1542.26,-0.01,14.65,22504.57,-1
2024-10-15,2024-10-15 14:44:00,1542.26,1542.26,1542.18,1542.18,-0.01,14.65,22504.57,-1
2024-10-15,2024-10-15 14:45:00,1542.18,1542.18,1542.09,1542.09,-0.01,14.65,22504.57,-1
2024-10-15,2024-10-15 14:46:00,1542.09,1542.09,1542.01,1542.01,-0.01,14.65,22504.57,-1
2024-10-15,2024-10-15 14:47:00,1542.01,1542.01,1541.92,1541.92,-0.01,14.65,22504.57,-1
2024-10-15,2024-10-15 14:48:00,1541.92,1541.92,1541.84,1541.84,-0.01,14.65,22504.57,-1
2024-10-15,2024-10-15 14:49:00,1541.84,1541.84,1541.75,1541.75,-0.01,14.65,22504.57,-1
2024-10-15,2024-10-15 14:50:00,1541.75,1541.75,1541.67,1541.67,-0.01,14.65,22504.57,-1
2024-10-15,2024-10-15 14:51:00,1541.67,1541.67,1541.58,1541.58,-0.01,14.65,22504.57,-1
2024-10-15,2024-10-15 14:52:00,1541.58,1541.58,1541.5,1541.5,-0.01,14.65,22504.57,-1
2024-10-15,2024-10-15 14:53:00,1541.5,1541.5,1541.41,1541.41,-0.01,14.65,22504.57,-1
2024-10-15,2024-10-15 14:54:00,1541.41,1541.41,1541.33,1541.33,-0.01,14.65,22504.57,-1
2024-10-15,2024-10-15 14:55:00,1541.33,1541.33,1541.24,1541.24,-0.01,14.65,22504.57,-1
2024-10-15,2024-10-15 14:56:00,1541.24,1541.24,1541.16,1541.16,-0.01,14.65,22504.57,-1
2024-10-15,2024-10-15 14:57:00,1541.16,1541.16,1541.07,1541.07,-0.01,14.65,22504.57,-1
2024-10-15,2024-10-15 14:58:00,1541.07,1541.07,1540.99,1540.99,-0.01,14.65,22504.57,-1
2024-10-15,2024-10-15 14:59:00,1540.99,1540.99,1540.9,1540.9,-0.01,14.65,22504.57,-1
2024-10-15,2024-10-15 15:00:00,1540.9,1561.3,1510.0,1540.9,0.0,14.65,22504.57,0
2024-10-16,2024-10-16 11:00:00,1515.0,1528.5,1515.0,1515.19,0.01,15.14,23457.38,1
2024-10-16,2024-10-16 11:01:00,1515.19,1515.37,1515.19,1515.37,0.01,15.14,23457.38,1
2024-10-16,2024-10-16 11:02:00,1515.37,1515.56,1515.37,1515.56,0.01,15.14,23457.38,1
2024-10-16,2024-10-16 11:03:00,1515.56,1515.75,1515.56,1515.75,0.01,15.14,23457.38,1
2024-10-16,2024-10-16 11:04:00,1515.75,1515.93,1515.75,1515.93,0.01,15.14,23457.38,1
2024-10-16,2024-10-16 11:05:00,1515.93,1516.12,1515.93,1516.12,0.01,15.14,23457.38,1
2024-10-16,2024-10-16 11:06:00,1516.12,1516.31,1516.12,1516.31,0.01,15.14,23457.38,1
2024-10-16,2024-10-16 11:07:00,1516.31,1516.49,1516.31,1516.49,0.01,15.14,23457.38,1
2024-10-16,2024-10-16 11:08:00,1516.49,1516.68,1516.49,1516.68,0.01,15.14,23457.38,1
2024-10-16,2024-10-16 11:09:00,1516.68,1516.87,1516.68,1516.87,0.01,15.14,23457.38,1
2024-10-16,2024-10-16 11:10:00,1516.87,1517.05,1516.87,1517.05,0.01,15.14,23457.38,1
2024-10-16,2024-10-16 11:11:00,1517.05,1517.24,1517.05,1517.24,0.01,15.14,23457.38,1
2024-10-16,2024-10-16 11:12:00,1517.24,1517.43,1517.24,1517.43,0.01,15.14,23457.38,1
2024-10-16,2024-10-16 11:13:00,1517.43,1517.61,1517.43,1517.61,0.01,15.14,23457.38,1
2024-10-16,2024-10-16 11:14:00,1517.61,1517.8,1517.61,1517.8,0.01,15.14,23457.38,1
2024-10-16,2024-10-16 11:15:00,1517.8,1517.99,1517.8,1517.99,0.01,15.14,23457.38,1
2024-10-16,2024-10-16 11:16:00,1517.99,1518.17,1517.99,1518.17,0.01,15.14,23457.38,1
2024-10-16,2024-10-16 11:17:00,1518.17,1518.36,1518.17,1518.36,0.01,15.14,23457.38,1
2024-10-16,2024-10-16 11:18:00,1518.36,1518.55,1518.36,1518.55,0.01,15.14,23457.38,1
2024-10-16,2024-10-16 11:19:00,1518.55,1518.73,1518.55,1518.73,0.01,15.14,23457.38,1
2024-10-16,2024-10-16 11:20:00,1518.73,1518.92,1518.73,1518.92,0.01,15.14,23457.38,1
2024-10-16,2024-10-16 11:21:00,1518.92,1519.11,1518.92,1519.11,0.01,15.14,23457.38,1
2024-10-16,2024-10-16 11:22:00,1519.11,1519.29,1519.11,1519.29,0.01,15.14,23457.38,1
2024-10-16,2024-10-16 11:23:00,1519.29,1519.48,1519.29,1519.48,0.01,15.14,23457.38,1
2024-10-16,2024-10-16 11:24:00,1519.48,1519.67,1519.48,1519.67,0.01,15.14,23457.38,1
2024-10-16,2024-10-16 11:25:00,1519.67,1519.85,1519.67,1519.85,0.01,15.14,23457.38,1
2024-10-16,2024-10-16 11:26:00,1519.85,1520.04,1519.85,1520.04,0.01,15.14,23457.38,1
2024-10-16,2024-10-16 11:27:00,1520.04,1520.23,1520.04,1520.23,0.01,15.14,23457.38,1
2024-10-16,2024-10-16 11:28:00,1520.23,1520.41,1520.23,1520.41,0.01,15.14,23457.38,1
2024-10-16,2024-10-16 11:29:00,1520.41,1520.6,1520.41,1520.6,0.01,15.14,23457.38,1
2024-10-16,2024-10-16 11:30:00,1520.6,1520.79,1520.6,1520.79,0.01,15.14,23457.38,1
2024-10-16,2024-10-16 11:31:00,1520.79,1520.97,1520.79,1520.97,0.01,15.14,23457.38,1
2024-10-16,2024-10-16 11:32:00,1520.97,1521.16,1520.97,1521.16,0.01,15.14,23457.38,1
2024-10-16,2024-10-16 11:33:00,1521.16,1521.35,1521.16,1521.35,0.01,15.14,23457.38,1
2024-10-16,2024-10-16 11:34:00,1521.35,1521.53,1521.35,1521.53,0.01,15.14,23457.38,1
2024-10-16,2024-10-16 11:35:00,1521.53,1521.72,1521.53,1521.72,0.01,15.14,23457.38,1
2024-10-16,2024-10-16 11:36:00,1521.72,1521.91,1521.72,1521.91,0.01,15.14,23457.38,1
2024-10-16,2024-10-16 11:37:00,1521.91,1522.09,1521.91,1522.09,0.01,15.14,23457.38,1
2024-10-16,2024-10-16 11:38:00,1522.09,1522.28,1522.09,1522.28,0.01,15.14,23457.38,1
2024-10-16,2024-10-16 11:39:00,1522.28,1522.47,1522.28,1522.47,0.01,15.14,23457.38,1
2024-10-16,2024-10-16 11:40:00,1522.47,1522.65,1522.47,1522.65,0.01,15.14,23457.38,1
2024-10-16,2024-10-16 11:41:00,1522.65,1522.84,1522.65,1522.84,0.01,15.14,23457.38,1
2024-10-16,2024-10-16 11:42:00,1522.84,1523.03,1522.84,1523.03,0.01,15.14,23457.38,1
2024-10-16,2024-10-16 11:43:00,1523.03,1523.21,1523.03,1523.21,0.01,15.14,23457.38,1
2024-10-16,2024-10-16 11:44:00,1523.21,1523.4,1523.21,1523.4,0.01,15.14,23457.38,1
2024-10-16,2024-10-16 11:45:00,1523.4,1523.59,1523.4,1523.59,0.01,15.14,23457.38,1
2024-10-16,2024-10-16 11:46:00,1523.59,1523.77,1523.59,1523.77,0.01,15.14,23457.38,1
2024-10-16,2024-10-16 11:47:00,1523.77,1523.96,1523.77,1523.96,0.01,15.14,23457.38,1
2024-10-16,2024-10-16 11:48:00,1523.96,1524.15,1523.96,1524.15,0.01,15.14,23457.38,1
2024-10-16,2024-10-16 11:49:00,1524.15,1524.33,1524.15,1524.33,0.01,15.14,23457.38,1
2024-10-16,2024-10-16 11:50:00,1524.33,1524.52,1524.33,1524.52,0.01,15.14,23457.38,1
2024-10-16,2024-10-16 11:51:00,1524.52,1524.71,1524.52,1524.71,0.01,15.14,23457.38,1
2024-10-16,2024-10-16 11:52:00,1524.71,1524.89,1524.71,1524.89,0.01,15.14,23457.38,1
2024-10-16,2024-10-16 11:53:00,1524.89,1525.08,1524.89,1525.08,0.01,15.14,23457.38,1
2024-10-16,2024-10-16 11:54:00,1525.08,1525.27,1525.08,1525.27,0.01,15.14,23457.38,1
2024-10-16,2024-10-16 11:55:00,1525.27,1525.45,1525.27,1525.45,0.01,15.14,23457.38,1
2024-10-16,2024-10-16 11:56:00,1525.45,1525.64,1525.45,1525.64,0.01,15.14,23457.38,1
2024-10-16,2024-10-16 11:57:00,1525.64,1525.83,1525.64,1525.83,0.01,15.14,23457.38,1
2024-10-16,2024-10-16 11:58:00,1525.83,1526.01,1525.83,1526.01,0.01,15.14,23457.38,1
2024-10-16,2024-10-16 11:59:00,1526.01,1526.2,1526.01,1526.2,0.01,15.14,23457.38,1
2024-10-16,2024-10-16 12:00:00,1526.2,1526.39,1526.2,1526.39,0.01,15.14,23457.38,1
2024-10-16,2024-10-16 12:01:00,1526.39,1526.57,1526.39,1526.57,0.01,15.14,23457.38,1
2024-10-16,2024-10-16 12:02:00,1526.57,1526.76,1526.57,1526.76,0.01,15.14,23457.38,1
2024-10-16,2024-10-16 12:03:00,1526.76,1526.95,1526.76,1526.95,0.01,15.14,23457.38,1
2024-10-16,2024-10-16 12:04:00,1526.95,1527.13,1526.95,1527.13,0.01,15.14,23457.38,1
2024-10-16,2024-10-16 12:05:00,1527.13,1527.32,1527.13,1527.32,0.01,15.14,23457.38,1
2024-10-16,2024-10-16 12:06:00,1527.32,1527.51,1527.32,1527.51,0.01,15.14,23457.38,1
2024-10-16,2024-10-16 12:07:00,1527.51,1527.69,1527.51,1527.69,0.01,15.14,23457.38,1
2024-10-16,2024-10-16 12:08:00,1527.69,1527.88,1527.69,1527.88,0.01,15.14,23457.38,1
2024-10-16,2024-10-16 12:09:00,1527.88,1528.07,1527.88,1528.07,0.01,15.14,23457.38,1
2024-10-16,2024-10-16 12:10:00,1528.07,1528.25,1528.07,1528.25,0.01,15.14,23457.38,1
2024-10-16,2024-10-16 12:11:00,1528.25,1528.44,1528.25,1528.44,0.01,15.14,23457.38,1
2024-10-16,2024-10-16 12:12:00,1528.44,1528.63,1528.44,1528.63,0.01,15.14,23457.38,1
2024-10-16,2024-10-16 12:13:00,1528.63,1528.81,1528.63,1528.81,0.01,15.14,23457.38,1
2024-10-16,2024-10-16 12:14:00,1528.81,1529.0,1528.81,1529.0,0.01,15.14,23457.38,1
2024-10-16,2024-10-16 12:15:00,1529.0,1529.19,1529.0,1529.19,0.01,15.14,23457.38,1
2024-10-16,2024-10-16 12:16:00,1529.19,1529.37,1529.19,1529.37,0.01,15.14,23457.38,1
2024-10-16,2024-10-16 12:17:00,1529.37,1529.56,1529.37,1529.56,0.01,15.14,23457.38,1
2024-10-16,2024-10-16 12:18:00,1529.56,1529.75,1529.56,1529.75,0.01,15.14,23457.38,1
2024-10-16,2024-10-16 12:19:00,1529.75,1529.93,1529.75,1529.93,0.01,15.14,23457.38,1
2024-10-16,2024-10-16 12:20:00,1529.93,1530.12,1529.93,1530.12,0.01,15.14,23457.38,1
2024-10-16,2024-10-16 12:21:00,1530.12,1530.31,1530.12,1530.31,0.01,15.14,23457.38,1
2024-10-16,2024-10-16 12:22:00,1530.31,1530.49,1530.31,1530.49,0.01,15.14,23457.38,1
2024-10-16,2024-10-16 12:23:00,1530.49,1530.68,1530.49,1530.68,0.01,15.14,23457.38,1
2024-10-16,2024-10-16 12:24:00,1530.68,1530.87,1530.68,1530.87,0.01,15.14,23457.38,1
2024-10-16,2024-10-16 12:25:00,1530.87,1531.05,1530.87,1531.05,0.01,15.14,23457.38,1
2024-10-16,2024-10-16 12:26:00,1531.05,1531.24,1531.05,1531.24,0.01,15.14,23457.38,1
2024-10-16,2024-10-16 12:27:00,1531.24,1531.43,1531.24,1531.43,0.01,15.14,23457.38,1
2024-10-16,2024-10-16 12:28:00,1531.43,1531.61,1531.43,1531.61,0.01,15.14,23457.38,1
2024-10-16,2024-10-16 12:29:00,1531.61,1531.8,1531.61,1531.8,0.01,15.14,23457.38,1
2024-10-16,2024-10-16 12:30:00,1531.8,1531.99,1531.8,1531.99,0.01,15.14,23457.38,1
2024-10-16,2024-10-16 12:31:00,1531.99,1532.17,1531.99,1532.17,0.01,15.14,23457.38,1
2024-10-16,2024-10-16 12:32:00,1532.17,1532.36,1532.17,1532.36,0.01,15.14,23457.38,1
2024-10-16,2024-10-16 12:33:00,1532.36,1532.55,1532.36,1532.55,0.01,15.14,23457.38,1
2024-10-16,2024-10-16 12:34:00,1532.55,1532.73,1532.55,1532.73,0.01,15.14,23457.38,1
2024-10-16,2024-10-16 12:35:00,1532.73,1532.92,1532.73,1532.92,0.01,15.14,23457.38,1
2024-10-16,2024-10-16 12:36:00,1532.92,1533.11,1532.92,1533.11,0.01,15.14,23457.38,1
2024-10-16,2024-10-16 12:37:00,1533.11,1533.29,1533.11,1533.29,0.01,15.14,23457.38,1
2024-10-16,2024-10-16 12:38:00,1533.29,1533.48,1533.29,1533.48,0.01,15.14,23457.38,1
2024-10-16,2024-10-16 12:39:00,1533.48,1533.67,1533.48,1533.67,0.01,15.14,23457.38,1
2024-10-16,2024-10-16 12:40:00,1533.67,1533.85,1533.67,1533.85,0.01,15.14,23457.38,1
2024-10-16,2024-10-16 12:41:00,1533.85,1534.04,1533.85,1534.04,0.01,15.14,23457.38,1
2024-10-16,2024-10-16 12:42:00,1534.04,1534.23,1534.04,1534.23,0.01,15.14,23457.38,1
2024-10-16,2024-10-16 12:43:00,1534.23,1534.41,1534.23,1534.41,0.01,15.14,23457.38,1
2024-10-16,2024-10-16 12:44:00,1534.41,1534.6,1534.41,1534.6,0.01,15.14,23457.38,1
2024-10-16,2024-10-16 12:45:00,1534.6,1534.79,1534.6,1534.79,0.01,15.14,23457.38,1
2024-10-16,2024-10-16 12:46:00,1534.79,1534.97,1534.79,1534.97,0.01,15.14,23457.38,1
2024-10-16,2024-10-16 12:47:00,1534.97,1535.16,1534.97,1535.16,0.01,15.14,23457.38,1
2024-10-16,2024-10-16 12:48:00,1535.16,1535.35,1535.16,1535.35,0.01,15.14,23457.38,1
2024-10-16,2024-10-16 12:49:00,1535.35,1535.53,1535.35,1535.53,0.01,15.14,23457.38,1
2024-10-16,2024-10-16 12:50:00,1535.53,1535.72,1535.53,1535.72,0.01,15.14,23457.38,1
2024-10-16,2024-10-16 12:51:00,1535.72,1535.91,1535.72,1535.91,0.01,15.14,23457.38,1
2024-10-16,2024-10-16 12:52:00,1535.91,1536.09,1535.91,1536.09,0.01,15.14,23457.38,1
2024-10-16,2024-10-16 12:53:00,1536.09,1536.28,1536.09,1536.28,0.01,15.14,23457.38,1
2024-10-16,2024-10-16 12:54:00,1536.28,1536.47,1536.28,1536.47,0.01,15.14,23457.38,1
2024-10-16,2024-10-16 12:55:00,1536.47,1536.65,1536.47,1536.65,0.01,15.14,23457.38,1
2024-10-16,2024-10-16 12:56:00,1536.65,1536.84,1536.65,1536.84,0.01,15.14,23457.38,1
2024-10-16,2024-10-16 12:57:00,1536.84,1537.03,1536.84,1537.03,0.01,15.14,23457.38,1
2024-10-16,2024-10-16 12:58:00,1537.03,1537.21,1537.03,1537.21,0.01,15.14,23457.38,1
2024-10-16,2024-10-16 12:59:00,1537.21,1537.4,1537.21,1537.4,0.01,15.14,23457.38,1
2024-10-16,2024-10-16 13:00:00,1537.4,1560.0,1515.0,1537.59,0.01,15.14,23457.38,1
2024-10-16,2024-10-16 13:01:00,1537.59,1537.77,1537.59,1537.77,0.01,15.14,23457.38,1
2024-10-16,2024-10-16 13:02:00,1537.77,1537.96,1537.77,1537.96,0.01,15.14,23457.38,1
2024-10-16,2024-10-16 13:03:00,1537.96,1538.15,1537.96,1538.15,0.01,15.14,23457.38,1
2024-10-16,2024-10-16 13:04:00,1538.15,1538.33,1538.15,1538.33,0.01,15.14,23457.38,1
2024-10-16,2024-10-16 13:05:00,1538.33,1538.52,1538.33,1538.52,0.01,15.14,23457.38,1
2024-10-16,2024-10-16 13:06:00,1538.52,1538.71,1538.52,1538.71,0.01,15.14,23457.38,1
2024-10-16,2024-10-16 13:07:00,1538.71,1538.89,1538.71,1538.89,0.01,15.14,23457.38,1
2024-10-16,2024-10-16 13:08:00,1538.89,1539.08,1538.89,1539.08,0.01,15.14,23457.38,1
2024-10-16,2024-10-16 13:09:00,1539.08,1539.27,1539.08,1539.27,0.01,15.14,23457.38,1
2024-10-16,2024-10-16 13:10:00,1539.27,1539.45,1539.27,1539.45,0.01,15.14,23457.38,1
2024-10-16,2024-10-16 13:11:00,1539.45,1539.64,1539.45,1539.64,0.01,15.14,23457.38,1
2024-10-16,2024-10-16 13:12:00,1539.64,1539.83,1539.64,1539.83,0.01,15.14,23457.38,1
2024-10-16,2024-10-16 13:13:00,1539.83,1540.01,1539.83,1540.01,0.01,15.14,23457.38,1
2024-10-16,2024-10-16 13:14:00,1540.01,1540.2,1540.01,1540.2,0.01,15.14,23457.38,1
2024-10-16,2024-10-16 13:15:00,1540.2,1540.39,1540.2,1540.39,0.01,15.14,23457.38,1
2024-10-16,2024-10-16 13:16:00,1540.39,1540.57,1540.39,1540.57,0.01,15.14,23457.38,1
2024-10-16,2024-10-16 13:17:00,1540.57,1540.76,1540.57,1540.76,0.01,15.14,23457.38,1
2024-10-16,2024-10-16 13:18:00,1540.76,1540.95,1540.76,1540.95,0.01,15.14,23457.38,1
2024-10-16,2024-10-16 13:19:00,1540.95,1541.13,1540.95,1541.13,0.01,15.14,23457.38,1
2024-10-16,2024-10-16 13:20:00,1541.13,1541.32,1541.13,1541.32,0.01,15.14,23457.38,1
2024-10-16,2024-10-16 13:21:00,1541.32,1541.51,1541.32,1541.51,0.01,15.14,23457.38,1
2024-10-16,2024-10-16 13:22:00,1541.51,1541.69,1541.51,1541.69,0.01,15.14,23457.38,1
2024-10-16,2024-10-16 13:23:00,1541.69,1541.88,1541.69,1541.88,0.01,15.14,23457.38,1
2024-10-16,2024-10-16 13:24:00,1541.88,1542.07,1541.88,1542.07,0.01,15.14,23457.38,1
2024-10-16,2024-10-16 13:25:00,1542.07,1542.25,1542.07,1542.25,0.01,15.14,23457.38,1
2024-10-16,2024-10-16 13:26:00,1542.25,1542.44,1542.25,1542.44,0.01,15.14,23457.38,1
2024-10-16,2024-10-16 13:27:00,1542.44,1542.63,1542.44,1542.63,0.01,15.14,23457.38,1
2024-10-16,2024-10-16 13:28:00,1542.63,1542.81,1542.63,1542.81,0.01,15.14,23457.38,1
2024-10-16,2024-10-16 13:29:00,1542.81,1543.0,1542.81,1543.0,0.01,15.14,23457.38,1
2024-10-16,2024-10-16 13:30:00,1543.0,1543.19,1543.0,1543.19,0.01,15.14,23457.38,1
2024-10-16,2024-10-16 13:31:00,1543.19,1543.37,1543.19,1543.37,0.01,15.14,23457.38,1
2024-10-16,2024-10-16 13:32:00,1543.37,1543.56,1543.37,1543.56,0.01,15.14,23457.38,1
2024-10-16,2024-10-16 13:33:00,1543.56,1543.75,1543.56,1543.75,0.01,15.14,23457.38,1
2024-10-16,2024-10-16 13:34:00,1543.75,1543.93,1543.75,1543.93,0.01,15.14,23457.38,1
2024-10-16,2024-10-16 13:35:00,1543.93,1544.12,1543.93,1544.12,0.01,15.14,23457.38,1
2024-10-16,2024-10-16 13:36:00,1544.12,1544.31,1544.12,1544.31,0.01,15.14,23457.38,1
2024-10-16,2024-10-16 13:37:00,1544.31,1544.49,1544.31,1544.49,0.01,15.14,23457.38,1
2024-10-16,2024-10-16 13:38:00,1544.49,1544.68,1544.49,1544.68,0.01,15.14,23457.38,1
2024-10-16,2024-10-16 13:39:00,1544.68,1544.87,1544.68,1544.87,0.01,15.14,23457.38,1
2024-10-16,2024-10-16 13:40:00,1544.87,1545.05,1544.87,1545.05,0.01,15.14,23457.38,1
2024-10-16,2024-10-16 13:41:00,1545.05,1545.24,1545.05,1545.24,0.01,15.14,23457.38,1
2024-10-16,2024-10-16 13:42:00,1545.24,1545.43,1545.24,1545.43,0.01,15.14,23457.38,1
2024-10-16,2024-10-16 13:43:00,1545.43,1545.61,1545.43,1545.61,0.01,15.14,23457.38,1
2024-10-16,2024-10-16 13:44:00,1545.61,1545.8,1545.61,1545.8,0.01,15.14,23457.38,1
2024-10-16,2024-10-16 13:45:00,1545.8,1545.99,1545.8,1545.99,0.01,15.14,23457.38,1
2024-10-16,2024-10-16 13:46:00,1545.99,1546.17,1545.99,1546.17,0.01,15.14,23457.38,1
2024-10-16,2024-10-16 13:47:00,1546.17,1546.36,1546.17,1546.36,0.01,15.14,23457.38,1
2024-10-16,2024-10-16 13:48:00,1546.36,1546.55,1546.36,1546.55,0.01,15.14,23457.38,1
2024-10-16,2024-10-16 13:49:00,1546.55,1546.73,1546.55,1546.73,0.01,15.14,23457.38,1
2024-10-16,2024-10-16 13:50:00,1546.73,1546.92,1546.73,1546.92,0.01,15.14,23457.38,1
2024-10-16,2024-10-16 13:51:00,1546.92,1547.11,1546.92,1547.11,0.01,15.14,23457.38,1
2024-10-16,2024-10-16 13:52:00,1547.11,1547.29,1547.11,1547.29,0.01,15.14,23457.38,1
2024-10-16,2024-10-16 13:53:00,1547.29,1547.48,1547.29,1547.48,0.01,15.14,23457.38,1
2024-10-16,2024-10-16 13:54:00,1547.48,1547.67,1547.48,1547.67,0.01,15.14,23457.38,1
2024-10-16,2024-10-16 13:55:00,1547.67,1547.85,1547.67,1547.85,0.01,15.14,23457.38,1
2024-10-16,2024-10-16 13:56:00,1547.85,1548.04,1547.85,1548.04,0.01,15.14,23457.38,1
2024-10-16,2024-10-16 13:57:00,1548.04,1548.23,1548.04,1548.23,0.01,15.14,23457.38,1
2024-10-16,2024-10-16 13:58:00,1548.23,1548.41,1548.23,1548.41,0.01,15.14,23457.38,1
2024-10-16,2024-10-16 13:59:00,1548.41,1548.6,1548.41,1548.6,0.01,15.14,23457.38,1
2024-10-16,2024-10-16 14:00:00,1548.6,1548.79,1548.6,1548.79,0.01,15.14,23457.38,1
2024-10-16,2024-10-16 14:01:00,1548.79,1548.97,1548.79,1548.97,0.01,15.14,23457.38,1
2024-10-16,2024-10-16 14:02:00,1548.97,1549.16,1548.97,1549.16,0.01,15.14,23457.38,1
2024-10-16,2024-10-16 14:03:00,1549.16,1549.35,1549.16,1549.35,0.01,15.14,23457.38,1
2024-10-16,2024-10-16 14:04:00,1549.35,1549.53,1549.35,1549.53,0.01,15.14,23457.38,1
2024-10-16,2024-10-16 14:05:00,1549.53,1549.72,1549.53,1549.72,0.01,15.14,23457.38,1
2024-10-16,2024-10-16 14:06:00,1549.72,1549.91,1549.72,1549.91,0.01,15.14,23457.38,1
2024-10-16,2024-10-16 14:07:00,1549.91,1550.09,1549.91,1550.09,0.01,15.14,23457.38,1
2024-10-16,2024-10-16 14:08:00,1550.09,1550.28,1550.09,1550.28,0.01,15.14,23457.38,1
2024-10-16,2024-10-16 14:09:00,1550.28,1550.47,1550.28,1550.47,0.01,15.14,23457.38,1
2024-10-16,2024-10-16 14:10:00,1550.47,1550.65,1550.47,1550.65,0.01,15.14,23457.38,1
2024-10-16,2024-10-16 14:11:00,1550.65,1550.84,1550.65,1550.84,0.01,15.14,23457.38,1
2024-10-16,2024-10-16 14:12:00,1550.84,1551.03,1550.84,1551.03,0.01,15.14,23457.38,1
2024-10-16,2024-10-16 14:13:00,1551.03,1551.21,1551.03,1551.21,0.01,15.14,23457.38,1
2024-10-16,2024-10-16 14:14:00,1551.21,1551.4,1551.21,1551.4,0.01,15.14,23457.38,1
2024-10-16,2024-10-16 14:15:00,1551.4,1551.59,1551.4,1551.59,0.01,15.14,23457.38,1
2024-10-16,2024-10-16 14:16:00,1551.59,1551.77,1551.59,1551.77,0.01,15.14,23457.38,1
2024-10-16,2024-10-16 14:17:00,1551.77,1551.96,1551.77,1551.96,0.01,15.14,23457.38,1
2024-10-16,2024-10-16 14:18:00,1551.96,1552.15,1551.96,1552.15,0.01,15.14,23457.38,1
2024-10-16,2024-10-16 14:19:00,1552.15,1552.33,1552.15,1552.33,0.01,15.14,23457.38,1
2024-10-16,2024-10-16 14:20:00,1552.33,1552.52,1552.33,1552.52,0.01,15.14,23457.38,1
2024-10-16,2024-10-16 14:21:00,1552.52,1552.71,1552.52,1552.71,0.01,15.14,23457.38,1
2024-10-16,2024-10-16 14:22:00,1552.71,1552.89,1552.71,1552.89,0.01,15.14,23457.38,1
2024-10-16,2024-10-16 14:23:00,1552.89,1553.08,1552.89,1553.08,0.01,15.14,23457.38,1
2024-10-16,2024-10-16 14:24:00,1553.08,1553.27,1553.08,1553.27,0.01,15.14,23457.38,1
2024-10-16,2024-10-16 14:25:00,1553.27,1553.45,1553.27,1553.45,0.01,15.14,23457.38,1
2024-10-16,2024-10-16 14:26:00,1553.45,1553.64,1553.45,1553.64,0.01,15.14,23457.38,1
2024-10-16,2024-10-16 14:27:00,1553.64,1553.83,1553.64,1553.83,0.01,15.14,23457.38,1
2024-10-16,2024-10-16 14:28:00,1553.83,1554.01,1553.83,1554.01,0.01,15.14,23457.38,1
2024-10-16,2024-10-16 14:29:00,1554.01,1554.2,1554.01,1554.2,0.01,15.14,23457.38,1
2024-10-16,2024-10-16 14:30:00,1554.2,1554.39,1554.2,1554.39,0.01,15.14,23457.38,1
2024-10-16,2024-10-16 14:31:00,1554.39,1554.57,1554.39,1554.57,0.01,15.14,23457.38,1
2024-10-16,2024-10-16 14:32:00,1554.57,1554.76,1554.57,1554.76,0.01,15.14,23457.38,1
2024-10-16,2024-10-16 14:33:00,1554.76,1554.95,1554.76,1554.95,0.01,15.14,23457.38,1
2024-10-16,2024-10-16 14:34:00,1554.95,1555.13,1554.95,1555.13,0.01,15.14,23457.38,1
2024-10-16,2024-10-16 14:35:00,1555.13,1555.32,1555.13,1555.32,0.01,15.14,23457.38,1
2024-10-16,2024-10-16 14:36:00,1555.32,1555.51,1555.32,1555.51,0.01,15.14,23457.38,1
2024-10-16,2024-10-16 14:37:00,1555.51,1555.69,1555.51,1555.69,0.01,15.14,23457.38,1
2024-10-16,2024-10-16 14:38:00,1555.69,1555.88,1555.69,1555.88,0.01,15.14,23457.38,1
2024-10-16,2024-10-16 14:39:00,1555.88,1556.07,1555.88,1556.07,0.01,15.14,23457.38,1
2024-10-16,2024-10-16 14:40:00,1556.07,1556.25,1556.07,1556.25,0.01,15.14,23457.38,1
2024-10-16,2024-10-16 14:41:00,1556.25,1556.44,1556.25,1556.44,0.01,15.14,23457.38,1
2024-10-16,2024-10-16 14:42:00,1556.44,1556.63,1556.44,1556.63,0.01,15.14,23457.38,1
2024-10-16,2024-10-16 14:43:00,1556.63,1556.81,1556.63,1556.81,0.01,15.14,23457.38,1
2024-10-16,2024-10-16 14:44:00,1556.81,1557.0,1556.81,1557.0,0.01,15.14,23457.38,1
2024-10-16,2024-10-16 14:45:00,1557.0,1557.19,1557.0,1557.19,0.01,15.14,23457.38,1
2024-10-16,2024-10-16 14:46:00,1557.19,1557.37,1557.19,1557.37,0.01,15.14,23457.38,1
2024-10-16,2024-10-16 14:47:00,1557.37,1557.56,1557.37,1557.56,0.01,15.14,23457.38,1
2024-10-16,2024-10-16 14:48:00,1557.56,1557.75,1557.56,1557.75,0.01,15.14,23457.38,1
2024-10-16,2024-10-16 14:49:00,1557.75,1557.93,1557.75,1557.93,0.01,15.14,23457.38,1
2024-10-16,2024-10-16 14:50:00,1557.93,1558.12,1557.93,1558.12,0.01,15.14,23457.38,1
2024-10-16,2024-10-16 14:51:00,1558.12,1558.31,1558.12,1558.31,0.01,15.14,23457.38,1
2024-10-16,2024-10-16 14:52:00,1558.31,1558.49,1558.31,1558.49,0.01,15.14,23457.38,1
2024-10-16,2024-10-16 14:53:00,1558.49,1558.68,1558.49,1558.68,0.01,15.14,23457.38,1
2024-10-16,2024-10-16 14:54:00,1558.68,1558.87,1558.68,1558.87,0.01,15.14,23457.38,1
2024-10-16,2024-10-16 14:55:00,1558.87,1559.05,1558.87,1559.05,0.01,15.14,23457.38,1
2024-10-16,2024-10-16 14:56:00,1559.05,1559.24,1559.05,1559.24,0.01,15.14,23457.38,1
2024-10-16,2024-10-16 14:57:00,1559.24,1559.43,1559.24,1559.43,0.01,15.14,23457.38,1
2024-10-16,2024-10-16 14:58:00,1559.43,1559.61,1559.43,1559.61,0.01,15.14,23457.38,1
2024-10-16,2024-10-16 14:59:00,1559.61,1559.8,1559.61,1559.8,0.01,15.14,23457.38,1
2024-10-16,2024-10-16 15:00:00,1559.8,1560.0,1515.0,1559.8,0.0,15.14,23457.38,0
2024-10-17,2024-10-17 11:00:00,1529.0,1551.74,1529.0,1529.25,0.02,47.81,76033.09,1
2024-10-17,2024-10-17 11:01:00,1529.25,1529.5,1529.25,1529.5,0.02,47.81,76033.09,1
2024-10-17,2024-10-17 11:02:00,1529.5,1529.75,1529.5,1529.75,0.02,47.81,76033.09,1
2024-10-17,2024-10-17 11:03:00,1529.75,1530.0,1529.75,1530.0,0.02,47.81,76033.09,1
2024-10-17,2024-10-17 11:04:00,1530.0,1530.25,1530.0,1530.25,0.02,47.81,76033.09,1
2024-10-17,2024-10-17 11:05:00,1530.25,1530.5,1530.25,1530.5,0.02,47.81,76033.09,1
2024-10-17,2024-10-17 11:06:00,1530.5,1530.75,1530.5,1530.75,0.02,47.81,76033.09,1
2024-10-17,2024-10-17 11:07:00,1530.75,1531.0,1530.75,1531.0,0.02,47.81,76033.09,1
2024-10-17,2024-10-17 11:08:00,1531.0,1531.25,1531.0,1531.25,0.02,47.81,76033.09,1
2024-10-17,2024-10-17 11:09:00,1531.25,1531.5,1531.25,1531.5,0.02,47.81,76033.09,1
2024-10-17,2024-10-17 11:10:00,1531.5,1531.75,1531.5,1531.75,0.02,47.81,76033.09,1
2024-10-17,2024-10-17 11:11:00,1531.75,1532.0,1531.75,1532.0,0.02,47.81,76033.09,1
2024-10-17,2024-10-17 11:12:00,1532.0,1532.25,1532.0,1532.25,0.02,47.81,76033.09,1
2024-10-17,2024-10-17 11:13:00,1532.25,1532.5,1532.25,1532.5,0.02,47.81,76033.09,1
2024-10-17,2024-10-17 11:14:00,1532.5,1532.75,1532.5,1532.75,0.02,47.81,76033.09,1
2024-10-17,2024-10-17 11:15:00,1532.75,1533.0,1532.75,1533.0,0.02,47.81,76033.09,1
2024-10-17,2024-10-17 11:16:00,1533.0,1533.25,1533.0,1533.25,0.02,47.81,76033.09,1
2024-10-17,2024-10-17 11:17:00,1533.25,1533.5,1533.25,1533.5,0.02,47.81,76033.09,1
2024-10-17,2024-10-17 11:18:00,1533.5,1533.75,1533.5,1533.75,0.02,47.81,76033.09,1
2024-10-17,2024-10-17 11:19:00,1533.75,1534.0,1533.75,1534.0,0.02,47.81,76033.09,1
2024-10-17,2024-10-17 11:20:00,1534.0,1534.25,1534.0,1534.25,0.02,47.81,76033.09,1
2024-10-17,2024-10-17 11:21:00,1534.25,1534.5,1534.25,1534.5,0.02,47.81,76033.09,1
2024-10-17,2024-10-17 11:22:00,1534.5,1534.75,1534.5,1534.75,0.02,47.81,76033.09,1
2024-10-17,2024-10-17 11:23:00,1534.75,1535.0,1534.75,1535.0,0.02,47.81,76033.09,1
2024-10-17,2024-10-17 11:24:00,1535.0,1535.25,1535.0,1535.25,0.02,47.81,76033.09,1
2024-10-17,2024-10-17 11:25:00,1535.25,1535.5,1535.25,1535.5,0.02,47.81,76033.09,1
2024-10-17,2024-10-17 11:26:00,1535.5,1535.75,1535.5,1535.75,0.02,47.81,76033.09,1
2024-10-17,2024-10-17 11:27:00,1535.75,1536.0,1535.75,1536.0,0.02,47.81,76033.09,1
2024-10-17,2024-10-17 11:28:00,1536.0,1536.25,1536.0,1536.25,0.02,47.81,76033.09,1
2024-10-17,2024-10-17 11:29:00,1536.25,1536.5,1536.25,1536.5,0.02,47.81,76033.09,1
2024-10-17,2024-10-17 11:30:00,1536.5,1536.75,1536.5,1536.75,0.02,47.81,76033.09,1
2024-10-17,2024-10-17 11:31:00,1536.75,1537.0,1536.75,1537.0,0.02,47.81,76033.09,1
2024-10-17,2024-10-17 11:32:00,1537.0,1537.25,1537.0,1537.25,0.02,47.81,76033.09,1
2024-10-17,2024-10-17 11:33:00,1537.25,1537.5,1537.25,1537.5,0.02,47.81,76033.09,1
2024-10-17,2024-10-17 11:34:00,1537.5,1537.75,1537.5,1537.75,0.02,47.81,76033.09,1
2024-10-17,2024-10-17 11:35:00,1537.75,1538.0,1537.75,1538.0,0.02,47.81,76033.09,1
2024-10-17,2024-10-17 11:36:00,1538.0,1538.25,1538.0,1538.25,0.02,47.81,76033.09,1
2024-10-17,2024-10-17 11:37:00,1538.25,1538.5,1538.25,1538.5,0.02,47.81,76033.09,1
2024-10-17,2024-10-17 11:38:00,1538.5,1538.75,1538.5,1538.75,0.02,47.81,76033.09,1
2024-10-17,2024-10-17 11:39:00,1538.75,1539.0,1538.75,1539.0,0.02,47.81,76033.09,1
2024-10-17,2024-10-17 11:40:00,1539.0,1539.25,1539.0,1539.25,0.02,47.81,76033.09,1
2024-10-17,2024-10-17 11:41:00,1539.25,1539.5,1539.25,1539.5,0.02,47.81,76033.09,1
2024-10-17,2024-10-17 11:42:00,1539.5,1539.75,1539.5,1539.75,0.02,47.81,76033.09,1
2024-10-17,2024-10-17 11:43:00,1539.75,1540.0,1539.75,1540.0,0.02,47.81,76033.09,1
2024-10-17,2024-10-17 11:44:00,1540.0,1540.25,1540.0,1540.25,0.02,47.81,76033.09,1
2024-10-17,2024-10-17 11:45:00,1540.25,1540.5,1540.25,1540.5,0.02,47.81,76033.09,1
2024-10-17,2024-10-17 11:46:00,1540.5,1540.75,1540.5,1540.75,0.02,47.81,76033.09,1
2024-10-17,2024-10-17 11:47:00,1540.75,1541.0,1540.75,1541.0,0.02,47.81,76033.09,1
2024-10-17,2024-10-17 11:48:00,1541.0,1541.25,1541.0,1541.25,0.02,47.81,76033.09,1
2024-10-17,2024-10-17 11:49:00,1541.25,1541.5,1541.25,1541.5,0.02,47.81,76033.09,1
2024-10-17,2024-10-17 11:50:00,1541.5,1541.75,1541.5,1541.75,0.02,47.81,76033.09,1
2024-10-17,2024-10-17 11:51:00,1541.75,1542.0,1541.75,1542.0,0.02,47.81,76033.09,1
2024-10-17,2024-10-17 11:52:00,1542.0,1542.25,1542.0,1542.25,0.02,47.81,76033.09,1
2024-10-17,2024-10-17 11:53:00,1542.25,1542.5,1542.25,1542.5,0.02,47.81,76033.09,1
2024-10-17,2024-10-17 11:54:00,1542.5,1542.75,1542.5,1542.75,0.02,47.81,76033.09,1
2024-10-17,2024-10-17 11:55:00,1542.75,1543.0,1542.75,1543.0,0.02,47.81,76033.09,1
2024-10-17,2024-10-17 11:56:00,1543.0,1543.25,1543.0,1543.25,0.02,47.81,76033.09,1
2024-10-17,2024-10-17 11:57:00,1543.25,1543.5,1543.25,1543.5,0.02,47.81,76033.09,1
2024-10-17,2024-10-17 11:58:00,1543.5,1543.75,1543.5,1543.75,0.02,47.81,76033.09,1
2024-10-17,2024-10-17 11:59:00,1543.75,1544.0,1543.75,1544.0,0.02,47.81,76033.09,1
2024-10-17,2024-10-17 12:00:00,1544.0,1544.25,1544.0,1544.25,0.02,47.81,76033.09,1
2024-10-17,2024-10-17 12:01:00,1544.25,1544.5,1544.25,1544.5,0.02,47.81,76033.09,1
2024-10-17,2024-10-17 12:02:00,1544.5,1544.75,1544.5,1544.75,0.02,47.81,76033.09,1
2024-10-17,2024-10-17 12:03:00,1544.75,1545.0,1544.75,1545.0,0.02,47.81,76033.09,1
2024-10-17,2024-10-17 12:04:00,1545.0,1545.25,1545.0,1545.25,0.02,47.81,76033.09,1
2024-10-17,2024-10-17 12:05:00,1545.25,1545.5,1545.25,1545.5,0.02,47.81,76033.09,1
2024-10-17,2024-10-17 12:06:00,1545.5,1545.75,1545.5,1545.75,0.02,47.81,76033.09,1
2024-10-17,2024-10-17 12:07:00,1545.75,1546.0,1545.75,1546.0,0.02,47.81,76033.09,1
2024-10-17,2024-10-17 12:08:00,1546.0,1546.25,1546.0,1546.25,0.02,47.81,76033.09,1
2024-10-17,2024-10-17 12:09:00,1546.25,1546.5,1546.25,1546.5,0.02,47.81,76033.09,1
2024-10-17,2024-10-17 12:10:00,1546.5,1546.75,1546.5,1546.75,0.02,47.81,76033.09,1
2024-10-17,2024-10-17 12:11:00,1546.75,1547.0,1546.75,1547.0,0.02,47.81,76033.09,1
2024-10-17,2024-10-17 12:12:00,1547.0,1547.25,1547.0,1547.25,0.02,47.81,76033.09,1
2024-10-17,2024-10-17 12:13:00,1547.25,1547.5,1547.25,1547.5,0.02,47.81,76033.09,1
2024-10-17,2024-10-17 12:14:00,1547.5,1547.75,1547.5,1547.75,0.02,47.81,76033.09,1
2024-10-17,2024-10-17 12:15:00,1547.75,1548.0,1547.75,1548.0,0.02,47.81,76033.09,1
2024-10-17,2024-10-17 12:16:00,1548.0,1548.25,1548.0,1548.25,0.02,47.81,76033.09,1
2024-10-17,2024-10-17 12:17:00,1548.25,1548.5,1548.25,1548.5,0.02,47.81,76033.09,1
2024-10-17,2024-10-17 12:18:00,1548.5,1548.75,1548.5,1548.75,0.02,47.81,76033.09,1
2024-10-17,2024-10-17 12:19:00,1548.75,1549.0,1548.75,1549.0,0.02,47.81,76033.09,1
2024-10-17,2024-10-17 12:20:00,1549.0,1549.25,1549.0,1549.25,0.02,47.81,76033.09,1
2024-10-17,2024-10-17 12:21:00,1549.25,1549.5,1549.25,1549.5,0.02,47.81,76033.09,1
2024-10-17,2024-10-17 12:22:00,1549.5,1549.75,1549.5,1549.75,0.02,47.81,76033.09,1
2024-10-17,2024-10-17 12:23:00,1549.75,1550.0,1549.75,1550.0,0.02,47.81,76033.09,1
2024-10-17,2024-10-17 12:24:00,1550.0,1550.25,1550.0,1550.25,0.02,47.81,76033.09,1
2024-10-17,2024-10-17 12:25:00,1550.25,1550.5,1550.25,1550.5,0.02,47.81,76033.09,1
2024-10-17,2024-10-17 12:26:00,1550.5,1550.75,1550.5,1550.75,0.02,47.81,76033.09,1
2024-10-17,2024-10-17 12:27:00,1550.75,1551.0,1550.75,1551.0,0.02,47.81,76033.09,1
2024-10-17,2024-10-17 12:28:00,1551.0,1551.25,1551.0,1551.25,0.02,47.81,76033.09,1
2024-10-17,2024-10-17 12:29:00,1551.25,1551.5,1551.25,1551.5,0.02,47.81,76033.09,1
2024-10-17,2024-10-17 12:30:00,1551.5,1551.75,1551.5,1551.75,0.02,47.81,76033.09,1
2024-10-17,2024-10-17 12:31:00,1551.75,1552.0,1551.75,1552.0,0.02,47.81,76033.09,1
2024-10-17,2024-10-17 12:32:00,1552.0,1552.25,1552.0,1552.25,0.02,47.81,76033.09,1
2024-10-17,2024-10-17 12:33:00,1552.25,1552.5,1552.25,1552.5,0.02,47.81,76033.09,1
2024-10-17,2024-10-17 12:34:00,1552.5,1552.75,1552.5,1552.75,0.02,47.81,76033.09,1
2024-10-17,2024-10-17 12:35:00,1552.75,1553.0,1552.75,1553.0,0.02,47.81,76033.09,1
2024-10-17,2024-10-17 12:36:00,1553.0,1553.25,1553.0,1553.25,0.02,47.81,76033.09,1
2024-10-17,2024-10-17 12:37:00,1553.25,1553.5,1553.25,1553.5,0.02,47.81,76033.09,1
2024-10-17,2024-10-17 12:38:00,1553.5,1553.75,1553.5,1553.75,0.02,47.81,76033.09,1
2024-10-17,2024-10-17 12:39:00,1553.75,1554.0,1553.75,1554.0,0.02,47.81,76033.09,1
2024-10-17,2024-10-17 12:40:00,1554.0,1554.25,1554.0,1554.25,0.02,47.81,76033.09,1
2024-10-17,2024-10-17 12:41:00,1554.25,1554.5,1554.25,1554.5,0.02,47.81,76033.09,1
2024-10-17,2024-10-17 12:42:00,1554.5,1554.75,1554.5,1554.75,0.02,47.81,76033.09,1
2024-10-17,2024-10-17 12:43:00,1554.75,1555.0,1554.75,1555.0,0.02,47.81,76033.09,1
2024-10-17,2024-10-17 12:44:00,1555.0,1555.25,1555.0,1555.25,0.02,47.81,76033.09,1
2024-10-17,2024-10-17 12:45:00,1555.25,1555.5,1555.25,1555.5,0.02,47.81,76033.09,1
2024-10-17,2024-10-17 12:46:00,1555.5,1555.75,1555.5,1555.75,0.02,47.81,76033.09,1
2024-10-17,2024-10-17 12:47:00,1555.75,1556.0,1555.75,1556.0,0.02,47.81,76033.09,1
2024-10-17,2024-10-17 12:48:00,1556.0,1556.25,1556.0,1556.25,0.02,47.81,76033.09,1
2024-10-17,2024-10-17 12:49:00,1556.25,1556.5,1556.25,1556.5,0.02,47.81,76033.09,1
2024-10-17,2024-10-17 12:50:00,1556.5,1556.75,1556.5,1556.75,0.02,47.81,76033.09,1
2024-10-17,2024-10-17 12:51:00,1556.75,1557.0,1556.75,1557.0,0.02,47.81,76033.09,1
2024-10-17,2024-10-17 12:52:00,1557.0,1557.25,1557.0,1557.25,0.02,47.81,76033.09,1
2024-10-17,2024-10-17 12:53:00,1557.25,1557.5,1557.25,1557.5,0.02,47.81,76033.09,1
2024-10-17,2024-10-17 12:54:00,1557.5,1557.75,1557.5,1557.75,0.02,47.81,76033.09,1
2024-10-17,2024-10-17 12:55:00,1557.75,1558.0,1557.75,1558.0,0.02,47.81,76033.09,1
2024-10-17,2024-10-17 12:56:00,1558.0,1558.25,1558.0,1558.25,0.02,47.81,76033.09,1
2024-10-17,2024-10-17 12:57:00,1558.25,1558.5,1558.25,1558.5,0.02,47.81,76033.09,1
2024-10-17,2024-10-17 12:58:00,1558.5,1558.75,1558.5,1558.75,0.02,47.81,76033.09,1
2024-10-17,2024-10-17 12:59:00,1558.75,1559.0,1558.75,1559.0,0.02,47.81,76033.09,1
2024-10-17,2024-10-17 13:00:00,1559.0,1604.8,1529.0,1559.25,0.02,47.81,76033.09,1
2024-10-17,2024-10-17 13:01:00,1559.25,1559.5,1559.25,1559.5,0.02,47.81,76033.09,1
2024-10-17,2024-10-17 13:02:00,1559.5,1559.75,1559.5,1559.75,0.02,47.81,76033.09,1
2024-10-17,2024-10-17 13:03:00,1559.75,1560.0,1559.75,1560.0,0.02,47.81,76033.09,1
2024-10-17,2024-10-17 13:04:00,1560.0,1560.25,1560.0,1560.25,0.02,47.81,76033.09,1
2024-10-17,2024-10-17 13:05:00,1560.25,1560.5,1560.25,1560.5,0.02,47.81,76033.09,1
2024-10-17,2024-10-17 13:06:00,1560.5,1560.75,1560.5,1560.75,0.02,47.81,76033.09,1
2024-10-17,2024-10-17 13:07:00,1560.75,1561.0,1560.75,1561.0,0.02,47.81,76033.09,1
2024-10-17,2024-10-17 13:08:00,1561.0,1561.25,1561.0,1561.25,0.02,47.81,76033.09,1
2024-10-17,2024-10-17 13:09:00,1561.25,1561.5,1561.25,1561.5,0.02,47.81,76033.09,1
2024-10-17,2024-10-17 13:10:00,1561.5,1561.75,1561.5,1561.75,0.02,47.81,76033.09,1
2024-10-17,2024-10-17 13:11:00,1561.75,1562.0,1561.75,1562.0,0.02,47.81,76033.09,1
2024-10-17,2024-10-17 13:12:00,1562.0,1562.25,1562.0,1562.25,0.02,47.81,76033.09,1
2024-10-17,2024-10-17 13:13:00,1562.25,1562.5,1562.25,1562.5,0.02,47.81,76033.09,1
2024-10-17,2024-10-17 13:14:00,1562.5,1562.75,1562.5,1562.75,0.02,47.81,76033.09,1
2024-10-17,2024-10-17 13:15:00,1562.75,1563.0,1562.75,1563.0,0.02,47.81,76033.09,1
2024-10-17,2024-10-17 13:16:00,1563.0,1563.25,1563.0,1563.25,0.02,47.81,76033.09,1
2024-10-17,2024-10-17 13:17:00,1563.25,1563.5,1563.25,1563.5,0.02,47.81,76033.09,1
2024-10-17,2024-10-17 13:18:00,1563.5,1563.75,1563.5,1563.75,0.02,47.81,76033.09,1
2024-10-17,2024-10-17 13:19:00,1563.75,1564.0,1563.75,1564.0,0.02,47.81,76033.09,1
2024-10-17,2024-10-17 13:20:00,1564.0,1564.25,1564.0,1564.25,0.02,47.81,76033.09,1
2024-10-17,2024-10-17 13:21:00,1564.25,1564.5,1564.25,1564.5,0.02,47.81,76033.09,1
2024-10-17,2024-10-17 13:22:00,1564.5,1564.75,1564.5,1564.75,0.02,47.81,76033.09,1
2024-10-17,2024-10-17 13:23:00,1564.75,1565.0,1564.75,1565.0,0.02,47.81,76033.09,1
2024-10-17,2024-10-17 13:24:00,1565.0,1565.25,1565.0,1565.25,0.02,47.81,76033.09,1
2024-10-17,2024-10-17 13:25:00,1565.25,1565.5,1565.25,1565.5,0.02,47.81,76033.09,1
2024-10-17,2024-10-17 13:26:00,1565.5,1565.75,1565.5,1565.75,0.02,47.81,76033.09,1
2024-10-17,2024-10-17 13:27:00,1565.75,1566.0,1565.75,1566.0,0.02,47.81,76033.09,1
2024-10-17,2024-10-17 13:28:00,1566.0,1566.25,1566.0,1566.25,0.02,47.81,76033.09,1
2024-10-17,2024-10-17 13:29:00,1566.25,1566.5,1566.25,1566.5,0.02,47.81,76033.09,1
2024-10-17,2024-10-17 13:30:00,1566.5,1566.75,1566.5,1566.75,0.02,47.81,76033.09,1
2024-10-17,2024-10-17 13:31:00,1566.75,1567.0,1566.75,1567.0,0.02,47.81,76033.09,1
2024-10-17,2024-10-17 13:32:00,1567.0,1567.25,1567.0,1567.25,0.02,47.81,76033.09,1
2024-10-17,2024-10-17 13:33:00,1567.25,1567.5,1567.25,1567.5,0.02,47.81,76033.09,1
2024-10-17,2024-10-17 13:34:00,1567.5,1567.75,1567.5,1567.75,0.02,47.81,76033.09,1
2024-10-17,2024-10-17 13:35:00,1567.75,1568.0,1567.75,1568.0,0.02,47.81,76033.09,1
2024-10-17,2024-10-17 13:36:00,1568.0,1568.25,1568.0,1568.25,0.02,47.81,76033.09,1
2024-10-17,2024-10-17 13:37:00,1568.25,1568.5,1568.25,1568.5,0.02,47.81,76033.09,1
2024-10-17,2024-10-17 13:38:00,1568.5,1568.75,1568.5,1568.75,0.02,47.81,76033.09,1
2024-10-17,2024-10-17 13:39:00,1568.75,1569.0,1568.75,1569.0,0.02,47.81,76033.09,1
2024-10-17,2024-10-17 13:40:00,1569.0,1569.25,1569.0,1569.25,0.02,47.81,76033.09,1
2024-10-17,2024-10-17 13:41:00,1569.25,1569.5,1569.25,1569.5,0.02,47.81,76033.09,1
2024-10-17,2024-10-17 13:42:00,1569.5,1569.75,1569.5,1569.75,0.02,47.81,76033.09,1
2024-10-17,2024-10-17 13:43:00,1569.75,1570.0,1569.75,1570.0,0.02,47.81,76033.09,1
2024-10-17,2024-10-17 13:44:00,1570.0,1570.25,1570.0,1570.25,0.02,47.81,76033.09,1
2024-10-17,2024-10-17 13:45:00,1570.25,1570.5,1570.25,1570.5,0.02,47.81,76033.09,1
2024-10-17,2024-10-17 13:46:00,1570.5,1570.75,1570.5,1570.75,0.02,47.81,76033.09,1
2024-10-17,2024-10-17 13:47:00,1570.75,1571.0,1570.75,1571.0,0.02,47.81,76033.09,1
2024-10-17,2024-10-17 13:48:00,1571.0,1571.25,1571.0,1571.25,0.02,47.81,76033.09,1
2024-10-17,2024-10-17 13:49:00,1571.25,1571.5,1571.25,1571.5,0.02,47.81,76033.09,1
2024-10-17,2024-10-17 13:50:00,1571.5,1571.75,1571.5,1571.75,0.02,47.81,76033.09,1
2024-10-17,2024-10-17 13:51:00,1571.75,1572.0,1571.75,1572.0,0.02,47.81,76033.09,1
2024-10-17,2024-10-17 13:52:00,1572.0,1572.25,1572.0,1572.25,0.02,47.81,76033.09,1
2024-10-17,2024-10-17 13:53:00,1572.25,1572.5,1572.25,1572.5,0.02,47.81,76033.09,1
2024-10-17,2024-10-17 13:54:00,1572.5,1572.75,1572.5,1572.75,0.02,47.81,76033.09,1
2024-10-17,2024-10-17 13:55:00,1572.75,1573.0,1572.75,1573.0,0.02,47.81,76033.09,1
2024-10-17,2024-10-17 13:56:00,1573.0,1573.25,1573.0,1573.25,0.02,47.81,76033.09,1
2024-10-17,2024-10-17 13:57:00,1573.25,1573.5,1573.25,1573.5,0.02,47.81,76033.09,1
2024-10-17,2024-10-17 13:58:00,1573.5,1573.75,1573.5,1573.75,0.02,47.81,76033.09,1
2024-10-17,2024-10-17 13:59:00,1573.75,1574.0,1573.75,1574.0,0.02,47.81,76033.09,1
2024-10-17,2024-10-17 14:00:00,1574.0,1574.25,1574.0,1574.25,0.02,47.81,76033.09,1
2024-10-17,2024-10-17 14:01:00,1574.25,1574.5,1574.25,1574.5,0.02,47.81,76033.09,1
2024-10-17,2024-10-17 14:02:00,1574.5,1574.75,1574.5,1574.75,0.02,47.81,76033.09,1
2024-10-17,2024-10-17 14:03:00,1574.75,1575.0,1574.75,1575.0,0.02,47.81,76033.09,1
2024-10-17,2024-10-17 14:04:00,1575.0,1575.25,1575.0,1575.25,0.02,47.81,76033.09,1
2024-10-17,2024-10-17 14:05:00,1575.25,1575.5,1575.25,1575.5,0.02,47.81,76033.09,1
2024-10-17,2024-10-17 14:06:00,1575.5,1575.75,1575.5,1575.75,0.02,47.81,76033.09,1
2024-10-17,2024-10-17 14:07:00,1575.75,1576.0,1575.75,1576.0,0.02,47.81,76033.09,1
2024-10-17,2024-10-17 14:08:00,1576.0,1576.25,1576.0,1576.25,0.02,47.81,76033.09,1
2024-10-17,2024-10-17 14:09:00,1576.25,1576.5,1576.25,1576.5,0.02,47.81,76033.09,1
2024-10-17,2024-10-17 14:10:00,1576.5,1576.75,1576.5,1576.75,0.02,47.81,76033.09,1
2024-10-17,2024-10-17 14:11:00,1576.75,1577.0,1576.75,1577.0,0.02,47.81,76033.09,1
2024-10-17,2024-10-17 14:12:00,1577.0,1577.25,1577.0,1577.25,0.02,47.81,76033.09,1
2024-10-17,2024-10-17 14:13:00,1577.25,1577.5,1577.25,1577.5,0.02,47.81,76033.09,1
2024-10-17,2024-10-17 14:14:00,1577.5,1577.75,1577.5,1577.75,0.02,47.81,76033.09,1
2024-10-17,2024-10-17 14:15:00,1577.75,1578.0,1577.75,1578.0,0.02,47.81,76033.09,1
2024-10-17,2024-10-17 14:16:00,1578.0,1578.25,1578.0,1578.25,0.02,47.81,76033.09,1
2024-10-17,2024-10-17 14:17:00,1578.25,1578.5,1578.25,1578.5,0.02,47.81,76033.09,1
2024-10-17,2024-10-17 14:18:00,1578.5,1578.75,1578.5,1578.75,0.02,47.81,76033.09,1
2024-10-17,2024-10-17 14:19:00,1578.75,1579.0,1578.75,1579.0,0.02,47.81,76033.09,1
2024-10-17,2024-10-17 14:20:00,1579.0,1579.25,1579.0,1579.25,0.02,47.81,76033.09,1
2024-10-17,2024-10-17 14:21:00,1579.25,1579.5,1579.25,1579.5,0.02,47.81,76033.09,1
2024-10-17,2024-10-17 14:22:00,1579.5,1579.75,1579.5,1579.75,0.02,47.81,76033.09,1
2024-10-17,2024-10-17 14:23:00,1579.75,1580.0,1579.75,1580.0,0.02,47.81,76033.09,1
2024-10-17,2024-10-17 14:24:00,1580.0,1580.25,1580.0,1580.25,0.02,47.81,76033.09,1
2024-10-17,2024-10-17 14:25:00,1580.25,1580.5,1580.25,1580.5,0.02,47.81,76033.09,1
2024-10-17,2024-10-17 14:26:00,1580.5,1580.75,1580.5,1580.75,0.02,47.81,76033.09,1
2024-10-17,2024-10-17 14:27:00,1580.75,1581.0,1580.75,1581.0,0.02,47.81,76033.09,1
2024-10-17,2024-10-17 14:28:00,1581.0,1581.25,1581.0,1581.25,0.02,47.81,76033.09,1
2024-10-17,2024-10-17 14:29:00,1581.25,1581.5,1581.25,1581.5,0.02,47.81,76033.09,1
2024-10-17,2024-10-17 14:30:00,1581.5,1581.75,1581.5,1581.75,0.02,47.81,76033.09,1
2024-10-17,2024-10-17 14:31:00,1581.75,1582.0,1581.75,1582.0,0.02,47.81,76033.09,1
2024-10-17,2024-10-17 14:32:00,1582.0,1582.25,1582.0,1582.25,0.02,47.81,76033.09,1
2024-10-17,2024-10-17 14:33:00,1582.25,1582.5,1582.25,1582.5,0.02,47.81,76033.09,1
2024-10-17,2024-10-17 14:34:00,1582.5,1582.75,1582.5,1582.75,0.02,47.81,76033.09,1
2024-10-17,2024-10-17 14:35:00,1582.75,1583.0,1582.75,1583.0,0.02,47.81,76033.09,1
2024-10-17,2024-10-17 14:36:00,1583.0,1583.25,1583.0,1583.25,0.02,47.81,76033.09,1
2024-10-17,2024-10-17 14:37:00,1583.25,1583.5,1583.25,1583.5,0.02,47.81,76033.09,1
2024-10-17,2024-10-17 14:38:00,1583.5,1583.75,1583.5,1583.75,0.02,47.81,76033.09,1
2024-10-17,2024-10-17 14:39:00,1583.75,1584.0,1583.75,1584.0,0.02,47.81,76033.09,1
2024-10-17,2024-10-17 14:40:00,1584.0,1584.25,1584.0,1584.25,0.02,47.81,76033.09,1
2024-10-17,2024-10-17 14:41:00,1584.25,1584.5,1584.25,1584.5,0.02,47.81,76033.09,1
2024-10-17,2024-10-17 14:42:00,1584.5,1584.75,1584.5,1584.75,0.02,47.81,76033.09,1
2024-10-17,2024-10-17 14:43:00,1584.75,1585.0,1584.75,1585.0,0.02,47.81,76033.09,1
2024-10-17,2024-10-17 14:44:00,1585.0,1585.25,1585.0,1585.25,0.02,47.81,76033.09,1
2024-10-17,2024-10-17 14:45:00,1585.25,1585.5,1585.25,1585.5,0.02,47.81,76033.09,1
2024-10-17,2024-10-17 14:46:00,1585.5,1585.75,1585.5,1585.75,0.02,47.81,76033.09,1
2024-10-17,2024-10-17 14:47:00,1585.75,1586.0,1585.75,1586.0,0.02,47.81,76033.09,1
2024-10-17,2024-10-17 14:48:00,1586.0,1586.25,1586.0,1586.25,0.02,47.81,76033.09,1
2024-10-17,2024-10-17 14:49:00,1586.25,1586.5,1586.25,1586.5,0.02,47.81,76033.09,1
2024-10-17,2024-10-17 14:50:00,1586.5,1586.75,1586.5,1586.75,0.02,47.81,76033.09,1
2024-10-17,2024-10-17 14:51:00,1586.75,1587.0,1586.75,1587.0,0.02,47.81,76033.09,1
2024-10-17,2024-10-17 14:52:00,1587.0,1587.25,1587.0,1587.25,0.02,47.81,76033.09,1
2024-10-17,2024-10-17 14:53:00,1587.25,1587.5,1587.25,1587.5,0.02,47.81,76033.09,1
2024-10-17,2024-10-17 14:54:00,1587.5,1587.75,1587.5,1587.75,0.02,47.81,76033.09,1
2024-10-17,2024-10-17 14:55:00,1587.75,1588.0,1587.75,1588.0,0.02,47.81,76033.09,1
2024-10-17,2024-10-17 14:56:00,1588.0,1588.25,1588.0,1588.25,0.02,47.81,76033.09,1
2024-10-17,2024-10-17 14:57:00,1588.25,1588.5,1588.25,1588.5,0.02,47.81,76033.09,1
2024-10-17,2024-10-17 14:58:00,1588.5,1588.75,1588.5,1588.75,0.02,47.81,76033.09,1
2024-10-17,2024-10-17 14:59:00,1588.75,1589.0,1588.75,1589.0,0.02,47.81,76033.09,1
2024-10-17,2024-10-17 15:00:00,1589.0,1604.8,1529.0,1589.0,0.0,47.81,76033.09,0
2024-10-20,2024-10-20 11:00:00,1589.0,1590.8,1572.44,1588.88,-0.01,23.61,37105.99,-1
2024-10-20,2024-10-20 11:01:00,1588.88,1588.88,1588.76,1588.76,-0.01,23.61,37105.99,-1
2024-10-20,2024-10-20 11:02:00,1588.76,1588.76,1588.64,1588.64,-0.01,23.61,37105.99,-1
2024-10-20,2024-10-20 11:03:00,1588.64,1588.64,1588.52,1588.52,-0.01,23.61,37105.99,-1
2024-10-20,2024-10-20 11:04:00,1588.52,1588.52,1588.4,1588.4,-0.01,23.61,37105.99,-1
2024-10-20,2024-10-20 11:05:00,1588.4,1588.4,1588.28,1588.28,-0.01,23.61,37105.99,-1
2024-10-20,2024-10-20 11:06:00,1588.28,1588.28,1588.15,1588.15,-0.01,23.61,37105.99,-1
2024-10-20,2024-10-20 11:07:00,1588.15,1588.15,1588.03,1588.03,-0.01,23.61,37105.99,-1
2024-10-20,2024-10-20 11:08:00,1588.03,1588.03,1587.91,1587.91,-0.01,23.61,37105.99,-1
2024-10-20,2024-10-20 11:09:00,1587.91,1587.91,1587.79,1587.79,-0.01,23.61,37105.99,-1
2024-10-20,2024-10-20 11:10:00,1587.79,1587.79,1587.67,1587.67,-0.01,23.61,37105.99,-1
2024-10-20,2024-10-20 11:11:00,1587.67,1587.67,1587.55,1587.55,-0.01,23.61,37105.99,-1
2024-10-20,2024-10-20 11:12:00,1587.55,1587.55,1587.43,1587.43,-0.01,23.61,37105.99,-1
2024-10-20,2024-10-20 11:13:00,1587.43,1587.43,1587.31,1587.31,-0.01,23.61,37105.99,-1
2024-10-20,2024-10-20 11:14:00,1587.31,1587.31,1587.19,1587.19,-0.01,23.61,37105.99,-1
2024-10-20,2024-10-20 11:15:00,1587.19,1587.19,1587.07,1587.07,-0.01,23.61,37105.99,-1
2024-10-20,2024-10-20 11:16:00,1587.07,1587.07,1586.95,1586.95,-0.01,23.61,37105.99,-1
2024-10-20,2024-10-20 11:17:00,1586.95,1586.95,1586.83,1586.83,-0.01,23.61,37105.99,-1
2024-10-20,2024-10-20 11:18:00,1586.83,1586.83,1586.7,1586.7,-0.01,23.61,37105.99,-1
2024-10-20,2024-10-20 11:19:00,1586.7,1586.7,1586.58,1586.58,-0.01,23.61,37105.99,-1
2024-10-20,2024-10-20 11:20:00,1586.58,1586.58,1586.46,1586.46,-0.01,23.61,37105.99,-1
2024-10-20,2024-10-20 11:21:00,1586.46,1586.46,1586.34,1586.34,-0.01,23.61,37105.99,-1
2024-10-20,2024-10-20 11:22:00,1586.34,1586.34,1586.22,1586.22,-0.01,23.61,37105.99,-1
2024-10-20,2024-10-20 11:23:00,1586.22,1586.22,1586.1,1586.1,-0.01,23.61,37105.99,-1
2024-10-20,2024-10-20 11:24:00,1586.1,1586.1,1585.98,1585.98,-0.01,23.61,37105.99,-1
2024-10-20,2024-10-20 11:25:00,1585.98,1585.98,1585.86,1585.86,-0.01,23.61,37105.99,-1
2024-10-20,2024-10-20 11:26:00,1585.86,1585.86,1585.74,1585.74,-0.01,23.61,37105.99,-1
2024-10-20,2024-10-20 11:27:00,1585.74,1585.74,1585.62,1585.62,-0.01,23.61,37105.99,-1
2024-10-20,2024-10-20 11:28:00,1585.62,1585.62,1585.5,1585.5,-0.01,23.61,37105.99,-1
2024-10-20,2024-10-20 11:29:00,1585.5,1585.5,1585.38,1585.38,-0.01,23.61,37105.99,-1
2024-10-20,2024-10-20 11:30:00,1585.38,1585.38,1585.25,1585.25,-0.01,23.61,37105.99,-1
2024-10-20,2024-10-20 11:31:00,1585.25,1585.25,1585.13,1585.13,-0.01,23.61,37105.99,-1
2024-10-20,2024-10-20 11:32:00,1585.13,1585.13,1585.01,1585.01,-0.01,23.61,37105.99,-1
2024-10-20,2024-10-20 11:33:00,1585.01,1585.01,1584.89,1584.89,-0.01,23.61,37105.99,-1
2024-10-20,2024-10-20 11:34:00,1584.89,1584.89,1584.77,1584.77,-0.01,23.61,37105.99,-1
2024-10-20,2024-10-20 11:35:00,1584.77,1584.77,1584.65,1584.65,-0.01,23.61,37105.99,-1
2024-10-20,2024-10-20 11:36:00,1584.65,1584.65,1584.53,1584.53,-0.01,23.61,37105.99,-1
2024-10-20,2024-10-20 11:37:00,1584.53,1584.53,1584.41,1584.41,-0.01,23.61,37105.99,-1
2024-10-20,2024-10-20 11:38:00,1584.41,1584.41,1584.29,1584.29,-0.01,23.61,37105.99,-1
2024-10-20,2024-10-20 11:39:00,1584.29,1584.29,1584.17,1584.17,-0.01,23.61,37105.99,-1
2024-10-20,2024-10-20 11:40:00,1584.17,1584.17,1584.05,1584.05,-0.01,23.61,37105.99,-1
2024-10-20,2024-10-20 11:41:00,1584.05,1584.05,1583.92,1583.92,-0.01,23.61,37105.99,-1
2024-10-20,2024-10-20 11:42:00,1583.92,1583.92,1583.8,1583.8,-0.01,23.61,37105.99,-1
2024-10-20,2024-10-20 11:43:00,1583.8,1583.8,1583.68,1583.68,-0.01,23.61,37105.99,-1
2024-10-20,2024-10-20 11:44:00,1583.68,1583.68,1583.56,1583.56,-0.01,23.61,37105.99,-1
2024-10-20,2024-10-20 11:45:00,1583.56,1583.56,1583.44,1583.44,-0.01,23.61,37105.99,-1
2024-10-20,2024-10-20 11:46:00,1583.44,1583.44,1583.32,1583.32,-0.01,23.61,37105.99,-1
2024-10-20,2024-10-20 11:47:00,1583.32,1583.32,1583.2,1583.2,-0.01,23.61,37105.99,-1
2024-10-20,2024-10-20 11:48:00,1583.2,1583.2,1583.08,1583.08,-0.01,23.61,37105.99,-1
2024-10-20,2024-10-20 11:49:00,1583.08,1583.08,1582.96,1582.96,-0.01,23.61,37105.99,-1
2024-10-20,2024-10-20 11:50:00,1582.96,1582.96,1582.84,1582.84,-0.01,23.61,37105.99,-1
2024-10-20,2024-10-20 11:51:00,1582.84,1582.84,1582.72,1582.72,-0.01,23.61,37105.99,-1
2024-10-20,2024-10-20 11:52:00,1582.72,1582.72,1582.6,1582.6,-0.01,23.61,37105.99,-1
2024-10-20,2024-10-20 11:53:00,1582.6,1582.6,1582.47,1582.47,-0.01,23.61,37105.99,-1
2024-10-20,2024-10-20 11:54:00,1582.47,1582.47,1582.35,1582.35,-0.01,23.61,37105.99,-1
2024-10-20,2024-10-20 11:55:00,1582.35,1582.35,1582.23,1582.23,-0.01,23.61,37105.99,-1
2024-10-20,2024-10-20 11:56:00,1582.23,1582.23,1582.11,1582.11,-0.01,23.61,37105.99,-1
2024-10-20,2024-10-20 11:57:00,1582.11,1582.11,1581.99,1581.99,-0.01,23.61,37105.99,-1
2024-10-20,2024-10-20 11:58:00,1581.99,1581.99,1581.87,1581.87,-0.01,23.61,37105.99,-1
2024-10-20,2024-10-20 11:59:00,1581.87,1581.87,1581.75,1581.75,-0.01,23.61,37105.99,-1
2024-10-20,2024-10-20 12:00:00,1581.75,1581.75,1581.63,1581.63,-0.01,23.61,37105.99,-1
2024-10-20,2024-10-20 12:01:00,1581.63,1581.63,1581.51,1581.51,-0.01,23.61,37105.99,-1
2024-10-20,2024-10-20 12:02:00,1581.51,1581.51,1581.39,1581.39,-0.01,23.61,37105.99,-1
2024-10-20,2024-10-20 12:03:00,1581.39,1581.39,1581.27,1581.27,-0.01,23.61,37105.99,-1
2024-10-20,2024-10-20 12:04:00,1581.27,1581.27,1581.15,1581.15,-0.01,23.61,37105.99,-1
2024-10-20,2024-10-20 12:05:00,1581.15,1581.15,1581.03,1581.03,-0.01,23.61,37105.99,-1
2024-10-20,2024-10-20 12:06:00,1581.03,1581.03,1580.9,1580.9,-0.01,23.61,37105.99,-1
2024-10-20,2024-10-20 12:07:00,1580.9,1580.9,1580.78,1580.78,-0.01,23.61,37105.99,-1
2024-10-20,2024-10-20 12:08:00,1580.78,1580.78,1580.66,1580.66,-0.01,23.61,37105.99,-1
2024-10-20,2024-10-20 12:09:00,1580.66,1580.66,1580.54,1580.54,-0.01,23.61,37105.99,-1
2024-10-20,2024-10-20 12:10:00,1580.54,1580.54,1580.42,1580.42,-0.01,23.61,37105.99,-1
2024-10-20,2024-10-20 12:11:00,1580.42,1580.42,1580.3,1580.3,-0.01,23.61,37105.99,-1
2024-10-20,2024-10-20 12:12:00,1580.3,1580.3,1580.18,1580.18,-0.01,23.61,37105.99,-1
2024-10-20,2024-10-20 12:13:00,1580.18,1580.18,1580.06,1580.06,-0.01,23.61,37105.99,-1
2024-10-20,2024-10-20 12:14:00,1580.06,1580.06,1579.94,1579.94,-0.01,23.61,37105.99,-1
2024-10-20,2024-10-20 12:15:00,1579.94,1579.94,1579.82,1579.82,-0.01,23.61,37105.99,-1
2024-10-20,2024-10-20 12:16:00,1579.82,1579.82,1579.7,1579.7,-0.01,23.61,37105.99,-1
2024-10-20,2024-10-20 12:17:00,1579.7,1579.7,1579.58,1579.58,-0.01,23.61,37105.99,-1
2024-10-20,2024-10-20 12:18:00,1579.58,1579.58,1579.45,1579.45,-0.01,23.61,37105.99,-1
2024-10-20,2024-10-20 12:19:00,1579.45,1579.45,1579.33,1579.33,-0.01,23.61,37105.99,-1
2024-10-20,2024-10-20 12:20:00,1579.33,1579.33,1579.21,1579.21,-0.01,23.61,37105.99,-1
2024-10-20,2024-10-20 12:21:00,1579.21,1579.21,1579.09,1579.09,-0.01,23.61,37105.99,-1
2024-10-20,2024-10-20 12:22:00,1579.09,1579.09,1578.97,1578.97,-0.01,23.61,37105.99,-1
2024-10-20,2024-10-20 12:23:00,1578.97,1578.97,1578.85,1578.85,-0.01,23.61,37105.99,-1
2024-10-20,2024-10-20 12:24:00,1578.85,1578.85,1578.73,1578.73,-0.01,23.61,37105.99,-1
2024-10-20,2024-10-20 12:25:00,1578.73,1578.73,1578.61,1578.61,-0.01,23.61,37105.99,-1
2024-10-20,2024-10-20 12:26:00,1578.61,1578.61,1578.49,1578.49,-0.01,23.61,37105.99,-1
2024-10-20,2024-10-20 12:27:00,1578.49,1578.49,1578.37,1578.37,-0.01,23.61,37105.99,-1
2024-10-20,2024-10-20 12:28:00,1578.37,1578.37,1578.25,1578.25,-0.01,23.61,37105.99,-1
2024-10-20,2024-10-20 12:29:00,1578.25,1578.25,1578.12,1578.12,-0.01,23.61,37105.99,-1
2024-10-20,2024-10-20 12:30:00,1578.12,1578.12,1578.0,1578.0,-0.01,23.61,37105.99,-1
2024-10-20,2024-10-20 12:31:00,1578.0,1578.0,1577.88,1577.88,-0.01,23.61,37105.99,-1
2024-10-20,2024-10-20 12:32:00,1577.88,1577.88,1577.76,1577.76,-0.01,23.61,37105.99,-1
2024-10-20,2024-10-20 12:33:00,1577.76,1577.76,1577.64,1577.64,-0.01,23.61,37105.99,-1
2024-10-20,2024-10-20 12:34:00,1577.64,1577.64,1577.52,1577.52,-0.01,23.61,37105.99,-1
2024-10-20,2024-10-20 12:35:00,1577.52,1577.52,1577.4,1577.4,-0.01,23.61,37105.99,-1
2024-10-20,2024-10-20 12:36:00,1577.4,1577.4,1577.28,1577.28,-0.01,23.61,37105.99,-1
2024-10-20,2024-10-20 12:37:00,1577.28,1577.28,1577.16,1577.16,-0.01,23.61,37105.99,-1
2024-10-20,2024-10-20 12:38:00,1577.16,1577.16,1577.04,1577.04,-0.01,23.61,37105.99,-1
2024-10-20,2024-10-20 12:39:00,1577.04,1577.04,1576.92,1576.92,-0.01,23.61,37105.99,-1
2024-10-20,2024-10-20 12:40:00,1576.92,1576.92,1576.8,1576.8,-0.01,23.61,37105.99,-1
2024-10-20,2024-10-20 12:41:00,1576.8,1576.8,1576.67,1576.67,-0.01,23.61,37105.99,-1
2024-10-20,2024-10-20 12:42:00,1576.67,1576.67,1576.55,1576.55,-0.01,23.61,37105.99,-1
2024-10-20,2024-10-20 12:43:00,1576.55,1576.55,1576.43,1576.43,-0.01,23.61,37105.99,-1
2024-10-20,2024-10-20 12:44:00,1576.43,1576.43,1576.31,1576.31,-0.01,23.61,37105.99,-1
2024-10-20,2024-10-20 12:45:00,1576.31,1576.31,1576.19,1576.19,-0.01,23.61,37105.99,-1
2024-10-20,2024-10-20 12:46:00,1576.19,1576.19,1576.07,1576.07,-0.01,23.61,37105.99,-1
2024-10-20,2024-10-20 12:47:00,1576.07,1576.07,1575.95,1575.95,-0.01,23.61,37105.99,-1
2024-10-20,2024-10-20 12:48:00,1575.95,1575.95,1575.83,1575.83,-0.01,23.61,37105.99,-1
2024-10-20,2024-10-20 12:49:00,1575.83,1575.83,1575.71,1575.71,-0.01,23.61,37105.99,-1
2024-10-20,2024-10-20 12:50:00,1575.71,1575.71,1575.59,1575.59,-0.01,23.61,37105.99,-1
2024-10-20,2024-10-20 12:51:00,1575.59,1575.59,1575.47,1575.47,-0.01,23.61,37105.99,-1
2024-10-20,2024-10-20 12:52:00,1575.47,1575.47,1575.35,1575.35,-0.01,23.61,37105.99,-1
2024-10-20,2024-10-20 12:53:00,1575.35,1575.35,1575.22,1575.22,-0.01,23.61,37105.99,-1
2024-10-20,2024-10-20 12:54:00,1575.22,1575.22,1575.1,1575.1,-0.01,23.61,37105.99,-1
2024-10-20,2024-10-20 12:55:00,1575.1,1575.1,1574.98,1574.98,-0.01,23.61,37105.99,-1
2024-10-20,2024-10-20 12:56:00,1574.98,1574.98,1574.86,1574.86,-0.01,23.61,37105.99,-1
2024-10-20,2024-10-20 12:57:00,1574.86,1574.86,1574.74,1574.74,-0.01,23.61,37105.99,-1
2024-10-20,2024-10-20 12:58:00,1574.74,1574.74,1574.62,1574.62,-0.01,23.61,37105.99,-1
2024-10-20,2024-10-20 12:59:00,1574.62,1574.62,1574.5,1574.5,-0.01,23.61,37105.99,-1
2024-10-20,2024-10-20 13:00:00,1574.5,1595.0,1533.8,1574.38,-0.01,23.61,37105.99,-1
2024-10-20,2024-10-20 13:01:00,1574.38,1574.38,1574.26,1574.26,-0.01,23.61,37105.99,-1
2024-10-20,2024-10-20 13:02:00,1574.26,1574.26,1574.14,1574.14,-0.01,23.61,37105.99,-1
2024-10-20,2024-10-20 13:03:00,1574.14,1574.14,1574.02,1574.02,-0.01,23.61,37105.99,-1
2024-10-20,2024-10-20 13:04:00,1574.02,1574.02,1573.9,1573.9,-0.01,23.61,37105.99,-1
2024-10-20,2024-10-20 13:05:00,1573.9,1573.9,1573.78,1573.78,-0.01,23.61,37105.99,-1
2024-10-20,2024-10-20 13:06:00,1573.78,1573.78,1573.65,1573.65,-0.01,23.61,37105.99,-1
2024-10-20,2024-10-20 13:07:00,1573.65,1573.65,1573.53,1573.53,-0.01,23.61,37105.99,-1
2024-10-20,2024-10-20 13:08:00,1573.53,1573.53,1573.41,1573.41,-0.01,23.61,37105.99,-1
2024-10-20,2024-10-20 13:09:00,1573.41,1573.41,1573.29,1573.29,-0.01,23.61,37105.99,-1
2024-10-20,2024-10-20 13:10:00,1573.29,1573.29,1573.17,1573.17,-0.01,23.61,37105.99,-1
2024-10-20,2024-10-20 13:11:00,1573.17,1573.17,1573.05,1573.05,-0.01,23.61,37105.99,-1
2024-10-20,2024-10-20 13:12:00,1573.05,1573.05,1572.93,1572.93,-0.01,23.61,37105.99,-1
2024-10-20,2024-10-20 13:13:00,1572.93,1572.93,1572.81,1572.81,-0.01,23.61,37105.99,-1
2024-10-20,2024-10-20 13:14:00,1572.81,1572.81,1572.69,1572.69,-0.01,23.61,37105.99,-1
2024-10-20,2024-10-20 13:15:00,1572.69,1572.69,1572.57,1572.57,-0.01,23.61,37105.99,-1
2024-10-20,2024-10-20 13:16:00,1572.57,1572.57,1572.45,1572.45,-0.01,23.61,37105.99,-1
2024-10-20,2024-10-20 13:17:00,1572.45,1572.45,1572.33,1572.33,-0.01,23.61,37105.99,-1
2024-10-20,2024-10-20 13:18:00,1572.33,1572.33,1572.2,1572.2,-0.01,23.61,37105.99,-1
2024-10-20,2024-10-20 13:19:00,1572.2,1572.2,1572.08,1572.08,-0.01,23.61,37105.99,-1
2024-10-20,2024-10-20 13:20:00,1572.08,1572.08,1571.96,1571.96,-0.01,23.61,37105.99,-1
2024-10-20,2024-10-20 13:21:00,1571.96,1571.96,1571.84,1571.84,-0.01,23.61,37105.99,-1
2024-10-20,2024-10-20 13:22:00,1571.84,1571.84,1571.72,1571.72,-0.01,23.61,37105.99,-1
2024-10-20,2024-10-20 13:23:00,1571.72,1571.72,1571.6,1571.6,-0.01,23.61,37105.99,-1
2024-10-20,2024-10-20 13:24:00,1571.6,1571.6,1571.48,1571.48,-0.01,23.61,37105.99,-1
2024-10-20,2024-10-20 13:25:00,1571.48,1571.48,1571.36,1571.36,-0.01,23.61,37105.99,-1
2024-10-20,2024-10-20 13:26:00,1571.36,1571.36,1571.24,1571.24,-0.01,23.61,37105.99,-1
2024-10-20,2024-10-20 13:27:00,1571.24,1571.24,1571.12,1571.12,-0.01,23.61,37105.99,-1
2024-10-20,2024-10-20 13:28:00,1571.12,1571.12,1571.0,1571.0,-0.01,23.61,37105.99,-1
2024-10-20,2024-10-20 13:29:00,1571.0,1571.0,1570.88,1570.88,-0.01,23.61,37105.99,-1
2024-10-20,2024-10-20 13:30:00,1570.88,1570.88,1570.75,1570.75,-0.01,23.61,37105.99,-1
2024-10-20,2024-10-20 13:31:00,1570.75,1570.75,1570.63,1570.63,-0.01,23.61,37105.99,-1
2024-10-20,2024-10-20 13:32:00,1570.63,1570.63,1570.51,1570.51,-0.01,23.61,37105.99,-1
2024-10-20,2024-10-20 13:33:00,1570.51,1570.51,1570.39,1570.39,-0.01,23.61,37105.99,-1
2024-10-20,2024-10-20 13:34:00,1570.39,1570.39,1570.27,1570.27,-0.01,23.61,37105.99,-1
2024-10-20,2024-10-20 13:35:00,1570.27,1570.27,1570.15,1570.15,-0.01,23.61,37105.99,-1
2024-10-20,2024-10-20 13:36:00,1570.15,1570.15,1570.03,1570.03,-0.01,23.61,37105.99,-1
2024-10-20,2024-10-20 13:37:00,1570.03,1570.03,1569.91,1569.91,-0.01,23.61,37105.99,-1
2024-10-20,2024-10-20 13:38:00,1569.91,1569.91,1569.79,1569.79,-0.01,23.61,37105.99,-1
2024-10-20,2024-10-20 13:39:00,1569.79,1569.79,1569.67,1569.67,-0.01,23.61,37105.99,-1
2024-10-20,2024-10-20 13:40:00,1569.67,1569.67,1569.55,1569.55,-0.01,23.61,37105.99,-1
2024-10-20,2024-10-20 13:41:00,1569.55,1569.55,1569.42,1569.42,-0.01,23.61,37105.99,-1
2024-10-20,2024-10-20 13:42:00,1569.42,1569.42,1569.3,1569.3,-0.01,23.61,37105.99,-1
2024-10-20,2024-10-20 13:43:00,1569.3,1569.3,1569.18,1569.18,-0.01,23.61,37105.99,-1
2024-10-20,2024-10-20 13:44:00,1569.18,1569.18,1569.06,1569.06,-0.01,23.61,37105.99,-1
2024-10-20,2024-10-20 13:45:00,1569.06,1569.06,1568.94,1568.94,-0.01,23.61,37105.99,-1
2024-10-20,2024-10-20 13:46:00,1568.94,1568.94,1568.82,1568.82,-0.01,23.61,37105.99,-1
2024-10-20,2024-10-20 13:47:00,1568.82,1568.82,1568.7,1568.7,-0.01,23.61,37105.99,-1
2024-10-20,2024-10-20 13:48:00,1568.7,1568.7,1568.58,1568.58,-0.01,23.61,37105.99,-1
2024-10-20,2024-10-20 13:49:00,1568.58,1568.58,1568.46,1568.46,-0.01,23.61,37105.99,-1
2024-10-20,2024-10-20 13:50:00,1568.46,1568.46,1568.34,1568.34,-0.01,23.61,37105.99,-1
2024-10-20,2024-10-20 13:51:00,1568.34,1568.34,1568.22,1568.22,-0.01,23.61,37105.99,-1
2024-10-20,2024-10-20 13:52:00,1568.22,1568.22,1568.1,1568.1,-0.01,23.61,37105.99,-1
2024-10-20,2024-10-20 13:53:00,1568.1,1568.1,1567.97,1567.97,-0.01,23.61,37105.99,-1
2024-10-20,2024-10-20 13:54:00,1567.97,1567.97,1567.85,1567.85,-0.01,23.61,37105.99,-1
2024-10-20,2024-10-20 13:55:00,1567.85,1567.85,1567.73,1567.73,-0.01,23.61,37105.99,-1
2024-10-20,2024-10-20 13:56:00,1567.73,1567.73,1567.61,1567.61,-0.01,23.61,37105.99,-1
2024-10-20,2024-10-20 13:57:00,1567.61,1567.61,1567.49,1567.49,-0.01,23.61,37105.99,-1
2024-10-20,2024-10-20 13:58:00,1567.49,1567.49,1567.37,1567.37,-0.01,23.61,37105.99,-1
2024-10-20,2024-10-20 13:59:00,1567.37,1567.37,1567.25,1567.25,-0.01,23.61,37105.99,-1
2024-10-20,2024-10-20 14:00:00,1567.25,1567.25,1567.13,1567.13,-0.01,23.61,37105.99,-1
2024-10-20,2024-10-20 14:01:00,1567.13,1567.13,1567.01,1567.01,-0.01,23.61,37105.99,-1
2024-10-20,2024-10-20 14:02:00,1567.01,1567.01,1566.89,1566.89,-0.01,23.61,37105.99,-1
2024-10-20,2024-10-20 14:03:00,1566.89,1566.89,1566.77,1566.77,-0.01,23.61,37105.99,-1
2024-10-20,2024-10-20 14:04:00,1566.77,1566.77,1566.65,1566.65,-0.01,23.61,37105.99,-1
2024-10-20,2024-10-20 14:05:00,1566.65,1566.65,1566.53,1566.53,-0.01,23.61,37105.99,-1
2024-10-20,2024-10-20 14:06:00,1566.53,1566.53,1566.4,1566.4,-0.01,23.61,37105.99,-1
2024-10-20,2024-10-20 14:07:00,1566.4,1566.4,1566.28,1566.28,-0.01,23.61,37105.99,-1
2024-10-20,2024-10-20 14:08:00,1566.28,1566.28,1566.16,1566.16,-0.01,23.61,37105.99,-1
2024-10-20,2024-10-20 14:09:00,1566.16,1566.16,1566.04,1566.04,-0.01,23.61,37105.99,-1
2024-10-20,2024-10-20 14:10:00,1566.04,1566.04,1565.92,1565.92,-0.01,23.61,37105.99,-1
2024-10-20,2024-10-20 14:11:00,1565.92,1565.92,1565.8,1565.8,-0.01,23.61,37105.99,-1
2024-10-20,2024-10-20 14:12:00,1565.8,1565.8,1565.68,1565.68,-0.01,23.61,37105.99,-1
2024-10-20,2024-10-20 14:13:00,1565.68,1565.68,1565.56,1565.56,-0.01,23.61,37105.99,-1
2024-10-20,2024-10-20 14:14:00,1565.56,1565.56,1565.44,1565.44,-0.01,23.61,37105.99,-1
2024-10-20,2024-10-20 14:15:00,1565.44,1565.44,1565.32,1565.32,-0.01,23.61,37105.99,-1
2024-10-20,2024-10-20 14:16:00,1565.32,1565.32,1565.2,1565.2,-0.01,23.61,37105.99,-1
2024-10-20,2024-10-20 14:17:00,1565.2,1565.2,1565.08,1565.08,-0.01,23.61,37105.99,-1
2024-10-20,2024-10-20 14:18:00,1565.08,1565.08,1564.95,1564.95,-0.01,23.61,37105.99,-1
2024-10-20,2024-10-20 14:19:00,1564.95,1564.95,1564.83,1564.83,-0.01,23.61,37105.99,-1
2024-10-20,2024-10-20 14:20:00,1564.83,1564.83,1564.71,1564.71,-0.01,23.61,37105.99,-1
2024-10-20,2024-10-20 14:21:00,1564.71,1564.71,1564.59,1564.59,-0.01,23.61,37105.99,-1
2024-10-20,2024-10-20 14:22:00,1564.59,1564.59,1564.47,1564.47,-0.01,23.61,37105.99,-1
2024-10-20,2024-10-20 14:23:00,1564.47,1564.47,1564.35,1564.35,-0.01,23.61,37105.99,-1
2024-10-20,2024-10-20 14:24:00,1564.35,1564.35,1564.23,1564.23,-0.01,23.61,37105.99,-1
2024-10-20,2024-10-20 14:25:00,1564.23,1564.23,1564.11,1564.11,-0.01,23.61,37105.99,-1
2024-10-20,2024-10-20 14:26:00,1564.11,1564.11,1563.99,1563.99,-0.01,23.61,37105.99,-1
2024-10-20,2024-10-20 14:27:00,1563.99,1563.99,1563.87,1563.87,-0.01,23.61,37105.99,-1
2024-10-20,2024-10-20 14:28:00,1563.87,1563.87,1563.75,1563.75,-0.01,23.61,37105.99,-1
2024-10-20,2024-10-20 14:29:00,1563.75,1563.75,1563.62,1563.62,-0.01,23.61,37105.99,-1
2024-10-20,2024-10-20 14:30:00,1563.62,1563.62,1563.5,1563.5,-0.01,23.61,37105.99,-1
2024-10-20,2024-10-20 14:31:00,1563.5,1563.5,1563.38,1563.38,-0.01,23.61,37105.99,-1
2024-10-20,2024-10-20 14:32:00,1563.38,1563.38,1563.26,1563.26,-0.01,23.61,37105.99,-1
2024-10-20,2024-10-20 14:33:00,1563.26,1563.26,1563.14,1563.14,-0.01,23.61,37105.99,-1
2024-10-20,2024-10-20 14:34:00,1563.14,1563.14,1563.02,1563.02,-0.01,23.61,37105.99,-1
2024-10-20,2024-10-20 14:35:00,1563.02,1563.02,1562.9,1562.9,-0.01,23.61,37105.99,-1
2024-10-20,2024-10-20 14:36:00,1562.9,1562.9,1562.78,1562.78,-0.01,23.61,37105.99,-1
2024-10-20,2024-10-20 14:37:00,1562.78,1562.78,1562.66,1562.66,-0.01,23.61,37105.99,-1
2024-10-20,2024-10-20 14:38:00,1562.66,1562.66,1562.54,1562.54,-0.01,23.61,37105.99,-1
2024-10-20,2024-10-20 14:39:00,1562.54,1562.54,1562.42,1562.42,-0.01,23.61,37105.99,-1
2024-10-20,2024-10-20 14:40:00,1562.42,1562.42,1562.3,1562.3,-0.01,23.61,37105.99,-1
2024-10-20,2024-10-20 14:41:00,1562.3,1562.3,1562.17,1562.17,-0.01,23.61,37105.99,-1
2024-10-20,2024-10-20 14:42:00,1562.17,1562.17,1562.05,1562.05,-0.01,23.61,37105.99,-1
2024-10-20,2024-10-20 14:43:00,1562.05,1562.05,1561.93,1561.93,-0.01,23.61,37105.99,-1
2024-10-20,2024-10-20 14:44:00,1561.93,1561.93,1561.81,1561.81,-0.01,23.61,37105.99,-1
2024-10-20,2024-10-20 14:45:00,1561.81,1561.81,1561.69,1561.69,-0.01,23.61,37105.99,-1
2024-10-20,2024-10-20 14:46:00,1561.69,1561.69,1561.57,1561.57,-0.01,23.61,37105.99,-1
2024-10-20,2024-10-20 14:47:00,1561.57,1561.57,1561.45,1561.45,-0.01,23.61,37105.99,-1
2024-10-20,2024-10-20 14:48:00,1561.45,1561.45,1561.33,1561.33,-0.01,23.61,37105.99,-1
2024-10-20,2024-10-20 14:49:00,1561.33,1561.33,1561.21,1561.21,-0.01,23.61,37105.99,-1
2024-10-20,2024-10-20 14:50:00,1561.21,1561.21,1561.09,1561.09,-0.01,23.61,37105.99,-1
2024-10-20,2024-10-20 14:51:00,1561.09,1561.09,1560.97,1560.97,-0.01,23.61,37105.99,-1
2024-10-20,2024-10-20 14:52:00,1560.97,1560.97,1560.85,1560.85,-0.01,23.61,37105.99,-1
2024-10-20,2024-10-20 14:53:00,1560.85,1560.85,1560.72,1560.72,-0.01,23.61,37105.99,-1
2024-10-20,2024-10-20 14:54:00,1560.72,1560.72,1560.6,1560.6,-0.01,23.61,37105.99,-1
2024-10-20,2024-10-20 14:55:00,1560.6,1560.6,1560.48,1560.48,-0.01,23.61,37105.99,-1
2024-10-20,2024-10-20 14:56:00,1560.48,1560.48,1560.36,1560.36,-0.01,23.61,37105.99,-1
2024-10-20,2024-10-20 14:57:00,1560.36,1560.36,1560.24,1560.24,-0.01,23.61,37105.99,-1
2024-10-20,2024-10-20 14:58:00,1560.24,1560.24,1560.12,1560.12,-0.01,23.61,37105.99,-1
2024-10-20,2024-10-20 14:59:00,1560.12,1560.12,1560.0,1560.0,-0.01,23.61,37105.99,-1
2024-10-20,2024-10-20 15:00:00,1560.0,1595.0,1533.8,1560.0,0.0,23.61,37105.99,0
2024-10-21,2024-10-21 11:00:00,1529.0,1553.3,1529.0,1529.06,0.0,16.88,25971.85,1
2024-10-21,2024-10-21 11:01:00,1529.06,1529.12,1529.06,1529.12,0.0,16.88,25971.85,1
2024-10-21,2024-10-21 11:02:00,1529.12,1529.17,1529.12,1529.17,0.0,16.88,25971.85,1
2024-10-21,2024-10-21 11:03:00,1529.17,1529.23,1529.17,1529.23,0.0,16.88,25971.85,1
2024-10-21,2024-10-21 11:04:00,1529.23,1529.29,1529.23,1529.29,0.0,16.88,25971.85,1
2024-10-21,2024-10-21 11:05:00,1529.29,1529.35,1529.29,1529.35,0.0,16.88,25971.85,1
2024-10-21,2024-10-21 11:06:00,1529.35,1529.41,1529.35,1529.41,0.0,16.88,25971.85,1
2024-10-21,2024-10-21 11:07:00,1529.41,1529.47,1529.41,1529.47,0.0,16.88,25971.85,1
2024-10-21,2024-10-21 11:08:00,1529.47,1529.53,1529.47,1529.53,0.0,16.88,25971.85,1
2024-10-21,2024-10-21 11:09:00,1529.53,1529.58,1529.53,1529.58,0.0,16.88,25971.85,1
2024-10-21,2024-10-21 11:10:00,1529.58,1529.64,1529.58,1529.64,0.0,16.88,25971.85,1
2024-10-21,2024-10-21 11:11:00,1529.64,1529.7,1529.64,1529.7,0.0,16.88,25971.85,1
2024-10-21,2024-10-21 11:12:00,1529.7,1529.76,1529.7,1529.76,0.0,16.88,25971.85,1
2024-10-21,2024-10-21 11:13:00,1529.76,1529.82,1529.76,1529.82,0.0,16.88,25971.85,1
2024-10-21,2024-10-21 11:14:00,1529.82,1529.88,1529.82,1529.88,0.0,16.88,25971.85,1
2024-10-21,2024-10-21 11:15:00,1529.88,1529.93,1529.88,1529.93,0.0,16.88,25971.85,1
2024-10-21,2024-10-21 11:16:00,1529.93,1529.99,1529.93,1529.99,0.0,16.88,25971.85,1
2024-10-21,2024-10-21 11:17:00,1529.99,1530.05,1529.99,1530.05,0.0,16.88,25971.85,1
2024-10-21,2024-10-21 11:18:00,1530.05,1530.11,1530.05,1530.11,0.0,16.88,25971.85,1
2024-10-21,2024-10-21 11:19:00,1530.11,1530.17,1530.11,1530.17,0.0,16.88,25971.85,1
2024-10-21,2024-10-21 11:20:00,1530.17,1530.22,1530.17,1530.22,0.0,16.88,25971.85,1
2024-10-21,2024-10-21 11:21:00,1530.22,1530.28,1530.22,1530.28,0.0,16.88,25971.85,1
2024-10-21,2024-10-21 11:22:00,1530.28,1530.34,1530.28,1530.34,0.0,16.88,25971.85,1
2024-10-21,2024-10-21 11:23:00,1530.34,1530.4,1530.34,1530.4,0.0,16.88,25971.85,1
2024-10-21,2024-10-21 11:24:00,1530.4,1530.46,1530.4,1530.46,0.0,16.88,25971.85,1
2024-10-21,2024-10-21 11:25:00,1530.46,1530.52,1530.46,1530.52,0.0,16.88,25971.85,1
2024-10-21,2024-10-21 11:26:00,1530.52,1530.58,1530.52,1530.58,0.0,16.88,25971.85,1
2024-10-21,2024-10-21 11:27:00,1530.58,1530.63,1530.58,1530.63,0.0,16.88,25971.85,1
2024-10-21,2024-10-21 11:28:00,1530.63,1530.69,1530.63,1530.69,0.0,16.88,25971.85,1
2024-10-21,2024-10-21 11:29:00,1530.69,1530.75,1530.69,1530.75,0.0,16.88,25971.85,1
2024-10-21,2024-10-21 11:30:00,1530.75,1530.81,1530.75,1530.81,0.0,16.88,25971.85,1
2024-10-21,2024-10-21 11:31:00,1530.81,1530.87,1530.81,1530.87,0.0,16.88,25971.85,1
2024-10-21,2024-10-21 11:32:00,1530.87,1530.92,1530.87,1530.92,0.0,16.88,25971.85,1
2024-10-21,2024-10-21 11:33:00,1530.92,1530.98,1530.92,1530.98,0.0,16.88,25971.85,1
2024-10-21,2024-10-21 11:34:00,1530.98,1531.04,1530.98,1531.04,0.0,16.88,25971.85,1
2024-10-21,2024-10-21 11:35:00,1531.04,1531.1,1531.04,1531.1,0.0,16.88,25971.85,1
2024-10-21,2024-10-21 11:36:00,1531.1,1531.16,1531.1,1531.16,0.0,16.88,25971.85,1
2024-10-21,2024-10-21 11:37:00,1531.16,1531.22,1531.16,1531.22,0.0,16.88,25971.85,1
2024-10-21,2024-10-21 11:38:00,1531.22,1531.28,1531.22,1531.28,0.0,16.88,25971.85,1
2024-10-21,2024-10-21 11:39:00,1531.28,1531.33,1531.28,1531.33,0.0,16.88,25971.85,1
2024-10-21,2024-10-21 11:40:00,1531.33,1531.39,1531.33,1531.39,0.0,16.88,25971.85,1
2024-10-21,2024-10-21 11:41:00,1531.39,1531.45,1531.39,1531.45,0.0,16.88,25971.85,1
2024-10-21,2024-10-21 11:42:00,1531.45,1531.51,1531.45,1531.51,0.0,16.88,25971.85,1
2024-10-21,2024-10-21 11:43:00,1531.51,1531.57,1531.51,1531.57,0.0,16.88,25971.85,1
2024-10-21,2024-10-21 11:44:00,1531.57,1531.62,1531.57,1531.62,0.0,16.88,25971.85,1
2024-10-21,2024-10-21 11:45:00,1531.62,1531.68,1531.62,1531.68,0.0,16.88,25971.85,1
2024-10-21,2024-10-21 11:46:00,1531.68,1531.74,1531.68,1531.74,0.0,16.88,25971.85,1
2024-10-21,2024-10-21 11:47:00,1531.74,1531.8,1531.74,1531.8,0.0,16.88,25971.85,1
2024-10-21,2024-10-21 11:48:00,1531.8,1531.86,1531.8,1531.86,0.0,16.88,25971.85,1
2024-10-21,2024-10-21 11:49:00,1531.86,1531.92,1531.86,1531.92,0.0,16.88,25971.85,1
2024-10-21,2024-10-21 11:50:00,1531.92,1531.97,1531.92,1531.97,0.0,16.88,25971.85,1
2024-10-21,2024-10-21 11:51:00,1531.97,1532.03,1531.97,1532.03,0.0,16.88,25971.85,1
2024-10-21,2024-10-21 11:52:00,1532.03,1532.09,1532.03,1532.09,0.0,16.88,25971.85,1
2024-10-21,2024-10-21 11:53:00,1532.09,1532.15,1532.09,1532.15,0.0,16.88,25971.85,1
2024-10-21,2024-10-21 11:54:00,1532.15,1532.21,1532.15,1532.21,0.0,16.88,25971.85,1
2024-10-21,2024-10-21 11:55:00,1532.21,1532.27,1532.21,1532.27,0.0,16.88,25971.85,1
2024-10-21,2024-10-21 11:56:00,1532.27,1532.33,1532.27,1532.33,0.0,16.88,25971.85,1
2024-10-21,2024-10-21 11:57:00,1532.33,1532.38,1532.33,1532.38,0.0,16.88,25971.85,1
2024-10-21,2024-10-21 11:58:00,1532.38,1532.44,1532.38,1532.44,0.0,16.88,25971.85,1
2024-10-21,2024-10-21 11:59:00,1532.44,1532.5,1532.44,1532.5,0.0,16.88,25971.85,1
2024-10-21,2024-10-21 12:00:00,1532.5,1532.56,1532.5,1532.56,0.0,16.88,25971.85,1
2024-10-21,2024-10-21 12:01:00,1532.56,1532.62,1532.56,1532.62,0.0,16.88,25971.85,1
2024-10-21,2024-10-21 12:02:00,1532.62,1532.67,1532.62,1532.67,0.0,16.88,25971.85,1
2024-10-21,2024-10-21 12:03:00,1532.67,1532.73,1532.67,1532.73,0.0,16.88,25971.85,1
2024-10-21,2024-10-21 12:04:00,1532.73,1532.79,1532.73,1532.79,0.0,16.88,25971.85,1
2024-10-21,2024-10-21 12:05:00,1532.79,1532.85,1532.79,1532.85,0.0,16.88,25971.85,1
2024-10-21,2024-10-21 12:06:00,1532.85,1532.91,1532.85,1532.91,0.0,16.88,25971.85,1
2024-10-21,2024-10-21 12:07:00,1532.91,1532.97,1532.91,1532.97,0.0,16.88,25971.85,1
2024-10-21,2024-10-21 12:08:00,1532.97,1533.03,1532.97,1533.03,0.0,16.88,25971.85,1
2024-10-21,2024-10-21 12:09:00,1533.03,1533.08,1533.03,1533.08,0.0,16.88,25971.85,1
2024-10-21,2024-10-21 12:10:00,1533.08,1533.14,1533.08,1533.14,0.0,16.88,25971.85,1
2024-10-21,2024-10-21 12:11:00,1533.14,1533.2,1533.14,1533.2,0.0,16.88,25971.85,1
2024-10-21,2024-10-21 12:12:00,1533.2,1533.26,1533.2,1533.26,0.0,16.88,25971.85,1
2024-10-21,2024-10-21 12:13:00,1533.26,1533.32,1533.26,1533.32,0.0,16.88,25971.85,1
2024-10-21,2024-10-21 12:14:00,1533.32,1533.38,1533.32,1533.38,0.0,16.88,25971.85,1
2024-10-21,2024-10-21 12:15:00,1533.38,1533.43,1533.38,1533.43,0.0,16.88,25971.85,1
2024-10-21,2024-10-21 12:16:00,1533.43,1533.49,1533.43,1533.49,0.0,16.88,25971.85,1
2024-10-21,2024-10-21 12:17:00,1533.49,1533.55,1533.49,1533.55,0.0,16.88,25971.85,1
2024-10-21,2024-10-21 12:18:00,1533.55,1533.61,1533.55,1533.61,0.0,16.88,25971.85,1
2024-10-21,2024-10-21 12:19:00,1533.61,1533.67,1533.61,1533.67,0.0,16.88,25971.85,1
2024-10-21,2024-10-21 12:20:00,1533.67,1533.72,1533.67,1533.72,0.0,16.88,25971.85,1
2024-10-21,2024-10-21 12:21:00,1533.72,1533.78,1533.72,1533.78,0.0,16.88,25971.85,1
2024-10-21,2024-10-21 12:22:00,1533.78,1533.84,1533.78,1533.84,0.0,16.88,25971.85,1
2024-10-21,2024-10-21 12:23:00,1533.84,1533.9,1533.84,1533.9,0.0,16.88,25971.85,1
2024-10-21,2024-10-21 12:24:00,1533.9,1533.96,1533.9,1533.96,0.0,16.88,25971.85,1
2024-10-21,2024-10-21 12:25:00,1533.96,1534.02,1533.96,1534.02,0.0,16.88,25971.85,1
2024-10-21,2024-10-21 12:26:00,1534.02,1534.08,1534.02,1534.08,0.0,16.88,25971.85,1
2024-10-21,2024-10-21 12:27:00,1534.08,1534.13,1534.08,1534.13,0.0,16.88,25971.85,1
2024-10-21,2024-10-21 12:28:00,1534.13,1534.19,1534.13,1534.19,0.0,16.88,25971.85,1
2024-10-21,2024-10-21 12:29:00,1534.19,1534.25,1534.19,1534.25,0.0,16.88,25971.85,1
2024-10-21,2024-10-21 12:30:00,1534.25,1534.31,1534.25,1534.31,0.0,16.88,25971.85,1
2024-10-21,2024-10-21 12:31:00,1534.31,1534.37,1534.31,1534.37,0.0,16.88,25971.85,1
2024-10-21,2024-10-21 12:32:00,1534.37,1534.42,1534.37,1534.42,0.0,16.88,25971.85,1
2024-10-21,2024-10-21 12:33:00,1534.42,1534.48,1534.42,1534.48,0.0,16.88,25971.85,1
2024-10-21,2024-10-21 12:34:00,1534.48,1534.54,1534.48,1534.54,0.0,16.88,25971.85,1
2024-10-21,2024-10-21 12:35:00,1534.54,1534.6,1534.54,1534.6,0.0,16.88,25971.85,1
2024-10-21,2024-10-21 12:36:00,1534.6,1534.66,1534.6,1534.66,0.0,16.88,25971.85,1
2024-10-21,2024-10-21 12:37:00,1534.66,1534.72,1534.66,1534.72,0.0,16.88,25971.85,1
2024-10-21,2024-10-21 12:38:00,1534.72,1534.78,1534.72,1534.78,0.0,16.88,25971.85,1
2024-10-21,2024-10-21 12:39:00,1534.78,1534.83,1534.78,1534.83,0.0,16.88,25971.85,1
2024-10-21,2024-10-21 12:40:00,1534.83,1534.89,1534.83,1534.89,0.0,16.88,25971.85,1
2024-10-21,2024-10-21 12:41:00,1534.89,1534.95,1534.89,1534.95,0.0,16.88,25971.85,1
2024-10-21,2024-10-21 12:42:00,1534.95,1535.01,1534.95,1535.01,0.0,16.88,25971.85,1
2024-10-21,2024-10-21 12:43:00,1535.01,1535.07,1535.01,1535.07,0.0,16.88,25971.85,1
2024-10-21,2024-10-21 12:44:00,1535.07,1535.12,1535.07,1535.12,0.0,16.88,25971.85,1
2024-10-21,2024-10-21 12:45:00,1535.12,1535.18,1535.12,1535.18,0.0,16.88,25971.85,1
2024-10-21,2024-10-21 12:46:00,1535.18,1535.24,1535.18,1535.24,0.0,16.88,25971.85,1
2024-10-21,2024-10-21 12:47:00,1535.24,1535.3,1535.24,1535.3,0.0,16.88,25971.85,1
2024-10-21,2024-10-21 12:48:00,1535.3,1535.36,1535.3,1535.36,0.0,16.88,25971.85,1
2024-10-21,2024-10-21 12:49:00,1535.36,1535.42,1535.36,1535.42,0.0,16.88,25971.85,1
2024-10-21,2024-10-21 12:50:00,1535.42,1535.47,1535.42,1535.47,0.0,16.88,25971.85,1
2024-10-21,2024-10-21 12:51:00,1535.47,1535.53,1535.47,1535.53,0.0,16.88,25971.85,1
2024-10-21,2024-10-21 12:52:00,1535.53,1535.59,1535.53,1535.59,0.0,16.88,25971.85,1
2024-10-21,2024-10-21 12:53:00,1535.59,1535.65,1535.59,1535.65,0.0,16.88,25971.85,1
2024-10-21,2024-10-21 12:54:00,1535.65,1535.71,1535.65,1535.71,0.0,16.88,25971.85,1
2024-10-21,2024-10-21 12:55:00,1535.71,1535.77,1535.71,1535.77,0.0,16.88,25971.85,1
2024-10-21,2024-10-21 12:56:00,1535.77,1535.83,1535.77,1535.83,0.0,16.88,25971.85,1
2024-10-21,2024-10-21 12:57:00,1535.83,1535.88,1535.83,1535.88,0.0,16.88,25971.85,1
2024-10-21,2024-10-21 12:58:00,1535.88,1535.94,1535.88,1535.94,0.0,16.88,25971.85,1
2024-10-21,2024-10-21 12:59:00,1535.94,1536.0,1535.94,1536.0,0.0,16.88,25971.85,1
2024-10-21,2024-10-21 13:00:00,1536.0,1610.0,1529.0,1536.06,0.0,16.88,25971.85,1
2024-10-21,2024-10-21 13:01:00,1536.06,1536.12,1536.06,1536.12,0.0,16.88,25971.85,1
2024-10-21,2024-10-21 13:02:00,1536.12,1536.17,1536.12,1536.17,0.0,16.88,25971.85,1
2024-10-21,2024-10-21 13:03:00,1536.17,1536.23,1536.17,1536.23,0.0,16.88,25971.85,1
2024-10-21,2024-10-21 13:04:00,1536.23,1536.29,1536.23,1536.29,0.0,16.88,25971.85,1
2024-10-21,2024-10-21 13:05:00,1536.29,1536.35,1536.29,1536.35,0.0,16.88,25971.85,1
2024-10-21,2024-10-21 13:06:00,1536.35,1536.41,1536.35,1536.41,0.0,16.88,25971.85,1
2024-10-21,2024-10-21 13:07:00,1536.41,1536.47,1536.41,1536.47,0.0,16.88,25971.85,1
2024-10-21,2024-10-21 13:08:00,1536.47,1536.53,1536.47,1536.53,0.0,16.88,25971.85,1
2024-10-21,2024-10-21 13:09:00,1536.53,1536.58,1536.53,1536.58,0.0,16.88,25971.85,1
2024-10-21,2024-10-21 13:10:00,1536.58,1536.64,1536.58,1536.64,0.0,16.88,25971.85,1
2024-10-21,2024-10-21 13:11:00,1536.64,1536.7,1536.64,1536.7,0.0,16.88,25971.85,1
2024-10-21,2024-10-21 13:12:00,1536.7,1536.76,1536.7,1536.76,0.0,16.88,25971.85,1
2024-10-21,2024-10-21 13:13:00,1536.76,1536.82,1536.76,1536.82,0.0,16.88,25971.85,1
2024-10-21,2024-10-21 13:14:00,1536.82,1536.88,1536.82,1536.88,0.0,16.88,25971.85,1
2024-10-21,2024-10-21 13:15:00,1536.88,1536.93,1536.88,1536.93,0.0,16.88,25971.85,1
2024-10-21,2024-10-21 13:16:00,1536.93,1536.99,1536.93,1536.99,0.0,16.88,25971.85,1
2024-10-21,2024-10-21 13:17:00,1536.99,1537.05,1536.99,1537.05,0.0,16.88,25971.85,1
2024-10-21,2024-10-21 13:18:00,1537.05,1537.11,1537.05,1537.11,0.0,16.88,25971.85,1
2024-10-21,2024-10-21 13:19:00,1537.11,1537.17,1537.11,1537.17,0.0,16.88,25971.85,1
2024-10-21,2024-10-21 13:20:00,1537.17,1537.22,1537.17,1537.22,0.0,16.88,25971.85,1
2024-10-21,2024-10-21 13:21:00,1537.22,1537.28,1537.22,1537.28,0.0,16.88,25971.85,1
2024-10-21,2024-10-21 13:22:00,1537.28,1537.34,1537.28,1537.34,0.0,16.88,25971.85,1
2024-10-21,2024-10-21 13:23:00,1537.34,1537.4,1537.34,1537.4,0.0,16.88,25971.85,1
2024-10-21,2024-10-21 13:24:00,1537.4,1537.46,1537.4,1537.46,0.0,16.88,25971.85,1
2024-10-21,2024-10-21 13:25:00,1537.46,1537.52,1537.46,1537.52,0.0,16.88,25971.85,1
2024-10-21,2024-10-21 13:26:00,1537.52,1537.58,1537.52,1537.58,0.0,16.88,25971.85,1
2024-10-21,2024-10-21 13:27:00,1537.58,1537.63,1537.58,1537.63,0.0,16.88,25971.85,1
2024-10-21,2024-10-21 13:28:00,1537.63,1537.69,1537.63,1537.69,0.0,16.88,25971.85,1
2024-10-21,2024-10-21 13:29:00,1537.69,1537.75,1537.69,1537.75,0.0,16.88,25971.85,1
2024-10-21,2024-10-21 13:30:00,1537.75,1537.81,1537.75,1537.81,0.0,16.88,25971.85,1
2024-10-21,2024-10-21 13:31:00,1537.81,1537.87,1537.81,1537.87,0.0,16.88,25971.85,1
2024-10-21,2024-10-21 13:32:00,1537.87,1537.92,1537.87,1537.92,0.0,16.88,25971.85,1
2024-10-21,2024-10-21 13:33:00,1537.92,1537.98,1537.92,1537.98,0.0,16.88,25971.85,1
2024-10-21,2024-10-21 13:34:00,1537.98,1538.04,1537.98,1538.04,0.0,16.88,25971.85,1
2024-10-21,2024-10-21 13:35:00,1538.04,1538.1,1538.04,1538.1,0.0,16.88,25971.85,1
2024-10-21,2024-10-21 13:36:00,1538.1,1538.16,1538.1,1538.16,0.0,16.88,25971.85,1
2024-10-21,2024-10-21 13:37:00,1538.16,1538.22,1538.16,1538.22,0.0,16.88,25971.85,1
2024-10-21,2024-10-21 13:38:00,1538.22,1538.28,1538.22,1538.28,0.0,16.88,25971.85,1
2024-10-21,2024-10-21 13:39:00,1538.28,1538.33,1538.28,1538.33,0.0,16.88,25971.85,1
2024-10-21,2024-10-21 13:40:00,1538.33,1538.39,1538.33,1538.39,0.0,16.88,25971.85,1
2024-10-21,2024-10-21 13:41:00,1538.39,1538.45,1538.39,1538.45,0.0,16.88,25971.85,1
2024-10-21,2024-10-21 13:42:00,1538.45,1538.51,1538.45,1538.51,0.0,16.88,25971.85,1
2024-10-21,2024-10-21 13:43:00,1538.51,1538.57,1538.51,1538.57,0.0,16.88,25971.85,1
2024-10-21,2024-10-21 13:44:00,1538.57,1538.62,1538.57,1538.62,0.0,16.88,25971.85,1
2024-10-21,2024-10-21 13:45:00,1538.62,1538.68,1538.62,1538.68,0.0,16.88,25971.85,1
2024-10-21,2024-10-21 13:46:00,1538.68,1538.74,1538.68,1538.74,0.0,16.88,25971.85,1
2024-10-21,2024-10-21 13:47:00,1538.74,1538.8,1538.74,1538.8,0.0,16.88,25971.85,1
2024-10-21,2024-10-21 13:48:00,1538.8,1538.86,1538.8,1538.86,0.0,16.88,25971.85,1
2024-10-21,2024-10-21 13:49:00,1538.86,1538.92,1538.86,1538.92,0.0,16.88,25971.85,1
2024-10-21,2024-10-21 13:50:00,1538.92,1538.97,1538.92,1538.97,0.0,16.88,25971.85,1
2024-10-21,2024-10-21 13:51:00,1538.97,1539.03,1538.97,1539.03,0.0,16.88,25971.85,1
2024-10-21,2024-10-21 13:52:00,1539.03,1539.09,1539.03,1539.09,0.0,16.88,25971.85,1
2024-10-21,2024-10-21 13:53:00,1539.09,1539.15,1539.09,1539.15,0.0,16.88,25971.85,1
2024-10-21,2024-10-21 13:54:00,1539.15,1539.21,1539.15,1539.21,0.0,16.88,25971.85,1
2024-10-21,2024-10-21 13:55:00,1539.21,1539.27,1539.21,1539.27,0.0,16.88,25971.85,1
2024-10-21,2024-10-21 13:56:00,1539.27,1539.33,1539.27,1539.33,0.0,16.88,25971.85,1
2024-10-21,2024-10-21 13:57:00,1539.33,1539.38,1539.33,1539.38,0.0,16.88,25971.85,1
2024-10-21,2024-10-21 13:58:00,1539.38,1539.44,1539.38,1539.44,0.0,16.88,25971.85,1
2024-10-21,2024-10-21 13:59:00,1539.44,1539.5,1539.44,1539.5,0.0,16.88,25971.85,1
2024-10-21,2024-10-21 14:00:00,1539.5,1539.56,1539.5,1539.56,0.0,16.88,25971.85,1
2024-10-21,2024-10-21 14:01:00,1539.56,1539.62,1539.56,1539.62,0.0,16.88,25971.85,1
2024-10-21,2024-10-21 14:02:00,1539.62,1539.67,1539.62,1539.67,0.0,16.88,25971.85,1
2024-10-21,2024-10-21 14:03:00,1539.67,1539.73,1539.67,1539.73,0.0,16.88,25971.85,1
2024-10-21,2024-10-21 14:04:00,1539.73,1539.79,1539.73,1539.79,0.0,16.88,25971.85,1
2024-10-21,2024-10-21 14:05:00,1539.79,1539.85,1539.79,1539.85,0.0,16.88,25971.85,1
2024-10-21,2024-10-21 14:06:00,1539.85,1539.91,1539.85,1539.91,0.0,16.88,25971.85,1
2024-10-21,2024-10-21 14:07:00,1539.91,1539.97,1539.91,1539.97,0.0,16.88,25971.85,1
2024-10-21,2024-10-21 14:08:00,1539.97,1540.03,1539.97,1540.03,0.0,16.88,25971.85,1
2024-10-21,2024-10-21 14:09:00,1540.03,1540.08,1540.03,1540.08,0.0,16.88,25971.85,1
2024-10-21,2024-10-21 14:10:00,1540.08,1540.14,1540.08,1540.14,0.0,16.88,25971.85,1
2024-10-21,2024-10-21 14:11:00,1540.14,1540.2,1540.14,1540.2,0.0,16.88,25971.85,1
2024-10-21,2024-10-21 14:12:00,1540.2,1540.26,1540.2,1540.26,0.0,16.88,25971.85,1
2024-10-21,2024-10-21 14:13:00,1540.26,1540.32,1540.26,1540.32,0.0,16.88,25971.85,1
2024-10-21,2024-10-21 14:14:00,1540.32,1540.38,1540.32,1540.38,0.0,16.88,25971.85,1
2024-10-21,2024-10-21 14:15:00,1540.38,1540.43,1540.38,1540.43,0.0,16.88,25971.85,1
2024-10-21,2024-10-21 14:16:00,1540.43,1540.49,1540.43,1540.49,0.0,16.88,25971.85,1
2024-10-21,2024-10-21 14:17:00,1540.49,1540.55,1540.49,1540.55,0.0,16.88,25971.85,1
2024-10-21,2024-10-21 14:18:00,1540.55,1540.61,1540.55,1540.61,0.0,16.88,25971.85,1
2024-10-21,2024-10-21 14:19:00,1540.61,1540.67,1540.61,1540.67,0.0,16.88,25971.85,1
2024-10-21,2024-10-21 14:20:00,1540.67,1540.72,1540.67,1540.72,0.0,16.88,25971.85,1
2024-10-21,2024-10-21 14:21:00,1540.72,1540.78,1540.72,1540.78,0.0,16.88,25971.85,1
2024-10-21,2024-10-21 14:22:00,1540.78,1540.84,1540.78,1540.84,0.0,16.88,25971.85,1
2024-10-21,2024-10-21 14:23:00,1540.84,1540.9,1540.84,1540.9,0.0,16.88,25971.85,1
2024-10-21,2024-10-21 14:24:00,1540.9,1540.96,1540.9,1540.96,0.0,16.88,25971.85,1
2024-10-21,2024-10-21 14:25:00,1540.96,1541.02,1540.96,1541.02,0.0,16.88,25971.85,1
2024-10-21,2024-10-21 14:26:00,1541.02,1541.08,1541.02,1541.08,0.0,16.88,25971.85,1
2024-10-21,2024-10-21 14:27:00,1541.08,1541.13,1541.08,1541.13,0.0,16.88,25971.85,1
2024-10-21,2024-10-21 14:28:00,1541.13,1541.19,1541.13,1541.19,0.0,16.88,25971.85,1
2024-10-21,2024-10-21 14:29:00,1541.19,1541.25,1541.19,1541.25,0.0,16.88,25971.85,1
2024-10-21,2024-10-21 14:30:00,1541.25,1541.31,1541.25,1541.31,0.0,16.88,25971.85,1
2024-10-21,2024-10-21 14:31:00,1541.31,1541.37,1541.31,1541.37,0.0,16.88,25971.85,1
2024-10-21,2024-10-21 14:32:00,1541.37,1541.42,1541.37,1541.42,0.0,16.88,25971.85,1
2024-10-21,2024-10-21 14:33:00,1541.42,1541.48,1541.42,1541.48,0.0,16.88,25971.85,1
2024-10-21,2024-10-21 14:34:00,1541.48,1541.54,1541.48,1541.54,0.0,16.88,25971.85,1
2024-10-21,2024-10-21 14:35:00,1541.54,1541.6,1541.54,1541.6,0.0,16.88,25971.85,1
2024-10-21,2024-10-21 14:36:00,1541.6,1541.66,1541.6,1541.66,0.0,16.88,25971.85,1
2024-10-21,2024-10-21 14:37:00,1541.66,1541.72,1541.66,1541.72,0.0,16.88,25971.85,1
2024-10-21,2024-10-21 14:38:00,1541.72,1541.78,1541.72,1541.78,0.0,16.88,25971.85,1
2024-10-21,2024-10-21 14:39:00,1541.78,1541.83,1541.78,1541.83,0.0,16.88,25971.85,1
2024-10-21,2024-10-21 14:40:00,1541.83,1541.89,1541.83,1541.89,0.0,16.88,25971.85,1
2024-10-21,2024-10-21 14:41:00,1541.89,1541.95,1541.89,1541.95,0.0,16.88,25971.85,1
2024-10-21,2024-10-21 14:42:00,1541.95,1542.01,1541.95,1542.01,0.0,16.88,25971.85,1
2024-10-21,2024-10-21 14:43:00,1542.01,1542.07,1542.01,1542.07,0.0,16.88,25971.85,1
2024-10-21,2024-10-21 14:44:00,1542.07,1542.12,1542.07,1542.12,0.0,16.88,25971.85,1
2024-10-21,2024-10-21 14:45:00,1542.12,1542.18,1542.12,1542.18,0.0,16.88,25971.85,1
2024-10-21,2024-10-21 14:46:00,1542.18,1542.24,1542.18,1542.24,0.0,16.88,25971.85,1
2024-10-21,2024-10-21 14:47:00,1542.24,1542.3,1542.24,1542.3,0.0,16.88,25971.85,1
2024-10-21,2024-10-21 14:48:00,1542.3,1542.36,1542.3,1542.36,0.0,16.88,25971.85,1
2024-10-21,2024-10-21 14:49:00,1542.36,1542.42,1542.36,1542.42,0.0,16.88,25971.85,1
2024-10-21,2024-10-21 14:50:00,1542.42,1542.47,1542.42,1542.47,0.0,16.88,25971.85,1
2024-10-21,2024-10-21 14:51:00,1542.47,1542.53,1542.47,1542.53,0.0,16.88,25971.85,1
2024-10-21,2024-10-21 14:52:00,1542.53,1542.59,1542.53,1542.59,0.0,16.88,25971.85,1
2024-10-21,2024-10-21 14:53:00,1542.59,1542.65,1542.59,1542.65,0.0,16.88,25971.85,1
2024-10-21,2024-10-21 14:54:00,1542.65,1542.71,1542.65,1542.71,0.0,16.88,25971.85,1
2024-10-21,2024-10-21 14:55:00,1542.71,1542.77,1542.71,1542.77,0.0,16.88,25971.85,1
2024-10-21,2024-10-21 14:56:00,1542.77,1542.83,1542.77,1542.83,0.0,16.88,25971.85,1
2024-10-21,2024-10-21 14:57:00,1542.83,1542.88,1542.83,1542.88,0.0,16.88,25971.85,1
2024-10-21,2024-10-21 14:58:00,1542.88,1542.94,1542.88,1542.94,0.0,16.88,25971.85,1
2024-10-21,2024-10-21 14:59:00,1542.94,1543.0,1542.94,1543.0,0.0,16.88,25971.85,1
2024-10-21,2024-10-21 15:00:00,1543.0,1610.0,1529.0,1543.0,0.0,16.88,25971.85,0
2024-10-22,2024-10-22 11:00:00,1550.0,1553.0,1542.5,1549.99,-0.0,12.17,18693.59,-1
2024-10-22,2024-10-22 11:01:00,1549.99,1549.99,1549.97,1549.97,-0.0,12.17,18693.59,-1
2024-10-22,2024-10-22 11:02:00,1549.97,1549.97,1549.96,1549.96,-0.0,12.17,18693.59,-1
2024-10-22,2024-10-22 11:03:00,1549.96,1549.96,1549.95,1549.95,-0.0,12.17,18693.59,-1
2024-10-22,2024-10-22 11:04:00,1549.95,1549.95,1549.94,1549.94,-0.0,12.17,18693.59,-1
2024-10-22,2024-10-22 11:05:00,1549.94,1549.94,1549.92,1549.92,-0.0,12.17,18693.59,-1
2024-10-22,2024-10-22 11:06:00,1549.92,1549.92,1549.91,1549.91,-0.0,12.17,18693.59,-1
2024-10-22,2024-10-22 11:07:00,1549.91,1549.91,1549.9,1549.9,-0.0,12.17,18693.59,-1
2024-10-22,2024-10-22 11:08:00,1549.9,1549.9,1549.89,1549.89,-0.0,12.17,18693.59,-1
2024-10-22,2024-10-22 11:09:00,1549.89,1549.89,1549.88,1549.88,-0.0,12.17,18693.59,-1
2024-10-22,2024-10-22 11:10:00,1549.88,1549.88,1549.86,1549.86,-0.0,12.17,18693.59,-1
2024-10-22,2024-10-22 11:11:00,1549.86,1549.86,1549.85,1549.85,-0.0,12.17,18693.59,-1
2024-10-22,2024-10-22 11:12:00,1549.85,1549.85,1549.84,1549.84,-0.0,12.17,18693.59,-1
2024-10-22,2024-10-22 11:13:00,1549.84,1549.84,1549.83,1549.83,-0.0,12.17,18693.59,-1
2024-10-22,2024-10-22 11:14:00,1549.83,1549.83,1549.81,1549.81,-0.0,12.17,18693.59,-1
2024-10-22,2024-10-22 11:15:00,1549.81,1549.81,1549.8,1549.8,-0.0,12.17,18693.59,-1
2024-10-22,2024-10-22 11:16:00,1549.8,1549.8,1549.79,1549.79,-0.0,12.17,18693.59,-1
2024-10-22,2024-10-22 11:17:00,1549.79,1549.79,1549.78,1549.78,-0.0,12.17,18693.59,-1
2024-10-22,2024-10-22 11:18:00,1549.78,1549.78,1549.76,1549.76,-0.0,12.17,18693.59,-1
2024-10-22,2024-10-22 11:19:00,1549.76,1549.76,1549.75,1549.75,-0.0,12.17,18693.59,-1
2024-10-22,2024-10-22 11:20:00,1549.75,1549.75,1549.74,1549.74,-0.0,12.17,18693.59,-1
2024-10-22,2024-10-22 11:21:00,1549.74,1549.74,1549.72,1549.72,-0.0,12.17,18693.59,-1
2024-10-22,2024-10-22 11:22:00,1549.72,1549.72,1549.71,1549.71,-0.0,12.17,18693.59,-1
2024-10-22,2024-10-22 11:23:00,1549.71,1549.71,1549.7,1549.7,-0.0,12.17,18693.59,-1
2024-10-22,2024-10-22 11:24:00,1549.7,1549.7,1549.69,1549.69,-0.0,12.17,18693.59,-1
2024-10-22,2024-10-22 11:25:00,1549.69,1549.69,1549.67,1549.67,-0.0,12.17,18693.59,-1
2024-10-22,2024-10-22 11:26:00,1549.67,1549.67,1549.66,1549.66,-0.0,12.17,18693.59,-1
2024-10-22,2024-10-22 11:27:00,1549.66,1549.66,1549.65,1549.65,-0.0,12.17,18693.59,-1
2024-10-22,2024-10-22 11:28:00,1549.65,1549.65,1549.64,1549.64,-0.0,12.17,18693.59,-1
2024-10-22,2024-10-22 11:29:00,1549.64,1549.64,1549.62,1549.62,-0.0,12.17,18693.59,-1
2024-10-22,2024-10-22 11:30:00,1549.62,1549.62,1549.61,1549.61,-0.0,12.17,18693.59,-1
2024-10-22,2024-10-22 11:31:00,1549.61,1549.61,1549.6,1549.6,-0.0,12.17,18693.59,-1
2024-10-22,2024-10-22 11:32:00,1549.6,1549.6,1549.59,1549.59,-0.0,12.17,18693.59,-1
2024-10-22,2024-10-22 11:33:00,1549.59,1549.59,1549.58,1549.58,-0.0,12.17,18693.59,-1
2024-10-22,2024-10-22 11:34:00,1549.58,1549.58,1549.56,1549.56,-0.0,12.17,18693.59,-1
2024-10-22,2024-10-22 11:35:00,1549.56,1549.56,1549.55,1549.55,-0.0,12.17,18693.59,-1
2024-10-22,2024-10-22 11:36:00,1549.55,1549.55,1549.54,1549.54,-0.0,12.17,18693.59,-1
2024-10-22,2024-10-22 11:37:00,1549.54,1549.54,1549.53,1549.53,-0.0,12.17,18693.59,-1
2024-10-22,2024-10-22 11:38:00,1549.53,1549.53,1549.51,1549.51,-0.0,12.17,18693.59,-1
2024-10-22,2024-10-22 11:39:00,1549.51,1549.51,1549.5,1549.5,-0.0,12.17,18693.59,-1
2024-10-22,2024-10-22 11:40:00,1549.5,1549.5,1549.49,1549.49,-0.0,12.17,18693.59,-1
2024-10-22,2024-10-22 11:41:00,1549.49,1549.49,1549.47,1549.47,-0.0,12.17,18693.59,-1
2024-10-22,2024-10-22 11:42:00,1549.47,1549.47,1549.46,1549.46,-0.0,12.17,18693.59,-1
2024-10-22,2024-10-22 11:43:00,1549.46,1549.46,1549.45,1549.45,-0.0,12.17,18693.59,-1
2024-10-22,2024-10-22 11:44:00,1549.45,1549.45,1549.44,1549.44,-0.0,12.17,18693.59,-1
2024-10-22,2024-10-22 11:45:00,1549.44,1549.44,1549.42,1549.42,-0.0,12.17,18693.59,-1
2024-10-22,2024-10-22 11:46:00,1549.42,1549.42,1549.41,1549.41,-0.0,12.17,18693.59,-1
2024-10-22,2024-10-22 11:47:00,1549.41,1549.41,1549.4,1549.4,-0.0,12.17,18693.59,-1
2024-10-22,2024-10-22 11:48:00,1549.4,1549.4,1549.39,1549.39,-0.0,12.17,18693.59,-1
2024-10-22,2024-10-22 11:49:00,1549.39,1549.39,1549.38,1549.38,-0.0,12.17,18693.59,-1
2024-10-22,2024-10-22 11:50:00,1549.38,1549.38,1549.36,1549.36,-0.0,12.17,18693.59,-1
2024-10-22,2024-10-22 11:51:00,1549.36,1549.36,1549.35,1549.35,-0.0,12.17,18693.59,-1
2024-10-22,2024-10-22 11:52:00,1549.35,1549.35,1549.34,1549.34,-0.0,12.17,18693.59,-1
2024-10-22,2024-10-22 11:53:00,1549.34,1549.34,1549.33,1549.33,-0.0,12.17,18693.59,-1
2024-10-22,2024-10-22 11:54:00,1549.33,1549.33,1549.31,1549.31,-0.0,12.17,18693.59,-1
2024-10-22,2024-10-22 11:55:00,1549.31,1549.31,1549.3,1549.3,-0.0,12.17,18693.59,-1
2024-10-22,2024-10-22 11:56:00,1549.3,1549.3,1549.29,1549.29,-0.0,12.17,18693.59,-1
2024-10-22,2024-10-22 11:57:00,1549.29,1549.29,1549.28,1549.28,-0.0,12.17,18693.59,-1
2024-10-22,2024-10-22 11:58:00,1549.28,1549.28,1549.26,1549.26,-0.0,12.17,18693.59,-1
2024-10-22,2024-10-22 11:59:00,1549.26,1549.26,1549.25,1549.25,-0.0,12.17,18693.59,-1
2024-10-22,2024-10-22 12:00:00,1549.25,1549.25,1549.24,1549.24,-0.0,12.17,18693.59,-1
2024-10-22,2024-10-22 12:01:00,1549.24,1549.24,1549.22,1549.22,-0.0,12.17,18693.59,-1
2024-10-22,2024-10-22 12:02:00,1549.22,1549.22,1549.21,1549.21,-0.0,12.17,18693.59,-1
2024-10-22,2024-10-22 12:03:00,1549.21,1549.21,1549.2,1549.2,-0.0,12.17,18693.59,-1
2024-10-22,2024-10-22 12:04:00,1549.2,1549.2,1549.19,1549.19,-0.0,12.17,18693.59,-1
2024-10-22,2024-10-22 12:05:00,1549.19,1549.19,1549.17,1549.17,-0.0,12.17,18693.59,-1
2024-10-22,2024-10-22 12:06:00,1549.17,1549.17,1549.16,1549.16,-0.0,12.17,18693.59,-1
2024-10-22,2024-10-22 12:07:00,1549.16,1549.16,1549.15,1549.15,-0.0,12.17,18693.59,-1
2024-10-22,2024-10-22 12:08:00,1549.15,1549.15,1549.14,1549.14,-0.0,12.17,18693.59,-1
2024-10-22,2024-10-22 12:09:00,1549.14,1549.14,1549.12,1549.12,-0.0,12.17,18693.59,-1
2024-10-22,2024-10-22 12:10:00,1549.12,1549.12,1549.11,1549.11,-0.0,12.17,18693.59,-1
2024-10-22,2024-10-22 12:11:00,1549.11,1549.11,1549.1,1549.1,-0.0,12.17,18693.59,-1
2024-10-22,2024-10-22 12:12:00,1549.1,1549.1,1549.09,1549.09,-0.0,12.17,18693.59,-1
2024-10-22,2024-10-22 12:13:00,1549.09,1549.09,1549.08,1549.08,-0.0,12.17,18693.59,-1
2024-10-22,2024-10-22 12:14:00,1549.08,1549.08,1549.06,1549.06,-0.0,12.17,18693.59,-1
2024-10-22,2024-10-22 12:15:00,1549.06,1549.06,1549.05,1549.05,-0.0,12.17,18693.59,-1
2024-10-22,2024-10-22 12:16:00,1549.05,1549.05,1549.04,1549.04,-0.0,12.17,18693.59,-1
2024-10-22,2024-10-22 12:17:00,1549.04,1549.04,1549.03,1549.03,-0.0,12.17,18693.59,-1
2024-10-22,2024-10-22 12:18:00,1549.03,1549.03,1549.01,1549.01,-0.0,12.17,18693.59,-1
2024-10-22,2024-10-22 12:19:00,1549.01,1549.01,1549.0,1549.0,-0.0,12.17,18693.59,-1
2024-10-22,2024-10-22 12:20:00,1549.0,1549.0,1548.99,1548.99,-0.0,12.17,18693.59,-1
2024-10-22,2024-10-22 12:21:00,1548.99,1548.99,1548.97,1548.97,-0.0,12.17,18693.59,-1
2024-10-22,2024-10-22 12:22:00,1548.97,1548.97,1548.96,1548.96,-0.0,12.17,18693.59,-1
2024-10-22,2024-10-22 12:23:00,1548.96,1548.96,1548.95,1548.95,-0.0,12.17,18693.59,-1
2024-10-22,2024-10-22 12:24:00,1548.95,1548.95,1548.94,1548.94,-0.0,12.17,18693.59,-1
2024-10-22,2024-10-22 12:25:00,1548.94,1548.94,1548.92,1548.92,-0.0,12.17,18693.59,-1
2024-10-22,2024-10-22 12:26:00,1548.92,1548.92,1548.91,1548.91,-0.0,12.17,18693.59,-1
2024-10-22,2024-10-22 12:27:00,1548.91,1548.91,1548.9,1548.9,-0.0,12.17,18693.59,-1
2024-10-22,2024-10-22 12:28:00,1548.9,1548.9,1548.89,1548.89,-0.0,12.17,18693.59,-1
2024-10-22,2024-10-22 12:29:00,1548.89,1548.89,1548.88,1548.88,-0.0,12.17,18693.59,-1
2024-10-22,2024-10-22 12:30:00,1548.88,1548.88,1548.86,1548.86,-0.0,12.17,18693.59,-1
2024-10-22,2024-10-22 12:31:00,1548.86,1548.86,1548.85,1548.85,-0.0,12.17,18693.59,-1
2024-10-22,2024-10-22 12:32:00,1548.85,1548.85,1548.84,1548.84,-0.0,12.17,18693.59,-1
2024-10-22,2024-10-22 12:33:00,1548.84,1548.84,1548.83,1548.83,-0.0,12.17,18693.59,-1
2024-10-22,2024-10-22 12:34:00,1548.83,1548.83,1548.81,1548.81,-0.0,12.17,18693.59,-1
2024-10-22,2024-10-22 12:35:00,1548.81,1548.81,1548.8,1548.8,-0.0,12.17,18693.59,-1
2024-10-22,2024-10-22 12:36:00,1548.8,1548.8,1548.79,1548.79,-0.0,12.17,18693.59,-1
2024-10-22,2024-10-22 12:37:00,1548.79,1548.79,1548.78,1548.78,-0.0,12.17,18693.59,-1
2024-10-22,2024-10-22 12:38:00,1548.78,1548.78,1548.76,1548.76,-0.0,12.17,18693.59,-1
2024-10-22,2024-10-22 12:39:00,1548.76,1548.76,1548.75,1548.75,-0.0,12.17,18693.59,-1
2024-10-22,2024-10-22 12:40:00,1548.75,1548.75,1548.74,1548.74,-0.0,12.17,18693.59,-1
2024-10-22,2024-10-22 12:41:00,1548.74,1548.74,1548.72,1548.72,-0.0,12.17,18693.59,-1
2024-10-22,2024-10-22 12:42:00,1548.72,1548.72,1548.71,1548.71,-0.0,12.17,18693.59,-1
2024-10-22,2024-10-22 12:43:00,1548.71,1548.71,1548.7,1548.7,-0.0,12.17,18693.59,-1
2024-10-22,2024-10-22 12:44:00,1548.7,1548.7,1548.69,1548.69,-0.0,12.17,18693.59,-1
2024-10-22,2024-10-22 12:45:00,1548.69,1548.69,1548.67,1548.67,-0.0,12.17,18693.59,-1
2024-10-22,2024-10-22 12:46:00,1548.67,1548.67,1548.66,1548.66,-0.0,12.17,18693.59,-1
2024-10-22,2024-10-22 12:47:00,1548.66,1548.66,1548.65,1548.65,-0.0,12.17,18693.59,-1
2024-10-22,2024-10-22 12:48:00,1548.65,1548.65,1548.64,1548.64,-0.0,12.17,18693.59,-1
2024-10-22,2024-10-22 12:49:00,1548.64,1548.64,1548.62,1548.62,-0.0,12.17,18693.59,-1
2024-10-22,2024-10-22 12:50:00,1548.62,1548.62,1548.61,1548.61,-0.0,12.17,18693.59,-1
2024-10-22,2024-10-22 12:51:00,1548.61,1548.61,1548.6,1548.6,-0.0,12.17,18693.59,-1
2024-10-22,2024-10-22 12:52:00,1548.6,1548.6,1548.59,1548.59,-0.0,12.17,18693.59,-1
2024-10-22,2024-10-22 12:53:00,1548.59,1548.59,1548.58,1548.58,-0.0,12.17,18693.59,-1
2024-10-22,2024-10-22 12:54:00,1548.58,1548.58,1548.56,1548.56,-0.0,12.17,18693.59,-1
2024-10-22,2024-10-22 12:55:00,1548.56,1548.56,1548.55,1548.55,-0.0,12.17,18693.59,-1
2024-10-22,2024-10-22 12:56:00,1548.55,1548.55,1548.54,1548.54,-0.0,12.17,18693.59,-1
2024-10-22,2024-10-22 12:57:00,1548.54,1548.54,1548.53,1548.53,-0.0,12.17,18693.59,-1
2024-10-22,2024-10-22 12:58:00,1548.53,1548.53,1548.51,1548.51,-0.0,12.17,18693.59,-1
2024-10-22,2024-10-22 12:59:00,1548.51,1548.51,1548.5,1548.5,-0.0,12.17,18693.59,-1
2024-10-22,2024-10-22 13:00:00,1548.5,1560.0,1525.0,1548.49,-0.0,12.17,18693.59,-1
2024-10-22,2024-10-22 13:01:00,1548.49,1548.49,1548.47,1548.47,-0.0,12.17,18693.59,-1
2024-10-22,2024-10-22 13:02:00,1548.47,1548.47,1548.46,1548.46,-0.0,12.17,18693.59,-1
2024-10-22,2024-10-22 13:03:00,1548.46,1548.46,1548.45,1548.45,-0.0,12.17,18693.59,-1
2024-10-22,2024-10-22 13:04:00,1548.45,1548.45,1548.44,1548.44,-0.0,12.17,18693.59,-1
2024-10-22,2024-10-22 13:05:00,1548.44,1548.44,1548.42,1548.42,-0.0,12.17,18693.59,-1
2024-10-22,2024-10-22 13:06:00,1548.42,1548.42,1548.41,1548.41,-0.0,12.17,18693.59,-1
2024-10-22,2024-10-22 13:07:00,1548.41,1548.41,1548.4,1548.4,-0.0,12.17,18693.59,-1
2024-10-22,2024-10-22 13:08:00,1548.4,1548.4,1548.39,1548.39,-0.0,12.17,18693.59,-1
2024-10-22,2024-10-22 13:09:00,1548.39,1548.39,1548.38,1548.38,-0.0,12.17,18693.59,-1
2024-10-22,2024-10-22 13:10:00,1548.38,1548.38,1548.36,1548.36,-0.0,12.17,18693.59,-1
2024-10-22,2024-10-22 13:11:00,1548.36,1548.36,1548.35,1548.35,-0.0,12.17,18693.59,-1
2024-10-22,2024-10-22 13:12:00,1548.35,1548.35,1548.34,1548.34,-0.0,12.17,18693.59,-1
2024-10-22,2024-10-22 13:13:00,1548.34,1548.34,1548.33,1548.33,-0.0,12.17,18693.59,-1
2024-10-22,2024-10-22 13:14:00,1548.33,1548.33,1548.31,1548.31,-0.0,12.17,18693.59,-1
2024-10-22,2024-10-22 13:15:00,1548.31,1548.31,1548.3,1548.3,-0.0,12.17,18693.59,-1
2024-10-22,2024-10-22 13:16:00,1548.3,1548.3,1548.29,1548.29,-0.0,12.17,18693.59,-1
2024-10-22,2024-10-22 13:17:00,1548.29,1548.29,1548.28,1548.28,-0.0,12.17,18693.59,-1
2024-10-22,2024-10-22 13:18:00,1548.28,1548.28,1548.26,1548.26,-0.0,12.17,18693.59,-1
2024-10-22,2024-10-22 13:19:00,1548.26,1548.26,1548.25,1548.25,-0.0,12.17,18693.59,-1
2024-10-22,2024-10-22 13:20:00,1548.25,1548.25,1548.24,1548.24,-0.0,12.17,18693.59,-1
2024-10-22,2024-10-22 13:21:00,1548.24,1548.24,1548.22,1548.22,-0.0,12.17,18693.59,-1
2024-10-22,2024-10-22 13:22:00,1548.22,1548.22,1548.21,1548.21,-0.0,12.17,18693.59,-1
2024-10-22,2024-10-22 13:23:00,1548.21,1548.21,1548.2,1548.2,-0.0,12.17,18693.59,-1
2024-10-22,2024-10-22 13:24:00,1548.2,1548.2,1548.19,1548.19,-0.0,12.17,18693.59,-1
2024-10-22,2024-10-22 13:25:00,1548.19,1548.19,1548.17,1548.17,-0.0,12.17,18693.59,-1
2024-10-22,2024-10-22 13:26:00,1548.17,1548.17,1548.16,1548.16,-0.0,12.17,18693.59,-1
2024-10-22,2024-10-22 13:27:00,1548.16,1548.16,1548.15,1548.15,-0.0,12.17,18693.59,-1
2024-10-22,2024-10-22 13:28:00,1548.15,1548.15,1548.14,1548.14,-0.0,12.17,18693.59,-1
2024-10-22,2024-10-22 13:29:00,1548.14,1548.14,1548.12,1548.12,-0.0,12.17,18693.59,-1
2024-10-22,2024-10-22 13:30:00,1548.12,1548.12,1548.11,1548.11,-0.0,12.17,18693.59,-1
2024-10-22,2024-10-22 13:31:00,1548.11,1548.11,1548.1,1548.1,-0.0,12.17,18693.59,-1
2024-10-22,2024-10-22 13:32:00,1548.1,1548.1,1548.09,1548.09,-0.0,12.17,18693.59,-1
2024-10-22,2024-10-22 13:33:00,1548.09,1548.09,1548.08,1548.08,-0.0,12.17,18693.59,-1
2024-10-22,2024-10-22 13:34:00,1548.08,1548.08,1548.06,1548.06,-0.0,12.17,18693.59,-1
2024-10-22,2024-10-22 13:35:00,1548.06,1548.06,1548.05,1548.05,-0.0,12.17,18693.59,-1
2024-10-22,2024-10-22 13:36:00,1548.05,1548.05,1548.04,1548.04,-0.0,12.17,18693.59,-1
2024-10-22,2024-10-22 13:37:00,1548.04,1548.04,1548.03,1548.03,-0.0,12.17,18693.59,-1
2024-10-22,2024-10-22 13:38:00,1548.03,1548.03,1548.01,1548.01,-0.0,12.17,18693.59,-1
2024-10-22,2024-10-22 13:39:00,1548.01,1548.01,1548.0,1548.0,-0.0,12.17,18693.59,-1
2024-10-22,2024-10-22 13:40:00,1548.0,1548.0,1547.99,1547.99,-0.0,12.17,18693.59,-1
2024-10-22,2024-10-22 13:41:00,1547.99,1547.99,1547.97,1547.97,-0.0,12.17,18693.59,-1
2024-10-22,2024-10-22 13:42:00,1547.97,1547.97,1547.96,1547.96,-0.0,12.17,18693.59,-1
2024-10-22,2024-10-22 13:43:00,1547.96,1547.96,1547.95,1547.95,-0.0,12.17,18693.59,-1
2024-10-22,2024-10-22 13:44:00,1547.95,1547.95,1547.94,1547.94,-0.0,12.17,18693.59,-1
2024-10-22,2024-10-22 13:45:00,1547.94,1547.94,1547.92,1547.92,-0.0,12.17,18693.59,-1
2024-10-22,2024-10-22 13:46:00,1547.92,1547.92,1547.91,1547.91,-0.0,12.17,18693.59,-1
2024-10-22,2024-10-22 13:47:00,1547.91,1547.91,1547.9,1547.9,-0.0,12.17,18693.59,-1
2024-10-22,2024-10-22 13:48:00,1547.9,1547.9,1547.89,1547.89,-0.0,12.17,18693.59,-1
2024-10-22,2024-10-22 13:49:00,1547.89,1547.89,1547.88,1547.88,-0.0,12.17,18693.59,-1
2024-10-22,2024-10-22 13:50:00,1547.88,1547.88,1547.86,1547.86,-0.0,12.17,18693.59,-1
2024-10-22,2024-10-22 13:51:00,1547.86,1547.86,1547.85,1547.85,-0.0,12.17,18693.59,-1
2024-10-22,2024-10-22 13:52:00,1547.85,1547.85,1547.84,1547.84,-0.0,12.17,18693.59,-1
2024-10-22,2024-10-22 13:53:00,1547.84,1547.84,1547.83,1547.83,-0.0,12.17,18693.59,-1
2024-10-22,2024-10-22 13:54:00,1547.83,1547.83,1547.81,1547.81,-0.0,12.17,18693.59,-1
2024-10-22,2024-10-22 13:55:00,1547.81,1547.81,1547.8,1547.8,-0.0,12.17,18693.59,-1
2024-10-22,2024-10-22 13:56:00,1547.8,1547.8,1547.79,1547.79,-0.0,12.17,18693.59,-1
2024-10-22,2024-10-22 13:57:00,1547.79,1547.79,1547.78,1547.78,-0.0,12.17,18693.59,-1
2024-10-22,2024-10-22 13:58:00,1547.78,1547.78,1547.76,1547.76,-0.0,12.17,18693.59,-1
2024-10-22,2024-10-22 13:59:00,1547.76,1547.76,1547.75,1547.75,-0.0,12.17,18693.59,-1
2024-10-22,2024-10-22 14:00:00,1547.75,1547.75,1547.74,1547.74,-0.0,12.17,18693.59,-1
2024-10-22,2024-10-22 14:01:00,1547.74,1547.74,1547.72,1547.72,-0.0,12.17,18693.59,-1
2024-10-22,2024-10-22 14:02:00,1547.72,1547.72,1547.71,1547.71,-0.0,12.17,18693.59,-1
2024-10-22,2024-10-22 14:03:00,1547.71,1547.71,1547.7,1547.7,-0.0,12.17,18693.59,-1
2024-10-22,2024-10-22 14:04:00,1547.7,1547.7,1547.69,1547.69,-0.0,12.17,18693.59,-1
2024-10-22,2024-10-22 14:05:00,1547.69,1547.69,1547.67,1547.67,-0.0,12.17,18693.59,-1
2024-10-22,2024-10-22 14:06:00,1547.67,1547.67,1547.66,1547.66,-0.0,12.17,18693.59,-1
2024-10-22,2024-10-22 14:07:00,1547.66,1547.66,1547.65,1547.65,-0.0,12.17,18693.59,-1
2024-10-22,2024-10-22 14:08:00,1547.65,1547.65,1547.64,1547.64,-0.0,12.17,18693.59,-1
2024-10-22,2024-10-22 14:09:00,1547.64,1547.64,1547.62,1547.62,-0.0,12.17,18693.59,-1
2024-10-22,2024-10-22 14:10:00,1547.62,1547.62,1547.61,1547.61,-0.0,12.17,18693.59,-1
2024-10-22,2024-10-22 14:11:00,1547.61,1547.61,1547.6,1547.6,-0.0,12.17,18693.59,-1
2024-10-22,2024-10-22 14:12:00,1547.6,1547.6,1547.59,1547.59,-0.0,12.17,18693.59,-1
2024-10-22,2024-10-22 14:13:00,1547.59,1547.59,1547.58,1547.58,-0.0,12.17,18693.59,-1
2024-10-22,2024-10-22 14:14:00,1547.58,1547.58,1547.56,1547.56,-0.0,12.17,18693.59,-1
2024-10-22,2024-10-22 14:15:00,1547.56,1547.56,1547.55,1547.55,-0.0,12.17,18693.59,-1
2024-10-22,2024-10-22 14:16:00,1547.55,1547.55,1547.54,1547.54,-0.0,12.17,18693.59,-1
2024-10-22,2024-10-22 14:17:00,1547.54,1547.54,1547.53,1547.53,-0.0,12.17,18693.59,-1
2024-10-22,2024-10-22 14:18:00,1547.53,1547.53,1547.51,1547.51,-0.0,12.17,18693.59,-1
2024-10-22,2024-10-22 14:19:00,1547.51,1547.51,1547.5,1547.5,-0.0,12.17,18693.59,-1
2024-10-22,2024-10-22 14:20:00,1547.5,1547.5,1547.49,1547.49,-0.0,12.17,18693.59,-1
2024-10-22,2024-10-22 14:21:00,1547.49,1547.49,1547.47,1547.47,-0.0,12.17,18693.59,-1
2024-10-22,2024-10-22 14:22:00,1547.47,1547.47,1547.46,1547.46,-0.0,12.17,18693.59,-1
2024-10-22,2024-10-22 14:23:00,1547.46,1547.46,1547.45,1547.45,-0.0,12.17,18693.59,-1
2024-10-22,2024-10-22 14:24:00,1547.45,1547.45,1547.44,1547.44,-0.0,12.17,18693.59,-1
2024-10-22,2024-10-22 14:25:00,1547.44,1547.44,1547.42,1547.42,-0.0,12.17,18693.59,-1
2024-10-22,2024-10-22 14:26:00,1547.42,1547.42,1547.41,1547.41,-0.0,12.17,18693.59,-1
2024-10-22,2024-10-22 14:27:00,1547.41,1547.41,1547.4,1547.4,-0.0,12.17,18693.59,-1
2024-10-22,2024-10-22 14:28:00,1547.4,1547.4,1547.39,1547.39,-0.0,12.17,18693.59,-1
2024-10-22,2024-10-22 14:29:00,1547.39,1547.39,1547.38,1547.38,-0.0,12.17,18693.59,-1
2024-10-22,2024-10-22 14:30:00,1547.38,1547.38,1547.36,1547.36,-0.0,12.17,18693.59,-1
2024-10-22,2024-10-22 14:31:00,1547.36,1547.36,1547.35,1547.35,-0.0,12.17,18693.59,-1
2024-10-22,2024-10-22 14:32:00,1547.35,1547.35,1547.34,1547.34,-0.0,12.17,18693.59,-1
2024-10-22,2024-10-22 14:33:00,1547.34,1547.34,1547.33,1547.33,-0.0,12.17,18693.59,-1
2024-10-22,2024-10-22 14:34:00,1547.33,1547.33,1547.31,1547.31,-0.0,12.17,18693.59,-1
2024-10-22,2024-10-22 14:35:00,1547.31,1547.31,1547.3,1547.3,-0.0,12.17,18693.59,-1
2024-10-22,2024-10-22 14:36:00,1547.3,1547.3,1547.29,1547.29,-0.0,12.17,18693.59,-1
2024-10-22,2024-10-22 14:37:00,1547.29,1547.29,1547.28,1547.28,-0.0,12.17,18693.59,-1
2024-10-22,2024-10-22 14:38:00,1547.28,1547.28,1547.26,1547.26,-0.0,12.17,18693.59,-1
2024-10-22,2024-10-22 14:39:00,1547.26,1547.26,1547.25,1547.25,-0.0,12.17,18693.59,-1
2024-10-22,2024-10-22 14:40:00,1547.25,1547.25,1547.24,1547.24,-0.0,12.17,18693.59,-1
2024-10-22,2024-10-22 14:41:00,1547.24,1547.24,1547.22,1547.22,-0.0,12.17,18693.59,-1
2024-10-22,2024-10-22 14:42:00,1547.22,1547.22,1547.21,1547.21,-0.0,12.17,18693.59,-1
2024-10-22,2024-10-22 14:43:00,1547.21,1547.21,1547.2,1547.2,-0.0,12.17,18693.59,-1
2024-10-22,2024-10-22 14:44:00,1547.2,1547.2,1547.19,1547.19,-0.0,12.17,18693.59,-1
2024-10-22,2024-10-22 14:45:00,1547.19,1547.19,1547.17,1547.17,-0.0,12.17,18693.59,-1
2024-10-22,2024-10-22 14:46:00,1547.17,1547.17,1547.16,1547.16,-0.0,12.17,18693.59,-1
2024-10-22,2024-10-22 14:47:00,1547.16,1547.16,1547.15,1547.15,-0.0,12.17,18693.59,-1
2024-10-22,2024-10-22 14:48:00,1547.15,1547.15,1547.14,1547.14,-0.0,12.17,18693.59,-1
2024-10-22,2024-10-22 14:49:00,1547.14,1547.14,1547.12,1547.12,-0.0,12.17,18693.59,-1
2024-10-22,2024-10-22 14:50:00,1547.12,1547.12,1547.11,1547.11,-0.0,12.17,18693.59,-1
2024-10-22,2024-10-22 14:51:00,1547.11,1547.11,1547.1,1547.1,-0.0,12.17,18693.59,-1
2024-10-22,2024-10-22 14:52:00,1547.1,1547.1,1547.09,1547.09,-0.0,12.17,18693.59,-1
2024-10-22,2024-10-22 14:53:00,1547.09,1547.09,1547.08,1547.08,-0.0,12.17,18693.59,-1
2024-10-22,2024-10-22 14:54:00,1547.08,1547.08,1547.06,1547.06,-0.0,12.17,18693.59,-1
2024-10-22,2024-10-22 14:55:00,1547.06,1547.06,1547.05,1547.05,-0.0,12.17,18693.59,-1
2024-10-22,2024-10-22 14:56:00,1547.05,1547.05,1547.04,1547.04,-0.0,12.17,18693.59,-1
2024-10-22,2024-10-22 14:57:00,1547.04,1547.04,1547.03,1547.03,-0.0,12.17,18693.59,-1
2024-10-22,2024-10-22 14:58:00,1547.03,1547.03,1547.01,1547.01,-0.0,12.17,18693.59,-1
2024-10-22,2024-10-22 14:59:00,1547.01,1547.01,1547.0,1547.0,-0.0,12.17,18693.59,-1
2024-10-22,2024-10-22 15:00:00,1547.0,1560.0,1525.0,1547.0,0.0,12.17,18693.59,0
2024-10-23,2024-10-23 11:00:00,1577.0,1577.0,1564.4,1576.84,-0.01,16.53,25582.79,-1
2024-10-23,2024-10-23 11:01:00,1576.84,1576.84,1576.67,1576.67,-0.01,16.53,25582.79,-1
2024-10-23,2024-10-23 11:02:00,1576.67,1576.67,1576.51,1576.51,-0.01,16.53,25582.79,-1
2024-10-23,2024-10-23 11:03:00,1576.51,1576.51,1576.35,1576.35,-0.01,16.53,25582.79,-1
2024-10-23,2024-10-23 11:04:00,1576.35,1576.35,1576.19,1576.19,-0.01,16.53,25582.79,-1
2024-10-23,2024-10-23 11:05:00,1576.19,1576.19,1576.02,1576.02,-0.01,16.53,25582.79,-1
2024-10-23,2024-10-23 11:06:00,1576.02,1576.02,1575.86,1575.86,-0.01,16.53,25582.79,-1
2024-10-23,2024-10-23 11:07:00,1575.86,1575.86,1575.7,1575.7,-0.01,16.53,25582.79,-1
2024-10-23,2024-10-23 11:08:00,1575.7,1575.7,1575.53,1575.53,-0.01,16.53,25582.79,-1
2024-10-23,2024-10-23 11:09:00,1575.53,1575.53,1575.37,1575.37,-0.01,16.53,25582.79,-1
2024-10-23,2024-10-23 11:10:00,1575.37,1575.37,1575.21,1575.21,-0.01,16.53,25582.79,-1
2024-10-23,2024-10-23 11:11:00,1575.21,1575.21,1575.05,1575.05,-0.01,16.53,25582.79,-1
2024-10-23,2024-10-23 11:12:00,1575.05,1575.05,1574.88,1574.88,-0.01,16.53,25582.79,-1
2024-10-23,2024-10-23 11:13:00,1574.88,1574.88,1574.72,1574.72,-0.01,16.53,25582.79,-1
2024-10-23,2024-10-23 11:14:00,1574.72,1574.72,1574.56,1574.56,-0.01,16.53,25582.79,-1
2024-10-23,2024-10-23 11:15:00,1574.56,1574.56,1574.39,1574.39,-0.01,16.53,25582.79,-1
2024-10-23,2024-10-23 11:16:00,1574.39,1574.39,1574.23,1574.23,-0.01,16.53,25582.79,-1
2024-10-23,2024-10-23 11:17:00,1574.23,1574.23,1574.07,1574.07,-0.01,16.53,25582.79,-1
2024-10-23,2024-10-23 11:18:00,1574.07,1574.07,1573.9,1573.9,-0.01,16.53,25582.79,-1
2024-10-23,2024-10-23 11:19:00,1573.9,1573.9,1573.74,1573.74,-0.01,16.53,25582.79,-1
2024-10-23,2024-10-23 11:20:00,1573.74,1573.74,1573.58,1573.58,-0.01,16.53,25582.79,-1
2024-10-23,2024-10-23 11:21:00,1573.58,1573.58,1573.42,1573.42,-0.01,16.53,25582.79,-1
2024-10-23,2024-10-23 11:22:00,1573.42,1573.42,1573.25,1573.25,-0.01,16.53,25582.79,-1
2024-10-23,2024-10-23 11:23:00,1573.25,1573.25,1573.09,1573.09,-0.01,16.53,25582.79,-1
2024-10-23,2024-10-23 11:24:00,1573.09,1573.09,1572.93,1572.93,-0.01,16.53,25582.79,-1
2024-10-23,2024-10-23 11:25:00,1572.93,1572.93,1572.76,1572.76,-0.01,16.53,25582.79,-1
2024-10-23,2024-10-23 11:26:00,1572.76,1572.76,1572.6,1572.6,-0.01,16.53,25582.79,-1
2024-10-23,2024-10-23 11:27:00,1572.6,1572.6,1572.44,1572.44,-0.01,16.53,25582.79,-1
2024-10-23,2024-10-23 11:28:00,1572.44,1572.44,1572.28,1572.28,-0.01,16.53,25582.79,-1
2024-10-23,2024-10-23 11:29:00,1572.28,1572.28,1572.11,1572.11,-0.01,16.53,25582.79,-1
2024-10-23,2024-10-23 11:30:00,1572.11,1572.11,1571.95,1571.95,-0.01,16.53,25582.79,-1
2024-10-23,2024-10-23 11:31:00,1571.95,1571.95,1571.79,1571.79,-0.01,16.53,25582.79,-1
2024-10-23,2024-10-23 11:32:00,1571.79,1571.79,1571.62,1571.62,-0.01,16.53,25582.79,-1
2024-10-23,2024-10-23 11:33:00,1571.62,1571.62,1571.46,1571.46,-0.01,16.53,25582.79,-1
2024-10-23,2024-10-23 11:34:00,1571.46,1571.46,1571.3,1571.3,-0.01,16.53,25582.79,-1
2024-10-23,2024-10-23 11:35:00,1571.3,1571.3,1571.13,1571.13,-0.01,16.53,25582.79,-1
2024-10-23,2024-10-23 11:36:00,1571.13,1571.13,1570.97,1570.97,-0.01,16.53,25582.79,-1
2024-10-23,2024-10-23 11:37:00,1570.97,1570.97,1570.81,1570.81,-0.01,16.53,25582.79,-1
2024-10-23,2024-10-23 11:38:00,1570.81,1570.81,1570.65,1570.65,-0.01,16.53,25582.79,-1
2024-10-23,2024-10-23 11:39:00,1570.65,1570.65,1570.48,1570.48,-0.01,16.53,25582.79,-1
2024-10-23,2024-10-23 11:40:00,1570.48,1570.48,1570.32,1570.32,-0.01,16.53,25582.79,-1
2024-10-23,2024-10-23 11:41:00,1570.32,1570.32,1570.16,1570.16,-0.01,16.53,25582.79,-1
2024-10-23,2024-10-23 11:42:00,1570.16,1570.16,1569.99,1569.99,-0.01,16.53,25582.79,-1
2024-10-23,2024-10-23 11:43:00,1569.99,1569.99,1569.83,1569.83,-0.01,16.53,25582.79,-1
2024-10-23,2024-10-23 11:44:00,1569.83,1569.83,1569.67,1569.67,-0.01,16.53,25582.79,-1
2024-10-23,2024-10-23 11:45:00,1569.67,1569.67,1569.51,1569.51,-0.01,16.53,25582.79,-1
2024-10-23,2024-10-23 11:46:00,1569.51,1569.51,1569.34,1569.34,-0.01,16.53,25582.79,-1
2024-10-23,2024-10-23 11:47:00,1569.34,1569.34,1569.18,1569.18,-0.01,16.53,25582.79,-1
2024-10-23,2024-10-23 11:48:00,1569.18,1569.18,1569.02,1569.02,-0.01,16.53,25582.79,-1
2024-10-23,2024-10-23 11:49:00,1569.02,1569.02,1568.85,1568.85,-0.01,16.53,25582.79,-1
2024-10-23,2024-10-23 11:50:00,1568.85,1568.85,1568.69,1568.69,-0.01,16.53,25582.79,-1
2024-10-23,2024-10-23 11:51:00,1568.69,1568.69,1568.53,1568.53,-0.01,16.53,25582.79,-1
2024-10-23,2024-10-23 11:52:00,1568.53,1568.53,1568.37,1568.37,-0.01,16.53,25582.79,-1
2024-10-23,2024-10-23 11:53:00,1568.37,1568.37,1568.2,1568.2,-0.01,16.53,25582.79,-1
2024-10-23,2024-10-23 11:54:00,1568.2,1568.2,1568.04,1568.04,-0.01,16.53,25582.79,-1
2024-10-23,2024-10-23 11:55:00,1568.04,1568.04,1567.88,1567.88,-0.01,16.53,25582.79,-1
2024-10-23,2024-10-23 11:56:00,1567.88,1567.88,1567.71,1567.71,-0.01,16.53,25582.79,-1
2024-10-23,2024-10-23 11:57:00,1567.71,1567.71,1567.55,1567.55,-0.01,16.53,25582.79,-1
2024-10-23,2024-10-23 11:58:00,1567.55,1567.55,1567.39,1567.39,-0.01,16.53,25582.79,-1
2024-10-23,2024-10-23 11:59:00,1567.39,1567.39,1567.22,1567.22,-0.01,16.53,25582.79,-1
2024-10-23,2024-10-23 12:00:00,1567.22,1567.22,1567.06,1567.06,-0.01,16.53,25582.79,-1
2024-10-23,2024-10-23 12:01:00,1567.06,1567.06,1566.9,1566.9,-0.01,16.53,25582.79,-1
2024-10-23,2024-10-23 12:02:00,1566.9,1566.9,1566.74,1566.74,-0.01,16.53,25582.79,-1
2024-10-23,2024-10-23 12:03:00,1566.74,1566.74,1566.57,1566.57,-0.01,16.53,25582.79,-1
2024-10-23,2024-10-23 12:04:00,1566.57,1566.57,1566.41,1566.41,-0.01,16.53,25582.79,-1
2024-10-23,2024-10-23 12:05:00,1566.41,1566.41,1566.25,1566.25,-0.01,16.53,25582.79,-1
2024-10-23,2024-10-23 12:06:00,1566.25,1566.25,1566.08,1566.08,-0.01,16.53,25582.79,-1
2024-10-23,2024-10-23 12:07:00,1566.08,1566.08,1565.92,1565.92,-0.01,16.53,25582.79,-1
2024-10-23,2024-10-23 12:08:00,1565.92,1565.92,1565.76,1565.76,-0.01,16.53,25582.79,-1
2024-10-23,2024-10-23 12:09:00,1565.76,1565.76,1565.6,1565.6,-0.01,16.53,25582.79,-1
2024-10-23,2024-10-23 12:10:00,1565.6,1565.6,1565.43,1565.43,-0.01,16.53,25582.79,-1
2024-10-23,2024-10-23 12:11:00,1565.43,1565.43,1565.27,1565.27,-0.01,16.53,25582.79,-1
2024-10-23,2024-10-23 12:12:00,1565.27,1565.27,1565.11,1565.11,-0.01,16.53,25582.79,-1
2024-10-23,2024-10-23 12:13:00,1565.11,1565.11,1564.94,1564.94,-0.01,16.53,25582.79,-1
2024-10-23,2024-10-23 12:14:00,1564.94,1564.94,1564.78,1564.78,-0.01,16.53,25582.79,-1
2024-10-23,2024-10-23 12:15:00,1564.78,1564.78,1564.62,1564.62,-0.01,16.53,25582.79,-1
2024-10-23,2024-10-23 12:16:00,1564.62,1564.62,1564.46,1564.46,-0.01,16.53,25582.79,-1
2024-10-23,2024-10-23 12:17:00,1564.46,1564.46,1564.29,1564.29,-0.01,16.53,25582.79,-1
2024-10-23,2024-10-23 12:18:00,1564.29,1564.29,1564.13,1564.13,-0.01,16.53,25582.79,-1
2024-10-23,2024-10-23 12:19:00,1564.13,1564.13,1563.97,1563.97,-0.01,16.53,25582.79,-1
2024-10-23,2024-10-23 12:20:00,1563.97,1563.97,1563.8,1563.8,-0.01,16.53,25582.79,-1
2024-10-23,2024-10-23 12:21:00,1563.8,1563.8,1563.64,1563.64,-0.01,16.53,25582.79,-1
2024-10-23,2024-10-23 12:22:00,1563.64,1563.64,1563.48,1563.48,-0.01,16.53,25582.79,-1
2024-10-23,2024-10-23 12:23:00,1563.48,1563.48,1563.32,1563.32,-0.01,16.53,25582.79,-1
2024-10-23,2024-10-23 12:24:00,1563.32,1563.32,1563.15,1563.15,-0.01,16.53,25582.79,-1
2024-10-23,2024-10-23 12:25:00,1563.15,1563.15,1562.99,1562.99,-0.01,16.53,25582.79,-1
2024-10-23,2024-10-23 12:26:00,1562.99,1562.99,1562.83,1562.83,-0.01,16.53,25582.79,-1
2024-10-23,2024-10-23 12:27:00,1562.83,1562.83,1562.66,1562.66,-0.01,16.53,25582.79,-1
2024-10-23,2024-10-23 12:28:00,1562.66,1562.66,1562.5,1562.5,-0.01,16.53,25582.79,-1
2024-10-23,2024-10-23 12:29:00,1562.5,1562.5,1562.34,1562.34,-0.01,16.53,25582.79,-1
2024-10-23,2024-10-23 12:30:00,1562.34,1562.34,1562.17,1562.17,-0.01,16.53,25582.79,-1
2024-10-23,2024-10-23 12:31:00,1562.17,1562.17,1562.01,1562.01,-0.01,16.53,25582.79,-1
2024-10-23,2024-10-23 12:32:00,1562.01,1562.01,1561.85,1561.85,-0.01,16.53,25582.79,-1
2024-10-23,2024-10-23 12:33:00,1561.85,1561.85,1561.69,1561.69,-0.01,16.53,25582.79,-1
2024-10-23,2024-10-23 12:34:00,1561.69,1561.69,1561.52,1561.52,-0.01,16.53,25582.79,-1
2024-10-23,2024-10-23 12:35:00,1561.52,1561.52,1561.36,1561.36,-0.01,16.53,25582.79,-1
2024-10-23,2024-10-23 12:36:00,1561.36,1561.36,1561.2,1561.2,-0.01,16.53,25582.79,-1
2024-10-23,2024-10-23 12:37:00,1561.2,1561.2,1561.03,1561.03,-0.01,16.53,25582.79,-1
2024-10-23,2024-10-23 12:38:00,1561.03,1561.03,1560.87,1560.87,-0.01,16.53,25582.79,-1
2024-10-23,2024-10-23 12:39:00,1560.87,1560.87,1560.71,1560.71,-0.01,16.53,25582.79,-1
2024-10-23,2024-10-23 12:40:00,1560.71,1560.71,1560.55,1560.55,-0.01,16.53,25582.79,-1
2024-10-23,2024-10-23 12:41:00,1560.55,1560.55,1560.38,1560.38,-0.01,16.53,25582.79,-1
2024-10-23,2024-10-23 12:42:00,1560.38,1560.38,1560.22,1560.22,-0.01,16.53,25582.79,-1
2024-10-23,2024-10-23 12:43:00,1560.22,1560.22,1560.06,1560.06,-0.01,16.53,25582.79,-1
2024-10-23,2024-10-23 12:44:00,1560.06,1560.06,1559.89,1559.89,-0.01,16.53,25582.79,-1
2024-10-23,2024-10-23 12:45:00,1559.89,1559.89,1559.73,1559.73,-0.01,16.53,25582.79,-1
2024-10-23,2024-10-23 12:46:00,1559.73,1559.73,1559.57,1559.57,-0.01,16.53,25582.79,-1
2024-10-23,2024-10-23 12:47:00,1559.57,1559.57,1559.4,1559.4,-0.01,16.53,25582.79,-1
2024-10-23,2024-10-23 12:48:00,1559.4,1559.4,1559.24,1559.24,-0.01,16.53,25582.79,-1
2024-10-23,2024-10-23 12:49:00,1559.24,1559.24,1559.08,1559.08,-0.01,16.53,25582.79,-1
2024-10-23,2024-10-23 12:50:00,1559.08,1559.08,1558.92,1558.92,-0.01,16.53,25582.79,-1
2024-10-23,2024-10-23 12:51:00,1558.92,1558.92,1558.75,1558.75,-0.01,16.53,25582.79,-1
2024-10-23,2024-10-23 12:52:00,1558.75,1558.75,1558.59,1558.59,-0.01,16.53,25582.79,-1
2024-10-23,2024-10-23 12:53:00,1558.59,1558.59,1558.43,1558.43,-0.01,16.53,25582.79,-1
2024-10-23,2024-10-23 12:54:00,1558.43,1558.43,1558.26,1558.26,-0.01,16.53,25582.79,-1
2024-10-23,2024-10-23 12:55:00,1558.26,1558.26,1558.1,1558.1,-0.01,16.53,25582.79,-1
2024-10-23,2024-10-23 12:56:00,1558.1,1558.1,1557.94,1557.94,-0.01,16.53,25582.79,-1
2024-10-23,2024-10-23 12:57:00,1557.94,1557.94,1557.78,1557.78,-0.01,16.53,25582.79,-1
2024-10-23,2024-10-23 12:58:00,1557.78,1557.78,1557.61,1557.61,-0.01,16.53,25582.79,-1
2024-10-23,2024-10-23 12:59:00,1557.61,1557.61,1557.45,1557.45,-0.01,16.53,25582.79,-1
2024-10-23,2024-10-23 13:00:00,1557.45,1577.0,1535.0,1557.29,-0.01,16.53,25582.79,-1
2024-10-23,2024-10-23 13:01:00,1557.29,1557.29,1557.12,1557.12,-0.01,16.53,25582.79,-1
2024-10-23,2024-10-23 13:02:00,1557.12,1557.12,1556.96,1556.96,-0.01,16.53,25582.79,-1
2024-10-23,2024-10-23 13:03:00,1556.96,1556.96,1556.8,1556.8,-0.01,16.53,25582.79,-1
2024-10-23,2024-10-23 13:04:00,1556.8,1556.8,1556.64,1556.64,-0.01,16.53,25582.79,-1
2024-10-23,2024-10-23 13:05:00,1556.64,1556.64,1556.47,1556.47,-0.01,16.53,25582.79,-1
2024-10-23,2024-10-23 13:06:00,1556.47,1556.47,1556.31,1556.31,-0.01,16.53,25582.79,-1
2024-10-23,2024-10-23 13:07:00,1556.31,1556.31,1556.15,1556.15,-0.01,16.53,25582.79,-1
2024-10-23,2024-10-23 13:08:00,1556.15,1556.15,1555.98,1555.98,-0.01,16.53,25582.79,-1
2024-10-23,2024-10-23 13:09:00,1555.98,1555.98,1555.82,1555.82,-0.01,16.53,25582.79,-1
2024-10-23,2024-10-23 13:10:00,1555.82,1555.82,1555.66,1555.66,-0.01,16.53,25582.79,-1
2024-10-23,2024-10-23 13:11:00,1555.66,1555.66,1555.5,1555.5,-0.01,16.53,25582.79,-1
2024-10-23,2024-10-23 13:12:00,1555.5,1555.5,1555.33,1555.33,-0.01,16.53,25582.79,-1
2024-10-23,2024-10-23 13:13:00,1555.33,1555.33,1555.17,1555.17,-0.01,16.53,25582.79,-1
2024-10-23,2024-10-23 13:14:00,1555.17,1555.17,1555.01,1555.01,-0.01,16.53,25582.79,-1
2024-10-23,2024-10-23 13:15:00,1555.01,1555.01,1554.84,1554.84,-0.01,16.53,25582.79,-1
2024-10-23,2024-10-23 13:16:00,1554.84,1554.84,1554.68,1554.68,-0.01,16.53,25582.79,-1
2024-10-23,2024-10-23 13:17:00,1554.68,1554.68,1554.52,1554.52,-0.01,16.53,25582.79,-1
2024-10-23,2024-10-23 13:18:00,1554.52,1554.52,1554.35,1554.35,-0.01,16.53,25582.79,-1
2024-10-23,2024-10-23 13:19:00,1554.35,1554.35,1554.19,1554.19,-0.01,16.53,25582.79,-1
2024-10-23,2024-10-23 13:20:00,1554.19,1554.19,1554.03,1554.03,-0.01,16.53,25582.79,-1
2024-10-23,2024-10-23 13:21:00,1554.03,1554.03,1553.87,1553.87,-0.01,16.53,25582.79,-1
2024-10-23,2024-10-23 13:22:00,1553.87,1553.87,1553.7,1553.7,-0.01,16.53,25582.79,-1
2024-10-23,2024-10-23 13:23:00,1553.7,1553.7,1553.54,1553.54,-0.01,16.53,25582.79,-1
2024-10-23,2024-10-23 13:24:00,1553.54,1553.54,1553.38,1553.38,-0.01,16.53,25582.79,-1
2024-10-23,2024-10-23 13:25:00,1553.38,1553.38,1553.21,1553.21,-0.01,16.53,25582.79,-1
2024-10-23,2024-10-23 13:26:00,1553.21,1553.21,1553.05,1553.05,-0.01,16.53,25582.79,-1
2024-10-23,2024-10-23 13:27:00,1553.05,1553.05,1552.89,1552.89,-0.01,16.53,25582.79,-1
2024-10-23,2024-10-23 13:28:00,1552.89,1552.89,1552.73,1552.73,-0.01,16.53,25582.79,-1
2024-10-23,2024-10-23 13:29:00,1552.73,1552.73,1552.56,1552.56,-0.01,16.53,25582.79,-1
2024-10-23,2024-10-23 13:30:00,1552.56,1552.56,1552.4,1552.4,-0.01,16.53,25582.79,-1
2024-10-23,2024-10-23 13:31:00,1552.4,1552.4,1552.24,1552.24,-0.01,16.53,25582.79,-1
2024-10-23,2024-10-23 13:32:00,1552.24,1552.24,1552.07,1552.07,-0.01,16.53,25582.79,-1
2024-10-23,2024-10-23 13:33:00,1552.07,1552.07,1551.91,1551.91,-0.01,16.53,25582.79,-1
2024-10-23,2024-10-23 13:34:00,1551.91,1551.91,1551.75,1551.75,-0.01,16.53,25582.79,-1
2024-10-23,2024-10-23 13:35:00,1551.75,1551.75,1551.59,1551.59,-0.01,16.53,25582.79,-1
2024-10-23,2024-10-23 13:36:00,1551.59,1551.59,1551.42,1551.42,-0.01,16.53,25582.79,-1
2024-10-23,2024-10-23 13:37:00,1551.42,1551.42,1551.26,1551.26,-0.01,16.53,25582.79,-1
2024-10-23,2024-10-23 13:38:00,1551.26,1551.26,1551.1,1551.1,-0.01,16.53,25582.79,-1
2024-10-23,2024-10-23 13:39:00,1551.1,1551.1,1550.93,1550.93,-0.01,16.53,25582.79,-1
2024-10-23,2024-10-23 13:40:00,1550.93,1550.93,1550.77,1550.77,-0.01,16.53,25582.79,-1
2024-10-23,2024-10-23 13:41:00,1550.77,1550.77,1550.61,1550.61,-0.01,16.53,25582.79,-1
2024-10-23,2024-10-23 13:42:00,1550.61,1550.61,1550.44,1550.44,-0.01,16.53,25582.79,-1
2024-10-23,2024-10-23 13:43:00,1550.44,1550.44,1550.28,1550.28,-0.01,16.53,25582.79,-1
2024-10-23,2024-10-23 13:44:00,1550.28,1550.28,1550.12,1550.12,-0.01,16.53,25582.79,-1
2024-10-23,2024-10-23 13:45:00,1550.12,1550.12,1549.96,1549.96,-0.01,16.53,25582.79,-1
2024-10-23,2024-10-23 13:46:00,1549.96,1549.96,1549.79,1549.79,-0.01,16.53,25582.79,-1
2024-10-23,2024-10-23 13:47:00,1549.79,1549.79,1549.63,1549.63,-0.01,16.53,25582.79,-1
2024-10-23,2024-10-23 13:48:00,1549.63,1549.63,1549.47,1549.47,-0.01,16.53,25582.79,-1
2024-10-23,2024-10-23 13:49:00,1549.47,1549.47,1549.3,1549.3,-0.01,16.53,25582.79,-1
2024-10-23,2024-10-23 13:50:00,1549.3,1549.3,1549.14,1549.14,-0.01,16.53,25582.79,-1
2024-10-23,2024-10-23 13:51:00,1549.14,1549.14,1548.98,1548.98,-0.01,16.53,25582.79,-1
2024-10-23,2024-10-23 13:52:00,1548.98,1548.98,1548.82,1548.82,-0.01,16.53,25582.79,-1
2024-10-23,2024-10-23 13:53:00,1548.82,1548.82,1548.65,1548.65,-0.01,16.53,25582.79,-1
2024-10-23,2024-10-23 13:54:00,1548.65,1548.65,1548.49,1548.49,-0.01,16.53,25582.79,-1
2024-10-23,2024-10-23 13:55:00,1548.49,1548.49,1548.33,1548.33,-0.01,16.53,25582.79,-1
2024-10-23,2024-10-23 13:56:00,1548.33,1548.33,1548.16,1548.16,-0.01,16.53,25582.79,-1
2024-10-23,2024-10-23 13:57:00,1548.16,1548.16,1548.0,1548.0,-0.01,16.53,25582.79,-1
2024-10-23,2024-10-23 13:58:00,1548.0,1548.0,1547.84,1547.84,-0.01,16.53,25582.79,-1
2024-10-23,2024-10-23 13:59:00,1547.84,1547.84,1547.68,1547.68,-0.01,16.53,25582.79,-1
2024-10-23,2024-10-23 14:00:00,1547.68,1547.68,1547.51,1547.51,-0.01,16.53,25582.79,-1
2024-10-23,2024-10-23 14:01:00,1547.51,1547.51,1547.35,1547.35,-0.01,16.53,25582.79,-1
2024-10-23,2024-10-23 14:02:00,1547.35,1547.35,1547.19,1547.19,-0.01,16.53,25582.79,-1
2024-10-23,2024-10-23 14:03:00,1547.19,1547.19,1547.02,1547.02,-0.01,16.53,25582.79,-1
2024-10-23,2024-10-23 14:04:00,1547.02,1547.02,1546.86,1546.86,-0.01,16.53,25582.79,-1
2024-10-23,2024-10-23 14:05:00,1546.86,1546.86,1546.7,1546.7,-0.01,16.53,25582.79,-1
2024-10-23,2024-10-23 14:06:00,1546.7,1546.7,1546.53,1546.53,-0.01,16.53,25582.79,-1
2024-10-23,2024-10-23 14:07:00,1546.53,1546.53,1546.37,1546.37,-0.01,16.53,25582.79,-1
2024-10-23,2024-10-23 14:08:00,1546.37,1546.37,1546.21,1546.21,-0.01,16.53,25582.79,-1
2024-10-23,2024-10-23 14:09:00,1546.21,1546.21,1546.05,1546.05,-0.01,16.53,25582.79,-1
2024-10-23,2024-10-23 14:10:00,1546.05,1546.05,1545.88,1545.88,-0.01,16.53,25582.79,-1
2024-10-23,2024-10-23 14:11:00,1545.88,1545.88,1545.72,1545.72,-0.01,16.53,25582.79,-1
2024-10-23,2024-10-23 14:12:00,1545.72,1545.72,1545.56,1545.56,-0.01,16.53,25582.79,-1
2024-10-23,2024-10-23 14:13:00,1545.56,1545.56,1545.39,1545.39,-0.01,16.53,25582.79,-1
2024-10-23,2024-10-23 14:14:00,1545.39,1545.39,1545.23,1545.23,-0.01,16.53,25582.79,-1
2024-10-23,2024-10-23 14:15:00,1545.23,1545.23,1545.07,1545.07,-0.01,16.53,25582.79,-1
2024-10-23,2024-10-23 14:16:00,1545.07,1545.07,1544.91,1544.91,-0.01,16.53,25582.79,-1
2024-10-23,2024-10-23 14:17:00,1544.91,1544.91,1544.74,1544.74,-0.01,16.53,25582.79,-1
2024-10-23,2024-10-23 14:18:00,1544.74,1544.74,1544.58,1544.58,-0.01,16.53,25582.79,-1
2024-10-23,2024-10-23 14:19:00,1544.58,1544.58,1544.42,1544.42,-0.01,16.53,25582.79,-1
2024-10-23,2024-10-23 14:20:00,1544.42,1544.42,1544.25,1544.25,-0.01,16.53,25582.79,-1
2024-10-23,2024-10-23 14:21:00,1544.25,1544.25,1544.09,1544.09,-0.01,16.53,25582.79,-1
2024-10-23,2024-10-23 14:22:00,1544.09,1544.09,1543.93,1543.93,-0.01,16.53,25582.79,-1
2024-10-23,2024-10-23 14:23:00,1543.93,1543.93,1543.77,1543.77,-0.01,16.53,25582.79,-1
2024-10-23,2024-10-23 14:24:00,1543.77,1543.77,1543.6,1543.6,-0.01,16.53,25582.79,-1
2024-10-23,2024-10-23 14:25:00,1543.6,1543.6,1543.44,1543.44,-0.01,16.53,25582.79,-1
2024-10-23,2024-10-23 14:26:00,1543.44,1543.44,1543.28,1543.28,-0.01,16.53,25582.79,-1
2024-10-23,2024-10-23 14:27:00,1543.28,1543.28,1543.11,1543.11,-0.01,16.53,25582.79,-1
2024-10-23,2024-10-23 14:28:00,1543.11,1543.11,1542.95,1542.95,-0.01,16.53,25582.79,-1
2024-10-23,2024-10-23 14:29:00,1542.95,1542.95,1542.79,1542.79,-0.01,16.53,25582.79,-1
2024-10-23,2024-10-23 14:30:00,1542.79,1542.79,1542.62,1542.62,-0.01,16.53,25582.79,-1
2024-10-23,2024-10-23 14:31:00,1542.62,1542.62,1542.46,1542.46,-0.01,16.53,25582.79,-1
2024-10-23,2024-10-23 14:32:00,1542.46,1542.46,1542.3,1542.3,-0.01,16.53,25582.79,-1
2024-10-23,2024-10-23 14:33:00,1542.3,1542.3,1542.14,1542.14,-0.01,16.53,25582.79,-1
2024-10-23,2024-10-23 14:34:00,1542.14,1542.14,1541.97,1541.97,-0.01,16.53,25582.79,-1
2024-10-23,2024-10-23 14:35:00,1541.97,1541.97,1541.81,1541.81,-0.01,16.53,25582.79,-1
2024-10-23,2024-10-23 14:36:00,1541.81,1541.81,1541.65,1541.65,-0.01,16.53,25582.79,-1
2024-10-23,2024-10-23 14:37:00,1541.65,1541.65,1541.48,1541.48,-0.01,16.53,25582.79,-1
2024-10-23,2024-10-23 14:38:00,1541.48,1541.48,1541.32,1541.32,-0.01,16.53,25582.79,-1
2024-10-23,2024-10-23 14:39:00,1541.32,1541.32,1541.16,1541.16,-0.01,16.53,25582.79,-1
2024-10-23,2024-10-23 14:40:00,1541.16,1541.16,1541.0,1541.0,-0.01,16.53,25582.79,-1
2024-10-23,2024-10-23 14:41:00,1541.0,1541.0,1540.83,1540.83,-0.01,16.53,25582.79,-1
2024-10-23,2024-10-23 14:42:00,1540.83,1540.83,1540.67,1540.67,-0.01,16.53,25582.79,-1
2024-10-23,2024-10-23 14:43:00,1540.67,1540.67,1540.51,1540.51,-0.01,16.53,25582.79,-1
2024-10-23,2024-10-23 14:44:00,1540.51,1540.51,1540.34,1540.34,-0.01,16.53,25582.79,-1
2024-10-23,2024-10-23 14:45:00,1540.34,1540.34,1540.18,1540.18,-0.01,16.53,25582.79,-1
2024-10-23,2024-10-23 14:46:00,1540.18,1540.18,1540.02,1540.02,-0.01,16.53,25582.79,-1
2024-10-23,2024-10-23 14:47:00,1540.02,1540.02,1539.86,1539.86,-0.01,16.53,25582.79,-1
2024-10-23,2024-10-23 14:48:00,1539.86,1539.86,1539.69,1539.69,-0.01,16.53,25582.79,-1
2024-10-23,2024-10-23 14:49:00,1539.69,1539.69,1539.53,1539.53,-0.01,16.53,25582.79,-1
2024-10-23,2024-10-23 14:50:00,1539.53,1539.53,1539.37,1539.37,-0.01,16.53,25582.79,-1
2024-10-23,2024-10-23 14:51:00,1539.37,1539.37,1539.2,1539.2,-0.01,16.53,25582.79,-1
2024-10-23,2024-10-23 14:52:00,1539.2,1539.2,1539.04,1539.04,-0.01,16.53,25582.79,-1
2024-10-23,2024-10-23 14:53:00,1539.04,1539.04,1538.88,1538.88,-0.01,16.53,25582.79,-1
2024-10-23,2024-10-23 14:54:00,1538.88,1538.88,1538.71,1538.71,-0.01,16.53,25582.79,-1
2024-10-23,2024-10-23 14:55:00,1538.71,1538.71,1538.55,1538.55,-0.01,16.53,25582.79,-1
2024-10-23,2024-10-23 14:56:00,1538.55,1538.55,1538.39,1538.39,-0.01,16.53,25582.79,-1
2024-10-23,2024-10-23 14:57:00,1538.39,1538.39,1538.23,1538.23,-0.01,16.53,25582.79,-1
2024-10-23,2024-10-23 14:58:00,1538.23,1538.23,1538.06,1538.06,-0.01,16.53,25582.79,-1
2024-10-23,2024-10-23 14:59:00,1538.06,1538.06,1537.9,1537.9,-0.01,16.53,25582.79,-1
2024-10-23,2024-10-23 15:00:00,1537.9,1577.0,1535.0,1537.9,0.0,16.53,25582.79,0
2024-10-24,2024-10-24 11:00:00,1566.0,1566.0,1550.76,1565.81,-0.01,11.28,17233.57,-1
2024-10-24,2024-10-24 11:01:00,1565.81,1565.81,1565.62,1565.62,-0.01,11.28,17233.57,-1
2024-10-24,2024-10-24 11:02:00,1565.62,1565.62,1565.42,1565.42,-0.01,11.28,17233.57,-1
2024-10-24,2024-10-24 11:03:00,1565.42,1565.42,1565.23,1565.23,-0.01,11.28,17233.57,-1
2024-10-24,2024-10-24 11:04:00,1565.23,1565.23,1565.04,1565.04,-0.01,11.28,17233.57,-1
2024-10-24,2024-10-24 11:05:00,1565.04,1565.04,1564.85,1564.85,-0.01,11.28,17233.57,-1
2024-10-24,2024-10-24 11:06:00,1564.85,1564.85,1564.66,1564.66,-0.01,11.28,17233.57,-1
2024-10-24,2024-10-24 11:07:00,1564.66,1564.66,1564.47,1564.47,-0.01,11.28,17233.57,-1
2024-10-24,2024-10-24 11:08:00,1564.47,1564.47,1564.28,1564.28,-0.01,11.28,17233.57,-1
2024-10-24,2024-10-24 11:09:00,1564.28,1564.28,1564.08,1564.08,-0.01,11.28,17233.57,-1
2024-10-24,2024-10-24 11:10:00,1564.08,1564.08,1563.89,1563.89,-0.01,11.28,17233.57,-1
2024-10-24,2024-10-24 11:11:00,1563.89,1563.89,1563.7,1563.7,-0.01,11.28,17233.57,-1
2024-10-24,2024-10-24 11:12:00,1563.7,1563.7,1563.51,1563.51,-0.01,11.28,17233.57,-1
2024-10-24,2024-10-24 11:13:00,1563.51,1563.51,1563.32,1563.32,-0.01,11.28,17233.57,-1
2024-10-24,2024-10-24 11:14:00,1563.32,1563.32,1563.12,1563.12,-0.01,11.28,17233.57,-1
2024-10-24,2024-10-24 11:15:00,1563.12,1563.12,1562.93,1562.93,-0.01,11.28,17233.57,-1
2024-10-24,2024-10-24 11:16:00,1562.93,1562.93,1562.74,1562.74,-0.01,11.28,17233.57,-1
2024-10-24,2024-10-24 11:17:00,1562.74,1562.74,1562.55,1562.55,-0.01,11.28,17233.57,-1
2024-10-24,2024-10-24 11:18:00,1562.55,1562.55,1562.36,1562.36,-0.01,11.28,17233.57,-1
2024-10-24,2024-10-24 11:19:00,1562.36,1562.36,1562.17,1562.17,-0.01,11.28,17233.57,-1
2024-10-24,2024-10-24 11:20:00,1562.17,1562.17,1561.97,1561.97,-0.01,11.28,17233.57,-1
2024-10-24,2024-10-24 11:21:00,1561.97,1561.97,1561.78,1561.78,-0.01,11.28,17233.57,-1
2024-10-24,2024-10-24 11:22:00,1561.78,1561.78,1561.59,1561.59,-0.01,11.28,17233.57,-1
2024-10-24,2024-10-24 11:23:00,1561.59,1561.59,1561.4,1561.4,-0.01,11.28,17233.57,-1
2024-10-24,2024-10-24 11:24:00,1561.4,1561.4,1561.21,1561.21,-0.01,11.28,17233.57,-1
2024-10-24,2024-10-24 11:25:00,1561.21,1561.21,1561.02,1561.02,-0.01,11.28,17233.57,-1
2024-10-24,2024-10-24 11:26:00,1561.02,1561.02,1560.83,1560.83,-0.01,11.28,17233.57,-1
2024-10-24,2024-10-24 11:27:00,1560.83,1560.83,1560.63,1560.63,-0.01,11.28,17233.57,-1
2024-10-24,2024-10-24 11:28:00,1560.63,1560.63,1560.44,1560.44,-0.01,11.28,17233.57,-1
2024-10-24,2024-10-24 11:29:00,1560.44,1560.44,1560.25,1560.25,-0.01,11.28,17233.57,-1
2024-10-24,2024-10-24 11:30:00,1560.25,1560.25,1560.06,1560.06,-0.01,11.28,17233.57,-1
2024-10-24,2024-10-24 11:31:00,1560.06,1560.06,1559.87,1559.87,-0.01,11.28,17233.57,-1
2024-10-24,2024-10-24 11:32:00,1559.87,1559.87,1559.67,1559.67,-0.01,11.28,17233.57,-1
2024-10-24,2024-10-24 11:33:00,1559.67,1559.67,1559.48,1559.48,-0.01,11.28,17233.57,-1
2024-10-24,2024-10-24 11:34:00,1559.48,1559.48,1559.29,1559.29,-0.01,11.28,17233.57,-1
2024-10-24,2024-10-24 11:35:00,1559.29,1559.29,1559.1,1559.1,-0.01,11.28,17233.57,-1
2024-10-24,2024-10-24 11:36:00,1559.1,1559.1,1558.91,1558.91,-0.01,11.28,17233.57,-1
2024-10-24,2024-10-24 11:37:00,1558.91,1558.91,1558.72,1558.72,-0.01,11.28,17233.57,-1
2024-10-24,2024-10-24 11:38:00,1558.72,1558.72,1558.53,1558.53,-0.01,11.28,17233.57,-1
2024-10-24,2024-10-24 11:39:00,1558.53,1558.53,1558.33,1558.33,-0.01,11.28,17233.57,-1
2024-10-24,2024-10-24 11:40:00,1558.33,1558.33,1558.14,1558.14,-0.01,11.28,17233.57,-1
2024-10-24,2024-10-24 11:41:00,1558.14,1558.14,1557.95,1557.95,-0.01,11.28,17233.57,-1
2024-10-24,2024-10-24 11:42:00,1557.95,1557.95,1557.76,1557.76,-0.01,11.28,17233.57,-1
2024-10-24,2024-10-24 11:43:00,1557.76,1557.76,1557.57,1557.57,-0.01,11.28,17233.57,-1
2024-10-24,2024-10-24 11:44:00,1557.57,1557.57,1557.38,1557.38,-0.01,11.28,17233.57,-1
2024-10-24,2024-10-24 11:45:00,1557.38,1557.38,1557.18,1557.18,-0.01,11.28,17233.57,-1
2024-10-24,2024-10-24 11:46:00,1557.18,1557.18,1556.99,1556.99,-0.01,11.28,17233.57,-1
2024-10-24,2024-10-24 11:47:00,1556.99,1556.99,1556.8,1556.8,-0.01,11.28,17233.57,-1
2024-10-24,2024-10-24 11:48:00,1556.8,1556.8,1556.61,1556.61,-0.01,11.28,17233.57,-1
2024-10-24,2024-10-24 11:49:00,1556.61,1556.61,1556.42,1556.42,-0.01,11.28,17233.57,-1
2024-10-24,2024-10-24 11:50:00,1556.42,1556.42,1556.22,1556.22,-0.01,11.28,17233.57,-1
2024-10-24,2024-10-24 11:51:00,1556.22,1556.22,1556.03,1556.03,-0.01,11.28,17233.57,-1
2024-10-24,2024-10-24 11:52:00,1556.03,1556.03,1555.84,1555.84,-0.01,11.28,17233.57,-1
2024-10-24,2024-10-24 11:53:00,1555.84,1555.84,1555.65,1555.65,-0.01,11.28,17233.57,-1
2024-10-24,2024-10-24 11:54:00,1555.65,1555.65,1555.46,1555.46,-0.01,11.28,17233.57,-1
2024-10-24,2024-10-24 11:55:00,1555.46,1555.46,1555.27,1555.27,-0.01,11.28,17233.57,-1
2024-10-24,2024-10-24 11:56:00,1555.27,1555.27,1555.08,1555.08,-0.01,11.28,17233.57,-1
2024-10-24,2024-10-24 11:57:00,1555.08,1555.08,1554.88,1554.88,-0.01,11.28,17233.57,-1
2024-10-24,2024-10-24 11:58:00,1554.88,1554.88,1554.69,1554.69,-0.01,11.28,17233.57,-1
2024-10-24,2024-10-24 11:59:00,1554.69,1554.69,1554.5,1554.5,-0.01,11.28,17233.57,-1
2024-10-24,2024-10-24 12:00:00,1554.5,1554.5,1554.31,1554.31,-0.01,11.28,17233.57,-1
2024-10-24,2024-10-24 12:01:00,1554.31,1554.31,1554.12,1554.12,-0.01,11.28,17233.57,-1
2024-10-24,2024-10-24 12:02:00,1554.12,1554.12,1553.92,1553.92,-0.01,11.28,17233.57,-1
2024-10-24,2024-10-24 12:03:00,1553.92,1553.92,1553.73,1553.73,-0.01,11.28,17233.57,-1
2024-10-24,2024-10-24 12:04:00,1553.73,1553.73,1553.54,1553.54,-0.01,11.28,17233.57,-1
2024-10-24,2024-10-24 12:05:00,1553.54,1553.54,1553.35,1553.35,-0.01,11.28,17233.57,-1
2024-10-24,2024-10-24 12:06:00,1553.35,1553.35,1553.16,1553.16,-0.01,11.28,17233.57,-1
2024-10-24,2024-10-24 12:07:00,1553.16,1553.16,1552.97,1552.97,-0.01,11.28,17233.57,-1
2024-10-24,2024-10-24 12:08:00,1552.97,1552.97,1552.78,1552.78,-0.01,11.28,17233.57,-1
2024-10-24,2024-10-24 12:09:00,1552.78,1552.78,1552.58,1552.58,-0.01,11.28,17233.57,-1
2024-10-24,2024-10-24 12:10:00,1552.58,1552.58,1552.39,1552.39,-0.01,11.28,17233.57,-1
2024-10-24,2024-10-24 12:11:00,1552.39,1552.39,1552.2,1552.2,-0.01,11.28,17233.57,-1
2024-10-24,2024-10-24 12:12:00,1552.2,1552.2,1552.01,1552.01,-0.01,11.28,17233.57,-1
2024-10-24,2024-10-24 12:13:00,1552.01,1552.01,1551.82,1551.82,-0.01,11.28,17233.57,-1
2024-10-24,2024-10-24 12:14:00,1551.82,1551.82,1551.62,1551.62,-0.01,11.28,17233.57,-1
2024-10-24,2024-10-24 12:15:00,1551.62,1551.62,1551.43,1551.43,-0.01,11.28,17233.57,-1
2024-10-24,2024-10-24 12:16:00,1551.43,1551.43,1551.24,1551.24,-0.01,11.28,17233.57,-1
2024-10-24,2024-10-24 12:17:00,1551.24,1551.24,1551.05,1551.05,-0.01,11.28,17233.57,-1
2024-10-24,2024-10-24 12:18:00,1551.05,1551.05,1550.86,1550.86,-0.01,11.28,17233.57,-1
2024-10-24,2024-10-24 12:19:00,1550.86,1550.86,1550.67,1550.67,-0.01,11.28,17233.57,-1
2024-10-24,2024-10-24 12:20:00,1550.67,1550.67,1550.47,1550.47,-0.01,11.28,17233.57,-1
2024-10-24,2024-10-24 12:21:00,1550.47,1550.47,1550.28,1550.28,-0.01,11.28,17233.57,-1
2024-10-24,2024-10-24 12:22:00,1550.28,1550.28,1550.09,1550.09,-0.01,11.28,17233.57,-1
2024-10-24,2024-10-24 12:23:00,1550.09,1550.09,1549.9,1549.9,-0.01,11.28,17233.57,-1
2024-10-24,2024-10-24 12:24:00,1549.9,1549.9,1549.71,1549.71,-0.01,11.28,17233.57,-1
2024-10-24,2024-10-24 12:25:00,1549.71,1549.71,1549.52,1549.52,-0.01,11.28,17233.57,-1
2024-10-24,2024-10-24 12:26:00,1549.52,1549.52,1549.33,1549.33,-0.01,11.28,17233.57,-1
2024-10-24,2024-10-24 12:27:00,1549.33,1549.33,1549.13,1549.13,-0.01,11.28,17233.57,-1
2024-10-24,2024-10-24 12:28:00,1549.13,1549.13,1548.94,1548.94,-0.01,11.28,17233.57,-1
2024-10-24,2024-10-24 12:29:00,1548.94,1548.94,1548.75,1548.75,-0.01,11.28,17233.57,-1
2024-10-24,2024-10-24 12:30:00,1548.75,1548.75,1548.56,1548.56,-0.01,11.28,17233.57,-1
2024-10-24,2024-10-24 12:31:00,1548.56,1548.56,1548.37,1548.37,-0.01,11.28,17233.57,-1
2024-10-24,2024-10-24 12:32:00,1548.37,1548.37,1548.17,1548.17,-0.01,11.28,17233.57,-1
2024-10-24,2024-10-24 12:33:00,1548.17,1548.17,1547.98,1547.98,-0.01,11.28,17233.57,-1
2024-10-24,2024-10-24 12:34:00,1547.98,1547.98,1547.79,1547.79,-0.01,11.28,17233.57,-1
2024-10-24,2024-10-24 12:35:00,1547.79,1547.79,1547.6,1547.6,-0.01,11.28,17233.57,-1
2024-10-24,2024-10-24 12:36:00,1547.6,1547.6,1547.41,1547.41,-0.01,11.28,17233.57,-1
2024-10-24,2024-10-24 12:37:00,1547.41,1547.41,1547.22,1547.22,-0.01,11.28,17233.57,-1
2024-10-24,2024-10-24 12:38:00,1547.22,1547.22,1547.03,1547.03,-0.01,11.28,17233.57,-1
2024-10-24,2024-10-24 12:39:00,1547.03,1547.03,1546.83,1546.83,-0.01,11.28,17233.57,-1
2024-10-24,2024-10-24 12:40:00,1546.83,1546.83,1546.64,1546.64,-0.01,11.28,17233.57,-1
2024-10-24,2024-10-24 12:41:00,1546.64,1546.64,1546.45,1546.45,-0.01,11.28,17233.57,-1
2024-10-24,2024-10-24 12:42:00,1546.45,1546.45,1546.26,1546.26,-0.01,11.28,17233.57,-1
2024-10-24,2024-10-24 12:43:00,1546.26,1546.26,1546.07,1546.07,-0.01,11.28,17233.57,-1
2024-10-24,2024-10-24 12:44:00,1546.07,1546.07,1545.88,1545.88,-0.01,11.28,17233.57,-1
2024-10-24,2024-10-24 12:45:00,1545.88,1545.88,1545.68,1545.68,-0.01,11.28,17233.57,-1
2024-10-24,2024-10-24 12:46:00,1545.68,1545.68,1545.49,1545.49,-0.01,11.28,17233.57,-1
2024-10-24,2024-10-24 12:47:00,1545.49,1545.49,1545.3,1545.3,-0.01,11.28,17233.57,-1
2024-10-24,2024-10-24 12:48:00,1545.3,1545.3,1545.11,1545.11,-0.01,11.28,17233.57,-1
2024-10-24,2024-10-24 12:49:00,1545.11,1545.11,1544.92,1544.92,-0.01,11.28,17233.57,-1
2024-10-24,2024-10-24 12:50:00,1544.92,1544.92,1544.72,1544.72,-0.01,11.28,17233.57,-1
2024-10-24,2024-10-24 12:51:00,1544.72,1544.72,1544.53,1544.53,-0.01,11.28,17233.57,-1
2024-10-24,2024-10-24 12:52:00,1544.53,1544.53,1544.34,1544.34,-0.01,11.28,17233.57,-1
2024-10-24,2024-10-24 12:53:00,1544.34,1544.34,1544.15,1544.15,-0.01,11.28,17233.57,-1
2024-10-24,2024-10-24 12:54:00,1544.15,1544.15,1543.96,1543.96,-0.01,11.28,17233.57,-1
2024-10-24,2024-10-24 12:55:00,1543.96,1543.96,1543.77,1543.77,-0.01,11.28,17233.57,-1
2024-10-24,2024-10-24 12:56:00,1543.77,1543.77,1543.58,1543.58,-0.01,11.28,17233.57,-1
2024-10-24,2024-10-24 12:57:00,1543.58,1543.58,1543.38,1543.38,-0.01,11.28,17233.57,-1
2024-10-24,2024-10-24 12:58:00,1543.38,1543.38,1543.19,1543.19,-0.01,11.28,17233.57,-1
2024-10-24,2024-10-24 12:59:00,1543.19,1543.19,1543.0,1543.0,-0.01,11.28,17233.57,-1
2024-10-24,2024-10-24 13:00:00,1543.0,1566.0,1515.2,1542.81,-0.01,11.28,17233.57,-1
2024-10-24,2024-10-24 13:01:00,1542.81,1542.81,1542.62,1542.62,-0.01,11.28,17233.57,-1
2024-10-24,2024-10-24 13:02:00,1542.62,1542.62,1542.42,1542.42,-0.01,11.28,17233.57,-1
2024-10-24,2024-10-24 13:03:00,1542.42,1542.42,1542.23,1542.23,-0.01,11.28,17233.57,-1
2024-10-24,2024-10-24 13:04:00,1542.23,1542.23,1542.04,1542.04,-0.01,11.28,17233.57,-1
2024-10-24,2024-10-24 13:05:00,1542.04,1542.04,1541.85,1541.85,-0.01,11.28,17233.57,-1
2024-10-24,2024-10-24 13:06:00,1541.85,1541.85,1541.66,1541.66,-0.01,11.28,17233.57,-1
2024-10-24,2024-10-24 13:07:00,1541.66,1541.66,1541.47,1541.47,-0.01,11.28,17233.57,-1
2024-10-24,2024-10-24 13:08:00,1541.47,1541.47,1541.28,1541.28,-0.01,11.28,17233.57,-1
2024-10-24,2024-10-24 13:09:00,1541.28,1541.28,1541.08,1541.08,-0.01,11.28,17233.57,-1
2024-10-24,2024-10-24 13:10:00,1541.08,1541.08,1540.89,1540.89,-0.01,11.28,17233.57,-1
2024-10-24,2024-10-24 13:11:00,1540.89,1540.89,1540.7,1540.7,-0.01,11.28,17233.57,-1
2024-10-24,2024-10-24 13:12:00,1540.7,1540.7,1540.51,1540.51,-0.01,11.28,17233.57,-1
2024-10-24,2024-10-24 13:13:00,1540.51,1540.51,1540.32,1540.32,-0.01,11.28,17233.57,-1
2024-10-24,2024-10-24 13:14:00,1540.32,1540.32,1540.12,1540.12,-0.01,11.28,17233.57,-1
2024-10-24,2024-10-24 13:15:00,1540.12,1540.12,1539.93,1539.93,-0.01,11.28,17233.57,-1
2024-10-24,2024-10-24 13:16:00,1539.93,1539.93,1539.74,1539.74,-0.01,11.28,17233.57,-1
2024-10-24,2024-10-24 13:17:00,1539.74,1539.74,1539.55,1539.55,-0.01,11.28,17233.57,-1
2024-10-24,2024-10-24 13:18:00,1539.55,1539.55,1539.36,1539.36,-0.01,11.28,17233.57,-1
2024-10-24,2024-10-24 13:19:00,1539.36,1539.36,1539.17,1539.17,-0.01,11.28,17233.57,-1
2024-10-24,2024-10-24 13:20:00,1539.17,1539.17,1538.97,1538.97,-0.01,11.28,17233.57,-1
2024-10-24,2024-10-24 13:21:00,1538.97,1538.97,1538.78,1538.78,-0.01,11.28,17233.57,-1
2024-10-24,2024-10-24 13:22:00,1538.78,1538.78,1538.59,1538.59,-0.01,11.28,17233.57,-1
2024-10-24,2024-10-24 13:23:00,1538.59,1538.59,1538.4,1538.4,-0.01,11.28,17233.57,-1
2024-10-24,2024-10-24 13:24:00,1538.4,1538.4,1538.21,1538.21,-0.01,11.28,17233.57,-1
2024-10-24,2024-10-24 13:25:00,1538.21,1538.21,1538.02,1538.02,-0.01,11.28,17233.57,-1
2024-10-24,2024-10-24 13:26:00,1538.02,1538.02,1537.83,1537.83,-0.01,11.28,17233.57,-1
2024-10-24,2024-10-24 13:27:00,1537.83,1537.83,1537.63,1537.63,-0.01,11.28,17233.57,-1
2024-10-24,2024-10-24 13:28:00,1537.63,1537.63,1537.44,1537.44,-0.01,11.28,17233.57,-1
2024-10-24,2024-10-24 13:29:00,1537.44,1537.44,1537.25,1537.25,-0.01,11.28,17233.57,-1
2024-10-24,2024-10-24 13:30:00,1537.25,1537.25,1537.06,1537.06,-0.01,11.28,17233.57,-1
2024-10-24,2024-10-24 13:31:00,1537.06,1537.06,1536.87,1536.87,-0.01,11.28,17233.57,-1
2024-10-24,2024-10-24 13:32:00,1536.87,1536.87,1536.67,1536.67,-0.01,11.28,17233.57,-1
2024-10-24,2024-10-24 13:33:00,1536.67,1536.67,1536.48,1536.48,-0.01,11.28,17233.57,-1
2024-10-24,2024-10-24 13:34:00,1536.48,1536.48,1536.29,1536.29,-0.01,11.28,17233.57,-1
2024-10-24,2024-10-24 13:35:00,1536.29,1536.29,1536.1,1536.1,-0.01,11.28,17233.57,-1
2024-10-24,2024-10-24 13:36:00,1536.1,1536.1,1535.91,1535.91,-0.01,11.28,17233.57,-1
2024-10-24,2024-10-24 13:37:00,1535.91,1535.91,1535.72,1535.72,-0.01,11.28,17233.57,-1
2024-10-24,2024-10-24 13:38:00,1535.72,1535.72,1535.53,1535.53,-0.01,11.28,17233.57,-1
2024-10-24,2024-10-24 13:39:00,1535.53,1535.53,1535.33,1535.33,-0.01,11.28,17233.57,-1
2024-10-24,2024-10-24 13:40:00,1535.33,1535.33,1535.14,1535.14,-0.01,11.28,17233.57,-1
2024-10-24,2024-10-24 13:41:00,1535.14,1535.14,1534.95,1534.95,-0.01,11.28,17233.57,-1
2024-10-24,2024-10-24 13:42:00,1534.95,1534.95,1534.76,1534.76,-0.01,11.28,17233.57,-1
2024-10-24,2024-10-24 13:43:00,1534.76,1534.76,1534.57,1534.57,-0.01,11.28,17233.57,-1
2024-10-24,2024-10-24 13:44:00,1534.57,1534.57,1534.38,1534.38,-0.01,11.28,17233.57,-1
2024-10-24,2024-10-24 13:45:00,1534.38,1534.38,1534.18,1534.18,-0.01,11.28,17233.57,-1
2024-10-24,2024-10-24 13:46:00,1534.18,1534.18,1533.99,1533.99,-0.01,11.28,17233.57,-1
2024-10-24,2024-10-24 13:47:00,1533.99,1533.99,1533.8,1533.8,-0.01,11.28,17233.57,-1
2024-10-24,2024-10-24 13:48:00,1533.8,1533.8,1533.61,1533.61,-0.01,11.28,17233.57,-1
2024-10-24,2024-10-24 13:49:00,1533.61,1533.61,1533.42,1533.42,-0.01,11.28,17233.57,-1
2024-10-24,2024-10-24 13:50:00,1533.42,1533.42,1533.22,1533.22,-0.01,11.28,17233.57,-1
2024-10-24,2024-10-24 13:51:00,1533.22,1533.22,1533.03,1533.03,-0.01,11.28,17233.57,-1
2024-10-24,2024-10-24 13:52:00,1533.03,1533.03,1532.84,1532.84,-0.01,11.28,17233.57,-1
2024-10-24,2024-10-24 13:53:00,1532.84,1532.84,1532.65,1532.65,-0.01,11.28,17233.57,-1
2024-10-24,2024-10-24 13:54:00,1532.65,1532.65,1532.46,1532.46,-0.01,11.28,17233.57,-1
2024-10-24,2024-10-24 13:55:00,1532.46,1532.46,1532.27,1532.27,-0.01,11.28,17233.57,-1
2024-10-24,2024-10-24 13:56:00,1532.27,1532.27,1532.08,1532.08,-0.01,11.28,17233.57,-1
2024-10-24,2024-10-24 13:57:00,1532.08,1532.08,1531.88,1531.88,-0.01,11.28,17233.57,-1
2024-10-24,2024-10-24 13:58:00,1531.88,1531.88,1531.69,1531.69,-0.01,11.28,17233.57,-1
2024-10-24,2024-10-24 13:59:00,1531.69,1531.69,1531.5,1531.5,-0.01,11.28,17233.57,-1
2024-10-24,2024-10-24 14:00:00,1531.5,1531.5,1531.31,1531.31,-0.01,11.28,17233.57,-1
2024-10-24,2024-10-24 14:01:00,1531.31,1531.31,1531.12,1531.12,-0.01,11.28,17233.57,-1
2024-10-24,2024-10-24 14:02:00,1531.12,1531.12,1530.92,1530.92,-0.01,11.28,17233.57,-1
2024-10-24,2024-10-24 14:03:00,1530.92,1530.92,1530.73,1530.73,-0.01,11.28,17233.57,-1
2024-10-24,2024-10-24 14:04:00,1530.73,1530.73,1530.54,1530.54,-0.01,11.28,17233.57,-1
2024-10-24,2024-10-24 14:05:00,1530.54,1530.54,1530.35,1530.35,-0.01,11.28,17233.57,-1
2024-10-24,2024-10-24 14:06:00,1530.35,1530.35,1530.16,1530.16,-0.01,11.28,17233.57,-1
2024-10-24,2024-10-24 14:07:00,1530.16,1530.16,1529.97,1529.97,-0.01,11.28,17233.57,-1
2024-10-24,2024-10-24 14:08:00,1529.97,1529.97,1529.78,1529.78,-0.01,11.28,17233.57,-1
2024-10-24,2024-10-24 14:09:00,1529.78,1529.78,1529.58,1529.58,-0.01,11.28,17233.57,-1
2024-10-24,2024-10-24 14:10:00,1529.58,1529.58,1529.39,1529.39,-0.01,11.28,17233.57,-1
2024-10-24,2024-10-24 14:11:00,1529.39,1529.39,1529.2,1529.2,-0.01,11.28,17233.57,-1
2024-10-24,2024-10-24 14:12:00,1529.2,1529.2,1529.01,1529.01,-0.01,11.28,17233.57,-1
2024-10-24,2024-10-24 14:13:00,1529.01,1529.01,1528.82,1528.82,-0.01,11.28,17233.57,-1
2024-10-24,2024-10-24 14:14:00,1528.82,1528.82,1528.62,1528.62,-0.01,11.28,17233.57,-1
2024-10-24,2024-10-24 14:15:00,1528.62,1528.62,1528.43,1528.43,-0.01,11.28,17233.57,-1
2024-10-24,2024-10-24 14:16:00,1528.43,1528.43,1528.24,1528.24,-0.01,11.28,17233.57,-1
2024-10-24,2024-10-24 14:17:00,1528.24,1528.24,1528.05,1528.05,-0.01,11.28,17233.57,-1
2024-10-24,2024-10-24 14:18:00,1528.05,1528.05,1527.86,1527.86,-0.01,11.28,17233.57,-1
2024-10-24,2024-10-24 14:19:00,1527.86,1527.86,1527.67,1527.67,-0.01,11.28,17233.57,-1
2024-10-24,2024-10-24 14:20:00,1527.67,1527.67,1527.47,1527.47,-0.01,11.28,17233.57,-1
2024-10-24,2024-10-24 14:21:00,1527.47,1527.47,1527.28,1527.28,-0.01,11.28,17233.57,-1
2024-10-24,2024-10-24 14:22:00,1527.28,1527.28,1527.09,1527.09,-0.01,11.28,17233.57,-1
2024-10-24,2024-10-24 14:23:00,1527.09,1527.09,1526.9,1526.9,-0.01,11.28,17233.57,-1
2024-10-24,2024-10-24 14:24:00,1526.9,1526.9,1526.71,1526.71,-0.01,11.28,17233.57,-1
2024-10-24,2024-10-24 14:25:00,1526.71,1526.71,1526.52,1526.52,-0.01,11.28,17233.57,-1
2024-10-24,2024-10-24 14:26:00,1526.52,1526.52,1526.33,1526.33,-0.01,11.28,17233.57,-1
2024-10-24,2024-10-24 14:27:00,1526.33,1526.33,1526.13,1526.13,-0.01,11.28,17233.57,-1
2024-10-24,2024-10-24 14:28:00,1526.13,1526.13,1525.94,1525.94,-0.01,11.28,17233.57,-1
2024-10-24,2024-10-24 14:29:00,1525.94,1525.94,1525.75,1525.75,-0.01,11.28,17233.57,-1
2024-10-24,2024-10-24 14:30:00,1525.75,1525.75,1525.56,1525.56,-0.01,11.28,17233.57,-1
2024-10-24,2024-10-24 14:31:00,1525.56,1525.56,1525.37,1525.37,-0.01,11.28,17233.57,-1
2024-10-24,2024-10-24 14:32:00,1525.37,1525.37,1525.17,1525.17,-0.01,11.28,17233.57,-1
2024-10-24,2024-10-24 14:33:00,1525.17,1525.17,1524.98,1524.98,-0.01,11.28,17233.57,-1
2024-10-24,2024-10-24 14:34:00,1524.98,1524.98,1524.79,1524.79,-0.01,11.28,17233.57,-1
2024-10-24,2024-10-24 14:35:00,1524.79,1524.79,1524.6,1524.6,-0.01,11.28,17233.57,-1
2024-10-24,2024-10-24 14:36:00,1524.6,1524.6,1524.41,1524.41,-0.01,11.28,17233.57,-1
2024-10-24,2024-10-24 14:37:00,1524.41,1524.41,1524.22,1524.22,-0.01,11.28,17233.57,-1
2024-10-24,2024-10-24 14:38:00,1524.22,1524.22,1524.03,1524.03,-0.01,11.28,17233.57,-1
2024-10-24,2024-10-24 14:39:00,1524.03,1524.03,1523.83,1523.83,-0.01,11.28,17233.57,-1
2024-10-24,2024-10-24 14:40:00,1523.83,1523.83,1523.64,1523.64,-0.01,11.28,17233.57,-1
2024-10-24,2024-10-24 14:41:00,1523.64,1523.64,1523.45,1523.45,-0.01,11.28,17233.57,-1
2024-10-24,2024-10-24 14:42:00,1523.45,1523.45,1523.26,1523.26,-0.01,11.28,17233.57,-1
2024-10-24,2024-10-24 14:43:00,1523.26,1523.26,1523.07,1523.07,-0.01,11.28,17233.57,-1
2024-10-24,2024-10-24 14:44:00,1523.07,1523.07,1522.88,1522.88,-0.01,11.28,17233.57,-1
2024-10-24,2024-10-24 14:45:00,1522.88,1522.88,1522.68,1522.68,-0.01,11.28,17233.57,-1
2024-10-24,2024-10-24 14:46:00,1522.68,1522.68,1522.49,1522.49,-0.01,11.28,17233.57,-1
2024-10-24,2024-10-24 14:47:00,1522.49,1522.49,1522.3,1522.3,-0.01,11.28,17233.57,-1
2024-10-24,2024-10-24 14:48:00,1522.3,1522.3,1522.11,1522.11,-0.01,11.28,17233.57,-1
2024-10-24,2024-10-24 14:49:00,1522.11,1522.11,1521.92,1521.92,-0.01,11.28,17233.57,-1
2024-10-24,2024-10-24 14:50:00,1521.92,1521.92,1521.72,1521.72,-0.01,11.28,17233.57,-1
2024-10-24,2024-10-24 14:51:00,1521.72,1521.72,1521.53,1521.53,-0.01,11.28,17233.57,-1
2024-10-24,2024-10-24 14:52:00,1521.53,1521.53,1521.34,1521.34,-0.01,11.28,17233.57,-1
2024-10-24,2024-10-24 14:53:00,1521.34,1521.34,1521.15,1521.15,-0.01,11.28,17233.57,-1
2024-10-24,2024-10-24 14:54:00,1521.15,1521.15,1520.96,1520.96,-0.01,11.28,17233.57,-1
2024-10-24,2024-10-24 14:55:00,1520.96,1520.96,1520.77,1520.77,-0.01,11.28,17233.57,-1
2024-10-24,2024-10-24 14:56:00,1520.77,1520.77,1520.58,1520.58,-0.01,11.28,17233.57,-1
2024-10-24,2024-10-24 14:57:00,1520.58,1520.58,1520.38,1520.38,-0.01,11.28,17233.57,-1
2024-10-24,2024-10-24 14:58:00,1520.38,1520.38,1520.19,1520.19,-0.01,11.28,17233.57,-1
2024-10-24,2024-10-24 14:59:00,1520.19,1520.19,1520.0,1520.0,-0.01,11.28,17233.57,-1
2024-10-24,2024-10-24 15:00:00,1520.0,1566.0,1515.2,1520.0,0.0,11.28,17233.57,0
2024-10-27,2024-10-27 11:00:00,1549.0,1549.0,1534.69,1548.81,-0.01,22.3,33750.45,-1
2024-10-27,2024-10-27 11:01:00,1548.81,1548.81,1548.62,1548.62,-0.01,22.3,33750.45,-1
2024-10-27,2024-10-27 11:02:00,1548.62,1548.62,1548.43,1548.43,-0.01,22.3,33750.45,-1
2024-10-27,2024-10-27 11:03:00,1548.43,1548.43,1548.23,1548.23,-0.01,22.3,33750.45,-1
2024-10-27,2024-10-27 11:04:00,1548.23,1548.23,1548.04,1548.04,-0.01,22.3,33750.45,-1
2024-10-27,2024-10-27 11:05:00,1548.04,1548.04,1547.85,1547.85,-0.01,22.3,33750.45,-1
2024-10-27,2024-10-27 11:06:00,1547.85,1547.85,1547.66,1547.66,-0.01,22.3,33750.45,-1
2024-10-27,2024-10-27 11:07:00,1547.66,1547.66,1547.47,1547.47,-0.01,22.3,33750.45,-1
2024-10-27,2024-10-27 11:08:00,1547.47,1547.47,1547.28,1547.28,-0.01,22.3,33750.45,-1
2024-10-27,2024-10-27 11:09:00,1547.28,1547.28,1547.09,1547.09,-0.01,22.3,33750.45,-1
2024-10-27,2024-10-27 11:10:00,1547.09,1547.09,1546.9,1546.9,-0.01,22.3,33750.45,-1
2024-10-27,2024-10-27 11:11:00,1546.9,1546.9,1546.7,1546.7,-0.01,22.3,33750.45,-1
2024-10-27,2024-10-27 11:12:00,1546.7,1546.7,1546.51,1546.51,-0.01,22.3,33750.45,-1
2024-10-27,2024-10-27 11:13:00,1546.51,1546.51,1546.32,1546.32,-0.01,22.3,33750.45,-1
2024-10-27,2024-10-27 11:14:00,1546.32,1546.32,1546.13,1546.13,-0.01,22.3,33750.45,-1
2024-10-27,2024-10-27 11:15:00,1546.13,1546.13,1545.94,1545.94,-0.01,22.3,33750.45,-1
2024-10-27,2024-10-27 11:16:00,1545.94,1545.94,1545.75,1545.75,-0.01,22.3,33750.45,-1
2024-10-27,2024-10-27 11:17:00,1545.75,1545.75,1545.56,1545.56,-0.01,22.3,33750.45,-1
2024-10-27,2024-10-27 11:18:00,1545.56,1545.56,1545.37,1545.37,-0.01,22.3,33750.45,-1
2024-10-27,2024-10-27 11:19:00,1545.37,1545.37,1545.17,1545.17,-0.01,22.3,33750.45,-1
2024-10-27,2024-10-27 11:20:00,1545.17,1545.17,1544.98,1544.98,-0.01,22.3,33750.45,-1
2024-10-27,2024-10-27 11:21:00,1544.98,1544.98,1544.79,1544.79,-0.01,22.3,33750.45,-1
2024-10-27,2024-10-27 11:22:00,1544.79,1544.79,1544.6,1544.6,-0.01,22.3,33750.45,-1
2024-10-27,2024-10-27 11:23:00,1544.6,1544.6,1544.41,1544.41,-0.01,22.3,33750.45,-1
2024-10-27,2024-10-27 11:24:00,1544.41,1544.41,1544.22,1544.22,-0.01,22.3,33750.45,-1
2024-10-27,2024-10-27 11:25:00,1544.22,1544.22,1544.03,1544.03,-0.01,22.3,33750.45,-1
2024-10-27,2024-10-27 11:26:00,1544.03,1544.03,1543.84,1543.84,-0.01,22.3,33750.45,-1
2024-10-27,2024-10-27 11:27:00,1543.84,1543.84,1543.64,1543.64,-0.01,22.3,33750.45,-1
2024-10-27,2024-10-27 11:28:00,1543.64,1543.64,1543.45,1543.45,-0.01,22.3,33750.45,-1
2024-10-27,2024-10-27 11:29:00,1543.45,1543.45,1543.26,1543.26,-0.01,22.3,33750.45,-1
2024-10-27,2024-10-27 11:30:00,1543.26,1543.26,1543.07,1543.07,-0.01,22.3,33750.45,-1
2024-10-27,2024-10-27 11:31:00,1543.07,1543.07,1542.88,1542.88,-0.01,22.3,33750.45,-1
2024-10-27,2024-10-27 11:32:00,1542.88,1542.88,1542.69,1542.69,-0.01,22.3,33750.45,-1
2024-10-27,2024-10-27 11:33:00,1542.69,1542.69,1542.5,1542.5,-0.01,22.3,33750.45,-1
2024-10-27,2024-10-27 11:34:00,1542.5,1542.5,1542.31,1542.31,-0.01,22.3,33750.45,-1
2024-10-27,2024-10-27 11:35:00,1542.31,1542.31,1542.12,1542.12,-0.01,22.3,33750.45,-1
2024-10-27,2024-10-27 11:36:00,1542.12,1542.12,1541.92,1541.92,-0.01,22.3,33750.45,-1
2024-10-27,2024-10-27 11:37:00,1541.92,1541.92,1541.73,1541.73,-0.01,22.3,33750.45,-1
2024-10-27,2024-10-27 11:38:00,1541.73,1541.73,1541.54,1541.54,-0.01,22.3,33750.45,-1
2024-10-27,2024-10-27 11:39:00,1541.54,1541.54,1541.35,1541.35,-0.01,22.3,33750.45,-1
2024-10-27,2024-10-27 11:40:00,1541.35,1541.35,1541.16,1541.16,-0.01,22.3,33750.45,-1
2024-10-27,2024-10-27 11:41:00,1541.16,1541.16,1540.97,1540.97,-0.01,22.3,33750.45,-1
2024-10-27,2024-10-27 11:42:00,1540.97,1540.97,1540.78,1540.78,-0.01,22.3,33750.45,-1
2024-10-27,2024-10-27 11:43:00,1540.78,1540.78,1540.59,1540.59,-0.01,22.3,33750.45,-1
2024-10-27,2024-10-27 11:44:00,1540.59,1540.59,1540.39,1540.39,-0.01,22.3,33750.45,-1
2024-10-27,2024-10-27 11:45:00,1540.39,1540.39,1540.2,1540.2,-0.01,22.3,33750.45,-1
2024-10-27,2024-10-27 11:46:00,1540.2,1540.2,1540.01,1540.01,-0.01,22.3,33750.45,-1
2024-10-27,2024-10-27 11:47:00,1540.01,1540.01,1539.82,1539.82,-0.01,22.3,33750.45,-1
2024-10-27,2024-10-27 11:48:00,1539.82,1539.82,1539.63,1539.63,-0.01,22.3,33750.45,-1
2024-10-27,2024-10-27 11:49:00,1539.63,1539.63,1539.44,1539.44,-0.01,22.3,33750.45,-1
2024-10-27,2024-10-27 11:50:00,1539.44,1539.44,1539.25,1539.25,-0.01,22.3,33750.45,-1
2024-10-27,2024-10-27 11:51:00,1539.25,1539.25,1539.06,1539.06,-0.01,22.3,33750.45,-1
2024-10-27,2024-10-27 11:52:00,1539.06,1539.06,1538.86,1538.86,-0.01,22.3,33750.45,-1
2024-10-27,2024-10-27 11:53:00,1538.86,1538.86,1538.67,1538.67,-0.01,22.3,33750.45,-1
2024-10-27,2024-10-27 11:54:00,1538.67,1538.67,1538.48,1538.48,-0.01,22.3,33750.45,-1
2024-10-27,2024-10-27 11:55:00,1538.48,1538.48,1538.29,1538.29,-0.01,22.3,33750.45,-1
2024-10-27,2024-10-27 11:56:00,1538.29,1538.29,1538.1,1538.1,-0.01,22.3,33750.45,-1
2024-10-27,2024-10-27 11:57:00,1538.1,1538.1,1537.91,1537.91,-0.01,22.3,33750.45,-1
2024-10-27,2024-10-27 11:58:00,1537.91,1537.91,1537.72,1537.72,-0.01,22.3,33750.45,-1
2024-10-27,2024-10-27 11:59:00,1537.72,1537.72,1537.53,1537.53,-0.01,22.3,33750.45,-1
2024-10-27,2024-10-27 12:00:00,1537.53,1537.53,1537.33,1537.33,-0.01,22.3,33750.45,-1
2024-10-27,2024-10-27 12:01:00,1537.33,1537.33,1537.14,1537.14,-0.01,22.3,33750.45,-1
2024-10-27,2024-10-27 12:02:00,1537.14,1537.14,1536.95,1536.95,-0.01,22.3,33750.45,-1
2024-10-27,2024-10-27 12:03:00,1536.95,1536.95,1536.76,1536.76,-0.01,22.3,33750.45,-1
2024-10-27,2024-10-27 12:04:00,1536.76,1536.76,1536.57,1536.57,-0.01,22.3,33750.45,-1
2024-10-27,2024-10-27 12:05:00,1536.57,1536.57,1536.38,1536.38,-0.01,22.3,33750.45,-1
2024-10-27,2024-10-27 12:06:00,1536.38,1536.38,1536.19,1536.19,-0.01,22.3,33750.45,-1
2024-10-27,2024-10-27 12:07:00,1536.19,1536.19,1535.99,1535.99,-0.01,22.3,33750.45,-1
2024-10-27,2024-10-27 12:08:00,1535.99,1535.99,1535.8,1535.8,-0.01,22.3,33750.45,-1
2024-10-27,2024-10-27 12:09:00,1535.8,1535.8,1535.61,1535.61,-0.01,22.3,33750.45,-1
2024-10-27,2024-10-27 12:10:00,1535.61,1535.61,1535.42,1535.42,-0.01,22.3,33750.45,-1
2024-10-27,2024-10-27 12:11:00,1535.42,1535.42,1535.23,1535.23,-0.01,22.3,33750.45,-1
2024-10-27,2024-10-27 12:12:00,1535.23,1535.23,1535.04,1535.04,-0.01,22.3,33750.45,-1
2024-10-27,2024-10-27 12:13:00,1535.04,1535.04,1534.85,1534.85,-0.01,22.3,33750.45,-1
2024-10-27,2024-10-27 12:14:00,1534.85,1534.85,1534.66,1534.66,-0.01,22.3,33750.45,-1
2024-10-27,2024-10-27 12:15:00,1534.66,1534.66,1534.46,1534.46,-0.01,22.3,33750.45,-1
2024-10-27,2024-10-27 12:16:00,1534.46,1534.46,1534.27,1534.27,-0.01,22.3,33750.45,-1
2024-10-27,2024-10-27 12:17:00,1534.27,1534.27,1534.08,1534.08,-0.01,22.3,33750.45,-1
2024-10-27,2024-10-27 12:18:00,1534.08,1534.08,1533.89,1533.89,-0.01,22.3,33750.45,-1
2024-10-27,2024-10-27 12:19:00,1533.89,1533.89,1533.7,1533.7,-0.01,22.3,33750.45,-1
2024-10-27,2024-10-27 12:20:00,1533.7,1533.7,1533.51,1533.51,-0.01,22.3,33750.45,-1
2024-10-27,2024-10-27 12:21:00,1533.51,1533.51,1533.32,1533.32,-0.01,22.3,33750.45,-1
2024-10-27,2024-10-27 12:22:00,1533.32,1533.32,1533.13,1533.13,-0.01,22.3,33750.45,-1
2024-10-27,2024-10-27 12:23:00,1533.13,1533.13,1532.93,1532.93,-0.01,22.3,33750.45,-1
2024-10-27,2024-10-27 12:24:00,1532.93,1532.93,1532.74,1532.74,-0.01,22.3,33750.45,-1
2024-10-27,2024-10-27 12:25:00,1532.74,1532.74,1532.55,1532.55,-0.01,22.3,33750.45,-1
2024-10-27,2024-10-27 12:26:00,1532.55,1532.55,1532.36,1532.36,-0.01,22.3,33750.45,-1
2024-10-27,2024-10-27 12:27:00,1532.36,1532.36,1532.17,1532.17,-0.01,22.3,33750.45,-1
2024-10-27,2024-10-27 12:28:00,1532.17,1532.17,1531.98,1531.98,-0.01,22.3,33750.45,-1
2024-10-27,2024-10-27 12:29:00,1531.98,1531.98,1531.79,1531.79,-0.01,22.3,33750.45,-1
2024-10-27,2024-10-27 12:30:00,1531.79,1531.79,1531.6,1531.6,-0.01,22.3,33750.45,-1
2024-10-27,2024-10-27 12:31:00,1531.6,1531.6,1531.4,1531.4,-0.01,22.3,33750.45,-1
2024-10-27,2024-10-27 12:32:00,1531.4,1531.4,1531.21,1531.21,-0.01,22.3,33750.45,-1
2024-10-27,2024-10-27 12:33:00,1531.21,1531.21,1531.02,1531.02,-0.01,22.3,33750.45,-1
2024-10-27,2024-10-27 12:34:00,1531.02,1531.02,1530.83,1530.83,-0.01,22.3,33750.45,-1
2024-10-27,2024-10-27 12:35:00,1530.83,1530.83,1530.64,1530.64,-0.01,22.3,33750.45,-1
2024-10-27,2024-10-27 12:36:00,1530.64,1530.64,1530.45,1530.45,-0.01,22.3,33750.45,-1
2024-10-27,2024-10-27 12:37:00,1530.45,1530.45,1530.26,1530.26,-0.01,22.3,33750.45,-1
2024-10-27,2024-10-27 12:38:00,1530.26,1530.26,1530.07,1530.07,-0.01,22.3,33750.45,-1
2024-10-27,2024-10-27 12:39:00,1530.07,1530.07,1529.88,1529.88,-0.01,22.3,33750.45,-1
2024-10-27,2024-10-27 12:40:00,1529.88,1529.88,1529.68,1529.68,-0.01,22.3,33750.45,-1
2024-10-27,2024-10-27 12:41:00,1529.68,1529.68,1529.49,1529.49,-0.01,22.3,33750.45,-1
2024-10-27,2024-10-27 12:42:00,1529.49,1529.49,1529.3,1529.3,-0.01,22.3,33750.45,-1
2024-10-27,2024-10-27 12:43:00,1529.3,1529.3,1529.11,1529.11,-0.01,22.3,33750.45,-1
2024-10-27,2024-10-27 12:44:00,1529.11,1529.11,1528.92,1528.92,-0.01,22.3,33750.45,-1
2024-10-27,2024-10-27 12:45:00,1528.92,1528.92,1528.73,1528.73,-0.01,22.3,33750.45,-1
2024-10-27,2024-10-27 12:46:00,1528.73,1528.73,1528.54,1528.54,-0.01,22.3,33750.45,-1
2024-10-27,2024-10-27 12:47:00,1528.54,1528.54,1528.35,1528.35,-0.01,22.3,33750.45,-1
2024-10-27,2024-10-27 12:48:00,1528.35,1528.35,1528.15,1528.15,-0.01,22.3,33750.45,-1
2024-10-27,2024-10-27 12:49:00,1528.15,1528.15,1527.96,1527.96,-0.01,22.3,33750.45,-1
2024-10-27,2024-10-27 12:50:00,1527.96,1527.96,1527.77,1527.77,-0.01,22.3,33750.45,-1
2024-10-27,2024-10-27 12:51:00,1527.77,1527.77,1527.58,1527.58,-0.01,22.3,33750.45,-1
2024-10-27,2024-10-27 12:52:00,1527.58,1527.58,1527.39,1527.39,-0.01,22.3,33750.45,-1
2024-10-27,2024-10-27 12:53:00,1527.39,1527.39,1527.2,1527.2,-0.01,22.3,33750.45,-1
2024-10-27,2024-10-27 12:54:00,1527.2,1527.2,1527.01,1527.01,-0.01,22.3,33750.45,-1
2024-10-27,2024-10-27 12:55:00,1527.01,1527.01,1526.82,1526.82,-0.01,22.3,33750.45,-1
2024-10-27,2024-10-27 12:56:00,1526.82,1526.82,1526.62,1526.62,-0.01,22.3,33750.45,-1
2024-10-27,2024-10-27 12:57:00,1526.62,1526.62,1526.43,1526.43,-0.01,22.3,33750.45,-1
2024-10-27,2024-10-27 12:58:00,1526.43,1526.43,1526.24,1526.24,-0.01,22.3,33750.45,-1
2024-10-27,2024-10-27 12:59:00,1526.24,1526.24,1526.05,1526.05,-0.01,22.3,33750.45,-1
2024-10-27,2024-10-27 13:00:00,1526.05,1549.0,1501.3,1525.86,-0.01,22.3,33750.45,-1
2024-10-27,2024-10-27 13:01:00,1525.86,1525.86,1525.67,1525.67,-0.01,22.3,33750.45,-1
2024-10-27,2024-10-27 13:02:00,1525.67,1525.67,1525.48,1525.48,-0.01,22.3,33750.45,-1
2024-10-27,2024-10-27 13:03:00,1525.48,1525.48,1525.28,1525.28,-0.01,22.3,33750.45,-1
2024-10-27,2024-10-27 13:04:00,1525.28,1525.28,1525.09,1525.09,-0.01,22.3,33750.45,-1
2024-10-27,2024-10-27 13:05:00,1525.09,1525.09,1524.9,1524.9,-0.01,22.3,33750.45,-1
2024-10-27,2024-10-27 13:06:00,1524.9,1524.9,1524.71,1524.71,-0.01,22.3,33750.45,-1
2024-10-27,2024-10-27 13:07:00,1524.71,1524.71,1524.52,1524.52,-0.01,22.3,33750.45,-1
2024-10-27,2024-10-27 13:08:00,1524.52,1524.52,1524.33,1524.33,-0.01,22.3,33750.45,-1
2024-10-27,2024-10-27 13:09:00,1524.33,1524.33,1524.14,1524.14,-0.01,22.3,33750.45,-1
2024-10-27,2024-10-27 13:10:00,1524.14,1524.14,1523.95,1523.95,-0.01,22.3,33750.45,-1
2024-10-27,2024-10-27 13:11:00,1523.95,1523.95,1523.75,1523.75,-0.01,22.3,33750.45,-1
2024-10-27,2024-10-27 13:12:00,1523.75,1523.75,1523.56,1523.56,-0.01,22.3,33750.45,-1
2024-10-27,2024-10-27 13:13:00,1523.56,1523.56,1523.37,1523.37,-0.01,22.3,33750.45,-1
2024-10-27,2024-10-27 13:14:00,1523.37,1523.37,1523.18,1523.18,-0.01,22.3,33750.45,-1
2024-10-27,2024-10-27 13:15:00,1523.18,1523.18,1522.99,1522.99,-0.01,22.3,33750.45,-1
2024-10-27,2024-10-27 13:16:00,1522.99,1522.99,1522.8,1522.8,-0.01,22.3,33750.45,-1
2024-10-27,2024-10-27 13:17:00,1522.8,1522.8,1522.61,1522.61,-0.01,22.3,33750.45,-1
2024-10-27,2024-10-27 13:18:00,1522.61,1522.61,1522.42,1522.42,-0.01,22.3,33750.45,-1
2024-10-27,2024-10-27 13:19:00,1522.42,1522.42,1522.22,1522.22,-0.01,22.3,33750.45,-1
2024-10-27,2024-10-27 13:20:00,1522.22,1522.22,1522.03,1522.03,-0.01,22.3,33750.45,-1
2024-10-27,2024-10-27 13:21:00,1522.03,1522.03,1521.84,1521.84,-0.01,22.3,33750.45,-1
2024-10-27,2024-10-27 13:22:00,1521.84,1521.84,1521.65,1521.65,-0.01,22.3,33750.45,-1
2024-10-27,2024-10-27 13:23:00,1521.65,1521.65,1521.46,1521.46,-0.01,22.3,33750.45,-1
2024-10-27,2024-10-27 13:24:00,1521.46,1521.46,1521.27,1521.27,-0.01,22.3,33750.45,-1
2024-10-27,2024-10-27 13:25:00,1521.27,1521.27,1521.08,1521.08,-0.01,22.3,33750.45,-1
2024-10-27,2024-10-27 13:26:00,1521.08,1521.08,1520.89,1520.89,-0.01,22.3,33750.45,-1
2024-10-27,2024-10-27 13:27:00,1520.89,1520.89,1520.69,1520.69,-0.01,22.3,33750.45,-1
2024-10-27,2024-10-27 13:28:00,1520.69,1520.69,1520.5,1520.5,-0.01,22.3,33750.45,-1
2024-10-27,2024-10-27 13:29:00,1520.5,1520.5,1520.31,1520.31,-0.01,22.3,33750.45,-1
2024-10-27,2024-10-27 13:30:00,1520.31,1520.31,1520.12,1520.12,-0.01,22.3,33750.45,-1
2024-10-27,2024-10-27 13:31:00,1520.12,1520.12,1519.93,1519.93,-0.01,22.3,33750.45,-1
2024-10-27,2024-10-27 13:32:00,1519.93,1519.93,1519.74,1519.74,-0.01,22.3,33750.45,-1
2024-10-27,2024-10-27 13:33:00,1519.74,1519.74,1519.55,1519.55,-0.01,22.3,33750.45,-1
2024-10-27,2024-10-27 13:34:00,1519.55,1519.55,1519.36,1519.36,-0.01,22.3,33750.45,-1
2024-10-27,2024-10-27 13:35:00,1519.36,1519.36,1519.16,1519.16,-0.01,22.3,33750.45,-1
2024-10-27,2024-10-27 13:36:00,1519.16,1519.16,1518.97,1518.97,-0.01,22.3,33750.45,-1
2024-10-27,2024-10-27 13:37:00,1518.97,1518.97,1518.78,1518.78,-0.01,22.3,33750.45,-1
2024-10-27,2024-10-27 13:38:00,1518.78,1518.78,1518.59,1518.59,-0.01,22.3,33750.45,-1
2024-10-27,2024-10-27 13:39:00,1518.59,1518.59,1518.4,1518.4,-0.01,22.3,33750.45,-1
2024-10-27,2024-10-27 13:40:00,1518.4,1518.4,1518.21,1518.21,-0.01,22.3,33750.45,-1
2024-10-27,2024-10-27 13:41:00,1518.21,1518.21,1518.02,1518.02,-0.01,22.3,33750.45,-1
2024-10-27,2024-10-27 13:42:00,1518.02,1518.02,1517.83,1517.83,-0.01,22.3,33750.45,-1
2024-10-27,2024-10-27 13:43:00,1517.83,1517.83,1517.63,1517.63,-0.01,22.3,33750.45,-1
2024-10-27,2024-10-27 13:44:00,1517.63,1517.63,1517.44,1517.44,-0.01,22.3,33750.45,-1
2024-10-27,2024-10-27 13:45:00,1517.44,1517.44,1517.25,1517.25,-0.01,22.3,33750.45,-1
2024-10-27,2024-10-27 13:46:00,1517.25,1517.25,1517.06,1517.06,-0.01,22.3,33750.45,-1
2024-10-27,2024-10-27 13:47:00,1517.06,1517.06,1516.87,1516.87,-0.01,22.3,33750.45,-1
2024-10-27,2024-10-27 13:48:00,1516.87,1516.87,1516.68,1516.68,-0.01,22.3,33750.45,-1
2024-10-27,2024-10-27 13:49:00,1516.68,1516.68,1516.49,1516.49,-0.01,22.3,33750.45,-1
2024-10-27,2024-10-27 13:50:00,1516.49,1516.49,1516.3,1516.3,-0.01,22.3,33750.45,-1
2024-10-27,2024-10-27 13:51:00,1516.3,1516.3,1516.11,1516.11,-0.01,22.3,33750.45,-1
2024-10-27,2024-10-27 13:52:00,1516.11,1516.11,1515.91,1515.91,-0.01,22.3,33750.45,-1
2024-10-27,2024-10-27 13:53:00,1515.91,1515.91,1515.72,1515.72,-0.01,22.3,33750.45,-1
2024-10-27,2024-10-27 13:54:00,1515.72,1515.72,1515.53,1515.53,-0.01,22.3,33750.45,-1
2024-10-27,2024-10-27 13:55:00,1515.53,1515.53,1515.34,1515.34,-0.01,22.3,33750.45,-1
2024-10-27,2024-10-27 13:56:00,1515.34,1515.34,1515.15,1515.15,-0.01,22.3,33750.45,-1
2024-10-27,2024-10-27 13:57:00,1515.15,1515.15,1514.96,1514.96,-0.01,22.3,33750.45,-1
2024-10-27,2024-10-27 13:58:00,1514.96,1514.96,1514.77,1514.77,-0.01,22.3,33750.45,-1
2024-10-27,2024-10-27 13:59:00,1514.77,1514.77,1514.57,1514.57,-0.01,22.3,33750.45,-1
2024-10-27,2024-10-27 14:00:00,1514.57,1514.57,1514.38,1514.38,-0.01,22.3,33750.45,-1
2024-10-27,2024-10-27 14:01:00,1514.38,1514.38,1514.19,1514.19,-0.01,22.3,33750.45,-1
2024-10-27,2024-10-27 14:02:00,1514.19,1514.19,1514.0,1514.0,-0.01,22.3,33750.45,-1
2024-10-27,2024-10-27 14:03:00,1514.0,1514.0,1513.81,1513.81,-0.01,22.3,33750.45,-1
2024-10-27,2024-10-27 14:04:00,1513.81,1513.81,1513.62,1513.62,-0.01,22.3,33750.45,-1
2024-10-27,2024-10-27 14:05:00,1513.62,1513.62,1513.43,1513.43,-0.01,22.3,33750.45,-1
2024-10-27,2024-10-27 14:06:00,1513.43,1513.43,1513.24,1513.24,-0.01,22.3,33750.45,-1
2024-10-27,2024-10-27 14:07:00,1513.24,1513.24,1513.04,1513.04,-0.01,22.3,33750.45,-1
2024-10-27,2024-10-27 14:08:00,1513.04,1513.04,1512.85,1512.85,-0.01,22.3,33750.45,-1
2024-10-27,2024-10-27 14:09:00,1512.85,1512.85,1512.66,1512.66,-0.01,22.3,33750.45,-1
2024-10-27,2024-10-27 14:10:00,1512.66,1512.66,1512.47,1512.47,-0.01,22.3,33750.45,-1
2024-10-27,2024-10-27 14:11:00,1512.47,1512.47,1512.28,1512.28,-0.01,22.3,33750.45,-1
2024-10-27,2024-10-27 14:12:00,1512.28,1512.28,1512.09,1512.09,-0.01,22.3,33750.45,-1
2024-10-27,2024-10-27 14:13:00,1512.09,1512.09,1511.9,1511.9,-0.01,22.3,33750.45,-1
2024-10-27,2024-10-27 14:14:00,1511.9,1511.9,1511.71,1511.71,-0.01,22.3,33750.45,-1
2024-10-27,2024-10-27 14:15:00,1511.71,1511.71,1511.51,1511.51,-0.01,22.3,33750.45,-1
2024-10-27,2024-10-27 14:16:00,1511.51,1511.51,1511.32,1511.32,-0.01,22.3,33750.45,-1
2024-10-27,2024-10-27 14:17:00,1511.32,1511.32,1511.13,1511.13,-0.01,22.3,33750.45,-1
2024-10-27,2024-10-27 14:18:00,1511.13,1511.13,1510.94,1510.94,-0.01,22.3,33750.45,-1
2024-10-27,2024-10-27 14:19:00,1510.94,1510.94,1510.75,1510.75,-0.01,22.3,33750.45,-1
2024-10-27,2024-10-27 14:20:00,1510.75,1510.75,1510.56,1510.56,-0.01,22.3,33750.45,-1
2024-10-27,2024-10-27 14:21:00,1510.56,1510.56,1510.37,1510.37,-0.01,22.3,33750.45,-1
2024-10-27,2024-10-27 14:22:00,1510.37,1510.37,1510.18,1510.18,-0.01,22.3,33750.45,-1
2024-10-27,2024-10-27 14:23:00,1510.18,1510.18,1509.98,1509.98,-0.01,22.3,33750.45,-1
2024-10-27,2024-10-27 14:24:00,1509.98,1509.98,1509.79,1509.79,-0.01,22.3,33750.45,-1
2024-10-27,2024-10-27 14:25:00,1509.79,1509.79,1509.6,1509.6,-0.01,22.3,33750.45,-1
2024-10-27,2024-10-27 14:26:00,1509.6,1509.6,1509.41,1509.41,-0.01,22.3,33750.45,-1
2024-10-27,2024-10-27 14:27:00,1509.41,1509.41,1509.22,1509.22,-0.01,22.3,33750.45,-1
2024-10-27,2024-10-27 14:28:00,1509.22,1509.22,1509.03,1509.03,-0.01,22.3,33750.45,-1
2024-10-27,2024-10-27 14:29:00,1509.03,1509.03,1508.84,1508.84,-0.01,22.3,33750.45,-1
2024-10-27,2024-10-27 14:30:00,1508.84,1508.84,1508.65,1508.65,-0.01,22.3,33750.45,-1
2024-10-27,2024-10-27 14:31:00,1508.65,1508.65,1508.45,1508.45,-0.01,22.3,33750.45,-1
2024-10-27,2024-10-27 14:32:00,1508.45,1508.45,1508.26,1508.26,-0.01,22.3,33750.45,-1
2024-10-27,2024-10-27 14:33:00,1508.26,1508.26,1508.07,1508.07,-0.01,22.3,33750.45,-1
2024-10-27,2024-10-27 14:34:00,1508.07,1508.07,1507.88,1507.88,-0.01,22.3,33750.45,-1
2024-10-27,2024-10-27 14:35:00,1507.88,1507.88,1507.69,1507.69,-0.01,22.3,33750.45,-1
2024-10-27,2024-10-27 14:36:00,1507.69,1507.69,1507.5,1507.5,-0.01,22.3,33750.45,-1
2024-10-27,2024-10-27 14:37:00,1507.5,1507.5,1507.31,1507.31,-0.01,22.3,33750.45,-1
2024-10-27,2024-10-27 14:38:00,1507.31,1507.31,1507.12,1507.12,-0.01,22.3,33750.45,-1
2024-10-27,2024-10-27 14:39:00,1507.12,1507.12,1506.92,1506.92,-0.01,22.3,33750.45,-1
2024-10-27,2024-10-27 14:40:00,1506.92,1506.92,1506.73,1506.73,-0.01,22.3,33750.45,-1
2024-10-27,2024-10-27 14:41:00,1506.73,1506.73,1506.54,1506.54,-0.01,22.3,33750.45,-1
2024-10-27,2024-10-27 14:42:00,1506.54,1506.54,1506.35,1506.35,-0.01,22.3,33750.45,-1
2024-10-27,2024-10-27 14:43:00,1506.35,1506.35,1506.16,1506.16,-0.01,22.3,33750.45,-1
2024-10-27,2024-10-27 14:44:00,1506.16,1506.16,1505.97,1505.97,-0.01,22.3,33750.45,-1
2024-10-27,2024-10-27 14:45:00,1505.97,1505.97,1505.78,1505.78,-0.01,22.3,33750.45,-1
2024-10-27,2024-10-27 14:46:00,1505.78,1505.78,1505.59,1505.59,-0.01,22.3,33750.45,-1
2024-10-27,2024-10-27 14:47:00,1505.59,1505.59,1505.39,1505.39,-0.01,22.3,33750.45,-1
2024-10-27,2024-10-27 14:48:00,1505.39,1505.39,1505.2,1505.2,-0.01,22.3,33750.45,-1
2024-10-27,2024-10-27 14:49:00,1505.2,1505.2,1505.01,1505.01,-0.01,22.3,33750.45,-1
2024-10-27,2024-10-27 14:50:00,1505.01,1505.01,1504.82,1504.82,-0.01,22.3,33750.45,-1
2024-10-27,2024-10-27 14:51:00,1504.82,1504.82,1504.63,1504.63,-0.01,22.3,33750.45,-1
2024-10-27,2024-10-27 14:52:00,1504.63,1504.63,1504.44,1504.44,-0.01,22.3,33750.45,-1
2024-10-27,2024-10-27 14:53:00,1504.44,1504.44,1504.25,1504.25,-0.01,22.3,33750.45,-1
2024-10-27,2024-10-27 14:54:00,1504.25,1504.25,1504.06,1504.06,-0.01,22.3,33750.45,-1
2024-10-27,2024-10-27 14:55:00,1504.06,1504.06,1503.87,1503.87,-0.01,22.3,33750.45,-1
2024-10-27,2024-10-27 14:56:00,1503.87,1503.87,1503.67,1503.67,-0.01,22.3,33750.45,-1
2024-10-27,2024-10-27 14:57:00,1503.67,1503.67,1503.48,1503.48,-0.01,22.3,33750.45,-1
2024-10-27,2024-10-27 14:58:00,1503.48,1503.48,1503.29,1503.29,-0.01,22.3,33750.45,-1
2024-10-27,2024-10-27 14:59:00,1503.29,1503.29,1503.1,1503.1,-0.01,22.3,33750.45,-1
2024-10-27,2024-10-27 15:00:00,1503.1,1549.0,1501.3,1503.1,0.0,22.3,33750.45,0
2024-10-28,2024-10-28 11:00:00,1503.0,1529.1,1502.07,1503.07,0.0,6.7,10182.32,1
2024-10-28,2024-10-28 11:01:00,1503.07,1503.13,1503.07,1503.13,0.0,6.7,10182.32,1
2024-10-28,2024-10-28 11:02:00,1503.13,1503.2,1503.13,1503.2,0.0,6.7,10182.32,1
2024-10-28,2024-10-28 11:03:00,1503.2,1503.27,1503.2,1503.27,0.0,6.7,10182.32,1
2024-10-28,2024-10-28 11:04:00,1503.27,1503.33,1503.27,1503.33,0.0,6.7,10182.32,1
2024-10-28,2024-10-28 11:05:00,1503.33,1503.4,1503.33,1503.4,0.0,6.7,10182.32,1
2024-10-28,2024-10-28 11:06:00,1503.4,1503.47,1503.4,1503.47,0.0,6.7,10182.32,1
2024-10-28,2024-10-28 11:07:00,1503.47,1503.53,1503.47,1503.53,0.0,6.7,10182.32,1
2024-10-28,2024-10-28 11:08:00,1503.53,1503.6,1503.53,1503.6,0.0,6.7,10182.32,1
2024-10-28,2024-10-28 11:09:00,1503.6,1503.67,1503.6,1503.67,0.0,6.7,10182.32,1
2024-10-28,2024-10-28 11:10:00,1503.67,1503.73,1503.67,1503.73,0.0,6.7,10182.32,1
2024-10-28,2024-10-28 11:11:00,1503.73,1503.8,1503.73,1503.8,0.0,6.7,10182.32,1
2024-10-28,2024-10-28 11:12:00,1503.8,1503.87,1503.8,1503.87,0.0,6.7,10182.32,1
2024-10-28,2024-10-28 11:13:00,1503.87,1503.93,1503.87,1503.93,0.0,6.7,10182.32,1
2024-10-28,2024-10-28 11:14:00,1503.93,1504.0,1503.93,1504.0,0.0,6.7,10182.32,1
2024-10-28,2024-10-28 11:15:00,1504.0,1504.07,1504.0,1504.07,0.0,6.7,10182.32,1
2024-10-28,2024-10-28 11:16:00,1504.07,1504.13,1504.07,1504.13,0.0,6.7,10182.32,1
2024-10-28,2024-10-28 11:17:00,1504.13,1504.2,1504.13,1504.2,0.0,6.7,10182.32,1
2024-10-28,2024-10-28 11:18:00,1504.2,1504.27,1504.2,1504.27,0.0,6.7,10182.32,1
2024-10-28,2024-10-28 11:19:00,1504.27,1504.33,1504.27,1504.33,0.0,6.7,10182.32,1
2024-10-28,2024-10-28 11:20:00,1504.33,1504.4,1504.33,1504.4,0.0,6.7,10182.32,1
2024-10-28,2024-10-28 11:21:00,1504.4,1504.47,1504.4,1504.47,0.0,6.7,10182.32,1
2024-10-28,2024-10-28 11:22:00,1504.47,1504.53,1504.47,1504.53,0.0,6.7,10182.32,1
2024-10-28,2024-10-28 11:23:00,1504.53,1504.6,1504.53,1504.6,0.0,6.7,10182.32,1
2024-10-28,2024-10-28 11:24:00,1504.6,1504.67,1504.6,1504.67,0.0,6.7,10182.32,1
2024-10-28,2024-10-28 11:25:00,1504.67,1504.73,1504.67,1504.73,0.0,6.7,10182.32,1
2024-10-28,2024-10-28 11:26:00,1504.73,1504.8,1504.73,1504.8,0.0,6.7,10182.32,1
2024-10-28,2024-10-28 11:27:00,1504.8,1504.87,1504.8,1504.87,0.0,6.7,10182.32,1
2024-10-28,2024-10-28 11:28:00,1504.87,1504.93,1504.87,1504.93,0.0,6.7,10182.32,1
2024-10-28,2024-10-28 11:29:00,1504.93,1505.0,1504.93,1505.0,0.0,6.7,10182.32,1
2024-10-28,2024-10-28 11:30:00,1505.0,1505.07,1505.0,1505.07,0.0,6.7,10182.32,1
2024-10-28,2024-10-28 11:31:00,1505.07,1505.13,1505.07,1505.13,0.0,6.7,10182.32,1
2024-10-28,2024-10-28 11:32:00,1505.13,1505.2,1505.13,1505.2,0.0,6.7,10182.32,1
2024-10-28,2024-10-28 11:33:00,1505.2,1505.27,1505.2,1505.27,0.0,6.7,10182.32,1
2024-10-28,2024-10-28 11:34:00,1505.27,1505.33,1505.27,1505.33,0.0,6.7,10182.32,1
2024-10-28,2024-10-28 11:35:00,1505.33,1505.4,1505.33,1505.4,0.0,6.7,10182.32,1
2024-10-28,2024-10-28 11:36:00,1505.4,1505.47,1505.4,1505.47,0.0,6.7,10182.32,1
2024-10-28,2024-10-28 11:37:00,1505.47,1505.53,1505.47,1505.53,0.0,6.7,10182.32,1
2024-10-28,2024-10-28 11:38:00,1505.53,1505.6,1505.53,1505.6,0.0,6.7,10182.32,1
2024-10-28,2024-10-28 11:39:00,1505.6,1505.67,1505.6,1505.67,0.0,6.7,10182.32,1
2024-10-28,2024-10-28 11:40:00,1505.67,1505.73,1505.67,1505.73,0.0,6.7,10182.32,1
2024-10-28,2024-10-28 11:41:00,1505.73,1505.8,1505.73,1505.8,0.0,6.7,10182.32,1
2024-10-28,2024-10-28 11:42:00,1505.8,1505.87,1505.8,1505.87,0.0,6.7,10182.32,1
2024-10-28,2024-10-28 11:43:00,1505.87,1505.93,1505.87,1505.93,0.0,6.7,10182.32,1
2024-10-28,2024-10-28 11:44:00,1505.93,1506.0,1505.93,1506.0,0.0,6.7,10182.32,1
2024-10-28,2024-10-28 11:45:00,1506.0,1506.07,1506.0,1506.07,0.0,6.7,10182.32,1
2024-10-28,2024-10-28 11:46:00,1506.07,1506.13,1506.07,1506.13,0.0,6.7,10182.32,1
2024-10-28,2024-10-28 11:47:00,1506.13,1506.2,1506.13,1506.2,0.0,6.7,10182.32,1
2024-10-28,2024-10-28 11:48:00,1506.2,1506.27,1506.2,1506.27,0.0,6.7,10182.32,1
2024-10-28,2024-10-28 11:49:00,1506.27,1506.33,1506.27,1506.33,0.0,6.7,10182.32,1
2024-10-28,2024-10-28 11:50:00,1506.33,1506.4,1506.33,1506.4,0.0,6.7,10182.32,1
2024-10-28,2024-10-28 11:51:00,1506.4,1506.47,1506.4,1506.47,0.0,6.7,10182.32,1
2024-10-28,2024-10-28 11:52:00,1506.47,1506.53,1506.47,1506.53,0.0,6.7,10182.32,1
2024-10-28,2024-10-28 11:53:00,1506.53,1506.6,1506.53,1506.6,0.0,6.7,10182.32,1
2024-10-28,2024-10-28 11:54:00,1506.6,1506.67,1506.6,1506.67,0.0,6.7,10182.32,1
2024-10-28,2024-10-28 11:55:00,1506.67,1506.73,1506.67,1506.73,0.0,6.7,10182.32,1
2024-10-28,2024-10-28 11:56:00,1506.73,1506.8,1506.73,1506.8,0.0,6.7,10182.32,1
2024-10-28,2024-10-28 11:57:00,1506.8,1506.87,1506.8,1506.87,0.0,6.7,10182.32,1
2024-10-28,2024-10-28 11:58:00,1506.87,1506.93,1506.87,1506.93,0.0,6.7,10182.32,1
2024-10-28,2024-10-28 11:59:00,1506.93,1507.0,1506.93,1507.0,0.0,6.7,10182.32,1
2024-10-28,2024-10-28 12:00:00,1507.0,1507.07,1507.0,1507.07,0.0,6.7,10182.32,1
2024-10-28,2024-10-28 12:01:00,1507.07,1507.13,1507.07,1507.13,0.0,6.7,10182.32,1
2024-10-28,2024-10-28 12:02:00,1507.13,1507.2,1507.13,1507.2,0.0,6.7,10182.32,1
2024-10-28,2024-10-28 12:03:00,1507.2,1507.27,1507.2,1507.27,0.0,6.7,10182.32,1
2024-10-28,2024-10-28 12:04:00,1507.27,1507.33,1507.27,1507.33,0.0,6.7,10182.32,1
2024-10-28,2024-10-28 12:05:00,1507.33,1507.4,1507.33,1507.4,0.0,6.7,10182.32,1
2024-10-28,2024-10-28 12:06:00,1507.4,1507.47,1507.4,1507.47,0.0,6.7,10182.32,1
2024-10-28,2024-10-28 12:07:00,1507.47,1507.53,1507.47,1507.53,0.0,6.7,10182.32,1
2024-10-28,2024-10-28 12:08:00,1507.53,1507.6,1507.53,1507.6,0.0,6.7,10182.32,1
2024-10-28,2024-10-28 12:09:00,1507.6,1507.67,1507.6,1507.67,0.0,6.7,10182.32,1
2024-10-28,2024-10-28 12:10:00,1507.67,1507.73,1507.67,1507.73,0.0,6.7,10182.32,1
2024-10-28,2024-10-28 12:11:00,1507.73,1507.8,1507.73,1507.8,0.0,6.7,10182.32,1
2024-10-28,2024-10-28 12:12:00,1507.8,1507.87,1507.8,1507.87,0.0,6.7,10182.32,1
2024-10-28,2024-10-28 12:13:00,1507.87,1507.93,1507.87,1507.93,0.0,6.7,10182.32,1
2024-10-28,2024-10-28 12:14:00,1507.93,1508.0,1507.93,1508.0,0.0,6.7,10182.32,1
2024-10-28,2024-10-28 12:15:00,1508.0,1508.07,1508.0,1508.07,0.0,6.7,10182.32,1
2024-10-28,2024-10-28 12:16:00,1508.07,1508.13,1508.07,1508.13,0.0,6.7,10182.32,1
2024-10-28,2024-10-28 12:17:00,1508.13,1508.2,1508.13,1508.2,0.0,6.7,10182.32,1
2024-10-28,2024-10-28 12:18:00,1508.2,1508.27,1508.2,1508.27,0.0,6.7,10182.32,1
2024-10-28,2024-10-28 12:19:00,1508.27,1508.33,1508.27,1508.33,0.0,6.7,10182.32,1
2024-10-28,2024-10-28 12:20:00,1508.33,1508.4,1508.33,1508.4,0.0,6.7,10182.32,1
2024-10-28,2024-10-28 12:21:00,1508.4,1508.47,1508.4,1508.47,0.0,6.7,10182.32,1
2024-10-28,2024-10-28 12:22:00,1508.47,1508.53,1508.47,1508.53,0.0,6.7,10182.32,1
2024-10-28,2024-10-28 12:23:00,1508.53,1508.6,1508.53,1508.6,0.0,6.7,10182.32,1
2024-10-28,2024-10-28 12:24:00,1508.6,1508.67,1508.6,1508.67,0.0,6.7,10182.32,1
2024-10-28,2024-10-28 12:25:00,1508.67,1508.73,1508.67,1508.73,0.0,6.7,10182.32,1
2024-10-28,2024-10-28 12:26:00,1508.73,1508.8,1508.73,1508.8,0.0,6.7,10182.32,1
2024-10-28,2024-10-28 12:27:00,1508.8,1508.87,1508.8,1508.87,0.0,6.7,10182.32,1
2024-10-28,2024-10-28 12:28:00,1508.87,1508.93,1508.87,1508.93,0.0,6.7,10182.32,1
2024-10-28,2024-10-28 12:29:00,1508.93,1509.0,1508.93,1509.0,0.0,6.7,10182.32,1
2024-10-28,2024-10-28 12:30:00,1509.0,1509.07,1509.0,1509.07,0.0,6.7,10182.32,1
2024-10-28,2024-10-28 12:31:00,1509.07,1509.13,1509.07,1509.13,0.0,6.7,10182.32,1
2024-10-28,2024-10-28 12:32:00,1509.13,1509.2,1509.13,1509.2,0.0,6.7,10182.32,1
2024-10-28,2024-10-28 12:33:00,1509.2,1509.27,1509.2,1509.27,0.0,6.7,10182.32,1
2024-10-28,2024-10-28 12:34:00,1509.27,1509.33,1509.27,1509.33,0.0,6.7,10182.32,1
2024-10-28,2024-10-28 12:35:00,1509.33,1509.4,1509.33,1509.4,0.0,6.7,10182.32,1
2024-10-28,2024-10-28 12:36:00,1509.4,1509.47,1509.4,1509.47,0.0,6.7,10182.32,1
2024-10-28,2024-10-28 12:37:00,1509.47,1509.53,1509.47,1509.53,0.0,6.7,10182.32,1
2024-10-28,2024-10-28 12:38:00,1509.53,1509.6,1509.53,1509.6,0.0,6.7,10182.32,1
2024-10-28,2024-10-28 12:39:00,1509.6,1509.67,1509.6,1509.67,0.0,6.7,10182.32,1
2024-10-28,2024-10-28 12:40:00,1509.67,1509.73,1509.67,1509.73,0.0,6.7,10182.32,1
2024-10-28,2024-10-28 12:41:00,1509.73,1509.8,1509.73,1509.8,0.0,6.7,10182.32,1
2024-10-28,2024-10-28 12:42:00,1509.8,1509.87,1509.8,1509.87,0.0,6.7,10182.32,1
2024-10-28,2024-10-28 12:43:00,1509.87,1509.93,1509.87,1509.93,0.0,6.7,10182.32,1
2024-10-28,2024-10-28 12:44:00,1509.93,1510.0,1509.93,1510.0,0.0,6.7,10182.32,1
2024-10-28,2024-10-28 12:45:00,1510.0,1510.07,1510.0,1510.07,0.0,6.7,10182.32,1
2024-10-28,2024-10-28 12:46:00,1510.07,1510.13,1510.07,1510.13,0.0,6.7,10182.32,1
2024-10-28,2024-10-28 12:47:00,1510.13,1510.2,1510.13,1510.2,0.0,6.7,10182.32,1
2024-10-28,2024-10-28 12:48:00,1510.2,1510.27,1510.2,1510.27,0.0,6.7,10182.32,1
2024-10-28,2024-10-28 12:49:00,1510.27,1510.33,1510.27,1510.33,0.0,6.7,10182.32,1
2024-10-28,2024-10-28 12:50:00,1510.33,1510.4,1510.33,1510.4,0.0,6.7,10182.32,1
2024-10-28,2024-10-28 12:51:00,1510.4,1510.47,1510.4,1510.47,0.0,6.7,10182.32,1
2024-10-28,2024-10-28 12:52:00,1510.47,1510.53,1510.47,1510.53,0.0,6.7,10182.32,1
2024-10-28,2024-10-28 12:53:00,1510.53,1510.6,1510.53,1510.6,0.0,6.7,10182.32,1
2024-10-28,2024-10-28 12:54:00,1510.6,1510.67,1510.6,1510.67,0.0,6.7,10182.32,1
2024-10-28,2024-10-28 12:55:00,1510.67,1510.73,1510.67,1510.73,0.0,6.7,10182.32,1
2024-10-28,2024-10-28 12:56:00,1510.73,1510.8,1510.73,1510.8,0.0,6.7,10182.32,1
2024-10-28,2024-10-28 12:57:00,1510.8,1510.87,1510.8,1510.87,0.0,6.7,10182.32,1
2024-10-28,2024-10-28 12:58:00,1510.87,1510.93,1510.87,1510.93,0.0,6.7,10182.32,1
2024-10-28,2024-10-28 12:59:00,1510.93,1511.0,1510.93,1511.0,0.0,6.7,10182.32,1
2024-10-28,2024-10-28 13:00:00,1511.0,1590.0,1499.9,1511.07,0.0,6.7,10182.32,1
2024-10-28,2024-10-28 13:01:00,1511.07,1511.13,1511.07,1511.13,0.0,6.7,10182.32,1
2024-10-28,2024-10-28 13:02:00,1511.13,1511.2,1511.13,1511.2,0.0,6.7,10182.32,1
2024-10-28,2024-10-28 13:03:00,1511.2,1511.27,1511.2,1511.27,0.0,6.7,10182.32,1
2024-10-28,2024-10-28 13:04:00,1511.27,1511.33,1511.27,1511.33,0.0,6.7,10182.32,1
2024-10-28,2024-10-28 13:05:00,1511.33,1511.4,1511.33,1511.4,0.0,6.7,10182.32,1
2024-10-28,2024-10-28 13:06:00,1511.4,1511.47,1511.4,1511.47,0.0,6.7,10182.32,1
2024-10-28,2024-10-28 13:07:00,1511.47,1511.53,1511.47,1511.53,0.0,6.7,10182.32,1
2024-10-28,2024-10-28 13:08:00,1511.53,1511.6,1511.53,1511.6,0.0,6.7,10182.32,1
2024-10-28,2024-10-28 13:09:00,1511.6,1511.67,1511.6,1511.67,0.0,6.7,10182.32,1
2024-10-28,2024-10-28 13:10:00,1511.67,1511.73,1511.67,1511.73,0.0,6.7,10182.32,1
2024-10-28,2024-10-28 13:11:00,1511.73,1511.8,1511.73,1511.8,0.0,6.7,10182.32,1
2024-10-28,2024-10-28 13:12:00,1511.8,1511.87,1511.8,1511.87,0.0,6.7,10182.32,1
2024-10-28,2024-10-28 13:13:00,1511.87,1511.93,1511.87,1511.93,0.0,6.7,10182.32,1
2024-10-28,2024-10-28 13:14:00,1511.93,1512.0,1511.93,1512.0,0.0,6.7,10182.32,1
2024-10-28,2024-10-28 13:15:00,1512.0,1512.07,1512.0,1512.07,0.0,6.7,10182.32,1
2024-10-28,2024-10-28 13:16:00,1512.07,1512.13,1512.07,1512.13,0.0,6.7,10182.32,1
2024-10-28,2024-10-28 13:17:00,1512.13,1512.2,1512.13,1512.2,0.0,6.7,10182.32,1
2024-10-28,2024-10-28 13:18:00,1512.2,1512.27,1512.2,1512.27,0.0,6.7,10182.32,1
2024-10-28,2024-10-28 13:19:00,1512.27,1512.33,1512.27,1512.33,0.0,6.7,10182.32,1
2024-10-28,2024-10-28 13:20:00,1512.33,1512.4,1512.33,1512.4,0.0,6.7,10182.32,1
2024-10-28,2024-10-28 13:21:00,1512.4,1512.47,1512.4,1512.47,0.0,6.7,10182.32,1
2024-10-28,2024-10-28 13:22:00,1512.47,1512.53,1512.47,1512.53,0.0,6.7,10182.32,1
2024-10-28,2024-10-28 13:23:00,1512.53,1512.6,1512.53,1512.6,0.0,6.7,10182.32,1
2024-10-28,2024-10-28 13:24:00,1512.6,1512.67,1512.6,1512.67,0.0,6.7,10182.32,1
2024-10-28,2024-10-28 13:25:00,1512.67,1512.73,1512.67,1512.73,0.0,6.7,10182.32,1
2024-10-28,2024-10-28 13:26:00,1512.73,1512.8,1512.73,1512.8,0.0,6.7,10182.32,1
2024-10-28,2024-10-28 13:27:00,1512.8,1512.87,1512.8,1512.87,0.0,6.7,10182.32,1
2024-10-28,2024-10-28 13:28:00,1512.87,1512.93,1512.87,1512.93,0.0,6.7,10182.32,1
2024-10-28,2024-10-28 13:29:00,1512.93,1513.0,1512.93,1513.0,0.0,6.7,10182.32,1
2024-10-28,2024-10-28 13:30:00,1513.0,1513.07,1513.0,1513.07,0.0,6.7,10182.32,1
2024-10-28,2024-10-28 13:31:00,1513.07,1513.13,1513.07,1513.13,0.0,6.7,10182.32,1
2024-10-28,2024-10-28 13:32:00,1513.13,1513.2,1513.13,1513.2,0.0,6.7,10182.32,1
2024-10-28,2024-10-28 13:33:00,1513.2,1513.27,1513.2,1513.27,0.0,6.7,10182.32,1
2024-10-28,2024-10-28 13:34:00,1513.27,1513.33,1513.27,1513.33,0.0,6.7,10182.32,1
2024-10-28,2024-10-28 13:35:00,1513.33,1513.4,1513.33,1513.4,0.0,6.7,10182.32,1
2024-10-28,2024-10-28 13:36:00,1513.4,1513.47,1513.4,1513.47,0.0,6.7,10182.32,1
2024-10-28,2024-10-28 13:37:00,1513.47,1513.53,1513.47,1513.53,0.0,6.7,10182.32,1
2024-10-28,2024-10-28 13:38:00,1513.53,1513.6,1513.53,1513.6,0.0,6.7,10182.32,1
2024-10-28,2024-10-28 13:39:00,1513.6,1513.67,1513.6,1513.67,0.0,6.7,10182.32,1
2024-10-28,2024-10-28 13:40:00,1513.67,1513.73,1513.67,1513.73,0.0,6.7,10182.32,1
2024-10-28,2024-10-28 13:41:00,1513.73,1513.8,1513.73,1513.8,0.0,6.7,10182.32,1
2024-10-28,2024-10-28 13:42:00,1513.8,1513.87,1513.8,1513.87,0.0,6.7,10182.32,1
2024-10-28,2024-10-28 13:43:00,1513.87,1513.93,1513.87,1513.93,0.0,6.7,10182.32,1
2024-10-28,2024-10-28 13:44:00,1513.93,1514.0,1513.93,1514.0,0.0,6.7,10182.32,1
2024-10-28,2024-10-28 13:45:00,1514.0,1514.07,1514.0,1514.07,0.0,6.7,10182.32,1
2024-10-28,2024-10-28 13:46:00,1514.07,1514.13,1514.07,1514.13,0.0,6.7,10182.32,1
2024-10-28,2024-10-28 13:47:00,1514.13,1514.2,1514.13,1514.2,0.0,6.7,10182.32,1
2024-10-28,2024-10-28 13:48:00,1514.2,1514.27,1514.2,1514.27,0.0,6.7,10182.32,1
2024-10-28,2024-10-28 13:49:00,1514.27,1514.33,1514.27,1514.33,0.0,6.7,10182.32,1
2024-10-28,2024-10-28 13:50:00,1514.33,1514.4,1514.33,1514.4,0.0,6.7,10182.32,1
2024-10-28,2024-10-28 13:51:00,1514.4,1514.47,1514.4,1514.47,0.0,6.7,10182.32,1
2024-10-28,2024-10-28 13:52:00,1514.47,1514.53,1514.47,1514.53,0.0,6.7,10182.32,1
2024-10-28,2024-10-28 13:53:00,1514.53,1514.6,1514.53,1514.6,0.0,6.7,10182.32,1
2024-10-28,2024-10-28 13:54:00,1514.6,1514.67,1514.6,1514.67,0.0,6.7,10182.32,1
2024-10-28,2024-10-28 13:55:00,1514.67,1514.73,1514.67,1514.73,0.0,6.7,10182.32,1
2024-10-28,2024-10-28 13:56:00,1514.73,1514.8,1514.73,1514.8,0.0,6.7,10182.32,1
2024-10-28,2024-10-28 13:57:00,1514.8,1514.87,1514.8,1514.87,0.0,6.7,10182.32,1
2024-10-28,2024-10-28 13:58:00,1514.87,1514.93,1514.87,1514.93,0.0,6.7,10182.32,1
2024-10-28,2024-10-28 13:59:00,1514.93,1515.0,1514.93,1515.0,0.0,6.7,10182.32,1
2024-10-28,2024-10-28 14:00:00,1515.0,1515.07,1515.0,1515.07,0.0,6.7,10182.32,1
2024-10-28,2024-10-28 14:01:00,1515.07,1515.13,1515.07,1515.13,0.0,6.7,10182.32,1
2024-10-28,2024-10-28 14:02:00,1515.13,1515.2,1515.13,1515.2,0.0,6.7,10182.32,1
2024-10-28,2024-10-28 14:03:00,1515.2,1515.27,1515.2,1515.27,0.0,6.7,10182.32,1
2024-10-28,2024-10-28 14:04:00,1515.27,1515.33,1515.27,1515.33,0.0,6.7,10182.32,1
2024-10-28,2024-10-28 14:05:00,1515.33,1515.4,1515.33,1515.4,0.0,6.7,10182.32,1
2024-10-28,2024-10-28 14:06:00,1515.4,1515.47,1515.4,1515.47,0.0,6.7,10182.32,1
2024-10-28,2024-10-28 14:07:00,1515.47,1515.53,1515.47,1515.53,0.0,6.7,10182.32,1
2024-10-28,2024-10-28 14:08:00,1515.53,1515.6,1515.53,1515.6,0.0,6.7,10182.32,1
2024-10-28,2024-10-28 14:09:00,1515.6,1515.67,1515.6,1515.67,0.0,6.7,10182.32,1
2024-10-28,2024-10-28 14:10:00,1515.67,1515.73,1515.67,1515.73,0.0,6.7,10182.32,1
2024-10-28,2024-10-28 14:11:00,1515.73,1515.8,1515.73,1515.8,0.0,6.7,10182.32,1
2024-10-28,2024-10-28 14:12:00,1515.8,1515.87,1515.8,1515.87,0.0,6.7,10182.32,1
2024-10-28,2024-10-28 14:13:00,1515.87,1515.93,1515.87,1515.93,0.0,6.7,10182.32,1
2024-10-28,2024-10-28 14:14:00,1515.93,1516.0,1515.93,1516.0,0.0,6.7,10182.32,1
2024-10-28,2024-10-28 14:15:00,1516.0,1516.07,1516.0,1516.07,0.0,6.7,10182.32,1
2024-10-28,2024-10-28 14:16:00,1516.07,1516.13,1516.07,1516.13,0.0,6.7,10182.32,1
2024-10-28,2024-10-28 14:17:00,1516.13,1516.2,1516.13,1516.2,0.0,6.7,10182.32,1
2024-10-28,2024-10-28 14:18:00,1516.2,1516.27,1516.2,1516.27,0.0,6.7,10182.32,1
2024-10-28,2024-10-28 14:19:00,1516.27,1516.33,1516.27,1516.33,0.0,6.7,10182.32,1
2024-10-28,2024-10-28 14:20:00,1516.33,1516.4,1516.33,1516.4,0.0,6.7,10182.32,1
2024-10-28,2024-10-28 14:21:00,1516.4,1516.47,1516.4,1516.47,0.0,6.7,10182.32,1
2024-10-28,2024-10-28 14:22:00,1516.47,1516.53,1516.47,1516.53,0.0,6.7,10182.32,1
2024-10-28,2024-10-28 14:23:00,1516.53,1516.6,1516.53,1516.6,0.0,6.7,10182.32,1
2024-10-28,2024-10-28 14:24:00,1516.6,1516.67,1516.6,1516.67,0.0,6.7,10182.32,1
2024-10-28,2024-10-28 14:25:00,1516.67,1516.73,1516.67,1516.73,0.0,6.7,10182.32,1
2024-10-28,2024-10-28 14:26:00,1516.73,1516.8,1516.73,1516.8,0.0,6.7,10182.32,1
2024-10-28,2024-10-28 14:27:00,1516.8,1516.87,1516.8,1516.87,0.0,6.7,10182.32,1
2024-10-28,2024-10-28 14:28:00,1516.87,1516.93,1516.87,1516.93,0.0,6.7,10182.32,1
2024-10-28,2024-10-28 14:29:00,1516.93,1517.0,1516.93,1517.0,0.0,6.7,10182.32,1
2024-10-28,2024-10-28 14:30:00,1517.0,1517.07,1517.0,1517.07,0.0,6.7,10182.32,1
2024-10-28,2024-10-28 14:31:00,1517.07,1517.13,1517.07,1517.13,0.0,6.7,10182.32,1
2024-10-28,2024-10-28 14:32:00,1517.13,1517.2,1517.13,1517.2,0.0,6.7,10182.32,1
2024-10-28,2024-10-28 14:33:00,1517.2,1517.27,1517.2,1517.27,0.0,6.7,10182.32,1
2024-10-28,2024-10-28 14:34:00,1517.27,1517.33,1517.27,1517.33,0.0,6.7,10182.32,1
2024-10-28,2024-10-28 14:35:00,1517.33,1517.4,1517.33,1517.4,0.0,6.7,10182.32,1
2024-10-28,2024-10-28 14:36:00,1517.4,1517.47,1517.4,1517.47,0.0,6.7,10182.32,1
2024-10-28,2024-10-28 14:37:00,1517.47,1517.53,1517.47,1517.53,0.0,6.7,10182.32,1
2024-10-28,2024-10-28 14:38:00,1517.53,1517.6,1517.53,1517.6,0.0,6.7,10182.32,1
2024-10-28,2024-10-28 14:39:00,1517.6,1517.67,1517.6,1517.67,0.0,6.7,10182.32,1
2024-10-28,2024-10-28 14:40:00,1517.67,1517.73,1517.67,1517.73,0.0,6.7,10182.32,1
2024-10-28,2024-10-28 14:41:00,1517.73,1517.8,1517.73,1517.8,0.0,6.7,10182.32,1
2024-10-28,2024-10-28 14:42:00,1517.8,1517.87,1517.8,1517.87,0.0,6.7,10182.32,1
2024-10-28,2024-10-28 14:43:00,1517.87,1517.93,1517.87,1517.93,0.0,6.7,10182.32,1
2024-10-28,2024-10-28 14:44:00,1517.93,1518.0,1517.93,1518.0,0.0,6.7,10182.32,1
2024-10-28,2024-10-28 14:45:00,1518.0,1518.07,1518.0,1518.07,0.0,6.7,10182.32,1
2024-10-28,2024-10-28 14:46:00,1518.07,1518.13,1518.07,1518.13,0.0,6.7,10182.32,1
2024-10-28,2024-10-28 14:47:00,1518.13,1518.2,1518.13,1518.2,0.0,6.7,10182.32,1
2024-10-28,2024-10-28 14:48:00,1518.2,1518.27,1518.2,1518.27,0.0,6.7,10182.32,1
2024-10-28,2024-10-28 14:49:00,1518.27,1518.33,1518.27,1518.33,0.0,6.7,10182.32,1
2024-10-28,2024-10-28 14:50:00,1518.33,1518.4,1518.33,1518.4,0.0,6.7,10182.32,1
2024-10-28,2024-10-28 14:51:00,1518.4,1518.47,1518.4,1518.47,0.0,6.7,10182.32,1
2024-10-28,2024-10-28 14:52:00,1518.47,1518.53,1518.47,1518.53,0.0,6.7,10182.32,1
2024-10-28,2024-10-28 14:53:00,1518.53,1518.6,1518.53,1518.6,0.0,6.7,10182.32,1
2024-10-28,2024-10-28 14:54:00,1518.6,1518.67,1518.6,1518.67,0.0,6.7,10182.32,1
2024-10-28,2024-10-28 14:55:00,1518.67,1518.73,1518.67,1518.73,0.0,6.7,10182.32,1
2024-10-28,2024-10-28 14:56:00,1518.73,1518.8,1518.73,1518.8,0.0,6.7,10182.32,1
2024-10-28,2024-10-28 14:57:00,1518.8,1518.87,1518.8,1518.87,0.0,6.7,10182.32,1
2024-10-28,2024-10-28 14:58:00,1518.87,1518.93,1518.87,1518.93,0.0,6.7,10182.32,1
2024-10-28,2024-10-28 14:59:00,1518.93,1519.0,1518.93,1519.0,0.0,6.7,10182.32,1
2024-10-28,2024-10-28 15:00:00,1519.0,1590.0,1499.9,1519.0,0.0,6.7,10182.32,0
2024-10-29,2024-10-29 11:00:00,1549.0,1558.0,1535.2,1549.06,0.0,8.13,12558.52,1
2024-10-29,2024-10-29 11:01:00,1549.06,1549.12,1549.06,1549.12,0.0,8.13,12558.52,1
2024-10-29,2024-10-29 11:02:00,1549.12,1549.19,1549.12,1549.19,0.0,8.13,12558.52,1
2024-10-29,2024-10-29 11:03:00,1549.19,1549.25,1549.19,1549.25,0.0,8.13,12558.52,1
2024-10-29,2024-10-29 11:04:00,1549.25,1549.31,1549.25,1549.31,0.0,8.13,12558.52,1
2024-10-29,2024-10-29 11:05:00,1549.31,1549.38,1549.31,1549.38,0.0,8.13,12558.52,1
2024-10-29,2024-10-29 11:06:00,1549.38,1549.44,1549.38,1549.44,0.0,8.13,12558.52,1
2024-10-29,2024-10-29 11:07:00,1549.44,1549.5,1549.44,1549.5,0.0,8.13,12558.52,1
2024-10-29,2024-10-29 11:08:00,1549.5,1549.56,1549.5,1549.56,0.0,8.13,12558.52,1
2024-10-29,2024-10-29 11:09:00,1549.56,1549.62,1549.56,1549.62,0.0,8.13,12558.52,1
2024-10-29,2024-10-29 11:10:00,1549.62,1549.69,1549.62,1549.69,0.0,8.13,12558.52,1
2024-10-29,2024-10-29 11:11:00,1549.69,1549.75,1549.69,1549.75,0.0,8.13,12558.52,1
2024-10-29,2024-10-29 11:12:00,1549.75,1549.81,1549.75,1549.81,0.0,8.13,12558.52,1
2024-10-29,2024-10-29 11:13:00,1549.81,1549.88,1549.81,1549.88,0.0,8.13,12558.52,1
2024-10-29,2024-10-29 11:14:00,1549.88,1549.94,1549.88,1549.94,0.0,8.13,12558.52,1
2024-10-29,2024-10-29 11:15:00,1549.94,1550.0,1549.94,1550.0,0.0,8.13,12558.52,1
2024-10-29,2024-10-29 11:16:00,1550.0,1550.06,1550.0,1550.06,0.0,8.13,12558.52,1
2024-10-29,2024-10-29 11:17:00,1550.06,1550.12,1550.06,1550.12,0.0,8.13,12558.52,1
2024-10-29,2024-10-29 11:18:00,1550.12,1550.19,1550.12,1550.19,0.0,8.13,12558.52,1
2024-10-29,2024-10-29 11:19:00,1550.19,1550.25,1550.19,1550.25,0.0,8.13,12558.52,1
2024-10-29,2024-10-29 11:20:00,1550.25,1550.31,1550.25,1550.31,0.0,8.13,12558.52,1
2024-10-29,2024-10-29 11:21:00,1550.31,1550.38,1550.31,1550.38,0.0,8.13,12558.52,1
2024-10-29,2024-10-29 11:22:00,1550.38,1550.44,1550.38,1550.44,0.0,8.13,12558.52,1
2024-10-29,2024-10-29 11:23:00,1550.44,1550.5,1550.44,1550.5,0.0,8.13,12558.52,1
2024-10-29,2024-10-29 11:24:00,1550.5,1550.56,1550.5,1550.56,0.0,8.13,12558.52,1
2024-10-29,2024-10-29 11:25:00,1550.56,1550.62,1550.56,1550.62,0.0,8.13,12558.52,1
2024-10-29,2024-10-29 11:26:00,1550.62,1550.69,1550.62,1550.69,0.0,8.13,12558.52,1
2024-10-29,2024-10-29 11:27:00,1550.69,1550.75,1550.69,1550.75,0.0,8.13,12558.52,1
2024-10-29,2024-10-29 11:28:00,1550.75,1550.81,1550.75,1550.81,0.0,8.13,12558.52,1
2024-10-29,2024-10-29 11:29:00,1550.81,1550.88,1550.81,1550.88,0.0,8.13,12558.52,1
2024-10-29,2024-10-29 11:30:00,1550.88,1550.94,1550.88,1550.94,0.0,8.13,12558.52,1
2024-10-29,2024-10-29 11:31:00,1550.94,1551.0,1550.94,1551.0,0.0,8.13,12558.52,1
2024-10-29,2024-10-29 11:32:00,1551.0,1551.06,1551.0,1551.06,0.0,8.13,12558.52,1
2024-10-29,2024-10-29 11:33:00,1551.06,1551.12,1551.06,1551.12,0.0,8.13,12558.52,1
2024-10-29,2024-10-29 11:34:00,1551.12,1551.19,1551.12,1551.19,0.0,8.13,12558.52,1
2024-10-29,2024-10-29 11:35:00,1551.19,1551.25,1551.19,1551.25,0.0,8.13,12558.52,1
2024-10-29,2024-10-29 11:36:00,1551.25,1551.31,1551.25,1551.31,0.0,8.13,12558.52,1
2024-10-29,2024-10-29 11:37:00,1551.31,1551.38,1551.31,1551.38,0.0,8.13,12558.52,1
2024-10-29,2024-10-29 11:38:00,1551.38,1551.44,1551.38,1551.44,0.0,8.13,12558.52,1
2024-10-29,2024-10-29 11:39:00,1551.44,1551.5,1551.44,1551.5,0.0,8.13,12558.52,1
2024-10-29,2024-10-29 11:40:00,1551.5,1551.56,1551.5,1551.56,0.0,8.13,12558.52,1
2024-10-29,2024-10-29 11:41:00,1551.56,1551.62,1551.56,1551.62,0.0,8.13,12558.52,1
2024-10-29,2024-10-29 11:42:00,1551.62,1551.69,1551.62,1551.69,0.0,8.13,12558.52,1
2024-10-29,2024-10-29 11:43:00,1551.69,1551.75,1551.69,1551.75,0.0,8.13,12558.52,1
2024-10-29,2024-10-29 11:44:00,1551.75,1551.81,1551.75,1551.81,0.0,8.13,12558.52,1
2024-10-29,2024-10-29 11:45:00,1551.81,1551.88,1551.81,1551.88,0.0,8.13,12558.52,1
2024-10-29,2024-10-29 11:46:00,1551.88,1551.94,1551.88,1551.94,0.0,8.13,12558.52,1
2024-10-29,2024-10-29 11:47:00,1551.94,1552.0,1551.94,1552.0,0.0,8.13,12558.52,1
2024-10-29,2024-10-29 11:48:00,1552.0,1552.06,1552.0,1552.06,0.0,8.13,12558.52,1
2024-10-29,2024-10-29 11:49:00,1552.06,1552.12,1552.06,1552.12,0.0,8.13,12558.52,1
2024-10-29,2024-10-29 11:50:00,1552.12,1552.19,1552.12,1552.19,0.0,8.13,12558.52,1
2024-10-29,2024-10-29 11:51:00,1552.19,1552.25,1552.19,1552.25,0.0,8.13,12558.52,1
2024-10-29,2024-10-29 11:52:00,1552.25,1552.31,1552.25,1552.31,0.0,8.13,12558.52,1
2024-10-29,2024-10-29 11:53:00,1552.31,1552.38,1552.31,1552.38,0.0,8.13,12558.52,1
2024-10-29,2024-10-29 11:54:00,1552.38,1552.44,1552.38,1552.44,0.0,8.13,12558.52,1
2024-10-29,2024-10-29 11:55:00,1552.44,1552.5,1552.44,1552.5,0.0,8.13,12558.52,1
2024-10-29,2024-10-29 11:56:00,1552.5,1552.56,1552.5,1552.56,0.0,8.13,12558.52,1
2024-10-29,2024-10-29 11:57:00,1552.56,1552.62,1552.56,1552.62,0.0,8.13,12558.52,1
2024-10-29,2024-10-29 11:58:00,1552.62,1552.69,1552.62,1552.69,0.0,8.13,12558.52,1
2024-10-29,2024-10-29 11:59:00,1552.69,1552.75,1552.69,1552.75,0.0,8.13,12558.52,1
2024-10-29,2024-10-29 12:00:00,1552.75,1552.81,1552.75,1552.81,0.0,8.13,12558.52,1
2024-10-29,2024-10-29 12:01:00,1552.81,1552.88,1552.81,1552.88,0.0,8.13,12558.52,1
2024-10-29,2024-10-29 12:02:00,1552.88,1552.94,1552.88,1552.94,0.0,8.13,12558.52,1
2024-10-29,2024-10-29 12:03:00,1552.94,1553.0,1552.94,1553.0,0.0,8.13,12558.52,1
2024-10-29,2024-10-29 12:04:00,1553.0,1553.06,1553.0,1553.06,0.0,8.13,12558.52,1
2024-10-29,2024-10-29 12:05:00,1553.06,1553.12,1553.06,1553.12,0.0,8.13,12558.52,1
2024-10-29,2024-10-29 12:06:00,1553.12,1553.19,1553.12,1553.19,0.0,8.13,12558.52,1
2024-10-29,2024-10-29 12:07:00,1553.19,1553.25,1553.19,1553.25,0.0,8.13,12558.52,1
2024-10-29,2024-10-29 12:08:00,1553.25,1553.31,1553.25,1553.31,0.0,8.13,12558.52,1
2024-10-29,2024-10-29 12:09:00,1553.31,1553.38,1553.31,1553.38,0.0,8.13,12558.52,1
2024-10-29,2024-10-29 12:10:00,1553.38,1553.44,1553.38,1553.44,0.0,8.13,12558.52,1
2024-10-29,2024-10-29 12:11:00,1553.44,1553.5,1553.44,1553.5,0.0,8.13,12558.52,1
2024-10-29,2024-10-29 12:12:00,1553.5,1553.56,1553.5,1553.56,0.0,8.13,12558.52,1
2024-10-29,2024-10-29 12:13:00,1553.56,1553.62,1553.56,1553.62,0.0,8.13,12558.52,1
2024-10-29,2024-10-29 12:14:00,1553.62,1553.69,1553.62,1553.69,0.0,8.13,12558.52,1
2024-10-29,2024-10-29 12:15:00,1553.69,1553.75,1553.69,1553.75,0.0,8.13,12558.52,1
2024-10-29,2024-10-29 12:16:00,1553.75,1553.81,1553.75,1553.81,0.0,8.13,12558.52,1
2024-10-29,2024-10-29 12:17:00,1553.81,1553.88,1553.81,1553.88,0.0,8.13,12558.52,1
2024-10-29,2024-10-29 12:18:00,1553.88,1553.94,1553.88,1553.94,0.0,8.13,12558.52,1
2024-10-29,2024-10-29 12:19:00,1553.94,1554.0,1553.94,1554.0,0.0,8.13,12558.52,1
2024-10-29,2024-10-29 12:20:00,1554.0,1554.06,1554.0,1554.06,0.0,8.13,12558.52,1
2024-10-29,2024-10-29 12:21:00,1554.06,1554.12,1554.06,1554.12,0.0,8.13,12558.52,1
2024-10-29,2024-10-29 12:22:00,1554.12,1554.19,1554.12,1554.19,0.0,8.13,12558.52,1
2024-10-29,2024-10-29 12:23:00,1554.19,1554.25,1554.19,1554.25,0.0,8.13,12558.52,1
2024-10-29,2024-10-29 12:24:00,1554.25,1554.31,1554.25,1554.31,0.0,8.13,12558.52,1
2024-10-29,2024-10-29 12:25:00,1554.31,1554.38,1554.31,1554.38,0.0,8.13,12558.52,1
2024-10-29,2024-10-29 12:26:00,1554.38,1554.44,1554.38,1554.44,0.0,8.13,12558.52,1
2024-10-29,2024-10-29 12:27:00,1554.44,1554.5,1554.44,1554.5,0.0,8.13,12558.52,1
2024-10-29,2024-10-29 12:28:00,1554.5,1554.56,1554.5,1554.56,0.0,8.13,12558.52,1
2024-10-29,2024-10-29 12:29:00,1554.56,1554.62,1554.56,1554.62,0.0,8.13,12558.52,1
2024-10-29,2024-10-29 12:30:00,1554.62,1554.69,1554.62,1554.69,0.0,8.13,12558.52,1
2024-10-29,2024-10-29 12:31:00,1554.69,1554.75,1554.69,1554.75,0.0,8.13,12558.52,1
2024-10-29,2024-10-29 12:32:00,1554.75,1554.81,1554.75,1554.81,0.0,8.13,12558.52,1
2024-10-29,2024-10-29 12:33:00,1554.81,1554.88,1554.81,1554.88,0.0,8.13,12558.52,1
2024-10-29,2024-10-29 12:34:00,1554.88,1554.94,1554.88,1554.94,0.0,8.13,12558.52,1
2024-10-29,2024-10-29 12:35:00,1554.94,1555.0,1554.94,1555.0,0.0,8.13,12558.52,1
2024-10-29,2024-10-29 12:36:00,1555.0,1555.06,1555.0,1555.06,0.0,8.13,12558.52,1
2024-10-29,2024-10-29 12:37:00,1555.06,1555.12,1555.06,1555.12,0.0,8.13,12558.52,1
2024-10-29,2024-10-29 12:38:00,1555.12,1555.19,1555.12,1555.19,0.0,8.13,12558.52,1
2024-10-29,2024-10-29 12:39:00,1555.19,1555.25,1555.19,1555.25,0.0,8.13,12558.52,1
2024-10-29,2024-10-29 12:40:00,1555.25,1555.31,1555.25,1555.31,0.0,8.13,12558.52,1
2024-10-29,2024-10-29 12:41:00,1555.31,1555.38,1555.31,1555.38,0.0,8.13,12558.52,1
2024-10-29,2024-10-29 12:42:00,1555.38,1555.44,1555.38,1555.44,0.0,8.13,12558.52,1
2024-10-29,2024-10-29 12:43:00,1555.44,1555.5,1555.44,1555.5,0.0,8.13,12558.52,1
2024-10-29,2024-10-29 12:44:00,1555.5,1555.56,1555.5,1555.56,0.0,8.13,12558.52,1
2024-10-29,2024-10-29 12:45:00,1555.56,1555.62,1555.56,1555.62,0.0,8.13,12558.52,1
2024-10-29,2024-10-29 12:46:00,1555.62,1555.69,1555.62,1555.69,0.0,8.13,12558.52,1
2024-10-29,2024-10-29 12:47:00,1555.69,1555.75,1555.69,1555.75,0.0,8.13,12558.52,1
2024-10-29,2024-10-29 12:48:00,1555.75,1555.81,1555.75,1555.81,0.0,8.13,12558.52,1
2024-10-29,2024-10-29 12:49:00,1555.81,1555.88,1555.81,1555.88,0.0,8.13,12558.52,1
2024-10-29,2024-10-29 12:50:00,1555.88,1555.94,1555.88,1555.94,0.0,8.13,12558.52,1
2024-10-29,2024-10-29 12:51:00,1555.94,1556.0,1555.94,1556.0,0.0,8.13,12558.52,1
2024-10-29,2024-10-29 12:52:00,1556.0,1556.06,1556.0,1556.06,0.0,8.13,12558.52,1
2024-10-29,2024-10-29 12:53:00,1556.06,1556.12,1556.06,1556.12,0.0,8.13,12558.52,1
2024-10-29,2024-10-29 12:54:00,1556.12,1556.19,1556.12,1556.19,0.0,8.13,12558.52,1
2024-10-29,2024-10-29 12:55:00,1556.19,1556.25,1556.19,1556.25,0.0,8.13,12558.52,1
2024-10-29,2024-10-29 12:56:00,1556.25,1556.31,1556.25,1556.31,0.0,8.13,12558.52,1
2024-10-29,2024-10-29 12:57:00,1556.31,1556.38,1556.31,1556.38,0.0,8.13,12558.52,1
2024-10-29,2024-10-29 12:58:00,1556.38,1556.44,1556.38,1556.44,0.0,8.13,12558.52,1
2024-10-29,2024-10-29 12:59:00,1556.44,1556.5,1556.44,1556.5,0.0,8.13,12558.52,1
2024-10-29,2024-10-29 13:00:00,1556.5,1579.0,1503.0,1556.56,0.0,8.13,12558.52,1
2024-10-29,2024-10-29 13:01:00,1556.56,1556.62,1556.56,1556.62,0.0,8.13,12558.52,1
2024-10-29,2024-10-29 13:02:00,1556.62,1556.69,1556.62,1556.69,0.0,8.13,12558.52,1
2024-10-29,2024-10-29 13:03:00,1556.69,1556.75,1556.69,1556.75,0.0,8.13,12558.52,1
2024-10-29,2024-10-29 13:04:00,1556.75,1556.81,1556.75,1556.81,0.0,8.13,12558.52,1
2024-10-29,2024-10-29 13:05:00,1556.81,1556.88,1556.81,1556.88,0.0,8.13,12558.52,1
2024-10-29,2024-10-29 13:06:00,1556.88,1556.94,1556.88,1556.94,0.0,8.13,12558.52,1
2024-10-29,2024-10-29 13:07:00,1556.94,1557.0,1556.94,1557.0,0.0,8.13,12558.52,1
2024-10-29,2024-10-29 13:08:00,1557.0,1557.06,1557.0,1557.06,0.0,8.13,12558.52,1
2024-10-29,2024-10-29 13:09:00,1557.06,1557.12,1557.06,1557.12,0.0,8.13,12558.52,1
2024-10-29,2024-10-29 13:10:00,1557.12,1557.19,1557.12,1557.19,0.0,8.13,12558.52,1
2024-10-29,2024-10-29 13:11:00,1557.19,1557.25,1557.19,1557.25,0.0,8.13,12558.52,1
2024-10-29,2024-10-29 13:12:00,1557.25,1557.31,1557.25,1557.31,0.0,8.13,12558.52,1
2024-10-29,2024-10-29 13:13:00,1557.31,1557.38,1557.31,1557.38,0.0,8.13,12558.52,1
2024-10-29,2024-10-29 13:14:00,1557.38,1557.44,1557.38,1557.44,0.0,8.13,12558.52,1
2024-10-29,2024-10-29 13:15:00,1557.44,1557.5,1557.44,1557.5,0.0,8.13,12558.52,1
2024-10-29,2024-10-29 13:16:00,1557.5,1557.56,1557.5,1557.56,0.0,8.13,12558.52,1
2024-10-29,2024-10-29 13:17:00,1557.56,1557.62,1557.56,1557.62,0.0,8.13,12558.52,1
2024-10-29,2024-10-29 13:18:00,1557.62,1557.69,1557.62,1557.69,0.0,8.13,12558.52,1
2024-10-29,2024-10-29 13:19:00,1557.69,1557.75,1557.69,1557.75,0.0,8.13,12558.52,1
2024-10-29,2024-10-29 13:20:00,1557.75,1557.81,1557.75,1557.81,0.0,8.13,12558.52,1
2024-10-29,2024-10-29 13:21:00,1557.81,1557.88,1557.81,1557.88,0.0,8.13,12558.52,1
2024-10-29,2024-10-29 13:22:00,1557.88,1557.94,1557.88,1557.94,0.0,8.13,12558.52,1
2024-10-29,2024-10-29 13:23:00,1557.94,1558.0,1557.94,1558.0,0.0,8.13,12558.52,1
2024-10-29,2024-10-29 13:24:00,1558.0,1558.06,1558.0,1558.06,0.0,8.13,12558.52,1
2024-10-29,2024-10-29 13:25:00,1558.06,1558.12,1558.06,1558.12,0.0,8.13,12558.52,1
2024-10-29,2024-10-29 13:26:00,1558.12,1558.19,1558.12,1558.19,0.0,8.13,12558.52,1
2024-10-29,2024-10-29 13:27:00,1558.19,1558.25,1558.19,1558.25,0.0,8.13,12558.52,1
2024-10-29,2024-10-29 13:28:00,1558.25,1558.31,1558.25,1558.31,0.0,8.13,12558.52,1
2024-10-29,2024-10-29 13:29:00,1558.31,1558.38,1558.31,1558.38,0.0,8.13,12558.52,1
2024-10-29,2024-10-29 13:30:00,1558.38,1558.44,1558.38,1558.44,0.0,8.13,12558.52,1
2024-10-29,2024-10-29 13:31:00,1558.44,1558.5,1558.44,1558.5,0.0,8.13,12558.52,1
2024-10-29,2024-10-29 13:32:00,1558.5,1558.56,1558.5,1558.56,0.0,8.13,12558.52,1
2024-10-29,2024-10-29 13:33:00,1558.56,1558.62,1558.56,1558.62,0.0,8.13,12558.52,1
2024-10-29,2024-10-29 13:34:00,1558.62,1558.69,1558.62,1558.69,0.0,8.13,12558.52,1
2024-10-29,2024-10-29 13:35:00,1558.69,1558.75,1558.69,1558.75,0.0,8.13,12558.52,1
2024-10-29,2024-10-29 13:36:00,1558.75,1558.81,1558.75,1558.81,0.0,8.13,12558.52,1
2024-10-29,2024-10-29 13:37:00,1558.81,1558.88,1558.81,1558.88,0.0,8.13,12558.52,1
2024-10-29,2024-10-29 13:38:00,1558.88,1558.94,1558.88,1558.94,0.0,8.13,12558.52,1
2024-10-29,2024-10-29 13:39:00,1558.94,1559.0,1558.94,1559.0,0.0,8.13,12558.52,1
2024-10-29,2024-10-29 13:40:00,1559.0,1559.06,1559.0,1559.06,0.0,8.13,12558.52,1
2024-10-29,2024-10-29 13:41:00,1559.06,1559.12,1559.06,1559.12,0.0,8.13,12558.52,1
2024-10-29,2024-10-29 13:42:00,1559.12,1559.19,1559.12,1559.19,0.0,8.13,12558.52,1
2024-10-29,2024-10-29 13:43:00,1559.19,1559.25,1559.19,1559.25,0.0,8.13,12558.52,1
2024-10-29,2024-10-29 13:44:00,1559.25,1559.31,1559.25,1559.31,0.0,8.13,12558.52,1
2024-10-29,2024-10-29 13:45:00,1559.31,1559.38,1559.31,1559.38,0.0,8.13,12558.52,1
2024-10-29,2024-10-29 13:46:00,1559.38,1559.44,1559.38,1559.44,0.0,8.13,12558.52,1
2024-10-29,2024-10-29 13:47:00,1559.44,1559.5,1559.44,1559.5,0.0,8.13,12558.52,1
2024-10-29,2024-10-29 13:48:00,1559.5,1559.56,1559.5,1559.56,0.0,8.13,12558.52,1
2024-10-29,2024-10-29 13:49:00,1559.56,1559.62,1559.56,1559.62,0.0,8.13,12558.52,1
2024-10-29,2024-10-29 13:50:00,1559.62,1559.69,1559.62,1559.69,0.0,8.13,12558.52,1
2024-10-29,2024-10-29 13:51:00,1559.69,1559.75,1559.69,1559.75,0.0,8.13,12558.52,1
2024-10-29,2024-10-29 13:52:00,1559.75,1559.81,1559.75,1559.81,0.0,8.13,12558.52,1
2024-10-29,2024-10-29 13:53:00,1559.81,1559.88,1559.81,1559.88,0.0,8.13,12558.52,1
2024-10-29,2024-10-29 13:54:00,1559.88,1559.94,1559.88,1559.94,0.0,8.13,12558.52,1
2024-10-29,2024-10-29 13:55:00,1559.94,1560.0,1559.94,1560.0,0.0,8.13,12558.52,1
2024-10-29,2024-10-29 13:56:00,1560.0,1560.06,1560.0,1560.06,0.0,8.13,12558.52,1
2024-10-29,2024-10-29 13:57:00,1560.06,1560.12,1560.06,1560.12,0.0,8.13,12558.52,1
2024-10-29,2024-10-29 13:58:00,1560.12,1560.19,1560.12,1560.19,0.0,8.13,12558.52,1
2024-10-29,2024-10-29 13:59:00,1560.19,1560.25,1560.19,1560.25,0.0,8.13,12558.52,1
2024-10-29,2024-10-29 14:00:00,1560.25,1560.31,1560.25,1560.31,0.0,8.13,12558.52,1
2024-10-29,2024-10-29 14:01:00,1560.31,1560.38,1560.31,1560.38,0.0,8.13,12558.52,1
2024-10-29,2024-10-29 14:02:00,1560.38,1560.44,1560.38,1560.44,0.0,8.13,12558.52,1
2024-10-29,2024-10-29 14:03:00,1560.44,1560.5,1560.44,1560.5,0.0,8.13,12558.52,1
2024-10-29,2024-10-29 14:04:00,1560.5,1560.56,1560.5,1560.56,0.0,8.13,12558.52,1
2024-10-29,2024-10-29 14:05:00,1560.56,1560.62,1560.56,1560.62,0.0,8.13,12558.52,1
2024-10-29,2024-10-29 14:06:00,1560.62,1560.69,1560.62,1560.69,0.0,8.13,12558.52,1
2024-10-29,2024-10-29 14:07:00,1560.69,1560.75,1560.69,1560.75,0.0,8.13,12558.52,1
2024-10-29,2024-10-29 14:08:00,1560.75,1560.81,1560.75,1560.81,0.0,8.13,12558.52,1
2024-10-29,2024-10-29 14:09:00,1560.81,1560.88,1560.81,1560.88,0.0,8.13,12558.52,1
2024-10-29,2024-10-29 14:10:00,1560.88,1560.94,1560.88,1560.94,0.0,8.13,12558.52,1
2024-10-29,2024-10-29 14:11:00,1560.94,1561.0,1560.94,1561.0,0.0,8.13,12558.52,1
2024-10-29,2024-10-29 14:12:00,1561.0,1561.06,1561.0,1561.06,0.0,8.13,12558.52,1
2024-10-29,2024-10-29 14:13:00,1561.06,1561.12,1561.06,1561.12,0.0,8.13,12558.52,1
2024-10-29,2024-10-29 14:14:00,1561.12,1561.19,1561.12,1561.19,0.0,8.13,12558.52,1
2024-10-29,2024-10-29 14:15:00,1561.19,1561.25,1561.19,1561.25,0.0,8.13,12558.52,1
2024-10-29,2024-10-29 14:16:00,1561.25,1561.31,1561.25,1561.31,0.0,8.13,12558.52,1
2024-10-29,2024-10-29 14:17:00,1561.31,1561.38,1561.31,1561.38,0.0,8.13,12558.52,1
2024-10-29,2024-10-29 14:18:00,1561.38,1561.44,1561.38,1561.44,0.0,8.13,12558.52,1
2024-10-29,2024-10-29 14:19:00,1561.44,1561.5,1561.44,1561.5,0.0,8.13,12558.52,1
2024-10-29,2024-10-29 14:20:00,1561.5,1561.56,1561.5,1561.56,0.0,8.13,12558.52,1
2024-10-29,2024-10-29 14:21:00,1561.56,1561.62,1561.56,1561.62,0.0,8.13,12558.52,1
2024-10-29,2024-10-29 14:22:00,1561.62,1561.69,1561.62,1561.69,0.0,8.13,12558.52,1
2024-10-29,2024-10-29 14:23:00,1561.69,1561.75,1561.69,1561.75,0.0,8.13,12558.52,1
2024-10-29,2024-10-29 14:24:00,1561.75,1561.81,1561.75,1561.81,0.0,8.13,12558.52,1
2024-10-29,2024-10-29 14:25:00,1561.81,1561.88,1561.81,1561.88,0.0,8.13,12558.52,1
2024-10-29,2024-10-29 14:26:00,1561.88,1561.94,1561.88,1561.94,0.0,8.13,12558.52,1
2024-10-29,2024-10-29 14:27:00,1561.94,1562.0,1561.94,1562.0,0.0,8.13,12558.52,1
2024-10-29,2024-10-29 14:28:00,1562.0,1562.06,1562.0,1562.06,0.0,8.13,12558.52,1
2024-10-29,2024-10-29 14:29:00,1562.06,1562.12,1562.06,1562.12,0.0,8.13,12558.52,1
2024-10-29,2024-10-29 14:30:00,1562.12,1562.19,1562.12,1562.19,0.0,8.13,12558.52,1
2024-10-29,2024-10-29 14:31:00,1562.19,1562.25,1562.19,1562.25,0.0,8.13,12558.52,1
2024-10-29,2024-10-29 14:32:00,1562.25,1562.31,1562.25,1562.31,0.0,8.13,12558.52,1
2024-10-29,2024-10-29 14:33:00,1562.31,1562.38,1562.31,1562.38,0.0,8.13,12558.52,1
2024-10-29,2024-10-29 14:34:00,1562.38,1562.44,1562.38,1562.44,0.0,8.13,12558.52,1
2024-10-29,2024-10-29 14:35:00,1562.44,1562.5,1562.44,1562.5,0.0,8.13,12558.52,1
2024-10-29,2024-10-29 14:36:00,1562.5,1562.56,1562.5,1562.56,0.0,8.13,12558.52,1
2024-10-29,2024-10-29 14:37:00,1562.56,1562.62,1562.56,1562.62,0.0,8.13,12558.52,1
2024-10-29,2024-10-29 14:38:00,1562.62,1562.69,1562.62,1562.69,0.0,8.13,12558.52,1
2024-10-29,2024-10-29 14:39:00,1562.69,1562.75,1562.69,1562.75,0.0,8.13,12558.52,1
2024-10-29,2024-10-29 14:40:00,1562.75,1562.81,1562.75,1562.81,0.0,8.13,12558.52,1
2024-10-29,2024-10-29 14:41:00,1562.81,1562.88,1562.81,1562.88,0.0,8.13,12558.52,1
2024-10-29,2024-10-29 14:42:00,1562.88,1562.94,1562.88,1562.94,0.0,8.13,12558.52,1
2024-10-29,2024-10-29 14:43:00,1562.94,1563.0,1562.94,1563.0,0.0,8.13,12558.52,1
2024-10-29,2024-10-29 14:44:00,1563.0,1563.06,1563.0,1563.06,0.0,8.13,12558.52,1
2024-10-29,2024-10-29 14:45:00,1563.06,1563.12,1563.06,1563.12,0.0,8.13,12558.52,1
2024-10-29,2024-10-29 14:46:00,1563.12,1563.19,1563.12,1563.19,0.0,8.13,12558.52,1
2024-10-29,2024-10-29 14:47:00,1563.19,1563.25,1563.19,1563.25,0.0,8.13,12558.52,1
2024-10-29,2024-10-29 14:48:00,1563.25,1563.31,1563.25,1563.31,0.0,8.13,12558.52,1
2024-10-29,2024-10-29 14:49:00,1563.31,1563.38,1563.31,1563.38,0.0,8.13,12558.52,1
2024-10-29,2024-10-29 14:50:00,1563.38,1563.44,1563.38,1563.44,0.0,8.13,12558.52,1
2024-10-29,2024-10-29 14:51:00,1563.44,1563.5,1563.44,1563.5,0.0,8.13,12558.52,1
2024-10-29,2024-10-29 14:52:00,1563.5,1563.56,1563.5,1563.56,0.0,8.13,12558.52,1
2024-10-29,2024-10-29 14:53:00,1563.56,1563.62,1563.56,1563.62,0.0,8.13,12558.52,1
2024-10-29,2024-10-29 14:54:00,1563.62,1563.69,1563.62,1563.69,0.0,8.13,12558.52,1
2024-10-29,2024-10-29 14:55:00,1563.69,1563.75,1563.69,1563.75,0.0,8.13,12558.52,1
2024-10-29,2024-10-29 14:56:00,1563.75,1563.81,1563.75,1563.81,0.0,8.13,12558.52,1
2024-10-29,2024-10-29 14:57:00,1563.81,1563.88,1563.81,1563.88,0.0,8.13,12558.52,1
2024-10-29,2024-10-29 14:58:00,1563.88,1563.94,1563.88,1563.94,0.0,8.13,12558.52,1
2024-10-29,2024-10-29 14:59:00,1563.94,1564.0,1563.94,1564.0,0.0,8.13,12558.52,1
2024-10-29,2024-10-29 15:00:00,1564.0,1579.0,1503.0,1564.0,0.0,8.13,12558.52,0
2024-10-30,2024-10-30 11:00:00,1550.0,1559.0,1544.09,1549.94,-0.0,7.29,11261.41,-1
2024-10-30,2024-10-30 11:01:00,1549.94,1549.94,1549.88,1549.88,-0.0,7.29,11261.41,-1
2024-10-30,2024-10-30 11:02:00,1549.88,1549.88,1549.83,1549.83,-0.0,7.29,11261.41,-1
2024-10-30,2024-10-30 11:03:00,1549.83,1549.83,1549.77,1549.77,-0.0,7.29,11261.41,-1
2024-10-30,2024-10-30 11:04:00,1549.77,1549.77,1549.71,1549.71,-0.0,7.29,11261.41,-1
2024-10-30,2024-10-30 11:05:00,1549.71,1549.71,1549.65,1549.65,-0.0,7.29,11261.41,-1
2024-10-30,2024-10-30 11:06:00,1549.65,1549.65,1549.59,1549.59,-0.0,7.29,11261.41,-1
2024-10-30,2024-10-30 11:07:00,1549.59,1549.59,1549.54,1549.54,-0.0,7.29,11261.41,-1
2024-10-30,2024-10-30 11:08:00,1549.54,1549.54,1549.48,1549.48,-0.0,7.29,11261.41,-1
2024-10-30,2024-10-30 11:09:00,1549.48,1549.48,1549.42,1549.42,-0.0,7.29,11261.41,-1
2024-10-30,2024-10-30 11:10:00,1549.42,1549.42,1549.36,1549.36,-0.0,7.29,11261.41,-1
2024-10-30,2024-10-30 11:11:00,1549.36,1549.36,1549.31,1549.31,-0.0,7.29,11261.41,-1
2024-10-30,2024-10-30 11:12:00,1549.31,1549.31,1549.25,1549.25,-0.0,7.29,11261.41,-1
2024-10-30,2024-10-30 11:13:00,1549.25,1549.25,1549.19,1549.19,-0.0,7.29,11261.41,-1
2024-10-30,2024-10-30 11:14:00,1549.19,1549.19,1549.13,1549.13,-0.0,7.29,11261.41,-1
2024-10-30,2024-10-30 11:15:00,1549.13,1549.13,1549.07,1549.07,-0.0,7.29,11261.41,-1
2024-10-30,2024-10-30 11:16:00,1549.07,1549.07,1549.02,1549.02,-0.0,7.29,11261.41,-1
2024-10-30,2024-10-30 11:17:00,1549.02,1549.02,1548.96,1548.96,-0.0,7.29,11261.41,-1
2024-10-30,2024-10-30 11:18:00,1548.96,1548.96,1548.9,1548.9,-0.0,7.29,11261.41,-1
2024-10-30,2024-10-30 11:19:00,1548.9,1548.9,1548.84,1548.84,-0.0,7.29,11261.41,-1
2024-10-30,2024-10-30 11:20:00,1548.84,1548.84,1548.78,1548.78,-0.0,7.29,11261.41,-1
2024-10-30,2024-10-30 11:21:00,1548.78,1548.78,1548.73,1548.73,-0.0,7.29,11261.41,-1
2024-10-30,2024-10-30 11:22:00,1548.73,1548.73,1548.67,1548.67,-0.0,7.29,11261.41,-1
2024-10-30,2024-10-30 11:23:00,1548.67,1548.67,1548.61,1548.61,-0.0,7.29,11261.41,-1
2024-10-30,2024-10-30 11:24:00,1548.61,1548.61,1548.55,1548.55,-0.0,7.29,11261.41,-1
2024-10-30,2024-10-30 11:25:00,1548.55,1548.55,1548.49,1548.49,-0.0,7.29,11261.41,-1
2024-10-30,2024-10-30 11:26:00,1548.49,1548.49,1548.44,1548.44,-0.0,7.29,11261.41,-1
2024-10-30,2024-10-30 11:27:00,1548.44,1548.44,1548.38,1548.38,-0.0,7.29,11261.41,-1
2024-10-30,2024-10-30 11:28:00,1548.38,1548.38,1548.32,1548.32,-0.0,7.29,11261.41,-1
2024-10-30,2024-10-30 11:29:00,1548.32,1548.32,1548.26,1548.26,-0.0,7.29,11261.41,-1
2024-10-30,2024-10-30 11:30:00,1548.26,1548.26,1548.2,1548.2,-0.0,7.29,11261.41,-1
2024-10-30,2024-10-30 11:31:00,1548.2,1548.2,1548.15,1548.15,-0.0,7.29,11261.41,-1
2024-10-30,2024-10-30 11:32:00,1548.15,1548.15,1548.09,1548.09,-0.0,7.29,11261.41,-1
2024-10-30,2024-10-30 11:33:00,1548.09,1548.09,1548.03,1548.03,-0.0,7.29,11261.41,-1
2024-10-30,2024-10-30 11:34:00,1548.03,1548.03,1547.97,1547.97,-0.0,7.29,11261.41,-1
2024-10-30,2024-10-30 11:35:00,1547.97,1547.97,1547.91,1547.91,-0.0,7.29,11261.41,-1
2024-10-30,2024-10-30 11:36:00,1547.91,1547.91,1547.86,1547.86,-0.0,7.29,11261.41,-1
2024-10-30,2024-10-30 11:37:00,1547.86,1547.86,1547.8,1547.8,-0.0,7.29,11261.41,-1
2024-10-30,2024-10-30 11:38:00,1547.8,1547.8,1547.74,1547.74,-0.0,7.29,11261.41,-1
2024-10-30,2024-10-30 11:39:00,1547.74,1547.74,1547.68,1547.68,-0.0,7.29,11261.41,-1
2024-10-30,2024-10-30 11:40:00,1547.68,1547.68,1547.63,1547.63,-0.0,7.29,11261.41,-1
2024-10-30,2024-10-30 11:41:00,1547.63,1547.63,1547.57,1547.57,-0.0,7.29,11261.41,-1
2024-10-30,2024-10-30 11:42:00,1547.57,1547.57,1547.51,1547.51,-0.0,7.29,11261.41,-1
2024-10-30,2024-10-30 11:43:00,1547.51,1547.51,1547.45,1547.45,-0.0,7.29,11261.41,-1
2024-10-30,2024-10-30 11:44:00,1547.45,1547.45,1547.39,1547.39,-0.0,7.29,11261.41,-1
2024-10-30,2024-10-30 11:45:00,1547.39,1547.39,1547.34,1547.34,-0.0,7.29,11261.41,-1
2024-10-30,2024-10-30 11:46:00,1547.34,1547.34,1547.28,1547.28,-0.0,7.29,11261.41,-1
2024-10-30,2024-10-30 11:47:00,1547.28,1547.28,1547.22,1547.22,-0.0,7.29,11261.41,-1
2024-10-30,2024-10-30 11:48:00,1547.22,1547.22,1547.16,1547.16,-0.0,7.29,11261.41,-1
2024-10-30,2024-10-30 11:49:00,1547.16,1547.16,1547.1,1547.1,-0.0,7.29,11261.41,-1
2024-10-30,2024-10-30 11:50:00,1547.1,1547.1,1547.05,1547.05,-0.0,7.29,11261.41,-1
2024-10-30,2024-10-30 11:51:00,1547.05,1547.05,1546.99,1546.99,-0.0,7.29,11261.41,-1
2024-10-30,2024-10-30 11:52:00,1546.99,1546.99,1546.93,1546.93,-0.0,7.29,11261.41,-1
2024-10-30,2024-10-30 11:53:00,1546.93,1546.93,1546.87,1546.87,-0.0,7.29,11261.41,-1
2024-10-30,2024-10-30 11:54:00,1546.87,1546.87,1546.81,1546.81,-0.0,7.29,11261.41,-1
2024-10-30,2024-10-30 11:55:00,1546.81,1546.81,1546.76,1546.76,-0.0,7.29,11261.41,-1
2024-10-30,2024-10-30 11:56:00,1546.76,1546.76,1546.7,1546.7,-0.0,7.29,11261.41,-1
2024-10-30,2024-10-30 11:57:00,1546.7,1546.7,1546.64,1546.64,-0.0,7.29,11261.41,-1
2024-10-30,2024-10-30 11:58:00,1546.64,1546.64,1546.58,1546.58,-0.0,7.29,11261.41,-1
2024-10-30,2024-10-30 11:59:00,1546.58,1546.58,1546.53,1546.53,-0.0,7.29,11261.41,-1
2024-10-30,2024-10-30 12:00:00,1546.53,1546.53,1546.47,1546.47,-0.0,7.29,11261.41,-1
2024-10-30,2024-10-30 12:01:00,1546.47,1546.47,1546.41,1546.41,-0.0,7.29,11261.41,-1
2024-10-30,2024-10-30 12:02:00,1546.41,1546.41,1546.35,1546.35,-0.0,7.29,11261.41,-1
2024-10-30,2024-10-30 12:03:00,1546.35,1546.35,1546.29,1546.29,-0.0,7.29,11261.41,-1
2024-10-30,2024-10-30 12:04:00,1546.29,1546.29,1546.24,1546.24,-0.0,7.29,11261.41,-1
2024-10-30,2024-10-30 12:05:00,1546.24,1546.24,1546.18,1546.18,-0.0,7.29,11261.41,-1
2024-10-30,2024-10-30 12:06:00,1546.18,1546.18,1546.12,1546.12,-0.0,7.29,11261.41,-1
2024-10-30,2024-10-30 12:07:00,1546.12,1546.12,1546.06,1546.06,-0.0,7.29,11261.41,-1
2024-10-30,2024-10-30 12:08:00,1546.06,1546.06,1546.0,1546.0,-0.0,7.29,11261.41,-1
2024-10-30,2024-10-30 12:09:00,1546.0,1546.0,1545.95,1545.95,-0.0,7.29,11261.41,-1
2024-10-30,2024-10-30 12:10:00,1545.95,1545.95,1545.89,1545.89,-0.0,7.29,11261.41,-1
2024-10-30,2024-10-30 12:11:00,1545.89,1545.89,1545.83,1545.83,-0.0,7.29,11261.41,-1
2024-10-30,2024-10-30 12:12:00,1545.83,1545.83,1545.77,1545.77,-0.0,7.29,11261.41,-1
2024-10-30,2024-10-30 12:13:00,1545.77,1545.77,1545.71,1545.71,-0.0,7.29,11261.41,-1
2024-10-30,2024-10-30 12:14:00,1545.71,1545.71,1545.66,1545.66,-0.0,7.29,11261.41,-1
2024-10-30,2024-10-30 12:15:00,1545.66,1545.66,1545.6,1545.6,-0.0,7.29,11261.41,-1
2024-10-30,2024-10-30 12:16:00,1545.6,1545.6,1545.54,1545.54,-0.0,7.29,11261.41,-1
2024-10-30,2024-10-30 12:17:00,1545.54,1545.54,1545.48,1545.48,-0.0,7.29,11261.41,-1
2024-10-30,2024-10-30 12:18:00,1545.48,1545.48,1545.42,1545.42,-0.0,7.29,11261.41,-1
2024-10-30,2024-10-30 12:19:00,1545.42,1545.42,1545.37,1545.37,-0.0,7.29,11261.41,-1
2024-10-30,2024-10-30 12:20:00,1545.37,1545.37,1545.31,1545.31,-0.0,7.29,11261.41,-1
2024-10-30,2024-10-30 12:21:00,1545.31,1545.31,1545.25,1545.25,-0.0,7.29,11261.41,-1
2024-10-30,2024-10-30 12:22:00,1545.25,1545.25,1545.19,1545.19,-0.0,7.29,11261.41,-1
2024-10-30,2024-10-30 12:23:00,1545.19,1545.19,1545.13,1545.13,-0.0,7.29,11261.41,-1
2024-10-30,2024-10-30 12:24:00,1545.13,1545.13,1545.08,1545.08,-0.0,7.29,11261.41,-1
2024-10-30,2024-10-30 12:25:00,1545.08,1545.08,1545.02,1545.02,-0.0,7.29,11261.41,-1
2024-10-30,2024-10-30 12:26:00,1545.02,1545.02,1544.96,1544.96,-0.0,7.29,11261.41,-1
2024-10-30,2024-10-30 12:27:00,1544.96,1544.96,1544.9,1544.9,-0.0,7.29,11261.41,-1
2024-10-30,2024-10-30 12:28:00,1544.9,1544.9,1544.85,1544.85,-0.0,7.29,11261.41,-1
2024-10-30,2024-10-30 12:29:00,1544.85,1544.85,1544.79,1544.79,-0.0,7.29,11261.41,-1
2024-10-30,2024-10-30 12:30:00,1544.79,1544.79,1544.73,1544.73,-0.0,7.29,11261.41,-1
2024-10-30,2024-10-30 12:31:00,1544.73,1544.73,1544.67,1544.67,-0.0,7.29,11261.41,-1
2024-10-30,2024-10-30 12:32:00,1544.67,1544.67,1544.61,1544.61,-0.0,7.29,11261.41,-1
2024-10-30,2024-10-30 12:33:00,1544.61,1544.61,1544.56,1544.56,-0.0,7.29,11261.41,-1
2024-10-30,2024-10-30 12:34:00,1544.56,1544.56,1544.5,1544.5,-0.0,7.29,11261.41,-1
2024-10-30,2024-10-30 12:35:00,1544.5,1544.5,1544.44,1544.44,-0.0,7.29,11261.41,-1
2024-10-30,2024-10-30 12:36:00,1544.44,1544.44,1544.38,1544.38,-0.0,7.29,11261.41,-1
2024-10-30,2024-10-30 12:37:00,1544.38,1544.38,1544.32,1544.32,-0.0,7.29,11261.41,-1
2024-10-30,2024-10-30 12:38:00,1544.32,1544.32,1544.27,1544.27,-0.0,7.29,11261.41,-1
2024-10-30,2024-10-30 12:39:00,1544.27,1544.27,1544.21,1544.21,-0.0,7.29,11261.41,-1
2024-10-30,2024-10-30 12:40:00,1544.21,1544.21,1544.15,1544.15,-0.0,7.29,11261.41,-1
2024-10-30,2024-10-30 12:41:00,1544.15,1544.15,1544.09,1544.09,-0.0,7.29,11261.41,-1
2024-10-30,2024-10-30 12:42:00,1544.09,1544.09,1544.03,1544.03,-0.0,7.29,11261.41,-1
2024-10-30,2024-10-30 12:43:00,1544.03,1544.03,1543.98,1543.98,-0.0,7.29,11261.41,-1
2024-10-30,2024-10-30 12:44:00,1543.98,1543.98,1543.92,1543.92,-0.0,7.29,11261.41,-1
2024-10-30,2024-10-30 12:45:00,1543.92,1543.92,1543.86,1543.86,-0.0,7.29,11261.41,-1
2024-10-30,2024-10-30 12:46:00,1543.86,1543.86,1543.8,1543.8,-0.0,7.29,11261.41,-1
2024-10-30,2024-10-30 12:47:00,1543.8,1543.8,1543.74,1543.74,-0.0,7.29,11261.41,-1
2024-10-30,2024-10-30 12:48:00,1543.74,1543.74,1543.69,1543.69,-0.0,7.29,11261.41,-1
2024-10-30,2024-10-30 12:49:00,1543.69,1543.69,1543.63,1543.63,-0.0,7.29,11261.41,-1
2024-10-30,2024-10-30 12:50:00,1543.63,1543.63,1543.57,1543.57,-0.0,7.29,11261.41,-1
2024-10-30,2024-10-30 12:51:00,1543.57,1543.57,1543.51,1543.51,-0.0,7.29,11261.41,-1
2024-10-30,2024-10-30 12:52:00,1543.51,1543.51,1543.46,1543.46,-0.0,7.29,11261.41,-1
2024-10-30,2024-10-30 12:53:00,1543.46,1543.46,1543.4,1543.4,-0.0,7.29,11261.41,-1
2024-10-30,2024-10-30 12:54:00,1543.4,1543.4,1543.34,1543.34,-0.0,7.29,11261.41,-1
2024-10-30,2024-10-30 12:55:00,1543.34,1543.34,1543.28,1543.28,-0.0,7.29,11261.41,-1
2024-10-30,2024-10-30 12:56:00,1543.28,1543.28,1543.22,1543.22,-0.0,7.29,11261.41,-1
2024-10-30,2024-10-30 12:57:00,1543.22,1543.22,1543.17,1543.17,-0.0,7.29,11261.41,-1
2024-10-30,2024-10-30 12:58:00,1543.17,1543.17,1543.11,1543.11,-0.0,7.29,11261.41,-1
2024-10-30,2024-10-30 12:59:00,1543.11,1543.11,1543.05,1543.05,-0.0,7.29,11261.41,-1
2024-10-30,2024-10-30 13:00:00,1543.05,1580.0,1530.3,1542.99,-0.0,7.29,11261.41,-1
2024-10-30,2024-10-30 13:01:00,1542.99,1542.99,1542.93,1542.93,-0.0,7.29,11261.41,-1
2024-10-30,2024-10-30 13:02:00,1542.93,1542.93,1542.88,1542.88,-0.0,7.29,11261.41,-1
2024-10-30,2024-10-30 13:03:00,1542.88,1542.88,1542.82,1542.82,-0.0,7.29,11261.41,-1
2024-10-30,2024-10-30 13:04:00,1542.82,1542.82,1542.76,1542.76,-0.0,7.29,11261.41,-1
2024-10-30,2024-10-30 13:05:00,1542.76,1542.76,1542.7,1542.7,-0.0,7.29,11261.41,-1
2024-10-30,2024-10-30 13:06:00,1542.7,1542.7,1542.64,1542.64,-0.0,7.29,11261.41,-1
2024-10-30,2024-10-30 13:07:00,1542.64,1542.64,1542.59,1542.59,-0.0,7.29,11261.41,-1
2024-10-30,2024-10-30 13:08:00,1542.59,1542.59,1542.53,1542.53,-0.0,7.29,11261.41,-1
2024-10-30,2024-10-30 13:09:00,1542.53,1542.53,1542.47,1542.47,-0.0,7.29,11261.41,-1
2024-10-30,2024-10-30 13:10:00,1542.47,1542.47,1542.41,1542.41,-0.0,7.29,11261.41,-1
2024-10-30,2024-10-30 13:11:00,1542.41,1542.41,1542.36,1542.36,-0.0,7.29,11261.41,-1
2024-10-30,2024-10-30 13:12:00,1542.36,1542.36,1542.3,1542.3,-0.0,7.29,11261.41,-1
2024-10-30,2024-10-30 13:13:00,1542.3,1542.3,1542.24,1542.24,-0.0,7.29,11261.41,-1
2024-10-30,2024-10-30 13:14:00,1542.24,1542.24,1542.18,1542.18,-0.0,7.29,11261.41,-1
2024-10-30,2024-10-30 13:15:00,1542.18,1542.18,1542.12,1542.12,-0.0,7.29,11261.41,-1
2024-10-30,2024-10-30 13:16:00,1542.12,1542.12,1542.07,1542.07,-0.0,7.29,11261.41,-1
2024-10-30,2024-10-30 13:17:00,1542.07,1542.07,1542.01,1542.01,-0.0,7.29,11261.41,-1
2024-10-30,2024-10-30 13:18:00,1542.01,1542.01,1541.95,1541.95,-0.0,7.29,11261.41,-1
2024-10-30,2024-10-30 13:19:00,1541.95,1541.95,1541.89,1541.89,-0.0,7.29,11261.41,-1
2024-10-30,2024-10-30 13:20:00,1541.89,1541.89,1541.83,1541.83,-0.0,7.29,11261.41,-1
2024-10-30,2024-10-30 13:21:00,1541.83,1541.83,1541.78,1541.78,-0.0,7.29,11261.41,-1
2024-10-30,2024-10-30 13:22:00,1541.78,1541.78,1541.72,1541.72,-0.0,7.29,11261.41,-1
2024-10-30,2024-10-30 13:23:00,1541.72,1541.72,1541.66,1541.66,-0.0,7.29,11261.41,-1
2024-10-30,2024-10-30 13:24:00,1541.66,1541.66,1541.6,1541.6,-0.0,7.29,11261.41,-1
2024-10-30,2024-10-30 13:25:00,1541.6,1541.6,1541.54,1541.54,-0.0,7.29,11261.41,-1
2024-10-30,2024-10-30 13:26:00,1541.54,1541.54,1541.49,1541.49,-0.0,7.29,11261.41,-1
2024-10-30,2024-10-30 13:27:00,1541.49,1541.49,1541.43,1541.43,-0.0,7.29,11261.41,-1
2024-10-30,2024-10-30 13:28:00,1541.43,1541.43,1541.37,1541.37,-0.0,7.29,11261.41,-1
2024-10-30,2024-10-30 13:29:00,1541.37,1541.37,1541.31,1541.31,-0.0,7.29,11261.41,-1
2024-10-30,2024-10-30 13:30:00,1541.31,1541.31,1541.25,1541.25,-0.0,7.29,11261.41,-1
2024-10-30,2024-10-30 13:31:00,1541.25,1541.25,1541.2,1541.2,-0.0,7.29,11261.41,-1
2024-10-30,2024-10-30 13:32:00,1541.2,1541.2,1541.14,1541.14,-0.0,7.29,11261.41,-1
2024-10-30,2024-10-30 13:33:00,1541.14,1541.14,1541.08,1541.08,-0.0,7.29,11261.41,-1
2024-10-30,2024-10-30 13:34:00,1541.08,1541.08,1541.02,1541.02,-0.0,7.29,11261.41,-1
2024-10-30,2024-10-30 13:35:00,1541.02,1541.02,1540.96,1540.96,-0.0,7.29,11261.41,-1
2024-10-30,2024-10-30 13:36:00,1540.96,1540.96,1540.91,1540.91,-0.0,7.29,11261.41,-1
2024-10-30,2024-10-30 13:37:00,1540.91,1540.91,1540.85,1540.85,-0.0,7.29,11261.41,-1
2024-10-30,2024-10-30 13:38:00,1540.85,1540.85,1540.79,1540.79,-0.0,7.29,11261.41,-1
2024-10-30,2024-10-30 13:39:00,1540.79,1540.79,1540.73,1540.73,-0.0,7.29,11261.41,-1
2024-10-30,2024-10-30 13:40:00,1540.73,1540.73,1540.68,1540.68,-0.0,7.29,11261.41,-1
2024-10-30,2024-10-30 13:41:00,1540.68,1540.68,1540.62,1540.62,-0.0,7.29,11261.41,-1
2024-10-30,2024-10-30 13:42:00,1540.62,1540.62,1540.56,1540.56,-0.0,7.29,11261.41,-1
2024-10-30,2024-10-30 13:43:00,1540.56,1540.56,1540.5,1540.5,-0.0,7.29,11261.41,-1
2024-10-30,2024-10-30 13:44:00,1540.5,1540.5,1540.44,1540.44,-0.0,7.29,11261.41,-1
2024-10-30,2024-10-30 13:45:00,1540.44,1540.44,1540.39,1540.39,-0.0,7.29,11261.41,-1
2024-10-30,2024-10-30 13:46:00,1540.39,1540.39,1540.33,1540.33,-0.0,7.29,11261.41,-1
2024-10-30,2024-10-30 13:47:00,1540.33,1540.33,1540.27,1540.27,-0.0,7.29,11261.41,-1
2024-10-30,2024-10-30 13:48:00,1540.27,1540.27,1540.21,1540.21,-0.0,7.29,11261.41,-1
2024-10-30,2024-10-30 13:49:00,1540.21,1540.21,1540.15,1540.15,-0.0,7.29,11261.41,-1
2024-10-30,2024-10-30 13:50:00,1540.15,1540.15,1540.1,1540.1,-0.0,7.29,11261.41,-1
2024-10-30,2024-10-30 13:51:00,1540.1,1540.1,1540.04,1540.04,-0.0,7.29,11261.41,-1
2024-10-30,2024-10-30 13:52:00,1540.04,1540.04,1539.98,1539.98,-0.0,7.29,11261.41,-1
2024-10-30,2024-10-30 13:53:00,1539.98,1539.98,1539.92,1539.92,-0.0,7.29,11261.41,-1
2024-10-30,2024-10-30 13:54:00,1539.92,1539.92,1539.86,1539.86,-0.0,7.29,11261.41,-1
2024-10-30,2024-10-30 13:55:00,1539.86,1539.86,1539.81,1539.81,-0.0,7.29,11261.41,-1
2024-10-30,2024-10-30 13:56:00,1539.81,1539.81,1539.75,1539.75,-0.0,7.29,11261.41,-1
2024-10-30,2024-10-30 13:57:00,1539.75,1539.75,1539.69,1539.69,-0.0,7.29,11261.41,-1
2024-10-30,2024-10-30 13:58:00,1539.69,1539.69,1539.63,1539.63,-0.0,7.29,11261.41,-1
2024-10-30,2024-10-30 13:59:00,1539.63,1539.63,1539.57,1539.57,-0.0,7.29,11261.41,-1
2024-10-30,2024-10-30 14:00:00,1539.57,1539.57,1539.52,1539.52,-0.0,7.29,11261.41,-1
2024-10-30,2024-10-30 14:01:00,1539.52,1539.52,1539.46,1539.46,-0.0,7.29,11261.41,-1
2024-10-30,2024-10-30 14:02:00,1539.46,1539.46,1539.4,1539.4,-0.0,7.29,11261.41,-1
2024-10-30,2024-10-30 14:03:00,1539.4,1539.4,1539.34,1539.34,-0.0,7.29,11261.41,-1
2024-10-30,2024-10-30 14:04:00,1539.34,1539.34,1539.29,1539.29,-0.0,7.29,11261.41,-1
2024-10-30,2024-10-30 14:05:00,1539.29,1539.29,1539.23,1539.23,-0.0,7.29,11261.41,-1
2024-10-30,2024-10-30 14:06:00,1539.23,1539.23,1539.17,1539.17,-0.0,7.29,11261.41,-1
2024-10-30,2024-10-30 14:07:00,1539.17,1539.17,1539.11,1539.11,-0.0,7.29,11261.41,-1
2024-10-30,2024-10-30 14:08:00,1539.11,1539.11,1539.05,1539.05,-0.0,7.29,11261.41,-1
2024-10-30,2024-10-30 14:09:00,1539.05,1539.05,1539.0,1539.0,-0.0,7.29,11261.41,-1
2024-10-30,2024-10-30 14:10:00,1539.0,1539.0,1538.94,1538.94,-0.0,7.29,11261.41,-1
2024-10-30,2024-10-30 14:11:00,1538.94,1538.94,1538.88,1538.88,-0.0,7.29,11261.41,-1
2024-10-30,2024-10-30 14:12:00,1538.88,1538.88,1538.82,1538.82,-0.0,7.29,11261.41,-1
2024-10-30,2024-10-30 14:13:00,1538.82,1538.82,1538.76,1538.76,-0.0,7.29,11261.41,-1
2024-10-30,2024-10-30 14:14:00,1538.76,1538.76,1538.71,1538.71,-0.0,7.29,11261.41,-1
2024-10-30,2024-10-30 14:15:00,1538.71,1538.71,1538.65,1538.65,-0.0,7.29,11261.41,-1
2024-10-30,2024-10-30 14:16:00,1538.65,1538.65,1538.59,1538.59,-0.0,7.29,11261.41,-1
2024-10-30,2024-10-30 14:17:00,1538.59,1538.59,1538.53,1538.53,-0.0,7.29,11261.41,-1
2024-10-30,2024-10-30 14:18:00,1538.53,1538.53,1538.47,1538.47,-0.0,7.29,11261.41,-1
2024-10-30,2024-10-30 14:19:00,1538.47,1538.47,1538.42,1538.42,-0.0,7.29,11261.41,-1
2024-10-30,2024-10-30 14:20:00,1538.42,1538.42,1538.36,1538.36,-0.0,7.29,11261.41,-1
2024-10-30,2024-10-30 14:21:00,1538.36,1538.36,1538.3,1538.3,-0.0,7.29,11261.41,-1
2024-10-30,2024-10-30 14:22:00,1538.3,1538.3,1538.24,1538.24,-0.0,7.29,11261.41,-1
2024-10-30,2024-10-30 14:23:00,1538.24,1538.24,1538.18,1538.18,-0.0,7.29,11261.41,-1
2024-10-30,2024-10-30 14:24:00,1538.18,1538.18,1538.13,1538.13,-0.0,7.29,11261.41,-1
2024-10-30,2024-10-30 14:25:00,1538.13,1538.13,1538.07,1538.07,-0.0,7.29,11261.41,-1
2024-10-30,2024-10-30 14:26:00,1538.07,1538.07,1538.01,1538.01,-0.0,7.29,11261.41,-1
2024-10-30,2024-10-30 14:27:00,1538.01,1538.01,1537.95,1537.95,-0.0,7.29,11261.41,-1
2024-10-30,2024-10-30 14:28:00,1537.95,1537.95,1537.9,1537.9,-0.0,7.29,11261.41,-1
2024-10-30,2024-10-30 14:29:00,1537.9,1537.9,1537.84,1537.84,-0.0,7.29,11261.41,-1
2024-10-30,2024-10-30 14:30:00,1537.84,1537.84,1537.78,1537.78,-0.0,7.29,11261.41,-1
2024-10-30,2024-10-30 14:31:00,1537.78,1537.78,1537.72,1537.72,-0.0,7.29,11261.41,-1
2024-10-30,2024-10-30 14:32:00,1537.72,1537.72,1537.66,1537.66,-0.0,7.29,11261.41,-1
2024-10-30,2024-10-30 14:33:00,1537.66,1537.66,1537.61,1537.61,-0.0,7.29,11261.41,-1
2024-10-30,2024-10-30 14:34:00,1537.61,1537.61,1537.55,1537.55,-0.0,7.29,11261.41,-1
2024-10-30,2024-10-30 14:35:00,1537.55,1537.55,1537.49,1537.49,-0.0,7.29,11261.41,-1
2024-10-30,2024-10-30 14:36:00,1537.49,1537.49,1537.43,1537.43,-0.0,7.29,11261.41,-1
2024-10-30,2024-10-30 14:37:00,1537.43,1537.43,1537.37,1537.37,-0.0,7.29,11261.41,-1
2024-10-30,2024-10-30 14:38:00,1537.37,1537.37,1537.32,1537.32,-0.0,7.29,11261.41,-1
2024-10-30,2024-10-30 14:39:00,1537.32,1537.32,1537.26,1537.26,-0.0,7.29,11261.41,-1
2024-10-30,2024-10-30 14:40:00,1537.26,1537.26,1537.2,1537.2,-0.0,7.29,11261.41,-1
2024-10-30,2024-10-30 14:41:00,1537.2,1537.2,1537.14,1537.14,-0.0,7.29,11261.41,-1
2024-10-30,2024-10-30 14:42:00,1537.14,1537.14,1537.08,1537.08,-0.0,7.29,11261.41,-1
2024-10-30,2024-10-30 14:43:00,1537.08,1537.08,1537.03,1537.03,-0.0,7.29,11261.41,-1
2024-10-30,2024-10-30 14:44:00,1537.03,1537.03,1536.97,1536.97,-0.0,7.29,11261.41,-1
2024-10-30,2024-10-30 14:45:00,1536.97,1536.97,1536.91,1536.91,-0.0,7.29,11261.41,-1
2024-10-30,2024-10-30 14:46:00,1536.91,1536.91,1536.85,1536.85,-0.0,7.29,11261.41,-1
2024-10-30,2024-10-30 14:47:00,1536.85,1536.85,1536.79,1536.79,-0.0,7.29,11261.41,-1
2024-10-30,2024-10-30 14:48:00,1536.79,1536.79,1536.74,1536.74,-0.0,7.29,11261.41,-1
2024-10-30,2024-10-30 14:49:00,1536.74,1536.74,1536.68,1536.68,-0.0,7.29,11261.41,-1
2024-10-30,2024-10-30 14:50:00,1536.68,1536.68,1536.62,1536.62,-0.0,7.29,11261.41,-1
2024-10-30,2024-10-30 14:51:00,1536.62,1536.62,1536.56,1536.56,-0.0,7.29,11261.41,-1
2024-10-30,2024-10-30 14:52:00,1536.56,1536.56,1536.51,1536.51,-0.0,7.29,11261.41,-1
2024-10-30,2024-10-30 14:53:00,1536.51,1536.51,1536.45,1536.45,-0.0,7.29,11261.41,-1
2024-10-30,2024-10-30 14:54:00,1536.45,1536.45,1536.39,1536.39,-0.0,7.29,11261.41,-1
2024-10-30,2024-10-30 14:55:00,1536.39,1536.39,1536.33,1536.33,-0.0,7.29,11261.41,-1
2024-10-30,2024-10-30 14:56:00,1536.33,1536.33,1536.27,1536.27,-0.0,7.29,11261.41,-1
2024-10-30,2024-10-30 14:57:00,1536.27,1536.27,1536.22,1536.22,-0.0,7.29,11261.41,-1
2024-10-30,2024-10-30 14:58:00,1536.22,1536.22,1536.16,1536.16,-0.0,7.29,11261.41,-1
2024-10-30,2024-10-30 14:59:00,1536.16,1536.16,1536.1,1536.1,-0.0,7.29,11261.41,-1
2024-10-30,2024-10-30 15:00:00,1536.1,1580.0,1530.3,1536.1,0.0,7.29,11261.41,0
2024-11-05,2024-11-05 11:00:00,1536.0,1544.7,1534.2,1535.97,-0.0,10.57,16273.06,-1
2024-11-05,2024-11-05 11:01:00,1535.97,1535.97,1535.95,1535.95,-0.0,10.57,16273.06,-1
2024-11-05,2024-11-05 11:02:00,1535.95,1535.95,1535.92,1535.92,-0.0,10.57,16273.06,-1
2024-11-05,2024-11-05 11:03:00,1535.92,1535.92,1535.9,1535.9,-0.0,10.57,16273.06,-1
2024-11-05,2024-11-05 11:04:00,1535.9,1535.9,1535.88,1535.88,-0.0,10.57,16273.06,-1
2024-11-05,2024-11-05 11:05:00,1535.88,1535.88,1535.85,1535.85,-0.0,10.57,16273.06,-1
2024-11-05,2024-11-05 11:06:00,1535.85,1535.85,1535.83,1535.83,-0.0,10.57,16273.06,-1
2024-11-05,2024-11-05 11:07:00,1535.83,1535.83,1535.8,1535.8,-0.0,10.57,16273.06,-1
2024-11-05,2024-11-05 11:08:00,1535.8,1535.8,1535.78,1535.78,-0.0,10.57,16273.06,-1
2024-11-05,2024-11-05 11:09:00,1535.78,1535.78,1535.75,1535.75,-0.0,10.57,16273.06,-1
2024-11-05,2024-11-05 11:10:00,1535.75,1535.75,1535.72,1535.72,-0.0,10.57,16273.06,-1
2024-11-05,2024-11-05 11:11:00,1535.72,1535.72,1535.7,1535.7,-0.0,10.57,16273.06,-1
2024-11-05,2024-11-05 11:12:00,1535.7,1535.7,1535.67,1535.67,-0.0,10.57,16273.06,-1
2024-11-05,2024-11-05 11:13:00,1535.67,1535.67,1535.65,1535.65,-0.0,10.57,16273.06,-1
2024-11-05,2024-11-05 11:14:00,1535.65,1535.65,1535.62,1535.62,-0.0,10.57,16273.06,-1
2024-11-05,2024-11-05 11:15:00,1535.62,1535.62,1535.6,1535.6,-0.0,10.57,16273.06,-1
2024-11-05,2024-11-05 11:16:00,1535.6,1535.6,1535.58,1535.58,-0.0,10.57,16273.06,-1
2024-11-05,2024-11-05 11:17:00,1535.58,1535.58,1535.55,1535.55,-0.0,10.57,16273.06,-1
2024-11-05,2024-11-05 11:18:00,1535.55,1535.55,1535.53,1535.53,-0.0,10.57,16273.06,-1
2024-11-05,2024-11-05 11:19:00,1535.53,1535.53,1535.5,1535.5,-0.0,10.57,16273.06,-1
2024-11-05,2024-11-05 11:20:00,1535.5,1535.5,1535.47,1535.47,-0.0,10.57,16273.06,-1
2024-11-05,2024-11-05 11:21:00,1535.47,1535.47,1535.45,1535.45,-0.0,10.57,16273.06,-1
2024-11-05,2024-11-05 11:22:00,1535.45,1535.45,1535.42,1535.42,-0.0,10.57,16273.06,-1
2024-11-05,2024-11-05 11:23:00,1535.42,1535.42,1535.4,1535.4,-0.0,10.57,16273.06,-1
2024-11-05,2024-11-05 11:24:00,1535.4,1535.4,1535.38,1535.38,-0.0,10.57,16273.06,-1
2024-11-05,2024-11-05 11:25:00,1535.38,1535.38,1535.35,1535.35,-0.0,10.57,16273.06,-1
2024-11-05,2024-11-05 11:26:00,1535.35,1535.35,1535.33,1535.33,-0.0,10.57,16273.06,-1
2024-11-05,2024-11-05 11:27:00,1535.33,1535.33,1535.3,1535.3,-0.0,10.57,16273.06,-1
2024-11-05,2024-11-05 11:28:00,1535.3,1535.3,1535.28,1535.28,-0.0,10.57,16273.06,-1
2024-11-05,2024-11-05 11:29:00,1535.28,1535.28,1535.25,1535.25,-0.0,10.57,16273.06,-1
2024-11-05,2024-11-05 11:30:00,1535.25,1535.25,1535.22,1535.22,-0.0,10.57,16273.06,-1
2024-11-05,2024-11-05 11:31:00,1535.22,1535.22,1535.2,1535.2,-0.0,10.57,16273.06,-1
2024-11-05,2024-11-05 11:32:00,1535.2,1535.2,1535.17,1535.17,-0.0,10.57,16273.06,-1
2024-11-05,2024-11-05 11:33:00,1535.17,1535.17,1535.15,1535.15,-0.0,10.57,16273.06,-1
2024-11-05,2024-11-05 11:34:00,1535.15,1535.15,1535.12,1535.12,-0.0,10.57,16273.06,-1
2024-11-05,2024-11-05 11:35:00,1535.12,1535.12,1535.1,1535.1,-0.0,10.57,16273.06,-1
2024-11-05,2024-11-05 11:36:00,1535.1,1535.1,1535.08,1535.08,-0.0,10.57,16273.06,-1
2024-11-05,2024-11-05 11:37:00,1535.08,1535.08,1535.05,1535.05,-0.0,10.57,16273.06,-1
2024-11-05,2024-11-05 11:38:00,1535.05,1535.05,1535.03,1535.03,-0.0,10.57,16273.06,-1
2024-11-05,2024-11-05 11:39:00,1535.03,1535.03,1535.0,1535.0,-0.0,10.57,16273.06,-1
2024-11-05,2024-11-05 11:40:00,1535.0,1535.0,1534.97,1534.97,-0.0,10.57,16273.06,-1
2024-11-05,2024-11-05 11:41:00,1534.97,1534.97,1534.95,1534.95,-0.0,10.57,16273.06,-1
2024-11-05,2024-11-05 11:42:00,1534.95,1534.95,1534.92,1534.92,-0.0,10.57,16273.06,-1
2024-11-05,2024-11-05 11:43:00,1534.92,1534.92,1534.9,1534.9,-0.0,10.57,16273.06,-1
2024-11-05,2024-11-05 11:44:00,1534.9,1534.9,1534.88,1534.88,-0.0,10.57,16273.06,-1
2024-11-05,2024-11-05 11:45:00,1534.88,1534.88,1534.85,1534.85,-0.0,10.57,16273.06,-1
2024-11-05,2024-11-05 11:46:00,1534.85,1534.85,1534.83,1534.83,-0.0,10.57,16273.06,-1
2024-11-05,2024-11-05 11:47:00,1534.83,1534.83,1534.8,1534.8,-0.0,10.57,16273.06,-1
2024-11-05,2024-11-05 11:48:00,1534.8,1534.8,1534.78,1534.78,-0.0,10.57,16273.06,-1
2024-11-05,2024-11-05 11:49:00,1534.78,1534.78,1534.75,1534.75,-0.0,10.57,16273.06,-1
2024-11-05,2024-11-05 11:50:00,1534.75,1534.75,1534.72,1534.72,-0.0,10.57,16273.06,-1
2024-11-05,2024-11-05 11:51:00,1534.72,1534.72,1534.7,1534.7,-0.0,10.57,16273.06,-1
2024-11-05,2024-11-05 11:52:00,1534.7,1534.7,1534.67,1534.67,-0.0,10.57,16273.06,-1
2024-11-05,2024-11-05 11:53:00,1534.67,1534.67,1534.65,1534.65,-0.0,10.57,16273.06,-1
2024-11-05,2024-11-05 11:54:00,1534.65,1534.65,1534.62,1534.62,-0.0,10.57,16273.06,-1
2024-11-05,2024-11-05 11:55:00,1534.62,1534.62,1534.6,1534.6,-0.0,10.57,16273.06,-1
2024-11-05,2024-11-05 11:56:00,1534.6,1534.6,1534.58,1534.58,-0.0,10.57,16273.06,-1
2024-11-05,2024-11-05 11:57:00,1534.58,1534.58,1534.55,1534.55,-0.0,10.57,16273.06,-1
2024-11-05,2024-11-05 11:58:00,1534.55,1534.55,1534.53,1534.53,-0.0,10.57,16273.06,-1
2024-11-05,2024-11-05 11:59:00,1534.53,1534.53,1534.5,1534.5,-0.0,10.57,16273.06,-1
2024-11-05,2024-11-05 12:00:00,1534.5,1534.5,1534.47,1534.47,-0.0,10.57,16273.06,-1
2024-11-05,2024-11-05 12:01:00,1534.47,1534.47,1534.45,1534.45,-0.0,10.57,16273.06,-1
2024-11-05,2024-11-05 12:02:00,1534.45,1534.45,1534.42,1534.42,-0.0,10.57,16273.06,-1
2024-11-05,2024-11-05 12:03:00,1534.42,1534.42,1534.4,1534.4,-0.0,10.57,16273.06,-1
2024-11-05,2024-11-05 12:04:00,1534.4,1534.4,1534.38,1534.38,-0.0,10.57,16273.06,-1
2024-11-05,2024-11-05 12:05:00,1534.38,1534.38,1534.35,1534.35,-0.0,10.57,16273.06,-1
2024-11-05,2024-11-05 12:06:00,1534.35,1534.35,1534.33,1534.33,-0.0,10.57,16273.06,-1
2024-11-05,2024-11-05 12:07:00,1534.33,1534.33,1534.3,1534.3,-0.0,10.57,16273.06,-1
2024-11-05,2024-11-05 12:08:00,1534.3,1534.3,1534.28,1534.28,-0.0,10.57,16273.06,-1
2024-11-05,2024-11-05 12:09:00,1534.28,1534.28,1534.25,1534.25,-0.0,10.57,16273.06,-1
2024-11-05,2024-11-05 12:10:00,1534.25,1534.25,1534.22,1534.22,-0.0,10.57,16273.06,-1
2024-11-05,2024-11-05 12:11:00,1534.22,1534.22,1534.2,1534.2,-0.0,10.57,16273.06,-1
2024-11-05,2024-11-05 12:12:00,1534.2,1534.2,1534.17,1534.17,-0.0,10.57,16273.06,-1
2024-11-05,2024-11-05 12:13:00,1534.17,1534.17,1534.15,1534.15,-0.0,10.57,16273.06,-1
2024-11-05,2024-11-05 12:14:00,1534.15,1534.15,1534.12,1534.12,-0.0,10.57,16273.06,-1
2024-11-05,2024-11-05 12:15:00,1534.12,1534.12,1534.1,1534.1,-0.0,10.57,16273.06,-1
2024-11-05,2024-11-05 12:16:00,1534.1,1534.1,1534.08,1534.08,-0.0,10.57,16273.06,-1
2024-11-05,2024-11-05 12:17:00,1534.08,1534.08,1534.05,1534.05,-0.0,10.57,16273.06,-1
2024-11-05,2024-11-05 12:18:00,1534.05,1534.05,1534.03,1534.03,-0.0,10.57,16273.06,-1
2024-11-05,2024-11-05 12:19:00,1534.03,1534.03,1534.0,1534.0,-0.0,10.57,16273.06,-1
2024-11-05,2024-11-05 12:20:00,1534.0,1534.0,1533.97,1533.97,-0.0,10.57,16273.06,-1
2024-11-05,2024-11-05 12:21:00,1533.97,1533.97,1533.95,1533.95,-0.0,10.57,16273.06,-1
2024-11-05,2024-11-05 12:22:00,1533.95,1533.95,1533.92,1533.92,-0.0,10.57,16273.06,-1
2024-11-05,2024-11-05 12:23:00,1533.92,1533.92,1533.9,1533.9,-0.0,10.57,16273.06,-1
2024-11-05,2024-11-05 12:24:00,1533.9,1533.9,1533.88,1533.88,-0.0,10.57,16273.06,-1
2024-11-05,2024-11-05 12:25:00,1533.88,1533.88,1533.85,1533.85,-0.0,10.57,16273.06,-1
2024-11-05,2024-11-05 12:26:00,1533.85,1533.85,1533.83,1533.83,-0.0,10.57,16273.06,-1
2024-11-05,2024-11-05 12:27:00,1533.83,1533.83,1533.8,1533.8,-0.0,10.57,16273.06,-1
2024-11-05,2024-11-05 12:28:00,1533.8,1533.8,1533.78,1533.78,-0.0,10.57,16273.06,-1
2024-11-05,2024-11-05 12:29:00,1533.78,1533.78,1533.75,1533.75,-0.0,10.57,16273.06,-1
2024-11-05,2024-11-05 12:30:00,1533.75,1533.75,1533.72,1533.72,-0.0,10.57,16273.06,-1
2024-11-05,2024-11-05 12:31:00,1533.72,1533.72,1533.7,1533.7,-0.0,10.57,16273.06,-1
2024-11-05,2024-11-05 12:32:00,1533.7,1533.7,1533.67,1533.67,-0.0,10.57,16273.06,-1
2024-11-05,2024-11-05 12:33:00,1533.67,1533.67,1533.65,1533.65,-0.0,10.57,16273.06,-1
2024-11-05,2024-11-05 12:34:00,1533.65,1533.65,1533.62,1533.62,-0.0,10.57,16273.06,-1
2024-11-05,2024-11-05 12:35:00,1533.62,1533.62,1533.6,1533.6,-0.0,10.57,16273.06,-1
2024-11-05,2024-11-05 12:36:00,1533.6,1533.6,1533.58,1533.58,-0.0,10.57,16273.06,-1
2024-11-05,2024-11-05 12:37:00,1533.58,1533.58,1533.55,1533.55,-0.0,10.57,16273.06,-1
2024-11-05,2024-11-05 12:38:00,1533.55,1533.55,1533.53,1533.53,-0.0,10.57,16273.06,-1
2024-11-05,2024-11-05 12:39:00,1533.53,1533.53,1533.5,1533.5,-0.0,10.57,16273.06,-1
2024-11-05,2024-11-05 12:40:00,1533.5,1533.5,1533.47,1533.47,-0.0,10.57,16273.06,-1
2024-11-05,2024-11-05 12:41:00,1533.47,1533.47,1533.45,1533.45,-0.0,10.57,16273.06,-1
2024-11-05,2024-11-05 12:42:00,1533.45,1533.45,1533.42,1533.42,-0.0,10.57,16273.06,-1
2024-11-05,2024-11-05 12:43:00,1533.42,1533.42,1533.4,1533.4,-0.0,10.57,16273.06,-1
2024-11-05,2024-11-05 12:44:00,1533.4,1533.4,1533.38,1533.38,-0.0,10.57,16273.06,-1
2024-11-05,2024-11-05 12:45:00,1533.38,1533.38,1533.35,1533.35,-0.0,10.57,16273.06,-1
2024-11-05,2024-11-05 12:46:00,1533.35,1533.35,1533.33,1533.33,-0.0,10.57,16273.06,-1
2024-11-05,2024-11-05 12:47:00,1533.33,1533.33,1533.3,1533.3,-0.0,10.57,16273.06,-1
2024-11-05,2024-11-05 12:48:00,1533.3,1533.3,1533.28,1533.28,-0.0,10.57,16273.06,-1
2024-11-05,2024-11-05 12:49:00,1533.28,1533.28,1533.25,1533.25,-0.0,10.57,16273.06,-1
2024-11-05,2024-11-05 12:50:00,1533.25,1533.25,1533.22,1533.22,-0.0,10.57,16273.06,-1
2024-11-05,2024-11-05 12:51:00,1533.22,1533.22,1533.2,1533.2,-0.0,10.57,16273.06,-1
2024-11-05,2024-11-05 12:52:00,1533.2,1533.2,1533.17,1533.17,-0.0,10.57,16273.06,-1
2024-11-05,2024-11-05 12:53:00,1533.17,1533.17,1533.15,1533.15,-0.0,10.57,16273.06,-1
2024-11-05,2024-11-05 12:54:00,1533.15,1533.15,1533.12,1533.12,-0.0,10.57,16273.06,-1
2024-11-05,2024-11-05 12:55:00,1533.12,1533.12,1533.1,1533.1,-0.0,10.57,16273.06,-1
2024-11-05,2024-11-05 12:56:00,1533.1,1533.1,1533.08,1533.08,-0.0,10.57,16273.06,-1
2024-11-05,2024-11-05 12:57:00,1533.08,1533.08,1533.05,1533.05,-0.0,10.57,16273.06,-1
2024-11-05,2024-11-05 12:58:00,1533.05,1533.05,1533.03,1533.03,-0.0,10.57,16273.06,-1
2024-11-05,2024-11-05 12:59:00,1533.03,1533.03,1533.0,1533.0,-0.0,10.57,16273.06,-1
2024-11-05,2024-11-05 13:00:00,1533.0,1565.0,1530.0,1532.97,-0.0,10.57,16273.06,-1
2024-11-05,2024-11-05 13:01:00,1532.97,1532.97,1532.95,1532.95,-0.0,10.57,16273.06,-1
2024-11-05,2024-11-05 13:02:00,1532.95,1532.95,1532.92,1532.92,-0.0,10.57,16273.06,-1
2024-11-05,2024-11-05 13:03:00,1532.92,1532.92,1532.9,1532.9,-0.0,10.57,16273.06,-1
2024-11-05,2024-11-05 13:04:00,1532.9,1532.9,1532.88,1532.88,-0.0,10.57,16273.06,-1
2024-11-05,2024-11-05 13:05:00,1532.88,1532.88,1532.85,1532.85,-0.0,10.57,16273.06,-1
2024-11-05,2024-11-05 13:06:00,1532.85,1532.85,1532.83,1532.83,-0.0,10.57,16273.06,-1
2024-11-05,2024-11-05 13:07:00,1532.83,1532.83,1532.8,1532.8,-0.0,10.57,16273.06,-1
2024-11-05,2024-11-05 13:08:00,1532.8,1532.8,1532.78,1532.78,-0.0,10.57,16273.06,-1
2024-11-05,2024-11-05 13:09:00,1532.78,1532.78,1532.75,1532.75,-0.0,10.57,16273.06,-1
2024-11-05,2024-11-05 13:10:00,1532.75,1532.75,1532.72,1532.72,-0.0,10.57,16273.06,-1
2024-11-05,2024-11-05 13:11:00,1532.72,1532.72,1532.7,1532.7,-0.0,10.57,16273.06,-1
2024-11-05,2024-11-05 13:12:00,1532.7,1532.7,1532.67,1532.67,-0.0,10.57,16273.06,-1
2024-11-05,2024-11-05 13:13:00,1532.67,1532.67,1532.65,1532.65,-0.0,10.57,16273.06,-1
2024-11-05,2024-11-05 13:14:00,1532.65,1532.65,1532.62,1532.62,-0.0,10.57,16273.06,-1
2024-11-05,2024-11-05 13:15:00,1532.62,1532.62,1532.6,1532.6,-0.0,10.57,16273.06,-1
2024-11-05,2024-11-05 13:16:00,1532.6,1532.6,1532.58,1532.58,-0.0,10.57,16273.06,-1
2024-11-05,2024-11-05 13:17:00,1532.58,1532.58,1532.55,1532.55,-0.0,10.57,16273.06,-1
2024-11-05,2024-11-05 13:18:00,1532.55,1532.55,1532.53,1532.53,-0.0,10.57,16273.06,-1
2024-11-05,2024-11-05 13:19:00,1532.53,1532.53,1532.5,1532.5,-0.0,10.57,16273.06,-1
2024-11-05,2024-11-05 13:20:00,1532.5,1532.5,1532.47,1532.47,-0.0,10.57,16273.06,-1
2024-11-05,2024-11-05 13:21:00,1532.47,1532.47,1532.45,1532.45,-0.0,10.57,16273.06,-1
2024-11-05,2024-11-05 13:22:00,1532.45,1532.45,1532.42,1532.42,-0.0,10.57,16273.06,-1
2024-11-05,2024-11-05 13:23:00,1532.42,1532.42,1532.4,1532.4,-0.0,10.57,16273.06,-1
2024-11-05,2024-11-05 13:24:00,1532.4,1532.4,1532.38,1532.38,-0.0,10.57,16273.06,-1
2024-11-05,2024-11-05 13:25:00,1532.38,1532.38,1532.35,1532.35,-0.0,10.57,16273.06,-1
2024-11-05,2024-11-05 13:26:00,1532.35,1532.35,1532.33,1532.33,-0.0,10.57,16273.06,-1
2024-11-05,2024-11-05 13:27:00,1532.33,1532.33,1532.3,1532.3,-0.0,10.57,16273.06,-1
2024-11-05,2024-11-05 13:28:00,1532.3,1532.3,1532.28,1532.28,-0.0,10.57,16273.06,-1
2024-11-05,2024-11-05 13:29:00,1532.28,1532.28,1532.25,1532.25,-0.0,10.57,16273.06,-1
2024-11-05,2024-11-05 13:30:00,1532.25,1532.25,1532.22,1532.22,-0.0,10.57,16273.06,-1
2024-11-05,2024-11-05 13:31:00,1532.22,1532.22,1532.2,1532.2,-0.0,10.57,16273.06,-1
2024-11-05,2024-11-05 13:32:00,1532.2,1532.2,1532.17,1532.17,-0.0,10.57,16273.06,-1
2024-11-05,2024-11-05 13:33:00,1532.17,1532.17,1532.15,1532.15,-0.0,10.57,16273.06,-1
2024-11-05,2024-11-05 13:34:00,1532.15,1532.15,1532.12,1532.12,-0.0,10.57,16273.06,-1
2024-11-05,2024-11-05 13:35:00,1532.12,1532.12,1532.1,1532.1,-0.0,10.57,16273.06,-1
2024-11-05,2024-11-05 13:36:00,1532.1,1532.1,1532.08,1532.08,-0.0,10.57,16273.06,-1
2024-11-05,2024-11-05 13:37:00,1532.08,1532.08,1532.05,1532.05,-0.0,10.57,16273.06,-1
2024-11-05,2024-11-05 13:38:00,1532.05,1532.05,1532.03,1532.03,-0.0,10.57,16273.06,-1
2024-11-05,2024-11-05 13:39:00,1532.03,1532.03,1532.0,1532.0,-0.0,10.57,16273.06,-1
2024-11-05,2024-11-05 13:40:00,1532.0,1532.0,1531.97,1531.97,-0.0,10.57,16273.06,-1
2024-11-05,2024-11-05 13:41:00,1531.97,1531.97,1531.95,1531.95,-0.0,10.57,16273.06,-1
2024-11-05,2024-11-05 13:42:00,1531.95,1531.95,1531.92,1531.92,-0.0,10.57,16273.06,-1
2024-11-05,2024-11-05 13:43:00,1531.92,1531.92,1531.9,1531.9,-0.0,10.57,16273.06,-1
2024-11-05,2024-11-05 13:44:00,1531.9,1531.9,1531.88,1531.88,-0.0,10.57,16273.06,-1
2024-11-05,2024-11-05 13:45:00,1531.88,1531.88,1531.85,1531.85,-0.0,10.57,16273.06,-1
2024-11-05,2024-11-05 13:46:00,1531.85,1531.85,1531.83,1531.83,-0.0,10.57,16273.06,-1
2024-11-05,2024-11-05 13:47:00,1531.83,1531.83,1531.8,1531.8,-0.0,10.57,16273.06,-1
2024-11-05,2024-11-05 13:48:00,1531.8,1531.8,1531.78,1531.78,-0.0,10.57,16273.06,-1
2024-11-05,2024-11-05 13:49:00,1531.78,1531.78,1531.75,1531.75,-0.0,10.57,16273.06,-1
2024-11-05,2024-11-05 13:50:00,1531.75,1531.75,1531.72,1531.72,-0.0,10.57,16273.06,-1
2024-11-05,2024-11-05 13:51:00,1531.72,1531.72,1531.7,1531.7,-0.0,10.57,16273.06,-1
2024-11-05,2024-11-05 13:52:00,1531.7,1531.7,1531.67,1531.67,-0.0,10.57,16273.06,-1
2024-11-05,2024-11-05 13:53:00,1531.67,1531.67,1531.65,1531.65,-0.0,10.57,16273.06,-1
2024-11-05,2024-11-05 13:54:00,1531.65,1531.65,1531.62,1531.62,-0.0,10.57,16273.06,-1
2024-11-05,2024-11-05 13:55:00,1531.62,1531.62,1531.6,1531.6,-0.0,10.57,16273.06,-1
2024-11-05,2024-11-05 13:56:00,1531.6,1531.6,1531.58,1531.58,-0.0,10.57,16273.06,-1
2024-11-05,2024-11-05 13:57:00,1531.58,1531.58,1531.55,1531.55,-0.0,10.57,16273.06,-1
2024-11-05,2024-11-05 13:58:00,1531.55,1531.55,1531.53,1531.53,-0.0,10.57,16273.06,-1
2024-11-05,2024-11-05 13:59:00,1531.53,1531.53,1531.5,1531.5,-0.0,10.57,16273.06,-1
2024-11-05,2024-11-05 14:00:00,1531.5,1531.5,1531.47,1531.47,-0.0,10.57,16273.06,-1
2024-11-05,2024-11-05 14:01:00,1531.47,1531.47,1531.45,1531.45,-0.0,10.57,16273.06,-1
2024-11-05,2024-11-05 14:02:00,1531.45,1531.45,1531.42,1531.42,-0.0,10.57,16273.06,-1
2024-11-05,2024-11-05 14:03:00,1531.42,1531.42,1531.4,1531.4,-0.0,10.57,16273.06,-1
2024-11-05,2024-11-05 14:04:00,1531.4,1531.4,1531.38,1531.38,-0.0,10.57,16273.06,-1
2024-11-05,2024-11-05 14:05:00,1531.38,1531.38,1531.35,1531.35,-0.0,10.57,16273.06,-1
2024-11-05,2024-11-05 14:06:00,1531.35,1531.35,1531.33,1531.33,-0.0,10.57,16273.06,-1
2024-11-05,2024-11-05 14:07:00,1531.33,1531.33,1531.3,1531.3,-0.0,10.57,16273.06,-1
2024-11-05,2024-11-05 14:08:00,1531.3,1531.3,1531.28,1531.28,-0.0,10.57,16273.06,-1
2024-11-05,2024-11-05 14:09:00,1531.28,1531.28,1531.25,1531.25,-0.0,10.57,16273.06,-1
2024-11-05,2024-11-05 14:10:00,1531.25,1531.25,1531.22,1531.22,-0.0,10.57,16273.06,-1
2024-11-05,2024-11-05 14:11:00,1531.22,1531.22,1531.2,1531.2,-0.0,10.57,16273.06,-1
2024-11-05,2024-11-05 14:12:00,1531.2,1531.2,1531.17,1531.17,-0.0,10.57,16273.06,-1
2024-11-05,2024-11-05 14:13:00,1531.17,1531.17,1531.15,1531.15,-0.0,10.57,16273.06,-1
2024-11-05,2024-11-05 14:14:00,1531.15,1531.15,1531.12,1531.12,-0.0,10.57,16273.06,-1
2024-11-05,2024-11-05 14:15:00,1531.12,1531.12,1531.1,1531.1,-0.0,10.57,16273.06,-1
2024-11-05,2024-11-05 14:16:00,1531.1,1531.1,1531.08,1531.08,-0.0,10.57,16273.06,-1
2024-11-05,2024-11-05 14:17:00,1531.08,1531.08,1531.05,1531.05,-0.0,10.57,16273.06,-1
2024-11-05,2024-11-05 14:18:00,1531.05,1531.05,1531.03,1531.03,-0.0,10.57,16273.06,-1
2024-11-05,2024-11-05 14:19:00,1531.03,1531.03,1531.0,1531.0,-0.0,10.57,16273.06,-1
2024-11-05,2024-11-05 14:20:00,1531.0,1531.0,1530.97,1530.97,-0.0,10.57,16273.06,-1
2024-11-05,2024-11-05 14:21:00,1530.97,1530.97,1530.95,1530.95,-0.0,10.57,16273.06,-1
2024-11-05,2024-11-05 14:22:00,1530.95,1530.95,1530.92,1530.92,-0.0,10.57,16273.06,-1
2024-11-05,2024-11-05 14:23:00,1530.92,1530.92,1530.9,1530.9,-0.0,10.57,16273.06,-1
2024-11-05,2024-11-05 14:24:00,1530.9,1530.9,1530.88,1530.88,-0.0,10.57,16273.06,-1
2024-11-05,2024-11-05 14:25:00,1530.88,1530.88,1530.85,1530.85,-0.0,10.57,16273.06,-1
2024-11-05,2024-11-05 14:26:00,1530.85,1530.85,1530.83,1530.83,-0.0,10.57,16273.06,-1
2024-11-05,2024-11-05 14:27:00,1530.83,1530.83,1530.8,1530.8,-0.0,10.57,16273.06,-1
2024-11-05,2024-11-05 14:28:00,1530.8,1530.8,1530.78,1530.78,-0.0,10.57,16273.06,-1
2024-11-05,2024-11-05 14:29:00,1530.78,1530.78,1530.75,1530.75,-0.0,10.57,16273.06,-1
2024-11-05,2024-11-05 14:30:00,1530.75,1530.75,1530.72,1530.72,-0.0,10.57,16273.06,-1
2024-11-05,2024-11-05 14:31:00,1530.72,1530.72,1530.7,1530.7,-0.0,10.57,16273.06,-1
2024-11-05,2024-11-05 14:32:00,1530.7,1530.7,1530.67,1530.67,-0.0,10.57,16273.06,-1
2024-11-05,2024-11-05 14:33:00,1530.67,1530.67,1530.65,1530.65,-0.0,10.57,16273.06,-1
2024-11-05,2024-11-05 14:34:00,1530.65,1530.65,1530.62,1530.62,-0.0,10.57,16273.06,-1
2024-11-05,2024-11-05 14:35:00,1530.62,1530.62,1530.6,1530.6,-0.0,10.57,16273.06,-1
2024-11-05,2024-11-05 14:36:00,1530.6,1530.6,1530.58,1530.58,-0.0,10.57,16273.06,-1
2024-11-05,2024-11-05 14:37:00,1530.58,1530.58,1530.55,1530.55,-0.0,10.57,16273.06,-1
2024-11-05,2024-11-05 14:38:00,1530.55,1530.55,1530.53,1530.53,-0.0,10.57,16273.06,-1
2024-11-05,2024-11-05 14:39:00,1530.53,1530.53,1530.5,1530.5,-0.0,10.57,16273.06,-1
2024-11-05,2024-11-05 14:40:00,1530.5,1530.5,1530.47,1530.47,-0.0,10.57,16273.06,-1
2024-11-05,2024-11-05 14:41:00,1530.47,1530.47,1530.45,1530.45,-0.0,10.57,16273.06,-1
2024-11-05,2024-11-05 14:42:00,1530.45,1530.45,1530.42,1530.42,-0.0,10.57,16273.06,-1
2024-11-05,2024-11-05 14:43:00,1530.42,1530.42,1530.4,1530.4,-0.0,10.57,16273.06,-1
2024-11-05,2024-11-05 14:44:00,1530.4,1530.4,1530.38,1530.38,-0.0,10.57,16273.06,-1
2024-11-05,2024-11-05 14:45:00,1530.38,1530.38,1530.35,1530.35,-0.0,10.57,16273.06,-1
2024-11-05,2024-11-05 14:46:00,1530.35,1530.35,1530.33,1530.33,-0.0,10.57,16273.06,-1
2024-11-05,2024-11-05 14:47:00,1530.33,1530.33,1530.3,1530.3,-0.0,10.57,16273.06,-1
2024-11-05,2024-11-05 14:48:00,1530.3,1530.3,1530.28,1530.28,-0.0,10.57,16273.06,-1
2024-11-05,2024-11-05 14:49:00,1530.28,1530.28,1530.25,1530.25,-0.0,10.57,16273.06,-1
2024-11-05,2024-11-05 14:50:00,1530.25,1530.25,1530.22,1530.22,-0.0,10.57,16273.06,-1
2024-11-05,2024-11-05 14:51:00,1530.22,1530.22,1530.2,1530.2,-0.0,10.57,16273.06,-1
2024-11-05,2024-11-05 14:52:00,1530.2,1530.2,1530.17,1530.17,-0.0,10.57,16273.06,-1
2024-11-05,2024-11-05 14:53:00,1530.17,1530.17,1530.15,1530.15,-0.0,10.57,16273.06,-1
2024-11-05,2024-11-05 14:54:00,1530.15,1530.15,1530.12,1530.12,-0.0,10.57,16273.06,-1
2024-11-05,2024-11-05 14:55:00,1530.12,1530.12,1530.1,1530.1,-0.0,10.57,16273.06,-1
2024-11-05,2024-11-05 14:56:00,1530.1,1530.1,1530.08,1530.08,-0.0,10.57,16273.06,-1
2024-11-05,2024-11-05 14:57:00,1530.08,1530.08,1530.05,1530.05,-0.0,10.57,16273.06,-1
2024-11-05,2024-11-05 14:58:00,1530.05,1530.05,1530.03,1530.03,-0.0,10.57,16273.06,-1
2024-11-05,2024-11-05 14:59:00,1530.03,1530.03,1530.0,1530.0,-0.0,10.57,16273.06,-1
2024-11-05,2024-11-05 15:00:00,1530.0,1565.0,1530.0,1530.0,0.0,10.57,16273.06,0
2024-11-06,2024-11-06 11:00:00,1510.1,1534.04,1510.07,1510.24,0.01,9.95,15322.31,1
2024-11-06,2024-11-06 11:01:00,1510.24,1510.38,1510.24,1510.38,0.01,9.95,15322.31,1
2024-11-06,2024-11-06 11:02:00,1510.38,1510.52,1510.38,1510.52,0.01,9.95,15322.31,1
2024-11-06,2024-11-06 11:03:00,1510.52,1510.66,1510.52,1510.66,0.01,9.95,15322.31,1
2024-11-06,2024-11-06 11:04:00,1510.66,1510.81,1510.66,1510.81,0.01,9.95,15322.31,1
2024-11-06,2024-11-06 11:05:00,1510.81,1510.95,1510.81,1510.95,0.01,9.95,15322.31,1
2024-11-06,2024-11-06 11:06:00,1510.95,1511.09,1510.95,1511.09,0.01,9.95,15322.31,1
2024-11-06,2024-11-06 11:07:00,1511.09,1511.23,1511.09,1511.23,0.01,9.95,15322.31,1
2024-11-06,2024-11-06 11:08:00,1511.23,1511.37,1511.23,1511.37,0.01,9.95,15322.31,1
2024-11-06,2024-11-06 11:09:00,1511.37,1511.51,1511.37,1511.51,0.01,9.95,15322.31,1
2024-11-06,2024-11-06 11:10:00,1511.51,1511.65,1511.51,1511.65,0.01,9.95,15322.31,1
2024-11-06,2024-11-06 11:11:00,1511.65,1511.79,1511.65,1511.79,0.01,9.95,15322.31,1
2024-11-06,2024-11-06 11:12:00,1511.79,1511.94,1511.79,1511.94,0.01,9.95,15322.31,1
2024-11-06,2024-11-06 11:13:00,1511.94,1512.08,1511.94,1512.08,0.01,9.95,15322.31,1
2024-11-06,2024-11-06 11:14:00,1512.08,1512.22,1512.08,1512.22,0.01,9.95,15322.31,1
2024-11-06,2024-11-06 11:15:00,1512.22,1512.36,1512.22,1512.36,0.01,9.95,15322.31,1
2024-11-06,2024-11-06 11:16:00,1512.36,1512.5,1512.36,1512.5,0.01,9.95,15322.31,1
2024-11-06,2024-11-06 11:17:00,1512.5,1512.64,1512.5,1512.64,0.01,9.95,15322.31,1
2024-11-06,2024-11-06 11:18:00,1512.64,1512.78,1512.64,1512.78,0.01,9.95,15322.31,1
2024-11-06,2024-11-06 11:19:00,1512.78,1512.92,1512.78,1512.92,0.01,9.95,15322.31,1
2024-11-06,2024-11-06 11:20:00,1512.92,1513.07,1512.92,1513.07,0.01,9.95,15322.31,1
2024-11-06,2024-11-06 11:21:00,1513.07,1513.21,1513.07,1513.21,0.01,9.95,15322.31,1
2024-11-06,2024-11-06 11:22:00,1513.21,1513.35,1513.21,1513.35,0.01,9.95,15322.31,1
2024-11-06,2024-11-06 11:23:00,1513.35,1513.49,1513.35,1513.49,0.01,9.95,15322.31,1
2024-11-06,2024-11-06 11:24:00,1513.49,1513.63,1513.49,1513.63,0.01,9.95,15322.31,1
2024-11-06,2024-11-06 11:25:00,1513.63,1513.77,1513.63,1513.77,0.01,9.95,15322.31,1
2024-11-06,2024-11-06 11:26:00,1513.77,1513.91,1513.77,1513.91,0.01,9.95,15322.31,1
2024-11-06,2024-11-06 11:27:00,1513.91,1514.05,1513.91,1514.05,0.01,9.95,15322.31,1
2024-11-06,2024-11-06 11:28:00,1514.05,1514.2,1514.05,1514.2,0.01,9.95,15322.31,1
2024-11-06,2024-11-06 11:29:00,1514.2,1514.34,1514.2,1514.34,0.01,9.95,15322.31,1
2024-11-06,2024-11-06 11:30:00,1514.34,1514.48,1514.34,1514.48,0.01,9.95,15322.31,1
2024-11-06,2024-11-06 11:31:00,1514.48,1514.62,1514.48,1514.62,0.01,9.95,15322.31,1
2024-11-06,2024-11-06 11:32:00,1514.62,1514.76,1514.62,1514.76,0.01,9.95,15322.31,1
2024-11-06,2024-11-06 11:33:00,1514.76,1514.9,1514.76,1514.9,0.01,9.95,15322.31,1
2024-11-06,2024-11-06 11:34:00,1514.9,1515.04,1514.9,1515.04,0.01,9.95,15322.31,1
2024-11-06,2024-11-06 11:35:00,1515.04,1515.18,1515.04,1515.18,0.01,9.95,15322.31,1
2024-11-06,2024-11-06 11:36:00,1515.18,1515.33,1515.18,1515.33,0.01,9.95,15322.31,1
2024-11-06,2024-11-06 11:37:00,1515.33,1515.47,1515.33,1515.47,0.01,9.95,15322.31,1
2024-11-06,2024-11-06 11:38:00,1515.47,1515.61,1515.47,1515.61,0.01,9.95,15322.31,1
2024-11-06,2024-11-06 11:39:00,1515.61,1515.75,1515.61,1515.75,0.01,9.95,15322.31,1
2024-11-06,2024-11-06 11:40:00,1515.75,1515.89,1515.75,1515.89,0.01,9.95,15322.31,1
2024-11-06,2024-11-06 11:41:00,1515.89,1516.03,1515.89,1516.03,0.01,9.95,15322.31,1
2024-11-06,2024-11-06 11:42:00,1516.03,1516.17,1516.03,1516.17,0.01,9.95,15322.31,1
2024-11-06,2024-11-06 11:43:00,1516.17,1516.31,1516.17,1516.31,0.01,9.95,15322.31,1
2024-11-06,2024-11-06 11:44:00,1516.31,1516.46,1516.31,1516.46,0.01,9.95,15322.31,1
2024-11-06,2024-11-06 11:45:00,1516.46,1516.6,1516.46,1516.6,0.01,9.95,15322.31,1
2024-11-06,2024-11-06 11:46:00,1516.6,1516.74,1516.6,1516.74,0.01,9.95,15322.31,1
2024-11-06,2024-11-06 11:47:00,1516.74,1516.88,1516.74,1516.88,0.01,9.95,15322.31,1
2024-11-06,2024-11-06 11:48:00,1516.88,1517.02,1516.88,1517.02,0.01,9.95,15322.31,1
2024-11-06,2024-11-06 11:49:00,1517.02,1517.16,1517.02,1517.16,0.01,9.95,15322.31,1
2024-11-06,2024-11-06 11:50:00,1517.16,1517.3,1517.16,1517.3,0.01,9.95,15322.31,1
2024-11-06,2024-11-06 11:51:00,1517.3,1517.44,1517.3,1517.44,0.01,9.95,15322.31,1
2024-11-06,2024-11-06 11:52:00,1517.44,1517.59,1517.44,1517.59,0.01,9.95,15322.31,1
2024-11-06,2024-11-06 11:53:00,1517.59,1517.73,1517.59,1517.73,0.01,9.95,15322.31,1
2024-11-06,2024-11-06 11:54:00,1517.73,1517.87,1517.73,1517.87,0.01,9.95,15322.31,1
2024-11-06,2024-11-06 11:55:00,1517.87,1518.01,1517.87,1518.01,0.01,9.95,15322.31,1
2024-11-06,2024-11-06 11:56:00,1518.01,1518.15,1518.01,1518.15,0.01,9.95,15322.31,1
2024-11-06,2024-11-06 11:57:00,1518.15,1518.29,1518.15,1518.29,0.01,9.95,15322.31,1
2024-11-06,2024-11-06 11:58:00,1518.29,1518.43,1518.29,1518.43,0.01,9.95,15322.31,1
2024-11-06,2024-11-06 11:59:00,1518.43,1518.57,1518.43,1518.57,0.01,9.95,15322.31,1
2024-11-06,2024-11-06 12:00:00,1518.57,1518.72,1518.57,1518.72,0.01,9.95,15322.31,1
2024-11-06,2024-11-06 12:01:00,1518.72,1518.86,1518.72,1518.86,0.01,9.95,15322.31,1
2024-11-06,2024-11-06 12:02:00,1518.86,1519.0,1518.86,1519.0,0.01,9.95,15322.31,1
2024-11-06,2024-11-06 12:03:00,1519.0,1519.14,1519.0,1519.14,0.01,9.95,15322.31,1
2024-11-06,2024-11-06 12:04:00,1519.14,1519.28,1519.14,1519.28,0.01,9.95,15322.31,1
2024-11-06,2024-11-06 12:05:00,1519.28,1519.42,1519.28,1519.42,0.01,9.95,15322.31,1
2024-11-06,2024-11-06 12:06:00,1519.42,1519.56,1519.42,1519.56,0.01,9.95,15322.31,1
2024-11-06,2024-11-06 12:07:00,1519.56,1519.7,1519.56,1519.7,0.01,9.95,15322.31,1
2024-11-06,2024-11-06 12:08:00,1519.7,1519.85,1519.7,1519.85,0.01,9.95,15322.31,1
2024-11-06,2024-11-06 12:09:00,1519.85,1519.99,1519.85,1519.99,0.01,9.95,15322.31,1
2024-11-06,2024-11-06 12:10:00,1519.99,1520.13,1519.99,1520.13,0.01,9.95,15322.31,1
2024-11-06,2024-11-06 12:11:00,1520.13,1520.27,1520.13,1520.27,0.01,9.95,15322.31,1
2024-11-06,2024-11-06 12:12:00,1520.27,1520.41,1520.27,1520.41,0.01,9.95,15322.31,1
2024-11-06,2024-11-06 12:13:00,1520.41,1520.55,1520.41,1520.55,0.01,9.95,15322.31,1
2024-11-06,2024-11-06 12:14:00,1520.55,1520.69,1520.55,1520.69,0.01,9.95,15322.31,1
2024-11-06,2024-11-06 12:15:00,1520.69,1520.84,1520.69,1520.84,0.01,9.95,15322.31,1
2024-11-06,2024-11-06 12:16:00,1520.84,1520.98,1520.84,1520.98,0.01,9.95,15322.31,1
2024-11-06,2024-11-06 12:17:00,1520.98,1521.12,1520.98,1521.12,0.01,9.95,15322.31,1
2024-11-06,2024-11-06 12:18:00,1521.12,1521.26,1521.12,1521.26,0.01,9.95,15322.31,1
2024-11-06,2024-11-06 12:19:00,1521.26,1521.4,1521.26,1521.4,0.01,9.95,15322.31,1
2024-11-06,2024-11-06 12:20:00,1521.4,1521.54,1521.4,1521.54,0.01,9.95,15322.31,1
2024-11-06,2024-11-06 12:21:00,1521.54,1521.68,1521.54,1521.68,0.01,9.95,15322.31,1
2024-11-06,2024-11-06 12:22:00,1521.68,1521.82,1521.68,1521.82,0.01,9.95,15322.31,1
2024-11-06,2024-11-06 12:23:00,1521.82,1521.96,1521.82,1521.96,0.01,9.95,15322.31,1
2024-11-06,2024-11-06 12:24:00,1521.96,1522.11,1521.96,1522.11,0.01,9.95,15322.31,1
2024-11-06,2024-11-06 12:25:00,1522.11,1522.25,1522.11,1522.25,0.01,9.95,15322.31,1
2024-11-06,2024-11-06 12:26:00,1522.25,1522.39,1522.25,1522.39,0.01,9.95,15322.31,1
2024-11-06,2024-11-06 12:27:00,1522.39,1522.53,1522.39,1522.53,0.01,9.95,15322.31,1
2024-11-06,2024-11-06 12:28:00,1522.53,1522.67,1522.53,1522.67,0.01,9.95,15322.31,1
2024-11-06,2024-11-06 12:29:00,1522.67,1522.81,1522.67,1522.81,0.01,9.95,15322.31,1
2024-11-06,2024-11-06 12:30:00,1522.81,1522.95,1522.81,1522.95,0.01,9.95,15322.31,1
2024-11-06,2024-11-06 12:31:00,1522.95,1523.1,1522.95,1523.1,0.01,9.95,15322.31,1
2024-11-06,2024-11-06 12:32:00,1523.1,1523.24,1523.1,1523.24,0.01,9.95,15322.31,1
2024-11-06,2024-11-06 12:33:00,1523.24,1523.38,1523.24,1523.38,0.01,9.95,15322.31,1
2024-11-06,2024-11-06 12:34:00,1523.38,1523.52,1523.38,1523.52,0.01,9.95,15322.31,1
2024-11-06,2024-11-06 12:35:00,1523.52,1523.66,1523.52,1523.66,0.01,9.95,15322.31,1
2024-11-06,2024-11-06 12:36:00,1523.66,1523.8,1523.66,1523.8,0.01,9.95,15322.31,1
2024-11-06,2024-11-06 12:37:00,1523.8,1523.94,1523.8,1523.94,0.01,9.95,15322.31,1
2024-11-06,2024-11-06 12:38:00,1523.94,1524.08,1523.94,1524.08,0.01,9.95,15322.31,1
2024-11-06,2024-11-06 12:39:00,1524.08,1524.22,1524.08,1524.22,0.01,9.95,15322.31,1
2024-11-06,2024-11-06 12:40:00,1524.22,1524.37,1524.22,1524.37,0.01,9.95,15322.31,1
2024-11-06,2024-11-06 12:41:00,1524.37,1524.51,1524.37,1524.51,0.01,9.95,15322.31,1
2024-11-06,2024-11-06 12:42:00,1524.51,1524.65,1524.51,1524.65,0.01,9.95,15322.31,1
2024-11-06,2024-11-06 12:43:00,1524.65,1524.79,1524.65,1524.79,0.01,9.95,15322.31,1
2024-11-06,2024-11-06 12:44:00,1524.79,1524.93,1524.79,1524.93,0.01,9.95,15322.31,1
2024-11-06,2024-11-06 12:45:00,1524.93,1525.07,1524.93,1525.07,0.01,9.95,15322.31,1
2024-11-06,2024-11-06 12:46:00,1525.07,1525.21,1525.07,1525.21,0.01,9.95,15322.31,1
2024-11-06,2024-11-06 12:47:00,1525.21,1525.36,1525.21,1525.36,0.01,9.95,15322.31,1
2024-11-06,2024-11-06 12:48:00,1525.36,1525.5,1525.36,1525.5,0.01,9.95,15322.31,1
2024-11-06,2024-11-06 12:49:00,1525.5,1525.64,1525.5,1525.64,0.01,9.95,15322.31,1
2024-11-06,2024-11-06 12:50:00,1525.64,1525.78,1525.64,1525.78,0.01,9.95,15322.31,1
2024-11-06,2024-11-06 12:51:00,1525.78,1525.92,1525.78,1525.92,0.01,9.95,15322.31,1
2024-11-06,2024-11-06 12:52:00,1525.92,1526.06,1525.92,1526.06,0.01,9.95,15322.31,1
2024-11-06,2024-11-06 12:53:00,1526.06,1526.2,1526.06,1526.2,0.01,9.95,15322.31,1
2024-11-06,2024-11-06 12:54:00,1526.2,1526.34,1526.2,1526.34,0.01,9.95,15322.31,1
2024-11-06,2024-11-06 12:55:00,1526.34,1526.48,1526.34,1526.48,0.01,9.95,15322.31,1
2024-11-06,2024-11-06 12:56:00,1526.48,1526.63,1526.48,1526.63,0.01,9.95,15322.31,1
2024-11-06,2024-11-06 12:57:00,1526.63,1526.77,1526.63,1526.77,0.01,9.95,15322.31,1
2024-11-06,2024-11-06 12:58:00,1526.77,1526.91,1526.77,1526.91,0.01,9.95,15322.31,1
2024-11-06,2024-11-06 12:59:00,1526.91,1527.05,1526.91,1527.05,0.01,9.95,15322.31,1
2024-11-06,2024-11-06 13:00:00,1527.05,1589.9,1510.0,1527.19,0.01,9.95,15322.31,1
2024-11-06,2024-11-06 13:01:00,1527.19,1527.33,1527.19,1527.33,0.01,9.95,15322.31,1
2024-11-06,2024-11-06 13:02:00,1527.33,1527.47,1527.33,1527.47,0.01,9.95,15322.31,1
2024-11-06,2024-11-06 13:03:00,1527.47,1527.62,1527.47,1527.62,0.01,9.95,15322.31,1
2024-11-06,2024-11-06 13:04:00,1527.62,1527.76,1527.62,1527.76,0.01,9.95,15322.31,1
2024-11-06,2024-11-06 13:05:00,1527.76,1527.9,1527.76,1527.9,0.01,9.95,15322.31,1
2024-11-06,2024-11-06 13:06:00,1527.9,1528.04,1527.9,1528.04,0.01,9.95,15322.31,1
2024-11-06,2024-11-06 13:07:00,1528.04,1528.18,1528.04,1528.18,0.01,9.95,15322.31,1
2024-11-06,2024-11-06 13:08:00,1528.18,1528.32,1528.18,1528.32,0.01,9.95,15322.31,1
2024-11-06,2024-11-06 13:09:00,1528.32,1528.46,1528.32,1528.46,0.01,9.95,15322.31,1
2024-11-06,2024-11-06 13:10:00,1528.46,1528.6,1528.46,1528.6,0.01,9.95,15322.31,1
2024-11-06,2024-11-06 13:11:00,1528.6,1528.74,1528.6,1528.74,0.01,9.95,15322.31,1
2024-11-06,2024-11-06 13:12:00,1528.74,1528.89,1528.74,1528.89,0.01,9.95,15322.31,1
2024-11-06,2024-11-06 13:13:00,1528.89,1529.03,1528.89,1529.03,0.01,9.95,15322.31,1
2024-11-06,2024-11-06 13:14:00,1529.03,1529.17,1529.03,1529.17,0.01,9.95,15322.31,1
2024-11-06,2024-11-06 13:15:00,1529.17,1529.31,1529.17,1529.31,0.01,9.95,15322.31,1
2024-11-06,2024-11-06 13:16:00,1529.31,1529.45,1529.31,1529.45,0.01,9.95,15322.31,1
2024-11-06,2024-11-06 13:17:00,1529.45,1529.59,1529.45,1529.59,0.01,9.95,15322.31,1
2024-11-06,2024-11-06 13:18:00,1529.59,1529.73,1529.59,1529.73,0.01,9.95,15322.31,1
2024-11-06,2024-11-06 13:19:00,1529.73,1529.88,1529.73,1529.88,0.01,9.95,15322.31,1
2024-11-06,2024-11-06 13:20:00,1529.88,1530.02,1529.88,1530.02,0.01,9.95,15322.31,1
2024-11-06,2024-11-06 13:21:00,1530.02,1530.16,1530.02,1530.16,0.01,9.95,15322.31,1
2024-11-06,2024-11-06 13:22:00,1530.16,1530.3,1530.16,1530.3,0.01,9.95,15322.31,1
2024-11-06,2024-11-06 13:23:00,1530.3,1530.44,1530.3,1530.44,0.01,9.95,15322.31,1
2024-11-06,2024-11-06 13:24:00,1530.44,1530.58,1530.44,1530.58,0.01,9.95,15322.31,1
2024-11-06,2024-11-06 13:25:00,1530.58,1530.72,1530.58,1530.72,0.01,9.95,15322.31,1
2024-11-06,2024-11-06 13:26:00,1530.72,1530.86,1530.72,1530.86,0.01,9.95,15322.31,1
2024-11-06,2024-11-06 13:27:00,1530.86,1531.0,1530.86,1531.0,0.01,9.95,15322.31,1
2024-11-06,2024-11-06 13:28:00,1531.0,1531.15,1531.0,1531.15,0.01,9.95,15322.31,1
2024-11-06,2024-11-06 13:29:00,1531.15,1531.29,1531.15,1531.29,0.01,9.95,15322.31,1
2024-11-06,2024-11-06 13:30:00,1531.29,1531.43,1531.29,1531.43,0.01,9.95,15322.31,1
2024-11-06,2024-11-06 13:31:00,1531.43,1531.57,1531.43,1531.57,0.01,9.95,15322.31,1
2024-11-06,2024-11-06 13:32:00,1531.57,1531.71,1531.57,1531.71,0.01,9.95,15322.31,1
2024-11-06,2024-11-06 13:33:00,1531.71,1531.85,1531.71,1531.85,0.01,9.95,15322.31,1
2024-11-06,2024-11-06 13:34:00,1531.85,1531.99,1531.85,1531.99,0.01,9.95,15322.31,1
2024-11-06,2024-11-06 13:35:00,1531.99,1532.13,1531.99,1532.13,0.01,9.95,15322.31,1
2024-11-06,2024-11-06 13:36:00,1532.13,1532.28,1532.13,1532.28,0.01,9.95,15322.31,1
2024-11-06,2024-11-06 13:37:00,1532.28,1532.42,1532.28,1532.42,0.01,9.95,15322.31,1
2024-11-06,2024-11-06 13:38:00,1532.42,1532.56,1532.42,1532.56,0.01,9.95,15322.31,1
2024-11-06,2024-11-06 13:39:00,1532.56,1532.7,1532.56,1532.7,0.01,9.95,15322.31,1
2024-11-06,2024-11-06 13:40:00,1532.7,1532.84,1532.7,1532.84,0.01,9.95,15322.31,1
2024-11-06,2024-11-06 13:41:00,1532.84,1532.98,1532.84,1532.98,0.01,9.95,15322.31,1
2024-11-06,2024-11-06 13:42:00,1532.98,1533.12,1532.98,1533.12,0.01,9.95,15322.31,1
2024-11-06,2024-11-06 13:43:00,1533.12,1533.26,1533.12,1533.26,0.01,9.95,15322.31,1
2024-11-06,2024-11-06 13:44:00,1533.26,1533.41,1533.26,1533.41,0.01,9.95,15322.31,1
2024-11-06,2024-11-06 13:45:00,1533.41,1533.55,1533.41,1533.55,0.01,9.95,15322.31,1
2024-11-06,2024-11-06 13:46:00,1533.55,1533.69,1533.55,1533.69,0.01,9.95,15322.31,1
2024-11-06,2024-11-06 13:47:00,1533.69,1533.83,1533.69,1533.83,0.01,9.95,15322.31,1
2024-11-06,2024-11-06 13:48:00,1533.83,1533.97,1533.83,1533.97,0.01,9.95,15322.31,1
2024-11-06,2024-11-06 13:49:00,1533.97,1534.11,1533.97,1534.11,0.01,9.95,15322.31,1
2024-11-06,2024-11-06 13:50:00,1534.11,1534.25,1534.11,1534.25,0.01,9.95,15322.31,1
2024-11-06,2024-11-06 13:51:00,1534.25,1534.39,1534.25,1534.39,0.01,9.95,15322.31,1
2024-11-06,2024-11-06 13:52:00,1534.39,1534.54,1534.39,1534.54,0.01,9.95,15322.31,1
2024-11-06,2024-11-06 13:53:00,1534.54,1534.68,1534.54,1534.68,0.01,9.95,15322.31,1
2024-11-06,2024-11-06 13:54:00,1534.68,1534.82,1534.68,1534.82,0.01,9.95,15322.31,1
2024-11-06,2024-11-06 13:55:00,1534.82,1534.96,1534.82,1534.96,0.01,9.95,15322.31,1
2024-11-06,2024-11-06 13:56:00,1534.96,1535.1,1534.96,1535.1,0.01,9.95,15322.31,1
2024-11-06,2024-11-06 13:57:00,1535.1,1535.24,1535.1,1535.24,0.01,9.95,15322.31,1
2024-11-06,2024-11-06 13:58:00,1535.24,1535.38,1535.24,1535.38,0.01,9.95,15322.31,1
2024-11-06,2024-11-06 13:59:00,1535.38,1535.53,1535.38,1535.53,0.01,9.95,15322.31,1
2024-11-06,2024-11-06 14:00:00,1535.53,1535.67,1535.53,1535.67,0.01,9.95,15322.31,1
2024-11-06,2024-11-06 14:01:00,1535.67,1535.81,1535.67,1535.81,0.01,9.95,15322.31,1
2024-11-06,2024-11-06 14:02:00,1535.81,1535.95,1535.81,1535.95,0.01,9.95,15322.31,1
2024-11-06,2024-11-06 14:03:00,1535.95,1536.09,1535.95,1536.09,0.01,9.95,15322.31,1
2024-11-06,2024-11-06 14:04:00,1536.09,1536.23,1536.09,1536.23,0.01,9.95,15322.31,1
2024-11-06,2024-11-06 14:05:00,1536.23,1536.37,1536.23,1536.37,0.01,9.95,15322.31,1
2024-11-06,2024-11-06 14:06:00,1536.37,1536.51,1536.37,1536.51,0.01,9.95,15322.31,1
2024-11-06,2024-11-06 14:07:00,1536.51,1536.65,1536.51,1536.65,0.01,9.95,15322.31,1
2024-11-06,2024-11-06 14:08:00,1536.65,1536.8,1536.65,1536.8,0.01,9.95,15322.31,1
2024-11-06,2024-11-06 14:09:00,1536.8,1536.94,1536.8,1536.94,0.01,9.95,15322.31,1
2024-11-06,2024-11-06 14:10:00,1536.94,1537.08,1536.94,1537.08,0.01,9.95,15322.31,1
2024-11-06,2024-11-06 14:11:00,1537.08,1537.22,1537.08,1537.22,0.01,9.95,15322.31,1
2024-11-06,2024-11-06 14:12:00,1537.22,1537.36,1537.22,1537.36,0.01,9.95,15322.31,1
2024-11-06,2024-11-06 14:13:00,1537.36,1537.5,1537.36,1537.5,0.01,9.95,15322.31,1
2024-11-06,2024-11-06 14:14:00,1537.5,1537.64,1537.5,1537.64,0.01,9.95,15322.31,1
2024-11-06,2024-11-06 14:15:00,1537.64,1537.79,1537.64,1537.79,0.01,9.95,15322.31,1
2024-11-06,2024-11-06 14:16:00,1537.79,1537.93,1537.79,1537.93,0.01,9.95,15322.31,1
2024-11-06,2024-11-06 14:17:00,1537.93,1538.07,1537.93,1538.07,0.01,9.95,15322.31,1
2024-11-06,2024-11-06 14:18:00,1538.07,1538.21,1538.07,1538.21,0.01,9.95,15322.31,1
2024-11-06,2024-11-06 14:19:00,1538.21,1538.35,1538.21,1538.35,0.01,9.95,15322.31,1
2024-11-06,2024-11-06 14:20:00,1538.35,1538.49,1538.35,1538.49,0.01,9.95,15322.31,1
2024-11-06,2024-11-06 14:21:00,1538.49,1538.63,1538.49,1538.63,0.01,9.95,15322.31,1
2024-11-06,2024-11-06 14:22:00,1538.63,1538.77,1538.63,1538.77,0.01,9.95,15322.31,1
2024-11-06,2024-11-06 14:23:00,1538.77,1538.91,1538.77,1538.91,0.01,9.95,15322.31,1
2024-11-06,2024-11-06 14:24:00,1538.91,1539.06,1538.91,1539.06,0.01,9.95,15322.31,1
2024-11-06,2024-11-06 14:25:00,1539.06,1539.2,1539.06,1539.2,0.01,9.95,15322.31,1
2024-11-06,2024-11-06 14:26:00,1539.2,1539.34,1539.2,1539.34,0.01,9.95,15322.31,1
2024-11-06,2024-11-06 14:27:00,1539.34,1539.48,1539.34,1539.48,0.01,9.95,15322.31,1
2024-11-06,2024-11-06 14:28:00,1539.48,1539.62,1539.48,1539.62,0.01,9.95,15322.31,1
2024-11-06,2024-11-06 14:29:00,1539.62,1539.76,1539.62,1539.76,0.01,9.95,15322.31,1
2024-11-06,2024-11-06 14:30:00,1539.76,1539.9,1539.76,1539.9,0.01,9.95,15322.31,1
2024-11-06,2024-11-06 14:31:00,1539.9,1540.05,1539.9,1540.05,0.01,9.95,15322.31,1
2024-11-06,2024-11-06 14:32:00,1540.05,1540.19,1540.05,1540.19,0.01,9.95,15322.31,1
2024-11-06,2024-11-06 14:33:00,1540.19,1540.33,1540.19,1540.33,0.01,9.95,15322.31,1
2024-11-06,2024-11-06 14:34:00,1540.33,1540.47,1540.33,1540.47,0.01,9.95,15322.31,1
2024-11-06,2024-11-06 14:35:00,1540.47,1540.61,1540.47,1540.61,0.01,9.95,15322.31,1
2024-11-06,2024-11-06 14:36:00,1540.61,1540.75,1540.61,1540.75,0.01,9.95,15322.31,1
2024-11-06,2024-11-06 14:37:00,1540.75,1540.89,1540.75,1540.89,0.01,9.95,15322.31,1
2024-11-06,2024-11-06 14:38:00,1540.89,1541.03,1540.89,1541.03,0.01,9.95,15322.31,1
2024-11-06,2024-11-06 14:39:00,1541.03,1541.17,1541.03,1541.17,0.01,9.95,15322.31,1
2024-11-06,2024-11-06 14:40:00,1541.17,1541.32,1541.17,1541.32,0.01,9.95,15322.31,1
2024-11-06,2024-11-06 14:41:00,1541.32,1541.46,1541.32,1541.46,0.01,9.95,15322.31,1
2024-11-06,2024-11-06 14:42:00,1541.46,1541.6,1541.46,1541.6,0.01,9.95,15322.31,1
2024-11-06,2024-11-06 14:43:00,1541.6,1541.74,1541.6,1541.74,0.01,9.95,15322.31,1
2024-11-06,2024-11-06 14:44:00,1541.74,1541.88,1541.74,1541.88,0.01,9.95,15322.31,1
2024-11-06,2024-11-06 14:45:00,1541.88,1542.02,1541.88,1542.02,0.01,9.95,15322.31,1
2024-11-06,2024-11-06 14:46:00,1542.02,1542.16,1542.02,1542.16,0.01,9.95,15322.31,1
2024-11-06,2024-11-06 14:47:00,1542.16,1542.31,1542.16,1542.31,0.01,9.95,15322.31,1
2024-11-06,2024-11-06 14:48:00,1542.31,1542.45,1542.31,1542.45,0.01,9.95,15322.31,1
2024-11-06,2024-11-06 14:49:00,1542.45,1542.59,1542.45,1542.59,0.01,9.95,15322.31,1
2024-11-06,2024-11-06 14:50:00,1542.59,1542.73,1542.59,1542.73,0.01,9.95,15322.31,1
2024-11-06,2024-11-06 14:51:00,1542.73,1542.87,1542.73,1542.87,0.01,9.95,15322.31,1
2024-11-06,2024-11-06 14:52:00,1542.87,1543.01,1542.87,1543.01,0.01,9.95,15322.31,1
2024-11-06,2024-11-06 14:53:00,1543.01,1543.15,1543.01,1543.15,0.01,9.95,15322.31,1
2024-11-06,2024-11-06 14:54:00,1543.15,1543.29,1543.15,1543.29,0.01,9.95,15322.31,1
2024-11-06,2024-11-06 14:55:00,1543.29,1543.43,1543.29,1543.43,0.01,9.95,15322.31,1
2024-11-06,2024-11-06 14:56:00,1543.43,1543.58,1543.43,1543.58,0.01,9.95,15322.31,1
2024-11-06,2024-11-06 14:57:00,1543.58,1543.72,1543.58,1543.72,0.01,9.95,15322.31,1
2024-11-06,2024-11-06 14:58:00,1543.72,1543.86,1543.72,1543.86,0.01,9.95,15322.31,1
2024-11-06,2024-11-06 14:59:00,1543.86,1544.0,1543.86,1544.0,0.01,9.95,15322.31,1
2024-11-06,2024-11-06 15:00:00,1544.0,1589.9,1510.0,1544.0,0.0,9.95,15322.31,0
2024-11-10,2024-11-10 11:00:00,1520.0,1538.0,1520.0,1520.25,0.02,30.51,47701.6,1
2024-11-10,2024-11-10 11:01:00,1520.25,1520.5,1520.25,1520.5,0.02,30.51,47701.6,1
2024-11-10,2024-11-10 11:02:00,1520.5,1520.75,1520.5,1520.75,0.02,30.51,47701.6,1
2024-11-10,2024-11-10 11:03:00,1520.75,1521.0,1520.75,1521.0,0.02,30.51,47701.6,1
2024-11-10,2024-11-10 11:04:00,1521.0,1521.25,1521.0,1521.25,0.02,30.51,47701.6,1
2024-11-10,2024-11-10 11:05:00,1521.25,1521.5,1521.25,1521.5,0.02,30.51,47701.6,1
2024-11-10,2024-11-10 11:06:00,1521.5,1521.75,1521.5,1521.75,0.02,30.51,47701.6,1
2024-11-10,2024-11-10 11:07:00,1521.75,1522.0,1521.75,1522.0,0.02,30.51,47701.6,1
2024-11-10,2024-11-10 11:08:00,1522.0,1522.25,1522.0,1522.25,0.02,30.51,47701.6,1
2024-11-10,2024-11-10 11:09:00,1522.25,1522.5,1522.25,1522.5,0.02,30.51,47701.6,1
2024-11-10,2024-11-10 11:10:00,1522.5,1522.75,1522.5,1522.75,0.02,30.51,47701.6,1
2024-11-10,2024-11-10 11:11:00,1522.75,1523.0,1522.75,1523.0,0.02,30.51,47701.6,1
2024-11-10,2024-11-10 11:12:00,1523.0,1523.25,1523.0,1523.25,0.02,30.51,47701.6,1
2024-11-10,2024-11-10 11:13:00,1523.25,1523.5,1523.25,1523.5,0.02,30.51,47701.6,1
2024-11-10,2024-11-10 11:14:00,1523.5,1523.75,1523.5,1523.75,0.02,30.51,47701.6,1
2024-11-10,2024-11-10 11:15:00,1523.75,1524.0,1523.75,1524.0,0.02,30.51,47701.6,1
2024-11-10,2024-11-10 11:16:00,1524.0,1524.25,1524.0,1524.25,0.02,30.51,47701.6,1
2024-11-10,2024-11-10 11:17:00,1524.25,1524.5,1524.25,1524.5,0.02,30.51,47701.6,1
2024-11-10,2024-11-10 11:18:00,1524.5,1524.75,1524.5,1524.75,0.02,30.51,47701.6,1
2024-11-10,2024-11-10 11:19:00,1524.75,1525.0,1524.75,1525.0,0.02,30.51,47701.6,1
2024-11-10,2024-11-10 11:20:00,1525.0,1525.25,1525.0,1525.25,0.02,30.51,47701.6,1
2024-11-10,2024-11-10 11:21:00,1525.25,1525.5,1525.25,1525.5,0.02,30.51,47701.6,1
2024-11-10,2024-11-10 11:22:00,1525.5,1525.75,1525.5,1525.75,0.02,30.51,47701.6,1
2024-11-10,2024-11-10 11:23:00,1525.75,1526.0,1525.75,1526.0,0.02,30.51,47701.6,1
2024-11-10,2024-11-10 11:24:00,1526.0,1526.25,1526.0,1526.25,0.02,30.51,47701.6,1
2024-11-10,2024-11-10 11:25:00,1526.25,1526.5,1526.25,1526.5,0.02,30.51,47701.6,1
2024-11-10,2024-11-10 11:26:00,1526.5,1526.75,1526.5,1526.75,0.02,30.51,47701.6,1
2024-11-10,2024-11-10 11:27:00,1526.75,1527.0,1526.75,1527.0,0.02,30.51,47701.6,1
2024-11-10,2024-11-10 11:28:00,1527.0,1527.25,1527.0,1527.25,0.02,30.51,47701.6,1
2024-11-10,2024-11-10 11:29:00,1527.25,1527.5,1527.25,1527.5,0.02,30.51,47701.6,1
2024-11-10,2024-11-10 11:30:00,1527.5,1527.75,1527.5,1527.75,0.02,30.51,47701.6,1
2024-11-10,2024-11-10 11:31:00,1527.75,1528.0,1527.75,1528.0,0.02,30.51,47701.6,1
2024-11-10,2024-11-10 11:32:00,1528.0,1528.25,1528.0,1528.25,0.02,30.51,47701.6,1
2024-11-10,2024-11-10 11:33:00,1528.25,1528.5,1528.25,1528.5,0.02,30.51,47701.6,1
2024-11-10,2024-11-10 11:34:00,1528.5,1528.75,1528.5,1528.75,0.02,30.51,47701.6,1
2024-11-10,2024-11-10 11:35:00,1528.75,1529.0,1528.75,1529.0,0.02,30.51,47701.6,1
2024-11-10,2024-11-10 11:36:00,1529.0,1529.25,1529.0,1529.25,0.02,30.51,47701.6,1
2024-11-10,2024-11-10 11:37:00,1529.25,1529.5,1529.25,1529.5,0.02,30.51,47701.6,1
2024-11-10,2024-11-10 11:38:00,1529.5,1529.75,1529.5,1529.75,0.02,30.51,47701.6,1
2024-11-10,2024-11-10 11:39:00,1529.75,1530.0,1529.75,1530.0,0.02,30.51,47701.6,1
2024-11-10,2024-11-10 11:40:00,1530.0,1530.25,1530.0,1530.25,0.02,30.51,47701.6,1
2024-11-10,2024-11-10 11:41:00,1530.25,1530.5,1530.25,1530.5,0.02,30.51,47701.6,1
2024-11-10,2024-11-10 11:42:00,1530.5,1530.75,1530.5,1530.75,0.02,30.51,47701.6,1
2024-11-10,2024-11-10 11:43:00,1530.75,1531.0,1530.75,1531.0,0.02,30.51,47701.6,1
2024-11-10,2024-11-10 11:44:00,1531.0,1531.25,1531.0,1531.25,0.02,30.51,47701.6,1
2024-11-10,2024-11-10 11:45:00,1531.25,1531.5,1531.25,1531.5,0.02,30.51,47701.6,1
2024-11-10,2024-11-10 11:46:00,1531.5,1531.75,1531.5,1531.75,0.02,30.51,47701.6,1
2024-11-10,2024-11-10 11:47:00,1531.75,1532.0,1531.75,1532.0,0.02,30.51,47701.6,1
2024-11-10,2024-11-10 11:48:00,1532.0,1532.25,1532.0,1532.25,0.02,30.51,47701.6,1
2024-11-10,2024-11-10 11:49:00,1532.25,1532.5,1532.25,1532.5,0.02,30.51,47701.6,1
2024-11-10,2024-11-10 11:50:00,1532.5,1532.75,1532.5,1532.75,0.02,30.51,47701.6,1
2024-11-10,2024-11-10 11:51:00,1532.75,1533.0,1532.75,1533.0,0.02,30.51,47701.6,1
2024-11-10,2024-11-10 11:52:00,1533.0,1533.25,1533.0,1533.25,0.02,30.51,47701.6,1
2024-11-10,2024-11-10 11:53:00,1533.25,1533.5,1533.25,1533.5,0.02,30.51,47701.6,1
2024-11-10,2024-11-10 11:54:00,1533.5,1533.75,1533.5,1533.75,0.02,30.51,47701.6,1
2024-11-10,2024-11-10 11:55:00,1533.75,1534.0,1533.75,1534.0,0.02,30.51,47701.6,1
2024-11-10,2024-11-10 11:56:00,1534.0,1534.25,1534.0,1534.25,0.02,30.51,47701.6,1
2024-11-10,2024-11-10 11:57:00,1534.25,1534.5,1534.25,1534.5,0.02,30.51,47701.6,1
2024-11-10,2024-11-10 11:58:00,1534.5,1534.75,1534.5,1534.75,0.02,30.51,47701.6,1
2024-11-10,2024-11-10 11:59:00,1534.75,1535.0,1534.75,1535.0,0.02,30.51,47701.6,1
2024-11-10,2024-11-10 12:00:00,1535.0,1535.25,1535.0,1535.25,0.02,30.51,47701.6,1
2024-11-10,2024-11-10 12:01:00,1535.25,1535.5,1535.25,1535.5,0.02,30.51,47701.6,1
2024-11-10,2024-11-10 12:02:00,1535.5,1535.75,1535.5,1535.75,0.02,30.51,47701.6,1
2024-11-10,2024-11-10 12:03:00,1535.75,1536.0,1535.75,1536.0,0.02,30.51,47701.6,1
2024-11-10,2024-11-10 12:04:00,1536.0,1536.25,1536.0,1536.25,0.02,30.51,47701.6,1
2024-11-10,2024-11-10 12:05:00,1536.25,1536.5,1536.25,1536.5,0.02,30.51,47701.6,1
2024-11-10,2024-11-10 12:06:00,1536.5,1536.75,1536.5,1536.75,0.02,30.51,47701.6,1
2024-11-10,2024-11-10 12:07:00,1536.75,1537.0,1536.75,1537.0,0.02,30.51,47701.6,1
2024-11-10,2024-11-10 12:08:00,1537.0,1537.25,1537.0,1537.25,0.02,30.51,47701.6,1
2024-11-10,2024-11-10 12:09:00,1537.25,1537.5,1537.25,1537.5,0.02,30.51,47701.6,1
2024-11-10,2024-11-10 12:10:00,1537.5,1537.75,1537.5,1537.75,0.02,30.51,47701.6,1
2024-11-10,2024-11-10 12:11:00,1537.75,1538.0,1537.75,1538.0,0.02,30.51,47701.6,1
2024-11-10,2024-11-10 12:12:00,1538.0,1538.25,1538.0,1538.25,0.02,30.51,47701.6,1
2024-11-10,2024-11-10 12:13:00,1538.25,1538.5,1538.25,1538.5,0.02,30.51,47701.6,1
2024-11-10,2024-11-10 12:14:00,1538.5,1538.75,1538.5,1538.75,0.02,30.51,47701.6,1
2024-11-10,2024-11-10 12:15:00,1538.75,1539.0,1538.75,1539.0,0.02,30.51,47701.6,1
2024-11-10,2024-11-10 12:16:00,1539.0,1539.25,1539.0,1539.25,0.02,30.51,47701.6,1
2024-11-10,2024-11-10 12:17:00,1539.25,1539.5,1539.25,1539.5,0.02,30.51,47701.6,1
2024-11-10,2024-11-10 12:18:00,1539.5,1539.75,1539.5,1539.75,0.02,30.51,47701.6,1
2024-11-10,2024-11-10 12:19:00,1539.75,1540.0,1539.75,1540.0,0.02,30.51,47701.6,1
2024-11-10,2024-11-10 12:20:00,1540.0,1540.25,1540.0,1540.25,0.02,30.51,47701.6,1
2024-11-10,2024-11-10 12:21:00,1540.25,1540.5,1540.25,1540.5,0.02,30.51,47701.6,1
2024-11-10,2024-11-10 12:22:00,1540.5,1540.75,1540.5,1540.75,0.02,30.51,47701.6,1
2024-11-10,2024-11-10 12:23:00,1540.75,1541.0,1540.75,1541.0,0.02,30.51,47701.6,1
2024-11-10,2024-11-10 12:24:00,1541.0,1541.25,1541.0,1541.25,0.02,30.51,47701.6,1
2024-11-10,2024-11-10 12:25:00,1541.25,1541.5,1541.25,1541.5,0.02,30.51,47701.6,1
2024-11-10,2024-11-10 12:26:00,1541.5,1541.75,1541.5,1541.75,0.02,30.51,47701.6,1
2024-11-10,2024-11-10 12:27:00,1541.75,1542.0,1541.75,1542.0,0.02,30.51,47701.6,1
2024-11-10,2024-11-10 12:28:00,1542.0,1542.25,1542.0,1542.25,0.02,30.51,47701.6,1
2024-11-10,2024-11-10 12:29:00,1542.25,1542.5,1542.25,1542.5,0.02,30.51,47701.6,1
2024-11-10,2024-11-10 12:30:00,1542.5,1542.75,1542.5,1542.75,0.02,30.51,47701.6,1
2024-11-10,2024-11-10 12:31:00,1542.75,1543.0,1542.75,1543.0,0.02,30.51,47701.6,1
2024-11-10,2024-11-10 12:32:00,1543.0,1543.25,1543.0,1543.25,0.02,30.51,47701.6,1
2024-11-10,2024-11-10 12:33:00,1543.25,1543.5,1543.25,1543.5,0.02,30.51,47701.6,1
2024-11-10,2024-11-10 12:34:00,1543.5,1543.75,1543.5,1543.75,0.02,30.51,47701.6,1
2024-11-10,2024-11-10 12:35:00,1543.75,1544.0,1543.75,1544.0,0.02,30.51,47701.6,1
2024-11-10,2024-11-10 12:36:00,1544.0,1544.25,1544.0,1544.25,0.02,30.51,47701.6,1
2024-11-10,2024-11-10 12:37:00,1544.25,1544.5,1544.25,1544.5,0.02,30.51,47701.6,1
2024-11-10,2024-11-10 12:38:00,1544.5,1544.75,1544.5,1544.75,0.02,30.51,47701.6,1
2024-11-10,2024-11-10 12:39:00,1544.75,1545.0,1544.75,1545.0,0.02,30.51,47701.6,1
2024-11-10,2024-11-10 12:40:00,1545.0,1545.25,1545.0,1545.25,0.02,30.51,47701.6,1
2024-11-10,2024-11-10 12:41:00,1545.25,1545.5,1545.25,1545.5,0.02,30.51,47701.6,1
2024-11-10,2024-11-10 12:42:00,1545.5,1545.75,1545.5,1545.75,0.02,30.51,47701.6,1
2024-11-10,2024-11-10 12:43:00,1545.75,1546.0,1545.75,1546.0,0.02,30.51,47701.6,1
2024-11-10,2024-11-10 12:44:00,1546.0,1546.25,1546.0,1546.25,0.02,30.51,47701.6,1
2024-11-10,2024-11-10 12:45:00,1546.25,1546.5,1546.25,1546.5,0.02,30.51,47701.6,1
2024-11-10,2024-11-10 12:46:00,1546.5,1546.75,1546.5,1546.75,0.02,30.51,47701.6,1
2024-11-10,2024-11-10 12:47:00,1546.75,1547.0,1546.75,1547.0,0.02,30.51,47701.6,1
2024-11-10,2024-11-10 12:48:00,1547.0,1547.25,1547.0,1547.25,0.02,30.51,47701.6,1
2024-11-10,2024-11-10 12:49:00,1547.25,1547.5,1547.25,1547.5,0.02,30.51,47701.6,1
2024-11-10,2024-11-10 12:50:00,1547.5,1547.75,1547.5,1547.75,0.02,30.51,47701.6,1
2024-11-10,2024-11-10 12:51:00,1547.75,1548.0,1547.75,1548.0,0.02,30.51,47701.6,1
2024-11-10,2024-11-10 12:52:00,1548.0,1548.25,1548.0,1548.25,0.02,30.51,47701.6,1
2024-11-10,2024-11-10 12:53:00,1548.25,1548.5,1548.25,1548.5,0.02,30.51,47701.6,1
2024-11-10,2024-11-10 12:54:00,1548.5,1548.75,1548.5,1548.75,0.02,30.51,47701.6,1
2024-11-10,2024-11-10 12:55:00,1548.75,1549.0,1548.75,1549.0,0.02,30.51,47701.6,1
2024-11-10,2024-11-10 12:56:00,1549.0,1549.25,1549.0,1549.25,0.02,30.51,47701.6,1
2024-11-10,2024-11-10 12:57:00,1549.25,1549.5,1549.25,1549.5,0.02,30.51,47701.6,1
2024-11-10,2024-11-10 12:58:00,1549.5,1549.75,1549.5,1549.75,0.02,30.51,47701.6,1
2024-11-10,2024-11-10 12:59:00,1549.75,1550.0,1549.75,1550.0,0.02,30.51,47701.6,1
2024-11-10,2024-11-10 13:00:00,1550.0,1580.0,1520.0,1550.25,0.02,30.51,47701.6,1
2024-11-10,2024-11-10 13:01:00,1550.25,1550.5,1550.25,1550.5,0.02,30.51,47701.6,1
2024-11-10,2024-11-10 13:02:00,1550.5,1550.75,1550.5,1550.75,0.02,30.51,47701.6,1
2024-11-10,2024-11-10 13:03:00,1550.75,1551.0,1550.75,1551.0,0.02,30.51,47701.6,1
2024-11-10,2024-11-10 13:04:00,1551.0,1551.25,1551.0,1551.25,0.02,30.51,47701.6,1
2024-11-10,2024-11-10 13:05:00,1551.25,1551.5,1551.25,1551.5,0.02,30.51,47701.6,1
2024-11-10,2024-11-10 13:06:00,1551.5,1551.75,1551.5,1551.75,0.02,30.51,47701.6,1
2024-11-10,2024-11-10 13:07:00,1551.75,1552.0,1551.75,1552.0,0.02,30.51,47701.6,1
2024-11-10,2024-11-10 13:08:00,1552.0,1552.25,1552.0,1552.25,0.02,30.51,47701.6,1
2024-11-10,2024-11-10 13:09:00,1552.25,1552.5,1552.25,1552.5,0.02,30.51,47701.6,1
2024-11-10,2024-11-10 13:10:00,1552.5,1552.75,1552.5,1552.75,0.02,30.51,47701.6,1
2024-11-10,2024-11-10 13:11:00,1552.75,1553.0,1552.75,1553.0,0.02,30.51,47701.6,1
2024-11-10,2024-11-10 13:12:00,1553.0,1553.25,1553.0,1553.25,0.02,30.51,47701.6,1
2024-11-10,2024-11-10 13:13:00,1553.25,1553.5,1553.25,1553.5,0.02,30.51,47701.6,1
2024-11-10,2024-11-10 13:14:00,1553.5,1553.75,1553.5,1553.75,0.02,30.51,47701.6,1
2024-11-10,2024-11-10 13:15:00,1553.75,1554.0,1553.75,1554.0,0.02,30.51,47701.6,1
2024-11-10,2024-11-10 13:16:00,1554.0,1554.25,1554.0,1554.25,0.02,30.51,47701.6,1
2024-11-10,2024-11-10 13:17:00,1554.25,1554.5,1554.25,1554.5,0.02,30.51,47701.6,1
2024-11-10,2024-11-10 13:18:00,1554.5,1554.75,1554.5,1554.75,0.02,30.51,47701.6,1
2024-11-10,2024-11-10 13:19:00,1554.75,1555.0,1554.75,1555.0,0.02,30.51,47701.6,1
2024-11-10,2024-11-10 13:20:00,1555.0,1555.25,1555.0,1555.25,0.02,30.51,47701.6,1
2024-11-10,2024-11-10 13:21:00,1555.25,1555.5,1555.25,1555.5,0.02,30.51,47701.6,1
2024-11-10,2024-11-10 13:22:00,1555.5,1555.75,1555.5,1555.75,0.02,30.51,47701.6,1
2024-11-10,2024-11-10 13:23:00,1555.75,1556.0,1555.75,1556.0,0.02,30.51,47701.6,1
2024-11-10,2024-11-10 13:24:00,1556.0,1556.25,1556.0,1556.25,0.02,30.51,47701.6,1
2024-11-10,2024-11-10 13:25:00,1556.25,1556.5,1556.25,1556.5,0.02,30.51,47701.6,1
2024-11-10,2024-11-10 13:26:00,1556.5,1556.75,1556.5,1556.75,0.02,30.51,47701.6,1
2024-11-10,2024-11-10 13:27:00,1556.75,1557.0,1556.75,1557.0,0.02,30.51,47701.6,1
2024-11-10,2024-11-10 13:28:00,1557.0,1557.25,1557.0,1557.25,0.02,30.51,47701.6,1
2024-11-10,2024-11-10 13:29:00,1557.25,1557.5,1557.25,1557.5,0.02,30.51,47701.6,1
2024-11-10,2024-11-10 13:30:00,1557.5,1557.75,1557.5,1557.75,0.02,30.51,47701.6,1
2024-11-10,2024-11-10 13:31:00,1557.75,1558.0,1557.75,1558.0,0.02,30.51,47701.6,1
2024-11-10,2024-11-10 13:32:00,1558.0,1558.25,1558.0,1558.25,0.02,30.51,47701.6,1
2024-11-10,2024-11-10 13:33:00,1558.25,1558.5,1558.25,1558.5,0.02,30.51,47701.6,1
2024-11-10,2024-11-10 13:34:00,1558.5,1558.75,1558.5,1558.75,0.02,30.51,47701.6,1
2024-11-10,2024-11-10 13:35:00,1558.75,1559.0,1558.75,1559.0,0.02,30.51,47701.6,1
2024-11-10,2024-11-10 13:36:00,1559.0,1559.25,1559.0,1559.25,0.02,30.51,47701.6,1
2024-11-10,2024-11-10 13:37:00,1559.25,1559.5,1559.25,1559.5,0.02,30.51,47701.6,1
2024-11-10,2024-11-10 13:38:00,1559.5,1559.75,1559.5,1559.75,0.02,30.51,47701.6,1
2024-11-10,2024-11-10 13:39:00,1559.75,1560.0,1559.75,1560.0,0.02,30.51,47701.6,1
2024-11-10,2024-11-10 13:40:00,1560.0,1560.25,1560.0,1560.25,0.02,30.51,47701.6,1
2024-11-10,2024-11-10 13:41:00,1560.25,1560.5,1560.25,1560.5,0.02,30.51,47701.6,1
2024-11-10,2024-11-10 13:42:00,1560.5,1560.75,1560.5,1560.75,0.02,30.51,47701.6,1
2024-11-10,2024-11-10 13:43:00,1560.75,1561.0,1560.75,1561.0,0.02,30.51,47701.6,1
2024-11-10,2024-11-10 13:44:00,1561.0,1561.25,1561.0,1561.25,0.02,30.51,47701.6,1
2024-11-10,2024-11-10 13:45:00,1561.25,1561.5,1561.25,1561.5,0.02,30.51,47701.6,1
2024-11-10,2024-11-10 13:46:00,1561.5,1561.75,1561.5,1561.75,0.02,30.51,47701.6,1
2024-11-10,2024-11-10 13:47:00,1561.75,1562.0,1561.75,1562.0,0.02,30.51,47701.6,1
2024-11-10,2024-11-10 13:48:00,1562.0,1562.25,1562.0,1562.25,0.02,30.51,47701.6,1
2024-11-10,2024-11-10 13:49:00,1562.25,1562.5,1562.25,1562.5,0.02,30.51,47701.6,1
2024-11-10,2024-11-10 13:50:00,1562.5,1562.75,1562.5,1562.75,0.02,30.51,47701.6,1
2024-11-10,2024-11-10 13:51:00,1562.75,1563.0,1562.75,1563.0,0.02,30.51,47701.6,1
2024-11-10,2024-11-10 13:52:00,1563.0,1563.25,1563.0,1563.25,0.02,30.51,47701.6,1
2024-11-10,2024-11-10 13:53:00,1563.25,1563.5,1563.25,1563.5,0.02,30.51,47701.6,1
2024-11-10,2024-11-10 13:54:00,1563.5,1563.75,1563.5,1563.75,0.02,30.51,47701.6,1
2024-11-10,2024-11-10 13:55:00,1563.75,1564.0,1563.75,1564.0,0.02,30.51,47701.6,1
2024-11-10,2024-11-10 13:56:00,1564.0,1564.25,1564.0,1564.25,0.02,30.51,47701.6,1
2024-11-10,2024-11-10 13:57:00,1564.25,1564.5,1564.25,1564.5,0.02,30.51,47701.6,1
2024-11-10,2024-11-10 13:58:00,1564.5,1564.75,1564.5,1564.75,0.02,30.51,47701.6,1
2024-11-10,2024-11-10 13:59:00,1564.75,1565.0,1564.75,1565.0,0.02,30.51,47701.6,1
2024-11-10,2024-11-10 14:00:00,1565.0,1565.25,1565.0,1565.25,0.02,30.51,47701.6,1
2024-11-10,2024-11-10 14:01:00,1565.25,1565.5,1565.25,1565.5,0.02,30.51,47701.6,1
2024-11-10,2024-11-10 14:02:00,1565.5,1565.75,1565.5,1565.75,0.02,30.51,47701.6,1
2024-11-10,2024-11-10 14:03:00,1565.75,1566.0,1565.75,1566.0,0.02,30.51,47701.6,1
2024-11-10,2024-11-10 14:04:00,1566.0,1566.25,1566.0,1566.25,0.02,30.51,47701.6,1
2024-11-10,2024-11-10 14:05:00,1566.25,1566.5,1566.25,1566.5,0.02,30.51,47701.6,1
2024-11-10,2024-11-10 14:06:00,1566.5,1566.75,1566.5,1566.75,0.02,30.51,47701.6,1
2024-11-10,2024-11-10 14:07:00,1566.75,1567.0,1566.75,1567.0,0.02,30.51,47701.6,1
2024-11-10,2024-11-10 14:08:00,1567.0,1567.25,1567.0,1567.25,0.02,30.51,47701.6,1
2024-11-10,2024-11-10 14:09:00,1567.25,1567.5,1567.25,1567.5,0.02,30.51,47701.6,1
2024-11-10,2024-11-10 14:10:00,1567.5,1567.75,1567.5,1567.75,0.02,30.51,47701.6,1
2024-11-10,2024-11-10 14:11:00,1567.75,1568.0,1567.75,1568.0,0.02,30.51,47701.6,1
2024-11-10,2024-11-10 14:12:00,1568.0,1568.25,1568.0,1568.25,0.02,30.51,47701.6,1
2024-11-10,2024-11-10 14:13:00,1568.25,1568.5,1568.25,1568.5,0.02,30.51,47701.6,1
2024-11-10,2024-11-10 14:14:00,1568.5,1568.75,1568.5,1568.75,0.02,30.51,47701.6,1
2024-11-10,2024-11-10 14:15:00,1568.75,1569.0,1568.75,1569.0,0.02,30.51,47701.6,1
2024-11-10,2024-11-10 14:16:00,1569.0,1569.25,1569.0,1569.25,0.02,30.51,47701.6,1
2024-11-10,2024-11-10 14:17:00,1569.25,1569.5,1569.25,1569.5,0.02,30.51,47701.6,1
2024-11-10,2024-11-10 14:18:00,1569.5,1569.75,1569.5,1569.75,0.02,30.51,47701.6,1
2024-11-10,2024-11-10 14:19:00,1569.75,1570.0,1569.75,1570.0,0.02,30.51,47701.6,1
2024-11-10,2024-11-10 14:20:00,1570.0,1570.25,1570.0,1570.25,0.02,30.51,47701.6,1
2024-11-10,2024-11-10 14:21:00,1570.25,1570.5,1570.25,1570.5,0.02,30.51,47701.6,1
2024-11-10,2024-11-10 14:22:00,1570.5,1570.75,1570.5,1570.75,0.02,30.51,47701.6,1
2024-11-10,2024-11-10 14:23:00,1570.75,1571.0,1570.75,1571.0,0.02,30.51,47701.6,1
2024-11-10,2024-11-10 14:24:00,1571.0,1571.25,1571.0,1571.25,0.02,30.51,47701.6,1
2024-11-10,2024-11-10 14:25:00,1571.25,1571.5,1571.25,1571.5,0.02,30.51,47701.6,1
2024-11-10,2024-11-10 14:26:00,1571.5,1571.75,1571.5,1571.75,0.02,30.51,47701.6,1
2024-11-10,2024-11-10 14:27:00,1571.75,1572.0,1571.75,1572.0,0.02,30.51,47701.6,1
2024-11-10,2024-11-10 14:28:00,1572.0,1572.25,1572.0,1572.25,0.02,30.51,47701.6,1
2024-11-10,2024-11-10 14:29:00,1572.25,1572.5,1572.25,1572.5,0.02,30.51,47701.6,1
2024-11-10,2024-11-10 14:30:00,1572.5,1572.75,1572.5,1572.75,0.02,30.51,47701.6,1
2024-11-10,2024-11-10 14:31:00,1572.75,1573.0,1572.75,1573.0,0.02,30.51,47701.6,1
2024-11-10,2024-11-10 14:32:00,1573.0,1573.25,1573.0,1573.25,0.02,30.51,47701.6,1
2024-11-10,2024-11-10 14:33:00,1573.25,1573.5,1573.25,1573.5,0.02,30.51,47701.6,1
2024-11-10,2024-11-10 14:34:00,1573.5,1573.75,1573.5,1573.75,0.02,30.51,47701.6,1
2024-11-10,2024-11-10 14:35:00,1573.75,1574.0,1573.75,1574.0,0.02,30.51,47701.6,1
2024-11-10,2024-11-10 14:36:00,1574.0,1574.25,1574.0,1574.25,0.02,30.51,47701.6,1
2024-11-10,2024-11-10 14:37:00,1574.25,1574.5,1574.25,1574.5,0.02,30.51,47701.6,1
2024-11-10,2024-11-10 14:38:00,1574.5,1574.75,1574.5,1574.75,0.02,30.51,47701.6,1
2024-11-10,2024-11-10 14:39:00,1574.75,1575.0,1574.75,1575.0,0.02,30.51,47701.6,1
2024-11-10,2024-11-10 14:40:00,1575.0,1575.25,1575.0,1575.25,0.02,30.51,47701.6,1
2024-11-10,2024-11-10 14:41:00,1575.25,1575.5,1575.25,1575.5,0.02,30.51,47701.6,1
2024-11-10,2024-11-10 14:42:00,1575.5,1575.75,1575.5,1575.75,0.02,30.51,47701.6,1
2024-11-10,2024-11-10 14:43:00,1575.75,1576.0,1575.75,1576.0,0.02,30.51,47701.6,1
2024-11-10,2024-11-10 14:44:00,1576.0,1576.25,1576.0,1576.25,0.02,30.51,47701.6,1
2024-11-10,2024-11-10 14:45:00,1576.25,1576.5,1576.25,1576.5,0.02,30.51,47701.6,1
2024-11-10,2024-11-10 14:46:00,1576.5,1576.75,1576.5,1576.75,0.02,30.51,47701.6,1
2024-11-10,2024-11-10 14:47:00,1576.75,1577.0,1576.75,1577.0,0.02,30.51,47701.6,1
2024-11-10,2024-11-10 14:48:00,1577.0,1577.25,1577.0,1577.25,0.02,30.51,47701.6,1
2024-11-10,2024-11-10 14:49:00,1577.25,1577.5,1577.25,1577.5,0.02,30.51,47701.6,1
2024-11-10,2024-11-10 14:50:00,1577.5,1577.75,1577.5,1577.75,0.02,30.51,47701.6,1
2024-11-10,2024-11-10 14:51:00,1577.75,1578.0,1577.75,1578.0,0.02,30.51,47701.6,1
2024-11-10,2024-11-10 14:52:00,1578.0,1578.25,1578.0,1578.25,0.02,30.51,47701.6,1
2024-11-10,2024-11-10 14:53:00,1578.25,1578.5,1578.25,1578.5,0.02,30.51,47701.6,1
2024-11-10,2024-11-10 14:54:00,1578.5,1578.75,1578.5,1578.75,0.02,30.51,47701.6,1
2024-11-10,2024-11-10 14:55:00,1578.75,1579.0,1578.75,1579.0,0.02,30.51,47701.6,1
2024-11-10,2024-11-10 14:56:00,1579.0,1579.25,1579.0,1579.25,0.02,30.51,47701.6,1
2024-11-10,2024-11-10 14:57:00,1579.25,1579.5,1579.25,1579.5,0.02,30.51,47701.6,1
2024-11-10,2024-11-10 14:58:00,1579.5,1579.75,1579.5,1579.75,0.02,30.51,47701.6,1
2024-11-10,2024-11-10 14:59:00,1579.75,1580.0,1579.75,1580.0,0.02,30.51,47701.6,1
2024-11-10,2024-11-10 15:00:00,1580.0,1580.0,1520.0,1580.0,0.0,30.51,47701.6,0
2024-11-11,2024-11-11 11:00:00,1581.1,1628.17,1573.3,1581.75,0.04,173.04,293850.52,1
2024-11-11,2024-11-11 11:01:00,1581.75,1582.4,1581.75,1582.4,0.04,173.04,293850.52,1
2024-11-11,2024-11-11 11:02:00,1582.4,1583.05,1582.4,1583.05,0.04,173.04,293850.52,1
2024-11-11,2024-11-11 11:03:00,1583.05,1583.7,1583.05,1583.7,0.04,173.04,293850.52,1
2024-11-11,2024-11-11 11:04:00,1583.7,1584.35,1583.7,1584.35,0.04,173.04,293850.52,1
2024-11-11,2024-11-11 11:05:00,1584.35,1584.99,1584.35,1584.99,0.04,173.04,293850.52,1
2024-11-11,2024-11-11 11:06:00,1584.99,1585.64,1584.99,1585.64,0.04,173.04,293850.52,1
2024-11-11,2024-11-11 11:07:00,1585.64,1586.29,1585.64,1586.29,0.04,173.04,293850.52,1
2024-11-11,2024-11-11 11:08:00,1586.29,1586.94,1586.29,1586.94,0.04,173.04,293850.52,1
2024-11-11,2024-11-11 11:09:00,1586.94,1587.59,1586.94,1587.59,0.04,173.04,293850.52,1
2024-11-11,2024-11-11 11:10:00,1587.59,1588.24,1587.59,1588.24,0.04,173.04,293850.52,1
2024-11-11,2024-11-11 11:11:00,1588.24,1588.89,1588.24,1588.89,0.04,173.04,293850.52,1
2024-11-11,2024-11-11 11:12:00,1588.89,1589.54,1588.89,1589.54,0.04,173.04,293850.52,1
2024-11-11,2024-11-11 11:13:00,1589.54,1590.19,1589.54,1590.19,0.04,173.04,293850.52,1
2024-11-11,2024-11-11 11:14:00,1590.19,1590.84,1590.19,1590.84,0.04,173.04,293850.52,1
2024-11-11,2024-11-11 11:15:00,1590.84,1591.49,1590.84,1591.49,0.04,173.04,293850.52,1
2024-11-11,2024-11-11 11:16:00,1591.49,1592.14,1591.49,1592.14,0.04,173.04,293850.52,1
2024-11-11,2024-11-11 11:17:00,1592.14,1592.78,1592.14,1592.78,0.04,173.04,293850.52,1
2024-11-11,2024-11-11 11:18:00,1592.78,1593.43,1592.78,1593.43,0.04,173.04,293850.52,1
2024-11-11,2024-11-11 11:19:00,1593.43,1594.08,1593.43,1594.08,0.04,173.04,293850.52,1
2024-11-11,2024-11-11 11:20:00,1594.08,1594.73,1594.08,1594.73,0.04,173.04,293850.52,1
2024-11-11,2024-11-11 11:21:00,1594.73,1595.38,1594.73,1595.38,0.04,173.04,293850.52,1
2024-11-11,2024-11-11 11:22:00,1595.38,1596.03,1595.38,1596.03,0.04,173.04,293850.52,1
2024-11-11,2024-11-11 11:23:00,1596.03,1596.68,1596.03,1596.68,0.04,173.04,293850.52,1
2024-11-11,2024-11-11 11:24:00,1596.68,1597.33,1596.68,1597.33,0.04,173.04,293850.52,1
2024-11-11,2024-11-11 11:25:00,1597.33,1597.98,1597.33,1597.98,0.04,173.04,293850.52,1
2024-11-11,2024-11-11 11:26:00,1597.98,1598.63,1597.98,1598.63,0.04,173.04,293850.52,1
2024-11-11,2024-11-11 11:27:00,1598.63,1599.28,1598.63,1599.28,0.04,173.04,293850.52,1
2024-11-11,2024-11-11 11:28:00,1599.28,1599.93,1599.28,1599.93,0.04,173.04,293850.52,1
2024-11-11,2024-11-11 11:29:00,1599.93,1600.57,1599.93,1600.57,0.04,173.04,293850.52,1
2024-11-11,2024-11-11 11:30:00,1600.57,1601.22,1600.57,1601.22,0.04,173.04,293850.52,1
2024-11-11,2024-11-11 11:31:00,1601.22,1601.87,1601.22,1601.87,0.04,173.04,293850.52,1
2024-11-11,2024-11-11 11:32:00,1601.87,1602.52,1601.87,1602.52,0.04,173.04,293850.52,1
2024-11-11,2024-11-11 11:33:00,1602.52,1603.17,1602.52,1603.17,0.04,173.04,293850.52,1
2024-11-11,2024-11-11 11:34:00,1603.17,1603.82,1603.17,1603.82,0.04,173.04,293850.52,1
2024-11-11,2024-11-11 11:35:00,1603.82,1604.47,1603.82,1604.47,0.04,173.04,293850.52,1
2024-11-11,2024-11-11 11:36:00,1604.47,1605.12,1604.47,1605.12,0.04,173.04,293850.52,1
2024-11-11,2024-11-11 11:37:00,1605.12,1605.77,1605.12,1605.77,0.04,173.04,293850.52,1
2024-11-11,2024-11-11 11:38:00,1605.77,1606.42,1605.77,1606.42,0.04,173.04,293850.52,1
2024-11-11,2024-11-11 11:39:00,1606.42,1607.07,1606.42,1607.07,0.04,173.04,293850.52,1
2024-11-11,2024-11-11 11:40:00,1607.07,1607.72,1607.07,1607.72,0.04,173.04,293850.52,1
2024-11-11,2024-11-11 11:41:00,1607.72,1608.37,1607.72,1608.37,0.04,173.04,293850.52,1
2024-11-11,2024-11-11 11:42:00,1608.37,1609.01,1608.37,1609.01,0.04,173.04,293850.52,1
2024-11-11,2024-11-11 11:43:00,1609.01,1609.66,1609.01,1609.66,0.04,173.04,293850.52,1
2024-11-11,2024-11-11 11:44:00,1609.66,1610.31,1609.66,1610.31,0.04,173.04,293850.52,1
2024-11-11,2024-11-11 11:45:00,1610.31,1610.96,1610.31,1610.96,0.04,173.04,293850.52,1
2024-11-11,2024-11-11 11:46:00,1610.96,1611.61,1610.96,1611.61,0.04,173.04,293850.52,1
2024-11-11,2024-11-11 11:47:00,1611.61,1612.26,1611.61,1612.26,0.04,173.04,293850.52,1
2024-11-11,2024-11-11 11:48:00,1612.26,1612.91,1612.26,1612.91,0.04,173.04,293850.52,1
2024-11-11,2024-11-11 11:49:00,1612.91,1613.56,1612.91,1613.56,0.04,173.04,293850.52,1
2024-11-11,2024-11-11 11:50:00,1613.56,1614.21,1613.56,1614.21,0.04,173.04,293850.52,1
2024-11-11,2024-11-11 11:51:00,1614.21,1614.86,1614.21,1614.86,0.04,173.04,293850.52,1
2024-11-11,2024-11-11 11:52:00,1614.86,1615.51,1614.86,1615.51,0.04,173.04,293850.52,1
2024-11-11,2024-11-11 11:53:00,1615.51,1616.15,1615.51,1616.15,0.04,173.04,293850.52,1
2024-11-11,2024-11-11 11:54:00,1616.15,1616.8,1616.15,1616.8,0.04,173.04,293850.52,1
2024-11-11,2024-11-11 11:55:00,1616.8,1617.45,1616.8,1617.45,0.04,173.04,293850.52,1
2024-11-11,2024-11-11 11:56:00,1617.45,1618.1,1617.45,1618.1,0.04,173.04,293850.52,1
2024-11-11,2024-11-11 11:57:00,1618.1,1618.75,1618.1,1618.75,0.04,173.04,293850.52,1
2024-11-11,2024-11-11 11:58:00,1618.75,1619.4,1618.75,1619.4,0.04,173.04,293850.52,1
2024-11-11,2024-11-11 11:59:00,1619.4,1620.05,1619.4,1620.05,0.04,173.04,293850.52,1
2024-11-11,2024-11-11 12:00:00,1620.05,1620.7,1620.05,1620.7,0.04,173.04,293850.52,1
2024-11-11,2024-11-11 12:01:00,1620.7,1621.35,1620.7,1621.35,0.04,173.04,293850.52,1
2024-11-11,2024-11-11 12:02:00,1621.35,1622.0,1621.35,1622.0,0.04,173.04,293850.52,1
2024-11-11,2024-11-11 12:03:00,1622.0,1622.65,1622.0,1622.65,0.04,173.04,293850.52,1
2024-11-11,2024-11-11 12:04:00,1622.65,1623.3,1622.65,1623.3,0.04,173.04,293850.52,1
2024-11-11,2024-11-11 12:05:00,1623.3,1623.94,1623.3,1623.94,0.04,173.04,293850.52,1
2024-11-11,2024-11-11 12:06:00,1623.94,1624.59,1623.94,1624.59,0.04,173.04,293850.52,1
2024-11-11,2024-11-11 12:07:00,1624.59,1625.24,1624.59,1625.24,0.04,173.04,293850.52,1
2024-11-11,2024-11-11 12:08:00,1625.24,1625.89,1625.24,1625.89,0.04,173.04,293850.52,1
2024-11-11,2024-11-11 12:09:00,1625.89,1626.54,1625.89,1626.54,0.04,173.04,293850.52,1
2024-11-11,2024-11-11 12:10:00,1626.54,1627.19,1626.54,1627.19,0.04,173.04,293850.52,1
2024-11-11,2024-11-11 12:11:00,1627.19,1627.84,1627.19,1627.84,0.04,173.04,293850.52,1
2024-11-11,2024-11-11 12:12:00,1627.84,1628.49,1627.84,1628.49,0.04,173.04,293850.52,1
2024-11-11,2024-11-11 12:13:00,1628.49,1629.14,1628.49,1629.14,0.04,173.04,293850.52,1
2024-11-11,2024-11-11 12:14:00,1629.14,1629.79,1629.14,1629.79,0.04,173.04,293850.52,1
2024-11-11,2024-11-11 12:15:00,1629.79,1630.44,1629.79,1630.44,0.04,173.04,293850.52,1
2024-11-11,2024-11-11 12:16:00,1630.44,1631.09,1630.44,1631.09,0.04,173.04,293850.52,1
2024-11-11,2024-11-11 12:17:00,1631.09,1631.73,1631.09,1631.73,0.04,173.04,293850.52,1
2024-11-11,2024-11-11 12:18:00,1631.73,1632.38,1631.73,1632.38,0.04,173.04,293850.52,1
2024-11-11,2024-11-11 12:19:00,1632.38,1633.03,1632.38,1633.03,0.04,173.04,293850.52,1
2024-11-11,2024-11-11 12:20:00,1633.03,1633.68,1633.03,1633.68,0.04,173.04,293850.52,1
2024-11-11,2024-11-11 12:21:00,1633.68,1634.33,1633.68,1634.33,0.04,173.04,293850.52,1
2024-11-11,2024-11-11 12:22:00,1634.33,1634.98,1634.33,1634.98,0.04,173.04,293850.52,1
2024-11-11,2024-11-11 12:23:00,1634.98,1635.63,1634.98,1635.63,0.04,173.04,293850.52,1
2024-11-11,2024-11-11 12:24:00,1635.63,1636.28,1635.63,1636.28,0.04,173.04,293850.52,1
2024-11-11,2024-11-11 12:25:00,1636.28,1636.93,1636.28,1636.93,0.04,173.04,293850.52,1
2024-11-11,2024-11-11 12:26:00,1636.93,1637.58,1636.93,1637.58,0.04,173.04,293850.52,1
2024-11-11,2024-11-11 12:27:00,1637.58,1638.23,1637.58,1638.23,0.04,173.04,293850.52,1
2024-11-11,2024-11-11 12:28:00,1638.23,1638.88,1638.23,1638.88,0.04,173.04,293850.52,1
2024-11-11,2024-11-11 12:29:00,1638.88,1639.53,1638.88,1639.53,0.04,173.04,293850.52,1
2024-11-11,2024-11-11 12:30:00,1639.53,1640.17,1639.53,1640.17,0.04,173.04,293850.52,1
2024-11-11,2024-11-11 12:31:00,1640.17,1640.82,1640.17,1640.82,0.04,173.04,293850.52,1
2024-11-11,2024-11-11 12:32:00,1640.82,1641.47,1640.82,1641.47,0.04,173.04,293850.52,1
2024-11-11,2024-11-11 12:33:00,1641.47,1642.12,1641.47,1642.12,0.04,173.04,293850.52,1
2024-11-11,2024-11-11 12:34:00,1642.12,1642.77,1642.12,1642.77,0.04,173.04,293850.52,1
2024-11-11,2024-11-11 12:35:00,1642.77,1643.42,1642.77,1643.42,0.04,173.04,293850.52,1
2024-11-11,2024-11-11 12:36:00,1643.42,1644.07,1643.42,1644.07,0.04,173.04,293850.52,1
2024-11-11,2024-11-11 12:37:00,1644.07,1644.72,1644.07,1644.72,0.04,173.04,293850.52,1
2024-11-11,2024-11-11 12:38:00,1644.72,1645.37,1644.72,1645.37,0.04,173.04,293850.52,1
2024-11-11,2024-11-11 12:39:00,1645.37,1646.02,1645.37,1646.02,0.04,173.04,293850.52,1
2024-11-11,2024-11-11 12:40:00,1646.02,1646.67,1646.02,1646.67,0.04,173.04,293850.52,1
2024-11-11,2024-11-11 12:41:00,1646.67,1647.32,1646.67,1647.32,0.04,173.04,293850.52,1
2024-11-11,2024-11-11 12:42:00,1647.32,1647.96,1647.32,1647.96,0.04,173.04,293850.52,1
2024-11-11,2024-11-11 12:43:00,1647.96,1648.61,1647.96,1648.61,0.04,173.04,293850.52,1
2024-11-11,2024-11-11 12:44:00,1648.61,1649.26,1648.61,1649.26,0.04,173.04,293850.52,1
2024-11-11,2024-11-11 12:45:00,1649.26,1649.91,1649.26,1649.91,0.04,173.04,293850.52,1
2024-11-11,2024-11-11 12:46:00,1649.91,1650.56,1649.91,1650.56,0.04,173.04,293850.52,1
2024-11-11,2024-11-11 12:47:00,1650.56,1651.21,1650.56,1651.21,0.04,173.04,293850.52,1
2024-11-11,2024-11-11 12:48:00,1651.21,1651.86,1651.21,1651.86,0.04,173.04,293850.52,1
2024-11-11,2024-11-11 12:49:00,1651.86,1652.51,1651.86,1652.51,0.04,173.04,293850.52,1
2024-11-11,2024-11-11 12:50:00,1652.51,1653.16,1652.51,1653.16,0.04,173.04,293850.52,1
2024-11-11,2024-11-11 12:51:00,1653.16,1653.81,1653.16,1653.81,0.04,173.04,293850.52,1
2024-11-11,2024-11-11 12:52:00,1653.81,1654.46,1653.81,1654.46,0.04,173.04,293850.52,1
2024-11-11,2024-11-11 12:53:00,1654.46,1655.11,1654.46,1655.11,0.04,173.04,293850.52,1
2024-11-11,2024-11-11 12:54:00,1655.11,1655.75,1655.11,1655.75,0.04,173.04,293850.52,1
2024-11-11,2024-11-11 12:55:00,1655.75,1656.4,1655.75,1656.4,0.04,173.04,293850.52,1
2024-11-11,2024-11-11 12:56:00,1656.4,1657.05,1656.4,1657.05,0.04,173.04,293850.52,1
2024-11-11,2024-11-11 12:57:00,1657.05,1657.7,1657.05,1657.7,0.04,173.04,293850.52,1
2024-11-11,2024-11-11 12:58:00,1657.7,1658.35,1657.7,1658.35,0.04,173.04,293850.52,1
2024-11-11,2024-11-11 12:59:00,1658.35,1659.0,1658.35,1659.0,0.04,173.04,293850.52,1
2024-11-11,2024-11-11 13:00:00,1659.0,1738.0,1555.1,1659.65,0.04,173.04,293850.52,1
2024-11-11,2024-11-11 13:01:00,1659.65,1660.3,1659.65,1660.3,0.04,173.04,293850.52,1
2024-11-11,2024-11-11 13:02:00,1660.3,1660.95,1660.3,1660.95,0.04,173.04,293850.52,1
2024-11-11,2024-11-11 13:03:00,1660.95,1661.6,1660.95,1661.6,0.04,173.04,293850.52,1
2024-11-11,2024-11-11 13:04:00,1661.6,1662.25,1661.6,1662.25,0.04,173.04,293850.52,1
2024-11-11,2024-11-11 13:05:00,1662.25,1662.89,1662.25,1662.89,0.04,173.04,293850.52,1
2024-11-11,2024-11-11 13:06:00,1662.89,1663.54,1662.89,1663.54,0.04,173.04,293850.52,1
2024-11-11,2024-11-11 13:07:00,1663.54,1664.19,1663.54,1664.19,0.04,173.04,293850.52,1
2024-11-11,2024-11-11 13:08:00,1664.19,1664.84,1664.19,1664.84,0.04,173.04,293850.52,1
2024-11-11,2024-11-11 13:09:00,1664.84,1665.49,1664.84,1665.49,0.04,173.04,293850.52,1
2024-11-11,2024-11-11 13:10:00,1665.49,1666.14,1665.49,1666.14,0.04,173.04,293850.52,1
2024-11-11,2024-11-11 13:11:00,1666.14,1666.79,1666.14,1666.79,0.04,173.04,293850.52,1
2024-11-11,2024-11-11 13:12:00,1666.79,1667.44,1666.79,1667.44,0.04,173.04,293850.52,1
2024-11-11,2024-11-11 13:13:00,1667.44,1668.09,1667.44,1668.09,0.04,173.04,293850.52,1
2024-11-11,2024-11-11 13:14:00,1668.09,1668.74,1668.09,1668.74,0.04,173.04,293850.52,1
2024-11-11,2024-11-11 13:15:00,1668.74,1669.39,1668.74,1669.39,0.04,173.04,293850.52,1
2024-11-11,2024-11-11 13:16:00,1669.39,1670.04,1669.39,1670.04,0.04,173.04,293850.52,1
2024-11-11,2024-11-11 13:17:00,1670.04,1670.68,1670.04,1670.68,0.04,173.04,293850.52,1
2024-11-11,2024-11-11 13:18:00,1670.68,1671.33,1670.68,1671.33,0.04,173.04,293850.52,1
2024-11-11,2024-11-11 13:19:00,1671.33,1671.98,1671.33,1671.98,0.04,173.04,293850.52,1
2024-11-11,2024-11-11 13:20:00,1671.98,1672.63,1671.98,1672.63,0.04,173.04,293850.52,1
2024-11-11,2024-11-11 13:21:00,1672.63,1673.28,1672.63,1673.28,0.04,173.04,293850.52,1
2024-11-11,2024-11-11 13:22:00,1673.28,1673.93,1673.28,1673.93,0.04,173.04,293850.52,1
2024-11-11,2024-11-11 13:23:00,1673.93,1674.58,1673.93,1674.58,0.04,173.04,293850.52,1
2024-11-11,2024-11-11 13:24:00,1674.58,1675.23,1674.58,1675.23,0.04,173.04,293850.52,1
2024-11-11,2024-11-11 13:25:00,1675.23,1675.88,1675.23,1675.88,0.04,173.04,293850.52,1
2024-11-11,2024-11-11 13:26:00,1675.88,1676.53,1675.88,1676.53,0.04,173.04,293850.52,1
2024-11-11,2024-11-11 13:27:00,1676.53,1677.18,1676.53,1677.18,0.04,173.04,293850.52,1
2024-11-11,2024-11-11 13:28:00,1677.18,1677.83,1677.18,1677.83,0.04,173.04,293850.52,1
2024-11-11,2024-11-11 13:29:00,1677.83,1678.47,1677.83,1678.47,0.04,173.04,293850.52,1
2024-11-11,2024-11-11 13:30:00,1678.47,1679.12,1678.47,1679.12,0.04,173.04,293850.52,1
2024-11-11,2024-11-11 13:31:00,1679.12,1679.77,1679.12,1679.77,0.04,173.04,293850.52,1
2024-11-11,2024-11-11 13:32:00,1679.77,1680.42,1679.77,1680.42,0.04,173.04,293850.52,1
2024-11-11,2024-11-11 13:33:00,1680.42,1681.07,1680.42,1681.07,0.04,173.04,293850.52,1
2024-11-11,2024-11-11 13:34:00,1681.07,1681.72,1681.07,1681.72,0.04,173.04,293850.52,1
2024-11-11,2024-11-11 13:35:00,1681.72,1682.37,1681.72,1682.37,0.04,173.04,293850.52,1
2024-11-11,2024-11-11 13:36:00,1682.37,1683.02,1682.37,1683.02,0.04,173.04,293850.52,1
2024-11-11,2024-11-11 13:37:00,1683.02,1683.67,1683.02,1683.67,0.04,173.04,293850.52,1
2024-11-11,2024-11-11 13:38:00,1683.67,1684.32,1683.67,1684.32,0.04,173.04,293850.52,1
2024-11-11,2024-11-11 13:39:00,1684.32,1684.97,1684.32,1684.97,0.04,173.04,293850.52,1
2024-11-11,2024-11-11 13:40:00,1684.97,1685.62,1684.97,1685.62,0.04,173.04,293850.52,1
2024-11-11,2024-11-11 13:41:00,1685.62,1686.27,1685.62,1686.27,0.04,173.04,293850.52,1
2024-11-11,2024-11-11 13:42:00,1686.27,1686.91,1686.27,1686.91,0.04,173.04,293850.52,1
2024-11-11,2024-11-11 13:43:00,1686.91,1687.56,1686.91,1687.56,0.04,173.04,293850.52,1
2024-11-11,2024-11-11 13:44:00,1687.56,1688.21,1687.56,1688.21,0.04,173.04,293850.52,1
2024-11-11,2024-11-11 13:45:00,1688.21,1688.86,1688.21,1688.86,0.04,173.04,293850.52,1
2024-11-11,2024-11-11 13:46:00,1688.86,1689.51,1688.86,1689.51,0.04,173.04,293850.52,1
2024-11-11,2024-11-11 13:47:00,1689.51,1690.16,1689.51,1690.16,0.04,173.04,293850.52,1
2024-11-11,2024-11-11 13:48:00,1690.16,1690.81,1690.16,1690.81,0.04,173.04,293850.52,1
2024-11-11,2024-11-11 13:49:00,1690.81,1691.46,1690.81,1691.46,0.04,173.04,293850.52,1
2024-11-11,2024-11-11 13:50:00,1691.46,1692.11,1691.46,1692.11,0.04,173.04,293850.52,1
2024-11-11,2024-11-11 13:51:00,1692.11,1692.76,1692.11,1692.76,0.04,173.04,293850.52,1
2024-11-11,2024-11-11 13:52:00,1692.76,1693.41,1692.76,1693.41,0.04,173.04,293850.52,1
2024-11-11,2024-11-11 13:53:00,1693.41,1694.06,1693.41,1694.06,0.04,173.04,293850.52,1
2024-11-11,2024-11-11 13:54:00,1694.06,1694.7,1694.06,1694.7,0.04,173.04,293850.52,1
2024-11-11,2024-11-11 13:55:00,1694.7,1695.35,1694.7,1695.35,0.04,173.04,293850.52,1
2024-11-11,2024-11-11 13:56:00,1695.35,1696.0,1695.35,1696.0,0.04,173.04,293850.52,1
2024-11-11,2024-11-11 13:57:00,1696.0,1696.65,1696.0,1696.65,0.04,173.04,293850.52,1
2024-11-11,2024-11-11 13:58:00,1696.65,1697.3,1696.65,1697.3,0.04,173.04,293850.52,1
2024-11-11,2024-11-11 13:59:00,1697.3,1697.95,1697.3,1697.95,0.04,173.04,293850.52,1
2024-11-11,2024-11-11 14:00:00,1697.95,1698.6,1697.95,1698.6,0.04,173.04,293850.52,1
2024-11-11,2024-11-11 14:01:00,1698.6,1699.25,1698.6,1699.25,0.04,173.04,293850.52,1
2024-11-11,2024-11-11 14:02:00,1699.25,1699.9,1699.25,1699.9,0.04,173.04,293850.52,1
2024-11-11,2024-11-11 14:03:00,1699.9,1700.55,1699.9,1700.55,0.04,173.04,293850.52,1
2024-11-11,2024-11-11 14:04:00,1700.55,1701.2,1700.55,1701.2,0.04,173.04,293850.52,1
2024-11-11,2024-11-11 14:05:00,1701.2,1701.85,1701.2,1701.85,0.04,173.04,293850.52,1
2024-11-11,2024-11-11 14:06:00,1701.85,1702.49,1701.85,1702.49,0.04,173.04,293850.52,1
2024-11-11,2024-11-11 14:07:00,1702.49,1703.14,1702.49,1703.14,0.04,173.04,293850.52,1
2024-11-11,2024-11-11 14:08:00,1703.14,1703.79,1703.14,1703.79,0.04,173.04,293850.52,1
2024-11-11,2024-11-11 14:09:00,1703.79,1704.44,1703.79,1704.44,0.04,173.04,293850.52,1
2024-11-11,2024-11-11 14:10:00,1704.44,1705.09,1704.44,1705.09,0.04,173.04,293850.52,1
2024-11-11,2024-11-11 14:11:00,1705.09,1705.74,1705.09,1705.74,0.04,173.04,293850.52,1
2024-11-11,2024-11-11 14:12:00,1705.74,1706.39,1705.74,1706.39,0.04,173.04,293850.52,1
2024-11-11,2024-11-11 14:13:00,1706.39,1707.04,1706.39,1707.04,0.04,173.04,293850.52,1
2024-11-11,2024-11-11 14:14:00,1707.04,1707.69,1707.04,1707.69,0.04,173.04,293850.52,1
2024-11-11,2024-11-11 14:15:00,1707.69,1708.34,1707.69,1708.34,0.04,173.04,293850.52,1
2024-11-11,2024-11-11 14:16:00,1708.34,1708.99,1708.34,1708.99,0.04,173.04,293850.52,1
2024-11-11,2024-11-11 14:17:00,1708.99,1709.63,1708.99,1709.63,0.04,173.04,293850.52,1
2024-11-11,2024-11-11 14:18:00,1709.63,1710.28,1709.63,1710.28,0.04,173.04,293850.52,1
2024-11-11,2024-11-11 14:19:00,1710.28,1710.93,1710.28,1710.93,0.04,173.04,293850.52,1
2024-11-11,2024-11-11 14:20:00,1710.93,1711.58,1710.93,1711.58,0.04,173.04,293850.52,1
2024-11-11,2024-11-11 14:21:00,1711.58,1712.23,1711.58,1712.23,0.04,173.04,293850.52,1
2024-11-11,2024-11-11 14:22:00,1712.23,1712.88,1712.23,1712.88,0.04,173.04,293850.52,1
2024-11-11,2024-11-11 14:23:00,1712.88,1713.53,1712.88,1713.53,0.04,173.04,293850.52,1
2024-11-11,2024-11-11 14:24:00,1713.53,1714.18,1713.53,1714.18,0.04,173.04,293850.52,1
2024-11-11,2024-11-11 14:25:00,1714.18,1714.83,1714.18,1714.83,0.04,173.04,293850.52,1
2024-11-11,2024-11-11 14:26:00,1714.83,1715.48,1714.83,1715.48,0.04,173.04,293850.52,1
2024-11-11,2024-11-11 14:27:00,1715.48,1716.13,1715.48,1716.13,0.04,173.04,293850.52,1
2024-11-11,2024-11-11 14:28:00,1716.13,1716.78,1716.13,1716.78,0.04,173.04,293850.52,1
2024-11-11,2024-11-11 14:29:00,1716.78,1717.43,1716.78,1717.43,0.04,173.04,293850.52,1
2024-11-11,2024-11-11 14:30:00,1717.43,1718.07,1717.43,1718.07,0.04,173.04,293850.52,1
2024-11-11,2024-11-11 14:31:00,1718.07,1718.72,1718.07,1718.72,0.04,173.04,293850.52,1
2024-11-11,2024-11-11 14:32:00,1718.72,1719.37,1718.72,1719.37,0.04,173.04,293850.52,1
2024-11-11,2024-11-11 14:33:00,1719.37,1720.02,1719.37,1720.02,0.04,173.04,293850.52,1
2024-11-11,2024-11-11 14:34:00,1720.02,1720.67,1720.02,1720.67,0.04,173.04,293850.52,1
2024-11-11,2024-11-11 14:35:00,1720.67,1721.32,1720.67,1721.32,0.04,173.04,293850.52,1
2024-11-11,2024-11-11 14:36:00,1721.32,1721.97,1721.32,1721.97,0.04,173.04,293850.52,1
2024-11-11,2024-11-11 14:37:00,1721.97,1722.62,1721.97,1722.62,0.04,173.04,293850.52,1
2024-11-11,2024-11-11 14:38:00,1722.62,1723.27,1722.62,1723.27,0.04,173.04,293850.52,1
2024-11-11,2024-11-11 14:39:00,1723.27,1723.92,1723.27,1723.92,0.04,173.04,293850.52,1
2024-11-11,2024-11-11 14:40:00,1723.92,1724.57,1723.92,1724.57,0.04,173.04,293850.52,1
2024-11-11,2024-11-11 14:41:00,1724.57,1725.22,1724.57,1725.22,0.04,173.04,293850.52,1
2024-11-11,2024-11-11 14:42:00,1725.22,1725.86,1725.22,1725.86,0.04,173.04,293850.52,1
2024-11-11,2024-11-11 14:43:00,1725.86,1726.51,1725.86,1726.51,0.04,173.04,293850.52,1
2024-11-11,2024-11-11 14:44:00,1726.51,1727.16,1726.51,1727.16,0.04,173.04,293850.52,1
2024-11-11,2024-11-11 14:45:00,1727.16,1727.81,1727.16,1727.81,0.04,173.04,293850.52,1
2024-11-11,2024-11-11 14:46:00,1727.81,1728.46,1727.81,1728.46,0.04,173.04,293850.52,1
2024-11-11,2024-11-11 14:47:00,1728.46,1729.11,1728.46,1729.11,0.04,173.04,293850.52,1
2024-11-11,2024-11-11 14:48:00,1729.11,1729.76,1729.11,1729.76,0.04,173.04,293850.52,1
2024-11-11,2024-11-11 14:49:00,1729.76,1730.41,1729.76,1730.41,0.04,173.04,293850.52,1
2024-11-11,2024-11-11 14:50:00,1730.41,1731.06,1730.41,1731.06,0.04,173.04,293850.52,1
2024-11-11,2024-11-11 14:51:00,1731.06,1731.71,1731.06,1731.71,0.04,173.04,293850.52,1
2024-11-11,2024-11-11 14:52:00,1731.71,1732.36,1731.71,1732.36,0.04,173.04,293850.52,1
2024-11-11,2024-11-11 14:53:00,1732.36,1733.01,1732.36,1733.01,0.04,173.04,293850.52,1
2024-11-11,2024-11-11 14:54:00,1733.01,1733.65,1733.01,1733.65,0.04,173.04,293850.52,1
2024-11-11,2024-11-11 14:55:00,1733.65,1734.3,1733.65,1734.3,0.04,173.04,293850.52,1
2024-11-11,2024-11-11 14:56:00,1734.3,1734.95,1734.3,1734.95,0.04,173.04,293850.52,1
2024-11-11,2024-11-11 14:57:00,1734.95,1735.6,1734.95,1735.6,0.04,173.04,293850.52,1
2024-11-11,2024-11-11 14:58:00,1735.6,1736.25,1735.6,1736.25,0.04,173.04,293850.52,1
2024-11-11,2024-11-11 14:59:00,1736.25,1736.9,1736.25,1736.9,0.04,173.04,293850.52,1
2024-11-11,2024-11-11 15:00:00,1736.9,1738.0,1555.1,1736.9,0.0,173.04,293850.52,0
2024-11-12,2024-11-12 11:00:00,1702.2,1755.54,1702.2,1702.57,0.02,82.3,149524.15,1
2024-11-12,2024-11-12 11:01:00,1702.57,1702.93,1702.57,1702.93,0.02,82.3,149524.15,1
2024-11-12,2024-11-12 11:02:00,1702.93,1703.3,1702.93,1703.3,0.02,82.3,149524.15,1
2024-11-12,2024-11-12 11:03:00,1703.3,1703.66,1703.3,1703.66,0.02,82.3,149524.15,1
2024-11-12,2024-11-12 11:04:00,1703.66,1704.03,1703.66,1704.03,0.02,82.3,149524.15,1
2024-11-12,2024-11-12 11:05:00,1704.03,1704.39,1704.03,1704.39,0.02,82.3,149524.15,1
2024-11-12,2024-11-12 11:06:00,1704.39,1704.76,1704.39,1704.76,0.02,82.3,149524.15,1
2024-11-12,2024-11-12 11:07:00,1704.76,1705.13,1704.76,1705.13,0.02,82.3,149524.15,1
2024-11-12,2024-11-12 11:08:00,1705.13,1705.49,1705.13,1705.49,0.02,82.3,149524.15,1
2024-11-12,2024-11-12 11:09:00,1705.49,1705.86,1705.49,1705.86,0.02,82.3,149524.15,1
2024-11-12,2024-11-12 11:10:00,1705.86,1706.22,1705.86,1706.22,0.02,82.3,149524.15,1
2024-11-12,2024-11-12 11:11:00,1706.22,1706.59,1706.22,1706.59,0.02,82.3,149524.15,1
2024-11-12,2024-11-12 11:12:00,1706.59,1706.96,1706.59,1706.96,0.02,82.3,149524.15,1
2024-11-12,2024-11-12 11:13:00,1706.96,1707.32,1706.96,1707.32,0.02,82.3,149524.15,1
2024-11-12,2024-11-12 11:14:00,1707.32,1707.69,1707.32,1707.69,0.02,82.3,149524.15,1
2024-11-12,2024-11-12 11:15:00,1707.69,1708.05,1707.69,1708.05,0.02,82.3,149524.15,1
2024-11-12,2024-11-12 11:16:00,1708.05,1708.42,1708.05,1708.42,0.02,82.3,149524.15,1
2024-11-12,2024-11-12 11:17:00,1708.42,1708.79,1708.42,1708.79,0.02,82.3,149524.15,1
2024-11-12,2024-11-12 11:18:00,1708.79,1709.15,1708.79,1709.15,0.02,82.3,149524.15,1
2024-11-12,2024-11-12 11:19:00,1709.15,1709.52,1709.15,1709.52,0.02,82.3,149524.15,1
2024-11-12,2024-11-12 11:20:00,1709.52,1709.88,1709.52,1709.88,0.02,82.3,149524.15,1
2024-11-12,2024-11-12 11:21:00,1709.88,1710.25,1709.88,1710.25,0.02,82.3,149524.15,1
2024-11-12,2024-11-12 11:22:00,1710.25,1710.61,1710.25,1710.61,0.02,82.3,149524.15,1
2024-11-12,2024-11-12 11:23:00,1710.61,1710.98,1710.61,1710.98,0.02,82.3,149524.15,1
2024-11-12,2024-11-12 11:24:00,1710.98,1711.35,1710.98,1711.35,0.02,82.3,149524.15,1
2024-11-12,2024-11-12 11:25:00,1711.35,1711.71,1711.35,1711.71,0.02,82.3,149524.15,1
2024-11-12,2024-11-12 11:26:00,1711.71,1712.08,1711.71,1712.08,0.02,82.3,149524.15,1
2024-11-12,2024-11-12 11:27:00,1712.08,1712.44,1712.08,1712.44,0.02,82.3,149524.15,1
2024-11-12,2024-11-12 11:28:00,1712.44,1712.81,1712.44,1712.81,0.02,82.3,149524.15,1
2024-11-12,2024-11-12 11:29:00,1712.81,1713.17,1712.81,1713.17,0.02,82.3,149524.15,1
2024-11-12,2024-11-12 11:30:00,1713.17,1713.54,1713.17,1713.54,0.02,82.3,149524.15,1
2024-11-12,2024-11-12 11:31:00,1713.54,1713.91,1713.54,1713.91,0.02,82.3,149524.15,1
2024-11-12,2024-11-12 11:32:00,1713.91,1714.27,1713.91,1714.27,0.02,82.3,149524.15,1
2024-11-12,2024-11-12 11:33:00,1714.27,1714.64,1714.27,1714.64,0.02,82.3,149524.15,1
2024-11-12,2024-11-12 11:34:00,1714.64,1715.0,1714.64,1715.0,0.02,82.3,149524.15,1
2024-11-12,2024-11-12 11:35:00,1715.0,1715.37,1715.0,1715.37,0.02,82.3,149524.15,1
2024-11-12,2024-11-12 11:36:00,1715.37,1715.74,1715.37,1715.74,0.02,82.3,149524.15,1
2024-11-12,2024-11-12 11:37:00,1715.74,1716.1,1715.74,1716.1,0.02,82.3,149524.15,1
2024-11-12,2024-11-12 11:38:00,1716.1,1716.47,1716.1,1716.47,0.02,82.3,149524.15,1
2024-11-12,2024-11-12 11:39:00,1716.47,1716.83,1716.47,1716.83,0.02,82.3,149524.15,1
2024-11-12,2024-11-12 11:40:00,1716.83,1717.2,1716.83,1717.2,0.02,82.3,149524.15,1
2024-11-12,2024-11-12 11:41:00,1717.2,1717.57,1717.2,1717.57,0.02,82.3,149524.15,1
2024-11-12,2024-11-12 11:42:00,1717.57,1717.93,1717.57,1717.93,0.02,82.3,149524.15,1
2024-11-12,2024-11-12 11:43:00,1717.93,1718.3,1717.93,1718.3,0.02,82.3,149524.15,1
2024-11-12,2024-11-12 11:44:00,1718.3,1718.66,1718.3,1718.66,0.02,82.3,149524.15,1
2024-11-12,2024-11-12 11:45:00,1718.66,1719.03,1718.66,1719.03,0.02,82.3,149524.15,1
2024-11-12,2024-11-12 11:46:00,1719.03,1719.39,1719.03,1719.39,0.02,82.3,149524.15,1
2024-11-12,2024-11-12 11:47:00,1719.39,1719.76,1719.39,1719.76,0.02,82.3,149524.15,1
2024-11-12,2024-11-12 11:48:00,1719.76,1720.13,1719.76,1720.13,0.02,82.3,149524.15,1
2024-11-12,2024-11-12 11:49:00,1720.13,1720.49,1720.13,1720.49,0.02,82.3,149524.15,1
2024-11-12,2024-11-12 11:50:00,1720.49,1720.86,1720.49,1720.86,0.02,82.3,149524.15,1
2024-11-12,2024-11-12 11:51:00,1720.86,1721.22,1720.86,1721.22,0.02,82.3,149524.15,1
2024-11-12,2024-11-12 11:52:00,1721.22,1721.59,1721.22,1721.59,0.02,82.3,149524.15,1
2024-11-12,2024-11-12 11:53:00,1721.59,1721.95,1721.59,1721.95,0.02,82.3,149524.15,1
2024-11-12,2024-11-12 11:54:00,1721.95,1722.32,1721.95,1722.32,0.02,82.3,149524.15,1
2024-11-12,2024-11-12 11:55:00,1722.32,1722.69,1722.32,1722.69,0.02,82.3,149524.15,1
2024-11-12,2024-11-12 11:56:00,1722.69,1723.05,1722.69,1723.05,0.02,82.3,149524.15,1
2024-11-12,2024-11-12 11:57:00,1723.05,1723.42,1723.05,1723.42,0.02,82.3,149524.15,1
2024-11-12,2024-11-12 11:58:00,1723.42,1723.78,1723.42,1723.78,0.02,82.3,149524.15,1
2024-11-12,2024-11-12 11:59:00,1723.78,1724.15,1723.78,1724.15,0.02,82.3,149524.15,1
2024-11-12,2024-11-12 12:00:00,1724.15,1724.52,1724.15,1724.52,0.02,82.3,149524.15,1
2024-11-12,2024-11-12 12:01:00,1724.52,1724.88,1724.52,1724.88,0.02,82.3,149524.15,1
2024-11-12,2024-11-12 12:02:00,1724.88,1725.25,1724.88,1725.25,0.02,82.3,149524.15,1
2024-11-12,2024-11-12 12:03:00,1725.25,1725.61,1725.25,1725.61,0.02,82.3,149524.15,1
2024-11-12,2024-11-12 12:04:00,1725.61,1725.98,1725.61,1725.98,0.02,82.3,149524.15,1
2024-11-12,2024-11-12 12:05:00,1725.98,1726.35,1725.98,1726.35,0.02,82.3,149524.15,1
2024-11-12,2024-11-12 12:06:00,1726.35,1726.71,1726.35,1726.71,0.02,82.3,149524.15,1
2024-11-12,2024-11-12 12:07:00,1726.71,1727.08,1726.71,1727.08,0.02,82.3,149524.15,1
2024-11-12,2024-11-12 12:08:00,1727.08,1727.44,1727.08,1727.44,0.02,82.3,149524.15,1
2024-11-12,2024-11-12 12:09:00,1727.44,1727.81,1727.44,1727.81,0.02,82.3,149524.15,1
2024-11-12,2024-11-12 12:10:00,1727.81,1728.17,1727.81,1728.17,0.02,82.3,149524.15,1
2024-11-12,2024-11-12 12:11:00,1728.17,1728.54,1728.17,1728.54,0.02,82.3,149524.15,1
2024-11-12,2024-11-12 12:12:00,1728.54,1728.91,1728.54,1728.91,0.02,82.3,149524.15,1
2024-11-12,2024-11-12 12:13:00,1728.91,1729.27,1728.91,1729.27,0.02,82.3,149524.15,1
2024-11-12,2024-11-12 12:14:00,1729.27,1729.64,1729.27,1729.64,0.02,82.3,149524.15,1
2024-11-12,2024-11-12 12:15:00,1729.64,1730.0,1729.64,1730.0,0.02,82.3,149524.15,1
2024-11-12,2024-11-12 12:16:00,1730.0,1730.37,1730.0,1730.37,0.02,82.3,149524.15,1
2024-11-12,2024-11-12 12:17:00,1730.37,1730.74,1730.37,1730.74,0.02,82.3,149524.15,1
2024-11-12,2024-11-12 12:18:00,1730.74,1731.1,1730.74,1731.1,0.02,82.3,149524.15,1
2024-11-12,2024-11-12 12:19:00,1731.1,1731.47,1731.1,1731.47,0.02,82.3,149524.15,1
2024-11-12,2024-11-12 12:20:00,1731.47,1731.83,1731.47,1731.83,0.02,82.3,149524.15,1
2024-11-12,2024-11-12 12:21:00,1731.83,1732.2,1731.83,1732.2,0.02,82.3,149524.15,1
2024-11-12,2024-11-12 12:22:00,1732.2,1732.56,1732.2,1732.56,0.02,82.3,149524.15,1
2024-11-12,2024-11-12 12:23:00,1732.56,1732.93,1732.56,1732.93,0.02,82.3,149524.15,1
2024-11-12,2024-11-12 12:24:00,1732.93,1733.3,1732.93,1733.3,0.02,82.3,149524.15,1
2024-11-12,2024-11-12 12:25:00,1733.3,1733.66,1733.3,1733.66,0.02,82.3,149524.15,1
2024-11-12,2024-11-12 12:26:00,1733.66,1734.03,1733.66,1734.03,0.02,82.3,149524.15,1
2024-11-12,2024-11-12 12:27:00,1734.03,1734.39,1734.03,1734.39,0.02,82.3,149524.15,1
2024-11-12,2024-11-12 12:28:00,1734.39,1734.76,1734.39,1734.76,0.02,82.3,149524.15,1
2024-11-12,2024-11-12 12:29:00,1734.76,1735.12,1734.76,1735.12,0.02,82.3,149524.15,1
2024-11-12,2024-11-12 12:30:00,1735.12,1735.49,1735.12,1735.49,0.02,82.3,149524.15,1
2024-11-12,2024-11-12 12:31:00,1735.49,1735.86,1735.49,1735.86,0.02,82.3,149524.15,1
2024-11-12,2024-11-12 12:32:00,1735.86,1736.22,1735.86,1736.22,0.02,82.3,149524.15,1
2024-11-12,2024-11-12 12:33:00,1736.22,1736.59,1736.22,1736.59,0.02,82.3,149524.15,1
2024-11-12,2024-11-12 12:34:00,1736.59,1736.95,1736.59,1736.95,0.02,82.3,149524.15,1
2024-11-12,2024-11-12 12:35:00,1736.95,1737.32,1736.95,1737.32,0.02,82.3,149524.15,1
2024-11-12,2024-11-12 12:36:00,1737.32,1737.69,1737.32,1737.69,0.02,82.3,149524.15,1
2024-11-12,2024-11-12 12:37:00,1737.69,1738.05,1737.69,1738.05,0.02,82.3,149524.15,1
2024-11-12,2024-11-12 12:38:00,1738.05,1738.42,1738.05,1738.42,0.02,82.3,149524.15,1
2024-11-12,2024-11-12 12:39:00,1738.42,1738.78,1738.42,1738.78,0.02,82.3,149524.15,1
2024-11-12,2024-11-12 12:40:00,1738.78,1739.15,1738.78,1739.15,0.02,82.3,149524.15,1
2024-11-12,2024-11-12 12:41:00,1739.15,1739.52,1739.15,1739.52,0.02,82.3,149524.15,1
2024-11-12,2024-11-12 12:42:00,1739.52,1739.88,1739.52,1739.88,0.02,82.3,149524.15,1
2024-11-12,2024-11-12 12:43:00,1739.88,1740.25,1739.88,1740.25,0.02,82.3,149524.15,1
2024-11-12,2024-11-12 12:44:00,1740.25,1740.61,1740.25,1740.61,0.02,82.3,149524.15,1
2024-11-12,2024-11-12 12:45:00,1740.61,1740.98,1740.61,1740.98,0.02,82.3,149524.15,1
2024-11-12,2024-11-12 12:46:00,1740.98,1741.34,1740.98,1741.34,0.02,82.3,149524.15,1
2024-11-12,2024-11-12 12:47:00,1741.34,1741.71,1741.34,1741.71,0.02,82.3,149524.15,1
2024-11-12,2024-11-12 12:48:00,1741.71,1742.08,1741.71,1742.08,0.02,82.3,149524.15,1
2024-11-12,2024-11-12 12:49:00,1742.08,1742.44,1742.08,1742.44,0.02,82.3,149524.15,1
2024-11-12,2024-11-12 12:50:00,1742.44,1742.81,1742.44,1742.81,0.02,82.3,149524.15,1
2024-11-12,2024-11-12 12:51:00,1742.81,1743.17,1742.81,1743.17,0.02,82.3,149524.15,1
2024-11-12,2024-11-12 12:52:00,1743.17,1743.54,1743.17,1743.54,0.02,82.3,149524.15,1
2024-11-12,2024-11-12 12:53:00,1743.54,1743.9,1743.54,1743.9,0.02,82.3,149524.15,1
2024-11-12,2024-11-12 12:54:00,1743.9,1744.27,1743.9,1744.27,0.02,82.3,149524.15,1
2024-11-12,2024-11-12 12:55:00,1744.27,1744.64,1744.27,1744.64,0.02,82.3,149524.15,1
2024-11-12,2024-11-12 12:56:00,1744.64,1745.0,1744.64,1745.0,0.02,82.3,149524.15,1
2024-11-12,2024-11-12 12:57:00,1745.0,1745.37,1745.0,1745.37,0.02,82.3,149524.15,1
2024-11-12,2024-11-12 12:58:00,1745.37,1745.73,1745.37,1745.73,0.02,82.3,149524.15,1
2024-11-12,2024-11-12 12:59:00,1745.73,1746.1,1745.73,1746.1,0.02,82.3,149524.15,1
2024-11-12,2024-11-12 13:00:00,1746.1,1880.0,1702.2,1746.47,0.02,82.3,149524.15,1
2024-11-12,2024-11-12 13:01:00,1746.47,1746.83,1746.47,1746.83,0.02,82.3,149524.15,1
2024-11-12,2024-11-12 13:02:00,1746.83,1747.2,1746.83,1747.2,0.02,82.3,149524.15,1
2024-11-12,2024-11-12 13:03:00,1747.2,1747.56,1747.2,1747.56,0.02,82.3,149524.15,1
2024-11-12,2024-11-12 13:04:00,1747.56,1747.93,1747.56,1747.93,0.02,82.3,149524.15,1
2024-11-12,2024-11-12 13:05:00,1747.93,1748.3,1747.93,1748.3,0.02,82.3,149524.15,1
2024-11-12,2024-11-12 13:06:00,1748.3,1748.66,1748.3,1748.66,0.02,82.3,149524.15,1
2024-11-12,2024-11-12 13:07:00,1748.66,1749.03,1748.66,1749.03,0.02,82.3,149524.15,1
2024-11-12,2024-11-12 13:08:00,1749.03,1749.39,1749.03,1749.39,0.02,82.3,149524.15,1
2024-11-12,2024-11-12 13:09:00,1749.39,1749.76,1749.39,1749.76,0.02,82.3,149524.15,1
2024-11-12,2024-11-12 13:10:00,1749.76,1750.12,1749.76,1750.12,0.02,82.3,149524.15,1
2024-11-12,2024-11-12 13:11:00,1750.12,1750.49,1750.12,1750.49,0.02,82.3,149524.15,1
2024-11-12,2024-11-12 13:12:00,1750.49,1750.86,1750.49,1750.86,0.02,82.3,149524.15,1
2024-11-12,2024-11-12 13:13:00,1750.86,1751.22,1750.86,1751.22,0.02,82.3,149524.15,1
2024-11-12,2024-11-12 13:14:00,1751.22,1751.59,1751.22,1751.59,0.02,82.3,149524.15,1
2024-11-12,2024-11-12 13:15:00,1751.59,1751.95,1751.59,1751.95,0.02,82.3,149524.15,1
2024-11-12,2024-11-12 13:16:00,1751.95,1752.32,1751.95,1752.32,0.02,82.3,149524.15,1
2024-11-12,2024-11-12 13:17:00,1752.32,1752.68,1752.32,1752.68,0.02,82.3,149524.15,1
2024-11-12,2024-11-12 13:18:00,1752.68,1753.05,1752.68,1753.05,0.02,82.3,149524.15,1
2024-11-12,2024-11-12 13:19:00,1753.05,1753.42,1753.05,1753.42,0.02,82.3,149524.15,1
2024-11-12,2024-11-12 13:20:00,1753.42,1753.78,1753.42,1753.78,0.02,82.3,149524.15,1
2024-11-12,2024-11-12 13:21:00,1753.78,1754.15,1753.78,1754.15,0.02,82.3,149524.15,1
2024-11-12,2024-11-12 13:22:00,1754.15,1754.51,1754.15,1754.51,0.02,82.3,149524.15,1
2024-11-12,2024-11-12 13:23:00,1754.51,1754.88,1754.51,1754.88,0.02,82.3,149524.15,1
2024-11-12,2024-11-12 13:24:00,1754.88,1755.25,1754.88,1755.25,0.02,82.3,149524.15,1
2024-11-12,2024-11-12 13:25:00,1755.25,1755.61,1755.25,1755.61,0.02,82.3,149524.15,1
2024-11-12,2024-11-12 13:26:00,1755.61,1755.98,1755.61,1755.98,0.02,82.3,149524.15,1
2024-11-12,2024-11-12 13:27:00,1755.98,1756.34,1755.98,1756.34,0.02,82.3,149524.15,1
2024-11-12,2024-11-12 13:28:00,1756.34,1756.71,1756.34,1756.71,0.02,82.3,149524.15,1
2024-11-12,2024-11-12 13:29:00,1756.71,1757.08,1756.71,1757.08,0.02,82.3,149524.15,1
2024-11-12,2024-11-12 13:30:00,1757.08,1757.44,1757.08,1757.44,0.02,82.3,149524.15,1
2024-11-12,2024-11-12 13:31:00,1757.44,1757.81,1757.44,1757.81,0.02,82.3,149524.15,1
2024-11-12,2024-11-12 13:32:00,1757.81,1758.17,1757.81,1758.17,0.02,82.3,149524.15,1
2024-11-12,2024-11-12 13:33:00,1758.17,1758.54,1758.17,1758.54,0.02,82.3,149524.15,1
2024-11-12,2024-11-12 13:34:00,1758.54,1758.9,1758.54,1758.9,0.02,82.3,149524.15,1
2024-11-12,2024-11-12 13:35:00,1758.9,1759.27,1758.9,1759.27,0.02,82.3,149524.15,1
2024-11-12,2024-11-12 13:36:00,1759.27,1759.64,1759.27,1759.64,0.02,82.3,149524.15,1
2024-11-12,2024-11-12 13:37:00,1759.64,1760.0,1759.64,1760.0,0.02,82.3,149524.15,1
2024-11-12,2024-11-12 13:38:00,1760.0,1760.37,1760.0,1760.37,0.02,82.3,149524.15,1
2024-11-12,2024-11-12 13:39:00,1760.37,1760.73,1760.37,1760.73,0.02,82.3,149524.15,1
2024-11-12,2024-11-12 13:40:00,1760.73,1761.1,1760.73,1761.1,0.02,82.3,149524.15,1
2024-11-12,2024-11-12 13:41:00,1761.1,1761.46,1761.1,1761.46,0.02,82.3,149524.15,1
2024-11-12,2024-11-12 13:42:00,1761.46,1761.83,1761.46,1761.83,0.02,82.3,149524.15,1
2024-11-12,2024-11-12 13:43:00,1761.83,1762.2,1761.83,1762.2,0.02,82.3,149524.15,1
2024-11-12,2024-11-12 13:44:00,1762.2,1762.56,1762.2,1762.56,0.02,82.3,149524.15,1
2024-11-12,2024-11-12 13:45:00,1762.56,1762.93,1762.56,1762.93,0.02,82.3,149524.15,1
2024-11-12,2024-11-12 13:46:00,1762.93,1763.29,1762.93,1763.29,0.02,82.3,149524.15,1
2024-11-12,2024-11-12 13:47:00,1763.29,1763.66,1763.29,1763.66,0.02,82.3,149524.15,1
2024-11-12,2024-11-12 13:48:00,1763.66,1764.03,1763.66,1764.03,0.02,82.3,149524.15,1
2024-11-12,2024-11-12 13:49:00,1764.03,1764.39,1764.03,1764.39,0.02,82.3,149524.15,1
2024-11-12,2024-11-12 13:50:00,1764.39,1764.76,1764.39,1764.76,0.02,82.3,149524.15,1
2024-11-12,2024-11-12 13:51:00,1764.76,1765.12,1764.76,1765.12,0.02,82.3,149524.15,1
2024-11-12,2024-11-12 13:52:00,1765.12,1765.49,1765.12,1765.49,0.02,82.3,149524.15,1
2024-11-12,2024-11-12 13:53:00,1765.49,1765.86,1765.49,1765.86,0.02,82.3,149524.15,1
2024-11-12,2024-11-12 13:54:00,1765.86,1766.22,1765.86,1766.22,0.02,82.3,149524.15,1
2024-11-12,2024-11-12 13:55:00,1766.22,1766.59,1766.22,1766.59,0.02,82.3,149524.15,1
2024-11-12,2024-11-12 13:56:00,1766.59,1766.95,1766.59,1766.95,0.02,82.3,149524.15,1
2024-11-12,2024-11-12 13:57:00,1766.95,1767.32,1766.95,1767.32,0.02,82.3,149524.15,1
2024-11-12,2024-11-12 13:58:00,1767.32,1767.68,1767.32,1767.68,0.02,82.3,149524.15,1
2024-11-12,2024-11-12 13:59:00,1767.68,1768.05,1767.68,1768.05,0.02,82.3,149524.15,1
2024-11-12,2024-11-12 14:00:00,1768.05,1768.42,1768.05,1768.42,0.02,82.3,149524.15,1
2024-11-12,2024-11-12 14:01:00,1768.42,1768.78,1768.42,1768.78,0.02,82.3,149524.15,1
2024-11-12,2024-11-12 14:02:00,1768.78,1769.15,1768.78,1769.15,0.02,82.3,149524.15,1
2024-11-12,2024-11-12 14:03:00,1769.15,1769.51,1769.15,1769.51,0.02,82.3,149524.15,1
2024-11-12,2024-11-12 14:04:00,1769.51,1769.88,1769.51,1769.88,0.02,82.3,149524.15,1
2024-11-12,2024-11-12 14:05:00,1769.88,1770.25,1769.88,1770.25,0.02,82.3,149524.15,1
2024-11-12,2024-11-12 14:06:00,1770.25,1770.61,1770.25,1770.61,0.02,82.3,149524.15,1
2024-11-12,2024-11-12 14:07:00,1770.61,1770.98,1770.61,1770.98,0.02,82.3,149524.15,1
2024-11-12,2024-11-12 14:08:00,1770.98,1771.34,1770.98,1771.34,0.02,82.3,149524.15,1
2024-11-12,2024-11-12 14:09:00,1771.34,1771.71,1771.34,1771.71,0.02,82.3,149524.15,1
2024-11-12,2024-11-12 14:10:00,1771.71,1772.07,1771.71,1772.07,0.02,82.3,149524.15,1
2024-11-12,2024-11-12 14:11:00,1772.07,1772.44,1772.07,1772.44,0.02,82.3,149524.15,1
2024-11-12,2024-11-12 14:12:00,1772.44,1772.81,1772.44,1772.81,0.02,82.3,149524.15,1
2024-11-12,2024-11-12 14:13:00,1772.81,1773.17,1772.81,1773.17,0.02,82.3,149524.15,1
2024-11-12,2024-11-12 14:14:00,1773.17,1773.54,1773.17,1773.54,0.02,82.3,149524.15,1
2024-11-12,2024-11-12 14:15:00,1773.54,1773.9,1773.54,1773.9,0.02,82.3,149524.15,1
2024-11-12,2024-11-12 14:16:00,1773.9,1774.27,1773.9,1774.27,0.02,82.3,149524.15,1
2024-11-12,2024-11-12 14:17:00,1774.27,1774.63,1774.27,1774.63,0.02,82.3,149524.15,1
2024-11-12,2024-11-12 14:18:00,1774.63,1775.0,1774.63,1775.0,0.02,82.3,149524.15,1
2024-11-12,2024-11-12 14:19:00,1775.0,1775.37,1775.0,1775.37,0.02,82.3,149524.15,1
2024-11-12,2024-11-12 14:20:00,1775.37,1775.73,1775.37,1775.73,0.02,82.3,149524.15,1
2024-11-12,2024-11-12 14:21:00,1775.73,1776.1,1775.73,1776.1,0.02,82.3,149524.15,1
2024-11-12,2024-11-12 14:22:00,1776.1,1776.46,1776.1,1776.46,0.02,82.3,149524.15,1
2024-11-12,2024-11-12 14:23:00,1776.46,1776.83,1776.46,1776.83,0.02,82.3,149524.15,1
2024-11-12,2024-11-12 14:24:00,1776.83,1777.2,1776.83,1777.2,0.02,82.3,149524.15,1
2024-11-12,2024-11-12 14:25:00,1777.2,1777.56,1777.2,1777.56,0.02,82.3,149524.15,1
2024-11-12,2024-11-12 14:26:00,1777.56,1777.93,1777.56,1777.93,0.02,82.3,149524.15,1
2024-11-12,2024-11-12 14:27:00,1777.93,1778.29,1777.93,1778.29,0.02,82.3,149524.15,1
2024-11-12,2024-11-12 14:28:00,1778.29,1778.66,1778.29,1778.66,0.02,82.3,149524.15,1
2024-11-12,2024-11-12 14:29:00,1778.66,1779.03,1778.66,1779.03,0.02,82.3,149524.15,1
2024-11-12,2024-11-12 14:30:00,1779.03,1779.39,1779.03,1779.39,0.02,82.3,149524.15,1
2024-11-12,2024-11-12 14:31:00,1779.39,1779.76,1779.39,1779.76,0.02,82.3,149524.15,1
2024-11-12,2024-11-12 14:32:00,1779.76,1780.12,1779.76,1780.12,0.02,82.3,149524.15,1
2024-11-12,2024-11-12 14:33:00,1780.12,1780.49,1780.12,1780.49,0.02,82.3,149524.15,1
2024-11-12,2024-11-12 14:34:00,1780.49,1780.85,1780.49,1780.85,0.02,82.3,149524.15,1
2024-11-12,2024-11-12 14:35:00,1780.85,1781.22,1780.85,1781.22,0.02,82.3,149524.15,1
2024-11-12,2024-11-12 14:36:00,1781.22,1781.59,1781.22,1781.59,0.02,82.3,149524.15,1
2024-11-12,2024-11-12 14:37:00,1781.59,1781.95,1781.59,1781.95,0.02,82.3,149524.15,1
2024-11-12,2024-11-12 14:38:00,1781.95,1782.32,1781.95,1782.32,0.02,82.3,149524.15,1
2024-11-12,2024-11-12 14:39:00,1782.32,1782.68,1782.32,1782.68,0.02,82.3,149524.15,1
2024-11-12,2024-11-12 14:40:00,1782.68,1783.05,1782.68,1783.05,0.02,82.3,149524.15,1
2024-11-12,2024-11-12 14:41:00,1783.05,1783.41,1783.05,1783.41,0.02,82.3,149524.15,1
2024-11-12,2024-11-12 14:42:00,1783.41,1783.78,1783.41,1783.78,0.02,82.3,149524.15,1
2024-11-12,2024-11-12 14:43:00,1783.78,1784.15,1783.78,1784.15,0.02,82.3,149524.15,1
2024-11-12,2024-11-12 14:44:00,1784.15,1784.51,1784.15,1784.51,0.02,82.3,149524.15,1
2024-11-12,2024-11-12 14:45:00,1784.51,1784.88,1784.51,1784.88,0.02,82.3,149524.15,1
2024-11-12,2024-11-12 14:46:00,1784.88,1785.24,1784.88,1785.24,0.02,82.3,149524.15,1
2024-11-12,2024-11-12 14:47:00,1785.24,1785.61,1785.24,1785.61,0.02,82.3,149524.15,1
2024-11-12,2024-11-12 14:48:00,1785.61,1785.98,1785.61,1785.98,0.02,82.3,149524.15,1
2024-11-12,2024-11-12 14:49:00,1785.98,1786.34,1785.98,1786.34,0.02,82.3,149524.15,1
2024-11-12,2024-11-12 14:50:00,1786.34,1786.71,1786.34,1786.71,0.02,82.3,149524.15,1
2024-11-12,2024-11-12 14:51:00,1786.71,1787.07,1786.71,1787.07,0.02,82.3,149524.15,1
2024-11-12,2024-11-12 14:52:00,1787.07,1787.44,1787.07,1787.44,0.02,82.3,149524.15,1
2024-11-12,2024-11-12 14:53:00,1787.44,1787.81,1787.44,1787.81,0.02,82.3,149524.15,1
2024-11-12,2024-11-12 14:54:00,1787.81,1788.17,1787.81,1788.17,0.02,82.3,149524.15,1
2024-11-12,2024-11-12 14:55:00,1788.17,1788.54,1788.17,1788.54,0.02,82.3,149524.15,1
2024-11-12,2024-11-12 14:56:00,1788.54,1788.9,1788.54,1788.9,0.02,82.3,149524.15,1
2024-11-12,2024-11-12 14:57:00,1788.9,1789.27,1788.9,1789.27,0.02,82.3,149524.15,1
2024-11-12,2024-11-12 14:58:00,1789.27,1789.63,1789.27,1789.63,0.02,82.3,149524.15,1
2024-11-12,2024-11-12 14:59:00,1789.63,1790.0,1789.63,1790.0,0.02,82.3,149524.15,1
2024-11-12,2024-11-12 15:00:00,1790.0,1880.0,1702.2,1790.0,0.0,82.3,149524.15,0
2024-11-13,2024-11-13 11:00:00,1754.2,1794.04,1744.51,1754.75,0.03,36.27,63934.48,1
2024-11-13,2024-11-13 11:01:00,1754.75,1755.31,1754.75,1755.31,0.03,36.27,63934.48,1
2024-11-13,2024-11-13 11:02:00,1755.31,1755.86,1755.31,1755.86,0.03,36.27,63934.48,1
2024-11-13,2024-11-13 11:03:00,1755.86,1756.41,1755.86,1756.41,0.03,36.27,63934.48,1
2024-11-13,2024-11-13 11:04:00,1756.41,1756.97,1756.41,1756.97,0.03,36.27,63934.48,1
2024-11-13,2024-11-13 11:05:00,1756.97,1757.52,1756.97,1757.52,0.03,36.27,63934.48,1
2024-11-13,2024-11-13 11:06:00,1757.52,1758.07,1757.52,1758.07,0.03,36.27,63934.48,1
2024-11-13,2024-11-13 11:07:00,1758.07,1758.63,1758.07,1758.63,0.03,36.27,63934.48,1
2024-11-13,2024-11-13 11:08:00,1758.63,1759.18,1758.63,1759.18,0.03,36.27,63934.48,1
2024-11-13,2024-11-13 11:09:00,1759.18,1759.73,1759.18,1759.73,0.03,36.27,63934.48,1
2024-11-13,2024-11-13 11:10:00,1759.73,1760.29,1759.73,1760.29,0.03,36.27,63934.48,1
2024-11-13,2024-11-13 11:11:00,1760.29,1760.84,1760.29,1760.84,0.03,36.27,63934.48,1
2024-11-13,2024-11-13 11:12:00,1760.84,1761.39,1760.84,1761.39,0.03,36.27,63934.48,1
2024-11-13,2024-11-13 11:13:00,1761.39,1761.95,1761.39,1761.95,0.03,36.27,63934.48,1
2024-11-13,2024-11-13 11:14:00,1761.95,1762.5,1761.95,1762.5,0.03,36.27,63934.48,1
2024-11-13,2024-11-13 11:15:00,1762.5,1763.05,1762.5,1763.05,0.03,36.27,63934.48,1
2024-11-13,2024-11-13 11:16:00,1763.05,1763.61,1763.05,1763.61,0.03,36.27,63934.48,1
2024-11-13,2024-11-13 11:17:00,1763.61,1764.16,1763.61,1764.16,0.03,36.27,63934.48,1
2024-11-13,2024-11-13 11:18:00,1764.16,1764.71,1764.16,1764.71,0.03,36.27,63934.48,1
2024-11-13,2024-11-13 11:19:00,1764.71,1765.27,1764.71,1765.27,0.03,36.27,63934.48,1
2024-11-13,2024-11-13 11:20:00,1765.27,1765.82,1765.27,1765.82,0.03,36.27,63934.48,1
2024-11-13,2024-11-13 11:21:00,1765.82,1766.37,1765.82,1766.37,0.03,36.27,63934.48,1
2024-11-13,2024-11-13 11:22:00,1766.37,1766.93,1766.37,1766.93,0.03,36.27,63934.48,1
2024-11-13,2024-11-13 11:23:00,1766.93,1767.48,1766.93,1767.48,0.03,36.27,63934.48,1
2024-11-13,2024-11-13 11:24:00,1767.48,1768.03,1767.48,1768.03,0.03,36.27,63934.48,1
2024-11-13,2024-11-13 11:25:00,1768.03,1768.59,1768.03,1768.59,0.03,36.27,63934.48,1
2024-11-13,2024-11-13 11:26:00,1768.59,1769.14,1768.59,1769.14,0.03,36.27,63934.48,1
2024-11-13,2024-11-13 11:27:00,1769.14,1769.69,1769.14,1769.69,0.03,36.27,63934.48,1
2024-11-13,2024-11-13 11:28:00,1769.69,1770.25,1769.69,1770.25,0.03,36.27,63934.48,1
2024-11-13,2024-11-13 11:29:00,1770.25,1770.8,1770.25,1770.8,0.03,36.27,63934.48,1
2024-11-13,2024-11-13 11:30:00,1770.8,1771.35,1770.8,1771.35,0.03,36.27,63934.48,1
2024-11-13,2024-11-13 11:31:00,1771.35,1771.91,1771.35,1771.91,0.03,36.27,63934.48,1
2024-11-13,2024-11-13 11:32:00,1771.91,1772.46,1771.91,1772.46,0.03,36.27,63934.48,1
2024-11-13,2024-11-13 11:33:00,1772.46,1773.01,1772.46,1773.01,0.03,36.27,63934.48,1
2024-11-13,2024-11-13 11:34:00,1773.01,1773.57,1773.01,1773.57,0.03,36.27,63934.48,1
2024-11-13,2024-11-13 11:35:00,1773.57,1774.12,1773.57,1774.12,0.03,36.27,63934.48,1
2024-11-13,2024-11-13 11:36:00,1774.12,1774.67,1774.12,1774.67,0.03,36.27,63934.48,1
2024-11-13,2024-11-13 11:37:00,1774.67,1775.23,1774.67,1775.23,0.03,36.27,63934.48,1
2024-11-13,2024-11-13 11:38:00,1775.23,1775.78,1775.23,1775.78,0.03,36.27,63934.48,1
2024-11-13,2024-11-13 11:39:00,1775.78,1776.33,1775.78,1776.33,0.03,36.27,63934.48,1
2024-11-13,2024-11-13 11:40:00,1776.33,1776.89,1776.33,1776.89,0.03,36.27,63934.48,1
2024-11-13,2024-11-13 11:41:00,1776.89,1777.44,1776.89,1777.44,0.03,36.27,63934.48,1
2024-11-13,2024-11-13 11:42:00,1777.44,1777.99,1777.44,1777.99,0.03,36.27,63934.48,1
2024-11-13,2024-11-13 11:43:00,1777.99,1778.55,1777.99,1778.55,0.03,36.27,63934.48,1
2024-11-13,2024-11-13 11:44:00,1778.55,1779.1,1778.55,1779.1,0.03,36.27,63934.48,1
2024-11-13,2024-11-13 11:45:00,1779.1,1779.65,1779.1,1779.65,0.03,36.27,63934.48,1
2024-11-13,2024-11-13 11:46:00,1779.65,1780.21,1779.65,1780.21,0.03,36.27,63934.48,1
2024-11-13,2024-11-13 11:47:00,1780.21,1780.76,1780.21,1780.76,0.03,36.27,63934.48,1
2024-11-13,2024-11-13 11:48:00,1780.76,1781.31,1780.76,1781.31,0.03,36.27,63934.48,1
2024-11-13,2024-11-13 11:49:00,1781.31,1781.87,1781.31,1781.87,0.03,36.27,63934.48,1
2024-11-13,2024-11-13 11:50:00,1781.87,1782.42,1781.87,1782.42,0.03,36.27,63934.48,1
2024-11-13,2024-11-13 11:51:00,1782.42,1782.97,1782.42,1782.97,0.03,36.27,63934.48,1
2024-11-13,2024-11-13 11:52:00,1782.97,1783.53,1782.97,1783.53,0.03,36.27,63934.48,1
2024-11-13,2024-11-13 11:53:00,1783.53,1784.08,1783.53,1784.08,0.03,36.27,63934.48,1
2024-11-13,2024-11-13 11:54:00,1784.08,1784.63,1784.08,1784.63,0.03,36.27,63934.48,1
2024-11-13,2024-11-13 11:55:00,1784.63,1785.19,1784.63,1785.19,0.03,36.27,63934.48,1
2024-11-13,2024-11-13 11:56:00,1785.19,1785.74,1785.19,1785.74,0.03,36.27,63934.48,1
2024-11-13,2024-11-13 11:57:00,1785.74,1786.29,1785.74,1786.29,0.03,36.27,63934.48,1
2024-11-13,2024-11-13 11:58:00,1786.29,1786.85,1786.29,1786.85,0.03,36.27,63934.48,1
2024-11-13,2024-11-13 11:59:00,1786.85,1787.4,1786.85,1787.4,0.03,36.27,63934.48,1
2024-11-13,2024-11-13 12:00:00,1787.4,1787.95,1787.4,1787.95,0.03,36.27,63934.48,1
2024-11-13,2024-11-13 12:01:00,1787.95,1788.51,1787.95,1788.51,0.03,36.27,63934.48,1
2024-11-13,2024-11-13 12:02:00,1788.51,1789.06,1788.51,1789.06,0.03,36.27,63934.48,1
2024-11-13,2024-11-13 12:03:00,1789.06,1789.61,1789.06,1789.61,0.03,36.27,63934.48,1
2024-11-13,2024-11-13 12:04:00,1789.61,1790.17,1789.61,1790.17,0.03,36.27,63934.48,1
2024-11-13,2024-11-13 12:05:00,1790.17,1790.72,1790.17,1790.72,0.03,36.27,63934.48,1
2024-11-13,2024-11-13 12:06:00,1790.72,1791.27,1790.72,1791.27,0.03,36.27,63934.48,1
2024-11-13,2024-11-13 12:07:00,1791.27,1791.83,1791.27,1791.83,0.03,36.27,63934.48,1
2024-11-13,2024-11-13 12:08:00,1791.83,1792.38,1791.83,1792.38,0.03,36.27,63934.48,1
2024-11-13,2024-11-13 12:09:00,1792.38,1792.93,1792.38,1792.93,0.03,36.27,63934.48,1
2024-11-13,2024-11-13 12:10:00,1792.93,1793.49,1792.93,1793.49,0.03,36.27,63934.48,1
2024-11-13,2024-11-13 12:11:00,1793.49,1794.04,1793.49,1794.04,0.03,36.27,63934.48,1
2024-11-13,2024-11-13 12:12:00,1794.04,1794.59,1794.04,1794.59,0.03,36.27,63934.48,1
2024-11-13,2024-11-13 12:13:00,1794.59,1795.15,1794.59,1795.15,0.03,36.27,63934.48,1
2024-11-13,2024-11-13 12:14:00,1795.15,1795.7,1795.15,1795.7,0.03,36.27,63934.48,1
2024-11-13,2024-11-13 12:15:00,1795.7,1796.25,1795.7,1796.25,0.03,36.27,63934.48,1
2024-11-13,2024-11-13 12:16:00,1796.25,1796.81,1796.25,1796.81,0.03,36.27,63934.48,1
2024-11-13,2024-11-13 12:17:00,1796.81,1797.36,1796.81,1797.36,0.03,36.27,63934.48,1
2024-11-13,2024-11-13 12:18:00,1797.36,1797.91,1797.36,1797.91,0.03,36.27,63934.48,1
2024-11-13,2024-11-13 12:19:00,1797.91,1798.47,1797.91,1798.47,0.03,36.27,63934.48,1
2024-11-13,2024-11-13 12:20:00,1798.47,1799.02,1798.47,1799.02,0.03,36.27,63934.48,1
2024-11-13,2024-11-13 12:21:00,1799.02,1799.57,1799.02,1799.57,0.03,36.27,63934.48,1
2024-11-13,2024-11-13 12:22:00,1799.57,1800.13,1799.57,1800.13,0.03,36.27,63934.48,1
2024-11-13,2024-11-13 12:23:00,1800.13,1800.68,1800.13,1800.68,0.03,36.27,63934.48,1
2024-11-13,2024-11-13 12:24:00,1800.68,1801.23,1800.68,1801.23,0.03,36.27,63934.48,1
2024-11-13,2024-11-13 12:25:00,1801.23,1801.79,1801.23,1801.79,0.03,36.27,63934.48,1
2024-11-13,2024-11-13 12:26:00,1801.79,1802.34,1801.79,1802.34,0.03,36.27,63934.48,1
2024-11-13,2024-11-13 12:27:00,1802.34,1802.89,1802.34,1802.89,0.03,36.27,63934.48,1
2024-11-13,2024-11-13 12:28:00,1802.89,1803.45,1802.89,1803.45,0.03,36.27,63934.48,1
2024-11-13,2024-11-13 12:29:00,1803.45,1804.0,1803.45,1804.0,0.03,36.27,63934.48,1
2024-11-13,2024-11-13 12:30:00,1804.0,1804.55,1804.0,1804.55,0.03,36.27,63934.48,1
2024-11-13,2024-11-13 12:31:00,1804.55,1805.11,1804.55,1805.11,0.03,36.27,63934.48,1
2024-11-13,2024-11-13 12:32:00,1805.11,1805.66,1805.11,1805.66,0.03,36.27,63934.48,1
2024-11-13,2024-11-13 12:33:00,1805.66,1806.21,1805.66,1806.21,0.03,36.27,63934.48,1
2024-11-13,2024-11-13 12:34:00,1806.21,1806.77,1806.21,1806.77,0.03,36.27,63934.48,1
2024-11-13,2024-11-13 12:35:00,1806.77,1807.32,1806.77,1807.32,0.03,36.27,63934.48,1
2024-11-13,2024-11-13 12:36:00,1807.32,1807.87,1807.32,1807.87,0.03,36.27,63934.48,1
2024-11-13,2024-11-13 12:37:00,1807.87,1808.43,1807.87,1808.43,0.03,36.27,63934.48,1
2024-11-13,2024-11-13 12:38:00,1808.43,1808.98,1808.43,1808.98,0.03,36.27,63934.48,1
2024-11-13,2024-11-13 12:39:00,1808.98,1809.53,1808.98,1809.53,0.03,36.27,63934.48,1
2024-11-13,2024-11-13 12:40:00,1809.53,1810.09,1809.53,1810.09,0.03,36.27,63934.48,1
2024-11-13,2024-11-13 12:41:00,1810.09,1810.64,1810.09,1810.64,0.03,36.27,63934.48,1
2024-11-13,2024-11-13 12:42:00,1810.64,1811.19,1810.64,1811.19,0.03,36.27,63934.48,1
2024-11-13,2024-11-13 12:43:00,1811.19,1811.75,1811.19,1811.75,0.03,36.27,63934.48,1
2024-11-13,2024-11-13 12:44:00,1811.75,1812.3,1811.75,1812.3,0.03,36.27,63934.48,1
2024-11-13,2024-11-13 12:45:00,1812.3,1812.85,1812.3,1812.85,0.03,36.27,63934.48,1
2024-11-13,2024-11-13 12:46:00,1812.85,1813.41,1812.85,1813.41,0.03,36.27,63934.48,1
2024-11-13,2024-11-13 12:47:00,1813.41,1813.96,1813.41,1813.96,0.03,36.27,63934.48,1
2024-11-13,2024-11-13 12:48:00,1813.96,1814.51,1813.96,1814.51,0.03,36.27,63934.48,1
2024-11-13,2024-11-13 12:49:00,1814.51,1815.07,1814.51,1815.07,0.03,36.27,63934.48,1
2024-11-13,2024-11-13 12:50:00,1815.07,1815.62,1815.07,1815.62,0.03,36.27,63934.48,1
2024-11-13,2024-11-13 12:51:00,1815.62,1816.17,1815.62,1816.17,0.03,36.27,63934.48,1
2024-11-13,2024-11-13 12:52:00,1816.17,1816.73,1816.17,1816.73,0.03,36.27,63934.48,1
2024-11-13,2024-11-13 12:53:00,1816.73,1817.28,1816.73,1817.28,0.03,36.27,63934.48,1
2024-11-13,2024-11-13 12:54:00,1817.28,1817.83,1817.28,1817.83,0.03,36.27,63934.48,1
2024-11-13,2024-11-13 12:55:00,1817.83,1818.39,1817.83,1818.39,0.03,36.27,63934.48,1
2024-11-13,2024-11-13 12:56:00,1818.39,1818.94,1818.39,1818.94,0.03,36.27,63934.48,1
2024-11-13,2024-11-13 12:57:00,1818.94,1819.49,1818.94,1819.49,0.03,36.27,63934.48,1
2024-11-13,2024-11-13 12:58:00,1819.49,1820.05,1819.49,1820.05,0.03,36.27,63934.48,1
2024-11-13,2024-11-13 12:59:00,1820.05,1820.6,1820.05,1820.6,0.03,36.27,63934.48,1
2024-11-13,2024-11-13 13:00:00,1820.6,1887.0,1721.9,1821.15,0.03,36.27,63934.48,1
2024-11-13,2024-11-13 13:01:00,1821.15,1821.71,1821.15,1821.71,0.03,36.27,63934.48,1
2024-11-13,2024-11-13 13:02:00,1821.71,1822.26,1821.71,1822.26,0.03,36.27,63934.48,1
2024-11-13,2024-11-13 13:03:00,1822.26,1822.81,1822.26,1822.81,0.03,36.27,63934.48,1
2024-11-13,2024-11-13 13:04:00,1822.81,1823.37,1822.81,1823.37,0.03,36.27,63934.48,1
2024-11-13,2024-11-13 13:05:00,1823.37,1823.92,1823.37,1823.92,0.03,36.27,63934.48,1
2024-11-13,2024-11-13 13:06:00,1823.92,1824.47,1823.92,1824.47,0.03,36.27,63934.48,1
2024-11-13,2024-11-13 13:07:00,1824.47,1825.03,1824.47,1825.03,0.03,36.27,63934.48,1
2024-11-13,2024-11-13 13:08:00,1825.03,1825.58,1825.03,1825.58,0.03,36.27,63934.48,1
2024-11-13,2024-11-13 13:09:00,1825.58,1826.13,1825.58,1826.13,0.03,36.27,63934.48,1
2024-11-13,2024-11-13 13:10:00,1826.13,1826.69,1826.13,1826.69,0.03,36.27,63934.48,1
2024-11-13,2024-11-13 13:11:00,1826.69,1827.24,1826.69,1827.24,0.03,36.27,63934.48,1
2024-11-13,2024-11-13 13:12:00,1827.24,1827.79,1827.24,1827.79,0.03,36.27,63934.48,1
2024-11-13,2024-11-13 13:13:00,1827.79,1828.35,1827.79,1828.35,0.03,36.27,63934.48,1
2024-11-13,2024-11-13 13:14:00,1828.35,1828.9,1828.35,1828.9,0.03,36.27,63934.48,1
2024-11-13,2024-11-13 13:15:00,1828.9,1829.45,1828.9,1829.45,0.03,36.27,63934.48,1
2024-11-13,2024-11-13 13:16:00,1829.45,1830.01,1829.45,1830.01,0.03,36.27,63934.48,1
2024-11-13,2024-11-13 13:17:00,1830.01,1830.56,1830.01,1830.56,0.03,36.27,63934.48,1
2024-11-13,2024-11-13 13:18:00,1830.56,1831.11,1830.56,1831.11,0.03,36.27,63934.48,1
2024-11-13,2024-11-13 13:19:00,1831.11,1831.67,1831.11,1831.67,0.03,36.27,63934.48,1
2024-11-13,2024-11-13 13:20:00,1831.67,1832.22,1831.67,1832.22,0.03,36.27,63934.48,1
2024-11-13,2024-11-13 13:21:00,1832.22,1832.77,1832.22,1832.77,0.03,36.27,63934.48,1
2024-11-13,2024-11-13 13:22:00,1832.77,1833.33,1832.77,1833.33,0.03,36.27,63934.48,1
2024-11-13,2024-11-13 13:23:00,1833.33,1833.88,1833.33,1833.88,0.03,36.27,63934.48,1
2024-11-13,2024-11-13 13:24:00,1833.88,1834.43,1833.88,1834.43,0.03,36.27,63934.48,1
2024-11-13,2024-11-13 13:25:00,1834.43,1834.99,1834.43,1834.99,0.03,36.27,63934.48,1
2024-11-13,2024-11-13 13:26:00,1834.99,1835.54,1834.99,1835.54,0.03,36.27,63934.48,1
2024-11-13,2024-11-13 13:27:00,1835.54,1836.09,1835.54,1836.09,0.03,36.27,63934.48,1
2024-11-13,2024-11-13 13:28:00,1836.09,1836.65,1836.09,1836.65,0.03,36.27,63934.48,1
2024-11-13,2024-11-13 13:29:00,1836.65,1837.2,1836.65,1837.2,0.03,36.27,63934.48,1
2024-11-13,2024-11-13 13:30:00,1837.2,1837.75,1837.2,1837.75,0.03,36.27,63934.48,1
2024-11-13,2024-11-13 13:31:00,1837.75,1838.31,1837.75,1838.31,0.03,36.27,63934.48,1
2024-11-13,2024-11-13 13:32:00,1838.31,1838.86,1838.31,1838.86,0.03,36.27,63934.48,1
2024-11-13,2024-11-13 13:33:00,1838.86,1839.41,1838.86,1839.41,0.03,36.27,63934.48,1
2024-11-13,2024-11-13 13:34:00,1839.41,1839.97,1839.41,1839.97,0.03,36.27,63934.48,1
2024-11-13,2024-11-13 13:35:00,1839.97,1840.52,1839.97,1840.52,0.03,36.27,63934.48,1
2024-11-13,2024-11-13 13:36:00,1840.52,1841.07,1840.52,1841.07,0.03,36.27,63934.48,1
2024-11-13,2024-11-13 13:37:00,1841.07,1841.63,1841.07,1841.63,0.03,36.27,63934.48,1
2024-11-13,2024-11-13 13:38:00,1841.63,1842.18,1841.63,1842.18,0.03,36.27,63934.48,1
2024-11-13,2024-11-13 13:39:00,1842.18,1842.73,1842.18,1842.73,0.03,36.27,63934.48,1
2024-11-13,2024-11-13 13:40:00,1842.73,1843.29,1842.73,1843.29,0.03,36.27,63934.48,1
2024-11-13,2024-11-13 13:41:00,1843.29,1843.84,1843.29,1843.84,0.03,36.27,63934.48,1
2024-11-13,2024-11-13 13:42:00,1843.84,1844.39,1843.84,1844.39,0.03,36.27,63934.48,1
2024-11-13,2024-11-13 13:43:00,1844.39,1844.95,1844.39,1844.95,0.03,36.27,63934.48,1
2024-11-13,2024-11-13 13:44:00,1844.95,1845.5,1844.95,1845.5,0.03,36.27,63934.48,1
2024-11-13,2024-11-13 13:45:00,1845.5,1846.05,1845.5,1846.05,0.03,36.27,63934.48,1
2024-11-13,2024-11-13 13:46:00,1846.05,1846.61,1846.05,1846.61,0.03,36.27,63934.48,1
2024-11-13,2024-11-13 13:47:00,1846.61,1847.16,1846.61,1847.16,0.03,36.27,63934.48,1
2024-11-13,2024-11-13 13:48:00,1847.16,1847.71,1847.16,1847.71,0.03,36.27,63934.48,1
2024-11-13,2024-11-13 13:49:00,1847.71,1848.27,1847.71,1848.27,0.03,36.27,63934.48,1
2024-11-13,2024-11-13 13:50:00,1848.27,1848.82,1848.27,1848.82,0.03,36.27,63934.48,1
2024-11-13,2024-11-13 13:51:00,1848.82,1849.37,1848.82,1849.37,0.03,36.27,63934.48,1
2024-11-13,2024-11-13 13:52:00,1849.37,1849.93,1849.37,1849.93,0.03,36.27,63934.48,1
2024-11-13,2024-11-13 13:53:00,1849.93,1850.48,1849.93,1850.48,0.03,36.27,63934.48,1
2024-11-13,2024-11-13 13:54:00,1850.48,1851.03,1850.48,1851.03,0.03,36.27,63934.48,1
2024-11-13,2024-11-13 13:55:00,1851.03,1851.59,1851.03,1851.59,0.03,36.27,63934.48,1
2024-11-13,2024-11-13 13:56:00,1851.59,1852.14,1851.59,1852.14,0.03,36.27,63934.48,1
2024-11-13,2024-11-13 13:57:00,1852.14,1852.69,1852.14,1852.69,0.03,36.27,63934.48,1
2024-11-13,2024-11-13 13:58:00,1852.69,1853.25,1852.69,1853.25,0.03,36.27,63934.48,1
2024-11-13,2024-11-13 13:59:00,1853.25,1853.8,1853.25,1853.8,0.03,36.27,63934.48,1
2024-11-13,2024-11-13 14:00:00,1853.8,1854.35,1853.8,1854.35,0.03,36.27,63934.48,1
2024-11-13,2024-11-13 14:01:00,1854.35,1854.91,1854.35,1854.91,0.03,36.27,63934.48,1
2024-11-13,2024-11-13 14:02:00,1854.91,1855.46,1854.91,1855.46,0.03,36.27,63934.48,1
2024-11-13,2024-11-13 14:03:00,1855.46,1856.01,1855.46,1856.01,0.03,36.27,63934.48,1
2024-11-13,2024-11-13 14:04:00,1856.01,1856.57,1856.01,1856.57,0.03,36.27,63934.48,1
2024-11-13,2024-11-13 14:05:00,1856.57,1857.12,1856.57,1857.12,0.03,36.27,63934.48,1
2024-11-13,2024-11-13 14:06:00,1857.12,1857.67,1857.12,1857.67,0.03,36.27,63934.48,1
2024-11-13,2024-11-13 14:07:00,1857.67,1858.23,1857.67,1858.23,0.03,36.27,63934.48,1
2024-11-13,2024-11-13 14:08:00,1858.23,1858.78,1858.23,1858.78,0.03,36.27,63934.48,1
2024-11-13,2024-11-13 14:09:00,1858.78,1859.33,1858.78,1859.33,0.03,36.27,63934.48,1
2024-11-13,2024-11-13 14:10:00,1859.33,1859.89,1859.33,1859.89,0.03,36.27,63934.48,1
2024-11-13,2024-11-13 14:11:00,1859.89,1860.44,1859.89,1860.44,0.03,36.27,63934.48,1
2024-11-13,2024-11-13 14:12:00,1860.44,1860.99,1860.44,1860.99,0.03,36.27,63934.48,1
2024-11-13,2024-11-13 14:13:00,1860.99,1861.55,1860.99,1861.55,0.03,36.27,63934.48,1
2024-11-13,2024-11-13 14:14:00,1861.55,1862.1,1861.55,1862.1,0.03,36.27,63934.48,1
2024-11-13,2024-11-13 14:15:00,1862.1,1862.65,1862.1,1862.65,0.03,36.27,63934.48,1
2024-11-13,2024-11-13 14:16:00,1862.65,1863.21,1862.65,1863.21,0.03,36.27,63934.48,1
2024-11-13,2024-11-13 14:17:00,1863.21,1863.76,1863.21,1863.76,0.03,36.27,63934.48,1
2024-11-13,2024-11-13 14:18:00,1863.76,1864.31,1863.76,1864.31,0.03,36.27,63934.48,1
2024-11-13,2024-11-13 14:19:00,1864.31,1864.87,1864.31,1864.87,0.03,36.27,63934.48,1
2024-11-13,2024-11-13 14:20:00,1864.87,1865.42,1864.87,1865.42,0.03,36.27,63934.48,1
2024-11-13,2024-11-13 14:21:00,1865.42,1865.97,1865.42,1865.97,0.03,36.27,63934.48,1
2024-11-13,2024-11-13 14:22:00,1865.97,1866.53,1865.97,1866.53,0.03,36.27,63934.48,1
2024-11-13,2024-11-13 14:23:00,1866.53,1867.08,1866.53,1867.08,0.03,36.27,63934.48,1
2024-11-13,2024-11-13 14:24:00,1867.08,1867.63,1867.08,1867.63,0.03,36.27,63934.48,1
2024-11-13,2024-11-13 14:25:00,1867.63,1868.19,1867.63,1868.19,0.03,36.27,63934.48,1
2024-11-13,2024-11-13 14:26:00,1868.19,1868.74,1868.19,1868.74,0.03,36.27,63934.48,1
2024-11-13,2024-11-13 14:27:00,1868.74,1869.29,1868.74,1869.29,0.03,36.27,63934.48,1
2024-11-13,2024-11-13 14:28:00,1869.29,1869.85,1869.29,1869.85,0.03,36.27,63934.48,1
2024-11-13,2024-11-13 14:29:00,1869.85,1870.4,1869.85,1870.4,0.03,36.27,63934.48,1
2024-11-13,2024-11-13 14:30:00,1870.4,1870.95,1870.4,1870.95,0.03,36.27,63934.48,1
2024-11-13,2024-11-13 14:31:00,1870.95,1871.51,1870.95,1871.51,0.03,36.27,63934.48,1
2024-11-13,2024-11-13 14:32:00,1871.51,1872.06,1871.51,1872.06,0.03,36.27,63934.48,1
2024-11-13,2024-11-13 14:33:00,1872.06,1872.61,1872.06,1872.61,0.03,36.27,63934.48,1
2024-11-13,2024-11-13 14:34:00,1872.61,1873.17,1872.61,1873.17,0.03,36.27,63934.48,1
2024-11-13,2024-11-13 14:35:00,1873.17,1873.72,1873.17,1873.72,0.03,36.27,63934.48,1
2024-11-13,2024-11-13 14:36:00,1873.72,1874.27,1873.72,1874.27,0.03,36.27,63934.48,1
2024-11-13,2024-11-13 14:37:00,1874.27,1874.83,1874.27,1874.83,0.03,36.27,63934.48,1
2024-11-13,2024-11-13 14:38:00,1874.83,1875.38,1874.83,1875.38,0.03,36.27,63934.48,1
2024-11-13,2024-11-13 14:39:00,1875.38,1875.93,1875.38,1875.93,0.03,36.27,63934.48,1
2024-11-13,2024-11-13 14:40:00,1875.93,1876.49,1875.93,1876.49,0.03,36.27,63934.48,1
2024-11-13,2024-11-13 14:41:00,1876.49,1877.04,1876.49,1877.04,0.03,36.27,63934.48,1
2024-11-13,2024-11-13 14:42:00,1877.04,1877.59,1877.04,1877.59,0.03,36.27,63934.48,1
2024-11-13,2024-11-13 14:43:00,1877.59,1878.15,1877.59,1878.15,0.03,36.27,63934.48,1
2024-11-13,2024-11-13 14:44:00,1878.15,1878.7,1878.15,1878.7,0.03,36.27,63934.48,1
2024-11-13,2024-11-13 14:45:00,1878.7,1879.25,1878.7,1879.25,0.03,36.27,63934.48,1
2024-11-13,2024-11-13 14:46:00,1879.25,1879.81,1879.25,1879.81,0.03,36.27,63934.48,1
2024-11-13,2024-11-13 14:47:00,1879.81,1880.36,1879.81,1880.36,0.03,36.27,63934.48,1
2024-11-13,2024-11-13 14:48:00,1880.36,1880.91,1880.36,1880.91,0.03,36.27,63934.48,1
2024-11-13,2024-11-13 14:49:00,1880.91,1881.47,1880.91,1881.47,0.03,36.27,63934.48,1
2024-11-13,2024-11-13 14:50:00,1881.47,1882.02,1881.47,1882.02,0.03,36.27,63934.48,1
2024-11-13,2024-11-13 14:51:00,1882.02,1882.57,1882.02,1882.57,0.03,36.27,63934.48,1
2024-11-13,2024-11-13 14:52:00,1882.57,1883.13,1882.57,1883.13,0.03,36.27,63934.48,1
2024-11-13,2024-11-13 14:53:00,1883.13,1883.68,1883.13,1883.68,0.03,36.27,63934.48,1
2024-11-13,2024-11-13 14:54:00,1883.68,1884.23,1883.68,1884.23,0.03,36.27,63934.48,1
2024-11-13,2024-11-13 14:55:00,1884.23,1884.79,1884.23,1884.79,0.03,36.27,63934.48,1
2024-11-13,2024-11-13 14:56:00,1884.79,1885.34,1884.79,1885.34,0.03,36.27,63934.48,1
2024-11-13,2024-11-13 14:57:00,1885.34,1885.89,1885.34,1885.89,0.03,36.27,63934.48,1
2024-11-13,2024-11-13 14:58:00,1885.89,1886.45,1885.89,1886.45,0.03,36.27,63934.48,1
2024-11-13,2024-11-13 14:59:00,1886.45,1887.0,1886.45,1887.0,0.03,36.27,63934.48,1
2024-11-13,2024-11-13 15:00:00,1887.0,1887.0,1721.9,1887.0,0.0,36.27,63934.48,0
2024-11-14,2024-11-14 11:00:00,1849.3,1871.68,1808.11,1849.39,0.0,88.44,161558.5,1
2024-11-14,2024-11-14 11:01:00,1849.39,1849.47,1849.39,1849.47,0.0,88.44,161558.5,1
2024-11-14,2024-11-14 11:02:00,1849.47,1849.56,1849.47,1849.56,0.0,88.44,161558.5,1
2024-11-14,2024-11-14 11:03:00,1849.56,1849.64,1849.56,1849.64,0.0,88.44,161558.5,1
2024-11-14,2024-11-14 11:04:00,1849.64,1849.73,1849.64,1849.73,0.0,88.44,161558.5,1
2024-11-14,2024-11-14 11:05:00,1849.73,1849.82,1849.73,1849.82,0.0,88.44,161558.5,1
2024-11-14,2024-11-14 11:06:00,1849.82,1849.9,1849.82,1849.9,0.0,88.44,161558.5,1
2024-11-14,2024-11-14 11:07:00,1849.9,1849.99,1849.9,1849.99,0.0,88.44,161558.5,1
2024-11-14,2024-11-14 11:08:00,1849.99,1850.08,1849.99,1850.08,0.0,88.44,161558.5,1
2024-11-14,2024-11-14 11:09:00,1850.08,1850.16,1850.08,1850.16,0.0,88.44,161558.5,1
2024-11-14,2024-11-14 11:10:00,1850.16,1850.25,1850.16,1850.25,0.0,88.44,161558.5,1
2024-11-14,2024-11-14 11:11:00,1850.25,1850.34,1850.25,1850.34,0.0,88.44,161558.5,1
2024-11-14,2024-11-14 11:12:00,1850.34,1850.42,1850.34,1850.42,0.0,88.44,161558.5,1
2024-11-14,2024-11-14 11:13:00,1850.42,1850.51,1850.42,1850.51,0.0,88.44,161558.5,1
2024-11-14,2024-11-14 11:14:00,1850.51,1850.59,1850.51,1850.59,0.0,88.44,161558.5,1
2024-11-14,2024-11-14 11:15:00,1850.59,1850.68,1850.59,1850.68,0.0,88.44,161558.5,1
2024-11-14,2024-11-14 11:16:00,1850.68,1850.77,1850.68,1850.77,0.0,88.44,161558.5,1
2024-11-14,2024-11-14 11:17:00,1850.77,1850.85,1850.77,1850.85,0.0,88.44,161558.5,1
2024-11-14,2024-11-14 11:18:00,1850.85,1850.94,1850.85,1850.94,0.0,88.44,161558.5,1
2024-11-14,2024-11-14 11:19:00,1850.94,1851.02,1850.94,1851.02,0.0,88.44,161558.5,1
2024-11-14,2024-11-14 11:20:00,1851.02,1851.11,1851.02,1851.11,0.0,88.44,161558.5,1
2024-11-14,2024-11-14 11:21:00,1851.11,1851.2,1851.11,1851.2,0.0,88.44,161558.5,1
2024-11-14,2024-11-14 11:22:00,1851.2,1851.28,1851.2,1851.28,0.0,88.44,161558.5,1
2024-11-14,2024-11-14 11:23:00,1851.28,1851.37,1851.28,1851.37,0.0,88.44,161558.5,1
2024-11-14,2024-11-14 11:24:00,1851.37,1851.46,1851.37,1851.46,0.0,88.44,161558.5,1
2024-11-14,2024-11-14 11:25:00,1851.46,1851.54,1851.46,1851.54,0.0,88.44,161558.5,1
2024-11-14,2024-11-14 11:26:00,1851.54,1851.63,1851.54,1851.63,0.0,88.44,161558.5,1
2024-11-14,2024-11-14 11:27:00,1851.63,1851.71,1851.63,1851.71,0.0,88.44,161558.5,1
2024-11-14,2024-11-14 11:28:00,1851.71,1851.8,1851.71,1851.8,0.0,88.44,161558.5,1
2024-11-14,2024-11-14 11:29:00,1851.8,1851.89,1851.8,1851.89,0.0,88.44,161558.5,1
2024-11-14,2024-11-14 11:30:00,1851.89,1851.97,1851.89,1851.97,0.0,88.44,161558.5,1
2024-11-14,2024-11-14 11:31:00,1851.97,1852.06,1851.97,1852.06,0.0,88.44,161558.5,1
2024-11-14,2024-11-14 11:32:00,1852.06,1852.15,1852.06,1852.15,0.0,88.44,161558.5,1
2024-11-14,2024-11-14 11:33:00,1852.15,1852.23,1852.15,1852.23,0.0,88.44,161558.5,1
2024-11-14,2024-11-14 11:34:00,1852.23,1852.32,1852.23,1852.32,0.0,88.44,161558.5,1
2024-11-14,2024-11-14 11:35:00,1852.32,1852.4,1852.32,1852.4,0.0,88.44,161558.5,1
2024-11-14,2024-11-14 11:36:00,1852.4,1852.49,1852.4,1852.49,0.0,88.44,161558.5,1
2024-11-14,2024-11-14 11:37:00,1852.49,1852.58,1852.49,1852.58,0.0,88.44,161558.5,1
2024-11-14,2024-11-14 11:38:00,1852.58,1852.66,1852.58,1852.66,0.0,88.44,161558.5,1
2024-11-14,2024-11-14 11:39:00,1852.66,1852.75,1852.66,1852.75,0.0,88.44,161558.5,1
2024-11-14,2024-11-14 11:40:00,1852.75,1852.84,1852.75,1852.84,0.0,88.44,161558.5,1
2024-11-14,2024-11-14 11:41:00,1852.84,1852.92,1852.84,1852.92,0.0,88.44,161558.5,1
2024-11-14,2024-11-14 11:42:00,1852.92,1853.01,1852.92,1853.01,0.0,88.44,161558.5,1
2024-11-14,2024-11-14 11:43:00,1853.01,1853.1,1853.01,1853.1,0.0,88.44,161558.5,1
2024-11-14,2024-11-14 11:44:00,1853.1,1853.18,1853.1,1853.18,0.0,88.44,161558.5,1
2024-11-14,2024-11-14 11:45:00,1853.18,1853.27,1853.18,1853.27,0.0,88.44,161558.5,1
2024-11-14,2024-11-14 11:46:00,1853.27,1853.35,1853.27,1853.35,0.0,88.44,161558.5,1
2024-11-14,2024-11-14 11:47:00,1853.35,1853.44,1853.35,1853.44,0.0,88.44,161558.5,1
2024-11-14,2024-11-14 11:48:00,1853.44,1853.53,1853.44,1853.53,0.0,88.44,161558.5,1
2024-11-14,2024-11-14 11:49:00,1853.53,1853.61,1853.53,1853.61,0.0,88.44,161558.5,1
2024-11-14,2024-11-14 11:50:00,1853.61,1853.7,1853.61,1853.7,0.0,88.44,161558.5,1
2024-11-14,2024-11-14 11:51:00,1853.7,1853.78,1853.7,1853.78,0.0,88.44,161558.5,1
2024-11-14,2024-11-14 11:52:00,1853.78,1853.87,1853.78,1853.87,0.0,88.44,161558.5,1
2024-11-14,2024-11-14 11:53:00,1853.87,1853.96,1853.87,1853.96,0.0,88.44,161558.5,1
2024-11-14,2024-11-14 11:54:00,1853.96,1854.04,1853.96,1854.04,0.0,88.44,161558.5,1
2024-11-14,2024-11-14 11:55:00,1854.04,1854.13,1854.04,1854.13,0.0,88.44,161558.5,1
2024-11-14,2024-11-14 11:56:00,1854.13,1854.22,1854.13,1854.22,0.0,88.44,161558.5,1
2024-11-14,2024-11-14 11:57:00,1854.22,1854.3,1854.22,1854.3,0.0,88.44,161558.5,1
2024-11-14,2024-11-14 11:58:00,1854.3,1854.39,1854.3,1854.39,0.0,88.44,161558.5,1
2024-11-14,2024-11-14 11:59:00,1854.39,1854.47,1854.39,1854.47,0.0,88.44,161558.5,1
2024-11-14,2024-11-14 12:00:00,1854.47,1854.56,1854.47,1854.56,0.0,88.44,161558.5,1
2024-11-14,2024-11-14 12:01:00,1854.56,1854.65,1854.56,1854.65,0.0,88.44,161558.5,1
2024-11-14,2024-11-14 12:02:00,1854.65,1854.73,1854.65,1854.73,0.0,88.44,161558.5,1
2024-11-14,2024-11-14 12:03:00,1854.73,1854.82,1854.73,1854.82,0.0,88.44,161558.5,1
2024-11-14,2024-11-14 12:04:00,1854.82,1854.91,1854.82,1854.91,0.0,88.44,161558.5,1
2024-11-14,2024-11-14 12:05:00,1854.91,1854.99,1854.91,1854.99,0.0,88.44,161558.5,1
2024-11-14,2024-11-14 12:06:00,1854.99,1855.08,1854.99,1855.08,0.0,88.44,161558.5,1
2024-11-14,2024-11-14 12:07:00,1855.08,1855.16,1855.08,1855.16,0.0,88.44,161558.5,1
2024-11-14,2024-11-14 12:08:00,1855.16,1855.25,1855.16,1855.25,0.0,88.44,161558.5,1
2024-11-14,2024-11-14 12:09:00,1855.25,1855.34,1855.25,1855.34,0.0,88.44,161558.5,1
2024-11-14,2024-11-14 12:10:00,1855.34,1855.42,1855.34,1855.42,0.0,88.44,161558.5,1
2024-11-14,2024-11-14 12:11:00,1855.42,1855.51,1855.42,1855.51,0.0,88.44,161558.5,1
2024-11-14,2024-11-14 12:12:00,1855.51,1855.6,1855.51,1855.6,0.0,88.44,161558.5,1
2024-11-14,2024-11-14 12:13:00,1855.6,1855.68,1855.6,1855.68,0.0,88.44,161558.5,1
2024-11-14,2024-11-14 12:14:00,1855.68,1855.77,1855.68,1855.77,0.0,88.44,161558.5,1
2024-11-14,2024-11-14 12:15:00,1855.77,1855.86,1855.77,1855.86,0.0,88.44,161558.5,1
2024-11-14,2024-11-14 12:16:00,1855.86,1855.94,1855.86,1855.94,0.0,88.44,161558.5,1
2024-11-14,2024-11-14 12:17:00,1855.94,1856.03,1855.94,1856.03,0.0,88.44,161558.5,1
2024-11-14,2024-11-14 12:18:00,1856.03,1856.11,1856.03,1856.11,0.0,88.44,161558.5,1
2024-11-14,2024-11-14 12:19:00,1856.11,1856.2,1856.11,1856.2,0.0,88.44,161558.5,1
2024-11-14,2024-11-14 12:20:00,1856.2,1856.29,1856.2,1856.29,0.0,88.44,161558.5,1
2024-11-14,2024-11-14 12:21:00,1856.29,1856.37,1856.29,1856.37,0.0,88.44,161558.5,1
2024-11-14,2024-11-14 12:22:00,1856.37,1856.46,1856.37,1856.46,0.0,88.44,161558.5,1
2024-11-14,2024-11-14 12:23:00,1856.46,1856.55,1856.46,1856.55,0.0,88.44,161558.5,1
2024-11-14,2024-11-14 12:24:00,1856.55,1856.63,1856.55,1856.63,0.0,88.44,161558.5,1
2024-11-14,2024-11-14 12:25:00,1856.63,1856.72,1856.63,1856.72,0.0,88.44,161558.5,1
2024-11-14,2024-11-14 12:26:00,1856.72,1856.8,1856.72,1856.8,0.0,88.44,161558.5,1
2024-11-14,2024-11-14 12:27:00,1856.8,1856.89,1856.8,1856.89,0.0,88.44,161558.5,1
2024-11-14,2024-11-14 12:28:00,1856.89,1856.98,1856.89,1856.98,0.0,88.44,161558.5,1
2024-11-14,2024-11-14 12:29:00,1856.98,1857.06,1856.98,1857.06,0.0,88.44,161558.5,1
2024-11-14,2024-11-14 12:30:00,1857.06,1857.15,1857.06,1857.15,0.0,88.44,161558.5,1
2024-11-14,2024-11-14 12:31:00,1857.15,1857.23,1857.15,1857.23,0.0,88.44,161558.5,1
2024-11-14,2024-11-14 12:32:00,1857.23,1857.32,1857.23,1857.32,0.0,88.44,161558.5,1
2024-11-14,2024-11-14 12:33:00,1857.32,1857.41,1857.32,1857.41,0.0,88.44,161558.5,1
2024-11-14,2024-11-14 12:34:00,1857.41,1857.49,1857.41,1857.49,0.0,88.44,161558.5,1
2024-11-14,2024-11-14 12:35:00,1857.49,1857.58,1857.49,1857.58,0.0,88.44,161558.5,1
2024-11-14,2024-11-14 12:36:00,1857.58,1857.67,1857.58,1857.67,0.0,88.44,161558.5,1
2024-11-14,2024-11-14 12:37:00,1857.67,1857.75,1857.67,1857.75,0.0,88.44,161558.5,1
2024-11-14,2024-11-14 12:38:00,1857.75,1857.84,1857.75,1857.84,0.0,88.44,161558.5,1
2024-11-14,2024-11-14 12:39:00,1857.84,1857.92,1857.84,1857.92,0.0,88.44,161558.5,1
2024-11-14,2024-11-14 12:40:00,1857.92,1858.01,1857.92,1858.01,0.0,88.44,161558.5,1
2024-11-14,2024-11-14 12:41:00,1858.01,1858.1,1858.01,1858.1,0.0,88.44,161558.5,1
2024-11-14,2024-11-14 12:42:00,1858.1,1858.18,1858.1,1858.18,0.0,88.44,161558.5,1
2024-11-14,2024-11-14 12:43:00,1858.18,1858.27,1858.18,1858.27,0.0,88.44,161558.5,1
2024-11-14,2024-11-14 12:44:00,1858.27,1858.36,1858.27,1858.36,0.0,88.44,161558.5,1
2024-11-14,2024-11-14 12:45:00,1858.36,1858.44,1858.36,1858.44,0.0,88.44,161558.5,1
2024-11-14,2024-11-14 12:46:00,1858.44,1858.53,1858.44,1858.53,0.0,88.44,161558.5,1
2024-11-14,2024-11-14 12:47:00,1858.53,1858.62,1858.53,1858.62,0.0,88.44,161558.5,1
2024-11-14,2024-11-14 12:48:00,1858.62,1858.7,1858.62,1858.7,0.0,88.44,161558.5,1
2024-11-14,2024-11-14 12:49:00,1858.7,1858.79,1858.7,1858.79,0.0,88.44,161558.5,1
2024-11-14,2024-11-14 12:50:00,1858.79,1858.87,1858.79,1858.87,0.0,88.44,161558.5,1
2024-11-14,2024-11-14 12:51:00,1858.87,1858.96,1858.87,1858.96,0.0,88.44,161558.5,1
2024-11-14,2024-11-14 12:52:00,1858.96,1859.05,1858.96,1859.05,0.0,88.44,161558.5,1
2024-11-14,2024-11-14 12:53:00,1859.05,1859.13,1859.05,1859.13,0.0,88.44,161558.5,1
2024-11-14,2024-11-14 12:54:00,1859.13,1859.22,1859.13,1859.22,0.0,88.44,161558.5,1
2024-11-14,2024-11-14 12:55:00,1859.22,1859.31,1859.22,1859.31,0.0,88.44,161558.5,1
2024-11-14,2024-11-14 12:56:00,1859.31,1859.39,1859.31,1859.39,0.0,88.44,161558.5,1
2024-11-14,2024-11-14 12:57:00,1859.39,1859.48,1859.39,1859.48,0.0,88.44,161558.5,1
2024-11-14,2024-11-14 12:58:00,1859.48,1859.56,1859.48,1859.56,0.0,88.44,161558.5,1
2024-11-14,2024-11-14 12:59:00,1859.56,1859.65,1859.56,1859.65,0.0,88.44,161558.5,1
2024-11-14,2024-11-14 13:00:00,1859.65,1923.9,1712.0,1859.74,0.0,88.44,161558.5,1
2024-11-14,2024-11-14 13:01:00,1859.74,1859.82,1859.74,1859.82,0.0,88.44,161558.5,1
2024-11-14,2024-11-14 13:02:00,1859.82,1859.91,1859.82,1859.91,0.0,88.44,161558.5,1
2024-11-14,2024-11-14 13:03:00,1859.91,1859.99,1859.91,1859.99,0.0,88.44,161558.5,1
2024-11-14,2024-11-14 13:04:00,1859.99,1860.08,1859.99,1860.08,0.0,88.44,161558.5,1
2024-11-14,2024-11-14 13:05:00,1860.08,1860.17,1860.08,1860.17,0.0,88.44,161558.5,1
2024-11-14,2024-11-14 13:06:00,1860.17,1860.25,1860.17,1860.25,0.0,88.44,161558.5,1
2024-11-14,2024-11-14 13:07:00,1860.25,1860.34,1860.25,1860.34,0.0,88.44,161558.5,1
2024-11-14,2024-11-14 13:08:00,1860.34,1860.43,1860.34,1860.43,0.0,88.44,161558.5,1
2024-11-14,2024-11-14 13:09:00,1860.43,1860.51,1860.43,1860.51,0.0,88.44,161558.5,1
2024-11-14,2024-11-14 13:10:00,1860.51,1860.6,1860.51,1860.6,0.0,88.44,161558.5,1
2024-11-14,2024-11-14 13:11:00,1860.6,1860.68,1860.6,1860.68,0.0,88.44,161558.5,1
2024-11-14,2024-11-14 13:12:00,1860.68,1860.77,1860.68,1860.77,0.0,88.44,161558.5,1
2024-11-14,2024-11-14 13:13:00,1860.77,1860.86,1860.77,1860.86,0.0,88.44,161558.5,1
2024-11-14,2024-11-14 13:14:00,1860.86,1860.94,1860.86,1860.94,0.0,88.44,161558.5,1
2024-11-14,2024-11-14 13:15:00,1860.94,1861.03,1860.94,1861.03,0.0,88.44,161558.5,1
2024-11-14,2024-11-14 13:16:00,1861.03,1861.12,1861.03,1861.12,0.0,88.44,161558.5,1
2024-11-14,2024-11-14 13:17:00,1861.12,1861.2,1861.12,1861.2,0.0,88.44,161558.5,1
2024-11-14,2024-11-14 13:18:00,1861.2,1861.29,1861.2,1861.29,0.0,88.44,161558.5,1
2024-11-14,2024-11-14 13:19:00,1861.29,1861.38,1861.29,1861.38,0.0,88.44,161558.5,1
2024-11-14,2024-11-14 13:20:00,1861.38,1861.46,1861.38,1861.46,0.0,88.44,161558.5,1
2024-11-14,2024-11-14 13:21:00,1861.46,1861.55,1861.46,1861.55,0.0,88.44,161558.5,1
2024-11-14,2024-11-14 13:22:00,1861.55,1861.63,1861.55,1861.63,0.0,88.44,161558.5,1
2024-11-14,2024-11-14 13:23:00,1861.63,1861.72,1861.63,1861.72,0.0,88.44,161558.5,1
2024-11-14,2024-11-14 13:24:00,1861.72,1861.81,1861.72,1861.81,0.0,88.44,161558.5,1
2024-11-14,2024-11-14 13:25:00,1861.81,1861.89,1861.81,1861.89,0.0,88.44,161558.5,1
2024-11-14,2024-11-14 13:26:00,1861.89,1861.98,1861.89,1861.98,0.0,88.44,161558.5,1
2024-11-14,2024-11-14 13:27:00,1861.98,1862.07,1861.98,1862.07,0.0,88.44,161558.5,1
2024-11-14,2024-11-14 13:28:00,1862.07,1862.15,1862.07,1862.15,0.0,88.44,161558.5,1
2024-11-14,2024-11-14 13:29:00,1862.15,1862.24,1862.15,1862.24,0.0,88.44,161558.5,1
2024-11-14,2024-11-14 13:30:00,1862.24,1862.32,1862.24,1862.32,0.0,88.44,161558.5,1
2024-11-14,2024-11-14 13:31:00,1862.32,1862.41,1862.32,1862.41,0.0,88.44,161558.5,1
2024-11-14,2024-11-14 13:32:00,1862.41,1862.5,1862.41,1862.5,0.0,88.44,161558.5,1
2024-11-14,2024-11-14 13:33:00,1862.5,1862.58,1862.5,1862.58,0.0,88.44,161558.5,1
2024-11-14,2024-11-14 13:34:00,1862.58,1862.67,1862.58,1862.67,0.0,88.44,161558.5,1
2024-11-14,2024-11-14 13:35:00,1862.67,1862.75,1862.67,1862.75,0.0,88.44,161558.5,1
2024-11-14,2024-11-14 13:36:00,1862.75,1862.84,1862.75,1862.84,0.0,88.44,161558.5,1
2024-11-14,2024-11-14 13:37:00,1862.84,1862.93,1862.84,1862.93,0.0,88.44,161558.5,1
2024-11-14,2024-11-14 13:38:00,1862.93,1863.01,1862.93,1863.01,0.0,88.44,161558.5,1
2024-11-14,2024-11-14 13:39:00,1863.01,1863.1,1863.01,1863.1,0.0,88.44,161558.5,1
2024-11-14,2024-11-14 13:40:00,1863.1,1863.19,1863.1,1863.19,0.0,88.44,161558.5,1
2024-11-14,2024-11-14 13:41:00,1863.19,1863.27,1863.19,1863.27,0.0,88.44,161558.5,1
2024-11-14,2024-11-14 13:42:00,1863.27,1863.36,1863.27,1863.36,0.0,88.44,161558.5,1
2024-11-14,2024-11-14 13:43:00,1863.36,1863.44,1863.36,1863.44,0.0,88.44,161558.5,1
2024-11-14,2024-11-14 13:44:00,1863.44,1863.53,1863.44,1863.53,0.0,88.44,161558.5,1
2024-11-14,2024-11-14 13:45:00,1863.53,1863.62,1863.53,1863.62,0.0,88.44,161558.5,1
2024-11-14,2024-11-14 13:46:00,1863.62,1863.7,1863.62,1863.7,0.0,88.44,161558.5,1
2024-11-14,2024-11-14 13:47:00,1863.7,1863.79,1863.7,1863.79,0.0,88.44,161558.5,1
2024-11-14,2024-11-14 13:48:00,1863.79,1863.88,1863.79,1863.88,0.0,88.44,161558.5,1
2024-11-14,2024-11-14 13:49:00,1863.88,1863.96,1863.88,1863.96,0.0,88.44,161558.5,1
2024-11-14,2024-11-14 13:50:00,1863.96,1864.05,1863.96,1864.05,0.0,88.44,161558.5,1
2024-11-14,2024-11-14 13:51:00,1864.05,1864.13,1864.05,1864.13,0.0,88.44,161558.5,1
2024-11-14,2024-11-14 13:52:00,1864.13,1864.22,1864.13,1864.22,0.0,88.44,161558.5,1
2024-11-14,2024-11-14 13:53:00,1864.22,1864.31,1864.22,1864.31,0.0,88.44,161558.5,1
2024-11-14,2024-11-14 13:54:00,1864.31,1864.39,1864.31,1864.39,0.0,88.44,161558.5,1
2024-11-14,2024-11-14 13:55:00,1864.39,1864.48,1864.39,1864.48,0.0,88.44,161558.5,1
2024-11-14,2024-11-14 13:56:00,1864.48,1864.57,1864.48,1864.57,0.0,88.44,161558.5,1
2024-11-14,2024-11-14 13:57:00,1864.57,1864.65,1864.57,1864.65,0.0,88.44,161558.5,1
2024-11-14,2024-11-14 13:58:00,1864.65,1864.74,1864.65,1864.74,0.0,88.44,161558.5,1
2024-11-14,2024-11-14 13:59:00,1864.74,1864.83,1864.74,1864.83,0.0,88.44,161558.5,1
2024-11-14,2024-11-14 14:00:00,1864.83,1864.91,1864.83,1864.91,0.0,88.44,161558.5,1
2024-11-14,2024-11-14 14:01:00,1864.91,1865.0,1864.91,1865.0,0.0,88.44,161558.5,1
2024-11-14,2024-11-14 14:02:00,1865.0,1865.08,1865.0,1865.08,0.0,88.44,161558.5,1
2024-11-14,2024-11-14 14:03:00,1865.08,1865.17,1865.08,1865.17,0.0,88.44,161558.5,1
2024-11-14,2024-11-14 14:04:00,1865.17,1865.26,1865.17,1865.26,0.0,88.44,161558.5,1
2024-11-14,2024-11-14 14:05:00,1865.26,1865.34,1865.26,1865.34,0.0,88.44,161558.5,1
2024-11-14,2024-11-14 14:06:00,1865.34,1865.43,1865.34,1865.43,0.0,88.44,161558.5,1
2024-11-14,2024-11-14 14:07:00,1865.43,1865.52,1865.43,1865.52,0.0,88.44,161558.5,1
2024-11-14,2024-11-14 14:08:00,1865.52,1865.6,1865.52,1865.6,0.0,88.44,161558.5,1
2024-11-14,2024-11-14 14:09:00,1865.6,1865.69,1865.6,1865.69,0.0,88.44,161558.5,1
2024-11-14,2024-11-14 14:10:00,1865.69,1865.77,1865.69,1865.77,0.0,88.44,161558.5,1
2024-11-14,2024-11-14 14:11:00,1865.77,1865.86,1865.77,1865.86,0.0,88.44,161558.5,1
2024-11-14,2024-11-14 14:12:00,1865.86,1865.95,1865.86,1865.95,0.0,88.44,161558.5,1
2024-11-14,2024-11-14 14:13:00,1865.95,1866.03,1865.95,1866.03,0.0,88.44,161558.5,1
2024-11-14,2024-11-14 14:14:00,1866.03,1866.12,1866.03,1866.12,0.0,88.44,161558.5,1
2024-11-14,2024-11-14 14:15:00,1866.12,1866.2,1866.12,1866.2,0.0,88.44,161558.5,1
2024-11-14,2024-11-14 14:16:00,1866.2,1866.29,1866.2,1866.29,0.0,88.44,161558.5,1
2024-11-14,2024-11-14 14:17:00,1866.29,1866.38,1866.29,1866.38,0.0,88.44,161558.5,1
2024-11-14,2024-11-14 14:18:00,1866.38,1866.46,1866.38,1866.46,0.0,88.44,161558.5,1
2024-11-14,2024-11-14 14:19:00,1866.46,1866.55,1866.46,1866.55,0.0,88.44,161558.5,1
2024-11-14,2024-11-14 14:20:00,1866.55,1866.64,1866.55,1866.64,0.0,88.44,161558.5,1
2024-11-14,2024-11-14 14:21:00,1866.64,1866.72,1866.64,1866.72,0.0,88.44,161558.5,1
2024-11-14,2024-11-14 14:22:00,1866.72,1866.81,1866.72,1866.81,0.0,88.44,161558.5,1
2024-11-14,2024-11-14 14:23:00,1866.81,1866.89,1866.81,1866.89,0.0,88.44,161558.5,1
2024-11-14,2024-11-14 14:24:00,1866.89,1866.98,1866.89,1866.98,0.0,88.44,161558.5,1
2024-11-14,2024-11-14 14:25:00,1866.98,1867.07,1866.98,1867.07,0.0,88.44,161558.5,1
2024-11-14,2024-11-14 14:26:00,1867.07,1867.15,1867.07,1867.15,0.0,88.44,161558.5,1
2024-11-14,2024-11-14 14:27:00,1867.15,1867.24,1867.15,1867.24,0.0,88.44,161558.5,1
2024-11-14,2024-11-14 14:28:00,1867.24,1867.33,1867.24,1867.33,0.0,88.44,161558.5,1
2024-11-14,2024-11-14 14:29:00,1867.33,1867.41,1867.33,1867.41,0.0,88.44,161558.5,1
2024-11-14,2024-11-14 14:30:00,1867.41,1867.5,1867.41,1867.5,0.0,88.44,161558.5,1
2024-11-14,2024-11-14 14:31:00,1867.5,1867.59,1867.5,1867.59,0.0,88.44,161558.5,1
2024-11-14,2024-11-14 14:32:00,1867.59,1867.67,1867.59,1867.67,0.0,88.44,161558.5,1
2024-11-14,2024-11-14 14:33:00,1867.67,1867.76,1867.67,1867.76,0.0,88.44,161558.5,1
2024-11-14,2024-11-14 14:34:00,1867.76,1867.84,1867.76,1867.84,0.0,88.44,161558.5,1
2024-11-14,2024-11-14 14:35:00,1867.84,1867.93,1867.84,1867.93,0.0,88.44,161558.5,1
2024-11-14,2024-11-14 14:36:00,1867.93,1868.02,1867.93,1868.02,0.0,88.44,161558.5,1
2024-11-14,2024-11-14 14:37:00,1868.02,1868.1,1868.02,1868.1,0.0,88.44,161558.5,1
2024-11-14,2024-11-14 14:38:00,1868.1,1868.19,1868.1,1868.19,0.0,88.44,161558.5,1
2024-11-14,2024-11-14 14:39:00,1868.19,1868.28,1868.19,1868.28,0.0,88.44,161558.5,1
2024-11-14,2024-11-14 14:40:00,1868.28,1868.36,1868.28,1868.36,0.0,88.44,161558.5,1
2024-11-14,2024-11-14 14:41:00,1868.36,1868.45,1868.36,1868.45,0.0,88.44,161558.5,1
2024-11-14,2024-11-14 14:42:00,1868.45,1868.53,1868.45,1868.53,0.0,88.44,161558.5,1
2024-11-14,2024-11-14 14:43:00,1868.53,1868.62,1868.53,1868.62,0.0,88.44,161558.5,1
2024-11-14,2024-11-14 14:44:00,1868.62,1868.71,1868.62,1868.71,0.0,88.44,161558.5,1
2024-11-14,2024-11-14 14:45:00,1868.71,1868.79,1868.71,1868.79,0.0,88.44,161558.5,1
2024-11-14,2024-11-14 14:46:00,1868.79,1868.88,1868.79,1868.88,0.0,88.44,161558.5,1
2024-11-14,2024-11-14 14:47:00,1868.88,1868.96,1868.88,1868.96,0.0,88.44,161558.5,1
2024-11-14,2024-11-14 14:48:00,1868.96,1869.05,1868.96,1869.05,0.0,88.44,161558.5,1
2024-11-14,2024-11-14 14:49:00,1869.05,1869.14,1869.05,1869.14,0.0,88.44,161558.5,1
2024-11-14,2024-11-14 14:50:00,1869.14,1869.22,1869.14,1869.22,0.0,88.44,161558.5,1
2024-11-14,2024-11-14 14:51:00,1869.22,1869.31,1869.22,1869.31,0.0,88.44,161558.5,1
2024-11-14,2024-11-14 14:52:00,1869.31,1869.4,1869.31,1869.4,0.0,88.44,161558.5,1
2024-11-14,2024-11-14 14:53:00,1869.4,1869.48,1869.4,1869.48,0.0,88.44,161558.5,1
2024-11-14,2024-11-14 14:54:00,1869.48,1869.57,1869.48,1869.57,0.0,88.44,161558.5,1
2024-11-14,2024-11-14 14:55:00,1869.57,1869.65,1869.57,1869.65,0.0,88.44,161558.5,1
2024-11-14,2024-11-14 14:56:00,1869.65,1869.74,1869.65,1869.74,0.0,88.44,161558.5,1
2024-11-14,2024-11-14 14:57:00,1869.74,1869.83,1869.74,1869.83,0.0,88.44,161558.5,1
2024-11-14,2024-11-14 14:58:00,1869.83,1869.91,1869.83,1869.91,0.0,88.44,161558.5,1
2024-11-14,2024-11-14 14:59:00,1869.91,1870.0,1869.91,1870.0,0.0,88.44,161558.5,1
2024-11-14,2024-11-14 15:00:00,1870.0,1923.9,1712.0,1870.0,0.0,88.44,161558.5,0
2024-11-17,2024-11-17 11:00:00,1870.0,1870.0,1826.5,1869.79,-0.01,55.77,101226.02,-1
2024-11-17,2024-11-17 11:01:00,1869.79,1869.79,1869.58,1869.58,-0.01,55.77,101226.02,-1
2024-11-17,2024-11-17 11:02:00,1869.58,1869.58,1869.38,1869.38,-0.01,55.77,101226.02,-1
2024-11-17,2024-11-17 11:03:00,1869.38,1869.38,1869.17,1869.17,-0.01,55.77,101226.02,-1
2024-11-17,2024-11-17 11:04:00,1869.17,1869.17,1868.96,1868.96,-0.01,55.77,101226.02,-1
2024-11-17,2024-11-17 11:05:00,1868.96,1868.96,1868.75,1868.75,-0.01,55.77,101226.02,-1
2024-11-17,2024-11-17 11:06:00,1868.75,1868.75,1868.54,1868.54,-0.01,55.77,101226.02,-1
2024-11-17,2024-11-17 11:07:00,1868.54,1868.54,1868.33,1868.33,-0.01,55.77,101226.02,-1
2024-11-17,2024-11-17 11:08:00,1868.33,1868.33,1868.12,1868.12,-0.01,55.77,101226.02,-1
2024-11-17,2024-11-17 11:09:00,1868.12,1868.12,1867.92,1867.92,-0.01,55.77,101226.02,-1
2024-11-17,2024-11-17 11:10:00,1867.92,1867.92,1867.71,1867.71,-0.01,55.77,101226.02,-1
2024-11-17,2024-11-17 11:11:00,1867.71,1867.71,1867.5,1867.5,-0.01,55.77,101226.02,-1
2024-11-17,2024-11-17 11:12:00,1867.5,1867.5,1867.29,1867.29,-0.01,55.77,101226.02,-1
2024-11-17,2024-11-17 11:13:00,1867.29,1867.29,1867.08,1867.08,-0.01,55.77,101226.02,-1
2024-11-17,2024-11-17 11:14:00,1867.08,1867.08,1866.88,1866.88,-0.01,55.77,101226.02,-1
2024-11-17,2024-11-17 11:15:00,1866.88,1866.88,1866.67,1866.67,-0.01,55.77,101226.02,-1
2024-11-17,2024-11-17 11:16:00,1866.67,1866.67,1866.46,1866.46,-0.01,55.77,101226.02,-1
2024-11-17,2024-11-17 11:17:00,1866.46,1866.46,1866.25,1866.25,-0.01,55.77,101226.02,-1
2024-11-17,2024-11-17 11:18:00,1866.25,1866.25,1866.04,1866.04,-0.01,55.77,101226.02,-1
2024-11-17,2024-11-17 11:19:00,1866.04,1866.04,1865.83,1865.83,-0.01,55.77,101226.02,-1
2024-11-17,2024-11-17 11:20:00,1865.83,1865.83,1865.62,1865.62,-0.01,55.77,101226.02,-1
2024-11-17,2024-11-17 11:21:00,1865.62,1865.62,1865.42,1865.42,-0.01,55.77,101226.02,-1
2024-11-17,2024-11-17 11:22:00,1865.42,1865.42,1865.21,1865.21,-0.01,55.77,101226.02,-1
2024-11-17,2024-11-17 11:23:00,1865.21,1865.21,1865.0,1865.0,-0.01,55.77,101226.02,-1
2024-11-17,2024-11-17 11:24:00,1865.0,1865.0,1864.79,1864.79,-0.01,55.77,101226.02,-1
2024-11-17,2024-11-17 11:25:00,1864.79,1864.79,1864.58,1864.58,-0.01,55.77,101226.02,-1
2024-11-17,2024-11-17 11:26:00,1864.58,1864.58,1864.38,1864.38,-0.01,55.77,101226.02,-1
2024-11-17,2024-11-17 11:27:00,1864.38,1864.38,1864.17,1864.17,-0.01,55.77,101226.02,-1
2024-11-17,2024-11-17 11:28:00,1864.17,1864.17,1863.96,1863.96,-0.01,55.77,101226.02,-1
2024-11-17,2024-11-17 11:29:00,1863.96,1863.96,1863.75,1863.75,-0.01,55.77,101226.02,-1
2024-11-17,2024-11-17 11:30:00,1863.75,1863.75,1863.54,1863.54,-0.01,55.77,101226.02,-1
2024-11-17,2024-11-17 11:31:00,1863.54,1863.54,1863.33,1863.33,-0.01,55.77,101226.02,-1
2024-11-17,2024-11-17 11:32:00,1863.33,1863.33,1863.12,1863.12,-0.01,55.77,101226.02,-1
2024-11-17,2024-11-17 11:33:00,1863.12,1863.12,1862.92,1862.92,-0.01,55.77,101226.02,-1
2024-11-17,2024-11-17 11:34:00,1862.92,1862.92,1862.71,1862.71,-0.01,55.77,101226.02,-1
2024-11-17,2024-11-17 11:35:00,1862.71,1862.71,1862.5,1862.5,-0.01,55.77,101226.02,-1
2024-11-17,2024-11-17 11:36:00,1862.5,1862.5,1862.29,1862.29,-0.01,55.77,101226.02,-1
2024-11-17,2024-11-17 11:37:00,1862.29,1862.29,1862.08,1862.08,-0.01,55.77,101226.02,-1
2024-11-17,2024-11-17 11:38:00,1862.08,1862.08,1861.88,1861.88,-0.01,55.77,101226.02,-1
2024-11-17,2024-11-17 11:39:00,1861.88,1861.88,1861.67,1861.67,-0.01,55.77,101226.02,-1
2024-11-17,2024-11-17 11:40:00,1861.67,1861.67,1861.46,1861.46,-0.01,55.77,101226.02,-1
2024-11-17,2024-11-17 11:41:00,1861.46,1861.46,1861.25,1861.25,-0.01,55.77,101226.02,-1
2024-11-17,2024-11-17 11:42:00,1861.25,1861.25,1861.04,1861.04,-0.01,55.77,101226.02,-1
2024-11-17,2024-11-17 11:43:00,1861.04,1861.04,1860.83,1860.83,-0.01,55.77,101226.02,-1
2024-11-17,2024-11-17 11:44:00,1860.83,1860.83,1860.62,1860.62,-0.01,55.77,101226.02,-1
2024-11-17,2024-11-17 11:45:00,1860.62,1860.62,1860.42,1860.42,-0.01,55.77,101226.02,-1
2024-11-17,2024-11-17 11:46:00,1860.42,1860.42,1860.21,1860.21,-0.01,55.77,101226.02,-1
2024-11-17,2024-11-17 11:47:00,1860.21,1860.21,1860.0,1860.0,-0.01,55.77,101226.02,-1
2024-11-17,2024-11-17 11:48:00,1860.0,1860.0,1859.79,1859.79,-0.01,55.77,101226.02,-1
2024-11-17,2024-11-17 11:49:00,1859.79,1859.79,1859.58,1859.58,-0.01,55.77,101226.02,-1
2024-11-17,2024-11-17 11:50:00,1859.58,1859.58,1859.38,1859.38,-0.01,55.77,101226.02,-1
2024-11-17,2024-11-17 11:51:00,1859.38,1859.38,1859.17,1859.17,-0.01,55.77,101226.02,-1
2024-11-17,2024-11-17 11:52:00,1859.17,1859.17,1858.96,1858.96,-0.01,55.77,101226.02,-1
2024-11-17,2024-11-17 11:53:00,1858.96,1858.96,1858.75,1858.75,-0.01,55.77,101226.02,-1
2024-11-17,2024-11-17 11:54:00,1858.75,1858.75,1858.54,1858.54,-0.01,55.77,101226.02,-1
2024-11-17,2024-11-17 11:55:00,1858.54,1858.54,1858.33,1858.33,-0.01,55.77,101226.02,-1
2024-11-17,2024-11-17 11:56:00,1858.33,1858.33,1858.12,1858.12,-0.01,55.77,101226.02,-1
2024-11-17,2024-11-17 11:57:00,1858.12,1858.12,1857.92,1857.92,-0.01,55.77,101226.02,-1
2024-11-17,2024-11-17 11:58:00,1857.92,1857.92,1857.71,1857.71,-0.01,55.77,101226.02,-1
2024-11-17,2024-11-17 11:59:00,1857.71,1857.71,1857.5,1857.5,-0.01,55.77,101226.02,-1
2024-11-17,2024-11-17 12:00:00,1857.5,1857.5,1857.29,1857.29,-0.01,55.77,101226.02,-1
2024-11-17,2024-11-17 12:01:00,1857.29,1857.29,1857.08,1857.08,-0.01,55.77,101226.02,-1
2024-11-17,2024-11-17 12:02:00,1857.08,1857.08,1856.88,1856.88,-0.01,55.77,101226.02,-1
2024-11-17,2024-11-17 12:03:00,1856.88,1856.88,1856.67,1856.67,-0.01,55.77,101226.02,-1
2024-11-17,2024-11-17 12:04:00,1856.67,1856.67,1856.46,1856.46,-0.01,55.77,101226.02,-1
2024-11-17,2024-11-17 12:05:00,1856.46,1856.46,1856.25,1856.25,-0.01,55.77,101226.02,-1
2024-11-17,2024-11-17 12:06:00,1856.25,1856.25,1856.04,1856.04,-0.01,55.77,101226.02,-1
2024-11-17,2024-11-17 12:07:00,1856.04,1856.04,1855.83,1855.83,-0.01,55.77,101226.02,-1
2024-11-17,2024-11-17 12:08:00,1855.83,1855.83,1855.62,1855.62,-0.01,55.77,101226.02,-1
2024-11-17,2024-11-17 12:09:00,1855.62,1855.62,1855.42,1855.42,-0.01,55.77,101226.02,-1
2024-11-17,2024-11-17 12:10:00,1855.42,1855.42,1855.21,1855.21,-0.01,55.77,101226.02,-1
2024-11-17,2024-11-17 12:11:00,1855.21,1855.21,1855.0,1855.0,-0.01,55.77,101226.02,-1
2024-11-17,2024-11-17 12:12:00,1855.0,1855.0,1854.79,1854.79,-0.01,55.77,101226.02,-1
2024-11-17,2024-11-17 12:13:00,1854.79,1854.79,1854.58,1854.58,-0.01,55.77,101226.02,-1
2024-11-17,2024-11-17 12:14:00,1854.58,1854.58,1854.38,1854.38,-0.01,55.77,101226.02,-1
2024-11-17,2024-11-17 12:15:00,1854.38,1854.38,1854.17,1854.17,-0.01,55.77,101226.02,-1
2024-11-17,2024-11-17 12:16:00,1854.17,1854.17,1853.96,1853.96,-0.01,55.77,101226.02,-1
2024-11-17,2024-11-17 12:17:00,1853.96,1853.96,1853.75,1853.75,-0.01,55.77,101226.02,-1
2024-11-17,2024-11-17 12:18:00,1853.75,1853.75,1853.54,1853.54,-0.01,55.77,101226.02,-1
2024-11-17,2024-11-17 12:19:00,1853.54,1853.54,1853.33,1853.33,-0.01,55.77,101226.02,-1
2024-11-17,2024-11-17 12:20:00,1853.33,1853.33,1853.12,1853.12,-0.01,55.77,101226.02,-1
2024-11-17,2024-11-17 12:21:00,1853.12,1853.12,1852.92,1852.92,-0.01,55.77,101226.02,-1
2024-11-17,2024-11-17 12:22:00,1852.92,1852.92,1852.71,1852.71,-0.01,55.77,101226.02,-1
2024-11-17,2024-11-17 12:23:00,1852.71,1852.71,1852.5,1852.5,-0.01,55.77,101226.02,-1
2024-11-17,2024-11-17 12:24:00,1852.5,1852.5,1852.29,1852.29,-0.01,55.77,101226.02,-1
2024-11-17,2024-11-17 12:25:00,1852.29,1852.29,1852.08,1852.08,-0.01,55.77,101226.02,-1
2024-11-17,2024-11-17 12:26:00,1852.08,1852.08,1851.88,1851.88,-0.01,55.77,101226.02,-1
2024-11-17,2024-11-17 12:27:00,1851.88,1851.88,1851.67,1851.67,-0.01,55.77,101226.02,-1
2024-11-17,2024-11-17 12:28:00,1851.67,1851.67,1851.46,1851.46,-0.01,55.77,101226.02,-1
2024-11-17,2024-11-17 12:29:00,1851.46,1851.46,1851.25,1851.25,-0.01,55.77,101226.02,-1
2024-11-17,2024-11-17 12:30:00,1851.25,1851.25,1851.04,1851.04,-0.01,55.77,101226.02,-1
2024-11-17,2024-11-17 12:31:00,1851.04,1851.04,1850.83,1850.83,-0.01,55.77,101226.02,-1
2024-11-17,2024-11-17 12:32:00,1850.83,1850.83,1850.62,1850.62,-0.01,55.77,101226.02,-1
2024-11-17,2024-11-17 12:33:00,1850.62,1850.62,1850.42,1850.42,-0.01,55.77,101226.02,-1
2024-11-17,2024-11-17 12:34:00,1850.42,1850.42,1850.21,1850.21,-0.01,55.77,101226.02,-1
2024-11-17,2024-11-17 12:35:00,1850.21,1850.21,1850.0,1850.0,-0.01,55.77,101226.02,-1
2024-11-17,2024-11-17 12:36:00,1850.0,1850.0,1849.79,1849.79,-0.01,55.77,101226.02,-1
2024-11-17,2024-11-17 12:37:00,1849.79,1849.79,1849.58,1849.58,-0.01,55.77,101226.02,-1
2024-11-17,2024-11-17 12:38:00,1849.58,1849.58,1849.38,1849.38,-0.01,55.77,101226.02,-1
2024-11-17,2024-11-17 12:39:00,1849.38,1849.38,1849.17,1849.17,-0.01,55.77,101226.02,-1
2024-11-17,2024-11-17 12:40:00,1849.17,1849.17,1848.96,1848.96,-0.01,55.77,101226.02,-1
2024-11-17,2024-11-17 12:41:00,1848.96,1848.96,1848.75,1848.75,-0.01,55.77,101226.02,-1
2024-11-17,2024-11-17 12:42:00,1848.75,1848.75,1848.54,1848.54,-0.01,55.77,101226.02,-1
2024-11-17,2024-11-17 12:43:00,1848.54,1848.54,1848.33,1848.33,-0.01,55.77,101226.02,-1
2024-11-17,2024-11-17 12:44:00,1848.33,1848.33,1848.12,1848.12,-0.01,55.77,101226.02,-1
2024-11-17,2024-11-17 12:45:00,1848.12,1848.12,1847.92,1847.92,-0.01,55.77,101226.02,-1
2024-11-17,2024-11-17 12:46:00,1847.92,1847.92,1847.71,1847.71,-0.01,55.77,101226.02,-1
2024-11-17,2024-11-17 12:47:00,1847.71,1847.71,1847.5,1847.5,-0.01,55.77,101226.02,-1
2024-11-17,2024-11-17 12:48:00,1847.5,1847.5,1847.29,1847.29,-0.01,55.77,101226.02,-1
2024-11-17,2024-11-17 12:49:00,1847.29,1847.29,1847.08,1847.08,-0.01,55.77,101226.02,-1
2024-11-17,2024-11-17 12:50:00,1847.08,1847.08,1846.88,1846.88,-0.01,55.77,101226.02,-1
2024-11-17,2024-11-17 12:51:00,1846.88,1846.88,1846.67,1846.67,-0.01,55.77,101226.02,-1
2024-11-17,2024-11-17 12:52:00,1846.67,1846.67,1846.46,1846.46,-0.01,55.77,101226.02,-1
2024-11-17,2024-11-17 12:53:00,1846.46,1846.46,1846.25,1846.25,-0.01,55.77,101226.02,-1
2024-11-17,2024-11-17 12:54:00,1846.25,1846.25,1846.04,1846.04,-0.01,55.77,101226.02,-1
2024-11-17,2024-11-17 12:55:00,1846.04,1846.04,1845.83,1845.83,-0.01,55.77,101226.02,-1
2024-11-17,2024-11-17 12:56:00,1845.83,1845.83,1845.62,1845.62,-0.01,55.77,101226.02,-1
2024-11-17,2024-11-17 12:57:00,1845.62,1845.62,1845.42,1845.42,-0.01,55.77,101226.02,-1
2024-11-17,2024-11-17 12:58:00,1845.42,1845.42,1845.21,1845.21,-0.01,55.77,101226.02,-1
2024-11-17,2024-11-17 12:59:00,1845.21,1845.21,1845.0,1845.0,-0.01,55.77,101226.02,-1
2024-11-17,2024-11-17 13:00:00,1845.0,1870.0,1725.0,1844.79,-0.01,55.77,101226.02,-1
2024-11-17,2024-11-17 13:01:00,1844.79,1844.79,1844.58,1844.58,-0.01,55.77,101226.02,-1
2024-11-17,2024-11-17 13:02:00,1844.58,1844.58,1844.38,1844.38,-0.01,55.77,101226.02,-1
2024-11-17,2024-11-17 13:03:00,1844.38,1844.38,1844.17,1844.17,-0.01,55.77,101226.02,-1
2024-11-17,2024-11-17 13:04:00,1844.17,1844.17,1843.96,1843.96,-0.01,55.77,101226.02,-1
2024-11-17,2024-11-17 13:05:00,1843.96,1843.96,1843.75,1843.75,-0.01,55.77,101226.02,-1
2024-11-17,2024-11-17 13:06:00,1843.75,1843.75,1843.54,1843.54,-0.01,55.77,101226.02,-1
2024-11-17,2024-11-17 13:07:00,1843.54,1843.54,1843.33,1843.33,-0.01,55.77,101226.02,-1
2024-11-17,2024-11-17 13:08:00,1843.33,1843.33,1843.12,1843.12,-0.01,55.77,101226.02,-1
2024-11-17,2024-11-17 13:09:00,1843.12,1843.12,1842.92,1842.92,-0.01,55.77,101226.02,-1
2024-11-17,2024-11-17 13:10:00,1842.92,1842.92,1842.71,1842.71,-0.01,55.77,101226.02,-1
2024-11-17,2024-11-17 13:11:00,1842.71,1842.71,1842.5,1842.5,-0.01,55.77,101226.02,-1
2024-11-17,2024-11-17 13:12:00,1842.5,1842.5,1842.29,1842.29,-0.01,55.77,101226.02,-1
2024-11-17,2024-11-17 13:13:00,1842.29,1842.29,1842.08,1842.08,-0.01,55.77,101226.02,-1
2024-11-17,2024-11-17 13:14:00,1842.08,1842.08,1841.88,1841.88,-0.01,55.77,101226.02,-1
2024-11-17,2024-11-17 13:15:00,1841.88,1841.88,1841.67,1841.67,-0.01,55.77,101226.02,-1
2024-11-17,2024-11-17 13:16:00,1841.67,1841.67,1841.46,1841.46,-0.01,55.77,101226.02,-1
2024-11-17,2024-11-17 13:17:00,1841.46,1841.46,1841.25,1841.25,-0.01,55.77,101226.02,-1
2024-11-17,2024-11-17 13:18:00,1841.25,1841.25,1841.04,1841.04,-0.01,55.77,101226.02,-1
2024-11-17,2024-11-17 13:19:00,1841.04,1841.04,1840.83,1840.83,-0.01,55.77,101226.02,-1
2024-11-17,2024-11-17 13:20:00,1840.83,1840.83,1840.62,1840.62,-0.01,55.77,101226.02,-1
2024-11-17,2024-11-17 13:21:00,1840.62,1840.62,1840.42,1840.42,-0.01,55.77,101226.02,-1
2024-11-17,2024-11-17 13:22:00,1840.42,1840.42,1840.21,1840.21,-0.01,55.77,101226.02,-1
2024-11-17,2024-11-17 13:23:00,1840.21,1840.21,1840.0,1840.0,-0.01,55.77,101226.02,-1
2024-11-17,2024-11-17 13:24:00,1840.0,1840.0,1839.79,1839.79,-0.01,55.77,101226.02,-1
2024-11-17,2024-11-17 13:25:00,1839.79,1839.79,1839.58,1839.58,-0.01,55.77,101226.02,-1
2024-11-17,2024-11-17 13:26:00,1839.58,1839.58,1839.38,1839.38,-0.01,55.77,101226.02,-1
2024-11-17,2024-11-17 13:27:00,1839.38,1839.38,1839.17,1839.17,-0.01,55.77,101226.02,-1
2024-11-17,2024-11-17 13:28:00,1839.17,1839.17,1838.96,1838.96,-0.01,55.77,101226.02,-1
2024-11-17,2024-11-17 13:29:00,1838.96,1838.96,1838.75,1838.75,-0.01,55.77,101226.02,-1
2024-11-17,2024-11-17 13:30:00,1838.75,1838.75,1838.54,1838.54,-0.01,55.77,101226.02,-1
2024-11-17,2024-11-17 13:31:00,1838.54,1838.54,1838.33,1838.33,-0.01,55.77,101226.02,-1
2024-11-17,2024-11-17 13:32:00,1838.33,1838.33,1838.12,1838.12,-0.01,55.77,101226.02,-1
2024-11-17,2024-11-17 13:33:00,1838.12,1838.12,1837.92,1837.92,-0.01,55.77,101226.02,-1
2024-11-17,2024-11-17 13:34:00,1837.92,1837.92,1837.71,1837.71,-0.01,55.77,101226.02,-1
2024-11-17,2024-11-17 13:35:00,1837.71,1837.71,1837.5,1837.5,-0.01,55.77,101226.02,-1
2024-11-17,2024-11-17 13:36:00,1837.5,1837.5,1837.29,1837.29,-0.01,55.77,101226.02,-1
2024-11-17,2024-11-17 13:37:00,1837.29,1837.29,1837.08,1837.08,-0.01,55.77,101226.02,-1
2024-11-17,2024-11-17 13:38:00,1837.08,1837.08,1836.88,1836.88,-0.01,55.77,101226.02,-1
2024-11-17,2024-11-17 13:39:00,1836.88,1836.88,1836.67,1836.67,-0.01,55.77,101226.02,-1
2024-11-17,2024-11-17 13:40:00,1836.67,1836.67,1836.46,1836.46,-0.01,55.77,101226.02,-1
2024-11-17,2024-11-17 13:41:00,1836.46,1836.46,1836.25,1836.25,-0.01,55.77,101226.02,-1
2024-11-17,2024-11-17 13:42:00,1836.25,1836.25,1836.04,1836.04,-0.01,55.77,101226.02,-1
2024-11-17,2024-11-17 13:43:00,1836.04,1836.04,1835.83,1835.83,-0.01,55.77,101226.02,-1
2024-11-17,2024-11-17 13:44:00,1835.83,1835.83,1835.62,1835.62,-0.01,55.77,101226.02,-1
2024-11-17,2024-11-17 13:45:00,1835.62,1835.62,1835.42,1835.42,-0.01,55.77,101226.02,-1
2024-11-17,2024-11-17 13:46:00,1835.42,1835.42,1835.21,1835.21,-0.01,55.77,101226.02,-1
2024-11-17,2024-11-17 13:47:00,1835.21,1835.21,1835.0,1835.0,-0.01,55.77,101226.02,-1
2024-11-17,2024-11-17 13:48:00,1835.0,1835.0,1834.79,1834.79,-0.01,55.77,101226.02,-1
2024-11-17,2024-11-17 13:49:00,1834.79,1834.79,1834.58,1834.58,-0.01,55.77,101226.02,-1
2024-11-17,2024-11-17 13:50:00,1834.58,1834.58,1834.38,1834.38,-0.01,55.77,101226.02,-1
2024-11-17,2024-11-17 13:51:00,1834.38,1834.38,1834.17,1834.17,-0.01,55.77,101226.02,-1
2024-11-17,2024-11-17 13:52:00,1834.17,1834.17,1833.96,1833.96,-0.01,55.77,101226.02,-1
2024-11-17,2024-11-17 13:53:00,1833.96,1833.96,1833.75,1833.75,-0.01,55.77,101226.02,-1
2024-11-17,2024-11-17 13:54:00,1833.75,1833.75,1833.54,1833.54,-0.01,55.77,101226.02,-1
2024-11-17,2024-11-17 13:55:00,1833.54,1833.54,1833.33,1833.33,-0.01,55.77,101226.02,-1
2024-11-17,2024-11-17 13:56:00,1833.33,1833.33,1833.12,1833.12,-0.01,55.77,101226.02,-1
2024-11-17,2024-11-17 13:57:00,1833.12,1833.12,1832.92,1832.92,-0.01,55.77,101226.02,-1
2024-11-17,2024-11-17 13:58:00,1832.92,1832.92,1832.71,1832.71,-0.01,55.77,101226.02,-1
2024-11-17,2024-11-17 13:59:00,1832.71,1832.71,1832.5,1832.5,-0.01,55.77,101226.02,-1
2024-11-17,2024-11-17 14:00:00,1832.5,1832.5,1832.29,1832.29,-0.01,55.77,101226.02,-1
2024-11-17,2024-11-17 14:01:00,1832.29,1832.29,1832.08,1832.08,-0.01,55.77,101226.02,-1
2024-11-17,2024-11-17 14:02:00,1832.08,1832.08,1831.88,1831.88,-0.01,55.77,101226.02,-1
2024-11-17,2024-11-17 14:03:00,1831.88,1831.88,1831.67,1831.67,-0.01,55.77,101226.02,-1
2024-11-17,2024-11-17 14:04:00,1831.67,1831.67,1831.46,1831.46,-0.01,55.77,101226.02,-1
2024-11-17,2024-11-17 14:05:00,1831.46,1831.46,1831.25,1831.25,-0.01,55.77,101226.02,-1
2024-11-17,2024-11-17 14:06:00,1831.25,1831.25,1831.04,1831.04,-0.01,55.77,101226.02,-1
2024-11-17,2024-11-17 14:07:00,1831.04,1831.04,1830.83,1830.83,-0.01,55.77,101226.02,-1
2024-11-17,2024-11-17 14:08:00,1830.83,1830.83,1830.62,1830.62,-0.01,55.77,101226.02,-1
2024-11-17,2024-11-17 14:09:00,1830.62,1830.62,1830.42,1830.42,-0.01,55.77,101226.02,-1
2024-11-17,2024-11-17 14:10:00,1830.42,1830.42,1830.21,1830.21,-0.01,55.77,101226.02,-1
2024-11-17,2024-11-17 14:11:00,1830.21,1830.21,1830.0,1830.0,-0.01,55.77,101226.02,-1
2024-11-17,2024-11-17 14:12:00,1830.0,1830.0,1829.79,1829.79,-0.01,55.77,101226.02,-1
2024-11-17,2024-11-17 14:13:00,1829.79,1829.79,1829.58,1829.58,-0.01,55.77,101226.02,-1
2024-11-17,2024-11-17 14:14:00,1829.58,1829.58,1829.38,1829.38,-0.01,55.77,101226.02,-1
2024-11-17,2024-11-17 14:15:00,1829.38,1829.38,1829.17,1829.17,-0.01,55.77,101226.02,-1
2024-11-17,2024-11-17 14:16:00,1829.17,1829.17,1828.96,1828.96,-0.01,55.77,101226.02,-1
2024-11-17,2024-11-17 14:17:00,1828.96,1828.96,1828.75,1828.75,-0.01,55.77,101226.02,-1
2024-11-17,2024-11-17 14:18:00,1828.75,1828.75,1828.54,1828.54,-0.01,55.77,101226.02,-1
2024-11-17,2024-11-17 14:19:00,1828.54,1828.54,1828.33,1828.33,-0.01,55.77,101226.02,-1
2024-11-17,2024-11-17 14:20:00,1828.33,1828.33,1828.12,1828.12,-0.01,55.77,101226.02,-1
2024-11-17,2024-11-17 14:21:00,1828.12,1828.12,1827.92,1827.92,-0.01,55.77,101226.02,-1
2024-11-17,2024-11-17 14:22:00,1827.92,1827.92,1827.71,1827.71,-0.01,55.77,101226.02,-1
2024-11-17,2024-11-17 14:23:00,1827.71,1827.71,1827.5,1827.5,-0.01,55.77,101226.02,-1
2024-11-17,2024-11-17 14:24:00,1827.5,1827.5,1827.29,1827.29,-0.01,55.77,101226.02,-1
2024-11-17,2024-11-17 14:25:00,1827.29,1827.29,1827.08,1827.08,-0.01,55.77,101226.02,-1
2024-11-17,2024-11-17 14:26:00,1827.08,1827.08,1826.88,1826.88,-0.01,55.77,101226.02,-1
2024-11-17,2024-11-17 14:27:00,1826.88,1826.88,1826.67,1826.67,-0.01,55.77,101226.02,-1
2024-11-17,2024-11-17 14:28:00,1826.67,1826.67,1826.46,1826.46,-0.01,55.77,101226.02,-1
2024-11-17,2024-11-17 14:29:00,1826.46,1826.46,1826.25,1826.25,-0.01,55.77,101226.02,-1
2024-11-17,2024-11-17 14:30:00,1826.25,1826.25,1826.04,1826.04,-0.01,55.77,101226.02,-1
2024-11-17,2024-11-17 14:31:00,1826.04,1826.04,1825.83,1825.83,-0.01,55.77,101226.02,-1
2024-11-17,2024-11-17 14:32:00,1825.83,1825.83,1825.62,1825.62,-0.01,55.77,101226.02,-1
2024-11-17,2024-11-17 14:33:00,1825.62,1825.62,1825.42,1825.42,-0.01,55.77,101226.02,-1
2024-11-17,2024-11-17 14:34:00,1825.42,1825.42,1825.21,1825.21,-0.01,55.77,101226.02,-1
2024-11-17,2024-11-17 14:35:00,1825.21,1825.21,1825.0,1825.0,-0.01,55.77,101226.02,-1
2024-11-17,2024-11-17 14:36:00,1825.0,1825.0,1824.79,1824.79,-0.01,55.77,101226.02,-1
2024-11-17,2024-11-17 14:37:00,1824.79,1824.79,1824.58,1824.58,-0.01,55.77,101226.02,-1
2024-11-17,2024-11-17 14:38:00,1824.58,1824.58,1824.38,1824.38,-0.01,55.77,101226.02,-1
2024-11-17,2024-11-17 14:39:00,1824.38,1824.38,1824.17,1824.17,-0.01,55.77,101226.02,-1
2024-11-17,2024-11-17 14:40:00,1824.17,1824.17,1823.96,1823.96,-0.01,55.77,101226.02,-1
2024-11-17,2024-11-17 14:41:00,1823.96,1823.96,1823.75,1823.75,-0.01,55.77,101226.02,-1
2024-11-17,2024-11-17 14:42:00,1823.75,1823.75,1823.54,1823.54,-0.01,55.77,101226.02,-1
2024-11-17,2024-11-17 14:43:00,1823.54,1823.54,1823.33,1823.33,-0.01,55.77,101226.02,-1
2024-11-17,2024-11-17 14:44:00,1823.33,1823.33,1823.12,1823.12,-0.01,55.77,101226.02,-1
2024-11-17,2024-11-17 14:45:00,1823.12,1823.12,1822.92,1822.92,-0.01,55.77,101226.02,-1
2024-11-17,2024-11-17 14:46:00,1822.92,1822.92,1822.71,1822.71,-0.01,55.77,101226.02,-1
2024-11-17,2024-11-17 14:47:00,1822.71,1822.71,1822.5,1822.5,-0.01,55.77,101226.02,-1
2024-11-17,2024-11-17 14:48:00,1822.5,1822.5,1822.29,1822.29,-0.01,55.77,101226.02,-1
2024-11-17,2024-11-17 14:49:00,1822.29,1822.29,1822.08,1822.08,-0.01,55.77,101226.02,-1
2024-11-17,2024-11-17 14:50:00,1822.08,1822.08,1821.88,1821.88,-0.01,55.77,101226.02,-1
2024-11-17,2024-11-17 14:51:00,1821.88,1821.88,1821.67,1821.67,-0.01,55.77,101226.02,-1
2024-11-17,2024-11-17 14:52:00,1821.67,1821.67,1821.46,1821.46,-0.01,55.77,101226.02,-1
2024-11-17,2024-11-17 14:53:00,1821.46,1821.46,1821.25,1821.25,-0.01,55.77,101226.02,-1
2024-11-17,2024-11-17 14:54:00,1821.25,1821.25,1821.04,1821.04,-0.01,55.77,101226.02,-1
2024-11-17,2024-11-17 14:55:00,1821.04,1821.04,1820.83,1820.83,-0.01,55.77,101226.02,-1
2024-11-17,2024-11-17 14:56:00,1820.83,1820.83,1820.62,1820.62,-0.01,55.77,101226.02,-1
2024-11-17,2024-11-17 14:57:00,1820.62,1820.62,1820.42,1820.42,-0.01,55.77,101226.02,-1
2024-11-17,2024-11-17 14:58:00,1820.42,1820.42,1820.21,1820.21,-0.01,55.77,101226.02,-1
2024-11-17,2024-11-17 14:59:00,1820.21,1820.21,1820.0,1820.0,-0.01,55.77,101226.02,-1
2024-11-17,2024-11-17 15:00:00,1820.0,1870.0,1725.0,1820.0,0.0,55.77,101226.02,0
2024-11-19,2024-11-19 11:00:00,1856.4,1867.38,1800.78,1856.06,-0.02,99.95,174160.5,-1
2024-11-19,2024-11-19 11:01:00,1856.06,1856.06,1855.71,1855.71,-0.02,99.95,174160.5,-1
2024-11-19,2024-11-19 11:02:00,1855.71,1855.71,1855.37,1855.37,-0.02,99.95,174160.5,-1
2024-11-19,2024-11-19 11:03:00,1855.37,1855.37,1855.03,1855.03,-0.02,99.95,174160.5,-1
2024-11-19,2024-11-19 11:04:00,1855.03,1855.03,1854.68,1854.68,-0.02,99.95,174160.5,-1
2024-11-19,2024-11-19 11:05:00,1854.68,1854.68,1854.34,1854.34,-0.02,99.95,174160.5,-1
2024-11-19,2024-11-19 11:06:00,1854.34,1854.34,1854.0,1854.0,-0.02,99.95,174160.5,-1
2024-11-19,2024-11-19 11:07:00,1854.0,1854.0,1853.65,1853.65,-0.02,99.95,174160.5,-1
2024-11-19,2024-11-19 11:08:00,1853.65,1853.65,1853.31,1853.31,-0.02,99.95,174160.5,-1
2024-11-19,2024-11-19 11:09:00,1853.31,1853.31,1852.97,1852.97,-0.02,99.95,174160.5,-1
2024-11-19,2024-11-19 11:10:00,1852.97,1852.97,1852.62,1852.62,-0.02,99.95,174160.5,-1
2024-11-19,2024-11-19 11:11:00,1852.62,1852.62,1852.28,1852.28,-0.02,99.95,174160.5,-1
2024-11-19,2024-11-19 11:12:00,1852.28,1852.28,1851.94,1851.94,-0.02,99.95,174160.5,-1
2024-11-19,2024-11-19 11:13:00,1851.94,1851.94,1851.59,1851.59,-0.02,99.95,174160.5,-1
2024-11-19,2024-11-19 11:14:00,1851.59,1851.59,1851.25,1851.25,-0.02,99.95,174160.5,-1
2024-11-19,2024-11-19 11:15:00,1851.25,1851.25,1850.91,1850.91,-0.02,99.95,174160.5,-1
2024-11-19,2024-11-19 11:16:00,1850.91,1850.91,1850.56,1850.56,-0.02,99.95,174160.5,-1
2024-11-19,2024-11-19 11:17:00,1850.56,1850.56,1850.22,1850.22,-0.02,99.95,174160.5,-1
2024-11-19,2024-11-19 11:18:00,1850.22,1850.22,1849.88,1849.88,-0.02,99.95,174160.5,-1
2024-11-19,2024-11-19 11:19:00,1849.88,1849.88,1849.53,1849.53,-0.02,99.95,174160.5,-1
2024-11-19,2024-11-19 11:20:00,1849.53,1849.53,1849.19,1849.19,-0.02,99.95,174160.5,-1
2024-11-19,2024-11-19 11:21:00,1849.19,1849.19,1848.85,1848.85,-0.02,99.95,174160.5,-1
2024-11-19,2024-11-19 11:22:00,1848.85,1848.85,1848.5,1848.5,-0.02,99.95,174160.5,-1
2024-11-19,2024-11-19 11:23:00,1848.5,1848.5,1848.16,1848.16,-0.02,99.95,174160.5,-1
2024-11-19,2024-11-19 11:24:00,1848.16,1848.16,1847.82,1847.82,-0.02,99.95,174160.5,-1
2024-11-19,2024-11-19 11:25:00,1847.82,1847.82,1847.47,1847.47,-0.02,99.95,174160.5,-1
2024-11-19,2024-11-19 11:26:00,1847.47,1847.47,1847.13,1847.13,-0.02,99.95,174160.5,-1
2024-11-19,2024-11-19 11:27:00,1847.13,1847.13,1846.79,1846.79,-0.02,99.95,174160.5,-1
2024-11-19,2024-11-19 11:28:00,1846.79,1846.79,1846.44,1846.44,-0.02,99.95,174160.5,-1
2024-11-19,2024-11-19 11:29:00,1846.44,1846.44,1846.1,1846.1,-0.02,99.95,174160.5,-1
2024-11-19,2024-11-19 11:30:00,1846.1,1846.1,1845.76,1845.76,-0.02,99.95,174160.5,-1
2024-11-19,2024-11-19 11:31:00,1845.76,1845.76,1845.41,1845.41,-0.02,99.95,174160.5,-1
2024-11-19,2024-11-19 11:32:00,1845.41,1845.41,1845.07,1845.07,-0.02,99.95,174160.5,-1
2024-11-19,2024-11-19 11:33:00,1845.07,1845.07,1844.73,1844.73,-0.02,99.95,174160.5,-1
2024-11-19,2024-11-19 11:34:00,1844.73,1844.73,1844.38,1844.38,-0.02,99.95,174160.5,-1
2024-11-19,2024-11-19 11:35:00,1844.38,1844.38,1844.04,1844.04,-0.02,99.95,174160.5,-1
2024-11-19,2024-11-19 11:36:00,1844.04,1844.04,1843.7,1843.7,-0.02,99.95,174160.5,-1
2024-11-19,2024-11-19 11:37:00,1843.7,1843.7,1843.35,1843.35,-0.02,99.95,174160.5,-1
2024-11-19,2024-11-19 11:38:00,1843.35,1843.35,1843.01,1843.01,-0.02,99.95,174160.5,-1
2024-11-19,2024-11-19 11:39:00,1843.01,1843.01,1842.67,1842.67,-0.02,99.95,174160.5,-1
2024-11-19,2024-11-19 11:40:00,1842.67,1842.67,1842.32,1842.32,-0.02,99.95,174160.5,-1
2024-11-19,2024-11-19 11:41:00,1842.32,1842.32,1841.98,1841.98,-0.02,99.95,174160.5,-1
2024-11-19,2024-11-19 11:42:00,1841.98,1841.98,1841.64,1841.64,-0.02,99.95,174160.5,-1
2024-11-19,2024-11-19 11:43:00,1841.64,1841.64,1841.29,1841.29,-0.02,99.95,174160.5,-1
2024-11-19,2024-11-19 11:44:00,1841.29,1841.29,1840.95,1840.95,-0.02,99.95,174160.5,-1
2024-11-19,2024-11-19 11:45:00,1840.95,1840.95,1840.61,1840.61,-0.02,99.95,174160.5,-1
2024-11-19,2024-11-19 11:46:00,1840.61,1840.61,1840.26,1840.26,-0.02,99.95,174160.5,-1
2024-11-19,2024-11-19 11:47:00,1840.26,1840.26,1839.92,1839.92,-0.02,99.95,174160.5,-1
2024-11-19,2024-11-19 11:48:00,1839.92,1839.92,1839.58,1839.58,-0.02,99.95,174160.5,-1
2024-11-19,2024-11-19 11:49:00,1839.58,1839.58,1839.23,1839.23,-0.02,99.95,174160.5,-1
2024-11-19,2024-11-19 11:50:00,1839.23,1839.23,1838.89,1838.89,-0.02,99.95,174160.5,-1
2024-11-19,2024-11-19 11:51:00,1838.89,1838.89,1838.55,1838.55,-0.02,99.95,174160.5,-1
2024-11-19,2024-11-19 11:52:00,1838.55,1838.55,1838.2,1838.2,-0.02,99.95,174160.5,-1
2024-11-19,2024-11-19 11:53:00,1838.2,1838.2,1837.86,1837.86,-0.02,99.95,174160.5,-1
2024-11-19,2024-11-19 11:54:00,1837.86,1837.86,1837.52,1837.52,-0.02,99.95,174160.5,-1
2024-11-19,2024-11-19 11:55:00,1837.52,1837.52,1837.17,1837.17,-0.02,99.95,174160.5,-1
2024-11-19,2024-11-19 11:56:00,1837.17,1837.17,1836.83,1836.83,-0.02,99.95,174160.5,-1
2024-11-19,2024-11-19 11:57:00,1836.83,1836.83,1836.49,1836.49,-0.02,99.95,174160.5,-1
2024-11-19,2024-11-19 11:58:00,1836.49,1836.49,1836.14,1836.14,-0.02,99.95,174160.5,-1
2024-11-19,2024-11-19 11:59:00,1836.14,1836.14,1835.8,1835.8,-0.02,99.95,174160.5,-1
2024-11-19,2024-11-19 12:00:00,1835.8,1835.8,1835.46,1835.46,-0.02,99.95,174160.5,-1
2024-11-19,2024-11-19 12:01:00,1835.46,1835.46,1835.11,1835.11,-0.02,99.95,174160.5,-1
2024-11-19,2024-11-19 12:02:00,1835.11,1835.11,1834.77,1834.77,-0.02,99.95,174160.5,-1
2024-11-19,2024-11-19 12:03:00,1834.77,1834.77,1834.43,1834.43,-0.02,99.95,174160.5,-1
2024-11-19,2024-11-19 12:04:00,1834.43,1834.43,1834.08,1834.08,-0.02,99.95,174160.5,-1
2024-11-19,2024-11-19 12:05:00,1834.08,1834.08,1833.74,1833.74,-0.02,99.95,174160.5,-1
2024-11-19,2024-11-19 12:06:00,1833.74,1833.74,1833.4,1833.4,-0.02,99.95,174160.5,-1
2024-11-19,2024-11-19 12:07:00,1833.4,1833.4,1833.05,1833.05,-0.02,99.95,174160.5,-1
2024-11-19,2024-11-19 12:08:00,1833.05,1833.05,1832.71,1832.71,-0.02,99.95,174160.5,-1
2024-11-19,2024-11-19 12:09:00,1832.71,1832.71,1832.37,1832.37,-0.02,99.95,174160.5,-1
2024-11-19,2024-11-19 12:10:00,1832.37,1832.37,1832.02,1832.02,-0.02,99.95,174160.5,-1
2024-11-19,2024-11-19 12:11:00,1832.02,1832.02,1831.68,1831.68,-0.02,99.95,174160.5,-1
2024-11-19,2024-11-19 12:12:00,1831.68,1831.68,1831.34,1831.34,-0.02,99.95,174160.5,-1
2024-11-19,2024-11-19 12:13:00,1831.34,1831.34,1830.99,1830.99,-0.02,99.95,174160.5,-1
2024-11-19,2024-11-19 12:14:00,1830.99,1830.99,1830.65,1830.65,-0.02,99.95,174160.5,-1
2024-11-19,2024-11-19 12:15:00,1830.65,1830.65,1830.31,1830.31,-0.02,99.95,174160.5,-1
2024-11-19,2024-11-19 12:16:00,1830.31,1830.31,1829.96,1829.96,-0.02,99.95,174160.5,-1
2024-11-19,2024-11-19 12:17:00,1829.96,1829.96,1829.62,1829.62,-0.02,99.95,174160.5,-1
2024-11-19,2024-11-19 12:18:00,1829.62,1829.62,1829.28,1829.28,-0.02,99.95,174160.5,-1
2024-11-19,2024-11-19 12:19:00,1829.28,1829.28,1828.93,1828.93,-0.02,99.95,174160.5,-1
2024-11-19,2024-11-19 12:20:00,1828.93,1828.93,1828.59,1828.59,-0.02,99.95,174160.5,-1
2024-11-19,2024-11-19 12:21:00,1828.59,1828.59,1828.25,1828.25,-0.02,99.95,174160.5,-1
2024-11-19,2024-11-19 12:22:00,1828.25,1828.25,1827.9,1827.9,-0.02,99.95,174160.5,-1
2024-11-19,2024-11-19 12:23:00,1827.9,1827.9,1827.56,1827.56,-0.02,99.95,174160.5,-1
2024-11-19,2024-11-19 12:24:00,1827.56,1827.56,1827.22,1827.22,-0.02,99.95,174160.5,-1
2024-11-19,2024-11-19 12:25:00,1827.22,1827.22,1826.87,1826.87,-0.02,99.95,174160.5,-1
2024-11-19,2024-11-19 12:26:00,1826.87,1826.87,1826.53,1826.53,-0.02,99.95,174160.5,-1
2024-11-19,2024-11-19 12:27:00,1826.53,1826.53,1826.19,1826.19,-0.02,99.95,174160.5,-1
2024-11-19,2024-11-19 12:28:00,1826.19,1826.19,1825.84,1825.84,-0.02,99.95,174160.5,-1
2024-11-19,2024-11-19 12:29:00,1825.84,1825.84,1825.5,1825.5,-0.02,99.95,174160.5,-1
2024-11-19,2024-11-19 12:30:00,1825.5,1825.5,1825.16,1825.16,-0.02,99.95,174160.5,-1
2024-11-19,2024-11-19 12:31:00,1825.16,1825.16,1824.81,1824.81,-0.02,99.95,174160.5,-1
2024-11-19,2024-11-19 12:32:00,1824.81,1824.81,1824.47,1824.47,-0.02,99.95,174160.5,-1
2024-11-19,2024-11-19 12:33:00,1824.47,1824.47,1824.13,1824.13,-0.02,99.95,174160.5,-1
2024-11-19,2024-11-19 12:34:00,1824.13,1824.13,1823.78,1823.78,-0.02,99.95,174160.5,-1
2024-11-19,2024-11-19 12:35:00,1823.78,1823.78,1823.44,1823.44,-0.02,99.95,174160.5,-1
2024-11-19,2024-11-19 12:36:00,1823.44,1823.44,1823.1,1823.1,-0.02,99.95,174160.5,-1
2024-11-19,2024-11-19 12:37:00,1823.1,1823.1,1822.75,1822.75,-0.02,99.95,174160.5,-1
2024-11-19,2024-11-19 12:38:00,1822.75,1822.75,1822.41,1822.41,-0.02,99.95,174160.5,-1
2024-11-19,2024-11-19 12:39:00,1822.41,1822.41,1822.07,1822.07,-0.02,99.95,174160.5,-1
2024-11-19,2024-11-19 12:40:00,1822.07,1822.07,1821.72,1821.72,-0.02,99.95,174160.5,-1
2024-11-19,2024-11-19 12:41:00,1821.72,1821.72,1821.38,1821.38,-0.02,99.95,174160.5,-1
2024-11-19,2024-11-19 12:42:00,1821.38,1821.38,1821.04,1821.04,-0.02,99.95,174160.5,-1
2024-11-19,2024-11-19 12:43:00,1821.04,1821.04,1820.69,1820.69,-0.02,99.95,174160.5,-1
2024-11-19,2024-11-19 12:44:00,1820.69,1820.69,1820.35,1820.35,-0.02,99.95,174160.5,-1
2024-11-19,2024-11-19 12:45:00,1820.35,1820.35,1820.01,1820.01,-0.02,99.95,174160.5,-1
2024-11-19,2024-11-19 12:46:00,1820.01,1820.01,1819.66,1819.66,-0.02,99.95,174160.5,-1
2024-11-19,2024-11-19 12:47:00,1819.66,1819.66,1819.32,1819.32,-0.02,99.95,174160.5,-1
2024-11-19,2024-11-19 12:48:00,1819.32,1819.32,1818.98,1818.98,-0.02,99.95,174160.5,-1
2024-11-19,2024-11-19 12:49:00,1818.98,1818.98,1818.63,1818.63,-0.02,99.95,174160.5,-1
2024-11-19,2024-11-19 12:50:00,1818.63,1818.63,1818.29,1818.29,-0.02,99.95,174160.5,-1
2024-11-19,2024-11-19 12:51:00,1818.29,1818.29,1817.95,1817.95,-0.02,99.95,174160.5,-1
2024-11-19,2024-11-19 12:52:00,1817.95,1817.95,1817.6,1817.6,-0.02,99.95,174160.5,-1
2024-11-19,2024-11-19 12:53:00,1817.6,1817.6,1817.26,1817.26,-0.02,99.95,174160.5,-1
2024-11-19,2024-11-19 12:54:00,1817.26,1817.26,1816.92,1816.92,-0.02,99.95,174160.5,-1
2024-11-19,2024-11-19 12:55:00,1816.92,1816.92,1816.57,1816.57,-0.02,99.95,174160.5,-1
2024-11-19,2024-11-19 12:56:00,1816.57,1816.57,1816.23,1816.23,-0.02,99.95,174160.5,-1
2024-11-19,2024-11-19 12:57:00,1816.23,1816.23,1815.89,1815.89,-0.02,99.95,174160.5,-1
2024-11-19,2024-11-19 12:58:00,1815.89,1815.89,1815.54,1815.54,-0.02,99.95,174160.5,-1
2024-11-19,2024-11-19 12:59:00,1815.54,1815.54,1815.2,1815.2,-0.02,99.95,174160.5,-1
2024-11-19,2024-11-19 13:00:00,1815.2,1893.0,1671.0,1814.86,-0.02,99.95,174160.5,-1
2024-11-19,2024-11-19 13:01:00,1814.86,1814.86,1814.51,1814.51,-0.02,99.95,174160.5,-1
2024-11-19,2024-11-19 13:02:00,1814.51,1814.51,1814.17,1814.17,-0.02,99.95,174160.5,-1
2024-11-19,2024-11-19 13:03:00,1814.17,1814.17,1813.83,1813.83,-0.02,99.95,174160.5,-1
2024-11-19,2024-11-19 13:04:00,1813.83,1813.83,1813.48,1813.48,-0.02,99.95,174160.5,-1
2024-11-19,2024-11-19 13:05:00,1813.48,1813.48,1813.14,1813.14,-0.02,99.95,174160.5,-1
2024-11-19,2024-11-19 13:06:00,1813.14,1813.14,1812.8,1812.8,-0.02,99.95,174160.5,-1
2024-11-19,2024-11-19 13:07:00,1812.8,1812.8,1812.45,1812.45,-0.02,99.95,174160.5,-1
2024-11-19,2024-11-19 13:08:00,1812.45,1812.45,1812.11,1812.11,-0.02,99.95,174160.5,-1
2024-11-19,2024-11-19 13:09:00,1812.11,1812.11,1811.77,1811.77,-0.02,99.95,174160.5,-1
2024-11-19,2024-11-19 13:10:00,1811.77,1811.77,1811.42,1811.42,-0.02,99.95,174160.5,-1
2024-11-19,2024-11-19 13:11:00,1811.42,1811.42,1811.08,1811.08,-0.02,99.95,174160.5,-1
2024-11-19,2024-11-19 13:12:00,1811.08,1811.08,1810.74,1810.74,-0.02,99.95,174160.5,-1
2024-11-19,2024-11-19 13:13:00,1810.74,1810.74,1810.39,1810.39,-0.02,99.95,174160.5,-1
2024-11-19,2024-11-19 13:14:00,1810.39,1810.39,1810.05,1810.05,-0.02,99.95,174160.5,-1
2024-11-19,2024-11-19 13:15:00,1810.05,1810.05,1809.71,1809.71,-0.02,99.95,174160.5,-1
2024-11-19,2024-11-19 13:16:00,1809.71,1809.71,1809.36,1809.36,-0.02,99.95,174160.5,-1
2024-11-19,2024-11-19 13:17:00,1809.36,1809.36,1809.02,1809.02,-0.02,99.95,174160.5,-1
2024-11-19,2024-11-19 13:18:00,1809.02,1809.02,1808.68,1808.68,-0.02,99.95,174160.5,-1
2024-11-19,2024-11-19 13:19:00,1808.68,1808.68,1808.33,1808.33,-0.02,99.95,174160.5,-1
2024-11-19,2024-11-19 13:20:00,1808.33,1808.33,1807.99,1807.99,-0.02,99.95,174160.5,-1
2024-11-19,2024-11-19 13:21:00,1807.99,1807.99,1807.65,1807.65,-0.02,99.95,174160.5,-1
2024-11-19,2024-11-19 13:22:00,1807.65,1807.65,1807.3,1807.3,-0.02,99.95,174160.5,-1
2024-11-19,2024-11-19 13:23:00,1807.3,1807.3,1806.96,1806.96,-0.02,99.95,174160.5,-1
2024-11-19,2024-11-19 13:24:00,1806.96,1806.96,1806.62,1806.62,-0.02,99.95,174160.5,-1
2024-11-19,2024-11-19 13:25:00,1806.62,1806.62,1806.27,1806.27,-0.02,99.95,174160.5,-1
2024-11-19,2024-11-19 13:26:00,1806.27,1806.27,1805.93,1805.93,-0.02,99.95,174160.5,-1
2024-11-19,2024-11-19 13:27:00,1805.93,1805.93,1805.59,1805.59,-0.02,99.95,174160.5,-1
2024-11-19,2024-11-19 13:28:00,1805.59,1805.59,1805.24,1805.24,-0.02,99.95,174160.5,-1
2024-11-19,2024-11-19 13:29:00,1805.24,1805.24,1804.9,1804.9,-0.02,99.95,174160.5,-1
2024-11-19,2024-11-19 13:30:00,1804.9,1804.9,1804.56,1804.56,-0.02,99.95,174160.5,-1
2024-11-19,2024-11-19 13:31:00,1804.56,1804.56,1804.21,1804.21,-0.02,99.95,174160.5,-1
2024-11-19,2024-11-19 13:32:00,1804.21,1804.21,1803.87,1803.87,-0.02,99.95,174160.5,-1
2024-11-19,2024-11-19 13:33:00,1803.87,1803.87,1803.53,1803.53,-0.02,99.95,174160.5,-1
2024-11-19,2024-11-19 13:34:00,1803.53,1803.53,1803.18,1803.18,-0.02,99.95,174160.5,-1
2024-11-19,2024-11-19 13:35:00,1803.18,1803.18,1802.84,1802.84,-0.02,99.95,174160.5,-1
2024-11-19,2024-11-19 13:36:00,1802.84,1802.84,1802.5,1802.5,-0.02,99.95,174160.5,-1
2024-11-19,2024-11-19 13:37:00,1802.5,1802.5,1802.15,1802.15,-0.02,99.95,174160.5,-1
2024-11-19,2024-11-19 13:38:00,1802.15,1802.15,1801.81,1801.81,-0.02,99.95,174160.5,-1
2024-11-19,2024-11-19 13:39:00,1801.81,1801.81,1801.47,1801.47,-0.02,99.95,174160.5,-1
2024-11-19,2024-11-19 13:40:00,1801.47,1801.47,1801.12,1801.12,-0.02,99.95,174160.5,-1
2024-11-19,2024-11-19 13:41:00,1801.12,1801.12,1800.78,1800.78,-0.02,99.95,174160.5,-1
2024-11-19,2024-11-19 13:42:00,1800.78,1800.78,1800.44,1800.44,-0.02,99.95,174160.5,-1
2024-11-19,2024-11-19 13:43:00,1800.44,1800.44,1800.09,1800.09,-0.02,99.95,174160.5,-1
2024-11-19,2024-11-19 13:44:00,1800.09,1800.09,1799.75,1799.75,-0.02,99.95,174160.5,-1
2024-11-19,2024-11-19 13:45:00,1799.75,1799.75,1799.41,1799.41,-0.02,99.95,174160.5,-1
2024-11-19,2024-11-19 13:46:00,1799.41,1799.41,1799.06,1799.06,-0.02,99.95,174160.5,-1
2024-11-19,2024-11-19 13:47:00,1799.06,1799.06,1798.72,1798.72,-0.02,99.95,174160.5,-1
2024-11-19,2024-11-19 13:48:00,1798.72,1798.72,1798.38,1798.38,-0.02,99.95,174160.5,-1
2024-11-19,2024-11-19 13:49:00,1798.38,1798.38,1798.03,1798.03,-0.02,99.95,174160.5,-1
2024-11-19,2024-11-19 13:50:00,1798.03,1798.03,1797.69,1797.69,-0.02,99.95,174160.5,-1
2024-11-19,2024-11-19 13:51:00,1797.69,1797.69,1797.35,1797.35,-0.02,99.95,174160.5,-1
2024-11-19,2024-11-19 13:52:00,1797.35,1797.35,1797.0,1797.0,-0.02,99.95,174160.5,-1
2024-11-19,2024-11-19 13:53:00,1797.0,1797.0,1796.66,1796.66,-0.02,99.95,174160.5,-1
2024-11-19,2024-11-19 13:54:00,1796.66,1796.66,1796.32,1796.32,-0.02,99.95,174160.5,-1
2024-11-19,2024-11-19 13:55:00,1796.32,1796.32,1795.97,1795.97,-0.02,99.95,174160.5,-1
2024-11-19,2024-11-19 13:56:00,1795.97,1795.97,1795.63,1795.63,-0.02,99.95,174160.5,-1
2024-11-19,2024-11-19 13:57:00,1795.63,1795.63,1795.29,1795.29,-0.02,99.95,174160.5,-1
2024-11-19,2024-11-19 13:58:00,1795.29,1795.29,1794.94,1794.94,-0.02,99.95,174160.5,-1
2024-11-19,2024-11-19 13:59:00,1794.94,1794.94,1794.6,1794.6,-0.02,99.95,174160.5,-1
2024-11-19,2024-11-19 14:00:00,1794.6,1794.6,1794.26,1794.26,-0.02,99.95,174160.5,-1
2024-11-19,2024-11-19 14:01:00,1794.26,1794.26,1793.91,1793.91,-0.02,99.95,174160.5,-1
2024-11-19,2024-11-19 14:02:00,1793.91,1793.91,1793.57,1793.57,-0.02,99.95,174160.5,-1
2024-11-19,2024-11-19 14:03:00,1793.57,1793.57,1793.23,1793.23,-0.02,99.95,174160.5,-1
2024-11-19,2024-11-19 14:04:00,1793.23,1793.23,1792.88,1792.88,-0.02,99.95,174160.5,-1
2024-11-19,2024-11-19 14:05:00,1792.88,1792.88,1792.54,1792.54,-0.02,99.95,174160.5,-1
2024-11-19,2024-11-19 14:06:00,1792.54,1792.54,1792.2,1792.2,-0.02,99.95,174160.5,-1
2024-11-19,2024-11-19 14:07:00,1792.2,1792.2,1791.85,1791.85,-0.02,99.95,174160.5,-1
2024-11-19,2024-11-19 14:08:00,1791.85,1791.85,1791.51,1791.51,-0.02,99.95,174160.5,-1
2024-11-19,2024-11-19 14:09:00,1791.51,1791.51,1791.17,1791.17,-0.02,99.95,174160.5,-1
2024-11-19,2024-11-19 14:10:00,1791.17,1791.17,1790.82,1790.82,-0.02,99.95,174160.5,-1
2024-11-19,2024-11-19 14:11:00,1790.82,1790.82,1790.48,1790.48,-0.02,99.95,174160.5,-1
2024-11-19,2024-11-19 14:12:00,1790.48,1790.48,1790.14,1790.14,-0.02,99.95,174160.5,-1
2024-11-19,2024-11-19 14:13:00,1790.14,1790.14,1789.79,1789.79,-0.02,99.95,174160.5,-1
2024-11-19,2024-11-19 14:14:00,1789.79,1789.79,1789.45,1789.45,-0.02,99.95,174160.5,-1
2024-11-19,2024-11-19 14:15:00,1789.45,1789.45,1789.11,1789.11,-0.02,99.95,174160.5,-1
2024-11-19,2024-11-19 14:16:00,1789.11,1789.11,1788.76,1788.76,-0.02,99.95,174160.5,-1
2024-11-19,2024-11-19 14:17:00,1788.76,1788.76,1788.42,1788.42,-0.02,99.95,174160.5,-1
2024-11-19,2024-11-19 14:18:00,1788.42,1788.42,1788.08,1788.08,-0.02,99.95,174160.5,-1
2024-11-19,2024-11-19 14:19:00,1788.08,1788.08,1787.73,1787.73,-0.02,99.95,174160.5,-1
2024-11-19,2024-11-19 14:20:00,1787.73,1787.73,1787.39,1787.39,-0.02,99.95,174160.5,-1
2024-11-19,2024-11-19 14:21:00,1787.39,1787.39,1787.05,1787.05,-0.02,99.95,174160.5,-1
2024-11-19,2024-11-19 14:22:00,1787.05,1787.05,1786.7,1786.7,-0.02,99.95,174160.5,-1
2024-11-19,2024-11-19 14:23:00,1786.7,1786.7,1786.36,1786.36,-0.02,99.95,174160.5,-1
2024-11-19,2024-11-19 14:24:00,1786.36,1786.36,1786.02,1786.02,-0.02,99.95,174160.5,-1
2024-11-19,2024-11-19 14:25:00,1786.02,1786.02,1785.67,1785.67,-0.02,99.95,174160.5,-1
2024-11-19,2024-11-19 14:26:00,1785.67,1785.67,1785.33,1785.33,-0.02,99.95,174160.5,-1
2024-11-19,2024-11-19 14:27:00,1785.33,1785.33,1784.99,1784.99,-0.02,99.95,174160.5,-1
2024-11-19,2024-11-19 14:28:00,1784.99,1784.99,1784.64,1784.64,-0.02,99.95,174160.5,-1
2024-11-19,2024-11-19 14:29:00,1784.64,1784.64,1784.3,1784.3,-0.02,99.95,174160.5,-1
2024-11-19,2024-11-19 14:30:00,1784.3,1784.3,1783.96,1783.96,-0.02,99.95,174160.5,-1
2024-11-19,2024-11-19 14:31:00,1783.96,1783.96,1783.61,1783.61,-0.02,99.95,174160.5,-1
2024-11-19,2024-11-19 14:32:00,1783.61,1783.61,1783.27,1783.27,-0.02,99.95,174160.5,-1
2024-11-19,2024-11-19 14:33:00,1783.27,1783.27,1782.93,1782.93,-0.02,99.95,174160.5,-1
2024-11-19,2024-11-19 14:34:00,1782.93,1782.93,1782.58,1782.58,-0.02,99.95,174160.5,-1
2024-11-19,2024-11-19 14:35:00,1782.58,1782.58,1782.24,1782.24,-0.02,99.95,174160.5,-1
2024-11-19,2024-11-19 14:36:00,1782.24,1782.24,1781.9,1781.9,-0.02,99.95,174160.5,-1
2024-11-19,2024-11-19 14:37:00,1781.9,1781.9,1781.55,1781.55,-0.02,99.95,174160.5,-1
2024-11-19,2024-11-19 14:38:00,1781.55,1781.55,1781.21,1781.21,-0.02,99.95,174160.5,-1
2024-11-19,2024-11-19 14:39:00,1781.21,1781.21,1780.87,1780.87,-0.02,99.95,174160.5,-1
2024-11-19,2024-11-19 14:40:00,1780.87,1780.87,1780.52,1780.52,-0.02,99.95,174160.5,-1
2024-11-19,2024-11-19 14:41:00,1780.52,1780.52,1780.18,1780.18,-0.02,99.95,174160.5,-1
2024-11-19,2024-11-19 14:42:00,1780.18,1780.18,1779.84,1779.84,-0.02,99.95,174160.5,-1
2024-11-19,2024-11-19 14:43:00,1779.84,1779.84,1779.49,1779.49,-0.02,99.95,174160.5,-1
2024-11-19,2024-11-19 14:44:00,1779.49,1779.49,1779.15,1779.15,-0.02,99.95,174160.5,-1
2024-11-19,2024-11-19 14:45:00,1779.15,1779.15,1778.81,1778.81,-0.02,99.95,174160.5,-1
2024-11-19,2024-11-19 14:46:00,1778.81,1778.81,1778.46,1778.46,-0.02,99.95,174160.5,-1
2024-11-19,2024-11-19 14:47:00,1778.46,1778.46,1778.12,1778.12,-0.02,99.95,174160.5,-1
2024-11-19,2024-11-19 14:48:00,1778.12,1778.12,1777.78,1777.78,-0.02,99.95,174160.5,-1
2024-11-19,2024-11-19 14:49:00,1777.78,1777.78,1777.43,1777.43,-0.02,99.95,174160.5,-1
2024-11-19,2024-11-19 14:50:00,1777.43,1777.43,1777.09,1777.09,-0.02,99.95,174160.5,-1
2024-11-19,2024-11-19 14:51:00,1777.09,1777.09,1776.75,1776.75,-0.02,99.95,174160.5,-1
2024-11-19,2024-11-19 14:52:00,1776.75,1776.75,1776.4,1776.4,-0.02,99.95,174160.5,-1
2024-11-19,2024-11-19 14:53:00,1776.4,1776.4,1776.06,1776.06,-0.02,99.95,174160.5,-1
2024-11-19,2024-11-19 14:54:00,1776.06,1776.06,1775.72,1775.72,-0.02,99.95,174160.5,-1
2024-11-19,2024-11-19 14:55:00,1775.72,1775.72,1775.37,1775.37,-0.02,99.95,174160.5,-1
2024-11-19,2024-11-19 14:56:00,1775.37,1775.37,1775.03,1775.03,-0.02,99.95,174160.5,-1
2024-11-19,2024-11-19 14:57:00,1775.03,1775.03,1774.69,1774.69,-0.02,99.95,174160.5,-1
2024-11-19,2024-11-19 14:58:00,1774.69,1774.69,1774.34,1774.34,-0.02,99.95,174160.5,-1
2024-11-19,2024-11-19 14:59:00,1774.34,1774.34,1774.0,1774.0,-0.02,99.95,174160.5,-1
2024-11-19,2024-11-19 15:00:00,1774.0,1893.0,1671.0,1774.0,0.0,99.95,174160.5,0
2024-11-20,2024-11-20 11:00:00,1740.0,1758.0,1729.8,1740.01,0.0,31.37,54338.71,1
2024-11-20,2024-11-20 11:01:00,1740.01,1740.02,1740.01,1740.02,0.0,31.37,54338.71,1
2024-11-20,2024-11-20 11:02:00,1740.02,1740.03,1740.02,1740.03,0.0,31.37,54338.71,1
2024-11-20,2024-11-20 11:03:00,1740.03,1740.04,1740.03,1740.04,0.0,31.37,54338.71,1
2024-11-20,2024-11-20 11:04:00,1740.04,1740.04,1740.04,1740.04,0.0,31.37,54338.71,0
2024-11-20,2024-11-20 11:05:00,1740.04,1740.05,1740.04,1740.05,0.0,31.37,54338.71,1
2024-11-20,2024-11-20 11:06:00,1740.05,1740.06,1740.05,1740.06,0.0,31.37,54338.71,1
2024-11-20,2024-11-20 11:07:00,1740.06,1740.07,1740.06,1740.07,0.0,31.37,54338.71,1
2024-11-20,2024-11-20 11:08:00,1740.07,1740.08,1740.07,1740.08,0.0,31.37,54338.71,1
2024-11-20,2024-11-20 11:09:00,1740.08,1740.09,1740.08,1740.09,0.0,31.37,54338.71,1
2024-11-20,2024-11-20 11:10:00,1740.09,1740.1,1740.09,1740.1,0.0,31.37,54338.71,1
2024-11-20,2024-11-20 11:11:00,1740.1,1740.11,1740.1,1740.11,0.0,31.37,54338.71,1
2024-11-20,2024-11-20 11:12:00,1740.11,1740.11,1740.11,1740.11,0.0,31.37,54338.71,0
2024-11-20,2024-11-20 11:13:00,1740.11,1740.12,1740.11,1740.12,0.0,31.37,54338.71,1
2024-11-20,2024-11-20 11:14:00,1740.12,1740.13,1740.12,1740.13,0.0,31.37,54338.71,1
2024-11-20,2024-11-20 11:15:00,1740.13,1740.14,1740.13,1740.14,0.0,31.37,54338.71,1
2024-11-20,2024-11-20 11:16:00,1740.14,1740.15,1740.14,1740.15,0.0,31.37,54338.71,1
2024-11-20,2024-11-20 11:17:00,1740.15,1740.16,1740.15,1740.16,0.0,31.37,54338.71,1
2024-11-20,2024-11-20 11:18:00,1740.16,1740.17,1740.16,1740.17,0.0,31.37,54338.71,1
2024-11-20,2024-11-20 11:19:00,1740.17,1740.17,1740.17,1740.17,0.0,31.37,54338.71,0
2024-11-20,2024-11-20 11:20:00,1740.17,1740.18,1740.17,1740.18,0.0,31.37,54338.71,1
2024-11-20,2024-11-20 11:21:00,1740.18,1740.19,1740.18,1740.19,0.0,31.37,54338.71,1
2024-11-20,2024-11-20 11:22:00,1740.19,1740.2,1740.19,1740.2,0.0,31.37,54338.71,1
2024-11-20,2024-11-20 11:23:00,1740.2,1740.21,1740.2,1740.21,0.0,31.37,54338.71,1
2024-11-20,2024-11-20 11:24:00,1740.21,1740.22,1740.21,1740.22,0.0,31.37,54338.71,1
2024-11-20,2024-11-20 11:25:00,1740.22,1740.23,1740.22,1740.23,0.0,31.37,54338.71,1
2024-11-20,2024-11-20 11:26:00,1740.23,1740.24,1740.23,1740.24,0.0,31.37,54338.71,1
2024-11-20,2024-11-20 11:27:00,1740.24,1740.24,1740.24,1740.24,0.0,31.37,54338.71,0
2024-11-20,2024-11-20 11:28:00,1740.24,1740.25,1740.24,1740.25,0.0,31.37,54338.71,1
2024-11-20,2024-11-20 11:29:00,1740.25,1740.26,1740.25,1740.26,0.0,31.37,54338.71,1
2024-11-20,2024-11-20 11:30:00,1740.26,1740.27,1740.26,1740.27,0.0,31.37,54338.71,1
2024-11-20,2024-11-20 11:31:00,1740.27,1740.28,1740.27,1740.28,0.0,31.37,54338.71,1
2024-11-20,2024-11-20 11:32:00,1740.28,1740.29,1740.28,1740.29,0.0,31.37,54338.71,1
2024-11-20,2024-11-20 11:33:00,1740.29,1740.3,1740.29,1740.3,0.0,31.37,54338.71,1
2024-11-20,2024-11-20 11:34:00,1740.3,1740.31,1740.3,1740.31,0.0,31.37,54338.71,1
2024-11-20,2024-11-20 11:35:00,1740.31,1740.32,1740.31,1740.32,0.0,31.37,54338.71,1
2024-11-20,2024-11-20 11:36:00,1740.32,1740.32,1740.32,1740.32,0.0,31.37,54338.71,0
2024-11-20,2024-11-20 11:37:00,1740.32,1740.33,1740.32,1740.33,0.0,31.37,54338.71,1
2024-11-20,2024-11-20 11:38:00,1740.33,1740.34,1740.33,1740.34,0.0,31.37,54338.71,1
2024-11-20,2024-11-20 11:39:00,1740.34,1740.35,1740.34,1740.35,0.0,31.37,54338.71,1
2024-11-20,2024-11-20 11:40:00,1740.35,1740.36,1740.35,1740.36,0.0,31.37,54338.71,1
2024-11-20,2024-11-20 11:41:00,1740.36,1740.37,1740.36,1740.37,0.0,31.37,54338.71,1
2024-11-20,2024-11-20 11:42:00,1740.37,1740.38,1740.37,1740.38,0.0,31.37,54338.71,1
2024-11-20,2024-11-20 11:43:00,1740.38,1740.38,1740.38,1740.38,0.0,31.37,54338.71,0
2024-11-20,2024-11-20 11:44:00,1740.38,1740.39,1740.38,1740.39,0.0,31.37,54338.71,1
2024-11-20,2024-11-20 11:45:00,1740.39,1740.4,1740.39,1740.4,0.0,31.37,54338.71,1
2024-11-20,2024-11-20 11:46:00,1740.4,1740.41,1740.4,1740.41,0.0,31.37,54338.71,1
2024-11-20,2024-11-20 11:47:00,1740.41,1740.42,1740.41,1740.42,0.0,31.37,54338.71,1
2024-11-20,2024-11-20 11:48:00,1740.42,1740.43,1740.42,1740.43,0.0,31.37,54338.71,1
2024-11-20,2024-11-20 11:49:00,1740.43,1740.44,1740.43,1740.44,0.0,31.37,54338.71,1
2024-11-20,2024-11-20 11:50:00,1740.44,1740.45,1740.44,1740.45,0.0,31.37,54338.71,1
2024-11-20,2024-11-20 11:51:00,1740.45,1740.45,1740.45,1740.45,0.0,31.37,54338.71,0
2024-11-20,2024-11-20 11:52:00,1740.45,1740.46,1740.45,1740.46,0.0,31.37,54338.71,1
2024-11-20,2024-11-20 11:53:00,1740.46,1740.47,1740.46,1740.47,0.0,31.37,54338.71,1
2024-11-20,2024-11-20 11:54:00,1740.47,1740.48,1740.47,1740.48,0.0,31.37,54338.71,1
2024-11-20,2024-11-20 11:55:00,1740.48,1740.49,1740.48,1740.49,0.0,31.37,54338.71,1
2024-11-20,2024-11-20 11:56:00,1740.49,1740.5,1740.49,1740.5,0.0,31.37,54338.71,1
2024-11-20,2024-11-20 11:57:00,1740.5,1740.51,1740.5,1740.51,0.0,31.37,54338.71,1
2024-11-20,2024-11-20 11:58:00,1740.51,1740.52,1740.51,1740.52,0.0,31.37,54338.71,1
2024-11-20,2024-11-20 11:59:00,1740.52,1740.53,1740.52,1740.53,0.0,31.37,54338.71,1
2024-11-20,2024-11-20 12:00:00,1740.53,1740.53,1740.53,1740.53,0.0,31.37,54338.71,0
2024-11-20,2024-11-20 12:01:00,1740.53,1740.54,1740.53,1740.54,0.0,31.37,54338.71,1
2024-11-20,2024-11-20 12:02:00,1740.54,1740.55,1740.54,1740.55,0.0,31.37,54338.71,1
2024-11-20,2024-11-20 12:03:00,1740.55,1740.56,1740.55,1740.56,0.0,31.37,54338.71,1
2024-11-20,2024-11-20 12:04:00,1740.56,1740.57,1740.56,1740.57,0.0,31.37,54338.71,1
2024-11-20,2024-11-20 12:05:00,1740.57,1740.58,1740.57,1740.58,0.0,31.37,54338.71,1
2024-11-20,2024-11-20 12:06:00,1740.58,1740.59,1740.58,1740.59,0.0,31.37,54338.71,1
2024-11-20,2024-11-20 12:07:00,1740.59,1740.6,1740.59,1740.6,0.0,31.37,54338.71,1
2024-11-20,2024-11-20 12:08:00,1740.6,1740.6,1740.6,1740.6,0.0,31.37,54338.71,0
2024-11-20,2024-11-20 12:09:00,1740.6,1740.61,1740.6,1740.61,0.0,31.37,54338.71,1
2024-11-20,2024-11-20 12:10:00,1740.61,1740.62,1740.61,1740.62,0.0,31.37,54338.71,1
2024-11-20,2024-11-20 12:11:00,1740.62,1740.63,1740.62,1740.63,0.0,31.37,54338.71,1
2024-11-20,2024-11-20 12:12:00,1740.63,1740.64,1740.63,1740.64,0.0,31.37,54338.71,1
2024-11-20,2024-11-20 12:13:00,1740.64,1740.65,1740.64,1740.65,0.0,31.37,54338.71,1
2024-11-20,2024-11-20 12:14:00,1740.65,1740.66,1740.65,1740.66,0.0,31.37,54338.71,1
2024-11-20,2024-11-20 12:15:00,1740.66,1740.66,1740.66,1740.66,0.0,31.37,54338.71,0
2024-11-20,2024-11-20 12:16:00,1740.66,1740.67,1740.66,1740.67,0.0,31.37,54338.71,1
2024-11-20,2024-11-20 12:17:00,1740.67,1740.68,1740.67,1740.68,0.0,31.37,54338.71,1
2024-11-20,2024-11-20 12:18:00,1740.68,1740.69,1740.68,1740.69,0.0,31.37,54338.71,1
2024-11-20,2024-11-20 12:19:00,1740.69,1740.7,1740.69,1740.7,0.0,31.37,54338.71,1
2024-11-20,2024-11-20 12:20:00,1740.7,1740.71,1740.7,1740.71,0.0,31.37,54338.71,1
2024-11-20,2024-11-20 12:21:00,1740.71,1740.72,1740.71,1740.72,0.0,31.37,54338.71,1
2024-11-20,2024-11-20 12:22:00,1740.72,1740.73,1740.72,1740.73,0.0,31.37,54338.71,1
2024-11-20,2024-11-20 12:23:00,1740.73,1740.73,1740.73,1740.73,0.0,31.37,54338.71,0
2024-11-20,2024-11-20 12:24:00,1740.73,1740.74,1740.73,1740.74,0.0,31.37,54338.71,1
2024-11-20,2024-11-20 12:25:00,1740.74,1740.75,1740.74,1740.75,0.0,31.37,54338.71,1
2024-11-20,2024-11-20 12:26:00,1740.75,1740.76,1740.75,1740.76,0.0,31.37,54338.71,1
2024-11-20,2024-11-20 12:27:00,1740.76,1740.77,1740.76,1740.77,0.0,31.37,54338.71,1
2024-11-20,2024-11-20 12:28:00,1740.77,1740.78,1740.77,1740.78,0.0,31.37,54338.71,1
2024-11-20,2024-11-20 12:29:00,1740.78,1740.79,1740.78,1740.79,0.0,31.37,54338.71,1
2024-11-20,2024-11-20 12:30:00,1740.79,1740.8,1740.79,1740.8,0.0,31.37,54338.71,1
2024-11-20,2024-11-20 12:31:00,1740.8,1740.81,1740.8,1740.81,0.0,31.37,54338.71,1
2024-11-20,2024-11-20 12:32:00,1740.81,1740.81,1740.81,1740.81,0.0,31.37,54338.71,0
2024-11-20,2024-11-20 12:33:00,1740.81,1740.82,1740.81,1740.82,0.0,31.37,54338.71,1
2024-11-20,2024-11-20 12:34:00,1740.82,1740.83,1740.82,1740.83,0.0,31.37,54338.71,1
2024-11-20,2024-11-20 12:35:00,1740.83,1740.84,1740.83,1740.84,0.0,31.37,54338.71,1
2024-11-20,2024-11-20 12:36:00,1740.84,1740.85,1740.84,1740.85,0.0,31.37,54338.71,1
2024-11-20,2024-11-20 12:37:00,1740.85,1740.86,1740.85,1740.86,0.0,31.37,54338.71,1
2024-11-20,2024-11-20 12:38:00,1740.86,1740.87,1740.86,1740.87,0.0,31.37,54338.71,1
2024-11-20,2024-11-20 12:39:00,1740.87,1740.88,1740.87,1740.88,0.0,31.37,54338.71,1
2024-11-20,2024-11-20 12:40:00,1740.88,1740.88,1740.88,1740.88,0.0,31.37,54338.71,0
2024-11-20,2024-11-20 12:41:00,1740.88,1740.89,1740.88,1740.89,0.0,31.37,54338.71,1
2024-11-20,2024-11-20 12:42:00,1740.89,1740.9,1740.89,1740.9,0.0,31.37,54338.71,1
2024-11-20,2024-11-20 12:43:00,1740.9,1740.91,1740.9,1740.91,0.0,31.37,54338.71,1
2024-11-20,2024-11-20 12:44:00,1740.91,1740.92,1740.91,1740.92,0.0,31.37,54338.71,1
2024-11-20,2024-11-20 12:45:00,1740.92,1740.93,1740.92,1740.93,0.0,31.37,54338.71,1
2024-11-20,2024-11-20 12:46:00,1740.93,1740.94,1740.93,1740.94,0.0,31.37,54338.71,1
2024-11-20,2024-11-20 12:47:00,1740.94,1740.94,1740.94,1740.94,0.0,31.37,54338.71,0
2024-11-20,2024-11-20 12:48:00,1740.94,1740.95,1740.94,1740.95,0.0,31.37,54338.71,1
2024-11-20,2024-11-20 12:49:00,1740.95,1740.96,1740.95,1740.96,0.0,31.37,54338.71,1
2024-11-20,2024-11-20 12:50:00,1740.96,1740.97,1740.96,1740.97,0.0,31.37,54338.71,1
2024-11-20,2024-11-20 12:51:00,1740.97,1740.98,1740.97,1740.98,0.0,31.37,54338.71,1
2024-11-20,2024-11-20 12:52:00,1740.98,1740.99,1740.98,1740.99,0.0,31.37,54338.71,1
2024-11-20,2024-11-20 12:53:00,1740.99,1741.0,1740.99,1741.0,0.0,31.37,54338.71,1
2024-11-20,2024-11-20 12:54:00,1741.0,1741.01,1741.0,1741.01,0.0,31.37,54338.71,1
2024-11-20,2024-11-20 12:55:00,1741.01,1741.01,1741.01,1741.01,0.0,31.37,54338.71,0
2024-11-20,2024-11-20 12:56:00,1741.01,1741.02,1741.01,1741.02,0.0,31.37,54338.71,1
2024-11-20,2024-11-20 12:57:00,1741.02,1741.03,1741.02,1741.03,0.0,31.37,54338.71,1
2024-11-20,2024-11-20 12:58:00,1741.03,1741.04,1741.03,1741.04,0.0,31.37,54338.71,1
2024-11-20,2024-11-20 12:59:00,1741.04,1741.05,1741.04,1741.05,0.0,31.37,54338.71,1
2024-11-20,2024-11-20 13:00:00,1741.05,1800.0,1706.0,1741.06,0.0,31.37,54338.71,1
2024-11-20,2024-11-20 13:01:00,1741.06,1741.07,1741.06,1741.07,0.0,31.37,54338.71,1
2024-11-20,2024-11-20 13:02:00,1741.07,1741.08,1741.07,1741.08,0.0,31.37,54338.71,1
2024-11-20,2024-11-20 13:03:00,1741.08,1741.09,1741.08,1741.09,0.0,31.37,54338.71,1
2024-11-20,2024-11-20 13:04:00,1741.09,1741.09,1741.09,1741.09,0.0,31.37,54338.71,0
2024-11-20,2024-11-20 13:05:00,1741.09,1741.1,1741.09,1741.1,0.0,31.37,54338.71,1
2024-11-20,2024-11-20 13:06:00,1741.1,1741.11,1741.1,1741.11,0.0,31.37,54338.71,1
2024-11-20,2024-11-20 13:07:00,1741.11,1741.12,1741.11,1741.12,0.0,31.37,54338.71,1
2024-11-20,2024-11-20 13:08:00,1741.12,1741.13,1741.12,1741.13,0.0,31.37,54338.71,1
2024-11-20,2024-11-20 13:09:00,1741.13,1741.14,1741.13,1741.14,0.0,31.37,54338.71,1
2024-11-20,2024-11-20 13:10:00,1741.14,1741.15,1741.14,1741.15,0.0,31.37,54338.71,1
2024-11-20,2024-11-20 13:11:00,1741.15,1741.15,1741.15,1741.15,0.0,31.37,54338.71,0
2024-11-20,2024-11-20 13:12:00,1741.15,1741.16,1741.15,1741.16,0.0,31.37,54338.71,1
2024-11-20,2024-11-20 13:13:00,1741.16,1741.17,1741.16,1741.17,0.0,31.37,54338.71,1
2024-11-20,2024-11-20 13:14:00,1741.17,1741.18,1741.17,1741.18,0.0,31.37,54338.71,1
2024-11-20,2024-11-20 13:15:00,1741.18,1741.19,1741.18,1741.19,0.0,31.37,54338.71,1
2024-11-20,2024-11-20 13:16:00,1741.19,1741.2,1741.19,1741.2,0.0,31.37,54338.71,1
2024-11-20,2024-11-20 13:17:00,1741.2,1741.21,1741.2,1741.21,0.0,31.37,54338.71,1
2024-11-20,2024-11-20 13:18:00,1741.21,1741.22,1741.21,1741.22,0.0,31.37,54338.71,1
2024-11-20,2024-11-20 13:19:00,1741.22,1741.22,1741.22,1741.22,0.0,31.37,54338.71,0
2024-11-20,2024-11-20 13:20:00,1741.22,1741.23,1741.22,1741.23,0.0,31.37,54338.71,1
2024-11-20,2024-11-20 13:21:00,1741.23,1741.24,1741.23,1741.24,0.0,31.37,54338.71,1
2024-11-20,2024-11-20 13:22:00,1741.24,1741.25,1741.24,1741.25,0.0,31.37,54338.71,1
2024-11-20,2024-11-20 13:23:00,1741.25,1741.26,1741.25,1741.26,0.0,31.37,54338.71,1
2024-11-20,2024-11-20 13:24:00,1741.26,1741.27,1741.26,1741.27,0.0,31.37,54338.71,1
2024-11-20,2024-11-20 13:25:00,1741.27,1741.28,1741.27,1741.28,0.0,31.37,54338.71,1
2024-11-20,2024-11-20 13:26:00,1741.28,1741.29,1741.28,1741.29,0.0,31.37,54338.71,1
2024-11-20,2024-11-20 13:27:00,1741.29,1741.29,1741.29,1741.29,0.0,31.37,54338.71,0
2024-11-20,2024-11-20 13:28:00,1741.29,1741.3,1741.29,1741.3,0.0,31.37,54338.71,1
2024-11-20,2024-11-20 13:29:00,1741.3,1741.31,1741.3,1741.31,0.0,31.37,54338.71,1
2024-11-20,2024-11-20 13:30:00,1741.31,1741.32,1741.31,1741.32,0.0,31.37,54338.71,1
2024-11-20,2024-11-20 13:31:00,1741.32,1741.33,1741.32,1741.33,0.0,31.37,54338.71,1
2024-11-20,2024-11-20 13:32:00,1741.33,1741.34,1741.33,1741.34,0.0,31.37,54338.71,1
2024-11-20,2024-11-20 13:33:00,1741.34,1741.35,1741.34,1741.35,0.0,31.37,54338.71,1
2024-11-20,2024-11-20 13:34:00,1741.35,1741.36,1741.35,1741.36,0.0,31.37,54338.71,1
2024-11-20,2024-11-20 13:35:00,1741.36,1741.37,1741.36,1741.37,0.0,31.37,54338.71,1
2024-11-20,2024-11-20 13:36:00,1741.37,1741.37,1741.37,1741.37,0.0,31.37,54338.71,0
2024-11-20,2024-11-20 13:37:00,1741.37,1741.38,1741.37,1741.38,0.0,31.37,54338.71,1
2024-11-20,2024-11-20 13:38:00,1741.38,1741.39,1741.38,1741.39,0.0,31.37,54338.71,1
2024-11-20,2024-11-20 13:39:00,1741.39,1741.4,1741.39,1741.4,0.0,31.37,54338.71,1
2024-11-20,2024-11-20 13:40:00,1741.4,1741.41,1741.4,1741.41,0.0,31.37,54338.71,1
2024-11-20,2024-11-20 13:41:00,1741.41,1741.42,1741.41,1741.42,0.0,31.37,54338.71,1
2024-11-20,2024-11-20 13:42:00,1741.42,1741.43,1741.42,1741.43,0.0,31.37,54338.71,1
2024-11-20,2024-11-20 13:43:00,1741.43,1741.43,1741.43,1741.43,0.0,31.37,54338.71,0
2024-11-20,2024-11-20 13:44:00,1741.43,1741.44,1741.43,1741.44,0.0,31.37,54338.71,1
2024-11-20,2024-11-20 13:45:00,1741.44,1741.45,1741.44,1741.45,0.0,31.37,54338.71,1
2024-11-20,2024-11-20 13:46:00,1741.45,1741.46,1741.45,1741.46,0.0,31.37,54338.71,1
2024-11-20,2024-11-20 13:47:00,1741.46,1741.47,1741.46,1741.47,0.0,31.37,54338.71,1
2024-11-20,2024-11-20 13:48:00,1741.47,1741.48,1741.47,1741.48,0.0,31.37,54338.71,1
2024-11-20,2024-11-20 13:49:00,1741.48,1741.49,1741.48,1741.49,0.0,31.37,54338.71,1
2024-11-20,2024-11-20 13:50:00,1741.49,1741.5,1741.49,1741.5,0.0,31.37,54338.71,1
2024-11-20,2024-11-20 13:51:00,1741.5,1741.5,1741.5,1741.5,0.0,31.37,54338.71,0
2024-11-20,2024-11-20 13:52:00,1741.5,1741.51,1741.5,1741.51,0.0,31.37,54338.71,1
2024-11-20,2024-11-20 13:53:00,1741.51,1741.52,1741.51,1741.52,0.0,31.37,54338.71,1
2024-11-20,2024-11-20 13:54:00,1741.52,1741.53,1741.52,1741.53,0.0,31.37,54338.71,1
2024-11-20,2024-11-20 13:55:00,1741.53,1741.54,1741.53,1741.54,0.0,31.37,54338.71,1
2024-11-20,2024-11-20 13:56:00,1741.54,1741.55,1741.54,1741.55,0.0,31.37,54338.71,1
2024-11-20,2024-11-20 13:57:00,1741.55,1741.56,1741.55,1741.56,0.0,31.37,54338.71,1
2024-11-20,2024-11-20 13:58:00,1741.56,1741.57,1741.56,1741.57,0.0,31.37,54338.71,1
2024-11-20,2024-11-20 13:59:00,1741.57,1741.57,1741.57,1741.57,0.0,31.37,54338.71,0
2024-11-20,2024-11-20 14:00:00,1741.57,1741.58,1741.57,1741.58,0.0,31.37,54338.71,1
2024-11-20,2024-11-20 14:01:00,1741.58,1741.59,1741.58,1741.59,0.0,31.37,54338.71,1
2024-11-20,2024-11-20 14:02:00,1741.59,1741.6,1741.59,1741.6,0.0,31.37,54338.71,1
2024-11-20,2024-11-20 14:03:00,1741.6,1741.61,1741.6,1741.61,0.0,31.37,54338.71,1
2024-11-20,2024-11-20 14:04:00,1741.61,1741.62,1741.61,1741.62,0.0,31.37,54338.71,1
2024-11-20,2024-11-20 14:05:00,1741.62,1741.63,1741.62,1741.63,0.0,31.37,54338.71,1
2024-11-20,2024-11-20 14:06:00,1741.63,1741.64,1741.63,1741.64,0.0,31.37,54338.71,1
2024-11-20,2024-11-20 14:07:00,1741.64,1741.64,1741.64,1741.64,0.0,31.37,54338.71,0
2024-11-20,2024-11-20 14:08:00,1741.64,1741.65,1741.64,1741.65,0.0,31.37,54338.71,1
2024-11-20,2024-11-20 14:09:00,1741.65,1741.66,1741.65,1741.66,0.0,31.37,54338.71,1
2024-11-20,2024-11-20 14:10:00,1741.66,1741.67,1741.66,1741.67,0.0,31.37,54338.71,1
2024-11-20,2024-11-20 14:11:00,1741.67,1741.68,1741.67,1741.68,0.0,31.37,54338.71,1
2024-11-20,2024-11-20 14:12:00,1741.68,1741.69,1741.68,1741.69,0.0,31.37,54338.71,1
2024-11-20,2024-11-20 14:13:00,1741.69,1741.7,1741.69,1741.7,0.0,31.37,54338.71,1
2024-11-20,2024-11-20 14:14:00,1741.7,1741.71,1741.7,1741.71,0.0,31.37,54338.71,1
2024-11-20,2024-11-20 14:15:00,1741.71,1741.71,1741.71,1741.71,0.0,31.37,54338.71,0
2024-11-20,2024-11-20 14:16:00,1741.71,1741.72,1741.71,1741.72,0.0,31.37,54338.71,1
2024-11-20,2024-11-20 14:17:00,1741.72,1741.73,1741.72,1741.73,0.0,31.37,54338.71,1
2024-11-20,2024-11-20 14:18:00,1741.73,1741.74,1741.73,1741.74,0.0,31.37,54338.71,1
2024-11-20,2024-11-20 14:19:00,1741.74,1741.75,1741.74,1741.75,0.0,31.37,54338.71,1
2024-11-20,2024-11-20 14:20:00,1741.75,1741.76,1741.75,1741.76,0.0,31.37,54338.71,1
2024-11-20,2024-11-20 14:21:00,1741.76,1741.77,1741.76,1741.77,0.0,31.37,54338.71,1
2024-11-20,2024-11-20 14:22:00,1741.77,1741.78,1741.77,1741.78,0.0,31.37,54338.71,1
2024-11-20,2024-11-20 14:23:00,1741.78,1741.78,1741.78,1741.78,0.0,31.37,54338.71,0
2024-11-20,2024-11-20 14:24:00,1741.78,1741.79,1741.78,1741.79,0.0,31.37,54338.71,1
2024-11-20,2024-11-20 14:25:00,1741.79,1741.8,1741.79,1741.8,0.0,31.37,54338.71,1
2024-11-20,2024-11-20 14:26:00,1741.8,1741.81,1741.8,1741.81,0.0,31.37,54338.71,1
2024-11-20,2024-11-20 14:27:00,1741.81,1741.82,1741.81,1741.82,0.0,31.37,54338.71,1
2024-11-20,2024-11-20 14:28:00,1741.82,1741.83,1741.82,1741.83,0.0,31.37,54338.71,1
2024-11-20,2024-11-20 14:29:00,1741.83,1741.84,1741.83,1741.84,0.0,31.37,54338.71,1
2024-11-20,2024-11-20 14:30:00,1741.84,1741.85,1741.84,1741.85,0.0,31.37,54338.71,1
2024-11-20,2024-11-20 14:31:00,1741.85,1741.86,1741.85,1741.86,0.0,31.37,54338.71,1
2024-11-20,2024-11-20 14:32:00,1741.86,1741.86,1741.86,1741.86,0.0,31.37,54338.71,0
2024-11-20,2024-11-20 14:33:00,1741.86,1741.87,1741.86,1741.87,0.0,31.37,54338.71,1
2024-11-20,2024-11-20 14:34:00,1741.87,1741.88,1741.87,1741.88,0.0,31.37,54338.71,1
2024-11-20,2024-11-20 14:35:00,1741.88,1741.89,1741.88,1741.89,0.0,31.37,54338.71,1
2024-11-20,2024-11-20 14:36:00,1741.89,1741.9,1741.89,1741.9,0.0,31.37,54338.71,1
2024-11-20,2024-11-20 14:37:00,1741.9,1741.91,1741.9,1741.91,0.0,31.37,54338.71,1
2024-11-20,2024-11-20 14:38:00,1741.91,1741.92,1741.91,1741.92,0.0,31.37,54338.71,1
2024-11-20,2024-11-20 14:39:00,1741.92,1741.92,1741.92,1741.92,0.0,31.37,54338.71,0
2024-11-20,2024-11-20 14:40:00,1741.92,1741.93,1741.92,1741.93,0.0,31.37,54338.71,1
2024-11-20,2024-11-20 14:41:00,1741.93,1741.94,1741.93,1741.94,0.0,31.37,54338.71,1
2024-11-20,2024-11-20 14:42:00,1741.94,1741.95,1741.94,1741.95,0.0,31.37,54338.71,1
2024-11-20,2024-11-20 14:43:00,1741.95,1741.96,1741.95,1741.96,0.0,31.37,54338.71,1
2024-11-20,2024-11-20 14:44:00,1741.96,1741.97,1741.96,1741.97,0.0,31.37,54338.71,1
2024-11-20,2024-11-20 14:45:00,1741.97,1741.98,1741.97,1741.98,0.0,31.37,54338.71,1
2024-11-20,2024-11-20 14:46:00,1741.98,1741.99,1741.98,1741.99,0.0,31.37,54338.71,1
2024-11-20,2024-11-20 14:47:00,1741.99,1741.99,1741.99,1741.99,0.0,31.37,54338.71,0
2024-11-20,2024-11-20 14:48:00,1741.99,1742.0,1741.99,1742.0,0.0,31.37,54338.71,1
2024-11-20,2024-11-20 14:49:00,1742.0,1742.01,1742.0,1742.01,0.0,31.37,54338.71,1
2024-11-20,2024-11-20 14:50:00,1742.01,1742.02,1742.01,1742.02,0.0,31.37,54338.71,1
2024-11-20,2024-11-20 14:51:00,1742.02,1742.03,1742.02,1742.03,0.0,31.37,54338.71,1
2024-11-20,2024-11-20 14:52:00,1742.03,1742.04,1742.03,1742.04,0.0,31.37,54338.71,1
2024-11-20,2024-11-20 14:53:00,1742.04,1742.05,1742.04,1742.05,0.0,31.37,54338.71,1
2024-11-20,2024-11-20 14:54:00,1742.05,1742.06,1742.05,1742.06,0.0,31.37,54338.71,1
2024-11-20,2024-11-20 14:55:00,1742.06,1742.06,1742.06,1742.06,0.0,31.37,54338.71,0
2024-11-20,2024-11-20 14:56:00,1742.06,1742.07,1742.06,1742.07,0.0,31.37,54338.71,1
2024-11-20,2024-11-20 14:57:00,1742.07,1742.08,1742.07,1742.08,0.0,31.37,54338.71,1
2024-11-20,2024-11-20 14:58:00,1742.08,1742.09,1742.08,1742.09,0.0,31.37,54338.71,1
2024-11-20,2024-11-20 14:59:00,1742.09,1742.1,1742.09,1742.1,0.0,31.37,54338.71,1
2024-11-20,2024-11-20 15:00:00,1742.1,1800.0,1706.0,1742.1,0.0,31.37,54338.71,0
2024-11-21,2024-11-21 11:00:00,1770.0,1777.8,1738.8,1770.08,0.0,85.69,149253.21,1
2024-11-21,2024-11-21 11:01:00,1770.08,1770.17,1770.08,1770.17,0.01,85.69,149253.21,1
2024-11-21,2024-11-21 11:02:00,1770.17,1770.25,1770.17,1770.25,0.0,85.69,149253.21,1
2024-11-21,2024-11-21 11:03:00,1770.25,1770.33,1770.25,1770.33,0.0,85.69,149253.21,1
2024-11-21,2024-11-21 11:04:00,1770.33,1770.42,1770.33,1770.42,0.01,85.69,149253.21,1
2024-11-21,2024-11-21 11:05:00,1770.42,1770.5,1770.42,1770.5,0.0,85.69,149253.21,1
2024-11-21,2024-11-21 11:06:00,1770.5,1770.58,1770.5,1770.58,0.0,85.69,149253.21,1
2024-11-21,2024-11-21 11:07:00,1770.58,1770.67,1770.58,1770.67,0.01,85.69,149253.21,1
2024-11-21,2024-11-21 11:08:00,1770.67,1770.75,1770.67,1770.75,0.0,85.69,149253.21,1
2024-11-21,2024-11-21 11:09:00,1770.75,1770.83,1770.75,1770.83,0.0,85.69,149253.21,1
2024-11-21,2024-11-21 11:10:00,1770.83,1770.92,1770.83,1770.92,0.01,85.69,149253.21,1
2024-11-21,2024-11-21 11:11:00,1770.92,1771.0,1770.92,1771.0,0.0,85.69,149253.21,1
2024-11-21,2024-11-21 11:12:00,1771.0,1771.08,1771.0,1771.08,0.0,85.69,149253.21,1
2024-11-21,2024-11-21 11:13:00,1771.08,1771.17,1771.08,1771.17,0.01,85.69,149253.21,1
2024-11-21,2024-11-21 11:14:00,1771.17,1771.25,1771.17,1771.25,0.0,85.69,149253.21,1
2024-11-21,2024-11-21 11:15:00,1771.25,1771.33,1771.25,1771.33,0.0,85.69,149253.21,1
2024-11-21,2024-11-21 11:16:00,1771.33,1771.42,1771.33,1771.42,0.01,85.69,149253.21,1
2024-11-21,2024-11-21 11:17:00,1771.42,1771.5,1771.42,1771.5,0.0,85.69,149253.21,1
2024-11-21,2024-11-21 11:18:00,1771.5,1771.58,1771.5,1771.58,0.0,85.69,149253.21,1
2024-11-21,2024-11-21 11:19:00,1771.58,1771.67,1771.58,1771.67,0.01,85.69,149253.21,1
2024-11-21,2024-11-21 11:20:00,1771.67,1771.75,1771.67,1771.75,0.0,85.69,149253.21,1
2024-11-21,2024-11-21 11:21:00,1771.75,1771.83,1771.75,1771.83,0.0,85.69,149253.21,1
2024-11-21,2024-11-21 11:22:00,1771.83,1771.92,1771.83,1771.92,0.01,85.69,149253.21,1
2024-11-21,2024-11-21 11:23:00,1771.92,1772.0,1771.92,1772.0,0.0,85.69,149253.21,1
2024-11-21,2024-11-21 11:24:00,1772.0,1772.08,1772.0,1772.08,0.0,85.69,149253.21,1
2024-11-21,2024-11-21 11:25:00,1772.08,1772.17,1772.08,1772.17,0.01,85.69,149253.21,1
2024-11-21,2024-11-21 11:26:00,1772.17,1772.25,1772.17,1772.25,0.0,85.69,149253.21,1
2024-11-21,2024-11-21 11:27:00,1772.25,1772.33,1772.25,1772.33,0.0,85.69,149253.21,1
2024-11-21,2024-11-21 11:28:00,1772.33,1772.42,1772.33,1772.42,0.01,85.69,149253.21,1
2024-11-21,2024-11-21 11:29:00,1772.42,1772.5,1772.42,1772.5,0.0,85.69,149253.21,1
2024-11-21,2024-11-21 11:30:00,1772.5,1772.58,1772.5,1772.58,0.0,85.69,149253.21,1
2024-11-21,2024-11-21 11:31:00,1772.58,1772.67,1772.58,1772.67,0.01,85.69,149253.21,1
2024-11-21,2024-11-21 11:32:00,1772.67,1772.75,1772.67,1772.75,0.0,85.69,149253.21,1
2024-11-21,2024-11-21 11:33:00,1772.75,1772.83,1772.75,1772.83,0.0,85.69,149253.21,1
2024-11-21,2024-11-21 11:34:00,1772.83,1772.92,1772.83,1772.92,0.01,85.69,149253.21,1
2024-11-21,2024-11-21 11:35:00,1772.92,1773.0,1772.92,1773.0,0.0,85.69,149253.21,1
2024-11-21,2024-11-21 11:36:00,1773.0,1773.08,1773.0,1773.08,0.0,85.69,149253.21,1
2024-11-21,2024-11-21 11:37:00,1773.08,1773.17,1773.08,1773.17,0.01,85.69,149253.21,1
2024-11-21,2024-11-21 11:38:00,1773.17,1773.25,1773.17,1773.25,0.0,85.69,149253.21,1
2024-11-21,2024-11-21 11:39:00,1773.25,1773.33,1773.25,1773.33,0.0,85.69,149253.21,1
2024-11-21,2024-11-21 11:40:00,1773.33,1773.42,1773.33,1773.42,0.01,85.69,149253.21,1
2024-11-21,2024-11-21 11:41:00,1773.42,1773.5,1773.42,1773.5,0.0,85.69,149253.21,1
2024-11-21,2024-11-21 11:42:00,1773.5,1773.58,1773.5,1773.58,0.0,85.69,149253.21,1
2024-11-21,2024-11-21 11:43:00,1773.58,1773.67,1773.58,1773.67,0.01,85.69,149253.21,1
2024-11-21,2024-11-21 11:44:00,1773.67,1773.75,1773.67,1773.75,0.0,85.69,149253.21,1
2024-11-21,2024-11-21 11:45:00,1773.75,1773.83,1773.75,1773.83,0.0,85.69,149253.21,1
2024-11-21,2024-11-21 11:46:00,1773.83,1773.92,1773.83,1773.92,0.01,85.69,149253.21,1
2024-11-21,2024-11-21 11:47:00,1773.92,1774.0,1773.92,1774.0,0.0,85.69,149253.21,1
2024-11-21,2024-11-21 11:48:00,1774.0,1774.08,1774.0,1774.08,0.0,85.69,149253.21,1
2024-11-21,2024-11-21 11:49:00,1774.08,1774.17,1774.08,1774.17,0.01,85.69,149253.21,1
2024-11-21,2024-11-21 11:50:00,1774.17,1774.25,1774.17,1774.25,0.0,85.69,149253.21,1
2024-11-21,2024-11-21 11:51:00,1774.25,1774.33,1774.25,1774.33,0.0,85.69,149253.21,1
2024-11-21,2024-11-21 11:52:00,1774.33,1774.42,1774.33,1774.42,0.01,85.69,149253.21,1
2024-11-21,2024-11-21 11:53:00,1774.42,1774.5,1774.42,1774.5,0.0,85.69,149253.21,1
2024-11-21,2024-11-21 11:54:00,1774.5,1774.58,1774.5,1774.58,0.0,85.69,149253.21,1
2024-11-21,2024-11-21 11:55:00,1774.58,1774.67,1774.58,1774.67,0.01,85.69,149253.21,1
2024-11-21,2024-11-21 11:56:00,1774.67,1774.75,1774.67,1774.75,0.0,85.69,149253.21,1
2024-11-21,2024-11-21 11:57:00,1774.75,1774.83,1774.75,1774.83,0.0,85.69,149253.21,1
2024-11-21,2024-11-21 11:58:00,1774.83,1774.92,1774.83,1774.92,0.01,85.69,149253.21,1
2024-11-21,2024-11-21 11:59:00,1774.92,1775.0,1774.92,1775.0,0.0,85.69,149253.21,1
2024-11-21,2024-11-21 12:00:00,1775.0,1775.08,1775.0,1775.08,0.0,85.69,149253.21,1
2024-11-21,2024-11-21 12:01:00,1775.08,1775.17,1775.08,1775.17,0.01,85.69,149253.21,1
2024-11-21,2024-11-21 12:02:00,1775.17,1775.25,1775.17,1775.25,0.0,85.69,149253.21,1
2024-11-21,2024-11-21 12:03:00,1775.25,1775.33,1775.25,1775.33,0.0,85.69,149253.21,1
2024-11-21,2024-11-21 12:04:00,1775.33,1775.42,1775.33,1775.42,0.01,85.69,149253.21,1
2024-11-21,2024-11-21 12:05:00,1775.42,1775.5,1775.42,1775.5,0.0,85.69,149253.21,1
2024-11-21,2024-11-21 12:06:00,1775.5,1775.58,1775.5,1775.58,0.0,85.69,149253.21,1
2024-11-21,2024-11-21 12:07:00,1775.58,1775.67,1775.58,1775.67,0.01,85.69,149253.21,1
2024-11-21,2024-11-21 12:08:00,1775.67,1775.75,1775.67,1775.75,0.0,85.69,149253.21,1
2024-11-21,2024-11-21 12:09:00,1775.75,1775.83,1775.75,1775.83,0.0,85.69,149253.21,1
2024-11-21,2024-11-21 12:10:00,1775.83,1775.92,1775.83,1775.92,0.01,85.69,149253.21,1
2024-11-21,2024-11-21 12:11:00,1775.92,1776.0,1775.92,1776.0,0.0,85.69,149253.21,1
2024-11-21,2024-11-21 12:12:00,1776.0,1776.08,1776.0,1776.08,0.0,85.69,149253.21,1
2024-11-21,2024-11-21 12:13:00,1776.08,1776.17,1776.08,1776.17,0.01,85.69,149253.21,1
2024-11-21,2024-11-21 12:14:00,1776.17,1776.25,1776.17,1776.25,0.0,85.69,149253.21,1
2024-11-21,2024-11-21 12:15:00,1776.25,1776.33,1776.25,1776.33,0.0,85.69,149253.21,1
2024-11-21,2024-11-21 12:16:00,1776.33,1776.42,1776.33,1776.42,0.01,85.69,149253.21,1
2024-11-21,2024-11-21 12:17:00,1776.42,1776.5,1776.42,1776.5,0.0,85.69,149253.21,1
2024-11-21,2024-11-21 12:18:00,1776.5,1776.58,1776.5,1776.58,0.0,85.69,149253.21,1
2024-11-21,2024-11-21 12:19:00,1776.58,1776.67,1776.58,1776.67,0.01,85.69,149253.21,1
2024-11-21,2024-11-21 12:20:00,1776.67,1776.75,1776.67,1776.75,0.0,85.69,149253.21,1
2024-11-21,2024-11-21 12:21:00,1776.75,1776.83,1776.75,1776.83,0.0,85.69,149253.21,1
2024-11-21,2024-11-21 12:22:00,1776.83,1776.92,1776.83,1776.92,0.01,85.69,149253.21,1
2024-11-21,2024-11-21 12:23:00,1776.92,1777.0,1776.92,1777.0,0.0,85.69,149253.21,1
2024-11-21,2024-11-21 12:24:00,1777.0,1777.08,1777.0,1777.08,0.0,85.69,149253.21,1
2024-11-21,2024-11-21 12:25:00,1777.08,1777.17,1777.08,1777.17,0.01,85.69,149253.21,1
2024-11-21,2024-11-21 12:26:00,1777.17,1777.25,1777.17,1777.25,0.0,85.69,149253.21,1
2024-11-21,2024-11-21 12:27:00,1777.25,1777.33,1777.25,1777.33,0.0,85.69,149253.21,1
2024-11-21,2024-11-21 12:28:00,1777.33,1777.42,1777.33,1777.42,0.01,85.69,149253.21,1
2024-11-21,2024-11-21 12:29:00,1777.42,1777.5,1777.42,1777.5,0.0,85.69,149253.21,1
2024-11-21,2024-11-21 12:30:00,1777.5,1777.58,1777.5,1777.58,0.0,85.69,149253.21,1
2024-11-21,2024-11-21 12:31:00,1777.58,1777.67,1777.58,1777.67,0.01,85.69,149253.21,1
2024-11-21,2024-11-21 12:32:00,1777.67,1777.75,1777.67,1777.75,0.0,85.69,149253.21,1
2024-11-21,2024-11-21 12:33:00,1777.75,1777.83,1777.75,1777.83,0.0,85.69,149253.21,1
2024-11-21,2024-11-21 12:34:00,1777.83,1777.92,1777.83,1777.92,0.01,85.69,149253.21,1
2024-11-21,2024-11-21 12:35:00,1777.92,1778.0,1777.92,1778.0,0.0,85.69,149253.21,1
2024-11-21,2024-11-21 12:36:00,1778.0,1778.08,1778.0,1778.08,0.0,85.69,149253.21,1
2024-11-21,2024-11-21 12:37:00,1778.08,1778.17,1778.08,1778.17,0.01,85.69,149253.21,1
2024-11-21,2024-11-21 12:38:00,1778.17,1778.25,1778.17,1778.25,0.0,85.69,149253.21,1
2024-11-21,2024-11-21 12:39:00,1778.25,1778.33,1778.25,1778.33,0.0,85.69,149253.21,1
2024-11-21,2024-11-21 12:40:00,1778.33,1778.42,1778.33,1778.42,0.01,85.69,149253.21,1
2024-11-21,2024-11-21 12:41:00,1778.42,1778.5,1778.42,1778.5,0.0,85.69,149253.21,1
2024-11-21,2024-11-21 12:42:00,1778.5,1778.58,1778.5,1778.58,0.0,85.69,149253.21,1
2024-11-21,2024-11-21 12:43:00,1778.58,1778.67,1778.58,1778.67,0.01,85.69,149253.21,1
2024-11-21,2024-11-21 12:44:00,1778.67,1778.75,1778.67,1778.75,0.0,85.69,149253.21,1
2024-11-21,2024-11-21 12:45:00,1778.75,1778.83,1778.75,1778.83,0.0,85.69,149253.21,1
2024-11-21,2024-11-21 12:46:00,1778.83,1778.92,1778.83,1778.92,0.01,85.69,149253.21,1
2024-11-21,2024-11-21 12:47:00,1778.92,1779.0,1778.92,1779.0,0.0,85.69,149253.21,1
2024-11-21,2024-11-21 12:48:00,1779.0,1779.08,1779.0,1779.08,0.0,85.69,149253.21,1
2024-11-21,2024-11-21 12:49:00,1779.08,1779.17,1779.08,1779.17,0.01,85.69,149253.21,1
2024-11-21,2024-11-21 12:50:00,1779.17,1779.25,1779.17,1779.25,0.0,85.69,149253.21,1
2024-11-21,2024-11-21 12:51:00,1779.25,1779.33,1779.25,1779.33,0.0,85.69,149253.21,1
2024-11-21,2024-11-21 12:52:00,1779.33,1779.42,1779.33,1779.42,0.01,85.69,149253.21,1
2024-11-21,2024-11-21 12:53:00,1779.42,1779.5,1779.42,1779.5,0.0,85.69,149253.21,1
2024-11-21,2024-11-21 12:54:00,1779.5,1779.58,1779.5,1779.58,0.0,85.69,149253.21,1
2024-11-21,2024-11-21 12:55:00,1779.58,1779.67,1779.58,1779.67,0.01,85.69,149253.21,1
2024-11-21,2024-11-21 12:56:00,1779.67,1779.75,1779.67,1779.75,0.0,85.69,149253.21,1
2024-11-21,2024-11-21 12:57:00,1779.75,1779.83,1779.75,1779.83,0.0,85.69,149253.21,1
2024-11-21,2024-11-21 12:58:00,1779.83,1779.92,1779.83,1779.92,0.01,85.69,149253.21,1
2024-11-21,2024-11-21 12:59:00,1779.92,1780.0,1779.92,1780.0,0.0,85.69,149253.21,1
2024-11-21,2024-11-21 13:00:00,1780.0,1796.0,1666.0,1780.08,0.0,85.69,149253.21,1
2024-11-21,2024-11-21 13:01:00,1780.08,1780.17,1780.08,1780.17,0.01,85.69,149253.21,1
2024-11-21,2024-11-21 13:02:00,1780.17,1780.25,1780.17,1780.25,0.0,85.69,149253.21,1
2024-11-21,2024-11-21 13:03:00,1780.25,1780.33,1780.25,1780.33,0.0,85.69,149253.21,1
2024-11-21,2024-11-21 13:04:00,1780.33,1780.42,1780.33,1780.42,0.01,85.69,149253.21,1
2024-11-21,2024-11-21 13:05:00,1780.42,1780.5,1780.42,1780.5,0.0,85.69,149253.21,1
2024-11-21,2024-11-21 13:06:00,1780.5,1780.58,1780.5,1780.58,0.0,85.69,149253.21,1
2024-11-21,2024-11-21 13:07:00,1780.58,1780.67,1780.58,1780.67,0.01,85.69,149253.21,1
2024-11-21,2024-11-21 13:08:00,1780.67,1780.75,1780.67,1780.75,0.0,85.69,149253.21,1
2024-11-21,2024-11-21 13:09:00,1780.75,1780.83,1780.75,1780.83,0.0,85.69,149253.21,1
2024-11-21,2024-11-21 13:10:00,1780.83,1780.92,1780.83,1780.92,0.01,85.69,149253.21,1
2024-11-21,2024-11-21 13:11:00,1780.92,1781.0,1780.92,1781.0,0.0,85.69,149253.21,1
2024-11-21,2024-11-21 13:12:00,1781.0,1781.08,1781.0,1781.08,0.0,85.69,149253.21,1
2024-11-21,2024-11-21 13:13:00,1781.08,1781.17,1781.08,1781.17,0.01,85.69,149253.21,1
2024-11-21,2024-11-21 13:14:00,1781.17,1781.25,1781.17,1781.25,0.0,85.69,149253.21,1
2024-11-21,2024-11-21 13:15:00,1781.25,1781.33,1781.25,1781.33,0.0,85.69,149253.21,1
2024-11-21,2024-11-21 13:16:00,1781.33,1781.42,1781.33,1781.42,0.01,85.69,149253.21,1
2024-11-21,2024-11-21 13:17:00,1781.42,1781.5,1781.42,1781.5,0.0,85.69,149253.21,1
2024-11-21,2024-11-21 13:18:00,1781.5,1781.58,1781.5,1781.58,0.0,85.69,149253.21,1
2024-11-21,2024-11-21 13:19:00,1781.58,1781.67,1781.58,1781.67,0.01,85.69,149253.21,1
2024-11-21,2024-11-21 13:20:00,1781.67,1781.75,1781.67,1781.75,0.0,85.69,149253.21,1
2024-11-21,2024-11-21 13:21:00,1781.75,1781.83,1781.75,1781.83,0.0,85.69,149253.21,1
2024-11-21,2024-11-21 13:22:00,1781.83,1781.92,1781.83,1781.92,0.01,85.69,149253.21,1
2024-11-21,2024-11-21 13:23:00,1781.92,1782.0,1781.92,1782.0,0.0,85.69,149253.21,1
2024-11-21,2024-11-21 13:24:00,1782.0,1782.08,1782.0,1782.08,0.0,85.69,149253.21,1
2024-11-21,2024-11-21 13:25:00,1782.08,1782.17,1782.08,1782.17,0.01,85.69,149253.21,1
2024-11-21,2024-11-21 13:26:00,1782.17,1782.25,1782.17,1782.25,0.0,85.69,149253.21,1
2024-11-21,2024-11-21 13:27:00,1782.25,1782.33,1782.25,1782.33,0.0,85.69,149253.21,1
2024-11-21,2024-11-21 13:28:00,1782.33,1782.42,1782.33,1782.42,0.01,85.69,149253.21,1
2024-11-21,2024-11-21 13:29:00,1782.42,1782.5,1782.42,1782.5,0.0,85.69,149253.21,1
2024-11-21,2024-11-21 13:30:00,1782.5,1782.58,1782.5,1782.58,0.0,85.69,149253.21,1
2024-11-21,2024-11-21 13:31:00,1782.58,1782.67,1782.58,1782.67,0.01,85.69,149253.21,1
2024-11-21,2024-11-21 13:32:00,1782.67,1782.75,1782.67,1782.75,0.0,85.69,149253.21,1
2024-11-21,2024-11-21 13:33:00,1782.75,1782.83,1782.75,1782.83,0.0,85.69,149253.21,1
2024-11-21,2024-11-21 13:34:00,1782.83,1782.92,1782.83,1782.92,0.01,85.69,149253.21,1
2024-11-21,2024-11-21 13:35:00,1782.92,1783.0,1782.92,1783.0,0.0,85.69,149253.21,1
2024-11-21,2024-11-21 13:36:00,1783.0,1783.08,1783.0,1783.08,0.0,85.69,149253.21,1
2024-11-21,2024-11-21 13:37:00,1783.08,1783.17,1783.08,1783.17,0.01,85.69,149253.21,1
2024-11-21,2024-11-21 13:38:00,1783.17,1783.25,1783.17,1783.25,0.0,85.69,149253.21,1
2024-11-21,2024-11-21 13:39:00,1783.25,1783.33,1783.25,1783.33,0.0,85.69,149253.21,1
2024-11-21,2024-11-21 13:40:00,1783.33,1783.42,1783.33,1783.42,0.01,85.69,149253.21,1
2024-11-21,2024-11-21 13:41:00,1783.42,1783.5,1783.42,1783.5,0.0,85.69,149253.21,1
2024-11-21,2024-11-21 13:42:00,1783.5,1783.58,1783.5,1783.58,0.0,85.69,149253.21,1
2024-11-21,2024-11-21 13:43:00,1783.58,1783.67,1783.58,1783.67,0.01,85.69,149253.21,1
2024-11-21,2024-11-21 13:44:00,1783.67,1783.75,1783.67,1783.75,0.0,85.69,149253.21,1
2024-11-21,2024-11-21 13:45:00,1783.75,1783.83,1783.75,1783.83,0.0,85.69,149253.21,1
2024-11-21,2024-11-21 13:46:00,1783.83,1783.92,1783.83,1783.92,0.01,85.69,149253.21,1
2024-11-21,2024-11-21 13:47:00,1783.92,1784.0,1783.92,1784.0,0.0,85.69,149253.21,1
2024-11-21,2024-11-21 13:48:00,1784.0,1784.08,1784.0,1784.08,0.0,85.69,149253.21,1
2024-11-21,2024-11-21 13:49:00,1784.08,1784.17,1784.08,1784.17,0.01,85.69,149253.21,1
2024-11-21,2024-11-21 13:50:00,1784.17,1784.25,1784.17,1784.25,0.0,85.69,149253.21,1
2024-11-21,2024-11-21 13:51:00,1784.25,1784.33,1784.25,1784.33,0.0,85.69,149253.21,1
2024-11-21,2024-11-21 13:52:00,1784.33,1784.42,1784.33,1784.42,0.01,85.69,149253.21,1
2024-11-21,2024-11-21 13:53:00,1784.42,1784.5,1784.42,1784.5,0.0,85.69,149253.21,1
2024-11-21,2024-11-21 13:54:00,1784.5,1784.58,1784.5,1784.58,0.0,85.69,149253.21,1
2024-11-21,2024-11-21 13:55:00,1784.58,1784.67,1784.58,1784.67,0.01,85.69,149253.21,1
2024-11-21,2024-11-21 13:56:00,1784.67,1784.75,1784.67,1784.75,0.0,85.69,149253.21,1
2024-11-21,2024-11-21 13:57:00,1784.75,1784.83,1784.75,1784.83,0.0,85.69,149253.21,1
2024-11-21,2024-11-21 13:58:00,1784.83,1784.92,1784.83,1784.92,0.01,85.69,149253.21,1
2024-11-21,2024-11-21 13:59:00,1784.92,1785.0,1784.92,1785.0,0.0,85.69,149253.21,1
2024-11-21,2024-11-21 14:00:00,1785.0,1785.08,1785.0,1785.08,0.0,85.69,149253.21,1
2024-11-21,2024-11-21 14:01:00,1785.08,1785.17,1785.08,1785.17,0.01,85.69,149253.21,1
2024-11-21,2024-11-21 14:02:00,1785.17,1785.25,1785.17,1785.25,0.0,85.69,149253.21,1
2024-11-21,2024-11-21 14:03:00,1785.25,1785.33,1785.25,1785.33,0.0,85.69,149253.21,1
2024-11-21,2024-11-21 14:04:00,1785.33,1785.42,1785.33,1785.42,0.01,85.69,149253.21,1
2024-11-21,2024-11-21 14:05:00,1785.42,1785.5,1785.42,1785.5,0.0,85.69,149253.21,1
2024-11-21,2024-11-21 14:06:00,1785.5,1785.58,1785.5,1785.58,0.0,85.69,149253.21,1
2024-11-21,2024-11-21 14:07:00,1785.58,1785.67,1785.58,1785.67,0.01,85.69,149253.21,1
2024-11-21,2024-11-21 14:08:00,1785.67,1785.75,1785.67,1785.75,0.0,85.69,149253.21,1
2024-11-21,2024-11-21 14:09:00,1785.75,1785.83,1785.75,1785.83,0.0,85.69,149253.21,1
2024-11-21,2024-11-21 14:10:00,1785.83,1785.92,1785.83,1785.92,0.01,85.69,149253.21,1
2024-11-21,2024-11-21 14:11:00,1785.92,1786.0,1785.92,1786.0,0.0,85.69,149253.21,1
2024-11-21,2024-11-21 14:12:00,1786.0,1786.08,1786.0,1786.08,0.0,85.69,149253.21,1
2024-11-21,2024-11-21 14:13:00,1786.08,1786.17,1786.08,1786.17,0.01,85.69,149253.21,1
2024-11-21,2024-11-21 14:14:00,1786.17,1786.25,1786.17,1786.25,0.0,85.69,149253.21,1
2024-11-21,2024-11-21 14:15:00,1786.25,1786.33,1786.25,1786.33,0.0,85.69,149253.21,1
2024-11-21,2024-11-21 14:16:00,1786.33,1786.42,1786.33,1786.42,0.01,85.69,149253.21,1
2024-11-21,2024-11-21 14:17:00,1786.42,1786.5,1786.42,1786.5,0.0,85.69,149253.21,1
2024-11-21,2024-11-21 14:18:00,1786.5,1786.58,1786.5,1786.58,0.0,85.69,149253.21,1
2024-11-21,2024-11-21 14:19:00,1786.58,1786.67,1786.58,1786.67,0.01,85.69,149253.21,1
2024-11-21,2024-11-21 14:20:00,1786.67,1786.75,1786.67,1786.75,0.0,85.69,149253.21,1
2024-11-21,2024-11-21 14:21:00,1786.75,1786.83,1786.75,1786.83,0.0,85.69,149253.21,1
2024-11-21,2024-11-21 14:22:00,1786.83,1786.92,1786.83,1786.92,0.01,85.69,149253.21,1
2024-11-21,2024-11-21 14:23:00,1786.92,1787.0,1786.92,1787.0,0.0,85.69,149253.21,1
2024-11-21,2024-11-21 14:24:00,1787.0,1787.08,1787.0,1787.08,0.0,85.69,149253.21,1
2024-11-21,2024-11-21 14:25:00,1787.08,1787.17,1787.08,1787.17,0.01,85.69,149253.21,1
2024-11-21,2024-11-21 14:26:00,1787.17,1787.25,1787.17,1787.25,0.0,85.69,149253.21,1
2024-11-21,2024-11-21 14:27:00,1787.25,1787.33,1787.25,1787.33,0.0,85.69,149253.21,1
2024-11-21,2024-11-21 14:28:00,1787.33,1787.42,1787.33,1787.42,0.01,85.69,149253.21,1
2024-11-21,2024-11-21 14:29:00,1787.42,1787.5,1787.42,1787.5,0.0,85.69,149253.21,1
2024-11-21,2024-11-21 14:30:00,1787.5,1787.58,1787.5,1787.58,0.0,85.69,149253.21,1
2024-11-21,2024-11-21 14:31:00,1787.58,1787.67,1787.58,1787.67,0.01,85.69,149253.21,1
2024-11-21,2024-11-21 14:32:00,1787.67,1787.75,1787.67,1787.75,0.0,85.69,149253.21,1
2024-11-21,2024-11-21 14:33:00,1787.75,1787.83,1787.75,1787.83,0.0,85.69,149253.21,1
2024-11-21,2024-11-21 14:34:00,1787.83,1787.92,1787.83,1787.92,0.01,85.69,149253.21,1
2024-11-21,2024-11-21 14:35:00,1787.92,1788.0,1787.92,1788.0,0.0,85.69,149253.21,1
2024-11-21,2024-11-21 14:36:00,1788.0,1788.08,1788.0,1788.08,0.0,85.69,149253.21,1
2024-11-21,2024-11-21 14:37:00,1788.08,1788.17,1788.08,1788.17,0.01,85.69,149253.21,1
2024-11-21,2024-11-21 14:38:00,1788.17,1788.25,1788.17,1788.25,0.0,85.69,149253.21,1
2024-11-21,2024-11-21 14:39:00,1788.25,1788.33,1788.25,1788.33,0.0,85.69,149253.21,1
2024-11-21,2024-11-21 14:40:00,1788.33,1788.42,1788.33,1788.42,0.01,85.69,149253.21,1
2024-11-21,2024-11-21 14:41:00,1788.42,1788.5,1788.42,1788.5,0.0,85.69,149253.21,1
2024-11-21,2024-11-21 14:42:00,1788.5,1788.58,1788.5,1788.58,0.0,85.69,149253.21,1
2024-11-21,2024-11-21 14:43:00,1788.58,1788.67,1788.58,1788.67,0.01,85.69,149253.21,1
2024-11-21,2024-11-21 14:44:00,1788.67,1788.75,1788.67,1788.75,0.0,85.69,149253.21,1
2024-11-21,2024-11-21 14:45:00,1788.75,1788.83,1788.75,1788.83,0.0,85.69,149253.21,1
2024-11-21,2024-11-21 14:46:00,1788.83,1788.92,1788.83,1788.92,0.01,85.69,149253.21,1
2024-11-21,2024-11-21 14:47:00,1788.92,1789.0,1788.92,1789.0,0.0,85.69,149253.21,1
2024-11-21,2024-11-21 14:48:00,1789.0,1789.08,1789.0,1789.08,0.0,85.69,149253.21,1
2024-11-21,2024-11-21 14:49:00,1789.08,1789.17,1789.08,1789.17,0.01,85.69,149253.21,1
2024-11-21,2024-11-21 14:50:00,1789.17,1789.25,1789.17,1789.25,0.0,85.69,149253.21,1
2024-11-21,2024-11-21 14:51:00,1789.25,1789.33,1789.25,1789.33,0.0,85.69,149253.21,1
2024-11-21,2024-11-21 14:52:00,1789.33,1789.42,1789.33,1789.42,0.01,85.69,149253.21,1
2024-11-21,2024-11-21 14:53:00,1789.42,1789.5,1789.42,1789.5,0.0,85.69,149253.21,1
2024-11-21,2024-11-21 14:54:00,1789.5,1789.58,1789.5,1789.58,0.0,85.69,149253.21,1
2024-11-21,2024-11-21 14:55:00,1789.58,1789.67,1789.58,1789.67,0.01,85.69,149253.21,1
2024-11-21,2024-11-21 14:56:00,1789.67,1789.75,1789.67,1789.75,0.0,85.69,149253.21,1
2024-11-21,2024-11-21 14:57:00,1789.75,1789.83,1789.75,1789.83,0.0,85.69,149253.21,1
2024-11-21,2024-11-21 14:58:00,1789.83,1789.92,1789.83,1789.92,0.01,85.69,149253.21,1
2024-11-21,2024-11-21 14:59:00,1789.92,1790.0,1789.92,1790.0,0.0,85.69,149253.21,1
2024-11-21,2024-11-21 15:00:00,1790.0,1796.0,1666.0,1790.0,0.0,85.69,149253.21,0
2024-11-24,2024-11-24 11:00:00,1760.0,1767.5,1739.0,1759.92,-0.0,44.0,76287.67,-1
2024-11-24,2024-11-24 11:01:00,1759.92,1759.92,1759.83,1759.83,-0.01,44.0,76287.67,-1
2024-11-24,2024-11-24 11:02:00,1759.83,1759.83,1759.75,1759.75,-0.0,44.0,76287.67,-1
2024-11-24,2024-11-24 11:03:00,1759.75,1759.75,1759.67,1759.67,-0.0,44.0,76287.67,-1
2024-11-24,2024-11-24 11:04:00,1759.67,1759.67,1759.58,1759.58,-0.01,44.0,76287.67,-1
2024-11-24,2024-11-24 11:05:00,1759.58,1759.58,1759.5,1759.5,-0.0,44.0,76287.67,-1
2024-11-24,2024-11-24 11:06:00,1759.5,1759.5,1759.42,1759.42,-0.0,44.0,76287.67,-1
2024-11-24,2024-11-24 11:07:00,1759.42,1759.42,1759.33,1759.33,-0.01,44.0,76287.67,-1
2024-11-24,2024-11-24 11:08:00,1759.33,1759.33,1759.25,1759.25,-0.0,44.0,76287.67,-1
2024-11-24,2024-11-24 11:09:00,1759.25,1759.25,1759.17,1759.17,-0.0,44.0,76287.67,-1
2024-11-24,2024-11-24 11:10:00,1759.17,1759.17,1759.08,1759.08,-0.01,44.0,76287.67,-1
2024-11-24,2024-11-24 11:11:00,1759.08,1759.08,1759.0,1759.0,-0.0,44.0,76287.67,-1
2024-11-24,2024-11-24 11:12:00,1759.0,1759.0,1758.92,1758.92,-0.0,44.0,76287.67,-1
2024-11-24,2024-11-24 11:13:00,1758.92,1758.92,1758.83,1758.83,-0.01,44.0,76287.67,-1
2024-11-24,2024-11-24 11:14:00,1758.83,1758.83,1758.75,1758.75,-0.0,44.0,76287.67,-1
2024-11-24,2024-11-24 11:15:00,1758.75,1758.75,1758.67,1758.67,-0.0,44.0,76287.67,-1
2024-11-24,2024-11-24 11:16:00,1758.67,1758.67,1758.58,1758.58,-0.01,44.0,76287.67,-1
2024-11-24,2024-11-24 11:17:00,1758.58,1758.58,1758.5,1758.5,-0.0,44.0,76287.67,-1
2024-11-24,2024-11-24 11:18:00,1758.5,1758.5,1758.42,1758.42,-0.0,44.0,76287.67,-1
2024-11-24,2024-11-24 11:19:00,1758.42,1758.42,1758.33,1758.33,-0.01,44.0,76287.67,-1
2024-11-24,2024-11-24 11:20:00,1758.33,1758.33,1758.25,1758.25,-0.0,44.0,76287.67,-1
2024-11-24,2024-11-24 11:21:00,1758.25,1758.25,1758.17,1758.17,-0.0,44.0,76287.67,-1
2024-11-24,2024-11-24 11:22:00,1758.17,1758.17,1758.08,1758.08,-0.01,44.0,76287.67,-1
2024-11-24,2024-11-24 11:23:00,1758.08,1758.08,1758.0,1758.0,-0.0,44.0,76287.67,-1
2024-11-24,2024-11-24 11:24:00,1758.0,1758.0,1757.92,1757.92,-0.0,44.0,76287.67,-1
2024-11-24,2024-11-24 11:25:00,1757.92,1757.92,1757.83,1757.83,-0.01,44.0,76287.67,-1
2024-11-24,2024-11-24 11:26:00,1757.83,1757.83,1757.75,1757.75,-0.0,44.0,76287.67,-1
2024-11-24,2024-11-24 11:27:00,1757.75,1757.75,1757.67,1757.67,-0.0,44.0,76287.67,-1
2024-11-24,2024-11-24 11:28:00,1757.67,1757.67,1757.58,1757.58,-0.01,44.0,76287.67,-1
2024-11-24,2024-11-24 11:29:00,1757.58,1757.58,1757.5,1757.5,-0.0,44.0,76287.67,-1
2024-11-24,2024-11-24 11:30:00,1757.5,1757.5,1757.42,1757.42,-0.0,44.0,76287.67,-1
2024-11-24,2024-11-24 11:31:00,1757.42,1757.42,1757.33,1757.33,-0.01,44.0,76287.67,-1
2024-11-24,2024-11-24 11:32:00,1757.33,1757.33,1757.25,1757.25,-0.0,44.0,76287.67,-1
2024-11-24,2024-11-24 11:33:00,1757.25,1757.25,1757.17,1757.17,-0.0,44.0,76287.67,-1
2024-11-24,2024-11-24 11:34:00,1757.17,1757.17,1757.08,1757.08,-0.01,44.0,76287.67,-1
2024-11-24,2024-11-24 11:35:00,1757.08,1757.08,1757.0,1757.0,-0.0,44.0,76287.67,-1
2024-11-24,2024-11-24 11:36:00,1757.0,1757.0,1756.92,1756.92,-0.0,44.0,76287.67,-1
2024-11-24,2024-11-24 11:37:00,1756.92,1756.92,1756.83,1756.83,-0.01,44.0,76287.67,-1
2024-11-24,2024-11-24 11:38:00,1756.83,1756.83,1756.75,1756.75,-0.0,44.0,76287.67,-1
2024-11-24,2024-11-24 11:39:00,1756.75,1756.75,1756.67,1756.67,-0.0,44.0,76287.67,-1
2024-11-24,2024-11-24 11:40:00,1756.67,1756.67,1756.58,1756.58,-0.01,44.0,76287.67,-1
2024-11-24,2024-11-24 11:41:00,1756.58,1756.58,1756.5,1756.5,-0.0,44.0,76287.67,-1
2024-11-24,2024-11-24 11:42:00,1756.5,1756.5,1756.42,1756.42,-0.0,44.0,76287.67,-1
2024-11-24,2024-11-24 11:43:00,1756.42,1756.42,1756.33,1756.33,-0.01,44.0,76287.67,-1
2024-11-24,2024-11-24 11:44:00,1756.33,1756.33,1756.25,1756.25,-0.0,44.0,76287.67,-1
2024-11-24,2024-11-24 11:45:00,1756.25,1756.25,1756.17,1756.17,-0.0,44.0,76287.67,-1
2024-11-24,2024-11-24 11:46:00,1756.17,1756.17,1756.08,1756.08,-0.01,44.0,76287.67,-1
2024-11-24,2024-11-24 11:47:00,1756.08,1756.08,1756.0,1756.0,-0.0,44.0,76287.67,-1
2024-11-24,2024-11-24 11:48:00,1756.0,1756.0,1755.92,1755.92,-0.0,44.0,76287.67,-1
2024-11-24,2024-11-24 11:49:00,1755.92,1755.92,1755.83,1755.83,-0.01,44.0,76287.67,-1
2024-11-24,2024-11-24 11:50:00,1755.83,1755.83,1755.75,1755.75,-0.0,44.0,76287.67,-1
2024-11-24,2024-11-24 11:51:00,1755.75,1755.75,1755.67,1755.67,-0.0,44.0,76287.67,-1
2024-11-24,2024-11-24 11:52:00,1755.67,1755.67,1755.58,1755.58,-0.01,44.0,76287.67,-1
2024-11-24,2024-11-24 11:53:00,1755.58,1755.58,1755.5,1755.5,-0.0,44.0,76287.67,-1
2024-11-24,2024-11-24 11:54:00,1755.5,1755.5,1755.42,1755.42,-0.0,44.0,76287.67,-1
2024-11-24,2024-11-24 11:55:00,1755.42,1755.42,1755.33,1755.33,-0.01,44.0,76287.67,-1
2024-11-24,2024-11-24 11:56:00,1755.33,1755.33,1755.25,1755.25,-0.0,44.0,76287.67,-1
2024-11-24,2024-11-24 11:57:00,1755.25,1755.25,1755.17,1755.17,-0.0,44.0,76287.67,-1
2024-11-24,2024-11-24 11:58:00,1755.17,1755.17,1755.08,1755.08,-0.01,44.0,76287.67,-1
2024-11-24,2024-11-24 11:59:00,1755.08,1755.08,1755.0,1755.0,-0.0,44.0,76287.67,-1
2024-11-24,2024-11-24 12:00:00,1755.0,1755.0,1754.92,1754.92,-0.0,44.0,76287.67,-1
2024-11-24,2024-11-24 12:01:00,1754.92,1754.92,1754.83,1754.83,-0.01,44.0,76287.67,-1
2024-11-24,2024-11-24 12:02:00,1754.83,1754.83,1754.75,1754.75,-0.0,44.0,76287.67,-1
2024-11-24,2024-11-24 12:03:00,1754.75,1754.75,1754.67,1754.67,-0.0,44.0,76287.67,-1
2024-11-24,2024-11-24 12:04:00,1754.67,1754.67,1754.58,1754.58,-0.01,44.0,76287.67,-1
2024-11-24,2024-11-24 12:05:00,1754.58,1754.58,1754.5,1754.5,-0.0,44.0,76287.67,-1
2024-11-24,2024-11-24 12:06:00,1754.5,1754.5,1754.42,1754.42,-0.0,44.0,76287.67,-1
2024-11-24,2024-11-24 12:07:00,1754.42,1754.42,1754.33,1754.33,-0.01,44.0,76287.67,-1
2024-11-24,2024-11-24 12:08:00,1754.33,1754.33,1754.25,1754.25,-0.0,44.0,76287.67,-1
2024-11-24,2024-11-24 12:09:00,1754.25,1754.25,1754.17,1754.17,-0.0,44.0,76287.67,-1
2024-11-24,2024-11-24 12:10:00,1754.17,1754.17,1754.08,1754.08,-0.01,44.0,76287.67,-1
2024-11-24,2024-11-24 12:11:00,1754.08,1754.08,1754.0,1754.0,-0.0,44.0,76287.67,-1
2024-11-24,2024-11-24 12:12:00,1754.0,1754.0,1753.92,1753.92,-0.0,44.0,76287.67,-1
2024-11-24,2024-11-24 12:13:00,1753.92,1753.92,1753.83,1753.83,-0.01,44.0,76287.67,-1
2024-11-24,2024-11-24 12:14:00,1753.83,1753.83,1753.75,1753.75,-0.0,44.0,76287.67,-1
2024-11-24,2024-11-24 12:15:00,1753.75,1753.75,1753.67,1753.67,-0.0,44.0,76287.67,-1
2024-11-24,2024-11-24 12:16:00,1753.67,1753.67,1753.58,1753.58,-0.01,44.0,76287.67,-1
2024-11-24,2024-11-24 12:17:00,1753.58,1753.58,1753.5,1753.5,-0.0,44.0,76287.67,-1
2024-11-24,2024-11-24 12:18:00,1753.5,1753.5,1753.42,1753.42,-0.0,44.0,76287.67,-1
2024-11-24,2024-11-24 12:19:00,1753.42,1753.42,1753.33,1753.33,-0.01,44.0,76287.67,-1
2024-11-24,2024-11-24 12:20:00,1753.33,1753.33,1753.25,1753.25,-0.0,44.0,76287.67,-1
2024-11-24,2024-11-24 12:21:00,1753.25,1753.25,1753.17,1753.17,-0.0,44.0,76287.67,-1
2024-11-24,2024-11-24 12:22:00,1753.17,1753.17,1753.08,1753.08,-0.01,44.0,76287.67,-1
2024-11-24,2024-11-24 12:23:00,1753.08,1753.08,1753.0,1753.0,-0.0,44.0,76287.67,-1
2024-11-24,2024-11-24 12:24:00,1753.0,1753.0,1752.92,1752.92,-0.0,44.0,76287.67,-1
2024-11-24,2024-11-24 12:25:00,1752.92,1752.92,1752.83,1752.83,-0.01,44.0,76287.67,-1
2024-11-24,2024-11-24 12:26:00,1752.83,1752.83,1752.75,1752.75,-0.0,44.0,76287.67,-1
2024-11-24,2024-11-24 12:27:00,1752.75,1752.75,1752.67,1752.67,-0.0,44.0,76287.67,-1
2024-11-24,2024-11-24 12:28:00,1752.67,1752.67,1752.58,1752.58,-0.01,44.0,76287.67,-1
2024-11-24,2024-11-24 12:29:00,1752.58,1752.58,1752.5,1752.5,-0.0,44.0,76287.67,-1
2024-11-24,2024-11-24 12:30:00,1752.5,1752.5,1752.42,1752.42,-0.0,44.0,76287.67,-1
2024-11-24,2024-11-24 12:31:00,1752.42,1752.42,1752.33,1752.33,-0.01,44.0,76287.67,-1
2024-11-24,2024-11-24 12:32:00,1752.33,1752.33,1752.25,1752.25,-0.0,44.0,76287.67,-1
2024-11-24,2024-11-24 12:33:00,1752.25,1752.25,1752.17,1752.17,-0.0,44.0,76287.67,-1
2024-11-24,2024-11-24 12:34:00,1752.17,1752.17,1752.08,1752.08,-0.01,44.0,76287.67,-1
2024-11-24,2024-11-24 12:35:00,1752.08,1752.08,1752.0,1752.0,-0.0,44.0,76287.67,-1
2024-11-24,2024-11-24 12:36:00,1752.0,1752.0,1751.92,1751.92,-0.0,44.0,76287.67,-1
2024-11-24,2024-11-24 12:37:00,1751.92,1751.92,1751.83,1751.83,-0.01,44.0,76287.67,-1
2024-11-24,2024-11-24 12:38:00,1751.83,1751.83,1751.75,1751.75,-0.0,44.0,76287.67,-1
2024-11-24,2024-11-24 12:39:00,1751.75,1751.75,1751.67,1751.67,-0.0,44.0,76287.67,-1
2024-11-24,2024-11-24 12:40:00,1751.67,1751.67,1751.58,1751.58,-0.01,44.0,76287.67,-1
2024-11-24,2024-11-24 12:41:00,1751.58,1751.58,1751.5,1751.5,-0.0,44.0,76287.67,-1
2024-11-24,2024-11-24 12:42:00,1751.5,1751.5,1751.42,1751.42,-0.0,44.0,76287.67,-1
2024-11-24,2024-11-24 12:43:00,1751.42,1751.42,1751.33,1751.33,-0.01,44.0,76287.67,-1
2024-11-24,2024-11-24 12:44:00,1751.33,1751.33,1751.25,1751.25,-0.0,44.0,76287.67,-1
2024-11-24,2024-11-24 12:45:00,1751.25,1751.25,1751.17,1751.17,-0.0,44.0,76287.67,-1
2024-11-24,2024-11-24 12:46:00,1751.17,1751.17,1751.08,1751.08,-0.01,44.0,76287.67,-1
2024-11-24,2024-11-24 12:47:00,1751.08,1751.08,1751.0,1751.0,-0.0,44.0,76287.67,-1
2024-11-24,2024-11-24 12:48:00,1751.0,1751.0,1750.92,1750.92,-0.0,44.0,76287.67,-1
2024-11-24,2024-11-24 12:49:00,1750.92,1750.92,1750.83,1750.83,-0.01,44.0,76287.67,-1
2024-11-24,2024-11-24 12:50:00,1750.83,1750.83,1750.75,1750.75,-0.0,44.0,76287.67,-1
2024-11-24,2024-11-24 12:51:00,1750.75,1750.75,1750.67,1750.67,-0.0,44.0,76287.67,-1
2024-11-24,2024-11-24 12:52:00,1750.67,1750.67,1750.58,1750.58,-0.01,44.0,76287.67,-1
2024-11-24,2024-11-24 12:53:00,1750.58,1750.58,1750.5,1750.5,-0.0,44.0,76287.67,-1
2024-11-24,2024-11-24 12:54:00,1750.5,1750.5,1750.42,1750.42,-0.0,44.0,76287.67,-1
2024-11-24,2024-11-24 12:55:00,1750.42,1750.42,1750.33,1750.33,-0.01,44.0,76287.67,-1
2024-11-24,2024-11-24 12:56:00,1750.33,1750.33,1750.25,1750.25,-0.0,44.0,76287.67,-1
2024-11-24,2024-11-24 12:57:00,1750.25,1750.25,1750.17,1750.17,-0.0,44.0,76287.67,-1
2024-11-24,2024-11-24 12:58:00,1750.17,1750.17,1750.08,1750.08,-0.01,44.0,76287.67,-1
2024-11-24,2024-11-24 12:59:00,1750.08,1750.08,1750.0,1750.0,-0.0,44.0,76287.67,-1
2024-11-24,2024-11-24 13:00:00,1750.0,1785.0,1690.0,1749.92,-0.0,44.0,76287.67,-1
2024-11-24,2024-11-24 13:01:00,1749.92,1749.92,1749.83,1749.83,-0.01,44.0,76287.67,-1
2024-11-24,2024-11-24 13:02:00,1749.83,1749.83,1749.75,1749.75,-0.0,44.0,76287.67,-1
2024-11-24,2024-11-24 13:03:00,1749.75,1749.75,1749.67,1749.67,-0.0,44.0,76287.67,-1
2024-11-24,2024-11-24 13:04:00,1749.67,1749.67,1749.58,1749.58,-0.01,44.0,76287.67,-1
2024-11-24,2024-11-24 13:05:00,1749.58,1749.58,1749.5,1749.5,-0.0,44.0,76287.67,-1
2024-11-24,2024-11-24 13:06:00,1749.5,1749.5,1749.42,1749.42,-0.0,44.0,76287.67,-1
2024-11-24,2024-11-24 13:07:00,1749.42,1749.42,1749.33,1749.33,-0.01,44.0,76287.67,-1
2024-11-24,2024-11-24 13:08:00,1749.33,1749.33,1749.25,1749.25,-0.0,44.0,76287.67,-1
2024-11-24,2024-11-24 13:09:00,1749.25,1749.25,1749.17,1749.17,-0.0,44.0,76287.67,-1
2024-11-24,2024-11-24 13:10:00,1749.17,1749.17,1749.08,1749.08,-0.01,44.0,76287.67,-1
2024-11-24,2024-11-24 13:11:00,1749.08,1749.08,1749.0,1749.0,-0.0,44.0,76287.67,-1
2024-11-24,2024-11-24 13:12:00,1749.0,1749.0,1748.92,1748.92,-0.0,44.0,76287.67,-1
2024-11-24,2024-11-24 13:13:00,1748.92,1748.92,1748.83,1748.83,-0.01,44.0,76287.67,-1
2024-11-24,2024-11-24 13:14:00,1748.83,1748.83,1748.75,1748.75,-0.0,44.0,76287.67,-1
2024-11-24,2024-11-24 13:15:00,1748.75,1748.75,1748.67,1748.67,-0.0,44.0,76287.67,-1
2024-11-24,2024-11-24 13:16:00,1748.67,1748.67,1748.58,1748.58,-0.01,44.0,76287.67,-1
2024-11-24,2024-11-24 13:17:00,1748.58,1748.58,1748.5,1748.5,-0.0,44.0,76287.67,-1
2024-11-24,2024-11-24 13:18:00,1748.5,1748.5,1748.42,1748.42,-0.0,44.0,76287.67,-1
2024-11-24,2024-11-24 13:19:00,1748.42,1748.42,1748.33,1748.33,-0.01,44.0,76287.67,-1
2024-11-24,2024-11-24 13:20:00,1748.33,1748.33,1748.25,1748.25,-0.0,44.0,76287.67,-1
2024-11-24,2024-11-24 13:21:00,1748.25,1748.25,1748.17,1748.17,-0.0,44.0,76287.67,-1
2024-11-24,2024-11-24 13:22:00,1748.17,1748.17,1748.08,1748.08,-0.01,44.0,76287.67,-1
2024-11-24,2024-11-24 13:23:00,1748.08,1748.08,1748.0,1748.0,-0.0,44.0,76287.67,-1
2024-11-24,2024-11-24 13:24:00,1748.0,1748.0,1747.92,1747.92,-0.0,44.0,76287.67,-1
2024-11-24,2024-11-24 13:25:00,1747.92,1747.92,1747.83,1747.83,-0.01,44.0,76287.67,-1
2024-11-24,2024-11-24 13:26:00,1747.83,1747.83,1747.75,1747.75,-0.0,44.0,76287.67,-1
2024-11-24,2024-11-24 13:27:00,1747.75,1747.75,1747.67,1747.67,-0.0,44.0,76287.67,-1
2024-11-24,2024-11-24 13:28:00,1747.67,1747.67,1747.58,1747.58,-0.01,44.0,76287.67,-1
2024-11-24,2024-11-24 13:29:00,1747.58,1747.58,1747.5,1747.5,-0.0,44.0,76287.67,-1
2024-11-24,2024-11-24 13:30:00,1747.5,1747.5,1747.42,1747.42,-0.0,44.0,76287.67,-1
2024-11-24,2024-11-24 13:31:00,1747.42,1747.42,1747.33,1747.33,-0.01,44.0,76287.67,-1
2024-11-24,2024-11-24 13:32:00,1747.33,1747.33,1747.25,1747.25,-0.0,44.0,76287.67,-1
2024-11-24,2024-11-24 13:33:00,1747.25,1747.25,1747.17,1747.17,-0.0,44.0,76287.67,-1
2024-11-24,2024-11-24 13:34:00,1747.17,1747.17,1747.08,1747.08,-0.01,44.0,76287.67,-1
2024-11-24,2024-11-24 13:35:00,1747.08,1747.08,1747.0,1747.0,-0.0,44.0,76287.67,-1
2024-11-24,2024-11-24 13:36:00,1747.0,1747.0,1746.92,1746.92,-0.0,44.0,76287.67,-1
2024-11-24,2024-11-24 13:37:00,1746.92,1746.92,1746.83,1746.83,-0.01,44.0,76287.67,-1
2024-11-24,2024-11-24 13:38:00,1746.83,1746.83,1746.75,1746.75,-0.0,44.0,76287.67,-1
2024-11-24,2024-11-24 13:39:00,1746.75,1746.75,1746.67,1746.67,-0.0,44.0,76287.67,-1
2024-11-24,2024-11-24 13:40:00,1746.67,1746.67,1746.58,1746.58,-0.01,44.0,76287.67,-1
2024-11-24,2024-11-24 13:41:00,1746.58,1746.58,1746.5,1746.5,-0.0,44.0,76287.67,-1
2024-11-24,2024-11-24 13:42:00,1746.5,1746.5,1746.42,1746.42,-0.0,44.0,76287.67,-1
2024-11-24,2024-11-24 13:43:00,1746.42,1746.42,1746.33,1746.33,-0.01,44.0,76287.67,-1
2024-11-24,2024-11-24 13:44:00,1746.33,1746.33,1746.25,1746.25,-0.0,44.0,76287.67,-1
2024-11-24,2024-11-24 13:45:00,1746.25,1746.25,1746.17,1746.17,-0.0,44.0,76287.67,-1
2024-11-24,2024-11-24 13:46:00,1746.17,1746.17,1746.08,1746.08,-0.01,44.0,76287.67,-1
2024-11-24,2024-11-24 13:47:00,1746.08,1746.08,1746.0,1746.0,-0.0,44.0,76287.67,-1
2024-11-24,2024-11-24 13:48:00,1746.0,1746.0,1745.92,1745.92,-0.0,44.0,76287.67,-1
2024-11-24,2024-11-24 13:49:00,1745.92,1745.92,1745.83,1745.83,-0.01,44.0,76287.67,-1
2024-11-24,2024-11-24 13:50:00,1745.83,1745.83,1745.75,1745.75,-0.0,44.0,76287.67,-1
2024-11-24,2024-11-24 13:51:00,1745.75,1745.75,1745.67,1745.67,-0.0,44.0,76287.67,-1
2024-11-24,2024-11-24 13:52:00,1745.67,1745.67,1745.58,1745.58,-0.01,44.0,76287.67,-1
2024-11-24,2024-11-24 13:53:00,1745.58,1745.58,1745.5,1745.5,-0.0,44.0,76287.67,-1
2024-11-24,2024-11-24 13:54:00,1745.5,1745.5,1745.42,1745.42,-0.0,44.0,76287.67,-1
2024-11-24,2024-11-24 13:55:00,1745.42,1745.42,1745.33,1745.33,-0.01,44.0,76287.67,-1
2024-11-24,2024-11-24 13:56:00,1745.33,1745.33,1745.25,1745.25,-0.0,44.0,76287.67,-1
2024-11-24,2024-11-24 13:57:00,1745.25,1745.25,1745.17,1745.17,-0.0,44.0,76287.67,-1
2024-11-24,2024-11-24 13:58:00,1745.17,1745.17,1745.08,1745.08,-0.01,44.0,76287.67,-1
2024-11-24,2024-11-24 13:59:00,1745.08,1745.08,1745.0,1745.0,-0.0,44.0,76287.67,-1
2024-11-24,2024-11-24 14:00:00,1745.0,1745.0,1744.92,1744.92,-0.0,44.0,76287.67,-1
2024-11-24,2024-11-24 14:01:00,1744.92,1744.92,1744.83,1744.83,-0.01,44.0,76287.67,-1
2024-11-24,2024-11-24 14:02:00,1744.83,1744.83,1744.75,1744.75,-0.0,44.0,76287.67,-1
2024-11-24,2024-11-24 14:03:00,1744.75,1744.75,1744.67,1744.67,-0.0,44.0,76287.67,-1
2024-11-24,2024-11-24 14:04:00,1744.67,1744.67,1744.58,1744.58,-0.01,44.0,76287.67,-1
2024-11-24,2024-11-24 14:05:00,1744.58,1744.58,1744.5,1744.5,-0.0,44.0,76287.67,-1
2024-11-24,2024-11-24 14:06:00,1744.5,1744.5,1744.42,1744.42,-0.0,44.0,76287.67,-1
2024-11-24,2024-11-24 14:07:00,1744.42,1744.42,1744.33,1744.33,-0.01,44.0,76287.67,-1
2024-11-24,2024-11-24 14:08:00,1744.33,1744.33,1744.25,1744.25,-0.0,44.0,76287.67,-1
2024-11-24,2024-11-24 14:09:00,1744.25,1744.25,1744.17,1744.17,-0.0,44.0,76287.67,-1
2024-11-24,2024-11-24 14:10:00,1744.17,1744.17,1744.08,1744.08,-0.01,44.0,76287.67,-1
2024-11-24,2024-11-24 14:11:00,1744.08,1744.08,1744.0,1744.0,-0.0,44.0,76287.67,-1
2024-11-24,2024-11-24 14:12:00,1744.0,1744.0,1743.92,1743.92,-0.0,44.0,76287.67,-1
2024-11-24,2024-11-24 14:13:00,1743.92,1743.92,1743.83,1743.83,-0.01,44.0,76287.67,-1
2024-11-24,2024-11-24 14:14:00,1743.83,1743.83,1743.75,1743.75,-0.0,44.0,76287.67,-1
2024-11-24,2024-11-24 14:15:00,1743.75,1743.75,1743.67,1743.67,-0.0,44.0,76287.67,-1
2024-11-24,2024-11-24 14:16:00,1743.67,1743.67,1743.58,1743.58,-0.01,44.0,76287.67,-1
2024-11-24,2024-11-24 14:17:00,1743.58,1743.58,1743.5,1743.5,-0.0,44.0,76287.67,-1
2024-11-24,2024-11-24 14:18:00,1743.5,1743.5,1743.42,1743.42,-0.0,44.0,76287.67,-1
2024-11-24,2024-11-24 14:19:00,1743.42,1743.42,1743.33,1743.33,-0.01,44.0,76287.67,-1
2024-11-24,2024-11-24 14:20:00,1743.33,1743.33,1743.25,1743.25,-0.0,44.0,76287.67,-1
2024-11-24,2024-11-24 14:21:00,1743.25,1743.25,1743.17,1743.17,-0.0,44.0,76287.67,-1
2024-11-24,2024-11-24 14:22:00,1743.17,1743.17,1743.08,1743.08,-0.01,44.0,76287.67,-1
2024-11-24,2024-11-24 14:23:00,1743.08,1743.08,1743.0,1743.0,-0.0,44.0,76287.67,-1
2024-11-24,2024-11-24 14:24:00,1743.0,1743.0,1742.92,1742.92,-0.0,44.0,76287.67,-1
2024-11-24,2024-11-24 14:25:00,1742.92,1742.92,1742.83,1742.83,-0.01,44.0,76287.67,-1
2024-11-24,2024-11-24 14:26:00,1742.83,1742.83,1742.75,1742.75,-0.0,44.0,76287.67,-1
2024-11-24,2024-11-24 14:27:00,1742.75,1742.75,1742.67,1742.67,-0.0,44.0,76287.67,-1
2024-11-24,2024-11-24 14:28:00,1742.67,1742.67,1742.58,1742.58,-0.01,44.0,76287.67,-1
2024-11-24,2024-11-24 14:29:00,1742.58,1742.58,1742.5,1742.5,-0.0,44.0,76287.67,-1
2024-11-24,2024-11-24 14:30:00,1742.5,1742.5,1742.42,1742.42,-0.0,44.0,76287.67,-1
2024-11-24,2024-11-24 14:31:00,1742.42,1742.42,1742.33,1742.33,-0.01,44.0,76287.67,-1
2024-11-24,2024-11-24 14:32:00,1742.33,1742.33,1742.25,1742.25,-0.0,44.0,76287.67,-1
2024-11-24,2024-11-24 14:33:00,1742.25,1742.25,1742.17,1742.17,-0.0,44.0,76287.67,-1
2024-11-24,2024-11-24 14:34:00,1742.17,1742.17,1742.08,1742.08,-0.01,44.0,76287.67,-1
2024-11-24,2024-11-24 14:35:00,1742.08,1742.08,1742.0,1742.0,-0.0,44.0,76287.67,-1
2024-11-24,2024-11-24 14:36:00,1742.0,1742.0,1741.92,1741.92,-0.0,44.0,76287.67,-1
2024-11-24,2024-11-24 14:37:00,1741.92,1741.92,1741.83,1741.83,-0.01,44.0,76287.67,-1
2024-11-24,2024-11-24 14:38:00,1741.83,1741.83,1741.75,1741.75,-0.0,44.0,76287.67,-1
2024-11-24,2024-11-24 14:39:00,1741.75,1741.75,1741.67,1741.67,-0.0,44.0,76287.67,-1
2024-11-24,2024-11-24 14:40:00,1741.67,1741.67,1741.58,1741.58,-0.01,44.0,76287.67,-1
2024-11-24,2024-11-24 14:41:00,1741.58,1741.58,1741.5,1741.5,-0.0,44.0,76287.67,-1
2024-11-24,2024-11-24 14:42:00,1741.5,1741.5,1741.42,1741.42,-0.0,44.0,76287.67,-1
2024-11-24,2024-11-24 14:43:00,1741.42,1741.42,1741.33,1741.33,-0.01,44.0,76287.67,-1
2024-11-24,2024-11-24 14:44:00,1741.33,1741.33,1741.25,1741.25,-0.0,44.0,76287.67,-1
2024-11-24,2024-11-24 14:45:00,1741.25,1741.25,1741.17,1741.17,-0.0,44.0,76287.67,-1
2024-11-24,2024-11-24 14:46:00,1741.17,1741.17,1741.08,1741.08,-0.01,44.0,76287.67,-1
2024-11-24,2024-11-24 14:47:00,1741.08,1741.08,1741.0,1741.0,-0.0,44.0,76287.67,-1
2024-11-24,2024-11-24 14:48:00,1741.0,1741.0,1740.92,1740.92,-0.0,44.0,76287.67,-1
2024-11-24,2024-11-24 14:49:00,1740.92,1740.92,1740.83,1740.83,-0.01,44.0,76287.67,-1
2024-11-24,2024-11-24 14:50:00,1740.83,1740.83,1740.75,1740.75,-0.0,44.0,76287.67,-1
2024-11-24,2024-11-24 14:51:00,1740.75,1740.75,1740.67,1740.67,-0.0,44.0,76287.67,-1
2024-11-24,2024-11-24 14:52:00,1740.67,1740.67,1740.58,1740.58,-0.01,44.0,76287.67,-1
2024-11-24,2024-11-24 14:53:00,1740.58,1740.58,1740.5,1740.5,-0.0,44.0,76287.67,-1
2024-11-24,2024-11-24 14:54:00,1740.5,1740.5,1740.42,1740.42,-0.0,44.0,76287.67,-1
2024-11-24,2024-11-24 14:55:00,1740.42,1740.42,1740.33,1740.33,-0.01,44.0,76287.67,-1
2024-11-24,2024-11-24 14:56:00,1740.33,1740.33,1740.25,1740.25,-0.0,44.0,76287.67,-1
2024-11-24,2024-11-24 14:57:00,1740.25,1740.25,1740.17,1740.17,-0.0,44.0,76287.67,-1
2024-11-24,2024-11-24 14:58:00,1740.17,1740.17,1740.08,1740.08,-0.01,44.0,76287.67,-1
2024-11-24,2024-11-24 14:59:00,1740.08,1740.08,1740.0,1740.0,-0.0,44.0,76287.67,-1
2024-11-24,2024-11-24 15:00:00,1740.0,1785.0,1690.0,1740.0,0.0,44.0,76287.67,0
2024-11-25,2024-11-25 11:00:00,1705.2,1725.84,1699.47,1705.19,-0.0,22.67,38586.16,-1
2024-11-25,2024-11-25 11:01:00,1705.19,1705.19,1705.19,1705.19,0.0,22.67,38586.16,0
2024-11-25,2024-11-25 11:02:00,1705.19,1705.19,1705.18,1705.18,-0.0,22.67,38586.16,-1
2024-11-25,2024-11-25 11:03:00,1705.18,1705.18,1705.18,1705.18,0.0,22.67,38586.16,0
2024-11-25,2024-11-25 11:04:00,1705.18,1705.18,1705.17,1705.17,-0.0,22.67,38586.16,-1
2024-11-25,2024-11-25 11:05:00,1705.17,1705.17,1705.17,1705.17,0.0,22.67,38586.16,0
2024-11-25,2024-11-25 11:06:00,1705.17,1705.17,1705.16,1705.16,-0.0,22.67,38586.16,-1
2024-11-25,2024-11-25 11:07:00,1705.16,1705.16,1705.16,1705.16,0.0,22.67,38586.16,0
2024-11-25,2024-11-25 11:08:00,1705.16,1705.16,1705.15,1705.15,-0.0,22.67,38586.16,-1
2024-11-25,2024-11-25 11:09:00,1705.15,1705.15,1705.15,1705.15,0.0,22.67,38586.16,0
2024-11-25,2024-11-25 11:10:00,1705.15,1705.15,1705.14,1705.14,-0.0,22.67,38586.16,-1
2024-11-25,2024-11-25 11:11:00,1705.14,1705.14,1705.13,1705.13,-0.0,22.67,38586.16,-1
2024-11-25,2024-11-25 11:12:00,1705.13,1705.13,1705.13,1705.13,0.0,22.67,38586.16,0
2024-11-25,2024-11-25 11:13:00,1705.13,1705.13,1705.12,1705.12,-0.0,22.67,38586.16,-1
2024-11-25,2024-11-25 11:14:00,1705.12,1705.12,1705.12,1705.12,0.0,22.67,38586.16,0
2024-11-25,2024-11-25 11:15:00,1705.12,1705.12,1705.11,1705.11,-0.0,22.67,38586.16,-1
2024-11-25,2024-11-25 11:16:00,1705.11,1705.11,1705.11,1705.11,0.0,22.67,38586.16,0
2024-11-25,2024-11-25 11:17:00,1705.11,1705.11,1705.1,1705.1,-0.0,22.67,38586.16,-1
2024-11-25,2024-11-25 11:18:00,1705.1,1705.1,1705.1,1705.1,0.0,22.67,38586.16,0
2024-11-25,2024-11-25 11:19:00,1705.1,1705.1,1705.09,1705.09,-0.0,22.67,38586.16,-1
2024-11-25,2024-11-25 11:20:00,1705.09,1705.09,1705.09,1705.09,0.0,22.67,38586.16,0
2024-11-25,2024-11-25 11:21:00,1705.09,1705.09,1705.08,1705.08,-0.0,22.67,38586.16,-1
2024-11-25,2024-11-25 11:22:00,1705.08,1705.08,1705.08,1705.08,0.0,22.67,38586.16,0
2024-11-25,2024-11-25 11:23:00,1705.08,1705.08,1705.07,1705.07,-0.0,22.67,38586.16,-1
2024-11-25,2024-11-25 11:24:00,1705.07,1705.07,1705.06,1705.06,-0.0,22.67,38586.16,-1
2024-11-25,2024-11-25 11:25:00,1705.06,1705.06,1705.06,1705.06,0.0,22.67,38586.16,0
2024-11-25,2024-11-25 11:26:00,1705.06,1705.06,1705.05,1705.05,-0.0,22.67,38586.16,-1
2024-11-25,2024-11-25 11:27:00,1705.05,1705.05,1705.05,1705.05,0.0,22.67,38586.16,0
2024-11-25,2024-11-25 11:28:00,1705.05,1705.05,1705.04,1705.04,-0.0,22.67,38586.16,-1
2024-11-25,2024-11-25 11:29:00,1705.04,1705.04,1705.04,1705.04,0.0,22.67,38586.16,0
2024-11-25,2024-11-25 11:30:00,1705.04,1705.04,1705.03,1705.03,-0.0,22.67,38586.16,-1
2024-11-25,2024-11-25 11:31:00,1705.03,1705.03,1705.03,1705.03,0.0,22.67,38586.16,0
2024-11-25,2024-11-25 11:32:00,1705.03,1705.03,1705.02,1705.02,-0.0,22.67,38586.16,-1
2024-11-25,2024-11-25 11:33:00,1705.02,1705.02,1705.02,1705.02,0.0,22.67,38586.16,0
2024-11-25,2024-11-25 11:34:00,1705.02,1705.02,1705.01,1705.01,-0.0,22.67,38586.16,-1
2024-11-25,2024-11-25 11:35:00,1705.01,1705.01,1705.01,1705.01,0.0,22.67,38586.16,0
2024-11-25,2024-11-25 11:36:00,1705.01,1705.01,1705.0,1705.0,-0.0,22.67,38586.16,-1
2024-11-25,2024-11-25 11:37:00,1705.0,1705.0,1704.99,1704.99,-0.0,22.67,38586.16,-1
2024-11-25,2024-11-25 11:38:00,1704.99,1704.99,1704.99,1704.99,0.0,22.67,38586.16,0
2024-11-25,2024-11-25 11:39:00,1704.99,1704.99,1704.98,1704.98,-0.0,22.67,38586.16,-1
2024-11-25,2024-11-25 11:40:00,1704.98,1704.98,1704.98,1704.98,0.0,22.67,38586.16,0
2024-11-25,2024-11-25 11:41:00,1704.98,1704.98,1704.97,1704.97,-0.0,22.67,38586.16,-1
2024-11-25,2024-11-25 11:42:00,1704.97,1704.97,1704.97,1704.97,0.0,22.67,38586.16,0
2024-11-25,2024-11-25 11:43:00,1704.97,1704.97,1704.96,1704.96,-0.0,22.67,38586.16,-1
2024-11-25,2024-11-25 11:44:00,1704.96,1704.96,1704.96,1704.96,0.0,22.67,38586.16,0
2024-11-25,2024-11-25 11:45:00,1704.96,1704.96,1704.95,1704.95,-0.0,22.67,38586.16,-1
2024-11-25,2024-11-25 11:46:00,1704.95,1704.95,1704.95,1704.95,0.0,22.67,38586.16,0
2024-11-25,2024-11-25 11:47:00,1704.95,1704.95,1704.94,1704.94,-0.0,22.67,38586.16,-1
2024-11-25,2024-11-25 11:48:00,1704.94,1704.94,1704.93,1704.93,-0.0,22.67,38586.16,-1
2024-11-25,2024-11-25 11:49:00,1704.93,1704.93,1704.93,1704.93,0.0,22.67,38586.16,0
2024-11-25,2024-11-25 11:50:00,1704.93,1704.93,1704.92,1704.92,-0.0,22.67,38586.16,-1
2024-11-25,2024-11-25 11:51:00,1704.92,1704.92,1704.92,1704.92,0.0,22.67,38586.16,0
2024-11-25,2024-11-25 11:52:00,1704.92,1704.92,1704.91,1704.91,-0.0,22.67,38586.16,-1
2024-11-25,2024-11-25 11:53:00,1704.91,1704.91,1704.91,1704.91,0.0,22.67,38586.16,0
2024-11-25,2024-11-25 11:54:00,1704.91,1704.91,1704.9,1704.9,-0.0,22.67,38586.16,-1
2024-11-25,2024-11-25 11:55:00,1704.9,1704.9,1704.9,1704.9,0.0,22.67,38586.16,0
2024-11-25,2024-11-25 11:56:00,1704.9,1704.9,1704.89,1704.89,-0.0,22.67,38586.16,-1
2024-11-25,2024-11-25 11:57:00,1704.89,1704.89,1704.89,1704.89,0.0,22.67,38586.16,0
2024-11-25,2024-11-25 11:58:00,1704.89,1704.89,1704.88,1704.88,-0.0,22.67,38586.16,-1
2024-11-25,2024-11-25 11:59:00,1704.88,1704.88,1704.88,1704.88,0.0,22.67,38586.16,0
2024-11-25,2024-11-25 12:00:00,1704.88,1704.88,1704.87,1704.87,-0.0,22.67,38586.16,-1
2024-11-25,2024-11-25 12:01:00,1704.87,1704.87,1704.86,1704.86,-0.0,22.67,38586.16,-1
2024-11-25,2024-11-25 12:02:00,1704.86,1704.86,1704.86,1704.86,0.0,22.67,38586.16,0
2024-11-25,2024-11-25 12:03:00,1704.86,1704.86,1704.85,1704.85,-0.0,22.67,38586.16,-1
2024-11-25,2024-11-25 12:04:00,1704.85,1704.85,1704.85,1704.85,0.0,22.67,38586.16,0
2024-11-25,2024-11-25 12:05:00,1704.85,1704.85,1704.84,1704.84,-0.0,22.67,38586.16,-1
2024-11-25,2024-11-25 12:06:00,1704.84,1704.84,1704.84,1704.84,0.0,22.67,38586.16,0
2024-11-25,2024-11-25 12:07:00,1704.84,1704.84,1704.83,1704.83,-0.0,22.67,38586.16,-1
2024-11-25,2024-11-25 12:08:00,1704.83,1704.83,1704.83,1704.83,0.0,22.67,38586.16,0
2024-11-25,2024-11-25 12:09:00,1704.83,1704.83,1704.82,1704.82,-0.0,22.67,38586.16,-1
2024-11-25,2024-11-25 12:10:00,1704.82,1704.82,1704.82,1704.82,0.0,22.67,38586.16,0
2024-11-25,2024-11-25 12:11:00,1704.82,1704.82,1704.81,1704.81,-0.0,22.67,38586.16,-1
2024-11-25,2024-11-25 12:12:00,1704.81,1704.81,1704.8,1704.8,-0.0,22.67,38586.16,-1
2024-11-25,2024-11-25 12:13:00,1704.8,1704.8,1704.8,1704.8,0.0,22.67,38586.16,0
2024-11-25,2024-11-25 12:14:00,1704.8,1704.8,1704.79,1704.79,-0.0,22.67,38586.16,-1
2024-11-25,2024-11-25 12:15:00,1704.79,1704.79,1704.79,1704.79,0.0,22.67,38586.16,0
2024-11-25,2024-11-25 12:16:00,1704.79,1704.79,1704.78,1704.78,-0.0,22.67,38586.16,-1
2024-11-25,2024-11-25 12:17:00,1704.78,1704.78,1704.78,1704.78,0.0,22.67,38586.16,0
2024-11-25,2024-11-25 12:18:00,1704.78,1704.78,1704.77,1704.77,-0.0,22.67,38586.16,-1
2024-11-25,2024-11-25 12:19:00,1704.77,1704.77,1704.77,1704.77,0.0,22.67,38586.16,0
2024-11-25,2024-11-25 12:20:00,1704.77,1704.77,1704.76,1704.76,-0.0,22.67,38586.16,-1
2024-11-25,2024-11-25 12:21:00,1704.76,1704.76,1704.76,1704.76,0.0,22.67,38586.16,0
2024-11-25,2024-11-25 12:22:00,1704.76,1704.76,1704.75,1704.75,-0.0,22.67,38586.16,-1
2024-11-25,2024-11-25 12:23:00,1704.75,1704.75,1704.75,1704.75,0.0,22.67,38586.16,0
2024-11-25,2024-11-25 12:24:00,1704.75,1704.75,1704.74,1704.74,-0.0,22.67,38586.16,-1
2024-11-25,2024-11-25 12:25:00,1704.74,1704.74,1704.73,1704.73,-0.0,22.67,38586.16,-1
2024-11-25,2024-11-25 12:26:00,1704.73,1704.73,1704.73,1704.73,0.0,22.67,38586.16,0
2024-11-25,2024-11-25 12:27:00,1704.73,1704.73,1704.72,1704.72,-0.0,22.67,38586.16,-1
2024-11-25,2024-11-25 12:28:00,1704.72,1704.72,1704.72,1704.72,0.0,22.67,38586.16,0
2024-11-25,2024-11-25 12:29:00,1704.72,1704.72,1704.71,1704.71,-0.0,22.67,38586.16,-1
2024-11-25,2024-11-25 12:30:00,1704.71,1704.71,1704.71,1704.71,0.0,22.67,38586.16,0
2024-11-25,2024-11-25 12:31:00,1704.71,1704.71,1704.7,1704.7,-0.0,22.67,38586.16,-1
2024-11-25,2024-11-25 12:32:00,1704.7,1704.7,1704.7,1704.7,0.0,22.67,38586.16,0
2024-11-25,2024-11-25 12:33:00,1704.7,1704.7,1704.69,1704.69,-0.0,22.67,38586.16,-1
2024-11-25,2024-11-25 12:34:00,1704.69,1704.69,1704.69,1704.69,0.0,22.67,38586.16,0
2024-11-25,2024-11-25 12:35:00,1704.69,1704.69,1704.68,1704.68,-0.0,22.67,38586.16,-1
2024-11-25,2024-11-25 12:36:00,1704.68,1704.68,1704.67,1704.67,-0.0,22.67,38586.16,-1
2024-11-25,2024-11-25 12:37:00,1704.67,1704.67,1704.67,1704.67,0.0,22.67,38586.16,0
2024-11-25,2024-11-25 12:38:00,1704.67,1704.67,1704.66,1704.66,-0.0,22.67,38586.16,-1
2024-11-25,2024-11-25 12:39:00,1704.66,1704.66,1704.66,1704.66,0.0,22.67,38586.16,0
2024-11-25,2024-11-25 12:40:00,1704.66,1704.66,1704.65,1704.65,-0.0,22.67,38586.16,-1
2024-11-25,2024-11-25 12:41:00,1704.65,1704.65,1704.65,1704.65,0.0,22.67,38586.16,0
2024-11-25,2024-11-25 12:42:00,1704.65,1704.65,1704.64,1704.64,-0.0,22.67,38586.16,-1
2024-11-25,2024-11-25 12:43:00,1704.64,1704.64,1704.64,1704.64,0.0,22.67,38586.16,0
2024-11-25,2024-11-25 12:44:00,1704.64,1704.64,1704.63,1704.63,-0.0,22.67,38586.16,-1
2024-11-25,2024-11-25 12:45:00,1704.63,1704.63,1704.63,1704.63,0.0,22.67,38586.16,0
2024-11-25,2024-11-25 12:46:00,1704.63,1704.63,1704.62,1704.62,-0.0,22.67,38586.16,-1
2024-11-25,2024-11-25 12:47:00,1704.62,1704.62,1704.62,1704.62,0.0,22.67,38586.16,0
2024-11-25,2024-11-25 12:48:00,1704.62,1704.62,1704.61,1704.61,-0.0,22.67,38586.16,-1
2024-11-25,2024-11-25 12:49:00,1704.61,1704.61,1704.6,1704.6,-0.0,22.67,38586.16,-1
2024-11-25,2024-11-25 12:50:00,1704.6,1704.6,1704.6,1704.6,0.0,22.67,38586.16,0
2024-11-25,2024-11-25 12:51:00,1704.6,1704.6,1704.59,1704.59,-0.0,22.67,38586.16,-1
2024-11-25,2024-11-25 12:52:00,1704.59,1704.59,1704.59,1704.59,0.0,22.67,38586.16,0
2024-11-25,2024-11-25 12:53:00,1704.59,1704.59,1704.58,1704.58,-0.0,22.67,38586.16,-1
2024-11-25,2024-11-25 12:54:00,1704.58,1704.58,1704.58,1704.58,0.0,22.67,38586.16,0
2024-11-25,2024-11-25 12:55:00,1704.58,1704.58,1704.57,1704.57,-0.0,22.67,38586.16,-1
2024-11-25,2024-11-25 12:56:00,1704.57,1704.57,1704.57,1704.57,0.0,22.67,38586.16,0
2024-11-25,2024-11-25 12:57:00,1704.57,1704.57,1704.56,1704.56,-0.0,22.67,38586.16,-1
2024-11-25,2024-11-25 12:58:00,1704.56,1704.56,1704.56,1704.56,0.0,22.67,38586.16,0
2024-11-25,2024-11-25 12:59:00,1704.56,1704.56,1704.55,1704.55,-0.0,22.67,38586.16,-1
2024-11-25,2024-11-25 13:00:00,1704.55,1774.0,1686.1,1704.54,-0.0,22.67,38586.16,-1
2024-11-25,2024-11-25 13:01:00,1704.54,1704.54,1704.54,1704.54,0.0,22.67,38586.16,0
2024-11-25,2024-11-25 13:02:00,1704.54,1704.54,1704.53,1704.53,-0.0,22.67,38586.16,-1
2024-11-25,2024-11-25 13:03:00,1704.53,1704.53,1704.53,1704.53,0.0,22.67,38586.16,0
2024-11-25,2024-11-25 13:04:00,1704.53,1704.53,1704.52,1704.52,-0.0,22.67,38586.16,-1
2024-11-25,2024-11-25 13:05:00,1704.52,1704.52,1704.52,1704.52,0.0,22.67,38586.16,0
2024-11-25,2024-11-25 13:06:00,1704.52,1704.52,1704.51,1704.51,-0.0,22.67,38586.16,-1
2024-11-25,2024-11-25 13:07:00,1704.51,1704.51,1704.51,1704.51,0.0,22.67,38586.16,0
2024-11-25,2024-11-25 13:08:00,1704.51,1704.51,1704.5,1704.5,-0.0,22.67,38586.16,-1
2024-11-25,2024-11-25 13:09:00,1704.5,1704.5,1704.5,1704.5,0.0,22.67,38586.16,0
2024-11-25,2024-11-25 13:10:00,1704.5,1704.5,1704.49,1704.49,-0.0,22.67,38586.16,-1
2024-11-25,2024-11-25 13:11:00,1704.49,1704.49,1704.49,1704.49,0.0,22.67,38586.16,0
2024-11-25,2024-11-25 13:12:00,1704.49,1704.49,1704.48,1704.48,-0.0,22.67,38586.16,-1
2024-11-25,2024-11-25 13:13:00,1704.48,1704.48,1704.47,1704.47,-0.0,22.67,38586.16,-1
2024-11-25,2024-11-25 13:14:00,1704.47,1704.47,1704.47,1704.47,0.0,22.67,38586.16,0
2024-11-25,2024-11-25 13:15:00,1704.47,1704.47,1704.46,1704.46,-0.0,22.67,38586.16,-1
2024-11-25,2024-11-25 13:16:00,1704.46,1704.46,1704.46,1704.46,0.0,22.67,38586.16,0
2024-11-25,2024-11-25 13:17:00,1704.46,1704.46,1704.45,1704.45,-0.0,22.67,38586.16,-1
2024-11-25,2024-11-25 13:18:00,1704.45,1704.45,1704.45,1704.45,0.0,22.67,38586.16,0
2024-11-25,2024-11-25 13:19:00,1704.45,1704.45,1704.44,1704.44,-0.0,22.67,38586.16,-1
2024-11-25,2024-11-25 13:20:00,1704.44,1704.44,1704.44,1704.44,0.0,22.67,38586.16,0
2024-11-25,2024-11-25 13:21:00,1704.44,1704.44,1704.43,1704.43,-0.0,22.67,38586.16,-1
2024-11-25,2024-11-25 13:22:00,1704.43,1704.43,1704.43,1704.43,0.0,22.67,38586.16,0
2024-11-25,2024-11-25 13:23:00,1704.43,1704.43,1704.42,1704.42,-0.0,22.67,38586.16,-1
2024-11-25,2024-11-25 13:24:00,1704.42,1704.42,1704.41,1704.41,-0.0,22.67,38586.16,-1
2024-11-25,2024-11-25 13:25:00,1704.41,1704.41,1704.41,1704.41,0.0,22.67,38586.16,0
2024-11-25,2024-11-25 13:26:00,1704.41,1704.41,1704.4,1704.4,-0.0,22.67,38586.16,-1
2024-11-25,2024-11-25 13:27:00,1704.4,1704.4,1704.4,1704.4,0.0,22.67,38586.16,0
2024-11-25,2024-11-25 13:28:00,1704.4,1704.4,1704.39,1704.39,-0.0,22.67,38586.16,-1
2024-11-25,2024-11-25 13:29:00,1704.39,1704.39,1704.39,1704.39,0.0,22.67,38586.16,0
2024-11-25,2024-11-25 13:30:00,1704.39,1704.39,1704.38,1704.38,-0.0,22.67,38586.16,-1
2024-11-25,2024-11-25 13:31:00,1704.38,1704.38,1704.38,1704.38,0.0,22.67,38586.16,0
2024-11-25,2024-11-25 13:32:00,1704.38,1704.38,1704.37,1704.37,-0.0,22.67,38586.16,-1
2024-11-25,2024-11-25 13:33:00,1704.37,1704.37,1704.37,1704.37,0.0,22.67,38586.16,0
2024-11-25,2024-11-25 13:34:00,1704.37,1704.37,1704.36,1704.36,-0.0,22.67,38586.16,-1
2024-11-25,2024-11-25 13:35:00,1704.36,1704.36,1704.36,1704.36,0.0,22.67,38586.16,0
2024-11-25,2024-11-25 13:36:00,1704.36,1704.36,1704.35,1704.35,-0.0,22.67,38586.16,-1
2024-11-25,2024-11-25 13:37:00,1704.35,1704.35,1704.34,1704.34,-0.0,22.67,38586.16,-1
2024-11-25,2024-11-25 13:38:00,1704.34,1704.34,1704.34,1704.34,0.0,22.67,38586.16,0
2024-11-25,2024-11-25 13:39:00,1704.34,1704.34,1704.33,1704.33,-0.0,22.67,38586.16,-1
2024-11-25,2024-11-25 13:40:00,1704.33,1704.33,1704.33,1704.33,0.0,22.67,38586.16,0
2024-11-25,2024-11-25 13:41:00,1704.33,1704.33,1704.32,1704.32,-0.0,22.67,38586.16,-1
2024-11-25,2024-11-25 13:42:00,1704.32,1704.32,1704.32,1704.32,0.0,22.67,38586.16,0
2024-11-25,2024-11-25 13:43:00,1704.32,1704.32,1704.31,1704.31,-0.0,22.67,38586.16,-1
2024-11-25,2024-11-25 13:44:00,1704.31,1704.31,1704.31,1704.31,0.0,22.67,38586.16,0
2024-11-25,2024-11-25 13:45:00,1704.31,1704.31,1704.3,1704.3,-0.0,22.67,38586.16,-1
2024-11-25,2024-11-25 13:46:00,1704.3,1704.3,1704.3,1704.3,0.0,22.67,38586.16,0
2024-11-25,2024-11-25 13:47:00,1704.3,1704.3,1704.29,1704.29,-0.0,22.67,38586.16,-1
2024-11-25,2024-11-25 13:48:00,1704.29,1704.29,1704.28,1704.28,-0.0,22.67,38586.16,-1
2024-11-25,2024-11-25 13:49:00,1704.28,1704.28,1704.28,1704.28,0.0,22.67,38586.16,0
2024-11-25,2024-11-25 13:50:00,1704.28,1704.28,1704.27,1704.27,-0.0,22.67,38586.16,-1
2024-11-25,2024-11-25 13:51:00,1704.27,1704.27,1704.27,1704.27,0.0,22.67,38586.16,0
2024-11-25,2024-11-25 13:52:00,1704.27,1704.27,1704.26,1704.26,-0.0,22.67,38586.16,-1
2024-11-25,2024-11-25 13:53:00,1704.26,1704.26,1704.26,1704.26,0.0,22.67,38586.16,0
2024-11-25,2024-11-25 13:54:00,1704.26,1704.26,1704.25,1704.25,-0.0,22.67,38586.16,-1
2024-11-25,2024-11-25 13:55:00,1704.25,1704.25,1704.25,1704.25,0.0,22.67,38586.16,0
2024-11-25,2024-11-25 13:56:00,1704.25,1704.25,1704.24,1704.24,-0.0,22.67,38586.16,-1
2024-11-25,2024-11-25 13:57:00,1704.24,1704.24,1704.24,1704.24,0.0,22.67,38586.16,0
2024-11-25,2024-11-25 13:58:00,1704.24,1704.24,1704.23,1704.23,-0.0,22.67,38586.16,-1
2024-11-25,2024-11-25 13:59:00,1704.23,1704.23,1704.23,1704.23,0.0,22.67,38586.16,0
2024-11-25,2024-11-25 14:00:00,1704.23,1704.23,1704.22,1704.22,-0.0,22.67,38586.16,-1
2024-11-25,2024-11-25 14:01:00,1704.22,1704.22,1704.21,1704.21,-0.0,22.67,38586.16,-1
2024-11-25,2024-11-25 14:02:00,1704.21,1704.21,1704.21,1704.21,0.0,22.67,38586.16,0
2024-11-25,2024-11-25 14:03:00,1704.21,1704.21,1704.2,1704.2,-0.0,22.67,38586.16,-1
2024-11-25,2024-11-25 14:04:00,1704.2,1704.2,1704.2,1704.2,0.0,22.67,38586.16,0
2024-11-25,2024-11-25 14:05:00,1704.2,1704.2,1704.19,1704.19,-0.0,22.67,38586.16,-1
2024-11-25,2024-11-25 14:06:00,1704.19,1704.19,1704.19,1704.19,0.0,22.67,38586.16,0
2024-11-25,2024-11-25 14:07:00,1704.19,1704.19,1704.18,1704.18,-0.0,22.67,38586.16,-1
2024-11-25,2024-11-25 14:08:00,1704.18,1704.18,1704.18,1704.18,0.0,22.67,38586.16,0
2024-11-25,2024-11-25 14:09:00,1704.18,1704.18,1704.17,1704.17,-0.0,22.67,38586.16,-1
2024-11-25,2024-11-25 14:10:00,1704.17,1704.17,1704.17,1704.17,0.0,22.67,38586.16,0
2024-11-25,2024-11-25 14:11:00,1704.17,1704.17,1704.16,1704.16,-0.0,22.67,38586.16,-1
2024-11-25,2024-11-25 14:12:00,1704.16,1704.16,1704.15,1704.15,-0.0,22.67,38586.16,-1
2024-11-25,2024-11-25 14:13:00,1704.15,1704.15,1704.15,1704.15,0.0,22.67,38586.16,0
2024-11-25,2024-11-25 14:14:00,1704.15,1704.15,1704.14,1704.14,-0.0,22.67,38586.16,-1
2024-11-25,2024-11-25 14:15:00,1704.14,1704.14,1704.14,1704.14,0.0,22.67,38586.16,0
2024-11-25,2024-11-25 14:16:00,1704.14,1704.14,1704.13,1704.13,-0.0,22.67,38586.16,-1
2024-11-25,2024-11-25 14:17:00,1704.13,1704.13,1704.13,1704.13,0.0,22.67,38586.16,0
2024-11-25,2024-11-25 14:18:00,1704.13,1704.13,1704.12,1704.12,-0.0,22.67,38586.16,-1
2024-11-25,2024-11-25 14:19:00,1704.12,1704.12,1704.12,1704.12,0.0,22.67,38586.16,0
2024-11-25,2024-11-25 14:20:00,1704.12,1704.12,1704.11,1704.11,-0.0,22.67,38586.16,-1
2024-11-25,2024-11-25 14:21:00,1704.11,1704.11,1704.11,1704.11,0.0,22.67,38586.16,0
2024-11-25,2024-11-25 14:22:00,1704.11,1704.11,1704.1,1704.1,-0.0,22.67,38586.16,-1
2024-11-25,2024-11-25 14:23:00,1704.1,1704.1,1704.1,1704.1,0.0,22.67,38586.16,0
2024-11-25,2024-11-25 14:24:00,1704.1,1704.1,1704.09,1704.09,-0.0,22.67,38586.16,-1
2024-11-25,2024-11-25 14:25:00,1704.09,1704.09,1704.08,1704.08,-0.0,22.67,38586.16,-1
2024-11-25,2024-11-25 14:26:00,1704.08,1704.08,1704.08,1704.08,0.0,22.67,38586.16,0
2024-11-25,2024-11-25 14:27:00,1704.08,1704.08,1704.07,1704.07,-0.0,22.67,38586.16,-1
2024-11-25,2024-11-25 14:28:00,1704.07,1704.07,1704.07,1704.07,0.0,22.67,38586.16,0
2024-11-25,2024-11-25 14:29:00,1704.07,1704.07,1704.06,1704.06,-0.0,22.67,38586.16,-1
2024-11-25,2024-11-25 14:30:00,1704.06,1704.06,1704.06,1704.06,0.0,22.67,38586.16,0
2024-11-25,2024-11-25 14:31:00,1704.06,1704.06,1704.05,1704.05,-0.0,22.67,38586.16,-1
2024-11-25,2024-11-25 14:32:00,1704.05,1704.05,1704.05,1704.05,0.0,22.67,38586.16,0
2024-11-25,2024-11-25 14:33:00,1704.05,1704.05,1704.04,1704.04,-0.0,22.67,38586.16,-1
2024-11-25,2024-11-25 14:34:00,1704.04,1704.04,1704.04,1704.04,0.0,22.67,38586.16,0
2024-11-25,2024-11-25 14:35:00,1704.04,1704.04,1704.03,1704.03,-0.0,22.67,38586.16,-1
2024-11-25,2024-11-25 14:36:00,1704.03,1704.03,1704.02,1704.02,-0.0,22.67,38586.16,-1
2024-11-25,2024-11-25 14:37:00,1704.02,1704.02,1704.02,1704.02,0.0,22.67,38586.16,0
2024-11-25,2024-11-25 14:38:00,1704.02,1704.02,1704.01,1704.01,-0.0,22.67,38586.16,-1
2024-11-25,2024-11-25 14:39:00,1704.01,1704.01,1704.01,1704.01,0.0,22.67,38586.16,0
2024-11-25,2024-11-25 14:40:00,1704.01,1704.01,1704.0,1704.0,-0.0,22.67,38586.16,-1
2024-11-25,2024-11-25 14:41:00,1704.0,1704.0,1704.0,1704.0,0.0,22.67,38586.16,0
2024-11-25,2024-11-25 14:42:00,1704.0,1704.0,1703.99,1703.99,-0.0,22.67,38586.16,-1
2024-11-25,2024-11-25 14:43:00,1703.99,1703.99,1703.99,1703.99,0.0,22.67,38586.16,0
2024-11-25,2024-11-25 14:44:00,1703.99,1703.99,1703.98,1703.98,-0.0,22.67,38586.16,-1
2024-11-25,2024-11-25 14:45:00,1703.98,1703.98,1703.98,1703.98,0.0,22.67,38586.16,0
2024-11-25,2024-11-25 14:46:00,1703.98,1703.98,1703.97,1703.97,-0.0,22.67,38586.16,-1
2024-11-25,2024-11-25 14:47:00,1703.97,1703.97,1703.97,1703.97,0.0,22.67,38586.16,0
2024-11-25,2024-11-25 14:48:00,1703.97,1703.97,1703.96,1703.96,-0.0,22.67,38586.16,-1
2024-11-25,2024-11-25 14:49:00,1703.96,1703.96,1703.95,1703.95,-0.0,22.67,38586.16,-1
2024-11-25,2024-11-25 14:50:00,1703.95,1703.95,1703.95,1703.95,0.0,22.67,38586.16,0
2024-11-25,2024-11-25 14:51:00,1703.95,1703.95,1703.94,1703.94,-0.0,22.67,38586.16,-1
2024-11-25,2024-11-25 14:52:00,1703.94,1703.94,1703.94,1703.94,0.0,22.67,38586.16,0
2024-11-25,2024-11-25 14:53:00,1703.94,1703.94,1703.93,1703.93,-0.0,22.67,38586.16,-1
2024-11-25,2024-11-25 14:54:00,1703.93,1703.93,1703.93,1703.93,0.0,22.67,38586.16,0
2024-11-25,2024-11-25 14:55:00,1703.93,1703.93,1703.92,1703.92,-0.0,22.67,38586.16,-1
2024-11-25,2024-11-25 14:56:00,1703.92,1703.92,1703.92,1703.92,0.0,22.67,38586.16,0
2024-11-25,2024-11-25 14:57:00,1703.92,1703.92,1703.91,1703.91,-0.0,22.67,38586.16,-1
2024-11-25,2024-11-25 14:58:00,1703.91,1703.91,1703.91,1703.91,0.0,22.67,38586.16,0
2024-11-25,2024-11-25 14:59:00,1703.91,1703.91,1703.9,1703.9,-0.0,22.67,38586.16,-1
2024-11-25,2024-11-25 15:00:00,1703.9,1774.0,1686.1,1703.9,0.0,22.67,38586.16,0
2024-11-26,2024-11-26 11:00:00,1736.9,1747.13,1718.33,1736.81,-0.01,29.39,50212.07,-1
2024-11-26,2024-11-26 11:01:00,1736.81,1736.81,1736.71,1736.71,-0.01,29.39,50212.07,-1
2024-11-26,2024-11-26 11:02:00,1736.71,1736.71,1736.62,1736.62,-0.01,29.39,50212.07,-1
2024-11-26,2024-11-26 11:03:00,1736.62,1736.62,1736.52,1736.52,-0.01,29.39,50212.07,-1
2024-11-26,2024-11-26 11:04:00,1736.52,1736.52,1736.43,1736.43,-0.01,29.39,50212.07,-1
2024-11-26,2024-11-26 11:05:00,1736.43,1736.43,1736.33,1736.33,-0.01,29.39,50212.07,-1
2024-11-26,2024-11-26 11:06:00,1736.33,1736.33,1736.24,1736.24,-0.01,29.39,50212.07,-1
2024-11-26,2024-11-26 11:07:00,1736.24,1736.24,1736.14,1736.14,-0.01,29.39,50212.07,-1
2024-11-26,2024-11-26 11:08:00,1736.14,1736.14,1736.05,1736.05,-0.01,29.39,50212.07,-1
2024-11-26,2024-11-26 11:09:00,1736.05,1736.05,1735.95,1735.95,-0.01,29.39,50212.07,-1
2024-11-26,2024-11-26 11:10:00,1735.95,1735.95,1735.86,1735.86,-0.01,29.39,50212.07,-1
2024-11-26,2024-11-26 11:11:00,1735.86,1735.86,1735.76,1735.76,-0.01,29.39,50212.07,-1
2024-11-26,2024-11-26 11:12:00,1735.76,1735.76,1735.67,1735.67,-0.01,29.39,50212.07,-1
2024-11-26,2024-11-26 11:13:00,1735.67,1735.67,1735.57,1735.57,-0.01,29.39,50212.07,-1
2024-11-26,2024-11-26 11:14:00,1735.57,1735.57,1735.48,1735.48,-0.01,29.39,50212.07,-1
2024-11-26,2024-11-26 11:15:00,1735.48,1735.48,1735.38,1735.38,-0.01,29.39,50212.07,-1
2024-11-26,2024-11-26 11:16:00,1735.38,1735.38,1735.29,1735.29,-0.01,29.39,50212.07,-1
2024-11-26,2024-11-26 11:17:00,1735.29,1735.29,1735.19,1735.19,-0.01,29.39,50212.07,-1
2024-11-26,2024-11-26 11:18:00,1735.19,1735.19,1735.1,1735.1,-0.01,29.39,50212.07,-1
2024-11-26,2024-11-26 11:19:00,1735.1,1735.1,1735.0,1735.0,-0.01,29.39,50212.07,-1
2024-11-26,2024-11-26 11:20:00,1735.0,1735.0,1734.9,1734.9,-0.01,29.39,50212.07,-1
2024-11-26,2024-11-26 11:21:00,1734.9,1734.9,1734.81,1734.81,-0.01,29.39,50212.07,-1
2024-11-26,2024-11-26 11:22:00,1734.81,1734.81,1734.72,1734.72,-0.01,29.39,50212.07,-1
2024-11-26,2024-11-26 11:23:00,1734.72,1734.72,1734.62,1734.62,-0.01,29.39,50212.07,-1
2024-11-26,2024-11-26 11:24:00,1734.62,1734.62,1734.53,1734.53,-0.01,29.39,50212.07,-1
2024-11-26,2024-11-26 11:25:00,1734.53,1734.53,1734.43,1734.43,-0.01,29.39,50212.07,-1
2024-11-26,2024-11-26 11:26:00,1734.43,1734.43,1734.34,1734.34,-0.01,29.39,50212.07,-1
2024-11-26,2024-11-26 11:27:00,1734.34,1734.34,1734.24,1734.24,-0.01,29.39,50212.07,-1
2024-11-26,2024-11-26 11:28:00,1734.24,1734.24,1734.14,1734.14,-0.01,29.39,50212.07,-1
2024-11-26,2024-11-26 11:29:00,1734.14,1734.14,1734.05,1734.05,-0.01,29.39,50212.07,-1
2024-11-26,2024-11-26 11:30:00,1734.05,1734.05,1733.96,1733.96,-0.01,29.39,50212.07,-1
2024-11-26,2024-11-26 11:31:00,1733.96,1733.96,1733.86,1733.86,-0.01,29.39,50212.07,-1
2024-11-26,2024-11-26 11:32:00,1733.86,1733.86,1733.77,1733.77,-0.01,29.39,50212.07,-1
2024-11-26,2024-11-26 11:33:00,1733.77,1733.77,1733.67,1733.67,-0.01,29.39,50212.07,-1
2024-11-26,2024-11-26 11:34:00,1733.67,1733.67,1733.58,1733.58,-0.01,29.39,50212.07,-1
2024-11-26,2024-11-26 11:35:00,1733.58,1733.58,1733.48,1733.48,-0.01,29.39,50212.07,-1
2024-11-26,2024-11-26 11:36:00,1733.48,1733.48,1733.38,1733.38,-0.01,29.39,50212.07,-1
2024-11-26,2024-11-26 11:37:00,1733.38,1733.38,1733.29,1733.29,-0.01,29.39,50212.07,-1
2024-11-26,2024-11-26 11:38:00,1733.29,1733.29,1733.2,1733.2,-0.01,29.39,50212.07,-1
2024-11-26,2024-11-26 11:39:00,1733.2,1733.2,1733.1,1733.1,-0.01,29.39,50212.07,-1
2024-11-26,2024-11-26 11:40:00,1733.1,1733.1,1733.01,1733.01,-0.01,29.39,50212.07,-1
2024-11-26,2024-11-26 11:41:00,1733.01,1733.01,1732.91,1732.91,-0.01,29.39,50212.07,-1
2024-11-26,2024-11-26 11:42:00,1732.91,1732.91,1732.82,1732.82,-0.01,29.39,50212.07,-1
2024-11-26,2024-11-26 11:43:00,1732.82,1732.82,1732.72,1732.72,-0.01,29.39,50212.07,-1
2024-11-26,2024-11-26 11:44:00,1732.72,1732.72,1732.62,1732.62,-0.01,29.39,50212.07,-1
2024-11-26,2024-11-26 11:45:00,1732.62,1732.62,1732.53,1732.53,-0.01,29.39,50212.07,-1
2024-11-26,2024-11-26 11:46:00,1732.53,1732.53,1732.43,1732.43,-0.01,29.39,50212.07,-1
2024-11-26,2024-11-26 11:47:00,1732.43,1732.43,1732.34,1732.34,-0.01,29.39,50212.07,-1
2024-11-26,2024-11-26 11:48:00,1732.34,1732.34,1732.25,1732.25,-0.01,29.39,50212.07,-1
2024-11-26,2024-11-26 11:49:00,1732.25,1732.25,1732.15,1732.15,-0.01,29.39,50212.07,-1
2024-11-26,2024-11-26 11:50:00,1732.15,1732.15,1732.06,1732.06,-0.01,29.39,50212.07,-1
2024-11-26,2024-11-26 11:51:00,1732.06,1732.06,1731.96,1731.96,-0.01,29.39,50212.07,-1
2024-11-26,2024-11-26 11:52:00,1731.96,1731.96,1731.87,1731.87,-0.01,29.39,50212.07,-1
2024-11-26,2024-11-26 11:53:00,1731.87,1731.87,1731.77,1731.77,-0.01,29.39,50212.07,-1
2024-11-26,2024-11-26 11:54:00,1731.77,1731.77,1731.67,1731.67,-0.01,29.39,50212.07,-1
2024-11-26,2024-11-26 11:55:00,1731.67,1731.67,1731.58,1731.58,-0.01,29.39,50212.07,-1
2024-11-26,2024-11-26 11:56:00,1731.58,1731.58,1731.49,1731.49,-0.01,29.39,50212.07,-1
2024-11-26,2024-11-26 11:57:00,1731.49,1731.49,1731.39,1731.39,-0.01,29.39,50212.07,-1
2024-11-26,2024-11-26 11:58:00,1731.39,1731.39,1731.3,1731.3,-0.01,29.39,50212.07,-1
2024-11-26,2024-11-26 11:59:00,1731.3,1731.3,1731.2,1731.2,-0.01,29.39,50212.07,-1
2024-11-26,2024-11-26 12:00:00,1731.2,1731.2,1731.11,1731.11,-0.01,29.39,50212.07,-1
2024-11-26,2024-11-26 12:01:00,1731.11,1731.11,1731.01,1731.01,-0.01,29.39,50212.07,-1
2024-11-26,2024-11-26 12:02:00,1731.01,1731.01,1730.91,1730.91,-0.01,29.39,50212.07,-1
2024-11-26,2024-11-26 12:03:00,1730.91,1730.91,1730.82,1730.82,-0.01,29.39,50212.07,-1
2024-11-26,2024-11-26 12:04:00,1730.82,1730.82,1730.73,1730.73,-0.01,29.39,50212.07,-1
2024-11-26,2024-11-26 12:05:00,1730.73,1730.73,1730.63,1730.63,-0.01,29.39,50212.07,-1
2024-11-26,2024-11-26 12:06:00,1730.63,1730.63,1730.54,1730.54,-0.01,29.39,50212.07,-1
2024-11-26,2024-11-26 12:07:00,1730.54,1730.54,1730.44,1730.44,-0.01,29.39,50212.07,-1
2024-11-26,2024-11-26 12:08:00,1730.44,1730.44,1730.35,1730.35,-0.01,29.39,50212.07,-1
2024-11-26,2024-11-26 12:09:00,1730.35,1730.35,1730.25,1730.25,-0.01,29.39,50212.07,-1
2024-11-26,2024-11-26 12:10:00,1730.25,1730.25,1730.15,1730.15,-0.01,29.39,50212.07,-1
2024-11-26,2024-11-26 12:11:00,1730.15,1730.15,1730.06,1730.06,-0.01,29.39,50212.07,-1
2024-11-26,2024-11-26 12:12:00,1730.06,1730.06,1729.97,1729.97,-0.01,29.39,50212.07,-1
2024-11-26,2024-11-26 12:13:00,1729.97,1729.97,1729.87,1729.87,-0.01,29.39,50212.07,-1
2024-11-26,2024-11-26 12:14:00,1729.87,1729.87,1729.78,1729.78,-0.01,29.39,50212.07,-1
2024-11-26,2024-11-26 12:15:00,1729.78,1729.78,1729.68,1729.68,-0.01,29.39,50212.07,-1
2024-11-26,2024-11-26 12:16:00,1729.68,1729.68,1729.59,1729.59,-0.01,29.39,50212.07,-1
2024-11-26,2024-11-26 12:17:00,1729.59,1729.59,1729.49,1729.49,-0.01,29.39,50212.07,-1
2024-11-26,2024-11-26 12:18:00,1729.49,1729.49,1729.39,1729.39,-0.01,29.39,50212.07,-1
2024-11-26,2024-11-26 12:19:00,1729.39,1729.39,1729.3,1729.3,-0.01,29.39,50212.07,-1
2024-11-26,2024-11-26 12:20:00,1729.3,1729.3,1729.2,1729.2,-0.01,29.39,50212.07,-1
2024-11-26,2024-11-26 12:21:00,1729.2,1729.2,1729.11,1729.11,-0.01,29.39,50212.07,-1
2024-11-26,2024-11-26 12:22:00,1729.11,1729.11,1729.02,1729.02,-0.01,29.39,50212.07,-1
2024-11-26,2024-11-26 12:23:00,1729.02,1729.02,1728.92,1728.92,-0.01,29.39,50212.07,-1
2024-11-26,2024-11-26 12:24:00,1728.92,1728.92,1728.83,1728.83,-0.01,29.39,50212.07,-1
2024-11-26,2024-11-26 12:25:00,1728.83,1728.83,1728.73,1728.73,-0.01,29.39,50212.07,-1
2024-11-26,2024-11-26 12:26:00,1728.73,1728.73,1728.63,1728.63,-0.01,29.39,50212.07,-1
2024-11-26,2024-11-26 12:27:00,1728.63,1728.63,1728.54,1728.54,-0.01,29.39,50212.07,-1
2024-11-26,2024-11-26 12:28:00,1728.54,1728.54,1728.44,1728.44,-0.01,29.39,50212.07,-1
2024-11-26,2024-11-26 12:29:00,1728.44,1728.44,1728.35,1728.35,-0.01,29.39,50212.07,-1
2024-11-26,2024-11-26 12:30:00,1728.35,1728.35,1728.26,1728.26,-0.01,29.39,50212.07,-1
2024-11-26,2024-11-26 12:31:00,1728.26,1728.26,1728.16,1728.16,-0.01,29.39,50212.07,-1
2024-11-26,2024-11-26 12:32:00,1728.16,1728.16,1728.07,1728.07,-0.01,29.39,50212.07,-1
2024-11-26,2024-11-26 12:33:00,1728.07,1728.07,1727.97,1727.97,-0.01,29.39,50212.07,-1
2024-11-26,2024-11-26 12:34:00,1727.97,1727.97,1727.88,1727.88,-0.01,29.39,50212.07,-1
2024-11-26,2024-11-26 12:35:00,1727.88,1727.88,1727.78,1727.78,-0.01,29.39,50212.07,-1
2024-11-26,2024-11-26 12:36:00,1727.78,1727.78,1727.68,1727.68,-0.01,29.39,50212.07,-1
2024-11-26,2024-11-26 12:37:00,1727.68,1727.68,1727.59,1727.59,-0.01,29.39,50212.07,-1
2024-11-26,2024-11-26 12:38:00,1727.59,1727.59,1727.5,1727.5,-0.01,29.39,50212.07,-1
2024-11-26,2024-11-26 12:39:00,1727.5,1727.5,1727.4,1727.4,-0.01,29.39,50212.07,-1
2024-11-26,2024-11-26 12:40:00,1727.4,1727.4,1727.31,1727.31,-0.01,29.39,50212.07,-1
2024-11-26,2024-11-26 12:41:00,1727.31,1727.31,1727.21,1727.21,-0.01,29.39,50212.07,-1
2024-11-26,2024-11-26 12:42:00,1727.21,1727.21,1727.12,1727.12,-0.01,29.39,50212.07,-1
2024-11-26,2024-11-26 12:43:00,1727.12,1727.12,1727.02,1727.02,-0.01,29.39,50212.07,-1
2024-11-26,2024-11-26 12:44:00,1727.02,1727.02,1726.92,1726.92,-0.01,29.39,50212.07,-1
2024-11-26,2024-11-26 12:45:00,1726.92,1726.92,1726.83,1726.83,-0.01,29.39,50212.07,-1
2024-11-26,2024-11-26 12:46:00,1726.83,1726.83,1726.73,1726.73,-0.01,29.39,50212.07,-1
2024-11-26,2024-11-26 12:47:00,1726.73,1726.73,1726.64,1726.64,-0.01,29.39,50212.07,-1
2024-11-26,2024-11-26 12:48:00,1726.64,1726.64,1726.55,1726.55,-0.01,29.39,50212.07,-1
2024-11-26,2024-11-26 12:49:00,1726.55,1726.55,1726.45,1726.45,-0.01,29.39,50212.07,-1
2024-11-26,2024-11-26 12:50:00,1726.45,1726.45,1726.36,1726.36,-0.01,29.39,50212.07,-1
2024-11-26,2024-11-26 12:51:00,1726.36,1726.36,1726.26,1726.26,-0.01,29.39,50212.07,-1
2024-11-26,2024-11-26 12:52:00,1726.26,1726.26,1726.16,1726.16,-0.01,29.39,50212.07,-1
2024-11-26,2024-11-26 12:53:00,1726.16,1726.16,1726.07,1726.07,-0.01,29.39,50212.07,-1
2024-11-26,2024-11-26 12:54:00,1726.07,1726.07,1725.97,1725.97,-0.01,29.39,50212.07,-1
2024-11-26,2024-11-26 12:55:00,1725.97,1725.97,1725.88,1725.88,-0.01,29.39,50212.07,-1
2024-11-26,2024-11-26 12:56:00,1725.88,1725.88,1725.79,1725.79,-0.01,29.39,50212.07,-1
2024-11-26,2024-11-26 12:57:00,1725.79,1725.79,1725.69,1725.69,-0.01,29.39,50212.07,-1
2024-11-26,2024-11-26 12:58:00,1725.69,1725.69,1725.6,1725.6,-0.01,29.39,50212.07,-1
2024-11-26,2024-11-26 12:59:00,1725.6,1725.6,1725.5,1725.5,-0.01,29.39,50212.07,-1
2024-11-26,2024-11-26 13:00:00,1725.5,1771.0,1675.0,1725.4,-0.01,29.39,50212.07,-1
2024-11-26,2024-11-26 13:01:00,1725.4,1725.4,1725.31,1725.31,-0.01,29.39,50212.07,-1
2024-11-26,2024-11-26 13:02:00,1725.31,1725.31,1725.21,1725.21,-0.01,29.39,50212.07,-1
2024-11-26,2024-11-26 13:03:00,1725.21,1725.21,1725.12,1725.12,-0.01,29.39,50212.07,-1
2024-11-26,2024-11-26 13:04:00,1725.12,1725.12,1725.03,1725.03,-0.01,29.39,50212.07,-1
2024-11-26,2024-11-26 13:05:00,1725.03,1725.03,1724.93,1724.93,-0.01,29.39,50212.07,-1
2024-11-26,2024-11-26 13:06:00,1724.93,1724.93,1724.84,1724.84,-0.01,29.39,50212.07,-1
2024-11-26,2024-11-26 13:07:00,1724.84,1724.84,1724.74,1724.74,-0.01,29.39,50212.07,-1
2024-11-26,2024-11-26 13:08:00,1724.74,1724.74,1724.64,1724.64,-0.01,29.39,50212.07,-1
2024-11-26,2024-11-26 13:09:00,1724.64,1724.64,1724.55,1724.55,-0.01,29.39,50212.07,-1
2024-11-26,2024-11-26 13:10:00,1724.55,1724.55,1724.45,1724.45,-0.01,29.39,50212.07,-1
2024-11-26,2024-11-26 13:11:00,1724.45,1724.45,1724.36,1724.36,-0.01,29.39,50212.07,-1
2024-11-26,2024-11-26 13:12:00,1724.36,1724.36,1724.27,1724.27,-0.01,29.39,50212.07,-1
2024-11-26,2024-11-26 13:13:00,1724.27,1724.27,1724.17,1724.17,-0.01,29.39,50212.07,-1
2024-11-26,2024-11-26 13:14:00,1724.17,1724.17,1724.08,1724.08,-0.01,29.39,50212.07,-1
2024-11-26,2024-11-26 13:15:00,1724.08,1724.08,1723.98,1723.98,-0.01,29.39,50212.07,-1
2024-11-26,2024-11-26 13:16:00,1723.98,1723.98,1723.88,1723.88,-0.01,29.39,50212.07,-1
2024-11-26,2024-11-26 13:17:00,1723.88,1723.88,1723.79,1723.79,-0.01,29.39,50212.07,-1
2024-11-26,2024-11-26 13:18:00,1723.79,1723.79,1723.69,1723.69,-0.01,29.39,50212.07,-1
2024-11-26,2024-11-26 13:19:00,1723.69,1723.69,1723.6,1723.6,-0.01,29.39,50212.07,-1
2024-11-26,2024-11-26 13:20:00,1723.6,1723.6,1723.5,1723.5,-0.01,29.39,50212.07,-1
2024-11-26,2024-11-26 13:21:00,1723.5,1723.5,1723.41,1723.41,-0.01,29.39,50212.07,-1
2024-11-26,2024-11-26 13:22:00,1723.41,1723.41,1723.32,1723.32,-0.01,29.39,50212.07,-1
2024-11-26,2024-11-26 13:23:00,1723.32,1723.32,1723.22,1723.22,-0.01,29.39,50212.07,-1
2024-11-26,2024-11-26 13:24:00,1723.22,1723.22,1723.12,1723.12,-0.01,29.39,50212.07,-1
2024-11-26,2024-11-26 13:25:00,1723.12,1723.12,1723.03,1723.03,-0.01,29.39,50212.07,-1
2024-11-26,2024-11-26 13:26:00,1723.03,1723.03,1722.93,1722.93,-0.01,29.39,50212.07,-1
2024-11-26,2024-11-26 13:27:00,1722.93,1722.93,1722.84,1722.84,-0.01,29.39,50212.07,-1
2024-11-26,2024-11-26 13:28:00,1722.84,1722.84,1722.74,1722.74,-0.01,29.39,50212.07,-1
2024-11-26,2024-11-26 13:29:00,1722.74,1722.74,1722.65,1722.65,-0.01,29.39,50212.07,-1
2024-11-26,2024-11-26 13:30:00,1722.65,1722.65,1722.56,1722.56,-0.01,29.39,50212.07,-1
2024-11-26,2024-11-26 13:31:00,1722.56,1722.56,1722.46,1722.46,-0.01,29.39,50212.07,-1
2024-11-26,2024-11-26 13:32:00,1722.46,1722.46,1722.37,1722.37,-0.01,29.39,50212.07,-1
2024-11-26,2024-11-26 13:33:00,1722.37,1722.37,1722.27,1722.27,-0.01,29.39,50212.07,-1
2024-11-26,2024-11-26 13:34:00,1722.27,1722.27,1722.17,1722.17,-0.01,29.39,50212.07,-1
2024-11-26,2024-11-26 13:35:00,1722.17,1722.17,1722.08,1722.08,-0.01,29.39,50212.07,-1
2024-11-26,2024-11-26 13:36:00,1722.08,1722.08,1721.98,1721.98,-0.01,29.39,50212.07,-1
2024-11-26,2024-11-26 13:37:00,1721.98,1721.98,1721.89,1721.89,-0.01,29.39,50212.07,-1
2024-11-26,2024-11-26 13:38:00,1721.89,1721.89,1721.8,1721.8,-0.01,29.39,50212.07,-1
2024-11-26,2024-11-26 13:39:00,1721.8,1721.8,1721.7,1721.7,-0.01,29.39,50212.07,-1
2024-11-26,2024-11-26 13:40:00,1721.7,1721.7,1721.61,1721.61,-0.01,29.39,50212.07,-1
2024-11-26,2024-11-26 13:41:00,1721.61,1721.61,1721.51,1721.51,-0.01,29.39,50212.07,-1
2024-11-26,2024-11-26 13:42:00,1721.51,1721.51,1721.41,1721.41,-0.01,29.39,50212.07,-1
2024-11-26,2024-11-26 13:43:00,1721.41,1721.41,1721.32,1721.32,-0.01,29.39,50212.07,-1
2024-11-26,2024-11-26 13:44:00,1721.32,1721.32,1721.22,1721.22,-0.01,29.39,50212.07,-1
2024-11-26,2024-11-26 13:45:00,1721.22,1721.22,1721.13,1721.13,-0.01,29.39,50212.07,-1
2024-11-26,2024-11-26 13:46:00,1721.13,1721.13,1721.03,1721.03,-0.01,29.39,50212.07,-1
2024-11-26,2024-11-26 13:47:00,1721.03,1721.03,1720.94,1720.94,-0.01,29.39,50212.07,-1
2024-11-26,2024-11-26 13:48:00,1720.94,1720.94,1720.85,1720.85,-0.01,29.39,50212.07,-1
2024-11-26,2024-11-26 13:49:00,1720.85,1720.85,1720.75,1720.75,-0.01,29.39,50212.07,-1
2024-11-26,2024-11-26 13:50:00,1720.75,1720.75,1720.65,1720.65,-0.01,29.39,50212.07,-1
2024-11-26,2024-11-26 13:51:00,1720.65,1720.65,1720.56,1720.56,-0.01,29.39,50212.07,-1
2024-11-26,2024-11-26 13:52:00,1720.56,1720.56,1720.46,1720.46,-0.01,29.39,50212.07,-1
2024-11-26,2024-11-26 13:53:00,1720.46,1720.46,1720.37,1720.37,-0.01,29.39,50212.07,-1
2024-11-26,2024-11-26 13:54:00,1720.37,1720.37,1720.27,1720.27,-0.01,29.39,50212.07,-1
2024-11-26,2024-11-26 13:55:00,1720.27,1720.27,1720.18,1720.18,-0.01,29.39,50212.07,-1
2024-11-26,2024-11-26 13:56:00,1720.18,1720.18,1720.09,1720.09,-0.01,29.39,50212.07,-1
2024-11-26,2024-11-26 13:57:00,1720.09,1720.09,1719.99,1719.99,-0.01,29.39,50212.07,-1
2024-11-26,2024-11-26 13:58:00,1719.99,1719.99,1719.89,1719.89,-0.01,29.39,50212.07,-1
2024-11-26,2024-11-26 13:59:00,1719.89,1719.89,1719.8,1719.8,-0.01,29.39,50212.07,-1
2024-11-26,2024-11-26 14:00:00,1719.8,1719.8,1719.7,1719.7,-0.01,29.39,50212.07,-1
2024-11-26,2024-11-26 14:01:00,1719.7,1719.7,1719.61,1719.61,-0.01,29.39,50212.07,-1
2024-11-26,2024-11-26 14:02:00,1719.61,1719.61,1719.51,1719.51,-0.01,29.39,50212.07,-1
2024-11-26,2024-11-26 14:03:00,1719.51,1719.51,1719.42,1719.42,-0.01,29.39,50212.07,-1
2024-11-26,2024-11-26 14:04:00,1719.42,1719.42,1719.33,1719.33,-0.01,29.39,50212.07,-1
2024-11-26,2024-11-26 14:05:00,1719.33,1719.33,1719.23,1719.23,-0.01,29.39,50212.07,-1
2024-11-26,2024-11-26 14:06:00,1719.23,1719.23,1719.13,1719.13,-0.01,29.39,50212.07,-1
2024-11-26,2024-11-26 14:07:00,1719.13,1719.13,1719.04,1719.04,-0.01,29.39,50212.07,-1
2024-11-26,2024-11-26 14:08:00,1719.04,1719.04,1718.94,1718.94,-0.01,29.39,50212.07,-1
2024-11-26,2024-11-26 14:09:00,1718.94,1718.94,1718.85,1718.85,-0.01,29.39,50212.07,-1
2024-11-26,2024-11-26 14:10:00,1718.85,1718.85,1718.75,1718.75,-0.01,29.39,50212.07,-1
2024-11-26,2024-11-26 14:11:00,1718.75,1718.75,1718.66,1718.66,-0.01,29.39,50212.07,-1
2024-11-26,2024-11-26 14:12:00,1718.66,1718.66,1718.57,1718.57,-0.01,29.39,50212.07,-1
2024-11-26,2024-11-26 14:13:00,1718.57,1718.57,1718.47,1718.47,-0.01,29.39,50212.07,-1
2024-11-26,2024-11-26 14:14:00,1718.47,1718.47,1718.38,1718.38,-0.01,29.39,50212.07,-1
2024-11-26,2024-11-26 14:15:00,1718.38,1718.38,1718.28,1718.28,-0.01,29.39,50212.07,-1
2024-11-26,2024-11-26 14:16:00,1718.28,1718.28,1718.18,1718.18,-0.01,29.39,50212.07,-1
2024-11-26,2024-11-26 14:17:00,1718.18,1718.18,1718.09,1718.09,-0.01,29.39,50212.07,-1
2024-11-26,2024-11-26 14:18:00,1718.09,1718.09,1717.99,1717.99,-0.01,29.39,50212.07,-1
2024-11-26,2024-11-26 14:19:00,1717.99,1717.99,1717.9,1717.9,-0.01,29.39,50212.07,-1
2024-11-26,2024-11-26 14:20:00,1717.9,1717.9,1717.8,1717.8,-0.01,29.39,50212.07,-1
2024-11-26,2024-11-26 14:21:00,1717.8,1717.8,1717.71,1717.71,-0.01,29.39,50212.07,-1
2024-11-26,2024-11-26 14:22:00,1717.71,1717.71,1717.62,1717.62,-0.01,29.39,50212.07,-1
2024-11-26,2024-11-26 14:23:00,1717.62,1717.62,1717.52,1717.52,-0.01,29.39,50212.07,-1
2024-11-26,2024-11-26 14:24:00,1717.52,1717.52,1717.42,1717.42,-0.01,29.39,50212.07,-1
2024-11-26,2024-11-26 14:25:00,1717.42,1717.42,1717.33,1717.33,-0.01,29.39,50212.07,-1
2024-11-26,2024-11-26 14:26:00,1717.33,1717.33,1717.23,1717.23,-0.01,29.39,50212.07,-1
2024-11-26,2024-11-26 14:27:00,1717.23,1717.23,1717.14,1717.14,-0.01,29.39,50212.07,-1
2024-11-26,2024-11-26 14:28:00,1717.14,1717.14,1717.04,1717.04,-0.01,29.39,50212.07,-1
2024-11-26,2024-11-26 14:29:00,1717.04,1717.04,1716.95,1716.95,-0.01,29.39,50212.07,-1
2024-11-26,2024-11-26 14:30:00,1716.95,1716.95,1716.86,1716.86,-0.01,29.39,50212.07,-1
2024-11-26,2024-11-26 14:31:00,1716.86,1716.86,1716.76,1716.76,-0.01,29.39,50212.07,-1
2024-11-26,2024-11-26 14:32:00,1716.76,1716.76,1716.66,1716.66,-0.01,29.39,50212.07,-1
2024-11-26,2024-11-26 14:33:00,1716.66,1716.66,1716.57,1716.57,-0.01,29.39,50212.07,-1
2024-11-26,2024-11-26 14:34:00,1716.57,1716.57,1716.47,1716.47,-0.01,29.39,50212.07,-1
2024-11-26,2024-11-26 14:35:00,1716.47,1716.47,1716.38,1716.38,-0.01,29.39,50212.07,-1
2024-11-26,2024-11-26 14:36:00,1716.38,1716.38,1716.28,1716.28,-0.01,29.39,50212.07,-1
2024-11-26,2024-11-26 14:37:00,1716.28,1716.28,1716.19,1716.19,-0.01,29.39,50212.07,-1
2024-11-26,2024-11-26 14:38:00,1716.19,1716.19,1716.1,1716.1,-0.01,29.39,50212.07,-1
2024-11-26,2024-11-26 14:39:00,1716.1,1716.1,1716.0,1716.0,-0.01,29.39,50212.07,-1
2024-11-26,2024-11-26 14:40:00,1716.0,1716.0,1715.9,1715.9,-0.01,29.39,50212.07,-1
2024-11-26,2024-11-26 14:41:00,1715.9,1715.9,1715.81,1715.81,-0.01,29.39,50212.07,-1
2024-11-26,2024-11-26 14:42:00,1715.81,1715.81,1715.71,1715.71,-0.01,29.39,50212.07,-1
2024-11-26,2024-11-26 14:43:00,1715.71,1715.71,1715.62,1715.62,-0.01,29.39,50212.07,-1
2024-11-26,2024-11-26 14:44:00,1715.62,1715.62,1715.52,1715.52,-0.01,29.39,50212.07,-1
2024-11-26,2024-11-26 14:45:00,1715.52,1715.52,1715.43,1715.43,-0.01,29.39,50212.07,-1
2024-11-26,2024-11-26 14:46:00,1715.43,1715.43,1715.33,1715.33,-0.01,29.39,50212.07,-1
2024-11-26,2024-11-26 14:47:00,1715.33,1715.33,1715.24,1715.24,-0.01,29.39,50212.07,-1
2024-11-26,2024-11-26 14:48:00,1715.24,1715.24,1715.14,1715.14,-0.01,29.39,50212.07,-1
2024-11-26,2024-11-26 14:49:00,1715.14,1715.14,1715.05,1715.05,-0.01,29.39,50212.07,-1
2024-11-26,2024-11-26 14:50:00,1715.05,1715.05,1714.95,1714.95,-0.01,29.39,50212.07,-1
2024-11-26,2024-11-26 14:51:00,1714.95,1714.95,1714.86,1714.86,-0.01,29.39,50212.07,-1
2024-11-26,2024-11-26 14:52:00,1714.86,1714.86,1714.76,1714.76,-0.01,29.39,50212.07,-1
2024-11-26,2024-11-26 14:53:00,1714.76,1714.76,1714.67,1714.67,-0.01,29.39,50212.07,-1
2024-11-26,2024-11-26 14:54:00,1714.67,1714.67,1714.57,1714.57,-0.01,29.39,50212.07,-1
2024-11-26,2024-11-26 14:55:00,1714.57,1714.57,1714.48,1714.48,-0.01,29.39,50212.07,-1
2024-11-26,2024-11-26 14:56:00,1714.48,1714.48,1714.38,1714.38,-0.01,29.39,50212.07,-1
2024-11-26,2024-11-26 14:57:00,1714.38,1714.38,1714.29,1714.29,-0.01,29.39,50212.07,-1
2024-11-26,2024-11-26 14:58:00,1714.29,1714.29,1714.19,1714.19,-0.01,29.39,50212.07,-1
2024-11-26,2024-11-26 14:59:00,1714.19,1714.19,1714.1,1714.1,-0.01,29.39,50212.07,-1
2024-11-26,2024-11-26 15:00:00,1714.1,1771.0,1675.0,1714.1,0.0,29.39,50212.07,0
2024-11-27,2024-11-27 11:00:00,1700.0,1715.6,1697.0,1700.1,0.01,42.09,72261.77,1
2024-11-27,2024-11-27 11:01:00,1700.1,1700.2,1700.1,1700.2,0.01,42.09,72261.77,1
2024-11-27,2024-11-27 11:02:00,1700.2,1700.3,1700.2,1700.3,0.01,42.09,72261.77,1
2024-11-27,2024-11-27 11:03:00,1700.3,1700.4,1700.3,1700.4,0.01,42.09,72261.77,1
2024-11-27,2024-11-27 11:04:00,1700.4,1700.5,1700.4,1700.5,0.01,42.09,72261.77,1
2024-11-27,2024-11-27 11:05:00,1700.5,1700.6,1700.5,1700.6,0.01,42.09,72261.77,1
2024-11-27,2024-11-27 11:06:00,1700.6,1700.7,1700.6,1700.7,0.01,42.09,72261.77,1
2024-11-27,2024-11-27 11:07:00,1700.7,1700.8,1700.7,1700.8,0.01,42.09,72261.77,1
2024-11-27,2024-11-27 11:08:00,1700.8,1700.9,1700.8,1700.9,0.01,42.09,72261.77,1
2024-11-27,2024-11-27 11:09:00,1700.9,1701.0,1700.9,1701.0,0.01,42.09,72261.77,1
2024-11-27,2024-11-27 11:10:00,1701.0,1701.1,1701.0,1701.1,0.01,42.09,72261.77,1
2024-11-27,2024-11-27 11:11:00,1701.1,1701.2,1701.1,1701.2,0.01,42.09,72261.77,1
2024-11-27,2024-11-27 11:12:00,1701.2,1701.3,1701.2,1701.3,0.01,42.09,72261.77,1
2024-11-27,2024-11-27 11:13:00,1701.3,1701.4,1701.3,1701.4,0.01,42.09,72261.77,1
2024-11-27,2024-11-27 11:14:00,1701.4,1701.5,1701.4,1701.5,0.01,42.09,72261.77,1
2024-11-27,2024-11-27 11:15:00,1701.5,1701.6,1701.5,1701.6,0.01,42.09,72261.77,1
2024-11-27,2024-11-27 11:16:00,1701.6,1701.7,1701.6,1701.7,0.01,42.09,72261.77,1
2024-11-27,2024-11-27 11:17:00,1701.7,1701.8,1701.7,1701.8,0.01,42.09,72261.77,1
2024-11-27,2024-11-27 11:18:00,1701.8,1701.9,1701.8,1701.9,0.01,42.09,72261.77,1
2024-11-27,2024-11-27 11:19:00,1701.9,1702.0,1701.9,1702.0,0.01,42.09,72261.77,1
2024-11-27,2024-11-27 11:20:00,1702.0,1702.1,1702.0,1702.1,0.01,42.09,72261.77,1
2024-11-27,2024-11-27 11:21:00,1702.1,1702.2,1702.1,1702.2,0.01,42.09,72261.77,1
2024-11-27,2024-11-27 11:22:00,1702.2,1702.3,1702.2,1702.3,0.01,42.09,72261.77,1
2024-11-27,2024-11-27 11:23:00,1702.3,1702.4,1702.3,1702.4,0.01,42.09,72261.77,1
2024-11-27,2024-11-27 11:24:00,1702.4,1702.5,1702.4,1702.5,0.01,42.09,72261.77,1
2024-11-27,2024-11-27 11:25:00,1702.5,1702.6,1702.5,1702.6,0.01,42.09,72261.77,1
2024-11-27,2024-11-27 11:26:00,1702.6,1702.7,1702.6,1702.7,0.01,42.09,72261.77,1
2024-11-27,2024-11-27 11:27:00,1702.7,1702.8,1702.7,1702.8,0.01,42.09,72261.77,1
2024-11-27,2024-11-27 11:28:00,1702.8,1702.9,1702.8,1702.9,0.01,42.09,72261.77,1
2024-11-27,2024-11-27 11:29:00,1702.9,1703.0,1702.9,1703.0,0.01,42.09,72261.77,1
2024-11-27,2024-11-27 11:30:00,1703.0,1703.1,1703.0,1703.1,0.01,42.09,72261.77,1
2024-11-27,2024-11-27 11:31:00,1703.1,1703.2,1703.1,1703.2,0.01,42.09,72261.77,1
2024-11-27,2024-11-27 11:32:00,1703.2,1703.3,1703.2,1703.3,0.01,42.09,72261.77,1
2024-11-27,2024-11-27 11:33:00,1703.3,1703.4,1703.3,1703.4,0.01,42.09,72261.77,1
2024-11-27,2024-11-27 11:34:00,1703.4,1703.5,1703.4,1703.5,0.01,42.09,72261.77,1
2024-11-27,2024-11-27 11:35:00,1703.5,1703.6,1703.5,1703.6,0.01,42.09,72261.77,1
2024-11-27,2024-11-27 11:36:00,1703.6,1703.7,1703.6,1703.7,0.01,42.09,72261.77,1
2024-11-27,2024-11-27 11:37:00,1703.7,1703.8,1703.7,1703.8,0.01,42.09,72261.77,1
2024-11-27,2024-11-27 11:38:00,1703.8,1703.9,1703.8,1703.9,0.01,42.09,72261.77,1
2024-11-27,2024-11-27 11:39:00,1703.9,1704.0,1703.9,1704.0,0.01,42.09,72261.77,1
2024-11-27,2024-11-27 11:40:00,1704.0,1704.1,1704.0,1704.1,0.01,42.09,72261.77,1
2024-11-27,2024-11-27 11:41:00,1704.1,1704.2,1704.1,1704.2,0.01,42.09,72261.77,1
2024-11-27,2024-11-27 11:42:00,1704.2,1704.3,1704.2,1704.3,0.01,42.09,72261.77,1
2024-11-27,2024-11-27 11:43:00,1704.3,1704.4,1704.3,1704.4,0.01,42.09,72261.77,1
2024-11-27,2024-11-27 11:44:00,1704.4,1704.5,1704.4,1704.5,0.01,42.09,72261.77,1
2024-11-27,2024-11-27 11:45:00,1704.5,1704.6,1704.5,1704.6,0.01,42.09,72261.77,1
2024-11-27,2024-11-27 11:46:00,1704.6,1704.7,1704.6,1704.7,0.01,42.09,72261.77,1
2024-11-27,2024-11-27 11:47:00,1704.7,1704.8,1704.7,1704.8,0.01,42.09,72261.77,1
2024-11-27,2024-11-27 11:48:00,1704.8,1704.9,1704.8,1704.9,0.01,42.09,72261.77,1
2024-11-27,2024-11-27 11:49:00,1704.9,1705.0,1704.9,1705.0,0.01,42.09,72261.77,1
2024-11-27,2024-11-27 11:50:00,1705.0,1705.1,1705.0,1705.1,0.01,42.09,72261.77,1
2024-11-27,2024-11-27 11:51:00,1705.1,1705.2,1705.1,1705.2,0.01,42.09,72261.77,1
2024-11-27,2024-11-27 11:52:00,1705.2,1705.3,1705.2,1705.3,0.01,42.09,72261.77,1
2024-11-27,2024-11-27 11:53:00,1705.3,1705.4,1705.3,1705.4,0.01,42.09,72261.77,1
2024-11-27,2024-11-27 11:54:00,1705.4,1705.5,1705.4,1705.5,0.01,42.09,72261.77,1
2024-11-27,2024-11-27 11:55:00,1705.5,1705.6,1705.5,1705.6,0.01,42.09,72261.77,1
2024-11-27,2024-11-27 11:56:00,1705.6,1705.7,1705.6,1705.7,0.01,42.09,72261.77,1
2024-11-27,2024-11-27 11:57:00,1705.7,1705.8,1705.7,1705.8,0.01,42.09,72261.77,1
2024-11-27,2024-11-27 11:58:00,1705.8,1705.9,1705.8,1705.9,0.01,42.09,72261.77,1
2024-11-27,2024-11-27 11:59:00,1705.9,1706.0,1705.9,1706.0,0.01,42.09,72261.77,1
2024-11-27,2024-11-27 12:00:00,1706.0,1706.1,1706.0,1706.1,0.01,42.09,72261.77,1
2024-11-27,2024-11-27 12:01:00,1706.1,1706.2,1706.1,1706.2,0.01,42.09,72261.77,1
2024-11-27,2024-11-27 12:02:00,1706.2,1706.3,1706.2,1706.3,0.01,42.09,72261.77,1
2024-11-27,2024-11-27 12:03:00,1706.3,1706.4,1706.3,1706.4,0.01,42.09,72261.77,1
2024-11-27,2024-11-27 12:04:00,1706.4,1706.5,1706.4,1706.5,0.01,42.09,72261.77,1
2024-11-27,2024-11-27 12:05:00,1706.5,1706.6,1706.5,1706.6,0.01,42.09,72261.77,1
2024-11-27,2024-11-27 12:06:00,1706.6,1706.7,1706.6,1706.7,0.01,42.09,72261.77,1
2024-11-27,2024-11-27 12:07:00,1706.7,1706.8,1706.7,1706.8,0.01,42.09,72261.77,1
2024-11-27,2024-11-27 12:08:00,1706.8,1706.9,1706.8,1706.9,0.01,42.09,72261.77,1
2024-11-27,2024-11-27 12:09:00,1706.9,1707.0,1706.9,1707.0,0.01,42.09,72261.77,1
2024-11-27,2024-11-27 12:10:00,1707.0,1707.1,1707.0,1707.1,0.01,42.09,72261.77,1
2024-11-27,2024-11-27 12:11:00,1707.1,1707.2,1707.1,1707.2,0.01,42.09,72261.77,1
2024-11-27,2024-11-27 12:12:00,1707.2,1707.3,1707.2,1707.3,0.01,42.09,72261.77,1
2024-11-27,2024-11-27 12:13:00,1707.3,1707.4,1707.3,1707.4,0.01,42.09,72261.77,1
2024-11-27,2024-11-27 12:14:00,1707.4,1707.5,1707.4,1707.5,0.01,42.09,72261.77,1
2024-11-27,2024-11-27 12:15:00,1707.5,1707.6,1707.5,1707.6,0.01,42.09,72261.77,1
2024-11-27,2024-11-27 12:16:00,1707.6,1707.7,1707.6,1707.7,0.01,42.09,72261.77,1
2024-11-27,2024-11-27 12:17:00,1707.7,1707.8,1707.7,1707.8,0.01,42.09,72261.77,1
2024-11-27,2024-11-27 12:18:00,1707.8,1707.9,1707.8,1707.9,0.01,42.09,72261.77,1
2024-11-27,2024-11-27 12:19:00,1707.9,1708.0,1707.9,1708.0,0.01,42.09,72261.77,1
2024-11-27,2024-11-27 12:20:00,1708.0,1708.1,1708.0,1708.1,0.01,42.09,72261.77,1
2024-11-27,2024-11-27 12:21:00,1708.1,1708.2,1708.1,1708.2,0.01,42.09,72261.77,1
2024-11-27,2024-11-27 12:22:00,1708.2,1708.3,1708.2,1708.3,0.01,42.09,72261.77,1
2024-11-27,2024-11-27 12:23:00,1708.3,1708.4,1708.3,1708.4,0.01,42.09,72261.77,1
2024-11-27,2024-11-27 12:24:00,1708.4,1708.5,1708.4,1708.5,0.01,42.09,72261.77,1
2024-11-27,2024-11-27 12:25:00,1708.5,1708.6,1708.5,1708.6,0.01,42.09,72261.77,1
2024-11-27,2024-11-27 12:26:00,1708.6,1708.7,1708.6,1708.7,0.01,42.09,72261.77,1
2024-11-27,2024-11-27 12:27:00,1708.7,1708.8,1708.7,1708.8,0.01,42.09,72261.77,1
2024-11-27,2024-11-27 12:28:00,1708.8,1708.9,1708.8,1708.9,0.01,42.09,72261.77,1
2024-11-27,2024-11-27 12:29:00,1708.9,1709.0,1708.9,1709.0,0.01,42.09,72261.77,1
2024-11-27,2024-11-27 12:30:00,1709.0,1709.1,1709.0,1709.1,0.01,42.09,72261.77,1
2024-11-27,2024-11-27 12:31:00,1709.1,1709.2,1709.1,1709.2,0.01,42.09,72261.77,1
2024-11-27,2024-11-27 12:32:00,1709.2,1709.3,1709.2,1709.3,0.01,42.09,72261.77,1
2024-11-27,2024-11-27 12:33:00,1709.3,1709.4,1709.3,1709.4,0.01,42.09,72261.77,1
2024-11-27,2024-11-27 12:34:00,1709.4,1709.5,1709.4,1709.5,0.01,42.09,72261.77,1
2024-11-27,2024-11-27 12:35:00,1709.5,1709.6,1709.5,1709.6,0.01,42.09,72261.77,1
2024-11-27,2024-11-27 12:36:00,1709.6,1709.7,1709.6,1709.7,0.01,42.09,72261.77,1
2024-11-27,2024-11-27 12:37:00,1709.7,1709.8,1709.7,1709.8,0.01,42.09,72261.77,1
2024-11-27,2024-11-27 12:38:00,1709.8,1709.9,1709.8,1709.9,0.01,42.09,72261.77,1
2024-11-27,2024-11-27 12:39:00,1709.9,1710.0,1709.9,1710.0,0.01,42.09,72261.77,1
2024-11-27,2024-11-27 12:40:00,1710.0,1710.1,1710.0,1710.1,0.01,42.09,72261.77,1
2024-11-27,2024-11-27 12:41:00,1710.1,1710.2,1710.1,1710.2,0.01,42.09,72261.77,1
2024-11-27,2024-11-27 12:42:00,1710.2,1710.3,1710.2,1710.3,0.01,42.09,72261.77,1
2024-11-27,2024-11-27 12:43:00,1710.3,1710.4,1710.3,1710.4,0.01,42.09,72261.77,1
2024-11-27,2024-11-27 12:44:00,1710.4,1710.5,1710.4,1710.5,0.01,42.09,72261.77,1
2024-11-27,2024-11-27 12:45:00,1710.5,1710.6,1710.5,1710.6,0.01,42.09,72261.77,1
2024-11-27,2024-11-27 12:46:00,1710.6,1710.7,1710.6,1710.7,0.01,42.09,72261.77,1
2024-11-27,2024-11-27 12:47:00,1710.7,1710.8,1710.7,1710.8,0.01,42.09,72261.77,1
2024-11-27,2024-11-27 12:48:00,1710.8,1710.9,1710.8,1710.9,0.01,42.09,72261.77,1
2024-11-27,2024-11-27 12:49:00,1710.9,1711.0,1710.9,1711.0,0.01,42.09,72261.77,1
2024-11-27,2024-11-27 12:50:00,1711.0,1711.1,1711.0,1711.1,0.01,42.09,72261.77,1
2024-11-27,2024-11-27 12:51:00,1711.1,1711.2,1711.1,1711.2,0.01,42.09,72261.77,1
2024-11-27,2024-11-27 12:52:00,1711.2,1711.3,1711.2,1711.3,0.01,42.09,72261.77,1
2024-11-27,2024-11-27 12:53:00,1711.3,1711.4,1711.3,1711.4,0.01,42.09,72261.77,1
2024-11-27,2024-11-27 12:54:00,1711.4,1711.5,1711.4,1711.5,0.01,42.09,72261.77,1
2024-11-27,2024-11-27 12:55:00,1711.5,1711.6,1711.5,1711.6,0.01,42.09,72261.77,1
2024-11-27,2024-11-27 12:56:00,1711.6,1711.7,1711.6,1711.7,0.01,42.09,72261.77,1
2024-11-27,2024-11-27 12:57:00,1711.7,1711.8,1711.7,1711.8,0.01,42.09,72261.77,1
2024-11-27,2024-11-27 12:58:00,1711.8,1711.9,1711.8,1711.9,0.01,42.09,72261.77,1
2024-11-27,2024-11-27 12:59:00,1711.9,1712.0,1711.9,1712.0,0.01,42.09,72261.77,1
2024-11-27,2024-11-27 13:00:00,1712.0,1752.0,1690.0,1712.1,0.01,42.09,72261.77,1
2024-11-27,2024-11-27 13:01:00,1712.1,1712.2,1712.1,1712.2,0.01,42.09,72261.77,1
2024-11-27,2024-11-27 13:02:00,1712.2,1712.3,1712.2,1712.3,0.01,42.09,72261.77,1
2024-11-27,2024-11-27 13:03:00,1712.3,1712.4,1712.3,1712.4,0.01,42.09,72261.77,1
2024-11-27,2024-11-27 13:04:00,1712.4,1712.5,1712.4,1712.5,0.01,42.09,72261.77,1
2024-11-27,2024-11-27 13:05:00,1712.5,1712.6,1712.5,1712.6,0.01,42.09,72261.77,1
2024-11-27,2024-11-27 13:06:00,1712.6,1712.7,1712.6,1712.7,0.01,42.09,72261.77,1
2024-11-27,2024-11-27 13:07:00,1712.7,1712.8,1712.7,1712.8,0.01,42.09,72261.77,1
2024-11-27,2024-11-27 13:08:00,1712.8,1712.9,1712.8,1712.9,0.01,42.09,72261.77,1
2024-11-27,2024-11-27 13:09:00,1712.9,1713.0,1712.9,1713.0,0.01,42.09,72261.77,1
2024-11-27,2024-11-27 13:10:00,1713.0,1713.1,1713.0,1713.1,0.01,42.09,72261.77,1
2024-11-27,2024-11-27 13:11:00,1713.1,1713.2,1713.1,1713.2,0.01,42.09,72261.77,1
2024-11-27,2024-11-27 13:12:00,1713.2,1713.3,1713.2,1713.3,0.01,42.09,72261.77,1
2024-11-27,2024-11-27 13:13:00,1713.3,1713.4,1713.3,1713.4,0.01,42.09,72261.77,1
2024-11-27,2024-11-27 13:14:00,1713.4,1713.5,1713.4,1713.5,0.01,42.09,72261.77,1
2024-11-27,2024-11-27 13:15:00,1713.5,1713.6,1713.5,1713.6,0.01,42.09,72261.77,1
2024-11-27,2024-11-27 13:16:00,1713.6,1713.7,1713.6,1713.7,0.01,42.09,72261.77,1
2024-11-27,2024-11-27 13:17:00,1713.7,1713.8,1713.7,1713.8,0.01,42.09,72261.77,1
2024-11-27,2024-11-27 13:18:00,1713.8,1713.9,1713.8,1713.9,0.01,42.09,72261.77,1
2024-11-27,2024-11-27 13:19:00,1713.9,1714.0,1713.9,1714.0,0.01,42.09,72261.77,1
2024-11-27,2024-11-27 13:20:00,1714.0,1714.1,1714.0,1714.1,0.01,42.09,72261.77,1
2024-11-27,2024-11-27 13:21:00,1714.1,1714.2,1714.1,1714.2,0.01,42.09,72261.77,1
2024-11-27,2024-11-27 13:22:00,1714.2,1714.3,1714.2,1714.3,0.01,42.09,72261.77,1
2024-11-27,2024-11-27 13:23:00,1714.3,1714.4,1714.3,1714.4,0.01,42.09,72261.77,1
2024-11-27,2024-11-27 13:24:00,1714.4,1714.5,1714.4,1714.5,0.01,42.09,72261.77,1
2024-11-27,2024-11-27 13:25:00,1714.5,1714.6,1714.5,1714.6,0.01,42.09,72261.77,1
2024-11-27,2024-11-27 13:26:00,1714.6,1714.7,1714.6,1714.7,0.01,42.09,72261.77,1
2024-11-27,2024-11-27 13:27:00,1714.7,1714.8,1714.7,1714.8,0.01,42.09,72261.77,1
2024-11-27,2024-11-27 13:28:00,1714.8,1714.9,1714.8,1714.9,0.01,42.09,72261.77,1
2024-11-27,2024-11-27 13:29:00,1714.9,1715.0,1714.9,1715.0,0.01,42.09,72261.77,1
2024-11-27,2024-11-27 13:30:00,1715.0,1715.1,1715.0,1715.1,0.01,42.09,72261.77,1
2024-11-27,2024-11-27 13:31:00,1715.1,1715.2,1715.1,1715.2,0.01,42.09,72261.77,1
2024-11-27,2024-11-27 13:32:00,1715.2,1715.3,1715.2,1715.3,0.01,42.09,72261.77,1
2024-11-27,2024-11-27 13:33:00,1715.3,1715.4,1715.3,1715.4,0.01,42.09,72261.77,1
2024-11-27,2024-11-27 13:34:00,1715.4,1715.5,1715.4,1715.5,0.01,42.09,72261.77,1
2024-11-27,2024-11-27 13:35:00,1715.5,1715.6,1715.5,1715.6,0.01,42.09,72261.77,1
2024-11-27,2024-11-27 13:36:00,1715.6,1715.7,1715.6,1715.7,0.01,42.09,72261.77,1
2024-11-27,2024-11-27 13:37:00,1715.7,1715.8,1715.7,1715.8,0.01,42.09,72261.77,1
2024-11-27,2024-11-27 13:38:00,1715.8,1715.9,1715.8,1715.9,0.01,42.09,72261.77,1
2024-11-27,2024-11-27 13:39:00,1715.9,1716.0,1715.9,1716.0,0.01,42.09,72261.77,1
2024-11-27,2024-11-27 13:40:00,1716.0,1716.1,1716.0,1716.1,0.01,42.09,72261.77,1
2024-11-27,2024-11-27 13:41:00,1716.1,1716.2,1716.1,1716.2,0.01,42.09,72261.77,1
2024-11-27,2024-11-27 13:42:00,1716.2,1716.3,1716.2,1716.3,0.01,42.09,72261.77,1
2024-11-27,2024-11-27 13:43:00,1716.3,1716.4,1716.3,1716.4,0.01,42.09,72261.77,1
2024-11-27,2024-11-27 13:44:00,1716.4,1716.5,1716.4,1716.5,0.01,42.09,72261.77,1
2024-11-27,2024-11-27 13:45:00,1716.5,1716.6,1716.5,1716.6,0.01,42.09,72261.77,1
2024-11-27,2024-11-27 13:46:00,1716.6,1716.7,1716.6,1716.7,0.01,42.09,72261.77,1
2024-11-27,2024-11-27 13:47:00,1716.7,1716.8,1716.7,1716.8,0.01,42.09,72261.77,1
2024-11-27,2024-11-27 13:48:00,1716.8,1716.9,1716.8,1716.9,0.01,42.09,72261.77,1
2024-11-27,2024-11-27 13:49:00,1716.9,1717.0,1716.9,1717.0,0.01,42.09,72261.77,1
2024-11-27,2024-11-27 13:50:00,1717.0,1717.1,1717.0,1717.1,0.01,42.09,72261.77,1
2024-11-27,2024-11-27 13:51:00,1717.1,1717.2,1717.1,1717.2,0.01,42.09,72261.77,1
2024-11-27,2024-11-27 13:52:00,1717.2,1717.3,1717.2,1717.3,0.01,42.09,72261.77,1
2024-11-27,2024-11-27 13:53:00,1717.3,1717.4,1717.3,1717.4,0.01,42.09,72261.77,1
2024-11-27,2024-11-27 13:54:00,1717.4,1717.5,1717.4,1717.5,0.01,42.09,72261.77,1
2024-11-27,2024-11-27 13:55:00,1717.5,1717.6,1717.5,1717.6,0.01,42.09,72261.77,1
2024-11-27,2024-11-27 13:56:00,1717.6,1717.7,1717.6,1717.7,0.01,42.09,72261.77,1
2024-11-27,2024-11-27 13:57:00,1717.7,1717.8,1717.7,1717.8,0.01,42.09,72261.77,1
2024-11-27,2024-11-27 13:58:00,1717.8,1717.9,1717.8,1717.9,0.01,42.09,72261.77,1
2024-11-27,2024-11-27 13:59:00,1717.9,1718.0,1717.9,1718.0,0.01,42.09,72261.77,1
2024-11-27,2024-11-27 14:00:00,1718.0,1718.1,1718.0,1718.1,0.01,42.09,72261.77,1
2024-11-27,2024-11-27 14:01:00,1718.1,1718.2,1718.1,1718.2,0.01,42.09,72261.77,1
2024-11-27,2024-11-27 14:02:00,1718.2,1718.3,1718.2,1718.3,0.01,42.09,72261.77,1
2024-11-27,2024-11-27 14:03:00,1718.3,1718.4,1718.3,1718.4,0.01,42.09,72261.77,1
2024-11-27,2024-11-27 14:04:00,1718.4,1718.5,1718.4,1718.5,0.01,42.09,72261.77,1
2024-11-27,2024-11-27 14:05:00,1718.5,1718.6,1718.5,1718.6,0.01,42.09,72261.77,1
2024-11-27,2024-11-27 14:06:00,1718.6,1718.7,1718.6,1718.7,0.01,42.09,72261.77,1
2024-11-27,2024-11-27 14:07:00,1718.7,1718.8,1718.7,1718.8,0.01,42.09,72261.77,1
2024-11-27,2024-11-27 14:08:00,1718.8,1718.9,1718.8,1718.9,0.01,42.09,72261.77,1
2024-11-27,2024-11-27 14:09:00,1718.9,1719.0,1718.9,1719.0,0.01,42.09,72261.77,1
2024-11-27,2024-11-27 14:10:00,1719.0,1719.1,1719.0,1719.1,0.01,42.09,72261.77,1
2024-11-27,2024-11-27 14:11:00,1719.1,1719.2,1719.1,1719.2,0.01,42.09,72261.77,1
2024-11-27,2024-11-27 14:12:00,1719.2,1719.3,1719.2,1719.3,0.01,42.09,72261.77,1
2024-11-27,2024-11-27 14:13:00,1719.3,1719.4,1719.3,1719.4,0.01,42.09,72261.77,1
2024-11-27,2024-11-27 14:14:00,1719.4,1719.5,1719.4,1719.5,0.01,42.09,72261.77,1
2024-11-27,2024-11-27 14:15:00,1719.5,1719.6,1719.5,1719.6,0.01,42.09,72261.77,1
2024-11-27,2024-11-27 14:16:00,1719.6,1719.7,1719.6,1719.7,0.01,42.09,72261.77,1
2024-11-27,2024-11-27 14:17:00,1719.7,1719.8,1719.7,1719.8,0.01,42.09,72261.77,1
2024-11-27,2024-11-27 14:18:00,1719.8,1719.9,1719.8,1719.9,0.01,42.09,72261.77,1
2024-11-27,2024-11-27 14:19:00,1719.9,1720.0,1719.9,1720.0,0.01,42.09,72261.77,1
2024-11-27,2024-11-27 14:20:00,1720.0,1720.1,1720.0,1720.1,0.01,42.09,72261.77,1
2024-11-27,2024-11-27 14:21:00,1720.1,1720.2,1720.1,1720.2,0.01,42.09,72261.77,1
2024-11-27,2024-11-27 14:22:00,1720.2,1720.3,1720.2,1720.3,0.01,42.09,72261.77,1
2024-11-27,2024-11-27 14:23:00,1720.3,1720.4,1720.3,1720.4,0.01,42.09,72261.77,1
2024-11-27,2024-11-27 14:24:00,1720.4,1720.5,1720.4,1720.5,0.01,42.09,72261.77,1
2024-11-27,2024-11-27 14:25:00,1720.5,1720.6,1720.5,1720.6,0.01,42.09,72261.77,1
2024-11-27,2024-11-27 14:26:00,1720.6,1720.7,1720.6,1720.7,0.01,42.09,72261.77,1
2024-11-27,2024-11-27 14:27:00,1720.7,1720.8,1720.7,1720.8,0.01,42.09,72261.77,1
2024-11-27,2024-11-27 14:28:00,1720.8,1720.9,1720.8,1720.9,0.01,42.09,72261.77,1
2024-11-27,2024-11-27 14:29:00,1720.9,1721.0,1720.9,1721.0,0.01,42.09,72261.77,1
2024-11-27,2024-11-27 14:30:00,1721.0,1721.1,1721.0,1721.1,0.01,42.09,72261.77,1
2024-11-27,2024-11-27 14:31:00,1721.1,1721.2,1721.1,1721.2,0.01,42.09,72261.77,1
2024-11-27,2024-11-27 14:32:00,1721.2,1721.3,1721.2,1721.3,0.01,42.09,72261.77,1
2024-11-27,2024-11-27 14:33:00,1721.3,1721.4,1721.3,1721.4,0.01,42.09,72261.77,1
2024-11-27,2024-11-27 14:34:00,1721.4,1721.5,1721.4,1721.5,0.01,42.09,72261.77,1
2024-11-27,2024-11-27 14:35:00,1721.5,1721.6,1721.5,1721.6,0.01,42.09,72261.77,1
2024-11-27,2024-11-27 14:36:00,1721.6,1721.7,1721.6,1721.7,0.01,42.09,72261.77,1
2024-11-27,2024-11-27 14:37:00,1721.7,1721.8,1721.7,1721.8,0.01,42.09,72261.77,1
2024-11-27,2024-11-27 14:38:00,1721.8,1721.9,1721.8,1721.9,0.01,42.09,72261.77,1
2024-11-27,2024-11-27 14:39:00,1721.9,1722.0,1721.9,1722.0,0.01,42.09,72261.77,1
2024-11-27,2024-11-27 14:40:00,1722.0,1722.1,1722.0,1722.1,0.01,42.09,72261.77,1
2024-11-27,2024-11-27 14:41:00,1722.1,1722.2,1722.1,1722.2,0.01,42.09,72261.77,1
2024-11-27,2024-11-27 14:42:00,1722.2,1722.3,1722.2,1722.3,0.01,42.09,72261.77,1
2024-11-27,2024-11-27 14:43:00,1722.3,1722.4,1722.3,1722.4,0.01,42.09,72261.77,1
2024-11-27,2024-11-27 14:44:00,1722.4,1722.5,1722.4,1722.5,0.01,42.09,72261.77,1
2024-11-27,2024-11-27 14:45:00,1722.5,1722.6,1722.5,1722.6,0.01,42.09,72261.77,1
2024-11-27,2024-11-27 14:46:00,1722.6,1722.7,1722.6,1722.7,0.01,42.09,72261.77,1
2024-11-27,2024-11-27 14:47:00,1722.7,1722.8,1722.7,1722.8,0.01,42.09,72261.77,1
2024-11-27,2024-11-27 14:48:00,1722.8,1722.9,1722.8,1722.9,0.01,42.09,72261.77,1
2024-11-27,2024-11-27 14:49:00,1722.9,1723.0,1722.9,1723.0,0.01,42.09,72261.77,1
2024-11-27,2024-11-27 14:50:00,1723.0,1723.1,1723.0,1723.1,0.01,42.09,72261.77,1
2024-11-27,2024-11-27 14:51:00,1723.1,1723.2,1723.1,1723.2,0.01,42.09,72261.77,1
2024-11-27,2024-11-27 14:52:00,1723.2,1723.3,1723.2,1723.3,0.01,42.09,72261.77,1
2024-11-27,2024-11-27 14:53:00,1723.3,1723.4,1723.3,1723.4,0.01,42.09,72261.77,1
2024-11-27,2024-11-27 14:54:00,1723.4,1723.5,1723.4,1723.5,0.01,42.09,72261.77,1
2024-11-27,2024-11-27 14:55:00,1723.5,1723.6,1723.5,1723.6,0.01,42.09,72261.77,1
2024-11-27,2024-11-27 14:56:00,1723.6,1723.7,1723.6,1723.7,0.01,42.09,72261.77,1
2024-11-27,2024-11-27 14:57:00,1723.7,1723.8,1723.7,1723.8,0.01,42.09,72261.77,1
2024-11-27,2024-11-27 14:58:00,1723.8,1723.9,1723.8,1723.9,0.01,42.09,72261.77,1
2024-11-27,2024-11-27 14:59:00,1723.9,1724.0,1723.9,1724.0,0.01,42.09,72261.77,1
2024-11-27,2024-11-27 15:00:00,1724.0,1752.0,1690.0,1724.0,0.0,42.09,72261.77,0
2024-11-28,2024-11-28 11:00:00,1702.0,1716.4,1701.4,1702.03,0.0,43.93,75480.94,1
2024-11-28,2024-11-28 11:01:00,1702.03,1702.07,1702.03,1702.07,0.0,43.93,75480.94,1
2024-11-28,2024-11-28 11:02:00,1702.07,1702.1,1702.07,1702.1,0.0,43.93,75480.94,1
2024-11-28,2024-11-28 11:03:00,1702.1,1702.13,1702.1,1702.13,0.0,43.93,75480.94,1
2024-11-28,2024-11-28 11:04:00,1702.13,1702.17,1702.13,1702.17,0.0,43.93,75480.94,1
2024-11-28,2024-11-28 11:05:00,1702.17,1702.2,1702.17,1702.2,0.0,43.93,75480.94,1
2024-11-28,2024-11-28 11:06:00,1702.2,1702.24,1702.2,1702.24,0.0,43.93,75480.94,1
2024-11-28,2024-11-28 11:07:00,1702.24,1702.27,1702.24,1702.27,0.0,43.93,75480.94,1
2024-11-28,2024-11-28 11:08:00,1702.27,1702.3,1702.27,1702.3,0.0,43.93,75480.94,1
2024-11-28,2024-11-28 11:09:00,1702.3,1702.34,1702.3,1702.34,0.0,43.93,75480.94,1
2024-11-28,2024-11-28 11:10:00,1702.34,1702.37,1702.34,1702.37,0.0,43.93,75480.94,1
2024-11-28,2024-11-28 11:11:00,1702.37,1702.4,1702.37,1702.4,0.0,43.93,75480.94,1
2024-11-28,2024-11-28 11:12:00,1702.4,1702.44,1702.4,1702.44,0.0,43.93,75480.94,1
2024-11-28,2024-11-28 11:13:00,1702.44,1702.47,1702.44,1702.47,0.0,43.93,75480.94,1
2024-11-28,2024-11-28 11:14:00,1702.47,1702.51,1702.47,1702.51,0.0,43.93,75480.94,1
2024-11-28,2024-11-28 11:15:00,1702.51,1702.54,1702.51,1702.54,0.0,43.93,75480.94,1
2024-11-28,2024-11-28 11:16:00,1702.54,1702.57,1702.54,1702.57,0.0,43.93,75480.94,1
2024-11-28,2024-11-28 11:17:00,1702.57,1702.61,1702.57,1702.61,0.0,43.93,75480.94,1
2024-11-28,2024-11-28 11:18:00,1702.61,1702.64,1702.61,1702.64,0.0,43.93,75480.94,1
2024-11-28,2024-11-28 11:19:00,1702.64,1702.67,1702.64,1702.67,0.0,43.93,75480.94,1
2024-11-28,2024-11-28 11:20:00,1702.67,1702.71,1702.67,1702.71,0.0,43.93,75480.94,1
2024-11-28,2024-11-28 11:21:00,1702.71,1702.74,1702.71,1702.74,0.0,43.93,75480.94,1
2024-11-28,2024-11-28 11:22:00,1702.74,1702.78,1702.74,1702.78,0.0,43.93,75480.94,1
2024-11-28,2024-11-28 11:23:00,1702.78,1702.81,1702.78,1702.81,0.0,43.93,75480.94,1
2024-11-28,2024-11-28 11:24:00,1702.81,1702.84,1702.81,1702.84,0.0,43.93,75480.94,1
2024-11-28,2024-11-28 11:25:00,1702.84,1702.88,1702.84,1702.88,0.0,43.93,75480.94,1
2024-11-28,2024-11-28 11:26:00,1702.88,1702.91,1702.88,1702.91,0.0,43.93,75480.94,1
2024-11-28,2024-11-28 11:27:00,1702.91,1702.94,1702.91,1702.94,0.0,43.93,75480.94,1
2024-11-28,2024-11-28 11:28:00,1702.94,1702.98,1702.94,1702.98,0.0,43.93,75480.94,1
2024-11-28,2024-11-28 11:29:00,1702.98,1703.01,1702.98,1703.01,0.0,43.93,75480.94,1
2024-11-28,2024-11-28 11:30:00,1703.01,1703.05,1703.01,1703.05,0.0,43.93,75480.94,1
2024-11-28,2024-11-28 11:31:00,1703.05,1703.08,1703.05,1703.08,0.0,43.93,75480.94,1
2024-11-28,2024-11-28 11:32:00,1703.08,1703.11,1703.08,1703.11,0.0,43.93,75480.94,1
2024-11-28,2024-11-28 11:33:00,1703.11,1703.15,1703.11,1703.15,0.0,43.93,75480.94,1
2024-11-28,2024-11-28 11:34:00,1703.15,1703.18,1703.15,1703.18,0.0,43.93,75480.94,1
2024-11-28,2024-11-28 11:35:00,1703.18,1703.21,1703.18,1703.21,0.0,43.93,75480.94,1
2024-11-28,2024-11-28 11:36:00,1703.21,1703.25,1703.21,1703.25,0.0,43.93,75480.94,1
2024-11-28,2024-11-28 11:37:00,1703.25,1703.28,1703.25,1703.28,0.0,43.93,75480.94,1
2024-11-28,2024-11-28 11:38:00,1703.28,1703.32,1703.28,1703.32,0.0,43.93,75480.94,1
2024-11-28,2024-11-28 11:39:00,1703.32,1703.35,1703.32,1703.35,0.0,43.93,75480.94,1
2024-11-28,2024-11-28 11:40:00,1703.35,1703.38,1703.35,1703.38,0.0,43.93,75480.94,1
2024-11-28,2024-11-28 11:41:00,1703.38,1703.42,1703.38,1703.42,0.0,43.93,75480.94,1
2024-11-28,2024-11-28 11:42:00,1703.42,1703.45,1703.42,1703.45,0.0,43.93,75480.94,1
2024-11-28,2024-11-28 11:43:00,1703.45,1703.48,1703.45,1703.48,0.0,43.93,75480.94,1
2024-11-28,2024-11-28 11:44:00,1703.48,1703.52,1703.48,1703.52,0.0,43.93,75480.94,1
2024-11-28,2024-11-28 11:45:00,1703.52,1703.55,1703.52,1703.55,0.0,43.93,75480.94,1
2024-11-28,2024-11-28 11:46:00,1703.55,1703.59,1703.55,1703.59,0.0,43.93,75480.94,1
2024-11-28,2024-11-28 11:47:00,1703.59,1703.62,1703.59,1703.62,0.0,43.93,75480.94,1
2024-11-28,2024-11-28 11:48:00,1703.62,1703.65,1703.62,1703.65,0.0,43.93,75480.94,1
2024-11-28,2024-11-28 11:49:00,1703.65,1703.69,1703.65,1703.69,0.0,43.93,75480.94,1
2024-11-28,2024-11-28 11:50:00,1703.69,1703.72,1703.69,1703.72,0.0,43.93,75480.94,1
2024-11-28,2024-11-28 11:51:00,1703.72,1703.75,1703.72,1703.75,0.0,43.93,75480.94,1
2024-11-28,2024-11-28 11:52:00,1703.75,1703.79,1703.75,1703.79,0.0,43.93,75480.94,1
2024-11-28,2024-11-28 11:53:00,1703.79,1703.82,1703.79,1703.82,0.0,43.93,75480.94,1
2024-11-28,2024-11-28 11:54:00,1703.82,1703.86,1703.82,1703.86,0.0,43.93,75480.94,1
2024-11-28,2024-11-28 11:55:00,1703.86,1703.89,1703.86,1703.89,0.0,43.93,75480.94,1
2024-11-28,2024-11-28 11:56:00,1703.89,1703.92,1703.89,1703.92,0.0,43.93,75480.94,1
2024-11-28,2024-11-28 11:57:00,1703.92,1703.96,1703.92,1703.96,0.0,43.93,75480.94,1
2024-11-28,2024-11-28 11:58:00,1703.96,1703.99,1703.96,1703.99,0.0,43.93,75480.94,1
2024-11-28,2024-11-28 11:59:00,1703.99,1704.03,1703.99,1704.03,0.0,43.93,75480.94,1
2024-11-28,2024-11-28 12:00:00,1704.03,1704.06,1704.03,1704.06,0.0,43.93,75480.94,1
2024-11-28,2024-11-28 12:01:00,1704.06,1704.09,1704.06,1704.09,0.0,43.93,75480.94,1
2024-11-28,2024-11-28 12:02:00,1704.09,1704.13,1704.09,1704.13,0.0,43.93,75480.94,1
2024-11-28,2024-11-28 12:03:00,1704.13,1704.16,1704.13,1704.16,0.0,43.93,75480.94,1
2024-11-28,2024-11-28 12:04:00,1704.16,1704.19,1704.16,1704.19,0.0,43.93,75480.94,1
2024-11-28,2024-11-28 12:05:00,1704.19,1704.23,1704.19,1704.23,0.0,43.93,75480.94,1
2024-11-28,2024-11-28 12:06:00,1704.23,1704.26,1704.23,1704.26,0.0,43.93,75480.94,1
2024-11-28,2024-11-28 12:07:00,1704.26,1704.3,1704.26,1704.3,0.0,43.93,75480.94,1
2024-11-28,2024-11-28 12:08:00,1704.3,1704.33,1704.3,1704.33,0.0,43.93,75480.94,1
2024-11-28,2024-11-28 12:09:00,1704.33,1704.36,1704.33,1704.36,0.0,43.93,75480.94,1
2024-11-28,2024-11-28 12:10:00,1704.36,1704.4,1704.36,1704.4,0.0,43.93,75480.94,1
2024-11-28,2024-11-28 12:11:00,1704.4,1704.43,1704.4,1704.43,0.0,43.93,75480.94,1
2024-11-28,2024-11-28 12:12:00,1704.43,1704.46,1704.43,1704.46,0.0,43.93,75480.94,1
2024-11-28,2024-11-28 12:13:00,1704.46,1704.5,1704.46,1704.5,0.0,43.93,75480.94,1
2024-11-28,2024-11-28 12:14:00,1704.5,1704.53,1704.5,1704.53,0.0,43.93,75480.94,1
2024-11-28,2024-11-28 12:15:00,1704.53,1704.57,1704.53,1704.57,0.0,43.93,75480.94,1
2024-11-28,2024-11-28 12:16:00,1704.57,1704.6,1704.57,1704.6,0.0,43.93,75480.94,1
2024-11-28,2024-11-28 12:17:00,1704.6,1704.63,1704.6,1704.63,0.0,43.93,75480.94,1
2024-11-28,2024-11-28 12:18:00,1704.63,1704.67,1704.63,1704.67,0.0,43.93,75480.94,1
2024-11-28,2024-11-28 12:19:00,1704.67,1704.7,1704.67,1704.7,0.0,43.93,75480.94,1
2024-11-28,2024-11-28 12:20:00,1704.7,1704.73,1704.7,1704.73,0.0,43.93,75480.94,1
2024-11-28,2024-11-28 12:21:00,1704.73,1704.77,1704.73,1704.77,0.0,43.93,75480.94,1
2024-11-28,2024-11-28 12:22:00,1704.77,1704.8,1704.77,1704.8,0.0,43.93,75480.94,1
2024-11-28,2024-11-28 12:23:00,1704.8,1704.84,1704.8,1704.84,0.0,43.93,75480.94,1
2024-11-28,2024-11-28 12:24:00,1704.84,1704.87,1704.84,1704.87,0.0,43.93,75480.94,1
2024-11-28,2024-11-28 12:25:00,1704.87,1704.9,1704.87,1704.9,0.0,43.93,75480.94,1
2024-11-28,2024-11-28 12:26:00,1704.9,1704.94,1704.9,1704.94,0.0,43.93,75480.94,1
2024-11-28,2024-11-28 12:27:00,1704.94,1704.97,1704.94,1704.97,0.0,43.93,75480.94,1
2024-11-28,2024-11-28 12:28:00,1704.97,1705.0,1704.97,1705.0,0.0,43.93,75480.94,1
2024-11-28,2024-11-28 12:29:00,1705.0,1705.04,1705.0,1705.04,0.0,43.93,75480.94,1
2024-11-28,2024-11-28 12:30:00,1705.04,1705.07,1705.04,1705.07,0.0,43.93,75480.94,1
2024-11-28,2024-11-28 12:31:00,1705.07,1705.11,1705.07,1705.11,0.0,43.93,75480.94,1
2024-11-28,2024-11-28 12:32:00,1705.11,1705.14,1705.11,1705.14,0.0,43.93,75480.94,1
2024-11-28,2024-11-28 12:33:00,1705.14,1705.17,1705.14,1705.17,0.0,43.93,75480.94,1
2024-11-28,2024-11-28 12:34:00,1705.17,1705.21,1705.17,1705.21,0.0,43.93,75480.94,1
2024-11-28,2024-11-28 12:35:00,1705.21,1705.24,1705.21,1705.24,0.0,43.93,75480.94,1
2024-11-28,2024-11-28 12:36:00,1705.24,1705.27,1705.24,1705.27,0.0,43.93,75480.94,1
2024-11-28,2024-11-28 12:37:00,1705.27,1705.31,1705.27,1705.31,0.0,43.93,75480.94,1
2024-11-28,2024-11-28 12:38:00,1705.31,1705.34,1705.31,1705.34,0.0,43.93,75480.94,1
2024-11-28,2024-11-28 12:39:00,1705.34,1705.38,1705.34,1705.38,0.0,43.93,75480.94,1
2024-11-28,2024-11-28 12:40:00,1705.38,1705.41,1705.38,1705.41,0.0,43.93,75480.94,1
2024-11-28,2024-11-28 12:41:00,1705.41,1705.44,1705.41,1705.44,0.0,43.93,75480.94,1
2024-11-28,2024-11-28 12:42:00,1705.44,1705.48,1705.44,1705.48,0.0,43.93,75480.94,1
2024-11-28,2024-11-28 12:43:00,1705.48,1705.51,1705.48,1705.51,0.0,43.93,75480.94,1
2024-11-28,2024-11-28 12:44:00,1705.51,1705.54,1705.51,1705.54,0.0,43.93,75480.94,1
2024-11-28,2024-11-28 12:45:00,1705.54,1705.58,1705.54,1705.58,0.0,43.93,75480.94,1
2024-11-28,2024-11-28 12:46:00,1705.58,1705.61,1705.58,1705.61,0.0,43.93,75480.94,1
2024-11-28,2024-11-28 12:47:00,1705.61,1705.64,1705.61,1705.64,0.0,43.93,75480.94,1
2024-11-28,2024-11-28 12:48:00,1705.64,1705.68,1705.64,1705.68,0.0,43.93,75480.94,1
2024-11-28,2024-11-28 12:49:00,1705.68,1705.71,1705.68,1705.71,0.0,43.93,75480.94,1
2024-11-28,2024-11-28 12:50:00,1705.71,1705.75,1705.71,1705.75,0.0,43.93,75480.94,1
2024-11-28,2024-11-28 12:51:00,1705.75,1705.78,1705.75,1705.78,0.0,43.93,75480.94,1
2024-11-28,2024-11-28 12:52:00,1705.78,1705.81,1705.78,1705.81,0.0,43.93,75480.94,1
2024-11-28,2024-11-28 12:53:00,1705.81,1705.85,1705.81,1705.85,0.0,43.93,75480.94,1
2024-11-28,2024-11-28 12:54:00,1705.85,1705.88,1705.85,1705.88,0.0,43.93,75480.94,1
2024-11-28,2024-11-28 12:55:00,1705.88,1705.91,1705.88,1705.91,0.0,43.93,75480.94,1
2024-11-28,2024-11-28 12:56:00,1705.91,1705.95,1705.91,1705.95,0.0,43.93,75480.94,1
2024-11-28,2024-11-28 12:57:00,1705.95,1705.98,1705.95,1705.98,0.0,43.93,75480.94,1
2024-11-28,2024-11-28 12:58:00,1705.98,1706.02,1705.98,1706.02,0.0,43.93,75480.94,1
2024-11-28,2024-11-28 12:59:00,1706.02,1706.05,1706.02,1706.05,0.0,43.93,75480.94,1
2024-11-28,2024-11-28 13:00:00,1706.05,1750.0,1700.0,1706.08,0.0,43.93,75480.94,1
2024-11-28,2024-11-28 13:01:00,1706.08,1706.12,1706.08,1706.12,0.0,43.93,75480.94,1
2024-11-28,2024-11-28 13:02:00,1706.12,1706.15,1706.12,1706.15,0.0,43.93,75480.94,1
2024-11-28,2024-11-28 13:03:00,1706.15,1706.18,1706.15,1706.18,0.0,43.93,75480.94,1
2024-11-28,2024-11-28 13:04:00,1706.18,1706.22,1706.18,1706.22,0.0,43.93,75480.94,1
2024-11-28,2024-11-28 13:05:00,1706.22,1706.25,1706.22,1706.25,0.0,43.93,75480.94,1
2024-11-28,2024-11-28 13:06:00,1706.25,1706.29,1706.25,1706.29,0.0,43.93,75480.94,1
2024-11-28,2024-11-28 13:07:00,1706.29,1706.32,1706.29,1706.32,0.0,43.93,75480.94,1
2024-11-28,2024-11-28 13:08:00,1706.32,1706.35,1706.32,1706.35,0.0,43.93,75480.94,1
2024-11-28,2024-11-28 13:09:00,1706.35,1706.39,1706.35,1706.39,0.0,43.93,75480.94,1
2024-11-28,2024-11-28 13:10:00,1706.39,1706.42,1706.39,1706.42,0.0,43.93,75480.94,1
2024-11-28,2024-11-28 13:11:00,1706.42,1706.45,1706.42,1706.45,0.0,43.93,75480.94,1
2024-11-28,2024-11-28 13:12:00,1706.45,1706.49,1706.45,1706.49,0.0,43.93,75480.94,1
2024-11-28,2024-11-28 13:13:00,1706.49,1706.52,1706.49,1706.52,0.0,43.93,75480.94,1
2024-11-28,2024-11-28 13:14:00,1706.52,1706.56,1706.52,1706.56,0.0,43.93,75480.94,1
2024-11-28,2024-11-28 13:15:00,1706.56,1706.59,1706.56,1706.59,0.0,43.93,75480.94,1
2024-11-28,2024-11-28 13:16:00,1706.59,1706.62,1706.59,1706.62,0.0,43.93,75480.94,1
2024-11-28,2024-11-28 13:17:00,1706.62,1706.66,1706.62,1706.66,0.0,43.93,75480.94,1
2024-11-28,2024-11-28 13:18:00,1706.66,1706.69,1706.66,1706.69,0.0,43.93,75480.94,1
2024-11-28,2024-11-28 13:19:00,1706.69,1706.72,1706.69,1706.72,0.0,43.93,75480.94,1
2024-11-28,2024-11-28 13:20:00,1706.72,1706.76,1706.72,1706.76,0.0,43.93,75480.94,1
2024-11-28,2024-11-28 13:21:00,1706.76,1706.79,1706.76,1706.79,0.0,43.93,75480.94,1
2024-11-28,2024-11-28 13:22:00,1706.79,1706.83,1706.79,1706.83,0.0,43.93,75480.94,1
2024-11-28,2024-11-28 13:23:00,1706.83,1706.86,1706.83,1706.86,0.0,43.93,75480.94,1
2024-11-28,2024-11-28 13:24:00,1706.86,1706.89,1706.86,1706.89,0.0,43.93,75480.94,1
2024-11-28,2024-11-28 13:25:00,1706.89,1706.93,1706.89,1706.93,0.0,43.93,75480.94,1
2024-11-28,2024-11-28 13:26:00,1706.93,1706.96,1706.93,1706.96,0.0,43.93,75480.94,1
2024-11-28,2024-11-28 13:27:00,1706.96,1706.99,1706.96,1706.99,0.0,43.93,75480.94,1
2024-11-28,2024-11-28 13:28:00,1706.99,1707.03,1706.99,1707.03,0.0,43.93,75480.94,1
2024-11-28,2024-11-28 13:29:00,1707.03,1707.06,1707.03,1707.06,0.0,43.93,75480.94,1
2024-11-28,2024-11-28 13:30:00,1707.06,1707.1,1707.06,1707.1,0.0,43.93,75480.94,1
2024-11-28,2024-11-28 13:31:00,1707.1,1707.13,1707.1,1707.13,0.0,43.93,75480.94,1
2024-11-28,2024-11-28 13:32:00,1707.13,1707.16,1707.13,1707.16,0.0,43.93,75480.94,1
2024-11-28,2024-11-28 13:33:00,1707.16,1707.2,1707.16,1707.2,0.0,43.93,75480.94,1
2024-11-28,2024-11-28 13:34:00,1707.2,1707.23,1707.2,1707.23,0.0,43.93,75480.94,1
2024-11-28,2024-11-28 13:35:00,1707.23,1707.26,1707.23,1707.26,0.0,43.93,75480.94,1
2024-11-28,2024-11-28 13:36:00,1707.26,1707.3,1707.26,1707.3,0.0,43.93,75480.94,1
2024-11-28,2024-11-28 13:37:00,1707.3,1707.33,1707.3,1707.33,0.0,43.93,75480.94,1
2024-11-28,2024-11-28 13:38:00,1707.33,1707.37,1707.33,1707.37,0.0,43.93,75480.94,1
2024-11-28,2024-11-28 13:39:00,1707.37,1707.4,1707.37,1707.4,0.0,43.93,75480.94,1
2024-11-28,2024-11-28 13:40:00,1707.4,1707.43,1707.4,1707.43,0.0,43.93,75480.94,1
2024-11-28,2024-11-28 13:41:00,1707.43,1707.47,1707.43,1707.47,0.0,43.93,75480.94,1
2024-11-28,2024-11-28 13:42:00,1707.47,1707.5,1707.47,1707.5,0.0,43.93,75480.94,1
2024-11-28,2024-11-28 13:43:00,1707.5,1707.53,1707.5,1707.53,0.0,43.93,75480.94,1
2024-11-28,2024-11-28 13:44:00,1707.53,1707.57,1707.53,1707.57,0.0,43.93,75480.94,1
2024-11-28,2024-11-28 13:45:00,1707.57,1707.6,1707.57,1707.6,0.0,43.93,75480.94,1
2024-11-28,2024-11-28 13:46:00,1707.6,1707.64,1707.6,1707.64,0.0,43.93,75480.94,1
2024-11-28,2024-11-28 13:47:00,1707.64,1707.67,1707.64,1707.67,0.0,43.93,75480.94,1
2024-11-28,2024-11-28 13:48:00,1707.67,1707.7,1707.67,1707.7,0.0,43.93,75480.94,1
2024-11-28,2024-11-28 13:49:00,1707.7,1707.74,1707.7,1707.74,0.0,43.93,75480.94,1
2024-11-28,2024-11-28 13:50:00,1707.74,1707.77,1707.74,1707.77,0.0,43.93,75480.94,1
2024-11-28,2024-11-28 13:51:00,1707.77,1707.8,1707.77,1707.8,0.0,43.93,75480.94,1
2024-11-28,2024-11-28 13:52:00,1707.8,1707.84,1707.8,1707.84,0.0,43.93,75480.94,1
2024-11-28,2024-11-28 13:53:00,1707.84,1707.87,1707.84,1707.87,0.0,43.93,75480.94,1
2024-11-28,2024-11-28 13:54:00,1707.87,1707.91,1707.87,1707.91,0.0,43.93,75480.94,1
2024-11-28,2024-11-28 13:55:00,1707.91,1707.94,1707.91,1707.94,0.0,43.93,75480.94,1
2024-11-28,2024-11-28 13:56:00,1707.94,1707.97,1707.94,1707.97,0.0,43.93,75480.94,1
2024-11-28,2024-11-28 13:57:00,1707.97,1708.01,1707.97,1708.01,0.0,43.93,75480.94,1
2024-11-28,2024-11-28 13:58:00,1708.01,1708.04,1708.01,1708.04,0.0,43.93,75480.94,1
2024-11-28,2024-11-28 13:59:00,1708.04,1708.07,1708.04,1708.07,0.0,43.93,75480.94,1
2024-11-28,2024-11-28 14:00:00,1708.07,1708.11,1708.07,1708.11,0.0,43.93,75480.94,1
2024-11-28,2024-11-28 14:01:00,1708.11,1708.14,1708.11,1708.14,0.0,43.93,75480.94,1
2024-11-28,2024-11-28 14:02:00,1708.14,1708.18,1708.14,1708.18,0.0,43.93,75480.94,1
2024-11-28,2024-11-28 14:03:00,1708.18,1708.21,1708.18,1708.21,0.0,43.93,75480.94,1
2024-11-28,2024-11-28 14:04:00,1708.21,1708.24,1708.21,1708.24,0.0,43.93,75480.94,1
2024-11-28,2024-11-28 14:05:00,1708.24,1708.28,1708.24,1708.28,0.0,43.93,75480.94,1
2024-11-28,2024-11-28 14:06:00,1708.28,1708.31,1708.28,1708.31,0.0,43.93,75480.94,1
2024-11-28,2024-11-28 14:07:00,1708.31,1708.35,1708.31,1708.35,0.0,43.93,75480.94,1
2024-11-28,2024-11-28 14:08:00,1708.35,1708.38,1708.35,1708.38,0.0,43.93,75480.94,1
2024-11-28,2024-11-28 14:09:00,1708.38,1708.41,1708.38,1708.41,0.0,43.93,75480.94,1
2024-11-28,2024-11-28 14:10:00,1708.41,1708.45,1708.41,1708.45,0.0,43.93,75480.94,1
2024-11-28,2024-11-28 14:11:00,1708.45,1708.48,1708.45,1708.48,0.0,43.93,75480.94,1
2024-11-28,2024-11-28 14:12:00,1708.48,1708.51,1708.48,1708.51,0.0,43.93,75480.94,1
2024-11-28,2024-11-28 14:13:00,1708.51,1708.55,1708.51,1708.55,0.0,43.93,75480.94,1
2024-11-28,2024-11-28 14:14:00,1708.55,1708.58,1708.55,1708.58,0.0,43.93,75480.94,1
2024-11-28,2024-11-28 14:15:00,1708.58,1708.62,1708.58,1708.62,0.0,43.93,75480.94,1
2024-11-28,2024-11-28 14:16:00,1708.62,1708.65,1708.62,1708.65,0.0,43.93,75480.94,1
2024-11-28,2024-11-28 14:17:00,1708.65,1708.68,1708.65,1708.68,0.0,43.93,75480.94,1
2024-11-28,2024-11-28 14:18:00,1708.68,1708.72,1708.68,1708.72,0.0,43.93,75480.94,1
2024-11-28,2024-11-28 14:19:00,1708.72,1708.75,1708.72,1708.75,0.0,43.93,75480.94,1
2024-11-28,2024-11-28 14:20:00,1708.75,1708.78,1708.75,1708.78,0.0,43.93,75480.94,1
2024-11-28,2024-11-28 14:21:00,1708.78,1708.82,1708.78,1708.82,0.0,43.93,75480.94,1
2024-11-28,2024-11-28 14:22:00,1708.82,1708.85,1708.82,1708.85,0.0,43.93,75480.94,1
2024-11-28,2024-11-28 14:23:00,1708.85,1708.88,1708.85,1708.88,0.0,43.93,75480.94,1
2024-11-28,2024-11-28 14:24:00,1708.88,1708.92,1708.88,1708.92,0.0,43.93,75480.94,1
2024-11-28,2024-11-28 14:25:00,1708.92,1708.95,1708.92,1708.95,0.0,43.93,75480.94,1
2024-11-28,2024-11-28 14:26:00,1708.95,1708.99,1708.95,1708.99,0.0,43.93,75480.94,1
2024-11-28,2024-11-28 14:27:00,1708.99,1709.02,1708.99,1709.02,0.0,43.93,75480.94,1
2024-11-28,2024-11-28 14:28:00,1709.02,1709.05,1709.02,1709.05,0.0,43.93,75480.94,1
2024-11-28,2024-11-28 14:29:00,1709.05,1709.09,1709.05,1709.09,0.0,43.93,75480.94,1
2024-11-28,2024-11-28 14:30:00,1709.09,1709.12,1709.09,1709.12,0.0,43.93,75480.94,1
2024-11-28,2024-11-28 14:31:00,1709.12,1709.15,1709.12,1709.15,0.0,43.93,75480.94,1
2024-11-28,2024-11-28 14:32:00,1709.15,1709.19,1709.15,1709.19,0.0,43.93,75480.94,1
2024-11-28,2024-11-28 14:33:00,1709.19,1709.22,1709.19,1709.22,0.0,43.93,75480.94,1
2024-11-28,2024-11-28 14:34:00,1709.22,1709.26,1709.22,1709.26,0.0,43.93,75480.94,1
2024-11-28,2024-11-28 14:35:00,1709.26,1709.29,1709.26,1709.29,0.0,43.93,75480.94,1
2024-11-28,2024-11-28 14:36:00,1709.29,1709.32,1709.29,1709.32,0.0,43.93,75480.94,1
2024-11-28,2024-11-28 14:37:00,1709.32,1709.36,1709.32,1709.36,0.0,43.93,75480.94,1
2024-11-28,2024-11-28 14:38:00,1709.36,1709.39,1709.36,1709.39,0.0,43.93,75480.94,1
2024-11-28,2024-11-28 14:39:00,1709.39,1709.42,1709.39,1709.42,0.0,43.93,75480.94,1
2024-11-28,2024-11-28 14:40:00,1709.42,1709.46,1709.42,1709.46,0.0,43.93,75480.94,1
2024-11-28,2024-11-28 14:41:00,1709.46,1709.49,1709.46,1709.49,0.0,43.93,75480.94,1
2024-11-28,2024-11-28 14:42:00,1709.49,1709.53,1709.49,1709.53,0.0,43.93,75480.94,1
2024-11-28,2024-11-28 14:43:00,1709.53,1709.56,1709.53,1709.56,0.0,43.93,75480.94,1
2024-11-28,2024-11-28 14:44:00,1709.56,1709.59,1709.56,1709.59,0.0,43.93,75480.94,1
2024-11-28,2024-11-28 14:45:00,1709.59,1709.63,1709.59,1709.63,0.0,43.93,75480.94,1
2024-11-28,2024-11-28 14:46:00,1709.63,1709.66,1709.63,1709.66,0.0,43.93,75480.94,1
2024-11-28,2024-11-28 14:47:00,1709.66,1709.69,1709.66,1709.69,0.0,43.93,75480.94,1
2024-11-28,2024-11-28 14:48:00,1709.69,1709.73,1709.69,1709.73,0.0,43.93,75480.94,1
2024-11-28,2024-11-28 14:49:00,1709.73,1709.76,1709.73,1709.76,0.0,43.93,75480.94,1
2024-11-28,2024-11-28 14:50:00,1709.76,1709.8,1709.76,1709.8,0.0,43.93,75480.94,1
2024-11-28,2024-11-28 14:51:00,1709.8,1709.83,1709.8,1709.83,0.0,43.93,75480.94,1
2024-11-28,2024-11-28 14:52:00,1709.83,1709.86,1709.83,1709.86,0.0,43.93,75480.94,1
2024-11-28,2024-11-28 14:53:00,1709.86,1709.9,1709.86,1709.9,0.0,43.93,75480.94,1
2024-11-28,2024-11-28 14:54:00,1709.9,1709.93,1709.9,1709.93,0.0,43.93,75480.94,1
2024-11-28,2024-11-28 14:55:00,1709.93,1709.96,1709.93,1709.96,0.0,43.93,75480.94,1
2024-11-28,2024-11-28 14:56:00,1709.96,1710.0,1709.96,1710.0,0.0,43.93,75480.94,1
2024-11-28,2024-11-28 14:57:00,1710.0,1710.03,1710.0,1710.03,0.0,43.93,75480.94,1
2024-11-28,2024-11-28 14:58:00,1710.03,1710.07,1710.03,1710.07,0.0,43.93,75480.94,1
2024-11-28,2024-11-28 14:59:00,1710.07,1710.1,1710.07,1710.1,0.0,43.93,75480.94,1
2024-11-28,2024-11-28 15:00:00,1710.1,1750.0,1700.0,1710.1,0.0,43.93,75480.94,0
2024-12-01,2024-12-01 11:00:00,1676.0,1692.2,1676.0,1676.15,0.01,26.53,44986.9,1
2024-12-01,2024-12-01 11:01:00,1676.15,1676.31,1676.15,1676.31,0.01,26.53,44986.9,1
2024-12-01,2024-12-01 11:02:00,1676.31,1676.46,1676.31,1676.46,0.01,26.53,44986.9,1
2024-12-01,2024-12-01 11:03:00,1676.46,1676.62,1676.46,1676.62,0.01,26.53,44986.9,1
2024-12-01,2024-12-01 11:04:00,1676.62,1676.77,1676.62,1676.77,0.01,26.53,44986.9,1
2024-12-01,2024-12-01 11:05:00,1676.77,1676.92,1676.77,1676.92,0.01,26.53,44986.9,1
2024-12-01,2024-12-01 11:06:00,1676.92,1677.08,1676.92,1677.08,0.01,26.53,44986.9,1
2024-12-01,2024-12-01 11:07:00,1677.08,1677.23,1677.08,1677.23,0.01,26.53,44986.9,1
2024-12-01,2024-12-01 11:08:00,1677.23,1677.39,1677.23,1677.39,0.01,26.53,44986.9,1
2024-12-01,2024-12-01 11:09:00,1677.39,1677.54,1677.39,1677.54,0.01,26.53,44986.9,1
2024-12-01,2024-12-01 11:10:00,1677.54,1677.7,1677.54,1677.7,0.01,26.53,44986.9,1
2024-12-01,2024-12-01 11:11:00,1677.7,1677.85,1677.7,1677.85,0.01,26.53,44986.9,1
2024-12-01,2024-12-01 11:12:00,1677.85,1678.0,1677.85,1678.0,0.01,26.53,44986.9,1
2024-12-01,2024-12-01 11:13:00,1678.0,1678.16,1678.0,1678.16,0.01,26.53,44986.9,1
2024-12-01,2024-12-01 11:14:00,1678.16,1678.31,1678.16,1678.31,0.01,26.53,44986.9,1
2024-12-01,2024-12-01 11:15:00,1678.31,1678.47,1678.31,1678.47,0.01,26.53,44986.9,1
2024-12-01,2024-12-01 11:16:00,1678.47,1678.62,1678.47,1678.62,0.01,26.53,44986.9,1
2024-12-01,2024-12-01 11:17:00,1678.62,1678.78,1678.62,1678.78,0.01,26.53,44986.9,1
2024-12-01,2024-12-01 11:18:00,1678.78,1678.93,1678.78,1678.93,0.01,26.53,44986.9,1
2024-12-01,2024-12-01 11:19:00,1678.93,1679.08,1678.93,1679.08,0.01,26.53,44986.9,1
2024-12-01,2024-12-01 11:20:00,1679.08,1679.24,1679.08,1679.24,0.01,26.53,44986.9,1
2024-12-01,2024-12-01 11:21:00,1679.24,1679.39,1679.24,1679.39,0.01,26.53,44986.9,1
2024-12-01,2024-12-01 11:22:00,1679.39,1679.55,1679.39,1679.55,0.01,26.53,44986.9,1
2024-12-01,2024-12-01 11:23:00,1679.55,1679.7,1679.55,1679.7,0.01,26.53,44986.9,1
2024-12-01,2024-12-01 11:24:00,1679.7,1679.85,1679.7,1679.85,0.01,26.53,44986.9,1
2024-12-01,2024-12-01 11:25:00,1679.85,1680.01,1679.85,1680.01,0.01,26.53,44986.9,1
2024-12-01,2024-12-01 11:26:00,1680.01,1680.16,1680.01,1680.16,0.01,26.53,44986.9,1
2024-12-01,2024-12-01 11:27:00,1680.16,1680.32,1680.16,1680.32,0.01,26.53,44986.9,1
2024-12-01,2024-12-01 11:28:00,1680.32,1680.47,1680.32,1680.47,0.01,26.53,44986.9,1
2024-12-01,2024-12-01 11:29:00,1680.47,1680.62,1680.47,1680.62,0.01,26.53,44986.9,1
2024-12-01,2024-12-01 11:30:00,1680.62,1680.78,1680.62,1680.78,0.01,26.53,44986.9,1
2024-12-01,2024-12-01 11:31:00,1680.78,1680.93,1680.78,1680.93,0.01,26.53,44986.9,1
2024-12-01,2024-12-01 11:32:00,1680.93,1681.09,1680.93,1681.09,0.01,26.53,44986.9,1
2024-12-01,2024-12-01 11:33:00,1681.09,1681.24,1681.09,1681.24,0.01,26.53,44986.9,1
2024-12-01,2024-12-01 11:34:00,1681.24,1681.4,1681.24,1681.4,0.01,26.53,44986.9,1
2024-12-01,2024-12-01 11:35:00,1681.4,1681.55,1681.4,1681.55,0.01,26.53,44986.9,1
2024-12-01,2024-12-01 11:36:00,1681.55,1681.7,1681.55,1681.7,0.01,26.53,44986.9,1
2024-12-01,2024-12-01 11:37:00,1681.7,1681.86,1681.7,1681.86,0.01,26.53,44986.9,1
2024-12-01,2024-12-01 11:38:00,1681.86,1682.01,1681.86,1682.01,0.01,26.53,44986.9,1
2024-12-01,2024-12-01 11:39:00,1682.01,1682.17,1682.01,1682.17,0.01,26.53,44986.9,1
2024-12-01,2024-12-01 11:40:00,1682.17,1682.32,1682.17,1682.32,0.01,26.53,44986.9,1
2024-12-01,2024-12-01 11:41:00,1682.32,1682.47,1682.32,1682.47,0.01,26.53,44986.9,1
2024-12-01,2024-12-01 11:42:00,1682.47,1682.63,1682.47,1682.63,0.01,26.53,44986.9,1
2024-12-01,2024-12-01 11:43:00,1682.63,1682.78,1682.63,1682.78,0.01,26.53,44986.9,1
2024-12-01,2024-12-01 11:44:00,1682.78,1682.94,1682.78,1682.94,0.01,26.53,44986.9,1
2024-12-01,2024-12-01 11:45:00,1682.94,1683.09,1682.94,1683.09,0.01,26.53,44986.9,1
2024-12-01,2024-12-01 11:46:00,1683.09,1683.25,1683.09,1683.25,0.01,26.53,44986.9,1
2024-12-01,2024-12-01 11:47:00,1683.25,1683.4,1683.25,1683.4,0.01,26.53,44986.9,1
2024-12-01,2024-12-01 11:48:00,1683.4,1683.55,1683.4,1683.55,0.01,26.53,44986.9,1
2024-12-01,2024-12-01 11:49:00,1683.55,1683.71,1683.55,1683.71,0.01,26.53,44986.9,1
2024-12-01,2024-12-01 11:50:00,1683.71,1683.86,1683.71,1683.86,0.01,26.53,44986.9,1
2024-12-01,2024-12-01 11:51:00,1683.86,1684.02,1683.86,1684.02,0.01,26.53,44986.9,1
2024-12-01,2024-12-01 11:52:00,1684.02,1684.17,1684.02,1684.17,0.01,26.53,44986.9,1
2024-12-01,2024-12-01 11:53:00,1684.17,1684.33,1684.17,1684.33,0.01,26.53,44986.9,1
2024-12-01,2024-12-01 11:54:00,1684.33,1684.48,1684.33,1684.48,0.01,26.53,44986.9,1
2024-12-01,2024-12-01 11:55:00,1684.48,1684.63,1684.48,1684.63,0.01,26.53,44986.9,1
2024-12-01,2024-12-01 11:56:00,1684.63,1684.79,1684.63,1684.79,0.01,26.53,44986.9,1
2024-12-01,2024-12-01 11:57:00,1684.79,1684.94,1684.79,1684.94,0.01,26.53,44986.9,1
2024-12-01,2024-12-01 11:58:00,1684.94,1685.1,1684.94,1685.1,0.01,26.53,44986.9,1
2024-12-01,2024-12-01 11:59:00,1685.1,1685.25,1685.1,1685.25,0.01,26.53,44986.9,1
2024-12-01,2024-12-01 12:00:00,1685.25,1685.4,1685.25,1685.4,0.01,26.53,44986.9,1
2024-12-01,2024-12-01 12:01:00,1685.4,1685.56,1685.4,1685.56,0.01,26.53,44986.9,1
2024-12-01,2024-12-01 12:02:00,1685.56,1685.71,1685.56,1685.71,0.01,26.53,44986.9,1
2024-12-01,2024-12-01 12:03:00,1685.71,1685.87,1685.71,1685.87,0.01,26.53,44986.9,1
2024-12-01,2024-12-01 12:04:00,1685.87,1686.02,1685.87,1686.02,0.01,26.53,44986.9,1
2024-12-01,2024-12-01 12:05:00,1686.02,1686.17,1686.02,1686.17,0.01,26.53,44986.9,1
2024-12-01,2024-12-01 12:06:00,1686.17,1686.33,1686.17,1686.33,0.01,26.53,44986.9,1
2024-12-01,2024-12-01 12:07:00,1686.33,1686.48,1686.33,1686.48,0.01,26.53,44986.9,1
2024-12-01,2024-12-01 12:08:00,1686.48,1686.64,1686.48,1686.64,0.01,26.53,44986.9,1
2024-12-01,2024-12-01 12:09:00,1686.64,1686.79,1686.64,1686.79,0.01,26.53,44986.9,1
2024-12-01,2024-12-01 12:10:00,1686.79,1686.95,1686.79,1686.95,0.01,26.53,44986.9,1
2024-12-01,2024-12-01 12:11:00,1686.95,1687.1,1686.95,1687.1,0.01,26.53,44986.9,1
2024-12-01,2024-12-01 12:12:00,1687.1,1687.25,1687.1,1687.25,0.01,26.53,44986.9,1
2024-12-01,2024-12-01 12:13:00,1687.25,1687.41,1687.25,1687.41,0.01,26.53,44986.9,1
2024-12-01,2024-12-01 12:14:00,1687.41,1687.56,1687.41,1687.56,0.01,26.53,44986.9,1
2024-12-01,2024-12-01 12:15:00,1687.56,1687.72,1687.56,1687.72,0.01,26.53,44986.9,1
2024-12-01,2024-12-01 12:16:00,1687.72,1687.87,1687.72,1687.87,0.01,26.53,44986.9,1
2024-12-01,2024-12-01 12:17:00,1687.87,1688.03,1687.87,1688.03,0.01,26.53,44986.9,1
2024-12-01,2024-12-01 12:18:00,1688.03,1688.18,1688.03,1688.18,0.01,26.53,44986.9,1
2024-12-01,2024-12-01 12:19:00,1688.18,1688.33,1688.18,1688.33,0.01,26.53,44986.9,1
2024-12-01,2024-12-01 12:20:00,1688.33,1688.49,1688.33,1688.49,0.01,26.53,44986.9,1
2024-12-01,2024-12-01 12:21:00,1688.49,1688.64,1688.49,1688.64,0.01,26.53,44986.9,1
2024-12-01,2024-12-01 12:22:00,1688.64,1688.8,1688.64,1688.8,0.01,26.53,44986.9,1
2024-12-01,2024-12-01 12:23:00,1688.8,1688.95,1688.8,1688.95,0.01,26.53,44986.9,1
2024-12-01,2024-12-01 12:24:00,1688.95,1689.1,1688.95,1689.1,0.01,26.53,44986.9,1
2024-12-01,2024-12-01 12:25:00,1689.1,1689.26,1689.1,1689.26,0.01,26.53,44986.9,1
2024-12-01,2024-12-01 12:26:00,1689.26,1689.41,1689.26,1689.41,0.01,26.53,44986.9,1
2024-12-01,2024-12-01 12:27:00,1689.41,1689.57,1689.41,1689.57,0.01,26.53,44986.9,1
2024-12-01,2024-12-01 12:28:00,1689.57,1689.72,1689.57,1689.72,0.01,26.53,44986.9,1
2024-12-01,2024-12-01 12:29:00,1689.72,1689.88,1689.72,1689.88,0.01,26.53,44986.9,1
2024-12-01,2024-12-01 12:30:00,1689.88,1690.03,1689.88,1690.03,0.01,26.53,44986.9,1
2024-12-01,2024-12-01 12:31:00,1690.03,1690.18,1690.03,1690.18,0.01,26.53,44986.9,1
2024-12-01,2024-12-01 12:32:00,1690.18,1690.34,1690.18,1690.34,0.01,26.53,44986.9,1
2024-12-01,2024-12-01 12:33:00,1690.34,1690.49,1690.34,1690.49,0.01,26.53,44986.9,1
2024-12-01,2024-12-01 12:34:00,1690.49,1690.65,1690.49,1690.65,0.01,26.53,44986.9,1
2024-12-01,2024-12-01 12:35:00,1690.65,1690.8,1690.65,1690.8,0.01,26.53,44986.9,1
2024-12-01,2024-12-01 12:36:00,1690.8,1690.95,1690.8,1690.95,0.01,26.53,44986.9,1
2024-12-01,2024-12-01 12:37:00,1690.95,1691.11,1690.95,1691.11,0.01,26.53,44986.9,1
2024-12-01,2024-12-01 12:38:00,1691.11,1691.26,1691.11,1691.26,0.01,26.53,44986.9,1
2024-12-01,2024-12-01 12:39:00,1691.26,1691.42,1691.26,1691.42,0.01,26.53,44986.9,1
2024-12-01,2024-12-01 12:40:00,1691.42,1691.57,1691.42,1691.57,0.01,26.53,44986.9,1
2024-12-01,2024-12-01 12:41:00,1691.57,1691.72,1691.57,1691.72,0.01,26.53,44986.9,1
2024-12-01,2024-12-01 12:42:00,1691.72,1691.88,1691.72,1691.88,0.01,26.53,44986.9,1
2024-12-01,2024-12-01 12:43:00,1691.88,1692.03,1691.88,1692.03,0.01,26.53,44986.9,1
2024-12-01,2024-12-01 12:44:00,1692.03,1692.19,1692.03,1692.19,0.01,26.53,44986.9,1
2024-12-01,2024-12-01 12:45:00,1692.19,1692.34,1692.19,1692.34,0.01,26.53,44986.9,1
2024-12-01,2024-12-01 12:46:00,1692.34,1692.5,1692.34,1692.5,0.01,26.53,44986.9,1
2024-12-01,2024-12-01 12:47:00,1692.5,1692.65,1692.5,1692.65,0.01,26.53,44986.9,1
2024-12-01,2024-12-01 12:48:00,1692.65,1692.8,1692.65,1692.8,0.01,26.53,44986.9,1
2024-12-01,2024-12-01 12:49:00,1692.8,1692.96,1692.8,1692.96,0.01,26.53,44986.9,1
2024-12-01,2024-12-01 12:50:00,1692.96,1693.11,1692.96,1693.11,0.01,26.53,44986.9,1
2024-12-01,2024-12-01 12:51:00,1693.11,1693.27,1693.11,1693.27,0.01,26.53,44986.9,1
2024-12-01,2024-12-01 12:52:00,1693.27,1693.42,1693.27,1693.42,0.01,26.53,44986.9,1
2024-12-01,2024-12-01 12:53:00,1693.42,1693.58,1693.42,1693.58,0.01,26.53,44986.9,1
2024-12-01,2024-12-01 12:54:00,1693.58,1693.73,1693.58,1693.73,0.01,26.53,44986.9,1
2024-12-01,2024-12-01 12:55:00,1693.73,1693.88,1693.73,1693.88,0.01,26.53,44986.9,1
2024-12-01,2024-12-01 12:56:00,1693.88,1694.04,1693.88,1694.04,0.01,26.53,44986.9,1
2024-12-01,2024-12-01 12:57:00,1694.04,1694.19,1694.04,1694.19,0.01,26.53,44986.9,1
2024-12-01,2024-12-01 12:58:00,1694.19,1694.35,1694.19,1694.35,0.01,26.53,44986.9,1
2024-12-01,2024-12-01 12:59:00,1694.35,1694.5,1694.35,1694.5,0.01,26.53,44986.9,1
2024-12-01,2024-12-01 13:00:00,1694.5,1730.0,1676.0,1694.65,0.01,26.53,44986.9,1
2024-12-01,2024-12-01 13:01:00,1694.65,1694.81,1694.65,1694.81,0.01,26.53,44986.9,1
2024-12-01,2024-12-01 13:02:00,1694.81,1694.96,1694.81,1694.96,0.01,26.53,44986.9,1
2024-12-01,2024-12-01 13:03:00,1694.96,1695.12,1694.96,1695.12,0.01,26.53,44986.9,1
2024-12-01,2024-12-01 13:04:00,1695.12,1695.27,1695.12,1695.27,0.01,26.53,44986.9,1
2024-12-01,2024-12-01 13:05:00,1695.27,1695.42,1695.27,1695.42,0.01,26.53,44986.9,1
2024-12-01,2024-12-01 13:06:00,1695.42,1695.58,1695.42,1695.58,0.01,26.53,44986.9,1
2024-12-01,2024-12-01 13:07:00,1695.58,1695.73,1695.58,1695.73,0.01,26.53,44986.9,1
2024-12-01,2024-12-01 13:08:00,1695.73,1695.89,1695.73,1695.89,0.01,26.53,44986.9,1
2024-12-01,2024-12-01 13:09:00,1695.89,1696.04,1695.89,1696.04,0.01,26.53,44986.9,1
2024-12-01,2024-12-01 13:10:00,1696.04,1696.2,1696.04,1696.2,0.01,26.53,44986.9,1
2024-12-01,2024-12-01 13:11:00,1696.2,1696.35,1696.2,1696.35,0.01,26.53,44986.9,1
2024-12-01,2024-12-01 13:12:00,1696.35,1696.5,1696.35,1696.5,0.01,26.53,44986.9,1
2024-12-01,2024-12-01 13:13:00,1696.5,1696.66,1696.5,1696.66,0.01,26.53,44986.9,1
2024-12-01,2024-12-01 13:14:00,1696.66,1696.81,1696.66,1696.81,0.01,26.53,44986.9,1
2024-12-01,2024-12-01 13:15:00,1696.81,1696.97,1696.81,1696.97,0.01,26.53,44986.9,1
2024-12-01,2024-12-01 13:16:00,1696.97,1697.12,1696.97,1697.12,0.01,26.53,44986.9,1
2024-12-01,2024-12-01 13:17:00,1697.12,1697.28,1697.12,1697.28,0.01,26.53,44986.9,1
2024-12-01,2024-12-01 13:18:00,1697.28,1697.43,1697.28,1697.43,0.01,26.53,44986.9,1
2024-12-01,2024-12-01 13:19:00,1697.43,1697.58,1697.43,1697.58,0.01,26.53,44986.9,1
2024-12-01,2024-12-01 13:20:00,1697.58,1697.74,1697.58,1697.74,0.01,26.53,44986.9,1
2024-12-01,2024-12-01 13:21:00,1697.74,1697.89,1697.74,1697.89,0.01,26.53,44986.9,1
2024-12-01,2024-12-01 13:22:00,1697.89,1698.05,1697.89,1698.05,0.01,26.53,44986.9,1
2024-12-01,2024-12-01 13:23:00,1698.05,1698.2,1698.05,1698.2,0.01,26.53,44986.9,1
2024-12-01,2024-12-01 13:24:00,1698.2,1698.35,1698.2,1698.35,0.01,26.53,44986.9,1
2024-12-01,2024-12-01 13:25:00,1698.35,1698.51,1698.35,1698.51,0.01,26.53,44986.9,1
2024-12-01,2024-12-01 13:26:00,1698.51,1698.66,1698.51,1698.66,0.01,26.53,44986.9,1
2024-12-01,2024-12-01 13:27:00,1698.66,1698.82,1698.66,1698.82,0.01,26.53,44986.9,1
2024-12-01,2024-12-01 13:28:00,1698.82,1698.97,1698.82,1698.97,0.01,26.53,44986.9,1
2024-12-01,2024-12-01 13:29:00,1698.97,1699.12,1698.97,1699.12,0.01,26.53,44986.9,1
2024-12-01,2024-12-01 13:30:00,1699.12,1699.28,1699.12,1699.28,0.01,26.53,44986.9,1
2024-12-01,2024-12-01 13:31:00,1699.28,1699.43,1699.28,1699.43,0.01,26.53,44986.9,1
2024-12-01,2024-12-01 13:32:00,1699.43,1699.59,1699.43,1699.59,0.01,26.53,44986.9,1
2024-12-01,2024-12-01 13:33:00,1699.59,1699.74,1699.59,1699.74,0.01,26.53,44986.9,1
2024-12-01,2024-12-01 13:34:00,1699.74,1699.9,1699.74,1699.9,0.01,26.53,44986.9,1
2024-12-01,2024-12-01 13:35:00,1699.9,1700.05,1699.9,1700.05,0.01,26.53,44986.9,1
2024-12-01,2024-12-01 13:36:00,1700.05,1700.2,1700.05,1700.2,0.01,26.53,44986.9,1
2024-12-01,2024-12-01 13:37:00,1700.2,1700.36,1700.2,1700.36,0.01,26.53,44986.9,1
2024-12-01,2024-12-01 13:38:00,1700.36,1700.51,1700.36,1700.51,0.01,26.53,44986.9,1
2024-12-01,2024-12-01 13:39:00,1700.51,1700.67,1700.51,1700.67,0.01,26.53,44986.9,1
2024-12-01,2024-12-01 13:40:00,1700.67,1700.82,1700.67,1700.82,0.01,26.53,44986.9,1
2024-12-01,2024-12-01 13:41:00,1700.82,1700.97,1700.82,1700.97,0.01,26.53,44986.9,1
2024-12-01,2024-12-01 13:42:00,1700.97,1701.13,1700.97,1701.13,0.01,26.53,44986.9,1
2024-12-01,2024-12-01 13:43:00,1701.13,1701.28,1701.13,1701.28,0.01,26.53,44986.9,1
2024-12-01,2024-12-01 13:44:00,1701.28,1701.44,1701.28,1701.44,0.01,26.53,44986.9,1
2024-12-01,2024-12-01 13:45:00,1701.44,1701.59,1701.44,1701.59,0.01,26.53,44986.9,1
2024-12-01,2024-12-01 13:46:00,1701.59,1701.75,1701.59,1701.75,0.01,26.53,44986.9,1
2024-12-01,2024-12-01 13:47:00,1701.75,1701.9,1701.75,1701.9,0.01,26.53,44986.9,1
2024-12-01,2024-12-01 13:48:00,1701.9,1702.05,1701.9,1702.05,0.01,26.53,44986.9,1
2024-12-01,2024-12-01 13:49:00,1702.05,1702.21,1702.05,1702.21,0.01,26.53,44986.9,1
2024-12-01,2024-12-01 13:50:00,1702.21,1702.36,1702.21,1702.36,0.01,26.53,44986.9,1
2024-12-01,2024-12-01 13:51:00,1702.36,1702.52,1702.36,1702.52,0.01,26.53,44986.9,1
2024-12-01,2024-12-01 13:52:00,1702.52,1702.67,1702.52,1702.67,0.01,26.53,44986.9,1
2024-12-01,2024-12-01 13:53:00,1702.67,1702.83,1702.67,1702.83,0.01,26.53,44986.9,1
2024-12-01,2024-12-01 13:54:00,1702.83,1702.98,1702.83,1702.98,0.01,26.53,44986.9,1
2024-12-01,2024-12-01 13:55:00,1702.98,1703.13,1702.98,1703.13,0.01,26.53,44986.9,1
2024-12-01,2024-12-01 13:56:00,1703.13,1703.29,1703.13,1703.29,0.01,26.53,44986.9,1
2024-12-01,2024-12-01 13:57:00,1703.29,1703.44,1703.29,1703.44,0.01,26.53,44986.9,1
2024-12-01,2024-12-01 13:58:00,1703.44,1703.6,1703.44,1703.6,0.01,26.53,44986.9,1
2024-12-01,2024-12-01 13:59:00,1703.6,1703.75,1703.6,1703.75,0.01,26.53,44986.9,1
2024-12-01,2024-12-01 14:00:00,1703.75,1703.9,1703.75,1703.9,0.01,26.53,44986.9,1
2024-12-01,2024-12-01 14:01:00,1703.9,1704.06,1703.9,1704.06,0.01,26.53,44986.9,1
2024-12-01,2024-12-01 14:02:00,1704.06,1704.21,1704.06,1704.21,0.01,26.53,44986.9,1
2024-12-01,2024-12-01 14:03:00,1704.21,1704.37,1704.21,1704.37,0.01,26.53,44986.9,1
2024-12-01,2024-12-01 14:04:00,1704.37,1704.52,1704.37,1704.52,0.01,26.53,44986.9,1
2024-12-01,2024-12-01 14:05:00,1704.52,1704.67,1704.52,1704.67,0.01,26.53,44986.9,1
2024-12-01,2024-12-01 14:06:00,1704.67,1704.83,1704.67,1704.83,0.01,26.53,44986.9,1
2024-12-01,2024-12-01 14:07:00,1704.83,1704.98,1704.83,1704.98,0.01,26.53,44986.9,1
2024-12-01,2024-12-01 14:08:00,1704.98,1705.14,1704.98,1705.14,0.01,26.53,44986.9,1
2024-12-01,2024-12-01 14:09:00,1705.14,1705.29,1705.14,1705.29,0.01,26.53,44986.9,1
2024-12-01,2024-12-01 14:10:00,1705.29,1705.45,1705.29,1705.45,0.01,26.53,44986.9,1
2024-12-01,2024-12-01 14:11:00,1705.45,1705.6,1705.45,1705.6,0.01,26.53,44986.9,1
2024-12-01,2024-12-01 14:12:00,1705.6,1705.75,1705.6,1705.75,0.01,26.53,44986.9,1
2024-12-01,2024-12-01 14:13:00,1705.75,1705.91,1705.75,1705.91,0.01,26.53,44986.9,1
2024-12-01,2024-12-01 14:14:00,1705.91,1706.06,1705.91,1706.06,0.01,26.53,44986.9,1
2024-12-01,2024-12-01 14:15:00,1706.06,1706.22,1706.06,1706.22,0.01,26.53,44986.9,1
2024-12-01,2024-12-01 14:16:00,1706.22,1706.37,1706.22,1706.37,0.01,26.53,44986.9,1
2024-12-01,2024-12-01 14:17:00,1706.37,1706.53,1706.37,1706.53,0.01,26.53,44986.9,1
2024-12-01,2024-12-01 14:18:00,1706.53,1706.68,1706.53,1706.68,0.01,26.53,44986.9,1
2024-12-01,2024-12-01 14:19:00,1706.68,1706.83,1706.68,1706.83,0.01,26.53,44986.9,1
2024-12-01,2024-12-01 14:20:00,1706.83,1706.99,1706.83,1706.99,0.01,26.53,44986.9,1
2024-12-01,2024-12-01 14:21:00,1706.99,1707.14,1706.99,1707.14,0.01,26.53,44986.9,1
2024-12-01,2024-12-01 14:22:00,1707.14,1707.3,1707.14,1707.3,0.01,26.53,44986.9,1
2024-12-01,2024-12-01 14:23:00,1707.3,1707.45,1707.3,1707.45,0.01,26.53,44986.9,1
2024-12-01,2024-12-01 14:24:00,1707.45,1707.6,1707.45,1707.6,0.01,26.53,44986.9,1
2024-12-01,2024-12-01 14:25:00,1707.6,1707.76,1707.6,1707.76,0.01,26.53,44986.9,1
2024-12-01,2024-12-01 14:26:00,1707.76,1707.91,1707.76,1707.91,0.01,26.53,44986.9,1
2024-12-01,2024-12-01 14:27:00,1707.91,1708.07,1707.91,1708.07,0.01,26.53,44986.9,1
2024-12-01,2024-12-01 14:28:00,1708.07,1708.22,1708.07,1708.22,0.01,26.53,44986.9,1
2024-12-01,2024-12-01 14:29:00,1708.22,1708.38,1708.22,1708.38,0.01,26.53,44986.9,1
2024-12-01,2024-12-01 14:30:00,1708.38,1708.53,1708.38,1708.53,0.01,26.53,44986.9,1
2024-12-01,2024-12-01 14:31:00,1708.53,1708.68,1708.53,1708.68,0.01,26.53,44986.9,1
2024-12-01,2024-12-01 14:32:00,1708.68,1708.84,1708.68,1708.84,0.01,26.53,44986.9,1
2024-12-01,2024-12-01 14:33:00,1708.84,1708.99,1708.84,1708.99,0.01,26.53,44986.9,1
2024-12-01,2024-12-01 14:34:00,1708.99,1709.15,1708.99,1709.15,0.01,26.53,44986.9,1
2024-12-01,2024-12-01 14:35:00,1709.15,1709.3,1709.15,1709.3,0.01,26.53,44986.9,1
2024-12-01,2024-12-01 14:36:00,1709.3,1709.45,1709.3,1709.45,0.01,26.53,44986.9,1
2024-12-01,2024-12-01 14:37:00,1709.45,1709.61,1709.45,1709.61,0.01,26.53,44986.9,1
2024-12-01,2024-12-01 14:38:00,1709.61,1709.76,1709.61,1709.76,0.01,26.53,44986.9,1
2024-12-01,2024-12-01 14:39:00,1709.76,1709.92,1709.76,1709.92,0.01,26.53,44986.9,1
2024-12-01,2024-12-01 14:40:00,1709.92,1710.07,1709.92,1710.07,0.01,26.53,44986.9,1
2024-12-01,2024-12-01 14:41:00,1710.07,1710.22,1710.07,1710.22,0.01,26.53,44986.9,1
2024-12-01,2024-12-01 14:42:00,1710.22,1710.38,1710.22,1710.38,0.01,26.53,44986.9,1
2024-12-01,2024-12-01 14:43:00,1710.38,1710.53,1710.38,1710.53,0.01,26.53,44986.9,1
2024-12-01,2024-12-01 14:44:00,1710.53,1710.69,1710.53,1710.69,0.01,26.53,44986.9,1
2024-12-01,2024-12-01 14:45:00,1710.69,1710.84,1710.69,1710.84,0.01,26.53,44986.9,1
2024-12-01,2024-12-01 14:46:00,1710.84,1711.0,1710.84,1711.0,0.01,26.53,44986.9,1
2024-12-01,2024-12-01 14:47:00,1711.0,1711.15,1711.0,1711.15,0.01,26.53,44986.9,1
2024-12-01,2024-12-01 14:48:00,1711.15,1711.3,1711.15,1711.3,0.01,26.53,44986.9,1
2024-12-01,2024-12-01 14:49:00,1711.3,1711.46,1711.3,1711.46,0.01,26.53,44986.9,1
2024-12-01,2024-12-01 14:50:00,1711.46,1711.61,1711.46,1711.61,0.01,26.53,44986.9,1
2024-12-01,2024-12-01 14:51:00,1711.61,1711.77,1711.61,1711.77,0.01,26.53,44986.9,1
2024-12-01,2024-12-01 14:52:00,1711.77,1711.92,1711.77,1711.92,0.01,26.53,44986.9,1
2024-12-01,2024-12-01 14:53:00,1711.92,1712.08,1711.92,1712.08,0.01,26.53,44986.9,1
2024-12-01,2024-12-01 14:54:00,1712.08,1712.23,1712.08,1712.23,0.01,26.53,44986.9,1
2024-12-01,2024-12-01 14:55:00,1712.23,1712.38,1712.23,1712.38,0.01,26.53,44986.9,1
2024-12-01,2024-12-01 14:56:00,1712.38,1712.54,1712.38,1712.54,0.01,26.53,44986.9,1
2024-12-01,2024-12-01 14:57:00,1712.54,1712.69,1712.54,1712.69,0.01,26.53,44986.9,1
2024-12-01,2024-12-01 14:58:00,1712.69,1712.85,1712.69,1712.85,0.01,26.53,44986.9,1
2024-12-01,2024-12-01 14:59:00,1712.85,1713.0,1712.85,1713.0,0.01,26.53,44986.9,1
2024-12-01,2024-12-01 15:00:00,1713.0,1730.0,1676.0,1713.0,0.0,26.53,44986.9,0
2024-12-02,2024-12-02 11:00:00,1747.0,1756.9,1723.0,1746.8,-0.01,34.66,58581.45,-1
2024-12-02,2024-12-02 11:01:00,1746.8,1746.8,1746.61,1746.61,-0.01,34.66,58581.45,-1
2024-12-02,2024-12-02 11:02:00,1746.61,1746.61,1746.41,1746.41,-0.01,34.66,58581.45,-1
2024-12-02,2024-12-02 11:03:00,1746.41,1746.41,1746.21,1746.21,-0.01,34.66,58581.45,-1
2024-12-02,2024-12-02 11:04:00,1746.21,1746.21,1746.02,1746.02,-0.01,34.66,58581.45,-1
2024-12-02,2024-12-02 11:05:00,1746.02,1746.02,1745.82,1745.82,-0.01,34.66,58581.45,-1
2024-12-02,2024-12-02 11:06:00,1745.82,1745.82,1745.63,1745.63,-0.01,34.66,58581.45,-1
2024-12-02,2024-12-02 11:07:00,1745.63,1745.63,1745.43,1745.43,-0.01,34.66,58581.45,-1
2024-12-02,2024-12-02 11:08:00,1745.43,1745.43,1745.23,1745.23,-0.01,34.66,58581.45,-1
2024-12-02,2024-12-02 11:09:00,1745.23,1745.23,1745.04,1745.04,-0.01,34.66,58581.45,-1
2024-12-02,2024-12-02 11:10:00,1745.04,1745.04,1744.84,1744.84,-0.01,34.66,58581.45,-1
2024-12-02,2024-12-02 11:11:00,1744.84,1744.84,1744.64,1744.64,-0.01,34.66,58581.45,-1
2024-12-02,2024-12-02 11:12:00,1744.64,1744.64,1744.45,1744.45,-0.01,34.66,58581.45,-1
2024-12-02,2024-12-02 11:13:00,1744.45,1744.45,1744.25,1744.25,-0.01,34.66,58581.45,-1
2024-12-02,2024-12-02 11:14:00,1744.25,1744.25,1744.06,1744.06,-0.01,34.66,58581.45,-1
2024-12-02,2024-12-02 11:15:00,1744.06,1744.06,1743.86,1743.86,-0.01,34.66,58581.45,-1
2024-12-02,2024-12-02 11:16:00,1743.86,1743.86,1743.66,1743.66,-0.01,34.66,58581.45,-1
2024-12-02,2024-12-02 11:17:00,1743.66,1743.66,1743.47,1743.47,-0.01,34.66,58581.45,-1
2024-12-02,2024-12-02 11:18:00,1743.47,1743.47,1743.27,1743.27,-0.01,34.66,58581.45,-1
2024-12-02,2024-12-02 11:19:00,1743.27,1743.27,1743.08,1743.08,-0.01,34.66,58581.45,-1
2024-12-02,2024-12-02 11:20:00,1743.08,1743.08,1742.88,1742.88,-0.01,34.66,58581.45,-1
2024-12-02,2024-12-02 11:21:00,1742.88,1742.88,1742.68,1742.68,-0.01,34.66,58581.45,-1
2024-12-02,2024-12-02 11:22:00,1742.68,1742.68,1742.49,1742.49,-0.01,34.66,58581.45,-1
2024-12-02,2024-12-02 11:23:00,1742.49,1742.49,1742.29,1742.29,-0.01,34.66,58581.45,-1
2024-12-02,2024-12-02 11:24:00,1742.29,1742.29,1742.09,1742.09,-0.01,34.66,58581.45,-1
2024-12-02,2024-12-02 11:25:00,1742.09,1742.09,1741.9,1741.9,-0.01,34.66,58581.45,-1
2024-12-02,2024-12-02 11:26:00,1741.9,1741.9,1741.7,1741.7,-0.01,34.66,58581.45,-1
2024-12-02,2024-12-02 11:27:00,1741.7,1741.7,1741.51,1741.51,-0.01,34.66,58581.45,-1
2024-12-02,2024-12-02 11:28:00,1741.51,1741.51,1741.31,1741.31,-0.01,34.66,58581.45,-1
2024-12-02,2024-12-02 11:29:00,1741.31,1741.31,1741.11,1741.11,-0.01,34.66,58581.45,-1
2024-12-02,2024-12-02 11:30:00,1741.11,1741.11,1740.92,1740.92,-0.01,34.66,58581.45,-1
2024-12-02,2024-12-02 11:31:00,1740.92,1740.92,1740.72,1740.72,-0.01,34.66,58581.45,-1
2024-12-02,2024-12-02 11:32:00,1740.72,1740.72,1740.52,1740.52,-0.01,34.66,58581.45,-1
2024-12-02,2024-12-02 11:33:00,1740.52,1740.52,1740.33,1740.33,-0.01,34.66,58581.45,-1
2024-12-02,2024-12-02 11:34:00,1740.33,1740.33,1740.13,1740.13,-0.01,34.66,58581.45,-1
2024-12-02,2024-12-02 11:35:00,1740.13,1740.13,1739.93,1739.93,-0.01,34.66,58581.45,-1
2024-12-02,2024-12-02 11:36:00,1739.93,1739.93,1739.74,1739.74,-0.01,34.66,58581.45,-1
2024-12-02,2024-12-02 11:37:00,1739.74,1739.74,1739.54,1739.54,-0.01,34.66,58581.45,-1
2024-12-02,2024-12-02 11:38:00,1739.54,1739.54,1739.35,1739.35,-0.01,34.66,58581.45,-1
2024-12-02,2024-12-02 11:39:00,1739.35,1739.35,1739.15,1739.15,-0.01,34.66,58581.45,-1
2024-12-02,2024-12-02 11:40:00,1739.15,1739.15,1738.95,1738.95,-0.01,34.66,58581.45,-1
2024-12-02,2024-12-02 11:41:00,1738.95,1738.95,1738.76,1738.76,-0.01,34.66,58581.45,-1
2024-12-02,2024-12-02 11:42:00,1738.76,1738.76,1738.56,1738.56,-0.01,34.66,58581.45,-1
2024-12-02,2024-12-02 11:43:00,1738.56,1738.56,1738.37,1738.37,-0.01,34.66,58581.45,-1
2024-12-02,2024-12-02 11:44:00,1738.37,1738.37,1738.17,1738.17,-0.01,34.66,58581.45,-1
2024-12-02,2024-12-02 11:45:00,1738.17,1738.17,1737.97,1737.97,-0.01,34.66,58581.45,-1
2024-12-02,2024-12-02 11:46:00,1737.97,1737.97,1737.78,1737.78,-0.01,34.66,58581.45,-1
2024-12-02,2024-12-02 11:47:00,1737.78,1737.78,1737.58,1737.58,-0.01,34.66,58581.45,-1
2024-12-02,2024-12-02 11:48:00,1737.58,1737.58,1737.38,1737.38,-0.01,34.66,58581.45,-1
2024-12-02,2024-12-02 11:49:00,1737.38,1737.38,1737.19,1737.19,-0.01,34.66,58581.45,-1
2024-12-02,2024-12-02 11:50:00,1737.19,1737.19,1736.99,1736.99,-0.01,34.66,58581.45,-1
2024-12-02,2024-12-02 11:51:00,1736.99,1736.99,1736.8,1736.8,-0.01,34.66,58581.45,-1
2024-12-02,2024-12-02 11:52:00,1736.8,1736.8,1736.6,1736.6,-0.01,34.66,58581.45,-1
2024-12-02,2024-12-02 11:53:00,1736.6,1736.6,1736.4,1736.4,-0.01,34.66,58581.45,-1
2024-12-02,2024-12-02 11:54:00,1736.4,1736.4,1736.21,1736.21,-0.01,34.66,58581.45,-1
2024-12-02,2024-12-02 11:55:00,1736.21,1736.21,1736.01,1736.01,-0.01,34.66,58581.45,-1
2024-12-02,2024-12-02 11:56:00,1736.01,1736.01,1735.81,1735.81,-0.01,34.66,58581.45,-1
2024-12-02,2024-12-02 11:57:00,1735.81,1735.81,1735.62,1735.62,-0.01,34.66,58581.45,-1
2024-12-02,2024-12-02 11:58:00,1735.62,1735.62,1735.42,1735.42,-0.01,34.66,58581.45,-1
2024-12-02,2024-12-02 11:59:00,1735.42,1735.42,1735.22,1735.22,-0.01,34.66,58581.45,-1
2024-12-02,2024-12-02 12:00:00,1735.22,1735.22,1735.03,1735.03,-0.01,34.66,58581.45,-1
2024-12-02,2024-12-02 12:01:00,1735.03,1735.03,1734.83,1734.83,-0.01,34.66,58581.45,-1
2024-12-02,2024-12-02 12:02:00,1734.83,1734.83,1734.64,1734.64,-0.01,34.66,58581.45,-1
2024-12-02,2024-12-02 12:03:00,1734.64,1734.64,1734.44,1734.44,-0.01,34.66,58581.45,-1
2024-12-02,2024-12-02 12:04:00,1734.44,1734.44,1734.24,1734.24,-0.01,34.66,58581.45,-1
2024-12-02,2024-12-02 12:05:00,1734.24,1734.24,1734.05,1734.05,-0.01,34.66,58581.45,-1
2024-12-02,2024-12-02 12:06:00,1734.05,1734.05,1733.85,1733.85,-0.01,34.66,58581.45,-1
2024-12-02,2024-12-02 12:07:00,1733.85,1733.85,1733.65,1733.65,-0.01,34.66,58581.45,-1
2024-12-02,2024-12-02 12:08:00,1733.65,1733.65,1733.46,1733.46,-0.01,34.66,58581.45,-1
2024-12-02,2024-12-02 12:09:00,1733.46,1733.46,1733.26,1733.26,-0.01,34.66,58581.45,-1
2024-12-02,2024-12-02 12:10:00,1733.26,1733.26,1733.07,1733.07,-0.01,34.66,58581.45,-1
2024-12-02,2024-12-02 12:11:00,1733.07,1733.07,1732.87,1732.87,-0.01,34.66,58581.45,-1
2024-12-02,2024-12-02 12:12:00,1732.87,1732.87,1732.67,1732.67,-0.01,34.66,58581.45,-1
2024-12-02,2024-12-02 12:13:00,1732.67,1732.67,1732.48,1732.48,-0.01,34.66,58581.45,-1
2024-12-02,2024-12-02 12:14:00,1732.48,1732.48,1732.28,1732.28,-0.01,34.66,58581.45,-1
2024-12-02,2024-12-02 12:15:00,1732.28,1732.28,1732.09,1732.09,-0.01,34.66,58581.45,-1
2024-12-02,2024-12-02 12:16:00,1732.09,1732.09,1731.89,1731.89,-0.01,34.66,58581.45,-1
2024-12-02,2024-12-02 12:17:00,1731.89,1731.89,1731.69,1731.69,-0.01,34.66,58581.45,-1
2024-12-02,2024-12-02 12:18:00,1731.69,1731.69,1731.5,1731.5,-0.01,34.66,58581.45,-1
2024-12-02,2024-12-02 12:19:00,1731.5,1731.5,1731.3,1731.3,-0.01,34.66,58581.45,-1
2024-12-02,2024-12-02 12:20:00,1731.3,1731.3,1731.1,1731.1,-0.01,34.66,58581.45,-1
2024-12-02,2024-12-02 12:21:00,1731.1,1731.1,1730.91,1730.91,-0.01,34.66,58581.45,-1
2024-12-02,2024-12-02 12:22:00,1730.91,1730.91,1730.71,1730.71,-0.01,34.66,58581.45,-1
2024-12-02,2024-12-02 12:23:00,1730.71,1730.71,1730.52,1730.52,-0.01,34.66,58581.45,-1
2024-12-02,2024-12-02 12:24:00,1730.52,1730.52,1730.32,1730.32,-0.01,34.66,58581.45,-1
2024-12-02,2024-12-02 12:25:00,1730.32,1730.32,1730.12,1730.12,-0.01,34.66,58581.45,-1
2024-12-02,2024-12-02 12:26:00,1730.12,1730.12,1729.93,1729.93,-0.01,34.66,58581.45,-1
2024-12-02,2024-12-02 12:27:00,1729.93,1729.93,1729.73,1729.73,-0.01,34.66,58581.45,-1
2024-12-02,2024-12-02 12:28:00,1729.73,1729.73,1729.53,1729.53,-0.01,34.66,58581.45,-1
2024-12-02,2024-12-02 12:29:00,1729.53,1729.53,1729.34,1729.34,-0.01,34.66,58581.45,-1
2024-12-02,2024-12-02 12:30:00,1729.34,1729.34,1729.14,1729.14,-0.01,34.66,58581.45,-1
2024-12-02,2024-12-02 12:31:00,1729.14,1729.14,1728.94,1728.94,-0.01,34.66,58581.45,-1
2024-12-02,2024-12-02 12:32:00,1728.94,1728.94,1728.75,1728.75,-0.01,34.66,58581.45,-1
2024-12-02,2024-12-02 12:33:00,1728.75,1728.75,1728.55,1728.55,-0.01,34.66,58581.45,-1
2024-12-02,2024-12-02 12:34:00,1728.55,1728.55,1728.36,1728.36,-0.01,34.66,58581.45,-1
2024-12-02,2024-12-02 12:35:00,1728.36,1728.36,1728.16,1728.16,-0.01,34.66,58581.45,-1
2024-12-02,2024-12-02 12:36:00,1728.16,1728.16,1727.96,1727.96,-0.01,34.66,58581.45,-1
2024-12-02,2024-12-02 12:37:00,1727.96,1727.96,1727.77,1727.77,-0.01,34.66,58581.45,-1
2024-12-02,2024-12-02 12:38:00,1727.77,1727.77,1727.57,1727.57,-0.01,34.66,58581.45,-1
2024-12-02,2024-12-02 12:39:00,1727.57,1727.57,1727.38,1727.38,-0.01,34.66,58581.45,-1
2024-12-02,2024-12-02 12:40:00,1727.38,1727.38,1727.18,1727.18,-0.01,34.66,58581.45,-1
2024-12-02,2024-12-02 12:41:00,1727.18,1727.18,1726.98,1726.98,-0.01,34.66,58581.45,-1
2024-12-02,2024-12-02 12:42:00,1726.98,1726.98,1726.79,1726.79,-0.01,34.66,58581.45,-1
2024-12-02,2024-12-02 12:43:00,1726.79,1726.79,1726.59,1726.59,-0.01,34.66,58581.45,-1
2024-12-02,2024-12-02 12:44:00,1726.59,1726.59,1726.39,1726.39,-0.01,34.66,58581.45,-1
2024-12-02,2024-12-02 12:45:00,1726.39,1726.39,1726.2,1726.2,-0.01,34.66,58581.45,-1
2024-12-02,2024-12-02 12:46:00,1726.2,1726.2,1726.0,1726.0,-0.01,34.66,58581.45,-1
2024-12-02,2024-12-02 12:47:00,1726.0,1726.0,1725.81,1725.81,-0.01,34.66,58581.45,-1
2024-12-02,2024-12-02 12:48:00,1725.81,1725.81,1725.61,1725.61,-0.01,34.66,58581.45,-1
2024-12-02,2024-12-02 12:49:00,1725.61,1725.61,1725.41,1725.41,-0.01,34.66,58581.45,-1
2024-12-02,2024-12-02 12:50:00,1725.41,1725.41,1725.22,1725.22,-0.01,34.66,58581.45,-1
2024-12-02,2024-12-02 12:51:00,1725.22,1725.22,1725.02,1725.02,-0.01,34.66,58581.45,-1
2024-12-02,2024-12-02 12:52:00,1725.02,1725.02,1724.82,1724.82,-0.01,34.66,58581.45,-1
2024-12-02,2024-12-02 12:53:00,1724.82,1724.82,1724.63,1724.63,-0.01,34.66,58581.45,-1
2024-12-02,2024-12-02 12:54:00,1724.63,1724.63,1724.43,1724.43,-0.01,34.66,58581.45,-1
2024-12-02,2024-12-02 12:55:00,1724.43,1724.43,1724.24,1724.24,-0.01,34.66,58581.45,-1
2024-12-02,2024-12-02 12:56:00,1724.24,1724.24,1724.04,1724.04,-0.01,34.66,58581.45,-1
2024-12-02,2024-12-02 12:57:00,1724.04,1724.04,1723.84,1723.84,-0.01,34.66,58581.45,-1
2024-12-02,2024-12-02 12:58:00,1723.84,1723.84,1723.65,1723.65,-0.01,34.66,58581.45,-1
2024-12-02,2024-12-02 12:59:00,1723.65,1723.65,1723.45,1723.45,-0.01,34.66,58581.45,-1
2024-12-02,2024-12-02 13:00:00,1723.45,1780.0,1667.0,1723.25,-0.01,34.66,58581.45,-1
2024-12-02,2024-12-02 13:01:00,1723.25,1723.25,1723.06,1723.06,-0.01,34.66,58581.45,-1
2024-12-02,2024-12-02 13:02:00,1723.06,1723.06,1722.86,1722.86,-0.01,34.66,58581.45,-1
2024-12-02,2024-12-02 13:03:00,1722.86,1722.86,1722.66,1722.66,-0.01,34.66,58581.45,-1
2024-12-02,2024-12-02 13:04:00,1722.66,1722.66,1722.47,1722.47,-0.01,34.66,58581.45,-1
2024-12-02,2024-12-02 13:05:00,1722.47,1722.47,1722.27,1722.27,-0.01,34.66,58581.45,-1
2024-12-02,2024-12-02 13:06:00,1722.27,1722.27,1722.08,1722.08,-0.01,34.66,58581.45,-1
2024-12-02,2024-12-02 13:07:00,1722.08,1722.08,1721.88,1721.88,-0.01,34.66,58581.45,-1
2024-12-02,2024-12-02 13:08:00,1721.88,1721.88,1721.68,1721.68,-0.01,34.66,58581.45,-1
2024-12-02,2024-12-02 13:09:00,1721.68,1721.68,1721.49,1721.49,-0.01,34.66,58581.45,-1
2024-12-02,2024-12-02 13:10:00,1721.49,1721.49,1721.29,1721.29,-0.01,34.66,58581.45,-1
2024-12-02,2024-12-02 13:11:00,1721.29,1721.29,1721.1,1721.1,-0.01,34.66,58581.45,-1
2024-12-02,2024-12-02 13:12:00,1721.1,1721.1,1720.9,1720.9,-0.01,34.66,58581.45,-1
2024-12-02,2024-12-02 13:13:00,1720.9,1720.9,1720.7,1720.7,-0.01,34.66,58581.45,-1
2024-12-02,2024-12-02 13:14:00,1720.7,1720.7,1720.51,1720.51,-0.01,34.66,58581.45,-1
2024-12-02,2024-12-02 13:15:00,1720.51,1720.51,1720.31,1720.31,-0.01,34.66,58581.45,-1
2024-12-02,2024-12-02 13:16:00,1720.31,1720.31,1720.11,1720.11,-0.01,34.66,58581.45,-1
2024-12-02,2024-12-02 13:17:00,1720.11,1720.11,1719.92,1719.92,-0.01,34.66,58581.45,-1
2024-12-02,2024-12-02 13:18:00,1719.92,1719.92,1719.72,1719.72,-0.01,34.66,58581.45,-1
2024-12-02,2024-12-02 13:19:00,1719.72,1719.72,1719.53,1719.53,-0.01,34.66,58581.45,-1
2024-12-02,2024-12-02 13:20:00,1719.53,1719.53,1719.33,1719.33,-0.01,34.66,58581.45,-1
2024-12-02,2024-12-02 13:21:00,1719.33,1719.33,1719.13,1719.13,-0.01,34.66,58581.45,-1
2024-12-02,2024-12-02 13:22:00,1719.13,1719.13,1718.94,1718.94,-0.01,34.66,58581.45,-1
2024-12-02,2024-12-02 13:23:00,1718.94,1718.94,1718.74,1718.74,-0.01,34.66,58581.45,-1
2024-12-02,2024-12-02 13:24:00,1718.74,1718.74,1718.54,1718.54,-0.01,34.66,58581.45,-1
2024-12-02,2024-12-02 13:25:00,1718.54,1718.54,1718.35,1718.35,-0.01,34.66,58581.45,-1
2024-12-02,2024-12-02 13:26:00,1718.35,1718.35,1718.15,1718.15,-0.01,34.66,58581.45,-1
2024-12-02,2024-12-02 13:27:00,1718.15,1718.15,1717.96,1717.96,-0.01,34.66,58581.45,-1
2024-12-02,2024-12-02 13:28:00,1717.96,1717.96,1717.76,1717.76,-0.01,34.66,58581.45,-1
2024-12-02,2024-12-02 13:29:00,1717.76,1717.76,1717.56,1717.56,-0.01,34.66,58581.45,-1
2024-12-02,2024-12-02 13:30:00,1717.56,1717.56,1717.37,1717.37,-0.01,34.66,58581.45,-1
2024-12-02,2024-12-02 13:31:00,1717.37,1717.37,1717.17,1717.17,-0.01,34.66,58581.45,-1
2024-12-02,2024-12-02 13:32:00,1717.17,1717.17,1716.97,1716.97,-0.01,34.66,58581.45,-1
2024-12-02,2024-12-02 13:33:00,1716.97,1716.97,1716.78,1716.78,-0.01,34.66,58581.45,-1
2024-12-02,2024-12-02 13:34:00,1716.78,1716.78,1716.58,1716.58,-0.01,34.66,58581.45,-1
2024-12-02,2024-12-02 13:35:00,1716.58,1716.58,1716.38,1716.38,-0.01,34.66,58581.45,-1
2024-12-02,2024-12-02 13:36:00,1716.38,1716.38,1716.19,1716.19,-0.01,34.66,58581.45,-1
2024-12-02,2024-12-02 13:37:00,1716.19,1716.19,1715.99,1715.99,-0.01,34.66,58581.45,-1
2024-12-02,2024-12-02 13:38:00,1715.99,1715.99,1715.8,1715.8,-0.01,34.66,58581.45,-1
2024-12-02,2024-12-02 13:39:00,1715.8,1715.8,1715.6,1715.6,-0.01,34.66,58581.45,-1
2024-12-02,2024-12-02 13:40:00,1715.6,1715.6,1715.4,1715.4,-0.01,34.66,58581.45,-1
2024-12-02,2024-12-02 13:41:00,1715.4,1715.4,1715.21,1715.21,-0.01,34.66,58581.45,-1
2024-12-02,2024-12-02 13:42:00,1715.21,1715.21,1715.01,1715.01,-0.01,34.66,58581.45,-1
2024-12-02,2024-12-02 13:43:00,1715.01,1715.01,1714.82,1714.82,-0.01,34.66,58581.45,-1
2024-12-02,2024-12-02 13:44:00,1714.82,1714.82,1714.62,1714.62,-0.01,34.66,58581.45,-1
2024-12-02,2024-12-02 13:45:00,1714.62,1714.62,1714.42,1714.42,-0.01,34.66,58581.45,-1
2024-12-02,2024-12-02 13:46:00,1714.42,1714.42,1714.23,1714.23,-0.01,34.66,58581.45,-1
2024-12-02,2024-12-02 13:47:00,1714.23,1714.23,1714.03,1714.03,-0.01,34.66,58581.45,-1
2024-12-02,2024-12-02 13:48:00,1714.03,1714.03,1713.83,1713.83,-0.01,34.66,58581.45,-1
2024-12-02,2024-12-02 13:49:00,1713.83,1713.83,1713.64,1713.64,-0.01,34.66,58581.45,-1
2024-12-02,2024-12-02 13:50:00,1713.64,1713.64,1713.44,1713.44,-0.01,34.66,58581.45,-1
2024-12-02,2024-12-02 13:51:00,1713.44,1713.44,1713.25,1713.25,-0.01,34.66,58581.45,-1
2024-12-02,2024-12-02 13:52:00,1713.25,1713.25,1713.05,1713.05,-0.01,34.66,58581.45,-1
2024-12-02,2024-12-02 13:53:00,1713.05,1713.05,1712.85,1712.85,-0.01,34.66,58581.45,-1
2024-12-02,2024-12-02 13:54:00,1712.85,1712.85,1712.66,1712.66,-0.01,34.66,58581.45,-1
2024-12-02,2024-12-02 13:55:00,1712.66,1712.66,1712.46,1712.46,-0.01,34.66,58581.45,-1
2024-12-02,2024-12-02 13:56:00,1712.46,1712.46,1712.26,1712.26,-0.01,34.66,58581.45,-1
2024-12-02,2024-12-02 13:57:00,1712.26,1712.26,1712.07,1712.07,-0.01,34.66,58581.45,-1
2024-12-02,2024-12-02 13:58:00,1712.07,1712.07,1711.87,1711.87,-0.01,34.66,58581.45,-1
2024-12-02,2024-12-02 13:59:00,1711.87,1711.87,1711.68,1711.68,-0.01,34.66,58581.45,-1
2024-12-02,2024-12-02 14:00:00,1711.68,1711.68,1711.48,1711.48,-0.01,34.66,58581.45,-1
2024-12-02,2024-12-02 14:01:00,1711.48,1711.48,1711.28,1711.28,-0.01,34.66,58581.45,-1
2024-12-02,2024-12-02 14:02:00,1711.28,1711.28,1711.09,1711.09,-0.01,34.66,58581.45,-1
2024-12-02,2024-12-02 14:03:00,1711.09,1711.09,1710.89,1710.89,-0.01,34.66,58581.45,-1
2024-12-02,2024-12-02 14:04:00,1710.89,1710.89,1710.69,1710.69,-0.01,34.66,58581.45,-1
2024-12-02,2024-12-02 14:05:00,1710.69,1710.69,1710.5,1710.5,-0.01,34.66,58581.45,-1
2024-12-02,2024-12-02 14:06:00,1710.5,1710.5,1710.3,1710.3,-0.01,34.66,58581.45,-1
2024-12-02,2024-12-02 14:07:00,1710.3,1710.3,1710.11,1710.11,-0.01,34.66,58581.45,-1
2024-12-02,2024-12-02 14:08:00,1710.11,1710.11,1709.91,1709.91,-0.01,34.66,58581.45,-1
2024-12-02,2024-12-02 14:09:00,1709.91,1709.91,1709.71,1709.71,-0.01,34.66,58581.45,-1
2024-12-02,2024-12-02 14:10:00,1709.71,1709.71,1709.52,1709.52,-0.01,34.66,58581.45,-1
2024-12-02,2024-12-02 14:11:00,1709.52,1709.52,1709.32,1709.32,-0.01,34.66,58581.45,-1
2024-12-02,2024-12-02 14:12:00,1709.32,1709.32,1709.12,1709.12,-0.01,34.66,58581.45,-1
2024-12-02,2024-12-02 14:13:00,1709.12,1709.12,1708.93,1708.93,-0.01,34.66,58581.45,-1
2024-12-02,2024-12-02 14:14:00,1708.93,1708.93,1708.73,1708.73,-0.01,34.66,58581.45,-1
2024-12-02,2024-12-02 14:15:00,1708.73,1708.73,1708.54,1708.54,-0.01,34.66,58581.45,-1
2024-12-02,2024-12-02 14:16:00,1708.54,1708.54,1708.34,1708.34,-0.01,34.66,58581.45,-1
2024-12-02,2024-12-02 14:17:00,1708.34,1708.34,1708.14,1708.14,-0.01,34.66,58581.45,-1
2024-12-02,2024-12-02 14:18:00,1708.14,1708.14,1707.95,1707.95,-0.01,34.66,58581.45,-1
2024-12-02,2024-12-02 14:19:00,1707.95,1707.95,1707.75,1707.75,-0.01,34.66,58581.45,-1
2024-12-02,2024-12-02 14:20:00,1707.75,1707.75,1707.55,1707.55,-0.01,34.66,58581.45,-1
2024-12-02,2024-12-02 14:21:00,1707.55,1707.55,1707.36,1707.36,-0.01,34.66,58581.45,-1
2024-12-02,2024-12-02 14:22:00,1707.36,1707.36,1707.16,1707.16,-0.01,34.66,58581.45,-1
2024-12-02,2024-12-02 14:23:00,1707.16,1707.16,1706.97,1706.97,-0.01,34.66,58581.45,-1
2024-12-02,2024-12-02 14:24:00,1706.97,1706.97,1706.77,1706.77,-0.01,34.66,58581.45,-1
2024-12-02,2024-12-02 14:25:00,1706.77,1706.77,1706.57,1706.57,-0.01,34.66,58581.45,-1
2024-12-02,2024-12-02 14:26:00,1706.57,1706.57,1706.38,1706.38,-0.01,34.66,58581.45,-1
2024-12-02,2024-12-02 14:27:00,1706.38,1706.38,1706.18,1706.18,-0.01,34.66,58581.45,-1
2024-12-02,2024-12-02 14:28:00,1706.18,1706.18,1705.98,1705.98,-0.01,34.66,58581.45,-1
2024-12-02,2024-12-02 14:29:00,1705.98,1705.98,1705.79,1705.79,-0.01,34.66,58581.45,-1
2024-12-02,2024-12-02 14:30:00,1705.79,1705.79,1705.59,1705.59,-0.01,34.66,58581.45,-1
2024-12-02,2024-12-02 14:31:00,1705.59,1705.59,1705.39,1705.39,-0.01,34.66,58581.45,-1
2024-12-02,2024-12-02 14:32:00,1705.39,1705.39,1705.2,1705.2,-0.01,34.66,58581.45,-1
2024-12-02,2024-12-02 14:33:00,1705.2,1705.2,1705.0,1705.0,-0.01,34.66,58581.45,-1
2024-12-02,2024-12-02 14:34:00,1705.0,1705.0,1704.81,1704.81,-0.01,34.66,58581.45,-1
2024-12-02,2024-12-02 14:35:00,1704.81,1704.81,1704.61,1704.61,-0.01,34.66,58581.45,-1
2024-12-02,2024-12-02 14:36:00,1704.61,1704.61,1704.41,1704.41,-0.01,34.66,58581.45,-1
2024-12-02,2024-12-02 14:37:00,1704.41,1704.41,1704.22,1704.22,-0.01,34.66,58581.45,-1
2024-12-02,2024-12-02 14:38:00,1704.22,1704.22,1704.02,1704.02,-0.01,34.66,58581.45,-1
2024-12-02,2024-12-02 14:39:00,1704.02,1704.02,1703.83,1703.83,-0.01,34.66,58581.45,-1
2024-12-02,2024-12-02 14:40:00,1703.83,1703.83,1703.63,1703.63,-0.01,34.66,58581.45,-1
2024-12-02,2024-12-02 14:41:00,1703.63,1703.63,1703.43,1703.43,-0.01,34.66,58581.45,-1
2024-12-02,2024-12-02 14:42:00,1703.43,1703.43,1703.24,1703.24,-0.01,34.66,58581.45,-1
2024-12-02,2024-12-02 14:43:00,1703.24,1703.24,1703.04,1703.04,-0.01,34.66,58581.45,-1
2024-12-02,2024-12-02 14:44:00,1703.04,1703.04,1702.84,1702.84,-0.01,34.66,58581.45,-1
2024-12-02,2024-12-02 14:45:00,1702.84,1702.84,1702.65,1702.65,-0.01,34.66,58581.45,-1
2024-12-02,2024-12-02 14:46:00,1702.65,1702.65,1702.45,1702.45,-0.01,34.66,58581.45,-1
2024-12-02,2024-12-02 14:47:00,1702.45,1702.45,1702.26,1702.26,-0.01,34.66,58581.45,-1
2024-12-02,2024-12-02 14:48:00,1702.26,1702.26,1702.06,1702.06,-0.01,34.66,58581.45,-1
2024-12-02,2024-12-02 14:49:00,1702.06,1702.06,1701.86,1701.86,-0.01,34.66,58581.45,-1
2024-12-02,2024-12-02 14:50:00,1701.86,1701.86,1701.67,1701.67,-0.01,34.66,58581.45,-1
2024-12-02,2024-12-02 14:51:00,1701.67,1701.67,1701.47,1701.47,-0.01,34.66,58581.45,-1
2024-12-02,2024-12-02 14:52:00,1701.47,1701.47,1701.27,1701.27,-0.01,34.66,58581.45,-1
2024-12-02,2024-12-02 14:53:00,1701.27,1701.27,1701.08,1701.08,-0.01,34.66,58581.45,-1
2024-12-02,2024-12-02 14:54:00,1701.08,1701.08,1700.88,1700.88,-0.01,34.66,58581.45,-1
2024-12-02,2024-12-02 14:55:00,1700.88,1700.88,1700.69,1700.69,-0.01,34.66,58581.45,-1
2024-12-02,2024-12-02 14:56:00,1700.69,1700.69,1700.49,1700.49,-0.01,34.66,58581.45,-1
2024-12-02,2024-12-02 14:57:00,1700.49,1700.49,1700.29,1700.29,-0.01,34.66,58581.45,-1
2024-12-02,2024-12-02 14:58:00,1700.29,1700.29,1700.1,1700.1,-0.01,34.66,58581.45,-1
2024-12-02,2024-12-02 14:59:00,1700.1,1700.1,1699.9,1699.9,-0.01,34.66,58581.45,-1
2024-12-02,2024-12-02 15:00:00,1699.9,1780.0,1667.0,1699.9,0.0,34.66,58581.45,0
2024-12-03,2024-12-03 11:00:00,1674.1,1691.47,1671.07,1674.22,0.01,27.61,46421.39,1
2024-12-03,2024-12-03 11:01:00,1674.22,1674.35,1674.22,1674.35,0.01,27.61,46421.39,1
2024-12-03,2024-12-03 11:02:00,1674.35,1674.47,1674.35,1674.47,0.01,27.61,46421.39,1
2024-12-03,2024-12-03 11:03:00,1674.47,1674.6,1674.47,1674.6,0.01,27.61,46421.39,1
2024-12-03,2024-12-03 11:04:00,1674.6,1674.72,1674.6,1674.72,0.01,27.61,46421.39,1
2024-12-03,2024-12-03 11:05:00,1674.72,1674.85,1674.72,1674.85,0.01,27.61,46421.39,1
2024-12-03,2024-12-03 11:06:00,1674.85,1674.97,1674.85,1674.97,0.01,27.61,46421.39,1
2024-12-03,2024-12-03 11:07:00,1674.97,1675.1,1674.97,1675.1,0.01,27.61,46421.39,1
2024-12-03,2024-12-03 11:08:00,1675.1,1675.22,1675.1,1675.22,0.01,27.61,46421.39,1
2024-12-03,2024-12-03 11:09:00,1675.22,1675.35,1675.22,1675.35,0.01,27.61,46421.39,1
2024-12-03,2024-12-03 11:10:00,1675.35,1675.47,1675.35,1675.47,0.01,27.61,46421.39,1
2024-12-03,2024-12-03 11:11:00,1675.47,1675.59,1675.47,1675.59,0.01,27.61,46421.39,1
2024-12-03,2024-12-03 11:12:00,1675.59,1675.72,1675.59,1675.72,0.01,27.61,46421.39,1
2024-12-03,2024-12-03 11:13:00,1675.72,1675.84,1675.72,1675.84,0.01,27.61,46421.39,1
2024-12-03,2024-12-03 11:14:00,1675.84,1675.97,1675.84,1675.97,0.01,27.61,46421.39,1
2024-12-03,2024-12-03 11:15:00,1675.97,1676.09,1675.97,1676.09,0.01,27.61,46421.39,1
2024-12-03,2024-12-03 11:16:00,1676.09,1676.22,1676.09,1676.22,0.01,27.61,46421.39,1
2024-12-03,2024-12-03 11:17:00,1676.22,1676.34,1676.22,1676.34,0.01,27.61,46421.39,1
2024-12-03,2024-12-03 11:18:00,1676.34,1676.47,1676.34,1676.47,0.01,27.61,46421.39,1
2024-12-03,2024-12-03 11:19:00,1676.47,1676.59,1676.47,1676.59,0.01,27.61,46421.39,1
2024-12-03,2024-12-03 11:20:00,1676.59,1676.72,1676.59,1676.72,0.01,27.61,46421.39,1
2024-12-03,2024-12-03 11:21:00,1676.72,1676.84,1676.72,1676.84,0.01,27.61,46421.39,1
2024-12-03,2024-12-03 11:22:00,1676.84,1676.97,1676.84,1676.97,0.01,27.61,46421.39,1
2024-12-03,2024-12-03 11:23:00,1676.97,1677.09,1676.97,1677.09,0.01,27.61,46421.39,1
2024-12-03,2024-12-03 11:24:00,1677.09,1677.21,1677.09,1677.21,0.01,27.61,46421.39,1
2024-12-03,2024-12-03 11:25:00,1677.21,1677.34,1677.21,1677.34,0.01,27.61,46421.39,1
2024-12-03,2024-12-03 11:26:00,1677.34,1677.46,1677.34,1677.46,0.01,27.61,46421.39,1
2024-12-03,2024-12-03 11:27:00,1677.46,1677.59,1677.46,1677.59,0.01,27.61,46421.39,1
2024-12-03,2024-12-03 11:28:00,1677.59,1677.71,1677.59,1677.71,0.01,27.61,46421.39,1
2024-12-03,2024-12-03 11:29:00,1677.71,1677.84,1677.71,1677.84,0.01,27.61,46421.39,1
2024-12-03,2024-12-03 11:30:00,1677.84,1677.96,1677.84,1677.96,0.01,27.61,46421.39,1
2024-12-03,2024-12-03 11:31:00,1677.96,1678.09,1677.96,1678.09,0.01,27.61,46421.39,1
2024-12-03,2024-12-03 11:32:00,1678.09,1678.21,1678.09,1678.21,0.01,27.61,46421.39,1
2024-12-03,2024-12-03 11:33:00,1678.21,1678.34,1678.21,1678.34,0.01,27.61,46421.39,1
2024-12-03,2024-12-03 11:34:00,1678.34,1678.46,1678.34,1678.46,0.01,27.61,46421.39,1
2024-12-03,2024-12-03 11:35:00,1678.46,1678.59,1678.46,1678.59,0.01,27.61,46421.39,1
2024-12-03,2024-12-03 11:36:00,1678.59,1678.71,1678.59,1678.71,0.01,27.61,46421.39,1
2024-12-03,2024-12-03 11:37:00,1678.71,1678.83,1678.71,1678.83,0.01,27.61,46421.39,1
2024-12-03,2024-12-03 11:38:00,1678.83,1678.96,1678.83,1678.96,0.01,27.61,46421.39,1
2024-12-03,2024-12-03 11:39:00,1678.96,1679.08,1678.96,1679.08,0.01,27.61,46421.39,1
2024-12-03,2024-12-03 11:40:00,1679.08,1679.21,1679.08,1679.21,0.01,27.61,46421.39,1
2024-12-03,2024-12-03 11:41:00,1679.21,1679.33,1679.21,1679.33,0.01,27.61,46421.39,1
2024-12-03,2024-12-03 11:42:00,1679.33,1679.46,1679.33,1679.46,0.01,27.61,46421.39,1
2024-12-03,2024-12-03 11:43:00,1679.46,1679.58,1679.46,1679.58,0.01,27.61,46421.39,1
2024-12-03,2024-12-03 11:44:00,1679.58,1679.71,1679.58,1679.71,0.01,27.61,46421.39,1
2024-12-03,2024-12-03 11:45:00,1679.71,1679.83,1679.71,1679.83,0.01,27.61,46421.39,1
2024-12-03,2024-12-03 11:46:00,1679.83,1679.96,1679.83,1679.96,0.01,27.61,46421.39,1
2024-12-03,2024-12-03 11:47:00,1679.96,1680.08,1679.96,1680.08,0.01,27.61,46421.39,1
2024-12-03,2024-12-03 11:48:00,1680.08,1680.2,1680.08,1680.2,0.01,27.61,46421.39,1
2024-12-03,2024-12-03 11:49:00,1680.2,1680.33,1680.2,1680.33,0.01,27.61,46421.39,1
2024-12-03,2024-12-03 11:50:00,1680.33,1680.45,1680.33,1680.45,0.01,27.61,46421.39,1
2024-12-03,2024-12-03 11:51:00,1680.45,1680.58,1680.45,1680.58,0.01,27.61,46421.39,1
2024-12-03,2024-12-03 11:52:00,1680.58,1680.7,1680.58,1680.7,0.01,27.61,46421.39,1
2024-12-03,2024-12-03 11:53:00,1680.7,1680.83,1680.7,1680.83,0.01,27.61,46421.39,1
2024-12-03,2024-12-03 11:54:00,1680.83,1680.95,1680.83,1680.95,0.01,27.61,46421.39,1
2024-12-03,2024-12-03 11:55:00,1680.95,1681.08,1680.95,1681.08,0.01,27.61,46421.39,1
2024-12-03,2024-12-03 11:56:00,1681.08,1681.2,1681.08,1681.2,0.01,27.61,46421.39,1
2024-12-03,2024-12-03 11:57:00,1681.2,1681.33,1681.2,1681.33,0.01,27.61,46421.39,1
2024-12-03,2024-12-03 11:58:00,1681.33,1681.45,1681.33,1681.45,0.01,27.61,46421.39,1
2024-12-03,2024-12-03 11:59:00,1681.45,1681.57,1681.45,1681.57,0.01,27.61,46421.39,1
2024-12-03,2024-12-03 12:00:00,1681.57,1681.7,1681.57,1681.7,0.01,27.61,46421.39,1
2024-12-03,2024-12-03 12:01:00,1681.7,1681.82,1681.7,1681.82,0.01,27.61,46421.39,1
2024-12-03,2024-12-03 12:02:00,1681.82,1681.95,1681.82,1681.95,0.01,27.61,46421.39,1
2024-12-03,2024-12-03 12:03:00,1681.95,1682.07,1681.95,1682.07,0.01,27.61,46421.39,1
2024-12-03,2024-12-03 12:04:00,1682.07,1682.2,1682.07,1682.2,0.01,27.61,46421.39,1
2024-12-03,2024-12-03 12:05:00,1682.2,1682.32,1682.2,1682.32,0.01,27.61,46421.39,1
2024-12-03,2024-12-03 12:06:00,1682.32,1682.45,1682.32,1682.45,0.01,27.61,46421.39,1
2024-12-03,2024-12-03 12:07:00,1682.45,1682.57,1682.45,1682.57,0.01,27.61,46421.39,1
2024-12-03,2024-12-03 12:08:00,1682.57,1682.7,1682.57,1682.7,0.01,27.61,46421.39,1
2024-12-03,2024-12-03 12:09:00,1682.7,1682.82,1682.7,1682.82,0.01,27.61,46421.39,1
2024-12-03,2024-12-03 12:10:00,1682.82,1682.95,1682.82,1682.95,0.01,27.61,46421.39,1
2024-12-03,2024-12-03 12:11:00,1682.95,1683.07,1682.95,1683.07,0.01,27.61,46421.39,1
2024-12-03,2024-12-03 12:12:00,1683.07,1683.19,1683.07,1683.19,0.01,27.61,46421.39,1
2024-12-03,2024-12-03 12:13:00,1683.19,1683.32,1683.19,1683.32,0.01,27.61,46421.39,1
2024-12-03,2024-12-03 12:14:00,1683.32,1683.44,1683.32,1683.44,0.01,27.61,46421.39,1
2024-12-03,2024-12-03 12:15:00,1683.44,1683.57,1683.44,1683.57,0.01,27.61,46421.39,1
2024-12-03,2024-12-03 12:16:00,1683.57,1683.69,1683.57,1683.69,0.01,27.61,46421.39,1
2024-12-03,2024-12-03 12:17:00,1683.69,1683.82,1683.69,1683.82,0.01,27.61,46421.39,1
2024-12-03,2024-12-03 12:18:00,1683.82,1683.94,1683.82,1683.94,0.01,27.61,46421.39,1
2024-12-03,2024-12-03 12:19:00,1683.94,1684.07,1683.94,1684.07,0.01,27.61,46421.39,1
2024-12-03,2024-12-03 12:20:00,1684.07,1684.19,1684.07,1684.19,0.01,27.61,46421.39,1
2024-12-03,2024-12-03 12:21:00,1684.19,1684.32,1684.19,1684.32,0.01,27.61,46421.39,1
2024-12-03,2024-12-03 12:22:00,1684.32,1684.44,1684.32,1684.44,0.01,27.61,46421.39,1
2024-12-03,2024-12-03 12:23:00,1684.44,1684.57,1684.44,1684.57,0.01,27.61,46421.39,1
2024-12-03,2024-12-03 12:24:00,1684.57,1684.69,1684.57,1684.69,0.01,27.61,46421.39,1
2024-12-03,2024-12-03 12:25:00,1684.69,1684.81,1684.69,1684.81,0.01,27.61,46421.39,1
2024-12-03,2024-12-03 12:26:00,1684.81,1684.94,1684.81,1684.94,0.01,27.61,46421.39,1
2024-12-03,2024-12-03 12:27:00,1684.94,1685.06,1684.94,1685.06,0.01,27.61,46421.39,1
2024-12-03,2024-12-03 12:28:00,1685.06,1685.19,1685.06,1685.19,0.01,27.61,46421.39,1
2024-12-03,2024-12-03 12:29:00,1685.19,1685.31,1685.19,1685.31,0.01,27.61,46421.39,1
2024-12-03,2024-12-03 12:30:00,1685.31,1685.44,1685.31,1685.44,0.01,27.61,46421.39,1
2024-12-03,2024-12-03 12:31:00,1685.44,1685.56,1685.44,1685.56,0.01,27.61,46421.39,1
2024-12-03,2024-12-03 12:32:00,1685.56,1685.69,1685.56,1685.69,0.01,27.61,46421.39,1
2024-12-03,2024-12-03 12:33:00,1685.69,1685.81,1685.69,1685.81,0.01,27.61,46421.39,1
2024-12-03,2024-12-03 12:34:00,1685.81,1685.94,1685.81,1685.94,0.01,27.61,46421.39,1
2024-12-03,2024-12-03 12:35:00,1685.94,1686.06,1685.94,1686.06,0.01,27.61,46421.39,1
2024-12-03,2024-12-03 12:36:00,1686.06,1686.18,1686.06,1686.18,0.01,27.61,46421.39,1
2024-12-03,2024-12-03 12:37:00,1686.18,1686.31,1686.18,1686.31,0.01,27.61,46421.39,1
2024-12-03,2024-12-03 12:38:00,1686.31,1686.43,1686.31,1686.43,0.01,27.61,46421.39,1
2024-12-03,2024-12-03 12:39:00,1686.43,1686.56,1686.43,1686.56,0.01,27.61,46421.39,1
2024-12-03,2024-12-03 12:40:00,1686.56,1686.68,1686.56,1686.68,0.01,27.61,46421.39,1
2024-12-03,2024-12-03 12:41:00,1686.68,1686.81,1686.68,1686.81,0.01,27.61,46421.39,1
2024-12-03,2024-12-03 12:42:00,1686.81,1686.93,1686.81,1686.93,0.01,27.61,46421.39,1
2024-12-03,2024-12-03 12:43:00,1686.93,1687.06,1686.93,1687.06,0.01,27.61,46421.39,1
2024-12-03,2024-12-03 12:44:00,1687.06,1687.18,1687.06,1687.18,0.01,27.61,46421.39,1
2024-12-03,2024-12-03 12:45:00,1687.18,1687.31,1687.18,1687.31,0.01,27.61,46421.39,1
2024-12-03,2024-12-03 12:46:00,1687.31,1687.43,1687.31,1687.43,0.01,27.61,46421.39,1
2024-12-03,2024-12-03 12:47:00,1687.43,1687.55,1687.43,1687.55,0.01,27.61,46421.39,1
2024-12-03,2024-12-03 12:48:00,1687.55,1687.68,1687.55,1687.68,0.01,27.61,46421.39,1
2024-12-03,2024-12-03 12:49:00,1687.68,1687.8,1687.68,1687.8,0.01,27.61,46421.39,1
2024-12-03,2024-12-03 12:50:00,1687.8,1687.93,1687.8,1687.93,0.01,27.61,46421.39,1
2024-12-03,2024-12-03 12:51:00,1687.93,1688.05,1687.93,1688.05,0.01,27.61,46421.39,1
2024-12-03,2024-12-03 12:52:00,1688.05,1688.18,1688.05,1688.18,0.01,27.61,46421.39,1
2024-12-03,2024-12-03 12:53:00,1688.18,1688.3,1688.18,1688.3,0.01,27.61,46421.39,1
2024-12-03,2024-12-03 12:54:00,1688.3,1688.43,1688.3,1688.43,0.01,27.61,46421.39,1
2024-12-03,2024-12-03 12:55:00,1688.43,1688.55,1688.43,1688.55,0.01,27.61,46421.39,1
2024-12-03,2024-12-03 12:56:00,1688.55,1688.68,1688.55,1688.68,0.01,27.61,46421.39,1
2024-12-03,2024-12-03 12:57:00,1688.68,1688.8,1688.68,1688.8,0.01,27.61,46421.39,1
2024-12-03,2024-12-03 12:58:00,1688.8,1688.93,1688.8,1688.93,0.01,27.61,46421.39,1
2024-12-03,2024-12-03 12:59:00,1688.93,1689.05,1688.93,1689.05,0.01,27.61,46421.39,1
2024-12-03,2024-12-03 13:00:00,1689.05,1732.0,1664.0,1689.17,0.01,27.61,46421.39,1
2024-12-03,2024-12-03 13:01:00,1689.17,1689.3,1689.17,1689.3,0.01,27.61,46421.39,1
2024-12-03,2024-12-03 13:02:00,1689.3,1689.42,1689.3,1689.42,0.01,27.61,46421.39,1
2024-12-03,2024-12-03 13:03:00,1689.42,1689.55,1689.42,1689.55,0.01,27.61,46421.39,1
2024-12-03,2024-12-03 13:04:00,1689.55,1689.67,1689.55,1689.67,0.01,27.61,46421.39,1
2024-12-03,2024-12-03 13:05:00,1689.67,1689.8,1689.67,1689.8,0.01,27.61,46421.39,1
2024-12-03,2024-12-03 13:06:00,1689.8,1689.92,1689.8,1689.92,0.01,27.61,46421.39,1
2024-12-03,2024-12-03 13:07:00,1689.92,1690.05,1689.92,1690.05,0.01,27.61,46421.39,1
2024-12-03,2024-12-03 13:08:00,1690.05,1690.17,1690.05,1690.17,0.01,27.61,46421.39,1
2024-12-03,2024-12-03 13:09:00,1690.17,1690.3,1690.17,1690.3,0.01,27.61,46421.39,1
2024-12-03,2024-12-03 13:10:00,1690.3,1690.42,1690.3,1690.42,0.01,27.61,46421.39,1
2024-12-03,2024-12-03 13:11:00,1690.42,1690.55,1690.42,1690.55,0.01,27.61,46421.39,1
2024-12-03,2024-12-03 13:12:00,1690.55,1690.67,1690.55,1690.67,0.01,27.61,46421.39,1
2024-12-03,2024-12-03 13:13:00,1690.67,1690.79,1690.67,1690.79,0.01,27.61,46421.39,1
2024-12-03,2024-12-03 13:14:00,1690.79,1690.92,1690.79,1690.92,0.01,27.61,46421.39,1
2024-12-03,2024-12-03 13:15:00,1690.92,1691.04,1690.92,1691.04,0.01,27.61,46421.39,1
2024-12-03,2024-12-03 13:16:00,1691.04,1691.17,1691.04,1691.17,0.01,27.61,46421.39,1
2024-12-03,2024-12-03 13:17:00,1691.17,1691.29,1691.17,1691.29,0.01,27.61,46421.39,1
2024-12-03,2024-12-03 13:18:00,1691.29,1691.42,1691.29,1691.42,0.01,27.61,46421.39,1
2024-12-03,2024-12-03 13:19:00,1691.42,1691.54,1691.42,1691.54,0.01,27.61,46421.39,1
2024-12-03,2024-12-03 13:20:00,1691.54,1691.67,1691.54,1691.67,0.01,27.61,46421.39,1
2024-12-03,2024-12-03 13:21:00,1691.67,1691.79,1691.67,1691.79,0.01,27.61,46421.39,1
2024-12-03,2024-12-03 13:22:00,1691.79,1691.92,1691.79,1691.92,0.01,27.61,46421.39,1
2024-12-03,2024-12-03 13:23:00,1691.92,1692.04,1691.92,1692.04,0.01,27.61,46421.39,1
2024-12-03,2024-12-03 13:24:00,1692.04,1692.16,1692.04,1692.16,0.01,27.61,46421.39,1
2024-12-03,2024-12-03 13:25:00,1692.16,1692.29,1692.16,1692.29,0.01,27.61,46421.39,1
2024-12-03,2024-12-03 13:26:00,1692.29,1692.41,1692.29,1692.41,0.01,27.61,46421.39,1
2024-12-03,2024-12-03 13:27:00,1692.41,1692.54,1692.41,1692.54,0.01,27.61,46421.39,1
2024-12-03,2024-12-03 13:28:00,1692.54,1692.66,1692.54,1692.66,0.01,27.61,46421.39,1
2024-12-03,2024-12-03 13:29:00,1692.66,1692.79,1692.66,1692.79,0.01,27.61,46421.39,1
2024-12-03,2024-12-03 13:30:00,1692.79,1692.91,1692.79,1692.91,0.01,27.61,46421.39,1
2024-12-03,2024-12-03 13:31:00,1692.91,1693.04,1692.91,1693.04,0.01,27.61,46421.39,1
2024-12-03,2024-12-03 13:32:00,1693.04,1693.16,1693.04,1693.16,0.01,27.61,46421.39,1
2024-12-03,2024-12-03 13:33:00,1693.16,1693.29,1693.16,1693.29,0.01,27.61,46421.39,1
2024-12-03,2024-12-03 13:34:00,1693.29,1693.41,1693.29,1693.41,0.01,27.61,46421.39,1
2024-12-03,2024-12-03 13:35:00,1693.41,1693.53,1693.41,1693.53,0.01,27.61,46421.39,1
2024-12-03,2024-12-03 13:36:00,1693.53,1693.66,1693.53,1693.66,0.01,27.61,46421.39,1
2024-12-03,2024-12-03 13:37:00,1693.66,1693.78,1693.66,1693.78,0.01,27.61,46421.39,1
2024-12-03,2024-12-03 13:38:00,1693.78,1693.91,1693.78,1693.91,0.01,27.61,46421.39,1
2024-12-03,2024-12-03 13:39:00,1693.91,1694.03,1693.91,1694.03,0.01,27.61,46421.39,1
2024-12-03,2024-12-03 13:40:00,1694.03,1694.16,1694.03,1694.16,0.01,27.61,46421.39,1
2024-12-03,2024-12-03 13:41:00,1694.16,1694.28,1694.16,1694.28,0.01,27.61,46421.39,1
2024-12-03,2024-12-03 13:42:00,1694.28,1694.41,1694.28,1694.41,0.01,27.61,46421.39,1
2024-12-03,2024-12-03 13:43:00,1694.41,1694.53,1694.41,1694.53,0.01,27.61,46421.39,1
2024-12-03,2024-12-03 13:44:00,1694.53,1694.66,1694.53,1694.66,0.01,27.61,46421.39,1
2024-12-03,2024-12-03 13:45:00,1694.66,1694.78,1694.66,1694.78,0.01,27.61,46421.39,1
2024-12-03,2024-12-03 13:46:00,1694.78,1694.91,1694.78,1694.91,0.01,27.61,46421.39,1
2024-12-03,2024-12-03 13:47:00,1694.91,1695.03,1694.91,1695.03,0.01,27.61,46421.39,1
2024-12-03,2024-12-03 13:48:00,1695.03,1695.15,1695.03,1695.15,0.01,27.61,46421.39,1
2024-12-03,2024-12-03 13:49:00,1695.15,1695.28,1695.15,1695.28,0.01,27.61,46421.39,1
2024-12-03,2024-12-03 13:50:00,1695.28,1695.4,1695.28,1695.4,0.01,27.61,46421.39,1
2024-12-03,2024-12-03 13:51:00,1695.4,1695.53,1695.4,1695.53,0.01,27.61,46421.39,1
2024-12-03,2024-12-03 13:52:00,1695.53,1695.65,1695.53,1695.65,0.01,27.61,46421.39,1
2024-12-03,2024-12-03 13:53:00,1695.65,1695.78,1695.65,1695.78,0.01,27.61,46421.39,1
2024-12-03,2024-12-03 13:54:00,1695.78,1695.9,1695.78,1695.9,0.01,27.61,46421.39,1
2024-12-03,2024-12-03 13:55:00,1695.9,1696.03,1695.9,1696.03,0.01,27.61,46421.39,1
2024-12-03,2024-12-03 13:56:00,1696.03,1696.15,1696.03,1696.15,0.01,27.61,46421.39,1
2024-12-03,2024-12-03 13:57:00,1696.15,1696.28,1696.15,1696.28,0.01,27.61,46421.39,1
2024-12-03,2024-12-03 13:58:00,1696.28,1696.4,1696.28,1696.4,0.01,27.61,46421.39,1
2024-12-03,2024-12-03 13:59:00,1696.4,1696.53,1696.4,1696.53,0.01,27.61,46421.39,1
2024-12-03,2024-12-03 14:00:00,1696.53,1696.65,1696.53,1696.65,0.01,27.61,46421.39,1
2024-12-03,2024-12-03 14:01:00,1696.65,1696.77,1696.65,1696.77,0.01,27.61,46421.39,1
2024-12-03,2024-12-03 14:02:00,1696.77,1696.9,1696.77,1696.9,0.01,27.61,46421.39,1
2024-12-03,2024-12-03 14:03:00,1696.9,1697.02,1696.9,1697.02,0.01,27.61,46421.39,1
2024-12-03,2024-12-03 14:04:00,1697.02,1697.15,1697.02,1697.15,0.01,27.61,46421.39,1
2024-12-03,2024-12-03 14:05:00,1697.15,1697.27,1697.15,1697.27,0.01,27.61,46421.39,1
2024-12-03,2024-12-03 14:06:00,1697.27,1697.4,1697.27,1697.4,0.01,27.61,46421.39,1
2024-12-03,2024-12-03 14:07:00,1697.4,1697.52,1697.4,1697.52,0.01,27.61,46421.39,1
2024-12-03,2024-12-03 14:08:00,1697.52,1697.65,1697.52,1697.65,0.01,27.61,46421.39,1
2024-12-03,2024-12-03 14:09:00,1697.65,1697.77,1697.65,1697.77,0.01,27.61,46421.39,1
2024-12-03,2024-12-03 14:10:00,1697.77,1697.9,1697.77,1697.9,0.01,27.61,46421.39,1
2024-12-03,2024-12-03 14:11:00,1697.9,1698.02,1697.9,1698.02,0.01,27.61,46421.39,1
2024-12-03,2024-12-03 14:12:00,1698.02,1698.14,1698.02,1698.14,0.01,27.61,46421.39,1
2024-12-03,2024-12-03 14:13:00,1698.14,1698.27,1698.14,1698.27,0.01,27.61,46421.39,1
2024-12-03,2024-12-03 14:14:00,1698.27,1698.39,1698.27,1698.39,0.01,27.61,46421.39,1
2024-12-03,2024-12-03 14:15:00,1698.39,1698.52,1698.39,1698.52,0.01,27.61,46421.39,1
2024-12-03,2024-12-03 14:16:00,1698.52,1698.64,1698.52,1698.64,0.01,27.61,46421.39,1
2024-12-03,2024-12-03 14:17:00,1698.64,1698.77,1698.64,1698.77,0.01,27.61,46421.39,1
2024-12-03,2024-12-03 14:18:00,1698.77,1698.89,1698.77,1698.89,0.01,27.61,46421.39,1
2024-12-03,2024-12-03 14:19:00,1698.89,1699.02,1698.89,1699.02,0.01,27.61,46421.39,1
2024-12-03,2024-12-03 14:20:00,1699.02,1699.14,1699.02,1699.14,0.01,27.61,46421.39,1
2024-12-03,2024-12-03 14:21:00,1699.14,1699.27,1699.14,1699.27,0.01,27.61,46421.39,1
2024-12-03,2024-12-03 14:22:00,1699.27,1699.39,1699.27,1699.39,0.01,27.61,46421.39,1
2024-12-03,2024-12-03 14:23:00,1699.39,1699.51,1699.39,1699.51,0.01,27.61,46421.39,1
2024-12-03,2024-12-03 14:24:00,1699.51,1699.64,1699.51,1699.64,0.01,27.61,46421.39,1
2024-12-03,2024-12-03 14:25:00,1699.64,1699.76,1699.64,1699.76,0.01,27.61,46421.39,1
2024-12-03,2024-12-03 14:26:00,1699.76,1699.89,1699.76,1699.89,0.01,27.61,46421.39,1
2024-12-03,2024-12-03 14:27:00,1699.89,1700.01,1699.89,1700.01,0.01,27.61,46421.39,1
2024-12-03,2024-12-03 14:28:00,1700.01,1700.14,1700.01,1700.14,0.01,27.61,46421.39,1
2024-12-03,2024-12-03 14:29:00,1700.14,1700.26,1700.14,1700.26,0.01,27.61,46421.39,1
2024-12-03,2024-12-03 14:30:00,1700.26,1700.39,1700.26,1700.39,0.01,27.61,46421.39,1
2024-12-03,2024-12-03 14:31:00,1700.39,1700.51,1700.39,1700.51,0.01,27.61,46421.39,1
2024-12-03,2024-12-03 14:32:00,1700.51,1700.64,1700.51,1700.64,0.01,27.61,46421.39,1
2024-12-03,2024-12-03 14:33:00,1700.64,1700.76,1700.64,1700.76,0.01,27.61,46421.39,1
2024-12-03,2024-12-03 14:34:00,1700.76,1700.89,1700.76,1700.89,0.01,27.61,46421.39,1
2024-12-03,2024-12-03 14:35:00,1700.89,1701.01,1700.89,1701.01,0.01,27.61,46421.39,1
2024-12-03,2024-12-03 14:36:00,1701.01,1701.13,1701.01,1701.13,0.01,27.61,46421.39,1
2024-12-03,2024-12-03 14:37:00,1701.13,1701.26,1701.13,1701.26,0.01,27.61,46421.39,1
2024-12-03,2024-12-03 14:38:00,1701.26,1701.38,1701.26,1701.38,0.01,27.61,46421.39,1
2024-12-03,2024-12-03 14:39:00,1701.38,1701.51,1701.38,1701.51,0.01,27.61,46421.39,1
2024-12-03,2024-12-03 14:40:00,1701.51,1701.63,1701.51,1701.63,0.01,27.61,46421.39,1
2024-12-03,2024-12-03 14:41:00,1701.63,1701.76,1701.63,1701.76,0.01,27.61,46421.39,1
2024-12-03,2024-12-03 14:42:00,1701.76,1701.88,1701.76,1701.88,0.01,27.61,46421.39,1
2024-12-03,2024-12-03 14:43:00,1701.88,1702.01,1701.88,1702.01,0.01,27.61,46421.39,1
2024-12-03,2024-12-03 14:44:00,1702.01,1702.13,1702.01,1702.13,0.01,27.61,46421.39,1
2024-12-03,2024-12-03 14:45:00,1702.13,1702.26,1702.13,1702.26,0.01,27.61,46421.39,1
2024-12-03,2024-12-03 14:46:00,1702.26,1702.38,1702.26,1702.38,0.01,27.61,46421.39,1
2024-12-03,2024-12-03 14:47:00,1702.38,1702.51,1702.38,1702.51,0.01,27.61,46421.39,1
2024-12-03,2024-12-03 14:48:00,1702.51,1702.63,1702.51,1702.63,0.01,27.61,46421.39,1
2024-12-03,2024-12-03 14:49:00,1702.63,1702.75,1702.63,1702.75,0.01,27.61,46421.39,1
2024-12-03,2024-12-03 14:50:00,1702.75,1702.88,1702.75,1702.88,0.01,27.61,46421.39,1
2024-12-03,2024-12-03 14:51:00,1702.88,1703.0,1702.88,1703.0,0.01,27.61,46421.39,1
2024-12-03,2024-12-03 14:52:00,1703.0,1703.13,1703.0,1703.13,0.01,27.61,46421.39,1
2024-12-03,2024-12-03 14:53:00,1703.13,1703.25,1703.13,1703.25,0.01,27.61,46421.39,1
2024-12-03,2024-12-03 14:54:00,1703.25,1703.38,1703.25,1703.38,0.01,27.61,46421.39,1
2024-12-03,2024-12-03 14:55:00,1703.38,1703.5,1703.38,1703.5,0.01,27.61,46421.39,1
2024-12-03,2024-12-03 14:56:00,1703.5,1703.63,1703.5,1703.63,0.01,27.61,46421.39,1
2024-12-03,2024-12-03 14:57:00,1703.63,1703.75,1703.63,1703.75,0.01,27.61,46421.39,1
2024-12-03,2024-12-03 14:58:00,1703.75,1703.88,1703.75,1703.88,0.01,27.61,46421.39,1
2024-12-03,2024-12-03 14:59:00,1703.88,1704.0,1703.88,1704.0,0.01,27.61,46421.39,1
2024-12-03,2024-12-03 15:00:00,1704.0,1732.0,1664.0,1704.0,0.0,27.61,46421.39,0
2024-12-04,2024-12-04 11:00:00,1700.0,1711.1,1691.0,1700.04,0.0,19.84,33810.84,1
2024-12-04,2024-12-04 11:01:00,1700.04,1700.08,1700.04,1700.08,0.0,19.84,33810.84,1
2024-12-04,2024-12-04 11:02:00,1700.08,1700.12,1700.08,1700.12,0.0,19.84,33810.84,1
2024-12-04,2024-12-04 11:03:00,1700.12,1700.17,1700.12,1700.17,0.0,19.84,33810.84,1
2024-12-04,2024-12-04 11:04:00,1700.17,1700.21,1700.17,1700.21,0.0,19.84,33810.84,1
2024-12-04,2024-12-04 11:05:00,1700.21,1700.25,1700.21,1700.25,0.0,19.84,33810.84,1
2024-12-04,2024-12-04 11:06:00,1700.25,1700.29,1700.25,1700.29,0.0,19.84,33810.84,1
2024-12-04,2024-12-04 11:07:00,1700.29,1700.33,1700.29,1700.33,0.0,19.84,33810.84,1
2024-12-04,2024-12-04 11:08:00,1700.33,1700.38,1700.33,1700.38,0.0,19.84,33810.84,1
2024-12-04,2024-12-04 11:09:00,1700.38,1700.42,1700.38,1700.42,0.0,19.84,33810.84,1
2024-12-04,2024-12-04 11:10:00,1700.42,1700.46,1700.42,1700.46,0.0,19.84,33810.84,1
2024-12-04,2024-12-04 11:11:00,1700.46,1700.5,1700.46,1700.5,0.0,19.84,33810.84,1
2024-12-04,2024-12-04 11:12:00,1700.5,1700.54,1700.5,1700.54,0.0,19.84,33810.84,1
2024-12-04,2024-12-04 11:13:00,1700.54,1700.58,1700.54,1700.58,0.0,19.84,33810.84,1
2024-12-04,2024-12-04 11:14:00,1700.58,1700.62,1700.58,1700.62,0.0,19.84,33810.84,1
2024-12-04,2024-12-04 11:15:00,1700.62,1700.67,1700.62,1700.67,0.0,19.84,33810.84,1
2024-12-04,2024-12-04 11:16:00,1700.67,1700.71,1700.67,1700.71,0.0,19.84,33810.84,1
2024-12-04,2024-12-04 11:17:00,1700.71,1700.75,1700.71,1700.75,0.0,19.84,33810.84,1
2024-12-04,2024-12-04 11:18:00,1700.75,1700.79,1700.75,1700.79,0.0,19.84,33810.84,1
2024-12-04,2024-12-04 11:19:00,1700.79,1700.83,1700.79,1700.83,0.0,19.84,33810.84,1
2024-12-04,2024-12-04 11:20:00,1700.83,1700.88,1700.83,1700.88,0.0,19.84,33810.84,1
2024-12-04,2024-12-04 11:21:00,1700.88,1700.92,1700.88,1700.92,0.0,19.84,33810.84,1
2024-12-04,2024-12-04 11:22:00,1700.92,1700.96,1700.92,1700.96,0.0,19.84,33810.84,1
2024-12-04,2024-12-04 11:23:00,1700.96,1701.0,1700.96,1701.0,0.0,19.84,33810.84,1
2024-12-04,2024-12-04 11:24:00,1701.0,1701.04,1701.0,1701.04,0.0,19.84,33810.84,1
2024-12-04,2024-12-04 11:25:00,1701.04,1701.08,1701.04,1701.08,0.0,19.84,33810.84,1
2024-12-04,2024-12-04 11:26:00,1701.08,1701.12,1701.08,1701.12,0.0,19.84,33810.84,1
2024-12-04,2024-12-04 11:27:00,1701.12,1701.17,1701.12,1701.17,0.0,19.84,33810.84,1
2024-12-04,2024-12-04 11:28:00,1701.17,1701.21,1701.17,1701.21,0.0,19.84,33810.84,1
2024-12-04,2024-12-04 11:29:00,1701.21,1701.25,1701.21,1701.25,0.0,19.84,33810.84,1
2024-12-04,2024-12-04 11:30:00,1701.25,1701.29,1701.25,1701.29,0.0,19.84,33810.84,1
2024-12-04,2024-12-04 11:31:00,1701.29,1701.33,1701.29,1701.33,0.0,19.84,33810.84,1
2024-12-04,2024-12-04 11:32:00,1701.33,1701.38,1701.33,1701.38,0.0,19.84,33810.84,1
2024-12-04,2024-12-04 11:33:00,1701.38,1701.42,1701.38,1701.42,0.0,19.84,33810.84,1
2024-12-04,2024-12-04 11:34:00,1701.42,1701.46,1701.42,1701.46,0.0,19.84,33810.84,1
2024-12-04,2024-12-04 11:35:00,1701.46,1701.5,1701.46,1701.5,0.0,19.84,33810.84,1
2024-12-04,2024-12-04 11:36:00,1701.5,1701.54,1701.5,1701.54,0.0,19.84,33810.84,1
2024-12-04,2024-12-04 11:37:00,1701.54,1701.58,1701.54,1701.58,0.0,19.84,33810.84,1
2024-12-04,2024-12-04 11:38:00,1701.58,1701.62,1701.58,1701.62,0.0,19.84,33810.84,1
2024-12-04,2024-12-04 11:39:00,1701.62,1701.67,1701.62,1701.67,0.0,19.84,33810.84,1
2024-12-04,2024-12-04 11:40:00,1701.67,1701.71,1701.67,1701.71,0.0,19.84,33810.84,1
2024-12-04,2024-12-04 11:41:00,1701.71,1701.75,1701.71,1701.75,0.0,19.84,33810.84,1
2024-12-04,2024-12-04 11:42:00,1701.75,1701.79,1701.75,1701.79,0.0,19.84,33810.84,1
2024-12-04,2024-12-04 11:43:00,1701.79,1701.83,1701.79,1701.83,0.0,19.84,33810.84,1
2024-12-04,2024-12-04 11:44:00,1701.83,1701.88,1701.83,1701.88,0.0,19.84,33810.84,1
2024-12-04,2024-12-04 11:45:00,1701.88,1701.92,1701.88,1701.92,0.0,19.84,33810.84,1
2024-12-04,2024-12-04 11:46:00,1701.92,1701.96,1701.92,1701.96,0.0,19.84,33810.84,1
2024-12-04,2024-12-04 11:47:00,1701.96,1702.0,1701.96,1702.0,0.0,19.84,33810.84,1
2024-12-04,2024-12-04 11:48:00,1702.0,1702.04,1702.0,1702.04,0.0,19.84,33810.84,1
2024-12-04,2024-12-04 11:49:00,1702.04,1702.08,1702.04,1702.08,0.0,19.84,33810.84,1
2024-12-04,2024-12-04 11:50:00,1702.08,1702.12,1702.08,1702.12,0.0,19.84,33810.84,1
2024-12-04,2024-12-04 11:51:00,1702.12,1702.17,1702.12,1702.17,0.0,19.84,33810.84,1
2024-12-04,2024-12-04 11:52:00,1702.17,1702.21,1702.17,1702.21,0.0,19.84,33810.84,1
2024-12-04,2024-12-04 11:53:00,1702.21,1702.25,1702.21,1702.25,0.0,19.84,33810.84,1
2024-12-04,2024-12-04 11:54:00,1702.25,1702.29,1702.25,1702.29,0.0,19.84,33810.84,1
2024-12-04,2024-12-04 11:55:00,1702.29,1702.33,1702.29,1702.33,0.0,19.84,33810.84,1
2024-12-04,2024-12-04 11:56:00,1702.33,1702.38,1702.33,1702.38,0.0,19.84,33810.84,1
2024-12-04,2024-12-04 11:57:00,1702.38,1702.42,1702.38,1702.42,0.0,19.84,33810.84,1
2024-12-04,2024-12-04 11:58:00,1702.42,1702.46,1702.42,1702.46,0.0,19.84,33810.84,1
2024-12-04,2024-12-04 11:59:00,1702.46,1702.5,1702.46,1702.5,0.0,19.84,33810.84,1
2024-12-04,2024-12-04 12:00:00,1702.5,1702.54,1702.5,1702.54,0.0,19.84,33810.84,1
2024-12-04,2024-12-04 12:01:00,1702.54,1702.58,1702.54,1702.58,0.0,19.84,33810.84,1
2024-12-04,2024-12-04 12:02:00,1702.58,1702.62,1702.58,1702.62,0.0,19.84,33810.84,1
2024-12-04,2024-12-04 12:03:00,1702.62,1702.67,1702.62,1702.67,0.0,19.84,33810.84,1
2024-12-04,2024-12-04 12:04:00,1702.67,1702.71,1702.67,1702.71,0.0,19.84,33810.84,1
2024-12-04,2024-12-04 12:05:00,1702.71,1702.75,1702.71,1702.75,0.0,19.84,33810.84,1
2024-12-04,2024-12-04 12:06:00,1702.75,1702.79,1702.75,1702.79,0.0,19.84,33810.84,1
2024-12-04,2024-12-04 12:07:00,1702.79,1702.83,1702.79,1702.83,0.0,19.84,33810.84,1
2024-12-04,2024-12-04 12:08:00,1702.83,1702.88,1702.83,1702.88,0.0,19.84,33810.84,1
2024-12-04,2024-12-04 12:09:00,1702.88,1702.92,1702.88,1702.92,0.0,19.84,33810.84,1
2024-12-04,2024-12-04 12:10:00,1702.92,1702.96,1702.92,1702.96,0.0,19.84,33810.84,1
2024-12-04,2024-12-04 12:11:00,1702.96,1703.0,1702.96,1703.0,0.0,19.84,33810.84,1
2024-12-04,2024-12-04 12:12:00,1703.0,1703.04,1703.0,1703.04,0.0,19.84,33810.84,1
2024-12-04,2024-12-04 12:13:00,1703.04,1703.08,1703.04,1703.08,0.0,19.84,33810.84,1
2024-12-04,2024-12-04 12:14:00,1703.08,1703.12,1703.08,1703.12,0.0,19.84,33810.84,1
2024-12-04,2024-12-04 12:15:00,1703.12,1703.17,1703.12,1703.17,0.0,19.84,33810.84,1
2024-12-04,2024-12-04 12:16:00,1703.17,1703.21,1703.17,1703.21,0.0,19.84,33810.84,1
2024-12-04,2024-12-04 12:17:00,1703.21,1703.25,1703.21,1703.25,0.0,19.84,33810.84,1
2024-12-04,2024-12-04 12:18:00,1703.25,1703.29,1703.25,1703.29,0.0,19.84,33810.84,1
2024-12-04,2024-12-04 12:19:00,1703.29,1703.33,1703.29,1703.33,0.0,19.84,33810.84,1
2024-12-04,2024-12-04 12:20:00,1703.33,1703.38,1703.33,1703.38,0.0,19.84,33810.84,1
2024-12-04,2024-12-04 12:21:00,1703.38,1703.42,1703.38,1703.42,0.0,19.84,33810.84,1
2024-12-04,2024-12-04 12:22:00,1703.42,1703.46,1703.42,1703.46,0.0,19.84,33810.84,1
2024-12-04,2024-12-04 12:23:00,1703.46,1703.5,1703.46,1703.5,0.0,19.84,33810.84,1
2024-12-04,2024-12-04 12:24:00,1703.5,1703.54,1703.5,1703.54,0.0,19.84,33810.84,1
2024-12-04,2024-12-04 12:25:00,1703.54,1703.58,1703.54,1703.58,0.0,19.84,33810.84,1
2024-12-04,2024-12-04 12:26:00,1703.58,1703.62,1703.58,1703.62,0.0,19.84,33810.84,1
2024-12-04,2024-12-04 12:27:00,1703.62,1703.67,1703.62,1703.67,0.0,19.84,33810.84,1
2024-12-04,2024-12-04 12:28:00,1703.67,1703.71,1703.67,1703.71,0.0,19.84,33810.84,1
2024-12-04,2024-12-04 12:29:00,1703.71,1703.75,1703.71,1703.75,0.0,19.84,33810.84,1
2024-12-04,2024-12-04 12:30:00,1703.75,1703.79,1703.75,1703.79,0.0,19.84,33810.84,1
2024-12-04,2024-12-04 12:31:00,1703.79,1703.83,1703.79,1703.83,0.0,19.84,33810.84,1
2024-12-04,2024-12-04 12:32:00,1703.83,1703.88,1703.83,1703.88,0.0,19.84,33810.84,1
2024-12-04,2024-12-04 12:33:00,1703.88,1703.92,1703.88,1703.92,0.0,19.84,33810.84,1
2024-12-04,2024-12-04 12:34:00,1703.92,1703.96,1703.92,1703.96,0.0,19.84,33810.84,1
2024-12-04,2024-12-04 12:35:00,1703.96,1704.0,1703.96,1704.0,0.0,19.84,33810.84,1
2024-12-04,2024-12-04 12:36:00,1704.0,1704.04,1704.0,1704.04,0.0,19.84,33810.84,1
2024-12-04,2024-12-04 12:37:00,1704.04,1704.08,1704.04,1704.08,0.0,19.84,33810.84,1
2024-12-04,2024-12-04 12:38:00,1704.08,1704.12,1704.08,1704.12,0.0,19.84,33810.84,1
2024-12-04,2024-12-04 12:39:00,1704.12,1704.17,1704.12,1704.17,0.0,19.84,33810.84,1
2024-12-04,2024-12-04 12:40:00,1704.17,1704.21,1704.17,1704.21,0.0,19.84,33810.84,1
2024-12-04,2024-12-04 12:41:00,1704.21,1704.25,1704.21,1704.25,0.0,19.84,33810.84,1
2024-12-04,2024-12-04 12:42:00,1704.25,1704.29,1704.25,1704.29,0.0,19.84,33810.84,1
2024-12-04,2024-12-04 12:43:00,1704.29,1704.33,1704.29,1704.33,0.0,19.84,33810.84,1
2024-12-04,2024-12-04 12:44:00,1704.33,1704.38,1704.33,1704.38,0.0,19.84,33810.84,1
2024-12-04,2024-12-04 12:45:00,1704.38,1704.42,1704.38,1704.42,0.0,19.84,33810.84,1
2024-12-04,2024-12-04 12:46:00,1704.42,1704.46,1704.42,1704.46,0.0,19.84,33810.84,1
2024-12-04,2024-12-04 12:47:00,1704.46,1704.5,1704.46,1704.5,0.0,19.84,33810.84,1
2024-12-04,2024-12-04 12:48:00,1704.5,1704.54,1704.5,1704.54,0.0,19.84,33810.84,1
2024-12-04,2024-12-04 12:49:00,1704.54,1704.58,1704.54,1704.58,0.0,19.84,33810.84,1
2024-12-04,2024-12-04 12:50:00,1704.58,1704.62,1704.58,1704.62,0.0,19.84,33810.84,1
2024-12-04,2024-12-04 12:51:00,1704.62,1704.67,1704.62,1704.67,0.0,19.84,33810.84,1
2024-12-04,2024-12-04 12:52:00,1704.67,1704.71,1704.67,1704.71,0.0,19.84,33810.84,1
2024-12-04,2024-12-04 12:53:00,1704.71,1704.75,1704.71,1704.75,0.0,19.84,33810.84,1
2024-12-04,2024-12-04 12:54:00,1704.75,1704.79,1704.75,1704.79,0.0,19.84,33810.84,1
2024-12-04,2024-12-04 12:55:00,1704.79,1704.83,1704.79,1704.83,0.0,19.84,33810.84,1
2024-12-04,2024-12-04 12:56:00,1704.83,1704.88,1704.83,1704.88,0.0,19.84,33810.84,1
2024-12-04,2024-12-04 12:57:00,1704.88,1704.92,1704.88,1704.92,0.0,19.84,33810.84,1
2024-12-04,2024-12-04 12:58:00,1704.92,1704.96,1704.92,1704.96,0.0,19.84,33810.84,1
2024-12-04,2024-12-04 12:59:00,1704.96,1705.0,1704.96,1705.0,0.0,19.84,33810.84,1
2024-12-04,2024-12-04 13:00:00,1705.0,1737.0,1670.0,1705.04,0.0,19.84,33810.84,1
2024-12-04,2024-12-04 13:01:00,1705.04,1705.08,1705.04,1705.08,0.0,19.84,33810.84,1
2024-12-04,2024-12-04 13:02:00,1705.08,1705.12,1705.08,1705.12,0.0,19.84,33810.84,1
2024-12-04,2024-12-04 13:03:00,1705.12,1705.17,1705.12,1705.17,0.0,19.84,33810.84,1
2024-12-04,2024-12-04 13:04:00,1705.17,1705.21,1705.17,1705.21,0.0,19.84,33810.84,1
2024-12-04,2024-12-04 13:05:00,1705.21,1705.25,1705.21,1705.25,0.0,19.84,33810.84,1
2024-12-04,2024-12-04 13:06:00,1705.25,1705.29,1705.25,1705.29,0.0,19.84,33810.84,1
2024-12-04,2024-12-04 13:07:00,1705.29,1705.33,1705.29,1705.33,0.0,19.84,33810.84,1
2024-12-04,2024-12-04 13:08:00,1705.33,1705.38,1705.33,1705.38,0.0,19.84,33810.84,1
2024-12-04,2024-12-04 13:09:00,1705.38,1705.42,1705.38,1705.42,0.0,19.84,33810.84,1
2024-12-04,2024-12-04 13:10:00,1705.42,1705.46,1705.42,1705.46,0.0,19.84,33810.84,1
2024-12-04,2024-12-04 13:11:00,1705.46,1705.5,1705.46,1705.5,0.0,19.84,33810.84,1
2024-12-04,2024-12-04 13:12:00,1705.5,1705.54,1705.5,1705.54,0.0,19.84,33810.84,1
2024-12-04,2024-12-04 13:13:00,1705.54,1705.58,1705.54,1705.58,0.0,19.84,33810.84,1
2024-12-04,2024-12-04 13:14:00,1705.58,1705.62,1705.58,1705.62,0.0,19.84,33810.84,1
2024-12-04,2024-12-04 13:15:00,1705.62,1705.67,1705.62,1705.67,0.0,19.84,33810.84,1
2024-12-04,2024-12-04 13:16:00,1705.67,1705.71,1705.67,1705.71,0.0,19.84,33810.84,1
2024-12-04,2024-12-04 13:17:00,1705.71,1705.75,1705.71,1705.75,0.0,19.84,33810.84,1
2024-12-04,2024-12-04 13:18:00,1705.75,1705.79,1705.75,1705.79,0.0,19.84,33810.84,1
2024-12-04,2024-12-04 13:19:00,1705.79,1705.83,1705.79,1705.83,0.0,19.84,33810.84,1
2024-12-04,2024-12-04 13:20:00,1705.83,1705.88,1705.83,1705.88,0.0,19.84,33810.84,1
2024-12-04,2024-12-04 13:21:00,1705.88,1705.92,1705.88,1705.92,0.0,19.84,33810.84,1
2024-12-04,2024-12-04 13:22:00,1705.92,1705.96,1705.92,1705.96,0.0,19.84,33810.84,1
2024-12-04,2024-12-04 13:23:00,1705.96,1706.0,1705.96,1706.0,0.0,19.84,33810.84,1
2024-12-04,2024-12-04 13:24:00,1706.0,1706.04,1706.0,1706.04,0.0,19.84,33810.84,1
2024-12-04,2024-12-04 13:25:00,1706.04,1706.08,1706.04,1706.08,0.0,19.84,33810.84,1
2024-12-04,2024-12-04 13:26:00,1706.08,1706.12,1706.08,1706.12,0.0,19.84,33810.84,1
2024-12-04,2024-12-04 13:27:00,1706.12,1706.17,1706.12,1706.17,0.0,19.84,33810.84,1
2024-12-04,2024-12-04 13:28:00,1706.17,1706.21,1706.17,1706.21,0.0,19.84,33810.84,1
2024-12-04,2024-12-04 13:29:00,1706.21,1706.25,1706.21,1706.25,0.0,19.84,33810.84,1
2024-12-04,2024-12-04 13:30:00,1706.25,1706.29,1706.25,1706.29,0.0,19.84,33810.84,1
2024-12-04,2024-12-04 13:31:00,1706.29,1706.33,1706.29,1706.33,0.0,19.84,33810.84,1
2024-12-04,2024-12-04 13:32:00,1706.33,1706.38,1706.33,1706.38,0.0,19.84,33810.84,1
2024-12-04,2024-12-04 13:33:00,1706.38,1706.42,1706.38,1706.42,0.0,19.84,33810.84,1
2024-12-04,2024-12-04 13:34:00,1706.42,1706.46,1706.42,1706.46,0.0,19.84,33810.84,1
2024-12-04,2024-12-04 13:35:00,1706.46,1706.5,1706.46,1706.5,0.0,19.84,33810.84,1
2024-12-04,2024-12-04 13:36:00,1706.5,1706.54,1706.5,1706.54,0.0,19.84,33810.84,1
2024-12-04,2024-12-04 13:37:00,1706.54,1706.58,1706.54,1706.58,0.0,19.84,33810.84,1
2024-12-04,2024-12-04 13:38:00,1706.58,1706.62,1706.58,1706.62,0.0,19.84,33810.84,1
2024-12-04,2024-12-04 13:39:00,1706.62,1706.67,1706.62,1706.67,0.0,19.84,33810.84,1
2024-12-04,2024-12-04 13:40:00,1706.67,1706.71,1706.67,1706.71,0.0,19.84,33810.84,1
2024-12-04,2024-12-04 13:41:00,1706.71,1706.75,1706.71,1706.75,0.0,19.84,33810.84,1
2024-12-04,2024-12-04 13:42:00,1706.75,1706.79,1706.75,1706.79,0.0,19.84,33810.84,1
2024-12-04,2024-12-04 13:43:00,1706.79,1706.83,1706.79,1706.83,0.0,19.84,33810.84,1
2024-12-04,2024-12-04 13:44:00,1706.83,1706.88,1706.83,1706.88,0.0,19.84,33810.84,1
2024-12-04,2024-12-04 13:45:00,1706.88,1706.92,1706.88,1706.92,0.0,19.84,33810.84,1
2024-12-04,2024-12-04 13:46:00,1706.92,1706.96,1706.92,1706.96,0.0,19.84,33810.84,1
2024-12-04,2024-12-04 13:47:00,1706.96,1707.0,1706.96,1707.0,0.0,19.84,33810.84,1
2024-12-04,2024-12-04 13:48:00,1707.0,1707.04,1707.0,1707.04,0.0,19.84,33810.84,1
2024-12-04,2024-12-04 13:49:00,1707.04,1707.08,1707.04,1707.08,0.0,19.84,33810.84,1
2024-12-04,2024-12-04 13:50:00,1707.08,1707.12,1707.08,1707.12,0.0,19.84,33810.84,1
2024-12-04,2024-12-04 13:51:00,1707.12,1707.17,1707.12,1707.17,0.0,19.84,33810.84,1
2024-12-04,2024-12-04 13:52:00,1707.17,1707.21,1707.17,1707.21,0.0,19.84,33810.84,1
2024-12-04,2024-12-04 13:53:00,1707.21,1707.25,1707.21,1707.25,0.0,19.84,33810.84,1
2024-12-04,2024-12-04 13:54:00,1707.25,1707.29,1707.25,1707.29,0.0,19.84,33810.84,1
2024-12-04,2024-12-04 13:55:00,1707.29,1707.33,1707.29,1707.33,0.0,19.84,33810.84,1
2024-12-04,2024-12-04 13:56:00,1707.33,1707.38,1707.33,1707.38,0.0,19.84,33810.84,1
2024-12-04,2024-12-04 13:57:00,1707.38,1707.42,1707.38,1707.42,0.0,19.84,33810.84,1
2024-12-04,2024-12-04 13:58:00,1707.42,1707.46,1707.42,1707.46,0.0,19.84,33810.84,1
2024-12-04,2024-12-04 13:59:00,1707.46,1707.5,1707.46,1707.5,0.0,19.84,33810.84,1
2024-12-04,2024-12-04 14:00:00,1707.5,1707.54,1707.5,1707.54,0.0,19.84,33810.84,1
2024-12-04,2024-12-04 14:01:00,1707.54,1707.58,1707.54,1707.58,0.0,19.84,33810.84,1
2024-12-04,2024-12-04 14:02:00,1707.58,1707.62,1707.58,1707.62,0.0,19.84,33810.84,1
2024-12-04,2024-12-04 14:03:00,1707.62,1707.67,1707.62,1707.67,0.0,19.84,33810.84,1
2024-12-04,2024-12-04 14:04:00,1707.67,1707.71,1707.67,1707.71,0.0,19.84,33810.84,1
2024-12-04,2024-12-04 14:05:00,1707.71,1707.75,1707.71,1707.75,0.0,19.84,33810.84,1
2024-12-04,2024-12-04 14:06:00,1707.75,1707.79,1707.75,1707.79,0.0,19.84,33810.84,1
2024-12-04,2024-12-04 14:07:00,1707.79,1707.83,1707.79,1707.83,0.0,19.84,33810.84,1
2024-12-04,2024-12-04 14:08:00,1707.83,1707.88,1707.83,1707.88,0.0,19.84,33810.84,1
2024-12-04,2024-12-04 14:09:00,1707.88,1707.92,1707.88,1707.92,0.0,19.84,33810.84,1
2024-12-04,2024-12-04 14:10:00,1707.92,1707.96,1707.92,1707.96,0.0,19.84,33810.84,1
2024-12-04,2024-12-04 14:11:00,1707.96,1708.0,1707.96,1708.0,0.0,19.84,33810.84,1
2024-12-04,2024-12-04 14:12:00,1708.0,1708.04,1708.0,1708.04,0.0,19.84,33810.84,1
2024-12-04,2024-12-04 14:13:00,1708.04,1708.08,1708.04,1708.08,0.0,19.84,33810.84,1
2024-12-04,2024-12-04 14:14:00,1708.08,1708.12,1708.08,1708.12,0.0,19.84,33810.84,1
2024-12-04,2024-12-04 14:15:00,1708.12,1708.17,1708.12,1708.17,0.0,19.84,33810.84,1
2024-12-04,2024-12-04 14:16:00,1708.17,1708.21,1708.17,1708.21,0.0,19.84,33810.84,1
2024-12-04,2024-12-04 14:17:00,1708.21,1708.25,1708.21,1708.25,0.0,19.84,33810.84,1
2024-12-04,2024-12-04 14:18:00,1708.25,1708.29,1708.25,1708.29,0.0,19.84,33810.84,1
2024-12-04,2024-12-04 14:19:00,1708.29,1708.33,1708.29,1708.33,0.0,19.84,33810.84,1
2024-12-04,2024-12-04 14:20:00,1708.33,1708.38,1708.33,1708.38,0.0,19.84,33810.84,1
2024-12-04,2024-12-04 14:21:00,1708.38,1708.42,1708.38,1708.42,0.0,19.84,33810.84,1
2024-12-04,2024-12-04 14:22:00,1708.42,1708.46,1708.42,1708.46,0.0,19.84,33810.84,1
2024-12-04,2024-12-04 14:23:00,1708.46,1708.5,1708.46,1708.5,0.0,19.84,33810.84,1
2024-12-04,2024-12-04 14:24:00,1708.5,1708.54,1708.5,1708.54,0.0,19.84,33810.84,1
2024-12-04,2024-12-04 14:25:00,1708.54,1708.58,1708.54,1708.58,0.0,19.84,33810.84,1
2024-12-04,2024-12-04 14:26:00,1708.58,1708.62,1708.58,1708.62,0.0,19.84,33810.84,1
2024-12-04,2024-12-04 14:27:00,1708.62,1708.67,1708.62,1708.67,0.0,19.84,33810.84,1
2024-12-04,2024-12-04 14:28:00,1708.67,1708.71,1708.67,1708.71,0.0,19.84,33810.84,1
2024-12-04,2024-12-04 14:29:00,1708.71,1708.75,1708.71,1708.75,0.0,19.84,33810.84,1
2024-12-04,2024-12-04 14:30:00,1708.75,1708.79,1708.75,1708.79,0.0,19.84,33810.84,1
2024-12-04,2024-12-04 14:31:00,1708.79,1708.83,1708.79,1708.83,0.0,19.84,33810.84,1
2024-12-04,2024-12-04 14:32:00,1708.83,1708.88,1708.83,1708.88,0.0,19.84,33810.84,1
2024-12-04,2024-12-04 14:33:00,1708.88,1708.92,1708.88,1708.92,0.0,19.84,33810.84,1
2024-12-04,2024-12-04 14:34:00,1708.92,1708.96,1708.92,1708.96,0.0,19.84,33810.84,1
2024-12-04,2024-12-04 14:35:00,1708.96,1709.0,1708.96,1709.0,0.0,19.84,33810.84,1
2024-12-04,2024-12-04 14:36:00,1709.0,1709.04,1709.0,1709.04,0.0,19.84,33810.84,1
2024-12-04,2024-12-04 14:37:00,1709.04,1709.08,1709.04,1709.08,0.0,19.84,33810.84,1
2024-12-04,2024-12-04 14:38:00,1709.08,1709.12,1709.08,1709.12,0.0,19.84,33810.84,1
2024-12-04,2024-12-04 14:39:00,1709.12,1709.17,1709.12,1709.17,0.0,19.84,33810.84,1
2024-12-04,2024-12-04 14:40:00,1709.17,1709.21,1709.17,1709.21,0.0,19.84,33810.84,1
2024-12-04,2024-12-04 14:41:00,1709.21,1709.25,1709.21,1709.25,0.0,19.84,33810.84,1
2024-12-04,2024-12-04 14:42:00,1709.25,1709.29,1709.25,1709.29,0.0,19.84,33810.84,1
2024-12-04,2024-12-04 14:43:00,1709.29,1709.33,1709.29,1709.33,0.0,19.84,33810.84,1
2024-12-04,2024-12-04 14:44:00,1709.33,1709.38,1709.33,1709.38,0.0,19.84,33810.84,1
2024-12-04,2024-12-04 14:45:00,1709.38,1709.42,1709.38,1709.42,0.0,19.84,33810.84,1
2024-12-04,2024-12-04 14:46:00,1709.42,1709.46,1709.42,1709.46,0.0,19.84,33810.84,1
2024-12-04,2024-12-04 14:47:00,1709.46,1709.5,1709.46,1709.5,0.0,19.84,33810.84,1
2024-12-04,2024-12-04 14:48:00,1709.5,1709.54,1709.5,1709.54,0.0,19.84,33810.84,1
2024-12-04,2024-12-04 14:49:00,1709.54,1709.58,1709.54,1709.58,0.0,19.84,33810.84,1
2024-12-04,2024-12-04 14:50:00,1709.58,1709.62,1709.58,1709.62,0.0,19.84,33810.84,1
2024-12-04,2024-12-04 14:51:00,1709.62,1709.67,1709.62,1709.67,0.0,19.84,33810.84,1
2024-12-04,2024-12-04 14:52:00,1709.67,1709.71,1709.67,1709.71,0.0,19.84,33810.84,1
2024-12-04,2024-12-04 14:53:00,1709.71,1709.75,1709.71,1709.75,0.0,19.84,33810.84,1
2024-12-04,2024-12-04 14:54:00,1709.75,1709.79,1709.75,1709.79,0.0,19.84,33810.84,1
2024-12-04,2024-12-04 14:55:00,1709.79,1709.83,1709.79,1709.83,0.0,19.84,33810.84,1
2024-12-04,2024-12-04 14:56:00,1709.83,1709.88,1709.83,1709.88,0.0,19.84,33810.84,1
2024-12-04,2024-12-04 14:57:00,1709.88,1709.92,1709.88,1709.92,0.0,19.84,33810.84,1
2024-12-04,2024-12-04 14:58:00,1709.92,1709.96,1709.92,1709.96,0.0,19.84,33810.84,1
2024-12-04,2024-12-04 14:59:00,1709.96,1710.0,1709.96,1710.0,0.0,19.84,33810.84,1
2024-12-04,2024-12-04 15:00:00,1710.0,1737.0,1670.0,1710.0,0.0,19.84,33810.84,0
2024-12-05,2024-12-05 11:00:00,1744.2,1744.2,1722.21,1743.99,-0.01,27.32,46491.61,-1
2024-12-05,2024-12-05 11:01:00,1743.99,1743.99,1743.77,1743.77,-0.01,27.32,46491.61,-1
2024-12-05,2024-12-05 11:02:00,1743.77,1743.77,1743.56,1743.56,-0.01,27.32,46491.61,-1
2024-12-05,2024-12-05 11:03:00,1743.56,1743.56,1743.35,1743.35,-0.01,27.32,46491.61,-1
2024-12-05,2024-12-05 11:04:00,1743.35,1743.35,1743.13,1743.13,-0.01,27.32,46491.61,-1
2024-12-05,2024-12-05 11:05:00,1743.13,1743.13,1742.92,1742.92,-0.01,27.32,46491.61,-1
2024-12-05,2024-12-05 11:06:00,1742.92,1742.92,1742.71,1742.71,-0.01,27.32,46491.61,-1
2024-12-05,2024-12-05 11:07:00,1742.71,1742.71,1742.49,1742.49,-0.01,27.32,46491.61,-1
2024-12-05,2024-12-05 11:08:00,1742.49,1742.49,1742.28,1742.28,-0.01,27.32,46491.61,-1
2024-12-05,2024-12-05 11:09:00,1742.28,1742.28,1742.07,1742.07,-0.01,27.32,46491.61,-1
2024-12-05,2024-12-05 11:10:00,1742.07,1742.07,1741.85,1741.85,-0.01,27.32,46491.61,-1
2024-12-05,2024-12-05 11:11:00,1741.85,1741.85,1741.64,1741.64,-0.01,27.32,46491.61,-1
2024-12-05,2024-12-05 11:12:00,1741.64,1741.64,1741.43,1741.43,-0.01,27.32,46491.61,-1
2024-12-05,2024-12-05 11:13:00,1741.43,1741.43,1741.21,1741.21,-0.01,27.32,46491.61,-1
2024-12-05,2024-12-05 11:14:00,1741.21,1741.21,1741.0,1741.0,-0.01,27.32,46491.61,-1
2024-12-05,2024-12-05 11:15:00,1741.0,1741.0,1740.79,1740.79,-0.01,27.32,46491.61,-1
2024-12-05,2024-12-05 11:16:00,1740.79,1740.79,1740.57,1740.57,-0.01,27.32,46491.61,-1
2024-12-05,2024-12-05 11:17:00,1740.57,1740.57,1740.36,1740.36,-0.01,27.32,46491.61,-1
2024-12-05,2024-12-05 11:18:00,1740.36,1740.36,1740.15,1740.15,-0.01,27.32,46491.61,-1
2024-12-05,2024-12-05 11:19:00,1740.15,1740.15,1739.93,1739.93,-0.01,27.32,46491.61,-1
2024-12-05,2024-12-05 11:20:00,1739.93,1739.93,1739.72,1739.72,-0.01,27.32,46491.61,-1
2024-12-05,2024-12-05 11:21:00,1739.72,1739.72,1739.51,1739.51,-0.01,27.32,46491.61,-1
2024-12-05,2024-12-05 11:22:00,1739.51,1739.51,1739.29,1739.29,-0.01,27.32,46491.61,-1
2024-12-05,2024-12-05 11:23:00,1739.29,1739.29,1739.08,1739.08,-0.01,27.32,46491.61,-1
2024-12-05,2024-12-05 11:24:00,1739.08,1739.08,1738.87,1738.87,-0.01,27.32,46491.61,-1
2024-12-05,2024-12-05 11:25:00,1738.87,1738.87,1738.65,1738.65,-0.01,27.32,46491.61,-1
2024-12-05,2024-12-05 11:26:00,1738.65,1738.65,1738.44,1738.44,-0.01,27.32,46491.61,-1
2024-12-05,2024-12-05 11:27:00,1738.44,1738.44,1738.23,1738.23,-0.01,27.32,46491.61,-1
2024-12-05,2024-12-05 11:28:00,1738.23,1738.23,1738.01,1738.01,-0.01,27.32,46491.61,-1
2024-12-05,2024-12-05 11:29:00,1738.01,1738.01,1737.8,1737.8,-0.01,27.32,46491.61,-1
2024-12-05,2024-12-05 11:30:00,1737.8,1737.8,1737.59,1737.59,-0.01,27.32,46491.61,-1
2024-12-05,2024-12-05 11:31:00,1737.59,1737.59,1737.37,1737.37,-0.01,27.32,46491.61,-1
2024-12-05,2024-12-05 11:32:00,1737.37,1737.37,1737.16,1737.16,-0.01,27.32,46491.61,-1
2024-12-05,2024-12-05 11:33:00,1737.16,1737.16,1736.95,1736.95,-0.01,27.32,46491.61,-1
2024-12-05,2024-12-05 11:34:00,1736.95,1736.95,1736.73,1736.73,-0.01,27.32,46491.61,-1
2024-12-05,2024-12-05 11:35:00,1736.73,1736.73,1736.52,1736.52,-0.01,27.32,46491.61,-1
2024-12-05,2024-12-05 11:36:00,1736.52,1736.52,1736.31,1736.31,-0.01,27.32,46491.61,-1
2024-12-05,2024-12-05 11:37:00,1736.31,1736.31,1736.09,1736.09,-0.01,27.32,46491.61,-1
2024-12-05,2024-12-05 11:38:00,1736.09,1736.09,1735.88,1735.88,-0.01,27.32,46491.61,-1
2024-12-05,2024-12-05 11:39:00,1735.88,1735.88,1735.67,1735.67,-0.01,27.32,46491.61,-1
2024-12-05,2024-12-05 11:40:00,1735.67,1735.67,1735.45,1735.45,-0.01,27.32,46491.61,-1
2024-12-05,2024-12-05 11:41:00,1735.45,1735.45,1735.24,1735.24,-0.01,27.32,46491.61,-1
2024-12-05,2024-12-05 11:42:00,1735.24,1735.24,1735.03,1735.03,-0.01,27.32,46491.61,-1
2024-12-05,2024-12-05 11:43:00,1735.03,1735.03,1734.81,1734.81,-0.01,27.32,46491.61,-1
2024-12-05,2024-12-05 11:44:00,1734.81,1734.81,1734.6,1734.6,-0.01,27.32,46491.61,-1
2024-12-05,2024-12-05 11:45:00,1734.6,1734.6,1734.39,1734.39,-0.01,27.32,46491.61,-1
2024-12-05,2024-12-05 11:46:00,1734.39,1734.39,1734.17,1734.17,-0.01,27.32,46491.61,-1
2024-12-05,2024-12-05 11:47:00,1734.17,1734.17,1733.96,1733.96,-0.01,27.32,46491.61,-1
2024-12-05,2024-12-05 11:48:00,1733.96,1733.96,1733.75,1733.75,-0.01,27.32,46491.61,-1
2024-12-05,2024-12-05 11:49:00,1733.75,1733.75,1733.53,1733.53,-0.01,27.32,46491.61,-1
2024-12-05,2024-12-05 11:50:00,1733.53,1733.53,1733.32,1733.32,-0.01,27.32,46491.61,-1
2024-12-05,2024-12-05 11:51:00,1733.32,1733.32,1733.11,1733.11,-0.01,27.32,46491.61,-1
2024-12-05,2024-12-05 11:52:00,1733.11,1733.11,1732.89,1732.89,-0.01,27.32,46491.61,-1
2024-12-05,2024-12-05 11:53:00,1732.89,1732.89,1732.68,1732.68,-0.01,27.32,46491.61,-1
2024-12-05,2024-12-05 11:54:00,1732.68,1732.68,1732.47,1732.47,-0.01,27.32,46491.61,-1
2024-12-05,2024-12-05 11:55:00,1732.47,1732.47,1732.25,1732.25,-0.01,27.32,46491.61,-1
2024-12-05,2024-12-05 11:56:00,1732.25,1732.25,1732.04,1732.04,-0.01,27.32,46491.61,-1
2024-12-05,2024-12-05 11:57:00,1732.04,1732.04,1731.83,1731.83,-0.01,27.32,46491.61,-1
2024-12-05,2024-12-05 11:58:00,1731.83,1731.83,1731.61,1731.61,-0.01,27.32,46491.61,-1
2024-12-05,2024-12-05 11:59:00,1731.61,1731.61,1731.4,1731.4,-0.01,27.32,46491.61,-1
2024-12-05,2024-12-05 12:00:00,1731.4,1731.4,1731.19,1731.19,-0.01,27.32,46491.61,-1
2024-12-05,2024-12-05 12:01:00,1731.19,1731.19,1730.97,1730.97,-0.01,27.32,46491.61,-1
2024-12-05,2024-12-05 12:02:00,1730.97,1730.97,1730.76,1730.76,-0.01,27.32,46491.61,-1
2024-12-05,2024-12-05 12:03:00,1730.76,1730.76,1730.55,1730.55,-0.01,27.32,46491.61,-1
2024-12-05,2024-12-05 12:04:00,1730.55,1730.55,1730.33,1730.33,-0.01,27.32,46491.61,-1
2024-12-05,2024-12-05 12:05:00,1730.33,1730.33,1730.12,1730.12,-0.01,27.32,46491.61,-1
2024-12-05,2024-12-05 12:06:00,1730.12,1730.12,1729.91,1729.91,-0.01,27.32,46491.61,-1
2024-12-05,2024-12-05 12:07:00,1729.91,1729.91,1729.69,1729.69,-0.01,27.32,46491.61,-1
2024-12-05,2024-12-05 12:08:00,1729.69,1729.69,1729.48,1729.48,-0.01,27.32,46491.61,-1
2024-12-05,2024-12-05 12:09:00,1729.48,1729.48,1729.27,1729.27,-0.01,27.32,46491.61,-1
2024-12-05,2024-12-05 12:10:00,1729.27,1729.27,1729.05,1729.05,-0.01,27.32,46491.61,-1
2024-12-05,2024-12-05 12:11:00,1729.05,1729.05,1728.84,1728.84,-0.01,27.32,46491.61,-1
2024-12-05,2024-12-05 12:12:00,1728.84,1728.84,1728.63,1728.63,-0.01,27.32,46491.61,-1
2024-12-05,2024-12-05 12:13:00,1728.63,1728.63,1728.41,1728.41,-0.01,27.32,46491.61,-1
2024-12-05,2024-12-05 12:14:00,1728.41,1728.41,1728.2,1728.2,-0.01,27.32,46491.61,-1
2024-12-05,2024-12-05 12:15:00,1728.2,1728.2,1727.99,1727.99,-0.01,27.32,46491.61,-1
2024-12-05,2024-12-05 12:16:00,1727.99,1727.99,1727.77,1727.77,-0.01,27.32,46491.61,-1
2024-12-05,2024-12-05 12:17:00,1727.77,1727.77,1727.56,1727.56,-0.01,27.32,46491.61,-1
2024-12-05,2024-12-05 12:18:00,1727.56,1727.56,1727.35,1727.35,-0.01,27.32,46491.61,-1
2024-12-05,2024-12-05 12:19:00,1727.35,1727.35,1727.13,1727.13,-0.01,27.32,46491.61,-1
2024-12-05,2024-12-05 12:20:00,1727.13,1727.13,1726.92,1726.92,-0.01,27.32,46491.61,-1
2024-12-05,2024-12-05 12:21:00,1726.92,1726.92,1726.71,1726.71,-0.01,27.32,46491.61,-1
2024-12-05,2024-12-05 12:22:00,1726.71,1726.71,1726.49,1726.49,-0.01,27.32,46491.61,-1
2024-12-05,2024-12-05 12:23:00,1726.49,1726.49,1726.28,1726.28,-0.01,27.32,46491.61,-1
2024-12-05,2024-12-05 12:24:00,1726.28,1726.28,1726.07,1726.07,-0.01,27.32,46491.61,-1
2024-12-05,2024-12-05 12:25:00,1726.07,1726.07,1725.85,1725.85,-0.01,27.32,46491.61,-1
2024-12-05,2024-12-05 12:26:00,1725.85,1725.85,1725.64,1725.64,-0.01,27.32,46491.61,-1
2024-12-05,2024-12-05 12:27:00,1725.64,1725.64,1725.43,1725.43,-0.01,27.32,46491.61,-1
2024-12-05,2024-12-05 12:28:00,1725.43,1725.43,1725.21,1725.21,-0.01,27.32,46491.61,-1
2024-12-05,2024-12-05 12:29:00,1725.21,1725.21,1725.0,1725.0,-0.01,27.32,46491.61,-1
2024-12-05,2024-12-05 12:30:00,1725.0,1725.0,1724.79,1724.79,-0.01,27.32,46491.61,-1
2024-12-05,2024-12-05 12:31:00,1724.79,1724.79,1724.57,1724.57,-0.01,27.32,46491.61,-1
2024-12-05,2024-12-05 12:32:00,1724.57,1724.57,1724.36,1724.36,-0.01,27.32,46491.61,-1
2024-12-05,2024-12-05 12:33:00,1724.36,1724.36,1724.15,1724.15,-0.01,27.32,46491.61,-1
2024-12-05,2024-12-05 12:34:00,1724.15,1724.15,1723.93,1723.93,-0.01,27.32,46491.61,-1
2024-12-05,2024-12-05 12:35:00,1723.93,1723.93,1723.72,1723.72,-0.01,27.32,46491.61,-1
2024-12-05,2024-12-05 12:36:00,1723.72,1723.72,1723.51,1723.51,-0.01,27.32,46491.61,-1
2024-12-05,2024-12-05 12:37:00,1723.51,1723.51,1723.29,1723.29,-0.01,27.32,46491.61,-1
2024-12-05,2024-12-05 12:38:00,1723.29,1723.29,1723.08,1723.08,-0.01,27.32,46491.61,-1
2024-12-05,2024-12-05 12:39:00,1723.08,1723.08,1722.87,1722.87,-0.01,27.32,46491.61,-1
2024-12-05,2024-12-05 12:40:00,1722.87,1722.87,1722.65,1722.65,-0.01,27.32,46491.61,-1
2024-12-05,2024-12-05 12:41:00,1722.65,1722.65,1722.44,1722.44,-0.01,27.32,46491.61,-1
2024-12-05,2024-12-05 12:42:00,1722.44,1722.44,1722.23,1722.23,-0.01,27.32,46491.61,-1
2024-12-05,2024-12-05 12:43:00,1722.23,1722.23,1722.01,1722.01,-0.01,27.32,46491.61,-1
2024-12-05,2024-12-05 12:44:00,1722.01,1722.01,1721.8,1721.8,-0.01,27.32,46491.61,-1
2024-12-05,2024-12-05 12:45:00,1721.8,1721.8,1721.59,1721.59,-0.01,27.32,46491.61,-1
2024-12-05,2024-12-05 12:46:00,1721.59,1721.59,1721.37,1721.37,-0.01,27.32,46491.61,-1
2024-12-05,2024-12-05 12:47:00,1721.37,1721.37,1721.16,1721.16,-0.01,27.32,46491.61,-1
2024-12-05,2024-12-05 12:48:00,1721.16,1721.16,1720.95,1720.95,-0.01,27.32,46491.61,-1
2024-12-05,2024-12-05 12:49:00,1720.95,1720.95,1720.73,1720.73,-0.01,27.32,46491.61,-1
2024-12-05,2024-12-05 12:50:00,1720.73,1720.73,1720.52,1720.52,-0.01,27.32,46491.61,-1
2024-12-05,2024-12-05 12:51:00,1720.52,1720.52,1720.31,1720.31,-0.01,27.32,46491.61,-1
2024-12-05,2024-12-05 12:52:00,1720.31,1720.31,1720.09,1720.09,-0.01,27.32,46491.61,-1
2024-12-05,2024-12-05 12:53:00,1720.09,1720.09,1719.88,1719.88,-0.01,27.32,46491.61,-1
2024-12-05,2024-12-05 12:54:00,1719.88,1719.88,1719.67,1719.67,-0.01,27.32,46491.61,-1
2024-12-05,2024-12-05 12:55:00,1719.67,1719.67,1719.45,1719.45,-0.01,27.32,46491.61,-1
2024-12-05,2024-12-05 12:56:00,1719.45,1719.45,1719.24,1719.24,-0.01,27.32,46491.61,-1
2024-12-05,2024-12-05 12:57:00,1719.24,1719.24,1719.03,1719.03,-0.01,27.32,46491.61,-1
2024-12-05,2024-12-05 12:58:00,1719.03,1719.03,1718.81,1718.81,-0.01,27.32,46491.61,-1
2024-12-05,2024-12-05 12:59:00,1718.81,1718.81,1718.6,1718.6,-0.01,27.32,46491.61,-1
2024-12-05,2024-12-05 13:00:00,1718.6,1744.2,1670.9,1718.39,-0.01,27.32,46491.61,-1
2024-12-05,2024-12-05 13:01:00,1718.39,1718.39,1718.17,1718.17,-0.01,27.32,46491.61,-1
2024-12-05,2024-12-05 13:02:00,1718.17,1718.17,1717.96,1717.96,-0.01,27.32,46491.61,-1
2024-12-05,2024-12-05 13:03:00,1717.96,1717.96,1717.75,1717.75,-0.01,27.32,46491.61,-1
2024-12-05,2024-12-05 13:04:00,1717.75,1717.75,1717.53,1717.53,-0.01,27.32,46491.61,-1
2024-12-05,2024-12-05 13:05:00,1717.53,1717.53,1717.32,1717.32,-0.01,27.32,46491.61,-1
2024-12-05,2024-12-05 13:06:00,1717.32,1717.32,1717.11,1717.11,-0.01,27.32,46491.61,-1
2024-12-05,2024-12-05 13:07:00,1717.11,1717.11,1716.89,1716.89,-0.01,27.32,46491.61,-1
2024-12-05,2024-12-05 13:08:00,1716.89,1716.89,1716.68,1716.68,-0.01,27.32,46491.61,-1
2024-12-05,2024-12-05 13:09:00,1716.68,1716.68,1716.47,1716.47,-0.01,27.32,46491.61,-1
2024-12-05,2024-12-05 13:10:00,1716.47,1716.47,1716.25,1716.25,-0.01,27.32,46491.61,-1
2024-12-05,2024-12-05 13:11:00,1716.25,1716.25,1716.04,1716.04,-0.01,27.32,46491.61,-1
2024-12-05,2024-12-05 13:12:00,1716.04,1716.04,1715.83,1715.83,-0.01,27.32,46491.61,-1
2024-12-05,2024-12-05 13:13:00,1715.83,1715.83,1715.61,1715.61,-0.01,27.32,46491.61,-1
2024-12-05,2024-12-05 13:14:00,1715.61,1715.61,1715.4,1715.4,-0.01,27.32,46491.61,-1
2024-12-05,2024-12-05 13:15:00,1715.4,1715.4,1715.19,1715.19,-0.01,27.32,46491.61,-1
2024-12-05,2024-12-05 13:16:00,1715.19,1715.19,1714.97,1714.97,-0.01,27.32,46491.61,-1
2024-12-05,2024-12-05 13:17:00,1714.97,1714.97,1714.76,1714.76,-0.01,27.32,46491.61,-1
2024-12-05,2024-12-05 13:18:00,1714.76,1714.76,1714.55,1714.55,-0.01,27.32,46491.61,-1
2024-12-05,2024-12-05 13:19:00,1714.55,1714.55,1714.33,1714.33,-0.01,27.32,46491.61,-1
2024-12-05,2024-12-05 13:20:00,1714.33,1714.33,1714.12,1714.12,-0.01,27.32,46491.61,-1
2024-12-05,2024-12-05 13:21:00,1714.12,1714.12,1713.91,1713.91,-0.01,27.32,46491.61,-1
2024-12-05,2024-12-05 13:22:00,1713.91,1713.91,1713.69,1713.69,-0.01,27.32,46491.61,-1
2024-12-05,2024-12-05 13:23:00,1713.69,1713.69,1713.48,1713.48,-0.01,27.32,46491.61,-1
2024-12-05,2024-12-05 13:24:00,1713.48,1713.48,1713.27,1713.27,-0.01,27.32,46491.61,-1
2024-12-05,2024-12-05 13:25:00,1713.27,1713.27,1713.05,1713.05,-0.01,27.32,46491.61,-1
2024-12-05,2024-12-05 13:26:00,1713.05,1713.05,1712.84,1712.84,-0.01,27.32,46491.61,-1
2024-12-05,2024-12-05 13:27:00,1712.84,1712.84,1712.63,1712.63,-0.01,27.32,46491.61,-1
2024-12-05,2024-12-05 13:28:00,1712.63,1712.63,1712.41,1712.41,-0.01,27.32,46491.61,-1
2024-12-05,2024-12-05 13:29:00,1712.41,1712.41,1712.2,1712.2,-0.01,27.32,46491.61,-1
2024-12-05,2024-12-05 13:30:00,1712.2,1712.2,1711.99,1711.99,-0.01,27.32,46491.61,-1
2024-12-05,2024-12-05 13:31:00,1711.99,1711.99,1711.77,1711.77,-0.01,27.32,46491.61,-1
2024-12-05,2024-12-05 13:32:00,1711.77,1711.77,1711.56,1711.56,-0.01,27.32,46491.61,-1
2024-12-05,2024-12-05 13:33:00,1711.56,1711.56,1711.35,1711.35,-0.01,27.32,46491.61,-1
2024-12-05,2024-12-05 13:34:00,1711.35,1711.35,1711.13,1711.13,-0.01,27.32,46491.61,-1
2024-12-05,2024-12-05 13:35:00,1711.13,1711.13,1710.92,1710.92,-0.01,27.32,46491.61,-1
2024-12-05,2024-12-05 13:36:00,1710.92,1710.92,1710.71,1710.71,-0.01,27.32,46491.61,-1
2024-12-05,2024-12-05 13:37:00,1710.71,1710.71,1710.49,1710.49,-0.01,27.32,46491.61,-1
2024-12-05,2024-12-05 13:38:00,1710.49,1710.49,1710.28,1710.28,-0.01,27.32,46491.61,-1
2024-12-05,2024-12-05 13:39:00,1710.28,1710.28,1710.07,1710.07,-0.01,27.32,46491.61,-1
2024-12-05,2024-12-05 13:40:00,1710.07,1710.07,1709.85,1709.85,-0.01,27.32,46491.61,-1
2024-12-05,2024-12-05 13:41:00,1709.85,1709.85,1709.64,1709.64,-0.01,27.32,46491.61,-1
2024-12-05,2024-12-05 13:42:00,1709.64,1709.64,1709.43,1709.43,-0.01,27.32,46491.61,-1
2024-12-05,2024-12-05 13:43:00,1709.43,1709.43,1709.21,1709.21,-0.01,27.32,46491.61,-1
2024-12-05,2024-12-05 13:44:00,1709.21,1709.21,1709.0,1709.0,-0.01,27.32,46491.61,-1
2024-12-05,2024-12-05 13:45:00,1709.0,1709.0,1708.79,1708.79,-0.01,27.32,46491.61,-1
2024-12-05,2024-12-05 13:46:00,1708.79,1708.79,1708.57,1708.57,-0.01,27.32,46491.61,-1
2024-12-05,2024-12-05 13:47:00,1708.57,1708.57,1708.36,1708.36,-0.01,27.32,46491.61,-1
2024-12-05,2024-12-05 13:48:00,1708.36,1708.36,1708.15,1708.15,-0.01,27.32,46491.61,-1
2024-12-05,2024-12-05 13:49:00,1708.15,1708.15,1707.93,1707.93,-0.01,27.32,46491.61,-1
2024-12-05,2024-12-05 13:50:00,1707.93,1707.93,1707.72,1707.72,-0.01,27.32,46491.61,-1
2024-12-05,2024-12-05 13:51:00,1707.72,1707.72,1707.51,1707.51,-0.01,27.32,46491.61,-1
2024-12-05,2024-12-05 13:52:00,1707.51,1707.51,1707.29,1707.29,-0.01,27.32,46491.61,-1
2024-12-05,2024-12-05 13:53:00,1707.29,1707.29,1707.08,1707.08,-0.01,27.32,46491.61,-1
2024-12-05,2024-12-05 13:54:00,1707.08,1707.08,1706.87,1706.87,-0.01,27.32,46491.61,-1
2024-12-05,2024-12-05 13:55:00,1706.87,1706.87,1706.65,1706.65,-0.01,27.32,46491.61,-1
2024-12-05,2024-12-05 13:56:00,1706.65,1706.65,1706.44,1706.44,-0.01,27.32,46491.61,-1
2024-12-05,2024-12-05 13:57:00,1706.44,1706.44,1706.23,1706.23,-0.01,27.32,46491.61,-1
2024-12-05,2024-12-05 13:58:00,1706.23,1706.23,1706.01,1706.01,-0.01,27.32,46491.61,-1
2024-12-05,2024-12-05 13:59:00,1706.01,1706.01,1705.8,1705.8,-0.01,27.32,46491.61,-1
2024-12-05,2024-12-05 14:00:00,1705.8,1705.8,1705.59,1705.59,-0.01,27.32,46491.61,-1
2024-12-05,2024-12-05 14:01:00,1705.59,1705.59,1705.37,1705.37,-0.01,27.32,46491.61,-1
2024-12-05,2024-12-05 14:02:00,1705.37,1705.37,1705.16,1705.16,-0.01,27.32,46491.61,-1
2024-12-05,2024-12-05 14:03:00,1705.16,1705.16,1704.95,1704.95,-0.01,27.32,46491.61,-1
2024-12-05,2024-12-05 14:04:00,1704.95,1704.95,1704.73,1704.73,-0.01,27.32,46491.61,-1
2024-12-05,2024-12-05 14:05:00,1704.73,1704.73,1704.52,1704.52,-0.01,27.32,46491.61,-1
2024-12-05,2024-12-05 14:06:00,1704.52,1704.52,1704.31,1704.31,-0.01,27.32,46491.61,-1
2024-12-05,2024-12-05 14:07:00,1704.31,1704.31,1704.09,1704.09,-0.01,27.32,46491.61,-1
2024-12-05,2024-12-05 14:08:00,1704.09,1704.09,1703.88,1703.88,-0.01,27.32,46491.61,-1
2024-12-05,2024-12-05 14:09:00,1703.88,1703.88,1703.67,1703.67,-0.01,27.32,46491.61,-1
2024-12-05,2024-12-05 14:10:00,1703.67,1703.67,1703.45,1703.45,-0.01,27.32,46491.61,-1
2024-12-05,2024-12-05 14:11:00,1703.45,1703.45,1703.24,1703.24,-0.01,27.32,46491.61,-1
2024-12-05,2024-12-05 14:12:00,1703.24,1703.24,1703.03,1703.03,-0.01,27.32,46491.61,-1
2024-12-05,2024-12-05 14:13:00,1703.03,1703.03,1702.81,1702.81,-0.01,27.32,46491.61,-1
2024-12-05,2024-12-05 14:14:00,1702.81,1702.81,1702.6,1702.6,-0.01,27.32,46491.61,-1
2024-12-05,2024-12-05 14:15:00,1702.6,1702.6,1702.39,1702.39,-0.01,27.32,46491.61,-1
2024-12-05,2024-12-05 14:16:00,1702.39,1702.39,1702.17,1702.17,-0.01,27.32,46491.61,-1
2024-12-05,2024-12-05 14:17:00,1702.17,1702.17,1701.96,1701.96,-0.01,27.32,46491.61,-1
2024-12-05,2024-12-05 14:18:00,1701.96,1701.96,1701.75,1701.75,-0.01,27.32,46491.61,-1
2024-12-05,2024-12-05 14:19:00,1701.75,1701.75,1701.53,1701.53,-0.01,27.32,46491.61,-1
2024-12-05,2024-12-05 14:20:00,1701.53,1701.53,1701.32,1701.32,-0.01,27.32,46491.61,-1
2024-12-05,2024-12-05 14:21:00,1701.32,1701.32,1701.11,1701.11,-0.01,27.32,46491.61,-1
2024-12-05,2024-12-05 14:22:00,1701.11,1701.11,1700.89,1700.89,-0.01,27.32,46491.61,-1
2024-12-05,2024-12-05 14:23:00,1700.89,1700.89,1700.68,1700.68,-0.01,27.32,46491.61,-1
2024-12-05,2024-12-05 14:24:00,1700.68,1700.68,1700.47,1700.47,-0.01,27.32,46491.61,-1
2024-12-05,2024-12-05 14:25:00,1700.47,1700.47,1700.25,1700.25,-0.01,27.32,46491.61,-1
2024-12-05,2024-12-05 14:26:00,1700.25,1700.25,1700.04,1700.04,-0.01,27.32,46491.61,-1
2024-12-05,2024-12-05 14:27:00,1700.04,1700.04,1699.83,1699.83,-0.01,27.32,46491.61,-1
2024-12-05,2024-12-05 14:28:00,1699.83,1699.83,1699.61,1699.61,-0.01,27.32,46491.61,-1
2024-12-05,2024-12-05 14:29:00,1699.61,1699.61,1699.4,1699.4,-0.01,27.32,46491.61,-1
2024-12-05,2024-12-05 14:30:00,1699.4,1699.4,1699.19,1699.19,-0.01,27.32,46491.61,-1
2024-12-05,2024-12-05 14:31:00,1699.19,1699.19,1698.97,1698.97,-0.01,27.32,46491.61,-1
2024-12-05,2024-12-05 14:32:00,1698.97,1698.97,1698.76,1698.76,-0.01,27.32,46491.61,-1
2024-12-05,2024-12-05 14:33:00,1698.76,1698.76,1698.55,1698.55,-0.01,27.32,46491.61,-1
2024-12-05,2024-12-05 14:34:00,1698.55,1698.55,1698.33,1698.33,-0.01,27.32,46491.61,-1
2024-12-05,2024-12-05 14:35:00,1698.33,1698.33,1698.12,1698.12,-0.01,27.32,46491.61,-1
2024-12-05,2024-12-05 14:36:00,1698.12,1698.12,1697.91,1697.91,-0.01,27.32,46491.61,-1
2024-12-05,2024-12-05 14:37:00,1697.91,1697.91,1697.69,1697.69,-0.01,27.32,46491.61,-1
2024-12-05,2024-12-05 14:38:00,1697.69,1697.69,1697.48,1697.48,-0.01,27.32,46491.61,-1
2024-12-05,2024-12-05 14:39:00,1697.48,1697.48,1697.27,1697.27,-0.01,27.32,46491.61,-1
2024-12-05,2024-12-05 14:40:00,1697.27,1697.27,1697.05,1697.05,-0.01,27.32,46491.61,-1
2024-12-05,2024-12-05 14:41:00,1697.05,1697.05,1696.84,1696.84,-0.01,27.32,46491.61,-1
2024-12-05,2024-12-05 14:42:00,1696.84,1696.84,1696.63,1696.63,-0.01,27.32,46491.61,-1
2024-12-05,2024-12-05 14:43:00,1696.63,1696.63,1696.41,1696.41,-0.01,27.32,46491.61,-1
2024-12-05,2024-12-05 14:44:00,1696.41,1696.41,1696.2,1696.2,-0.01,27.32,46491.61,-1
2024-12-05,2024-12-05 14:45:00,1696.2,1696.2,1695.99,1695.99,-0.01,27.32,46491.61,-1
2024-12-05,2024-12-05 14:46:00,1695.99,1695.99,1695.77,1695.77,-0.01,27.32,46491.61,-1
2024-12-05,2024-12-05 14:47:00,1695.77,1695.77,1695.56,1695.56,-0.01,27.32,46491.61,-1
2024-12-05,2024-12-05 14:48:00,1695.56,1695.56,1695.35,1695.35,-0.01,27.32,46491.61,-1
2024-12-05,2024-12-05 14:49:00,1695.35,1695.35,1695.13,1695.13,-0.01,27.32,46491.61,-1
2024-12-05,2024-12-05 14:50:00,1695.13,1695.13,1694.92,1694.92,-0.01,27.32,46491.61,-1
2024-12-05,2024-12-05 14:51:00,1694.92,1694.92,1694.71,1694.71,-0.01,27.32,46491.61,-1
2024-12-05,2024-12-05 14:52:00,1694.71,1694.71,1694.49,1694.49,-0.01,27.32,46491.61,-1
2024-12-05,2024-12-05 14:53:00,1694.49,1694.49,1694.28,1694.28,-0.01,27.32,46491.61,-1
2024-12-05,2024-12-05 14:54:00,1694.28,1694.28,1694.07,1694.07,-0.01,27.32,46491.61,-1
2024-12-05,2024-12-05 14:55:00,1694.07,1694.07,1693.85,1693.85,-0.01,27.32,46491.61,-1
2024-12-05,2024-12-05 14:56:00,1693.85,1693.85,1693.64,1693.64,-0.01,27.32,46491.61,-1
2024-12-05,2024-12-05 14:57:00,1693.64,1693.64,1693.43,1693.43,-0.01,27.32,46491.61,-1
2024-12-05,2024-12-05 14:58:00,1693.43,1693.43,1693.21,1693.21,-0.01,27.32,46491.61,-1
2024-12-05,2024-12-05 14:59:00,1693.21,1693.21,1693.0,1693.0,-0.01,27.32,46491.61,-1
2024-12-05,2024-12-05 15:00:00,1693.0,1744.2,1670.9,1693.0,0.0,27.32,46491.61,0
2024-12-08,2024-12-08 11:00:00,1672.6,1681.12,1647.76,1672.62,0.0,22.25,36708.01,1
2024-12-08,2024-12-08 11:01:00,1672.62,1672.64,1672.62,1672.64,0.0,22.25,36708.01,1
2024-12-08,2024-12-08 11:02:00,1672.64,1672.67,1672.64,1672.67,0.0,22.25,36708.01,1
2024-12-08,2024-12-08 11:03:00,1672.67,1672.69,1672.67,1672.69,0.0,22.25,36708.01,1
2024-12-08,2024-12-08 11:04:00,1672.69,1672.71,1672.69,1672.71,0.0,22.25,36708.01,1
2024-12-08,2024-12-08 11:05:00,1672.71,1672.73,1672.71,1672.73,0.0,22.25,36708.01,1
2024-12-08,2024-12-08 11:06:00,1672.73,1672.75,1672.73,1672.75,0.0,22.25,36708.01,1
2024-12-08,2024-12-08 11:07:00,1672.75,1672.78,1672.75,1672.78,0.0,22.25,36708.01,1
2024-12-08,2024-12-08 11:08:00,1672.78,1672.8,1672.78,1672.8,0.0,22.25,36708.01,1
2024-12-08,2024-12-08 11:09:00,1672.8,1672.82,1672.8,1672.82,0.0,22.25,36708.01,1
2024-12-08,2024-12-08 11:10:00,1672.82,1672.84,1672.82,1672.84,0.0,22.25,36708.01,1
2024-12-08,2024-12-08 11:11:00,1672.84,1672.87,1672.84,1672.87,0.0,22.25,36708.01,1
2024-12-08,2024-12-08 11:12:00,1672.87,1672.89,1672.87,1672.89,0.0,22.25,36708.01,1
2024-12-08,2024-12-08 11:13:00,1672.89,1672.91,1672.89,1672.91,0.0,22.25,36708.01,1
2024-12-08,2024-12-08 11:14:00,1672.91,1672.93,1672.91,1672.93,0.0,22.25,36708.01,1
2024-12-08,2024-12-08 11:15:00,1672.93,1672.95,1672.93,1672.95,0.0,22.25,36708.01,1
2024-12-08,2024-12-08 11:16:00,1672.95,1672.98,1672.95,1672.98,0.0,22.25,36708.01,1
2024-12-08,2024-12-08 11:17:00,1672.98,1673.0,1672.98,1673.0,0.0,22.25,36708.01,1
2024-12-08,2024-12-08 11:18:00,1673.0,1673.02,1673.0,1673.02,0.0,22.25,36708.01,1
2024-12-08,2024-12-08 11:19:00,1673.02,1673.04,1673.02,1673.04,0.0,22.25,36708.01,1
2024-12-08,2024-12-08 11:20:00,1673.04,1673.06,1673.04,1673.06,0.0,22.25,36708.01,1
2024-12-08,2024-12-08 11:21:00,1673.06,1673.09,1673.06,1673.09,0.0,22.25,36708.01,1
2024-12-08,2024-12-08 11:22:00,1673.09,1673.11,1673.09,1673.11,0.0,22.25,36708.01,1
2024-12-08,2024-12-08 11:23:00,1673.11,1673.13,1673.11,1673.13,0.0,22.25,36708.01,1
2024-12-08,2024-12-08 11:24:00,1673.13,1673.15,1673.13,1673.15,0.0,22.25,36708.01,1
2024-12-08,2024-12-08 11:25:00,1673.15,1673.17,1673.15,1673.17,0.0,22.25,36708.01,1
2024-12-08,2024-12-08 11:26:00,1673.17,1673.2,1673.17,1673.2,0.0,22.25,36708.01,1
2024-12-08,2024-12-08 11:27:00,1673.2,1673.22,1673.2,1673.22,0.0,22.25,36708.01,1
2024-12-08,2024-12-08 11:28:00,1673.22,1673.24,1673.22,1673.24,0.0,22.25,36708.01,1
2024-12-08,2024-12-08 11:29:00,1673.24,1673.26,1673.24,1673.26,0.0,22.25,36708.01,1
2024-12-08,2024-12-08 11:30:00,1673.26,1673.28,1673.26,1673.28,0.0,22.25,36708.01,1
2024-12-08,2024-12-08 11:31:00,1673.28,1673.31,1673.28,1673.31,0.0,22.25,36708.01,1
2024-12-08,2024-12-08 11:32:00,1673.31,1673.33,1673.31,1673.33,0.0,22.25,36708.01,1
2024-12-08,2024-12-08 11:33:00,1673.33,1673.35,1673.33,1673.35,0.0,22.25,36708.01,1
2024-12-08,2024-12-08 11:34:00,1673.35,1673.37,1673.35,1673.37,0.0,22.25,36708.01,1
2024-12-08,2024-12-08 11:35:00,1673.37,1673.39,1673.37,1673.39,0.0,22.25,36708.01,1
2024-12-08,2024-12-08 11:36:00,1673.39,1673.42,1673.39,1673.42,0.0,22.25,36708.01,1
2024-12-08,2024-12-08 11:37:00,1673.42,1673.44,1673.42,1673.44,0.0,22.25,36708.01,1
2024-12-08,2024-12-08 11:38:00,1673.44,1673.46,1673.44,1673.46,0.0,22.25,36708.01,1
2024-12-08,2024-12-08 11:39:00,1673.46,1673.48,1673.46,1673.48,0.0,22.25,36708.01,1
2024-12-08,2024-12-08 11:40:00,1673.48,1673.51,1673.48,1673.51,0.0,22.25,36708.01,1
2024-12-08,2024-12-08 11:41:00,1673.51,1673.53,1673.51,1673.53,0.0,22.25,36708.01,1
2024-12-08,2024-12-08 11:42:00,1673.53,1673.55,1673.53,1673.55,0.0,22.25,36708.01,1
2024-12-08,2024-12-08 11:43:00,1673.55,1673.57,1673.55,1673.57,0.0,22.25,36708.01,1
2024-12-08,2024-12-08 11:44:00,1673.57,1673.59,1673.57,1673.59,0.0,22.25,36708.01,1
2024-12-08,2024-12-08 11:45:00,1673.59,1673.62,1673.59,1673.62,0.0,22.25,36708.01,1
2024-12-08,2024-12-08 11:46:00,1673.62,1673.64,1673.62,1673.64,0.0,22.25,36708.01,1
2024-12-08,2024-12-08 11:47:00,1673.64,1673.66,1673.64,1673.66,0.0,22.25,36708.01,1
2024-12-08,2024-12-08 11:48:00,1673.66,1673.68,1673.66,1673.68,0.0,22.25,36708.01,1
2024-12-08,2024-12-08 11:49:00,1673.68,1673.7,1673.68,1673.7,0.0,22.25,36708.01,1
2024-12-08,2024-12-08 11:50:00,1673.7,1673.73,1673.7,1673.73,0.0,22.25,36708.01,1
2024-12-08,2024-12-08 11:51:00,1673.73,1673.75,1673.73,1673.75,0.0,22.25,36708.01,1
2024-12-08,2024-12-08 11:52:00,1673.75,1673.77,1673.75,1673.77,0.0,22.25,36708.01,1
2024-12-08,2024-12-08 11:53:00,1673.77,1673.79,1673.77,1673.79,0.0,22.25,36708.01,1
2024-12-08,2024-12-08 11:54:00,1673.79,1673.81,1673.79,1673.81,0.0,22.25,36708.01,1
2024-12-08,2024-12-08 11:55:00,1673.81,1673.84,1673.81,1673.84,0.0,22.25,36708.01,1
2024-12-08,2024-12-08 11:56:00,1673.84,1673.86,1673.84,1673.86,0.0,22.25,36708.01,1
2024-12-08,2024-12-08 11:57:00,1673.86,1673.88,1673.86,1673.88,0.0,22.25,36708.01,1
2024-12-08,2024-12-08 11:58:00,1673.88,1673.9,1673.88,1673.9,0.0,22.25,36708.01,1
2024-12-08,2024-12-08 11:59:00,1673.9,1673.92,1673.9,1673.92,0.0,22.25,36708.01,1
2024-12-08,2024-12-08 12:00:00,1673.92,1673.95,1673.92,1673.95,0.0,22.25,36708.01,1
2024-12-08,2024-12-08 12:01:00,1673.95,1673.97,1673.95,1673.97,0.0,22.25,36708.01,1
2024-12-08,2024-12-08 12:02:00,1673.97,1673.99,1673.97,1673.99,0.0,22.25,36708.01,1
2024-12-08,2024-12-08 12:03:00,1673.99,1674.01,1673.99,1674.01,0.0,22.25,36708.01,1
2024-12-08,2024-12-08 12:04:00,1674.01,1674.04,1674.01,1674.04,0.0,22.25,36708.01,1
2024-12-08,2024-12-08 12:05:00,1674.04,1674.06,1674.04,1674.06,0.0,22.25,36708.01,1
2024-12-08,2024-12-08 12:06:00,1674.06,1674.08,1674.06,1674.08,0.0,22.25,36708.01,1
2024-12-08,2024-12-08 12:07:00,1674.08,1674.1,1674.08,1674.1,0.0,22.25,36708.01,1
2024-12-08,2024-12-08 12:08:00,1674.1,1674.12,1674.1,1674.12,0.0,22.25,36708.01,1
2024-12-08,2024-12-08 12:09:00,1674.12,1674.15,1674.12,1674.15,0.0,22.25,36708.01,1
2024-12-08,2024-12-08 12:10:00,1674.15,1674.17,1674.15,1674.17,0.0,22.25,36708.01,1
2024-12-08,2024-12-08 12:11:00,1674.17,1674.19,1674.17,1674.19,0.0,22.25,36708.01,1
2024-12-08,2024-12-08 12:12:00,1674.19,1674.21,1674.19,1674.21,0.0,22.25,36708.01,1
2024-12-08,2024-12-08 12:13:00,1674.21,1674.23,1674.21,1674.23,0.0,22.25,36708.01,1
2024-12-08,2024-12-08 12:14:00,1674.23,1674.26,1674.23,1674.26,0.0,22.25,36708.01,1
2024-12-08,2024-12-08 12:15:00,1674.26,1674.28,1674.26,1674.28,0.0,22.25,36708.01,1
2024-12-08,2024-12-08 12:16:00,1674.28,1674.3,1674.28,1674.3,0.0,22.25,36708.01,1
2024-12-08,2024-12-08 12:17:00,1674.3,1674.32,1674.3,1674.32,0.0,22.25,36708.01,1
2024-12-08,2024-12-08 12:18:00,1674.32,1674.34,1674.32,1674.34,0.0,22.25,36708.01,1
2024-12-08,2024-12-08 12:19:00,1674.34,1674.37,1674.34,1674.37,0.0,22.25,36708.01,1
2024-12-08,2024-12-08 12:20:00,1674.37,1674.39,1674.37,1674.39,0.0,22.25,36708.01,1
2024-12-08,2024-12-08 12:21:00,1674.39,1674.41,1674.39,1674.41,0.0,22.25,36708.01,1
2024-12-08,2024-12-08 12:22:00,1674.41,1674.43,1674.41,1674.43,0.0,22.25,36708.01,1
2024-12-08,2024-12-08 12:23:00,1674.43,1674.45,1674.43,1674.45,0.0,22.25,36708.01,1
2024-12-08,2024-12-08 12:24:00,1674.45,1674.48,1674.45,1674.48,0.0,22.25,36708.01,1
2024-12-08,2024-12-08 12:25:00,1674.48,1674.5,1674.48,1674.5,0.0,22.25,36708.01,1
2024-12-08,2024-12-08 12:26:00,1674.5,1674.52,1674.5,1674.52,0.0,22.25,36708.01,1
2024-12-08,2024-12-08 12:27:00,1674.52,1674.54,1674.52,1674.54,0.0,22.25,36708.01,1
2024-12-08,2024-12-08 12:28:00,1674.54,1674.57,1674.54,1674.57,0.0,22.25,36708.01,1
2024-12-08,2024-12-08 12:29:00,1674.57,1674.59,1674.57,1674.59,0.0,22.25,36708.01,1
2024-12-08,2024-12-08 12:30:00,1674.59,1674.61,1674.59,1674.61,0.0,22.25,36708.01,1
2024-12-08,2024-12-08 12:31:00,1674.61,1674.63,1674.61,1674.63,0.0,22.25,36708.01,1
2024-12-08,2024-12-08 12:32:00,1674.63,1674.65,1674.63,1674.65,0.0,22.25,36708.01,1
2024-12-08,2024-12-08 12:33:00,1674.65,1674.68,1674.65,1674.68,0.0,22.25,36708.01,1
2024-12-08,2024-12-08 12:34:00,1674.68,1674.7,1674.68,1674.7,0.0,22.25,36708.01,1
2024-12-08,2024-12-08 12:35:00,1674.7,1674.72,1674.7,1674.72,0.0,22.25,36708.01,1
2024-12-08,2024-12-08 12:36:00,1674.72,1674.74,1674.72,1674.74,0.0,22.25,36708.01,1
2024-12-08,2024-12-08 12:37:00,1674.74,1674.76,1674.74,1674.76,0.0,22.25,36708.01,1
2024-12-08,2024-12-08 12:38:00,1674.76,1674.79,1674.76,1674.79,0.0,22.25,36708.01,1
2024-12-08,2024-12-08 12:39:00,1674.79,1674.81,1674.79,1674.81,0.0,22.25,36708.01,1
2024-12-08,2024-12-08 12:40:00,1674.81,1674.83,1674.81,1674.83,0.0,22.25,36708.01,1
2024-12-08,2024-12-08 12:41:00,1674.83,1674.85,1674.83,1674.85,0.0,22.25,36708.01,1
2024-12-08,2024-12-08 12:42:00,1674.85,1674.87,1674.85,1674.87,0.0,22.25,36708.01,1
2024-12-08,2024-12-08 12:43:00,1674.87,1674.9,1674.87,1674.9,0.0,22.25,36708.01,1
2024-12-08,2024-12-08 12:44:00,1674.9,1674.92,1674.9,1674.92,0.0,22.25,36708.01,1
2024-12-08,2024-12-08 12:45:00,1674.92,1674.94,1674.92,1674.94,0.0,22.25,36708.01,1
2024-12-08,2024-12-08 12:46:00,1674.94,1674.96,1674.94,1674.96,0.0,22.25,36708.01,1
2024-12-08,2024-12-08 12:47:00,1674.96,1674.98,1674.96,1674.98,0.0,22.25,36708.01,1
2024-12-08,2024-12-08 12:48:00,1674.98,1675.01,1674.98,1675.01,0.0,22.25,36708.01,1
2024-12-08,2024-12-08 12:49:00,1675.01,1675.03,1675.01,1675.03,0.0,22.25,36708.01,1
2024-12-08,2024-12-08 12:50:00,1675.03,1675.05,1675.03,1675.05,0.0,22.25,36708.01,1
2024-12-08,2024-12-08 12:51:00,1675.05,1675.07,1675.05,1675.07,0.0,22.25,36708.01,1
2024-12-08,2024-12-08 12:52:00,1675.07,1675.1,1675.07,1675.1,0.0,22.25,36708.01,1
2024-12-08,2024-12-08 12:53:00,1675.1,1675.12,1675.1,1675.12,0.0,22.25,36708.01,1
2024-12-08,2024-12-08 12:54:00,1675.12,1675.14,1675.12,1675.14,0.0,22.25,36708.01,1
2024-12-08,2024-12-08 12:55:00,1675.14,1675.16,1675.14,1675.16,0.0,22.25,36708.01,1
2024-12-08,2024-12-08 12:56:00,1675.16,1675.18,1675.16,1675.18,0.0,22.25,36708.01,1
2024-12-08,2024-12-08 12:57:00,1675.18,1675.21,1675.18,1675.21,0.0,22.25,36708.01,1
2024-12-08,2024-12-08 12:58:00,1675.21,1675.23,1675.21,1675.23,0.0,22.25,36708.01,1
2024-12-08,2024-12-08 12:59:00,1675.23,1675.25,1675.23,1675.25,0.0,22.25,36708.01,1
2024-12-08,2024-12-08 13:00:00,1675.25,1701.0,1589.8,1675.27,0.0,22.25,36708.01,1
2024-12-08,2024-12-08 13:01:00,1675.27,1675.29,1675.27,1675.29,0.0,22.25,36708.01,1
2024-12-08,2024-12-08 13:02:00,1675.29,1675.32,1675.29,1675.32,0.0,22.25,36708.01,1
2024-12-08,2024-12-08 13:03:00,1675.32,1675.34,1675.32,1675.34,0.0,22.25,36708.01,1
2024-12-08,2024-12-08 13:04:00,1675.34,1675.36,1675.34,1675.36,0.0,22.25,36708.01,1
2024-12-08,2024-12-08 13:05:00,1675.36,1675.38,1675.36,1675.38,0.0,22.25,36708.01,1
2024-12-08,2024-12-08 13:06:00,1675.38,1675.4,1675.38,1675.4,0.0,22.25,36708.01,1
2024-12-08,2024-12-08 13:07:00,1675.4,1675.43,1675.4,1675.43,0.0,22.25,36708.01,1
2024-12-08,2024-12-08 13:08:00,1675.43,1675.45,1675.43,1675.45,0.0,22.25,36708.01,1
2024-12-08,2024-12-08 13:09:00,1675.45,1675.47,1675.45,1675.47,0.0,22.25,36708.01,1
2024-12-08,2024-12-08 13:10:00,1675.47,1675.49,1675.47,1675.49,0.0,22.25,36708.01,1
2024-12-08,2024-12-08 13:11:00,1675.49,1675.52,1675.49,1675.52,0.0,22.25,36708.01,1
2024-12-08,2024-12-08 13:12:00,1675.52,1675.54,1675.52,1675.54,0.0,22.25,36708.01,1
2024-12-08,2024-12-08 13:13:00,1675.54,1675.56,1675.54,1675.56,0.0,22.25,36708.01,1
2024-12-08,2024-12-08 13:14:00,1675.56,1675.58,1675.56,1675.58,0.0,22.25,36708.01,1
2024-12-08,2024-12-08 13:15:00,1675.58,1675.6,1675.58,1675.6,0.0,22.25,36708.01,1
2024-12-08,2024-12-08 13:16:00,1675.6,1675.63,1675.6,1675.63,0.0,22.25,36708.01,1
2024-12-08,2024-12-08 13:17:00,1675.63,1675.65,1675.63,1675.65,0.0,22.25,36708.01,1
2024-12-08,2024-12-08 13:18:00,1675.65,1675.67,1675.65,1675.67,0.0,22.25,36708.01,1
2024-12-08,2024-12-08 13:19:00,1675.67,1675.69,1675.67,1675.69,0.0,22.25,36708.01,1
2024-12-08,2024-12-08 13:20:00,1675.69,1675.71,1675.69,1675.71,0.0,22.25,36708.01,1
2024-12-08,2024-12-08 13:21:00,1675.71,1675.74,1675.71,1675.74,0.0,22.25,36708.01,1
2024-12-08,2024-12-08 13:22:00,1675.74,1675.76,1675.74,1675.76,0.0,22.25,36708.01,1
2024-12-08,2024-12-08 13:23:00,1675.76,1675.78,1675.76,1675.78,0.0,22.25,36708.01,1
2024-12-08,2024-12-08 13:24:00,1675.78,1675.8,1675.78,1675.8,0.0,22.25,36708.01,1
2024-12-08,2024-12-08 13:25:00,1675.8,1675.82,1675.8,1675.82,0.0,22.25,36708.01,1
2024-12-08,2024-12-08 13:26:00,1675.82,1675.85,1675.82,1675.85,0.0,22.25,36708.01,1
2024-12-08,2024-12-08 13:27:00,1675.85,1675.87,1675.85,1675.87,0.0,22.25,36708.01,1
2024-12-08,2024-12-08 13:28:00,1675.87,1675.89,1675.87,1675.89,0.0,22.25,36708.01,1
2024-12-08,2024-12-08 13:29:00,1675.89,1675.91,1675.89,1675.91,0.0,22.25,36708.01,1
2024-12-08,2024-12-08 13:30:00,1675.91,1675.93,1675.91,1675.93,0.0,22.25,36708.01,1
2024-12-08,2024-12-08 13:31:00,1675.93,1675.96,1675.93,1675.96,0.0,22.25,36708.01,1
2024-12-08,2024-12-08 13:32:00,1675.96,1675.98,1675.96,1675.98,0.0,22.25,36708.01,1
2024-12-08,2024-12-08 13:33:00,1675.98,1676.0,1675.98,1676.0,0.0,22.25,36708.01,1
2024-12-08,2024-12-08 13:34:00,1676.0,1676.02,1676.0,1676.02,0.0,22.25,36708.01,1
2024-12-08,2024-12-08 13:35:00,1676.02,1676.05,1676.02,1676.05,0.0,22.25,36708.01,1
2024-12-08,2024-12-08 13:36:00,1676.05,1676.07,1676.05,1676.07,0.0,22.25,36708.01,1
2024-12-08,2024-12-08 13:37:00,1676.07,1676.09,1676.07,1676.09,0.0,22.25,36708.01,1
2024-12-08,2024-12-08 13:38:00,1676.09,1676.11,1676.09,1676.11,0.0,22.25,36708.01,1
2024-12-08,2024-12-08 13:39:00,1676.11,1676.13,1676.11,1676.13,0.0,22.25,36708.01,1
2024-12-08,2024-12-08 13:40:00,1676.13,1676.16,1676.13,1676.16,0.0,22.25,36708.01,1
2024-12-08,2024-12-08 13:41:00,1676.16,1676.18,1676.16,1676.18,0.0,22.25,36708.01,1
2024-12-08,2024-12-08 13:42:00,1676.18,1676.2,1676.18,1676.2,0.0,22.25,36708.01,1
2024-12-08,2024-12-08 13:43:00,1676.2,1676.22,1676.2,1676.22,0.0,22.25,36708.01,1
2024-12-08,2024-12-08 13:44:00,1676.22,1676.24,1676.22,1676.24,0.0,22.25,36708.01,1
2024-12-08,2024-12-08 13:45:00,1676.24,1676.27,1676.24,1676.27,0.0,22.25,36708.01,1
2024-12-08,2024-12-08 13:46:00,1676.27,1676.29,1676.27,1676.29,0.0,22.25,36708.01,1
2024-12-08,2024-12-08 13:47:00,1676.29,1676.31,1676.29,1676.31,0.0,22.25,36708.01,1
2024-12-08,2024-12-08 13:48:00,1676.31,1676.33,1676.31,1676.33,0.0,22.25,36708.01,1
2024-12-08,2024-12-08 13:49:00,1676.33,1676.35,1676.33,1676.35,0.0,22.25,36708.01,1
2024-12-08,2024-12-08 13:50:00,1676.35,1676.38,1676.35,1676.38,0.0,22.25,36708.01,1
2024-12-08,2024-12-08 13:51:00,1676.38,1676.4,1676.38,1676.4,0.0,22.25,36708.01,1
2024-12-08,2024-12-08 13:52:00,1676.4,1676.42,1676.4,1676.42,0.0,22.25,36708.01,1
2024-12-08,2024-12-08 13:53:00,1676.42,1676.44,1676.42,1676.44,0.0,22.25,36708.01,1
2024-12-08,2024-12-08 13:54:00,1676.44,1676.46,1676.44,1676.46,0.0,22.25,36708.01,1
2024-12-08,2024-12-08 13:55:00,1676.46,1676.49,1676.46,1676.49,0.0,22.25,36708.01,1
2024-12-08,2024-12-08 13:56:00,1676.49,1676.51,1676.49,1676.51,0.0,22.25,36708.01,1
2024-12-08,2024-12-08 13:57:00,1676.51,1676.53,1676.51,1676.53,0.0,22.25,36708.01,1
2024-12-08,2024-12-08 13:58:00,1676.53,1676.55,1676.53,1676.55,0.0,22.25,36708.01,1
2024-12-08,2024-12-08 13:59:00,1676.55,1676.58,1676.55,1676.58,0.0,22.25,36708.01,1
2024-12-08,2024-12-08 14:00:00,1676.58,1676.6,1676.58,1676.6,0.0,22.25,36708.01,1
2024-12-08,2024-12-08 14:01:00,1676.6,1676.62,1676.6,1676.62,0.0,22.25,36708.01,1
2024-12-08,2024-12-08 14:02:00,1676.62,1676.64,1676.62,1676.64,0.0,22.25,36708.01,1
2024-12-08,2024-12-08 14:03:00,1676.64,1676.66,1676.64,1676.66,0.0,22.25,36708.01,1
2024-12-08,2024-12-08 14:04:00,1676.66,1676.69,1676.66,1676.69,0.0,22.25,36708.01,1
2024-12-08,2024-12-08 14:05:00,1676.69,1676.71,1676.69,1676.71,0.0,22.25,36708.01,1
2024-12-08,2024-12-08 14:06:00,1676.71,1676.73,1676.71,1676.73,0.0,22.25,36708.01,1
2024-12-08,2024-12-08 14:07:00,1676.73,1676.75,1676.73,1676.75,0.0,22.25,36708.01,1
2024-12-08,2024-12-08 14:08:00,1676.75,1676.77,1676.75,1676.77,0.0,22.25,36708.01,1
2024-12-08,2024-12-08 14:09:00,1676.77,1676.8,1676.77,1676.8,0.0,22.25,36708.01,1
2024-12-08,2024-12-08 14:10:00,1676.8,1676.82,1676.8,1676.82,0.0,22.25,36708.01,1
2024-12-08,2024-12-08 14:11:00,1676.82,1676.84,1676.82,1676.84,0.0,22.25,36708.01,1
2024-12-08,2024-12-08 14:12:00,1676.84,1676.86,1676.84,1676.86,0.0,22.25,36708.01,1
2024-12-08,2024-12-08 14:13:00,1676.86,1676.88,1676.86,1676.88,0.0,22.25,36708.01,1
2024-12-08,2024-12-08 14:14:00,1676.88,1676.91,1676.88,1676.91,0.0,22.25,36708.01,1
2024-12-08,2024-12-08 14:15:00,1676.91,1676.93,1676.91,1676.93,0.0,22.25,36708.01,1
2024-12-08,2024-12-08 14:16:00,1676.93,1676.95,1676.93,1676.95,0.0,22.25,36708.01,1
2024-12-08,2024-12-08 14:17:00,1676.95,1676.97,1676.95,1676.97,0.0,22.25,36708.01,1
2024-12-08,2024-12-08 14:18:00,1676.97,1676.99,1676.97,1676.99,0.0,22.25,36708.01,1
2024-12-08,2024-12-08 14:19:00,1676.99,1677.02,1676.99,1677.02,0.0,22.25,36708.01,1
2024-12-08,2024-12-08 14:20:00,1677.02,1677.04,1677.02,1677.04,0.0,22.25,36708.01,1
2024-12-08,2024-12-08 14:21:00,1677.04,1677.06,1677.04,1677.06,0.0,22.25,36708.01,1
2024-12-08,2024-12-08 14:22:00,1677.06,1677.08,1677.06,1677.08,0.0,22.25,36708.01,1
2024-12-08,2024-12-08 14:23:00,1677.08,1677.11,1677.08,1677.11,0.0,22.25,36708.01,1
2024-12-08,2024-12-08 14:24:00,1677.11,1677.13,1677.11,1677.13,0.0,22.25,36708.01,1
2024-12-08,2024-12-08 14:25:00,1677.13,1677.15,1677.13,1677.15,0.0,22.25,36708.01,1
2024-12-08,2024-12-08 14:26:00,1677.15,1677.17,1677.15,1677.17,0.0,22.25,36708.01,1
2024-12-08,2024-12-08 14:27:00,1677.17,1677.19,1677.17,1677.19,0.0,22.25,36708.01,1
2024-12-08,2024-12-08 14:28:00,1677.19,1677.22,1677.19,1677.22,0.0,22.25,36708.01,1
2024-12-08,2024-12-08 14:29:00,1677.22,1677.24,1677.22,1677.24,0.0,22.25,36708.01,1
2024-12-08,2024-12-08 14:30:00,1677.24,1677.26,1677.24,1677.26,0.0,22.25,36708.01,1
2024-12-08,2024-12-08 14:31:00,1677.26,1677.28,1677.26,1677.28,0.0,22.25,36708.01,1
2024-12-08,2024-12-08 14:32:00,1677.28,1677.3,1677.28,1677.3,0.0,22.25,36708.01,1
2024-12-08,2024-12-08 14:33:00,1677.3,1677.33,1677.3,1677.33,0.0,22.25,36708.01,1
2024-12-08,2024-12-08 14:34:00,1677.33,1677.35,1677.33,1677.35,0.0,22.25,36708.01,1
2024-12-08,2024-12-08 14:35:00,1677.35,1677.37,1677.35,1677.37,0.0,22.25,36708.01,1
2024-12-08,2024-12-08 14:36:00,1677.37,1677.39,1677.37,1677.39,0.0,22.25,36708.01,1
2024-12-08,2024-12-08 14:37:00,1677.39,1677.41,1677.39,1677.41,0.0,22.25,36708.01,1
2024-12-08,2024-12-08 14:38:00,1677.41,1677.44,1677.41,1677.44,0.0,22.25,36708.01,1
2024-12-08,2024-12-08 14:39:00,1677.44,1677.46,1677.44,1677.46,0.0,22.25,36708.01,1
2024-12-08,2024-12-08 14:40:00,1677.46,1677.48,1677.46,1677.48,0.0,22.25,36708.01,1
2024-12-08,2024-12-08 14:41:00,1677.48,1677.5,1677.48,1677.5,0.0,22.25,36708.01,1
2024-12-08,2024-12-08 14:42:00,1677.5,1677.52,1677.5,1677.52,0.0,22.25,36708.01,1
2024-12-08,2024-12-08 14:43:00,1677.52,1677.55,1677.52,1677.55,0.0,22.25,36708.01,1
2024-12-08,2024-12-08 14:44:00,1677.55,1677.57,1677.55,1677.57,0.0,22.25,36708.01,1
2024-12-08,2024-12-08 14:45:00,1677.57,1677.59,1677.57,1677.59,0.0,22.25,36708.01,1
2024-12-08,2024-12-08 14:46:00,1677.59,1677.61,1677.59,1677.61,0.0,22.25,36708.01,1
2024-12-08,2024-12-08 14:47:00,1677.61,1677.63,1677.61,1677.63,0.0,22.25,36708.01,1
2024-12-08,2024-12-08 14:48:00,1677.63,1677.66,1677.63,1677.66,0.0,22.25,36708.01,1
2024-12-08,2024-12-08 14:49:00,1677.66,1677.68,1677.66,1677.68,0.0,22.25,36708.01,1
2024-12-08,2024-12-08 14:50:00,1677.68,1677.7,1677.68,1677.7,0.0,22.25,36708.01,1
2024-12-08,2024-12-08 14:51:00,1677.7,1677.72,1677.7,1677.72,0.0,22.25,36708.01,1
2024-12-08,2024-12-08 14:52:00,1677.72,1677.75,1677.72,1677.75,0.0,22.25,36708.01,1
2024-12-08,2024-12-08 14:53:00,1677.75,1677.77,1677.75,1677.77,0.0,22.25,36708.01,1
2024-12-08,2024-12-08 14:54:00,1677.77,1677.79,1677.77,1677.79,0.0,22.25,36708.01,1
2024-12-08,2024-12-08 14:55:00,1677.79,1677.81,1677.79,1677.81,0.0,22.25,36708.01,1
2024-12-08,2024-12-08 14:56:00,1677.81,1677.83,1677.81,1677.83,0.0,22.25,36708.01,1
2024-12-08,2024-12-08 14:57:00,1677.83,1677.86,1677.83,1677.86,0.0,22.25,36708.01,1
2024-12-08,2024-12-08 14:58:00,1677.86,1677.88,1677.86,1677.88,0.0,22.25,36708.01,1
2024-12-08,2024-12-08 14:59:00,1677.88,1677.9,1677.88,1677.9,0.0,22.25,36708.01,1
2024-12-08,2024-12-08 15:00:00,1677.9,1701.0,1589.8,1677.9,0.0,22.25,36708.01,0
2024-12-09,2024-12-09 11:00:00,1647.0,1659.9,1630.8,1646.98,-0.0,32.96,53241.04,-1
2024-12-09,2024-12-09 11:01:00,1646.98,1646.98,1646.97,1646.97,-0.0,32.96,53241.04,-1
2024-12-09,2024-12-09 11:02:00,1646.97,1646.97,1646.95,1646.95,-0.0,32.96,53241.04,-1
2024-12-09,2024-12-09 11:03:00,1646.95,1646.95,1646.93,1646.93,-0.0,32.96,53241.04,-1
2024-12-09,2024-12-09 11:04:00,1646.93,1646.93,1646.92,1646.92,-0.0,32.96,53241.04,-1
2024-12-09,2024-12-09 11:05:00,1646.92,1646.92,1646.9,1646.9,-0.0,32.96,53241.04,-1
2024-12-09,2024-12-09 11:06:00,1646.9,1646.9,1646.88,1646.88,-0.0,32.96,53241.04,-1
2024-12-09,2024-12-09 11:07:00,1646.88,1646.88,1646.87,1646.87,-0.0,32.96,53241.04,-1
2024-12-09,2024-12-09 11:08:00,1646.87,1646.87,1646.85,1646.85,-0.0,32.96,53241.04,-1
2024-12-09,2024-12-09 11:09:00,1646.85,1646.85,1646.83,1646.83,-0.0,32.96,53241.04,-1
2024-12-09,2024-12-09 11:10:00,1646.83,1646.83,1646.82,1646.82,-0.0,32.96,53241.04,-1
2024-12-09,2024-12-09 11:11:00,1646.82,1646.82,1646.8,1646.8,-0.0,32.96,53241.04,-1
2024-12-09,2024-12-09 11:12:00,1646.8,1646.8,1646.78,1646.78,-0.0,32.96,53241.04,-1
2024-12-09,2024-12-09 11:13:00,1646.78,1646.78,1646.77,1646.77,-0.0,32.96,53241.04,-1
2024-12-09,2024-12-09 11:14:00,1646.77,1646.77,1646.75,1646.75,-0.0,32.96,53241.04,-1
2024-12-09,2024-12-09 11:15:00,1646.75,1646.75,1646.73,1646.73,-0.0,32.96,53241.04,-1
2024-12-09,2024-12-09 11:16:00,1646.73,1646.73,1646.72,1646.72,-0.0,32.96,53241.04,-1
2024-12-09,2024-12-09 11:17:00,1646.72,1646.72,1646.7,1646.7,-0.0,32.96,53241.04,-1
2024-12-09,2024-12-09 11:18:00,1646.7,1646.7,1646.68,1646.68,-0.0,32.96,53241.04,-1
2024-12-09,2024-12-09 11:19:00,1646.68,1646.68,1646.67,1646.67,-0.0,32.96,53241.04,-1
2024-12-09,2024-12-09 11:20:00,1646.67,1646.67,1646.65,1646.65,-0.0,32.96,53241.04,-1
2024-12-09,2024-12-09 11:21:00,1646.65,1646.65,1646.63,1646.63,-0.0,32.96,53241.04,-1
2024-12-09,2024-12-09 11:22:00,1646.63,1646.63,1646.62,1646.62,-0.0,32.96,53241.04,-1
2024-12-09,2024-12-09 11:23:00,1646.62,1646.62,1646.6,1646.6,-0.0,32.96,53241.04,-1
2024-12-09,2024-12-09 11:24:00,1646.6,1646.6,1646.58,1646.58,-0.0,32.96,53241.04,-1
2024-12-09,2024-12-09 11:25:00,1646.58,1646.58,1646.57,1646.57,-0.0,32.96,53241.04,-1
2024-12-09,2024-12-09 11:26:00,1646.57,1646.57,1646.55,1646.55,-0.0,32.96,53241.04,-1
2024-12-09,2024-12-09 11:27:00,1646.55,1646.55,1646.53,1646.53,-0.0,32.96,53241.04,-1
2024-12-09,2024-12-09 11:28:00,1646.53,1646.53,1646.52,1646.52,-0.0,32.96,53241.04,-1
2024-12-09,2024-12-09 11:29:00,1646.52,1646.52,1646.5,1646.5,-0.0,32.96,53241.04,-1
2024-12-09,2024-12-09 11:30:00,1646.5,1646.5,1646.48,1646.48,-0.0,32.96,53241.04,-1
2024-12-09,2024-12-09 11:31:00,1646.48,1646.48,1646.47,1646.47,-0.0,32.96,53241.04,-1
2024-12-09,2024-12-09 11:32:00,1646.47,1646.47,1646.45,1646.45,-0.0,32.96,53241.04,-1
2024-12-09,2024-12-09 11:33:00,1646.45,1646.45,1646.43,1646.43,-0.0,32.96,53241.04,-1
2024-12-09,2024-12-09 11:34:00,1646.43,1646.43,1646.42,1646.42,-0.0,32.96,53241.04,-1
2024-12-09,2024-12-09 11:35:00,1646.42,1646.42,1646.4,1646.4,-0.0,32.96,53241.04,-1
2024-12-09,2024-12-09 11:36:00,1646.4,1646.4,1646.38,1646.38,-0.0,32.96,53241.04,-1
2024-12-09,2024-12-09 11:37:00,1646.38,1646.38,1646.37,1646.37,-0.0,32.96,53241.04,-1
2024-12-09,2024-12-09 11:38:00,1646.37,1646.37,1646.35,1646.35,-0.0,32.96,53241.04,-1
2024-12-09,2024-12-09 11:39:00,1646.35,1646.35,1646.33,1646.33,-0.0,32.96,53241.04,-1
2024-12-09,2024-12-09 11:40:00,1646.33,1646.33,1646.32,1646.32,-0.0,32.96,53241.04,-1
2024-12-09,2024-12-09 11:41:00,1646.32,1646.32,1646.3,1646.3,-0.0,32.96,53241.04,-1
2024-12-09,2024-12-09 11:42:00,1646.3,1646.3,1646.28,1646.28,-0.0,32.96,53241.04,-1
2024-12-09,2024-12-09 11:43:00,1646.28,1646.28,1646.27,1646.27,-0.0,32.96,53241.04,-1
2024-12-09,2024-12-09 11:44:00,1646.27,1646.27,1646.25,1646.25,-0.0,32.96,53241.04,-1
2024-12-09,2024-12-09 11:45:00,1646.25,1646.25,1646.23,1646.23,-0.0,32.96,53241.04,-1
2024-12-09,2024-12-09 11:46:00,1646.23,1646.23,1646.22,1646.22,-0.0,32.96,53241.04,-1
2024-12-09,2024-12-09 11:47:00,1646.22,1646.22,1646.2,1646.2,-0.0,32.96,53241.04,-1
2024-12-09,2024-12-09 11:48:00,1646.2,1646.2,1646.18,1646.18,-0.0,32.96,53241.04,-1
2024-12-09,2024-12-09 11:49:00,1646.18,1646.18,1646.17,1646.17,-0.0,32.96,53241.04,-1
2024-12-09,2024-12-09 11:50:00,1646.17,1646.17,1646.15,1646.15,-0.0,32.96,53241.04,-1
2024-12-09,2024-12-09 11:51:00,1646.15,1646.15,1646.13,1646.13,-0.0,32.96,53241.04,-1
2024-12-09,2024-12-09 11:52:00,1646.13,1646.13,1646.12,1646.12,-0.0,32.96,53241.04,-1
2024-12-09,2024-12-09 11:53:00,1646.12,1646.12,1646.1,1646.1,-0.0,32.96,53241.04,-1
2024-12-09,2024-12-09 11:54:00,1646.1,1646.1,1646.08,1646.08,-0.0,32.96,53241.04,-1
2024-12-09,2024-12-09 11:55:00,1646.08,1646.08,1646.07,1646.07,-0.0,32.96,53241.04,-1
2024-12-09,2024-12-09 11:56:00,1646.07,1646.07,1646.05,1646.05,-0.0,32.96,53241.04,-1
2024-12-09,2024-12-09 11:57:00,1646.05,1646.05,1646.03,1646.03,-0.0,32.96,53241.04,-1
2024-12-09,2024-12-09 11:58:00,1646.03,1646.03,1646.02,1646.02,-0.0,32.96,53241.04,-1
2024-12-09,2024-12-09 11:59:00,1646.02,1646.02,1646.0,1646.0,-0.0,32.96,53241.04,-1
2024-12-09,2024-12-09 12:00:00,1646.0,1646.0,1645.98,1645.98,-0.0,32.96,53241.04,-1
2024-12-09,2024-12-09 12:01:00,1645.98,1645.98,1645.97,1645.97,-0.0,32.96,53241.04,-1
2024-12-09,2024-12-09 12:02:00,1645.97,1645.97,1645.95,1645.95,-0.0,32.96,53241.04,-1
2024-12-09,2024-12-09 12:03:00,1645.95,1645.95,1645.93,1645.93,-0.0,32.96,53241.04,-1
2024-12-09,2024-12-09 12:04:00,1645.93,1645.93,1645.92,1645.92,-0.0,32.96,53241.04,-1
2024-12-09,2024-12-09 12:05:00,1645.92,1645.92,1645.9,1645.9,-0.0,32.96,53241.04,-1
2024-12-09,2024-12-09 12:06:00,1645.9,1645.9,1645.88,1645.88,-0.0,32.96,53241.04,-1
2024-12-09,2024-12-09 12:07:00,1645.88,1645.88,1645.87,1645.87,-0.0,32.96,53241.04,-1
2024-12-09,2024-12-09 12:08:00,1645.87,1645.87,1645.85,1645.85,-0.0,32.96,53241.04,-1
2024-12-09,2024-12-09 12:09:00,1645.85,1645.85,1645.83,1645.83,-0.0,32.96,53241.04,-1
2024-12-09,2024-12-09 12:10:00,1645.83,1645.83,1645.82,1645.82,-0.0,32.96,53241.04,-1
2024-12-09,2024-12-09 12:11:00,1645.82,1645.82,1645.8,1645.8,-0.0,32.96,53241.04,-1
2024-12-09,2024-12-09 12:12:00,1645.8,1645.8,1645.78,1645.78,-0.0,32.96,53241.04,-1
2024-12-09,2024-12-09 12:13:00,1645.78,1645.78,1645.77,1645.77,-0.0,32.96,53241.04,-1
2024-12-09,2024-12-09 12:14:00,1645.77,1645.77,1645.75,1645.75,-0.0,32.96,53241.04,-1
2024-12-09,2024-12-09 12:15:00,1645.75,1645.75,1645.73,1645.73,-0.0,32.96,53241.04,-1
2024-12-09,2024-12-09 12:16:00,1645.73,1645.73,1645.72,1645.72,-0.0,32.96,53241.04,-1
2024-12-09,2024-12-09 12:17:00,1645.72,1645.72,1645.7,1645.7,-0.0,32.96,53241.04,-1
2024-12-09,2024-12-09 12:18:00,1645.7,1645.7,1645.68,1645.68,-0.0,32.96,53241.04,-1
2024-12-09,2024-12-09 12:19:00,1645.68,1645.68,1645.67,1645.67,-0.0,32.96,53241.04,-1
2024-12-09,2024-12-09 12:20:00,1645.67,1645.67,1645.65,1645.65,-0.0,32.96,53241.04,-1
2024-12-09,2024-12-09 12:21:00,1645.65,1645.65,1645.63,1645.63,-0.0,32.96,53241.04,-1
2024-12-09,2024-12-09 12:22:00,1645.63,1645.63,1645.62,1645.62,-0.0,32.96,53241.04,-1
2024-12-09,2024-12-09 12:23:00,1645.62,1645.62,1645.6,1645.6,-0.0,32.96,53241.04,-1
2024-12-09,2024-12-09 12:24:00,1645.6,1645.6,1645.58,1645.58,-0.0,32.96,53241.04,-1
2024-12-09,2024-12-09 12:25:00,1645.58,1645.58,1645.57,1645.57,-0.0,32.96,53241.04,-1
2024-12-09,2024-12-09 12:26:00,1645.57,1645.57,1645.55,1645.55,-0.0,32.96,53241.04,-1
2024-12-09,2024-12-09 12:27:00,1645.55,1645.55,1645.53,1645.53,-0.0,32.96,53241.04,-1
2024-12-09,2024-12-09 12:28:00,1645.53,1645.53,1645.52,1645.52,-0.0,32.96,53241.04,-1
2024-12-09,2024-12-09 12:29:00,1645.52,1645.52,1645.5,1645.5,-0.0,32.96,53241.04,-1
2024-12-09,2024-12-09 12:30:00,1645.5,1645.5,1645.48,1645.48,-0.0,32.96,53241.04,-1
2024-12-09,2024-12-09 12:31:00,1645.48,1645.48,1645.47,1645.47,-0.0,32.96,53241.04,-1
2024-12-09,2024-12-09 12:32:00,1645.47,1645.47,1645.45,1645.45,-0.0,32.96,53241.04,-1
2024-12-09,2024-12-09 12:33:00,1645.45,1645.45,1645.43,1645.43,-0.0,32.96,53241.04,-1
2024-12-09,2024-12-09 12:34:00,1645.43,1645.43,1645.42,1645.42,-0.0,32.96,53241.04,-1
2024-12-09,2024-12-09 12:35:00,1645.42,1645.42,1645.4,1645.4,-0.0,32.96,53241.04,-1
2024-12-09,2024-12-09 12:36:00,1645.4,1645.4,1645.38,1645.38,-0.0,32.96,53241.04,-1
2024-12-09,2024-12-09 12:37:00,1645.38,1645.38,1645.37,1645.37,-0.0,32.96,53241.04,-1
2024-12-09,2024-12-09 12:38:00,1645.37,1645.37,1645.35,1645.35,-0.0,32.96,53241.04,-1
2024-12-09,2024-12-09 12:39:00,1645.35,1645.35,1645.33,1645.33,-0.0,32.96,53241.04,-1
2024-12-09,2024-12-09 12:40:00,1645.33,1645.33,1645.32,1645.32,-0.0,32.96,53241.04,-1
2024-12-09,2024-12-09 12:41:00,1645.32,1645.32,1645.3,1645.3,-0.0,32.96,53241.04,-1
2024-12-09,2024-12-09 12:42:00,1645.3,1645.3,1645.28,1645.28,-0.0,32.96,53241.04,-1
2024-12-09,2024-12-09 12:43:00,1645.28,1645.28,1645.27,1645.27,-0.0,32.96,53241.04,-1
2024-12-09,2024-12-09 12:44:00,1645.27,1645.27,1645.25,1645.25,-0.0,32.96,53241.04,-1
2024-12-09,2024-12-09 12:45:00,1645.25,1645.25,1645.23,1645.23,-0.0,32.96,53241.04,-1
2024-12-09,2024-12-09 12:46:00,1645.23,1645.23,1645.22,1645.22,-0.0,32.96,53241.04,-1
2024-12-09,2024-12-09 12:47:00,1645.22,1645.22,1645.2,1645.2,-0.0,32.96,53241.04,-1
2024-12-09,2024-12-09 12:48:00,1645.2,1645.2,1645.18,1645.18,-0.0,32.96,53241.04,-1
2024-12-09,2024-12-09 12:49:00,1645.18,1645.18,1645.17,1645.17,-0.0,32.96,53241.04,-1
2024-12-09,2024-12-09 12:50:00,1645.17,1645.17,1645.15,1645.15,-0.0,32.96,53241.04,-1
2024-12-09,2024-12-09 12:51:00,1645.15,1645.15,1645.13,1645.13,-0.0,32.96,53241.04,-1
2024-12-09,2024-12-09 12:52:00,1645.13,1645.13,1645.12,1645.12,-0.0,32.96,53241.04,-1
2024-12-09,2024-12-09 12:53:00,1645.12,1645.12,1645.1,1645.1,-0.0,32.96,53241.04,-1
2024-12-09,2024-12-09 12:54:00,1645.1,1645.1,1645.08,1645.08,-0.0,32.96,53241.04,-1
2024-12-09,2024-12-09 12:55:00,1645.08,1645.08,1645.07,1645.07,-0.0,32.96,53241.04,-1
2024-12-09,2024-12-09 12:56:00,1645.07,1645.07,1645.05,1645.05,-0.0,32.96,53241.04,-1
2024-12-09,2024-12-09 12:57:00,1645.05,1645.05,1645.03,1645.03,-0.0,32.96,53241.04,-1
2024-12-09,2024-12-09 12:58:00,1645.03,1645.03,1645.02,1645.02,-0.0,32.96,53241.04,-1
2024-12-09,2024-12-09 12:59:00,1645.02,1645.02,1645.0,1645.0,-0.0,32.96,53241.04,-1
2024-12-09,2024-12-09 13:00:00,1645.0,1690.0,1593.0,1644.98,-0.0,32.96,53241.04,-1
2024-12-09,2024-12-09 13:01:00,1644.98,1644.98,1644.97,1644.97,-0.0,32.96,53241.04,-1
2024-12-09,2024-12-09 13:02:00,1644.97,1644.97,1644.95,1644.95,-0.0,32.96,53241.04,-1
2024-12-09,2024-12-09 13:03:00,1644.95,1644.95,1644.93,1644.93,-0.0,32.96,53241.04,-1
2024-12-09,2024-12-09 13:04:00,1644.93,1644.93,1644.92,1644.92,-0.0,32.96,53241.04,-1
2024-12-09,2024-12-09 13:05:00,1644.92,1644.92,1644.9,1644.9,-0.0,32.96,53241.04,-1
2024-12-09,2024-12-09 13:06:00,1644.9,1644.9,1644.88,1644.88,-0.0,32.96,53241.04,-1
2024-12-09,2024-12-09 13:07:00,1644.88,1644.88,1644.87,1644.87,-0.0,32.96,53241.04,-1
2024-12-09,2024-12-09 13:08:00,1644.87,1644.87,1644.85,1644.85,-0.0,32.96,53241.04,-1
2024-12-09,2024-12-09 13:09:00,1644.85,1644.85,1644.83,1644.83,-0.0,32.96,53241.04,-1
2024-12-09,2024-12-09 13:10:00,1644.83,1644.83,1644.82,1644.82,-0.0,32.96,53241.04,-1
2024-12-09,2024-12-09 13:11:00,1644.82,1644.82,1644.8,1644.8,-0.0,32.96,53241.04,-1
2024-12-09,2024-12-09 13:12:00,1644.8,1644.8,1644.78,1644.78,-0.0,32.96,53241.04,-1
2024-12-09,2024-12-09 13:13:00,1644.78,1644.78,1644.77,1644.77,-0.0,32.96,53241.04,-1
2024-12-09,2024-12-09 13:14:00,1644.77,1644.77,1644.75,1644.75,-0.0,32.96,53241.04,-1
2024-12-09,2024-12-09 13:15:00,1644.75,1644.75,1644.73,1644.73,-0.0,32.96,53241.04,-1
2024-12-09,2024-12-09 13:16:00,1644.73,1644.73,1644.72,1644.72,-0.0,32.96,53241.04,-1
2024-12-09,2024-12-09 13:17:00,1644.72,1644.72,1644.7,1644.7,-0.0,32.96,53241.04,-1
2024-12-09,2024-12-09 13:18:00,1644.7,1644.7,1644.68,1644.68,-0.0,32.96,53241.04,-1
2024-12-09,2024-12-09 13:19:00,1644.68,1644.68,1644.67,1644.67,-0.0,32.96,53241.04,-1
2024-12-09,2024-12-09 13:20:00,1644.67,1644.67,1644.65,1644.65,-0.0,32.96,53241.04,-1
2024-12-09,2024-12-09 13:21:00,1644.65,1644.65,1644.63,1644.63,-0.0,32.96,53241.04,-1
2024-12-09,2024-12-09 13:22:00,1644.63,1644.63,1644.62,1644.62,-0.0,32.96,53241.04,-1
2024-12-09,2024-12-09 13:23:00,1644.62,1644.62,1644.6,1644.6,-0.0,32.96,53241.04,-1
2024-12-09,2024-12-09 13:24:00,1644.6,1644.6,1644.58,1644.58,-0.0,32.96,53241.04,-1
2024-12-09,2024-12-09 13:25:00,1644.58,1644.58,1644.57,1644.57,-0.0,32.96,53241.04,-1
2024-12-09,2024-12-09 13:26:00,1644.57,1644.57,1644.55,1644.55,-0.0,32.96,53241.04,-1
2024-12-09,2024-12-09 13:27:00,1644.55,1644.55,1644.53,1644.53,-0.0,32.96,53241.04,-1
2024-12-09,2024-12-09 13:28:00,1644.53,1644.53,1644.52,1644.52,-0.0,32.96,53241.04,-1
2024-12-09,2024-12-09 13:29:00,1644.52,1644.52,1644.5,1644.5,-0.0,32.96,53241.04,-1
2024-12-09,2024-12-09 13:30:00,1644.5,1644.5,1644.48,1644.48,-0.0,32.96,53241.04,-1
2024-12-09,2024-12-09 13:31:00,1644.48,1644.48,1644.47,1644.47,-0.0,32.96,53241.04,-1
2024-12-09,2024-12-09 13:32:00,1644.47,1644.47,1644.45,1644.45,-0.0,32.96,53241.04,-1
2024-12-09,2024-12-09 13:33:00,1644.45,1644.45,1644.43,1644.43,-0.0,32.96,53241.04,-1
2024-12-09,2024-12-09 13:34:00,1644.43,1644.43,1644.42,1644.42,-0.0,32.96,53241.04,-1
2024-12-09,2024-12-09 13:35:00,1644.42,1644.42,1644.4,1644.4,-0.0,32.96,53241.04,-1
2024-12-09,2024-12-09 13:36:00,1644.4,1644.4,1644.38,1644.38,-0.0,32.96,53241.04,-1
2024-12-09,2024-12-09 13:37:00,1644.38,1644.38,1644.37,1644.37,-0.0,32.96,53241.04,-1
2024-12-09,2024-12-09 13:38:00,1644.37,1644.37,1644.35,1644.35,-0.0,32.96,53241.04,-1
2024-12-09,2024-12-09 13:39:00,1644.35,1644.35,1644.33,1644.33,-0.0,32.96,53241.04,-1
2024-12-09,2024-12-09 13:40:00,1644.33,1644.33,1644.32,1644.32,-0.0,32.96,53241.04,-1
2024-12-09,2024-12-09 13:41:00,1644.32,1644.32,1644.3,1644.3,-0.0,32.96,53241.04,-1
2024-12-09,2024-12-09 13:42:00,1644.3,1644.3,1644.28,1644.28,-0.0,32.96,53241.04,-1
2024-12-09,2024-12-09 13:43:00,1644.28,1644.28,1644.27,1644.27,-0.0,32.96,53241.04,-1
2024-12-09,2024-12-09 13:44:00,1644.27,1644.27,1644.25,1644.25,-0.0,32.96,53241.04,-1
2024-12-09,2024-12-09 13:45:00,1644.25,1644.25,1644.23,1644.23,-0.0,32.96,53241.04,-1
2024-12-09,2024-12-09 13:46:00,1644.23,1644.23,1644.22,1644.22,-0.0,32.96,53241.04,-1
2024-12-09,2024-12-09 13:47:00,1644.22,1644.22,1644.2,1644.2,-0.0,32.96,53241.04,-1
2024-12-09,2024-12-09 13:48:00,1644.2,1644.2,1644.18,1644.18,-0.0,32.96,53241.04,-1
2024-12-09,2024-12-09 13:49:00,1644.18,1644.18,1644.17,1644.17,-0.0,32.96,53241.04,-1
2024-12-09,2024-12-09 13:50:00,1644.17,1644.17,1644.15,1644.15,-0.0,32.96,53241.04,-1
2024-12-09,2024-12-09 13:51:00,1644.15,1644.15,1644.13,1644.13,-0.0,32.96,53241.04,-1
2024-12-09,2024-12-09 13:52:00,1644.13,1644.13,1644.12,1644.12,-0.0,32.96,53241.04,-1
2024-12-09,2024-12-09 13:53:00,1644.12,1644.12,1644.1,1644.1,-0.0,32.96,53241.04,-1
2024-12-09,2024-12-09 13:54:00,1644.1,1644.1,1644.08,1644.08,-0.0,32.96,53241.04,-1
2024-12-09,2024-12-09 13:55:00,1644.08,1644.08,1644.07,1644.07,-0.0,32.96,53241.04,-1
2024-12-09,2024-12-09 13:56:00,1644.07,1644.07,1644.05,1644.05,-0.0,32.96,53241.04,-1
2024-12-09,2024-12-09 13:57:00,1644.05,1644.05,1644.03,1644.03,-0.0,32.96,53241.04,-1
2024-12-09,2024-12-09 13:58:00,1644.03,1644.03,1644.02,1644.02,-0.0,32.96,53241.04,-1
2024-12-09,2024-12-09 13:59:00,1644.02,1644.02,1644.0,1644.0,-0.0,32.96,53241.04,-1
2024-12-09,2024-12-09 14:00:00,1644.0,1644.0,1643.98,1643.98,-0.0,32.96,53241.04,-1
2024-12-09,2024-12-09 14:01:00,1643.98,1643.98,1643.97,1643.97,-0.0,32.96,53241.04,-1
2024-12-09,2024-12-09 14:02:00,1643.97,1643.97,1643.95,1643.95,-0.0,32.96,53241.04,-1
2024-12-09,2024-12-09 14:03:00,1643.95,1643.95,1643.93,1643.93,-0.0,32.96,53241.04,-1
2024-12-09,2024-12-09 14:04:00,1643.93,1643.93,1643.92,1643.92,-0.0,32.96,53241.04,-1
2024-12-09,2024-12-09 14:05:00,1643.92,1643.92,1643.9,1643.9,-0.0,32.96,53241.04,-1
2024-12-09,2024-12-09 14:06:00,1643.9,1643.9,1643.88,1643.88,-0.0,32.96,53241.04,-1
2024-12-09,2024-12-09 14:07:00,1643.88,1643.88,1643.87,1643.87,-0.0,32.96,53241.04,-1
2024-12-09,2024-12-09 14:08:00,1643.87,1643.87,1643.85,1643.85,-0.0,32.96,53241.04,-1
2024-12-09,2024-12-09 14:09:00,1643.85,1643.85,1643.83,1643.83,-0.0,32.96,53241.04,-1
2024-12-09,2024-12-09 14:10:00,1643.83,1643.83,1643.82,1643.82,-0.0,32.96,53241.04,-1
2024-12-09,2024-12-09 14:11:00,1643.82,1643.82,1643.8,1643.8,-0.0,32.96,53241.04,-1
2024-12-09,2024-12-09 14:12:00,1643.8,1643.8,1643.78,1643.78,-0.0,32.96,53241.04,-1
2024-12-09,2024-12-09 14:13:00,1643.78,1643.78,1643.77,1643.77,-0.0,32.96,53241.04,-1
2024-12-09,2024-12-09 14:14:00,1643.77,1643.77,1643.75,1643.75,-0.0,32.96,53241.04,-1
2024-12-09,2024-12-09 14:15:00,1643.75,1643.75,1643.73,1643.73,-0.0,32.96,53241.04,-1
2024-12-09,2024-12-09 14:16:00,1643.73,1643.73,1643.72,1643.72,-0.0,32.96,53241.04,-1
2024-12-09,2024-12-09 14:17:00,1643.72,1643.72,1643.7,1643.7,-0.0,32.96,53241.04,-1
2024-12-09,2024-12-09 14:18:00,1643.7,1643.7,1643.68,1643.68,-0.0,32.96,53241.04,-1
2024-12-09,2024-12-09 14:19:00,1643.68,1643.68,1643.67,1643.67,-0.0,32.96,53241.04,-1
2024-12-09,2024-12-09 14:20:00,1643.67,1643.67,1643.65,1643.65,-0.0,32.96,53241.04,-1
2024-12-09,2024-12-09 14:21:00,1643.65,1643.65,1643.63,1643.63,-0.0,32.96,53241.04,-1
2024-12-09,2024-12-09 14:22:00,1643.63,1643.63,1643.62,1643.62,-0.0,32.96,53241.04,-1
2024-12-09,2024-12-09 14:23:00,1643.62,1643.62,1643.6,1643.6,-0.0,32.96,53241.04,-1
2024-12-09,2024-12-09 14:24:00,1643.6,1643.6,1643.58,1643.58,-0.0,32.96,53241.04,-1
2024-12-09,2024-12-09 14:25:00,1643.58,1643.58,1643.57,1643.57,-0.0,32.96,53241.04,-1
2024-12-09,2024-12-09 14:26:00,1643.57,1643.57,1643.55,1643.55,-0.0,32.96,53241.04,-1
2024-12-09,2024-12-09 14:27:00,1643.55,1643.55,1643.53,1643.53,-0.0,32.96,53241.04,-1
2024-12-09,2024-12-09 14:28:00,1643.53,1643.53,1643.52,1643.52,-0.0,32.96,53241.04,-1
2024-12-09,2024-12-09 14:29:00,1643.52,1643.52,1643.5,1643.5,-0.0,32.96,53241.04,-1
2024-12-09,2024-12-09 14:30:00,1643.5,1643.5,1643.48,1643.48,-0.0,32.96,53241.04,-1
2024-12-09,2024-12-09 14:31:00,1643.48,1643.48,1643.47,1643.47,-0.0,32.96,53241.04,-1
2024-12-09,2024-12-09 14:32:00,1643.47,1643.47,1643.45,1643.45,-0.0,32.96,53241.04,-1
2024-12-09,2024-12-09 14:33:00,1643.45,1643.45,1643.43,1643.43,-0.0,32.96,53241.04,-1
2024-12-09,2024-12-09 14:34:00,1643.43,1643.43,1643.42,1643.42,-0.0,32.96,53241.04,-1
2024-12-09,2024-12-09 14:35:00,1643.42,1643.42,1643.4,1643.4,-0.0,32.96,53241.04,-1
2024-12-09,2024-12-09 14:36:00,1643.4,1643.4,1643.38,1643.38,-0.0,32.96,53241.04,-1
2024-12-09,2024-12-09 14:37:00,1643.38,1643.38,1643.37,1643.37,-0.0,32.96,53241.04,-1
2024-12-09,2024-12-09 14:38:00,1643.37,1643.37,1643.35,1643.35,-0.0,32.96,53241.04,-1
2024-12-09,2024-12-09 14:39:00,1643.35,1643.35,1643.33,1643.33,-0.0,32.96,53241.04,-1
2024-12-09,2024-12-09 14:40:00,1643.33,1643.33,1643.32,1643.32,-0.0,32.96,53241.04,-1
2024-12-09,2024-12-09 14:41:00,1643.32,1643.32,1643.3,1643.3,-0.0,32.96,53241.04,-1
2024-12-09,2024-12-09 14:42:00,1643.3,1643.3,1643.28,1643.28,-0.0,32.96,53241.04,-1
2024-12-09,2024-12-09 14:43:00,1643.28,1643.28,1643.27,1643.27,-0.0,32.96,53241.04,-1
2024-12-09,2024-12-09 14:44:00,1643.27,1643.27,1643.25,1643.25,-0.0,32.96,53241.04,-1
2024-12-09,2024-12-09 14:45:00,1643.25,1643.25,1643.23,1643.23,-0.0,32.96,53241.04,-1
2024-12-09,2024-12-09 14:46:00,1643.23,1643.23,1643.22,1643.22,-0.0,32.96,53241.04,-1
2024-12-09,2024-12-09 14:47:00,1643.22,1643.22,1643.2,1643.2,-0.0,32.96,53241.04,-1
2024-12-09,2024-12-09 14:48:00,1643.2,1643.2,1643.18,1643.18,-0.0,32.96,53241.04,-1
2024-12-09,2024-12-09 14:49:00,1643.18,1643.18,1643.17,1643.17,-0.0,32.96,53241.04,-1
2024-12-09,2024-12-09 14:50:00,1643.17,1643.17,1643.15,1643.15,-0.0,32.96,53241.04,-1
2024-12-09,2024-12-09 14:51:00,1643.15,1643.15,1643.13,1643.13,-0.0,32.96,53241.04,-1
2024-12-09,2024-12-09 14:52:00,1643.13,1643.13,1643.12,1643.12,-0.0,32.96,53241.04,-1
2024-12-09,2024-12-09 14:53:00,1643.12,1643.12,1643.1,1643.1,-0.0,32.96,53241.04,-1
2024-12-09,2024-12-09 14:54:00,1643.1,1643.1,1643.08,1643.08,-0.0,32.96,53241.04,-1
2024-12-09,2024-12-09 14:55:00,1643.08,1643.08,1643.07,1643.07,-0.0,32.96,53241.04,-1
2024-12-09,2024-12-09 14:56:00,1643.07,1643.07,1643.05,1643.05,-0.0,32.96,53241.04,-1
2024-12-09,2024-12-09 14:57:00,1643.05,1643.05,1643.03,1643.03,-0.0,32.96,53241.04,-1
2024-12-09,2024-12-09 14:58:00,1643.03,1643.03,1643.02,1643.02,-0.0,32.96,53241.04,-1
2024-12-09,2024-12-09 14:59:00,1643.02,1643.02,1643.0,1643.0,-0.0,32.96,53241.04,-1
2024-12-09,2024-12-09 15:00:00,1643.0,1690.0,1593.0,1643.0,0.0,32.96,53241.04,0
2024-12-10,2024-12-10 11:00:00,1665.0,1665.0,1645.5,1664.94,-0.0,15.41,25004.27,-1
2024-12-10,2024-12-10 11:01:00,1664.94,1664.94,1664.88,1664.88,-0.0,15.41,25004.27,-1
2024-12-10,2024-12-10 11:02:00,1664.88,1664.88,1664.81,1664.81,-0.0,15.41,25004.27,-1
2024-12-10,2024-12-10 11:03:00,1664.81,1664.81,1664.75,1664.75,-0.0,15.41,25004.27,-1
2024-12-10,2024-12-10 11:04:00,1664.75,1664.75,1664.69,1664.69,-0.0,15.41,25004.27,-1
2024-12-10,2024-12-10 11:05:00,1664.69,1664.69,1664.62,1664.62,-0.0,15.41,25004.27,-1
2024-12-10,2024-12-10 11:06:00,1664.62,1664.62,1664.56,1664.56,-0.0,15.41,25004.27,-1
2024-12-10,2024-12-10 11:07:00,1664.56,1664.56,1664.5,1664.5,-0.0,15.41,25004.27,-1
2024-12-10,2024-12-10 11:08:00,1664.5,1664.5,1664.44,1664.44,-0.0,15.41,25004.27,-1
2024-12-10,2024-12-10 11:09:00,1664.44,1664.44,1664.38,1664.38,-0.0,15.41,25004.27,-1
2024-12-10,2024-12-10 11:10:00,1664.38,1664.38,1664.31,1664.31,-0.0,15.41,25004.27,-1
2024-12-10,2024-12-10 11:11:00,1664.31,1664.31,1664.25,1664.25,-0.0,15.41,25004.27,-1
2024-12-10,2024-12-10 11:12:00,1664.25,1664.25,1664.19,1664.19,-0.0,15.41,25004.27,-1
2024-12-10,2024-12-10 11:13:00,1664.19,1664.19,1664.12,1664.12,-0.0,15.41,25004.27,-1
2024-12-10,2024-12-10 11:14:00,1664.12,1664.12,1664.06,1664.06,-0.0,15.41,25004.27,-1
2024-12-10,2024-12-10 11:15:00,1664.06,1664.06,1664.0,1664.0,-0.0,15.41,25004.27,-1
2024-12-10,2024-12-10 11:16:00,1664.0,1664.0,1663.94,1663.94,-0.0,15.41,25004.27,-1
2024-12-10,2024-12-10 11:17:00,1663.94,1663.94,1663.88,1663.88,-0.0,15.41,25004.27,-1
2024-12-10,2024-12-10 11:18:00,1663.88,1663.88,1663.81,1663.81,-0.0,15.41,25004.27,-1
2024-12-10,2024-12-10 11:19:00,1663.81,1663.81,1663.75,1663.75,-0.0,15.41,25004.27,-1
2024-12-10,2024-12-10 11:20:00,1663.75,1663.75,1663.69,1663.69,-0.0,15.41,25004.27,-1
2024-12-10,2024-12-10 11:21:00,1663.69,1663.69,1663.62,1663.62,-0.0,15.41,25004.27,-1
2024-12-10,2024-12-10 11:22:00,1663.62,1663.62,1663.56,1663.56,-0.0,15.41,25004.27,-1
2024-12-10,2024-12-10 11:23:00,1663.56,1663.56,1663.5,1663.5,-0.0,15.41,25004.27,-1
2024-12-10,2024-12-10 11:24:00,1663.5,1663.5,1663.44,1663.44,-0.0,15.41,25004.27,-1
2024-12-10,2024-12-10 11:25:00,1663.44,1663.44,1663.38,1663.38,-0.0,15.41,25004.27,-1
2024-12-10,2024-12-10 11:26:00,1663.38,1663.38,1663.31,1663.31,-0.0,15.41,25004.27,-1
2024-12-10,2024-12-10 11:27:00,1663.31,1663.31,1663.25,1663.25,-0.0,15.41,25004.27,-1
2024-12-10,2024-12-10 11:28:00,1663.25,1663.25,1663.19,1663.19,-0.0,15.41,25004.27,-1
2024-12-10,2024-12-10 11:29:00,1663.19,1663.19,1663.12,1663.12,-0.0,15.41,25004.27,-1
2024-12-10,2024-12-10 11:30:00,1663.12,1663.12,1663.06,1663.06,-0.0,15.41,25004.27,-1
2024-12-10,2024-12-10 11:31:00,1663.06,1663.06,1663.0,1663.0,-0.0,15.41,25004.27,-1
2024-12-10,2024-12-10 11:32:00,1663.0,1663.0,1662.94,1662.94,-0.0,15.41,25004.27,-1
2024-12-10,2024-12-10 11:33:00,1662.94,1662.94,1662.88,1662.88,-0.0,15.41,25004.27,-1
2024-12-10,2024-12-10 11:34:00,1662.88,1662.88,1662.81,1662.81,-0.0,15.41,25004.27,-1
2024-12-10,2024-12-10 11:35:00,1662.81,1662.81,1662.75,1662.75,-0.0,15.41,25004.27,-1
2024-12-10,2024-12-10 11:36:00,1662.75,1662.75,1662.69,1662.69,-0.0,15.41,25004.27,-1
2024-12-10,2024-12-10 11:37:00,1662.69,1662.69,1662.62,1662.62,-0.0,15.41,25004.27,-1
2024-12-10,2024-12-10 11:38:00,1662.62,1662.62,1662.56,1662.56,-0.0,15.41,25004.27,-1
2024-12-10,2024-12-10 11:39:00,1662.56,1662.56,1662.5,1662.5,-0.0,15.41,25004.27,-1
2024-12-10,2024-12-10 11:40:00,1662.5,1662.5,1662.44,1662.44,-0.0,15.41,25004.27,-1
2024-12-10,2024-12-10 11:41:00,1662.44,1662.44,1662.38,1662.38,-0.0,15.41,25004.27,-1
2024-12-10,2024-12-10 11:42:00,1662.38,1662.38,1662.31,1662.31,-0.0,15.41,25004.27,-1
2024-12-10,2024-12-10 11:43:00,1662.31,1662.31,1662.25,1662.25,-0.0,15.41,25004.27,-1
2024-12-10,2024-12-10 11:44:00,1662.25,1662.25,1662.19,1662.19,-0.0,15.41,25004.27,-1
2024-12-10,2024-12-10 11:45:00,1662.19,1662.19,1662.12,1662.12,-0.0,15.41,25004.27,-1
2024-12-10,2024-12-10 11:46:00,1662.12,1662.12,1662.06,1662.06,-0.0,15.41,25004.27,-1
2024-12-10,2024-12-10 11:47:00,1662.06,1662.06,1662.0,1662.0,-0.0,15.41,25004.27,-1
2024-12-10,2024-12-10 11:48:00,1662.0,1662.0,1661.94,1661.94,-0.0,15.41,25004.27,-1
2024-12-10,2024-12-10 11:49:00,1661.94,1661.94,1661.88,1661.88,-0.0,15.41,25004.27,-1
2024-12-10,2024-12-10 11:50:00,1661.88,1661.88,1661.81,1661.81,-0.0,15.41,25004.27,-1
2024-12-10,2024-12-10 11:51:00,1661.81,1661.81,1661.75,1661.75,-0.0,15.41,25004.27,-1
2024-12-10,2024-12-10 11:52:00,1661.75,1661.75,1661.69,1661.69,-0.0,15.41,25004.27,-1
2024-12-10,2024-12-10 11:53:00,1661.69,1661.69,1661.62,1661.62,-0.0,15.41,25004.27,-1
2024-12-10,2024-12-10 11:54:00,1661.62,1661.62,1661.56,1661.56,-0.0,15.41,25004.27,-1
2024-12-10,2024-12-10 11:55:00,1661.56,1661.56,1661.5,1661.5,-0.0,15.41,25004.27,-1
2024-12-10,2024-12-10 11:56:00,1661.5,1661.5,1661.44,1661.44,-0.0,15.41,25004.27,-1
2024-12-10,2024-12-10 11:57:00,1661.44,1661.44,1661.38,1661.38,-0.0,15.41,25004.27,-1
2024-12-10,2024-12-10 11:58:00,1661.38,1661.38,1661.31,1661.31,-0.0,15.41,25004.27,-1
2024-12-10,2024-12-10 11:59:00,1661.31,1661.31,1661.25,1661.25,-0.0,15.41,25004.27,-1
2024-12-10,2024-12-10 12:00:00,1661.25,1661.25,1661.19,1661.19,-0.0,15.41,25004.27,-1
2024-12-10,2024-12-10 12:01:00,1661.19,1661.19,1661.12,1661.12,-0.0,15.41,25004.27,-1
2024-12-10,2024-12-10 12:02:00,1661.12,1661.12,1661.06,1661.06,-0.0,15.41,25004.27,-1
2024-12-10,2024-12-10 12:03:00,1661.06,1661.06,1661.0,1661.0,-0.0,15.41,25004.27,-1
2024-12-10,2024-12-10 12:04:00,1661.0,1661.0,1660.94,1660.94,-0.0,15.41,25004.27,-1
2024-12-10,2024-12-10 12:05:00,1660.94,1660.94,1660.88,1660.88,-0.0,15.41,25004.27,-1
2024-12-10,2024-12-10 12:06:00,1660.88,1660.88,1660.81,1660.81,-0.0,15.41,25004.27,-1
2024-12-10,2024-12-10 12:07:00,1660.81,1660.81,1660.75,1660.75,-0.0,15.41,25004.27,-1
2024-12-10,2024-12-10 12:08:00,1660.75,1660.75,1660.69,1660.69,-0.0,15.41,25004.27,-1
2024-12-10,2024-12-10 12:09:00,1660.69,1660.69,1660.62,1660.62,-0.0,15.41,25004.27,-1
2024-12-10,2024-12-10 12:10:00,1660.62,1660.62,1660.56,1660.56,-0.0,15.41,25004.27,-1
2024-12-10,2024-12-10 12:11:00,1660.56,1660.56,1660.5,1660.5,-0.0,15.41,25004.27,-1
2024-12-10,2024-12-10 12:12:00,1660.5,1660.5,1660.44,1660.44,-0.0,15.41,25004.27,-1
2024-12-10,2024-12-10 12:13:00,1660.44,1660.44,1660.38,1660.38,-0.0,15.41,25004.27,-1
2024-12-10,2024-12-10 12:14:00,1660.38,1660.38,1660.31,1660.31,-0.0,15.41,25004.27,-1
2024-12-10,2024-12-10 12:15:00,1660.31,1660.31,1660.25,1660.25,-0.0,15.41,25004.27,-1
2024-12-10,2024-12-10 12:16:00,1660.25,1660.25,1660.19,1660.19,-0.0,15.41,25004.27,-1
2024-12-10,2024-12-10 12:17:00,1660.19,1660.19,1660.12,1660.12,-0.0,15.41,25004.27,-1
2024-12-10,2024-12-10 12:18:00,1660.12,1660.12,1660.06,1660.06,-0.0,15.41,25004.27,-1
2024-12-10,2024-12-10 12:19:00,1660.06,1660.06,1660.0,1660.0,-0.0,15.41,25004.27,-1
2024-12-10,2024-12-10 12:20:00,1660.0,1660.0,1659.94,1659.94,-0.0,15.41,25004.27,-1
2024-12-10,2024-12-10 12:21:00,1659.94,1659.94,1659.88,1659.88,-0.0,15.41,25004.27,-1
2024-12-10,2024-12-10 12:22:00,1659.88,1659.88,1659.81,1659.81,-0.0,15.41,25004.27,-1
2024-12-10,2024-12-10 12:23:00,1659.81,1659.81,1659.75,1659.75,-0.0,15.41,25004.27,-1
2024-12-10,2024-12-10 12:24:00,1659.75,1659.75,1659.69,1659.69,-0.0,15.41,25004.27,-1
2024-12-10,2024-12-10 12:25:00,1659.69,1659.69,1659.62,1659.62,-0.0,15.41,25004.27,-1
2024-12-10,2024-12-10 12:26:00,1659.62,1659.62,1659.56,1659.56,-0.0,15.41,25004.27,-1
2024-12-10,2024-12-10 12:27:00,1659.56,1659.56,1659.5,1659.5,-0.0,15.41,25004.27,-1
2024-12-10,2024-12-10 12:28:00,1659.5,1659.5,1659.44,1659.44,-0.0,15.41,25004.27,-1
2024-12-10,2024-12-10 12:29:00,1659.44,1659.44,1659.38,1659.38,-0.0,15.41,25004.27,-1
2024-12-10,2024-12-10 12:30:00,1659.38,1659.38,1659.31,1659.31,-0.0,15.41,25004.27,-1
2024-12-10,2024-12-10 12:31:00,1659.31,1659.31,1659.25,1659.25,-0.0,15.41,25004.27,-1
2024-12-10,2024-12-10 12:32:00,1659.25,1659.25,1659.19,1659.19,-0.0,15.41,25004.27,-1
2024-12-10,2024-12-10 12:33:00,1659.19,1659.19,1659.12,1659.12,-0.0,15.41,25004.27,-1
2024-12-10,2024-12-10 12:34:00,1659.12,1659.12,1659.06,1659.06,-0.0,15.41,25004.27,-1
2024-12-10,2024-12-10 12:35:00,1659.06,1659.06,1659.0,1659.0,-0.0,15.41,25004.27,-1
2024-12-10,2024-12-10 12:36:00,1659.0,1659.0,1658.94,1658.94,-0.0,15.41,25004.27,-1
2024-12-10,2024-12-10 12:37:00,1658.94,1658.94,1658.88,1658.88,-0.0,15.41,25004.27,-1
2024-12-10,2024-12-10 12:38:00,1658.88,1658.88,1658.81,1658.81,-0.0,15.41,25004.27,-1
2024-12-10,2024-12-10 12:39:00,1658.81,1658.81,1658.75,1658.75,-0.0,15.41,25004.27,-1
2024-12-10,2024-12-10 12:40:00,1658.75,1658.75,1658.69,1658.69,-0.0,15.41,25004.27,-1
2024-12-10,2024-12-10 12:41:00,1658.69,1658.69,1658.62,1658.62,-0.0,15.41,25004.27,-1
2024-12-10,2024-12-10 12:42:00,1658.62,1658.62,1658.56,1658.56,-0.0,15.41,25004.27,-1
2024-12-10,2024-12-10 12:43:00,1658.56,1658.56,1658.5,1658.5,-0.0,15.41,25004.27,-1
2024-12-10,2024-12-10 12:44:00,1658.5,1658.5,1658.44,1658.44,-0.0,15.41,25004.27,-1
2024-12-10,2024-12-10 12:45:00,1658.44,1658.44,1658.38,1658.38,-0.0,15.41,25004.27,-1
2024-12-10,2024-12-10 12:46:00,1658.38,1658.38,1658.31,1658.31,-0.0,15.41,25004.27,-1
2024-12-10,2024-12-10 12:47:00,1658.31,1658.31,1658.25,1658.25,-0.0,15.41,25004.27,-1
2024-12-10,2024-12-10 12:48:00,1658.25,1658.25,1658.19,1658.19,-0.0,15.41,25004.27,-1
2024-12-10,2024-12-10 12:49:00,1658.19,1658.19,1658.12,1658.12,-0.0,15.41,25004.27,-1
2024-12-10,2024-12-10 12:50:00,1658.12,1658.12,1658.06,1658.06,-0.0,15.41,25004.27,-1
2024-12-10,2024-12-10 12:51:00,1658.06,1658.06,1658.0,1658.0,-0.0,15.41,25004.27,-1
2024-12-10,2024-12-10 12:52:00,1658.0,1658.0,1657.94,1657.94,-0.0,15.41,25004.27,-1
2024-12-10,2024-12-10 12:53:00,1657.94,1657.94,1657.88,1657.88,-0.0,15.41,25004.27,-1
2024-12-10,2024-12-10 12:54:00,1657.88,1657.88,1657.81,1657.81,-0.0,15.41,25004.27,-1
2024-12-10,2024-12-10 12:55:00,1657.81,1657.81,1657.75,1657.75,-0.0,15.41,25004.27,-1
2024-12-10,2024-12-10 12:56:00,1657.75,1657.75,1657.69,1657.69,-0.0,15.41,25004.27,-1
2024-12-10,2024-12-10 12:57:00,1657.69,1657.69,1657.62,1657.62,-0.0,15.41,25004.27,-1
2024-12-10,2024-12-10 12:58:00,1657.62,1657.62,1657.56,1657.56,-0.0,15.41,25004.27,-1
2024-12-10,2024-12-10 12:59:00,1657.56,1657.56,1657.5,1657.5,-0.0,15.41,25004.27,-1
2024-12-10,2024-12-10 13:00:00,1657.5,1665.0,1600.0,1657.44,-0.0,15.41,25004.27,-1
2024-12-10,2024-12-10 13:01:00,1657.44,1657.44,1657.38,1657.38,-0.0,15.41,25004.27,-1
2024-12-10,2024-12-10 13:02:00,1657.38,1657.38,1657.31,1657.31,-0.0,15.41,25004.27,-1
2024-12-10,2024-12-10 13:03:00,1657.31,1657.31,1657.25,1657.25,-0.0,15.41,25004.27,-1
2024-12-10,2024-12-10 13:04:00,1657.25,1657.25,1657.19,1657.19,-0.0,15.41,25004.27,-1
2024-12-10,2024-12-10 13:05:00,1657.19,1657.19,1657.12,1657.12,-0.0,15.41,25004.27,-1
2024-12-10,2024-12-10 13:06:00,1657.12,1657.12,1657.06,1657.06,-0.0,15.41,25004.27,-1
2024-12-10,2024-12-10 13:07:00,1657.06,1657.06,1657.0,1657.0,-0.0,15.41,25004.27,-1
2024-12-10,2024-12-10 13:08:00,1657.0,1657.0,1656.94,1656.94,-0.0,15.41,25004.27,-1
2024-12-10,2024-12-10 13:09:00,1656.94,1656.94,1656.88,1656.88,-0.0,15.41,25004.27,-1
2024-12-10,2024-12-10 13:10:00,1656.88,1656.88,1656.81,1656.81,-0.0,15.41,25004.27,-1
2024-12-10,2024-12-10 13:11:00,1656.81,1656.81,1656.75,1656.75,-0.0,15.41,25004.27,-1
2024-12-10,2024-12-10 13:12:00,1656.75,1656.75,1656.69,1656.69,-0.0,15.41,25004.27,-1
2024-12-10,2024-12-10 13:13:00,1656.69,1656.69,1656.62,1656.62,-0.0,15.41,25004.27,-1
2024-12-10,2024-12-10 13:14:00,1656.62,1656.62,1656.56,1656.56,-0.0,15.41,25004.27,-1
2024-12-10,2024-12-10 13:15:00,1656.56,1656.56,1656.5,1656.5,-0.0,15.41,25004.27,-1
2024-12-10,2024-12-10 13:16:00,1656.5,1656.5,1656.44,1656.44,-0.0,15.41,25004.27,-1
2024-12-10,2024-12-10 13:17:00,1656.44,1656.44,1656.38,1656.38,-0.0,15.41,25004.27,-1
2024-12-10,2024-12-10 13:18:00,1656.38,1656.38,1656.31,1656.31,-0.0,15.41,25004.27,-1
2024-12-10,2024-12-10 13:19:00,1656.31,1656.31,1656.25,1656.25,-0.0,15.41,25004.27,-1
2024-12-10,2024-12-10 13:20:00,1656.25,1656.25,1656.19,1656.19,-0.0,15.41,25004.27,-1
2024-12-10,2024-12-10 13:21:00,1656.19,1656.19,1656.12,1656.12,-0.0,15.41,25004.27,-1
2024-12-10,2024-12-10 13:22:00,1656.12,1656.12,1656.06,1656.06,-0.0,15.41,25004.27,-1
2024-12-10,2024-12-10 13:23:00,1656.06,1656.06,1656.0,1656.0,-0.0,15.41,25004.27,-1
2024-12-10,2024-12-10 13:24:00,1656.0,1656.0,1655.94,1655.94,-0.0,15.41,25004.27,-1
2024-12-10,2024-12-10 13:25:00,1655.94,1655.94,1655.88,1655.88,-0.0,15.41,25004.27,-1
2024-12-10,2024-12-10 13:26:00,1655.88,1655.88,1655.81,1655.81,-0.0,15.41,25004.27,-1
2024-12-10,2024-12-10 13:27:00,1655.81,1655.81,1655.75,1655.75,-0.0,15.41,25004.27,-1
2024-12-10,2024-12-10 13:28:00,1655.75,1655.75,1655.69,1655.69,-0.0,15.41,25004.27,-1
2024-12-10,2024-12-10 13:29:00,1655.69,1655.69,1655.62,1655.62,-0.0,15.41,25004.27,-1
2024-12-10,2024-12-10 13:30:00,1655.62,1655.62,1655.56,1655.56,-0.0,15.41,25004.27,-1
2024-12-10,2024-12-10 13:31:00,1655.56,1655.56,1655.5,1655.5,-0.0,15.41,25004.27,-1
2024-12-10,2024-12-10 13:32:00,1655.5,1655.5,1655.44,1655.44,-0.0,15.41,25004.27,-1
2024-12-10,2024-12-10 13:33:00,1655.44,1655.44,1655.38,1655.38,-0.0,15.41,25004.27,-1
2024-12-10,2024-12-10 13:34:00,1655.38,1655.38,1655.31,1655.31,-0.0,15.41,25004.27,-1
2024-12-10,2024-12-10 13:35:00,1655.31,1655.31,1655.25,1655.25,-0.0,15.41,25004.27,-1
2024-12-10,2024-12-10 13:36:00,1655.25,1655.25,1655.19,1655.19,-0.0,15.41,25004.27,-1
2024-12-10,2024-12-10 13:37:00,1655.19,1655.19,1655.12,1655.12,-0.0,15.41,25004.27,-1
2024-12-10,2024-12-10 13:38:00,1655.12,1655.12,1655.06,1655.06,-0.0,15.41,25004.27,-1
2024-12-10,2024-12-10 13:39:00,1655.06,1655.06,1655.0,1655.0,-0.0,15.41,25004.27,-1
2024-12-10,2024-12-10 13:40:00,1655.0,1655.0,1654.94,1654.94,-0.0,15.41,25004.27,-1
2024-12-10,2024-12-10 13:41:00,1654.94,1654.94,1654.88,1654.88,-0.0,15.41,25004.27,-1
2024-12-10,2024-12-10 13:42:00,1654.88,1654.88,1654.81,1654.81,-0.0,15.41,25004.27,-1
2024-12-10,2024-12-10 13:43:00,1654.81,1654.81,1654.75,1654.75,-0.0,15.41,25004.27,-1
2024-12-10,2024-12-10 13:44:00,1654.75,1654.75,1654.69,1654.69,-0.0,15.41,25004.27,-1
2024-12-10,2024-12-10 13:45:00,1654.69,1654.69,1654.62,1654.62,-0.0,15.41,25004.27,-1
2024-12-10,2024-12-10 13:46:00,1654.62,1654.62,1654.56,1654.56,-0.0,15.41,25004.27,-1
2024-12-10,2024-12-10 13:47:00,1654.56,1654.56,1654.5,1654.5,-0.0,15.41,25004.27,-1
2024-12-10,2024-12-10 13:48:00,1654.5,1654.5,1654.44,1654.44,-0.0,15.41,25004.27,-1
2024-12-10,2024-12-10 13:49:00,1654.44,1654.44,1654.38,1654.38,-0.0,15.41,25004.27,-1
2024-12-10,2024-12-10 13:50:00,1654.38,1654.38,1654.31,1654.31,-0.0,15.41,25004.27,-1
2024-12-10,2024-12-10 13:51:00,1654.31,1654.31,1654.25,1654.25,-0.0,15.41,25004.27,-1
2024-12-10,2024-12-10 13:52:00,1654.25,1654.25,1654.19,1654.19,-0.0,15.41,25004.27,-1
2024-12-10,2024-12-10 13:53:00,1654.19,1654.19,1654.12,1654.12,-0.0,15.41,25004.27,-1
2024-12-10,2024-12-10 13:54:00,1654.12,1654.12,1654.06,1654.06,-0.0,15.41,25004.27,-1
2024-12-10,2024-12-10 13:55:00,1654.06,1654.06,1654.0,1654.0,-0.0,15.41,25004.27,-1
2024-12-10,2024-12-10 13:56:00,1654.0,1654.0,1653.94,1653.94,-0.0,15.41,25004.27,-1
2024-12-10,2024-12-10 13:57:00,1653.94,1653.94,1653.88,1653.88,-0.0,15.41,25004.27,-1
2024-12-10,2024-12-10 13:58:00,1653.88,1653.88,1653.81,1653.81,-0.0,15.41,25004.27,-1
2024-12-10,2024-12-10 13:59:00,1653.81,1653.81,1653.75,1653.75,-0.0,15.41,25004.27,-1
2024-12-10,2024-12-10 14:00:00,1653.75,1653.75,1653.69,1653.69,-0.0,15.41,25004.27,-1
2024-12-10,2024-12-10 14:01:00,1653.69,1653.69,1653.62,1653.62,-0.0,15.41,25004.27,-1
2024-12-10,2024-12-10 14:02:00,1653.62,1653.62,1653.56,1653.56,-0.0,15.41,25004.27,-1
2024-12-10,2024-12-10 14:03:00,1653.56,1653.56,1653.5,1653.5,-0.0,15.41,25004.27,-1
2024-12-10,2024-12-10 14:04:00,1653.5,1653.5,1653.44,1653.44,-0.0,15.41,25004.27,-1
2024-12-10,2024-12-10 14:05:00,1653.44,1653.44,1653.38,1653.38,-0.0,15.41,25004.27,-1
2024-12-10,2024-12-10 14:06:00,1653.38,1653.38,1653.31,1653.31,-0.0,15.41,25004.27,-1
2024-12-10,2024-12-10 14:07:00,1653.31,1653.31,1653.25,1653.25,-0.0,15.41,25004.27,-1
2024-12-10,2024-12-10 14:08:00,1653.25,1653.25,1653.19,1653.19,-0.0,15.41,25004.27,-1
2024-12-10,2024-12-10 14:09:00,1653.19,1653.19,1653.12,1653.12,-0.0,15.41,25004.27,-1
2024-12-10,2024-12-10 14:10:00,1653.12,1653.12,1653.06,1653.06,-0.0,15.41,25004.27,-1
2024-12-10,2024-12-10 14:11:00,1653.06,1653.06,1653.0,1653.0,-0.0,15.41,25004.27,-1
2024-12-10,2024-12-10 14:12:00,1653.0,1653.0,1652.94,1652.94,-0.0,15.41,25004.27,-1
2024-12-10,2024-12-10 14:13:00,1652.94,1652.94,1652.88,1652.88,-0.0,15.41,25004.27,-1
2024-12-10,2024-12-10 14:14:00,1652.88,1652.88,1652.81,1652.81,-0.0,15.41,25004.27,-1
2024-12-10,2024-12-10 14:15:00,1652.81,1652.81,1652.75,1652.75,-0.0,15.41,25004.27,-1
2024-12-10,2024-12-10 14:16:00,1652.75,1652.75,1652.69,1652.69,-0.0,15.41,25004.27,-1
2024-12-10,2024-12-10 14:17:00,1652.69,1652.69,1652.62,1652.62,-0.0,15.41,25004.27,-1
2024-12-10,2024-12-10 14:18:00,1652.62,1652.62,1652.56,1652.56,-0.0,15.41,25004.27,-1
2024-12-10,2024-12-10 14:19:00,1652.56,1652.56,1652.5,1652.5,-0.0,15.41,25004.27,-1
2024-12-10,2024-12-10 14:20:00,1652.5,1652.5,1652.44,1652.44,-0.0,15.41,25004.27,-1
2024-12-10,2024-12-10 14:21:00,1652.44,1652.44,1652.38,1652.38,-0.0,15.41,25004.27,-1
2024-12-10,2024-12-10 14:22:00,1652.38,1652.38,1652.31,1652.31,-0.0,15.41,25004.27,-1
2024-12-10,2024-12-10 14:23:00,1652.31,1652.31,1652.25,1652.25,-0.0,15.41,25004.27,-1
2024-12-10,2024-12-10 14:24:00,1652.25,1652.25,1652.19,1652.19,-0.0,15.41,25004.27,-1
2024-12-10,2024-12-10 14:25:00,1652.19,1652.19,1652.12,1652.12,-0.0,15.41,25004.27,-1
2024-12-10,2024-12-10 14:26:00,1652.12,1652.12,1652.06,1652.06,-0.0,15.41,25004.27,-1
2024-12-10,2024-12-10 14:27:00,1652.06,1652.06,1652.0,1652.0,-0.0,15.41,25004.27,-1
2024-12-10,2024-12-10 14:28:00,1652.0,1652.0,1651.94,1651.94,-0.0,15.41,25004.27,-1
2024-12-10,2024-12-10 14:29:00,1651.94,1651.94,1651.88,1651.88,-0.0,15.41,25004.27,-1
2024-12-10,2024-12-10 14:30:00,1651.88,1651.88,1651.81,1651.81,-0.0,15.41,25004.27,-1
2024-12-10,2024-12-10 14:31:00,1651.81,1651.81,1651.75,1651.75,-0.0,15.41,25004.27,-1
2024-12-10,2024-12-10 14:32:00,1651.75,1651.75,1651.69,1651.69,-0.0,15.41,25004.27,-1
2024-12-10,2024-12-10 14:33:00,1651.69,1651.69,1651.62,1651.62,-0.0,15.41,25004.27,-1
2024-12-10,2024-12-10 14:34:00,1651.62,1651.62,1651.56,1651.56,-0.0,15.41,25004.27,-1
2024-12-10,2024-12-10 14:35:00,1651.56,1651.56,1651.5,1651.5,-0.0,15.41,25004.27,-1
2024-12-10,2024-12-10 14:36:00,1651.5,1651.5,1651.44,1651.44,-0.0,15.41,25004.27,-1
2024-12-10,2024-12-10 14:37:00,1651.44,1651.44,1651.38,1651.38,-0.0,15.41,25004.27,-1
2024-12-10,2024-12-10 14:38:00,1651.38,1651.38,1651.31,1651.31,-0.0,15.41,25004.27,-1
2024-12-10,2024-12-10 14:39:00,1651.31,1651.31,1651.25,1651.25,-0.0,15.41,25004.27,-1
2024-12-10,2024-12-10 14:40:00,1651.25,1651.25,1651.19,1651.19,-0.0,15.41,25004.27,-1
2024-12-10,2024-12-10 14:41:00,1651.19,1651.19,1651.12,1651.12,-0.0,15.41,25004.27,-1
2024-12-10,2024-12-10 14:42:00,1651.12,1651.12,1651.06,1651.06,-0.0,15.41,25004.27,-1
2024-12-10,2024-12-10 14:43:00,1651.06,1651.06,1651.0,1651.0,-0.0,15.41,25004.27,-1
2024-12-10,2024-12-10 14:44:00,1651.0,1651.0,1650.94,1650.94,-0.0,15.41,25004.27,-1
2024-12-10,2024-12-10 14:45:00,1650.94,1650.94,1650.88,1650.88,-0.0,15.41,25004.27,-1
2024-12-10,2024-12-10 14:46:00,1650.88,1650.88,1650.81,1650.81,-0.0,15.41,25004.27,-1
2024-12-10,2024-12-10 14:47:00,1650.81,1650.81,1650.75,1650.75,-0.0,15.41,25004.27,-1
2024-12-10,2024-12-10 14:48:00,1650.75,1650.75,1650.69,1650.69,-0.0,15.41,25004.27,-1
2024-12-10,2024-12-10 14:49:00,1650.69,1650.69,1650.62,1650.62,-0.0,15.41,25004.27,-1
2024-12-10,2024-12-10 14:50:00,1650.62,1650.62,1650.56,1650.56,-0.0,15.41,25004.27,-1
2024-12-10,2024-12-10 14:51:00,1650.56,1650.56,1650.5,1650.5,-0.0,15.41,25004.27,-1
2024-12-10,2024-12-10 14:52:00,1650.5,1650.5,1650.44,1650.44,-0.0,15.41,25004.27,-1
2024-12-10,2024-12-10 14:53:00,1650.44,1650.44,1650.38,1650.38,-0.0,15.41,25004.27,-1
2024-12-10,2024-12-10 14:54:00,1650.38,1650.38,1650.31,1650.31,-0.0,15.41,25004.27,-1
2024-12-10,2024-12-10 14:55:00,1650.31,1650.31,1650.25,1650.25,-0.0,15.41,25004.27,-1
2024-12-10,2024-12-10 14:56:00,1650.25,1650.25,1650.19,1650.19,-0.0,15.41,25004.27,-1
2024-12-10,2024-12-10 14:57:00,1650.19,1650.19,1650.12,1650.12,-0.0,15.41,25004.27,-1
2024-12-10,2024-12-10 14:58:00,1650.12,1650.12,1650.06,1650.06,-0.0,15.41,25004.27,-1
2024-12-10,2024-12-10 14:59:00,1650.06,1650.06,1650.0,1650.0,-0.0,15.41,25004.27,-1
2024-12-10,2024-12-10 15:00:00,1650.0,1665.0,1600.0,1650.0,0.0,15.41,25004.27,0
2024-12-11,2024-12-11 11:00:00,1617.0,1636.8,1607.7,1617.18,0.01,10.24,16757.84,1
2024-12-11,2024-12-11 11:01:00,1617.18,1617.37,1617.18,1617.37,0.01,10.24,16757.84,1
2024-12-11,2024-12-11 11:02:00,1617.37,1617.55,1617.37,1617.55,0.01,10.24,16757.84,1
2024-12-11,2024-12-11 11:03:00,1617.55,1617.73,1617.55,1617.73,0.01,10.24,16757.84,1
2024-12-11,2024-12-11 11:04:00,1617.73,1617.92,1617.73,1617.92,0.01,10.24,16757.84,1
2024-12-11,2024-12-11 11:05:00,1617.92,1618.1,1617.92,1618.1,0.01,10.24,16757.84,1
2024-12-11,2024-12-11 11:06:00,1618.1,1618.28,1618.1,1618.28,0.01,10.24,16757.84,1
2024-12-11,2024-12-11 11:07:00,1618.28,1618.47,1618.28,1618.47,0.01,10.24,16757.84,1
2024-12-11,2024-12-11 11:08:00,1618.47,1618.65,1618.47,1618.65,0.01,10.24,16757.84,1
2024-12-11,2024-12-11 11:09:00,1618.65,1618.83,1618.65,1618.83,0.01,10.24,16757.84,1
2024-12-11,2024-12-11 11:10:00,1618.83,1619.02,1618.83,1619.02,0.01,10.24,16757.84,1
2024-12-11,2024-12-11 11:11:00,1619.02,1619.2,1619.02,1619.2,0.01,10.24,16757.84,1
2024-12-11,2024-12-11 11:12:00,1619.2,1619.38,1619.2,1619.38,0.01,10.24,16757.84,1
2024-12-11,2024-12-11 11:13:00,1619.38,1619.57,1619.38,1619.57,0.01,10.24,16757.84,1
2024-12-11,2024-12-11 11:14:00,1619.57,1619.75,1619.57,1619.75,0.01,10.24,16757.84,1
2024-12-11,2024-12-11 11:15:00,1619.75,1619.93,1619.75,1619.93,0.01,10.24,16757.84,1
2024-12-11,2024-12-11 11:16:00,1619.93,1620.12,1619.93,1620.12,0.01,10.24,16757.84,1
2024-12-11,2024-12-11 11:17:00,1620.12,1620.3,1620.12,1620.3,0.01,10.24,16757.84,1
2024-12-11,2024-12-11 11:18:00,1620.3,1620.48,1620.3,1620.48,0.01,10.24,16757.84,1
2024-12-11,2024-12-11 11:19:00,1620.48,1620.67,1620.48,1620.67,0.01,10.24,16757.84,1
2024-12-11,2024-12-11 11:20:00,1620.67,1620.85,1620.67,1620.85,0.01,10.24,16757.84,1
2024-12-11,2024-12-11 11:21:00,1620.85,1621.03,1620.85,1621.03,0.01,10.24,16757.84,1
2024-12-11,2024-12-11 11:22:00,1621.03,1621.22,1621.03,1621.22,0.01,10.24,16757.84,1
2024-12-11,2024-12-11 11:23:00,1621.22,1621.4,1621.22,1621.4,0.01,10.24,16757.84,1
2024-12-11,2024-12-11 11:24:00,1621.4,1621.58,1621.4,1621.58,0.01,10.24,16757.84,1
2024-12-11,2024-12-11 11:25:00,1621.58,1621.77,1621.58,1621.77,0.01,10.24,16757.84,1
2024-12-11,2024-12-11 11:26:00,1621.77,1621.95,1621.77,1621.95,0.01,10.24,16757.84,1
2024-12-11,2024-12-11 11:27:00,1621.95,1622.13,1621.95,1622.13,0.01,10.24,16757.84,1
2024-12-11,2024-12-11 11:28:00,1622.13,1622.32,1622.13,1622.32,0.01,10.24,16757.84,1
2024-12-11,2024-12-11 11:29:00,1622.32,1622.5,1622.32,1622.5,0.01,10.24,16757.84,1
2024-12-11,2024-12-11 11:30:00,1622.5,1622.68,1622.5,1622.68,0.01,10.24,16757.84,1
2024-12-11,2024-12-11 11:31:00,1622.68,1622.87,1622.68,1622.87,0.01,10.24,16757.84,1
2024-12-11,2024-12-11 11:32:00,1622.87,1623.05,1622.87,1623.05,0.01,10.24,16757.84,1
2024-12-11,2024-12-11 11:33:00,1623.05,1623.23,1623.05,1623.23,0.01,10.24,16757.84,1
2024-12-11,2024-12-11 11:34:00,1623.23,1623.42,1623.23,1623.42,0.01,10.24,16757.84,1
2024-12-11,2024-12-11 11:35:00,1623.42,1623.6,1623.42,1623.6,0.01,10.24,16757.84,1
2024-12-11,2024-12-11 11:36:00,1623.6,1623.78,1623.6,1623.78,0.01,10.24,16757.84,1
2024-12-11,2024-12-11 11:37:00,1623.78,1623.97,1623.78,1623.97,0.01,10.24,16757.84,1
2024-12-11,2024-12-11 11:38:00,1623.97,1624.15,1623.97,1624.15,0.01,10.24,16757.84,1
2024-12-11,2024-12-11 11:39:00,1624.15,1624.33,1624.15,1624.33,0.01,10.24,16757.84,1
2024-12-11,2024-12-11 11:40:00,1624.33,1624.52,1624.33,1624.52,0.01,10.24,16757.84,1
2024-12-11,2024-12-11 11:41:00,1624.52,1624.7,1624.52,1624.7,0.01,10.24,16757.84,1
2024-12-11,2024-12-11 11:42:00,1624.7,1624.88,1624.7,1624.88,0.01,10.24,16757.84,1
2024-12-11,2024-12-11 11:43:00,1624.88,1625.07,1624.88,1625.07,0.01,10.24,16757.84,1
2024-12-11,2024-12-11 11:44:00,1625.07,1625.25,1625.07,1625.25,0.01,10.24,16757.84,1
2024-12-11,2024-12-11 11:45:00,1625.25,1625.43,1625.25,1625.43,0.01,10.24,16757.84,1
2024-12-11,2024-12-11 11:46:00,1625.43,1625.62,1625.43,1625.62,0.01,10.24,16757.84,1
2024-12-11,2024-12-11 11:47:00,1625.62,1625.8,1625.62,1625.8,0.01,10.24,16757.84,1
2024-12-11,2024-12-11 11:48:00,1625.8,1625.98,1625.8,1625.98,0.01,10.24,16757.84,1
2024-12-11,2024-12-11 11:49:00,1625.98,1626.17,1625.98,1626.17,0.01,10.24,16757.84,1
2024-12-11,2024-12-11 11:50:00,1626.17,1626.35,1626.17,1626.35,0.01,10.24,16757.84,1
2024-12-11,2024-12-11 11:51:00,1626.35,1626.53,1626.35,1626.53,0.01,10.24,16757.84,1
2024-12-11,2024-12-11 11:52:00,1626.53,1626.72,1626.53,1626.72,0.01,10.24,16757.84,1
2024-12-11,2024-12-11 11:53:00,1626.72,1626.9,1626.72,1626.9,0.01,10.24,16757.84,1
2024-12-11,2024-12-11 11:54:00,1626.9,1627.08,1626.9,1627.08,0.01,10.24,16757.84,1
2024-12-11,2024-12-11 11:55:00,1627.08,1627.27,1627.08,1627.27,0.01,10.24,16757.84,1
2024-12-11,2024-12-11 11:56:00,1627.27,1627.45,1627.27,1627.45,0.01,10.24,16757.84,1
2024-12-11,2024-12-11 11:57:00,1627.45,1627.63,1627.45,1627.63,0.01,10.24,16757.84,1
2024-12-11,2024-12-11 11:58:00,1627.63,1627.82,1627.63,1627.82,0.01,10.24,16757.84,1
2024-12-11,2024-12-11 11:59:00,1627.82,1628.0,1627.82,1628.0,0.01,10.24,16757.84,1
2024-12-11,2024-12-11 12:00:00,1628.0,1628.18,1628.0,1628.18,0.01,10.24,16757.84,1
2024-12-11,2024-12-11 12:01:00,1628.18,1628.37,1628.18,1628.37,0.01,10.24,16757.84,1
2024-12-11,2024-12-11 12:02:00,1628.37,1628.55,1628.37,1628.55,0.01,10.24,16757.84,1
2024-12-11,2024-12-11 12:03:00,1628.55,1628.73,1628.55,1628.73,0.01,10.24,16757.84,1
2024-12-11,2024-12-11 12:04:00,1628.73,1628.92,1628.73,1628.92,0.01,10.24,16757.84,1
2024-12-11,2024-12-11 12:05:00,1628.92,1629.1,1628.92,1629.1,0.01,10.24,16757.84,1
2024-12-11,2024-12-11 12:06:00,1629.1,1629.28,1629.1,1629.28,0.01,10.24,16757.84,1
2024-12-11,2024-12-11 12:07:00,1629.28,1629.47,1629.28,1629.47,0.01,10.24,16757.84,1
2024-12-11,2024-12-11 12:08:00,1629.47,1629.65,1629.47,1629.65,0.01,10.24,16757.84,1
2024-12-11,2024-12-11 12:09:00,1629.65,1629.83,1629.65,1629.83,0.01,10.24,16757.84,1
2024-12-11,2024-12-11 12:10:00,1629.83,1630.02,1629.83,1630.02,0.01,10.24,16757.84,1
2024-12-11,2024-12-11 12:11:00,1630.02,1630.2,1630.02,1630.2,0.01,10.24,16757.84,1
2024-12-11,2024-12-11 12:12:00,1630.2,1630.38,1630.2,1630.38,0.01,10.24,16757.84,1
2024-12-11,2024-12-11 12:13:00,1630.38,1630.57,1630.38,1630.57,0.01,10.24,16757.84,1
2024-12-11,2024-12-11 12:14:00,1630.57,1630.75,1630.57,1630.75,0.01,10.24,16757.84,1
2024-12-11,2024-12-11 12:15:00,1630.75,1630.93,1630.75,1630.93,0.01,10.24,16757.84,1
2024-12-11,2024-12-11 12:16:00,1630.93,1631.12,1630.93,1631.12,0.01,10.24,16757.84,1
2024-12-11,2024-12-11 12:17:00,1631.12,1631.3,1631.12,1631.3,0.01,10.24,16757.84,1
2024-12-11,2024-12-11 12:18:00,1631.3,1631.48,1631.3,1631.48,0.01,10.24,16757.84,1
2024-12-11,2024-12-11 12:19:00,1631.48,1631.67,1631.48,1631.67,0.01,10.24,16757.84,1
2024-12-11,2024-12-11 12:20:00,1631.67,1631.85,1631.67,1631.85,0.01,10.24,16757.84,1
2024-12-11,2024-12-11 12:21:00,1631.85,1632.03,1631.85,1632.03,0.01,10.24,16757.84,1
2024-12-11,2024-12-11 12:22:00,1632.03,1632.22,1632.03,1632.22,0.01,10.24,16757.84,1
2024-12-11,2024-12-11 12:23:00,1632.22,1632.4,1632.22,1632.4,0.01,10.24,16757.84,1
2024-12-11,2024-12-11 12:24:00,1632.4,1632.58,1632.4,1632.58,0.01,10.24,16757.84,1
2024-12-11,2024-12-11 12:25:00,1632.58,1632.77,1632.58,1632.77,0.01,10.24,16757.84,1
2024-12-11,2024-12-11 12:26:00,1632.77,1632.95,1632.77,1632.95,0.01,10.24,16757.84,1
2024-12-11,2024-12-11 12:27:00,1632.95,1633.13,1632.95,1633.13,0.01,10.24,16757.84,1
2024-12-11,2024-12-11 12:28:00,1633.13,1633.32,1633.13,1633.32,0.01,10.24,16757.84,1
2024-12-11,2024-12-11 12:29:00,1633.32,1633.5,1633.32,1633.5,0.01,10.24,16757.84,1
2024-12-11,2024-12-11 12:30:00,1633.5,1633.68,1633.5,1633.68,0.01,10.24,16757.84,1
2024-12-11,2024-12-11 12:31:00,1633.68,1633.87,1633.68,1633.87,0.01,10.24,16757.84,1
2024-12-11,2024-12-11 12:32:00,1633.87,1634.05,1633.87,1634.05,0.01,10.24,16757.84,1
2024-12-11,2024-12-11 12:33:00,1634.05,1634.23,1634.05,1634.23,0.01,10.24,16757.84,1
2024-12-11,2024-12-11 12:34:00,1634.23,1634.42,1634.23,1634.42,0.01,10.24,16757.84,1
2024-12-11,2024-12-11 12:35:00,1634.42,1634.6,1634.42,1634.6,0.01,10.24,16757.84,1
2024-12-11,2024-12-11 12:36:00,1634.6,1634.78,1634.6,1634.78,0.01,10.24,16757.84,1
2024-12-11,2024-12-11 12:37:00,1634.78,1634.97,1634.78,1634.97,0.01,10.24,16757.84,1
2024-12-11,2024-12-11 12:38:00,1634.97,1635.15,1634.97,1635.15,0.01,10.24,16757.84,1
2024-12-11,2024-12-11 12:39:00,1635.15,1635.33,1635.15,1635.33,0.01,10.24,16757.84,1
2024-12-11,2024-12-11 12:40:00,1635.33,1635.52,1635.33,1635.52,0.01,10.24,16757.84,1
2024-12-11,2024-12-11 12:41:00,1635.52,1635.7,1635.52,1635.7,0.01,10.24,16757.84,1
2024-12-11,2024-12-11 12:42:00,1635.7,1635.88,1635.7,1635.88,0.01,10.24,16757.84,1
2024-12-11,2024-12-11 12:43:00,1635.88,1636.07,1635.88,1636.07,0.01,10.24,16757.84,1
2024-12-11,2024-12-11 12:44:00,1636.07,1636.25,1636.07,1636.25,0.01,10.24,16757.84,1
2024-12-11,2024-12-11 12:45:00,1636.25,1636.43,1636.25,1636.43,0.01,10.24,16757.84,1
2024-12-11,2024-12-11 12:46:00,1636.43,1636.62,1636.43,1636.62,0.01,10.24,16757.84,1
2024-12-11,2024-12-11 12:47:00,1636.62,1636.8,1636.62,1636.8,0.01,10.24,16757.84,1
2024-12-11,2024-12-11 12:48:00,1636.8,1636.98,1636.8,1636.98,0.01,10.24,16757.84,1
2024-12-11,2024-12-11 12:49:00,1636.98,1637.17,1636.98,1637.17,0.01,10.24,16757.84,1
2024-12-11,2024-12-11 12:50:00,1637.17,1637.35,1637.17,1637.35,0.01,10.24,16757.84,1
2024-12-11,2024-12-11 12:51:00,1637.35,1637.53,1637.35,1637.53,0.01,10.24,16757.84,1
2024-12-11,2024-12-11 12:52:00,1637.53,1637.72,1637.53,1637.72,0.01,10.24,16757.84,1
2024-12-11,2024-12-11 12:53:00,1637.72,1637.9,1637.72,1637.9,0.01,10.24,16757.84,1
2024-12-11,2024-12-11 12:54:00,1637.9,1638.08,1637.9,1638.08,0.01,10.24,16757.84,1
2024-12-11,2024-12-11 12:55:00,1638.08,1638.27,1638.08,1638.27,0.01,10.24,16757.84,1
2024-12-11,2024-12-11 12:56:00,1638.27,1638.45,1638.27,1638.45,0.01,10.24,16757.84,1
2024-12-11,2024-12-11 12:57:00,1638.45,1638.63,1638.45,1638.63,0.01,10.24,16757.84,1
2024-12-11,2024-12-11 12:58:00,1638.63,1638.82,1638.63,1638.82,0.01,10.24,16757.84,1
2024-12-11,2024-12-11 12:59:00,1638.82,1639.0,1638.82,1639.0,0.01,10.24,16757.84,1
2024-12-11,2024-12-11 13:00:00,1639.0,1683.0,1586.0,1639.18,0.01,10.24,16757.84,1
2024-12-11,2024-12-11 13:01:00,1639.18,1639.37,1639.18,1639.37,0.01,10.24,16757.84,1
2024-12-11,2024-12-11 13:02:00,1639.37,1639.55,1639.37,1639.55,0.01,10.24,16757.84,1
2024-12-11,2024-12-11 13:03:00,1639.55,1639.73,1639.55,1639.73,0.01,10.24,16757.84,1
2024-12-11,2024-12-11 13:04:00,1639.73,1639.92,1639.73,1639.92,0.01,10.24,16757.84,1
2024-12-11,2024-12-11 13:05:00,1639.92,1640.1,1639.92,1640.1,0.01,10.24,16757.84,1
2024-12-11,2024-12-11 13:06:00,1640.1,1640.28,1640.1,1640.28,0.01,10.24,16757.84,1
2024-12-11,2024-12-11 13:07:00,1640.28,1640.47,1640.28,1640.47,0.01,10.24,16757.84,1
2024-12-11,2024-12-11 13:08:00,1640.47,1640.65,1640.47,1640.65,0.01,10.24,16757.84,1
2024-12-11,2024-12-11 13:09:00,1640.65,1640.83,1640.65,1640.83,0.01,10.24,16757.84,1
2024-12-11,2024-12-11 13:10:00,1640.83,1641.02,1640.83,1641.02,0.01,10.24,16757.84,1
2024-12-11,2024-12-11 13:11:00,1641.02,1641.2,1641.02,1641.2,0.01,10.24,16757.84,1
2024-12-11,2024-12-11 13:12:00,1641.2,1641.38,1641.2,1641.38,0.01,10.24,16757.84,1
2024-12-11,2024-12-11 13:13:00,1641.38,1641.57,1641.38,1641.57,0.01,10.24,16757.84,1
2024-12-11,2024-12-11 13:14:00,1641.57,1641.75,1641.57,1641.75,0.01,10.24,16757.84,1
2024-12-11,2024-12-11 13:15:00,1641.75,1641.93,1641.75,1641.93,0.01,10.24,16757.84,1
2024-12-11,2024-12-11 13:16:00,1641.93,1642.12,1641.93,1642.12,0.01,10.24,16757.84,1
2024-12-11,2024-12-11 13:17:00,1642.12,1642.3,1642.12,1642.3,0.01,10.24,16757.84,1
2024-12-11,2024-12-11 13:18:00,1642.3,1642.48,1642.3,1642.48,0.01,10.24,16757.84,1
2024-12-11,2024-12-11 13:19:00,1642.48,1642.67,1642.48,1642.67,0.01,10.24,16757.84,1
2024-12-11,2024-12-11 13:20:00,1642.67,1642.85,1642.67,1642.85,0.01,10.24,16757.84,1
2024-12-11,2024-12-11 13:21:00,1642.85,1643.03,1642.85,1643.03,0.01,10.24,16757.84,1
2024-12-11,2024-12-11 13:22:00,1643.03,1643.22,1643.03,1643.22,0.01,10.24,16757.84,1
2024-12-11,2024-12-11 13:23:00,1643.22,1643.4,1643.22,1643.4,0.01,10.24,16757.84,1
2024-12-11,2024-12-11 13:24:00,1643.4,1643.58,1643.4,1643.58,0.01,10.24,16757.84,1
2024-12-11,2024-12-11 13:25:00,1643.58,1643.77,1643.58,1643.77,0.01,10.24,16757.84,1
2024-12-11,2024-12-11 13:26:00,1643.77,1643.95,1643.77,1643.95,0.01,10.24,16757.84,1
2024-12-11,2024-12-11 13:27:00,1643.95,1644.13,1643.95,1644.13,0.01,10.24,16757.84,1
2024-12-11,2024-12-11 13:28:00,1644.13,1644.32,1644.13,1644.32,0.01,10.24,16757.84,1
2024-12-11,2024-12-11 13:29:00,1644.32,1644.5,1644.32,1644.5,0.01,10.24,16757.84,1
2024-12-11,2024-12-11 13:30:00,1644.5,1644.68,1644.5,1644.68,0.01,10.24,16757.84,1
2024-12-11,2024-12-11 13:31:00,1644.68,1644.87,1644.68,1644.87,0.01,10.24,16757.84,1
2024-12-11,2024-12-11 13:32:00,1644.87,1645.05,1644.87,1645.05,0.01,10.24,16757.84,1
2024-12-11,2024-12-11 13:33:00,1645.05,1645.23,1645.05,1645.23,0.01,10.24,16757.84,1
2024-12-11,2024-12-11 13:34:00,1645.23,1645.42,1645.23,1645.42,0.01,10.24,16757.84,1
2024-12-11,2024-12-11 13:35:00,1645.42,1645.6,1645.42,1645.6,0.01,10.24,16757.84,1
2024-12-11,2024-12-11 13:36:00,1645.6,1645.78,1645.6,1645.78,0.01,10.24,16757.84,1
2024-12-11,2024-12-11 13:37:00,1645.78,1645.97,1645.78,1645.97,0.01,10.24,16757.84,1
2024-12-11,2024-12-11 13:38:00,1645.97,1646.15,1645.97,1646.15,0.01,10.24,16757.84,1
2024-12-11,2024-12-11 13:39:00,1646.15,1646.33,1646.15,1646.33,0.01,10.24,16757.84,1
2024-12-11,2024-12-11 13:40:00,1646.33,1646.52,1646.33,1646.52,0.01,10.24,16757.84,1
2024-12-11,2024-12-11 13:41:00,1646.52,1646.7,1646.52,1646.7,0.01,10.24,16757.84,1
2024-12-11,2024-12-11 13:42:00,1646.7,1646.88,1646.7,1646.88,0.01,10.24,16757.84,1
2024-12-11,2024-12-11 13:43:00,1646.88,1647.07,1646.88,1647.07,0.01,10.24,16757.84,1
2024-12-11,2024-12-11 13:44:00,1647.07,1647.25,1647.07,1647.25,0.01,10.24,16757.84,1
2024-12-11,2024-12-11 13:45:00,1647.25,1647.43,1647.25,1647.43,0.01,10.24,16757.84,1
2024-12-11,2024-12-11 13:46:00,1647.43,1647.62,1647.43,1647.62,0.01,10.24,16757.84,1
2024-12-11,2024-12-11 13:47:00,1647.62,1647.8,1647.62,1647.8,0.01,10.24,16757.84,1
2024-12-11,2024-12-11 13:48:00,1647.8,1647.98,1647.8,1647.98,0.01,10.24,16757.84,1
2024-12-11,2024-12-11 13:49:00,1647.98,1648.17,1647.98,1648.17,0.01,10.24,16757.84,1
2024-12-11,2024-12-11 13:50:00,1648.17,1648.35,1648.17,1648.35,0.01,10.24,16757.84,1
2024-12-11,2024-12-11 13:51:00,1648.35,1648.53,1648.35,1648.53,0.01,10.24,16757.84,1
2024-12-11,2024-12-11 13:52:00,1648.53,1648.72,1648.53,1648.72,0.01,10.24,16757.84,1
2024-12-11,2024-12-11 13:53:00,1648.72,1648.9,1648.72,1648.9,0.01,10.24,16757.84,1
2024-12-11,2024-12-11 13:54:00,1648.9,1649.08,1648.9,1649.08,0.01,10.24,16757.84,1
2024-12-11,2024-12-11 13:55:00,1649.08,1649.27,1649.08,1649.27,0.01,10.24,16757.84,1
2024-12-11,2024-12-11 13:56:00,1649.27,1649.45,1649.27,1649.45,0.01,10.24,16757.84,1
2024-12-11,2024-12-11 13:57:00,1649.45,1649.63,1649.45,1649.63,0.01,10.24,16757.84,1
2024-12-11,2024-12-11 13:58:00,1649.63,1649.82,1649.63,1649.82,0.01,10.24,16757.84,1
2024-12-11,2024-12-11 13:59:00,1649.82,1650.0,1649.82,1650.0,0.01,10.24,16757.84,1
2024-12-11,2024-12-11 14:00:00,1650.0,1650.18,1650.0,1650.18,0.01,10.24,16757.84,1
2024-12-11,2024-12-11 14:01:00,1650.18,1650.37,1650.18,1650.37,0.01,10.24,16757.84,1
2024-12-11,2024-12-11 14:02:00,1650.37,1650.55,1650.37,1650.55,0.01,10.24,16757.84,1
2024-12-11,2024-12-11 14:03:00,1650.55,1650.73,1650.55,1650.73,0.01,10.24,16757.84,1
2024-12-11,2024-12-11 14:04:00,1650.73,1650.92,1650.73,1650.92,0.01,10.24,16757.84,1
2024-12-11,2024-12-11 14:05:00,1650.92,1651.1,1650.92,1651.1,0.01,10.24,16757.84,1
2024-12-11,2024-12-11 14:06:00,1651.1,1651.28,1651.1,1651.28,0.01,10.24,16757.84,1
2024-12-11,2024-12-11 14:07:00,1651.28,1651.47,1651.28,1651.47,0.01,10.24,16757.84,1
2024-12-11,2024-12-11 14:08:00,1651.47,1651.65,1651.47,1651.65,0.01,10.24,16757.84,1
2024-12-11,2024-12-11 14:09:00,1651.65,1651.83,1651.65,1651.83,0.01,10.24,16757.84,1
2024-12-11,2024-12-11 14:10:00,1651.83,1652.02,1651.83,1652.02,0.01,10.24,16757.84,1
2024-12-11,2024-12-11 14:11:00,1652.02,1652.2,1652.02,1652.2,0.01,10.24,16757.84,1
2024-12-11,2024-12-11 14:12:00,1652.2,1652.38,1652.2,1652.38,0.01,10.24,16757.84,1
2024-12-11,2024-12-11 14:13:00,1652.38,1652.57,1652.38,1652.57,0.01,10.24,16757.84,1
2024-12-11,2024-12-11 14:14:00,1652.57,1652.75,1652.57,1652.75,0.01,10.24,16757.84,1
2024-12-11,2024-12-11 14:15:00,1652.75,1652.93,1652.75,1652.93,0.01,10.24,16757.84,1
2024-12-11,2024-12-11 14:16:00,1652.93,1653.12,1652.93,1653.12,0.01,10.24,16757.84,1
2024-12-11,2024-12-11 14:17:00,1653.12,1653.3,1653.12,1653.3,0.01,10.24,16757.84,1
2024-12-11,2024-12-11 14:18:00,1653.3,1653.48,1653.3,1653.48,0.01,10.24,16757.84,1
2024-12-11,2024-12-11 14:19:00,1653.48,1653.67,1653.48,1653.67,0.01,10.24,16757.84,1
2024-12-11,2024-12-11 14:20:00,1653.67,1653.85,1653.67,1653.85,0.01,10.24,16757.84,1
2024-12-11,2024-12-11 14:21:00,1653.85,1654.03,1653.85,1654.03,0.01,10.24,16757.84,1
2024-12-11,2024-12-11 14:22:00,1654.03,1654.22,1654.03,1654.22,0.01,10.24,16757.84,1
2024-12-11,2024-12-11 14:23:00,1654.22,1654.4,1654.22,1654.4,0.01,10.24,16757.84,1
2024-12-11,2024-12-11 14:24:00,1654.4,1654.58,1654.4,1654.58,0.01,10.24,16757.84,1
2024-12-11,2024-12-11 14:25:00,1654.58,1654.77,1654.58,1654.77,0.01,10.24,16757.84,1
2024-12-11,2024-12-11 14:26:00,1654.77,1654.95,1654.77,1654.95,0.01,10.24,16757.84,1
2024-12-11,2024-12-11 14:27:00,1654.95,1655.13,1654.95,1655.13,0.01,10.24,16757.84,1
2024-12-11,2024-12-11 14:28:00,1655.13,1655.32,1655.13,1655.32,0.01,10.24,16757.84,1
2024-12-11,2024-12-11 14:29:00,1655.32,1655.5,1655.32,1655.5,0.01,10.24,16757.84,1
2024-12-11,2024-12-11 14:30:00,1655.5,1655.68,1655.5,1655.68,0.01,10.24,16757.84,1
2024-12-11,2024-12-11 14:31:00,1655.68,1655.87,1655.68,1655.87,0.01,10.24,16757.84,1
2024-12-11,2024-12-11 14:32:00,1655.87,1656.05,1655.87,1656.05,0.01,10.24,16757.84,1
2024-12-11,2024-12-11 14:33:00,1656.05,1656.23,1656.05,1656.23,0.01,10.24,16757.84,1
2024-12-11,2024-12-11 14:34:00,1656.23,1656.42,1656.23,1656.42,0.01,10.24,16757.84,1
2024-12-11,2024-12-11 14:35:00,1656.42,1656.6,1656.42,1656.6,0.01,10.24,16757.84,1
2024-12-11,2024-12-11 14:36:00,1656.6,1656.78,1656.6,1656.78,0.01,10.24,16757.84,1
2024-12-11,2024-12-11 14:37:00,1656.78,1656.97,1656.78,1656.97,0.01,10.24,16757.84,1
2024-12-11,2024-12-11 14:38:00,1656.97,1657.15,1656.97,1657.15,0.01,10.24,16757.84,1
2024-12-11,2024-12-11 14:39:00,1657.15,1657.33,1657.15,1657.33,0.01,10.24,16757.84,1
2024-12-11,2024-12-11 14:40:00,1657.33,1657.52,1657.33,1657.52,0.01,10.24,16757.84,1
2024-12-11,2024-12-11 14:41:00,1657.52,1657.7,1657.52,1657.7,0.01,10.24,16757.84,1
2024-12-11,2024-12-11 14:42:00,1657.7,1657.88,1657.7,1657.88,0.01,10.24,16757.84,1
2024-12-11,2024-12-11 14:43:00,1657.88,1658.07,1657.88,1658.07,0.01,10.24,16757.84,1
2024-12-11,2024-12-11 14:44:00,1658.07,1658.25,1658.07,1658.25,0.01,10.24,16757.84,1
2024-12-11,2024-12-11 14:45:00,1658.25,1658.43,1658.25,1658.43,0.01,10.24,16757.84,1
2024-12-11,2024-12-11 14:46:00,1658.43,1658.62,1658.43,1658.62,0.01,10.24,16757.84,1
2024-12-11,2024-12-11 14:47:00,1658.62,1658.8,1658.62,1658.8,0.01,10.24,16757.84,1
2024-12-11,2024-12-11 14:48:00,1658.8,1658.98,1658.8,1658.98,0.01,10.24,16757.84,1
2024-12-11,2024-12-11 14:49:00,1658.98,1659.17,1658.98,1659.17,0.01,10.24,16757.84,1
2024-12-11,2024-12-11 14:50:00,1659.17,1659.35,1659.17,1659.35,0.01,10.24,16757.84,1
2024-12-11,2024-12-11 14:51:00,1659.35,1659.53,1659.35,1659.53,0.01,10.24,16757.84,1
2024-12-11,2024-12-11 14:52:00,1659.53,1659.72,1659.53,1659.72,0.01,10.24,16757.84,1
2024-12-11,2024-12-11 14:53:00,1659.72,1659.9,1659.72,1659.9,0.01,10.24,16757.84,1
2024-12-11,2024-12-11 14:54:00,1659.9,1660.08,1659.9,1660.08,0.01,10.24,16757.84,1
2024-12-11,2024-12-11 14:55:00,1660.08,1660.27,1660.08,1660.27,0.01,10.24,16757.84,1
2024-12-11,2024-12-11 14:56:00,1660.27,1660.45,1660.27,1660.45,0.01,10.24,16757.84,1
2024-12-11,2024-12-11 14:57:00,1660.45,1660.63,1660.45,1660.63,0.01,10.24,16757.84,1
2024-12-11,2024-12-11 14:58:00,1660.63,1660.82,1660.63,1660.82,0.01,10.24,16757.84,1
2024-12-11,2024-12-11 14:59:00,1660.82,1661.0,1660.82,1661.0,0.01,10.24,16757.84,1
2024-12-11,2024-12-11 15:00:00,1661.0,1683.0,1586.0,1661.0,0.0,10.24,16757.84,0
2024-12-12,2024-12-12 11:00:00,1630.0,1659.34,1621.0,1630.12,0.01,27.24,44273.29,1
2024-12-12,2024-12-12 11:01:00,1630.12,1630.23,1630.12,1630.23,0.01,27.24,44273.29,1
2024-12-12,2024-12-12 11:02:00,1630.23,1630.35,1630.23,1630.35,0.01,27.24,44273.29,1
2024-12-12,2024-12-12 11:03:00,1630.35,1630.47,1630.35,1630.47,0.01,27.24,44273.29,1
2024-12-12,2024-12-12 11:04:00,1630.47,1630.58,1630.47,1630.58,0.01,27.24,44273.29,1
2024-12-12,2024-12-12 11:05:00,1630.58,1630.7,1630.58,1630.7,0.01,27.24,44273.29,1
2024-12-12,2024-12-12 11:06:00,1630.7,1630.82,1630.7,1630.82,0.01,27.24,44273.29,1
2024-12-12,2024-12-12 11:07:00,1630.82,1630.93,1630.82,1630.93,0.01,27.24,44273.29,1
2024-12-12,2024-12-12 11:08:00,1630.93,1631.05,1630.93,1631.05,0.01,27.24,44273.29,1
2024-12-12,2024-12-12 11:09:00,1631.05,1631.17,1631.05,1631.17,0.01,27.24,44273.29,1
2024-12-12,2024-12-12 11:10:00,1631.17,1631.28,1631.17,1631.28,0.01,27.24,44273.29,1
2024-12-12,2024-12-12 11:11:00,1631.28,1631.4,1631.28,1631.4,0.01,27.24,44273.29,1
2024-12-12,2024-12-12 11:12:00,1631.4,1631.52,1631.4,1631.52,0.01,27.24,44273.29,1
2024-12-12,2024-12-12 11:13:00,1631.52,1631.63,1631.52,1631.63,0.01,27.24,44273.29,1
2024-12-12,2024-12-12 11:14:00,1631.63,1631.75,1631.63,1631.75,0.01,27.24,44273.29,1
2024-12-12,2024-12-12 11:15:00,1631.75,1631.87,1631.75,1631.87,0.01,27.24,44273.29,1
2024-12-12,2024-12-12 11:16:00,1631.87,1631.98,1631.87,1631.98,0.01,27.24,44273.29,1
2024-12-12,2024-12-12 11:17:00,1631.98,1632.1,1631.98,1632.1,0.01,27.24,44273.29,1
2024-12-12,2024-12-12 11:18:00,1632.1,1632.22,1632.1,1632.22,0.01,27.24,44273.29,1
2024-12-12,2024-12-12 11:19:00,1632.22,1632.33,1632.22,1632.33,0.01,27.24,44273.29,1
2024-12-12,2024-12-12 11:20:00,1632.33,1632.45,1632.33,1632.45,0.01,27.24,44273.29,1
2024-12-12,2024-12-12 11:21:00,1632.45,1632.57,1632.45,1632.57,0.01,27.24,44273.29,1
2024-12-12,2024-12-12 11:22:00,1632.57,1632.68,1632.57,1632.68,0.01,27.24,44273.29,1
2024-12-12,2024-12-12 11:23:00,1632.68,1632.8,1632.68,1632.8,0.01,27.24,44273.29,1
2024-12-12,2024-12-12 11:24:00,1632.8,1632.92,1632.8,1632.92,0.01,27.24,44273.29,1
2024-12-12,2024-12-12 11:25:00,1632.92,1633.03,1632.92,1633.03,0.01,27.24,44273.29,1
2024-12-12,2024-12-12 11:26:00,1633.03,1633.15,1633.03,1633.15,0.01,27.24,44273.29,1
2024-12-12,2024-12-12 11:27:00,1633.15,1633.27,1633.15,1633.27,0.01,27.24,44273.29,1
2024-12-12,2024-12-12 11:28:00,1633.27,1633.38,1633.27,1633.38,0.01,27.24,44273.29,1
2024-12-12,2024-12-12 11:29:00,1633.38,1633.5,1633.38,1633.5,0.01,27.24,44273.29,1
2024-12-12,2024-12-12 11:30:00,1633.5,1633.62,1633.5,1633.62,0.01,27.24,44273.29,1
2024-12-12,2024-12-12 11:31:00,1633.62,1633.73,1633.62,1633.73,0.01,27.24,44273.29,1
2024-12-12,2024-12-12 11:32:00,1633.73,1633.85,1633.73,1633.85,0.01,27.24,44273.29,1
2024-12-12,2024-12-12 11:33:00,1633.85,1633.97,1633.85,1633.97,0.01,27.24,44273.29,1
2024-12-12,2024-12-12 11:34:00,1633.97,1634.08,1633.97,1634.08,0.01,27.24,44273.29,1
2024-12-12,2024-12-12 11:35:00,1634.08,1634.2,1634.08,1634.2,0.01,27.24,44273.29,1
2024-12-12,2024-12-12 11:36:00,1634.2,1634.32,1634.2,1634.32,0.01,27.24,44273.29,1
2024-12-12,2024-12-12 11:37:00,1634.32,1634.43,1634.32,1634.43,0.01,27.24,44273.29,1
2024-12-12,2024-12-12 11:38:00,1634.43,1634.55,1634.43,1634.55,0.01,27.24,44273.29,1
2024-12-12,2024-12-12 11:39:00,1634.55,1634.67,1634.55,1634.67,0.01,27.24,44273.29,1
2024-12-12,2024-12-12 11:40:00,1634.67,1634.78,1634.67,1634.78,0.01,27.24,44273.29,1
2024-12-12,2024-12-12 11:41:00,1634.78,1634.9,1634.78,1634.9,0.01,27.24,44273.29,1
2024-12-12,2024-12-12 11:42:00,1634.9,1635.02,1634.9,1635.02,0.01,27.24,44273.29,1
2024-12-12,2024-12-12 11:43:00,1635.02,1635.13,1635.02,1635.13,0.01,27.24,44273.29,1
2024-12-12,2024-12-12 11:44:00,1635.13,1635.25,1635.13,1635.25,0.01,27.24,44273.29,1
2024-12-12,2024-12-12 11:45:00,1635.25,1635.37,1635.25,1635.37,0.01,27.24,44273.29,1
2024-12-12,2024-12-12 11:46:00,1635.37,1635.48,1635.37,1635.48,0.01,27.24,44273.29,1
2024-12-12,2024-12-12 11:47:00,1635.48,1635.6,1635.48,1635.6,0.01,27.24,44273.29,1
2024-12-12,2024-12-12 11:48:00,1635.6,1635.72,1635.6,1635.72,0.01,27.24,44273.29,1
2024-12-12,2024-12-12 11:49:00,1635.72,1635.83,1635.72,1635.83,0.01,27.24,44273.29,1
2024-12-12,2024-12-12 11:50:00,1635.83,1635.95,1635.83,1635.95,0.01,27.24,44273.29,1
2024-12-12,2024-12-12 11:51:00,1635.95,1636.07,1635.95,1636.07,0.01,27.24,44273.29,1
2024-12-12,2024-12-12 11:52:00,1636.07,1636.18,1636.07,1636.18,0.01,27.24,44273.29,1
2024-12-12,2024-12-12 11:53:00,1636.18,1636.3,1636.18,1636.3,0.01,27.24,44273.29,1
2024-12-12,2024-12-12 11:54:00,1636.3,1636.42,1636.3,1636.42,0.01,27.24,44273.29,1
2024-12-12,2024-12-12 11:55:00,1636.42,1636.53,1636.42,1636.53,0.01,27.24,44273.29,1
2024-12-12,2024-12-12 11:56:00,1636.53,1636.65,1636.53,1636.65,0.01,27.24,44273.29,1
2024-12-12,2024-12-12 11:57:00,1636.65,1636.77,1636.65,1636.77,0.01,27.24,44273.29,1
2024-12-12,2024-12-12 11:58:00,1636.77,1636.88,1636.77,1636.88,0.01,27.24,44273.29,1
2024-12-12,2024-12-12 11:59:00,1636.88,1637.0,1636.88,1637.0,0.01,27.24,44273.29,1
2024-12-12,2024-12-12 12:00:00,1637.0,1637.12,1637.0,1637.12,0.01,27.24,44273.29,1
2024-12-12,2024-12-12 12:01:00,1637.12,1637.23,1637.12,1637.23,0.01,27.24,44273.29,1
2024-12-12,2024-12-12 12:02:00,1637.23,1637.35,1637.23,1637.35,0.01,27.24,44273.29,1
2024-12-12,2024-12-12 12:03:00,1637.35,1637.47,1637.35,1637.47,0.01,27.24,44273.29,1
2024-12-12,2024-12-12 12:04:00,1637.47,1637.58,1637.47,1637.58,0.01,27.24,44273.29,1
2024-12-12,2024-12-12 12:05:00,1637.58,1637.7,1637.58,1637.7,0.01,27.24,44273.29,1
2024-12-12,2024-12-12 12:06:00,1637.7,1637.82,1637.7,1637.82,0.01,27.24,44273.29,1
2024-12-12,2024-12-12 12:07:00,1637.82,1637.93,1637.82,1637.93,0.01,27.24,44273.29,1
2024-12-12,2024-12-12 12:08:00,1637.93,1638.05,1637.93,1638.05,0.01,27.24,44273.29,1
2024-12-12,2024-12-12 12:09:00,1638.05,1638.17,1638.05,1638.17,0.01,27.24,44273.29,1
2024-12-12,2024-12-12 12:10:00,1638.17,1638.28,1638.17,1638.28,0.01,27.24,44273.29,1
2024-12-12,2024-12-12 12:11:00,1638.28,1638.4,1638.28,1638.4,0.01,27.24,44273.29,1
2024-12-12,2024-12-12 12:12:00,1638.4,1638.52,1638.4,1638.52,0.01,27.24,44273.29,1
2024-12-12,2024-12-12 12:13:00,1638.52,1638.63,1638.52,1638.63,0.01,27.24,44273.29,1
2024-12-12,2024-12-12 12:14:00,1638.63,1638.75,1638.63,1638.75,0.01,27.24,44273.29,1
2024-12-12,2024-12-12 12:15:00,1638.75,1638.87,1638.75,1638.87,0.01,27.24,44273.29,1
2024-12-12,2024-12-12 12:16:00,1638.87,1638.98,1638.87,1638.98,0.01,27.24,44273.29,1
2024-12-12,2024-12-12 12:17:00,1638.98,1639.1,1638.98,1639.1,0.01,27.24,44273.29,1
2024-12-12,2024-12-12 12:18:00,1639.1,1639.22,1639.1,1639.22,0.01,27.24,44273.29,1
2024-12-12,2024-12-12 12:19:00,1639.22,1639.33,1639.22,1639.33,0.01,27.24,44273.29,1
2024-12-12,2024-12-12 12:20:00,1639.33,1639.45,1639.33,1639.45,0.01,27.24,44273.29,1
2024-12-12,2024-12-12 12:21:00,1639.45,1639.57,1639.45,1639.57,0.01,27.24,44273.29,1
2024-12-12,2024-12-12 12:22:00,1639.57,1639.68,1639.57,1639.68,0.01,27.24,44273.29,1
2024-12-12,2024-12-12 12:23:00,1639.68,1639.8,1639.68,1639.8,0.01,27.24,44273.29,1
2024-12-12,2024-12-12 12:24:00,1639.8,1639.92,1639.8,1639.92,0.01,27.24,44273.29,1
2024-12-12,2024-12-12 12:25:00,1639.92,1640.03,1639.92,1640.03,0.01,27.24,44273.29,1
2024-12-12,2024-12-12 12:26:00,1640.03,1640.15,1640.03,1640.15,0.01,27.24,44273.29,1
2024-12-12,2024-12-12 12:27:00,1640.15,1640.27,1640.15,1640.27,0.01,27.24,44273.29,1
2024-12-12,2024-12-12 12:28:00,1640.27,1640.38,1640.27,1640.38,0.01,27.24,44273.29,1
2024-12-12,2024-12-12 12:29:00,1640.38,1640.5,1640.38,1640.5,0.01,27.24,44273.29,1
2024-12-12,2024-12-12 12:30:00,1640.5,1640.62,1640.5,1640.62,0.01,27.24,44273.29,1
2024-12-12,2024-12-12 12:31:00,1640.62,1640.73,1640.62,1640.73,0.01,27.24,44273.29,1
2024-12-12,2024-12-12 12:32:00,1640.73,1640.85,1640.73,1640.85,0.01,27.24,44273.29,1
2024-12-12,2024-12-12 12:33:00,1640.85,1640.97,1640.85,1640.97,0.01,27.24,44273.29,1
2024-12-12,2024-12-12 12:34:00,1640.97,1641.08,1640.97,1641.08,0.01,27.24,44273.29,1
2024-12-12,2024-12-12 12:35:00,1641.08,1641.2,1641.08,1641.2,0.01,27.24,44273.29,1
2024-12-12,2024-12-12 12:36:00,1641.2,1641.32,1641.2,1641.32,0.01,27.24,44273.29,1
2024-12-12,2024-12-12 12:37:00,1641.32,1641.43,1641.32,1641.43,0.01,27.24,44273.29,1
2024-12-12,2024-12-12 12:38:00,1641.43,1641.55,1641.43,1641.55,0.01,27.24,44273.29,1
2024-12-12,2024-12-12 12:39:00,1641.55,1641.67,1641.55,1641.67,0.01,27.24,44273.29,1
2024-12-12,2024-12-12 12:40:00,1641.67,1641.78,1641.67,1641.78,0.01,27.24,44273.29,1
2024-12-12,2024-12-12 12:41:00,1641.78,1641.9,1641.78,1641.9,0.01,27.24,44273.29,1
2024-12-12,2024-12-12 12:42:00,1641.9,1642.02,1641.9,1642.02,0.01,27.24,44273.29,1
2024-12-12,2024-12-12 12:43:00,1642.02,1642.13,1642.02,1642.13,0.01,27.24,44273.29,1
2024-12-12,2024-12-12 12:44:00,1642.13,1642.25,1642.13,1642.25,0.01,27.24,44273.29,1
2024-12-12,2024-12-12 12:45:00,1642.25,1642.37,1642.25,1642.37,0.01,27.24,44273.29,1
2024-12-12,2024-12-12 12:46:00,1642.37,1642.48,1642.37,1642.48,0.01,27.24,44273.29,1
2024-12-12,2024-12-12 12:47:00,1642.48,1642.6,1642.48,1642.6,0.01,27.24,44273.29,1
2024-12-12,2024-12-12 12:48:00,1642.6,1642.72,1642.6,1642.72,0.01,27.24,44273.29,1
2024-12-12,2024-12-12 12:49:00,1642.72,1642.83,1642.72,1642.83,0.01,27.24,44273.29,1
2024-12-12,2024-12-12 12:50:00,1642.83,1642.95,1642.83,1642.95,0.01,27.24,44273.29,1
2024-12-12,2024-12-12 12:51:00,1642.95,1643.07,1642.95,1643.07,0.01,27.24,44273.29,1
2024-12-12,2024-12-12 12:52:00,1643.07,1643.18,1643.07,1643.18,0.01,27.24,44273.29,1
2024-12-12,2024-12-12 12:53:00,1643.18,1643.3,1643.18,1643.3,0.01,27.24,44273.29,1
2024-12-12,2024-12-12 12:54:00,1643.3,1643.42,1643.3,1643.42,0.01,27.24,44273.29,1
2024-12-12,2024-12-12 12:55:00,1643.42,1643.53,1643.42,1643.53,0.01,27.24,44273.29,1
2024-12-12,2024-12-12 12:56:00,1643.53,1643.65,1643.53,1643.65,0.01,27.24,44273.29,1
2024-12-12,2024-12-12 12:57:00,1643.65,1643.77,1643.65,1643.77,0.01,27.24,44273.29,1
2024-12-12,2024-12-12 12:58:00,1643.77,1643.88,1643.77,1643.88,0.01,27.24,44273.29,1
2024-12-12,2024-12-12 12:59:00,1643.88,1644.0,1643.88,1644.0,0.01,27.24,44273.29,1
2024-12-12,2024-12-12 13:00:00,1644.0,1727.8,1600.0,1644.12,0.01,27.24,44273.29,1
2024-12-12,2024-12-12 13:01:00,1644.12,1644.23,1644.12,1644.23,0.01,27.24,44273.29,1
2024-12-12,2024-12-12 13:02:00,1644.23,1644.35,1644.23,1644.35,0.01,27.24,44273.29,1
2024-12-12,2024-12-12 13:03:00,1644.35,1644.47,1644.35,1644.47,0.01,27.24,44273.29,1
2024-12-12,2024-12-12 13:04:00,1644.47,1644.58,1644.47,1644.58,0.01,27.24,44273.29,1
2024-12-12,2024-12-12 13:05:00,1644.58,1644.7,1644.58,1644.7,0.01,27.24,44273.29,1
2024-12-12,2024-12-12 13:06:00,1644.7,1644.82,1644.7,1644.82,0.01,27.24,44273.29,1
2024-12-12,2024-12-12 13:07:00,1644.82,1644.93,1644.82,1644.93,0.01,27.24,44273.29,1
2024-12-12,2024-12-12 13:08:00,1644.93,1645.05,1644.93,1645.05,0.01,27.24,44273.29,1
2024-12-12,2024-12-12 13:09:00,1645.05,1645.17,1645.05,1645.17,0.01,27.24,44273.29,1
2024-12-12,2024-12-12 13:10:00,1645.17,1645.28,1645.17,1645.28,0.01,27.24,44273.29,1
2024-12-12,2024-12-12 13:11:00,1645.28,1645.4,1645.28,1645.4,0.01,27.24,44273.29,1
2024-12-12,2024-12-12 13:12:00,1645.4,1645.52,1645.4,1645.52,0.01,27.24,44273.29,1
2024-12-12,2024-12-12 13:13:00,1645.52,1645.63,1645.52,1645.63,0.01,27.24,44273.29,1
2024-12-12,2024-12-12 13:14:00,1645.63,1645.75,1645.63,1645.75,0.01,27.24,44273.29,1
2024-12-12,2024-12-12 13:15:00,1645.75,1645.87,1645.75,1645.87,0.01,27.24,44273.29,1
2024-12-12,2024-12-12 13:16:00,1645.87,1645.98,1645.87,1645.98,0.01,27.24,44273.29,1
2024-12-12,2024-12-12 13:17:00,1645.98,1646.1,1645.98,1646.1,0.01,27.24,44273.29,1
2024-12-12,2024-12-12 13:18:00,1646.1,1646.22,1646.1,1646.22,0.01,27.24,44273.29,1
2024-12-12,2024-12-12 13:19:00,1646.22,1646.33,1646.22,1646.33,0.01,27.24,44273.29,1
2024-12-12,2024-12-12 13:20:00,1646.33,1646.45,1646.33,1646.45,0.01,27.24,44273.29,1
2024-12-12,2024-12-12 13:21:00,1646.45,1646.57,1646.45,1646.57,0.01,27.24,44273.29,1
2024-12-12,2024-12-12 13:22:00,1646.57,1646.68,1646.57,1646.68,0.01,27.24,44273.29,1
2024-12-12,2024-12-12 13:23:00,1646.68,1646.8,1646.68,1646.8,0.01,27.24,44273.29,1
2024-12-12,2024-12-12 13:24:00,1646.8,1646.92,1646.8,1646.92,0.01,27.24,44273.29,1
2024-12-12,2024-12-12 13:25:00,1646.92,1647.03,1646.92,1647.03,0.01,27.24,44273.29,1
2024-12-12,2024-12-12 13:26:00,1647.03,1647.15,1647.03,1647.15,0.01,27.24,44273.29,1
2024-12-12,2024-12-12 13:27:00,1647.15,1647.27,1647.15,1647.27,0.01,27.24,44273.29,1
2024-12-12,2024-12-12 13:28:00,1647.27,1647.38,1647.27,1647.38,0.01,27.24,44273.29,1
2024-12-12,2024-12-12 13:29:00,1647.38,1647.5,1647.38,1647.5,0.01,27.24,44273.29,1
2024-12-12,2024-12-12 13:30:00,1647.5,1647.62,1647.5,1647.62,0.01,27.24,44273.29,1
2024-12-12,2024-12-12 13:31:00,1647.62,1647.73,1647.62,1647.73,0.01,27.24,44273.29,1
2024-12-12,2024-12-12 13:32:00,1647.73,1647.85,1647.73,1647.85,0.01,27.24,44273.29,1
2024-12-12,2024-12-12 13:33:00,1647.85,1647.97,1647.85,1647.97,0.01,27.24,44273.29,1
2024-12-12,2024-12-12 13:34:00,1647.97,1648.08,1647.97,1648.08,0.01,27.24,44273.29,1
2024-12-12,2024-12-12 13:35:00,1648.08,1648.2,1648.08,1648.2,0.01,27.24,44273.29,1
2024-12-12,2024-12-12 13:36:00,1648.2,1648.32,1648.2,1648.32,0.01,27.24,44273.29,1
2024-12-12,2024-12-12 13:37:00,1648.32,1648.43,1648.32,1648.43,0.01,27.24,44273.29,1
2024-12-12,2024-12-12 13:38:00,1648.43,1648.55,1648.43,1648.55,0.01,27.24,44273.29,1
2024-12-12,2024-12-12 13:39:00,1648.55,1648.67,1648.55,1648.67,0.01,27.24,44273.29,1
2024-12-12,2024-12-12 13:40:00,1648.67,1648.78,1648.67,1648.78,0.01,27.24,44273.29,1
2024-12-12,2024-12-12 13:41:00,1648.78,1648.9,1648.78,1648.9,0.01,27.24,44273.29,1
2024-12-12,2024-12-12 13:42:00,1648.9,1649.02,1648.9,1649.02,0.01,27.24,44273.29,1
2024-12-12,2024-12-12 13:43:00,1649.02,1649.13,1649.02,1649.13,0.01,27.24,44273.29,1
2024-12-12,2024-12-12 13:44:00,1649.13,1649.25,1649.13,1649.25,0.01,27.24,44273.29,1
2024-12-12,2024-12-12 13:45:00,1649.25,1649.37,1649.25,1649.37,0.01,27.24,44273.29,1
2024-12-12,2024-12-12 13:46:00,1649.37,1649.48,1649.37,1649.48,0.01,27.24,44273.29,1
2024-12-12,2024-12-12 13:47:00,1649.48,1649.6,1649.48,1649.6,0.01,27.24,44273.29,1
2024-12-12,2024-12-12 13:48:00,1649.6,1649.72,1649.6,1649.72,0.01,27.24,44273.29,1
2024-12-12,2024-12-12 13:49:00,1649.72,1649.83,1649.72,1649.83,0.01,27.24,44273.29,1
2024-12-12,2024-12-12 13:50:00,1649.83,1649.95,1649.83,1649.95,0.01,27.24,44273.29,1
2024-12-12,2024-12-12 13:51:00,1649.95,1650.07,1649.95,1650.07,0.01,27.24,44273.29,1
2024-12-12,2024-12-12 13:52:00,1650.07,1650.18,1650.07,1650.18,0.01,27.24,44273.29,1
2024-12-12,2024-12-12 13:53:00,1650.18,1650.3,1650.18,1650.3,0.01,27.24,44273.29,1
2024-12-12,2024-12-12 13:54:00,1650.3,1650.42,1650.3,1650.42,0.01,27.24,44273.29,1
2024-12-12,2024-12-12 13:55:00,1650.42,1650.53,1650.42,1650.53,0.01,27.24,44273.29,1
2024-12-12,2024-12-12 13:56:00,1650.53,1650.65,1650.53,1650.65,0.01,27.24,44273.29,1
2024-12-12,2024-12-12 13:57:00,1650.65,1650.77,1650.65,1650.77,0.01,27.24,44273.29,1
2024-12-12,2024-12-12 13:58:00,1650.77,1650.88,1650.77,1650.88,0.01,27.24,44273.29,1
2024-12-12,2024-12-12 13:59:00,1650.88,1651.0,1650.88,1651.0,0.01,27.24,44273.29,1
2024-12-12,2024-12-12 14:00:00,1651.0,1651.12,1651.0,1651.12,0.01,27.24,44273.29,1
2024-12-12,2024-12-12 14:01:00,1651.12,1651.23,1651.12,1651.23,0.01,27.24,44273.29,1
2024-12-12,2024-12-12 14:02:00,1651.23,1651.35,1651.23,1651.35,0.01,27.24,44273.29,1
2024-12-12,2024-12-12 14:03:00,1651.35,1651.47,1651.35,1651.47,0.01,27.24,44273.29,1
2024-12-12,2024-12-12 14:04:00,1651.47,1651.58,1651.47,1651.58,0.01,27.24,44273.29,1
2024-12-12,2024-12-12 14:05:00,1651.58,1651.7,1651.58,1651.7,0.01,27.24,44273.29,1
2024-12-12,2024-12-12 14:06:00,1651.7,1651.82,1651.7,1651.82,0.01,27.24,44273.29,1
2024-12-12,2024-12-12 14:07:00,1651.82,1651.93,1651.82,1651.93,0.01,27.24,44273.29,1
2024-12-12,2024-12-12 14:08:00,1651.93,1652.05,1651.93,1652.05,0.01,27.24,44273.29,1
2024-12-12,2024-12-12 14:09:00,1652.05,1652.17,1652.05,1652.17,0.01,27.24,44273.29,1
2024-12-12,2024-12-12 14:10:00,1652.17,1652.28,1652.17,1652.28,0.01,27.24,44273.29,1
2024-12-12,2024-12-12 14:11:00,1652.28,1652.4,1652.28,1652.4,0.01,27.24,44273.29,1
2024-12-12,2024-12-12 14:12:00,1652.4,1652.52,1652.4,1652.52,0.01,27.24,44273.29,1
2024-12-12,2024-12-12 14:13:00,1652.52,1652.63,1652.52,1652.63,0.01,27.24,44273.29,1
2024-12-12,2024-12-12 14:14:00,1652.63,1652.75,1652.63,1652.75,0.01,27.24,44273.29,1
2024-12-12,2024-12-12 14:15:00,1652.75,1652.87,1652.75,1652.87,0.01,27.24,44273.29,1
2024-12-12,2024-12-12 14:16:00,1652.87,1652.98,1652.87,1652.98,0.01,27.24,44273.29,1
2024-12-12,2024-12-12 14:17:00,1652.98,1653.1,1652.98,1653.1,0.01,27.24,44273.29,1
2024-12-12,2024-12-12 14:18:00,1653.1,1653.22,1653.1,1653.22,0.01,27.24,44273.29,1
2024-12-12,2024-12-12 14:19:00,1653.22,1653.33,1653.22,1653.33,0.01,27.24,44273.29,1
2024-12-12,2024-12-12 14:20:00,1653.33,1653.45,1653.33,1653.45,0.01,27.24,44273.29,1
2024-12-12,2024-12-12 14:21:00,1653.45,1653.57,1653.45,1653.57,0.01,27.24,44273.29,1
2024-12-12,2024-12-12 14:22:00,1653.57,1653.68,1653.57,1653.68,0.01,27.24,44273.29,1
2024-12-12,2024-12-12 14:23:00,1653.68,1653.8,1653.68,1653.8,0.01,27.24,44273.29,1
2024-12-12,2024-12-12 14:24:00,1653.8,1653.92,1653.8,1653.92,0.01,27.24,44273.29,1
2024-12-12,2024-12-12 14:25:00,1653.92,1654.03,1653.92,1654.03,0.01,27.24,44273.29,1
2024-12-12,2024-12-12 14:26:00,1654.03,1654.15,1654.03,1654.15,0.01,27.24,44273.29,1
2024-12-12,2024-12-12 14:27:00,1654.15,1654.27,1654.15,1654.27,0.01,27.24,44273.29,1
2024-12-12,2024-12-12 14:28:00,1654.27,1654.38,1654.27,1654.38,0.01,27.24,44273.29,1
2024-12-12,2024-12-12 14:29:00,1654.38,1654.5,1654.38,1654.5,0.01,27.24,44273.29,1
2024-12-12,2024-12-12 14:30:00,1654.5,1654.62,1654.5,1654.62,0.01,27.24,44273.29,1
2024-12-12,2024-12-12 14:31:00,1654.62,1654.73,1654.62,1654.73,0.01,27.24,44273.29,1
2024-12-12,2024-12-12 14:32:00,1654.73,1654.85,1654.73,1654.85,0.01,27.24,44273.29,1
2024-12-12,2024-12-12 14:33:00,1654.85,1654.97,1654.85,1654.97,0.01,27.24,44273.29,1
2024-12-12,2024-12-12 14:34:00,1654.97,1655.08,1654.97,1655.08,0.01,27.24,44273.29,1
2024-12-12,2024-12-12 14:35:00,1655.08,1655.2,1655.08,1655.2,0.01,27.24,44273.29,1
2024-12-12,2024-12-12 14:36:00,1655.2,1655.32,1655.2,1655.32,0.01,27.24,44273.29,1
2024-12-12,2024-12-12 14:37:00,1655.32,1655.43,1655.32,1655.43,0.01,27.24,44273.29,1
2024-12-12,2024-12-12 14:38:00,1655.43,1655.55,1655.43,1655.55,0.01,27.24,44273.29,1
2024-12-12,2024-12-12 14:39:00,1655.55,1655.67,1655.55,1655.67,0.01,27.24,44273.29,1
2024-12-12,2024-12-12 14:40:00,1655.67,1655.78,1655.67,1655.78,0.01,27.24,44273.29,1
2024-12-12,2024-12-12 14:41:00,1655.78,1655.9,1655.78,1655.9,0.01,27.24,44273.29,1
2024-12-12,2024-12-12 14:42:00,1655.9,1656.02,1655.9,1656.02,0.01,27.24,44273.29,1
2024-12-12,2024-12-12 14:43:00,1656.02,1656.13,1656.02,1656.13,0.01,27.24,44273.29,1
2024-12-12,2024-12-12 14:44:00,1656.13,1656.25,1656.13,1656.25,0.01,27.24,44273.29,1
2024-12-12,2024-12-12 14:45:00,1656.25,1656.37,1656.25,1656.37,0.01,27.24,44273.29,1
2024-12-12,2024-12-12 14:46:00,1656.37,1656.48,1656.37,1656.48,0.01,27.24,44273.29,1
2024-12-12,2024-12-12 14:47:00,1656.48,1656.6,1656.48,1656.6,0.01,27.24,44273.29,1
2024-12-12,2024-12-12 14:48:00,1656.6,1656.72,1656.6,1656.72,0.01,27.24,44273.29,1
2024-12-12,2024-12-12 14:49:00,1656.72,1656.83,1656.72,1656.83,0.01,27.24,44273.29,1
2024-12-12,2024-12-12 14:50:00,1656.83,1656.95,1656.83,1656.95,0.01,27.24,44273.29,1
2024-12-12,2024-12-12 14:51:00,1656.95,1657.07,1656.95,1657.07,0.01,27.24,44273.29,1
2024-12-12,2024-12-12 14:52:00,1657.07,1657.18,1657.07,1657.18,0.01,27.24,44273.29,1
2024-12-12,2024-12-12 14:53:00,1657.18,1657.3,1657.18,1657.3,0.01,27.24,44273.29,1
2024-12-12,2024-12-12 14:54:00,1657.3,1657.42,1657.3,1657.42,0.01,27.24,44273.29,1
2024-12-12,2024-12-12 14:55:00,1657.42,1657.53,1657.42,1657.53,0.01,27.24,44273.29,1
2024-12-12,2024-12-12 14:56:00,1657.53,1657.65,1657.53,1657.65,0.01,27.24,44273.29,1
2024-12-12,2024-12-12 14:57:00,1657.65,1657.77,1657.65,1657.77,0.01,27.24,44273.29,1
2024-12-12,2024-12-12 14:58:00,1657.77,1657.88,1657.77,1657.88,0.01,27.24,44273.29,1
2024-12-12,2024-12-12 14:59:00,1657.88,1658.0,1657.88,1658.0,0.01,27.24,44273.29,1
2024-12-12,2024-12-12 15:00:00,1658.0,1727.8,1600.0,1658.0,0.0,27.24,44273.29,0
2024-12-16,2024-12-16 11:00:00,1634.9,1650.86,1611.89,1634.96,0.0,42.57,68526.84,1
2024-12-16,2024-12-16 11:01:00,1634.96,1635.03,1634.96,1635.03,0.0,42.57,68526.84,1
2024-12-16,2024-12-16 11:02:00,1635.03,1635.09,1635.03,1635.09,0.0,42.57,68526.84,1
2024-12-16,2024-12-16 11:03:00,1635.09,1635.15,1635.09,1635.15,0.0,42.57,68526.84,1
2024-12-16,2024-12-16 11:04:00,1635.15,1635.21,1635.15,1635.21,0.0,42.57,68526.84,1
2024-12-16,2024-12-16 11:05:00,1635.21,1635.28,1635.21,1635.28,0.0,42.57,68526.84,1
2024-12-16,2024-12-16 11:06:00,1635.28,1635.34,1635.28,1635.34,0.0,42.57,68526.84,1
2024-12-16,2024-12-16 11:07:00,1635.34,1635.4,1635.34,1635.4,0.0,42.57,68526.84,1
2024-12-16,2024-12-16 11:08:00,1635.4,1635.47,1635.4,1635.47,0.0,42.57,68526.84,1
2024-12-16,2024-12-16 11:09:00,1635.47,1635.53,1635.47,1635.53,0.0,42.57,68526.84,1
2024-12-16,2024-12-16 11:10:00,1635.53,1635.59,1635.53,1635.59,0.0,42.57,68526.84,1
2024-12-16,2024-12-16 11:11:00,1635.59,1635.66,1635.59,1635.66,0.0,42.57,68526.84,1
2024-12-16,2024-12-16 11:12:00,1635.66,1635.72,1635.66,1635.72,0.0,42.57,68526.84,1
2024-12-16,2024-12-16 11:13:00,1635.72,1635.78,1635.72,1635.78,0.0,42.57,68526.84,1
2024-12-16,2024-12-16 11:14:00,1635.78,1635.84,1635.78,1635.84,0.0,42.57,68526.84,1
2024-12-16,2024-12-16 11:15:00,1635.84,1635.91,1635.84,1635.91,0.0,42.57,68526.84,1
2024-12-16,2024-12-16 11:16:00,1635.91,1635.97,1635.91,1635.97,0.0,42.57,68526.84,1
2024-12-16,2024-12-16 11:17:00,1635.97,1636.03,1635.97,1636.03,0.0,42.57,68526.84,1
2024-12-16,2024-12-16 11:18:00,1636.03,1636.1,1636.03,1636.1,0.0,42.57,68526.84,1
2024-12-16,2024-12-16 11:19:00,1636.1,1636.16,1636.1,1636.16,0.0,42.57,68526.84,1
2024-12-16,2024-12-16 11:20:00,1636.16,1636.22,1636.16,1636.22,0.0,42.57,68526.84,1
2024-12-16,2024-12-16 11:21:00,1636.22,1636.28,1636.22,1636.28,0.0,42.57,68526.84,1
2024-12-16,2024-12-16 11:22:00,1636.28,1636.35,1636.28,1636.35,0.0,42.57,68526.84,1
2024-12-16,2024-12-16 11:23:00,1636.35,1636.41,1636.35,1636.41,0.0,42.57,68526.84,1
2024-12-16,2024-12-16 11:24:00,1636.41,1636.47,1636.41,1636.47,0.0,42.57,68526.84,1
2024-12-16,2024-12-16 11:25:00,1636.47,1636.54,1636.47,1636.54,0.0,42.57,68526.84,1
2024-12-16,2024-12-16 11:26:00,1636.54,1636.6,1636.54,1636.6,0.0,42.57,68526.84,1
2024-12-16,2024-12-16 11:27:00,1636.6,1636.66,1636.6,1636.66,0.0,42.57,68526.84,1
2024-12-16,2024-12-16 11:28:00,1636.66,1636.72,1636.66,1636.72,0.0,42.57,68526.84,1
2024-12-16,2024-12-16 11:29:00,1636.72,1636.79,1636.72,1636.79,0.0,42.57,68526.84,1
2024-12-16,2024-12-16 11:30:00,1636.79,1636.85,1636.79,1636.85,0.0,42.57,68526.84,1
2024-12-16,2024-12-16 11:31:00,1636.85,1636.91,1636.85,1636.91,0.0,42.57,68526.84,1
2024-12-16,2024-12-16 11:32:00,1636.91,1636.98,1636.91,1636.98,0.0,42.57,68526.84,1
2024-12-16,2024-12-16 11:33:00,1636.98,1637.04,1636.98,1637.04,0.0,42.57,68526.84,1
2024-12-16,2024-12-16 11:34:00,1637.04,1637.1,1637.04,1637.1,0.0,42.57,68526.84,1
2024-12-16,2024-12-16 11:35:00,1637.1,1637.16,1637.1,1637.16,0.0,42.57,68526.84,1
2024-12-16,2024-12-16 11:36:00,1637.16,1637.23,1637.16,1637.23,0.0,42.57,68526.84,1
2024-12-16,2024-12-16 11:37:00,1637.23,1637.29,1637.23,1637.29,0.0,42.57,68526.84,1
2024-12-16,2024-12-16 11:38:00,1637.29,1637.35,1637.29,1637.35,0.0,42.57,68526.84,1
2024-12-16,2024-12-16 11:39:00,1637.35,1637.42,1637.35,1637.42,0.0,42.57,68526.84,1
2024-12-16,2024-12-16 11:40:00,1637.42,1637.48,1637.42,1637.48,0.0,42.57,68526.84,1
2024-12-16,2024-12-16 11:41:00,1637.48,1637.54,1637.48,1637.54,0.0,42.57,68526.84,1
2024-12-16,2024-12-16 11:42:00,1637.54,1637.61,1637.54,1637.61,0.0,42.57,68526.84,1
2024-12-16,2024-12-16 11:43:00,1637.61,1637.67,1637.61,1637.67,0.0,42.57,68526.84,1
2024-12-16,2024-12-16 11:44:00,1637.67,1637.73,1637.67,1637.73,0.0,42.57,68526.84,1
2024-12-16,2024-12-16 11:45:00,1637.73,1637.79,1637.73,1637.79,0.0,42.57,68526.84,1
2024-12-16,2024-12-16 11:46:00,1637.79,1637.86,1637.79,1637.86,0.0,42.57,68526.84,1
2024-12-16,2024-12-16 11:47:00,1637.86,1637.92,1637.86,1637.92,0.0,42.57,68526.84,1
2024-12-16,2024-12-16 11:48:00,1637.92,1637.98,1637.92,1637.98,0.0,42.57,68526.84,1
2024-12-16,2024-12-16 11:49:00,1637.98,1638.05,1637.98,1638.05,0.0,42.57,68526.84,1
2024-12-16,2024-12-16 11:50:00,1638.05,1638.11,1638.05,1638.11,0.0,42.57,68526.84,1
2024-12-16,2024-12-16 11:51:00,1638.11,1638.17,1638.11,1638.17,0.0,42.57,68526.84,1
2024-12-16,2024-12-16 11:52:00,1638.17,1638.23,1638.17,1638.23,0.0,42.57,68526.84,1
2024-12-16,2024-12-16 11:53:00,1638.23,1638.3,1638.23,1638.3,0.0,42.57,68526.84,1
2024-12-16,2024-12-16 11:54:00,1638.3,1638.36,1638.3,1638.36,0.0,42.57,68526.84,1
2024-12-16,2024-12-16 11:55:00,1638.36,1638.42,1638.36,1638.42,0.0,42.57,68526.84,1
2024-12-16,2024-12-16 11:56:00,1638.42,1638.49,1638.42,1638.49,0.0,42.57,68526.84,1
2024-12-16,2024-12-16 11:57:00,1638.49,1638.55,1638.49,1638.55,0.0,42.57,68526.84,1
2024-12-16,2024-12-16 11:58:00,1638.55,1638.61,1638.55,1638.61,0.0,42.57,68526.84,1
2024-12-16,2024-12-16 11:59:00,1638.61,1638.68,1638.61,1638.68,0.0,42.57,68526.84,1
2024-12-16,2024-12-16 12:00:00,1638.68,1638.74,1638.68,1638.74,0.0,42.57,68526.84,1
2024-12-16,2024-12-16 12:01:00,1638.74,1638.8,1638.74,1638.8,0.0,42.57,68526.84,1
2024-12-16,2024-12-16 12:02:00,1638.8,1638.86,1638.8,1638.86,0.0,42.57,68526.84,1
2024-12-16,2024-12-16 12:03:00,1638.86,1638.93,1638.86,1638.93,0.0,42.57,68526.84,1
2024-12-16,2024-12-16 12:04:00,1638.93,1638.99,1638.93,1638.99,0.0,42.57,68526.84,1
2024-12-16,2024-12-16 12:05:00,1638.99,1639.05,1638.99,1639.05,0.0,42.57,68526.84,1
2024-12-16,2024-12-16 12:06:00,1639.05,1639.12,1639.05,1639.12,0.0,42.57,68526.84,1
2024-12-16,2024-12-16 12:07:00,1639.12,1639.18,1639.12,1639.18,0.0,42.57,68526.84,1
2024-12-16,2024-12-16 12:08:00,1639.18,1639.24,1639.18,1639.24,0.0,42.57,68526.84,1
2024-12-16,2024-12-16 12:09:00,1639.24,1639.3,1639.24,1639.3,0.0,42.57,68526.84,1
2024-12-16,2024-12-16 12:10:00,1639.3,1639.37,1639.3,1639.37,0.0,42.57,68526.84,1
2024-12-16,2024-12-16 12:11:00,1639.37,1639.43,1639.37,1639.43,0.0,42.57,68526.84,1
2024-12-16,2024-12-16 12:12:00,1639.43,1639.49,1639.43,1639.49,0.0,42.57,68526.84,1
2024-12-16,2024-12-16 12:13:00,1639.49,1639.56,1639.49,1639.56,0.0,42.57,68526.84,1
2024-12-16,2024-12-16 12:14:00,1639.56,1639.62,1639.56,1639.62,0.0,42.57,68526.84,1
2024-12-16,2024-12-16 12:15:00,1639.62,1639.68,1639.62,1639.68,0.0,42.57,68526.84,1
2024-12-16,2024-12-16 12:16:00,1639.68,1639.74,1639.68,1639.74,0.0,42.57,68526.84,1
2024-12-16,2024-12-16 12:17:00,1639.74,1639.81,1639.74,1639.81,0.0,42.57,68526.84,1
2024-12-16,2024-12-16 12:18:00,1639.81,1639.87,1639.81,1639.87,0.0,42.57,68526.84,1
2024-12-16,2024-12-16 12:19:00,1639.87,1639.93,1639.87,1639.93,0.0,42.57,68526.84,1
2024-12-16,2024-12-16 12:20:00,1639.93,1640.0,1639.93,1640.0,0.0,42.57,68526.84,1
2024-12-16,2024-12-16 12:21:00,1640.0,1640.06,1640.0,1640.06,0.0,42.57,68526.84,1
2024-12-16,2024-12-16 12:22:00,1640.06,1640.12,1640.06,1640.12,0.0,42.57,68526.84,1
2024-12-16,2024-12-16 12:23:00,1640.12,1640.18,1640.12,1640.18,0.0,42.57,68526.84,1
2024-12-16,2024-12-16 12:24:00,1640.18,1640.25,1640.18,1640.25,0.0,42.57,68526.84,1
2024-12-16,2024-12-16 12:25:00,1640.25,1640.31,1640.25,1640.31,0.0,42.57,68526.84,1
2024-12-16,2024-12-16 12:26:00,1640.31,1640.37,1640.31,1640.37,0.0,42.57,68526.84,1
2024-12-16,2024-12-16 12:27:00,1640.37,1640.44,1640.37,1640.44,0.0,42.57,68526.84,1
2024-12-16,2024-12-16 12:28:00,1640.44,1640.5,1640.44,1640.5,0.0,42.57,68526.84,1
2024-12-16,2024-12-16 12:29:00,1640.5,1640.56,1640.5,1640.56,0.0,42.57,68526.84,1
2024-12-16,2024-12-16 12:30:00,1640.56,1640.63,1640.56,1640.63,0.0,42.57,68526.84,1
2024-12-16,2024-12-16 12:31:00,1640.63,1640.69,1640.63,1640.69,0.0,42.57,68526.84,1
2024-12-16,2024-12-16 12:32:00,1640.69,1640.75,1640.69,1640.75,0.0,42.57,68526.84,1
2024-12-16,2024-12-16 12:33:00,1640.75,1640.81,1640.75,1640.81,0.0,42.57,68526.84,1
2024-12-16,2024-12-16 12:34:00,1640.81,1640.88,1640.81,1640.88,0.0,42.57,68526.84,1
2024-12-16,2024-12-16 12:35:00,1640.88,1640.94,1640.88,1640.94,0.0,42.57,68526.84,1
2024-12-16,2024-12-16 12:36:00,1640.94,1641.0,1640.94,1641.0,0.0,42.57,68526.84,1
2024-12-16,2024-12-16 12:37:00,1641.0,1641.07,1641.0,1641.07,0.0,42.57,68526.84,1
2024-12-16,2024-12-16 12:38:00,1641.07,1641.13,1641.07,1641.13,0.0,42.57,68526.84,1
2024-12-16,2024-12-16 12:39:00,1641.13,1641.19,1641.13,1641.19,0.0,42.57,68526.84,1
2024-12-16,2024-12-16 12:40:00,1641.19,1641.25,1641.19,1641.25,0.0,42.57,68526.84,1
2024-12-16,2024-12-16 12:41:00,1641.25,1641.32,1641.25,1641.32,0.0,42.57,68526.84,1
2024-12-16,2024-12-16 12:42:00,1641.32,1641.38,1641.32,1641.38,0.0,42.57,68526.84,1
2024-12-16,2024-12-16 12:43:00,1641.38,1641.44,1641.38,1641.44,0.0,42.57,68526.84,1
2024-12-16,2024-12-16 12:44:00,1641.44,1641.51,1641.44,1641.51,0.0,42.57,68526.84,1
2024-12-16,2024-12-16 12:45:00,1641.51,1641.57,1641.51,1641.57,0.0,42.57,68526.84,1
2024-12-16,2024-12-16 12:46:00,1641.57,1641.63,1641.57,1641.63,0.0,42.57,68526.84,1
2024-12-16,2024-12-16 12:47:00,1641.63,1641.7,1641.63,1641.7,0.0,42.57,68526.84,1
2024-12-16,2024-12-16 12:48:00,1641.7,1641.76,1641.7,1641.76,0.0,42.57,68526.84,1
2024-12-16,2024-12-16 12:49:00,1641.76,1641.82,1641.76,1641.82,0.0,42.57,68526.84,1
2024-12-16,2024-12-16 12:50:00,1641.82,1641.88,1641.82,1641.88,0.0,42.57,68526.84,1
2024-12-16,2024-12-16 12:51:00,1641.88,1641.95,1641.88,1641.95,0.0,42.57,68526.84,1
2024-12-16,2024-12-16 12:52:00,1641.95,1642.01,1641.95,1642.01,0.0,42.57,68526.84,1
2024-12-16,2024-12-16 12:53:00,1642.01,1642.07,1642.01,1642.07,0.0,42.57,68526.84,1
2024-12-16,2024-12-16 12:54:00,1642.07,1642.14,1642.07,1642.14,0.0,42.57,68526.84,1
2024-12-16,2024-12-16 12:55:00,1642.14,1642.2,1642.14,1642.2,0.0,42.57,68526.84,1
2024-12-16,2024-12-16 12:56:00,1642.2,1642.26,1642.2,1642.26,0.0,42.57,68526.84,1
2024-12-16,2024-12-16 12:57:00,1642.26,1642.32,1642.26,1642.32,0.0,42.57,68526.84,1
2024-12-16,2024-12-16 12:58:00,1642.32,1642.39,1642.32,1642.39,0.0,42.57,68526.84,1
2024-12-16,2024-12-16 12:59:00,1642.39,1642.45,1642.39,1642.45,0.0,42.57,68526.84,1
2024-12-16,2024-12-16 13:00:00,1642.45,1688.1,1558.2,1642.51,0.0,42.57,68526.84,1
2024-12-16,2024-12-16 13:01:00,1642.51,1642.58,1642.51,1642.58,0.0,42.57,68526.84,1
2024-12-16,2024-12-16 13:02:00,1642.58,1642.64,1642.58,1642.64,0.0,42.57,68526.84,1
2024-12-16,2024-12-16 13:03:00,1642.64,1642.7,1642.64,1642.7,0.0,42.57,68526.84,1
2024-12-16,2024-12-16 13:04:00,1642.7,1642.76,1642.7,1642.76,0.0,42.57,68526.84,1
2024-12-16,2024-12-16 13:05:00,1642.76,1642.83,1642.76,1642.83,0.0,42.57,68526.84,1
2024-12-16,2024-12-16 13:06:00,1642.83,1642.89,1642.83,1642.89,0.0,42.57,68526.84,1
2024-12-16,2024-12-16 13:07:00,1642.89,1642.95,1642.89,1642.95,0.0,42.57,68526.84,1
2024-12-16,2024-12-16 13:08:00,1642.95,1643.02,1642.95,1643.02,0.0,42.57,68526.84,1
2024-12-16,2024-12-16 13:09:00,1643.02,1643.08,1643.02,1643.08,0.0,42.57,68526.84,1
2024-12-16,2024-12-16 13:10:00,1643.08,1643.14,1643.08,1643.14,0.0,42.57,68526.84,1
2024-12-16,2024-12-16 13:11:00,1643.14,1643.2,1643.14,1643.2,0.0,42.57,68526.84,1
2024-12-16,2024-12-16 13:12:00,1643.2,1643.27,1643.2,1643.27,0.0,42.57,68526.84,1
2024-12-16,2024-12-16 13:13:00,1643.27,1643.33,1643.27,1643.33,0.0,42.57,68526.84,1
2024-12-16,2024-12-16 13:14:00,1643.33,1643.39,1643.33,1643.39,0.0,42.57,68526.84,1
2024-12-16,2024-12-16 13:15:00,1643.39,1643.46,1643.39,1643.46,0.0,42.57,68526.84,1
2024-12-16,2024-12-16 13:16:00,1643.46,1643.52,1643.46,1643.52,0.0,42.57,68526.84,1
2024-12-16,2024-12-16 13:17:00,1643.52,1643.58,1643.52,1643.58,0.0,42.57,68526.84,1
2024-12-16,2024-12-16 13:18:00,1643.58,1643.65,1643.58,1643.65,0.0,42.57,68526.84,1
2024-12-16,2024-12-16 13:19:00,1643.65,1643.71,1643.65,1643.71,0.0,42.57,68526.84,1
2024-12-16,2024-12-16 13:20:00,1643.71,1643.77,1643.71,1643.77,0.0,42.57,68526.84,1
2024-12-16,2024-12-16 13:21:00,1643.77,1643.83,1643.77,1643.83,0.0,42.57,68526.84,1
2024-12-16,2024-12-16 13:22:00,1643.83,1643.9,1643.83,1643.9,0.0,42.57,68526.84,1
2024-12-16,2024-12-16 13:23:00,1643.9,1643.96,1643.9,1643.96,0.0,42.57,68526.84,1
2024-12-16,2024-12-16 13:24:00,1643.96,1644.02,1643.96,1644.02,0.0,42.57,68526.84,1
2024-12-16,2024-12-16 13:25:00,1644.02,1644.09,1644.02,1644.09,0.0,42.57,68526.84,1
2024-12-16,2024-12-16 13:26:00,1644.09,1644.15,1644.09,1644.15,0.0,42.57,68526.84,1
2024-12-16,2024-12-16 13:27:00,1644.15,1644.21,1644.15,1644.21,0.0,42.57,68526.84,1
2024-12-16,2024-12-16 13:28:00,1644.21,1644.27,1644.21,1644.27,0.0,42.57,68526.84,1
2024-12-16,2024-12-16 13:29:00,1644.27,1644.34,1644.27,1644.34,0.0,42.57,68526.84,1
2024-12-16,2024-12-16 13:30:00,1644.34,1644.4,1644.34,1644.4,0.0,42.57,68526.84,1
2024-12-16,2024-12-16 13:31:00,1644.4,1644.46,1644.4,1644.46,0.0,42.57,68526.84,1
2024-12-16,2024-12-16 13:32:00,1644.46,1644.53,1644.46,1644.53,0.0,42.57,68526.84,1
2024-12-16,2024-12-16 13:33:00,1644.53,1644.59,1644.53,1644.59,0.0,42.57,68526.84,1
2024-12-16,2024-12-16 13:34:00,1644.59,1644.65,1644.59,1644.65,0.0,42.57,68526.84,1
2024-12-16,2024-12-16 13:35:00,1644.65,1644.72,1644.65,1644.72,0.0,42.57,68526.84,1
2024-12-16,2024-12-16 13:36:00,1644.72,1644.78,1644.72,1644.78,0.0,42.57,68526.84,1
2024-12-16,2024-12-16 13:37:00,1644.78,1644.84,1644.78,1644.84,0.0,42.57,68526.84,1
2024-12-16,2024-12-16 13:38:00,1644.84,1644.9,1644.84,1644.9,0.0,42.57,68526.84,1
2024-12-16,2024-12-16 13:39:00,1644.9,1644.97,1644.9,1644.97,0.0,42.57,68526.84,1
2024-12-16,2024-12-16 13:40:00,1644.97,1645.03,1644.97,1645.03,0.0,42.57,68526.84,1
2024-12-16,2024-12-16 13:41:00,1645.03,1645.09,1645.03,1645.09,0.0,42.57,68526.84,1
2024-12-16,2024-12-16 13:42:00,1645.09,1645.16,1645.09,1645.16,0.0,42.57,68526.84,1
2024-12-16,2024-12-16 13:43:00,1645.16,1645.22,1645.16,1645.22,0.0,42.57,68526.84,1
2024-12-16,2024-12-16 13:44:00,1645.22,1645.28,1645.22,1645.28,0.0,42.57,68526.84,1
2024-12-16,2024-12-16 13:45:00,1645.28,1645.34,1645.28,1645.34,0.0,42.57,68526.84,1
2024-12-16,2024-12-16 13:46:00,1645.34,1645.41,1645.34,1645.41,0.0,42.57,68526.84,1
2024-12-16,2024-12-16 13:47:00,1645.41,1645.47,1645.41,1645.47,0.0,42.57,68526.84,1
2024-12-16,2024-12-16 13:48:00,1645.47,1645.53,1645.47,1645.53,0.0,42.57,68526.84,1
2024-12-16,2024-12-16 13:49:00,1645.53,1645.6,1645.53,1645.6,0.0,42.57,68526.84,1
2024-12-16,2024-12-16 13:50:00,1645.6,1645.66,1645.6,1645.66,0.0,42.57,68526.84,1
2024-12-16,2024-12-16 13:51:00,1645.66,1645.72,1645.66,1645.72,0.0,42.57,68526.84,1
2024-12-16,2024-12-16 13:52:00,1645.72,1645.78,1645.72,1645.78,0.0,42.57,68526.84,1
2024-12-16,2024-12-16 13:53:00,1645.78,1645.85,1645.78,1645.85,0.0,42.57,68526.84,1
2024-12-16,2024-12-16 13:54:00,1645.85,1645.91,1645.85,1645.91,0.0,42.57,68526.84,1
2024-12-16,2024-12-16 13:55:00,1645.91,1645.97,1645.91,1645.97,0.0,42.57,68526.84,1
2024-12-16,2024-12-16 13:56:00,1645.97,1646.04,1645.97,1646.04,0.0,42.57,68526.84,1
2024-12-16,2024-12-16 13:57:00,1646.04,1646.1,1646.04,1646.1,0.0,42.57,68526.84,1
2024-12-16,2024-12-16 13:58:00,1646.1,1646.16,1646.1,1646.16,0.0,42.57,68526.84,1
2024-12-16,2024-12-16 13:59:00,1646.16,1646.22,1646.16,1646.22,0.0,42.57,68526.84,1
2024-12-16,2024-12-16 14:00:00,1646.22,1646.29,1646.22,1646.29,0.0,42.57,68526.84,1
2024-12-16,2024-12-16 14:01:00,1646.29,1646.35,1646.29,1646.35,0.0,42.57,68526.84,1
2024-12-16,2024-12-16 14:02:00,1646.35,1646.41,1646.35,1646.41,0.0,42.57,68526.84,1
2024-12-16,2024-12-16 14:03:00,1646.41,1646.48,1646.41,1646.48,0.0,42.57,68526.84,1
2024-12-16,2024-12-16 14:04:00,1646.48,1646.54,1646.48,1646.54,0.0,42.57,68526.84,1
2024-12-16,2024-12-16 14:05:00,1646.54,1646.6,1646.54,1646.6,0.0,42.57,68526.84,1
2024-12-16,2024-12-16 14:06:00,1646.6,1646.67,1646.6,1646.67,0.0,42.57,68526.84,1
2024-12-16,2024-12-16 14:07:00,1646.67,1646.73,1646.67,1646.73,0.0,42.57,68526.84,1
2024-12-16,2024-12-16 14:08:00,1646.73,1646.79,1646.73,1646.79,0.0,42.57,68526.84,1
2024-12-16,2024-12-16 14:09:00,1646.79,1646.85,1646.79,1646.85,0.0,42.57,68526.84,1
2024-12-16,2024-12-16 14:10:00,1646.85,1646.92,1646.85,1646.92,0.0,42.57,68526.84,1
2024-12-16,2024-12-16 14:11:00,1646.92,1646.98,1646.92,1646.98,0.0,42.57,68526.84,1
2024-12-16,2024-12-16 14:12:00,1646.98,1647.04,1646.98,1647.04,0.0,42.57,68526.84,1
2024-12-16,2024-12-16 14:13:00,1647.04,1647.11,1647.04,1647.11,0.0,42.57,68526.84,1
2024-12-16,2024-12-16 14:14:00,1647.11,1647.17,1647.11,1647.17,0.0,42.57,68526.84,1
2024-12-16,2024-12-16 14:15:00,1647.17,1647.23,1647.17,1647.23,0.0,42.57,68526.84,1
2024-12-16,2024-12-16 14:16:00,1647.23,1647.29,1647.23,1647.29,0.0,42.57,68526.84,1
2024-12-16,2024-12-16 14:17:00,1647.29,1647.36,1647.29,1647.36,0.0,42.57,68526.84,1
2024-12-16,2024-12-16 14:18:00,1647.36,1647.42,1647.36,1647.42,0.0,42.57,68526.84,1
2024-12-16,2024-12-16 14:19:00,1647.42,1647.48,1647.42,1647.48,0.0,42.57,68526.84,1
2024-12-16,2024-12-16 14:20:00,1647.48,1647.55,1647.48,1647.55,0.0,42.57,68526.84,1
2024-12-16,2024-12-16 14:21:00,1647.55,1647.61,1647.55,1647.61,0.0,42.57,68526.84,1
2024-12-16,2024-12-16 14:22:00,1647.61,1647.67,1647.61,1647.67,0.0,42.57,68526.84,1
2024-12-16,2024-12-16 14:23:00,1647.67,1647.74,1647.67,1647.74,0.0,42.57,68526.84,1
2024-12-16,2024-12-16 14:24:00,1647.74,1647.8,1647.74,1647.8,0.0,42.57,68526.84,1
2024-12-16,2024-12-16 14:25:00,1647.8,1647.86,1647.8,1647.86,0.0,42.57,68526.84,1
2024-12-16,2024-12-16 14:26:00,1647.86,1647.92,1647.86,1647.92,0.0,42.57,68526.84,1
2024-12-16,2024-12-16 14:27:00,1647.92,1647.99,1647.92,1647.99,0.0,42.57,68526.84,1
2024-12-16,2024-12-16 14:28:00,1647.99,1648.05,1647.99,1648.05,0.0,42.57,68526.84,1
2024-12-16,2024-12-16 14:29:00,1648.05,1648.11,1648.05,1648.11,0.0,42.57,68526.84,1
2024-12-16,2024-12-16 14:30:00,1648.11,1648.18,1648.11,1648.18,0.0,42.57,68526.84,1
2024-12-16,2024-12-16 14:31:00,1648.18,1648.24,1648.18,1648.24,0.0,42.57,68526.84,1
2024-12-16,2024-12-16 14:32:00,1648.24,1648.3,1648.24,1648.3,0.0,42.57,68526.84,1
2024-12-16,2024-12-16 14:33:00,1648.3,1648.36,1648.3,1648.36,0.0,42.57,68526.84,1
2024-12-16,2024-12-16 14:34:00,1648.36,1648.43,1648.36,1648.43,0.0,42.57,68526.84,1
2024-12-16,2024-12-16 14:35:00,1648.43,1648.49,1648.43,1648.49,0.0,42.57,68526.84,1
2024-12-16,2024-12-16 14:36:00,1648.49,1648.55,1648.49,1648.55,0.0,42.57,68526.84,1
2024-12-16,2024-12-16 14:37:00,1648.55,1648.62,1648.55,1648.62,0.0,42.57,68526.84,1
2024-12-16,2024-12-16 14:38:00,1648.62,1648.68,1648.62,1648.68,0.0,42.57,68526.84,1
2024-12-16,2024-12-16 14:39:00,1648.68,1648.74,1648.68,1648.74,0.0,42.57,68526.84,1
2024-12-16,2024-12-16 14:40:00,1648.74,1648.8,1648.74,1648.8,0.0,42.57,68526.84,1
2024-12-16,2024-12-16 14:41:00,1648.8,1648.87,1648.8,1648.87,0.0,42.57,68526.84,1
2024-12-16,2024-12-16 14:42:00,1648.87,1648.93,1648.87,1648.93,0.0,42.57,68526.84,1
2024-12-16,2024-12-16 14:43:00,1648.93,1648.99,1648.93,1648.99,0.0,42.57,68526.84,1
2024-12-16,2024-12-16 14:44:00,1648.99,1649.06,1648.99,1649.06,0.0,42.57,68526.84,1
2024-12-16,2024-12-16 14:45:00,1649.06,1649.12,1649.06,1649.12,0.0,42.57,68526.84,1
2024-12-16,2024-12-16 14:46:00,1649.12,1649.18,1649.12,1649.18,0.0,42.57,68526.84,1
2024-12-16,2024-12-16 14:47:00,1649.18,1649.24,1649.18,1649.24,0.0,42.57,68526.84,1
2024-12-16,2024-12-16 14:48:00,1649.24,1649.31,1649.24,1649.31,0.0,42.57,68526.84,1
2024-12-16,2024-12-16 14:49:00,1649.31,1649.37,1649.31,1649.37,0.0,42.57,68526.84,1
2024-12-16,2024-12-16 14:50:00,1649.37,1649.43,1649.37,1649.43,0.0,42.57,68526.84,1
2024-12-16,2024-12-16 14:51:00,1649.43,1649.5,1649.43,1649.5,0.0,42.57,68526.84,1
2024-12-16,2024-12-16 14:52:00,1649.5,1649.56,1649.5,1649.56,0.0,42.57,68526.84,1
2024-12-16,2024-12-16 14:53:00,1649.56,1649.62,1649.56,1649.62,0.0,42.57,68526.84,1
2024-12-16,2024-12-16 14:54:00,1649.62,1649.69,1649.62,1649.69,0.0,42.57,68526.84,1
2024-12-16,2024-12-16 14:55:00,1649.69,1649.75,1649.69,1649.75,0.0,42.57,68526.84,1
2024-12-16,2024-12-16 14:56:00,1649.75,1649.81,1649.75,1649.81,0.0,42.57,68526.84,1
2024-12-16,2024-12-16 14:57:00,1649.81,1649.87,1649.81,1649.87,0.0,42.57,68526.84,1
2024-12-16,2024-12-16 14:58:00,1649.87,1649.94,1649.87,1649.94,0.0,42.57,68526.84,1
2024-12-16,2024-12-16 14:59:00,1649.94,1650.0,1649.94,1650.0,0.0,42.57,68526.84,1
2024-12-16,2024-12-16 15:00:00,1650.0,1688.1,1558.2,1650.0,0.0,42.57,68526.84,0
2024-12-17,2024-12-17 11:00:00,1617.0,1620.9,1607.4,1617.04,0.0,12.58,20329.86,1
2024-12-17,2024-12-17 11:01:00,1617.04,1617.08,1617.04,1617.08,0.0,12.58,20329.86,1
2024-12-17,2024-12-17 11:02:00,1617.08,1617.11,1617.08,1617.11,0.0,12.58,20329.86,1
2024-12-17,2024-12-17 11:03:00,1617.11,1617.15,1617.11,1617.15,0.0,12.58,20329.86,1
2024-12-17,2024-12-17 11:04:00,1617.15,1617.19,1617.15,1617.19,0.0,12.58,20329.86,1
2024-12-17,2024-12-17 11:05:00,1617.19,1617.22,1617.19,1617.22,0.0,12.58,20329.86,1
2024-12-17,2024-12-17 11:06:00,1617.22,1617.26,1617.22,1617.26,0.0,12.58,20329.86,1
2024-12-17,2024-12-17 11:07:00,1617.26,1617.3,1617.26,1617.3,0.0,12.58,20329.86,1
2024-12-17,2024-12-17 11:08:00,1617.3,1617.34,1617.3,1617.34,0.0,12.58,20329.86,1
2024-12-17,2024-12-17 11:09:00,1617.34,1617.38,1617.34,1617.38,0.0,12.58,20329.86,1
2024-12-17,2024-12-17 11:10:00,1617.38,1617.41,1617.38,1617.41,0.0,12.58,20329.86,1
2024-12-17,2024-12-17 11:11:00,1617.41,1617.45,1617.41,1617.45,0.0,12.58,20329.86,1
2024-12-17,2024-12-17 11:12:00,1617.45,1617.49,1617.45,1617.49,0.0,12.58,20329.86,1
2024-12-17,2024-12-17 11:13:00,1617.49,1617.53,1617.49,1617.53,0.0,12.58,20329.86,1
2024-12-17,2024-12-17 11:14:00,1617.53,1617.56,1617.53,1617.56,0.0,12.58,20329.86,1
2024-12-17,2024-12-17 11:15:00,1617.56,1617.6,1617.56,1617.6,0.0,12.58,20329.86,1
2024-12-17,2024-12-17 11:16:00,1617.6,1617.64,1617.6,1617.64,0.0,12.58,20329.86,1
2024-12-17,2024-12-17 11:17:00,1617.64,1617.67,1617.64,1617.67,0.0,12.58,20329.86,1
2024-12-17,2024-12-17 11:18:00,1617.67,1617.71,1617.67,1617.71,0.0,12.58,20329.86,1
2024-12-17,2024-12-17 11:19:00,1617.71,1617.75,1617.71,1617.75,0.0,12.58,20329.86,1
2024-12-17,2024-12-17 11:20:00,1617.75,1617.79,1617.75,1617.79,0.0,12.58,20329.86,1
2024-12-17,2024-12-17 11:21:00,1617.79,1617.83,1617.79,1617.83,0.0,12.58,20329.86,1
2024-12-17,2024-12-17 11:22:00,1617.83,1617.86,1617.83,1617.86,0.0,12.58,20329.86,1
2024-12-17,2024-12-17 11:23:00,1617.86,1617.9,1617.86,1617.9,0.0,12.58,20329.86,1
2024-12-17,2024-12-17 11:24:00,1617.9,1617.94,1617.9,1617.94,0.0,12.58,20329.86,1
2024-12-17,2024-12-17 11:25:00,1617.94,1617.97,1617.94,1617.97,0.0,12.58,20329.86,1
2024-12-17,2024-12-17 11:26:00,1617.97,1618.01,1617.97,1618.01,0.0,12.58,20329.86,1
2024-12-17,2024-12-17 11:27:00,1618.01,1618.05,1618.01,1618.05,0.0,12.58,20329.86,1
2024-12-17,2024-12-17 11:28:00,1618.05,1618.09,1618.05,1618.09,0.0,12.58,20329.86,1
2024-12-17,2024-12-17 11:29:00,1618.09,1618.12,1618.09,1618.12,0.0,12.58,20329.86,1
2024-12-17,2024-12-17 11:30:00,1618.12,1618.16,1618.12,1618.16,0.0,12.58,20329.86,1
2024-12-17,2024-12-17 11:31:00,1618.16,1618.2,1618.16,1618.2,0.0,12.58,20329.86,1
2024-12-17,2024-12-17 11:32:00,1618.2,1618.24,1618.2,1618.24,0.0,12.58,20329.86,1
2024-12-17,2024-12-17 11:33:00,1618.24,1618.28,1618.24,1618.28,0.0,12.58,20329.86,1
2024-12-17,2024-12-17 11:34:00,1618.28,1618.31,1618.28,1618.31,0.0,12.58,20329.86,1
2024-12-17,2024-12-17 11:35:00,1618.31,1618.35,1618.31,1618.35,0.0,12.58,20329.86,1
2024-12-17,2024-12-17 11:36:00,1618.35,1618.39,1618.35,1618.39,0.0,12.58,20329.86,1
2024-12-17,2024-12-17 11:37:00,1618.39,1618.42,1618.39,1618.42,0.0,12.58,20329.86,1
2024-12-17,2024-12-17 11:38:00,1618.42,1618.46,1618.42,1618.46,0.0,12.58,20329.86,1
2024-12-17,2024-12-17 11:39:00,1618.46,1618.5,1618.46,1618.5,0.0,12.58,20329.86,1
2024-12-17,2024-12-17 11:40:00,1618.5,1618.54,1618.5,1618.54,0.0,12.58,20329.86,1
2024-12-17,2024-12-17 11:41:00,1618.54,1618.58,1618.54,1618.58,0.0,12.58,20329.86,1
2024-12-17,2024-12-17 11:42:00,1618.58,1618.61,1618.58,1618.61,0.0,12.58,20329.86,1
2024-12-17,2024-12-17 11:43:00,1618.61,1618.65,1618.61,1618.65,0.0,12.58,20329.86,1
2024-12-17,2024-12-17 11:44:00,1618.65,1618.69,1618.65,1618.69,0.0,12.58,20329.86,1
2024-12-17,2024-12-17 11:45:00,1618.69,1618.72,1618.69,1618.72,0.0,12.58,20329.86,1
2024-12-17,2024-12-17 11:46:00,1618.72,1618.76,1618.72,1618.76,0.0,12.58,20329.86,1
2024-12-17,2024-12-17 11:47:00,1618.76,1618.8,1618.76,1618.8,0.0,12.58,20329.86,1
2024-12-17,2024-12-17 11:48:00,1618.8,1618.84,1618.8,1618.84,0.0,12.58,20329.86,1
2024-12-17,2024-12-17 11:49:00,1618.84,1618.88,1618.84,1618.88,0.0,12.58,20329.86,1
2024-12-17,2024-12-17 11:50:00,1618.88,1618.91,1618.88,1618.91,0.0,12.58,20329.86,1
2024-12-17,2024-12-17 11:51:00,1618.91,1618.95,1618.91,1618.95,0.0,12.58,20329.86,1
2024-12-17,2024-12-17 11:52:00,1618.95,1618.99,1618.95,1618.99,0.0,12.58,20329.86,1
2024-12-17,2024-12-17 11:53:00,1618.99,1619.03,1618.99,1619.03,0.0,12.58,20329.86,1
2024-12-17,2024-12-17 11:54:00,1619.03,1619.06,1619.03,1619.06,0.0,12.58,20329.86,1
2024-12-17,2024-12-17 11:55:00,1619.06,1619.1,1619.06,1619.1,0.0,12.58,20329.86,1
2024-12-17,2024-12-17 11:56:00,1619.1,1619.14,1619.1,1619.14,0.0,12.58,20329.86,1
2024-12-17,2024-12-17 11:57:00,1619.14,1619.17,1619.14,1619.17,0.0,12.58,20329.86,1
2024-12-17,2024-12-17 11:58:00,1619.17,1619.21,1619.17,1619.21,0.0,12.58,20329.86,1
2024-12-17,2024-12-17 11:59:00,1619.21,1619.25,1619.21,1619.25,0.0,12.58,20329.86,1
2024-12-17,2024-12-17 12:00:00,1619.25,1619.29,1619.25,1619.29,0.0,12.58,20329.86,1
2024-12-17,2024-12-17 12:01:00,1619.29,1619.33,1619.29,1619.33,0.0,12.58,20329.86,1
2024-12-17,2024-12-17 12:02:00,1619.33,1619.36,1619.33,1619.36,0.0,12.58,20329.86,1
2024-12-17,2024-12-17 12:03:00,1619.36,1619.4,1619.36,1619.4,0.0,12.58,20329.86,1
2024-12-17,2024-12-17 12:04:00,1619.4,1619.44,1619.4,1619.44,0.0,12.58,20329.86,1
2024-12-17,2024-12-17 12:05:00,1619.44,1619.47,1619.44,1619.47,0.0,12.58,20329.86,1
2024-12-17,2024-12-17 12:06:00,1619.47,1619.51,1619.47,1619.51,0.0,12.58,20329.86,1
2024-12-17,2024-12-17 12:07:00,1619.51,1619.55,1619.51,1619.55,0.0,12.58,20329.86,1
2024-12-17,2024-12-17 12:08:00,1619.55,1619.59,1619.55,1619.59,0.0,12.58,20329.86,1
2024-12-17,2024-12-17 12:09:00,1619.59,1619.62,1619.59,1619.62,0.0,12.58,20329.86,1
2024-12-17,2024-12-17 12:10:00,1619.62,1619.66,1619.62,1619.66,0.0,12.58,20329.86,1
2024-12-17,2024-12-17 12:11:00,1619.66,1619.7,1619.66,1619.7,0.0,12.58,20329.86,1
2024-12-17,2024-12-17 12:12:00,1619.7,1619.74,1619.7,1619.74,0.0,12.58,20329.86,1
2024-12-17,2024-12-17 12:13:00,1619.74,1619.78,1619.74,1619.78,0.0,12.58,20329.86,1
2024-12-17,2024-12-17 12:14:00,1619.78,1619.81,1619.78,1619.81,0.0,12.58,20329.86,1
2024-12-17,2024-12-17 12:15:00,1619.81,1619.85,1619.81,1619.85,0.0,12.58,20329.86,1
2024-12-17,2024-12-17 12:16:00,1619.85,1619.89,1619.85,1619.89,0.0,12.58,20329.86,1
2024-12-17,2024-12-17 12:17:00,1619.89,1619.92,1619.89,1619.92,0.0,12.58,20329.86,1
2024-12-17,2024-12-17 12:18:00,1619.92,1619.96,1619.92,1619.96,0.0,12.58,20329.86,1
2024-12-17,2024-12-17 12:19:00,1619.96,1620.0,1619.96,1620.0,0.0,12.58,20329.86,1
2024-12-17,2024-12-17 12:20:00,1620.0,1620.04,1620.0,1620.04,0.0,12.58,20329.86,1
2024-12-17,2024-12-17 12:21:00,1620.04,1620.08,1620.04,1620.08,0.0,12.58,20329.86,1
2024-12-17,2024-12-17 12:22:00,1620.08,1620.11,1620.08,1620.11,0.0,12.58,20329.86,1
2024-12-17,2024-12-17 12:23:00,1620.11,1620.15,1620.11,1620.15,0.0,12.58,20329.86,1
2024-12-17,2024-12-17 12:24:00,1620.15,1620.19,1620.15,1620.19,0.0,12.58,20329.86,1
2024-12-17,2024-12-17 12:25:00,1620.19,1620.22,1620.19,1620.22,0.0,12.58,20329.86,1
2024-12-17,2024-12-17 12:26:00,1620.22,1620.26,1620.22,1620.26,0.0,12.58,20329.86,1
2024-12-17,2024-12-17 12:27:00,1620.26,1620.3,1620.26,1620.3,0.0,12.58,20329.86,1
2024-12-17,2024-12-17 12:28:00,1620.3,1620.34,1620.3,1620.34,0.0,12.58,20329.86,1
2024-12-17,2024-12-17 12:29:00,1620.34,1620.38,1620.34,1620.38,0.0,12.58,20329.86,1
2024-12-17,2024-12-17 12:30:00,1620.38,1620.41,1620.38,1620.41,0.0,12.58,20329.86,1
2024-12-17,2024-12-17 12:31:00,1620.41,1620.45,1620.41,1620.45,0.0,12.58,20329.86,1
2024-12-17,2024-12-17 12:32:00,1620.45,1620.49,1620.45,1620.49,0.0,12.58,20329.86,1
2024-12-17,2024-12-17 12:33:00,1620.49,1620.53,1620.49,1620.53,0.0,12.58,20329.86,1
2024-12-17,2024-12-17 12:34:00,1620.53,1620.56,1620.53,1620.56,0.0,12.58,20329.86,1
2024-12-17,2024-12-17 12:35:00,1620.56,1620.6,1620.56,1620.6,0.0,12.58,20329.86,1
2024-12-17,2024-12-17 12:36:00,1620.6,1620.64,1620.6,1620.64,0.0,12.58,20329.86,1
2024-12-17,2024-12-17 12:37:00,1620.64,1620.67,1620.64,1620.67,0.0,12.58,20329.86,1
2024-12-17,2024-12-17 12:38:00,1620.67,1620.71,1620.67,1620.71,0.0,12.58,20329.86,1
2024-12-17,2024-12-17 12:39:00,1620.71,1620.75,1620.71,1620.75,0.0,12.58,20329.86,1
2024-12-17,2024-12-17 12:40:00,1620.75,1620.79,1620.75,1620.79,0.0,12.58,20329.86,1
2024-12-17,2024-12-17 12:41:00,1620.79,1620.83,1620.79,1620.83,0.0,12.58,20329.86,1
2024-12-17,2024-12-17 12:42:00,1620.83,1620.86,1620.83,1620.86,0.0,12.58,20329.86,1
2024-12-17,2024-12-17 12:43:00,1620.86,1620.9,1620.86,1620.9,0.0,12.58,20329.86,1
2024-12-17,2024-12-17 12:44:00,1620.9,1620.94,1620.9,1620.94,0.0,12.58,20329.86,1
2024-12-17,2024-12-17 12:45:00,1620.94,1620.97,1620.94,1620.97,0.0,12.58,20329.86,1
2024-12-17,2024-12-17 12:46:00,1620.97,1621.01,1620.97,1621.01,0.0,12.58,20329.86,1
2024-12-17,2024-12-17 12:47:00,1621.01,1621.05,1621.01,1621.05,0.0,12.58,20329.86,1
2024-12-17,2024-12-17 12:48:00,1621.05,1621.09,1621.05,1621.09,0.0,12.58,20329.86,1
2024-12-17,2024-12-17 12:49:00,1621.09,1621.12,1621.09,1621.12,0.0,12.58,20329.86,1
2024-12-17,2024-12-17 12:50:00,1621.12,1621.16,1621.12,1621.16,0.0,12.58,20329.86,1
2024-12-17,2024-12-17 12:51:00,1621.16,1621.2,1621.16,1621.2,0.0,12.58,20329.86,1
2024-12-17,2024-12-17 12:52:00,1621.2,1621.24,1621.2,1621.24,0.0,12.58,20329.86,1
2024-12-17,2024-12-17 12:53:00,1621.24,1621.28,1621.24,1621.28,0.0,12.58,20329.86,1
2024-12-17,2024-12-17 12:54:00,1621.28,1621.31,1621.28,1621.31,0.0,12.58,20329.86,1
2024-12-17,2024-12-17 12:55:00,1621.31,1621.35,1621.31,1621.35,0.0,12.58,20329.86,1
2024-12-17,2024-12-17 12:56:00,1621.35,1621.39,1621.35,1621.39,0.0,12.58,20329.86,1
2024-12-17,2024-12-17 12:57:00,1621.39,1621.42,1621.39,1621.42,0.0,12.58,20329.86,1
2024-12-17,2024-12-17 12:58:00,1621.42,1621.46,1621.42,1621.46,0.0,12.58,20329.86,1
2024-12-17,2024-12-17 12:59:00,1621.46,1621.5,1621.46,1621.5,0.0,12.58,20329.86,1
2024-12-17,2024-12-17 13:00:00,1621.5,1630.0,1585.0,1621.54,0.0,12.58,20329.86,1
2024-12-17,2024-12-17 13:01:00,1621.54,1621.58,1621.54,1621.58,0.0,12.58,20329.86,1
2024-12-17,2024-12-17 13:02:00,1621.58,1621.61,1621.58,1621.61,0.0,12.58,20329.86,1
2024-12-17,2024-12-17 13:03:00,1621.61,1621.65,1621.61,1621.65,0.0,12.58,20329.86,1
2024-12-17,2024-12-17 13:04:00,1621.65,1621.69,1621.65,1621.69,0.0,12.58,20329.86,1
2024-12-17,2024-12-17 13:05:00,1621.69,1621.72,1621.69,1621.72,0.0,12.58,20329.86,1
2024-12-17,2024-12-17 13:06:00,1621.72,1621.76,1621.72,1621.76,0.0,12.58,20329.86,1
2024-12-17,2024-12-17 13:07:00,1621.76,1621.8,1621.76,1621.8,0.0,12.58,20329.86,1
2024-12-17,2024-12-17 13:08:00,1621.8,1621.84,1621.8,1621.84,0.0,12.58,20329.86,1
2024-12-17,2024-12-17 13:09:00,1621.84,1621.88,1621.84,1621.88,0.0,12.58,20329.86,1
2024-12-17,2024-12-17 13:10:00,1621.88,1621.91,1621.88,1621.91,0.0,12.58,20329.86,1
2024-12-17,2024-12-17 13:11:00,1621.91,1621.95,1621.91,1621.95,0.0,12.58,20329.86,1
2024-12-17,2024-12-17 13:12:00,1621.95,1621.99,1621.95,1621.99,0.0,12.58,20329.86,1
2024-12-17,2024-12-17 13:13:00,1621.99,1622.03,1621.99,1622.03,0.0,12.58,20329.86,1
2024-12-17,2024-12-17 13:14:00,1622.03,1622.06,1622.03,1622.06,0.0,12.58,20329.86,1
2024-12-17,2024-12-17 13:15:00,1622.06,1622.1,1622.06,1622.1,0.0,12.58,20329.86,1
2024-12-17,2024-12-17 13:16:00,1622.1,1622.14,1622.1,1622.14,0.0,12.58,20329.86,1
2024-12-17,2024-12-17 13:17:00,1622.14,1622.17,1622.14,1622.17,0.0,12.58,20329.86,1
2024-12-17,2024-12-17 13:18:00,1622.17,1622.21,1622.17,1622.21,0.0,12.58,20329.86,1
2024-12-17,2024-12-17 13:19:00,1622.21,1622.25,1622.21,1622.25,0.0,12.58,20329.86,1
2024-12-17,2024-12-17 13:20:00,1622.25,1622.29,1622.25,1622.29,0.0,12.58,20329.86,1
2024-12-17,2024-12-17 13:21:00,1622.29,1622.33,1622.29,1622.33,0.0,12.58,20329.86,1
2024-12-17,2024-12-17 13:22:00,1622.33,1622.36,1622.33,1622.36,0.0,12.58,20329.86,1
2024-12-17,2024-12-17 13:23:00,1622.36,1622.4,1622.36,1622.4,0.0,12.58,20329.86,1
2024-12-17,2024-12-17 13:24:00,1622.4,1622.44,1622.4,1622.44,0.0,12.58,20329.86,1
2024-12-17,2024-12-17 13:25:00,1622.44,1622.47,1622.44,1622.47,0.0,12.58,20329.86,1
2024-12-17,2024-12-17 13:26:00,1622.47,1622.51,1622.47,1622.51,0.0,12.58,20329.86,1
2024-12-17,2024-12-17 13:27:00,1622.51,1622.55,1622.51,1622.55,0.0,12.58,20329.86,1
2024-12-17,2024-12-17 13:28:00,1622.55,1622.59,1622.55,1622.59,0.0,12.58,20329.86,1
2024-12-17,2024-12-17 13:29:00,1622.59,1622.62,1622.59,1622.62,0.0,12.58,20329.86,1
2024-12-17,2024-12-17 13:30:00,1622.62,1622.66,1622.62,1622.66,0.0,12.58,20329.86,1
2024-12-17,2024-12-17 13:31:00,1622.66,1622.7,1622.66,1622.7,0.0,12.58,20329.86,1
2024-12-17,2024-12-17 13:32:00,1622.7,1622.74,1622.7,1622.74,0.0,12.58,20329.86,1
2024-12-17,2024-12-17 13:33:00,1622.74,1622.78,1622.74,1622.78,0.0,12.58,20329.86,1
2024-12-17,2024-12-17 13:34:00,1622.78,1622.81,1622.78,1622.81,0.0,12.58,20329.86,1
2024-12-17,2024-12-17 13:35:00,1622.81,1622.85,1622.81,1622.85,0.0,12.58,20329.86,1
2024-12-17,2024-12-17 13:36:00,1622.85,1622.89,1622.85,1622.89,0.0,12.58,20329.86,1
2024-12-17,2024-12-17 13:37:00,1622.89,1622.92,1622.89,1622.92,0.0,12.58,20329.86,1
2024-12-17,2024-12-17 13:38:00,1622.92,1622.96,1622.92,1622.96,0.0,12.58,20329.86,1
2024-12-17,2024-12-17 13:39:00,1622.96,1623.0,1622.96,1623.0,0.0,12.58,20329.86,1
2024-12-17,2024-12-17 13:40:00,1623.0,1623.04,1623.0,1623.04,0.0,12.58,20329.86,1
2024-12-17,2024-12-17 13:41:00,1623.04,1623.08,1623.04,1623.08,0.0,12.58,20329.86,1
2024-12-17,2024-12-17 13:42:00,1623.08,1623.11,1623.08,1623.11,0.0,12.58,20329.86,1
2024-12-17,2024-12-17 13:43:00,1623.11,1623.15,1623.11,1623.15,0.0,12.58,20329.86,1
2024-12-17,2024-12-17 13:44:00,1623.15,1623.19,1623.15,1623.19,0.0,12.58,20329.86,1
2024-12-17,2024-12-17 13:45:00,1623.19,1623.22,1623.19,1623.22,0.0,12.58,20329.86,1
2024-12-17,2024-12-17 13:46:00,1623.22,1623.26,1623.22,1623.26,0.0,12.58,20329.86,1
2024-12-17,2024-12-17 13:47:00,1623.26,1623.3,1623.26,1623.3,0.0,12.58,20329.86,1
2024-12-17,2024-12-17 13:48:00,1623.3,1623.34,1623.3,1623.34,0.0,12.58,20329.86,1
2024-12-17,2024-12-17 13:49:00,1623.34,1623.38,1623.34,1623.38,0.0,12.58,20329.86,1
2024-12-17,2024-12-17 13:50:00,1623.38,1623.41,1623.38,1623.41,0.0,12.58,20329.86,1
2024-12-17,2024-12-17 13:51:00,1623.41,1623.45,1623.41,1623.45,0.0,12.58,20329.86,1
2024-12-17,2024-12-17 13:52:00,1623.45,1623.49,1623.45,1623.49,0.0,12.58,20329.86,1
2024-12-17,2024-12-17 13:53:00,1623.49,1623.53,1623.49,1623.53,0.0,12.58,20329.86,1
2024-12-17,2024-12-17 13:54:00,1623.53,1623.56,1623.53,1623.56,0.0,12.58,20329.86,1
2024-12-17,2024-12-17 13:55:00,1623.56,1623.6,1623.56,1623.6,0.0,12.58,20329.86,1
2024-12-17,2024-12-17 13:56:00,1623.6,1623.64,1623.6,1623.64,0.0,12.58,20329.86,1
2024-12-17,2024-12-17 13:57:00,1623.64,1623.67,1623.64,1623.67,0.0,12.58,20329.86,1
2024-12-17,2024-12-17 13:58:00,1623.67,1623.71,1623.67,1623.71,0.0,12.58,20329.86,1
2024-12-17,2024-12-17 13:59:00,1623.71,1623.75,1623.71,1623.75,0.0,12.58,20329.86,1
2024-12-17,2024-12-17 14:00:00,1623.75,1623.79,1623.75,1623.79,0.0,12.58,20329.86,1
2024-12-17,2024-12-17 14:01:00,1623.79,1623.83,1623.79,1623.83,0.0,12.58,20329.86,1
2024-12-17,2024-12-17 14:02:00,1623.83,1623.86,1623.83,1623.86,0.0,12.58,20329.86,1
2024-12-17,2024-12-17 14:03:00,1623.86,1623.9,1623.86,1623.9,0.0,12.58,20329.86,1
2024-12-17,2024-12-17 14:04:00,1623.9,1623.94,1623.9,1623.94,0.0,12.58,20329.86,1
2024-12-17,2024-12-17 14:05:00,1623.94,1623.97,1623.94,1623.97,0.0,12.58,20329.86,1
2024-12-17,2024-12-17 14:06:00,1623.97,1624.01,1623.97,1624.01,0.0,12.58,20329.86,1
2024-12-17,2024-12-17 14:07:00,1624.01,1624.05,1624.01,1624.05,0.0,12.58,20329.86,1
2024-12-17,2024-12-17 14:08:00,1624.05,1624.09,1624.05,1624.09,0.0,12.58,20329.86,1
2024-12-17,2024-12-17 14:09:00,1624.09,1624.12,1624.09,1624.12,0.0,12.58,20329.86,1
2024-12-17,2024-12-17 14:10:00,1624.12,1624.16,1624.12,1624.16,0.0,12.58,20329.86,1
2024-12-17,2024-12-17 14:11:00,1624.16,1624.2,1624.16,1624.2,0.0,12.58,20329.86,1
2024-12-17,2024-12-17 14:12:00,1624.2,1624.24,1624.2,1624.24,0.0,12.58,20329.86,1
2024-12-17,2024-12-17 14:13:00,1624.24,1624.28,1624.24,1624.28,0.0,12.58,20329.86,1
2024-12-17,2024-12-17 14:14:00,1624.28,1624.31,1624.28,1624.31,0.0,12.58,20329.86,1
2024-12-17,2024-12-17 14:15:00,1624.31,1624.35,1624.31,1624.35,0.0,12.58,20329.86,1
2024-12-17,2024-12-17 14:16:00,1624.35,1624.39,1624.35,1624.39,0.0,12.58,20329.86,1
2024-12-17,2024-12-17 14:17:00,1624.39,1624.42,1624.39,1624.42,0.0,12.58,20329.86,1
2024-12-17,2024-12-17 14:18:00,1624.42,1624.46,1624.42,1624.46,0.0,12.58,20329.86,1
2024-12-17,2024-12-17 14:19:00,1624.46,1624.5,1624.46,1624.5,0.0,12.58,20329.86,1
2024-12-17,2024-12-17 14:20:00,1624.5,1624.54,1624.5,1624.54,0.0,12.58,20329.86,1
2024-12-17,2024-12-17 14:21:00,1624.54,1624.58,1624.54,1624.58,0.0,12.58,20329.86,1
2024-12-17,2024-12-17 14:22:00,1624.58,1624.61,1624.58,1624.61,0.0,12.58,20329.86,1
2024-12-17,2024-12-17 14:23:00,1624.61,1624.65,1624.61,1624.65,0.0,12.58,20329.86,1
2024-12-17,2024-12-17 14:24:00,1624.65,1624.69,1624.65,1624.69,0.0,12.58,20329.86,1
2024-12-17,2024-12-17 14:25:00,1624.69,1624.72,1624.69,1624.72,0.0,12.58,20329.86,1
2024-12-17,2024-12-17 14:26:00,1624.72,1624.76,1624.72,1624.76,0.0,12.58,20329.86,1
2024-12-17,2024-12-17 14:27:00,1624.76,1624.8,1624.76,1624.8,0.0,12.58,20329.86,1
2024-12-17,2024-12-17 14:28:00,1624.8,1624.84,1624.8,1624.84,0.0,12.58,20329.86,1
2024-12-17,2024-12-17 14:29:00,1624.84,1624.88,1624.84,1624.88,0.0,12.58,20329.86,1
2024-12-17,2024-12-17 14:30:00,1624.88,1624.91,1624.88,1624.91,0.0,12.58,20329.86,1
2024-12-17,2024-12-17 14:31:00,1624.91,1624.95,1624.91,1624.95,0.0,12.58,20329.86,1
2024-12-17,2024-12-17 14:32:00,1624.95,1624.99,1624.95,1624.99,0.0,12.58,20329.86,1
2024-12-17,2024-12-17 14:33:00,1624.99,1625.03,1624.99,1625.03,0.0,12.58,20329.86,1
2024-12-17,2024-12-17 14:34:00,1625.03,1625.06,1625.03,1625.06,0.0,12.58,20329.86,1
2024-12-17,2024-12-17 14:35:00,1625.06,1625.1,1625.06,1625.1,0.0,12.58,20329.86,1
2024-12-17,2024-12-17 14:36:00,1625.1,1625.14,1625.1,1625.14,0.0,12.58,20329.86,1
2024-12-17,2024-12-17 14:37:00,1625.14,1625.17,1625.14,1625.17,0.0,12.58,20329.86,1
2024-12-17,2024-12-17 14:38:00,1625.17,1625.21,1625.17,1625.21,0.0,12.58,20329.86,1
2024-12-17,2024-12-17 14:39:00,1625.21,1625.25,1625.21,1625.25,0.0,12.58,20329.86,1
2024-12-17,2024-12-17 14:40:00,1625.25,1625.29,1625.25,1625.29,0.0,12.58,20329.86,1
2024-12-17,2024-12-17 14:41:00,1625.29,1625.33,1625.29,1625.33,0.0,12.58,20329.86,1
2024-12-17,2024-12-17 14:42:00,1625.33,1625.36,1625.33,1625.36,0.0,12.58,20329.86,1
2024-12-17,2024-12-17 14:43:00,1625.36,1625.4,1625.36,1625.4,0.0,12.58,20329.86,1
2024-12-17,2024-12-17 14:44:00,1625.4,1625.44,1625.4,1625.44,0.0,12.58,20329.86,1
2024-12-17,2024-12-17 14:45:00,1625.44,1625.47,1625.44,1625.47,0.0,12.58,20329.86,1
2024-12-17,2024-12-17 14:46:00,1625.47,1625.51,1625.47,1625.51,0.0,12.58,20329.86,1
2024-12-17,2024-12-17 14:47:00,1625.51,1625.55,1625.51,1625.55,0.0,12.58,20329.86,1
2024-12-17,2024-12-17 14:48:00,1625.55,1625.59,1625.55,1625.59,0.0,12.58,20329.86,1
2024-12-17,2024-12-17 14:49:00,1625.59,1625.62,1625.59,1625.62,0.0,12.58,20329.86,1
2024-12-17,2024-12-17 14:50:00,1625.62,1625.66,1625.62,1625.66,0.0,12.58,20329.86,1
2024-12-17,2024-12-17 14:51:00,1625.66,1625.7,1625.66,1625.7,0.0,12.58,20329.86,1
2024-12-17,2024-12-17 14:52:00,1625.7,1625.74,1625.7,1625.74,0.0,12.58,20329.86,1
2024-12-17,2024-12-17 14:53:00,1625.74,1625.78,1625.74,1625.78,0.0,12.58,20329.86,1
2024-12-17,2024-12-17 14:54:00,1625.78,1625.81,1625.78,1625.81,0.0,12.58,20329.86,1
2024-12-17,2024-12-17 14:55:00,1625.81,1625.85,1625.81,1625.85,0.0,12.58,20329.86,1
2024-12-17,2024-12-17 14:56:00,1625.85,1625.89,1625.85,1625.89,0.0,12.58,20329.86,1
2024-12-17,2024-12-17 14:57:00,1625.89,1625.92,1625.89,1625.92,0.0,12.58,20329.86,1
2024-12-17,2024-12-17 14:58:00,1625.92,1625.96,1625.92,1625.96,0.0,12.58,20329.86,1
2024-12-17,2024-12-17 14:59:00,1625.96,1626.0,1625.96,1626.0,0.0,12.58,20329.86,1
2024-12-17,2024-12-17 15:00:00,1626.0,1630.0,1585.0,1626.0,0.0,12.58,20329.86,0
2024-12-18,2024-12-18 11:00:00,1596.5,1614.65,1590.65,1596.49,-0.0,19.9,31960.82,-1
2024-12-18,2024-12-18 11:01:00,1596.49,1596.49,1596.49,1596.49,0.0,19.9,31960.82,0
2024-12-18,2024-12-18 11:02:00,1596.49,1596.49,1596.48,1596.48,-0.0,19.9,31960.82,-1
2024-12-18,2024-12-18 11:03:00,1596.48,1596.48,1596.47,1596.47,-0.0,19.9,31960.82,-1
2024-12-18,2024-12-18 11:04:00,1596.47,1596.47,1596.47,1596.47,0.0,19.9,31960.82,0
2024-12-18,2024-12-18 11:05:00,1596.47,1596.47,1596.46,1596.46,-0.0,19.9,31960.82,-1
2024-12-18,2024-12-18 11:06:00,1596.46,1596.46,1596.46,1596.46,0.0,19.9,31960.82,0
2024-12-18,2024-12-18 11:07:00,1596.46,1596.46,1596.45,1596.45,-0.0,19.9,31960.82,-1
2024-12-18,2024-12-18 11:08:00,1596.45,1596.45,1596.44,1596.44,-0.0,19.9,31960.82,-1
2024-12-18,2024-12-18 11:09:00,1596.44,1596.44,1596.44,1596.44,0.0,19.9,31960.82,0
2024-12-18,2024-12-18 11:10:00,1596.44,1596.44,1596.43,1596.43,-0.0,19.9,31960.82,-1
2024-12-18,2024-12-18 11:11:00,1596.43,1596.43,1596.42,1596.42,-0.0,19.9,31960.82,-1
2024-12-18,2024-12-18 11:12:00,1596.42,1596.42,1596.42,1596.42,0.0,19.9,31960.82,0
2024-12-18,2024-12-18 11:13:00,1596.42,1596.42,1596.41,1596.41,-0.0,19.9,31960.82,-1
2024-12-18,2024-12-18 11:14:00,1596.41,1596.41,1596.41,1596.41,0.0,19.9,31960.82,0
2024-12-18,2024-12-18 11:15:00,1596.41,1596.41,1596.4,1596.4,-0.0,19.9,31960.82,-1
2024-12-18,2024-12-18 11:16:00,1596.4,1596.4,1596.39,1596.39,-0.0,19.9,31960.82,-1
2024-12-18,2024-12-18 11:17:00,1596.39,1596.39,1596.39,1596.39,0.0,19.9,31960.82,0
2024-12-18,2024-12-18 11:18:00,1596.39,1596.39,1596.38,1596.38,-0.0,19.9,31960.82,-1
2024-12-18,2024-12-18 11:19:00,1596.38,1596.38,1596.38,1596.38,0.0,19.9,31960.82,0
2024-12-18,2024-12-18 11:20:00,1596.38,1596.38,1596.37,1596.37,-0.0,19.9,31960.82,-1
2024-12-18,2024-12-18 11:21:00,1596.37,1596.37,1596.36,1596.36,-0.0,19.9,31960.82,-1
2024-12-18,2024-12-18 11:22:00,1596.36,1596.36,1596.36,1596.36,0.0,19.9,31960.82,0
2024-12-18,2024-12-18 11:23:00,1596.36,1596.36,1596.35,1596.35,-0.0,19.9,31960.82,-1
2024-12-18,2024-12-18 11:24:00,1596.35,1596.35,1596.34,1596.34,-0.0,19.9,31960.82,-1
2024-12-18,2024-12-18 11:25:00,1596.34,1596.34,1596.34,1596.34,0.0,19.9,31960.82,0
2024-12-18,2024-12-18 11:26:00,1596.34,1596.34,1596.33,1596.33,-0.0,19.9,31960.82,-1
2024-12-18,2024-12-18 11:27:00,1596.33,1596.33,1596.33,1596.33,0.0,19.9,31960.82,0
2024-12-18,2024-12-18 11:28:00,1596.33,1596.33,1596.32,1596.32,-0.0,19.9,31960.82,-1
2024-12-18,2024-12-18 11:29:00,1596.32,1596.32,1596.31,1596.31,-0.0,19.9,31960.82,-1
2024-12-18,2024-12-18 11:30:00,1596.31,1596.31,1596.31,1596.31,0.0,19.9,31960.82,0
2024-12-18,2024-12-18 11:31:00,1596.31,1596.31,1596.3,1596.3,-0.0,19.9,31960.82,-1
2024-12-18,2024-12-18 11:32:00,1596.3,1596.3,1596.29,1596.29,-0.0,19.9,31960.82,-1
2024-12-18,2024-12-18 11:33:00,1596.29,1596.29,1596.29,1596.29,0.0,19.9,31960.82,0
2024-12-18,2024-12-18 11:34:00,1596.29,1596.29,1596.28,1596.28,-0.0,19.9,31960.82,-1
2024-12-18,2024-12-18 11:35:00,1596.28,1596.28,1596.28,1596.28,0.0,19.9,31960.82,0
2024-12-18,2024-12-18 11:36:00,1596.28,1596.28,1596.27,1596.27,-0.0,19.9,31960.82,-1
2024-12-18,2024-12-18 11:37:00,1596.27,1596.27,1596.26,1596.26,-0.0,19.9,31960.82,-1
2024-12-18,2024-12-18 11:38:00,1596.26,1596.26,1596.26,1596.26,0.0,19.9,31960.82,0
2024-12-18,2024-12-18 11:39:00,1596.26,1596.26,1596.25,1596.25,-0.0,19.9,31960.82,-1
2024-12-18,2024-12-18 11:40:00,1596.25,1596.25,1596.24,1596.24,-0.0,19.9,31960.82,-1
2024-12-18,2024-12-18 11:41:00,1596.24,1596.24,1596.24,1596.24,0.0,19.9,31960.82,0
2024-12-18,2024-12-18 11:42:00,1596.24,1596.24,1596.23,1596.23,-0.0,19.9,31960.82,-1
2024-12-18,2024-12-18 11:43:00,1596.23,1596.23,1596.22,1596.22,-0.0,19.9,31960.82,-1
2024-12-18,2024-12-18 11:44:00,1596.22,1596.22,1596.22,1596.22,0.0,19.9,31960.82,0
2024-12-18,2024-12-18 11:45:00,1596.22,1596.22,1596.21,1596.21,-0.0,19.9,31960.82,-1
2024-12-18,2024-12-18 11:46:00,1596.21,1596.21,1596.21,1596.21,0.0,19.9,31960.82,0
2024-12-18,2024-12-18 11:47:00,1596.21,1596.21,1596.2,1596.2,-0.0,19.9,31960.82,-1
2024-12-18,2024-12-18 11:48:00,1596.2,1596.2,1596.19,1596.19,-0.0,19.9,31960.82,-1
2024-12-18,2024-12-18 11:49:00,1596.19,1596.19,1596.19,1596.19,0.0,19.9,31960.82,0
2024-12-18,2024-12-18 11:50:00,1596.19,1596.19,1596.18,1596.18,-0.0,19.9,31960.82,-1
2024-12-18,2024-12-18 11:51:00,1596.18,1596.18,1596.17,1596.17,-0.0,19.9,31960.82,-1
2024-12-18,2024-12-18 11:52:00,1596.17,1596.17,1596.17,1596.17,0.0,19.9,31960.82,0
2024-12-18,2024-12-18 11:53:00,1596.17,1596.17,1596.16,1596.16,-0.0,19.9,31960.82,-1
2024-12-18,2024-12-18 11:54:00,1596.16,1596.16,1596.16,1596.16,0.0,19.9,31960.82,0
2024-12-18,2024-12-18 11:55:00,1596.16,1596.16,1596.15,1596.15,-0.0,19.9,31960.82,-1
2024-12-18,2024-12-18 11:56:00,1596.15,1596.15,1596.14,1596.14,-0.0,19.9,31960.82,-1
2024-12-18,2024-12-18 11:57:00,1596.14,1596.14,1596.14,1596.14,0.0,19.9,31960.82,0
2024-12-18,2024-12-18 11:58:00,1596.14,1596.14,1596.13,1596.13,-0.0,19.9,31960.82,-1
2024-12-18,2024-12-18 11:59:00,1596.13,1596.13,1596.12,1596.12,-0.0,19.9,31960.82,-1
2024-12-18,2024-12-18 12:00:00,1596.12,1596.12,1596.12,1596.12,0.0,19.9,31960.82,0
2024-12-18,2024-12-18 12:01:00,1596.12,1596.12,1596.11,1596.11,-0.0,19.9,31960.82,-1
2024-12-18,2024-12-18 12:02:00,1596.11,1596.11,1596.11,1596.11,0.0,19.9,31960.82,0
2024-12-18,2024-12-18 12:03:00,1596.11,1596.11,1596.1,1596.1,-0.0,19.9,31960.82,-1
2024-12-18,2024-12-18 12:04:00,1596.1,1596.1,1596.09,1596.09,-0.0,19.9,31960.82,-1
2024-12-18,2024-12-18 12:05:00,1596.09,1596.09,1596.09,1596.09,0.0,19.9,31960.82,0
2024-12-18,2024-12-18 12:06:00,1596.09,1596.09,1596.08,1596.08,-0.0,19.9,31960.82,-1
2024-12-18,2024-12-18 12:07:00,1596.08,1596.08,1596.08,1596.08,0.0,19.9,31960.82,0
2024-12-18,2024-12-18 12:08:00,1596.08,1596.08,1596.07,1596.07,-0.0,19.9,31960.82,-1
2024-12-18,2024-12-18 12:09:00,1596.07,1596.07,1596.06,1596.06,-0.0,19.9,31960.82,-1
2024-12-18,2024-12-18 12:10:00,1596.06,1596.06,1596.06,1596.06,0.0,19.9,31960.82,0
2024-12-18,2024-12-18 12:11:00,1596.06,1596.06,1596.05,1596.05,-0.0,19.9,31960.82,-1
2024-12-18,2024-12-18 12:12:00,1596.05,1596.05,1596.04,1596.04,-0.0,19.9,31960.82,-1
2024-12-18,2024-12-18 12:13:00,1596.04,1596.04,1596.04,1596.04,0.0,19.9,31960.82,0
2024-12-18,2024-12-18 12:14:00,1596.04,1596.04,1596.03,1596.03,-0.0,19.9,31960.82,-1
2024-12-18,2024-12-18 12:15:00,1596.03,1596.03,1596.03,1596.03,0.0,19.9,31960.82,0
2024-12-18,2024-12-18 12:16:00,1596.03,1596.03,1596.02,1596.02,-0.0,19.9,31960.82,-1
2024-12-18,2024-12-18 12:17:00,1596.02,1596.02,1596.01,1596.01,-0.0,19.9,31960.82,-1
2024-12-18,2024-12-18 12:18:00,1596.01,1596.01,1596.01,1596.01,0.0,19.9,31960.82,0
2024-12-18,2024-12-18 12:19:00,1596.01,1596.01,1596.0,1596.0,-0.0,19.9,31960.82,-1
2024-12-18,2024-12-18 12:20:00,1596.0,1596.0,1595.99,1595.99,-0.0,19.9,31960.82,-1
2024-12-18,2024-12-18 12:21:00,1595.99,1595.99,1595.99,1595.99,0.0,19.9,31960.82,0
2024-12-18,2024-12-18 12:22:00,1595.99,1595.99,1595.98,1595.98,-0.0,19.9,31960.82,-1
2024-12-18,2024-12-18 12:23:00,1595.98,1595.98,1595.97,1595.97,-0.0,19.9,31960.82,-1
2024-12-18,2024-12-18 12:24:00,1595.97,1595.97,1595.97,1595.97,0.0,19.9,31960.82,0
2024-12-18,2024-12-18 12:25:00,1595.97,1595.97,1595.96,1595.96,-0.0,19.9,31960.82,-1
2024-12-18,2024-12-18 12:26:00,1595.96,1595.96,1595.96,1595.96,0.0,19.9,31960.82,0
2024-12-18,2024-12-18 12:27:00,1595.96,1595.96,1595.95,1595.95,-0.0,19.9,31960.82,-1
2024-12-18,2024-12-18 12:28:00,1595.95,1595.95,1595.94,1595.94,-0.0,19.9,31960.82,-1
2024-12-18,2024-12-18 12:29:00,1595.94,1595.94,1595.94,1595.94,0.0,19.9,31960.82,0
2024-12-18,2024-12-18 12:30:00,1595.94,1595.94,1595.93,1595.93,-0.0,19.9,31960.82,-1
2024-12-18,2024-12-18 12:31:00,1595.93,1595.93,1595.92,1595.92,-0.0,19.9,31960.82,-1
2024-12-18,2024-12-18 12:32:00,1595.92,1595.92,1595.92,1595.92,0.0,19.9,31960.82,0
2024-12-18,2024-12-18 12:33:00,1595.92,1595.92,1595.91,1595.91,-0.0,19.9,31960.82,-1
2024-12-18,2024-12-18 12:34:00,1595.91,1595.91,1595.91,1595.91,0.0,19.9,31960.82,0
2024-12-18,2024-12-18 12:35:00,1595.91,1595.91,1595.9,1595.9,-0.0,19.9,31960.82,-1
2024-12-18,2024-12-18 12:36:00,1595.9,1595.9,1595.89,1595.89,-0.0,19.9,31960.82,-1
2024-12-18,2024-12-18 12:37:00,1595.89,1595.89,1595.89,1595.89,0.0,19.9,31960.82,0
2024-12-18,2024-12-18 12:38:00,1595.89,1595.89,1595.88,1595.88,-0.0,19.9,31960.82,-1
2024-12-18,2024-12-18 12:39:00,1595.88,1595.88,1595.88,1595.88,0.0,19.9,31960.82,0
2024-12-18,2024-12-18 12:40:00,1595.88,1595.88,1595.87,1595.87,-0.0,19.9,31960.82,-1
2024-12-18,2024-12-18 12:41:00,1595.87,1595.87,1595.86,1595.86,-0.0,19.9,31960.82,-1
2024-12-18,2024-12-18 12:42:00,1595.86,1595.86,1595.86,1595.86,0.0,19.9,31960.82,0
2024-12-18,2024-12-18 12:43:00,1595.86,1595.86,1595.85,1595.85,-0.0,19.9,31960.82,-1
2024-12-18,2024-12-18 12:44:00,1595.85,1595.85,1595.84,1595.84,-0.0,19.9,31960.82,-1
2024-12-18,2024-12-18 12:45:00,1595.84,1595.84,1595.84,1595.84,0.0,19.9,31960.82,0
2024-12-18,2024-12-18 12:46:00,1595.84,1595.84,1595.83,1595.83,-0.0,19.9,31960.82,-1
2024-12-18,2024-12-18 12:47:00,1595.83,1595.83,1595.83,1595.83,0.0,19.9,31960.82,0
2024-12-18,2024-12-18 12:48:00,1595.83,1595.83,1595.82,1595.82,-0.0,19.9,31960.82,-1
2024-12-18,2024-12-18 12:49:00,1595.82,1595.82,1595.81,1595.81,-0.0,19.9,31960.82,-1
2024-12-18,2024-12-18 12:50:00,1595.81,1595.81,1595.81,1595.81,0.0,19.9,31960.82,0
2024-12-18,2024-12-18 12:51:00,1595.81,1595.81,1595.8,1595.8,-0.0,19.9,31960.82,-1
2024-12-18,2024-12-18 12:52:00,1595.8,1595.8,1595.79,1595.79,-0.0,19.9,31960.82,-1
2024-12-18,2024-12-18 12:53:00,1595.79,1595.79,1595.79,1595.79,0.0,19.9,31960.82,0
2024-12-18,2024-12-18 12:54:00,1595.79,1595.79,1595.78,1595.78,-0.0,19.9,31960.82,-1
2024-12-18,2024-12-18 12:55:00,1595.78,1595.78,1595.78,1595.78,0.0,19.9,31960.82,0
2024-12-18,2024-12-18 12:56:00,1595.78,1595.78,1595.77,1595.77,-0.0,19.9,31960.82,-1
2024-12-18,2024-12-18 12:57:00,1595.77,1595.77,1595.76,1595.76,-0.0,19.9,31960.82,-1
2024-12-18,2024-12-18 12:58:00,1595.76,1595.76,1595.76,1595.76,0.0,19.9,31960.82,0
2024-12-18,2024-12-18 12:59:00,1595.76,1595.76,1595.75,1595.75,-0.0,19.9,31960.82,-1
2024-12-18,2024-12-18 13:00:00,1595.75,1657.0,1577.0,1595.74,-0.0,19.9,31960.82,-1
2024-12-18,2024-12-18 13:01:00,1595.74,1595.74,1595.74,1595.74,0.0,19.9,31960.82,0
2024-12-18,2024-12-18 13:02:00,1595.74,1595.74,1595.73,1595.73,-0.0,19.9,31960.82,-1
2024-12-18,2024-12-18 13:03:00,1595.73,1595.73,1595.72,1595.72,-0.0,19.9,31960.82,-1
2024-12-18,2024-12-18 13:04:00,1595.72,1595.72,1595.72,1595.72,0.0,19.9,31960.82,0
2024-12-18,2024-12-18 13:05:00,1595.72,1595.72,1595.71,1595.71,-0.0,19.9,31960.82,-1
2024-12-18,2024-12-18 13:06:00,1595.71,1595.71,1595.71,1595.71,0.0,19.9,31960.82,0
2024-12-18,2024-12-18 13:07:00,1595.71,1595.71,1595.7,1595.7,-0.0,19.9,31960.82,-1
2024-12-18,2024-12-18 13:08:00,1595.7,1595.7,1595.69,1595.69,-0.0,19.9,31960.82,-1
2024-12-18,2024-12-18 13:09:00,1595.69,1595.69,1595.69,1595.69,0.0,19.9,31960.82,0
2024-12-18,2024-12-18 13:10:00,1595.69,1595.69,1595.68,1595.68,-0.0,19.9,31960.82,-1
2024-12-18,2024-12-18 13:11:00,1595.68,1595.68,1595.67,1595.67,-0.0,19.9,31960.82,-1
2024-12-18,2024-12-18 13:12:00,1595.67,1595.67,1595.67,1595.67,0.0,19.9,31960.82,0
2024-12-18,2024-12-18 13:13:00,1595.67,1595.67,1595.66,1595.66,-0.0,19.9,31960.82,-1
2024-12-18,2024-12-18 13:14:00,1595.66,1595.66,1595.66,1595.66,0.0,19.9,31960.82,0
2024-12-18,2024-12-18 13:15:00,1595.66,1595.66,1595.65,1595.65,-0.0,19.9,31960.82,-1
2024-12-18,2024-12-18 13:16:00,1595.65,1595.65,1595.64,1595.64,-0.0,19.9,31960.82,-1
2024-12-18,2024-12-18 13:17:00,1595.64,1595.64,1595.64,1595.64,0.0,19.9,31960.82,0
2024-12-18,2024-12-18 13:18:00,1595.64,1595.64,1595.63,1595.63,-0.0,19.9,31960.82,-1
2024-12-18,2024-12-18 13:19:00,1595.63,1595.63,1595.62,1595.62,-0.0,19.9,31960.82,-1
2024-12-18,2024-12-18 13:20:00,1595.62,1595.62,1595.62,1595.62,0.0,19.9,31960.82,0
2024-12-18,2024-12-18 13:21:00,1595.62,1595.62,1595.61,1595.61,-0.0,19.9,31960.82,-1
2024-12-18,2024-12-18 13:22:00,1595.61,1595.61,1595.61,1595.61,0.0,19.9,31960.82,0
2024-12-18,2024-12-18 13:23:00,1595.61,1595.61,1595.6,1595.6,-0.0,19.9,31960.82,-1
2024-12-18,2024-12-18 13:24:00,1595.6,1595.6,1595.59,1595.59,-0.0,19.9,31960.82,-1
2024-12-18,2024-12-18 13:25:00,1595.59,1595.59,1595.59,1595.59,0.0,19.9,31960.82,0
2024-12-18,2024-12-18 13:26:00,1595.59,1595.59,1595.58,1595.58,-0.0,19.9,31960.82,-1
2024-12-18,2024-12-18 13:27:00,1595.58,1595.58,1595.58,1595.58,0.0,19.9,31960.82,0
2024-12-18,2024-12-18 13:28:00,1595.58,1595.58,1595.57,1595.57,-0.0,19.9,31960.82,-1
2024-12-18,2024-12-18 13:29:00,1595.57,1595.57,1595.56,1595.56,-0.0,19.9,31960.82,-1
2024-12-18,2024-12-18 13:30:00,1595.56,1595.56,1595.56,1595.56,0.0,19.9,31960.82,0
2024-12-18,2024-12-18 13:31:00,1595.56,1595.56,1595.55,1595.55,-0.0,19.9,31960.82,-1
2024-12-18,2024-12-18 13:32:00,1595.55,1595.55,1595.54,1595.54,-0.0,19.9,31960.82,-1
2024-12-18,2024-12-18 13:33:00,1595.54,1595.54,1595.54,1595.54,0.0,19.9,31960.82,0
2024-12-18,2024-12-18 13:34:00,1595.54,1595.54,1595.53,1595.53,-0.0,19.9,31960.82,-1
2024-12-18,2024-12-18 13:35:00,1595.53,1595.53,1595.53,1595.53,0.0,19.9,31960.82,0
2024-12-18,2024-12-18 13:36:00,1595.53,1595.53,1595.52,1595.52,-0.0,19.9,31960.82,-1
2024-12-18,2024-12-18 13:37:00,1595.52,1595.52,1595.51,1595.51,-0.0,19.9,31960.82,-1
2024-12-18,2024-12-18 13:38:00,1595.51,1595.51,1595.51,1595.51,0.0,19.9,31960.82,0
2024-12-18,2024-12-18 13:39:00,1595.51,1595.51,1595.5,1595.5,-0.0,19.9,31960.82,-1
2024-12-18,2024-12-18 13:40:00,1595.5,1595.5,1595.49,1595.49,-0.0,19.9,31960.82,-1
2024-12-18,2024-12-18 13:41:00,1595.49,1595.49,1595.49,1595.49,0.0,19.9,31960.82,0
2024-12-18,2024-12-18 13:42:00,1595.49,1595.49,1595.48,1595.48,-0.0,19.9,31960.82,-1
2024-12-18,2024-12-18 13:43:00,1595.48,1595.48,1595.47,1595.47,-0.0,19.9,31960.82,-1
2024-12-18,2024-12-18 13:44:00,1595.47,1595.47,1595.47,1595.47,0.0,19.9,31960.82,0
2024-12-18,2024-12-18 13:45:00,1595.47,1595.47,1595.46,1595.46,-0.0,19.9,31960.82,-1
2024-12-18,2024-12-18 13:46:00,1595.46,1595.46,1595.46,1595.46,0.0,19.9,31960.82,0
2024-12-18,2024-12-18 13:47:00,1595.46,1595.46,1595.45,1595.45,-0.0,19.9,31960.82,-1
2024-12-18,2024-12-18 13:48:00,1595.45,1595.45,1595.44,1595.44,-0.0,19.9,31960.82,-1
2024-12-18,2024-12-18 13:49:00,1595.44,1595.44,1595.44,1595.44,0.0,19.9,31960.82,0
2024-12-18,2024-12-18 13:50:00,1595.44,1595.44,1595.43,1595.43,-0.0,19.9,31960.82,-1
2024-12-18,2024-12-18 13:51:00,1595.43,1595.43,1595.42,1595.42,-0.0,19.9,31960.82,-1
2024-12-18,2024-12-18 13:52:00,1595.42,1595.42,1595.42,1595.42,0.0,19.9,31960.82,0
2024-12-18,2024-12-18 13:53:00,1595.42,1595.42,1595.41,1595.41,-0.0,19.9,31960.82,-1
2024-12-18,2024-12-18 13:54:00,1595.41,1595.41,1595.41,1595.41,0.0,19.9,31960.82,0
2024-12-18,2024-12-18 13:55:00,1595.41,1595.41,1595.4,1595.4,-0.0,19.9,31960.82,-1
2024-12-18,2024-12-18 13:56:00,1595.4,1595.4,1595.39,1595.39,-0.0,19.9,31960.82,-1
2024-12-18,2024-12-18 13:57:00,1595.39,1595.39,1595.39,1595.39,0.0,19.9,31960.82,0
2024-12-18,2024-12-18 13:58:00,1595.39,1595.39,1595.38,1595.38,-0.0,19.9,31960.82,-1
2024-12-18,2024-12-18 13:59:00,1595.38,1595.38,1595.38,1595.38,0.0,19.9,31960.82,0
2024-12-18,2024-12-18 14:00:00,1595.38,1595.38,1595.37,1595.37,-0.0,19.9,31960.82,-1
2024-12-18,2024-12-18 14:01:00,1595.37,1595.37,1595.36,1595.36,-0.0,19.9,31960.82,-1
2024-12-18,2024-12-18 14:02:00,1595.36,1595.36,1595.36,1595.36,0.0,19.9,31960.82,0
2024-12-18,2024-12-18 14:03:00,1595.36,1595.36,1595.35,1595.35,-0.0,19.9,31960.82,-1
2024-12-18,2024-12-18 14:04:00,1595.35,1595.35,1595.34,1595.34,-0.0,19.9,31960.82,-1
2024-12-18,2024-12-18 14:05:00,1595.34,1595.34,1595.34,1595.34,0.0,19.9,31960.82,0
2024-12-18,2024-12-18 14:06:00,1595.34,1595.34,1595.33,1595.33,-0.0,19.9,31960.82,-1
2024-12-18,2024-12-18 14:07:00,1595.33,1595.33,1595.33,1595.33,0.0,19.9,31960.82,0
2024-12-18,2024-12-18 14:08:00,1595.33,1595.33,1595.32,1595.32,-0.0,19.9,31960.82,-1
2024-12-18,2024-12-18 14:09:00,1595.32,1595.32,1595.31,1595.31,-0.0,19.9,31960.82,-1
2024-12-18,2024-12-18 14:10:00,1595.31,1595.31,1595.31,1595.31,0.0,19.9,31960.82,0
2024-12-18,2024-12-18 14:11:00,1595.31,1595.31,1595.3,1595.3,-0.0,19.9,31960.82,-1
2024-12-18,2024-12-18 14:12:00,1595.3,1595.3,1595.29,1595.29,-0.0,19.9,31960.82,-1
2024-12-18,2024-12-18 14:13:00,1595.29,1595.29,1595.29,1595.29,0.0,19.9,31960.82,0
2024-12-18,2024-12-18 14:14:00,1595.29,1595.29,1595.28,1595.28,-0.0,19.9,31960.82,-1
2024-12-18,2024-12-18 14:15:00,1595.28,1595.28,1595.28,1595.28,0.0,19.9,31960.82,0
2024-12-18,2024-12-18 14:16:00,1595.28,1595.28,1595.27,1595.27,-0.0,19.9,31960.82,-1
2024-12-18,2024-12-18 14:17:00,1595.27,1595.27,1595.26,1595.26,-0.0,19.9,31960.82,-1
2024-12-18,2024-12-18 14:18:00,1595.26,1595.26,1595.26,1595.26,0.0,19.9,31960.82,0
2024-12-18,2024-12-18 14:19:00,1595.26,1595.26,1595.25,1595.25,-0.0,19.9,31960.82,-1
2024-12-18,2024-12-18 14:20:00,1595.25,1595.25,1595.24,1595.24,-0.0,19.9,31960.82,-1
2024-12-18,2024-12-18 14:21:00,1595.24,1595.24,1595.24,1595.24,0.0,19.9,31960.82,0
2024-12-18,2024-12-18 14:22:00,1595.24,1595.24,1595.23,1595.23,-0.0,19.9,31960.82,-1
2024-12-18,2024-12-18 14:23:00,1595.23,1595.23,1595.22,1595.22,-0.0,19.9,31960.82,-1
2024-12-18,2024-12-18 14:24:00,1595.22,1595.22,1595.22,1595.22,0.0,19.9,31960.82,0
2024-12-18,2024-12-18 14:25:00,1595.22,1595.22,1595.21,1595.21,-0.0,19.9,31960.82,-1
2024-12-18,2024-12-18 14:26:00,1595.21,1595.21,1595.21,1595.21,0.0,19.9,31960.82,0
2024-12-18,2024-12-18 14:27:00,1595.21,1595.21,1595.2,1595.2,-0.0,19.9,31960.82,-1
2024-12-18,2024-12-18 14:28:00,1595.2,1595.2,1595.19,1595.19,-0.0,19.9,31960.82,-1
2024-12-18,2024-12-18 14:29:00,1595.19,1595.19,1595.19,1595.19,0.0,19.9,31960.82,0
2024-12-18,2024-12-18 14:30:00,1595.19,1595.19,1595.18,1595.18,-0.0,19.9,31960.82,-1
2024-12-18,2024-12-18 14:31:00,1595.18,1595.18,1595.17,1595.17,-0.0,19.9,31960.82,-1
2024-12-18,2024-12-18 14:32:00,1595.17,1595.17,1595.17,1595.17,0.0,19.9,31960.82,0
2024-12-18,2024-12-18 14:33:00,1595.17,1595.17,1595.16,1595.16,-0.0,19.9,31960.82,-1
2024-12-18,2024-12-18 14:34:00,1595.16,1595.16,1595.16,1595.16,0.0,19.9,31960.82,0
2024-12-18,2024-12-18 14:35:00,1595.16,1595.16,1595.15,1595.15,-0.0,19.9,31960.82,-1
2024-12-18,2024-12-18 14:36:00,1595.15,1595.15,1595.14,1595.14,-0.0,19.9,31960.82,-1
2024-12-18,2024-12-18 14:37:00,1595.14,1595.14,1595.14,1595.14,0.0,19.9,31960.82,0
2024-12-18,2024-12-18 14:38:00,1595.14,1595.14,1595.13,1595.13,-0.0,19.9,31960.82,-1
2024-12-18,2024-12-18 14:39:00,1595.13,1595.13,1595.12,1595.12,-0.0,19.9,31960.82,-1
2024-12-18,2024-12-18 14:40:00,1595.12,1595.12,1595.12,1595.12,0.0,19.9,31960.82,0
2024-12-18,2024-12-18 14:41:00,1595.12,1595.12,1595.11,1595.11,-0.0,19.9,31960.82,-1
2024-12-18,2024-12-18 14:42:00,1595.11,1595.11,1595.11,1595.11,0.0,19.9,31960.82,0
2024-12-18,2024-12-18 14:43:00,1595.11,1595.11,1595.1,1595.1,-0.0,19.9,31960.82,-1
2024-12-18,2024-12-18 14:44:00,1595.1,1595.1,1595.09,1595.09,-0.0,19.9,31960.82,-1
2024-12-18,2024-12-18 14:45:00,1595.09,1595.09,1595.09,1595.09,0.0,19.9,31960.82,0
2024-12-18,2024-12-18 14:46:00,1595.09,1595.09,1595.08,1595.08,-0.0,19.9,31960.82,-1
2024-12-18,2024-12-18 14:47:00,1595.08,1595.08,1595.08,1595.08,0.0,19.9,31960.82,0
2024-12-18,2024-12-18 14:48:00,1595.08,1595.08,1595.07,1595.07,-0.0,19.9,31960.82,-1
2024-12-18,2024-12-18 14:49:00,1595.07,1595.07,1595.06,1595.06,-0.0,19.9,31960.82,-1
2024-12-18,2024-12-18 14:50:00,1595.06,1595.06,1595.06,1595.06,0.0,19.9,31960.82,0
2024-12-18,2024-12-18 14:51:00,1595.06,1595.06,1595.05,1595.05,-0.0,19.9,31960.82,-1
2024-12-18,2024-12-18 14:52:00,1595.05,1595.05,1595.04,1595.04,-0.0,19.9,31960.82,-1
2024-12-18,2024-12-18 14:53:00,1595.04,1595.04,1595.04,1595.04,0.0,19.9,31960.82,0
2024-12-18,2024-12-18 14:54:00,1595.04,1595.04,1595.03,1595.03,-0.0,19.9,31960.82,-1
2024-12-18,2024-12-18 14:55:00,1595.03,1595.03,1595.03,1595.03,0.0,19.9,31960.82,0
2024-12-18,2024-12-18 14:56:00,1595.03,1595.03,1595.02,1595.02,-0.0,19.9,31960.82,-1
2024-12-18,2024-12-18 14:57:00,1595.02,1595.02,1595.01,1595.01,-0.0,19.9,31960.82,-1
2024-12-18,2024-12-18 14:58:00,1595.01,1595.01,1595.01,1595.01,0.0,19.9,31960.82,0
2024-12-18,2024-12-18 14:59:00,1595.01,1595.01,1595.0,1595.0,-0.0,19.9,31960.82,-1
2024-12-18,2024-12-18 15:00:00,1595.0,1657.0,1577.0,1595.0,0.0,19.9,31960.82,0
2024-12-19,2024-12-19 11:00:00,1584.6,1592.22,1577.22,1584.63,0.0,21.12,33388.26,1
2024-12-19,2024-12-19 11:01:00,1584.63,1584.65,1584.63,1584.65,0.0,21.12,33388.26,1
2024-12-19,2024-12-19 11:02:00,1584.65,1584.68,1584.65,1584.68,0.0,21.12,33388.26,1
2024-12-19,2024-12-19 11:03:00,1584.68,1584.71,1584.68,1584.71,0.0,21.12,33388.26,1
2024-12-19,2024-12-19 11:04:00,1584.71,1584.73,1584.71,1584.73,0.0,21.12,33388.26,1
2024-12-19,2024-12-19 11:05:00,1584.73,1584.76,1584.73,1584.76,0.0,21.12,33388.26,1
2024-12-19,2024-12-19 11:06:00,1584.76,1584.79,1584.76,1584.79,0.0,21.12,33388.26,1
2024-12-19,2024-12-19 11:07:00,1584.79,1584.81,1584.79,1584.81,0.0,21.12,33388.26,1
2024-12-19,2024-12-19 11:08:00,1584.81,1584.84,1584.81,1584.84,0.0,21.12,33388.26,1
2024-12-19,2024-12-19 11:09:00,1584.84,1584.87,1584.84,1584.87,0.0,21.12,33388.26,1
2024-12-19,2024-12-19 11:10:00,1584.87,1584.89,1584.87,1584.89,0.0,21.12,33388.26,1
2024-12-19,2024-12-19 11:11:00,1584.89,1584.92,1584.89,1584.92,0.0,21.12,33388.26,1
2024-12-19,2024-12-19 11:12:00,1584.92,1584.95,1584.92,1584.95,0.0,21.12,33388.26,1
2024-12-19,2024-12-19 11:13:00,1584.95,1584.97,1584.95,1584.97,0.0,21.12,33388.26,1
2024-12-19,2024-12-19 11:14:00,1584.97,1585.0,1584.97,1585.0,0.0,21.12,33388.26,1
2024-12-19,2024-12-19 11:15:00,1585.0,1585.03,1585.0,1585.03,0.0,21.12,33388.26,1
2024-12-19,2024-12-19 11:16:00,1585.03,1585.05,1585.03,1585.05,0.0,21.12,33388.26,1
2024-12-19,2024-12-19 11:17:00,1585.05,1585.08,1585.05,1585.08,0.0,21.12,33388.26,1
2024-12-19,2024-12-19 11:18:00,1585.08,1585.11,1585.08,1585.11,0.0,21.12,33388.26,1
2024-12-19,2024-12-19 11:19:00,1585.11,1585.13,1585.11,1585.13,0.0,21.12,33388.26,1
2024-12-19,2024-12-19 11:20:00,1585.13,1585.16,1585.13,1585.16,0.0,21.12,33388.26,1
2024-12-19,2024-12-19 11:21:00,1585.16,1585.19,1585.16,1585.19,0.0,21.12,33388.26,1
2024-12-19,2024-12-19 11:22:00,1585.19,1585.21,1585.19,1585.21,0.0,21.12,33388.26,1
2024-12-19,2024-12-19 11:23:00,1585.21,1585.24,1585.21,1585.24,0.0,21.12,33388.26,1
2024-12-19,2024-12-19 11:24:00,1585.24,1585.27,1585.24,1585.27,0.0,21.12,33388.26,1
2024-12-19,2024-12-19 11:25:00,1585.27,1585.29,1585.27,1585.29,0.0,21.12,33388.26,1
2024-12-19,2024-12-19 11:26:00,1585.29,1585.32,1585.29,1585.32,0.0,21.12,33388.26,1
2024-12-19,2024-12-19 11:27:00,1585.32,1585.35,1585.32,1585.35,0.0,21.12,33388.26,1
2024-12-19,2024-12-19 11:28:00,1585.35,1585.37,1585.35,1585.37,0.0,21.12,33388.26,1
2024-12-19,2024-12-19 11:29:00,1585.37,1585.4,1585.37,1585.4,0.0,21.12,33388.26,1
2024-12-19,2024-12-19 11:30:00,1585.4,1585.43,1585.4,1585.43,0.0,21.12,33388.26,1
2024-12-19,2024-12-19 11:31:00,1585.43,1585.45,1585.43,1585.45,0.0,21.12,33388.26,1
2024-12-19,2024-12-19 11:32:00,1585.45,1585.48,1585.45,1585.48,0.0,21.12,33388.26,1
2024-12-19,2024-12-19 11:33:00,1585.48,1585.51,1585.48,1585.51,0.0,21.12,33388.26,1
2024-12-19,2024-12-19 11:34:00,1585.51,1585.53,1585.51,1585.53,0.0,21.12,33388.26,1
2024-12-19,2024-12-19 11:35:00,1585.53,1585.56,1585.53,1585.56,0.0,21.12,33388.26,1
2024-12-19,2024-12-19 11:36:00,1585.56,1585.59,1585.56,1585.59,0.0,21.12,33388.26,1
2024-12-19,2024-12-19 11:37:00,1585.59,1585.61,1585.59,1585.61,0.0,21.12,33388.26,1
2024-12-19,2024-12-19 11:38:00,1585.61,1585.64,1585.61,1585.64,0.0,21.12,33388.26,1
2024-12-19,2024-12-19 11:39:00,1585.64,1585.67,1585.64,1585.67,0.0,21.12,33388.26,1
2024-12-19,2024-12-19 11:40:00,1585.67,1585.69,1585.67,1585.69,0.0,21.12,33388.26,1
2024-12-19,2024-12-19 11:41:00,1585.69,1585.72,1585.69,1585.72,0.0,21.12,33388.26,1
2024-12-19,2024-12-19 11:42:00,1585.72,1585.75,1585.72,1585.75,0.0,21.12,33388.26,1
2024-12-19,2024-12-19 11:43:00,1585.75,1585.77,1585.75,1585.77,0.0,21.12,33388.26,1
2024-12-19,2024-12-19 11:44:00,1585.77,1585.8,1585.77,1585.8,0.0,21.12,33388.26,1
2024-12-19,2024-12-19 11:45:00,1585.8,1585.83,1585.8,1585.83,0.0,21.12,33388.26,1
2024-12-19,2024-12-19 11:46:00,1585.83,1585.85,1585.83,1585.85,0.0,21.12,33388.26,1
2024-12-19,2024-12-19 11:47:00,1585.85,1585.88,1585.85,1585.88,0.0,21.12,33388.26,1
2024-12-19,2024-12-19 11:48:00,1585.88,1585.91,1585.88,1585.91,0.0,21.12,33388.26,1
2024-12-19,2024-12-19 11:49:00,1585.91,1585.93,1585.91,1585.93,0.0,21.12,33388.26,1
2024-12-19,2024-12-19 11:50:00,1585.93,1585.96,1585.93,1585.96,0.0,21.12,33388.26,1
2024-12-19,2024-12-19 11:51:00,1585.96,1585.99,1585.96,1585.99,0.0,21.12,33388.26,1
2024-12-19,2024-12-19 11:52:00,1585.99,1586.01,1585.99,1586.01,0.0,21.12,33388.26,1
2024-12-19,2024-12-19 11:53:00,1586.01,1586.04,1586.01,1586.04,0.0,21.12,33388.26,1
2024-12-19,2024-12-19 11:54:00,1586.04,1586.07,1586.04,1586.07,0.0,21.12,33388.26,1
2024-12-19,2024-12-19 11:55:00,1586.07,1586.09,1586.07,1586.09,0.0,21.12,33388.26,1
2024-12-19,2024-12-19 11:56:00,1586.09,1586.12,1586.09,1586.12,0.0,21.12,33388.26,1
2024-12-19,2024-12-19 11:57:00,1586.12,1586.15,1586.12,1586.15,0.0,21.12,33388.26,1
2024-12-19,2024-12-19 11:58:00,1586.15,1586.17,1586.15,1586.17,0.0,21.12,33388.26,1
2024-12-19,2024-12-19 11:59:00,1586.17,1586.2,1586.17,1586.2,0.0,21.12,33388.26,1
2024-12-19,2024-12-19 12:00:00,1586.2,1586.23,1586.2,1586.23,0.0,21.12,33388.26,1
2024-12-19,2024-12-19 12:01:00,1586.23,1586.25,1586.23,1586.25,0.0,21.12,33388.26,1
2024-12-19,2024-12-19 12:02:00,1586.25,1586.28,1586.25,1586.28,0.0,21.12,33388.26,1
2024-12-19,2024-12-19 12:03:00,1586.28,1586.31,1586.28,1586.31,0.0,21.12,33388.26,1
2024-12-19,2024-12-19 12:04:00,1586.31,1586.33,1586.31,1586.33,0.0,21.12,33388.26,1
2024-12-19,2024-12-19 12:05:00,1586.33,1586.36,1586.33,1586.36,0.0,21.12,33388.26,1
2024-12-19,2024-12-19 12:06:00,1586.36,1586.39,1586.36,1586.39,0.0,21.12,33388.26,1
2024-12-19,2024-12-19 12:07:00,1586.39,1586.41,1586.39,1586.41,0.0,21.12,33388.26,1
2024-12-19,2024-12-19 12:08:00,1586.41,1586.44,1586.41,1586.44,0.0,21.12,33388.26,1
2024-12-19,2024-12-19 12:09:00,1586.44,1586.47,1586.44,1586.47,0.0,21.12,33388.26,1
2024-12-19,2024-12-19 12:10:00,1586.47,1586.49,1586.47,1586.49,0.0,21.12,33388.26,1
2024-12-19,2024-12-19 12:11:00,1586.49,1586.52,1586.49,1586.52,0.0,21.12,33388.26,1
2024-12-19,2024-12-19 12:12:00,1586.52,1586.55,1586.52,1586.55,0.0,21.12,33388.26,1
2024-12-19,2024-12-19 12:13:00,1586.55,1586.57,1586.55,1586.57,0.0,21.12,33388.26,1
2024-12-19,2024-12-19 12:14:00,1586.57,1586.6,1586.57,1586.6,0.0,21.12,33388.26,1
2024-12-19,2024-12-19 12:15:00,1586.6,1586.63,1586.6,1586.63,0.0,21.12,33388.26,1
2024-12-19,2024-12-19 12:16:00,1586.63,1586.65,1586.63,1586.65,0.0,21.12,33388.26,1
2024-12-19,2024-12-19 12:17:00,1586.65,1586.68,1586.65,1586.68,0.0,21.12,33388.26,1
2024-12-19,2024-12-19 12:18:00,1586.68,1586.71,1586.68,1586.71,0.0,21.12,33388.26,1
2024-12-19,2024-12-19 12:19:00,1586.71,1586.73,1586.71,1586.73,0.0,21.12,33388.26,1
2024-12-19,2024-12-19 12:20:00,1586.73,1586.76,1586.73,1586.76,0.0,21.12,33388.26,1
2024-12-19,2024-12-19 12:21:00,1586.76,1586.79,1586.76,1586.79,0.0,21.12,33388.26,1
2024-12-19,2024-12-19 12:22:00,1586.79,1586.81,1586.79,1586.81,0.0,21.12,33388.26,1
2024-12-19,2024-12-19 12:23:00,1586.81,1586.84,1586.81,1586.84,0.0,21.12,33388.26,1
2024-12-19,2024-12-19 12:24:00,1586.84,1586.87,1586.84,1586.87,0.0,21.12,33388.26,1
2024-12-19,2024-12-19 12:25:00,1586.87,1586.89,1586.87,1586.89,0.0,21.12,33388.26,1
2024-12-19,2024-12-19 12:26:00,1586.89,1586.92,1586.89,1586.92,0.0,21.12,33388.26,1
2024-12-19,2024-12-19 12:27:00,1586.92,1586.95,1586.92,1586.95,0.0,21.12,33388.26,1
2024-12-19,2024-12-19 12:28:00,1586.95,1586.97,1586.95,1586.97,0.0,21.12,33388.26,1
2024-12-19,2024-12-19 12:29:00,1586.97,1587.0,1586.97,1587.0,0.0,21.12,33388.26,1
2024-12-19,2024-12-19 12:30:00,1587.0,1587.03,1587.0,1587.03,0.0,21.12,33388.26,1
2024-12-19,2024-12-19 12:31:00,1587.03,1587.05,1587.03,1587.05,0.0,21.12,33388.26,1
2024-12-19,2024-12-19 12:32:00,1587.05,1587.08,1587.05,1587.08,0.0,21.12,33388.26,1
2024-12-19,2024-12-19 12:33:00,1587.08,1587.11,1587.08,1587.11,0.0,21.12,33388.26,1
2024-12-19,2024-12-19 12:34:00,1587.11,1587.13,1587.11,1587.13,0.0,21.12,33388.26,1
2024-12-19,2024-12-19 12:35:00,1587.13,1587.16,1587.13,1587.16,0.0,21.12,33388.26,1
2024-12-19,2024-12-19 12:36:00,1587.16,1587.19,1587.16,1587.19,0.0,21.12,33388.26,1
2024-12-19,2024-12-19 12:37:00,1587.19,1587.21,1587.19,1587.21,0.0,21.12,33388.26,1
2024-12-19,2024-12-19 12:38:00,1587.21,1587.24,1587.21,1587.24,0.0,21.12,33388.26,1
2024-12-19,2024-12-19 12:39:00,1587.24,1587.27,1587.24,1587.27,0.0,21.12,33388.26,1
2024-12-19,2024-12-19 12:40:00,1587.27,1587.29,1587.27,1587.29,0.0,21.12,33388.26,1
2024-12-19,2024-12-19 12:41:00,1587.29,1587.32,1587.29,1587.32,0.0,21.12,33388.26,1
2024-12-19,2024-12-19 12:42:00,1587.32,1587.35,1587.32,1587.35,0.0,21.12,33388.26,1
2024-12-19,2024-12-19 12:43:00,1587.35,1587.37,1587.35,1587.37,0.0,21.12,33388.26,1
2024-12-19,2024-12-19 12:44:00,1587.37,1587.4,1587.37,1587.4,0.0,21.12,33388.26,1
2024-12-19,2024-12-19 12:45:00,1587.4,1587.43,1587.4,1587.43,0.0,21.12,33388.26,1
2024-12-19,2024-12-19 12:46:00,1587.43,1587.45,1587.43,1587.45,0.0,21.12,33388.26,1
2024-12-19,2024-12-19 12:47:00,1587.45,1587.48,1587.45,1587.48,0.0,21.12,33388.26,1
2024-12-19,2024-12-19 12:48:00,1587.48,1587.51,1587.48,1587.51,0.0,21.12,33388.26,1
2024-12-19,2024-12-19 12:49:00,1587.51,1587.53,1587.51,1587.53,0.0,21.12,33388.26,1
2024-12-19,2024-12-19 12:50:00,1587.53,1587.56,1587.53,1587.56,0.0,21.12,33388.26,1
2024-12-19,2024-12-19 12:51:00,1587.56,1587.59,1587.56,1587.59,0.0,21.12,33388.26,1
2024-12-19,2024-12-19 12:52:00,1587.59,1587.61,1587.59,1587.61,0.0,21.12,33388.26,1
2024-12-19,2024-12-19 12:53:00,1587.61,1587.64,1587.61,1587.64,0.0,21.12,33388.26,1
2024-12-19,2024-12-19 12:54:00,1587.64,1587.67,1587.64,1587.67,0.0,21.12,33388.26,1
2024-12-19,2024-12-19 12:55:00,1587.67,1587.69,1587.67,1587.69,0.0,21.12,33388.26,1
2024-12-19,2024-12-19 12:56:00,1587.69,1587.72,1587.69,1587.72,0.0,21.12,33388.26,1
2024-12-19,2024-12-19 12:57:00,1587.72,1587.75,1587.72,1587.75,0.0,21.12,33388.26,1
2024-12-19,2024-12-19 12:58:00,1587.75,1587.77,1587.75,1587.77,0.0,21.12,33388.26,1
2024-12-19,2024-12-19 12:59:00,1587.77,1587.8,1587.77,1587.8,0.0,21.12,33388.26,1
2024-12-19,2024-12-19 13:00:00,1587.8,1610.0,1560.0,1587.83,0.0,21.12,33388.26,1
2024-12-19,2024-12-19 13:01:00,1587.83,1587.85,1587.83,1587.85,0.0,21.12,33388.26,1
2024-12-19,2024-12-19 13:02:00,1587.85,1587.88,1587.85,1587.88,0.0,21.12,33388.26,1
2024-12-19,2024-12-19 13:03:00,1587.88,1587.91,1587.88,1587.91,0.0,21.12,33388.26,1
2024-12-19,2024-12-19 13:04:00,1587.91,1587.93,1587.91,1587.93,0.0,21.12,33388.26,1
2024-12-19,2024-12-19 13:05:00,1587.93,1587.96,1587.93,1587.96,0.0,21.12,33388.26,1
2024-12-19,2024-12-19 13:06:00,1587.96,1587.99,1587.96,1587.99,0.0,21.12,33388.26,1
2024-12-19,2024-12-19 13:07:00,1587.99,1588.01,1587.99,1588.01,0.0,21.12,33388.26,1
2024-12-19,2024-12-19 13:08:00,1588.01,1588.04,1588.01,1588.04,0.0,21.12,33388.26,1
2024-12-19,2024-12-19 13:09:00,1588.04,1588.07,1588.04,1588.07,0.0,21.12,33388.26,1
2024-12-19,2024-12-19 13:10:00,1588.07,1588.09,1588.07,1588.09,0.0,21.12,33388.26,1
2024-12-19,2024-12-19 13:11:00,1588.09,1588.12,1588.09,1588.12,0.0,21.12,33388.26,1
2024-12-19,2024-12-19 13:12:00,1588.12,1588.15,1588.12,1588.15,0.0,21.12,33388.26,1
2024-12-19,2024-12-19 13:13:00,1588.15,1588.17,1588.15,1588.17,0.0,21.12,33388.26,1
2024-12-19,2024-12-19 13:14:00,1588.17,1588.2,1588.17,1588.2,0.0,21.12,33388.26,1
2024-12-19,2024-12-19 13:15:00,1588.2,1588.23,1588.2,1588.23,0.0,21.12,33388.26,1
2024-12-19,2024-12-19 13:16:00,1588.23,1588.25,1588.23,1588.25,0.0,21.12,33388.26,1
2024-12-19,2024-12-19 13:17:00,1588.25,1588.28,1588.25,1588.28,0.0,21.12,33388.26,1
2024-12-19,2024-12-19 13:18:00,1588.28,1588.31,1588.28,1588.31,0.0,21.12,33388.26,1
2024-12-19,2024-12-19 13:19:00,1588.31,1588.33,1588.31,1588.33,0.0,21.12,33388.26,1
2024-12-19,2024-12-19 13:20:00,1588.33,1588.36,1588.33,1588.36,0.0,21.12,33388.26,1
2024-12-19,2024-12-19 13:21:00,1588.36,1588.39,1588.36,1588.39,0.0,21.12,33388.26,1
2024-12-19,2024-12-19 13:22:00,1588.39,1588.41,1588.39,1588.41,0.0,21.12,33388.26,1
2024-12-19,2024-12-19 13:23:00,1588.41,1588.44,1588.41,1588.44,0.0,21.12,33388.26,1
2024-12-19,2024-12-19 13:24:00,1588.44,1588.47,1588.44,1588.47,0.0,21.12,33388.26,1
2024-12-19,2024-12-19 13:25:00,1588.47,1588.49,1588.47,1588.49,0.0,21.12,33388.26,1
2024-12-19,2024-12-19 13:26:00,1588.49,1588.52,1588.49,1588.52,0.0,21.12,33388.26,1
2024-12-19,2024-12-19 13:27:00,1588.52,1588.55,1588.52,1588.55,0.0,21.12,33388.26,1
2024-12-19,2024-12-19 13:28:00,1588.55,1588.57,1588.55,1588.57,0.0,21.12,33388.26,1
2024-12-19,2024-12-19 13:29:00,1588.57,1588.6,1588.57,1588.6,0.0,21.12,33388.26,1
2024-12-19,2024-12-19 13:30:00,1588.6,1588.63,1588.6,1588.63,0.0,21.12,33388.26,1
2024-12-19,2024-12-19 13:31:00,1588.63,1588.65,1588.63,1588.65,0.0,21.12,33388.26,1
2024-12-19,2024-12-19 13:32:00,1588.65,1588.68,1588.65,1588.68,0.0,21.12,33388.26,1
2024-12-19,2024-12-19 13:33:00,1588.68,1588.71,1588.68,1588.71,0.0,21.12,33388.26,1
2024-12-19,2024-12-19 13:34:00,1588.71,1588.73,1588.71,1588.73,0.0,21.12,33388.26,1
2024-12-19,2024-12-19 13:35:00,1588.73,1588.76,1588.73,1588.76,0.0,21.12,33388.26,1
2024-12-19,2024-12-19 13:36:00,1588.76,1588.79,1588.76,1588.79,0.0,21.12,33388.26,1
2024-12-19,2024-12-19 13:37:00,1588.79,1588.81,1588.79,1588.81,0.0,21.12,33388.26,1
2024-12-19,2024-12-19 13:38:00,1588.81,1588.84,1588.81,1588.84,0.0,21.12,33388.26,1
2024-12-19,2024-12-19 13:39:00,1588.84,1588.87,1588.84,1588.87,0.0,21.12,33388.26,1
2024-12-19,2024-12-19 13:40:00,1588.87,1588.89,1588.87,1588.89,0.0,21.12,33388.26,1
2024-12-19,2024-12-19 13:41:00,1588.89,1588.92,1588.89,1588.92,0.0,21.12,33388.26,1
2024-12-19,2024-12-19 13:42:00,1588.92,1588.95,1588.92,1588.95,0.0,21.12,33388.26,1
2024-12-19,2024-12-19 13:43:00,1588.95,1588.97,1588.95,1588.97,0.0,21.12,33388.26,1
2024-12-19,2024-12-19 13:44:00,1588.97,1589.0,1588.97,1589.0,0.0,21.12,33388.26,1
2024-12-19,2024-12-19 13:45:00,1589.0,1589.03,1589.0,1589.03,0.0,21.12,33388.26,1
2024-12-19,2024-12-19 13:46:00,1589.03,1589.05,1589.03,1589.05,0.0,21.12,33388.26,1
2024-12-19,2024-12-19 13:47:00,1589.05,1589.08,1589.05,1589.08,0.0,21.12,33388.26,1
2024-12-19,2024-12-19 13:48:00,1589.08,1589.11,1589.08,1589.11,0.0,21.12,33388.26,1
2024-12-19,2024-12-19 13:49:00,1589.11,1589.13,1589.11,1589.13,0.0,21.12,33388.26,1
2024-12-19,2024-12-19 13:50:00,1589.13,1589.16,1589.13,1589.16,0.0,21.12,33388.26,1
2024-12-19,2024-12-19 13:51:00,1589.16,1589.19,1589.16,1589.19,0.0,21.12,33388.26,1
2024-12-19,2024-12-19 13:52:00,1589.19,1589.21,1589.19,1589.21,0.0,21.12,33388.26,1
2024-12-19,2024-12-19 13:53:00,1589.21,1589.24,1589.21,1589.24,0.0,21.12,33388.26,1
2024-12-19,2024-12-19 13:54:00,1589.24,1589.27,1589.24,1589.27,0.0,21.12,33388.26,1
2024-12-19,2024-12-19 13:55:00,1589.27,1589.29,1589.27,1589.29,0.0,21.12,33388.26,1
2024-12-19,2024-12-19 13:56:00,1589.29,1589.32,1589.29,1589.32,0.0,21.12,33388.26,1
2024-12-19,2024-12-19 13:57:00,1589.32,1589.35,1589.32,1589.35,0.0,21.12,33388.26,1
2024-12-19,2024-12-19 13:58:00,1589.35,1589.37,1589.35,1589.37,0.0,21.12,33388.26,1
2024-12-19,2024-12-19 13:59:00,1589.37,1589.4,1589.37,1589.4,0.0,21.12,33388.26,1
2024-12-19,2024-12-19 14:00:00,1589.4,1589.43,1589.4,1589.43,0.0,21.12,33388.26,1
2024-12-19,2024-12-19 14:01:00,1589.43,1589.45,1589.43,1589.45,0.0,21.12,33388.26,1
2024-12-19,2024-12-19 14:02:00,1589.45,1589.48,1589.45,1589.48,0.0,21.12,33388.26,1
2024-12-19,2024-12-19 14:03:00,1589.48,1589.51,1589.48,1589.51,0.0,21.12,33388.26,1
2024-12-19,2024-12-19 14:04:00,1589.51,1589.53,1589.51,1589.53,0.0,21.12,33388.26,1
2024-12-19,2024-12-19 14:05:00,1589.53,1589.56,1589.53,1589.56,0.0,21.12,33388.26,1
2024-12-19,2024-12-19 14:06:00,1589.56,1589.59,1589.56,1589.59,0.0,21.12,33388.26,1
2024-12-19,2024-12-19 14:07:00,1589.59,1589.61,1589.59,1589.61,0.0,21.12,33388.26,1
2024-12-19,2024-12-19 14:08:00,1589.61,1589.64,1589.61,1589.64,0.0,21.12,33388.26,1
2024-12-19,2024-12-19 14:09:00,1589.64,1589.67,1589.64,1589.67,0.0,21.12,33388.26,1
2024-12-19,2024-12-19 14:10:00,1589.67,1589.69,1589.67,1589.69,0.0,21.12,33388.26,1
2024-12-19,2024-12-19 14:11:00,1589.69,1589.72,1589.69,1589.72,0.0,21.12,33388.26,1
2024-12-19,2024-12-19 14:12:00,1589.72,1589.75,1589.72,1589.75,0.0,21.12,33388.26,1
2024-12-19,2024-12-19 14:13:00,1589.75,1589.77,1589.75,1589.77,0.0,21.12,33388.26,1
2024-12-19,2024-12-19 14:14:00,1589.77,1589.8,1589.77,1589.8,0.0,21.12,33388.26,1
2024-12-19,2024-12-19 14:15:00,1589.8,1589.83,1589.8,1589.83,0.0,21.12,33388.26,1
2024-12-19,2024-12-19 14:16:00,1589.83,1589.85,1589.83,1589.85,0.0,21.12,33388.26,1
2024-12-19,2024-12-19 14:17:00,1589.85,1589.88,1589.85,1589.88,0.0,21.12,33388.26,1
2024-12-19,2024-12-19 14:18:00,1589.88,1589.91,1589.88,1589.91,0.0,21.12,33388.26,1
2024-12-19,2024-12-19 14:19:00,1589.91,1589.93,1589.91,1589.93,0.0,21.12,33388.26,1
2024-12-19,2024-12-19 14:20:00,1589.93,1589.96,1589.93,1589.96,0.0,21.12,33388.26,1
2024-12-19,2024-12-19 14:21:00,1589.96,1589.99,1589.96,1589.99,0.0,21.12,33388.26,1
2024-12-19,2024-12-19 14:22:00,1589.99,1590.01,1589.99,1590.01,0.0,21.12,33388.26,1
2024-12-19,2024-12-19 14:23:00,1590.01,1590.04,1590.01,1590.04,0.0,21.12,33388.26,1
2024-12-19,2024-12-19 14:24:00,1590.04,1590.07,1590.04,1590.07,0.0,21.12,33388.26,1
2024-12-19,2024-12-19 14:25:00,1590.07,1590.09,1590.07,1590.09,0.0,21.12,33388.26,1
2024-12-19,2024-12-19 14:26:00,1590.09,1590.12,1590.09,1590.12,0.0,21.12,33388.26,1
2024-12-19,2024-12-19 14:27:00,1590.12,1590.15,1590.12,1590.15,0.0,21.12,33388.26,1
2024-12-19,2024-12-19 14:28:00,1590.15,1590.17,1590.15,1590.17,0.0,21.12,33388.26,1
2024-12-19,2024-12-19 14:29:00,1590.17,1590.2,1590.17,1590.2,0.0,21.12,33388.26,1
2024-12-19,2024-12-19 14:30:00,1590.2,1590.23,1590.2,1590.23,0.0,21.12,33388.26,1
2024-12-19,2024-12-19 14:31:00,1590.23,1590.25,1590.23,1590.25,0.0,21.12,33388.26,1
2024-12-19,2024-12-19 14:32:00,1590.25,1590.28,1590.25,1590.28,0.0,21.12,33388.26,1
2024-12-19,2024-12-19 14:33:00,1590.28,1590.31,1590.28,1590.31,0.0,21.12,33388.26,1
2024-12-19,2024-12-19 14:34:00,1590.31,1590.33,1590.31,1590.33,0.0,21.12,33388.26,1
2024-12-19,2024-12-19 14:35:00,1590.33,1590.36,1590.33,1590.36,0.0,21.12,33388.26,1
2024-12-19,2024-12-19 14:36:00,1590.36,1590.39,1590.36,1590.39,0.0,21.12,33388.26,1
2024-12-19,2024-12-19 14:37:00,1590.39,1590.41,1590.39,1590.41,0.0,21.12,33388.26,1
2024-12-19,2024-12-19 14:38:00,1590.41,1590.44,1590.41,1590.44,0.0,21.12,33388.26,1
2024-12-19,2024-12-19 14:39:00,1590.44,1590.47,1590.44,1590.47,0.0,21.12,33388.26,1
2024-12-19,2024-12-19 14:40:00,1590.47,1590.49,1590.47,1590.49,0.0,21.12,33388.26,1
2024-12-19,2024-12-19 14:41:00,1590.49,1590.52,1590.49,1590.52,0.0,21.12,33388.26,1
2024-12-19,2024-12-19 14:42:00,1590.52,1590.55,1590.52,1590.55,0.0,21.12,33388.26,1
2024-12-19,2024-12-19 14:43:00,1590.55,1590.57,1590.55,1590.57,0.0,21.12,33388.26,1
2024-12-19,2024-12-19 14:44:00,1590.57,1590.6,1590.57,1590.6,0.0,21.12,33388.26,1
2024-12-19,2024-12-19 14:45:00,1590.6,1590.63,1590.6,1590.63,0.0,21.12,33388.26,1
2024-12-19,2024-12-19 14:46:00,1590.63,1590.65,1590.63,1590.65,0.0,21.12,33388.26,1
2024-12-19,2024-12-19 14:47:00,1590.65,1590.68,1590.65,1590.68,0.0,21.12,33388.26,1
2024-12-19,2024-12-19 14:48:00,1590.68,1590.71,1590.68,1590.71,0.0,21.12,33388.26,1
2024-12-19,2024-12-19 14:49:00,1590.71,1590.73,1590.71,1590.73,0.0,21.12,33388.26,1
2024-12-19,2024-12-19 14:50:00,1590.73,1590.76,1590.73,1590.76,0.0,21.12,33388.26,1
2024-12-19,2024-12-19 14:51:00,1590.76,1590.79,1590.76,1590.79,0.0,21.12,33388.26,1
2024-12-19,2024-12-19 14:52:00,1590.79,1590.81,1590.79,1590.81,0.0,21.12,33388.26,1
2024-12-19,2024-12-19 14:53:00,1590.81,1590.84,1590.81,1590.84,0.0,21.12,33388.26,1
2024-12-19,2024-12-19 14:54:00,1590.84,1590.87,1590.84,1590.87,0.0,21.12,33388.26,1
2024-12-19,2024-12-19 14:55:00,1590.87,1590.89,1590.87,1590.89,0.0,21.12,33388.26,1
2024-12-19,2024-12-19 14:56:00,1590.89,1590.92,1590.89,1590.92,0.0,21.12,33388.26,1
2024-12-19,2024-12-19 14:57:00,1590.92,1590.95,1590.92,1590.95,0.0,21.12,33388.26,1
2024-12-19,2024-12-19 14:58:00,1590.95,1590.97,1590.95,1590.97,0.0,21.12,33388.26,1
2024-12-19,2024-12-19 14:59:00,1590.97,1591.0,1590.97,1591.0,0.0,21.12,33388.26,1
2024-12-19,2024-12-19 15:00:00,1591.0,1610.0,1560.0,1591.0,0.0,21.12,33388.26,0
2024-12-22,2024-12-22 11:00:00,1622.0,1622.0,1597.55,1621.77,-0.01,21.63,33739.58,-1
2024-12-22,2024-12-22 11:01:00,1621.77,1621.77,1621.55,1621.55,-0.01,21.63,33739.58,-1
2024-12-22,2024-12-22 11:02:00,1621.55,1621.55,1621.32,1621.32,-0.01,21.63,33739.58,-1
2024-12-22,2024-12-22 11:03:00,1621.32,1621.32,1621.1,1621.1,-0.01,21.63,33739.58,-1
2024-12-22,2024-12-22 11:04:00,1621.1,1621.1,1620.87,1620.87,-0.01,21.63,33739.58,-1
2024-12-22,2024-12-22 11:05:00,1620.87,1620.87,1620.65,1620.65,-0.01,21.63,33739.58,-1
2024-12-22,2024-12-22 11:06:00,1620.65,1620.65,1620.42,1620.42,-0.01,21.63,33739.58,-1
2024-12-22,2024-12-22 11:07:00,1620.42,1620.42,1620.2,1620.2,-0.01,21.63,33739.58,-1
2024-12-22,2024-12-22 11:08:00,1620.2,1620.2,1619.97,1619.97,-0.01,21.63,33739.58,-1
2024-12-22,2024-12-22 11:09:00,1619.97,1619.97,1619.75,1619.75,-0.01,21.63,33739.58,-1
2024-12-22,2024-12-22 11:10:00,1619.75,1619.75,1619.52,1619.52,-0.01,21.63,33739.58,-1
2024-12-22,2024-12-22 11:11:00,1619.52,1619.52,1619.3,1619.3,-0.01,21.63,33739.58,-1
2024-12-22,2024-12-22 11:12:00,1619.3,1619.3,1619.07,1619.07,-0.01,21.63,33739.58,-1
2024-12-22,2024-12-22 11:13:00,1619.07,1619.07,1618.84,1618.84,-0.01,21.63,33739.58,-1
2024-12-22,2024-12-22 11:14:00,1618.84,1618.84,1618.62,1618.62,-0.01,21.63,33739.58,-1
2024-12-22,2024-12-22 11:15:00,1618.62,1618.62,1618.39,1618.39,-0.01,21.63,33739.58,-1
2024-12-22,2024-12-22 11:16:00,1618.39,1618.39,1618.17,1618.17,-0.01,21.63,33739.58,-1
2024-12-22,2024-12-22 11:17:00,1618.17,1618.17,1617.94,1617.94,-0.01,21.63,33739.58,-1
2024-12-22,2024-12-22 11:18:00,1617.94,1617.94,1617.72,1617.72,-0.01,21.63,33739.58,-1
2024-12-22,2024-12-22 11:19:00,1617.72,1617.72,1617.49,1617.49,-0.01,21.63,33739.58,-1
2024-12-22,2024-12-22 11:20:00,1617.49,1617.49,1617.27,1617.27,-0.01,21.63,33739.58,-1
2024-12-22,2024-12-22 11:21:00,1617.27,1617.27,1617.04,1617.04,-0.01,21.63,33739.58,-1
2024-12-22,2024-12-22 11:22:00,1617.04,1617.04,1616.82,1616.82,-0.01,21.63,33739.58,-1
2024-12-22,2024-12-22 11:23:00,1616.82,1616.82,1616.59,1616.59,-0.01,21.63,33739.58,-1
2024-12-22,2024-12-22 11:24:00,1616.59,1616.59,1616.36,1616.36,-0.01,21.63,33739.58,-1
2024-12-22,2024-12-22 11:25:00,1616.36,1616.36,1616.14,1616.14,-0.01,21.63,33739.58,-1
2024-12-22,2024-12-22 11:26:00,1616.14,1616.14,1615.91,1615.91,-0.01,21.63,33739.58,-1
2024-12-22,2024-12-22 11:27:00,1615.91,1615.91,1615.69,1615.69,-0.01,21.63,33739.58,-1
2024-12-22,2024-12-22 11:28:00,1615.69,1615.69,1615.46,1615.46,-0.01,21.63,33739.58,-1
2024-12-22,2024-12-22 11:29:00,1615.46,1615.46,1615.24,1615.24,-0.01,21.63,33739.58,-1
2024-12-22,2024-12-22 11:30:00,1615.24,1615.24,1615.01,1615.01,-0.01,21.63,33739.58,-1
2024-12-22,2024-12-22 11:31:00,1615.01,1615.01,1614.79,1614.79,-0.01,21.63,33739.58,-1
2024-12-22,2024-12-22 11:32:00,1614.79,1614.79,1614.56,1614.56,-0.01,21.63,33739.58,-1
2024-12-22,2024-12-22 11:33:00,1614.56,1614.56,1614.34,1614.34,-0.01,21.63,33739.58,-1
2024-12-22,2024-12-22 11:34:00,1614.34,1614.34,1614.11,1614.11,-0.01,21.63,33739.58,-1
2024-12-22,2024-12-22 11:35:00,1614.11,1614.11,1613.88,1613.88,-0.01,21.63,33739.58,-1
2024-12-22,2024-12-22 11:36:00,1613.88,1613.88,1613.66,1613.66,-0.01,21.63,33739.58,-1
2024-12-22,2024-12-22 11:37:00,1613.66,1613.66,1613.43,1613.43,-0.01,21.63,33739.58,-1
2024-12-22,2024-12-22 11:38:00,1613.43,1613.43,1613.21,1613.21,-0.01,21.63,33739.58,-1
2024-12-22,2024-12-22 11:39:00,1613.21,1613.21,1612.98,1612.98,-0.01,21.63,33739.58,-1
2024-12-22,2024-12-22 11:40:00,1612.98,1612.98,1612.76,1612.76,-0.01,21.63,33739.58,-1
2024-12-22,2024-12-22 11:41:00,1612.76,1612.76,1612.53,1612.53,-0.01,21.63,33739.58,-1
2024-12-22,2024-12-22 11:42:00,1612.53,1612.53,1612.31,1612.31,-0.01,21.63,33739.58,-1
2024-12-22,2024-12-22 11:43:00,1612.31,1612.31,1612.08,1612.08,-0.01,21.63,33739.58,-1
2024-12-22,2024-12-22 11:44:00,1612.08,1612.08,1611.86,1611.86,-0.01,21.63,33739.58,-1
2024-12-22,2024-12-22 11:45:00,1611.86,1611.86,1611.63,1611.63,-0.01,21.63,33739.58,-1
2024-12-22,2024-12-22 11:46:00,1611.63,1611.63,1611.41,1611.41,-0.01,21.63,33739.58,-1
2024-12-22,2024-12-22 11:47:00,1611.41,1611.41,1611.18,1611.18,-0.01,21.63,33739.58,-1
2024-12-22,2024-12-22 11:48:00,1611.18,1611.18,1610.95,1610.95,-0.01,21.63,33739.58,-1
2024-12-22,2024-12-22 11:49:00,1610.95,1610.95,1610.73,1610.73,-0.01,21.63,33739.58,-1
2024-12-22,2024-12-22 11:50:00,1610.73,1610.73,1610.5,1610.5,-0.01,21.63,33739.58,-1
2024-12-22,2024-12-22 11:51:00,1610.5,1610.5,1610.28,1610.28,-0.01,21.63,33739.58,-1
2024-12-22,2024-12-22 11:52:00,1610.28,1610.28,1610.05,1610.05,-0.01,21.63,33739.58,-1
2024-12-22,2024-12-22 11:53:00,1610.05,1610.05,1609.83,1609.83,-0.01,21.63,33739.58,-1
2024-12-22,2024-12-22 11:54:00,1609.83,1609.83,1609.6,1609.6,-0.01,21.63,33739.58,-1
2024-12-22,2024-12-22 11:55:00,1609.6,1609.6,1609.38,1609.38,-0.01,21.63,33739.58,-1
2024-12-22,2024-12-22 11:56:00,1609.38,1609.38,1609.15,1609.15,-0.01,21.63,33739.58,-1
2024-12-22,2024-12-22 11:57:00,1609.15,1609.15,1608.93,1608.93,-0.01,21.63,33739.58,-1
2024-12-22,2024-12-22 11:58:00,1608.93,1608.93,1608.7,1608.7,-0.01,21.63,33739.58,-1
2024-12-22,2024-12-22 11:59:00,1608.7,1608.7,1608.47,1608.47,-0.01,21.63,33739.58,-1
2024-12-22,2024-12-22 12:00:00,1608.47,1608.47,1608.25,1608.25,-0.01,21.63,33739.58,-1
2024-12-22,2024-12-22 12:01:00,1608.25,1608.25,1608.02,1608.02,-0.01,21.63,33739.58,-1
2024-12-22,2024-12-22 12:02:00,1608.02,1608.02,1607.8,1607.8,-0.01,21.63,33739.58,-1
2024-12-22,2024-12-22 12:03:00,1607.8,1607.8,1607.57,1607.57,-0.01,21.63,33739.58,-1
2024-12-22,2024-12-22 12:04:00,1607.57,1607.57,1607.35,1607.35,-0.01,21.63,33739.58,-1
2024-12-22,2024-12-22 12:05:00,1607.35,1607.35,1607.12,1607.12,-0.01,21.63,33739.58,-1
2024-12-22,2024-12-22 12:06:00,1607.12,1607.12,1606.9,1606.9,-0.01,21.63,33739.58,-1
2024-12-22,2024-12-22 12:07:00,1606.9,1606.9,1606.67,1606.67,-0.01,21.63,33739.58,-1
2024-12-22,2024-12-22 12:08:00,1606.67,1606.67,1606.45,1606.45,-0.01,21.63,33739.58,-1
2024-12-22,2024-12-22 12:09:00,1606.45,1606.45,1606.22,1606.22,-0.01,21.63,33739.58,-1
2024-12-22,2024-12-22 12:10:00,1606.22,1606.22,1606.0,1606.0,-0.01,21.63,33739.58,-1
2024-12-22,2024-12-22 12:11:00,1606.0,1606.0,1605.77,1605.77,-0.01,21.63,33739.58,-1
2024-12-22,2024-12-22 12:12:00,1605.77,1605.77,1605.54,1605.54,-0.01,21.63,33739.58,-1
2024-12-22,2024-12-22 12:13:00,1605.54,1605.54,1605.32,1605.32,-0.01,21.63,33739.58,-1
2024-12-22,2024-12-22 12:14:00,1605.32,1605.32,1605.09,1605.09,-0.01,21.63,33739.58,-1
2024-12-22,2024-12-22 12:15:00,1605.09,1605.09,1604.87,1604.87,-0.01,21.63,33739.58,-1
2024-12-22,2024-12-22 12:16:00,1604.87,1604.87,1604.64,1604.64,-0.01,21.63,33739.58,-1
2024-12-22,2024-12-22 12:17:00,1604.64,1604.64,1604.42,1604.42,-0.01,21.63,33739.58,-1
2024-12-22,2024-12-22 12:18:00,1604.42,1604.42,1604.19,1604.19,-0.01,21.63,33739.58,-1
2024-12-22,2024-12-22 12:19:00,1604.19,1604.19,1603.97,1603.97,-0.01,21.63,33739.58,-1
2024-12-22,2024-12-22 12:20:00,1603.97,1603.97,1603.74,1603.74,-0.01,21.63,33739.58,-1
2024-12-22,2024-12-22 12:21:00,1603.74,1603.74,1603.52,1603.52,-0.01,21.63,33739.58,-1
2024-12-22,2024-12-22 12:22:00,1603.52,1603.52,1603.29,1603.29,-0.01,21.63,33739.58,-1
2024-12-22,2024-12-22 12:23:00,1603.29,1603.29,1603.07,1603.07,-0.01,21.63,33739.58,-1
2024-12-22,2024-12-22 12:24:00,1603.07,1603.07,1602.84,1602.84,-0.01,21.63,33739.58,-1
2024-12-22,2024-12-22 12:25:00,1602.84,1602.84,1602.61,1602.61,-0.01,21.63,33739.58,-1
2024-12-22,2024-12-22 12:26:00,1602.61,1602.61,1602.39,1602.39,-0.01,21.63,33739.58,-1
2024-12-22,2024-12-22 12:27:00,1602.39,1602.39,1602.16,1602.16,-0.01,21.63,33739.58,-1
2024-12-22,2024-12-22 12:28:00,1602.16,1602.16,1601.94,1601.94,-0.01,21.63,33739.58,-1
2024-12-22,2024-12-22 12:29:00,1601.94,1601.94,1601.71,1601.71,-0.01,21.63,33739.58,-1
2024-12-22,2024-12-22 12:30:00,1601.71,1601.71,1601.49,1601.49,-0.01,21.63,33739.58,-1
2024-12-22,2024-12-22 12:31:00,1601.49,1601.49,1601.26,1601.26,-0.01,21.63,33739.58,-1
2024-12-22,2024-12-22 12:32:00,1601.26,1601.26,1601.04,1601.04,-0.01,21.63,33739.58,-1
2024-12-22,2024-12-22 12:33:00,1601.04,1601.04,1600.81,1600.81,-0.01,21.63,33739.58,-1
2024-12-22,2024-12-22 12:34:00,1600.81,1600.81,1600.59,1600.59,-0.01,21.63,33739.58,-1
2024-12-22,2024-12-22 12:35:00,1600.59,1600.59,1600.36,1600.36,-0.01,21.63,33739.58,-1
2024-12-22,2024-12-22 12:36:00,1600.36,1600.36,1600.13,1600.13,-0.01,21.63,33739.58,-1
2024-12-22,2024-12-22 12:37:00,1600.13,1600.13,1599.91,1599.91,-0.01,21.63,33739.58,-1
2024-12-22,2024-12-22 12:38:00,1599.91,1599.91,1599.68,1599.68,-0.01,21.63,33739.58,-1
2024-12-22,2024-12-22 12:39:00,1599.68,1599.68,1599.46,1599.46,-0.01,21.63,33739.58,-1
2024-12-22,2024-12-22 12:40:00,1599.46,1599.46,1599.23,1599.23,-0.01,21.63,33739.58,-1
2024-12-22,2024-12-22 12:41:00,1599.23,1599.23,1599.01,1599.01,-0.01,21.63,33739.58,-1
2024-12-22,2024-12-22 12:42:00,1599.01,1599.01,1598.78,1598.78,-0.01,21.63,33739.58,-1
2024-12-22,2024-12-22 12:43:00,1598.78,1598.78,1598.56,1598.56,-0.01,21.63,33739.58,-1
2024-12-22,2024-12-22 12:44:00,1598.56,1598.56,1598.33,1598.33,-0.01,21.63,33739.58,-1
2024-12-22,2024-12-22 12:45:00,1598.33,1598.33,1598.11,1598.11,-0.01,21.63,33739.58,-1
2024-12-22,2024-12-22 12:46:00,1598.11,1598.11,1597.88,1597.88,-0.01,21.63,33739.58,-1
2024-12-22,2024-12-22 12:47:00,1597.88,1597.88,1597.65,1597.65,-0.01,21.63,33739.58,-1
2024-12-22,2024-12-22 12:48:00,1597.65,1597.65,1597.43,1597.43,-0.01,21.63,33739.58,-1
2024-12-22,2024-12-22 12:49:00,1597.43,1597.43,1597.2,1597.2,-0.01,21.63,33739.58,-1
2024-12-22,2024-12-22 12:50:00,1597.2,1597.2,1596.98,1596.98,-0.01,21.63,33739.58,-1
2024-12-22,2024-12-22 12:51:00,1596.98,1596.98,1596.75,1596.75,-0.01,21.63,33739.58,-1
2024-12-22,2024-12-22 12:52:00,1596.75,1596.75,1596.53,1596.53,-0.01,21.63,33739.58,-1
2024-12-22,2024-12-22 12:53:00,1596.53,1596.53,1596.3,1596.3,-0.01,21.63,33739.58,-1
2024-12-22,2024-12-22 12:54:00,1596.3,1596.3,1596.08,1596.08,-0.01,21.63,33739.58,-1
2024-12-22,2024-12-22 12:55:00,1596.08,1596.08,1595.85,1595.85,-0.01,21.63,33739.58,-1
2024-12-22,2024-12-22 12:56:00,1595.85,1595.85,1595.63,1595.63,-0.01,21.63,33739.58,-1
2024-12-22,2024-12-22 12:57:00,1595.63,1595.63,1595.4,1595.4,-0.01,21.63,33739.58,-1
2024-12-22,2024-12-22 12:58:00,1595.4,1595.4,1595.18,1595.18,-0.01,21.63,33739.58,-1
2024-12-22,2024-12-22 12:59:00,1595.18,1595.18,1594.95,1594.95,-0.01,21.63,33739.58,-1
2024-12-22,2024-12-22 13:00:00,1594.95,1622.0,1540.5,1594.72,-0.01,21.63,33739.58,-1
2024-12-22,2024-12-22 13:01:00,1594.72,1594.72,1594.5,1594.5,-0.01,21.63,33739.58,-1
2024-12-22,2024-12-22 13:02:00,1594.5,1594.5,1594.27,1594.27,-0.01,21.63,33739.58,-1
2024-12-22,2024-12-22 13:03:00,1594.27,1594.27,1594.05,1594.05,-0.01,21.63,33739.58,-1
2024-12-22,2024-12-22 13:04:00,1594.05,1594.05,1593.82,1593.82,-0.01,21.63,33739.58,-1
2024-12-22,2024-12-22 13:05:00,1593.82,1593.82,1593.6,1593.6,-0.01,21.63,33739.58,-1
2024-12-22,2024-12-22 13:06:00,1593.6,1593.6,1593.37,1593.37,-0.01,21.63,33739.58,-1
2024-12-22,2024-12-22 13:07:00,1593.37,1593.37,1593.15,1593.15,-0.01,21.63,33739.58,-1
2024-12-22,2024-12-22 13:08:00,1593.15,1593.15,1592.92,1592.92,-0.01,21.63,33739.58,-1
2024-12-22,2024-12-22 13:09:00,1592.92,1592.92,1592.7,1592.7,-0.01,21.63,33739.58,-1
2024-12-22,2024-12-22 13:10:00,1592.7,1592.7,1592.47,1592.47,-0.01,21.63,33739.58,-1
2024-12-22,2024-12-22 13:11:00,1592.47,1592.47,1592.25,1592.25,-0.01,21.63,33739.58,-1
2024-12-22,2024-12-22 13:12:00,1592.25,1592.25,1592.02,1592.02,-0.01,21.63,33739.58,-1
2024-12-22,2024-12-22 13:13:00,1592.02,1592.02,1591.79,1591.79,-0.01,21.63,33739.58,-1
2024-12-22,2024-12-22 13:14:00,1591.79,1591.79,1591.57,1591.57,-0.01,21.63,33739.58,-1
2024-12-22,2024-12-22 13:15:00,1591.57,1591.57,1591.34,1591.34,-0.01,21.63,33739.58,-1
2024-12-22,2024-12-22 13:16:00,1591.34,1591.34,1591.12,1591.12,-0.01,21.63,33739.58,-1
2024-12-22,2024-12-22 13:17:00,1591.12,1591.12,1590.89,1590.89,-0.01,21.63,33739.58,-1
2024-12-22,2024-12-22 13:18:00,1590.89,1590.89,1590.67,1590.67,-0.01,21.63,33739.58,-1
2024-12-22,2024-12-22 13:19:00,1590.67,1590.67,1590.44,1590.44,-0.01,21.63,33739.58,-1
2024-12-22,2024-12-22 13:20:00,1590.44,1590.44,1590.22,1590.22,-0.01,21.63,33739.58,-1
2024-12-22,2024-12-22 13:21:00,1590.22,1590.22,1589.99,1589.99,-0.01,21.63,33739.58,-1
2024-12-22,2024-12-22 13:22:00,1589.99,1589.99,1589.77,1589.77,-0.01,21.63,33739.58,-1
2024-12-22,2024-12-22 13:23:00,1589.77,1589.77,1589.54,1589.54,-0.01,21.63,33739.58,-1
2024-12-22,2024-12-22 13:24:00,1589.54,1589.54,1589.31,1589.31,-0.01,21.63,33739.58,-1
2024-12-22,2024-12-22 13:25:00,1589.31,1589.31,1589.09,1589.09,-0.01,21.63,33739.58,-1
2024-12-22,2024-12-22 13:26:00,1589.09,1589.09,1588.86,1588.86,-0.01,21.63,33739.58,-1
2024-12-22,2024-12-22 13:27:00,1588.86,1588.86,1588.64,1588.64,-0.01,21.63,33739.58,-1
2024-12-22,2024-12-22 13:28:00,1588.64,1588.64,1588.41,1588.41,-0.01,21.63,33739.58,-1
2024-12-22,2024-12-22 13:29:00,1588.41,1588.41,1588.19,1588.19,-0.01,21.63,33739.58,-1
2024-12-22,2024-12-22 13:30:00,1588.19,1588.19,1587.96,1587.96,-0.01,21.63,33739.58,-1
2024-12-22,2024-12-22 13:31:00,1587.96,1587.96,1587.74,1587.74,-0.01,21.63,33739.58,-1
2024-12-22,2024-12-22 13:32:00,1587.74,1587.74,1587.51,1587.51,-0.01,21.63,33739.58,-1
2024-12-22,2024-12-22 13:33:00,1587.51,1587.51,1587.29,1587.29,-0.01,21.63,33739.58,-1
2024-12-22,2024-12-22 13:34:00,1587.29,1587.29,1587.06,1587.06,-0.01,21.63,33739.58,-1
2024-12-22,2024-12-22 13:35:00,1587.06,1587.06,1586.84,1586.84,-0.01,21.63,33739.58,-1
2024-12-22,2024-12-22 13:36:00,1586.84,1586.84,1586.61,1586.61,-0.01,21.63,33739.58,-1
2024-12-22,2024-12-22 13:37:00,1586.61,1586.61,1586.38,1586.38,-0.01,21.63,33739.58,-1
2024-12-22,2024-12-22 13:38:00,1586.38,1586.38,1586.16,1586.16,-0.01,21.63,33739.58,-1
2024-12-22,2024-12-22 13:39:00,1586.16,1586.16,1585.93,1585.93,-0.01,21.63,33739.58,-1
2024-12-22,2024-12-22 13:40:00,1585.93,1585.93,1585.71,1585.71,-0.01,21.63,33739.58,-1
2024-12-22,2024-12-22 13:41:00,1585.71,1585.71,1585.48,1585.48,-0.01,21.63,33739.58,-1
2024-12-22,2024-12-22 13:42:00,1585.48,1585.48,1585.26,1585.26,-0.01,21.63,33739.58,-1
2024-12-22,2024-12-22 13:43:00,1585.26,1585.26,1585.03,1585.03,-0.01,21.63,33739.58,-1
2024-12-22,2024-12-22 13:44:00,1585.03,1585.03,1584.81,1584.81,-0.01,21.63,33739.58,-1
2024-12-22,2024-12-22 13:45:00,1584.81,1584.81,1584.58,1584.58,-0.01,21.63,33739.58,-1
2024-12-22,2024-12-22 13:46:00,1584.58,1584.58,1584.36,1584.36,-0.01,21.63,33739.58,-1
2024-12-22,2024-12-22 13:47:00,1584.36,1584.36,1584.13,1584.13,-0.01,21.63,33739.58,-1
2024-12-22,2024-12-22 13:48:00,1584.13,1584.13,1583.9,1583.9,-0.01,21.63,33739.58,-1
2024-12-22,2024-12-22 13:49:00,1583.9,1583.9,1583.68,1583.68,-0.01,21.63,33739.58,-1
2024-12-22,2024-12-22 13:50:00,1583.68,1583.68,1583.45,1583.45,-0.01,21.63,33739.58,-1
2024-12-22,2024-12-22 13:51:00,1583.45,1583.45,1583.23,1583.23,-0.01,21.63,33739.58,-1
2024-12-22,2024-12-22 13:52:00,1583.23,1583.23,1583.0,1583.0,-0.01,21.63,33739.58,-1
2024-12-22,2024-12-22 13:53:00,1583.0,1583.0,1582.78,1582.78,-0.01,21.63,33739.58,-1
2024-12-22,2024-12-22 13:54:00,1582.78,1582.78,1582.55,1582.55,-0.01,21.63,33739.58,-1
2024-12-22,2024-12-22 13:55:00,1582.55,1582.55,1582.33,1582.33,-0.01,21.63,33739.58,-1
2024-12-22,2024-12-22 13:56:00,1582.33,1582.33,1582.1,1582.1,-0.01,21.63,33739.58,-1
2024-12-22,2024-12-22 13:57:00,1582.1,1582.1,1581.88,1581.88,-0.01,21.63,33739.58,-1
2024-12-22,2024-12-22 13:58:00,1581.88,1581.88,1581.65,1581.65,-0.01,21.63,33739.58,-1
2024-12-22,2024-12-22 13:59:00,1581.65,1581.65,1581.43,1581.43,-0.01,21.63,33739.58,-1
2024-12-22,2024-12-22 14:00:00,1581.43,1581.43,1581.2,1581.2,-0.01,21.63,33739.58,-1
2024-12-22,2024-12-22 14:01:00,1581.2,1581.2,1580.97,1580.97,-0.01,21.63,33739.58,-1
2024-12-22,2024-12-22 14:02:00,1580.97,1580.97,1580.75,1580.75,-0.01,21.63,33739.58,-1
2024-12-22,2024-12-22 14:03:00,1580.75,1580.75,1580.52,1580.52,-0.01,21.63,33739.58,-1
2024-12-22,2024-12-22 14:04:00,1580.52,1580.52,1580.3,1580.3,-0.01,21.63,33739.58,-1
2024-12-22,2024-12-22 14:05:00,1580.3,1580.3,1580.07,1580.07,-0.01,21.63,33739.58,-1
2024-12-22,2024-12-22 14:06:00,1580.07,1580.07,1579.85,1579.85,-0.01,21.63,33739.58,-1
2024-12-22,2024-12-22 14:07:00,1579.85,1579.85,1579.62,1579.62,-0.01,21.63,33739.58,-1
2024-12-22,2024-12-22 14:08:00,1579.62,1579.62,1579.4,1579.4,-0.01,21.63,33739.58,-1
2024-12-22,2024-12-22 14:09:00,1579.4,1579.4,1579.17,1579.17,-0.01,21.63,33739.58,-1
2024-12-22,2024-12-22 14:10:00,1579.17,1579.17,1578.95,1578.95,-0.01,21.63,33739.58,-1
2024-12-22,2024-12-22 14:11:00,1578.95,1578.95,1578.72,1578.72,-0.01,21.63,33739.58,-1
2024-12-22,2024-12-22 14:12:00,1578.72,1578.72,1578.49,1578.49,-0.01,21.63,33739.58,-1
2024-12-22,2024-12-22 14:13:00,1578.49,1578.49,1578.27,1578.27,-0.01,21.63,33739.58,-1
2024-12-22,2024-12-22 14:14:00,1578.27,1578.27,1578.04,1578.04,-0.01,21.63,33739.58,-1
2024-12-22,2024-12-22 14:15:00,1578.04,1578.04,1577.82,1577.82,-0.01,21.63,33739.58,-1
2024-12-22,2024-12-22 14:16:00,1577.82,1577.82,1577.59,1577.59,-0.01,21.63,33739.58,-1
2024-12-22,2024-12-22 14:17:00,1577.59,1577.59,1577.37,1577.37,-0.01,21.63,33739.58,-1
2024-12-22,2024-12-22 14:18:00,1577.37,1577.37,1577.14,1577.14,-0.01,21.63,33739.58,-1
2024-12-22,2024-12-22 14:19:00,1577.14,1577.14,1576.92,1576.92,-0.01,21.63,33739.58,-1
2024-12-22,2024-12-22 14:20:00,1576.92,1576.92,1576.69,1576.69,-0.01,21.63,33739.58,-1
2024-12-22,2024-12-22 14:21:00,1576.69,1576.69,1576.47,1576.47,-0.01,21.63,33739.58,-1
2024-12-22,2024-12-22 14:22:00,1576.47,1576.47,1576.24,1576.24,-0.01,21.63,33739.58,-1
2024-12-22,2024-12-22 14:23:00,1576.24,1576.24,1576.02,1576.02,-0.01,21.63,33739.58,-1
2024-12-22,2024-12-22 14:24:00,1576.02,1576.02,1575.79,1575.79,-0.01,21.63,33739.58,-1
2024-12-22,2024-12-22 14:25:00,1575.79,1575.79,1575.56,1575.56,-0.01,21.63,33739.58,-1
2024-12-22,2024-12-22 14:26:00,1575.56,1575.56,1575.34,1575.34,-0.01,21.63,33739.58,-1
2024-12-22,2024-12-22 14:27:00,1575.34,1575.34,1575.11,1575.11,-0.01,21.63,33739.58,-1
2024-12-22,2024-12-22 14:28:00,1575.11,1575.11,1574.89,1574.89,-0.01,21.63,33739.58,-1
2024-12-22,2024-12-22 14:29:00,1574.89,1574.89,1574.66,1574.66,-0.01,21.63,33739.58,-1
2024-12-22,2024-12-22 14:30:00,1574.66,1574.66,1574.44,1574.44,-0.01,21.63,33739.58,-1
2024-12-22,2024-12-22 14:31:00,1574.44,1574.44,1574.21,1574.21,-0.01,21.63,33739.58,-1
2024-12-22,2024-12-22 14:32:00,1574.21,1574.21,1573.99,1573.99,-0.01,21.63,33739.58,-1
2024-12-22,2024-12-22 14:33:00,1573.99,1573.99,1573.76,1573.76,-0.01,21.63,33739.58,-1
2024-12-22,2024-12-22 14:34:00,1573.76,1573.76,1573.54,1573.54,-0.01,21.63,33739.58,-1
2024-12-22,2024-12-22 14:35:00,1573.54,1573.54,1573.31,1573.31,-0.01,21.63,33739.58,-1
2024-12-22,2024-12-22 14:36:00,1573.31,1573.31,1573.08,1573.08,-0.01,21.63,33739.58,-1
2024-12-22,2024-12-22 14:37:00,1573.08,1573.08,1572.86,1572.86,-0.01,21.63,33739.58,-1
2024-12-22,2024-12-22 14:38:00,1572.86,1572.86,1572.63,1572.63,-0.01,21.63,33739.58,-1
2024-12-22,2024-12-22 14:39:00,1572.63,1572.63,1572.41,1572.41,-0.01,21.63,33739.58,-1
2024-12-22,2024-12-22 14:40:00,1572.41,1572.41,1572.18,1572.18,-0.01,21.63,33739.58,-1
2024-12-22,2024-12-22 14:41:00,1572.18,1572.18,1571.96,1571.96,-0.01,21.63,33739.58,-1
2024-12-22,2024-12-22 14:42:00,1571.96,1571.96,1571.73,1571.73,-0.01,21.63,33739.58,-1
2024-12-22,2024-12-22 14:43:00,1571.73,1571.73,1571.51,1571.51,-0.01,21.63,33739.58,-1
2024-12-22,2024-12-22 14:44:00,1571.51,1571.51,1571.28,1571.28,-0.01,21.63,33739.58,-1
2024-12-22,2024-12-22 14:45:00,1571.28,1571.28,1571.06,1571.06,-0.01,21.63,33739.58,-1
2024-12-22,2024-12-22 14:46:00,1571.06,1571.06,1570.83,1570.83,-0.01,21.63,33739.58,-1
2024-12-22,2024-12-22 14:47:00,1570.83,1570.83,1570.61,1570.61,-0.01,21.63,33739.58,-1
2024-12-22,2024-12-22 14:48:00,1570.61,1570.61,1570.38,1570.38,-0.01,21.63,33739.58,-1
2024-12-22,2024-12-22 14:49:00,1570.38,1570.38,1570.15,1570.15,-0.01,21.63,33739.58,-1
2024-12-22,2024-12-22 14:50:00,1570.15,1570.15,1569.93,1569.93,-0.01,21.63,33739.58,-1
2024-12-22,2024-12-22 14:51:00,1569.93,1569.93,1569.7,1569.7,-0.01,21.63,33739.58,-1
2024-12-22,2024-12-22 14:52:00,1569.7,1569.7,1569.48,1569.48,-0.01,21.63,33739.58,-1
2024-12-22,2024-12-22 14:53:00,1569.48,1569.48,1569.25,1569.25,-0.01,21.63,33739.58,-1
2024-12-22,2024-12-22 14:54:00,1569.25,1569.25,1569.03,1569.03,-0.01,21.63,33739.58,-1
2024-12-22,2024-12-22 14:55:00,1569.03,1569.03,1568.8,1568.8,-0.01,21.63,33739.58,-1
2024-12-22,2024-12-22 14:56:00,1568.8,1568.8,1568.58,1568.58,-0.01,21.63,33739.58,-1
2024-12-22,2024-12-22 14:57:00,1568.58,1568.58,1568.35,1568.35,-0.01,21.63,33739.58,-1
2024-12-22,2024-12-22 14:58:00,1568.35,1568.35,1568.13,1568.13,-0.01,21.63,33739.58,-1
2024-12-22,2024-12-22 14:59:00,1568.13,1568.13,1567.9,1567.9,-0.01,21.63,33739.58,-1
2024-12-22,2024-12-22 15:00:00,1567.9,1622.0,1540.5,1567.9,0.0,21.63,33739.58,0
2024-12-23,2024-12-23 11:00:00,1567.9,1574.53,1559.89,1567.99,0.01,19.23,30007.58,1
2024-12-23,2024-12-23 11:01:00,1567.99,1568.08,1567.99,1568.08,0.01,19.23,30007.58,1
2024-12-23,2024-12-23 11:02:00,1568.08,1568.18,1568.08,1568.18,0.01,19.23,30007.58,1
2024-12-23,2024-12-23 11:03:00,1568.18,1568.27,1568.18,1568.27,0.01,19.23,30007.58,1
2024-12-23,2024-12-23 11:04:00,1568.27,1568.36,1568.27,1568.36,0.01,19.23,30007.58,1
2024-12-23,2024-12-23 11:05:00,1568.36,1568.45,1568.36,1568.45,0.01,19.23,30007.58,1
2024-12-23,2024-12-23 11:06:00,1568.45,1568.54,1568.45,1568.54,0.01,19.23,30007.58,1
2024-12-23,2024-12-23 11:07:00,1568.54,1568.64,1568.54,1568.64,0.01,19.23,30007.58,1
2024-12-23,2024-12-23 11:08:00,1568.64,1568.73,1568.64,1568.73,0.01,19.23,30007.58,1
2024-12-23,2024-12-23 11:09:00,1568.73,1568.82,1568.73,1568.82,0.01,19.23,30007.58,1
2024-12-23,2024-12-23 11:10:00,1568.82,1568.91,1568.82,1568.91,0.01,19.23,30007.58,1
2024-12-23,2024-12-23 11:11:00,1568.91,1569.01,1568.91,1569.01,0.01,19.23,30007.58,1
2024-12-23,2024-12-23 11:12:00,1569.01,1569.1,1569.01,1569.1,0.01,19.23,30007.58,1
2024-12-23,2024-12-23 11:13:00,1569.1,1569.19,1569.1,1569.19,0.01,19.23,30007.58,1
2024-12-23,2024-12-23 11:14:00,1569.19,1569.28,1569.19,1569.28,0.01,19.23,30007.58,1
2024-12-23,2024-12-23 11:15:00,1569.28,1569.37,1569.28,1569.37,0.01,19.23,30007.58,1
2024-12-23,2024-12-23 11:16:00,1569.37,1569.47,1569.37,1569.47,0.01,19.23,30007.58,1
2024-12-23,2024-12-23 11:17:00,1569.47,1569.56,1569.47,1569.56,0.01,19.23,30007.58,1
2024-12-23,2024-12-23 11:18:00,1569.56,1569.65,1569.56,1569.65,0.01,19.23,30007.58,1
2024-12-23,2024-12-23 11:19:00,1569.65,1569.74,1569.65,1569.74,0.01,19.23,30007.58,1
2024-12-23,2024-12-23 11:20:00,1569.74,1569.83,1569.74,1569.83,0.01,19.23,30007.58,1
2024-12-23,2024-12-23 11:21:00,1569.83,1569.93,1569.83,1569.93,0.01,19.23,30007.58,1
2024-12-23,2024-12-23 11:22:00,1569.93,1570.02,1569.93,1570.02,0.01,19.23,30007.58,1
2024-12-23,2024-12-23 11:23:00,1570.02,1570.11,1570.02,1570.11,0.01,19.23,30007.58,1
2024-12-23,2024-12-23 11:24:00,1570.11,1570.2,1570.11,1570.2,0.01,19.23,30007.58,1
2024-12-23,2024-12-23 11:25:00,1570.2,1570.29,1570.2,1570.29,0.01,19.23,30007.58,1
2024-12-23,2024-12-23 11:26:00,1570.29,1570.39,1570.29,1570.39,0.01,19.23,30007.58,1
2024-12-23,2024-12-23 11:27:00,1570.39,1570.48,1570.39,1570.48,0.01,19.23,30007.58,1
2024-12-23,2024-12-23 11:28:00,1570.48,1570.57,1570.48,1570.57,0.01,19.23,30007.58,1
2024-12-23,2024-12-23 11:29:00,1570.57,1570.66,1570.57,1570.66,0.01,19.23,30007.58,1
2024-12-23,2024-12-23 11:30:00,1570.66,1570.75,1570.66,1570.75,0.01,19.23,30007.58,1
2024-12-23,2024-12-23 11:31:00,1570.75,1570.85,1570.75,1570.85,0.01,19.23,30007.58,1
2024-12-23,2024-12-23 11:32:00,1570.85,1570.94,1570.85,1570.94,0.01,19.23,30007.58,1
2024-12-23,2024-12-23 11:33:00,1570.94,1571.03,1570.94,1571.03,0.01,19.23,30007.58,1
2024-12-23,2024-12-23 11:34:00,1571.03,1571.12,1571.03,1571.12,0.01,19.23,30007.58,1
2024-12-23,2024-12-23 11:35:00,1571.12,1571.22,1571.12,1571.22,0.01,19.23,30007.58,1
2024-12-23,2024-12-23 11:36:00,1571.22,1571.31,1571.22,1571.31,0.01,19.23,30007.58,1
2024-12-23,2024-12-23 11:37:00,1571.31,1571.4,1571.31,1571.4,0.01,19.23,30007.58,1
2024-12-23,2024-12-23 11:38:00,1571.4,1571.49,1571.4,1571.49,0.01,19.23,30007.58,1
2024-12-23,2024-12-23 11:39:00,1571.49,1571.58,1571.49,1571.58,0.01,19.23,30007.58,1
2024-12-23,2024-12-23 11:40:00,1571.58,1571.68,1571.58,1571.68,0.01,19.23,30007.58,1
2024-12-23,2024-12-23 11:41:00,1571.68,1571.77,1571.68,1571.77,0.01,19.23,30007.58,1
2024-12-23,2024-12-23 11:42:00,1571.77,1571.86,1571.77,1571.86,0.01,19.23,30007.58,1
2024-12-23,2024-12-23 11:43:00,1571.86,1571.95,1571.86,1571.95,0.01,19.23,30007.58,1
2024-12-23,2024-12-23 11:44:00,1571.95,1572.04,1571.95,1572.04,0.01,19.23,30007.58,1
2024-12-23,2024-12-23 11:45:00,1572.04,1572.14,1572.04,1572.14,0.01,19.23,30007.58,1
2024-12-23,2024-12-23 11:46:00,1572.14,1572.23,1572.14,1572.23,0.01,19.23,30007.58,1
2024-12-23,2024-12-23 11:47:00,1572.23,1572.32,1572.23,1572.32,0.01,19.23,30007.58,1
2024-12-23,2024-12-23 11:48:00,1572.32,1572.41,1572.32,1572.41,0.01,19.23,30007.58,1
2024-12-23,2024-12-23 11:49:00,1572.41,1572.5,1572.41,1572.5,0.01,19.23,30007.58,1
2024-12-23,2024-12-23 11:50:00,1572.5,1572.6,1572.5,1572.6,0.01,19.23,30007.58,1
2024-12-23,2024-12-23 11:51:00,1572.6,1572.69,1572.6,1572.69,0.01,19.23,30007.58,1
2024-12-23,2024-12-23 11:52:00,1572.69,1572.78,1572.69,1572.78,0.01,19.23,30007.58,1
2024-12-23,2024-12-23 11:53:00,1572.78,1572.87,1572.78,1572.87,0.01,19.23,30007.58,1
2024-12-23,2024-12-23 11:54:00,1572.87,1572.96,1572.87,1572.96,0.01,19.23,30007.58,1
2024-12-23,2024-12-23 11:55:00,1572.96,1573.06,1572.96,1573.06,0.01,19.23,30007.58,1
2024-12-23,2024-12-23 11:56:00,1573.06,1573.15,1573.06,1573.15,0.01,19.23,30007.58,1
2024-12-23,2024-12-23 11:57:00,1573.15,1573.24,1573.15,1573.24,0.01,19.23,30007.58,1
2024-12-23,2024-12-23 11:58:00,1573.24,1573.33,1573.24,1573.33,0.01,19.23,30007.58,1
2024-12-23,2024-12-23 11:59:00,1573.33,1573.43,1573.33,1573.43,0.01,19.23,30007.58,1
2024-12-23,2024-12-23 12:00:00,1573.43,1573.52,1573.43,1573.52,0.01,19.23,30007.58,1
2024-12-23,2024-12-23 12:01:00,1573.52,1573.61,1573.52,1573.61,0.01,19.23,30007.58,1
2024-12-23,2024-12-23 12:02:00,1573.61,1573.7,1573.61,1573.7,0.01,19.23,30007.58,1
2024-12-23,2024-12-23 12:03:00,1573.7,1573.79,1573.7,1573.79,0.01,19.23,30007.58,1
2024-12-23,2024-12-23 12:04:00,1573.79,1573.89,1573.79,1573.89,0.01,19.23,30007.58,1
2024-12-23,2024-12-23 12:05:00,1573.89,1573.98,1573.89,1573.98,0.01,19.23,30007.58,1
2024-12-23,2024-12-23 12:06:00,1573.98,1574.07,1573.98,1574.07,0.01,19.23,30007.58,1
2024-12-23,2024-12-23 12:07:00,1574.07,1574.16,1574.07,1574.16,0.01,19.23,30007.58,1
2024-12-23,2024-12-23 12:08:00,1574.16,1574.25,1574.16,1574.25,0.01,19.23,30007.58,1
2024-12-23,2024-12-23 12:09:00,1574.25,1574.35,1574.25,1574.35,0.01,19.23,30007.58,1
2024-12-23,2024-12-23 12:10:00,1574.35,1574.44,1574.35,1574.44,0.01,19.23,30007.58,1
2024-12-23,2024-12-23 12:11:00,1574.44,1574.53,1574.44,1574.53,0.01,19.23,30007.58,1
2024-12-23,2024-12-23 12:12:00,1574.53,1574.62,1574.53,1574.62,0.01,19.23,30007.58,1
2024-12-23,2024-12-23 12:13:00,1574.62,1574.71,1574.62,1574.71,0.01,19.23,30007.58,1
2024-12-23,2024-12-23 12:14:00,1574.71,1574.81,1574.71,1574.81,0.01,19.23,30007.58,1
2024-12-23,2024-12-23 12:15:00,1574.81,1574.9,1574.81,1574.9,0.01,19.23,30007.58,1
2024-12-23,2024-12-23 12:16:00,1574.9,1574.99,1574.9,1574.99,0.01,19.23,30007.58,1
2024-12-23,2024-12-23 12:17:00,1574.99,1575.08,1574.99,1575.08,0.01,19.23,30007.58,1
2024-12-23,2024-12-23 12:18:00,1575.08,1575.17,1575.08,1575.17,0.01,19.23,30007.58,1
2024-12-23,2024-12-23 12:19:00,1575.17,1575.27,1575.17,1575.27,0.01,19.23,30007.58,1
2024-12-23,2024-12-23 12:20:00,1575.27,1575.36,1575.27,1575.36,0.01,19.23,30007.58,1
2024-12-23,2024-12-23 12:21:00,1575.36,1575.45,1575.36,1575.45,0.01,19.23,30007.58,1
2024-12-23,2024-12-23 12:22:00,1575.45,1575.54,1575.45,1575.54,0.01,19.23,30007.58,1
2024-12-23,2024-12-23 12:23:00,1575.54,1575.63,1575.54,1575.63,0.01,19.23,30007.58,1
2024-12-23,2024-12-23 12:24:00,1575.63,1575.73,1575.63,1575.73,0.01,19.23,30007.58,1
2024-12-23,2024-12-23 12:25:00,1575.73,1575.82,1575.73,1575.82,0.01,19.23,30007.58,1
2024-12-23,2024-12-23 12:26:00,1575.82,1575.91,1575.82,1575.91,0.01,19.23,30007.58,1
2024-12-23,2024-12-23 12:27:00,1575.91,1576.0,1575.91,1576.0,0.01,19.23,30007.58,1
2024-12-23,2024-12-23 12:28:00,1576.0,1576.1,1576.0,1576.1,0.01,19.23,30007.58,1
2024-12-23,2024-12-23 12:29:00,1576.1,1576.19,1576.1,1576.19,0.01,19.23,30007.58,1
2024-12-23,2024-12-23 12:30:00,1576.19,1576.28,1576.19,1576.28,0.01,19.23,30007.58,1
2024-12-23,2024-12-23 12:31:00,1576.28,1576.37,1576.28,1576.37,0.01,19.23,30007.58,1
2024-12-23,2024-12-23 12:32:00,1576.37,1576.46,1576.37,1576.46,0.01,19.23,30007.58,1
2024-12-23,2024-12-23 12:33:00,1576.46,1576.56,1576.46,1576.56,0.01,19.23,30007.58,1
2024-12-23,2024-12-23 12:34:00,1576.56,1576.65,1576.56,1576.65,0.01,19.23,30007.58,1
2024-12-23,2024-12-23 12:35:00,1576.65,1576.74,1576.65,1576.74,0.01,19.23,30007.58,1
2024-12-23,2024-12-23 12:36:00,1576.74,1576.83,1576.74,1576.83,0.01,19.23,30007.58,1
2024-12-23,2024-12-23 12:37:00,1576.83,1576.92,1576.83,1576.92,0.01,19.23,30007.58,1
2024-12-23,2024-12-23 12:38:00,1576.92,1577.02,1576.92,1577.02,0.01,19.23,30007.58,1
2024-12-23,2024-12-23 12:39:00,1577.02,1577.11,1577.02,1577.11,0.01,19.23,30007.58,1
2024-12-23,2024-12-23 12:40:00,1577.11,1577.2,1577.11,1577.2,0.01,19.23,30007.58,1
2024-12-23,2024-12-23 12:41:00,1577.2,1577.29,1577.2,1577.29,0.01,19.23,30007.58,1
2024-12-23,2024-12-23 12:42:00,1577.29,1577.38,1577.29,1577.38,0.01,19.23,30007.58,1
2024-12-23,2024-12-23 12:43:00,1577.38,1577.48,1577.38,1577.48,0.01,19.23,30007.58,1
2024-12-23,2024-12-23 12:44:00,1577.48,1577.57,1577.48,1577.57,0.01,19.23,30007.58,1
2024-12-23,2024-12-23 12:45:00,1577.57,1577.66,1577.57,1577.66,0.01,19.23,30007.58,1
2024-12-23,2024-12-23 12:46:00,1577.66,1577.75,1577.66,1577.75,0.01,19.23,30007.58,1
2024-12-23,2024-12-23 12:47:00,1577.75,1577.85,1577.75,1577.85,0.01,19.23,30007.58,1
2024-12-23,2024-12-23 12:48:00,1577.85,1577.94,1577.85,1577.94,0.01,19.23,30007.58,1
2024-12-23,2024-12-23 12:49:00,1577.94,1578.03,1577.94,1578.03,0.01,19.23,30007.58,1
2024-12-23,2024-12-23 12:50:00,1578.03,1578.12,1578.03,1578.12,0.01,19.23,30007.58,1
2024-12-23,2024-12-23 12:51:00,1578.12,1578.21,1578.12,1578.21,0.01,19.23,30007.58,1
2024-12-23,2024-12-23 12:52:00,1578.21,1578.31,1578.21,1578.31,0.01,19.23,30007.58,1
2024-12-23,2024-12-23 12:53:00,1578.31,1578.4,1578.31,1578.4,0.01,19.23,30007.58,1
2024-12-23,2024-12-23 12:54:00,1578.4,1578.49,1578.4,1578.49,0.01,19.23,30007.58,1
2024-12-23,2024-12-23 12:55:00,1578.49,1578.58,1578.49,1578.58,0.01,19.23,30007.58,1
2024-12-23,2024-12-23 12:56:00,1578.58,1578.67,1578.58,1578.67,0.01,19.23,30007.58,1
2024-12-23,2024-12-23 12:57:00,1578.67,1578.77,1578.67,1578.77,0.01,19.23,30007.58,1
2024-12-23,2024-12-23 12:58:00,1578.77,1578.86,1578.77,1578.86,0.01,19.23,30007.58,1
2024-12-23,2024-12-23 12:59:00,1578.86,1578.95,1578.86,1578.95,0.01,19.23,30007.58,1
2024-12-23,2024-12-23 13:00:00,1578.95,1590.0,1541.2,1579.04,0.01,19.23,30007.58,1
2024-12-23,2024-12-23 13:01:00,1579.04,1579.13,1579.04,1579.13,0.01,19.23,30007.58,1
2024-12-23,2024-12-23 13:02:00,1579.13,1579.23,1579.13,1579.23,0.01,19.23,30007.58,1
2024-12-23,2024-12-23 13:03:00,1579.23,1579.32,1579.23,1579.32,0.01,19.23,30007.58,1
2024-12-23,2024-12-23 13:04:00,1579.32,1579.41,1579.32,1579.41,0.01,19.23,30007.58,1
2024-12-23,2024-12-23 13:05:00,1579.41,1579.5,1579.41,1579.5,0.01,19.23,30007.58,1
2024-12-23,2024-12-23 13:06:00,1579.5,1579.59,1579.5,1579.59,0.01,19.23,30007.58,1
2024-12-23,2024-12-23 13:07:00,1579.59,1579.69,1579.59,1579.69,0.01,19.23,30007.58,1
2024-12-23,2024-12-23 13:08:00,1579.69,1579.78,1579.69,1579.78,0.01,19.23,30007.58,1
2024-12-23,2024-12-23 13:09:00,1579.78,1579.87,1579.78,1579.87,0.01,19.23,30007.58,1
2024-12-23,2024-12-23 13:10:00,1579.87,1579.96,1579.87,1579.96,0.01,19.23,30007.58,1
2024-12-23,2024-12-23 13:11:00,1579.96,1580.06,1579.96,1580.06,0.01,19.23,30007.58,1
2024-12-23,2024-12-23 13:12:00,1580.06,1580.15,1580.06,1580.15,0.01,19.23,30007.58,1
2024-12-23,2024-12-23 13:13:00,1580.15,1580.24,1580.15,1580.24,0.01,19.23,30007.58,1
2024-12-23,2024-12-23 13:14:00,1580.24,1580.33,1580.24,1580.33,0.01,19.23,30007.58,1
2024-12-23,2024-12-23 13:15:00,1580.33,1580.42,1580.33,1580.42,0.01,19.23,30007.58,1
2024-12-23,2024-12-23 13:16:00,1580.42,1580.52,1580.42,1580.52,0.01,19.23,30007.58,1
2024-12-23,2024-12-23 13:17:00,1580.52,1580.61,1580.52,1580.61,0.01,19.23,30007.58,1
2024-12-23,2024-12-23 13:18:00,1580.61,1580.7,1580.61,1580.7,0.01,19.23,30007.58,1
2024-12-23,2024-12-23 13:19:00,1580.7,1580.79,1580.7,1580.79,0.01,19.23,30007.58,1
2024-12-23,2024-12-23 13:20:00,1580.79,1580.88,1580.79,1580.88,0.01,19.23,30007.58,1
2024-12-23,2024-12-23 13:21:00,1580.88,1580.98,1580.88,1580.98,0.01,19.23,30007.58,1
2024-12-23,2024-12-23 13:22:00,1580.98,1581.07,1580.98,1581.07,0.01,19.23,30007.58,1
2024-12-23,2024-12-23 13:23:00,1581.07,1581.16,1581.07,1581.16,0.01,19.23,30007.58,1
2024-12-23,2024-12-23 13:24:00,1581.16,1581.25,1581.16,1581.25,0.01,19.23,30007.58,1
2024-12-23,2024-12-23 13:25:00,1581.25,1581.34,1581.25,1581.34,0.01,19.23,30007.58,1
2024-12-23,2024-12-23 13:26:00,1581.34,1581.44,1581.34,1581.44,0.01,19.23,30007.58,1
2024-12-23,2024-12-23 13:27:00,1581.44,1581.53,1581.44,1581.53,0.01,19.23,30007.58,1
2024-12-23,2024-12-23 13:28:00,1581.53,1581.62,1581.53,1581.62,0.01,19.23,30007.58,1
2024-12-23,2024-12-23 13:29:00,1581.62,1581.71,1581.62,1581.71,0.01,19.23,30007.58,1
2024-12-23,2024-12-23 13:30:00,1581.71,1581.8,1581.71,1581.8,0.01,19.23,30007.58,1
2024-12-23,2024-12-23 13:31:00,1581.8,1581.9,1581.8,1581.9,0.01,19.23,30007.58,1
2024-12-23,2024-12-23 13:32:00,1581.9,1581.99,1581.9,1581.99,0.01,19.23,30007.58,1
2024-12-23,2024-12-23 13:33:00,1581.99,1582.08,1581.99,1582.08,0.01,19.23,30007.58,1
2024-12-23,2024-12-23 13:34:00,1582.08,1582.17,1582.08,1582.17,0.01,19.23,30007.58,1
2024-12-23,2024-12-23 13:35:00,1582.17,1582.27,1582.17,1582.27,0.01,19.23,30007.58,1
2024-12-23,2024-12-23 13:36:00,1582.27,1582.36,1582.27,1582.36,0.01,19.23,30007.58,1
2024-12-23,2024-12-23 13:37:00,1582.36,1582.45,1582.36,1582.45,0.01,19.23,30007.58,1
2024-12-23,2024-12-23 13:38:00,1582.45,1582.54,1582.45,1582.54,0.01,19.23,30007.58,1
2024-12-23,2024-12-23 13:39:00,1582.54,1582.63,1582.54,1582.63,0.01,19.23,30007.58,1
2024-12-23,2024-12-23 13:40:00,1582.63,1582.73,1582.63,1582.73,0.01,19.23,30007.58,1
2024-12-23,2024-12-23 13:41:00,1582.73,1582.82,1582.73,1582.82,0.01,19.23,30007.58,1
2024-12-23,2024-12-23 13:42:00,1582.82,1582.91,1582.82,1582.91,0.01,19.23,30007.58,1
2024-12-23,2024-12-23 13:43:00,1582.91,1583.0,1582.91,1583.0,0.01,19.23,30007.58,1
2024-12-23,2024-12-23 13:44:00,1583.0,1583.09,1583.0,1583.09,0.01,19.23,30007.58,1
2024-12-23,2024-12-23 13:45:00,1583.09,1583.19,1583.09,1583.19,0.01,19.23,30007.58,1
2024-12-23,2024-12-23 13:46:00,1583.19,1583.28,1583.19,1583.28,0.01,19.23,30007.58,1
2024-12-23,2024-12-23 13:47:00,1583.28,1583.37,1583.28,1583.37,0.01,19.23,30007.58,1
2024-12-23,2024-12-23 13:48:00,1583.37,1583.46,1583.37,1583.46,0.01,19.23,30007.58,1
2024-12-23,2024-12-23 13:49:00,1583.46,1583.55,1583.46,1583.55,0.01,19.23,30007.58,1
2024-12-23,2024-12-23 13:50:00,1583.55,1583.65,1583.55,1583.65,0.01,19.23,30007.58,1
2024-12-23,2024-12-23 13:51:00,1583.65,1583.74,1583.65,1583.74,0.01,19.23,30007.58,1
2024-12-23,2024-12-23 13:52:00,1583.74,1583.83,1583.74,1583.83,0.01,19.23,30007.58,1
2024-12-23,2024-12-23 13:53:00,1583.83,1583.92,1583.83,1583.92,0.01,19.23,30007.58,1
2024-12-23,2024-12-23 13:54:00,1583.92,1584.01,1583.92,1584.01,0.01,19.23,30007.58,1
2024-12-23,2024-12-23 13:55:00,1584.01,1584.11,1584.01,1584.11,0.01,19.23,30007.58,1
2024-12-23,2024-12-23 13:56:00,1584.11,1584.2,1584.11,1584.2,0.01,19.23,30007.58,1
2024-12-23,2024-12-23 13:57:00,1584.2,1584.29,1584.2,1584.29,0.01,19.23,30007.58,1
2024-12-23,2024-12-23 13:58:00,1584.29,1584.38,1584.29,1584.38,0.01,19.23,30007.58,1
2024-12-23,2024-12-23 13:59:00,1584.38,1584.47,1584.38,1584.47,0.01,19.23,30007.58,1
2024-12-23,2024-12-23 14:00:00,1584.47,1584.57,1584.47,1584.57,0.01,19.23,30007.58,1
2024-12-23,2024-12-23 14:01:00,1584.57,1584.66,1584.57,1584.66,0.01,19.23,30007.58,1
2024-12-23,2024-12-23 14:02:00,1584.66,1584.75,1584.66,1584.75,0.01,19.23,30007.58,1
2024-12-23,2024-12-23 14:03:00,1584.75,1584.84,1584.75,1584.84,0.01,19.23,30007.58,1
2024-12-23,2024-12-23 14:04:00,1584.84,1584.94,1584.84,1584.94,0.01,19.23,30007.58,1
2024-12-23,2024-12-23 14:05:00,1584.94,1585.03,1584.94,1585.03,0.01,19.23,30007.58,1
2024-12-23,2024-12-23 14:06:00,1585.03,1585.12,1585.03,1585.12,0.01,19.23,30007.58,1
2024-12-23,2024-12-23 14:07:00,1585.12,1585.21,1585.12,1585.21,0.01,19.23,30007.58,1
2024-12-23,2024-12-23 14:08:00,1585.21,1585.3,1585.21,1585.3,0.01,19.23,30007.58,1
2024-12-23,2024-12-23 14:09:00,1585.3,1585.4,1585.3,1585.4,0.01,19.23,30007.58,1
2024-12-23,2024-12-23 14:10:00,1585.4,1585.49,1585.4,1585.49,0.01,19.23,30007.58,1
2024-12-23,2024-12-23 14:11:00,1585.49,1585.58,1585.49,1585.58,0.01,19.23,30007.58,1
2024-12-23,2024-12-23 14:12:00,1585.58,1585.67,1585.58,1585.67,0.01,19.23,30007.58,1
2024-12-23,2024-12-23 14:13:00,1585.67,1585.76,1585.67,1585.76,0.01,19.23,30007.58,1
2024-12-23,2024-12-23 14:14:00,1585.76,1585.86,1585.76,1585.86,0.01,19.23,30007.58,1
2024-12-23,2024-12-23 14:15:00,1585.86,1585.95,1585.86,1585.95,0.01,19.23,30007.58,1
2024-12-23,2024-12-23 14:16:00,1585.95,1586.04,1585.95,1586.04,0.01,19.23,30007.58,1
2024-12-23,2024-12-23 14:17:00,1586.04,1586.13,1586.04,1586.13,0.01,19.23,30007.58,1
2024-12-23,2024-12-23 14:18:00,1586.13,1586.22,1586.13,1586.22,0.01,19.23,30007.58,1
2024-12-23,2024-12-23 14:19:00,1586.22,1586.32,1586.22,1586.32,0.01,19.23,30007.58,1
2024-12-23,2024-12-23 14:20:00,1586.32,1586.41,1586.32,1586.41,0.01,19.23,30007.58,1
2024-12-23,2024-12-23 14:21:00,1586.41,1586.5,1586.41,1586.5,0.01,19.23,30007.58,1
2024-12-23,2024-12-23 14:22:00,1586.5,1586.59,1586.5,1586.59,0.01,19.23,30007.58,1
2024-12-23,2024-12-23 14:23:00,1586.59,1586.68,1586.59,1586.68,0.01,19.23,30007.58,1
2024-12-23,2024-12-23 14:24:00,1586.68,1586.78,1586.68,1586.78,0.01,19.23,30007.58,1
2024-12-23,2024-12-23 14:25:00,1586.78,1586.87,1586.78,1586.87,0.01,19.23,30007.58,1
2024-12-23,2024-12-23 14:26:00,1586.87,1586.96,1586.87,1586.96,0.01,19.23,30007.58,1
2024-12-23,2024-12-23 14:27:00,1586.96,1587.05,1586.96,1587.05,0.01,19.23,30007.58,1
2024-12-23,2024-12-23 14:28:00,1587.05,1587.15,1587.05,1587.15,0.01,19.23,30007.58,1
2024-12-23,2024-12-23 14:29:00,1587.15,1587.24,1587.15,1587.24,0.01,19.23,30007.58,1
2024-12-23,2024-12-23 14:30:00,1587.24,1587.33,1587.24,1587.33,0.01,19.23,30007.58,1
2024-12-23,2024-12-23 14:31:00,1587.33,1587.42,1587.33,1587.42,0.01,19.23,30007.58,1
2024-12-23,2024-12-23 14:32:00,1587.42,1587.51,1587.42,1587.51,0.01,19.23,30007.58,1
2024-12-23,2024-12-23 14:33:00,1587.51,1587.61,1587.51,1587.61,0.01,19.23,30007.58,1
2024-12-23,2024-12-23 14:34:00,1587.61,1587.7,1587.61,1587.7,0.01,19.23,30007.58,1
2024-12-23,2024-12-23 14:35:00,1587.7,1587.79,1587.7,1587.79,0.01,19.23,30007.58,1
2024-12-23,2024-12-23 14:36:00,1587.79,1587.88,1587.79,1587.88,0.01,19.23,30007.58,1
2024-12-23,2024-12-23 14:37:00,1587.88,1587.97,1587.88,1587.97,0.01,19.23,30007.58,1
2024-12-23,2024-12-23 14:38:00,1587.97,1588.07,1587.97,1588.07,0.01,19.23,30007.58,1
2024-12-23,2024-12-23 14:39:00,1588.07,1588.16,1588.07,1588.16,0.01,19.23,30007.58,1
2024-12-23,2024-12-23 14:40:00,1588.16,1588.25,1588.16,1588.25,0.01,19.23,30007.58,1
2024-12-23,2024-12-23 14:41:00,1588.25,1588.34,1588.25,1588.34,0.01,19.23,30007.58,1
2024-12-23,2024-12-23 14:42:00,1588.34,1588.43,1588.34,1588.43,0.01,19.23,30007.58,1
2024-12-23,2024-12-23 14:43:00,1588.43,1588.53,1588.43,1588.53,0.01,19.23,30007.58,1
2024-12-23,2024-12-23 14:44:00,1588.53,1588.62,1588.53,1588.62,0.01,19.23,30007.58,1
2024-12-23,2024-12-23 14:45:00,1588.62,1588.71,1588.62,1588.71,0.01,19.23,30007.58,1
2024-12-23,2024-12-23 14:46:00,1588.71,1588.8,1588.71,1588.8,0.01,19.23,30007.58,1
2024-12-23,2024-12-23 14:47:00,1588.8,1588.89,1588.8,1588.89,0.01,19.23,30007.58,1
2024-12-23,2024-12-23 14:48:00,1588.89,1588.99,1588.89,1588.99,0.01,19.23,30007.58,1
2024-12-23,2024-12-23 14:49:00,1588.99,1589.08,1588.99,1589.08,0.01,19.23,30007.58,1
2024-12-23,2024-12-23 14:50:00,1589.08,1589.17,1589.08,1589.17,0.01,19.23,30007.58,1
2024-12-23,2024-12-23 14:51:00,1589.17,1589.26,1589.17,1589.26,0.01,19.23,30007.58,1
2024-12-23,2024-12-23 14:52:00,1589.26,1589.36,1589.26,1589.36,0.01,19.23,30007.58,1
2024-12-23,2024-12-23 14:53:00,1589.36,1589.45,1589.36,1589.45,0.01,19.23,30007.58,1
2024-12-23,2024-12-23 14:54:00,1589.45,1589.54,1589.45,1589.54,0.01,19.23,30007.58,1
2024-12-23,2024-12-23 14:55:00,1589.54,1589.63,1589.54,1589.63,0.01,19.23,30007.58,1
2024-12-23,2024-12-23 14:56:00,1589.63,1589.72,1589.63,1589.72,0.01,19.23,30007.58,1
2024-12-23,2024-12-23 14:57:00,1589.72,1589.82,1589.72,1589.82,0.01,19.23,30007.58,1
2024-12-23,2024-12-23 14:58:00,1589.82,1589.91,1589.82,1589.91,0.01,19.23,30007.58,1
2024-12-23,2024-12-23 14:59:00,1589.91,1590.0,1589.91,1590.0,0.01,19.23,30007.58,1
2024-12-23,2024-12-23 15:00:00,1590.0,1590.0,1541.2,1590.0,0.0,19.23,30007.58,0
2024-12-24,2024-12-24 11:00:00,1562.1,1584.27,1562.1,1562.34,0.02,20.48,32902.61,1
2024-12-24,2024-12-24 11:01:00,1562.34,1562.58,1562.34,1562.58,0.02,20.48,32902.61,1
2024-12-24,2024-12-24 11:02:00,1562.58,1562.82,1562.58,1562.82,0.02,20.48,32902.61,1
2024-12-24,2024-12-24 11:03:00,1562.82,1563.06,1562.82,1563.06,0.02,20.48,32902.61,1
2024-12-24,2024-12-24 11:04:00,1563.06,1563.31,1563.06,1563.31,0.02,20.48,32902.61,1
2024-12-24,2024-12-24 11:05:00,1563.31,1563.55,1563.31,1563.55,0.02,20.48,32902.61,1
2024-12-24,2024-12-24 11:06:00,1563.55,1563.79,1563.55,1563.79,0.02,20.48,32902.61,1
2024-12-24,2024-12-24 11:07:00,1563.79,1564.03,1563.79,1564.03,0.02,20.48,32902.61,1
2024-12-24,2024-12-24 11:08:00,1564.03,1564.27,1564.03,1564.27,0.02,20.48,32902.61,1
2024-12-24,2024-12-24 11:09:00,1564.27,1564.51,1564.27,1564.51,0.02,20.48,32902.61,1
2024-12-24,2024-12-24 11:10:00,1564.51,1564.75,1564.51,1564.75,0.02,20.48,32902.61,1
2024-12-24,2024-12-24 11:11:00,1564.75,1564.99,1564.75,1564.99,0.02,20.48,32902.61,1
2024-12-24,2024-12-24 11:12:00,1564.99,1565.24,1564.99,1565.24,0.02,20.48,32902.61,1
2024-12-24,2024-12-24 11:13:00,1565.24,1565.48,1565.24,1565.48,0.02,20.48,32902.61,1
2024-12-24,2024-12-24 11:14:00,1565.48,1565.72,1565.48,1565.72,0.02,20.48,32902.61,1
2024-12-24,2024-12-24 11:15:00,1565.72,1565.96,1565.72,1565.96,0.02,20.48,32902.61,1
2024-12-24,2024-12-24 11:16:00,1565.96,1566.2,1565.96,1566.2,0.02,20.48,32902.61,1
2024-12-24,2024-12-24 11:17:00,1566.2,1566.44,1566.2,1566.44,0.02,20.48,32902.61,1
2024-12-24,2024-12-24 11:18:00,1566.44,1566.68,1566.44,1566.68,0.02,20.48,32902.61,1
2024-12-24,2024-12-24 11:19:00,1566.68,1566.92,1566.68,1566.92,0.02,20.48,32902.61,1
2024-12-24,2024-12-24 11:20:00,1566.92,1567.17,1566.92,1567.17,0.02,20.48,32902.61,1
2024-12-24,2024-12-24 11:21:00,1567.17,1567.41,1567.17,1567.41,0.02,20.48,32902.61,1
2024-12-24,2024-12-24 11:22:00,1567.41,1567.65,1567.41,1567.65,0.02,20.48,32902.61,1
2024-12-24,2024-12-24 11:23:00,1567.65,1567.89,1567.65,1567.89,0.02,20.48,32902.61,1
2024-12-24,2024-12-24 11:24:00,1567.89,1568.13,1567.89,1568.13,0.02,20.48,32902.61,1
2024-12-24,2024-12-24 11:25:00,1568.13,1568.37,1568.13,1568.37,0.02,20.48,32902.61,1
2024-12-24,2024-12-24 11:26:00,1568.37,1568.61,1568.37,1568.61,0.02,20.48,32902.61,1
2024-12-24,2024-12-24 11:27:00,1568.61,1568.86,1568.61,1568.86,0.02,20.48,32902.61,1
2024-12-24,2024-12-24 11:28:00,1568.86,1569.1,1568.86,1569.1,0.02,20.48,32902.61,1
2024-12-24,2024-12-24 11:29:00,1569.1,1569.34,1569.1,1569.34,0.02,20.48,32902.61,1
2024-12-24,2024-12-24 11:30:00,1569.34,1569.58,1569.34,1569.58,0.02,20.48,32902.61,1
2024-12-24,2024-12-24 11:31:00,1569.58,1569.82,1569.58,1569.82,0.02,20.48,32902.61,1
2024-12-24,2024-12-24 11:32:00,1569.82,1570.06,1569.82,1570.06,0.02,20.48,32902.61,1
2024-12-24,2024-12-24 11:33:00,1570.06,1570.3,1570.06,1570.3,0.02,20.48,32902.61,1
2024-12-24,2024-12-24 11:34:00,1570.3,1570.54,1570.3,1570.54,0.02,20.48,32902.61,1
2024-12-24,2024-12-24 11:35:00,1570.54,1570.78,1570.54,1570.78,0.02,20.48,32902.61,1
2024-12-24,2024-12-24 11:36:00,1570.78,1571.03,1570.78,1571.03,0.02,20.48,32902.61,1
2024-12-24,2024-12-24 11:37:00,1571.03,1571.27,1571.03,1571.27,0.02,20.48,32902.61,1
2024-12-24,2024-12-24 11:38:00,1571.27,1571.51,1571.27,1571.51,0.02,20.48,32902.61,1
2024-12-24,2024-12-24 11:39:00,1571.51,1571.75,1571.51,1571.75,0.02,20.48,32902.61,1
2024-12-24,2024-12-24 11:40:00,1571.75,1571.99,1571.75,1571.99,0.02,20.48,32902.61,1
2024-12-24,2024-12-24 11:41:00,1571.99,1572.23,1571.99,1572.23,0.02,20.48,32902.61,1
2024-12-24,2024-12-24 11:42:00,1572.23,1572.47,1572.23,1572.47,0.02,20.48,32902.61,1
2024-12-24,2024-12-24 11:43:00,1572.47,1572.71,1572.47,1572.71,0.02,20.48,32902.61,1
2024-12-24,2024-12-24 11:44:00,1572.71,1572.96,1572.71,1572.96,0.02,20.48,32902.61,1
2024-12-24,2024-12-24 11:45:00,1572.96,1573.2,1572.96,1573.2,0.02,20.48,32902.61,1
2024-12-24,2024-12-24 11:46:00,1573.2,1573.44,1573.2,1573.44,0.02,20.48,32902.61,1
2024-12-24,2024-12-24 11:47:00,1573.44,1573.68,1573.44,1573.68,0.02,20.48,32902.61,1
2024-12-24,2024-12-24 11:48:00,1573.68,1573.92,1573.68,1573.92,0.02,20.48,32902.61,1
2024-12-24,2024-12-24 11:49:00,1573.92,1574.16,1573.92,1574.16,0.02,20.48,32902.61,1
2024-12-24,2024-12-24 11:50:00,1574.16,1574.4,1574.16,1574.4,0.02,20.48,32902.61,1
2024-12-24,2024-12-24 11:51:00,1574.4,1574.64,1574.4,1574.64,0.02,20.48,32902.61,1
2024-12-24,2024-12-24 11:52:00,1574.64,1574.89,1574.64,1574.89,0.02,20.48,32902.61,1
2024-12-24,2024-12-24 11:53:00,1574.89,1575.13,1574.89,1575.13,0.02,20.48,32902.61,1
2024-12-24,2024-12-24 11:54:00,1575.13,1575.37,1575.13,1575.37,0.02,20.48,32902.61,1
2024-12-24,2024-12-24 11:55:00,1575.37,1575.61,1575.37,1575.61,0.02,20.48,32902.61,1
2024-12-24,2024-12-24 11:56:00,1575.61,1575.85,1575.61,1575.85,0.02,20.48,32902.61,1
2024-12-24,2024-12-24 11:57:00,1575.85,1576.09,1575.85,1576.09,0.02,20.48,32902.61,1
2024-12-24,2024-12-24 11:58:00,1576.09,1576.33,1576.09,1576.33,0.02,20.48,32902.61,1
2024-12-24,2024-12-24 11:59:00,1576.33,1576.57,1576.33,1576.57,0.02,20.48,32902.61,1
2024-12-24,2024-12-24 12:00:00,1576.57,1576.82,1576.57,1576.82,0.02,20.48,32902.61,1
2024-12-24,2024-12-24 12:01:00,1576.82,1577.06,1576.82,1577.06,0.02,20.48,32902.61,1
2024-12-24,2024-12-24 12:02:00,1577.06,1577.3,1577.06,1577.3,0.02,20.48,32902.61,1
2024-12-24,2024-12-24 12:03:00,1577.3,1577.54,1577.3,1577.54,0.02,20.48,32902.61,1
2024-12-24,2024-12-24 12:04:00,1577.54,1577.78,1577.54,1577.78,0.02,20.48,32902.61,1
2024-12-24,2024-12-24 12:05:00,1577.78,1578.02,1577.78,1578.02,0.02,20.48,32902.61,1
2024-12-24,2024-12-24 12:06:00,1578.02,1578.26,1578.02,1578.26,0.02,20.48,32902.61,1
2024-12-24,2024-12-24 12:07:00,1578.26,1578.5,1578.26,1578.5,0.02,20.48,32902.61,1
2024-12-24,2024-12-24 12:08:00,1578.5,1578.75,1578.5,1578.75,0.02,20.48,32902.61,1
2024-12-24,2024-12-24 12:09:00,1578.75,1578.99,1578.75,1578.99,0.02,20.48,32902.61,1
2024-12-24,2024-12-24 12:10:00,1578.99,1579.23,1578.99,1579.23,0.02,20.48,32902.61,1
2024-12-24,2024-12-24 12:11:00,1579.23,1579.47,1579.23,1579.47,0.02,20.48,32902.61,1
2024-12-24,2024-12-24 12:12:00,1579.47,1579.71,1579.47,1579.71,0.02,20.48,32902.61,1
2024-12-24,2024-12-24 12:13:00,1579.71,1579.95,1579.71,1579.95,0.02,20.48,32902.61,1
2024-12-24,2024-12-24 12:14:00,1579.95,1580.19,1579.95,1580.19,0.02,20.48,32902.61,1
2024-12-24,2024-12-24 12:15:00,1580.19,1580.43,1580.19,1580.43,0.02,20.48,32902.61,1
2024-12-24,2024-12-24 12:16:00,1580.43,1580.68,1580.43,1580.68,0.02,20.48,32902.61,1
2024-12-24,2024-12-24 12:17:00,1580.68,1580.92,1580.68,1580.92,0.02,20.48,32902.61,1
2024-12-24,2024-12-24 12:18:00,1580.92,1581.16,1580.92,1581.16,0.02,20.48,32902.61,1
2024-12-24,2024-12-24 12:19:00,1581.16,1581.4,1581.16,1581.4,0.02,20.48,32902.61,1
2024-12-24,2024-12-24 12:20:00,1581.4,1581.64,1581.4,1581.64,0.02,20.48,32902.61,1
2024-12-24,2024-12-24 12:21:00,1581.64,1581.88,1581.64,1581.88,0.02,20.48,32902.61,1
2024-12-24,2024-12-24 12:22:00,1581.88,1582.12,1581.88,1582.12,0.02,20.48,32902.61,1
2024-12-24,2024-12-24 12:23:00,1582.12,1582.37,1582.12,1582.37,0.02,20.48,32902.61,1
2024-12-24,2024-12-24 12:24:00,1582.37,1582.61,1582.37,1582.61,0.02,20.48,32902.61,1
2024-12-24,2024-12-24 12:25:00,1582.61,1582.85,1582.61,1582.85,0.02,20.48,32902.61,1
2024-12-24,2024-12-24 12:26:00,1582.85,1583.09,1582.85,1583.09,0.02,20.48,32902.61,1
2024-12-24,2024-12-24 12:27:00,1583.09,1583.33,1583.09,1583.33,0.02,20.48,32902.61,1
2024-12-24,2024-12-24 12:28:00,1583.33,1583.57,1583.33,1583.57,0.02,20.48,32902.61,1
2024-12-24,2024-12-24 12:29:00,1583.57,1583.81,1583.57,1583.81,0.02,20.48,32902.61,1
2024-12-24,2024-12-24 12:30:00,1583.81,1584.05,1583.81,1584.05,0.02,20.48,32902.61,1
2024-12-24,2024-12-24 12:31:00,1584.05,1584.29,1584.05,1584.29,0.02,20.48,32902.61,1
2024-12-24,2024-12-24 12:32:00,1584.29,1584.54,1584.29,1584.54,0.02,20.48,32902.61,1
2024-12-24,2024-12-24 12:33:00,1584.54,1584.78,1584.54,1584.78,0.02,20.48,32902.61,1
2024-12-24,2024-12-24 12:34:00,1584.78,1585.02,1584.78,1585.02,0.02,20.48,32902.61,1
2024-12-24,2024-12-24 12:35:00,1585.02,1585.26,1585.02,1585.26,0.02,20.48,32902.61,1
2024-12-24,2024-12-24 12:36:00,1585.26,1585.5,1585.26,1585.5,0.02,20.48,32902.61,1
2024-12-24,2024-12-24 12:37:00,1585.5,1585.74,1585.5,1585.74,0.02,20.48,32902.61,1
2024-12-24,2024-12-24 12:38:00,1585.74,1585.98,1585.74,1585.98,0.02,20.48,32902.61,1
2024-12-24,2024-12-24 12:39:00,1585.98,1586.22,1585.98,1586.22,0.02,20.48,32902.61,1
2024-12-24,2024-12-24 12:40:00,1586.22,1586.47,1586.22,1586.47,0.02,20.48,32902.61,1
2024-12-24,2024-12-24 12:41:00,1586.47,1586.71,1586.47,1586.71,0.02,20.48,32902.61,1
2024-12-24,2024-12-24 12:42:00,1586.71,1586.95,1586.71,1586.95,0.02,20.48,32902.61,1
2024-12-24,2024-12-24 12:43:00,1586.95,1587.19,1586.95,1587.19,0.02,20.48,32902.61,1
2024-12-24,2024-12-24 12:44:00,1587.19,1587.43,1587.19,1587.43,0.02,20.48,32902.61,1
2024-12-24,2024-12-24 12:45:00,1587.43,1587.67,1587.43,1587.67,0.02,20.48,32902.61,1
2024-12-24,2024-12-24 12:46:00,1587.67,1587.91,1587.67,1587.91,0.02,20.48,32902.61,1
2024-12-24,2024-12-24 12:47:00,1587.91,1588.15,1587.91,1588.15,0.02,20.48,32902.61,1
2024-12-24,2024-12-24 12:48:00,1588.15,1588.4,1588.15,1588.4,0.02,20.48,32902.61,1
2024-12-24,2024-12-24 12:49:00,1588.4,1588.64,1588.4,1588.64,0.02,20.48,32902.61,1
2024-12-24,2024-12-24 12:50:00,1588.64,1588.88,1588.64,1588.88,0.02,20.48,32902.61,1
2024-12-24,2024-12-24 12:51:00,1588.88,1589.12,1588.88,1589.12,0.02,20.48,32902.61,1
2024-12-24,2024-12-24 12:52:00,1589.12,1589.36,1589.12,1589.36,0.02,20.48,32902.61,1
2024-12-24,2024-12-24 12:53:00,1589.36,1589.6,1589.36,1589.6,0.02,20.48,32902.61,1
2024-12-24,2024-12-24 12:54:00,1589.6,1589.84,1589.6,1589.84,0.02,20.48,32902.61,1
2024-12-24,2024-12-24 12:55:00,1589.84,1590.09,1589.84,1590.09,0.02,20.48,32902.61,1
2024-12-24,2024-12-24 12:56:00,1590.09,1590.33,1590.09,1590.33,0.02,20.48,32902.61,1
2024-12-24,2024-12-24 12:57:00,1590.33,1590.57,1590.33,1590.57,0.02,20.48,32902.61,1
2024-12-24,2024-12-24 12:58:00,1590.57,1590.81,1590.57,1590.81,0.02,20.48,32902.61,1
2024-12-24,2024-12-24 12:59:00,1590.81,1591.05,1590.81,1591.05,0.02,20.48,32902.61,1
2024-12-24,2024-12-24 13:00:00,1591.05,1636.0,1562.1,1591.29,0.02,20.48,32902.61,1
2024-12-24,2024-12-24 13:01:00,1591.29,1591.53,1591.29,1591.53,0.02,20.48,32902.61,1
2024-12-24,2024-12-24 13:02:00,1591.53,1591.77,1591.53,1591.77,0.02,20.48,32902.61,1
2024-12-24,2024-12-24 13:03:00,1591.77,1592.01,1591.77,1592.01,0.02,20.48,32902.61,1
2024-12-24,2024-12-24 13:04:00,1592.01,1592.26,1592.01,1592.26,0.02,20.48,32902.61,1
2024-12-24,2024-12-24 13:05:00,1592.26,1592.5,1592.26,1592.5,0.02,20.48,32902.61,1
2024-12-24,2024-12-24 13:06:00,1592.5,1592.74,1592.5,1592.74,0.02,20.48,32902.61,1
2024-12-24,2024-12-24 13:07:00,1592.74,1592.98,1592.74,1592.98,0.02,20.48,32902.61,1
2024-12-24,2024-12-24 13:08:00,1592.98,1593.22,1592.98,1593.22,0.02,20.48,32902.61,1
2024-12-24,2024-12-24 13:09:00,1593.22,1593.46,1593.22,1593.46,0.02,20.48,32902.61,1
2024-12-24,2024-12-24 13:10:00,1593.46,1593.7,1593.46,1593.7,0.02,20.48,32902.61,1
2024-12-24,2024-12-24 13:11:00,1593.7,1593.94,1593.7,1593.94,0.02,20.48,32902.61,1
2024-12-24,2024-12-24 13:12:00,1593.94,1594.19,1593.94,1594.19,0.02,20.48,32902.61,1
2024-12-24,2024-12-24 13:13:00,1594.19,1594.43,1594.19,1594.43,0.02,20.48,32902.61,1
2024-12-24,2024-12-24 13:14:00,1594.43,1594.67,1594.43,1594.67,0.02,20.48,32902.61,1
2024-12-24,2024-12-24 13:15:00,1594.67,1594.91,1594.67,1594.91,0.02,20.48,32902.61,1
2024-12-24,2024-12-24 13:16:00,1594.91,1595.15,1594.91,1595.15,0.02,20.48,32902.61,1
2024-12-24,2024-12-24 13:17:00,1595.15,1595.39,1595.15,1595.39,0.02,20.48,32902.61,1
2024-12-24,2024-12-24 13:18:00,1595.39,1595.63,1595.39,1595.63,0.02,20.48,32902.61,1
2024-12-24,2024-12-24 13:19:00,1595.63,1595.88,1595.63,1595.88,0.02,20.48,32902.61,1
2024-12-24,2024-12-24 13:20:00,1595.88,1596.12,1595.88,1596.12,0.02,20.48,32902.61,1
2024-12-24,2024-12-24 13:21:00,1596.12,1596.36,1596.12,1596.36,0.02,20.48,32902.61,1
2024-12-24,2024-12-24 13:22:00,1596.36,1596.6,1596.36,1596.6,0.02,20.48,32902.61,1
2024-12-24,2024-12-24 13:23:00,1596.6,1596.84,1596.6,1596.84,0.02,20.48,32902.61,1
2024-12-24,2024-12-24 13:24:00,1596.84,1597.08,1596.84,1597.08,0.02,20.48,32902.61,1
2024-12-24,2024-12-24 13:25:00,1597.08,1597.32,1597.08,1597.32,0.02,20.48,32902.61,1
2024-12-24,2024-12-24 13:26:00,1597.32,1597.56,1597.32,1597.56,0.02,20.48,32902.61,1
2024-12-24,2024-12-24 13:27:00,1597.56,1597.81,1597.56,1597.81,0.02,20.48,32902.61,1
2024-12-24,2024-12-24 13:28:00,1597.81,1598.05,1597.81,1598.05,0.02,20.48,32902.61,1
2024-12-24,2024-12-24 13:29:00,1598.05,1598.29,1598.05,1598.29,0.02,20.48,32902.61,1
2024-12-24,2024-12-24 13:30:00,1598.29,1598.53,1598.29,1598.53,0.02,20.48,32902.61,1
2024-12-24,2024-12-24 13:31:00,1598.53,1598.77,1598.53,1598.77,0.02,20.48,32902.61,1
2024-12-24,2024-12-24 13:32:00,1598.77,1599.01,1598.77,1599.01,0.02,20.48,32902.61,1
2024-12-24,2024-12-24 13:33:00,1599.01,1599.25,1599.01,1599.25,0.02,20.48,32902.61,1
2024-12-24,2024-12-24 13:34:00,1599.25,1599.49,1599.25,1599.49,0.02,20.48,32902.61,1
2024-12-24,2024-12-24 13:35:00,1599.49,1599.73,1599.49,1599.73,0.02,20.48,32902.61,1
2024-12-24,2024-12-24 13:36:00,1599.73,1599.98,1599.73,1599.98,0.02,20.48,32902.61,1
2024-12-24,2024-12-24 13:37:00,1599.98,1600.22,1599.98,1600.22,0.02,20.48,32902.61,1
2024-12-24,2024-12-24 13:38:00,1600.22,1600.46,1600.22,1600.46,0.01,20.48,32902.61,1
2024-12-24,2024-12-24 13:39:00,1600.46,1600.7,1600.46,1600.7,0.01,20.48,32902.61,1
2024-12-24,2024-12-24 13:40:00,1600.7,1600.94,1600.7,1600.94,0.01,20.48,32902.61,1
2024-12-24,2024-12-24 13:41:00,1600.94,1601.18,1600.94,1601.18,0.01,20.48,32902.61,1
2024-12-24,2024-12-24 13:42:00,1601.18,1601.42,1601.18,1601.42,0.01,20.48,32902.61,1
2024-12-24,2024-12-24 13:43:00,1601.42,1601.66,1601.42,1601.66,0.01,20.48,32902.61,1
2024-12-24,2024-12-24 13:44:00,1601.66,1601.91,1601.66,1601.91,0.02,20.48,32902.61,1
2024-12-24,2024-12-24 13:45:00,1601.91,1602.15,1601.91,1602.15,0.01,20.48,32902.61,1
2024-12-24,2024-12-24 13:46:00,1602.15,1602.39,1602.15,1602.39,0.01,20.48,32902.61,1
2024-12-24,2024-12-24 13:47:00,1602.39,1602.63,1602.39,1602.63,0.01,20.48,32902.61,1
2024-12-24,2024-12-24 13:48:00,1602.63,1602.87,1602.63,1602.87,0.01,20.48,32902.61,1
2024-12-24,2024-12-24 13:49:00,1602.87,1603.11,1602.87,1603.11,0.01,20.48,32902.61,1
2024-12-24,2024-12-24 13:50:00,1603.11,1603.35,1603.11,1603.35,0.01,20.48,32902.61,1
2024-12-24,2024-12-24 13:51:00,1603.35,1603.6,1603.35,1603.6,0.02,20.48,32902.61,1
2024-12-24,2024-12-24 13:52:00,1603.6,1603.84,1603.6,1603.84,0.01,20.48,32902.61,1
2024-12-24,2024-12-24 13:53:00,1603.84,1604.08,1603.84,1604.08,0.01,20.48,32902.61,1
2024-12-24,2024-12-24 13:54:00,1604.08,1604.32,1604.08,1604.32,0.01,20.48,32902.61,1
2024-12-24,2024-12-24 13:55:00,1604.32,1604.56,1604.32,1604.56,0.01,20.48,32902.61,1
2024-12-24,2024-12-24 13:56:00,1604.56,1604.8,1604.56,1604.8,0.01,20.48,32902.61,1
2024-12-24,2024-12-24 13:57:00,1604.8,1605.04,1604.8,1605.04,0.01,20.48,32902.61,1
2024-12-24,2024-12-24 13:58:00,1605.04,1605.28,1605.04,1605.28,0.01,20.48,32902.61,1
2024-12-24,2024-12-24 13:59:00,1605.28,1605.53,1605.28,1605.53,0.02,20.48,32902.61,1
2024-12-24,2024-12-24 14:00:00,1605.53,1605.77,1605.53,1605.77,0.01,20.48,32902.61,1
2024-12-24,2024-12-24 14:01:00,1605.77,1606.01,1605.77,1606.01,0.01,20.48,32902.61,1
2024-12-24,2024-12-24 14:02:00,1606.01,1606.25,1606.01,1606.25,0.01,20.48,32902.61,1
2024-12-24,2024-12-24 14:03:00,1606.25,1606.49,1606.25,1606.49,0.01,20.48,32902.61,1
2024-12-24,2024-12-24 14:04:00,1606.49,1606.73,1606.49,1606.73,0.01,20.48,32902.61,1
2024-12-24,2024-12-24 14:05:00,1606.73,1606.97,1606.73,1606.97,0.01,20.48,32902.61,1
2024-12-24,2024-12-24 14:06:00,1606.97,1607.21,1606.97,1607.21,0.01,20.48,32902.61,1
2024-12-24,2024-12-24 14:07:00,1607.21,1607.45,1607.21,1607.45,0.01,20.48,32902.61,1
2024-12-24,2024-12-24 14:08:00,1607.45,1607.7,1607.45,1607.7,0.02,20.48,32902.61,1
2024-12-24,2024-12-24 14:09:00,1607.7,1607.94,1607.7,1607.94,0.01,20.48,32902.61,1
2024-12-24,2024-12-24 14:10:00,1607.94,1608.18,1607.94,1608.18,0.01,20.48,32902.61,1
2024-12-24,2024-12-24 14:11:00,1608.18,1608.42,1608.18,1608.42,0.01,20.48,32902.61,1
2024-12-24,2024-12-24 14:12:00,1608.42,1608.66,1608.42,1608.66,0.01,20.48,32902.61,1
2024-12-24,2024-12-24 14:13:00,1608.66,1608.9,1608.66,1608.9,0.01,20.48,32902.61,1
2024-12-24,2024-12-24 14:14:00,1608.9,1609.14,1608.9,1609.14,0.01,20.48,32902.61,1
2024-12-24,2024-12-24 14:15:00,1609.14,1609.38,1609.14,1609.38,0.01,20.48,32902.61,1
2024-12-24,2024-12-24 14:16:00,1609.38,1609.63,1609.38,1609.63,0.02,20.48,32902.61,1
2024-12-24,2024-12-24 14:17:00,1609.63,1609.87,1609.63,1609.87,0.01,20.48,32902.61,1
2024-12-24,2024-12-24 14:18:00,1609.87,1610.11,1609.87,1610.11,0.01,20.48,32902.61,1
2024-12-24,2024-12-24 14:19:00,1610.11,1610.35,1610.11,1610.35,0.01,20.48,32902.61,1
2024-12-24,2024-12-24 14:20:00,1610.35,1610.59,1610.35,1610.59,0.01,20.48,32902.61,1
2024-12-24,2024-12-24 14:21:00,1610.59,1610.83,1610.59,1610.83,0.01,20.48,32902.61,1
2024-12-24,2024-12-24 14:22:00,1610.83,1611.07,1610.83,1611.07,0.01,20.48,32902.61,1
2024-12-24,2024-12-24 14:23:00,1611.07,1611.32,1611.07,1611.32,0.02,20.48,32902.61,1
2024-12-24,2024-12-24 14:24:00,1611.32,1611.56,1611.32,1611.56,0.01,20.48,32902.61,1
2024-12-24,2024-12-24 14:25:00,1611.56,1611.8,1611.56,1611.8,0.01,20.48,32902.61,1
2024-12-24,2024-12-24 14:26:00,1611.8,1612.04,1611.8,1612.04,0.01,20.48,32902.61,1
2024-12-24,2024-12-24 14:27:00,1612.04,1612.28,1612.04,1612.28,0.01,20.48,32902.61,1
2024-12-24,2024-12-24 14:28:00,1612.28,1612.52,1612.28,1612.52,0.01,20.48,32902.61,1
2024-12-24,2024-12-24 14:29:00,1612.52,1612.76,1612.52,1612.76,0.01,20.48,32902.61,1
2024-12-24,2024-12-24 14:30:00,1612.76,1613.0,1612.76,1613.0,0.01,20.48,32902.61,1
2024-12-24,2024-12-24 14:31:00,1613.0,1613.24,1613.0,1613.24,0.01,20.48,32902.61,1
2024-12-24,2024-12-24 14:32:00,1613.24,1613.49,1613.24,1613.49,0.02,20.48,32902.61,1
2024-12-24,2024-12-24 14:33:00,1613.49,1613.73,1613.49,1613.73,0.01,20.48,32902.61,1
2024-12-24,2024-12-24 14:34:00,1613.73,1613.97,1613.73,1613.97,0.01,20.48,32902.61,1
2024-12-24,2024-12-24 14:35:00,1613.97,1614.21,1613.97,1614.21,0.01,20.48,32902.61,1
2024-12-24,2024-12-24 14:36:00,1614.21,1614.45,1614.21,1614.45,0.01,20.48,32902.61,1
2024-12-24,2024-12-24 14:37:00,1614.45,1614.69,1614.45,1614.69,0.01,20.48,32902.61,1
2024-12-24,2024-12-24 14:38:00,1614.69,1614.93,1614.69,1614.93,0.01,20.48,32902.61,1
2024-12-24,2024-12-24 14:39:00,1614.93,1615.17,1614.93,1615.17,0.01,20.48,32902.61,1
2024-12-24,2024-12-24 14:40:00,1615.17,1615.42,1615.17,1615.42,0.02,20.48,32902.61,1
2024-12-24,2024-12-24 14:41:00,1615.42,1615.66,1615.42,1615.66,0.01,20.48,32902.61,1
2024-12-24,2024-12-24 14:42:00,1615.66,1615.9,1615.66,1615.9,0.01,20.48,32902.61,1
2024-12-24,2024-12-24 14:43:00,1615.9,1616.14,1615.9,1616.14,0.01,20.48,32902.61,1
2024-12-24,2024-12-24 14:44:00,1616.14,1616.38,1616.14,1616.38,0.01,20.48,32902.61,1
2024-12-24,2024-12-24 14:45:00,1616.38,1616.62,1616.38,1616.62,0.01,20.48,32902.61,1
2024-12-24,2024-12-24 14:46:00,1616.62,1616.86,1616.62,1616.86,0.01,20.48,32902.61,1
2024-12-24,2024-12-24 14:47:00,1616.86,1617.11,1616.86,1617.11,0.02,20.48,32902.61,1
2024-12-24,2024-12-24 14:48:00,1617.11,1617.35,1617.11,1617.35,0.01,20.48,32902.61,1
2024-12-24,2024-12-24 14:49:00,1617.35,1617.59,1617.35,1617.59,0.01,20.48,32902.61,1
2024-12-24,2024-12-24 14:50:00,1617.59,1617.83,1617.59,1617.83,0.01,20.48,32902.61,1
2024-12-24,2024-12-24 14:51:00,1617.83,1618.07,1617.83,1618.07,0.01,20.48,32902.61,1
2024-12-24,2024-12-24 14:52:00,1618.07,1618.31,1618.07,1618.31,0.01,20.48,32902.61,1
2024-12-24,2024-12-24 14:53:00,1618.31,1618.55,1618.31,1618.55,0.01,20.48,32902.61,1
2024-12-24,2024-12-24 14:54:00,1618.55,1618.79,1618.55,1618.79,0.01,20.48,32902.61,1
2024-12-24,2024-12-24 14:55:00,1618.79,1619.04,1618.79,1619.04,0.02,20.48,32902.61,1
2024-12-24,2024-12-24 14:56:00,1619.04,1619.28,1619.04,1619.28,0.01,20.48,32902.61,1
2024-12-24,2024-12-24 14:57:00,1619.28,1619.52,1619.28,1619.52,0.01,20.48,32902.61,1
2024-12-24,2024-12-24 14:58:00,1619.52,1619.76,1619.52,1619.76,0.01,20.48,32902.61,1
2024-12-24,2024-12-24 14:59:00,1619.76,1620.0,1619.76,1620.0,0.01,20.48,32902.61,1
2024-12-24,2024-12-24 15:00:00,1620.0,1636.0,1562.1,1620.0,0.0,20.48,32902.61,0
2024-12-26,2024-12-26 11:00:00,1588.0,1606.6,1588.0,1588.12,0.01,13.43,21555.57,1
2024-12-26,2024-12-26 11:01:00,1588.12,1588.24,1588.12,1588.24,0.01,13.43,21555.57,1
2024-12-26,2024-12-26 11:02:00,1588.24,1588.36,1588.24,1588.36,0.01,13.43,21555.57,1
2024-12-26,2024-12-26 11:03:00,1588.36,1588.48,1588.36,1588.48,0.01,13.43,21555.57,1
2024-12-26,2024-12-26 11:04:00,1588.48,1588.6,1588.48,1588.6,0.01,13.43,21555.57,1
2024-12-26,2024-12-26 11:05:00,1588.6,1588.72,1588.6,1588.72,0.01,13.43,21555.57,1
2024-12-26,2024-12-26 11:06:00,1588.72,1588.85,1588.72,1588.85,0.01,13.43,21555.57,1
2024-12-26,2024-12-26 11:07:00,1588.85,1588.97,1588.85,1588.97,0.01,13.43,21555.57,1
2024-12-26,2024-12-26 11:08:00,1588.97,1589.09,1588.97,1589.09,0.01,13.43,21555.57,1
2024-12-26,2024-12-26 11:09:00,1589.09,1589.21,1589.09,1589.21,0.01,13.43,21555.57,1
2024-12-26,2024-12-26 11:10:00,1589.21,1589.33,1589.21,1589.33,0.01,13.43,21555.57,1
2024-12-26,2024-12-26 11:11:00,1589.33,1589.45,1589.33,1589.45,0.01,13.43,21555.57,1
2024-12-26,2024-12-26 11:12:00,1589.45,1589.57,1589.45,1589.57,0.01,13.43,21555.57,1
2024-12-26,2024-12-26 11:13:00,1589.57,1589.69,1589.57,1589.69,0.01,13.43,21555.57,1
2024-12-26,2024-12-26 11:14:00,1589.69,1589.81,1589.69,1589.81,0.01,13.43,21555.57,1
2024-12-26,2024-12-26 11:15:00,1589.81,1589.93,1589.81,1589.93,0.01,13.43,21555.57,1
2024-12-26,2024-12-26 11:16:00,1589.93,1590.05,1589.93,1590.05,0.01,13.43,21555.57,1
2024-12-26,2024-12-26 11:17:00,1590.05,1590.17,1590.05,1590.17,0.01,13.43,21555.57,1
2024-12-26,2024-12-26 11:18:00,1590.17,1590.3,1590.17,1590.3,0.01,13.43,21555.57,1
2024-12-26,2024-12-26 11:19:00,1590.3,1590.42,1590.3,1590.42,0.01,13.43,21555.57,1
2024-12-26,2024-12-26 11:20:00,1590.42,1590.54,1590.42,1590.54,0.01,13.43,21555.57,1
2024-12-26,2024-12-26 11:21:00,1590.54,1590.66,1590.54,1590.66,0.01,13.43,21555.57,1
2024-12-26,2024-12-26 11:22:00,1590.66,1590.78,1590.66,1590.78,0.01,13.43,21555.57,1
2024-12-26,2024-12-26 11:23:00,1590.78,1590.9,1590.78,1590.9,0.01,13.43,21555.57,1
2024-12-26,2024-12-26 11:24:00,1590.9,1591.02,1590.9,1591.02,0.01,13.43,21555.57,1
2024-12-26,2024-12-26 11:25:00,1591.02,1591.14,1591.02,1591.14,0.01,13.43,21555.57,1
2024-12-26,2024-12-26 11:26:00,1591.14,1591.26,1591.14,1591.26,0.01,13.43,21555.57,1
2024-12-26,2024-12-26 11:27:00,1591.26,1591.38,1591.26,1591.38,0.01,13.43,21555.57,1
2024-12-26,2024-12-26 11:28:00,1591.38,1591.5,1591.38,1591.5,0.01,13.43,21555.57,1
2024-12-26,2024-12-26 11:29:00,1591.5,1591.62,1591.5,1591.62,0.01,13.43,21555.57,1
2024-12-26,2024-12-26 11:30:00,1591.62,1591.75,1591.62,1591.75,0.01,13.43,21555.57,1
2024-12-26,2024-12-26 11:31:00,1591.75,1591.87,1591.75,1591.87,0.01,13.43,21555.57,1
2024-12-26,2024-12-26 11:32:00,1591.87,1591.99,1591.87,1591.99,0.01,13.43,21555.57,1
2024-12-26,2024-12-26 11:33:00,1591.99,1592.11,1591.99,1592.11,0.01,13.43,21555.57,1
2024-12-26,2024-12-26 11:34:00,1592.11,1592.23,1592.11,1592.23,0.01,13.43,21555.57,1
2024-12-26,2024-12-26 11:35:00,1592.23,1592.35,1592.23,1592.35,0.01,13.43,21555.57,1
2024-12-26,2024-12-26 11:36:00,1592.35,1592.47,1592.35,1592.47,0.01,13.43,21555.57,1
2024-12-26,2024-12-26 11:37:00,1592.47,1592.59,1592.47,1592.59,0.01,13.43,21555.57,1
2024-12-26,2024-12-26 11:38:00,1592.59,1592.71,1592.59,1592.71,0.01,13.43,21555.57,1
2024-12-26,2024-12-26 11:39:00,1592.71,1592.83,1592.71,1592.83,0.01,13.43,21555.57,1
2024-12-26,2024-12-26 11:40:00,1592.83,1592.95,1592.83,1592.95,0.01,13.43,21555.57,1
2024-12-26,2024-12-26 11:41:00,1592.95,1593.08,1592.95,1593.08,0.01,13.43,21555.57,1
2024-12-26,2024-12-26 11:42:00,1593.08,1593.2,1593.08,1593.2,0.01,13.43,21555.57,1
2024-12-26,2024-12-26 11:43:00,1593.2,1593.32,1593.2,1593.32,0.01,13.43,21555.57,1
2024-12-26,2024-12-26 11:44:00,1593.32,1593.44,1593.32,1593.44,0.01,13.43,21555.57,1
2024-12-26,2024-12-26 11:45:00,1593.44,1593.56,1593.44,1593.56,0.01,13.43,21555.57,1
2024-12-26,2024-12-26 11:46:00,1593.56,1593.68,1593.56,1593.68,0.01,13.43,21555.57,1
2024-12-26,2024-12-26 11:47:00,1593.68,1593.8,1593.68,1593.8,0.01,13.43,21555.57,1
2024-12-26,2024-12-26 11:48:00,1593.8,1593.92,1593.8,1593.92,0.01,13.43,21555.57,1
2024-12-26,2024-12-26 11:49:00,1593.92,1594.04,1593.92,1594.04,0.01,13.43,21555.57,1
2024-12-26,2024-12-26 11:50:00,1594.04,1594.16,1594.04,1594.16,0.01,13.43,21555.57,1
2024-12-26,2024-12-26 11:51:00,1594.16,1594.28,1594.16,1594.28,0.01,13.43,21555.57,1
2024-12-26,2024-12-26 11:52:00,1594.28,1594.4,1594.28,1594.4,0.01,13.43,21555.57,1
2024-12-26,2024-12-26 11:53:00,1594.4,1594.53,1594.4,1594.53,0.01,13.43,21555.57,1
2024-12-26,2024-12-26 11:54:00,1594.53,1594.65,1594.53,1594.65,0.01,13.43,21555.57,1
2024-12-26,2024-12-26 11:55:00,1594.65,1594.77,1594.65,1594.77,0.01,13.43,21555.57,1
2024-12-26,2024-12-26 11:56:00,1594.77,1594.89,1594.77,1594.89,0.01,13.43,21555.57,1
2024-12-26,2024-12-26 11:57:00,1594.89,1595.01,1594.89,1595.01,0.01,13.43,21555.57,1
2024-12-26,2024-12-26 11:58:00,1595.01,1595.13,1595.01,1595.13,0.01,13.43,21555.57,1
2024-12-26,2024-12-26 11:59:00,1595.13,1595.25,1595.13,1595.25,0.01,13.43,21555.57,1
2024-12-26,2024-12-26 12:00:00,1595.25,1595.37,1595.25,1595.37,0.01,13.43,21555.57,1
2024-12-26,2024-12-26 12:01:00,1595.37,1595.49,1595.37,1595.49,0.01,13.43,21555.57,1
2024-12-26,2024-12-26 12:02:00,1595.49,1595.61,1595.49,1595.61,0.01,13.43,21555.57,1
2024-12-26,2024-12-26 12:03:00,1595.61,1595.73,1595.61,1595.73,0.01,13.43,21555.57,1
2024-12-26,2024-12-26 12:04:00,1595.73,1595.85,1595.73,1595.85,0.01,13.43,21555.57,1
2024-12-26,2024-12-26 12:05:00,1595.85,1595.97,1595.85,1595.97,0.01,13.43,21555.57,1
2024-12-26,2024-12-26 12:06:00,1595.97,1596.1,1595.97,1596.1,0.01,13.43,21555.57,1
2024-12-26,2024-12-26 12:07:00,1596.1,1596.22,1596.1,1596.22,0.01,13.43,21555.57,1
2024-12-26,2024-12-26 12:08:00,1596.22,1596.34,1596.22,1596.34,0.01,13.43,21555.57,1
2024-12-26,2024-12-26 12:09:00,1596.34,1596.46,1596.34,1596.46,0.01,13.43,21555.57,1
2024-12-26,2024-12-26 12:10:00,1596.46,1596.58,1596.46,1596.58,0.01,13.43,21555.57,1
2024-12-26,2024-12-26 12:11:00,1596.58,1596.7,1596.58,1596.7,0.01,13.43,21555.57,1
2024-12-26,2024-12-26 12:12:00,1596.7,1596.82,1596.7,1596.82,0.01,13.43,21555.57,1
2024-12-26,2024-12-26 12:13:00,1596.82,1596.94,1596.82,1596.94,0.01,13.43,21555.57,1
2024-12-26,2024-12-26 12:14:00,1596.94,1597.06,1596.94,1597.06,0.01,13.43,21555.57,1
2024-12-26,2024-12-26 12:15:00,1597.06,1597.18,1597.06,1597.18,0.01,13.43,21555.57,1
2024-12-26,2024-12-26 12:16:00,1597.18,1597.3,1597.18,1597.3,0.01,13.43,21555.57,1
2024-12-26,2024-12-26 12:17:00,1597.3,1597.42,1597.3,1597.42,0.01,13.43,21555.57,1
2024-12-26,2024-12-26 12:18:00,1597.42,1597.55,1597.42,1597.55,0.01,13.43,21555.57,1
2024-12-26,2024-12-26 12:19:00,1597.55,1597.67,1597.55,1597.67,0.01,13.43,21555.57,1
2024-12-26,2024-12-26 12:20:00,1597.67,1597.79,1597.67,1597.79,0.01,13.43,21555.57,1
2024-12-26,2024-12-26 12:21:00,1597.79,1597.91,1597.79,1597.91,0.01,13.43,21555.57,1
2024-12-26,2024-12-26 12:22:00,1597.91,1598.03,1597.91,1598.03,0.01,13.43,21555.57,1
2024-12-26,2024-12-26 12:23:00,1598.03,1598.15,1598.03,1598.15,0.01,13.43,21555.57,1
2024-12-26,2024-12-26 12:24:00,1598.15,1598.27,1598.15,1598.27,0.01,13.43,21555.57,1
2024-12-26,2024-12-26 12:25:00,1598.27,1598.39,1598.27,1598.39,0.01,13.43,21555.57,1
2024-12-26,2024-12-26 12:26:00,1598.39,1598.51,1598.39,1598.51,0.01,13.43,21555.57,1
2024-12-26,2024-12-26 12:27:00,1598.51,1598.63,1598.51,1598.63,0.01,13.43,21555.57,1
2024-12-26,2024-12-26 12:28:00,1598.63,1598.75,1598.63,1598.75,0.01,13.43,21555.57,1
2024-12-26,2024-12-26 12:29:00,1598.75,1598.88,1598.75,1598.88,0.01,13.43,21555.57,1
2024-12-26,2024-12-26 12:30:00,1598.88,1599.0,1598.88,1599.0,0.01,13.43,21555.57,1
2024-12-26,2024-12-26 12:31:00,1599.0,1599.12,1599.0,1599.12,0.01,13.43,21555.57,1
2024-12-26,2024-12-26 12:32:00,1599.12,1599.24,1599.12,1599.24,0.01,13.43,21555.57,1
2024-12-26,2024-12-26 12:33:00,1599.24,1599.36,1599.24,1599.36,0.01,13.43,21555.57,1
2024-12-26,2024-12-26 12:34:00,1599.36,1599.48,1599.36,1599.48,0.01,13.43,21555.57,1
2024-12-26,2024-12-26 12:35:00,1599.48,1599.6,1599.48,1599.6,0.01,13.43,21555.57,1
2024-12-26,2024-12-26 12:36:00,1599.6,1599.72,1599.6,1599.72,0.01,13.43,21555.57,1
2024-12-26,2024-12-26 12:37:00,1599.72,1599.84,1599.72,1599.84,0.01,13.43,21555.57,1
2024-12-26,2024-12-26 12:38:00,1599.84,1599.96,1599.84,1599.96,0.01,13.43,21555.57,1
2024-12-26,2024-12-26 12:39:00,1599.96,1600.08,1599.96,1600.08,0.01,13.43,21555.57,1
2024-12-26,2024-12-26 12:40:00,1600.08,1600.2,1600.08,1600.2,0.01,13.43,21555.57,1
2024-12-26,2024-12-26 12:41:00,1600.2,1600.33,1600.2,1600.33,0.01,13.43,21555.57,1
2024-12-26,2024-12-26 12:42:00,1600.33,1600.45,1600.33,1600.45,0.01,13.43,21555.57,1
2024-12-26,2024-12-26 12:43:00,1600.45,1600.57,1600.45,1600.57,0.01,13.43,21555.57,1
2024-12-26,2024-12-26 12:44:00,1600.57,1600.69,1600.57,1600.69,0.01,13.43,21555.57,1
2024-12-26,2024-12-26 12:45:00,1600.69,1600.81,1600.69,1600.81,0.01,13.43,21555.57,1
2024-12-26,2024-12-26 12:46:00,1600.81,1600.93,1600.81,1600.93,0.01,13.43,21555.57,1
2024-12-26,2024-12-26 12:47:00,1600.93,1601.05,1600.93,1601.05,0.01,13.43,21555.57,1
2024-12-26,2024-12-26 12:48:00,1601.05,1601.17,1601.05,1601.17,0.01,13.43,21555.57,1
2024-12-26,2024-12-26 12:49:00,1601.17,1601.29,1601.17,1601.29,0.01,13.43,21555.57,1
2024-12-26,2024-12-26 12:50:00,1601.29,1601.41,1601.29,1601.41,0.01,13.43,21555.57,1
2024-12-26,2024-12-26 12:51:00,1601.41,1601.53,1601.41,1601.53,0.01,13.43,21555.57,1
2024-12-26,2024-12-26 12:52:00,1601.53,1601.65,1601.53,1601.65,0.01,13.43,21555.57,1
2024-12-26,2024-12-26 12:53:00,1601.65,1601.78,1601.65,1601.78,0.01,13.43,21555.57,1
2024-12-26,2024-12-26 12:54:00,1601.78,1601.9,1601.78,1601.9,0.01,13.43,21555.57,1
2024-12-26,2024-12-26 12:55:00,1601.9,1602.02,1601.9,1602.02,0.01,13.43,21555.57,1
2024-12-26,2024-12-26 12:56:00,1602.02,1602.14,1602.02,1602.14,0.01,13.43,21555.57,1
2024-12-26,2024-12-26 12:57:00,1602.14,1602.26,1602.14,1602.26,0.01,13.43,21555.57,1
2024-12-26,2024-12-26 12:58:00,1602.26,1602.38,1602.26,1602.38,0.01,13.43,21555.57,1
2024-12-26,2024-12-26 12:59:00,1602.38,1602.5,1602.38,1602.5,0.01,13.43,21555.57,1
2024-12-26,2024-12-26 13:00:00,1602.5,1650.0,1588.0,1602.62,0.01,13.43,21555.57,1
2024-12-26,2024-12-26 13:01:00,1602.62,1602.74,1602.62,1602.74,0.01,13.43,21555.57,1
2024-12-26,2024-12-26 13:02:00,1602.74,1602.86,1602.74,1602.86,0.01,13.43,21555.57,1
2024-12-26,2024-12-26 13:03:00,1602.86,1602.98,1602.86,1602.98,0.01,13.43,21555.57,1
2024-12-26,2024-12-26 13:04:00,1602.98,1603.1,1602.98,1603.1,0.01,13.43,21555.57,1
2024-12-26,2024-12-26 13:05:00,1603.1,1603.22,1603.1,1603.22,0.01,13.43,21555.57,1
2024-12-26,2024-12-26 13:06:00,1603.22,1603.35,1603.22,1603.35,0.01,13.43,21555.57,1
2024-12-26,2024-12-26 13:07:00,1603.35,1603.47,1603.35,1603.47,0.01,13.43,21555.57,1
2024-12-26,2024-12-26 13:08:00,1603.47,1603.59,1603.47,1603.59,0.01,13.43,21555.57,1
2024-12-26,2024-12-26 13:09:00,1603.59,1603.71,1603.59,1603.71,0.01,13.43,21555.57,1
2024-12-26,2024-12-26 13:10:00,1603.71,1603.83,1603.71,1603.83,0.01,13.43,21555.57,1
2024-12-26,2024-12-26 13:11:00,1603.83,1603.95,1603.83,1603.95,0.01,13.43,21555.57,1
2024-12-26,2024-12-26 13:12:00,1603.95,1604.07,1603.95,1604.07,0.01,13.43,21555.57,1
2024-12-26,2024-12-26 13:13:00,1604.07,1604.19,1604.07,1604.19,0.01,13.43,21555.57,1
2024-12-26,2024-12-26 13:14:00,1604.19,1604.31,1604.19,1604.31,0.01,13.43,21555.57,1
2024-12-26,2024-12-26 13:15:00,1604.31,1604.43,1604.31,1604.43,0.01,13.43,21555.57,1
2024-12-26,2024-12-26 13:16:00,1604.43,1604.55,1604.43,1604.55,0.01,13.43,21555.57,1
2024-12-26,2024-12-26 13:17:00,1604.55,1604.67,1604.55,1604.67,0.01,13.43,21555.57,1
2024-12-26,2024-12-26 13:18:00,1604.67,1604.8,1604.67,1604.8,0.01,13.43,21555.57,1
2024-12-26,2024-12-26 13:19:00,1604.8,1604.92,1604.8,1604.92,0.01,13.43,21555.57,1
2024-12-26,2024-12-26 13:20:00,1604.92,1605.04,1604.92,1605.04,0.01,13.43,21555.57,1
2024-12-26,2024-12-26 13:21:00,1605.04,1605.16,1605.04,1605.16,0.01,13.43,21555.57,1
2024-12-26,2024-12-26 13:22:00,1605.16,1605.28,1605.16,1605.28,0.01,13.43,21555.57,1
2024-12-26,2024-12-26 13:23:00,1605.28,1605.4,1605.28,1605.4,0.01,13.43,21555.57,1
2024-12-26,2024-12-26 13:24:00,1605.4,1605.52,1605.4,1605.52,0.01,13.43,21555.57,1
2024-12-26,2024-12-26 13:25:00,1605.52,1605.64,1605.52,1605.64,0.01,13.43,21555.57,1
2024-12-26,2024-12-26 13:26:00,1605.64,1605.76,1605.64,1605.76,0.01,13.43,21555.57,1
2024-12-26,2024-12-26 13:27:00,1605.76,1605.88,1605.76,1605.88,0.01,13.43,21555.57,1
2024-12-26,2024-12-26 13:28:00,1605.88,1606.0,1605.88,1606.0,0.01,13.43,21555.57,1
2024-12-26,2024-12-26 13:29:00,1606.0,1606.12,1606.0,1606.12,0.01,13.43,21555.57,1
2024-12-26,2024-12-26 13:30:00,1606.12,1606.25,1606.12,1606.25,0.01,13.43,21555.57,1
2024-12-26,2024-12-26 13:31:00,1606.25,1606.37,1606.25,1606.37,0.01,13.43,21555.57,1
2024-12-26,2024-12-26 13:32:00,1606.37,1606.49,1606.37,1606.49,0.01,13.43,21555.57,1
2024-12-26,2024-12-26 13:33:00,1606.49,1606.61,1606.49,1606.61,0.01,13.43,21555.57,1
2024-12-26,2024-12-26 13:34:00,1606.61,1606.73,1606.61,1606.73,0.01,13.43,21555.57,1
2024-12-26,2024-12-26 13:35:00,1606.73,1606.85,1606.73,1606.85,0.01,13.43,21555.57,1
2024-12-26,2024-12-26 13:36:00,1606.85,1606.97,1606.85,1606.97,0.01,13.43,21555.57,1
2024-12-26,2024-12-26 13:37:00,1606.97,1607.09,1606.97,1607.09,0.01,13.43,21555.57,1
2024-12-26,2024-12-26 13:38:00,1607.09,1607.21,1607.09,1607.21,0.01,13.43,21555.57,1
2024-12-26,2024-12-26 13:39:00,1607.21,1607.33,1607.21,1607.33,0.01,13.43,21555.57,1
2024-12-26,2024-12-26 13:40:00,1607.33,1607.45,1607.33,1607.45,0.01,13.43,21555.57,1
2024-12-26,2024-12-26 13:41:00,1607.45,1607.58,1607.45,1607.58,0.01,13.43,21555.57,1
2024-12-26,2024-12-26 13:42:00,1607.58,1607.7,1607.58,1607.7,0.01,13.43,21555.57,1
2024-12-26,2024-12-26 13:43:00,1607.7,1607.82,1607.7,1607.82,0.01,13.43,21555.57,1
2024-12-26,2024-12-26 13:44:00,1607.82,1607.94,1607.82,1607.94,0.01,13.43,21555.57,1
2024-12-26,2024-12-26 13:45:00,1607.94,1608.06,1607.94,1608.06,0.01,13.43,21555.57,1
2024-12-26,2024-12-26 13:46:00,1608.06,1608.18,1608.06,1608.18,0.01,13.43,21555.57,1
2024-12-26,2024-12-26 13:47:00,1608.18,1608.3,1608.18,1608.3,0.01,13.43,21555.57,1
2024-12-26,2024-12-26 13:48:00,1608.3,1608.42,1608.3,1608.42,0.01,13.43,21555.57,1
2024-12-26,2024-12-26 13:49:00,1608.42,1608.54,1608.42,1608.54,0.01,13.43,21555.57,1
2024-12-26,2024-12-26 13:50:00,1608.54,1608.66,1608.54,1608.66,0.01,13.43,21555.57,1
2024-12-26,2024-12-26 13:51:00,1608.66,1608.78,1608.66,1608.78,0.01,13.43,21555.57,1
2024-12-26,2024-12-26 13:52:00,1608.78,1608.9,1608.78,1608.9,0.01,13.43,21555.57,1
2024-12-26,2024-12-26 13:53:00,1608.9,1609.03,1608.9,1609.03,0.01,13.43,21555.57,1
2024-12-26,2024-12-26 13:54:00,1609.03,1609.15,1609.03,1609.15,0.01,13.43,21555.57,1
2024-12-26,2024-12-26 13:55:00,1609.15,1609.27,1609.15,1609.27,0.01,13.43,21555.57,1
2024-12-26,2024-12-26 13:56:00,1609.27,1609.39,1609.27,1609.39,0.01,13.43,21555.57,1
2024-12-26,2024-12-26 13:57:00,1609.39,1609.51,1609.39,1609.51,0.01,13.43,21555.57,1
2024-12-26,2024-12-26 13:58:00,1609.51,1609.63,1609.51,1609.63,0.01,13.43,21555.57,1
2024-12-26,2024-12-26 13:59:00,1609.63,1609.75,1609.63,1609.75,0.01,13.43,21555.57,1
2024-12-26,2024-12-26 14:00:00,1609.75,1609.87,1609.75,1609.87,0.01,13.43,21555.57,1
2024-12-26,2024-12-26 14:01:00,1609.87,1609.99,1609.87,1609.99,0.01,13.43,21555.57,1
2024-12-26,2024-12-26 14:02:00,1609.99,1610.11,1609.99,1610.11,0.01,13.43,21555.57,1
2024-12-26,2024-12-26 14:03:00,1610.11,1610.23,1610.11,1610.23,0.01,13.43,21555.57,1
2024-12-26,2024-12-26 14:04:00,1610.23,1610.35,1610.23,1610.35,0.01,13.43,21555.57,1
2024-12-26,2024-12-26 14:05:00,1610.35,1610.47,1610.35,1610.47,0.01,13.43,21555.57,1
2024-12-26,2024-12-26 14:06:00,1610.47,1610.6,1610.47,1610.6,0.01,13.43,21555.57,1
2024-12-26,2024-12-26 14:07:00,1610.6,1610.72,1610.6,1610.72,0.01,13.43,21555.57,1
2024-12-26,2024-12-26 14:08:00,1610.72,1610.84,1610.72,1610.84,0.01,13.43,21555.57,1
2024-12-26,2024-12-26 14:09:00,1610.84,1610.96,1610.84,1610.96,0.01,13.43,21555.57,1
2024-12-26,2024-12-26 14:10:00,1610.96,1611.08,1610.96,1611.08,0.01,13.43,21555.57,1
2024-12-26,2024-12-26 14:11:00,1611.08,1611.2,1611.08,1611.2,0.01,13.43,21555.57,1
2024-12-26,2024-12-26 14:12:00,1611.2,1611.32,1611.2,1611.32,0.01,13.43,21555.57,1
2024-12-26,2024-12-26 14:13:00,1611.32,1611.44,1611.32,1611.44,0.01,13.43,21555.57,1
2024-12-26,2024-12-26 14:14:00,1611.44,1611.56,1611.44,1611.56,0.01,13.43,21555.57,1
2024-12-26,2024-12-26 14:15:00,1611.56,1611.68,1611.56,1611.68,0.01,13.43,21555.57,1
2024-12-26,2024-12-26 14:16:00,1611.68,1611.8,1611.68,1611.8,0.01,13.43,21555.57,1
2024-12-26,2024-12-26 14:17:00,1611.8,1611.92,1611.8,1611.92,0.01,13.43,21555.57,1
2024-12-26,2024-12-26 14:18:00,1611.92,1612.05,1611.92,1612.05,0.01,13.43,21555.57,1
2024-12-26,2024-12-26 14:19:00,1612.05,1612.17,1612.05,1612.17,0.01,13.43,21555.57,1
2024-12-26,2024-12-26 14:20:00,1612.17,1612.29,1612.17,1612.29,0.01,13.43,21555.57,1
2024-12-26,2024-12-26 14:21:00,1612.29,1612.41,1612.29,1612.41,0.01,13.43,21555.57,1
2024-12-26,2024-12-26 14:22:00,1612.41,1612.53,1612.41,1612.53,0.01,13.43,21555.57,1
2024-12-26,2024-12-26 14:23:00,1612.53,1612.65,1612.53,1612.65,0.01,13.43,21555.57,1
2024-12-26,2024-12-26 14:24:00,1612.65,1612.77,1612.65,1612.77,0.01,13.43,21555.57,1
2024-12-26,2024-12-26 14:25:00,1612.77,1612.89,1612.77,1612.89,0.01,13.43,21555.57,1
2024-12-26,2024-12-26 14:26:00,1612.89,1613.01,1612.89,1613.01,0.01,13.43,21555.57,1
2024-12-26,2024-12-26 14:27:00,1613.01,1613.13,1613.01,1613.13,0.01,13.43,21555.57,1
2024-12-26,2024-12-26 14:28:00,1613.13,1613.25,1613.13,1613.25,0.01,13.43,21555.57,1
2024-12-26,2024-12-26 14:29:00,1613.25,1613.38,1613.25,1613.38,0.01,13.43,21555.57,1
2024-12-26,2024-12-26 14:30:00,1613.38,1613.5,1613.38,1613.5,0.01,13.43,21555.57,1
2024-12-26,2024-12-26 14:31:00,1613.5,1613.62,1613.5,1613.62,0.01,13.43,21555.57,1
2024-12-26,2024-12-26 14:32:00,1613.62,1613.74,1613.62,1613.74,0.01,13.43,21555.57,1
2024-12-26,2024-12-26 14:33:00,1613.74,1613.86,1613.74,1613.86,0.01,13.43,21555.57,1
2024-12-26,2024-12-26 14:34:00,1613.86,1613.98,1613.86,1613.98,0.01,13.43,21555.57,1
2024-12-26,2024-12-26 14:35:00,1613.98,1614.1,1613.98,1614.1,0.01,13.43,21555.57,1
2024-12-26,2024-12-26 14:36:00,1614.1,1614.22,1614.1,1614.22,0.01,13.43,21555.57,1
2024-12-26,2024-12-26 14:37:00,1614.22,1614.34,1614.22,1614.34,0.01,13.43,21555.57,1
2024-12-26,2024-12-26 14:38:00,1614.34,1614.46,1614.34,1614.46,0.01,13.43,21555.57,1
2024-12-26,2024-12-26 14:39:00,1614.46,1614.58,1614.46,1614.58,0.01,13.43,21555.57,1
2024-12-26,2024-12-26 14:40:00,1614.58,1614.7,1614.58,1614.7,0.01,13.43,21555.57,1
2024-12-26,2024-12-26 14:41:00,1614.7,1614.83,1614.7,1614.83,0.01,13.43,21555.57,1
2024-12-26,2024-12-26 14:42:00,1614.83,1614.95,1614.83,1614.95,0.01,13.43,21555.57,1
2024-12-26,2024-12-26 14:43:00,1614.95,1615.07,1614.95,1615.07,0.01,13.43,21555.57,1
2024-12-26,2024-12-26 14:44:00,1615.07,1615.19,1615.07,1615.19,0.01,13.43,21555.57,1
2024-12-26,2024-12-26 14:45:00,1615.19,1615.31,1615.19,1615.31,0.01,13.43,21555.57,1
2024-12-26,2024-12-26 14:46:00,1615.31,1615.43,1615.31,1615.43,0.01,13.43,21555.57,1
2024-12-26,2024-12-26 14:47:00,1615.43,1615.55,1615.43,1615.55,0.01,13.43,21555.57,1
2024-12-26,2024-12-26 14:48:00,1615.55,1615.67,1615.55,1615.67,0.01,13.43,21555.57,1
2024-12-26,2024-12-26 14:49:00,1615.67,1615.79,1615.67,1615.79,0.01,13.43,21555.57,1
2024-12-26,2024-12-26 14:50:00,1615.79,1615.91,1615.79,1615.91,0.01,13.43,21555.57,1
2024-12-26,2024-12-26 14:51:00,1615.91,1616.03,1615.91,1616.03,0.01,13.43,21555.57,1
2024-12-26,2024-12-26 14:52:00,1616.03,1616.15,1616.03,1616.15,0.01,13.43,21555.57,1
2024-12-26,2024-12-26 14:53:00,1616.15,1616.28,1616.15,1616.28,0.01,13.43,21555.57,1
2024-12-26,2024-12-26 14:54:00,1616.28,1616.4,1616.28,1616.4,0.01,13.43,21555.57,1
2024-12-26,2024-12-26 14:55:00,1616.4,1616.52,1616.4,1616.52,0.01,13.43,21555.57,1
2024-12-26,2024-12-26 14:56:00,1616.52,1616.64,1616.52,1616.64,0.01,13.43,21555.57,1
2024-12-26,2024-12-26 14:57:00,1616.64,1616.76,1616.64,1616.76,0.01,13.43,21555.57,1
2024-12-26,2024-12-26 14:58:00,1616.76,1616.88,1616.76,1616.88,0.01,13.43,21555.57,1
2024-12-26,2024-12-26 14:59:00,1616.88,1617.0,1616.88,1617.0,0.01,13.43,21555.57,1
2024-12-26,2024-12-26 15:00:00,1617.0,1650.0,1588.0,1617.0,0.0,13.43,21555.57,0
2024-12-29,2024-12-29 11:00:00,1584.7,1622.44,1582.39,1584.97,0.02,43.21,70634.66,1
2024-12-29,2024-12-29 11:01:00,1584.97,1585.24,1584.97,1585.24,0.02,43.21,70634.66,1
2024-12-29,2024-12-29 11:02:00,1585.24,1585.52,1585.24,1585.52,0.02,43.21,70634.66,1
2024-12-29,2024-12-29 11:03:00,1585.52,1585.79,1585.52,1585.79,0.02,43.21,70634.66,1
2024-12-29,2024-12-29 11:04:00,1585.79,1586.06,1585.79,1586.06,0.02,43.21,70634.66,1
2024-12-29,2024-12-29 11:05:00,1586.06,1586.33,1586.06,1586.33,0.02,43.21,70634.66,1
2024-12-29,2024-12-29 11:06:00,1586.33,1586.6,1586.33,1586.6,0.02,43.21,70634.66,1
2024-12-29,2024-12-29 11:07:00,1586.6,1586.88,1586.6,1586.88,0.02,43.21,70634.66,1
2024-12-29,2024-12-29 11:08:00,1586.88,1587.15,1586.88,1587.15,0.02,43.21,70634.66,1
2024-12-29,2024-12-29 11:09:00,1587.15,1587.42,1587.15,1587.42,0.02,43.21,70634.66,1
2024-12-29,2024-12-29 11:10:00,1587.42,1587.69,1587.42,1587.69,0.02,43.21,70634.66,1
2024-12-29,2024-12-29 11:11:00,1587.69,1587.97,1587.69,1587.97,0.02,43.21,70634.66,1
2024-12-29,2024-12-29 11:12:00,1587.97,1588.24,1587.97,1588.24,0.02,43.21,70634.66,1
2024-12-29,2024-12-29 11:13:00,1588.24,1588.51,1588.24,1588.51,0.02,43.21,70634.66,1
2024-12-29,2024-12-29 11:14:00,1588.51,1588.78,1588.51,1588.78,0.02,43.21,70634.66,1
2024-12-29,2024-12-29 11:15:00,1588.78,1589.05,1588.78,1589.05,0.02,43.21,70634.66,1
2024-12-29,2024-12-29 11:16:00,1589.05,1589.33,1589.05,1589.33,0.02,43.21,70634.66,1
2024-12-29,2024-12-29 11:17:00,1589.33,1589.6,1589.33,1589.6,0.02,43.21,70634.66,1
2024-12-29,2024-12-29 11:18:00,1589.6,1589.87,1589.6,1589.87,0.02,43.21,70634.66,1
2024-12-29,2024-12-29 11:19:00,1589.87,1590.14,1589.87,1590.14,0.02,43.21,70634.66,1
2024-12-29,2024-12-29 11:20:00,1590.14,1590.41,1590.14,1590.41,0.02,43.21,70634.66,1
2024-12-29,2024-12-29 11:21:00,1590.41,1590.69,1590.41,1590.69,0.02,43.21,70634.66,1
2024-12-29,2024-12-29 11:22:00,1590.69,1590.96,1590.69,1590.96,0.02,43.21,70634.66,1
2024-12-29,2024-12-29 11:23:00,1590.96,1591.23,1590.96,1591.23,0.02,43.21,70634.66,1
2024-12-29,2024-12-29 11:24:00,1591.23,1591.5,1591.23,1591.5,0.02,43.21,70634.66,1
2024-12-29,2024-12-29 11:25:00,1591.5,1591.77,1591.5,1591.77,0.02,43.21,70634.66,1
2024-12-29,2024-12-29 11:26:00,1591.77,1592.05,1591.77,1592.05,0.02,43.21,70634.66,1
2024-12-29,2024-12-29 11:27:00,1592.05,1592.32,1592.05,1592.32,0.02,43.21,70634.66,1
2024-12-29,2024-12-29 11:28:00,1592.32,1592.59,1592.32,1592.59,0.02,43.21,70634.66,1
2024-12-29,2024-12-29 11:29:00,1592.59,1592.86,1592.59,1592.86,0.02,43.21,70634.66,1
2024-12-29,2024-12-29 11:30:00,1592.86,1593.13,1592.86,1593.13,0.02,43.21,70634.66,1
2024-12-29,2024-12-29 11:31:00,1593.13,1593.41,1593.13,1593.41,0.02,43.21,70634.66,1
2024-12-29,2024-12-29 11:32:00,1593.41,1593.68,1593.41,1593.68,0.02,43.21,70634.66,1
2024-12-29,2024-12-29 11:33:00,1593.68,1593.95,1593.68,1593.95,0.02,43.21,70634.66,1
2024-12-29,2024-12-29 11:34:00,1593.95,1594.22,1593.95,1594.22,0.02,43.21,70634.66,1
2024-12-29,2024-12-29 11:35:00,1594.22,1594.5,1594.22,1594.5,0.02,43.21,70634.66,1
2024-12-29,2024-12-29 11:36:00,1594.5,1594.77,1594.5,1594.77,0.02,43.21,70634.66,1
2024-12-29,2024-12-29 11:37:00,1594.77,1595.04,1594.77,1595.04,0.02,43.21,70634.66,1
2024-12-29,2024-12-29 11:38:00,1595.04,1595.31,1595.04,1595.31,0.02,43.21,70634.66,1
2024-12-29,2024-12-29 11:39:00,1595.31,1595.58,1595.31,1595.58,0.02,43.21,70634.66,1
2024-12-29,2024-12-29 11:40:00,1595.58,1595.86,1595.58,1595.86,0.02,43.21,70634.66,1
2024-12-29,2024-12-29 11:41:00,1595.86,1596.13,1595.86,1596.13,0.02,43.21,70634.66,1
2024-12-29,2024-12-29 11:42:00,1596.13,1596.4,1596.13,1596.4,0.02,43.21,70634.66,1
2024-12-29,2024-12-29 11:43:00,1596.4,1596.67,1596.4,1596.67,0.02,43.21,70634.66,1
2024-12-29,2024-12-29 11:44:00,1596.67,1596.94,1596.67,1596.94,0.02,43.21,70634.66,1
2024-12-29,2024-12-29 11:45:00,1596.94,1597.22,1596.94,1597.22,0.02,43.21,70634.66,1
2024-12-29,2024-12-29 11:46:00,1597.22,1597.49,1597.22,1597.49,0.02,43.21,70634.66,1
2024-12-29,2024-12-29 11:47:00,1597.49,1597.76,1597.49,1597.76,0.02,43.21,70634.66,1
2024-12-29,2024-12-29 11:48:00,1597.76,1598.03,1597.76,1598.03,0.02,43.21,70634.66,1
2024-12-29,2024-12-29 11:49:00,1598.03,1598.3,1598.03,1598.3,0.02,43.21,70634.66,1
2024-12-29,2024-12-29 11:50:00,1598.3,1598.58,1598.3,1598.58,0.02,43.21,70634.66,1
2024-12-29,2024-12-29 11:51:00,1598.58,1598.85,1598.58,1598.85,0.02,43.21,70634.66,1
2024-12-29,2024-12-29 11:52:00,1598.85,1599.12,1598.85,1599.12,0.02,43.21,70634.66,1
2024-12-29,2024-12-29 11:53:00,1599.12,1599.39,1599.12,1599.39,0.02,43.21,70634.66,1
2024-12-29,2024-12-29 11:54:00,1599.39,1599.66,1599.39,1599.66,0.02,43.21,70634.66,1
2024-12-29,2024-12-29 11:55:00,1599.66,1599.94,1599.66,1599.94,0.02,43.21,70634.66,1
2024-12-29,2024-12-29 11:56:00,1599.94,1600.21,1599.94,1600.21,0.02,43.21,70634.66,1
2024-12-29,2024-12-29 11:57:00,1600.21,1600.48,1600.21,1600.48,0.02,43.21,70634.66,1
2024-12-29,2024-12-29 11:58:00,1600.48,1600.75,1600.48,1600.75,0.02,43.21,70634.66,1
2024-12-29,2024-12-29 11:59:00,1600.75,1601.03,1600.75,1601.03,0.02,43.21,70634.66,1
2024-12-29,2024-12-29 12:00:00,1601.03,1601.3,1601.03,1601.3,0.02,43.21,70634.66,1
2024-12-29,2024-12-29 12:01:00,1601.3,1601.57,1601.3,1601.57,0.02,43.21,70634.66,1
2024-12-29,2024-12-29 12:02:00,1601.57,1601.84,1601.57,1601.84,0.02,43.21,70634.66,1
2024-12-29,2024-12-29 12:03:00,1601.84,1602.11,1601.84,1602.11,0.02,43.21,70634.66,1
2024-12-29,2024-12-29 12:04:00,1602.11,1602.39,1602.11,1602.39,0.02,43.21,70634.66,1
2024-12-29,2024-12-29 12:05:00,1602.39,1602.66,1602.39,1602.66,0.02,43.21,70634.66,1
2024-12-29,2024-12-29 12:06:00,1602.66,1602.93,1602.66,1602.93,0.02,43.21,70634.66,1
2024-12-29,2024-12-29 12:07:00,1602.93,1603.2,1602.93,1603.2,0.02,43.21,70634.66,1
2024-12-29,2024-12-29 12:08:00,1603.2,1603.47,1603.2,1603.47,0.02,43.21,70634.66,1
2024-12-29,2024-12-29 12:09:00,1603.47,1603.75,1603.47,1603.75,0.02,43.21,70634.66,1
2024-12-29,2024-12-29 12:10:00,1603.75,1604.02,1603.75,1604.02,0.02,43.21,70634.66,1
2024-12-29,2024-12-29 12:11:00,1604.02,1604.29,1604.02,1604.29,0.02,43.21,70634.66,1
2024-12-29,2024-12-29 12:12:00,1604.29,1604.56,1604.29,1604.56,0.02,43.21,70634.66,1
2024-12-29,2024-12-29 12:13:00,1604.56,1604.83,1604.56,1604.83,0.02,43.21,70634.66,1
2024-12-29,2024-12-29 12:14:00,1604.83,1605.11,1604.83,1605.11,0.02,43.21,70634.66,1
2024-12-29,2024-12-29 12:15:00,1605.11,1605.38,1605.11,1605.38,0.02,43.21,70634.66,1
2024-12-29,2024-12-29 12:16:00,1605.38,1605.65,1605.38,1605.65,0.02,43.21,70634.66,1
2024-12-29,2024-12-29 12:17:00,1605.65,1605.92,1605.65,1605.92,0.02,43.21,70634.66,1
2024-12-29,2024-12-29 12:18:00,1605.92,1606.19,1605.92,1606.19,0.02,43.21,70634.66,1
2024-12-29,2024-12-29 12:19:00,1606.19,1606.47,1606.19,1606.47,0.02,43.21,70634.66,1
2024-12-29,2024-12-29 12:20:00,1606.47,1606.74,1606.47,1606.74,0.02,43.21,70634.66,1
2024-12-29,2024-12-29 12:21:00,1606.74,1607.01,1606.74,1607.01,0.02,43.21,70634.66,1
2024-12-29,2024-12-29 12:22:00,1607.01,1607.28,1607.01,1607.28,0.02,43.21,70634.66,1
2024-12-29,2024-12-29 12:23:00,1607.28,1607.56,1607.28,1607.56,0.02,43.21,70634.66,1
2024-12-29,2024-12-29 12:24:00,1607.56,1607.83,1607.56,1607.83,0.02,43.21,70634.66,1
2024-12-29,2024-12-29 12:25:00,1607.83,1608.1,1607.83,1608.1,0.02,43.21,70634.66,1
2024-12-29,2024-12-29 12:26:00,1608.1,1608.37,1608.1,1608.37,0.02,43.21,70634.66,1
2024-12-29,2024-12-29 12:27:00,1608.37,1608.64,1608.37,1608.64,0.02,43.21,70634.66,1
2024-12-29,2024-12-29 12:28:00,1608.64,1608.92,1608.64,1608.92,0.02,43.21,70634.66,1
2024-12-29,2024-12-29 12:29:00,1608.92,1609.19,1608.92,1609.19,0.02,43.21,70634.66,1
2024-12-29,2024-12-29 12:30:00,1609.19,1609.46,1609.19,1609.46,0.02,43.21,70634.66,1
2024-12-29,2024-12-29 12:31:00,1609.46,1609.73,1609.46,1609.73,0.02,43.21,70634.66,1
2024-12-29,2024-12-29 12:32:00,1609.73,1610.0,1609.73,1610.0,0.02,43.21,70634.66,1
2024-12-29,2024-12-29 12:33:00,1610.0,1610.28,1610.0,1610.28,0.02,43.21,70634.66,1
2024-12-29,2024-12-29 12:34:00,1610.28,1610.55,1610.28,1610.55,0.02,43.21,70634.66,1
2024-12-29,2024-12-29 12:35:00,1610.55,1610.82,1610.55,1610.82,0.02,43.21,70634.66,1
2024-12-29,2024-12-29 12:36:00,1610.82,1611.09,1610.82,1611.09,0.02,43.21,70634.66,1
2024-12-29,2024-12-29 12:37:00,1611.09,1611.36,1611.09,1611.36,0.02,43.21,70634.66,1
2024-12-29,2024-12-29 12:38:00,1611.36,1611.64,1611.36,1611.64,0.02,43.21,70634.66,1
2024-12-29,2024-12-29 12:39:00,1611.64,1611.91,1611.64,1611.91,0.02,43.21,70634.66,1
2024-12-29,2024-12-29 12:40:00,1611.91,1612.18,1611.91,1612.18,0.02,43.21,70634.66,1
2024-12-29,2024-12-29 12:41:00,1612.18,1612.45,1612.18,1612.45,0.02,43.21,70634.66,1
2024-12-29,2024-12-29 12:42:00,1612.45,1612.72,1612.45,1612.72,0.02,43.21,70634.66,1
2024-12-29,2024-12-29 12:43:00,1612.72,1613.0,1612.72,1613.0,0.02,43.21,70634.66,1
2024-12-29,2024-12-29 12:44:00,1613.0,1613.27,1613.0,1613.27,0.02,43.21,70634.66,1
2024-12-29,2024-12-29 12:45:00,1613.27,1613.54,1613.27,1613.54,0.02,43.21,70634.66,1
2024-12-29,2024-12-29 12:46:00,1613.54,1613.81,1613.54,1613.81,0.02,43.21,70634.66,1
2024-12-29,2024-12-29 12:47:00,1613.81,1614.09,1613.81,1614.09,0.02,43.21,70634.66,1
2024-12-29,2024-12-29 12:48:00,1614.09,1614.36,1614.09,1614.36,0.02,43.21,70634.66,1
2024-12-29,2024-12-29 12:49:00,1614.36,1614.63,1614.36,1614.63,0.02,43.21,70634.66,1
2024-12-29,2024-12-29 12:50:00,1614.63,1614.9,1614.63,1614.9,0.02,43.21,70634.66,1
2024-12-29,2024-12-29 12:51:00,1614.9,1615.17,1614.9,1615.17,0.02,43.21,70634.66,1
2024-12-29,2024-12-29 12:52:00,1615.17,1615.45,1615.17,1615.45,0.02,43.21,70634.66,1
2024-12-29,2024-12-29 12:53:00,1615.45,1615.72,1615.45,1615.72,0.02,43.21,70634.66,1
2024-12-29,2024-12-29 12:54:00,1615.72,1615.99,1615.72,1615.99,0.02,43.21,70634.66,1
2024-12-29,2024-12-29 12:55:00,1615.99,1616.26,1615.99,1616.26,0.02,43.21,70634.66,1
2024-12-29,2024-12-29 12:56:00,1616.26,1616.53,1616.26,1616.53,0.02,43.21,70634.66,1
2024-12-29,2024-12-29 12:57:00,1616.53,1616.81,1616.53,1616.81,0.02,43.21,70634.66,1
2024-12-29,2024-12-29 12:58:00,1616.81,1617.08,1616.81,1617.08,0.02,43.21,70634.66,1
2024-12-29,2024-12-29 12:59:00,1617.08,1617.35,1617.08,1617.35,0.02,43.21,70634.66,1
2024-12-29,2024-12-29 13:00:00,1617.35,1710.5,1577.0,1617.62,0.02,43.21,70634.66,1
2024-12-29,2024-12-29 13:01:00,1617.62,1617.89,1617.62,1617.89,0.02,43.21,70634.66,1
2024-12-29,2024-12-29 13:02:00,1617.89,1618.17,1617.89,1618.17,0.02,43.21,70634.66,1
2024-12-29,2024-12-29 13:03:00,1618.17,1618.44,1618.17,1618.44,0.02,43.21,70634.66,1
2024-12-29,2024-12-29 13:04:00,1618.44,1618.71,1618.44,1618.71,0.02,43.21,70634.66,1
2024-12-29,2024-12-29 13:05:00,1618.71,1618.98,1618.71,1618.98,0.02,43.21,70634.66,1
2024-12-29,2024-12-29 13:06:00,1618.98,1619.25,1618.98,1619.25,0.02,43.21,70634.66,1
2024-12-29,2024-12-29 13:07:00,1619.25,1619.53,1619.25,1619.53,0.02,43.21,70634.66,1
2024-12-29,2024-12-29 13:08:00,1619.53,1619.8,1619.53,1619.8,0.02,43.21,70634.66,1
2024-12-29,2024-12-29 13:09:00,1619.8,1620.07,1619.8,1620.07,0.02,43.21,70634.66,1
2024-12-29,2024-12-29 13:10:00,1620.07,1620.34,1620.07,1620.34,0.02,43.21,70634.66,1
2024-12-29,2024-12-29 13:11:00,1620.34,1620.62,1620.34,1620.62,0.02,43.21,70634.66,1
2024-12-29,2024-12-29 13:12:00,1620.62,1620.89,1620.62,1620.89,0.02,43.21,70634.66,1
2024-12-29,2024-12-29 13:13:00,1620.89,1621.16,1620.89,1621.16,0.02,43.21,70634.66,1
2024-12-29,2024-12-29 13:14:00,1621.16,1621.43,1621.16,1621.43,0.02,43.21,70634.66,1
2024-12-29,2024-12-29 13:15:00,1621.43,1621.7,1621.43,1621.7,0.02,43.21,70634.66,1
2024-12-29,2024-12-29 13:16:00,1621.7,1621.98,1621.7,1621.98,0.02,43.21,70634.66,1
2024-12-29,2024-12-29 13:17:00,1621.98,1622.25,1621.98,1622.25,0.02,43.21,70634.66,1
2024-12-29,2024-12-29 13:18:00,1622.25,1622.52,1622.25,1622.52,0.02,43.21,70634.66,1
2024-12-29,2024-12-29 13:19:00,1622.52,1622.79,1622.52,1622.79,0.02,43.21,70634.66,1
2024-12-29,2024-12-29 13:20:00,1622.79,1623.06,1622.79,1623.06,0.02,43.21,70634.66,1
2024-12-29,2024-12-29 13:21:00,1623.06,1623.34,1623.06,1623.34,0.02,43.21,70634.66,1
2024-12-29,2024-12-29 13:22:00,1623.34,1623.61,1623.34,1623.61,0.02,43.21,70634.66,1
2024-12-29,2024-12-29 13:23:00,1623.61,1623.88,1623.61,1623.88,0.02,43.21,70634.66,1
2024-12-29,2024-12-29 13:24:00,1623.88,1624.15,1623.88,1624.15,0.02,43.21,70634.66,1
2024-12-29,2024-12-29 13:25:00,1624.15,1624.42,1624.15,1624.42,0.02,43.21,70634.66,1
2024-12-29,2024-12-29 13:26:00,1624.42,1624.7,1624.42,1624.7,0.02,43.21,70634.66,1
2024-12-29,2024-12-29 13:27:00,1624.7,1624.97,1624.7,1624.97,0.02,43.21,70634.66,1
2024-12-29,2024-12-29 13:28:00,1624.97,1625.24,1624.97,1625.24,0.02,43.21,70634.66,1
2024-12-29,2024-12-29 13:29:00,1625.24,1625.51,1625.24,1625.51,0.02,43.21,70634.66,1
2024-12-29,2024-12-29 13:30:00,1625.51,1625.78,1625.51,1625.78,0.02,43.21,70634.66,1
2024-12-29,2024-12-29 13:31:00,1625.78,1626.06,1625.78,1626.06,0.02,43.21,70634.66,1
2024-12-29,2024-12-29 13:32:00,1626.06,1626.33,1626.06,1626.33,0.02,43.21,70634.66,1
2024-12-29,2024-12-29 13:33:00,1626.33,1626.6,1626.33,1626.6,0.02,43.21,70634.66,1
2024-12-29,2024-12-29 13:34:00,1626.6,1626.87,1626.6,1626.87,0.02,43.21,70634.66,1
2024-12-29,2024-12-29 13:35:00,1626.87,1627.14,1626.87,1627.14,0.02,43.21,70634.66,1
2024-12-29,2024-12-29 13:36:00,1627.14,1627.42,1627.14,1627.42,0.02,43.21,70634.66,1
2024-12-29,2024-12-29 13:37:00,1627.42,1627.69,1627.42,1627.69,0.02,43.21,70634.66,1
2024-12-29,2024-12-29 13:38:00,1627.69,1627.96,1627.69,1627.96,0.02,43.21,70634.66,1
2024-12-29,2024-12-29 13:39:00,1627.96,1628.23,1627.96,1628.23,0.02,43.21,70634.66,1
2024-12-29,2024-12-29 13:40:00,1628.23,1628.51,1628.23,1628.51,0.02,43.21,70634.66,1
2024-12-29,2024-12-29 13:41:00,1628.51,1628.78,1628.51,1628.78,0.02,43.21,70634.66,1
2024-12-29,2024-12-29 13:42:00,1628.78,1629.05,1628.78,1629.05,0.02,43.21,70634.66,1
2024-12-29,2024-12-29 13:43:00,1629.05,1629.32,1629.05,1629.32,0.02,43.21,70634.66,1
2024-12-29,2024-12-29 13:44:00,1629.32,1629.59,1629.32,1629.59,0.02,43.21,70634.66,1
2024-12-29,2024-12-29 13:45:00,1629.59,1629.87,1629.59,1629.87,0.02,43.21,70634.66,1
2024-12-29,2024-12-29 13:46:00,1629.87,1630.14,1629.87,1630.14,0.02,43.21,70634.66,1
2024-12-29,2024-12-29 13:47:00,1630.14,1630.41,1630.14,1630.41,0.02,43.21,70634.66,1
2024-12-29,2024-12-29 13:48:00,1630.41,1630.68,1630.41,1630.68,0.02,43.21,70634.66,1
2024-12-29,2024-12-29 13:49:00,1630.68,1630.95,1630.68,1630.95,0.02,43.21,70634.66,1
2024-12-29,2024-12-29 13:50:00,1630.95,1631.23,1630.95,1631.23,0.02,43.21,70634.66,1
2024-12-29,2024-12-29 13:51:00,1631.23,1631.5,1631.23,1631.5,0.02,43.21,70634.66,1
2024-12-29,2024-12-29 13:52:00,1631.5,1631.77,1631.5,1631.77,0.02,43.21,70634.66,1
2024-12-29,2024-12-29 13:53:00,1631.77,1632.04,1631.77,1632.04,0.02,43.21,70634.66,1
2024-12-29,2024-12-29 13:54:00,1632.04,1632.31,1632.04,1632.31,0.02,43.21,70634.66,1
2024-12-29,2024-12-29 13:55:00,1632.31,1632.59,1632.31,1632.59,0.02,43.21,70634.66,1
2024-12-29,2024-12-29 13:56:00,1632.59,1632.86,1632.59,1632.86,0.02,43.21,70634.66,1
2024-12-29,2024-12-29 13:57:00,1632.86,1633.13,1632.86,1633.13,0.02,43.21,70634.66,1
2024-12-29,2024-12-29 13:58:00,1633.13,1633.4,1633.13,1633.4,0.02,43.21,70634.66,1
2024-12-29,2024-12-29 13:59:00,1633.4,1633.67,1633.4,1633.67,0.02,43.21,70634.66,1
2024-12-29,2024-12-29 14:00:00,1633.67,1633.95,1633.67,1633.95,0.02,43.21,70634.66,1
2024-12-29,2024-12-29 14:01:00,1633.95,1634.22,1633.95,1634.22,0.02,43.21,70634.66,1
2024-12-29,2024-12-29 14:02:00,1634.22,1634.49,1634.22,1634.49,0.02,43.21,70634.66,1
2024-12-29,2024-12-29 14:03:00,1634.49,1634.76,1634.49,1634.76,0.02,43.21,70634.66,1
2024-12-29,2024-12-29 14:04:00,1634.76,1635.04,1634.76,1635.04,0.02,43.21,70634.66,1
2024-12-29,2024-12-29 14:05:00,1635.04,1635.31,1635.04,1635.31,0.02,43.21,70634.66,1
2024-12-29,2024-12-29 14:06:00,1635.31,1635.58,1635.31,1635.58,0.02,43.21,70634.66,1
2024-12-29,2024-12-29 14:07:00,1635.58,1635.85,1635.58,1635.85,0.02,43.21,70634.66,1
2024-12-29,2024-12-29 14:08:00,1635.85,1636.12,1635.85,1636.12,0.02,43.21,70634.66,1
2024-12-29,2024-12-29 14:09:00,1636.12,1636.4,1636.12,1636.4,0.02,43.21,70634.66,1
2024-12-29,2024-12-29 14:10:00,1636.4,1636.67,1636.4,1636.67,0.02,43.21,70634.66,1
2024-12-29,2024-12-29 14:11:00,1636.67,1636.94,1636.67,1636.94,0.02,43.21,70634.66,1
2024-12-29,2024-12-29 14:12:00,1636.94,1637.21,1636.94,1637.21,0.02,43.21,70634.66,1
2024-12-29,2024-12-29 14:13:00,1637.21,1637.48,1637.21,1637.48,0.02,43.21,70634.66,1
2024-12-29,2024-12-29 14:14:00,1637.48,1637.76,1637.48,1637.76,0.02,43.21,70634.66,1
2024-12-29,2024-12-29 14:15:00,1637.76,1638.03,1637.76,1638.03,0.02,43.21,70634.66,1
2024-12-29,2024-12-29 14:16:00,1638.03,1638.3,1638.03,1638.3,0.02,43.21,70634.66,1
2024-12-29,2024-12-29 14:17:00,1638.3,1638.57,1638.3,1638.57,0.02,43.21,70634.66,1
2024-12-29,2024-12-29 14:18:00,1638.57,1638.84,1638.57,1638.84,0.02,43.21,70634.66,1
2024-12-29,2024-12-29 14:19:00,1638.84,1639.12,1638.84,1639.12,0.02,43.21,70634.66,1
2024-12-29,2024-12-29 14:20:00,1639.12,1639.39,1639.12,1639.39,0.02,43.21,70634.66,1
2024-12-29,2024-12-29 14:21:00,1639.39,1639.66,1639.39,1639.66,0.02,43.21,70634.66,1
2024-12-29,2024-12-29 14:22:00,1639.66,1639.93,1639.66,1639.93,0.02,43.21,70634.66,1
2024-12-29,2024-12-29 14:23:00,1639.93,1640.2,1639.93,1640.2,0.02,43.21,70634.66,1
2024-12-29,2024-12-29 14:24:00,1640.2,1640.48,1640.2,1640.48,0.02,43.21,70634.66,1
2024-12-29,2024-12-29 14:25:00,1640.48,1640.75,1640.48,1640.75,0.02,43.21,70634.66,1
2024-12-29,2024-12-29 14:26:00,1640.75,1641.02,1640.75,1641.02,0.02,43.21,70634.66,1
2024-12-29,2024-12-29 14:27:00,1641.02,1641.29,1641.02,1641.29,0.02,43.21,70634.66,1
2024-12-29,2024-12-29 14:28:00,1641.29,1641.57,1641.29,1641.57,0.02,43.21,70634.66,1
2024-12-29,2024-12-29 14:29:00,1641.57,1641.84,1641.57,1641.84,0.02,43.21,70634.66,1
2024-12-29,2024-12-29 14:30:00,1641.84,1642.11,1641.84,1642.11,0.02,43.21,70634.66,1
2024-12-29,2024-12-29 14:31:00,1642.11,1642.38,1642.11,1642.38,0.02,43.21,70634.66,1
2024-12-29,2024-12-29 14:32:00,1642.38,1642.65,1642.38,1642.65,0.02,43.21,70634.66,1
2024-12-29,2024-12-29 14:33:00,1642.65,1642.93,1642.65,1642.93,0.02,43.21,70634.66,1
2024-12-29,2024-12-29 14:34:00,1642.93,1643.2,1642.93,1643.2,0.02,43.21,70634.66,1
2024-12-29,2024-12-29 14:35:00,1643.2,1643.47,1643.2,1643.47,0.02,43.21,70634.66,1
2024-12-29,2024-12-29 14:36:00,1643.47,1643.74,1643.47,1643.74,0.02,43.21,70634.66,1
2024-12-29,2024-12-29 14:37:00,1643.74,1644.01,1643.74,1644.01,0.02,43.21,70634.66,1
2024-12-29,2024-12-29 14:38:00,1644.01,1644.29,1644.01,1644.29,0.02,43.21,70634.66,1
2024-12-29,2024-12-29 14:39:00,1644.29,1644.56,1644.29,1644.56,0.02,43.21,70634.66,1
2024-12-29,2024-12-29 14:40:00,1644.56,1644.83,1644.56,1644.83,0.02,43.21,70634.66,1
2024-12-29,2024-12-29 14:41:00,1644.83,1645.1,1644.83,1645.1,0.02,43.21,70634.66,1
2024-12-29,2024-12-29 14:42:00,1645.1,1645.37,1645.1,1645.37,0.02,43.21,70634.66,1
2024-12-29,2024-12-29 14:43:00,1645.37,1645.65,1645.37,1645.65,0.02,43.21,70634.66,1
2024-12-29,2024-12-29 14:44:00,1645.65,1645.92,1645.65,1645.92,0.02,43.21,70634.66,1
2024-12-29,2024-12-29 14:45:00,1645.92,1646.19,1645.92,1646.19,0.02,43.21,70634.66,1
2024-12-29,2024-12-29 14:46:00,1646.19,1646.46,1646.19,1646.46,0.02,43.21,70634.66,1
2024-12-29,2024-12-29 14:47:00,1646.46,1646.73,1646.46,1646.73,0.02,43.21,70634.66,1
2024-12-29,2024-12-29 14:48:00,1646.73,1647.01,1646.73,1647.01,0.02,43.21,70634.66,1
2024-12-29,2024-12-29 14:49:00,1647.01,1647.28,1647.01,1647.28,0.02,43.21,70634.66,1
2024-12-29,2024-12-29 14:50:00,1647.28,1647.55,1647.28,1647.55,0.02,43.21,70634.66,1
2024-12-29,2024-12-29 14:51:00,1647.55,1647.82,1647.55,1647.82,0.02,43.21,70634.66,1
2024-12-29,2024-12-29 14:52:00,1647.82,1648.1,1647.82,1648.1,0.02,43.21,70634.66,1
2024-12-29,2024-12-29 14:53:00,1648.1,1648.37,1648.1,1648.37,0.02,43.21,70634.66,1
2024-12-29,2024-12-29 14:54:00,1648.37,1648.64,1648.37,1648.64,0.02,43.21,70634.66,1
2024-12-29,2024-12-29 14:55:00,1648.64,1648.91,1648.64,1648.91,0.02,43.21,70634.66,1
2024-12-29,2024-12-29 14:56:00,1648.91,1649.18,1648.91,1649.18,0.02,43.21,70634.66,1
2024-12-29,2024-12-29 14:57:00,1649.18,1649.46,1649.18,1649.46,0.02,43.21,70634.66,1
2024-12-29,2024-12-29 14:58:00,1649.46,1649.73,1649.46,1649.73,0.02,43.21,70634.66,1
2024-12-29,2024-12-29 14:59:00,1649.73,1650.0,1649.73,1650.0,0.02,43.21,70634.66,1
2024-12-29,2024-12-29 15:00:00,1650.0,1710.5,1577.0,1650.0,0.0,43.21,70634.66,0
2024-12-31,2024-12-31 11:00:00,1617.0,1632.9,1596.9,1617.22,0.01,62.57,98825.21,1
2024-12-31,2024-12-31 11:01:00,1617.22,1617.44,1617.22,1617.44,0.01,62.57,98825.21,1
2024-12-31,2024-12-31 11:02:00,1617.44,1617.66,1617.44,1617.66,0.01,62.57,98825.21,1
2024-12-31,2024-12-31 11:03:00,1617.66,1617.88,1617.66,1617.88,0.01,62.57,98825.21,1
2024-12-31,2024-12-31 11:04:00,1617.88,1618.1,1617.88,1618.1,0.01,62.57,98825.21,1
2024-12-31,2024-12-31 11:05:00,1618.1,1618.33,1618.1,1618.33,0.01,62.57,98825.21,1
2024-12-31,2024-12-31 11:06:00,1618.33,1618.55,1618.33,1618.55,0.01,62.57,98825.21,1
2024-12-31,2024-12-31 11:07:00,1618.55,1618.77,1618.55,1618.77,0.01,62.57,98825.21,1
2024-12-31,2024-12-31 11:08:00,1618.77,1618.99,1618.77,1618.99,0.01,62.57,98825.21,1
2024-12-31,2024-12-31 11:09:00,1618.99,1619.21,1618.99,1619.21,0.01,62.57,98825.21,1
2024-12-31,2024-12-31 11:10:00,1619.21,1619.43,1619.21,1619.43,0.01,62.57,98825.21,1
2024-12-31,2024-12-31 11:11:00,1619.43,1619.65,1619.43,1619.65,0.01,62.57,98825.21,1
2024-12-31,2024-12-31 11:12:00,1619.65,1619.87,1619.65,1619.87,0.01,62.57,98825.21,1
2024-12-31,2024-12-31 11:13:00,1619.87,1620.09,1619.87,1620.09,0.01,62.57,98825.21,1
2024-12-31,2024-12-31 11:14:00,1620.09,1620.31,1620.09,1620.31,0.01,62.57,98825.21,1
2024-12-31,2024-12-31 11:15:00,1620.31,1620.53,1620.31,1620.53,0.01,62.57,98825.21,1
2024-12-31,2024-12-31 11:16:00,1620.53,1620.75,1620.53,1620.75,0.01,62.57,98825.21,1
2024-12-31,2024-12-31 11:17:00,1620.75,1620.97,1620.75,1620.97,0.01,62.57,98825.21,1
2024-12-31,2024-12-31 11:18:00,1620.97,1621.2,1620.97,1621.2,0.01,62.57,98825.21,1
2024-12-31,2024-12-31 11:19:00,1621.2,1621.42,1621.2,1621.42,0.01,62.57,98825.21,1
2024-12-31,2024-12-31 11:20:00,1621.42,1621.64,1621.42,1621.64,0.01,62.57,98825.21,1
2024-12-31,2024-12-31 11:21:00,1621.64,1621.86,1621.64,1621.86,0.01,62.57,98825.21,1
2024-12-31,2024-12-31 11:22:00,1621.86,1622.08,1621.86,1622.08,0.01,62.57,98825.21,1
2024-12-31,2024-12-31 11:23:00,1622.08,1622.3,1622.08,1622.3,0.01,62.57,98825.21,1
2024-12-31,2024-12-31 11:24:00,1622.3,1622.52,1622.3,1622.52,0.01,62.57,98825.21,1
2024-12-31,2024-12-31 11:25:00,1622.52,1622.74,1622.52,1622.74,0.01,62.57,98825.21,1
2024-12-31,2024-12-31 11:26:00,1622.74,1622.96,1622.74,1622.96,0.01,62.57,98825.21,1
2024-12-31,2024-12-31 11:27:00,1622.96,1623.18,1622.96,1623.18,0.01,62.57,98825.21,1
2024-12-31,2024-12-31 11:28:00,1623.18,1623.4,1623.18,1623.4,0.01,62.57,98825.21,1
2024-12-31,2024-12-31 11:29:00,1623.4,1623.62,1623.4,1623.62,0.01,62.57,98825.21,1
2024-12-31,2024-12-31 11:30:00,1623.62,1623.85,1623.62,1623.85,0.01,62.57,98825.21,1
2024-12-31,2024-12-31 11:31:00,1623.85,1624.07,1623.85,1624.07,0.01,62.57,98825.21,1
2024-12-31,2024-12-31 11:32:00,1624.07,1624.29,1624.07,1624.29,0.01,62.57,98825.21,1
2024-12-31,2024-12-31 11:33:00,1624.29,1624.51,1624.29,1624.51,0.01,62.57,98825.21,1
2024-12-31,2024-12-31 11:34:00,1624.51,1624.73,1624.51,1624.73,0.01,62.57,98825.21,1
2024-12-31,2024-12-31 11:35:00,1624.73,1624.95,1624.73,1624.95,0.01,62.57,98825.21,1
2024-12-31,2024-12-31 11:36:00,1624.95,1625.17,1624.95,1625.17,0.01,62.57,98825.21,1
2024-12-31,2024-12-31 11:37:00,1625.17,1625.39,1625.17,1625.39,0.01,62.57,98825.21,1
2024-12-31,2024-12-31 11:38:00,1625.39,1625.61,1625.39,1625.61,0.01,62.57,98825.21,1
2024-12-31,2024-12-31 11:39:00,1625.61,1625.83,1625.61,1625.83,0.01,62.57,98825.21,1
2024-12-31,2024-12-31 11:40:00,1625.83,1626.05,1625.83,1626.05,0.01,62.57,98825.21,1
2024-12-31,2024-12-31 11:41:00,1626.05,1626.28,1626.05,1626.28,0.01,62.57,98825.21,1
2024-12-31,2024-12-31 11:42:00,1626.28,1626.5,1626.28,1626.5,0.01,62.57,98825.21,1
2024-12-31,2024-12-31 11:43:00,1626.5,1626.72,1626.5,1626.72,0.01,62.57,98825.21,1
2024-12-31,2024-12-31 11:44:00,1626.72,1626.94,1626.72,1626.94,0.01,62.57,98825.21,1
2024-12-31,2024-12-31 11:45:00,1626.94,1627.16,1626.94,1627.16,0.01,62.57,98825.21,1
2024-12-31,2024-12-31 11:46:00,1627.16,1627.38,1627.16,1627.38,0.01,62.57,98825.21,1
2024-12-31,2024-12-31 11:47:00,1627.38,1627.6,1627.38,1627.6,0.01,62.57,98825.21,1
2024-12-31,2024-12-31 11:48:00,1627.6,1627.82,1627.6,1627.82,0.01,62.57,98825.21,1
2024-12-31,2024-12-31 11:49:00,1627.82,1628.04,1627.82,1628.04,0.01,62.57,98825.21,1
2024-12-31,2024-12-31 11:50:00,1628.04,1628.26,1628.04,1628.26,0.01,62.57,98825.21,1
2024-12-31,2024-12-31 11:51:00,1628.26,1628.48,1628.26,1628.48,0.01,62.57,98825.21,1
2024-12-31,2024-12-31 11:52:00,1628.48,1628.7,1628.48,1628.7,0.01,62.57,98825.21,1
2024-12-31,2024-12-31 11:53:00,1628.7,1628.92,1628.7,1628.92,0.01,62.57,98825.21,1
2024-12-31,2024-12-31 11:54:00,1628.92,1629.15,1628.92,1629.15,0.01,62.57,98825.21,1
2024-12-31,2024-12-31 11:55:00,1629.15,1629.37,1629.15,1629.37,0.01,62.57,98825.21,1
2024-12-31,2024-12-31 11:56:00,1629.37,1629.59,1629.37,1629.59,0.01,62.57,98825.21,1
2024-12-31,2024-12-31 11:57:00,1629.59,1629.81,1629.59,1629.81,0.01,62.57,98825.21,1
2024-12-31,2024-12-31 11:58:00,1629.81,1630.03,1629.81,1630.03,0.01,62.57,98825.21,1
2024-12-31,2024-12-31 11:59:00,1630.03,1630.25,1630.03,1630.25,0.01,62.57,98825.21,1
2024-12-31,2024-12-31 12:00:00,1630.25,1630.47,1630.25,1630.47,0.01,62.57,98825.21,1
2024-12-31,2024-12-31 12:01:00,1630.47,1630.69,1630.47,1630.69,0.01,62.57,98825.21,1
2024-12-31,2024-12-31 12:02:00,1630.69,1630.91,1630.69,1630.91,0.01,62.57,98825.21,1
2024-12-31,2024-12-31 12:03:00,1630.91,1631.13,1630.91,1631.13,0.01,62.57,98825.21,1
2024-12-31,2024-12-31 12:04:00,1631.13,1631.35,1631.13,1631.35,0.01,62.57,98825.21,1
2024-12-31,2024-12-31 12:05:00,1631.35,1631.58,1631.35,1631.58,0.01,62.57,98825.21,1
2024-12-31,2024-12-31 12:06:00,1631.58,1631.8,1631.58,1631.8,0.01,62.57,98825.21,1
2024-12-31,2024-12-31 12:07:00,1631.8,1632.02,1631.8,1632.02,0.01,62.57,98825.21,1
2024-12-31,2024-12-31 12:08:00,1632.02,1632.24,1632.02,1632.24,0.01,62.57,98825.21,1
2024-12-31,2024-12-31 12:09:00,1632.24,1632.46,1632.24,1632.46,0.01,62.57,98825.21,1
2024-12-31,2024-12-31 12:10:00,1632.46,1632.68,1632.46,1632.68,0.01,62.57,98825.21,1
2024-12-31,2024-12-31 12:11:00,1632.68,1632.9,1632.68,1632.9,0.01,62.57,98825.21,1
2024-12-31,2024-12-31 12:12:00,1632.9,1633.12,1632.9,1633.12,0.01,62.57,98825.21,1
2024-12-31,2024-12-31 12:13:00,1633.12,1633.34,1633.12,1633.34,0.01,62.57,98825.21,1
2024-12-31,2024-12-31 12:14:00,1633.34,1633.56,1633.34,1633.56,0.01,62.57,98825.21,1
2024-12-31,2024-12-31 12:15:00,1633.56,1633.78,1633.56,1633.78,0.01,62.57,98825.21,1
2024-12-31,2024-12-31 12:16:00,1633.78,1634.0,1633.78,1634.0,0.01,62.57,98825.21,1
2024-12-31,2024-12-31 12:17:00,1634.0,1634.22,1634.0,1634.22,0.01,62.57,98825.21,1
2024-12-31,2024-12-31 12:18:00,1634.22,1634.45,1634.22,1634.45,0.01,62.57,98825.21,1
2024-12-31,2024-12-31 12:19:00,1634.45,1634.67,1634.45,1634.67,0.01,62.57,98825.21,1
2024-12-31,2024-12-31 12:20:00,1634.67,1634.89,1634.67,1634.89,0.01,62.57,98825.21,1
2024-12-31,2024-12-31 12:21:00,1634.89,1635.11,1634.89,1635.11,0.01,62.57,98825.21,1
2024-12-31,2024-12-31 12:22:00,1635.11,1635.33,1635.11,1635.33,0.01,62.57,98825.21,1
2024-12-31,2024-12-31 12:23:00,1635.33,1635.55,1635.33,1635.55,0.01,62.57,98825.21,1
2024-12-31,2024-12-31 12:24:00,1635.55,1635.77,1635.55,1635.77,0.01,62.57,98825.21,1
2024-12-31,2024-12-31 12:25:00,1635.77,1635.99,1635.77,1635.99,0.01,62.57,98825.21,1
2024-12-31,2024-12-31 12:26:00,1635.99,1636.21,1635.99,1636.21,0.01,62.57,98825.21,1
2024-12-31,2024-12-31 12:27:00,1636.21,1636.43,1636.21,1636.43,0.01,62.57,98825.21,1
2024-12-31,2024-12-31 12:28:00,1636.43,1636.65,1636.43,1636.65,0.01,62.57,98825.21,1
2024-12-31,2024-12-31 12:29:00,1636.65,1636.88,1636.65,1636.88,0.01,62.57,98825.21,1
2024-12-31,2024-12-31 12:30:00,1636.88,1637.1,1636.88,1637.1,0.01,62.57,98825.21,1
2024-12-31,2024-12-31 12:31:00,1637.1,1637.32,1637.1,1637.32,0.01,62.57,98825.21,1
2024-12-31,2024-12-31 12:32:00,1637.32,1637.54,1637.32,1637.54,0.01,62.57,98825.21,1
2024-12-31,2024-12-31 12:33:00,1637.54,1637.76,1637.54,1637.76,0.01,62.57,98825.21,1
2024-12-31,2024-12-31 12:34:00,1637.76,1637.98,1637.76,1637.98,0.01,62.57,98825.21,1
2024-12-31,2024-12-31 12:35:00,1637.98,1638.2,1637.98,1638.2,0.01,62.57,98825.21,1
2024-12-31,2024-12-31 12:36:00,1638.2,1638.42,1638.2,1638.42,0.01,62.57,98825.21,1
2024-12-31,2024-12-31 12:37:00,1638.42,1638.64,1638.42,1638.64,0.01,62.57,98825.21,1
2024-12-31,2024-12-31 12:38:00,1638.64,1638.86,1638.64,1638.86,0.01,62.57,98825.21,1
2024-12-31,2024-12-31 12:39:00,1638.86,1639.08,1638.86,1639.08,0.01,62.57,98825.21,1
2024-12-31,2024-12-31 12:40:00,1639.08,1639.3,1639.08,1639.3,0.01,62.57,98825.21,1
2024-12-31,2024-12-31 12:41:00,1639.3,1639.53,1639.3,1639.53,0.01,62.57,98825.21,1
2024-12-31,2024-12-31 12:42:00,1639.53,1639.75,1639.53,1639.75,0.01,62.57,98825.21,1
2024-12-31,2024-12-31 12:43:00,1639.75,1639.97,1639.75,1639.97,0.01,62.57,98825.21,1
2024-12-31,2024-12-31 12:44:00,1639.97,1640.19,1639.97,1640.19,0.01,62.57,98825.21,1
2024-12-31,2024-12-31 12:45:00,1640.19,1640.41,1640.19,1640.41,0.01,62.57,98825.21,1
2024-12-31,2024-12-31 12:46:00,1640.41,1640.63,1640.41,1640.63,0.01,62.57,98825.21,1
2024-12-31,2024-12-31 12:47:00,1640.63,1640.85,1640.63,1640.85,0.01,62.57,98825.21,1
2024-12-31,2024-12-31 12:48:00,1640.85,1641.07,1640.85,1641.07,0.01,62.57,98825.21,1
2024-12-31,2024-12-31 12:49:00,1641.07,1641.29,1641.07,1641.29,0.01,62.57,98825.21,1
2024-12-31,2024-12-31 12:50:00,1641.29,1641.51,1641.29,1641.51,0.01,62.57,98825.21,1
2024-12-31,2024-12-31 12:51:00,1641.51,1641.73,1641.51,1641.73,0.01,62.57,98825.21,1
2024-12-31,2024-12-31 12:52:00,1641.73,1641.95,1641.73,1641.95,0.01,62.57,98825.21,1
2024-12-31,2024-12-31 12:53:00,1641.95,1642.17,1641.95,1642.17,0.01,62.57,98825.21,1
2024-12-31,2024-12-31 12:54:00,1642.17,1642.4,1642.17,1642.4,0.01,62.57,98825.21,1
2024-12-31,2024-12-31 12:55:00,1642.4,1642.62,1642.4,1642.62,0.01,62.57,98825.21,1
2024-12-31,2024-12-31 12:56:00,1642.62,1642.84,1642.62,1642.84,0.01,62.57,98825.21,1
2024-12-31,2024-12-31 12:57:00,1642.84,1643.06,1642.84,1643.06,0.01,62.57,98825.21,1
2024-12-31,2024-12-31 12:58:00,1643.06,1643.28,1643.06,1643.28,0.01,62.57,98825.21,1
2024-12-31,2024-12-31 12:59:00,1643.28,1643.5,1643.28,1643.5,0.01,62.57,98825.21,1
2024-12-31,2024-12-31 13:00:00,1643.5,1670.0,1550.0,1643.72,0.01,62.57,98825.21,1
2024-12-31,2024-12-31 13:01:00,1643.72,1643.94,1643.72,1643.94,0.01,62.57,98825.21,1
2024-12-31,2024-12-31 13:02:00,1643.94,1644.16,1643.94,1644.16,0.01,62.57,98825.21,1
2024-12-31,2024-12-31 13:03:00,1644.16,1644.38,1644.16,1644.38,0.01,62.57,98825.21,1
2024-12-31,2024-12-31 13:04:00,1644.38,1644.6,1644.38,1644.6,0.01,62.57,98825.21,1
2024-12-31,2024-12-31 13:05:00,1644.6,1644.83,1644.6,1644.83,0.01,62.57,98825.21,1
2024-12-31,2024-12-31 13:06:00,1644.83,1645.05,1644.83,1645.05,0.01,62.57,98825.21,1
2024-12-31,2024-12-31 13:07:00,1645.05,1645.27,1645.05,1645.27,0.01,62.57,98825.21,1
2024-12-31,2024-12-31 13:08:00,1645.27,1645.49,1645.27,1645.49,0.01,62.57,98825.21,1
2024-12-31,2024-12-31 13:09:00,1645.49,1645.71,1645.49,1645.71,0.01,62.57,98825.21,1
2024-12-31,2024-12-31 13:10:00,1645.71,1645.93,1645.71,1645.93,0.01,62.57,98825.21,1
2024-12-31,2024-12-31 13:11:00,1645.93,1646.15,1645.93,1646.15,0.01,62.57,98825.21,1
2024-12-31,2024-12-31 13:12:00,1646.15,1646.37,1646.15,1646.37,0.01,62.57,98825.21,1
2024-12-31,2024-12-31 13:13:00,1646.37,1646.59,1646.37,1646.59,0.01,62.57,98825.21,1
2024-12-31,2024-12-31 13:14:00,1646.59,1646.81,1646.59,1646.81,0.01,62.57,98825.21,1
2024-12-31,2024-12-31 13:15:00,1646.81,1647.03,1646.81,1647.03,0.01,62.57,98825.21,1
2024-12-31,2024-12-31 13:16:00,1647.03,1647.25,1647.03,1647.25,0.01,62.57,98825.21,1
2024-12-31,2024-12-31 13:17:00,1647.25,1647.47,1647.25,1647.47,0.01,62.57,98825.21,1
2024-12-31,2024-12-31 13:18:00,1647.47,1647.7,1647.47,1647.7,0.01,62.57,98825.21,1
2024-12-31,2024-12-31 13:19:00,1647.7,1647.92,1647.7,1647.92,0.01,62.57,98825.21,1
2024-12-31,2024-12-31 13:20:00,1647.92,1648.14,1647.92,1648.14,0.01,62.57,98825.21,1
2024-12-31,2024-12-31 13:21:00,1648.14,1648.36,1648.14,1648.36,0.01,62.57,98825.21,1
2024-12-31,2024-12-31 13:22:00,1648.36,1648.58,1648.36,1648.58,0.01,62.57,98825.21,1
2024-12-31,2024-12-31 13:23:00,1648.58,1648.8,1648.58,1648.8,0.01,62.57,98825.21,1
2024-12-31,2024-12-31 13:24:00,1648.8,1649.02,1648.8,1649.02,0.01,62.57,98825.21,1
2024-12-31,2024-12-31 13:25:00,1649.02,1649.24,1649.02,1649.24,0.01,62.57,98825.21,1
2024-12-31,2024-12-31 13:26:00,1649.24,1649.46,1649.24,1649.46,0.01,62.57,98825.21,1
2024-12-31,2024-12-31 13:27:00,1649.46,1649.68,1649.46,1649.68,0.01,62.57,98825.21,1
2024-12-31,2024-12-31 13:28:00,1649.68,1649.9,1649.68,1649.9,0.01,62.57,98825.21,1
2024-12-31,2024-12-31 13:29:00,1649.9,1650.12,1649.9,1650.12,0.01,62.57,98825.21,1
2024-12-31,2024-12-31 13:30:00,1650.12,1650.35,1650.12,1650.35,0.01,62.57,98825.21,1
2024-12-31,2024-12-31 13:31:00,1650.35,1650.57,1650.35,1650.57,0.01,62.57,98825.21,1
2024-12-31,2024-12-31 13:32:00,1650.57,1650.79,1650.57,1650.79,0.01,62.57,98825.21,1
2024-12-31,2024-12-31 13:33:00,1650.79,1651.01,1650.79,1651.01,0.01,62.57,98825.21,1
2024-12-31,2024-12-31 13:34:00,1651.01,1651.23,1651.01,1651.23,0.01,62.57,98825.21,1
2024-12-31,2024-12-31 13:35:00,1651.23,1651.45,1651.23,1651.45,0.01,62.57,98825.21,1
2024-12-31,2024-12-31 13:36:00,1651.45,1651.67,1651.45,1651.67,0.01,62.57,98825.21,1
2024-12-31,2024-12-31 13:37:00,1651.67,1651.89,1651.67,1651.89,0.01,62.57,98825.21,1
2024-12-31,2024-12-31 13:38:00,1651.89,1652.11,1651.89,1652.11,0.01,62.57,98825.21,1
2024-12-31,2024-12-31 13:39:00,1652.11,1652.33,1652.11,1652.33,0.01,62.57,98825.21,1
2024-12-31,2024-12-31 13:40:00,1652.33,1652.55,1652.33,1652.55,0.01,62.57,98825.21,1
2024-12-31,2024-12-31 13:41:00,1652.55,1652.78,1652.55,1652.78,0.01,62.57,98825.21,1
2024-12-31,2024-12-31 13:42:00,1652.78,1653.0,1652.78,1653.0,0.01,62.57,98825.21,1
2024-12-31,2024-12-31 13:43:00,1653.0,1653.22,1653.0,1653.22,0.01,62.57,98825.21,1
2024-12-31,2024-12-31 13:44:00,1653.22,1653.44,1653.22,1653.44,0.01,62.57,98825.21,1
2024-12-31,2024-12-31 13:45:00,1653.44,1653.66,1653.44,1653.66,0.01,62.57,98825.21,1
2024-12-31,2024-12-31 13:46:00,1653.66,1653.88,1653.66,1653.88,0.01,62.57,98825.21,1
2024-12-31,2024-12-31 13:47:00,1653.88,1654.1,1653.88,1654.1,0.01,62.57,98825.21,1
2024-12-31,2024-12-31 13:48:00,1654.1,1654.32,1654.1,1654.32,0.01,62.57,98825.21,1
2024-12-31,2024-12-31 13:49:00,1654.32,1654.54,1654.32,1654.54,0.01,62.57,98825.21,1
2024-12-31,2024-12-31 13:50:00,1654.54,1654.76,1654.54,1654.76,0.01,62.57,98825.21,1
2024-12-31,2024-12-31 13:51:00,1654.76,1654.98,1654.76,1654.98,0.01,62.57,98825.21,1
2024-12-31,2024-12-31 13:52:00,1654.98,1655.2,1654.98,1655.2,0.01,62.57,98825.21,1
2024-12-31,2024-12-31 13:53:00,1655.2,1655.42,1655.2,1655.42,0.01,62.57,98825.21,1
2024-12-31,2024-12-31 13:54:00,1655.42,1655.65,1655.42,1655.65,0.01,62.57,98825.21,1
2024-12-31,2024-12-31 13:55:00,1655.65,1655.87,1655.65,1655.87,0.01,62.57,98825.21,1
2024-12-31,2024-12-31 13:56:00,1655.87,1656.09,1655.87,1656.09,0.01,62.57,98825.21,1
2024-12-31,2024-12-31 13:57:00,1656.09,1656.31,1656.09,1656.31,0.01,62.57,98825.21,1
2024-12-31,2024-12-31 13:58:00,1656.31,1656.53,1656.31,1656.53,0.01,62.57,98825.21,1
2024-12-31,2024-12-31 13:59:00,1656.53,1656.75,1656.53,1656.75,0.01,62.57,98825.21,1
2024-12-31,2024-12-31 14:00:00,1656.75,1656.97,1656.75,1656.97,0.01,62.57,98825.21,1
2024-12-31,2024-12-31 14:01:00,1656.97,1657.19,1656.97,1657.19,0.01,62.57,98825.21,1
2024-12-31,2024-12-31 14:02:00,1657.19,1657.41,1657.19,1657.41,0.01,62.57,98825.21,1
2024-12-31,2024-12-31 14:03:00,1657.41,1657.63,1657.41,1657.63,0.01,62.57,98825.21,1
2024-12-31,2024-12-31 14:04:00,1657.63,1657.85,1657.63,1657.85,0.01,62.57,98825.21,1
2024-12-31,2024-12-31 14:05:00,1657.85,1658.08,1657.85,1658.08,0.01,62.57,98825.21,1
2024-12-31,2024-12-31 14:06:00,1658.08,1658.3,1658.08,1658.3,0.01,62.57,98825.21,1
2024-12-31,2024-12-31 14:07:00,1658.3,1658.52,1658.3,1658.52,0.01,62.57,98825.21,1
2024-12-31,2024-12-31 14:08:00,1658.52,1658.74,1658.52,1658.74,0.01,62.57,98825.21,1
2024-12-31,2024-12-31 14:09:00,1658.74,1658.96,1658.74,1658.96,0.01,62.57,98825.21,1
2024-12-31,2024-12-31 14:10:00,1658.96,1659.18,1658.96,1659.18,0.01,62.57,98825.21,1
2024-12-31,2024-12-31 14:11:00,1659.18,1659.4,1659.18,1659.4,0.01,62.57,98825.21,1
2024-12-31,2024-12-31 14:12:00,1659.4,1659.62,1659.4,1659.62,0.01,62.57,98825.21,1
2024-12-31,2024-12-31 14:13:00,1659.62,1659.84,1659.62,1659.84,0.01,62.57,98825.21,1
2024-12-31,2024-12-31 14:14:00,1659.84,1660.06,1659.84,1660.06,0.01,62.57,98825.21,1
2024-12-31,2024-12-31 14:15:00,1660.06,1660.28,1660.06,1660.28,0.01,62.57,98825.21,1
2024-12-31,2024-12-31 14:16:00,1660.28,1660.5,1660.28,1660.5,0.01,62.57,98825.21,1
2024-12-31,2024-12-31 14:17:00,1660.5,1660.72,1660.5,1660.72,0.01,62.57,98825.21,1
2024-12-31,2024-12-31 14:18:00,1660.72,1660.95,1660.72,1660.95,0.01,62.57,98825.21,1
2024-12-31,2024-12-31 14:19:00,1660.95,1661.17,1660.95,1661.17,0.01,62.57,98825.21,1
2024-12-31,2024-12-31 14:20:00,1661.17,1661.39,1661.17,1661.39,0.01,62.57,98825.21,1
2024-12-31,2024-12-31 14:21:00,1661.39,1661.61,1661.39,1661.61,0.01,62.57,98825.21,1
2024-12-31,2024-12-31 14:22:00,1661.61,1661.83,1661.61,1661.83,0.01,62.57,98825.21,1
2024-12-31,2024-12-31 14:23:00,1661.83,1662.05,1661.83,1662.05,0.01,62.57,98825.21,1
2024-12-31,2024-12-31 14:24:00,1662.05,1662.27,1662.05,1662.27,0.01,62.57,98825.21,1
2024-12-31,2024-12-31 14:25:00,1662.27,1662.49,1662.27,1662.49,0.01,62.57,98825.21,1
2024-12-31,2024-12-31 14:26:00,1662.49,1662.71,1662.49,1662.71,0.01,62.57,98825.21,1
2024-12-31,2024-12-31 14:27:00,1662.71,1662.93,1662.71,1662.93,0.01,62.57,98825.21,1
2024-12-31,2024-12-31 14:28:00,1662.93,1663.15,1662.93,1663.15,0.01,62.57,98825.21,1
2024-12-31,2024-12-31 14:29:00,1663.15,1663.38,1663.15,1663.38,0.01,62.57,98825.21,1
2024-12-31,2024-12-31 14:30:00,1663.38,1663.6,1663.38,1663.6,0.01,62.57,98825.21,1
2024-12-31,2024-12-31 14:31:00,1663.6,1663.82,1663.6,1663.82,0.01,62.57,98825.21,1
2024-12-31,2024-12-31 14:32:00,1663.82,1664.04,1663.82,1664.04,0.01,62.57,98825.21,1
2024-12-31,2024-12-31 14:33:00,1664.04,1664.26,1664.04,1664.26,0.01,62.57,98825.21,1
2024-12-31,2024-12-31 14:34:00,1664.26,1664.48,1664.26,1664.48,0.01,62.57,98825.21,1
2024-12-31,2024-12-31 14:35:00,1664.48,1664.7,1664.48,1664.7,0.01,62.57,98825.21,1
2024-12-31,2024-12-31 14:36:00,1664.7,1664.92,1664.7,1664.92,0.01,62.57,98825.21,1
2024-12-31,2024-12-31 14:37:00,1664.92,1665.14,1664.92,1665.14,0.01,62.57,98825.21,1
2024-12-31,2024-12-31 14:38:00,1665.14,1665.36,1665.14,1665.36,0.01,62.57,98825.21,1
2024-12-31,2024-12-31 14:39:00,1665.36,1665.58,1665.36,1665.58,0.01,62.57,98825.21,1
2024-12-31,2024-12-31 14:40:00,1665.58,1665.8,1665.58,1665.8,0.01,62.57,98825.21,1
2024-12-31,2024-12-31 14:41:00,1665.8,1666.03,1665.8,1666.03,0.01,62.57,98825.21,1
2024-12-31,2024-12-31 14:42:00,1666.03,1666.25,1666.03,1666.25,0.01,62.57,98825.21,1
2024-12-31,2024-12-31 14:43:00,1666.25,1666.47,1666.25,1666.47,0.01,62.57,98825.21,1
2024-12-31,2024-12-31 14:44:00,1666.47,1666.69,1666.47,1666.69,0.01,62.57,98825.21,1
2024-12-31,2024-12-31 14:45:00,1666.69,1666.91,1666.69,1666.91,0.01,62.57,98825.21,1
2024-12-31,2024-12-31 14:46:00,1666.91,1667.13,1666.91,1667.13,0.01,62.57,98825.21,1
2024-12-31,2024-12-31 14:47:00,1667.13,1667.35,1667.13,1667.35,0.01,62.57,98825.21,1
2024-12-31,2024-12-31 14:48:00,1667.35,1667.57,1667.35,1667.57,0.01,62.57,98825.21,1
2024-12-31,2024-12-31 14:49:00,1667.57,1667.79,1667.57,1667.79,0.01,62.57,98825.21,1
2024-12-31,2024-12-31 14:50:00,1667.79,1668.01,1667.79,1668.01,0.01,62.57,98825.21,1
2024-12-31,2024-12-31 14:51:00,1668.01,1668.23,1668.01,1668.23,0.01,62.57,98825.21,1
2024-12-31,2024-12-31 14:52:00,1668.23,1668.45,1668.23,1668.45,0.01,62.57,98825.21,1
2024-12-31,2024-12-31 14:53:00,1668.45,1668.67,1668.45,1668.67,0.01,62.57,98825.21,1
2024-12-31,2024-12-31 14:54:00,1668.67,1668.9,1668.67,1668.9,0.01,62.57,98825.21,1
2024-12-31,2024-12-31 14:55:00,1668.9,1669.12,1668.9,1669.12,0.01,62.57,98825.21,1
2024-12-31,2024-12-31 14:56:00,1669.12,1669.34,1669.12,1669.34,0.01,62.57,98825.21,1
2024-12-31,2024-12-31 14:57:00,1669.34,1669.56,1669.34,1669.56,0.01,62.57,98825.21,1
2024-12-31,2024-12-31 14:58:00,1669.56,1669.78,1669.56,1669.78,0.01,62.57,98825.21,1
2024-12-31,2024-12-31 14:59:00,1669.78,1670.0,1669.78,1670.0,0.01,62.57,98825.21,1
2024-12-31,2024-12-31 15:00:00,1670.0,1670.0,1550.0,1670.0,0.0,62.57,98825.21,0
2025-01-01,2025-01-01 11:00:00,1636.6,1637.59,1621.12,1636.55,-0.0,10.95,17628.93,-1
2025-01-01,2025-01-01 11:01:00,1636.55,1636.55,1636.5,1636.5,-0.0,10.95,17628.93,-1
2025-01-01,2025-01-01 11:02:00,1636.5,1636.5,1636.45,1636.45,-0.0,10.95,17628.93,-1
2025-01-01,2025-01-01 11:03:00,1636.45,1636.45,1636.4,1636.4,-0.0,10.95,17628.93,-1
2025-01-01,2025-01-01 11:04:00,1636.4,1636.4,1636.36,1636.36,-0.0,10.95,17628.93,-1
2025-01-01,2025-01-01 11:05:00,1636.36,1636.36,1636.31,1636.31,-0.0,10.95,17628.93,-1
2025-01-01,2025-01-01 11:06:00,1636.31,1636.31,1636.26,1636.26,-0.0,10.95,17628.93,-1
2025-01-01,2025-01-01 11:07:00,1636.26,1636.26,1636.21,1636.21,-0.0,10.95,17628.93,-1
2025-01-01,2025-01-01 11:08:00,1636.21,1636.21,1636.16,1636.16,-0.0,10.95,17628.93,-1
2025-01-01,2025-01-01 11:09:00,1636.16,1636.16,1636.11,1636.11,-0.0,10.95,17628.93,-1
2025-01-01,2025-01-01 11:10:00,1636.11,1636.11,1636.06,1636.06,-0.0,10.95,17628.93,-1
2025-01-01,2025-01-01 11:11:00,1636.06,1636.06,1636.01,1636.01,-0.0,10.95,17628.93,-1
2025-01-01,2025-01-01 11:12:00,1636.01,1636.01,1635.97,1635.97,-0.0,10.95,17628.93,-1
2025-01-01,2025-01-01 11:13:00,1635.97,1635.97,1635.92,1635.92,-0.0,10.95,17628.93,-1
2025-01-01,2025-01-01 11:14:00,1635.92,1635.92,1635.87,1635.87,-0.0,10.95,17628.93,-1
2025-01-01,2025-01-01 11:15:00,1635.87,1635.87,1635.82,1635.82,-0.0,10.95,17628.93,-1
2025-01-01,2025-01-01 11:16:00,1635.82,1635.82,1635.77,1635.77,-0.0,10.95,17628.93,-1
2025-01-01,2025-01-01 11:17:00,1635.77,1635.77,1635.72,1635.72,-0.0,10.95,17628.93,-1
2025-01-01,2025-01-01 11:18:00,1635.72,1635.72,1635.67,1635.67,-0.0,10.95,17628.93,-1
2025-01-01,2025-01-01 11:19:00,1635.67,1635.67,1635.62,1635.62,-0.0,10.95,17628.93,-1
2025-01-01,2025-01-01 11:20:00,1635.62,1635.62,1635.58,1635.58,-0.0,10.95,17628.93,-1
2025-01-01,2025-01-01 11:21:00,1635.58,1635.58,1635.53,1635.53,-0.0,10.95,17628.93,-1
2025-01-01,2025-01-01 11:22:00,1635.53,1635.53,1635.48,1635.48,-0.0,10.95,17628.93,-1
2025-01-01,2025-01-01 11:23:00,1635.48,1635.48,1635.43,1635.43,-0.0,10.95,17628.93,-1
2025-01-01,2025-01-01 11:24:00,1635.43,1635.43,1635.38,1635.38,-0.0,10.95,17628.93,-1
2025-01-01,2025-01-01 11:25:00,1635.38,1635.38,1635.33,1635.33,-0.0,10.95,17628.93,-1
2025-01-01,2025-01-01 11:26:00,1635.33,1635.33,1635.28,1635.28,-0.0,10.95,17628.93,-1
2025-01-01,2025-01-01 11:27:00,1635.28,1635.28,1635.23,1635.23,-0.0,10.95,17628.93,-1
2025-01-01,2025-01-01 11:28:00,1635.23,1635.23,1635.19,1635.19,-0.0,10.95,17628.93,-1
2025-01-01,2025-01-01 11:29:00,1635.19,1635.19,1635.14,1635.14,-0.0,10.95,17628.93,-1
2025-01-01,2025-01-01 11:30:00,1635.14,1635.14,1635.09,1635.09,-0.0,10.95,17628.93,-1
2025-01-01,2025-01-01 11:31:00,1635.09,1635.09,1635.04,1635.04,-0.0,10.95,17628.93,-1
2025-01-01,2025-01-01 11:32:00,1635.04,1635.04,1634.99,1634.99,-0.0,10.95,17628.93,-1
2025-01-01,2025-01-01 11:33:00,1634.99,1634.99,1634.94,1634.94,-0.0,10.95,17628.93,-1
2025-01-01,2025-01-01 11:34:00,1634.94,1634.94,1634.89,1634.89,-0.0,10.95,17628.93,-1
2025-01-01,2025-01-01 11:35:00,1634.89,1634.89,1634.85,1634.85,-0.0,10.95,17628.93,-1
2025-01-01,2025-01-01 11:36:00,1634.85,1634.85,1634.8,1634.8,-0.0,10.95,17628.93,-1
2025-01-01,2025-01-01 11:37:00,1634.8,1634.8,1634.75,1634.75,-0.0,10.95,17628.93,-1
2025-01-01,2025-01-01 11:38:00,1634.75,1634.75,1634.7,1634.7,-0.0,10.95,17628.93,-1
2025-01-01,2025-01-01 11:39:00,1634.7,1634.7,1634.65,1634.65,-0.0,10.95,17628.93,-1
2025-01-01,2025-01-01 11:40:00,1634.65,1634.65,1634.6,1634.6,-0.0,10.95,17628.93,-1
2025-01-01,2025-01-01 11:41:00,1634.6,1634.6,1634.55,1634.55,-0.0,10.95,17628.93,-1
2025-01-01,2025-01-01 11:42:00,1634.55,1634.55,1634.5,1634.5,-0.0,10.95,17628.93,-1
2025-01-01,2025-01-01 11:43:00,1634.5,1634.5,1634.45,1634.45,-0.0,10.95,17628.93,-1
2025-01-01,2025-01-01 11:44:00,1634.45,1634.45,1634.41,1634.41,-0.0,10.95,17628.93,-1
2025-01-01,2025-01-01 11:45:00,1634.41,1634.41,1634.36,1634.36,-0.0,10.95,17628.93,-1
2025-01-01,2025-01-01 11:46:00,1634.36,1634.36,1634.31,1634.31,-0.0,10.95,17628.93,-1
2025-01-01,2025-01-01 11:47:00,1634.31,1634.31,1634.26,1634.26,-0.0,10.95,17628.93,-1
2025-01-01,2025-01-01 11:48:00,1634.26,1634.26,1634.21,1634.21,-0.0,10.95,17628.93,-1
2025-01-01,2025-01-01 11:49:00,1634.21,1634.21,1634.16,1634.16,-0.0,10.95,17628.93,-1
2025-01-01,2025-01-01 11:50:00,1634.16,1634.16,1634.11,1634.11,-0.0,10.95,17628.93,-1
2025-01-01,2025-01-01 11:51:00,1634.11,1634.11,1634.07,1634.07,-0.0,10.95,17628.93,-1
2025-01-01,2025-01-01 11:52:00,1634.07,1634.07,1634.02,1634.02,-0.0,10.95,17628.93,-1
2025-01-01,2025-01-01 11:53:00,1634.02,1634.02,1633.97,1633.97,-0.0,10.95,17628.93,-1
2025-01-01,2025-01-01 11:54:00,1633.97,1633.97,1633.92,1633.92,-0.0,10.95,17628.93,-1
2025-01-01,2025-01-01 11:55:00,1633.92,1633.92,1633.87,1633.87,-0.0,10.95,17628.93,-1
2025-01-01,2025-01-01 11:56:00,1633.87,1633.87,1633.82,1633.82,-0.0,10.95,17628.93,-1
2025-01-01,2025-01-01 11:57:00,1633.82,1633.82,1633.77,1633.77,-0.0,10.95,17628.93,-1
2025-01-01,2025-01-01 11:58:00,1633.77,1633.77,1633.72,1633.72,-0.0,10.95,17628.93,-1
2025-01-01,2025-01-01 11:59:00,1633.72,1633.72,1633.67,1633.67,-0.0,10.95,17628.93,-1
2025-01-01,2025-01-01 12:00:00,1633.67,1633.67,1633.63,1633.63,-0.0,10.95,17628.93,-1
2025-01-01,2025-01-01 12:01:00,1633.63,1633.63,1633.58,1633.58,-0.0,10.95,17628.93,-1
2025-01-01,2025-01-01 12:02:00,1633.58,1633.58,1633.53,1633.53,-0.0,10.95,17628.93,-1
2025-01-01,2025-01-01 12:03:00,1633.53,1633.53,1633.48,1633.48,-0.0,10.95,17628.93,-1
2025-01-01,2025-01-01 12:04:00,1633.48,1633.48,1633.43,1633.43,-0.0,10.95,17628.93,-1
2025-01-01,2025-01-01 12:05:00,1633.43,1633.43,1633.38,1633.38,-0.0,10.95,17628.93,-1
2025-01-01,2025-01-01 12:06:00,1633.38,1633.38,1633.33,1633.33,-0.0,10.95,17628.93,-1
2025-01-01,2025-01-01 12:07:00,1633.33,1633.33,1633.28,1633.28,-0.0,10.95,17628.93,-1
2025-01-01,2025-01-01 12:08:00,1633.28,1633.28,1633.24,1633.24,-0.0,10.95,17628.93,-1
2025-01-01,2025-01-01 12:09:00,1633.24,1633.24,1633.19,1633.19,-0.0,10.95,17628.93,-1
2025-01-01,2025-01-01 12:10:00,1633.19,1633.19,1633.14,1633.14,-0.0,10.95,17628.93,-1
2025-01-01,2025-01-01 12:11:00,1633.14,1633.14,1633.09,1633.09,-0.0,10.95,17628.93,-1
2025-01-01,2025-01-01 12:12:00,1633.09,1633.09,1633.04,1633.04,-0.0,10.95,17628.93,-1
2025-01-01,2025-01-01 12:13:00,1633.04,1633.04,1632.99,1632.99,-0.0,10.95,17628.93,-1
2025-01-01,2025-01-01 12:14:00,1632.99,1632.99,1632.94,1632.94,-0.0,10.95,17628.93,-1
2025-01-01,2025-01-01 12:15:00,1632.94,1632.94,1632.89,1632.89,-0.0,10.95,17628.93,-1
2025-01-01,2025-01-01 12:16:00,1632.89,1632.89,1632.85,1632.85,-0.0,10.95,17628.93,-1
2025-01-01,2025-01-01 12:17:00,1632.85,1632.85,1632.8,1632.8,-0.0,10.95,17628.93,-1
2025-01-01,2025-01-01 12:18:00,1632.8,1632.8,1632.75,1632.75,-0.0,10.95,17628.93,-1
2025-01-01,2025-01-01 12:19:00,1632.75,1632.75,1632.7,1632.7,-0.0,10.95,17628.93,-1
2025-01-01,2025-01-01 12:20:00,1632.7,1632.7,1632.65,1632.65,-0.0,10.95,17628.93,-1
2025-01-01,2025-01-01 12:21:00,1632.65,1632.65,1632.6,1632.6,-0.0,10.95,17628.93,-1
2025-01-01,2025-01-01 12:22:00,1632.6,1632.6,1632.55,1632.55,-0.0,10.95,17628.93,-1
2025-01-01,2025-01-01 12:23:00,1632.55,1632.55,1632.5,1632.5,-0.0,10.95,17628.93,-1
2025-01-01,2025-01-01 12:24:00,1632.5,1632.5,1632.46,1632.46,-0.0,10.95,17628.93,-1
2025-01-01,2025-01-01 12:25:00,1632.46,1632.46,1632.41,1632.41,-0.0,10.95,17628.93,-1
2025-01-01,2025-01-01 12:26:00,1632.41,1632.41,1632.36,1632.36,-0.0,10.95,17628.93,-1
2025-01-01,2025-01-01 12:27:00,1632.36,1632.36,1632.31,1632.31,-0.0,10.95,17628.93,-1
2025-01-01,2025-01-01 12:28:00,1632.31,1632.31,1632.26,1632.26,-0.0,10.95,17628.93,-1
2025-01-01,2025-01-01 12:29:00,1632.26,1632.26,1632.21,1632.21,-0.0,10.95,17628.93,-1
2025-01-01,2025-01-01 12:30:00,1632.21,1632.21,1632.16,1632.16,-0.0,10.95,17628.93,-1
2025-01-01,2025-01-01 12:31:00,1632.16,1632.16,1632.12,1632.12,-0.0,10.95,17628.93,-1
2025-01-01,2025-01-01 12:32:00,1632.12,1632.12,1632.07,1632.07,-0.0,10.95,17628.93,-1
2025-01-01,2025-01-01 12:33:00,1632.07,1632.07,1632.02,1632.02,-0.0,10.95,17628.93,-1
2025-01-01,2025-01-01 12:34:00,1632.02,1632.02,1631.97,1631.97,-0.0,10.95,17628.93,-1
2025-01-01,2025-01-01 12:35:00,1631.97,1631.97,1631.92,1631.92,-0.0,10.95,17628.93,-1
2025-01-01,2025-01-01 12:36:00,1631.92,1631.92,1631.87,1631.87,-0.0,10.95,17628.93,-1
2025-01-01,2025-01-01 12:37:00,1631.87,1631.87,1631.82,1631.82,-0.0,10.95,17628.93,-1
2025-01-01,2025-01-01 12:38:00,1631.82,1631.82,1631.77,1631.77,-0.0,10.95,17628.93,-1
2025-01-01,2025-01-01 12:39:00,1631.77,1631.77,1631.72,1631.72,-0.0,10.95,17628.93,-1
2025-01-01,2025-01-01 12:40:00,1631.72,1631.72,1631.68,1631.68,-0.0,10.95,17628.93,-1
2025-01-01,2025-01-01 12:41:00,1631.68,1631.68,1631.63,1631.63,-0.0,10.95,17628.93,-1
2025-01-01,2025-01-01 12:42:00,1631.63,1631.63,1631.58,1631.58,-0.0,10.95,17628.93,-1
2025-01-01,2025-01-01 12:43:00,1631.58,1631.58,1631.53,1631.53,-0.0,10.95,17628.93,-1
2025-01-01,2025-01-01 12:44:00,1631.53,1631.53,1631.48,1631.48,-0.0,10.95,17628.93,-1
2025-01-01,2025-01-01 12:45:00,1631.48,1631.48,1631.43,1631.43,-0.0,10.95,17628.93,-1
2025-01-01,2025-01-01 12:46:00,1631.43,1631.43,1631.38,1631.38,-0.0,10.95,17628.93,-1
2025-01-01,2025-01-01 12:47:00,1631.38,1631.38,1631.34,1631.34,-0.0,10.95,17628.93,-1
2025-01-01,2025-01-01 12:48:00,1631.34,1631.34,1631.29,1631.29,-0.0,10.95,17628.93,-1
2025-01-01,2025-01-01 12:49:00,1631.29,1631.29,1631.24,1631.24,-0.0,10.95,17628.93,-1
2025-01-01,2025-01-01 12:50:00,1631.24,1631.24,1631.19,1631.19,-0.0,10.95,17628.93,-1
2025-01-01,2025-01-01 12:51:00,1631.19,1631.19,1631.14,1631.14,-0.0,10.95,17628.93,-1
2025-01-01,2025-01-01 12:52:00,1631.14,1631.14,1631.09,1631.09,-0.0,10.95,17628.93,-1
2025-01-01,2025-01-01 12:53:00,1631.09,1631.09,1631.04,1631.04,-0.0,10.95,17628.93,-1
2025-01-01,2025-01-01 12:54:00,1631.04,1631.04,1630.99,1630.99,-0.0,10.95,17628.93,-1
2025-01-01,2025-01-01 12:55:00,1630.99,1630.99,1630.94,1630.94,-0.0,10.95,17628.93,-1
2025-01-01,2025-01-01 12:56:00,1630.94,1630.94,1630.9,1630.9,-0.0,10.95,17628.93,-1
2025-01-01,2025-01-01 12:57:00,1630.9,1630.9,1630.85,1630.85,-0.0,10.95,17628.93,-1
2025-01-01,2025-01-01 12:58:00,1630.85,1630.85,1630.8,1630.8,-0.0,10.95,17628.93,-1
2025-01-01,2025-01-01 12:59:00,1630.8,1630.8,1630.75,1630.75,-0.0,10.95,17628.93,-1
2025-01-01,2025-01-01 13:00:00,1630.75,1639.9,1585.0,1630.7,-0.0,10.95,17628.93,-1
2025-01-01,2025-01-01 13:01:00,1630.7,1630.7,1630.65,1630.65,-0.0,10.95,17628.93,-1
2025-01-01,2025-01-01 13:02:00,1630.65,1630.65,1630.6,1630.6,-0.0,10.95,17628.93,-1
2025-01-01,2025-01-01 13:03:00,1630.6,1630.6,1630.56,1630.56,-0.0,10.95,17628.93,-1
2025-01-01,2025-01-01 13:04:00,1630.56,1630.56,1630.51,1630.51,-0.0,10.95,17628.93,-1
2025-01-01,2025-01-01 13:05:00,1630.51,1630.51,1630.46,1630.46,-0.0,10.95,17628.93,-1
2025-01-01,2025-01-01 13:06:00,1630.46,1630.46,1630.41,1630.41,-0.0,10.95,17628.93,-1
2025-01-01,2025-01-01 13:07:00,1630.41,1630.41,1630.36,1630.36,-0.0,10.95,17628.93,-1
2025-01-01,2025-01-01 13:08:00,1630.36,1630.36,1630.31,1630.31,-0.0,10.95,17628.93,-1
2025-01-01,2025-01-01 13:09:00,1630.31,1630.31,1630.26,1630.26,-0.0,10.95,17628.93,-1
2025-01-01,2025-01-01 13:10:00,1630.26,1630.26,1630.21,1630.21,-0.0,10.95,17628.93,-1
2025-01-01,2025-01-01 13:11:00,1630.21,1630.21,1630.16,1630.16,-0.0,10.95,17628.93,-1
2025-01-01,2025-01-01 13:12:00,1630.16,1630.16,1630.12,1630.12,-0.0,10.95,17628.93,-1
2025-01-01,2025-01-01 13:13:00,1630.12,1630.12,1630.07,1630.07,-0.0,10.95,17628.93,-1
2025-01-01,2025-01-01 13:14:00,1630.07,1630.07,1630.02,1630.02,-0.0,10.95,17628.93,-1
2025-01-01,2025-01-01 13:15:00,1630.02,1630.02,1629.97,1629.97,-0.0,10.95,17628.93,-1
2025-01-01,2025-01-01 13:16:00,1629.97,1629.97,1629.92,1629.92,-0.0,10.95,17628.93,-1
2025-01-01,2025-01-01 13:17:00,1629.92,1629.92,1629.87,1629.87,-0.0,10.95,17628.93,-1
2025-01-01,2025-01-01 13:18:00,1629.87,1629.87,1629.82,1629.82,-0.0,10.95,17628.93,-1
2025-01-01,2025-01-01 13:19:00,1629.82,1629.82,1629.78,1629.78,-0.0,10.95,17628.93,-1
2025-01-01,2025-01-01 13:20:00,1629.78,1629.78,1629.73,1629.73,-0.0,10.95,17628.93,-1
2025-01-01,2025-01-01 13:21:00,1629.73,1629.73,1629.68,1629.68,-0.0,10.95,17628.93,-1
2025-01-01,2025-01-01 13:22:00,1629.68,1629.68,1629.63,1629.63,-0.0,10.95,17628.93,-1
2025-01-01,2025-01-01 13:23:00,1629.63,1629.63,1629.58,1629.58,-0.0,10.95,17628.93,-1
2025-01-01,2025-01-01 13:24:00,1629.58,1629.58,1629.53,1629.53,-0.0,10.95,17628.93,-1
2025-01-01,2025-01-01 13:25:00,1629.53,1629.53,1629.48,1629.48,-0.0,10.95,17628.93,-1
2025-01-01,2025-01-01 13:26:00,1629.48,1629.48,1629.43,1629.43,-0.0,10.95,17628.93,-1
2025-01-01,2025-01-01 13:27:00,1629.43,1629.43,1629.38,1629.38,-0.0,10.95,17628.93,-1
2025-01-01,2025-01-01 13:28:00,1629.38,1629.38,1629.34,1629.34,-0.0,10.95,17628.93,-1
2025-01-01,2025-01-01 13:29:00,1629.34,1629.34,1629.29,1629.29,-0.0,10.95,17628.93,-1
2025-01-01,2025-01-01 13:30:00,1629.29,1629.29,1629.24,1629.24,-0.0,10.95,17628.93,-1
2025-01-01,2025-01-01 13:31:00,1629.24,1629.24,1629.19,1629.19,-0.0,10.95,17628.93,-1
2025-01-01,2025-01-01 13:32:00,1629.19,1629.19,1629.14,1629.14,-0.0,10.95,17628.93,-1
2025-01-01,2025-01-01 13:33:00,1629.14,1629.14,1629.09,1629.09,-0.0,10.95,17628.93,-1
2025-01-01,2025-01-01 13:34:00,1629.09,1629.09,1629.04,1629.04,-0.0,10.95,17628.93,-1
2025-01-01,2025-01-01 13:35:00,1629.04,1629.04,1629.0,1629.0,-0.0,10.95,17628.93,-1
2025-01-01,2025-01-01 13:36:00,1629.0,1629.0,1628.95,1628.95,-0.0,10.95,17628.93,-1
2025-01-01,2025-01-01 13:37:00,1628.95,1628.95,1628.9,1628.9,-0.0,10.95,17628.93,-1
2025-01-01,2025-01-01 13:38:00,1628.9,1628.9,1628.85,1628.85,-0.0,10.95,17628.93,-1
2025-01-01,2025-01-01 13:39:00,1628.85,1628.85,1628.8,1628.8,-0.0,10.95,17628.93,-1
2025-01-01,2025-01-01 13:40:00,1628.8,1628.8,1628.75,1628.75,-0.0,10.95,17628.93,-1
2025-01-01,2025-01-01 13:41:00,1628.75,1628.75,1628.7,1628.7,-0.0,10.95,17628.93,-1
2025-01-01,2025-01-01 13:42:00,1628.7,1628.7,1628.65,1628.65,-0.0,10.95,17628.93,-1
2025-01-01,2025-01-01 13:43:00,1628.65,1628.65,1628.61,1628.61,-0.0,10.95,17628.93,-1
2025-01-01,2025-01-01 13:44:00,1628.61,1628.61,1628.56,1628.56,-0.0,10.95,17628.93,-1
2025-01-01,2025-01-01 13:45:00,1628.56,1628.56,1628.51,1628.51,-0.0,10.95,17628.93,-1
2025-01-01,2025-01-01 13:46:00,1628.51,1628.51,1628.46,1628.46,-0.0,10.95,17628.93,-1
2025-01-01,2025-01-01 13:47:00,1628.46,1628.46,1628.41,1628.41,-0.0,10.95,17628.93,-1
2025-01-01,2025-01-01 13:48:00,1628.41,1628.41,1628.36,1628.36,-0.0,10.95,17628.93,-1
2025-01-01,2025-01-01 13:49:00,1628.36,1628.36,1628.31,1628.31,-0.0,10.95,17628.93,-1
2025-01-01,2025-01-01 13:50:00,1628.31,1628.31,1628.26,1628.26,-0.0,10.95,17628.93,-1
2025-01-01,2025-01-01 13:51:00,1628.26,1628.26,1628.22,1628.22,-0.0,10.95,17628.93,-1
2025-01-01,2025-01-01 13:52:00,1628.22,1628.22,1628.17,1628.17,-0.0,10.95,17628.93,-1
2025-01-01,2025-01-01 13:53:00,1628.17,1628.17,1628.12,1628.12,-0.0,10.95,17628.93,-1
2025-01-01,2025-01-01 13:54:00,1628.12,1628.12,1628.07,1628.07,-0.0,10.95,17628.93,-1
2025-01-01,2025-01-01 13:55:00,1628.07,1628.07,1628.02,1628.02,-0.0,10.95,17628.93,-1
2025-01-01,2025-01-01 13:56:00,1628.02,1628.02,1627.97,1627.97,-0.0,10.95,17628.93,-1
2025-01-01,2025-01-01 13:57:00,1627.97,1627.97,1627.92,1627.92,-0.0,10.95,17628.93,-1
2025-01-01,2025-01-01 13:58:00,1627.92,1627.92,1627.87,1627.87,-0.0,10.95,17628.93,-1
2025-01-01,2025-01-01 13:59:00,1627.87,1627.87,1627.83,1627.83,-0.0,10.95,17628.93,-1
2025-01-01,2025-01-01 14:00:00,1627.83,1627.83,1627.78,1627.78,-0.0,10.95,17628.93,-1
2025-01-01,2025-01-01 14:01:00,1627.78,1627.78,1627.73,1627.73,-0.0,10.95,17628.93,-1
2025-01-01,2025-01-01 14:02:00,1627.73,1627.73,1627.68,1627.68,-0.0,10.95,17628.93,-1
2025-01-01,2025-01-01 14:03:00,1627.68,1627.68,1627.63,1627.63,-0.0,10.95,17628.93,-1
2025-01-01,2025-01-01 14:04:00,1627.63,1627.63,1627.58,1627.58,-0.0,10.95,17628.93,-1
2025-01-01,2025-01-01 14:05:00,1627.58,1627.58,1627.53,1627.53,-0.0,10.95,17628.93,-1
2025-01-01,2025-01-01 14:06:00,1627.53,1627.53,1627.48,1627.48,-0.0,10.95,17628.93,-1
2025-01-01,2025-01-01 14:07:00,1627.48,1627.48,1627.43,1627.43,-0.0,10.95,17628.93,-1
2025-01-01,2025-01-01 14:08:00,1627.43,1627.43,1627.39,1627.39,-0.0,10.95,17628.93,-1
2025-01-01,2025-01-01 14:09:00,1627.39,1627.39,1627.34,1627.34,-0.0,10.95,17628.93,-1
2025-01-01,2025-01-01 14:10:00,1627.34,1627.34,1627.29,1627.29,-0.0,10.95,17628.93,-1
2025-01-01,2025-01-01 14:11:00,1627.29,1627.29,1627.24,1627.24,-0.0,10.95,17628.93,-1
2025-01-01,2025-01-01 14:12:00,1627.24,1627.24,1627.19,1627.19,-0.0,10.95,17628.93,-1
2025-01-01,2025-01-01 14:13:00,1627.19,1627.19,1627.14,1627.14,-0.0,10.95,17628.93,-1
2025-01-01,2025-01-01 14:14:00,1627.14,1627.14,1627.09,1627.09,-0.0,10.95,17628.93,-1
2025-01-01,2025-01-01 14:15:00,1627.09,1627.09,1627.05,1627.05,-0.0,10.95,17628.93,-1
2025-01-01,2025-01-01 14:16:00,1627.05,1627.05,1627.0,1627.0,-0.0,10.95,17628.93,-1
2025-01-01,2025-01-01 14:17:00,1627.0,1627.0,1626.95,1626.95,-0.0,10.95,17628.93,-1
2025-01-01,2025-01-01 14:18:00,1626.95,1626.95,1626.9,1626.9,-0.0,10.95,17628.93,-1
2025-01-01,2025-01-01 14:19:00,1626.9,1626.9,1626.85,1626.85,-0.0,10.95,17628.93,-1
2025-01-01,2025-01-01 14:20:00,1626.85,1626.85,1626.8,1626.8,-0.0,10.95,17628.93,-1
2025-01-01,2025-01-01 14:21:00,1626.8,1626.8,1626.75,1626.75,-0.0,10.95,17628.93,-1
2025-01-01,2025-01-01 14:22:00,1626.75,1626.75,1626.7,1626.7,-0.0,10.95,17628.93,-1
2025-01-01,2025-01-01 14:23:00,1626.7,1626.7,1626.65,1626.65,-0.0,10.95,17628.93,-1
2025-01-01,2025-01-01 14:24:00,1626.65,1626.65,1626.61,1626.61,-0.0,10.95,17628.93,-1
2025-01-01,2025-01-01 14:25:00,1626.61,1626.61,1626.56,1626.56,-0.0,10.95,17628.93,-1
2025-01-01,2025-01-01 14:26:00,1626.56,1626.56,1626.51,1626.51,-0.0,10.95,17628.93,-1
2025-01-01,2025-01-01 14:27:00,1626.51,1626.51,1626.46,1626.46,-0.0,10.95,17628.93,-1
2025-01-01,2025-01-01 14:28:00,1626.46,1626.46,1626.41,1626.41,-0.0,10.95,17628.93,-1
2025-01-01,2025-01-01 14:29:00,1626.41,1626.41,1626.36,1626.36,-0.0,10.95,17628.93,-1
2025-01-01,2025-01-01 14:30:00,1626.36,1626.36,1626.31,1626.31,-0.0,10.95,17628.93,-1
2025-01-01,2025-01-01 14:31:00,1626.31,1626.31,1626.27,1626.27,-0.0,10.95,17628.93,-1
2025-01-01,2025-01-01 14:32:00,1626.27,1626.27,1626.22,1626.22,-0.0,10.95,17628.93,-1
2025-01-01,2025-01-01 14:33:00,1626.22,1626.22,1626.17,1626.17,-0.0,10.95,17628.93,-1
2025-01-01,2025-01-01 14:34:00,1626.17,1626.17,1626.12,1626.12,-0.0,10.95,17628.93,-1
2025-01-01,2025-01-01 14:35:00,1626.12,1626.12,1626.07,1626.07,-0.0,10.95,17628.93,-1
2025-01-01,2025-01-01 14:36:00,1626.07,1626.07,1626.02,1626.02,-0.0,10.95,17628.93,-1
2025-01-01,2025-01-01 14:37:00,1626.02,1626.02,1625.97,1625.97,-0.0,10.95,17628.93,-1
2025-01-01,2025-01-01 14:38:00,1625.97,1625.97,1625.92,1625.92,-0.0,10.95,17628.93,-1
2025-01-01,2025-01-01 14:39:00,1625.92,1625.92,1625.88,1625.88,-0.0,10.95,17628.93,-1
2025-01-01,2025-01-01 14:40:00,1625.88,1625.88,1625.83,1625.83,-0.0,10.95,17628.93,-1
2025-01-01,2025-01-01 14:41:00,1625.83,1625.83,1625.78,1625.78,-0.0,10.95,17628.93,-1
2025-01-01,2025-01-01 14:42:00,1625.78,1625.78,1625.73,1625.73,-0.0,10.95,17628.93,-1
2025-01-01,2025-01-01 14:43:00,1625.73,1625.73,1625.68,1625.68,-0.0,10.95,17628.93,-1
2025-01-01,2025-01-01 14:44:00,1625.68,1625.68,1625.63,1625.63,-0.0,10.95,17628.93,-1
2025-01-01,2025-01-01 14:45:00,1625.63,1625.63,1625.58,1625.58,-0.0,10.95,17628.93,-1
2025-01-01,2025-01-01 14:46:00,1625.58,1625.58,1625.53,1625.53,-0.0,10.95,17628.93,-1
2025-01-01,2025-01-01 14:47:00,1625.53,1625.53,1625.49,1625.49,-0.0,10.95,17628.93,-1
2025-01-01,2025-01-01 14:48:00,1625.49,1625.49,1625.44,1625.44,-0.0,10.95,17628.93,-1
2025-01-01,2025-01-01 14:49:00,1625.44,1625.44,1625.39,1625.39,-0.0,10.95,17628.93,-1
2025-01-01,2025-01-01 14:50:00,1625.39,1625.39,1625.34,1625.34,-0.0,10.95,17628.93,-1
2025-01-01,2025-01-01 14:51:00,1625.34,1625.34,1625.29,1625.29,-0.0,10.95,17628.93,-1
2025-01-01,2025-01-01 14:52:00,1625.29,1625.29,1625.24,1625.24,-0.0,10.95,17628.93,-1
2025-01-01,2025-01-01 14:53:00,1625.24,1625.24,1625.19,1625.19,-0.0,10.95,17628.93,-1
2025-01-01,2025-01-01 14:54:00,1625.19,1625.19,1625.14,1625.14,-0.0,10.95,17628.93,-1
2025-01-01,2025-01-01 14:55:00,1625.14,1625.14,1625.1,1625.1,-0.0,10.95,17628.93,-1
2025-01-01,2025-01-01 14:56:00,1625.1,1625.1,1625.05,1625.05,-0.0,10.95,17628.93,-1
2025-01-01,2025-01-01 14:57:00,1625.05,1625.05,1625.0,1625.0,-0.0,10.95,17628.93,-1
2025-01-01,2025-01-01 14:58:00,1625.0,1625.0,1624.95,1624.95,-0.0,10.95,17628.93,-1
2025-01-01,2025-01-01 14:59:00,1624.95,1624.95,1624.9,1624.9,-0.0,10.95,17628.93,-1
2025-01-01,2025-01-01 15:00:00,1624.9,1639.9,1585.0,1624.9,0.0,10.95,17628.93,0
2025-01-02,2025-01-02 11:00:00,1600.0,1608.97,1585.0,1599.92,-0.0,17.83,28191.11,-1
2025-01-02,2025-01-02 11:01:00,1599.92,1599.92,1599.85,1599.85,-0.0,17.83,28191.11,-1
2025-01-02,2025-01-02 11:02:00,1599.85,1599.85,1599.77,1599.77,-0.01,17.83,28191.11,-1
2025-01-02,2025-01-02 11:03:00,1599.77,1599.77,1599.69,1599.69,-0.01,17.83,28191.11,-1
2025-01-02,2025-01-02 11:04:00,1599.69,1599.69,1599.61,1599.61,-0.01,17.83,28191.11,-1
2025-01-02,2025-01-02 11:05:00,1599.61,1599.61,1599.54,1599.54,-0.0,17.83,28191.11,-1
2025-01-02,2025-01-02 11:06:00,1599.54,1599.54,1599.46,1599.46,-0.01,17.83,28191.11,-1
2025-01-02,2025-01-02 11:07:00,1599.46,1599.46,1599.38,1599.38,-0.01,17.83,28191.11,-1
2025-01-02,2025-01-02 11:08:00,1599.38,1599.38,1599.31,1599.31,-0.0,17.83,28191.11,-1
2025-01-02,2025-01-02 11:09:00,1599.31,1599.31,1599.23,1599.23,-0.01,17.83,28191.11,-1
2025-01-02,2025-01-02 11:10:00,1599.23,1599.23,1599.15,1599.15,-0.01,17.83,28191.11,-1
2025-01-02,2025-01-02 11:11:00,1599.15,1599.15,1599.08,1599.08,-0.0,17.83,28191.11,-1
2025-01-02,2025-01-02 11:12:00,1599.08,1599.08,1599.0,1599.0,-0.01,17.83,28191.11,-1
2025-01-02,2025-01-02 11:13:00,1599.0,1599.0,1598.92,1598.92,-0.01,17.83,28191.11,-1
2025-01-02,2025-01-02 11:14:00,1598.92,1598.92,1598.84,1598.84,-0.01,17.83,28191.11,-1
2025-01-02,2025-01-02 11:15:00,1598.84,1598.84,1598.77,1598.77,-0.0,17.83,28191.11,-1
2025-01-02,2025-01-02 11:16:00,1598.77,1598.77,1598.69,1598.69,-0.01,17.83,28191.11,-1
2025-01-02,2025-01-02 11:17:00,1598.69,1598.69,1598.61,1598.61,-0.01,17.83,28191.11,-1
2025-01-02,2025-01-02 11:18:00,1598.61,1598.61,1598.54,1598.54,-0.0,17.83,28191.11,-1
2025-01-02,2025-01-02 11:19:00,1598.54,1598.54,1598.46,1598.46,-0.01,17.83,28191.11,-1
2025-01-02,2025-01-02 11:20:00,1598.46,1598.46,1598.38,1598.38,-0.01,17.83,28191.11,-1
2025-01-02,2025-01-02 11:21:00,1598.38,1598.38,1598.3,1598.3,-0.01,17.83,28191.11,-1
2025-01-02,2025-01-02 11:22:00,1598.3,1598.3,1598.23,1598.23,-0.0,17.83,28191.11,-1
2025-01-02,2025-01-02 11:23:00,1598.23,1598.23,1598.15,1598.15,-0.01,17.83,28191.11,-1
2025-01-02,2025-01-02 11:24:00,1598.15,1598.15,1598.07,1598.07,-0.01,17.83,28191.11,-1
2025-01-02,2025-01-02 11:25:00,1598.07,1598.07,1598.0,1598.0,-0.0,17.83,28191.11,-1
2025-01-02,2025-01-02 11:26:00,1598.0,1598.0,1597.92,1597.92,-0.01,17.83,28191.11,-1
2025-01-02,2025-01-02 11:27:00,1597.92,1597.92,1597.84,1597.84,-0.01,17.83,28191.11,-1
2025-01-02,2025-01-02 11:28:00,1597.84,1597.84,1597.76,1597.76,-0.01,17.83,28191.11,-1
2025-01-02,2025-01-02 11:29:00,1597.76,1597.76,1597.69,1597.69,-0.0,17.83,28191.11,-1
2025-01-02,2025-01-02 11:30:00,1597.69,1597.69,1597.61,1597.61,-0.01,17.83,28191.11,-1
2025-01-02,2025-01-02 11:31:00,1597.61,1597.61,1597.53,1597.53,-0.01,17.83,28191.11,-1
2025-01-02,2025-01-02 11:32:00,1597.53,1597.53,1597.46,1597.46,-0.0,17.83,28191.11,-1
2025-01-02,2025-01-02 11:33:00,1597.46,1597.46,1597.38,1597.38,-0.01,17.83,28191.11,-1
2025-01-02,2025-01-02 11:34:00,1597.38,1597.38,1597.3,1597.3,-0.01,17.83,28191.11,-1
2025-01-02,2025-01-02 11:35:00,1597.3,1597.3,1597.22,1597.22,-0.01,17.83,28191.11,-1
2025-01-02,2025-01-02 11:36:00,1597.22,1597.22,1597.15,1597.15,-0.0,17.83,28191.11,-1
2025-01-02,2025-01-02 11:37:00,1597.15,1597.15,1597.07,1597.07,-0.01,17.83,28191.11,-1
2025-01-02,2025-01-02 11:38:00,1597.07,1597.07,1596.99,1596.99,-0.01,17.83,28191.11,-1
2025-01-02,2025-01-02 11:39:00,1596.99,1596.99,1596.92,1596.92,-0.0,17.83,28191.11,-1
2025-01-02,2025-01-02 11:40:00,1596.92,1596.92,1596.84,1596.84,-0.01,17.83,28191.11,-1
2025-01-02,2025-01-02 11:41:00,1596.84,1596.84,1596.76,1596.76,-0.01,17.83,28191.11,-1
2025-01-02,2025-01-02 11:42:00,1596.76,1596.76,1596.69,1596.69,-0.0,17.83,28191.11,-1
2025-01-02,2025-01-02 11:43:00,1596.69,1596.69,1596.61,1596.61,-0.01,17.83,28191.11,-1
2025-01-02,2025-01-02 11:44:00,1596.61,1596.61,1596.53,1596.53,-0.01,17.83,28191.11,-1
2025-01-02,2025-01-02 11:45:00,1596.53,1596.53,1596.45,1596.45,-0.01,17.83,28191.11,-1
2025-01-02,2025-01-02 11:46:00,1596.45,1596.45,1596.38,1596.38,-0.0,17.83,28191.11,-1
2025-01-02,2025-01-02 11:47:00,1596.38,1596.38,1596.3,1596.3,-0.01,17.83,28191.11,-1
2025-01-02,2025-01-02 11:48:00,1596.3,1596.3,1596.22,1596.22,-0.01,17.83,28191.11,-1
2025-01-02,2025-01-02 11:49:00,1596.22,1596.22,1596.15,1596.15,-0.0,17.83,28191.11,-1
2025-01-02,2025-01-02 11:50:00,1596.15,1596.15,1596.07,1596.07,-0.01,17.83,28191.11,-1
2025-01-02,2025-01-02 11:51:00,1596.07,1596.07,1595.99,1595.99,-0.01,17.83,28191.11,-1
2025-01-02,2025-01-02 11:52:00,1595.99,1595.99,1595.91,1595.91,-0.01,17.83,28191.11,-1
2025-01-02,2025-01-02 11:53:00,1595.91,1595.91,1595.84,1595.84,-0.0,17.83,28191.11,-1
2025-01-02,2025-01-02 11:54:00,1595.84,1595.84,1595.76,1595.76,-0.01,17.83,28191.11,-1
2025-01-02,2025-01-02 11:55:00,1595.76,1595.76,1595.68,1595.68,-0.01,17.83,28191.11,-1
2025-01-02,2025-01-02 11:56:00,1595.68,1595.68,1595.61,1595.61,-0.0,17.83,28191.11,-1
2025-01-02,2025-01-02 11:57:00,1595.61,1595.61,1595.53,1595.53,-0.01,17.83,28191.11,-1
2025-01-02,2025-01-02 11:58:00,1595.53,1595.53,1595.45,1595.45,-0.01,17.83,28191.11,-1
2025-01-02,2025-01-02 11:59:00,1595.45,1595.45,1595.38,1595.38,-0.0,17.83,28191.11,-1
2025-01-02,2025-01-02 12:00:00,1595.38,1595.38,1595.3,1595.3,-0.01,17.83,28191.11,-1
2025-01-02,2025-01-02 12:01:00,1595.3,1595.3,1595.22,1595.22,-0.01,17.83,28191.11,-1
2025-01-02,2025-01-02 12:02:00,1595.22,1595.22,1595.14,1595.14,-0.01,17.83,28191.11,-1
2025-01-02,2025-01-02 12:03:00,1595.14,1595.14,1595.07,1595.07,-0.0,17.83,28191.11,-1
2025-01-02,2025-01-02 12:04:00,1595.07,1595.07,1594.99,1594.99,-0.01,17.83,28191.11,-1
2025-01-02,2025-01-02 12:05:00,1594.99,1594.99,1594.91,1594.91,-0.01,17.83,28191.11,-1
2025-01-02,2025-01-02 12:06:00,1594.91,1594.91,1594.84,1594.84,-0.0,17.83,28191.11,-1
2025-01-02,2025-01-02 12:07:00,1594.84,1594.84,1594.76,1594.76,-0.01,17.83,28191.11,-1
2025-01-02,2025-01-02 12:08:00,1594.76,1594.76,1594.68,1594.68,-0.01,17.83,28191.11,-1
2025-01-02,2025-01-02 12:09:00,1594.68,1594.68,1594.6,1594.6,-0.01,17.83,28191.11,-1
2025-01-02,2025-01-02 12:10:00,1594.6,1594.6,1594.53,1594.53,-0.0,17.83,28191.11,-1
2025-01-02,2025-01-02 12:11:00,1594.53,1594.53,1594.45,1594.45,-0.01,17.83,28191.11,-1
2025-01-02,2025-01-02 12:12:00,1594.45,1594.45,1594.37,1594.37,-0.01,17.83,28191.11,-1
2025-01-02,2025-01-02 12:13:00,1594.37,1594.37,1594.3,1594.3,-0.0,17.83,28191.11,-1
2025-01-02,2025-01-02 12:14:00,1594.3,1594.3,1594.22,1594.22,-0.01,17.83,28191.11,-1
2025-01-02,2025-01-02 12:15:00,1594.22,1594.22,1594.14,1594.14,-0.01,17.83,28191.11,-1
2025-01-02,2025-01-02 12:16:00,1594.14,1594.14,1594.06,1594.06,-0.01,17.83,28191.11,-1
2025-01-02,2025-01-02 12:17:00,1594.06,1594.06,1593.99,1593.99,-0.0,17.83,28191.11,-1
2025-01-02,2025-01-02 12:18:00,1593.99,1593.99,1593.91,1593.91,-0.01,17.83,28191.11,-1
2025-01-02,2025-01-02 12:19:00,1593.91,1593.91,1593.83,1593.83,-0.01,17.83,28191.11,-1
2025-01-02,2025-01-02 12:20:00,1593.83,1593.83,1593.76,1593.76,-0.0,17.83,28191.11,-1
2025-01-02,2025-01-02 12:21:00,1593.76,1593.76,1593.68,1593.68,-0.01,17.83,28191.11,-1
2025-01-02,2025-01-02 12:22:00,1593.68,1593.68,1593.6,1593.6,-0.01,17.83,28191.11,-1
2025-01-02,2025-01-02 12:23:00,1593.6,1593.6,1593.53,1593.53,-0.0,17.83,28191.11,-1
2025-01-02,2025-01-02 12:24:00,1593.53,1593.53,1593.45,1593.45,-0.01,17.83,28191.11,-1
2025-01-02,2025-01-02 12:25:00,1593.45,1593.45,1593.37,1593.37,-0.01,17.83,28191.11,-1
2025-01-02,2025-01-02 12:26:00,1593.37,1593.37,1593.29,1593.29,-0.01,17.83,28191.11,-1
2025-01-02,2025-01-02 12:27:00,1593.29,1593.29,1593.22,1593.22,-0.0,17.83,28191.11,-1
2025-01-02,2025-01-02 12:28:00,1593.22,1593.22,1593.14,1593.14,-0.01,17.83,28191.11,-1
2025-01-02,2025-01-02 12:29:00,1593.14,1593.14,1593.06,1593.06,-0.01,17.83,28191.11,-1
2025-01-02,2025-01-02 12:30:00,1593.06,1593.06,1592.99,1592.99,-0.0,17.83,28191.11,-1
2025-01-02,2025-01-02 12:31:00,1592.99,1592.99,1592.91,1592.91,-0.01,17.83,28191.11,-1
2025-01-02,2025-01-02 12:32:00,1592.91,1592.91,1592.83,1592.83,-0.01,17.83,28191.11,-1
2025-01-02,2025-01-02 12:33:00,1592.83,1592.83,1592.75,1592.75,-0.01,17.83,28191.11,-1
2025-01-02,2025-01-02 12:34:00,1592.75,1592.75,1592.68,1592.68,-0.0,17.83,28191.11,-1
2025-01-02,2025-01-02 12:35:00,1592.68,1592.68,1592.6,1592.6,-0.01,17.83,28191.11,-1
2025-01-02,2025-01-02 12:36:00,1592.6,1592.6,1592.52,1592.52,-0.01,17.83,28191.11,-1
2025-01-02,2025-01-02 12:37:00,1592.52,1592.52,1592.45,1592.45,-0.0,17.83,28191.11,-1
2025-01-02,2025-01-02 12:38:00,1592.45,1592.45,1592.37,1592.37,-0.01,17.83,28191.11,-1
2025-01-02,2025-01-02 12:39:00,1592.37,1592.37,1592.29,1592.29,-0.01,17.83,28191.11,-1
2025-01-02,2025-01-02 12:40:00,1592.29,1592.29,1592.21,1592.21,-0.01,17.83,28191.11,-1
2025-01-02,2025-01-02 12:41:00,1592.21,1592.21,1592.14,1592.14,-0.0,17.83,28191.11,-1
2025-01-02,2025-01-02 12:42:00,1592.14,1592.14,1592.06,1592.06,-0.01,17.83,28191.11,-1
2025-01-02,2025-01-02 12:43:00,1592.06,1592.06,1591.98,1591.98,-0.01,17.83,28191.11,-1
2025-01-02,2025-01-02 12:44:00,1591.98,1591.98,1591.91,1591.91,-0.0,17.83,28191.11,-1
2025-01-02,2025-01-02 12:45:00,1591.91,1591.91,1591.83,1591.83,-0.01,17.83,28191.11,-1
2025-01-02,2025-01-02 12:46:00,1591.83,1591.83,1591.75,1591.75,-0.01,17.83,28191.11,-1
2025-01-02,2025-01-02 12:47:00,1591.75,1591.75,1591.67,1591.67,-0.01,17.83,28191.11,-1
2025-01-02,2025-01-02 12:48:00,1591.67,1591.67,1591.6,1591.6,-0.0,17.83,28191.11,-1
2025-01-02,2025-01-02 12:49:00,1591.6,1591.6,1591.52,1591.52,-0.01,17.83,28191.11,-1
2025-01-02,2025-01-02 12:50:00,1591.52,1591.52,1591.44,1591.44,-0.01,17.83,28191.11,-1
2025-01-02,2025-01-02 12:51:00,1591.44,1591.44,1591.37,1591.37,-0.0,17.83,28191.11,-1
2025-01-02,2025-01-02 12:52:00,1591.37,1591.37,1591.29,1591.29,-0.01,17.83,28191.11,-1
2025-01-02,2025-01-02 12:53:00,1591.29,1591.29,1591.21,1591.21,-0.01,17.83,28191.11,-1
2025-01-02,2025-01-02 12:54:00,1591.21,1591.21,1591.14,1591.14,-0.0,17.83,28191.11,-1
2025-01-02,2025-01-02 12:55:00,1591.14,1591.14,1591.06,1591.06,-0.01,17.83,28191.11,-1
2025-01-02,2025-01-02 12:56:00,1591.06,1591.06,1590.98,1590.98,-0.01,17.83,28191.11,-1
2025-01-02,2025-01-02 12:57:00,1590.98,1590.98,1590.9,1590.9,-0.01,17.83,28191.11,-1
2025-01-02,2025-01-02 12:58:00,1590.9,1590.9,1590.83,1590.83,-0.0,17.83,28191.11,-1
2025-01-02,2025-01-02 12:59:00,1590.83,1590.83,1590.75,1590.75,-0.01,17.83,28191.11,-1
2025-01-02,2025-01-02 13:00:00,1590.75,1629.9,1550.0,1590.67,-0.01,17.83,28191.11,-1
2025-01-02,2025-01-02 13:01:00,1590.67,1590.67,1590.6,1590.6,-0.0,17.83,28191.11,-1
2025-01-02,2025-01-02 13:02:00,1590.6,1590.6,1590.52,1590.52,-0.01,17.83,28191.11,-1
2025-01-02,2025-01-02 13:03:00,1590.52,1590.52,1590.44,1590.44,-0.01,17.83,28191.11,-1
2025-01-02,2025-01-02 13:04:00,1590.44,1590.44,1590.36,1590.36,-0.01,17.83,28191.11,-1
2025-01-02,2025-01-02 13:05:00,1590.36,1590.36,1590.29,1590.29,-0.0,17.83,28191.11,-1
2025-01-02,2025-01-02 13:06:00,1590.29,1590.29,1590.21,1590.21,-0.01,17.83,28191.11,-1
2025-01-02,2025-01-02 13:07:00,1590.21,1590.21,1590.13,1590.13,-0.01,17.83,28191.11,-1
2025-01-02,2025-01-02 13:08:00,1590.13,1590.13,1590.06,1590.06,-0.0,17.83,28191.11,-1
2025-01-02,2025-01-02 13:09:00,1590.06,1590.06,1589.98,1589.98,-0.01,17.83,28191.11,-1
2025-01-02,2025-01-02 13:10:00,1589.98,1589.98,1589.9,1589.9,-0.01,17.83,28191.11,-1
2025-01-02,2025-01-02 13:11:00,1589.9,1589.9,1589.83,1589.83,-0.0,17.83,28191.11,-1
2025-01-02,2025-01-02 13:12:00,1589.83,1589.83,1589.75,1589.75,-0.01,17.83,28191.11,-1
2025-01-02,2025-01-02 13:13:00,1589.75,1589.75,1589.67,1589.67,-0.01,17.83,28191.11,-1
2025-01-02,2025-01-02 13:14:00,1589.67,1589.67,1589.59,1589.59,-0.01,17.83,28191.11,-1
2025-01-02,2025-01-02 13:15:00,1589.59,1589.59,1589.52,1589.52,-0.0,17.83,28191.11,-1
2025-01-02,2025-01-02 13:16:00,1589.52,1589.52,1589.44,1589.44,-0.01,17.83,28191.11,-1
2025-01-02,2025-01-02 13:17:00,1589.44,1589.44,1589.36,1589.36,-0.01,17.83,28191.11,-1
2025-01-02,2025-01-02 13:18:00,1589.36,1589.36,1589.29,1589.29,-0.0,17.83,28191.11,-1
2025-01-02,2025-01-02 13:19:00,1589.29,1589.29,1589.21,1589.21,-0.01,17.83,28191.11,-1
2025-01-02,2025-01-02 13:20:00,1589.21,1589.21,1589.13,1589.13,-0.01,17.83,28191.11,-1
2025-01-02,2025-01-02 13:21:00,1589.13,1589.13,1589.05,1589.05,-0.01,17.83,28191.11,-1
2025-01-02,2025-01-02 13:22:00,1589.05,1589.05,1588.98,1588.98,-0.0,17.83,28191.11,-1
2025-01-02,2025-01-02 13:23:00,1588.98,1588.98,1588.9,1588.9,-0.01,17.83,28191.11,-1
2025-01-02,2025-01-02 13:24:00,1588.9,1588.9,1588.82,1588.82,-0.01,17.83,28191.11,-1
2025-01-02,2025-01-02 13:25:00,1588.82,1588.82,1588.75,1588.75,-0.0,17.83,28191.11,-1
2025-01-02,2025-01-02 13:26:00,1588.75,1588.75,1588.67,1588.67,-0.01,17.83,28191.11,-1
2025-01-02,2025-01-02 13:27:00,1588.67,1588.67,1588.59,1588.59,-0.01,17.83,28191.11,-1
2025-01-02,2025-01-02 13:28:00,1588.59,1588.59,1588.51,1588.51,-0.01,17.83,28191.11,-1
2025-01-02,2025-01-02 13:29:00,1588.51,1588.51,1588.44,1588.44,-0.0,17.83,28191.11,-1
2025-01-02,2025-01-02 13:30:00,1588.44,1588.44,1588.36,1588.36,-0.01,17.83,28191.11,-1
2025-01-02,2025-01-02 13:31:00,1588.36,1588.36,1588.28,1588.28,-0.01,17.83,28191.11,-1
2025-01-02,2025-01-02 13:32:00,1588.28,1588.28,1588.21,1588.21,-0.0,17.83,28191.11,-1
2025-01-02,2025-01-02 13:33:00,1588.21,1588.21,1588.13,1588.13,-0.01,17.83,28191.11,-1
2025-01-02,2025-01-02 13:34:00,1588.13,1588.13,1588.05,1588.05,-0.01,17.83,28191.11,-1
2025-01-02,2025-01-02 13:35:00,1588.05,1588.05,1587.97,1587.97,-0.01,17.83,28191.11,-1
2025-01-02,2025-01-02 13:36:00,1587.97,1587.97,1587.9,1587.9,-0.0,17.83,28191.11,-1
2025-01-02,2025-01-02 13:37:00,1587.9,1587.9,1587.82,1587.82,-0.01,17.83,28191.11,-1
2025-01-02,2025-01-02 13:38:00,1587.82,1587.82,1587.74,1587.74,-0.01,17.83,28191.11,-1
2025-01-02,2025-01-02 13:39:00,1587.74,1587.74,1587.67,1587.67,-0.0,17.83,28191.11,-1
2025-01-02,2025-01-02 13:40:00,1587.67,1587.67,1587.59,1587.59,-0.01,17.83,28191.11,-1
2025-01-02,2025-01-02 13:41:00,1587.59,1587.59,1587.51,1587.51,-0.01,17.83,28191.11,-1
2025-01-02,2025-01-02 13:42:00,1587.51,1587.51,1587.44,1587.44,-0.0,17.83,28191.11,-1
2025-01-02,2025-01-02 13:43:00,1587.44,1587.44,1587.36,1587.36,-0.01,17.83,28191.11,-1
2025-01-02,2025-01-02 13:44:00,1587.36,1587.36,1587.28,1587.28,-0.01,17.83,28191.11,-1
2025-01-02,2025-01-02 13:45:00,1587.28,1587.28,1587.2,1587.2,-0.01,17.83,28191.11,-1
2025-01-02,2025-01-02 13:46:00,1587.2,1587.2,1587.13,1587.13,-0.0,17.83,28191.11,-1
2025-01-02,2025-01-02 13:47:00,1587.13,1587.13,1587.05,1587.05,-0.01,17.83,28191.11,-1
2025-01-02,2025-01-02 13:48:00,1587.05,1587.05,1586.97,1586.97,-0.01,17.83,28191.11,-1
2025-01-02,2025-01-02 13:49:00,1586.97,1586.97,1586.9,1586.9,-0.0,17.83,28191.11,-1
2025-01-02,2025-01-02 13:50:00,1586.9,1586.9,1586.82,1586.82,-0.01,17.83,28191.11,-1
2025-01-02,2025-01-02 13:51:00,1586.82,1586.82,1586.74,1586.74,-0.01,17.83,28191.11,-1
2025-01-02,2025-01-02 13:52:00,1586.74,1586.74,1586.66,1586.66,-0.01,17.83,28191.11,-1
2025-01-02,2025-01-02 13:53:00,1586.66,1586.66,1586.59,1586.59,-0.0,17.83,28191.11,-1
2025-01-02,2025-01-02 13:54:00,1586.59,1586.59,1586.51,1586.51,-0.01,17.83,28191.11,-1
2025-01-02,2025-01-02 13:55:00,1586.51,1586.51,1586.43,1586.43,-0.01,17.83,28191.11,-1
2025-01-02,2025-01-02 13:56:00,1586.43,1586.43,1586.36,1586.36,-0.0,17.83,28191.11,-1
2025-01-02,2025-01-02 13:57:00,1586.36,1586.36,1586.28,1586.28,-0.01,17.83,28191.11,-1
2025-01-02,2025-01-02 13:58:00,1586.28,1586.28,1586.2,1586.2,-0.01,17.83,28191.11,-1
2025-01-02,2025-01-02 13:59:00,1586.2,1586.2,1586.12,1586.12,-0.01,17.83,28191.11,-1
2025-01-02,2025-01-02 14:00:00,1586.12,1586.12,1586.05,1586.05,-0.0,17.83,28191.11,-1
2025-01-02,2025-01-02 14:01:00,1586.05,1586.05,1585.97,1585.97,-0.01,17.83,28191.11,-1
2025-01-02,2025-01-02 14:02:00,1585.97,1585.97,1585.89,1585.89,-0.01,17.83,28191.11,-1
2025-01-02,2025-01-02 14:03:00,1585.89,1585.89,1585.82,1585.82,-0.0,17.83,28191.11,-1
2025-01-02,2025-01-02 14:04:00,1585.82,1585.82,1585.74,1585.74,-0.01,17.83,28191.11,-1
2025-01-02,2025-01-02 14:05:00,1585.74,1585.74,1585.66,1585.66,-0.01,17.83,28191.11,-1
2025-01-02,2025-01-02 14:06:00,1585.66,1585.66,1585.59,1585.59,-0.0,17.83,28191.11,-1
2025-01-02,2025-01-02 14:07:00,1585.59,1585.59,1585.51,1585.51,-0.01,17.83,28191.11,-1
2025-01-02,2025-01-02 14:08:00,1585.51,1585.51,1585.43,1585.43,-0.01,17.83,28191.11,-1
2025-01-02,2025-01-02 14:09:00,1585.43,1585.43,1585.35,1585.35,-0.01,17.83,28191.11,-1
2025-01-02,2025-01-02 14:10:00,1585.35,1585.35,1585.28,1585.28,-0.0,17.83,28191.11,-1
2025-01-02,2025-01-02 14:11:00,1585.28,1585.28,1585.2,1585.2,-0.01,17.83,28191.11,-1
2025-01-02,2025-01-02 14:12:00,1585.2,1585.2,1585.12,1585.12,-0.01,17.83,28191.11,-1
2025-01-02,2025-01-02 14:13:00,1585.12,1585.12,1585.05,1585.05,-0.0,17.83,28191.11,-1
2025-01-02,2025-01-02 14:14:00,1585.05,1585.05,1584.97,1584.97,-0.01,17.83,28191.11,-1
2025-01-02,2025-01-02 14:15:00,1584.97,1584.97,1584.89,1584.89,-0.01,17.83,28191.11,-1
2025-01-02,2025-01-02 14:16:00,1584.89,1584.89,1584.81,1584.81,-0.01,17.83,28191.11,-1
2025-01-02,2025-01-02 14:17:00,1584.81,1584.81,1584.74,1584.74,-0.0,17.83,28191.11,-1
2025-01-02,2025-01-02 14:18:00,1584.74,1584.74,1584.66,1584.66,-0.01,17.83,28191.11,-1
2025-01-02,2025-01-02 14:19:00,1584.66,1584.66,1584.58,1584.58,-0.01,17.83,28191.11,-1
2025-01-02,2025-01-02 14:20:00,1584.58,1584.58,1584.51,1584.51,-0.0,17.83,28191.11,-1
2025-01-02,2025-01-02 14:21:00,1584.51,1584.51,1584.43,1584.43,-0.01,17.83,28191.11,-1
2025-01-02,2025-01-02 14:22:00,1584.43,1584.43,1584.35,1584.35,-0.01,17.83,28191.11,-1
2025-01-02,2025-01-02 14:23:00,1584.35,1584.35,1584.28,1584.28,-0.0,17.83,28191.11,-1
2025-01-02,2025-01-02 14:24:00,1584.28,1584.28,1584.2,1584.2,-0.01,17.83,28191.11,-1
2025-01-02,2025-01-02 14:25:00,1584.2,1584.2,1584.12,1584.12,-0.01,17.83,28191.11,-1
2025-01-02,2025-01-02 14:26:00,1584.12,1584.12,1584.04,1584.04,-0.01,17.83,28191.11,-1
2025-01-02,2025-01-02 14:27:00,1584.04,1584.04,1583.97,1583.97,-0.0,17.83,28191.11,-1
2025-01-02,2025-01-02 14:28:00,1583.97,1583.97,1583.89,1583.89,-0.01,17.83,28191.11,-1
2025-01-02,2025-01-02 14:29:00,1583.89,1583.89,1583.81,1583.81,-0.01,17.83,28191.11,-1
2025-01-02,2025-01-02 14:30:00,1583.81,1583.81,1583.74,1583.74,-0.0,17.83,28191.11,-1
2025-01-02,2025-01-02 14:31:00,1583.74,1583.74,1583.66,1583.66,-0.01,17.83,28191.11,-1
2025-01-02,2025-01-02 14:32:00,1583.66,1583.66,1583.58,1583.58,-0.01,17.83,28191.11,-1
2025-01-02,2025-01-02 14:33:00,1583.58,1583.58,1583.5,1583.5,-0.01,17.83,28191.11,-1
2025-01-02,2025-01-02 14:34:00,1583.5,1583.5,1583.43,1583.43,-0.0,17.83,28191.11,-1
2025-01-02,2025-01-02 14:35:00,1583.43,1583.43,1583.35,1583.35,-0.01,17.83,28191.11,-1
2025-01-02,2025-01-02 14:36:00,1583.35,1583.35,1583.27,1583.27,-0.01,17.83,28191.11,-1
2025-01-02,2025-01-02 14:37:00,1583.27,1583.27,1583.2,1583.2,-0.0,17.83,28191.11,-1
2025-01-02,2025-01-02 14:38:00,1583.2,1583.2,1583.12,1583.12,-0.01,17.83,28191.11,-1
2025-01-02,2025-01-02 14:39:00,1583.12,1583.12,1583.04,1583.04,-0.01,17.83,28191.11,-1
2025-01-02,2025-01-02 14:40:00,1583.04,1583.04,1582.96,1582.96,-0.01,17.83,28191.11,-1
2025-01-02,2025-01-02 14:41:00,1582.96,1582.96,1582.89,1582.89,-0.0,17.83,28191.11,-1
2025-01-02,2025-01-02 14:42:00,1582.89,1582.89,1582.81,1582.81,-0.01,17.83,28191.11,-1
2025-01-02,2025-01-02 14:43:00,1582.81,1582.81,1582.73,1582.73,-0.01,17.83,28191.11,-1
2025-01-02,2025-01-02 14:44:00,1582.73,1582.73,1582.66,1582.66,-0.0,17.83,28191.11,-1
2025-01-02,2025-01-02 14:45:00,1582.66,1582.66,1582.58,1582.58,-0.01,17.83,28191.11,-1
2025-01-02,2025-01-02 14:46:00,1582.58,1582.58,1582.5,1582.5,-0.01,17.83,28191.11,-1
2025-01-02,2025-01-02 14:47:00,1582.5,1582.5,1582.42,1582.42,-0.01,17.83,28191.11,-1
2025-01-02,2025-01-02 14:48:00,1582.42,1582.42,1582.35,1582.35,-0.0,17.83,28191.11,-1
2025-01-02,2025-01-02 14:49:00,1582.35,1582.35,1582.27,1582.27,-0.01,17.83,28191.11,-1
2025-01-02,2025-01-02 14:50:00,1582.27,1582.27,1582.19,1582.19,-0.01,17.83,28191.11,-1
2025-01-02,2025-01-02 14:51:00,1582.19,1582.19,1582.12,1582.12,-0.0,17.83,28191.11,-1
2025-01-02,2025-01-02 14:52:00,1582.12,1582.12,1582.04,1582.04,-0.01,17.83,28191.11,-1
2025-01-02,2025-01-02 14:53:00,1582.04,1582.04,1581.96,1581.96,-0.01,17.83,28191.11,-1
2025-01-02,2025-01-02 14:54:00,1581.96,1581.96,1581.89,1581.89,-0.0,17.83,28191.11,-1
2025-01-02,2025-01-02 14:55:00,1581.89,1581.89,1581.81,1581.81,-0.01,17.83,28191.11,-1
2025-01-02,2025-01-02 14:56:00,1581.81,1581.81,1581.73,1581.73,-0.01,17.83,28191.11,-1
2025-01-02,2025-01-02 14:57:00,1581.73,1581.73,1581.65,1581.65,-0.01,17.83,28191.11,-1
2025-01-02,2025-01-02 14:58:00,1581.65,1581.65,1581.58,1581.58,-0.0,17.83,28191.11,-1
2025-01-02,2025-01-02 14:59:00,1581.58,1581.58,1581.5,1581.5,-0.01,17.83,28191.11,-1
2025-01-02,2025-01-02 15:00:00,1581.5,1629.9,1550.0,1581.5,0.0,17.83,28191.11,0
2025-01-05,2025-01-05 11:00:00,1560.0,1575.0,1557.0,1560.08,0.01,17.68,27657.08,1
2025-01-05,2025-01-05 11:01:00,1560.08,1560.15,1560.08,1560.15,0.0,17.68,27657.08,1
2025-01-05,2025-01-05 11:02:00,1560.15,1560.22,1560.15,1560.22,0.0,17.68,27657.08,1
2025-01-05,2025-01-05 11:03:00,1560.22,1560.3,1560.22,1560.3,0.01,17.68,27657.08,1
2025-01-05,2025-01-05 11:04:00,1560.3,1560.38,1560.3,1560.38,0.01,17.68,27657.08,1
2025-01-05,2025-01-05 11:05:00,1560.38,1560.45,1560.38,1560.45,0.0,17.68,27657.08,1
2025-01-05,2025-01-05 11:06:00,1560.45,1560.53,1560.45,1560.53,0.01,17.68,27657.08,1
2025-01-05,2025-01-05 11:07:00,1560.53,1560.6,1560.53,1560.6,0.0,17.68,27657.08,1
2025-01-05,2025-01-05 11:08:00,1560.6,1560.67,1560.6,1560.67,0.0,17.68,27657.08,1
2025-01-05,2025-01-05 11:09:00,1560.67,1560.75,1560.67,1560.75,0.01,17.68,27657.08,1
2025-01-05,2025-01-05 11:10:00,1560.75,1560.83,1560.75,1560.83,0.01,17.68,27657.08,1
2025-01-05,2025-01-05 11:11:00,1560.83,1560.9,1560.83,1560.9,0.0,17.68,27657.08,1
2025-01-05,2025-01-05 11:12:00,1560.9,1560.97,1560.9,1560.97,0.0,17.68,27657.08,1
2025-01-05,2025-01-05 11:13:00,1560.97,1561.05,1560.97,1561.05,0.01,17.68,27657.08,1
2025-01-05,2025-01-05 11:14:00,1561.05,1561.12,1561.05,1561.12,0.0,17.68,27657.08,1
2025-01-05,2025-01-05 11:15:00,1561.12,1561.2,1561.12,1561.2,0.01,17.68,27657.08,1
2025-01-05,2025-01-05 11:16:00,1561.2,1561.28,1561.2,1561.28,0.01,17.68,27657.08,1
2025-01-05,2025-01-05 11:17:00,1561.28,1561.35,1561.28,1561.35,0.0,17.68,27657.08,1
2025-01-05,2025-01-05 11:18:00,1561.35,1561.42,1561.35,1561.42,0.0,17.68,27657.08,1
2025-01-05,2025-01-05 11:19:00,1561.42,1561.5,1561.42,1561.5,0.01,17.68,27657.08,1
2025-01-05,2025-01-05 11:20:00,1561.5,1561.58,1561.5,1561.58,0.01,17.68,27657.08,1
2025-01-05,2025-01-05 11:21:00,1561.58,1561.65,1561.58,1561.65,0.0,17.68,27657.08,1
2025-01-05,2025-01-05 11:22:00,1561.65,1561.72,1561.65,1561.72,0.0,17.68,27657.08,1
2025-01-05,2025-01-05 11:23:00,1561.72,1561.8,1561.72,1561.8,0.01,17.68,27657.08,1
2025-01-05,2025-01-05 11:24:00,1561.8,1561.88,1561.8,1561.88,0.01,17.68,27657.08,1
2025-01-05,2025-01-05 11:25:00,1561.88,1561.95,1561.88,1561.95,0.0,17.68,27657.08,1
2025-01-05,2025-01-05 11:26:00,1561.95,1562.03,1561.95,1562.03,0.01,17.68,27657.08,1
2025-01-05,2025-01-05 11:27:00,1562.03,1562.1,1562.03,1562.1,0.0,17.68,27657.08,1
2025-01-05,2025-01-05 11:28:00,1562.1,1562.17,1562.1,1562.17,0.0,17.68,27657.08,1
2025-01-05,2025-01-05 11:29:00,1562.17,1562.25,1562.17,1562.25,0.01,17.68,27657.08,1
2025-01-05,2025-01-05 11:30:00,1562.25,1562.33,1562.25,1562.33,0.01,17.68,27657.08,1
2025-01-05,2025-01-05 11:31:00,1562.33,1562.4,1562.33,1562.4,0.0,17.68,27657.08,1
2025-01-05,2025-01-05 11:32:00,1562.4,1562.47,1562.4,1562.47,0.0,17.68,27657.08,1
2025-01-05,2025-01-05 11:33:00,1562.47,1562.55,1562.47,1562.55,0.01,17.68,27657.08,1
2025-01-05,2025-01-05 11:34:00,1562.55,1562.62,1562.55,1562.62,0.0,17.68,27657.08,1
2025-01-05,2025-01-05 11:35:00,1562.62,1562.7,1562.62,1562.7,0.01,17.68,27657.08,1
2025-01-05,2025-01-05 11:36:00,1562.7,1562.78,1562.7,1562.78,0.01,17.68,27657.08,1
2025-01-05,2025-01-05 11:37:00,1562.78,1562.85,1562.78,1562.85,0.0,17.68,27657.08,1
2025-01-05,2025-01-05 11:38:00,1562.85,1562.92,1562.85,1562.92,0.0,17.68,27657.08,1
2025-01-05,2025-01-05 11:39:00,1562.92,1563.0,1562.92,1563.0,0.01,17.68,27657.08,1
2025-01-05,2025-01-05 11:40:00,1563.0,1563.08,1563.0,1563.08,0.01,17.68,27657.08,1
2025-01-05,2025-01-05 11:41:00,1563.08,1563.15,1563.08,1563.15,0.0,17.68,27657.08,1
2025-01-05,2025-01-05 11:42:00,1563.15,1563.22,1563.15,1563.22,0.0,17.68,27657.08,1
2025-01-05,2025-01-05 11:43:00,1563.22,1563.3,1563.22,1563.3,0.01,17.68,27657.08,1
2025-01-05,2025-01-05 11:44:00,1563.3,1563.38,1563.3,1563.38,0.01,17.68,27657.08,1
2025-01-05,2025-01-05 11:45:00,1563.38,1563.45,1563.38,1563.45,0.0,17.68,27657.08,1
2025-01-05,2025-01-05 11:46:00,1563.45,1563.53,1563.45,1563.53,0.01,17.68,27657.08,1
2025-01-05,2025-01-05 11:47:00,1563.53,1563.6,1563.53,1563.6,0.0,17.68,27657.08,1
2025-01-05,2025-01-05 11:48:00,1563.6,1563.67,1563.6,1563.67,0.0,17.68,27657.08,1
2025-01-05,2025-01-05 11:49:00,1563.67,1563.75,1563.67,1563.75,0.01,17.68,27657.08,1
2025-01-05,2025-01-05 11:50:00,1563.75,1563.83,1563.75,1563.83,0.01,17.68,27657.08,1
2025-01-05,2025-01-05 11:51:00,1563.83,1563.9,1563.83,1563.9,0.0,17.68,27657.08,1
2025-01-05,2025-01-05 11:52:00,1563.9,1563.97,1563.9,1563.97,0.0,17.68,27657.08,1
2025-01-05,2025-01-05 11:53:00,1563.97,1564.05,1563.97,1564.05,0.01,17.68,27657.08,1
2025-01-05,2025-01-05 11:54:00,1564.05,1564.12,1564.05,1564.12,0.0,17.68,27657.08,1
2025-01-05,2025-01-05 11:55:00,1564.12,1564.2,1564.12,1564.2,0.01,17.68,27657.08,1
2025-01-05,2025-01-05 11:56:00,1564.2,1564.28,1564.2,1564.28,0.01,17.68,27657.08,1
2025-01-05,2025-01-05 11:57:00,1564.28,1564.35,1564.28,1564.35,0.0,17.68,27657.08,1
2025-01-05,2025-01-05 11:58:00,1564.35,1564.42,1564.35,1564.42,0.0,17.68,27657.08,1
2025-01-05,2025-01-05 11:59:00,1564.42,1564.5,1564.42,1564.5,0.01,17.68,27657.08,1
2025-01-05,2025-01-05 12:00:00,1564.5,1564.58,1564.5,1564.58,0.01,17.68,27657.08,1
2025-01-05,2025-01-05 12:01:00,1564.58,1564.65,1564.58,1564.65,0.0,17.68,27657.08,1
2025-01-05,2025-01-05 12:02:00,1564.65,1564.72,1564.65,1564.72,0.0,17.68,27657.08,1
2025-01-05,2025-01-05 12:03:00,1564.72,1564.8,1564.72,1564.8,0.01,17.68,27657.08,1
2025-01-05,2025-01-05 12:04:00,1564.8,1564.88,1564.8,1564.88,0.01,17.68,27657.08,1
2025-01-05,2025-01-05 12:05:00,1564.88,1564.95,1564.88,1564.95,0.0,17.68,27657.08,1
2025-01-05,2025-01-05 12:06:00,1564.95,1565.03,1564.95,1565.03,0.01,17.68,27657.08,1
2025-01-05,2025-01-05 12:07:00,1565.03,1565.1,1565.03,1565.1,0.0,17.68,27657.08,1
2025-01-05,2025-01-05 12:08:00,1565.1,1565.17,1565.1,1565.17,0.0,17.68,27657.08,1
2025-01-05,2025-01-05 12:09:00,1565.17,1565.25,1565.17,1565.25,0.01,17.68,27657.08,1
2025-01-05,2025-01-05 12:10:00,1565.25,1565.33,1565.25,1565.33,0.01,17.68,27657.08,1
2025-01-05,2025-01-05 12:11:00,1565.33,1565.4,1565.33,1565.4,0.0,17.68,27657.08,1
2025-01-05,2025-01-05 12:12:00,1565.4,1565.47,1565.4,1565.47,0.0,17.68,27657.08,1
2025-01-05,2025-01-05 12:13:00,1565.47,1565.55,1565.47,1565.55,0.01,17.68,27657.08,1
2025-01-05,2025-01-05 12:14:00,1565.55,1565.62,1565.55,1565.62,0.0,17.68,27657.08,1
2025-01-05,2025-01-05 12:15:00,1565.62,1565.7,1565.62,1565.7,0.01,17.68,27657.08,1
2025-01-05,2025-01-05 12:16:00,1565.7,1565.78,1565.7,1565.78,0.01,17.68,27657.08,1
2025-01-05,2025-01-05 12:17:00,1565.78,1565.85,1565.78,1565.85,0.0,17.68,27657.08,1
2025-01-05,2025-01-05 12:18:00,1565.85,1565.92,1565.85,1565.92,0.0,17.68,27657.08,1
2025-01-05,2025-01-05 12:19:00,1565.92,1566.0,1565.92,1566.0,0.01,17.68,27657.08,1
2025-01-05,2025-01-05 12:20:00,1566.0,1566.08,1566.0,1566.08,0.01,17.68,27657.08,1
2025-01-05,2025-01-05 12:21:00,1566.08,1566.15,1566.08,1566.15,0.0,17.68,27657.08,1
2025-01-05,2025-01-05 12:22:00,1566.15,1566.22,1566.15,1566.22,0.0,17.68,27657.08,1
2025-01-05,2025-01-05 12:23:00,1566.22,1566.3,1566.22,1566.3,0.01,17.68,27657.08,1
2025-01-05,2025-01-05 12:24:00,1566.3,1566.38,1566.3,1566.38,0.01,17.68,27657.08,1
2025-01-05,2025-01-05 12:25:00,1566.38,1566.45,1566.38,1566.45,0.0,17.68,27657.08,1
2025-01-05,2025-01-05 12:26:00,1566.45,1566.53,1566.45,1566.53,0.01,17.68,27657.08,1
2025-01-05,2025-01-05 12:27:00,1566.53,1566.6,1566.53,1566.6,0.0,17.68,27657.08,1
2025-01-05,2025-01-05 12:28:00,1566.6,1566.67,1566.6,1566.67,0.0,17.68,27657.08,1
2025-01-05,2025-01-05 12:29:00,1566.67,1566.75,1566.67,1566.75,0.01,17.68,27657.08,1
2025-01-05,2025-01-05 12:30:00,1566.75,1566.83,1566.75,1566.83,0.01,17.68,27657.08,1
2025-01-05,2025-01-05 12:31:00,1566.83,1566.9,1566.83,1566.9,0.0,17.68,27657.08,1
2025-01-05,2025-01-05 12:32:00,1566.9,1566.97,1566.9,1566.97,0.0,17.68,27657.08,1
2025-01-05,2025-01-05 12:33:00,1566.97,1567.05,1566.97,1567.05,0.01,17.68,27657.08,1
2025-01-05,2025-01-05 12:34:00,1567.05,1567.12,1567.05,1567.12,0.0,17.68,27657.08,1
2025-01-05,2025-01-05 12:35:00,1567.12,1567.2,1567.12,1567.2,0.01,17.68,27657.08,1
2025-01-05,2025-01-05 12:36:00,1567.2,1567.28,1567.2,1567.28,0.01,17.68,27657.08,1
2025-01-05,2025-01-05 12:37:00,1567.28,1567.35,1567.28,1567.35,0.0,17.68,27657.08,1
2025-01-05,2025-01-05 12:38:00,1567.35,1567.42,1567.35,1567.42,0.0,17.68,27657.08,1
2025-01-05,2025-01-05 12:39:00,1567.42,1567.5,1567.42,1567.5,0.01,17.68,27657.08,1
2025-01-05,2025-01-05 12:40:00,1567.5,1567.58,1567.5,1567.58,0.01,17.68,27657.08,1
2025-01-05,2025-01-05 12:41:00,1567.58,1567.65,1567.58,1567.65,0.0,17.68,27657.08,1
2025-01-05,2025-01-05 12:42:00,1567.65,1567.72,1567.65,1567.72,0.0,17.68,27657.08,1
2025-01-05,2025-01-05 12:43:00,1567.72,1567.8,1567.72,1567.8,0.01,17.68,27657.08,1
2025-01-05,2025-01-05 12:44:00,1567.8,1567.88,1567.8,1567.88,0.01,17.68,27657.08,1
2025-01-05,2025-01-05 12:45:00,1567.88,1567.95,1567.88,1567.95,0.0,17.68,27657.08,1
2025-01-05,2025-01-05 12:46:00,1567.95,1568.03,1567.95,1568.03,0.01,17.68,27657.08,1
2025-01-05,2025-01-05 12:47:00,1568.03,1568.1,1568.03,1568.1,0.0,17.68,27657.08,1
2025-01-05,2025-01-05 12:48:00,1568.1,1568.17,1568.1,1568.17,0.0,17.68,27657.08,1
2025-01-05,2025-01-05 12:49:00,1568.17,1568.25,1568.17,1568.25,0.01,17.68,27657.08,1
2025-01-05,2025-01-05 12:50:00,1568.25,1568.33,1568.25,1568.33,0.01,17.68,27657.08,1
2025-01-05,2025-01-05 12:51:00,1568.33,1568.4,1568.33,1568.4,0.0,17.68,27657.08,1
2025-01-05,2025-01-05 12:52:00,1568.4,1568.47,1568.4,1568.47,0.0,17.68,27657.08,1
2025-01-05,2025-01-05 12:53:00,1568.47,1568.55,1568.47,1568.55,0.01,17.68,27657.08,1
2025-01-05,2025-01-05 12:54:00,1568.55,1568.62,1568.55,1568.62,0.0,17.68,27657.08,1
2025-01-05,2025-01-05 12:55:00,1568.62,1568.7,1568.62,1568.7,0.01,17.68,27657.08,1
2025-01-05,2025-01-05 12:56:00,1568.7,1568.78,1568.7,1568.78,0.01,17.68,27657.08,1
2025-01-05,2025-01-05 12:57:00,1568.78,1568.85,1568.78,1568.85,0.0,17.68,27657.08,1
2025-01-05,2025-01-05 12:58:00,1568.85,1568.92,1568.85,1568.92,0.0,17.68,27657.08,1
2025-01-05,2025-01-05 12:59:00,1568.92,1569.0,1568.92,1569.0,0.01,17.68,27657.08,1
2025-01-05,2025-01-05 13:00:00,1569.0,1610.0,1550.0,1569.08,0.01,17.68,27657.08,1
2025-01-05,2025-01-05 13:01:00,1569.08,1569.15,1569.08,1569.15,0.0,17.68,27657.08,1
2025-01-05,2025-01-05 13:02:00,1569.15,1569.22,1569.15,1569.22,0.0,17.68,27657.08,1
2025-01-05,2025-01-05 13:03:00,1569.22,1569.3,1569.22,1569.3,0.01,17.68,27657.08,1
2025-01-05,2025-01-05 13:04:00,1569.3,1569.38,1569.3,1569.38,0.01,17.68,27657.08,1
2025-01-05,2025-01-05 13:05:00,1569.38,1569.45,1569.38,1569.45,0.0,17.68,27657.08,1
2025-01-05,2025-01-05 13:06:00,1569.45,1569.53,1569.45,1569.53,0.01,17.68,27657.08,1
2025-01-05,2025-01-05 13:07:00,1569.53,1569.6,1569.53,1569.6,0.0,17.68,27657.08,1
2025-01-05,2025-01-05 13:08:00,1569.6,1569.67,1569.6,1569.67,0.0,17.68,27657.08,1
2025-01-05,2025-01-05 13:09:00,1569.67,1569.75,1569.67,1569.75,0.01,17.68,27657.08,1
2025-01-05,2025-01-05 13:10:00,1569.75,1569.83,1569.75,1569.83,0.01,17.68,27657.08,1
2025-01-05,2025-01-05 13:11:00,1569.83,1569.9,1569.83,1569.9,0.0,17.68,27657.08,1
2025-01-05,2025-01-05 13:12:00,1569.9,1569.97,1569.9,1569.97,0.0,17.68,27657.08,1
2025-01-05,2025-01-05 13:13:00,1569.97,1570.05,1569.97,1570.05,0.01,17.68,27657.08,1
2025-01-05,2025-01-05 13:14:00,1570.05,1570.12,1570.05,1570.12,0.0,17.68,27657.08,1
2025-01-05,2025-01-05 13:15:00,1570.12,1570.2,1570.12,1570.2,0.01,17.68,27657.08,1
2025-01-05,2025-01-05 13:16:00,1570.2,1570.28,1570.2,1570.28,0.01,17.68,27657.08,1
2025-01-05,2025-01-05 13:17:00,1570.28,1570.35,1570.28,1570.35,0.0,17.68,27657.08,1
2025-01-05,2025-01-05 13:18:00,1570.35,1570.42,1570.35,1570.42,0.0,17.68,27657.08,1
2025-01-05,2025-01-05 13:19:00,1570.42,1570.5,1570.42,1570.5,0.01,17.68,27657.08,1
2025-01-05,2025-01-05 13:20:00,1570.5,1570.58,1570.5,1570.58,0.01,17.68,27657.08,1
2025-01-05,2025-01-05 13:21:00,1570.58,1570.65,1570.58,1570.65,0.0,17.68,27657.08,1
2025-01-05,2025-01-05 13:22:00,1570.65,1570.72,1570.65,1570.72,0.0,17.68,27657.08,1
2025-01-05,2025-01-05 13:23:00,1570.72,1570.8,1570.72,1570.8,0.01,17.68,27657.08,1
2025-01-05,2025-01-05 13:24:00,1570.8,1570.88,1570.8,1570.88,0.01,17.68,27657.08,1
2025-01-05,2025-01-05 13:25:00,1570.88,1570.95,1570.88,1570.95,0.0,17.68,27657.08,1
2025-01-05,2025-01-05 13:26:00,1570.95,1571.03,1570.95,1571.03,0.01,17.68,27657.08,1
2025-01-05,2025-01-05 13:27:00,1571.03,1571.1,1571.03,1571.1,0.0,17.68,27657.08,1
2025-01-05,2025-01-05 13:28:00,1571.1,1571.17,1571.1,1571.17,0.0,17.68,27657.08,1
2025-01-05,2025-01-05 13:29:00,1571.17,1571.25,1571.17,1571.25,0.01,17.68,27657.08,1
2025-01-05,2025-01-05 13:30:00,1571.25,1571.33,1571.25,1571.33,0.01,17.68,27657.08,1
2025-01-05,2025-01-05 13:31:00,1571.33,1571.4,1571.33,1571.4,0.0,17.68,27657.08,1
2025-01-05,2025-01-05 13:32:00,1571.4,1571.47,1571.4,1571.47,0.0,17.68,27657.08,1
2025-01-05,2025-01-05 13:33:00,1571.47,1571.55,1571.47,1571.55,0.01,17.68,27657.08,1
2025-01-05,2025-01-05 13:34:00,1571.55,1571.62,1571.55,1571.62,0.0,17.68,27657.08,1
2025-01-05,2025-01-05 13:35:00,1571.62,1571.7,1571.62,1571.7,0.01,17.68,27657.08,1
2025-01-05,2025-01-05 13:36:00,1571.7,1571.78,1571.7,1571.78,0.01,17.68,27657.08,1
2025-01-05,2025-01-05 13:37:00,1571.78,1571.85,1571.78,1571.85,0.0,17.68,27657.08,1
2025-01-05,2025-01-05 13:38:00,1571.85,1571.92,1571.85,1571.92,0.0,17.68,27657.08,1
2025-01-05,2025-01-05 13:39:00,1571.92,1572.0,1571.92,1572.0,0.01,17.68,27657.08,1
2025-01-05,2025-01-05 13:40:00,1572.0,1572.08,1572.0,1572.08,0.01,17.68,27657.08,1
2025-01-05,2025-01-05 13:41:00,1572.08,1572.15,1572.08,1572.15,0.0,17.68,27657.08,1
2025-01-05,2025-01-05 13:42:00,1572.15,1572.22,1572.15,1572.22,0.0,17.68,27657.08,1
2025-01-05,2025-01-05 13:43:00,1572.22,1572.3,1572.22,1572.3,0.01,17.68,27657.08,1
2025-01-05,2025-01-05 13:44:00,1572.3,1572.38,1572.3,1572.38,0.01,17.68,27657.08,1
2025-01-05,2025-01-05 13:45:00,1572.38,1572.45,1572.38,1572.45,0.0,17.68,27657.08,1
2025-01-05,2025-01-05 13:46:00,1572.45,1572.53,1572.45,1572.53,0.01,17.68,27657.08,1
2025-01-05,2025-01-05 13:47:00,1572.53,1572.6,1572.53,1572.6,0.0,17.68,27657.08,1
2025-01-05,2025-01-05 13:48:00,1572.6,1572.67,1572.6,1572.67,0.0,17.68,27657.08,1
2025-01-05,2025-01-05 13:49:00,1572.67,1572.75,1572.67,1572.75,0.01,17.68,27657.08,1
2025-01-05,2025-01-05 13:50:00,1572.75,1572.83,1572.75,1572.83,0.01,17.68,27657.08,1
2025-01-05,2025-01-05 13:51:00,1572.83,1572.9,1572.83,1572.9,0.0,17.68,27657.08,1
2025-01-05,2025-01-05 13:52:00,1572.9,1572.97,1572.9,1572.97,0.0,17.68,27657.08,1
2025-01-05,2025-01-05 13:53:00,1572.97,1573.05,1572.97,1573.05,0.01,17.68,27657.08,1
2025-01-05,2025-01-05 13:54:00,1573.05,1573.12,1573.05,1573.12,0.0,17.68,27657.08,1
2025-01-05,2025-01-05 13:55:00,1573.12,1573.2,1573.12,1573.2,0.01,17.68,27657.08,1
2025-01-05,2025-01-05 13:56:00,1573.2,1573.28,1573.2,1573.28,0.01,17.68,27657.08,1
2025-01-05,2025-01-05 13:57:00,1573.28,1573.35,1573.28,1573.35,0.0,17.68,27657.08,1
2025-01-05,2025-01-05 13:58:00,1573.35,1573.42,1573.35,1573.42,0.0,17.68,27657.08,1
2025-01-05,2025-01-05 13:59:00,1573.42,1573.5,1573.42,1573.5,0.01,17.68,27657.08,1
2025-01-05,2025-01-05 14:00:00,1573.5,1573.58,1573.5,1573.58,0.01,17.68,27657.08,1
2025-01-05,2025-01-05 14:01:00,1573.58,1573.65,1573.58,1573.65,0.0,17.68,27657.08,1
2025-01-05,2025-01-05 14:02:00,1573.65,1573.72,1573.65,1573.72,0.0,17.68,27657.08,1
2025-01-05,2025-01-05 14:03:00,1573.72,1573.8,1573.72,1573.8,0.01,17.68,27657.08,1
2025-01-05,2025-01-05 14:04:00,1573.8,1573.88,1573.8,1573.88,0.01,17.68,27657.08,1
2025-01-05,2025-01-05 14:05:00,1573.88,1573.95,1573.88,1573.95,0.0,17.68,27657.08,1
2025-01-05,2025-01-05 14:06:00,1573.95,1574.03,1573.95,1574.03,0.01,17.68,27657.08,1
2025-01-05,2025-01-05 14:07:00,1574.03,1574.1,1574.03,1574.1,0.0,17.68,27657.08,1
2025-01-05,2025-01-05 14:08:00,1574.1,1574.17,1574.1,1574.17,0.0,17.68,27657.08,1
2025-01-05,2025-01-05 14:09:00,1574.17,1574.25,1574.17,1574.25,0.01,17.68,27657.08,1
2025-01-05,2025-01-05 14:10:00,1574.25,1574.33,1574.25,1574.33,0.01,17.68,27657.08,1
2025-01-05,2025-01-05 14:11:00,1574.33,1574.4,1574.33,1574.4,0.0,17.68,27657.08,1
2025-01-05,2025-01-05 14:12:00,1574.4,1574.47,1574.4,1574.47,0.0,17.68,27657.08,1
2025-01-05,2025-01-05 14:13:00,1574.47,1574.55,1574.47,1574.55,0.01,17.68,27657.08,1
2025-01-05,2025-01-05 14:14:00,1574.55,1574.62,1574.55,1574.62,0.0,17.68,27657.08,1
2025-01-05,2025-01-05 14:15:00,1574.62,1574.7,1574.62,1574.7,0.01,17.68,27657.08,1
2025-01-05,2025-01-05 14:16:00,1574.7,1574.78,1574.7,1574.78,0.01,17.68,27657.08,1
2025-01-05,2025-01-05 14:17:00,1574.78,1574.85,1574.78,1574.85,0.0,17.68,27657.08,1
2025-01-05,2025-01-05 14:18:00,1574.85,1574.92,1574.85,1574.92,0.0,17.68,27657.08,1
2025-01-05,2025-01-05 14:19:00,1574.92,1575.0,1574.92,1575.0,0.01,17.68,27657.08,1
2025-01-05,2025-01-05 14:20:00,1575.0,1575.08,1575.0,1575.08,0.01,17.68,27657.08,1
2025-01-05,2025-01-05 14:21:00,1575.08,1575.15,1575.08,1575.15,0.0,17.68,27657.08,1
2025-01-05,2025-01-05 14:22:00,1575.15,1575.22,1575.15,1575.22,0.0,17.68,27657.08,1
2025-01-05,2025-01-05 14:23:00,1575.22,1575.3,1575.22,1575.3,0.01,17.68,27657.08,1
2025-01-05,2025-01-05 14:24:00,1575.3,1575.38,1575.3,1575.38,0.01,17.68,27657.08,1
2025-01-05,2025-01-05 14:25:00,1575.38,1575.45,1575.38,1575.45,0.0,17.68,27657.08,1
2025-01-05,2025-01-05 14:26:00,1575.45,1575.53,1575.45,1575.53,0.01,17.68,27657.08,1
2025-01-05,2025-01-05 14:27:00,1575.53,1575.6,1575.53,1575.6,0.0,17.68,27657.08,1
2025-01-05,2025-01-05 14:28:00,1575.6,1575.67,1575.6,1575.67,0.0,17.68,27657.08,1
2025-01-05,2025-01-05 14:29:00,1575.67,1575.75,1575.67,1575.75,0.01,17.68,27657.08,1
2025-01-05,2025-01-05 14:30:00,1575.75,1575.83,1575.75,1575.83,0.01,17.68,27657.08,1
2025-01-05,2025-01-05 14:31:00,1575.83,1575.9,1575.83,1575.9,0.0,17.68,27657.08,1
2025-01-05,2025-01-05 14:32:00,1575.9,1575.97,1575.9,1575.97,0.0,17.68,27657.08,1
2025-01-05,2025-01-05 14:33:00,1575.97,1576.05,1575.97,1576.05,0.01,17.68,27657.08,1
2025-01-05,2025-01-05 14:34:00,1576.05,1576.12,1576.05,1576.12,0.0,17.68,27657.08,1
2025-01-05,2025-01-05 14:35:00,1576.12,1576.2,1576.12,1576.2,0.01,17.68,27657.08,1
2025-01-05,2025-01-05 14:36:00,1576.2,1576.28,1576.2,1576.28,0.01,17.68,27657.08,1
2025-01-05,2025-01-05 14:37:00,1576.28,1576.35,1576.28,1576.35,0.0,17.68,27657.08,1
2025-01-05,2025-01-05 14:38:00,1576.35,1576.42,1576.35,1576.42,0.0,17.68,27657.08,1
2025-01-05,2025-01-05 14:39:00,1576.42,1576.5,1576.42,1576.5,0.01,17.68,27657.08,1
2025-01-05,2025-01-05 14:40:00,1576.5,1576.58,1576.5,1576.58,0.01,17.68,27657.08,1
2025-01-05,2025-01-05 14:41:00,1576.58,1576.65,1576.58,1576.65,0.0,17.68,27657.08,1
2025-01-05,2025-01-05 14:42:00,1576.65,1576.72,1576.65,1576.72,0.0,17.68,27657.08,1
2025-01-05,2025-01-05 14:43:00,1576.72,1576.8,1576.72,1576.8,0.01,17.68,27657.08,1
2025-01-05,2025-01-05 14:44:00,1576.8,1576.88,1576.8,1576.88,0.01,17.68,27657.08,1
2025-01-05,2025-01-05 14:45:00,1576.88,1576.95,1576.88,1576.95,0.0,17.68,27657.08,1
2025-01-05,2025-01-05 14:46:00,1576.95,1577.03,1576.95,1577.03,0.01,17.68,27657.08,1
2025-01-05,2025-01-05 14:47:00,1577.03,1577.1,1577.03,1577.1,0.0,17.68,27657.08,1
2025-01-05,2025-01-05 14:48:00,1577.1,1577.17,1577.1,1577.17,0.0,17.68,27657.08,1
2025-01-05,2025-01-05 14:49:00,1577.17,1577.25,1577.17,1577.25,0.01,17.68,27657.08,1
2025-01-05,2025-01-05 14:50:00,1577.25,1577.33,1577.25,1577.33,0.01,17.68,27657.08,1
2025-01-05,2025-01-05 14:51:00,1577.33,1577.4,1577.33,1577.4,0.0,17.68,27657.08,1
2025-01-05,2025-01-05 14:52:00,1577.4,1577.47,1577.4,1577.47,0.0,17.68,27657.08,1
2025-01-05,2025-01-05 14:53:00,1577.47,1577.55,1577.47,1577.55,0.01,17.68,27657.08,1
2025-01-05,2025-01-05 14:54:00,1577.55,1577.62,1577.55,1577.62,0.0,17.68,27657.08,1
2025-01-05,2025-01-05 14:55:00,1577.62,1577.7,1577.62,1577.7,0.01,17.68,27657.08,1
2025-01-05,2025-01-05 14:56:00,1577.7,1577.78,1577.7,1577.78,0.01,17.68,27657.08,1
2025-01-05,2025-01-05 14:57:00,1577.78,1577.85,1577.78,1577.85,0.0,17.68,27657.08,1
2025-01-05,2025-01-05 14:58:00,1577.85,1577.92,1577.85,1577.92,0.0,17.68,27657.08,1
2025-01-05,2025-01-05 14:59:00,1577.92,1578.0,1577.92,1578.0,0.01,17.68,27657.08,1
2025-01-05,2025-01-05 15:00:00,1578.0,1610.0,1550.0,1578.0,0.0,17.68,27657.08,0
2025-01-06,2025-01-06 11:00:00,1570.0,1577.5,1566.73,1570.04,0.0,30.52,48019.08,1
2025-01-06,2025-01-06 11:01:00,1570.04,1570.08,1570.04,1570.08,0.0,30.52,48019.08,1
2025-01-06,2025-01-06 11:02:00,1570.08,1570.12,1570.08,1570.12,0.0,30.52,48019.08,1
2025-01-06,2025-01-06 11:03:00,1570.12,1570.16,1570.12,1570.16,0.0,30.52,48019.08,1
2025-01-06,2025-01-06 11:04:00,1570.16,1570.21,1570.16,1570.21,0.0,30.52,48019.08,1
2025-01-06,2025-01-06 11:05:00,1570.21,1570.25,1570.21,1570.25,0.0,30.52,48019.08,1
2025-01-06,2025-01-06 11:06:00,1570.25,1570.29,1570.25,1570.29,0.0,30.52,48019.08,1
2025-01-06,2025-01-06 11:07:00,1570.29,1570.33,1570.29,1570.33,0.0,30.52,48019.08,1
2025-01-06,2025-01-06 11:08:00,1570.33,1570.37,1570.33,1570.37,0.0,30.52,48019.08,1
2025-01-06,2025-01-06 11:09:00,1570.37,1570.41,1570.37,1570.41,0.0,30.52,48019.08,1
2025-01-06,2025-01-06 11:10:00,1570.41,1570.45,1570.41,1570.45,0.0,30.52,48019.08,1
2025-01-06,2025-01-06 11:11:00,1570.45,1570.49,1570.45,1570.49,0.0,30.52,48019.08,1
2025-01-06,2025-01-06 11:12:00,1570.49,1570.54,1570.49,1570.54,0.0,30.52,48019.08,1
2025-01-06,2025-01-06 11:13:00,1570.54,1570.58,1570.54,1570.58,0.0,30.52,48019.08,1
2025-01-06,2025-01-06 11:14:00,1570.58,1570.62,1570.58,1570.62,0.0,30.52,48019.08,1
2025-01-06,2025-01-06 11:15:00,1570.62,1570.66,1570.62,1570.66,0.0,30.52,48019.08,1
2025-01-06,2025-01-06 11:16:00,1570.66,1570.7,1570.66,1570.7,0.0,30.52,48019.08,1
2025-01-06,2025-01-06 11:17:00,1570.7,1570.74,1570.7,1570.74,0.0,30.52,48019.08,1
2025-01-06,2025-01-06 11:18:00,1570.74,1570.78,1570.74,1570.78,0.0,30.52,48019.08,1
2025-01-06,2025-01-06 11:19:00,1570.78,1570.83,1570.78,1570.83,0.0,30.52,48019.08,1
2025-01-06,2025-01-06 11:20:00,1570.83,1570.87,1570.83,1570.87,0.0,30.52,48019.08,1
2025-01-06,2025-01-06 11:21:00,1570.87,1570.91,1570.87,1570.91,0.0,30.52,48019.08,1
2025-01-06,2025-01-06 11:22:00,1570.91,1570.95,1570.91,1570.95,0.0,30.52,48019.08,1
2025-01-06,2025-01-06 11:23:00,1570.95,1570.99,1570.95,1570.99,0.0,30.52,48019.08,1
2025-01-06,2025-01-06 11:24:00,1570.99,1571.03,1570.99,1571.03,0.0,30.52,48019.08,1
2025-01-06,2025-01-06 11:25:00,1571.03,1571.07,1571.03,1571.07,0.0,30.52,48019.08,1
2025-01-06,2025-01-06 11:26:00,1571.07,1571.11,1571.07,1571.11,0.0,30.52,48019.08,1
2025-01-06,2025-01-06 11:27:00,1571.11,1571.15,1571.11,1571.15,0.0,30.52,48019.08,1
2025-01-06,2025-01-06 11:28:00,1571.15,1571.2,1571.15,1571.2,0.0,30.52,48019.08,1
2025-01-06,2025-01-06 11:29:00,1571.2,1571.24,1571.2,1571.24,0.0,30.52,48019.08,1
2025-01-06,2025-01-06 11:30:00,1571.24,1571.28,1571.24,1571.28,0.0,30.52,48019.08,1
2025-01-06,2025-01-06 11:31:00,1571.28,1571.32,1571.28,1571.32,0.0,30.52,48019.08,1
2025-01-06,2025-01-06 11:32:00,1571.32,1571.36,1571.32,1571.36,0.0,30.52,48019.08,1
2025-01-06,2025-01-06 11:33:00,1571.36,1571.4,1571.36,1571.4,0.0,30.52,48019.08,1
2025-01-06,2025-01-06 11:34:00,1571.4,1571.44,1571.4,1571.44,0.0,30.52,48019.08,1
2025-01-06,2025-01-06 11:35:00,1571.44,1571.49,1571.44,1571.49,0.0,30.52,48019.08,1
2025-01-06,2025-01-06 11:36:00,1571.49,1571.53,1571.49,1571.53,0.0,30.52,48019.08,1
2025-01-06,2025-01-06 11:37:00,1571.53,1571.57,1571.53,1571.57,0.0,30.52,48019.08,1
2025-01-06,2025-01-06 11:38:00,1571.57,1571.61,1571.57,1571.61,0.0,30.52,48019.08,1
2025-01-06,2025-01-06 11:39:00,1571.61,1571.65,1571.61,1571.65,0.0,30.52,48019.08,1
2025-01-06,2025-01-06 11:40:00,1571.65,1571.69,1571.65,1571.69,0.0,30.52,48019.08,1
2025-01-06,2025-01-06 11:41:00,1571.69,1571.73,1571.69,1571.73,0.0,30.52,48019.08,1
2025-01-06,2025-01-06 11:42:00,1571.73,1571.77,1571.73,1571.77,0.0,30.52,48019.08,1
2025-01-06,2025-01-06 11:43:00,1571.77,1571.82,1571.77,1571.82,0.0,30.52,48019.08,1
2025-01-06,2025-01-06 11:44:00,1571.82,1571.86,1571.82,1571.86,0.0,30.52,48019.08,1
2025-01-06,2025-01-06 11:45:00,1571.86,1571.9,1571.86,1571.9,0.0,30.52,48019.08,1
2025-01-06,2025-01-06 11:46:00,1571.9,1571.94,1571.9,1571.94,0.0,30.52,48019.08,1
2025-01-06,2025-01-06 11:47:00,1571.94,1571.98,1571.94,1571.98,0.0,30.52,48019.08,1
2025-01-06,2025-01-06 11:48:00,1571.98,1572.02,1571.98,1572.02,0.0,30.52,48019.08,1
2025-01-06,2025-01-06 11:49:00,1572.02,1572.06,1572.02,1572.06,0.0,30.52,48019.08,1
2025-01-06,2025-01-06 11:50:00,1572.06,1572.1,1572.06,1572.1,0.0,30.52,48019.08,1
2025-01-06,2025-01-06 11:51:00,1572.1,1572.14,1572.1,1572.14,0.0,30.52,48019.08,1
2025-01-06,2025-01-06 11:52:00,1572.14,1572.19,1572.14,1572.19,0.0,30.52,48019.08,1
2025-01-06,2025-01-06 11:53:00,1572.19,1572.23,1572.19,1572.23,0.0,30.52,48019.08,1
2025-01-06,2025-01-06 11:54:00,1572.23,1572.27,1572.23,1572.27,0.0,30.52,48019.08,1
2025-01-06,2025-01-06 11:55:00,1572.27,1572.31,1572.27,1572.31,0.0,30.52,48019.08,1
2025-01-06,2025-01-06 11:56:00,1572.31,1572.35,1572.31,1572.35,0.0,30.52,48019.08,1
2025-01-06,2025-01-06 11:57:00,1572.35,1572.39,1572.35,1572.39,0.0,30.52,48019.08,1
2025-01-06,2025-01-06 11:58:00,1572.39,1572.43,1572.39,1572.43,0.0,30.52,48019.08,1
2025-01-06,2025-01-06 11:59:00,1572.43,1572.47,1572.43,1572.47,0.0,30.52,48019.08,1
2025-01-06,2025-01-06 12:00:00,1572.47,1572.52,1572.47,1572.52,0.0,30.52,48019.08,1
2025-01-06,2025-01-06 12:01:00,1572.52,1572.56,1572.52,1572.56,0.0,30.52,48019.08,1
2025-01-06,2025-01-06 12:02:00,1572.56,1572.6,1572.56,1572.6,0.0,30.52,48019.08,1
2025-01-06,2025-01-06 12:03:00,1572.6,1572.64,1572.6,1572.64,0.0,30.52,48019.08,1
2025-01-06,2025-01-06 12:04:00,1572.64,1572.68,1572.64,1572.68,0.0,30.52,48019.08,1
2025-01-06,2025-01-06 12:05:00,1572.68,1572.72,1572.68,1572.72,0.0,30.52,48019.08,1
2025-01-06,2025-01-06 12:06:00,1572.72,1572.76,1572.72,1572.76,0.0,30.52,48019.08,1
2025-01-06,2025-01-06 12:07:00,1572.76,1572.81,1572.76,1572.81,0.0,30.52,48019.08,1
2025-01-06,2025-01-06 12:08:00,1572.81,1572.85,1572.81,1572.85,0.0,30.52,48019.08,1
2025-01-06,2025-01-06 12:09:00,1572.85,1572.89,1572.85,1572.89,0.0,30.52,48019.08,1
2025-01-06,2025-01-06 12:10:00,1572.89,1572.93,1572.89,1572.93,0.0,30.52,48019.08,1
2025-01-06,2025-01-06 12:11:00,1572.93,1572.97,1572.93,1572.97,0.0,30.52,48019.08,1
2025-01-06,2025-01-06 12:12:00,1572.97,1573.01,1572.97,1573.01,0.0,30.52,48019.08,1
2025-01-06,2025-01-06 12:13:00,1573.01,1573.05,1573.01,1573.05,0.0,30.52,48019.08,1
2025-01-06,2025-01-06 12:14:00,1573.05,1573.09,1573.05,1573.09,0.0,30.52,48019.08,1
2025-01-06,2025-01-06 12:15:00,1573.09,1573.13,1573.09,1573.13,0.0,30.52,48019.08,1
2025-01-06,2025-01-06 12:16:00,1573.13,1573.18,1573.13,1573.18,0.0,30.52,48019.08,1
2025-01-06,2025-01-06 12:17:00,1573.18,1573.22,1573.18,1573.22,0.0,30.52,48019.08,1
2025-01-06,2025-01-06 12:18:00,1573.22,1573.26,1573.22,1573.26,0.0,30.52,48019.08,1
2025-01-06,2025-01-06 12:19:00,1573.26,1573.3,1573.26,1573.3,0.0,30.52,48019.08,1
2025-01-06,2025-01-06 12:20:00,1573.3,1573.34,1573.3,1573.34,0.0,30.52,48019.08,1
2025-01-06,2025-01-06 12:21:00,1573.34,1573.38,1573.34,1573.38,0.0,30.52,48019.08,1
2025-01-06,2025-01-06 12:22:00,1573.38,1573.42,1573.38,1573.42,0.0,30.52,48019.08,1
2025-01-06,2025-01-06 12:23:00,1573.42,1573.47,1573.42,1573.47,0.0,30.52,48019.08,1
2025-01-06,2025-01-06 12:24:00,1573.47,1573.51,1573.47,1573.51,0.0,30.52,48019.08,1
2025-01-06,2025-01-06 12:25:00,1573.51,1573.55,1573.51,1573.55,0.0,30.52,48019.08,1
2025-01-06,2025-01-06 12:26:00,1573.55,1573.59,1573.55,1573.59,0.0,30.52,48019.08,1
2025-01-06,2025-01-06 12:27:00,1573.59,1573.63,1573.59,1573.63,0.0,30.52,48019.08,1
2025-01-06,2025-01-06 12:28:00,1573.63,1573.67,1573.63,1573.67,0.0,30.52,48019.08,1
2025-01-06,2025-01-06 12:29:00,1573.67,1573.71,1573.67,1573.71,0.0,30.52,48019.08,1
2025-01-06,2025-01-06 12:30:00,1573.71,1573.75,1573.71,1573.75,0.0,30.52,48019.08,1
2025-01-06,2025-01-06 12:31:00,1573.75,1573.8,1573.75,1573.8,0.0,30.52,48019.08,1
2025-01-06,2025-01-06 12:32:00,1573.8,1573.84,1573.8,1573.84,0.0,30.52,48019.08,1
2025-01-06,2025-01-06 12:33:00,1573.84,1573.88,1573.84,1573.88,0.0,30.52,48019.08,1
2025-01-06,2025-01-06 12:34:00,1573.88,1573.92,1573.88,1573.92,0.0,30.52,48019.08,1
2025-01-06,2025-01-06 12:35:00,1573.92,1573.96,1573.92,1573.96,0.0,30.52,48019.08,1
2025-01-06,2025-01-06 12:36:00,1573.96,1574.0,1573.96,1574.0,0.0,30.52,48019.08,1
2025-01-06,2025-01-06 12:37:00,1574.0,1574.04,1574.0,1574.04,0.0,30.52,48019.08,1
2025-01-06,2025-01-06 12:38:00,1574.04,1574.08,1574.04,1574.08,0.0,30.52,48019.08,1
2025-01-06,2025-01-06 12:39:00,1574.08,1574.12,1574.08,1574.12,0.0,30.52,48019.08,1
2025-01-06,2025-01-06 12:40:00,1574.12,1574.17,1574.12,1574.17,0.0,30.52,48019.08,1
2025-01-06,2025-01-06 12:41:00,1574.17,1574.21,1574.17,1574.21,0.0,30.52,48019.08,1
2025-01-06,2025-01-06 12:42:00,1574.21,1574.25,1574.21,1574.25,0.0,30.52,48019.08,1
2025-01-06,2025-01-06 12:43:00,1574.25,1574.29,1574.25,1574.29,0.0,30.52,48019.08,1
2025-01-06,2025-01-06 12:44:00,1574.29,1574.33,1574.29,1574.33,0.0,30.52,48019.08,1
2025-01-06,2025-01-06 12:45:00,1574.33,1574.37,1574.33,1574.37,0.0,30.52,48019.08,1
2025-01-06,2025-01-06 12:46:00,1574.37,1574.41,1574.37,1574.41,0.0,30.52,48019.08,1
2025-01-06,2025-01-06 12:47:00,1574.41,1574.45,1574.41,1574.45,0.0,30.52,48019.08,1
2025-01-06,2025-01-06 12:48:00,1574.45,1574.5,1574.45,1574.5,0.0,30.52,48019.08,1
2025-01-06,2025-01-06 12:49:00,1574.5,1574.54,1574.5,1574.54,0.0,30.52,48019.08,1
2025-01-06,2025-01-06 12:50:00,1574.54,1574.58,1574.54,1574.58,0.0,30.52,48019.08,1
2025-01-06,2025-01-06 12:51:00,1574.58,1574.62,1574.58,1574.62,0.0,30.52,48019.08,1
2025-01-06,2025-01-06 12:52:00,1574.62,1574.66,1574.62,1574.66,0.0,30.52,48019.08,1
2025-01-06,2025-01-06 12:53:00,1574.66,1574.7,1574.66,1574.7,0.0,30.52,48019.08,1
2025-01-06,2025-01-06 12:54:00,1574.7,1574.74,1574.7,1574.74,0.0,30.52,48019.08,1
2025-01-06,2025-01-06 12:55:00,1574.74,1574.79,1574.74,1574.79,0.0,30.52,48019.08,1
2025-01-06,2025-01-06 12:56:00,1574.79,1574.83,1574.79,1574.83,0.0,30.52,48019.08,1
2025-01-06,2025-01-06 12:57:00,1574.83,1574.87,1574.83,1574.87,0.0,30.52,48019.08,1
2025-01-06,2025-01-06 12:58:00,1574.87,1574.91,1574.87,1574.91,0.0,30.52,48019.08,1
2025-01-06,2025-01-06 12:59:00,1574.91,1574.95,1574.91,1574.95,0.0,30.52,48019.08,1
2025-01-06,2025-01-06 13:00:00,1574.95,1595.0,1559.1,1574.99,0.0,30.52,48019.08,1
2025-01-06,2025-01-06 13:01:00,1574.99,1575.03,1574.99,1575.03,0.0,30.52,48019.08,1
2025-01-06,2025-01-06 13:02:00,1575.03,1575.07,1575.03,1575.07,0.0,30.52,48019.08,1
2025-01-06,2025-01-06 13:03:00,1575.07,1575.12,1575.07,1575.12,0.0,30.52,48019.08,1
2025-01-06,2025-01-06 13:04:00,1575.12,1575.16,1575.12,1575.16,0.0,30.52,48019.08,1
2025-01-06,2025-01-06 13:05:00,1575.16,1575.2,1575.16,1575.2,0.0,30.52,48019.08,1
2025-01-06,2025-01-06 13:06:00,1575.2,1575.24,1575.2,1575.24,0.0,30.52,48019.08,1
2025-01-06,2025-01-06 13:07:00,1575.24,1575.28,1575.24,1575.28,0.0,30.52,48019.08,1
2025-01-06,2025-01-06 13:08:00,1575.28,1575.32,1575.28,1575.32,0.0,30.52,48019.08,1
2025-01-06,2025-01-06 13:09:00,1575.32,1575.36,1575.32,1575.36,0.0,30.52,48019.08,1
2025-01-06,2025-01-06 13:10:00,1575.36,1575.4,1575.36,1575.4,0.0,30.52,48019.08,1
2025-01-06,2025-01-06 13:11:00,1575.4,1575.45,1575.4,1575.45,0.0,30.52,48019.08,1
2025-01-06,2025-01-06 13:12:00,1575.45,1575.49,1575.45,1575.49,0.0,30.52,48019.08,1
2025-01-06,2025-01-06 13:13:00,1575.49,1575.53,1575.49,1575.53,0.0,30.52,48019.08,1
2025-01-06,2025-01-06 13:14:00,1575.53,1575.57,1575.53,1575.57,0.0,30.52,48019.08,1
2025-01-06,2025-01-06 13:15:00,1575.57,1575.61,1575.57,1575.61,0.0,30.52,48019.08,1
2025-01-06,2025-01-06 13:16:00,1575.61,1575.65,1575.61,1575.65,0.0,30.52,48019.08,1
2025-01-06,2025-01-06 13:17:00,1575.65,1575.69,1575.65,1575.69,0.0,30.52,48019.08,1
2025-01-06,2025-01-06 13:18:00,1575.69,1575.73,1575.69,1575.73,0.0,30.52,48019.08,1
2025-01-06,2025-01-06 13:19:00,1575.73,1575.78,1575.73,1575.78,0.0,30.52,48019.08,1
2025-01-06,2025-01-06 13:20:00,1575.78,1575.82,1575.78,1575.82,0.0,30.52,48019.08,1
2025-01-06,2025-01-06 13:21:00,1575.82,1575.86,1575.82,1575.86,0.0,30.52,48019.08,1
2025-01-06,2025-01-06 13:22:00,1575.86,1575.9,1575.86,1575.9,0.0,30.52,48019.08,1
2025-01-06,2025-01-06 13:23:00,1575.9,1575.94,1575.9,1575.94,0.0,30.52,48019.08,1
2025-01-06,2025-01-06 13:24:00,1575.94,1575.98,1575.94,1575.98,0.0,30.52,48019.08,1
2025-01-06,2025-01-06 13:25:00,1575.98,1576.02,1575.98,1576.02,0.0,30.52,48019.08,1
2025-01-06,2025-01-06 13:26:00,1576.02,1576.06,1576.02,1576.06,0.0,30.52,48019.08,1
2025-01-06,2025-01-06 13:27:00,1576.06,1576.11,1576.06,1576.11,0.0,30.52,48019.08,1
2025-01-06,2025-01-06 13:28:00,1576.11,1576.15,1576.11,1576.15,0.0,30.52,48019.08,1
2025-01-06,2025-01-06 13:29:00,1576.15,1576.19,1576.15,1576.19,0.0,30.52,48019.08,1
2025-01-06,2025-01-06 13:30:00,1576.19,1576.23,1576.19,1576.23,0.0,30.52,48019.08,1
2025-01-06,2025-01-06 13:31:00,1576.23,1576.27,1576.23,1576.27,0.0,30.52,48019.08,1
2025-01-06,2025-01-06 13:32:00,1576.27,1576.31,1576.27,1576.31,0.0,30.52,48019.08,1
2025-01-06,2025-01-06 13:33:00,1576.31,1576.35,1576.31,1576.35,0.0,30.52,48019.08,1
2025-01-06,2025-01-06 13:34:00,1576.35,1576.39,1576.35,1576.39,0.0,30.52,48019.08,1
2025-01-06,2025-01-06 13:35:00,1576.39,1576.43,1576.39,1576.43,0.0,30.52,48019.08,1
2025-01-06,2025-01-06 13:36:00,1576.43,1576.48,1576.43,1576.48,0.0,30.52,48019.08,1
2025-01-06,2025-01-06 13:37:00,1576.48,1576.52,1576.48,1576.52,0.0,30.52,48019.08,1
2025-01-06,2025-01-06 13:38:00,1576.52,1576.56,1576.52,1576.56,0.0,30.52,48019.08,1
2025-01-06,2025-01-06 13:39:00,1576.56,1576.6,1576.56,1576.6,0.0,30.52,48019.08,1
2025-01-06,2025-01-06 13:40:00,1576.6,1576.64,1576.6,1576.64,0.0,30.52,48019.08,1
2025-01-06,2025-01-06 13:41:00,1576.64,1576.68,1576.64,1576.68,0.0,30.52,48019.08,1
2025-01-06,2025-01-06 13:42:00,1576.68,1576.72,1576.68,1576.72,0.0,30.52,48019.08,1
2025-01-06,2025-01-06 13:43:00,1576.72,1576.77,1576.72,1576.77,0.0,30.52,48019.08,1
2025-01-06,2025-01-06 13:44:00,1576.77,1576.81,1576.77,1576.81,0.0,30.52,48019.08,1
2025-01-06,2025-01-06 13:45:00,1576.81,1576.85,1576.81,1576.85,0.0,30.52,48019.08,1
2025-01-06,2025-01-06 13:46:00,1576.85,1576.89,1576.85,1576.89,0.0,30.52,48019.08,1
2025-01-06,2025-01-06 13:47:00,1576.89,1576.93,1576.89,1576.93,0.0,30.52,48019.08,1
2025-01-06,2025-01-06 13:48:00,1576.93,1576.97,1576.93,1576.97,0.0,30.52,48019.08,1
2025-01-06,2025-01-06 13:49:00,1576.97,1577.01,1576.97,1577.01,0.0,30.52,48019.08,1
2025-01-06,2025-01-06 13:50:00,1577.01,1577.05,1577.01,1577.05,0.0,30.52,48019.08,1
2025-01-06,2025-01-06 13:51:00,1577.05,1577.1,1577.05,1577.1,0.0,30.52,48019.08,1
2025-01-06,2025-01-06 13:52:00,1577.1,1577.14,1577.1,1577.14,0.0,30.52,48019.08,1
2025-01-06,2025-01-06 13:53:00,1577.14,1577.18,1577.14,1577.18,0.0,30.52,48019.08,1
2025-01-06,2025-01-06 13:54:00,1577.18,1577.22,1577.18,1577.22,0.0,30.52,48019.08,1
2025-01-06,2025-01-06 13:55:00,1577.22,1577.26,1577.22,1577.26,0.0,30.52,48019.08,1
2025-01-06,2025-01-06 13:56:00,1577.26,1577.3,1577.26,1577.3,0.0,30.52,48019.08,1
2025-01-06,2025-01-06 13:57:00,1577.3,1577.34,1577.3,1577.34,0.0,30.52,48019.08,1
2025-01-06,2025-01-06 13:58:00,1577.34,1577.38,1577.34,1577.38,0.0,30.52,48019.08,1
2025-01-06,2025-01-06 13:59:00,1577.38,1577.43,1577.38,1577.43,0.0,30.52,48019.08,1
2025-01-06,2025-01-06 14:00:00,1577.43,1577.47,1577.43,1577.47,0.0,30.52,48019.08,1
2025-01-06,2025-01-06 14:01:00,1577.47,1577.51,1577.47,1577.51,0.0,30.52,48019.08,1
2025-01-06,2025-01-06 14:02:00,1577.51,1577.55,1577.51,1577.55,0.0,30.52,48019.08,1
2025-01-06,2025-01-06 14:03:00,1577.55,1577.59,1577.55,1577.59,0.0,30.52,48019.08,1
2025-01-06,2025-01-06 14:04:00,1577.59,1577.63,1577.59,1577.63,0.0,30.52,48019.08,1
2025-01-06,2025-01-06 14:05:00,1577.63,1577.67,1577.63,1577.67,0.0,30.52,48019.08,1
2025-01-06,2025-01-06 14:06:00,1577.67,1577.71,1577.67,1577.71,0.0,30.52,48019.08,1
2025-01-06,2025-01-06 14:07:00,1577.71,1577.76,1577.71,1577.76,0.0,30.52,48019.08,1
2025-01-06,2025-01-06 14:08:00,1577.76,1577.8,1577.76,1577.8,0.0,30.52,48019.08,1
2025-01-06,2025-01-06 14:09:00,1577.8,1577.84,1577.8,1577.84,0.0,30.52,48019.08,1
2025-01-06,2025-01-06 14:10:00,1577.84,1577.88,1577.84,1577.88,0.0,30.52,48019.08,1
2025-01-06,2025-01-06 14:11:00,1577.88,1577.92,1577.88,1577.92,0.0,30.52,48019.08,1
2025-01-06,2025-01-06 14:12:00,1577.92,1577.96,1577.92,1577.96,0.0,30.52,48019.08,1
2025-01-06,2025-01-06 14:13:00,1577.96,1578.0,1577.96,1578.0,0.0,30.52,48019.08,1
2025-01-06,2025-01-06 14:14:00,1578.0,1578.04,1578.0,1578.04,0.0,30.52,48019.08,1
2025-01-06,2025-01-06 14:15:00,1578.04,1578.09,1578.04,1578.09,0.0,30.52,48019.08,1
2025-01-06,2025-01-06 14:16:00,1578.09,1578.13,1578.09,1578.13,0.0,30.52,48019.08,1
2025-01-06,2025-01-06 14:17:00,1578.13,1578.17,1578.13,1578.17,0.0,30.52,48019.08,1
2025-01-06,2025-01-06 14:18:00,1578.17,1578.21,1578.17,1578.21,0.0,30.52,48019.08,1
2025-01-06,2025-01-06 14:19:00,1578.21,1578.25,1578.21,1578.25,0.0,30.52,48019.08,1
2025-01-06,2025-01-06 14:20:00,1578.25,1578.29,1578.25,1578.29,0.0,30.52,48019.08,1
2025-01-06,2025-01-06 14:21:00,1578.29,1578.33,1578.29,1578.33,0.0,30.52,48019.08,1
2025-01-06,2025-01-06 14:22:00,1578.33,1578.37,1578.33,1578.37,0.0,30.52,48019.08,1
2025-01-06,2025-01-06 14:23:00,1578.37,1578.41,1578.37,1578.41,0.0,30.52,48019.08,1
2025-01-06,2025-01-06 14:24:00,1578.41,1578.46,1578.41,1578.46,0.0,30.52,48019.08,1
2025-01-06,2025-01-06 14:25:00,1578.46,1578.5,1578.46,1578.5,0.0,30.52,48019.08,1
2025-01-06,2025-01-06 14:26:00,1578.5,1578.54,1578.5,1578.54,0.0,30.52,48019.08,1
2025-01-06,2025-01-06 14:27:00,1578.54,1578.58,1578.54,1578.58,0.0,30.52,48019.08,1
2025-01-06,2025-01-06 14:28:00,1578.58,1578.62,1578.58,1578.62,0.0,30.52,48019.08,1
2025-01-06,2025-01-06 14:29:00,1578.62,1578.66,1578.62,1578.66,0.0,30.52,48019.08,1
2025-01-06,2025-01-06 14:30:00,1578.66,1578.7,1578.66,1578.7,0.0,30.52,48019.08,1
2025-01-06,2025-01-06 14:31:00,1578.7,1578.75,1578.7,1578.75,0.0,30.52,48019.08,1
2025-01-06,2025-01-06 14:32:00,1578.75,1578.79,1578.75,1578.79,0.0,30.52,48019.08,1
2025-01-06,2025-01-06 14:33:00,1578.79,1578.83,1578.79,1578.83,0.0,30.52,48019.08,1
2025-01-06,2025-01-06 14:34:00,1578.83,1578.87,1578.83,1578.87,0.0,30.52,48019.08,1
2025-01-06,2025-01-06 14:35:00,1578.87,1578.91,1578.87,1578.91,0.0,30.52,48019.08,1
2025-01-06,2025-01-06 14:36:00,1578.91,1578.95,1578.91,1578.95,0.0,30.52,48019.08,1
2025-01-06,2025-01-06 14:37:00,1578.95,1578.99,1578.95,1578.99,0.0,30.52,48019.08,1
2025-01-06,2025-01-06 14:38:00,1578.99,1579.03,1578.99,1579.03,0.0,30.52,48019.08,1
2025-01-06,2025-01-06 14:39:00,1579.03,1579.08,1579.03,1579.08,0.0,30.52,48019.08,1
2025-01-06,2025-01-06 14:40:00,1579.08,1579.12,1579.08,1579.12,0.0,30.52,48019.08,1
2025-01-06,2025-01-06 14:41:00,1579.12,1579.16,1579.12,1579.16,0.0,30.52,48019.08,1
2025-01-06,2025-01-06 14:42:00,1579.16,1579.2,1579.16,1579.2,0.0,30.52,48019.08,1
2025-01-06,2025-01-06 14:43:00,1579.2,1579.24,1579.2,1579.24,0.0,30.52,48019.08,1
2025-01-06,2025-01-06 14:44:00,1579.24,1579.28,1579.24,1579.28,0.0,30.52,48019.08,1
2025-01-06,2025-01-06 14:45:00,1579.28,1579.32,1579.28,1579.32,0.0,30.52,48019.08,1
2025-01-06,2025-01-06 14:46:00,1579.32,1579.36,1579.32,1579.36,0.0,30.52,48019.08,1
2025-01-06,2025-01-06 14:47:00,1579.36,1579.41,1579.36,1579.41,0.0,30.52,48019.08,1
2025-01-06,2025-01-06 14:48:00,1579.41,1579.45,1579.41,1579.45,0.0,30.52,48019.08,1
2025-01-06,2025-01-06 14:49:00,1579.45,1579.49,1579.45,1579.49,0.0,30.52,48019.08,1
2025-01-06,2025-01-06 14:50:00,1579.49,1579.53,1579.49,1579.53,0.0,30.52,48019.08,1
2025-01-06,2025-01-06 14:51:00,1579.53,1579.57,1579.53,1579.57,0.0,30.52,48019.08,1
2025-01-06,2025-01-06 14:52:00,1579.57,1579.61,1579.57,1579.61,0.0,30.52,48019.08,1
2025-01-06,2025-01-06 14:53:00,1579.61,1579.65,1579.61,1579.65,0.0,30.52,48019.08,1
2025-01-06,2025-01-06 14:54:00,1579.65,1579.69,1579.65,1579.69,0.0,30.52,48019.08,1
2025-01-06,2025-01-06 14:55:00,1579.69,1579.74,1579.69,1579.74,0.0,30.52,48019.08,1
2025-01-06,2025-01-06 14:56:00,1579.74,1579.78,1579.74,1579.78,0.0,30.52,48019.08,1
2025-01-06,2025-01-06 14:57:00,1579.78,1579.82,1579.78,1579.82,0.0,30.52,48019.08,1
2025-01-06,2025-01-06 14:58:00,1579.82,1579.86,1579.82,1579.86,0.0,30.52,48019.08,1
2025-01-06,2025-01-06 14:59:00,1579.86,1579.9,1579.86,1579.9,0.0,30.52,48019.08,1
2025-01-06,2025-01-06 15:00:00,1579.9,1595.0,1559.1,1579.9,0.0,30.52,48019.08,0
2025-01-07,2025-01-07 11:00:00,1600.0,1600.0,1588.6,1599.94,-0.0,23.83,37526.98,-1
2025-01-07,2025-01-07 11:01:00,1599.94,1599.94,1599.88,1599.88,-0.0,23.83,37526.98,-1
2025-01-07,2025-01-07 11:02:00,1599.88,1599.88,1599.81,1599.81,-0.0,23.83,37526.98,-1
2025-01-07,2025-01-07 11:03:00,1599.81,1599.81,1599.75,1599.75,-0.0,23.83,37526.98,-1
2025-01-07,2025-01-07 11:04:00,1599.75,1599.75,1599.69,1599.69,-0.0,23.83,37526.98,-1
2025-01-07,2025-01-07 11:05:00,1599.69,1599.69,1599.62,1599.62,-0.0,23.83,37526.98,-1
2025-01-07,2025-01-07 11:06:00,1599.62,1599.62,1599.56,1599.56,-0.0,23.83,37526.98,-1
2025-01-07,2025-01-07 11:07:00,1599.56,1599.56,1599.5,1599.5,-0.0,23.83,37526.98,-1
2025-01-07,2025-01-07 11:08:00,1599.5,1599.5,1599.44,1599.44,-0.0,23.83,37526.98,-1
2025-01-07,2025-01-07 11:09:00,1599.44,1599.44,1599.38,1599.38,-0.0,23.83,37526.98,-1
2025-01-07,2025-01-07 11:10:00,1599.38,1599.38,1599.31,1599.31,-0.0,23.83,37526.98,-1
2025-01-07,2025-01-07 11:11:00,1599.31,1599.31,1599.25,1599.25,-0.0,23.83,37526.98,-1
2025-01-07,2025-01-07 11:12:00,1599.25,1599.25,1599.19,1599.19,-0.0,23.83,37526.98,-1
2025-01-07,2025-01-07 11:13:00,1599.19,1599.19,1599.12,1599.12,-0.0,23.83,37526.98,-1
2025-01-07,2025-01-07 11:14:00,1599.12,1599.12,1599.06,1599.06,-0.0,23.83,37526.98,-1
2025-01-07,2025-01-07 11:15:00,1599.06,1599.06,1599.0,1599.0,-0.0,23.83,37526.98,-1
2025-01-07,2025-01-07 11:16:00,1599.0,1599.0,1598.94,1598.94,-0.0,23.83,37526.98,-1
2025-01-07,2025-01-07 11:17:00,1598.94,1598.94,1598.88,1598.88,-0.0,23.83,37526.98,-1
2025-01-07,2025-01-07 11:18:00,1598.88,1598.88,1598.81,1598.81,-0.0,23.83,37526.98,-1
2025-01-07,2025-01-07 11:19:00,1598.81,1598.81,1598.75,1598.75,-0.0,23.83,37526.98,-1
2025-01-07,2025-01-07 11:20:00,1598.75,1598.75,1598.69,1598.69,-0.0,23.83,37526.98,-1
2025-01-07,2025-01-07 11:21:00,1598.69,1598.69,1598.62,1598.62,-0.0,23.83,37526.98,-1
2025-01-07,2025-01-07 11:22:00,1598.62,1598.62,1598.56,1598.56,-0.0,23.83,37526.98,-1
2025-01-07,2025-01-07 11:23:00,1598.56,1598.56,1598.5,1598.5,-0.0,23.83,37526.98,-1
2025-01-07,2025-01-07 11:24:00,1598.5,1598.5,1598.44,1598.44,-0.0,23.83,37526.98,-1
2025-01-07,2025-01-07 11:25:00,1598.44,1598.44,1598.38,1598.38,-0.0,23.83,37526.98,-1
2025-01-07,2025-01-07 11:26:00,1598.38,1598.38,1598.31,1598.31,-0.0,23.83,37526.98,-1
2025-01-07,2025-01-07 11:27:00,1598.31,1598.31,1598.25,1598.25,-0.0,23.83,37526.98,-1
2025-01-07,2025-01-07 11:28:00,1598.25,1598.25,1598.19,1598.19,-0.0,23.83,37526.98,-1
2025-01-07,2025-01-07 11:29:00,1598.19,1598.19,1598.12,1598.12,-0.0,23.83,37526.98,-1
2025-01-07,2025-01-07 11:30:00,1598.12,1598.12,1598.06,1598.06,-0.0,23.83,37526.98,-1
2025-01-07,2025-01-07 11:31:00,1598.06,1598.06,1598.0,1598.0,-0.0,23.83,37526.98,-1
2025-01-07,2025-01-07 11:32:00,1598.0,1598.0,1597.94,1597.94,-0.0,23.83,37526.98,-1
2025-01-07,2025-01-07 11:33:00,1597.94,1597.94,1597.88,1597.88,-0.0,23.83,37526.98,-1
2025-01-07,2025-01-07 11:34:00,1597.88,1597.88,1597.81,1597.81,-0.0,23.83,37526.98,-1
2025-01-07,2025-01-07 11:35:00,1597.81,1597.81,1597.75,1597.75,-0.0,23.83,37526.98,-1
2025-01-07,2025-01-07 11:36:00,1597.75,1597.75,1597.69,1597.69,-0.0,23.83,37526.98,-1
2025-01-07,2025-01-07 11:37:00,1597.69,1597.69,1597.62,1597.62,-0.0,23.83,37526.98,-1
2025-01-07,2025-01-07 11:38:00,1597.62,1597.62,1597.56,1597.56,-0.0,23.83,37526.98,-1
2025-01-07,2025-01-07 11:39:00,1597.56,1597.56,1597.5,1597.5,-0.0,23.83,37526.98,-1
2025-01-07,2025-01-07 11:40:00,1597.5,1597.5,1597.44,1597.44,-0.0,23.83,37526.98,-1
2025-01-07,2025-01-07 11:41:00,1597.44,1597.44,1597.38,1597.38,-0.0,23.83,37526.98,-1
2025-01-07,2025-01-07 11:42:00,1597.38,1597.38,1597.31,1597.31,-0.0,23.83,37526.98,-1
2025-01-07,2025-01-07 11:43:00,1597.31,1597.31,1597.25,1597.25,-0.0,23.83,37526.98,-1
2025-01-07,2025-01-07 11:44:00,1597.25,1597.25,1597.19,1597.19,-0.0,23.83,37526.98,-1
2025-01-07,2025-01-07 11:45:00,1597.19,1597.19,1597.12,1597.12,-0.0,23.83,37526.98,-1
2025-01-07,2025-01-07 11:46:00,1597.12,1597.12,1597.06,1597.06,-0.0,23.83,37526.98,-1
2025-01-07,2025-01-07 11:47:00,1597.06,1597.06,1597.0,1597.0,-0.0,23.83,37526.98,-1
2025-01-07,2025-01-07 11:48:00,1597.0,1597.0,1596.94,1596.94,-0.0,23.83,37526.98,-1
2025-01-07,2025-01-07 11:49:00,1596.94,1596.94,1596.88,1596.88,-0.0,23.83,37526.98,-1
2025-01-07,2025-01-07 11:50:00,1596.88,1596.88,1596.81,1596.81,-0.0,23.83,37526.98,-1
2025-01-07,2025-01-07 11:51:00,1596.81,1596.81,1596.75,1596.75,-0.0,23.83,37526.98,-1
2025-01-07,2025-01-07 11:52:00,1596.75,1596.75,1596.69,1596.69,-0.0,23.83,37526.98,-1
2025-01-07,2025-01-07 11:53:00,1596.69,1596.69,1596.62,1596.62,-0.0,23.83,37526.98,-1
2025-01-07,2025-01-07 11:54:00,1596.62,1596.62,1596.56,1596.56,-0.0,23.83,37526.98,-1
2025-01-07,2025-01-07 11:55:00,1596.56,1596.56,1596.5,1596.5,-0.0,23.83,37526.98,-1
2025-01-07,2025-01-07 11:56:00,1596.5,1596.5,1596.44,1596.44,-0.0,23.83,37526.98,-1
2025-01-07,2025-01-07 11:57:00,1596.44,1596.44,1596.38,1596.38,-0.0,23.83,37526.98,-1
2025-01-07,2025-01-07 11:58:00,1596.38,1596.38,1596.31,1596.31,-0.0,23.83,37526.98,-1
2025-01-07,2025-01-07 11:59:00,1596.31,1596.31,1596.25,1596.25,-0.0,23.83,37526.98,-1
2025-01-07,2025-01-07 12:00:00,1596.25,1596.25,1596.19,1596.19,-0.0,23.83,37526.98,-1
2025-01-07,2025-01-07 12:01:00,1596.19,1596.19,1596.12,1596.12,-0.0,23.83,37526.98,-1
2025-01-07,2025-01-07 12:02:00,1596.12,1596.12,1596.06,1596.06,-0.0,23.83,37526.98,-1
2025-01-07,2025-01-07 12:03:00,1596.06,1596.06,1596.0,1596.0,-0.0,23.83,37526.98,-1
2025-01-07,2025-01-07 12:04:00,1596.0,1596.0,1595.94,1595.94,-0.0,23.83,37526.98,-1
2025-01-07,2025-01-07 12:05:00,1595.94,1595.94,1595.88,1595.88,-0.0,23.83,37526.98,-1
2025-01-07,2025-01-07 12:06:00,1595.88,1595.88,1595.81,1595.81,-0.0,23.83,37526.98,-1
2025-01-07,2025-01-07 12:07:00,1595.81,1595.81,1595.75,1595.75,-0.0,23.83,37526.98,-1
2025-01-07,2025-01-07 12:08:00,1595.75,1595.75,1595.69,1595.69,-0.0,23.83,37526.98,-1
2025-01-07,2025-01-07 12:09:00,1595.69,1595.69,1595.62,1595.62,-0.0,23.83,37526.98,-1
2025-01-07,2025-01-07 12:10:00,1595.62,1595.62,1595.56,1595.56,-0.0,23.83,37526.98,-1
2025-01-07,2025-01-07 12:11:00,1595.56,1595.56,1595.5,1595.5,-0.0,23.83,37526.98,-1
2025-01-07,2025-01-07 12:12:00,1595.5,1595.5,1595.44,1595.44,-0.0,23.83,37526.98,-1
2025-01-07,2025-01-07 12:13:00,1595.44,1595.44,1595.38,1595.38,-0.0,23.83,37526.98,-1
2025-01-07,2025-01-07 12:14:00,1595.38,1595.38,1595.31,1595.31,-0.0,23.83,37526.98,-1
2025-01-07,2025-01-07 12:15:00,1595.31,1595.31,1595.25,1595.25,-0.0,23.83,37526.98,-1
2025-01-07,2025-01-07 12:16:00,1595.25,1595.25,1595.19,1595.19,-0.0,23.83,37526.98,-1
2025-01-07,2025-01-07 12:17:00,1595.19,1595.19,1595.12,1595.12,-0.0,23.83,37526.98,-1
2025-01-07,2025-01-07 12:18:00,1595.12,1595.12,1595.06,1595.06,-0.0,23.83,37526.98,-1
2025-01-07,2025-01-07 12:19:00,1595.06,1595.06,1595.0,1595.0,-0.0,23.83,37526.98,-1
2025-01-07,2025-01-07 12:20:00,1595.0,1595.0,1594.94,1594.94,-0.0,23.83,37526.98,-1
2025-01-07,2025-01-07 12:21:00,1594.94,1594.94,1594.88,1594.88,-0.0,23.83,37526.98,-1
2025-01-07,2025-01-07 12:22:00,1594.88,1594.88,1594.81,1594.81,-0.0,23.83,37526.98,-1
2025-01-07,2025-01-07 12:23:00,1594.81,1594.81,1594.75,1594.75,-0.0,23.83,37526.98,-1
2025-01-07,2025-01-07 12:24:00,1594.75,1594.75,1594.69,1594.69,-0.0,23.83,37526.98,-1
2025-01-07,2025-01-07 12:25:00,1594.69,1594.69,1594.62,1594.62,-0.0,23.83,37526.98,-1
2025-01-07,2025-01-07 12:26:00,1594.62,1594.62,1594.56,1594.56,-0.0,23.83,37526.98,-1
2025-01-07,2025-01-07 12:27:00,1594.56,1594.56,1594.5,1594.5,-0.0,23.83,37526.98,-1
2025-01-07,2025-01-07 12:28:00,1594.5,1594.5,1594.44,1594.44,-0.0,23.83,37526.98,-1
2025-01-07,2025-01-07 12:29:00,1594.44,1594.44,1594.38,1594.38,-0.0,23.83,37526.98,-1
2025-01-07,2025-01-07 12:30:00,1594.38,1594.38,1594.31,1594.31,-0.0,23.83,37526.98,-1
2025-01-07,2025-01-07 12:31:00,1594.31,1594.31,1594.25,1594.25,-0.0,23.83,37526.98,-1
2025-01-07,2025-01-07 12:32:00,1594.25,1594.25,1594.19,1594.19,-0.0,23.83,37526.98,-1
2025-01-07,2025-01-07 12:33:00,1594.19,1594.19,1594.12,1594.12,-0.0,23.83,37526.98,-1
2025-01-07,2025-01-07 12:34:00,1594.12,1594.12,1594.06,1594.06,-0.0,23.83,37526.98,-1
2025-01-07,2025-01-07 12:35:00,1594.06,1594.06,1594.0,1594.0,-0.0,23.83,37526.98,-1
2025-01-07,2025-01-07 12:36:00,1594.0,1594.0,1593.94,1593.94,-0.0,23.83,37526.98,-1
2025-01-07,2025-01-07 12:37:00,1593.94,1593.94,1593.88,1593.88,-0.0,23.83,37526.98,-1
2025-01-07,2025-01-07 12:38:00,1593.88,1593.88,1593.81,1593.81,-0.0,23.83,37526.98,-1
2025-01-07,2025-01-07 12:39:00,1593.81,1593.81,1593.75,1593.75,-0.0,23.83,37526.98,-1
2025-01-07,2025-01-07 12:40:00,1593.75,1593.75,1593.69,1593.69,-0.0,23.83,37526.98,-1
2025-01-07,2025-01-07 12:41:00,1593.69,1593.69,1593.62,1593.62,-0.0,23.83,37526.98,-1
2025-01-07,2025-01-07 12:42:00,1593.62,1593.62,1593.56,1593.56,-0.0,23.83,37526.98,-1
2025-01-07,2025-01-07 12:43:00,1593.56,1593.56,1593.5,1593.5,-0.0,23.83,37526.98,-1
2025-01-07,2025-01-07 12:44:00,1593.5,1593.5,1593.44,1593.44,-0.0,23.83,37526.98,-1
2025-01-07,2025-01-07 12:45:00,1593.44,1593.44,1593.38,1593.38,-0.0,23.83,37526.98,-1
2025-01-07,2025-01-07 12:46:00,1593.38,1593.38,1593.31,1593.31,-0.0,23.83,37526.98,-1
2025-01-07,2025-01-07 12:47:00,1593.31,1593.31,1593.25,1593.25,-0.0,23.83,37526.98,-1
2025-01-07,2025-01-07 12:48:00,1593.25,1593.25,1593.19,1593.19,-0.0,23.83,37526.98,-1
2025-01-07,2025-01-07 12:49:00,1593.19,1593.19,1593.12,1593.12,-0.0,23.83,37526.98,-1
2025-01-07,2025-01-07 12:50:00,1593.12,1593.12,1593.06,1593.06,-0.0,23.83,37526.98,-1
2025-01-07,2025-01-07 12:51:00,1593.06,1593.06,1593.0,1593.0,-0.0,23.83,37526.98,-1
2025-01-07,2025-01-07 12:52:00,1593.0,1593.0,1592.94,1592.94,-0.0,23.83,37526.98,-1
2025-01-07,2025-01-07 12:53:00,1592.94,1592.94,1592.88,1592.88,-0.0,23.83,37526.98,-1
2025-01-07,2025-01-07 12:54:00,1592.88,1592.88,1592.81,1592.81,-0.0,23.83,37526.98,-1
2025-01-07,2025-01-07 12:55:00,1592.81,1592.81,1592.75,1592.75,-0.0,23.83,37526.98,-1
2025-01-07,2025-01-07 12:56:00,1592.75,1592.75,1592.69,1592.69,-0.0,23.83,37526.98,-1
2025-01-07,2025-01-07 12:57:00,1592.69,1592.69,1592.62,1592.62,-0.0,23.83,37526.98,-1
2025-01-07,2025-01-07 12:58:00,1592.62,1592.62,1592.56,1592.56,-0.0,23.83,37526.98,-1
2025-01-07,2025-01-07 12:59:00,1592.56,1592.56,1592.5,1592.5,-0.0,23.83,37526.98,-1
2025-01-07,2025-01-07 13:00:00,1592.5,1600.0,1562.0,1592.44,-0.0,23.83,37526.98,-1
2025-01-07,2025-01-07 13:01:00,1592.44,1592.44,1592.38,1592.38,-0.0,23.83,37526.98,-1
2025-01-07,2025-01-07 13:02:00,1592.38,1592.38,1592.31,1592.31,-0.0,23.83,37526.98,-1
2025-01-07,2025-01-07 13:03:00,1592.31,1592.31,1592.25,1592.25,-0.0,23.83,37526.98,-1
2025-01-07,2025-01-07 13:04:00,1592.25,1592.25,1592.19,1592.19,-0.0,23.83,37526.98,-1
2025-01-07,2025-01-07 13:05:00,1592.19,1592.19,1592.12,1592.12,-0.0,23.83,37526.98,-1
2025-01-07,2025-01-07 13:06:00,1592.12,1592.12,1592.06,1592.06,-0.0,23.83,37526.98,-1
2025-01-07,2025-01-07 13:07:00,1592.06,1592.06,1592.0,1592.0,-0.0,23.83,37526.98,-1
2025-01-07,2025-01-07 13:08:00,1592.0,1592.0,1591.94,1591.94,-0.0,23.83,37526.98,-1
2025-01-07,2025-01-07 13:09:00,1591.94,1591.94,1591.88,1591.88,-0.0,23.83,37526.98,-1
2025-01-07,2025-01-07 13:10:00,1591.88,1591.88,1591.81,1591.81,-0.0,23.83,37526.98,-1
2025-01-07,2025-01-07 13:11:00,1591.81,1591.81,1591.75,1591.75,-0.0,23.83,37526.98,-1
2025-01-07,2025-01-07 13:12:00,1591.75,1591.75,1591.69,1591.69,-0.0,23.83,37526.98,-1
2025-01-07,2025-01-07 13:13:00,1591.69,1591.69,1591.62,1591.62,-0.0,23.83,37526.98,-1
2025-01-07,2025-01-07 13:14:00,1591.62,1591.62,1591.56,1591.56,-0.0,23.83,37526.98,-1
2025-01-07,2025-01-07 13:15:00,1591.56,1591.56,1591.5,1591.5,-0.0,23.83,37526.98,-1
2025-01-07,2025-01-07 13:16:00,1591.5,1591.5,1591.44,1591.44,-0.0,23.83,37526.98,-1
2025-01-07,2025-01-07 13:17:00,1591.44,1591.44,1591.38,1591.38,-0.0,23.83,37526.98,-1
2025-01-07,2025-01-07 13:18:00,1591.38,1591.38,1591.31,1591.31,-0.0,23.83,37526.98,-1
2025-01-07,2025-01-07 13:19:00,1591.31,1591.31,1591.25,1591.25,-0.0,23.83,37526.98,-1
2025-01-07,2025-01-07 13:20:00,1591.25,1591.25,1591.19,1591.19,-0.0,23.83,37526.98,-1
2025-01-07,2025-01-07 13:21:00,1591.19,1591.19,1591.12,1591.12,-0.0,23.83,37526.98,-1
2025-01-07,2025-01-07 13:22:00,1591.12,1591.12,1591.06,1591.06,-0.0,23.83,37526.98,-1
2025-01-07,2025-01-07 13:23:00,1591.06,1591.06,1591.0,1591.0,-0.0,23.83,37526.98,-1
2025-01-07,2025-01-07 13:24:00,1591.0,1591.0,1590.94,1590.94,-0.0,23.83,37526.98,-1
2025-01-07,2025-01-07 13:25:00,1590.94,1590.94,1590.88,1590.88,-0.0,23.83,37526.98,-1
2025-01-07,2025-01-07 13:26:00,1590.88,1590.88,1590.81,1590.81,-0.0,23.83,37526.98,-1
2025-01-07,2025-01-07 13:27:00,1590.81,1590.81,1590.75,1590.75,-0.0,23.83,37526.98,-1
2025-01-07,2025-01-07 13:28:00,1590.75,1590.75,1590.69,1590.69,-0.0,23.83,37526.98,-1
2025-01-07,2025-01-07 13:29:00,1590.69,1590.69,1590.62,1590.62,-0.0,23.83,37526.98,-1
2025-01-07,2025-01-07 13:30:00,1590.62,1590.62,1590.56,1590.56,-0.0,23.83,37526.98,-1
2025-01-07,2025-01-07 13:31:00,1590.56,1590.56,1590.5,1590.5,-0.0,23.83,37526.98,-1
2025-01-07,2025-01-07 13:32:00,1590.5,1590.5,1590.44,1590.44,-0.0,23.83,37526.98,-1
2025-01-07,2025-01-07 13:33:00,1590.44,1590.44,1590.38,1590.38,-0.0,23.83,37526.98,-1
2025-01-07,2025-01-07 13:34:00,1590.38,1590.38,1590.31,1590.31,-0.0,23.83,37526.98,-1
2025-01-07,2025-01-07 13:35:00,1590.31,1590.31,1590.25,1590.25,-0.0,23.83,37526.98,-1
2025-01-07,2025-01-07 13:36:00,1590.25,1590.25,1590.19,1590.19,-0.0,23.83,37526.98,-1
2025-01-07,2025-01-07 13:37:00,1590.19,1590.19,1590.12,1590.12,-0.0,23.83,37526.98,-1
2025-01-07,2025-01-07 13:38:00,1590.12,1590.12,1590.06,1590.06,-0.0,23.83,37526.98,-1
2025-01-07,2025-01-07 13:39:00,1590.06,1590.06,1590.0,1590.0,-0.0,23.83,37526.98,-1
2025-01-07,2025-01-07 13:40:00,1590.0,1590.0,1589.94,1589.94,-0.0,23.83,37526.98,-1
2025-01-07,2025-01-07 13:41:00,1589.94,1589.94,1589.88,1589.88,-0.0,23.83,37526.98,-1
2025-01-07,2025-01-07 13:42:00,1589.88,1589.88,1589.81,1589.81,-0.0,23.83,37526.98,-1
2025-01-07,2025-01-07 13:43:00,1589.81,1589.81,1589.75,1589.75,-0.0,23.83,37526.98,-1
2025-01-07,2025-01-07 13:44:00,1589.75,1589.75,1589.69,1589.69,-0.0,23.83,37526.98,-1
2025-01-07,2025-01-07 13:45:00,1589.69,1589.69,1589.62,1589.62,-0.0,23.83,37526.98,-1
2025-01-07,2025-01-07 13:46:00,1589.62,1589.62,1589.56,1589.56,-0.0,23.83,37526.98,-1
2025-01-07,2025-01-07 13:47:00,1589.56,1589.56,1589.5,1589.5,-0.0,23.83,37526.98,-1
2025-01-07,2025-01-07 13:48:00,1589.5,1589.5,1589.44,1589.44,-0.0,23.83,37526.98,-1
2025-01-07,2025-01-07 13:49:00,1589.44,1589.44,1589.38,1589.38,-0.0,23.83,37526.98,-1
2025-01-07,2025-01-07 13:50:00,1589.38,1589.38,1589.31,1589.31,-0.0,23.83,37526.98,-1
2025-01-07,2025-01-07 13:51:00,1589.31,1589.31,1589.25,1589.25,-0.0,23.83,37526.98,-1
2025-01-07,2025-01-07 13:52:00,1589.25,1589.25,1589.19,1589.19,-0.0,23.83,37526.98,-1
2025-01-07,2025-01-07 13:53:00,1589.19,1589.19,1589.12,1589.12,-0.0,23.83,37526.98,-1
2025-01-07,2025-01-07 13:54:00,1589.12,1589.12,1589.06,1589.06,-0.0,23.83,37526.98,-1
2025-01-07,2025-01-07 13:55:00,1589.06,1589.06,1589.0,1589.0,-0.0,23.83,37526.98,-1
2025-01-07,2025-01-07 13:56:00,1589.0,1589.0,1588.94,1588.94,-0.0,23.83,37526.98,-1
2025-01-07,2025-01-07 13:57:00,1588.94,1588.94,1588.88,1588.88,-0.0,23.83,37526.98,-1
2025-01-07,2025-01-07 13:58:00,1588.88,1588.88,1588.81,1588.81,-0.0,23.83,37526.98,-1
2025-01-07,2025-01-07 13:59:00,1588.81,1588.81,1588.75,1588.75,-0.0,23.83,37526.98,-1
2025-01-07,2025-01-07 14:00:00,1588.75,1588.75,1588.69,1588.69,-0.0,23.83,37526.98,-1
2025-01-07,2025-01-07 14:01:00,1588.69,1588.69,1588.62,1588.62,-0.0,23.83,37526.98,-1
2025-01-07,2025-01-07 14:02:00,1588.62,1588.62,1588.56,1588.56,-0.0,23.83,37526.98,-1
2025-01-07,2025-01-07 14:03:00,1588.56,1588.56,1588.5,1588.5,-0.0,23.83,37526.98,-1
2025-01-07,2025-01-07 14:04:00,1588.5,1588.5,1588.44,1588.44,-0.0,23.83,37526.98,-1
2025-01-07,2025-01-07 14:05:00,1588.44,1588.44,1588.38,1588.38,-0.0,23.83,37526.98,-1
2025-01-07,2025-01-07 14:06:00,1588.38,1588.38,1588.31,1588.31,-0.0,23.83,37526.98,-1
2025-01-07,2025-01-07 14:07:00,1588.31,1588.31,1588.25,1588.25,-0.0,23.83,37526.98,-1
2025-01-07,2025-01-07 14:08:00,1588.25,1588.25,1588.19,1588.19,-0.0,23.83,37526.98,-1
2025-01-07,2025-01-07 14:09:00,1588.19,1588.19,1588.12,1588.12,-0.0,23.83,37526.98,-1
2025-01-07,2025-01-07 14:10:00,1588.12,1588.12,1588.06,1588.06,-0.0,23.83,37526.98,-1
2025-01-07,2025-01-07 14:11:00,1588.06,1588.06,1588.0,1588.0,-0.0,23.83,37526.98,-1
2025-01-07,2025-01-07 14:12:00,1588.0,1588.0,1587.94,1587.94,-0.0,23.83,37526.98,-1
2025-01-07,2025-01-07 14:13:00,1587.94,1587.94,1587.88,1587.88,-0.0,23.83,37526.98,-1
2025-01-07,2025-01-07 14:14:00,1587.88,1587.88,1587.81,1587.81,-0.0,23.83,37526.98,-1
2025-01-07,2025-01-07 14:15:00,1587.81,1587.81,1587.75,1587.75,-0.0,23.83,37526.98,-1
2025-01-07,2025-01-07 14:16:00,1587.75,1587.75,1587.69,1587.69,-0.0,23.83,37526.98,-1
2025-01-07,2025-01-07 14:17:00,1587.69,1587.69,1587.62,1587.62,-0.0,23.83,37526.98,-1
2025-01-07,2025-01-07 14:18:00,1587.62,1587.62,1587.56,1587.56,-0.0,23.83,37526.98,-1
2025-01-07,2025-01-07 14:19:00,1587.56,1587.56,1587.5,1587.5,-0.0,23.83,37526.98,-1
2025-01-07,2025-01-07 14:20:00,1587.5,1587.5,1587.44,1587.44,-0.0,23.83,37526.98,-1
2025-01-07,2025-01-07 14:21:00,1587.44,1587.44,1587.38,1587.38,-0.0,23.83,37526.98,-1
2025-01-07,2025-01-07 14:22:00,1587.38,1587.38,1587.31,1587.31,-0.0,23.83,37526.98,-1
2025-01-07,2025-01-07 14:23:00,1587.31,1587.31,1587.25,1587.25,-0.0,23.83,37526.98,-1
2025-01-07,2025-01-07 14:24:00,1587.25,1587.25,1587.19,1587.19,-0.0,23.83,37526.98,-1
2025-01-07,2025-01-07 14:25:00,1587.19,1587.19,1587.12,1587.12,-0.0,23.83,37526.98,-1
2025-01-07,2025-01-07 14:26:00,1587.12,1587.12,1587.06,1587.06,-0.0,23.83,37526.98,-1
2025-01-07,2025-01-07 14:27:00,1587.06,1587.06,1587.0,1587.0,-0.0,23.83,37526.98,-1
2025-01-07,2025-01-07 14:28:00,1587.0,1587.0,1586.94,1586.94,-0.0,23.83,37526.98,-1
2025-01-07,2025-01-07 14:29:00,1586.94,1586.94,1586.88,1586.88,-0.0,23.83,37526.98,-1
2025-01-07,2025-01-07 14:30:00,1586.88,1586.88,1586.81,1586.81,-0.0,23.83,37526.98,-1
2025-01-07,2025-01-07 14:31:00,1586.81,1586.81,1586.75,1586.75,-0.0,23.83,37526.98,-1
2025-01-07,2025-01-07 14:32:00,1586.75,1586.75,1586.69,1586.69,-0.0,23.83,37526.98,-1
2025-01-07,2025-01-07 14:33:00,1586.69,1586.69,1586.62,1586.62,-0.0,23.83,37526.98,-1
2025-01-07,2025-01-07 14:34:00,1586.62,1586.62,1586.56,1586.56,-0.0,23.83,37526.98,-1
2025-01-07,2025-01-07 14:35:00,1586.56,1586.56,1586.5,1586.5,-0.0,23.83,37526.98,-1
2025-01-07,2025-01-07 14:36:00,1586.5,1586.5,1586.44,1586.44,-0.0,23.83,37526.98,-1
2025-01-07,2025-01-07 14:37:00,1586.44,1586.44,1586.38,1586.38,-0.0,23.83,37526.98,-1
2025-01-07,2025-01-07 14:38:00,1586.38,1586.38,1586.31,1586.31,-0.0,23.83,37526.98,-1
2025-01-07,2025-01-07 14:39:00,1586.31,1586.31,1586.25,1586.25,-0.0,23.83,37526.98,-1
2025-01-07,2025-01-07 14:40:00,1586.25,1586.25,1586.19,1586.19,-0.0,23.83,37526.98,-1
2025-01-07,2025-01-07 14:41:00,1586.19,1586.19,1586.12,1586.12,-0.0,23.83,37526.98,-1
2025-01-07,2025-01-07 14:42:00,1586.12,1586.12,1586.06,1586.06,-0.0,23.83,37526.98,-1
2025-01-07,2025-01-07 14:43:00,1586.06,1586.06,1586.0,1586.0,-0.0,23.83,37526.98,-1
2025-01-07,2025-01-07 14:44:00,1586.0,1586.0,1585.94,1585.94,-0.0,23.83,37526.98,-1
2025-01-07,2025-01-07 14:45:00,1585.94,1585.94,1585.88,1585.88,-0.0,23.83,37526.98,-1
2025-01-07,2025-01-07 14:46:00,1585.88,1585.88,1585.81,1585.81,-0.0,23.83,37526.98,-1
2025-01-07,2025-01-07 14:47:00,1585.81,1585.81,1585.75,1585.75,-0.0,23.83,37526.98,-1
2025-01-07,2025-01-07 14:48:00,1585.75,1585.75,1585.69,1585.69,-0.0,23.83,37526.98,-1
2025-01-07,2025-01-07 14:49:00,1585.69,1585.69,1585.62,1585.62,-0.0,23.83,37526.98,-1
2025-01-07,2025-01-07 14:50:00,1585.62,1585.62,1585.56,1585.56,-0.0,23.83,37526.98,-1
2025-01-07,2025-01-07 14:51:00,1585.56,1585.56,1585.5,1585.5,-0.0,23.83,37526.98,-1
2025-01-07,2025-01-07 14:52:00,1585.5,1585.5,1585.44,1585.44,-0.0,23.83,37526.98,-1
2025-01-07,2025-01-07 14:53:00,1585.44,1585.44,1585.38,1585.38,-0.0,23.83,37526.98,-1
2025-01-07,2025-01-07 14:54:00,1585.38,1585.38,1585.31,1585.31,-0.0,23.83,37526.98,-1
2025-01-07,2025-01-07 14:55:00,1585.31,1585.31,1585.25,1585.25,-0.0,23.83,37526.98,-1
2025-01-07,2025-01-07 14:56:00,1585.25,1585.25,1585.19,1585.19,-0.0,23.83,37526.98,-1
2025-01-07,2025-01-07 14:57:00,1585.19,1585.19,1585.12,1585.12,-0.0,23.83,37526.98,-1
2025-01-07,2025-01-07 14:58:00,1585.12,1585.12,1585.06,1585.06,-0.0,23.83,37526.98,-1
2025-01-07,2025-01-07 14:59:00,1585.06,1585.06,1585.0,1585.0,-0.0,23.83,37526.98,-1
2025-01-07,2025-01-07 15:00:00,1585.0,1600.0,1562.0,1585.0,0.0,23.83,37526.98,0
2025-01-08,2025-01-08 11:00:00,1616.7,1616.7,1602.72,1616.51,-0.01,13.02,20663.03,-1
2025-01-08,2025-01-08 11:01:00,1616.51,1616.51,1616.31,1616.31,-0.01,13.02,20663.03,-1
2025-01-08,2025-01-08 11:02:00,1616.31,1616.31,1616.12,1616.12,-0.01,13.02,20663.03,-1
2025-01-08,2025-01-08 11:03:00,1616.12,1616.12,1615.92,1615.92,-0.01,13.02,20663.03,-1
2025-01-08,2025-01-08 11:04:00,1615.92,1615.92,1615.73,1615.73,-0.01,13.02,20663.03,-1
2025-01-08,2025-01-08 11:05:00,1615.73,1615.73,1615.54,1615.54,-0.01,13.02,20663.03,-1
2025-01-08,2025-01-08 11:06:00,1615.54,1615.54,1615.34,1615.34,-0.01,13.02,20663.03,-1
2025-01-08,2025-01-08 11:07:00,1615.34,1615.34,1615.15,1615.15,-0.01,13.02,20663.03,-1
2025-01-08,2025-01-08 11:08:00,1615.15,1615.15,1614.95,1614.95,-0.01,13.02,20663.03,-1
2025-01-08,2025-01-08 11:09:00,1614.95,1614.95,1614.76,1614.76,-0.01,13.02,20663.03,-1
2025-01-08,2025-01-08 11:10:00,1614.76,1614.76,1614.56,1614.56,-0.01,13.02,20663.03,-1
2025-01-08,2025-01-08 11:11:00,1614.56,1614.56,1614.37,1614.37,-0.01,13.02,20663.03,-1
2025-01-08,2025-01-08 11:12:00,1614.37,1614.37,1614.18,1614.18,-0.01,13.02,20663.03,-1
2025-01-08,2025-01-08 11:13:00,1614.18,1614.18,1613.98,1613.98,-0.01,13.02,20663.03,-1
2025-01-08,2025-01-08 11:14:00,1613.98,1613.98,1613.79,1613.79,-0.01,13.02,20663.03,-1
2025-01-08,2025-01-08 11:15:00,1613.79,1613.79,1613.59,1613.59,-0.01,13.02,20663.03,-1
2025-01-08,2025-01-08 11:16:00,1613.59,1613.59,1613.4,1613.4,-0.01,13.02,20663.03,-1
2025-01-08,2025-01-08 11:17:00,1613.4,1613.4,1613.2,1613.2,-0.01,13.02,20663.03,-1
2025-01-08,2025-01-08 11:18:00,1613.2,1613.2,1613.01,1613.01,-0.01,13.02,20663.03,-1
2025-01-08,2025-01-08 11:19:00,1613.01,1613.01,1612.82,1612.82,-0.01,13.02,20663.03,-1
2025-01-08,2025-01-08 11:20:00,1612.82,1612.82,1612.62,1612.62,-0.01,13.02,20663.03,-1
2025-01-08,2025-01-08 11:21:00,1612.62,1612.62,1612.43,1612.43,-0.01,13.02,20663.03,-1
2025-01-08,2025-01-08 11:22:00,1612.43,1612.43,1612.23,1612.23,-0.01,13.02,20663.03,-1
2025-01-08,2025-01-08 11:23:00,1612.23,1612.23,1612.04,1612.04,-0.01,13.02,20663.03,-1
2025-01-08,2025-01-08 11:24:00,1612.04,1612.04,1611.85,1611.85,-0.01,13.02,20663.03,-1
2025-01-08,2025-01-08 11:25:00,1611.85,1611.85,1611.65,1611.65,-0.01,13.02,20663.03,-1
2025-01-08,2025-01-08 11:26:00,1611.65,1611.65,1611.46,1611.46,-0.01,13.02,20663.03,-1
2025-01-08,2025-01-08 11:27:00,1611.46,1611.46,1611.26,1611.26,-0.01,13.02,20663.03,-1
2025-01-08,2025-01-08 11:28:00,1611.26,1611.26,1611.07,1611.07,-0.01,13.02,20663.03,-1
2025-01-08,2025-01-08 11:29:00,1611.07,1611.07,1610.88,1610.88,-0.01,13.02,20663.03,-1
2025-01-08,2025-01-08 11:30:00,1610.88,1610.88,1610.68,1610.68,-0.01,13.02,20663.03,-1
2025-01-08,2025-01-08 11:31:00,1610.68,1610.68,1610.49,1610.49,-0.01,13.02,20663.03,-1
2025-01-08,2025-01-08 11:32:00,1610.49,1610.49,1610.29,1610.29,-0.01,13.02,20663.03,-1
2025-01-08,2025-01-08 11:33:00,1610.29,1610.29,1610.1,1610.1,-0.01,13.02,20663.03,-1
2025-01-08,2025-01-08 11:34:00,1610.1,1610.1,1609.9,1609.9,-0.01,13.02,20663.03,-1
2025-01-08,2025-01-08 11:35:00,1609.9,1609.9,1609.71,1609.71,-0.01,13.02,20663.03,-1
2025-01-08,2025-01-08 11:36:00,1609.71,1609.71,1609.52,1609.52,-0.01,13.02,20663.03,-1
2025-01-08,2025-01-08 11:37:00,1609.52,1609.52,1609.32,1609.32,-0.01,13.02,20663.03,-1
2025-01-08,2025-01-08 11:38:00,1609.32,1609.32,1609.13,1609.13,-0.01,13.02,20663.03,-1
2025-01-08,2025-01-08 11:39:00,1609.13,1609.13,1608.93,1608.93,-0.01,13.02,20663.03,-1
2025-01-08,2025-01-08 11:40:00,1608.93,1608.93,1608.74,1608.74,-0.01,13.02,20663.03,-1
2025-01-08,2025-01-08 11:41:00,1608.74,1608.74,1608.55,1608.55,-0.01,13.02,20663.03,-1
2025-01-08,2025-01-08 11:42:00,1608.55,1608.55,1608.35,1608.35,-0.01,13.02,20663.03,-1
2025-01-08,2025-01-08 11:43:00,1608.35,1608.35,1608.16,1608.16,-0.01,13.02,20663.03,-1
2025-01-08,2025-01-08 11:44:00,1608.16,1608.16,1607.96,1607.96,-0.01,13.02,20663.03,-1
2025-01-08,2025-01-08 11:45:00,1607.96,1607.96,1607.77,1607.77,-0.01,13.02,20663.03,-1
2025-01-08,2025-01-08 11:46:00,1607.77,1607.77,1607.57,1607.57,-0.01,13.02,20663.03,-1
2025-01-08,2025-01-08 11:47:00,1607.57,1607.57,1607.38,1607.38,-0.01,13.02,20663.03,-1
2025-01-08,2025-01-08 11:48:00,1607.38,1607.38,1607.19,1607.19,-0.01,13.02,20663.03,-1
2025-01-08,2025-01-08 11:49:00,1607.19,1607.19,1606.99,1606.99,-0.01,13.02,20663.03,-1
2025-01-08,2025-01-08 11:50:00,1606.99,1606.99,1606.8,1606.8,-0.01,13.02,20663.03,-1
2025-01-08,2025-01-08 11:51:00,1606.8,1606.8,1606.6,1606.6,-0.01,13.02,20663.03,-1
2025-01-08,2025-01-08 11:52:00,1606.6,1606.6,1606.41,1606.41,-0.01,13.02,20663.03,-1
2025-01-08,2025-01-08 11:53:00,1606.41,1606.41,1606.21,1606.21,-0.01,13.02,20663.03,-1
2025-01-08,2025-01-08 11:54:00,1606.21,1606.21,1606.02,1606.02,-0.01,13.02,20663.03,-1
2025-01-08,2025-01-08 11:55:00,1606.02,1606.02,1605.83,1605.83,-0.01,13.02,20663.03,-1
2025-01-08,2025-01-08 11:56:00,1605.83,1605.83,1605.63,1605.63,-0.01,13.02,20663.03,-1
2025-01-08,2025-01-08 11:57:00,1605.63,1605.63,1605.44,1605.44,-0.01,13.02,20663.03,-1
2025-01-08,2025-01-08 11:58:00,1605.44,1605.44,1605.24,1605.24,-0.01,13.02,20663.03,-1
2025-01-08,2025-01-08 11:59:00,1605.24,1605.24,1605.05,1605.05,-0.01,13.02,20663.03,-1
2025-01-08,2025-01-08 12:00:00,1605.05,1605.05,1604.86,1604.86,-0.01,13.02,20663.03,-1
2025-01-08,2025-01-08 12:01:00,1604.86,1604.86,1604.66,1604.66,-0.01,13.02,20663.03,-1
2025-01-08,2025-01-08 12:02:00,1604.66,1604.66,1604.47,1604.47,-0.01,13.02,20663.03,-1
2025-01-08,2025-01-08 12:03:00,1604.47,1604.47,1604.27,1604.27,-0.01,13.02,20663.03,-1
2025-01-08,2025-01-08 12:04:00,1604.27,1604.27,1604.08,1604.08,-0.01,13.02,20663.03,-1
2025-01-08,2025-01-08 12:05:00,1604.08,1604.08,1603.88,1603.88,-0.01,13.02,20663.03,-1
2025-01-08,2025-01-08 12:06:00,1603.88,1603.88,1603.69,1603.69,-0.01,13.02,20663.03,-1
2025-01-08,2025-01-08 12:07:00,1603.69,1603.69,1603.5,1603.5,-0.01,13.02,20663.03,-1
2025-01-08,2025-01-08 12:08:00,1603.5,1603.5,1603.3,1603.3,-0.01,13.02,20663.03,-1
2025-01-08,2025-01-08 12:09:00,1603.3,1603.3,1603.11,1603.11,-0.01,13.02,20663.03,-1
2025-01-08,2025-01-08 12:10:00,1603.11,1603.11,1602.91,1602.91,-0.01,13.02,20663.03,-1
2025-01-08,2025-01-08 12:11:00,1602.91,1602.91,1602.72,1602.72,-0.01,13.02,20663.03,-1
2025-01-08,2025-01-08 12:12:00,1602.72,1602.72,1602.53,1602.53,-0.01,13.02,20663.03,-1
2025-01-08,2025-01-08 12:13:00,1602.53,1602.53,1602.33,1602.33,-0.01,13.02,20663.03,-1
2025-01-08,2025-01-08 12:14:00,1602.33,1602.33,1602.14,1602.14,-0.01,13.02,20663.03,-1
2025-01-08,2025-01-08 12:15:00,1602.14,1602.14,1601.94,1601.94,-0.01,13.02,20663.03,-1
2025-01-08,2025-01-08 12:16:00,1601.94,1601.94,1601.75,1601.75,-0.01,13.02,20663.03,-1
2025-01-08,2025-01-08 12:17:00,1601.75,1601.75,1601.56,1601.56,-0.01,13.02,20663.03,-1
2025-01-08,2025-01-08 12:18:00,1601.56,1601.56,1601.36,1601.36,-0.01,13.02,20663.03,-1
2025-01-08,2025-01-08 12:19:00,1601.36,1601.36,1601.17,1601.17,-0.01,13.02,20663.03,-1
2025-01-08,2025-01-08 12:20:00,1601.17,1601.17,1600.97,1600.97,-0.01,13.02,20663.03,-1
2025-01-08,2025-01-08 12:21:00,1600.97,1600.97,1600.78,1600.78,-0.01,13.02,20663.03,-1
2025-01-08,2025-01-08 12:22:00,1600.78,1600.78,1600.58,1600.58,-0.01,13.02,20663.03,-1
2025-01-08,2025-01-08 12:23:00,1600.58,1600.58,1600.39,1600.39,-0.01,13.02,20663.03,-1
2025-01-08,2025-01-08 12:24:00,1600.39,1600.39,1600.2,1600.2,-0.01,13.02,20663.03,-1
2025-01-08,2025-01-08 12:25:00,1600.2,1600.2,1600.0,1600.0,-0.01,13.02,20663.03,-1
2025-01-08,2025-01-08 12:26:00,1600.0,1600.0,1599.81,1599.81,-0.01,13.02,20663.03,-1
2025-01-08,2025-01-08 12:27:00,1599.81,1599.81,1599.61,1599.61,-0.01,13.02,20663.03,-1
2025-01-08,2025-01-08 12:28:00,1599.61,1599.61,1599.42,1599.42,-0.01,13.02,20663.03,-1
2025-01-08,2025-01-08 12:29:00,1599.42,1599.42,1599.22,1599.22,-0.01,13.02,20663.03,-1
2025-01-08,2025-01-08 12:30:00,1599.22,1599.22,1599.03,1599.03,-0.01,13.02,20663.03,-1
2025-01-08,2025-01-08 12:31:00,1599.03,1599.03,1598.84,1598.84,-0.01,13.02,20663.03,-1
2025-01-08,2025-01-08 12:32:00,1598.84,1598.84,1598.64,1598.64,-0.01,13.02,20663.03,-1
2025-01-08,2025-01-08 12:33:00,1598.64,1598.64,1598.45,1598.45,-0.01,13.02,20663.03,-1
2025-01-08,2025-01-08 12:34:00,1598.45,1598.45,1598.25,1598.25,-0.01,13.02,20663.03,-1
2025-01-08,2025-01-08 12:35:00,1598.25,1598.25,1598.06,1598.06,-0.01,13.02,20663.03,-1
2025-01-08,2025-01-08 12:36:00,1598.06,1598.06,1597.87,1597.87,-0.01,13.02,20663.03,-1
2025-01-08,2025-01-08 12:37:00,1597.87,1597.87,1597.67,1597.67,-0.01,13.02,20663.03,-1
2025-01-08,2025-01-08 12:38:00,1597.67,1597.67,1597.48,1597.48,-0.01,13.02,20663.03,-1
2025-01-08,2025-01-08 12:39:00,1597.48,1597.48,1597.28,1597.28,-0.01,13.02,20663.03,-1
2025-01-08,2025-01-08 12:40:00,1597.28,1597.28,1597.09,1597.09,-0.01,13.02,20663.03,-1
2025-01-08,2025-01-08 12:41:00,1597.09,1597.09,1596.89,1596.89,-0.01,13.02,20663.03,-1
2025-01-08,2025-01-08 12:42:00,1596.89,1596.89,1596.7,1596.7,-0.01,13.02,20663.03,-1
2025-01-08,2025-01-08 12:43:00,1596.7,1596.7,1596.51,1596.51,-0.01,13.02,20663.03,-1
2025-01-08,2025-01-08 12:44:00,1596.51,1596.51,1596.31,1596.31,-0.01,13.02,20663.03,-1
2025-01-08,2025-01-08 12:45:00,1596.31,1596.31,1596.12,1596.12,-0.01,13.02,20663.03,-1
2025-01-08,2025-01-08 12:46:00,1596.12,1596.12,1595.92,1595.92,-0.01,13.02,20663.03,-1
2025-01-08,2025-01-08 12:47:00,1595.92,1595.92,1595.73,1595.73,-0.01,13.02,20663.03,-1
2025-01-08,2025-01-08 12:48:00,1595.73,1595.73,1595.54,1595.54,-0.01,13.02,20663.03,-1
2025-01-08,2025-01-08 12:49:00,1595.54,1595.54,1595.34,1595.34,-0.01,13.02,20663.03,-1
2025-01-08,2025-01-08 12:50:00,1595.34,1595.34,1595.15,1595.15,-0.01,13.02,20663.03,-1
2025-01-08,2025-01-08 12:51:00,1595.15,1595.15,1594.95,1594.95,-0.01,13.02,20663.03,-1
2025-01-08,2025-01-08 12:52:00,1594.95,1594.95,1594.76,1594.76,-0.01,13.02,20663.03,-1
2025-01-08,2025-01-08 12:53:00,1594.76,1594.76,1594.57,1594.57,-0.01,13.02,20663.03,-1
2025-01-08,2025-01-08 12:54:00,1594.57,1594.57,1594.37,1594.37,-0.01,13.02,20663.03,-1
2025-01-08,2025-01-08 12:55:00,1594.37,1594.37,1594.18,1594.18,-0.01,13.02,20663.03,-1
2025-01-08,2025-01-08 12:56:00,1594.18,1594.18,1593.98,1593.98,-0.01,13.02,20663.03,-1
2025-01-08,2025-01-08 12:57:00,1593.98,1593.98,1593.79,1593.79,-0.01,13.02,20663.03,-1
2025-01-08,2025-01-08 12:58:00,1593.79,1593.79,1593.59,1593.59,-0.01,13.02,20663.03,-1
2025-01-08,2025-01-08 12:59:00,1593.59,1593.59,1593.4,1593.4,-0.01,13.02,20663.03,-1
2025-01-08,2025-01-08 13:00:00,1593.4,1616.7,1570.1,1593.21,-0.01,13.02,20663.03,-1
2025-01-08,2025-01-08 13:01:00,1593.21,1593.21,1593.01,1593.01,-0.01,13.02,20663.03,-1
2025-01-08,2025-01-08 13:02:00,1593.01,1593.01,1592.82,1592.82,-0.01,13.02,20663.03,-1
2025-01-08,2025-01-08 13:03:00,1592.82,1592.82,1592.62,1592.62,-0.01,13.02,20663.03,-1
2025-01-08,2025-01-08 13:04:00,1592.62,1592.62,1592.43,1592.43,-0.01,13.02,20663.03,-1
2025-01-08,2025-01-08 13:05:00,1592.43,1592.43,1592.23,1592.23,-0.01,13.02,20663.03,-1
2025-01-08,2025-01-08 13:06:00,1592.23,1592.23,1592.04,1592.04,-0.01,13.02,20663.03,-1
2025-01-08,2025-01-08 13:07:00,1592.04,1592.04,1591.85,1591.85,-0.01,13.02,20663.03,-1
2025-01-08,2025-01-08 13:08:00,1591.85,1591.85,1591.65,1591.65,-0.01,13.02,20663.03,-1
2025-01-08,2025-01-08 13:09:00,1591.65,1591.65,1591.46,1591.46,-0.01,13.02,20663.03,-1
2025-01-08,2025-01-08 13:10:00,1591.46,1591.46,1591.26,1591.26,-0.01,13.02,20663.03,-1
2025-01-08,2025-01-08 13:11:00,1591.26,1591.26,1591.07,1591.07,-0.01,13.02,20663.03,-1
2025-01-08,2025-01-08 13:12:00,1591.07,1591.07,1590.88,1590.88,-0.01,13.02,20663.03,-1
2025-01-08,2025-01-08 13:13:00,1590.88,1590.88,1590.68,1590.68,-0.01,13.02,20663.03,-1
2025-01-08,2025-01-08 13:14:00,1590.68,1590.68,1590.49,1590.49,-0.01,13.02,20663.03,-1
2025-01-08,2025-01-08 13:15:00,1590.49,1590.49,1590.29,1590.29,-0.01,13.02,20663.03,-1
2025-01-08,2025-01-08 13:16:00,1590.29,1590.29,1590.1,1590.1,-0.01,13.02,20663.03,-1
2025-01-08,2025-01-08 13:17:00,1590.1,1590.1,1589.9,1589.9,-0.01,13.02,20663.03,-1
2025-01-08,2025-01-08 13:18:00,1589.9,1589.9,1589.71,1589.71,-0.01,13.02,20663.03,-1
2025-01-08,2025-01-08 13:19:00,1589.71,1589.71,1589.52,1589.52,-0.01,13.02,20663.03,-1
2025-01-08,2025-01-08 13:20:00,1589.52,1589.52,1589.32,1589.32,-0.01,13.02,20663.03,-1
2025-01-08,2025-01-08 13:21:00,1589.32,1589.32,1589.13,1589.13,-0.01,13.02,20663.03,-1
2025-01-08,2025-01-08 13:22:00,1589.13,1589.13,1588.93,1588.93,-0.01,13.02,20663.03,-1
2025-01-08,2025-01-08 13:23:00,1588.93,1588.93,1588.74,1588.74,-0.01,13.02,20663.03,-1
2025-01-08,2025-01-08 13:24:00,1588.74,1588.74,1588.55,1588.55,-0.01,13.02,20663.03,-1
2025-01-08,2025-01-08 13:25:00,1588.55,1588.55,1588.35,1588.35,-0.01,13.02,20663.03,-1
2025-01-08,2025-01-08 13:26:00,1588.35,1588.35,1588.16,1588.16,-0.01,13.02,20663.03,-1
2025-01-08,2025-01-08 13:27:00,1588.16,1588.16,1587.96,1587.96,-0.01,13.02,20663.03,-1
2025-01-08,2025-01-08 13:28:00,1587.96,1587.96,1587.77,1587.77,-0.01,13.02,20663.03,-1
2025-01-08,2025-01-08 13:29:00,1587.77,1587.77,1587.58,1587.58,-0.01,13.02,20663.03,-1
2025-01-08,2025-01-08 13:30:00,1587.58,1587.58,1587.38,1587.38,-0.01,13.02,20663.03,-1
2025-01-08,2025-01-08 13:31:00,1587.38,1587.38,1587.19,1587.19,-0.01,13.02,20663.03,-1
2025-01-08,2025-01-08 13:32:00,1587.19,1587.19,1586.99,1586.99,-0.01,13.02,20663.03,-1
2025-01-08,2025-01-08 13:33:00,1586.99,1586.99,1586.8,1586.8,-0.01,13.02,20663.03,-1
2025-01-08,2025-01-08 13:34:00,1586.8,1586.8,1586.6,1586.6,-0.01,13.02,20663.03,-1
2025-01-08,2025-01-08 13:35:00,1586.6,1586.6,1586.41,1586.41,-0.01,13.02,20663.03,-1
2025-01-08,2025-01-08 13:36:00,1586.41,1586.41,1586.22,1586.22,-0.01,13.02,20663.03,-1
2025-01-08,2025-01-08 13:37:00,1586.22,1586.22,1586.02,1586.02,-0.01,13.02,20663.03,-1
2025-01-08,2025-01-08 13:38:00,1586.02,1586.02,1585.83,1585.83,-0.01,13.02,20663.03,-1
2025-01-08,2025-01-08 13:39:00,1585.83,1585.83,1585.63,1585.63,-0.01,13.02,20663.03,-1
2025-01-08,2025-01-08 13:40:00,1585.63,1585.63,1585.44,1585.44,-0.01,13.02,20663.03,-1
2025-01-08,2025-01-08 13:41:00,1585.44,1585.44,1585.24,1585.24,-0.01,13.02,20663.03,-1
2025-01-08,2025-01-08 13:42:00,1585.24,1585.24,1585.05,1585.05,-0.01,13.02,20663.03,-1
2025-01-08,2025-01-08 13:43:00,1585.05,1585.05,1584.86,1584.86,-0.01,13.02,20663.03,-1
2025-01-08,2025-01-08 13:44:00,1584.86,1584.86,1584.66,1584.66,-0.01,13.02,20663.03,-1
2025-01-08,2025-01-08 13:45:00,1584.66,1584.66,1584.47,1584.47,-0.01,13.02,20663.03,-1
2025-01-08,2025-01-08 13:46:00,1584.47,1584.47,1584.27,1584.27,-0.01,13.02,20663.03,-1
2025-01-08,2025-01-08 13:47:00,1584.27,1584.27,1584.08,1584.08,-0.01,13.02,20663.03,-1
2025-01-08,2025-01-08 13:48:00,1584.08,1584.08,1583.89,1583.89,-0.01,13.02,20663.03,-1
2025-01-08,2025-01-08 13:49:00,1583.89,1583.89,1583.69,1583.69,-0.01,13.02,20663.03,-1
2025-01-08,2025-01-08 13:50:00,1583.69,1583.69,1583.5,1583.5,-0.01,13.02,20663.03,-1
2025-01-08,2025-01-08 13:51:00,1583.5,1583.5,1583.3,1583.3,-0.01,13.02,20663.03,-1
2025-01-08,2025-01-08 13:52:00,1583.3,1583.3,1583.11,1583.11,-0.01,13.02,20663.03,-1
2025-01-08,2025-01-08 13:53:00,1583.11,1583.11,1582.91,1582.91,-0.01,13.02,20663.03,-1
2025-01-08,2025-01-08 13:54:00,1582.91,1582.91,1582.72,1582.72,-0.01,13.02,20663.03,-1
2025-01-08,2025-01-08 13:55:00,1582.72,1582.72,1582.53,1582.53,-0.01,13.02,20663.03,-1
2025-01-08,2025-01-08 13:56:00,1582.53,1582.53,1582.33,1582.33,-0.01,13.02,20663.03,-1
2025-01-08,2025-01-08 13:57:00,1582.33,1582.33,1582.14,1582.14,-0.01,13.02,20663.03,-1
2025-01-08,2025-01-08 13:58:00,1582.14,1582.14,1581.94,1581.94,-0.01,13.02,20663.03,-1
2025-01-08,2025-01-08 13:59:00,1581.94,1581.94,1581.75,1581.75,-0.01,13.02,20663.03,-1
2025-01-08,2025-01-08 14:00:00,1581.75,1581.75,1581.56,1581.56,-0.01,13.02,20663.03,-1
2025-01-08,2025-01-08 14:01:00,1581.56,1581.56,1581.36,1581.36,-0.01,13.02,20663.03,-1
2025-01-08,2025-01-08 14:02:00,1581.36,1581.36,1581.17,1581.17,-0.01,13.02,20663.03,-1
2025-01-08,2025-01-08 14:03:00,1581.17,1581.17,1580.97,1580.97,-0.01,13.02,20663.03,-1
2025-01-08,2025-01-08 14:04:00,1580.97,1580.97,1580.78,1580.78,-0.01,13.02,20663.03,-1
2025-01-08,2025-01-08 14:05:00,1580.78,1580.78,1580.59,1580.59,-0.01,13.02,20663.03,-1
2025-01-08,2025-01-08 14:06:00,1580.59,1580.59,1580.39,1580.39,-0.01,13.02,20663.03,-1
2025-01-08,2025-01-08 14:07:00,1580.39,1580.39,1580.2,1580.2,-0.01,13.02,20663.03,-1
2025-01-08,2025-01-08 14:08:00,1580.2,1580.2,1580.0,1580.0,-0.01,13.02,20663.03,-1
2025-01-08,2025-01-08 14:09:00,1580.0,1580.0,1579.81,1579.81,-0.01,13.02,20663.03,-1
2025-01-08,2025-01-08 14:10:00,1579.81,1579.81,1579.61,1579.61,-0.01,13.02,20663.03,-1
2025-01-08,2025-01-08 14:11:00,1579.61,1579.61,1579.42,1579.42,-0.01,13.02,20663.03,-1
2025-01-08,2025-01-08 14:12:00,1579.42,1579.42,1579.23,1579.23,-0.01,13.02,20663.03,-1
2025-01-08,2025-01-08 14:13:00,1579.23,1579.23,1579.03,1579.03,-0.01,13.02,20663.03,-1
2025-01-08,2025-01-08 14:14:00,1579.03,1579.03,1578.84,1578.84,-0.01,13.02,20663.03,-1
2025-01-08,2025-01-08 14:15:00,1578.84,1578.84,1578.64,1578.64,-0.01,13.02,20663.03,-1
2025-01-08,2025-01-08 14:16:00,1578.64,1578.64,1578.45,1578.45,-0.01,13.02,20663.03,-1
2025-01-08,2025-01-08 14:17:00,1578.45,1578.45,1578.25,1578.25,-0.01,13.02,20663.03,-1
2025-01-08,2025-01-08 14:18:00,1578.25,1578.25,1578.06,1578.06,-0.01,13.02,20663.03,-1
2025-01-08,2025-01-08 14:19:00,1578.06,1578.06,1577.87,1577.87,-0.01,13.02,20663.03,-1
2025-01-08,2025-01-08 14:20:00,1577.87,1577.87,1577.67,1577.67,-0.01,13.02,20663.03,-1
2025-01-08,2025-01-08 14:21:00,1577.67,1577.67,1577.48,1577.48,-0.01,13.02,20663.03,-1
2025-01-08,2025-01-08 14:22:00,1577.48,1577.48,1577.28,1577.28,-0.01,13.02,20663.03,-1
2025-01-08,2025-01-08 14:23:00,1577.28,1577.28,1577.09,1577.09,-0.01,13.02,20663.03,-1
2025-01-08,2025-01-08 14:24:00,1577.09,1577.09,1576.9,1576.9,-0.01,13.02,20663.03,-1
2025-01-08,2025-01-08 14:25:00,1576.9,1576.9,1576.7,1576.7,-0.01,13.02,20663.03,-1
2025-01-08,2025-01-08 14:26:00,1576.7,1576.7,1576.51,1576.51,-0.01,13.02,20663.03,-1
2025-01-08,2025-01-08 14:27:00,1576.51,1576.51,1576.31,1576.31,-0.01,13.02,20663.03,-1
2025-01-08,2025-01-08 14:28:00,1576.31,1576.31,1576.12,1576.12,-0.01,13.02,20663.03,-1
2025-01-08,2025-01-08 14:29:00,1576.12,1576.12,1575.92,1575.92,-0.01,13.02,20663.03,-1
2025-01-08,2025-01-08 14:30:00,1575.92,1575.92,1575.73,1575.73,-0.01,13.02,20663.03,-1
2025-01-08,2025-01-08 14:31:00,1575.73,1575.73,1575.54,1575.54,-0.01,13.02,20663.03,-1
2025-01-08,2025-01-08 14:32:00,1575.54,1575.54,1575.34,1575.34,-0.01,13.02,20663.03,-1
2025-01-08,2025-01-08 14:33:00,1575.34,1575.34,1575.15,1575.15,-0.01,13.02,20663.03,-1
2025-01-08,2025-01-08 14:34:00,1575.15,1575.15,1574.95,1574.95,-0.01,13.02,20663.03,-1
2025-01-08,2025-01-08 14:35:00,1574.95,1574.95,1574.76,1574.76,-0.01,13.02,20663.03,-1
2025-01-08,2025-01-08 14:36:00,1574.76,1574.76,1574.57,1574.57,-0.01,13.02,20663.03,-1
2025-01-08,2025-01-08 14:37:00,1574.57,1574.57,1574.37,1574.37,-0.01,13.02,20663.03,-1
2025-01-08,2025-01-08 14:38:00,1574.37,1574.37,1574.18,1574.18,-0.01,13.02,20663.03,-1
2025-01-08,2025-01-08 14:39:00,1574.18,1574.18,1573.98,1573.98,-0.01,13.02,20663.03,-1
2025-01-08,2025-01-08 14:40:00,1573.98,1573.98,1573.79,1573.79,-0.01,13.02,20663.03,-1
2025-01-08,2025-01-08 14:41:00,1573.79,1573.79,1573.6,1573.6,-0.01,13.02,20663.03,-1
2025-01-08,2025-01-08 14:42:00,1573.6,1573.6,1573.4,1573.4,-0.01,13.02,20663.03,-1
2025-01-08,2025-01-08 14:43:00,1573.4,1573.4,1573.21,1573.21,-0.01,13.02,20663.03,-1
2025-01-08,2025-01-08 14:44:00,1573.21,1573.21,1573.01,1573.01,-0.01,13.02,20663.03,-1
2025-01-08,2025-01-08 14:45:00,1573.01,1573.01,1572.82,1572.82,-0.01,13.02,20663.03,-1
2025-01-08,2025-01-08 14:46:00,1572.82,1572.82,1572.62,1572.62,-0.01,13.02,20663.03,-1
2025-01-08,2025-01-08 14:47:00,1572.62,1572.62,1572.43,1572.43,-0.01,13.02,20663.03,-1
2025-01-08,2025-01-08 14:48:00,1572.43,1572.43,1572.24,1572.24,-0.01,13.02,20663.03,-1
2025-01-08,2025-01-08 14:49:00,1572.24,1572.24,1572.04,1572.04,-0.01,13.02,20663.03,-1
2025-01-08,2025-01-08 14:50:00,1572.04,1572.04,1571.85,1571.85,-0.01,13.02,20663.03,-1
2025-01-08,2025-01-08 14:51:00,1571.85,1571.85,1571.65,1571.65,-0.01,13.02,20663.03,-1
2025-01-08,2025-01-08 14:52:00,1571.65,1571.65,1571.46,1571.46,-0.01,13.02,20663.03,-1
2025-01-08,2025-01-08 14:53:00,1571.46,1571.46,1571.26,1571.26,-0.01,13.02,20663.03,-1
2025-01-08,2025-01-08 14:54:00,1571.26,1571.26,1571.07,1571.07,-0.01,13.02,20663.03,-1
2025-01-08,2025-01-08 14:55:00,1571.07,1571.07,1570.88,1570.88,-0.01,13.02,20663.03,-1
2025-01-08,2025-01-08 14:56:00,1570.88,1570.88,1570.68,1570.68,-0.01,13.02,20663.03,-1
2025-01-08,2025-01-08 14:57:00,1570.68,1570.68,1570.49,1570.49,-0.01,13.02,20663.03,-1
2025-01-08,2025-01-08 14:58:00,1570.49,1570.49,1570.29,1570.29,-0.01,13.02,20663.03,-1
2025-01-08,2025-01-08 14:59:00,1570.29,1570.29,1570.1,1570.1,-0.01,13.02,20663.03,-1
2025-01-08,2025-01-08 15:00:00,1570.1,1616.7,1570.1,1570.1,0.0,13.02,20663.03,0
2025-01-09,2025-01-09 11:00:00,1560.1,1569.04,1555.6,1560.22,0.01,26.26,40984.99,1
2025-01-09,2025-01-09 11:01:00,1560.22,1560.35,1560.22,1560.35,0.01,26.26,40984.99,1
2025-01-09,2025-01-09 11:02:00,1560.35,1560.47,1560.35,1560.47,0.01,26.26,40984.99,1
2025-01-09,2025-01-09 11:03:00,1560.47,1560.6,1560.47,1560.6,0.01,26.26,40984.99,1
2025-01-09,2025-01-09 11:04:00,1560.6,1560.72,1560.6,1560.72,0.01,26.26,40984.99,1
2025-01-09,2025-01-09 11:05:00,1560.72,1560.84,1560.72,1560.84,0.01,26.26,40984.99,1
2025-01-09,2025-01-09 11:06:00,1560.84,1560.97,1560.84,1560.97,0.01,26.26,40984.99,1
2025-01-09,2025-01-09 11:07:00,1560.97,1561.09,1560.97,1561.09,0.01,26.26,40984.99,1
2025-01-09,2025-01-09 11:08:00,1561.09,1561.22,1561.09,1561.22,0.01,26.26,40984.99,1
2025-01-09,2025-01-09 11:09:00,1561.22,1561.34,1561.22,1561.34,0.01,26.26,40984.99,1
2025-01-09,2025-01-09 11:10:00,1561.34,1561.47,1561.34,1561.47,0.01,26.26,40984.99,1
2025-01-09,2025-01-09 11:11:00,1561.47,1561.59,1561.47,1561.59,0.01,26.26,40984.99,1
2025-01-09,2025-01-09 11:12:00,1561.59,1561.71,1561.59,1561.71,0.01,26.26,40984.99,1
2025-01-09,2025-01-09 11:13:00,1561.71,1561.84,1561.71,1561.84,0.01,26.26,40984.99,1
2025-01-09,2025-01-09 11:14:00,1561.84,1561.96,1561.84,1561.96,0.01,26.26,40984.99,1
2025-01-09,2025-01-09 11:15:00,1561.96,1562.09,1561.96,1562.09,0.01,26.26,40984.99,1
2025-01-09,2025-01-09 11:16:00,1562.09,1562.21,1562.09,1562.21,0.01,26.26,40984.99,1
2025-01-09,2025-01-09 11:17:00,1562.21,1562.34,1562.21,1562.34,0.01,26.26,40984.99,1
2025-01-09,2025-01-09 11:18:00,1562.34,1562.46,1562.34,1562.46,0.01,26.26,40984.99,1
2025-01-09,2025-01-09 11:19:00,1562.46,1562.58,1562.46,1562.58,0.01,26.26,40984.99,1
2025-01-09,2025-01-09 11:20:00,1562.58,1562.71,1562.58,1562.71,0.01,26.26,40984.99,1
2025-01-09,2025-01-09 11:21:00,1562.71,1562.83,1562.71,1562.83,0.01,26.26,40984.99,1
2025-01-09,2025-01-09 11:22:00,1562.83,1562.96,1562.83,1562.96,0.01,26.26,40984.99,1
2025-01-09,2025-01-09 11:23:00,1562.96,1563.08,1562.96,1563.08,0.01,26.26,40984.99,1
2025-01-09,2025-01-09 11:24:00,1563.08,1563.2,1563.08,1563.2,0.01,26.26,40984.99,1
2025-01-09,2025-01-09 11:25:00,1563.2,1563.33,1563.2,1563.33,0.01,26.26,40984.99,1
2025-01-09,2025-01-09 11:26:00,1563.33,1563.45,1563.33,1563.45,0.01,26.26,40984.99,1
2025-01-09,2025-01-09 11:27:00,1563.45,1563.58,1563.45,1563.58,0.01,26.26,40984.99,1
2025-01-09,2025-01-09 11:28:00,1563.58,1563.7,1563.58,1563.7,0.01,26.26,40984.99,1
2025-01-09,2025-01-09 11:29:00,1563.7,1563.82,1563.7,1563.82,0.01,26.26,40984.99,1
2025-01-09,2025-01-09 11:30:00,1563.82,1563.95,1563.82,1563.95,0.01,26.26,40984.99,1
2025-01-09,2025-01-09 11:31:00,1563.95,1564.07,1563.95,1564.07,0.01,26.26,40984.99,1
2025-01-09,2025-01-09 11:32:00,1564.07,1564.2,1564.07,1564.2,0.01,26.26,40984.99,1
2025-01-09,2025-01-09 11:33:00,1564.2,1564.32,1564.2,1564.32,0.01,26.26,40984.99,1
2025-01-09,2025-01-09 11:34:00,1564.32,1564.45,1564.32,1564.45,0.01,26.26,40984.99,1
2025-01-09,2025-01-09 11:35:00,1564.45,1564.57,1564.45,1564.57,0.01,26.26,40984.99,1
2025-01-09,2025-01-09 11:36:00,1564.57,1564.69,1564.57,1564.69,0.01,26.26,40984.99,1
2025-01-09,2025-01-09 11:37:00,1564.69,1564.82,1564.69,1564.82,0.01,26.26,40984.99,1
2025-01-09,2025-01-09 11:38:00,1564.82,1564.94,1564.82,1564.94,0.01,26.26,40984.99,1
2025-01-09,2025-01-09 11:39:00,1564.94,1565.07,1564.94,1565.07,0.01,26.26,40984.99,1
2025-01-09,2025-01-09 11:40:00,1565.07,1565.19,1565.07,1565.19,0.01,26.26,40984.99,1
2025-01-09,2025-01-09 11:41:00,1565.19,1565.32,1565.19,1565.32,0.01,26.26,40984.99,1
2025-01-09,2025-01-09 11:42:00,1565.32,1565.44,1565.32,1565.44,0.01,26.26,40984.99,1
2025-01-09,2025-01-09 11:43:00,1565.44,1565.56,1565.44,1565.56,0.01,26.26,40984.99,1
2025-01-09,2025-01-09 11:44:00,1565.56,1565.69,1565.56,1565.69,0.01,26.26,40984.99,1
2025-01-09,2025-01-09 11:45:00,1565.69,1565.81,1565.69,1565.81,0.01,26.26,40984.99,1
2025-01-09,2025-01-09 11:46:00,1565.81,1565.94,1565.81,1565.94,0.01,26.26,40984.99,1
2025-01-09,2025-01-09 11:47:00,1565.94,1566.06,1565.94,1566.06,0.01,26.26,40984.99,1
2025-01-09,2025-01-09 11:48:00,1566.06,1566.18,1566.06,1566.18,0.01,26.26,40984.99,1
2025-01-09,2025-01-09 11:49:00,1566.18,1566.31,1566.18,1566.31,0.01,26.26,40984.99,1
2025-01-09,2025-01-09 11:50:00,1566.31,1566.43,1566.31,1566.43,0.01,26.26,40984.99,1
2025-01-09,2025-01-09 11:51:00,1566.43,1566.56,1566.43,1566.56,0.01,26.26,40984.99,1
2025-01-09,2025-01-09 11:52:00,1566.56,1566.68,1566.56,1566.68,0.01,26.26,40984.99,1
2025-01-09,2025-01-09 11:53:00,1566.68,1566.8,1566.68,1566.8,0.01,26.26,40984.99,1
2025-01-09,2025-01-09 11:54:00,1566.8,1566.93,1566.8,1566.93,0.01,26.26,40984.99,1
2025-01-09,2025-01-09 11:55:00,1566.93,1567.05,1566.93,1567.05,0.01,26.26,40984.99,1
2025-01-09,2025-01-09 11:56:00,1567.05,1567.18,1567.05,1567.18,0.01,26.26,40984.99,1
2025-01-09,2025-01-09 11:57:00,1567.18,1567.3,1567.18,1567.3,0.01,26.26,40984.99,1
2025-01-09,2025-01-09 11:58:00,1567.3,1567.43,1567.3,1567.43,0.01,26.26,40984.99,1
2025-01-09,2025-01-09 11:59:00,1567.43,1567.55,1567.43,1567.55,0.01,26.26,40984.99,1
2025-01-09,2025-01-09 12:00:00,1567.55,1567.67,1567.55,1567.67,0.01,26.26,40984.99,1
2025-01-09,2025-01-09 12:01:00,1567.67,1567.8,1567.67,1567.8,0.01,26.26,40984.99,1
2025-01-09,2025-01-09 12:02:00,1567.8,1567.92,1567.8,1567.92,0.01,26.26,40984.99,1
2025-01-09,2025-01-09 12:03:00,1567.92,1568.05,1567.92,1568.05,0.01,26.26,40984.99,1
2025-01-09,2025-01-09 12:04:00,1568.05,1568.17,1568.05,1568.17,0.01,26.26,40984.99,1
2025-01-09,2025-01-09 12:05:00,1568.17,1568.3,1568.17,1568.3,0.01,26.26,40984.99,1
2025-01-09,2025-01-09 12:06:00,1568.3,1568.42,1568.3,1568.42,0.01,26.26,40984.99,1
2025-01-09,2025-01-09 12:07:00,1568.42,1568.54,1568.42,1568.54,0.01,26.26,40984.99,1
2025-01-09,2025-01-09 12:08:00,1568.54,1568.67,1568.54,1568.67,0.01,26.26,40984.99,1
2025-01-09,2025-01-09 12:09:00,1568.67,1568.79,1568.67,1568.79,0.01,26.26,40984.99,1
2025-01-09,2025-01-09 12:10:00,1568.79,1568.92,1568.79,1568.92,0.01,26.26,40984.99,1
2025-01-09,2025-01-09 12:11:00,1568.92,1569.04,1568.92,1569.04,0.01,26.26,40984.99,1
2025-01-09,2025-01-09 12:12:00,1569.04,1569.16,1569.04,1569.16,0.01,26.26,40984.99,1
2025-01-09,2025-01-09 12:13:00,1569.16,1569.29,1569.16,1569.29,0.01,26.26,40984.99,1
2025-01-09,2025-01-09 12:14:00,1569.29,1569.41,1569.29,1569.41,0.01,26.26,40984.99,1
2025-01-09,2025-01-09 12:15:00,1569.41,1569.54,1569.41,1569.54,0.01,26.26,40984.99,1
2025-01-09,2025-01-09 12:16:00,1569.54,1569.66,1569.54,1569.66,0.01,26.26,40984.99,1
2025-01-09,2025-01-09 12:17:00,1569.66,1569.78,1569.66,1569.78,0.01,26.26,40984.99,1
2025-01-09,2025-01-09 12:18:00,1569.78,1569.91,1569.78,1569.91,0.01,26.26,40984.99,1
2025-01-09,2025-01-09 12:19:00,1569.91,1570.03,1569.91,1570.03,0.01,26.26,40984.99,1
2025-01-09,2025-01-09 12:20:00,1570.03,1570.16,1570.03,1570.16,0.01,26.26,40984.99,1
2025-01-09,2025-01-09 12:21:00,1570.16,1570.28,1570.16,1570.28,0.01,26.26,40984.99,1
2025-01-09,2025-01-09 12:22:00,1570.28,1570.41,1570.28,1570.41,0.01,26.26,40984.99,1
2025-01-09,2025-01-09 12:23:00,1570.41,1570.53,1570.41,1570.53,0.01,26.26,40984.99,1
2025-01-09,2025-01-09 12:24:00,1570.53,1570.65,1570.53,1570.65,0.01,26.26,40984.99,1
2025-01-09,2025-01-09 12:25:00,1570.65,1570.78,1570.65,1570.78,0.01,26.26,40984.99,1
2025-01-09,2025-01-09 12:26:00,1570.78,1570.9,1570.78,1570.9,0.01,26.26,40984.99,1
2025-01-09,2025-01-09 12:27:00,1570.9,1571.03,1570.9,1571.03,0.01,26.26,40984.99,1
2025-01-09,2025-01-09 12:28:00,1571.03,1571.15,1571.03,1571.15,0.01,26.26,40984.99,1
2025-01-09,2025-01-09 12:29:00,1571.15,1571.28,1571.15,1571.28,0.01,26.26,40984.99,1
2025-01-09,2025-01-09 12:30:00,1571.28,1571.4,1571.28,1571.4,0.01,26.26,40984.99,1
2025-01-09,2025-01-09 12:31:00,1571.4,1571.52,1571.4,1571.52,0.01,26.26,40984.99,1
2025-01-09,2025-01-09 12:32:00,1571.52,1571.65,1571.52,1571.65,0.01,26.26,40984.99,1
2025-01-09,2025-01-09 12:33:00,1571.65,1571.77,1571.65,1571.77,0.01,26.26,40984.99,1
2025-01-09,2025-01-09 12:34:00,1571.77,1571.9,1571.77,1571.9,0.01,26.26,40984.99,1
2025-01-09,2025-01-09 12:35:00,1571.9,1572.02,1571.9,1572.02,0.01,26.26,40984.99,1
2025-01-09,2025-01-09 12:36:00,1572.02,1572.14,1572.02,1572.14,0.01,26.26,40984.99,1
2025-01-09,2025-01-09 12:37:00,1572.14,1572.27,1572.14,1572.27,0.01,26.26,40984.99,1
2025-01-09,2025-01-09 12:38:00,1572.27,1572.39,1572.27,1572.39,0.01,26.26,40984.99,1
2025-01-09,2025-01-09 12:39:00,1572.39,1572.52,1572.39,1572.52,0.01,26.26,40984.99,1
2025-01-09,2025-01-09 12:40:00,1572.52,1572.64,1572.52,1572.64,0.01,26.26,40984.99,1
2025-01-09,2025-01-09 12:41:00,1572.64,1572.76,1572.64,1572.76,0.01,26.26,40984.99,1
2025-01-09,2025-01-09 12:42:00,1572.76,1572.89,1572.76,1572.89,0.01,26.26,40984.99,1
2025-01-09,2025-01-09 12:43:00,1572.89,1573.01,1572.89,1573.01,0.01,26.26,40984.99,1
2025-01-09,2025-01-09 12:44:00,1573.01,1573.14,1573.01,1573.14,0.01,26.26,40984.99,1
2025-01-09,2025-01-09 12:45:00,1573.14,1573.26,1573.14,1573.26,0.01,26.26,40984.99,1
2025-01-09,2025-01-09 12:46:00,1573.26,1573.39,1573.26,1573.39,0.01,26.26,40984.99,1
2025-01-09,2025-01-09 12:47:00,1573.39,1573.51,1573.39,1573.51,0.01,26.26,40984.99,1
2025-01-09,2025-01-09 12:48:00,1573.51,1573.63,1573.51,1573.63,0.01,26.26,40984.99,1
2025-01-09,2025-01-09 12:49:00,1573.63,1573.76,1573.63,1573.76,0.01,26.26,40984.99,1
2025-01-09,2025-01-09 12:50:00,1573.76,1573.88,1573.76,1573.88,0.01,26.26,40984.99,1
2025-01-09,2025-01-09 12:51:00,1573.88,1574.01,1573.88,1574.01,0.01,26.26,40984.99,1
2025-01-09,2025-01-09 12:52:00,1574.01,1574.13,1574.01,1574.13,0.01,26.26,40984.99,1
2025-01-09,2025-01-09 12:53:00,1574.13,1574.26,1574.13,1574.26,0.01,26.26,40984.99,1
2025-01-09,2025-01-09 12:54:00,1574.26,1574.38,1574.26,1574.38,0.01,26.26,40984.99,1
2025-01-09,2025-01-09 12:55:00,1574.38,1574.5,1574.38,1574.5,0.01,26.26,40984.99,1
2025-01-09,2025-01-09 12:56:00,1574.5,1574.63,1574.5,1574.63,0.01,26.26,40984.99,1
2025-01-09,2025-01-09 12:57:00,1574.63,1574.75,1574.63,1574.75,0.01,26.26,40984.99,1
2025-01-09,2025-01-09 12:58:00,1574.75,1574.88,1574.75,1574.88,0.01,26.26,40984.99,1
2025-01-09,2025-01-09 12:59:00,1574.88,1575.0,1574.88,1575.0,0.01,26.26,40984.99,1
2025-01-09,2025-01-09 13:00:00,1575.0,1589.9,1545.1,1575.12,0.01,26.26,40984.99,1
2025-01-09,2025-01-09 13:01:00,1575.12,1575.25,1575.12,1575.25,0.01,26.26,40984.99,1
2025-01-09,2025-01-09 13:02:00,1575.25,1575.37,1575.25,1575.37,0.01,26.26,40984.99,1
2025-01-09,2025-01-09 13:03:00,1575.37,1575.5,1575.37,1575.5,0.01,26.26,40984.99,1
2025-01-09,2025-01-09 13:04:00,1575.5,1575.62,1575.5,1575.62,0.01,26.26,40984.99,1
2025-01-09,2025-01-09 13:05:00,1575.62,1575.74,1575.62,1575.74,0.01,26.26,40984.99,1
2025-01-09,2025-01-09 13:06:00,1575.74,1575.87,1575.74,1575.87,0.01,26.26,40984.99,1
2025-01-09,2025-01-09 13:07:00,1575.87,1575.99,1575.87,1575.99,0.01,26.26,40984.99,1
2025-01-09,2025-01-09 13:08:00,1575.99,1576.12,1575.99,1576.12,0.01,26.26,40984.99,1
2025-01-09,2025-01-09 13:09:00,1576.12,1576.24,1576.12,1576.24,0.01,26.26,40984.99,1
2025-01-09,2025-01-09 13:10:00,1576.24,1576.37,1576.24,1576.37,0.01,26.26,40984.99,1
2025-01-09,2025-01-09 13:11:00,1576.37,1576.49,1576.37,1576.49,0.01,26.26,40984.99,1
2025-01-09,2025-01-09 13:12:00,1576.49,1576.61,1576.49,1576.61,0.01,26.26,40984.99,1
2025-01-09,2025-01-09 13:13:00,1576.61,1576.74,1576.61,1576.74,0.01,26.26,40984.99,1
2025-01-09,2025-01-09 13:14:00,1576.74,1576.86,1576.74,1576.86,0.01,26.26,40984.99,1
2025-01-09,2025-01-09 13:15:00,1576.86,1576.99,1576.86,1576.99,0.01,26.26,40984.99,1
2025-01-09,2025-01-09 13:16:00,1576.99,1577.11,1576.99,1577.11,0.01,26.26,40984.99,1
2025-01-09,2025-01-09 13:17:00,1577.11,1577.24,1577.11,1577.24,0.01,26.26,40984.99,1
2025-01-09,2025-01-09 13:18:00,1577.24,1577.36,1577.24,1577.36,0.01,26.26,40984.99,1
2025-01-09,2025-01-09 13:19:00,1577.36,1577.48,1577.36,1577.48,0.01,26.26,40984.99,1
2025-01-09,2025-01-09 13:20:00,1577.48,1577.61,1577.48,1577.61,0.01,26.26,40984.99,1
2025-01-09,2025-01-09 13:21:00,1577.61,1577.73,1577.61,1577.73,0.01,26.26,40984.99,1
2025-01-09,2025-01-09 13:22:00,1577.73,1577.86,1577.73,1577.86,0.01,26.26,40984.99,1
2025-01-09,2025-01-09 13:23:00,1577.86,1577.98,1577.86,1577.98,0.01,26.26,40984.99,1
2025-01-09,2025-01-09 13:24:00,1577.98,1578.1,1577.98,1578.1,0.01,26.26,40984.99,1
2025-01-09,2025-01-09 13:25:00,1578.1,1578.23,1578.1,1578.23,0.01,26.26,40984.99,1
2025-01-09,2025-01-09 13:26:00,1578.23,1578.35,1578.23,1578.35,0.01,26.26,40984.99,1
2025-01-09,2025-01-09 13:27:00,1578.35,1578.48,1578.35,1578.48,0.01,26.26,40984.99,1
2025-01-09,2025-01-09 13:28:00,1578.48,1578.6,1578.48,1578.6,0.01,26.26,40984.99,1
2025-01-09,2025-01-09 13:29:00,1578.6,1578.72,1578.6,1578.72,0.01,26.26,40984.99,1
2025-01-09,2025-01-09 13:30:00,1578.72,1578.85,1578.72,1578.85,0.01,26.26,40984.99,1
2025-01-09,2025-01-09 13:31:00,1578.85,1578.97,1578.85,1578.97,0.01,26.26,40984.99,1
2025-01-09,2025-01-09 13:32:00,1578.97,1579.1,1578.97,1579.1,0.01,26.26,40984.99,1
2025-01-09,2025-01-09 13:33:00,1579.1,1579.22,1579.1,1579.22,0.01,26.26,40984.99,1
2025-01-09,2025-01-09 13:34:00,1579.22,1579.35,1579.22,1579.35,0.01,26.26,40984.99,1
2025-01-09,2025-01-09 13:35:00,1579.35,1579.47,1579.35,1579.47,0.01,26.26,40984.99,1
2025-01-09,2025-01-09 13:36:00,1579.47,1579.59,1579.47,1579.59,0.01,26.26,40984.99,1
2025-01-09,2025-01-09 13:37:00,1579.59,1579.72,1579.59,1579.72,0.01,26.26,40984.99,1
2025-01-09,2025-01-09 13:38:00,1579.72,1579.84,1579.72,1579.84,0.01,26.26,40984.99,1
2025-01-09,2025-01-09 13:39:00,1579.84,1579.97,1579.84,1579.97,0.01,26.26,40984.99,1
2025-01-09,2025-01-09 13:40:00,1579.97,1580.09,1579.97,1580.09,0.01,26.26,40984.99,1
2025-01-09,2025-01-09 13:41:00,1580.09,1580.22,1580.09,1580.22,0.01,26.26,40984.99,1
2025-01-09,2025-01-09 13:42:00,1580.22,1580.34,1580.22,1580.34,0.01,26.26,40984.99,1
2025-01-09,2025-01-09 13:43:00,1580.34,1580.46,1580.34,1580.46,0.01,26.26,40984.99,1
2025-01-09,2025-01-09 13:44:00,1580.46,1580.59,1580.46,1580.59,0.01,26.26,40984.99,1
2025-01-09,2025-01-09 13:45:00,1580.59,1580.71,1580.59,1580.71,0.01,26.26,40984.99,1
2025-01-09,2025-01-09 13:46:00,1580.71,1580.84,1580.71,1580.84,0.01,26.26,40984.99,1
2025-01-09,2025-01-09 13:47:00,1580.84,1580.96,1580.84,1580.96,0.01,26.26,40984.99,1
2025-01-09,2025-01-09 13:48:00,1580.96,1581.08,1580.96,1581.08,0.01,26.26,40984.99,1
2025-01-09,2025-01-09 13:49:00,1581.08,1581.21,1581.08,1581.21,0.01,26.26,40984.99,1
2025-01-09,2025-01-09 13:50:00,1581.21,1581.33,1581.21,1581.33,0.01,26.26,40984.99,1
2025-01-09,2025-01-09 13:51:00,1581.33,1581.46,1581.33,1581.46,0.01,26.26,40984.99,1
2025-01-09,2025-01-09 13:52:00,1581.46,1581.58,1581.46,1581.58,0.01,26.26,40984.99,1
2025-01-09,2025-01-09 13:53:00,1581.58,1581.7,1581.58,1581.7,0.01,26.26,40984.99,1
2025-01-09,2025-01-09 13:54:00,1581.7,1581.83,1581.7,1581.83,0.01,26.26,40984.99,1
2025-01-09,2025-01-09 13:55:00,1581.83,1581.95,1581.83,1581.95,0.01,26.26,40984.99,1
2025-01-09,2025-01-09 13:56:00,1581.95,1582.08,1581.95,1582.08,0.01,26.26,40984.99,1
2025-01-09,2025-01-09 13:57:00,1582.08,1582.2,1582.08,1582.2,0.01,26.26,40984.99,1
2025-01-09,2025-01-09 13:58:00,1582.2,1582.33,1582.2,1582.33,0.01,26.26,40984.99,1
2025-01-09,2025-01-09 13:59:00,1582.33,1582.45,1582.33,1582.45,0.01,26.26,40984.99,1
2025-01-09,2025-01-09 14:00:00,1582.45,1582.57,1582.45,1582.57,0.01,26.26,40984.99,1
2025-01-09,2025-01-09 14:01:00,1582.57,1582.7,1582.57,1582.7,0.01,26.26,40984.99,1
2025-01-09,2025-01-09 14:02:00,1582.7,1582.82,1582.7,1582.82,0.01,26.26,40984.99,1
2025-01-09,2025-01-09 14:03:00,1582.82,1582.95,1582.82,1582.95,0.01,26.26,40984.99,1
2025-01-09,2025-01-09 14:04:00,1582.95,1583.07,1582.95,1583.07,0.01,26.26,40984.99,1
2025-01-09,2025-01-09 14:05:00,1583.07,1583.2,1583.07,1583.2,0.01,26.26,40984.99,1
2025-01-09,2025-01-09 14:06:00,1583.2,1583.32,1583.2,1583.32,0.01,26.26,40984.99,1
2025-01-09,2025-01-09 14:07:00,1583.32,1583.44,1583.32,1583.44,0.01,26.26,40984.99,1
2025-01-09,2025-01-09 14:08:00,1583.44,1583.57,1583.44,1583.57,0.01,26.26,40984.99,1
2025-01-09,2025-01-09 14:09:00,1583.57,1583.69,1583.57,1583.69,0.01,26.26,40984.99,1
2025-01-09,2025-01-09 14:10:00,1583.69,1583.82,1583.69,1583.82,0.01,26.26,40984.99,1
2025-01-09,2025-01-09 14:11:00,1583.82,1583.94,1583.82,1583.94,0.01,26.26,40984.99,1
2025-01-09,2025-01-09 14:12:00,1583.94,1584.06,1583.94,1584.06,0.01,26.26,40984.99,1
2025-01-09,2025-01-09 14:13:00,1584.06,1584.19,1584.06,1584.19,0.01,26.26,40984.99,1
2025-01-09,2025-01-09 14:14:00,1584.19,1584.31,1584.19,1584.31,0.01,26.26,40984.99,1
2025-01-09,2025-01-09 14:15:00,1584.31,1584.44,1584.31,1584.44,0.01,26.26,40984.99,1
2025-01-09,2025-01-09 14:16:00,1584.44,1584.56,1584.44,1584.56,0.01,26.26,40984.99,1
2025-01-09,2025-01-09 14:17:00,1584.56,1584.68,1584.56,1584.68,0.01,26.26,40984.99,1
2025-01-09,2025-01-09 14:18:00,1584.68,1584.81,1584.68,1584.81,0.01,26.26,40984.99,1
2025-01-09,2025-01-09 14:19:00,1584.81,1584.93,1584.81,1584.93,0.01,26.26,40984.99,1
2025-01-09,2025-01-09 14:20:00,1584.93,1585.06,1584.93,1585.06,0.01,26.26,40984.99,1
2025-01-09,2025-01-09 14:21:00,1585.06,1585.18,1585.06,1585.18,0.01,26.26,40984.99,1
2025-01-09,2025-01-09 14:22:00,1585.18,1585.31,1585.18,1585.31,0.01,26.26,40984.99,1
2025-01-09,2025-01-09 14:23:00,1585.31,1585.43,1585.31,1585.43,0.01,26.26,40984.99,1
2025-01-09,2025-01-09 14:24:00,1585.43,1585.55,1585.43,1585.55,0.01,26.26,40984.99,1
2025-01-09,2025-01-09 14:25:00,1585.55,1585.68,1585.55,1585.68,0.01,26.26,40984.99,1
2025-01-09,2025-01-09 14:26:00,1585.68,1585.8,1585.68,1585.8,0.01,26.26,40984.99,1
2025-01-09,2025-01-09 14:27:00,1585.8,1585.93,1585.8,1585.93,0.01,26.26,40984.99,1
2025-01-09,2025-01-09 14:28:00,1585.93,1586.05,1585.93,1586.05,0.01,26.26,40984.99,1
2025-01-09,2025-01-09 14:29:00,1586.05,1586.18,1586.05,1586.18,0.01,26.26,40984.99,1
2025-01-09,2025-01-09 14:30:00,1586.18,1586.3,1586.18,1586.3,0.01,26.26,40984.99,1
2025-01-09,2025-01-09 14:31:00,1586.3,1586.42,1586.3,1586.42,0.01,26.26,40984.99,1
2025-01-09,2025-01-09 14:32:00,1586.42,1586.55,1586.42,1586.55,0.01,26.26,40984.99,1
2025-01-09,2025-01-09 14:33:00,1586.55,1586.67,1586.55,1586.67,0.01,26.26,40984.99,1
2025-01-09,2025-01-09 14:34:00,1586.67,1586.8,1586.67,1586.8,0.01,26.26,40984.99,1
2025-01-09,2025-01-09 14:35:00,1586.8,1586.92,1586.8,1586.92,0.01,26.26,40984.99,1
2025-01-09,2025-01-09 14:36:00,1586.92,1587.04,1586.92,1587.04,0.01,26.26,40984.99,1
2025-01-09,2025-01-09 14:37:00,1587.04,1587.17,1587.04,1587.17,0.01,26.26,40984.99,1
2025-01-09,2025-01-09 14:38:00,1587.17,1587.29,1587.17,1587.29,0.01,26.26,40984.99,1
2025-01-09,2025-01-09 14:39:00,1587.29,1587.42,1587.29,1587.42,0.01,26.26,40984.99,1
2025-01-09,2025-01-09 14:40:00,1587.42,1587.54,1587.42,1587.54,0.01,26.26,40984.99,1
2025-01-09,2025-01-09 14:41:00,1587.54,1587.66,1587.54,1587.66,0.01,26.26,40984.99,1
2025-01-09,2025-01-09 14:42:00,1587.66,1587.79,1587.66,1587.79,0.01,26.26,40984.99,1
2025-01-09,2025-01-09 14:43:00,1587.79,1587.91,1587.79,1587.91,0.01,26.26,40984.99,1
2025-01-09,2025-01-09 14:44:00,1587.91,1588.04,1587.91,1588.04,0.01,26.26,40984.99,1
2025-01-09,2025-01-09 14:45:00,1588.04,1588.16,1588.04,1588.16,0.01,26.26,40984.99,1
2025-01-09,2025-01-09 14:46:00,1588.16,1588.29,1588.16,1588.29,0.01,26.26,40984.99,1
2025-01-09,2025-01-09 14:47:00,1588.29,1588.41,1588.29,1588.41,0.01,26.26,40984.99,1
2025-01-09,2025-01-09 14:48:00,1588.41,1588.53,1588.41,1588.53,0.01,26.26,40984.99,1
2025-01-09,2025-01-09 14:49:00,1588.53,1588.66,1588.53,1588.66,0.01,26.26,40984.99,1
2025-01-09,2025-01-09 14:50:00,1588.66,1588.78,1588.66,1588.78,0.01,26.26,40984.99,1
2025-01-09,2025-01-09 14:51:00,1588.78,1588.91,1588.78,1588.91,0.01,26.26,40984.99,1
2025-01-09,2025-01-09 14:52:00,1588.91,1589.03,1588.91,1589.03,0.01,26.26,40984.99,1
2025-01-09,2025-01-09 14:53:00,1589.03,1589.16,1589.03,1589.16,0.01,26.26,40984.99,1
2025-01-09,2025-01-09 14:54:00,1589.16,1589.28,1589.16,1589.28,0.01,26.26,40984.99,1
2025-01-09,2025-01-09 14:55:00,1589.28,1589.4,1589.28,1589.4,0.01,26.26,40984.99,1
2025-01-09,2025-01-09 14:56:00,1589.4,1589.53,1589.4,1589.53,0.01,26.26,40984.99,1
2025-01-09,2025-01-09 14:57:00,1589.53,1589.65,1589.53,1589.65,0.01,26.26,40984.99,1
2025-01-09,2025-01-09 14:58:00,1589.65,1589.78,1589.65,1589.78,0.01,26.26,40984.99,1
2025-01-09,2025-01-09 14:59:00,1589.78,1589.9,1589.78,1589.9,0.01,26.26,40984.99,1
2025-01-09,2025-01-09 15:00:00,1589.9,1589.9,1545.1,1589.9,0.0,26.26,40984.99,0
2025-01-12,2025-01-12 11:00:00,1560.0,1571.94,1557.0,1560.09,0.01,9.45,14771.58,1
2025-01-12,2025-01-12 11:01:00,1560.09,1560.18,1560.09,1560.18,0.01,9.45,14771.58,1
2025-01-12,2025-01-12 11:02:00,1560.18,1560.27,1560.18,1560.27,0.01,9.45,14771.58,1
2025-01-12,2025-01-12 11:03:00,1560.27,1560.37,1560.27,1560.37,0.01,9.45,14771.58,1
2025-01-12,2025-01-12 11:04:00,1560.37,1560.46,1560.37,1560.46,0.01,9.45,14771.58,1
2025-01-12,2025-01-12 11:05:00,1560.46,1560.55,1560.46,1560.55,0.01,9.45,14771.58,1
2025-01-12,2025-01-12 11:06:00,1560.55,1560.64,1560.55,1560.64,0.01,9.45,14771.58,1
2025-01-12,2025-01-12 11:07:00,1560.64,1560.73,1560.64,1560.73,0.01,9.45,14771.58,1
2025-01-12,2025-01-12 11:08:00,1560.73,1560.82,1560.73,1560.82,0.01,9.45,14771.58,1
2025-01-12,2025-01-12 11:09:00,1560.82,1560.91,1560.82,1560.91,0.01,9.45,14771.58,1
2025-01-12,2025-01-12 11:10:00,1560.91,1561.0,1560.91,1561.0,0.01,9.45,14771.58,1
2025-01-12,2025-01-12 11:11:00,1561.0,1561.1,1561.0,1561.1,0.01,9.45,14771.58,1
2025-01-12,2025-01-12 11:12:00,1561.1,1561.19,1561.1,1561.19,0.01,9.45,14771.58,1
2025-01-12,2025-01-12 11:13:00,1561.19,1561.28,1561.19,1561.28,0.01,9.45,14771.58,1
2025-01-12,2025-01-12 11:14:00,1561.28,1561.37,1561.28,1561.37,0.01,9.45,14771.58,1
2025-01-12,2025-01-12 11:15:00,1561.37,1561.46,1561.37,1561.46,0.01,9.45,14771.58,1
2025-01-12,2025-01-12 11:16:00,1561.46,1561.55,1561.46,1561.55,0.01,9.45,14771.58,1
2025-01-12,2025-01-12 11:17:00,1561.55,1561.64,1561.55,1561.64,0.01,9.45,14771.58,1
2025-01-12,2025-01-12 11:18:00,1561.64,1561.73,1561.64,1561.73,0.01,9.45,14771.58,1
2025-01-12,2025-01-12 11:19:00,1561.73,1561.83,1561.73,1561.83,0.01,9.45,14771.58,1
2025-01-12,2025-01-12 11:20:00,1561.83,1561.92,1561.83,1561.92,0.01,9.45,14771.58,1
2025-01-12,2025-01-12 11:21:00,1561.92,1562.01,1561.92,1562.01,0.01,9.45,14771.58,1
2025-01-12,2025-01-12 11:22:00,1562.01,1562.1,1562.01,1562.1,0.01,9.45,14771.58,1
2025-01-12,2025-01-12 11:23:00,1562.1,1562.19,1562.1,1562.19,0.01,9.45,14771.58,1
2025-01-12,2025-01-12 11:24:00,1562.19,1562.28,1562.19,1562.28,0.01,9.45,14771.58,1
2025-01-12,2025-01-12 11:25:00,1562.28,1562.37,1562.28,1562.37,0.01,9.45,14771.58,1
2025-01-12,2025-01-12 11:26:00,1562.37,1562.46,1562.37,1562.46,0.01,9.45,14771.58,1
2025-01-12,2025-01-12 11:27:00,1562.46,1562.56,1562.46,1562.56,0.01,9.45,14771.58,1
2025-01-12,2025-01-12 11:28:00,1562.56,1562.65,1562.56,1562.65,0.01,9.45,14771.58,1
2025-01-12,2025-01-12 11:29:00,1562.65,1562.74,1562.65,1562.74,0.01,9.45,14771.58,1
2025-01-12,2025-01-12 11:30:00,1562.74,1562.83,1562.74,1562.83,0.01,9.45,14771.58,1
2025-01-12,2025-01-12 11:31:00,1562.83,1562.92,1562.83,1562.92,0.01,9.45,14771.58,1
2025-01-12,2025-01-12 11:32:00,1562.92,1563.01,1562.92,1563.01,0.01,9.45,14771.58,1
2025-01-12,2025-01-12 11:33:00,1563.01,1563.1,1563.01,1563.1,0.01,9.45,14771.58,1
2025-01-12,2025-01-12 11:34:00,1563.1,1563.19,1563.1,1563.19,0.01,9.45,14771.58,1
2025-01-12,2025-01-12 11:35:00,1563.19,1563.29,1563.19,1563.29,0.01,9.45,14771.58,1
2025-01-12,2025-01-12 11:36:00,1563.29,1563.38,1563.29,1563.38,0.01,9.45,14771.58,1
2025-01-12,2025-01-12 11:37:00,1563.38,1563.47,1563.38,1563.47,0.01,9.45,14771.58,1
2025-01-12,2025-01-12 11:38:00,1563.47,1563.56,1563.47,1563.56,0.01,9.45,14771.58,1
2025-01-12,2025-01-12 11:39:00,1563.56,1563.65,1563.56,1563.65,0.01,9.45,14771.58,1
2025-01-12,2025-01-12 11:40:00,1563.65,1563.74,1563.65,1563.74,0.01,9.45,14771.58,1
2025-01-12,2025-01-12 11:41:00,1563.74,1563.83,1563.74,1563.83,0.01,9.45,14771.58,1
2025-01-12,2025-01-12 11:42:00,1563.83,1563.92,1563.83,1563.92,0.01,9.45,14771.58,1
2025-01-12,2025-01-12 11:43:00,1563.92,1564.02,1563.92,1564.02,0.01,9.45,14771.58,1
2025-01-12,2025-01-12 11:44:00,1564.02,1564.11,1564.02,1564.11,0.01,9.45,14771.58,1
2025-01-12,2025-01-12 11:45:00,1564.11,1564.2,1564.11,1564.2,0.01,9.45,14771.58,1
2025-01-12,2025-01-12 11:46:00,1564.2,1564.29,1564.2,1564.29,0.01,9.45,14771.58,1
2025-01-12,2025-01-12 11:47:00,1564.29,1564.38,1564.29,1564.38,0.01,9.45,14771.58,1
2025-01-12,2025-01-12 11:48:00,1564.38,1564.47,1564.38,1564.47,0.01,9.45,14771.58,1
2025-01-12,2025-01-12 11:49:00,1564.47,1564.56,1564.47,1564.56,0.01,9.45,14771.58,1
2025-01-12,2025-01-12 11:50:00,1564.56,1564.65,1564.56,1564.65,0.01,9.45,14771.58,1
2025-01-12,2025-01-12 11:51:00,1564.65,1564.75,1564.65,1564.75,0.01,9.45,14771.58,1
2025-01-12,2025-01-12 11:52:00,1564.75,1564.84,1564.75,1564.84,0.01,9.45,14771.58,1
2025-01-12,2025-01-12 11:53:00,1564.84,1564.93,1564.84,1564.93,0.01,9.45,14771.58,1
2025-01-12,2025-01-12 11:54:00,1564.93,1565.02,1564.93,1565.02,0.01,9.45,14771.58,1
2025-01-12,2025-01-12 11:55:00,1565.02,1565.11,1565.02,1565.11,0.01,9.45,14771.58,1
2025-01-12,2025-01-12 11:56:00,1565.11,1565.2,1565.11,1565.2,0.01,9.45,14771.58,1
2025-01-12,2025-01-12 11:57:00,1565.2,1565.29,1565.2,1565.29,0.01,9.45,14771.58,1
2025-01-12,2025-01-12 11:58:00,1565.29,1565.38,1565.29,1565.38,0.01,9.45,14771.58,1
2025-01-12,2025-01-12 11:59:00,1565.38,1565.47,1565.38,1565.47,0.01,9.45,14771.58,1
2025-01-12,2025-01-12 12:00:00,1565.47,1565.57,1565.47,1565.57,0.01,9.45,14771.58,1
2025-01-12,2025-01-12 12:01:00,1565.57,1565.66,1565.57,1565.66,0.01,9.45,14771.58,1
2025-01-12,2025-01-12 12:02:00,1565.66,1565.75,1565.66,1565.75,0.01,9.45,14771.58,1
2025-01-12,2025-01-12 12:03:00,1565.75,1565.84,1565.75,1565.84,0.01,9.45,14771.58,1
2025-01-12,2025-01-12 12:04:00,1565.84,1565.93,1565.84,1565.93,0.01,9.45,14771.58,1
2025-01-12,2025-01-12 12:05:00,1565.93,1566.02,1565.93,1566.02,0.01,9.45,14771.58,1
2025-01-12,2025-01-12 12:06:00,1566.02,1566.11,1566.02,1566.11,0.01,9.45,14771.58,1
2025-01-12,2025-01-12 12:07:00,1566.11,1566.2,1566.11,1566.2,0.01,9.45,14771.58,1
2025-01-12,2025-01-12 12:08:00,1566.2,1566.3,1566.2,1566.3,0.01,9.45,14771.58,1
2025-01-12,2025-01-12 12:09:00,1566.3,1566.39,1566.3,1566.39,0.01,9.45,14771.58,1
2025-01-12,2025-01-12 12:10:00,1566.39,1566.48,1566.39,1566.48,0.01,9.45,14771.58,1
2025-01-12,2025-01-12 12:11:00,1566.48,1566.57,1566.48,1566.57,0.01,9.45,14771.58,1
2025-01-12,2025-01-12 12:12:00,1566.57,1566.66,1566.57,1566.66,0.01,9.45,14771.58,1
2025-01-12,2025-01-12 12:13:00,1566.66,1566.75,1566.66,1566.75,0.01,9.45,14771.58,1
2025-01-12,2025-01-12 12:14:00,1566.75,1566.84,1566.75,1566.84,0.01,9.45,14771.58,1
2025-01-12,2025-01-12 12:15:00,1566.84,1566.93,1566.84,1566.93,0.01,9.45,14771.58,1
2025-01-12,2025-01-12 12:16:00,1566.93,1567.03,1566.93,1567.03,0.01,9.45,14771.58,1
2025-01-12,2025-01-12 12:17:00,1567.03,1567.12,1567.03,1567.12,0.01,9.45,14771.58,1
2025-01-12,2025-01-12 12:18:00,1567.12,1567.21,1567.12,1567.21,0.01,9.45,14771.58,1
2025-01-12,2025-01-12 12:19:00,1567.21,1567.3,1567.21,1567.3,0.01,9.45,14771.58,1
2025-01-12,2025-01-12 12:20:00,1567.3,1567.39,1567.3,1567.39,0.01,9.45,14771.58,1
2025-01-12,2025-01-12 12:21:00,1567.39,1567.48,1567.39,1567.48,0.01,9.45,14771.58,1
2025-01-12,2025-01-12 12:22:00,1567.48,1567.57,1567.48,1567.57,0.01,9.45,14771.58,1
2025-01-12,2025-01-12 12:23:00,1567.57,1567.66,1567.57,1567.66,0.01,9.45,14771.58,1
2025-01-12,2025-01-12 12:24:00,1567.66,1567.76,1567.66,1567.76,0.01,9.45,14771.58,1
2025-01-12,2025-01-12 12:25:00,1567.76,1567.85,1567.76,1567.85,0.01,9.45,14771.58,1
2025-01-12,2025-01-12 12:26:00,1567.85,1567.94,1567.85,1567.94,0.01,9.45,14771.58,1
2025-01-12,2025-01-12 12:27:00,1567.94,1568.03,1567.94,1568.03,0.01,9.45,14771.58,1
2025-01-12,2025-01-12 12:28:00,1568.03,1568.12,1568.03,1568.12,0.01,9.45,14771.58,1
2025-01-12,2025-01-12 12:29:00,1568.12,1568.21,1568.12,1568.21,0.01,9.45,14771.58,1
2025-01-12,2025-01-12 12:30:00,1568.21,1568.3,1568.21,1568.3,0.01,9.45,14771.58,1
2025-01-12,2025-01-12 12:31:00,1568.3,1568.39,1568.3,1568.39,0.01,9.45,14771.58,1
2025-01-12,2025-01-12 12:32:00,1568.39,1568.49,1568.39,1568.49,0.01,9.45,14771.58,1
2025-01-12,2025-01-12 12:33:00,1568.49,1568.58,1568.49,1568.58,0.01,9.45,14771.58,1
2025-01-12,2025-01-12 12:34:00,1568.58,1568.67,1568.58,1568.67,0.01,9.45,14771.58,1
2025-01-12,2025-01-12 12:35:00,1568.67,1568.76,1568.67,1568.76,0.01,9.45,14771.58,1
2025-01-12,2025-01-12 12:36:00,1568.76,1568.85,1568.76,1568.85,0.01,9.45,14771.58,1
2025-01-12,2025-01-12 12:37:00,1568.85,1568.94,1568.85,1568.94,0.01,9.45,14771.58,1
2025-01-12,2025-01-12 12:38:00,1568.94,1569.03,1568.94,1569.03,0.01,9.45,14771.58,1
2025-01-12,2025-01-12 12:39:00,1569.03,1569.12,1569.03,1569.12,0.01,9.45,14771.58,1
2025-01-12,2025-01-12 12:40:00,1569.12,1569.22,1569.12,1569.22,0.01,9.45,14771.58,1
2025-01-12,2025-01-12 12:41:00,1569.22,1569.31,1569.22,1569.31,0.01,9.45,14771.58,1
2025-01-12,2025-01-12 12:42:00,1569.31,1569.4,1569.31,1569.4,0.01,9.45,14771.58,1
2025-01-12,2025-01-12 12:43:00,1569.4,1569.49,1569.4,1569.49,0.01,9.45,14771.58,1
2025-01-12,2025-01-12 12:44:00,1569.49,1569.58,1569.49,1569.58,0.01,9.45,14771.58,1
2025-01-12,2025-01-12 12:45:00,1569.58,1569.67,1569.58,1569.67,0.01,9.45,14771.58,1
2025-01-12,2025-01-12 12:46:00,1569.67,1569.76,1569.67,1569.76,0.01,9.45,14771.58,1
2025-01-12,2025-01-12 12:47:00,1569.76,1569.86,1569.76,1569.86,0.01,9.45,14771.58,1
2025-01-12,2025-01-12 12:48:00,1569.86,1569.95,1569.86,1569.95,0.01,9.45,14771.58,1
2025-01-12,2025-01-12 12:49:00,1569.95,1570.04,1569.95,1570.04,0.01,9.45,14771.58,1
2025-01-12,2025-01-12 12:50:00,1570.04,1570.13,1570.04,1570.13,0.01,9.45,14771.58,1
2025-01-12,2025-01-12 12:51:00,1570.13,1570.22,1570.13,1570.22,0.01,9.45,14771.58,1
2025-01-12,2025-01-12 12:52:00,1570.22,1570.31,1570.22,1570.31,0.01,9.45,14771.58,1
2025-01-12,2025-01-12 12:53:00,1570.31,1570.4,1570.31,1570.4,0.01,9.45,14771.58,1
2025-01-12,2025-01-12 12:54:00,1570.4,1570.49,1570.4,1570.49,0.01,9.45,14771.58,1
2025-01-12,2025-01-12 12:55:00,1570.49,1570.59,1570.49,1570.59,0.01,9.45,14771.58,1
2025-01-12,2025-01-12 12:56:00,1570.59,1570.68,1570.59,1570.68,0.01,9.45,14771.58,1
2025-01-12,2025-01-12 12:57:00,1570.68,1570.77,1570.68,1570.77,0.01,9.45,14771.58,1
2025-01-12,2025-01-12 12:58:00,1570.77,1570.86,1570.77,1570.86,0.01,9.45,14771.58,1
2025-01-12,2025-01-12 12:59:00,1570.86,1570.95,1570.86,1570.95,0.01,9.45,14771.58,1
2025-01-12,2025-01-12 13:00:00,1570.95,1599.8,1550.0,1571.04,0.01,9.45,14771.58,1
2025-01-12,2025-01-12 13:01:00,1571.04,1571.13,1571.04,1571.13,0.01,9.45,14771.58,1
2025-01-12,2025-01-12 13:02:00,1571.13,1571.22,1571.13,1571.22,0.01,9.45,14771.58,1
2025-01-12,2025-01-12 13:03:00,1571.22,1571.32,1571.22,1571.32,0.01,9.45,14771.58,1
2025-01-12,2025-01-12 13:04:00,1571.32,1571.41,1571.32,1571.41,0.01,9.45,14771.58,1
2025-01-12,2025-01-12 13:05:00,1571.41,1571.5,1571.41,1571.5,0.01,9.45,14771.58,1
2025-01-12,2025-01-12 13:06:00,1571.5,1571.59,1571.5,1571.59,0.01,9.45,14771.58,1
2025-01-12,2025-01-12 13:07:00,1571.59,1571.68,1571.59,1571.68,0.01,9.45,14771.58,1
2025-01-12,2025-01-12 13:08:00,1571.68,1571.77,1571.68,1571.77,0.01,9.45,14771.58,1
2025-01-12,2025-01-12 13:09:00,1571.77,1571.86,1571.77,1571.86,0.01,9.45,14771.58,1
2025-01-12,2025-01-12 13:10:00,1571.86,1571.95,1571.86,1571.95,0.01,9.45,14771.58,1
2025-01-12,2025-01-12 13:11:00,1571.95,1572.05,1571.95,1572.05,0.01,9.45,14771.58,1
2025-01-12,2025-01-12 13:12:00,1572.05,1572.14,1572.05,1572.14,0.01,9.45,14771.58,1
2025-01-12,2025-01-12 13:13:00,1572.14,1572.23,1572.14,1572.23,0.01,9.45,14771.58,1
2025-01-12,2025-01-12 13:14:00,1572.23,1572.32,1572.23,1572.32,0.01,9.45,14771.58,1
2025-01-12,2025-01-12 13:15:00,1572.32,1572.41,1572.32,1572.41,0.01,9.45,14771.58,1
2025-01-12,2025-01-12 13:16:00,1572.41,1572.5,1572.41,1572.5,0.01,9.45,14771.58,1
2025-01-12,2025-01-12 13:17:00,1572.5,1572.59,1572.5,1572.59,0.01,9.45,14771.58,1
2025-01-12,2025-01-12 13:18:00,1572.59,1572.68,1572.59,1572.68,0.01,9.45,14771.58,1
2025-01-12,2025-01-12 13:19:00,1572.68,1572.78,1572.68,1572.78,0.01,9.45,14771.58,1
2025-01-12,2025-01-12 13:20:00,1572.78,1572.87,1572.78,1572.87,0.01,9.45,14771.58,1
2025-01-12,2025-01-12 13:21:00,1572.87,1572.96,1572.87,1572.96,0.01,9.45,14771.58,1
2025-01-12,2025-01-12 13:22:00,1572.96,1573.05,1572.96,1573.05,0.01,9.45,14771.58,1
2025-01-12,2025-01-12 13:23:00,1573.05,1573.14,1573.05,1573.14,0.01,9.45,14771.58,1
2025-01-12,2025-01-12 13:24:00,1573.14,1573.23,1573.14,1573.23,0.01,9.45,14771.58,1
2025-01-12,2025-01-12 13:25:00,1573.23,1573.32,1573.23,1573.32,0.01,9.45,14771.58,1
2025-01-12,2025-01-12 13:26:00,1573.32,1573.41,1573.32,1573.41,0.01,9.45,14771.58,1
2025-01-12,2025-01-12 13:27:00,1573.41,1573.51,1573.41,1573.51,0.01,9.45,14771.58,1
2025-01-12,2025-01-12 13:28:00,1573.51,1573.6,1573.51,1573.6,0.01,9.45,14771.58,1
2025-01-12,2025-01-12 13:29:00,1573.6,1573.69,1573.6,1573.69,0.01,9.45,14771.58,1
2025-01-12,2025-01-12 13:30:00,1573.69,1573.78,1573.69,1573.78,0.01,9.45,14771.58,1
2025-01-12,2025-01-12 13:31:00,1573.78,1573.87,1573.78,1573.87,0.01,9.45,14771.58,1
2025-01-12,2025-01-12 13:32:00,1573.87,1573.96,1573.87,1573.96,0.01,9.45,14771.58,1
2025-01-12,2025-01-12 13:33:00,1573.96,1574.05,1573.96,1574.05,0.01,9.45,14771.58,1
2025-01-12,2025-01-12 13:34:00,1574.05,1574.14,1574.05,1574.14,0.01,9.45,14771.58,1
2025-01-12,2025-01-12 13:35:00,1574.14,1574.24,1574.14,1574.24,0.01,9.45,14771.58,1
2025-01-12,2025-01-12 13:36:00,1574.24,1574.33,1574.24,1574.33,0.01,9.45,14771.58,1
2025-01-12,2025-01-12 13:37:00,1574.33,1574.42,1574.33,1574.42,0.01,9.45,14771.58,1
2025-01-12,2025-01-12 13:38:00,1574.42,1574.51,1574.42,1574.51,0.01,9.45,14771.58,1
2025-01-12,2025-01-12 13:39:00,1574.51,1574.6,1574.51,1574.6,0.01,9.45,14771.58,1
2025-01-12,2025-01-12 13:40:00,1574.6,1574.69,1574.6,1574.69,0.01,9.45,14771.58,1
2025-01-12,2025-01-12 13:41:00,1574.69,1574.78,1574.69,1574.78,0.01,9.45,14771.58,1
2025-01-12,2025-01-12 13:42:00,1574.78,1574.87,1574.78,1574.87,0.01,9.45,14771.58,1
2025-01-12,2025-01-12 13:43:00,1574.87,1574.97,1574.87,1574.97,0.01,9.45,14771.58,1
2025-01-12,2025-01-12 13:44:00,1574.97,1575.06,1574.97,1575.06,0.01,9.45,14771.58,1
2025-01-12,2025-01-12 13:45:00,1575.06,1575.15,1575.06,1575.15,0.01,9.45,14771.58,1
2025-01-12,2025-01-12 13:46:00,1575.15,1575.24,1575.15,1575.24,0.01,9.45,14771.58,1
2025-01-12,2025-01-12 13:47:00,1575.24,1575.33,1575.24,1575.33,0.01,9.45,14771.58,1
2025-01-12,2025-01-12 13:48:00,1575.33,1575.42,1575.33,1575.42,0.01,9.45,14771.58,1
2025-01-12,2025-01-12 13:49:00,1575.42,1575.51,1575.42,1575.51,0.01,9.45,14771.58,1
2025-01-12,2025-01-12 13:50:00,1575.51,1575.6,1575.51,1575.6,0.01,9.45,14771.58,1
2025-01-12,2025-01-12 13:51:00,1575.6,1575.7,1575.6,1575.7,0.01,9.45,14771.58,1
2025-01-12,2025-01-12 13:52:00,1575.7,1575.79,1575.7,1575.79,0.01,9.45,14771.58,1
2025-01-12,2025-01-12 13:53:00,1575.79,1575.88,1575.79,1575.88,0.01,9.45,14771.58,1
2025-01-12,2025-01-12 13:54:00,1575.88,1575.97,1575.88,1575.97,0.01,9.45,14771.58,1
2025-01-12,2025-01-12 13:55:00,1575.97,1576.06,1575.97,1576.06,0.01,9.45,14771.58,1
2025-01-12,2025-01-12 13:56:00,1576.06,1576.15,1576.06,1576.15,0.01,9.45,14771.58,1
2025-01-12,2025-01-12 13:57:00,1576.15,1576.24,1576.15,1576.24,0.01,9.45,14771.58,1
2025-01-12,2025-01-12 13:58:00,1576.24,1576.33,1576.24,1576.33,0.01,9.45,14771.58,1
2025-01-12,2025-01-12 13:59:00,1576.33,1576.43,1576.33,1576.43,0.01,9.45,14771.58,1
2025-01-12,2025-01-12 14:00:00,1576.43,1576.52,1576.43,1576.52,0.01,9.45,14771.58,1
2025-01-12,2025-01-12 14:01:00,1576.52,1576.61,1576.52,1576.61,0.01,9.45,14771.58,1
2025-01-12,2025-01-12 14:02:00,1576.61,1576.7,1576.61,1576.7,0.01,9.45,14771.58,1
2025-01-12,2025-01-12 14:03:00,1576.7,1576.79,1576.7,1576.79,0.01,9.45,14771.58,1
2025-01-12,2025-01-12 14:04:00,1576.79,1576.88,1576.79,1576.88,0.01,9.45,14771.58,1
2025-01-12,2025-01-12 14:05:00,1576.88,1576.97,1576.88,1576.97,0.01,9.45,14771.58,1
2025-01-12,2025-01-12 14:06:00,1576.97,1577.06,1576.97,1577.06,0.01,9.45,14771.58,1
2025-01-12,2025-01-12 14:07:00,1577.06,1577.15,1577.06,1577.15,0.01,9.45,14771.58,1
2025-01-12,2025-01-12 14:08:00,1577.15,1577.25,1577.15,1577.25,0.01,9.45,14771.58,1
2025-01-12,2025-01-12 14:09:00,1577.25,1577.34,1577.25,1577.34,0.01,9.45,14771.58,1
2025-01-12,2025-01-12 14:10:00,1577.34,1577.43,1577.34,1577.43,0.01,9.45,14771.58,1
2025-01-12,2025-01-12 14:11:00,1577.43,1577.52,1577.43,1577.52,0.01,9.45,14771.58,1
2025-01-12,2025-01-12 14:12:00,1577.52,1577.61,1577.52,1577.61,0.01,9.45,14771.58,1
2025-01-12,2025-01-12 14:13:00,1577.61,1577.7,1577.61,1577.7,0.01,9.45,14771.58,1
2025-01-12,2025-01-12 14:14:00,1577.7,1577.79,1577.7,1577.79,0.01,9.45,14771.58,1
2025-01-12,2025-01-12 14:15:00,1577.79,1577.88,1577.79,1577.88,0.01,9.45,14771.58,1
2025-01-12,2025-01-12 14:16:00,1577.88,1577.98,1577.88,1577.98,0.01,9.45,14771.58,1
2025-01-12,2025-01-12 14:17:00,1577.98,1578.07,1577.98,1578.07,0.01,9.45,14771.58,1
2025-01-12,2025-01-12 14:18:00,1578.07,1578.16,1578.07,1578.16,0.01,9.45,14771.58,1
2025-01-12,2025-01-12 14:19:00,1578.16,1578.25,1578.16,1578.25,0.01,9.45,14771.58,1
2025-01-12,2025-01-12 14:20:00,1578.25,1578.34,1578.25,1578.34,0.01,9.45,14771.58,1
2025-01-12,2025-01-12 14:21:00,1578.34,1578.43,1578.34,1578.43,0.01,9.45,14771.58,1
2025-01-12,2025-01-12 14:22:00,1578.43,1578.52,1578.43,1578.52,0.01,9.45,14771.58,1
2025-01-12,2025-01-12 14:23:00,1578.52,1578.62,1578.52,1578.62,0.01,9.45,14771.58,1
2025-01-12,2025-01-12 14:24:00,1578.62,1578.71,1578.62,1578.71,0.01,9.45,14771.58,1
2025-01-12,2025-01-12 14:25:00,1578.71,1578.8,1578.71,1578.8,0.01,9.45,14771.58,1
2025-01-12,2025-01-12 14:26:00,1578.8,1578.89,1578.8,1578.89,0.01,9.45,14771.58,1
2025-01-12,2025-01-12 14:27:00,1578.89,1578.98,1578.89,1578.98,0.01,9.45,14771.58,1
2025-01-12,2025-01-12 14:28:00,1578.98,1579.07,1578.98,1579.07,0.01,9.45,14771.58,1
2025-01-12,2025-01-12 14:29:00,1579.07,1579.16,1579.07,1579.16,0.01,9.45,14771.58,1
2025-01-12,2025-01-12 14:30:00,1579.16,1579.25,1579.16,1579.25,0.01,9.45,14771.58,1
2025-01-12,2025-01-12 14:31:00,1579.25,1579.35,1579.25,1579.35,0.01,9.45,14771.58,1
2025-01-12,2025-01-12 14:32:00,1579.35,1579.44,1579.35,1579.44,0.01,9.45,14771.58,1
2025-01-12,2025-01-12 14:33:00,1579.44,1579.53,1579.44,1579.53,0.01,9.45,14771.58,1
2025-01-12,2025-01-12 14:34:00,1579.53,1579.62,1579.53,1579.62,0.01,9.45,14771.58,1
2025-01-12,2025-01-12 14:35:00,1579.62,1579.71,1579.62,1579.71,0.01,9.45,14771.58,1
2025-01-12,2025-01-12 14:36:00,1579.71,1579.8,1579.71,1579.8,0.01,9.45,14771.58,1
2025-01-12,2025-01-12 14:37:00,1579.8,1579.89,1579.8,1579.89,0.01,9.45,14771.58,1
2025-01-12,2025-01-12 14:38:00,1579.89,1579.98,1579.89,1579.98,0.01,9.45,14771.58,1
2025-01-12,2025-01-12 14:39:00,1579.98,1580.08,1579.98,1580.08,0.01,9.45,14771.58,1
2025-01-12,2025-01-12 14:40:00,1580.08,1580.17,1580.08,1580.17,0.01,9.45,14771.58,1
2025-01-12,2025-01-12 14:41:00,1580.17,1580.26,1580.17,1580.26,0.01,9.45,14771.58,1
2025-01-12,2025-01-12 14:42:00,1580.26,1580.35,1580.26,1580.35,0.01,9.45,14771.58,1
2025-01-12,2025-01-12 14:43:00,1580.35,1580.44,1580.35,1580.44,0.01,9.45,14771.58,1
2025-01-12,2025-01-12 14:44:00,1580.44,1580.53,1580.44,1580.53,0.01,9.45,14771.58,1
2025-01-12,2025-01-12 14:45:00,1580.53,1580.62,1580.53,1580.62,0.01,9.45,14771.58,1
2025-01-12,2025-01-12 14:46:00,1580.62,1580.71,1580.62,1580.71,0.01,9.45,14771.58,1
2025-01-12,2025-01-12 14:47:00,1580.71,1580.81,1580.71,1580.81,0.01,9.45,14771.58,1
2025-01-12,2025-01-12 14:48:00,1580.81,1580.9,1580.81,1580.9,0.01,9.45,14771.58,1
2025-01-12,2025-01-12 14:49:00,1580.9,1580.99,1580.9,1580.99,0.01,9.45,14771.58,1
2025-01-12,2025-01-12 14:50:00,1580.99,1581.08,1580.99,1581.08,0.01,9.45,14771.58,1
2025-01-12,2025-01-12 14:51:00,1581.08,1581.17,1581.08,1581.17,0.01,9.45,14771.58,1
2025-01-12,2025-01-12 14:52:00,1581.17,1581.26,1581.17,1581.26,0.01,9.45,14771.58,1
2025-01-12,2025-01-12 14:53:00,1581.26,1581.35,1581.26,1581.35,0.01,9.45,14771.58,1
2025-01-12,2025-01-12 14:54:00,1581.35,1581.44,1581.35,1581.44,0.01,9.45,14771.58,1
2025-01-12,2025-01-12 14:55:00,1581.44,1581.54,1581.44,1581.54,0.01,9.45,14771.58,1
2025-01-12,2025-01-12 14:56:00,1581.54,1581.63,1581.54,1581.63,0.01,9.45,14771.58,1
2025-01-12,2025-01-12 14:57:00,1581.63,1581.72,1581.63,1581.72,0.01,9.45,14771.58,1
2025-01-12,2025-01-12 14:58:00,1581.72,1581.81,1581.72,1581.81,0.01,9.45,14771.58,1
2025-01-12,2025-01-12 14:59:00,1581.81,1581.9,1581.81,1581.9,0.01,9.45,14771.58,1
2025-01-12,2025-01-12 15:00:00,1581.9,1599.8,1550.0,1581.9,0.0,9.45,14771.58,0
2025-01-13,2025-01-13 11:00:00,1551.0,1564.2,1544.7,1551.02,0.0,31.3,48387.77,1
2025-01-13,2025-01-13 11:01:00,1551.02,1551.05,1551.02,1551.05,0.0,31.3,48387.77,1
2025-01-13,2025-01-13 11:02:00,1551.05,1551.07,1551.05,1551.07,0.0,31.3,48387.77,1
2025-01-13,2025-01-13 11:03:00,1551.07,1551.1,1551.07,1551.1,0.0,31.3,48387.77,1
2025-01-13,2025-01-13 11:04:00,1551.1,1551.12,1551.1,1551.12,0.0,31.3,48387.77,1
2025-01-13,2025-01-13 11:05:00,1551.12,1551.15,1551.12,1551.15,0.0,31.3,48387.77,1
2025-01-13,2025-01-13 11:06:00,1551.15,1551.17,1551.15,1551.17,0.0,31.3,48387.77,1
2025-01-13,2025-01-13 11:07:00,1551.17,1551.2,1551.17,1551.2,0.0,31.3,48387.77,1
2025-01-13,2025-01-13 11:08:00,1551.2,1551.22,1551.2,1551.22,0.0,31.3,48387.77,1
2025-01-13,2025-01-13 11:09:00,1551.22,1551.25,1551.22,1551.25,0.0,31.3,48387.77,1
2025-01-13,2025-01-13 11:10:00,1551.25,1551.27,1551.25,1551.27,0.0,31.3,48387.77,1
2025-01-13,2025-01-13 11:11:00,1551.27,1551.3,1551.27,1551.3,0.0,31.3,48387.77,1
2025-01-13,2025-01-13 11:12:00,1551.3,1551.32,1551.3,1551.32,0.0,31.3,48387.77,1
2025-01-13,2025-01-13 11:13:00,1551.32,1551.34,1551.32,1551.34,0.0,31.3,48387.77,1
2025-01-13,2025-01-13 11:14:00,1551.34,1551.37,1551.34,1551.37,0.0,31.3,48387.77,1
2025-01-13,2025-01-13 11:15:00,1551.37,1551.39,1551.37,1551.39,0.0,31.3,48387.77,1
2025-01-13,2025-01-13 11:16:00,1551.39,1551.42,1551.39,1551.42,0.0,31.3,48387.77,1
2025-01-13,2025-01-13 11:17:00,1551.42,1551.44,1551.42,1551.44,0.0,31.3,48387.77,1
2025-01-13,2025-01-13 11:18:00,1551.44,1551.47,1551.44,1551.47,0.0,31.3,48387.77,1
2025-01-13,2025-01-13 11:19:00,1551.47,1551.49,1551.47,1551.49,0.0,31.3,48387.77,1
2025-01-13,2025-01-13 11:20:00,1551.49,1551.52,1551.49,1551.52,0.0,31.3,48387.77,1
2025-01-13,2025-01-13 11:21:00,1551.52,1551.54,1551.52,1551.54,0.0,31.3,48387.77,1
2025-01-13,2025-01-13 11:22:00,1551.54,1551.57,1551.54,1551.57,0.0,31.3,48387.77,1
2025-01-13,2025-01-13 11:23:00,1551.57,1551.59,1551.57,1551.59,0.0,31.3,48387.77,1
2025-01-13,2025-01-13 11:24:00,1551.59,1551.61,1551.59,1551.61,0.0,31.3,48387.77,1
2025-01-13,2025-01-13 11:25:00,1551.61,1551.64,1551.61,1551.64,0.0,31.3,48387.77,1
2025-01-13,2025-01-13 11:26:00,1551.64,1551.66,1551.64,1551.66,0.0,31.3,48387.77,1
2025-01-13,2025-01-13 11:27:00,1551.66,1551.69,1551.66,1551.69,0.0,31.3,48387.77,1
2025-01-13,2025-01-13 11:28:00,1551.69,1551.71,1551.69,1551.71,0.0,31.3,48387.77,1
2025-01-13,2025-01-13 11:29:00,1551.71,1551.74,1551.71,1551.74,0.0,31.3,48387.77,1
2025-01-13,2025-01-13 11:30:00,1551.74,1551.76,1551.74,1551.76,0.0,31.3,48387.77,1
2025-01-13,2025-01-13 11:31:00,1551.76,1551.79,1551.76,1551.79,0.0,31.3,48387.77,1
2025-01-13,2025-01-13 11:32:00,1551.79,1551.81,1551.79,1551.81,0.0,31.3,48387.77,1
2025-01-13,2025-01-13 11:33:00,1551.81,1551.84,1551.81,1551.84,0.0,31.3,48387.77,1
2025-01-13,2025-01-13 11:34:00,1551.84,1551.86,1551.84,1551.86,0.0,31.3,48387.77,1
2025-01-13,2025-01-13 11:35:00,1551.86,1551.88,1551.86,1551.88,0.0,31.3,48387.77,1
2025-01-13,2025-01-13 11:36:00,1551.88,1551.91,1551.88,1551.91,0.0,31.3,48387.77,1
2025-01-13,2025-01-13 11:37:00,1551.91,1551.93,1551.91,1551.93,0.0,31.3,48387.77,1
2025-01-13,2025-01-13 11:38:00,1551.93,1551.96,1551.93,1551.96,0.0,31.3,48387.77,1
2025-01-13,2025-01-13 11:39:00,1551.96,1551.98,1551.96,1551.98,0.0,31.3,48387.77,1
2025-01-13,2025-01-13 11:40:00,1551.98,1552.01,1551.98,1552.01,0.0,31.3,48387.77,1
2025-01-13,2025-01-13 11:41:00,1552.01,1552.03,1552.01,1552.03,0.0,31.3,48387.77,1
2025-01-13,2025-01-13 11:42:00,1552.03,1552.06,1552.03,1552.06,0.0,31.3,48387.77,1
2025-01-13,2025-01-13 11:43:00,1552.06,1552.08,1552.06,1552.08,0.0,31.3,48387.77,1
2025-01-13,2025-01-13 11:44:00,1552.08,1552.11,1552.08,1552.11,0.0,31.3,48387.77,1
2025-01-13,2025-01-13 11:45:00,1552.11,1552.13,1552.11,1552.13,0.0,31.3,48387.77,1
2025-01-13,2025-01-13 11:46:00,1552.13,1552.16,1552.13,1552.16,0.0,31.3,48387.77,1
2025-01-13,2025-01-13 11:47:00,1552.16,1552.18,1552.16,1552.18,0.0,31.3,48387.77,1
2025-01-13,2025-01-13 11:48:00,1552.18,1552.2,1552.18,1552.2,0.0,31.3,48387.77,1
2025-01-13,2025-01-13 11:49:00,1552.2,1552.23,1552.2,1552.23,0.0,31.3,48387.77,1
2025-01-13,2025-01-13 11:50:00,1552.23,1552.25,1552.23,1552.25,0.0,31.3,48387.77,1
2025-01-13,2025-01-13 11:51:00,1552.25,1552.28,1552.25,1552.28,0.0,31.3,48387.77,1
2025-01-13,2025-01-13 11:52:00,1552.28,1552.3,1552.28,1552.3,0.0,31.3,48387.77,1
2025-01-13,2025-01-13 11:53:00,1552.3,1552.33,1552.3,1552.33,0.0,31.3,48387.77,1
2025-01-13,2025-01-13 11:54:00,1552.33,1552.35,1552.33,1552.35,0.0,31.3,48387.77,1
2025-01-13,2025-01-13 11:55:00,1552.35,1552.38,1552.35,1552.38,0.0,31.3,48387.77,1
2025-01-13,2025-01-13 11:56:00,1552.38,1552.4,1552.38,1552.4,0.0,31.3,48387.77,1
2025-01-13,2025-01-13 11:57:00,1552.4,1552.43,1552.4,1552.43,0.0,31.3,48387.77,1
2025-01-13,2025-01-13 11:58:00,1552.43,1552.45,1552.43,1552.45,0.0,31.3,48387.77,1
2025-01-13,2025-01-13 11:59:00,1552.45,1552.47,1552.45,1552.47,0.0,31.3,48387.77,1
2025-01-13,2025-01-13 12:00:00,1552.47,1552.5,1552.47,1552.5,0.0,31.3,48387.77,1
2025-01-13,2025-01-13 12:01:00,1552.5,1552.52,1552.5,1552.52,0.0,31.3,48387.77,1
2025-01-13,2025-01-13 12:02:00,1552.52,1552.55,1552.52,1552.55,0.0,31.3,48387.77,1
2025-01-13,2025-01-13 12:03:00,1552.55,1552.57,1552.55,1552.57,0.0,31.3,48387.77,1
2025-01-13,2025-01-13 12:04:00,1552.57,1552.6,1552.57,1552.6,0.0,31.3,48387.77,1
2025-01-13,2025-01-13 12:05:00,1552.6,1552.62,1552.6,1552.62,0.0,31.3,48387.77,1
2025-01-13,2025-01-13 12:06:00,1552.62,1552.65,1552.62,1552.65,0.0,31.3,48387.77,1
2025-01-13,2025-01-13 12:07:00,1552.65,1552.67,1552.65,1552.67,0.0,31.3,48387.77,1
2025-01-13,2025-01-13 12:08:00,1552.67,1552.7,1552.67,1552.7,0.0,31.3,48387.77,1
2025-01-13,2025-01-13 12:09:00,1552.7,1552.72,1552.7,1552.72,0.0,31.3,48387.77,1
2025-01-13,2025-01-13 12:10:00,1552.72,1552.75,1552.72,1552.75,0.0,31.3,48387.77,1
2025-01-13,2025-01-13 12:11:00,1552.75,1552.77,1552.75,1552.77,0.0,31.3,48387.77,1
2025-01-13,2025-01-13 12:12:00,1552.77,1552.79,1552.77,1552.79,0.0,31.3,48387.77,1
2025-01-13,2025-01-13 12:13:00,1552.79,1552.82,1552.79,1552.82,0.0,31.3,48387.77,1
2025-01-13,2025-01-13 12:14:00,1552.82,1552.84,1552.82,1552.84,0.0,31.3,48387.77,1
2025-01-13,2025-01-13 12:15:00,1552.84,1552.87,1552.84,1552.87,0.0,31.3,48387.77,1
2025-01-13,2025-01-13 12:16:00,1552.87,1552.89,1552.87,1552.89,0.0,31.3,48387.77,1
2025-01-13,2025-01-13 12:17:00,1552.89,1552.92,1552.89,1552.92,0.0,31.3,48387.77,1
2025-01-13,2025-01-13 12:18:00,1552.92,1552.94,1552.92,1552.94,0.0,31.3,48387.77,1
2025-01-13,2025-01-13 12:19:00,1552.94,1552.97,1552.94,1552.97,0.0,31.3,48387.77,1
2025-01-13,2025-01-13 12:20:00,1552.97,1552.99,1552.97,1552.99,0.0,31.3,48387.77,1
2025-01-13,2025-01-13 12:21:00,1552.99,1553.02,1552.99,1553.02,0.0,31.3,48387.77,1
2025-01-13,2025-01-13 12:22:00,1553.02,1553.04,1553.02,1553.04,0.0,31.3,48387.77,1
2025-01-13,2025-01-13 12:23:00,1553.04,1553.07,1553.04,1553.07,0.0,31.3,48387.77,1
2025-01-13,2025-01-13 12:24:00,1553.07,1553.09,1553.07,1553.09,0.0,31.3,48387.77,1
2025-01-13,2025-01-13 12:25:00,1553.09,1553.11,1553.09,1553.11,0.0,31.3,48387.77,1
2025-01-13,2025-01-13 12:26:00,1553.11,1553.14,1553.11,1553.14,0.0,31.3,48387.77,1
2025-01-13,2025-01-13 12:27:00,1553.14,1553.16,1553.14,1553.16,0.0,31.3,48387.77,1
2025-01-13,2025-01-13 12:28:00,1553.16,1553.19,1553.16,1553.19,0.0,31.3,48387.77,1
2025-01-13,2025-01-13 12:29:00,1553.19,1553.21,1553.19,1553.21,0.0,31.3,48387.77,1
2025-01-13,2025-01-13 12:30:00,1553.21,1553.24,1553.21,1553.24,0.0,31.3,48387.77,1
2025-01-13,2025-01-13 12:31:00,1553.24,1553.26,1553.24,1553.26,0.0,31.3,48387.77,1
2025-01-13,2025-01-13 12:32:00,1553.26,1553.29,1553.26,1553.29,0.0,31.3,48387.77,1
2025-01-13,2025-01-13 12:33:00,1553.29,1553.31,1553.29,1553.31,0.0,31.3,48387.77,1
2025-01-13,2025-01-13 12:34:00,1553.31,1553.34,1553.31,1553.34,0.0,31.3,48387.77,1
2025-01-13,2025-01-13 12:35:00,1553.34,1553.36,1553.34,1553.36,0.0,31.3,48387.77,1
2025-01-13,2025-01-13 12:36:00,1553.36,1553.38,1553.36,1553.38,0.0,31.3,48387.77,1
2025-01-13,2025-01-13 12:37:00,1553.38,1553.41,1553.38,1553.41,0.0,31.3,48387.77,1
2025-01-13,2025-01-13 12:38:00,1553.41,1553.43,1553.41,1553.43,0.0,31.3,48387.77,1
2025-01-13,2025-01-13 12:39:00,1553.43,1553.46,1553.43,1553.46,0.0,31.3,48387.77,1
2025-01-13,2025-01-13 12:40:00,1553.46,1553.48,1553.46,1553.48,0.0,31.3,48387.77,1
2025-01-13,2025-01-13 12:41:00,1553.48,1553.51,1553.48,1553.51,0.0,31.3,48387.77,1
2025-01-13,2025-01-13 12:42:00,1553.51,1553.53,1553.51,1553.53,0.0,31.3,48387.77,1
2025-01-13,2025-01-13 12:43:00,1553.53,1553.56,1553.53,1553.56,0.0,31.3,48387.77,1
2025-01-13,2025-01-13 12:44:00,1553.56,1553.58,1553.56,1553.58,0.0,31.3,48387.77,1
2025-01-13,2025-01-13 12:45:00,1553.58,1553.61,1553.58,1553.61,0.0,31.3,48387.77,1
2025-01-13,2025-01-13 12:46:00,1553.61,1553.63,1553.61,1553.63,0.0,31.3,48387.77,1
2025-01-13,2025-01-13 12:47:00,1553.63,1553.65,1553.63,1553.65,0.0,31.3,48387.77,1
2025-01-13,2025-01-13 12:48:00,1553.65,1553.68,1553.65,1553.68,0.0,31.3,48387.77,1
2025-01-13,2025-01-13 12:49:00,1553.68,1553.7,1553.68,1553.7,0.0,31.3,48387.77,1
2025-01-13,2025-01-13 12:50:00,1553.7,1553.73,1553.7,1553.73,0.0,31.3,48387.77,1
2025-01-13,2025-01-13 12:51:00,1553.73,1553.75,1553.73,1553.75,0.0,31.3,48387.77,1
2025-01-13,2025-01-13 12:52:00,1553.75,1553.78,1553.75,1553.78,0.0,31.3,48387.77,1
2025-01-13,2025-01-13 12:53:00,1553.78,1553.8,1553.78,1553.8,0.0,31.3,48387.77,1
2025-01-13,2025-01-13 12:54:00,1553.8,1553.83,1553.8,1553.83,0.0,31.3,48387.77,1
2025-01-13,2025-01-13 12:55:00,1553.83,1553.85,1553.83,1553.85,0.0,31.3,48387.77,1
2025-01-13,2025-01-13 12:56:00,1553.85,1553.88,1553.85,1553.88,0.0,31.3,48387.77,1
2025-01-13,2025-01-13 12:57:00,1553.88,1553.9,1553.88,1553.9,0.0,31.3,48387.77,1
2025-01-13,2025-01-13 12:58:00,1553.9,1553.93,1553.9,1553.93,0.0,31.3,48387.77,1
2025-01-13,2025-01-13 12:59:00,1553.93,1553.95,1553.93,1553.95,0.0,31.3,48387.77,1
2025-01-13,2025-01-13 13:00:00,1553.95,1595.0,1530.0,1553.97,0.0,31.3,48387.77,1
2025-01-13,2025-01-13 13:01:00,1553.97,1554.0,1553.97,1554.0,0.0,31.3,48387.77,1
2025-01-13,2025-01-13 13:02:00,1554.0,1554.02,1554.0,1554.02,0.0,31.3,48387.77,1
2025-01-13,2025-01-13 13:03:00,1554.02,1554.05,1554.02,1554.05,0.0,31.3,48387.77,1
2025-01-13,2025-01-13 13:04:00,1554.05,1554.07,1554.05,1554.07,0.0,31.3,48387.77,1
2025-01-13,2025-01-13 13:05:00,1554.07,1554.1,1554.07,1554.1,0.0,31.3,48387.77,1
2025-01-13,2025-01-13 13:06:00,1554.1,1554.12,1554.1,1554.12,0.0,31.3,48387.77,1
2025-01-13,2025-01-13 13:07:00,1554.12,1554.15,1554.12,1554.15,0.0,31.3,48387.77,1
2025-01-13,2025-01-13 13:08:00,1554.15,1554.17,1554.15,1554.17,0.0,31.3,48387.77,1
2025-01-13,2025-01-13 13:09:00,1554.17,1554.2,1554.17,1554.2,0.0,31.3,48387.77,1
2025-01-13,2025-01-13 13:10:00,1554.2,1554.22,1554.2,1554.22,0.0,31.3,48387.77,1
2025-01-13,2025-01-13 13:11:00,1554.22,1554.25,1554.22,1554.25,0.0,31.3,48387.77,1
2025-01-13,2025-01-13 13:12:00,1554.25,1554.27,1554.25,1554.27,0.0,31.3,48387.77,1
2025-01-13,2025-01-13 13:13:00,1554.27,1554.29,1554.27,1554.29,0.0,31.3,48387.77,1
2025-01-13,2025-01-13 13:14:00,1554.29,1554.32,1554.29,1554.32,0.0,31.3,48387.77,1
2025-01-13,2025-01-13 13:15:00,1554.32,1554.34,1554.32,1554.34,0.0,31.3,48387.77,1
2025-01-13,2025-01-13 13:16:00,1554.34,1554.37,1554.34,1554.37,0.0,31.3,48387.77,1
2025-01-13,2025-01-13 13:17:00,1554.37,1554.39,1554.37,1554.39,0.0,31.3,48387.77,1
2025-01-13,2025-01-13 13:18:00,1554.39,1554.42,1554.39,1554.42,0.0,31.3,48387.77,1
2025-01-13,2025-01-13 13:19:00,1554.42,1554.44,1554.42,1554.44,0.0,31.3,48387.77,1
2025-01-13,2025-01-13 13:20:00,1554.44,1554.47,1554.44,1554.47,0.0,31.3,48387.77,1
2025-01-13,2025-01-13 13:21:00,1554.47,1554.49,1554.47,1554.49,0.0,31.3,48387.77,1
2025-01-13,2025-01-13 13:22:00,1554.49,1554.52,1554.49,1554.52,0.0,31.3,48387.77,1
2025-01-13,2025-01-13 13:23:00,1554.52,1554.54,1554.52,1554.54,0.0,31.3,48387.77,1
2025-01-13,2025-01-13 13:24:00,1554.54,1554.56,1554.54,1554.56,0.0,31.3,48387.77,1
2025-01-13,2025-01-13 13:25:00,1554.56,1554.59,1554.56,1554.59,0.0,31.3,48387.77,1
2025-01-13,2025-01-13 13:26:00,1554.59,1554.61,1554.59,1554.61,0.0,31.3,48387.77,1
2025-01-13,2025-01-13 13:27:00,1554.61,1554.64,1554.61,1554.64,0.0,31.3,48387.77,1
2025-01-13,2025-01-13 13:28:00,1554.64,1554.66,1554.64,1554.66,0.0,31.3,48387.77,1
2025-01-13,2025-01-13 13:29:00,1554.66,1554.69,1554.66,1554.69,0.0,31.3,48387.77,1
2025-01-13,2025-01-13 13:30:00,1554.69,1554.71,1554.69,1554.71,0.0,31.3,48387.77,1
2025-01-13,2025-01-13 13:31:00,1554.71,1554.74,1554.71,1554.74,0.0,31.3,48387.77,1
2025-01-13,2025-01-13 13:32:00,1554.74,1554.76,1554.74,1554.76,0.0,31.3,48387.77,1
2025-01-13,2025-01-13 13:33:00,1554.76,1554.79,1554.76,1554.79,0.0,31.3,48387.77,1
2025-01-13,2025-01-13 13:34:00,1554.79,1554.81,1554.79,1554.81,0.0,31.3,48387.77,1
2025-01-13,2025-01-13 13:35:00,1554.81,1554.84,1554.81,1554.84,0.0,31.3,48387.77,1
2025-01-13,2025-01-13 13:36:00,1554.84,1554.86,1554.84,1554.86,0.0,31.3,48387.77,1
2025-01-13,2025-01-13 13:37:00,1554.86,1554.88,1554.86,1554.88,0.0,31.3,48387.77,1
2025-01-13,2025-01-13 13:38:00,1554.88,1554.91,1554.88,1554.91,0.0,31.3,48387.77,1
2025-01-13,2025-01-13 13:39:00,1554.91,1554.93,1554.91,1554.93,0.0,31.3,48387.77,1
2025-01-13,2025-01-13 13:40:00,1554.93,1554.96,1554.93,1554.96,0.0,31.3,48387.77,1
2025-01-13,2025-01-13 13:41:00,1554.96,1554.98,1554.96,1554.98,0.0,31.3,48387.77,1
2025-01-13,2025-01-13 13:42:00,1554.98,1555.01,1554.98,1555.01,0.0,31.3,48387.77,1
2025-01-13,2025-01-13 13:43:00,1555.01,1555.03,1555.01,1555.03,0.0,31.3,48387.77,1
2025-01-13,2025-01-13 13:44:00,1555.03,1555.06,1555.03,1555.06,0.0,31.3,48387.77,1
2025-01-13,2025-01-13 13:45:00,1555.06,1555.08,1555.06,1555.08,0.0,31.3,48387.77,1
2025-01-13,2025-01-13 13:46:00,1555.08,1555.11,1555.08,1555.11,0.0,31.3,48387.77,1
2025-01-13,2025-01-13 13:47:00,1555.11,1555.13,1555.11,1555.13,0.0,31.3,48387.77,1
2025-01-13,2025-01-13 13:48:00,1555.13,1555.15,1555.13,1555.15,0.0,31.3,48387.77,1
2025-01-13,2025-01-13 13:49:00,1555.15,1555.18,1555.15,1555.18,0.0,31.3,48387.77,1
2025-01-13,2025-01-13 13:50:00,1555.18,1555.2,1555.18,1555.2,0.0,31.3,48387.77,1
2025-01-13,2025-01-13 13:51:00,1555.2,1555.23,1555.2,1555.23,0.0,31.3,48387.77,1
2025-01-13,2025-01-13 13:52:00,1555.23,1555.25,1555.23,1555.25,0.0,31.3,48387.77,1
2025-01-13,2025-01-13 13:53:00,1555.25,1555.28,1555.25,1555.28,0.0,31.3,48387.77,1
2025-01-13,2025-01-13 13:54:00,1555.28,1555.3,1555.28,1555.3,0.0,31.3,48387.77,1
2025-01-13,2025-01-13 13:55:00,1555.3,1555.33,1555.3,1555.33,0.0,31.3,48387.77,1
2025-01-13,2025-01-13 13:56:00,1555.33,1555.35,1555.33,1555.35,0.0,31.3,48387.77,1
2025-01-13,2025-01-13 13:57:00,1555.35,1555.38,1555.35,1555.38,0.0,31.3,48387.77,1
2025-01-13,2025-01-13 13:58:00,1555.38,1555.4,1555.38,1555.4,0.0,31.3,48387.77,1
2025-01-13,2025-01-13 13:59:00,1555.4,1555.43,1555.4,1555.43,0.0,31.3,48387.77,1
2025-01-13,2025-01-13 14:00:00,1555.43,1555.45,1555.43,1555.45,0.0,31.3,48387.77,1
2025-01-13,2025-01-13 14:01:00,1555.45,1555.47,1555.45,1555.47,0.0,31.3,48387.77,1
2025-01-13,2025-01-13 14:02:00,1555.47,1555.5,1555.47,1555.5,0.0,31.3,48387.77,1
2025-01-13,2025-01-13 14:03:00,1555.5,1555.52,1555.5,1555.52,0.0,31.3,48387.77,1
2025-01-13,2025-01-13 14:04:00,1555.52,1555.55,1555.52,1555.55,0.0,31.3,48387.77,1
2025-01-13,2025-01-13 14:05:00,1555.55,1555.57,1555.55,1555.57,0.0,31.3,48387.77,1
2025-01-13,2025-01-13 14:06:00,1555.57,1555.6,1555.57,1555.6,0.0,31.3,48387.77,1
2025-01-13,2025-01-13 14:07:00,1555.6,1555.62,1555.6,1555.62,0.0,31.3,48387.77,1
2025-01-13,2025-01-13 14:08:00,1555.62,1555.65,1555.62,1555.65,0.0,31.3,48387.77,1
2025-01-13,2025-01-13 14:09:00,1555.65,1555.67,1555.65,1555.67,0.0,31.3,48387.77,1
2025-01-13,2025-01-13 14:10:00,1555.67,1555.7,1555.67,1555.7,0.0,31.3,48387.77,1
2025-01-13,2025-01-13 14:11:00,1555.7,1555.72,1555.7,1555.72,0.0,31.3,48387.77,1
2025-01-13,2025-01-13 14:12:00,1555.72,1555.74,1555.72,1555.74,0.0,31.3,48387.77,1
2025-01-13,2025-01-13 14:13:00,1555.74,1555.77,1555.74,1555.77,0.0,31.3,48387.77,1
2025-01-13,2025-01-13 14:14:00,1555.77,1555.79,1555.77,1555.79,0.0,31.3,48387.77,1
2025-01-13,2025-01-13 14:15:00,1555.79,1555.82,1555.79,1555.82,0.0,31.3,48387.77,1
2025-01-13,2025-01-13 14:16:00,1555.82,1555.84,1555.82,1555.84,0.0,31.3,48387.77,1
2025-01-13,2025-01-13 14:17:00,1555.84,1555.87,1555.84,1555.87,0.0,31.3,48387.77,1
2025-01-13,2025-01-13 14:18:00,1555.87,1555.89,1555.87,1555.89,0.0,31.3,48387.77,1
2025-01-13,2025-01-13 14:19:00,1555.89,1555.92,1555.89,1555.92,0.0,31.3,48387.77,1
2025-01-13,2025-01-13 14:20:00,1555.92,1555.94,1555.92,1555.94,0.0,31.3,48387.77,1
2025-01-13,2025-01-13 14:21:00,1555.94,1555.97,1555.94,1555.97,0.0,31.3,48387.77,1
2025-01-13,2025-01-13 14:22:00,1555.97,1555.99,1555.97,1555.99,0.0,31.3,48387.77,1
2025-01-13,2025-01-13 14:23:00,1555.99,1556.02,1555.99,1556.02,0.0,31.3,48387.77,1
2025-01-13,2025-01-13 14:24:00,1556.02,1556.04,1556.02,1556.04,0.0,31.3,48387.77,1
2025-01-13,2025-01-13 14:25:00,1556.04,1556.06,1556.04,1556.06,0.0,31.3,48387.77,1
2025-01-13,2025-01-13 14:26:00,1556.06,1556.09,1556.06,1556.09,0.0,31.3,48387.77,1
2025-01-13,2025-01-13 14:27:00,1556.09,1556.11,1556.09,1556.11,0.0,31.3,48387.77,1
2025-01-13,2025-01-13 14:28:00,1556.11,1556.14,1556.11,1556.14,0.0,31.3,48387.77,1
2025-01-13,2025-01-13 14:29:00,1556.14,1556.16,1556.14,1556.16,0.0,31.3,48387.77,1
2025-01-13,2025-01-13 14:30:00,1556.16,1556.19,1556.16,1556.19,0.0,31.3,48387.77,1
2025-01-13,2025-01-13 14:31:00,1556.19,1556.21,1556.19,1556.21,0.0,31.3,48387.77,1
2025-01-13,2025-01-13 14:32:00,1556.21,1556.24,1556.21,1556.24,0.0,31.3,48387.77,1
2025-01-13,2025-01-13 14:33:00,1556.24,1556.26,1556.24,1556.26,0.0,31.3,48387.77,1
2025-01-13,2025-01-13 14:34:00,1556.26,1556.29,1556.26,1556.29,0.0,31.3,48387.77,1
2025-01-13,2025-01-13 14:35:00,1556.29,1556.31,1556.29,1556.31,0.0,31.3,48387.77,1
2025-01-13,2025-01-13 14:36:00,1556.31,1556.33,1556.31,1556.33,0.0,31.3,48387.77,1
2025-01-13,2025-01-13 14:37:00,1556.33,1556.36,1556.33,1556.36,0.0,31.3,48387.77,1
2025-01-13,2025-01-13 14:38:00,1556.36,1556.38,1556.36,1556.38,0.0,31.3,48387.77,1
2025-01-13,2025-01-13 14:39:00,1556.38,1556.41,1556.38,1556.41,0.0,31.3,48387.77,1
2025-01-13,2025-01-13 14:40:00,1556.41,1556.43,1556.41,1556.43,0.0,31.3,48387.77,1
2025-01-13,2025-01-13 14:41:00,1556.43,1556.46,1556.43,1556.46,0.0,31.3,48387.77,1
2025-01-13,2025-01-13 14:42:00,1556.46,1556.48,1556.46,1556.48,0.0,31.3,48387.77,1
2025-01-13,2025-01-13 14:43:00,1556.48,1556.51,1556.48,1556.51,0.0,31.3,48387.77,1
2025-01-13,2025-01-13 14:44:00,1556.51,1556.53,1556.51,1556.53,0.0,31.3,48387.77,1
2025-01-13,2025-01-13 14:45:00,1556.53,1556.56,1556.53,1556.56,0.0,31.3,48387.77,1
2025-01-13,2025-01-13 14:46:00,1556.56,1556.58,1556.56,1556.58,0.0,31.3,48387.77,1
2025-01-13,2025-01-13 14:47:00,1556.58,1556.61,1556.58,1556.61,0.0,31.3,48387.77,1
2025-01-13,2025-01-13 14:48:00,1556.61,1556.63,1556.61,1556.63,0.0,31.3,48387.77,1
2025-01-13,2025-01-13 14:49:00,1556.63,1556.65,1556.63,1556.65,0.0,31.3,48387.77,1
2025-01-13,2025-01-13 14:50:00,1556.65,1556.68,1556.65,1556.68,0.0,31.3,48387.77,1
2025-01-13,2025-01-13 14:51:00,1556.68,1556.7,1556.68,1556.7,0.0,31.3,48387.77,1
2025-01-13,2025-01-13 14:52:00,1556.7,1556.73,1556.7,1556.73,0.0,31.3,48387.77,1
2025-01-13,2025-01-13 14:53:00,1556.73,1556.75,1556.73,1556.75,0.0,31.3,48387.77,1
2025-01-13,2025-01-13 14:54:00,1556.75,1556.78,1556.75,1556.78,0.0,31.3,48387.77,1
2025-01-13,2025-01-13 14:55:00,1556.78,1556.8,1556.78,1556.8,0.0,31.3,48387.77,1
2025-01-13,2025-01-13 14:56:00,1556.8,1556.83,1556.8,1556.83,0.0,31.3,48387.77,1
2025-01-13,2025-01-13 14:57:00,1556.83,1556.85,1556.83,1556.85,0.0,31.3,48387.77,1
2025-01-13,2025-01-13 14:58:00,1556.85,1556.88,1556.85,1556.88,0.0,31.3,48387.77,1
2025-01-13,2025-01-13 14:59:00,1556.88,1556.9,1556.88,1556.9,0.0,31.3,48387.77,1
2025-01-13,2025-01-13 15:00:00,1556.9,1595.0,1530.0,1556.9,0.0,31.3,48387.77,0
2025-01-15,2025-01-15 11:00:00,1538.0,1549.1,1526.6,1538.04,0.0,28.81,44015.39,1
2025-01-15,2025-01-15 11:01:00,1538.04,1538.08,1538.04,1538.08,0.0,28.81,44015.39,1
2025-01-15,2025-01-15 11:02:00,1538.08,1538.12,1538.08,1538.12,0.0,28.81,44015.39,1
2025-01-15,2025-01-15 11:03:00,1538.12,1538.17,1538.12,1538.17,0.0,28.81,44015.39,1
2025-01-15,2025-01-15 11:04:00,1538.17,1538.21,1538.17,1538.21,0.0,28.81,44015.39,1
2025-01-15,2025-01-15 11:05:00,1538.21,1538.25,1538.21,1538.25,0.0,28.81,44015.39,1
2025-01-15,2025-01-15 11:06:00,1538.25,1538.29,1538.25,1538.29,0.0,28.81,44015.39,1
2025-01-15,2025-01-15 11:07:00,1538.29,1538.33,1538.29,1538.33,0.0,28.81,44015.39,1
2025-01-15,2025-01-15 11:08:00,1538.33,1538.38,1538.33,1538.38,0.0,28.81,44015.39,1
2025-01-15,2025-01-15 11:09:00,1538.38,1538.42,1538.38,1538.42,0.0,28.81,44015.39,1
2025-01-15,2025-01-15 11:10:00,1538.42,1538.46,1538.42,1538.46,0.0,28.81,44015.39,1
2025-01-15,2025-01-15 11:11:00,1538.46,1538.5,1538.46,1538.5,0.0,28.81,44015.39,1
2025-01-15,2025-01-15 11:12:00,1538.5,1538.54,1538.5,1538.54,0.0,28.81,44015.39,1
2025-01-15,2025-01-15 11:13:00,1538.54,1538.58,1538.54,1538.58,0.0,28.81,44015.39,1
2025-01-15,2025-01-15 11:14:00,1538.58,1538.62,1538.58,1538.62,0.0,28.81,44015.39,1
2025-01-15,2025-01-15 11:15:00,1538.62,1538.67,1538.62,1538.67,0.0,28.81,44015.39,1
2025-01-15,2025-01-15 11:16:00,1538.67,1538.71,1538.67,1538.71,0.0,28.81,44015.39,1
2025-01-15,2025-01-15 11:17:00,1538.71,1538.75,1538.71,1538.75,0.0,28.81,44015.39,1
2025-01-15,2025-01-15 11:18:00,1538.75,1538.79,1538.75,1538.79,0.0,28.81,44015.39,1
2025-01-15,2025-01-15 11:19:00,1538.79,1538.83,1538.79,1538.83,0.0,28.81,44015.39,1
2025-01-15,2025-01-15 11:20:00,1538.83,1538.88,1538.83,1538.88,0.0,28.81,44015.39,1
2025-01-15,2025-01-15 11:21:00,1538.88,1538.92,1538.88,1538.92,0.0,28.81,44015.39,1
2025-01-15,2025-01-15 11:22:00,1538.92,1538.96,1538.92,1538.96,0.0,28.81,44015.39,1
2025-01-15,2025-01-15 11:23:00,1538.96,1539.0,1538.96,1539.0,0.0,28.81,44015.39,1
2025-01-15,2025-01-15 11:24:00,1539.0,1539.04,1539.0,1539.04,0.0,28.81,44015.39,1
2025-01-15,2025-01-15 11:25:00,1539.04,1539.08,1539.04,1539.08,0.0,28.81,44015.39,1
2025-01-15,2025-01-15 11:26:00,1539.08,1539.12,1539.08,1539.12,0.0,28.81,44015.39,1
2025-01-15,2025-01-15 11:27:00,1539.12,1539.17,1539.12,1539.17,0.0,28.81,44015.39,1
2025-01-15,2025-01-15 11:28:00,1539.17,1539.21,1539.17,1539.21,0.0,28.81,44015.39,1
2025-01-15,2025-01-15 11:29:00,1539.21,1539.25,1539.21,1539.25,0.0,28.81,44015.39,1
2025-01-15,2025-01-15 11:30:00,1539.25,1539.29,1539.25,1539.29,0.0,28.81,44015.39,1
2025-01-15,2025-01-15 11:31:00,1539.29,1539.33,1539.29,1539.33,0.0,28.81,44015.39,1
2025-01-15,2025-01-15 11:32:00,1539.33,1539.38,1539.33,1539.38,0.0,28.81,44015.39,1
2025-01-15,2025-01-15 11:33:00,1539.38,1539.42,1539.38,1539.42,0.0,28.81,44015.39,1
2025-01-15,2025-01-15 11:34:00,1539.42,1539.46,1539.42,1539.46,0.0,28.81,44015.39,1
2025-01-15,2025-01-15 11:35:00,1539.46,1539.5,1539.46,1539.5,0.0,28.81,44015.39,1
2025-01-15,2025-01-15 11:36:00,1539.5,1539.54,1539.5,1539.54,0.0,28.81,44015.39,1
2025-01-15,2025-01-15 11:37:00,1539.54,1539.58,1539.54,1539.58,0.0,28.81,44015.39,1
2025-01-15,2025-01-15 11:38:00,1539.58,1539.62,1539.58,1539.62,0.0,28.81,44015.39,1
2025-01-15,2025-01-15 11:39:00,1539.62,1539.67,1539.62,1539.67,0.0,28.81,44015.39,1
2025-01-15,2025-01-15 11:40:00,1539.67,1539.71,1539.67,1539.71,0.0,28.81,44015.39,1
2025-01-15,2025-01-15 11:41:00,1539.71,1539.75,1539.71,1539.75,0.0,28.81,44015.39,1
2025-01-15,2025-01-15 11:42:00,1539.75,1539.79,1539.75,1539.79,0.0,28.81,44015.39,1
2025-01-15,2025-01-15 11:43:00,1539.79,1539.83,1539.79,1539.83,0.0,28.81,44015.39,1
2025-01-15,2025-01-15 11:44:00,1539.83,1539.88,1539.83,1539.88,0.0,28.81,44015.39,1
2025-01-15,2025-01-15 11:45:00,1539.88,1539.92,1539.88,1539.92,0.0,28.81,44015.39,1
2025-01-15,2025-01-15 11:46:00,1539.92,1539.96,1539.92,1539.96,0.0,28.81,44015.39,1
2025-01-15,2025-01-15 11:47:00,1539.96,1540.0,1539.96,1540.0,0.0,28.81,44015.39,1
2025-01-15,2025-01-15 11:48:00,1540.0,1540.04,1540.0,1540.04,0.0,28.81,44015.39,1
2025-01-15,2025-01-15 11:49:00,1540.04,1540.08,1540.04,1540.08,0.0,28.81,44015.39,1
2025-01-15,2025-01-15 11:50:00,1540.08,1540.12,1540.08,1540.12,0.0,28.81,44015.39,1
2025-01-15,2025-01-15 11:51:00,1540.12,1540.17,1540.12,1540.17,0.0,28.81,44015.39,1
2025-01-15,2025-01-15 11:52:00,1540.17,1540.21,1540.17,1540.21,0.0,28.81,44015.39,1
2025-01-15,2025-01-15 11:53:00,1540.21,1540.25,1540.21,1540.25,0.0,28.81,44015.39,1
2025-01-15,2025-01-15 11:54:00,1540.25,1540.29,1540.25,1540.29,0.0,28.81,44015.39,1
2025-01-15,2025-01-15 11:55:00,1540.29,1540.33,1540.29,1540.33,0.0,28.81,44015.39,1
2025-01-15,2025-01-15 11:56:00,1540.33,1540.38,1540.33,1540.38,0.0,28.81,44015.39,1
2025-01-15,2025-01-15 11:57:00,1540.38,1540.42,1540.38,1540.42,0.0,28.81,44015.39,1
2025-01-15,2025-01-15 11:58:00,1540.42,1540.46,1540.42,1540.46,0.0,28.81,44015.39,1
2025-01-15,2025-01-15 11:59:00,1540.46,1540.5,1540.46,1540.5,0.0,28.81,44015.39,1
2025-01-15,2025-01-15 12:00:00,1540.5,1540.54,1540.5,1540.54,0.0,28.81,44015.39,1
2025-01-15,2025-01-15 12:01:00,1540.54,1540.58,1540.54,1540.58,0.0,28.81,44015.39,1
2025-01-15,2025-01-15 12:02:00,1540.58,1540.62,1540.58,1540.62,0.0,28.81,44015.39,1
2025-01-15,2025-01-15 12:03:00,1540.62,1540.67,1540.62,1540.67,0.0,28.81,44015.39,1
2025-01-15,2025-01-15 12:04:00,1540.67,1540.71,1540.67,1540.71,0.0,28.81,44015.39,1
2025-01-15,2025-01-15 12:05:00,1540.71,1540.75,1540.71,1540.75,0.0,28.81,44015.39,1
2025-01-15,2025-01-15 12:06:00,1540.75,1540.79,1540.75,1540.79,0.0,28.81,44015.39,1
2025-01-15,2025-01-15 12:07:00,1540.79,1540.83,1540.79,1540.83,0.0,28.81,44015.39,1
2025-01-15,2025-01-15 12:08:00,1540.83,1540.88,1540.83,1540.88,0.0,28.81,44015.39,1
2025-01-15,2025-01-15 12:09:00,1540.88,1540.92,1540.88,1540.92,0.0,28.81,44015.39,1
2025-01-15,2025-01-15 12:10:00,1540.92,1540.96,1540.92,1540.96,0.0,28.81,44015.39,1
2025-01-15,2025-01-15 12:11:00,1540.96,1541.0,1540.96,1541.0,0.0,28.81,44015.39,1
2025-01-15,2025-01-15 12:12:00,1541.0,1541.04,1541.0,1541.04,0.0,28.81,44015.39,1
2025-01-15,2025-01-15 12:13:00,1541.04,1541.08,1541.04,1541.08,0.0,28.81,44015.39,1
2025-01-15,2025-01-15 12:14:00,1541.08,1541.12,1541.08,1541.12,0.0,28.81,44015.39,1
2025-01-15,2025-01-15 12:15:00,1541.12,1541.17,1541.12,1541.17,0.0,28.81,44015.39,1
2025-01-15,2025-01-15 12:16:00,1541.17,1541.21,1541.17,1541.21,0.0,28.81,44015.39,1
2025-01-15,2025-01-15 12:17:00,1541.21,1541.25,1541.21,1541.25,0.0,28.81,44015.39,1
2025-01-15,2025-01-15 12:18:00,1541.25,1541.29,1541.25,1541.29,0.0,28.81,44015.39,1
2025-01-15,2025-01-15 12:19:00,1541.29,1541.33,1541.29,1541.33,0.0,28.81,44015.39,1
2025-01-15,2025-01-15 12:20:00,1541.33,1541.38,1541.33,1541.38,0.0,28.81,44015.39,1
2025-01-15,2025-01-15 12:21:00,1541.38,1541.42,1541.38,1541.42,0.0,28.81,44015.39,1
2025-01-15,2025-01-15 12:22:00,1541.42,1541.46,1541.42,1541.46,0.0,28.81,44015.39,1
2025-01-15,2025-01-15 12:23:00,1541.46,1541.5,1541.46,1541.5,0.0,28.81,44015.39,1
2025-01-15,2025-01-15 12:24:00,1541.5,1541.54,1541.5,1541.54,0.0,28.81,44015.39,1
2025-01-15,2025-01-15 12:25:00,1541.54,1541.58,1541.54,1541.58,0.0,28.81,44015.39,1
2025-01-15,2025-01-15 12:26:00,1541.58,1541.62,1541.58,1541.62,0.0,28.81,44015.39,1
2025-01-15,2025-01-15 12:27:00,1541.62,1541.67,1541.62,1541.67,0.0,28.81,44015.39,1
2025-01-15,2025-01-15 12:28:00,1541.67,1541.71,1541.67,1541.71,0.0,28.81,44015.39,1
2025-01-15,2025-01-15 12:29:00,1541.71,1541.75,1541.71,1541.75,0.0,28.81,44015.39,1
2025-01-15,2025-01-15 12:30:00,1541.75,1541.79,1541.75,1541.79,0.0,28.81,44015.39,1
2025-01-15,2025-01-15 12:31:00,1541.79,1541.83,1541.79,1541.83,0.0,28.81,44015.39,1
2025-01-15,2025-01-15 12:32:00,1541.83,1541.88,1541.83,1541.88,0.0,28.81,44015.39,1
2025-01-15,2025-01-15 12:33:00,1541.88,1541.92,1541.88,1541.92,0.0,28.81,44015.39,1
2025-01-15,2025-01-15 12:34:00,1541.92,1541.96,1541.92,1541.96,0.0,28.81,44015.39,1
2025-01-15,2025-01-15 12:35:00,1541.96,1542.0,1541.96,1542.0,0.0,28.81,44015.39,1
2025-01-15,2025-01-15 12:36:00,1542.0,1542.04,1542.0,1542.04,0.0,28.81,44015.39,1
2025-01-15,2025-01-15 12:37:00,1542.04,1542.08,1542.04,1542.08,0.0,28.81,44015.39,1
2025-01-15,2025-01-15 12:38:00,1542.08,1542.12,1542.08,1542.12,0.0,28.81,44015.39,1
2025-01-15,2025-01-15 12:39:00,1542.12,1542.17,1542.12,1542.17,0.0,28.81,44015.39,1
2025-01-15,2025-01-15 12:40:00,1542.17,1542.21,1542.17,1542.21,0.0,28.81,44015.39,1
2025-01-15,2025-01-15 12:41:00,1542.21,1542.25,1542.21,1542.25,0.0,28.81,44015.39,1
2025-01-15,2025-01-15 12:42:00,1542.25,1542.29,1542.25,1542.29,0.0,28.81,44015.39,1
2025-01-15,2025-01-15 12:43:00,1542.29,1542.33,1542.29,1542.33,0.0,28.81,44015.39,1
2025-01-15,2025-01-15 12:44:00,1542.33,1542.38,1542.33,1542.38,0.0,28.81,44015.39,1
2025-01-15,2025-01-15 12:45:00,1542.38,1542.42,1542.38,1542.42,0.0,28.81,44015.39,1
2025-01-15,2025-01-15 12:46:00,1542.42,1542.46,1542.42,1542.46,0.0,28.81,44015.39,1
2025-01-15,2025-01-15 12:47:00,1542.46,1542.5,1542.46,1542.5,0.0,28.81,44015.39,1
2025-01-15,2025-01-15 12:48:00,1542.5,1542.54,1542.5,1542.54,0.0,28.81,44015.39,1
2025-01-15,2025-01-15 12:49:00,1542.54,1542.58,1542.54,1542.58,0.0,28.81,44015.39,1
2025-01-15,2025-01-15 12:50:00,1542.58,1542.62,1542.58,1542.62,0.0,28.81,44015.39,1
2025-01-15,2025-01-15 12:51:00,1542.62,1542.67,1542.62,1542.67,0.0,28.81,44015.39,1
2025-01-15,2025-01-15 12:52:00,1542.67,1542.71,1542.67,1542.71,0.0,28.81,44015.39,1
2025-01-15,2025-01-15 12:53:00,1542.71,1542.75,1542.71,1542.75,0.0,28.81,44015.39,1
2025-01-15,2025-01-15 12:54:00,1542.75,1542.79,1542.75,1542.79,0.0,28.81,44015.39,1
2025-01-15,2025-01-15 12:55:00,1542.79,1542.83,1542.79,1542.83,0.0,28.81,44015.39,1
2025-01-15,2025-01-15 12:56:00,1542.83,1542.88,1542.83,1542.88,0.0,28.81,44015.39,1
2025-01-15,2025-01-15 12:57:00,1542.88,1542.92,1542.88,1542.92,0.0,28.81,44015.39,1
2025-01-15,2025-01-15 12:58:00,1542.92,1542.96,1542.92,1542.96,0.0,28.81,44015.39,1
2025-01-15,2025-01-15 12:59:00,1542.96,1543.0,1542.96,1543.0,0.0,28.81,44015.39,1
2025-01-15,2025-01-15 13:00:00,1543.0,1575.0,1500.0,1543.04,0.0,28.81,44015.39,1
2025-01-15,2025-01-15 13:01:00,1543.04,1543.08,1543.04,1543.08,0.0,28.81,44015.39,1
2025-01-15,2025-01-15 13:02:00,1543.08,1543.12,1543.08,1543.12,0.0,28.81,44015.39,1
2025-01-15,2025-01-15 13:03:00,1543.12,1543.17,1543.12,1543.17,0.0,28.81,44015.39,1
2025-01-15,2025-01-15 13:04:00,1543.17,1543.21,1543.17,1543.21,0.0,28.81,44015.39,1
2025-01-15,2025-01-15 13:05:00,1543.21,1543.25,1543.21,1543.25,0.0,28.81,44015.39,1
2025-01-15,2025-01-15 13:06:00,1543.25,1543.29,1543.25,1543.29,0.0,28.81,44015.39,1
2025-01-15,2025-01-15 13:07:00,1543.29,1543.33,1543.29,1543.33,0.0,28.81,44015.39,1
2025-01-15,2025-01-15 13:08:00,1543.33,1543.38,1543.33,1543.38,0.0,28.81,44015.39,1
2025-01-15,2025-01-15 13:09:00,1543.38,1543.42,1543.38,1543.42,0.0,28.81,44015.39,1
2025-01-15,2025-01-15 13:10:00,1543.42,1543.46,1543.42,1543.46,0.0,28.81,44015.39,1
2025-01-15,2025-01-15 13:11:00,1543.46,1543.5,1543.46,1543.5,0.0,28.81,44015.39,1
2025-01-15,2025-01-15 13:12:00,1543.5,1543.54,1543.5,1543.54,0.0,28.81,44015.39,1
2025-01-15,2025-01-15 13:13:00,1543.54,1543.58,1543.54,1543.58,0.0,28.81,44015.39,1
2025-01-15,2025-01-15 13:14:00,1543.58,1543.62,1543.58,1543.62,0.0,28.81,44015.39,1
2025-01-15,2025-01-15 13:15:00,1543.62,1543.67,1543.62,1543.67,0.0,28.81,44015.39,1
2025-01-15,2025-01-15 13:16:00,1543.67,1543.71,1543.67,1543.71,0.0,28.81,44015.39,1
2025-01-15,2025-01-15 13:17:00,1543.71,1543.75,1543.71,1543.75,0.0,28.81,44015.39,1
2025-01-15,2025-01-15 13:18:00,1543.75,1543.79,1543.75,1543.79,0.0,28.81,44015.39,1
2025-01-15,2025-01-15 13:19:00,1543.79,1543.83,1543.79,1543.83,0.0,28.81,44015.39,1
2025-01-15,2025-01-15 13:20:00,1543.83,1543.88,1543.83,1543.88,0.0,28.81,44015.39,1
2025-01-15,2025-01-15 13:21:00,1543.88,1543.92,1543.88,1543.92,0.0,28.81,44015.39,1
2025-01-15,2025-01-15 13:22:00,1543.92,1543.96,1543.92,1543.96,0.0,28.81,44015.39,1
2025-01-15,2025-01-15 13:23:00,1543.96,1544.0,1543.96,1544.0,0.0,28.81,44015.39,1
2025-01-15,2025-01-15 13:24:00,1544.0,1544.04,1544.0,1544.04,0.0,28.81,44015.39,1
2025-01-15,2025-01-15 13:25:00,1544.04,1544.08,1544.04,1544.08,0.0,28.81,44015.39,1
2025-01-15,2025-01-15 13:26:00,1544.08,1544.12,1544.08,1544.12,0.0,28.81,44015.39,1
2025-01-15,2025-01-15 13:27:00,1544.12,1544.17,1544.12,1544.17,0.0,28.81,44015.39,1
2025-01-15,2025-01-15 13:28:00,1544.17,1544.21,1544.17,1544.21,0.0,28.81,44015.39,1
2025-01-15,2025-01-15 13:29:00,1544.21,1544.25,1544.21,1544.25,0.0,28.81,44015.39,1
2025-01-15,2025-01-15 13:30:00,1544.25,1544.29,1544.25,1544.29,0.0,28.81,44015.39,1
2025-01-15,2025-01-15 13:31:00,1544.29,1544.33,1544.29,1544.33,0.0,28.81,44015.39,1
2025-01-15,2025-01-15 13:32:00,1544.33,1544.38,1544.33,1544.38,0.0,28.81,44015.39,1
2025-01-15,2025-01-15 13:33:00,1544.38,1544.42,1544.38,1544.42,0.0,28.81,44015.39,1
2025-01-15,2025-01-15 13:34:00,1544.42,1544.46,1544.42,1544.46,0.0,28.81,44015.39,1
2025-01-15,2025-01-15 13:35:00,1544.46,1544.5,1544.46,1544.5,0.0,28.81,44015.39,1
2025-01-15,2025-01-15 13:36:00,1544.5,1544.54,1544.5,1544.54,0.0,28.81,44015.39,1
2025-01-15,2025-01-15 13:37:00,1544.54,1544.58,1544.54,1544.58,0.0,28.81,44015.39,1
2025-01-15,2025-01-15 13:38:00,1544.58,1544.62,1544.58,1544.62,0.0,28.81,44015.39,1
2025-01-15,2025-01-15 13:39:00,1544.62,1544.67,1544.62,1544.67,0.0,28.81,44015.39,1
2025-01-15,2025-01-15 13:40:00,1544.67,1544.71,1544.67,1544.71,0.0,28.81,44015.39,1
2025-01-15,2025-01-15 13:41:00,1544.71,1544.75,1544.71,1544.75,0.0,28.81,44015.39,1
2025-01-15,2025-01-15 13:42:00,1544.75,1544.79,1544.75,1544.79,0.0,28.81,44015.39,1
2025-01-15,2025-01-15 13:43:00,1544.79,1544.83,1544.79,1544.83,0.0,28.81,44015.39,1
2025-01-15,2025-01-15 13:44:00,1544.83,1544.88,1544.83,1544.88,0.0,28.81,44015.39,1
2025-01-15,2025-01-15 13:45:00,1544.88,1544.92,1544.88,1544.92,0.0,28.81,44015.39,1
2025-01-15,2025-01-15 13:46:00,1544.92,1544.96,1544.92,1544.96,0.0,28.81,44015.39,1
2025-01-15,2025-01-15 13:47:00,1544.96,1545.0,1544.96,1545.0,0.0,28.81,44015.39,1
2025-01-15,2025-01-15 13:48:00,1545.0,1545.04,1545.0,1545.04,0.0,28.81,44015.39,1
2025-01-15,2025-01-15 13:49:00,1545.04,1545.08,1545.04,1545.08,0.0,28.81,44015.39,1
2025-01-15,2025-01-15 13:50:00,1545.08,1545.12,1545.08,1545.12,0.0,28.81,44015.39,1
2025-01-15,2025-01-15 13:51:00,1545.12,1545.17,1545.12,1545.17,0.0,28.81,44015.39,1
2025-01-15,2025-01-15 13:52:00,1545.17,1545.21,1545.17,1545.21,0.0,28.81,44015.39,1
2025-01-15,2025-01-15 13:53:00,1545.21,1545.25,1545.21,1545.25,0.0,28.81,44015.39,1
2025-01-15,2025-01-15 13:54:00,1545.25,1545.29,1545.25,1545.29,0.0,28.81,44015.39,1
2025-01-15,2025-01-15 13:55:00,1545.29,1545.33,1545.29,1545.33,0.0,28.81,44015.39,1
2025-01-15,2025-01-15 13:56:00,1545.33,1545.38,1545.33,1545.38,0.0,28.81,44015.39,1
2025-01-15,2025-01-15 13:57:00,1545.38,1545.42,1545.38,1545.42,0.0,28.81,44015.39,1
2025-01-15,2025-01-15 13:58:00,1545.42,1545.46,1545.42,1545.46,0.0,28.81,44015.39,1
2025-01-15,2025-01-15 13:59:00,1545.46,1545.5,1545.46,1545.5,0.0,28.81,44015.39,1
2025-01-15,2025-01-15 14:00:00,1545.5,1545.54,1545.5,1545.54,0.0,28.81,44015.39,1
2025-01-15,2025-01-15 14:01:00,1545.54,1545.58,1545.54,1545.58,0.0,28.81,44015.39,1
2025-01-15,2025-01-15 14:02:00,1545.58,1545.62,1545.58,1545.62,0.0,28.81,44015.39,1
2025-01-15,2025-01-15 14:03:00,1545.62,1545.67,1545.62,1545.67,0.0,28.81,44015.39,1
2025-01-15,2025-01-15 14:04:00,1545.67,1545.71,1545.67,1545.71,0.0,28.81,44015.39,1
2025-01-15,2025-01-15 14:05:00,1545.71,1545.75,1545.71,1545.75,0.0,28.81,44015.39,1
2025-01-15,2025-01-15 14:06:00,1545.75,1545.79,1545.75,1545.79,0.0,28.81,44015.39,1
2025-01-15,2025-01-15 14:07:00,1545.79,1545.83,1545.79,1545.83,0.0,28.81,44015.39,1
2025-01-15,2025-01-15 14:08:00,1545.83,1545.88,1545.83,1545.88,0.0,28.81,44015.39,1
2025-01-15,2025-01-15 14:09:00,1545.88,1545.92,1545.88,1545.92,0.0,28.81,44015.39,1
2025-01-15,2025-01-15 14:10:00,1545.92,1545.96,1545.92,1545.96,0.0,28.81,44015.39,1
2025-01-15,2025-01-15 14:11:00,1545.96,1546.0,1545.96,1546.0,0.0,28.81,44015.39,1
2025-01-15,2025-01-15 14:12:00,1546.0,1546.04,1546.0,1546.04,0.0,28.81,44015.39,1
2025-01-15,2025-01-15 14:13:00,1546.04,1546.08,1546.04,1546.08,0.0,28.81,44015.39,1
2025-01-15,2025-01-15 14:14:00,1546.08,1546.12,1546.08,1546.12,0.0,28.81,44015.39,1
2025-01-15,2025-01-15 14:15:00,1546.12,1546.17,1546.12,1546.17,0.0,28.81,44015.39,1
2025-01-15,2025-01-15 14:16:00,1546.17,1546.21,1546.17,1546.21,0.0,28.81,44015.39,1
2025-01-15,2025-01-15 14:17:00,1546.21,1546.25,1546.21,1546.25,0.0,28.81,44015.39,1
2025-01-15,2025-01-15 14:18:00,1546.25,1546.29,1546.25,1546.29,0.0,28.81,44015.39,1
2025-01-15,2025-01-15 14:19:00,1546.29,1546.33,1546.29,1546.33,0.0,28.81,44015.39,1
2025-01-15,2025-01-15 14:20:00,1546.33,1546.38,1546.33,1546.38,0.0,28.81,44015.39,1
2025-01-15,2025-01-15 14:21:00,1546.38,1546.42,1546.38,1546.42,0.0,28.81,44015.39,1
2025-01-15,2025-01-15 14:22:00,1546.42,1546.46,1546.42,1546.46,0.0,28.81,44015.39,1
2025-01-15,2025-01-15 14:23:00,1546.46,1546.5,1546.46,1546.5,0.0,28.81,44015.39,1
2025-01-15,2025-01-15 14:24:00,1546.5,1546.54,1546.5,1546.54,0.0,28.81,44015.39,1
2025-01-15,2025-01-15 14:25:00,1546.54,1546.58,1546.54,1546.58,0.0,28.81,44015.39,1
2025-01-15,2025-01-15 14:26:00,1546.58,1546.62,1546.58,1546.62,0.0,28.81,44015.39,1
2025-01-15,2025-01-15 14:27:00,1546.62,1546.67,1546.62,1546.67,0.0,28.81,44015.39,1
2025-01-15,2025-01-15 14:28:00,1546.67,1546.71,1546.67,1546.71,0.0,28.81,44015.39,1
2025-01-15,2025-01-15 14:29:00,1546.71,1546.75,1546.71,1546.75,0.0,28.81,44015.39,1
2025-01-15,2025-01-15 14:30:00,1546.75,1546.79,1546.75,1546.79,0.0,28.81,44015.39,1
2025-01-15,2025-01-15 14:31:00,1546.79,1546.83,1546.79,1546.83,0.0,28.81,44015.39,1
2025-01-15,2025-01-15 14:32:00,1546.83,1546.88,1546.83,1546.88,0.0,28.81,44015.39,1
2025-01-15,2025-01-15 14:33:00,1546.88,1546.92,1546.88,1546.92,0.0,28.81,44015.39,1
2025-01-15,2025-01-15 14:34:00,1546.92,1546.96,1546.92,1546.96,0.0,28.81,44015.39,1
2025-01-15,2025-01-15 14:35:00,1546.96,1547.0,1546.96,1547.0,0.0,28.81,44015.39,1
2025-01-15,2025-01-15 14:36:00,1547.0,1547.04,1547.0,1547.04,0.0,28.81,44015.39,1
2025-01-15,2025-01-15 14:37:00,1547.04,1547.08,1547.04,1547.08,0.0,28.81,44015.39,1
2025-01-15,2025-01-15 14:38:00,1547.08,1547.12,1547.08,1547.12,0.0,28.81,44015.39,1
2025-01-15,2025-01-15 14:39:00,1547.12,1547.17,1547.12,1547.17,0.0,28.81,44015.39,1
2025-01-15,2025-01-15 14:40:00,1547.17,1547.21,1547.17,1547.21,0.0,28.81,44015.39,1
2025-01-15,2025-01-15 14:41:00,1547.21,1547.25,1547.21,1547.25,0.0,28.81,44015.39,1
2025-01-15,2025-01-15 14:42:00,1547.25,1547.29,1547.25,1547.29,0.0,28.81,44015.39,1
2025-01-15,2025-01-15 14:43:00,1547.29,1547.33,1547.29,1547.33,0.0,28.81,44015.39,1
2025-01-15,2025-01-15 14:44:00,1547.33,1547.38,1547.33,1547.38,0.0,28.81,44015.39,1
2025-01-15,2025-01-15 14:45:00,1547.38,1547.42,1547.38,1547.42,0.0,28.81,44015.39,1
2025-01-15,2025-01-15 14:46:00,1547.42,1547.46,1547.42,1547.46,0.0,28.81,44015.39,1
2025-01-15,2025-01-15 14:47:00,1547.46,1547.5,1547.46,1547.5,0.0,28.81,44015.39,1
2025-01-15,2025-01-15 14:48:00,1547.5,1547.54,1547.5,1547.54,0.0,28.81,44015.39,1
2025-01-15,2025-01-15 14:49:00,1547.54,1547.58,1547.54,1547.58,0.0,28.81,44015.39,1
2025-01-15,2025-01-15 14:50:00,1547.58,1547.62,1547.58,1547.62,0.0,28.81,44015.39,1
2025-01-15,2025-01-15 14:51:00,1547.62,1547.67,1547.62,1547.67,0.0,28.81,44015.39,1
2025-01-15,2025-01-15 14:52:00,1547.67,1547.71,1547.67,1547.71,0.0,28.81,44015.39,1
2025-01-15,2025-01-15 14:53:00,1547.71,1547.75,1547.71,1547.75,0.0,28.81,44015.39,1
2025-01-15,2025-01-15 14:54:00,1547.75,1547.79,1547.75,1547.79,0.0,28.81,44015.39,1
2025-01-15,2025-01-15 14:55:00,1547.79,1547.83,1547.79,1547.83,0.0,28.81,44015.39,1
2025-01-15,2025-01-15 14:56:00,1547.83,1547.88,1547.83,1547.88,0.0,28.81,44015.39,1
2025-01-15,2025-01-15 14:57:00,1547.88,1547.92,1547.88,1547.92,0.0,28.81,44015.39,1
2025-01-15,2025-01-15 14:58:00,1547.92,1547.96,1547.92,1547.96,0.0,28.81,44015.39,1
2025-01-15,2025-01-15 14:59:00,1547.96,1548.0,1547.96,1548.0,0.0,28.81,44015.39,1
2025-01-15,2025-01-15 15:00:00,1548.0,1575.0,1500.0,1548.0,0.0,28.81,44015.39,0
2025-01-16,2025-01-16 11:00:00,1517.1,1532.97,1508.97,1517.11,0.0,36.74,55464.6,1
2025-01-16,2025-01-16 11:01:00,1517.11,1517.12,1517.11,1517.12,0.0,36.74,55464.6,1
2025-01-16,2025-01-16 11:02:00,1517.12,1517.12,1517.12,1517.12,0.0,36.74,55464.6,0
2025-01-16,2025-01-16 11:03:00,1517.12,1517.13,1517.12,1517.13,0.0,36.74,55464.6,1
2025-01-16,2025-01-16 11:04:00,1517.13,1517.14,1517.13,1517.14,0.0,36.74,55464.6,1
2025-01-16,2025-01-16 11:05:00,1517.14,1517.15,1517.14,1517.15,0.0,36.74,55464.6,1
2025-01-16,2025-01-16 11:06:00,1517.15,1517.16,1517.15,1517.16,0.0,36.74,55464.6,1
2025-01-16,2025-01-16 11:07:00,1517.16,1517.16,1517.16,1517.16,0.0,36.74,55464.6,0
2025-01-16,2025-01-16 11:08:00,1517.16,1517.17,1517.16,1517.17,0.0,36.74,55464.6,1
2025-01-16,2025-01-16 11:09:00,1517.17,1517.18,1517.17,1517.18,0.0,36.74,55464.6,1
2025-01-16,2025-01-16 11:10:00,1517.18,1517.19,1517.18,1517.19,0.0,36.74,55464.6,1
2025-01-16,2025-01-16 11:11:00,1517.19,1517.19,1517.19,1517.19,0.0,36.74,55464.6,0
2025-01-16,2025-01-16 11:12:00,1517.19,1517.2,1517.19,1517.2,0.0,36.74,55464.6,1
2025-01-16,2025-01-16 11:13:00,1517.2,1517.21,1517.2,1517.21,0.0,36.74,55464.6,1
2025-01-16,2025-01-16 11:14:00,1517.21,1517.22,1517.21,1517.22,0.0,36.74,55464.6,1
2025-01-16,2025-01-16 11:15:00,1517.22,1517.23,1517.22,1517.23,0.0,36.74,55464.6,1
2025-01-16,2025-01-16 11:16:00,1517.23,1517.23,1517.23,1517.23,0.0,36.74,55464.6,0
2025-01-16,2025-01-16 11:17:00,1517.23,1517.24,1517.23,1517.24,0.0,36.74,55464.6,1
2025-01-16,2025-01-16 11:18:00,1517.24,1517.25,1517.24,1517.25,0.0,36.74,55464.6,1
2025-01-16,2025-01-16 11:19:00,1517.25,1517.26,1517.25,1517.26,0.0,36.74,55464.6,1
2025-01-16,2025-01-16 11:20:00,1517.26,1517.27,1517.26,1517.27,0.0,36.74,55464.6,1
2025-01-16,2025-01-16 11:21:00,1517.27,1517.27,1517.27,1517.27,0.0,36.74,55464.6,0
2025-01-16,2025-01-16 11:22:00,1517.27,1517.28,1517.27,1517.28,0.0,36.74,55464.6,1
2025-01-16,2025-01-16 11:23:00,1517.28,1517.29,1517.28,1517.29,0.0,36.74,55464.6,1
2025-01-16,2025-01-16 11:24:00,1517.29,1517.3,1517.29,1517.3,0.0,36.74,55464.6,1
2025-01-16,2025-01-16 11:25:00,1517.3,1517.31,1517.3,1517.31,0.0,36.74,55464.6,1
2025-01-16,2025-01-16 11:26:00,1517.31,1517.31,1517.31,1517.31,0.0,36.74,55464.6,0
2025-01-16,2025-01-16 11:27:00,1517.31,1517.32,1517.31,1517.32,0.0,36.74,55464.6,1
2025-01-16,2025-01-16 11:28:00,1517.32,1517.33,1517.32,1517.33,0.0,36.74,55464.6,1
2025-01-16,2025-01-16 11:29:00,1517.33,1517.34,1517.33,1517.34,0.0,36.74,55464.6,1
2025-01-16,2025-01-16 11:30:00,1517.34,1517.35,1517.34,1517.35,0.0,36.74,55464.6,1
2025-01-16,2025-01-16 11:31:00,1517.35,1517.35,1517.35,1517.35,0.0,36.74,55464.6,0
2025-01-16,2025-01-16 11:32:00,1517.35,1517.36,1517.35,1517.36,0.0,36.74,55464.6,1
2025-01-16,2025-01-16 11:33:00,1517.36,1517.37,1517.36,1517.37,0.0,36.74,55464.6,1
2025-01-16,2025-01-16 11:34:00,1517.37,1517.38,1517.37,1517.38,0.0,36.74,55464.6,1
2025-01-16,2025-01-16 11:35:00,1517.38,1517.38,1517.38,1517.38,0.0,36.74,55464.6,0
2025-01-16,2025-01-16 11:36:00,1517.38,1517.39,1517.38,1517.39,0.0,36.74,55464.6,1
2025-01-16,2025-01-16 11:37:00,1517.39,1517.4,1517.39,1517.4,0.0,36.74,55464.6,1
2025-01-16,2025-01-16 11:38:00,1517.4,1517.41,1517.4,1517.41,0.0,36.74,55464.6,1
2025-01-16,2025-01-16 11:39:00,1517.41,1517.42,1517.41,1517.42,0.0,36.74,55464.6,1
2025-01-16,2025-01-16 11:40:00,1517.42,1517.42,1517.42,1517.42,0.0,36.74,55464.6,0
2025-01-16,2025-01-16 11:41:00,1517.42,1517.43,1517.42,1517.43,0.0,36.74,55464.6,1
2025-01-16,2025-01-16 11:42:00,1517.43,1517.44,1517.43,1517.44,0.0,36.74,55464.6,1
2025-01-16,2025-01-16 11:43:00,1517.44,1517.45,1517.44,1517.45,0.0,36.74,55464.6,1
2025-01-16,2025-01-16 11:44:00,1517.45,1517.46,1517.45,1517.46,0.0,36.74,55464.6,1
2025-01-16,2025-01-16 11:45:00,1517.46,1517.46,1517.46,1517.46,0.0,36.74,55464.6,0
2025-01-16,2025-01-16 11:46:00,1517.46,1517.47,1517.46,1517.47,0.0,36.74,55464.6,1
2025-01-16,2025-01-16 11:47:00,1517.47,1517.48,1517.47,1517.48,0.0,36.74,55464.6,1
2025-01-16,2025-01-16 11:48:00,1517.48,1517.49,1517.48,1517.49,0.0,36.74,55464.6,1
2025-01-16,2025-01-16 11:49:00,1517.49,1517.5,1517.49,1517.5,0.0,36.74,55464.6,1
2025-01-16,2025-01-16 11:50:00,1517.5,1517.5,1517.5,1517.5,0.0,36.74,55464.6,0
2025-01-16,2025-01-16 11:51:00,1517.5,1517.51,1517.5,1517.51,0.0,36.74,55464.6,1
2025-01-16,2025-01-16 11:52:00,1517.51,1517.52,1517.51,1517.52,0.0,36.74,55464.6,1
2025-01-16,2025-01-16 11:53:00,1517.52,1517.53,1517.52,1517.53,0.0,36.74,55464.6,1
2025-01-16,2025-01-16 11:54:00,1517.53,1517.54,1517.53,1517.54,0.0,36.74,55464.6,1
2025-01-16,2025-01-16 11:55:00,1517.54,1517.54,1517.54,1517.54,0.0,36.74,55464.6,0
2025-01-16,2025-01-16 11:56:00,1517.54,1517.55,1517.54,1517.55,0.0,36.74,55464.6,1
2025-01-16,2025-01-16 11:57:00,1517.55,1517.56,1517.55,1517.56,0.0,36.74,55464.6,1
2025-01-16,2025-01-16 11:58:00,1517.56,1517.57,1517.56,1517.57,0.0,36.74,55464.6,1
2025-01-16,2025-01-16 11:59:00,1517.57,1517.57,1517.57,1517.57,0.0,36.74,55464.6,0
2025-01-16,2025-01-16 12:00:00,1517.57,1517.58,1517.57,1517.58,0.0,36.74,55464.6,1
2025-01-16,2025-01-16 12:01:00,1517.58,1517.59,1517.58,1517.59,0.0,36.74,55464.6,1
2025-01-16,2025-01-16 12:02:00,1517.59,1517.6,1517.59,1517.6,0.0,36.74,55464.6,1
2025-01-16,2025-01-16 12:03:00,1517.6,1517.61,1517.6,1517.61,0.0,36.74,55464.6,1
2025-01-16,2025-01-16 12:04:00,1517.61,1517.61,1517.61,1517.61,0.0,36.74,55464.6,0
2025-01-16,2025-01-16 12:05:00,1517.61,1517.62,1517.61,1517.62,0.0,36.74,55464.6,1
2025-01-16,2025-01-16 12:06:00,1517.62,1517.63,1517.62,1517.63,0.0,36.74,55464.6,1
2025-01-16,2025-01-16 12:07:00,1517.63,1517.64,1517.63,1517.64,0.0,36.74,55464.6,1
2025-01-16,2025-01-16 12:08:00,1517.64,1517.65,1517.64,1517.65,0.0,36.74,55464.6,1
2025-01-16,2025-01-16 12:09:00,1517.65,1517.65,1517.65,1517.65,0.0,36.74,55464.6,0
2025-01-16,2025-01-16 12:10:00,1517.65,1517.66,1517.65,1517.66,0.0,36.74,55464.6,1
2025-01-16,2025-01-16 12:11:00,1517.66,1517.67,1517.66,1517.67,0.0,36.74,55464.6,1
2025-01-16,2025-01-16 12:12:00,1517.67,1517.68,1517.67,1517.68,0.0,36.74,55464.6,1
2025-01-16,2025-01-16 12:13:00,1517.68,1517.69,1517.68,1517.69,0.0,36.74,55464.6,1
2025-01-16,2025-01-16 12:14:00,1517.69,1517.69,1517.69,1517.69,0.0,36.74,55464.6,0
2025-01-16,2025-01-16 12:15:00,1517.69,1517.7,1517.69,1517.7,0.0,36.74,55464.6,1
2025-01-16,2025-01-16 12:16:00,1517.7,1517.71,1517.7,1517.71,0.0,36.74,55464.6,1
2025-01-16,2025-01-16 12:17:00,1517.71,1517.72,1517.71,1517.72,0.0,36.74,55464.6,1
2025-01-16,2025-01-16 12:18:00,1517.72,1517.73,1517.72,1517.73,0.0,36.74,55464.6,1
2025-01-16,2025-01-16 12:19:00,1517.73,1517.73,1517.73,1517.73,0.0,36.74,55464.6,0
2025-01-16,2025-01-16 12:20:00,1517.73,1517.74,1517.73,1517.74,0.0,36.74,55464.6,1
2025-01-16,2025-01-16 12:21:00,1517.74,1517.75,1517.74,1517.75,0.0,36.74,55464.6,1
2025-01-16,2025-01-16 12:22:00,1517.75,1517.76,1517.75,1517.76,0.0,36.74,55464.6,1
2025-01-16,2025-01-16 12:23:00,1517.76,1517.76,1517.76,1517.76,0.0,36.74,55464.6,0
2025-01-16,2025-01-16 12:24:00,1517.76,1517.77,1517.76,1517.77,0.0,36.74,55464.6,1
2025-01-16,2025-01-16 12:25:00,1517.77,1517.78,1517.77,1517.78,0.0,36.74,55464.6,1
2025-01-16,2025-01-16 12:26:00,1517.78,1517.79,1517.78,1517.79,0.0,36.74,55464.6,1
2025-01-16,2025-01-16 12:27:00,1517.79,1517.8,1517.79,1517.8,0.0,36.74,55464.6,1
2025-01-16,2025-01-16 12:28:00,1517.8,1517.8,1517.8,1517.8,0.0,36.74,55464.6,0
2025-01-16,2025-01-16 12:29:00,1517.8,1517.81,1517.8,1517.81,0.0,36.74,55464.6,1
2025-01-16,2025-01-16 12:30:00,1517.81,1517.82,1517.81,1517.82,0.0,36.74,55464.6,1
2025-01-16,2025-01-16 12:31:00,1517.82,1517.83,1517.82,1517.83,0.0,36.74,55464.6,1
2025-01-16,2025-01-16 12:32:00,1517.83,1517.84,1517.83,1517.84,0.0,36.74,55464.6,1
2025-01-16,2025-01-16 12:33:00,1517.84,1517.84,1517.84,1517.84,0.0,36.74,55464.6,0
2025-01-16,2025-01-16 12:34:00,1517.84,1517.85,1517.84,1517.85,0.0,36.74,55464.6,1
2025-01-16,2025-01-16 12:35:00,1517.85,1517.86,1517.85,1517.86,0.0,36.74,55464.6,1
2025-01-16,2025-01-16 12:36:00,1517.86,1517.87,1517.86,1517.87,0.0,36.74,55464.6,1
2025-01-16,2025-01-16 12:37:00,1517.87,1517.88,1517.87,1517.88,0.0,36.74,55464.6,1
2025-01-16,2025-01-16 12:38:00,1517.88,1517.88,1517.88,1517.88,0.0,36.74,55464.6,0
2025-01-16,2025-01-16 12:39:00,1517.88,1517.89,1517.88,1517.89,0.0,36.74,55464.6,1
2025-01-16,2025-01-16 12:40:00,1517.89,1517.9,1517.89,1517.9,0.0,36.74,55464.6,1
2025-01-16,2025-01-16 12:41:00,1517.9,1517.91,1517.9,1517.91,0.0,36.74,55464.6,1
2025-01-16,2025-01-16 12:42:00,1517.91,1517.92,1517.91,1517.92,0.0,36.74,55464.6,1
2025-01-16,2025-01-16 12:43:00,1517.92,1517.92,1517.92,1517.92,0.0,36.74,55464.6,0
2025-01-16,2025-01-16 12:44:00,1517.92,1517.93,1517.92,1517.93,0.0,36.74,55464.6,1
2025-01-16,2025-01-16 12:45:00,1517.93,1517.94,1517.93,1517.94,0.0,36.74,55464.6,1
2025-01-16,2025-01-16 12:46:00,1517.94,1517.95,1517.94,1517.95,0.0,36.74,55464.6,1
2025-01-16,2025-01-16 12:47:00,1517.95,1517.95,1517.95,1517.95,0.0,36.74,55464.6,0
2025-01-16,2025-01-16 12:48:00,1517.95,1517.96,1517.95,1517.96,0.0,36.74,55464.6,1
2025-01-16,2025-01-16 12:49:00,1517.96,1517.97,1517.96,1517.97,0.0,36.74,55464.6,1
2025-01-16,2025-01-16 12:50:00,1517.97,1517.98,1517.97,1517.98,0.0,36.74,55464.6,1
2025-01-16,2025-01-16 12:51:00,1517.98,1517.99,1517.98,1517.99,0.0,36.74,55464.6,1
2025-01-16,2025-01-16 12:52:00,1517.99,1517.99,1517.99,1517.99,0.0,36.74,55464.6,0
2025-01-16,2025-01-16 12:53:00,1517.99,1518.0,1517.99,1518.0,0.0,36.74,55464.6,1
2025-01-16,2025-01-16 12:54:00,1518.0,1518.01,1518.0,1518.01,0.0,36.74,55464.6,1
2025-01-16,2025-01-16 12:55:00,1518.01,1518.02,1518.01,1518.02,0.0,36.74,55464.6,1
2025-01-16,2025-01-16 12:56:00,1518.02,1518.03,1518.02,1518.03,0.0,36.74,55464.6,1
2025-01-16,2025-01-16 12:57:00,1518.03,1518.03,1518.03,1518.03,0.0,36.74,55464.6,0
2025-01-16,2025-01-16 12:58:00,1518.03,1518.04,1518.03,1518.04,0.0,36.74,55464.6,1
2025-01-16,2025-01-16 12:59:00,1518.04,1518.05,1518.04,1518.05,0.0,36.74,55464.6,1
2025-01-16,2025-01-16 13:00:00,1518.05,1570.0,1490.0,1518.06,0.0,36.74,55464.6,1
2025-01-16,2025-01-16 13:01:00,1518.06,1518.07,1518.06,1518.07,0.0,36.74,55464.6,1
2025-01-16,2025-01-16 13:02:00,1518.07,1518.07,1518.07,1518.07,0.0,36.74,55464.6,0
2025-01-16,2025-01-16 13:03:00,1518.07,1518.08,1518.07,1518.08,0.0,36.74,55464.6,1
2025-01-16,2025-01-16 13:04:00,1518.08,1518.09,1518.08,1518.09,0.0,36.74,55464.6,1
2025-01-16,2025-01-16 13:05:00,1518.09,1518.1,1518.09,1518.1,0.0,36.74,55464.6,1
2025-01-16,2025-01-16 13:06:00,1518.1,1518.11,1518.1,1518.11,0.0,36.74,55464.6,1
2025-01-16,2025-01-16 13:07:00,1518.11,1518.11,1518.11,1518.11,0.0,36.74,55464.6,0
2025-01-16,2025-01-16 13:08:00,1518.11,1518.12,1518.11,1518.12,0.0,36.74,55464.6,1
2025-01-16,2025-01-16 13:09:00,1518.12,1518.13,1518.12,1518.13,0.0,36.74,55464.6,1
2025-01-16,2025-01-16 13:10:00,1518.13,1518.14,1518.13,1518.14,0.0,36.74,55464.6,1
2025-01-16,2025-01-16 13:11:00,1518.14,1518.14,1518.14,1518.14,0.0,36.74,55464.6,0
2025-01-16,2025-01-16 13:12:00,1518.14,1518.15,1518.14,1518.15,0.0,36.74,55464.6,1
2025-01-16,2025-01-16 13:13:00,1518.15,1518.16,1518.15,1518.16,0.0,36.74,55464.6,1
2025-01-16,2025-01-16 13:14:00,1518.16,1518.17,1518.16,1518.17,0.0,36.74,55464.6,1
2025-01-16,2025-01-16 13:15:00,1518.17,1518.18,1518.17,1518.18,0.0,36.74,55464.6,1
2025-01-16,2025-01-16 13:16:00,1518.18,1518.18,1518.18,1518.18,0.0,36.74,55464.6,0
2025-01-16,2025-01-16 13:17:00,1518.18,1518.19,1518.18,1518.19,0.0,36.74,55464.6,1
2025-01-16,2025-01-16 13:18:00,1518.19,1518.2,1518.19,1518.2,0.0,36.74,55464.6,1
2025-01-16,2025-01-16 13:19:00,1518.2,1518.21,1518.2,1518.21,0.0,36.74,55464.6,1
2025-01-16,2025-01-16 13:20:00,1518.21,1518.22,1518.21,1518.22,0.0,36.74,55464.6,1
2025-01-16,2025-01-16 13:21:00,1518.22,1518.22,1518.22,1518.22,0.0,36.74,55464.6,0
2025-01-16,2025-01-16 13:22:00,1518.22,1518.23,1518.22,1518.23,0.0,36.74,55464.6,1
2025-01-16,2025-01-16 13:23:00,1518.23,1518.24,1518.23,1518.24,0.0,36.74,55464.6,1
2025-01-16,2025-01-16 13:24:00,1518.24,1518.25,1518.24,1518.25,0.0,36.74,55464.6,1
2025-01-16,2025-01-16 13:25:00,1518.25,1518.26,1518.25,1518.26,0.0,36.74,55464.6,1
2025-01-16,2025-01-16 13:26:00,1518.26,1518.26,1518.26,1518.26,0.0,36.74,55464.6,0
2025-01-16,2025-01-16 13:27:00,1518.26,1518.27,1518.26,1518.27,0.0,36.74,55464.6,1
2025-01-16,2025-01-16 13:28:00,1518.27,1518.28,1518.27,1518.28,0.0,36.74,55464.6,1
2025-01-16,2025-01-16 13:29:00,1518.28,1518.29,1518.28,1518.29,0.0,36.74,55464.6,1
2025-01-16,2025-01-16 13:30:00,1518.29,1518.3,1518.29,1518.3,0.0,36.74,55464.6,1
2025-01-16,2025-01-16 13:31:00,1518.3,1518.3,1518.3,1518.3,0.0,36.74,55464.6,0
2025-01-16,2025-01-16 13:32:00,1518.3,1518.31,1518.3,1518.31,0.0,36.74,55464.6,1
2025-01-16,2025-01-16 13:33:00,1518.31,1518.32,1518.31,1518.32,0.0,36.74,55464.6,1
2025-01-16,2025-01-16 13:34:00,1518.32,1518.33,1518.32,1518.33,0.0,36.74,55464.6,1
2025-01-16,2025-01-16 13:35:00,1518.33,1518.34,1518.33,1518.34,0.0,36.74,55464.6,1
2025-01-16,2025-01-16 13:36:00,1518.34,1518.34,1518.34,1518.34,0.0,36.74,55464.6,0
2025-01-16,2025-01-16 13:37:00,1518.34,1518.35,1518.34,1518.35,0.0,36.74,55464.6,1
2025-01-16,2025-01-16 13:38:00,1518.35,1518.36,1518.35,1518.36,0.0,36.74,55464.6,1
2025-01-16,2025-01-16 13:39:00,1518.36,1518.37,1518.36,1518.37,0.0,36.74,55464.6,1
2025-01-16,2025-01-16 13:40:00,1518.37,1518.37,1518.37,1518.37,0.0,36.74,55464.6,0
2025-01-16,2025-01-16 13:41:00,1518.37,1518.38,1518.37,1518.38,0.0,36.74,55464.6,1
2025-01-16,2025-01-16 13:42:00,1518.38,1518.39,1518.38,1518.39,0.0,36.74,55464.6,1
2025-01-16,2025-01-16 13:43:00,1518.39,1518.4,1518.39,1518.4,0.0,36.74,55464.6,1
2025-01-16,2025-01-16 13:44:00,1518.4,1518.41,1518.4,1518.41,0.0,36.74,55464.6,1
2025-01-16,2025-01-16 13:45:00,1518.41,1518.41,1518.41,1518.41,0.0,36.74,55464.6,0
2025-01-16,2025-01-16 13:46:00,1518.41,1518.42,1518.41,1518.42,0.0,36.74,55464.6,1
2025-01-16,2025-01-16 13:47:00,1518.42,1518.43,1518.42,1518.43,0.0,36.74,55464.6,1
2025-01-16,2025-01-16 13:48:00,1518.43,1518.44,1518.43,1518.44,0.0,36.74,55464.6,1
2025-01-16,2025-01-16 13:49:00,1518.44,1518.45,1518.44,1518.45,0.0,36.74,55464.6,1
2025-01-16,2025-01-16 13:50:00,1518.45,1518.45,1518.45,1518.45,0.0,36.74,55464.6,0
2025-01-16,2025-01-16 13:51:00,1518.45,1518.46,1518.45,1518.46,0.0,36.74,55464.6,1
2025-01-16,2025-01-16 13:52:00,1518.46,1518.47,1518.46,1518.47,0.0,36.74,55464.6,1
2025-01-16,2025-01-16 13:53:00,1518.47,1518.48,1518.47,1518.48,0.0,36.74,55464.6,1
2025-01-16,2025-01-16 13:54:00,1518.48,1518.49,1518.48,1518.49,0.0,36.74,55464.6,1
2025-01-16,2025-01-16 13:55:00,1518.49,1518.49,1518.49,1518.49,0.0,36.74,55464.6,0
2025-01-16,2025-01-16 13:56:00,1518.49,1518.5,1518.49,1518.5,0.0,36.74,55464.6,1
2025-01-16,2025-01-16 13:57:00,1518.5,1518.51,1518.5,1518.51,0.0,36.74,55464.6,1
2025-01-16,2025-01-16 13:58:00,1518.51,1518.52,1518.51,1518.52,0.0,36.74,55464.6,1
2025-01-16,2025-01-16 13:59:00,1518.52,1518.53,1518.52,1518.53,0.0,36.74,55464.6,1
2025-01-16,2025-01-16 14:00:00,1518.53,1518.53,1518.53,1518.53,0.0,36.74,55464.6,0
2025-01-16,2025-01-16 14:01:00,1518.53,1518.54,1518.53,1518.54,0.0,36.74,55464.6,1
2025-01-16,2025-01-16 14:02:00,1518.54,1518.55,1518.54,1518.55,0.0,36.74,55464.6,1
2025-01-16,2025-01-16 14:03:00,1518.55,1518.56,1518.55,1518.56,0.0,36.74,55464.6,1
2025-01-16,2025-01-16 14:04:00,1518.56,1518.56,1518.56,1518.56,0.0,36.74,55464.6,0
2025-01-16,2025-01-16 14:05:00,1518.56,1518.57,1518.56,1518.57,0.0,36.74,55464.6,1
2025-01-16,2025-01-16 14:06:00,1518.57,1518.58,1518.57,1518.58,0.0,36.74,55464.6,1
2025-01-16,2025-01-16 14:07:00,1518.58,1518.59,1518.58,1518.59,0.0,36.74,55464.6,1
2025-01-16,2025-01-16 14:08:00,1518.59,1518.6,1518.59,1518.6,0.0,36.74,55464.6,1
2025-01-16,2025-01-16 14:09:00,1518.6,1518.6,1518.6,1518.6,0.0,36.74,55464.6,0
2025-01-16,2025-01-16 14:10:00,1518.6,1518.61,1518.6,1518.61,0.0,36.74,55464.6,1
2025-01-16,2025-01-16 14:11:00,1518.61,1518.62,1518.61,1518.62,0.0,36.74,55464.6,1
2025-01-16,2025-01-16 14:12:00,1518.62,1518.63,1518.62,1518.63,0.0,36.74,55464.6,1
2025-01-16,2025-01-16 14:13:00,1518.63,1518.64,1518.63,1518.64,0.0,36.74,55464.6,1
2025-01-16,2025-01-16 14:14:00,1518.64,1518.64,1518.64,1518.64,0.0,36.74,55464.6,0
2025-01-16,2025-01-16 14:15:00,1518.64,1518.65,1518.64,1518.65,0.0,36.74,55464.6,1
2025-01-16,2025-01-16 14:16:00,1518.65,1518.66,1518.65,1518.66,0.0,36.74,55464.6,1
2025-01-16,2025-01-16 14:17:00,1518.66,1518.67,1518.66,1518.67,0.0,36.74,55464.6,1
2025-01-16,2025-01-16 14:18:00,1518.67,1518.68,1518.67,1518.68,0.0,36.74,55464.6,1
2025-01-16,2025-01-16 14:19:00,1518.68,1518.68,1518.68,1518.68,0.0,36.74,55464.6,0
2025-01-16,2025-01-16 14:20:00,1518.68,1518.69,1518.68,1518.69,0.0,36.74,55464.6,1
2025-01-16,2025-01-16 14:21:00,1518.69,1518.7,1518.69,1518.7,0.0,36.74,55464.6,1
2025-01-16,2025-01-16 14:22:00,1518.7,1518.71,1518.7,1518.71,0.0,36.74,55464.6,1
2025-01-16,2025-01-16 14:23:00,1518.71,1518.71,1518.71,1518.71,0.0,36.74,55464.6,0
2025-01-16,2025-01-16 14:24:00,1518.71,1518.72,1518.71,1518.72,0.0,36.74,55464.6,1
2025-01-16,2025-01-16 14:25:00,1518.72,1518.73,1518.72,1518.73,0.0,36.74,55464.6,1
2025-01-16,2025-01-16 14:26:00,1518.73,1518.74,1518.73,1518.74,0.0,36.74,55464.6,1
2025-01-16,2025-01-16 14:27:00,1518.74,1518.75,1518.74,1518.75,0.0,36.74,55464.6,1
2025-01-16,2025-01-16 14:28:00,1518.75,1518.75,1518.75,1518.75,0.0,36.74,55464.6,0
2025-01-16,2025-01-16 14:29:00,1518.75,1518.76,1518.75,1518.76,0.0,36.74,55464.6,1
2025-01-16,2025-01-16 14:30:00,1518.76,1518.77,1518.76,1518.77,0.0,36.74,55464.6,1
2025-01-16,2025-01-16 14:31:00,1518.77,1518.78,1518.77,1518.78,0.0,36.74,55464.6,1
2025-01-16,2025-01-16 14:32:00,1518.78,1518.79,1518.78,1518.79,0.0,36.74,55464.6,1
2025-01-16,2025-01-16 14:33:00,1518.79,1518.79,1518.79,1518.79,0.0,36.74,55464.6,0
2025-01-16,2025-01-16 14:34:00,1518.79,1518.8,1518.79,1518.8,0.0,36.74,55464.6,1
2025-01-16,2025-01-16 14:35:00,1518.8,1518.81,1518.8,1518.81,0.0,36.74,55464.6,1
2025-01-16,2025-01-16 14:36:00,1518.81,1518.82,1518.81,1518.82,0.0,36.74,55464.6,1
2025-01-16,2025-01-16 14:37:00,1518.82,1518.83,1518.82,1518.83,0.0,36.74,55464.6,1
2025-01-16,2025-01-16 14:38:00,1518.83,1518.83,1518.83,1518.83,0.0,36.74,55464.6,0
2025-01-16,2025-01-16 14:39:00,1518.83,1518.84,1518.83,1518.84,0.0,36.74,55464.6,1
2025-01-16,2025-01-16 14:40:00,1518.84,1518.85,1518.84,1518.85,0.0,36.74,55464.6,1
2025-01-16,2025-01-16 14:41:00,1518.85,1518.86,1518.85,1518.86,0.0,36.74,55464.6,1
2025-01-16,2025-01-16 14:42:00,1518.86,1518.87,1518.86,1518.87,0.0,36.74,55464.6,1
2025-01-16,2025-01-16 14:43:00,1518.87,1518.87,1518.87,1518.87,0.0,36.74,55464.6,0
2025-01-16,2025-01-16 14:44:00,1518.87,1518.88,1518.87,1518.88,0.0,36.74,55464.6,1
2025-01-16,2025-01-16 14:45:00,1518.88,1518.89,1518.88,1518.89,0.0,36.74,55464.6,1
2025-01-16,2025-01-16 14:46:00,1518.89,1518.9,1518.89,1518.9,0.0,36.74,55464.6,1
2025-01-16,2025-01-16 14:47:00,1518.9,1518.9,1518.9,1518.9,0.0,36.74,55464.6,0
2025-01-16,2025-01-16 14:48:00,1518.9,1518.91,1518.9,1518.91,0.0,36.74,55464.6,1
2025-01-16,2025-01-16 14:49:00,1518.91,1518.92,1518.91,1518.92,0.0,36.74,55464.6,1
2025-01-16,2025-01-16 14:50:00,1518.92,1518.93,1518.92,1518.93,0.0,36.74,55464.6,1
2025-01-16,2025-01-16 14:51:00,1518.93,1518.94,1518.93,1518.94,0.0,36.74,55464.6,1
2025-01-16,2025-01-16 14:52:00,1518.94,1518.94,1518.94,1518.94,0.0,36.74,55464.6,0
2025-01-16,2025-01-16 14:53:00,1518.94,1518.95,1518.94,1518.95,0.0,36.74,55464.6,1
2025-01-16,2025-01-16 14:54:00,1518.95,1518.96,1518.95,1518.96,0.0,36.74,55464.6,1
2025-01-16,2025-01-16 14:55:00,1518.96,1518.97,1518.96,1518.97,0.0,36.74,55464.6,1
2025-01-16,2025-01-16 14:56:00,1518.97,1518.98,1518.97,1518.98,0.0,36.74,55464.6,1
2025-01-16,2025-01-16 14:57:00,1518.98,1518.98,1518.98,1518.98,0.0,36.74,55464.6,0
2025-01-16,2025-01-16 14:58:00,1518.98,1518.99,1518.98,1518.99,0.0,36.74,55464.6,1
2025-01-16,2025-01-16 14:59:00,1518.99,1519.0,1518.99,1519.0,0.0,36.74,55464.6,1
2025-01-16,2025-01-16 15:00:00,1519.0,1570.0,1490.0,1519.0,0.0,36.74,55464.6,0
2025-01-19,2025-01-19 11:00:00,1505.0,1516.7,1500.5,1505.05,0.0,22.54,34178.01,1
2025-01-19,2025-01-19 11:01:00,1505.05,1505.11,1505.05,1505.11,0.0,22.54,34178.01,1
2025-01-19,2025-01-19 11:02:00,1505.11,1505.16,1505.11,1505.16,0.0,22.54,34178.01,1
2025-01-19,2025-01-19 11:03:00,1505.16,1505.22,1505.16,1505.22,0.0,22.54,34178.01,1
2025-01-19,2025-01-19 11:04:00,1505.22,1505.27,1505.22,1505.27,0.0,22.54,34178.01,1
2025-01-19,2025-01-19 11:05:00,1505.27,1505.33,1505.27,1505.33,0.0,22.54,34178.01,1
2025-01-19,2025-01-19 11:06:00,1505.33,1505.38,1505.33,1505.38,0.0,22.54,34178.01,1
2025-01-19,2025-01-19 11:07:00,1505.38,1505.43,1505.38,1505.43,0.0,22.54,34178.01,1
2025-01-19,2025-01-19 11:08:00,1505.43,1505.49,1505.43,1505.49,0.0,22.54,34178.01,1
2025-01-19,2025-01-19 11:09:00,1505.49,1505.54,1505.49,1505.54,0.0,22.54,34178.01,1
2025-01-19,2025-01-19 11:10:00,1505.54,1505.6,1505.54,1505.6,0.0,22.54,34178.01,1
2025-01-19,2025-01-19 11:11:00,1505.6,1505.65,1505.6,1505.65,0.0,22.54,34178.01,1
2025-01-19,2025-01-19 11:12:00,1505.65,1505.7,1505.65,1505.7,0.0,22.54,34178.01,1
2025-01-19,2025-01-19 11:13:00,1505.7,1505.76,1505.7,1505.76,0.0,22.54,34178.01,1
2025-01-19,2025-01-19 11:14:00,1505.76,1505.81,1505.76,1505.81,0.0,22.54,34178.01,1
2025-01-19,2025-01-19 11:15:00,1505.81,1505.87,1505.81,1505.87,0.0,22.54,34178.01,1
2025-01-19,2025-01-19 11:16:00,1505.87,1505.92,1505.87,1505.92,0.0,22.54,34178.01,1
2025-01-19,2025-01-19 11:17:00,1505.92,1505.97,1505.92,1505.97,0.0,22.54,34178.01,1
2025-01-19,2025-01-19 11:18:00,1505.97,1506.03,1505.97,1506.03,0.0,22.54,34178.01,1
2025-01-19,2025-01-19 11:19:00,1506.03,1506.08,1506.03,1506.08,0.0,22.54,34178.01,1
2025-01-19,2025-01-19 11:20:00,1506.08,1506.14,1506.08,1506.14,0.0,22.54,34178.01,1
2025-01-19,2025-01-19 11:21:00,1506.14,1506.19,1506.14,1506.19,0.0,22.54,34178.01,1
2025-01-19,2025-01-19 11:22:00,1506.19,1506.25,1506.19,1506.25,0.0,22.54,34178.01,1
2025-01-19,2025-01-19 11:23:00,1506.25,1506.3,1506.25,1506.3,0.0,22.54,34178.01,1
2025-01-19,2025-01-19 11:24:00,1506.3,1506.35,1506.3,1506.35,0.0,22.54,34178.01,1
2025-01-19,2025-01-19 11:25:00,1506.35,1506.41,1506.35,1506.41,0.0,22.54,34178.01,1
2025-01-19,2025-01-19 11:26:00,1506.41,1506.46,1506.41,1506.46,0.0,22.54,34178.01,1
2025-01-19,2025-01-19 11:27:00,1506.46,1506.52,1506.46,1506.52,0.0,22.54,34178.01,1
2025-01-19,2025-01-19 11:28:00,1506.52,1506.57,1506.52,1506.57,0.0,22.54,34178.01,1
2025-01-19,2025-01-19 11:29:00,1506.57,1506.62,1506.57,1506.62,0.0,22.54,34178.01,1
2025-01-19,2025-01-19 11:30:00,1506.62,1506.68,1506.62,1506.68,0.0,22.54,34178.01,1
2025-01-19,2025-01-19 11:31:00,1506.68,1506.73,1506.68,1506.73,0.0,22.54,34178.01,1
2025-01-19,2025-01-19 11:32:00,1506.73,1506.79,1506.73,1506.79,0.0,22.54,34178.01,1
2025-01-19,2025-01-19 11:33:00,1506.79,1506.84,1506.79,1506.84,0.0,22.54,34178.01,1
2025-01-19,2025-01-19 11:34:00,1506.84,1506.9,1506.84,1506.9,0.0,22.54,34178.01,1
2025-01-19,2025-01-19 11:35:00,1506.9,1506.95,1506.9,1506.95,0.0,22.54,34178.01,1
2025-01-19,2025-01-19 11:36:00,1506.95,1507.0,1506.95,1507.0,0.0,22.54,34178.01,1
2025-01-19,2025-01-19 11:37:00,1507.0,1507.06,1507.0,1507.06,0.0,22.54,34178.01,1
2025-01-19,2025-01-19 11:38:00,1507.06,1507.11,1507.06,1507.11,0.0,22.54,34178.01,1
2025-01-19,2025-01-19 11:39:00,1507.11,1507.17,1507.11,1507.17,0.0,22.54,34178.01,1
2025-01-19,2025-01-19 11:40:00,1507.17,1507.22,1507.17,1507.22,0.0,22.54,34178.01,1
2025-01-19,2025-01-19 11:41:00,1507.22,1507.28,1507.22,1507.28,0.0,22.54,34178.01,1
2025-01-19,2025-01-19 11:42:00,1507.28,1507.33,1507.28,1507.33,0.0,22.54,34178.01,1
2025-01-19,2025-01-19 11:43:00,1507.33,1507.38,1507.33,1507.38,0.0,22.54,34178.01,1
2025-01-19,2025-01-19 11:44:00,1507.38,1507.44,1507.38,1507.44,0.0,22.54,34178.01,1
2025-01-19,2025-01-19 11:45:00,1507.44,1507.49,1507.44,1507.49,0.0,22.54,34178.01,1
2025-01-19,2025-01-19 11:46:00,1507.49,1507.55,1507.49,1507.55,0.0,22.54,34178.01,1
2025-01-19,2025-01-19 11:47:00,1507.55,1507.6,1507.55,1507.6,0.0,22.54,34178.01,1
2025-01-19,2025-01-19 11:48:00,1507.6,1507.65,1507.6,1507.65,0.0,22.54,34178.01,1
2025-01-19,2025-01-19 11:49:00,1507.65,1507.71,1507.65,1507.71,0.0,22.54,34178.01,1
2025-01-19,2025-01-19 11:50:00,1507.71,1507.76,1507.71,1507.76,0.0,22.54,34178.01,1
2025-01-19,2025-01-19 11:51:00,1507.76,1507.82,1507.76,1507.82,0.0,22.54,34178.01,1
2025-01-19,2025-01-19 11:52:00,1507.82,1507.87,1507.82,1507.87,0.0,22.54,34178.01,1
2025-01-19,2025-01-19 11:53:00,1507.87,1507.92,1507.87,1507.92,0.0,22.54,34178.01,1
2025-01-19,2025-01-19 11:54:00,1507.92,1507.98,1507.92,1507.98,0.0,22.54,34178.01,1
2025-01-19,2025-01-19 11:55:00,1507.98,1508.03,1507.98,1508.03,0.0,22.54,34178.01,1
2025-01-19,2025-01-19 11:56:00,1508.03,1508.09,1508.03,1508.09,0.0,22.54,34178.01,1
2025-01-19,2025-01-19 11:57:00,1508.09,1508.14,1508.09,1508.14,0.0,22.54,34178.01,1
2025-01-19,2025-01-19 11:58:00,1508.14,1508.2,1508.14,1508.2,0.0,22.54,34178.01,1
2025-01-19,2025-01-19 11:59:00,1508.2,1508.25,1508.2,1508.25,0.0,22.54,34178.01,1
2025-01-19,2025-01-19 12:00:00,1508.25,1508.3,1508.25,1508.3,0.0,22.54,34178.01,1
2025-01-19,2025-01-19 12:01:00,1508.3,1508.36,1508.3,1508.36,0.0,22.54,34178.01,1
2025-01-19,2025-01-19 12:02:00,1508.36,1508.41,1508.36,1508.41,0.0,22.54,34178.01,1
2025-01-19,2025-01-19 12:03:00,1508.41,1508.47,1508.41,1508.47,0.0,22.54,34178.01,1
2025-01-19,2025-01-19 12:04:00,1508.47,1508.52,1508.47,1508.52,0.0,22.54,34178.01,1
2025-01-19,2025-01-19 12:05:00,1508.52,1508.58,1508.52,1508.58,0.0,22.54,34178.01,1
2025-01-19,2025-01-19 12:06:00,1508.58,1508.63,1508.58,1508.63,0.0,22.54,34178.01,1
2025-01-19,2025-01-19 12:07:00,1508.63,1508.68,1508.63,1508.68,0.0,22.54,34178.01,1
2025-01-19,2025-01-19 12:08:00,1508.68,1508.74,1508.68,1508.74,0.0,22.54,34178.01,1
2025-01-19,2025-01-19 12:09:00,1508.74,1508.79,1508.74,1508.79,0.0,22.54,34178.01,1
2025-01-19,2025-01-19 12:10:00,1508.79,1508.85,1508.79,1508.85,0.0,22.54,34178.01,1
2025-01-19,2025-01-19 12:11:00,1508.85,1508.9,1508.85,1508.9,0.0,22.54,34178.01,1
2025-01-19,2025-01-19 12:12:00,1508.9,1508.95,1508.9,1508.95,0.0,22.54,34178.01,1
2025-01-19,2025-01-19 12:13:00,1508.95,1509.01,1508.95,1509.01,0.0,22.54,34178.01,1
2025-01-19,2025-01-19 12:14:00,1509.01,1509.06,1509.01,1509.06,0.0,22.54,34178.01,1
2025-01-19,2025-01-19 12:15:00,1509.06,1509.12,1509.06,1509.12,0.0,22.54,34178.01,1
2025-01-19,2025-01-19 12:16:00,1509.12,1509.17,1509.12,1509.17,0.0,22.54,34178.01,1
2025-01-19,2025-01-19 12:17:00,1509.17,1509.22,1509.17,1509.22,0.0,22.54,34178.01,1
2025-01-19,2025-01-19 12:18:00,1509.22,1509.28,1509.22,1509.28,0.0,22.54,34178.01,1
2025-01-19,2025-01-19 12:19:00,1509.28,1509.33,1509.28,1509.33,0.0,22.54,34178.01,1
2025-01-19,2025-01-19 12:20:00,1509.33,1509.39,1509.33,1509.39,0.0,22.54,34178.01,1
2025-01-19,2025-01-19 12:21:00,1509.39,1509.44,1509.39,1509.44,0.0,22.54,34178.01,1
2025-01-19,2025-01-19 12:22:00,1509.44,1509.5,1509.44,1509.5,0.0,22.54,34178.01,1
2025-01-19,2025-01-19 12:23:00,1509.5,1509.55,1509.5,1509.55,0.0,22.54,34178.01,1
2025-01-19,2025-01-19 12:24:00,1509.55,1509.6,1509.55,1509.6,0.0,22.54,34178.01,1
2025-01-19,2025-01-19 12:25:00,1509.6,1509.66,1509.6,1509.66,0.0,22.54,34178.01,1
2025-01-19,2025-01-19 12:26:00,1509.66,1509.71,1509.66,1509.71,0.0,22.54,34178.01,1
2025-01-19,2025-01-19 12:27:00,1509.71,1509.77,1509.71,1509.77,0.0,22.54,34178.01,1
2025-01-19,2025-01-19 12:28:00,1509.77,1509.82,1509.77,1509.82,0.0,22.54,34178.01,1
2025-01-19,2025-01-19 12:29:00,1509.82,1509.88,1509.82,1509.88,0.0,22.54,34178.01,1
2025-01-19,2025-01-19 12:30:00,1509.88,1509.93,1509.88,1509.93,0.0,22.54,34178.01,1
2025-01-19,2025-01-19 12:31:00,1509.93,1509.98,1509.93,1509.98,0.0,22.54,34178.01,1
2025-01-19,2025-01-19 12:32:00,1509.98,1510.04,1509.98,1510.04,0.0,22.54,34178.01,1
2025-01-19,2025-01-19 12:33:00,1510.04,1510.09,1510.04,1510.09,0.0,22.54,34178.01,1
2025-01-19,2025-01-19 12:34:00,1510.09,1510.15,1510.09,1510.15,0.0,22.54,34178.01,1
2025-01-19,2025-01-19 12:35:00,1510.15,1510.2,1510.15,1510.2,0.0,22.54,34178.01,1
2025-01-19,2025-01-19 12:36:00,1510.2,1510.25,1510.2,1510.25,0.0,22.54,34178.01,1
2025-01-19,2025-01-19 12:37:00,1510.25,1510.31,1510.25,1510.31,0.0,22.54,34178.01,1
2025-01-19,2025-01-19 12:38:00,1510.31,1510.36,1510.31,1510.36,0.0,22.54,34178.01,1
2025-01-19,2025-01-19 12:39:00,1510.36,1510.42,1510.36,1510.42,0.0,22.54,34178.01,1
2025-01-19,2025-01-19 12:40:00,1510.42,1510.47,1510.42,1510.47,0.0,22.54,34178.01,1
2025-01-19,2025-01-19 12:41:00,1510.47,1510.53,1510.47,1510.53,0.0,22.54,34178.01,1
2025-01-19,2025-01-19 12:42:00,1510.53,1510.58,1510.53,1510.58,0.0,22.54,34178.01,1
2025-01-19,2025-01-19 12:43:00,1510.58,1510.63,1510.58,1510.63,0.0,22.54,34178.01,1
2025-01-19,2025-01-19 12:44:00,1510.63,1510.69,1510.63,1510.69,0.0,22.54,34178.01,1
2025-01-19,2025-01-19 12:45:00,1510.69,1510.74,1510.69,1510.74,0.0,22.54,34178.01,1
2025-01-19,2025-01-19 12:46:00,1510.74,1510.8,1510.74,1510.8,0.0,22.54,34178.01,1
2025-01-19,2025-01-19 12:47:00,1510.8,1510.85,1510.8,1510.85,0.0,22.54,34178.01,1
2025-01-19,2025-01-19 12:48:00,1510.85,1510.9,1510.85,1510.9,0.0,22.54,34178.01,1
2025-01-19,2025-01-19 12:49:00,1510.9,1510.96,1510.9,1510.96,0.0,22.54,34178.01,1
2025-01-19,2025-01-19 12:50:00,1510.96,1511.01,1510.96,1511.01,0.0,22.54,34178.01,1
2025-01-19,2025-01-19 12:51:00,1511.01,1511.07,1511.01,1511.07,0.0,22.54,34178.01,1
2025-01-19,2025-01-19 12:52:00,1511.07,1511.12,1511.07,1511.12,0.0,22.54,34178.01,1
2025-01-19,2025-01-19 12:53:00,1511.12,1511.17,1511.12,1511.17,0.0,22.54,34178.01,1
2025-01-19,2025-01-19 12:54:00,1511.17,1511.23,1511.17,1511.23,0.0,22.54,34178.01,1
2025-01-19,2025-01-19 12:55:00,1511.23,1511.28,1511.23,1511.28,0.0,22.54,34178.01,1
2025-01-19,2025-01-19 12:56:00,1511.28,1511.34,1511.28,1511.34,0.0,22.54,34178.01,1
2025-01-19,2025-01-19 12:57:00,1511.34,1511.39,1511.34,1511.39,0.0,22.54,34178.01,1
2025-01-19,2025-01-19 12:58:00,1511.39,1511.45,1511.39,1511.45,0.0,22.54,34178.01,1
2025-01-19,2025-01-19 12:59:00,1511.45,1511.5,1511.45,1511.5,0.0,22.54,34178.01,1
2025-01-19,2025-01-19 13:00:00,1511.5,1544.0,1490.0,1511.55,0.0,22.54,34178.01,1
2025-01-19,2025-01-19 13:01:00,1511.55,1511.61,1511.55,1511.61,0.0,22.54,34178.01,1
2025-01-19,2025-01-19 13:02:00,1511.61,1511.66,1511.61,1511.66,0.0,22.54,34178.01,1
2025-01-19,2025-01-19 13:03:00,1511.66,1511.72,1511.66,1511.72,0.0,22.54,34178.01,1
2025-01-19,2025-01-19 13:04:00,1511.72,1511.77,1511.72,1511.77,0.0,22.54,34178.01,1
2025-01-19,2025-01-19 13:05:00,1511.77,1511.83,1511.77,1511.83,0.0,22.54,34178.01,1
2025-01-19,2025-01-19 13:06:00,1511.83,1511.88,1511.83,1511.88,0.0,22.54,34178.01,1
2025-01-19,2025-01-19 13:07:00,1511.88,1511.93,1511.88,1511.93,0.0,22.54,34178.01,1
2025-01-19,2025-01-19 13:08:00,1511.93,1511.99,1511.93,1511.99,0.0,22.54,34178.01,1
2025-01-19,2025-01-19 13:09:00,1511.99,1512.04,1511.99,1512.04,0.0,22.54,34178.01,1
2025-01-19,2025-01-19 13:10:00,1512.04,1512.1,1512.04,1512.1,0.0,22.54,34178.01,1
2025-01-19,2025-01-19 13:11:00,1512.1,1512.15,1512.1,1512.15,0.0,22.54,34178.01,1
2025-01-19,2025-01-19 13:12:00,1512.15,1512.2,1512.15,1512.2,0.0,22.54,34178.01,1
2025-01-19,2025-01-19 13:13:00,1512.2,1512.26,1512.2,1512.26,0.0,22.54,34178.01,1
2025-01-19,2025-01-19 13:14:00,1512.26,1512.31,1512.26,1512.31,0.0,22.54,34178.01,1
2025-01-19,2025-01-19 13:15:00,1512.31,1512.37,1512.31,1512.37,0.0,22.54,34178.01,1
2025-01-19,2025-01-19 13:16:00,1512.37,1512.42,1512.37,1512.42,0.0,22.54,34178.01,1
2025-01-19,2025-01-19 13:17:00,1512.42,1512.47,1512.42,1512.47,0.0,22.54,34178.01,1
2025-01-19,2025-01-19 13:18:00,1512.47,1512.53,1512.47,1512.53,0.0,22.54,34178.01,1
2025-01-19,2025-01-19 13:19:00,1512.53,1512.58,1512.53,1512.58,0.0,22.54,34178.01,1
2025-01-19,2025-01-19 13:20:00,1512.58,1512.64,1512.58,1512.64,0.0,22.54,34178.01,1
2025-01-19,2025-01-19 13:21:00,1512.64,1512.69,1512.64,1512.69,0.0,22.54,34178.01,1
2025-01-19,2025-01-19 13:22:00,1512.69,1512.75,1512.69,1512.75,0.0,22.54,34178.01,1
2025-01-19,2025-01-19 13:23:00,1512.75,1512.8,1512.75,1512.8,0.0,22.54,34178.01,1
2025-01-19,2025-01-19 13:24:00,1512.8,1512.85,1512.8,1512.85,0.0,22.54,34178.01,1
2025-01-19,2025-01-19 13:25:00,1512.85,1512.91,1512.85,1512.91,0.0,22.54,34178.01,1
2025-01-19,2025-01-19 13:26:00,1512.91,1512.96,1512.91,1512.96,0.0,22.54,34178.01,1
2025-01-19,2025-01-19 13:27:00,1512.96,1513.02,1512.96,1513.02,0.0,22.54,34178.01,1
2025-01-19,2025-01-19 13:28:00,1513.02,1513.07,1513.02,1513.07,0.0,22.54,34178.01,1
2025-01-19,2025-01-19 13:29:00,1513.07,1513.12,1513.07,1513.12,0.0,22.54,34178.01,1
2025-01-19,2025-01-19 13:30:00,1513.12,1513.18,1513.12,1513.18,0.0,22.54,34178.01,1
2025-01-19,2025-01-19 13:31:00,1513.18,1513.23,1513.18,1513.23,0.0,22.54,34178.01,1
2025-01-19,2025-01-19 13:32:00,1513.23,1513.29,1513.23,1513.29,0.0,22.54,34178.01,1
2025-01-19,2025-01-19 13:33:00,1513.29,1513.34,1513.29,1513.34,0.0,22.54,34178.01,1
2025-01-19,2025-01-19 13:34:00,1513.34,1513.4,1513.34,1513.4,0.0,22.54,34178.01,1
2025-01-19,2025-01-19 13:35:00,1513.4,1513.45,1513.4,1513.45,0.0,22.54,34178.01,1
2025-01-19,2025-01-19 13:36:00,1513.45,1513.5,1513.45,1513.5,0.0,22.54,34178.01,1
2025-01-19,2025-01-19 13:37:00,1513.5,1513.56,1513.5,1513.56,0.0,22.54,34178.01,1
2025-01-19,2025-01-19 13:38:00,1513.56,1513.61,1513.56,1513.61,0.0,22.54,34178.01,1
2025-01-19,2025-01-19 13:39:00,1513.61,1513.67,1513.61,1513.67,0.0,22.54,34178.01,1
2025-01-19,2025-01-19 13:40:00,1513.67,1513.72,1513.67,1513.72,0.0,22.54,34178.01,1
2025-01-19,2025-01-19 13:41:00,1513.72,1513.78,1513.72,1513.78,0.0,22.54,34178.01,1
2025-01-19,2025-01-19 13:42:00,1513.78,1513.83,1513.78,1513.83,0.0,22.54,34178.01,1
2025-01-19,2025-01-19 13:43:00,1513.83,1513.88,1513.83,1513.88,0.0,22.54,34178.01,1
2025-01-19,2025-01-19 13:44:00,1513.88,1513.94,1513.88,1513.94,0.0,22.54,34178.01,1
2025-01-19,2025-01-19 13:45:00,1513.94,1513.99,1513.94,1513.99,0.0,22.54,34178.01,1
2025-01-19,2025-01-19 13:46:00,1513.99,1514.05,1513.99,1514.05,0.0,22.54,34178.01,1
2025-01-19,2025-01-19 13:47:00,1514.05,1514.1,1514.05,1514.1,0.0,22.54,34178.01,1
2025-01-19,2025-01-19 13:48:00,1514.1,1514.15,1514.1,1514.15,0.0,22.54,34178.01,1
2025-01-19,2025-01-19 13:49:00,1514.15,1514.21,1514.15,1514.21,0.0,22.54,34178.01,1
2025-01-19,2025-01-19 13:50:00,1514.21,1514.26,1514.21,1514.26,0.0,22.54,34178.01,1
2025-01-19,2025-01-19 13:51:00,1514.26,1514.32,1514.26,1514.32,0.0,22.54,34178.01,1
2025-01-19,2025-01-19 13:52:00,1514.32,1514.37,1514.32,1514.37,0.0,22.54,34178.01,1
2025-01-19,2025-01-19 13:53:00,1514.37,1514.42,1514.37,1514.42,0.0,22.54,34178.01,1
2025-01-19,2025-01-19 13:54:00,1514.42,1514.48,1514.42,1514.48,0.0,22.54,34178.01,1
2025-01-19,2025-01-19 13:55:00,1514.48,1514.53,1514.48,1514.53,0.0,22.54,34178.01,1
2025-01-19,2025-01-19 13:56:00,1514.53,1514.59,1514.53,1514.59,0.0,22.54,34178.01,1
2025-01-19,2025-01-19 13:57:00,1514.59,1514.64,1514.59,1514.64,0.0,22.54,34178.01,1
2025-01-19,2025-01-19 13:58:00,1514.64,1514.7,1514.64,1514.7,0.0,22.54,34178.01,1
2025-01-19,2025-01-19 13:59:00,1514.7,1514.75,1514.7,1514.75,0.0,22.54,34178.01,1
2025-01-19,2025-01-19 14:00:00,1514.75,1514.8,1514.75,1514.8,0.0,22.54,34178.01,1
2025-01-19,2025-01-19 14:01:00,1514.8,1514.86,1514.8,1514.86,0.0,22.54,34178.01,1
2025-01-19,2025-01-19 14:02:00,1514.86,1514.91,1514.86,1514.91,0.0,22.54,34178.01,1
2025-01-19,2025-01-19 14:03:00,1514.91,1514.97,1514.91,1514.97,0.0,22.54,34178.01,1
2025-01-19,2025-01-19 14:04:00,1514.97,1515.02,1514.97,1515.02,0.0,22.54,34178.01,1
2025-01-19,2025-01-19 14:05:00,1515.02,1515.08,1515.02,1515.08,0.0,22.54,34178.01,1
2025-01-19,2025-01-19 14:06:00,1515.08,1515.13,1515.08,1515.13,0.0,22.54,34178.01,1
2025-01-19,2025-01-19 14:07:00,1515.13,1515.18,1515.13,1515.18,0.0,22.54,34178.01,1
2025-01-19,2025-01-19 14:08:00,1515.18,1515.24,1515.18,1515.24,0.0,22.54,34178.01,1
2025-01-19,2025-01-19 14:09:00,1515.24,1515.29,1515.24,1515.29,0.0,22.54,34178.01,1
2025-01-19,2025-01-19 14:10:00,1515.29,1515.35,1515.29,1515.35,0.0,22.54,34178.01,1
2025-01-19,2025-01-19 14:11:00,1515.35,1515.4,1515.35,1515.4,0.0,22.54,34178.01,1
2025-01-19,2025-01-19 14:12:00,1515.4,1515.45,1515.4,1515.45,0.0,22.54,34178.01,1
2025-01-19,2025-01-19 14:13:00,1515.45,1515.51,1515.45,1515.51,0.0,22.54,34178.01,1
2025-01-19,2025-01-19 14:14:00,1515.51,1515.56,1515.51,1515.56,0.0,22.54,34178.01,1
2025-01-19,2025-01-19 14:15:00,1515.56,1515.62,1515.56,1515.62,0.0,22.54,34178.01,1
2025-01-19,2025-01-19 14:16:00,1515.62,1515.67,1515.62,1515.67,0.0,22.54,34178.01,1
2025-01-19,2025-01-19 14:17:00,1515.67,1515.72,1515.67,1515.72,0.0,22.54,34178.01,1
2025-01-19,2025-01-19 14:18:00,1515.72,1515.78,1515.72,1515.78,0.0,22.54,34178.01,1
2025-01-19,2025-01-19 14:19:00,1515.78,1515.83,1515.78,1515.83,0.0,22.54,34178.01,1
2025-01-19,2025-01-19 14:20:00,1515.83,1515.89,1515.83,1515.89,0.0,22.54,34178.01,1
2025-01-19,2025-01-19 14:21:00,1515.89,1515.94,1515.89,1515.94,0.0,22.54,34178.01,1
2025-01-19,2025-01-19 14:22:00,1515.94,1516.0,1515.94,1516.0,0.0,22.54,34178.01,1
2025-01-19,2025-01-19 14:23:00,1516.0,1516.05,1516.0,1516.05,0.0,22.54,34178.01,1
2025-01-19,2025-01-19 14:24:00,1516.05,1516.1,1516.05,1516.1,0.0,22.54,34178.01,1
2025-01-19,2025-01-19 14:25:00,1516.1,1516.16,1516.1,1516.16,0.0,22.54,34178.01,1
2025-01-19,2025-01-19 14:26:00,1516.16,1516.21,1516.16,1516.21,0.0,22.54,34178.01,1
2025-01-19,2025-01-19 14:27:00,1516.21,1516.27,1516.21,1516.27,0.0,22.54,34178.01,1
2025-01-19,2025-01-19 14:28:00,1516.27,1516.32,1516.27,1516.32,0.0,22.54,34178.01,1
2025-01-19,2025-01-19 14:29:00,1516.32,1516.38,1516.32,1516.38,0.0,22.54,34178.01,1
2025-01-19,2025-01-19 14:30:00,1516.38,1516.43,1516.38,1516.43,0.0,22.54,34178.01,1
2025-01-19,2025-01-19 14:31:00,1516.43,1516.48,1516.43,1516.48,0.0,22.54,34178.01,1
2025-01-19,2025-01-19 14:32:00,1516.48,1516.54,1516.48,1516.54,0.0,22.54,34178.01,1
2025-01-19,2025-01-19 14:33:00,1516.54,1516.59,1516.54,1516.59,0.0,22.54,34178.01,1
2025-01-19,2025-01-19 14:34:00,1516.59,1516.65,1516.59,1516.65,0.0,22.54,34178.01,1
2025-01-19,2025-01-19 14:35:00,1516.65,1516.7,1516.65,1516.7,0.0,22.54,34178.01,1
2025-01-19,2025-01-19 14:36:00,1516.7,1516.75,1516.7,1516.75,0.0,22.54,34178.01,1
2025-01-19,2025-01-19 14:37:00,1516.75,1516.81,1516.75,1516.81,0.0,22.54,34178.01,1
2025-01-19,2025-01-19 14:38:00,1516.81,1516.86,1516.81,1516.86,0.0,22.54,34178.01,1
2025-01-19,2025-01-19 14:39:00,1516.86,1516.92,1516.86,1516.92,0.0,22.54,34178.01,1
2025-01-19,2025-01-19 14:40:00,1516.92,1516.97,1516.92,1516.97,0.0,22.54,34178.01,1
2025-01-19,2025-01-19 14:41:00,1516.97,1517.03,1516.97,1517.03,0.0,22.54,34178.01,1
2025-01-19,2025-01-19 14:42:00,1517.03,1517.08,1517.03,1517.08,0.0,22.54,34178.01,1
2025-01-19,2025-01-19 14:43:00,1517.08,1517.13,1517.08,1517.13,0.0,22.54,34178.01,1
2025-01-19,2025-01-19 14:44:00,1517.13,1517.19,1517.13,1517.19,0.0,22.54,34178.01,1
2025-01-19,2025-01-19 14:45:00,1517.19,1517.24,1517.19,1517.24,0.0,22.54,34178.01,1
2025-01-19,2025-01-19 14:46:00,1517.24,1517.3,1517.24,1517.3,0.0,22.54,34178.01,1
2025-01-19,2025-01-19 14:47:00,1517.3,1517.35,1517.3,1517.35,0.0,22.54,34178.01,1
2025-01-19,2025-01-19 14:48:00,1517.35,1517.4,1517.35,1517.4,0.0,22.54,34178.01,1
2025-01-19,2025-01-19 14:49:00,1517.4,1517.46,1517.4,1517.46,0.0,22.54,34178.01,1
2025-01-19,2025-01-19 14:50:00,1517.46,1517.51,1517.46,1517.51,0.0,22.54,34178.01,1
2025-01-19,2025-01-19 14:51:00,1517.51,1517.57,1517.51,1517.57,0.0,22.54,34178.01,1
2025-01-19,2025-01-19 14:52:00,1517.57,1517.62,1517.57,1517.62,0.0,22.54,34178.01,1
2025-01-19,2025-01-19 14:53:00,1517.62,1517.67,1517.62,1517.67,0.0,22.54,34178.01,1
2025-01-19,2025-01-19 14:54:00,1517.67,1517.73,1517.67,1517.73,0.0,22.54,34178.01,1
2025-01-19,2025-01-19 14:55:00,1517.73,1517.78,1517.73,1517.78,0.0,22.54,34178.01,1
2025-01-19,2025-01-19 14:56:00,1517.78,1517.84,1517.78,1517.84,0.0,22.54,34178.01,1
2025-01-19,2025-01-19 14:57:00,1517.84,1517.89,1517.84,1517.89,0.0,22.54,34178.01,1
2025-01-19,2025-01-19 14:58:00,1517.89,1517.95,1517.89,1517.95,0.0,22.54,34178.01,1
2025-01-19,2025-01-19 14:59:00,1517.95,1518.0,1517.95,1518.0,0.0,22.54,34178.01,1
2025-01-19,2025-01-19 15:00:00,1518.0,1544.0,1490.0,1518.0,0.0,22.54,34178.01,0
2025-01-20,2025-01-20 11:00:00,1498.0,1522.36,1495.6,1498.09,0.01,9.12,13990.6,1
2025-01-20,2025-01-20 11:01:00,1498.09,1498.18,1498.09,1498.18,0.01,9.12,13990.6,1
2025-01-20,2025-01-20 11:02:00,1498.18,1498.28,1498.18,1498.28,0.01,9.12,13990.6,1
2025-01-20,2025-01-20 11:03:00,1498.28,1498.37,1498.28,1498.37,0.01,9.12,13990.6,1
2025-01-20,2025-01-20 11:04:00,1498.37,1498.46,1498.37,1498.46,0.01,9.12,13990.6,1
2025-01-20,2025-01-20 11:05:00,1498.46,1498.55,1498.46,1498.55,0.01,9.12,13990.6,1
2025-01-20,2025-01-20 11:06:00,1498.55,1498.64,1498.55,1498.64,0.01,9.12,13990.6,1
2025-01-20,2025-01-20 11:07:00,1498.64,1498.74,1498.64,1498.74,0.01,9.12,13990.6,1
2025-01-20,2025-01-20 11:08:00,1498.74,1498.83,1498.74,1498.83,0.01,9.12,13990.6,1
2025-01-20,2025-01-20 11:09:00,1498.83,1498.92,1498.83,1498.92,0.01,9.12,13990.6,1
2025-01-20,2025-01-20 11:10:00,1498.92,1499.01,1498.92,1499.01,0.01,9.12,13990.6,1
2025-01-20,2025-01-20 11:11:00,1499.01,1499.11,1499.01,1499.11,0.01,9.12,13990.6,1
2025-01-20,2025-01-20 11:12:00,1499.11,1499.2,1499.11,1499.2,0.01,9.12,13990.6,1
2025-01-20,2025-01-20 11:13:00,1499.2,1499.29,1499.2,1499.29,0.01,9.12,13990.6,1
2025-01-20,2025-01-20 11:14:00,1499.29,1499.38,1499.29,1499.38,0.01,9.12,13990.6,1
2025-01-20,2025-01-20 11:15:00,1499.38,1499.47,1499.38,1499.47,0.01,9.12,13990.6,1
2025-01-20,2025-01-20 11:16:00,1499.47,1499.57,1499.47,1499.57,0.01,9.12,13990.6,1
2025-01-20,2025-01-20 11:17:00,1499.57,1499.66,1499.57,1499.66,0.01,9.12,13990.6,1
2025-01-20,2025-01-20 11:18:00,1499.66,1499.75,1499.66,1499.75,0.01,9.12,13990.6,1
2025-01-20,2025-01-20 11:19:00,1499.75,1499.84,1499.75,1499.84,0.01,9.12,13990.6,1
2025-01-20,2025-01-20 11:20:00,1499.84,1499.93,1499.84,1499.93,0.01,9.12,13990.6,1
2025-01-20,2025-01-20 11:21:00,1499.93,1500.03,1499.93,1500.03,0.01,9.12,13990.6,1
2025-01-20,2025-01-20 11:22:00,1500.03,1500.12,1500.03,1500.12,0.01,9.12,13990.6,1
2025-01-20,2025-01-20 11:23:00,1500.12,1500.21,1500.12,1500.21,0.01,9.12,13990.6,1
2025-01-20,2025-01-20 11:24:00,1500.21,1500.3,1500.21,1500.3,0.01,9.12,13990.6,1
2025-01-20,2025-01-20 11:25:00,1500.3,1500.39,1500.3,1500.39,0.01,9.12,13990.6,1
2025-01-20,2025-01-20 11:26:00,1500.39,1500.49,1500.39,1500.49,0.01,9.12,13990.6,1
2025-01-20,2025-01-20 11:27:00,1500.49,1500.58,1500.49,1500.58,0.01,9.12,13990.6,1
2025-01-20,2025-01-20 11:28:00,1500.58,1500.67,1500.58,1500.67,0.01,9.12,13990.6,1
2025-01-20,2025-01-20 11:29:00,1500.67,1500.76,1500.67,1500.76,0.01,9.12,13990.6,1
2025-01-20,2025-01-20 11:30:00,1500.76,1500.85,1500.76,1500.85,0.01,9.12,13990.6,1
2025-01-20,2025-01-20 11:31:00,1500.85,1500.95,1500.85,1500.95,0.01,9.12,13990.6,1
2025-01-20,2025-01-20 11:32:00,1500.95,1501.04,1500.95,1501.04,0.01,9.12,13990.6,1
2025-01-20,2025-01-20 11:33:00,1501.04,1501.13,1501.04,1501.13,0.01,9.12,13990.6,1
2025-01-20,2025-01-20 11:34:00,1501.13,1501.22,1501.13,1501.22,0.01,9.12,13990.6,1
2025-01-20,2025-01-20 11:35:00,1501.22,1501.32,1501.22,1501.32,0.01,9.12,13990.6,1
2025-01-20,2025-01-20 11:36:00,1501.32,1501.41,1501.32,1501.41,0.01,9.12,13990.6,1
2025-01-20,2025-01-20 11:37:00,1501.41,1501.5,1501.41,1501.5,0.01,9.12,13990.6,1
2025-01-20,2025-01-20 11:38:00,1501.5,1501.59,1501.5,1501.59,0.01,9.12,13990.6,1
2025-01-20,2025-01-20 11:39:00,1501.59,1501.68,1501.59,1501.68,0.01,9.12,13990.6,1
2025-01-20,2025-01-20 11:40:00,1501.68,1501.78,1501.68,1501.78,0.01,9.12,13990.6,1
2025-01-20,2025-01-20 11:41:00,1501.78,1501.87,1501.78,1501.87,0.01,9.12,13990.6,1
2025-01-20,2025-01-20 11:42:00,1501.87,1501.96,1501.87,1501.96,0.01,9.12,13990.6,1
2025-01-20,2025-01-20 11:43:00,1501.96,1502.05,1501.96,1502.05,0.01,9.12,13990.6,1
2025-01-20,2025-01-20 11:44:00,1502.05,1502.14,1502.05,1502.14,0.01,9.12,13990.6,1
2025-01-20,2025-01-20 11:45:00,1502.14,1502.24,1502.14,1502.24,0.01,9.12,13990.6,1
2025-01-20,2025-01-20 11:46:00,1502.24,1502.33,1502.24,1502.33,0.01,9.12,13990.6,1
2025-01-20,2025-01-20 11:47:00,1502.33,1502.42,1502.33,1502.42,0.01,9.12,13990.6,1
2025-01-20,2025-01-20 11:48:00,1502.42,1502.51,1502.42,1502.51,0.01,9.12,13990.6,1
2025-01-20,2025-01-20 11:49:00,1502.51,1502.6,1502.51,1502.6,0.01,9.12,13990.6,1
2025-01-20,2025-01-20 11:50:00,1502.6,1502.7,1502.6,1502.7,0.01,9.12,13990.6,1
2025-01-20,2025-01-20 11:51:00,1502.7,1502.79,1502.7,1502.79,0.01,9.12,13990.6,1
2025-01-20,2025-01-20 11:52:00,1502.79,1502.88,1502.79,1502.88,0.01,9.12,13990.6,1
2025-01-20,2025-01-20 11:53:00,1502.88,1502.97,1502.88,1502.97,0.01,9.12,13990.6,1
2025-01-20,2025-01-20 11:54:00,1502.97,1503.06,1502.97,1503.06,0.01,9.12,13990.6,1
2025-01-20,2025-01-20 11:55:00,1503.06,1503.16,1503.06,1503.16,0.01,9.12,13990.6,1
2025-01-20,2025-01-20 11:56:00,1503.16,1503.25,1503.16,1503.25,0.01,9.12,13990.6,1
2025-01-20,2025-01-20 11:57:00,1503.25,1503.34,1503.25,1503.34,0.01,9.12,13990.6,1
2025-01-20,2025-01-20 11:58:00,1503.34,1503.43,1503.34,1503.43,0.01,9.12,13990.6,1
2025-01-20,2025-01-20 11:59:00,1503.43,1503.53,1503.43,1503.53,0.01,9.12,13990.6,1
2025-01-20,2025-01-20 12:00:00,1503.53,1503.62,1503.53,1503.62,0.01,9.12,13990.6,1
2025-01-20,2025-01-20 12:01:00,1503.62,1503.71,1503.62,1503.71,0.01,9.12,13990.6,1
2025-01-20,2025-01-20 12:02:00,1503.71,1503.8,1503.71,1503.8,0.01,9.12,13990.6,1
2025-01-20,2025-01-20 12:03:00,1503.8,1503.89,1503.8,1503.89,0.01,9.12,13990.6,1
2025-01-20,2025-01-20 12:04:00,1503.89,1503.99,1503.89,1503.99,0.01,9.12,13990.6,1
2025-01-20,2025-01-20 12:05:00,1503.99,1504.08,1503.99,1504.08,0.01,9.12,13990.6,1
2025-01-20,2025-01-20 12:06:00,1504.08,1504.17,1504.08,1504.17,0.01,9.12,13990.6,1
2025-01-20,2025-01-20 12:07:00,1504.17,1504.26,1504.17,1504.26,0.01,9.12,13990.6,1
2025-01-20,2025-01-20 12:08:00,1504.26,1504.35,1504.26,1504.35,0.01,9.12,13990.6,1
2025-01-20,2025-01-20 12:09:00,1504.35,1504.45,1504.35,1504.45,0.01,9.12,13990.6,1
2025-01-20,2025-01-20 12:10:00,1504.45,1504.54,1504.45,1504.54,0.01,9.12,13990.6,1
2025-01-20,2025-01-20 12:11:00,1504.54,1504.63,1504.54,1504.63,0.01,9.12,13990.6,1
2025-01-20,2025-01-20 12:12:00,1504.63,1504.72,1504.63,1504.72,0.01,9.12,13990.6,1
2025-01-20,2025-01-20 12:13:00,1504.72,1504.81,1504.72,1504.81,0.01,9.12,13990.6,1
2025-01-20,2025-01-20 12:14:00,1504.81,1504.91,1504.81,1504.91,0.01,9.12,13990.6,1
2025-01-20,2025-01-20 12:15:00,1504.91,1505.0,1504.91,1505.0,0.01,9.12,13990.6,1
2025-01-20,2025-01-20 12:16:00,1505.0,1505.09,1505.0,1505.09,0.01,9.12,13990.6,1
2025-01-20,2025-01-20 12:17:00,1505.09,1505.18,1505.09,1505.18,0.01,9.12,13990.6,1
2025-01-20,2025-01-20 12:18:00,1505.18,1505.27,1505.18,1505.27,0.01,9.12,13990.6,1
2025-01-20,2025-01-20 12:19:00,1505.27,1505.37,1505.27,1505.37,0.01,9.12,13990.6,1
2025-01-20,2025-01-20 12:20:00,1505.37,1505.46,1505.37,1505.46,0.01,9.12,13990.6,1
2025-01-20,2025-01-20 12:21:00,1505.46,1505.55,1505.46,1505.55,0.01,9.12,13990.6,1
2025-01-20,2025-01-20 12:22:00,1505.55,1505.64,1505.55,1505.64,0.01,9.12,13990.6,1
2025-01-20,2025-01-20 12:23:00,1505.64,1505.73,1505.64,1505.73,0.01,9.12,13990.6,1
2025-01-20,2025-01-20 12:24:00,1505.73,1505.83,1505.73,1505.83,0.01,9.12,13990.6,1
2025-01-20,2025-01-20 12:25:00,1505.83,1505.92,1505.83,1505.92,0.01,9.12,13990.6,1
2025-01-20,2025-01-20 12:26:00,1505.92,1506.01,1505.92,1506.01,0.01,9.12,13990.6,1
2025-01-20,2025-01-20 12:27:00,1506.01,1506.1,1506.01,1506.1,0.01,9.12,13990.6,1
2025-01-20,2025-01-20 12:28:00,1506.1,1506.2,1506.1,1506.2,0.01,9.12,13990.6,1
2025-01-20,2025-01-20 12:29:00,1506.2,1506.29,1506.2,1506.29,0.01,9.12,13990.6,1
2025-01-20,2025-01-20 12:30:00,1506.29,1506.38,1506.29,1506.38,0.01,9.12,13990.6,1
2025-01-20,2025-01-20 12:31:00,1506.38,1506.47,1506.38,1506.47,0.01,9.12,13990.6,1
2025-01-20,2025-01-20 12:32:00,1506.47,1506.56,1506.47,1506.56,0.01,9.12,13990.6,1
2025-01-20,2025-01-20 12:33:00,1506.56,1506.66,1506.56,1506.66,0.01,9.12,13990.6,1
2025-01-20,2025-01-20 12:34:00,1506.66,1506.75,1506.66,1506.75,0.01,9.12,13990.6,1
2025-01-20,2025-01-20 12:35:00,1506.75,1506.84,1506.75,1506.84,0.01,9.12,13990.6,1
2025-01-20,2025-01-20 12:36:00,1506.84,1506.93,1506.84,1506.93,0.01,9.12,13990.6,1
2025-01-20,2025-01-20 12:37:00,1506.93,1507.02,1506.93,1507.02,0.01,9.12,13990.6,1
2025-01-20,2025-01-20 12:38:00,1507.02,1507.12,1507.02,1507.12,0.01,9.12,13990.6,1
2025-01-20,2025-01-20 12:39:00,1507.12,1507.21,1507.12,1507.21,0.01,9.12,13990.6,1
2025-01-20,2025-01-20 12:40:00,1507.21,1507.3,1507.21,1507.3,0.01,9.12,13990.6,1
2025-01-20,2025-01-20 12:41:00,1507.3,1507.39,1507.3,1507.39,0.01,9.12,13990.6,1
2025-01-20,2025-01-20 12:42:00,1507.39,1507.48,1507.39,1507.48,0.01,9.12,13990.6,1
2025-01-20,2025-01-20 12:43:00,1507.48,1507.58,1507.48,1507.58,0.01,9.12,13990.6,1
2025-01-20,2025-01-20 12:44:00,1507.58,1507.67,1507.58,1507.67,0.01,9.12,13990.6,1
2025-01-20,2025-01-20 12:45:00,1507.67,1507.76,1507.67,1507.76,0.01,9.12,13990.6,1
2025-01-20,2025-01-20 12:46:00,1507.76,1507.85,1507.76,1507.85,0.01,9.12,13990.6,1
2025-01-20,2025-01-20 12:47:00,1507.85,1507.94,1507.85,1507.94,0.01,9.12,13990.6,1
2025-01-20,2025-01-20 12:48:00,1507.94,1508.04,1507.94,1508.04,0.01,9.12,13990.6,1
2025-01-20,2025-01-20 12:49:00,1508.04,1508.13,1508.04,1508.13,0.01,9.12,13990.6,1
2025-01-20,2025-01-20 12:50:00,1508.13,1508.22,1508.13,1508.22,0.01,9.12,13990.6,1
2025-01-20,2025-01-20 12:51:00,1508.22,1508.31,1508.22,1508.31,0.01,9.12,13990.6,1
2025-01-20,2025-01-20 12:52:00,1508.31,1508.41,1508.31,1508.41,0.01,9.12,13990.6,1
2025-01-20,2025-01-20 12:53:00,1508.41,1508.5,1508.41,1508.5,0.01,9.12,13990.6,1
2025-01-20,2025-01-20 12:54:00,1508.5,1508.59,1508.5,1508.59,0.01,9.12,13990.6,1
2025-01-20,2025-01-20 12:55:00,1508.59,1508.68,1508.59,1508.68,0.01,9.12,13990.6,1
2025-01-20,2025-01-20 12:56:00,1508.68,1508.77,1508.68,1508.77,0.01,9.12,13990.6,1
2025-01-20,2025-01-20 12:57:00,1508.77,1508.87,1508.77,1508.87,0.01,9.12,13990.6,1
2025-01-20,2025-01-20 12:58:00,1508.87,1508.96,1508.87,1508.96,0.01,9.12,13990.6,1
2025-01-20,2025-01-20 12:59:00,1508.96,1509.05,1508.96,1509.05,0.01,9.12,13990.6,1
2025-01-20,2025-01-20 13:00:00,1509.05,1579.2,1490.0,1509.14,0.01,9.12,13990.6,1
2025-01-20,2025-01-20 13:01:00,1509.14,1509.23,1509.14,1509.23,0.01,9.12,13990.6,1
2025-01-20,2025-01-20 13:02:00,1509.23,1509.33,1509.23,1509.33,0.01,9.12,13990.6,1
2025-01-20,2025-01-20 13:03:00,1509.33,1509.42,1509.33,1509.42,0.01,9.12,13990.6,1
2025-01-20,2025-01-20 13:04:00,1509.42,1509.51,1509.42,1509.51,0.01,9.12,13990.6,1
2025-01-20,2025-01-20 13:05:00,1509.51,1509.6,1509.51,1509.6,0.01,9.12,13990.6,1
2025-01-20,2025-01-20 13:06:00,1509.6,1509.69,1509.6,1509.69,0.01,9.12,13990.6,1
2025-01-20,2025-01-20 13:07:00,1509.69,1509.79,1509.69,1509.79,0.01,9.12,13990.6,1
2025-01-20,2025-01-20 13:08:00,1509.79,1509.88,1509.79,1509.88,0.01,9.12,13990.6,1
2025-01-20,2025-01-20 13:09:00,1509.88,1509.97,1509.88,1509.97,0.01,9.12,13990.6,1
2025-01-20,2025-01-20 13:10:00,1509.97,1510.06,1509.97,1510.06,0.01,9.12,13990.6,1
2025-01-20,2025-01-20 13:11:00,1510.06,1510.15,1510.06,1510.15,0.01,9.12,13990.6,1
2025-01-20,2025-01-20 13:12:00,1510.15,1510.25,1510.15,1510.25,0.01,9.12,13990.6,1
2025-01-20,2025-01-20 13:13:00,1510.25,1510.34,1510.25,1510.34,0.01,9.12,13990.6,1
2025-01-20,2025-01-20 13:14:00,1510.34,1510.43,1510.34,1510.43,0.01,9.12,13990.6,1
2025-01-20,2025-01-20 13:15:00,1510.43,1510.52,1510.43,1510.52,0.01,9.12,13990.6,1
2025-01-20,2025-01-20 13:16:00,1510.52,1510.62,1510.52,1510.62,0.01,9.12,13990.6,1
2025-01-20,2025-01-20 13:17:00,1510.62,1510.71,1510.62,1510.71,0.01,9.12,13990.6,1
2025-01-20,2025-01-20 13:18:00,1510.71,1510.8,1510.71,1510.8,0.01,9.12,13990.6,1
2025-01-20,2025-01-20 13:19:00,1510.8,1510.89,1510.8,1510.89,0.01,9.12,13990.6,1
2025-01-20,2025-01-20 13:20:00,1510.89,1510.98,1510.89,1510.98,0.01,9.12,13990.6,1
2025-01-20,2025-01-20 13:21:00,1510.98,1511.08,1510.98,1511.08,0.01,9.12,13990.6,1
2025-01-20,2025-01-20 13:22:00,1511.08,1511.17,1511.08,1511.17,0.01,9.12,13990.6,1
2025-01-20,2025-01-20 13:23:00,1511.17,1511.26,1511.17,1511.26,0.01,9.12,13990.6,1
2025-01-20,2025-01-20 13:24:00,1511.26,1511.35,1511.26,1511.35,0.01,9.12,13990.6,1
2025-01-20,2025-01-20 13:25:00,1511.35,1511.44,1511.35,1511.44,0.01,9.12,13990.6,1
2025-01-20,2025-01-20 13:26:00,1511.44,1511.54,1511.44,1511.54,0.01,9.12,13990.6,1
2025-01-20,2025-01-20 13:27:00,1511.54,1511.63,1511.54,1511.63,0.01,9.12,13990.6,1
2025-01-20,2025-01-20 13:28:00,1511.63,1511.72,1511.63,1511.72,0.01,9.12,13990.6,1
2025-01-20,2025-01-20 13:29:00,1511.72,1511.81,1511.72,1511.81,0.01,9.12,13990.6,1
2025-01-20,2025-01-20 13:30:00,1511.81,1511.9,1511.81,1511.9,0.01,9.12,13990.6,1
2025-01-20,2025-01-20 13:31:00,1511.9,1512.0,1511.9,1512.0,0.01,9.12,13990.6,1
2025-01-20,2025-01-20 13:32:00,1512.0,1512.09,1512.0,1512.09,0.01,9.12,13990.6,1
2025-01-20,2025-01-20 13:33:00,1512.09,1512.18,1512.09,1512.18,0.01,9.12,13990.6,1
2025-01-20,2025-01-20 13:34:00,1512.18,1512.27,1512.18,1512.27,0.01,9.12,13990.6,1
2025-01-20,2025-01-20 13:35:00,1512.27,1512.37,1512.27,1512.37,0.01,9.12,13990.6,1
2025-01-20,2025-01-20 13:36:00,1512.37,1512.46,1512.37,1512.46,0.01,9.12,13990.6,1
2025-01-20,2025-01-20 13:37:00,1512.46,1512.55,1512.46,1512.55,0.01,9.12,13990.6,1
2025-01-20,2025-01-20 13:38:00,1512.55,1512.64,1512.55,1512.64,0.01,9.12,13990.6,1
2025-01-20,2025-01-20 13:39:00,1512.64,1512.73,1512.64,1512.73,0.01,9.12,13990.6,1
2025-01-20,2025-01-20 13:40:00,1512.73,1512.83,1512.73,1512.83,0.01,9.12,13990.6,1
2025-01-20,2025-01-20 13:41:00,1512.83,1512.92,1512.83,1512.92,0.01,9.12,13990.6,1
2025-01-20,2025-01-20 13:42:00,1512.92,1513.01,1512.92,1513.01,0.01,9.12,13990.6,1
2025-01-20,2025-01-20 13:43:00,1513.01,1513.1,1513.01,1513.1,0.01,9.12,13990.6,1
2025-01-20,2025-01-20 13:44:00,1513.1,1513.19,1513.1,1513.19,0.01,9.12,13990.6,1
2025-01-20,2025-01-20 13:45:00,1513.19,1513.29,1513.19,1513.29,0.01,9.12,13990.6,1
2025-01-20,2025-01-20 13:46:00,1513.29,1513.38,1513.29,1513.38,0.01,9.12,13990.6,1
2025-01-20,2025-01-20 13:47:00,1513.38,1513.47,1513.38,1513.47,0.01,9.12,13990.6,1
2025-01-20,2025-01-20 13:48:00,1513.47,1513.56,1513.47,1513.56,0.01,9.12,13990.6,1
2025-01-20,2025-01-20 13:49:00,1513.56,1513.65,1513.56,1513.65,0.01,9.12,13990.6,1
2025-01-20,2025-01-20 13:50:00,1513.65,1513.75,1513.65,1513.75,0.01,9.12,13990.6,1
2025-01-20,2025-01-20 13:51:00,1513.75,1513.84,1513.75,1513.84,0.01,9.12,13990.6,1
2025-01-20,2025-01-20 13:52:00,1513.84,1513.93,1513.84,1513.93,0.01,9.12,13990.6,1
2025-01-20,2025-01-20 13:53:00,1513.93,1514.02,1513.93,1514.02,0.01,9.12,13990.6,1
2025-01-20,2025-01-20 13:54:00,1514.02,1514.11,1514.02,1514.11,0.01,9.12,13990.6,1
2025-01-20,2025-01-20 13:55:00,1514.11,1514.21,1514.11,1514.21,0.01,9.12,13990.6,1
2025-01-20,2025-01-20 13:56:00,1514.21,1514.3,1514.21,1514.3,0.01,9.12,13990.6,1
2025-01-20,2025-01-20 13:57:00,1514.3,1514.39,1514.3,1514.39,0.01,9.12,13990.6,1
2025-01-20,2025-01-20 13:58:00,1514.39,1514.48,1514.39,1514.48,0.01,9.12,13990.6,1
2025-01-20,2025-01-20 13:59:00,1514.48,1514.57,1514.48,1514.57,0.01,9.12,13990.6,1
2025-01-20,2025-01-20 14:00:00,1514.57,1514.67,1514.57,1514.67,0.01,9.12,13990.6,1
2025-01-20,2025-01-20 14:01:00,1514.67,1514.76,1514.67,1514.76,0.01,9.12,13990.6,1
2025-01-20,2025-01-20 14:02:00,1514.76,1514.85,1514.76,1514.85,0.01,9.12,13990.6,1
2025-01-20,2025-01-20 14:03:00,1514.85,1514.94,1514.85,1514.94,0.01,9.12,13990.6,1
2025-01-20,2025-01-20 14:04:00,1514.94,1515.04,1514.94,1515.04,0.01,9.12,13990.6,1
2025-01-20,2025-01-20 14:05:00,1515.04,1515.13,1515.04,1515.13,0.01,9.12,13990.6,1
2025-01-20,2025-01-20 14:06:00,1515.13,1515.22,1515.13,1515.22,0.01,9.12,13990.6,1
2025-01-20,2025-01-20 14:07:00,1515.22,1515.31,1515.22,1515.31,0.01,9.12,13990.6,1
2025-01-20,2025-01-20 14:08:00,1515.31,1515.4,1515.31,1515.4,0.01,9.12,13990.6,1
2025-01-20,2025-01-20 14:09:00,1515.4,1515.5,1515.4,1515.5,0.01,9.12,13990.6,1
2025-01-20,2025-01-20 14:10:00,1515.5,1515.59,1515.5,1515.59,0.01,9.12,13990.6,1
2025-01-20,2025-01-20 14:11:00,1515.59,1515.68,1515.59,1515.68,0.01,9.12,13990.6,1
2025-01-20,2025-01-20 14:12:00,1515.68,1515.77,1515.68,1515.77,0.01,9.12,13990.6,1
2025-01-20,2025-01-20 14:13:00,1515.77,1515.86,1515.77,1515.86,0.01,9.12,13990.6,1
2025-01-20,2025-01-20 14:14:00,1515.86,1515.96,1515.86,1515.96,0.01,9.12,13990.6,1
2025-01-20,2025-01-20 14:15:00,1515.96,1516.05,1515.96,1516.05,0.01,9.12,13990.6,1
2025-01-20,2025-01-20 14:16:00,1516.05,1516.14,1516.05,1516.14,0.01,9.12,13990.6,1
2025-01-20,2025-01-20 14:17:00,1516.14,1516.23,1516.14,1516.23,0.01,9.12,13990.6,1
2025-01-20,2025-01-20 14:18:00,1516.23,1516.32,1516.23,1516.32,0.01,9.12,13990.6,1
2025-01-20,2025-01-20 14:19:00,1516.32,1516.42,1516.32,1516.42,0.01,9.12,13990.6,1
2025-01-20,2025-01-20 14:20:00,1516.42,1516.51,1516.42,1516.51,0.01,9.12,13990.6,1
2025-01-20,2025-01-20 14:21:00,1516.51,1516.6,1516.51,1516.6,0.01,9.12,13990.6,1
2025-01-20,2025-01-20 14:22:00,1516.6,1516.69,1516.6,1516.69,0.01,9.12,13990.6,1
2025-01-20,2025-01-20 14:23:00,1516.69,1516.78,1516.69,1516.78,0.01,9.12,13990.6,1
2025-01-20,2025-01-20 14:24:00,1516.78,1516.88,1516.78,1516.88,0.01,9.12,13990.6,1
2025-01-20,2025-01-20 14:25:00,1516.88,1516.97,1516.88,1516.97,0.01,9.12,13990.6,1
2025-01-20,2025-01-20 14:26:00,1516.97,1517.06,1516.97,1517.06,0.01,9.12,13990.6,1
2025-01-20,2025-01-20 14:27:00,1517.06,1517.15,1517.06,1517.15,0.01,9.12,13990.6,1
2025-01-20,2025-01-20 14:28:00,1517.15,1517.25,1517.15,1517.25,0.01,9.12,13990.6,1
2025-01-20,2025-01-20 14:29:00,1517.25,1517.34,1517.25,1517.34,0.01,9.12,13990.6,1
2025-01-20,2025-01-20 14:30:00,1517.34,1517.43,1517.34,1517.43,0.01,9.12,13990.6,1
2025-01-20,2025-01-20 14:31:00,1517.43,1517.52,1517.43,1517.52,0.01,9.12,13990.6,1
2025-01-20,2025-01-20 14:32:00,1517.52,1517.61,1517.52,1517.61,0.01,9.12,13990.6,1
2025-01-20,2025-01-20 14:33:00,1517.61,1517.71,1517.61,1517.71,0.01,9.12,13990.6,1
2025-01-20,2025-01-20 14:34:00,1517.71,1517.8,1517.71,1517.8,0.01,9.12,13990.6,1
2025-01-20,2025-01-20 14:35:00,1517.8,1517.89,1517.8,1517.89,0.01,9.12,13990.6,1
2025-01-20,2025-01-20 14:36:00,1517.89,1517.98,1517.89,1517.98,0.01,9.12,13990.6,1
2025-01-20,2025-01-20 14:37:00,1517.98,1518.07,1517.98,1518.07,0.01,9.12,13990.6,1
2025-01-20,2025-01-20 14:38:00,1518.07,1518.17,1518.07,1518.17,0.01,9.12,13990.6,1
2025-01-20,2025-01-20 14:39:00,1518.17,1518.26,1518.17,1518.26,0.01,9.12,13990.6,1
2025-01-20,2025-01-20 14:40:00,1518.26,1518.35,1518.26,1518.35,0.01,9.12,13990.6,1
2025-01-20,2025-01-20 14:41:00,1518.35,1518.44,1518.35,1518.44,0.01,9.12,13990.6,1
2025-01-20,2025-01-20 14:42:00,1518.44,1518.53,1518.44,1518.53,0.01,9.12,13990.6,1
2025-01-20,2025-01-20 14:43:00,1518.53,1518.63,1518.53,1518.63,0.01,9.12,13990.6,1
2025-01-20,2025-01-20 14:44:00,1518.63,1518.72,1518.63,1518.72,0.01,9.12,13990.6,1
2025-01-20,2025-01-20 14:45:00,1518.72,1518.81,1518.72,1518.81,0.01,9.12,13990.6,1
2025-01-20,2025-01-20 14:46:00,1518.81,1518.9,1518.81,1518.9,0.01,9.12,13990.6,1
2025-01-20,2025-01-20 14:47:00,1518.9,1518.99,1518.9,1518.99,0.01,9.12,13990.6,1
2025-01-20,2025-01-20 14:48:00,1518.99,1519.09,1518.99,1519.09,0.01,9.12,13990.6,1
2025-01-20,2025-01-20 14:49:00,1519.09,1519.18,1519.09,1519.18,0.01,9.12,13990.6,1
2025-01-20,2025-01-20 14:50:00,1519.18,1519.27,1519.18,1519.27,0.01,9.12,13990.6,1
2025-01-20,2025-01-20 14:51:00,1519.27,1519.36,1519.27,1519.36,0.01,9.12,13990.6,1
2025-01-20,2025-01-20 14:52:00,1519.36,1519.46,1519.36,1519.46,0.01,9.12,13990.6,1
2025-01-20,2025-01-20 14:53:00,1519.46,1519.55,1519.46,1519.55,0.01,9.12,13990.6,1
2025-01-20,2025-01-20 14:54:00,1519.55,1519.64,1519.55,1519.64,0.01,9.12,13990.6,1
2025-01-20,2025-01-20 14:55:00,1519.64,1519.73,1519.64,1519.73,0.01,9.12,13990.6,1
2025-01-20,2025-01-20 14:56:00,1519.73,1519.82,1519.73,1519.82,0.01,9.12,13990.6,1
2025-01-20,2025-01-20 14:57:00,1519.82,1519.92,1519.82,1519.92,0.01,9.12,13990.6,1
2025-01-20,2025-01-20 14:58:00,1519.92,1520.01,1519.92,1520.01,0.01,9.12,13990.6,1
2025-01-20,2025-01-20 14:59:00,1520.01,1520.1,1520.01,1520.1,0.01,9.12,13990.6,1
2025-01-20,2025-01-20 15:00:00,1520.1,1579.2,1490.0,1520.1,0.0,9.12,13990.6,0
2025-01-21,2025-01-21 11:00:00,1501.0,1520.5,1501.0,1501.1,0.01,21.32,32359.52,1
2025-01-21,2025-01-21 11:01:00,1501.1,1501.19,1501.1,1501.19,0.01,21.32,32359.52,1
2025-01-21,2025-01-21 11:02:00,1501.19,1501.29,1501.19,1501.29,0.01,21.32,32359.52,1
2025-01-21,2025-01-21 11:03:00,1501.29,1501.38,1501.29,1501.38,0.01,21.32,32359.52,1
2025-01-21,2025-01-21 11:04:00,1501.38,1501.48,1501.38,1501.48,0.01,21.32,32359.52,1
2025-01-21,2025-01-21 11:05:00,1501.48,1501.58,1501.48,1501.58,0.01,21.32,32359.52,1
2025-01-21,2025-01-21 11:06:00,1501.58,1501.67,1501.58,1501.67,0.01,21.32,32359.52,1
2025-01-21,2025-01-21 11:07:00,1501.67,1501.77,1501.67,1501.77,0.01,21.32,32359.52,1
2025-01-21,2025-01-21 11:08:00,1501.77,1501.86,1501.77,1501.86,0.01,21.32,32359.52,1
2025-01-21,2025-01-21 11:09:00,1501.86,1501.96,1501.86,1501.96,0.01,21.32,32359.52,1
2025-01-21,2025-01-21 11:10:00,1501.96,1502.05,1501.96,1502.05,0.01,21.32,32359.52,1
2025-01-21,2025-01-21 11:11:00,1502.05,1502.15,1502.05,1502.15,0.01,21.32,32359.52,1
2025-01-21,2025-01-21 11:12:00,1502.15,1502.25,1502.15,1502.25,0.01,21.32,32359.52,1
2025-01-21,2025-01-21 11:13:00,1502.25,1502.34,1502.25,1502.34,0.01,21.32,32359.52,1
2025-01-21,2025-01-21 11:14:00,1502.34,1502.44,1502.34,1502.44,0.01,21.32,32359.52,1
2025-01-21,2025-01-21 11:15:00,1502.44,1502.53,1502.44,1502.53,0.01,21.32,32359.52,1
2025-01-21,2025-01-21 11:16:00,1502.53,1502.63,1502.53,1502.63,0.01,21.32,32359.52,1
2025-01-21,2025-01-21 11:17:00,1502.63,1502.72,1502.63,1502.72,0.01,21.32,32359.52,1
2025-01-21,2025-01-21 11:18:00,1502.72,1502.82,1502.72,1502.82,0.01,21.32,32359.52,1
2025-01-21,2025-01-21 11:19:00,1502.82,1502.92,1502.82,1502.92,0.01,21.32,32359.52,1
2025-01-21,2025-01-21 11:20:00,1502.92,1503.01,1502.92,1503.01,0.01,21.32,32359.52,1
2025-01-21,2025-01-21 11:21:00,1503.01,1503.11,1503.01,1503.11,0.01,21.32,32359.52,1
2025-01-21,2025-01-21 11:22:00,1503.11,1503.2,1503.11,1503.2,0.01,21.32,32359.52,1
2025-01-21,2025-01-21 11:23:00,1503.2,1503.3,1503.2,1503.3,0.01,21.32,32359.52,1
2025-01-21,2025-01-21 11:24:00,1503.3,1503.4,1503.3,1503.4,0.01,21.32,32359.52,1
2025-01-21,2025-01-21 11:25:00,1503.4,1503.49,1503.4,1503.49,0.01,21.32,32359.52,1
2025-01-21,2025-01-21 11:26:00,1503.49,1503.59,1503.49,1503.59,0.01,21.32,32359.52,1
2025-01-21,2025-01-21 11:27:00,1503.59,1503.68,1503.59,1503.68,0.01,21.32,32359.52,1
2025-01-21,2025-01-21 11:28:00,1503.68,1503.78,1503.68,1503.78,0.01,21.32,32359.52,1
2025-01-21,2025-01-21 11:29:00,1503.78,1503.88,1503.78,1503.88,0.01,21.32,32359.52,1
2025-01-21,2025-01-21 11:30:00,1503.88,1503.97,1503.88,1503.97,0.01,21.32,32359.52,1
2025-01-21,2025-01-21 11:31:00,1503.97,1504.07,1503.97,1504.07,0.01,21.32,32359.52,1
2025-01-21,2025-01-21 11:32:00,1504.07,1504.16,1504.07,1504.16,0.01,21.32,32359.52,1
2025-01-21,2025-01-21 11:33:00,1504.16,1504.26,1504.16,1504.26,0.01,21.32,32359.52,1
2025-01-21,2025-01-21 11:34:00,1504.26,1504.35,1504.26,1504.35,0.01,21.32,32359.52,1
2025-01-21,2025-01-21 11:35:00,1504.35,1504.45,1504.35,1504.45,0.01,21.32,32359.52,1
2025-01-21,2025-01-21 11:36:00,1504.45,1504.55,1504.45,1504.55,0.01,21.32,32359.52,1
2025-01-21,2025-01-21 11:37:00,1504.55,1504.64,1504.55,1504.64,0.01,21.32,32359.52,1
2025-01-21,2025-01-21 11:38:00,1504.64,1504.74,1504.64,1504.74,0.01,21.32,32359.52,1
2025-01-21,2025-01-21 11:39:00,1504.74,1504.83,1504.74,1504.83,0.01,21.32,32359.52,1
2025-01-21,2025-01-21 11:40:00,1504.83,1504.93,1504.83,1504.93,0.01,21.32,32359.52,1
2025-01-21,2025-01-21 11:41:00,1504.93,1505.03,1504.93,1505.03,0.01,21.32,32359.52,1
2025-01-21,2025-01-21 11:42:00,1505.03,1505.12,1505.03,1505.12,0.01,21.32,32359.52,1
2025-01-21,2025-01-21 11:43:00,1505.12,1505.22,1505.12,1505.22,0.01,21.32,32359.52,1
2025-01-21,2025-01-21 11:44:00,1505.22,1505.31,1505.22,1505.31,0.01,21.32,32359.52,1
2025-01-21,2025-01-21 11:45:00,1505.31,1505.41,1505.31,1505.41,0.01,21.32,32359.52,1
2025-01-21,2025-01-21 11:46:00,1505.41,1505.5,1505.41,1505.5,0.01,21.32,32359.52,1
2025-01-21,2025-01-21 11:47:00,1505.5,1505.6,1505.5,1505.6,0.01,21.32,32359.52,1
2025-01-21,2025-01-21 11:48:00,1505.6,1505.7,1505.6,1505.7,0.01,21.32,32359.52,1
2025-01-21,2025-01-21 11:49:00,1505.7,1505.79,1505.7,1505.79,0.01,21.32,32359.52,1
2025-01-21,2025-01-21 11:50:00,1505.79,1505.89,1505.79,1505.89,0.01,21.32,32359.52,1
2025-01-21,2025-01-21 11:51:00,1505.89,1505.98,1505.89,1505.98,0.01,21.32,32359.52,1
2025-01-21,2025-01-21 11:52:00,1505.98,1506.08,1505.98,1506.08,0.01,21.32,32359.52,1
2025-01-21,2025-01-21 11:53:00,1506.08,1506.17,1506.08,1506.17,0.01,21.32,32359.52,1
2025-01-21,2025-01-21 11:54:00,1506.17,1506.27,1506.17,1506.27,0.01,21.32,32359.52,1
2025-01-21,2025-01-21 11:55:00,1506.27,1506.37,1506.27,1506.37,0.01,21.32,32359.52,1
2025-01-21,2025-01-21 11:56:00,1506.37,1506.46,1506.37,1506.46,0.01,21.32,32359.52,1
2025-01-21,2025-01-21 11:57:00,1506.46,1506.56,1506.46,1506.56,0.01,21.32,32359.52,1
2025-01-21,2025-01-21 11:58:00,1506.56,1506.65,1506.56,1506.65,0.01,21.32,32359.52,1
2025-01-21,2025-01-21 11:59:00,1506.65,1506.75,1506.65,1506.75,0.01,21.32,32359.52,1
2025-01-21,2025-01-21 12:00:00,1506.75,1506.85,1506.75,1506.85,0.01,21.32,32359.52,1
2025-01-21,2025-01-21 12:01:00,1506.85,1506.94,1506.85,1506.94,0.01,21.32,32359.52,1
2025-01-21,2025-01-21 12:02:00,1506.94,1507.04,1506.94,1507.04,0.01,21.32,32359.52,1
2025-01-21,2025-01-21 12:03:00,1507.04,1507.13,1507.04,1507.13,0.01,21.32,32359.52,1
2025-01-21,2025-01-21 12:04:00,1507.13,1507.23,1507.13,1507.23,0.01,21.32,32359.52,1
2025-01-21,2025-01-21 12:05:00,1507.23,1507.33,1507.23,1507.33,0.01,21.32,32359.52,1
2025-01-21,2025-01-21 12:06:00,1507.33,1507.42,1507.33,1507.42,0.01,21.32,32359.52,1
2025-01-21,2025-01-21 12:07:00,1507.42,1507.52,1507.42,1507.52,0.01,21.32,32359.52,1
2025-01-21,2025-01-21 12:08:00,1507.52,1507.61,1507.52,1507.61,0.01,21.32,32359.52,1
2025-01-21,2025-01-21 12:09:00,1507.61,1507.71,1507.61,1507.71,0.01,21.32,32359.52,1
2025-01-21,2025-01-21 12:10:00,1507.71,1507.8,1507.71,1507.8,0.01,21.32,32359.52,1
2025-01-21,2025-01-21 12:11:00,1507.8,1507.9,1507.8,1507.9,0.01,21.32,32359.52,1
2025-01-21,2025-01-21 12:12:00,1507.9,1508.0,1507.9,1508.0,0.01,21.32,32359.52,1
2025-01-21,2025-01-21 12:13:00,1508.0,1508.09,1508.0,1508.09,0.01,21.32,32359.52,1
2025-01-21,2025-01-21 12:14:00,1508.09,1508.19,1508.09,1508.19,0.01,21.32,32359.52,1
2025-01-21,2025-01-21 12:15:00,1508.19,1508.28,1508.19,1508.28,0.01,21.32,32359.52,1
2025-01-21,2025-01-21 12:16:00,1508.28,1508.38,1508.28,1508.38,0.01,21.32,32359.52,1
2025-01-21,2025-01-21 12:17:00,1508.38,1508.47,1508.38,1508.47,0.01,21.32,32359.52,1
2025-01-21,2025-01-21 12:18:00,1508.47,1508.57,1508.47,1508.57,0.01,21.32,32359.52,1
2025-01-21,2025-01-21 12:19:00,1508.57,1508.67,1508.57,1508.67,0.01,21.32,32359.52,1
2025-01-21,2025-01-21 12:20:00,1508.67,1508.76,1508.67,1508.76,0.01,21.32,32359.52,1
2025-01-21,2025-01-21 12:21:00,1508.76,1508.86,1508.76,1508.86,0.01,21.32,32359.52,1
2025-01-21,2025-01-21 12:22:00,1508.86,1508.95,1508.86,1508.95,0.01,21.32,32359.52,1
2025-01-21,2025-01-21 12:23:00,1508.95,1509.05,1508.95,1509.05,0.01,21.32,32359.52,1
2025-01-21,2025-01-21 12:24:00,1509.05,1509.15,1509.05,1509.15,0.01,21.32,32359.52,1
2025-01-21,2025-01-21 12:25:00,1509.15,1509.24,1509.15,1509.24,0.01,21.32,32359.52,1
2025-01-21,2025-01-21 12:26:00,1509.24,1509.34,1509.24,1509.34,0.01,21.32,32359.52,1
2025-01-21,2025-01-21 12:27:00,1509.34,1509.43,1509.34,1509.43,0.01,21.32,32359.52,1
2025-01-21,2025-01-21 12:28:00,1509.43,1509.53,1509.43,1509.53,0.01,21.32,32359.52,1
2025-01-21,2025-01-21 12:29:00,1509.53,1509.62,1509.53,1509.62,0.01,21.32,32359.52,1
2025-01-21,2025-01-21 12:30:00,1509.62,1509.72,1509.62,1509.72,0.01,21.32,32359.52,1
2025-01-21,2025-01-21 12:31:00,1509.72,1509.82,1509.72,1509.82,0.01,21.32,32359.52,1
2025-01-21,2025-01-21 12:32:00,1509.82,1509.91,1509.82,1509.91,0.01,21.32,32359.52,1
2025-01-21,2025-01-21 12:33:00,1509.91,1510.01,1509.91,1510.01,0.01,21.32,32359.52,1
2025-01-21,2025-01-21 12:34:00,1510.01,1510.1,1510.01,1510.1,0.01,21.32,32359.52,1
2025-01-21,2025-01-21 12:35:00,1510.1,1510.2,1510.1,1510.2,0.01,21.32,32359.52,1
2025-01-21,2025-01-21 12:36:00,1510.2,1510.3,1510.2,1510.3,0.01,21.32,32359.52,1
2025-01-21,2025-01-21 12:37:00,1510.3,1510.39,1510.3,1510.39,0.01,21.32,32359.52,1
2025-01-21,2025-01-21 12:38:00,1510.39,1510.49,1510.39,1510.49,0.01,21.32,32359.52,1
2025-01-21,2025-01-21 12:39:00,1510.49,1510.58,1510.49,1510.58,0.01,21.32,32359.52,1
2025-01-21,2025-01-21 12:40:00,1510.58,1510.68,1510.58,1510.68,0.01,21.32,32359.52,1
2025-01-21,2025-01-21 12:41:00,1510.68,1510.78,1510.68,1510.78,0.01,21.32,32359.52,1
2025-01-21,2025-01-21 12:42:00,1510.78,1510.87,1510.78,1510.87,0.01,21.32,32359.52,1
2025-01-21,2025-01-21 12:43:00,1510.87,1510.97,1510.87,1510.97,0.01,21.32,32359.52,1
2025-01-21,2025-01-21 12:44:00,1510.97,1511.06,1510.97,1511.06,0.01,21.32,32359.52,1
2025-01-21,2025-01-21 12:45:00,1511.06,1511.16,1511.06,1511.16,0.01,21.32,32359.52,1
2025-01-21,2025-01-21 12:46:00,1511.16,1511.25,1511.16,1511.25,0.01,21.32,32359.52,1
2025-01-21,2025-01-21 12:47:00,1511.25,1511.35,1511.25,1511.35,0.01,21.32,32359.52,1
2025-01-21,2025-01-21 12:48:00,1511.35,1511.45,1511.35,1511.45,0.01,21.32,32359.52,1
2025-01-21,2025-01-21 12:49:00,1511.45,1511.54,1511.45,1511.54,0.01,21.32,32359.52,1
2025-01-21,2025-01-21 12:50:00,1511.54,1511.64,1511.54,1511.64,0.01,21.32,32359.52,1
2025-01-21,2025-01-21 12:51:00,1511.64,1511.73,1511.64,1511.73,0.01,21.32,32359.52,1
2025-01-21,2025-01-21 12:52:00,1511.73,1511.83,1511.73,1511.83,0.01,21.32,32359.52,1
2025-01-21,2025-01-21 12:53:00,1511.83,1511.92,1511.83,1511.92,0.01,21.32,32359.52,1
2025-01-21,2025-01-21 12:54:00,1511.92,1512.02,1511.92,1512.02,0.01,21.32,32359.52,1
2025-01-21,2025-01-21 12:55:00,1512.02,1512.12,1512.02,1512.12,0.01,21.32,32359.52,1
2025-01-21,2025-01-21 12:56:00,1512.12,1512.21,1512.12,1512.21,0.01,21.32,32359.52,1
2025-01-21,2025-01-21 12:57:00,1512.21,1512.31,1512.21,1512.31,0.01,21.32,32359.52,1
2025-01-21,2025-01-21 12:58:00,1512.31,1512.4,1512.31,1512.4,0.01,21.32,32359.52,1
2025-01-21,2025-01-21 12:59:00,1512.4,1512.5,1512.4,1512.5,0.01,21.32,32359.52,1
2025-01-21,2025-01-21 13:00:00,1512.5,1566.0,1501.0,1512.6,0.01,21.32,32359.52,1
2025-01-21,2025-01-21 13:01:00,1512.6,1512.69,1512.6,1512.69,0.01,21.32,32359.52,1
2025-01-21,2025-01-21 13:02:00,1512.69,1512.79,1512.69,1512.79,0.01,21.32,32359.52,1
2025-01-21,2025-01-21 13:03:00,1512.79,1512.88,1512.79,1512.88,0.01,21.32,32359.52,1
2025-01-21,2025-01-21 13:04:00,1512.88,1512.98,1512.88,1512.98,0.01,21.32,32359.52,1
2025-01-21,2025-01-21 13:05:00,1512.98,1513.08,1512.98,1513.08,0.01,21.32,32359.52,1
2025-01-21,2025-01-21 13:06:00,1513.08,1513.17,1513.08,1513.17,0.01,21.32,32359.52,1
2025-01-21,2025-01-21 13:07:00,1513.17,1513.27,1513.17,1513.27,0.01,21.32,32359.52,1
2025-01-21,2025-01-21 13:08:00,1513.27,1513.36,1513.27,1513.36,0.01,21.32,32359.52,1
2025-01-21,2025-01-21 13:09:00,1513.36,1513.46,1513.36,1513.46,0.01,21.32,32359.52,1
2025-01-21,2025-01-21 13:10:00,1513.46,1513.55,1513.46,1513.55,0.01,21.32,32359.52,1
2025-01-21,2025-01-21 13:11:00,1513.55,1513.65,1513.55,1513.65,0.01,21.32,32359.52,1
2025-01-21,2025-01-21 13:12:00,1513.65,1513.75,1513.65,1513.75,0.01,21.32,32359.52,1
2025-01-21,2025-01-21 13:13:00,1513.75,1513.84,1513.75,1513.84,0.01,21.32,32359.52,1
2025-01-21,2025-01-21 13:14:00,1513.84,1513.94,1513.84,1513.94,0.01,21.32,32359.52,1
2025-01-21,2025-01-21 13:15:00,1513.94,1514.03,1513.94,1514.03,0.01,21.32,32359.52,1
2025-01-21,2025-01-21 13:16:00,1514.03,1514.13,1514.03,1514.13,0.01,21.32,32359.52,1
2025-01-21,2025-01-21 13:17:00,1514.13,1514.22,1514.13,1514.22,0.01,21.32,32359.52,1
2025-01-21,2025-01-21 13:18:00,1514.22,1514.32,1514.22,1514.32,0.01,21.32,32359.52,1
2025-01-21,2025-01-21 13:19:00,1514.32,1514.42,1514.32,1514.42,0.01,21.32,32359.52,1
2025-01-21,2025-01-21 13:20:00,1514.42,1514.51,1514.42,1514.51,0.01,21.32,32359.52,1
2025-01-21,2025-01-21 13:21:00,1514.51,1514.61,1514.51,1514.61,0.01,21.32,32359.52,1
2025-01-21,2025-01-21 13:22:00,1514.61,1514.7,1514.61,1514.7,0.01,21.32,32359.52,1
2025-01-21,2025-01-21 13:23:00,1514.7,1514.8,1514.7,1514.8,0.01,21.32,32359.52,1
2025-01-21,2025-01-21 13:24:00,1514.8,1514.9,1514.8,1514.9,0.01,21.32,32359.52,1
2025-01-21,2025-01-21 13:25:00,1514.9,1514.99,1514.9,1514.99,0.01,21.32,32359.52,1
2025-01-21,2025-01-21 13:26:00,1514.99,1515.09,1514.99,1515.09,0.01,21.32,32359.52,1
2025-01-21,2025-01-21 13:27:00,1515.09,1515.18,1515.09,1515.18,0.01,21.32,32359.52,1
2025-01-21,2025-01-21 13:28:00,1515.18,1515.28,1515.18,1515.28,0.01,21.32,32359.52,1
2025-01-21,2025-01-21 13:29:00,1515.28,1515.38,1515.28,1515.38,0.01,21.32,32359.52,1
2025-01-21,2025-01-21 13:30:00,1515.38,1515.47,1515.38,1515.47,0.01,21.32,32359.52,1
2025-01-21,2025-01-21 13:31:00,1515.47,1515.57,1515.47,1515.57,0.01,21.32,32359.52,1
2025-01-21,2025-01-21 13:32:00,1515.57,1515.66,1515.57,1515.66,0.01,21.32,32359.52,1
2025-01-21,2025-01-21 13:33:00,1515.66,1515.76,1515.66,1515.76,0.01,21.32,32359.52,1
2025-01-21,2025-01-21 13:34:00,1515.76,1515.85,1515.76,1515.85,0.01,21.32,32359.52,1
2025-01-21,2025-01-21 13:35:00,1515.85,1515.95,1515.85,1515.95,0.01,21.32,32359.52,1
2025-01-21,2025-01-21 13:36:00,1515.95,1516.05,1515.95,1516.05,0.01,21.32,32359.52,1
2025-01-21,2025-01-21 13:37:00,1516.05,1516.14,1516.05,1516.14,0.01,21.32,32359.52,1
2025-01-21,2025-01-21 13:38:00,1516.14,1516.24,1516.14,1516.24,0.01,21.32,32359.52,1
2025-01-21,2025-01-21 13:39:00,1516.24,1516.33,1516.24,1516.33,0.01,21.32,32359.52,1
2025-01-21,2025-01-21 13:40:00,1516.33,1516.43,1516.33,1516.43,0.01,21.32,32359.52,1
2025-01-21,2025-01-21 13:41:00,1516.43,1516.53,1516.43,1516.53,0.01,21.32,32359.52,1
2025-01-21,2025-01-21 13:42:00,1516.53,1516.62,1516.53,1516.62,0.01,21.32,32359.52,1
2025-01-21,2025-01-21 13:43:00,1516.62,1516.72,1516.62,1516.72,0.01,21.32,32359.52,1
2025-01-21,2025-01-21 13:44:00,1516.72,1516.81,1516.72,1516.81,0.01,21.32,32359.52,1
2025-01-21,2025-01-21 13:45:00,1516.81,1516.91,1516.81,1516.91,0.01,21.32,32359.52,1
2025-01-21,2025-01-21 13:46:00,1516.91,1517.0,1516.91,1517.0,0.01,21.32,32359.52,1
2025-01-21,2025-01-21 13:47:00,1517.0,1517.1,1517.0,1517.1,0.01,21.32,32359.52,1
2025-01-21,2025-01-21 13:48:00,1517.1,1517.2,1517.1,1517.2,0.01,21.32,32359.52,1
2025-01-21,2025-01-21 13:49:00,1517.2,1517.29,1517.2,1517.29,0.01,21.32,32359.52,1
2025-01-21,2025-01-21 13:50:00,1517.29,1517.39,1517.29,1517.39,0.01,21.32,32359.52,1
2025-01-21,2025-01-21 13:51:00,1517.39,1517.48,1517.39,1517.48,0.01,21.32,32359.52,1
2025-01-21,2025-01-21 13:52:00,1517.48,1517.58,1517.48,1517.58,0.01,21.32,32359.52,1
2025-01-21,2025-01-21 13:53:00,1517.58,1517.67,1517.58,1517.67,0.01,21.32,32359.52,1
2025-01-21,2025-01-21 13:54:00,1517.67,1517.77,1517.67,1517.77,0.01,21.32,32359.52,1
2025-01-21,2025-01-21 13:55:00,1517.77,1517.87,1517.77,1517.87,0.01,21.32,32359.52,1
2025-01-21,2025-01-21 13:56:00,1517.87,1517.96,1517.87,1517.96,0.01,21.32,32359.52,1
2025-01-21,2025-01-21 13:57:00,1517.96,1518.06,1517.96,1518.06,0.01,21.32,32359.52,1
2025-01-21,2025-01-21 13:58:00,1518.06,1518.15,1518.06,1518.15,0.01,21.32,32359.52,1
2025-01-21,2025-01-21 13:59:00,1518.15,1518.25,1518.15,1518.25,0.01,21.32,32359.52,1
2025-01-21,2025-01-21 14:00:00,1518.25,1518.35,1518.25,1518.35,0.01,21.32,32359.52,1
2025-01-21,2025-01-21 14:01:00,1518.35,1518.44,1518.35,1518.44,0.01,21.32,32359.52,1
2025-01-21,2025-01-21 14:02:00,1518.44,1518.54,1518.44,1518.54,0.01,21.32,32359.52,1
2025-01-21,2025-01-21 14:03:00,1518.54,1518.63,1518.54,1518.63,0.01,21.32,32359.52,1
2025-01-21,2025-01-21 14:04:00,1518.63,1518.73,1518.63,1518.73,0.01,21.32,32359.52,1
2025-01-21,2025-01-21 14:05:00,1518.73,1518.83,1518.73,1518.83,0.01,21.32,32359.52,1
2025-01-21,2025-01-21 14:06:00,1518.83,1518.92,1518.83,1518.92,0.01,21.32,32359.52,1
2025-01-21,2025-01-21 14:07:00,1518.92,1519.02,1518.92,1519.02,0.01,21.32,32359.52,1
2025-01-21,2025-01-21 14:08:00,1519.02,1519.11,1519.02,1519.11,0.01,21.32,32359.52,1
2025-01-21,2025-01-21 14:09:00,1519.11,1519.21,1519.11,1519.21,0.01,21.32,32359.52,1
2025-01-21,2025-01-21 14:10:00,1519.21,1519.3,1519.21,1519.3,0.01,21.32,32359.52,1
2025-01-21,2025-01-21 14:11:00,1519.3,1519.4,1519.3,1519.4,0.01,21.32,32359.52,1
2025-01-21,2025-01-21 14:12:00,1519.4,1519.5,1519.4,1519.5,0.01,21.32,32359.52,1
2025-01-21,2025-01-21 14:13:00,1519.5,1519.59,1519.5,1519.59,0.01,21.32,32359.52,1
2025-01-21,2025-01-21 14:14:00,1519.59,1519.69,1519.59,1519.69,0.01,21.32,32359.52,1
2025-01-21,2025-01-21 14:15:00,1519.69,1519.78,1519.69,1519.78,0.01,21.32,32359.52,1
2025-01-21,2025-01-21 14:16:00,1519.78,1519.88,1519.78,1519.88,0.01,21.32,32359.52,1
2025-01-21,2025-01-21 14:17:00,1519.88,1519.97,1519.88,1519.97,0.01,21.32,32359.52,1
2025-01-21,2025-01-21 14:18:00,1519.97,1520.07,1519.97,1520.07,0.01,21.32,32359.52,1
2025-01-21,2025-01-21 14:19:00,1520.07,1520.17,1520.07,1520.17,0.01,21.32,32359.52,1
2025-01-21,2025-01-21 14:20:00,1520.17,1520.26,1520.17,1520.26,0.01,21.32,32359.52,1
2025-01-21,2025-01-21 14:21:00,1520.26,1520.36,1520.26,1520.36,0.01,21.32,32359.52,1
2025-01-21,2025-01-21 14:22:00,1520.36,1520.45,1520.36,1520.45,0.01,21.32,32359.52,1
2025-01-21,2025-01-21 14:23:00,1520.45,1520.55,1520.45,1520.55,0.01,21.32,32359.52,1
2025-01-21,2025-01-21 14:24:00,1520.55,1520.65,1520.55,1520.65,0.01,21.32,32359.52,1
2025-01-21,2025-01-21 14:25:00,1520.65,1520.74,1520.65,1520.74,0.01,21.32,32359.52,1
2025-01-21,2025-01-21 14:26:00,1520.74,1520.84,1520.74,1520.84,0.01,21.32,32359.52,1
2025-01-21,2025-01-21 14:27:00,1520.84,1520.93,1520.84,1520.93,0.01,21.32,32359.52,1
2025-01-21,2025-01-21 14:28:00,1520.93,1521.03,1520.93,1521.03,0.01,21.32,32359.52,1
2025-01-21,2025-01-21 14:29:00,1521.03,1521.12,1521.03,1521.12,0.01,21.32,32359.52,1
2025-01-21,2025-01-21 14:30:00,1521.12,1521.22,1521.12,1521.22,0.01,21.32,32359.52,1
2025-01-21,2025-01-21 14:31:00,1521.22,1521.32,1521.22,1521.32,0.01,21.32,32359.52,1
2025-01-21,2025-01-21 14:32:00,1521.32,1521.41,1521.32,1521.41,0.01,21.32,32359.52,1
2025-01-21,2025-01-21 14:33:00,1521.41,1521.51,1521.41,1521.51,0.01,21.32,32359.52,1
2025-01-21,2025-01-21 14:34:00,1521.51,1521.6,1521.51,1521.6,0.01,21.32,32359.52,1
2025-01-21,2025-01-21 14:35:00,1521.6,1521.7,1521.6,1521.7,0.01,21.32,32359.52,1
2025-01-21,2025-01-21 14:36:00,1521.7,1521.8,1521.7,1521.8,0.01,21.32,32359.52,1
2025-01-21,2025-01-21 14:37:00,1521.8,1521.89,1521.8,1521.89,0.01,21.32,32359.52,1
2025-01-21,2025-01-21 14:38:00,1521.89,1521.99,1521.89,1521.99,0.01,21.32,32359.52,1
2025-01-21,2025-01-21 14:39:00,1521.99,1522.08,1521.99,1522.08,0.01,21.32,32359.52,1
2025-01-21,2025-01-21 14:40:00,1522.08,1522.18,1522.08,1522.18,0.01,21.32,32359.52,1
2025-01-21,2025-01-21 14:41:00,1522.18,1522.28,1522.18,1522.28,0.01,21.32,32359.52,1
2025-01-21,2025-01-21 14:42:00,1522.28,1522.37,1522.28,1522.37,0.01,21.32,32359.52,1
2025-01-21,2025-01-21 14:43:00,1522.37,1522.47,1522.37,1522.47,0.01,21.32,32359.52,1
2025-01-21,2025-01-21 14:44:00,1522.47,1522.56,1522.47,1522.56,0.01,21.32,32359.52,1
2025-01-21,2025-01-21 14:45:00,1522.56,1522.66,1522.56,1522.66,0.01,21.32,32359.52,1
2025-01-21,2025-01-21 14:46:00,1522.66,1522.75,1522.66,1522.75,0.01,21.32,32359.52,1
2025-01-21,2025-01-21 14:47:00,1522.75,1522.85,1522.75,1522.85,0.01,21.32,32359.52,1
2025-01-21,2025-01-21 14:48:00,1522.85,1522.95,1522.85,1522.95,0.01,21.32,32359.52,1
2025-01-21,2025-01-21 14:49:00,1522.95,1523.04,1522.95,1523.04,0.01,21.32,32359.52,1
2025-01-21,2025-01-21 14:50:00,1523.04,1523.14,1523.04,1523.14,0.01,21.32,32359.52,1
2025-01-21,2025-01-21 14:51:00,1523.14,1523.23,1523.14,1523.23,0.01,21.32,32359.52,1
2025-01-21,2025-01-21 14:52:00,1523.23,1523.33,1523.23,1523.33,0.01,21.32,32359.52,1
2025-01-21,2025-01-21 14:53:00,1523.33,1523.42,1523.33,1523.42,0.01,21.32,32359.52,1
2025-01-21,2025-01-21 14:54:00,1523.42,1523.52,1523.42,1523.52,0.01,21.32,32359.52,1
2025-01-21,2025-01-21 14:55:00,1523.52,1523.62,1523.52,1523.62,0.01,21.32,32359.52,1
2025-01-21,2025-01-21 14:56:00,1523.62,1523.71,1523.62,1523.71,0.01,21.32,32359.52,1
2025-01-21,2025-01-21 14:57:00,1523.71,1523.81,1523.71,1523.81,0.01,21.32,32359.52,1
2025-01-21,2025-01-21 14:58:00,1523.81,1523.9,1523.81,1523.9,0.01,21.32,32359.52,1
2025-01-21,2025-01-21 14:59:00,1523.9,1524.0,1523.9,1524.0,0.01,21.32,32359.52,1
2025-01-21,2025-01-21 15:00:00,1524.0,1566.0,1501.0,1524.0,0.0,21.32,32359.52,0
2025-01-22,2025-01-22 11:00:00,1515.0,1528.47,1515.0,1515.12,0.01,18.31,28192.91,1
2025-01-22,2025-01-22 11:01:00,1515.12,1515.23,1515.12,1515.23,0.01,18.31,28192.91,1
2025-01-22,2025-01-22 11:02:00,1515.23,1515.35,1515.23,1515.35,0.01,18.31,28192.91,1
2025-01-22,2025-01-22 11:03:00,1515.35,1515.47,1515.35,1515.47,0.01,18.31,28192.91,1
2025-01-22,2025-01-22 11:04:00,1515.47,1515.59,1515.47,1515.59,0.01,18.31,28192.91,1
2025-01-22,2025-01-22 11:05:00,1515.59,1515.7,1515.59,1515.7,0.01,18.31,28192.91,1
2025-01-22,2025-01-22 11:06:00,1515.7,1515.82,1515.7,1515.82,0.01,18.31,28192.91,1
2025-01-22,2025-01-22 11:07:00,1515.82,1515.94,1515.82,1515.94,0.01,18.31,28192.91,1
2025-01-22,2025-01-22 11:08:00,1515.94,1516.05,1515.94,1516.05,0.01,18.31,28192.91,1
2025-01-22,2025-01-22 11:09:00,1516.05,1516.17,1516.05,1516.17,0.01,18.31,28192.91,1
2025-01-22,2025-01-22 11:10:00,1516.17,1516.29,1516.17,1516.29,0.01,18.31,28192.91,1
2025-01-22,2025-01-22 11:11:00,1516.29,1516.4,1516.29,1516.4,0.01,18.31,28192.91,1
2025-01-22,2025-01-22 11:12:00,1516.4,1516.52,1516.4,1516.52,0.01,18.31,28192.91,1
2025-01-22,2025-01-22 11:13:00,1516.52,1516.64,1516.52,1516.64,0.01,18.31,28192.91,1
2025-01-22,2025-01-22 11:14:00,1516.64,1516.76,1516.64,1516.76,0.01,18.31,28192.91,1
2025-01-22,2025-01-22 11:15:00,1516.76,1516.87,1516.76,1516.87,0.01,18.31,28192.91,1
2025-01-22,2025-01-22 11:16:00,1516.87,1516.99,1516.87,1516.99,0.01,18.31,28192.91,1
2025-01-22,2025-01-22 11:17:00,1516.99,1517.11,1516.99,1517.11,0.01,18.31,28192.91,1
2025-01-22,2025-01-22 11:18:00,1517.11,1517.22,1517.11,1517.22,0.01,18.31,28192.91,1
2025-01-22,2025-01-22 11:19:00,1517.22,1517.34,1517.22,1517.34,0.01,18.31,28192.91,1
2025-01-22,2025-01-22 11:20:00,1517.34,1517.46,1517.34,1517.46,0.01,18.31,28192.91,1
2025-01-22,2025-01-22 11:21:00,1517.46,1517.58,1517.46,1517.58,0.01,18.31,28192.91,1
2025-01-22,2025-01-22 11:22:00,1517.58,1517.69,1517.58,1517.69,0.01,18.31,28192.91,1
2025-01-22,2025-01-22 11:23:00,1517.69,1517.81,1517.69,1517.81,0.01,18.31,28192.91,1
2025-01-22,2025-01-22 11:24:00,1517.81,1517.93,1517.81,1517.93,0.01,18.31,28192.91,1
2025-01-22,2025-01-22 11:25:00,1517.93,1518.04,1517.93,1518.04,0.01,18.31,28192.91,1
2025-01-22,2025-01-22 11:26:00,1518.04,1518.16,1518.04,1518.16,0.01,18.31,28192.91,1
2025-01-22,2025-01-22 11:27:00,1518.16,1518.28,1518.16,1518.28,0.01,18.31,28192.91,1
2025-01-22,2025-01-22 11:28:00,1518.28,1518.4,1518.28,1518.4,0.01,18.31,28192.91,1
2025-01-22,2025-01-22 11:29:00,1518.4,1518.51,1518.4,1518.51,0.01,18.31,28192.91,1
2025-01-22,2025-01-22 11:30:00,1518.51,1518.63,1518.51,1518.63,0.01,18.31,28192.91,1
2025-01-22,2025-01-22 11:31:00,1518.63,1518.75,1518.63,1518.75,0.01,18.31,28192.91,1
2025-01-22,2025-01-22 11:32:00,1518.75,1518.86,1518.75,1518.86,0.01,18.31,28192.91,1
2025-01-22,2025-01-22 11:33:00,1518.86,1518.98,1518.86,1518.98,0.01,18.31,28192.91,1
2025-01-22,2025-01-22 11:34:00,1518.98,1519.1,1518.98,1519.1,0.01,18.31,28192.91,1
2025-01-22,2025-01-22 11:35:00,1519.1,1519.21,1519.1,1519.21,0.01,18.31,28192.91,1
2025-01-22,2025-01-22 11:36:00,1519.21,1519.33,1519.21,1519.33,0.01,18.31,28192.91,1
2025-01-22,2025-01-22 11:37:00,1519.33,1519.45,1519.33,1519.45,0.01,18.31,28192.91,1
2025-01-22,2025-01-22 11:38:00,1519.45,1519.57,1519.45,1519.57,0.01,18.31,28192.91,1
2025-01-22,2025-01-22 11:39:00,1519.57,1519.68,1519.57,1519.68,0.01,18.31,28192.91,1
2025-01-22,2025-01-22 11:40:00,1519.68,1519.8,1519.68,1519.8,0.01,18.31,28192.91,1
2025-01-22,2025-01-22 11:41:00,1519.8,1519.92,1519.8,1519.92,0.01,18.31,28192.91,1
2025-01-22,2025-01-22 11:42:00,1519.92,1520.03,1519.92,1520.03,0.01,18.31,28192.91,1
2025-01-22,2025-01-22 11:43:00,1520.03,1520.15,1520.03,1520.15,0.01,18.31,28192.91,1
2025-01-22,2025-01-22 11:44:00,1520.15,1520.27,1520.15,1520.27,0.01,18.31,28192.91,1
2025-01-22,2025-01-22 11:45:00,1520.27,1520.39,1520.27,1520.39,0.01,18.31,28192.91,1
2025-01-22,2025-01-22 11:46:00,1520.39,1520.5,1520.39,1520.5,0.01,18.31,28192.91,1
2025-01-22,2025-01-22 11:47:00,1520.5,1520.62,1520.5,1520.62,0.01,18.31,28192.91,1
2025-01-22,2025-01-22 11:48:00,1520.62,1520.74,1520.62,1520.74,0.01,18.31,28192.91,1
2025-01-22,2025-01-22 11:49:00,1520.74,1520.85,1520.74,1520.85,0.01,18.31,28192.91,1
2025-01-22,2025-01-22 11:50:00,1520.85,1520.97,1520.85,1520.97,0.01,18.31,28192.91,1
2025-01-22,2025-01-22 11:51:00,1520.97,1521.09,1520.97,1521.09,0.01,18.31,28192.91,1
2025-01-22,2025-01-22 11:52:00,1521.09,1521.21,1521.09,1521.21,0.01,18.31,28192.91,1
2025-01-22,2025-01-22 11:53:00,1521.21,1521.32,1521.21,1521.32,0.01,18.31,28192.91,1
2025-01-22,2025-01-22 11:54:00,1521.32,1521.44,1521.32,1521.44,0.01,18.31,28192.91,1
2025-01-22,2025-01-22 11:55:00,1521.44,1521.56,1521.44,1521.56,0.01,18.31,28192.91,1
2025-01-22,2025-01-22 11:56:00,1521.56,1521.67,1521.56,1521.67,0.01,18.31,28192.91,1
2025-01-22,2025-01-22 11:57:00,1521.67,1521.79,1521.67,1521.79,0.01,18.31,28192.91,1
2025-01-22,2025-01-22 11:58:00,1521.79,1521.91,1521.79,1521.91,0.01,18.31,28192.91,1
2025-01-22,2025-01-22 11:59:00,1521.91,1522.03,1521.91,1522.03,0.01,18.31,28192.91,1
2025-01-22,2025-01-22 12:00:00,1522.03,1522.14,1522.03,1522.14,0.01,18.31,28192.91,1
2025-01-22,2025-01-22 12:01:00,1522.14,1522.26,1522.14,1522.26,0.01,18.31,28192.91,1
2025-01-22,2025-01-22 12:02:00,1522.26,1522.38,1522.26,1522.38,0.01,18.31,28192.91,1
2025-01-22,2025-01-22 12:03:00,1522.38,1522.49,1522.38,1522.49,0.01,18.31,28192.91,1
2025-01-22,2025-01-22 12:04:00,1522.49,1522.61,1522.49,1522.61,0.01,18.31,28192.91,1
2025-01-22,2025-01-22 12:05:00,1522.61,1522.73,1522.61,1522.73,0.01,18.31,28192.91,1
2025-01-22,2025-01-22 12:06:00,1522.73,1522.84,1522.73,1522.84,0.01,18.31,28192.91,1
2025-01-22,2025-01-22 12:07:00,1522.84,1522.96,1522.84,1522.96,0.01,18.31,28192.91,1
2025-01-22,2025-01-22 12:08:00,1522.96,1523.08,1522.96,1523.08,0.01,18.31,28192.91,1
2025-01-22,2025-01-22 12:09:00,1523.08,1523.2,1523.08,1523.2,0.01,18.31,28192.91,1
2025-01-22,2025-01-22 12:10:00,1523.2,1523.31,1523.2,1523.31,0.01,18.31,28192.91,1
2025-01-22,2025-01-22 12:11:00,1523.31,1523.43,1523.31,1523.43,0.01,18.31,28192.91,1
2025-01-22,2025-01-22 12:12:00,1523.43,1523.55,1523.43,1523.55,0.01,18.31,28192.91,1
2025-01-22,2025-01-22 12:13:00,1523.55,1523.66,1523.55,1523.66,0.01,18.31,28192.91,1
2025-01-22,2025-01-22 12:14:00,1523.66,1523.78,1523.66,1523.78,0.01,18.31,28192.91,1
2025-01-22,2025-01-22 12:15:00,1523.78,1523.9,1523.78,1523.9,0.01,18.31,28192.91,1
2025-01-22,2025-01-22 12:16:00,1523.9,1524.02,1523.9,1524.02,0.01,18.31,28192.91,1
2025-01-22,2025-01-22 12:17:00,1524.02,1524.13,1524.02,1524.13,0.01,18.31,28192.91,1
2025-01-22,2025-01-22 12:18:00,1524.13,1524.25,1524.13,1524.25,0.01,18.31,28192.91,1
2025-01-22,2025-01-22 12:19:00,1524.25,1524.37,1524.25,1524.37,0.01,18.31,28192.91,1
2025-01-22,2025-01-22 12:20:00,1524.37,1524.48,1524.37,1524.48,0.01,18.31,28192.91,1
2025-01-22,2025-01-22 12:21:00,1524.48,1524.6,1524.48,1524.6,0.01,18.31,28192.91,1
2025-01-22,2025-01-22 12:22:00,1524.6,1524.72,1524.6,1524.72,0.01,18.31,28192.91,1
2025-01-22,2025-01-22 12:23:00,1524.72,1524.84,1524.72,1524.84,0.01,18.31,28192.91,1
2025-01-22,2025-01-22 12:24:00,1524.84,1524.95,1524.84,1524.95,0.01,18.31,28192.91,1
2025-01-22,2025-01-22 12:25:00,1524.95,1525.07,1524.95,1525.07,0.01,18.31,28192.91,1
2025-01-22,2025-01-22 12:26:00,1525.07,1525.19,1525.07,1525.19,0.01,18.31,28192.91,1
2025-01-22,2025-01-22 12:27:00,1525.19,1525.3,1525.19,1525.3,0.01,18.31,28192.91,1
2025-01-22,2025-01-22 12:28:00,1525.3,1525.42,1525.3,1525.42,0.01,18.31,28192.91,1
2025-01-22,2025-01-22 12:29:00,1525.42,1525.54,1525.42,1525.54,0.01,18.31,28192.91,1
2025-01-22,2025-01-22 12:30:00,1525.54,1525.65,1525.54,1525.65,0.01,18.31,28192.91,1
2025-01-22,2025-01-22 12:31:00,1525.65,1525.77,1525.65,1525.77,0.01,18.31,28192.91,1
2025-01-22,2025-01-22 12:32:00,1525.77,1525.89,1525.77,1525.89,0.01,18.31,28192.91,1
2025-01-22,2025-01-22 12:33:00,1525.89,1526.01,1525.89,1526.01,0.01,18.31,28192.91,1
2025-01-22,2025-01-22 12:34:00,1526.01,1526.12,1526.01,1526.12,0.01,18.31,28192.91,1
2025-01-22,2025-01-22 12:35:00,1526.12,1526.24,1526.12,1526.24,0.01,18.31,28192.91,1
2025-01-22,2025-01-22 12:36:00,1526.24,1526.36,1526.24,1526.36,0.01,18.31,28192.91,1
2025-01-22,2025-01-22 12:37:00,1526.36,1526.47,1526.36,1526.47,0.01,18.31,28192.91,1
2025-01-22,2025-01-22 12:38:00,1526.47,1526.59,1526.47,1526.59,0.01,18.31,28192.91,1
2025-01-22,2025-01-22 12:39:00,1526.59,1526.71,1526.59,1526.71,0.01,18.31,28192.91,1
2025-01-22,2025-01-22 12:40:00,1526.71,1526.83,1526.71,1526.83,0.01,18.31,28192.91,1
2025-01-22,2025-01-22 12:41:00,1526.83,1526.94,1526.83,1526.94,0.01,18.31,28192.91,1
2025-01-22,2025-01-22 12:42:00,1526.94,1527.06,1526.94,1527.06,0.01,18.31,28192.91,1
2025-01-22,2025-01-22 12:43:00,1527.06,1527.18,1527.06,1527.18,0.01,18.31,28192.91,1
2025-01-22,2025-01-22 12:44:00,1527.18,1527.29,1527.18,1527.29,0.01,18.31,28192.91,1
2025-01-22,2025-01-22 12:45:00,1527.29,1527.41,1527.29,1527.41,0.01,18.31,28192.91,1
2025-01-22,2025-01-22 12:46:00,1527.41,1527.53,1527.41,1527.53,0.01,18.31,28192.91,1
2025-01-22,2025-01-22 12:47:00,1527.53,1527.64,1527.53,1527.64,0.01,18.31,28192.91,1
2025-01-22,2025-01-22 12:48:00,1527.64,1527.76,1527.64,1527.76,0.01,18.31,28192.91,1
2025-01-22,2025-01-22 12:49:00,1527.76,1527.88,1527.76,1527.88,0.01,18.31,28192.91,1
2025-01-22,2025-01-22 12:50:00,1527.88,1528.0,1527.88,1528.0,0.01,18.31,28192.91,1
2025-01-22,2025-01-22 12:51:00,1528.0,1528.11,1528.0,1528.11,0.01,18.31,28192.91,1
2025-01-22,2025-01-22 12:52:00,1528.11,1528.23,1528.11,1528.23,0.01,18.31,28192.91,1
2025-01-22,2025-01-22 12:53:00,1528.23,1528.35,1528.23,1528.35,0.01,18.31,28192.91,1
2025-01-22,2025-01-22 12:54:00,1528.35,1528.46,1528.35,1528.46,0.01,18.31,28192.91,1
2025-01-22,2025-01-22 12:55:00,1528.46,1528.58,1528.46,1528.58,0.01,18.31,28192.91,1
2025-01-22,2025-01-22 12:56:00,1528.58,1528.7,1528.58,1528.7,0.01,18.31,28192.91,1
2025-01-22,2025-01-22 12:57:00,1528.7,1528.82,1528.7,1528.82,0.01,18.31,28192.91,1
2025-01-22,2025-01-22 12:58:00,1528.82,1528.93,1528.82,1528.93,0.01,18.31,28192.91,1
2025-01-22,2025-01-22 12:59:00,1528.93,1529.05,1528.93,1529.05,0.01,18.31,28192.91,1
2025-01-22,2025-01-22 13:00:00,1529.05,1559.9,1515.0,1529.17,0.01,18.31,28192.91,1
2025-01-22,2025-01-22 13:01:00,1529.17,1529.28,1529.17,1529.28,0.01,18.31,28192.91,1
2025-01-22,2025-01-22 13:02:00,1529.28,1529.4,1529.28,1529.4,0.01,18.31,28192.91,1
2025-01-22,2025-01-22 13:03:00,1529.4,1529.52,1529.4,1529.52,0.01,18.31,28192.91,1
2025-01-22,2025-01-22 13:04:00,1529.52,1529.64,1529.52,1529.64,0.01,18.31,28192.91,1
2025-01-22,2025-01-22 13:05:00,1529.64,1529.75,1529.64,1529.75,0.01,18.31,28192.91,1
2025-01-22,2025-01-22 13:06:00,1529.75,1529.87,1529.75,1529.87,0.01,18.31,28192.91,1
2025-01-22,2025-01-22 13:07:00,1529.87,1529.99,1529.87,1529.99,0.01,18.31,28192.91,1
2025-01-22,2025-01-22 13:08:00,1529.99,1530.1,1529.99,1530.1,0.01,18.31,28192.91,1
2025-01-22,2025-01-22 13:09:00,1530.1,1530.22,1530.1,1530.22,0.01,18.31,28192.91,1
2025-01-22,2025-01-22 13:10:00,1530.22,1530.34,1530.22,1530.34,0.01,18.31,28192.91,1
2025-01-22,2025-01-22 13:11:00,1530.34,1530.45,1530.34,1530.45,0.01,18.31,28192.91,1
2025-01-22,2025-01-22 13:12:00,1530.45,1530.57,1530.45,1530.57,0.01,18.31,28192.91,1
2025-01-22,2025-01-22 13:13:00,1530.57,1530.69,1530.57,1530.69,0.01,18.31,28192.91,1
2025-01-22,2025-01-22 13:14:00,1530.69,1530.81,1530.69,1530.81,0.01,18.31,28192.91,1
2025-01-22,2025-01-22 13:15:00,1530.81,1530.92,1530.81,1530.92,0.01,18.31,28192.91,1
2025-01-22,2025-01-22 13:16:00,1530.92,1531.04,1530.92,1531.04,0.01,18.31,28192.91,1
2025-01-22,2025-01-22 13:17:00,1531.04,1531.16,1531.04,1531.16,0.01,18.31,28192.91,1
2025-01-22,2025-01-22 13:18:00,1531.16,1531.27,1531.16,1531.27,0.01,18.31,28192.91,1
2025-01-22,2025-01-22 13:19:00,1531.27,1531.39,1531.27,1531.39,0.01,18.31,28192.91,1
2025-01-22,2025-01-22 13:20:00,1531.39,1531.51,1531.39,1531.51,0.01,18.31,28192.91,1
2025-01-22,2025-01-22 13:21:00,1531.51,1531.63,1531.51,1531.63,0.01,18.31,28192.91,1
2025-01-22,2025-01-22 13:22:00,1531.63,1531.74,1531.63,1531.74,0.01,18.31,28192.91,1
2025-01-22,2025-01-22 13:23:00,1531.74,1531.86,1531.74,1531.86,0.01,18.31,28192.91,1
2025-01-22,2025-01-22 13:24:00,1531.86,1531.98,1531.86,1531.98,0.01,18.31,28192.91,1
2025-01-22,2025-01-22 13:25:00,1531.98,1532.09,1531.98,1532.09,0.01,18.31,28192.91,1
2025-01-22,2025-01-22 13:26:00,1532.09,1532.21,1532.09,1532.21,0.01,18.31,28192.91,1
2025-01-22,2025-01-22 13:27:00,1532.21,1532.33,1532.21,1532.33,0.01,18.31,28192.91,1
2025-01-22,2025-01-22 13:28:00,1532.33,1532.45,1532.33,1532.45,0.01,18.31,28192.91,1
2025-01-22,2025-01-22 13:29:00,1532.45,1532.56,1532.45,1532.56,0.01,18.31,28192.91,1
2025-01-22,2025-01-22 13:30:00,1532.56,1532.68,1532.56,1532.68,0.01,18.31,28192.91,1
2025-01-22,2025-01-22 13:31:00,1532.68,1532.8,1532.68,1532.8,0.01,18.31,28192.91,1
2025-01-22,2025-01-22 13:32:00,1532.8,1532.91,1532.8,1532.91,0.01,18.31,28192.91,1
2025-01-22,2025-01-22 13:33:00,1532.91,1533.03,1532.91,1533.03,0.01,18.31,28192.91,1
2025-01-22,2025-01-22 13:34:00,1533.03,1533.15,1533.03,1533.15,0.01,18.31,28192.91,1
2025-01-22,2025-01-22 13:35:00,1533.15,1533.26,1533.15,1533.26,0.01,18.31,28192.91,1
2025-01-22,2025-01-22 13:36:00,1533.26,1533.38,1533.26,1533.38,0.01,18.31,28192.91,1
2025-01-22,2025-01-22 13:37:00,1533.38,1533.5,1533.38,1533.5,0.01,18.31,28192.91,1
2025-01-22,2025-01-22 13:38:00,1533.5,1533.62,1533.5,1533.62,0.01,18.31,28192.91,1
2025-01-22,2025-01-22 13:39:00,1533.62,1533.73,1533.62,1533.73,0.01,18.31,28192.91,1
2025-01-22,2025-01-22 13:40:00,1533.73,1533.85,1533.73,1533.85,0.01,18.31,28192.91,1
2025-01-22,2025-01-22 13:41:00,1533.85,1533.97,1533.85,1533.97,0.01,18.31,28192.91,1
2025-01-22,2025-01-22 13:42:00,1533.97,1534.08,1533.97,1534.08,0.01,18.31,28192.91,1
2025-01-22,2025-01-22 13:43:00,1534.08,1534.2,1534.08,1534.2,0.01,18.31,28192.91,1
2025-01-22,2025-01-22 13:44:00,1534.2,1534.32,1534.2,1534.32,0.01,18.31,28192.91,1
2025-01-22,2025-01-22 13:45:00,1534.32,1534.44,1534.32,1534.44,0.01,18.31,28192.91,1
2025-01-22,2025-01-22 13:46:00,1534.44,1534.55,1534.44,1534.55,0.01,18.31,28192.91,1
2025-01-22,2025-01-22 13:47:00,1534.55,1534.67,1534.55,1534.67,0.01,18.31,28192.91,1
2025-01-22,2025-01-22 13:48:00,1534.67,1534.79,1534.67,1534.79,0.01,18.31,28192.91,1
2025-01-22,2025-01-22 13:49:00,1534.79,1534.9,1534.79,1534.9,0.01,18.31,28192.91,1
2025-01-22,2025-01-22 13:50:00,1534.9,1535.02,1534.9,1535.02,0.01,18.31,28192.91,1
2025-01-22,2025-01-22 13:51:00,1535.02,1535.14,1535.02,1535.14,0.01,18.31,28192.91,1
2025-01-22,2025-01-22 13:52:00,1535.14,1535.26,1535.14,1535.26,0.01,18.31,28192.91,1
2025-01-22,2025-01-22 13:53:00,1535.26,1535.37,1535.26,1535.37,0.01,18.31,28192.91,1
2025-01-22,2025-01-22 13:54:00,1535.37,1535.49,1535.37,1535.49,0.01,18.31,28192.91,1
2025-01-22,2025-01-22 13:55:00,1535.49,1535.61,1535.49,1535.61,0.01,18.31,28192.91,1
2025-01-22,2025-01-22 13:56:00,1535.61,1535.72,1535.61,1535.72,0.01,18.31,28192.91,1
2025-01-22,2025-01-22 13:57:00,1535.72,1535.84,1535.72,1535.84,0.01,18.31,28192.91,1
2025-01-22,2025-01-22 13:58:00,1535.84,1535.96,1535.84,1535.96,0.01,18.31,28192.91,1
2025-01-22,2025-01-22 13:59:00,1535.96,1536.07,1535.96,1536.07,0.01,18.31,28192.91,1
2025-01-22,2025-01-22 14:00:00,1536.07,1536.19,1536.07,1536.19,0.01,18.31,28192.91,1
2025-01-22,2025-01-22 14:01:00,1536.19,1536.31,1536.19,1536.31,0.01,18.31,28192.91,1
2025-01-22,2025-01-22 14:02:00,1536.31,1536.43,1536.31,1536.43,0.01,18.31,28192.91,1
2025-01-22,2025-01-22 14:03:00,1536.43,1536.54,1536.43,1536.54,0.01,18.31,28192.91,1
2025-01-22,2025-01-22 14:04:00,1536.54,1536.66,1536.54,1536.66,0.01,18.31,28192.91,1
2025-01-22,2025-01-22 14:05:00,1536.66,1536.78,1536.66,1536.78,0.01,18.31,28192.91,1
2025-01-22,2025-01-22 14:06:00,1536.78,1536.89,1536.78,1536.89,0.01,18.31,28192.91,1
2025-01-22,2025-01-22 14:07:00,1536.89,1537.01,1536.89,1537.01,0.01,18.31,28192.91,1
2025-01-22,2025-01-22 14:08:00,1537.01,1537.13,1537.01,1537.13,0.01,18.31,28192.91,1
2025-01-22,2025-01-22 14:09:00,1537.13,1537.25,1537.13,1537.25,0.01,18.31,28192.91,1
2025-01-22,2025-01-22 14:10:00,1537.25,1537.36,1537.25,1537.36,0.01,18.31,28192.91,1
2025-01-22,2025-01-22 14:11:00,1537.36,1537.48,1537.36,1537.48,0.01,18.31,28192.91,1
2025-01-22,2025-01-22 14:12:00,1537.48,1537.6,1537.48,1537.6,0.01,18.31,28192.91,1
2025-01-22,2025-01-22 14:13:00,1537.6,1537.71,1537.6,1537.71,0.01,18.31,28192.91,1
2025-01-22,2025-01-22 14:14:00,1537.71,1537.83,1537.71,1537.83,0.01,18.31,28192.91,1
2025-01-22,2025-01-22 14:15:00,1537.83,1537.95,1537.83,1537.95,0.01,18.31,28192.91,1
2025-01-22,2025-01-22 14:16:00,1537.95,1538.07,1537.95,1538.07,0.01,18.31,28192.91,1
2025-01-22,2025-01-22 14:17:00,1538.07,1538.18,1538.07,1538.18,0.01,18.31,28192.91,1
2025-01-22,2025-01-22 14:18:00,1538.18,1538.3,1538.18,1538.3,0.01,18.31,28192.91,1
2025-01-22,2025-01-22 14:19:00,1538.3,1538.42,1538.3,1538.42,0.01,18.31,28192.91,1
2025-01-22,2025-01-22 14:20:00,1538.42,1538.53,1538.42,1538.53,0.01,18.31,28192.91,1
2025-01-22,2025-01-22 14:21:00,1538.53,1538.65,1538.53,1538.65,0.01,18.31,28192.91,1
2025-01-22,2025-01-22 14:22:00,1538.65,1538.77,1538.65,1538.77,0.01,18.31,28192.91,1
2025-01-22,2025-01-22 14:23:00,1538.77,1538.88,1538.77,1538.88,0.01,18.31,28192.91,1
2025-01-22,2025-01-22 14:24:00,1538.88,1539.0,1538.88,1539.0,0.01,18.31,28192.91,1
2025-01-22,2025-01-22 14:25:00,1539.0,1539.12,1539.0,1539.12,0.01,18.31,28192.91,1
2025-01-22,2025-01-22 14:26:00,1539.12,1539.24,1539.12,1539.24,0.01,18.31,28192.91,1
2025-01-22,2025-01-22 14:27:00,1539.24,1539.35,1539.24,1539.35,0.01,18.31,28192.91,1
2025-01-22,2025-01-22 14:28:00,1539.35,1539.47,1539.35,1539.47,0.01,18.31,28192.91,1
2025-01-22,2025-01-22 14:29:00,1539.47,1539.59,1539.47,1539.59,0.01,18.31,28192.91,1
2025-01-22,2025-01-22 14:30:00,1539.59,1539.7,1539.59,1539.7,0.01,18.31,28192.91,1
2025-01-22,2025-01-22 14:31:00,1539.7,1539.82,1539.7,1539.82,0.01,18.31,28192.91,1
2025-01-22,2025-01-22 14:32:00,1539.82,1539.94,1539.82,1539.94,0.01,18.31,28192.91,1
2025-01-22,2025-01-22 14:33:00,1539.94,1540.06,1539.94,1540.06,0.01,18.31,28192.91,1
2025-01-22,2025-01-22 14:34:00,1540.06,1540.17,1540.06,1540.17,0.01,18.31,28192.91,1
2025-01-22,2025-01-22 14:35:00,1540.17,1540.29,1540.17,1540.29,0.01,18.31,28192.91,1
2025-01-22,2025-01-22 14:36:00,1540.29,1540.41,1540.29,1540.41,0.01,18.31,28192.91,1
2025-01-22,2025-01-22 14:37:00,1540.41,1540.52,1540.41,1540.52,0.01,18.31,28192.91,1
2025-01-22,2025-01-22 14:38:00,1540.52,1540.64,1540.52,1540.64,0.01,18.31,28192.91,1
2025-01-22,2025-01-22 14:39:00,1540.64,1540.76,1540.64,1540.76,0.01,18.31,28192.91,1
2025-01-22,2025-01-22 14:40:00,1540.76,1540.88,1540.76,1540.88,0.01,18.31,28192.91,1
2025-01-22,2025-01-22 14:41:00,1540.88,1540.99,1540.88,1540.99,0.01,18.31,28192.91,1
2025-01-22,2025-01-22 14:42:00,1540.99,1541.11,1540.99,1541.11,0.01,18.31,28192.91,1
2025-01-22,2025-01-22 14:43:00,1541.11,1541.23,1541.11,1541.23,0.01,18.31,28192.91,1
2025-01-22,2025-01-22 14:44:00,1541.23,1541.34,1541.23,1541.34,0.01,18.31,28192.91,1
2025-01-22,2025-01-22 14:45:00,1541.34,1541.46,1541.34,1541.46,0.01,18.31,28192.91,1
2025-01-22,2025-01-22 14:46:00,1541.46,1541.58,1541.46,1541.58,0.01,18.31,28192.91,1
2025-01-22,2025-01-22 14:47:00,1541.58,1541.69,1541.58,1541.69,0.01,18.31,28192.91,1
2025-01-22,2025-01-22 14:48:00,1541.69,1541.81,1541.69,1541.81,0.01,18.31,28192.91,1
2025-01-22,2025-01-22 14:49:00,1541.81,1541.93,1541.81,1541.93,0.01,18.31,28192.91,1
2025-01-22,2025-01-22 14:50:00,1541.93,1542.05,1541.93,1542.05,0.01,18.31,28192.91,1
2025-01-22,2025-01-22 14:51:00,1542.05,1542.16,1542.05,1542.16,0.01,18.31,28192.91,1
2025-01-22,2025-01-22 14:52:00,1542.16,1542.28,1542.16,1542.28,0.01,18.31,28192.91,1
2025-01-22,2025-01-22 14:53:00,1542.28,1542.4,1542.28,1542.4,0.01,18.31,28192.91,1
2025-01-22,2025-01-22 14:54:00,1542.4,1542.51,1542.4,1542.51,0.01,18.31,28192.91,1
2025-01-22,2025-01-22 14:55:00,1542.51,1542.63,1542.51,1542.63,0.01,18.31,28192.91,1
2025-01-22,2025-01-22 14:56:00,1542.63,1542.75,1542.63,1542.75,0.01,18.31,28192.91,1
2025-01-22,2025-01-22 14:57:00,1542.75,1542.87,1542.75,1542.87,0.01,18.31,28192.91,1
2025-01-22,2025-01-22 14:58:00,1542.87,1542.98,1542.87,1542.98,0.01,18.31,28192.91,1
2025-01-22,2025-01-22 14:59:00,1542.98,1543.1,1542.98,1543.1,0.01,18.31,28192.91,1
2025-01-22,2025-01-22 15:00:00,1543.1,1559.9,1515.0,1543.1,0.0,18.31,28192.91,0
2025-01-23,2025-01-23 11:00:00,1515.0,1531.44,1512.0,1514.96,-0.0,30.95,47331.62,-1
2025-01-23,2025-01-23 11:01:00,1514.96,1514.96,1514.92,1514.92,-0.0,30.95,47331.62,-1
2025-01-23,2025-01-23 11:02:00,1514.92,1514.92,1514.88,1514.88,-0.0,30.95,47331.62,-1
2025-01-23,2025-01-23 11:03:00,1514.88,1514.88,1514.83,1514.83,-0.0,30.95,47331.62,-1
2025-01-23,2025-01-23 11:04:00,1514.83,1514.83,1514.79,1514.79,-0.0,30.95,47331.62,-1
2025-01-23,2025-01-23 11:05:00,1514.79,1514.79,1514.75,1514.75,-0.0,30.95,47331.62,-1
2025-01-23,2025-01-23 11:06:00,1514.75,1514.75,1514.71,1514.71,-0.0,30.95,47331.62,-1
2025-01-23,2025-01-23 11:07:00,1514.71,1514.71,1514.67,1514.67,-0.0,30.95,47331.62,-1
2025-01-23,2025-01-23 11:08:00,1514.67,1514.67,1514.62,1514.62,-0.0,30.95,47331.62,-1
2025-01-23,2025-01-23 11:09:00,1514.62,1514.62,1514.58,1514.58,-0.0,30.95,47331.62,-1
2025-01-23,2025-01-23 11:10:00,1514.58,1514.58,1514.54,1514.54,-0.0,30.95,47331.62,-1
2025-01-23,2025-01-23 11:11:00,1514.54,1514.54,1514.5,1514.5,-0.0,30.95,47331.62,-1
2025-01-23,2025-01-23 11:12:00,1514.5,1514.5,1514.46,1514.46,-0.0,30.95,47331.62,-1
2025-01-23,2025-01-23 11:13:00,1514.46,1514.46,1514.42,1514.42,-0.0,30.95,47331.62,-1
2025-01-23,2025-01-23 11:14:00,1514.42,1514.42,1514.38,1514.38,-0.0,30.95,47331.62,-1
2025-01-23,2025-01-23 11:15:00,1514.38,1514.38,1514.33,1514.33,-0.0,30.95,47331.62,-1
2025-01-23,2025-01-23 11:16:00,1514.33,1514.33,1514.29,1514.29,-0.0,30.95,47331.62,-1
2025-01-23,2025-01-23 11:17:00,1514.29,1514.29,1514.25,1514.25,-0.0,30.95,47331.62,-1
2025-01-23,2025-01-23 11:18:00,1514.25,1514.25,1514.21,1514.21,-0.0,30.95,47331.62,-1
2025-01-23,2025-01-23 11:19:00,1514.21,1514.21,1514.17,1514.17,-0.0,30.95,47331.62,-1
2025-01-23,2025-01-23 11:20:00,1514.17,1514.17,1514.12,1514.12,-0.0,30.95,47331.62,-1
2025-01-23,2025-01-23 11:21:00,1514.12,1514.12,1514.08,1514.08,-0.0,30.95,47331.62,-1
2025-01-23,2025-01-23 11:22:00,1514.08,1514.08,1514.04,1514.04,-0.0,30.95,47331.62,-1
2025-01-23,2025-01-23 11:23:00,1514.04,1514.04,1514.0,1514.0,-0.0,30.95,47331.62,-1
2025-01-23,2025-01-23 11:24:00,1514.0,1514.0,1513.96,1513.96,-0.0,30.95,47331.62,-1
2025-01-23,2025-01-23 11:25:00,1513.96,1513.96,1513.92,1513.92,-0.0,30.95,47331.62,-1
2025-01-23,2025-01-23 11:26:00,1513.92,1513.92,1513.88,1513.88,-0.0,30.95,47331.62,-1
2025-01-23,2025-01-23 11:27:00,1513.88,1513.88,1513.83,1513.83,-0.0,30.95,47331.62,-1
2025-01-23,2025-01-23 11:28:00,1513.83,1513.83,1513.79,1513.79,-0.0,30.95,47331.62,-1
2025-01-23,2025-01-23 11:29:00,1513.79,1513.79,1513.75,1513.75,-0.0,30.95,47331.62,-1
2025-01-23,2025-01-23 11:30:00,1513.75,1513.75,1513.71,1513.71,-0.0,30.95,47331.62,-1
2025-01-23,2025-01-23 11:31:00,1513.71,1513.71,1513.67,1513.67,-0.0,30.95,47331.62,-1
2025-01-23,2025-01-23 11:32:00,1513.67,1513.67,1513.62,1513.62,-0.0,30.95,47331.62,-1
2025-01-23,2025-01-23 11:33:00,1513.62,1513.62,1513.58,1513.58,-0.0,30.95,47331.62,-1
2025-01-23,2025-01-23 11:34:00,1513.58,1513.58,1513.54,1513.54,-0.0,30.95,47331.62,-1
2025-01-23,2025-01-23 11:35:00,1513.54,1513.54,1513.5,1513.5,-0.0,30.95,47331.62,-1
2025-01-23,2025-01-23 11:36:00,1513.5,1513.5,1513.46,1513.46,-0.0,30.95,47331.62,-1
2025-01-23,2025-01-23 11:37:00,1513.46,1513.46,1513.42,1513.42,-0.0,30.95,47331.62,-1
2025-01-23,2025-01-23 11:38:00,1513.42,1513.42,1513.38,1513.38,-0.0,30.95,47331.62,-1
2025-01-23,2025-01-23 11:39:00,1513.38,1513.38,1513.33,1513.33,-0.0,30.95,47331.62,-1
2025-01-23,2025-01-23 11:40:00,1513.33,1513.33,1513.29,1513.29,-0.0,30.95,47331.62,-1
2025-01-23,2025-01-23 11:41:00,1513.29,1513.29,1513.25,1513.25,-0.0,30.95,47331.62,-1
2025-01-23,2025-01-23 11:42:00,1513.25,1513.25,1513.21,1513.21,-0.0,30.95,47331.62,-1
2025-01-23,2025-01-23 11:43:00,1513.21,1513.21,1513.17,1513.17,-0.0,30.95,47331.62,-1
2025-01-23,2025-01-23 11:44:00,1513.17,1513.17,1513.12,1513.12,-0.0,30.95,47331.62,-1
2025-01-23,2025-01-23 11:45:00,1513.12,1513.12,1513.08,1513.08,-0.0,30.95,47331.62,-1
2025-01-23,2025-01-23 11:46:00,1513.08,1513.08,1513.04,1513.04,-0.0,30.95,47331.62,-1
2025-01-23,2025-01-23 11:47:00,1513.04,1513.04,1513.0,1513.0,-0.0,30.95,47331.62,-1
2025-01-23,2025-01-23 11:48:00,1513.0,1513.0,1512.96,1512.96,-0.0,30.95,47331.62,-1
2025-01-23,2025-01-23 11:49:00,1512.96,1512.96,1512.92,1512.92,-0.0,30.95,47331.62,-1
2025-01-23,2025-01-23 11:50:00,1512.92,1512.92,1512.88,1512.88,-0.0,30.95,47331.62,-1
2025-01-23,2025-01-23 11:51:00,1512.88,1512.88,1512.83,1512.83,-0.0,30.95,47331.62,-1
2025-01-23,2025-01-23 11:52:00,1512.83,1512.83,1512.79,1512.79,-0.0,30.95,47331.62,-1
2025-01-23,2025-01-23 11:53:00,1512.79,1512.79,1512.75,1512.75,-0.0,30.95,47331.62,-1
2025-01-23,2025-01-23 11:54:00,1512.75,1512.75,1512.71,1512.71,-0.0,30.95,47331.62,-1
2025-01-23,2025-01-23 11:55:00,1512.71,1512.71,1512.67,1512.67,-0.0,30.95,47331.62,-1
2025-01-23,2025-01-23 11:56:00,1512.67,1512.67,1512.62,1512.62,-0.0,30.95,47331.62,-1
2025-01-23,2025-01-23 11:57:00,1512.62,1512.62,1512.58,1512.58,-0.0,30.95,47331.62,-1
2025-01-23,2025-01-23 11:58:00,1512.58,1512.58,1512.54,1512.54,-0.0,30.95,47331.62,-1
2025-01-23,2025-01-23 11:59:00,1512.54,1512.54,1512.5,1512.5,-0.0,30.95,47331.62,-1
2025-01-23,2025-01-23 12:00:00,1512.5,1512.5,1512.46,1512.46,-0.0,30.95,47331.62,-1
2025-01-23,2025-01-23 12:01:00,1512.46,1512.46,1512.42,1512.42,-0.0,30.95,47331.62,-1
2025-01-23,2025-01-23 12:02:00,1512.42,1512.42,1512.38,1512.38,-0.0,30.95,47331.62,-1
2025-01-23,2025-01-23 12:03:00,1512.38,1512.38,1512.33,1512.33,-0.0,30.95,47331.62,-1
2025-01-23,2025-01-23 12:04:00,1512.33,1512.33,1512.29,1512.29,-0.0,30.95,47331.62,-1
2025-01-23,2025-01-23 12:05:00,1512.29,1512.29,1512.25,1512.25,-0.0,30.95,47331.62,-1
2025-01-23,2025-01-23 12:06:00,1512.25,1512.25,1512.21,1512.21,-0.0,30.95,47331.62,-1
2025-01-23,2025-01-23 12:07:00,1512.21,1512.21,1512.17,1512.17,-0.0,30.95,47331.62,-1
2025-01-23,2025-01-23 12:08:00,1512.17,1512.17,1512.12,1512.12,-0.0,30.95,47331.62,-1
2025-01-23,2025-01-23 12:09:00,1512.12,1512.12,1512.08,1512.08,-0.0,30.95,47331.62,-1
2025-01-23,2025-01-23 12:10:00,1512.08,1512.08,1512.04,1512.04,-0.0,30.95,47331.62,-1
2025-01-23,2025-01-23 12:11:00,1512.04,1512.04,1512.0,1512.0,-0.0,30.95,47331.62,-1
2025-01-23,2025-01-23 12:12:00,1512.0,1512.0,1511.96,1511.96,-0.0,30.95,47331.62,-1
2025-01-23,2025-01-23 12:13:00,1511.96,1511.96,1511.92,1511.92,-0.0,30.95,47331.62,-1
2025-01-23,2025-01-23 12:14:00,1511.92,1511.92,1511.88,1511.88,-0.0,30.95,47331.62,-1
2025-01-23,2025-01-23 12:15:00,1511.88,1511.88,1511.83,1511.83,-0.0,30.95,47331.62,-1
2025-01-23,2025-01-23 12:16:00,1511.83,1511.83,1511.79,1511.79,-0.0,30.95,47331.62,-1
2025-01-23,2025-01-23 12:17:00,1511.79,1511.79,1511.75,1511.75,-0.0,30.95,47331.62,-1
2025-01-23,2025-01-23 12:18:00,1511.75,1511.75,1511.71,1511.71,-0.0,30.95,47331.62,-1
2025-01-23,2025-01-23 12:19:00,1511.71,1511.71,1511.67,1511.67,-0.0,30.95,47331.62,-1
2025-01-23,2025-01-23 12:20:00,1511.67,1511.67,1511.62,1511.62,-0.0,30.95,47331.62,-1
2025-01-23,2025-01-23 12:21:00,1511.62,1511.62,1511.58,1511.58,-0.0,30.95,47331.62,-1
2025-01-23,2025-01-23 12:22:00,1511.58,1511.58,1511.54,1511.54,-0.0,30.95,47331.62,-1
2025-01-23,2025-01-23 12:23:00,1511.54,1511.54,1511.5,1511.5,-0.0,30.95,47331.62,-1
2025-01-23,2025-01-23 12:24:00,1511.5,1511.5,1511.46,1511.46,-0.0,30.95,47331.62,-1
2025-01-23,2025-01-23 12:25:00,1511.46,1511.46,1511.42,1511.42,-0.0,30.95,47331.62,-1
2025-01-23,2025-01-23 12:26:00,1511.42,1511.42,1511.38,1511.38,-0.0,30.95,47331.62,-1
2025-01-23,2025-01-23 12:27:00,1511.38,1511.38,1511.33,1511.33,-0.0,30.95,47331.62,-1
2025-01-23,2025-01-23 12:28:00,1511.33,1511.33,1511.29,1511.29,-0.0,30.95,47331.62,-1
2025-01-23,2025-01-23 12:29:00,1511.29,1511.29,1511.25,1511.25,-0.0,30.95,47331.62,-1
2025-01-23,2025-01-23 12:30:00,1511.25,1511.25,1511.21,1511.21,-0.0,30.95,47331.62,-1
2025-01-23,2025-01-23 12:31:00,1511.21,1511.21,1511.17,1511.17,-0.0,30.95,47331.62,-1
2025-01-23,2025-01-23 12:32:00,1511.17,1511.17,1511.12,1511.12,-0.0,30.95,47331.62,-1
2025-01-23,2025-01-23 12:33:00,1511.12,1511.12,1511.08,1511.08,-0.0,30.95,47331.62,-1
2025-01-23,2025-01-23 12:34:00,1511.08,1511.08,1511.04,1511.04,-0.0,30.95,47331.62,-1
2025-01-23,2025-01-23 12:35:00,1511.04,1511.04,1511.0,1511.0,-0.0,30.95,47331.62,-1
2025-01-23,2025-01-23 12:36:00,1511.0,1511.0,1510.96,1510.96,-0.0,30.95,47331.62,-1
2025-01-23,2025-01-23 12:37:00,1510.96,1510.96,1510.92,1510.92,-0.0,30.95,47331.62,-1
2025-01-23,2025-01-23 12:38:00,1510.92,1510.92,1510.88,1510.88,-0.0,30.95,47331.62,-1
2025-01-23,2025-01-23 12:39:00,1510.88,1510.88,1510.83,1510.83,-0.0,30.95,47331.62,-1
2025-01-23,2025-01-23 12:40:00,1510.83,1510.83,1510.79,1510.79,-0.0,30.95,47331.62,-1
2025-01-23,2025-01-23 12:41:00,1510.79,1510.79,1510.75,1510.75,-0.0,30.95,47331.62,-1
2025-01-23,2025-01-23 12:42:00,1510.75,1510.75,1510.71,1510.71,-0.0,30.95,47331.62,-1
2025-01-23,2025-01-23 12:43:00,1510.71,1510.71,1510.67,1510.67,-0.0,30.95,47331.62,-1
2025-01-23,2025-01-23 12:44:00,1510.67,1510.67,1510.62,1510.62,-0.0,30.95,47331.62,-1
2025-01-23,2025-01-23 12:45:00,1510.62,1510.62,1510.58,1510.58,-0.0,30.95,47331.62,-1
2025-01-23,2025-01-23 12:46:00,1510.58,1510.58,1510.54,1510.54,-0.0,30.95,47331.62,-1
2025-01-23,2025-01-23 12:47:00,1510.54,1510.54,1510.5,1510.5,-0.0,30.95,47331.62,-1
2025-01-23,2025-01-23 12:48:00,1510.5,1510.5,1510.46,1510.46,-0.0,30.95,47331.62,-1
2025-01-23,2025-01-23 12:49:00,1510.46,1510.46,1510.42,1510.42,-0.0,30.95,47331.62,-1
2025-01-23,2025-01-23 12:50:00,1510.42,1510.42,1510.38,1510.38,-0.0,30.95,47331.62,-1
2025-01-23,2025-01-23 12:51:00,1510.38,1510.38,1510.33,1510.33,-0.0,30.95,47331.62,-1
2025-01-23,2025-01-23 12:52:00,1510.33,1510.33,1510.29,1510.29,-0.0,30.95,47331.62,-1
2025-01-23,2025-01-23 12:53:00,1510.29,1510.29,1510.25,1510.25,-0.0,30.95,47331.62,-1
2025-01-23,2025-01-23 12:54:00,1510.25,1510.25,1510.21,1510.21,-0.0,30.95,47331.62,-1
2025-01-23,2025-01-23 12:55:00,1510.21,1510.21,1510.17,1510.17,-0.0,30.95,47331.62,-1
2025-01-23,2025-01-23 12:56:00,1510.17,1510.17,1510.12,1510.12,-0.0,30.95,47331.62,-1
2025-01-23,2025-01-23 12:57:00,1510.12,1510.12,1510.08,1510.08,-0.0,30.95,47331.62,-1
2025-01-23,2025-01-23 12:58:00,1510.08,1510.08,1510.04,1510.04,-0.0,30.95,47331.62,-1
2025-01-23,2025-01-23 12:59:00,1510.04,1510.04,1510.0,1510.0,-0.0,30.95,47331.62,-1
2025-01-23,2025-01-23 13:00:00,1510.0,1569.8,1505.0,1509.96,-0.0,30.95,47331.62,-1
2025-01-23,2025-01-23 13:01:00,1509.96,1509.96,1509.92,1509.92,-0.0,30.95,47331.62,-1
2025-01-23,2025-01-23 13:02:00,1509.92,1509.92,1509.88,1509.88,-0.0,30.95,47331.62,-1
2025-01-23,2025-01-23 13:03:00,1509.88,1509.88,1509.83,1509.83,-0.0,30.95,47331.62,-1
2025-01-23,2025-01-23 13:04:00,1509.83,1509.83,1509.79,1509.79,-0.0,30.95,47331.62,-1
2025-01-23,2025-01-23 13:05:00,1509.79,1509.79,1509.75,1509.75,-0.0,30.95,47331.62,-1
2025-01-23,2025-01-23 13:06:00,1509.75,1509.75,1509.71,1509.71,-0.0,30.95,47331.62,-1
2025-01-23,2025-01-23 13:07:00,1509.71,1509.71,1509.67,1509.67,-0.0,30.95,47331.62,-1
2025-01-23,2025-01-23 13:08:00,1509.67,1509.67,1509.62,1509.62,-0.0,30.95,47331.62,-1
2025-01-23,2025-01-23 13:09:00,1509.62,1509.62,1509.58,1509.58,-0.0,30.95,47331.62,-1
2025-01-23,2025-01-23 13:10:00,1509.58,1509.58,1509.54,1509.54,-0.0,30.95,47331.62,-1
2025-01-23,2025-01-23 13:11:00,1509.54,1509.54,1509.5,1509.5,-0.0,30.95,47331.62,-1
2025-01-23,2025-01-23 13:12:00,1509.5,1509.5,1509.46,1509.46,-0.0,30.95,47331.62,-1
2025-01-23,2025-01-23 13:13:00,1509.46,1509.46,1509.42,1509.42,-0.0,30.95,47331.62,-1
2025-01-23,2025-01-23 13:14:00,1509.42,1509.42,1509.38,1509.38,-0.0,30.95,47331.62,-1
2025-01-23,2025-01-23 13:15:00,1509.38,1509.38,1509.33,1509.33,-0.0,30.95,47331.62,-1
2025-01-23,2025-01-23 13:16:00,1509.33,1509.33,1509.29,1509.29,-0.0,30.95,47331.62,-1
2025-01-23,2025-01-23 13:17:00,1509.29,1509.29,1509.25,1509.25,-0.0,30.95,47331.62,-1
2025-01-23,2025-01-23 13:18:00,1509.25,1509.25,1509.21,1509.21,-0.0,30.95,47331.62,-1
2025-01-23,2025-01-23 13:19:00,1509.21,1509.21,1509.17,1509.17,-0.0,30.95,47331.62,-1
2025-01-23,2025-01-23 13:20:00,1509.17,1509.17,1509.12,1509.12,-0.0,30.95,47331.62,-1
2025-01-23,2025-01-23 13:21:00,1509.12,1509.12,1509.08,1509.08,-0.0,30.95,47331.62,-1
2025-01-23,2025-01-23 13:22:00,1509.08,1509.08,1509.04,1509.04,-0.0,30.95,47331.62,-1
2025-01-23,2025-01-23 13:23:00,1509.04,1509.04,1509.0,1509.0,-0.0,30.95,47331.62,-1
2025-01-23,2025-01-23 13:24:00,1509.0,1509.0,1508.96,1508.96,-0.0,30.95,47331.62,-1
2025-01-23,2025-01-23 13:25:00,1508.96,1508.96,1508.92,1508.92,-0.0,30.95,47331.62,-1
2025-01-23,2025-01-23 13:26:00,1508.92,1508.92,1508.88,1508.88,-0.0,30.95,47331.62,-1
2025-01-23,2025-01-23 13:27:00,1508.88,1508.88,1508.83,1508.83,-0.0,30.95,47331.62,-1
2025-01-23,2025-01-23 13:28:00,1508.83,1508.83,1508.79,1508.79,-0.0,30.95,47331.62,-1
2025-01-23,2025-01-23 13:29:00,1508.79,1508.79,1508.75,1508.75,-0.0,30.95,47331.62,-1
2025-01-23,2025-01-23 13:30:00,1508.75,1508.75,1508.71,1508.71,-0.0,30.95,47331.62,-1
2025-01-23,2025-01-23 13:31:00,1508.71,1508.71,1508.67,1508.67,-0.0,30.95,47331.62,-1
2025-01-23,2025-01-23 13:32:00,1508.67,1508.67,1508.62,1508.62,-0.0,30.95,47331.62,-1
2025-01-23,2025-01-23 13:33:00,1508.62,1508.62,1508.58,1508.58,-0.0,30.95,47331.62,-1
2025-01-23,2025-01-23 13:34:00,1508.58,1508.58,1508.54,1508.54,-0.0,30.95,47331.62,-1
2025-01-23,2025-01-23 13:35:00,1508.54,1508.54,1508.5,1508.5,-0.0,30.95,47331.62,-1
2025-01-23,2025-01-23 13:36:00,1508.5,1508.5,1508.46,1508.46,-0.0,30.95,47331.62,-1
2025-01-23,2025-01-23 13:37:00,1508.46,1508.46,1508.42,1508.42,-0.0,30.95,47331.62,-1
2025-01-23,2025-01-23 13:38:00,1508.42,1508.42,1508.38,1508.38,-0.0,30.95,47331.62,-1
2025-01-23,2025-01-23 13:39:00,1508.38,1508.38,1508.33,1508.33,-0.0,30.95,47331.62,-1
2025-01-23,2025-01-23 13:40:00,1508.33,1508.33,1508.29,1508.29,-0.0,30.95,47331.62,-1
2025-01-23,2025-01-23 13:41:00,1508.29,1508.29,1508.25,1508.25,-0.0,30.95,47331.62,-1
2025-01-23,2025-01-23 13:42:00,1508.25,1508.25,1508.21,1508.21,-0.0,30.95,47331.62,-1
2025-01-23,2025-01-23 13:43:00,1508.21,1508.21,1508.17,1508.17,-0.0,30.95,47331.62,-1
2025-01-23,2025-01-23 13:44:00,1508.17,1508.17,1508.12,1508.12,-0.0,30.95,47331.62,-1
2025-01-23,2025-01-23 13:45:00,1508.12,1508.12,1508.08,1508.08,-0.0,30.95,47331.62,-1
2025-01-23,2025-01-23 13:46:00,1508.08,1508.08,1508.04,1508.04,-0.0,30.95,47331.62,-1
2025-01-23,2025-01-23 13:47:00,1508.04,1508.04,1508.0,1508.0,-0.0,30.95,47331.62,-1
2025-01-23,2025-01-23 13:48:00,1508.0,1508.0,1507.96,1507.96,-0.0,30.95,47331.62,-1
2025-01-23,2025-01-23 13:49:00,1507.96,1507.96,1507.92,1507.92,-0.0,30.95,47331.62,-1
2025-01-23,2025-01-23 13:50:00,1507.92,1507.92,1507.88,1507.88,-0.0,30.95,47331.62,-1
2025-01-23,2025-01-23 13:51:00,1507.88,1507.88,1507.83,1507.83,-0.0,30.95,47331.62,-1
2025-01-23,2025-01-23 13:52:00,1507.83,1507.83,1507.79,1507.79,-0.0,30.95,47331.62,-1
2025-01-23,2025-01-23 13:53:00,1507.79,1507.79,1507.75,1507.75,-0.0,30.95,47331.62,-1
2025-01-23,2025-01-23 13:54:00,1507.75,1507.75,1507.71,1507.71,-0.0,30.95,47331.62,-1
2025-01-23,2025-01-23 13:55:00,1507.71,1507.71,1507.67,1507.67,-0.0,30.95,47331.62,-1
2025-01-23,2025-01-23 13:56:00,1507.67,1507.67,1507.62,1507.62,-0.0,30.95,47331.62,-1
2025-01-23,2025-01-23 13:57:00,1507.62,1507.62,1507.58,1507.58,-0.0,30.95,47331.62,-1
2025-01-23,2025-01-23 13:58:00,1507.58,1507.58,1507.54,1507.54,-0.0,30.95,47331.62,-1
2025-01-23,2025-01-23 13:59:00,1507.54,1507.54,1507.5,1507.5,-0.0,30.95,47331.62,-1
2025-01-23,2025-01-23 14:00:00,1507.5,1507.5,1507.46,1507.46,-0.0,30.95,47331.62,-1
2025-01-23,2025-01-23 14:01:00,1507.46,1507.46,1507.42,1507.42,-0.0,30.95,47331.62,-1
2025-01-23,2025-01-23 14:02:00,1507.42,1507.42,1507.38,1507.38,-0.0,30.95,47331.62,-1
2025-01-23,2025-01-23 14:03:00,1507.38,1507.38,1507.33,1507.33,-0.0,30.95,47331.62,-1
2025-01-23,2025-01-23 14:04:00,1507.33,1507.33,1507.29,1507.29,-0.0,30.95,47331.62,-1
2025-01-23,2025-01-23 14:05:00,1507.29,1507.29,1507.25,1507.25,-0.0,30.95,47331.62,-1
2025-01-23,2025-01-23 14:06:00,1507.25,1507.25,1507.21,1507.21,-0.0,30.95,47331.62,-1
2025-01-23,2025-01-23 14:07:00,1507.21,1507.21,1507.17,1507.17,-0.0,30.95,47331.62,-1
2025-01-23,2025-01-23 14:08:00,1507.17,1507.17,1507.12,1507.12,-0.0,30.95,47331.62,-1
2025-01-23,2025-01-23 14:09:00,1507.12,1507.12,1507.08,1507.08,-0.0,30.95,47331.62,-1
2025-01-23,2025-01-23 14:10:00,1507.08,1507.08,1507.04,1507.04,-0.0,30.95,47331.62,-1
2025-01-23,2025-01-23 14:11:00,1507.04,1507.04,1507.0,1507.0,-0.0,30.95,47331.62,-1
2025-01-23,2025-01-23 14:12:00,1507.0,1507.0,1506.96,1506.96,-0.0,30.95,47331.62,-1
2025-01-23,2025-01-23 14:13:00,1506.96,1506.96,1506.92,1506.92,-0.0,30.95,47331.62,-1
2025-01-23,2025-01-23 14:14:00,1506.92,1506.92,1506.88,1506.88,-0.0,30.95,47331.62,-1
2025-01-23,2025-01-23 14:15:00,1506.88,1506.88,1506.83,1506.83,-0.0,30.95,47331.62,-1
2025-01-23,2025-01-23 14:16:00,1506.83,1506.83,1506.79,1506.79,-0.0,30.95,47331.62,-1
2025-01-23,2025-01-23 14:17:00,1506.79,1506.79,1506.75,1506.75,-0.0,30.95,47331.62,-1
2025-01-23,2025-01-23 14:18:00,1506.75,1506.75,1506.71,1506.71,-0.0,30.95,47331.62,-1
2025-01-23,2025-01-23 14:19:00,1506.71,1506.71,1506.67,1506.67,-0.0,30.95,47331.62,-1
2025-01-23,2025-01-23 14:20:00,1506.67,1506.67,1506.62,1506.62,-0.0,30.95,47331.62,-1
2025-01-23,2025-01-23 14:21:00,1506.62,1506.62,1506.58,1506.58,-0.0,30.95,47331.62,-1
2025-01-23,2025-01-23 14:22:00,1506.58,1506.58,1506.54,1506.54,-0.0,30.95,47331.62,-1
2025-01-23,2025-01-23 14:23:00,1506.54,1506.54,1506.5,1506.5,-0.0,30.95,47331.62,-1
2025-01-23,2025-01-23 14:24:00,1506.5,1506.5,1506.46,1506.46,-0.0,30.95,47331.62,-1
2025-01-23,2025-01-23 14:25:00,1506.46,1506.46,1506.42,1506.42,-0.0,30.95,47331.62,-1
2025-01-23,2025-01-23 14:26:00,1506.42,1506.42,1506.38,1506.38,-0.0,30.95,47331.62,-1
2025-01-23,2025-01-23 14:27:00,1506.38,1506.38,1506.33,1506.33,-0.0,30.95,47331.62,-1
2025-01-23,2025-01-23 14:28:00,1506.33,1506.33,1506.29,1506.29,-0.0,30.95,47331.62,-1
2025-01-23,2025-01-23 14:29:00,1506.29,1506.29,1506.25,1506.25,-0.0,30.95,47331.62,-1
2025-01-23,2025-01-23 14:30:00,1506.25,1506.25,1506.21,1506.21,-0.0,30.95,47331.62,-1
2025-01-23,2025-01-23 14:31:00,1506.21,1506.21,1506.17,1506.17,-0.0,30.95,47331.62,-1
2025-01-23,2025-01-23 14:32:00,1506.17,1506.17,1506.12,1506.12,-0.0,30.95,47331.62,-1
2025-01-23,2025-01-23 14:33:00,1506.12,1506.12,1506.08,1506.08,-0.0,30.95,47331.62,-1
2025-01-23,2025-01-23 14:34:00,1506.08,1506.08,1506.04,1506.04,-0.0,30.95,47331.62,-1
2025-01-23,2025-01-23 14:35:00,1506.04,1506.04,1506.0,1506.0,-0.0,30.95,47331.62,-1
2025-01-23,2025-01-23 14:36:00,1506.0,1506.0,1505.96,1505.96,-0.0,30.95,47331.62,-1
2025-01-23,2025-01-23 14:37:00,1505.96,1505.96,1505.92,1505.92,-0.0,30.95,47331.62,-1
2025-01-23,2025-01-23 14:38:00,1505.92,1505.92,1505.88,1505.88,-0.0,30.95,47331.62,-1
2025-01-23,2025-01-23 14:39:00,1505.88,1505.88,1505.83,1505.83,-0.0,30.95,47331.62,-1
2025-01-23,2025-01-23 14:40:00,1505.83,1505.83,1505.79,1505.79,-0.0,30.95,47331.62,-1
2025-01-23,2025-01-23 14:41:00,1505.79,1505.79,1505.75,1505.75,-0.0,30.95,47331.62,-1
2025-01-23,2025-01-23 14:42:00,1505.75,1505.75,1505.71,1505.71,-0.0,30.95,47331.62,-1
2025-01-23,2025-01-23 14:43:00,1505.71,1505.71,1505.67,1505.67,-0.0,30.95,47331.62,-1
2025-01-23,2025-01-23 14:44:00,1505.67,1505.67,1505.62,1505.62,-0.0,30.95,47331.62,-1
2025-01-23,2025-01-23 14:45:00,1505.62,1505.62,1505.58,1505.58,-0.0,30.95,47331.62,-1
2025-01-23,2025-01-23 14:46:00,1505.58,1505.58,1505.54,1505.54,-0.0,30.95,47331.62,-1
2025-01-23,2025-01-23 14:47:00,1505.54,1505.54,1505.5,1505.5,-0.0,30.95,47331.62,-1
2025-01-23,2025-01-23 14:48:00,1505.5,1505.5,1505.46,1505.46,-0.0,30.95,47331.62,-1
2025-01-23,2025-01-23 14:49:00,1505.46,1505.46,1505.42,1505.42,-0.0,30.95,47331.62,-1
2025-01-23,2025-01-23 14:50:00,1505.42,1505.42,1505.38,1505.38,-0.0,30.95,47331.62,-1
2025-01-23,2025-01-23 14:51:00,1505.38,1505.38,1505.33,1505.33,-0.0,30.95,47331.62,-1
2025-01-23,2025-01-23 14:52:00,1505.33,1505.33,1505.29,1505.29,-0.0,30.95,47331.62,-1
2025-01-23,2025-01-23 14:53:00,1505.29,1505.29,1505.25,1505.25,-0.0,30.95,47331.62,-1
2025-01-23,2025-01-23 14:54:00,1505.25,1505.25,1505.21,1505.21,-0.0,30.95,47331.62,-1
2025-01-23,2025-01-23 14:55:00,1505.21,1505.21,1505.17,1505.17,-0.0,30.95,47331.62,-1
2025-01-23,2025-01-23 14:56:00,1505.17,1505.17,1505.12,1505.12,-0.0,30.95,47331.62,-1
2025-01-23,2025-01-23 14:57:00,1505.12,1505.12,1505.08,1505.08,-0.0,30.95,47331.62,-1
2025-01-23,2025-01-23 14:58:00,1505.08,1505.08,1505.04,1505.04,-0.0,30.95,47331.62,-1
2025-01-23,2025-01-23 14:59:00,1505.04,1505.04,1505.0,1505.0,-0.0,30.95,47331.62,-1
2025-01-23,2025-01-23 15:00:00,1505.0,1569.8,1505.0,1505.0,0.0,30.95,47331.62,0
2025-01-26,2025-01-26 11:00:00,1500.0,1525.83,1500.0,1500.22,0.01,30.98,47870.17,1
2025-01-26,2025-01-26 11:01:00,1500.22,1500.43,1500.22,1500.43,0.01,30.98,47870.17,1
2025-01-26,2025-01-26 11:02:00,1500.43,1500.65,1500.43,1500.65,0.01,30.98,47870.17,1
2025-01-26,2025-01-26 11:03:00,1500.65,1500.87,1500.65,1500.87,0.01,30.98,47870.17,1
2025-01-26,2025-01-26 11:04:00,1500.87,1501.09,1500.87,1501.09,0.01,30.98,47870.17,1
2025-01-26,2025-01-26 11:05:00,1501.09,1501.3,1501.09,1501.3,0.01,30.98,47870.17,1
2025-01-26,2025-01-26 11:06:00,1501.3,1501.52,1501.3,1501.52,0.01,30.98,47870.17,1
2025-01-26,2025-01-26 11:07:00,1501.52,1501.74,1501.52,1501.74,0.01,30.98,47870.17,1
2025-01-26,2025-01-26 11:08:00,1501.74,1501.95,1501.74,1501.95,0.01,30.98,47870.17,1
2025-01-26,2025-01-26 11:09:00,1501.95,1502.17,1501.95,1502.17,0.01,30.98,47870.17,1
2025-01-26,2025-01-26 11:10:00,1502.17,1502.39,1502.17,1502.39,0.01,30.98,47870.17,1
2025-01-26,2025-01-26 11:11:00,1502.39,1502.61,1502.39,1502.61,0.01,30.98,47870.17,1
2025-01-26,2025-01-26 11:12:00,1502.61,1502.82,1502.61,1502.82,0.01,30.98,47870.17,1
2025-01-26,2025-01-26 11:13:00,1502.82,1503.04,1502.82,1503.04,0.01,30.98,47870.17,1
2025-01-26,2025-01-26 11:14:00,1503.04,1503.26,1503.04,1503.26,0.01,30.98,47870.17,1
2025-01-26,2025-01-26 11:15:00,1503.26,1503.47,1503.26,1503.47,0.01,30.98,47870.17,1
2025-01-26,2025-01-26 11:16:00,1503.47,1503.69,1503.47,1503.69,0.01,30.98,47870.17,1
2025-01-26,2025-01-26 11:17:00,1503.69,1503.91,1503.69,1503.91,0.01,30.98,47870.17,1
2025-01-26,2025-01-26 11:18:00,1503.91,1504.12,1503.91,1504.12,0.01,30.98,47870.17,1
2025-01-26,2025-01-26 11:19:00,1504.12,1504.34,1504.12,1504.34,0.01,30.98,47870.17,1
2025-01-26,2025-01-26 11:20:00,1504.34,1504.56,1504.34,1504.56,0.01,30.98,47870.17,1
2025-01-26,2025-01-26 11:21:00,1504.56,1504.78,1504.56,1504.78,0.01,30.98,47870.17,1
2025-01-26,2025-01-26 11:22:00,1504.78,1504.99,1504.78,1504.99,0.01,30.98,47870.17,1
2025-01-26,2025-01-26 11:23:00,1504.99,1505.21,1504.99,1505.21,0.01,30.98,47870.17,1
2025-01-26,2025-01-26 11:24:00,1505.21,1505.43,1505.21,1505.43,0.01,30.98,47870.17,1
2025-01-26,2025-01-26 11:25:00,1505.43,1505.64,1505.43,1505.64,0.01,30.98,47870.17,1
2025-01-26,2025-01-26 11:26:00,1505.64,1505.86,1505.64,1505.86,0.01,30.98,47870.17,1
2025-01-26,2025-01-26 11:27:00,1505.86,1506.08,1505.86,1506.08,0.01,30.98,47870.17,1
2025-01-26,2025-01-26 11:28:00,1506.08,1506.3,1506.08,1506.3,0.01,30.98,47870.17,1
2025-01-26,2025-01-26 11:29:00,1506.3,1506.51,1506.3,1506.51,0.01,30.98,47870.17,1
2025-01-26,2025-01-26 11:30:00,1506.51,1506.73,1506.51,1506.73,0.01,30.98,47870.17,1
2025-01-26,2025-01-26 11:31:00,1506.73,1506.95,1506.73,1506.95,0.01,30.98,47870.17,1
2025-01-26,2025-01-26 11:32:00,1506.95,1507.16,1506.95,1507.16,0.01,30.98,47870.17,1
2025-01-26,2025-01-26 11:33:00,1507.16,1507.38,1507.16,1507.38,0.01,30.98,47870.17,1
2025-01-26,2025-01-26 11:34:00,1507.38,1507.6,1507.38,1507.6,0.01,30.98,47870.17,1
2025-01-26,2025-01-26 11:35:00,1507.6,1507.82,1507.6,1507.82,0.01,30.98,47870.17,1
2025-01-26,2025-01-26 11:36:00,1507.82,1508.03,1507.82,1508.03,0.01,30.98,47870.17,1
2025-01-26,2025-01-26 11:37:00,1508.03,1508.25,1508.03,1508.25,0.01,30.98,47870.17,1
2025-01-26,2025-01-26 11:38:00,1508.25,1508.47,1508.25,1508.47,0.01,30.98,47870.17,1
2025-01-26,2025-01-26 11:39:00,1508.47,1508.68,1508.47,1508.68,0.01,30.98,47870.17,1
2025-01-26,2025-01-26 11:40:00,1508.68,1508.9,1508.68,1508.9,0.01,30.98,47870.17,1
2025-01-26,2025-01-26 11:41:00,1508.9,1509.12,1508.9,1509.12,0.01,30.98,47870.17,1
2025-01-26,2025-01-26 11:42:00,1509.12,1509.33,1509.12,1509.33,0.01,30.98,47870.17,1
2025-01-26,2025-01-26 11:43:00,1509.33,1509.55,1509.33,1509.55,0.01,30.98,47870.17,1
2025-01-26,2025-01-26 11:44:00,1509.55,1509.77,1509.55,1509.77,0.01,30.98,47870.17,1
2025-01-26,2025-01-26 11:45:00,1509.77,1509.99,1509.77,1509.99,0.01,30.98,47870.17,1
2025-01-26,2025-01-26 11:46:00,1509.99,1510.2,1509.99,1510.2,0.01,30.98,47870.17,1
2025-01-26,2025-01-26 11:47:00,1510.2,1510.42,1510.2,1510.42,0.01,30.98,47870.17,1
2025-01-26,2025-01-26 11:48:00,1510.42,1510.64,1510.42,1510.64,0.01,30.98,47870.17,1
2025-01-26,2025-01-26 11:49:00,1510.64,1510.85,1510.64,1510.85,0.01,30.98,47870.17,1
2025-01-26,2025-01-26 11:50:00,1510.85,1511.07,1510.85,1511.07,0.01,30.98,47870.17,1
2025-01-26,2025-01-26 11:51:00,1511.07,1511.29,1511.07,1511.29,0.01,30.98,47870.17,1
2025-01-26,2025-01-26 11:52:00,1511.29,1511.51,1511.29,1511.51,0.01,30.98,47870.17,1
2025-01-26,2025-01-26 11:53:00,1511.51,1511.72,1511.51,1511.72,0.01,30.98,47870.17,1
2025-01-26,2025-01-26 11:54:00,1511.72,1511.94,1511.72,1511.94,0.01,30.98,47870.17,1
2025-01-26,2025-01-26 11:55:00,1511.94,1512.16,1511.94,1512.16,0.01,30.98,47870.17,1
2025-01-26,2025-01-26 11:56:00,1512.16,1512.37,1512.16,1512.37,0.01,30.98,47870.17,1
2025-01-26,2025-01-26 11:57:00,1512.37,1512.59,1512.37,1512.59,0.01,30.98,47870.17,1
2025-01-26,2025-01-26 11:58:00,1512.59,1512.81,1512.59,1512.81,0.01,30.98,47870.17,1
2025-01-26,2025-01-26 11:59:00,1512.81,1513.03,1512.81,1513.03,0.01,30.98,47870.17,1
2025-01-26,2025-01-26 12:00:00,1513.03,1513.24,1513.03,1513.24,0.01,30.98,47870.17,1
2025-01-26,2025-01-26 12:01:00,1513.24,1513.46,1513.24,1513.46,0.01,30.98,47870.17,1
2025-01-26,2025-01-26 12:02:00,1513.46,1513.68,1513.46,1513.68,0.01,30.98,47870.17,1
2025-01-26,2025-01-26 12:03:00,1513.68,1513.89,1513.68,1513.89,0.01,30.98,47870.17,1
2025-01-26,2025-01-26 12:04:00,1513.89,1514.11,1513.89,1514.11,0.01,30.98,47870.17,1
2025-01-26,2025-01-26 12:05:00,1514.11,1514.33,1514.11,1514.33,0.01,30.98,47870.17,1
2025-01-26,2025-01-26 12:06:00,1514.33,1514.54,1514.33,1514.54,0.01,30.98,47870.17,1
2025-01-26,2025-01-26 12:07:00,1514.54,1514.76,1514.54,1514.76,0.01,30.98,47870.17,1
2025-01-26,2025-01-26 12:08:00,1514.76,1514.98,1514.76,1514.98,0.01,30.98,47870.17,1
2025-01-26,2025-01-26 12:09:00,1514.98,1515.2,1514.98,1515.2,0.01,30.98,47870.17,1
2025-01-26,2025-01-26 12:10:00,1515.2,1515.41,1515.2,1515.41,0.01,30.98,47870.17,1
2025-01-26,2025-01-26 12:11:00,1515.41,1515.63,1515.41,1515.63,0.01,30.98,47870.17,1
2025-01-26,2025-01-26 12:12:00,1515.63,1515.85,1515.63,1515.85,0.01,30.98,47870.17,1
2025-01-26,2025-01-26 12:13:00,1515.85,1516.06,1515.85,1516.06,0.01,30.98,47870.17,1
2025-01-26,2025-01-26 12:14:00,1516.06,1516.28,1516.06,1516.28,0.01,30.98,47870.17,1
2025-01-26,2025-01-26 12:15:00,1516.28,1516.5,1516.28,1516.5,0.01,30.98,47870.17,1
2025-01-26,2025-01-26 12:16:00,1516.5,1516.72,1516.5,1516.72,0.01,30.98,47870.17,1
2025-01-26,2025-01-26 12:17:00,1516.72,1516.93,1516.72,1516.93,0.01,30.98,47870.17,1
2025-01-26,2025-01-26 12:18:00,1516.93,1517.15,1516.93,1517.15,0.01,30.98,47870.17,1
2025-01-26,2025-01-26 12:19:00,1517.15,1517.37,1517.15,1517.37,0.01,30.98,47870.17,1
2025-01-26,2025-01-26 12:20:00,1517.37,1517.58,1517.37,1517.58,0.01,30.98,47870.17,1
2025-01-26,2025-01-26 12:21:00,1517.58,1517.8,1517.58,1517.8,0.01,30.98,47870.17,1
2025-01-26,2025-01-26 12:22:00,1517.8,1518.02,1517.8,1518.02,0.01,30.98,47870.17,1
2025-01-26,2025-01-26 12:23:00,1518.02,1518.23,1518.02,1518.23,0.01,30.98,47870.17,1
2025-01-26,2025-01-26 12:24:00,1518.23,1518.45,1518.23,1518.45,0.01,30.98,47870.17,1
2025-01-26,2025-01-26 12:25:00,1518.45,1518.67,1518.45,1518.67,0.01,30.98,47870.17,1
2025-01-26,2025-01-26 12:26:00,1518.67,1518.89,1518.67,1518.89,0.01,30.98,47870.17,1
2025-01-26,2025-01-26 12:27:00,1518.89,1519.1,1518.89,1519.1,0.01,30.98,47870.17,1
2025-01-26,2025-01-26 12:28:00,1519.1,1519.32,1519.1,1519.32,0.01,30.98,47870.17,1
2025-01-26,2025-01-26 12:29:00,1519.32,1519.54,1519.32,1519.54,0.01,30.98,47870.17,1
2025-01-26,2025-01-26 12:30:00,1519.54,1519.75,1519.54,1519.75,0.01,30.98,47870.17,1
2025-01-26,2025-01-26 12:31:00,1519.75,1519.97,1519.75,1519.97,0.01,30.98,47870.17,1
2025-01-26,2025-01-26 12:32:00,1519.97,1520.19,1519.97,1520.19,0.01,30.98,47870.17,1
2025-01-26,2025-01-26 12:33:00,1520.19,1520.41,1520.19,1520.41,0.01,30.98,47870.17,1
2025-01-26,2025-01-26 12:34:00,1520.41,1520.62,1520.41,1520.62,0.01,30.98,47870.17,1
2025-01-26,2025-01-26 12:35:00,1520.62,1520.84,1520.62,1520.84,0.01,30.98,47870.17,1
2025-01-26,2025-01-26 12:36:00,1520.84,1521.06,1520.84,1521.06,0.01,30.98,47870.17,1
2025-01-26,2025-01-26 12:37:00,1521.06,1521.27,1521.06,1521.27,0.01,30.98,47870.17,1
2025-01-26,2025-01-26 12:38:00,1521.27,1521.49,1521.27,1521.49,0.01,30.98,47870.17,1
2025-01-26,2025-01-26 12:39:00,1521.49,1521.71,1521.49,1521.71,0.01,30.98,47870.17,1
2025-01-26,2025-01-26 12:40:00,1521.71,1521.93,1521.71,1521.93,0.01,30.98,47870.17,1
2025-01-26,2025-01-26 12:41:00,1521.93,1522.14,1521.93,1522.14,0.01,30.98,47870.17,1
2025-01-26,2025-01-26 12:42:00,1522.14,1522.36,1522.14,1522.36,0.01,30.98,47870.17,1
2025-01-26,2025-01-26 12:43:00,1522.36,1522.58,1522.36,1522.58,0.01,30.98,47870.17,1
2025-01-26,2025-01-26 12:44:00,1522.58,1522.79,1522.58,1522.79,0.01,30.98,47870.17,1
2025-01-26,2025-01-26 12:45:00,1522.79,1523.01,1522.79,1523.01,0.01,30.98,47870.17,1
2025-01-26,2025-01-26 12:46:00,1523.01,1523.23,1523.01,1523.23,0.01,30.98,47870.17,1
2025-01-26,2025-01-26 12:47:00,1523.23,1523.44,1523.23,1523.44,0.01,30.98,47870.17,1
2025-01-26,2025-01-26 12:48:00,1523.44,1523.66,1523.44,1523.66,0.01,30.98,47870.17,1
2025-01-26,2025-01-26 12:49:00,1523.66,1523.88,1523.66,1523.88,0.01,30.98,47870.17,1
2025-01-26,2025-01-26 12:50:00,1523.88,1524.1,1523.88,1524.1,0.01,30.98,47870.17,1
2025-01-26,2025-01-26 12:51:00,1524.1,1524.31,1524.1,1524.31,0.01,30.98,47870.17,1
2025-01-26,2025-01-26 12:52:00,1524.31,1524.53,1524.31,1524.53,0.01,30.98,47870.17,1
2025-01-26,2025-01-26 12:53:00,1524.53,1524.75,1524.53,1524.75,0.01,30.98,47870.17,1
2025-01-26,2025-01-26 12:54:00,1524.75,1524.96,1524.75,1524.96,0.01,30.98,47870.17,1
2025-01-26,2025-01-26 12:55:00,1524.96,1525.18,1524.96,1525.18,0.01,30.98,47870.17,1
2025-01-26,2025-01-26 12:56:00,1525.18,1525.4,1525.18,1525.4,0.01,30.98,47870.17,1
2025-01-26,2025-01-26 12:57:00,1525.4,1525.62,1525.4,1525.62,0.01,30.98,47870.17,1
2025-01-26,2025-01-26 12:58:00,1525.62,1525.83,1525.62,1525.83,0.01,30.98,47870.17,1
2025-01-26,2025-01-26 12:59:00,1525.83,1526.05,1525.83,1526.05,0.01,30.98,47870.17,1
2025-01-26,2025-01-26 13:00:00,1526.05,1586.1,1500.0,1526.27,0.01,30.98,47870.17,1
2025-01-26,2025-01-26 13:01:00,1526.27,1526.48,1526.27,1526.48,0.01,30.98,47870.17,1
2025-01-26,2025-01-26 13:02:00,1526.48,1526.7,1526.48,1526.7,0.01,30.98,47870.17,1
2025-01-26,2025-01-26 13:03:00,1526.7,1526.92,1526.7,1526.92,0.01,30.98,47870.17,1
2025-01-26,2025-01-26 13:04:00,1526.92,1527.14,1526.92,1527.14,0.01,30.98,47870.17,1
2025-01-26,2025-01-26 13:05:00,1527.14,1527.35,1527.14,1527.35,0.01,30.98,47870.17,1
2025-01-26,2025-01-26 13:06:00,1527.35,1527.57,1527.35,1527.57,0.01,30.98,47870.17,1
2025-01-26,2025-01-26 13:07:00,1527.57,1527.79,1527.57,1527.79,0.01,30.98,47870.17,1
2025-01-26,2025-01-26 13:08:00,1527.79,1528.0,1527.79,1528.0,0.01,30.98,47870.17,1
2025-01-26,2025-01-26 13:09:00,1528.0,1528.22,1528.0,1528.22,0.01,30.98,47870.17,1
2025-01-26,2025-01-26 13:10:00,1528.22,1528.44,1528.22,1528.44,0.01,30.98,47870.17,1
2025-01-26,2025-01-26 13:11:00,1528.44,1528.65,1528.44,1528.65,0.01,30.98,47870.17,1
2025-01-26,2025-01-26 13:12:00,1528.65,1528.87,1528.65,1528.87,0.01,30.98,47870.17,1
2025-01-26,2025-01-26 13:13:00,1528.87,1529.09,1528.87,1529.09,0.01,30.98,47870.17,1
2025-01-26,2025-01-26 13:14:00,1529.09,1529.31,1529.09,1529.31,0.01,30.98,47870.17,1
2025-01-26,2025-01-26 13:15:00,1529.31,1529.52,1529.31,1529.52,0.01,30.98,47870.17,1
2025-01-26,2025-01-26 13:16:00,1529.52,1529.74,1529.52,1529.74,0.01,30.98,47870.17,1
2025-01-26,2025-01-26 13:17:00,1529.74,1529.96,1529.74,1529.96,0.01,30.98,47870.17,1
2025-01-26,2025-01-26 13:18:00,1529.96,1530.17,1529.96,1530.17,0.01,30.98,47870.17,1
2025-01-26,2025-01-26 13:19:00,1530.17,1530.39,1530.17,1530.39,0.01,30.98,47870.17,1
2025-01-26,2025-01-26 13:20:00,1530.39,1530.61,1530.39,1530.61,0.01,30.98,47870.17,1
2025-01-26,2025-01-26 13:21:00,1530.61,1530.83,1530.61,1530.83,0.01,30.98,47870.17,1
2025-01-26,2025-01-26 13:22:00,1530.83,1531.04,1530.83,1531.04,0.01,30.98,47870.17,1
2025-01-26,2025-01-26 13:23:00,1531.04,1531.26,1531.04,1531.26,0.01,30.98,47870.17,1
2025-01-26,2025-01-26 13:24:00,1531.26,1531.48,1531.26,1531.48,0.01,30.98,47870.17,1
2025-01-26,2025-01-26 13:25:00,1531.48,1531.69,1531.48,1531.69,0.01,30.98,47870.17,1
2025-01-26,2025-01-26 13:26:00,1531.69,1531.91,1531.69,1531.91,0.01,30.98,47870.17,1
2025-01-26,2025-01-26 13:27:00,1531.91,1532.13,1531.91,1532.13,0.01,30.98,47870.17,1
2025-01-26,2025-01-26 13:28:00,1532.13,1532.35,1532.13,1532.35,0.01,30.98,47870.17,1
2025-01-26,2025-01-26 13:29:00,1532.35,1532.56,1532.35,1532.56,0.01,30.98,47870.17,1
2025-01-26,2025-01-26 13:30:00,1532.56,1532.78,1532.56,1532.78,0.01,30.98,47870.17,1
2025-01-26,2025-01-26 13:31:00,1532.78,1533.0,1532.78,1533.0,0.01,30.98,47870.17,1
2025-01-26,2025-01-26 13:32:00,1533.0,1533.21,1533.0,1533.21,0.01,30.98,47870.17,1
2025-01-26,2025-01-26 13:33:00,1533.21,1533.43,1533.21,1533.43,0.01,30.98,47870.17,1
2025-01-26,2025-01-26 13:34:00,1533.43,1533.65,1533.43,1533.65,0.01,30.98,47870.17,1
2025-01-26,2025-01-26 13:35:00,1533.65,1533.87,1533.65,1533.87,0.01,30.98,47870.17,1
2025-01-26,2025-01-26 13:36:00,1533.87,1534.08,1533.87,1534.08,0.01,30.98,47870.17,1
2025-01-26,2025-01-26 13:37:00,1534.08,1534.3,1534.08,1534.3,0.01,30.98,47870.17,1
2025-01-26,2025-01-26 13:38:00,1534.3,1534.52,1534.3,1534.52,0.01,30.98,47870.17,1
2025-01-26,2025-01-26 13:39:00,1534.52,1534.73,1534.52,1534.73,0.01,30.98,47870.17,1
2025-01-26,2025-01-26 13:40:00,1534.73,1534.95,1534.73,1534.95,0.01,30.98,47870.17,1
2025-01-26,2025-01-26 13:41:00,1534.95,1535.17,1534.95,1535.17,0.01,30.98,47870.17,1
2025-01-26,2025-01-26 13:42:00,1535.17,1535.38,1535.17,1535.38,0.01,30.98,47870.17,1
2025-01-26,2025-01-26 13:43:00,1535.38,1535.6,1535.38,1535.6,0.01,30.98,47870.17,1
2025-01-26,2025-01-26 13:44:00,1535.6,1535.82,1535.6,1535.82,0.01,30.98,47870.17,1
2025-01-26,2025-01-26 13:45:00,1535.82,1536.04,1535.82,1536.04,0.01,30.98,47870.17,1
2025-01-26,2025-01-26 13:46:00,1536.04,1536.25,1536.04,1536.25,0.01,30.98,47870.17,1
2025-01-26,2025-01-26 13:47:00,1536.25,1536.47,1536.25,1536.47,0.01,30.98,47870.17,1
2025-01-26,2025-01-26 13:48:00,1536.47,1536.69,1536.47,1536.69,0.01,30.98,47870.17,1
2025-01-26,2025-01-26 13:49:00,1536.69,1536.9,1536.69,1536.9,0.01,30.98,47870.17,1
2025-01-26,2025-01-26 13:50:00,1536.9,1537.12,1536.9,1537.12,0.01,30.98,47870.17,1
2025-01-26,2025-01-26 13:51:00,1537.12,1537.34,1537.12,1537.34,0.01,30.98,47870.17,1
2025-01-26,2025-01-26 13:52:00,1537.34,1537.56,1537.34,1537.56,0.01,30.98,47870.17,1
2025-01-26,2025-01-26 13:53:00,1537.56,1537.77,1537.56,1537.77,0.01,30.98,47870.17,1
2025-01-26,2025-01-26 13:54:00,1537.77,1537.99,1537.77,1537.99,0.01,30.98,47870.17,1
2025-01-26,2025-01-26 13:55:00,1537.99,1538.21,1537.99,1538.21,0.01,30.98,47870.17,1
2025-01-26,2025-01-26 13:56:00,1538.21,1538.42,1538.21,1538.42,0.01,30.98,47870.17,1
2025-01-26,2025-01-26 13:57:00,1538.42,1538.64,1538.42,1538.64,0.01,30.98,47870.17,1
2025-01-26,2025-01-26 13:58:00,1538.64,1538.86,1538.64,1538.86,0.01,30.98,47870.17,1
2025-01-26,2025-01-26 13:59:00,1538.86,1539.07,1538.86,1539.07,0.01,30.98,47870.17,1
2025-01-26,2025-01-26 14:00:00,1539.07,1539.29,1539.07,1539.29,0.01,30.98,47870.17,1
2025-01-26,2025-01-26 14:01:00,1539.29,1539.51,1539.29,1539.51,0.01,30.98,47870.17,1
2025-01-26,2025-01-26 14:02:00,1539.51,1539.73,1539.51,1539.73,0.01,30.98,47870.17,1
2025-01-26,2025-01-26 14:03:00,1539.73,1539.94,1539.73,1539.94,0.01,30.98,47870.17,1
2025-01-26,2025-01-26 14:04:00,1539.94,1540.16,1539.94,1540.16,0.01,30.98,47870.17,1
2025-01-26,2025-01-26 14:05:00,1540.16,1540.38,1540.16,1540.38,0.01,30.98,47870.17,1
2025-01-26,2025-01-26 14:06:00,1540.38,1540.59,1540.38,1540.59,0.01,30.98,47870.17,1
2025-01-26,2025-01-26 14:07:00,1540.59,1540.81,1540.59,1540.81,0.01,30.98,47870.17,1
2025-01-26,2025-01-26 14:08:00,1540.81,1541.03,1540.81,1541.03,0.01,30.98,47870.17,1
2025-01-26,2025-01-26 14:09:00,1541.03,1541.25,1541.03,1541.25,0.01,30.98,47870.17,1
2025-01-26,2025-01-26 14:10:00,1541.25,1541.46,1541.25,1541.46,0.01,30.98,47870.17,1
2025-01-26,2025-01-26 14:11:00,1541.46,1541.68,1541.46,1541.68,0.01,30.98,47870.17,1
2025-01-26,2025-01-26 14:12:00,1541.68,1541.9,1541.68,1541.9,0.01,30.98,47870.17,1
2025-01-26,2025-01-26 14:13:00,1541.9,1542.11,1541.9,1542.11,0.01,30.98,47870.17,1
2025-01-26,2025-01-26 14:14:00,1542.11,1542.33,1542.11,1542.33,0.01,30.98,47870.17,1
2025-01-26,2025-01-26 14:15:00,1542.33,1542.55,1542.33,1542.55,0.01,30.98,47870.17,1
2025-01-26,2025-01-26 14:16:00,1542.55,1542.77,1542.55,1542.77,0.01,30.98,47870.17,1
2025-01-26,2025-01-26 14:17:00,1542.77,1542.98,1542.77,1542.98,0.01,30.98,47870.17,1
2025-01-26,2025-01-26 14:18:00,1542.98,1543.2,1542.98,1543.2,0.01,30.98,47870.17,1
2025-01-26,2025-01-26 14:19:00,1543.2,1543.42,1543.2,1543.42,0.01,30.98,47870.17,1
2025-01-26,2025-01-26 14:20:00,1543.42,1543.63,1543.42,1543.63,0.01,30.98,47870.17,1
2025-01-26,2025-01-26 14:21:00,1543.63,1543.85,1543.63,1543.85,0.01,30.98,47870.17,1
2025-01-26,2025-01-26 14:22:00,1543.85,1544.07,1543.85,1544.07,0.01,30.98,47870.17,1
2025-01-26,2025-01-26 14:23:00,1544.07,1544.28,1544.07,1544.28,0.01,30.98,47870.17,1
2025-01-26,2025-01-26 14:24:00,1544.28,1544.5,1544.28,1544.5,0.01,30.98,47870.17,1
2025-01-26,2025-01-26 14:25:00,1544.5,1544.72,1544.5,1544.72,0.01,30.98,47870.17,1
2025-01-26,2025-01-26 14:26:00,1544.72,1544.94,1544.72,1544.94,0.01,30.98,47870.17,1
2025-01-26,2025-01-26 14:27:00,1544.94,1545.15,1544.94,1545.15,0.01,30.98,47870.17,1
2025-01-26,2025-01-26 14:28:00,1545.15,1545.37,1545.15,1545.37,0.01,30.98,47870.17,1
2025-01-26,2025-01-26 14:29:00,1545.37,1545.59,1545.37,1545.59,0.01,30.98,47870.17,1
2025-01-26,2025-01-26 14:30:00,1545.59,1545.8,1545.59,1545.8,0.01,30.98,47870.17,1
2025-01-26,2025-01-26 14:31:00,1545.8,1546.02,1545.8,1546.02,0.01,30.98,47870.17,1
2025-01-26,2025-01-26 14:32:00,1546.02,1546.24,1546.02,1546.24,0.01,30.98,47870.17,1
2025-01-26,2025-01-26 14:33:00,1546.24,1546.46,1546.24,1546.46,0.01,30.98,47870.17,1
2025-01-26,2025-01-26 14:34:00,1546.46,1546.67,1546.46,1546.67,0.01,30.98,47870.17,1
2025-01-26,2025-01-26 14:35:00,1546.67,1546.89,1546.67,1546.89,0.01,30.98,47870.17,1
2025-01-26,2025-01-26 14:36:00,1546.89,1547.11,1546.89,1547.11,0.01,30.98,47870.17,1
2025-01-26,2025-01-26 14:37:00,1547.11,1547.32,1547.11,1547.32,0.01,30.98,47870.17,1
2025-01-26,2025-01-26 14:38:00,1547.32,1547.54,1547.32,1547.54,0.01,30.98,47870.17,1
2025-01-26,2025-01-26 14:39:00,1547.54,1547.76,1547.54,1547.76,0.01,30.98,47870.17,1
2025-01-26,2025-01-26 14:40:00,1547.76,1547.98,1547.76,1547.98,0.01,30.98,47870.17,1
2025-01-26,2025-01-26 14:41:00,1547.98,1548.19,1547.98,1548.19,0.01,30.98,47870.17,1
2025-01-26,2025-01-26 14:42:00,1548.19,1548.41,1548.19,1548.41,0.01,30.98,47870.17,1
2025-01-26,2025-01-26 14:43:00,1548.41,1548.63,1548.41,1548.63,0.01,30.98,47870.17,1
2025-01-26,2025-01-26 14:44:00,1548.63,1548.84,1548.63,1548.84,0.01,30.98,47870.17,1
2025-01-26,2025-01-26 14:45:00,1548.84,1549.06,1548.84,1549.06,0.01,30.98,47870.17,1
2025-01-26,2025-01-26 14:46:00,1549.06,1549.28,1549.06,1549.28,0.01,30.98,47870.17,1
2025-01-26,2025-01-26 14:47:00,1549.28,1549.49,1549.28,1549.49,0.01,30.98,47870.17,1
2025-01-26,2025-01-26 14:48:00,1549.49,1549.71,1549.49,1549.71,0.01,30.98,47870.17,1
2025-01-26,2025-01-26 14:49:00,1549.71,1549.93,1549.71,1549.93,0.01,30.98,47870.17,1
2025-01-26,2025-01-26 14:50:00,1549.93,1550.15,1549.93,1550.15,0.01,30.98,47870.17,1
2025-01-26,2025-01-26 14:51:00,1550.15,1550.36,1550.15,1550.36,0.01,30.98,47870.17,1
2025-01-26,2025-01-26 14:52:00,1550.36,1550.58,1550.36,1550.58,0.01,30.98,47870.17,1
2025-01-26,2025-01-26 14:53:00,1550.58,1550.8,1550.58,1550.8,0.01,30.98,47870.17,1
2025-01-26,2025-01-26 14:54:00,1550.8,1551.01,1550.8,1551.01,0.01,30.98,47870.17,1
2025-01-26,2025-01-26 14:55:00,1551.01,1551.23,1551.01,1551.23,0.01,30.98,47870.17,1
2025-01-26,2025-01-26 14:56:00,1551.23,1551.45,1551.23,1551.45,0.01,30.98,47870.17,1
2025-01-26,2025-01-26 14:57:00,1551.45,1551.67,1551.45,1551.67,0.01,30.98,47870.17,1
2025-01-26,2025-01-26 14:58:00,1551.67,1551.88,1551.67,1551.88,0.01,30.98,47870.17,1
2025-01-26,2025-01-26 14:59:00,1551.88,1552.1,1551.88,1552.1,0.01,30.98,47870.17,1
2025-01-26,2025-01-26 15:00:00,1552.1,1586.1,1500.0,1552.1,0.0,30.98,47870.17,0
2025-01-27,2025-01-27 11:00:00,1523.0,1567.1,1523.0,1523.5,0.03,106.09,173860.4,1
2025-01-27,2025-01-27 11:01:00,1523.5,1524.0,1523.5,1524.0,0.03,106.09,173860.4,1
2025-01-27,2025-01-27 11:02:00,1524.0,1524.5,1524.0,1524.5,0.03,106.09,173860.4,1
2025-01-27,2025-01-27 11:03:00,1524.5,1525.0,1524.5,1525.0,0.03,106.09,173860.4,1
2025-01-27,2025-01-27 11:04:00,1525.0,1525.5,1525.0,1525.5,0.03,106.09,173860.4,1
2025-01-27,2025-01-27 11:05:00,1525.5,1526.0,1525.5,1526.0,0.03,106.09,173860.4,1
2025-01-27,2025-01-27 11:06:00,1526.0,1526.5,1526.0,1526.5,0.03,106.09,173860.4,1
2025-01-27,2025-01-27 11:07:00,1526.5,1527.0,1526.5,1527.0,0.03,106.09,173860.4,1
2025-01-27,2025-01-27 11:08:00,1527.0,1527.5,1527.0,1527.5,0.03,106.09,173860.4,1
2025-01-27,2025-01-27 11:09:00,1527.5,1528.0,1527.5,1528.0,0.03,106.09,173860.4,1
2025-01-27,2025-01-27 11:10:00,1528.0,1528.5,1528.0,1528.5,0.03,106.09,173860.4,1
2025-01-27,2025-01-27 11:11:00,1528.5,1529.0,1528.5,1529.0,0.03,106.09,173860.4,1
2025-01-27,2025-01-27 11:12:00,1529.0,1529.5,1529.0,1529.5,0.03,106.09,173860.4,1
2025-01-27,2025-01-27 11:13:00,1529.5,1530.0,1529.5,1530.0,0.03,106.09,173860.4,1
2025-01-27,2025-01-27 11:14:00,1530.0,1530.5,1530.0,1530.5,0.03,106.09,173860.4,1
2025-01-27,2025-01-27 11:15:00,1530.5,1531.0,1530.5,1531.0,0.03,106.09,173860.4,1
2025-01-27,2025-01-27 11:16:00,1531.0,1531.5,1531.0,1531.5,0.03,106.09,173860.4,1
2025-01-27,2025-01-27 11:17:00,1531.5,1532.0,1531.5,1532.0,0.03,106.09,173860.4,1
2025-01-27,2025-01-27 11:18:00,1532.0,1532.5,1532.0,1532.5,0.03,106.09,173860.4,1
2025-01-27,2025-01-27 11:19:00,1532.5,1533.0,1532.5,1533.0,0.03,106.09,173860.4,1
2025-01-27,2025-01-27 11:20:00,1533.0,1533.5,1533.0,1533.5,0.03,106.09,173860.4,1
2025-01-27,2025-01-27 11:21:00,1533.5,1534.0,1533.5,1534.0,0.03,106.09,173860.4,1
2025-01-27,2025-01-27 11:22:00,1534.0,1534.5,1534.0,1534.5,0.03,106.09,173860.4,1
2025-01-27,2025-01-27 11:23:00,1534.5,1535.0,1534.5,1535.0,0.03,106.09,173860.4,1
2025-01-27,2025-01-27 11:24:00,1535.0,1535.5,1535.0,1535.5,0.03,106.09,173860.4,1
2025-01-27,2025-01-27 11:25:00,1535.5,1536.0,1535.5,1536.0,0.03,106.09,173860.4,1
2025-01-27,2025-01-27 11:26:00,1536.0,1536.5,1536.0,1536.5,0.03,106.09,173860.4,1
2025-01-27,2025-01-27 11:27:00,1536.5,1537.0,1536.5,1537.0,0.03,106.09,173860.4,1
2025-01-27,2025-01-27 11:28:00,1537.0,1537.5,1537.0,1537.5,0.03,106.09,173860.4,1
2025-01-27,2025-01-27 11:29:00,1537.5,1538.0,1537.5,1538.0,0.03,106.09,173860.4,1
2025-01-27,2025-01-27 11:30:00,1538.0,1538.5,1538.0,1538.5,0.03,106.09,173860.4,1
2025-01-27,2025-01-27 11:31:00,1538.5,1539.0,1538.5,1539.0,0.03,106.09,173860.4,1
2025-01-27,2025-01-27 11:32:00,1539.0,1539.5,1539.0,1539.5,0.03,106.09,173860.4,1
2025-01-27,2025-01-27 11:33:00,1539.5,1540.0,1539.5,1540.0,0.03,106.09,173860.4,1
2025-01-27,2025-01-27 11:34:00,1540.0,1540.5,1540.0,1540.5,0.03,106.09,173860.4,1
2025-01-27,2025-01-27 11:35:00,1540.5,1541.0,1540.5,1541.0,0.03,106.09,173860.4,1
2025-01-27,2025-01-27 11:36:00,1541.0,1541.5,1541.0,1541.5,0.03,106.09,173860.4,1
2025-01-27,2025-01-27 11:37:00,1541.5,1542.0,1541.5,1542.0,0.03,106.09,173860.4,1
2025-01-27,2025-01-27 11:38:00,1542.0,1542.5,1542.0,1542.5,0.03,106.09,173860.4,1
2025-01-27,2025-01-27 11:39:00,1542.5,1543.0,1542.5,1543.0,0.03,106.09,173860.4,1
2025-01-27,2025-01-27 11:40:00,1543.0,1543.5,1543.0,1543.5,0.03,106.09,173860.4,1
2025-01-27,2025-01-27 11:41:00,1543.5,1544.0,1543.5,1544.0,0.03,106.09,173860.4,1
2025-01-27,2025-01-27 11:42:00,1544.0,1544.5,1544.0,1544.5,0.03,106.09,173860.4,1
2025-01-27,2025-01-27 11:43:00,1544.5,1545.0,1544.5,1545.0,0.03,106.09,173860.4,1
2025-01-27,2025-01-27 11:44:00,1545.0,1545.5,1545.0,1545.5,0.03,106.09,173860.4,1
2025-01-27,2025-01-27 11:45:00,1545.5,1546.0,1545.5,1546.0,0.03,106.09,173860.4,1
2025-01-27,2025-01-27 11:46:00,1546.0,1546.5,1546.0,1546.5,0.03,106.09,173860.4,1
2025-01-27,2025-01-27 11:47:00,1546.5,1547.0,1546.5,1547.0,0.03,106.09,173860.4,1
2025-01-27,2025-01-27 11:48:00,1547.0,1547.5,1547.0,1547.5,0.03,106.09,173860.4,1
2025-01-27,2025-01-27 11:49:00,1547.5,1548.0,1547.5,1548.0,0.03,106.09,173860.4,1
2025-01-27,2025-01-27 11:50:00,1548.0,1548.5,1548.0,1548.5,0.03,106.09,173860.4,1
2025-01-27,2025-01-27 11:51:00,1548.5,1549.0,1548.5,1549.0,0.03,106.09,173860.4,1
2025-01-27,2025-01-27 11:52:00,1549.0,1549.5,1549.0,1549.5,0.03,106.09,173860.4,1
2025-01-27,2025-01-27 11:53:00,1549.5,1550.0,1549.5,1550.0,0.03,106.09,173860.4,1
2025-01-27,2025-01-27 11:54:00,1550.0,1550.5,1550.0,1550.5,0.03,106.09,173860.4,1
2025-01-27,2025-01-27 11:55:00,1550.5,1551.0,1550.5,1551.0,0.03,106.09,173860.4,1
2025-01-27,2025-01-27 11:56:00,1551.0,1551.5,1551.0,1551.5,0.03,106.09,173860.4,1
2025-01-27,2025-01-27 11:57:00,1551.5,1552.0,1551.5,1552.0,0.03,106.09,173860.4,1
2025-01-27,2025-01-27 11:58:00,1552.0,1552.5,1552.0,1552.5,0.03,106.09,173860.4,1
2025-01-27,2025-01-27 11:59:00,1552.5,1553.0,1552.5,1553.0,0.03,106.09,173860.4,1
2025-01-27,2025-01-27 12:00:00,1553.0,1553.5,1553.0,1553.5,0.03,106.09,173860.4,1
2025-01-27,2025-01-27 12:01:00,1553.5,1554.0,1553.5,1554.0,0.03,106.09,173860.4,1
2025-01-27,2025-01-27 12:02:00,1554.0,1554.5,1554.0,1554.5,0.03,106.09,173860.4,1
2025-01-27,2025-01-27 12:03:00,1554.5,1555.0,1554.5,1555.0,0.03,106.09,173860.4,1
2025-01-27,2025-01-27 12:04:00,1555.0,1555.5,1555.0,1555.5,0.03,106.09,173860.4,1
2025-01-27,2025-01-27 12:05:00,1555.5,1556.0,1555.5,1556.0,0.03,106.09,173860.4,1
2025-01-27,2025-01-27 12:06:00,1556.0,1556.5,1556.0,1556.5,0.03,106.09,173860.4,1
2025-01-27,2025-01-27 12:07:00,1556.5,1557.0,1556.5,1557.0,0.03,106.09,173860.4,1
2025-01-27,2025-01-27 12:08:00,1557.0,1557.5,1557.0,1557.5,0.03,106.09,173860.4,1
2025-01-27,2025-01-27 12:09:00,1557.5,1558.0,1557.5,1558.0,0.03,106.09,173860.4,1
2025-01-27,2025-01-27 12:10:00,1558.0,1558.5,1558.0,1558.5,0.03,106.09,173860.4,1
2025-01-27,2025-01-27 12:11:00,1558.5,1559.0,1558.5,1559.0,0.03,106.09,173860.4,1
2025-01-27,2025-01-27 12:12:00,1559.0,1559.5,1559.0,1559.5,0.03,106.09,173860.4,1
2025-01-27,2025-01-27 12:13:00,1559.5,1560.0,1559.5,1560.0,0.03,106.09,173860.4,1
2025-01-27,2025-01-27 12:14:00,1560.0,1560.5,1560.0,1560.5,0.03,106.09,173860.4,1
2025-01-27,2025-01-27 12:15:00,1560.5,1561.0,1560.5,1561.0,0.03,106.09,173860.4,1
2025-01-27,2025-01-27 12:16:00,1561.0,1561.5,1561.0,1561.5,0.03,106.09,173860.4,1
2025-01-27,2025-01-27 12:17:00,1561.5,1562.0,1561.5,1562.0,0.03,106.09,173860.4,1
2025-01-27,2025-01-27 12:18:00,1562.0,1562.5,1562.0,1562.5,0.03,106.09,173860.4,1
2025-01-27,2025-01-27 12:19:00,1562.5,1563.0,1562.5,1563.0,0.03,106.09,173860.4,1
2025-01-27,2025-01-27 12:20:00,1563.0,1563.5,1563.0,1563.5,0.03,106.09,173860.4,1
2025-01-27,2025-01-27 12:21:00,1563.5,1564.0,1563.5,1564.0,0.03,106.09,173860.4,1
2025-01-27,2025-01-27 12:22:00,1564.0,1564.5,1564.0,1564.5,0.03,106.09,173860.4,1
2025-01-27,2025-01-27 12:23:00,1564.5,1565.0,1564.5,1565.0,0.03,106.09,173860.4,1
2025-01-27,2025-01-27 12:24:00,1565.0,1565.5,1565.0,1565.5,0.03,106.09,173860.4,1
2025-01-27,2025-01-27 12:25:00,1565.5,1566.0,1565.5,1566.0,0.03,106.09,173860.4,1
2025-01-27,2025-01-27 12:26:00,1566.0,1566.5,1566.0,1566.5,0.03,106.09,173860.4,1
2025-01-27,2025-01-27 12:27:00,1566.5,1567.0,1566.5,1567.0,0.03,106.09,173860.4,1
2025-01-27,2025-01-27 12:28:00,1567.0,1567.5,1567.0,1567.5,0.03,106.09,173860.4,1
2025-01-27,2025-01-27 12:29:00,1567.5,1568.0,1567.5,1568.0,0.03,106.09,173860.4,1
2025-01-27,2025-01-27 12:30:00,1568.0,1568.5,1568.0,1568.5,0.03,106.09,173860.4,1
2025-01-27,2025-01-27 12:31:00,1568.5,1569.0,1568.5,1569.0,0.03,106.09,173860.4,1
2025-01-27,2025-01-27 12:32:00,1569.0,1569.5,1569.0,1569.5,0.03,106.09,173860.4,1
2025-01-27,2025-01-27 12:33:00,1569.5,1570.0,1569.5,1570.0,0.03,106.09,173860.4,1
2025-01-27,2025-01-27 12:34:00,1570.0,1570.5,1570.0,1570.5,0.03,106.09,173860.4,1
2025-01-27,2025-01-27 12:35:00,1570.5,1571.0,1570.5,1571.0,0.03,106.09,173860.4,1
2025-01-27,2025-01-27 12:36:00,1571.0,1571.5,1571.0,1571.5,0.03,106.09,173860.4,1
2025-01-27,2025-01-27 12:37:00,1571.5,1572.0,1571.5,1572.0,0.03,106.09,173860.4,1
2025-01-27,2025-01-27 12:38:00,1572.0,1572.5,1572.0,1572.5,0.03,106.09,173860.4,1
2025-01-27,2025-01-27 12:39:00,1572.5,1573.0,1572.5,1573.0,0.03,106.09,173860.4,1
2025-01-27,2025-01-27 12:40:00,1573.0,1573.5,1573.0,1573.5,0.03,106.09,173860.4,1
2025-01-27,2025-01-27 12:41:00,1573.5,1574.0,1573.5,1574.0,0.03,106.09,173860.4,1
2025-01-27,2025-01-27 12:42:00,1574.0,1574.5,1574.0,1574.5,0.03,106.09,173860.4,1
2025-01-27,2025-01-27 12:43:00,1574.5,1575.0,1574.5,1575.0,0.03,106.09,173860.4,1
2025-01-27,2025-01-27 12:44:00,1575.0,1575.5,1575.0,1575.5,0.03,106.09,173860.4,1
2025-01-27,2025-01-27 12:45:00,1575.5,1576.0,1575.5,1576.0,0.03,106.09,173860.4,1
2025-01-27,2025-01-27 12:46:00,1576.0,1576.5,1576.0,1576.5,0.03,106.09,173860.4,1
2025-01-27,2025-01-27 12:47:00,1576.5,1577.0,1576.5,1577.0,0.03,106.09,173860.4,1
2025-01-27,2025-01-27 12:48:00,1577.0,1577.5,1577.0,1577.5,0.03,106.09,173860.4,1
2025-01-27,2025-01-27 12:49:00,1577.5,1578.0,1577.5,1578.0,0.03,106.09,173860.4,1
2025-01-27,2025-01-27 12:50:00,1578.0,1578.5,1578.0,1578.5,0.03,106.09,173860.4,1
2025-01-27,2025-01-27 12:51:00,1578.5,1579.0,1578.5,1579.0,0.03,106.09,173860.4,1
2025-01-27,2025-01-27 12:52:00,1579.0,1579.5,1579.0,1579.5,0.03,106.09,173860.4,1
2025-01-27,2025-01-27 12:53:00,1579.5,1580.0,1579.5,1580.0,0.03,106.09,173860.4,1
2025-01-27,2025-01-27 12:54:00,1580.0,1580.5,1580.0,1580.5,0.03,106.09,173860.4,1
2025-01-27,2025-01-27 12:55:00,1580.5,1581.0,1580.5,1581.0,0.03,106.09,173860.4,1
2025-01-27,2025-01-27 12:56:00,1581.0,1581.5,1581.0,1581.5,0.03,106.09,173860.4,1
2025-01-27,2025-01-27 12:57:00,1581.5,1582.0,1581.5,1582.0,0.03,106.09,173860.4,1
2025-01-27,2025-01-27 12:58:00,1582.0,1582.5,1582.0,1582.5,0.03,106.09,173860.4,1
2025-01-27,2025-01-27 12:59:00,1582.5,1583.0,1582.5,1583.0,0.03,106.09,173860.4,1
2025-01-27,2025-01-27 13:00:00,1583.0,1670.0,1523.0,1583.5,0.03,106.09,173860.4,1
2025-01-27,2025-01-27 13:01:00,1583.5,1584.0,1583.5,1584.0,0.03,106.09,173860.4,1
2025-01-27,2025-01-27 13:02:00,1584.0,1584.5,1584.0,1584.5,0.03,106.09,173860.4,1
2025-01-27,2025-01-27 13:03:00,1584.5,1585.0,1584.5,1585.0,0.03,106.09,173860.4,1
2025-01-27,2025-01-27 13:04:00,1585.0,1585.5,1585.0,1585.5,0.03,106.09,173860.4,1
2025-01-27,2025-01-27 13:05:00,1585.5,1586.0,1585.5,1586.0,0.03,106.09,173860.4,1
2025-01-27,2025-01-27 13:06:00,1586.0,1586.5,1586.0,1586.5,0.03,106.09,173860.4,1
2025-01-27,2025-01-27 13:07:00,1586.5,1587.0,1586.5,1587.0,0.03,106.09,173860.4,1
2025-01-27,2025-01-27 13:08:00,1587.0,1587.5,1587.0,1587.5,0.03,106.09,173860.4,1
2025-01-27,2025-01-27 13:09:00,1587.5,1588.0,1587.5,1588.0,0.03,106.09,173860.4,1
2025-01-27,2025-01-27 13:10:00,1588.0,1588.5,1588.0,1588.5,0.03,106.09,173860.4,1
2025-01-27,2025-01-27 13:11:00,1588.5,1589.0,1588.5,1589.0,0.03,106.09,173860.4,1
2025-01-27,2025-01-27 13:12:00,1589.0,1589.5,1589.0,1589.5,0.03,106.09,173860.4,1
2025-01-27,2025-01-27 13:13:00,1589.5,1590.0,1589.5,1590.0,0.03,106.09,173860.4,1
2025-01-27,2025-01-27 13:14:00,1590.0,1590.5,1590.0,1590.5,0.03,106.09,173860.4,1
2025-01-27,2025-01-27 13:15:00,1590.5,1591.0,1590.5,1591.0,0.03,106.09,173860.4,1
2025-01-27,2025-01-27 13:16:00,1591.0,1591.5,1591.0,1591.5,0.03,106.09,173860.4,1
2025-01-27,2025-01-27 13:17:00,1591.5,1592.0,1591.5,1592.0,0.03,106.09,173860.4,1
2025-01-27,2025-01-27 13:18:00,1592.0,1592.5,1592.0,1592.5,0.03,106.09,173860.4,1
2025-01-27,2025-01-27 13:19:00,1592.5,1593.0,1592.5,1593.0,0.03,106.09,173860.4,1
2025-01-27,2025-01-27 13:20:00,1593.0,1593.5,1593.0,1593.5,0.03,106.09,173860.4,1
2025-01-27,2025-01-27 13:21:00,1593.5,1594.0,1593.5,1594.0,0.03,106.09,173860.4,1
2025-01-27,2025-01-27 13:22:00,1594.0,1594.5,1594.0,1594.5,0.03,106.09,173860.4,1
2025-01-27,2025-01-27 13:23:00,1594.5,1595.0,1594.5,1595.0,0.03,106.09,173860.4,1
2025-01-27,2025-01-27 13:24:00,1595.0,1595.5,1595.0,1595.5,0.03,106.09,173860.4,1
2025-01-27,2025-01-27 13:25:00,1595.5,1596.0,1595.5,1596.0,0.03,106.09,173860.4,1
2025-01-27,2025-01-27 13:26:00,1596.0,1596.5,1596.0,1596.5,0.03,106.09,173860.4,1
2025-01-27,2025-01-27 13:27:00,1596.5,1597.0,1596.5,1597.0,0.03,106.09,173860.4,1
2025-01-27,2025-01-27 13:28:00,1597.0,1597.5,1597.0,1597.5,0.03,106.09,173860.4,1
2025-01-27,2025-01-27 13:29:00,1597.5,1598.0,1597.5,1598.0,0.03,106.09,173860.4,1
2025-01-27,2025-01-27 13:30:00,1598.0,1598.5,1598.0,1598.5,0.03,106.09,173860.4,1
2025-01-27,2025-01-27 13:31:00,1598.5,1599.0,1598.5,1599.0,0.03,106.09,173860.4,1
2025-01-27,2025-01-27 13:32:00,1599.0,1599.5,1599.0,1599.5,0.03,106.09,173860.4,1
2025-01-27,2025-01-27 13:33:00,1599.5,1600.0,1599.5,1600.0,0.03,106.09,173860.4,1
2025-01-27,2025-01-27 13:34:00,1600.0,1600.5,1600.0,1600.5,0.03,106.09,173860.4,1
2025-01-27,2025-01-27 13:35:00,1600.5,1601.0,1600.5,1601.0,0.03,106.09,173860.4,1
2025-01-27,2025-01-27 13:36:00,1601.0,1601.5,1601.0,1601.5,0.03,106.09,173860.4,1
2025-01-27,2025-01-27 13:37:00,1601.5,1602.0,1601.5,1602.0,0.03,106.09,173860.4,1
2025-01-27,2025-01-27 13:38:00,1602.0,1602.5,1602.0,1602.5,0.03,106.09,173860.4,1
2025-01-27,2025-01-27 13:39:00,1602.5,1603.0,1602.5,1603.0,0.03,106.09,173860.4,1
2025-01-27,2025-01-27 13:40:00,1603.0,1603.5,1603.0,1603.5,0.03,106.09,173860.4,1
2025-01-27,2025-01-27 13:41:00,1603.5,1604.0,1603.5,1604.0,0.03,106.09,173860.4,1
2025-01-27,2025-01-27 13:42:00,1604.0,1604.5,1604.0,1604.5,0.03,106.09,173860.4,1
2025-01-27,2025-01-27 13:43:00,1604.5,1605.0,1604.5,1605.0,0.03,106.09,173860.4,1
2025-01-27,2025-01-27 13:44:00,1605.0,1605.5,1605.0,1605.5,0.03,106.09,173860.4,1
2025-01-27,2025-01-27 13:45:00,1605.5,1606.0,1605.5,1606.0,0.03,106.09,173860.4,1
2025-01-27,2025-01-27 13:46:00,1606.0,1606.5,1606.0,1606.5,0.03,106.09,173860.4,1
2025-01-27,2025-01-27 13:47:00,1606.5,1607.0,1606.5,1607.0,0.03,106.09,173860.4,1
2025-01-27,2025-01-27 13:48:00,1607.0,1607.5,1607.0,1607.5,0.03,106.09,173860.4,1
2025-01-27,2025-01-27 13:49:00,1607.5,1608.0,1607.5,1608.0,0.03,106.09,173860.4,1
2025-01-27,2025-01-27 13:50:00,1608.0,1608.5,1608.0,1608.5,0.03,106.09,173860.4,1
2025-01-27,2025-01-27 13:51:00,1608.5,1609.0,1608.5,1609.0,0.03,106.09,173860.4,1
2025-01-27,2025-01-27 13:52:00,1609.0,1609.5,1609.0,1609.5,0.03,106.09,173860.4,1
2025-01-27,2025-01-27 13:53:00,1609.5,1610.0,1609.5,1610.0,0.03,106.09,173860.4,1
2025-01-27,2025-01-27 13:54:00,1610.0,1610.5,1610.0,1610.5,0.03,106.09,173860.4,1
2025-01-27,2025-01-27 13:55:00,1610.5,1611.0,1610.5,1611.0,0.03,106.09,173860.4,1
2025-01-27,2025-01-27 13:56:00,1611.0,1611.5,1611.0,1611.5,0.03,106.09,173860.4,1
2025-01-27,2025-01-27 13:57:00,1611.5,1612.0,1611.5,1612.0,0.03,106.09,173860.4,1
2025-01-27,2025-01-27 13:58:00,1612.0,1612.5,1612.0,1612.5,0.03,106.09,173860.4,1
2025-01-27,2025-01-27 13:59:00,1612.5,1613.0,1612.5,1613.0,0.03,106.09,173860.4,1
2025-01-27,2025-01-27 14:00:00,1613.0,1613.5,1613.0,1613.5,0.03,106.09,173860.4,1
2025-01-27,2025-01-27 14:01:00,1613.5,1614.0,1613.5,1614.0,0.03,106.09,173860.4,1
2025-01-27,2025-01-27 14:02:00,1614.0,1614.5,1614.0,1614.5,0.03,106.09,173860.4,1
2025-01-27,2025-01-27 14:03:00,1614.5,1615.0,1614.5,1615.0,0.03,106.09,173860.4,1
2025-01-27,2025-01-27 14:04:00,1615.0,1615.5,1615.0,1615.5,0.03,106.09,173860.4,1
2025-01-27,2025-01-27 14:05:00,1615.5,1616.0,1615.5,1616.0,0.03,106.09,173860.4,1
2025-01-27,2025-01-27 14:06:00,1616.0,1616.5,1616.0,1616.5,0.03,106.09,173860.4,1
2025-01-27,2025-01-27 14:07:00,1616.5,1617.0,1616.5,1617.0,0.03,106.09,173860.4,1
2025-01-27,2025-01-27 14:08:00,1617.0,1617.5,1617.0,1617.5,0.03,106.09,173860.4,1
2025-01-27,2025-01-27 14:09:00,1617.5,1618.0,1617.5,1618.0,0.03,106.09,173860.4,1
2025-01-27,2025-01-27 14:10:00,1618.0,1618.5,1618.0,1618.5,0.03,106.09,173860.4,1
2025-01-27,2025-01-27 14:11:00,1618.5,1619.0,1618.5,1619.0,0.03,106.09,173860.4,1
2025-01-27,2025-01-27 14:12:00,1619.0,1619.5,1619.0,1619.5,0.03,106.09,173860.4,1
2025-01-27,2025-01-27 14:13:00,1619.5,1620.0,1619.5,1620.0,0.03,106.09,173860.4,1
2025-01-27,2025-01-27 14:14:00,1620.0,1620.5,1620.0,1620.5,0.03,106.09,173860.4,1
2025-01-27,2025-01-27 14:15:00,1620.5,1621.0,1620.5,1621.0,0.03,106.09,173860.4,1
2025-01-27,2025-01-27 14:16:00,1621.0,1621.5,1621.0,1621.5,0.03,106.09,173860.4,1
2025-01-27,2025-01-27 14:17:00,1621.5,1622.0,1621.5,1622.0,0.03,106.09,173860.4,1
2025-01-27,2025-01-27 14:18:00,1622.0,1622.5,1622.0,1622.5,0.03,106.09,173860.4,1
2025-01-27,2025-01-27 14:19:00,1622.5,1623.0,1622.5,1623.0,0.03,106.09,173860.4,1
2025-01-27,2025-01-27 14:20:00,1623.0,1623.5,1623.0,1623.5,0.03,106.09,173860.4,1
2025-01-27,2025-01-27 14:21:00,1623.5,1624.0,1623.5,1624.0,0.03,106.09,173860.4,1
2025-01-27,2025-01-27 14:22:00,1624.0,1624.5,1624.0,1624.5,0.03,106.09,173860.4,1
2025-01-27,2025-01-27 14:23:00,1624.5,1625.0,1624.5,1625.0,0.03,106.09,173860.4,1
2025-01-27,2025-01-27 14:24:00,1625.0,1625.5,1625.0,1625.5,0.03,106.09,173860.4,1
2025-01-27,2025-01-27 14:25:00,1625.5,1626.0,1625.5,1626.0,0.03,106.09,173860.4,1
2025-01-27,2025-01-27 14:26:00,1626.0,1626.5,1626.0,1626.5,0.03,106.09,173860.4,1
2025-01-27,2025-01-27 14:27:00,1626.5,1627.0,1626.5,1627.0,0.03,106.09,173860.4,1
2025-01-27,2025-01-27 14:28:00,1627.0,1627.5,1627.0,1627.5,0.03,106.09,173860.4,1
2025-01-27,2025-01-27 14:29:00,1627.5,1628.0,1627.5,1628.0,0.03,106.09,173860.4,1
2025-01-27,2025-01-27 14:30:00,1628.0,1628.5,1628.0,1628.5,0.03,106.09,173860.4,1
2025-01-27,2025-01-27 14:31:00,1628.5,1629.0,1628.5,1629.0,0.03,106.09,173860.4,1
2025-01-27,2025-01-27 14:32:00,1629.0,1629.5,1629.0,1629.5,0.03,106.09,173860.4,1
2025-01-27,2025-01-27 14:33:00,1629.5,1630.0,1629.5,1630.0,0.03,106.09,173860.4,1
2025-01-27,2025-01-27 14:34:00,1630.0,1630.5,1630.0,1630.5,0.03,106.09,173860.4,1
2025-01-27,2025-01-27 14:35:00,1630.5,1631.0,1630.5,1631.0,0.03,106.09,173860.4,1
2025-01-27,2025-01-27 14:36:00,1631.0,1631.5,1631.0,1631.5,0.03,106.09,173860.4,1
2025-01-27,2025-01-27 14:37:00,1631.5,1632.0,1631.5,1632.0,0.03,106.09,173860.4,1
2025-01-27,2025-01-27 14:38:00,1632.0,1632.5,1632.0,1632.5,0.03,106.09,173860.4,1
2025-01-27,2025-01-27 14:39:00,1632.5,1633.0,1632.5,1633.0,0.03,106.09,173860.4,1
2025-01-27,2025-01-27 14:40:00,1633.0,1633.5,1633.0,1633.5,0.03,106.09,173860.4,1
2025-01-27,2025-01-27 14:41:00,1633.5,1634.0,1633.5,1634.0,0.03,106.09,173860.4,1
2025-01-27,2025-01-27 14:42:00,1634.0,1634.5,1634.0,1634.5,0.03,106.09,173860.4,1
2025-01-27,2025-01-27 14:43:00,1634.5,1635.0,1634.5,1635.0,0.03,106.09,173860.4,1
2025-01-27,2025-01-27 14:44:00,1635.0,1635.5,1635.0,1635.5,0.03,106.09,173860.4,1
2025-01-27,2025-01-27 14:45:00,1635.5,1636.0,1635.5,1636.0,0.03,106.09,173860.4,1
2025-01-27,2025-01-27 14:46:00,1636.0,1636.5,1636.0,1636.5,0.03,106.09,173860.4,1
2025-01-27,2025-01-27 14:47:00,1636.5,1637.0,1636.5,1637.0,0.03,106.09,173860.4,1
2025-01-27,2025-01-27 14:48:00,1637.0,1637.5,1637.0,1637.5,0.03,106.09,173860.4,1
2025-01-27,2025-01-27 14:49:00,1637.5,1638.0,1637.5,1638.0,0.03,106.09,173860.4,1
2025-01-27,2025-01-27 14:50:00,1638.0,1638.5,1638.0,1638.5,0.03,106.09,173860.4,1
2025-01-27,2025-01-27 14:51:00,1638.5,1639.0,1638.5,1639.0,0.03,106.09,173860.4,1
2025-01-27,2025-01-27 14:52:00,1639.0,1639.5,1639.0,1639.5,0.03,106.09,173860.4,1
2025-01-27,2025-01-27 14:53:00,1639.5,1640.0,1639.5,1640.0,0.03,106.09,173860.4,1
2025-01-27,2025-01-27 14:54:00,1640.0,1640.5,1640.0,1640.5,0.03,106.09,173860.4,1
2025-01-27,2025-01-27 14:55:00,1640.5,1641.0,1640.5,1641.0,0.03,106.09,173860.4,1
2025-01-27,2025-01-27 14:56:00,1641.0,1641.5,1641.0,1641.5,0.03,106.09,173860.4,1
2025-01-27,2025-01-27 14:57:00,1641.5,1642.0,1641.5,1642.0,0.03,106.09,173860.4,1
2025-01-27,2025-01-27 14:58:00,1642.0,1642.5,1642.0,1642.5,0.03,106.09,173860.4,1
2025-01-27,2025-01-27 14:59:00,1642.5,1643.0,1642.5,1643.0,0.03,106.09,173860.4,1
2025-01-27,2025-01-27 15:00:00,1643.0,1670.0,1523.0,1643.0,0.0,106.09,173860.4,0
2025-01-28,2025-01-28 11:00:00,1625.0,1643.0,1625.0,1625.11,0.01,44.61,74056.71,1
2025-01-28,2025-01-28 11:01:00,1625.11,1625.23,1625.11,1625.23,0.01,44.61,74056.71,1
2025-01-28,2025-01-28 11:02:00,1625.23,1625.34,1625.23,1625.34,0.01,44.61,74056.71,1
2025-01-28,2025-01-28 11:03:00,1625.34,1625.45,1625.34,1625.45,0.01,44.61,74056.71,1
2025-01-28,2025-01-28 11:04:00,1625.45,1625.56,1625.45,1625.56,0.01,44.61,74056.71,1
2025-01-28,2025-01-28 11:05:00,1625.56,1625.68,1625.56,1625.68,0.01,44.61,74056.71,1
2025-01-28,2025-01-28 11:06:00,1625.68,1625.79,1625.68,1625.79,0.01,44.61,74056.71,1
2025-01-28,2025-01-28 11:07:00,1625.79,1625.9,1625.79,1625.9,0.01,44.61,74056.71,1
2025-01-28,2025-01-28 11:08:00,1625.9,1626.02,1625.9,1626.02,0.01,44.61,74056.71,1
2025-01-28,2025-01-28 11:09:00,1626.02,1626.13,1626.02,1626.13,0.01,44.61,74056.71,1
2025-01-28,2025-01-28 11:10:00,1626.13,1626.24,1626.13,1626.24,0.01,44.61,74056.71,1
2025-01-28,2025-01-28 11:11:00,1626.24,1626.36,1626.24,1626.36,0.01,44.61,74056.71,1
2025-01-28,2025-01-28 11:12:00,1626.36,1626.47,1626.36,1626.47,0.01,44.61,74056.71,1
2025-01-28,2025-01-28 11:13:00,1626.47,1626.58,1626.47,1626.58,0.01,44.61,74056.71,1
2025-01-28,2025-01-28 11:14:00,1626.58,1626.69,1626.58,1626.69,0.01,44.61,74056.71,1
2025-01-28,2025-01-28 11:15:00,1626.69,1626.81,1626.69,1626.81,0.01,44.61,74056.71,1
2025-01-28,2025-01-28 11:16:00,1626.81,1626.92,1626.81,1626.92,0.01,44.61,74056.71,1
2025-01-28,2025-01-28 11:17:00,1626.92,1627.03,1626.92,1627.03,0.01,44.61,74056.71,1
2025-01-28,2025-01-28 11:18:00,1627.03,1627.15,1627.03,1627.15,0.01,44.61,74056.71,1
2025-01-28,2025-01-28 11:19:00,1627.15,1627.26,1627.15,1627.26,0.01,44.61,74056.71,1
2025-01-28,2025-01-28 11:20:00,1627.26,1627.37,1627.26,1627.37,0.01,44.61,74056.71,1
2025-01-28,2025-01-28 11:21:00,1627.37,1627.48,1627.37,1627.48,0.01,44.61,74056.71,1
2025-01-28,2025-01-28 11:22:00,1627.48,1627.6,1627.48,1627.6,0.01,44.61,74056.71,1
2025-01-28,2025-01-28 11:23:00,1627.6,1627.71,1627.6,1627.71,0.01,44.61,74056.71,1
2025-01-28,2025-01-28 11:24:00,1627.71,1627.82,1627.71,1627.82,0.01,44.61,74056.71,1
2025-01-28,2025-01-28 11:25:00,1627.82,1627.94,1627.82,1627.94,0.01,44.61,74056.71,1
2025-01-28,2025-01-28 11:26:00,1627.94,1628.05,1627.94,1628.05,0.01,44.61,74056.71,1
2025-01-28,2025-01-28 11:27:00,1628.05,1628.16,1628.05,1628.16,0.01,44.61,74056.71,1
2025-01-28,2025-01-28 11:28:00,1628.16,1628.27,1628.16,1628.27,0.01,44.61,74056.71,1
2025-01-28,2025-01-28 11:29:00,1628.27,1628.39,1628.27,1628.39,0.01,44.61,74056.71,1
2025-01-28,2025-01-28 11:30:00,1628.39,1628.5,1628.39,1628.5,0.01,44.61,74056.71,1
2025-01-28,2025-01-28 11:31:00,1628.5,1628.61,1628.5,1628.61,0.01,44.61,74056.71,1
2025-01-28,2025-01-28 11:32:00,1628.61,1628.73,1628.61,1628.73,0.01,44.61,74056.71,1
2025-01-28,2025-01-28 11:33:00,1628.73,1628.84,1628.73,1628.84,0.01,44.61,74056.71,1
2025-01-28,2025-01-28 11:34:00,1628.84,1628.95,1628.84,1628.95,0.01,44.61,74056.71,1
2025-01-28,2025-01-28 11:35:00,1628.95,1629.07,1628.95,1629.07,0.01,44.61,74056.71,1
2025-01-28,2025-01-28 11:36:00,1629.07,1629.18,1629.07,1629.18,0.01,44.61,74056.71,1
2025-01-28,2025-01-28 11:37:00,1629.18,1629.29,1629.18,1629.29,0.01,44.61,74056.71,1
2025-01-28,2025-01-28 11:38:00,1629.29,1629.4,1629.29,1629.4,0.01,44.61,74056.71,1
2025-01-28,2025-01-28 11:39:00,1629.4,1629.52,1629.4,1629.52,0.01,44.61,74056.71,1
2025-01-28,2025-01-28 11:40:00,1629.52,1629.63,1629.52,1629.63,0.01,44.61,74056.71,1
2025-01-28,2025-01-28 11:41:00,1629.63,1629.74,1629.63,1629.74,0.01,44.61,74056.71,1
2025-01-28,2025-01-28 11:42:00,1629.74,1629.86,1629.74,1629.86,0.01,44.61,74056.71,1
2025-01-28,2025-01-28 11:43:00,1629.86,1629.97,1629.86,1629.97,0.01,44.61,74056.71,1
2025-01-28,2025-01-28 11:44:00,1629.97,1630.08,1629.97,1630.08,0.01,44.61,74056.71,1
2025-01-28,2025-01-28 11:45:00,1630.08,1630.19,1630.08,1630.19,0.01,44.61,74056.71,1
2025-01-28,2025-01-28 11:46:00,1630.19,1630.31,1630.19,1630.31,0.01,44.61,74056.71,1
2025-01-28,2025-01-28 11:47:00,1630.31,1630.42,1630.31,1630.42,0.01,44.61,74056.71,1
2025-01-28,2025-01-28 11:48:00,1630.42,1630.53,1630.42,1630.53,0.01,44.61,74056.71,1
2025-01-28,2025-01-28 11:49:00,1630.53,1630.65,1630.53,1630.65,0.01,44.61,74056.71,1
2025-01-28,2025-01-28 11:50:00,1630.65,1630.76,1630.65,1630.76,0.01,44.61,74056.71,1
2025-01-28,2025-01-28 11:51:00,1630.76,1630.87,1630.76,1630.87,0.01,44.61,74056.71,1
2025-01-28,2025-01-28 11:52:00,1630.87,1630.98,1630.87,1630.98,0.01,44.61,74056.71,1
2025-01-28,2025-01-28 11:53:00,1630.98,1631.1,1630.98,1631.1,0.01,44.61,74056.71,1
2025-01-28,2025-01-28 11:54:00,1631.1,1631.21,1631.1,1631.21,0.01,44.61,74056.71,1
2025-01-28,2025-01-28 11:55:00,1631.21,1631.32,1631.21,1631.32,0.01,44.61,74056.71,1
2025-01-28,2025-01-28 11:56:00,1631.32,1631.44,1631.32,1631.44,0.01,44.61,74056.71,1
2025-01-28,2025-01-28 11:57:00,1631.44,1631.55,1631.44,1631.55,0.01,44.61,74056.71,1
2025-01-28,2025-01-28 11:58:00,1631.55,1631.66,1631.55,1631.66,0.01,44.61,74056.71,1
2025-01-28,2025-01-28 11:59:00,1631.66,1631.78,1631.66,1631.78,0.01,44.61,74056.71,1
2025-01-28,2025-01-28 12:00:00,1631.78,1631.89,1631.78,1631.89,0.01,44.61,74056.71,1
2025-01-28,2025-01-28 12:01:00,1631.89,1632.0,1631.89,1632.0,0.01,44.61,74056.71,1
2025-01-28,2025-01-28 12:02:00,1632.0,1632.11,1632.0,1632.11,0.01,44.61,74056.71,1
2025-01-28,2025-01-28 12:03:00,1632.11,1632.23,1632.11,1632.23,0.01,44.61,74056.71,1
2025-01-28,2025-01-28 12:04:00,1632.23,1632.34,1632.23,1632.34,0.01,44.61,74056.71,1
2025-01-28,2025-01-28 12:05:00,1632.34,1632.45,1632.34,1632.45,0.01,44.61,74056.71,1
2025-01-28,2025-01-28 12:06:00,1632.45,1632.57,1632.45,1632.57,0.01,44.61,74056.71,1
2025-01-28,2025-01-28 12:07:00,1632.57,1632.68,1632.57,1632.68,0.01,44.61,74056.71,1
2025-01-28,2025-01-28 12:08:00,1632.68,1632.79,1632.68,1632.79,0.01,44.61,74056.71,1
2025-01-28,2025-01-28 12:09:00,1632.79,1632.9,1632.79,1632.9,0.01,44.61,74056.71,1
2025-01-28,2025-01-28 12:10:00,1632.9,1633.02,1632.9,1633.02,0.01,44.61,74056.71,1
2025-01-28,2025-01-28 12:11:00,1633.02,1633.13,1633.02,1633.13,0.01,44.61,74056.71,1
2025-01-28,2025-01-28 12:12:00,1633.13,1633.24,1633.13,1633.24,0.01,44.61,74056.71,1
2025-01-28,2025-01-28 12:13:00,1633.24,1633.36,1633.24,1633.36,0.01,44.61,74056.71,1
2025-01-28,2025-01-28 12:14:00,1633.36,1633.47,1633.36,1633.47,0.01,44.61,74056.71,1
2025-01-28,2025-01-28 12:15:00,1633.47,1633.58,1633.47,1633.58,0.01,44.61,74056.71,1
2025-01-28,2025-01-28 12:16:00,1633.58,1633.69,1633.58,1633.69,0.01,44.61,74056.71,1
2025-01-28,2025-01-28 12:17:00,1633.69,1633.81,1633.69,1633.81,0.01,44.61,74056.71,1
2025-01-28,2025-01-28 12:18:00,1633.81,1633.92,1633.81,1633.92,0.01,44.61,74056.71,1
2025-01-28,2025-01-28 12:19:00,1633.92,1634.03,1633.92,1634.03,0.01,44.61,74056.71,1
2025-01-28,2025-01-28 12:20:00,1634.03,1634.15,1634.03,1634.15,0.01,44.61,74056.71,1
2025-01-28,2025-01-28 12:21:00,1634.15,1634.26,1634.15,1634.26,0.01,44.61,74056.71,1
2025-01-28,2025-01-28 12:22:00,1634.26,1634.37,1634.26,1634.37,0.01,44.61,74056.71,1
2025-01-28,2025-01-28 12:23:00,1634.37,1634.48,1634.37,1634.48,0.01,44.61,74056.71,1
2025-01-28,2025-01-28 12:24:00,1634.48,1634.6,1634.48,1634.6,0.01,44.61,74056.71,1
2025-01-28,2025-01-28 12:25:00,1634.6,1634.71,1634.6,1634.71,0.01,44.61,74056.71,1
2025-01-28,2025-01-28 12:26:00,1634.71,1634.82,1634.71,1634.82,0.01,44.61,74056.71,1
2025-01-28,2025-01-28 12:27:00,1634.82,1634.94,1634.82,1634.94,0.01,44.61,74056.71,1
2025-01-28,2025-01-28 12:28:00,1634.94,1635.05,1634.94,1635.05,0.01,44.61,74056.71,1
2025-01-28,2025-01-28 12:29:00,1635.05,1635.16,1635.05,1635.16,0.01,44.61,74056.71,1
2025-01-28,2025-01-28 12:30:00,1635.16,1635.28,1635.16,1635.28,0.01,44.61,74056.71,1
2025-01-28,2025-01-28 12:31:00,1635.28,1635.39,1635.28,1635.39,0.01,44.61,74056.71,1
2025-01-28,2025-01-28 12:32:00,1635.39,1635.5,1635.39,1635.5,0.01,44.61,74056.71,1
2025-01-28,2025-01-28 12:33:00,1635.5,1635.61,1635.5,1635.61,0.01,44.61,74056.71,1
2025-01-28,2025-01-28 12:34:00,1635.61,1635.73,1635.61,1635.73,0.01,44.61,74056.71,1
2025-01-28,2025-01-28 12:35:00,1635.73,1635.84,1635.73,1635.84,0.01,44.61,74056.71,1
2025-01-28,2025-01-28 12:36:00,1635.84,1635.95,1635.84,1635.95,0.01,44.61,74056.71,1
2025-01-28,2025-01-28 12:37:00,1635.95,1636.07,1635.95,1636.07,0.01,44.61,74056.71,1
2025-01-28,2025-01-28 12:38:00,1636.07,1636.18,1636.07,1636.18,0.01,44.61,74056.71,1
2025-01-28,2025-01-28 12:39:00,1636.18,1636.29,1636.18,1636.29,0.01,44.61,74056.71,1
2025-01-28,2025-01-28 12:40:00,1636.29,1636.4,1636.29,1636.4,0.01,44.61,74056.71,1
2025-01-28,2025-01-28 12:41:00,1636.4,1636.52,1636.4,1636.52,0.01,44.61,74056.71,1
2025-01-28,2025-01-28 12:42:00,1636.52,1636.63,1636.52,1636.63,0.01,44.61,74056.71,1
2025-01-28,2025-01-28 12:43:00,1636.63,1636.74,1636.63,1636.74,0.01,44.61,74056.71,1
2025-01-28,2025-01-28 12:44:00,1636.74,1636.86,1636.74,1636.86,0.01,44.61,74056.71,1
2025-01-28,2025-01-28 12:45:00,1636.86,1636.97,1636.86,1636.97,0.01,44.61,74056.71,1
2025-01-28,2025-01-28 12:46:00,1636.97,1637.08,1636.97,1637.08,0.01,44.61,74056.71,1
2025-01-28,2025-01-28 12:47:00,1637.08,1637.19,1637.08,1637.19,0.01,44.61,74056.71,1
2025-01-28,2025-01-28 12:48:00,1637.19,1637.31,1637.19,1637.31,0.01,44.61,74056.71,1
2025-01-28,2025-01-28 12:49:00,1637.31,1637.42,1637.31,1637.42,0.01,44.61,74056.71,1
2025-01-28,2025-01-28 12:50:00,1637.42,1637.53,1637.42,1637.53,0.01,44.61,74056.71,1
2025-01-28,2025-01-28 12:51:00,1637.53,1637.65,1637.53,1637.65,0.01,44.61,74056.71,1
2025-01-28,2025-01-28 12:52:00,1637.65,1637.76,1637.65,1637.76,0.01,44.61,74056.71,1
2025-01-28,2025-01-28 12:53:00,1637.76,1637.87,1637.76,1637.87,0.01,44.61,74056.71,1
2025-01-28,2025-01-28 12:54:00,1637.87,1637.99,1637.87,1637.99,0.01,44.61,74056.71,1
2025-01-28,2025-01-28 12:55:00,1637.99,1638.1,1637.99,1638.1,0.01,44.61,74056.71,1
2025-01-28,2025-01-28 12:56:00,1638.1,1638.21,1638.1,1638.21,0.01,44.61,74056.71,1
2025-01-28,2025-01-28 12:57:00,1638.21,1638.32,1638.21,1638.32,0.01,44.61,74056.71,1
2025-01-28,2025-01-28 12:58:00,1638.32,1638.44,1638.32,1638.44,0.01,44.61,74056.71,1
2025-01-28,2025-01-28 12:59:00,1638.44,1638.55,1638.44,1638.55,0.01,44.61,74056.71,1
2025-01-28,2025-01-28 13:00:00,1638.55,1685.0,1625.0,1638.66,0.01,44.61,74056.71,1
2025-01-28,2025-01-28 13:01:00,1638.66,1638.78,1638.66,1638.78,0.01,44.61,74056.71,1
2025-01-28,2025-01-28 13:02:00,1638.78,1638.89,1638.78,1638.89,0.01,44.61,74056.71,1
2025-01-28,2025-01-28 13:03:00,1638.89,1639.0,1638.89,1639.0,0.01,44.61,74056.71,1
2025-01-28,2025-01-28 13:04:00,1639.0,1639.11,1639.0,1639.11,0.01,44.61,74056.71,1
2025-01-28,2025-01-28 13:05:00,1639.11,1639.23,1639.11,1639.23,0.01,44.61,74056.71,1
2025-01-28,2025-01-28 13:06:00,1639.23,1639.34,1639.23,1639.34,0.01,44.61,74056.71,1
2025-01-28,2025-01-28 13:07:00,1639.34,1639.45,1639.34,1639.45,0.01,44.61,74056.71,1
2025-01-28,2025-01-28 13:08:00,1639.45,1639.57,1639.45,1639.57,0.01,44.61,74056.71,1
2025-01-28,2025-01-28 13:09:00,1639.57,1639.68,1639.57,1639.68,0.01,44.61,74056.71,1
2025-01-28,2025-01-28 13:10:00,1639.68,1639.79,1639.68,1639.79,0.01,44.61,74056.71,1
2025-01-28,2025-01-28 13:11:00,1639.79,1639.9,1639.79,1639.9,0.01,44.61,74056.71,1
2025-01-28,2025-01-28 13:12:00,1639.9,1640.02,1639.9,1640.02,0.01,44.61,74056.71,1
2025-01-28,2025-01-28 13:13:00,1640.02,1640.13,1640.02,1640.13,0.01,44.61,74056.71,1
2025-01-28,2025-01-28 13:14:00,1640.13,1640.24,1640.13,1640.24,0.01,44.61,74056.71,1
2025-01-28,2025-01-28 13:15:00,1640.24,1640.36,1640.24,1640.36,0.01,44.61,74056.71,1
2025-01-28,2025-01-28 13:16:00,1640.36,1640.47,1640.36,1640.47,0.01,44.61,74056.71,1
2025-01-28,2025-01-28 13:17:00,1640.47,1640.58,1640.47,1640.58,0.01,44.61,74056.71,1
2025-01-28,2025-01-28 13:18:00,1640.58,1640.7,1640.58,1640.7,0.01,44.61,74056.71,1
2025-01-28,2025-01-28 13:19:00,1640.7,1640.81,1640.7,1640.81,0.01,44.61,74056.71,1
2025-01-28,2025-01-28 13:20:00,1640.81,1640.92,1640.81,1640.92,0.01,44.61,74056.71,1
2025-01-28,2025-01-28 13:21:00,1640.92,1641.03,1640.92,1641.03,0.01,44.61,74056.71,1
2025-01-28,2025-01-28 13:22:00,1641.03,1641.15,1641.03,1641.15,0.01,44.61,74056.71,1
2025-01-28,2025-01-28 13:23:00,1641.15,1641.26,1641.15,1641.26,0.01,44.61,74056.71,1
2025-01-28,2025-01-28 13:24:00,1641.26,1641.37,1641.26,1641.37,0.01,44.61,74056.71,1
2025-01-28,2025-01-28 13:25:00,1641.37,1641.49,1641.37,1641.49,0.01,44.61,74056.71,1
2025-01-28,2025-01-28 13:26:00,1641.49,1641.6,1641.49,1641.6,0.01,44.61,74056.71,1
2025-01-28,2025-01-28 13:27:00,1641.6,1641.71,1641.6,1641.71,0.01,44.61,74056.71,1
2025-01-28,2025-01-28 13:28:00,1641.71,1641.82,1641.71,1641.82,0.01,44.61,74056.71,1
2025-01-28,2025-01-28 13:29:00,1641.82,1641.94,1641.82,1641.94,0.01,44.61,74056.71,1
2025-01-28,2025-01-28 13:30:00,1641.94,1642.05,1641.94,1642.05,0.01,44.61,74056.71,1
2025-01-28,2025-01-28 13:31:00,1642.05,1642.16,1642.05,1642.16,0.01,44.61,74056.71,1
2025-01-28,2025-01-28 13:32:00,1642.16,1642.28,1642.16,1642.28,0.01,44.61,74056.71,1
2025-01-28,2025-01-28 13:33:00,1642.28,1642.39,1642.28,1642.39,0.01,44.61,74056.71,1
2025-01-28,2025-01-28 13:34:00,1642.39,1642.5,1642.39,1642.5,0.01,44.61,74056.71,1
2025-01-28,2025-01-28 13:35:00,1642.5,1642.62,1642.5,1642.62,0.01,44.61,74056.71,1
2025-01-28,2025-01-28 13:36:00,1642.62,1642.73,1642.62,1642.73,0.01,44.61,74056.71,1
2025-01-28,2025-01-28 13:37:00,1642.73,1642.84,1642.73,1642.84,0.01,44.61,74056.71,1
2025-01-28,2025-01-28 13:38:00,1642.84,1642.95,1642.84,1642.95,0.01,44.61,74056.71,1
2025-01-28,2025-01-28 13:39:00,1642.95,1643.07,1642.95,1643.07,0.01,44.61,74056.71,1
2025-01-28,2025-01-28 13:40:00,1643.07,1643.18,1643.07,1643.18,0.01,44.61,74056.71,1
2025-01-28,2025-01-28 13:41:00,1643.18,1643.29,1643.18,1643.29,0.01,44.61,74056.71,1
2025-01-28,2025-01-28 13:42:00,1643.29,1643.41,1643.29,1643.41,0.01,44.61,74056.71,1
2025-01-28,2025-01-28 13:43:00,1643.41,1643.52,1643.41,1643.52,0.01,44.61,74056.71,1
2025-01-28,2025-01-28 13:44:00,1643.52,1643.63,1643.52,1643.63,0.01,44.61,74056.71,1
2025-01-28,2025-01-28 13:45:00,1643.63,1643.74,1643.63,1643.74,0.01,44.61,74056.71,1
2025-01-28,2025-01-28 13:46:00,1643.74,1643.86,1643.74,1643.86,0.01,44.61,74056.71,1
2025-01-28,2025-01-28 13:47:00,1643.86,1643.97,1643.86,1643.97,0.01,44.61,74056.71,1
2025-01-28,2025-01-28 13:48:00,1643.97,1644.08,1643.97,1644.08,0.01,44.61,74056.71,1
2025-01-28,2025-01-28 13:49:00,1644.08,1644.2,1644.08,1644.2,0.01,44.61,74056.71,1
2025-01-28,2025-01-28 13:50:00,1644.2,1644.31,1644.2,1644.31,0.01,44.61,74056.71,1
2025-01-28,2025-01-28 13:51:00,1644.31,1644.42,1644.31,1644.42,0.01,44.61,74056.71,1
2025-01-28,2025-01-28 13:52:00,1644.42,1644.53,1644.42,1644.53,0.01,44.61,74056.71,1
2025-01-28,2025-01-28 13:53:00,1644.53,1644.65,1644.53,1644.65,0.01,44.61,74056.71,1
2025-01-28,2025-01-28 13:54:00,1644.65,1644.76,1644.65,1644.76,0.01,44.61,74056.71,1
2025-01-28,2025-01-28 13:55:00,1644.76,1644.87,1644.76,1644.87,0.01,44.61,74056.71,1
2025-01-28,2025-01-28 13:56:00,1644.87,1644.99,1644.87,1644.99,0.01,44.61,74056.71,1
2025-01-28,2025-01-28 13:57:00,1644.99,1645.1,1644.99,1645.1,0.01,44.61,74056.71,1
2025-01-28,2025-01-28 13:58:00,1645.1,1645.21,1645.1,1645.21,0.01,44.61,74056.71,1
2025-01-28,2025-01-28 13:59:00,1645.21,1645.32,1645.21,1645.32,0.01,44.61,74056.71,1
2025-01-28,2025-01-28 14:00:00,1645.32,1645.44,1645.32,1645.44,0.01,44.61,74056.71,1
2025-01-28,2025-01-28 14:01:00,1645.44,1645.55,1645.44,1645.55,0.01,44.61,74056.71,1
2025-01-28,2025-01-28 14:02:00,1645.55,1645.66,1645.55,1645.66,0.01,44.61,74056.71,1
2025-01-28,2025-01-28 14:03:00,1645.66,1645.78,1645.66,1645.78,0.01,44.61,74056.71,1
2025-01-28,2025-01-28 14:04:00,1645.78,1645.89,1645.78,1645.89,0.01,44.61,74056.71,1
2025-01-28,2025-01-28 14:05:00,1645.89,1646.0,1645.89,1646.0,0.01,44.61,74056.71,1
2025-01-28,2025-01-28 14:06:00,1646.0,1646.12,1646.0,1646.12,0.01,44.61,74056.71,1
2025-01-28,2025-01-28 14:07:00,1646.12,1646.23,1646.12,1646.23,0.01,44.61,74056.71,1
2025-01-28,2025-01-28 14:08:00,1646.23,1646.34,1646.23,1646.34,0.01,44.61,74056.71,1
2025-01-28,2025-01-28 14:09:00,1646.34,1646.45,1646.34,1646.45,0.01,44.61,74056.71,1
2025-01-28,2025-01-28 14:10:00,1646.45,1646.57,1646.45,1646.57,0.01,44.61,74056.71,1
2025-01-28,2025-01-28 14:11:00,1646.57,1646.68,1646.57,1646.68,0.01,44.61,74056.71,1
2025-01-28,2025-01-28 14:12:00,1646.68,1646.79,1646.68,1646.79,0.01,44.61,74056.71,1
2025-01-28,2025-01-28 14:13:00,1646.79,1646.91,1646.79,1646.91,0.01,44.61,74056.71,1
2025-01-28,2025-01-28 14:14:00,1646.91,1647.02,1646.91,1647.02,0.01,44.61,74056.71,1
2025-01-28,2025-01-28 14:15:00,1647.02,1647.13,1647.02,1647.13,0.01,44.61,74056.71,1
2025-01-28,2025-01-28 14:16:00,1647.13,1647.24,1647.13,1647.24,0.01,44.61,74056.71,1
2025-01-28,2025-01-28 14:17:00,1647.24,1647.36,1647.24,1647.36,0.01,44.61,74056.71,1
2025-01-28,2025-01-28 14:18:00,1647.36,1647.47,1647.36,1647.47,0.01,44.61,74056.71,1
2025-01-28,2025-01-28 14:19:00,1647.47,1647.58,1647.47,1647.58,0.01,44.61,74056.71,1
2025-01-28,2025-01-28 14:20:00,1647.58,1647.7,1647.58,1647.7,0.01,44.61,74056.71,1
2025-01-28,2025-01-28 14:21:00,1647.7,1647.81,1647.7,1647.81,0.01,44.61,74056.71,1
2025-01-28,2025-01-28 14:22:00,1647.81,1647.92,1647.81,1647.92,0.01,44.61,74056.71,1
2025-01-28,2025-01-28 14:23:00,1647.92,1648.03,1647.92,1648.03,0.01,44.61,74056.71,1
2025-01-28,2025-01-28 14:24:00,1648.03,1648.15,1648.03,1648.15,0.01,44.61,74056.71,1
2025-01-28,2025-01-28 14:25:00,1648.15,1648.26,1648.15,1648.26,0.01,44.61,74056.71,1
2025-01-28,2025-01-28 14:26:00,1648.26,1648.37,1648.26,1648.37,0.01,44.61,74056.71,1
2025-01-28,2025-01-28 14:27:00,1648.37,1648.49,1648.37,1648.49,0.01,44.61,74056.71,1
2025-01-28,2025-01-28 14:28:00,1648.49,1648.6,1648.49,1648.6,0.01,44.61,74056.71,1
2025-01-28,2025-01-28 14:29:00,1648.6,1648.71,1648.6,1648.71,0.01,44.61,74056.71,1
2025-01-28,2025-01-28 14:30:00,1648.71,1648.83,1648.71,1648.83,0.01,44.61,74056.71,1
2025-01-28,2025-01-28 14:31:00,1648.83,1648.94,1648.83,1648.94,0.01,44.61,74056.71,1
2025-01-28,2025-01-28 14:32:00,1648.94,1649.05,1648.94,1649.05,0.01,44.61,74056.71,1
2025-01-28,2025-01-28 14:33:00,1649.05,1649.16,1649.05,1649.16,0.01,44.61,74056.71,1
2025-01-28,2025-01-28 14:34:00,1649.16,1649.28,1649.16,1649.28,0.01,44.61,74056.71,1
2025-01-28,2025-01-28 14:35:00,1649.28,1649.39,1649.28,1649.39,0.01,44.61,74056.71,1
2025-01-28,2025-01-28 14:36:00,1649.39,1649.5,1649.39,1649.5,0.01,44.61,74056.71,1
2025-01-28,2025-01-28 14:37:00,1649.5,1649.62,1649.5,1649.62,0.01,44.61,74056.71,1
2025-01-28,2025-01-28 14:38:00,1649.62,1649.73,1649.62,1649.73,0.01,44.61,74056.71,1
2025-01-28,2025-01-28 14:39:00,1649.73,1649.84,1649.73,1649.84,0.01,44.61,74056.71,1
2025-01-28,2025-01-28 14:40:00,1649.84,1649.95,1649.84,1649.95,0.01,44.61,74056.71,1
2025-01-28,2025-01-28 14:41:00,1649.95,1650.07,1649.95,1650.07,0.01,44.61,74056.71,1
2025-01-28,2025-01-28 14:42:00,1650.07,1650.18,1650.07,1650.18,0.01,44.61,74056.71,1
2025-01-28,2025-01-28 14:43:00,1650.18,1650.29,1650.18,1650.29,0.01,44.61,74056.71,1
2025-01-28,2025-01-28 14:44:00,1650.29,1650.41,1650.29,1650.41,0.01,44.61,74056.71,1
2025-01-28,2025-01-28 14:45:00,1650.41,1650.52,1650.41,1650.52,0.01,44.61,74056.71,1
2025-01-28,2025-01-28 14:46:00,1650.52,1650.63,1650.52,1650.63,0.01,44.61,74056.71,1
2025-01-28,2025-01-28 14:47:00,1650.63,1650.74,1650.63,1650.74,0.01,44.61,74056.71,1
2025-01-28,2025-01-28 14:48:00,1650.74,1650.86,1650.74,1650.86,0.01,44.61,74056.71,1
2025-01-28,2025-01-28 14:49:00,1650.86,1650.97,1650.86,1650.97,0.01,44.61,74056.71,1
2025-01-28,2025-01-28 14:50:00,1650.97,1651.08,1650.97,1651.08,0.01,44.61,74056.71,1
2025-01-28,2025-01-28 14:51:00,1651.08,1651.2,1651.08,1651.2,0.01,44.61,74056.71,1
2025-01-28,2025-01-28 14:52:00,1651.2,1651.31,1651.2,1651.31,0.01,44.61,74056.71,1
2025-01-28,2025-01-28 14:53:00,1651.31,1651.42,1651.31,1651.42,0.01,44.61,74056.71,1
2025-01-28,2025-01-28 14:54:00,1651.42,1651.54,1651.42,1651.54,0.01,44.61,74056.71,1
2025-01-28,2025-01-28 14:55:00,1651.54,1651.65,1651.54,1651.65,0.01,44.61,74056.71,1
2025-01-28,2025-01-28 14:56:00,1651.65,1651.76,1651.65,1651.76,0.01,44.61,74056.71,1
2025-01-28,2025-01-28 14:57:00,1651.76,1651.87,1651.76,1651.87,0.01,44.61,74056.71,1
2025-01-28,2025-01-28 14:58:00,1651.87,1651.99,1651.87,1651.99,0.01,44.61,74056.71,1
2025-01-28,2025-01-28 14:59:00,1651.99,1652.1,1651.99,1652.1,0.01,44.61,74056.71,1
2025-01-28,2025-01-28 15:00:00,1652.1,1685.0,1625.0,1652.1,0.0,44.61,74056.71,0
2025-02-02,2025-02-02 11:00:00,1630.0,1670.8,1630.0,1630.54,0.03,61.18,106091.4,1
2025-02-02,2025-02-02 11:01:00,1630.54,1631.08,1630.54,1631.08,0.03,61.18,106091.4,1
2025-02-02,2025-02-02 11:02:00,1631.08,1631.62,1631.08,1631.62,0.03,61.18,106091.4,1
2025-02-02,2025-02-02 11:03:00,1631.62,1632.17,1631.62,1632.17,0.03,61.18,106091.4,1
2025-02-02,2025-02-02 11:04:00,1632.17,1632.71,1632.17,1632.71,0.03,61.18,106091.4,1
2025-02-02,2025-02-02 11:05:00,1632.71,1633.25,1632.71,1633.25,0.03,61.18,106091.4,1
2025-02-02,2025-02-02 11:06:00,1633.25,1633.79,1633.25,1633.79,0.03,61.18,106091.4,1
2025-02-02,2025-02-02 11:07:00,1633.79,1634.33,1633.79,1634.33,0.03,61.18,106091.4,1
2025-02-02,2025-02-02 11:08:00,1634.33,1634.88,1634.33,1634.88,0.03,61.18,106091.4,1
2025-02-02,2025-02-02 11:09:00,1634.88,1635.42,1634.88,1635.42,0.03,61.18,106091.4,1
2025-02-02,2025-02-02 11:10:00,1635.42,1635.96,1635.42,1635.96,0.03,61.18,106091.4,1
2025-02-02,2025-02-02 11:11:00,1635.96,1636.5,1635.96,1636.5,0.03,61.18,106091.4,1
2025-02-02,2025-02-02 11:12:00,1636.5,1637.04,1636.5,1637.04,0.03,61.18,106091.4,1
2025-02-02,2025-02-02 11:13:00,1637.04,1637.58,1637.04,1637.58,0.03,61.18,106091.4,1
2025-02-02,2025-02-02 11:14:00,1637.58,1638.12,1637.58,1638.12,0.03,61.18,106091.4,1
2025-02-02,2025-02-02 11:15:00,1638.12,1638.67,1638.12,1638.67,0.03,61.18,106091.4,1
2025-02-02,2025-02-02 11:16:00,1638.67,1639.21,1638.67,1639.21,0.03,61.18,106091.4,1
2025-02-02,2025-02-02 11:17:00,1639.21,1639.75,1639.21,1639.75,0.03,61.18,106091.4,1
2025-02-02,2025-02-02 11:18:00,1639.75,1640.29,1639.75,1640.29,0.03,61.18,106091.4,1
2025-02-02,2025-02-02 11:19:00,1640.29,1640.83,1640.29,1640.83,0.03,61.18,106091.4,1
2025-02-02,2025-02-02 11:20:00,1640.83,1641.38,1640.83,1641.38,0.03,61.18,106091.4,1
2025-02-02,2025-02-02 11:21:00,1641.38,1641.92,1641.38,1641.92,0.03,61.18,106091.4,1
2025-02-02,2025-02-02 11:22:00,1641.92,1642.46,1641.92,1642.46,0.03,61.18,106091.4,1
2025-02-02,2025-02-02 11:23:00,1642.46,1643.0,1642.46,1643.0,0.03,61.18,106091.4,1
2025-02-02,2025-02-02 11:24:00,1643.0,1643.54,1643.0,1643.54,0.03,61.18,106091.4,1
2025-02-02,2025-02-02 11:25:00,1643.54,1644.08,1643.54,1644.08,0.03,61.18,106091.4,1
2025-02-02,2025-02-02 11:26:00,1644.08,1644.62,1644.08,1644.62,0.03,61.18,106091.4,1
2025-02-02,2025-02-02 11:27:00,1644.62,1645.17,1644.62,1645.17,0.03,61.18,106091.4,1
2025-02-02,2025-02-02 11:28:00,1645.17,1645.71,1645.17,1645.71,0.03,61.18,106091.4,1
2025-02-02,2025-02-02 11:29:00,1645.71,1646.25,1645.71,1646.25,0.03,61.18,106091.4,1
2025-02-02,2025-02-02 11:30:00,1646.25,1646.79,1646.25,1646.79,0.03,61.18,106091.4,1
2025-02-02,2025-02-02 11:31:00,1646.79,1647.33,1646.79,1647.33,0.03,61.18,106091.4,1
2025-02-02,2025-02-02 11:32:00,1647.33,1647.88,1647.33,1647.88,0.03,61.18,106091.4,1
2025-02-02,2025-02-02 11:33:00,1647.88,1648.42,1647.88,1648.42,0.03,61.18,106091.4,1
2025-02-02,2025-02-02 11:34:00,1648.42,1648.96,1648.42,1648.96,0.03,61.18,106091.4,1
2025-02-02,2025-02-02 11:35:00,1648.96,1649.5,1648.96,1649.5,0.03,61.18,106091.4,1
2025-02-02,2025-02-02 11:36:00,1649.5,1650.04,1649.5,1650.04,0.03,61.18,106091.4,1
2025-02-02,2025-02-02 11:37:00,1650.04,1650.58,1650.04,1650.58,0.03,61.18,106091.4,1
2025-02-02,2025-02-02 11:38:00,1650.58,1651.12,1650.58,1651.12,0.03,61.18,106091.4,1
2025-02-02,2025-02-02 11:39:00,1651.12,1651.67,1651.12,1651.67,0.03,61.18,106091.4,1
2025-02-02,2025-02-02 11:40:00,1651.67,1652.21,1651.67,1652.21,0.03,61.18,106091.4,1
2025-02-02,2025-02-02 11:41:00,1652.21,1652.75,1652.21,1652.75,0.03,61.18,106091.4,1
2025-02-02,2025-02-02 11:42:00,1652.75,1653.29,1652.75,1653.29,0.03,61.18,106091.4,1
2025-02-02,2025-02-02 11:43:00,1653.29,1653.83,1653.29,1653.83,0.03,61.18,106091.4,1
2025-02-02,2025-02-02 11:44:00,1653.83,1654.38,1653.83,1654.38,0.03,61.18,106091.4,1
2025-02-02,2025-02-02 11:45:00,1654.38,1654.92,1654.38,1654.92,0.03,61.18,106091.4,1
2025-02-02,2025-02-02 11:46:00,1654.92,1655.46,1654.92,1655.46,0.03,61.18,106091.4,1
2025-02-02,2025-02-02 11:47:00,1655.46,1656.0,1655.46,1656.0,0.03,61.18,106091.4,1
2025-02-02,2025-02-02 11:48:00,1656.0,1656.54,1656.0,1656.54,0.03,61.18,106091.4,1
2025-02-02,2025-02-02 11:49:00,1656.54,1657.08,1656.54,1657.08,0.03,61.18,106091.4,1
2025-02-02,2025-02-02 11:50:00,1657.08,1657.62,1657.08,1657.62,0.03,61.18,106091.4,1
2025-02-02,2025-02-02 11:51:00,1657.62,1658.17,1657.62,1658.17,0.03,61.18,106091.4,1
2025-02-02,2025-02-02 11:52:00,1658.17,1658.71,1658.17,1658.71,0.03,61.18,106091.4,1
2025-02-02,2025-02-02 11:53:00,1658.71,1659.25,1658.71,1659.25,0.03,61.18,106091.4,1
2025-02-02,2025-02-02 11:54:00,1659.25,1659.79,1659.25,1659.79,0.03,61.18,106091.4,1
2025-02-02,2025-02-02 11:55:00,1659.79,1660.33,1659.79,1660.33,0.03,61.18,106091.4,1
2025-02-02,2025-02-02 11:56:00,1660.33,1660.88,1660.33,1660.88,0.03,61.18,106091.4,1
2025-02-02,2025-02-02 11:57:00,1660.88,1661.42,1660.88,1661.42,0.03,61.18,106091.4,1
2025-02-02,2025-02-02 11:58:00,1661.42,1661.96,1661.42,1661.96,0.03,61.18,106091.4,1
2025-02-02,2025-02-02 11:59:00,1661.96,1662.5,1661.96,1662.5,0.03,61.18,106091.4,1
2025-02-02,2025-02-02 12:00:00,1662.5,1663.04,1662.5,1663.04,0.03,61.18,106091.4,1
2025-02-02,2025-02-02 12:01:00,1663.04,1663.58,1663.04,1663.58,0.03,61.18,106091.4,1
2025-02-02,2025-02-02 12:02:00,1663.58,1664.12,1663.58,1664.12,0.03,61.18,106091.4,1
2025-02-02,2025-02-02 12:03:00,1664.12,1664.67,1664.12,1664.67,0.03,61.18,106091.4,1
2025-02-02,2025-02-02 12:04:00,1664.67,1665.21,1664.67,1665.21,0.03,61.18,106091.4,1
2025-02-02,2025-02-02 12:05:00,1665.21,1665.75,1665.21,1665.75,0.03,61.18,106091.4,1
2025-02-02,2025-02-02 12:06:00,1665.75,1666.29,1665.75,1666.29,0.03,61.18,106091.4,1
2025-02-02,2025-02-02 12:07:00,1666.29,1666.83,1666.29,1666.83,0.03,61.18,106091.4,1
2025-02-02,2025-02-02 12:08:00,1666.83,1667.38,1666.83,1667.38,0.03,61.18,106091.4,1
2025-02-02,2025-02-02 12:09:00,1667.38,1667.92,1667.38,1667.92,0.03,61.18,106091.4,1
2025-02-02,2025-02-02 12:10:00,1667.92,1668.46,1667.92,1668.46,0.03,61.18,106091.4,1
2025-02-02,2025-02-02 12:11:00,1668.46,1669.0,1668.46,1669.0,0.03,61.18,106091.4,1
2025-02-02,2025-02-02 12:12:00,1669.0,1669.54,1669.0,1669.54,0.03,61.18,106091.4,1
2025-02-02,2025-02-02 12:13:00,1669.54,1670.08,1669.54,1670.08,0.03,61.18,106091.4,1
2025-02-02,2025-02-02 12:14:00,1670.08,1670.62,1670.08,1670.62,0.03,61.18,106091.4,1
2025-02-02,2025-02-02 12:15:00,1670.62,1671.17,1670.62,1671.17,0.03,61.18,106091.4,1
2025-02-02,2025-02-02 12:16:00,1671.17,1671.71,1671.17,1671.71,0.03,61.18,106091.4,1
2025-02-02,2025-02-02 12:17:00,1671.71,1672.25,1671.71,1672.25,0.03,61.18,106091.4,1
2025-02-02,2025-02-02 12:18:00,1672.25,1672.79,1672.25,1672.79,0.03,61.18,106091.4,1
2025-02-02,2025-02-02 12:19:00,1672.79,1673.33,1672.79,1673.33,0.03,61.18,106091.4,1
2025-02-02,2025-02-02 12:20:00,1673.33,1673.88,1673.33,1673.88,0.03,61.18,106091.4,1
2025-02-02,2025-02-02 12:21:00,1673.88,1674.42,1673.88,1674.42,0.03,61.18,106091.4,1
2025-02-02,2025-02-02 12:22:00,1674.42,1674.96,1674.42,1674.96,0.03,61.18,106091.4,1
2025-02-02,2025-02-02 12:23:00,1674.96,1675.5,1674.96,1675.5,0.03,61.18,106091.4,1
2025-02-02,2025-02-02 12:24:00,1675.5,1676.04,1675.5,1676.04,0.03,61.18,106091.4,1
2025-02-02,2025-02-02 12:25:00,1676.04,1676.58,1676.04,1676.58,0.03,61.18,106091.4,1
2025-02-02,2025-02-02 12:26:00,1676.58,1677.12,1676.58,1677.12,0.03,61.18,106091.4,1
2025-02-02,2025-02-02 12:27:00,1677.12,1677.67,1677.12,1677.67,0.03,61.18,106091.4,1
2025-02-02,2025-02-02 12:28:00,1677.67,1678.21,1677.67,1678.21,0.03,61.18,106091.4,1
2025-02-02,2025-02-02 12:29:00,1678.21,1678.75,1678.21,1678.75,0.03,61.18,106091.4,1
2025-02-02,2025-02-02 12:30:00,1678.75,1679.29,1678.75,1679.29,0.03,61.18,106091.4,1
2025-02-02,2025-02-02 12:31:00,1679.29,1679.83,1679.29,1679.83,0.03,61.18,106091.4,1
2025-02-02,2025-02-02 12:32:00,1679.83,1680.38,1679.83,1680.38,0.03,61.18,106091.4,1
2025-02-02,2025-02-02 12:33:00,1680.38,1680.92,1680.38,1680.92,0.03,61.18,106091.4,1
2025-02-02,2025-02-02 12:34:00,1680.92,1681.46,1680.92,1681.46,0.03,61.18,106091.4,1
2025-02-02,2025-02-02 12:35:00,1681.46,1682.0,1681.46,1682.0,0.03,61.18,106091.4,1
2025-02-02,2025-02-02 12:36:00,1682.0,1682.54,1682.0,1682.54,0.03,61.18,106091.4,1
2025-02-02,2025-02-02 12:37:00,1682.54,1683.08,1682.54,1683.08,0.03,61.18,106091.4,1
2025-02-02,2025-02-02 12:38:00,1683.08,1683.62,1683.08,1683.62,0.03,61.18,106091.4,1
2025-02-02,2025-02-02 12:39:00,1683.62,1684.17,1683.62,1684.17,0.03,61.18,106091.4,1
2025-02-02,2025-02-02 12:40:00,1684.17,1684.71,1684.17,1684.71,0.03,61.18,106091.4,1
2025-02-02,2025-02-02 12:41:00,1684.71,1685.25,1684.71,1685.25,0.03,61.18,106091.4,1
2025-02-02,2025-02-02 12:42:00,1685.25,1685.79,1685.25,1685.79,0.03,61.18,106091.4,1
2025-02-02,2025-02-02 12:43:00,1685.79,1686.33,1685.79,1686.33,0.03,61.18,106091.4,1
2025-02-02,2025-02-02 12:44:00,1686.33,1686.88,1686.33,1686.88,0.03,61.18,106091.4,1
2025-02-02,2025-02-02 12:45:00,1686.88,1687.42,1686.88,1687.42,0.03,61.18,106091.4,1
2025-02-02,2025-02-02 12:46:00,1687.42,1687.96,1687.42,1687.96,0.03,61.18,106091.4,1
2025-02-02,2025-02-02 12:47:00,1687.96,1688.5,1687.96,1688.5,0.03,61.18,106091.4,1
2025-02-02,2025-02-02 12:48:00,1688.5,1689.04,1688.5,1689.04,0.03,61.18,106091.4,1
2025-02-02,2025-02-02 12:49:00,1689.04,1689.58,1689.04,1689.58,0.03,61.18,106091.4,1
2025-02-02,2025-02-02 12:50:00,1689.58,1690.12,1689.58,1690.12,0.03,61.18,106091.4,1
2025-02-02,2025-02-02 12:51:00,1690.12,1690.67,1690.12,1690.67,0.03,61.18,106091.4,1
2025-02-02,2025-02-02 12:52:00,1690.67,1691.21,1690.67,1691.21,0.03,61.18,106091.4,1
2025-02-02,2025-02-02 12:53:00,1691.21,1691.75,1691.21,1691.75,0.03,61.18,106091.4,1
2025-02-02,2025-02-02 12:54:00,1691.75,1692.29,1691.75,1692.29,0.03,61.18,106091.4,1
2025-02-02,2025-02-02 12:55:00,1692.29,1692.83,1692.29,1692.83,0.03,61.18,106091.4,1
2025-02-02,2025-02-02 12:56:00,1692.83,1693.38,1692.83,1693.38,0.03,61.18,106091.4,1
2025-02-02,2025-02-02 12:57:00,1693.38,1693.92,1693.38,1693.92,0.03,61.18,106091.4,1
2025-02-02,2025-02-02 12:58:00,1693.92,1694.46,1693.92,1694.46,0.03,61.18,106091.4,1
2025-02-02,2025-02-02 12:59:00,1694.46,1695.0,1694.46,1695.0,0.03,61.18,106091.4,1
2025-02-02,2025-02-02 13:00:00,1695.0,1766.0,1630.0,1695.54,0.03,61.18,106091.4,1
2025-02-02,2025-02-02 13:01:00,1695.54,1696.08,1695.54,1696.08,0.03,61.18,106091.4,1
2025-02-02,2025-02-02 13:02:00,1696.08,1696.62,1696.08,1696.62,0.03,61.18,106091.4,1
2025-02-02,2025-02-02 13:03:00,1696.62,1697.17,1696.62,1697.17,0.03,61.18,106091.4,1
2025-02-02,2025-02-02 13:04:00,1697.17,1697.71,1697.17,1697.71,0.03,61.18,106091.4,1
2025-02-02,2025-02-02 13:05:00,1697.71,1698.25,1697.71,1698.25,0.03,61.18,106091.4,1
2025-02-02,2025-02-02 13:06:00,1698.25,1698.79,1698.25,1698.79,0.03,61.18,106091.4,1
2025-02-02,2025-02-02 13:07:00,1698.79,1699.33,1698.79,1699.33,0.03,61.18,106091.4,1
2025-02-02,2025-02-02 13:08:00,1699.33,1699.88,1699.33,1699.88,0.03,61.18,106091.4,1
2025-02-02,2025-02-02 13:09:00,1699.88,1700.42,1699.88,1700.42,0.03,61.18,106091.4,1
2025-02-02,2025-02-02 13:10:00,1700.42,1700.96,1700.42,1700.96,0.03,61.18,106091.4,1
2025-02-02,2025-02-02 13:11:00,1700.96,1701.5,1700.96,1701.5,0.03,61.18,106091.4,1
2025-02-02,2025-02-02 13:12:00,1701.5,1702.04,1701.5,1702.04,0.03,61.18,106091.4,1
2025-02-02,2025-02-02 13:13:00,1702.04,1702.58,1702.04,1702.58,0.03,61.18,106091.4,1
2025-02-02,2025-02-02 13:14:00,1702.58,1703.12,1702.58,1703.12,0.03,61.18,106091.4,1
2025-02-02,2025-02-02 13:15:00,1703.12,1703.67,1703.12,1703.67,0.03,61.18,106091.4,1
2025-02-02,2025-02-02 13:16:00,1703.67,1704.21,1703.67,1704.21,0.03,61.18,106091.4,1
2025-02-02,2025-02-02 13:17:00,1704.21,1704.75,1704.21,1704.75,0.03,61.18,106091.4,1
2025-02-02,2025-02-02 13:18:00,1704.75,1705.29,1704.75,1705.29,0.03,61.18,106091.4,1
2025-02-02,2025-02-02 13:19:00,1705.29,1705.83,1705.29,1705.83,0.03,61.18,106091.4,1
2025-02-02,2025-02-02 13:20:00,1705.83,1706.38,1705.83,1706.38,0.03,61.18,106091.4,1
2025-02-02,2025-02-02 13:21:00,1706.38,1706.92,1706.38,1706.92,0.03,61.18,106091.4,1
2025-02-02,2025-02-02 13:22:00,1706.92,1707.46,1706.92,1707.46,0.03,61.18,106091.4,1
2025-02-02,2025-02-02 13:23:00,1707.46,1708.0,1707.46,1708.0,0.03,61.18,106091.4,1
2025-02-02,2025-02-02 13:24:00,1708.0,1708.54,1708.0,1708.54,0.03,61.18,106091.4,1
2025-02-02,2025-02-02 13:25:00,1708.54,1709.08,1708.54,1709.08,0.03,61.18,106091.4,1
2025-02-02,2025-02-02 13:26:00,1709.08,1709.62,1709.08,1709.62,0.03,61.18,106091.4,1
2025-02-02,2025-02-02 13:27:00,1709.62,1710.17,1709.62,1710.17,0.03,61.18,106091.4,1
2025-02-02,2025-02-02 13:28:00,1710.17,1710.71,1710.17,1710.71,0.03,61.18,106091.4,1
2025-02-02,2025-02-02 13:29:00,1710.71,1711.25,1710.71,1711.25,0.03,61.18,106091.4,1
2025-02-02,2025-02-02 13:30:00,1711.25,1711.79,1711.25,1711.79,0.03,61.18,106091.4,1
2025-02-02,2025-02-02 13:31:00,1711.79,1712.33,1711.79,1712.33,0.03,61.18,106091.4,1
2025-02-02,2025-02-02 13:32:00,1712.33,1712.88,1712.33,1712.88,0.03,61.18,106091.4,1
2025-02-02,2025-02-02 13:33:00,1712.88,1713.42,1712.88,1713.42,0.03,61.18,106091.4,1
2025-02-02,2025-02-02 13:34:00,1713.42,1713.96,1713.42,1713.96,0.03,61.18,106091.4,1
2025-02-02,2025-02-02 13:35:00,1713.96,1714.5,1713.96,1714.5,0.03,61.18,106091.4,1
2025-02-02,2025-02-02 13:36:00,1714.5,1715.04,1714.5,1715.04,0.03,61.18,106091.4,1
2025-02-02,2025-02-02 13:37:00,1715.04,1715.58,1715.04,1715.58,0.03,61.18,106091.4,1
2025-02-02,2025-02-02 13:38:00,1715.58,1716.12,1715.58,1716.12,0.03,61.18,106091.4,1
2025-02-02,2025-02-02 13:39:00,1716.12,1716.67,1716.12,1716.67,0.03,61.18,106091.4,1
2025-02-02,2025-02-02 13:40:00,1716.67,1717.21,1716.67,1717.21,0.03,61.18,106091.4,1
2025-02-02,2025-02-02 13:41:00,1717.21,1717.75,1717.21,1717.75,0.03,61.18,106091.4,1
2025-02-02,2025-02-02 13:42:00,1717.75,1718.29,1717.75,1718.29,0.03,61.18,106091.4,1
2025-02-02,2025-02-02 13:43:00,1718.29,1718.83,1718.29,1718.83,0.03,61.18,106091.4,1
2025-02-02,2025-02-02 13:44:00,1718.83,1719.38,1718.83,1719.38,0.03,61.18,106091.4,1
2025-02-02,2025-02-02 13:45:00,1719.38,1719.92,1719.38,1719.92,0.03,61.18,106091.4,1
2025-02-02,2025-02-02 13:46:00,1719.92,1720.46,1719.92,1720.46,0.03,61.18,106091.4,1
2025-02-02,2025-02-02 13:47:00,1720.46,1721.0,1720.46,1721.0,0.03,61.18,106091.4,1
2025-02-02,2025-02-02 13:48:00,1721.0,1721.54,1721.0,1721.54,0.03,61.18,106091.4,1
2025-02-02,2025-02-02 13:49:00,1721.54,1722.08,1721.54,1722.08,0.03,61.18,106091.4,1
2025-02-02,2025-02-02 13:50:00,1722.08,1722.62,1722.08,1722.62,0.03,61.18,106091.4,1
2025-02-02,2025-02-02 13:51:00,1722.62,1723.17,1722.62,1723.17,0.03,61.18,106091.4,1
2025-02-02,2025-02-02 13:52:00,1723.17,1723.71,1723.17,1723.71,0.03,61.18,106091.4,1
2025-02-02,2025-02-02 13:53:00,1723.71,1724.25,1723.71,1724.25,0.03,61.18,106091.4,1
2025-02-02,2025-02-02 13:54:00,1724.25,1724.79,1724.25,1724.79,0.03,61.18,106091.4,1
2025-02-02,2025-02-02 13:55:00,1724.79,1725.33,1724.79,1725.33,0.03,61.18,106091.4,1
2025-02-02,2025-02-02 13:56:00,1725.33,1725.88,1725.33,1725.88,0.03,61.18,106091.4,1
2025-02-02,2025-02-02 13:57:00,1725.88,1726.42,1725.88,1726.42,0.03,61.18,106091.4,1
2025-02-02,2025-02-02 13:58:00,1726.42,1726.96,1726.42,1726.96,0.03,61.18,106091.4,1
2025-02-02,2025-02-02 13:59:00,1726.96,1727.5,1726.96,1727.5,0.03,61.18,106091.4,1
2025-02-02,2025-02-02 14:00:00,1727.5,1728.04,1727.5,1728.04,0.03,61.18,106091.4,1
2025-02-02,2025-02-02 14:01:00,1728.04,1728.58,1728.04,1728.58,0.03,61.18,106091.4,1
2025-02-02,2025-02-02 14:02:00,1728.58,1729.12,1728.58,1729.12,0.03,61.18,106091.4,1
2025-02-02,2025-02-02 14:03:00,1729.12,1729.67,1729.12,1729.67,0.03,61.18,106091.4,1
2025-02-02,2025-02-02 14:04:00,1729.67,1730.21,1729.67,1730.21,0.03,61.18,106091.4,1
2025-02-02,2025-02-02 14:05:00,1730.21,1730.75,1730.21,1730.75,0.03,61.18,106091.4,1
2025-02-02,2025-02-02 14:06:00,1730.75,1731.29,1730.75,1731.29,0.03,61.18,106091.4,1
2025-02-02,2025-02-02 14:07:00,1731.29,1731.83,1731.29,1731.83,0.03,61.18,106091.4,1
2025-02-02,2025-02-02 14:08:00,1731.83,1732.38,1731.83,1732.38,0.03,61.18,106091.4,1
2025-02-02,2025-02-02 14:09:00,1732.38,1732.92,1732.38,1732.92,0.03,61.18,106091.4,1
2025-02-02,2025-02-02 14:10:00,1732.92,1733.46,1732.92,1733.46,0.03,61.18,106091.4,1
2025-02-02,2025-02-02 14:11:00,1733.46,1734.0,1733.46,1734.0,0.03,61.18,106091.4,1
2025-02-02,2025-02-02 14:12:00,1734.0,1734.54,1734.0,1734.54,0.03,61.18,106091.4,1
2025-02-02,2025-02-02 14:13:00,1734.54,1735.08,1734.54,1735.08,0.03,61.18,106091.4,1
2025-02-02,2025-02-02 14:14:00,1735.08,1735.62,1735.08,1735.62,0.03,61.18,106091.4,1
2025-02-02,2025-02-02 14:15:00,1735.62,1736.17,1735.62,1736.17,0.03,61.18,106091.4,1
2025-02-02,2025-02-02 14:16:00,1736.17,1736.71,1736.17,1736.71,0.03,61.18,106091.4,1
2025-02-02,2025-02-02 14:17:00,1736.71,1737.25,1736.71,1737.25,0.03,61.18,106091.4,1
2025-02-02,2025-02-02 14:18:00,1737.25,1737.79,1737.25,1737.79,0.03,61.18,106091.4,1
2025-02-02,2025-02-02 14:19:00,1737.79,1738.33,1737.79,1738.33,0.03,61.18,106091.4,1
2025-02-02,2025-02-02 14:20:00,1738.33,1738.88,1738.33,1738.88,0.03,61.18,106091.4,1
2025-02-02,2025-02-02 14:21:00,1738.88,1739.42,1738.88,1739.42,0.03,61.18,106091.4,1
2025-02-02,2025-02-02 14:22:00,1739.42,1739.96,1739.42,1739.96,0.03,61.18,106091.4,1
2025-02-02,2025-02-02 14:23:00,1739.96,1740.5,1739.96,1740.5,0.03,61.18,106091.4,1
2025-02-02,2025-02-02 14:24:00,1740.5,1741.04,1740.5,1741.04,0.03,61.18,106091.4,1
2025-02-02,2025-02-02 14:25:00,1741.04,1741.58,1741.04,1741.58,0.03,61.18,106091.4,1
2025-02-02,2025-02-02 14:26:00,1741.58,1742.12,1741.58,1742.12,0.03,61.18,106091.4,1
2025-02-02,2025-02-02 14:27:00,1742.12,1742.67,1742.12,1742.67,0.03,61.18,106091.4,1
2025-02-02,2025-02-02 14:28:00,1742.67,1743.21,1742.67,1743.21,0.03,61.18,106091.4,1
2025-02-02,2025-02-02 14:29:00,1743.21,1743.75,1743.21,1743.75,0.03,61.18,106091.4,1
2025-02-02,2025-02-02 14:30:00,1743.75,1744.29,1743.75,1744.29,0.03,61.18,106091.4,1
2025-02-02,2025-02-02 14:31:00,1744.29,1744.83,1744.29,1744.83,0.03,61.18,106091.4,1
2025-02-02,2025-02-02 14:32:00,1744.83,1745.38,1744.83,1745.38,0.03,61.18,106091.4,1
2025-02-02,2025-02-02 14:33:00,1745.38,1745.92,1745.38,1745.92,0.03,61.18,106091.4,1
2025-02-02,2025-02-02 14:34:00,1745.92,1746.46,1745.92,1746.46,0.03,61.18,106091.4,1
2025-02-02,2025-02-02 14:35:00,1746.46,1747.0,1746.46,1747.0,0.03,61.18,106091.4,1
2025-02-02,2025-02-02 14:36:00,1747.0,1747.54,1747.0,1747.54,0.03,61.18,106091.4,1
2025-02-02,2025-02-02 14:37:00,1747.54,1748.08,1747.54,1748.08,0.03,61.18,106091.4,1
2025-02-02,2025-02-02 14:38:00,1748.08,1748.62,1748.08,1748.62,0.03,61.18,106091.4,1
2025-02-02,2025-02-02 14:39:00,1748.62,1749.17,1748.62,1749.17,0.03,61.18,106091.4,1
2025-02-02,2025-02-02 14:40:00,1749.17,1749.71,1749.17,1749.71,0.03,61.18,106091.4,1
2025-02-02,2025-02-02 14:41:00,1749.71,1750.25,1749.71,1750.25,0.03,61.18,106091.4,1
2025-02-02,2025-02-02 14:42:00,1750.25,1750.79,1750.25,1750.79,0.03,61.18,106091.4,1
2025-02-02,2025-02-02 14:43:00,1750.79,1751.33,1750.79,1751.33,0.03,61.18,106091.4,1
2025-02-02,2025-02-02 14:44:00,1751.33,1751.88,1751.33,1751.88,0.03,61.18,106091.4,1
2025-02-02,2025-02-02 14:45:00,1751.88,1752.42,1751.88,1752.42,0.03,61.18,106091.4,1
2025-02-02,2025-02-02 14:46:00,1752.42,1752.96,1752.42,1752.96,0.03,61.18,106091.4,1
2025-02-02,2025-02-02 14:47:00,1752.96,1753.5,1752.96,1753.5,0.03,61.18,106091.4,1
2025-02-02,2025-02-02 14:48:00,1753.5,1754.04,1753.5,1754.04,0.03,61.18,106091.4,1
2025-02-02,2025-02-02 14:49:00,1754.04,1754.58,1754.04,1754.58,0.03,61.18,106091.4,1
2025-02-02,2025-02-02 14:50:00,1754.58,1755.12,1754.58,1755.12,0.03,61.18,106091.4,1
2025-02-02,2025-02-02 14:51:00,1755.12,1755.67,1755.12,1755.67,0.03,61.18,106091.4,1
2025-02-02,2025-02-02 14:52:00,1755.67,1756.21,1755.67,1756.21,0.03,61.18,106091.4,1
2025-02-02,2025-02-02 14:53:00,1756.21,1756.75,1756.21,1756.75,0.03,61.18,106091.4,1
2025-02-02,2025-02-02 14:54:00,1756.75,1757.29,1756.75,1757.29,0.03,61.18,106091.4,1
2025-02-02,2025-02-02 14:55:00,1757.29,1757.83,1757.29,1757.83,0.03,61.18,106091.4,1
2025-02-02,2025-02-02 14:56:00,1757.83,1758.38,1757.83,1758.38,0.03,61.18,106091.4,1
2025-02-02,2025-02-02 14:57:00,1758.38,1758.92,1758.38,1758.92,0.03,61.18,106091.4,1
2025-02-02,2025-02-02 14:58:00,1758.92,1759.46,1758.92,1759.46,0.03,61.18,106091.4,1
2025-02-02,2025-02-02 14:59:00,1759.46,1760.0,1759.46,1760.0,0.03,61.18,106091.4,1
2025-02-02,2025-02-02 15:00:00,1760.0,1766.0,1630.0,1760.0,0.0,61.18,106091.4,0
2025-02-03,2025-02-03 11:00:00,1786.0,1788.76,1758.13,1785.71,-0.02,31.91,55149.42,-1
2025-02-03,2025-02-03 11:01:00,1785.71,1785.71,1785.43,1785.43,-0.02,31.91,55149.42,-1
2025-02-03,2025-02-03 11:02:00,1785.43,1785.43,1785.14,1785.14,-0.02,31.91,55149.42,-1
2025-02-03,2025-02-03 11:03:00,1785.14,1785.14,1784.85,1784.85,-0.02,31.91,55149.42,-1
2025-02-03,2025-02-03 11:04:00,1784.85,1784.85,1784.57,1784.57,-0.02,31.91,55149.42,-1
2025-02-03,2025-02-03 11:05:00,1784.57,1784.57,1784.28,1784.28,-0.02,31.91,55149.42,-1
2025-02-03,2025-02-03 11:06:00,1784.28,1784.28,1783.99,1783.99,-0.02,31.91,55149.42,-1
2025-02-03,2025-02-03 11:07:00,1783.99,1783.99,1783.71,1783.71,-0.02,31.91,55149.42,-1
2025-02-03,2025-02-03 11:08:00,1783.71,1783.71,1783.42,1783.42,-0.02,31.91,55149.42,-1
2025-02-03,2025-02-03 11:09:00,1783.42,1783.42,1783.13,1783.13,-0.02,31.91,55149.42,-1
2025-02-03,2025-02-03 11:10:00,1783.13,1783.13,1782.85,1782.85,-0.02,31.91,55149.42,-1
2025-02-03,2025-02-03 11:11:00,1782.85,1782.85,1782.56,1782.56,-0.02,31.91,55149.42,-1
2025-02-03,2025-02-03 11:12:00,1782.56,1782.56,1782.27,1782.27,-0.02,31.91,55149.42,-1
2025-02-03,2025-02-03 11:13:00,1782.27,1782.27,1781.99,1781.99,-0.02,31.91,55149.42,-1
2025-02-03,2025-02-03 11:14:00,1781.99,1781.99,1781.7,1781.7,-0.02,31.91,55149.42,-1
2025-02-03,2025-02-03 11:15:00,1781.7,1781.7,1781.41,1781.41,-0.02,31.91,55149.42,-1
2025-02-03,2025-02-03 11:16:00,1781.41,1781.41,1781.13,1781.13,-0.02,31.91,55149.42,-1
2025-02-03,2025-02-03 11:17:00,1781.13,1781.13,1780.84,1780.84,-0.02,31.91,55149.42,-1
2025-02-03,2025-02-03 11:18:00,1780.84,1780.84,1780.55,1780.55,-0.02,31.91,55149.42,-1
2025-02-03,2025-02-03 11:19:00,1780.55,1780.55,1780.27,1780.27,-0.02,31.91,55149.42,-1
2025-02-03,2025-02-03 11:20:00,1780.27,1780.27,1779.98,1779.98,-0.02,31.91,55149.42,-1
2025-02-03,2025-02-03 11:21:00,1779.98,1779.98,1779.69,1779.69,-0.02,31.91,55149.42,-1
2025-02-03,2025-02-03 11:22:00,1779.69,1779.69,1779.41,1779.41,-0.02,31.91,55149.42,-1
2025-02-03,2025-02-03 11:23:00,1779.41,1779.41,1779.12,1779.12,-0.02,31.91,55149.42,-1
2025-02-03,2025-02-03 11:24:00,1779.12,1779.12,1778.83,1778.83,-0.02,31.91,55149.42,-1
2025-02-03,2025-02-03 11:25:00,1778.83,1778.83,1778.55,1778.55,-0.02,31.91,55149.42,-1
2025-02-03,2025-02-03 11:26:00,1778.55,1778.55,1778.26,1778.26,-0.02,31.91,55149.42,-1
2025-02-03,2025-02-03 11:27:00,1778.26,1778.26,1777.97,1777.97,-0.02,31.91,55149.42,-1
2025-02-03,2025-02-03 11:28:00,1777.97,1777.97,1777.69,1777.69,-0.02,31.91,55149.42,-1
2025-02-03,2025-02-03 11:29:00,1777.69,1777.69,1777.4,1777.4,-0.02,31.91,55149.42,-1
2025-02-03,2025-02-03 11:30:00,1777.4,1777.4,1777.11,1777.11,-0.02,31.91,55149.42,-1
2025-02-03,2025-02-03 11:31:00,1777.11,1777.11,1776.83,1776.83,-0.02,31.91,55149.42,-1
2025-02-03,2025-02-03 11:32:00,1776.83,1776.83,1776.54,1776.54,-0.02,31.91,55149.42,-1
2025-02-03,2025-02-03 11:33:00,1776.54,1776.54,1776.25,1776.25,-0.02,31.91,55149.42,-1
2025-02-03,2025-02-03 11:34:00,1776.25,1776.25,1775.97,1775.97,-0.02,31.91,55149.42,-1
2025-02-03,2025-02-03 11:35:00,1775.97,1775.97,1775.68,1775.68,-0.02,31.91,55149.42,-1
2025-02-03,2025-02-03 11:36:00,1775.68,1775.68,1775.39,1775.39,-0.02,31.91,55149.42,-1
2025-02-03,2025-02-03 11:37:00,1775.39,1775.39,1775.11,1775.11,-0.02,31.91,55149.42,-1
2025-02-03,2025-02-03 11:38:00,1775.11,1775.11,1774.82,1774.82,-0.02,31.91,55149.42,-1
2025-02-03,2025-02-03 11:39:00,1774.82,1774.82,1774.53,1774.53,-0.02,31.91,55149.42,-1
2025-02-03,2025-02-03 11:40:00,1774.53,1774.53,1774.25,1774.25,-0.02,31.91,55149.42,-1
2025-02-03,2025-02-03 11:41:00,1774.25,1774.25,1773.96,1773.96,-0.02,31.91,55149.42,-1
2025-02-03,2025-02-03 11:42:00,1773.96,1773.96,1773.67,1773.67,-0.02,31.91,55149.42,-1
2025-02-03,2025-02-03 11:43:00,1773.67,1773.67,1773.39,1773.39,-0.02,31.91,55149.42,-1
2025-02-03,2025-02-03 11:44:00,1773.39,1773.39,1773.1,1773.1,-0.02,31.91,55149.42,-1
2025-02-03,2025-02-03 11:45:00,1773.1,1773.1,1772.81,1772.81,-0.02,31.91,55149.42,-1
2025-02-03,2025-02-03 11:46:00,1772.81,1772.81,1772.53,1772.53,-0.02,31.91,55149.42,-1
2025-02-03,2025-02-03 11:47:00,1772.53,1772.53,1772.24,1772.24,-0.02,31.91,55149.42,-1
2025-02-03,2025-02-03 11:48:00,1772.24,1772.24,1771.95,1771.95,-0.02,31.91,55149.42,-1
2025-02-03,2025-02-03 11:49:00,1771.95,1771.95,1771.67,1771.67,-0.02,31.91,55149.42,-1
2025-02-03,2025-02-03 11:50:00,1771.67,1771.67,1771.38,1771.38,-0.02,31.91,55149.42,-1
2025-02-03,2025-02-03 11:51:00,1771.38,1771.38,1771.09,1771.09,-0.02,31.91,55149.42,-1
2025-02-03,2025-02-03 11:52:00,1771.09,1771.09,1770.81,1770.81,-0.02,31.91,55149.42,-1
2025-02-03,2025-02-03 11:53:00,1770.81,1770.81,1770.52,1770.52,-0.02,31.91,55149.42,-1
2025-02-03,2025-02-03 11:54:00,1770.52,1770.52,1770.23,1770.23,-0.02,31.91,55149.42,-1
2025-02-03,2025-02-03 11:55:00,1770.23,1770.23,1769.95,1769.95,-0.02,31.91,55149.42,-1
2025-02-03,2025-02-03 11:56:00,1769.95,1769.95,1769.66,1769.66,-0.02,31.91,55149.42,-1
2025-02-03,2025-02-03 11:57:00,1769.66,1769.66,1769.37,1769.37,-0.02,31.91,55149.42,-1
2025-02-03,2025-02-03 11:58:00,1769.37,1769.37,1769.09,1769.09,-0.02,31.91,55149.42,-1
2025-02-03,2025-02-03 11:59:00,1769.09,1769.09,1768.8,1768.8,-0.02,31.91,55149.42,-1
2025-02-03,2025-02-03 12:00:00,1768.8,1768.8,1768.51,1768.51,-0.02,31.91,55149.42,-1
2025-02-03,2025-02-03 12:01:00,1768.51,1768.51,1768.23,1768.23,-0.02,31.91,55149.42,-1
2025-02-03,2025-02-03 12:02:00,1768.23,1768.23,1767.94,1767.94,-0.02,31.91,55149.42,-1
2025-02-03,2025-02-03 12:03:00,1767.94,1767.94,1767.65,1767.65,-0.02,31.91,55149.42,-1
2025-02-03,2025-02-03 12:04:00,1767.65,1767.65,1767.37,1767.37,-0.02,31.91,55149.42,-1
2025-02-03,2025-02-03 12:05:00,1767.37,1767.37,1767.08,1767.08,-0.02,31.91,55149.42,-1
2025-02-03,2025-02-03 12:06:00,1767.08,1767.08,1766.79,1766.79,-0.02,31.91,55149.42,-1
2025-02-03,2025-02-03 12:07:00,1766.79,1766.79,1766.51,1766.51,-0.02,31.91,55149.42,-1
2025-02-03,2025-02-03 12:08:00,1766.51,1766.51,1766.22,1766.22,-0.02,31.91,55149.42,-1
2025-02-03,2025-02-03 12:09:00,1766.22,1766.22,1765.93,1765.93,-0.02,31.91,55149.42,-1
2025-02-03,2025-02-03 12:10:00,1765.93,1765.93,1765.65,1765.65,-0.02,31.91,55149.42,-1
2025-02-03,2025-02-03 12:11:00,1765.65,1765.65,1765.36,1765.36,-0.02,31.91,55149.42,-1
2025-02-03,2025-02-03 12:12:00,1765.36,1765.36,1765.07,1765.07,-0.02,31.91,55149.42,-1
2025-02-03,2025-02-03 12:13:00,1765.07,1765.07,1764.79,1764.79,-0.02,31.91,55149.42,-1
2025-02-03,2025-02-03 12:14:00,1764.79,1764.79,1764.5,1764.5,-0.02,31.91,55149.42,-1
2025-02-03,2025-02-03 12:15:00,1764.5,1764.5,1764.21,1764.21,-0.02,31.91,55149.42,-1
2025-02-03,2025-02-03 12:16:00,1764.21,1764.21,1763.93,1763.93,-0.02,31.91,55149.42,-1
2025-02-03,2025-02-03 12:17:00,1763.93,1763.93,1763.64,1763.64,-0.02,31.91,55149.42,-1
2025-02-03,2025-02-03 12:18:00,1763.64,1763.64,1763.35,1763.35,-0.02,31.91,55149.42,-1
2025-02-03,2025-02-03 12:19:00,1763.35,1763.35,1763.07,1763.07,-0.02,31.91,55149.42,-1
2025-02-03,2025-02-03 12:20:00,1763.07,1763.07,1762.78,1762.78,-0.02,31.91,55149.42,-1
2025-02-03,2025-02-03 12:21:00,1762.78,1762.78,1762.49,1762.49,-0.02,31.91,55149.42,-1
2025-02-03,2025-02-03 12:22:00,1762.49,1762.49,1762.21,1762.21,-0.02,31.91,55149.42,-1
2025-02-03,2025-02-03 12:23:00,1762.21,1762.21,1761.92,1761.92,-0.02,31.91,55149.42,-1
2025-02-03,2025-02-03 12:24:00,1761.92,1761.92,1761.63,1761.63,-0.02,31.91,55149.42,-1
2025-02-03,2025-02-03 12:25:00,1761.63,1761.63,1761.35,1761.35,-0.02,31.91,55149.42,-1
2025-02-03,2025-02-03 12:26:00,1761.35,1761.35,1761.06,1761.06,-0.02,31.91,55149.42,-1
2025-02-03,2025-02-03 12:27:00,1761.06,1761.06,1760.77,1760.77,-0.02,31.91,55149.42,-1
2025-02-03,2025-02-03 12:28:00,1760.77,1760.77,1760.49,1760.49,-0.02,31.91,55149.42,-1
2025-02-03,2025-02-03 12:29:00,1760.49,1760.49,1760.2,1760.2,-0.02,31.91,55149.42,-1
2025-02-03,2025-02-03 12:30:00,1760.2,1760.2,1759.91,1759.91,-0.02,31.91,55149.42,-1
2025-02-03,2025-02-03 12:31:00,1759.91,1759.91,1759.63,1759.63,-0.02,31.91,55149.42,-1
2025-02-03,2025-02-03 12:32:00,1759.63,1759.63,1759.34,1759.34,-0.02,31.91,55149.42,-1
2025-02-03,2025-02-03 12:33:00,1759.34,1759.34,1759.05,1759.05,-0.02,31.91,55149.42,-1
2025-02-03,2025-02-03 12:34:00,1759.05,1759.05,1758.77,1758.77,-0.02,31.91,55149.42,-1
2025-02-03,2025-02-03 12:35:00,1758.77,1758.77,1758.48,1758.48,-0.02,31.91,55149.42,-1
2025-02-03,2025-02-03 12:36:00,1758.48,1758.48,1758.19,1758.19,-0.02,31.91,55149.42,-1
2025-02-03,2025-02-03 12:37:00,1758.19,1758.19,1757.91,1757.91,-0.02,31.91,55149.42,-1
2025-02-03,2025-02-03 12:38:00,1757.91,1757.91,1757.62,1757.62,-0.02,31.91,55149.42,-1
2025-02-03,2025-02-03 12:39:00,1757.62,1757.62,1757.33,1757.33,-0.02,31.91,55149.42,-1
2025-02-03,2025-02-03 12:40:00,1757.33,1757.33,1757.05,1757.05,-0.02,31.91,55149.42,-1
2025-02-03,2025-02-03 12:41:00,1757.05,1757.05,1756.76,1756.76,-0.02,31.91,55149.42,-1
2025-02-03,2025-02-03 12:42:00,1756.76,1756.76,1756.47,1756.47,-0.02,31.91,55149.42,-1
2025-02-03,2025-02-03 12:43:00,1756.47,1756.47,1756.19,1756.19,-0.02,31.91,55149.42,-1
2025-02-03,2025-02-03 12:44:00,1756.19,1756.19,1755.9,1755.9,-0.02,31.91,55149.42,-1
2025-02-03,2025-02-03 12:45:00,1755.9,1755.9,1755.61,1755.61,-0.02,31.91,55149.42,-1
2025-02-03,2025-02-03 12:46:00,1755.61,1755.61,1755.33,1755.33,-0.02,31.91,55149.42,-1
2025-02-03,2025-02-03 12:47:00,1755.33,1755.33,1755.04,1755.04,-0.02,31.91,55149.42,-1
2025-02-03,2025-02-03 12:48:00,1755.04,1755.04,1754.75,1754.75,-0.02,31.91,55149.42,-1
2025-02-03,2025-02-03 12:49:00,1754.75,1754.75,1754.47,1754.47,-0.02,31.91,55149.42,-1
2025-02-03,2025-02-03 12:50:00,1754.47,1754.47,1754.18,1754.18,-0.02,31.91,55149.42,-1
2025-02-03,2025-02-03 12:51:00,1754.18,1754.18,1753.89,1753.89,-0.02,31.91,55149.42,-1
2025-02-03,2025-02-03 12:52:00,1753.89,1753.89,1753.61,1753.61,-0.02,31.91,55149.42,-1
2025-02-03,2025-02-03 12:53:00,1753.61,1753.61,1753.32,1753.32,-0.02,31.91,55149.42,-1
2025-02-03,2025-02-03 12:54:00,1753.32,1753.32,1753.03,1753.03,-0.02,31.91,55149.42,-1
2025-02-03,2025-02-03 12:55:00,1753.03,1753.03,1752.75,1752.75,-0.02,31.91,55149.42,-1
2025-02-03,2025-02-03 12:56:00,1752.75,1752.75,1752.46,1752.46,-0.02,31.91,55149.42,-1
2025-02-03,2025-02-03 12:57:00,1752.46,1752.46,1752.17,1752.17,-0.02,31.91,55149.42,-1
2025-02-03,2025-02-03 12:58:00,1752.17,1752.17,1751.89,1751.89,-0.02,31.91,55149.42,-1
2025-02-03,2025-02-03 12:59:00,1751.89,1751.89,1751.6,1751.6,-0.02,31.91,55149.42,-1
2025-02-03,2025-02-03 13:00:00,1751.6,1795.2,1693.1,1751.31,-0.02,31.91,55149.42,-1
2025-02-03,2025-02-03 13:01:00,1751.31,1751.31,1751.03,1751.03,-0.02,31.91,55149.42,-1
2025-02-03,2025-02-03 13:02:00,1751.03,1751.03,1750.74,1750.74,-0.02,31.91,55149.42,-1
2025-02-03,2025-02-03 13:03:00,1750.74,1750.74,1750.45,1750.45,-0.02,31.91,55149.42,-1
2025-02-03,2025-02-03 13:04:00,1750.45,1750.45,1750.17,1750.17,-0.02,31.91,55149.42,-1
2025-02-03,2025-02-03 13:05:00,1750.17,1750.17,1749.88,1749.88,-0.02,31.91,55149.42,-1
2025-02-03,2025-02-03 13:06:00,1749.88,1749.88,1749.59,1749.59,-0.02,31.91,55149.42,-1
2025-02-03,2025-02-03 13:07:00,1749.59,1749.59,1749.31,1749.31,-0.02,31.91,55149.42,-1
2025-02-03,2025-02-03 13:08:00,1749.31,1749.31,1749.02,1749.02,-0.02,31.91,55149.42,-1
2025-02-03,2025-02-03 13:09:00,1749.02,1749.02,1748.73,1748.73,-0.02,31.91,55149.42,-1
2025-02-03,2025-02-03 13:10:00,1748.73,1748.73,1748.45,1748.45,-0.02,31.91,55149.42,-1
2025-02-03,2025-02-03 13:11:00,1748.45,1748.45,1748.16,1748.16,-0.02,31.91,55149.42,-1
2025-02-03,2025-02-03 13:12:00,1748.16,1748.16,1747.87,1747.87,-0.02,31.91,55149.42,-1
2025-02-03,2025-02-03 13:13:00,1747.87,1747.87,1747.59,1747.59,-0.02,31.91,55149.42,-1
2025-02-03,2025-02-03 13:14:00,1747.59,1747.59,1747.3,1747.3,-0.02,31.91,55149.42,-1
2025-02-03,2025-02-03 13:15:00,1747.3,1747.3,1747.01,1747.01,-0.02,31.91,55149.42,-1
2025-02-03,2025-02-03 13:16:00,1747.01,1747.01,1746.73,1746.73,-0.02,31.91,55149.42,-1
2025-02-03,2025-02-03 13:17:00,1746.73,1746.73,1746.44,1746.44,-0.02,31.91,55149.42,-1
2025-02-03,2025-02-03 13:18:00,1746.44,1746.44,1746.15,1746.15,-0.02,31.91,55149.42,-1
2025-02-03,2025-02-03 13:19:00,1746.15,1746.15,1745.87,1745.87,-0.02,31.91,55149.42,-1
2025-02-03,2025-02-03 13:20:00,1745.87,1745.87,1745.58,1745.58,-0.02,31.91,55149.42,-1
2025-02-03,2025-02-03 13:21:00,1745.58,1745.58,1745.29,1745.29,-0.02,31.91,55149.42,-1
2025-02-03,2025-02-03 13:22:00,1745.29,1745.29,1745.01,1745.01,-0.02,31.91,55149.42,-1
2025-02-03,2025-02-03 13:23:00,1745.01,1745.01,1744.72,1744.72,-0.02,31.91,55149.42,-1
2025-02-03,2025-02-03 13:24:00,1744.72,1744.72,1744.43,1744.43,-0.02,31.91,55149.42,-1
2025-02-03,2025-02-03 13:25:00,1744.43,1744.43,1744.15,1744.15,-0.02,31.91,55149.42,-1
2025-02-03,2025-02-03 13:26:00,1744.15,1744.15,1743.86,1743.86,-0.02,31.91,55149.42,-1
2025-02-03,2025-02-03 13:27:00,1743.86,1743.86,1743.57,1743.57,-0.02,31.91,55149.42,-1
2025-02-03,2025-02-03 13:28:00,1743.57,1743.57,1743.29,1743.29,-0.02,31.91,55149.42,-1
2025-02-03,2025-02-03 13:29:00,1743.29,1743.29,1743.0,1743.0,-0.02,31.91,55149.42,-1
2025-02-03,2025-02-03 13:30:00,1743.0,1743.0,1742.71,1742.71,-0.02,31.91,55149.42,-1
2025-02-03,2025-02-03 13:31:00,1742.71,1742.71,1742.43,1742.43,-0.02,31.91,55149.42,-1
2025-02-03,2025-02-03 13:32:00,1742.43,1742.43,1742.14,1742.14,-0.02,31.91,55149.42,-1
2025-02-03,2025-02-03 13:33:00,1742.14,1742.14,1741.85,1741.85,-0.02,31.91,55149.42,-1
2025-02-03,2025-02-03 13:34:00,1741.85,1741.85,1741.57,1741.57,-0.02,31.91,55149.42,-1
2025-02-03,2025-02-03 13:35:00,1741.57,1741.57,1741.28,1741.28,-0.02,31.91,55149.42,-1
2025-02-03,2025-02-03 13:36:00,1741.28,1741.28,1740.99,1740.99,-0.02,31.91,55149.42,-1
2025-02-03,2025-02-03 13:37:00,1740.99,1740.99,1740.71,1740.71,-0.02,31.91,55149.42,-1
2025-02-03,2025-02-03 13:38:00,1740.71,1740.71,1740.42,1740.42,-0.02,31.91,55149.42,-1
2025-02-03,2025-02-03 13:39:00,1740.42,1740.42,1740.13,1740.13,-0.02,31.91,55149.42,-1
2025-02-03,2025-02-03 13:40:00,1740.13,1740.13,1739.85,1739.85,-0.02,31.91,55149.42,-1
2025-02-03,2025-02-03 13:41:00,1739.85,1739.85,1739.56,1739.56,-0.02,31.91,55149.42,-1
2025-02-03,2025-02-03 13:42:00,1739.56,1739.56,1739.27,1739.27,-0.02,31.91,55149.42,-1
2025-02-03,2025-02-03 13:43:00,1739.27,1739.27,1738.99,1738.99,-0.02,31.91,55149.42,-1
2025-02-03,2025-02-03 13:44:00,1738.99,1738.99,1738.7,1738.7,-0.02,31.91,55149.42,-1
2025-02-03,2025-02-03 13:45:00,1738.7,1738.7,1738.41,1738.41,-0.02,31.91,55149.42,-1
2025-02-03,2025-02-03 13:46:00,1738.41,1738.41,1738.13,1738.13,-0.02,31.91,55149.42,-1
2025-02-03,2025-02-03 13:47:00,1738.13,1738.13,1737.84,1737.84,-0.02,31.91,55149.42,-1
2025-02-03,2025-02-03 13:48:00,1737.84,1737.84,1737.55,1737.55,-0.02,31.91,55149.42,-1
2025-02-03,2025-02-03 13:49:00,1737.55,1737.55,1737.27,1737.27,-0.02,31.91,55149.42,-1
2025-02-03,2025-02-03 13:50:00,1737.27,1737.27,1736.98,1736.98,-0.02,31.91,55149.42,-1
2025-02-03,2025-02-03 13:51:00,1736.98,1736.98,1736.69,1736.69,-0.02,31.91,55149.42,-1
2025-02-03,2025-02-03 13:52:00,1736.69,1736.69,1736.41,1736.41,-0.02,31.91,55149.42,-1
2025-02-03,2025-02-03 13:53:00,1736.41,1736.41,1736.12,1736.12,-0.02,31.91,55149.42,-1
2025-02-03,2025-02-03 13:54:00,1736.12,1736.12,1735.83,1735.83,-0.02,31.91,55149.42,-1
2025-02-03,2025-02-03 13:55:00,1735.83,1735.83,1735.55,1735.55,-0.02,31.91,55149.42,-1
2025-02-03,2025-02-03 13:56:00,1735.55,1735.55,1735.26,1735.26,-0.02,31.91,55149.42,-1
2025-02-03,2025-02-03 13:57:00,1735.26,1735.26,1734.97,1734.97,-0.02,31.91,55149.42,-1
2025-02-03,2025-02-03 13:58:00,1734.97,1734.97,1734.69,1734.69,-0.02,31.91,55149.42,-1
2025-02-03,2025-02-03 13:59:00,1734.69,1734.69,1734.4,1734.4,-0.02,31.91,55149.42,-1
2025-02-03,2025-02-03 14:00:00,1734.4,1734.4,1734.11,1734.11,-0.02,31.91,55149.42,-1
2025-02-03,2025-02-03 14:01:00,1734.11,1734.11,1733.83,1733.83,-0.02,31.91,55149.42,-1
2025-02-03,2025-02-03 14:02:00,1733.83,1733.83,1733.54,1733.54,-0.02,31.91,55149.42,-1
2025-02-03,2025-02-03 14:03:00,1733.54,1733.54,1733.25,1733.25,-0.02,31.91,55149.42,-1
2025-02-03,2025-02-03 14:04:00,1733.25,1733.25,1732.97,1732.97,-0.02,31.91,55149.42,-1
2025-02-03,2025-02-03 14:05:00,1732.97,1732.97,1732.68,1732.68,-0.02,31.91,55149.42,-1
2025-02-03,2025-02-03 14:06:00,1732.68,1732.68,1732.39,1732.39,-0.02,31.91,55149.42,-1
2025-02-03,2025-02-03 14:07:00,1732.39,1732.39,1732.11,1732.11,-0.02,31.91,55149.42,-1
2025-02-03,2025-02-03 14:08:00,1732.11,1732.11,1731.82,1731.82,-0.02,31.91,55149.42,-1
2025-02-03,2025-02-03 14:09:00,1731.82,1731.82,1731.53,1731.53,-0.02,31.91,55149.42,-1
2025-02-03,2025-02-03 14:10:00,1731.53,1731.53,1731.25,1731.25,-0.02,31.91,55149.42,-1
2025-02-03,2025-02-03 14:11:00,1731.25,1731.25,1730.96,1730.96,-0.02,31.91,55149.42,-1
2025-02-03,2025-02-03 14:12:00,1730.96,1730.96,1730.67,1730.67,-0.02,31.91,55149.42,-1
2025-02-03,2025-02-03 14:13:00,1730.67,1730.67,1730.39,1730.39,-0.02,31.91,55149.42,-1
2025-02-03,2025-02-03 14:14:00,1730.39,1730.39,1730.1,1730.1,-0.02,31.91,55149.42,-1
2025-02-03,2025-02-03 14:15:00,1730.1,1730.1,1729.81,1729.81,-0.02,31.91,55149.42,-1
2025-02-03,2025-02-03 14:16:00,1729.81,1729.81,1729.53,1729.53,-0.02,31.91,55149.42,-1
2025-02-03,2025-02-03 14:17:00,1729.53,1729.53,1729.24,1729.24,-0.02,31.91,55149.42,-1
2025-02-03,2025-02-03 14:18:00,1729.24,1729.24,1728.95,1728.95,-0.02,31.91,55149.42,-1
2025-02-03,2025-02-03 14:19:00,1728.95,1728.95,1728.67,1728.67,-0.02,31.91,55149.42,-1
2025-02-03,2025-02-03 14:20:00,1728.67,1728.67,1728.38,1728.38,-0.02,31.91,55149.42,-1
2025-02-03,2025-02-03 14:21:00,1728.38,1728.38,1728.09,1728.09,-0.02,31.91,55149.42,-1
2025-02-03,2025-02-03 14:22:00,1728.09,1728.09,1727.81,1727.81,-0.02,31.91,55149.42,-1
2025-02-03,2025-02-03 14:23:00,1727.81,1727.81,1727.52,1727.52,-0.02,31.91,55149.42,-1
2025-02-03,2025-02-03 14:24:00,1727.52,1727.52,1727.23,1727.23,-0.02,31.91,55149.42,-1
2025-02-03,2025-02-03 14:25:00,1727.23,1727.23,1726.95,1726.95,-0.02,31.91,55149.42,-1
2025-02-03,2025-02-03 14:26:00,1726.95,1726.95,1726.66,1726.66,-0.02,31.91,55149.42,-1
2025-02-03,2025-02-03 14:27:00,1726.66,1726.66,1726.37,1726.37,-0.02,31.91,55149.42,-1
2025-02-03,2025-02-03 14:28:00,1726.37,1726.37,1726.09,1726.09,-0.02,31.91,55149.42,-1
2025-02-03,2025-02-03 14:29:00,1726.09,1726.09,1725.8,1725.8,-0.02,31.91,55149.42,-1
2025-02-03,2025-02-03 14:30:00,1725.8,1725.8,1725.51,1725.51,-0.02,31.91,55149.42,-1
2025-02-03,2025-02-03 14:31:00,1725.51,1725.51,1725.23,1725.23,-0.02,31.91,55149.42,-1
2025-02-03,2025-02-03 14:32:00,1725.23,1725.23,1724.94,1724.94,-0.02,31.91,55149.42,-1
2025-02-03,2025-02-03 14:33:00,1724.94,1724.94,1724.65,1724.65,-0.02,31.91,55149.42,-1
2025-02-03,2025-02-03 14:34:00,1724.65,1724.65,1724.37,1724.37,-0.02,31.91,55149.42,-1
2025-02-03,2025-02-03 14:35:00,1724.37,1724.37,1724.08,1724.08,-0.02,31.91,55149.42,-1
2025-02-03,2025-02-03 14:36:00,1724.08,1724.08,1723.79,1723.79,-0.02,31.91,55149.42,-1
2025-02-03,2025-02-03 14:37:00,1723.79,1723.79,1723.51,1723.51,-0.02,31.91,55149.42,-1
2025-02-03,2025-02-03 14:38:00,1723.51,1723.51,1723.22,1723.22,-0.02,31.91,55149.42,-1
2025-02-03,2025-02-03 14:39:00,1723.22,1723.22,1722.93,1722.93,-0.02,31.91,55149.42,-1
2025-02-03,2025-02-03 14:40:00,1722.93,1722.93,1722.65,1722.65,-0.02,31.91,55149.42,-1
2025-02-03,2025-02-03 14:41:00,1722.65,1722.65,1722.36,1722.36,-0.02,31.91,55149.42,-1
2025-02-03,2025-02-03 14:42:00,1722.36,1722.36,1722.07,1722.07,-0.02,31.91,55149.42,-1
2025-02-03,2025-02-03 14:43:00,1722.07,1722.07,1721.79,1721.79,-0.02,31.91,55149.42,-1
2025-02-03,2025-02-03 14:44:00,1721.79,1721.79,1721.5,1721.5,-0.02,31.91,55149.42,-1
2025-02-03,2025-02-03 14:45:00,1721.5,1721.5,1721.21,1721.21,-0.02,31.91,55149.42,-1
2025-02-03,2025-02-03 14:46:00,1721.21,1721.21,1720.93,1720.93,-0.02,31.91,55149.42,-1
2025-02-03,2025-02-03 14:47:00,1720.93,1720.93,1720.64,1720.64,-0.02,31.91,55149.42,-1
2025-02-03,2025-02-03 14:48:00,1720.64,1720.64,1720.35,1720.35,-0.02,31.91,55149.42,-1
2025-02-03,2025-02-03 14:49:00,1720.35,1720.35,1720.07,1720.07,-0.02,31.91,55149.42,-1
2025-02-03,2025-02-03 14:50:00,1720.07,1720.07,1719.78,1719.78,-0.02,31.91,55149.42,-1
2025-02-03,2025-02-03 14:51:00,1719.78,1719.78,1719.49,1719.49,-0.02,31.91,55149.42,-1
2025-02-03,2025-02-03 14:52:00,1719.49,1719.49,1719.21,1719.21,-0.02,31.91,55149.42,-1
2025-02-03,2025-02-03 14:53:00,1719.21,1719.21,1718.92,1718.92,-0.02,31.91,55149.42,-1
2025-02-03,2025-02-03 14:54:00,1718.92,1718.92,1718.63,1718.63,-0.02,31.91,55149.42,-1
2025-02-03,2025-02-03 14:55:00,1718.63,1718.63,1718.35,1718.35,-0.02,31.91,55149.42,-1
2025-02-03,2025-02-03 14:56:00,1718.35,1718.35,1718.06,1718.06,-0.02,31.91,55149.42,-1
2025-02-03,2025-02-03 14:57:00,1718.06,1718.06,1717.77,1717.77,-0.02,31.91,55149.42,-1
2025-02-03,2025-02-03 14:58:00,1717.77,1717.77,1717.49,1717.49,-0.02,31.91,55149.42,-1
2025-02-03,2025-02-03 14:59:00,1717.49,1717.49,1717.2,1717.2,-0.02,31.91,55149.42,-1
2025-02-03,2025-02-03 15:00:00,1717.2,1795.2,1693.1,1717.2,0.0,31.91,55149.42,0
2025-02-04,2025-02-04 11:00:00,1700.0,1725.95,1694.3,1700.1,0.01,46.48,79206.57,1
2025-02-04,2025-02-04 11:01:00,1700.1,1700.19,1700.1,1700.19,0.01,46.48,79206.57,1
2025-02-04,2025-02-04 11:02:00,1700.19,1700.29,1700.19,1700.29,0.01,46.48,79206.57,1
2025-02-04,2025-02-04 11:03:00,1700.29,1700.38,1700.29,1700.38,0.01,46.48,79206.57,1
2025-02-04,2025-02-04 11:04:00,1700.38,1700.47,1700.38,1700.47,0.01,46.48,79206.57,1
2025-02-04,2025-02-04 11:05:00,1700.47,1700.57,1700.47,1700.57,0.01,46.48,79206.57,1
2025-02-04,2025-02-04 11:06:00,1700.57,1700.66,1700.57,1700.66,0.01,46.48,79206.57,1
2025-02-04,2025-02-04 11:07:00,1700.66,1700.76,1700.66,1700.76,0.01,46.48,79206.57,1
2025-02-04,2025-02-04 11:08:00,1700.76,1700.86,1700.76,1700.86,0.01,46.48,79206.57,1
2025-02-04,2025-02-04 11:09:00,1700.86,1700.95,1700.86,1700.95,0.01,46.48,79206.57,1
2025-02-04,2025-02-04 11:10:00,1700.95,1701.05,1700.95,1701.05,0.01,46.48,79206.57,1
2025-02-04,2025-02-04 11:11:00,1701.05,1701.14,1701.05,1701.14,0.01,46.48,79206.57,1
2025-02-04,2025-02-04 11:12:00,1701.14,1701.23,1701.14,1701.23,0.01,46.48,79206.57,1
2025-02-04,2025-02-04 11:13:00,1701.23,1701.33,1701.23,1701.33,0.01,46.48,79206.57,1
2025-02-04,2025-02-04 11:14:00,1701.33,1701.42,1701.33,1701.42,0.01,46.48,79206.57,1
2025-02-04,2025-02-04 11:15:00,1701.42,1701.52,1701.42,1701.52,0.01,46.48,79206.57,1
2025-02-04,2025-02-04 11:16:00,1701.52,1701.62,1701.52,1701.62,0.01,46.48,79206.57,1
2025-02-04,2025-02-04 11:17:00,1701.62,1701.71,1701.62,1701.71,0.01,46.48,79206.57,1
2025-02-04,2025-02-04 11:18:00,1701.71,1701.81,1701.71,1701.81,0.01,46.48,79206.57,1
2025-02-04,2025-02-04 11:19:00,1701.81,1701.9,1701.81,1701.9,0.01,46.48,79206.57,1
2025-02-04,2025-02-04 11:20:00,1701.9,1701.99,1701.9,1701.99,0.01,46.48,79206.57,1
2025-02-04,2025-02-04 11:21:00,1701.99,1702.09,1701.99,1702.09,0.01,46.48,79206.57,1
2025-02-04,2025-02-04 11:22:00,1702.09,1702.18,1702.09,1702.18,0.01,46.48,79206.57,1
2025-02-04,2025-02-04 11:23:00,1702.18,1702.28,1702.18,1702.28,0.01,46.48,79206.57,1
2025-02-04,2025-02-04 11:24:00,1702.28,1702.38,1702.28,1702.38,0.01,46.48,79206.57,1
2025-02-04,2025-02-04 11:25:00,1702.38,1702.47,1702.38,1702.47,0.01,46.48,79206.57,1
2025-02-04,2025-02-04 11:26:00,1702.47,1702.57,1702.47,1702.57,0.01,46.48,79206.57,1
2025-02-04,2025-02-04 11:27:00,1702.57,1702.66,1702.57,1702.66,0.01,46.48,79206.57,1
2025-02-04,2025-02-04 11:28:00,1702.66,1702.75,1702.66,1702.75,0.01,46.48,79206.57,1
2025-02-04,2025-02-04 11:29:00,1702.75,1702.85,1702.75,1702.85,0.01,46.48,79206.57,1
2025-02-04,2025-02-04 11:30:00,1702.85,1702.94,1702.85,1702.94,0.01,46.48,79206.57,1
2025-02-04,2025-02-04 11:31:00,1702.94,1703.04,1702.94,1703.04,0.01,46.48,79206.57,1
2025-02-04,2025-02-04 11:32:00,1703.04,1703.13,1703.04,1703.13,0.01,46.48,79206.57,1
2025-02-04,2025-02-04 11:33:00,1703.13,1703.23,1703.13,1703.23,0.01,46.48,79206.57,1
2025-02-04,2025-02-04 11:34:00,1703.23,1703.33,1703.23,1703.33,0.01,46.48,79206.57,1
2025-02-04,2025-02-04 11:35:00,1703.33,1703.42,1703.33,1703.42,0.01,46.48,79206.57,1
2025-02-04,2025-02-04 11:36:00,1703.42,1703.52,1703.42,1703.52,0.01,46.48,79206.57,1
2025-02-04,2025-02-04 11:37:00,1703.52,1703.61,1703.52,1703.61,0.01,46.48,79206.57,1
2025-02-04,2025-02-04 11:38:00,1703.61,1703.7,1703.61,1703.7,0.01,46.48,79206.57,1
2025-02-04,2025-02-04 11:39:00,1703.7,1703.8,1703.7,1703.8,0.01,46.48,79206.57,1
2025-02-04,2025-02-04 11:40:00,1703.8,1703.89,1703.8,1703.89,0.01,46.48,79206.57,1
2025-02-04,2025-02-04 11:41:00,1703.89,1703.99,1703.89,1703.99,0.01,46.48,79206.57,1
2025-02-04,2025-02-04 11:42:00,1703.99,1704.09,1703.99,1704.09,0.01,46.48,79206.57,1
2025-02-04,2025-02-04 11:43:00,1704.09,1704.18,1704.09,1704.18,0.01,46.48,79206.57,1
2025-02-04,2025-02-04 11:44:00,1704.18,1704.28,1704.18,1704.28,0.01,46.48,79206.57,1
2025-02-04,2025-02-04 11:45:00,1704.28,1704.37,1704.28,1704.37,0.01,46.48,79206.57,1
2025-02-04,2025-02-04 11:46:00,1704.37,1704.46,1704.37,1704.46,0.01,46.48,79206.57,1
2025-02-04,2025-02-04 11:47:00,1704.46,1704.56,1704.46,1704.56,0.01,46.48,79206.57,1
2025-02-04,2025-02-04 11:48:00,1704.56,1704.65,1704.56,1704.65,0.01,46.48,79206.57,1
2025-02-04,2025-02-04 11:49:00,1704.65,1704.75,1704.65,1704.75,0.01,46.48,79206.57,1
2025-02-04,2025-02-04 11:50:00,1704.75,1704.85,1704.75,1704.85,0.01,46.48,79206.57,1
2025-02-04,2025-02-04 11:51:00,1704.85,1704.94,1704.85,1704.94,0.01,46.48,79206.57,1
2025-02-04,2025-02-04 11:52:00,1704.94,1705.04,1704.94,1705.04,0.01,46.48,79206.57,1
2025-02-04,2025-02-04 11:53:00,1705.04,1705.13,1705.04,1705.13,0.01,46.48,79206.57,1
2025-02-04,2025-02-04 11:54:00,1705.13,1705.22,1705.13,1705.22,0.01,46.48,79206.57,1
2025-02-04,2025-02-04 11:55:00,1705.22,1705.32,1705.22,1705.32,0.01,46.48,79206.57,1
2025-02-04,2025-02-04 11:56:00,1705.32,1705.41,1705.32,1705.41,0.01,46.48,79206.57,1
2025-02-04,2025-02-04 11:57:00,1705.41,1705.51,1705.41,1705.51,0.01,46.48,79206.57,1
2025-02-04,2025-02-04 11:58:00,1705.51,1705.61,1705.51,1705.61,0.01,46.48,79206.57,1
2025-02-04,2025-02-04 11:59:00,1705.61,1705.7,1705.61,1705.7,0.01,46.48,79206.57,1
2025-02-04,2025-02-04 12:00:00,1705.7,1705.8,1705.7,1705.8,0.01,46.48,79206.57,1
2025-02-04,2025-02-04 12:01:00,1705.8,1705.89,1705.8,1705.89,0.01,46.48,79206.57,1
2025-02-04,2025-02-04 12:02:00,1705.89,1705.98,1705.89,1705.98,0.01,46.48,79206.57,1
2025-02-04,2025-02-04 12:03:00,1705.98,1706.08,1705.98,1706.08,0.01,46.48,79206.57,1
2025-02-04,2025-02-04 12:04:00,1706.08,1706.17,1706.08,1706.17,0.01,46.48,79206.57,1
2025-02-04,2025-02-04 12:05:00,1706.17,1706.27,1706.17,1706.27,0.01,46.48,79206.57,1
2025-02-04,2025-02-04 12:06:00,1706.27,1706.37,1706.27,1706.37,0.01,46.48,79206.57,1
2025-02-04,2025-02-04 12:07:00,1706.37,1706.46,1706.37,1706.46,0.01,46.48,79206.57,1
2025-02-04,2025-02-04 12:08:00,1706.46,1706.56,1706.46,1706.56,0.01,46.48,79206.57,1
2025-02-04,2025-02-04 12:09:00,1706.56,1706.65,1706.56,1706.65,0.01,46.48,79206.57,1
2025-02-04,2025-02-04 12:10:00,1706.65,1706.74,1706.65,1706.74,0.01,46.48,79206.57,1
2025-02-04,2025-02-04 12:11:00,1706.74,1706.84,1706.74,1706.84,0.01,46.48,79206.57,1
2025-02-04,2025-02-04 12:12:00,1706.84,1706.93,1706.84,1706.93,0.01,46.48,79206.57,1
2025-02-04,2025-02-04 12:13:00,1706.93,1707.03,1706.93,1707.03,0.01,46.48,79206.57,1
2025-02-04,2025-02-04 12:14:00,1707.03,1707.12,1707.03,1707.12,0.01,46.48,79206.57,1
2025-02-04,2025-02-04 12:15:00,1707.12,1707.22,1707.12,1707.22,0.01,46.48,79206.57,1
2025-02-04,2025-02-04 12:16:00,1707.22,1707.32,1707.22,1707.32,0.01,46.48,79206.57,1
2025-02-04,2025-02-04 12:17:00,1707.32,1707.41,1707.32,1707.41,0.01,46.48,79206.57,1
2025-02-04,2025-02-04 12:18:00,1707.41,1707.5,1707.41,1707.5,0.01,46.48,79206.57,1
2025-02-04,2025-02-04 12:19:00,1707.5,1707.6,1707.5,1707.6,0.01,46.48,79206.57,1
2025-02-04,2025-02-04 12:20:00,1707.6,1707.69,1707.6,1707.69,0.01,46.48,79206.57,1
2025-02-04,2025-02-04 12:21:00,1707.69,1707.79,1707.69,1707.79,0.01,46.48,79206.57,1
2025-02-04,2025-02-04 12:22:00,1707.79,1707.88,1707.79,1707.88,0.01,46.48,79206.57,1
2025-02-04,2025-02-04 12:23:00,1707.88,1707.98,1707.88,1707.98,0.01,46.48,79206.57,1
2025-02-04,2025-02-04 12:24:00,1707.98,1708.08,1707.98,1708.08,0.01,46.48,79206.57,1
2025-02-04,2025-02-04 12:25:00,1708.08,1708.17,1708.08,1708.17,0.01,46.48,79206.57,1
2025-02-04,2025-02-04 12:26:00,1708.17,1708.26,1708.17,1708.26,0.01,46.48,79206.57,1
2025-02-04,2025-02-04 12:27:00,1708.26,1708.36,1708.26,1708.36,0.01,46.48,79206.57,1
2025-02-04,2025-02-04 12:28:00,1708.36,1708.45,1708.36,1708.45,0.01,46.48,79206.57,1
2025-02-04,2025-02-04 12:29:00,1708.45,1708.55,1708.45,1708.55,0.01,46.48,79206.57,1
2025-02-04,2025-02-04 12:30:00,1708.55,1708.64,1708.55,1708.64,0.01,46.48,79206.57,1
2025-02-04,2025-02-04 12:31:00,1708.64,1708.74,1708.64,1708.74,0.01,46.48,79206.57,1
2025-02-04,2025-02-04 12:32:00,1708.74,1708.84,1708.74,1708.84,0.01,46.48,79206.57,1
2025-02-04,2025-02-04 12:33:00,1708.84,1708.93,1708.84,1708.93,0.01,46.48,79206.57,1
2025-02-04,2025-02-04 12:34:00,1708.93,1709.03,1708.93,1709.03,0.01,46.48,79206.57,1
2025-02-04,2025-02-04 12:35:00,1709.03,1709.12,1709.03,1709.12,0.01,46.48,79206.57,1
2025-02-04,2025-02-04 12:36:00,1709.12,1709.21,1709.12,1709.21,0.01,46.48,79206.57,1
2025-02-04,2025-02-04 12:37:00,1709.21,1709.31,1709.21,1709.31,0.01,46.48,79206.57,1
2025-02-04,2025-02-04 12:38:00,1709.31,1709.4,1709.31,1709.4,0.01,46.48,79206.57,1
2025-02-04,2025-02-04 12:39:00,1709.4,1709.5,1709.4,1709.5,0.01,46.48,79206.57,1
2025-02-04,2025-02-04 12:40:00,1709.5,1709.6,1709.5,1709.6,0.01,46.48,79206.57,1
2025-02-04,2025-02-04 12:41:00,1709.6,1709.69,1709.6,1709.69,0.01,46.48,79206.57,1
2025-02-04,2025-02-04 12:42:00,1709.69,1709.79,1709.69,1709.79,0.01,46.48,79206.57,1
2025-02-04,2025-02-04 12:43:00,1709.79,1709.88,1709.79,1709.88,0.01,46.48,79206.57,1
2025-02-04,2025-02-04 12:44:00,1709.88,1709.97,1709.88,1709.97,0.01,46.48,79206.57,1
2025-02-04,2025-02-04 12:45:00,1709.97,1710.07,1709.97,1710.07,0.01,46.48,79206.57,1
2025-02-04,2025-02-04 12:46:00,1710.07,1710.16,1710.07,1710.16,0.01,46.48,79206.57,1
2025-02-04,2025-02-04 12:47:00,1710.16,1710.26,1710.16,1710.26,0.01,46.48,79206.57,1
2025-02-04,2025-02-04 12:48:00,1710.26,1710.36,1710.26,1710.36,0.01,46.48,79206.57,1
2025-02-04,2025-02-04 12:49:00,1710.36,1710.45,1710.36,1710.45,0.01,46.48,79206.57,1
2025-02-04,2025-02-04 12:50:00,1710.45,1710.55,1710.45,1710.55,0.01,46.48,79206.57,1
2025-02-04,2025-02-04 12:51:00,1710.55,1710.64,1710.55,1710.64,0.01,46.48,79206.57,1
2025-02-04,2025-02-04 12:52:00,1710.64,1710.73,1710.64,1710.73,0.01,46.48,79206.57,1
2025-02-04,2025-02-04 12:53:00,1710.73,1710.83,1710.73,1710.83,0.01,46.48,79206.57,1
2025-02-04,2025-02-04 12:54:00,1710.83,1710.92,1710.83,1710.92,0.01,46.48,79206.57,1
2025-02-04,2025-02-04 12:55:00,1710.92,1711.02,1710.92,1711.02,0.01,46.48,79206.57,1
2025-02-04,2025-02-04 12:56:00,1711.02,1711.12,1711.02,1711.12,0.01,46.48,79206.57,1
2025-02-04,2025-02-04 12:57:00,1711.12,1711.21,1711.12,1711.21,0.01,46.48,79206.57,1
2025-02-04,2025-02-04 12:58:00,1711.21,1711.31,1711.21,1711.31,0.01,46.48,79206.57,1
2025-02-04,2025-02-04 12:59:00,1711.31,1711.4,1711.31,1711.4,0.01,46.48,79206.57,1
2025-02-04,2025-02-04 13:00:00,1711.4,1786.5,1681.0,1711.49,0.01,46.48,79206.57,1
2025-02-04,2025-02-04 13:01:00,1711.49,1711.59,1711.49,1711.59,0.01,46.48,79206.57,1
2025-02-04,2025-02-04 13:02:00,1711.59,1711.68,1711.59,1711.68,0.01,46.48,79206.57,1
2025-02-04,2025-02-04 13:03:00,1711.68,1711.78,1711.68,1711.78,0.01,46.48,79206.57,1
2025-02-04,2025-02-04 13:04:00,1711.78,1711.88,1711.78,1711.88,0.01,46.48,79206.57,1
2025-02-04,2025-02-04 13:05:00,1711.88,1711.97,1711.88,1711.97,0.01,46.48,79206.57,1
2025-02-04,2025-02-04 13:06:00,1711.97,1712.07,1711.97,1712.07,0.01,46.48,79206.57,1
2025-02-04,2025-02-04 13:07:00,1712.07,1712.16,1712.07,1712.16,0.01,46.48,79206.57,1
2025-02-04,2025-02-04 13:08:00,1712.16,1712.25,1712.16,1712.25,0.01,46.48,79206.57,1
2025-02-04,2025-02-04 13:09:00,1712.25,1712.35,1712.25,1712.35,0.01,46.48,79206.57,1
2025-02-04,2025-02-04 13:10:00,1712.35,1712.44,1712.35,1712.44,0.01,46.48,79206.57,1
2025-02-04,2025-02-04 13:11:00,1712.44,1712.54,1712.44,1712.54,0.01,46.48,79206.57,1
2025-02-04,2025-02-04 13:12:00,1712.54,1712.63,1712.54,1712.63,0.01,46.48,79206.57,1
2025-02-04,2025-02-04 13:13:00,1712.63,1712.73,1712.63,1712.73,0.01,46.48,79206.57,1
2025-02-04,2025-02-04 13:14:00,1712.73,1712.83,1712.73,1712.83,0.01,46.48,79206.57,1
2025-02-04,2025-02-04 13:15:00,1712.83,1712.92,1712.83,1712.92,0.01,46.48,79206.57,1
2025-02-04,2025-02-04 13:16:00,1712.92,1713.01,1712.92,1713.01,0.01,46.48,79206.57,1
2025-02-04,2025-02-04 13:17:00,1713.01,1713.11,1713.01,1713.11,0.01,46.48,79206.57,1
2025-02-04,2025-02-04 13:18:00,1713.11,1713.2,1713.11,1713.2,0.01,46.48,79206.57,1
2025-02-04,2025-02-04 13:19:00,1713.2,1713.3,1713.2,1713.3,0.01,46.48,79206.57,1
2025-02-04,2025-02-04 13:20:00,1713.3,1713.39,1713.3,1713.39,0.01,46.48,79206.57,1
2025-02-04,2025-02-04 13:21:00,1713.39,1713.49,1713.39,1713.49,0.01,46.48,79206.57,1
2025-02-04,2025-02-04 13:22:00,1713.49,1713.59,1713.49,1713.59,0.01,46.48,79206.57,1
2025-02-04,2025-02-04 13:23:00,1713.59,1713.68,1713.59,1713.68,0.01,46.48,79206.57,1
2025-02-04,2025-02-04 13:24:00,1713.68,1713.77,1713.68,1713.77,0.01,46.48,79206.57,1
2025-02-04,2025-02-04 13:25:00,1713.77,1713.87,1713.77,1713.87,0.01,46.48,79206.57,1
2025-02-04,2025-02-04 13:26:00,1713.87,1713.96,1713.87,1713.96,0.01,46.48,79206.57,1
2025-02-04,2025-02-04 13:27:00,1713.96,1714.06,1713.96,1714.06,0.01,46.48,79206.57,1
2025-02-04,2025-02-04 13:28:00,1714.06,1714.15,1714.06,1714.15,0.01,46.48,79206.57,1
2025-02-04,2025-02-04 13:29:00,1714.15,1714.25,1714.15,1714.25,0.01,46.48,79206.57,1
2025-02-04,2025-02-04 13:30:00,1714.25,1714.35,1714.25,1714.35,0.01,46.48,79206.57,1
2025-02-04,2025-02-04 13:31:00,1714.35,1714.44,1714.35,1714.44,0.01,46.48,79206.57,1
2025-02-04,2025-02-04 13:32:00,1714.44,1714.54,1714.44,1714.54,0.01,46.48,79206.57,1
2025-02-04,2025-02-04 13:33:00,1714.54,1714.63,1714.54,1714.63,0.01,46.48,79206.57,1
2025-02-04,2025-02-04 13:34:00,1714.63,1714.72,1714.63,1714.72,0.01,46.48,79206.57,1
2025-02-04,2025-02-04 13:35:00,1714.72,1714.82,1714.72,1714.82,0.01,46.48,79206.57,1
2025-02-04,2025-02-04 13:36:00,1714.82,1714.91,1714.82,1714.91,0.01,46.48,79206.57,1
2025-02-04,2025-02-04 13:37:00,1714.91,1715.01,1714.91,1715.01,0.01,46.48,79206.57,1
2025-02-04,2025-02-04 13:38:00,1715.01,1715.11,1715.01,1715.11,0.01,46.48,79206.57,1
2025-02-04,2025-02-04 13:39:00,1715.11,1715.2,1715.11,1715.2,0.01,46.48,79206.57,1
2025-02-04,2025-02-04 13:40:00,1715.2,1715.3,1715.2,1715.3,0.01,46.48,79206.57,1
2025-02-04,2025-02-04 13:41:00,1715.3,1715.39,1715.3,1715.39,0.01,46.48,79206.57,1
2025-02-04,2025-02-04 13:42:00,1715.39,1715.48,1715.39,1715.48,0.01,46.48,79206.57,1
2025-02-04,2025-02-04 13:43:00,1715.48,1715.58,1715.48,1715.58,0.01,46.48,79206.57,1
2025-02-04,2025-02-04 13:44:00,1715.58,1715.67,1715.58,1715.67,0.01,46.48,79206.57,1
2025-02-04,2025-02-04 13:45:00,1715.67,1715.77,1715.67,1715.77,0.01,46.48,79206.57,1
2025-02-04,2025-02-04 13:46:00,1715.77,1715.87,1715.77,1715.87,0.01,46.48,79206.57,1
2025-02-04,2025-02-04 13:47:00,1715.87,1715.96,1715.87,1715.96,0.01,46.48,79206.57,1
2025-02-04,2025-02-04 13:48:00,1715.96,1716.06,1715.96,1716.06,0.01,46.48,79206.57,1
2025-02-04,2025-02-04 13:49:00,1716.06,1716.15,1716.06,1716.15,0.01,46.48,79206.57,1
2025-02-04,2025-02-04 13:50:00,1716.15,1716.24,1716.15,1716.24,0.01,46.48,79206.57,1
2025-02-04,2025-02-04 13:51:00,1716.24,1716.34,1716.24,1716.34,0.01,46.48,79206.57,1
2025-02-04,2025-02-04 13:52:00,1716.34,1716.43,1716.34,1716.43,0.01,46.48,79206.57,1
2025-02-04,2025-02-04 13:53:00,1716.43,1716.53,1716.43,1716.53,0.01,46.48,79206.57,1
2025-02-04,2025-02-04 13:54:00,1716.53,1716.62,1716.53,1716.62,0.01,46.48,79206.57,1
2025-02-04,2025-02-04 13:55:00,1716.62,1716.72,1716.62,1716.72,0.01,46.48,79206.57,1
2025-02-04,2025-02-04 13:56:00,1716.72,1716.82,1716.72,1716.82,0.01,46.48,79206.57,1
2025-02-04,2025-02-04 13:57:00,1716.82,1716.91,1716.82,1716.91,0.01,46.48,79206.57,1
2025-02-04,2025-02-04 13:58:00,1716.91,1717.0,1716.91,1717.0,0.01,46.48,79206.57,1
2025-02-04,2025-02-04 13:59:00,1717.0,1717.1,1717.0,1717.1,0.01,46.48,79206.57,1
2025-02-04,2025-02-04 14:00:00,1717.1,1717.19,1717.1,1717.19,0.01,46.48,79206.57,1
2025-02-04,2025-02-04 14:01:00,1717.19,1717.29,1717.19,1717.29,0.01,46.48,79206.57,1
2025-02-04,2025-02-04 14:02:00,1717.29,1717.38,1717.29,1717.38,0.01,46.48,79206.57,1
2025-02-04,2025-02-04 14:03:00,1717.38,1717.48,1717.38,1717.48,0.01,46.48,79206.57,1
2025-02-04,2025-02-04 14:04:00,1717.48,1717.58,1717.48,1717.58,0.01,46.48,79206.57,1
2025-02-04,2025-02-04 14:05:00,1717.58,1717.67,1717.58,1717.67,0.01,46.48,79206.57,1
2025-02-04,2025-02-04 14:06:00,1717.67,1717.76,1717.67,1717.76,0.01,46.48,79206.57,1
2025-02-04,2025-02-04 14:07:00,1717.76,1717.86,1717.76,1717.86,0.01,46.48,79206.57,1
2025-02-04,2025-02-04 14:08:00,1717.86,1717.95,1717.86,1717.95,0.01,46.48,79206.57,1
2025-02-04,2025-02-04 14:09:00,1717.95,1718.05,1717.95,1718.05,0.01,46.48,79206.57,1
2025-02-04,2025-02-04 14:10:00,1718.05,1718.14,1718.05,1718.14,0.01,46.48,79206.57,1
2025-02-04,2025-02-04 14:11:00,1718.14,1718.24,1718.14,1718.24,0.01,46.48,79206.57,1
2025-02-04,2025-02-04 14:12:00,1718.24,1718.34,1718.24,1718.34,0.01,46.48,79206.57,1
2025-02-04,2025-02-04 14:13:00,1718.34,1718.43,1718.34,1718.43,0.01,46.48,79206.57,1
2025-02-04,2025-02-04 14:14:00,1718.43,1718.52,1718.43,1718.52,0.01,46.48,79206.57,1
2025-02-04,2025-02-04 14:15:00,1718.52,1718.62,1718.52,1718.62,0.01,46.48,79206.57,1
2025-02-04,2025-02-04 14:16:00,1718.62,1718.71,1718.62,1718.71,0.01,46.48,79206.57,1
2025-02-04,2025-02-04 14:17:00,1718.71,1718.81,1718.71,1718.81,0.01,46.48,79206.57,1
2025-02-04,2025-02-04 14:18:00,1718.81,1718.9,1718.81,1718.9,0.01,46.48,79206.57,1
2025-02-04,2025-02-04 14:19:00,1718.9,1719.0,1718.9,1719.0,0.01,46.48,79206.57,1
2025-02-04,2025-02-04 14:20:00,1719.0,1719.1,1719.0,1719.1,0.01,46.48,79206.57,1
2025-02-04,2025-02-04 14:21:00,1719.1,1719.19,1719.1,1719.19,0.01,46.48,79206.57,1
2025-02-04,2025-02-04 14:22:00,1719.19,1719.28,1719.19,1719.28,0.01,46.48,79206.57,1
2025-02-04,2025-02-04 14:23:00,1719.28,1719.38,1719.28,1719.38,0.01,46.48,79206.57,1
2025-02-04,2025-02-04 14:24:00,1719.38,1719.47,1719.38,1719.47,0.01,46.48,79206.57,1
2025-02-04,2025-02-04 14:25:00,1719.47,1719.57,1719.47,1719.57,0.01,46.48,79206.57,1
2025-02-04,2025-02-04 14:26:00,1719.57,1719.66,1719.57,1719.66,0.01,46.48,79206.57,1
2025-02-04,2025-02-04 14:27:00,1719.66,1719.76,1719.66,1719.76,0.01,46.48,79206.57,1
2025-02-04,2025-02-04 14:28:00,1719.76,1719.86,1719.76,1719.86,0.01,46.48,79206.57,1
2025-02-04,2025-02-04 14:29:00,1719.86,1719.95,1719.86,1719.95,0.01,46.48,79206.57,1
2025-02-04,2025-02-04 14:30:00,1719.95,1720.05,1719.95,1720.05,0.01,46.48,79206.57,1
2025-02-04,2025-02-04 14:31:00,1720.05,1720.14,1720.05,1720.14,0.01,46.48,79206.57,1
2025-02-04,2025-02-04 14:32:00,1720.14,1720.23,1720.14,1720.23,0.01,46.48,79206.57,1
2025-02-04,2025-02-04 14:33:00,1720.23,1720.33,1720.23,1720.33,0.01,46.48,79206.57,1
2025-02-04,2025-02-04 14:34:00,1720.33,1720.42,1720.33,1720.42,0.01,46.48,79206.57,1
2025-02-04,2025-02-04 14:35:00,1720.42,1720.52,1720.42,1720.52,0.01,46.48,79206.57,1
2025-02-04,2025-02-04 14:36:00,1720.52,1720.62,1720.52,1720.62,0.01,46.48,79206.57,1
2025-02-04,2025-02-04 14:37:00,1720.62,1720.71,1720.62,1720.71,0.01,46.48,79206.57,1
2025-02-04,2025-02-04 14:38:00,1720.71,1720.81,1720.71,1720.81,0.01,46.48,79206.57,1
2025-02-04,2025-02-04 14:39:00,1720.81,1720.9,1720.81,1720.9,0.01,46.48,79206.57,1
2025-02-04,2025-02-04 14:40:00,1720.9,1720.99,1720.9,1720.99,0.01,46.48,79206.57,1
2025-02-04,2025-02-04 14:41:00,1720.99,1721.09,1720.99,1721.09,0.01,46.48,79206.57,1
2025-02-04,2025-02-04 14:42:00,1721.09,1721.18,1721.09,1721.18,0.01,46.48,79206.57,1
2025-02-04,2025-02-04 14:43:00,1721.18,1721.28,1721.18,1721.28,0.01,46.48,79206.57,1
2025-02-04,2025-02-04 14:44:00,1721.28,1721.38,1721.28,1721.38,0.01,46.48,79206.57,1
2025-02-04,2025-02-04 14:45:00,1721.38,1721.47,1721.38,1721.47,0.01,46.48,79206.57,1
2025-02-04,2025-02-04 14:46:00,1721.47,1721.57,1721.47,1721.57,0.01,46.48,79206.57,1
2025-02-04,2025-02-04 14:47:00,1721.57,1721.66,1721.57,1721.66,0.01,46.48,79206.57,1
2025-02-04,2025-02-04 14:48:00,1721.66,1721.75,1721.66,1721.75,0.01,46.48,79206.57,1
2025-02-04,2025-02-04 14:49:00,1721.75,1721.85,1721.75,1721.85,0.01,46.48,79206.57,1
2025-02-04,2025-02-04 14:50:00,1721.85,1721.94,1721.85,1721.94,0.01,46.48,79206.57,1
2025-02-04,2025-02-04 14:51:00,1721.94,1722.04,1721.94,1722.04,0.01,46.48,79206.57,1
2025-02-04,2025-02-04 14:52:00,1722.04,1722.13,1722.04,1722.13,0.01,46.48,79206.57,1
2025-02-04,2025-02-04 14:53:00,1722.13,1722.23,1722.13,1722.23,0.01,46.48,79206.57,1
2025-02-04,2025-02-04 14:54:00,1722.23,1722.33,1722.23,1722.33,0.01,46.48,79206.57,1
2025-02-04,2025-02-04 14:55:00,1722.33,1722.42,1722.33,1722.42,0.01,46.48,79206.57,1
2025-02-04,2025-02-04 14:56:00,1722.42,1722.51,1722.42,1722.51,0.01,46.48,79206.57,1
2025-02-04,2025-02-04 14:57:00,1722.51,1722.61,1722.51,1722.61,0.01,46.48,79206.57,1
2025-02-04,2025-02-04 14:58:00,1722.61,1722.7,1722.61,1722.7,0.01,46.48,79206.57,1
2025-02-04,2025-02-04 14:59:00,1722.7,1722.8,1722.7,1722.8,0.01,46.48,79206.57,1
2025-02-04,2025-02-04 15:00:00,1722.8,1786.5,1681.0,1722.8,0.0,46.48,79206.57,0
2025-02-05,2025-02-05 11:00:00,1757.2,1773.04,1745.74,1757.21,0.0,64.41,112915.01,1
2025-02-05,2025-02-05 11:01:00,1757.21,1757.22,1757.21,1757.22,0.0,64.41,112915.01,1
2025-02-05,2025-02-05 11:02:00,1757.22,1757.24,1757.22,1757.24,0.0,64.41,112915.01,1
2025-02-05,2025-02-05 11:03:00,1757.24,1757.25,1757.24,1757.25,0.0,64.41,112915.01,1
2025-02-05,2025-02-05 11:04:00,1757.25,1757.26,1757.25,1757.26,0.0,64.41,112915.01,1
2025-02-05,2025-02-05 11:05:00,1757.26,1757.27,1757.26,1757.27,0.0,64.41,112915.01,1
2025-02-05,2025-02-05 11:06:00,1757.27,1757.28,1757.27,1757.28,0.0,64.41,112915.01,1
2025-02-05,2025-02-05 11:07:00,1757.28,1757.3,1757.28,1757.3,0.0,64.41,112915.01,1
2025-02-05,2025-02-05 11:08:00,1757.3,1757.31,1757.3,1757.31,0.0,64.41,112915.01,1
2025-02-05,2025-02-05 11:09:00,1757.31,1757.32,1757.31,1757.32,0.0,64.41,112915.01,1
2025-02-05,2025-02-05 11:10:00,1757.32,1757.33,1757.32,1757.33,0.0,64.41,112915.01,1
2025-02-05,2025-02-05 11:11:00,1757.33,1757.35,1757.33,1757.35,0.0,64.41,112915.01,1
2025-02-05,2025-02-05 11:12:00,1757.35,1757.36,1757.35,1757.36,0.0,64.41,112915.01,1
2025-02-05,2025-02-05 11:13:00,1757.36,1757.37,1757.36,1757.37,0.0,64.41,112915.01,1
2025-02-05,2025-02-05 11:14:00,1757.37,1757.38,1757.37,1757.38,0.0,64.41,112915.01,1
2025-02-05,2025-02-05 11:15:00,1757.38,1757.39,1757.38,1757.39,0.0,64.41,112915.01,1
2025-02-05,2025-02-05 11:16:00,1757.39,1757.41,1757.39,1757.41,0.0,64.41,112915.01,1
2025-02-05,2025-02-05 11:17:00,1757.41,1757.42,1757.41,1757.42,0.0,64.41,112915.01,1
2025-02-05,2025-02-05 11:18:00,1757.42,1757.43,1757.42,1757.43,0.0,64.41,112915.01,1
2025-02-05,2025-02-05 11:19:00,1757.43,1757.44,1757.43,1757.44,0.0,64.41,112915.01,1
2025-02-05,2025-02-05 11:20:00,1757.44,1757.45,1757.44,1757.45,0.0,64.41,112915.01,1
2025-02-05,2025-02-05 11:21:00,1757.45,1757.47,1757.45,1757.47,0.0,64.41,112915.01,1
2025-02-05,2025-02-05 11:22:00,1757.47,1757.48,1757.47,1757.48,0.0,64.41,112915.01,1
2025-02-05,2025-02-05 11:23:00,1757.48,1757.49,1757.48,1757.49,0.0,64.41,112915.01,1
2025-02-05,2025-02-05 11:24:00,1757.49,1757.5,1757.49,1757.5,0.0,64.41,112915.01,1
2025-02-05,2025-02-05 11:25:00,1757.5,1757.51,1757.5,1757.51,0.0,64.41,112915.01,1
2025-02-05,2025-02-05 11:26:00,1757.51,1757.53,1757.51,1757.53,0.0,64.41,112915.01,1
2025-02-05,2025-02-05 11:27:00,1757.53,1757.54,1757.53,1757.54,0.0,64.41,112915.01,1
2025-02-05,2025-02-05 11:28:00,1757.54,1757.55,1757.54,1757.55,0.0,64.41,112915.01,1
2025-02-05,2025-02-05 11:29:00,1757.55,1757.56,1757.55,1757.56,0.0,64.41,112915.01,1
2025-02-05,2025-02-05 11:30:00,1757.56,1757.57,1757.56,1757.57,0.0,64.41,112915.01,1
2025-02-05,2025-02-05 11:31:00,1757.57,1757.59,1757.57,1757.59,0.0,64.41,112915.01,1
2025-02-05,2025-02-05 11:32:00,1757.59,1757.6,1757.59,1757.6,0.0,64.41,112915.01,1
2025-02-05,2025-02-05 11:33:00,1757.6,1757.61,1757.6,1757.61,0.0,64.41,112915.01,1
2025-02-05,2025-02-05 11:34:00,1757.61,1757.62,1757.61,1757.62,0.0,64.41,112915.01,1
2025-02-05,2025-02-05 11:35:00,1757.62,1757.63,1757.62,1757.63,0.0,64.41,112915.01,1
2025-02-05,2025-02-05 11:36:00,1757.63,1757.65,1757.63,1757.65,0.0,64.41,112915.01,1
2025-02-05,2025-02-05 11:37:00,1757.65,1757.66,1757.65,1757.66,0.0,64.41,112915.01,1
2025-02-05,2025-02-05 11:38:00,1757.66,1757.67,1757.66,1757.67,0.0,64.41,112915.01,1
2025-02-05,2025-02-05 11:39:00,1757.67,1757.68,1757.67,1757.68,0.0,64.41,112915.01,1
2025-02-05,2025-02-05 11:40:00,1757.68,1757.7,1757.68,1757.7,0.0,64.41,112915.01,1
2025-02-05,2025-02-05 11:41:00,1757.7,1757.71,1757.7,1757.71,0.0,64.41,112915.01,1
2025-02-05,2025-02-05 11:42:00,1757.71,1757.72,1757.71,1757.72,0.0,64.41,112915.01,1
2025-02-05,2025-02-05 11:43:00,1757.72,1757.73,1757.72,1757.73,0.0,64.41,112915.01,1
2025-02-05,2025-02-05 11:44:00,1757.73,1757.74,1757.73,1757.74,0.0,64.41,112915.01,1
2025-02-05,2025-02-05 11:45:00,1757.74,1757.76,1757.74,1757.76,0.0,64.41,112915.01,1
2025-02-05,2025-02-05 11:46:00,1757.76,1757.77,1757.76,1757.77,0.0,64.41,112915.01,1
2025-02-05,2025-02-05 11:47:00,1757.77,1757.78,1757.77,1757.78,0.0,64.41,112915.01,1
2025-02-05,2025-02-05 11:48:00,1757.78,1757.79,1757.78,1757.79,0.0,64.41,112915.01,1
2025-02-05,2025-02-05 11:49:00,1757.79,1757.8,1757.79,1757.8,0.0,64.41,112915.01,1
2025-02-05,2025-02-05 11:50:00,1757.8,1757.82,1757.8,1757.82,0.0,64.41,112915.01,1
2025-02-05,2025-02-05 11:51:00,1757.82,1757.83,1757.82,1757.83,0.0,64.41,112915.01,1
2025-02-05,2025-02-05 11:52:00,1757.83,1757.84,1757.83,1757.84,0.0,64.41,112915.01,1
2025-02-05,2025-02-05 11:53:00,1757.84,1757.85,1757.84,1757.85,0.0,64.41,112915.01,1
2025-02-05,2025-02-05 11:54:00,1757.85,1757.86,1757.85,1757.86,0.0,64.41,112915.01,1
2025-02-05,2025-02-05 11:55:00,1757.86,1757.88,1757.86,1757.88,0.0,64.41,112915.01,1
2025-02-05,2025-02-05 11:56:00,1757.88,1757.89,1757.88,1757.89,0.0,64.41,112915.01,1
2025-02-05,2025-02-05 11:57:00,1757.89,1757.9,1757.89,1757.9,0.0,64.41,112915.01,1
2025-02-05,2025-02-05 11:58:00,1757.9,1757.91,1757.9,1757.91,0.0,64.41,112915.01,1
2025-02-05,2025-02-05 11:59:00,1757.91,1757.92,1757.91,1757.92,0.0,64.41,112915.01,1
2025-02-05,2025-02-05 12:00:00,1757.92,1757.94,1757.92,1757.94,0.0,64.41,112915.01,1
2025-02-05,2025-02-05 12:01:00,1757.94,1757.95,1757.94,1757.95,0.0,64.41,112915.01,1
2025-02-05,2025-02-05 12:02:00,1757.95,1757.96,1757.95,1757.96,0.0,64.41,112915.01,1
2025-02-05,2025-02-05 12:03:00,1757.96,1757.97,1757.96,1757.97,0.0,64.41,112915.01,1
2025-02-05,2025-02-05 12:04:00,1757.97,1757.99,1757.97,1757.99,0.0,64.41,112915.01,1
2025-02-05,2025-02-05 12:05:00,1757.99,1758.0,1757.99,1758.0,0.0,64.41,112915.01,1
2025-02-05,2025-02-05 12:06:00,1758.0,1758.01,1758.0,1758.01,0.0,64.41,112915.01,1
2025-02-05,2025-02-05 12:07:00,1758.01,1758.02,1758.01,1758.02,0.0,64.41,112915.01,1
2025-02-05,2025-02-05 12:08:00,1758.02,1758.03,1758.02,1758.03,0.0,64.41,112915.01,1
2025-02-05,2025-02-05 12:09:00,1758.03,1758.05,1758.03,1758.05,0.0,64.41,112915.01,1
2025-02-05,2025-02-05 12:10:00,1758.05,1758.06,1758.05,1758.06,0.0,64.41,112915.01,1
2025-02-05,2025-02-05 12:11:00,1758.06,1758.07,1758.06,1758.07,0.0,64.41,112915.01,1
2025-02-05,2025-02-05 12:12:00,1758.07,1758.08,1758.07,1758.08,0.0,64.41,112915.01,1
2025-02-05,2025-02-05 12:13:00,1758.08,1758.09,1758.08,1758.09,0.0,64.41,112915.01,1
2025-02-05,2025-02-05 12:14:00,1758.09,1758.11,1758.09,1758.11,0.0,64.41,112915.01,1
2025-02-05,2025-02-05 12:15:00,1758.11,1758.12,1758.11,1758.12,0.0,64.41,112915.01,1
2025-02-05,2025-02-05 12:16:00,1758.12,1758.13,1758.12,1758.13,0.0,64.41,112915.01,1
2025-02-05,2025-02-05 12:17:00,1758.13,1758.14,1758.13,1758.14,0.0,64.41,112915.01,1
2025-02-05,2025-02-05 12:18:00,1758.14,1758.15,1758.14,1758.15,0.0,64.41,112915.01,1
2025-02-05,2025-02-05 12:19:00,1758.15,1758.17,1758.15,1758.17,0.0,64.41,112915.01,1
2025-02-05,2025-02-05 12:20:00,1758.17,1758.18,1758.17,1758.18,0.0,64.41,112915.01,1
2025-02-05,2025-02-05 12:21:00,1758.18,1758.19,1758.18,1758.19,0.0,64.41,112915.01,1
2025-02-05,2025-02-05 12:22:00,1758.19,1758.2,1758.19,1758.2,0.0,64.41,112915.01,1
2025-02-05,2025-02-05 12:23:00,1758.2,1758.21,1758.2,1758.21,0.0,64.41,112915.01,1
2025-02-05,2025-02-05 12:24:00,1758.21,1758.23,1758.21,1758.23,0.0,64.41,112915.01,1
2025-02-05,2025-02-05 12:25:00,1758.23,1758.24,1758.23,1758.24,0.0,64.41,112915.01,1
2025-02-05,2025-02-05 12:26:00,1758.24,1758.25,1758.24,1758.25,0.0,64.41,112915.01,1
2025-02-05,2025-02-05 12:27:00,1758.25,1758.26,1758.25,1758.26,0.0,64.41,112915.01,1
2025-02-05,2025-02-05 12:28:00,1758.26,1758.28,1758.26,1758.28,0.0,64.41,112915.01,1
2025-02-05,2025-02-05 12:29:00,1758.28,1758.29,1758.28,1758.29,0.0,64.41,112915.01,1
2025-02-05,2025-02-05 12:30:00,1758.29,1758.3,1758.29,1758.3,0.0,64.41,112915.01,1
2025-02-05,2025-02-05 12:31:00,1758.3,1758.31,1758.3,1758.31,0.0,64.41,112915.01,1
2025-02-05,2025-02-05 12:32:00,1758.31,1758.32,1758.31,1758.32,0.0,64.41,112915.01,1
2025-02-05,2025-02-05 12:33:00,1758.32,1758.34,1758.32,1758.34,0.0,64.41,112915.01,1
2025-02-05,2025-02-05 12:34:00,1758.34,1758.35,1758.34,1758.35,0.0,64.41,112915.01,1
2025-02-05,2025-02-05 12:35:00,1758.35,1758.36,1758.35,1758.36,0.0,64.41,112915.01,1
2025-02-05,2025-02-05 12:36:00,1758.36,1758.37,1758.36,1758.37,0.0,64.41,112915.01,1
2025-02-05,2025-02-05 12:37:00,1758.37,1758.38,1758.37,1758.38,0.0,64.41,112915.01,1
2025-02-05,2025-02-05 12:38:00,1758.38,1758.4,1758.38,1758.4,0.0,64.41,112915.01,1
2025-02-05,2025-02-05 12:39:00,1758.4,1758.41,1758.4,1758.41,0.0,64.41,112915.01,1
2025-02-05,2025-02-05 12:40:00,1758.41,1758.42,1758.41,1758.42,0.0,64.41,112915.01,1
2025-02-05,2025-02-05 12:41:00,1758.42,1758.43,1758.42,1758.43,0.0,64.41,112915.01,1
2025-02-05,2025-02-05 12:42:00,1758.43,1758.44,1758.43,1758.44,0.0,64.41,112915.01,1
2025-02-05,2025-02-05 12:43:00,1758.44,1758.46,1758.44,1758.46,0.0,64.41,112915.01,1
2025-02-05,2025-02-05 12:44:00,1758.46,1758.47,1758.46,1758.47,0.0,64.41,112915.01,1
2025-02-05,2025-02-05 12:45:00,1758.47,1758.48,1758.47,1758.48,0.0,64.41,112915.01,1
2025-02-05,2025-02-05 12:46:00,1758.48,1758.49,1758.48,1758.49,0.0,64.41,112915.01,1
2025-02-05,2025-02-05 12:47:00,1758.49,1758.5,1758.49,1758.5,0.0,64.41,112915.01,1
2025-02-05,2025-02-05 12:48:00,1758.5,1758.52,1758.5,1758.52,0.0,64.41,112915.01,1
2025-02-05,2025-02-05 12:49:00,1758.52,1758.53,1758.52,1758.53,0.0,64.41,112915.01,1
2025-02-05,2025-02-05 12:50:00,1758.53,1758.54,1758.53,1758.54,0.0,64.41,112915.01,1
2025-02-05,2025-02-05 12:51:00,1758.54,1758.55,1758.54,1758.55,0.0,64.41,112915.01,1
2025-02-05,2025-02-05 12:52:00,1758.55,1758.57,1758.55,1758.57,0.0,64.41,112915.01,1
2025-02-05,2025-02-05 12:53:00,1758.57,1758.58,1758.57,1758.58,0.0,64.41,112915.01,1
2025-02-05,2025-02-05 12:54:00,1758.58,1758.59,1758.58,1758.59,0.0,64.41,112915.01,1
2025-02-05,2025-02-05 12:55:00,1758.59,1758.6,1758.59,1758.6,0.0,64.41,112915.01,1
2025-02-05,2025-02-05 12:56:00,1758.6,1758.61,1758.6,1758.61,0.0,64.41,112915.01,1
2025-02-05,2025-02-05 12:57:00,1758.61,1758.63,1758.61,1758.63,0.0,64.41,112915.01,1
2025-02-05,2025-02-05 12:58:00,1758.63,1758.64,1758.63,1758.64,0.0,64.41,112915.01,1
2025-02-05,2025-02-05 12:59:00,1758.64,1758.65,1758.64,1758.65,0.0,64.41,112915.01,1
2025-02-05,2025-02-05 13:00:00,1758.65,1810.0,1719.0,1758.66,0.0,64.41,112915.01,1
2025-02-05,2025-02-05 13:01:00,1758.66,1758.67,1758.66,1758.67,0.0,64.41,112915.01,1
2025-02-05,2025-02-05 13:02:00,1758.67,1758.69,1758.67,1758.69,0.0,64.41,112915.01,1
2025-02-05,2025-02-05 13:03:00,1758.69,1758.7,1758.69,1758.7,0.0,64.41,112915.01,1
2025-02-05,2025-02-05 13:04:00,1758.7,1758.71,1758.7,1758.71,0.0,64.41,112915.01,1
2025-02-05,2025-02-05 13:05:00,1758.71,1758.72,1758.71,1758.72,0.0,64.41,112915.01,1
2025-02-05,2025-02-05 13:06:00,1758.72,1758.73,1758.72,1758.73,0.0,64.41,112915.01,1
2025-02-05,2025-02-05 13:07:00,1758.73,1758.75,1758.73,1758.75,0.0,64.41,112915.01,1
2025-02-05,2025-02-05 13:08:00,1758.75,1758.76,1758.75,1758.76,0.0,64.41,112915.01,1
2025-02-05,2025-02-05 13:09:00,1758.76,1758.77,1758.76,1758.77,0.0,64.41,112915.01,1
2025-02-05,2025-02-05 13:10:00,1758.77,1758.78,1758.77,1758.78,0.0,64.41,112915.01,1
2025-02-05,2025-02-05 13:11:00,1758.78,1758.8,1758.78,1758.8,0.0,64.41,112915.01,1
2025-02-05,2025-02-05 13:12:00,1758.8,1758.81,1758.8,1758.81,0.0,64.41,112915.01,1
2025-02-05,2025-02-05 13:13:00,1758.81,1758.82,1758.81,1758.82,0.0,64.41,112915.01,1
2025-02-05,2025-02-05 13:14:00,1758.82,1758.83,1758.82,1758.83,0.0,64.41,112915.01,1
2025-02-05,2025-02-05 13:15:00,1758.83,1758.84,1758.83,1758.84,0.0,64.41,112915.01,1
2025-02-05,2025-02-05 13:16:00,1758.84,1758.86,1758.84,1758.86,0.0,64.41,112915.01,1
2025-02-05,2025-02-05 13:17:00,1758.86,1758.87,1758.86,1758.87,0.0,64.41,112915.01,1
2025-02-05,2025-02-05 13:18:00,1758.87,1758.88,1758.87,1758.88,0.0,64.41,112915.01,1
2025-02-05,2025-02-05 13:19:00,1758.88,1758.89,1758.88,1758.89,0.0,64.41,112915.01,1
2025-02-05,2025-02-05 13:20:00,1758.89,1758.9,1758.89,1758.9,0.0,64.41,112915.01,1
2025-02-05,2025-02-05 13:21:00,1758.9,1758.92,1758.9,1758.92,0.0,64.41,112915.01,1
2025-02-05,2025-02-05 13:22:00,1758.92,1758.93,1758.92,1758.93,0.0,64.41,112915.01,1
2025-02-05,2025-02-05 13:23:00,1758.93,1758.94,1758.93,1758.94,0.0,64.41,112915.01,1
2025-02-05,2025-02-05 13:24:00,1758.94,1758.95,1758.94,1758.95,0.0,64.41,112915.01,1
2025-02-05,2025-02-05 13:25:00,1758.95,1758.96,1758.95,1758.96,0.0,64.41,112915.01,1
2025-02-05,2025-02-05 13:26:00,1758.96,1758.98,1758.96,1758.98,0.0,64.41,112915.01,1
2025-02-05,2025-02-05 13:27:00,1758.98,1758.99,1758.98,1758.99,0.0,64.41,112915.01,1
2025-02-05,2025-02-05 13:28:00,1758.99,1759.0,1758.99,1759.0,0.0,64.41,112915.01,1
2025-02-05,2025-02-05 13:29:00,1759.0,1759.01,1759.0,1759.01,0.0,64.41,112915.01,1
2025-02-05,2025-02-05 13:30:00,1759.01,1759.02,1759.01,1759.02,0.0,64.41,112915.01,1
2025-02-05,2025-02-05 13:31:00,1759.02,1759.04,1759.02,1759.04,0.0,64.41,112915.01,1
2025-02-05,2025-02-05 13:32:00,1759.04,1759.05,1759.04,1759.05,0.0,64.41,112915.01,1
2025-02-05,2025-02-05 13:33:00,1759.05,1759.06,1759.05,1759.06,0.0,64.41,112915.01,1
2025-02-05,2025-02-05 13:34:00,1759.06,1759.07,1759.06,1759.07,0.0,64.41,112915.01,1
2025-02-05,2025-02-05 13:35:00,1759.07,1759.09,1759.07,1759.09,0.0,64.41,112915.01,1
2025-02-05,2025-02-05 13:36:00,1759.09,1759.1,1759.09,1759.1,0.0,64.41,112915.01,1
2025-02-05,2025-02-05 13:37:00,1759.1,1759.11,1759.1,1759.11,0.0,64.41,112915.01,1
2025-02-05,2025-02-05 13:38:00,1759.11,1759.12,1759.11,1759.12,0.0,64.41,112915.01,1
2025-02-05,2025-02-05 13:39:00,1759.12,1759.13,1759.12,1759.13,0.0,64.41,112915.01,1
2025-02-05,2025-02-05 13:40:00,1759.13,1759.15,1759.13,1759.15,0.0,64.41,112915.01,1
2025-02-05,2025-02-05 13:41:00,1759.15,1759.16,1759.15,1759.16,0.0,64.41,112915.01,1
2025-02-05,2025-02-05 13:42:00,1759.16,1759.17,1759.16,1759.17,0.0,64.41,112915.01,1
2025-02-05,2025-02-05 13:43:00,1759.17,1759.18,1759.17,1759.18,0.0,64.41,112915.01,1
2025-02-05,2025-02-05 13:44:00,1759.18,1759.19,1759.18,1759.19,0.0,64.41,112915.01,1
2025-02-05,2025-02-05 13:45:00,1759.19,1759.21,1759.19,1759.21,0.0,64.41,112915.01,1
2025-02-05,2025-02-05 13:46:00,1759.21,1759.22,1759.21,1759.22,0.0,64.41,112915.01,1
2025-02-05,2025-02-05 13:47:00,1759.22,1759.23,1759.22,1759.23,0.0,64.41,112915.01,1
2025-02-05,2025-02-05 13:48:00,1759.23,1759.24,1759.23,1759.24,0.0,64.41,112915.01,1
2025-02-05,2025-02-05 13:49:00,1759.24,1759.25,1759.24,1759.25,0.0,64.41,112915.01,1
2025-02-05,2025-02-05 13:50:00,1759.25,1759.27,1759.25,1759.27,0.0,64.41,112915.01,1
2025-02-05,2025-02-05 13:51:00,1759.27,1759.28,1759.27,1759.28,0.0,64.41,112915.01,1
2025-02-05,2025-02-05 13:52:00,1759.28,1759.29,1759.28,1759.29,0.0,64.41,112915.01,1
2025-02-05,2025-02-05 13:53:00,1759.29,1759.3,1759.29,1759.3,0.0,64.41,112915.01,1
2025-02-05,2025-02-05 13:54:00,1759.3,1759.31,1759.3,1759.31,0.0,64.41,112915.01,1
2025-02-05,2025-02-05 13:55:00,1759.31,1759.33,1759.31,1759.33,0.0,64.41,112915.01,1
2025-02-05,2025-02-05 13:56:00,1759.33,1759.34,1759.33,1759.34,0.0,64.41,112915.01,1
2025-02-05,2025-02-05 13:57:00,1759.34,1759.35,1759.34,1759.35,0.0,64.41,112915.01,1
2025-02-05,2025-02-05 13:58:00,1759.35,1759.36,1759.35,1759.36,0.0,64.41,112915.01,1
2025-02-05,2025-02-05 13:59:00,1759.36,1759.38,1759.36,1759.38,0.0,64.41,112915.01,1
2025-02-05,2025-02-05 14:00:00,1759.38,1759.39,1759.38,1759.39,0.0,64.41,112915.01,1
2025-02-05,2025-02-05 14:01:00,1759.39,1759.4,1759.39,1759.4,0.0,64.41,112915.01,1
2025-02-05,2025-02-05 14:02:00,1759.4,1759.41,1759.4,1759.41,0.0,64.41,112915.01,1
2025-02-05,2025-02-05 14:03:00,1759.41,1759.42,1759.41,1759.42,0.0,64.41,112915.01,1
2025-02-05,2025-02-05 14:04:00,1759.42,1759.44,1759.42,1759.44,0.0,64.41,112915.01,1
2025-02-05,2025-02-05 14:05:00,1759.44,1759.45,1759.44,1759.45,0.0,64.41,112915.01,1
2025-02-05,2025-02-05 14:06:00,1759.45,1759.46,1759.45,1759.46,0.0,64.41,112915.01,1
2025-02-05,2025-02-05 14:07:00,1759.46,1759.47,1759.46,1759.47,0.0,64.41,112915.01,1
2025-02-05,2025-02-05 14:08:00,1759.47,1759.48,1759.47,1759.48,0.0,64.41,112915.01,1
2025-02-05,2025-02-05 14:09:00,1759.48,1759.5,1759.48,1759.5,0.0,64.41,112915.01,1
2025-02-05,2025-02-05 14:10:00,1759.5,1759.51,1759.5,1759.51,0.0,64.41,112915.01,1
2025-02-05,2025-02-05 14:11:00,1759.51,1759.52,1759.51,1759.52,0.0,64.41,112915.01,1
2025-02-05,2025-02-05 14:12:00,1759.52,1759.53,1759.52,1759.53,0.0,64.41,112915.01,1
2025-02-05,2025-02-05 14:13:00,1759.53,1759.54,1759.53,1759.54,0.0,64.41,112915.01,1
2025-02-05,2025-02-05 14:14:00,1759.54,1759.56,1759.54,1759.56,0.0,64.41,112915.01,1
2025-02-05,2025-02-05 14:15:00,1759.56,1759.57,1759.56,1759.57,0.0,64.41,112915.01,1
2025-02-05,2025-02-05 14:16:00,1759.57,1759.58,1759.57,1759.58,0.0,64.41,112915.01,1
2025-02-05,2025-02-05 14:17:00,1759.58,1759.59,1759.58,1759.59,0.0,64.41,112915.01,1
2025-02-05,2025-02-05 14:18:00,1759.59,1759.6,1759.59,1759.6,0.0,64.41,112915.01,1
2025-02-05,2025-02-05 14:19:00,1759.6,1759.62,1759.6,1759.62,0.0,64.41,112915.01,1
2025-02-05,2025-02-05 14:20:00,1759.62,1759.63,1759.62,1759.63,0.0,64.41,112915.01,1
2025-02-05,2025-02-05 14:21:00,1759.63,1759.64,1759.63,1759.64,0.0,64.41,112915.01,1
2025-02-05,2025-02-05 14:22:00,1759.64,1759.65,1759.64,1759.65,0.0,64.41,112915.01,1
2025-02-05,2025-02-05 14:23:00,1759.65,1759.66,1759.65,1759.66,0.0,64.41,112915.01,1
2025-02-05,2025-02-05 14:24:00,1759.66,1759.68,1759.66,1759.68,0.0,64.41,112915.01,1
2025-02-05,2025-02-05 14:25:00,1759.68,1759.69,1759.68,1759.69,0.0,64.41,112915.01,1
2025-02-05,2025-02-05 14:26:00,1759.69,1759.7,1759.69,1759.7,0.0,64.41,112915.01,1
2025-02-05,2025-02-05 14:27:00,1759.7,1759.71,1759.7,1759.71,0.0,64.41,112915.01,1
2025-02-05,2025-02-05 14:28:00,1759.71,1759.73,1759.71,1759.73,0.0,64.41,112915.01,1
2025-02-05,2025-02-05 14:29:00,1759.73,1759.74,1759.73,1759.74,0.0,64.41,112915.01,1
2025-02-05,2025-02-05 14:30:00,1759.74,1759.75,1759.74,1759.75,0.0,64.41,112915.01,1
2025-02-05,2025-02-05 14:31:00,1759.75,1759.76,1759.75,1759.76,0.0,64.41,112915.01,1
2025-02-05,2025-02-05 14:32:00,1759.76,1759.77,1759.76,1759.77,0.0,64.41,112915.01,1
2025-02-05,2025-02-05 14:33:00,1759.77,1759.79,1759.77,1759.79,0.0,64.41,112915.01,1
2025-02-05,2025-02-05 14:34:00,1759.79,1759.8,1759.79,1759.8,0.0,64.41,112915.01,1
2025-02-05,2025-02-05 14:35:00,1759.8,1759.81,1759.8,1759.81,0.0,64.41,112915.01,1
2025-02-05,2025-02-05 14:36:00,1759.81,1759.82,1759.81,1759.82,0.0,64.41,112915.01,1
2025-02-05,2025-02-05 14:37:00,1759.82,1759.83,1759.82,1759.83,0.0,64.41,112915.01,1
2025-02-05,2025-02-05 14:38:00,1759.83,1759.85,1759.83,1759.85,0.0,64.41,112915.01,1
2025-02-05,2025-02-05 14:39:00,1759.85,1759.86,1759.85,1759.86,0.0,64.41,112915.01,1
2025-02-05,2025-02-05 14:40:00,1759.86,1759.87,1759.86,1759.87,0.0,64.41,112915.01,1
2025-02-05,2025-02-05 14:41:00,1759.87,1759.88,1759.87,1759.88,0.0,64.41,112915.01,1
2025-02-05,2025-02-05 14:42:00,1759.88,1759.89,1759.88,1759.89,0.0,64.41,112915.01,1
2025-02-05,2025-02-05 14:43:00,1759.89,1759.91,1759.89,1759.91,0.0,64.41,112915.01,1
2025-02-05,2025-02-05 14:44:00,1759.91,1759.92,1759.91,1759.92,0.0,64.41,112915.01,1
2025-02-05,2025-02-05 14:45:00,1759.92,1759.93,1759.92,1759.93,0.0,64.41,112915.01,1
2025-02-05,2025-02-05 14:46:00,1759.93,1759.94,1759.93,1759.94,0.0,64.41,112915.01,1
2025-02-05,2025-02-05 14:47:00,1759.94,1759.95,1759.94,1759.95,0.0,64.41,112915.01,1
2025-02-05,2025-02-05 14:48:00,1759.95,1759.97,1759.95,1759.97,0.0,64.41,112915.01,1
2025-02-05,2025-02-05 14:49:00,1759.97,1759.98,1759.97,1759.98,0.0,64.41,112915.01,1
2025-02-05,2025-02-05 14:50:00,1759.98,1759.99,1759.98,1759.99,0.0,64.41,112915.01,1
2025-02-05,2025-02-05 14:51:00,1759.99,1760.0,1759.99,1760.0,0.0,64.41,112915.01,1
2025-02-05,2025-02-05 14:52:00,1760.0,1760.02,1760.0,1760.02,0.0,64.41,112915.01,1
2025-02-05,2025-02-05 14:53:00,1760.02,1760.03,1760.02,1760.03,0.0,64.41,112915.01,1
2025-02-05,2025-02-05 14:54:00,1760.03,1760.04,1760.03,1760.04,0.0,64.41,112915.01,1
2025-02-05,2025-02-05 14:55:00,1760.04,1760.05,1760.04,1760.05,0.0,64.41,112915.01,1
2025-02-05,2025-02-05 14:56:00,1760.05,1760.06,1760.05,1760.06,0.0,64.41,112915.01,1
2025-02-05,2025-02-05 14:57:00,1760.06,1760.08,1760.06,1760.08,0.0,64.41,112915.01,1
2025-02-05,2025-02-05 14:58:00,1760.08,1760.09,1760.08,1760.09,0.0,64.41,112915.01,1
2025-02-05,2025-02-05 14:59:00,1760.09,1760.1,1760.09,1760.1,0.0,64.41,112915.01,1
2025-02-05,2025-02-05 15:00:00,1760.1,1810.0,1719.0,1760.1,0.0,64.41,112915.01,0
2025-02-06,2025-02-06 11:00:00,1795.0,1795.0,1766.5,1794.61,-0.02,39.94,69169.38,-1
2025-02-06,2025-02-06 11:01:00,1794.61,1794.61,1794.22,1794.22,-0.02,39.94,69169.38,-1
2025-02-06,2025-02-06 11:02:00,1794.22,1794.22,1793.83,1793.83,-0.02,39.94,69169.38,-1
2025-02-06,2025-02-06 11:03:00,1793.83,1793.83,1793.43,1793.43,-0.02,39.94,69169.38,-1
2025-02-06,2025-02-06 11:04:00,1793.43,1793.43,1793.04,1793.04,-0.02,39.94,69169.38,-1
2025-02-06,2025-02-06 11:05:00,1793.04,1793.04,1792.65,1792.65,-0.02,39.94,69169.38,-1
2025-02-06,2025-02-06 11:06:00,1792.65,1792.65,1792.26,1792.26,-0.02,39.94,69169.38,-1
2025-02-06,2025-02-06 11:07:00,1792.26,1792.26,1791.87,1791.87,-0.02,39.94,69169.38,-1
2025-02-06,2025-02-06 11:08:00,1791.87,1791.87,1791.48,1791.48,-0.02,39.94,69169.38,-1
2025-02-06,2025-02-06 11:09:00,1791.48,1791.48,1791.09,1791.09,-0.02,39.94,69169.38,-1
2025-02-06,2025-02-06 11:10:00,1791.09,1791.09,1790.7,1790.7,-0.02,39.94,69169.38,-1
2025-02-06,2025-02-06 11:11:00,1790.7,1790.7,1790.31,1790.31,-0.02,39.94,69169.38,-1
2025-02-06,2025-02-06 11:12:00,1790.31,1790.31,1789.91,1789.91,-0.02,39.94,69169.38,-1
2025-02-06,2025-02-06 11:13:00,1789.91,1789.91,1789.52,1789.52,-0.02,39.94,69169.38,-1
2025-02-06,2025-02-06 11:14:00,1789.52,1789.52,1789.13,1789.13,-0.02,39.94,69169.38,-1
2025-02-06,2025-02-06 11:15:00,1789.13,1789.13,1788.74,1788.74,-0.02,39.94,69169.38,-1
2025-02-06,2025-02-06 11:16:00,1788.74,1788.74,1788.35,1788.35,-0.02,39.94,69169.38,-1
2025-02-06,2025-02-06 11:17:00,1788.35,1788.35,1787.96,1787.96,-0.02,39.94,69169.38,-1
2025-02-06,2025-02-06 11:18:00,1787.96,1787.96,1787.57,1787.57,-0.02,39.94,69169.38,-1
2025-02-06,2025-02-06 11:19:00,1787.57,1787.57,1787.17,1787.17,-0.02,39.94,69169.38,-1
2025-02-06,2025-02-06 11:20:00,1787.17,1787.17,1786.78,1786.78,-0.02,39.94,69169.38,-1
2025-02-06,2025-02-06 11:21:00,1786.78,1786.78,1786.39,1786.39,-0.02,39.94,69169.38,-1
2025-02-06,2025-02-06 11:22:00,1786.39,1786.39,1786.0,1786.0,-0.02,39.94,69169.38,-1
2025-02-06,2025-02-06 11:23:00,1786.0,1786.0,1785.61,1785.61,-0.02,39.94,69169.38,-1
2025-02-06,2025-02-06 11:24:00,1785.61,1785.61,1785.22,1785.22,-0.02,39.94,69169.38,-1
2025-02-06,2025-02-06 11:25:00,1785.22,1785.22,1784.83,1784.83,-0.02,39.94,69169.38,-1
2025-02-06,2025-02-06 11:26:00,1784.83,1784.83,1784.44,1784.44,-0.02,39.94,69169.38,-1
2025-02-06,2025-02-06 11:27:00,1784.44,1784.44,1784.05,1784.05,-0.02,39.94,69169.38,-1
2025-02-06,2025-02-06 11:28:00,1784.05,1784.05,1783.65,1783.65,-0.02,39.94,69169.38,-1
2025-02-06,2025-02-06 11:29:00,1783.65,1783.65,1783.26,1783.26,-0.02,39.94,69169.38,-1
2025-02-06,2025-02-06 11:30:00,1783.26,1783.26,1782.87,1782.87,-0.02,39.94,69169.38,-1
2025-02-06,2025-02-06 11:31:00,1782.87,1782.87,1782.48,1782.48,-0.02,39.94,69169.38,-1
2025-02-06,2025-02-06 11:32:00,1782.48,1782.48,1782.09,1782.09,-0.02,39.94,69169.38,-1
2025-02-06,2025-02-06 11:33:00,1782.09,1782.09,1781.7,1781.7,-0.02,39.94,69169.38,-1
2025-02-06,2025-02-06 11:34:00,1781.7,1781.7,1781.31,1781.31,-0.02,39.94,69169.38,-1
2025-02-06,2025-02-06 11:35:00,1781.31,1781.31,1780.91,1780.91,-0.02,39.94,69169.38,-1
2025-02-06,2025-02-06 11:36:00,1780.91,1780.91,1780.52,1780.52,-0.02,39.94,69169.38,-1
2025-02-06,2025-02-06 11:37:00,1780.52,1780.52,1780.13,1780.13,-0.02,39.94,69169.38,-1
2025-02-06,2025-02-06 11:38:00,1780.13,1780.13,1779.74,1779.74,-0.02,39.94,69169.38,-1
2025-02-06,2025-02-06 11:39:00,1779.74,1779.74,1779.35,1779.35,-0.02,39.94,69169.38,-1
2025-02-06,2025-02-06 11:40:00,1779.35,1779.35,1778.96,1778.96,-0.02,39.94,69169.38,-1
2025-02-06,2025-02-06 11:41:00,1778.96,1778.96,1778.57,1778.57,-0.02,39.94,69169.38,-1
2025-02-06,2025-02-06 11:42:00,1778.57,1778.57,1778.18,1778.18,-0.02,39.94,69169.38,-1
2025-02-06,2025-02-06 11:43:00,1778.18,1778.18,1777.79,1777.79,-0.02,39.94,69169.38,-1
2025-02-06,2025-02-06 11:44:00,1777.79,1777.79,1777.39,1777.39,-0.02,39.94,69169.38,-1
2025-02-06,2025-02-06 11:45:00,1777.39,1777.39,1777.0,1777.0,-0.02,39.94,69169.38,-1
2025-02-06,2025-02-06 11:46:00,1777.0,1777.0,1776.61,1776.61,-0.02,39.94,69169.38,-1
2025-02-06,2025-02-06 11:47:00,1776.61,1776.61,1776.22,1776.22,-0.02,39.94,69169.38,-1
2025-02-06,2025-02-06 11:48:00,1776.22,1776.22,1775.83,1775.83,-0.02,39.94,69169.38,-1
2025-02-06,2025-02-06 11:49:00,1775.83,1775.83,1775.44,1775.44,-0.02,39.94,69169.38,-1
2025-02-06,2025-02-06 11:50:00,1775.44,1775.44,1775.05,1775.05,-0.02,39.94,69169.38,-1
2025-02-06,2025-02-06 11:51:00,1775.05,1775.05,1774.65,1774.65,-0.02,39.94,69169.38,-1
2025-02-06,2025-02-06 11:52:00,1774.65,1774.65,1774.26,1774.26,-0.02,39.94,69169.38,-1
2025-02-06,2025-02-06 11:53:00,1774.26,1774.26,1773.87,1773.87,-0.02,39.94,69169.38,-1
2025-02-06,2025-02-06 11:54:00,1773.87,1773.87,1773.48,1773.48,-0.02,39.94,69169.38,-1
2025-02-06,2025-02-06 11:55:00,1773.48,1773.48,1773.09,1773.09,-0.02,39.94,69169.38,-1
2025-02-06,2025-02-06 11:56:00,1773.09,1773.09,1772.7,1772.7,-0.02,39.94,69169.38,-1
2025-02-06,2025-02-06 11:57:00,1772.7,1772.7,1772.31,1772.31,-0.02,39.94,69169.38,-1
2025-02-06,2025-02-06 11:58:00,1772.31,1772.31,1771.92,1771.92,-0.02,39.94,69169.38,-1
2025-02-06,2025-02-06 11:59:00,1771.92,1771.92,1771.53,1771.53,-0.02,39.94,69169.38,-1
2025-02-06,2025-02-06 12:00:00,1771.53,1771.53,1771.13,1771.13,-0.02,39.94,69169.38,-1
2025-02-06,2025-02-06 12:01:00,1771.13,1771.13,1770.74,1770.74,-0.02,39.94,69169.38,-1
2025-02-06,2025-02-06 12:02:00,1770.74,1770.74,1770.35,1770.35,-0.02,39.94,69169.38,-1
2025-02-06,2025-02-06 12:03:00,1770.35,1770.35,1769.96,1769.96,-0.02,39.94,69169.38,-1
2025-02-06,2025-02-06 12:04:00,1769.96,1769.96,1769.57,1769.57,-0.02,39.94,69169.38,-1
2025-02-06,2025-02-06 12:05:00,1769.57,1769.57,1769.18,1769.18,-0.02,39.94,69169.38,-1
2025-02-06,2025-02-06 12:06:00,1769.18,1769.18,1768.79,1768.79,-0.02,39.94,69169.38,-1
2025-02-06,2025-02-06 12:07:00,1768.79,1768.79,1768.39,1768.39,-0.02,39.94,69169.38,-1
2025-02-06,2025-02-06 12:08:00,1768.39,1768.39,1768.0,1768.0,-0.02,39.94,69169.38,-1
2025-02-06,2025-02-06 12:09:00,1768.0,1768.0,1767.61,1767.61,-0.02,39.94,69169.38,-1
2025-02-06,2025-02-06 12:10:00,1767.61,1767.61,1767.22,1767.22,-0.02,39.94,69169.38,-1
2025-02-06,2025-02-06 12:11:00,1767.22,1767.22,1766.83,1766.83,-0.02,39.94,69169.38,-1
2025-02-06,2025-02-06 12:12:00,1766.83,1766.83,1766.44,1766.44,-0.02,39.94,69169.38,-1
2025-02-06,2025-02-06 12:13:00,1766.44,1766.44,1766.05,1766.05,-0.02,39.94,69169.38,-1
2025-02-06,2025-02-06 12:14:00,1766.05,1766.05,1765.66,1765.66,-0.02,39.94,69169.38,-1
2025-02-06,2025-02-06 12:15:00,1765.66,1765.66,1765.26,1765.26,-0.02,39.94,69169.38,-1
2025-02-06,2025-02-06 12:16:00,1765.26,1765.26,1764.87,1764.87,-0.02,39.94,69169.38,-1
2025-02-06,2025-02-06 12:17:00,1764.87,1764.87,1764.48,1764.48,-0.02,39.94,69169.38,-1
2025-02-06,2025-02-06 12:18:00,1764.48,1764.48,1764.09,1764.09,-0.02,39.94,69169.38,-1
2025-02-06,2025-02-06 12:19:00,1764.09,1764.09,1763.7,1763.7,-0.02,39.94,69169.38,-1
2025-02-06,2025-02-06 12:20:00,1763.7,1763.7,1763.31,1763.31,-0.02,39.94,69169.38,-1
2025-02-06,2025-02-06 12:21:00,1763.31,1763.31,1762.92,1762.92,-0.02,39.94,69169.38,-1
2025-02-06,2025-02-06 12:22:00,1762.92,1762.92,1762.53,1762.53,-0.02,39.94,69169.38,-1
2025-02-06,2025-02-06 12:23:00,1762.53,1762.53,1762.13,1762.13,-0.02,39.94,69169.38,-1
2025-02-06,2025-02-06 12:24:00,1762.13,1762.13,1761.74,1761.74,-0.02,39.94,69169.38,-1
2025-02-06,2025-02-06 12:25:00,1761.74,1761.74,1761.35,1761.35,-0.02,39.94,69169.38,-1
2025-02-06,2025-02-06 12:26:00,1761.35,1761.35,1760.96,1760.96,-0.02,39.94,69169.38,-1
2025-02-06,2025-02-06 12:27:00,1760.96,1760.96,1760.57,1760.57,-0.02,39.94,69169.38,-1
2025-02-06,2025-02-06 12:28:00,1760.57,1760.57,1760.18,1760.18,-0.02,39.94,69169.38,-1
2025-02-06,2025-02-06 12:29:00,1760.18,1760.18,1759.79,1759.79,-0.02,39.94,69169.38,-1
2025-02-06,2025-02-06 12:30:00,1759.79,1759.79,1759.4,1759.4,-0.02,39.94,69169.38,-1
2025-02-06,2025-02-06 12:31:00,1759.4,1759.4,1759.0,1759.0,-0.02,39.94,69169.38,-1
2025-02-06,2025-02-06 12:32:00,1759.0,1759.0,1758.61,1758.61,-0.02,39.94,69169.38,-1
2025-02-06,2025-02-06 12:33:00,1758.61,1758.61,1758.22,1758.22,-0.02,39.94,69169.38,-1
2025-02-06,2025-02-06 12:34:00,1758.22,1758.22,1757.83,1757.83,-0.02,39.94,69169.38,-1
2025-02-06,2025-02-06 12:35:00,1757.83,1757.83,1757.44,1757.44,-0.02,39.94,69169.38,-1
2025-02-06,2025-02-06 12:36:00,1757.44,1757.44,1757.05,1757.05,-0.02,39.94,69169.38,-1
2025-02-06,2025-02-06 12:37:00,1757.05,1757.05,1756.66,1756.66,-0.02,39.94,69169.38,-1
2025-02-06,2025-02-06 12:38:00,1756.66,1756.66,1756.27,1756.27,-0.02,39.94,69169.38,-1
2025-02-06,2025-02-06 12:39:00,1756.27,1756.27,1755.88,1755.88,-0.02,39.94,69169.38,-1
2025-02-06,2025-02-06 12:40:00,1755.88,1755.88,1755.48,1755.48,-0.02,39.94,69169.38,-1
2025-02-06,2025-02-06 12:41:00,1755.48,1755.48,1755.09,1755.09,-0.02,39.94,69169.38,-1
2025-02-06,2025-02-06 12:42:00,1755.09,1755.09,1754.7,1754.7,-0.02,39.94,69169.38,-1
2025-02-06,2025-02-06 12:43:00,1754.7,1754.7,1754.31,1754.31,-0.02,39.94,69169.38,-1
2025-02-06,2025-02-06 12:44:00,1754.31,1754.31,1753.92,1753.92,-0.02,39.94,69169.38,-1
2025-02-06,2025-02-06 12:45:00,1753.92,1753.92,1753.53,1753.53,-0.02,39.94,69169.38,-1
2025-02-06,2025-02-06 12:46:00,1753.53,1753.53,1753.14,1753.14,-0.02,39.94,69169.38,-1
2025-02-06,2025-02-06 12:47:00,1753.14,1753.14,1752.74,1752.74,-0.02,39.94,69169.38,-1
2025-02-06,2025-02-06 12:48:00,1752.74,1752.74,1752.35,1752.35,-0.02,39.94,69169.38,-1
2025-02-06,2025-02-06 12:49:00,1752.35,1752.35,1751.96,1751.96,-0.02,39.94,69169.38,-1
2025-02-06,2025-02-06 12:50:00,1751.96,1751.96,1751.57,1751.57,-0.02,39.94,69169.38,-1
2025-02-06,2025-02-06 12:51:00,1751.57,1751.57,1751.18,1751.18,-0.02,39.94,69169.38,-1
2025-02-06,2025-02-06 12:52:00,1751.18,1751.18,1750.79,1750.79,-0.02,39.94,69169.38,-1
2025-02-06,2025-02-06 12:53:00,1750.79,1750.79,1750.4,1750.4,-0.02,39.94,69169.38,-1
2025-02-06,2025-02-06 12:54:00,1750.4,1750.4,1750.01,1750.01,-0.02,39.94,69169.38,-1
2025-02-06,2025-02-06 12:55:00,1750.01,1750.01,1749.62,1749.62,-0.02,39.94,69169.38,-1
2025-02-06,2025-02-06 12:56:00,1749.62,1749.62,1749.22,1749.22,-0.02,39.94,69169.38,-1
2025-02-06,2025-02-06 12:57:00,1749.22,1749.22,1748.83,1748.83,-0.02,39.94,69169.38,-1
2025-02-06,2025-02-06 12:58:00,1748.83,1748.83,1748.44,1748.44,-0.02,39.94,69169.38,-1
2025-02-06,2025-02-06 12:59:00,1748.44,1748.44,1748.05,1748.05,-0.02,39.94,69169.38,-1
2025-02-06,2025-02-06 13:00:00,1748.05,1795.0,1700.0,1747.66,-0.02,39.94,69169.38,-1
2025-02-06,2025-02-06 13:01:00,1747.66,1747.66,1747.27,1747.27,-0.02,39.94,69169.38,-1
2025-02-06,2025-02-06 13:02:00,1747.27,1747.27,1746.88,1746.88,-0.02,39.94,69169.38,-1
2025-02-06,2025-02-06 13:03:00,1746.88,1746.88,1746.48,1746.48,-0.02,39.94,69169.38,-1
2025-02-06,2025-02-06 13:04:00,1746.48,1746.48,1746.09,1746.09,-0.02,39.94,69169.38,-1
2025-02-06,2025-02-06 13:05:00,1746.09,1746.09,1745.7,1745.7,-0.02,39.94,69169.38,-1
2025-02-06,2025-02-06 13:06:00,1745.7,1745.7,1745.31,1745.31,-0.02,39.94,69169.38,-1
2025-02-06,2025-02-06 13:07:00,1745.31,1745.31,1744.92,1744.92,-0.02,39.94,69169.38,-1
2025-02-06,2025-02-06 13:08:00,1744.92,1744.92,1744.53,1744.53,-0.02,39.94,69169.38,-1
2025-02-06,2025-02-06 13:09:00,1744.53,1744.53,1744.14,1744.14,-0.02,39.94,69169.38,-1
2025-02-06,2025-02-06 13:10:00,1744.14,1744.14,1743.75,1743.75,-0.02,39.94,69169.38,-1
2025-02-06,2025-02-06 13:11:00,1743.75,1743.75,1743.36,1743.36,-0.02,39.94,69169.38,-1
2025-02-06,2025-02-06 13:12:00,1743.36,1743.36,1742.96,1742.96,-0.02,39.94,69169.38,-1
2025-02-06,2025-02-06 13:13:00,1742.96,1742.96,1742.57,1742.57,-0.02,39.94,69169.38,-1
2025-02-06,2025-02-06 13:14:00,1742.57,1742.57,1742.18,1742.18,-0.02,39.94,69169.38,-1
2025-02-06,2025-02-06 13:15:00,1742.18,1742.18,1741.79,1741.79,-0.02,39.94,69169.38,-1
2025-02-06,2025-02-06 13:16:00,1741.79,1741.79,1741.4,1741.4,-0.02,39.94,69169.38,-1
2025-02-06,2025-02-06 13:17:00,1741.4,1741.4,1741.01,1741.01,-0.02,39.94,69169.38,-1
2025-02-06,2025-02-06 13:18:00,1741.01,1741.01,1740.62,1740.62,-0.02,39.94,69169.38,-1
2025-02-06,2025-02-06 13:19:00,1740.62,1740.62,1740.22,1740.22,-0.02,39.94,69169.38,-1
2025-02-06,2025-02-06 13:20:00,1740.22,1740.22,1739.83,1739.83,-0.02,39.94,69169.38,-1
2025-02-06,2025-02-06 13:21:00,1739.83,1739.83,1739.44,1739.44,-0.02,39.94,69169.38,-1
2025-02-06,2025-02-06 13:22:00,1739.44,1739.44,1739.05,1739.05,-0.02,39.94,69169.38,-1
2025-02-06,2025-02-06 13:23:00,1739.05,1739.05,1738.66,1738.66,-0.02,39.94,69169.38,-1
2025-02-06,2025-02-06 13:24:00,1738.66,1738.66,1738.27,1738.27,-0.02,39.94,69169.38,-1
2025-02-06,2025-02-06 13:25:00,1738.27,1738.27,1737.88,1737.88,-0.02,39.94,69169.38,-1
2025-02-06,2025-02-06 13:26:00,1737.88,1737.88,1737.49,1737.49,-0.02,39.94,69169.38,-1
2025-02-06,2025-02-06 13:27:00,1737.49,1737.49,1737.1,1737.1,-0.02,39.94,69169.38,-1
2025-02-06,2025-02-06 13:28:00,1737.1,1737.1,1736.7,1736.7,-0.02,39.94,69169.38,-1
2025-02-06,2025-02-06 13:29:00,1736.7,1736.7,1736.31,1736.31,-0.02,39.94,69169.38,-1
2025-02-06,2025-02-06 13:30:00,1736.31,1736.31,1735.92,1735.92,-0.02,39.94,69169.38,-1
2025-02-06,2025-02-06 13:31:00,1735.92,1735.92,1735.53,1735.53,-0.02,39.94,69169.38,-1
2025-02-06,2025-02-06 13:32:00,1735.53,1735.53,1735.14,1735.14,-0.02,39.94,69169.38,-1
2025-02-06,2025-02-06 13:33:00,1735.14,1735.14,1734.75,1734.75,-0.02,39.94,69169.38,-1
2025-02-06,2025-02-06 13:34:00,1734.75,1734.75,1734.36,1734.36,-0.02,39.94,69169.38,-1
2025-02-06,2025-02-06 13:35:00,1734.36,1734.36,1733.96,1733.96,-0.02,39.94,69169.38,-1
2025-02-06,2025-02-06 13:36:00,1733.96,1733.96,1733.57,1733.57,-0.02,39.94,69169.38,-1
2025-02-06,2025-02-06 13:37:00,1733.57,1733.57,1733.18,1733.18,-0.02,39.94,69169.38,-1
2025-02-06,2025-02-06 13:38:00,1733.18,1733.18,1732.79,1732.79,-0.02,39.94,69169.38,-1
2025-02-06,2025-02-06 13:39:00,1732.79,1732.79,1732.4,1732.4,-0.02,39.94,69169.38,-1
2025-02-06,2025-02-06 13:40:00,1732.4,1732.4,1732.01,1732.01,-0.02,39.94,69169.38,-1
2025-02-06,2025-02-06 13:41:00,1732.01,1732.01,1731.62,1731.62,-0.02,39.94,69169.38,-1
2025-02-06,2025-02-06 13:42:00,1731.62,1731.62,1731.23,1731.23,-0.02,39.94,69169.38,-1
2025-02-06,2025-02-06 13:43:00,1731.23,1731.23,1730.84,1730.84,-0.02,39.94,69169.38,-1
2025-02-06,2025-02-06 13:44:00,1730.84,1730.84,1730.44,1730.44,-0.02,39.94,69169.38,-1
2025-02-06,2025-02-06 13:45:00,1730.44,1730.44,1730.05,1730.05,-0.02,39.94,69169.38,-1
2025-02-06,2025-02-06 13:46:00,1730.05,1730.05,1729.66,1729.66,-0.02,39.94,69169.38,-1
2025-02-06,2025-02-06 13:47:00,1729.66,1729.66,1729.27,1729.27,-0.02,39.94,69169.38,-1
2025-02-06,2025-02-06 13:48:00,1729.27,1729.27,1728.88,1728.88,-0.02,39.94,69169.38,-1
2025-02-06,2025-02-06 13:49:00,1728.88,1728.88,1728.49,1728.49,-0.02,39.94,69169.38,-1
2025-02-06,2025-02-06 13:50:00,1728.49,1728.49,1728.1,1728.1,-0.02,39.94,69169.38,-1
2025-02-06,2025-02-06 13:51:00,1728.1,1728.1,1727.7,1727.7,-0.02,39.94,69169.38,-1
2025-02-06,2025-02-06 13:52:00,1727.7,1727.7,1727.31,1727.31,-0.02,39.94,69169.38,-1
2025-02-06,2025-02-06 13:53:00,1727.31,1727.31,1726.92,1726.92,-0.02,39.94,69169.38,-1
2025-02-06,2025-02-06 13:54:00,1726.92,1726.92,1726.53,1726.53,-0.02,39.94,69169.38,-1
2025-02-06,2025-02-06 13:55:00,1726.53,1726.53,1726.14,1726.14,-0.02,39.94,69169.38,-1
2025-02-06,2025-02-06 13:56:00,1726.14,1726.14,1725.75,1725.75,-0.02,39.94,69169.38,-1
2025-02-06,2025-02-06 13:57:00,1725.75,1725.75,1725.36,1725.36,-0.02,39.94,69169.38,-1
2025-02-06,2025-02-06 13:58:00,1725.36,1725.36,1724.97,1724.97,-0.02,39.94,69169.38,-1
2025-02-06,2025-02-06 13:59:00,1724.97,1724.97,1724.57,1724.57,-0.02,39.94,69169.38,-1
2025-02-06,2025-02-06 14:00:00,1724.57,1724.57,1724.18,1724.18,-0.02,39.94,69169.38,-1
2025-02-06,2025-02-06 14:01:00,1724.18,1724.18,1723.79,1723.79,-0.02,39.94,69169.38,-1
2025-02-06,2025-02-06 14:02:00,1723.79,1723.79,1723.4,1723.4,-0.02,39.94,69169.38,-1
2025-02-06,2025-02-06 14:03:00,1723.4,1723.4,1723.01,1723.01,-0.02,39.94,69169.38,-1
2025-02-06,2025-02-06 14:04:00,1723.01,1723.01,1722.62,1722.62,-0.02,39.94,69169.38,-1
2025-02-06,2025-02-06 14:05:00,1722.62,1722.62,1722.23,1722.23,-0.02,39.94,69169.38,-1
2025-02-06,2025-02-06 14:06:00,1722.23,1722.23,1721.84,1721.84,-0.02,39.94,69169.38,-1
2025-02-06,2025-02-06 14:07:00,1721.84,1721.84,1721.44,1721.44,-0.02,39.94,69169.38,-1
2025-02-06,2025-02-06 14:08:00,1721.44,1721.44,1721.05,1721.05,-0.02,39.94,69169.38,-1
2025-02-06,2025-02-06 14:09:00,1721.05,1721.05,1720.66,1720.66,-0.02,39.94,69169.38,-1
2025-02-06,2025-02-06 14:10:00,1720.66,1720.66,1720.27,1720.27,-0.02,39.94,69169.38,-1
2025-02-06,2025-02-06 14:11:00,1720.27,1720.27,1719.88,1719.88,-0.02,39.94,69169.38,-1
2025-02-06,2025-02-06 14:12:00,1719.88,1719.88,1719.49,1719.49,-0.02,39.94,69169.38,-1
2025-02-06,2025-02-06 14:13:00,1719.49,1719.49,1719.1,1719.1,-0.02,39.94,69169.38,-1
2025-02-06,2025-02-06 14:14:00,1719.1,1719.1,1718.71,1718.71,-0.02,39.94,69169.38,-1
2025-02-06,2025-02-06 14:15:00,1718.71,1718.71,1718.31,1718.31,-0.02,39.94,69169.38,-1
2025-02-06,2025-02-06 14:16:00,1718.31,1718.31,1717.92,1717.92,-0.02,39.94,69169.38,-1
2025-02-06,2025-02-06 14:17:00,1717.92,1717.92,1717.53,1717.53,-0.02,39.94,69169.38,-1
2025-02-06,2025-02-06 14:18:00,1717.53,1717.53,1717.14,1717.14,-0.02,39.94,69169.38,-1
2025-02-06,2025-02-06 14:19:00,1717.14,1717.14,1716.75,1716.75,-0.02,39.94,69169.38,-1
2025-02-06,2025-02-06 14:20:00,1716.75,1716.75,1716.36,1716.36,-0.02,39.94,69169.38,-1
2025-02-06,2025-02-06 14:21:00,1716.36,1716.36,1715.97,1715.97,-0.02,39.94,69169.38,-1
2025-02-06,2025-02-06 14:22:00,1715.97,1715.97,1715.58,1715.58,-0.02,39.94,69169.38,-1
2025-02-06,2025-02-06 14:23:00,1715.58,1715.58,1715.18,1715.18,-0.02,39.94,69169.38,-1
2025-02-06,2025-02-06 14:24:00,1715.18,1715.18,1714.79,1714.79,-0.02,39.94,69169.38,-1
2025-02-06,2025-02-06 14:25:00,1714.79,1714.79,1714.4,1714.4,-0.02,39.94,69169.38,-1
2025-02-06,2025-02-06 14:26:00,1714.4,1714.4,1714.01,1714.01,-0.02,39.94,69169.38,-1
2025-02-06,2025-02-06 14:27:00,1714.01,1714.01,1713.62,1713.62,-0.02,39.94,69169.38,-1
2025-02-06,2025-02-06 14:28:00,1713.62,1713.62,1713.23,1713.23,-0.02,39.94,69169.38,-1
2025-02-06,2025-02-06 14:29:00,1713.23,1713.23,1712.84,1712.84,-0.02,39.94,69169.38,-1
2025-02-06,2025-02-06 14:30:00,1712.84,1712.84,1712.45,1712.45,-0.02,39.94,69169.38,-1
2025-02-06,2025-02-06 14:31:00,1712.45,1712.45,1712.05,1712.05,-0.02,39.94,69169.38,-1
2025-02-06,2025-02-06 14:32:00,1712.05,1712.05,1711.66,1711.66,-0.02,39.94,69169.38,-1
2025-02-06,2025-02-06 14:33:00,1711.66,1711.66,1711.27,1711.27,-0.02,39.94,69169.38,-1
2025-02-06,2025-02-06 14:34:00,1711.27,1711.27,1710.88,1710.88,-0.02,39.94,69169.38,-1
2025-02-06,2025-02-06 14:35:00,1710.88,1710.88,1710.49,1710.49,-0.02,39.94,69169.38,-1
2025-02-06,2025-02-06 14:36:00,1710.49,1710.49,1710.1,1710.1,-0.02,39.94,69169.38,-1
2025-02-06,2025-02-06 14:37:00,1710.1,1710.1,1709.71,1709.71,-0.02,39.94,69169.38,-1
2025-02-06,2025-02-06 14:38:00,1709.71,1709.71,1709.32,1709.32,-0.02,39.94,69169.38,-1
2025-02-06,2025-02-06 14:39:00,1709.32,1709.32,1708.92,1708.92,-0.02,39.94,69169.38,-1
2025-02-06,2025-02-06 14:40:00,1708.92,1708.92,1708.53,1708.53,-0.02,39.94,69169.38,-1
2025-02-06,2025-02-06 14:41:00,1708.53,1708.53,1708.14,1708.14,-0.02,39.94,69169.38,-1
2025-02-06,2025-02-06 14:42:00,1708.14,1708.14,1707.75,1707.75,-0.02,39.94,69169.38,-1
2025-02-06,2025-02-06 14:43:00,1707.75,1707.75,1707.36,1707.36,-0.02,39.94,69169.38,-1
2025-02-06,2025-02-06 14:44:00,1707.36,1707.36,1706.97,1706.97,-0.02,39.94,69169.38,-1
2025-02-06,2025-02-06 14:45:00,1706.97,1706.97,1706.58,1706.58,-0.02,39.94,69169.38,-1
2025-02-06,2025-02-06 14:46:00,1706.58,1706.58,1706.19,1706.19,-0.02,39.94,69169.38,-1
2025-02-06,2025-02-06 14:47:00,1706.19,1706.19,1705.79,1705.79,-0.02,39.94,69169.38,-1
2025-02-06,2025-02-06 14:48:00,1705.79,1705.79,1705.4,1705.4,-0.02,39.94,69169.38,-1
2025-02-06,2025-02-06 14:49:00,1705.4,1705.4,1705.01,1705.01,-0.02,39.94,69169.38,-1
2025-02-06,2025-02-06 14:50:00,1705.01,1705.01,1704.62,1704.62,-0.02,39.94,69169.38,-1
2025-02-06,2025-02-06 14:51:00,1704.62,1704.62,1704.23,1704.23,-0.02,39.94,69169.38,-1
2025-02-06,2025-02-06 14:52:00,1704.23,1704.23,1703.84,1703.84,-0.02,39.94,69169.38,-1
2025-02-06,2025-02-06 14:53:00,1703.84,1703.84,1703.45,1703.45,-0.02,39.94,69169.38,-1
2025-02-06,2025-02-06 14:54:00,1703.45,1703.45,1703.06,1703.06,-0.02,39.94,69169.38,-1
2025-02-06,2025-02-06 14:55:00,1703.06,1703.06,1702.66,1702.66,-0.02,39.94,69169.38,-1
2025-02-06,2025-02-06 14:56:00,1702.66,1702.66,1702.27,1702.27,-0.02,39.94,69169.38,-1
2025-02-06,2025-02-06 14:57:00,1702.27,1702.27,1701.88,1701.88,-0.02,39.94,69169.38,-1
2025-02-06,2025-02-06 14:58:00,1701.88,1701.88,1701.49,1701.49,-0.02,39.94,69169.38,-1
2025-02-06,2025-02-06 14:59:00,1701.49,1701.49,1701.1,1701.1,-0.02,39.94,69169.38,-1
2025-02-06,2025-02-06 15:00:00,1701.1,1795.0,1700.0,1701.1,0.0,39.94,69169.38,0
2025-02-09,2025-02-09 11:00:00,1680.3,1707.15,1679.01,1680.47,0.01,21.85,37192.81,1
2025-02-09,2025-02-09 11:01:00,1680.47,1680.63,1680.47,1680.63,0.01,21.85,37192.81,1
2025-02-09,2025-02-09 11:02:00,1680.63,1680.8,1680.63,1680.8,0.01,21.85,37192.81,1
2025-02-09,2025-02-09 11:03:00,1680.8,1680.96,1680.8,1680.96,0.01,21.85,37192.81,1
2025-02-09,2025-02-09 11:04:00,1680.96,1681.13,1680.96,1681.13,0.01,21.85,37192.81,1
2025-02-09,2025-02-09 11:05:00,1681.13,1681.29,1681.13,1681.29,0.01,21.85,37192.81,1
2025-02-09,2025-02-09 11:06:00,1681.29,1681.46,1681.29,1681.46,0.01,21.85,37192.81,1
2025-02-09,2025-02-09 11:07:00,1681.46,1681.62,1681.46,1681.62,0.01,21.85,37192.81,1
2025-02-09,2025-02-09 11:08:00,1681.62,1681.79,1681.62,1681.79,0.01,21.85,37192.81,1
2025-02-09,2025-02-09 11:09:00,1681.79,1681.95,1681.79,1681.95,0.01,21.85,37192.81,1
2025-02-09,2025-02-09 11:10:00,1681.95,1682.12,1681.95,1682.12,0.01,21.85,37192.81,1
2025-02-09,2025-02-09 11:11:00,1682.12,1682.28,1682.12,1682.28,0.01,21.85,37192.81,1
2025-02-09,2025-02-09 11:12:00,1682.28,1682.45,1682.28,1682.45,0.01,21.85,37192.81,1
2025-02-09,2025-02-09 11:13:00,1682.45,1682.62,1682.45,1682.62,0.01,21.85,37192.81,1
2025-02-09,2025-02-09 11:14:00,1682.62,1682.78,1682.62,1682.78,0.01,21.85,37192.81,1
2025-02-09,2025-02-09 11:15:00,1682.78,1682.95,1682.78,1682.95,0.01,21.85,37192.81,1
2025-02-09,2025-02-09 11:16:00,1682.95,1683.11,1682.95,1683.11,0.01,21.85,37192.81,1
2025-02-09,2025-02-09 11:17:00,1683.11,1683.28,1683.11,1683.28,0.01,21.85,37192.81,1
2025-02-09,2025-02-09 11:18:00,1683.28,1683.44,1683.28,1683.44,0.01,21.85,37192.81,1
2025-02-09,2025-02-09 11:19:00,1683.44,1683.61,1683.44,1683.61,0.01,21.85,37192.81,1
2025-02-09,2025-02-09 11:20:00,1683.61,1683.77,1683.61,1683.77,0.01,21.85,37192.81,1
2025-02-09,2025-02-09 11:21:00,1683.77,1683.94,1683.77,1683.94,0.01,21.85,37192.81,1
2025-02-09,2025-02-09 11:22:00,1683.94,1684.1,1683.94,1684.1,0.01,21.85,37192.81,1
2025-02-09,2025-02-09 11:23:00,1684.1,1684.27,1684.1,1684.27,0.01,21.85,37192.81,1
2025-02-09,2025-02-09 11:24:00,1684.27,1684.44,1684.27,1684.44,0.01,21.85,37192.81,1
2025-02-09,2025-02-09 11:25:00,1684.44,1684.6,1684.44,1684.6,0.01,21.85,37192.81,1
2025-02-09,2025-02-09 11:26:00,1684.6,1684.77,1684.6,1684.77,0.01,21.85,37192.81,1
2025-02-09,2025-02-09 11:27:00,1684.77,1684.93,1684.77,1684.93,0.01,21.85,37192.81,1
2025-02-09,2025-02-09 11:28:00,1684.93,1685.1,1684.93,1685.1,0.01,21.85,37192.81,1
2025-02-09,2025-02-09 11:29:00,1685.1,1685.26,1685.1,1685.26,0.01,21.85,37192.81,1
2025-02-09,2025-02-09 11:30:00,1685.26,1685.43,1685.26,1685.43,0.01,21.85,37192.81,1
2025-02-09,2025-02-09 11:31:00,1685.43,1685.59,1685.43,1685.59,0.01,21.85,37192.81,1
2025-02-09,2025-02-09 11:32:00,1685.59,1685.76,1685.59,1685.76,0.01,21.85,37192.81,1
2025-02-09,2025-02-09 11:33:00,1685.76,1685.92,1685.76,1685.92,0.01,21.85,37192.81,1
2025-02-09,2025-02-09 11:34:00,1685.92,1686.09,1685.92,1686.09,0.01,21.85,37192.81,1
2025-02-09,2025-02-09 11:35:00,1686.09,1686.25,1686.09,1686.25,0.01,21.85,37192.81,1
2025-02-09,2025-02-09 11:36:00,1686.25,1686.42,1686.25,1686.42,0.01,21.85,37192.81,1
2025-02-09,2025-02-09 11:37:00,1686.42,1686.59,1686.42,1686.59,0.01,21.85,37192.81,1
2025-02-09,2025-02-09 11:38:00,1686.59,1686.75,1686.59,1686.75,0.01,21.85,37192.81,1
2025-02-09,2025-02-09 11:39:00,1686.75,1686.92,1686.75,1686.92,0.01,21.85,37192.81,1
2025-02-09,2025-02-09 11:40:00,1686.92,1687.08,1686.92,1687.08,0.01,21.85,37192.81,1
2025-02-09,2025-02-09 11:41:00,1687.08,1687.25,1687.08,1687.25,0.01,21.85,37192.81,1
2025-02-09,2025-02-09 11:42:00,1687.25,1687.41,1687.25,1687.41,0.01,21.85,37192.81,1
2025-02-09,2025-02-09 11:43:00,1687.41,1687.58,1687.41,1687.58,0.01,21.85,37192.81,1
2025-02-09,2025-02-09 11:44:00,1687.58,1687.74,1687.58,1687.74,0.01,21.85,37192.81,1
2025-02-09,2025-02-09 11:45:00,1687.74,1687.91,1687.74,1687.91,0.01,21.85,37192.81,1
2025-02-09,2025-02-09 11:46:00,1687.91,1688.07,1687.91,1688.07,0.01,21.85,37192.81,1
2025-02-09,2025-02-09 11:47:00,1688.07,1688.24,1688.07,1688.24,0.01,21.85,37192.81,1
2025-02-09,2025-02-09 11:48:00,1688.24,1688.41,1688.24,1688.41,0.01,21.85,37192.81,1
2025-02-09,2025-02-09 11:49:00,1688.41,1688.57,1688.41,1688.57,0.01,21.85,37192.81,1
2025-02-09,2025-02-09 11:50:00,1688.57,1688.74,1688.57,1688.74,0.01,21.85,37192.81,1
2025-02-09,2025-02-09 11:51:00,1688.74,1688.9,1688.74,1688.9,0.01,21.85,37192.81,1
2025-02-09,2025-02-09 11:52:00,1688.9,1689.07,1688.9,1689.07,0.01,21.85,37192.81,1
2025-02-09,2025-02-09 11:53:00,1689.07,1689.23,1689.07,1689.23,0.01,21.85,37192.81,1
2025-02-09,2025-02-09 11:54:00,1689.23,1689.4,1689.23,1689.4,0.01,21.85,37192.81,1
2025-02-09,2025-02-09 11:55:00,1689.4,1689.56,1689.4,1689.56,0.01,21.85,37192.81,1
2025-02-09,2025-02-09 11:56:00,1689.56,1689.73,1689.56,1689.73,0.01,21.85,37192.81,1
2025-02-09,2025-02-09 11:57:00,1689.73,1689.89,1689.73,1689.89,0.01,21.85,37192.81,1
2025-02-09,2025-02-09 11:58:00,1689.89,1690.06,1689.89,1690.06,0.01,21.85,37192.81,1
2025-02-09,2025-02-09 11:59:00,1690.06,1690.22,1690.06,1690.22,0.01,21.85,37192.81,1
2025-02-09,2025-02-09 12:00:00,1690.22,1690.39,1690.22,1690.39,0.01,21.85,37192.81,1
2025-02-09,2025-02-09 12:01:00,1690.39,1690.56,1690.39,1690.56,0.01,21.85,37192.81,1
2025-02-09,2025-02-09 12:02:00,1690.56,1690.72,1690.56,1690.72,0.01,21.85,37192.81,1
2025-02-09,2025-02-09 12:03:00,1690.72,1690.89,1690.72,1690.89,0.01,21.85,37192.81,1
2025-02-09,2025-02-09 12:04:00,1690.89,1691.05,1690.89,1691.05,0.01,21.85,37192.81,1
2025-02-09,2025-02-09 12:05:00,1691.05,1691.22,1691.05,1691.22,0.01,21.85,37192.81,1
2025-02-09,2025-02-09 12:06:00,1691.22,1691.38,1691.22,1691.38,0.01,21.85,37192.81,1
2025-02-09,2025-02-09 12:07:00,1691.38,1691.55,1691.38,1691.55,0.01,21.85,37192.81,1
2025-02-09,2025-02-09 12:08:00,1691.55,1691.71,1691.55,1691.71,0.01,21.85,37192.81,1
2025-02-09,2025-02-09 12:09:00,1691.71,1691.88,1691.71,1691.88,0.01,21.85,37192.81,1
2025-02-09,2025-02-09 12:10:00,1691.88,1692.04,1691.88,1692.04,0.01,21.85,37192.81,1
2025-02-09,2025-02-09 12:11:00,1692.04,1692.21,1692.04,1692.21,0.01,21.85,37192.81,1
2025-02-09,2025-02-09 12:12:00,1692.21,1692.38,1692.21,1692.38,0.01,21.85,37192.81,1
2025-02-09,2025-02-09 12:13:00,1692.38,1692.54,1692.38,1692.54,0.01,21.85,37192.81,1
2025-02-09,2025-02-09 12:14:00,1692.54,1692.71,1692.54,1692.71,0.01,21.85,37192.81,1
2025-02-09,2025-02-09 12:15:00,1692.71,1692.87,1692.71,1692.87,0.01,21.85,37192.81,1
2025-02-09,2025-02-09 12:16:00,1692.87,1693.04,1692.87,1693.04,0.01,21.85,37192.81,1
2025-02-09,2025-02-09 12:17:00,1693.04,1693.2,1693.04,1693.2,0.01,21.85,37192.81,1
2025-02-09,2025-02-09 12:18:00,1693.2,1693.37,1693.2,1693.37,0.01,21.85,37192.81,1
2025-02-09,2025-02-09 12:19:00,1693.37,1693.53,1693.37,1693.53,0.01,21.85,37192.81,1
2025-02-09,2025-02-09 12:20:00,1693.53,1693.7,1693.53,1693.7,0.01,21.85,37192.81,1
2025-02-09,2025-02-09 12:21:00,1693.7,1693.86,1693.7,1693.86,0.01,21.85,37192.81,1
2025-02-09,2025-02-09 12:22:00,1693.86,1694.03,1693.86,1694.03,0.01,21.85,37192.81,1
2025-02-09,2025-02-09 12:23:00,1694.03,1694.19,1694.03,1694.19,0.01,21.85,37192.81,1
2025-02-09,2025-02-09 12:24:00,1694.19,1694.36,1694.19,1694.36,0.01,21.85,37192.81,1
2025-02-09,2025-02-09 12:25:00,1694.36,1694.53,1694.36,1694.53,0.01,21.85,37192.81,1
2025-02-09,2025-02-09 12:26:00,1694.53,1694.69,1694.53,1694.69,0.01,21.85,37192.81,1
2025-02-09,2025-02-09 12:27:00,1694.69,1694.86,1694.69,1694.86,0.01,21.85,37192.81,1
2025-02-09,2025-02-09 12:28:00,1694.86,1695.02,1694.86,1695.02,0.01,21.85,37192.81,1
2025-02-09,2025-02-09 12:29:00,1695.02,1695.19,1695.02,1695.19,0.01,21.85,37192.81,1
2025-02-09,2025-02-09 12:30:00,1695.19,1695.35,1695.19,1695.35,0.01,21.85,37192.81,1
2025-02-09,2025-02-09 12:31:00,1695.35,1695.52,1695.35,1695.52,0.01,21.85,37192.81,1
2025-02-09,2025-02-09 12:32:00,1695.52,1695.68,1695.52,1695.68,0.01,21.85,37192.81,1
2025-02-09,2025-02-09 12:33:00,1695.68,1695.85,1695.68,1695.85,0.01,21.85,37192.81,1
2025-02-09,2025-02-09 12:34:00,1695.85,1696.01,1695.85,1696.01,0.01,21.85,37192.81,1
2025-02-09,2025-02-09 12:35:00,1696.01,1696.18,1696.01,1696.18,0.01,21.85,37192.81,1
2025-02-09,2025-02-09 12:36:00,1696.18,1696.35,1696.18,1696.35,0.01,21.85,37192.81,1
2025-02-09,2025-02-09 12:37:00,1696.35,1696.51,1696.35,1696.51,0.01,21.85,37192.81,1
2025-02-09,2025-02-09 12:38:00,1696.51,1696.68,1696.51,1696.68,0.01,21.85,37192.81,1
2025-02-09,2025-02-09 12:39:00,1696.68,1696.84,1696.68,1696.84,0.01,21.85,37192.81,1
2025-02-09,2025-02-09 12:40:00,1696.84,1697.01,1696.84,1697.01,0.01,21.85,37192.81,1
2025-02-09,2025-02-09 12:41:00,1697.01,1697.17,1697.01,1697.17,0.01,21.85,37192.81,1
2025-02-09,2025-02-09 12:42:00,1697.17,1697.34,1697.17,1697.34,0.01,21.85,37192.81,1
2025-02-09,2025-02-09 12:43:00,1697.34,1697.5,1697.34,1697.5,0.01,21.85,37192.81,1
2025-02-09,2025-02-09 12:44:00,1697.5,1697.67,1697.5,1697.67,0.01,21.85,37192.81,1
2025-02-09,2025-02-09 12:45:00,1697.67,1697.83,1697.67,1697.83,0.01,21.85,37192.81,1
2025-02-09,2025-02-09 12:46:00,1697.83,1698.0,1697.83,1698.0,0.01,21.85,37192.81,1
2025-02-09,2025-02-09 12:47:00,1698.0,1698.16,1698.0,1698.16,0.01,21.85,37192.81,1
2025-02-09,2025-02-09 12:48:00,1698.16,1698.33,1698.16,1698.33,0.01,21.85,37192.81,1
2025-02-09,2025-02-09 12:49:00,1698.33,1698.5,1698.33,1698.5,0.01,21.85,37192.81,1
2025-02-09,2025-02-09 12:50:00,1698.5,1698.66,1698.5,1698.66,0.01,21.85,37192.81,1
2025-02-09,2025-02-09 12:51:00,1698.66,1698.83,1698.66,1698.83,0.01,21.85,37192.81,1
2025-02-09,2025-02-09 12:52:00,1698.83,1698.99,1698.83,1698.99,0.01,21.85,37192.81,1
2025-02-09,2025-02-09 12:53:00,1698.99,1699.16,1698.99,1699.16,0.01,21.85,37192.81,1
2025-02-09,2025-02-09 12:54:00,1699.16,1699.32,1699.16,1699.32,0.01,21.85,37192.81,1
2025-02-09,2025-02-09 12:55:00,1699.32,1699.49,1699.32,1699.49,0.01,21.85,37192.81,1
2025-02-09,2025-02-09 12:56:00,1699.49,1699.65,1699.49,1699.65,0.01,21.85,37192.81,1
2025-02-09,2025-02-09 12:57:00,1699.65,1699.82,1699.65,1699.82,0.01,21.85,37192.81,1
2025-02-09,2025-02-09 12:58:00,1699.82,1699.98,1699.82,1699.98,0.01,21.85,37192.81,1
2025-02-09,2025-02-09 12:59:00,1699.98,1700.15,1699.98,1700.15,0.01,21.85,37192.81,1
2025-02-09,2025-02-09 13:00:00,1700.15,1769.8,1676.0,1700.32,0.01,21.85,37192.81,1
2025-02-09,2025-02-09 13:01:00,1700.32,1700.48,1700.32,1700.48,0.01,21.85,37192.81,1
2025-02-09,2025-02-09 13:02:00,1700.48,1700.65,1700.48,1700.65,0.01,21.85,37192.81,1
2025-02-09,2025-02-09 13:03:00,1700.65,1700.81,1700.65,1700.81,0.01,21.85,37192.81,1
2025-02-09,2025-02-09 13:04:00,1700.81,1700.98,1700.81,1700.98,0.01,21.85,37192.81,1
2025-02-09,2025-02-09 13:05:00,1700.98,1701.14,1700.98,1701.14,0.01,21.85,37192.81,1
2025-02-09,2025-02-09 13:06:00,1701.14,1701.31,1701.14,1701.31,0.01,21.85,37192.81,1
2025-02-09,2025-02-09 13:07:00,1701.31,1701.47,1701.31,1701.47,0.01,21.85,37192.81,1
2025-02-09,2025-02-09 13:08:00,1701.47,1701.64,1701.47,1701.64,0.01,21.85,37192.81,1
2025-02-09,2025-02-09 13:09:00,1701.64,1701.8,1701.64,1701.8,0.01,21.85,37192.81,1
2025-02-09,2025-02-09 13:10:00,1701.8,1701.97,1701.8,1701.97,0.01,21.85,37192.81,1
2025-02-09,2025-02-09 13:11:00,1701.97,1702.13,1701.97,1702.13,0.01,21.85,37192.81,1
2025-02-09,2025-02-09 13:12:00,1702.13,1702.3,1702.13,1702.3,0.01,21.85,37192.81,1
2025-02-09,2025-02-09 13:13:00,1702.3,1702.47,1702.3,1702.47,0.01,21.85,37192.81,1
2025-02-09,2025-02-09 13:14:00,1702.47,1702.63,1702.47,1702.63,0.01,21.85,37192.81,1
2025-02-09,2025-02-09 13:15:00,1702.63,1702.8,1702.63,1702.8,0.01,21.85,37192.81,1
2025-02-09,2025-02-09 13:16:00,1702.8,1702.96,1702.8,1702.96,0.01,21.85,37192.81,1
2025-02-09,2025-02-09 13:17:00,1702.96,1703.13,1702.96,1703.13,0.01,21.85,37192.81,1
2025-02-09,2025-02-09 13:18:00,1703.13,1703.29,1703.13,1703.29,0.01,21.85,37192.81,1
2025-02-09,2025-02-09 13:19:00,1703.29,1703.46,1703.29,1703.46,0.01,21.85,37192.81,1
2025-02-09,2025-02-09 13:20:00,1703.46,1703.62,1703.46,1703.62,0.01,21.85,37192.81,1
2025-02-09,2025-02-09 13:21:00,1703.62,1703.79,1703.62,1703.79,0.01,21.85,37192.81,1
2025-02-09,2025-02-09 13:22:00,1703.79,1703.95,1703.79,1703.95,0.01,21.85,37192.81,1
2025-02-09,2025-02-09 13:23:00,1703.95,1704.12,1703.95,1704.12,0.01,21.85,37192.81,1
2025-02-09,2025-02-09 13:24:00,1704.12,1704.29,1704.12,1704.29,0.01,21.85,37192.81,1
2025-02-09,2025-02-09 13:25:00,1704.29,1704.45,1704.29,1704.45,0.01,21.85,37192.81,1
2025-02-09,2025-02-09 13:26:00,1704.45,1704.62,1704.45,1704.62,0.01,21.85,37192.81,1
2025-02-09,2025-02-09 13:27:00,1704.62,1704.78,1704.62,1704.78,0.01,21.85,37192.81,1
2025-02-09,2025-02-09 13:28:00,1704.78,1704.95,1704.78,1704.95,0.01,21.85,37192.81,1
2025-02-09,2025-02-09 13:29:00,1704.95,1705.11,1704.95,1705.11,0.01,21.85,37192.81,1
2025-02-09,2025-02-09 13:30:00,1705.11,1705.28,1705.11,1705.28,0.01,21.85,37192.81,1
2025-02-09,2025-02-09 13:31:00,1705.28,1705.44,1705.28,1705.44,0.01,21.85,37192.81,1
2025-02-09,2025-02-09 13:32:00,1705.44,1705.61,1705.44,1705.61,0.01,21.85,37192.81,1
2025-02-09,2025-02-09 13:33:00,1705.61,1705.77,1705.61,1705.77,0.01,21.85,37192.81,1
2025-02-09,2025-02-09 13:34:00,1705.77,1705.94,1705.77,1705.94,0.01,21.85,37192.81,1
2025-02-09,2025-02-09 13:35:00,1705.94,1706.11,1705.94,1706.11,0.01,21.85,37192.81,1
2025-02-09,2025-02-09 13:36:00,1706.11,1706.27,1706.11,1706.27,0.01,21.85,37192.81,1
2025-02-09,2025-02-09 13:37:00,1706.27,1706.44,1706.27,1706.44,0.01,21.85,37192.81,1
2025-02-09,2025-02-09 13:38:00,1706.44,1706.6,1706.44,1706.6,0.01,21.85,37192.81,1
2025-02-09,2025-02-09 13:39:00,1706.6,1706.77,1706.6,1706.77,0.01,21.85,37192.81,1
2025-02-09,2025-02-09 13:40:00,1706.77,1706.93,1706.77,1706.93,0.01,21.85,37192.81,1
2025-02-09,2025-02-09 13:41:00,1706.93,1707.1,1706.93,1707.1,0.01,21.85,37192.81,1
2025-02-09,2025-02-09 13:42:00,1707.1,1707.26,1707.1,1707.26,0.01,21.85,37192.81,1
2025-02-09,2025-02-09 13:43:00,1707.26,1707.43,1707.26,1707.43,0.01,21.85,37192.81,1
2025-02-09,2025-02-09 13:44:00,1707.43,1707.59,1707.43,1707.59,0.01,21.85,37192.81,1
2025-02-09,2025-02-09 13:45:00,1707.59,1707.76,1707.59,1707.76,0.01,21.85,37192.81,1
2025-02-09,2025-02-09 13:46:00,1707.76,1707.92,1707.76,1707.92,0.01,21.85,37192.81,1
2025-02-09,2025-02-09 13:47:00,1707.92,1708.09,1707.92,1708.09,0.01,21.85,37192.81,1
2025-02-09,2025-02-09 13:48:00,1708.09,1708.26,1708.09,1708.26,0.01,21.85,37192.81,1
2025-02-09,2025-02-09 13:49:00,1708.26,1708.42,1708.26,1708.42,0.01,21.85,37192.81,1
2025-02-09,2025-02-09 13:50:00,1708.42,1708.59,1708.42,1708.59,0.01,21.85,37192.81,1
2025-02-09,2025-02-09 13:51:00,1708.59,1708.75,1708.59,1708.75,0.01,21.85,37192.81,1
2025-02-09,2025-02-09 13:52:00,1708.75,1708.92,1708.75,1708.92,0.01,21.85,37192.81,1
2025-02-09,2025-02-09 13:53:00,1708.92,1709.08,1708.92,1709.08,0.01,21.85,37192.81,1
2025-02-09,2025-02-09 13:54:00,1709.08,1709.25,1709.08,1709.25,0.01,21.85,37192.81,1
2025-02-09,2025-02-09 13:55:00,1709.25,1709.41,1709.25,1709.41,0.01,21.85,37192.81,1
2025-02-09,2025-02-09 13:56:00,1709.41,1709.58,1709.41,1709.58,0.01,21.85,37192.81,1
2025-02-09,2025-02-09 13:57:00,1709.58,1709.74,1709.58,1709.74,0.01,21.85,37192.81,1
2025-02-09,2025-02-09 13:58:00,1709.74,1709.91,1709.74,1709.91,0.01,21.85,37192.81,1
2025-02-09,2025-02-09 13:59:00,1709.91,1710.08,1709.91,1710.08,0.01,21.85,37192.81,1
2025-02-09,2025-02-09 14:00:00,1710.08,1710.24,1710.08,1710.24,0.01,21.85,37192.81,1
2025-02-09,2025-02-09 14:01:00,1710.24,1710.41,1710.24,1710.41,0.01,21.85,37192.81,1
2025-02-09,2025-02-09 14:02:00,1710.41,1710.57,1710.41,1710.57,0.01,21.85,37192.81,1
2025-02-09,2025-02-09 14:03:00,1710.57,1710.74,1710.57,1710.74,0.01,21.85,37192.81,1
2025-02-09,2025-02-09 14:04:00,1710.74,1710.9,1710.74,1710.9,0.01,21.85,37192.81,1
2025-02-09,2025-02-09 14:05:00,1710.9,1711.07,1710.9,1711.07,0.01,21.85,37192.81,1
2025-02-09,2025-02-09 14:06:00,1711.07,1711.23,1711.07,1711.23,0.01,21.85,37192.81,1
2025-02-09,2025-02-09 14:07:00,1711.23,1711.4,1711.23,1711.4,0.01,21.85,37192.81,1
2025-02-09,2025-02-09 14:08:00,1711.4,1711.56,1711.4,1711.56,0.01,21.85,37192.81,1
2025-02-09,2025-02-09 14:09:00,1711.56,1711.73,1711.56,1711.73,0.01,21.85,37192.81,1
2025-02-09,2025-02-09 14:10:00,1711.73,1711.89,1711.73,1711.89,0.01,21.85,37192.81,1
2025-02-09,2025-02-09 14:11:00,1711.89,1712.06,1711.89,1712.06,0.01,21.85,37192.81,1
2025-02-09,2025-02-09 14:12:00,1712.06,1712.23,1712.06,1712.23,0.01,21.85,37192.81,1
2025-02-09,2025-02-09 14:13:00,1712.23,1712.39,1712.23,1712.39,0.01,21.85,37192.81,1
2025-02-09,2025-02-09 14:14:00,1712.39,1712.56,1712.39,1712.56,0.01,21.85,37192.81,1
2025-02-09,2025-02-09 14:15:00,1712.56,1712.72,1712.56,1712.72,0.01,21.85,37192.81,1
2025-02-09,2025-02-09 14:16:00,1712.72,1712.89,1712.72,1712.89,0.01,21.85,37192.81,1
2025-02-09,2025-02-09 14:17:00,1712.89,1713.05,1712.89,1713.05,0.01,21.85,37192.81,1
2025-02-09,2025-02-09 14:18:00,1713.05,1713.22,1713.05,1713.22,0.01,21.85,37192.81,1
2025-02-09,2025-02-09 14:19:00,1713.22,1713.38,1713.22,1713.38,0.01,21.85,37192.81,1
2025-02-09,2025-02-09 14:20:00,1713.38,1713.55,1713.38,1713.55,0.01,21.85,37192.81,1
2025-02-09,2025-02-09 14:21:00,1713.55,1713.71,1713.55,1713.71,0.01,21.85,37192.81,1
2025-02-09,2025-02-09 14:22:00,1713.71,1713.88,1713.71,1713.88,0.01,21.85,37192.81,1
2025-02-09,2025-02-09 14:23:00,1713.88,1714.05,1713.88,1714.05,0.01,21.85,37192.81,1
2025-02-09,2025-02-09 14:24:00,1714.05,1714.21,1714.05,1714.21,0.01,21.85,37192.81,1
2025-02-09,2025-02-09 14:25:00,1714.21,1714.38,1714.21,1714.38,0.01,21.85,37192.81,1
2025-02-09,2025-02-09 14:26:00,1714.38,1714.54,1714.38,1714.54,0.01,21.85,37192.81,1
2025-02-09,2025-02-09 14:27:00,1714.54,1714.71,1714.54,1714.71,0.01,21.85,37192.81,1
2025-02-09,2025-02-09 14:28:00,1714.71,1714.87,1714.71,1714.87,0.01,21.85,37192.81,1
2025-02-09,2025-02-09 14:29:00,1714.87,1715.04,1714.87,1715.04,0.01,21.85,37192.81,1
2025-02-09,2025-02-09 14:30:00,1715.04,1715.2,1715.04,1715.2,0.01,21.85,37192.81,1
2025-02-09,2025-02-09 14:31:00,1715.2,1715.37,1715.2,1715.37,0.01,21.85,37192.81,1
2025-02-09,2025-02-09 14:32:00,1715.37,1715.53,1715.37,1715.53,0.01,21.85,37192.81,1
2025-02-09,2025-02-09 14:33:00,1715.53,1715.7,1715.53,1715.7,0.01,21.85,37192.81,1
2025-02-09,2025-02-09 14:34:00,1715.7,1715.86,1715.7,1715.86,0.01,21.85,37192.81,1
2025-02-09,2025-02-09 14:35:00,1715.86,1716.03,1715.86,1716.03,0.01,21.85,37192.81,1
2025-02-09,2025-02-09 14:36:00,1716.03,1716.2,1716.03,1716.2,0.01,21.85,37192.81,1
2025-02-09,2025-02-09 14:37:00,1716.2,1716.36,1716.2,1716.36,0.01,21.85,37192.81,1
2025-02-09,2025-02-09 14:38:00,1716.36,1716.53,1716.36,1716.53,0.01,21.85,37192.81,1
2025-02-09,2025-02-09 14:39:00,1716.53,1716.69,1716.53,1716.69,0.01,21.85,37192.81,1
2025-02-09,2025-02-09 14:40:00,1716.69,1716.86,1716.69,1716.86,0.01,21.85,37192.81,1
2025-02-09,2025-02-09 14:41:00,1716.86,1717.02,1716.86,1717.02,0.01,21.85,37192.81,1
2025-02-09,2025-02-09 14:42:00,1717.02,1717.19,1717.02,1717.19,0.01,21.85,37192.81,1
2025-02-09,2025-02-09 14:43:00,1717.19,1717.35,1717.19,1717.35,0.01,21.85,37192.81,1
2025-02-09,2025-02-09 14:44:00,1717.35,1717.52,1717.35,1717.52,0.01,21.85,37192.81,1
2025-02-09,2025-02-09 14:45:00,1717.52,1717.68,1717.52,1717.68,0.01,21.85,37192.81,1
2025-02-09,2025-02-09 14:46:00,1717.68,1717.85,1717.68,1717.85,0.01,21.85,37192.81,1
2025-02-09,2025-02-09 14:47:00,1717.85,1718.02,1717.85,1718.02,0.01,21.85,37192.81,1
2025-02-09,2025-02-09 14:48:00,1718.02,1718.18,1718.02,1718.18,0.01,21.85,37192.81,1
2025-02-09,2025-02-09 14:49:00,1718.18,1718.35,1718.18,1718.35,0.01,21.85,37192.81,1
2025-02-09,2025-02-09 14:50:00,1718.35,1718.51,1718.35,1718.51,0.01,21.85,37192.81,1
2025-02-09,2025-02-09 14:51:00,1718.51,1718.68,1718.51,1718.68,0.01,21.85,37192.81,1
2025-02-09,2025-02-09 14:52:00,1718.68,1718.84,1718.68,1718.84,0.01,21.85,37192.81,1
2025-02-09,2025-02-09 14:53:00,1718.84,1719.01,1718.84,1719.01,0.01,21.85,37192.81,1
2025-02-09,2025-02-09 14:54:00,1719.01,1719.17,1719.01,1719.17,0.01,21.85,37192.81,1
2025-02-09,2025-02-09 14:55:00,1719.17,1719.34,1719.17,1719.34,0.01,21.85,37192.81,1
2025-02-09,2025-02-09 14:56:00,1719.34,1719.5,1719.34,1719.5,0.01,21.85,37192.81,1
2025-02-09,2025-02-09 14:57:00,1719.5,1719.67,1719.5,1719.67,0.01,21.85,37192.81,1
2025-02-09,2025-02-09 14:58:00,1719.67,1719.83,1719.67,1719.83,0.01,21.85,37192.81,1
2025-02-09,2025-02-09 14:59:00,1719.83,1720.0,1719.83,1720.0,0.01,21.85,37192.81,1
2025-02-09,2025-02-09 15:00:00,1720.0,1769.8,1676.0,1720.0,0.0,21.85,37192.81,0
2025-02-10,2025-02-10 11:00:00,1686.1,1702.27,1682.77,1686.22,0.01,34.27,58326.0,1
2025-02-10,2025-02-10 11:01:00,1686.22,1686.35,1686.22,1686.35,0.01,34.27,58326.0,1
2025-02-10,2025-02-10 11:02:00,1686.35,1686.47,1686.35,1686.47,0.01,34.27,58326.0,1
2025-02-10,2025-02-10 11:03:00,1686.47,1686.6,1686.47,1686.6,0.01,34.27,58326.0,1
2025-02-10,2025-02-10 11:04:00,1686.6,1686.72,1686.6,1686.72,0.01,34.27,58326.0,1
2025-02-10,2025-02-10 11:05:00,1686.72,1686.85,1686.72,1686.85,0.01,34.27,58326.0,1
2025-02-10,2025-02-10 11:06:00,1686.85,1686.97,1686.85,1686.97,0.01,34.27,58326.0,1
2025-02-10,2025-02-10 11:07:00,1686.97,1687.1,1686.97,1687.1,0.01,34.27,58326.0,1
2025-02-10,2025-02-10 11:08:00,1687.1,1687.22,1687.1,1687.22,0.01,34.27,58326.0,1
2025-02-10,2025-02-10 11:09:00,1687.22,1687.35,1687.22,1687.35,0.01,34.27,58326.0,1
2025-02-10,2025-02-10 11:10:00,1687.35,1687.47,1687.35,1687.47,0.01,34.27,58326.0,1
2025-02-10,2025-02-10 11:11:00,1687.47,1687.59,1687.47,1687.59,0.01,34.27,58326.0,1
2025-02-10,2025-02-10 11:12:00,1687.59,1687.72,1687.59,1687.72,0.01,34.27,58326.0,1
2025-02-10,2025-02-10 11:13:00,1687.72,1687.84,1687.72,1687.84,0.01,34.27,58326.0,1
2025-02-10,2025-02-10 11:14:00,1687.84,1687.97,1687.84,1687.97,0.01,34.27,58326.0,1
2025-02-10,2025-02-10 11:15:00,1687.97,1688.09,1687.97,1688.09,0.01,34.27,58326.0,1
2025-02-10,2025-02-10 11:16:00,1688.09,1688.22,1688.09,1688.22,0.01,34.27,58326.0,1
2025-02-10,2025-02-10 11:17:00,1688.22,1688.34,1688.22,1688.34,0.01,34.27,58326.0,1
2025-02-10,2025-02-10 11:18:00,1688.34,1688.47,1688.34,1688.47,0.01,34.27,58326.0,1
2025-02-10,2025-02-10 11:19:00,1688.47,1688.59,1688.47,1688.59,0.01,34.27,58326.0,1
2025-02-10,2025-02-10 11:20:00,1688.59,1688.72,1688.59,1688.72,0.01,34.27,58326.0,1
2025-02-10,2025-02-10 11:21:00,1688.72,1688.84,1688.72,1688.84,0.01,34.27,58326.0,1
2025-02-10,2025-02-10 11:22:00,1688.84,1688.97,1688.84,1688.97,0.01,34.27,58326.0,1
2025-02-10,2025-02-10 11:23:00,1688.97,1689.09,1688.97,1689.09,0.01,34.27,58326.0,1
2025-02-10,2025-02-10 11:24:00,1689.09,1689.21,1689.09,1689.21,0.01,34.27,58326.0,1
2025-02-10,2025-02-10 11:25:00,1689.21,1689.34,1689.21,1689.34,0.01,34.27,58326.0,1
2025-02-10,2025-02-10 11:26:00,1689.34,1689.46,1689.34,1689.46,0.01,34.27,58326.0,1
2025-02-10,2025-02-10 11:27:00,1689.46,1689.59,1689.46,1689.59,0.01,34.27,58326.0,1
2025-02-10,2025-02-10 11:28:00,1689.59,1689.71,1689.59,1689.71,0.01,34.27,58326.0,1
2025-02-10,2025-02-10 11:29:00,1689.71,1689.84,1689.71,1689.84,0.01,34.27,58326.0,1
2025-02-10,2025-02-10 11:30:00,1689.84,1689.96,1689.84,1689.96,0.01,34.27,58326.0,1
2025-02-10,2025-02-10 11:31:00,1689.96,1690.09,1689.96,1690.09,0.01,34.27,58326.0,1
2025-02-10,2025-02-10 11:32:00,1690.09,1690.21,1690.09,1690.21,0.01,34.27,58326.0,1
2025-02-10,2025-02-10 11:33:00,1690.21,1690.34,1690.21,1690.34,0.01,34.27,58326.0,1
2025-02-10,2025-02-10 11:34:00,1690.34,1690.46,1690.34,1690.46,0.01,34.27,58326.0,1
2025-02-10,2025-02-10 11:35:00,1690.46,1690.59,1690.46,1690.59,0.01,34.27,58326.0,1
2025-02-10,2025-02-10 11:36:00,1690.59,1690.71,1690.59,1690.71,0.01,34.27,58326.0,1
2025-02-10,2025-02-10 11:37:00,1690.71,1690.83,1690.71,1690.83,0.01,34.27,58326.0,1
2025-02-10,2025-02-10 11:38:00,1690.83,1690.96,1690.83,1690.96,0.01,34.27,58326.0,1
2025-02-10,2025-02-10 11:39:00,1690.96,1691.08,1690.96,1691.08,0.01,34.27,58326.0,1
2025-02-10,2025-02-10 11:40:00,1691.08,1691.21,1691.08,1691.21,0.01,34.27,58326.0,1
2025-02-10,2025-02-10 11:41:00,1691.21,1691.33,1691.21,1691.33,0.01,34.27,58326.0,1
2025-02-10,2025-02-10 11:42:00,1691.33,1691.46,1691.33,1691.46,0.01,34.27,58326.0,1
2025-02-10,2025-02-10 11:43:00,1691.46,1691.58,1691.46,1691.58,0.01,34.27,58326.0,1
2025-02-10,2025-02-10 11:44:00,1691.58,1691.71,1691.58,1691.71,0.01,34.27,58326.0,1
2025-02-10,2025-02-10 11:45:00,1691.71,1691.83,1691.71,1691.83,0.01,34.27,58326.0,1
2025-02-10,2025-02-10 11:46:00,1691.83,1691.96,1691.83,1691.96,0.01,34.27,58326.0,1
2025-02-10,2025-02-10 11:47:00,1691.96,1692.08,1691.96,1692.08,0.01,34.27,58326.0,1
2025-02-10,2025-02-10 11:48:00,1692.08,1692.2,1692.08,1692.2,0.01,34.27,58326.0,1
2025-02-10,2025-02-10 11:49:00,1692.2,1692.33,1692.2,1692.33,0.01,34.27,58326.0,1
2025-02-10,2025-02-10 11:50:00,1692.33,1692.45,1692.33,1692.45,0.01,34.27,58326.0,1
2025-02-10,2025-02-10 11:51:00,1692.45,1692.58,1692.45,1692.58,0.01,34.27,58326.0,1
2025-02-10,2025-02-10 11:52:00,1692.58,1692.7,1692.58,1692.7,0.01,34.27,58326.0,1
2025-02-10,2025-02-10 11:53:00,1692.7,1692.83,1692.7,1692.83,0.01,34.27,58326.0,1
2025-02-10,2025-02-10 11:54:00,1692.83,1692.95,1692.83,1692.95,0.01,34.27,58326.0,1
2025-02-10,2025-02-10 11:55:00,1692.95,1693.08,1692.95,1693.08,0.01,34.27,58326.0,1
2025-02-10,2025-02-10 11:56:00,1693.08,1693.2,1693.08,1693.2,0.01,34.27,58326.0,1
2025-02-10,2025-02-10 11:57:00,1693.2,1693.33,1693.2,1693.33,0.01,34.27,58326.0,1
2025-02-10,2025-02-10 11:58:00,1693.33,1693.45,1693.33,1693.45,0.01,34.27,58326.0,1
2025-02-10,2025-02-10 11:59:00,1693.45,1693.57,1693.45,1693.57,0.01,34.27,58326.0,1
2025-02-10,2025-02-10 12:00:00,1693.57,1693.7,1693.57,1693.7,0.01,34.27,58326.0,1
2025-02-10,2025-02-10 12:01:00,1693.7,1693.82,1693.7,1693.82,0.01,34.27,58326.0,1
2025-02-10,2025-02-10 12:02:00,1693.82,1693.95,1693.82,1693.95,0.01,34.27,58326.0,1
2025-02-10,2025-02-10 12:03:00,1693.95,1694.07,1693.95,1694.07,0.01,34.27,58326.0,1
2025-02-10,2025-02-10 12:04:00,1694.07,1694.2,1694.07,1694.2,0.01,34.27,58326.0,1
2025-02-10,2025-02-10 12:05:00,1694.2,1694.32,1694.2,1694.32,0.01,34.27,58326.0,1
2025-02-10,2025-02-10 12:06:00,1694.32,1694.45,1694.32,1694.45,0.01,34.27,58326.0,1
2025-02-10,2025-02-10 12:07:00,1694.45,1694.57,1694.45,1694.57,0.01,34.27,58326.0,1
2025-02-10,2025-02-10 12:08:00,1694.57,1694.7,1694.57,1694.7,0.01,34.27,58326.0,1
2025-02-10,2025-02-10 12:09:00,1694.7,1694.82,1694.7,1694.82,0.01,34.27,58326.0,1
2025-02-10,2025-02-10 12:10:00,1694.82,1694.95,1694.82,1694.95,0.01,34.27,58326.0,1
2025-02-10,2025-02-10 12:11:00,1694.95,1695.07,1694.95,1695.07,0.01,34.27,58326.0,1
2025-02-10,2025-02-10 12:12:00,1695.07,1695.19,1695.07,1695.19,0.01,34.27,58326.0,1
2025-02-10,2025-02-10 12:13:00,1695.19,1695.32,1695.19,1695.32,0.01,34.27,58326.0,1
2025-02-10,2025-02-10 12:14:00,1695.32,1695.44,1695.32,1695.44,0.01,34.27,58326.0,1
2025-02-10,2025-02-10 12:15:00,1695.44,1695.57,1695.44,1695.57,0.01,34.27,58326.0,1
2025-02-10,2025-02-10 12:16:00,1695.57,1695.69,1695.57,1695.69,0.01,34.27,58326.0,1
2025-02-10,2025-02-10 12:17:00,1695.69,1695.82,1695.69,1695.82,0.01,34.27,58326.0,1
2025-02-10,2025-02-10 12:18:00,1695.82,1695.94,1695.82,1695.94,0.01,34.27,58326.0,1
2025-02-10,2025-02-10 12:19:00,1695.94,1696.07,1695.94,1696.07,0.01,34.27,58326.0,1
2025-02-10,2025-02-10 12:20:00,1696.07,1696.19,1696.07,1696.19,0.01,34.27,58326.0,1
2025-02-10,2025-02-10 12:21:00,1696.19,1696.32,1696.19,1696.32,0.01,34.27,58326.0,1
2025-02-10,2025-02-10 12:22:00,1696.32,1696.44,1696.32,1696.44,0.01,34.27,58326.0,1
2025-02-10,2025-02-10 12:23:00,1696.44,1696.57,1696.44,1696.57,0.01,34.27,58326.0,1
2025-02-10,2025-02-10 12:24:00,1696.57,1696.69,1696.57,1696.69,0.01,34.27,58326.0,1
2025-02-10,2025-02-10 12:25:00,1696.69,1696.81,1696.69,1696.81,0.01,34.27,58326.0,1
2025-02-10,2025-02-10 12:26:00,1696.81,1696.94,1696.81,1696.94,0.01,34.27,58326.0,1
2025-02-10,2025-02-10 12:27:00,1696.94,1697.06,1696.94,1697.06,0.01,34.27,58326.0,1
2025-02-10,2025-02-10 12:28:00,1697.06,1697.19,1697.06,1697.19,0.01,34.27,58326.0,1
2025-02-10,2025-02-10 12:29:00,1697.19,1697.31,1697.19,1697.31,0.01,34.27,58326.0,1
2025-02-10,2025-02-10 12:30:00,1697.31,1697.44,1697.31,1697.44,0.01,34.27,58326.0,1
2025-02-10,2025-02-10 12:31:00,1697.44,1697.56,1697.44,1697.56,0.01,34.27,58326.0,1
2025-02-10,2025-02-10 12:32:00,1697.56,1697.69,1697.56,1697.69,0.01,34.27,58326.0,1
2025-02-10,2025-02-10 12:33:00,1697.69,1697.81,1697.69,1697.81,0.01,34.27,58326.0,1
2025-02-10,2025-02-10 12:34:00,1697.81,1697.94,1697.81,1697.94,0.01,34.27,58326.0,1
2025-02-10,2025-02-10 12:35:00,1697.94,1698.06,1697.94,1698.06,0.01,34.27,58326.0,1
2025-02-10,2025-02-10 12:36:00,1698.06,1698.18,1698.06,1698.18,0.01,34.27,58326.0,1
2025-02-10,2025-02-10 12:37:00,1698.18,1698.31,1698.18,1698.31,0.01,34.27,58326.0,1
2025-02-10,2025-02-10 12:38:00,1698.31,1698.43,1698.31,1698.43,0.01,34.27,58326.0,1
2025-02-10,2025-02-10 12:39:00,1698.43,1698.56,1698.43,1698.56,0.01,34.27,58326.0,1
2025-02-10,2025-02-10 12:40:00,1698.56,1698.68,1698.56,1698.68,0.01,34.27,58326.0,1
2025-02-10,2025-02-10 12:41:00,1698.68,1698.81,1698.68,1698.81,0.01,34.27,58326.0,1
2025-02-10,2025-02-10 12:42:00,1698.81,1698.93,1698.81,1698.93,0.01,34.27,58326.0,1
2025-02-10,2025-02-10 12:43:00,1698.93,1699.06,1698.93,1699.06,0.01,34.27,58326.0,1
2025-02-10,2025-02-10 12:44:00,1699.06,1699.18,1699.06,1699.18,0.01,34.27,58326.0,1
2025-02-10,2025-02-10 12:45:00,1699.18,1699.31,1699.18,1699.31,0.01,34.27,58326.0,1
2025-02-10,2025-02-10 12:46:00,1699.31,1699.43,1699.31,1699.43,0.01,34.27,58326.0,1
2025-02-10,2025-02-10 12:47:00,1699.43,1699.55,1699.43,1699.55,0.01,34.27,58326.0,1
2025-02-10,2025-02-10 12:48:00,1699.55,1699.68,1699.55,1699.68,0.01,34.27,58326.0,1
2025-02-10,2025-02-10 12:49:00,1699.68,1699.8,1699.68,1699.8,0.01,34.27,58326.0,1
2025-02-10,2025-02-10 12:50:00,1699.8,1699.93,1699.8,1699.93,0.01,34.27,58326.0,1
2025-02-10,2025-02-10 12:51:00,1699.93,1700.05,1699.93,1700.05,0.01,34.27,58326.0,1
2025-02-10,2025-02-10 12:52:00,1700.05,1700.18,1700.05,1700.18,0.01,34.27,58326.0,1
2025-02-10,2025-02-10 12:53:00,1700.18,1700.3,1700.18,1700.3,0.01,34.27,58326.0,1
2025-02-10,2025-02-10 12:54:00,1700.3,1700.43,1700.3,1700.43,0.01,34.27,58326.0,1
2025-02-10,2025-02-10 12:55:00,1700.43,1700.55,1700.43,1700.55,0.01,34.27,58326.0,1
2025-02-10,2025-02-10 12:56:00,1700.55,1700.68,1700.55,1700.68,0.01,34.27,58326.0,1
2025-02-10,2025-02-10 12:57:00,1700.68,1700.8,1700.68,1700.8,0.01,34.27,58326.0,1
2025-02-10,2025-02-10 12:58:00,1700.8,1700.93,1700.8,1700.93,0.01,34.27,58326.0,1
2025-02-10,2025-02-10 12:59:00,1700.93,1701.05,1700.93,1701.05,0.01,34.27,58326.0,1
2025-02-10,2025-02-10 13:00:00,1701.05,1740.0,1675.0,1701.17,0.01,34.27,58326.0,1
2025-02-10,2025-02-10 13:01:00,1701.17,1701.3,1701.17,1701.3,0.01,34.27,58326.0,1
2025-02-10,2025-02-10 13:02:00,1701.3,1701.42,1701.3,1701.42,0.01,34.27,58326.0,1
2025-02-10,2025-02-10 13:03:00,1701.42,1701.55,1701.42,1701.55,0.01,34.27,58326.0,1
2025-02-10,2025-02-10 13:04:00,1701.55,1701.67,1701.55,1701.67,0.01,34.27,58326.0,1
2025-02-10,2025-02-10 13:05:00,1701.67,1701.8,1701.67,1701.8,0.01,34.27,58326.0,1
2025-02-10,2025-02-10 13:06:00,1701.8,1701.92,1701.8,1701.92,0.01,34.27,58326.0,1
2025-02-10,2025-02-10 13:07:00,1701.92,1702.05,1701.92,1702.05,0.01,34.27,58326.0,1
2025-02-10,2025-02-10 13:08:00,1702.05,1702.17,1702.05,1702.17,0.01,34.27,58326.0,1
2025-02-10,2025-02-10 13:09:00,1702.17,1702.3,1702.17,1702.3,0.01,34.27,58326.0,1
2025-02-10,2025-02-10 13:10:00,1702.3,1702.42,1702.3,1702.42,0.01,34.27,58326.0,1
2025-02-10,2025-02-10 13:11:00,1702.42,1702.55,1702.42,1702.55,0.01,34.27,58326.0,1
2025-02-10,2025-02-10 13:12:00,1702.55,1702.67,1702.55,1702.67,0.01,34.27,58326.0,1
2025-02-10,2025-02-10 13:13:00,1702.67,1702.79,1702.67,1702.79,0.01,34.27,58326.0,1
2025-02-10,2025-02-10 13:14:00,1702.79,1702.92,1702.79,1702.92,0.01,34.27,58326.0,1
2025-02-10,2025-02-10 13:15:00,1702.92,1703.04,1702.92,1703.04,0.01,34.27,58326.0,1
2025-02-10,2025-02-10 13:16:00,1703.04,1703.17,1703.04,1703.17,0.01,34.27,58326.0,1
2025-02-10,2025-02-10 13:17:00,1703.17,1703.29,1703.17,1703.29,0.01,34.27,58326.0,1
2025-02-10,2025-02-10 13:18:00,1703.29,1703.42,1703.29,1703.42,0.01,34.27,58326.0,1
2025-02-10,2025-02-10 13:19:00,1703.42,1703.54,1703.42,1703.54,0.01,34.27,58326.0,1
2025-02-10,2025-02-10 13:20:00,1703.54,1703.67,1703.54,1703.67,0.01,34.27,58326.0,1
2025-02-10,2025-02-10 13:21:00,1703.67,1703.79,1703.67,1703.79,0.01,34.27,58326.0,1
2025-02-10,2025-02-10 13:22:00,1703.79,1703.92,1703.79,1703.92,0.01,34.27,58326.0,1
2025-02-10,2025-02-10 13:23:00,1703.92,1704.04,1703.92,1704.04,0.01,34.27,58326.0,1
2025-02-10,2025-02-10 13:24:00,1704.04,1704.16,1704.04,1704.16,0.01,34.27,58326.0,1
2025-02-10,2025-02-10 13:25:00,1704.16,1704.29,1704.16,1704.29,0.01,34.27,58326.0,1
2025-02-10,2025-02-10 13:26:00,1704.29,1704.41,1704.29,1704.41,0.01,34.27,58326.0,1
2025-02-10,2025-02-10 13:27:00,1704.41,1704.54,1704.41,1704.54,0.01,34.27,58326.0,1
2025-02-10,2025-02-10 13:28:00,1704.54,1704.66,1704.54,1704.66,0.01,34.27,58326.0,1
2025-02-10,2025-02-10 13:29:00,1704.66,1704.79,1704.66,1704.79,0.01,34.27,58326.0,1
2025-02-10,2025-02-10 13:30:00,1704.79,1704.91,1704.79,1704.91,0.01,34.27,58326.0,1
2025-02-10,2025-02-10 13:31:00,1704.91,1705.04,1704.91,1705.04,0.01,34.27,58326.0,1
2025-02-10,2025-02-10 13:32:00,1705.04,1705.16,1705.04,1705.16,0.01,34.27,58326.0,1
2025-02-10,2025-02-10 13:33:00,1705.16,1705.29,1705.16,1705.29,0.01,34.27,58326.0,1
2025-02-10,2025-02-10 13:34:00,1705.29,1705.41,1705.29,1705.41,0.01,34.27,58326.0,1
2025-02-10,2025-02-10 13:35:00,1705.41,1705.53,1705.41,1705.53,0.01,34.27,58326.0,1
2025-02-10,2025-02-10 13:36:00,1705.53,1705.66,1705.53,1705.66,0.01,34.27,58326.0,1
2025-02-10,2025-02-10 13:37:00,1705.66,1705.78,1705.66,1705.78,0.01,34.27,58326.0,1
2025-02-10,2025-02-10 13:38:00,1705.78,1705.91,1705.78,1705.91,0.01,34.27,58326.0,1
2025-02-10,2025-02-10 13:39:00,1705.91,1706.03,1705.91,1706.03,0.01,34.27,58326.0,1
2025-02-10,2025-02-10 13:40:00,1706.03,1706.16,1706.03,1706.16,0.01,34.27,58326.0,1
2025-02-10,2025-02-10 13:41:00,1706.16,1706.28,1706.16,1706.28,0.01,34.27,58326.0,1
2025-02-10,2025-02-10 13:42:00,1706.28,1706.41,1706.28,1706.41,0.01,34.27,58326.0,1
2025-02-10,2025-02-10 13:43:00,1706.41,1706.53,1706.41,1706.53,0.01,34.27,58326.0,1
2025-02-10,2025-02-10 13:44:00,1706.53,1706.66,1706.53,1706.66,0.01,34.27,58326.0,1
2025-02-10,2025-02-10 13:45:00,1706.66,1706.78,1706.66,1706.78,0.01,34.27,58326.0,1
2025-02-10,2025-02-10 13:46:00,1706.78,1706.91,1706.78,1706.91,0.01,34.27,58326.0,1
2025-02-10,2025-02-10 13:47:00,1706.91,1707.03,1706.91,1707.03,0.01,34.27,58326.0,1
2025-02-10,2025-02-10 13:48:00,1707.03,1707.15,1707.03,1707.15,0.01,34.27,58326.0,1
2025-02-10,2025-02-10 13:49:00,1707.15,1707.28,1707.15,1707.28,0.01,34.27,58326.0,1
2025-02-10,2025-02-10 13:50:00,1707.28,1707.4,1707.28,1707.4,0.01,34.27,58326.0,1
2025-02-10,2025-02-10 13:51:00,1707.4,1707.53,1707.4,1707.53,0.01,34.27,58326.0,1
2025-02-10,2025-02-10 13:52:00,1707.53,1707.65,1707.53,1707.65,0.01,34.27,58326.0,1
2025-02-10,2025-02-10 13:53:00,1707.65,1707.78,1707.65,1707.78,0.01,34.27,58326.0,1
2025-02-10,2025-02-10 13:54:00,1707.78,1707.9,1707.78,1707.9,0.01,34.27,58326.0,1
2025-02-10,2025-02-10 13:55:00,1707.9,1708.03,1707.9,1708.03,0.01,34.27,58326.0,1
2025-02-10,2025-02-10 13:56:00,1708.03,1708.15,1708.03,1708.15,0.01,34.27,58326.0,1
2025-02-10,2025-02-10 13:57:00,1708.15,1708.28,1708.15,1708.28,0.01,34.27,58326.0,1
2025-02-10,2025-02-10 13:58:00,1708.28,1708.4,1708.28,1708.4,0.01,34.27,58326.0,1
2025-02-10,2025-02-10 13:59:00,1708.4,1708.53,1708.4,1708.53,0.01,34.27,58326.0,1
2025-02-10,2025-02-10 14:00:00,1708.53,1708.65,1708.53,1708.65,0.01,34.27,58326.0,1
2025-02-10,2025-02-10 14:01:00,1708.65,1708.77,1708.65,1708.77,0.01,34.27,58326.0,1
2025-02-10,2025-02-10 14:02:00,1708.77,1708.9,1708.77,1708.9,0.01,34.27,58326.0,1
2025-02-10,2025-02-10 14:03:00,1708.9,1709.02,1708.9,1709.02,0.01,34.27,58326.0,1
2025-02-10,2025-02-10 14:04:00,1709.02,1709.15,1709.02,1709.15,0.01,34.27,58326.0,1
2025-02-10,2025-02-10 14:05:00,1709.15,1709.27,1709.15,1709.27,0.01,34.27,58326.0,1
2025-02-10,2025-02-10 14:06:00,1709.27,1709.4,1709.27,1709.4,0.01,34.27,58326.0,1
2025-02-10,2025-02-10 14:07:00,1709.4,1709.52,1709.4,1709.52,0.01,34.27,58326.0,1
2025-02-10,2025-02-10 14:08:00,1709.52,1709.65,1709.52,1709.65,0.01,34.27,58326.0,1
2025-02-10,2025-02-10 14:09:00,1709.65,1709.77,1709.65,1709.77,0.01,34.27,58326.0,1
2025-02-10,2025-02-10 14:10:00,1709.77,1709.9,1709.77,1709.9,0.01,34.27,58326.0,1
2025-02-10,2025-02-10 14:11:00,1709.9,1710.02,1709.9,1710.02,0.01,34.27,58326.0,1
2025-02-10,2025-02-10 14:12:00,1710.02,1710.14,1710.02,1710.14,0.01,34.27,58326.0,1
2025-02-10,2025-02-10 14:13:00,1710.14,1710.27,1710.14,1710.27,0.01,34.27,58326.0,1
2025-02-10,2025-02-10 14:14:00,1710.27,1710.39,1710.27,1710.39,0.01,34.27,58326.0,1
2025-02-10,2025-02-10 14:15:00,1710.39,1710.52,1710.39,1710.52,0.01,34.27,58326.0,1
2025-02-10,2025-02-10 14:16:00,1710.52,1710.64,1710.52,1710.64,0.01,34.27,58326.0,1
2025-02-10,2025-02-10 14:17:00,1710.64,1710.77,1710.64,1710.77,0.01,34.27,58326.0,1
2025-02-10,2025-02-10 14:18:00,1710.77,1710.89,1710.77,1710.89,0.01,34.27,58326.0,1
2025-02-10,2025-02-10 14:19:00,1710.89,1711.02,1710.89,1711.02,0.01,34.27,58326.0,1
2025-02-10,2025-02-10 14:20:00,1711.02,1711.14,1711.02,1711.14,0.01,34.27,58326.0,1
2025-02-10,2025-02-10 14:21:00,1711.14,1711.27,1711.14,1711.27,0.01,34.27,58326.0,1
2025-02-10,2025-02-10 14:22:00,1711.27,1711.39,1711.27,1711.39,0.01,34.27,58326.0,1
2025-02-10,2025-02-10 14:23:00,1711.39,1711.51,1711.39,1711.51,0.01,34.27,58326.0,1
2025-02-10,2025-02-10 14:24:00,1711.51,1711.64,1711.51,1711.64,0.01,34.27,58326.0,1
2025-02-10,2025-02-10 14:25:00,1711.64,1711.76,1711.64,1711.76,0.01,34.27,58326.0,1
2025-02-10,2025-02-10 14:26:00,1711.76,1711.89,1711.76,1711.89,0.01,34.27,58326.0,1
2025-02-10,2025-02-10 14:27:00,1711.89,1712.01,1711.89,1712.01,0.01,34.27,58326.0,1
2025-02-10,2025-02-10 14:28:00,1712.01,1712.14,1712.01,1712.14,0.01,34.27,58326.0,1
2025-02-10,2025-02-10 14:29:00,1712.14,1712.26,1712.14,1712.26,0.01,34.27,58326.0,1
2025-02-10,2025-02-10 14:30:00,1712.26,1712.39,1712.26,1712.39,0.01,34.27,58326.0,1
2025-02-10,2025-02-10 14:31:00,1712.39,1712.51,1712.39,1712.51,0.01,34.27,58326.0,1
2025-02-10,2025-02-10 14:32:00,1712.51,1712.64,1712.51,1712.64,0.01,34.27,58326.0,1
2025-02-10,2025-02-10 14:33:00,1712.64,1712.76,1712.64,1712.76,0.01,34.27,58326.0,1
2025-02-10,2025-02-10 14:34:00,1712.76,1712.89,1712.76,1712.89,0.01,34.27,58326.0,1
2025-02-10,2025-02-10 14:35:00,1712.89,1713.01,1712.89,1713.01,0.01,34.27,58326.0,1
2025-02-10,2025-02-10 14:36:00,1713.01,1713.13,1713.01,1713.13,0.01,34.27,58326.0,1
2025-02-10,2025-02-10 14:37:00,1713.13,1713.26,1713.13,1713.26,0.01,34.27,58326.0,1
2025-02-10,2025-02-10 14:38:00,1713.26,1713.38,1713.26,1713.38,0.01,34.27,58326.0,1
2025-02-10,2025-02-10 14:39:00,1713.38,1713.51,1713.38,1713.51,0.01,34.27,58326.0,1
2025-02-10,2025-02-10 14:40:00,1713.51,1713.63,1713.51,1713.63,0.01,34.27,58326.0,1
2025-02-10,2025-02-10 14:41:00,1713.63,1713.76,1713.63,1713.76,0.01,34.27,58326.0,1
2025-02-10,2025-02-10 14:42:00,1713.76,1713.88,1713.76,1713.88,0.01,34.27,58326.0,1
2025-02-10,2025-02-10 14:43:00,1713.88,1714.01,1713.88,1714.01,0.01,34.27,58326.0,1
2025-02-10,2025-02-10 14:44:00,1714.01,1714.13,1714.01,1714.13,0.01,34.27,58326.0,1
2025-02-10,2025-02-10 14:45:00,1714.13,1714.26,1714.13,1714.26,0.01,34.27,58326.0,1
2025-02-10,2025-02-10 14:46:00,1714.26,1714.38,1714.26,1714.38,0.01,34.27,58326.0,1
2025-02-10,2025-02-10 14:47:00,1714.38,1714.51,1714.38,1714.51,0.01,34.27,58326.0,1
2025-02-10,2025-02-10 14:48:00,1714.51,1714.63,1714.51,1714.63,0.01,34.27,58326.0,1
2025-02-10,2025-02-10 14:49:00,1714.63,1714.75,1714.63,1714.75,0.01,34.27,58326.0,1
2025-02-10,2025-02-10 14:50:00,1714.75,1714.88,1714.75,1714.88,0.01,34.27,58326.0,1
2025-02-10,2025-02-10 14:51:00,1714.88,1715.0,1714.88,1715.0,0.01,34.27,58326.0,1
2025-02-10,2025-02-10 14:52:00,1715.0,1715.13,1715.0,1715.13,0.01,34.27,58326.0,1
2025-02-10,2025-02-10 14:53:00,1715.13,1715.25,1715.13,1715.25,0.01,34.27,58326.0,1
2025-02-10,2025-02-10 14:54:00,1715.25,1715.38,1715.25,1715.38,0.01,34.27,58326.0,1
2025-02-10,2025-02-10 14:55:00,1715.38,1715.5,1715.38,1715.5,0.01,34.27,58326.0,1
2025-02-10,2025-02-10 14:56:00,1715.5,1715.63,1715.5,1715.63,0.01,34.27,58326.0,1
2025-02-10,2025-02-10 14:57:00,1715.63,1715.75,1715.63,1715.75,0.01,34.27,58326.0,1
2025-02-10,2025-02-10 14:58:00,1715.75,1715.88,1715.75,1715.88,0.01,34.27,58326.0,1
2025-02-10,2025-02-10 14:59:00,1715.88,1716.0,1715.88,1716.0,0.01,34.27,58326.0,1
2025-02-10,2025-02-10 15:00:00,1716.0,1740.0,1675.0,1716.0,0.0,34.27,58326.0,0
2025-02-11,2025-02-11 11:00:00,1691.0,1701.2,1685.3,1690.95,-0.0,9.93,16888.28,-1
2025-02-11,2025-02-11 11:01:00,1690.95,1690.95,1690.89,1690.89,-0.0,9.93,16888.28,-1
2025-02-11,2025-02-11 11:02:00,1690.89,1690.89,1690.84,1690.84,-0.0,9.93,16888.28,-1
2025-02-11,2025-02-11 11:03:00,1690.84,1690.84,1690.78,1690.78,-0.0,9.93,16888.28,-1
2025-02-11,2025-02-11 11:04:00,1690.78,1690.78,1690.73,1690.73,-0.0,9.93,16888.28,-1
2025-02-11,2025-02-11 11:05:00,1690.73,1690.73,1690.67,1690.67,-0.0,9.93,16888.28,-1
2025-02-11,2025-02-11 11:06:00,1690.67,1690.67,1690.62,1690.62,-0.0,9.93,16888.28,-1
2025-02-11,2025-02-11 11:07:00,1690.62,1690.62,1690.57,1690.57,-0.0,9.93,16888.28,-1
2025-02-11,2025-02-11 11:08:00,1690.57,1690.57,1690.51,1690.51,-0.0,9.93,16888.28,-1
2025-02-11,2025-02-11 11:09:00,1690.51,1690.51,1690.46,1690.46,-0.0,9.93,16888.28,-1
2025-02-11,2025-02-11 11:10:00,1690.46,1690.46,1690.4,1690.4,-0.0,9.93,16888.28,-1
2025-02-11,2025-02-11 11:11:00,1690.4,1690.4,1690.35,1690.35,-0.0,9.93,16888.28,-1
2025-02-11,2025-02-11 11:12:00,1690.35,1690.35,1690.3,1690.3,-0.0,9.93,16888.28,-1
2025-02-11,2025-02-11 11:13:00,1690.3,1690.3,1690.24,1690.24,-0.0,9.93,16888.28,-1
2025-02-11,2025-02-11 11:14:00,1690.24,1690.24,1690.19,1690.19,-0.0,9.93,16888.28,-1
2025-02-11,2025-02-11 11:15:00,1690.19,1690.19,1690.13,1690.13,-0.0,9.93,16888.28,-1
2025-02-11,2025-02-11 11:16:00,1690.13,1690.13,1690.08,1690.08,-0.0,9.93,16888.28,-1
2025-02-11,2025-02-11 11:17:00,1690.08,1690.08,1690.03,1690.03,-0.0,9.93,16888.28,-1
2025-02-11,2025-02-11 11:18:00,1690.03,1690.03,1689.97,1689.97,-0.0,9.93,16888.28,-1
2025-02-11,2025-02-11 11:19:00,1689.97,1689.97,1689.92,1689.92,-0.0,9.93,16888.28,-1
2025-02-11,2025-02-11 11:20:00,1689.92,1689.92,1689.86,1689.86,-0.0,9.93,16888.28,-1
2025-02-11,2025-02-11 11:21:00,1689.86,1689.86,1689.81,1689.81,-0.0,9.93,16888.28,-1
2025-02-11,2025-02-11 11:22:00,1689.81,1689.81,1689.75,1689.75,-0.0,9.93,16888.28,-1
2025-02-11,2025-02-11 11:23:00,1689.75,1689.75,1689.7,1689.7,-0.0,9.93,16888.28,-1
2025-02-11,2025-02-11 11:24:00,1689.7,1689.7,1689.65,1689.65,-0.0,9.93,16888.28,-1
2025-02-11,2025-02-11 11:25:00,1689.65,1689.65,1689.59,1689.59,-0.0,9.93,16888.28,-1
2025-02-11,2025-02-11 11:26:00,1689.59,1689.59,1689.54,1689.54,-0.0,9.93,16888.28,-1
2025-02-11,2025-02-11 11:27:00,1689.54,1689.54,1689.48,1689.48,-0.0,9.93,16888.28,-1
2025-02-11,2025-02-11 11:28:00,1689.48,1689.48,1689.43,1689.43,-0.0,9.93,16888.28,-1
2025-02-11,2025-02-11 11:29:00,1689.43,1689.43,1689.38,1689.38,-0.0,9.93,16888.28,-1
2025-02-11,2025-02-11 11:30:00,1689.38,1689.38,1689.32,1689.32,-0.0,9.93,16888.28,-1
2025-02-11,2025-02-11 11:31:00,1689.32,1689.32,1689.27,1689.27,-0.0,9.93,16888.28,-1
2025-02-11,2025-02-11 11:32:00,1689.27,1689.27,1689.21,1689.21,-0.0,9.93,16888.28,-1
2025-02-11,2025-02-11 11:33:00,1689.21,1689.21,1689.16,1689.16,-0.0,9.93,16888.28,-1
2025-02-11,2025-02-11 11:34:00,1689.16,1689.16,1689.1,1689.1,-0.0,9.93,16888.28,-1
2025-02-11,2025-02-11 11:35:00,1689.1,1689.1,1689.05,1689.05,-0.0,9.93,16888.28,-1
2025-02-11,2025-02-11 11:36:00,1689.05,1689.05,1689.0,1689.0,-0.0,9.93,16888.28,-1
2025-02-11,2025-02-11 11:37:00,1689.0,1689.0,1688.94,1688.94,-0.0,9.93,16888.28,-1
2025-02-11,2025-02-11 11:38:00,1688.94,1688.94,1688.89,1688.89,-0.0,9.93,16888.28,-1
2025-02-11,2025-02-11 11:39:00,1688.89,1688.89,1688.83,1688.83,-0.0,9.93,16888.28,-1
2025-02-11,2025-02-11 11:40:00,1688.83,1688.83,1688.78,1688.78,-0.0,9.93,16888.28,-1
2025-02-11,2025-02-11 11:41:00,1688.78,1688.78,1688.72,1688.72,-0.0,9.93,16888.28,-1
2025-02-11,2025-02-11 11:42:00,1688.72,1688.72,1688.67,1688.67,-0.0,9.93,16888.28,-1
2025-02-11,2025-02-11 11:43:00,1688.67,1688.67,1688.62,1688.62,-0.0,9.93,16888.28,-1
2025-02-11,2025-02-11 11:44:00,1688.62,1688.62,1688.56,1688.56,-0.0,9.93,16888.28,-1
2025-02-11,2025-02-11 11:45:00,1688.56,1688.56,1688.51,1688.51,-0.0,9.93,16888.28,-1
2025-02-11,2025-02-11 11:46:00,1688.51,1688.51,1688.45,1688.45,-0.0,9.93,16888.28,-1
2025-02-11,2025-02-11 11:47:00,1688.45,1688.45,1688.4,1688.4,-0.0,9.93,16888.28,-1
2025-02-11,2025-02-11 11:48:00,1688.4,1688.4,1688.35,1688.35,-0.0,9.93,16888.28,-1
2025-02-11,2025-02-11 11:49:00,1688.35,1688.35,1688.29,1688.29,-0.0,9.93,16888.28,-1
2025-02-11,2025-02-11 11:50:00,1688.29,1688.29,1688.24,1688.24,-0.0,9.93,16888.28,-1
2025-02-11,2025-02-11 11:51:00,1688.24,1688.24,1688.18,1688.18,-0.0,9.93,16888.28,-1
2025-02-11,2025-02-11 11:52:00,1688.18,1688.18,1688.13,1688.13,-0.0,9.93,16888.28,-1
2025-02-11,2025-02-11 11:53:00,1688.13,1688.13,1688.08,1688.08,-0.0,9.93,16888.28,-1
2025-02-11,2025-02-11 11:54:00,1688.08,1688.08,1688.02,1688.02,-0.0,9.93,16888.28,-1
2025-02-11,2025-02-11 11:55:00,1688.02,1688.02,1687.97,1687.97,-0.0,9.93,16888.28,-1
2025-02-11,2025-02-11 11:56:00,1687.97,1687.97,1687.91,1687.91,-0.0,9.93,16888.28,-1
2025-02-11,2025-02-11 11:57:00,1687.91,1687.91,1687.86,1687.86,-0.0,9.93,16888.28,-1
2025-02-11,2025-02-11 11:58:00,1687.86,1687.86,1687.8,1687.8,-0.0,9.93,16888.28,-1
2025-02-11,2025-02-11 11:59:00,1687.8,1687.8,1687.75,1687.75,-0.0,9.93,16888.28,-1
2025-02-11,2025-02-11 12:00:00,1687.75,1687.75,1687.7,1687.7,-0.0,9.93,16888.28,-1
2025-02-11,2025-02-11 12:01:00,1687.7,1687.7,1687.64,1687.64,-0.0,9.93,16888.28,-1
2025-02-11,2025-02-11 12:02:00,1687.64,1687.64,1687.59,1687.59,-0.0,9.93,16888.28,-1
2025-02-11,2025-02-11 12:03:00,1687.59,1687.59,1687.53,1687.53,-0.0,9.93,16888.28,-1
2025-02-11,2025-02-11 12:04:00,1687.53,1687.53,1687.48,1687.48,-0.0,9.93,16888.28,-1
2025-02-11,2025-02-11 12:05:00,1687.48,1687.48,1687.42,1687.42,-0.0,9.93,16888.28,-1
2025-02-11,2025-02-11 12:06:00,1687.42,1687.42,1687.37,1687.37,-0.0,9.93,16888.28,-1
2025-02-11,2025-02-11 12:07:00,1687.37,1687.37,1687.32,1687.32,-0.0,9.93,16888.28,-1
2025-02-11,2025-02-11 12:08:00,1687.32,1687.32,1687.26,1687.26,-0.0,9.93,16888.28,-1
2025-02-11,2025-02-11 12:09:00,1687.26,1687.26,1687.21,1687.21,-0.0,9.93,16888.28,-1
2025-02-11,2025-02-11 12:10:00,1687.21,1687.21,1687.15,1687.15,-0.0,9.93,16888.28,-1
2025-02-11,2025-02-11 12:11:00,1687.15,1687.15,1687.1,1687.1,-0.0,9.93,16888.28,-1
2025-02-11,2025-02-11 12:12:00,1687.1,1687.1,1687.05,1687.05,-0.0,9.93,16888.28,-1
2025-02-11,2025-02-11 12:13:00,1687.05,1687.05,1686.99,1686.99,-0.0,9.93,16888.28,-1
2025-02-11,2025-02-11 12:14:00,1686.99,1686.99,1686.94,1686.94,-0.0,9.93,16888.28,-1
2025-02-11,2025-02-11 12:15:00,1686.94,1686.94,1686.88,1686.88,-0.0,9.93,16888.28,-1
2025-02-11,2025-02-11 12:16:00,1686.88,1686.88,1686.83,1686.83,-0.0,9.93,16888.28,-1
2025-02-11,2025-02-11 12:17:00,1686.83,1686.83,1686.78,1686.78,-0.0,9.93,16888.28,-1
2025-02-11,2025-02-11 12:18:00,1686.78,1686.78,1686.72,1686.72,-0.0,9.93,16888.28,-1
2025-02-11,2025-02-11 12:19:00,1686.72,1686.72,1686.67,1686.67,-0.0,9.93,16888.28,-1
2025-02-11,2025-02-11 12:20:00,1686.67,1686.67,1686.61,1686.61,-0.0,9.93,16888.28,-1
2025-02-11,2025-02-11 12:21:00,1686.61,1686.61,1686.56,1686.56,-0.0,9.93,16888.28,-1
2025-02-11,2025-02-11 12:22:00,1686.56,1686.56,1686.5,1686.5,-0.0,9.93,16888.28,-1
2025-02-11,2025-02-11 12:23:00,1686.5,1686.5,1686.45,1686.45,-0.0,9.93,16888.28,-1
2025-02-11,2025-02-11 12:24:00,1686.45,1686.45,1686.4,1686.4,-0.0,9.93,16888.28,-1
2025-02-11,2025-02-11 12:25:00,1686.4,1686.4,1686.34,1686.34,-0.0,9.93,16888.28,-1
2025-02-11,2025-02-11 12:26:00,1686.34,1686.34,1686.29,1686.29,-0.0,9.93,16888.28,-1
2025-02-11,2025-02-11 12:27:00,1686.29,1686.29,1686.23,1686.23,-0.0,9.93,16888.28,-1
2025-02-11,2025-02-11 12:28:00,1686.23,1686.23,1686.18,1686.18,-0.0,9.93,16888.28,-1
2025-02-11,2025-02-11 12:29:00,1686.18,1686.18,1686.12,1686.12,-0.0,9.93,16888.28,-1
2025-02-11,2025-02-11 12:30:00,1686.12,1686.12,1686.07,1686.07,-0.0,9.93,16888.28,-1
2025-02-11,2025-02-11 12:31:00,1686.07,1686.07,1686.02,1686.02,-0.0,9.93,16888.28,-1
2025-02-11,2025-02-11 12:32:00,1686.02,1686.02,1685.96,1685.96,-0.0,9.93,16888.28,-1
2025-02-11,2025-02-11 12:33:00,1685.96,1685.96,1685.91,1685.91,-0.0,9.93,16888.28,-1
2025-02-11,2025-02-11 12:34:00,1685.91,1685.91,1685.85,1685.85,-0.0,9.93,16888.28,-1
2025-02-11,2025-02-11 12:35:00,1685.85,1685.85,1685.8,1685.8,-0.0,9.93,16888.28,-1
2025-02-11,2025-02-11 12:36:00,1685.8,1685.8,1685.75,1685.75,-0.0,9.93,16888.28,-1
2025-02-11,2025-02-11 12:37:00,1685.75,1685.75,1685.69,1685.69,-0.0,9.93,16888.28,-1
2025-02-11,2025-02-11 12:38:00,1685.69,1685.69,1685.64,1685.64,-0.0,9.93,16888.28,-1
2025-02-11,2025-02-11 12:39:00,1685.64,1685.64,1685.58,1685.58,-0.0,9.93,16888.28,-1
2025-02-11,2025-02-11 12:40:00,1685.58,1685.58,1685.53,1685.53,-0.0,9.93,16888.28,-1
2025-02-11,2025-02-11 12:41:00,1685.53,1685.53,1685.47,1685.47,-0.0,9.93,16888.28,-1
2025-02-11,2025-02-11 12:42:00,1685.47,1685.47,1685.42,1685.42,-0.0,9.93,16888.28,-1
2025-02-11,2025-02-11 12:43:00,1685.42,1685.42,1685.37,1685.37,-0.0,9.93,16888.28,-1
2025-02-11,2025-02-11 12:44:00,1685.37,1685.37,1685.31,1685.31,-0.0,9.93,16888.28,-1
2025-02-11,2025-02-11 12:45:00,1685.31,1685.31,1685.26,1685.26,-0.0,9.93,16888.28,-1
2025-02-11,2025-02-11 12:46:00,1685.26,1685.26,1685.2,1685.2,-0.0,9.93,16888.28,-1
2025-02-11,2025-02-11 12:47:00,1685.2,1685.2,1685.15,1685.15,-0.0,9.93,16888.28,-1
2025-02-11,2025-02-11 12:48:00,1685.15,1685.15,1685.1,1685.1,-0.0,9.93,16888.28,-1
2025-02-11,2025-02-11 12:49:00,1685.1,1685.1,1685.04,1685.04,-0.0,9.93,16888.28,-1
2025-02-11,2025-02-11 12:50:00,1685.04,1685.04,1684.99,1684.99,-0.0,9.93,16888.28,-1
2025-02-11,2025-02-11 12:51:00,1684.99,1684.99,1684.93,1684.93,-0.0,9.93,16888.28,-1
2025-02-11,2025-02-11 12:52:00,1684.93,1684.93,1684.88,1684.88,-0.0,9.93,16888.28,-1
2025-02-11,2025-02-11 12:53:00,1684.88,1684.88,1684.83,1684.83,-0.0,9.93,16888.28,-1
2025-02-11,2025-02-11 12:54:00,1684.83,1684.83,1684.77,1684.77,-0.0,9.93,16888.28,-1
2025-02-11,2025-02-11 12:55:00,1684.77,1684.77,1684.72,1684.72,-0.0,9.93,16888.28,-1
2025-02-11,2025-02-11 12:56:00,1684.72,1684.72,1684.66,1684.66,-0.0,9.93,16888.28,-1
2025-02-11,2025-02-11 12:57:00,1684.66,1684.66,1684.61,1684.61,-0.0,9.93,16888.28,-1
2025-02-11,2025-02-11 12:58:00,1684.61,1684.61,1684.55,1684.55,-0.0,9.93,16888.28,-1
2025-02-11,2025-02-11 12:59:00,1684.55,1684.55,1684.5,1684.5,-0.0,9.93,16888.28,-1
2025-02-11,2025-02-11 13:00:00,1684.5,1725.0,1672.0,1684.45,-0.0,9.93,16888.28,-1
2025-02-11,2025-02-11 13:01:00,1684.45,1684.45,1684.39,1684.39,-0.0,9.93,16888.28,-1
2025-02-11,2025-02-11 13:02:00,1684.39,1684.39,1684.34,1684.34,-0.0,9.93,16888.28,-1
2025-02-11,2025-02-11 13:03:00,1684.34,1684.34,1684.28,1684.28,-0.0,9.93,16888.28,-1
2025-02-11,2025-02-11 13:04:00,1684.28,1684.28,1684.23,1684.23,-0.0,9.93,16888.28,-1
2025-02-11,2025-02-11 13:05:00,1684.23,1684.23,1684.17,1684.17,-0.0,9.93,16888.28,-1
2025-02-11,2025-02-11 13:06:00,1684.17,1684.17,1684.12,1684.12,-0.0,9.93,16888.28,-1
2025-02-11,2025-02-11 13:07:00,1684.12,1684.12,1684.07,1684.07,-0.0,9.93,16888.28,-1
2025-02-11,2025-02-11 13:08:00,1684.07,1684.07,1684.01,1684.01,-0.0,9.93,16888.28,-1
2025-02-11,2025-02-11 13:09:00,1684.01,1684.01,1683.96,1683.96,-0.0,9.93,16888.28,-1
2025-02-11,2025-02-11 13:10:00,1683.96,1683.96,1683.9,1683.9,-0.0,9.93,16888.28,-1
2025-02-11,2025-02-11 13:11:00,1683.9,1683.9,1683.85,1683.85,-0.0,9.93,16888.28,-1
2025-02-11,2025-02-11 13:12:00,1683.85,1683.85,1683.8,1683.8,-0.0,9.93,16888.28,-1
2025-02-11,2025-02-11 13:13:00,1683.8,1683.8,1683.74,1683.74,-0.0,9.93,16888.28,-1
2025-02-11,2025-02-11 13:14:00,1683.74,1683.74,1683.69,1683.69,-0.0,9.93,16888.28,-1
2025-02-11,2025-02-11 13:15:00,1683.69,1683.69,1683.63,1683.63,-0.0,9.93,16888.28,-1
2025-02-11,2025-02-11 13:16:00,1683.63,1683.63,1683.58,1683.58,-0.0,9.93,16888.28,-1
2025-02-11,2025-02-11 13:17:00,1683.58,1683.58,1683.53,1683.53,-0.0,9.93,16888.28,-1
2025-02-11,2025-02-11 13:18:00,1683.53,1683.53,1683.47,1683.47,-0.0,9.93,16888.28,-1
2025-02-11,2025-02-11 13:19:00,1683.47,1683.47,1683.42,1683.42,-0.0,9.93,16888.28,-1
2025-02-11,2025-02-11 13:20:00,1683.42,1683.42,1683.36,1683.36,-0.0,9.93,16888.28,-1
2025-02-11,2025-02-11 13:21:00,1683.36,1683.36,1683.31,1683.31,-0.0,9.93,16888.28,-1
2025-02-11,2025-02-11 13:22:00,1683.31,1683.31,1683.25,1683.25,-0.0,9.93,16888.28,-1
2025-02-11,2025-02-11 13:23:00,1683.25,1683.25,1683.2,1683.2,-0.0,9.93,16888.28,-1
2025-02-11,2025-02-11 13:24:00,1683.2,1683.2,1683.15,1683.15,-0.0,9.93,16888.28,-1
2025-02-11,2025-02-11 13:25:00,1683.15,1683.15,1683.09,1683.09,-0.0,9.93,16888.28,-1
2025-02-11,2025-02-11 13:26:00,1683.09,1683.09,1683.04,1683.04,-0.0,9.93,16888.28,-1
2025-02-11,2025-02-11 13:27:00,1683.04,1683.04,1682.98,1682.98,-0.0,9.93,16888.28,-1
2025-02-11,2025-02-11 13:28:00,1682.98,1682.98,1682.93,1682.93,-0.0,9.93,16888.28,-1
2025-02-11,2025-02-11 13:29:00,1682.93,1682.93,1682.88,1682.88,-0.0,9.93,16888.28,-1
2025-02-11,2025-02-11 13:30:00,1682.88,1682.88,1682.82,1682.82,-0.0,9.93,16888.28,-1
2025-02-11,2025-02-11 13:31:00,1682.82,1682.82,1682.77,1682.77,-0.0,9.93,16888.28,-1
2025-02-11,2025-02-11 13:32:00,1682.77,1682.77,1682.71,1682.71,-0.0,9.93,16888.28,-1
2025-02-11,2025-02-11 13:33:00,1682.71,1682.71,1682.66,1682.66,-0.0,9.93,16888.28,-1
2025-02-11,2025-02-11 13:34:00,1682.66,1682.66,1682.6,1682.6,-0.0,9.93,16888.28,-1
2025-02-11,2025-02-11 13:35:00,1682.6,1682.6,1682.55,1682.55,-0.0,9.93,16888.28,-1
2025-02-11,2025-02-11 13:36:00,1682.55,1682.55,1682.5,1682.5,-0.0,9.93,16888.28,-1
2025-02-11,2025-02-11 13:37:00,1682.5,1682.5,1682.44,1682.44,-0.0,9.93,16888.28,-1
2025-02-11,2025-02-11 13:38:00,1682.44,1682.44,1682.39,1682.39,-0.0,9.93,16888.28,-1
2025-02-11,2025-02-11 13:39:00,1682.39,1682.39,1682.33,1682.33,-0.0,9.93,16888.28,-1
2025-02-11,2025-02-11 13:40:00,1682.33,1682.33,1682.28,1682.28,-0.0,9.93,16888.28,-1
2025-02-11,2025-02-11 13:41:00,1682.28,1682.28,1682.22,1682.22,-0.0,9.93,16888.28,-1
2025-02-11,2025-02-11 13:42:00,1682.22,1682.22,1682.17,1682.17,-0.0,9.93,16888.28,-1
2025-02-11,2025-02-11 13:43:00,1682.17,1682.17,1682.12,1682.12,-0.0,9.93,16888.28,-1
2025-02-11,2025-02-11 13:44:00,1682.12,1682.12,1682.06,1682.06,-0.0,9.93,16888.28,-1
2025-02-11,2025-02-11 13:45:00,1682.06,1682.06,1682.01,1682.01,-0.0,9.93,16888.28,-1
2025-02-11,2025-02-11 13:46:00,1682.01,1682.01,1681.95,1681.95,-0.0,9.93,16888.28,-1
2025-02-11,2025-02-11 13:47:00,1681.95,1681.95,1681.9,1681.9,-0.0,9.93,16888.28,-1
2025-02-11,2025-02-11 13:48:00,1681.9,1681.9,1681.85,1681.85,-0.0,9.93,16888.28,-1
2025-02-11,2025-02-11 13:49:00,1681.85,1681.85,1681.79,1681.79,-0.0,9.93,16888.28,-1
2025-02-11,2025-02-11 13:50:00,1681.79,1681.79,1681.74,1681.74,-0.0,9.93,16888.28,-1
2025-02-11,2025-02-11 13:51:00,1681.74,1681.74,1681.68,1681.68,-0.0,9.93,16888.28,-1
2025-02-11,2025-02-11 13:52:00,1681.68,1681.68,1681.63,1681.63,-0.0,9.93,16888.28,-1
2025-02-11,2025-02-11 13:53:00,1681.63,1681.63,1681.58,1681.58,-0.0,9.93,16888.28,-1
2025-02-11,2025-02-11 13:54:00,1681.58,1681.58,1681.52,1681.52,-0.0,9.93,16888.28,-1
2025-02-11,2025-02-11 13:55:00,1681.52,1681.52,1681.47,1681.47,-0.0,9.93,16888.28,-1
2025-02-11,2025-02-11 13:56:00,1681.47,1681.47,1681.41,1681.41,-0.0,9.93,16888.28,-1
2025-02-11,2025-02-11 13:57:00,1681.41,1681.41,1681.36,1681.36,-0.0,9.93,16888.28,-1
2025-02-11,2025-02-11 13:58:00,1681.36,1681.36,1681.3,1681.3,-0.0,9.93,16888.28,-1
2025-02-11,2025-02-11 13:59:00,1681.3,1681.3,1681.25,1681.25,-0.0,9.93,16888.28,-1
2025-02-11,2025-02-11 14:00:00,1681.25,1681.25,1681.2,1681.2,-0.0,9.93,16888.28,-1
2025-02-11,2025-02-11 14:01:00,1681.2,1681.2,1681.14,1681.14,-0.0,9.93,16888.28,-1
2025-02-11,2025-02-11 14:02:00,1681.14,1681.14,1681.09,1681.09,-0.0,9.93,16888.28,-1
2025-02-11,2025-02-11 14:03:00,1681.09,1681.09,1681.03,1681.03,-0.0,9.93,16888.28,-1
2025-02-11,2025-02-11 14:04:00,1681.03,1681.03,1680.98,1680.98,-0.0,9.93,16888.28,-1
2025-02-11,2025-02-11 14:05:00,1680.98,1680.98,1680.92,1680.92,-0.0,9.93,16888.28,-1
2025-02-11,2025-02-11 14:06:00,1680.92,1680.92,1680.87,1680.87,-0.0,9.93,16888.28,-1
2025-02-11,2025-02-11 14:07:00,1680.87,1680.87,1680.82,1680.82,-0.0,9.93,16888.28,-1
2025-02-11,2025-02-11 14:08:00,1680.82,1680.82,1680.76,1680.76,-0.0,9.93,16888.28,-1
2025-02-11,2025-02-11 14:09:00,1680.76,1680.76,1680.71,1680.71,-0.0,9.93,16888.28,-1
2025-02-11,2025-02-11 14:10:00,1680.71,1680.71,1680.65,1680.65,-0.0,9.93,16888.28,-1
2025-02-11,2025-02-11 14:11:00,1680.65,1680.65,1680.6,1680.6,-0.0,9.93,16888.28,-1
2025-02-11,2025-02-11 14:12:00,1680.6,1680.6,1680.55,1680.55,-0.0,9.93,16888.28,-1
2025-02-11,2025-02-11 14:13:00,1680.55,1680.55,1680.49,1680.49,-0.0,9.93,16888.28,-1
2025-02-11,2025-02-11 14:14:00,1680.49,1680.49,1680.44,1680.44,-0.0,9.93,16888.28,-1
2025-02-11,2025-02-11 14:15:00,1680.44,1680.44,1680.38,1680.38,-0.0,9.93,16888.28,-1
2025-02-11,2025-02-11 14:16:00,1680.38,1680.38,1680.33,1680.33,-0.0,9.93,16888.28,-1
2025-02-11,2025-02-11 14:17:00,1680.33,1680.33,1680.28,1680.28,-0.0,9.93,16888.28,-1
2025-02-11,2025-02-11 14:18:00,1680.28,1680.28,1680.22,1680.22,-0.0,9.93,16888.28,-1
2025-02-11,2025-02-11 14:19:00,1680.22,1680.22,1680.17,1680.17,-0.0,9.93,16888.28,-1
2025-02-11,2025-02-11 14:20:00,1680.17,1680.17,1680.11,1680.11,-0.0,9.93,16888.28,-1
2025-02-11,2025-02-11 14:21:00,1680.11,1680.11,1680.06,1680.06,-0.0,9.93,16888.28,-1
2025-02-11,2025-02-11 14:22:00,1680.06,1680.06,1680.0,1680.0,-0.0,9.93,16888.28,-1
2025-02-11,2025-02-11 14:23:00,1680.0,1680.0,1679.95,1679.95,-0.0,9.93,16888.28,-1
2025-02-11,2025-02-11 14:24:00,1679.95,1679.95,1679.9,1679.9,-0.0,9.93,16888.28,-1
2025-02-11,2025-02-11 14:25:00,1679.9,1679.9,1679.84,1679.84,-0.0,9.93,16888.28,-1
2025-02-11,2025-02-11 14:26:00,1679.84,1679.84,1679.79,1679.79,-0.0,9.93,16888.28,-1
2025-02-11,2025-02-11 14:27:00,1679.79,1679.79,1679.73,1679.73,-0.0,9.93,16888.28,-1
2025-02-11,2025-02-11 14:28:00,1679.73,1679.73,1679.68,1679.68,-0.0,9.93,16888.28,-1
2025-02-11,2025-02-11 14:29:00,1679.68,1679.68,1679.62,1679.62,-0.0,9.93,16888.28,-1
2025-02-11,2025-02-11 14:30:00,1679.62,1679.62,1679.57,1679.57,-0.0,9.93,16888.28,-1
2025-02-11,2025-02-11 14:31:00,1679.57,1679.57,1679.52,1679.52,-0.0,9.93,16888.28,-1
2025-02-11,2025-02-11 14:32:00,1679.52,1679.52,1679.46,1679.46,-0.0,9.93,16888.28,-1
2025-02-11,2025-02-11 14:33:00,1679.46,1679.46,1679.41,1679.41,-0.0,9.93,16888.28,-1
2025-02-11,2025-02-11 14:34:00,1679.41,1679.41,1679.35,1679.35,-0.0,9.93,16888.28,-1
2025-02-11,2025-02-11 14:35:00,1679.35,1679.35,1679.3,1679.3,-0.0,9.93,16888.28,-1
2025-02-11,2025-02-11 14:36:00,1679.3,1679.3,1679.25,1679.25,-0.0,9.93,16888.28,-1
2025-02-11,2025-02-11 14:37:00,1679.25,1679.25,1679.19,1679.19,-0.0,9.93,16888.28,-1
2025-02-11,2025-02-11 14:38:00,1679.19,1679.19,1679.14,1679.14,-0.0,9.93,16888.28,-1
2025-02-11,2025-02-11 14:39:00,1679.14,1679.14,1679.08,1679.08,-0.0,9.93,16888.28,-1
2025-02-11,2025-02-11 14:40:00,1679.08,1679.08,1679.03,1679.03,-0.0,9.93,16888.28,-1
2025-02-11,2025-02-11 14:41:00,1679.03,1679.03,1678.97,1678.97,-0.0,9.93,16888.28,-1
2025-02-11,2025-02-11 14:42:00,1678.97,1678.97,1678.92,1678.92,-0.0,9.93,16888.28,-1
2025-02-11,2025-02-11 14:43:00,1678.92,1678.92,1678.87,1678.87,-0.0,9.93,16888.28,-1
2025-02-11,2025-02-11 14:44:00,1678.87,1678.87,1678.81,1678.81,-0.0,9.93,16888.28,-1
2025-02-11,2025-02-11 14:45:00,1678.81,1678.81,1678.76,1678.76,-0.0,9.93,16888.28,-1
2025-02-11,2025-02-11 14:46:00,1678.76,1678.76,1678.7,1678.7,-0.0,9.93,16888.28,-1
2025-02-11,2025-02-11 14:47:00,1678.7,1678.7,1678.65,1678.65,-0.0,9.93,16888.28,-1
2025-02-11,2025-02-11 14:48:00,1678.65,1678.65,1678.6,1678.6,-0.0,9.93,16888.28,-1
2025-02-11,2025-02-11 14:49:00,1678.6,1678.6,1678.54,1678.54,-0.0,9.93,16888.28,-1
2025-02-11,2025-02-11 14:50:00,1678.54,1678.54,1678.49,1678.49,-0.0,9.93,16888.28,-1
2025-02-11,2025-02-11 14:51:00,1678.49,1678.49,1678.43,1678.43,-0.0,9.93,16888.28,-1
2025-02-11,2025-02-11 14:52:00,1678.43,1678.43,1678.38,1678.38,-0.0,9.93,16888.28,-1
2025-02-11,2025-02-11 14:53:00,1678.38,1678.38,1678.33,1678.33,-0.0,9.93,16888.28,-1
2025-02-11,2025-02-11 14:54:00,1678.33,1678.33,1678.27,1678.27,-0.0,9.93,16888.28,-1
2025-02-11,2025-02-11 14:55:00,1678.27,1678.27,1678.22,1678.22,-0.0,9.93,16888.28,-1
2025-02-11,2025-02-11 14:56:00,1678.22,1678.22,1678.16,1678.16,-0.0,9.93,16888.28,-1
2025-02-11,2025-02-11 14:57:00,1678.16,1678.16,1678.11,1678.11,-0.0,9.93,16888.28,-1
2025-02-11,2025-02-11 14:58:00,1678.11,1678.11,1678.05,1678.05,-0.0,9.93,16888.28,-1
2025-02-11,2025-02-11 14:59:00,1678.05,1678.05,1678.0,1678.0,-0.0,9.93,16888.28,-1
2025-02-11,2025-02-11 15:00:00,1678.0,1725.0,1672.0,1678.0,0.0,9.93,16888.28,0
2025-02-12,2025-02-12 11:00:00,1656.0,1675.14,1656.0,1656.16,0.01,35.33,59965.74,1
2025-02-12,2025-02-12 11:01:00,1656.16,1656.33,1656.16,1656.33,0.01,35.33,59965.74,1
2025-02-12,2025-02-12 11:02:00,1656.33,1656.49,1656.33,1656.49,0.01,35.33,59965.74,1
2025-02-12,2025-02-12 11:03:00,1656.49,1656.65,1656.49,1656.65,0.01,35.33,59965.74,1
2025-02-12,2025-02-12 11:04:00,1656.65,1656.81,1656.65,1656.81,0.01,35.33,59965.74,1
2025-02-12,2025-02-12 11:05:00,1656.81,1656.97,1656.81,1656.97,0.01,35.33,59965.74,1
2025-02-12,2025-02-12 11:06:00,1656.97,1657.14,1656.97,1657.14,0.01,35.33,59965.74,1
2025-02-12,2025-02-12 11:07:00,1657.14,1657.3,1657.14,1657.3,0.01,35.33,59965.74,1
2025-02-12,2025-02-12 11:08:00,1657.3,1657.46,1657.3,1657.46,0.01,35.33,59965.74,1
2025-02-12,2025-02-12 11:09:00,1657.46,1657.62,1657.46,1657.62,0.01,35.33,59965.74,1
2025-02-12,2025-02-12 11:10:00,1657.62,1657.79,1657.62,1657.79,0.01,35.33,59965.74,1
2025-02-12,2025-02-12 11:11:00,1657.79,1657.95,1657.79,1657.95,0.01,35.33,59965.74,1
2025-02-12,2025-02-12 11:12:00,1657.95,1658.11,1657.95,1658.11,0.01,35.33,59965.74,1
2025-02-12,2025-02-12 11:13:00,1658.11,1658.28,1658.11,1658.28,0.01,35.33,59965.74,1
2025-02-12,2025-02-12 11:14:00,1658.28,1658.44,1658.28,1658.44,0.01,35.33,59965.74,1
2025-02-12,2025-02-12 11:15:00,1658.44,1658.6,1658.44,1658.6,0.01,35.33,59965.74,1
2025-02-12,2025-02-12 11:16:00,1658.6,1658.76,1658.6,1658.76,0.01,35.33,59965.74,1
2025-02-12,2025-02-12 11:17:00,1658.76,1658.92,1658.76,1658.92,0.01,35.33,59965.74,1
2025-02-12,2025-02-12 11:18:00,1658.92,1659.09,1658.92,1659.09,0.01,35.33,59965.74,1
2025-02-12,2025-02-12 11:19:00,1659.09,1659.25,1659.09,1659.25,0.01,35.33,59965.74,1
2025-02-12,2025-02-12 11:20:00,1659.25,1659.41,1659.25,1659.41,0.01,35.33,59965.74,1
2025-02-12,2025-02-12 11:21:00,1659.41,1659.58,1659.41,1659.58,0.01,35.33,59965.74,1
2025-02-12,2025-02-12 11:22:00,1659.58,1659.74,1659.58,1659.74,0.01,35.33,59965.74,1
2025-02-12,2025-02-12 11:23:00,1659.74,1659.9,1659.74,1659.9,0.01,35.33,59965.74,1
2025-02-12,2025-02-12 11:24:00,1659.9,1660.06,1659.9,1660.06,0.01,35.33,59965.74,1
2025-02-12,2025-02-12 11:25:00,1660.06,1660.22,1660.06,1660.22,0.01,35.33,59965.74,1
2025-02-12,2025-02-12 11:26:00,1660.22,1660.39,1660.22,1660.39,0.01,35.33,59965.74,1
2025-02-12,2025-02-12 11:27:00,1660.39,1660.55,1660.39,1660.55,0.01,35.33,59965.74,1
2025-02-12,2025-02-12 11:28:00,1660.55,1660.71,1660.55,1660.71,0.01,35.33,59965.74,1
2025-02-12,2025-02-12 11:29:00,1660.71,1660.88,1660.71,1660.88,0.01,35.33,59965.74,1
2025-02-12,2025-02-12 11:30:00,1660.88,1661.04,1660.88,1661.04,0.01,35.33,59965.74,1
2025-02-12,2025-02-12 11:31:00,1661.04,1661.2,1661.04,1661.2,0.01,35.33,59965.74,1
2025-02-12,2025-02-12 11:32:00,1661.2,1661.36,1661.2,1661.36,0.01,35.33,59965.74,1
2025-02-12,2025-02-12 11:33:00,1661.36,1661.53,1661.36,1661.53,0.01,35.33,59965.74,1
2025-02-12,2025-02-12 11:34:00,1661.53,1661.69,1661.53,1661.69,0.01,35.33,59965.74,1
2025-02-12,2025-02-12 11:35:00,1661.69,1661.85,1661.69,1661.85,0.01,35.33,59965.74,1
2025-02-12,2025-02-12 11:36:00,1661.85,1662.01,1661.85,1662.01,0.01,35.33,59965.74,1
2025-02-12,2025-02-12 11:37:00,1662.01,1662.17,1662.01,1662.17,0.01,35.33,59965.74,1
2025-02-12,2025-02-12 11:38:00,1662.17,1662.34,1662.17,1662.34,0.01,35.33,59965.74,1
2025-02-12,2025-02-12 11:39:00,1662.34,1662.5,1662.34,1662.5,0.01,35.33,59965.74,1
2025-02-12,2025-02-12 11:40:00,1662.5,1662.66,1662.5,1662.66,0.01,35.33,59965.74,1
2025-02-12,2025-02-12 11:41:00,1662.66,1662.83,1662.66,1662.83,0.01,35.33,59965.74,1
2025-02-12,2025-02-12 11:42:00,1662.83,1662.99,1662.83,1662.99,0.01,35.33,59965.74,1
2025-02-12,2025-02-12 11:43:00,1662.99,1663.15,1662.99,1663.15,0.01,35.33,59965.74,1
2025-02-12,2025-02-12 11:44:00,1663.15,1663.31,1663.15,1663.31,0.01,35.33,59965.74,1
2025-02-12,2025-02-12 11:45:00,1663.31,1663.47,1663.31,1663.47,0.01,35.33,59965.74,1
2025-02-12,2025-02-12 11:46:00,1663.47,1663.64,1663.47,1663.64,0.01,35.33,59965.74,1
2025-02-12,2025-02-12 11:47:00,1663.64,1663.8,1663.64,1663.8,0.01,35.33,59965.74,1
2025-02-12,2025-02-12 11:48:00,1663.8,1663.96,1663.8,1663.96,0.01,35.33,59965.74,1
2025-02-12,2025-02-12 11:49:00,1663.96,1664.12,1663.96,1664.12,0.01,35.33,59965.74,1
2025-02-12,2025-02-12 11:50:00,1664.12,1664.29,1664.12,1664.29,0.01,35.33,59965.74,1
2025-02-12,2025-02-12 11:51:00,1664.29,1664.45,1664.29,1664.45,0.01,35.33,59965.74,1
2025-02-12,2025-02-12 11:52:00,1664.45,1664.61,1664.45,1664.61,0.01,35.33,59965.74,1
2025-02-12,2025-02-12 11:53:00,1664.61,1664.78,1664.61,1664.78,0.01,35.33,59965.74,1
2025-02-12,2025-02-12 11:54:00,1664.78,1664.94,1664.78,1664.94,0.01,35.33,59965.74,1
2025-02-12,2025-02-12 11:55:00,1664.94,1665.1,1664.94,1665.1,0.01,35.33,59965.74,1
2025-02-12,2025-02-12 11:56:00,1665.1,1665.26,1665.1,1665.26,0.01,35.33,59965.74,1
2025-02-12,2025-02-12 11:57:00,1665.26,1665.42,1665.26,1665.42,0.01,35.33,59965.74,1
2025-02-12,2025-02-12 11:58:00,1665.42,1665.59,1665.42,1665.59,0.01,35.33,59965.74,1
2025-02-12,2025-02-12 11:59:00,1665.59,1665.75,1665.59,1665.75,0.01,35.33,59965.74,1
2025-02-12,2025-02-12 12:00:00,1665.75,1665.91,1665.75,1665.91,0.01,35.33,59965.74,1
2025-02-12,2025-02-12 12:01:00,1665.91,1666.08,1665.91,1666.08,0.01,35.33,59965.74,1
2025-02-12,2025-02-12 12:02:00,1666.08,1666.24,1666.08,1666.24,0.01,35.33,59965.74,1
2025-02-12,2025-02-12 12:03:00,1666.24,1666.4,1666.24,1666.4,0.01,35.33,59965.74,1
2025-02-12,2025-02-12 12:04:00,1666.4,1666.56,1666.4,1666.56,0.01,35.33,59965.74,1
2025-02-12,2025-02-12 12:05:00,1666.56,1666.72,1666.56,1666.72,0.01,35.33,59965.74,1
2025-02-12,2025-02-12 12:06:00,1666.72,1666.89,1666.72,1666.89,0.01,35.33,59965.74,1
2025-02-12,2025-02-12 12:07:00,1666.89,1667.05,1666.89,1667.05,0.01,35.33,59965.74,1
2025-02-12,2025-02-12 12:08:00,1667.05,1667.21,1667.05,1667.21,0.01,35.33,59965.74,1
2025-02-12,2025-02-12 12:09:00,1667.21,1667.38,1667.21,1667.38,0.01,35.33,59965.74,1
2025-02-12,2025-02-12 12:10:00,1667.38,1667.54,1667.38,1667.54,0.01,35.33,59965.74,1
2025-02-12,2025-02-12 12:11:00,1667.54,1667.7,1667.54,1667.7,0.01,35.33,59965.74,1
2025-02-12,2025-02-12 12:12:00,1667.7,1667.86,1667.7,1667.86,0.01,35.33,59965.74,1
2025-02-12,2025-02-12 12:13:00,1667.86,1668.03,1667.86,1668.03,0.01,35.33,59965.74,1
2025-02-12,2025-02-12 12:14:00,1668.03,1668.19,1668.03,1668.19,0.01,35.33,59965.74,1
2025-02-12,2025-02-12 12:15:00,1668.19,1668.35,1668.19,1668.35,0.01,35.33,59965.74,1
2025-02-12,2025-02-12 12:16:00,1668.35,1668.51,1668.35,1668.51,0.01,35.33,59965.74,1
2025-02-12,2025-02-12 12:17:00,1668.51,1668.67,1668.51,1668.67,0.01,35.33,59965.74,1
2025-02-12,2025-02-12 12:18:00,1668.67,1668.84,1668.67,1668.84,0.01,35.33,59965.74,1
2025-02-12,2025-02-12 12:19:00,1668.84,1669.0,1668.84,1669.0,0.01,35.33,59965.74,1
2025-02-12,2025-02-12 12:20:00,1669.0,1669.16,1669.0,1669.16,0.01,35.33,59965.74,1
2025-02-12,2025-02-12 12:21:00,1669.16,1669.33,1669.16,1669.33,0.01,35.33,59965.74,1
2025-02-12,2025-02-12 12:22:00,1669.33,1669.49,1669.33,1669.49,0.01,35.33,59965.74,1
2025-02-12,2025-02-12 12:23:00,1669.49,1669.65,1669.49,1669.65,0.01,35.33,59965.74,1
2025-02-12,2025-02-12 12:24:00,1669.65,1669.81,1669.65,1669.81,0.01,35.33,59965.74,1
2025-02-12,2025-02-12 12:25:00,1669.81,1669.97,1669.81,1669.97,0.01,35.33,59965.74,1
2025-02-12,2025-02-12 12:26:00,1669.97,1670.14,1669.97,1670.14,0.01,35.33,59965.74,1
2025-02-12,2025-02-12 12:27:00,1670.14,1670.3,1670.14,1670.3,0.01,35.33,59965.74,1
2025-02-12,2025-02-12 12:28:00,1670.3,1670.46,1670.3,1670.46,0.01,35.33,59965.74,1
2025-02-12,2025-02-12 12:29:00,1670.46,1670.62,1670.46,1670.62,0.01,35.33,59965.74,1
2025-02-12,2025-02-12 12:30:00,1670.62,1670.79,1670.62,1670.79,0.01,35.33,59965.74,1
2025-02-12,2025-02-12 12:31:00,1670.79,1670.95,1670.79,1670.95,0.01,35.33,59965.74,1
2025-02-12,2025-02-12 12:32:00,1670.95,1671.11,1670.95,1671.11,0.01,35.33,59965.74,1
2025-02-12,2025-02-12 12:33:00,1671.11,1671.28,1671.11,1671.28,0.01,35.33,59965.74,1
2025-02-12,2025-02-12 12:34:00,1671.28,1671.44,1671.28,1671.44,0.01,35.33,59965.74,1
2025-02-12,2025-02-12 12:35:00,1671.44,1671.6,1671.44,1671.6,0.01,35.33,59965.74,1
2025-02-12,2025-02-12 12:36:00,1671.6,1671.76,1671.6,1671.76,0.01,35.33,59965.74,1
2025-02-12,2025-02-12 12:37:00,1671.76,1671.92,1671.76,1671.92,0.01,35.33,59965.74,1
2025-02-12,2025-02-12 12:38:00,1671.92,1672.09,1671.92,1672.09,0.01,35.33,59965.74,1
2025-02-12,2025-02-12 12:39:00,1672.09,1672.25,1672.09,1672.25,0.01,35.33,59965.74,1
2025-02-12,2025-02-12 12:40:00,1672.25,1672.41,1672.25,1672.41,0.01,35.33,59965.74,1
2025-02-12,2025-02-12 12:41:00,1672.41,1672.58,1672.41,1672.58,0.01,35.33,59965.74,1
2025-02-12,2025-02-12 12:42:00,1672.58,1672.74,1672.58,1672.74,0.01,35.33,59965.74,1
2025-02-12,2025-02-12 12:43:00,1672.74,1672.9,1672.74,1672.9,0.01,35.33,59965.74,1
2025-02-12,2025-02-12 12:44:00,1672.9,1673.06,1672.9,1673.06,0.01,35.33,59965.74,1
2025-02-12,2025-02-12 12:45:00,1673.06,1673.22,1673.06,1673.22,0.01,35.33,59965.74,1
2025-02-12,2025-02-12 12:46:00,1673.22,1673.39,1673.22,1673.39,0.01,35.33,59965.74,1
2025-02-12,2025-02-12 12:47:00,1673.39,1673.55,1673.39,1673.55,0.01,35.33,59965.74,1
2025-02-12,2025-02-12 12:48:00,1673.55,1673.71,1673.55,1673.71,0.01,35.33,59965.74,1
2025-02-12,2025-02-12 12:49:00,1673.71,1673.88,1673.71,1673.88,0.01,35.33,59965.74,1
2025-02-12,2025-02-12 12:50:00,1673.88,1674.04,1673.88,1674.04,0.01,35.33,59965.74,1
2025-02-12,2025-02-12 12:51:00,1674.04,1674.2,1674.04,1674.2,0.01,35.33,59965.74,1
2025-02-12,2025-02-12 12:52:00,1674.2,1674.36,1674.2,1674.36,0.01,35.33,59965.74,1
2025-02-12,2025-02-12 12:53:00,1674.36,1674.53,1674.36,1674.53,0.01,35.33,59965.74,1
2025-02-12,2025-02-12 12:54:00,1674.53,1674.69,1674.53,1674.69,0.01,35.33,59965.74,1
2025-02-12,2025-02-12 12:55:00,1674.69,1674.85,1674.69,1674.85,0.01,35.33,59965.74,1
2025-02-12,2025-02-12 12:56:00,1674.85,1675.01,1674.85,1675.01,0.01,35.33,59965.74,1
2025-02-12,2025-02-12 12:57:00,1675.01,1675.17,1675.01,1675.17,0.01,35.33,59965.74,1
2025-02-12,2025-02-12 12:58:00,1675.17,1675.34,1675.17,1675.34,0.01,35.33,59965.74,1
2025-02-12,2025-02-12 12:59:00,1675.34,1675.5,1675.34,1675.5,0.01,35.33,59965.74,1
2025-02-12,2025-02-12 13:00:00,1675.5,1719.8,1656.0,1675.66,0.01,35.33,59965.74,1
2025-02-12,2025-02-12 13:01:00,1675.66,1675.83,1675.66,1675.83,0.01,35.33,59965.74,1
2025-02-12,2025-02-12 13:02:00,1675.83,1675.99,1675.83,1675.99,0.01,35.33,59965.74,1
2025-02-12,2025-02-12 13:03:00,1675.99,1676.15,1675.99,1676.15,0.01,35.33,59965.74,1
2025-02-12,2025-02-12 13:04:00,1676.15,1676.31,1676.15,1676.31,0.01,35.33,59965.74,1
2025-02-12,2025-02-12 13:05:00,1676.31,1676.47,1676.31,1676.47,0.01,35.33,59965.74,1
2025-02-12,2025-02-12 13:06:00,1676.47,1676.64,1676.47,1676.64,0.01,35.33,59965.74,1
2025-02-12,2025-02-12 13:07:00,1676.64,1676.8,1676.64,1676.8,0.01,35.33,59965.74,1
2025-02-12,2025-02-12 13:08:00,1676.8,1676.96,1676.8,1676.96,0.01,35.33,59965.74,1
2025-02-12,2025-02-12 13:09:00,1676.96,1677.12,1676.96,1677.12,0.01,35.33,59965.74,1
2025-02-12,2025-02-12 13:10:00,1677.12,1677.29,1677.12,1677.29,0.01,35.33,59965.74,1
2025-02-12,2025-02-12 13:11:00,1677.29,1677.45,1677.29,1677.45,0.01,35.33,59965.74,1
2025-02-12,2025-02-12 13:12:00,1677.45,1677.61,1677.45,1677.61,0.01,35.33,59965.74,1
2025-02-12,2025-02-12 13:13:00,1677.61,1677.78,1677.61,1677.78,0.01,35.33,59965.74,1
2025-02-12,2025-02-12 13:14:00,1677.78,1677.94,1677.78,1677.94,0.01,35.33,59965.74,1
2025-02-12,2025-02-12 13:15:00,1677.94,1678.1,1677.94,1678.1,0.01,35.33,59965.74,1
2025-02-12,2025-02-12 13:16:00,1678.1,1678.26,1678.1,1678.26,0.01,35.33,59965.74,1
2025-02-12,2025-02-12 13:17:00,1678.26,1678.42,1678.26,1678.42,0.01,35.33,59965.74,1
2025-02-12,2025-02-12 13:18:00,1678.42,1678.59,1678.42,1678.59,0.01,35.33,59965.74,1
2025-02-12,2025-02-12 13:19:00,1678.59,1678.75,1678.59,1678.75,0.01,35.33,59965.74,1
2025-02-12,2025-02-12 13:20:00,1678.75,1678.91,1678.75,1678.91,0.01,35.33,59965.74,1
2025-02-12,2025-02-12 13:21:00,1678.91,1679.08,1678.91,1679.08,0.01,35.33,59965.74,1
2025-02-12,2025-02-12 13:22:00,1679.08,1679.24,1679.08,1679.24,0.01,35.33,59965.74,1
2025-02-12,2025-02-12 13:23:00,1679.24,1679.4,1679.24,1679.4,0.01,35.33,59965.74,1
2025-02-12,2025-02-12 13:24:00,1679.4,1679.56,1679.4,1679.56,0.01,35.33,59965.74,1
2025-02-12,2025-02-12 13:25:00,1679.56,1679.72,1679.56,1679.72,0.01,35.33,59965.74,1
2025-02-12,2025-02-12 13:26:00,1679.72,1679.89,1679.72,1679.89,0.01,35.33,59965.74,1
2025-02-12,2025-02-12 13:27:00,1679.89,1680.05,1679.89,1680.05,0.01,35.33,59965.74,1
2025-02-12,2025-02-12 13:28:00,1680.05,1680.21,1680.05,1680.21,0.01,35.33,59965.74,1
2025-02-12,2025-02-12 13:29:00,1680.21,1680.38,1680.21,1680.38,0.01,35.33,59965.74,1
2025-02-12,2025-02-12 13:30:00,1680.38,1680.54,1680.38,1680.54,0.01,35.33,59965.74,1
2025-02-12,2025-02-12 13:31:00,1680.54,1680.7,1680.54,1680.7,0.01,35.33,59965.74,1
2025-02-12,2025-02-12 13:32:00,1680.7,1680.86,1680.7,1680.86,0.01,35.33,59965.74,1
2025-02-12,2025-02-12 13:33:00,1680.86,1681.03,1680.86,1681.03,0.01,35.33,59965.74,1
2025-02-12,2025-02-12 13:34:00,1681.03,1681.19,1681.03,1681.19,0.01,35.33,59965.74,1
2025-02-12,2025-02-12 13:35:00,1681.19,1681.35,1681.19,1681.35,0.01,35.33,59965.74,1
2025-02-12,2025-02-12 13:36:00,1681.35,1681.51,1681.35,1681.51,0.01,35.33,59965.74,1
2025-02-12,2025-02-12 13:37:00,1681.51,1681.67,1681.51,1681.67,0.01,35.33,59965.74,1
2025-02-12,2025-02-12 13:38:00,1681.67,1681.84,1681.67,1681.84,0.01,35.33,59965.74,1
2025-02-12,2025-02-12 13:39:00,1681.84,1682.0,1681.84,1682.0,0.01,35.33,59965.74,1
2025-02-12,2025-02-12 13:40:00,1682.0,1682.16,1682.0,1682.16,0.01,35.33,59965.74,1
2025-02-12,2025-02-12 13:41:00,1682.16,1682.33,1682.16,1682.33,0.01,35.33,59965.74,1
2025-02-12,2025-02-12 13:42:00,1682.33,1682.49,1682.33,1682.49,0.01,35.33,59965.74,1
2025-02-12,2025-02-12 13:43:00,1682.49,1682.65,1682.49,1682.65,0.01,35.33,59965.74,1
2025-02-12,2025-02-12 13:44:00,1682.65,1682.81,1682.65,1682.81,0.01,35.33,59965.74,1
2025-02-12,2025-02-12 13:45:00,1682.81,1682.97,1682.81,1682.97,0.01,35.33,59965.74,1
2025-02-12,2025-02-12 13:46:00,1682.97,1683.14,1682.97,1683.14,0.01,35.33,59965.74,1
2025-02-12,2025-02-12 13:47:00,1683.14,1683.3,1683.14,1683.3,0.01,35.33,59965.74,1
2025-02-12,2025-02-12 13:48:00,1683.3,1683.46,1683.3,1683.46,0.01,35.33,59965.74,1
2025-02-12,2025-02-12 13:49:00,1683.46,1683.62,1683.46,1683.62,0.01,35.33,59965.74,1
2025-02-12,2025-02-12 13:50:00,1683.62,1683.79,1683.62,1683.79,0.01,35.33,59965.74,1
2025-02-12,2025-02-12 13:51:00,1683.79,1683.95,1683.79,1683.95,0.01,35.33,59965.74,1
2025-02-12,2025-02-12 13:52:00,1683.95,1684.11,1683.95,1684.11,0.01,35.33,59965.74,1
2025-02-12,2025-02-12 13:53:00,1684.11,1684.28,1684.11,1684.28,0.01,35.33,59965.74,1
2025-02-12,2025-02-12 13:54:00,1684.28,1684.44,1684.28,1684.44,0.01,35.33,59965.74,1
2025-02-12,2025-02-12 13:55:00,1684.44,1684.6,1684.44,1684.6,0.01,35.33,59965.74,1
2025-02-12,2025-02-12 13:56:00,1684.6,1684.76,1684.6,1684.76,0.01,35.33,59965.74,1
2025-02-12,2025-02-12 13:57:00,1684.76,1684.92,1684.76,1684.92,0.01,35.33,59965.74,1
2025-02-12,2025-02-12 13:58:00,1684.92,1685.09,1684.92,1685.09,0.01,35.33,59965.74,1
2025-02-12,2025-02-12 13:59:00,1685.09,1685.25,1685.09,1685.25,0.01,35.33,59965.74,1
2025-02-12,2025-02-12 14:00:00,1685.25,1685.41,1685.25,1685.41,0.01,35.33,59965.74,1
2025-02-12,2025-02-12 14:01:00,1685.41,1685.58,1685.41,1685.58,0.01,35.33,59965.74,1
2025-02-12,2025-02-12 14:02:00,1685.58,1685.74,1685.58,1685.74,0.01,35.33,59965.74,1
2025-02-12,2025-02-12 14:03:00,1685.74,1685.9,1685.74,1685.9,0.01,35.33,59965.74,1
2025-02-12,2025-02-12 14:04:00,1685.9,1686.06,1685.9,1686.06,0.01,35.33,59965.74,1
2025-02-12,2025-02-12 14:05:00,1686.06,1686.22,1686.06,1686.22,0.01,35.33,59965.74,1
2025-02-12,2025-02-12 14:06:00,1686.22,1686.39,1686.22,1686.39,0.01,35.33,59965.74,1
2025-02-12,2025-02-12 14:07:00,1686.39,1686.55,1686.39,1686.55,0.01,35.33,59965.74,1
2025-02-12,2025-02-12 14:08:00,1686.55,1686.71,1686.55,1686.71,0.01,35.33,59965.74,1
2025-02-12,2025-02-12 14:09:00,1686.71,1686.88,1686.71,1686.88,0.01,35.33,59965.74,1
2025-02-12,2025-02-12 14:10:00,1686.88,1687.04,1686.88,1687.04,0.01,35.33,59965.74,1
2025-02-12,2025-02-12 14:11:00,1687.04,1687.2,1687.04,1687.2,0.01,35.33,59965.74,1
2025-02-12,2025-02-12 14:12:00,1687.2,1687.36,1687.2,1687.36,0.01,35.33,59965.74,1
2025-02-12,2025-02-12 14:13:00,1687.36,1687.53,1687.36,1687.53,0.01,35.33,59965.74,1
2025-02-12,2025-02-12 14:14:00,1687.53,1687.69,1687.53,1687.69,0.01,35.33,59965.74,1
2025-02-12,2025-02-12 14:15:00,1687.69,1687.85,1687.69,1687.85,0.01,35.33,59965.74,1
2025-02-12,2025-02-12 14:16:00,1687.85,1688.01,1687.85,1688.01,0.01,35.33,59965.74,1
2025-02-12,2025-02-12 14:17:00,1688.01,1688.17,1688.01,1688.17,0.01,35.33,59965.74,1
2025-02-12,2025-02-12 14:18:00,1688.17,1688.34,1688.17,1688.34,0.01,35.33,59965.74,1
2025-02-12,2025-02-12 14:19:00,1688.34,1688.5,1688.34,1688.5,0.01,35.33,59965.74,1
2025-02-12,2025-02-12 14:20:00,1688.5,1688.66,1688.5,1688.66,0.01,35.33,59965.74,1
2025-02-12,2025-02-12 14:21:00,1688.66,1688.83,1688.66,1688.83,0.01,35.33,59965.74,1
2025-02-12,2025-02-12 14:22:00,1688.83,1688.99,1688.83,1688.99,0.01,35.33,59965.74,1
2025-02-12,2025-02-12 14:23:00,1688.99,1689.15,1688.99,1689.15,0.01,35.33,59965.74,1
2025-02-12,2025-02-12 14:24:00,1689.15,1689.31,1689.15,1689.31,0.01,35.33,59965.74,1
2025-02-12,2025-02-12 14:25:00,1689.31,1689.47,1689.31,1689.47,0.01,35.33,59965.74,1
2025-02-12,2025-02-12 14:26:00,1689.47,1689.64,1689.47,1689.64,0.01,35.33,59965.74,1
2025-02-12,2025-02-12 14:27:00,1689.64,1689.8,1689.64,1689.8,0.01,35.33,59965.74,1
2025-02-12,2025-02-12 14:28:00,1689.8,1689.96,1689.8,1689.96,0.01,35.33,59965.74,1
2025-02-12,2025-02-12 14:29:00,1689.96,1690.12,1689.96,1690.12,0.01,35.33,59965.74,1
2025-02-12,2025-02-12 14:30:00,1690.12,1690.29,1690.12,1690.29,0.01,35.33,59965.74,1
2025-02-12,2025-02-12 14:31:00,1690.29,1690.45,1690.29,1690.45,0.01,35.33,59965.74,1
2025-02-12,2025-02-12 14:32:00,1690.45,1690.61,1690.45,1690.61,0.01,35.33,59965.74,1
2025-02-12,2025-02-12 14:33:00,1690.61,1690.78,1690.61,1690.78,0.01,35.33,59965.74,1
2025-02-12,2025-02-12 14:34:00,1690.78,1690.94,1690.78,1690.94,0.01,35.33,59965.74,1
2025-02-12,2025-02-12 14:35:00,1690.94,1691.1,1690.94,1691.1,0.01,35.33,59965.74,1
2025-02-12,2025-02-12 14:36:00,1691.1,1691.26,1691.1,1691.26,0.01,35.33,59965.74,1
2025-02-12,2025-02-12 14:37:00,1691.26,1691.42,1691.26,1691.42,0.01,35.33,59965.74,1
2025-02-12,2025-02-12 14:38:00,1691.42,1691.59,1691.42,1691.59,0.01,35.33,59965.74,1
2025-02-12,2025-02-12 14:39:00,1691.59,1691.75,1691.59,1691.75,0.01,35.33,59965.74,1
2025-02-12,2025-02-12 14:40:00,1691.75,1691.91,1691.75,1691.91,0.01,35.33,59965.74,1
2025-02-12,2025-02-12 14:41:00,1691.91,1692.08,1691.91,1692.08,0.01,35.33,59965.74,1
2025-02-12,2025-02-12 14:42:00,1692.08,1692.24,1692.08,1692.24,0.01,35.33,59965.74,1
2025-02-12,2025-02-12 14:43:00,1692.24,1692.4,1692.24,1692.4,0.01,35.33,59965.74,1
2025-02-12,2025-02-12 14:44:00,1692.4,1692.56,1692.4,1692.56,0.01,35.33,59965.74,1
2025-02-12,2025-02-12 14:45:00,1692.56,1692.72,1692.56,1692.72,0.01,35.33,59965.74,1
2025-02-12,2025-02-12 14:46:00,1692.72,1692.89,1692.72,1692.89,0.01,35.33,59965.74,1
2025-02-12,2025-02-12 14:47:00,1692.89,1693.05,1692.89,1693.05,0.01,35.33,59965.74,1
2025-02-12,2025-02-12 14:48:00,1693.05,1693.21,1693.05,1693.21,0.01,35.33,59965.74,1
2025-02-12,2025-02-12 14:49:00,1693.21,1693.38,1693.21,1693.38,0.01,35.33,59965.74,1
2025-02-12,2025-02-12 14:50:00,1693.38,1693.54,1693.38,1693.54,0.01,35.33,59965.74,1
2025-02-12,2025-02-12 14:51:00,1693.54,1693.7,1693.54,1693.7,0.01,35.33,59965.74,1
2025-02-12,2025-02-12 14:52:00,1693.7,1693.86,1693.7,1693.86,0.01,35.33,59965.74,1
2025-02-12,2025-02-12 14:53:00,1693.86,1694.03,1693.86,1694.03,0.01,35.33,59965.74,1
2025-02-12,2025-02-12 14:54:00,1694.03,1694.19,1694.03,1694.19,0.01,35.33,59965.74,1
2025-02-12,2025-02-12 14:55:00,1694.19,1694.35,1694.19,1694.35,0.01,35.33,59965.74,1
2025-02-12,2025-02-12 14:56:00,1694.35,1694.51,1694.35,1694.51,0.01,35.33,59965.74,1
2025-02-12,2025-02-12 14:57:00,1694.51,1694.67,1694.51,1694.67,0.01,35.33,59965.74,1
2025-02-12,2025-02-12 14:58:00,1694.67,1694.84,1694.67,1694.84,0.01,35.33,59965.74,1
2025-02-12,2025-02-12 14:59:00,1694.84,1695.0,1694.84,1695.0,0.01,35.33,59965.74,1
2025-02-12,2025-02-12 15:00:00,1695.0,1719.8,1656.0,1695.0,0.0,35.33,59965.74,0
2025-02-13,2025-02-13 11:00:00,1670.0,1685.0,1670.0,1670.19,0.01,32.08,54902.93,1
2025-02-13,2025-02-13 11:01:00,1670.19,1670.38,1670.19,1670.38,0.01,32.08,54902.93,1
2025-02-13,2025-02-13 11:02:00,1670.38,1670.56,1670.38,1670.56,0.01,32.08,54902.93,1
2025-02-13,2025-02-13 11:03:00,1670.56,1670.75,1670.56,1670.75,0.01,32.08,54902.93,1
2025-02-13,2025-02-13 11:04:00,1670.75,1670.94,1670.75,1670.94,0.01,32.08,54902.93,1
2025-02-13,2025-02-13 11:05:00,1670.94,1671.12,1670.94,1671.12,0.01,32.08,54902.93,1
2025-02-13,2025-02-13 11:06:00,1671.12,1671.31,1671.12,1671.31,0.01,32.08,54902.93,1
2025-02-13,2025-02-13 11:07:00,1671.31,1671.5,1671.31,1671.5,0.01,32.08,54902.93,1
2025-02-13,2025-02-13 11:08:00,1671.5,1671.69,1671.5,1671.69,0.01,32.08,54902.93,1
2025-02-13,2025-02-13 11:09:00,1671.69,1671.88,1671.69,1671.88,0.01,32.08,54902.93,1
2025-02-13,2025-02-13 11:10:00,1671.88,1672.06,1671.88,1672.06,0.01,32.08,54902.93,1
2025-02-13,2025-02-13 11:11:00,1672.06,1672.25,1672.06,1672.25,0.01,32.08,54902.93,1
2025-02-13,2025-02-13 11:12:00,1672.25,1672.44,1672.25,1672.44,0.01,32.08,54902.93,1
2025-02-13,2025-02-13 11:13:00,1672.44,1672.62,1672.44,1672.62,0.01,32.08,54902.93,1
2025-02-13,2025-02-13 11:14:00,1672.62,1672.81,1672.62,1672.81,0.01,32.08,54902.93,1
2025-02-13,2025-02-13 11:15:00,1672.81,1673.0,1672.81,1673.0,0.01,32.08,54902.93,1
2025-02-13,2025-02-13 11:16:00,1673.0,1673.19,1673.0,1673.19,0.01,32.08,54902.93,1
2025-02-13,2025-02-13 11:17:00,1673.19,1673.38,1673.19,1673.38,0.01,32.08,54902.93,1
2025-02-13,2025-02-13 11:18:00,1673.38,1673.56,1673.38,1673.56,0.01,32.08,54902.93,1
2025-02-13,2025-02-13 11:19:00,1673.56,1673.75,1673.56,1673.75,0.01,32.08,54902.93,1
2025-02-13,2025-02-13 11:20:00,1673.75,1673.94,1673.75,1673.94,0.01,32.08,54902.93,1
2025-02-13,2025-02-13 11:21:00,1673.94,1674.12,1673.94,1674.12,0.01,32.08,54902.93,1
2025-02-13,2025-02-13 11:22:00,1674.12,1674.31,1674.12,1674.31,0.01,32.08,54902.93,1
2025-02-13,2025-02-13 11:23:00,1674.31,1674.5,1674.31,1674.5,0.01,32.08,54902.93,1
2025-02-13,2025-02-13 11:24:00,1674.5,1674.69,1674.5,1674.69,0.01,32.08,54902.93,1
2025-02-13,2025-02-13 11:25:00,1674.69,1674.88,1674.69,1674.88,0.01,32.08,54902.93,1
2025-02-13,2025-02-13 11:26:00,1674.88,1675.06,1674.88,1675.06,0.01,32.08,54902.93,1
2025-02-13,2025-02-13 11:27:00,1675.06,1675.25,1675.06,1675.25,0.01,32.08,54902.93,1
2025-02-13,2025-02-13 11:28:00,1675.25,1675.44,1675.25,1675.44,0.01,32.08,54902.93,1
2025-02-13,2025-02-13 11:29:00,1675.44,1675.62,1675.44,1675.62,0.01,32.08,54902.93,1
2025-02-13,2025-02-13 11:30:00,1675.62,1675.81,1675.62,1675.81,0.01,32.08,54902.93,1
2025-02-13,2025-02-13 11:31:00,1675.81,1676.0,1675.81,1676.0,0.01,32.08,54902.93,1
2025-02-13,2025-02-13 11:32:00,1676.0,1676.19,1676.0,1676.19,0.01,32.08,54902.93,1
2025-02-13,2025-02-13 11:33:00,1676.19,1676.38,1676.19,1676.38,0.01,32.08,54902.93,1
2025-02-13,2025-02-13 11:34:00,1676.38,1676.56,1676.38,1676.56,0.01,32.08,54902.93,1
2025-02-13,2025-02-13 11:35:00,1676.56,1676.75,1676.56,1676.75,0.01,32.08,54902.93,1
2025-02-13,2025-02-13 11:36:00,1676.75,1676.94,1676.75,1676.94,0.01,32.08,54902.93,1
2025-02-13,2025-02-13 11:37:00,1676.94,1677.12,1676.94,1677.12,0.01,32.08,54902.93,1
2025-02-13,2025-02-13 11:38:00,1677.12,1677.31,1677.12,1677.31,0.01,32.08,54902.93,1
2025-02-13,2025-02-13 11:39:00,1677.31,1677.5,1677.31,1677.5,0.01,32.08,54902.93,1
2025-02-13,2025-02-13 11:40:00,1677.5,1677.69,1677.5,1677.69,0.01,32.08,54902.93,1
2025-02-13,2025-02-13 11:41:00,1677.69,1677.88,1677.69,1677.88,0.01,32.08,54902.93,1
2025-02-13,2025-02-13 11:42:00,1677.88,1678.06,1677.88,1678.06,0.01,32.08,54902.93,1
2025-02-13,2025-02-13 11:43:00,1678.06,1678.25,1678.06,1678.25,0.01,32.08,54902.93,1
2025-02-13,2025-02-13 11:44:00,1678.25,1678.44,1678.25,1678.44,0.01,32.08,54902.93,1
2025-02-13,2025-02-13 11:45:00,1678.44,1678.62,1678.44,1678.62,0.01,32.08,54902.93,1
2025-02-13,2025-02-13 11:46:00,1678.62,1678.81,1678.62,1678.81,0.01,32.08,54902.93,1
2025-02-13,2025-02-13 11:47:00,1678.81,1679.0,1678.81,1679.0,0.01,32.08,54902.93,1
2025-02-13,2025-02-13 11:48:00,1679.0,1679.19,1679.0,1679.19,0.01,32.08,54902.93,1
2025-02-13,2025-02-13 11:49:00,1679.19,1679.38,1679.19,1679.38,0.01,32.08,54902.93,1
2025-02-13,2025-02-13 11:50:00,1679.38,1679.56,1679.38,1679.56,0.01,32.08,54902.93,1
2025-02-13,2025-02-13 11:51:00,1679.56,1679.75,1679.56,1679.75,0.01,32.08,54902.93,1
2025-02-13,2025-02-13 11:52:00,1679.75,1679.94,1679.75,1679.94,0.01,32.08,54902.93,1
2025-02-13,2025-02-13 11:53:00,1679.94,1680.12,1679.94,1680.12,0.01,32.08,54902.93,1
2025-02-13,2025-02-13 11:54:00,1680.12,1680.31,1680.12,1680.31,0.01,32.08,54902.93,1
2025-02-13,2025-02-13 11:55:00,1680.31,1680.5,1680.31,1680.5,0.01,32.08,54902.93,1
2025-02-13,2025-02-13 11:56:00,1680.5,1680.69,1680.5,1680.69,0.01,32.08,54902.93,1
2025-02-13,2025-02-13 11:57:00,1680.69,1680.88,1680.69,1680.88,0.01,32.08,54902.93,1
2025-02-13,2025-02-13 11:58:00,1680.88,1681.06,1680.88,1681.06,0.01,32.08,54902.93,1
2025-02-13,2025-02-13 11:59:00,1681.06,1681.25,1681.06,1681.25,0.01,32.08,54902.93,1
2025-02-13,2025-02-13 12:00:00,1681.25,1681.44,1681.25,1681.44,0.01,32.08,54902.93,1
2025-02-13,2025-02-13 12:01:00,1681.44,1681.62,1681.44,1681.62,0.01,32.08,54902.93,1
2025-02-13,2025-02-13 12:02:00,1681.62,1681.81,1681.62,1681.81,0.01,32.08,54902.93,1
2025-02-13,2025-02-13 12:03:00,1681.81,1682.0,1681.81,1682.0,0.01,32.08,54902.93,1
2025-02-13,2025-02-13 12:04:00,1682.0,1682.19,1682.0,1682.19,0.01,32.08,54902.93,1
2025-02-13,2025-02-13 12:05:00,1682.19,1682.38,1682.19,1682.38,0.01,32.08,54902.93,1
2025-02-13,2025-02-13 12:06:00,1682.38,1682.56,1682.38,1682.56,0.01,32.08,54902.93,1
2025-02-13,2025-02-13 12:07:00,1682.56,1682.75,1682.56,1682.75,0.01,32.08,54902.93,1
2025-02-13,2025-02-13 12:08:00,1682.75,1682.94,1682.75,1682.94,0.01,32.08,54902.93,1
2025-02-13,2025-02-13 12:09:00,1682.94,1683.12,1682.94,1683.12,0.01,32.08,54902.93,1
2025-02-13,2025-02-13 12:10:00,1683.12,1683.31,1683.12,1683.31,0.01,32.08,54902.93,1
2025-02-13,2025-02-13 12:11:00,1683.31,1683.5,1683.31,1683.5,0.01,32.08,54902.93,1
2025-02-13,2025-02-13 12:12:00,1683.5,1683.69,1683.5,1683.69,0.01,32.08,54902.93,1
2025-02-13,2025-02-13 12:13:00,1683.69,1683.88,1683.69,1683.88,0.01,32.08,54902.93,1
2025-02-13,2025-02-13 12:14:00,1683.88,1684.06,1683.88,1684.06,0.01,32.08,54902.93,1
2025-02-13,2025-02-13 12:15:00,1684.06,1684.25,1684.06,1684.25,0.01,32.08,54902.93,1
2025-02-13,2025-02-13 12:16:00,1684.25,1684.44,1684.25,1684.44,0.01,32.08,54902.93,1
2025-02-13,2025-02-13 12:17:00,1684.44,1684.62,1684.44,1684.62,0.01,32.08,54902.93,1
2025-02-13,2025-02-13 12:18:00,1684.62,1684.81,1684.62,1684.81,0.01,32.08,54902.93,1
2025-02-13,2025-02-13 12:19:00,1684.81,1685.0,1684.81,1685.0,0.01,32.08,54902.93,1
2025-02-13,2025-02-13 12:20:00,1685.0,1685.19,1685.0,1685.19,0.01,32.08,54902.93,1
2025-02-13,2025-02-13 12:21:00,1685.19,1685.38,1685.19,1685.38,0.01,32.08,54902.93,1
2025-02-13,2025-02-13 12:22:00,1685.38,1685.56,1685.38,1685.56,0.01,32.08,54902.93,1
2025-02-13,2025-02-13 12:23:00,1685.56,1685.75,1685.56,1685.75,0.01,32.08,54902.93,1
2025-02-13,2025-02-13 12:24:00,1685.75,1685.94,1685.75,1685.94,0.01,32.08,54902.93,1
2025-02-13,2025-02-13 12:25:00,1685.94,1686.12,1685.94,1686.12,0.01,32.08,54902.93,1
2025-02-13,2025-02-13 12:26:00,1686.12,1686.31,1686.12,1686.31,0.01,32.08,54902.93,1
2025-02-13,2025-02-13 12:27:00,1686.31,1686.5,1686.31,1686.5,0.01,32.08,54902.93,1
2025-02-13,2025-02-13 12:28:00,1686.5,1686.69,1686.5,1686.69,0.01,32.08,54902.93,1
2025-02-13,2025-02-13 12:29:00,1686.69,1686.88,1686.69,1686.88,0.01,32.08,54902.93,1
2025-02-13,2025-02-13 12:30:00,1686.88,1687.06,1686.88,1687.06,0.01,32.08,54902.93,1
2025-02-13,2025-02-13 12:31:00,1687.06,1687.25,1687.06,1687.25,0.01,32.08,54902.93,1
2025-02-13,2025-02-13 12:32:00,1687.25,1687.44,1687.25,1687.44,0.01,32.08,54902.93,1
2025-02-13,2025-02-13 12:33:00,1687.44,1687.62,1687.44,1687.62,0.01,32.08,54902.93,1
2025-02-13,2025-02-13 12:34:00,1687.62,1687.81,1687.62,1687.81,0.01,32.08,54902.93,1
2025-02-13,2025-02-13 12:35:00,1687.81,1688.0,1687.81,1688.0,0.01,32.08,54902.93,1
2025-02-13,2025-02-13 12:36:00,1688.0,1688.19,1688.0,1688.19,0.01,32.08,54902.93,1
2025-02-13,2025-02-13 12:37:00,1688.19,1688.38,1688.19,1688.38,0.01,32.08,54902.93,1
2025-02-13,2025-02-13 12:38:00,1688.38,1688.56,1688.38,1688.56,0.01,32.08,54902.93,1
2025-02-13,2025-02-13 12:39:00,1688.56,1688.75,1688.56,1688.75,0.01,32.08,54902.93,1
2025-02-13,2025-02-13 12:40:00,1688.75,1688.94,1688.75,1688.94,0.01,32.08,54902.93,1
2025-02-13,2025-02-13 12:41:00,1688.94,1689.12,1688.94,1689.12,0.01,32.08,54902.93,1
2025-02-13,2025-02-13 12:42:00,1689.12,1689.31,1689.12,1689.31,0.01,32.08,54902.93,1
2025-02-13,2025-02-13 12:43:00,1689.31,1689.5,1689.31,1689.5,0.01,32.08,54902.93,1
2025-02-13,2025-02-13 12:44:00,1689.5,1689.69,1689.5,1689.69,0.01,32.08,54902.93,1
2025-02-13,2025-02-13 12:45:00,1689.69,1689.88,1689.69,1689.88,0.01,32.08,54902.93,1
2025-02-13,2025-02-13 12:46:00,1689.88,1690.06,1689.88,1690.06,0.01,32.08,54902.93,1
2025-02-13,2025-02-13 12:47:00,1690.06,1690.25,1690.06,1690.25,0.01,32.08,54902.93,1
2025-02-13,2025-02-13 12:48:00,1690.25,1690.44,1690.25,1690.44,0.01,32.08,54902.93,1
2025-02-13,2025-02-13 12:49:00,1690.44,1690.62,1690.44,1690.62,0.01,32.08,54902.93,1
2025-02-13,2025-02-13 12:50:00,1690.62,1690.81,1690.62,1690.81,0.01,32.08,54902.93,1
2025-02-13,2025-02-13 12:51:00,1690.81,1691.0,1690.81,1691.0,0.01,32.08,54902.93,1
2025-02-13,2025-02-13 12:52:00,1691.0,1691.19,1691.0,1691.19,0.01,32.08,54902.93,1
2025-02-13,2025-02-13 12:53:00,1691.19,1691.38,1691.19,1691.38,0.01,32.08,54902.93,1
2025-02-13,2025-02-13 12:54:00,1691.38,1691.56,1691.38,1691.56,0.01,32.08,54902.93,1
2025-02-13,2025-02-13 12:55:00,1691.56,1691.75,1691.56,1691.75,0.01,32.08,54902.93,1
2025-02-13,2025-02-13 12:56:00,1691.75,1691.94,1691.75,1691.94,0.01,32.08,54902.93,1
2025-02-13,2025-02-13 12:57:00,1691.94,1692.12,1691.94,1692.12,0.01,32.08,54902.93,1
2025-02-13,2025-02-13 12:58:00,1692.12,1692.31,1692.12,1692.31,0.01,32.08,54902.93,1
2025-02-13,2025-02-13 12:59:00,1692.31,1692.5,1692.31,1692.5,0.01,32.08,54902.93,1
2025-02-13,2025-02-13 13:00:00,1692.5,1720.0,1670.0,1692.69,0.01,32.08,54902.93,1
2025-02-13,2025-02-13 13:01:00,1692.69,1692.88,1692.69,1692.88,0.01,32.08,54902.93,1
2025-02-13,2025-02-13 13:02:00,1692.88,1693.06,1692.88,1693.06,0.01,32.08,54902.93,1
2025-02-13,2025-02-13 13:03:00,1693.06,1693.25,1693.06,1693.25,0.01,32.08,54902.93,1
2025-02-13,2025-02-13 13:04:00,1693.25,1693.44,1693.25,1693.44,0.01,32.08,54902.93,1
2025-02-13,2025-02-13 13:05:00,1693.44,1693.62,1693.44,1693.62,0.01,32.08,54902.93,1
2025-02-13,2025-02-13 13:06:00,1693.62,1693.81,1693.62,1693.81,0.01,32.08,54902.93,1
2025-02-13,2025-02-13 13:07:00,1693.81,1694.0,1693.81,1694.0,0.01,32.08,54902.93,1
2025-02-13,2025-02-13 13:08:00,1694.0,1694.19,1694.0,1694.19,0.01,32.08,54902.93,1
2025-02-13,2025-02-13 13:09:00,1694.19,1694.38,1694.19,1694.38,0.01,32.08,54902.93,1
2025-02-13,2025-02-13 13:10:00,1694.38,1694.56,1694.38,1694.56,0.01,32.08,54902.93,1
2025-02-13,2025-02-13 13:11:00,1694.56,1694.75,1694.56,1694.75,0.01,32.08,54902.93,1
2025-02-13,2025-02-13 13:12:00,1694.75,1694.94,1694.75,1694.94,0.01,32.08,54902.93,1
2025-02-13,2025-02-13 13:13:00,1694.94,1695.12,1694.94,1695.12,0.01,32.08,54902.93,1
2025-02-13,2025-02-13 13:14:00,1695.12,1695.31,1695.12,1695.31,0.01,32.08,54902.93,1
2025-02-13,2025-02-13 13:15:00,1695.31,1695.5,1695.31,1695.5,0.01,32.08,54902.93,1
2025-02-13,2025-02-13 13:16:00,1695.5,1695.69,1695.5,1695.69,0.01,32.08,54902.93,1
2025-02-13,2025-02-13 13:17:00,1695.69,1695.88,1695.69,1695.88,0.01,32.08,54902.93,1
2025-02-13,2025-02-13 13:18:00,1695.88,1696.06,1695.88,1696.06,0.01,32.08,54902.93,1
2025-02-13,2025-02-13 13:19:00,1696.06,1696.25,1696.06,1696.25,0.01,32.08,54902.93,1
2025-02-13,2025-02-13 13:20:00,1696.25,1696.44,1696.25,1696.44,0.01,32.08,54902.93,1
2025-02-13,2025-02-13 13:21:00,1696.44,1696.62,1696.44,1696.62,0.01,32.08,54902.93,1
2025-02-13,2025-02-13 13:22:00,1696.62,1696.81,1696.62,1696.81,0.01,32.08,54902.93,1
2025-02-13,2025-02-13 13:23:00,1696.81,1697.0,1696.81,1697.0,0.01,32.08,54902.93,1
2025-02-13,2025-02-13 13:24:00,1697.0,1697.19,1697.0,1697.19,0.01,32.08,54902.93,1
2025-02-13,2025-02-13 13:25:00,1697.19,1697.38,1697.19,1697.38,0.01,32.08,54902.93,1
2025-02-13,2025-02-13 13:26:00,1697.38,1697.56,1697.38,1697.56,0.01,32.08,54902.93,1
2025-02-13,2025-02-13 13:27:00,1697.56,1697.75,1697.56,1697.75,0.01,32.08,54902.93,1
2025-02-13,2025-02-13 13:28:00,1697.75,1697.94,1697.75,1697.94,0.01,32.08,54902.93,1
2025-02-13,2025-02-13 13:29:00,1697.94,1698.12,1697.94,1698.12,0.01,32.08,54902.93,1
2025-02-13,2025-02-13 13:30:00,1698.12,1698.31,1698.12,1698.31,0.01,32.08,54902.93,1
2025-02-13,2025-02-13 13:31:00,1698.31,1698.5,1698.31,1698.5,0.01,32.08,54902.93,1
2025-02-13,2025-02-13 13:32:00,1698.5,1698.69,1698.5,1698.69,0.01,32.08,54902.93,1
2025-02-13,2025-02-13 13:33:00,1698.69,1698.88,1698.69,1698.88,0.01,32.08,54902.93,1
2025-02-13,2025-02-13 13:34:00,1698.88,1699.06,1698.88,1699.06,0.01,32.08,54902.93,1
2025-02-13,2025-02-13 13:35:00,1699.06,1699.25,1699.06,1699.25,0.01,32.08,54902.93,1
2025-02-13,2025-02-13 13:36:00,1699.25,1699.44,1699.25,1699.44,0.01,32.08,54902.93,1
2025-02-13,2025-02-13 13:37:00,1699.44,1699.62,1699.44,1699.62,0.01,32.08,54902.93,1
2025-02-13,2025-02-13 13:38:00,1699.62,1699.81,1699.62,1699.81,0.01,32.08,54902.93,1
2025-02-13,2025-02-13 13:39:00,1699.81,1700.0,1699.81,1700.0,0.01,32.08,54902.93,1
2025-02-13,2025-02-13 13:40:00,1700.0,1700.19,1700.0,1700.19,0.01,32.08,54902.93,1
2025-02-13,2025-02-13 13:41:00,1700.19,1700.38,1700.19,1700.38,0.01,32.08,54902.93,1
2025-02-13,2025-02-13 13:42:00,1700.38,1700.56,1700.38,1700.56,0.01,32.08,54902.93,1
2025-02-13,2025-02-13 13:43:00,1700.56,1700.75,1700.56,1700.75,0.01,32.08,54902.93,1
2025-02-13,2025-02-13 13:44:00,1700.75,1700.94,1700.75,1700.94,0.01,32.08,54902.93,1
2025-02-13,2025-02-13 13:45:00,1700.94,1701.12,1700.94,1701.12,0.01,32.08,54902.93,1
2025-02-13,2025-02-13 13:46:00,1701.12,1701.31,1701.12,1701.31,0.01,32.08,54902.93,1
2025-02-13,2025-02-13 13:47:00,1701.31,1701.5,1701.31,1701.5,0.01,32.08,54902.93,1
2025-02-13,2025-02-13 13:48:00,1701.5,1701.69,1701.5,1701.69,0.01,32.08,54902.93,1
2025-02-13,2025-02-13 13:49:00,1701.69,1701.88,1701.69,1701.88,0.01,32.08,54902.93,1
2025-02-13,2025-02-13 13:50:00,1701.88,1702.06,1701.88,1702.06,0.01,32.08,54902.93,1
2025-02-13,2025-02-13 13:51:00,1702.06,1702.25,1702.06,1702.25,0.01,32.08,54902.93,1
2025-02-13,2025-02-13 13:52:00,1702.25,1702.44,1702.25,1702.44,0.01,32.08,54902.93,1
2025-02-13,2025-02-13 13:53:00,1702.44,1702.62,1702.44,1702.62,0.01,32.08,54902.93,1
2025-02-13,2025-02-13 13:54:00,1702.62,1702.81,1702.62,1702.81,0.01,32.08,54902.93,1
2025-02-13,2025-02-13 13:55:00,1702.81,1703.0,1702.81,1703.0,0.01,32.08,54902.93,1
2025-02-13,2025-02-13 13:56:00,1703.0,1703.19,1703.0,1703.19,0.01,32.08,54902.93,1
2025-02-13,2025-02-13 13:57:00,1703.19,1703.38,1703.19,1703.38,0.01,32.08,54902.93,1
2025-02-13,2025-02-13 13:58:00,1703.38,1703.56,1703.38,1703.56,0.01,32.08,54902.93,1
2025-02-13,2025-02-13 13:59:00,1703.56,1703.75,1703.56,1703.75,0.01,32.08,54902.93,1
2025-02-13,2025-02-13 14:00:00,1703.75,1703.94,1703.75,1703.94,0.01,32.08,54902.93,1
2025-02-13,2025-02-13 14:01:00,1703.94,1704.12,1703.94,1704.12,0.01,32.08,54902.93,1
2025-02-13,2025-02-13 14:02:00,1704.12,1704.31,1704.12,1704.31,0.01,32.08,54902.93,1
2025-02-13,2025-02-13 14:03:00,1704.31,1704.5,1704.31,1704.5,0.01,32.08,54902.93,1
2025-02-13,2025-02-13 14:04:00,1704.5,1704.69,1704.5,1704.69,0.01,32.08,54902.93,1
2025-02-13,2025-02-13 14:05:00,1704.69,1704.88,1704.69,1704.88,0.01,32.08,54902.93,1
2025-02-13,2025-02-13 14:06:00,1704.88,1705.06,1704.88,1705.06,0.01,32.08,54902.93,1
2025-02-13,2025-02-13 14:07:00,1705.06,1705.25,1705.06,1705.25,0.01,32.08,54902.93,1
2025-02-13,2025-02-13 14:08:00,1705.25,1705.44,1705.25,1705.44,0.01,32.08,54902.93,1
2025-02-13,2025-02-13 14:09:00,1705.44,1705.62,1705.44,1705.62,0.01,32.08,54902.93,1
2025-02-13,2025-02-13 14:10:00,1705.62,1705.81,1705.62,1705.81,0.01,32.08,54902.93,1
2025-02-13,2025-02-13 14:11:00,1705.81,1706.0,1705.81,1706.0,0.01,32.08,54902.93,1
2025-02-13,2025-02-13 14:12:00,1706.0,1706.19,1706.0,1706.19,0.01,32.08,54902.93,1
2025-02-13,2025-02-13 14:13:00,1706.19,1706.38,1706.19,1706.38,0.01,32.08,54902.93,1
2025-02-13,2025-02-13 14:14:00,1706.38,1706.56,1706.38,1706.56,0.01,32.08,54902.93,1
2025-02-13,2025-02-13 14:15:00,1706.56,1706.75,1706.56,1706.75,0.01,32.08,54902.93,1
2025-02-13,2025-02-13 14:16:00,1706.75,1706.94,1706.75,1706.94,0.01,32.08,54902.93,1
2025-02-13,2025-02-13 14:17:00,1706.94,1707.12,1706.94,1707.12,0.01,32.08,54902.93,1
2025-02-13,2025-02-13 14:18:00,1707.12,1707.31,1707.12,1707.31,0.01,32.08,54902.93,1
2025-02-13,2025-02-13 14:19:00,1707.31,1707.5,1707.31,1707.5,0.01,32.08,54902.93,1
2025-02-13,2025-02-13 14:20:00,1707.5,1707.69,1707.5,1707.69,0.01,32.08,54902.93,1
2025-02-13,2025-02-13 14:21:00,1707.69,1707.88,1707.69,1707.88,0.01,32.08,54902.93,1
2025-02-13,2025-02-13 14:22:00,1707.88,1708.06,1707.88,1708.06,0.01,32.08,54902.93,1
2025-02-13,2025-02-13 14:23:00,1708.06,1708.25,1708.06,1708.25,0.01,32.08,54902.93,1
2025-02-13,2025-02-13 14:24:00,1708.25,1708.44,1708.25,1708.44,0.01,32.08,54902.93,1
2025-02-13,2025-02-13 14:25:00,1708.44,1708.62,1708.44,1708.62,0.01,32.08,54902.93,1
2025-02-13,2025-02-13 14:26:00,1708.62,1708.81,1708.62,1708.81,0.01,32.08,54902.93,1
2025-02-13,2025-02-13 14:27:00,1708.81,1709.0,1708.81,1709.0,0.01,32.08,54902.93,1
2025-02-13,2025-02-13 14:28:00,1709.0,1709.19,1709.0,1709.19,0.01,32.08,54902.93,1
2025-02-13,2025-02-13 14:29:00,1709.19,1709.38,1709.19,1709.38,0.01,32.08,54902.93,1
2025-02-13,2025-02-13 14:30:00,1709.38,1709.56,1709.38,1709.56,0.01,32.08,54902.93,1
2025-02-13,2025-02-13 14:31:00,1709.56,1709.75,1709.56,1709.75,0.01,32.08,54902.93,1
2025-02-13,2025-02-13 14:32:00,1709.75,1709.94,1709.75,1709.94,0.01,32.08,54902.93,1
2025-02-13,2025-02-13 14:33:00,1709.94,1710.12,1709.94,1710.12,0.01,32.08,54902.93,1
2025-02-13,2025-02-13 14:34:00,1710.12,1710.31,1710.12,1710.31,0.01,32.08,54902.93,1
2025-02-13,2025-02-13 14:35:00,1710.31,1710.5,1710.31,1710.5,0.01,32.08,54902.93,1
2025-02-13,2025-02-13 14:36:00,1710.5,1710.69,1710.5,1710.69,0.01,32.08,54902.93,1
2025-02-13,2025-02-13 14:37:00,1710.69,1710.88,1710.69,1710.88,0.01,32.08,54902.93,1
2025-02-13,2025-02-13 14:38:00,1710.88,1711.06,1710.88,1711.06,0.01,32.08,54902.93,1
2025-02-13,2025-02-13 14:39:00,1711.06,1711.25,1711.06,1711.25,0.01,32.08,54902.93,1
2025-02-13,2025-02-13 14:40:00,1711.25,1711.44,1711.25,1711.44,0.01,32.08,54902.93,1
2025-02-13,2025-02-13 14:41:00,1711.44,1711.62,1711.44,1711.62,0.01,32.08,54902.93,1
2025-02-13,2025-02-13 14:42:00,1711.62,1711.81,1711.62,1711.81,0.01,32.08,54902.93,1
2025-02-13,2025-02-13 14:43:00,1711.81,1712.0,1711.81,1712.0,0.01,32.08,54902.93,1
2025-02-13,2025-02-13 14:44:00,1712.0,1712.19,1712.0,1712.19,0.01,32.08,54902.93,1
2025-02-13,2025-02-13 14:45:00,1712.19,1712.38,1712.19,1712.38,0.01,32.08,54902.93,1
2025-02-13,2025-02-13 14:46:00,1712.38,1712.56,1712.38,1712.56,0.01,32.08,54902.93,1
2025-02-13,2025-02-13 14:47:00,1712.56,1712.75,1712.56,1712.75,0.01,32.08,54902.93,1
2025-02-13,2025-02-13 14:48:00,1712.75,1712.94,1712.75,1712.94,0.01,32.08,54902.93,1
2025-02-13,2025-02-13 14:49:00,1712.94,1713.12,1712.94,1713.12,0.01,32.08,54902.93,1
2025-02-13,2025-02-13 14:50:00,1713.12,1713.31,1713.12,1713.31,0.01,32.08,54902.93,1
2025-02-13,2025-02-13 14:51:00,1713.31,1713.5,1713.31,1713.5,0.01,32.08,54902.93,1
2025-02-13,2025-02-13 14:52:00,1713.5,1713.69,1713.5,1713.69,0.01,32.08,54902.93,1
2025-02-13,2025-02-13 14:53:00,1713.69,1713.88,1713.69,1713.88,0.01,32.08,54902.93,1
2025-02-13,2025-02-13 14:54:00,1713.88,1714.06,1713.88,1714.06,0.01,32.08,54902.93,1
2025-02-13,2025-02-13 14:55:00,1714.06,1714.25,1714.06,1714.25,0.01,32.08,54902.93,1
2025-02-13,2025-02-13 14:56:00,1714.25,1714.44,1714.25,1714.44,0.01,32.08,54902.93,1
2025-02-13,2025-02-13 14:57:00,1714.44,1714.62,1714.44,1714.62,0.01,32.08,54902.93,1
2025-02-13,2025-02-13 14:58:00,1714.62,1714.81,1714.62,1714.81,0.01,32.08,54902.93,1
2025-02-13,2025-02-13 14:59:00,1714.81,1715.0,1714.81,1715.0,0.01,32.08,54902.93,1
2025-02-13,2025-02-13 15:00:00,1715.0,1720.0,1670.0,1715.0,0.0,32.08,54902.93,0
2025-02-16,2025-02-16 11:00:00,1715.0,1728.2,1710.5,1715.13,0.01,28.39,49435.53,1
2025-02-16,2025-02-16 11:01:00,1715.13,1715.26,1715.13,1715.26,0.01,28.39,49435.53,1
2025-02-16,2025-02-16 11:02:00,1715.26,1715.4,1715.26,1715.4,0.01,28.39,49435.53,1
2025-02-16,2025-02-16 11:03:00,1715.4,1715.53,1715.4,1715.53,0.01,28.39,49435.53,1
2025-02-16,2025-02-16 11:04:00,1715.53,1715.66,1715.53,1715.66,0.01,28.39,49435.53,1
2025-02-16,2025-02-16 11:05:00,1715.66,1715.79,1715.66,1715.79,0.01,28.39,49435.53,1
2025-02-16,2025-02-16 11:06:00,1715.79,1715.92,1715.79,1715.92,0.01,28.39,49435.53,1
2025-02-16,2025-02-16 11:07:00,1715.92,1716.06,1715.92,1716.06,0.01,28.39,49435.53,1
2025-02-16,2025-02-16 11:08:00,1716.06,1716.19,1716.06,1716.19,0.01,28.39,49435.53,1
2025-02-16,2025-02-16 11:09:00,1716.19,1716.32,1716.19,1716.32,0.01,28.39,49435.53,1
2025-02-16,2025-02-16 11:10:00,1716.32,1716.45,1716.32,1716.45,0.01,28.39,49435.53,1
2025-02-16,2025-02-16 11:11:00,1716.45,1716.59,1716.45,1716.59,0.01,28.39,49435.53,1
2025-02-16,2025-02-16 11:12:00,1716.59,1716.72,1716.59,1716.72,0.01,28.39,49435.53,1
2025-02-16,2025-02-16 11:13:00,1716.72,1716.85,1716.72,1716.85,0.01,28.39,49435.53,1
2025-02-16,2025-02-16 11:14:00,1716.85,1716.98,1716.85,1716.98,0.01,28.39,49435.53,1
2025-02-16,2025-02-16 11:15:00,1716.98,1717.11,1716.98,1717.11,0.01,28.39,49435.53,1
2025-02-16,2025-02-16 11:16:00,1717.11,1717.25,1717.11,1717.25,0.01,28.39,49435.53,1
2025-02-16,2025-02-16 11:17:00,1717.25,1717.38,1717.25,1717.38,0.01,28.39,49435.53,1
2025-02-16,2025-02-16 11:18:00,1717.38,1717.51,1717.38,1717.51,0.01,28.39,49435.53,1
2025-02-16,2025-02-16 11:19:00,1717.51,1717.64,1717.51,1717.64,0.01,28.39,49435.53,1
2025-02-16,2025-02-16 11:20:00,1717.64,1717.77,1717.64,1717.77,0.01,28.39,49435.53,1
2025-02-16,2025-02-16 11:21:00,1717.77,1717.91,1717.77,1717.91,0.01,28.39,49435.53,1
2025-02-16,2025-02-16 11:22:00,1717.91,1718.04,1717.91,1718.04,0.01,28.39,49435.53,1
2025-02-16,2025-02-16 11:23:00,1718.04,1718.17,1718.04,1718.17,0.01,28.39,49435.53,1
2025-02-16,2025-02-16 11:24:00,1718.17,1718.3,1718.17,1718.3,0.01,28.39,49435.53,1
2025-02-16,2025-02-16 11:25:00,1718.3,1718.43,1718.3,1718.43,0.01,28.39,49435.53,1
2025-02-16,2025-02-16 11:26:00,1718.43,1718.57,1718.43,1718.57,0.01,28.39,49435.53,1
2025-02-16,2025-02-16 11:27:00,1718.57,1718.7,1718.57,1718.7,0.01,28.39,49435.53,1
2025-02-16,2025-02-16 11:28:00,1718.7,1718.83,1718.7,1718.83,0.01,28.39,49435.53,1
2025-02-16,2025-02-16 11:29:00,1718.83,1718.96,1718.83,1718.96,0.01,28.39,49435.53,1
2025-02-16,2025-02-16 11:30:00,1718.96,1719.09,1718.96,1719.09,0.01,28.39,49435.53,1
2025-02-16,2025-02-16 11:31:00,1719.09,1719.23,1719.09,1719.23,0.01,28.39,49435.53,1
2025-02-16,2025-02-16 11:32:00,1719.23,1719.36,1719.23,1719.36,0.01,28.39,49435.53,1
2025-02-16,2025-02-16 11:33:00,1719.36,1719.49,1719.36,1719.49,0.01,28.39,49435.53,1
2025-02-16,2025-02-16 11:34:00,1719.49,1719.62,1719.49,1719.62,0.01,28.39,49435.53,1
2025-02-16,2025-02-16 11:35:00,1719.62,1719.76,1719.62,1719.76,0.01,28.39,49435.53,1
2025-02-16,2025-02-16 11:36:00,1719.76,1719.89,1719.76,1719.89,0.01,28.39,49435.53,1
2025-02-16,2025-02-16 11:37:00,1719.89,1720.02,1719.89,1720.02,0.01,28.39,49435.53,1
2025-02-16,2025-02-16 11:38:00,1720.02,1720.15,1720.02,1720.15,0.01,28.39,49435.53,1
2025-02-16,2025-02-16 11:39:00,1720.15,1720.28,1720.15,1720.28,0.01,28.39,49435.53,1
2025-02-16,2025-02-16 11:40:00,1720.28,1720.42,1720.28,1720.42,0.01,28.39,49435.53,1
2025-02-16,2025-02-16 11:41:00,1720.42,1720.55,1720.42,1720.55,0.01,28.39,49435.53,1
2025-02-16,2025-02-16 11:42:00,1720.55,1720.68,1720.55,1720.68,0.01,28.39,49435.53,1
2025-02-16,2025-02-16 11:43:00,1720.68,1720.81,1720.68,1720.81,0.01,28.39,49435.53,1
2025-02-16,2025-02-16 11:44:00,1720.81,1720.94,1720.81,1720.94,0.01,28.39,49435.53,1
2025-02-16,2025-02-16 11:45:00,1720.94,1721.08,1720.94,1721.08,0.01,28.39,49435.53,1
2025-02-16,2025-02-16 11:46:00,1721.08,1721.21,1721.08,1721.21,0.01,28.39,49435.53,1
2025-02-16,2025-02-16 11:47:00,1721.21,1721.34,1721.21,1721.34,0.01,28.39,49435.53,1
2025-02-16,2025-02-16 11:48:00,1721.34,1721.47,1721.34,1721.47,0.01,28.39,49435.53,1
2025-02-16,2025-02-16 11:49:00,1721.47,1721.6,1721.47,1721.6,0.01,28.39,49435.53,1
2025-02-16,2025-02-16 11:50:00,1721.6,1721.74,1721.6,1721.74,0.01,28.39,49435.53,1
2025-02-16,2025-02-16 11:51:00,1721.74,1721.87,1721.74,1721.87,0.01,28.39,49435.53,1
2025-02-16,2025-02-16 11:52:00,1721.87,1722.0,1721.87,1722.0,0.01,28.39,49435.53,1
2025-02-16,2025-02-16 11:53:00,1722.0,1722.13,1722.0,1722.13,0.01,28.39,49435.53,1
2025-02-16,2025-02-16 11:54:00,1722.13,1722.26,1722.13,1722.26,0.01,28.39,49435.53,1
2025-02-16,2025-02-16 11:55:00,1722.26,1722.4,1722.26,1722.4,0.01,28.39,49435.53,1
2025-02-16,2025-02-16 11:56:00,1722.4,1722.53,1722.4,1722.53,0.01,28.39,49435.53,1
2025-02-16,2025-02-16 11:57:00,1722.53,1722.66,1722.53,1722.66,0.01,28.39,49435.53,1
2025-02-16,2025-02-16 11:58:00,1722.66,1722.79,1722.66,1722.79,0.01,28.39,49435.53,1
2025-02-16,2025-02-16 11:59:00,1722.79,1722.92,1722.79,1722.92,0.01,28.39,49435.53,1
2025-02-16,2025-02-16 12:00:00,1722.92,1723.06,1722.92,1723.06,0.01,28.39,49435.53,1
2025-02-16,2025-02-16 12:01:00,1723.06,1723.19,1723.06,1723.19,0.01,28.39,49435.53,1
2025-02-16,2025-02-16 12:02:00,1723.19,1723.32,1723.19,1723.32,0.01,28.39,49435.53,1
2025-02-16,2025-02-16 12:03:00,1723.32,1723.45,1723.32,1723.45,0.01,28.39,49435.53,1
2025-02-16,2025-02-16 12:04:00,1723.45,1723.59,1723.45,1723.59,0.01,28.39,49435.53,1
2025-02-16,2025-02-16 12:05:00,1723.59,1723.72,1723.59,1723.72,0.01,28.39,49435.53,1
2025-02-16,2025-02-16 12:06:00,1723.72,1723.85,1723.72,1723.85,0.01,28.39,49435.53,1
2025-02-16,2025-02-16 12:07:00,1723.85,1723.98,1723.85,1723.98,0.01,28.39,49435.53,1
2025-02-16,2025-02-16 12:08:00,1723.98,1724.11,1723.98,1724.11,0.01,28.39,49435.53,1
2025-02-16,2025-02-16 12:09:00,1724.11,1724.25,1724.11,1724.25,0.01,28.39,49435.53,1
2025-02-16,2025-02-16 12:10:00,1724.25,1724.38,1724.25,1724.38,0.01,28.39,49435.53,1
2025-02-16,2025-02-16 12:11:00,1724.38,1724.51,1724.38,1724.51,0.01,28.39,49435.53,1
2025-02-16,2025-02-16 12:12:00,1724.51,1724.64,1724.51,1724.64,0.01,28.39,49435.53,1
2025-02-16,2025-02-16 12:13:00,1724.64,1724.77,1724.64,1724.77,0.01,28.39,49435.53,1
2025-02-16,2025-02-16 12:14:00,1724.77,1724.91,1724.77,1724.91,0.01,28.39,49435.53,1
2025-02-16,2025-02-16 12:15:00,1724.91,1725.04,1724.91,1725.04,0.01,28.39,49435.53,1
2025-02-16,2025-02-16 12:16:00,1725.04,1725.17,1725.04,1725.17,0.01,28.39,49435.53,1
2025-02-16,2025-02-16 12:17:00,1725.17,1725.3,1725.17,1725.3,0.01,28.39,49435.53,1
2025-02-16,2025-02-16 12:18:00,1725.3,1725.43,1725.3,1725.43,0.01,28.39,49435.53,1
2025-02-16,2025-02-16 12:19:00,1725.43,1725.57,1725.43,1725.57,0.01,28.39,49435.53,1
2025-02-16,2025-02-16 12:20:00,1725.57,1725.7,1725.57,1725.7,0.01,28.39,49435.53,1
2025-02-16,2025-02-16 12:21:00,1725.7,1725.83,1725.7,1725.83,0.01,28.39,49435.53,1
2025-02-16,2025-02-16 12:22:00,1725.83,1725.96,1725.83,1725.96,0.01,28.39,49435.53,1
2025-02-16,2025-02-16 12:23:00,1725.96,1726.1,1725.96,1726.1,0.01,28.39,49435.53,1
2025-02-16,2025-02-16 12:24:00,1726.1,1726.23,1726.1,1726.23,0.01,28.39,49435.53,1
2025-02-16,2025-02-16 12:25:00,1726.23,1726.36,1726.23,1726.36,0.01,28.39,49435.53,1
2025-02-16,2025-02-16 12:26:00,1726.36,1726.49,1726.36,1726.49,0.01,28.39,49435.53,1
2025-02-16,2025-02-16 12:27:00,1726.49,1726.62,1726.49,1726.62,0.01,28.39,49435.53,1
2025-02-16,2025-02-16 12:28:00,1726.62,1726.76,1726.62,1726.76,0.01,28.39,49435.53,1
2025-02-16,2025-02-16 12:29:00,1726.76,1726.89,1726.76,1726.89,0.01,28.39,49435.53,1
2025-02-16,2025-02-16 12:30:00,1726.89,1727.02,1726.89,1727.02,0.01,28.39,49435.53,1
2025-02-16,2025-02-16 12:31:00,1727.02,1727.15,1727.02,1727.15,0.01,28.39,49435.53,1
2025-02-16,2025-02-16 12:32:00,1727.15,1727.28,1727.15,1727.28,0.01,28.39,49435.53,1
2025-02-16,2025-02-16 12:33:00,1727.28,1727.42,1727.28,1727.42,0.01,28.39,49435.53,1
2025-02-16,2025-02-16 12:34:00,1727.42,1727.55,1727.42,1727.55,0.01,28.39,49435.53,1
2025-02-16,2025-02-16 12:35:00,1727.55,1727.68,1727.55,1727.68,0.01,28.39,49435.53,1
2025-02-16,2025-02-16 12:36:00,1727.68,1727.81,1727.68,1727.81,0.01,28.39,49435.53,1
2025-02-16,2025-02-16 12:37:00,1727.81,1727.94,1727.81,1727.94,0.01,28.39,49435.53,1
2025-02-16,2025-02-16 12:38:00,1727.94,1728.08,1727.94,1728.08,0.01,28.39,49435.53,1
2025-02-16,2025-02-16 12:39:00,1728.08,1728.21,1728.08,1728.21,0.01,28.39,49435.53,1
2025-02-16,2025-02-16 12:40:00,1728.21,1728.34,1728.21,1728.34,0.01,28.39,49435.53,1
2025-02-16,2025-02-16 12:41:00,1728.34,1728.47,1728.34,1728.47,0.01,28.39,49435.53,1
2025-02-16,2025-02-16 12:42:00,1728.47,1728.6,1728.47,1728.6,0.01,28.39,49435.53,1
2025-02-16,2025-02-16 12:43:00,1728.6,1728.74,1728.6,1728.74,0.01,28.39,49435.53,1
2025-02-16,2025-02-16 12:44:00,1728.74,1728.87,1728.74,1728.87,0.01,28.39,49435.53,1
2025-02-16,2025-02-16 12:45:00,1728.87,1729.0,1728.87,1729.0,0.01,28.39,49435.53,1
2025-02-16,2025-02-16 12:46:00,1729.0,1729.13,1729.0,1729.13,0.01,28.39,49435.53,1
2025-02-16,2025-02-16 12:47:00,1729.13,1729.27,1729.13,1729.27,0.01,28.39,49435.53,1
2025-02-16,2025-02-16 12:48:00,1729.27,1729.4,1729.27,1729.4,0.01,28.39,49435.53,1
2025-02-16,2025-02-16 12:49:00,1729.4,1729.53,1729.4,1729.53,0.01,28.39,49435.53,1
2025-02-16,2025-02-16 12:50:00,1729.53,1729.66,1729.53,1729.66,0.01,28.39,49435.53,1
2025-02-16,2025-02-16 12:51:00,1729.66,1729.79,1729.66,1729.79,0.01,28.39,49435.53,1
2025-02-16,2025-02-16 12:52:00,1729.79,1729.93,1729.79,1729.93,0.01,28.39,49435.53,1
2025-02-16,2025-02-16 12:53:00,1729.93,1730.06,1729.93,1730.06,0.01,28.39,49435.53,1
2025-02-16,2025-02-16 12:54:00,1730.06,1730.19,1730.06,1730.19,0.01,28.39,49435.53,1
2025-02-16,2025-02-16 12:55:00,1730.19,1730.32,1730.19,1730.32,0.01,28.39,49435.53,1
2025-02-16,2025-02-16 12:56:00,1730.32,1730.45,1730.32,1730.45,0.01,28.39,49435.53,1
2025-02-16,2025-02-16 12:57:00,1730.45,1730.59,1730.45,1730.59,0.01,28.39,49435.53,1
2025-02-16,2025-02-16 12:58:00,1730.59,1730.72,1730.59,1730.72,0.01,28.39,49435.53,1
2025-02-16,2025-02-16 12:59:00,1730.72,1730.85,1730.72,1730.85,0.01,28.39,49435.53,1
2025-02-16,2025-02-16 13:00:00,1730.85,1759.0,1700.0,1730.98,0.01,28.39,49435.53,1
2025-02-16,2025-02-16 13:01:00,1730.98,1731.11,1730.98,1731.11,0.01,28.39,49435.53,1
2025-02-16,2025-02-16 13:02:00,1731.11,1731.25,1731.11,1731.25,0.01,28.39,49435.53,1
2025-02-16,2025-02-16 13:03:00,1731.25,1731.38,1731.25,1731.38,0.01,28.39,49435.53,1
2025-02-16,2025-02-16 13:04:00,1731.38,1731.51,1731.38,1731.51,0.01,28.39,49435.53,1
2025-02-16,2025-02-16 13:05:00,1731.51,1731.64,1731.51,1731.64,0.01,28.39,49435.53,1
2025-02-16,2025-02-16 13:06:00,1731.64,1731.77,1731.64,1731.77,0.01,28.39,49435.53,1
2025-02-16,2025-02-16 13:07:00,1731.77,1731.91,1731.77,1731.91,0.01,28.39,49435.53,1
2025-02-16,2025-02-16 13:08:00,1731.91,1732.04,1731.91,1732.04,0.01,28.39,49435.53,1
2025-02-16,2025-02-16 13:09:00,1732.04,1732.17,1732.04,1732.17,0.01,28.39,49435.53,1
2025-02-16,2025-02-16 13:10:00,1732.17,1732.3,1732.17,1732.3,0.01,28.39,49435.53,1
2025-02-16,2025-02-16 13:11:00,1732.3,1732.43,1732.3,1732.43,0.01,28.39,49435.53,1
2025-02-16,2025-02-16 13:12:00,1732.43,1732.57,1732.43,1732.57,0.01,28.39,49435.53,1
2025-02-16,2025-02-16 13:13:00,1732.57,1732.7,1732.57,1732.7,0.01,28.39,49435.53,1
2025-02-16,2025-02-16 13:14:00,1732.7,1732.83,1732.7,1732.83,0.01,28.39,49435.53,1
2025-02-16,2025-02-16 13:15:00,1732.83,1732.96,1732.83,1732.96,0.01,28.39,49435.53,1
2025-02-16,2025-02-16 13:16:00,1732.96,1733.1,1732.96,1733.1,0.01,28.39,49435.53,1
2025-02-16,2025-02-16 13:17:00,1733.1,1733.23,1733.1,1733.23,0.01,28.39,49435.53,1
2025-02-16,2025-02-16 13:18:00,1733.23,1733.36,1733.23,1733.36,0.01,28.39,49435.53,1
2025-02-16,2025-02-16 13:19:00,1733.36,1733.49,1733.36,1733.49,0.01,28.39,49435.53,1
2025-02-16,2025-02-16 13:20:00,1733.49,1733.62,1733.49,1733.62,0.01,28.39,49435.53,1
2025-02-16,2025-02-16 13:21:00,1733.62,1733.76,1733.62,1733.76,0.01,28.39,49435.53,1
2025-02-16,2025-02-16 13:22:00,1733.76,1733.89,1733.76,1733.89,0.01,28.39,49435.53,1
2025-02-16,2025-02-16 13:23:00,1733.89,1734.02,1733.89,1734.02,0.01,28.39,49435.53,1
2025-02-16,2025-02-16 13:24:00,1734.02,1734.15,1734.02,1734.15,0.01,28.39,49435.53,1
2025-02-16,2025-02-16 13:25:00,1734.15,1734.28,1734.15,1734.28,0.01,28.39,49435.53,1
2025-02-16,2025-02-16 13:26:00,1734.28,1734.42,1734.28,1734.42,0.01,28.39,49435.53,1
2025-02-16,2025-02-16 13:27:00,1734.42,1734.55,1734.42,1734.55,0.01,28.39,49435.53,1
2025-02-16,2025-02-16 13:28:00,1734.55,1734.68,1734.55,1734.68,0.01,28.39,49435.53,1
2025-02-16,2025-02-16 13:29:00,1734.68,1734.81,1734.68,1734.81,0.01,28.39,49435.53,1
2025-02-16,2025-02-16 13:30:00,1734.81,1734.94,1734.81,1734.94,0.01,28.39,49435.53,1
2025-02-16,2025-02-16 13:31:00,1734.94,1735.08,1734.94,1735.08,0.01,28.39,49435.53,1
2025-02-16,2025-02-16 13:32:00,1735.08,1735.21,1735.08,1735.21,0.01,28.39,49435.53,1
2025-02-16,2025-02-16 13:33:00,1735.21,1735.34,1735.21,1735.34,0.01,28.39,49435.53,1
2025-02-16,2025-02-16 13:34:00,1735.34,1735.47,1735.34,1735.47,0.01,28.39,49435.53,1
2025-02-16,2025-02-16 13:35:00,1735.47,1735.61,1735.47,1735.61,0.01,28.39,49435.53,1
2025-02-16,2025-02-16 13:36:00,1735.61,1735.74,1735.61,1735.74,0.01,28.39,49435.53,1
2025-02-16,2025-02-16 13:37:00,1735.74,1735.87,1735.74,1735.87,0.01,28.39,49435.53,1
2025-02-16,2025-02-16 13:38:00,1735.87,1736.0,1735.87,1736.0,0.01,28.39,49435.53,1
2025-02-16,2025-02-16 13:39:00,1736.0,1736.13,1736.0,1736.13,0.01,28.39,49435.53,1
2025-02-16,2025-02-16 13:40:00,1736.13,1736.27,1736.13,1736.27,0.01,28.39,49435.53,1
2025-02-16,2025-02-16 13:41:00,1736.27,1736.4,1736.27,1736.4,0.01,28.39,49435.53,1
2025-02-16,2025-02-16 13:42:00,1736.4,1736.53,1736.4,1736.53,0.01,28.39,49435.53,1
2025-02-16,2025-02-16 13:43:00,1736.53,1736.66,1736.53,1736.66,0.01,28.39,49435.53,1
2025-02-16,2025-02-16 13:44:00,1736.66,1736.79,1736.66,1736.79,0.01,28.39,49435.53,1
2025-02-16,2025-02-16 13:45:00,1736.79,1736.93,1736.79,1736.93,0.01,28.39,49435.53,1
2025-02-16,2025-02-16 13:46:00,1736.93,1737.06,1736.93,1737.06,0.01,28.39,49435.53,1
2025-02-16,2025-02-16 13:47:00,1737.06,1737.19,1737.06,1737.19,0.01,28.39,49435.53,1
2025-02-16,2025-02-16 13:48:00,1737.19,1737.32,1737.19,1737.32,0.01,28.39,49435.53,1
2025-02-16,2025-02-16 13:49:00,1737.32,1737.45,1737.32,1737.45,0.01,28.39,49435.53,1
2025-02-16,2025-02-16 13:50:00,1737.45,1737.59,1737.45,1737.59,0.01,28.39,49435.53,1
2025-02-16,2025-02-16 13:51:00,1737.59,1737.72,1737.59,1737.72,0.01,28.39,49435.53,1
2025-02-16,2025-02-16 13:52:00,1737.72,1737.85,1737.72,1737.85,0.01,28.39,49435.53,1
2025-02-16,2025-02-16 13:53:00,1737.85,1737.98,1737.85,1737.98,0.01,28.39,49435.53,1
2025-02-16,2025-02-16 13:54:00,1737.98,1738.11,1737.98,1738.11,0.01,28.39,49435.53,1
2025-02-16,2025-02-16 13:55:00,1738.11,1738.25,1738.11,1738.25,0.01,28.39,49435.53,1
2025-02-16,2025-02-16 13:56:00,1738.25,1738.38,1738.25,1738.38,0.01,28.39,49435.53,1
2025-02-16,2025-02-16 13:57:00,1738.38,1738.51,1738.38,1738.51,0.01,28.39,49435.53,1
2025-02-16,2025-02-16 13:58:00,1738.51,1738.64,1738.51,1738.64,0.01,28.39,49435.53,1
2025-02-16,2025-02-16 13:59:00,1738.64,1738.78,1738.64,1738.78,0.01,28.39,49435.53,1
2025-02-16,2025-02-16 14:00:00,1738.78,1738.91,1738.78,1738.91,0.01,28.39,49435.53,1
2025-02-16,2025-02-16 14:01:00,1738.91,1739.04,1738.91,1739.04,0.01,28.39,49435.53,1
2025-02-16,2025-02-16 14:02:00,1739.04,1739.17,1739.04,1739.17,0.01,28.39,49435.53,1
2025-02-16,2025-02-16 14:03:00,1739.17,1739.3,1739.17,1739.3,0.01,28.39,49435.53,1
2025-02-16,2025-02-16 14:04:00,1739.3,1739.44,1739.3,1739.44,0.01,28.39,49435.53,1
2025-02-16,2025-02-16 14:05:00,1739.44,1739.57,1739.44,1739.57,0.01,28.39,49435.53,1
2025-02-16,2025-02-16 14:06:00,1739.57,1739.7,1739.57,1739.7,0.01,28.39,49435.53,1
2025-02-16,2025-02-16 14:07:00,1739.7,1739.83,1739.7,1739.83,0.01,28.39,49435.53,1
2025-02-16,2025-02-16 14:08:00,1739.83,1739.96,1739.83,1739.96,0.01,28.39,49435.53,1
2025-02-16,2025-02-16 14:09:00,1739.96,1740.1,1739.96,1740.1,0.01,28.39,49435.53,1
2025-02-16,2025-02-16 14:10:00,1740.1,1740.23,1740.1,1740.23,0.01,28.39,49435.53,1
2025-02-16,2025-02-16 14:11:00,1740.23,1740.36,1740.23,1740.36,0.01,28.39,49435.53,1
2025-02-16,2025-02-16 14:12:00,1740.36,1740.49,1740.36,1740.49,0.01,28.39,49435.53,1
2025-02-16,2025-02-16 14:13:00,1740.49,1740.62,1740.49,1740.62,0.01,28.39,49435.53,1
2025-02-16,2025-02-16 14:14:00,1740.62,1740.76,1740.62,1740.76,0.01,28.39,49435.53,1
2025-02-16,2025-02-16 14:15:00,1740.76,1740.89,1740.76,1740.89,0.01,28.39,49435.53,1
2025-02-16,2025-02-16 14:16:00,1740.89,1741.02,1740.89,1741.02,0.01,28.39,49435.53,1
2025-02-16,2025-02-16 14:17:00,1741.02,1741.15,1741.02,1741.15,0.01,28.39,49435.53,1
2025-02-16,2025-02-16 14:18:00,1741.15,1741.28,1741.15,1741.28,0.01,28.39,49435.53,1
2025-02-16,2025-02-16 14:19:00,1741.28,1741.42,1741.28,1741.42,0.01,28.39,49435.53,1
2025-02-16,2025-02-16 14:20:00,1741.42,1741.55,1741.42,1741.55,0.01,28.39,49435.53,1
2025-02-16,2025-02-16 14:21:00,1741.55,1741.68,1741.55,1741.68,0.01,28.39,49435.53,1
2025-02-16,2025-02-16 14:22:00,1741.68,1741.81,1741.68,1741.81,0.01,28.39,49435.53,1
2025-02-16,2025-02-16 14:23:00,1741.81,1741.94,1741.81,1741.94,0.01,28.39,49435.53,1
2025-02-16,2025-02-16 14:24:00,1741.94,1742.08,1741.94,1742.08,0.01,28.39,49435.53,1
2025-02-16,2025-02-16 14:25:00,1742.08,1742.21,1742.08,1742.21,0.01,28.39,49435.53,1
2025-02-16,2025-02-16 14:26:00,1742.21,1742.34,1742.21,1742.34,0.01,28.39,49435.53,1
2025-02-16,2025-02-16 14:27:00,1742.34,1742.47,1742.34,1742.47,0.01,28.39,49435.53,1
2025-02-16,2025-02-16 14:28:00,1742.47,1742.61,1742.47,1742.61,0.01,28.39,49435.53,1
2025-02-16,2025-02-16 14:29:00,1742.61,1742.74,1742.61,1742.74,0.01,28.39,49435.53,1
2025-02-16,2025-02-16 14:30:00,1742.74,1742.87,1742.74,1742.87,0.01,28.39,49435.53,1
2025-02-16,2025-02-16 14:31:00,1742.87,1743.0,1742.87,1743.0,0.01,28.39,49435.53,1
2025-02-16,2025-02-16 14:32:00,1743.0,1743.13,1743.0,1743.13,0.01,28.39,49435.53,1
2025-02-16,2025-02-16 14:33:00,1743.13,1743.27,1743.13,1743.27,0.01,28.39,49435.53,1
2025-02-16,2025-02-16 14:34:00,1743.27,1743.4,1743.27,1743.4,0.01,28.39,49435.53,1
2025-02-16,2025-02-16 14:35:00,1743.4,1743.53,1743.4,1743.53,0.01,28.39,49435.53,1
2025-02-16,2025-02-16 14:36:00,1743.53,1743.66,1743.53,1743.66,0.01,28.39,49435.53,1
2025-02-16,2025-02-16 14:37:00,1743.66,1743.79,1743.66,1743.79,0.01,28.39,49435.53,1
2025-02-16,2025-02-16 14:38:00,1743.79,1743.93,1743.79,1743.93,0.01,28.39,49435.53,1
2025-02-16,2025-02-16 14:39:00,1743.93,1744.06,1743.93,1744.06,0.01,28.39,49435.53,1
2025-02-16,2025-02-16 14:40:00,1744.06,1744.19,1744.06,1744.19,0.01,28.39,49435.53,1
2025-02-16,2025-02-16 14:41:00,1744.19,1744.32,1744.19,1744.32,0.01,28.39,49435.53,1
2025-02-16,2025-02-16 14:42:00,1744.32,1744.45,1744.32,1744.45,0.01,28.39,49435.53,1
2025-02-16,2025-02-16 14:43:00,1744.45,1744.59,1744.45,1744.59,0.01,28.39,49435.53,1
2025-02-16,2025-02-16 14:44:00,1744.59,1744.72,1744.59,1744.72,0.01,28.39,49435.53,1
2025-02-16,2025-02-16 14:45:00,1744.72,1744.85,1744.72,1744.85,0.01,28.39,49435.53,1
2025-02-16,2025-02-16 14:46:00,1744.85,1744.98,1744.85,1744.98,0.01,28.39,49435.53,1
2025-02-16,2025-02-16 14:47:00,1744.98,1745.12,1744.98,1745.12,0.01,28.39,49435.53,1
2025-02-16,2025-02-16 14:48:00,1745.12,1745.25,1745.12,1745.25,0.01,28.39,49435.53,1
2025-02-16,2025-02-16 14:49:00,1745.25,1745.38,1745.25,1745.38,0.01,28.39,49435.53,1
2025-02-16,2025-02-16 14:50:00,1745.38,1745.51,1745.38,1745.51,0.01,28.39,49435.53,1
2025-02-16,2025-02-16 14:51:00,1745.51,1745.64,1745.51,1745.64,0.01,28.39,49435.53,1
2025-02-16,2025-02-16 14:52:00,1745.64,1745.78,1745.64,1745.78,0.01,28.39,49435.53,1
2025-02-16,2025-02-16 14:53:00,1745.78,1745.91,1745.78,1745.91,0.01,28.39,49435.53,1
2025-02-16,2025-02-16 14:54:00,1745.91,1746.04,1745.91,1746.04,0.01,28.39,49435.53,1
2025-02-16,2025-02-16 14:55:00,1746.04,1746.17,1746.04,1746.17,0.01,28.39,49435.53,1
2025-02-16,2025-02-16 14:56:00,1746.17,1746.3,1746.17,1746.3,0.01,28.39,49435.53,1
2025-02-16,2025-02-16 14:57:00,1746.3,1746.44,1746.3,1746.44,0.01,28.39,49435.53,1
2025-02-16,2025-02-16 14:58:00,1746.44,1746.57,1746.44,1746.57,0.01,28.39,49435.53,1
2025-02-16,2025-02-16 14:59:00,1746.57,1746.7,1746.57,1746.7,0.01,28.39,49435.53,1
2025-02-16,2025-02-16 15:00:00,1746.7,1759.0,1700.0,1746.7,0.0,28.39,49435.53,0
2025-02-17,2025-02-17 11:00:00,1780.0,1804.45,1769.32,1780.25,0.01,98.95,179742.81,1
2025-02-17,2025-02-17 11:01:00,1780.25,1780.5,1780.25,1780.5,0.01,98.95,179742.81,1
2025-02-17,2025-02-17 11:02:00,1780.5,1780.75,1780.5,1780.75,0.01,98.95,179742.81,1
2025-02-17,2025-02-17 11:03:00,1780.75,1781.0,1780.75,1781.0,0.01,98.95,179742.81,1
2025-02-17,2025-02-17 11:04:00,1781.0,1781.25,1781.0,1781.25,0.01,98.95,179742.81,1
2025-02-17,2025-02-17 11:05:00,1781.25,1781.5,1781.25,1781.5,0.01,98.95,179742.81,1
2025-02-17,2025-02-17 11:06:00,1781.5,1781.75,1781.5,1781.75,0.01,98.95,179742.81,1
2025-02-17,2025-02-17 11:07:00,1781.75,1782.0,1781.75,1782.0,0.01,98.95,179742.81,1
2025-02-17,2025-02-17 11:08:00,1782.0,1782.25,1782.0,1782.25,0.01,98.95,179742.81,1
2025-02-17,2025-02-17 11:09:00,1782.25,1782.5,1782.25,1782.5,0.01,98.95,179742.81,1
2025-02-17,2025-02-17 11:10:00,1782.5,1782.75,1782.5,1782.75,0.01,98.95,179742.81,1
2025-02-17,2025-02-17 11:11:00,1782.75,1783.0,1782.75,1783.0,0.01,98.95,179742.81,1
2025-02-17,2025-02-17 11:12:00,1783.0,1783.25,1783.0,1783.25,0.01,98.95,179742.81,1
2025-02-17,2025-02-17 11:13:00,1783.25,1783.5,1783.25,1783.5,0.01,98.95,179742.81,1
2025-02-17,2025-02-17 11:14:00,1783.5,1783.75,1783.5,1783.75,0.01,98.95,179742.81,1
2025-02-17,2025-02-17 11:15:00,1783.75,1784.0,1783.75,1784.0,0.01,98.95,179742.81,1
2025-02-17,2025-02-17 11:16:00,1784.0,1784.25,1784.0,1784.25,0.01,98.95,179742.81,1
2025-02-17,2025-02-17 11:17:00,1784.25,1784.5,1784.25,1784.5,0.01,98.95,179742.81,1
2025-02-17,2025-02-17 11:18:00,1784.5,1784.75,1784.5,1784.75,0.01,98.95,179742.81,1
2025-02-17,2025-02-17 11:19:00,1784.75,1785.0,1784.75,1785.0,0.01,98.95,179742.81,1
2025-02-17,2025-02-17 11:20:00,1785.0,1785.25,1785.0,1785.25,0.01,98.95,179742.81,1
2025-02-17,2025-02-17 11:21:00,1785.25,1785.5,1785.25,1785.5,0.01,98.95,179742.81,1
2025-02-17,2025-02-17 11:22:00,1785.5,1785.75,1785.5,1785.75,0.01,98.95,179742.81,1
2025-02-17,2025-02-17 11:23:00,1785.75,1786.0,1785.75,1786.0,0.01,98.95,179742.81,1
2025-02-17,2025-02-17 11:24:00,1786.0,1786.25,1786.0,1786.25,0.01,98.95,179742.81,1
2025-02-17,2025-02-17 11:25:00,1786.25,1786.5,1786.25,1786.5,0.01,98.95,179742.81,1
2025-02-17,2025-02-17 11:26:00,1786.5,1786.75,1786.5,1786.75,0.01,98.95,179742.81,1
2025-02-17,2025-02-17 11:27:00,1786.75,1787.0,1786.75,1787.0,0.01,98.95,179742.81,1
2025-02-17,2025-02-17 11:28:00,1787.0,1787.25,1787.0,1787.25,0.01,98.95,179742.81,1
2025-02-17,2025-02-17 11:29:00,1787.25,1787.5,1787.25,1787.5,0.01,98.95,179742.81,1
2025-02-17,2025-02-17 11:30:00,1787.5,1787.75,1787.5,1787.75,0.01,98.95,179742.81,1
2025-02-17,2025-02-17 11:31:00,1787.75,1788.0,1787.75,1788.0,0.01,98.95,179742.81,1
2025-02-17,2025-02-17 11:32:00,1788.0,1788.25,1788.0,1788.25,0.01,98.95,179742.81,1
2025-02-17,2025-02-17 11:33:00,1788.25,1788.5,1788.25,1788.5,0.01,98.95,179742.81,1
2025-02-17,2025-02-17 11:34:00,1788.5,1788.75,1788.5,1788.75,0.01,98.95,179742.81,1
2025-02-17,2025-02-17 11:35:00,1788.75,1789.0,1788.75,1789.0,0.01,98.95,179742.81,1
2025-02-17,2025-02-17 11:36:00,1789.0,1789.25,1789.0,1789.25,0.01,98.95,179742.81,1
2025-02-17,2025-02-17 11:37:00,1789.25,1789.5,1789.25,1789.5,0.01,98.95,179742.81,1
2025-02-17,2025-02-17 11:38:00,1789.5,1789.75,1789.5,1789.75,0.01,98.95,179742.81,1
2025-02-17,2025-02-17 11:39:00,1789.75,1790.0,1789.75,1790.0,0.01,98.95,179742.81,1
2025-02-17,2025-02-17 11:40:00,1790.0,1790.25,1790.0,1790.25,0.01,98.95,179742.81,1
2025-02-17,2025-02-17 11:41:00,1790.25,1790.5,1790.25,1790.5,0.01,98.95,179742.81,1
2025-02-17,2025-02-17 11:42:00,1790.5,1790.75,1790.5,1790.75,0.01,98.95,179742.81,1
2025-02-17,2025-02-17 11:43:00,1790.75,1791.0,1790.75,1791.0,0.01,98.95,179742.81,1
2025-02-17,2025-02-17 11:44:00,1791.0,1791.25,1791.0,1791.25,0.01,98.95,179742.81,1
2025-02-17,2025-02-17 11:45:00,1791.25,1791.5,1791.25,1791.5,0.01,98.95,179742.81,1
2025-02-17,2025-02-17 11:46:00,1791.5,1791.75,1791.5,1791.75,0.01,98.95,179742.81,1
2025-02-17,2025-02-17 11:47:00,1791.75,1792.0,1791.75,1792.0,0.01,98.95,179742.81,1
2025-02-17,2025-02-17 11:48:00,1792.0,1792.25,1792.0,1792.25,0.01,98.95,179742.81,1
2025-02-17,2025-02-17 11:49:00,1792.25,1792.5,1792.25,1792.5,0.01,98.95,179742.81,1
2025-02-17,2025-02-17 11:50:00,1792.5,1792.75,1792.5,1792.75,0.01,98.95,179742.81,1
2025-02-17,2025-02-17 11:51:00,1792.75,1793.0,1792.75,1793.0,0.01,98.95,179742.81,1
2025-02-17,2025-02-17 11:52:00,1793.0,1793.25,1793.0,1793.25,0.01,98.95,179742.81,1
2025-02-17,2025-02-17 11:53:00,1793.25,1793.5,1793.25,1793.5,0.01,98.95,179742.81,1
2025-02-17,2025-02-17 11:54:00,1793.5,1793.75,1793.5,1793.75,0.01,98.95,179742.81,1
2025-02-17,2025-02-17 11:55:00,1793.75,1794.0,1793.75,1794.0,0.01,98.95,179742.81,1
2025-02-17,2025-02-17 11:56:00,1794.0,1794.25,1794.0,1794.25,0.01,98.95,179742.81,1
2025-02-17,2025-02-17 11:57:00,1794.25,1794.5,1794.25,1794.5,0.01,98.95,179742.81,1
2025-02-17,2025-02-17 11:58:00,1794.5,1794.75,1794.5,1794.75,0.01,98.95,179742.81,1
2025-02-17,2025-02-17 11:59:00,1794.75,1795.0,1794.75,1795.0,0.01,98.95,179742.81,1
2025-02-17,2025-02-17 12:00:00,1795.0,1795.25,1795.0,1795.25,0.01,98.95,179742.81,1
2025-02-17,2025-02-17 12:01:00,1795.25,1795.5,1795.25,1795.5,0.01,98.95,179742.81,1
2025-02-17,2025-02-17 12:02:00,1795.5,1795.75,1795.5,1795.75,0.01,98.95,179742.81,1
2025-02-17,2025-02-17 12:03:00,1795.75,1796.0,1795.75,1796.0,0.01,98.95,179742.81,1
2025-02-17,2025-02-17 12:04:00,1796.0,1796.25,1796.0,1796.25,0.01,98.95,179742.81,1
2025-02-17,2025-02-17 12:05:00,1796.25,1796.5,1796.25,1796.5,0.01,98.95,179742.81,1
2025-02-17,2025-02-17 12:06:00,1796.5,1796.75,1796.5,1796.75,0.01,98.95,179742.81,1
2025-02-17,2025-02-17 12:07:00,1796.75,1797.0,1796.75,1797.0,0.01,98.95,179742.81,1
2025-02-17,2025-02-17 12:08:00,1797.0,1797.25,1797.0,1797.25,0.01,98.95,179742.81,1
2025-02-17,2025-02-17 12:09:00,1797.25,1797.5,1797.25,1797.5,0.01,98.95,179742.81,1
2025-02-17,2025-02-17 12:10:00,1797.5,1797.75,1797.5,1797.75,0.01,98.95,179742.81,1
2025-02-17,2025-02-17 12:11:00,1797.75,1798.0,1797.75,1798.0,0.01,98.95,179742.81,1
2025-02-17,2025-02-17 12:12:00,1798.0,1798.25,1798.0,1798.25,0.01,98.95,179742.81,1
2025-02-17,2025-02-17 12:13:00,1798.25,1798.5,1798.25,1798.5,0.01,98.95,179742.81,1
2025-02-17,2025-02-17 12:14:00,1798.5,1798.75,1798.5,1798.75,0.01,98.95,179742.81,1
2025-02-17,2025-02-17 12:15:00,1798.75,1799.0,1798.75,1799.0,0.01,98.95,179742.81,1
2025-02-17,2025-02-17 12:16:00,1799.0,1799.25,1799.0,1799.25,0.01,98.95,179742.81,1
2025-02-17,2025-02-17 12:17:00,1799.25,1799.5,1799.25,1799.5,0.01,98.95,179742.81,1
2025-02-17,2025-02-17 12:18:00,1799.5,1799.75,1799.5,1799.75,0.01,98.95,179742.81,1
2025-02-17,2025-02-17 12:19:00,1799.75,1800.0,1799.75,1800.0,0.01,98.95,179742.81,1
2025-02-17,2025-02-17 12:20:00,1800.0,1800.25,1800.0,1800.25,0.01,98.95,179742.81,1
2025-02-17,2025-02-17 12:21:00,1800.25,1800.5,1800.25,1800.5,0.01,98.95,179742.81,1
2025-02-17,2025-02-17 12:22:00,1800.5,1800.75,1800.5,1800.75,0.01,98.95,179742.81,1
2025-02-17,2025-02-17 12:23:00,1800.75,1801.0,1800.75,1801.0,0.01,98.95,179742.81,1
2025-02-17,2025-02-17 12:24:00,1801.0,1801.25,1801.0,1801.25,0.01,98.95,179742.81,1
2025-02-17,2025-02-17 12:25:00,1801.25,1801.5,1801.25,1801.5,0.01,98.95,179742.81,1
2025-02-17,2025-02-17 12:26:00,1801.5,1801.75,1801.5,1801.75,0.01,98.95,179742.81,1
2025-02-17,2025-02-17 12:27:00,1801.75,1802.0,1801.75,1802.0,0.01,98.95,179742.81,1
2025-02-17,2025-02-17 12:28:00,1802.0,1802.25,1802.0,1802.25,0.01,98.95,179742.81,1
2025-02-17,2025-02-17 12:29:00,1802.25,1802.5,1802.25,1802.5,0.01,98.95,179742.81,1
2025-02-17,2025-02-17 12:30:00,1802.5,1802.75,1802.5,1802.75,0.01,98.95,179742.81,1
2025-02-17,2025-02-17 12:31:00,1802.75,1803.0,1802.75,1803.0,0.01,98.95,179742.81,1
2025-02-17,2025-02-17 12:32:00,1803.0,1803.25,1803.0,1803.25,0.01,98.95,179742.81,1
2025-02-17,2025-02-17 12:33:00,1803.25,1803.5,1803.25,1803.5,0.01,98.95,179742.81,1
2025-02-17,2025-02-17 12:34:00,1803.5,1803.75,1803.5,1803.75,0.01,98.95,179742.81,1
2025-02-17,2025-02-17 12:35:00,1803.75,1804.0,1803.75,1804.0,0.01,98.95,179742.81,1
2025-02-17,2025-02-17 12:36:00,1804.0,1804.25,1804.0,1804.25,0.01,98.95,179742.81,1
2025-02-17,2025-02-17 12:37:00,1804.25,1804.5,1804.25,1804.5,0.01,98.95,179742.81,1
2025-02-17,2025-02-17 12:38:00,1804.5,1804.75,1804.5,1804.75,0.01,98.95,179742.81,1
2025-02-17,2025-02-17 12:39:00,1804.75,1805.0,1804.75,1805.0,0.01,98.95,179742.81,1
2025-02-17,2025-02-17 12:40:00,1805.0,1805.25,1805.0,1805.25,0.01,98.95,179742.81,1
2025-02-17,2025-02-17 12:41:00,1805.25,1805.5,1805.25,1805.5,0.01,98.95,179742.81,1
2025-02-17,2025-02-17 12:42:00,1805.5,1805.75,1805.5,1805.75,0.01,98.95,179742.81,1
2025-02-17,2025-02-17 12:43:00,1805.75,1806.0,1805.75,1806.0,0.01,98.95,179742.81,1
2025-02-17,2025-02-17 12:44:00,1806.0,1806.25,1806.0,1806.25,0.01,98.95,179742.81,1
2025-02-17,2025-02-17 12:45:00,1806.25,1806.5,1806.25,1806.5,0.01,98.95,179742.81,1
2025-02-17,2025-02-17 12:46:00,1806.5,1806.75,1806.5,1806.75,0.01,98.95,179742.81,1
2025-02-17,2025-02-17 12:47:00,1806.75,1807.0,1806.75,1807.0,0.01,98.95,179742.81,1
2025-02-17,2025-02-17 12:48:00,1807.0,1807.25,1807.0,1807.25,0.01,98.95,179742.81,1
2025-02-17,2025-02-17 12:49:00,1807.25,1807.5,1807.25,1807.5,0.01,98.95,179742.81,1
2025-02-17,2025-02-17 12:50:00,1807.5,1807.75,1807.5,1807.75,0.01,98.95,179742.81,1
2025-02-17,2025-02-17 12:51:00,1807.75,1808.0,1807.75,1808.0,0.01,98.95,179742.81,1
2025-02-17,2025-02-17 12:52:00,1808.0,1808.25,1808.0,1808.25,0.01,98.95,179742.81,1
2025-02-17,2025-02-17 12:53:00,1808.25,1808.5,1808.25,1808.5,0.01,98.95,179742.81,1
2025-02-17,2025-02-17 12:54:00,1808.5,1808.75,1808.5,1808.75,0.01,98.95,179742.81,1
2025-02-17,2025-02-17 12:55:00,1808.75,1809.0,1808.75,1809.0,0.01,98.95,179742.81,1
2025-02-17,2025-02-17 12:56:00,1809.0,1809.25,1809.0,1809.25,0.01,98.95,179742.81,1
2025-02-17,2025-02-17 12:57:00,1809.25,1809.5,1809.25,1809.5,0.01,98.95,179742.81,1
2025-02-17,2025-02-17 12:58:00,1809.5,1809.75,1809.5,1809.75,0.01,98.95,179742.81,1
2025-02-17,2025-02-17 12:59:00,1809.75,1810.0,1809.75,1810.0,0.01,98.95,179742.81,1
2025-02-17,2025-02-17 13:00:00,1810.0,1861.5,1744.4,1810.25,0.01,98.95,179742.81,1
2025-02-17,2025-02-17 13:01:00,1810.25,1810.5,1810.25,1810.5,0.01,98.95,179742.81,1
2025-02-17,2025-02-17 13:02:00,1810.5,1810.75,1810.5,1810.75,0.01,98.95,179742.81,1
2025-02-17,2025-02-17 13:03:00,1810.75,1811.0,1810.75,1811.0,0.01,98.95,179742.81,1
2025-02-17,2025-02-17 13:04:00,1811.0,1811.25,1811.0,1811.25,0.01,98.95,179742.81,1
2025-02-17,2025-02-17 13:05:00,1811.25,1811.5,1811.25,1811.5,0.01,98.95,179742.81,1
2025-02-17,2025-02-17 13:06:00,1811.5,1811.75,1811.5,1811.75,0.01,98.95,179742.81,1
2025-02-17,2025-02-17 13:07:00,1811.75,1812.0,1811.75,1812.0,0.01,98.95,179742.81,1
2025-02-17,2025-02-17 13:08:00,1812.0,1812.25,1812.0,1812.25,0.01,98.95,179742.81,1
2025-02-17,2025-02-17 13:09:00,1812.25,1812.5,1812.25,1812.5,0.01,98.95,179742.81,1
2025-02-17,2025-02-17 13:10:00,1812.5,1812.75,1812.5,1812.75,0.01,98.95,179742.81,1
2025-02-17,2025-02-17 13:11:00,1812.75,1813.0,1812.75,1813.0,0.01,98.95,179742.81,1
2025-02-17,2025-02-17 13:12:00,1813.0,1813.25,1813.0,1813.25,0.01,98.95,179742.81,1
2025-02-17,2025-02-17 13:13:00,1813.25,1813.5,1813.25,1813.5,0.01,98.95,179742.81,1
2025-02-17,2025-02-17 13:14:00,1813.5,1813.75,1813.5,1813.75,0.01,98.95,179742.81,1
2025-02-17,2025-02-17 13:15:00,1813.75,1814.0,1813.75,1814.0,0.01,98.95,179742.81,1
2025-02-17,2025-02-17 13:16:00,1814.0,1814.25,1814.0,1814.25,0.01,98.95,179742.81,1
2025-02-17,2025-02-17 13:17:00,1814.25,1814.5,1814.25,1814.5,0.01,98.95,179742.81,1
2025-02-17,2025-02-17 13:18:00,1814.5,1814.75,1814.5,1814.75,0.01,98.95,179742.81,1
2025-02-17,2025-02-17 13:19:00,1814.75,1815.0,1814.75,1815.0,0.01,98.95,179742.81,1
2025-02-17,2025-02-17 13:20:00,1815.0,1815.25,1815.0,1815.25,0.01,98.95,179742.81,1
2025-02-17,2025-02-17 13:21:00,1815.25,1815.5,1815.25,1815.5,0.01,98.95,179742.81,1
2025-02-17,2025-02-17 13:22:00,1815.5,1815.75,1815.5,1815.75,0.01,98.95,179742.81,1
2025-02-17,2025-02-17 13:23:00,1815.75,1816.0,1815.75,1816.0,0.01,98.95,179742.81,1
2025-02-17,2025-02-17 13:24:00,1816.0,1816.25,1816.0,1816.25,0.01,98.95,179742.81,1
2025-02-17,2025-02-17 13:25:00,1816.25,1816.5,1816.25,1816.5,0.01,98.95,179742.81,1
2025-02-17,2025-02-17 13:26:00,1816.5,1816.75,1816.5,1816.75,0.01,98.95,179742.81,1
2025-02-17,2025-02-17 13:27:00,1816.75,1817.0,1816.75,1817.0,0.01,98.95,179742.81,1
2025-02-17,2025-02-17 13:28:00,1817.0,1817.25,1817.0,1817.25,0.01,98.95,179742.81,1
2025-02-17,2025-02-17 13:29:00,1817.25,1817.5,1817.25,1817.5,0.01,98.95,179742.81,1
2025-02-17,2025-02-17 13:30:00,1817.5,1817.75,1817.5,1817.75,0.01,98.95,179742.81,1
2025-02-17,2025-02-17 13:31:00,1817.75,1818.0,1817.75,1818.0,0.01,98.95,179742.81,1
2025-02-17,2025-02-17 13:32:00,1818.0,1818.25,1818.0,1818.25,0.01,98.95,179742.81,1
2025-02-17,2025-02-17 13:33:00,1818.25,1818.5,1818.25,1818.5,0.01,98.95,179742.81,1
2025-02-17,2025-02-17 13:34:00,1818.5,1818.75,1818.5,1818.75,0.01,98.95,179742.81,1
2025-02-17,2025-02-17 13:35:00,1818.75,1819.0,1818.75,1819.0,0.01,98.95,179742.81,1
2025-02-17,2025-02-17 13:36:00,1819.0,1819.25,1819.0,1819.25,0.01,98.95,179742.81,1
2025-02-17,2025-02-17 13:37:00,1819.25,1819.5,1819.25,1819.5,0.01,98.95,179742.81,1
2025-02-17,2025-02-17 13:38:00,1819.5,1819.75,1819.5,1819.75,0.01,98.95,179742.81,1
2025-02-17,2025-02-17 13:39:00,1819.75,1820.0,1819.75,1820.0,0.01,98.95,179742.81,1
2025-02-17,2025-02-17 13:40:00,1820.0,1820.25,1820.0,1820.25,0.01,98.95,179742.81,1
2025-02-17,2025-02-17 13:41:00,1820.25,1820.5,1820.25,1820.5,0.01,98.95,179742.81,1
2025-02-17,2025-02-17 13:42:00,1820.5,1820.75,1820.5,1820.75,0.01,98.95,179742.81,1
2025-02-17,2025-02-17 13:43:00,1820.75,1821.0,1820.75,1821.0,0.01,98.95,179742.81,1
2025-02-17,2025-02-17 13:44:00,1821.0,1821.25,1821.0,1821.25,0.01,98.95,179742.81,1
2025-02-17,2025-02-17 13:45:00,1821.25,1821.5,1821.25,1821.5,0.01,98.95,179742.81,1
2025-02-17,2025-02-17 13:46:00,1821.5,1821.75,1821.5,1821.75,0.01,98.95,179742.81,1
2025-02-17,2025-02-17 13:47:00,1821.75,1822.0,1821.75,1822.0,0.01,98.95,179742.81,1
2025-02-17,2025-02-17 13:48:00,1822.0,1822.25,1822.0,1822.25,0.01,98.95,179742.81,1
2025-02-17,2025-02-17 13:49:00,1822.25,1822.5,1822.25,1822.5,0.01,98.95,179742.81,1
2025-02-17,2025-02-17 13:50:00,1822.5,1822.75,1822.5,1822.75,0.01,98.95,179742.81,1
2025-02-17,2025-02-17 13:51:00,1822.75,1823.0,1822.75,1823.0,0.01,98.95,179742.81,1
2025-02-17,2025-02-17 13:52:00,1823.0,1823.25,1823.0,1823.25,0.01,98.95,179742.81,1
2025-02-17,2025-02-17 13:53:00,1823.25,1823.5,1823.25,1823.5,0.01,98.95,179742.81,1
2025-02-17,2025-02-17 13:54:00,1823.5,1823.75,1823.5,1823.75,0.01,98.95,179742.81,1
2025-02-17,2025-02-17 13:55:00,1823.75,1824.0,1823.75,1824.0,0.01,98.95,179742.81,1
2025-02-17,2025-02-17 13:56:00,1824.0,1824.25,1824.0,1824.25,0.01,98.95,179742.81,1
2025-02-17,2025-02-17 13:57:00,1824.25,1824.5,1824.25,1824.5,0.01,98.95,179742.81,1
2025-02-17,2025-02-17 13:58:00,1824.5,1824.75,1824.5,1824.75,0.01,98.95,179742.81,1
2025-02-17,2025-02-17 13:59:00,1824.75,1825.0,1824.75,1825.0,0.01,98.95,179742.81,1
2025-02-17,2025-02-17 14:00:00,1825.0,1825.25,1825.0,1825.25,0.01,98.95,179742.81,1
2025-02-17,2025-02-17 14:01:00,1825.25,1825.5,1825.25,1825.5,0.01,98.95,179742.81,1
2025-02-17,2025-02-17 14:02:00,1825.5,1825.75,1825.5,1825.75,0.01,98.95,179742.81,1
2025-02-17,2025-02-17 14:03:00,1825.75,1826.0,1825.75,1826.0,0.01,98.95,179742.81,1
2025-02-17,2025-02-17 14:04:00,1826.0,1826.25,1826.0,1826.25,0.01,98.95,179742.81,1
2025-02-17,2025-02-17 14:05:00,1826.25,1826.5,1826.25,1826.5,0.01,98.95,179742.81,1
2025-02-17,2025-02-17 14:06:00,1826.5,1826.75,1826.5,1826.75,0.01,98.95,179742.81,1
2025-02-17,2025-02-17 14:07:00,1826.75,1827.0,1826.75,1827.0,0.01,98.95,179742.81,1
2025-02-17,2025-02-17 14:08:00,1827.0,1827.25,1827.0,1827.25,0.01,98.95,179742.81,1
2025-02-17,2025-02-17 14:09:00,1827.25,1827.5,1827.25,1827.5,0.01,98.95,179742.81,1
2025-02-17,2025-02-17 14:10:00,1827.5,1827.75,1827.5,1827.75,0.01,98.95,179742.81,1
2025-02-17,2025-02-17 14:11:00,1827.75,1828.0,1827.75,1828.0,0.01,98.95,179742.81,1
2025-02-17,2025-02-17 14:12:00,1828.0,1828.25,1828.0,1828.25,0.01,98.95,179742.81,1
2025-02-17,2025-02-17 14:13:00,1828.25,1828.5,1828.25,1828.5,0.01,98.95,179742.81,1
2025-02-17,2025-02-17 14:14:00,1828.5,1828.75,1828.5,1828.75,0.01,98.95,179742.81,1
2025-02-17,2025-02-17 14:15:00,1828.75,1829.0,1828.75,1829.0,0.01,98.95,179742.81,1
2025-02-17,2025-02-17 14:16:00,1829.0,1829.25,1829.0,1829.25,0.01,98.95,179742.81,1
2025-02-17,2025-02-17 14:17:00,1829.25,1829.5,1829.25,1829.5,0.01,98.95,179742.81,1
2025-02-17,2025-02-17 14:18:00,1829.5,1829.75,1829.5,1829.75,0.01,98.95,179742.81,1
2025-02-17,2025-02-17 14:19:00,1829.75,1830.0,1829.75,1830.0,0.01,98.95,179742.81,1
2025-02-17,2025-02-17 14:20:00,1830.0,1830.25,1830.0,1830.25,0.01,98.95,179742.81,1
2025-02-17,2025-02-17 14:21:00,1830.25,1830.5,1830.25,1830.5,0.01,98.95,179742.81,1
2025-02-17,2025-02-17 14:22:00,1830.5,1830.75,1830.5,1830.75,0.01,98.95,179742.81,1
2025-02-17,2025-02-17 14:23:00,1830.75,1831.0,1830.75,1831.0,0.01,98.95,179742.81,1
2025-02-17,2025-02-17 14:24:00,1831.0,1831.25,1831.0,1831.25,0.01,98.95,179742.81,1
2025-02-17,2025-02-17 14:25:00,1831.25,1831.5,1831.25,1831.5,0.01,98.95,179742.81,1
2025-02-17,2025-02-17 14:26:00,1831.5,1831.75,1831.5,1831.75,0.01,98.95,179742.81,1
2025-02-17,2025-02-17 14:27:00,1831.75,1832.0,1831.75,1832.0,0.01,98.95,179742.81,1
2025-02-17,2025-02-17 14:28:00,1832.0,1832.25,1832.0,1832.25,0.01,98.95,179742.81,1
2025-02-17,2025-02-17 14:29:00,1832.25,1832.5,1832.25,1832.5,0.01,98.95,179742.81,1
2025-02-17,2025-02-17 14:30:00,1832.5,1832.75,1832.5,1832.75,0.01,98.95,179742.81,1
2025-02-17,2025-02-17 14:31:00,1832.75,1833.0,1832.75,1833.0,0.01,98.95,179742.81,1
2025-02-17,2025-02-17 14:32:00,1833.0,1833.25,1833.0,1833.25,0.01,98.95,179742.81,1
2025-02-17,2025-02-17 14:33:00,1833.25,1833.5,1833.25,1833.5,0.01,98.95,179742.81,1
2025-02-17,2025-02-17 14:34:00,1833.5,1833.75,1833.5,1833.75,0.01,98.95,179742.81,1
2025-02-17,2025-02-17 14:35:00,1833.75,1834.0,1833.75,1834.0,0.01,98.95,179742.81,1
2025-02-17,2025-02-17 14:36:00,1834.0,1834.25,1834.0,1834.25,0.01,98.95,179742.81,1
2025-02-17,2025-02-17 14:37:00,1834.25,1834.5,1834.25,1834.5,0.01,98.95,179742.81,1
2025-02-17,2025-02-17 14:38:00,1834.5,1834.75,1834.5,1834.75,0.01,98.95,179742.81,1
2025-02-17,2025-02-17 14:39:00,1834.75,1835.0,1834.75,1835.0,0.01,98.95,179742.81,1
2025-02-17,2025-02-17 14:40:00,1835.0,1835.25,1835.0,1835.25,0.01,98.95,179742.81,1
2025-02-17,2025-02-17 14:41:00,1835.25,1835.5,1835.25,1835.5,0.01,98.95,179742.81,1
2025-02-17,2025-02-17 14:42:00,1835.5,1835.75,1835.5,1835.75,0.01,98.95,179742.81,1
2025-02-17,2025-02-17 14:43:00,1835.75,1836.0,1835.75,1836.0,0.01,98.95,179742.81,1
2025-02-17,2025-02-17 14:44:00,1836.0,1836.25,1836.0,1836.25,0.01,98.95,179742.81,1
2025-02-17,2025-02-17 14:45:00,1836.25,1836.5,1836.25,1836.5,0.01,98.95,179742.81,1
2025-02-17,2025-02-17 14:46:00,1836.5,1836.75,1836.5,1836.75,0.01,98.95,179742.81,1
2025-02-17,2025-02-17 14:47:00,1836.75,1837.0,1836.75,1837.0,0.01,98.95,179742.81,1
2025-02-17,2025-02-17 14:48:00,1837.0,1837.25,1837.0,1837.25,0.01,98.95,179742.81,1
2025-02-17,2025-02-17 14:49:00,1837.25,1837.5,1837.25,1837.5,0.01,98.95,179742.81,1
2025-02-17,2025-02-17 14:50:00,1837.5,1837.75,1837.5,1837.75,0.01,98.95,179742.81,1
2025-02-17,2025-02-17 14:51:00,1837.75,1838.0,1837.75,1838.0,0.01,98.95,179742.81,1
2025-02-17,2025-02-17 14:52:00,1838.0,1838.25,1838.0,1838.25,0.01,98.95,179742.81,1
2025-02-17,2025-02-17 14:53:00,1838.25,1838.5,1838.25,1838.5,0.01,98.95,179742.81,1
2025-02-17,2025-02-17 14:54:00,1838.5,1838.75,1838.5,1838.75,0.01,98.95,179742.81,1
2025-02-17,2025-02-17 14:55:00,1838.75,1839.0,1838.75,1839.0,0.01,98.95,179742.81,1
2025-02-17,2025-02-17 14:56:00,1839.0,1839.25,1839.0,1839.25,0.01,98.95,179742.81,1
2025-02-17,2025-02-17 14:57:00,1839.25,1839.5,1839.25,1839.5,0.01,98.95,179742.81,1
2025-02-17,2025-02-17 14:58:00,1839.5,1839.75,1839.5,1839.75,0.01,98.95,179742.81,1
2025-02-17,2025-02-17 14:59:00,1839.75,1840.0,1839.75,1840.0,0.01,98.95,179742.81,1
2025-02-17,2025-02-17 15:00:00,1840.0,1861.5,1744.4,1840.0,0.0,98.95,179742.81,0
2025-02-18,2025-02-18 11:00:00,1840.0,1848.4,1834.0,1840.06,0.0,57.51,105906.56,1
2025-02-18,2025-02-18 11:01:00,1840.06,1840.12,1840.06,1840.12,0.0,57.51,105906.56,1
2025-02-18,2025-02-18 11:02:00,1840.12,1840.19,1840.12,1840.19,0.0,57.51,105906.56,1
2025-02-18,2025-02-18 11:03:00,1840.19,1840.25,1840.19,1840.25,0.0,57.51,105906.56,1
2025-02-18,2025-02-18 11:04:00,1840.25,1840.31,1840.25,1840.31,0.0,57.51,105906.56,1
2025-02-18,2025-02-18 11:05:00,1840.31,1840.38,1840.31,1840.38,0.0,57.51,105906.56,1
2025-02-18,2025-02-18 11:06:00,1840.38,1840.44,1840.38,1840.44,0.0,57.51,105906.56,1
2025-02-18,2025-02-18 11:07:00,1840.44,1840.5,1840.44,1840.5,0.0,57.51,105906.56,1
2025-02-18,2025-02-18 11:08:00,1840.5,1840.56,1840.5,1840.56,0.0,57.51,105906.56,1
2025-02-18,2025-02-18 11:09:00,1840.56,1840.62,1840.56,1840.62,0.0,57.51,105906.56,1
2025-02-18,2025-02-18 11:10:00,1840.62,1840.69,1840.62,1840.69,0.0,57.51,105906.56,1
2025-02-18,2025-02-18 11:11:00,1840.69,1840.75,1840.69,1840.75,0.0,57.51,105906.56,1
2025-02-18,2025-02-18 11:12:00,1840.75,1840.81,1840.75,1840.81,0.0,57.51,105906.56,1
2025-02-18,2025-02-18 11:13:00,1840.81,1840.88,1840.81,1840.88,0.0,57.51,105906.56,1
2025-02-18,2025-02-18 11:14:00,1840.88,1840.94,1840.88,1840.94,0.0,57.51,105906.56,1
2025-02-18,2025-02-18 11:15:00,1840.94,1841.0,1840.94,1841.0,0.0,57.51,105906.56,1
2025-02-18,2025-02-18 11:16:00,1841.0,1841.06,1841.0,1841.06,0.0,57.51,105906.56,1
2025-02-18,2025-02-18 11:17:00,1841.06,1841.12,1841.06,1841.12,0.0,57.51,105906.56,1
2025-02-18,2025-02-18 11:18:00,1841.12,1841.19,1841.12,1841.19,0.0,57.51,105906.56,1
2025-02-18,2025-02-18 11:19:00,1841.19,1841.25,1841.19,1841.25,0.0,57.51,105906.56,1
2025-02-18,2025-02-18 11:20:00,1841.25,1841.31,1841.25,1841.31,0.0,57.51,105906.56,1
2025-02-18,2025-02-18 11:21:00,1841.31,1841.38,1841.31,1841.38,0.0,57.51,105906.56,1
2025-02-18,2025-02-18 11:22:00,1841.38,1841.44,1841.38,1841.44,0.0,57.51,105906.56,1
2025-02-18,2025-02-18 11:23:00,1841.44,1841.5,1841.44,1841.5,0.0,57.51,105906.56,1
2025-02-18,2025-02-18 11:24:00,1841.5,1841.56,1841.5,1841.56,0.0,57.51,105906.56,1
2025-02-18,2025-02-18 11:25:00,1841.56,1841.62,1841.56,1841.62,0.0,57.51,105906.56,1
2025-02-18,2025-02-18 11:26:00,1841.62,1841.69,1841.62,1841.69,0.0,57.51,105906.56,1
2025-02-18,2025-02-18 11:27:00,1841.69,1841.75,1841.69,1841.75,0.0,57.51,105906.56,1
2025-02-18,2025-02-18 11:28:00,1841.75,1841.81,1841.75,1841.81,0.0,57.51,105906.56,1
2025-02-18,2025-02-18 11:29:00,1841.81,1841.88,1841.81,1841.88,0.0,57.51,105906.56,1
2025-02-18,2025-02-18 11:30:00,1841.88,1841.94,1841.88,1841.94,0.0,57.51,105906.56,1
2025-02-18,2025-02-18 11:31:00,1841.94,1842.0,1841.94,1842.0,0.0,57.51,105906.56,1
2025-02-18,2025-02-18 11:32:00,1842.0,1842.06,1842.0,1842.06,0.0,57.51,105906.56,1
2025-02-18,2025-02-18 11:33:00,1842.06,1842.12,1842.06,1842.12,0.0,57.51,105906.56,1
2025-02-18,2025-02-18 11:34:00,1842.12,1842.19,1842.12,1842.19,0.0,57.51,105906.56,1
2025-02-18,2025-02-18 11:35:00,1842.19,1842.25,1842.19,1842.25,0.0,57.51,105906.56,1
2025-02-18,2025-02-18 11:36:00,1842.25,1842.31,1842.25,1842.31,0.0,57.51,105906.56,1
2025-02-18,2025-02-18 11:37:00,1842.31,1842.38,1842.31,1842.38,0.0,57.51,105906.56,1
2025-02-18,2025-02-18 11:38:00,1842.38,1842.44,1842.38,1842.44,0.0,57.51,105906.56,1
2025-02-18,2025-02-18 11:39:00,1842.44,1842.5,1842.44,1842.5,0.0,57.51,105906.56,1
2025-02-18,2025-02-18 11:40:00,1842.5,1842.56,1842.5,1842.56,0.0,57.51,105906.56,1
2025-02-18,2025-02-18 11:41:00,1842.56,1842.62,1842.56,1842.62,0.0,57.51,105906.56,1
2025-02-18,2025-02-18 11:42:00,1842.62,1842.69,1842.62,1842.69,0.0,57.51,105906.56,1
2025-02-18,2025-02-18 11:43:00,1842.69,1842.75,1842.69,1842.75,0.0,57.51,105906.56,1
2025-02-18,2025-02-18 11:44:00,1842.75,1842.81,1842.75,1842.81,0.0,57.51,105906.56,1
2025-02-18,2025-02-18 11:45:00,1842.81,1842.88,1842.81,1842.88,0.0,57.51,105906.56,1
2025-02-18,2025-02-18 11:46:00,1842.88,1842.94,1842.88,1842.94,0.0,57.51,105906.56,1
2025-02-18,2025-02-18 11:47:00,1842.94,1843.0,1842.94,1843.0,0.0,57.51,105906.56,1
2025-02-18,2025-02-18 11:48:00,1843.0,1843.06,1843.0,1843.06,0.0,57.51,105906.56,1
2025-02-18,2025-02-18 11:49:00,1843.06,1843.12,1843.06,1843.12,0.0,57.51,105906.56,1
2025-02-18,2025-02-18 11:50:00,1843.12,1843.19,1843.12,1843.19,0.0,57.51,105906.56,1
2025-02-18,2025-02-18 11:51:00,1843.19,1843.25,1843.19,1843.25,0.0,57.51,105906.56,1
2025-02-18,2025-02-18 11:52:00,1843.25,1843.31,1843.25,1843.31,0.0,57.51,105906.56,1
2025-02-18,2025-02-18 11:53:00,1843.31,1843.38,1843.31,1843.38,0.0,57.51,105906.56,1
2025-02-18,2025-02-18 11:54:00,1843.38,1843.44,1843.38,1843.44,0.0,57.51,105906.56,1
2025-02-18,2025-02-18 11:55:00,1843.44,1843.5,1843.44,1843.5,0.0,57.51,105906.56,1
2025-02-18,2025-02-18 11:56:00,1843.5,1843.56,1843.5,1843.56,0.0,57.51,105906.56,1
2025-02-18,2025-02-18 11:57:00,1843.56,1843.62,1843.56,1843.62,0.0,57.51,105906.56,1
2025-02-18,2025-02-18 11:58:00,1843.62,1843.69,1843.62,1843.69,0.0,57.51,105906.56,1
2025-02-18,2025-02-18 11:59:00,1843.69,1843.75,1843.69,1843.75,0.0,57.51,105906.56,1
2025-02-18,2025-02-18 12:00:00,1843.75,1843.81,1843.75,1843.81,0.0,57.51,105906.56,1
2025-02-18,2025-02-18 12:01:00,1843.81,1843.88,1843.81,1843.88,0.0,57.51,105906.56,1
2025-02-18,2025-02-18 12:02:00,1843.88,1843.94,1843.88,1843.94,0.0,57.51,105906.56,1
2025-02-18,2025-02-18 12:03:00,1843.94,1844.0,1843.94,1844.0,0.0,57.51,105906.56,1
2025-02-18,2025-02-18 12:04:00,1844.0,1844.06,1844.0,1844.06,0.0,57.51,105906.56,1
2025-02-18,2025-02-18 12:05:00,1844.06,1844.12,1844.06,1844.12,0.0,57.51,105906.56,1
2025-02-18,2025-02-18 12:06:00,1844.12,1844.19,1844.12,1844.19,0.0,57.51,105906.56,1
2025-02-18,2025-02-18 12:07:00,1844.19,1844.25,1844.19,1844.25,0.0,57.51,105906.56,1
2025-02-18,2025-02-18 12:08:00,1844.25,1844.31,1844.25,1844.31,0.0,57.51,105906.56,1
2025-02-18,2025-02-18 12:09:00,1844.31,1844.38,1844.31,1844.38,0.0,57.51,105906.56,1
2025-02-18,2025-02-18 12:10:00,1844.38,1844.44,1844.38,1844.44,0.0,57.51,105906.56,1
2025-02-18,2025-02-18 12:11:00,1844.44,1844.5,1844.44,1844.5,0.0,57.51,105906.56,1
2025-02-18,2025-02-18 12:12:00,1844.5,1844.56,1844.5,1844.56,0.0,57.51,105906.56,1
2025-02-18,2025-02-18 12:13:00,1844.56,1844.62,1844.56,1844.62,0.0,57.51,105906.56,1
2025-02-18,2025-02-18 12:14:00,1844.62,1844.69,1844.62,1844.69,0.0,57.51,105906.56,1
2025-02-18,2025-02-18 12:15:00,1844.69,1844.75,1844.69,1844.75,0.0,57.51,105906.56,1
2025-02-18,2025-02-18 12:16:00,1844.75,1844.81,1844.75,1844.81,0.0,57.51,105906.56,1
2025-02-18,2025-02-18 12:17:00,1844.81,1844.88,1844.81,1844.88,0.0,57.51,105906.56,1
2025-02-18,2025-02-18 12:18:00,1844.88,1844.94,1844.88,1844.94,0.0,57.51,105906.56,1
2025-02-18,2025-02-18 12:19:00,1844.94,1845.0,1844.94,1845.0,0.0,57.51,105906.56,1
2025-02-18,2025-02-18 12:20:00,1845.0,1845.06,1845.0,1845.06,0.0,57.51,105906.56,1
2025-02-18,2025-02-18 12:21:00,1845.06,1845.12,1845.06,1845.12,0.0,57.51,105906.56,1
2025-02-18,2025-02-18 12:22:00,1845.12,1845.19,1845.12,1845.19,0.0,57.51,105906.56,1
2025-02-18,2025-02-18 12:23:00,1845.19,1845.25,1845.19,1845.25,0.0,57.51,105906.56,1
2025-02-18,2025-02-18 12:24:00,1845.25,1845.31,1845.25,1845.31,0.0,57.51,105906.56,1
2025-02-18,2025-02-18 12:25:00,1845.31,1845.38,1845.31,1845.38,0.0,57.51,105906.56,1
2025-02-18,2025-02-18 12:26:00,1845.38,1845.44,1845.38,1845.44,0.0,57.51,105906.56,1
2025-02-18,2025-02-18 12:27:00,1845.44,1845.5,1845.44,1845.5,0.0,57.51,105906.56,1
2025-02-18,2025-02-18 12:28:00,1845.5,1845.56,1845.5,1845.56,0.0,57.51,105906.56,1
2025-02-18,2025-02-18 12:29:00,1845.56,1845.62,1845.56,1845.62,0.0,57.51,105906.56,1
2025-02-18,2025-02-18 12:30:00,1845.62,1845.69,1845.62,1845.69,0.0,57.51,105906.56,1
2025-02-18,2025-02-18 12:31:00,1845.69,1845.75,1845.69,1845.75,0.0,57.51,105906.56,1
2025-02-18,2025-02-18 12:32:00,1845.75,1845.81,1845.75,1845.81,0.0,57.51,105906.56,1
2025-02-18,2025-02-18 12:33:00,1845.81,1845.88,1845.81,1845.88,0.0,57.51,105906.56,1
2025-02-18,2025-02-18 12:34:00,1845.88,1845.94,1845.88,1845.94,0.0,57.51,105906.56,1
2025-02-18,2025-02-18 12:35:00,1845.94,1846.0,1845.94,1846.0,0.0,57.51,105906.56,1
2025-02-18,2025-02-18 12:36:00,1846.0,1846.06,1846.0,1846.06,0.0,57.51,105906.56,1
2025-02-18,2025-02-18 12:37:00,1846.06,1846.12,1846.06,1846.12,0.0,57.51,105906.56,1
2025-02-18,2025-02-18 12:38:00,1846.12,1846.19,1846.12,1846.19,0.0,57.51,105906.56,1
2025-02-18,2025-02-18 12:39:00,1846.19,1846.25,1846.19,1846.25,0.0,57.51,105906.56,1
2025-02-18,2025-02-18 12:40:00,1846.25,1846.31,1846.25,1846.31,0.0,57.51,105906.56,1
2025-02-18,2025-02-18 12:41:00,1846.31,1846.38,1846.31,1846.38,0.0,57.51,105906.56,1
2025-02-18,2025-02-18 12:42:00,1846.38,1846.44,1846.38,1846.44,0.0,57.51,105906.56,1
2025-02-18,2025-02-18 12:43:00,1846.44,1846.5,1846.44,1846.5,0.0,57.51,105906.56,1
2025-02-18,2025-02-18 12:44:00,1846.5,1846.56,1846.5,1846.56,0.0,57.51,105906.56,1
2025-02-18,2025-02-18 12:45:00,1846.56,1846.62,1846.56,1846.62,0.0,57.51,105906.56,1
2025-02-18,2025-02-18 12:46:00,1846.62,1846.69,1846.62,1846.69,0.0,57.51,105906.56,1
2025-02-18,2025-02-18 12:47:00,1846.69,1846.75,1846.69,1846.75,0.0,57.51,105906.56,1
2025-02-18,2025-02-18 12:48:00,1846.75,1846.81,1846.75,1846.81,0.0,57.51,105906.56,1
2025-02-18,2025-02-18 12:49:00,1846.81,1846.88,1846.81,1846.88,0.0,57.51,105906.56,1
2025-02-18,2025-02-18 12:50:00,1846.88,1846.94,1846.88,1846.94,0.0,57.51,105906.56,1
2025-02-18,2025-02-18 12:51:00,1846.94,1847.0,1846.94,1847.0,0.0,57.51,105906.56,1
2025-02-18,2025-02-18 12:52:00,1847.0,1847.06,1847.0,1847.06,0.0,57.51,105906.56,1
2025-02-18,2025-02-18 12:53:00,1847.06,1847.12,1847.06,1847.12,0.0,57.51,105906.56,1
2025-02-18,2025-02-18 12:54:00,1847.12,1847.19,1847.12,1847.19,0.0,57.51,105906.56,1
2025-02-18,2025-02-18 12:55:00,1847.19,1847.25,1847.19,1847.25,0.0,57.51,105906.56,1
2025-02-18,2025-02-18 12:56:00,1847.25,1847.31,1847.25,1847.31,0.0,57.51,105906.56,1
2025-02-18,2025-02-18 12:57:00,1847.31,1847.38,1847.31,1847.38,0.0,57.51,105906.56,1
2025-02-18,2025-02-18 12:58:00,1847.38,1847.44,1847.38,1847.44,0.0,57.51,105906.56,1
2025-02-18,2025-02-18 12:59:00,1847.44,1847.5,1847.44,1847.5,0.0,57.51,105906.56,1
2025-02-18,2025-02-18 13:00:00,1847.5,1868.0,1820.0,1847.56,0.0,57.51,105906.56,1
2025-02-18,2025-02-18 13:01:00,1847.56,1847.62,1847.56,1847.62,0.0,57.51,105906.56,1
2025-02-18,2025-02-18 13:02:00,1847.62,1847.69,1847.62,1847.69,0.0,57.51,105906.56,1
2025-02-18,2025-02-18 13:03:00,1847.69,1847.75,1847.69,1847.75,0.0,57.51,105906.56,1
2025-02-18,2025-02-18 13:04:00,1847.75,1847.81,1847.75,1847.81,0.0,57.51,105906.56,1
2025-02-18,2025-02-18 13:05:00,1847.81,1847.88,1847.81,1847.88,0.0,57.51,105906.56,1
2025-02-18,2025-02-18 13:06:00,1847.88,1847.94,1847.88,1847.94,0.0,57.51,105906.56,1
2025-02-18,2025-02-18 13:07:00,1847.94,1848.0,1847.94,1848.0,0.0,57.51,105906.56,1
2025-02-18,2025-02-18 13:08:00,1848.0,1848.06,1848.0,1848.06,0.0,57.51,105906.56,1
2025-02-18,2025-02-18 13:09:00,1848.06,1848.12,1848.06,1848.12,0.0,57.51,105906.56,1
2025-02-18,2025-02-18 13:10:00,1848.12,1848.19,1848.12,1848.19,0.0,57.51,105906.56,1
2025-02-18,2025-02-18 13:11:00,1848.19,1848.25,1848.19,1848.25,0.0,57.51,105906.56,1
2025-02-18,2025-02-18 13:12:00,1848.25,1848.31,1848.25,1848.31,0.0,57.51,105906.56,1
2025-02-18,2025-02-18 13:13:00,1848.31,1848.38,1848.31,1848.38,0.0,57.51,105906.56,1
2025-02-18,2025-02-18 13:14:00,1848.38,1848.44,1848.38,1848.44,0.0,57.51,105906.56,1
2025-02-18,2025-02-18 13:15:00,1848.44,1848.5,1848.44,1848.5,0.0,57.51,105906.56,1
2025-02-18,2025-02-18 13:16:00,1848.5,1848.56,1848.5,1848.56,0.0,57.51,105906.56,1
2025-02-18,2025-02-18 13:17:00,1848.56,1848.62,1848.56,1848.62,0.0,57.51,105906.56,1
2025-02-18,2025-02-18 13:18:00,1848.62,1848.69,1848.62,1848.69,0.0,57.51,105906.56,1
2025-02-18,2025-02-18 13:19:00,1848.69,1848.75,1848.69,1848.75,0.0,57.51,105906.56,1
2025-02-18,2025-02-18 13:20:00,1848.75,1848.81,1848.75,1848.81,0.0,57.51,105906.56,1
2025-02-18,2025-02-18 13:21:00,1848.81,1848.88,1848.81,1848.88,0.0,57.51,105906.56,1
2025-02-18,2025-02-18 13:22:00,1848.88,1848.94,1848.88,1848.94,0.0,57.51,105906.56,1
2025-02-18,2025-02-18 13:23:00,1848.94,1849.0,1848.94,1849.0,0.0,57.51,105906.56,1
2025-02-18,2025-02-18 13:24:00,1849.0,1849.06,1849.0,1849.06,0.0,57.51,105906.56,1
2025-02-18,2025-02-18 13:25:00,1849.06,1849.12,1849.06,1849.12,0.0,57.51,105906.56,1
2025-02-18,2025-02-18 13:26:00,1849.12,1849.19,1849.12,1849.19,0.0,57.51,105906.56,1
2025-02-18,2025-02-18 13:27:00,1849.19,1849.25,1849.19,1849.25,0.0,57.51,105906.56,1
2025-02-18,2025-02-18 13:28:00,1849.25,1849.31,1849.25,1849.31,0.0,57.51,105906.56,1
2025-02-18,2025-02-18 13:29:00,1849.31,1849.38,1849.31,1849.38,0.0,57.51,105906.56,1
2025-02-18,2025-02-18 13:30:00,1849.38,1849.44,1849.38,1849.44,0.0,57.51,105906.56,1
2025-02-18,2025-02-18 13:31:00,1849.44,1849.5,1849.44,1849.5,0.0,57.51,105906.56,1
2025-02-18,2025-02-18 13:32:00,1849.5,1849.56,1849.5,1849.56,0.0,57.51,105906.56,1
2025-02-18,2025-02-18 13:33:00,1849.56,1849.62,1849.56,1849.62,0.0,57.51,105906.56,1
2025-02-18,2025-02-18 13:34:00,1849.62,1849.69,1849.62,1849.69,0.0,57.51,105906.56,1
2025-02-18,2025-02-18 13:35:00,1849.69,1849.75,1849.69,1849.75,0.0,57.51,105906.56,1
2025-02-18,2025-02-18 13:36:00,1849.75,1849.81,1849.75,1849.81,0.0,57.51,105906.56,1
2025-02-18,2025-02-18 13:37:00,1849.81,1849.88,1849.81,1849.88,0.0,57.51,105906.56,1
2025-02-18,2025-02-18 13:38:00,1849.88,1849.94,1849.88,1849.94,0.0,57.51,105906.56,1
2025-02-18,2025-02-18 13:39:00,1849.94,1850.0,1849.94,1850.0,0.0,57.51,105906.56,1
2025-02-18,2025-02-18 13:40:00,1850.0,1850.06,1850.0,1850.06,0.0,57.51,105906.56,1
2025-02-18,2025-02-18 13:41:00,1850.06,1850.12,1850.06,1850.12,0.0,57.51,105906.56,1
2025-02-18,2025-02-18 13:42:00,1850.12,1850.19,1850.12,1850.19,0.0,57.51,105906.56,1
2025-02-18,2025-02-18 13:43:00,1850.19,1850.25,1850.19,1850.25,0.0,57.51,105906.56,1
2025-02-18,2025-02-18 13:44:00,1850.25,1850.31,1850.25,1850.31,0.0,57.51,105906.56,1
2025-02-18,2025-02-18 13:45:00,1850.31,1850.38,1850.31,1850.38,0.0,57.51,105906.56,1
2025-02-18,2025-02-18 13:46:00,1850.38,1850.44,1850.38,1850.44,0.0,57.51,105906.56,1
2025-02-18,2025-02-18 13:47:00,1850.44,1850.5,1850.44,1850.5,0.0,57.51,105906.56,1
2025-02-18,2025-02-18 13:48:00,1850.5,1850.56,1850.5,1850.56,0.0,57.51,105906.56,1
2025-02-18,2025-02-18 13:49:00,1850.56,1850.62,1850.56,1850.62,0.0,57.51,105906.56,1
2025-02-18,2025-02-18 13:50:00,1850.62,1850.69,1850.62,1850.69,0.0,57.51,105906.56,1
2025-02-18,2025-02-18 13:51:00,1850.69,1850.75,1850.69,1850.75,0.0,57.51,105906.56,1
2025-02-18,2025-02-18 13:52:00,1850.75,1850.81,1850.75,1850.81,0.0,57.51,105906.56,1
2025-02-18,2025-02-18 13:53:00,1850.81,1850.88,1850.81,1850.88,0.0,57.51,105906.56,1
2025-02-18,2025-02-18 13:54:00,1850.88,1850.94,1850.88,1850.94,0.0,57.51,105906.56,1
2025-02-18,2025-02-18 13:55:00,1850.94,1851.0,1850.94,1851.0,0.0,57.51,105906.56,1
2025-02-18,2025-02-18 13:56:00,1851.0,1851.06,1851.0,1851.06,0.0,57.51,105906.56,1
2025-02-18,2025-02-18 13:57:00,1851.06,1851.12,1851.06,1851.12,0.0,57.51,105906.56,1
2025-02-18,2025-02-18 13:58:00,1851.12,1851.19,1851.12,1851.19,0.0,57.51,105906.56,1
2025-02-18,2025-02-18 13:59:00,1851.19,1851.25,1851.19,1851.25,0.0,57.51,105906.56,1
2025-02-18,2025-02-18 14:00:00,1851.25,1851.31,1851.25,1851.31,0.0,57.51,105906.56,1
2025-02-18,2025-02-18 14:01:00,1851.31,1851.38,1851.31,1851.38,0.0,57.51,105906.56,1
2025-02-18,2025-02-18 14:02:00,1851.38,1851.44,1851.38,1851.44,0.0,57.51,105906.56,1
2025-02-18,2025-02-18 14:03:00,1851.44,1851.5,1851.44,1851.5,0.0,57.51,105906.56,1
2025-02-18,2025-02-18 14:04:00,1851.5,1851.56,1851.5,1851.56,0.0,57.51,105906.56,1
2025-02-18,2025-02-18 14:05:00,1851.56,1851.62,1851.56,1851.62,0.0,57.51,105906.56,1
2025-02-18,2025-02-18 14:06:00,1851.62,1851.69,1851.62,1851.69,0.0,57.51,105906.56,1
2025-02-18,2025-02-18 14:07:00,1851.69,1851.75,1851.69,1851.75,0.0,57.51,105906.56,1
2025-02-18,2025-02-18 14:08:00,1851.75,1851.81,1851.75,1851.81,0.0,57.51,105906.56,1
2025-02-18,2025-02-18 14:09:00,1851.81,1851.88,1851.81,1851.88,0.0,57.51,105906.56,1
2025-02-18,2025-02-18 14:10:00,1851.88,1851.94,1851.88,1851.94,0.0,57.51,105906.56,1
2025-02-18,2025-02-18 14:11:00,1851.94,1852.0,1851.94,1852.0,0.0,57.51,105906.56,1
2025-02-18,2025-02-18 14:12:00,1852.0,1852.06,1852.0,1852.06,0.0,57.51,105906.56,1
2025-02-18,2025-02-18 14:13:00,1852.06,1852.12,1852.06,1852.12,0.0,57.51,105906.56,1
2025-02-18,2025-02-18 14:14:00,1852.12,1852.19,1852.12,1852.19,0.0,57.51,105906.56,1
2025-02-18,2025-02-18 14:15:00,1852.19,1852.25,1852.19,1852.25,0.0,57.51,105906.56,1
2025-02-18,2025-02-18 14:16:00,1852.25,1852.31,1852.25,1852.31,0.0,57.51,105906.56,1
2025-02-18,2025-02-18 14:17:00,1852.31,1852.38,1852.31,1852.38,0.0,57.51,105906.56,1
2025-02-18,2025-02-18 14:18:00,1852.38,1852.44,1852.38,1852.44,0.0,57.51,105906.56,1
2025-02-18,2025-02-18 14:19:00,1852.44,1852.5,1852.44,1852.5,0.0,57.51,105906.56,1
2025-02-18,2025-02-18 14:20:00,1852.5,1852.56,1852.5,1852.56,0.0,57.51,105906.56,1
2025-02-18,2025-02-18 14:21:00,1852.56,1852.62,1852.56,1852.62,0.0,57.51,105906.56,1
2025-02-18,2025-02-18 14:22:00,1852.62,1852.69,1852.62,1852.69,0.0,57.51,105906.56,1
2025-02-18,2025-02-18 14:23:00,1852.69,1852.75,1852.69,1852.75,0.0,57.51,105906.56,1
2025-02-18,2025-02-18 14:24:00,1852.75,1852.81,1852.75,1852.81,0.0,57.51,105906.56,1
2025-02-18,2025-02-18 14:25:00,1852.81,1852.88,1852.81,1852.88,0.0,57.51,105906.56,1
2025-02-18,2025-02-18 14:26:00,1852.88,1852.94,1852.88,1852.94,0.0,57.51,105906.56,1
2025-02-18,2025-02-18 14:27:00,1852.94,1853.0,1852.94,1853.0,0.0,57.51,105906.56,1
2025-02-18,2025-02-18 14:28:00,1853.0,1853.06,1853.0,1853.06,0.0,57.51,105906.56,1
2025-02-18,2025-02-18 14:29:00,1853.06,1853.12,1853.06,1853.12,0.0,57.51,105906.56,1
2025-02-18,2025-02-18 14:30:00,1853.12,1853.19,1853.12,1853.19,0.0,57.51,105906.56,1
2025-02-18,2025-02-18 14:31:00,1853.19,1853.25,1853.19,1853.25,0.0,57.51,105906.56,1
2025-02-18,2025-02-18 14:32:00,1853.25,1853.31,1853.25,1853.31,0.0,57.51,105906.56,1
2025-02-18,2025-02-18 14:33:00,1853.31,1853.38,1853.31,1853.38,0.0,57.51,105906.56,1
2025-02-18,2025-02-18 14:34:00,1853.38,1853.44,1853.38,1853.44,0.0,57.51,105906.56,1
2025-02-18,2025-02-18 14:35:00,1853.44,1853.5,1853.44,1853.5,0.0,57.51,105906.56,1
2025-02-18,2025-02-18 14:36:00,1853.5,1853.56,1853.5,1853.56,0.0,57.51,105906.56,1
2025-02-18,2025-02-18 14:37:00,1853.56,1853.62,1853.56,1853.62,0.0,57.51,105906.56,1
2025-02-18,2025-02-18 14:38:00,1853.62,1853.69,1853.62,1853.69,0.0,57.51,105906.56,1
2025-02-18,2025-02-18 14:39:00,1853.69,1853.75,1853.69,1853.75,0.0,57.51,105906.56,1
2025-02-18,2025-02-18 14:40:00,1853.75,1853.81,1853.75,1853.81,0.0,57.51,105906.56,1
2025-02-18,2025-02-18 14:41:00,1853.81,1853.88,1853.81,1853.88,0.0,57.51,105906.56,1
2025-02-18,2025-02-18 14:42:00,1853.88,1853.94,1853.88,1853.94,0.0,57.51,105906.56,1
2025-02-18,2025-02-18 14:43:00,1853.94,1854.0,1853.94,1854.0,0.0,57.51,105906.56,1
2025-02-18,2025-02-18 14:44:00,1854.0,1854.06,1854.0,1854.06,0.0,57.51,105906.56,1
2025-02-18,2025-02-18 14:45:00,1854.06,1854.12,1854.06,1854.12,0.0,57.51,105906.56,1
2025-02-18,2025-02-18 14:46:00,1854.12,1854.19,1854.12,1854.19,0.0,57.51,105906.56,1
2025-02-18,2025-02-18 14:47:00,1854.19,1854.25,1854.19,1854.25,0.0,57.51,105906.56,1
2025-02-18,2025-02-18 14:48:00,1854.25,1854.31,1854.25,1854.31,0.0,57.51,105906.56,1
2025-02-18,2025-02-18 14:49:00,1854.31,1854.38,1854.31,1854.38,0.0,57.51,105906.56,1
2025-02-18,2025-02-18 14:50:00,1854.38,1854.44,1854.38,1854.44,0.0,57.51,105906.56,1
2025-02-18,2025-02-18 14:51:00,1854.44,1854.5,1854.44,1854.5,0.0,57.51,105906.56,1
2025-02-18,2025-02-18 14:52:00,1854.5,1854.56,1854.5,1854.56,0.0,57.51,105906.56,1
2025-02-18,2025-02-18 14:53:00,1854.56,1854.62,1854.56,1854.62,0.0,57.51,105906.56,1
2025-02-18,2025-02-18 14:54:00,1854.62,1854.69,1854.62,1854.69,0.0,57.51,105906.56,1
2025-02-18,2025-02-18 14:55:00,1854.69,1854.75,1854.69,1854.75,0.0,57.51,105906.56,1
2025-02-18,2025-02-18 14:56:00,1854.75,1854.81,1854.75,1854.81,0.0,57.51,105906.56,1
2025-02-18,2025-02-18 14:57:00,1854.81,1854.88,1854.81,1854.88,0.0,57.51,105906.56,1
2025-02-18,2025-02-18 14:58:00,1854.88,1854.94,1854.88,1854.94,0.0,57.51,105906.56,1
2025-02-18,2025-02-18 14:59:00,1854.94,1855.0,1854.94,1855.0,0.0,57.51,105906.56,1
2025-02-18,2025-02-18 15:00:00,1855.0,1868.0,1820.0,1855.0,0.0,57.51,105906.56,0
2025-02-20,2025-02-20 11:00:00,1869.0,1895.7,1857.6,1869.29,0.02,113.17,217432.99,1
2025-02-20,2025-02-20 11:01:00,1869.29,1869.58,1869.29,1869.58,0.02,113.17,217432.99,1
2025-02-20,2025-02-20 11:02:00,1869.58,1869.88,1869.58,1869.88,0.02,113.17,217432.99,1
2025-02-20,2025-02-20 11:03:00,1869.88,1870.17,1869.88,1870.17,0.02,113.17,217432.99,1
2025-02-20,2025-02-20 11:04:00,1870.17,1870.46,1870.17,1870.46,0.02,113.17,217432.99,1
2025-02-20,2025-02-20 11:05:00,1870.46,1870.75,1870.46,1870.75,0.02,113.17,217432.99,1
2025-02-20,2025-02-20 11:06:00,1870.75,1871.04,1870.75,1871.04,0.02,113.17,217432.99,1
2025-02-20,2025-02-20 11:07:00,1871.04,1871.33,1871.04,1871.33,0.02,113.17,217432.99,1
2025-02-20,2025-02-20 11:08:00,1871.33,1871.62,1871.33,1871.62,0.02,113.17,217432.99,1
2025-02-20,2025-02-20 11:09:00,1871.62,1871.92,1871.62,1871.92,0.02,113.17,217432.99,1
2025-02-20,2025-02-20 11:10:00,1871.92,1872.21,1871.92,1872.21,0.02,113.17,217432.99,1
2025-02-20,2025-02-20 11:11:00,1872.21,1872.5,1872.21,1872.5,0.02,113.17,217432.99,1
2025-02-20,2025-02-20 11:12:00,1872.5,1872.79,1872.5,1872.79,0.02,113.17,217432.99,1
2025-02-20,2025-02-20 11:13:00,1872.79,1873.08,1872.79,1873.08,0.02,113.17,217432.99,1
2025-02-20,2025-02-20 11:14:00,1873.08,1873.38,1873.08,1873.38,0.02,113.17,217432.99,1
2025-02-20,2025-02-20 11:15:00,1873.38,1873.67,1873.38,1873.67,0.02,113.17,217432.99,1
2025-02-20,2025-02-20 11:16:00,1873.67,1873.96,1873.67,1873.96,0.02,113.17,217432.99,1
2025-02-20,2025-02-20 11:17:00,1873.96,1874.25,1873.96,1874.25,0.02,113.17,217432.99,1
2025-02-20,2025-02-20 11:18:00,1874.25,1874.54,1874.25,1874.54,0.02,113.17,217432.99,1
2025-02-20,2025-02-20 11:19:00,1874.54,1874.83,1874.54,1874.83,0.02,113.17,217432.99,1
2025-02-20,2025-02-20 11:20:00,1874.83,1875.12,1874.83,1875.12,0.02,113.17,217432.99,1
2025-02-20,2025-02-20 11:21:00,1875.12,1875.42,1875.12,1875.42,0.02,113.17,217432.99,1
2025-02-20,2025-02-20 11:22:00,1875.42,1875.71,1875.42,1875.71,0.02,113.17,217432.99,1
2025-02-20,2025-02-20 11:23:00,1875.71,1876.0,1875.71,1876.0,0.02,113.17,217432.99,1
2025-02-20,2025-02-20 11:24:00,1876.0,1876.29,1876.0,1876.29,0.02,113.17,217432.99,1
2025-02-20,2025-02-20 11:25:00,1876.29,1876.58,1876.29,1876.58,0.02,113.17,217432.99,1
2025-02-20,2025-02-20 11:26:00,1876.58,1876.88,1876.58,1876.88,0.02,113.17,217432.99,1
2025-02-20,2025-02-20 11:27:00,1876.88,1877.17,1876.88,1877.17,0.02,113.17,217432.99,1
2025-02-20,2025-02-20 11:28:00,1877.17,1877.46,1877.17,1877.46,0.02,113.17,217432.99,1
2025-02-20,2025-02-20 11:29:00,1877.46,1877.75,1877.46,1877.75,0.02,113.17,217432.99,1
2025-02-20,2025-02-20 11:30:00,1877.75,1878.04,1877.75,1878.04,0.02,113.17,217432.99,1
2025-02-20,2025-02-20 11:31:00,1878.04,1878.33,1878.04,1878.33,0.02,113.17,217432.99,1
2025-02-20,2025-02-20 11:32:00,1878.33,1878.62,1878.33,1878.62,0.02,113.17,217432.99,1
2025-02-20,2025-02-20 11:33:00,1878.62,1878.92,1878.62,1878.92,0.02,113.17,217432.99,1
2025-02-20,2025-02-20 11:34:00,1878.92,1879.21,1878.92,1879.21,0.02,113.17,217432.99,1
2025-02-20,2025-02-20 11:35:00,1879.21,1879.5,1879.21,1879.5,0.02,113.17,217432.99,1
2025-02-20,2025-02-20 11:36:00,1879.5,1879.79,1879.5,1879.79,0.02,113.17,217432.99,1
2025-02-20,2025-02-20 11:37:00,1879.79,1880.08,1879.79,1880.08,0.02,113.17,217432.99,1
2025-02-20,2025-02-20 11:38:00,1880.08,1880.38,1880.08,1880.38,0.02,113.17,217432.99,1
2025-02-20,2025-02-20 11:39:00,1880.38,1880.67,1880.38,1880.67,0.02,113.17,217432.99,1
2025-02-20,2025-02-20 11:40:00,1880.67,1880.96,1880.67,1880.96,0.02,113.17,217432.99,1
2025-02-20,2025-02-20 11:41:00,1880.96,1881.25,1880.96,1881.25,0.02,113.17,217432.99,1
2025-02-20,2025-02-20 11:42:00,1881.25,1881.54,1881.25,1881.54,0.02,113.17,217432.99,1
2025-02-20,2025-02-20 11:43:00,1881.54,1881.83,1881.54,1881.83,0.02,113.17,217432.99,1
2025-02-20,2025-02-20 11:44:00,1881.83,1882.12,1881.83,1882.12,0.02,113.17,217432.99,1
2025-02-20,2025-02-20 11:45:00,1882.12,1882.42,1882.12,1882.42,0.02,113.17,217432.99,1
2025-02-20,2025-02-20 11:46:00,1882.42,1882.71,1882.42,1882.71,0.02,113.17,217432.99,1
2025-02-20,2025-02-20 11:47:00,1882.71,1883.0,1882.71,1883.0,0.02,113.17,217432.99,1
2025-02-20,2025-02-20 11:48:00,1883.0,1883.29,1883.0,1883.29,0.02,113.17,217432.99,1
2025-02-20,2025-02-20 11:49:00,1883.29,1883.58,1883.29,1883.58,0.02,113.17,217432.99,1
2025-02-20,2025-02-20 11:50:00,1883.58,1883.88,1883.58,1883.88,0.02,113.17,217432.99,1
2025-02-20,2025-02-20 11:51:00,1883.88,1884.17,1883.88,1884.17,0.02,113.17,217432.99,1
2025-02-20,2025-02-20 11:52:00,1884.17,1884.46,1884.17,1884.46,0.02,113.17,217432.99,1
2025-02-20,2025-02-20 11:53:00,1884.46,1884.75,1884.46,1884.75,0.02,113.17,217432.99,1
2025-02-20,2025-02-20 11:54:00,1884.75,1885.04,1884.75,1885.04,0.02,113.17,217432.99,1
2025-02-20,2025-02-20 11:55:00,1885.04,1885.33,1885.04,1885.33,0.02,113.17,217432.99,1
2025-02-20,2025-02-20 11:56:00,1885.33,1885.62,1885.33,1885.62,0.02,113.17,217432.99,1
2025-02-20,2025-02-20 11:57:00,1885.62,1885.92,1885.62,1885.92,0.02,113.17,217432.99,1
2025-02-20,2025-02-20 11:58:00,1885.92,1886.21,1885.92,1886.21,0.02,113.17,217432.99,1
2025-02-20,2025-02-20 11:59:00,1886.21,1886.5,1886.21,1886.5,0.02,113.17,217432.99,1
2025-02-20,2025-02-20 12:00:00,1886.5,1886.79,1886.5,1886.79,0.02,113.17,217432.99,1
2025-02-20,2025-02-20 12:01:00,1886.79,1887.08,1886.79,1887.08,0.02,113.17,217432.99,1
2025-02-20,2025-02-20 12:02:00,1887.08,1887.38,1887.08,1887.38,0.02,113.17,217432.99,1
2025-02-20,2025-02-20 12:03:00,1887.38,1887.67,1887.38,1887.67,0.02,113.17,217432.99,1
2025-02-20,2025-02-20 12:04:00,1887.67,1887.96,1887.67,1887.96,0.02,113.17,217432.99,1
2025-02-20,2025-02-20 12:05:00,1887.96,1888.25,1887.96,1888.25,0.02,113.17,217432.99,1
2025-02-20,2025-02-20 12:06:00,1888.25,1888.54,1888.25,1888.54,0.02,113.17,217432.99,1
2025-02-20,2025-02-20 12:07:00,1888.54,1888.83,1888.54,1888.83,0.02,113.17,217432.99,1
2025-02-20,2025-02-20 12:08:00,1888.83,1889.12,1888.83,1889.12,0.02,113.17,217432.99,1
2025-02-20,2025-02-20 12:09:00,1889.12,1889.42,1889.12,1889.42,0.02,113.17,217432.99,1
2025-02-20,2025-02-20 12:10:00,1889.42,1889.71,1889.42,1889.71,0.02,113.17,217432.99,1
2025-02-20,2025-02-20 12:11:00,1889.71,1890.0,1889.71,1890.0,0.02,113.17,217432.99,1
2025-02-20,2025-02-20 12:12:00,1890.0,1890.29,1890.0,1890.29,0.02,113.17,217432.99,1
2025-02-20,2025-02-20 12:13:00,1890.29,1890.58,1890.29,1890.58,0.02,113.17,217432.99,1
2025-02-20,2025-02-20 12:14:00,1890.58,1890.88,1890.58,1890.88,0.02,113.17,217432.99,1
2025-02-20,2025-02-20 12:15:00,1890.88,1891.17,1890.88,1891.17,0.02,113.17,217432.99,1
2025-02-20,2025-02-20 12:16:00,1891.17,1891.46,1891.17,1891.46,0.02,113.17,217432.99,1
2025-02-20,2025-02-20 12:17:00,1891.46,1891.75,1891.46,1891.75,0.02,113.17,217432.99,1
2025-02-20,2025-02-20 12:18:00,1891.75,1892.04,1891.75,1892.04,0.02,113.17,217432.99,1
2025-02-20,2025-02-20 12:19:00,1892.04,1892.33,1892.04,1892.33,0.02,113.17,217432.99,1
2025-02-20,2025-02-20 12:20:00,1892.33,1892.62,1892.33,1892.62,0.02,113.17,217432.99,1
2025-02-20,2025-02-20 12:21:00,1892.62,1892.92,1892.62,1892.92,0.02,113.17,217432.99,1
2025-02-20,2025-02-20 12:22:00,1892.92,1893.21,1892.92,1893.21,0.02,113.17,217432.99,1
2025-02-20,2025-02-20 12:23:00,1893.21,1893.5,1893.21,1893.5,0.02,113.17,217432.99,1
2025-02-20,2025-02-20 12:24:00,1893.5,1893.79,1893.5,1893.79,0.02,113.17,217432.99,1
2025-02-20,2025-02-20 12:25:00,1893.79,1894.08,1893.79,1894.08,0.02,113.17,217432.99,1
2025-02-20,2025-02-20 12:26:00,1894.08,1894.38,1894.08,1894.38,0.02,113.17,217432.99,1
2025-02-20,2025-02-20 12:27:00,1894.38,1894.67,1894.38,1894.67,0.02,113.17,217432.99,1
2025-02-20,2025-02-20 12:28:00,1894.67,1894.96,1894.67,1894.96,0.02,113.17,217432.99,1
2025-02-20,2025-02-20 12:29:00,1894.96,1895.25,1894.96,1895.25,0.02,113.17,217432.99,1
2025-02-20,2025-02-20 12:30:00,1895.25,1895.54,1895.25,1895.54,0.02,113.17,217432.99,1
2025-02-20,2025-02-20 12:31:00,1895.54,1895.83,1895.54,1895.83,0.02,113.17,217432.99,1
2025-02-20,2025-02-20 12:32:00,1895.83,1896.12,1895.83,1896.12,0.02,113.17,217432.99,1
2025-02-20,2025-02-20 12:33:00,1896.12,1896.42,1896.12,1896.42,0.02,113.17,217432.99,1
2025-02-20,2025-02-20 12:34:00,1896.42,1896.71,1896.42,1896.71,0.02,113.17,217432.99,1
2025-02-20,2025-02-20 12:35:00,1896.71,1897.0,1896.71,1897.0,0.02,113.17,217432.99,1
2025-02-20,2025-02-20 12:36:00,1897.0,1897.29,1897.0,1897.29,0.02,113.17,217432.99,1
2025-02-20,2025-02-20 12:37:00,1897.29,1897.58,1897.29,1897.58,0.02,113.17,217432.99,1
2025-02-20,2025-02-20 12:38:00,1897.58,1897.88,1897.58,1897.88,0.02,113.17,217432.99,1
2025-02-20,2025-02-20 12:39:00,1897.88,1898.17,1897.88,1898.17,0.02,113.17,217432.99,1
2025-02-20,2025-02-20 12:40:00,1898.17,1898.46,1898.17,1898.46,0.02,113.17,217432.99,1
2025-02-20,2025-02-20 12:41:00,1898.46,1898.75,1898.46,1898.75,0.02,113.17,217432.99,1
2025-02-20,2025-02-20 12:42:00,1898.75,1899.04,1898.75,1899.04,0.02,113.17,217432.99,1
2025-02-20,2025-02-20 12:43:00,1899.04,1899.33,1899.04,1899.33,0.02,113.17,217432.99,1
2025-02-20,2025-02-20 12:44:00,1899.33,1899.62,1899.33,1899.62,0.02,113.17,217432.99,1
2025-02-20,2025-02-20 12:45:00,1899.62,1899.92,1899.62,1899.92,0.02,113.17,217432.99,1
2025-02-20,2025-02-20 12:46:00,1899.92,1900.21,1899.92,1900.21,0.02,113.17,217432.99,1
2025-02-20,2025-02-20 12:47:00,1900.21,1900.5,1900.21,1900.5,0.02,113.17,217432.99,1
2025-02-20,2025-02-20 12:48:00,1900.5,1900.79,1900.5,1900.79,0.02,113.17,217432.99,1
2025-02-20,2025-02-20 12:49:00,1900.79,1901.08,1900.79,1901.08,0.02,113.17,217432.99,1
2025-02-20,2025-02-20 12:50:00,1901.08,1901.38,1901.08,1901.38,0.02,113.17,217432.99,1
2025-02-20,2025-02-20 12:51:00,1901.38,1901.67,1901.38,1901.67,0.02,113.17,217432.99,1
2025-02-20,2025-02-20 12:52:00,1901.67,1901.96,1901.67,1901.96,0.02,113.17,217432.99,1
2025-02-20,2025-02-20 12:53:00,1901.96,1902.25,1901.96,1902.25,0.02,113.17,217432.99,1
2025-02-20,2025-02-20 12:54:00,1902.25,1902.54,1902.25,1902.54,0.02,113.17,217432.99,1
2025-02-20,2025-02-20 12:55:00,1902.54,1902.83,1902.54,1902.83,0.02,113.17,217432.99,1
2025-02-20,2025-02-20 12:56:00,1902.83,1903.12,1902.83,1903.12,0.02,113.17,217432.99,1
2025-02-20,2025-02-20 12:57:00,1903.12,1903.42,1903.12,1903.42,0.02,113.17,217432.99,1
2025-02-20,2025-02-20 12:58:00,1903.42,1903.71,1903.42,1903.71,0.02,113.17,217432.99,1
2025-02-20,2025-02-20 12:59:00,1903.71,1904.0,1903.71,1904.0,0.02,113.17,217432.99,1
2025-02-20,2025-02-20 13:00:00,1904.0,1958.0,1831.0,1904.29,0.02,113.17,217432.99,1
2025-02-20,2025-02-20 13:01:00,1904.29,1904.58,1904.29,1904.58,0.02,113.17,217432.99,1
2025-02-20,2025-02-20 13:02:00,1904.58,1904.88,1904.58,1904.88,0.02,113.17,217432.99,1
2025-02-20,2025-02-20 13:03:00,1904.88,1905.17,1904.88,1905.17,0.02,113.17,217432.99,1
2025-02-20,2025-02-20 13:04:00,1905.17,1905.46,1905.17,1905.46,0.02,113.17,217432.99,1
2025-02-20,2025-02-20 13:05:00,1905.46,1905.75,1905.46,1905.75,0.02,113.17,217432.99,1
2025-02-20,2025-02-20 13:06:00,1905.75,1906.04,1905.75,1906.04,0.02,113.17,217432.99,1
2025-02-20,2025-02-20 13:07:00,1906.04,1906.33,1906.04,1906.33,0.02,113.17,217432.99,1
2025-02-20,2025-02-20 13:08:00,1906.33,1906.62,1906.33,1906.62,0.02,113.17,217432.99,1
2025-02-20,2025-02-20 13:09:00,1906.62,1906.92,1906.62,1906.92,0.02,113.17,217432.99,1
2025-02-20,2025-02-20 13:10:00,1906.92,1907.21,1906.92,1907.21,0.02,113.17,217432.99,1
2025-02-20,2025-02-20 13:11:00,1907.21,1907.5,1907.21,1907.5,0.02,113.17,217432.99,1
2025-02-20,2025-02-20 13:12:00,1907.5,1907.79,1907.5,1907.79,0.02,113.17,217432.99,1
2025-02-20,2025-02-20 13:13:00,1907.79,1908.08,1907.79,1908.08,0.02,113.17,217432.99,1
2025-02-20,2025-02-20 13:14:00,1908.08,1908.38,1908.08,1908.38,0.02,113.17,217432.99,1
2025-02-20,2025-02-20 13:15:00,1908.38,1908.67,1908.38,1908.67,0.02,113.17,217432.99,1
2025-02-20,2025-02-20 13:16:00,1908.67,1908.96,1908.67,1908.96,0.02,113.17,217432.99,1
2025-02-20,2025-02-20 13:17:00,1908.96,1909.25,1908.96,1909.25,0.02,113.17,217432.99,1
2025-02-20,2025-02-20 13:18:00,1909.25,1909.54,1909.25,1909.54,0.02,113.17,217432.99,1
2025-02-20,2025-02-20 13:19:00,1909.54,1909.83,1909.54,1909.83,0.02,113.17,217432.99,1
2025-02-20,2025-02-20 13:20:00,1909.83,1910.12,1909.83,1910.12,0.02,113.17,217432.99,1
2025-02-20,2025-02-20 13:21:00,1910.12,1910.42,1910.12,1910.42,0.02,113.17,217432.99,1
2025-02-20,2025-02-20 13:22:00,1910.42,1910.71,1910.42,1910.71,0.02,113.17,217432.99,1
2025-02-20,2025-02-20 13:23:00,1910.71,1911.0,1910.71,1911.0,0.02,113.17,217432.99,1
2025-02-20,2025-02-20 13:24:00,1911.0,1911.29,1911.0,1911.29,0.02,113.17,217432.99,1
2025-02-20,2025-02-20 13:25:00,1911.29,1911.58,1911.29,1911.58,0.02,113.17,217432.99,1
2025-02-20,2025-02-20 13:26:00,1911.58,1911.88,1911.58,1911.88,0.02,113.17,217432.99,1
2025-02-20,2025-02-20 13:27:00,1911.88,1912.17,1911.88,1912.17,0.02,113.17,217432.99,1
2025-02-20,2025-02-20 13:28:00,1912.17,1912.46,1912.17,1912.46,0.02,113.17,217432.99,1
2025-02-20,2025-02-20 13:29:00,1912.46,1912.75,1912.46,1912.75,0.02,113.17,217432.99,1
2025-02-20,2025-02-20 13:30:00,1912.75,1913.04,1912.75,1913.04,0.02,113.17,217432.99,1
2025-02-20,2025-02-20 13:31:00,1913.04,1913.33,1913.04,1913.33,0.02,113.17,217432.99,1
2025-02-20,2025-02-20 13:32:00,1913.33,1913.62,1913.33,1913.62,0.02,113.17,217432.99,1
2025-02-20,2025-02-20 13:33:00,1913.62,1913.92,1913.62,1913.92,0.02,113.17,217432.99,1
2025-02-20,2025-02-20 13:34:00,1913.92,1914.21,1913.92,1914.21,0.02,113.17,217432.99,1
2025-02-20,2025-02-20 13:35:00,1914.21,1914.5,1914.21,1914.5,0.02,113.17,217432.99,1
2025-02-20,2025-02-20 13:36:00,1914.5,1914.79,1914.5,1914.79,0.02,113.17,217432.99,1
2025-02-20,2025-02-20 13:37:00,1914.79,1915.08,1914.79,1915.08,0.02,113.17,217432.99,1
2025-02-20,2025-02-20 13:38:00,1915.08,1915.38,1915.08,1915.38,0.02,113.17,217432.99,1
2025-02-20,2025-02-20 13:39:00,1915.38,1915.67,1915.38,1915.67,0.02,113.17,217432.99,1
2025-02-20,2025-02-20 13:40:00,1915.67,1915.96,1915.67,1915.96,0.02,113.17,217432.99,1
2025-02-20,2025-02-20 13:41:00,1915.96,1916.25,1915.96,1916.25,0.02,113.17,217432.99,1
2025-02-20,2025-02-20 13:42:00,1916.25,1916.54,1916.25,1916.54,0.02,113.17,217432.99,1
2025-02-20,2025-02-20 13:43:00,1916.54,1916.83,1916.54,1916.83,0.02,113.17,217432.99,1
2025-02-20,2025-02-20 13:44:00,1916.83,1917.12,1916.83,1917.12,0.02,113.17,217432.99,1
2025-02-20,2025-02-20 13:45:00,1917.12,1917.42,1917.12,1917.42,0.02,113.17,217432.99,1
2025-02-20,2025-02-20 13:46:00,1917.42,1917.71,1917.42,1917.71,0.02,113.17,217432.99,1
2025-02-20,2025-02-20 13:47:00,1917.71,1918.0,1917.71,1918.0,0.02,113.17,217432.99,1
2025-02-20,2025-02-20 13:48:00,1918.0,1918.29,1918.0,1918.29,0.02,113.17,217432.99,1
2025-02-20,2025-02-20 13:49:00,1918.29,1918.58,1918.29,1918.58,0.02,113.17,217432.99,1
2025-02-20,2025-02-20 13:50:00,1918.58,1918.88,1918.58,1918.88,0.02,113.17,217432.99,1
2025-02-20,2025-02-20 13:51:00,1918.88,1919.17,1918.88,1919.17,0.02,113.17,217432.99,1
2025-02-20,2025-02-20 13:52:00,1919.17,1919.46,1919.17,1919.46,0.02,113.17,217432.99,1
2025-02-20,2025-02-20 13:53:00,1919.46,1919.75,1919.46,1919.75,0.02,113.17,217432.99,1
2025-02-20,2025-02-20 13:54:00,1919.75,1920.04,1919.75,1920.04,0.02,113.17,217432.99,1
2025-02-20,2025-02-20 13:55:00,1920.04,1920.33,1920.04,1920.33,0.02,113.17,217432.99,1
2025-02-20,2025-02-20 13:56:00,1920.33,1920.62,1920.33,1920.62,0.02,113.17,217432.99,1
2025-02-20,2025-02-20 13:57:00,1920.62,1920.92,1920.62,1920.92,0.02,113.17,217432.99,1
2025-02-20,2025-02-20 13:58:00,1920.92,1921.21,1920.92,1921.21,0.02,113.17,217432.99,1
2025-02-20,2025-02-20 13:59:00,1921.21,1921.5,1921.21,1921.5,0.02,113.17,217432.99,1
2025-02-20,2025-02-20 14:00:00,1921.5,1921.79,1921.5,1921.79,0.02,113.17,217432.99,1
2025-02-20,2025-02-20 14:01:00,1921.79,1922.08,1921.79,1922.08,0.02,113.17,217432.99,1
2025-02-20,2025-02-20 14:02:00,1922.08,1922.38,1922.08,1922.38,0.02,113.17,217432.99,1
2025-02-20,2025-02-20 14:03:00,1922.38,1922.67,1922.38,1922.67,0.02,113.17,217432.99,1
2025-02-20,2025-02-20 14:04:00,1922.67,1922.96,1922.67,1922.96,0.02,113.17,217432.99,1
2025-02-20,2025-02-20 14:05:00,1922.96,1923.25,1922.96,1923.25,0.02,113.17,217432.99,1
2025-02-20,2025-02-20 14:06:00,1923.25,1923.54,1923.25,1923.54,0.02,113.17,217432.99,1
2025-02-20,2025-02-20 14:07:00,1923.54,1923.83,1923.54,1923.83,0.02,113.17,217432.99,1
2025-02-20,2025-02-20 14:08:00,1923.83,1924.12,1923.83,1924.12,0.02,113.17,217432.99,1
2025-02-20,2025-02-20 14:09:00,1924.12,1924.42,1924.12,1924.42,0.02,113.17,217432.99,1
2025-02-20,2025-02-20 14:10:00,1924.42,1924.71,1924.42,1924.71,0.02,113.17,217432.99,1
2025-02-20,2025-02-20 14:11:00,1924.71,1925.0,1924.71,1925.0,0.02,113.17,217432.99,1
2025-02-20,2025-02-20 14:12:00,1925.0,1925.29,1925.0,1925.29,0.02,113.17,217432.99,1
2025-02-20,2025-02-20 14:13:00,1925.29,1925.58,1925.29,1925.58,0.02,113.17,217432.99,1
2025-02-20,2025-02-20 14:14:00,1925.58,1925.88,1925.58,1925.88,0.02,113.17,217432.99,1
2025-02-20,2025-02-20 14:15:00,1925.88,1926.17,1925.88,1926.17,0.02,113.17,217432.99,1
2025-02-20,2025-02-20 14:16:00,1926.17,1926.46,1926.17,1926.46,0.02,113.17,217432.99,1
2025-02-20,2025-02-20 14:17:00,1926.46,1926.75,1926.46,1926.75,0.02,113.17,217432.99,1
2025-02-20,2025-02-20 14:18:00,1926.75,1927.04,1926.75,1927.04,0.02,113.17,217432.99,1
2025-02-20,2025-02-20 14:19:00,1927.04,1927.33,1927.04,1927.33,0.02,113.17,217432.99,1
2025-02-20,2025-02-20 14:20:00,1927.33,1927.62,1927.33,1927.62,0.02,113.17,217432.99,1
2025-02-20,2025-02-20 14:21:00,1927.62,1927.92,1927.62,1927.92,0.02,113.17,217432.99,1
2025-02-20,2025-02-20 14:22:00,1927.92,1928.21,1927.92,1928.21,0.02,113.17,217432.99,1
2025-02-20,2025-02-20 14:23:00,1928.21,1928.5,1928.21,1928.5,0.02,113.17,217432.99,1
2025-02-20,2025-02-20 14:24:00,1928.5,1928.79,1928.5,1928.79,0.02,113.17,217432.99,1
2025-02-20,2025-02-20 14:25:00,1928.79,1929.08,1928.79,1929.08,0.02,113.17,217432.99,1
2025-02-20,2025-02-20 14:26:00,1929.08,1929.38,1929.08,1929.38,0.02,113.17,217432.99,1
2025-02-20,2025-02-20 14:27:00,1929.38,1929.67,1929.38,1929.67,0.02,113.17,217432.99,1
2025-02-20,2025-02-20 14:28:00,1929.67,1929.96,1929.67,1929.96,0.02,113.17,217432.99,1
2025-02-20,2025-02-20 14:29:00,1929.96,1930.25,1929.96,1930.25,0.02,113.17,217432.99,1
2025-02-20,2025-02-20 14:30:00,1930.25,1930.54,1930.25,1930.54,0.02,113.17,217432.99,1
2025-02-20,2025-02-20 14:31:00,1930.54,1930.83,1930.54,1930.83,0.02,113.17,217432.99,1
2025-02-20,2025-02-20 14:32:00,1930.83,1931.12,1930.83,1931.12,0.02,113.17,217432.99,1
2025-02-20,2025-02-20 14:33:00,1931.12,1931.42,1931.12,1931.42,0.02,113.17,217432.99,1
2025-02-20,2025-02-20 14:34:00,1931.42,1931.71,1931.42,1931.71,0.02,113.17,217432.99,1
2025-02-20,2025-02-20 14:35:00,1931.71,1932.0,1931.71,1932.0,0.02,113.17,217432.99,1
2025-02-20,2025-02-20 14:36:00,1932.0,1932.29,1932.0,1932.29,0.02,113.17,217432.99,1
2025-02-20,2025-02-20 14:37:00,1932.29,1932.58,1932.29,1932.58,0.02,113.17,217432.99,1
2025-02-20,2025-02-20 14:38:00,1932.58,1932.88,1932.58,1932.88,0.02,113.17,217432.99,1
2025-02-20,2025-02-20 14:39:00,1932.88,1933.17,1932.88,1933.17,0.02,113.17,217432.99,1
2025-02-20,2025-02-20 14:40:00,1933.17,1933.46,1933.17,1933.46,0.02,113.17,217432.99,1
2025-02-20,2025-02-20 14:41:00,1933.46,1933.75,1933.46,1933.75,0.01,113.17,217432.99,1
2025-02-20,2025-02-20 14:42:00,1933.75,1934.04,1933.75,1934.04,0.01,113.17,217432.99,1
2025-02-20,2025-02-20 14:43:00,1934.04,1934.33,1934.04,1934.33,0.01,113.17,217432.99,1
2025-02-20,2025-02-20 14:44:00,1934.33,1934.62,1934.33,1934.62,0.01,113.17,217432.99,1
2025-02-20,2025-02-20 14:45:00,1934.62,1934.92,1934.62,1934.92,0.02,113.17,217432.99,1
2025-02-20,2025-02-20 14:46:00,1934.92,1935.21,1934.92,1935.21,0.01,113.17,217432.99,1
2025-02-20,2025-02-20 14:47:00,1935.21,1935.5,1935.21,1935.5,0.01,113.17,217432.99,1
2025-02-20,2025-02-20 14:48:00,1935.5,1935.79,1935.5,1935.79,0.01,113.17,217432.99,1
2025-02-20,2025-02-20 14:49:00,1935.79,1936.08,1935.79,1936.08,0.01,113.17,217432.99,1
2025-02-20,2025-02-20 14:50:00,1936.08,1936.38,1936.08,1936.38,0.02,113.17,217432.99,1
2025-02-20,2025-02-20 14:51:00,1936.38,1936.67,1936.38,1936.67,0.01,113.17,217432.99,1
2025-02-20,2025-02-20 14:52:00,1936.67,1936.96,1936.67,1936.96,0.01,113.17,217432.99,1
2025-02-20,2025-02-20 14:53:00,1936.96,1937.25,1936.96,1937.25,0.01,113.17,217432.99,1
2025-02-20,2025-02-20 14:54:00,1937.25,1937.54,1937.25,1937.54,0.01,113.17,217432.99,1
2025-02-20,2025-02-20 14:55:00,1937.54,1937.83,1937.54,1937.83,0.01,113.17,217432.99,1
2025-02-20,2025-02-20 14:56:00,1937.83,1938.12,1937.83,1938.12,0.01,113.17,217432.99,1
2025-02-20,2025-02-20 14:57:00,1938.12,1938.42,1938.12,1938.42,0.02,113.17,217432.99,1
2025-02-20,2025-02-20 14:58:00,1938.42,1938.71,1938.42,1938.71,0.01,113.17,217432.99,1
2025-02-20,2025-02-20 14:59:00,1938.71,1939.0,1938.71,1939.0,0.01,113.17,217432.99,1
2025-02-20,2025-02-20 15:00:00,1939.0,1958.0,1831.0,1939.0,0.0,113.17,217432.99,0
2025-02-23,2025-02-23 11:00:00,1900.3,1913.11,1889.11,1900.22,-0.0,61.34,116900.44,-1
2025-02-23,2025-02-23 11:01:00,1900.22,1900.22,1900.14,1900.14,-0.0,61.34,116900.44,-1
2025-02-23,2025-02-23 11:02:00,1900.14,1900.14,1900.06,1900.06,-0.0,61.34,116900.44,-1
2025-02-23,2025-02-23 11:03:00,1900.06,1900.06,1899.98,1899.98,-0.0,61.34,116900.44,-1
2025-02-23,2025-02-23 11:04:00,1899.98,1899.98,1899.9,1899.9,-0.0,61.34,116900.44,-1
2025-02-23,2025-02-23 11:05:00,1899.9,1899.9,1899.82,1899.82,-0.0,61.34,116900.44,-1
2025-02-23,2025-02-23 11:06:00,1899.82,1899.82,1899.74,1899.74,-0.0,61.34,116900.44,-1
2025-02-23,2025-02-23 11:07:00,1899.74,1899.74,1899.66,1899.66,-0.0,61.34,116900.44,-1
2025-02-23,2025-02-23 11:08:00,1899.66,1899.66,1899.58,1899.58,-0.0,61.34,116900.44,-1
2025-02-23,2025-02-23 11:09:00,1899.58,1899.58,1899.5,1899.5,-0.0,61.34,116900.44,-1
2025-02-23,2025-02-23 11:10:00,1899.5,1899.5,1899.42,1899.42,-0.0,61.34,116900.44,-1
2025-02-23,2025-02-23 11:11:00,1899.42,1899.42,1899.34,1899.34,-0.0,61.34,116900.44,-1
2025-02-23,2025-02-23 11:12:00,1899.34,1899.34,1899.25,1899.25,-0.0,61.34,116900.44,-1
2025-02-23,2025-02-23 11:13:00,1899.25,1899.25,1899.17,1899.17,-0.0,61.34,116900.44,-1
2025-02-23,2025-02-23 11:14:00,1899.17,1899.17,1899.09,1899.09,-0.0,61.34,116900.44,-1
2025-02-23,2025-02-23 11:15:00,1899.09,1899.09,1899.01,1899.01,-0.0,61.34,116900.44,-1
2025-02-23,2025-02-23 11:16:00,1899.01,1899.01,1898.93,1898.93,-0.0,61.34,116900.44,-1
2025-02-23,2025-02-23 11:17:00,1898.93,1898.93,1898.85,1898.85,-0.0,61.34,116900.44,-1
2025-02-23,2025-02-23 11:18:00,1898.85,1898.85,1898.77,1898.77,-0.0,61.34,116900.44,-1
2025-02-23,2025-02-23 11:19:00,1898.77,1898.77,1898.69,1898.69,-0.0,61.34,116900.44,-1
2025-02-23,2025-02-23 11:20:00,1898.69,1898.69,1898.61,1898.61,-0.0,61.34,116900.44,-1
2025-02-23,2025-02-23 11:21:00,1898.61,1898.61,1898.53,1898.53,-0.0,61.34,116900.44,-1
2025-02-23,2025-02-23 11:22:00,1898.53,1898.53,1898.45,1898.45,-0.0,61.34,116900.44,-1
2025-02-23,2025-02-23 11:23:00,1898.45,1898.45,1898.37,1898.37,-0.0,61.34,116900.44,-1
2025-02-23,2025-02-23 11:24:00,1898.37,1898.37,1898.29,1898.29,-0.0,61.34,116900.44,-1
2025-02-23,2025-02-23 11:25:00,1898.29,1898.29,1898.21,1898.21,-0.0,61.34,116900.44,-1
2025-02-23,2025-02-23 11:26:00,1898.21,1898.21,1898.13,1898.13,-0.0,61.34,116900.44,-1
2025-02-23,2025-02-23 11:27:00,1898.13,1898.13,1898.05,1898.05,-0.0,61.34,116900.44,-1
2025-02-23,2025-02-23 11:28:00,1898.05,1898.05,1897.97,1897.97,-0.0,61.34,116900.44,-1
2025-02-23,2025-02-23 11:29:00,1897.97,1897.97,1897.89,1897.89,-0.0,61.34,116900.44,-1
2025-02-23,2025-02-23 11:30:00,1897.89,1897.89,1897.81,1897.81,-0.0,61.34,116900.44,-1
2025-02-23,2025-02-23 11:31:00,1897.81,1897.81,1897.73,1897.73,-0.0,61.34,116900.44,-1
2025-02-23,2025-02-23 11:32:00,1897.73,1897.73,1897.65,1897.65,-0.0,61.34,116900.44,-1
2025-02-23,2025-02-23 11:33:00,1897.65,1897.65,1897.57,1897.57,-0.0,61.34,116900.44,-1
2025-02-23,2025-02-23 11:34:00,1897.57,1897.57,1897.49,1897.49,-0.0,61.34,116900.44,-1
2025-02-23,2025-02-23 11:35:00,1897.49,1897.49,1897.4,1897.4,-0.0,61.34,116900.44,-1
2025-02-23,2025-02-23 11:36:00,1897.4,1897.4,1897.32,1897.32,-0.0,61.34,116900.44,-1
2025-02-23,2025-02-23 11:37:00,1897.32,1897.32,1897.24,1897.24,-0.0,61.34,116900.44,-1
2025-02-23,2025-02-23 11:38:00,1897.24,1897.24,1897.16,1897.16,-0.0,61.34,116900.44,-1
2025-02-23,2025-02-23 11:39:00,1897.16,1897.16,1897.08,1897.08,-0.0,61.34,116900.44,-1
2025-02-23,2025-02-23 11:40:00,1897.08,1897.08,1897.0,1897.0,-0.0,61.34,116900.44,-1
2025-02-23,2025-02-23 11:41:00,1897.0,1897.0,1896.92,1896.92,-0.0,61.34,116900.44,-1
2025-02-23,2025-02-23 11:42:00,1896.92,1896.92,1896.84,1896.84,-0.0,61.34,116900.44,-1
2025-02-23,2025-02-23 11:43:00,1896.84,1896.84,1896.76,1896.76,-0.0,61.34,116900.44,-1
2025-02-23,2025-02-23 11:44:00,1896.76,1896.76,1896.68,1896.68,-0.0,61.34,116900.44,-1
2025-02-23,2025-02-23 11:45:00,1896.68,1896.68,1896.6,1896.6,-0.0,61.34,116900.44,-1
2025-02-23,2025-02-23 11:46:00,1896.6,1896.6,1896.52,1896.52,-0.0,61.34,116900.44,-1
2025-02-23,2025-02-23 11:47:00,1896.52,1896.52,1896.44,1896.44,-0.0,61.34,116900.44,-1
2025-02-23,2025-02-23 11:48:00,1896.44,1896.44,1896.36,1896.36,-0.0,61.34,116900.44,-1
2025-02-23,2025-02-23 11:49:00,1896.36,1896.36,1896.28,1896.28,-0.0,61.34,116900.44,-1
2025-02-23,2025-02-23 11:50:00,1896.28,1896.28,1896.2,1896.2,-0.0,61.34,116900.44,-1
2025-02-23,2025-02-23 11:51:00,1896.2,1896.2,1896.12,1896.12,-0.0,61.34,116900.44,-1
2025-02-23,2025-02-23 11:52:00,1896.12,1896.12,1896.04,1896.04,-0.0,61.34,116900.44,-1
2025-02-23,2025-02-23 11:53:00,1896.04,1896.04,1895.96,1895.96,-0.0,61.34,116900.44,-1
2025-02-23,2025-02-23 11:54:00,1895.96,1895.96,1895.88,1895.88,-0.0,61.34,116900.44,-1
2025-02-23,2025-02-23 11:55:00,1895.88,1895.88,1895.8,1895.8,-0.0,61.34,116900.44,-1
2025-02-23,2025-02-23 11:56:00,1895.8,1895.8,1895.72,1895.72,-0.0,61.34,116900.44,-1
2025-02-23,2025-02-23 11:57:00,1895.72,1895.72,1895.64,1895.64,-0.0,61.34,116900.44,-1
2025-02-23,2025-02-23 11:58:00,1895.64,1895.64,1895.56,1895.56,-0.0,61.34,116900.44,-1
2025-02-23,2025-02-23 11:59:00,1895.56,1895.56,1895.47,1895.47,-0.0,61.34,116900.44,-1
2025-02-23,2025-02-23 12:00:00,1895.47,1895.47,1895.39,1895.39,-0.0,61.34,116900.44,-1
2025-02-23,2025-02-23 12:01:00,1895.39,1895.39,1895.31,1895.31,-0.0,61.34,116900.44,-1
2025-02-23,2025-02-23 12:02:00,1895.31,1895.31,1895.23,1895.23,-0.0,61.34,116900.44,-1
2025-02-23,2025-02-23 12:03:00,1895.23,1895.23,1895.15,1895.15,-0.0,61.34,116900.44,-1
2025-02-23,2025-02-23 12:04:00,1895.15,1895.15,1895.07,1895.07,-0.0,61.34,116900.44,-1
2025-02-23,2025-02-23 12:05:00,1895.07,1895.07,1894.99,1894.99,-0.0,61.34,116900.44,-1
2025-02-23,2025-02-23 12:06:00,1894.99,1894.99,1894.91,1894.91,-0.0,61.34,116900.44,-1
2025-02-23,2025-02-23 12:07:00,1894.91,1894.91,1894.83,1894.83,-0.0,61.34,116900.44,-1
2025-02-23,2025-02-23 12:08:00,1894.83,1894.83,1894.75,1894.75,-0.0,61.34,116900.44,-1
2025-02-23,2025-02-23 12:09:00,1894.75,1894.75,1894.67,1894.67,-0.0,61.34,116900.44,-1
2025-02-23,2025-02-23 12:10:00,1894.67,1894.67,1894.59,1894.59,-0.0,61.34,116900.44,-1
2025-02-23,2025-02-23 12:11:00,1894.59,1894.59,1894.51,1894.51,-0.0,61.34,116900.44,-1
2025-02-23,2025-02-23 12:12:00,1894.51,1894.51,1894.43,1894.43,-0.0,61.34,116900.44,-1
2025-02-23,2025-02-23 12:13:00,1894.43,1894.43,1894.35,1894.35,-0.0,61.34,116900.44,-1
2025-02-23,2025-02-23 12:14:00,1894.35,1894.35,1894.27,1894.27,-0.0,61.34,116900.44,-1
2025-02-23,2025-02-23 12:15:00,1894.27,1894.27,1894.19,1894.19,-0.0,61.34,116900.44,-1
2025-02-23,2025-02-23 12:16:00,1894.19,1894.19,1894.11,1894.11,-0.0,61.34,116900.44,-1
2025-02-23,2025-02-23 12:17:00,1894.11,1894.11,1894.03,1894.03,-0.0,61.34,116900.44,-1
2025-02-23,2025-02-23 12:18:00,1894.03,1894.03,1893.95,1893.95,-0.0,61.34,116900.44,-1
2025-02-23,2025-02-23 12:19:00,1893.95,1893.95,1893.87,1893.87,-0.0,61.34,116900.44,-1
2025-02-23,2025-02-23 12:20:00,1893.87,1893.87,1893.79,1893.79,-0.0,61.34,116900.44,-1
2025-02-23,2025-02-23 12:21:00,1893.79,1893.79,1893.71,1893.71,-0.0,61.34,116900.44,-1
2025-02-23,2025-02-23 12:22:00,1893.71,1893.71,1893.63,1893.63,-0.0,61.34,116900.44,-1
2025-02-23,2025-02-23 12:23:00,1893.63,1893.63,1893.55,1893.55,-0.0,61.34,116900.44,-1
2025-02-23,2025-02-23 12:24:00,1893.55,1893.55,1893.46,1893.46,-0.0,61.34,116900.44,-1
2025-02-23,2025-02-23 12:25:00,1893.46,1893.46,1893.38,1893.38,-0.0,61.34,116900.44,-1
2025-02-23,2025-02-23 12:26:00,1893.38,1893.38,1893.3,1893.3,-0.0,61.34,116900.44,-1
2025-02-23,2025-02-23 12:27:00,1893.3,1893.3,1893.22,1893.22,-0.0,61.34,116900.44,-1
2025-02-23,2025-02-23 12:28:00,1893.22,1893.22,1893.14,1893.14,-0.0,61.34,116900.44,-1
2025-02-23,2025-02-23 12:29:00,1893.14,1893.14,1893.06,1893.06,-0.0,61.34,116900.44,-1
2025-02-23,2025-02-23 12:30:00,1893.06,1893.06,1892.98,1892.98,-0.0,61.34,116900.44,-1
2025-02-23,2025-02-23 12:31:00,1892.98,1892.98,1892.9,1892.9,-0.0,61.34,116900.44,-1
2025-02-23,2025-02-23 12:32:00,1892.9,1892.9,1892.82,1892.82,-0.0,61.34,116900.44,-1
2025-02-23,2025-02-23 12:33:00,1892.82,1892.82,1892.74,1892.74,-0.0,61.34,116900.44,-1
2025-02-23,2025-02-23 12:34:00,1892.74,1892.74,1892.66,1892.66,-0.0,61.34,116900.44,-1
2025-02-23,2025-02-23 12:35:00,1892.66,1892.66,1892.58,1892.58,-0.0,61.34,116900.44,-1
2025-02-23,2025-02-23 12:36:00,1892.58,1892.58,1892.5,1892.5,-0.0,61.34,116900.44,-1
2025-02-23,2025-02-23 12:37:00,1892.5,1892.5,1892.42,1892.42,-0.0,61.34,116900.44,-1
2025-02-23,2025-02-23 12:38:00,1892.42,1892.42,1892.34,1892.34,-0.0,61.34,116900.44,-1
2025-02-23,2025-02-23 12:39:00,1892.34,1892.34,1892.26,1892.26,-0.0,61.34,116900.44,-1
2025-02-23,2025-02-23 12:40:00,1892.26,1892.26,1892.18,1892.18,-0.0,61.34,116900.44,-1
2025-02-23,2025-02-23 12:41:00,1892.18,1892.18,1892.1,1892.1,-0.0,61.34,116900.44,-1
2025-02-23,2025-02-23 12:42:00,1892.1,1892.1,1892.02,1892.02,-0.0,61.34,116900.44,-1
2025-02-23,2025-02-23 12:43:00,1892.02,1892.02,1891.94,1891.94,-0.0,61.34,116900.44,-1
2025-02-23,2025-02-23 12:44:00,1891.94,1891.94,1891.86,1891.86,-0.0,61.34,116900.44,-1
2025-02-23,2025-02-23 12:45:00,1891.86,1891.86,1891.78,1891.78,-0.0,61.34,116900.44,-1
2025-02-23,2025-02-23 12:46:00,1891.78,1891.78,1891.7,1891.7,-0.0,61.34,116900.44,-1
2025-02-23,2025-02-23 12:47:00,1891.7,1891.7,1891.62,1891.62,-0.0,61.34,116900.44,-1
2025-02-23,2025-02-23 12:48:00,1891.62,1891.62,1891.53,1891.53,-0.0,61.34,116900.44,-1
2025-02-23,2025-02-23 12:49:00,1891.53,1891.53,1891.45,1891.45,-0.0,61.34,116900.44,-1
2025-02-23,2025-02-23 12:50:00,1891.45,1891.45,1891.37,1891.37,-0.0,61.34,116900.44,-1
2025-02-23,2025-02-23 12:51:00,1891.37,1891.37,1891.29,1891.29,-0.0,61.34,116900.44,-1
2025-02-23,2025-02-23 12:52:00,1891.29,1891.29,1891.21,1891.21,-0.0,61.34,116900.44,-1
2025-02-23,2025-02-23 12:53:00,1891.21,1891.21,1891.13,1891.13,-0.0,61.34,116900.44,-1
2025-02-23,2025-02-23 12:54:00,1891.13,1891.13,1891.05,1891.05,-0.0,61.34,116900.44,-1
2025-02-23,2025-02-23 12:55:00,1891.05,1891.05,1890.97,1890.97,-0.0,61.34,116900.44,-1
2025-02-23,2025-02-23 12:56:00,1890.97,1890.97,1890.89,1890.89,-0.0,61.34,116900.44,-1
2025-02-23,2025-02-23 12:57:00,1890.89,1890.89,1890.81,1890.81,-0.0,61.34,116900.44,-1
2025-02-23,2025-02-23 12:58:00,1890.81,1890.81,1890.73,1890.73,-0.0,61.34,116900.44,-1
2025-02-23,2025-02-23 12:59:00,1890.73,1890.73,1890.65,1890.65,-0.0,61.34,116900.44,-1
2025-02-23,2025-02-23 13:00:00,1890.65,1943.0,1863.0,1890.57,-0.0,61.34,116900.44,-1
2025-02-23,2025-02-23 13:01:00,1890.57,1890.57,1890.49,1890.49,-0.0,61.34,116900.44,-1
2025-02-23,2025-02-23 13:02:00,1890.49,1890.49,1890.41,1890.41,-0.0,61.34,116900.44,-1
2025-02-23,2025-02-23 13:03:00,1890.41,1890.41,1890.33,1890.33,-0.0,61.34,116900.44,-1
2025-02-23,2025-02-23 13:04:00,1890.33,1890.33,1890.25,1890.25,-0.0,61.34,116900.44,-1
2025-02-23,2025-02-23 13:05:00,1890.25,1890.25,1890.17,1890.17,-0.0,61.34,116900.44,-1
2025-02-23,2025-02-23 13:06:00,1890.17,1890.17,1890.09,1890.09,-0.0,61.34,116900.44,-1
2025-02-23,2025-02-23 13:07:00,1890.09,1890.09,1890.01,1890.01,-0.0,61.34,116900.44,-1
2025-02-23,2025-02-23 13:08:00,1890.01,1890.01,1889.93,1889.93,-0.0,61.34,116900.44,-1
2025-02-23,2025-02-23 13:09:00,1889.93,1889.93,1889.85,1889.85,-0.0,61.34,116900.44,-1
2025-02-23,2025-02-23 13:10:00,1889.85,1889.85,1889.77,1889.77,-0.0,61.34,116900.44,-1
2025-02-23,2025-02-23 13:11:00,1889.77,1889.77,1889.68,1889.68,-0.0,61.34,116900.44,-1
2025-02-23,2025-02-23 13:12:00,1889.68,1889.68,1889.6,1889.6,-0.0,61.34,116900.44,-1
2025-02-23,2025-02-23 13:13:00,1889.6,1889.6,1889.52,1889.52,-0.0,61.34,116900.44,-1
2025-02-23,2025-02-23 13:14:00,1889.52,1889.52,1889.44,1889.44,-0.0,61.34,116900.44,-1
2025-02-23,2025-02-23 13:15:00,1889.44,1889.44,1889.36,1889.36,-0.0,61.34,116900.44,-1
2025-02-23,2025-02-23 13:16:00,1889.36,1889.36,1889.28,1889.28,-0.0,61.34,116900.44,-1
2025-02-23,2025-02-23 13:17:00,1889.28,1889.28,1889.2,1889.2,-0.0,61.34,116900.44,-1
2025-02-23,2025-02-23 13:18:00,1889.2,1889.2,1889.12,1889.12,-0.0,61.34,116900.44,-1
2025-02-23,2025-02-23 13:19:00,1889.12,1889.12,1889.04,1889.04,-0.0,61.34,116900.44,-1
2025-02-23,2025-02-23 13:20:00,1889.04,1889.04,1888.96,1888.96,-0.0,61.34,116900.44,-1
2025-02-23,2025-02-23 13:21:00,1888.96,1888.96,1888.88,1888.88,-0.0,61.34,116900.44,-1
2025-02-23,2025-02-23 13:22:00,1888.88,1888.88,1888.8,1888.8,-0.0,61.34,116900.44,-1
2025-02-23,2025-02-23 13:23:00,1888.8,1888.8,1888.72,1888.72,-0.0,61.34,116900.44,-1
2025-02-23,2025-02-23 13:24:00,1888.72,1888.72,1888.64,1888.64,-0.0,61.34,116900.44,-1
2025-02-23,2025-02-23 13:25:00,1888.64,1888.64,1888.56,1888.56,-0.0,61.34,116900.44,-1
2025-02-23,2025-02-23 13:26:00,1888.56,1888.56,1888.48,1888.48,-0.0,61.34,116900.44,-1
2025-02-23,2025-02-23 13:27:00,1888.48,1888.48,1888.4,1888.4,-0.0,61.34,116900.44,-1
2025-02-23,2025-02-23 13:28:00,1888.4,1888.4,1888.32,1888.32,-0.0,61.34,116900.44,-1
2025-02-23,2025-02-23 13:29:00,1888.32,1888.32,1888.24,1888.24,-0.0,61.34,116900.44,-1
2025-02-23,2025-02-23 13:30:00,1888.24,1888.24,1888.16,1888.16,-0.0,61.34,116900.44,-1
2025-02-23,2025-02-23 13:31:00,1888.16,1888.16,1888.08,1888.08,-0.0,61.34,116900.44,-1
2025-02-23,2025-02-23 13:32:00,1888.08,1888.08,1888.0,1888.0,-0.0,61.34,116900.44,-1
2025-02-23,2025-02-23 13:33:00,1888.0,1888.0,1887.92,1887.92,-0.0,61.34,116900.44,-1
2025-02-23,2025-02-23 13:34:00,1887.92,1887.92,1887.84,1887.84,-0.0,61.34,116900.44,-1
2025-02-23,2025-02-23 13:35:00,1887.84,1887.84,1887.75,1887.75,-0.0,61.34,116900.44,-1
2025-02-23,2025-02-23 13:36:00,1887.75,1887.75,1887.67,1887.67,-0.0,61.34,116900.44,-1
2025-02-23,2025-02-23 13:37:00,1887.67,1887.67,1887.59,1887.59,-0.0,61.34,116900.44,-1
2025-02-23,2025-02-23 13:38:00,1887.59,1887.59,1887.51,1887.51,-0.0,61.34,116900.44,-1
2025-02-23,2025-02-23 13:39:00,1887.51,1887.51,1887.43,1887.43,-0.0,61.34,116900.44,-1
2025-02-23,2025-02-23 13:40:00,1887.43,1887.43,1887.35,1887.35,-0.0,61.34,116900.44,-1
2025-02-23,2025-02-23 13:41:00,1887.35,1887.35,1887.27,1887.27,-0.0,61.34,116900.44,-1
2025-02-23,2025-02-23 13:42:00,1887.27,1887.27,1887.19,1887.19,-0.0,61.34,116900.44,-1
2025-02-23,2025-02-23 13:43:00,1887.19,1887.19,1887.11,1887.11,-0.0,61.34,116900.44,-1
2025-02-23,2025-02-23 13:44:00,1887.11,1887.11,1887.03,1887.03,-0.0,61.34,116900.44,-1
2025-02-23,2025-02-23 13:45:00,1887.03,1887.03,1886.95,1886.95,-0.0,61.34,116900.44,-1
2025-02-23,2025-02-23 13:46:00,1886.95,1886.95,1886.87,1886.87,-0.0,61.34,116900.44,-1
2025-02-23,2025-02-23 13:47:00,1886.87,1886.87,1886.79,1886.79,-0.0,61.34,116900.44,-1
2025-02-23,2025-02-23 13:48:00,1886.79,1886.79,1886.71,1886.71,-0.0,61.34,116900.44,-1
2025-02-23,2025-02-23 13:49:00,1886.71,1886.71,1886.63,1886.63,-0.0,61.34,116900.44,-1
2025-02-23,2025-02-23 13:50:00,1886.63,1886.63,1886.55,1886.55,-0.0,61.34,116900.44,-1
2025-02-23,2025-02-23 13:51:00,1886.55,1886.55,1886.47,1886.47,-0.0,61.34,116900.44,-1
2025-02-23,2025-02-23 13:52:00,1886.47,1886.47,1886.39,1886.39,-0.0,61.34,116900.44,-1
2025-02-23,2025-02-23 13:53:00,1886.39,1886.39,1886.31,1886.31,-0.0,61.34,116900.44,-1
2025-02-23,2025-02-23 13:54:00,1886.31,1886.31,1886.23,1886.23,-0.0,61.34,116900.44,-1
2025-02-23,2025-02-23 13:55:00,1886.23,1886.23,1886.15,1886.15,-0.0,61.34,116900.44,-1
2025-02-23,2025-02-23 13:56:00,1886.15,1886.15,1886.07,1886.07,-0.0,61.34,116900.44,-1
2025-02-23,2025-02-23 13:57:00,1886.07,1886.07,1885.99,1885.99,-0.0,61.34,116900.44,-1
2025-02-23,2025-02-23 13:58:00,1885.99,1885.99,1885.91,1885.91,-0.0,61.34,116900.44,-1
2025-02-23,2025-02-23 13:59:00,1885.91,1885.91,1885.83,1885.83,-0.0,61.34,116900.44,-1
2025-02-23,2025-02-23 14:00:00,1885.83,1885.83,1885.74,1885.74,-0.0,61.34,116900.44,-1
2025-02-23,2025-02-23 14:01:00,1885.74,1885.74,1885.66,1885.66,-0.0,61.34,116900.44,-1
2025-02-23,2025-02-23 14:02:00,1885.66,1885.66,1885.58,1885.58,-0.0,61.34,116900.44,-1
2025-02-23,2025-02-23 14:03:00,1885.58,1885.58,1885.5,1885.5,-0.0,61.34,116900.44,-1
2025-02-23,2025-02-23 14:04:00,1885.5,1885.5,1885.42,1885.42,-0.0,61.34,116900.44,-1
2025-02-23,2025-02-23 14:05:00,1885.42,1885.42,1885.34,1885.34,-0.0,61.34,116900.44,-1
2025-02-23,2025-02-23 14:06:00,1885.34,1885.34,1885.26,1885.26,-0.0,61.34,116900.44,-1
2025-02-23,2025-02-23 14:07:00,1885.26,1885.26,1885.18,1885.18,-0.0,61.34,116900.44,-1
2025-02-23,2025-02-23 14:08:00,1885.18,1885.18,1885.1,1885.1,-0.0,61.34,116900.44,-1
2025-02-23,2025-02-23 14:09:00,1885.1,1885.1,1885.02,1885.02,-0.0,61.34,116900.44,-1
2025-02-23,2025-02-23 14:10:00,1885.02,1885.02,1884.94,1884.94,-0.0,61.34,116900.44,-1
2025-02-23,2025-02-23 14:11:00,1884.94,1884.94,1884.86,1884.86,-0.0,61.34,116900.44,-1
2025-02-23,2025-02-23 14:12:00,1884.86,1884.86,1884.78,1884.78,-0.0,61.34,116900.44,-1
2025-02-23,2025-02-23 14:13:00,1884.78,1884.78,1884.7,1884.7,-0.0,61.34,116900.44,-1
2025-02-23,2025-02-23 14:14:00,1884.7,1884.7,1884.62,1884.62,-0.0,61.34,116900.44,-1
2025-02-23,2025-02-23 14:15:00,1884.62,1884.62,1884.54,1884.54,-0.0,61.34,116900.44,-1
2025-02-23,2025-02-23 14:16:00,1884.54,1884.54,1884.46,1884.46,-0.0,61.34,116900.44,-1
2025-02-23,2025-02-23 14:17:00,1884.46,1884.46,1884.38,1884.38,-0.0,61.34,116900.44,-1
2025-02-23,2025-02-23 14:18:00,1884.38,1884.38,1884.3,1884.3,-0.0,61.34,116900.44,-1
2025-02-23,2025-02-23 14:19:00,1884.3,1884.3,1884.22,1884.22,-0.0,61.34,116900.44,-1
2025-02-23,2025-02-23 14:20:00,1884.22,1884.22,1884.14,1884.14,-0.0,61.34,116900.44,-1
2025-02-23,2025-02-23 14:21:00,1884.14,1884.14,1884.06,1884.06,-0.0,61.34,116900.44,-1
2025-02-23,2025-02-23 14:22:00,1884.06,1884.06,1883.98,1883.98,-0.0,61.34,116900.44,-1
2025-02-23,2025-02-23 14:23:00,1883.98,1883.98,1883.89,1883.89,-0.0,61.34,116900.44,-1
2025-02-23,2025-02-23 14:24:00,1883.89,1883.89,1883.81,1883.81,-0.0,61.34,116900.44,-1
2025-02-23,2025-02-23 14:25:00,1883.81,1883.81,1883.73,1883.73,-0.0,61.34,116900.44,-1
2025-02-23,2025-02-23 14:26:00,1883.73,1883.73,1883.65,1883.65,-0.0,61.34,116900.44,-1
2025-02-23,2025-02-23 14:27:00,1883.65,1883.65,1883.57,1883.57,-0.0,61.34,116900.44,-1
2025-02-23,2025-02-23 14:28:00,1883.57,1883.57,1883.49,1883.49,-0.0,61.34,116900.44,-1
2025-02-23,2025-02-23 14:29:00,1883.49,1883.49,1883.41,1883.41,-0.0,61.34,116900.44,-1
2025-02-23,2025-02-23 14:30:00,1883.41,1883.41,1883.33,1883.33,-0.0,61.34,116900.44,-1
2025-02-23,2025-02-23 14:31:00,1883.33,1883.33,1883.25,1883.25,-0.0,61.34,116900.44,-1
2025-02-23,2025-02-23 14:32:00,1883.25,1883.25,1883.17,1883.17,-0.0,61.34,116900.44,-1
2025-02-23,2025-02-23 14:33:00,1883.17,1883.17,1883.09,1883.09,-0.0,61.34,116900.44,-1
2025-02-23,2025-02-23 14:34:00,1883.09,1883.09,1883.01,1883.01,-0.0,61.34,116900.44,-1
2025-02-23,2025-02-23 14:35:00,1883.01,1883.01,1882.93,1882.93,-0.0,61.34,116900.44,-1
2025-02-23,2025-02-23 14:36:00,1882.93,1882.93,1882.85,1882.85,-0.0,61.34,116900.44,-1
2025-02-23,2025-02-23 14:37:00,1882.85,1882.85,1882.77,1882.77,-0.0,61.34,116900.44,-1
2025-02-23,2025-02-23 14:38:00,1882.77,1882.77,1882.69,1882.69,-0.0,61.34,116900.44,-1
2025-02-23,2025-02-23 14:39:00,1882.69,1882.69,1882.61,1882.61,-0.0,61.34,116900.44,-1
2025-02-23,2025-02-23 14:40:00,1882.61,1882.61,1882.53,1882.53,-0.0,61.34,116900.44,-1
2025-02-23,2025-02-23 14:41:00,1882.53,1882.53,1882.45,1882.45,-0.0,61.34,116900.44,-1
2025-02-23,2025-02-23 14:42:00,1882.45,1882.45,1882.37,1882.37,-0.0,61.34,116900.44,-1
2025-02-23,2025-02-23 14:43:00,1882.37,1882.37,1882.29,1882.29,-0.0,61.34,116900.44,-1
2025-02-23,2025-02-23 14:44:00,1882.29,1882.29,1882.21,1882.21,-0.0,61.34,116900.44,-1
2025-02-23,2025-02-23 14:45:00,1882.21,1882.21,1882.13,1882.13,-0.0,61.34,116900.44,-1
2025-02-23,2025-02-23 14:46:00,1882.13,1882.13,1882.05,1882.05,-0.0,61.34,116900.44,-1
2025-02-23,2025-02-23 14:47:00,1882.05,1882.05,1881.96,1881.96,-0.0,61.34,116900.44,-1
2025-02-23,2025-02-23 14:48:00,1881.96,1881.96,1881.88,1881.88,-0.0,61.34,116900.44,-1
2025-02-23,2025-02-23 14:49:00,1881.88,1881.88,1881.8,1881.8,-0.0,61.34,116900.44,-1
2025-02-23,2025-02-23 14:50:00,1881.8,1881.8,1881.72,1881.72,-0.0,61.34,116900.44,-1
2025-02-23,2025-02-23 14:51:00,1881.72,1881.72,1881.64,1881.64,-0.0,61.34,116900.44,-1
2025-02-23,2025-02-23 14:52:00,1881.64,1881.64,1881.56,1881.56,-0.0,61.34,116900.44,-1
2025-02-23,2025-02-23 14:53:00,1881.56,1881.56,1881.48,1881.48,-0.0,61.34,116900.44,-1
2025-02-23,2025-02-23 14:54:00,1881.48,1881.48,1881.4,1881.4,-0.0,61.34,116900.44,-1
2025-02-23,2025-02-23 14:55:00,1881.4,1881.4,1881.32,1881.32,-0.0,61.34,116900.44,-1
2025-02-23,2025-02-23 14:56:00,1881.32,1881.32,1881.24,1881.24,-0.0,61.34,116900.44,-1
2025-02-23,2025-02-23 14:57:00,1881.24,1881.24,1881.16,1881.16,-0.0,61.34,116900.44,-1
2025-02-23,2025-02-23 14:58:00,1881.16,1881.16,1881.08,1881.08,-0.0,61.34,116900.44,-1
2025-02-23,2025-02-23 14:59:00,1881.08,1881.08,1881.0,1881.0,-0.0,61.34,116900.44,-1
2025-02-23,2025-02-23 15:00:00,1881.0,1943.0,1863.0,1881.0,0.0,61.34,116900.44,0
2025-02-24,2025-02-24 11:00:00,1918.0,1918.0,1898.53,1917.73,-0.01,38.0,71482.79,-1
2025-02-24,2025-02-24 11:01:00,1917.73,1917.73,1917.46,1917.46,-0.01,38.0,71482.79,-1
2025-02-24,2025-02-24 11:02:00,1917.46,1917.46,1917.19,1917.19,-0.01,38.0,71482.79,-1
2025-02-24,2025-02-24 11:03:00,1917.19,1917.19,1916.92,1916.92,-0.01,38.0,71482.79,-1
2025-02-24,2025-02-24 11:04:00,1916.92,1916.92,1916.65,1916.65,-0.01,38.0,71482.79,-1
2025-02-24,2025-02-24 11:05:00,1916.65,1916.65,1916.38,1916.38,-0.01,38.0,71482.79,-1
2025-02-24,2025-02-24 11:06:00,1916.38,1916.38,1916.11,1916.11,-0.01,38.0,71482.79,-1
2025-02-24,2025-02-24 11:07:00,1916.11,1916.11,1915.84,1915.84,-0.01,38.0,71482.79,-1
2025-02-24,2025-02-24 11:08:00,1915.84,1915.84,1915.57,1915.57,-0.01,38.0,71482.79,-1
2025-02-24,2025-02-24 11:09:00,1915.57,1915.57,1915.3,1915.3,-0.01,38.0,71482.79,-1
2025-02-24,2025-02-24 11:10:00,1915.3,1915.3,1915.03,1915.03,-0.01,38.0,71482.79,-1
2025-02-24,2025-02-24 11:11:00,1915.03,1915.03,1914.76,1914.76,-0.01,38.0,71482.79,-1
2025-02-24,2025-02-24 11:12:00,1914.76,1914.76,1914.48,1914.48,-0.01,38.0,71482.79,-1
2025-02-24,2025-02-24 11:13:00,1914.48,1914.48,1914.21,1914.21,-0.01,38.0,71482.79,-1
2025-02-24,2025-02-24 11:14:00,1914.21,1914.21,1913.94,1913.94,-0.01,38.0,71482.79,-1
2025-02-24,2025-02-24 11:15:00,1913.94,1913.94,1913.67,1913.67,-0.01,38.0,71482.79,-1
2025-02-24,2025-02-24 11:16:00,1913.67,1913.67,1913.4,1913.4,-0.01,38.0,71482.79,-1
2025-02-24,2025-02-24 11:17:00,1913.4,1913.4,1913.13,1913.13,-0.01,38.0,71482.79,-1
2025-02-24,2025-02-24 11:18:00,1913.13,1913.13,1912.86,1912.86,-0.01,38.0,71482.79,-1
2025-02-24,2025-02-24 11:19:00,1912.86,1912.86,1912.59,1912.59,-0.01,38.0,71482.79,-1
2025-02-24,2025-02-24 11:20:00,1912.59,1912.59,1912.32,1912.32,-0.01,38.0,71482.79,-1
2025-02-24,2025-02-24 11:21:00,1912.32,1912.32,1912.05,1912.05,-0.01,38.0,71482.79,-1
2025-02-24,2025-02-24 11:22:00,1912.05,1912.05,1911.78,1911.78,-0.01,38.0,71482.79,-1
2025-02-24,2025-02-24 11:23:00,1911.78,1911.78,1911.51,1911.51,-0.01,38.0,71482.79,-1
2025-02-24,2025-02-24 11:24:00,1911.51,1911.51,1911.24,1911.24,-0.01,38.0,71482.79,-1
2025-02-24,2025-02-24 11:25:00,1911.24,1911.24,1910.97,1910.97,-0.01,38.0,71482.79,-1
2025-02-24,2025-02-24 11:26:00,1910.97,1910.97,1910.7,1910.7,-0.01,38.0,71482.79,-1
2025-02-24,2025-02-24 11:27:00,1910.7,1910.7,1910.43,1910.43,-0.01,38.0,71482.79,-1
2025-02-24,2025-02-24 11:28:00,1910.43,1910.43,1910.16,1910.16,-0.01,38.0,71482.79,-1
2025-02-24,2025-02-24 11:29:00,1910.16,1910.16,1909.89,1909.89,-0.01,38.0,71482.79,-1
2025-02-24,2025-02-24 11:30:00,1909.89,1909.89,1909.62,1909.62,-0.01,38.0,71482.79,-1
2025-02-24,2025-02-24 11:31:00,1909.62,1909.62,1909.35,1909.35,-0.01,38.0,71482.79,-1
2025-02-24,2025-02-24 11:32:00,1909.35,1909.35,1909.08,1909.08,-0.01,38.0,71482.79,-1
2025-02-24,2025-02-24 11:33:00,1909.08,1909.08,1908.81,1908.81,-0.01,38.0,71482.79,-1
2025-02-24,2025-02-24 11:34:00,1908.81,1908.81,1908.54,1908.54,-0.01,38.0,71482.79,-1
2025-02-24,2025-02-24 11:35:00,1908.54,1908.54,1908.26,1908.26,-0.01,38.0,71482.79,-1
2025-02-24,2025-02-24 11:36:00,1908.26,1908.26,1907.99,1907.99,-0.01,38.0,71482.79,-1
2025-02-24,2025-02-24 11:37:00,1907.99,1907.99,1907.72,1907.72,-0.01,38.0,71482.79,-1
2025-02-24,2025-02-24 11:38:00,1907.72,1907.72,1907.45,1907.45,-0.01,38.0,71482.79,-1
2025-02-24,2025-02-24 11:39:00,1907.45,1907.45,1907.18,1907.18,-0.01,38.0,71482.79,-1
2025-02-24,2025-02-24 11:40:00,1907.18,1907.18,1906.91,1906.91,-0.01,38.0,71482.79,-1
2025-02-24,2025-02-24 11:41:00,1906.91,1906.91,1906.64,1906.64,-0.01,38.0,71482.79,-1
2025-02-24,2025-02-24 11:42:00,1906.64,1906.64,1906.37,1906.37,-0.01,38.0,71482.79,-1
2025-02-24,2025-02-24 11:43:00,1906.37,1906.37,1906.1,1906.1,-0.01,38.0,71482.79,-1
2025-02-24,2025-02-24 11:44:00,1906.1,1906.1,1905.83,1905.83,-0.01,38.0,71482.79,-1
2025-02-24,2025-02-24 11:45:00,1905.83,1905.83,1905.56,1905.56,-0.01,38.0,71482.79,-1
2025-02-24,2025-02-24 11:46:00,1905.56,1905.56,1905.29,1905.29,-0.01,38.0,71482.79,-1
2025-02-24,2025-02-24 11:47:00,1905.29,1905.29,1905.02,1905.02,-0.01,38.0,71482.79,-1
2025-02-24,2025-02-24 11:48:00,1905.02,1905.02,1904.75,1904.75,-0.01,38.0,71482.79,-1
2025-02-24,2025-02-24 11:49:00,1904.75,1904.75,1904.48,1904.48,-0.01,38.0,71482.79,-1
2025-02-24,2025-02-24 11:50:00,1904.48,1904.48,1904.21,1904.21,-0.01,38.0,71482.79,-1
2025-02-24,2025-02-24 11:51:00,1904.21,1904.21,1903.94,1903.94,-0.01,38.0,71482.79,-1
2025-02-24,2025-02-24 11:52:00,1903.94,1903.94,1903.67,1903.67,-0.01,38.0,71482.79,-1
2025-02-24,2025-02-24 11:53:00,1903.67,1903.67,1903.4,1903.4,-0.01,38.0,71482.79,-1
2025-02-24,2025-02-24 11:54:00,1903.4,1903.4,1903.13,1903.13,-0.01,38.0,71482.79,-1
2025-02-24,2025-02-24 11:55:00,1903.13,1903.13,1902.86,1902.86,-0.01,38.0,71482.79,-1
2025-02-24,2025-02-24 11:56:00,1902.86,1902.86,1902.59,1902.59,-0.01,38.0,71482.79,-1
2025-02-24,2025-02-24 11:57:00,1902.59,1902.59,1902.32,1902.32,-0.01,38.0,71482.79,-1
2025-02-24,2025-02-24 11:58:00,1902.32,1902.32,1902.05,1902.05,-0.01,38.0,71482.79,-1
2025-02-24,2025-02-24 11:59:00,1902.05,1902.05,1901.78,1901.78,-0.01,38.0,71482.79,-1
2025-02-24,2025-02-24 12:00:00,1901.78,1901.78,1901.5,1901.5,-0.01,38.0,71482.79,-1
2025-02-24,2025-02-24 12:01:00,1901.5,1901.5,1901.23,1901.23,-0.01,38.0,71482.79,-1
2025-02-24,2025-02-24 12:02:00,1901.23,1901.23,1900.96,1900.96,-0.01,38.0,71482.79,-1
2025-02-24,2025-02-24 12:03:00,1900.96,1900.96,1900.69,1900.69,-0.01,38.0,71482.79,-1
2025-02-24,2025-02-24 12:04:00,1900.69,1900.69,1900.42,1900.42,-0.01,38.0,71482.79,-1
2025-02-24,2025-02-24 12:05:00,1900.42,1900.42,1900.15,1900.15,-0.01,38.0,71482.79,-1
2025-02-24,2025-02-24 12:06:00,1900.15,1900.15,1899.88,1899.88,-0.01,38.0,71482.79,-1
2025-02-24,2025-02-24 12:07:00,1899.88,1899.88,1899.61,1899.61,-0.01,38.0,71482.79,-1
2025-02-24,2025-02-24 12:08:00,1899.61,1899.61,1899.34,1899.34,-0.01,38.0,71482.79,-1
2025-02-24,2025-02-24 12:09:00,1899.34,1899.34,1899.07,1899.07,-0.01,38.0,71482.79,-1
2025-02-24,2025-02-24 12:10:00,1899.07,1899.07,1898.8,1898.8,-0.01,38.0,71482.79,-1
2025-02-24,2025-02-24 12:11:00,1898.8,1898.8,1898.53,1898.53,-0.01,38.0,71482.79,-1
2025-02-24,2025-02-24 12:12:00,1898.53,1898.53,1898.26,1898.26,-0.01,38.0,71482.79,-1
2025-02-24,2025-02-24 12:13:00,1898.26,1898.26,1897.99,1897.99,-0.01,38.0,71482.79,-1
2025-02-24,2025-02-24 12:14:00,1897.99,1897.99,1897.72,1897.72,-0.01,38.0,71482.79,-1
2025-02-24,2025-02-24 12:15:00,1897.72,1897.72,1897.45,1897.45,-0.01,38.0,71482.79,-1
2025-02-24,2025-02-24 12:16:00,1897.45,1897.45,1897.18,1897.18,-0.01,38.0,71482.79,-1
2025-02-24,2025-02-24 12:17:00,1897.18,1897.18,1896.91,1896.91,-0.01,38.0,71482.79,-1
2025-02-24,2025-02-24 12:18:00,1896.91,1896.91,1896.64,1896.64,-0.01,38.0,71482.79,-1
2025-02-24,2025-02-24 12:19:00,1896.64,1896.64,1896.37,1896.37,-0.01,38.0,71482.79,-1
2025-02-24,2025-02-24 12:20:00,1896.37,1896.37,1896.1,1896.1,-0.01,38.0,71482.79,-1
2025-02-24,2025-02-24 12:21:00,1896.1,1896.1,1895.83,1895.83,-0.01,38.0,71482.79,-1
2025-02-24,2025-02-24 12:22:00,1895.83,1895.83,1895.56,1895.56,-0.01,38.0,71482.79,-1
2025-02-24,2025-02-24 12:23:00,1895.56,1895.56,1895.28,1895.28,-0.01,38.0,71482.79,-1
2025-02-24,2025-02-24 12:24:00,1895.28,1895.28,1895.01,1895.01,-0.01,38.0,71482.79,-1
2025-02-24,2025-02-24 12:25:00,1895.01,1895.01,1894.74,1894.74,-0.01,38.0,71482.79,-1
2025-02-24,2025-02-24 12:26:00,1894.74,1894.74,1894.47,1894.47,-0.01,38.0,71482.79,-1
2025-02-24,2025-02-24 12:27:00,1894.47,1894.47,1894.2,1894.2,-0.01,38.0,71482.79,-1
2025-02-24,2025-02-24 12:28:00,1894.2,1894.2,1893.93,1893.93,-0.01,38.0,71482.79,-1
2025-02-24,2025-02-24 12:29:00,1893.93,1893.93,1893.66,1893.66,-0.01,38.0,71482.79,-1
2025-02-24,2025-02-24 12:30:00,1893.66,1893.66,1893.39,1893.39,-0.01,38.0,71482.79,-1
2025-02-24,2025-02-24 12:31:00,1893.39,1893.39,1893.12,1893.12,-0.01,38.0,71482.79,-1
2025-02-24,2025-02-24 12:32:00,1893.12,1893.12,1892.85,1892.85,-0.01,38.0,71482.79,-1
2025-02-24,2025-02-24 12:33:00,1892.85,1892.85,1892.58,1892.58,-0.01,38.0,71482.79,-1
2025-02-24,2025-02-24 12:34:00,1892.58,1892.58,1892.31,1892.31,-0.01,38.0,71482.79,-1
2025-02-24,2025-02-24 12:35:00,1892.31,1892.31,1892.04,1892.04,-0.01,38.0,71482.79,-1
2025-02-24,2025-02-24 12:36:00,1892.04,1892.04,1891.77,1891.77,-0.01,38.0,71482.79,-1
2025-02-24,2025-02-24 12:37:00,1891.77,1891.77,1891.5,1891.5,-0.01,38.0,71482.79,-1
2025-02-24,2025-02-24 12:38:00,1891.5,1891.5,1891.23,1891.23,-0.01,38.0,71482.79,-1
2025-02-24,2025-02-24 12:39:00,1891.23,1891.23,1890.96,1890.96,-0.01,38.0,71482.79,-1
2025-02-24,2025-02-24 12:40:00,1890.96,1890.96,1890.69,1890.69,-0.01,38.0,71482.79,-1
2025-02-24,2025-02-24 12:41:00,1890.69,1890.69,1890.42,1890.42,-0.01,38.0,71482.79,-1
2025-02-24,2025-02-24 12:42:00,1890.42,1890.42,1890.15,1890.15,-0.01,38.0,71482.79,-1
2025-02-24,2025-02-24 12:43:00,1890.15,1890.15,1889.88,1889.88,-0.01,38.0,71482.79,-1
2025-02-24,2025-02-24 12:44:00,1889.88,1889.88,1889.61,1889.61,-0.01,38.0,71482.79,-1
2025-02-24,2025-02-24 12:45:00,1889.61,1889.61,1889.34,1889.34,-0.01,38.0,71482.79,-1
2025-02-24,2025-02-24 12:46:00,1889.34,1889.34,1889.07,1889.07,-0.01,38.0,71482.79,-1
2025-02-24,2025-02-24 12:47:00,1889.07,1889.07,1888.8,1888.8,-0.01,38.0,71482.79,-1
2025-02-24,2025-02-24 12:48:00,1888.8,1888.8,1888.52,1888.52,-0.01,38.0,71482.79,-1
2025-02-24,2025-02-24 12:49:00,1888.52,1888.52,1888.25,1888.25,-0.01,38.0,71482.79,-1
2025-02-24,2025-02-24 12:50:00,1888.25,1888.25,1887.98,1887.98,-0.01,38.0,71482.79,-1
2025-02-24,2025-02-24 12:51:00,1887.98,1887.98,1887.71,1887.71,-0.01,38.0,71482.79,-1
2025-02-24,2025-02-24 12:52:00,1887.71,1887.71,1887.44,1887.44,-0.01,38.0,71482.79,-1
2025-02-24,2025-02-24 12:53:00,1887.44,1887.44,1887.17,1887.17,-0.01,38.0,71482.79,-1
2025-02-24,2025-02-24 12:54:00,1887.17,1887.17,1886.9,1886.9,-0.01,38.0,71482.79,-1
2025-02-24,2025-02-24 12:55:00,1886.9,1886.9,1886.63,1886.63,-0.01,38.0,71482.79,-1
2025-02-24,2025-02-24 12:56:00,1886.63,1886.63,1886.36,1886.36,-0.01,38.0,71482.79,-1
2025-02-24,2025-02-24 12:57:00,1886.36,1886.36,1886.09,1886.09,-0.01,38.0,71482.79,-1
2025-02-24,2025-02-24 12:58:00,1886.09,1886.09,1885.82,1885.82,-0.01,38.0,71482.79,-1
2025-02-24,2025-02-24 12:59:00,1885.82,1885.82,1885.55,1885.55,-0.01,38.0,71482.79,-1
2025-02-24,2025-02-24 13:00:00,1885.55,1918.0,1853.1,1885.28,-0.01,38.0,71482.79,-1
2025-02-24,2025-02-24 13:01:00,1885.28,1885.28,1885.01,1885.01,-0.01,38.0,71482.79,-1
2025-02-24,2025-02-24 13:02:00,1885.01,1885.01,1884.74,1884.74,-0.01,38.0,71482.79,-1
2025-02-24,2025-02-24 13:03:00,1884.74,1884.74,1884.47,1884.47,-0.01,38.0,71482.79,-1
2025-02-24,2025-02-24 13:04:00,1884.47,1884.47,1884.2,1884.2,-0.01,38.0,71482.79,-1
2025-02-24,2025-02-24 13:05:00,1884.2,1884.2,1883.93,1883.93,-0.01,38.0,71482.79,-1
2025-02-24,2025-02-24 13:06:00,1883.93,1883.93,1883.66,1883.66,-0.01,38.0,71482.79,-1
2025-02-24,2025-02-24 13:07:00,1883.66,1883.66,1883.39,1883.39,-0.01,38.0,71482.79,-1
2025-02-24,2025-02-24 13:08:00,1883.39,1883.39,1883.12,1883.12,-0.01,38.0,71482.79,-1
2025-02-24,2025-02-24 13:09:00,1883.12,1883.12,1882.85,1882.85,-0.01,38.0,71482.79,-1
2025-02-24,2025-02-24 13:10:00,1882.85,1882.85,1882.58,1882.58,-0.01,38.0,71482.79,-1
2025-02-24,2025-02-24 13:11:00,1882.58,1882.58,1882.3,1882.3,-0.01,38.0,71482.79,-1
2025-02-24,2025-02-24 13:12:00,1882.3,1882.3,1882.03,1882.03,-0.01,38.0,71482.79,-1
2025-02-24,2025-02-24 13:13:00,1882.03,1882.03,1881.76,1881.76,-0.01,38.0,71482.79,-1
2025-02-24,2025-02-24 13:14:00,1881.76,1881.76,1881.49,1881.49,-0.01,38.0,71482.79,-1
2025-02-24,2025-02-24 13:15:00,1881.49,1881.49,1881.22,1881.22,-0.01,38.0,71482.79,-1
2025-02-24,2025-02-24 13:16:00,1881.22,1881.22,1880.95,1880.95,-0.01,38.0,71482.79,-1
2025-02-24,2025-02-24 13:17:00,1880.95,1880.95,1880.68,1880.68,-0.01,38.0,71482.79,-1
2025-02-24,2025-02-24 13:18:00,1880.68,1880.68,1880.41,1880.41,-0.01,38.0,71482.79,-1
2025-02-24,2025-02-24 13:19:00,1880.41,1880.41,1880.14,1880.14,-0.01,38.0,71482.79,-1
2025-02-24,2025-02-24 13:20:00,1880.14,1880.14,1879.87,1879.87,-0.01,38.0,71482.79,-1
2025-02-24,2025-02-24 13:21:00,1879.87,1879.87,1879.6,1879.6,-0.01,38.0,71482.79,-1
2025-02-24,2025-02-24 13:22:00,1879.6,1879.6,1879.33,1879.33,-0.01,38.0,71482.79,-1
2025-02-24,2025-02-24 13:23:00,1879.33,1879.33,1879.06,1879.06,-0.01,38.0,71482.79,-1
2025-02-24,2025-02-24 13:24:00,1879.06,1879.06,1878.79,1878.79,-0.01,38.0,71482.79,-1
2025-02-24,2025-02-24 13:25:00,1878.79,1878.79,1878.52,1878.52,-0.01,38.0,71482.79,-1
2025-02-24,2025-02-24 13:26:00,1878.52,1878.52,1878.25,1878.25,-0.01,38.0,71482.79,-1
2025-02-24,2025-02-24 13:27:00,1878.25,1878.25,1877.98,1877.98,-0.01,38.0,71482.79,-1
2025-02-24,2025-02-24 13:28:00,1877.98,1877.98,1877.71,1877.71,-0.01,38.0,71482.79,-1
2025-02-24,2025-02-24 13:29:00,1877.71,1877.71,1877.44,1877.44,-0.01,38.0,71482.79,-1
2025-02-24,2025-02-24 13:30:00,1877.44,1877.44,1877.17,1877.17,-0.01,38.0,71482.79,-1
2025-02-24,2025-02-24 13:31:00,1877.17,1877.17,1876.9,1876.9,-0.01,38.0,71482.79,-1
2025-02-24,2025-02-24 13:32:00,1876.9,1876.9,1876.63,1876.63,-0.01,38.0,71482.79,-1
2025-02-24,2025-02-24 13:33:00,1876.63,1876.63,1876.36,1876.36,-0.01,38.0,71482.79,-1
2025-02-24,2025-02-24 13:34:00,1876.36,1876.36,1876.09,1876.09,-0.01,38.0,71482.79,-1
2025-02-24,2025-02-24 13:35:00,1876.09,1876.09,1875.82,1875.82,-0.01,38.0,71482.79,-1
2025-02-24,2025-02-24 13:36:00,1875.82,1875.82,1875.54,1875.54,-0.01,38.0,71482.79,-1
2025-02-24,2025-02-24 13:37:00,1875.54,1875.54,1875.27,1875.27,-0.01,38.0,71482.79,-1
2025-02-24,2025-02-24 13:38:00,1875.27,1875.27,1875.0,1875.0,-0.01,38.0,71482.79,-1
2025-02-24,2025-02-24 13:39:00,1875.0,1875.0,1874.73,1874.73,-0.01,38.0,71482.79,-1
2025-02-24,2025-02-24 13:40:00,1874.73,1874.73,1874.46,1874.46,-0.01,38.0,71482.79,-1
2025-02-24,2025-02-24 13:41:00,1874.46,1874.46,1874.19,1874.19,-0.01,38.0,71482.79,-1
2025-02-24,2025-02-24 13:42:00,1874.19,1874.19,1873.92,1873.92,-0.01,38.0,71482.79,-1
2025-02-24,2025-02-24 13:43:00,1873.92,1873.92,1873.65,1873.65,-0.01,38.0,71482.79,-1
2025-02-24,2025-02-24 13:44:00,1873.65,1873.65,1873.38,1873.38,-0.01,38.0,71482.79,-1
2025-02-24,2025-02-24 13:45:00,1873.38,1873.38,1873.11,1873.11,-0.01,38.0,71482.79,-1
2025-02-24,2025-02-24 13:46:00,1873.11,1873.11,1872.84,1872.84,-0.01,38.0,71482.79,-1
2025-02-24,2025-02-24 13:47:00,1872.84,1872.84,1872.57,1872.57,-0.01,38.0,71482.79,-1
2025-02-24,2025-02-24 13:48:00,1872.57,1872.57,1872.3,1872.3,-0.01,38.0,71482.79,-1
2025-02-24,2025-02-24 13:49:00,1872.3,1872.3,1872.03,1872.03,-0.01,38.0,71482.79,-1
2025-02-24,2025-02-24 13:50:00,1872.03,1872.03,1871.76,1871.76,-0.01,38.0,71482.79,-1
2025-02-24,2025-02-24 13:51:00,1871.76,1871.76,1871.49,1871.49,-0.01,38.0,71482.79,-1
2025-02-24,2025-02-24 13:52:00,1871.49,1871.49,1871.22,1871.22,-0.01,38.0,71482.79,-1
2025-02-24,2025-02-24 13:53:00,1871.22,1871.22,1870.95,1870.95,-0.01,38.0,71482.79,-1
2025-02-24,2025-02-24 13:54:00,1870.95,1870.95,1870.68,1870.68,-0.01,38.0,71482.79,-1
2025-02-24,2025-02-24 13:55:00,1870.68,1870.68,1870.41,1870.41,-0.01,38.0,71482.79,-1
2025-02-24,2025-02-24 13:56:00,1870.41,1870.41,1870.14,1870.14,-0.01,38.0,71482.79,-1
2025-02-24,2025-02-24 13:57:00,1870.14,1870.14,1869.87,1869.87,-0.01,38.0,71482.79,-1
2025-02-24,2025-02-24 13:58:00,1869.87,1869.87,1869.6,1869.6,-0.01,38.0,71482.79,-1
2025-02-24,2025-02-24 13:59:00,1869.6,1869.6,1869.32,1869.32,-0.01,38.0,71482.79,-1
2025-02-24,2025-02-24 14:00:00,1869.32,1869.32,1869.05,1869.05,-0.01,38.0,71482.79,-1
2025-02-24,2025-02-24 14:01:00,1869.05,1869.05,1868.78,1868.78,-0.01,38.0,71482.79,-1
2025-02-24,2025-02-24 14:02:00,1868.78,1868.78,1868.51,1868.51,-0.01,38.0,71482.79,-1
2025-02-24,2025-02-24 14:03:00,1868.51,1868.51,1868.24,1868.24,-0.01,38.0,71482.79,-1
2025-02-24,2025-02-24 14:04:00,1868.24,1868.24,1867.97,1867.97,-0.01,38.0,71482.79,-1
2025-02-24,2025-02-24 14:05:00,1867.97,1867.97,1867.7,1867.7,-0.01,38.0,71482.79,-1
2025-02-24,2025-02-24 14:06:00,1867.7,1867.7,1867.43,1867.43,-0.01,38.0,71482.79,-1
2025-02-24,2025-02-24 14:07:00,1867.43,1867.43,1867.16,1867.16,-0.01,38.0,71482.79,-1
2025-02-24,2025-02-24 14:08:00,1867.16,1867.16,1866.89,1866.89,-0.01,38.0,71482.79,-1
2025-02-24,2025-02-24 14:09:00,1866.89,1866.89,1866.62,1866.62,-0.01,38.0,71482.79,-1
2025-02-24,2025-02-24 14:10:00,1866.62,1866.62,1866.35,1866.35,-0.01,38.0,71482.79,-1
2025-02-24,2025-02-24 14:11:00,1866.35,1866.35,1866.08,1866.08,-0.01,38.0,71482.79,-1
2025-02-24,2025-02-24 14:12:00,1866.08,1866.08,1865.81,1865.81,-0.01,38.0,71482.79,-1
2025-02-24,2025-02-24 14:13:00,1865.81,1865.81,1865.54,1865.54,-0.01,38.0,71482.79,-1
2025-02-24,2025-02-24 14:14:00,1865.54,1865.54,1865.27,1865.27,-0.01,38.0,71482.79,-1
2025-02-24,2025-02-24 14:15:00,1865.27,1865.27,1865.0,1865.0,-0.01,38.0,71482.79,-1
2025-02-24,2025-02-24 14:16:00,1865.0,1865.0,1864.73,1864.73,-0.01,38.0,71482.79,-1
2025-02-24,2025-02-24 14:17:00,1864.73,1864.73,1864.46,1864.46,-0.01,38.0,71482.79,-1
2025-02-24,2025-02-24 14:18:00,1864.46,1864.46,1864.19,1864.19,-0.01,38.0,71482.79,-1
2025-02-24,2025-02-24 14:19:00,1864.19,1864.19,1863.92,1863.92,-0.01,38.0,71482.79,-1
2025-02-24,2025-02-24 14:20:00,1863.92,1863.92,1863.65,1863.65,-0.01,38.0,71482.79,-1
2025-02-24,2025-02-24 14:21:00,1863.65,1863.65,1863.38,1863.38,-0.01,38.0,71482.79,-1
2025-02-24,2025-02-24 14:22:00,1863.38,1863.38,1863.11,1863.11,-0.01,38.0,71482.79,-1
2025-02-24,2025-02-24 14:23:00,1863.11,1863.11,1862.84,1862.84,-0.01,38.0,71482.79,-1
2025-02-24,2025-02-24 14:24:00,1862.84,1862.84,1862.56,1862.56,-0.02,38.0,71482.79,-1
2025-02-24,2025-02-24 14:25:00,1862.56,1862.56,1862.29,1862.29,-0.01,38.0,71482.79,-1
2025-02-24,2025-02-24 14:26:00,1862.29,1862.29,1862.02,1862.02,-0.01,38.0,71482.79,-1
2025-02-24,2025-02-24 14:27:00,1862.02,1862.02,1861.75,1861.75,-0.01,38.0,71482.79,-1
2025-02-24,2025-02-24 14:28:00,1861.75,1861.75,1861.48,1861.48,-0.01,38.0,71482.79,-1
2025-02-24,2025-02-24 14:29:00,1861.48,1861.48,1861.21,1861.21,-0.01,38.0,71482.79,-1
2025-02-24,2025-02-24 14:30:00,1861.21,1861.21,1860.94,1860.94,-0.01,38.0,71482.79,-1
2025-02-24,2025-02-24 14:31:00,1860.94,1860.94,1860.67,1860.67,-0.01,38.0,71482.79,-1
2025-02-24,2025-02-24 14:32:00,1860.67,1860.67,1860.4,1860.4,-0.01,38.0,71482.79,-1
2025-02-24,2025-02-24 14:33:00,1860.4,1860.4,1860.13,1860.13,-0.01,38.0,71482.79,-1
2025-02-24,2025-02-24 14:34:00,1860.13,1860.13,1859.86,1859.86,-0.01,38.0,71482.79,-1
2025-02-24,2025-02-24 14:35:00,1859.86,1859.86,1859.59,1859.59,-0.01,38.0,71482.79,-1
2025-02-24,2025-02-24 14:36:00,1859.59,1859.59,1859.32,1859.32,-0.01,38.0,71482.79,-1
2025-02-24,2025-02-24 14:37:00,1859.32,1859.32,1859.05,1859.05,-0.01,38.0,71482.79,-1
2025-02-24,2025-02-24 14:38:00,1859.05,1859.05,1858.78,1858.78,-0.01,38.0,71482.79,-1
2025-02-24,2025-02-24 14:39:00,1858.78,1858.78,1858.51,1858.51,-0.01,38.0,71482.79,-1
2025-02-24,2025-02-24 14:40:00,1858.51,1858.51,1858.24,1858.24,-0.01,38.0,71482.79,-1
2025-02-24,2025-02-24 14:41:00,1858.24,1858.24,1857.97,1857.97,-0.01,38.0,71482.79,-1
2025-02-24,2025-02-24 14:42:00,1857.97,1857.97,1857.7,1857.7,-0.01,38.0,71482.79,-1
2025-02-24,2025-02-24 14:43:00,1857.7,1857.7,1857.43,1857.43,-0.01,38.0,71482.79,-1
2025-02-24,2025-02-24 14:44:00,1857.43,1857.43,1857.16,1857.16,-0.01,38.0,71482.79,-1
2025-02-24,2025-02-24 14:45:00,1857.16,1857.16,1856.89,1856.89,-0.01,38.0,71482.79,-1
2025-02-24,2025-02-24 14:46:00,1856.89,1856.89,1856.62,1856.62,-0.01,38.0,71482.79,-1
2025-02-24,2025-02-24 14:47:00,1856.62,1856.62,1856.34,1856.34,-0.02,38.0,71482.79,-1
2025-02-24,2025-02-24 14:48:00,1856.34,1856.34,1856.07,1856.07,-0.01,38.0,71482.79,-1
2025-02-24,2025-02-24 14:49:00,1856.07,1856.07,1855.8,1855.8,-0.01,38.0,71482.79,-1
2025-02-24,2025-02-24 14:50:00,1855.8,1855.8,1855.53,1855.53,-0.01,38.0,71482.79,-1
2025-02-24,2025-02-24 14:51:00,1855.53,1855.53,1855.26,1855.26,-0.01,38.0,71482.79,-1
2025-02-24,2025-02-24 14:52:00,1855.26,1855.26,1854.99,1854.99,-0.01,38.0,71482.79,-1
2025-02-24,2025-02-24 14:53:00,1854.99,1854.99,1854.72,1854.72,-0.01,38.0,71482.79,-1
2025-02-24,2025-02-24 14:54:00,1854.72,1854.72,1854.45,1854.45,-0.01,38.0,71482.79,-1
2025-02-24,2025-02-24 14:55:00,1854.45,1854.45,1854.18,1854.18,-0.01,38.0,71482.79,-1
2025-02-24,2025-02-24 14:56:00,1854.18,1854.18,1853.91,1853.91,-0.01,38.0,71482.79,-1
2025-02-24,2025-02-24 14:57:00,1853.91,1853.91,1853.64,1853.64,-0.01,38.0,71482.79,-1
2025-02-24,2025-02-24 14:58:00,1853.64,1853.64,1853.37,1853.37,-0.01,38.0,71482.79,-1
2025-02-24,2025-02-24 14:59:00,1853.37,1853.37,1853.1,1853.1,-0.01,38.0,71482.79,-1
2025-02-24,2025-02-24 15:00:00,1853.1,1918.0,1853.1,1853.1,0.0,38.0,71482.79,0
2025-02-25,2025-02-25 11:00:00,1817.0,1838.6,1817.0,1817.18,0.01,15.88,29428.23,1
2025-02-25,2025-02-25 11:01:00,1817.18,1817.36,1817.18,1817.36,0.01,15.88,29428.23,1
2025-02-25,2025-02-25 11:02:00,1817.36,1817.54,1817.36,1817.54,0.01,15.88,29428.23,1
2025-02-25,2025-02-25 11:03:00,1817.54,1817.72,1817.54,1817.72,0.01,15.88,29428.23,1
2025-02-25,2025-02-25 11:04:00,1817.72,1817.9,1817.72,1817.9,0.01,15.88,29428.23,1
2025-02-25,2025-02-25 11:05:00,1817.9,1818.08,1817.9,1818.08,0.01,15.88,29428.23,1
2025-02-25,2025-02-25 11:06:00,1818.08,1818.25,1818.08,1818.25,0.01,15.88,29428.23,1
2025-02-25,2025-02-25 11:07:00,1818.25,1818.43,1818.25,1818.43,0.01,15.88,29428.23,1
2025-02-25,2025-02-25 11:08:00,1818.43,1818.61,1818.43,1818.61,0.01,15.88,29428.23,1
2025-02-25,2025-02-25 11:09:00,1818.61,1818.79,1818.61,1818.79,0.01,15.88,29428.23,1
2025-02-25,2025-02-25 11:10:00,1818.79,1818.97,1818.79,1818.97,0.01,15.88,29428.23,1
2025-02-25,2025-02-25 11:11:00,1818.97,1819.15,1818.97,1819.15,0.01,15.88,29428.23,1
2025-02-25,2025-02-25 11:12:00,1819.15,1819.33,1819.15,1819.33,0.01,15.88,29428.23,1
2025-02-25,2025-02-25 11:13:00,1819.33,1819.51,1819.33,1819.51,0.01,15.88,29428.23,1
2025-02-25,2025-02-25 11:14:00,1819.51,1819.69,1819.51,1819.69,0.01,15.88,29428.23,1
2025-02-25,2025-02-25 11:15:00,1819.69,1819.87,1819.69,1819.87,0.01,15.88,29428.23,1
2025-02-25,2025-02-25 11:16:00,1819.87,1820.05,1819.87,1820.05,0.01,15.88,29428.23,1
2025-02-25,2025-02-25 11:17:00,1820.05,1820.22,1820.05,1820.22,0.01,15.88,29428.23,1
2025-02-25,2025-02-25 11:18:00,1820.22,1820.4,1820.22,1820.4,0.01,15.88,29428.23,1
2025-02-25,2025-02-25 11:19:00,1820.4,1820.58,1820.4,1820.58,0.01,15.88,29428.23,1
2025-02-25,2025-02-25 11:20:00,1820.58,1820.76,1820.58,1820.76,0.01,15.88,29428.23,1
2025-02-25,2025-02-25 11:21:00,1820.76,1820.94,1820.76,1820.94,0.01,15.88,29428.23,1
2025-02-25,2025-02-25 11:22:00,1820.94,1821.12,1820.94,1821.12,0.01,15.88,29428.23,1
2025-02-25,2025-02-25 11:23:00,1821.12,1821.3,1821.12,1821.3,0.01,15.88,29428.23,1
2025-02-25,2025-02-25 11:24:00,1821.3,1821.48,1821.3,1821.48,0.01,15.88,29428.23,1
2025-02-25,2025-02-25 11:25:00,1821.48,1821.66,1821.48,1821.66,0.01,15.88,29428.23,1
2025-02-25,2025-02-25 11:26:00,1821.66,1821.84,1821.66,1821.84,0.01,15.88,29428.23,1
2025-02-25,2025-02-25 11:27:00,1821.84,1822.02,1821.84,1822.02,0.01,15.88,29428.23,1
2025-02-25,2025-02-25 11:28:00,1822.02,1822.2,1822.02,1822.2,0.01,15.88,29428.23,1
2025-02-25,2025-02-25 11:29:00,1822.2,1822.38,1822.2,1822.38,0.01,15.88,29428.23,1
2025-02-25,2025-02-25 11:30:00,1822.38,1822.55,1822.38,1822.55,0.01,15.88,29428.23,1
2025-02-25,2025-02-25 11:31:00,1822.55,1822.73,1822.55,1822.73,0.01,15.88,29428.23,1
2025-02-25,2025-02-25 11:32:00,1822.73,1822.91,1822.73,1822.91,0.01,15.88,29428.23,1
2025-02-25,2025-02-25 11:33:00,1822.91,1823.09,1822.91,1823.09,0.01,15.88,29428.23,1
2025-02-25,2025-02-25 11:34:00,1823.09,1823.27,1823.09,1823.27,0.01,15.88,29428.23,1
2025-02-25,2025-02-25 11:35:00,1823.27,1823.45,1823.27,1823.45,0.01,15.88,29428.23,1
2025-02-25,2025-02-25 11:36:00,1823.45,1823.63,1823.45,1823.63,0.01,15.88,29428.23,1
2025-02-25,2025-02-25 11:37:00,1823.63,1823.81,1823.63,1823.81,0.01,15.88,29428.23,1
2025-02-25,2025-02-25 11:38:00,1823.81,1823.99,1823.81,1823.99,0.01,15.88,29428.23,1
2025-02-25,2025-02-25 11:39:00,1823.99,1824.17,1823.99,1824.17,0.01,15.88,29428.23,1
2025-02-25,2025-02-25 11:40:00,1824.17,1824.35,1824.17,1824.35,0.01,15.88,29428.23,1
2025-02-25,2025-02-25 11:41:00,1824.35,1824.53,1824.35,1824.53,0.01,15.88,29428.23,1
2025-02-25,2025-02-25 11:42:00,1824.53,1824.7,1824.53,1824.7,0.01,15.88,29428.23,1
2025-02-25,2025-02-25 11:43:00,1824.7,1824.88,1824.7,1824.88,0.01,15.88,29428.23,1
2025-02-25,2025-02-25 11:44:00,1824.88,1825.06,1824.88,1825.06,0.01,15.88,29428.23,1
2025-02-25,2025-02-25 11:45:00,1825.06,1825.24,1825.06,1825.24,0.01,15.88,29428.23,1
2025-02-25,2025-02-25 11:46:00,1825.24,1825.42,1825.24,1825.42,0.01,15.88,29428.23,1
2025-02-25,2025-02-25 11:47:00,1825.42,1825.6,1825.42,1825.6,0.01,15.88,29428.23,1
2025-02-25,2025-02-25 11:48:00,1825.6,1825.78,1825.6,1825.78,0.01,15.88,29428.23,1
2025-02-25,2025-02-25 11:49:00,1825.78,1825.96,1825.78,1825.96,0.01,15.88,29428.23,1
2025-02-25,2025-02-25 11:50:00,1825.96,1826.14,1825.96,1826.14,0.01,15.88,29428.23,1
2025-02-25,2025-02-25 11:51:00,1826.14,1826.32,1826.14,1826.32,0.01,15.88,29428.23,1
2025-02-25,2025-02-25 11:52:00,1826.32,1826.5,1826.32,1826.5,0.01,15.88,29428.23,1
2025-02-25,2025-02-25 11:53:00,1826.5,1826.67,1826.5,1826.67,0.01,15.88,29428.23,1
2025-02-25,2025-02-25 11:54:00,1826.67,1826.85,1826.67,1826.85,0.01,15.88,29428.23,1
2025-02-25,2025-02-25 11:55:00,1826.85,1827.03,1826.85,1827.03,0.01,15.88,29428.23,1
2025-02-25,2025-02-25 11:56:00,1827.03,1827.21,1827.03,1827.21,0.01,15.88,29428.23,1
2025-02-25,2025-02-25 11:57:00,1827.21,1827.39,1827.21,1827.39,0.01,15.88,29428.23,1
2025-02-25,2025-02-25 11:58:00,1827.39,1827.57,1827.39,1827.57,0.01,15.88,29428.23,1
2025-02-25,2025-02-25 11:59:00,1827.57,1827.75,1827.57,1827.75,0.01,15.88,29428.23,1
2025-02-25,2025-02-25 12:00:00,1827.75,1827.93,1827.75,1827.93,0.01,15.88,29428.23,1
2025-02-25,2025-02-25 12:01:00,1827.93,1828.11,1827.93,1828.11,0.01,15.88,29428.23,1
2025-02-25,2025-02-25 12:02:00,1828.11,1828.29,1828.11,1828.29,0.01,15.88,29428.23,1
2025-02-25,2025-02-25 12:03:00,1828.29,1828.47,1828.29,1828.47,0.01,15.88,29428.23,1
2025-02-25,2025-02-25 12:04:00,1828.47,1828.65,1828.47,1828.65,0.01,15.88,29428.23,1
2025-02-25,2025-02-25 12:05:00,1828.65,1828.83,1828.65,1828.83,0.01,15.88,29428.23,1
2025-02-25,2025-02-25 12:06:00,1828.83,1829.0,1828.83,1829.0,0.01,15.88,29428.23,1
2025-02-25,2025-02-25 12:07:00,1829.0,1829.18,1829.0,1829.18,0.01,15.88,29428.23,1
2025-02-25,2025-02-25 12:08:00,1829.18,1829.36,1829.18,1829.36,0.01,15.88,29428.23,1
2025-02-25,2025-02-25 12:09:00,1829.36,1829.54,1829.36,1829.54,0.01,15.88,29428.23,1
2025-02-25,2025-02-25 12:10:00,1829.54,1829.72,1829.54,1829.72,0.01,15.88,29428.23,1
2025-02-25,2025-02-25 12:11:00,1829.72,1829.9,1829.72,1829.9,0.01,15.88,29428.23,1
2025-02-25,2025-02-25 12:12:00,1829.9,1830.08,1829.9,1830.08,0.01,15.88,29428.23,1
2025-02-25,2025-02-25 12:13:00,1830.08,1830.26,1830.08,1830.26,0.01,15.88,29428.23,1
2025-02-25,2025-02-25 12:14:00,1830.26,1830.44,1830.26,1830.44,0.01,15.88,29428.23,1
2025-02-25,2025-02-25 12:15:00,1830.44,1830.62,1830.44,1830.62,0.01,15.88,29428.23,1
2025-02-25,2025-02-25 12:16:00,1830.62,1830.8,1830.62,1830.8,0.01,15.88,29428.23,1
2025-02-25,2025-02-25 12:17:00,1830.8,1830.97,1830.8,1830.97,0.01,15.88,29428.23,1
2025-02-25,2025-02-25 12:18:00,1830.97,1831.15,1830.97,1831.15,0.01,15.88,29428.23,1
2025-02-25,2025-02-25 12:19:00,1831.15,1831.33,1831.15,1831.33,0.01,15.88,29428.23,1
2025-02-25,2025-02-25 12:20:00,1831.33,1831.51,1831.33,1831.51,0.01,15.88,29428.23,1
2025-02-25,2025-02-25 12:21:00,1831.51,1831.69,1831.51,1831.69,0.01,15.88,29428.23,1
2025-02-25,2025-02-25 12:22:00,1831.69,1831.87,1831.69,1831.87,0.01,15.88,29428.23,1
2025-02-25,2025-02-25 12:23:00,1831.87,1832.05,1831.87,1832.05,0.01,15.88,29428.23,1
2025-02-25,2025-02-25 12:24:00,1832.05,1832.23,1832.05,1832.23,0.01,15.88,29428.23,1
2025-02-25,2025-02-25 12:25:00,1832.23,1832.41,1832.23,1832.41,0.01,15.88,29428.23,1
2025-02-25,2025-02-25 12:26:00,1832.41,1832.59,1832.41,1832.59,0.01,15.88,29428.23,1
2025-02-25,2025-02-25 12:27:00,1832.59,1832.77,1832.59,1832.77,0.01,15.88,29428.23,1
2025-02-25,2025-02-25 12:28:00,1832.77,1832.95,1832.77,1832.95,0.01,15.88,29428.23,1
2025-02-25,2025-02-25 12:29:00,1832.95,1833.12,1832.95,1833.12,0.01,15.88,29428.23,1
2025-02-25,2025-02-25 12:30:00,1833.12,1833.3,1833.12,1833.3,0.01,15.88,29428.23,1
2025-02-25,2025-02-25 12:31:00,1833.3,1833.48,1833.3,1833.48,0.01,15.88,29428.23,1
2025-02-25,2025-02-25 12:32:00,1833.48,1833.66,1833.48,1833.66,0.01,15.88,29428.23,1
2025-02-25,2025-02-25 12:33:00,1833.66,1833.84,1833.66,1833.84,0.01,15.88,29428.23,1
2025-02-25,2025-02-25 12:34:00,1833.84,1834.02,1833.84,1834.02,0.01,15.88,29428.23,1
2025-02-25,2025-02-25 12:35:00,1834.02,1834.2,1834.02,1834.2,0.01,15.88,29428.23,1
2025-02-25,2025-02-25 12:36:00,1834.2,1834.38,1834.2,1834.38,0.01,15.88,29428.23,1
2025-02-25,2025-02-25 12:37:00,1834.38,1834.56,1834.38,1834.56,0.01,15.88,29428.23,1
2025-02-25,2025-02-25 12:38:00,1834.56,1834.74,1834.56,1834.74,0.01,15.88,29428.23,1
2025-02-25,2025-02-25 12:39:00,1834.74,1834.92,1834.74,1834.92,0.01,15.88,29428.23,1
2025-02-25,2025-02-25 12:40:00,1834.92,1835.1,1834.92,1835.1,0.01,15.88,29428.23,1
2025-02-25,2025-02-25 12:41:00,1835.1,1835.28,1835.1,1835.28,0.01,15.88,29428.23,1
2025-02-25,2025-02-25 12:42:00,1835.28,1835.45,1835.28,1835.45,0.01,15.88,29428.23,1
2025-02-25,2025-02-25 12:43:00,1835.45,1835.63,1835.45,1835.63,0.01,15.88,29428.23,1
2025-02-25,2025-02-25 12:44:00,1835.63,1835.81,1835.63,1835.81,0.01,15.88,29428.23,1
2025-02-25,2025-02-25 12:45:00,1835.81,1835.99,1835.81,1835.99,0.01,15.88,29428.23,1
2025-02-25,2025-02-25 12:46:00,1835.99,1836.17,1835.99,1836.17,0.01,15.88,29428.23,1
2025-02-25,2025-02-25 12:47:00,1836.17,1836.35,1836.17,1836.35,0.01,15.88,29428.23,1
2025-02-25,2025-02-25 12:48:00,1836.35,1836.53,1836.35,1836.53,0.01,15.88,29428.23,1
2025-02-25,2025-02-25 12:49:00,1836.53,1836.71,1836.53,1836.71,0.01,15.88,29428.23,1
2025-02-25,2025-02-25 12:50:00,1836.71,1836.89,1836.71,1836.89,0.01,15.88,29428.23,1
2025-02-25,2025-02-25 12:51:00,1836.89,1837.07,1836.89,1837.07,0.01,15.88,29428.23,1
2025-02-25,2025-02-25 12:52:00,1837.07,1837.25,1837.07,1837.25,0.01,15.88,29428.23,1
2025-02-25,2025-02-25 12:53:00,1837.25,1837.42,1837.25,1837.42,0.01,15.88,29428.23,1
2025-02-25,2025-02-25 12:54:00,1837.42,1837.6,1837.42,1837.6,0.01,15.88,29428.23,1
2025-02-25,2025-02-25 12:55:00,1837.6,1837.78,1837.6,1837.78,0.01,15.88,29428.23,1
2025-02-25,2025-02-25 12:56:00,1837.78,1837.96,1837.78,1837.96,0.01,15.88,29428.23,1
2025-02-25,2025-02-25 12:57:00,1837.96,1838.14,1837.96,1838.14,0.01,15.88,29428.23,1
2025-02-25,2025-02-25 12:58:00,1838.14,1838.32,1838.14,1838.32,0.01,15.88,29428.23,1
2025-02-25,2025-02-25 12:59:00,1838.32,1838.5,1838.32,1838.5,0.01,15.88,29428.23,1
2025-02-25,2025-02-25 13:00:00,1838.5,1889.0,1817.0,1838.68,0.01,15.88,29428.23,1
2025-02-25,2025-02-25 13:01:00,1838.68,1838.86,1838.68,1838.86,0.01,15.88,29428.23,1
2025-02-25,2025-02-25 13:02:00,1838.86,1839.04,1838.86,1839.04,0.01,15.88,29428.23,1
2025-02-25,2025-02-25 13:03:00,1839.04,1839.22,1839.04,1839.22,0.01,15.88,29428.23,1
2025-02-25,2025-02-25 13:04:00,1839.22,1839.4,1839.22,1839.4,0.01,15.88,29428.23,1
2025-02-25,2025-02-25 13:05:00,1839.4,1839.58,1839.4,1839.58,0.01,15.88,29428.23,1
2025-02-25,2025-02-25 13:06:00,1839.58,1839.75,1839.58,1839.75,0.01,15.88,29428.23,1
2025-02-25,2025-02-25 13:07:00,1839.75,1839.93,1839.75,1839.93,0.01,15.88,29428.23,1
2025-02-25,2025-02-25 13:08:00,1839.93,1840.11,1839.93,1840.11,0.01,15.88,29428.23,1
2025-02-25,2025-02-25 13:09:00,1840.11,1840.29,1840.11,1840.29,0.01,15.88,29428.23,1
2025-02-25,2025-02-25 13:10:00,1840.29,1840.47,1840.29,1840.47,0.01,15.88,29428.23,1
2025-02-25,2025-02-25 13:11:00,1840.47,1840.65,1840.47,1840.65,0.01,15.88,29428.23,1
2025-02-25,2025-02-25 13:12:00,1840.65,1840.83,1840.65,1840.83,0.01,15.88,29428.23,1
2025-02-25,2025-02-25 13:13:00,1840.83,1841.01,1840.83,1841.01,0.01,15.88,29428.23,1
2025-02-25,2025-02-25 13:14:00,1841.01,1841.19,1841.01,1841.19,0.01,15.88,29428.23,1
2025-02-25,2025-02-25 13:15:00,1841.19,1841.37,1841.19,1841.37,0.01,15.88,29428.23,1
2025-02-25,2025-02-25 13:16:00,1841.37,1841.55,1841.37,1841.55,0.01,15.88,29428.23,1
2025-02-25,2025-02-25 13:17:00,1841.55,1841.72,1841.55,1841.72,0.01,15.88,29428.23,1
2025-02-25,2025-02-25 13:18:00,1841.72,1841.9,1841.72,1841.9,0.01,15.88,29428.23,1
2025-02-25,2025-02-25 13:19:00,1841.9,1842.08,1841.9,1842.08,0.01,15.88,29428.23,1
2025-02-25,2025-02-25 13:20:00,1842.08,1842.26,1842.08,1842.26,0.01,15.88,29428.23,1
2025-02-25,2025-02-25 13:21:00,1842.26,1842.44,1842.26,1842.44,0.01,15.88,29428.23,1
2025-02-25,2025-02-25 13:22:00,1842.44,1842.62,1842.44,1842.62,0.01,15.88,29428.23,1
2025-02-25,2025-02-25 13:23:00,1842.62,1842.8,1842.62,1842.8,0.01,15.88,29428.23,1
2025-02-25,2025-02-25 13:24:00,1842.8,1842.98,1842.8,1842.98,0.01,15.88,29428.23,1
2025-02-25,2025-02-25 13:25:00,1842.98,1843.16,1842.98,1843.16,0.01,15.88,29428.23,1
2025-02-25,2025-02-25 13:26:00,1843.16,1843.34,1843.16,1843.34,0.01,15.88,29428.23,1
2025-02-25,2025-02-25 13:27:00,1843.34,1843.52,1843.34,1843.52,0.01,15.88,29428.23,1
2025-02-25,2025-02-25 13:28:00,1843.52,1843.7,1843.52,1843.7,0.01,15.88,29428.23,1
2025-02-25,2025-02-25 13:29:00,1843.7,1843.88,1843.7,1843.88,0.01,15.88,29428.23,1
2025-02-25,2025-02-25 13:30:00,1843.88,1844.05,1843.88,1844.05,0.01,15.88,29428.23,1
2025-02-25,2025-02-25 13:31:00,1844.05,1844.23,1844.05,1844.23,0.01,15.88,29428.23,1
2025-02-25,2025-02-25 13:32:00,1844.23,1844.41,1844.23,1844.41,0.01,15.88,29428.23,1
2025-02-25,2025-02-25 13:33:00,1844.41,1844.59,1844.41,1844.59,0.01,15.88,29428.23,1
2025-02-25,2025-02-25 13:34:00,1844.59,1844.77,1844.59,1844.77,0.01,15.88,29428.23,1
2025-02-25,2025-02-25 13:35:00,1844.77,1844.95,1844.77,1844.95,0.01,15.88,29428.23,1
2025-02-25,2025-02-25 13:36:00,1844.95,1845.13,1844.95,1845.13,0.01,15.88,29428.23,1
2025-02-25,2025-02-25 13:37:00,1845.13,1845.31,1845.13,1845.31,0.01,15.88,29428.23,1
2025-02-25,2025-02-25 13:38:00,1845.31,1845.49,1845.31,1845.49,0.01,15.88,29428.23,1
2025-02-25,2025-02-25 13:39:00,1845.49,1845.67,1845.49,1845.67,0.01,15.88,29428.23,1
2025-02-25,2025-02-25 13:40:00,1845.67,1845.85,1845.67,1845.85,0.01,15.88,29428.23,1
2025-02-25,2025-02-25 13:41:00,1845.85,1846.03,1845.85,1846.03,0.01,15.88,29428.23,1
2025-02-25,2025-02-25 13:42:00,1846.03,1846.2,1846.03,1846.2,0.01,15.88,29428.23,1
2025-02-25,2025-02-25 13:43:00,1846.2,1846.38,1846.2,1846.38,0.01,15.88,29428.23,1
2025-02-25,2025-02-25 13:44:00,1846.38,1846.56,1846.38,1846.56,0.01,15.88,29428.23,1
2025-02-25,2025-02-25 13:45:00,1846.56,1846.74,1846.56,1846.74,0.01,15.88,29428.23,1
2025-02-25,2025-02-25 13:46:00,1846.74,1846.92,1846.74,1846.92,0.01,15.88,29428.23,1
2025-02-25,2025-02-25 13:47:00,1846.92,1847.1,1846.92,1847.1,0.01,15.88,29428.23,1
2025-02-25,2025-02-25 13:48:00,1847.1,1847.28,1847.1,1847.28,0.01,15.88,29428.23,1
2025-02-25,2025-02-25 13:49:00,1847.28,1847.46,1847.28,1847.46,0.01,15.88,29428.23,1
2025-02-25,2025-02-25 13:50:00,1847.46,1847.64,1847.46,1847.64,0.01,15.88,29428.23,1
2025-02-25,2025-02-25 13:51:00,1847.64,1847.82,1847.64,1847.82,0.01,15.88,29428.23,1
2025-02-25,2025-02-25 13:52:00,1847.82,1848.0,1847.82,1848.0,0.01,15.88,29428.23,1
2025-02-25,2025-02-25 13:53:00,1848.0,1848.17,1848.0,1848.17,0.01,15.88,29428.23,1
2025-02-25,2025-02-25 13:54:00,1848.17,1848.35,1848.17,1848.35,0.01,15.88,29428.23,1
2025-02-25,2025-02-25 13:55:00,1848.35,1848.53,1848.35,1848.53,0.01,15.88,29428.23,1
2025-02-25,2025-02-25 13:56:00,1848.53,1848.71,1848.53,1848.71,0.01,15.88,29428.23,1
2025-02-25,2025-02-25 13:57:00,1848.71,1848.89,1848.71,1848.89,0.01,15.88,29428.23,1
2025-02-25,2025-02-25 13:58:00,1848.89,1849.07,1848.89,1849.07,0.01,15.88,29428.23,1
2025-02-25,2025-02-25 13:59:00,1849.07,1849.25,1849.07,1849.25,0.01,15.88,29428.23,1
2025-02-25,2025-02-25 14:00:00,1849.25,1849.43,1849.25,1849.43,0.01,15.88,29428.23,1
2025-02-25,2025-02-25 14:01:00,1849.43,1849.61,1849.43,1849.61,0.01,15.88,29428.23,1
2025-02-25,2025-02-25 14:02:00,1849.61,1849.79,1849.61,1849.79,0.01,15.88,29428.23,1
2025-02-25,2025-02-25 14:03:00,1849.79,1849.97,1849.79,1849.97,0.01,15.88,29428.23,1
2025-02-25,2025-02-25 14:04:00,1849.97,1850.15,1849.97,1850.15,0.01,15.88,29428.23,1
2025-02-25,2025-02-25 14:05:00,1850.15,1850.33,1850.15,1850.33,0.01,15.88,29428.23,1
2025-02-25,2025-02-25 14:06:00,1850.33,1850.5,1850.33,1850.5,0.01,15.88,29428.23,1
2025-02-25,2025-02-25 14:07:00,1850.5,1850.68,1850.5,1850.68,0.01,15.88,29428.23,1
2025-02-25,2025-02-25 14:08:00,1850.68,1850.86,1850.68,1850.86,0.01,15.88,29428.23,1
2025-02-25,2025-02-25 14:09:00,1850.86,1851.04,1850.86,1851.04,0.01,15.88,29428.23,1
2025-02-25,2025-02-25 14:10:00,1851.04,1851.22,1851.04,1851.22,0.01,15.88,29428.23,1
2025-02-25,2025-02-25 14:11:00,1851.22,1851.4,1851.22,1851.4,0.01,15.88,29428.23,1
2025-02-25,2025-02-25 14:12:00,1851.4,1851.58,1851.4,1851.58,0.01,15.88,29428.23,1
2025-02-25,2025-02-25 14:13:00,1851.58,1851.76,1851.58,1851.76,0.01,15.88,29428.23,1
2025-02-25,2025-02-25 14:14:00,1851.76,1851.94,1851.76,1851.94,0.01,15.88,29428.23,1
2025-02-25,2025-02-25 14:15:00,1851.94,1852.12,1851.94,1852.12,0.01,15.88,29428.23,1
2025-02-25,2025-02-25 14:16:00,1852.12,1852.3,1852.12,1852.3,0.01,15.88,29428.23,1
2025-02-25,2025-02-25 14:17:00,1852.3,1852.47,1852.3,1852.47,0.01,15.88,29428.23,1
2025-02-25,2025-02-25 14:18:00,1852.47,1852.65,1852.47,1852.65,0.01,15.88,29428.23,1
2025-02-25,2025-02-25 14:19:00,1852.65,1852.83,1852.65,1852.83,0.01,15.88,29428.23,1
2025-02-25,2025-02-25 14:20:00,1852.83,1853.01,1852.83,1853.01,0.01,15.88,29428.23,1
2025-02-25,2025-02-25 14:21:00,1853.01,1853.19,1853.01,1853.19,0.01,15.88,29428.23,1
2025-02-25,2025-02-25 14:22:00,1853.19,1853.37,1853.19,1853.37,0.01,15.88,29428.23,1
2025-02-25,2025-02-25 14:23:00,1853.37,1853.55,1853.37,1853.55,0.01,15.88,29428.23,1
2025-02-25,2025-02-25 14:24:00,1853.55,1853.73,1853.55,1853.73,0.01,15.88,29428.23,1
2025-02-25,2025-02-25 14:25:00,1853.73,1853.91,1853.73,1853.91,0.01,15.88,29428.23,1
2025-02-25,2025-02-25 14:26:00,1853.91,1854.09,1853.91,1854.09,0.01,15.88,29428.23,1
2025-02-25,2025-02-25 14:27:00,1854.09,1854.27,1854.09,1854.27,0.01,15.88,29428.23,1
2025-02-25,2025-02-25 14:28:00,1854.27,1854.45,1854.27,1854.45,0.01,15.88,29428.23,1
2025-02-25,2025-02-25 14:29:00,1854.45,1854.62,1854.45,1854.62,0.01,15.88,29428.23,1
2025-02-25,2025-02-25 14:30:00,1854.62,1854.8,1854.62,1854.8,0.01,15.88,29428.23,1
2025-02-25,2025-02-25 14:31:00,1854.8,1854.98,1854.8,1854.98,0.01,15.88,29428.23,1
2025-02-25,2025-02-25 14:32:00,1854.98,1855.16,1854.98,1855.16,0.01,15.88,29428.23,1
2025-02-25,2025-02-25 14:33:00,1855.16,1855.34,1855.16,1855.34,0.01,15.88,29428.23,1
2025-02-25,2025-02-25 14:34:00,1855.34,1855.52,1855.34,1855.52,0.01,15.88,29428.23,1
2025-02-25,2025-02-25 14:35:00,1855.52,1855.7,1855.52,1855.7,0.01,15.88,29428.23,1
2025-02-25,2025-02-25 14:36:00,1855.7,1855.88,1855.7,1855.88,0.01,15.88,29428.23,1
2025-02-25,2025-02-25 14:37:00,1855.88,1856.06,1855.88,1856.06,0.01,15.88,29428.23,1
2025-02-25,2025-02-25 14:38:00,1856.06,1856.24,1856.06,1856.24,0.01,15.88,29428.23,1
2025-02-25,2025-02-25 14:39:00,1856.24,1856.42,1856.24,1856.42,0.01,15.88,29428.23,1
2025-02-25,2025-02-25 14:40:00,1856.42,1856.6,1856.42,1856.6,0.01,15.88,29428.23,1
2025-02-25,2025-02-25 14:41:00,1856.6,1856.78,1856.6,1856.78,0.01,15.88,29428.23,1
2025-02-25,2025-02-25 14:42:00,1856.78,1856.95,1856.78,1856.95,0.01,15.88,29428.23,1
2025-02-25,2025-02-25 14:43:00,1856.95,1857.13,1856.95,1857.13,0.01,15.88,29428.23,1
2025-02-25,2025-02-25 14:44:00,1857.13,1857.31,1857.13,1857.31,0.01,15.88,29428.23,1
2025-02-25,2025-02-25 14:45:00,1857.31,1857.49,1857.31,1857.49,0.01,15.88,29428.23,1
2025-02-25,2025-02-25 14:46:00,1857.49,1857.67,1857.49,1857.67,0.01,15.88,29428.23,1
2025-02-25,2025-02-25 14:47:00,1857.67,1857.85,1857.67,1857.85,0.01,15.88,29428.23,1
2025-02-25,2025-02-25 14:48:00,1857.85,1858.03,1857.85,1858.03,0.01,15.88,29428.23,1
2025-02-25,2025-02-25 14:49:00,1858.03,1858.21,1858.03,1858.21,0.01,15.88,29428.23,1
2025-02-25,2025-02-25 14:50:00,1858.21,1858.39,1858.21,1858.39,0.01,15.88,29428.23,1
2025-02-25,2025-02-25 14:51:00,1858.39,1858.57,1858.39,1858.57,0.01,15.88,29428.23,1
2025-02-25,2025-02-25 14:52:00,1858.57,1858.75,1858.57,1858.75,0.01,15.88,29428.23,1
2025-02-25,2025-02-25 14:53:00,1858.75,1858.92,1858.75,1858.92,0.01,15.88,29428.23,1
2025-02-25,2025-02-25 14:54:00,1858.92,1859.1,1858.92,1859.1,0.01,15.88,29428.23,1
2025-02-25,2025-02-25 14:55:00,1859.1,1859.28,1859.1,1859.28,0.01,15.88,29428.23,1
2025-02-25,2025-02-25 14:56:00,1859.28,1859.46,1859.28,1859.46,0.01,15.88,29428.23,1
2025-02-25,2025-02-25 14:57:00,1859.46,1859.64,1859.46,1859.64,0.01,15.88,29428.23,1
2025-02-25,2025-02-25 14:58:00,1859.64,1859.82,1859.64,1859.82,0.01,15.88,29428.23,1
2025-02-25,2025-02-25 14:59:00,1859.82,1860.0,1859.82,1860.0,0.01,15.88,29428.23,1
2025-02-25,2025-02-25 15:00:00,1860.0,1889.0,1817.0,1860.0,0.0,15.88,29428.23,0
2025-02-27,2025-02-27 11:00:00,1897.2,1897.2,1875.84,1896.91,-0.02,29.88,55143.01,-1
2025-02-27,2025-02-27 11:01:00,1896.91,1896.91,1896.62,1896.62,-0.02,29.88,55143.01,-1
2025-02-27,2025-02-27 11:02:00,1896.62,1896.62,1896.32,1896.32,-0.02,29.88,55143.01,-1
2025-02-27,2025-02-27 11:03:00,1896.32,1896.32,1896.03,1896.03,-0.02,29.88,55143.01,-1
2025-02-27,2025-02-27 11:04:00,1896.03,1896.03,1895.74,1895.74,-0.02,29.88,55143.01,-1
2025-02-27,2025-02-27 11:05:00,1895.74,1895.74,1895.45,1895.45,-0.02,29.88,55143.01,-1
2025-02-27,2025-02-27 11:06:00,1895.45,1895.45,1895.16,1895.16,-0.02,29.88,55143.01,-1
2025-02-27,2025-02-27 11:07:00,1895.16,1895.16,1894.86,1894.86,-0.02,29.88,55143.01,-1
2025-02-27,2025-02-27 11:08:00,1894.86,1894.86,1894.57,1894.57,-0.02,29.88,55143.01,-1
2025-02-27,2025-02-27 11:09:00,1894.57,1894.57,1894.28,1894.28,-0.02,29.88,55143.01,-1
2025-02-27,2025-02-27 11:10:00,1894.28,1894.28,1893.99,1893.99,-0.02,29.88,55143.01,-1
2025-02-27,2025-02-27 11:11:00,1893.99,1893.99,1893.69,1893.69,-0.02,29.88,55143.01,-1
2025-02-27,2025-02-27 11:12:00,1893.69,1893.69,1893.4,1893.4,-0.02,29.88,55143.01,-1
2025-02-27,2025-02-27 11:13:00,1893.4,1893.4,1893.11,1893.11,-0.02,29.88,55143.01,-1
2025-02-27,2025-02-27 11:14:00,1893.11,1893.11,1892.82,1892.82,-0.02,29.88,55143.01,-1
2025-02-27,2025-02-27 11:15:00,1892.82,1892.82,1892.53,1892.53,-0.02,29.88,55143.01,-1
2025-02-27,2025-02-27 11:16:00,1892.53,1892.53,1892.23,1892.23,-0.02,29.88,55143.01,-1
2025-02-27,2025-02-27 11:17:00,1892.23,1892.23,1891.94,1891.94,-0.02,29.88,55143.01,-1
2025-02-27,2025-02-27 11:18:00,1891.94,1891.94,1891.65,1891.65,-0.02,29.88,55143.01,-1
2025-02-27,2025-02-27 11:19:00,1891.65,1891.65,1891.36,1891.36,-0.02,29.88,55143.01,-1
2025-02-27,2025-02-27 11:20:00,1891.36,1891.36,1891.07,1891.07,-0.02,29.88,55143.01,-1
2025-02-27,2025-02-27 11:21:00,1891.07,1891.07,1890.77,1890.77,-0.02,29.88,55143.01,-1
2025-02-27,2025-02-27 11:22:00,1890.77,1890.77,1890.48,1890.48,-0.02,29.88,55143.01,-1
2025-02-27,2025-02-27 11:23:00,1890.48,1890.48,1890.19,1890.19,-0.02,29.88,55143.01,-1
2025-02-27,2025-02-27 11:24:00,1890.19,1890.19,1889.9,1889.9,-0.02,29.88,55143.01,-1
2025-02-27,2025-02-27 11:25:00,1889.9,1889.9,1889.61,1889.61,-0.02,29.88,55143.01,-1
2025-02-27,2025-02-27 11:26:00,1889.61,1889.61,1889.31,1889.31,-0.02,29.88,55143.01,-1
2025-02-27,2025-02-27 11:27:00,1889.31,1889.31,1889.02,1889.02,-0.02,29.88,55143.01,-1
2025-02-27,2025-02-27 11:28:00,1889.02,1889.02,1888.73,1888.73,-0.02,29.88,55143.01,-1
2025-02-27,2025-02-27 11:29:00,1888.73,1888.73,1888.44,1888.44,-0.02,29.88,55143.01,-1
2025-02-27,2025-02-27 11:30:00,1888.44,1888.44,1888.15,1888.15,-0.02,29.88,55143.01,-1
2025-02-27,2025-02-27 11:31:00,1888.15,1888.15,1887.85,1887.85,-0.02,29.88,55143.01,-1
2025-02-27,2025-02-27 11:32:00,1887.85,1887.85,1887.56,1887.56,-0.02,29.88,55143.01,-1
2025-02-27,2025-02-27 11:33:00,1887.56,1887.56,1887.27,1887.27,-0.02,29.88,55143.01,-1
2025-02-27,2025-02-27 11:34:00,1887.27,1887.27,1886.98,1886.98,-0.02,29.88,55143.01,-1
2025-02-27,2025-02-27 11:35:00,1886.98,1886.98,1886.68,1886.68,-0.02,29.88,55143.01,-1
2025-02-27,2025-02-27 11:36:00,1886.68,1886.68,1886.39,1886.39,-0.02,29.88,55143.01,-1
2025-02-27,2025-02-27 11:37:00,1886.39,1886.39,1886.1,1886.1,-0.02,29.88,55143.01,-1
2025-02-27,2025-02-27 11:38:00,1886.1,1886.1,1885.81,1885.81,-0.02,29.88,55143.01,-1
2025-02-27,2025-02-27 11:39:00,1885.81,1885.81,1885.52,1885.52,-0.02,29.88,55143.01,-1
2025-02-27,2025-02-27 11:40:00,1885.52,1885.52,1885.22,1885.22,-0.02,29.88,55143.01,-1
2025-02-27,2025-02-27 11:41:00,1885.22,1885.22,1884.93,1884.93,-0.02,29.88,55143.01,-1
2025-02-27,2025-02-27 11:42:00,1884.93,1884.93,1884.64,1884.64,-0.02,29.88,55143.01,-1
2025-02-27,2025-02-27 11:43:00,1884.64,1884.64,1884.35,1884.35,-0.02,29.88,55143.01,-1
2025-02-27,2025-02-27 11:44:00,1884.35,1884.35,1884.06,1884.06,-0.02,29.88,55143.01,-1
2025-02-27,2025-02-27 11:45:00,1884.06,1884.06,1883.76,1883.76,-0.02,29.88,55143.01,-1
2025-02-27,2025-02-27 11:46:00,1883.76,1883.76,1883.47,1883.47,-0.02,29.88,55143.01,-1
2025-02-27,2025-02-27 11:47:00,1883.47,1883.47,1883.18,1883.18,-0.02,29.88,55143.01,-1
2025-02-27,2025-02-27 11:48:00,1883.18,1883.18,1882.89,1882.89,-0.02,29.88,55143.01,-1
2025-02-27,2025-02-27 11:49:00,1882.89,1882.89,1882.6,1882.6,-0.02,29.88,55143.01,-1
2025-02-27,2025-02-27 11:50:00,1882.6,1882.6,1882.3,1882.3,-0.02,29.88,55143.01,-1
2025-02-27,2025-02-27 11:51:00,1882.3,1882.3,1882.01,1882.01,-0.02,29.88,55143.01,-1
2025-02-27,2025-02-27 11:52:00,1882.01,1882.01,1881.72,1881.72,-0.02,29.88,55143.01,-1
2025-02-27,2025-02-27 11:53:00,1881.72,1881.72,1881.43,1881.43,-0.02,29.88,55143.01,-1
2025-02-27,2025-02-27 11:54:00,1881.43,1881.43,1881.14,1881.14,-0.02,29.88,55143.01,-1
2025-02-27,2025-02-27 11:55:00,1881.14,1881.14,1880.84,1880.84,-0.02,29.88,55143.01,-1
2025-02-27,2025-02-27 11:56:00,1880.84,1880.84,1880.55,1880.55,-0.02,29.88,55143.01,-1
2025-02-27,2025-02-27 11:57:00,1880.55,1880.55,1880.26,1880.26,-0.02,29.88,55143.01,-1
2025-02-27,2025-02-27 11:58:00,1880.26,1880.26,1879.97,1879.97,-0.02,29.88,55143.01,-1
2025-02-27,2025-02-27 11:59:00,1879.97,1879.97,1879.67,1879.67,-0.02,29.88,55143.01,-1
2025-02-27,2025-02-27 12:00:00,1879.67,1879.67,1879.38,1879.38,-0.02,29.88,55143.01,-1
2025-02-27,2025-02-27 12:01:00,1879.38,1879.38,1879.09,1879.09,-0.02,29.88,55143.01,-1
2025-02-27,2025-02-27 12:02:00,1879.09,1879.09,1878.8,1878.8,-0.02,29.88,55143.01,-1
2025-02-27,2025-02-27 12:03:00,1878.8,1878.8,1878.51,1878.51,-0.02,29.88,55143.01,-1
2025-02-27,2025-02-27 12:04:00,1878.51,1878.51,1878.21,1878.21,-0.02,29.88,55143.01,-1
2025-02-27,2025-02-27 12:05:00,1878.21,1878.21,1877.92,1877.92,-0.02,29.88,55143.01,-1
2025-02-27,2025-02-27 12:06:00,1877.92,1877.92,1877.63,1877.63,-0.02,29.88,55143.01,-1
2025-02-27,2025-02-27 12:07:00,1877.63,1877.63,1877.34,1877.34,-0.02,29.88,55143.01,-1
2025-02-27,2025-02-27 12:08:00,1877.34,1877.34,1877.05,1877.05,-0.02,29.88,55143.01,-1
2025-02-27,2025-02-27 12:09:00,1877.05,1877.05,1876.75,1876.75,-0.02,29.88,55143.01,-1
2025-02-27,2025-02-27 12:10:00,1876.75,1876.75,1876.46,1876.46,-0.02,29.88,55143.01,-1
2025-02-27,2025-02-27 12:11:00,1876.46,1876.46,1876.17,1876.17,-0.02,29.88,55143.01,-1
2025-02-27,2025-02-27 12:12:00,1876.17,1876.17,1875.88,1875.88,-0.02,29.88,55143.01,-1
2025-02-27,2025-02-27 12:13:00,1875.88,1875.88,1875.59,1875.59,-0.02,29.88,55143.01,-1
2025-02-27,2025-02-27 12:14:00,1875.59,1875.59,1875.29,1875.29,-0.02,29.88,55143.01,-1
2025-02-27,2025-02-27 12:15:00,1875.29,1875.29,1875.0,1875.0,-0.02,29.88,55143.01,-1
2025-02-27,2025-02-27 12:16:00,1875.0,1875.0,1874.71,1874.71,-0.02,29.88,55143.01,-1
2025-02-27,2025-02-27 12:17:00,1874.71,1874.71,1874.42,1874.42,-0.02,29.88,55143.01,-1
2025-02-27,2025-02-27 12:18:00,1874.42,1874.42,1874.13,1874.13,-0.02,29.88,55143.01,-1
2025-02-27,2025-02-27 12:19:00,1874.13,1874.13,1873.83,1873.83,-0.02,29.88,55143.01,-1
2025-02-27,2025-02-27 12:20:00,1873.83,1873.83,1873.54,1873.54,-0.02,29.88,55143.01,-1
2025-02-27,2025-02-27 12:21:00,1873.54,1873.54,1873.25,1873.25,-0.02,29.88,55143.01,-1
2025-02-27,2025-02-27 12:22:00,1873.25,1873.25,1872.96,1872.96,-0.02,29.88,55143.01,-1
2025-02-27,2025-02-27 12:23:00,1872.96,1872.96,1872.66,1872.66,-0.02,29.88,55143.01,-1
2025-02-27,2025-02-27 12:24:00,1872.66,1872.66,1872.37,1872.37,-0.02,29.88,55143.01,-1
2025-02-27,2025-02-27 12:25:00,1872.37,1872.37,1872.08,1872.08,-0.02,29.88,55143.01,-1
2025-02-27,2025-02-27 12:26:00,1872.08,1872.08,1871.79,1871.79,-0.02,29.88,55143.01,-1
2025-02-27,2025-02-27 12:27:00,1871.79,1871.79,1871.5,1871.5,-0.02,29.88,55143.01,-1
2025-02-27,2025-02-27 12:28:00,1871.5,1871.5,1871.2,1871.2,-0.02,29.88,55143.01,-1
2025-02-27,2025-02-27 12:29:00,1871.2,1871.2,1870.91,1870.91,-0.02,29.88,55143.01,-1
2025-02-27,2025-02-27 12:30:00,1870.91,1870.91,1870.62,1870.62,-0.02,29.88,55143.01,-1
2025-02-27,2025-02-27 12:31:00,1870.62,1870.62,1870.33,1870.33,-0.02,29.88,55143.01,-1
2025-02-27,2025-02-27 12:32:00,1870.33,1870.33,1870.04,1870.04,-0.02,29.88,55143.01,-1
2025-02-27,2025-02-27 12:33:00,1870.04,1870.04,1869.74,1869.74,-0.02,29.88,55143.01,-1
2025-02-27,2025-02-27 12:34:00,1869.74,1869.74,1869.45,1869.45,-0.02,29.88,55143.01,-1
2025-02-27,2025-02-27 12:35:00,1869.45,1869.45,1869.16,1869.16,-0.02,29.88,55143.01,-1
2025-02-27,2025-02-27 12:36:00,1869.16,1869.16,1868.87,1868.87,-0.02,29.88,55143.01,-1
2025-02-27,2025-02-27 12:37:00,1868.87,1868.87,1868.58,1868.58,-0.02,29.88,55143.01,-1
2025-02-27,2025-02-27 12:38:00,1868.58,1868.58,1868.28,1868.28,-0.02,29.88,55143.01,-1
2025-02-27,2025-02-27 12:39:00,1868.28,1868.28,1867.99,1867.99,-0.02,29.88,55143.01,-1
2025-02-27,2025-02-27 12:40:00,1867.99,1867.99,1867.7,1867.7,-0.02,29.88,55143.01,-1
2025-02-27,2025-02-27 12:41:00,1867.7,1867.7,1867.41,1867.41,-0.02,29.88,55143.01,-1
2025-02-27,2025-02-27 12:42:00,1867.41,1867.41,1867.12,1867.12,-0.02,29.88,55143.01,-1
2025-02-27,2025-02-27 12:43:00,1867.12,1867.12,1866.82,1866.82,-0.02,29.88,55143.01,-1
2025-02-27,2025-02-27 12:44:00,1866.82,1866.82,1866.53,1866.53,-0.02,29.88,55143.01,-1
2025-02-27,2025-02-27 12:45:00,1866.53,1866.53,1866.24,1866.24,-0.02,29.88,55143.01,-1
2025-02-27,2025-02-27 12:46:00,1866.24,1866.24,1865.95,1865.95,-0.02,29.88,55143.01,-1
2025-02-27,2025-02-27 12:47:00,1865.95,1865.95,1865.65,1865.65,-0.02,29.88,55143.01,-1
2025-02-27,2025-02-27 12:48:00,1865.65,1865.65,1865.36,1865.36,-0.02,29.88,55143.01,-1
2025-02-27,2025-02-27 12:49:00,1865.36,1865.36,1865.07,1865.07,-0.02,29.88,55143.01,-1
2025-02-27,2025-02-27 12:50:00,1865.07,1865.07,1864.78,1864.78,-0.02,29.88,55143.01,-1
2025-02-27,2025-02-27 12:51:00,1864.78,1864.78,1864.49,1864.49,-0.02,29.88,55143.01,-1
2025-02-27,2025-02-27 12:52:00,1864.49,1864.49,1864.19,1864.19,-0.02,29.88,55143.01,-1
2025-02-27,2025-02-27 12:53:00,1864.19,1864.19,1863.9,1863.9,-0.02,29.88,55143.01,-1
2025-02-27,2025-02-27 12:54:00,1863.9,1863.9,1863.61,1863.61,-0.02,29.88,55143.01,-1
2025-02-27,2025-02-27 12:55:00,1863.61,1863.61,1863.32,1863.32,-0.02,29.88,55143.01,-1
2025-02-27,2025-02-27 12:56:00,1863.32,1863.32,1863.03,1863.03,-0.02,29.88,55143.01,-1
2025-02-27,2025-02-27 12:57:00,1863.03,1863.03,1862.73,1862.73,-0.02,29.88,55143.01,-1
2025-02-27,2025-02-27 12:58:00,1862.73,1862.73,1862.44,1862.44,-0.02,29.88,55143.01,-1
2025-02-27,2025-02-27 12:59:00,1862.44,1862.44,1862.15,1862.15,-0.02,29.88,55143.01,-1
2025-02-27,2025-02-27 13:00:00,1862.15,1897.2,1826.0,1861.86,-0.02,29.88,55143.01,-1
2025-02-27,2025-02-27 13:01:00,1861.86,1861.86,1861.57,1861.57,-0.02,29.88,55143.01,-1
2025-02-27,2025-02-27 13:02:00,1861.57,1861.57,1861.27,1861.27,-0.02,29.88,55143.01,-1
2025-02-27,2025-02-27 13:03:00,1861.27,1861.27,1860.98,1860.98,-0.02,29.88,55143.01,-1
2025-02-27,2025-02-27 13:04:00,1860.98,1860.98,1860.69,1860.69,-0.02,29.88,55143.01,-1
2025-02-27,2025-02-27 13:05:00,1860.69,1860.69,1860.4,1860.4,-0.02,29.88,55143.01,-1
2025-02-27,2025-02-27 13:06:00,1860.4,1860.4,1860.11,1860.11,-0.02,29.88,55143.01,-1
2025-02-27,2025-02-27 13:07:00,1860.11,1860.11,1859.81,1859.81,-0.02,29.88,55143.01,-1
2025-02-27,2025-02-27 13:08:00,1859.81,1859.81,1859.52,1859.52,-0.02,29.88,55143.01,-1
2025-02-27,2025-02-27 13:09:00,1859.52,1859.52,1859.23,1859.23,-0.02,29.88,55143.01,-1
2025-02-27,2025-02-27 13:10:00,1859.23,1859.23,1858.94,1858.94,-0.02,29.88,55143.01,-1
2025-02-27,2025-02-27 13:11:00,1858.94,1858.94,1858.64,1858.64,-0.02,29.88,55143.01,-1
2025-02-27,2025-02-27 13:12:00,1858.64,1858.64,1858.35,1858.35,-0.02,29.88,55143.01,-1
2025-02-27,2025-02-27 13:13:00,1858.35,1858.35,1858.06,1858.06,-0.02,29.88,55143.01,-1
2025-02-27,2025-02-27 13:14:00,1858.06,1858.06,1857.77,1857.77,-0.02,29.88,55143.01,-1
2025-02-27,2025-02-27 13:15:00,1857.77,1857.77,1857.48,1857.48,-0.02,29.88,55143.01,-1
2025-02-27,2025-02-27 13:16:00,1857.48,1857.48,1857.18,1857.18,-0.02,29.88,55143.01,-1
2025-02-27,2025-02-27 13:17:00,1857.18,1857.18,1856.89,1856.89,-0.02,29.88,55143.01,-1
2025-02-27,2025-02-27 13:18:00,1856.89,1856.89,1856.6,1856.6,-0.02,29.88,55143.01,-1
2025-02-27,2025-02-27 13:19:00,1856.6,1856.6,1856.31,1856.31,-0.02,29.88,55143.01,-1
2025-02-27,2025-02-27 13:20:00,1856.31,1856.31,1856.02,1856.02,-0.02,29.88,55143.01,-1
2025-02-27,2025-02-27 13:21:00,1856.02,1856.02,1855.72,1855.72,-0.02,29.88,55143.01,-1
2025-02-27,2025-02-27 13:22:00,1855.72,1855.72,1855.43,1855.43,-0.02,29.88,55143.01,-1
2025-02-27,2025-02-27 13:23:00,1855.43,1855.43,1855.14,1855.14,-0.02,29.88,55143.01,-1
2025-02-27,2025-02-27 13:24:00,1855.14,1855.14,1854.85,1854.85,-0.02,29.88,55143.01,-1
2025-02-27,2025-02-27 13:25:00,1854.85,1854.85,1854.56,1854.56,-0.02,29.88,55143.01,-1
2025-02-27,2025-02-27 13:26:00,1854.56,1854.56,1854.26,1854.26,-0.02,29.88,55143.01,-1
2025-02-27,2025-02-27 13:27:00,1854.26,1854.26,1853.97,1853.97,-0.02,29.88,55143.01,-1
2025-02-27,2025-02-27 13:28:00,1853.97,1853.97,1853.68,1853.68,-0.02,29.88,55143.01,-1
2025-02-27,2025-02-27 13:29:00,1853.68,1853.68,1853.39,1853.39,-0.02,29.88,55143.01,-1
2025-02-27,2025-02-27 13:30:00,1853.39,1853.39,1853.1,1853.1,-0.02,29.88,55143.01,-1
2025-02-27,2025-02-27 13:31:00,1853.1,1853.1,1852.8,1852.8,-0.02,29.88,55143.01,-1
2025-02-27,2025-02-27 13:32:00,1852.8,1852.8,1852.51,1852.51,-0.02,29.88,55143.01,-1
2025-02-27,2025-02-27 13:33:00,1852.51,1852.51,1852.22,1852.22,-0.02,29.88,55143.01,-1
2025-02-27,2025-02-27 13:34:00,1852.22,1852.22,1851.93,1851.93,-0.02,29.88,55143.01,-1
2025-02-27,2025-02-27 13:35:00,1851.93,1851.93,1851.63,1851.63,-0.02,29.88,55143.01,-1
2025-02-27,2025-02-27 13:36:00,1851.63,1851.63,1851.34,1851.34,-0.02,29.88,55143.01,-1
2025-02-27,2025-02-27 13:37:00,1851.34,1851.34,1851.05,1851.05,-0.02,29.88,55143.01,-1
2025-02-27,2025-02-27 13:38:00,1851.05,1851.05,1850.76,1850.76,-0.02,29.88,55143.01,-1
2025-02-27,2025-02-27 13:39:00,1850.76,1850.76,1850.47,1850.47,-0.02,29.88,55143.01,-1
2025-02-27,2025-02-27 13:40:00,1850.47,1850.47,1850.17,1850.17,-0.02,29.88,55143.01,-1
2025-02-27,2025-02-27 13:41:00,1850.17,1850.17,1849.88,1849.88,-0.02,29.88,55143.01,-1
2025-02-27,2025-02-27 13:42:00,1849.88,1849.88,1849.59,1849.59,-0.02,29.88,55143.01,-1
2025-02-27,2025-02-27 13:43:00,1849.59,1849.59,1849.3,1849.3,-0.02,29.88,55143.01,-1
2025-02-27,2025-02-27 13:44:00,1849.3,1849.3,1849.01,1849.01,-0.02,29.88,55143.01,-1
2025-02-27,2025-02-27 13:45:00,1849.01,1849.01,1848.71,1848.71,-0.02,29.88,55143.01,-1
2025-02-27,2025-02-27 13:46:00,1848.71,1848.71,1848.42,1848.42,-0.02,29.88,55143.01,-1
2025-02-27,2025-02-27 13:47:00,1848.42,1848.42,1848.13,1848.13,-0.02,29.88,55143.01,-1
2025-02-27,2025-02-27 13:48:00,1848.13,1848.13,1847.84,1847.84,-0.02,29.88,55143.01,-1
2025-02-27,2025-02-27 13:49:00,1847.84,1847.84,1847.55,1847.55,-0.02,29.88,55143.01,-1
2025-02-27,2025-02-27 13:50:00,1847.55,1847.55,1847.25,1847.25,-0.02,29.88,55143.01,-1
2025-02-27,2025-02-27 13:51:00,1847.25,1847.25,1846.96,1846.96,-0.02,29.88,55143.01,-1
2025-02-27,2025-02-27 13:52:00,1846.96,1846.96,1846.67,1846.67,-0.02,29.88,55143.01,-1
2025-02-27,2025-02-27 13:53:00,1846.67,1846.67,1846.38,1846.38,-0.02,29.88,55143.01,-1
2025-02-27,2025-02-27 13:54:00,1846.38,1846.38,1846.09,1846.09,-0.02,29.88,55143.01,-1
2025-02-27,2025-02-27 13:55:00,1846.09,1846.09,1845.79,1845.79,-0.02,29.88,55143.01,-1
2025-02-27,2025-02-27 13:56:00,1845.79,1845.79,1845.5,1845.5,-0.02,29.88,55143.01,-1
2025-02-27,2025-02-27 13:57:00,1845.5,1845.5,1845.21,1845.21,-0.02,29.88,55143.01,-1
2025-02-27,2025-02-27 13:58:00,1845.21,1845.21,1844.92,1844.92,-0.02,29.88,55143.01,-1
2025-02-27,2025-02-27 13:59:00,1844.92,1844.92,1844.62,1844.62,-0.02,29.88,55143.01,-1
2025-02-27,2025-02-27 14:00:00,1844.62,1844.62,1844.33,1844.33,-0.02,29.88,55143.01,-1
2025-02-27,2025-02-27 14:01:00,1844.33,1844.33,1844.04,1844.04,-0.02,29.88,55143.01,-1
2025-02-27,2025-02-27 14:02:00,1844.04,1844.04,1843.75,1843.75,-0.02,29.88,55143.01,-1
2025-02-27,2025-02-27 14:03:00,1843.75,1843.75,1843.46,1843.46,-0.02,29.88,55143.01,-1
2025-02-27,2025-02-27 14:04:00,1843.46,1843.46,1843.16,1843.16,-0.02,29.88,55143.01,-1
2025-02-27,2025-02-27 14:05:00,1843.16,1843.16,1842.87,1842.87,-0.02,29.88,55143.01,-1
2025-02-27,2025-02-27 14:06:00,1842.87,1842.87,1842.58,1842.58,-0.02,29.88,55143.01,-1
2025-02-27,2025-02-27 14:07:00,1842.58,1842.58,1842.29,1842.29,-0.02,29.88,55143.01,-1
2025-02-27,2025-02-27 14:08:00,1842.29,1842.29,1842.0,1842.0,-0.02,29.88,55143.01,-1
2025-02-27,2025-02-27 14:09:00,1842.0,1842.0,1841.7,1841.7,-0.02,29.88,55143.01,-1
2025-02-27,2025-02-27 14:10:00,1841.7,1841.7,1841.41,1841.41,-0.02,29.88,55143.01,-1
2025-02-27,2025-02-27 14:11:00,1841.41,1841.41,1841.12,1841.12,-0.02,29.88,55143.01,-1
2025-02-27,2025-02-27 14:12:00,1841.12,1841.12,1840.83,1840.83,-0.02,29.88,55143.01,-1
2025-02-27,2025-02-27 14:13:00,1840.83,1840.83,1840.54,1840.54,-0.02,29.88,55143.01,-1
2025-02-27,2025-02-27 14:14:00,1840.54,1840.54,1840.24,1840.24,-0.02,29.88,55143.01,-1
2025-02-27,2025-02-27 14:15:00,1840.24,1840.24,1839.95,1839.95,-0.02,29.88,55143.01,-1
2025-02-27,2025-02-27 14:16:00,1839.95,1839.95,1839.66,1839.66,-0.02,29.88,55143.01,-1
2025-02-27,2025-02-27 14:17:00,1839.66,1839.66,1839.37,1839.37,-0.02,29.88,55143.01,-1
2025-02-27,2025-02-27 14:18:00,1839.37,1839.37,1839.08,1839.08,-0.02,29.88,55143.01,-1
2025-02-27,2025-02-27 14:19:00,1839.08,1839.08,1838.78,1838.78,-0.02,29.88,55143.01,-1
2025-02-27,2025-02-27 14:20:00,1838.78,1838.78,1838.49,1838.49,-0.02,29.88,55143.01,-1
2025-02-27,2025-02-27 14:21:00,1838.49,1838.49,1838.2,1838.2,-0.02,29.88,55143.01,-1
2025-02-27,2025-02-27 14:22:00,1838.2,1838.2,1837.91,1837.91,-0.02,29.88,55143.01,-1
2025-02-27,2025-02-27 14:23:00,1837.91,1837.91,1837.62,1837.62,-0.02,29.88,55143.01,-1
2025-02-27,2025-02-27 14:24:00,1837.62,1837.62,1837.32,1837.32,-0.02,29.88,55143.01,-1
2025-02-27,2025-02-27 14:25:00,1837.32,1837.32,1837.03,1837.03,-0.02,29.88,55143.01,-1
2025-02-27,2025-02-27 14:26:00,1837.03,1837.03,1836.74,1836.74,-0.02,29.88,55143.01,-1
2025-02-27,2025-02-27 14:27:00,1836.74,1836.74,1836.45,1836.45,-0.02,29.88,55143.01,-1
2025-02-27,2025-02-27 14:28:00,1836.45,1836.45,1836.15,1836.15,-0.02,29.88,55143.01,-1
2025-02-27,2025-02-27 14:29:00,1836.15,1836.15,1835.86,1835.86,-0.02,29.88,55143.01,-1
2025-02-27,2025-02-27 14:30:00,1835.86,1835.86,1835.57,1835.57,-0.02,29.88,55143.01,-1
2025-02-27,2025-02-27 14:31:00,1835.57,1835.57,1835.28,1835.28,-0.02,29.88,55143.01,-1
2025-02-27,2025-02-27 14:32:00,1835.28,1835.28,1834.99,1834.99,-0.02,29.88,55143.01,-1
2025-02-27,2025-02-27 14:33:00,1834.99,1834.99,1834.69,1834.69,-0.02,29.88,55143.01,-1
2025-02-27,2025-02-27 14:34:00,1834.69,1834.69,1834.4,1834.4,-0.02,29.88,55143.01,-1
2025-02-27,2025-02-27 14:35:00,1834.4,1834.4,1834.11,1834.11,-0.02,29.88,55143.01,-1
2025-02-27,2025-02-27 14:36:00,1834.11,1834.11,1833.82,1833.82,-0.02,29.88,55143.01,-1
2025-02-27,2025-02-27 14:37:00,1833.82,1833.82,1833.53,1833.53,-0.02,29.88,55143.01,-1
2025-02-27,2025-02-27 14:38:00,1833.53,1833.53,1833.23,1833.23,-0.02,29.88,55143.01,-1
2025-02-27,2025-02-27 14:39:00,1833.23,1833.23,1832.94,1832.94,-0.02,29.88,55143.01,-1
2025-02-27,2025-02-27 14:40:00,1832.94,1832.94,1832.65,1832.65,-0.02,29.88,55143.01,-1
2025-02-27,2025-02-27 14:41:00,1832.65,1832.65,1832.36,1832.36,-0.02,29.88,55143.01,-1
2025-02-27,2025-02-27 14:42:00,1832.36,1832.36,1832.07,1832.07,-0.02,29.88,55143.01,-1
2025-02-27,2025-02-27 14:43:00,1832.07,1832.07,1831.77,1831.77,-0.02,29.88,55143.01,-1
2025-02-27,2025-02-27 14:44:00,1831.77,1831.77,1831.48,1831.48,-0.02,29.88,55143.01,-1
2025-02-27,2025-02-27 14:45:00,1831.48,1831.48,1831.19,1831.19,-0.02,29.88,55143.01,-1
2025-02-27,2025-02-27 14:46:00,1831.19,1831.19,1830.9,1830.9,-0.02,29.88,55143.01,-1
2025-02-27,2025-02-27 14:47:00,1830.9,1830.9,1830.61,1830.61,-0.02,29.88,55143.01,-1
2025-02-27,2025-02-27 14:48:00,1830.61,1830.61,1830.31,1830.31,-0.02,29.88,55143.01,-1
2025-02-27,2025-02-27 14:49:00,1830.31,1830.31,1830.02,1830.02,-0.02,29.88,55143.01,-1
2025-02-27,2025-02-27 14:50:00,1830.02,1830.02,1829.73,1829.73,-0.02,29.88,55143.01,-1
2025-02-27,2025-02-27 14:51:00,1829.73,1829.73,1829.44,1829.44,-0.02,29.88,55143.01,-1
2025-02-27,2025-02-27 14:52:00,1829.44,1829.44,1829.14,1829.14,-0.02,29.88,55143.01,-1
2025-02-27,2025-02-27 14:53:00,1829.14,1829.14,1828.85,1828.85,-0.02,29.88,55143.01,-1
2025-02-27,2025-02-27 14:54:00,1828.85,1828.85,1828.56,1828.56,-0.02,29.88,55143.01,-1
2025-02-27,2025-02-27 14:55:00,1828.56,1828.56,1828.27,1828.27,-0.02,29.88,55143.01,-1
2025-02-27,2025-02-27 14:56:00,1828.27,1828.27,1827.98,1827.98,-0.02,29.88,55143.01,-1
2025-02-27,2025-02-27 14:57:00,1827.98,1827.98,1827.68,1827.68,-0.02,29.88,55143.01,-1
2025-02-27,2025-02-27 14:58:00,1827.68,1827.68,1827.39,1827.39,-0.02,29.88,55143.01,-1
2025-02-27,2025-02-27 14:59:00,1827.39,1827.39,1827.1,1827.1,-0.02,29.88,55143.01,-1
2025-02-27,2025-02-27 15:00:00,1827.1,1897.2,1826.0,1827.1,0.0,29.88,55143.01,0
2025-03-02,2025-03-02 11:00:00,1805.0,1845.14,1805.0,1805.19,0.01,29.99,55557.67,1
2025-03-02,2025-03-02 11:01:00,1805.19,1805.39,1805.19,1805.39,0.01,29.99,55557.67,1
2025-03-02,2025-03-02 11:02:00,1805.39,1805.58,1805.39,1805.58,0.01,29.99,55557.67,1
2025-03-02,2025-03-02 11:03:00,1805.58,1805.78,1805.58,1805.78,0.01,29.99,55557.67,1
2025-03-02,2025-03-02 11:04:00,1805.78,1805.97,1805.78,1805.97,0.01,29.99,55557.67,1
2025-03-02,2025-03-02 11:05:00,1805.97,1806.16,1805.97,1806.16,0.01,29.99,55557.67,1
2025-03-02,2025-03-02 11:06:00,1806.16,1806.36,1806.16,1806.36,0.01,29.99,55557.67,1
2025-03-02,2025-03-02 11:07:00,1806.36,1806.55,1806.36,1806.55,0.01,29.99,55557.67,1
2025-03-02,2025-03-02 11:08:00,1806.55,1806.74,1806.55,1806.74,0.01,29.99,55557.67,1
2025-03-02,2025-03-02 11:09:00,1806.74,1806.94,1806.74,1806.94,0.01,29.99,55557.67,1
2025-03-02,2025-03-02 11:10:00,1806.94,1807.13,1806.94,1807.13,0.01,29.99,55557.67,1
2025-03-02,2025-03-02 11:11:00,1807.13,1807.33,1807.13,1807.33,0.01,29.99,55557.67,1
2025-03-02,2025-03-02 11:12:00,1807.33,1807.52,1807.33,1807.52,0.01,29.99,55557.67,1
2025-03-02,2025-03-02 11:13:00,1807.52,1807.71,1807.52,1807.71,0.01,29.99,55557.67,1
2025-03-02,2025-03-02 11:14:00,1807.71,1807.91,1807.71,1807.91,0.01,29.99,55557.67,1
2025-03-02,2025-03-02 11:15:00,1807.91,1808.1,1807.91,1808.1,0.01,29.99,55557.67,1
2025-03-02,2025-03-02 11:16:00,1808.1,1808.29,1808.1,1808.29,0.01,29.99,55557.67,1
2025-03-02,2025-03-02 11:17:00,1808.29,1808.49,1808.29,1808.49,0.01,29.99,55557.67,1
2025-03-02,2025-03-02 11:18:00,1808.49,1808.68,1808.49,1808.68,0.01,29.99,55557.67,1
2025-03-02,2025-03-02 11:19:00,1808.68,1808.88,1808.68,1808.88,0.01,29.99,55557.67,1
2025-03-02,2025-03-02 11:20:00,1808.88,1809.07,1808.88,1809.07,0.01,29.99,55557.67,1
2025-03-02,2025-03-02 11:21:00,1809.07,1809.26,1809.07,1809.26,0.01,29.99,55557.67,1
2025-03-02,2025-03-02 11:22:00,1809.26,1809.46,1809.26,1809.46,0.01,29.99,55557.67,1
2025-03-02,2025-03-02 11:23:00,1809.46,1809.65,1809.46,1809.65,0.01,29.99,55557.67,1
2025-03-02,2025-03-02 11:24:00,1809.65,1809.84,1809.65,1809.84,0.01,29.99,55557.67,1
2025-03-02,2025-03-02 11:25:00,1809.84,1810.04,1809.84,1810.04,0.01,29.99,55557.67,1
2025-03-02,2025-03-02 11:26:00,1810.04,1810.23,1810.04,1810.23,0.01,29.99,55557.67,1
2025-03-02,2025-03-02 11:27:00,1810.23,1810.42,1810.23,1810.42,0.01,29.99,55557.67,1
2025-03-02,2025-03-02 11:28:00,1810.42,1810.62,1810.42,1810.62,0.01,29.99,55557.67,1
2025-03-02,2025-03-02 11:29:00,1810.62,1810.81,1810.62,1810.81,0.01,29.99,55557.67,1
2025-03-02,2025-03-02 11:30:00,1810.81,1811.01,1810.81,1811.01,0.01,29.99,55557.67,1
2025-03-02,2025-03-02 11:31:00,1811.01,1811.2,1811.01,1811.2,0.01,29.99,55557.67,1
2025-03-02,2025-03-02 11:32:00,1811.2,1811.39,1811.2,1811.39,0.01,29.99,55557.67,1
2025-03-02,2025-03-02 11:33:00,1811.39,1811.59,1811.39,1811.59,0.01,29.99,55557.67,1
2025-03-02,2025-03-02 11:34:00,1811.59,1811.78,1811.59,1811.78,0.01,29.99,55557.67,1
2025-03-02,2025-03-02 11:35:00,1811.78,1811.97,1811.78,1811.97,0.01,29.99,55557.67,1
2025-03-02,2025-03-02 11:36:00,1811.97,1812.17,1811.97,1812.17,0.01,29.99,55557.67,1
2025-03-02,2025-03-02 11:37:00,1812.17,1812.36,1812.17,1812.36,0.01,29.99,55557.67,1
2025-03-02,2025-03-02 11:38:00,1812.36,1812.56,1812.36,1812.56,0.01,29.99,55557.67,1
2025-03-02,2025-03-02 11:39:00,1812.56,1812.75,1812.56,1812.75,0.01,29.99,55557.67,1
2025-03-02,2025-03-02 11:40:00,1812.75,1812.94,1812.75,1812.94,0.01,29.99,55557.67,1
2025-03-02,2025-03-02 11:41:00,1812.94,1813.14,1812.94,1813.14,0.01,29.99,55557.67,1
2025-03-02,2025-03-02 11:42:00,1813.14,1813.33,1813.14,1813.33,0.01,29.99,55557.67,1
2025-03-02,2025-03-02 11:43:00,1813.33,1813.53,1813.33,1813.53,0.01,29.99,55557.67,1
2025-03-02,2025-03-02 11:44:00,1813.53,1813.72,1813.53,1813.72,0.01,29.99,55557.67,1
2025-03-02,2025-03-02 11:45:00,1813.72,1813.91,1813.72,1813.91,0.01,29.99,55557.67,1
2025-03-02,2025-03-02 11:46:00,1813.91,1814.11,1813.91,1814.11,0.01,29.99,55557.67,1
2025-03-02,2025-03-02 11:47:00,1814.11,1814.3,1814.11,1814.3,0.01,29.99,55557.67,1
2025-03-02,2025-03-02 11:48:00,1814.3,1814.49,1814.3,1814.49,0.01,29.99,55557.67,1
2025-03-02,2025-03-02 11:49:00,1814.49,1814.69,1814.49,1814.69,0.01,29.99,55557.67,1
2025-03-02,2025-03-02 11:50:00,1814.69,1814.88,1814.69,1814.88,0.01,29.99,55557.67,1
2025-03-02,2025-03-02 11:51:00,1814.88,1815.08,1814.88,1815.08,0.01,29.99,55557.67,1
2025-03-02,2025-03-02 11:52:00,1815.08,1815.27,1815.08,1815.27,0.01,29.99,55557.67,1
2025-03-02,2025-03-02 11:53:00,1815.27,1815.46,1815.27,1815.46,0.01,29.99,55557.67,1
2025-03-02,2025-03-02 11:54:00,1815.46,1815.66,1815.46,1815.66,0.01,29.99,55557.67,1
2025-03-02,2025-03-02 11:55:00,1815.66,1815.85,1815.66,1815.85,0.01,29.99,55557.67,1
2025-03-02,2025-03-02 11:56:00,1815.85,1816.04,1815.85,1816.04,0.01,29.99,55557.67,1
2025-03-02,2025-03-02 11:57:00,1816.04,1816.24,1816.04,1816.24,0.01,29.99,55557.67,1
2025-03-02,2025-03-02 11:58:00,1816.24,1816.43,1816.24,1816.43,0.01,29.99,55557.67,1
2025-03-02,2025-03-02 11:59:00,1816.43,1816.62,1816.43,1816.62,0.01,29.99,55557.67,1
2025-03-02,2025-03-02 12:00:00,1816.62,1816.82,1816.62,1816.82,0.01,29.99,55557.67,1
2025-03-02,2025-03-02 12:01:00,1816.82,1817.01,1816.82,1817.01,0.01,29.99,55557.67,1
2025-03-02,2025-03-02 12:02:00,1817.01,1817.21,1817.01,1817.21,0.01,29.99,55557.67,1
2025-03-02,2025-03-02 12:03:00,1817.21,1817.4,1817.21,1817.4,0.01,29.99,55557.67,1
2025-03-02,2025-03-02 12:04:00,1817.4,1817.59,1817.4,1817.59,0.01,29.99,55557.67,1
2025-03-02,2025-03-02 12:05:00,1817.59,1817.79,1817.59,1817.79,0.01,29.99,55557.67,1
2025-03-02,2025-03-02 12:06:00,1817.79,1817.98,1817.79,1817.98,0.01,29.99,55557.67,1
2025-03-02,2025-03-02 12:07:00,1817.98,1818.17,1817.98,1818.17,0.01,29.99,55557.67,1
2025-03-02,2025-03-02 12:08:00,1818.17,1818.37,1818.17,1818.37,0.01,29.99,55557.67,1
2025-03-02,2025-03-02 12:09:00,1818.37,1818.56,1818.37,1818.56,0.01,29.99,55557.67,1
2025-03-02,2025-03-02 12:10:00,1818.56,1818.76,1818.56,1818.76,0.01,29.99,55557.67,1
2025-03-02,2025-03-02 12:11:00,1818.76,1818.95,1818.76,1818.95,0.01,29.99,55557.67,1
2025-03-02,2025-03-02 12:12:00,1818.95,1819.14,1818.95,1819.14,0.01,29.99,55557.67,1
2025-03-02,2025-03-02 12:13:00,1819.14,1819.34,1819.14,1819.34,0.01,29.99,55557.67,1
2025-03-02,2025-03-02 12:14:00,1819.34,1819.53,1819.34,1819.53,0.01,29.99,55557.67,1
2025-03-02,2025-03-02 12:15:00,1819.53,1819.72,1819.53,1819.72,0.01,29.99,55557.67,1
2025-03-02,2025-03-02 12:16:00,1819.72,1819.92,1819.72,1819.92,0.01,29.99,55557.67,1
2025-03-02,2025-03-02 12:17:00,1819.92,1820.11,1819.92,1820.11,0.01,29.99,55557.67,1
2025-03-02,2025-03-02 12:18:00,1820.11,1820.31,1820.11,1820.31,0.01,29.99,55557.67,1
2025-03-02,2025-03-02 12:19:00,1820.31,1820.5,1820.31,1820.5,0.01,29.99,55557.67,1
2025-03-02,2025-03-02 12:20:00,1820.5,1820.69,1820.5,1820.69,0.01,29.99,55557.67,1
2025-03-02,2025-03-02 12:21:00,1820.69,1820.89,1820.69,1820.89,0.01,29.99,55557.67,1
2025-03-02,2025-03-02 12:22:00,1820.89,1821.08,1820.89,1821.08,0.01,29.99,55557.67,1
2025-03-02,2025-03-02 12:23:00,1821.08,1821.28,1821.08,1821.28,0.01,29.99,55557.67,1
2025-03-02,2025-03-02 12:24:00,1821.28,1821.47,1821.28,1821.47,0.01,29.99,55557.67,1
2025-03-02,2025-03-02 12:25:00,1821.47,1821.66,1821.47,1821.66,0.01,29.99,55557.67,1
2025-03-02,2025-03-02 12:26:00,1821.66,1821.86,1821.66,1821.86,0.01,29.99,55557.67,1
2025-03-02,2025-03-02 12:27:00,1821.86,1822.05,1821.86,1822.05,0.01,29.99,55557.67,1
2025-03-02,2025-03-02 12:28:00,1822.05,1822.24,1822.05,1822.24,0.01,29.99,55557.67,1
2025-03-02,2025-03-02 12:29:00,1822.24,1822.44,1822.24,1822.44,0.01,29.99,55557.67,1
2025-03-02,2025-03-02 12:30:00,1822.44,1822.63,1822.44,1822.63,0.01,29.99,55557.67,1
2025-03-02,2025-03-02 12:31:00,1822.63,1822.83,1822.63,1822.83,0.01,29.99,55557.67,1
2025-03-02,2025-03-02 12:32:00,1822.83,1823.02,1822.83,1823.02,0.01,29.99,55557.67,1
2025-03-02,2025-03-02 12:33:00,1823.02,1823.21,1823.02,1823.21,0.01,29.99,55557.67,1
2025-03-02,2025-03-02 12:34:00,1823.21,1823.41,1823.21,1823.41,0.01,29.99,55557.67,1
2025-03-02,2025-03-02 12:35:00,1823.41,1823.6,1823.41,1823.6,0.01,29.99,55557.67,1
2025-03-02,2025-03-02 12:36:00,1823.6,1823.79,1823.6,1823.79,0.01,29.99,55557.67,1
2025-03-02,2025-03-02 12:37:00,1823.79,1823.99,1823.79,1823.99,0.01,29.99,55557.67,1
2025-03-02,2025-03-02 12:38:00,1823.99,1824.18,1823.99,1824.18,0.01,29.99,55557.67,1
2025-03-02,2025-03-02 12:39:00,1824.18,1824.38,1824.18,1824.38,0.01,29.99,55557.67,1
2025-03-02,2025-03-02 12:40:00,1824.38,1824.57,1824.38,1824.57,0.01,29.99,55557.67,1
2025-03-02,2025-03-02 12:41:00,1824.57,1824.76,1824.57,1824.76,0.01,29.99,55557.67,1
2025-03-02,2025-03-02 12:42:00,1824.76,1824.96,1824.76,1824.96,0.01,29.99,55557.67,1
2025-03-02,2025-03-02 12:43:00,1824.96,1825.15,1824.96,1825.15,0.01,29.99,55557.67,1
2025-03-02,2025-03-02 12:44:00,1825.15,1825.34,1825.15,1825.34,0.01,29.99,55557.67,1
2025-03-02,2025-03-02 12:45:00,1825.34,1825.54,1825.34,1825.54,0.01,29.99,55557.67,1
2025-03-02,2025-03-02 12:46:00,1825.54,1825.73,1825.54,1825.73,0.01,29.99,55557.67,1
2025-03-02,2025-03-02 12:47:00,1825.73,1825.92,1825.73,1825.92,0.01,29.99,55557.67,1
2025-03-02,2025-03-02 12:48:00,1825.92,1826.12,1825.92,1826.12,0.01,29.99,55557.67,1
2025-03-02,2025-03-02 12:49:00,1826.12,1826.31,1826.12,1826.31,0.01,29.99,55557.67,1
2025-03-02,2025-03-02 12:50:00,1826.31,1826.51,1826.31,1826.51,0.01,29.99,55557.67,1
2025-03-02,2025-03-02 12:51:00,1826.51,1826.7,1826.51,1826.7,0.01,29.99,55557.67,1
2025-03-02,2025-03-02 12:52:00,1826.7,1826.89,1826.7,1826.89,0.01,29.99,55557.67,1
2025-03-02,2025-03-02 12:53:00,1826.89,1827.09,1826.89,1827.09,0.01,29.99,55557.67,1
2025-03-02,2025-03-02 12:54:00,1827.09,1827.28,1827.09,1827.28,0.01,29.99,55557.67,1
2025-03-02,2025-03-02 12:55:00,1827.28,1827.47,1827.28,1827.47,0.01,29.99,55557.67,1
2025-03-02,2025-03-02 12:56:00,1827.47,1827.67,1827.47,1827.67,0.01,29.99,55557.67,1
2025-03-02,2025-03-02 12:57:00,1827.67,1827.86,1827.67,1827.86,0.01,29.99,55557.67,1
2025-03-02,2025-03-02 12:58:00,1827.86,1828.06,1827.86,1828.06,0.01,29.99,55557.67,1
2025-03-02,2025-03-02 12:59:00,1828.06,1828.25,1828.06,1828.25,0.01,29.99,55557.67,1
2025-03-02,2025-03-02 13:00:00,1828.25,1938.8,1805.0,1828.44,0.01,29.99,55557.67,1
2025-03-02,2025-03-02 13:01:00,1828.44,1828.64,1828.44,1828.64,0.01,29.99,55557.67,1
2025-03-02,2025-03-02 13:02:00,1828.64,1828.83,1828.64,1828.83,0.01,29.99,55557.67,1
2025-03-02,2025-03-02 13:03:00,1828.83,1829.03,1828.83,1829.03,0.01,29.99,55557.67,1
2025-03-02,2025-03-02 13:04:00,1829.03,1829.22,1829.03,1829.22,0.01,29.99,55557.67,1
2025-03-02,2025-03-02 13:05:00,1829.22,1829.41,1829.22,1829.41,0.01,29.99,55557.67,1
2025-03-02,2025-03-02 13:06:00,1829.41,1829.61,1829.41,1829.61,0.01,29.99,55557.67,1
2025-03-02,2025-03-02 13:07:00,1829.61,1829.8,1829.61,1829.8,0.01,29.99,55557.67,1
2025-03-02,2025-03-02 13:08:00,1829.8,1829.99,1829.8,1829.99,0.01,29.99,55557.67,1
2025-03-02,2025-03-02 13:09:00,1829.99,1830.19,1829.99,1830.19,0.01,29.99,55557.67,1
2025-03-02,2025-03-02 13:10:00,1830.19,1830.38,1830.19,1830.38,0.01,29.99,55557.67,1
2025-03-02,2025-03-02 13:11:00,1830.38,1830.58,1830.38,1830.58,0.01,29.99,55557.67,1
2025-03-02,2025-03-02 13:12:00,1830.58,1830.77,1830.58,1830.77,0.01,29.99,55557.67,1
2025-03-02,2025-03-02 13:13:00,1830.77,1830.96,1830.77,1830.96,0.01,29.99,55557.67,1
2025-03-02,2025-03-02 13:14:00,1830.96,1831.16,1830.96,1831.16,0.01,29.99,55557.67,1
2025-03-02,2025-03-02 13:15:00,1831.16,1831.35,1831.16,1831.35,0.01,29.99,55557.67,1
2025-03-02,2025-03-02 13:16:00,1831.35,1831.54,1831.35,1831.54,0.01,29.99,55557.67,1
2025-03-02,2025-03-02 13:17:00,1831.54,1831.74,1831.54,1831.74,0.01,29.99,55557.67,1
2025-03-02,2025-03-02 13:18:00,1831.74,1831.93,1831.74,1831.93,0.01,29.99,55557.67,1
2025-03-02,2025-03-02 13:19:00,1831.93,1832.12,1831.93,1832.12,0.01,29.99,55557.67,1
2025-03-02,2025-03-02 13:20:00,1832.12,1832.32,1832.12,1832.32,0.01,29.99,55557.67,1
2025-03-02,2025-03-02 13:21:00,1832.32,1832.51,1832.32,1832.51,0.01,29.99,55557.67,1
2025-03-02,2025-03-02 13:22:00,1832.51,1832.71,1832.51,1832.71,0.01,29.99,55557.67,1
2025-03-02,2025-03-02 13:23:00,1832.71,1832.9,1832.71,1832.9,0.01,29.99,55557.67,1
2025-03-02,2025-03-02 13:24:00,1832.9,1833.09,1832.9,1833.09,0.01,29.99,55557.67,1
2025-03-02,2025-03-02 13:25:00,1833.09,1833.29,1833.09,1833.29,0.01,29.99,55557.67,1
2025-03-02,2025-03-02 13:26:00,1833.29,1833.48,1833.29,1833.48,0.01,29.99,55557.67,1
2025-03-02,2025-03-02 13:27:00,1833.48,1833.67,1833.48,1833.67,0.01,29.99,55557.67,1
2025-03-02,2025-03-02 13:28:00,1833.67,1833.87,1833.67,1833.87,0.01,29.99,55557.67,1
2025-03-02,2025-03-02 13:29:00,1833.87,1834.06,1833.87,1834.06,0.01,29.99,55557.67,1
2025-03-02,2025-03-02 13:30:00,1834.06,1834.26,1834.06,1834.26,0.01,29.99,55557.67,1
2025-03-02,2025-03-02 13:31:00,1834.26,1834.45,1834.26,1834.45,0.01,29.99,55557.67,1
2025-03-02,2025-03-02 13:32:00,1834.45,1834.64,1834.45,1834.64,0.01,29.99,55557.67,1
2025-03-02,2025-03-02 13:33:00,1834.64,1834.84,1834.64,1834.84,0.01,29.99,55557.67,1
2025-03-02,2025-03-02 13:34:00,1834.84,1835.03,1834.84,1835.03,0.01,29.99,55557.67,1
2025-03-02,2025-03-02 13:35:00,1835.03,1835.22,1835.03,1835.22,0.01,29.99,55557.67,1
2025-03-02,2025-03-02 13:36:00,1835.22,1835.42,1835.22,1835.42,0.01,29.99,55557.67,1
2025-03-02,2025-03-02 13:37:00,1835.42,1835.61,1835.42,1835.61,0.01,29.99,55557.67,1
2025-03-02,2025-03-02 13:38:00,1835.61,1835.81,1835.61,1835.81,0.01,29.99,55557.67,1
2025-03-02,2025-03-02 13:39:00,1835.81,1836.0,1835.81,1836.0,0.01,29.99,55557.67,1
2025-03-02,2025-03-02 13:40:00,1836.0,1836.19,1836.0,1836.19,0.01,29.99,55557.67,1
2025-03-02,2025-03-02 13:41:00,1836.19,1836.39,1836.19,1836.39,0.01,29.99,55557.67,1
2025-03-02,2025-03-02 13:42:00,1836.39,1836.58,1836.39,1836.58,0.01,29.99,55557.67,1
2025-03-02,2025-03-02 13:43:00,1836.58,1836.78,1836.58,1836.78,0.01,29.99,55557.67,1
2025-03-02,2025-03-02 13:44:00,1836.78,1836.97,1836.78,1836.97,0.01,29.99,55557.67,1
2025-03-02,2025-03-02 13:45:00,1836.97,1837.16,1836.97,1837.16,0.01,29.99,55557.67,1
2025-03-02,2025-03-02 13:46:00,1837.16,1837.36,1837.16,1837.36,0.01,29.99,55557.67,1
2025-03-02,2025-03-02 13:47:00,1837.36,1837.55,1837.36,1837.55,0.01,29.99,55557.67,1
2025-03-02,2025-03-02 13:48:00,1837.55,1837.74,1837.55,1837.74,0.01,29.99,55557.67,1
2025-03-02,2025-03-02 13:49:00,1837.74,1837.94,1837.74,1837.94,0.01,29.99,55557.67,1
2025-03-02,2025-03-02 13:50:00,1837.94,1838.13,1837.94,1838.13,0.01,29.99,55557.67,1
2025-03-02,2025-03-02 13:51:00,1838.13,1838.33,1838.13,1838.33,0.01,29.99,55557.67,1
2025-03-02,2025-03-02 13:52:00,1838.33,1838.52,1838.33,1838.52,0.01,29.99,55557.67,1
2025-03-02,2025-03-02 13:53:00,1838.52,1838.71,1838.52,1838.71,0.01,29.99,55557.67,1
2025-03-02,2025-03-02 13:54:00,1838.71,1838.91,1838.71,1838.91,0.01,29.99,55557.67,1
2025-03-02,2025-03-02 13:55:00,1838.91,1839.1,1838.91,1839.1,0.01,29.99,55557.67,1
2025-03-02,2025-03-02 13:56:00,1839.1,1839.29,1839.1,1839.29,0.01,29.99,55557.67,1
2025-03-02,2025-03-02 13:57:00,1839.29,1839.49,1839.29,1839.49,0.01,29.99,55557.67,1
2025-03-02,2025-03-02 13:58:00,1839.49,1839.68,1839.49,1839.68,0.01,29.99,55557.67,1
2025-03-02,2025-03-02 13:59:00,1839.68,1839.88,1839.68,1839.88,0.01,29.99,55557.67,1
2025-03-02,2025-03-02 14:00:00,1839.88,1840.07,1839.88,1840.07,0.01,29.99,55557.67,1
2025-03-02,2025-03-02 14:01:00,1840.07,1840.26,1840.07,1840.26,0.01,29.99,55557.67,1
2025-03-02,2025-03-02 14:02:00,1840.26,1840.46,1840.26,1840.46,0.01,29.99,55557.67,1
2025-03-02,2025-03-02 14:03:00,1840.46,1840.65,1840.46,1840.65,0.01,29.99,55557.67,1
2025-03-02,2025-03-02 14:04:00,1840.65,1840.84,1840.65,1840.84,0.01,29.99,55557.67,1
2025-03-02,2025-03-02 14:05:00,1840.84,1841.04,1840.84,1841.04,0.01,29.99,55557.67,1
2025-03-02,2025-03-02 14:06:00,1841.04,1841.23,1841.04,1841.23,0.01,29.99,55557.67,1
2025-03-02,2025-03-02 14:07:00,1841.23,1841.42,1841.23,1841.42,0.01,29.99,55557.67,1
2025-03-02,2025-03-02 14:08:00,1841.42,1841.62,1841.42,1841.62,0.01,29.99,55557.67,1
2025-03-02,2025-03-02 14:09:00,1841.62,1841.81,1841.62,1841.81,0.01,29.99,55557.67,1
2025-03-02,2025-03-02 14:10:00,1841.81,1842.01,1841.81,1842.01,0.01,29.99,55557.67,1
2025-03-02,2025-03-02 14:11:00,1842.01,1842.2,1842.01,1842.2,0.01,29.99,55557.67,1
2025-03-02,2025-03-02 14:12:00,1842.2,1842.39,1842.2,1842.39,0.01,29.99,55557.67,1
2025-03-02,2025-03-02 14:13:00,1842.39,1842.59,1842.39,1842.59,0.01,29.99,55557.67,1
2025-03-02,2025-03-02 14:14:00,1842.59,1842.78,1842.59,1842.78,0.01,29.99,55557.67,1
2025-03-02,2025-03-02 14:15:00,1842.78,1842.97,1842.78,1842.97,0.01,29.99,55557.67,1
2025-03-02,2025-03-02 14:16:00,1842.97,1843.17,1842.97,1843.17,0.01,29.99,55557.67,1
2025-03-02,2025-03-02 14:17:00,1843.17,1843.36,1843.17,1843.36,0.01,29.99,55557.67,1
2025-03-02,2025-03-02 14:18:00,1843.36,1843.56,1843.36,1843.56,0.01,29.99,55557.67,1
2025-03-02,2025-03-02 14:19:00,1843.56,1843.75,1843.56,1843.75,0.01,29.99,55557.67,1
2025-03-02,2025-03-02 14:20:00,1843.75,1843.94,1843.75,1843.94,0.01,29.99,55557.67,1
2025-03-02,2025-03-02 14:21:00,1843.94,1844.14,1843.94,1844.14,0.01,29.99,55557.67,1
2025-03-02,2025-03-02 14:22:00,1844.14,1844.33,1844.14,1844.33,0.01,29.99,55557.67,1
2025-03-02,2025-03-02 14:23:00,1844.33,1844.53,1844.33,1844.53,0.01,29.99,55557.67,1
2025-03-02,2025-03-02 14:24:00,1844.53,1844.72,1844.53,1844.72,0.01,29.99,55557.67,1
2025-03-02,2025-03-02 14:25:00,1844.72,1844.91,1844.72,1844.91,0.01,29.99,55557.67,1
2025-03-02,2025-03-02 14:26:00,1844.91,1845.11,1844.91,1845.11,0.01,29.99,55557.67,1
2025-03-02,2025-03-02 14:27:00,1845.11,1845.3,1845.11,1845.3,0.01,29.99,55557.67,1
2025-03-02,2025-03-02 14:28:00,1845.3,1845.49,1845.3,1845.49,0.01,29.99,55557.67,1
2025-03-02,2025-03-02 14:29:00,1845.49,1845.69,1845.49,1845.69,0.01,29.99,55557.67,1
2025-03-02,2025-03-02 14:30:00,1845.69,1845.88,1845.69,1845.88,0.01,29.99,55557.67,1
2025-03-02,2025-03-02 14:31:00,1845.88,1846.08,1845.88,1846.08,0.01,29.99,55557.67,1
2025-03-02,2025-03-02 14:32:00,1846.08,1846.27,1846.08,1846.27,0.01,29.99,55557.67,1
2025-03-02,2025-03-02 14:33:00,1846.27,1846.46,1846.27,1846.46,0.01,29.99,55557.67,1
2025-03-02,2025-03-02 14:34:00,1846.46,1846.66,1846.46,1846.66,0.01,29.99,55557.67,1
2025-03-02,2025-03-02 14:35:00,1846.66,1846.85,1846.66,1846.85,0.01,29.99,55557.67,1
2025-03-02,2025-03-02 14:36:00,1846.85,1847.04,1846.85,1847.04,0.01,29.99,55557.67,1
2025-03-02,2025-03-02 14:37:00,1847.04,1847.24,1847.04,1847.24,0.01,29.99,55557.67,1
2025-03-02,2025-03-02 14:38:00,1847.24,1847.43,1847.24,1847.43,0.01,29.99,55557.67,1
2025-03-02,2025-03-02 14:39:00,1847.43,1847.62,1847.43,1847.62,0.01,29.99,55557.67,1
2025-03-02,2025-03-02 14:40:00,1847.62,1847.82,1847.62,1847.82,0.01,29.99,55557.67,1
2025-03-02,2025-03-02 14:41:00,1847.82,1848.01,1847.82,1848.01,0.01,29.99,55557.67,1
2025-03-02,2025-03-02 14:42:00,1848.01,1848.21,1848.01,1848.21,0.01,29.99,55557.67,1
2025-03-02,2025-03-02 14:43:00,1848.21,1848.4,1848.21,1848.4,0.01,29.99,55557.67,1
2025-03-02,2025-03-02 14:44:00,1848.4,1848.59,1848.4,1848.59,0.01,29.99,55557.67,1
2025-03-02,2025-03-02 14:45:00,1848.59,1848.79,1848.59,1848.79,0.01,29.99,55557.67,1
2025-03-02,2025-03-02 14:46:00,1848.79,1848.98,1848.79,1848.98,0.01,29.99,55557.67,1
2025-03-02,2025-03-02 14:47:00,1848.98,1849.17,1848.98,1849.17,0.01,29.99,55557.67,1
2025-03-02,2025-03-02 14:48:00,1849.17,1849.37,1849.17,1849.37,0.01,29.99,55557.67,1
2025-03-02,2025-03-02 14:49:00,1849.37,1849.56,1849.37,1849.56,0.01,29.99,55557.67,1
2025-03-02,2025-03-02 14:50:00,1849.56,1849.76,1849.56,1849.76,0.01,29.99,55557.67,1
2025-03-02,2025-03-02 14:51:00,1849.76,1849.95,1849.76,1849.95,0.01,29.99,55557.67,1
2025-03-02,2025-03-02 14:52:00,1849.95,1850.14,1849.95,1850.14,0.01,29.99,55557.67,1
2025-03-02,2025-03-02 14:53:00,1850.14,1850.34,1850.14,1850.34,0.01,29.99,55557.67,1
2025-03-02,2025-03-02 14:54:00,1850.34,1850.53,1850.34,1850.53,0.01,29.99,55557.67,1
2025-03-02,2025-03-02 14:55:00,1850.53,1850.72,1850.53,1850.72,0.01,29.99,55557.67,1
2025-03-02,2025-03-02 14:56:00,1850.72,1850.92,1850.72,1850.92,0.01,29.99,55557.67,1
2025-03-02,2025-03-02 14:57:00,1850.92,1851.11,1850.92,1851.11,0.01,29.99,55557.67,1
2025-03-02,2025-03-02 14:58:00,1851.11,1851.31,1851.11,1851.31,0.01,29.99,55557.67,1
2025-03-02,2025-03-02 14:59:00,1851.31,1851.5,1851.31,1851.5,0.01,29.99,55557.67,1
2025-03-02,2025-03-02 15:00:00,1851.5,1938.8,1805.0,1851.5,0.0,29.99,55557.67,0
2025-03-03,2025-03-03 11:00:00,1886.0,1886.0,1860.2,1885.7,-0.02,37.43,68059.58,-1
2025-03-03,2025-03-03 11:01:00,1885.7,1885.7,1885.41,1885.41,-0.02,37.43,68059.58,-1
2025-03-03,2025-03-03 11:02:00,1885.41,1885.41,1885.11,1885.11,-0.02,37.43,68059.58,-1
2025-03-03,2025-03-03 11:03:00,1885.11,1885.11,1884.82,1884.82,-0.02,37.43,68059.58,-1
2025-03-03,2025-03-03 11:04:00,1884.82,1884.82,1884.52,1884.52,-0.02,37.43,68059.58,-1
2025-03-03,2025-03-03 11:05:00,1884.52,1884.52,1884.22,1884.22,-0.02,37.43,68059.58,-1
2025-03-03,2025-03-03 11:06:00,1884.22,1884.22,1883.93,1883.93,-0.02,37.43,68059.58,-1
2025-03-03,2025-03-03 11:07:00,1883.93,1883.93,1883.63,1883.63,-0.02,37.43,68059.58,-1
2025-03-03,2025-03-03 11:08:00,1883.63,1883.63,1883.34,1883.34,-0.02,37.43,68059.58,-1
2025-03-03,2025-03-03 11:09:00,1883.34,1883.34,1883.04,1883.04,-0.02,37.43,68059.58,-1
2025-03-03,2025-03-03 11:10:00,1883.04,1883.04,1882.75,1882.75,-0.02,37.43,68059.58,-1
2025-03-03,2025-03-03 11:11:00,1882.75,1882.75,1882.45,1882.45,-0.02,37.43,68059.58,-1
2025-03-03,2025-03-03 11:12:00,1882.45,1882.45,1882.15,1882.15,-0.02,37.43,68059.58,-1
2025-03-03,2025-03-03 11:13:00,1882.15,1882.15,1881.86,1881.86,-0.02,37.43,68059.58,-1
2025-03-03,2025-03-03 11:14:00,1881.86,1881.86,1881.56,1881.56,-0.02,37.43,68059.58,-1
2025-03-03,2025-03-03 11:15:00,1881.56,1881.56,1881.27,1881.27,-0.02,37.43,68059.58,-1
2025-03-03,2025-03-03 11:16:00,1881.27,1881.27,1880.97,1880.97,-0.02,37.43,68059.58,-1
2025-03-03,2025-03-03 11:17:00,1880.97,1880.97,1880.67,1880.67,-0.02,37.43,68059.58,-1
2025-03-03,2025-03-03 11:18:00,1880.67,1880.67,1880.38,1880.38,-0.02,37.43,68059.58,-1
2025-03-03,2025-03-03 11:19:00,1880.38,1880.38,1880.08,1880.08,-0.02,37.43,68059.58,-1
2025-03-03,2025-03-03 11:20:00,1880.08,1880.08,1879.79,1879.79,-0.02,37.43,68059.58,-1
2025-03-03,2025-03-03 11:21:00,1879.79,1879.79,1879.49,1879.49,-0.02,37.43,68059.58,-1
2025-03-03,2025-03-03 11:22:00,1879.49,1879.49,1879.2,1879.2,-0.02,37.43,68059.58,-1
2025-03-03,2025-03-03 11:23:00,1879.2,1879.2,1878.9,1878.9,-0.02,37.43,68059.58,-1
2025-03-03,2025-03-03 11:24:00,1878.9,1878.9,1878.6,1878.6,-0.02,37.43,68059.58,-1
2025-03-03,2025-03-03 11:25:00,1878.6,1878.6,1878.31,1878.31,-0.02,37.43,68059.58,-1
2025-03-03,2025-03-03 11:26:00,1878.31,1878.31,1878.01,1878.01,-0.02,37.43,68059.58,-1
2025-03-03,2025-03-03 11:27:00,1878.01,1878.01,1877.72,1877.72,-0.02,37.43,68059.58,-1
2025-03-03,2025-03-03 11:28:00,1877.72,1877.72,1877.42,1877.42,-0.02,37.43,68059.58,-1
2025-03-03,2025-03-03 11:29:00,1877.42,1877.42,1877.12,1877.12,-0.02,37.43,68059.58,-1
2025-03-03,2025-03-03 11:30:00,1877.12,1877.12,1876.83,1876.83,-0.02,37.43,68059.58,-1
2025-03-03,2025-03-03 11:31:00,1876.83,1876.83,1876.53,1876.53,-0.02,37.43,68059.58,-1
2025-03-03,2025-03-03 11:32:00,1876.53,1876.53,1876.24,1876.24,-0.02,37.43,68059.58,-1
2025-03-03,2025-03-03 11:33:00,1876.24,1876.24,1875.94,1875.94,-0.02,37.43,68059.58,-1
2025-03-03,2025-03-03 11:34:00,1875.94,1875.94,1875.65,1875.65,-0.02,37.43,68059.58,-1
2025-03-03,2025-03-03 11:35:00,1875.65,1875.65,1875.35,1875.35,-0.02,37.43,68059.58,-1
2025-03-03,2025-03-03 11:36:00,1875.35,1875.35,1875.05,1875.05,-0.02,37.43,68059.58,-1
2025-03-03,2025-03-03 11:37:00,1875.05,1875.05,1874.76,1874.76,-0.02,37.43,68059.58,-1
2025-03-03,2025-03-03 11:38:00,1874.76,1874.76,1874.46,1874.46,-0.02,37.43,68059.58,-1
2025-03-03,2025-03-03 11:39:00,1874.46,1874.46,1874.17,1874.17,-0.02,37.43,68059.58,-1
2025-03-03,2025-03-03 11:40:00,1874.17,1874.17,1873.87,1873.87,-0.02,37.43,68059.58,-1
2025-03-03,2025-03-03 11:41:00,1873.87,1873.87,1873.58,1873.58,-0.02,37.43,68059.58,-1
2025-03-03,2025-03-03 11:42:00,1873.58,1873.58,1873.28,1873.28,-0.02,37.43,68059.58,-1
2025-03-03,2025-03-03 11:43:00,1873.28,1873.28,1872.98,1872.98,-0.02,37.43,68059.58,-1
2025-03-03,2025-03-03 11:44:00,1872.98,1872.98,1872.69,1872.69,-0.02,37.43,68059.58,-1
2025-03-03,2025-03-03 11:45:00,1872.69,1872.69,1872.39,1872.39,-0.02,37.43,68059.58,-1
2025-03-03,2025-03-03 11:46:00,1872.39,1872.39,1872.1,1872.1,-0.02,37.43,68059.58,-1
2025-03-03,2025-03-03 11:47:00,1872.1,1872.1,1871.8,1871.8,-0.02,37.43,68059.58,-1
2025-03-03,2025-03-03 11:48:00,1871.8,1871.8,1871.5,1871.5,-0.02,37.43,68059.58,-1
2025-03-03,2025-03-03 11:49:00,1871.5,1871.5,1871.21,1871.21,-0.02,37.43,68059.58,-1
2025-03-03,2025-03-03 11:50:00,1871.21,1871.21,1870.91,1870.91,-0.02,37.43,68059.58,-1
2025-03-03,2025-03-03 11:51:00,1870.91,1870.91,1870.62,1870.62,-0.02,37.43,68059.58,-1
2025-03-03,2025-03-03 11:52:00,1870.62,1870.62,1870.32,1870.32,-0.02,37.43,68059.58,-1
2025-03-03,2025-03-03 11:53:00,1870.32,1870.32,1870.03,1870.03,-0.02,37.43,68059.58,-1
2025-03-03,2025-03-03 11:54:00,1870.03,1870.03,1869.73,1869.73,-0.02,37.43,68059.58,-1
2025-03-03,2025-03-03 11:55:00,1869.73,1869.73,1869.43,1869.43,-0.02,37.43,68059.58,-1
2025-03-03,2025-03-03 11:56:00,1869.43,1869.43,1869.14,1869.14,-0.02,37.43,68059.58,-1
2025-03-03,2025-03-03 11:57:00,1869.14,1869.14,1868.84,1868.84,-0.02,37.43,68059.58,-1
2025-03-03,2025-03-03 11:58:00,1868.84,1868.84,1868.55,1868.55,-0.02,37.43,68059.58,-1
2025-03-03,2025-03-03 11:59:00,1868.55,1868.55,1868.25,1868.25,-0.02,37.43,68059.58,-1
2025-03-03,2025-03-03 12:00:00,1868.25,1868.25,1867.95,1867.95,-0.02,37.43,68059.58,-1
2025-03-03,2025-03-03 12:01:00,1867.95,1867.95,1867.66,1867.66,-0.02,37.43,68059.58,-1
2025-03-03,2025-03-03 12:02:00,1867.66,1867.66,1867.36,1867.36,-0.02,37.43,68059.58,-1
2025-03-03,2025-03-03 12:03:00,1867.36,1867.36,1867.07,1867.07,-0.02,37.43,68059.58,-1
2025-03-03,2025-03-03 12:04:00,1867.07,1867.07,1866.77,1866.77,-0.02,37.43,68059.58,-1
2025-03-03,2025-03-03 12:05:00,1866.77,1866.77,1866.47,1866.47,-0.02,37.43,68059.58,-1
2025-03-03,2025-03-03 12:06:00,1866.47,1866.47,1866.18,1866.18,-0.02,37.43,68059.58,-1
2025-03-03,2025-03-03 12:07:00,1866.18,1866.18,1865.88,1865.88,-0.02,37.43,68059.58,-1
2025-03-03,2025-03-03 12:08:00,1865.88,1865.88,1865.59,1865.59,-0.02,37.43,68059.58,-1
2025-03-03,2025-03-03 12:09:00,1865.59,1865.59,1865.29,1865.29,-0.02,37.43,68059.58,-1
2025-03-03,2025-03-03 12:10:00,1865.29,1865.29,1865.0,1865.0,-0.02,37.43,68059.58,-1
2025-03-03,2025-03-03 12:11:00,1865.0,1865.0,1864.7,1864.7,-0.02,37.43,68059.58,-1
2025-03-03,2025-03-03 12:12:00,1864.7,1864.7,1864.4,1864.4,-0.02,37.43,68059.58,-1
2025-03-03,2025-03-03 12:13:00,1864.4,1864.4,1864.11,1864.11,-0.02,37.43,68059.58,-1
2025-03-03,2025-03-03 12:14:00,1864.11,1864.11,1863.81,1863.81,-0.02,37.43,68059.58,-1
2025-03-03,2025-03-03 12:15:00,1863.81,1863.81,1863.52,1863.52,-0.02,37.43,68059.58,-1
2025-03-03,2025-03-03 12:16:00,1863.52,1863.52,1863.22,1863.22,-0.02,37.43,68059.58,-1
2025-03-03,2025-03-03 12:17:00,1863.22,1863.22,1862.92,1862.92,-0.02,37.43,68059.58,-1
2025-03-03,2025-03-03 12:18:00,1862.92,1862.92,1862.63,1862.63,-0.02,37.43,68059.58,-1
2025-03-03,2025-03-03 12:19:00,1862.63,1862.63,1862.33,1862.33,-0.02,37.43,68059.58,-1
2025-03-03,2025-03-03 12:20:00,1862.33,1862.33,1862.04,1862.04,-0.02,37.43,68059.58,-1
2025-03-03,2025-03-03 12:21:00,1862.04,1862.04,1861.74,1861.74,-0.02,37.43,68059.58,-1
2025-03-03,2025-03-03 12:22:00,1861.74,1861.74,1861.45,1861.45,-0.02,37.43,68059.58,-1
2025-03-03,2025-03-03 12:23:00,1861.45,1861.45,1861.15,1861.15,-0.02,37.43,68059.58,-1
2025-03-03,2025-03-03 12:24:00,1861.15,1861.15,1860.85,1860.85,-0.02,37.43,68059.58,-1
2025-03-03,2025-03-03 12:25:00,1860.85,1860.85,1860.56,1860.56,-0.02,37.43,68059.58,-1
2025-03-03,2025-03-03 12:26:00,1860.56,1860.56,1860.26,1860.26,-0.02,37.43,68059.58,-1
2025-03-03,2025-03-03 12:27:00,1860.26,1860.26,1859.97,1859.97,-0.02,37.43,68059.58,-1
2025-03-03,2025-03-03 12:28:00,1859.97,1859.97,1859.67,1859.67,-0.02,37.43,68059.58,-1
2025-03-03,2025-03-03 12:29:00,1859.67,1859.67,1859.38,1859.38,-0.02,37.43,68059.58,-1
2025-03-03,2025-03-03 12:30:00,1859.38,1859.38,1859.08,1859.08,-0.02,37.43,68059.58,-1
2025-03-03,2025-03-03 12:31:00,1859.08,1859.08,1858.78,1858.78,-0.02,37.43,68059.58,-1
2025-03-03,2025-03-03 12:32:00,1858.78,1858.78,1858.49,1858.49,-0.02,37.43,68059.58,-1
2025-03-03,2025-03-03 12:33:00,1858.49,1858.49,1858.19,1858.19,-0.02,37.43,68059.58,-1
2025-03-03,2025-03-03 12:34:00,1858.19,1858.19,1857.9,1857.9,-0.02,37.43,68059.58,-1
2025-03-03,2025-03-03 12:35:00,1857.9,1857.9,1857.6,1857.6,-0.02,37.43,68059.58,-1
2025-03-03,2025-03-03 12:36:00,1857.6,1857.6,1857.3,1857.3,-0.02,37.43,68059.58,-1
2025-03-03,2025-03-03 12:37:00,1857.3,1857.3,1857.01,1857.01,-0.02,37.43,68059.58,-1
2025-03-03,2025-03-03 12:38:00,1857.01,1857.01,1856.71,1856.71,-0.02,37.43,68059.58,-1
2025-03-03,2025-03-03 12:39:00,1856.71,1856.71,1856.42,1856.42,-0.02,37.43,68059.58,-1
2025-03-03,2025-03-03 12:40:00,1856.42,1856.42,1856.12,1856.12,-0.02,37.43,68059.58,-1
2025-03-03,2025-03-03 12:41:00,1856.12,1856.12,1855.83,1855.83,-0.02,37.43,68059.58,-1
2025-03-03,2025-03-03 12:42:00,1855.83,1855.83,1855.53,1855.53,-0.02,37.43,68059.58,-1
2025-03-03,2025-03-03 12:43:00,1855.53,1855.53,1855.23,1855.23,-0.02,37.43,68059.58,-1
2025-03-03,2025-03-03 12:44:00,1855.23,1855.23,1854.94,1854.94,-0.02,37.43,68059.58,-1
2025-03-03,2025-03-03 12:45:00,1854.94,1854.94,1854.64,1854.64,-0.02,37.43,68059.58,-1
2025-03-03,2025-03-03 12:46:00,1854.64,1854.64,1854.35,1854.35,-0.02,37.43,68059.58,-1
2025-03-03,2025-03-03 12:47:00,1854.35,1854.35,1854.05,1854.05,-0.02,37.43,68059.58,-1
2025-03-03,2025-03-03 12:48:00,1854.05,1854.05,1853.75,1853.75,-0.02,37.43,68059.58,-1
2025-03-03,2025-03-03 12:49:00,1853.75,1853.75,1853.46,1853.46,-0.02,37.43,68059.58,-1
2025-03-03,2025-03-03 12:50:00,1853.46,1853.46,1853.16,1853.16,-0.02,37.43,68059.58,-1
2025-03-03,2025-03-03 12:51:00,1853.16,1853.16,1852.87,1852.87,-0.02,37.43,68059.58,-1
2025-03-03,2025-03-03 12:52:00,1852.87,1852.87,1852.57,1852.57,-0.02,37.43,68059.58,-1
2025-03-03,2025-03-03 12:53:00,1852.57,1852.57,1852.28,1852.28,-0.02,37.43,68059.58,-1
2025-03-03,2025-03-03 12:54:00,1852.28,1852.28,1851.98,1851.98,-0.02,37.43,68059.58,-1
2025-03-03,2025-03-03 12:55:00,1851.98,1851.98,1851.68,1851.68,-0.02,37.43,68059.58,-1
2025-03-03,2025-03-03 12:56:00,1851.68,1851.68,1851.39,1851.39,-0.02,37.43,68059.58,-1
2025-03-03,2025-03-03 12:57:00,1851.39,1851.39,1851.09,1851.09,-0.02,37.43,68059.58,-1
2025-03-03,2025-03-03 12:58:00,1851.09,1851.09,1850.8,1850.8,-0.02,37.43,68059.58,-1
2025-03-03,2025-03-03 12:59:00,1850.8,1850.8,1850.5,1850.5,-0.02,37.43,68059.58,-1
2025-03-03,2025-03-03 13:00:00,1850.5,1886.0,1800.0,1850.2,-0.02,37.43,68059.58,-1
2025-03-03,2025-03-03 13:01:00,1850.2,1850.2,1849.91,1849.91,-0.02,37.43,68059.58,-1
2025-03-03,2025-03-03 13:02:00,1849.91,1849.91,1849.61,1849.61,-0.02,37.43,68059.58,-1
2025-03-03,2025-03-03 13:03:00,1849.61,1849.61,1849.32,1849.32,-0.02,37.43,68059.58,-1
2025-03-03,2025-03-03 13:04:00,1849.32,1849.32,1849.02,1849.02,-0.02,37.43,68059.58,-1
2025-03-03,2025-03-03 13:05:00,1849.02,1849.02,1848.72,1848.72,-0.02,37.43,68059.58,-1
2025-03-03,2025-03-03 13:06:00,1848.72,1848.72,1848.43,1848.43,-0.02,37.43,68059.58,-1
2025-03-03,2025-03-03 13:07:00,1848.43,1848.43,1848.13,1848.13,-0.02,37.43,68059.58,-1
2025-03-03,2025-03-03 13:08:00,1848.13,1848.13,1847.84,1847.84,-0.02,37.43,68059.58,-1
2025-03-03,2025-03-03 13:09:00,1847.84,1847.84,1847.54,1847.54,-0.02,37.43,68059.58,-1
2025-03-03,2025-03-03 13:10:00,1847.54,1847.54,1847.25,1847.25,-0.02,37.43,68059.58,-1
2025-03-03,2025-03-03 13:11:00,1847.25,1847.25,1846.95,1846.95,-0.02,37.43,68059.58,-1
2025-03-03,2025-03-03 13:12:00,1846.95,1846.95,1846.65,1846.65,-0.02,37.43,68059.58,-1
2025-03-03,2025-03-03 13:13:00,1846.65,1846.65,1846.36,1846.36,-0.02,37.43,68059.58,-1
2025-03-03,2025-03-03 13:14:00,1846.36,1846.36,1846.06,1846.06,-0.02,37.43,68059.58,-1
2025-03-03,2025-03-03 13:15:00,1846.06,1846.06,1845.77,1845.77,-0.02,37.43,68059.58,-1
2025-03-03,2025-03-03 13:16:00,1845.77,1845.77,1845.47,1845.47,-0.02,37.43,68059.58,-1
2025-03-03,2025-03-03 13:17:00,1845.47,1845.47,1845.17,1845.17,-0.02,37.43,68059.58,-1
2025-03-03,2025-03-03 13:18:00,1845.17,1845.17,1844.88,1844.88,-0.02,37.43,68059.58,-1
2025-03-03,2025-03-03 13:19:00,1844.88,1844.88,1844.58,1844.58,-0.02,37.43,68059.58,-1
2025-03-03,2025-03-03 13:20:00,1844.58,1844.58,1844.29,1844.29,-0.02,37.43,68059.58,-1
2025-03-03,2025-03-03 13:21:00,1844.29,1844.29,1843.99,1843.99,-0.02,37.43,68059.58,-1
2025-03-03,2025-03-03 13:22:00,1843.99,1843.99,1843.7,1843.7,-0.02,37.43,68059.58,-1
2025-03-03,2025-03-03 13:23:00,1843.7,1843.7,1843.4,1843.4,-0.02,37.43,68059.58,-1
2025-03-03,2025-03-03 13:24:00,1843.4,1843.4,1843.1,1843.1,-0.02,37.43,68059.58,-1
2025-03-03,2025-03-03 13:25:00,1843.1,1843.1,1842.81,1842.81,-0.02,37.43,68059.58,-1
2025-03-03,2025-03-03 13:26:00,1842.81,1842.81,1842.51,1842.51,-0.02,37.43,68059.58,-1
2025-03-03,2025-03-03 13:27:00,1842.51,1842.51,1842.22,1842.22,-0.02,37.43,68059.58,-1
2025-03-03,2025-03-03 13:28:00,1842.22,1842.22,1841.92,1841.92,-0.02,37.43,68059.58,-1
2025-03-03,2025-03-03 13:29:00,1841.92,1841.92,1841.62,1841.62,-0.02,37.43,68059.58,-1
2025-03-03,2025-03-03 13:30:00,1841.62,1841.62,1841.33,1841.33,-0.02,37.43,68059.58,-1
2025-03-03,2025-03-03 13:31:00,1841.33,1841.33,1841.03,1841.03,-0.02,37.43,68059.58,-1
2025-03-03,2025-03-03 13:32:00,1841.03,1841.03,1840.74,1840.74,-0.02,37.43,68059.58,-1
2025-03-03,2025-03-03 13:33:00,1840.74,1840.74,1840.44,1840.44,-0.02,37.43,68059.58,-1
2025-03-03,2025-03-03 13:34:00,1840.44,1840.44,1840.15,1840.15,-0.02,37.43,68059.58,-1
2025-03-03,2025-03-03 13:35:00,1840.15,1840.15,1839.85,1839.85,-0.02,37.43,68059.58,-1
2025-03-03,2025-03-03 13:36:00,1839.85,1839.85,1839.55,1839.55,-0.02,37.43,68059.58,-1
2025-03-03,2025-03-03 13:37:00,1839.55,1839.55,1839.26,1839.26,-0.02,37.43,68059.58,-1
2025-03-03,2025-03-03 13:38:00,1839.26,1839.26,1838.96,1838.96,-0.02,37.43,68059.58,-1
2025-03-03,2025-03-03 13:39:00,1838.96,1838.96,1838.67,1838.67,-0.02,37.43,68059.58,-1
2025-03-03,2025-03-03 13:40:00,1838.67,1838.67,1838.37,1838.37,-0.02,37.43,68059.58,-1
2025-03-03,2025-03-03 13:41:00,1838.37,1838.37,1838.08,1838.08,-0.02,37.43,68059.58,-1
2025-03-03,2025-03-03 13:42:00,1838.08,1838.08,1837.78,1837.78,-0.02,37.43,68059.58,-1
2025-03-03,2025-03-03 13:43:00,1837.78,1837.78,1837.48,1837.48,-0.02,37.43,68059.58,-1
2025-03-03,2025-03-03 13:44:00,1837.48,1837.48,1837.19,1837.19,-0.02,37.43,68059.58,-1
2025-03-03,2025-03-03 13:45:00,1837.19,1837.19,1836.89,1836.89,-0.02,37.43,68059.58,-1
2025-03-03,2025-03-03 13:46:00,1836.89,1836.89,1836.6,1836.6,-0.02,37.43,68059.58,-1
2025-03-03,2025-03-03 13:47:00,1836.6,1836.6,1836.3,1836.3,-0.02,37.43,68059.58,-1
2025-03-03,2025-03-03 13:48:00,1836.3,1836.3,1836.0,1836.0,-0.02,37.43,68059.58,-1
2025-03-03,2025-03-03 13:49:00,1836.0,1836.0,1835.71,1835.71,-0.02,37.43,68059.58,-1
2025-03-03,2025-03-03 13:50:00,1835.71,1835.71,1835.41,1835.41,-0.02,37.43,68059.58,-1
2025-03-03,2025-03-03 13:51:00,1835.41,1835.41,1835.12,1835.12,-0.02,37.43,68059.58,-1
2025-03-03,2025-03-03 13:52:00,1835.12,1835.12,1834.82,1834.82,-0.02,37.43,68059.58,-1
2025-03-03,2025-03-03 13:53:00,1834.82,1834.82,1834.53,1834.53,-0.02,37.43,68059.58,-1
2025-03-03,2025-03-03 13:54:00,1834.53,1834.53,1834.23,1834.23,-0.02,37.43,68059.58,-1
2025-03-03,2025-03-03 13:55:00,1834.23,1834.23,1833.93,1833.93,-0.02,37.43,68059.58,-1
2025-03-03,2025-03-03 13:56:00,1833.93,1833.93,1833.64,1833.64,-0.02,37.43,68059.58,-1
2025-03-03,2025-03-03 13:57:00,1833.64,1833.64,1833.34,1833.34,-0.02,37.43,68059.58,-1
2025-03-03,2025-03-03 13:58:00,1833.34,1833.34,1833.05,1833.05,-0.02,37.43,68059.58,-1
2025-03-03,2025-03-03 13:59:00,1833.05,1833.05,1832.75,1832.75,-0.02,37.43,68059.58,-1
2025-03-03,2025-03-03 14:00:00,1832.75,1832.75,1832.45,1832.45,-0.02,37.43,68059.58,-1
2025-03-03,2025-03-03 14:01:00,1832.45,1832.45,1832.16,1832.16,-0.02,37.43,68059.58,-1
2025-03-03,2025-03-03 14:02:00,1832.16,1832.16,1831.86,1831.86,-0.02,37.43,68059.58,-1
2025-03-03,2025-03-03 14:03:00,1831.86,1831.86,1831.57,1831.57,-0.02,37.43,68059.58,-1
2025-03-03,2025-03-03 14:04:00,1831.57,1831.57,1831.27,1831.27,-0.02,37.43,68059.58,-1
2025-03-03,2025-03-03 14:05:00,1831.27,1831.27,1830.97,1830.97,-0.02,37.43,68059.58,-1
2025-03-03,2025-03-03 14:06:00,1830.97,1830.97,1830.68,1830.68,-0.02,37.43,68059.58,-1
2025-03-03,2025-03-03 14:07:00,1830.68,1830.68,1830.38,1830.38,-0.02,37.43,68059.58,-1
2025-03-03,2025-03-03 14:08:00,1830.38,1830.38,1830.09,1830.09,-0.02,37.43,68059.58,-1
2025-03-03,2025-03-03 14:09:00,1830.09,1830.09,1829.79,1829.79,-0.02,37.43,68059.58,-1
2025-03-03,2025-03-03 14:10:00,1829.79,1829.79,1829.5,1829.5,-0.02,37.43,68059.58,-1
2025-03-03,2025-03-03 14:11:00,1829.5,1829.5,1829.2,1829.2,-0.02,37.43,68059.58,-1
2025-03-03,2025-03-03 14:12:00,1829.2,1829.2,1828.9,1828.9,-0.02,37.43,68059.58,-1
2025-03-03,2025-03-03 14:13:00,1828.9,1828.9,1828.61,1828.61,-0.02,37.43,68059.58,-1
2025-03-03,2025-03-03 14:14:00,1828.61,1828.61,1828.31,1828.31,-0.02,37.43,68059.58,-1
2025-03-03,2025-03-03 14:15:00,1828.31,1828.31,1828.02,1828.02,-0.02,37.43,68059.58,-1
2025-03-03,2025-03-03 14:16:00,1828.02,1828.02,1827.72,1827.72,-0.02,37.43,68059.58,-1
2025-03-03,2025-03-03 14:17:00,1827.72,1827.72,1827.42,1827.42,-0.02,37.43,68059.58,-1
2025-03-03,2025-03-03 14:18:00,1827.42,1827.42,1827.13,1827.13,-0.02,37.43,68059.58,-1
2025-03-03,2025-03-03 14:19:00,1827.13,1827.13,1826.83,1826.83,-0.02,37.43,68059.58,-1
2025-03-03,2025-03-03 14:20:00,1826.83,1826.83,1826.54,1826.54,-0.02,37.43,68059.58,-1
2025-03-03,2025-03-03 14:21:00,1826.54,1826.54,1826.24,1826.24,-0.02,37.43,68059.58,-1
2025-03-03,2025-03-03 14:22:00,1826.24,1826.24,1825.95,1825.95,-0.02,37.43,68059.58,-1
2025-03-03,2025-03-03 14:23:00,1825.95,1825.95,1825.65,1825.65,-0.02,37.43,68059.58,-1
2025-03-03,2025-03-03 14:24:00,1825.65,1825.65,1825.35,1825.35,-0.02,37.43,68059.58,-1
2025-03-03,2025-03-03 14:25:00,1825.35,1825.35,1825.06,1825.06,-0.02,37.43,68059.58,-1
2025-03-03,2025-03-03 14:26:00,1825.06,1825.06,1824.76,1824.76,-0.02,37.43,68059.58,-1
2025-03-03,2025-03-03 14:27:00,1824.76,1824.76,1824.47,1824.47,-0.02,37.43,68059.58,-1
2025-03-03,2025-03-03 14:28:00,1824.47,1824.47,1824.17,1824.17,-0.02,37.43,68059.58,-1
2025-03-03,2025-03-03 14:29:00,1824.17,1824.17,1823.88,1823.88,-0.02,37.43,68059.58,-1
2025-03-03,2025-03-03 14:30:00,1823.88,1823.88,1823.58,1823.58,-0.02,37.43,68059.58,-1
2025-03-03,2025-03-03 14:31:00,1823.58,1823.58,1823.28,1823.28,-0.02,37.43,68059.58,-1
2025-03-03,2025-03-03 14:32:00,1823.28,1823.28,1822.99,1822.99,-0.02,37.43,68059.58,-1
2025-03-03,2025-03-03 14:33:00,1822.99,1822.99,1822.69,1822.69,-0.02,37.43,68059.58,-1
2025-03-03,2025-03-03 14:34:00,1822.69,1822.69,1822.4,1822.4,-0.02,37.43,68059.58,-1
2025-03-03,2025-03-03 14:35:00,1822.4,1822.4,1822.1,1822.1,-0.02,37.43,68059.58,-1
2025-03-03,2025-03-03 14:36:00,1822.1,1822.1,1821.8,1821.8,-0.02,37.43,68059.58,-1
2025-03-03,2025-03-03 14:37:00,1821.8,1821.8,1821.51,1821.51,-0.02,37.43,68059.58,-1
2025-03-03,2025-03-03 14:38:00,1821.51,1821.51,1821.21,1821.21,-0.02,37.43,68059.58,-1
2025-03-03,2025-03-03 14:39:00,1821.21,1821.21,1820.92,1820.92,-0.02,37.43,68059.58,-1
2025-03-03,2025-03-03 14:40:00,1820.92,1820.92,1820.62,1820.62,-0.02,37.43,68059.58,-1
2025-03-03,2025-03-03 14:41:00,1820.62,1820.62,1820.33,1820.33,-0.02,37.43,68059.58,-1
2025-03-03,2025-03-03 14:42:00,1820.33,1820.33,1820.03,1820.03,-0.02,37.43,68059.58,-1
2025-03-03,2025-03-03 14:43:00,1820.03,1820.03,1819.73,1819.73,-0.02,37.43,68059.58,-1
2025-03-03,2025-03-03 14:44:00,1819.73,1819.73,1819.44,1819.44,-0.02,37.43,68059.58,-1
2025-03-03,2025-03-03 14:45:00,1819.44,1819.44,1819.14,1819.14,-0.02,37.43,68059.58,-1
2025-03-03,2025-03-03 14:46:00,1819.14,1819.14,1818.85,1818.85,-0.02,37.43,68059.58,-1
2025-03-03,2025-03-03 14:47:00,1818.85,1818.85,1818.55,1818.55,-0.02,37.43,68059.58,-1
2025-03-03,2025-03-03 14:48:00,1818.55,1818.55,1818.25,1818.25,-0.02,37.43,68059.58,-1
2025-03-03,2025-03-03 14:49:00,1818.25,1818.25,1817.96,1817.96,-0.02,37.43,68059.58,-1
2025-03-03,2025-03-03 14:50:00,1817.96,1817.96,1817.66,1817.66,-0.02,37.43,68059.58,-1
2025-03-03,2025-03-03 14:51:00,1817.66,1817.66,1817.37,1817.37,-0.02,37.43,68059.58,-1
2025-03-03,2025-03-03 14:52:00,1817.37,1817.37,1817.07,1817.07,-0.02,37.43,68059.58,-1
2025-03-03,2025-03-03 14:53:00,1817.07,1817.07,1816.78,1816.78,-0.02,37.43,68059.58,-1
2025-03-03,2025-03-03 14:54:00,1816.78,1816.78,1816.48,1816.48,-0.02,37.43,68059.58,-1
2025-03-03,2025-03-03 14:55:00,1816.48,1816.48,1816.18,1816.18,-0.02,37.43,68059.58,-1
2025-03-03,2025-03-03 14:56:00,1816.18,1816.18,1815.89,1815.89,-0.02,37.43,68059.58,-1
2025-03-03,2025-03-03 14:57:00,1815.89,1815.89,1815.59,1815.59,-0.02,37.43,68059.58,-1
2025-03-03,2025-03-03 14:58:00,1815.59,1815.59,1815.3,1815.3,-0.02,37.43,68059.58,-1
2025-03-03,2025-03-03 14:59:00,1815.3,1815.3,1815.0,1815.0,-0.02,37.43,68059.58,-1
2025-03-03,2025-03-03 15:00:00,1815.0,1886.0,1800.0,1815.0,0.0,37.43,68059.58,0
2025-03-04,2025-03-04 11:00:00,1800.0,1803.0,1769.7,1799.67,-0.02,66.85,117105.86,-1
2025-03-04,2025-03-04 11:01:00,1799.67,1799.67,1799.33,1799.33,-0.02,66.85,117105.86,-1
2025-03-04,2025-03-04 11:02:00,1799.33,1799.33,1799.0,1799.0,-0.02,66.85,117105.86,-1
2025-03-04,2025-03-04 11:03:00,1799.0,1799.0,1798.67,1798.67,-0.02,66.85,117105.86,-1
2025-03-04,2025-03-04 11:04:00,1798.67,1798.67,1798.33,1798.33,-0.02,66.85,117105.86,-1
2025-03-04,2025-03-04 11:05:00,1798.33,1798.33,1798.0,1798.0,-0.02,66.85,117105.86,-1
2025-03-04,2025-03-04 11:06:00,1798.0,1798.0,1797.67,1797.67,-0.02,66.85,117105.86,-1
2025-03-04,2025-03-04 11:07:00,1797.67,1797.67,1797.33,1797.33,-0.02,66.85,117105.86,-1
2025-03-04,2025-03-04 11:08:00,1797.33,1797.33,1797.0,1797.0,-0.02,66.85,117105.86,-1
2025-03-04,2025-03-04 11:09:00,1797.0,1797.0,1796.67,1796.67,-0.02,66.85,117105.86,-1
2025-03-04,2025-03-04 11:10:00,1796.67,1796.67,1796.33,1796.33,-0.02,66.85,117105.86,-1
2025-03-04,2025-03-04 11:11:00,1796.33,1796.33,1796.0,1796.0,-0.02,66.85,117105.86,-1
2025-03-04,2025-03-04 11:12:00,1796.0,1796.0,1795.67,1795.67,-0.02,66.85,117105.86,-1
2025-03-04,2025-03-04 11:13:00,1795.67,1795.67,1795.33,1795.33,-0.02,66.85,117105.86,-1
2025-03-04,2025-03-04 11:14:00,1795.33,1795.33,1795.0,1795.0,-0.02,66.85,117105.86,-1
2025-03-04,2025-03-04 11:15:00,1795.0,1795.0,1794.67,1794.67,-0.02,66.85,117105.86,-1
2025-03-04,2025-03-04 11:16:00,1794.67,1794.67,1794.33,1794.33,-0.02,66.85,117105.86,-1
2025-03-04,2025-03-04 11:17:00,1794.33,1794.33,1794.0,1794.0,-0.02,66.85,117105.86,-1
2025-03-04,2025-03-04 11:18:00,1794.0,1794.0,1793.67,1793.67,-0.02,66.85,117105.86,-1
2025-03-04,2025-03-04 11:19:00,1793.67,1793.67,1793.33,1793.33,-0.02,66.85,117105.86,-1
2025-03-04,2025-03-04 11:20:00,1793.33,1793.33,1793.0,1793.0,-0.02,66.85,117105.86,-1
2025-03-04,2025-03-04 11:21:00,1793.0,1793.0,1792.67,1792.67,-0.02,66.85,117105.86,-1
2025-03-04,2025-03-04 11:22:00,1792.67,1792.67,1792.33,1792.33,-0.02,66.85,117105.86,-1
2025-03-04,2025-03-04 11:23:00,1792.33,1792.33,1792.0,1792.0,-0.02,66.85,117105.86,-1
2025-03-04,2025-03-04 11:24:00,1792.0,1792.0,1791.67,1791.67,-0.02,66.85,117105.86,-1
2025-03-04,2025-03-04 11:25:00,1791.67,1791.67,1791.33,1791.33,-0.02,66.85,117105.86,-1
2025-03-04,2025-03-04 11:26:00,1791.33,1791.33,1791.0,1791.0,-0.02,66.85,117105.86,-1
2025-03-04,2025-03-04 11:27:00,1791.0,1791.0,1790.67,1790.67,-0.02,66.85,117105.86,-1
2025-03-04,2025-03-04 11:28:00,1790.67,1790.67,1790.33,1790.33,-0.02,66.85,117105.86,-1
2025-03-04,2025-03-04 11:29:00,1790.33,1790.33,1790.0,1790.0,-0.02,66.85,117105.86,-1
2025-03-04,2025-03-04 11:30:00,1790.0,1790.0,1789.67,1789.67,-0.02,66.85,117105.86,-1
2025-03-04,2025-03-04 11:31:00,1789.67,1789.67,1789.33,1789.33,-0.02,66.85,117105.86,-1
2025-03-04,2025-03-04 11:32:00,1789.33,1789.33,1789.0,1789.0,-0.02,66.85,117105.86,-1
2025-03-04,2025-03-04 11:33:00,1789.0,1789.0,1788.67,1788.67,-0.02,66.85,117105.86,-1
2025-03-04,2025-03-04 11:34:00,1788.67,1788.67,1788.33,1788.33,-0.02,66.85,117105.86,-1
2025-03-04,2025-03-04 11:35:00,1788.33,1788.33,1788.0,1788.0,-0.02,66.85,117105.86,-1
2025-03-04,2025-03-04 11:36:00,1788.0,1788.0,1787.67,1787.67,-0.02,66.85,117105.86,-1
2025-03-04,2025-03-04 11:37:00,1787.67,1787.67,1787.33,1787.33,-0.02,66.85,117105.86,-1
2025-03-04,2025-03-04 11:38:00,1787.33,1787.33,1787.0,1787.0,-0.02,66.85,117105.86,-1
2025-03-04,2025-03-04 11:39:00,1787.0,1787.0,1786.67,1786.67,-0.02,66.85,117105.86,-1
2025-03-04,2025-03-04 11:40:00,1786.67,1786.67,1786.33,1786.33,-0.02,66.85,117105.86,-1
2025-03-04,2025-03-04 11:41:00,1786.33,1786.33,1786.0,1786.0,-0.02,66.85,117105.86,-1
2025-03-04,2025-03-04 11:42:00,1786.0,1786.0,1785.67,1785.67,-0.02,66.85,117105.86,-1
2025-03-04,2025-03-04 11:43:00,1785.67,1785.67,1785.33,1785.33,-0.02,66.85,117105.86,-1
2025-03-04,2025-03-04 11:44:00,1785.33,1785.33,1785.0,1785.0,-0.02,66.85,117105.86,-1
2025-03-04,2025-03-04 11:45:00,1785.0,1785.0,1784.67,1784.67,-0.02,66.85,117105.86,-1
2025-03-04,2025-03-04 11:46:00,1784.67,1784.67,1784.33,1784.33,-0.02,66.85,117105.86,-1
2025-03-04,2025-03-04 11:47:00,1784.33,1784.33,1784.0,1784.0,-0.02,66.85,117105.86,-1
2025-03-04,2025-03-04 11:48:00,1784.0,1784.0,1783.67,1783.67,-0.02,66.85,117105.86,-1
2025-03-04,2025-03-04 11:49:00,1783.67,1783.67,1783.33,1783.33,-0.02,66.85,117105.86,-1
2025-03-04,2025-03-04 11:50:00,1783.33,1783.33,1783.0,1783.0,-0.02,66.85,117105.86,-1
2025-03-04,2025-03-04 11:51:00,1783.0,1783.0,1782.67,1782.67,-0.02,66.85,117105.86,-1
2025-03-04,2025-03-04 11:52:00,1782.67,1782.67,1782.33,1782.33,-0.02,66.85,117105.86,-1
2025-03-04,2025-03-04 11:53:00,1782.33,1782.33,1782.0,1782.0,-0.02,66.85,117105.86,-1
2025-03-04,2025-03-04 11:54:00,1782.0,1782.0,1781.67,1781.67,-0.02,66.85,117105.86,-1
2025-03-04,2025-03-04 11:55:00,1781.67,1781.67,1781.33,1781.33,-0.02,66.85,117105.86,-1
2025-03-04,2025-03-04 11:56:00,1781.33,1781.33,1781.0,1781.0,-0.02,66.85,117105.86,-1
2025-03-04,2025-03-04 11:57:00,1781.0,1781.0,1780.67,1780.67,-0.02,66.85,117105.86,-1
2025-03-04,2025-03-04 11:58:00,1780.67,1780.67,1780.33,1780.33,-0.02,66.85,117105.86,-1
2025-03-04,2025-03-04 11:59:00,1780.33,1780.33,1780.0,1780.0,-0.02,66.85,117105.86,-1
2025-03-04,2025-03-04 12:00:00,1780.0,1780.0,1779.67,1779.67,-0.02,66.85,117105.86,-1
2025-03-04,2025-03-04 12:01:00,1779.67,1779.67,1779.33,1779.33,-0.02,66.85,117105.86,-1
2025-03-04,2025-03-04 12:02:00,1779.33,1779.33,1779.0,1779.0,-0.02,66.85,117105.86,-1
2025-03-04,2025-03-04 12:03:00,1779.0,1779.0,1778.67,1778.67,-0.02,66.85,117105.86,-1
2025-03-04,2025-03-04 12:04:00,1778.67,1778.67,1778.33,1778.33,-0.02,66.85,117105.86,-1
2025-03-04,2025-03-04 12:05:00,1778.33,1778.33,1778.0,1778.0,-0.02,66.85,117105.86,-1
2025-03-04,2025-03-04 12:06:00,1778.0,1778.0,1777.67,1777.67,-0.02,66.85,117105.86,-1
2025-03-04,2025-03-04 12:07:00,1777.67,1777.67,1777.33,1777.33,-0.02,66.85,117105.86,-1
2025-03-04,2025-03-04 12:08:00,1777.33,1777.33,1777.0,1777.0,-0.02,66.85,117105.86,-1
2025-03-04,2025-03-04 12:09:00,1777.0,1777.0,1776.67,1776.67,-0.02,66.85,117105.86,-1
2025-03-04,2025-03-04 12:10:00,1776.67,1776.67,1776.33,1776.33,-0.02,66.85,117105.86,-1
2025-03-04,2025-03-04 12:11:00,1776.33,1776.33,1776.0,1776.0,-0.02,66.85,117105.86,-1
2025-03-04,2025-03-04 12:12:00,1776.0,1776.0,1775.67,1775.67,-0.02,66.85,117105.86,-1
2025-03-04,2025-03-04 12:13:00,1775.67,1775.67,1775.33,1775.33,-0.02,66.85,117105.86,-1
2025-03-04,2025-03-04 12:14:00,1775.33,1775.33,1775.0,1775.0,-0.02,66.85,117105.86,-1
2025-03-04,2025-03-04 12:15:00,1775.0,1775.0,1774.67,1774.67,-0.02,66.85,117105.86,-1
2025-03-04,2025-03-04 12:16:00,1774.67,1774.67,1774.33,1774.33,-0.02,66.85,117105.86,-1
2025-03-04,2025-03-04 12:17:00,1774.33,1774.33,1774.0,1774.0,-0.02,66.85,117105.86,-1
2025-03-04,2025-03-04 12:18:00,1774.0,1774.0,1773.67,1773.67,-0.02,66.85,117105.86,-1
2025-03-04,2025-03-04 12:19:00,1773.67,1773.67,1773.33,1773.33,-0.02,66.85,117105.86,-1
2025-03-04,2025-03-04 12:20:00,1773.33,1773.33,1773.0,1773.0,-0.02,66.85,117105.86,-1
2025-03-04,2025-03-04 12:21:00,1773.0,1773.0,1772.67,1772.67,-0.02,66.85,117105.86,-1
2025-03-04,2025-03-04 12:22:00,1772.67,1772.67,1772.33,1772.33,-0.02,66.85,117105.86,-1
2025-03-04,2025-03-04 12:23:00,1772.33,1772.33,1772.0,1772.0,-0.02,66.85,117105.86,-1
2025-03-04,2025-03-04 12:24:00,1772.0,1772.0,1771.67,1771.67,-0.02,66.85,117105.86,-1
2025-03-04,2025-03-04 12:25:00,1771.67,1771.67,1771.33,1771.33,-0.02,66.85,117105.86,-1
2025-03-04,2025-03-04 12:26:00,1771.33,1771.33,1771.0,1771.0,-0.02,66.85,117105.86,-1
2025-03-04,2025-03-04 12:27:00,1771.0,1771.0,1770.67,1770.67,-0.02,66.85,117105.86,-1
2025-03-04,2025-03-04 12:28:00,1770.67,1770.67,1770.33,1770.33,-0.02,66.85,117105.86,-1
2025-03-04,2025-03-04 12:29:00,1770.33,1770.33,1770.0,1770.0,-0.02,66.85,117105.86,-1
2025-03-04,2025-03-04 12:30:00,1770.0,1770.0,1769.67,1769.67,-0.02,66.85,117105.86,-1
2025-03-04,2025-03-04 12:31:00,1769.67,1769.67,1769.33,1769.33,-0.02,66.85,117105.86,-1
2025-03-04,2025-03-04 12:32:00,1769.33,1769.33,1769.0,1769.0,-0.02,66.85,117105.86,-1
2025-03-04,2025-03-04 12:33:00,1769.0,1769.0,1768.67,1768.67,-0.02,66.85,117105.86,-1
2025-03-04,2025-03-04 12:34:00,1768.67,1768.67,1768.33,1768.33,-0.02,66.85,117105.86,-1
2025-03-04,2025-03-04 12:35:00,1768.33,1768.33,1768.0,1768.0,-0.02,66.85,117105.86,-1
2025-03-04,2025-03-04 12:36:00,1768.0,1768.0,1767.67,1767.67,-0.02,66.85,117105.86,-1
2025-03-04,2025-03-04 12:37:00,1767.67,1767.67,1767.33,1767.33,-0.02,66.85,117105.86,-1
2025-03-04,2025-03-04 12:38:00,1767.33,1767.33,1767.0,1767.0,-0.02,66.85,117105.86,-1
2025-03-04,2025-03-04 12:39:00,1767.0,1767.0,1766.67,1766.67,-0.02,66.85,117105.86,-1
2025-03-04,2025-03-04 12:40:00,1766.67,1766.67,1766.33,1766.33,-0.02,66.85,117105.86,-1
2025-03-04,2025-03-04 12:41:00,1766.33,1766.33,1766.0,1766.0,-0.02,66.85,117105.86,-1
2025-03-04,2025-03-04 12:42:00,1766.0,1766.0,1765.67,1765.67,-0.02,66.85,117105.86,-1
2025-03-04,2025-03-04 12:43:00,1765.67,1765.67,1765.33,1765.33,-0.02,66.85,117105.86,-1
2025-03-04,2025-03-04 12:44:00,1765.33,1765.33,1765.0,1765.0,-0.02,66.85,117105.86,-1
2025-03-04,2025-03-04 12:45:00,1765.0,1765.0,1764.67,1764.67,-0.02,66.85,117105.86,-1
2025-03-04,2025-03-04 12:46:00,1764.67,1764.67,1764.33,1764.33,-0.02,66.85,117105.86,-1
2025-03-04,2025-03-04 12:47:00,1764.33,1764.33,1764.0,1764.0,-0.02,66.85,117105.86,-1
2025-03-04,2025-03-04 12:48:00,1764.0,1764.0,1763.67,1763.67,-0.02,66.85,117105.86,-1
2025-03-04,2025-03-04 12:49:00,1763.67,1763.67,1763.33,1763.33,-0.02,66.85,117105.86,-1
2025-03-04,2025-03-04 12:50:00,1763.33,1763.33,1763.0,1763.0,-0.02,66.85,117105.86,-1
2025-03-04,2025-03-04 12:51:00,1763.0,1763.0,1762.67,1762.67,-0.02,66.85,117105.86,-1
2025-03-04,2025-03-04 12:52:00,1762.67,1762.67,1762.33,1762.33,-0.02,66.85,117105.86,-1
2025-03-04,2025-03-04 12:53:00,1762.33,1762.33,1762.0,1762.0,-0.02,66.85,117105.86,-1
2025-03-04,2025-03-04 12:54:00,1762.0,1762.0,1761.67,1761.67,-0.02,66.85,117105.86,-1
2025-03-04,2025-03-04 12:55:00,1761.67,1761.67,1761.33,1761.33,-0.02,66.85,117105.86,-1
2025-03-04,2025-03-04 12:56:00,1761.33,1761.33,1761.0,1761.0,-0.02,66.85,117105.86,-1
2025-03-04,2025-03-04 12:57:00,1761.0,1761.0,1760.67,1760.67,-0.02,66.85,117105.86,-1
2025-03-04,2025-03-04 12:58:00,1760.67,1760.67,1760.33,1760.33,-0.02,66.85,117105.86,-1
2025-03-04,2025-03-04 12:59:00,1760.33,1760.33,1760.0,1760.0,-0.02,66.85,117105.86,-1
2025-03-04,2025-03-04 13:00:00,1760.0,1810.0,1699.0,1759.67,-0.02,66.85,117105.86,-1
2025-03-04,2025-03-04 13:01:00,1759.67,1759.67,1759.33,1759.33,-0.02,66.85,117105.86,-1
2025-03-04,2025-03-04 13:02:00,1759.33,1759.33,1759.0,1759.0,-0.02,66.85,117105.86,-1
2025-03-04,2025-03-04 13:03:00,1759.0,1759.0,1758.67,1758.67,-0.02,66.85,117105.86,-1
2025-03-04,2025-03-04 13:04:00,1758.67,1758.67,1758.33,1758.33,-0.02,66.85,117105.86,-1
2025-03-04,2025-03-04 13:05:00,1758.33,1758.33,1758.0,1758.0,-0.02,66.85,117105.86,-1
2025-03-04,2025-03-04 13:06:00,1758.0,1758.0,1757.67,1757.67,-0.02,66.85,117105.86,-1
2025-03-04,2025-03-04 13:07:00,1757.67,1757.67,1757.33,1757.33,-0.02,66.85,117105.86,-1
2025-03-04,2025-03-04 13:08:00,1757.33,1757.33,1757.0,1757.0,-0.02,66.85,117105.86,-1
2025-03-04,2025-03-04 13:09:00,1757.0,1757.0,1756.67,1756.67,-0.02,66.85,117105.86,-1
2025-03-04,2025-03-04 13:10:00,1756.67,1756.67,1756.33,1756.33,-0.02,66.85,117105.86,-1
2025-03-04,2025-03-04 13:11:00,1756.33,1756.33,1756.0,1756.0,-0.02,66.85,117105.86,-1
2025-03-04,2025-03-04 13:12:00,1756.0,1756.0,1755.67,1755.67,-0.02,66.85,117105.86,-1
2025-03-04,2025-03-04 13:13:00,1755.67,1755.67,1755.33,1755.33,-0.02,66.85,117105.86,-1
2025-03-04,2025-03-04 13:14:00,1755.33,1755.33,1755.0,1755.0,-0.02,66.85,117105.86,-1
2025-03-04,2025-03-04 13:15:00,1755.0,1755.0,1754.67,1754.67,-0.02,66.85,117105.86,-1
2025-03-04,2025-03-04 13:16:00,1754.67,1754.67,1754.33,1754.33,-0.02,66.85,117105.86,-1
2025-03-04,2025-03-04 13:17:00,1754.33,1754.33,1754.0,1754.0,-0.02,66.85,117105.86,-1
2025-03-04,2025-03-04 13:18:00,1754.0,1754.0,1753.67,1753.67,-0.02,66.85,117105.86,-1
2025-03-04,2025-03-04 13:19:00,1753.67,1753.67,1753.33,1753.33,-0.02,66.85,117105.86,-1
2025-03-04,2025-03-04 13:20:00,1753.33,1753.33,1753.0,1753.0,-0.02,66.85,117105.86,-1
2025-03-04,2025-03-04 13:21:00,1753.0,1753.0,1752.67,1752.67,-0.02,66.85,117105.86,-1
2025-03-04,2025-03-04 13:22:00,1752.67,1752.67,1752.33,1752.33,-0.02,66.85,117105.86,-1
2025-03-04,2025-03-04 13:23:00,1752.33,1752.33,1752.0,1752.0,-0.02,66.85,117105.86,-1
2025-03-04,2025-03-04 13:24:00,1752.0,1752.0,1751.67,1751.67,-0.02,66.85,117105.86,-1
2025-03-04,2025-03-04 13:25:00,1751.67,1751.67,1751.33,1751.33,-0.02,66.85,117105.86,-1
2025-03-04,2025-03-04 13:26:00,1751.33,1751.33,1751.0,1751.0,-0.02,66.85,117105.86,-1
2025-03-04,2025-03-04 13:27:00,1751.0,1751.0,1750.67,1750.67,-0.02,66.85,117105.86,-1
2025-03-04,2025-03-04 13:28:00,1750.67,1750.67,1750.33,1750.33,-0.02,66.85,117105.86,-1
2025-03-04,2025-03-04 13:29:00,1750.33,1750.33,1750.0,1750.0,-0.02,66.85,117105.86,-1
2025-03-04,2025-03-04 13:30:00,1750.0,1750.0,1749.67,1749.67,-0.02,66.85,117105.86,-1
2025-03-04,2025-03-04 13:31:00,1749.67,1749.67,1749.33,1749.33,-0.02,66.85,117105.86,-1
2025-03-04,2025-03-04 13:32:00,1749.33,1749.33,1749.0,1749.0,-0.02,66.85,117105.86,-1
2025-03-04,2025-03-04 13:33:00,1749.0,1749.0,1748.67,1748.67,-0.02,66.85,117105.86,-1
2025-03-04,2025-03-04 13:34:00,1748.67,1748.67,1748.33,1748.33,-0.02,66.85,117105.86,-1
2025-03-04,2025-03-04 13:35:00,1748.33,1748.33,1748.0,1748.0,-0.02,66.85,117105.86,-1
2025-03-04,2025-03-04 13:36:00,1748.0,1748.0,1747.67,1747.67,-0.02,66.85,117105.86,-1
2025-03-04,2025-03-04 13:37:00,1747.67,1747.67,1747.33,1747.33,-0.02,66.85,117105.86,-1
2025-03-04,2025-03-04 13:38:00,1747.33,1747.33,1747.0,1747.0,-0.02,66.85,117105.86,-1
2025-03-04,2025-03-04 13:39:00,1747.0,1747.0,1746.67,1746.67,-0.02,66.85,117105.86,-1
2025-03-04,2025-03-04 13:40:00,1746.67,1746.67,1746.33,1746.33,-0.02,66.85,117105.86,-1
2025-03-04,2025-03-04 13:41:00,1746.33,1746.33,1746.0,1746.0,-0.02,66.85,117105.86,-1
2025-03-04,2025-03-04 13:42:00,1746.0,1746.0,1745.67,1745.67,-0.02,66.85,117105.86,-1
2025-03-04,2025-03-04 13:43:00,1745.67,1745.67,1745.33,1745.33,-0.02,66.85,117105.86,-1
2025-03-04,2025-03-04 13:44:00,1745.33,1745.33,1745.0,1745.0,-0.02,66.85,117105.86,-1
2025-03-04,2025-03-04 13:45:00,1745.0,1745.0,1744.67,1744.67,-0.02,66.85,117105.86,-1
2025-03-04,2025-03-04 13:46:00,1744.67,1744.67,1744.33,1744.33,-0.02,66.85,117105.86,-1
2025-03-04,2025-03-04 13:47:00,1744.33,1744.33,1744.0,1744.0,-0.02,66.85,117105.86,-1
2025-03-04,2025-03-04 13:48:00,1744.0,1744.0,1743.67,1743.67,-0.02,66.85,117105.86,-1
2025-03-04,2025-03-04 13:49:00,1743.67,1743.67,1743.33,1743.33,-0.02,66.85,117105.86,-1
2025-03-04,2025-03-04 13:50:00,1743.33,1743.33,1743.0,1743.0,-0.02,66.85,117105.86,-1
2025-03-04,2025-03-04 13:51:00,1743.0,1743.0,1742.67,1742.67,-0.02,66.85,117105.86,-1
2025-03-04,2025-03-04 13:52:00,1742.67,1742.67,1742.33,1742.33,-0.02,66.85,117105.86,-1
2025-03-04,2025-03-04 13:53:00,1742.33,1742.33,1742.0,1742.0,-0.02,66.85,117105.86,-1
2025-03-04,2025-03-04 13:54:00,1742.0,1742.0,1741.67,1741.67,-0.02,66.85,117105.86,-1
2025-03-04,2025-03-04 13:55:00,1741.67,1741.67,1741.33,1741.33,-0.02,66.85,117105.86,-1
2025-03-04,2025-03-04 13:56:00,1741.33,1741.33,1741.0,1741.0,-0.02,66.85,117105.86,-1
2025-03-04,2025-03-04 13:57:00,1741.0,1741.0,1740.67,1740.67,-0.02,66.85,117105.86,-1
2025-03-04,2025-03-04 13:58:00,1740.67,1740.67,1740.33,1740.33,-0.02,66.85,117105.86,-1
2025-03-04,2025-03-04 13:59:00,1740.33,1740.33,1740.0,1740.0,-0.02,66.85,117105.86,-1
2025-03-04,2025-03-04 14:00:00,1740.0,1740.0,1739.67,1739.67,-0.02,66.85,117105.86,-1
2025-03-04,2025-03-04 14:01:00,1739.67,1739.67,1739.33,1739.33,-0.02,66.85,117105.86,-1
2025-03-04,2025-03-04 14:02:00,1739.33,1739.33,1739.0,1739.0,-0.02,66.85,117105.86,-1
2025-03-04,2025-03-04 14:03:00,1739.0,1739.0,1738.67,1738.67,-0.02,66.85,117105.86,-1
2025-03-04,2025-03-04 14:04:00,1738.67,1738.67,1738.33,1738.33,-0.02,66.85,117105.86,-1
2025-03-04,2025-03-04 14:05:00,1738.33,1738.33,1738.0,1738.0,-0.02,66.85,117105.86,-1
2025-03-04,2025-03-04 14:06:00,1738.0,1738.0,1737.67,1737.67,-0.02,66.85,117105.86,-1
2025-03-04,2025-03-04 14:07:00,1737.67,1737.67,1737.33,1737.33,-0.02,66.85,117105.86,-1
2025-03-04,2025-03-04 14:08:00,1737.33,1737.33,1737.0,1737.0,-0.02,66.85,117105.86,-1
2025-03-04,2025-03-04 14:09:00,1737.0,1737.0,1736.67,1736.67,-0.02,66.85,117105.86,-1
2025-03-04,2025-03-04 14:10:00,1736.67,1736.67,1736.33,1736.33,-0.02,66.85,117105.86,-1
2025-03-04,2025-03-04 14:11:00,1736.33,1736.33,1736.0,1736.0,-0.02,66.85,117105.86,-1
2025-03-04,2025-03-04 14:12:00,1736.0,1736.0,1735.67,1735.67,-0.02,66.85,117105.86,-1
2025-03-04,2025-03-04 14:13:00,1735.67,1735.67,1735.33,1735.33,-0.02,66.85,117105.86,-1
2025-03-04,2025-03-04 14:14:00,1735.33,1735.33,1735.0,1735.0,-0.02,66.85,117105.86,-1
2025-03-04,2025-03-04 14:15:00,1735.0,1735.0,1734.67,1734.67,-0.02,66.85,117105.86,-1
2025-03-04,2025-03-04 14:16:00,1734.67,1734.67,1734.33,1734.33,-0.02,66.85,117105.86,-1
2025-03-04,2025-03-04 14:17:00,1734.33,1734.33,1734.0,1734.0,-0.02,66.85,117105.86,-1
2025-03-04,2025-03-04 14:18:00,1734.0,1734.0,1733.67,1733.67,-0.02,66.85,117105.86,-1
2025-03-04,2025-03-04 14:19:00,1733.67,1733.67,1733.33,1733.33,-0.02,66.85,117105.86,-1
2025-03-04,2025-03-04 14:20:00,1733.33,1733.33,1733.0,1733.0,-0.02,66.85,117105.86,-1
2025-03-04,2025-03-04 14:21:00,1733.0,1733.0,1732.67,1732.67,-0.02,66.85,117105.86,-1
2025-03-04,2025-03-04 14:22:00,1732.67,1732.67,1732.33,1732.33,-0.02,66.85,117105.86,-1
2025-03-04,2025-03-04 14:23:00,1732.33,1732.33,1732.0,1732.0,-0.02,66.85,117105.86,-1
2025-03-04,2025-03-04 14:24:00,1732.0,1732.0,1731.67,1731.67,-0.02,66.85,117105.86,-1
2025-03-04,2025-03-04 14:25:00,1731.67,1731.67,1731.33,1731.33,-0.02,66.85,117105.86,-1
2025-03-04,2025-03-04 14:26:00,1731.33,1731.33,1731.0,1731.0,-0.02,66.85,117105.86,-1
2025-03-04,2025-03-04 14:27:00,1731.0,1731.0,1730.67,1730.67,-0.02,66.85,117105.86,-1
2025-03-04,2025-03-04 14:28:00,1730.67,1730.67,1730.33,1730.33,-0.02,66.85,117105.86,-1
2025-03-04,2025-03-04 14:29:00,1730.33,1730.33,1730.0,1730.0,-0.02,66.85,117105.86,-1
2025-03-04,2025-03-04 14:30:00,1730.0,1730.0,1729.67,1729.67,-0.02,66.85,117105.86,-1
2025-03-04,2025-03-04 14:31:00,1729.67,1729.67,1729.33,1729.33,-0.02,66.85,117105.86,-1
2025-03-04,2025-03-04 14:32:00,1729.33,1729.33,1729.0,1729.0,-0.02,66.85,117105.86,-1
2025-03-04,2025-03-04 14:33:00,1729.0,1729.0,1728.67,1728.67,-0.02,66.85,117105.86,-1
2025-03-04,2025-03-04 14:34:00,1728.67,1728.67,1728.33,1728.33,-0.02,66.85,117105.86,-1
2025-03-04,2025-03-04 14:35:00,1728.33,1728.33,1728.0,1728.0,-0.02,66.85,117105.86,-1
2025-03-04,2025-03-04 14:36:00,1728.0,1728.0,1727.67,1727.67,-0.02,66.85,117105.86,-1
2025-03-04,2025-03-04 14:37:00,1727.67,1727.67,1727.33,1727.33,-0.02,66.85,117105.86,-1
2025-03-04,2025-03-04 14:38:00,1727.33,1727.33,1727.0,1727.0,-0.02,66.85,117105.86,-1
2025-03-04,2025-03-04 14:39:00,1727.0,1727.0,1726.67,1726.67,-0.02,66.85,117105.86,-1
2025-03-04,2025-03-04 14:40:00,1726.67,1726.67,1726.33,1726.33,-0.02,66.85,117105.86,-1
2025-03-04,2025-03-04 14:41:00,1726.33,1726.33,1726.0,1726.0,-0.02,66.85,117105.86,-1
2025-03-04,2025-03-04 14:42:00,1726.0,1726.0,1725.67,1725.67,-0.02,66.85,117105.86,-1
2025-03-04,2025-03-04 14:43:00,1725.67,1725.67,1725.33,1725.33,-0.02,66.85,117105.86,-1
2025-03-04,2025-03-04 14:44:00,1725.33,1725.33,1725.0,1725.0,-0.02,66.85,117105.86,-1
2025-03-04,2025-03-04 14:45:00,1725.0,1725.0,1724.67,1724.67,-0.02,66.85,117105.86,-1
2025-03-04,2025-03-04 14:46:00,1724.67,1724.67,1724.33,1724.33,-0.02,66.85,117105.86,-1
2025-03-04,2025-03-04 14:47:00,1724.33,1724.33,1724.0,1724.0,-0.02,66.85,117105.86,-1
2025-03-04,2025-03-04 14:48:00,1724.0,1724.0,1723.67,1723.67,-0.02,66.85,117105.86,-1
2025-03-04,2025-03-04 14:49:00,1723.67,1723.67,1723.33,1723.33,-0.02,66.85,117105.86,-1
2025-03-04,2025-03-04 14:50:00,1723.33,1723.33,1723.0,1723.0,-0.02,66.85,117105.86,-1
2025-03-04,2025-03-04 14:51:00,1723.0,1723.0,1722.67,1722.67,-0.02,66.85,117105.86,-1
2025-03-04,2025-03-04 14:52:00,1722.67,1722.67,1722.33,1722.33,-0.02,66.85,117105.86,-1
2025-03-04,2025-03-04 14:53:00,1722.33,1722.33,1722.0,1722.0,-0.02,66.85,117105.86,-1
2025-03-04,2025-03-04 14:54:00,1722.0,1722.0,1721.67,1721.67,-0.02,66.85,117105.86,-1
2025-03-04,2025-03-04 14:55:00,1721.67,1721.67,1721.33,1721.33,-0.02,66.85,117105.86,-1
2025-03-04,2025-03-04 14:56:00,1721.33,1721.33,1721.0,1721.0,-0.02,66.85,117105.86,-1
2025-03-04,2025-03-04 14:57:00,1721.0,1721.0,1720.67,1720.67,-0.02,66.85,117105.86,-1
2025-03-04,2025-03-04 14:58:00,1720.67,1720.67,1720.33,1720.33,-0.02,66.85,117105.86,-1
2025-03-04,2025-03-04 14:59:00,1720.33,1720.33,1720.0,1720.0,-0.02,66.85,117105.86,-1
2025-03-04,2025-03-04 15:00:00,1720.0,1810.0,1699.0,1720.0,0.0,66.85,117105.86,0
2025-03-05,2025-03-05 11:00:00,1735.0,1746.7,1730.53,1735.02,0.0,35.1,61329.99,1
2025-03-05,2025-03-05 11:01:00,1735.02,1735.04,1735.02,1735.04,0.0,35.1,61329.99,1
2025-03-05,2025-03-05 11:02:00,1735.04,1735.06,1735.04,1735.06,0.0,35.1,61329.99,1
2025-03-05,2025-03-05 11:03:00,1735.06,1735.08,1735.06,1735.08,0.0,35.1,61329.99,1
2025-03-05,2025-03-05 11:04:00,1735.08,1735.1,1735.08,1735.1,0.0,35.1,61329.99,1
2025-03-05,2025-03-05 11:05:00,1735.1,1735.12,1735.1,1735.12,0.0,35.1,61329.99,1
2025-03-05,2025-03-05 11:06:00,1735.12,1735.15,1735.12,1735.15,0.0,35.1,61329.99,1
2025-03-05,2025-03-05 11:07:00,1735.15,1735.17,1735.15,1735.17,0.0,35.1,61329.99,1
2025-03-05,2025-03-05 11:08:00,1735.17,1735.19,1735.17,1735.19,0.0,35.1,61329.99,1
2025-03-05,2025-03-05 11:09:00,1735.19,1735.21,1735.19,1735.21,0.0,35.1,61329.99,1
2025-03-05,2025-03-05 11:10:00,1735.21,1735.23,1735.21,1735.23,0.0,35.1,61329.99,1
2025-03-05,2025-03-05 11:11:00,1735.23,1735.25,1735.23,1735.25,0.0,35.1,61329.99,1
2025-03-05,2025-03-05 11:12:00,1735.25,1735.27,1735.25,1735.27,0.0,35.1,61329.99,1
2025-03-05,2025-03-05 11:13:00,1735.27,1735.29,1735.27,1735.29,0.0,35.1,61329.99,1
2025-03-05,2025-03-05 11:14:00,1735.29,1735.31,1735.29,1735.31,0.0,35.1,61329.99,1
2025-03-05,2025-03-05 11:15:00,1735.31,1735.33,1735.31,1735.33,0.0,35.1,61329.99,1
2025-03-05,2025-03-05 11:16:00,1735.33,1735.35,1735.33,1735.35,0.0,35.1,61329.99,1
2025-03-05,2025-03-05 11:17:00,1735.35,1735.38,1735.35,1735.38,0.0,35.1,61329.99,1
2025-03-05,2025-03-05 11:18:00,1735.38,1735.4,1735.38,1735.4,0.0,35.1,61329.99,1
2025-03-05,2025-03-05 11:19:00,1735.4,1735.42,1735.4,1735.42,0.0,35.1,61329.99,1
2025-03-05,2025-03-05 11:20:00,1735.42,1735.44,1735.42,1735.44,0.0,35.1,61329.99,1
2025-03-05,2025-03-05 11:21:00,1735.44,1735.46,1735.44,1735.46,0.0,35.1,61329.99,1
2025-03-05,2025-03-05 11:22:00,1735.46,1735.48,1735.46,1735.48,0.0,35.1,61329.99,1
2025-03-05,2025-03-05 11:23:00,1735.48,1735.5,1735.48,1735.5,0.0,35.1,61329.99,1
2025-03-05,2025-03-05 11:24:00,1735.5,1735.52,1735.5,1735.52,0.0,35.1,61329.99,1
2025-03-05,2025-03-05 11:25:00,1735.52,1735.54,1735.52,1735.54,0.0,35.1,61329.99,1
2025-03-05,2025-03-05 11:26:00,1735.54,1735.56,1735.54,1735.56,0.0,35.1,61329.99,1
2025-03-05,2025-03-05 11:27:00,1735.56,1735.58,1735.56,1735.58,0.0,35.1,61329.99,1
2025-03-05,2025-03-05 11:28:00,1735.58,1735.6,1735.58,1735.6,0.0,35.1,61329.99,1
2025-03-05,2025-03-05 11:29:00,1735.6,1735.62,1735.6,1735.62,0.0,35.1,61329.99,1
2025-03-05,2025-03-05 11:30:00,1735.62,1735.65,1735.62,1735.65,0.0,35.1,61329.99,1
2025-03-05,2025-03-05 11:31:00,1735.65,1735.67,1735.65,1735.67,0.0,35.1,61329.99,1
2025-03-05,2025-03-05 11:32:00,1735.67,1735.69,1735.67,1735.69,0.0,35.1,61329.99,1
2025-03-05,2025-03-05 11:33:00,1735.69,1735.71,1735.69,1735.71,0.0,35.1,61329.99,1
2025-03-05,2025-03-05 11:34:00,1735.71,1735.73,1735.71,1735.73,0.0,35.1,61329.99,1
2025-03-05,2025-03-05 11:35:00,1735.73,1735.75,1735.73,1735.75,0.0,35.1,61329.99,1
2025-03-05,2025-03-05 11:36:00,1735.75,1735.77,1735.75,1735.77,0.0,35.1,61329.99,1
2025-03-05,2025-03-05 11:37:00,1735.77,1735.79,1735.77,1735.79,0.0,35.1,61329.99,1
2025-03-05,2025-03-05 11:38:00,1735.79,1735.81,1735.79,1735.81,0.0,35.1,61329.99,1
2025-03-05,2025-03-05 11:39:00,1735.81,1735.83,1735.81,1735.83,0.0,35.1,61329.99,1
2025-03-05,2025-03-05 11:40:00,1735.83,1735.85,1735.83,1735.85,0.0,35.1,61329.99,1
2025-03-05,2025-03-05 11:41:00,1735.85,1735.88,1735.85,1735.88,0.0,35.1,61329.99,1
2025-03-05,2025-03-05 11:42:00,1735.88,1735.9,1735.88,1735.9,0.0,35.1,61329.99,1
2025-03-05,2025-03-05 11:43:00,1735.9,1735.92,1735.9,1735.92,0.0,35.1,61329.99,1
2025-03-05,2025-03-05 11:44:00,1735.92,1735.94,1735.92,1735.94,0.0,35.1,61329.99,1
2025-03-05,2025-03-05 11:45:00,1735.94,1735.96,1735.94,1735.96,0.0,35.1,61329.99,1
2025-03-05,2025-03-05 11:46:00,1735.96,1735.98,1735.96,1735.98,0.0,35.1,61329.99,1
2025-03-05,2025-03-05 11:47:00,1735.98,1736.0,1735.98,1736.0,0.0,35.1,61329.99,1
2025-03-05,2025-03-05 11:48:00,1736.0,1736.02,1736.0,1736.02,0.0,35.1,61329.99,1
2025-03-05,2025-03-05 11:49:00,1736.02,1736.04,1736.02,1736.04,0.0,35.1,61329.99,1
2025-03-05,2025-03-05 11:50:00,1736.04,1736.06,1736.04,1736.06,0.0,35.1,61329.99,1
2025-03-05,2025-03-05 11:51:00,1736.06,1736.08,1736.06,1736.08,0.0,35.1,61329.99,1
2025-03-05,2025-03-05 11:52:00,1736.08,1736.1,1736.08,1736.1,0.0,35.1,61329.99,1
2025-03-05,2025-03-05 11:53:00,1736.1,1736.12,1736.1,1736.12,0.0,35.1,61329.99,1
2025-03-05,2025-03-05 11:54:00,1736.12,1736.15,1736.12,1736.15,0.0,35.1,61329.99,1
2025-03-05,2025-03-05 11:55:00,1736.15,1736.17,1736.15,1736.17,0.0,35.1,61329.99,1
2025-03-05,2025-03-05 11:56:00,1736.17,1736.19,1736.17,1736.19,0.0,35.1,61329.99,1
2025-03-05,2025-03-05 11:57:00,1736.19,1736.21,1736.19,1736.21,0.0,35.1,61329.99,1
2025-03-05,2025-03-05 11:58:00,1736.21,1736.23,1736.21,1736.23,0.0,35.1,61329.99,1
2025-03-05,2025-03-05 11:59:00,1736.23,1736.25,1736.23,1736.25,0.0,35.1,61329.99,1
2025-03-05,2025-03-05 12:00:00,1736.25,1736.27,1736.25,1736.27,0.0,35.1,61329.99,1
2025-03-05,2025-03-05 12:01:00,1736.27,1736.29,1736.27,1736.29,0.0,35.1,61329.99,1
2025-03-05,2025-03-05 12:02:00,1736.29,1736.31,1736.29,1736.31,0.0,35.1,61329.99,1
2025-03-05,2025-03-05 12:03:00,1736.31,1736.33,1736.31,1736.33,0.0,35.1,61329.99,1
2025-03-05,2025-03-05 12:04:00,1736.33,1736.35,1736.33,1736.35,0.0,35.1,61329.99,1
2025-03-05,2025-03-05 12:05:00,1736.35,1736.38,1736.35,1736.38,0.0,35.1,61329.99,1
2025-03-05,2025-03-05 12:06:00,1736.38,1736.4,1736.38,1736.4,0.0,35.1,61329.99,1
2025-03-05,2025-03-05 12:07:00,1736.4,1736.42,1736.4,1736.42,0.0,35.1,61329.99,1
2025-03-05,2025-03-05 12:08:00,1736.42,1736.44,1736.42,1736.44,0.0,35.1,61329.99,1
2025-03-05,2025-03-05 12:09:00,1736.44,1736.46,1736.44,1736.46,0.0,35.1,61329.99,1
2025-03-05,2025-03-05 12:10:00,1736.46,1736.48,1736.46,1736.48,0.0,35.1,61329.99,1
2025-03-05,2025-03-05 12:11:00,1736.48,1736.5,1736.48,1736.5,0.0,35.1,61329.99,1
2025-03-05,2025-03-05 12:12:00,1736.5,1736.52,1736.5,1736.52,0.0,35.1,61329.99,1
2025-03-05,2025-03-05 12:13:00,1736.52,1736.54,1736.52,1736.54,0.0,35.1,61329.99,1
2025-03-05,2025-03-05 12:14:00,1736.54,1736.56,1736.54,1736.56,0.0,35.1,61329.99,1
2025-03-05,2025-03-05 12:15:00,1736.56,1736.58,1736.56,1736.58,0.0,35.1,61329.99,1
2025-03-05,2025-03-05 12:16:00,1736.58,1736.6,1736.58,1736.6,0.0,35.1,61329.99,1
2025-03-05,2025-03-05 12:17:00,1736.6,1736.62,1736.6,1736.62,0.0,35.1,61329.99,1
2025-03-05,2025-03-05 12:18:00,1736.62,1736.65,1736.62,1736.65,0.0,35.1,61329.99,1
2025-03-05,2025-03-05 12:19:00,1736.65,1736.67,1736.65,1736.67,0.0,35.1,61329.99,1
2025-03-05,2025-03-05 12:20:00,1736.67,1736.69,1736.67,1736.69,0.0,35.1,61329.99,1
2025-03-05,2025-03-05 12:21:00,1736.69,1736.71,1736.69,1736.71,0.0,35.1,61329.99,1
2025-03-05,2025-03-05 12:22:00,1736.71,1736.73,1736.71,1736.73,0.0,35.1,61329.99,1
2025-03-05,2025-03-05 12:23:00,1736.73,1736.75,1736.73,1736.75,0.0,35.1,61329.99,1
2025-03-05,2025-03-05 12:24:00,1736.75,1736.77,1736.75,1736.77,0.0,35.1,61329.99,1
2025-03-05,2025-03-05 12:25:00,1736.77,1736.79,1736.77,1736.79,0.0,35.1,61329.99,1
2025-03-05,2025-03-05 12:26:00,1736.79,1736.81,1736.79,1736.81,0.0,35.1,61329.99,1
2025-03-05,2025-03-05 12:27:00,1736.81,1736.83,1736.81,1736.83,0.0,35.1,61329.99,1
2025-03-05,2025-03-05 12:28:00,1736.83,1736.85,1736.83,1736.85,0.0,35.1,61329.99,1
2025-03-05,2025-03-05 12:29:00,1736.85,1736.88,1736.85,1736.88,0.0,35.1,61329.99,1
2025-03-05,2025-03-05 12:30:00,1736.88,1736.9,1736.88,1736.9,0.0,35.1,61329.99,1
2025-03-05,2025-03-05 12:31:00,1736.9,1736.92,1736.9,1736.92,0.0,35.1,61329.99,1
2025-03-05,2025-03-05 12:32:00,1736.92,1736.94,1736.92,1736.94,0.0,35.1,61329.99,1
2025-03-05,2025-03-05 12:33:00,1736.94,1736.96,1736.94,1736.96,0.0,35.1,61329.99,1
2025-03-05,2025-03-05 12:34:00,1736.96,1736.98,1736.96,1736.98,0.0,35.1,61329.99,1
2025-03-05,2025-03-05 12:35:00,1736.98,1737.0,1736.98,1737.0,0.0,35.1,61329.99,1
2025-03-05,2025-03-05 12:36:00,1737.0,1737.02,1737.0,1737.02,0.0,35.1,61329.99,1
2025-03-05,2025-03-05 12:37:00,1737.02,1737.04,1737.02,1737.04,0.0,35.1,61329.99,1
2025-03-05,2025-03-05 12:38:00,1737.04,1737.06,1737.04,1737.06,0.0,35.1,61329.99,1
2025-03-05,2025-03-05 12:39:00,1737.06,1737.08,1737.06,1737.08,0.0,35.1,61329.99,1
2025-03-05,2025-03-05 12:40:00,1737.08,1737.1,1737.08,1737.1,0.0,35.1,61329.99,1
2025-03-05,2025-03-05 12:41:00,1737.1,1737.12,1737.1,1737.12,0.0,35.1,61329.99,1
2025-03-05,2025-03-05 12:42:00,1737.12,1737.15,1737.12,1737.15,0.0,35.1,61329.99,1
2025-03-05,2025-03-05 12:43:00,1737.15,1737.17,1737.15,1737.17,0.0,35.1,61329.99,1
2025-03-05,2025-03-05 12:44:00,1737.17,1737.19,1737.17,1737.19,0.0,35.1,61329.99,1
2025-03-05,2025-03-05 12:45:00,1737.19,1737.21,1737.19,1737.21,0.0,35.1,61329.99,1
2025-03-05,2025-03-05 12:46:00,1737.21,1737.23,1737.21,1737.23,0.0,35.1,61329.99,1
2025-03-05,2025-03-05 12:47:00,1737.23,1737.25,1737.23,1737.25,0.0,35.1,61329.99,1
2025-03-05,2025-03-05 12:48:00,1737.25,1737.27,1737.25,1737.27,0.0,35.1,61329.99,1
2025-03-05,2025-03-05 12:49:00,1737.27,1737.29,1737.27,1737.29,0.0,35.1,61329.99,1
2025-03-05,2025-03-05 12:50:00,1737.29,1737.31,1737.29,1737.31,0.0,35.1,61329.99,1
2025-03-05,2025-03-05 12:51:00,1737.31,1737.33,1737.31,1737.33,0.0,35.1,61329.99,1
2025-03-05,2025-03-05 12:52:00,1737.33,1737.35,1737.33,1737.35,0.0,35.1,61329.99,1
2025-03-05,2025-03-05 12:53:00,1737.35,1737.38,1737.35,1737.38,0.0,35.1,61329.99,1
2025-03-05,2025-03-05 12:54:00,1737.38,1737.4,1737.38,1737.4,0.0,35.1,61329.99,1
2025-03-05,2025-03-05 12:55:00,1737.4,1737.42,1737.4,1737.42,0.0,35.1,61329.99,1
2025-03-05,2025-03-05 12:56:00,1737.42,1737.44,1737.42,1737.44,0.0,35.1,61329.99,1
2025-03-05,2025-03-05 12:57:00,1737.44,1737.46,1737.44,1737.46,0.0,35.1,61329.99,1
2025-03-05,2025-03-05 12:58:00,1737.46,1737.48,1737.46,1737.48,0.0,35.1,61329.99,1
2025-03-05,2025-03-05 12:59:00,1737.48,1737.5,1737.48,1737.5,0.0,35.1,61329.99,1
2025-03-05,2025-03-05 13:00:00,1737.5,1774.0,1720.1,1737.52,0.0,35.1,61329.99,1
2025-03-05,2025-03-05 13:01:00,1737.52,1737.54,1737.52,1737.54,0.0,35.1,61329.99,1
2025-03-05,2025-03-05 13:02:00,1737.54,1737.56,1737.54,1737.56,0.0,35.1,61329.99,1
2025-03-05,2025-03-05 13:03:00,1737.56,1737.58,1737.56,1737.58,0.0,35.1,61329.99,1
2025-03-05,2025-03-05 13:04:00,1737.58,1737.6,1737.58,1737.6,0.0,35.1,61329.99,1
2025-03-05,2025-03-05 13:05:00,1737.6,1737.62,1737.6,1737.62,0.0,35.1,61329.99,1
2025-03-05,2025-03-05 13:06:00,1737.62,1737.65,1737.62,1737.65,0.0,35.1,61329.99,1
2025-03-05,2025-03-05 13:07:00,1737.65,1737.67,1737.65,1737.67,0.0,35.1,61329.99,1
2025-03-05,2025-03-05 13:08:00,1737.67,1737.69,1737.67,1737.69,0.0,35.1,61329.99,1
2025-03-05,2025-03-05 13:09:00,1737.69,1737.71,1737.69,1737.71,0.0,35.1,61329.99,1
2025-03-05,2025-03-05 13:10:00,1737.71,1737.73,1737.71,1737.73,0.0,35.1,61329.99,1
2025-03-05,2025-03-05 13:11:00,1737.73,1737.75,1737.73,1737.75,0.0,35.1,61329.99,1
2025-03-05,2025-03-05 13:12:00,1737.75,1737.77,1737.75,1737.77,0.0,35.1,61329.99,1
2025-03-05,2025-03-05 13:13:00,1737.77,1737.79,1737.77,1737.79,0.0,35.1,61329.99,1
2025-03-05,2025-03-05 13:14:00,1737.79,1737.81,1737.79,1737.81,0.0,35.1,61329.99,1
2025-03-05,2025-03-05 13:15:00,1737.81,1737.83,1737.81,1737.83,0.0,35.1,61329.99,1
2025-03-05,2025-03-05 13:16:00,1737.83,1737.85,1737.83,1737.85,0.0,35.1,61329.99,1
2025-03-05,2025-03-05 13:17:00,1737.85,1737.88,1737.85,1737.88,0.0,35.1,61329.99,1
2025-03-05,2025-03-05 13:18:00,1737.88,1737.9,1737.88,1737.9,0.0,35.1,61329.99,1
2025-03-05,2025-03-05 13:19:00,1737.9,1737.92,1737.9,1737.92,0.0,35.1,61329.99,1
2025-03-05,2025-03-05 13:20:00,1737.92,1737.94,1737.92,1737.94,0.0,35.1,61329.99,1
2025-03-05,2025-03-05 13:21:00,1737.94,1737.96,1737.94,1737.96,0.0,35.1,61329.99,1
2025-03-05,2025-03-05 13:22:00,1737.96,1737.98,1737.96,1737.98,0.0,35.1,61329.99,1
2025-03-05,2025-03-05 13:23:00,1737.98,1738.0,1737.98,1738.0,0.0,35.1,61329.99,1
2025-03-05,2025-03-05 13:24:00,1738.0,1738.02,1738.0,1738.02,0.0,35.1,61329.99,1
2025-03-05,2025-03-05 13:25:00,1738.02,1738.04,1738.02,1738.04,0.0,35.1,61329.99,1
2025-03-05,2025-03-05 13:26:00,1738.04,1738.06,1738.04,1738.06,0.0,35.1,61329.99,1
2025-03-05,2025-03-05 13:27:00,1738.06,1738.08,1738.06,1738.08,0.0,35.1,61329.99,1
2025-03-05,2025-03-05 13:28:00,1738.08,1738.1,1738.08,1738.1,0.0,35.1,61329.99,1
2025-03-05,2025-03-05 13:29:00,1738.1,1738.12,1738.1,1738.12,0.0,35.1,61329.99,1
2025-03-05,2025-03-05 13:30:00,1738.12,1738.15,1738.12,1738.15,0.0,35.1,61329.99,1
2025-03-05,2025-03-05 13:31:00,1738.15,1738.17,1738.15,1738.17,0.0,35.1,61329.99,1
2025-03-05,2025-03-05 13:32:00,1738.17,1738.19,1738.17,1738.19,0.0,35.1,61329.99,1
2025-03-05,2025-03-05 13:33:00,1738.19,1738.21,1738.19,1738.21,0.0,35.1,61329.99,1
2025-03-05,2025-03-05 13:34:00,1738.21,1738.23,1738.21,1738.23,0.0,35.1,61329.99,1
2025-03-05,2025-03-05 13:35:00,1738.23,1738.25,1738.23,1738.25,0.0,35.1,61329.99,1
2025-03-05,2025-03-05 13:36:00,1738.25,1738.27,1738.25,1738.27,0.0,35.1,61329.99,1
2025-03-05,2025-03-05 13:37:00,1738.27,1738.29,1738.27,1738.29,0.0,35.1,61329.99,1
2025-03-05,2025-03-05 13:38:00,1738.29,1738.31,1738.29,1738.31,0.0,35.1,61329.99,1
2025-03-05,2025-03-05 13:39:00,1738.31,1738.33,1738.31,1738.33,0.0,35.1,61329.99,1
2025-03-05,2025-03-05 13:40:00,1738.33,1738.35,1738.33,1738.35,0.0,35.1,61329.99,1
2025-03-05,2025-03-05 13:41:00,1738.35,1738.38,1738.35,1738.38,0.0,35.1,61329.99,1
2025-03-05,2025-03-05 13:42:00,1738.38,1738.4,1738.38,1738.4,0.0,35.1,61329.99,1
2025-03-05,2025-03-05 13:43:00,1738.4,1738.42,1738.4,1738.42,0.0,35.1,61329.99,1
2025-03-05,2025-03-05 13:44:00,1738.42,1738.44,1738.42,1738.44,0.0,35.1,61329.99,1
2025-03-05,2025-03-05 13:45:00,1738.44,1738.46,1738.44,1738.46,0.0,35.1,61329.99,1
2025-03-05,2025-03-05 13:46:00,1738.46,1738.48,1738.46,1738.48,0.0,35.1,61329.99,1
2025-03-05,2025-03-05 13:47:00,1738.48,1738.5,1738.48,1738.5,0.0,35.1,61329.99,1
2025-03-05,2025-03-05 13:48:00,1738.5,1738.52,1738.5,1738.52,0.0,35.1,61329.99,1
2025-03-05,2025-03-05 13:49:00,1738.52,1738.54,1738.52,1738.54,0.0,35.1,61329.99,1
2025-03-05,2025-03-05 13:50:00,1738.54,1738.56,1738.54,1738.56,0.0,35.1,61329.99,1
2025-03-05,2025-03-05 13:51:00,1738.56,1738.58,1738.56,1738.58,0.0,35.1,61329.99,1
2025-03-05,2025-03-05 13:52:00,1738.58,1738.6,1738.58,1738.6,0.0,35.1,61329.99,1
2025-03-05,2025-03-05 13:53:00,1738.6,1738.62,1738.6,1738.62,0.0,35.1,61329.99,1
2025-03-05,2025-03-05 13:54:00,1738.62,1738.65,1738.62,1738.65,0.0,35.1,61329.99,1
2025-03-05,2025-03-05 13:55:00,1738.65,1738.67,1738.65,1738.67,0.0,35.1,61329.99,1
2025-03-05,2025-03-05 13:56:00,1738.67,1738.69,1738.67,1738.69,0.0,35.1,61329.99,1
2025-03-05,2025-03-05 13:57:00,1738.69,1738.71,1738.69,1738.71,0.0,35.1,61329.99,1
2025-03-05,2025-03-05 13:58:00,1738.71,1738.73,1738.71,1738.73,0.0,35.1,61329.99,1
2025-03-05,2025-03-05 13:59:00,1738.73,1738.75,1738.73,1738.75,0.0,35.1,61329.99,1
2025-03-05,2025-03-05 14:00:00,1738.75,1738.77,1738.75,1738.77,0.0,35.1,61329.99,1
2025-03-05,2025-03-05 14:01:00,1738.77,1738.79,1738.77,1738.79,0.0,35.1,61329.99,1
2025-03-05,2025-03-05 14:02:00,1738.79,1738.81,1738.79,1738.81,0.0,35.1,61329.99,1
2025-03-05,2025-03-05 14:03:00,1738.81,1738.83,1738.81,1738.83,0.0,35.1,61329.99,1
2025-03-05,2025-03-05 14:04:00,1738.83,1738.85,1738.83,1738.85,0.0,35.1,61329.99,1
2025-03-05,2025-03-05 14:05:00,1738.85,1738.88,1738.85,1738.88,0.0,35.1,61329.99,1
2025-03-05,2025-03-05 14:06:00,1738.88,1738.9,1738.88,1738.9,0.0,35.1,61329.99,1
2025-03-05,2025-03-05 14:07:00,1738.9,1738.92,1738.9,1738.92,0.0,35.1,61329.99,1
2025-03-05,2025-03-05 14:08:00,1738.92,1738.94,1738.92,1738.94,0.0,35.1,61329.99,1
2025-03-05,2025-03-05 14:09:00,1738.94,1738.96,1738.94,1738.96,0.0,35.1,61329.99,1
2025-03-05,2025-03-05 14:10:00,1738.96,1738.98,1738.96,1738.98,0.0,35.1,61329.99,1
2025-03-05,2025-03-05 14:11:00,1738.98,1739.0,1738.98,1739.0,0.0,35.1,61329.99,1
2025-03-05,2025-03-05 14:12:00,1739.0,1739.02,1739.0,1739.02,0.0,35.1,61329.99,1
2025-03-05,2025-03-05 14:13:00,1739.02,1739.04,1739.02,1739.04,0.0,35.1,61329.99,1
2025-03-05,2025-03-05 14:14:00,1739.04,1739.06,1739.04,1739.06,0.0,35.1,61329.99,1
2025-03-05,2025-03-05 14:15:00,1739.06,1739.08,1739.06,1739.08,0.0,35.1,61329.99,1
2025-03-05,2025-03-05 14:16:00,1739.08,1739.1,1739.08,1739.1,0.0,35.1,61329.99,1
2025-03-05,2025-03-05 14:17:00,1739.1,1739.12,1739.1,1739.12,0.0,35.1,61329.99,1
2025-03-05,2025-03-05 14:18:00,1739.12,1739.15,1739.12,1739.15,0.0,35.1,61329.99,1
2025-03-05,2025-03-05 14:19:00,1739.15,1739.17,1739.15,1739.17,0.0,35.1,61329.99,1
2025-03-05,2025-03-05 14:20:00,1739.17,1739.19,1739.17,1739.19,0.0,35.1,61329.99,1
2025-03-05,2025-03-05 14:21:00,1739.19,1739.21,1739.19,1739.21,0.0,35.1,61329.99,1
2025-03-05,2025-03-05 14:22:00,1739.21,1739.23,1739.21,1739.23,0.0,35.1,61329.99,1
2025-03-05,2025-03-05 14:23:00,1739.23,1739.25,1739.23,1739.25,0.0,35.1,61329.99,1
2025-03-05,2025-03-05 14:24:00,1739.25,1739.27,1739.25,1739.27,0.0,35.1,61329.99,1
2025-03-05,2025-03-05 14:25:00,1739.27,1739.29,1739.27,1739.29,0.0,35.1,61329.99,1
2025-03-05,2025-03-05 14:26:00,1739.29,1739.31,1739.29,1739.31,0.0,35.1,61329.99,1
2025-03-05,2025-03-05 14:27:00,1739.31,1739.33,1739.31,1739.33,0.0,35.1,61329.99,1
2025-03-05,2025-03-05 14:28:00,1739.33,1739.35,1739.33,1739.35,0.0,35.1,61329.99,1
2025-03-05,2025-03-05 14:29:00,1739.35,1739.38,1739.35,1739.38,0.0,35.1,61329.99,1
2025-03-05,2025-03-05 14:30:00,1739.38,1739.4,1739.38,1739.4,0.0,35.1,61329.99,1
2025-03-05,2025-03-05 14:31:00,1739.4,1739.42,1739.4,1739.42,0.0,35.1,61329.99,1
2025-03-05,2025-03-05 14:32:00,1739.42,1739.44,1739.42,1739.44,0.0,35.1,61329.99,1
2025-03-05,2025-03-05 14:33:00,1739.44,1739.46,1739.44,1739.46,0.0,35.1,61329.99,1
2025-03-05,2025-03-05 14:34:00,1739.46,1739.48,1739.46,1739.48,0.0,35.1,61329.99,1
2025-03-05,2025-03-05 14:35:00,1739.48,1739.5,1739.48,1739.5,0.0,35.1,61329.99,1
2025-03-05,2025-03-05 14:36:00,1739.5,1739.52,1739.5,1739.52,0.0,35.1,61329.99,1
2025-03-05,2025-03-05 14:37:00,1739.52,1739.54,1739.52,1739.54,0.0,35.1,61329.99,1
2025-03-05,2025-03-05 14:38:00,1739.54,1739.56,1739.54,1739.56,0.0,35.1,61329.99,1
2025-03-05,2025-03-05 14:39:00,1739.56,1739.58,1739.56,1739.58,0.0,35.1,61329.99,1
2025-03-05,2025-03-05 14:40:00,1739.58,1739.6,1739.58,1739.6,0.0,35.1,61329.99,1
2025-03-05,2025-03-05 14:41:00,1739.6,1739.62,1739.6,1739.62,0.0,35.1,61329.99,1
2025-03-05,2025-03-05 14:42:00,1739.62,1739.65,1739.62,1739.65,0.0,35.1,61329.99,1
2025-03-05,2025-03-05 14:43:00,1739.65,1739.67,1739.65,1739.67,0.0,35.1,61329.99,1
2025-03-05,2025-03-05 14:44:00,1739.67,1739.69,1739.67,1739.69,0.0,35.1,61329.99,1
2025-03-05,2025-03-05 14:45:00,1739.69,1739.71,1739.69,1739.71,0.0,35.1,61329.99,1
2025-03-05,2025-03-05 14:46:00,1739.71,1739.73,1739.71,1739.73,0.0,35.1,61329.99,1
2025-03-05,2025-03-05 14:47:00,1739.73,1739.75,1739.73,1739.75,0.0,35.1,61329.99,1
2025-03-05,2025-03-05 14:48:00,1739.75,1739.77,1739.75,1739.77,0.0,35.1,61329.99,1
2025-03-05,2025-03-05 14:49:00,1739.77,1739.79,1739.77,1739.79,0.0,35.1,61329.99,1
2025-03-05,2025-03-05 14:50:00,1739.79,1739.81,1739.79,1739.81,0.0,35.1,61329.99,1
2025-03-05,2025-03-05 14:51:00,1739.81,1739.83,1739.81,1739.83,0.0,35.1,61329.99,1
2025-03-05,2025-03-05 14:52:00,1739.83,1739.85,1739.83,1739.85,0.0,35.1,61329.99,1
2025-03-05,2025-03-05 14:53:00,1739.85,1739.88,1739.85,1739.88,0.0,35.1,61329.99,1
2025-03-05,2025-03-05 14:54:00,1739.88,1739.9,1739.88,1739.9,0.0,35.1,61329.99,1
2025-03-05,2025-03-05 14:55:00,1739.9,1739.92,1739.9,1739.92,0.0,35.1,61329.99,1
2025-03-05,2025-03-05 14:56:00,1739.92,1739.94,1739.92,1739.94,0.0,35.1,61329.99,1
2025-03-05,2025-03-05 14:57:00,1739.94,1739.96,1739.94,1739.96,0.0,35.1,61329.99,1
2025-03-05,2025-03-05 14:58:00,1739.96,1739.98,1739.96,1739.98,0.0,35.1,61329.99,1
2025-03-05,2025-03-05 14:59:00,1739.98,1740.0,1739.98,1740.0,0.0,35.1,61329.99,1
2025-03-05,2025-03-05 15:00:00,1740.0,1774.0,1720.1,1740.0,0.0,35.1,61329.99,0
2025-03-06,2025-03-06 11:00:00,1706.2,1715.74,1706.17,1706.23,0.0,22.05,37958.71,1
2025-03-06,2025-03-06 11:01:00,1706.23,1706.26,1706.23,1706.26,0.0,22.05,37958.71,1
2025-03-06,2025-03-06 11:02:00,1706.26,1706.29,1706.26,1706.29,0.0,22.05,37958.71,1
2025-03-06,2025-03-06 11:03:00,1706.29,1706.32,1706.29,1706.32,0.0,22.05,37958.71,1
2025-03-06,2025-03-06 11:04:00,1706.32,1706.35,1706.32,1706.35,0.0,22.05,37958.71,1
2025-03-06,2025-03-06 11:05:00,1706.35,1706.38,1706.35,1706.38,0.0,22.05,37958.71,1
2025-03-06,2025-03-06 11:06:00,1706.38,1706.4,1706.38,1706.4,0.0,22.05,37958.71,1
2025-03-06,2025-03-06 11:07:00,1706.4,1706.43,1706.4,1706.43,0.0,22.05,37958.71,1
2025-03-06,2025-03-06 11:08:00,1706.43,1706.46,1706.43,1706.46,0.0,22.05,37958.71,1
2025-03-06,2025-03-06 11:09:00,1706.46,1706.49,1706.46,1706.49,0.0,22.05,37958.71,1
2025-03-06,2025-03-06 11:10:00,1706.49,1706.52,1706.49,1706.52,0.0,22.05,37958.71,1
2025-03-06,2025-03-06 11:11:00,1706.52,1706.55,1706.52,1706.55,0.0,22.05,37958.71,1
2025-03-06,2025-03-06 11:12:00,1706.55,1706.58,1706.55,1706.58,0.0,22.05,37958.71,1
2025-03-06,2025-03-06 11:13:00,1706.58,1706.61,1706.58,1706.61,0.0,22.05,37958.71,1
2025-03-06,2025-03-06 11:14:00,1706.61,1706.64,1706.61,1706.64,0.0,22.05,37958.71,1
2025-03-06,2025-03-06 11:15:00,1706.64,1706.67,1706.64,1706.67,0.0,22.05,37958.71,1
2025-03-06,2025-03-06 11:16:00,1706.67,1706.7,1706.67,1706.7,0.0,22.05,37958.71,1
2025-03-06,2025-03-06 11:17:00,1706.7,1706.73,1706.7,1706.73,0.0,22.05,37958.71,1
2025-03-06,2025-03-06 11:18:00,1706.73,1706.75,1706.73,1706.75,0.0,22.05,37958.71,1
2025-03-06,2025-03-06 11:19:00,1706.75,1706.78,1706.75,1706.78,0.0,22.05,37958.71,1
2025-03-06,2025-03-06 11:20:00,1706.78,1706.81,1706.78,1706.81,0.0,22.05,37958.71,1
2025-03-06,2025-03-06 11:21:00,1706.81,1706.84,1706.81,1706.84,0.0,22.05,37958.71,1
2025-03-06,2025-03-06 11:22:00,1706.84,1706.87,1706.84,1706.87,0.0,22.05,37958.71,1
2025-03-06,2025-03-06 11:23:00,1706.87,1706.9,1706.87,1706.9,0.0,22.05,37958.71,1
2025-03-06,2025-03-06 11:24:00,1706.9,1706.93,1706.9,1706.93,0.0,22.05,37958.71,1
2025-03-06,2025-03-06 11:25:00,1706.93,1706.96,1706.93,1706.96,0.0,22.05,37958.71,1
2025-03-06,2025-03-06 11:26:00,1706.96,1706.99,1706.96,1706.99,0.0,22.05,37958.71,1
2025-03-06,2025-03-06 11:27:00,1706.99,1707.02,1706.99,1707.02,0.0,22.05,37958.71,1
2025-03-06,2025-03-06 11:28:00,1707.02,1707.05,1707.02,1707.05,0.0,22.05,37958.71,1
2025-03-06,2025-03-06 11:29:00,1707.05,1707.08,1707.05,1707.08,0.0,22.05,37958.71,1
2025-03-06,2025-03-06 11:30:00,1707.08,1707.1,1707.08,1707.1,0.0,22.05,37958.71,1
2025-03-06,2025-03-06 11:31:00,1707.1,1707.13,1707.1,1707.13,0.0,22.05,37958.71,1
2025-03-06,2025-03-06 11:32:00,1707.13,1707.16,1707.13,1707.16,0.0,22.05,37958.71,1
2025-03-06,2025-03-06 11:33:00,1707.16,1707.19,1707.16,1707.19,0.0,22.05,37958.71,1
2025-03-06,2025-03-06 11:34:00,1707.19,1707.22,1707.19,1707.22,0.0,22.05,37958.71,1
2025-03-06,2025-03-06 11:35:00,1707.22,1707.25,1707.22,1707.25,0.0,22.05,37958.71,1
2025-03-06,2025-03-06 11:36:00,1707.25,1707.28,1707.25,1707.28,0.0,22.05,37958.71,1
2025-03-06,2025-03-06 11:37:00,1707.28,1707.31,1707.28,1707.31,0.0,22.05,37958.71,1
2025-03-06,2025-03-06 11:38:00,1707.31,1707.34,1707.31,1707.34,0.0,22.05,37958.71,1
2025-03-06,2025-03-06 11:39:00,1707.34,1707.37,1707.34,1707.37,0.0,22.05,37958.71,1
2025-03-06,2025-03-06 11:40:00,1707.37,1707.4,1707.37,1707.4,0.0,22.05,37958.71,1
2025-03-06,2025-03-06 11:41:00,1707.4,1707.42,1707.4,1707.42,0.0,22.05,37958.71,1
2025-03-06,2025-03-06 11:42:00,1707.42,1707.45,1707.42,1707.45,0.0,22.05,37958.71,1
2025-03-06,2025-03-06 11:43:00,1707.45,1707.48,1707.45,1707.48,0.0,22.05,37958.71,1
2025-03-06,2025-03-06 11:44:00,1707.48,1707.51,1707.48,1707.51,0.0,22.05,37958.71,1
2025-03-06,2025-03-06 11:45:00,1707.51,1707.54,1707.51,1707.54,0.0,22.05,37958.71,1
2025-03-06,2025-03-06 11:46:00,1707.54,1707.57,1707.54,1707.57,0.0,22.05,37958.71,1
2025-03-06,2025-03-06 11:47:00,1707.57,1707.6,1707.57,1707.6,0.0,22.05,37958.71,1
2025-03-06,2025-03-06 11:48:00,1707.6,1707.63,1707.6,1707.63,0.0,22.05,37958.71,1
2025-03-06,2025-03-06 11:49:00,1707.63,1707.66,1707.63,1707.66,0.0,22.05,37958.71,1
2025-03-06,2025-03-06 11:50:00,1707.66,1707.69,1707.66,1707.69,0.0,22.05,37958.71,1
2025-03-06,2025-03-06 11:51:00,1707.69,1707.72,1707.69,1707.72,0.0,22.05,37958.71,1
2025-03-06,2025-03-06 11:52:00,1707.72,1707.75,1707.72,1707.75,0.0,22.05,37958.71,1
2025-03-06,2025-03-06 11:53:00,1707.75,1707.78,1707.75,1707.78,0.0,22.05,37958.71,1
2025-03-06,2025-03-06 11:54:00,1707.78,1707.8,1707.78,1707.8,0.0,22.05,37958.71,1
2025-03-06,2025-03-06 11:55:00,1707.8,1707.83,1707.8,1707.83,0.0,22.05,37958.71,1
2025-03-06,2025-03-06 11:56:00,1707.83,1707.86,1707.83,1707.86,0.0,22.05,37958.71,1
2025-03-06,2025-03-06 11:57:00,1707.86,1707.89,1707.86,1707.89,0.0,22.05,37958.71,1
2025-03-06,2025-03-06 11:58:00,1707.89,1707.92,1707.89,1707.92,0.0,22.05,37958.71,1
2025-03-06,2025-03-06 11:59:00,1707.92,1707.95,1707.92,1707.95,0.0,22.05,37958.71,1
2025-03-06,2025-03-06 12:00:00,1707.95,1707.98,1707.95,1707.98,0.0,22.05,37958.71,1
2025-03-06,2025-03-06 12:01:00,1707.98,1708.01,1707.98,1708.01,0.0,22.05,37958.71,1
2025-03-06,2025-03-06 12:02:00,1708.01,1708.04,1708.01,1708.04,0.0,22.05,37958.71,1
2025-03-06,2025-03-06 12:03:00,1708.04,1708.07,1708.04,1708.07,0.0,22.05,37958.71,1
2025-03-06,2025-03-06 12:04:00,1708.07,1708.1,1708.07,1708.1,0.0,22.05,37958.71,1
2025-03-06,2025-03-06 12:05:00,1708.1,1708.12,1708.1,1708.12,0.0,22.05,37958.71,1
2025-03-06,2025-03-06 12:06:00,1708.12,1708.15,1708.12,1708.15,0.0,22.05,37958.71,1
2025-03-06,2025-03-06 12:07:00,1708.15,1708.18,1708.15,1708.18,0.0,22.05,37958.71,1
2025-03-06,2025-03-06 12:08:00,1708.18,1708.21,1708.18,1708.21,0.0,22.05,37958.71,1
2025-03-06,2025-03-06 12:09:00,1708.21,1708.24,1708.21,1708.24,0.0,22.05,37958.71,1
2025-03-06,2025-03-06 12:10:00,1708.24,1708.27,1708.24,1708.27,0.0,22.05,37958.71,1
2025-03-06,2025-03-06 12:11:00,1708.27,1708.3,1708.27,1708.3,0.0,22.05,37958.71,1
2025-03-06,2025-03-06 12:12:00,1708.3,1708.33,1708.3,1708.33,0.0,22.05,37958.71,1
2025-03-06,2025-03-06 12:13:00,1708.33,1708.36,1708.33,1708.36,0.0,22.05,37958.71,1
2025-03-06,2025-03-06 12:14:00,1708.36,1708.39,1708.36,1708.39,0.0,22.05,37958.71,1
2025-03-06,2025-03-06 12:15:00,1708.39,1708.42,1708.39,1708.42,0.0,22.05,37958.71,1
2025-03-06,2025-03-06 12:16:00,1708.42,1708.45,1708.42,1708.45,0.0,22.05,37958.71,1
2025-03-06,2025-03-06 12:17:00,1708.45,1708.48,1708.45,1708.48,0.0,22.05,37958.71,1
2025-03-06,2025-03-06 12:18:00,1708.48,1708.5,1708.48,1708.5,0.0,22.05,37958.71,1
2025-03-06,2025-03-06 12:19:00,1708.5,1708.53,1708.5,1708.53,0.0,22.05,37958.71,1
2025-03-06,2025-03-06 12:20:00,1708.53,1708.56,1708.53,1708.56,0.0,22.05,37958.71,1
2025-03-06,2025-03-06 12:21:00,1708.56,1708.59,1708.56,1708.59,0.0,22.05,37958.71,1
2025-03-06,2025-03-06 12:22:00,1708.59,1708.62,1708.59,1708.62,0.0,22.05,37958.71,1
2025-03-06,2025-03-06 12:23:00,1708.62,1708.65,1708.62,1708.65,0.0,22.05,37958.71,1
2025-03-06,2025-03-06 12:24:00,1708.65,1708.68,1708.65,1708.68,0.0,22.05,37958.71,1
2025-03-06,2025-03-06 12:25:00,1708.68,1708.71,1708.68,1708.71,0.0,22.05,37958.71,1
2025-03-06,2025-03-06 12:26:00,1708.71,1708.74,1708.71,1708.74,0.0,22.05,37958.71,1
2025-03-06,2025-03-06 12:27:00,1708.74,1708.77,1708.74,1708.77,0.0,22.05,37958.71,1
2025-03-06,2025-03-06 12:28:00,1708.77,1708.8,1708.77,1708.8,0.0,22.05,37958.71,1
2025-03-06,2025-03-06 12:29:00,1708.8,1708.83,1708.8,1708.83,0.0,22.05,37958.71,1
2025-03-06,2025-03-06 12:30:00,1708.83,1708.85,1708.83,1708.85,0.0,22.05,37958.71,1
2025-03-06,2025-03-06 12:31:00,1708.85,1708.88,1708.85,1708.88,0.0,22.05,37958.71,1
2025-03-06,2025-03-06 12:32:00,1708.88,1708.91,1708.88,1708.91,0.0,22.05,37958.71,1
2025-03-06,2025-03-06 12:33:00,1708.91,1708.94,1708.91,1708.94,0.0,22.05,37958.71,1
2025-03-06,2025-03-06 12:34:00,1708.94,1708.97,1708.94,1708.97,0.0,22.05,37958.71,1
2025-03-06,2025-03-06 12:35:00,1708.97,1709.0,1708.97,1709.0,0.0,22.05,37958.71,1
2025-03-06,2025-03-06 12:36:00,1709.0,1709.03,1709.0,1709.03,0.0,22.05,37958.71,1
2025-03-06,2025-03-06 12:37:00,1709.03,1709.06,1709.03,1709.06,0.0,22.05,37958.71,1
2025-03-06,2025-03-06 12:38:00,1709.06,1709.09,1709.06,1709.09,0.0,22.05,37958.71,1
2025-03-06,2025-03-06 12:39:00,1709.09,1709.12,1709.09,1709.12,0.0,22.05,37958.71,1
2025-03-06,2025-03-06 12:40:00,1709.12,1709.15,1709.12,1709.15,0.0,22.05,37958.71,1
2025-03-06,2025-03-06 12:41:00,1709.15,1709.17,1709.15,1709.17,0.0,22.05,37958.71,1
2025-03-06,2025-03-06 12:42:00,1709.17,1709.2,1709.17,1709.2,0.0,22.05,37958.71,1
2025-03-06,2025-03-06 12:43:00,1709.2,1709.23,1709.2,1709.23,0.0,22.05,37958.71,1
2025-03-06,2025-03-06 12:44:00,1709.23,1709.26,1709.23,1709.26,0.0,22.05,37958.71,1
2025-03-06,2025-03-06 12:45:00,1709.26,1709.29,1709.26,1709.29,0.0,22.05,37958.71,1
2025-03-06,2025-03-06 12:46:00,1709.29,1709.32,1709.29,1709.32,0.0,22.05,37958.71,1
2025-03-06,2025-03-06 12:47:00,1709.32,1709.35,1709.32,1709.35,0.0,22.05,37958.71,1
2025-03-06,2025-03-06 12:48:00,1709.35,1709.38,1709.35,1709.38,0.0,22.05,37958.71,1
2025-03-06,2025-03-06 12:49:00,1709.38,1709.41,1709.38,1709.41,0.0,22.05,37958.71,1
2025-03-06,2025-03-06 12:50:00,1709.41,1709.44,1709.41,1709.44,0.0,22.05,37958.71,1
2025-03-06,2025-03-06 12:51:00,1709.44,1709.47,1709.44,1709.47,0.0,22.05,37958.71,1
2025-03-06,2025-03-06 12:52:00,1709.47,1709.5,1709.47,1709.5,0.0,22.05,37958.71,1
2025-03-06,2025-03-06 12:53:00,1709.5,1709.53,1709.5,1709.53,0.0,22.05,37958.71,1
2025-03-06,2025-03-06 12:54:00,1709.53,1709.55,1709.53,1709.55,0.0,22.05,37958.71,1
2025-03-06,2025-03-06 12:55:00,1709.55,1709.58,1709.55,1709.58,0.0,22.05,37958.71,1
2025-03-06,2025-03-06 12:56:00,1709.58,1709.61,1709.58,1709.61,0.0,22.05,37958.71,1
2025-03-06,2025-03-06 12:57:00,1709.61,1709.64,1709.61,1709.64,0.0,22.05,37958.71,1
2025-03-06,2025-03-06 12:58:00,1709.64,1709.67,1709.64,1709.67,0.0,22.05,37958.71,1
2025-03-06,2025-03-06 12:59:00,1709.67,1709.7,1709.67,1709.7,0.0,22.05,37958.71,1
2025-03-06,2025-03-06 13:00:00,1709.7,1738.0,1706.1,1709.73,0.0,22.05,37958.71,1
2025-03-06,2025-03-06 13:01:00,1709.73,1709.76,1709.73,1709.76,0.0,22.05,37958.71,1
2025-03-06,2025-03-06 13:02:00,1709.76,1709.79,1709.76,1709.79,0.0,22.05,37958.71,1
2025-03-06,2025-03-06 13:03:00,1709.79,1709.82,1709.79,1709.82,0.0,22.05,37958.71,1
2025-03-06,2025-03-06 13:04:00,1709.82,1709.85,1709.82,1709.85,0.0,22.05,37958.71,1
2025-03-06,2025-03-06 13:05:00,1709.85,1709.88,1709.85,1709.88,0.0,22.05,37958.71,1
2025-03-06,2025-03-06 13:06:00,1709.88,1709.9,1709.88,1709.9,0.0,22.05,37958.71,1
2025-03-06,2025-03-06 13:07:00,1709.9,1709.93,1709.9,1709.93,0.0,22.05,37958.71,1
2025-03-06,2025-03-06 13:08:00,1709.93,1709.96,1709.93,1709.96,0.0,22.05,37958.71,1
2025-03-06,2025-03-06 13:09:00,1709.96,1709.99,1709.96,1709.99,0.0,22.05,37958.71,1
2025-03-06,2025-03-06 13:10:00,1709.99,1710.02,1709.99,1710.02,0.0,22.05,37958.71,1
2025-03-06,2025-03-06 13:11:00,1710.02,1710.05,1710.02,1710.05,0.0,22.05,37958.71,1
2025-03-06,2025-03-06 13:12:00,1710.05,1710.08,1710.05,1710.08,0.0,22.05,37958.71,1
2025-03-06,2025-03-06 13:13:00,1710.08,1710.11,1710.08,1710.11,0.0,22.05,37958.71,1
2025-03-06,2025-03-06 13:14:00,1710.11,1710.14,1710.11,1710.14,0.0,22.05,37958.71,1
2025-03-06,2025-03-06 13:15:00,1710.14,1710.17,1710.14,1710.17,0.0,22.05,37958.71,1
2025-03-06,2025-03-06 13:16:00,1710.17,1710.2,1710.17,1710.2,0.0,22.05,37958.71,1
2025-03-06,2025-03-06 13:17:00,1710.2,1710.23,1710.2,1710.23,0.0,22.05,37958.71,1
2025-03-06,2025-03-06 13:18:00,1710.23,1710.25,1710.23,1710.25,0.0,22.05,37958.71,1
2025-03-06,2025-03-06 13:19:00,1710.25,1710.28,1710.25,1710.28,0.0,22.05,37958.71,1
2025-03-06,2025-03-06 13:20:00,1710.28,1710.31,1710.28,1710.31,0.0,22.05,37958.71,1
2025-03-06,2025-03-06 13:21:00,1710.31,1710.34,1710.31,1710.34,0.0,22.05,37958.71,1
2025-03-06,2025-03-06 13:22:00,1710.34,1710.37,1710.34,1710.37,0.0,22.05,37958.71,1
2025-03-06,2025-03-06 13:23:00,1710.37,1710.4,1710.37,1710.4,0.0,22.05,37958.71,1
2025-03-06,2025-03-06 13:24:00,1710.4,1710.43,1710.4,1710.43,0.0,22.05,37958.71,1
2025-03-06,2025-03-06 13:25:00,1710.43,1710.46,1710.43,1710.46,0.0,22.05,37958.71,1
2025-03-06,2025-03-06 13:26:00,1710.46,1710.49,1710.46,1710.49,0.0,22.05,37958.71,1
2025-03-06,2025-03-06 13:27:00,1710.49,1710.52,1710.49,1710.52,0.0,22.05,37958.71,1
2025-03-06,2025-03-06 13:28:00,1710.52,1710.55,1710.52,1710.55,0.0,22.05,37958.71,1
2025-03-06,2025-03-06 13:29:00,1710.55,1710.58,1710.55,1710.58,0.0,22.05,37958.71,1
2025-03-06,2025-03-06 13:30:00,1710.58,1710.6,1710.58,1710.6,0.0,22.05,37958.71,1
2025-03-06,2025-03-06 13:31:00,1710.6,1710.63,1710.6,1710.63,0.0,22.05,37958.71,1
2025-03-06,2025-03-06 13:32:00,1710.63,1710.66,1710.63,1710.66,0.0,22.05,37958.71,1
2025-03-06,2025-03-06 13:33:00,1710.66,1710.69,1710.66,1710.69,0.0,22.05,37958.71,1
2025-03-06,2025-03-06 13:34:00,1710.69,1710.72,1710.69,1710.72,0.0,22.05,37958.71,1
2025-03-06,2025-03-06 13:35:00,1710.72,1710.75,1710.72,1710.75,0.0,22.05,37958.71,1
2025-03-06,2025-03-06 13:36:00,1710.75,1710.78,1710.75,1710.78,0.0,22.05,37958.71,1
2025-03-06,2025-03-06 13:37:00,1710.78,1710.81,1710.78,1710.81,0.0,22.05,37958.71,1
2025-03-06,2025-03-06 13:38:00,1710.81,1710.84,1710.81,1710.84,0.0,22.05,37958.71,1
2025-03-06,2025-03-06 13:39:00,1710.84,1710.87,1710.84,1710.87,0.0,22.05,37958.71,1
2025-03-06,2025-03-06 13:40:00,1710.87,1710.9,1710.87,1710.9,0.0,22.05,37958.71,1
2025-03-06,2025-03-06 13:41:00,1710.9,1710.92,1710.9,1710.92,0.0,22.05,37958.71,1
2025-03-06,2025-03-06 13:42:00,1710.92,1710.95,1710.92,1710.95,0.0,22.05,37958.71,1
2025-03-06,2025-03-06 13:43:00,1710.95,1710.98,1710.95,1710.98,0.0,22.05,37958.71,1
2025-03-06,2025-03-06 13:44:00,1710.98,1711.01,1710.98,1711.01,0.0,22.05,37958.71,1
2025-03-06,2025-03-06 13:45:00,1711.01,1711.04,1711.01,1711.04,0.0,22.05,37958.71,1
2025-03-06,2025-03-06 13:46:00,1711.04,1711.07,1711.04,1711.07,0.0,22.05,37958.71,1
2025-03-06,2025-03-06 13:47:00,1711.07,1711.1,1711.07,1711.1,0.0,22.05,37958.71,1
2025-03-06,2025-03-06 13:48:00,1711.1,1711.13,1711.1,1711.13,0.0,22.05,37958.71,1
2025-03-06,2025-03-06 13:49:00,1711.13,1711.16,1711.13,1711.16,0.0,22.05,37958.71,1
2025-03-06,2025-03-06 13:50:00,1711.16,1711.19,1711.16,1711.19,0.0,22.05,37958.71,1
2025-03-06,2025-03-06 13:51:00,1711.19,1711.22,1711.19,1711.22,0.0,22.05,37958.71,1
2025-03-06,2025-03-06 13:52:00,1711.22,1711.25,1711.22,1711.25,0.0,22.05,37958.71,1
2025-03-06,2025-03-06 13:53:00,1711.25,1711.28,1711.25,1711.28,0.0,22.05,37958.71,1
2025-03-06,2025-03-06 13:54:00,1711.28,1711.3,1711.28,1711.3,0.0,22.05,37958.71,1
2025-03-06,2025-03-06 13:55:00,1711.3,1711.33,1711.3,1711.33,0.0,22.05,37958.71,1
2025-03-06,2025-03-06 13:56:00,1711.33,1711.36,1711.33,1711.36,0.0,22.05,37958.71,1
2025-03-06,2025-03-06 13:57:00,1711.36,1711.39,1711.36,1711.39,0.0,22.05,37958.71,1
2025-03-06,2025-03-06 13:58:00,1711.39,1711.42,1711.39,1711.42,0.0,22.05,37958.71,1
2025-03-06,2025-03-06 13:59:00,1711.42,1711.45,1711.42,1711.45,0.0,22.05,37958.71,1
2025-03-06,2025-03-06 14:00:00,1711.45,1711.48,1711.45,1711.48,0.0,22.05,37958.71,1
2025-03-06,2025-03-06 14:01:00,1711.48,1711.51,1711.48,1711.51,0.0,22.05,37958.71,1
2025-03-06,2025-03-06 14:02:00,1711.51,1711.54,1711.51,1711.54,0.0,22.05,37958.71,1
2025-03-06,2025-03-06 14:03:00,1711.54,1711.57,1711.54,1711.57,0.0,22.05,37958.71,1
2025-03-06,2025-03-06 14:04:00,1711.57,1711.6,1711.57,1711.6,0.0,22.05,37958.71,1
2025-03-06,2025-03-06 14:05:00,1711.6,1711.62,1711.6,1711.62,0.0,22.05,37958.71,1
2025-03-06,2025-03-06 14:06:00,1711.62,1711.65,1711.62,1711.65,0.0,22.05,37958.71,1
2025-03-06,2025-03-06 14:07:00,1711.65,1711.68,1711.65,1711.68,0.0,22.05,37958.71,1
2025-03-06,2025-03-06 14:08:00,1711.68,1711.71,1711.68,1711.71,0.0,22.05,37958.71,1
2025-03-06,2025-03-06 14:09:00,1711.71,1711.74,1711.71,1711.74,0.0,22.05,37958.71,1
2025-03-06,2025-03-06 14:10:00,1711.74,1711.77,1711.74,1711.77,0.0,22.05,37958.71,1
2025-03-06,2025-03-06 14:11:00,1711.77,1711.8,1711.77,1711.8,0.0,22.05,37958.71,1
2025-03-06,2025-03-06 14:12:00,1711.8,1711.83,1711.8,1711.83,0.0,22.05,37958.71,1
2025-03-06,2025-03-06 14:13:00,1711.83,1711.86,1711.83,1711.86,0.0,22.05,37958.71,1
2025-03-06,2025-03-06 14:14:00,1711.86,1711.89,1711.86,1711.89,0.0,22.05,37958.71,1
2025-03-06,2025-03-06 14:15:00,1711.89,1711.92,1711.89,1711.92,0.0,22.05,37958.71,1
2025-03-06,2025-03-06 14:16:00,1711.92,1711.95,1711.92,1711.95,0.0,22.05,37958.71,1
2025-03-06,2025-03-06 14:17:00,1711.95,1711.98,1711.95,1711.98,0.0,22.05,37958.71,1
2025-03-06,2025-03-06 14:18:00,1711.98,1712.0,1711.98,1712.0,0.0,22.05,37958.71,1
2025-03-06,2025-03-06 14:19:00,1712.0,1712.03,1712.0,1712.03,0.0,22.05,37958.71,1
2025-03-06,2025-03-06 14:20:00,1712.03,1712.06,1712.03,1712.06,0.0,22.05,37958.71,1
2025-03-06,2025-03-06 14:21:00,1712.06,1712.09,1712.06,1712.09,0.0,22.05,37958.71,1
2025-03-06,2025-03-06 14:22:00,1712.09,1712.12,1712.09,1712.12,0.0,22.05,37958.71,1
2025-03-06,2025-03-06 14:23:00,1712.12,1712.15,1712.12,1712.15,0.0,22.05,37958.71,1
2025-03-06,2025-03-06 14:24:00,1712.15,1712.18,1712.15,1712.18,0.0,22.05,37958.71,1
2025-03-06,2025-03-06 14:25:00,1712.18,1712.21,1712.18,1712.21,0.0,22.05,37958.71,1
2025-03-06,2025-03-06 14:26:00,1712.21,1712.24,1712.21,1712.24,0.0,22.05,37958.71,1
2025-03-06,2025-03-06 14:27:00,1712.24,1712.27,1712.24,1712.27,0.0,22.05,37958.71,1
2025-03-06,2025-03-06 14:28:00,1712.27,1712.3,1712.27,1712.3,0.0,22.05,37958.71,1
2025-03-06,2025-03-06 14:29:00,1712.3,1712.33,1712.3,1712.33,0.0,22.05,37958.71,1
2025-03-06,2025-03-06 14:30:00,1712.33,1712.35,1712.33,1712.35,0.0,22.05,37958.71,1
2025-03-06,2025-03-06 14:31:00,1712.35,1712.38,1712.35,1712.38,0.0,22.05,37958.71,1
2025-03-06,2025-03-06 14:32:00,1712.38,1712.41,1712.38,1712.41,0.0,22.05,37958.71,1
2025-03-06,2025-03-06 14:33:00,1712.41,1712.44,1712.41,1712.44,0.0,22.05,37958.71,1
2025-03-06,2025-03-06 14:34:00,1712.44,1712.47,1712.44,1712.47,0.0,22.05,37958.71,1
2025-03-06,2025-03-06 14:35:00,1712.47,1712.5,1712.47,1712.5,0.0,22.05,37958.71,1
2025-03-06,2025-03-06 14:36:00,1712.5,1712.53,1712.5,1712.53,0.0,22.05,37958.71,1
2025-03-06,2025-03-06 14:37:00,1712.53,1712.56,1712.53,1712.56,0.0,22.05,37958.71,1
2025-03-06,2025-03-06 14:38:00,1712.56,1712.59,1712.56,1712.59,0.0,22.05,37958.71,1
2025-03-06,2025-03-06 14:39:00,1712.59,1712.62,1712.59,1712.62,0.0,22.05,37958.71,1
2025-03-06,2025-03-06 14:40:00,1712.62,1712.65,1712.62,1712.65,0.0,22.05,37958.71,1
2025-03-06,2025-03-06 14:41:00,1712.65,1712.67,1712.65,1712.67,0.0,22.05,37958.71,1
2025-03-06,2025-03-06 14:42:00,1712.67,1712.7,1712.67,1712.7,0.0,22.05,37958.71,1
2025-03-06,2025-03-06 14:43:00,1712.7,1712.73,1712.7,1712.73,0.0,22.05,37958.71,1
2025-03-06,2025-03-06 14:44:00,1712.73,1712.76,1712.73,1712.76,0.0,22.05,37958.71,1
2025-03-06,2025-03-06 14:45:00,1712.76,1712.79,1712.76,1712.79,0.0,22.05,37958.71,1
2025-03-06,2025-03-06 14:46:00,1712.79,1712.82,1712.79,1712.82,0.0,22.05,37958.71,1
2025-03-06,2025-03-06 14:47:00,1712.82,1712.85,1712.82,1712.85,0.0,22.05,37958.71,1
2025-03-06,2025-03-06 14:48:00,1712.85,1712.88,1712.85,1712.88,0.0,22.05,37958.71,1
2025-03-06,2025-03-06 14:49:00,1712.88,1712.91,1712.88,1712.91,0.0,22.05,37958.71,1
2025-03-06,2025-03-06 14:50:00,1712.91,1712.94,1712.91,1712.94,0.0,22.05,37958.71,1
2025-03-06,2025-03-06 14:51:00,1712.94,1712.97,1712.94,1712.97,0.0,22.05,37958.71,1
2025-03-06,2025-03-06 14:52:00,1712.97,1713.0,1712.97,1713.0,0.0,22.05,37958.71,1
2025-03-06,2025-03-06 14:53:00,1713.0,1713.03,1713.0,1713.03,0.0,22.05,37958.71,1
2025-03-06,2025-03-06 14:54:00,1713.03,1713.05,1713.03,1713.05,0.0,22.05,37958.71,1
2025-03-06,2025-03-06 14:55:00,1713.05,1713.08,1713.05,1713.08,0.0,22.05,37958.71,1
2025-03-06,2025-03-06 14:56:00,1713.08,1713.11,1713.08,1713.11,0.0,22.05,37958.71,1
2025-03-06,2025-03-06 14:57:00,1713.11,1713.14,1713.11,1713.14,0.0,22.05,37958.71,1
2025-03-06,2025-03-06 14:58:00,1713.14,1713.17,1713.14,1713.17,0.0,22.05,37958.71,1
2025-03-06,2025-03-06 14:59:00,1713.17,1713.2,1713.17,1713.2,0.0,22.05,37958.71,1
2025-03-06,2025-03-06 15:00:00,1713.2,1738.0,1706.1,1713.2,0.0,22.05,37958.71,0
2025-03-09,2025-03-09 11:00:00,1687.0,1699.9,1681.9,1687.08,0.0,17.9,30387.24,1
2025-03-09,2025-03-09 11:01:00,1687.08,1687.16,1687.08,1687.16,0.0,17.9,30387.24,1
2025-03-09,2025-03-09 11:02:00,1687.16,1687.24,1687.16,1687.24,0.0,17.9,30387.24,1
2025-03-09,2025-03-09 11:03:00,1687.24,1687.32,1687.24,1687.32,0.0,17.9,30387.24,1
2025-03-09,2025-03-09 11:04:00,1687.32,1687.4,1687.32,1687.4,0.0,17.9,30387.24,1
2025-03-09,2025-03-09 11:05:00,1687.4,1687.47,1687.4,1687.47,0.0,17.9,30387.24,1
2025-03-09,2025-03-09 11:06:00,1687.47,1687.55,1687.47,1687.55,0.0,17.9,30387.24,1
2025-03-09,2025-03-09 11:07:00,1687.55,1687.63,1687.55,1687.63,0.0,17.9,30387.24,1
2025-03-09,2025-03-09 11:08:00,1687.63,1687.71,1687.63,1687.71,0.0,17.9,30387.24,1
2025-03-09,2025-03-09 11:09:00,1687.71,1687.79,1687.71,1687.79,0.0,17.9,30387.24,1
2025-03-09,2025-03-09 11:10:00,1687.79,1687.87,1687.79,1687.87,0.0,17.9,30387.24,1
2025-03-09,2025-03-09 11:11:00,1687.87,1687.95,1687.87,1687.95,0.0,17.9,30387.24,1
2025-03-09,2025-03-09 11:12:00,1687.95,1688.03,1687.95,1688.03,0.0,17.9,30387.24,1
2025-03-09,2025-03-09 11:13:00,1688.03,1688.11,1688.03,1688.11,0.0,17.9,30387.24,1
2025-03-09,2025-03-09 11:14:00,1688.11,1688.19,1688.11,1688.19,0.0,17.9,30387.24,1
2025-03-09,2025-03-09 11:15:00,1688.19,1688.27,1688.19,1688.27,0.0,17.9,30387.24,1
2025-03-09,2025-03-09 11:16:00,1688.27,1688.35,1688.27,1688.35,0.0,17.9,30387.24,1
2025-03-09,2025-03-09 11:17:00,1688.35,1688.42,1688.35,1688.42,0.0,17.9,30387.24,1
2025-03-09,2025-03-09 11:18:00,1688.42,1688.5,1688.42,1688.5,0.0,17.9,30387.24,1
2025-03-09,2025-03-09 11:19:00,1688.5,1688.58,1688.5,1688.58,0.0,17.9,30387.24,1
2025-03-09,2025-03-09 11:20:00,1688.58,1688.66,1688.58,1688.66,0.0,17.9,30387.24,1
2025-03-09,2025-03-09 11:21:00,1688.66,1688.74,1688.66,1688.74,0.0,17.9,30387.24,1
2025-03-09,2025-03-09 11:22:00,1688.74,1688.82,1688.74,1688.82,0.0,17.9,30387.24,1
2025-03-09,2025-03-09 11:23:00,1688.82,1688.9,1688.82,1688.9,0.0,17.9,30387.24,1
2025-03-09,2025-03-09 11:24:00,1688.9,1688.98,1688.9,1688.98,0.0,17.9,30387.24,1
2025-03-09,2025-03-09 11:25:00,1688.98,1689.06,1688.98,1689.06,0.0,17.9,30387.24,1
2025-03-09,2025-03-09 11:26:00,1689.06,1689.14,1689.06,1689.14,0.0,17.9,30387.24,1
2025-03-09,2025-03-09 11:27:00,1689.14,1689.22,1689.14,1689.22,0.0,17.9,30387.24,1
2025-03-09,2025-03-09 11:28:00,1689.22,1689.3,1689.22,1689.3,0.0,17.9,30387.24,1
2025-03-09,2025-03-09 11:29:00,1689.3,1689.38,1689.3,1689.38,0.0,17.9,30387.24,1
2025-03-09,2025-03-09 11:30:00,1689.38,1689.45,1689.38,1689.45,0.0,17.9,30387.24,1
2025-03-09,2025-03-09 11:31:00,1689.45,1689.53,1689.45,1689.53,0.0,17.9,30387.24,1
2025-03-09,2025-03-09 11:32:00,1689.53,1689.61,1689.53,1689.61,0.0,17.9,30387.24,1
2025-03-09,2025-03-09 11:33:00,1689.61,1689.69,1689.61,1689.69,0.0,17.9,30387.24,1
2025-03-09,2025-03-09 11:34:00,1689.69,1689.77,1689.69,1689.77,0.0,17.9,30387.24,1
2025-03-09,2025-03-09 11:35:00,1689.77,1689.85,1689.77,1689.85,0.0,17.9,30387.24,1
2025-03-09,2025-03-09 11:36:00,1689.85,1689.93,1689.85,1689.93,0.0,17.9,30387.24,1
2025-03-09,2025-03-09 11:37:00,1689.93,1690.01,1689.93,1690.01,0.0,17.9,30387.24,1
2025-03-09,2025-03-09 11:38:00,1690.01,1690.09,1690.01,1690.09,0.0,17.9,30387.24,1
2025-03-09,2025-03-09 11:39:00,1690.09,1690.17,1690.09,1690.17,0.0,17.9,30387.24,1
2025-03-09,2025-03-09 11:40:00,1690.17,1690.25,1690.17,1690.25,0.0,17.9,30387.24,1
2025-03-09,2025-03-09 11:41:00,1690.25,1690.33,1690.25,1690.33,0.0,17.9,30387.24,1
2025-03-09,2025-03-09 11:42:00,1690.33,1690.4,1690.33,1690.4,0.0,17.9,30387.24,1
2025-03-09,2025-03-09 11:43:00,1690.4,1690.48,1690.4,1690.48,0.0,17.9,30387.24,1
2025-03-09,2025-03-09 11:44:00,1690.48,1690.56,1690.48,1690.56,0.0,17.9,30387.24,1
2025-03-09,2025-03-09 11:45:00,1690.56,1690.64,1690.56,1690.64,0.0,17.9,30387.24,1
2025-03-09,2025-03-09 11:46:00,1690.64,1690.72,1690.64,1690.72,0.0,17.9,30387.24,1
2025-03-09,2025-03-09 11:47:00,1690.72,1690.8,1690.72,1690.8,0.0,17.9,30387.24,1
2025-03-09,2025-03-09 11:48:00,1690.8,1690.88,1690.8,1690.88,0.0,17.9,30387.24,1
2025-03-09,2025-03-09 11:49:00,1690.88,1690.96,1690.88,1690.96,0.0,17.9,30387.24,1
2025-03-09,2025-03-09 11:50:00,1690.96,1691.04,1690.96,1691.04,0.0,17.9,30387.24,1
2025-03-09,2025-03-09 11:51:00,1691.04,1691.12,1691.04,1691.12,0.0,17.9,30387.24,1
2025-03-09,2025-03-09 11:52:00,1691.12,1691.2,1691.12,1691.2,0.0,17.9,30387.24,1
2025-03-09,2025-03-09 11:53:00,1691.2,1691.28,1691.2,1691.28,0.0,17.9,30387.24,1
2025-03-09,2025-03-09 11:54:00,1691.28,1691.35,1691.28,1691.35,0.0,17.9,30387.24,1
2025-03-09,2025-03-09 11:55:00,1691.35,1691.43,1691.35,1691.43,0.0,17.9,30387.24,1
2025-03-09,2025-03-09 11:56:00,1691.43,1691.51,1691.43,1691.51,0.0,17.9,30387.24,1
2025-03-09,2025-03-09 11:57:00,1691.51,1691.59,1691.51,1691.59,0.0,17.9,30387.24,1
2025-03-09,2025-03-09 11:58:00,1691.59,1691.67,1691.59,1691.67,0.0,17.9,30387.24,1
2025-03-09,2025-03-09 11:59:00,1691.67,1691.75,1691.67,1691.75,0.0,17.9,30387.24,1
2025-03-09,2025-03-09 12:00:00,1691.75,1691.83,1691.75,1691.83,0.0,17.9,30387.24,1
2025-03-09,2025-03-09 12:01:00,1691.83,1691.91,1691.83,1691.91,0.0,17.9,30387.24,1
2025-03-09,2025-03-09 12:02:00,1691.91,1691.99,1691.91,1691.99,0.0,17.9,30387.24,1
2025-03-09,2025-03-09 12:03:00,1691.99,1692.07,1691.99,1692.07,0.0,17.9,30387.24,1
2025-03-09,2025-03-09 12:04:00,1692.07,1692.15,1692.07,1692.15,0.0,17.9,30387.24,1
2025-03-09,2025-03-09 12:05:00,1692.15,1692.22,1692.15,1692.22,0.0,17.9,30387.24,1
2025-03-09,2025-03-09 12:06:00,1692.22,1692.3,1692.22,1692.3,0.0,17.9,30387.24,1
2025-03-09,2025-03-09 12:07:00,1692.3,1692.38,1692.3,1692.38,0.0,17.9,30387.24,1
2025-03-09,2025-03-09 12:08:00,1692.38,1692.46,1692.38,1692.46,0.0,17.9,30387.24,1
2025-03-09,2025-03-09 12:09:00,1692.46,1692.54,1692.46,1692.54,0.0,17.9,30387.24,1
2025-03-09,2025-03-09 12:10:00,1692.54,1692.62,1692.54,1692.62,0.0,17.9,30387.24,1
2025-03-09,2025-03-09 12:11:00,1692.62,1692.7,1692.62,1692.7,0.0,17.9,30387.24,1
2025-03-09,2025-03-09 12:12:00,1692.7,1692.78,1692.7,1692.78,0.0,17.9,30387.24,1
2025-03-09,2025-03-09 12:13:00,1692.78,1692.86,1692.78,1692.86,0.0,17.9,30387.24,1
2025-03-09,2025-03-09 12:14:00,1692.86,1692.94,1692.86,1692.94,0.0,17.9,30387.24,1
2025-03-09,2025-03-09 12:15:00,1692.94,1693.02,1692.94,1693.02,0.0,17.9,30387.24,1
2025-03-09,2025-03-09 12:16:00,1693.02,1693.1,1693.02,1693.1,0.0,17.9,30387.24,1
2025-03-09,2025-03-09 12:17:00,1693.1,1693.17,1693.1,1693.17,0.0,17.9,30387.24,1
2025-03-09,2025-03-09 12:18:00,1693.17,1693.25,1693.17,1693.25,0.0,17.9,30387.24,1
2025-03-09,2025-03-09 12:19:00,1693.25,1693.33,1693.25,1693.33,0.0,17.9,30387.24,1
2025-03-09,2025-03-09 12:20:00,1693.33,1693.41,1693.33,1693.41,0.0,17.9,30387.24,1
2025-03-09,2025-03-09 12:21:00,1693.41,1693.49,1693.41,1693.49,0.0,17.9,30387.24,1
2025-03-09,2025-03-09 12:22:00,1693.49,1693.57,1693.49,1693.57,0.0,17.9,30387.24,1
2025-03-09,2025-03-09 12:23:00,1693.57,1693.65,1693.57,1693.65,0.0,17.9,30387.24,1
2025-03-09,2025-03-09 12:24:00,1693.65,1693.73,1693.65,1693.73,0.0,17.9,30387.24,1
2025-03-09,2025-03-09 12:25:00,1693.73,1693.81,1693.73,1693.81,0.0,17.9,30387.24,1
2025-03-09,2025-03-09 12:26:00,1693.81,1693.89,1693.81,1693.89,0.0,17.9,30387.24,1
2025-03-09,2025-03-09 12:27:00,1693.89,1693.97,1693.89,1693.97,0.0,17.9,30387.24,1
2025-03-09,2025-03-09 12:28:00,1693.97,1694.05,1693.97,1694.05,0.0,17.9,30387.24,1
2025-03-09,2025-03-09 12:29:00,1694.05,1694.12,1694.05,1694.12,0.0,17.9,30387.24,1
2025-03-09,2025-03-09 12:30:00,1694.12,1694.2,1694.12,1694.2,0.0,17.9,30387.24,1
2025-03-09,2025-03-09 12:31:00,1694.2,1694.28,1694.2,1694.28,0.0,17.9,30387.24,1
2025-03-09,2025-03-09 12:32:00,1694.28,1694.36,1694.28,1694.36,0.0,17.9,30387.24,1
2025-03-09,2025-03-09 12:33:00,1694.36,1694.44,1694.36,1694.44,0.0,17.9,30387.24,1
2025-03-09,2025-03-09 12:34:00,1694.44,1694.52,1694.44,1694.52,0.0,17.9,30387.24,1
2025-03-09,2025-03-09 12:35:00,1694.52,1694.6,1694.52,1694.6,0.0,17.9,30387.24,1
2025-03-09,2025-03-09 12:36:00,1694.6,1694.68,1694.6,1694.68,0.0,17.9,30387.24,1
2025-03-09,2025-03-09 12:37:00,1694.68,1694.76,1694.68,1694.76,0.0,17.9,30387.24,1
2025-03-09,2025-03-09 12:38:00,1694.76,1694.84,1694.76,1694.84,0.0,17.9,30387.24,1
2025-03-09,2025-03-09 12:39:00,1694.84,1694.92,1694.84,1694.92,0.0,17.9,30387.24,1
2025-03-09,2025-03-09 12:40:00,1694.92,1695.0,1694.92,1695.0,0.0,17.9,30387.24,1
2025-03-09,2025-03-09 12:41:00,1695.0,1695.08,1695.0,1695.08,0.0,17.9,30387.24,1
2025-03-09,2025-03-09 12:42:00,1695.08,1695.15,1695.08,1695.15,0.0,17.9,30387.24,1
2025-03-09,2025-03-09 12:43:00,1695.15,1695.23,1695.15,1695.23,0.0,17.9,30387.24,1
2025-03-09,2025-03-09 12:44:00,1695.23,1695.31,1695.23,1695.31,0.0,17.9,30387.24,1
2025-03-09,2025-03-09 12:45:00,1695.31,1695.39,1695.31,1695.39,0.0,17.9,30387.24,1
2025-03-09,2025-03-09 12:46:00,1695.39,1695.47,1695.39,1695.47,0.0,17.9,30387.24,1
2025-03-09,2025-03-09 12:47:00,1695.47,1695.55,1695.47,1695.55,0.0,17.9,30387.24,1
2025-03-09,2025-03-09 12:48:00,1695.55,1695.63,1695.55,1695.63,0.0,17.9,30387.24,1
2025-03-09,2025-03-09 12:49:00,1695.63,1695.71,1695.63,1695.71,0.0,17.9,30387.24,1
2025-03-09,2025-03-09 12:50:00,1695.71,1695.79,1695.71,1695.79,0.0,17.9,30387.24,1
2025-03-09,2025-03-09 12:51:00,1695.79,1695.87,1695.79,1695.87,0.0,17.9,30387.24,1
2025-03-09,2025-03-09 12:52:00,1695.87,1695.95,1695.87,1695.95,0.0,17.9,30387.24,1
2025-03-09,2025-03-09 12:53:00,1695.95,1696.03,1695.95,1696.03,0.0,17.9,30387.24,1
2025-03-09,2025-03-09 12:54:00,1696.03,1696.1,1696.03,1696.1,0.0,17.9,30387.24,1
2025-03-09,2025-03-09 12:55:00,1696.1,1696.18,1696.1,1696.18,0.0,17.9,30387.24,1
2025-03-09,2025-03-09 12:56:00,1696.18,1696.26,1696.18,1696.26,0.0,17.9,30387.24,1
2025-03-09,2025-03-09 12:57:00,1696.26,1696.34,1696.26,1696.34,0.0,17.9,30387.24,1
2025-03-09,2025-03-09 12:58:00,1696.34,1696.42,1696.34,1696.42,0.0,17.9,30387.24,1
2025-03-09,2025-03-09 12:59:00,1696.42,1696.5,1696.42,1696.5,0.0,17.9,30387.24,1
2025-03-09,2025-03-09 13:00:00,1696.5,1730.0,1670.0,1696.58,0.0,17.9,30387.24,1
2025-03-09,2025-03-09 13:01:00,1696.58,1696.66,1696.58,1696.66,0.0,17.9,30387.24,1
2025-03-09,2025-03-09 13:02:00,1696.66,1696.74,1696.66,1696.74,0.0,17.9,30387.24,1
2025-03-09,2025-03-09 13:03:00,1696.74,1696.82,1696.74,1696.82,0.0,17.9,30387.24,1
2025-03-09,2025-03-09 13:04:00,1696.82,1696.9,1696.82,1696.9,0.0,17.9,30387.24,1
2025-03-09,2025-03-09 13:05:00,1696.9,1696.97,1696.9,1696.97,0.0,17.9,30387.24,1
2025-03-09,2025-03-09 13:06:00,1696.97,1697.05,1696.97,1697.05,0.0,17.9,30387.24,1
2025-03-09,2025-03-09 13:07:00,1697.05,1697.13,1697.05,1697.13,0.0,17.9,30387.24,1
2025-03-09,2025-03-09 13:08:00,1697.13,1697.21,1697.13,1697.21,0.0,17.9,30387.24,1
2025-03-09,2025-03-09 13:09:00,1697.21,1697.29,1697.21,1697.29,0.0,17.9,30387.24,1
2025-03-09,2025-03-09 13:10:00,1697.29,1697.37,1697.29,1697.37,0.0,17.9,30387.24,1
2025-03-09,2025-03-09 13:11:00,1697.37,1697.45,1697.37,1697.45,0.0,17.9,30387.24,1
2025-03-09,2025-03-09 13:12:00,1697.45,1697.53,1697.45,1697.53,0.0,17.9,30387.24,1
2025-03-09,2025-03-09 13:13:00,1697.53,1697.61,1697.53,1697.61,0.0,17.9,30387.24,1
2025-03-09,2025-03-09 13:14:00,1697.61,1697.69,1697.61,1697.69,0.0,17.9,30387.24,1
2025-03-09,2025-03-09 13:15:00,1697.69,1697.77,1697.69,1697.77,0.0,17.9,30387.24,1
2025-03-09,2025-03-09 13:16:00,1697.77,1697.85,1697.77,1697.85,0.0,17.9,30387.24,1
2025-03-09,2025-03-09 13:17:00,1697.85,1697.92,1697.85,1697.92,0.0,17.9,30387.24,1
2025-03-09,2025-03-09 13:18:00,1697.92,1698.0,1697.92,1698.0,0.0,17.9,30387.24,1
2025-03-09,2025-03-09 13:19:00,1698.0,1698.08,1698.0,1698.08,0.0,17.9,30387.24,1
2025-03-09,2025-03-09 13:20:00,1698.08,1698.16,1698.08,1698.16,0.0,17.9,30387.24,1
2025-03-09,2025-03-09 13:21:00,1698.16,1698.24,1698.16,1698.24,0.0,17.9,30387.24,1
2025-03-09,2025-03-09 13:22:00,1698.24,1698.32,1698.24,1698.32,0.0,17.9,30387.24,1
2025-03-09,2025-03-09 13:23:00,1698.32,1698.4,1698.32,1698.4,0.0,17.9,30387.24,1
2025-03-09,2025-03-09 13:24:00,1698.4,1698.48,1698.4,1698.48,0.0,17.9,30387.24,1
2025-03-09,2025-03-09 13:25:00,1698.48,1698.56,1698.48,1698.56,0.0,17.9,30387.24,1
2025-03-09,2025-03-09 13:26:00,1698.56,1698.64,1698.56,1698.64,0.0,17.9,30387.24,1
2025-03-09,2025-03-09 13:27:00,1698.64,1698.72,1698.64,1698.72,0.0,17.9,30387.24,1
2025-03-09,2025-03-09 13:28:00,1698.72,1698.8,1698.72,1698.8,0.0,17.9,30387.24,1
2025-03-09,2025-03-09 13:29:00,1698.8,1698.88,1698.8,1698.88,0.0,17.9,30387.24,1
2025-03-09,2025-03-09 13:30:00,1698.88,1698.95,1698.88,1698.95,0.0,17.9,30387.24,1
2025-03-09,2025-03-09 13:31:00,1698.95,1699.03,1698.95,1699.03,0.0,17.9,30387.24,1
2025-03-09,2025-03-09 13:32:00,1699.03,1699.11,1699.03,1699.11,0.0,17.9,30387.24,1
2025-03-09,2025-03-09 13:33:00,1699.11,1699.19,1699.11,1699.19,0.0,17.9,30387.24,1
2025-03-09,2025-03-09 13:34:00,1699.19,1699.27,1699.19,1699.27,0.0,17.9,30387.24,1
2025-03-09,2025-03-09 13:35:00,1699.27,1699.35,1699.27,1699.35,0.0,17.9,30387.24,1
2025-03-09,2025-03-09 13:36:00,1699.35,1699.43,1699.35,1699.43,0.0,17.9,30387.24,1
2025-03-09,2025-03-09 13:37:00,1699.43,1699.51,1699.43,1699.51,0.0,17.9,30387.24,1
2025-03-09,2025-03-09 13:38:00,1699.51,1699.59,1699.51,1699.59,0.0,17.9,30387.24,1
2025-03-09,2025-03-09 13:39:00,1699.59,1699.67,1699.59,1699.67,0.0,17.9,30387.24,1
2025-03-09,2025-03-09 13:40:00,1699.67,1699.75,1699.67,1699.75,0.0,17.9,30387.24,1
2025-03-09,2025-03-09 13:41:00,1699.75,1699.83,1699.75,1699.83,0.0,17.9,30387.24,1
2025-03-09,2025-03-09 13:42:00,1699.83,1699.9,1699.83,1699.9,0.0,17.9,30387.24,1
2025-03-09,2025-03-09 13:43:00,1699.9,1699.98,1699.9,1699.98,0.0,17.9,30387.24,1
2025-03-09,2025-03-09 13:44:00,1699.98,1700.06,1699.98,1700.06,0.0,17.9,30387.24,1
2025-03-09,2025-03-09 13:45:00,1700.06,1700.14,1700.06,1700.14,0.0,17.9,30387.24,1
2025-03-09,2025-03-09 13:46:00,1700.14,1700.22,1700.14,1700.22,0.0,17.9,30387.24,1
2025-03-09,2025-03-09 13:47:00,1700.22,1700.3,1700.22,1700.3,0.0,17.9,30387.24,1
2025-03-09,2025-03-09 13:48:00,1700.3,1700.38,1700.3,1700.38,0.0,17.9,30387.24,1
2025-03-09,2025-03-09 13:49:00,1700.38,1700.46,1700.38,1700.46,0.0,17.9,30387.24,1
2025-03-09,2025-03-09 13:50:00,1700.46,1700.54,1700.46,1700.54,0.0,17.9,30387.24,1
2025-03-09,2025-03-09 13:51:00,1700.54,1700.62,1700.54,1700.62,0.0,17.9,30387.24,1
2025-03-09,2025-03-09 13:52:00,1700.62,1700.7,1700.62,1700.7,0.0,17.9,30387.24,1
2025-03-09,2025-03-09 13:53:00,1700.7,1700.78,1700.7,1700.78,0.0,17.9,30387.24,1
2025-03-09,2025-03-09 13:54:00,1700.78,1700.85,1700.78,1700.85,0.0,17.9,30387.24,1
2025-03-09,2025-03-09 13:55:00,1700.85,1700.93,1700.85,1700.93,0.0,17.9,30387.24,1
2025-03-09,2025-03-09 13:56:00,1700.93,1701.01,1700.93,1701.01,0.0,17.9,30387.24,1
2025-03-09,2025-03-09 13:57:00,1701.01,1701.09,1701.01,1701.09,0.0,17.9,30387.24,1
2025-03-09,2025-03-09 13:58:00,1701.09,1701.17,1701.09,1701.17,0.0,17.9,30387.24,1
2025-03-09,2025-03-09 13:59:00,1701.17,1701.25,1701.17,1701.25,0.0,17.9,30387.24,1
2025-03-09,2025-03-09 14:00:00,1701.25,1701.33,1701.25,1701.33,0.0,17.9,30387.24,1
2025-03-09,2025-03-09 14:01:00,1701.33,1701.41,1701.33,1701.41,0.0,17.9,30387.24,1
2025-03-09,2025-03-09 14:02:00,1701.41,1701.49,1701.41,1701.49,0.0,17.9,30387.24,1
2025-03-09,2025-03-09 14:03:00,1701.49,1701.57,1701.49,1701.57,0.0,17.9,30387.24,1
2025-03-09,2025-03-09 14:04:00,1701.57,1701.65,1701.57,1701.65,0.0,17.9,30387.24,1
2025-03-09,2025-03-09 14:05:00,1701.65,1701.72,1701.65,1701.72,0.0,17.9,30387.24,1
2025-03-09,2025-03-09 14:06:00,1701.72,1701.8,1701.72,1701.8,0.0,17.9,30387.24,1
2025-03-09,2025-03-09 14:07:00,1701.8,1701.88,1701.8,1701.88,0.0,17.9,30387.24,1
2025-03-09,2025-03-09 14:08:00,1701.88,1701.96,1701.88,1701.96,0.0,17.9,30387.24,1
2025-03-09,2025-03-09 14:09:00,1701.96,1702.04,1701.96,1702.04,0.0,17.9,30387.24,1
2025-03-09,2025-03-09 14:10:00,1702.04,1702.12,1702.04,1702.12,0.0,17.9,30387.24,1
2025-03-09,2025-03-09 14:11:00,1702.12,1702.2,1702.12,1702.2,0.0,17.9,30387.24,1
2025-03-09,2025-03-09 14:12:00,1702.2,1702.28,1702.2,1702.28,0.0,17.9,30387.24,1
2025-03-09,2025-03-09 14:13:00,1702.28,1702.36,1702.28,1702.36,0.0,17.9,30387.24,1
2025-03-09,2025-03-09 14:14:00,1702.36,1702.44,1702.36,1702.44,0.0,17.9,30387.24,1
2025-03-09,2025-03-09 14:15:00,1702.44,1702.52,1702.44,1702.52,0.0,17.9,30387.24,1
2025-03-09,2025-03-09 14:16:00,1702.52,1702.6,1702.52,1702.6,0.0,17.9,30387.24,1
2025-03-09,2025-03-09 14:17:00,1702.6,1702.67,1702.6,1702.67,0.0,17.9,30387.24,1
2025-03-09,2025-03-09 14:18:00,1702.67,1702.75,1702.67,1702.75,0.0,17.9,30387.24,1
2025-03-09,2025-03-09 14:19:00,1702.75,1702.83,1702.75,1702.83,0.0,17.9,30387.24,1
2025-03-09,2025-03-09 14:20:00,1702.83,1702.91,1702.83,1702.91,0.0,17.9,30387.24,1
2025-03-09,2025-03-09 14:21:00,1702.91,1702.99,1702.91,1702.99,0.0,17.9,30387.24,1
2025-03-09,2025-03-09 14:22:00,1702.99,1703.07,1702.99,1703.07,0.0,17.9,30387.24,1
2025-03-09,2025-03-09 14:23:00,1703.07,1703.15,1703.07,1703.15,0.0,17.9,30387.24,1
2025-03-09,2025-03-09 14:24:00,1703.15,1703.23,1703.15,1703.23,0.0,17.9,30387.24,1
2025-03-09,2025-03-09 14:25:00,1703.23,1703.31,1703.23,1703.31,0.0,17.9,30387.24,1
2025-03-09,2025-03-09 14:26:00,1703.31,1703.39,1703.31,1703.39,0.0,17.9,30387.24,1
2025-03-09,2025-03-09 14:27:00,1703.39,1703.47,1703.39,1703.47,0.0,17.9,30387.24,1
2025-03-09,2025-03-09 14:28:00,1703.47,1703.55,1703.47,1703.55,0.0,17.9,30387.24,1
2025-03-09,2025-03-09 14:29:00,1703.55,1703.62,1703.55,1703.62,0.0,17.9,30387.24,1
2025-03-09,2025-03-09 14:30:00,1703.62,1703.7,1703.62,1703.7,0.0,17.9,30387.24,1
2025-03-09,2025-03-09 14:31:00,1703.7,1703.78,1703.7,1703.78,0.0,17.9,30387.24,1
2025-03-09,2025-03-09 14:32:00,1703.78,1703.86,1703.78,1703.86,0.0,17.9,30387.24,1
2025-03-09,2025-03-09 14:33:00,1703.86,1703.94,1703.86,1703.94,0.0,17.9,30387.24,1
2025-03-09,2025-03-09 14:34:00,1703.94,1704.02,1703.94,1704.02,0.0,17.9,30387.24,1
2025-03-09,2025-03-09 14:35:00,1704.02,1704.1,1704.02,1704.1,0.0,17.9,30387.24,1
2025-03-09,2025-03-09 14:36:00,1704.1,1704.18,1704.1,1704.18,0.0,17.9,30387.24,1
2025-03-09,2025-03-09 14:37:00,1704.18,1704.26,1704.18,1704.26,0.0,17.9,30387.24,1
2025-03-09,2025-03-09 14:38:00,1704.26,1704.34,1704.26,1704.34,0.0,17.9,30387.24,1
2025-03-09,2025-03-09 14:39:00,1704.34,1704.42,1704.34,1704.42,0.0,17.9,30387.24,1
2025-03-09,2025-03-09 14:40:00,1704.42,1704.5,1704.42,1704.5,0.0,17.9,30387.24,1
2025-03-09,2025-03-09 14:41:00,1704.5,1704.58,1704.5,1704.58,0.0,17.9,30387.24,1
2025-03-09,2025-03-09 14:42:00,1704.58,1704.65,1704.58,1704.65,0.0,17.9,30387.24,1
2025-03-09,2025-03-09 14:43:00,1704.65,1704.73,1704.65,1704.73,0.0,17.9,30387.24,1
2025-03-09,2025-03-09 14:44:00,1704.73,1704.81,1704.73,1704.81,0.0,17.9,30387.24,1
2025-03-09,2025-03-09 14:45:00,1704.81,1704.89,1704.81,1704.89,0.0,17.9,30387.24,1
2025-03-09,2025-03-09 14:46:00,1704.89,1704.97,1704.89,1704.97,0.0,17.9,30387.24,1
2025-03-09,2025-03-09 14:47:00,1704.97,1705.05,1704.97,1705.05,0.0,17.9,30387.24,1
2025-03-09,2025-03-09 14:48:00,1705.05,1705.13,1705.05,1705.13,0.0,17.9,30387.24,1
2025-03-09,2025-03-09 14:49:00,1705.13,1705.21,1705.13,1705.21,0.0,17.9,30387.24,1
2025-03-09,2025-03-09 14:50:00,1705.21,1705.29,1705.21,1705.29,0.0,17.9,30387.24,1
2025-03-09,2025-03-09 14:51:00,1705.29,1705.37,1705.29,1705.37,0.0,17.9,30387.24,1
2025-03-09,2025-03-09 14:52:00,1705.37,1705.45,1705.37,1705.45,0.0,17.9,30387.24,1
2025-03-09,2025-03-09 14:53:00,1705.45,1705.53,1705.45,1705.53,0.0,17.9,30387.24,1
2025-03-09,2025-03-09 14:54:00,1705.53,1705.6,1705.53,1705.6,0.0,17.9,30387.24,1
2025-03-09,2025-03-09 14:55:00,1705.6,1705.68,1705.6,1705.68,0.0,17.9,30387.24,1
2025-03-09,2025-03-09 14:56:00,1705.68,1705.76,1705.68,1705.76,0.0,17.9,30387.24,1
2025-03-09,2025-03-09 14:57:00,1705.76,1705.84,1705.76,1705.84,0.0,17.9,30387.24,1
2025-03-09,2025-03-09 14:58:00,1705.84,1705.92,1705.84,1705.92,0.0,17.9,30387.24,1
2025-03-09,2025-03-09 14:59:00,1705.92,1706.0,1705.92,1706.0,0.0,17.9,30387.24,1
2025-03-09,2025-03-09 15:00:00,1706.0,1730.0,1670.0,1706.0,0.0,17.9,30387.24,0
2025-03-10,2025-03-10 11:00:00,1680.0,1697.7,1680.0,1680.08,0.0,19.93,33790.22,1
2025-03-10,2025-03-10 11:01:00,1680.08,1680.16,1680.08,1680.16,0.0,19.93,33790.22,1
2025-03-10,2025-03-10 11:02:00,1680.16,1680.24,1680.16,1680.24,0.0,19.93,33790.22,1
2025-03-10,2025-03-10 11:03:00,1680.24,1680.32,1680.24,1680.32,0.0,19.93,33790.22,1
2025-03-10,2025-03-10 11:04:00,1680.32,1680.4,1680.32,1680.4,0.0,19.93,33790.22,1
2025-03-10,2025-03-10 11:05:00,1680.4,1680.47,1680.4,1680.47,0.0,19.93,33790.22,1
2025-03-10,2025-03-10 11:06:00,1680.47,1680.55,1680.47,1680.55,0.0,19.93,33790.22,1
2025-03-10,2025-03-10 11:07:00,1680.55,1680.63,1680.55,1680.63,0.0,19.93,33790.22,1
2025-03-10,2025-03-10 11:08:00,1680.63,1680.71,1680.63,1680.71,0.0,19.93,33790.22,1
2025-03-10,2025-03-10 11:09:00,1680.71,1680.79,1680.71,1680.79,0.0,19.93,33790.22,1
2025-03-10,2025-03-10 11:10:00,1680.79,1680.87,1680.79,1680.87,0.0,19.93,33790.22,1
2025-03-10,2025-03-10 11:11:00,1680.87,1680.95,1680.87,1680.95,0.0,19.93,33790.22,1
2025-03-10,2025-03-10 11:12:00,1680.95,1681.03,1680.95,1681.03,0.0,19.93,33790.22,1
2025-03-10,2025-03-10 11:13:00,1681.03,1681.11,1681.03,1681.11,0.0,19.93,33790.22,1
2025-03-10,2025-03-10 11:14:00,1681.11,1681.19,1681.11,1681.19,0.0,19.93,33790.22,1
2025-03-10,2025-03-10 11:15:00,1681.19,1681.27,1681.19,1681.27,0.0,19.93,33790.22,1
2025-03-10,2025-03-10 11:16:00,1681.27,1681.35,1681.27,1681.35,0.0,19.93,33790.22,1
2025-03-10,2025-03-10 11:17:00,1681.35,1681.42,1681.35,1681.42,0.0,19.93,33790.22,1
2025-03-10,2025-03-10 11:18:00,1681.42,1681.5,1681.42,1681.5,0.0,19.93,33790.22,1
2025-03-10,2025-03-10 11:19:00,1681.5,1681.58,1681.5,1681.58,0.0,19.93,33790.22,1
2025-03-10,2025-03-10 11:20:00,1681.58,1681.66,1681.58,1681.66,0.0,19.93,33790.22,1
2025-03-10,2025-03-10 11:21:00,1681.66,1681.74,1681.66,1681.74,0.0,19.93,33790.22,1
2025-03-10,2025-03-10 11:22:00,1681.74,1681.82,1681.74,1681.82,0.0,19.93,33790.22,1
2025-03-10,2025-03-10 11:23:00,1681.82,1681.9,1681.82,1681.9,0.0,19.93,33790.22,1
2025-03-10,2025-03-10 11:24:00,1681.9,1681.98,1681.9,1681.98,0.0,19.93,33790.22,1
2025-03-10,2025-03-10 11:25:00,1681.98,1682.06,1681.98,1682.06,0.0,19.93,33790.22,1
2025-03-10,2025-03-10 11:26:00,1682.06,1682.14,1682.06,1682.14,0.0,19.93,33790.22,1
2025-03-10,2025-03-10 11:27:00,1682.14,1682.22,1682.14,1682.22,0.0,19.93,33790.22,1
2025-03-10,2025-03-10 11:28:00,1682.22,1682.3,1682.22,1682.3,0.0,19.93,33790.22,1
2025-03-10,2025-03-10 11:29:00,1682.3,1682.38,1682.3,1682.38,0.0,19.93,33790.22,1
2025-03-10,2025-03-10 11:30:00,1682.38,1682.45,1682.38,1682.45,0.0,19.93,33790.22,1
2025-03-10,2025-03-10 11:31:00,1682.45,1682.53,1682.45,1682.53,0.0,19.93,33790.22,1
2025-03-10,2025-03-10 11:32:00,1682.53,1682.61,1682.53,1682.61,0.0,19.93,33790.22,1
2025-03-10,2025-03-10 11:33:00,1682.61,1682.69,1682.61,1682.69,0.0,19.93,33790.22,1
2025-03-10,2025-03-10 11:34:00,1682.69,1682.77,1682.69,1682.77,0.0,19.93,33790.22,1
2025-03-10,2025-03-10 11:35:00,1682.77,1682.85,1682.77,1682.85,0.0,19.93,33790.22,1
2025-03-10,2025-03-10 11:36:00,1682.85,1682.93,1682.85,1682.93,0.0,19.93,33790.22,1
2025-03-10,2025-03-10 11:37:00,1682.93,1683.01,1682.93,1683.01,0.0,19.93,33790.22,1
2025-03-10,2025-03-10 11:38:00,1683.01,1683.09,1683.01,1683.09,0.0,19.93,33790.22,1
2025-03-10,2025-03-10 11:39:00,1683.09,1683.17,1683.09,1683.17,0.0,19.93,33790.22,1
2025-03-10,2025-03-10 11:40:00,1683.17,1683.25,1683.17,1683.25,0.0,19.93,33790.22,1
2025-03-10,2025-03-10 11:41:00,1683.25,1683.33,1683.25,1683.33,0.0,19.93,33790.22,1
2025-03-10,2025-03-10 11:42:00,1683.33,1683.4,1683.33,1683.4,0.0,19.93,33790.22,1
2025-03-10,2025-03-10 11:43:00,1683.4,1683.48,1683.4,1683.48,0.0,19.93,33790.22,1
2025-03-10,2025-03-10 11:44:00,1683.48,1683.56,1683.48,1683.56,0.0,19.93,33790.22,1
2025-03-10,2025-03-10 11:45:00,1683.56,1683.64,1683.56,1683.64,0.0,19.93,33790.22,1
2025-03-10,2025-03-10 11:46:00,1683.64,1683.72,1683.64,1683.72,0.0,19.93,33790.22,1
2025-03-10,2025-03-10 11:47:00,1683.72,1683.8,1683.72,1683.8,0.0,19.93,33790.22,1
2025-03-10,2025-03-10 11:48:00,1683.8,1683.88,1683.8,1683.88,0.0,19.93,33790.22,1
2025-03-10,2025-03-10 11:49:00,1683.88,1683.96,1683.88,1683.96,0.0,19.93,33790.22,1
2025-03-10,2025-03-10 11:50:00,1683.96,1684.04,1683.96,1684.04,0.0,19.93,33790.22,1
2025-03-10,2025-03-10 11:51:00,1684.04,1684.12,1684.04,1684.12,0.0,19.93,33790.22,1
2025-03-10,2025-03-10 11:52:00,1684.12,1684.2,1684.12,1684.2,0.0,19.93,33790.22,1
2025-03-10,2025-03-10 11:53:00,1684.2,1684.28,1684.2,1684.28,0.0,19.93,33790.22,1
2025-03-10,2025-03-10 11:54:00,1684.28,1684.35,1684.28,1684.35,0.0,19.93,33790.22,1
2025-03-10,2025-03-10 11:55:00,1684.35,1684.43,1684.35,1684.43,0.0,19.93,33790.22,1
2025-03-10,2025-03-10 11:56:00,1684.43,1684.51,1684.43,1684.51,0.0,19.93,33790.22,1
2025-03-10,2025-03-10 11:57:00,1684.51,1684.59,1684.51,1684.59,0.0,19.93,33790.22,1
2025-03-10,2025-03-10 11:58:00,1684.59,1684.67,1684.59,1684.67,0.0,19.93,33790.22,1
2025-03-10,2025-03-10 11:59:00,1684.67,1684.75,1684.67,1684.75,0.0,19.93,33790.22,1
2025-03-10,2025-03-10 12:00:00,1684.75,1684.83,1684.75,1684.83,0.0,19.93,33790.22,1
2025-03-10,2025-03-10 12:01:00,1684.83,1684.91,1684.83,1684.91,0.0,19.93,33790.22,1
2025-03-10,2025-03-10 12:02:00,1684.91,1684.99,1684.91,1684.99,0.0,19.93,33790.22,1
2025-03-10,2025-03-10 12:03:00,1684.99,1685.07,1684.99,1685.07,0.0,19.93,33790.22,1
2025-03-10,2025-03-10 12:04:00,1685.07,1685.15,1685.07,1685.15,0.0,19.93,33790.22,1
2025-03-10,2025-03-10 12:05:00,1685.15,1685.22,1685.15,1685.22,0.0,19.93,33790.22,1
2025-03-10,2025-03-10 12:06:00,1685.22,1685.3,1685.22,1685.3,0.0,19.93,33790.22,1
2025-03-10,2025-03-10 12:07:00,1685.3,1685.38,1685.3,1685.38,0.0,19.93,33790.22,1
2025-03-10,2025-03-10 12:08:00,1685.38,1685.46,1685.38,1685.46,0.0,19.93,33790.22,1
2025-03-10,2025-03-10 12:09:00,1685.46,1685.54,1685.46,1685.54,0.0,19.93,33790.22,1
2025-03-10,2025-03-10 12:10:00,1685.54,1685.62,1685.54,1685.62,0.0,19.93,33790.22,1
2025-03-10,2025-03-10 12:11:00,1685.62,1685.7,1685.62,1685.7,0.0,19.93,33790.22,1
2025-03-10,2025-03-10 12:12:00,1685.7,1685.78,1685.7,1685.78,0.0,19.93,33790.22,1
2025-03-10,2025-03-10 12:13:00,1685.78,1685.86,1685.78,1685.86,0.0,19.93,33790.22,1
2025-03-10,2025-03-10 12:14:00,1685.86,1685.94,1685.86,1685.94,0.0,19.93,33790.22,1
2025-03-10,2025-03-10 12:15:00,1685.94,1686.02,1685.94,1686.02,0.0,19.93,33790.22,1
2025-03-10,2025-03-10 12:16:00,1686.02,1686.1,1686.02,1686.1,0.0,19.93,33790.22,1
2025-03-10,2025-03-10 12:17:00,1686.1,1686.17,1686.1,1686.17,0.0,19.93,33790.22,1
2025-03-10,2025-03-10 12:18:00,1686.17,1686.25,1686.17,1686.25,0.0,19.93,33790.22,1
2025-03-10,2025-03-10 12:19:00,1686.25,1686.33,1686.25,1686.33,0.0,19.93,33790.22,1
2025-03-10,2025-03-10 12:20:00,1686.33,1686.41,1686.33,1686.41,0.0,19.93,33790.22,1
2025-03-10,2025-03-10 12:21:00,1686.41,1686.49,1686.41,1686.49,0.0,19.93,33790.22,1
2025-03-10,2025-03-10 12:22:00,1686.49,1686.57,1686.49,1686.57,0.0,19.93,33790.22,1
2025-03-10,2025-03-10 12:23:00,1686.57,1686.65,1686.57,1686.65,0.0,19.93,33790.22,1
2025-03-10,2025-03-10 12:24:00,1686.65,1686.73,1686.65,1686.73,0.0,19.93,33790.22,1
2025-03-10,2025-03-10 12:25:00,1686.73,1686.81,1686.73,1686.81,0.0,19.93,33790.22,1
2025-03-10,2025-03-10 12:26:00,1686.81,1686.89,1686.81,1686.89,0.0,19.93,33790.22,1
2025-03-10,2025-03-10 12:27:00,1686.89,1686.97,1686.89,1686.97,0.0,19.93,33790.22,1
2025-03-10,2025-03-10 12:28:00,1686.97,1687.05,1686.97,1687.05,0.0,19.93,33790.22,1
2025-03-10,2025-03-10 12:29:00,1687.05,1687.12,1687.05,1687.12,0.0,19.93,33790.22,1
2025-03-10,2025-03-10 12:30:00,1687.12,1687.2,1687.12,1687.2,0.0,19.93,33790.22,1
2025-03-10,2025-03-10 12:31:00,1687.2,1687.28,1687.2,1687.28,0.0,19.93,33790.22,1
2025-03-10,2025-03-10 12:32:00,1687.28,1687.36,1687.28,1687.36,0.0,19.93,33790.22,1
2025-03-10,2025-03-10 12:33:00,1687.36,1687.44,1687.36,1687.44,0.0,19.93,33790.22,1
2025-03-10,2025-03-10 12:34:00,1687.44,1687.52,1687.44,1687.52,0.0,19.93,33790.22,1
2025-03-10,2025-03-10 12:35:00,1687.52,1687.6,1687.52,1687.6,0.0,19.93,33790.22,1
2025-03-10,2025-03-10 12:36:00,1687.6,1687.68,1687.6,1687.68,0.0,19.93,33790.22,1
2025-03-10,2025-03-10 12:37:00,1687.68,1687.76,1687.68,1687.76,0.0,19.93,33790.22,1
2025-03-10,2025-03-10 12:38:00,1687.76,1687.84,1687.76,1687.84,0.0,19.93,33790.22,1
2025-03-10,2025-03-10 12:39:00,1687.84,1687.92,1687.84,1687.92,0.0,19.93,33790.22,1
2025-03-10,2025-03-10 12:40:00,1687.92,1688.0,1687.92,1688.0,0.0,19.93,33790.22,1
2025-03-10,2025-03-10 12:41:00,1688.0,1688.08,1688.0,1688.08,0.0,19.93,33790.22,1
2025-03-10,2025-03-10 12:42:00,1688.08,1688.15,1688.08,1688.15,0.0,19.93,33790.22,1
2025-03-10,2025-03-10 12:43:00,1688.15,1688.23,1688.15,1688.23,0.0,19.93,33790.22,1
2025-03-10,2025-03-10 12:44:00,1688.23,1688.31,1688.23,1688.31,0.0,19.93,33790.22,1
2025-03-10,2025-03-10 12:45:00,1688.31,1688.39,1688.31,1688.39,0.0,19.93,33790.22,1
2025-03-10,2025-03-10 12:46:00,1688.39,1688.47,1688.39,1688.47,0.0,19.93,33790.22,1
2025-03-10,2025-03-10 12:47:00,1688.47,1688.55,1688.47,1688.55,0.0,19.93,33790.22,1
2025-03-10,2025-03-10 12:48:00,1688.55,1688.63,1688.55,1688.63,0.0,19.93,33790.22,1
2025-03-10,2025-03-10 12:49:00,1688.63,1688.71,1688.63,1688.71,0.0,19.93,33790.22,1
2025-03-10,2025-03-10 12:50:00,1688.71,1688.79,1688.71,1688.79,0.0,19.93,33790.22,1
2025-03-10,2025-03-10 12:51:00,1688.79,1688.87,1688.79,1688.87,0.0,19.93,33790.22,1
2025-03-10,2025-03-10 12:52:00,1688.87,1688.95,1688.87,1688.95,0.0,19.93,33790.22,1
2025-03-10,2025-03-10 12:53:00,1688.95,1689.03,1688.95,1689.03,0.0,19.93,33790.22,1
2025-03-10,2025-03-10 12:54:00,1689.03,1689.1,1689.03,1689.1,0.0,19.93,33790.22,1
2025-03-10,2025-03-10 12:55:00,1689.1,1689.18,1689.1,1689.18,0.0,19.93,33790.22,1
2025-03-10,2025-03-10 12:56:00,1689.18,1689.26,1689.18,1689.26,0.0,19.93,33790.22,1
2025-03-10,2025-03-10 12:57:00,1689.26,1689.34,1689.26,1689.34,0.0,19.93,33790.22,1
2025-03-10,2025-03-10 12:58:00,1689.34,1689.42,1689.34,1689.42,0.0,19.93,33790.22,1
2025-03-10,2025-03-10 12:59:00,1689.42,1689.5,1689.42,1689.5,0.0,19.93,33790.22,1
2025-03-10,2025-03-10 13:00:00,1689.5,1739.0,1680.0,1689.58,0.0,19.93,33790.22,1
2025-03-10,2025-03-10 13:01:00,1689.58,1689.66,1689.58,1689.66,0.0,19.93,33790.22,1
2025-03-10,2025-03-10 13:02:00,1689.66,1689.74,1689.66,1689.74,0.0,19.93,33790.22,1
2025-03-10,2025-03-10 13:03:00,1689.74,1689.82,1689.74,1689.82,0.0,19.93,33790.22,1
2025-03-10,2025-03-10 13:04:00,1689.82,1689.9,1689.82,1689.9,0.0,19.93,33790.22,1
2025-03-10,2025-03-10 13:05:00,1689.9,1689.97,1689.9,1689.97,0.0,19.93,33790.22,1
2025-03-10,2025-03-10 13:06:00,1689.97,1690.05,1689.97,1690.05,0.0,19.93,33790.22,1
2025-03-10,2025-03-10 13:07:00,1690.05,1690.13,1690.05,1690.13,0.0,19.93,33790.22,1
2025-03-10,2025-03-10 13:08:00,1690.13,1690.21,1690.13,1690.21,0.0,19.93,33790.22,1
2025-03-10,2025-03-10 13:09:00,1690.21,1690.29,1690.21,1690.29,0.0,19.93,33790.22,1
2025-03-10,2025-03-10 13:10:00,1690.29,1690.37,1690.29,1690.37,0.0,19.93,33790.22,1
2025-03-10,2025-03-10 13:11:00,1690.37,1690.45,1690.37,1690.45,0.0,19.93,33790.22,1
2025-03-10,2025-03-10 13:12:00,1690.45,1690.53,1690.45,1690.53,0.0,19.93,33790.22,1
2025-03-10,2025-03-10 13:13:00,1690.53,1690.61,1690.53,1690.61,0.0,19.93,33790.22,1
2025-03-10,2025-03-10 13:14:00,1690.61,1690.69,1690.61,1690.69,0.0,19.93,33790.22,1
2025-03-10,2025-03-10 13:15:00,1690.69,1690.77,1690.69,1690.77,0.0,19.93,33790.22,1
2025-03-10,2025-03-10 13:16:00,1690.77,1690.85,1690.77,1690.85,0.0,19.93,33790.22,1
2025-03-10,2025-03-10 13:17:00,1690.85,1690.92,1690.85,1690.92,0.0,19.93,33790.22,1
2025-03-10,2025-03-10 13:18:00,1690.92,1691.0,1690.92,1691.0,0.0,19.93,33790.22,1
2025-03-10,2025-03-10 13:19:00,1691.0,1691.08,1691.0,1691.08,0.0,19.93,33790.22,1
2025-03-10,2025-03-10 13:20:00,1691.08,1691.16,1691.08,1691.16,0.0,19.93,33790.22,1
2025-03-10,2025-03-10 13:21:00,1691.16,1691.24,1691.16,1691.24,0.0,19.93,33790.22,1
2025-03-10,2025-03-10 13:22:00,1691.24,1691.32,1691.24,1691.32,0.0,19.93,33790.22,1
2025-03-10,2025-03-10 13:23:00,1691.32,1691.4,1691.32,1691.4,0.0,19.93,33790.22,1
2025-03-10,2025-03-10 13:24:00,1691.4,1691.48,1691.4,1691.48,0.0,19.93,33790.22,1
2025-03-10,2025-03-10 13:25:00,1691.48,1691.56,1691.48,1691.56,0.0,19.93,33790.22,1
2025-03-10,2025-03-10 13:26:00,1691.56,1691.64,1691.56,1691.64,0.0,19.93,33790.22,1
2025-03-10,2025-03-10 13:27:00,1691.64,1691.72,1691.64,1691.72,0.0,19.93,33790.22,1
2025-03-10,2025-03-10 13:28:00,1691.72,1691.8,1691.72,1691.8,0.0,19.93,33790.22,1
2025-03-10,2025-03-10 13:29:00,1691.8,1691.88,1691.8,1691.88,0.0,19.93,33790.22,1
2025-03-10,2025-03-10 13:30:00,1691.88,1691.95,1691.88,1691.95,0.0,19.93,33790.22,1
2025-03-10,2025-03-10 13:31:00,1691.95,1692.03,1691.95,1692.03,0.0,19.93,33790.22,1
2025-03-10,2025-03-10 13:32:00,1692.03,1692.11,1692.03,1692.11,0.0,19.93,33790.22,1
2025-03-10,2025-03-10 13:33:00,1692.11,1692.19,1692.11,1692.19,0.0,19.93,33790.22,1
2025-03-10,2025-03-10 13:34:00,1692.19,1692.27,1692.19,1692.27,0.0,19.93,33790.22,1
2025-03-10,2025-03-10 13:35:00,1692.27,1692.35,1692.27,1692.35,0.0,19.93,33790.22,1
2025-03-10,2025-03-10 13:36:00,1692.35,1692.43,1692.35,1692.43,0.0,19.93,33790.22,1
2025-03-10,2025-03-10 13:37:00,1692.43,1692.51,1692.43,1692.51,0.0,19.93,33790.22,1
2025-03-10,2025-03-10 13:38:00,1692.51,1692.59,1692.51,1692.59,0.0,19.93,33790.22,1
2025-03-10,2025-03-10 13:39:00,1692.59,1692.67,1692.59,1692.67,0.0,19.93,33790.22,1
2025-03-10,2025-03-10 13:40:00,1692.67,1692.75,1692.67,1692.75,0.0,19.93,33790.22,1
2025-03-10,2025-03-10 13:41:00,1692.75,1692.83,1692.75,1692.83,0.0,19.93,33790.22,1
2025-03-10,2025-03-10 13:42:00,1692.83,1692.9,1692.83,1692.9,0.0,19.93,33790.22,1
2025-03-10,2025-03-10 13:43:00,1692.9,1692.98,1692.9,1692.98,0.0,19.93,33790.22,1
2025-03-10,2025-03-10 13:44:00,1692.98,1693.06,1692.98,1693.06,0.0,19.93,33790.22,1
2025-03-10,2025-03-10 13:45:00,1693.06,1693.14,1693.06,1693.14,0.0,19.93,33790.22,1
2025-03-10,2025-03-10 13:46:00,1693.14,1693.22,1693.14,1693.22,0.0,19.93,33790.22,1
2025-03-10,2025-03-10 13:47:00,1693.22,1693.3,1693.22,1693.3,0.0,19.93,33790.22,1
2025-03-10,2025-03-10 13:48:00,1693.3,1693.38,1693.3,1693.38,0.0,19.93,33790.22,1
2025-03-10,2025-03-10 13:49:00,1693.38,1693.46,1693.38,1693.46,0.0,19.93,33790.22,1
2025-03-10,2025-03-10 13:50:00,1693.46,1693.54,1693.46,1693.54,0.0,19.93,33790.22,1
2025-03-10,2025-03-10 13:51:00,1693.54,1693.62,1693.54,1693.62,0.0,19.93,33790.22,1
2025-03-10,2025-03-10 13:52:00,1693.62,1693.7,1693.62,1693.7,0.0,19.93,33790.22,1
2025-03-10,2025-03-10 13:53:00,1693.7,1693.78,1693.7,1693.78,0.0,19.93,33790.22,1
2025-03-10,2025-03-10 13:54:00,1693.78,1693.85,1693.78,1693.85,0.0,19.93,33790.22,1
2025-03-10,2025-03-10 13:55:00,1693.85,1693.93,1693.85,1693.93,0.0,19.93,33790.22,1
2025-03-10,2025-03-10 13:56:00,1693.93,1694.01,1693.93,1694.01,0.0,19.93,33790.22,1
2025-03-10,2025-03-10 13:57:00,1694.01,1694.09,1694.01,1694.09,0.0,19.93,33790.22,1
2025-03-10,2025-03-10 13:58:00,1694.09,1694.17,1694.09,1694.17,0.0,19.93,33790.22,1
2025-03-10,2025-03-10 13:59:00,1694.17,1694.25,1694.17,1694.25,0.0,19.93,33790.22,1
2025-03-10,2025-03-10 14:00:00,1694.25,1694.33,1694.25,1694.33,0.0,19.93,33790.22,1
2025-03-10,2025-03-10 14:01:00,1694.33,1694.41,1694.33,1694.41,0.0,19.93,33790.22,1
2025-03-10,2025-03-10 14:02:00,1694.41,1694.49,1694.41,1694.49,0.0,19.93,33790.22,1
2025-03-10,2025-03-10 14:03:00,1694.49,1694.57,1694.49,1694.57,0.0,19.93,33790.22,1
2025-03-10,2025-03-10 14:04:00,1694.57,1694.65,1694.57,1694.65,0.0,19.93,33790.22,1
2025-03-10,2025-03-10 14:05:00,1694.65,1694.72,1694.65,1694.72,0.0,19.93,33790.22,1
2025-03-10,2025-03-10 14:06:00,1694.72,1694.8,1694.72,1694.8,0.0,19.93,33790.22,1
2025-03-10,2025-03-10 14:07:00,1694.8,1694.88,1694.8,1694.88,0.0,19.93,33790.22,1
2025-03-10,2025-03-10 14:08:00,1694.88,1694.96,1694.88,1694.96,0.0,19.93,33790.22,1
2025-03-10,2025-03-10 14:09:00,1694.96,1695.04,1694.96,1695.04,0.0,19.93,33790.22,1
2025-03-10,2025-03-10 14:10:00,1695.04,1695.12,1695.04,1695.12,0.0,19.93,33790.22,1
2025-03-10,2025-03-10 14:11:00,1695.12,1695.2,1695.12,1695.2,0.0,19.93,33790.22,1
2025-03-10,2025-03-10 14:12:00,1695.2,1695.28,1695.2,1695.28,0.0,19.93,33790.22,1
2025-03-10,2025-03-10 14:13:00,1695.28,1695.36,1695.28,1695.36,0.0,19.93,33790.22,1
2025-03-10,2025-03-10 14:14:00,1695.36,1695.44,1695.36,1695.44,0.0,19.93,33790.22,1
2025-03-10,2025-03-10 14:15:00,1695.44,1695.52,1695.44,1695.52,0.0,19.93,33790.22,1
2025-03-10,2025-03-10 14:16:00,1695.52,1695.6,1695.52,1695.6,0.0,19.93,33790.22,1
2025-03-10,2025-03-10 14:17:00,1695.6,1695.67,1695.6,1695.67,0.0,19.93,33790.22,1
2025-03-10,2025-03-10 14:18:00,1695.67,1695.75,1695.67,1695.75,0.0,19.93,33790.22,1
2025-03-10,2025-03-10 14:19:00,1695.75,1695.83,1695.75,1695.83,0.0,19.93,33790.22,1
2025-03-10,2025-03-10 14:20:00,1695.83,1695.91,1695.83,1695.91,0.0,19.93,33790.22,1
2025-03-10,2025-03-10 14:21:00,1695.91,1695.99,1695.91,1695.99,0.0,19.93,33790.22,1
2025-03-10,2025-03-10 14:22:00,1695.99,1696.07,1695.99,1696.07,0.0,19.93,33790.22,1
2025-03-10,2025-03-10 14:23:00,1696.07,1696.15,1696.07,1696.15,0.0,19.93,33790.22,1
2025-03-10,2025-03-10 14:24:00,1696.15,1696.23,1696.15,1696.23,0.0,19.93,33790.22,1
2025-03-10,2025-03-10 14:25:00,1696.23,1696.31,1696.23,1696.31,0.0,19.93,33790.22,1
2025-03-10,2025-03-10 14:26:00,1696.31,1696.39,1696.31,1696.39,0.0,19.93,33790.22,1
2025-03-10,2025-03-10 14:27:00,1696.39,1696.47,1696.39,1696.47,0.0,19.93,33790.22,1
2025-03-10,2025-03-10 14:28:00,1696.47,1696.55,1696.47,1696.55,0.0,19.93,33790.22,1
2025-03-10,2025-03-10 14:29:00,1696.55,1696.62,1696.55,1696.62,0.0,19.93,33790.22,1
2025-03-10,2025-03-10 14:30:00,1696.62,1696.7,1696.62,1696.7,0.0,19.93,33790.22,1
2025-03-10,2025-03-10 14:31:00,1696.7,1696.78,1696.7,1696.78,0.0,19.93,33790.22,1
2025-03-10,2025-03-10 14:32:00,1696.78,1696.86,1696.78,1696.86,0.0,19.93,33790.22,1
2025-03-10,2025-03-10 14:33:00,1696.86,1696.94,1696.86,1696.94,0.0,19.93,33790.22,1
2025-03-10,2025-03-10 14:34:00,1696.94,1697.02,1696.94,1697.02,0.0,19.93,33790.22,1
2025-03-10,2025-03-10 14:35:00,1697.02,1697.1,1697.02,1697.1,0.0,19.93,33790.22,1
2025-03-10,2025-03-10 14:36:00,1697.1,1697.18,1697.1,1697.18,0.0,19.93,33790.22,1
2025-03-10,2025-03-10 14:37:00,1697.18,1697.26,1697.18,1697.26,0.0,19.93,33790.22,1
2025-03-10,2025-03-10 14:38:00,1697.26,1697.34,1697.26,1697.34,0.0,19.93,33790.22,1
2025-03-10,2025-03-10 14:39:00,1697.34,1697.42,1697.34,1697.42,0.0,19.93,33790.22,1
2025-03-10,2025-03-10 14:40:00,1697.42,1697.5,1697.42,1697.5,0.0,19.93,33790.22,1
2025-03-10,2025-03-10 14:41:00,1697.5,1697.58,1697.5,1697.58,0.0,19.93,33790.22,1
2025-03-10,2025-03-10 14:42:00,1697.58,1697.65,1697.58,1697.65,0.0,19.93,33790.22,1
2025-03-10,2025-03-10 14:43:00,1697.65,1697.73,1697.65,1697.73,0.0,19.93,33790.22,1
2025-03-10,2025-03-10 14:44:00,1697.73,1697.81,1697.73,1697.81,0.0,19.93,33790.22,1
2025-03-10,2025-03-10 14:45:00,1697.81,1697.89,1697.81,1697.89,0.0,19.93,33790.22,1
2025-03-10,2025-03-10 14:46:00,1697.89,1697.97,1697.89,1697.97,0.0,19.93,33790.22,1
2025-03-10,2025-03-10 14:47:00,1697.97,1698.05,1697.97,1698.05,0.0,19.93,33790.22,1
2025-03-10,2025-03-10 14:48:00,1698.05,1698.13,1698.05,1698.13,0.0,19.93,33790.22,1
2025-03-10,2025-03-10 14:49:00,1698.13,1698.21,1698.13,1698.21,0.0,19.93,33790.22,1
2025-03-10,2025-03-10 14:50:00,1698.21,1698.29,1698.21,1698.29,0.0,19.93,33790.22,1
2025-03-10,2025-03-10 14:51:00,1698.29,1698.37,1698.29,1698.37,0.0,19.93,33790.22,1
2025-03-10,2025-03-10 14:52:00,1698.37,1698.45,1698.37,1698.45,0.0,19.93,33790.22,1
2025-03-10,2025-03-10 14:53:00,1698.45,1698.53,1698.45,1698.53,0.0,19.93,33790.22,1
2025-03-10,2025-03-10 14:54:00,1698.53,1698.6,1698.53,1698.6,0.0,19.93,33790.22,1
2025-03-10,2025-03-10 14:55:00,1698.6,1698.68,1698.6,1698.68,0.0,19.93,33790.22,1
2025-03-10,2025-03-10 14:56:00,1698.68,1698.76,1698.68,1698.76,0.0,19.93,33790.22,1
2025-03-10,2025-03-10 14:57:00,1698.76,1698.84,1698.76,1698.84,0.0,19.93,33790.22,1
2025-03-10,2025-03-10 14:58:00,1698.84,1698.92,1698.84,1698.92,0.0,19.93,33790.22,1
2025-03-10,2025-03-10 14:59:00,1698.92,1699.0,1698.92,1699.0,0.0,19.93,33790.22,1
2025-03-10,2025-03-10 15:00:00,1699.0,1739.0,1680.0,1699.0,0.0,19.93,33790.22,0
2025-03-11,2025-03-11 11:00:00,1676.0,1685.3,1665.86,1676.0,0.0,17.75,29598.21,0
2025-03-11,2025-03-11 11:01:00,1676.0,1676.0,1675.99,1675.99,-0.0,17.75,29598.21,-1
2025-03-11,2025-03-11 11:02:00,1675.99,1675.99,1675.99,1675.99,0.0,17.75,29598.21,0
2025-03-11,2025-03-11 11:03:00,1675.99,1675.99,1675.98,1675.98,-0.0,17.75,29598.21,-1
2025-03-11,2025-03-11 11:04:00,1675.98,1675.98,1675.98,1675.98,0.0,17.75,29598.21,0
2025-03-11,2025-03-11 11:05:00,1675.98,1675.98,1675.97,1675.97,-0.0,17.75,29598.21,-1
2025-03-11,2025-03-11 11:06:00,1675.97,1675.97,1675.97,1675.97,0.0,17.75,29598.21,0
2025-03-11,2025-03-11 11:07:00,1675.97,1675.97,1675.97,1675.97,0.0,17.75,29598.21,0
2025-03-11,2025-03-11 11:08:00,1675.97,1675.97,1675.96,1675.96,-0.0,17.75,29598.21,-1
2025-03-11,2025-03-11 11:09:00,1675.96,1675.96,1675.96,1675.96,0.0,17.75,29598.21,0
2025-03-11,2025-03-11 11:10:00,1675.96,1675.96,1675.95,1675.95,-0.0,17.75,29598.21,-1
2025-03-11,2025-03-11 11:11:00,1675.95,1675.95,1675.95,1675.95,0.0,17.75,29598.21,0
2025-03-11,2025-03-11 11:12:00,1675.95,1675.95,1675.95,1675.95,0.0,17.75,29598.21,0
2025-03-11,2025-03-11 11:13:00,1675.95,1675.95,1675.94,1675.94,-0.0,17.75,29598.21,-1
2025-03-11,2025-03-11 11:14:00,1675.94,1675.94,1675.94,1675.94,0.0,17.75,29598.21,0
2025-03-11,2025-03-11 11:15:00,1675.94,1675.94,1675.93,1675.93,-0.0,17.75,29598.21,-1
2025-03-11,2025-03-11 11:16:00,1675.93,1675.93,1675.93,1675.93,0.0,17.75,29598.21,0
2025-03-11,2025-03-11 11:17:00,1675.93,1675.93,1675.92,1675.92,-0.0,17.75,29598.21,-1
2025-03-11,2025-03-11 11:18:00,1675.92,1675.92,1675.92,1675.92,0.0,17.75,29598.21,0
2025-03-11,2025-03-11 11:19:00,1675.92,1675.92,1675.92,1675.92,0.0,17.75,29598.21,0
2025-03-11,2025-03-11 11:20:00,1675.92,1675.92,1675.91,1675.91,-0.0,17.75,29598.21,-1
2025-03-11,2025-03-11 11:21:00,1675.91,1675.91,1675.91,1675.91,0.0,17.75,29598.21,0
2025-03-11,2025-03-11 11:22:00,1675.91,1675.91,1675.9,1675.9,-0.0,17.75,29598.21,-1
2025-03-11,2025-03-11 11:23:00,1675.9,1675.9,1675.9,1675.9,0.0,17.75,29598.21,0
2025-03-11,2025-03-11 11:24:00,1675.9,1675.9,1675.9,1675.9,0.0,17.75,29598.21,0
2025-03-11,2025-03-11 11:25:00,1675.9,1675.9,1675.89,1675.89,-0.0,17.75,29598.21,-1
2025-03-11,2025-03-11 11:26:00,1675.89,1675.89,1675.89,1675.89,0.0,17.75,29598.21,0
2025-03-11,2025-03-11 11:27:00,1675.89,1675.89,1675.88,1675.88,-0.0,17.75,29598.21,-1
2025-03-11,2025-03-11 11:28:00,1675.88,1675.88,1675.88,1675.88,0.0,17.75,29598.21,0
2025-03-11,2025-03-11 11:29:00,1675.88,1675.88,1675.88,1675.88,0.0,17.75,29598.21,0
2025-03-11,2025-03-11 11:30:00,1675.88,1675.88,1675.87,1675.87,-0.0,17.75,29598.21,-1
2025-03-11,2025-03-11 11:31:00,1675.87,1675.87,1675.87,1675.87,0.0,17.75,29598.21,0
2025-03-11,2025-03-11 11:32:00,1675.87,1675.87,1675.86,1675.86,-0.0,17.75,29598.21,-1
2025-03-11,2025-03-11 11:33:00,1675.86,1675.86,1675.86,1675.86,0.0,17.75,29598.21,0
2025-03-11,2025-03-11 11:34:00,1675.86,1675.86,1675.85,1675.85,-0.0,17.75,29598.21,-1
2025-03-11,2025-03-11 11:35:00,1675.85,1675.85,1675.85,1675.85,0.0,17.75,29598.21,0
2025-03-11,2025-03-11 11:36:00,1675.85,1675.85,1675.85,1675.85,0.0,17.75,29598.21,0
2025-03-11,2025-03-11 11:37:00,1675.85,1675.85,1675.84,1675.84,-0.0,17.75,29598.21,-1
2025-03-11,2025-03-11 11:38:00,1675.84,1675.84,1675.84,1675.84,0.0,17.75,29598.21,0
2025-03-11,2025-03-11 11:39:00,1675.84,1675.84,1675.83,1675.83,-0.0,17.75,29598.21,-1
2025-03-11,2025-03-11 11:40:00,1675.83,1675.83,1675.83,1675.83,0.0,17.75,29598.21,0
2025-03-11,2025-03-11 11:41:00,1675.83,1675.83,1675.83,1675.83,0.0,17.75,29598.21,0
2025-03-11,2025-03-11 11:42:00,1675.83,1675.83,1675.82,1675.82,-0.0,17.75,29598.21,-1
2025-03-11,2025-03-11 11:43:00,1675.82,1675.82,1675.82,1675.82,0.0,17.75,29598.21,0
2025-03-11,2025-03-11 11:44:00,1675.82,1675.82,1675.81,1675.81,-0.0,17.75,29598.21,-1
2025-03-11,2025-03-11 11:45:00,1675.81,1675.81,1675.81,1675.81,0.0,17.75,29598.21,0
2025-03-11,2025-03-11 11:46:00,1675.81,1675.81,1675.8,1675.8,-0.0,17.75,29598.21,-1
2025-03-11,2025-03-11 11:47:00,1675.8,1675.8,1675.8,1675.8,0.0,17.75,29598.21,0
2025-03-11,2025-03-11 11:48:00,1675.8,1675.8,1675.8,1675.8,0.0,17.75,29598.21,0
2025-03-11,2025-03-11 11:49:00,1675.8,1675.8,1675.79,1675.79,-0.0,17.75,29598.21,-1
2025-03-11,2025-03-11 11:50:00,1675.79,1675.79,1675.79,1675.79,0.0,17.75,29598.21,0
2025-03-11,2025-03-11 11:51:00,1675.79,1675.79,1675.78,1675.78,-0.0,17.75,29598.21,-1
2025-03-11,2025-03-11 11:52:00,1675.78,1675.78,1675.78,1675.78,0.0,17.75,29598.21,0
2025-03-11,2025-03-11 11:53:00,1675.78,1675.78,1675.78,1675.78,0.0,17.75,29598.21,0
2025-03-11,2025-03-11 11:54:00,1675.78,1675.78,1675.77,1675.77,-0.0,17.75,29598.21,-1
2025-03-11,2025-03-11 11:55:00,1675.77,1675.77,1675.77,1675.77,0.0,17.75,29598.21,0
2025-03-11,2025-03-11 11:56:00,1675.77,1675.77,1675.76,1675.76,-0.0,17.75,29598.21,-1
2025-03-11,2025-03-11 11:57:00,1675.76,1675.76,1675.76,1675.76,0.0,17.75,29598.21,0
2025-03-11,2025-03-11 11:58:00,1675.76,1675.76,1675.75,1675.75,-0.0,17.75,29598.21,-1
2025-03-11,2025-03-11 11:59:00,1675.75,1675.75,1675.75,1675.75,0.0,17.75,29598.21,0
2025-03-11,2025-03-11 12:00:00,1675.75,1675.75,1675.75,1675.75,0.0,17.75,29598.21,0
2025-03-11,2025-03-11 12:01:00,1675.75,1675.75,1675.74,1675.74,-0.0,17.75,29598.21,-1
2025-03-11,2025-03-11 12:02:00,1675.74,1675.74,1675.74,1675.74,0.0,17.75,29598.21,0
2025-03-11,2025-03-11 12:03:00,1675.74,1675.74,1675.73,1675.73,-0.0,17.75,29598.21,-1
2025-03-11,2025-03-11 12:04:00,1675.73,1675.73,1675.73,1675.73,0.0,17.75,29598.21,0
2025-03-11,2025-03-11 12:05:00,1675.73,1675.73,1675.72,1675.72,-0.0,17.75,29598.21,-1
2025-03-11,2025-03-11 12:06:00,1675.72,1675.72,1675.72,1675.72,0.0,17.75,29598.21,0
2025-03-11,2025-03-11 12:07:00,1675.72,1675.72,1675.72,1675.72,0.0,17.75,29598.21,0
2025-03-11,2025-03-11 12:08:00,1675.72,1675.72,1675.71,1675.71,-0.0,17.75,29598.21,-1
2025-03-11,2025-03-11 12:09:00,1675.71,1675.71,1675.71,1675.71,0.0,17.75,29598.21,0
2025-03-11,2025-03-11 12:10:00,1675.71,1675.71,1675.7,1675.7,-0.0,17.75,29598.21,-1
2025-03-11,2025-03-11 12:11:00,1675.7,1675.7,1675.7,1675.7,0.0,17.75,29598.21,0
2025-03-11,2025-03-11 12:12:00,1675.7,1675.7,1675.7,1675.7,0.0,17.75,29598.21,0
2025-03-11,2025-03-11 12:13:00,1675.7,1675.7,1675.69,1675.69,-0.0,17.75,29598.21,-1
2025-03-11,2025-03-11 12:14:00,1675.69,1675.69,1675.69,1675.69,0.0,17.75,29598.21,0
2025-03-11,2025-03-11 12:15:00,1675.69,1675.69,1675.68,1675.68,-0.0,17.75,29598.21,-1
2025-03-11,2025-03-11 12:16:00,1675.68,1675.68,1675.68,1675.68,0.0,17.75,29598.21,0
2025-03-11,2025-03-11 12:17:00,1675.68,1675.68,1675.67,1675.67,-0.0,17.75,29598.21,-1
2025-03-11,2025-03-11 12:18:00,1675.67,1675.67,1675.67,1675.67,0.0,17.75,29598.21,0
2025-03-11,2025-03-11 12:19:00,1675.67,1675.67,1675.67,1675.67,0.0,17.75,29598.21,0
2025-03-11,2025-03-11 12:20:00,1675.67,1675.67,1675.66,1675.66,-0.0,17.75,29598.21,-1
2025-03-11,2025-03-11 12:21:00,1675.66,1675.66,1675.66,1675.66,0.0,17.75,29598.21,0
2025-03-11,2025-03-11 12:22:00,1675.66,1675.66,1675.65,1675.65,-0.0,17.75,29598.21,-1
2025-03-11,2025-03-11 12:23:00,1675.65,1675.65,1675.65,1675.65,0.0,17.75,29598.21,0
2025-03-11,2025-03-11 12:24:00,1675.65,1675.65,1675.65,1675.65,0.0,17.75,29598.21,0
2025-03-11,2025-03-11 12:25:00,1675.65,1675.65,1675.64,1675.64,-0.0,17.75,29598.21,-1
2025-03-11,2025-03-11 12:26:00,1675.64,1675.64,1675.64,1675.64,0.0,17.75,29598.21,0
2025-03-11,2025-03-11 12:27:00,1675.64,1675.64,1675.63,1675.63,-0.0,17.75,29598.21,-1
2025-03-11,2025-03-11 12:28:00,1675.63,1675.63,1675.63,1675.63,0.0,17.75,29598.21,0
2025-03-11,2025-03-11 12:29:00,1675.63,1675.63,1675.62,1675.62,-0.0,17.75,29598.21,-1
2025-03-11,2025-03-11 12:30:00,1675.62,1675.62,1675.62,1675.62,0.0,17.75,29598.21,0
2025-03-11,2025-03-11 12:31:00,1675.62,1675.62,1675.62,1675.62,0.0,17.75,29598.21,0
2025-03-11,2025-03-11 12:32:00,1675.62,1675.62,1675.61,1675.61,-0.0,17.75,29598.21,-1
2025-03-11,2025-03-11 12:33:00,1675.61,1675.61,1675.61,1675.61,0.0,17.75,29598.21,0
2025-03-11,2025-03-11 12:34:00,1675.61,1675.61,1675.6,1675.6,-0.0,17.75,29598.21,-1
2025-03-11,2025-03-11 12:35:00,1675.6,1675.6,1675.6,1675.6,0.0,17.75,29598.21,0
2025-03-11,2025-03-11 12:36:00,1675.6,1675.6,1675.6,1675.6,0.0,17.75,29598.21,0
2025-03-11,2025-03-11 12:37:00,1675.6,1675.6,1675.59,1675.59,-0.0,17.75,29598.21,-1
2025-03-11,2025-03-11 12:38:00,1675.59,1675.59,1675.59,1675.59,0.0,17.75,29598.21,0
2025-03-11,2025-03-11 12:39:00,1675.59,1675.59,1675.58,1675.58,-0.0,17.75,29598.21,-1
2025-03-11,2025-03-11 12:40:00,1675.58,1675.58,1675.58,1675.58,0.0,17.75,29598.21,0
2025-03-11,2025-03-11 12:41:00,1675.58,1675.58,1675.58,1675.58,0.0,17.75,29598.21,0
2025-03-11,2025-03-11 12:42:00,1675.58,1675.58,1675.57,1675.57,-0.0,17.75,29598.21,-1
2025-03-11,2025-03-11 12:43:00,1675.57,1675.57,1675.57,1675.57,0.0,17.75,29598.21,0
2025-03-11,2025-03-11 12:44:00,1675.57,1675.57,1675.56,1675.56,-0.0,17.75,29598.21,-1
2025-03-11,2025-03-11 12:45:00,1675.56,1675.56,1675.56,1675.56,0.0,17.75,29598.21,0
2025-03-11,2025-03-11 12:46:00,1675.56,1675.56,1675.55,1675.55,-0.0,17.75,29598.21,-1
2025-03-11,2025-03-11 12:47:00,1675.55,1675.55,1675.55,1675.55,0.0,17.75,29598.21,0
2025-03-11,2025-03-11 12:48:00,1675.55,1675.55,1675.55,1675.55,0.0,17.75,29598.21,0
2025-03-11,2025-03-11 12:49:00,1675.55,1675.55,1675.54,1675.54,-0.0,17.75,29598.21,-1
2025-03-11,2025-03-11 12:50:00,1675.54,1675.54,1675.54,1675.54,0.0,17.75,29598.21,0
2025-03-11,2025-03-11 12:51:00,1675.54,1675.54,1675.53,1675.53,-0.0,17.75,29598.21,-1
2025-03-11,2025-03-11 12:52:00,1675.53,1675.53,1675.53,1675.53,0.0,17.75,29598.21,0
2025-03-11,2025-03-11 12:53:00,1675.53,1675.53,1675.53,1675.53,0.0,17.75,29598.21,0
2025-03-11,2025-03-11 12:54:00,1675.53,1675.53,1675.52,1675.52,-0.0,17.75,29598.21,-1
2025-03-11,2025-03-11 12:55:00,1675.52,1675.52,1675.52,1675.52,0.0,17.75,29598.21,0
2025-03-11,2025-03-11 12:56:00,1675.52,1675.52,1675.51,1675.51,-0.0,17.75,29598.21,-1
2025-03-11,2025-03-11 12:57:00,1675.51,1675.51,1675.51,1675.51,0.0,17.75,29598.21,0
2025-03-11,2025-03-11 12:58:00,1675.51,1675.51,1675.5,1675.5,-0.0,17.75,29598.21,-1
2025-03-11,2025-03-11 12:59:00,1675.5,1675.5,1675.5,1675.5,0.0,17.75,29598.21,0
2025-03-11,2025-03-11 13:00:00,1675.5,1707.0,1642.2,1675.5,0.0,17.75,29598.21,0
2025-03-11,2025-03-11 13:01:00,1675.5,1675.5,1675.49,1675.49,-0.0,17.75,29598.21,-1
2025-03-11,2025-03-11 13:02:00,1675.49,1675.49,1675.49,1675.49,0.0,17.75,29598.21,0
2025-03-11,2025-03-11 13:03:00,1675.49,1675.49,1675.48,1675.48,-0.0,17.75,29598.21,-1
2025-03-11,2025-03-11 13:04:00,1675.48,1675.48,1675.48,1675.48,0.0,17.75,29598.21,0
2025-03-11,2025-03-11 13:05:00,1675.48,1675.48,1675.47,1675.47,-0.0,17.75,29598.21,-1
2025-03-11,2025-03-11 13:06:00,1675.47,1675.47,1675.47,1675.47,0.0,17.75,29598.21,0
2025-03-11,2025-03-11 13:07:00,1675.47,1675.47,1675.47,1675.47,0.0,17.75,29598.21,0
2025-03-11,2025-03-11 13:08:00,1675.47,1675.47,1675.46,1675.46,-0.0,17.75,29598.21,-1
2025-03-11,2025-03-11 13:09:00,1675.46,1675.46,1675.46,1675.46,0.0,17.75,29598.21,0
2025-03-11,2025-03-11 13:10:00,1675.46,1675.46,1675.45,1675.45,-0.0,17.75,29598.21,-1
2025-03-11,2025-03-11 13:11:00,1675.45,1675.45,1675.45,1675.45,0.0,17.75,29598.21,0
2025-03-11,2025-03-11 13:12:00,1675.45,1675.45,1675.45,1675.45,0.0,17.75,29598.21,0
2025-03-11,2025-03-11 13:13:00,1675.45,1675.45,1675.44,1675.44,-0.0,17.75,29598.21,-1
2025-03-11,2025-03-11 13:14:00,1675.44,1675.44,1675.44,1675.44,0.0,17.75,29598.21,0
2025-03-11,2025-03-11 13:15:00,1675.44,1675.44,1675.43,1675.43,-0.0,17.75,29598.21,-1
2025-03-11,2025-03-11 13:16:00,1675.43,1675.43,1675.43,1675.43,0.0,17.75,29598.21,0
2025-03-11,2025-03-11 13:17:00,1675.43,1675.43,1675.42,1675.42,-0.0,17.75,29598.21,-1
2025-03-11,2025-03-11 13:18:00,1675.42,1675.42,1675.42,1675.42,0.0,17.75,29598.21,0
2025-03-11,2025-03-11 13:19:00,1675.42,1675.42,1675.42,1675.42,0.0,17.75,29598.21,0
2025-03-11,2025-03-11 13:20:00,1675.42,1675.42,1675.41,1675.41,-0.0,17.75,29598.21,-1
2025-03-11,2025-03-11 13:21:00,1675.41,1675.41,1675.41,1675.41,0.0,17.75,29598.21,0
2025-03-11,2025-03-11 13:22:00,1675.41,1675.41,1675.4,1675.4,-0.0,17.75,29598.21,-1
2025-03-11,2025-03-11 13:23:00,1675.4,1675.4,1675.4,1675.4,0.0,17.75,29598.21,0
2025-03-11,2025-03-11 13:24:00,1675.4,1675.4,1675.4,1675.4,0.0,17.75,29598.21,0
2025-03-11,2025-03-11 13:25:00,1675.4,1675.4,1675.39,1675.39,-0.0,17.75,29598.21,-1
2025-03-11,2025-03-11 13:26:00,1675.39,1675.39,1675.39,1675.39,0.0,17.75,29598.21,0
2025-03-11,2025-03-11 13:27:00,1675.39,1675.39,1675.38,1675.38,-0.0,17.75,29598.21,-1
2025-03-11,2025-03-11 13:28:00,1675.38,1675.38,1675.38,1675.38,0.0,17.75,29598.21,0
2025-03-11,2025-03-11 13:29:00,1675.38,1675.38,1675.38,1675.38,0.0,17.75,29598.21,0
2025-03-11,2025-03-11 13:30:00,1675.38,1675.38,1675.37,1675.37,-0.0,17.75,29598.21,-1
2025-03-11,2025-03-11 13:31:00,1675.37,1675.37,1675.37,1675.37,0.0,17.75,29598.21,0
2025-03-11,2025-03-11 13:32:00,1675.37,1675.37,1675.36,1675.36,-0.0,17.75,29598.21,-1
2025-03-11,2025-03-11 13:33:00,1675.36,1675.36,1675.36,1675.36,0.0,17.75,29598.21,0
2025-03-11,2025-03-11 13:34:00,1675.36,1675.36,1675.35,1675.35,-0.0,17.75,29598.21,-1
2025-03-11,2025-03-11 13:35:00,1675.35,1675.35,1675.35,1675.35,0.0,17.75,29598.21,0
2025-03-11,2025-03-11 13:36:00,1675.35,1675.35,1675.35,1675.35,0.0,17.75,29598.21,0
2025-03-11,2025-03-11 13:37:00,1675.35,1675.35,1675.34,1675.34,-0.0,17.75,29598.21,-1
2025-03-11,2025-03-11 13:38:00,1675.34,1675.34,1675.34,1675.34,0.0,17.75,29598.21,0
2025-03-11,2025-03-11 13:39:00,1675.34,1675.34,1675.33,1675.33,-0.0,17.75,29598.21,-1
2025-03-11,2025-03-11 13:40:00,1675.33,1675.33,1675.33,1675.33,0.0,17.75,29598.21,0
2025-03-11,2025-03-11 13:41:00,1675.33,1675.33,1675.33,1675.33,0.0,17.75,29598.21,0
2025-03-11,2025-03-11 13:42:00,1675.33,1675.33,1675.32,1675.32,-0.0,17.75,29598.21,-1
2025-03-11,2025-03-11 13:43:00,1675.32,1675.32,1675.32,1675.32,0.0,17.75,29598.21,0
2025-03-11,2025-03-11 13:44:00,1675.32,1675.32,1675.31,1675.31,-0.0,17.75,29598.21,-1
2025-03-11,2025-03-11 13:45:00,1675.31,1675.31,1675.31,1675.31,0.0,17.75,29598.21,0
2025-03-11,2025-03-11 13:46:00,1675.31,1675.31,1675.3,1675.3,-0.0,17.75,29598.21,-1
2025-03-11,2025-03-11 13:47:00,1675.3,1675.3,1675.3,1675.3,0.0,17.75,29598.21,0
2025-03-11,2025-03-11 13:48:00,1675.3,1675.3,1675.3,1675.3,0.0,17.75,29598.21,0
2025-03-11,2025-03-11 13:49:00,1675.3,1675.3,1675.29,1675.29,-0.0,17.75,29598.21,-1
2025-03-11,2025-03-11 13:50:00,1675.29,1675.29,1675.29,1675.29,0.0,17.75,29598.21,0
2025-03-11,2025-03-11 13:51:00,1675.29,1675.29,1675.28,1675.28,-0.0,17.75,29598.21,-1
2025-03-11,2025-03-11 13:52:00,1675.28,1675.28,1675.28,1675.28,0.0,17.75,29598.21,0
2025-03-11,2025-03-11 13:53:00,1675.28,1675.28,1675.28,1675.28,0.0,17.75,29598.21,0
2025-03-11,2025-03-11 13:54:00,1675.28,1675.28,1675.27,1675.27,-0.0,17.75,29598.21,-1
2025-03-11,2025-03-11 13:55:00,1675.27,1675.27,1675.27,1675.27,0.0,17.75,29598.21,0
2025-03-11,2025-03-11 13:56:00,1675.27,1675.27,1675.26,1675.26,-0.0,17.75,29598.21,-1
2025-03-11,2025-03-11 13:57:00,1675.26,1675.26,1675.26,1675.26,0.0,17.75,29598.21,0
2025-03-11,2025-03-11 13:58:00,1675.26,1675.26,1675.25,1675.25,-0.0,17.75,29598.21,-1
2025-03-11,2025-03-11 13:59:00,1675.25,1675.25,1675.25,1675.25,0.0,17.75,29598.21,0
2025-03-11,2025-03-11 14:00:00,1675.25,1675.25,1675.25,1675.25,0.0,17.75,29598.21,0
2025-03-11,2025-03-11 14:01:00,1675.25,1675.25,1675.24,1675.24,-0.0,17.75,29598.21,-1
2025-03-11,2025-03-11 14:02:00,1675.24,1675.24,1675.24,1675.24,0.0,17.75,29598.21,0
2025-03-11,2025-03-11 14:03:00,1675.24,1675.24,1675.23,1675.23,-0.0,17.75,29598.21,-1
2025-03-11,2025-03-11 14:04:00,1675.23,1675.23,1675.23,1675.23,0.0,17.75,29598.21,0
2025-03-11,2025-03-11 14:05:00,1675.23,1675.23,1675.22,1675.22,-0.0,17.75,29598.21,-1
2025-03-11,2025-03-11 14:06:00,1675.22,1675.22,1675.22,1675.22,0.0,17.75,29598.21,0
2025-03-11,2025-03-11 14:07:00,1675.22,1675.22,1675.22,1675.22,0.0,17.75,29598.21,0
2025-03-11,2025-03-11 14:08:00,1675.22,1675.22,1675.21,1675.21,-0.0,17.75,29598.21,-1
2025-03-11,2025-03-11 14:09:00,1675.21,1675.21,1675.21,1675.21,0.0,17.75,29598.21,0
2025-03-11,2025-03-11 14:10:00,1675.21,1675.21,1675.2,1675.2,-0.0,17.75,29598.21,-1
2025-03-11,2025-03-11 14:11:00,1675.2,1675.2,1675.2,1675.2,0.0,17.75,29598.21,0
2025-03-11,2025-03-11 14:12:00,1675.2,1675.2,1675.2,1675.2,0.0,17.75,29598.21,0
2025-03-11,2025-03-11 14:13:00,1675.2,1675.2,1675.19,1675.19,-0.0,17.75,29598.21,-1
2025-03-11,2025-03-11 14:14:00,1675.19,1675.19,1675.19,1675.19,0.0,17.75,29598.21,0
2025-03-11,2025-03-11 14:15:00,1675.19,1675.19,1675.18,1675.18,-0.0,17.75,29598.21,-1
2025-03-11,2025-03-11 14:16:00,1675.18,1675.18,1675.18,1675.18,0.0,17.75,29598.21,0
2025-03-11,2025-03-11 14:17:00,1675.18,1675.18,1675.17,1675.17,-0.0,17.75,29598.21,-1
2025-03-11,2025-03-11 14:18:00,1675.17,1675.17,1675.17,1675.17,0.0,17.75,29598.21,0
2025-03-11,2025-03-11 14:19:00,1675.17,1675.17,1675.17,1675.17,0.0,17.75,29598.21,0
2025-03-11,2025-03-11 14:20:00,1675.17,1675.17,1675.16,1675.16,-0.0,17.75,29598.21,-1
2025-03-11,2025-03-11 14:21:00,1675.16,1675.16,1675.16,1675.16,0.0,17.75,29598.21,0
2025-03-11,2025-03-11 14:22:00,1675.16,1675.16,1675.15,1675.15,-0.0,17.75,29598.21,-1
2025-03-11,2025-03-11 14:23:00,1675.15,1675.15,1675.15,1675.15,0.0,17.75,29598.21,0
2025-03-11,2025-03-11 14:24:00,1675.15,1675.15,1675.15,1675.15,0.0,17.75,29598.21,0
2025-03-11,2025-03-11 14:25:00,1675.15,1675.15,1675.14,1675.14,-0.0,17.75,29598.21,-1
2025-03-11,2025-03-11 14:26:00,1675.14,1675.14,1675.14,1675.14,0.0,17.75,29598.21,0
2025-03-11,2025-03-11 14:27:00,1675.14,1675.14,1675.13,1675.13,-0.0,17.75,29598.21,-1
2025-03-11,2025-03-11 14:28:00,1675.13,1675.13,1675.13,1675.13,0.0,17.75,29598.21,0
2025-03-11,2025-03-11 14:29:00,1675.13,1675.13,1675.12,1675.12,-0.0,17.75,29598.21,-1
2025-03-11,2025-03-11 14:30:00,1675.12,1675.12,1675.12,1675.12,0.0,17.75,29598.21,0
2025-03-11,2025-03-11 14:31:00,1675.12,1675.12,1675.12,1675.12,0.0,17.75,29598.21,0
2025-03-11,2025-03-11 14:32:00,1675.12,1675.12,1675.11,1675.11,-0.0,17.75,29598.21,-1
2025-03-11,2025-03-11 14:33:00,1675.11,1675.11,1675.11,1675.11,0.0,17.75,29598.21,0
2025-03-11,2025-03-11 14:34:00,1675.11,1675.11,1675.1,1675.1,-0.0,17.75,29598.21,-1
2025-03-11,2025-03-11 14:35:00,1675.1,1675.1,1675.1,1675.1,0.0,17.75,29598.21,0
2025-03-11,2025-03-11 14:36:00,1675.1,1675.1,1675.1,1675.1,0.0,17.75,29598.21,0
2025-03-11,2025-03-11 14:37:00,1675.1,1675.1,1675.09,1675.09,-0.0,17.75,29598.21,-1
2025-03-11,2025-03-11 14:38:00,1675.09,1675.09,1675.09,1675.09,0.0,17.75,29598.21,0
2025-03-11,2025-03-11 14:39:00,1675.09,1675.09,1675.08,1675.08,-0.0,17.75,29598.21,-1
2025-03-11,2025-03-11 14:40:00,1675.08,1675.08,1675.08,1675.08,0.0,17.75,29598.21,0
2025-03-11,2025-03-11 14:41:00,1675.08,1675.08,1675.08,1675.08,0.0,17.75,29598.21,0
2025-03-11,2025-03-11 14:42:00,1675.08,1675.08,1675.07,1675.07,-0.0,17.75,29598.21,-1
2025-03-11,2025-03-11 14:43:00,1675.07,1675.07,1675.07,1675.07,0.0,17.75,29598.21,0
2025-03-11,2025-03-11 14:44:00,1675.07,1675.07,1675.06,1675.06,-0.0,17.75,29598.21,-1
2025-03-11,2025-03-11 14:45:00,1675.06,1675.06,1675.06,1675.06,0.0,17.75,29598.21,0
2025-03-11,2025-03-11 14:46:00,1675.06,1675.06,1675.05,1675.05,-0.0,17.75,29598.21,-1
2025-03-11,2025-03-11 14:47:00,1675.05,1675.05,1675.05,1675.05,0.0,17.75,29598.21,0
2025-03-11,2025-03-11 14:48:00,1675.05,1675.05,1675.05,1675.05,0.0,17.75,29598.21,0
2025-03-11,2025-03-11 14:49:00,1675.05,1675.05,1675.04,1675.04,-0.0,17.75,29598.21,-1
2025-03-11,2025-03-11 14:50:00,1675.04,1675.04,1675.04,1675.04,0.0,17.75,29598.21,0
2025-03-11,2025-03-11 14:51:00,1675.04,1675.04,1675.03,1675.03,-0.0,17.75,29598.21,-1
2025-03-11,2025-03-11 14:52:00,1675.03,1675.03,1675.03,1675.03,0.0,17.75,29598.21,0
2025-03-11,2025-03-11 14:53:00,1675.03,1675.03,1675.03,1675.03,0.0,17.75,29598.21,0
2025-03-11,2025-03-11 14:54:00,1675.03,1675.03,1675.02,1675.02,-0.0,17.75,29598.21,-1
2025-03-11,2025-03-11 14:55:00,1675.02,1675.02,1675.02,1675.02,0.0,17.75,29598.21,0
2025-03-11,2025-03-11 14:56:00,1675.02,1675.02,1675.01,1675.01,-0.0,17.75,29598.21,-1
2025-03-11,2025-03-11 14:57:00,1675.01,1675.01,1675.01,1675.01,0.0,17.75,29598.21,0
2025-03-11,2025-03-11 14:58:00,1675.01,1675.01,1675.0,1675.0,-0.0,17.75,29598.21,-1
2025-03-11,2025-03-11 14:59:00,1675.0,1675.0,1675.0,1675.0,0.0,17.75,29598.21,0
2025-03-11,2025-03-11 15:00:00,1675.0,1707.0,1642.2,1675.0,0.0,17.75,29598.21,0
2025-03-12,2025-03-12 11:00:00,1650.0,1659.0,1650.0,1650.02,0.0,9.36,15519.95,1
2025-03-12,2025-03-12 11:01:00,1650.02,1650.03,1650.02,1650.03,0.0,9.36,15519.95,1
2025-03-12,2025-03-12 11:02:00,1650.03,1650.05,1650.03,1650.05,0.0,9.36,15519.95,1
2025-03-12,2025-03-12 11:03:00,1650.05,1650.07,1650.05,1650.07,0.0,9.36,15519.95,1
2025-03-12,2025-03-12 11:04:00,1650.07,1650.09,1650.07,1650.09,0.0,9.36,15519.95,1
2025-03-12,2025-03-12 11:05:00,1650.09,1650.1,1650.09,1650.1,0.0,9.36,15519.95,1
2025-03-12,2025-03-12 11:06:00,1650.1,1650.12,1650.1,1650.12,0.0,9.36,15519.95,1
2025-03-12,2025-03-12 11:07:00,1650.12,1650.14,1650.12,1650.14,0.0,9.36,15519.95,1
2025-03-12,2025-03-12 11:08:00,1650.14,1650.15,1650.14,1650.15,0.0,9.36,15519.95,1
2025-03-12,2025-03-12 11:09:00,1650.15,1650.17,1650.15,1650.17,0.0,9.36,15519.95,1
2025-03-12,2025-03-12 11:10:00,1650.17,1650.19,1650.17,1650.19,0.0,9.36,15519.95,1
2025-03-12,2025-03-12 11:11:00,1650.19,1650.2,1650.19,1650.2,0.0,9.36,15519.95,1
2025-03-12,2025-03-12 11:12:00,1650.2,1650.22,1650.2,1650.22,0.0,9.36,15519.95,1
2025-03-12,2025-03-12 11:13:00,1650.22,1650.24,1650.22,1650.24,0.0,9.36,15519.95,1
2025-03-12,2025-03-12 11:14:00,1650.24,1650.26,1650.24,1650.26,0.0,9.36,15519.95,1
2025-03-12,2025-03-12 11:15:00,1650.26,1650.27,1650.26,1650.27,0.0,9.36,15519.95,1
2025-03-12,2025-03-12 11:16:00,1650.27,1650.29,1650.27,1650.29,0.0,9.36,15519.95,1
2025-03-12,2025-03-12 11:17:00,1650.29,1650.31,1650.29,1650.31,0.0,9.36,15519.95,1
2025-03-12,2025-03-12 11:18:00,1650.31,1650.32,1650.31,1650.32,0.0,9.36,15519.95,1
2025-03-12,2025-03-12 11:19:00,1650.32,1650.34,1650.32,1650.34,0.0,9.36,15519.95,1
2025-03-12,2025-03-12 11:20:00,1650.34,1650.36,1650.34,1650.36,0.0,9.36,15519.95,1
2025-03-12,2025-03-12 11:21:00,1650.36,1650.38,1650.36,1650.38,0.0,9.36,15519.95,1
2025-03-12,2025-03-12 11:22:00,1650.38,1650.39,1650.38,1650.39,0.0,9.36,15519.95,1
2025-03-12,2025-03-12 11:23:00,1650.39,1650.41,1650.39,1650.41,0.0,9.36,15519.95,1
2025-03-12,2025-03-12 11:24:00,1650.41,1650.43,1650.41,1650.43,0.0,9.36,15519.95,1
2025-03-12,2025-03-12 11:25:00,1650.43,1650.44,1650.43,1650.44,0.0,9.36,15519.95,1
2025-03-12,2025-03-12 11:26:00,1650.44,1650.46,1650.44,1650.46,0.0,9.36,15519.95,1
2025-03-12,2025-03-12 11:27:00,1650.46,1650.48,1650.46,1650.48,0.0,9.36,15519.95,1
2025-03-12,2025-03-12 11:28:00,1650.48,1650.5,1650.48,1650.5,0.0,9.36,15519.95,1
2025-03-12,2025-03-12 11:29:00,1650.5,1650.51,1650.5,1650.51,0.0,9.36,15519.95,1
2025-03-12,2025-03-12 11:30:00,1650.51,1650.53,1650.51,1650.53,0.0,9.36,15519.95,1
2025-03-12,2025-03-12 11:31:00,1650.53,1650.55,1650.53,1650.55,0.0,9.36,15519.95,1
2025-03-12,2025-03-12 11:32:00,1650.55,1650.56,1650.55,1650.56,0.0,9.36,15519.95,1
2025-03-12,2025-03-12 11:33:00,1650.56,1650.58,1650.56,1650.58,0.0,9.36,15519.95,1
2025-03-12,2025-03-12 11:34:00,1650.58,1650.6,1650.58,1650.6,0.0,9.36,15519.95,1
2025-03-12,2025-03-12 11:35:00,1650.6,1650.62,1650.6,1650.62,0.0,9.36,15519.95,1
2025-03-12,2025-03-12 11:36:00,1650.62,1650.63,1650.62,1650.63,0.0,9.36,15519.95,1
2025-03-12,2025-03-12 11:37:00,1650.63,1650.65,1650.63,1650.65,0.0,9.36,15519.95,1
2025-03-12,2025-03-12 11:38:00,1650.65,1650.67,1650.65,1650.67,0.0,9.36,15519.95,1
2025-03-12,2025-03-12 11:39:00,1650.67,1650.68,1650.67,1650.68,0.0,9.36,15519.95,1
2025-03-12,2025-03-12 11:40:00,1650.68,1650.7,1650.68,1650.7,0.0,9.36,15519.95,1
2025-03-12,2025-03-12 11:41:00,1650.7,1650.72,1650.7,1650.72,0.0,9.36,15519.95,1
2025-03-12,2025-03-12 11:42:00,1650.72,1650.73,1650.72,1650.73,0.0,9.36,15519.95,1
2025-03-12,2025-03-12 11:43:00,1650.73,1650.75,1650.73,1650.75,0.0,9.36,15519.95,1
2025-03-12,2025-03-12 11:44:00,1650.75,1650.77,1650.75,1650.77,0.0,9.36,15519.95,1
2025-03-12,2025-03-12 11:45:00,1650.77,1650.79,1650.77,1650.79,0.0,9.36,15519.95,1
2025-03-12,2025-03-12 11:46:00,1650.79,1650.8,1650.79,1650.8,0.0,9.36,15519.95,1
2025-03-12,2025-03-12 11:47:00,1650.8,1650.82,1650.8,1650.82,0.0,9.36,15519.95,1
2025-03-12,2025-03-12 11:48:00,1650.82,1650.84,1650.82,1650.84,0.0,9.36,15519.95,1
2025-03-12,2025-03-12 11:49:00,1650.84,1650.85,1650.84,1650.85,0.0,9.36,15519.95,1
2025-03-12,2025-03-12 11:50:00,1650.85,1650.87,1650.85,1650.87,0.0,9.36,15519.95,1
2025-03-12,2025-03-12 11:51:00,1650.87,1650.89,1650.87,1650.89,0.0,9.36,15519.95,1
2025-03-12,2025-03-12 11:52:00,1650.89,1650.91,1650.89,1650.91,0.0,9.36,15519.95,1
2025-03-12,2025-03-12 11:53:00,1650.91,1650.92,1650.91,1650.92,0.0,9.36,15519.95,1
2025-03-12,2025-03-12 11:54:00,1650.92,1650.94,1650.92,1650.94,0.0,9.36,15519.95,1
2025-03-12,2025-03-12 11:55:00,1650.94,1650.96,1650.94,1650.96,0.0,9.36,15519.95,1
2025-03-12,2025-03-12 11:56:00,1650.96,1650.97,1650.96,1650.97,0.0,9.36,15519.95,1
2025-03-12,2025-03-12 11:57:00,1650.97,1650.99,1650.97,1650.99,0.0,9.36,15519.95,1
2025-03-12,2025-03-12 11:58:00,1650.99,1651.01,1650.99,1651.01,0.0,9.36,15519.95,1
2025-03-12,2025-03-12 11:59:00,1651.01,1651.03,1651.01,1651.03,0.0,9.36,15519.95,1
2025-03-12,2025-03-12 12:00:00,1651.03,1651.04,1651.03,1651.04,0.0,9.36,15519.95,1
2025-03-12,2025-03-12 12:01:00,1651.04,1651.06,1651.04,1651.06,0.0,9.36,15519.95,1
2025-03-12,2025-03-12 12:02:00,1651.06,1651.08,1651.06,1651.08,0.0,9.36,15519.95,1
2025-03-12,2025-03-12 12:03:00,1651.08,1651.09,1651.08,1651.09,0.0,9.36,15519.95,1
2025-03-12,2025-03-12 12:04:00,1651.09,1651.11,1651.09,1651.11,0.0,9.36,15519.95,1
2025-03-12,2025-03-12 12:05:00,1651.11,1651.13,1651.11,1651.13,0.0,9.36,15519.95,1
2025-03-12,2025-03-12 12:06:00,1651.13,1651.14,1651.13,1651.14,0.0,9.36,15519.95,1
2025-03-12,2025-03-12 12:07:00,1651.14,1651.16,1651.14,1651.16,0.0,9.36,15519.95,1
2025-03-12,2025-03-12 12:08:00,1651.16,1651.18,1651.16,1651.18,0.0,9.36,15519.95,1
2025-03-12,2025-03-12 12:09:00,1651.18,1651.2,1651.18,1651.2,0.0,9.36,15519.95,1
2025-03-12,2025-03-12 12:10:00,1651.2,1651.21,1651.2,1651.21,0.0,9.36,15519.95,1
2025-03-12,2025-03-12 12:11:00,1651.21,1651.23,1651.21,1651.23,0.0,9.36,15519.95,1
2025-03-12,2025-03-12 12:12:00,1651.23,1651.25,1651.23,1651.25,0.0,9.36,15519.95,1
2025-03-12,2025-03-12 12:13:00,1651.25,1651.26,1651.25,1651.26,0.0,9.36,15519.95,1
2025-03-12,2025-03-12 12:14:00,1651.26,1651.28,1651.26,1651.28,0.0,9.36,15519.95,1
2025-03-12,2025-03-12 12:15:00,1651.28,1651.3,1651.28,1651.3,0.0,9.36,15519.95,1
2025-03-12,2025-03-12 12:16:00,1651.3,1651.32,1651.3,1651.32,0.0,9.36,15519.95,1
2025-03-12,2025-03-12 12:17:00,1651.32,1651.33,1651.32,1651.33,0.0,9.36,15519.95,1
2025-03-12,2025-03-12 12:18:00,1651.33,1651.35,1651.33,1651.35,0.0,9.36,15519.95,1
2025-03-12,2025-03-12 12:19:00,1651.35,1651.37,1651.35,1651.37,0.0,9.36,15519.95,1
2025-03-12,2025-03-12 12:20:00,1651.37,1651.38,1651.37,1651.38,0.0,9.36,15519.95,1
2025-03-12,2025-03-12 12:21:00,1651.38,1651.4,1651.38,1651.4,0.0,9.36,15519.95,1
2025-03-12,2025-03-12 12:22:00,1651.4,1651.42,1651.4,1651.42,0.0,9.36,15519.95,1
2025-03-12,2025-03-12 12:23:00,1651.42,1651.43,1651.42,1651.43,0.0,9.36,15519.95,1
2025-03-12,2025-03-12 12:24:00,1651.43,1651.45,1651.43,1651.45,0.0,9.36,15519.95,1
2025-03-12,2025-03-12 12:25:00,1651.45,1651.47,1651.45,1651.47,0.0,9.36,15519.95,1
2025-03-12,2025-03-12 12:26:00,1651.47,1651.49,1651.47,1651.49,0.0,9.36,15519.95,1
2025-03-12,2025-03-12 12:27:00,1651.49,1651.5,1651.49,1651.5,0.0,9.36,15519.95,1
2025-03-12,2025-03-12 12:28:00,1651.5,1651.52,1651.5,1651.52,0.0,9.36,15519.95,1
2025-03-12,2025-03-12 12:29:00,1651.52,1651.54,1651.52,1651.54,0.0,9.36,15519.95,1
2025-03-12,2025-03-12 12:30:00,1651.54,1651.55,1651.54,1651.55,0.0,9.36,15519.95,1
2025-03-12,2025-03-12 12:31:00,1651.55,1651.57,1651.55,1651.57,0.0,9.36,15519.95,1
2025-03-12,2025-03-12 12:32:00,1651.57,1651.59,1651.57,1651.59,0.0,9.36,15519.95,1
2025-03-12,2025-03-12 12:33:00,1651.59,1651.61,1651.59,1651.61,0.0,9.36,15519.95,1
2025-03-12,2025-03-12 12:34:00,1651.61,1651.62,1651.61,1651.62,0.0,9.36,15519.95,1
2025-03-12,2025-03-12 12:35:00,1651.62,1651.64,1651.62,1651.64,0.0,9.36,15519.95,1
2025-03-12,2025-03-12 12:36:00,1651.64,1651.66,1651.64,1651.66,0.0,9.36,15519.95,1
2025-03-12,2025-03-12 12:37:00,1651.66,1651.67,1651.66,1651.67,0.0,9.36,15519.95,1
2025-03-12,2025-03-12 12:38:00,1651.67,1651.69,1651.67,1651.69,0.0,9.36,15519.95,1
2025-03-12,2025-03-12 12:39:00,1651.69,1651.71,1651.69,1651.71,0.0,9.36,15519.95,1
2025-03-12,2025-03-12 12:40:00,1651.71,1651.73,1651.71,1651.73,0.0,9.36,15519.95,1
2025-03-12,2025-03-12 12:41:00,1651.73,1651.74,1651.73,1651.74,0.0,9.36,15519.95,1
2025-03-12,2025-03-12 12:42:00,1651.74,1651.76,1651.74,1651.76,0.0,9.36,15519.95,1
2025-03-12,2025-03-12 12:43:00,1651.76,1651.78,1651.76,1651.78,0.0,9.36,15519.95,1
2025-03-12,2025-03-12 12:44:00,1651.78,1651.79,1651.78,1651.79,0.0,9.36,15519.95,1
2025-03-12,2025-03-12 12:45:00,1651.79,1651.81,1651.79,1651.81,0.0,9.36,15519.95,1
2025-03-12,2025-03-12 12:46:00,1651.81,1651.83,1651.81,1651.83,0.0,9.36,15519.95,1
2025-03-12,2025-03-12 12:47:00,1651.83,1651.85,1651.83,1651.85,0.0,9.36,15519.95,1
2025-03-12,2025-03-12 12:48:00,1651.85,1651.86,1651.85,1651.86,0.0,9.36,15519.95,1
2025-03-12,2025-03-12 12:49:00,1651.86,1651.88,1651.86,1651.88,0.0,9.36,15519.95,1
2025-03-12,2025-03-12 12:50:00,1651.88,1651.9,1651.88,1651.9,0.0,9.36,15519.95,1
2025-03-12,2025-03-12 12:51:00,1651.9,1651.91,1651.9,1651.91,0.0,9.36,15519.95,1
2025-03-12,2025-03-12 12:52:00,1651.91,1651.93,1651.91,1651.93,0.0,9.36,15519.95,1
2025-03-12,2025-03-12 12:53:00,1651.93,1651.95,1651.93,1651.95,0.0,9.36,15519.95,1
2025-03-12,2025-03-12 12:54:00,1651.95,1651.96,1651.95,1651.96,0.0,9.36,15519.95,1
2025-03-12,2025-03-12 12:55:00,1651.96,1651.98,1651.96,1651.98,0.0,9.36,15519.95,1
2025-03-12,2025-03-12 12:56:00,1651.98,1652.0,1651.98,1652.0,0.0,9.36,15519.95,1
2025-03-12,2025-03-12 12:57:00,1652.0,1652.02,1652.0,1652.02,0.0,9.36,15519.95,1
2025-03-12,2025-03-12 12:58:00,1652.02,1652.03,1652.02,1652.03,0.0,9.36,15519.95,1
2025-03-12,2025-03-12 12:59:00,1652.03,1652.05,1652.03,1652.05,0.0,9.36,15519.95,1
2025-03-12,2025-03-12 13:00:00,1652.05,1680.0,1650.0,1652.07,0.0,9.36,15519.95,1
2025-03-12,2025-03-12 13:01:00,1652.07,1652.08,1652.07,1652.08,0.0,9.36,15519.95,1
2025-03-12,2025-03-12 13:02:00,1652.08,1652.1,1652.08,1652.1,0.0,9.36,15519.95,1
2025-03-12,2025-03-12 13:03:00,1652.1,1652.12,1652.1,1652.12,0.0,9.36,15519.95,1
2025-03-12,2025-03-12 13:04:00,1652.12,1652.14,1652.12,1652.14,0.0,9.36,15519.95,1
2025-03-12,2025-03-12 13:05:00,1652.14,1652.15,1652.14,1652.15,0.0,9.36,15519.95,1
2025-03-12,2025-03-12 13:06:00,1652.15,1652.17,1652.15,1652.17,0.0,9.36,15519.95,1
2025-03-12,2025-03-12 13:07:00,1652.17,1652.19,1652.17,1652.19,0.0,9.36,15519.95,1
2025-03-12,2025-03-12 13:08:00,1652.19,1652.2,1652.19,1652.2,0.0,9.36,15519.95,1
2025-03-12,2025-03-12 13:09:00,1652.2,1652.22,1652.2,1652.22,0.0,9.36,15519.95,1
2025-03-12,2025-03-12 13:10:00,1652.22,1652.24,1652.22,1652.24,0.0,9.36,15519.95,1
2025-03-12,2025-03-12 13:11:00,1652.24,1652.25,1652.24,1652.25,0.0,9.36,15519.95,1
2025-03-12,2025-03-12 13:12:00,1652.25,1652.27,1652.25,1652.27,0.0,9.36,15519.95,1
2025-03-12,2025-03-12 13:13:00,1652.27,1652.29,1652.27,1652.29,0.0,9.36,15519.95,1
2025-03-12,2025-03-12 13:14:00,1652.29,1652.31,1652.29,1652.31,0.0,9.36,15519.95,1
2025-03-12,2025-03-12 13:15:00,1652.31,1652.32,1652.31,1652.32,0.0,9.36,15519.95,1
2025-03-12,2025-03-12 13:16:00,1652.32,1652.34,1652.32,1652.34,0.0,9.36,15519.95,1
2025-03-12,2025-03-12 13:17:00,1652.34,1652.36,1652.34,1652.36,0.0,9.36,15519.95,1
2025-03-12,2025-03-12 13:18:00,1652.36,1652.37,1652.36,1652.37,0.0,9.36,15519.95,1
2025-03-12,2025-03-12 13:19:00,1652.37,1652.39,1652.37,1652.39,0.0,9.36,15519.95,1
2025-03-12,2025-03-12 13:20:00,1652.39,1652.41,1652.39,1652.41,0.0,9.36,15519.95,1
2025-03-12,2025-03-12 13:21:00,1652.41,1652.43,1652.41,1652.43,0.0,9.36,15519.95,1
2025-03-12,2025-03-12 13:22:00,1652.43,1652.44,1652.43,1652.44,0.0,9.36,15519.95,1
2025-03-12,2025-03-12 13:23:00,1652.44,1652.46,1652.44,1652.46,0.0,9.36,15519.95,1
2025-03-12,2025-03-12 13:24:00,1652.46,1652.48,1652.46,1652.48,0.0,9.36,15519.95,1
2025-03-12,2025-03-12 13:25:00,1652.48,1652.49,1652.48,1652.49,0.0,9.36,15519.95,1
2025-03-12,2025-03-12 13:26:00,1652.49,1652.51,1652.49,1652.51,0.0,9.36,15519.95,1
2025-03-12,2025-03-12 13:27:00,1652.51,1652.53,1652.51,1652.53,0.0,9.36,15519.95,1
2025-03-12,2025-03-12 13:28:00,1652.53,1652.55,1652.53,1652.55,0.0,9.36,15519.95,1
2025-03-12,2025-03-12 13:29:00,1652.55,1652.56,1652.55,1652.56,0.0,9.36,15519.95,1
2025-03-12,2025-03-12 13:30:00,1652.56,1652.58,1652.56,1652.58,0.0,9.36,15519.95,1
2025-03-12,2025-03-12 13:31:00,1652.58,1652.6,1652.58,1652.6,0.0,9.36,15519.95,1
2025-03-12,2025-03-12 13:32:00,1652.6,1652.61,1652.6,1652.61,0.0,9.36,15519.95,1
2025-03-12,2025-03-12 13:33:00,1652.61,1652.63,1652.61,1652.63,0.0,9.36,15519.95,1
2025-03-12,2025-03-12 13:34:00,1652.63,1652.65,1652.63,1652.65,0.0,9.36,15519.95,1
2025-03-12,2025-03-12 13:35:00,1652.65,1652.66,1652.65,1652.66,0.0,9.36,15519.95,1
2025-03-12,2025-03-12 13:36:00,1652.66,1652.68,1652.66,1652.68,0.0,9.36,15519.95,1
2025-03-12,2025-03-12 13:37:00,1652.68,1652.7,1652.68,1652.7,0.0,9.36,15519.95,1
2025-03-12,2025-03-12 13:38:00,1652.7,1652.72,1652.7,1652.72,0.0,9.36,15519.95,1
2025-03-12,2025-03-12 13:39:00,1652.72,1652.73,1652.72,1652.73,0.0,9.36,15519.95,1
2025-03-12,2025-03-12 13:40:00,1652.73,1652.75,1652.73,1652.75,0.0,9.36,15519.95,1
2025-03-12,2025-03-12 13:41:00,1652.75,1652.77,1652.75,1652.77,0.0,9.36,15519.95,1
2025-03-12,2025-03-12 13:42:00,1652.77,1652.78,1652.77,1652.78,0.0,9.36,15519.95,1
2025-03-12,2025-03-12 13:43:00,1652.78,1652.8,1652.78,1652.8,0.0,9.36,15519.95,1
2025-03-12,2025-03-12 13:44:00,1652.8,1652.82,1652.8,1652.82,0.0,9.36,15519.95,1
2025-03-12,2025-03-12 13:45:00,1652.82,1652.84,1652.82,1652.84,0.0,9.36,15519.95,1
2025-03-12,2025-03-12 13:46:00,1652.84,1652.85,1652.84,1652.85,0.0,9.36,15519.95,1
2025-03-12,2025-03-12 13:47:00,1652.85,1652.87,1652.85,1652.87,0.0,9.36,15519.95,1
2025-03-12,2025-03-12 13:48:00,1652.87,1652.89,1652.87,1652.89,0.0,9.36,15519.95,1
2025-03-12,2025-03-12 13:49:00,1652.89,1652.9,1652.89,1652.9,0.0,9.36,15519.95,1
2025-03-12,2025-03-12 13:50:00,1652.9,1652.92,1652.9,1652.92,0.0,9.36,15519.95,1
2025-03-12,2025-03-12 13:51:00,1652.92,1652.94,1652.92,1652.94,0.0,9.36,15519.95,1
2025-03-12,2025-03-12 13:52:00,1652.94,1652.96,1652.94,1652.96,0.0,9.36,15519.95,1
2025-03-12,2025-03-12 13:53:00,1652.96,1652.97,1652.96,1652.97,0.0,9.36,15519.95,1
2025-03-12,2025-03-12 13:54:00,1652.97,1652.99,1652.97,1652.99,0.0,9.36,15519.95,1
2025-03-12,2025-03-12 13:55:00,1652.99,1653.01,1652.99,1653.01,0.0,9.36,15519.95,1
2025-03-12,2025-03-12 13:56:00,1653.01,1653.02,1653.01,1653.02,0.0,9.36,15519.95,1
2025-03-12,2025-03-12 13:57:00,1653.02,1653.04,1653.02,1653.04,0.0,9.36,15519.95,1
2025-03-12,2025-03-12 13:58:00,1653.04,1653.06,1653.04,1653.06,0.0,9.36,15519.95,1
2025-03-12,2025-03-12 13:59:00,1653.06,1653.07,1653.06,1653.07,0.0,9.36,15519.95,1
2025-03-12,2025-03-12 14:00:00,1653.07,1653.09,1653.07,1653.09,0.0,9.36,15519.95,1
2025-03-12,2025-03-12 14:01:00,1653.09,1653.11,1653.09,1653.11,0.0,9.36,15519.95,1
2025-03-12,2025-03-12 14:02:00,1653.11,1653.13,1653.11,1653.13,0.0,9.36,15519.95,1
2025-03-12,2025-03-12 14:03:00,1653.13,1653.14,1653.13,1653.14,0.0,9.36,15519.95,1
2025-03-12,2025-03-12 14:04:00,1653.14,1653.16,1653.14,1653.16,0.0,9.36,15519.95,1
2025-03-12,2025-03-12 14:05:00,1653.16,1653.18,1653.16,1653.18,0.0,9.36,15519.95,1
2025-03-12,2025-03-12 14:06:00,1653.18,1653.19,1653.18,1653.19,0.0,9.36,15519.95,1
2025-03-12,2025-03-12 14:07:00,1653.19,1653.21,1653.19,1653.21,0.0,9.36,15519.95,1
2025-03-12,2025-03-12 14:08:00,1653.21,1653.23,1653.21,1653.23,0.0,9.36,15519.95,1
2025-03-12,2025-03-12 14:09:00,1653.23,1653.25,1653.23,1653.25,0.0,9.36,15519.95,1
2025-03-12,2025-03-12 14:10:00,1653.25,1653.26,1653.25,1653.26,0.0,9.36,15519.95,1
2025-03-12,2025-03-12 14:11:00,1653.26,1653.28,1653.26,1653.28,0.0,9.36,15519.95,1
2025-03-12,2025-03-12 14:12:00,1653.28,1653.3,1653.28,1653.3,0.0,9.36,15519.95,1
2025-03-12,2025-03-12 14:13:00,1653.3,1653.31,1653.3,1653.31,0.0,9.36,15519.95,1
2025-03-12,2025-03-12 14:14:00,1653.31,1653.33,1653.31,1653.33,0.0,9.36,15519.95,1
2025-03-12,2025-03-12 14:15:00,1653.33,1653.35,1653.33,1653.35,0.0,9.36,15519.95,1
2025-03-12,2025-03-12 14:16:00,1653.35,1653.37,1653.35,1653.37,0.0,9.36,15519.95,1
2025-03-12,2025-03-12 14:17:00,1653.37,1653.38,1653.37,1653.38,0.0,9.36,15519.95,1
2025-03-12,2025-03-12 14:18:00,1653.38,1653.4,1653.38,1653.4,0.0,9.36,15519.95,1
2025-03-12,2025-03-12 14:19:00,1653.4,1653.42,1653.4,1653.42,0.0,9.36,15519.95,1
2025-03-12,2025-03-12 14:20:00,1653.42,1653.43,1653.42,1653.43,0.0,9.36,15519.95,1
2025-03-12,2025-03-12 14:21:00,1653.43,1653.45,1653.43,1653.45,0.0,9.36,15519.95,1
2025-03-12,2025-03-12 14:22:00,1653.45,1653.47,1653.45,1653.47,0.0,9.36,15519.95,1
2025-03-12,2025-03-12 14:23:00,1653.47,1653.48,1653.47,1653.48,0.0,9.36,15519.95,1
2025-03-12,2025-03-12 14:24:00,1653.48,1653.5,1653.48,1653.5,0.0,9.36,15519.95,1
2025-03-12,2025-03-12 14:25:00,1653.5,1653.52,1653.5,1653.52,0.0,9.36,15519.95,1
2025-03-12,2025-03-12 14:26:00,1653.52,1653.54,1653.52,1653.54,0.0,9.36,15519.95,1
2025-03-12,2025-03-12 14:27:00,1653.54,1653.55,1653.54,1653.55,0.0,9.36,15519.95,1
2025-03-12,2025-03-12 14:28:00,1653.55,1653.57,1653.55,1653.57,0.0,9.36,15519.95,1
2025-03-12,2025-03-12 14:29:00,1653.57,1653.59,1653.57,1653.59,0.0,9.36,15519.95,1
2025-03-12,2025-03-12 14:30:00,1653.59,1653.6,1653.59,1653.6,0.0,9.36,15519.95,1
2025-03-12,2025-03-12 14:31:00,1653.6,1653.62,1653.6,1653.62,0.0,9.36,15519.95,1
2025-03-12,2025-03-12 14:32:00,1653.62,1653.64,1653.62,1653.64,0.0,9.36,15519.95,1
2025-03-12,2025-03-12 14:33:00,1653.64,1653.66,1653.64,1653.66,0.0,9.36,15519.95,1
2025-03-12,2025-03-12 14:34:00,1653.66,1653.67,1653.66,1653.67,0.0,9.36,15519.95,1
2025-03-12,2025-03-12 14:35:00,1653.67,1653.69,1653.67,1653.69,0.0,9.36,15519.95,1
2025-03-12,2025-03-12 14:36:00,1653.69,1653.71,1653.69,1653.71,0.0,9.36,15519.95,1
2025-03-12,2025-03-12 14:37:00,1653.71,1653.72,1653.71,1653.72,0.0,9.36,15519.95,1
2025-03-12,2025-03-12 14:38:00,1653.72,1653.74,1653.72,1653.74,0.0,9.36,15519.95,1
2025-03-12,2025-03-12 14:39:00,1653.74,1653.76,1653.74,1653.76,0.0,9.36,15519.95,1
2025-03-12,2025-03-12 14:40:00,1653.76,1653.78,1653.76,1653.78,0.0,9.36,15519.95,1
2025-03-12,2025-03-12 14:41:00,1653.78,1653.79,1653.78,1653.79,0.0,9.36,15519.95,1
2025-03-12,2025-03-12 14:42:00,1653.79,1653.81,1653.79,1653.81,0.0,9.36,15519.95,1
2025-03-12,2025-03-12 14:43:00,1653.81,1653.83,1653.81,1653.83,0.0,9.36,15519.95,1
2025-03-12,2025-03-12 14:44:00,1653.83,1653.84,1653.83,1653.84,0.0,9.36,15519.95,1
2025-03-12,2025-03-12 14:45:00,1653.84,1653.86,1653.84,1653.86,0.0,9.36,15519.95,1
2025-03-12,2025-03-12 14:46:00,1653.86,1653.88,1653.86,1653.88,0.0,9.36,15519.95,1
2025-03-12,2025-03-12 14:47:00,1653.88,1653.89,1653.88,1653.89,0.0,9.36,15519.95,1
2025-03-12,2025-03-12 14:48:00,1653.89,1653.91,1653.89,1653.91,0.0,9.36,15519.95,1
2025-03-12,2025-03-12 14:49:00,1653.91,1653.93,1653.91,1653.93,0.0,9.36,15519.95,1
2025-03-12,2025-03-12 14:50:00,1653.93,1653.95,1653.93,1653.95,0.0,9.36,15519.95,1
2025-03-12,2025-03-12 14:51:00,1653.95,1653.96,1653.95,1653.96,0.0,9.36,15519.95,1
2025-03-12,2025-03-12 14:52:00,1653.96,1653.98,1653.96,1653.98,0.0,9.36,15519.95,1
2025-03-12,2025-03-12 14:53:00,1653.98,1654.0,1653.98,1654.0,0.0,9.36,15519.95,1
2025-03-12,2025-03-12 14:54:00,1654.0,1654.01,1654.0,1654.01,0.0,9.36,15519.95,1
2025-03-12,2025-03-12 14:55:00,1654.01,1654.03,1654.01,1654.03,0.0,9.36,15519.95,1
2025-03-12,2025-03-12 14:56:00,1654.03,1654.05,1654.03,1654.05,0.0,9.36,15519.95,1
2025-03-12,2025-03-12 14:57:00,1654.05,1654.07,1654.05,1654.07,0.0,9.36,15519.95,1
2025-03-12,2025-03-12 14:58:00,1654.07,1654.08,1654.07,1654.08,0.0,9.36,15519.95,1
2025-03-12,2025-03-12 14:59:00,1654.08,1654.1,1654.08,1654.1,0.0,9.36,15519.95,1
2025-03-12,2025-03-12 15:00:00,1654.1,1680.0,1650.0,1654.1,0.0,9.36,15519.95,0
2025-03-16,2025-03-16 11:00:00,1642.1,1648.97,1640.27,1642.08,-0.0,12.04,19886.86,-1
2025-03-16,2025-03-16 11:01:00,1642.08,1642.08,1642.06,1642.06,-0.0,12.04,19886.86,-1
2025-03-16,2025-03-16 11:02:00,1642.06,1642.06,1642.04,1642.04,-0.0,12.04,19886.86,-1
2025-03-16,2025-03-16 11:03:00,1642.04,1642.04,1642.01,1642.01,-0.0,12.04,19886.86,-1
2025-03-16,2025-03-16 11:04:00,1642.01,1642.01,1641.99,1641.99,-0.0,12.04,19886.86,-1
2025-03-16,2025-03-16 11:05:00,1641.99,1641.99,1641.97,1641.97,-0.0,12.04,19886.86,-1
2025-03-16,2025-03-16 11:06:00,1641.97,1641.97,1641.95,1641.95,-0.0,12.04,19886.86,-1
2025-03-16,2025-03-16 11:07:00,1641.95,1641.95,1641.93,1641.93,-0.0,12.04,19886.86,-1
2025-03-16,2025-03-16 11:08:00,1641.93,1641.93,1641.91,1641.91,-0.0,12.04,19886.86,-1
2025-03-16,2025-03-16 11:09:00,1641.91,1641.91,1641.89,1641.89,-0.0,12.04,19886.86,-1
2025-03-16,2025-03-16 11:10:00,1641.89,1641.89,1641.87,1641.87,-0.0,12.04,19886.86,-1
2025-03-16,2025-03-16 11:11:00,1641.87,1641.87,1641.84,1641.84,-0.0,12.04,19886.86,-1
2025-03-16,2025-03-16 11:12:00,1641.84,1641.84,1641.82,1641.82,-0.0,12.04,19886.86,-1
2025-03-16,2025-03-16 11:13:00,1641.82,1641.82,1641.8,1641.8,-0.0,12.04,19886.86,-1
2025-03-16,2025-03-16 11:14:00,1641.8,1641.8,1641.78,1641.78,-0.0,12.04,19886.86,-1
2025-03-16,2025-03-16 11:15:00,1641.78,1641.78,1641.76,1641.76,-0.0,12.04,19886.86,-1
2025-03-16,2025-03-16 11:16:00,1641.76,1641.76,1641.74,1641.74,-0.0,12.04,19886.86,-1
2025-03-16,2025-03-16 11:17:00,1641.74,1641.74,1641.72,1641.72,-0.0,12.04,19886.86,-1
2025-03-16,2025-03-16 11:18:00,1641.72,1641.72,1641.7,1641.7,-0.0,12.04,19886.86,-1
2025-03-16,2025-03-16 11:19:00,1641.7,1641.7,1641.67,1641.67,-0.0,12.04,19886.86,-1
2025-03-16,2025-03-16 11:20:00,1641.67,1641.67,1641.65,1641.65,-0.0,12.04,19886.86,-1
2025-03-16,2025-03-16 11:21:00,1641.65,1641.65,1641.63,1641.63,-0.0,12.04,19886.86,-1
2025-03-16,2025-03-16 11:22:00,1641.63,1641.63,1641.61,1641.61,-0.0,12.04,19886.86,-1
2025-03-16,2025-03-16 11:23:00,1641.61,1641.61,1641.59,1641.59,-0.0,12.04,19886.86,-1
2025-03-16,2025-03-16 11:24:00,1641.59,1641.59,1641.57,1641.57,-0.0,12.04,19886.86,-1
2025-03-16,2025-03-16 11:25:00,1641.57,1641.57,1641.55,1641.55,-0.0,12.04,19886.86,-1
2025-03-16,2025-03-16 11:26:00,1641.55,1641.55,1641.53,1641.53,-0.0,12.04,19886.86,-1
2025-03-16,2025-03-16 11:27:00,1641.53,1641.53,1641.5,1641.5,-0.0,12.04,19886.86,-1
2025-03-16,2025-03-16 11:28:00,1641.5,1641.5,1641.48,1641.48,-0.0,12.04,19886.86,-1
2025-03-16,2025-03-16 11:29:00,1641.48,1641.48,1641.46,1641.46,-0.0,12.04,19886.86,-1
2025-03-16,2025-03-16 11:30:00,1641.46,1641.46,1641.44,1641.44,-0.0,12.04,19886.86,-1
2025-03-16,2025-03-16 11:31:00,1641.44,1641.44,1641.42,1641.42,-0.0,12.04,19886.86,-1
2025-03-16,2025-03-16 11:32:00,1641.42,1641.42,1641.4,1641.4,-0.0,12.04,19886.86,-1
2025-03-16,2025-03-16 11:33:00,1641.4,1641.4,1641.38,1641.38,-0.0,12.04,19886.86,-1
2025-03-16,2025-03-16 11:34:00,1641.38,1641.38,1641.36,1641.36,-0.0,12.04,19886.86,-1
2025-03-16,2025-03-16 11:35:00,1641.36,1641.36,1641.34,1641.34,-0.0,12.04,19886.86,-1
2025-03-16,2025-03-16 11:36:00,1641.34,1641.34,1641.31,1641.31,-0.0,12.04,19886.86,-1
2025-03-16,2025-03-16 11:37:00,1641.31,1641.31,1641.29,1641.29,-0.0,12.04,19886.86,-1
2025-03-16,2025-03-16 11:38:00,1641.29,1641.29,1641.27,1641.27,-0.0,12.04,19886.86,-1
2025-03-16,2025-03-16 11:39:00,1641.27,1641.27,1641.25,1641.25,-0.0,12.04,19886.86,-1
2025-03-16,2025-03-16 11:40:00,1641.25,1641.25,1641.23,1641.23,-0.0,12.04,19886.86,-1
2025-03-16,2025-03-16 11:41:00,1641.23,1641.23,1641.21,1641.21,-0.0,12.04,19886.86,-1
2025-03-16,2025-03-16 11:42:00,1641.21,1641.21,1641.19,1641.19,-0.0,12.04,19886.86,-1
2025-03-16,2025-03-16 11:43:00,1641.19,1641.19,1641.16,1641.16,-0.0,12.04,19886.86,-1
2025-03-16,2025-03-16 11:44:00,1641.16,1641.16,1641.14,1641.14,-0.0,12.04,19886.86,-1
2025-03-16,2025-03-16 11:45:00,1641.14,1641.14,1641.12,1641.12,-0.0,12.04,19886.86,-1
2025-03-16,2025-03-16 11:46:00,1641.12,1641.12,1641.1,1641.1,-0.0,12.04,19886.86,-1
2025-03-16,2025-03-16 11:47:00,1641.1,1641.1,1641.08,1641.08,-0.0,12.04,19886.86,-1
2025-03-16,2025-03-16 11:48:00,1641.08,1641.08,1641.06,1641.06,-0.0,12.04,19886.86,-1
2025-03-16,2025-03-16 11:49:00,1641.06,1641.06,1641.04,1641.04,-0.0,12.04,19886.86,-1
2025-03-16,2025-03-16 11:50:00,1641.04,1641.04,1641.02,1641.02,-0.0,12.04,19886.86,-1
2025-03-16,2025-03-16 11:51:00,1641.02,1641.02,1640.99,1640.99,-0.0,12.04,19886.86,-1
2025-03-16,2025-03-16 11:52:00,1640.99,1640.99,1640.97,1640.97,-0.0,12.04,19886.86,-1
2025-03-16,2025-03-16 11:53:00,1640.97,1640.97,1640.95,1640.95,-0.0,12.04,19886.86,-1
2025-03-16,2025-03-16 11:54:00,1640.95,1640.95,1640.93,1640.93,-0.0,12.04,19886.86,-1
2025-03-16,2025-03-16 11:55:00,1640.93,1640.93,1640.91,1640.91,-0.0,12.04,19886.86,-1
2025-03-16,2025-03-16 11:56:00,1640.91,1640.91,1640.89,1640.89,-0.0,12.04,19886.86,-1
2025-03-16,2025-03-16 11:57:00,1640.89,1640.89,1640.87,1640.87,-0.0,12.04,19886.86,-1
2025-03-16,2025-03-16 11:58:00,1640.87,1640.87,1640.85,1640.85,-0.0,12.04,19886.86,-1
2025-03-16,2025-03-16 11:59:00,1640.85,1640.85,1640.82,1640.82,-0.0,12.04,19886.86,-1
2025-03-16,2025-03-16 12:00:00,1640.82,1640.82,1640.8,1640.8,-0.0,12.04,19886.86,-1
2025-03-16,2025-03-16 12:01:00,1640.8,1640.8,1640.78,1640.78,-0.0,12.04,19886.86,-1
2025-03-16,2025-03-16 12:02:00,1640.78,1640.78,1640.76,1640.76,-0.0,12.04,19886.86,-1
2025-03-16,2025-03-16 12:03:00,1640.76,1640.76,1640.74,1640.74,-0.0,12.04,19886.86,-1
2025-03-16,2025-03-16 12:04:00,1640.74,1640.74,1640.72,1640.72,-0.0,12.04,19886.86,-1
2025-03-16,2025-03-16 12:05:00,1640.72,1640.72,1640.7,1640.7,-0.0,12.04,19886.86,-1
2025-03-16,2025-03-16 12:06:00,1640.7,1640.7,1640.68,1640.68,-0.0,12.04,19886.86,-1
2025-03-16,2025-03-16 12:07:00,1640.68,1640.68,1640.65,1640.65,-0.0,12.04,19886.86,-1
2025-03-16,2025-03-16 12:08:00,1640.65,1640.65,1640.63,1640.63,-0.0,12.04,19886.86,-1
2025-03-16,2025-03-16 12:09:00,1640.63,1640.63,1640.61,1640.61,-0.0,12.04,19886.86,-1
2025-03-16,2025-03-16 12:10:00,1640.61,1640.61,1640.59,1640.59,-0.0,12.04,19886.86,-1
2025-03-16,2025-03-16 12:11:00,1640.59,1640.59,1640.57,1640.57,-0.0,12.04,19886.86,-1
2025-03-16,2025-03-16 12:12:00,1640.57,1640.57,1640.55,1640.55,-0.0,12.04,19886.86,-1
2025-03-16,2025-03-16 12:13:00,1640.55,1640.55,1640.53,1640.53,-0.0,12.04,19886.86,-1
2025-03-16,2025-03-16 12:14:00,1640.53,1640.53,1640.51,1640.51,-0.0,12.04,19886.86,-1
2025-03-16,2025-03-16 12:15:00,1640.51,1640.51,1640.48,1640.48,-0.0,12.04,19886.86,-1
2025-03-16,2025-03-16 12:16:00,1640.48,1640.48,1640.46,1640.46,-0.0,12.04,19886.86,-1
2025-03-16,2025-03-16 12:17:00,1640.46,1640.46,1640.44,1640.44,-0.0,12.04,19886.86,-1
2025-03-16,2025-03-16 12:18:00,1640.44,1640.44,1640.42,1640.42,-0.0,12.04,19886.86,-1
2025-03-16,2025-03-16 12:19:00,1640.42,1640.42,1640.4,1640.4,-0.0,12.04,19886.86,-1
2025-03-16,2025-03-16 12:20:00,1640.4,1640.4,1640.38,1640.38,-0.0,12.04,19886.86,-1
2025-03-16,2025-03-16 12:21:00,1640.38,1640.38,1640.36,1640.36,-0.0,12.04,19886.86,-1
2025-03-16,2025-03-16 12:22:00,1640.36,1640.36,1640.34,1640.34,-0.0,12.04,19886.86,-1
2025-03-16,2025-03-16 12:23:00,1640.34,1640.34,1640.32,1640.32,-0.0,12.04,19886.86,-1
2025-03-16,2025-03-16 12:24:00,1640.32,1640.32,1640.29,1640.29,-0.0,12.04,19886.86,-1
2025-03-16,2025-03-16 12:25:00,1640.29,1640.29,1640.27,1640.27,-0.0,12.04,19886.86,-1
2025-03-16,2025-03-16 12:26:00,1640.27,1640.27,1640.25,1640.25,-0.0,12.04,19886.86,-1
2025-03-16,2025-03-16 12:27:00,1640.25,1640.25,1640.23,1640.23,-0.0,12.04,19886.86,-1
2025-03-16,2025-03-16 12:28:00,1640.23,1640.23,1640.21,1640.21,-0.0,12.04,19886.86,-1
2025-03-16,2025-03-16 12:29:00,1640.21,1640.21,1640.19,1640.19,-0.0,12.04,19886.86,-1
2025-03-16,2025-03-16 12:30:00,1640.19,1640.19,1640.17,1640.17,-0.0,12.04,19886.86,-1
2025-03-16,2025-03-16 12:31:00,1640.17,1640.17,1640.14,1640.14,-0.0,12.04,19886.86,-1
2025-03-16,2025-03-16 12:32:00,1640.14,1640.14,1640.12,1640.12,-0.0,12.04,19886.86,-1
2025-03-16,2025-03-16 12:33:00,1640.12,1640.12,1640.1,1640.1,-0.0,12.04,19886.86,-1
2025-03-16,2025-03-16 12:34:00,1640.1,1640.1,1640.08,1640.08,-0.0,12.04,19886.86,-1
2025-03-16,2025-03-16 12:35:00,1640.08,1640.08,1640.06,1640.06,-0.0,12.04,19886.86,-1
2025-03-16,2025-03-16 12:36:00,1640.06,1640.06,1640.04,1640.04,-0.0,12.04,19886.86,-1
2025-03-16,2025-03-16 12:37:00,1640.04,1640.04,1640.02,1640.02,-0.0,12.04,19886.86,-1
2025-03-16,2025-03-16 12:38:00,1640.02,1640.02,1640.0,1640.0,-0.0,12.04,19886.86,-1
2025-03-16,2025-03-16 12:39:00,1640.0,1640.0,1639.97,1639.97,-0.0,12.04,19886.86,-1
2025-03-16,2025-03-16 12:40:00,1639.97,1639.97,1639.95,1639.95,-0.0,12.04,19886.86,-1
2025-03-16,2025-03-16 12:41:00,1639.95,1639.95,1639.93,1639.93,-0.0,12.04,19886.86,-1
2025-03-16,2025-03-16 12:42:00,1639.93,1639.93,1639.91,1639.91,-0.0,12.04,19886.86,-1
2025-03-16,2025-03-16 12:43:00,1639.91,1639.91,1639.89,1639.89,-0.0,12.04,19886.86,-1
2025-03-16,2025-03-16 12:44:00,1639.89,1639.89,1639.87,1639.87,-0.0,12.04,19886.86,-1
2025-03-16,2025-03-16 12:45:00,1639.87,1639.87,1639.85,1639.85,-0.0,12.04,19886.86,-1
2025-03-16,2025-03-16 12:46:00,1639.85,1639.85,1639.83,1639.83,-0.0,12.04,19886.86,-1
2025-03-16,2025-03-16 12:47:00,1639.83,1639.83,1639.8,1639.8,-0.0,12.04,19886.86,-1
2025-03-16,2025-03-16 12:48:00,1639.8,1639.8,1639.78,1639.78,-0.0,12.04,19886.86,-1
2025-03-16,2025-03-16 12:49:00,1639.78,1639.78,1639.76,1639.76,-0.0,12.04,19886.86,-1
2025-03-16,2025-03-16 12:50:00,1639.76,1639.76,1639.74,1639.74,-0.0,12.04,19886.86,-1
2025-03-16,2025-03-16 12:51:00,1639.74,1639.74,1639.72,1639.72,-0.0,12.04,19886.86,-1
2025-03-16,2025-03-16 12:52:00,1639.72,1639.72,1639.7,1639.7,-0.0,12.04,19886.86,-1
2025-03-16,2025-03-16 12:53:00,1639.7,1639.7,1639.68,1639.68,-0.0,12.04,19886.86,-1
2025-03-16,2025-03-16 12:54:00,1639.68,1639.68,1639.66,1639.66,-0.0,12.04,19886.86,-1
2025-03-16,2025-03-16 12:55:00,1639.66,1639.66,1639.63,1639.63,-0.0,12.04,19886.86,-1
2025-03-16,2025-03-16 12:56:00,1639.63,1639.63,1639.61,1639.61,-0.0,12.04,19886.86,-1
2025-03-16,2025-03-16 12:57:00,1639.61,1639.61,1639.59,1639.59,-0.0,12.04,19886.86,-1
2025-03-16,2025-03-16 12:58:00,1639.59,1639.59,1639.57,1639.57,-0.0,12.04,19886.86,-1
2025-03-16,2025-03-16 12:59:00,1639.57,1639.57,1639.55,1639.55,-0.0,12.04,19886.86,-1
2025-03-16,2025-03-16 13:00:00,1639.55,1665.0,1636.0,1639.53,-0.0,12.04,19886.86,-1
2025-03-16,2025-03-16 13:01:00,1639.53,1639.53,1639.51,1639.51,-0.0,12.04,19886.86,-1
2025-03-16,2025-03-16 13:02:00,1639.51,1639.51,1639.49,1639.49,-0.0,12.04,19886.86,-1
2025-03-16,2025-03-16 13:03:00,1639.49,1639.49,1639.46,1639.46,-0.0,12.04,19886.86,-1
2025-03-16,2025-03-16 13:04:00,1639.46,1639.46,1639.44,1639.44,-0.0,12.04,19886.86,-1
2025-03-16,2025-03-16 13:05:00,1639.44,1639.44,1639.42,1639.42,-0.0,12.04,19886.86,-1
2025-03-16,2025-03-16 13:06:00,1639.42,1639.42,1639.4,1639.4,-0.0,12.04,19886.86,-1
2025-03-16,2025-03-16 13:07:00,1639.4,1639.4,1639.38,1639.38,-0.0,12.04,19886.86,-1
2025-03-16,2025-03-16 13:08:00,1639.38,1639.38,1639.36,1639.36,-0.0,12.04,19886.86,-1
2025-03-16,2025-03-16 13:09:00,1639.36,1639.36,1639.34,1639.34,-0.0,12.04,19886.86,-1
2025-03-16,2025-03-16 13:10:00,1639.34,1639.34,1639.32,1639.32,-0.0,12.04,19886.86,-1
2025-03-16,2025-03-16 13:11:00,1639.32,1639.32,1639.29,1639.29,-0.0,12.04,19886.86,-1
2025-03-16,2025-03-16 13:12:00,1639.29,1639.29,1639.27,1639.27,-0.0,12.04,19886.86,-1
2025-03-16,2025-03-16 13:13:00,1639.27,1639.27,1639.25,1639.25,-0.0,12.04,19886.86,-1
2025-03-16,2025-03-16 13:14:00,1639.25,1639.25,1639.23,1639.23,-0.0,12.04,19886.86,-1
2025-03-16,2025-03-16 13:15:00,1639.23,1639.23,1639.21,1639.21,-0.0,12.04,19886.86,-1
2025-03-16,2025-03-16 13:16:00,1639.21,1639.21,1639.19,1639.19,-0.0,12.04,19886.86,-1
2025-03-16,2025-03-16 13:17:00,1639.19,1639.19,1639.17,1639.17,-0.0,12.04,19886.86,-1
2025-03-16,2025-03-16 13:18:00,1639.17,1639.17,1639.15,1639.15,-0.0,12.04,19886.86,-1
2025-03-16,2025-03-16 13:19:00,1639.15,1639.15,1639.12,1639.12,-0.0,12.04,19886.86,-1
2025-03-16,2025-03-16 13:20:00,1639.12,1639.12,1639.1,1639.1,-0.0,12.04,19886.86,-1
2025-03-16,2025-03-16 13:21:00,1639.1,1639.1,1639.08,1639.08,-0.0,12.04,19886.86,-1
2025-03-16,2025-03-16 13:22:00,1639.08,1639.08,1639.06,1639.06,-0.0,12.04,19886.86,-1
2025-03-16,2025-03-16 13:23:00,1639.06,1639.06,1639.04,1639.04,-0.0,12.04,19886.86,-1
2025-03-16,2025-03-16 13:24:00,1639.04,1639.04,1639.02,1639.02,-0.0,12.04,19886.86,-1
2025-03-16,2025-03-16 13:25:00,1639.02,1639.02,1639.0,1639.0,-0.0,12.04,19886.86,-1
2025-03-16,2025-03-16 13:26:00,1639.0,1639.0,1638.98,1638.98,-0.0,12.04,19886.86,-1
2025-03-16,2025-03-16 13:27:00,1638.98,1638.98,1638.95,1638.95,-0.0,12.04,19886.86,-1
2025-03-16,2025-03-16 13:28:00,1638.95,1638.95,1638.93,1638.93,-0.0,12.04,19886.86,-1
2025-03-16,2025-03-16 13:29:00,1638.93,1638.93,1638.91,1638.91,-0.0,12.04,19886.86,-1
2025-03-16,2025-03-16 13:30:00,1638.91,1638.91,1638.89,1638.89,-0.0,12.04,19886.86,-1
2025-03-16,2025-03-16 13:31:00,1638.89,1638.89,1638.87,1638.87,-0.0,12.04,19886.86,-1
2025-03-16,2025-03-16 13:32:00,1638.87,1638.87,1638.85,1638.85,-0.0,12.04,19886.86,-1
2025-03-16,2025-03-16 13:33:00,1638.85,1638.85,1638.83,1638.83,-0.0,12.04,19886.86,-1
2025-03-16,2025-03-16 13:34:00,1638.83,1638.83,1638.81,1638.81,-0.0,12.04,19886.86,-1
2025-03-16,2025-03-16 13:35:00,1638.81,1638.81,1638.78,1638.78,-0.0,12.04,19886.86,-1
2025-03-16,2025-03-16 13:36:00,1638.78,1638.78,1638.76,1638.76,-0.0,12.04,19886.86,-1
2025-03-16,2025-03-16 13:37:00,1638.76,1638.76,1638.74,1638.74,-0.0,12.04,19886.86,-1
2025-03-16,2025-03-16 13:38:00,1638.74,1638.74,1638.72,1638.72,-0.0,12.04,19886.86,-1
2025-03-16,2025-03-16 13:39:00,1638.72,1638.72,1638.7,1638.7,-0.0,12.04,19886.86,-1
2025-03-16,2025-03-16 13:40:00,1638.7,1638.7,1638.68,1638.68,-0.0,12.04,19886.86,-1
2025-03-16,2025-03-16 13:41:00,1638.68,1638.68,1638.66,1638.66,-0.0,12.04,19886.86,-1
2025-03-16,2025-03-16 13:42:00,1638.66,1638.66,1638.64,1638.64,-0.0,12.04,19886.86,-1
2025-03-16,2025-03-16 13:43:00,1638.64,1638.64,1638.62,1638.62,-0.0,12.04,19886.86,-1
2025-03-16,2025-03-16 13:44:00,1638.62,1638.62,1638.59,1638.59,-0.0,12.04,19886.86,-1
2025-03-16,2025-03-16 13:45:00,1638.59,1638.59,1638.57,1638.57,-0.0,12.04,19886.86,-1
2025-03-16,2025-03-16 13:46:00,1638.57,1638.57,1638.55,1638.55,-0.0,12.04,19886.86,-1
2025-03-16,2025-03-16 13:47:00,1638.55,1638.55,1638.53,1638.53,-0.0,12.04,19886.86,-1
2025-03-16,2025-03-16 13:48:00,1638.53,1638.53,1638.51,1638.51,-0.0,12.04,19886.86,-1
2025-03-16,2025-03-16 13:49:00,1638.51,1638.51,1638.49,1638.49,-0.0,12.04,19886.86,-1
2025-03-16,2025-03-16 13:50:00,1638.49,1638.49,1638.47,1638.47,-0.0,12.04,19886.86,-1
2025-03-16,2025-03-16 13:51:00,1638.47,1638.47,1638.44,1638.44,-0.0,12.04,19886.86,-1
2025-03-16,2025-03-16 13:52:00,1638.44,1638.44,1638.42,1638.42,-0.0,12.04,19886.86,-1
2025-03-16,2025-03-16 13:53:00,1638.42,1638.42,1638.4,1638.4,-0.0,12.04,19886.86,-1
2025-03-16,2025-03-16 13:54:00,1638.4,1638.4,1638.38,1638.38,-0.0,12.04,19886.86,-1
2025-03-16,2025-03-16 13:55:00,1638.38,1638.38,1638.36,1638.36,-0.0,12.04,19886.86,-1
2025-03-16,2025-03-16 13:56:00,1638.36,1638.36,1638.34,1638.34,-0.0,12.04,19886.86,-1
2025-03-16,2025-03-16 13:57:00,1638.34,1638.34,1638.32,1638.32,-0.0,12.04,19886.86,-1
2025-03-16,2025-03-16 13:58:00,1638.32,1638.32,1638.3,1638.3,-0.0,12.04,19886.86,-1
2025-03-16,2025-03-16 13:59:00,1638.3,1638.3,1638.28,1638.28,-0.0,12.04,19886.86,-1
2025-03-16,2025-03-16 14:00:00,1638.28,1638.28,1638.25,1638.25,-0.0,12.04,19886.86,-1
2025-03-16,2025-03-16 14:01:00,1638.25,1638.25,1638.23,1638.23,-0.0,12.04,19886.86,-1
2025-03-16,2025-03-16 14:02:00,1638.23,1638.23,1638.21,1638.21,-0.0,12.04,19886.86,-1
2025-03-16,2025-03-16 14:03:00,1638.21,1638.21,1638.19,1638.19,-0.0,12.04,19886.86,-1
2025-03-16,2025-03-16 14:04:00,1638.19,1638.19,1638.17,1638.17,-0.0,12.04,19886.86,-1
2025-03-16,2025-03-16 14:05:00,1638.17,1638.17,1638.15,1638.15,-0.0,12.04,19886.86,-1
2025-03-16,2025-03-16 14:06:00,1638.15,1638.15,1638.13,1638.13,-0.0,12.04,19886.86,-1
2025-03-16,2025-03-16 14:07:00,1638.13,1638.13,1638.11,1638.11,-0.0,12.04,19886.86,-1
2025-03-16,2025-03-16 14:08:00,1638.11,1638.11,1638.08,1638.08,-0.0,12.04,19886.86,-1
2025-03-16,2025-03-16 14:09:00,1638.08,1638.08,1638.06,1638.06,-0.0,12.04,19886.86,-1
2025-03-16,2025-03-16 14:10:00,1638.06,1638.06,1638.04,1638.04,-0.0,12.04,19886.86,-1
2025-03-16,2025-03-16 14:11:00,1638.04,1638.04,1638.02,1638.02,-0.0,12.04,19886.86,-1
2025-03-16,2025-03-16 14:12:00,1638.02,1638.02,1638.0,1638.0,-0.0,12.04,19886.86,-1
2025-03-16,2025-03-16 14:13:00,1638.0,1638.0,1637.98,1637.98,-0.0,12.04,19886.86,-1
2025-03-16,2025-03-16 14:14:00,1637.98,1637.98,1637.96,1637.96,-0.0,12.04,19886.86,-1
2025-03-16,2025-03-16 14:15:00,1637.96,1637.96,1637.93,1637.93,-0.0,12.04,19886.86,-1
2025-03-16,2025-03-16 14:16:00,1637.93,1637.93,1637.91,1637.91,-0.0,12.04,19886.86,-1
2025-03-16,2025-03-16 14:17:00,1637.91,1637.91,1637.89,1637.89,-0.0,12.04,19886.86,-1
2025-03-16,2025-03-16 14:18:00,1637.89,1637.89,1637.87,1637.87,-0.0,12.04,19886.86,-1
2025-03-16,2025-03-16 14:19:00,1637.87,1637.87,1637.85,1637.85,-0.0,12.04,19886.86,-1
2025-03-16,2025-03-16 14:20:00,1637.85,1637.85,1637.83,1637.83,-0.0,12.04,19886.86,-1
2025-03-16,2025-03-16 14:21:00,1637.83,1637.83,1637.81,1637.81,-0.0,12.04,19886.86,-1
2025-03-16,2025-03-16 14:22:00,1637.81,1637.81,1637.79,1637.79,-0.0,12.04,19886.86,-1
2025-03-16,2025-03-16 14:23:00,1637.79,1637.79,1637.76,1637.76,-0.0,12.04,19886.86,-1
2025-03-16,2025-03-16 14:24:00,1637.76,1637.76,1637.74,1637.74,-0.0,12.04,19886.86,-1
2025-03-16,2025-03-16 14:25:00,1637.74,1637.74,1637.72,1637.72,-0.0,12.04,19886.86,-1
2025-03-16,2025-03-16 14:26:00,1637.72,1637.72,1637.7,1637.7,-0.0,12.04,19886.86,-1
2025-03-16,2025-03-16 14:27:00,1637.7,1637.7,1637.68,1637.68,-0.0,12.04,19886.86,-1
2025-03-16,2025-03-16 14:28:00,1637.68,1637.68,1637.66,1637.66,-0.0,12.04,19886.86,-1
2025-03-16,2025-03-16 14:29:00,1637.66,1637.66,1637.64,1637.64,-0.0,12.04,19886.86,-1
2025-03-16,2025-03-16 14:30:00,1637.64,1637.64,1637.62,1637.62,-0.0,12.04,19886.86,-1
2025-03-16,2025-03-16 14:31:00,1637.62,1637.62,1637.6,1637.6,-0.0,12.04,19886.86,-1
2025-03-16,2025-03-16 14:32:00,1637.6,1637.6,1637.57,1637.57,-0.0,12.04,19886.86,-1
2025-03-16,2025-03-16 14:33:00,1637.57,1637.57,1637.55,1637.55,-0.0,12.04,19886.86,-1
2025-03-16,2025-03-16 14:34:00,1637.55,1637.55,1637.53,1637.53,-0.0,12.04,19886.86,-1
2025-03-16,2025-03-16 14:35:00,1637.53,1637.53,1637.51,1637.51,-0.0,12.04,19886.86,-1
2025-03-16,2025-03-16 14:36:00,1637.51,1637.51,1637.49,1637.49,-0.0,12.04,19886.86,-1
2025-03-16,2025-03-16 14:37:00,1637.49,1637.49,1637.47,1637.47,-0.0,12.04,19886.86,-1
2025-03-16,2025-03-16 14:38:00,1637.47,1637.47,1637.45,1637.45,-0.0,12.04,19886.86,-1
2025-03-16,2025-03-16 14:39:00,1637.45,1637.45,1637.42,1637.42,-0.0,12.04,19886.86,-1
2025-03-16,2025-03-16 14:40:00,1637.42,1637.42,1637.4,1637.4,-0.0,12.04,19886.86,-1
2025-03-16,2025-03-16 14:41:00,1637.4,1637.4,1637.38,1637.38,-0.0,12.04,19886.86,-1
2025-03-16,2025-03-16 14:42:00,1637.38,1637.38,1637.36,1637.36,-0.0,12.04,19886.86,-1
2025-03-16,2025-03-16 14:43:00,1637.36,1637.36,1637.34,1637.34,-0.0,12.04,19886.86,-1
2025-03-16,2025-03-16 14:44:00,1637.34,1637.34,1637.32,1637.32,-0.0,12.04,19886.86,-1
2025-03-16,2025-03-16 14:45:00,1637.32,1637.32,1637.3,1637.3,-0.0,12.04,19886.86,-1
2025-03-16,2025-03-16 14:46:00,1637.3,1637.3,1637.28,1637.28,-0.0,12.04,19886.86,-1
2025-03-16,2025-03-16 14:47:00,1637.28,1637.28,1637.26,1637.26,-0.0,12.04,19886.86,-1
2025-03-16,2025-03-16 14:48:00,1637.26,1637.26,1637.23,1637.23,-0.0,12.04,19886.86,-1
2025-03-16,2025-03-16 14:49:00,1637.23,1637.23,1637.21,1637.21,-0.0,12.04,19886.86,-1
2025-03-16,2025-03-16 14:50:00,1637.21,1637.21,1637.19,1637.19,-0.0,12.04,19886.86,-1
2025-03-16,2025-03-16 14:51:00,1637.19,1637.19,1637.17,1637.17,-0.0,12.04,19886.86,-1
2025-03-16,2025-03-16 14:52:00,1637.17,1637.17,1637.15,1637.15,-0.0,12.04,19886.86,-1
2025-03-16,2025-03-16 14:53:00,1637.15,1637.15,1637.13,1637.13,-0.0,12.04,19886.86,-1
2025-03-16,2025-03-16 14:54:00,1637.13,1637.13,1637.11,1637.11,-0.0,12.04,19886.86,-1
2025-03-16,2025-03-16 14:55:00,1637.11,1637.11,1637.09,1637.09,-0.0,12.04,19886.86,-1
2025-03-16,2025-03-16 14:56:00,1637.09,1637.09,1637.06,1637.06,-0.0,12.04,19886.86,-1
2025-03-16,2025-03-16 14:57:00,1637.06,1637.06,1637.04,1637.04,-0.0,12.04,19886.86,-1
2025-03-16,2025-03-16 14:58:00,1637.04,1637.04,1637.02,1637.02,-0.0,12.04,19886.86,-1
2025-03-16,2025-03-16 14:59:00,1637.02,1637.02,1637.0,1637.0,-0.0,12.04,19886.86,-1
2025-03-16,2025-03-16 15:00:00,1637.0,1665.0,1636.0,1637.0,0.0,12.04,19886.86,0
2025-03-17,2025-03-17 11:00:00,1637.0,1641.5,1631.9,1636.96,-0.0,10.44,17050.87,-1
2025-03-17,2025-03-17 11:01:00,1636.96,1636.96,1636.92,1636.92,-0.0,10.44,17050.87,-1
2025-03-17,2025-03-17 11:02:00,1636.92,1636.92,1636.89,1636.89,-0.0,10.44,17050.87,-1
2025-03-17,2025-03-17 11:03:00,1636.89,1636.89,1636.85,1636.85,-0.0,10.44,17050.87,-1
2025-03-17,2025-03-17 11:04:00,1636.85,1636.85,1636.81,1636.81,-0.0,10.44,17050.87,-1
2025-03-17,2025-03-17 11:05:00,1636.81,1636.81,1636.78,1636.78,-0.0,10.44,17050.87,-1
2025-03-17,2025-03-17 11:06:00,1636.78,1636.78,1636.74,1636.74,-0.0,10.44,17050.87,-1
2025-03-17,2025-03-17 11:07:00,1636.74,1636.74,1636.7,1636.7,-0.0,10.44,17050.87,-1
2025-03-17,2025-03-17 11:08:00,1636.7,1636.7,1636.66,1636.66,-0.0,10.44,17050.87,-1
2025-03-17,2025-03-17 11:09:00,1636.66,1636.66,1636.62,1636.62,-0.0,10.44,17050.87,-1
2025-03-17,2025-03-17 11:10:00,1636.62,1636.62,1636.59,1636.59,-0.0,10.44,17050.87,-1
2025-03-17,2025-03-17 11:11:00,1636.59,1636.59,1636.55,1636.55,-0.0,10.44,17050.87,-1
2025-03-17,2025-03-17 11:12:00,1636.55,1636.55,1636.51,1636.51,-0.0,10.44,17050.87,-1
2025-03-17,2025-03-17 11:13:00,1636.51,1636.51,1636.47,1636.47,-0.0,10.44,17050.87,-1
2025-03-17,2025-03-17 11:14:00,1636.47,1636.47,1636.44,1636.44,-0.0,10.44,17050.87,-1
2025-03-17,2025-03-17 11:15:00,1636.44,1636.44,1636.4,1636.4,-0.0,10.44,17050.87,-1
2025-03-17,2025-03-17 11:16:00,1636.4,1636.4,1636.36,1636.36,-0.0,10.44,17050.87,-1
2025-03-17,2025-03-17 11:17:00,1636.36,1636.36,1636.33,1636.33,-0.0,10.44,17050.87,-1
2025-03-17,2025-03-17 11:18:00,1636.33,1636.33,1636.29,1636.29,-0.0,10.44,17050.87,-1
2025-03-17,2025-03-17 11:19:00,1636.29,1636.29,1636.25,1636.25,-0.0,10.44,17050.87,-1
2025-03-17,2025-03-17 11:20:00,1636.25,1636.25,1636.21,1636.21,-0.0,10.44,17050.87,-1
2025-03-17,2025-03-17 11:21:00,1636.21,1636.21,1636.17,1636.17,-0.0,10.44,17050.87,-1
2025-03-17,2025-03-17 11:22:00,1636.17,1636.17,1636.14,1636.14,-0.0,10.44,17050.87,-1
2025-03-17,2025-03-17 11:23:00,1636.14,1636.14,1636.1,1636.1,-0.0,10.44,17050.87,-1
2025-03-17,2025-03-17 11:24:00,1636.1,1636.1,1636.06,1636.06,-0.0,10.44,17050.87,-1
2025-03-17,2025-03-17 11:25:00,1636.06,1636.06,1636.03,1636.03,-0.0,10.44,17050.87,-1
2025-03-17,2025-03-17 11:26:00,1636.03,1636.03,1635.99,1635.99,-0.0,10.44,17050.87,-1
2025-03-17,2025-03-17 11:27:00,1635.99,1635.99,1635.95,1635.95,-0.0,10.44,17050.87,-1
2025-03-17,2025-03-17 11:28:00,1635.95,1635.95,1635.91,1635.91,-0.0,10.44,17050.87,-1
2025-03-17,2025-03-17 11:29:00,1635.91,1635.91,1635.88,1635.88,-0.0,10.44,17050.87,-1
2025-03-17,2025-03-17 11:30:00,1635.88,1635.88,1635.84,1635.84,-0.0,10.44,17050.87,-1
2025-03-17,2025-03-17 11:31:00,1635.84,1635.84,1635.8,1635.8,-0.0,10.44,17050.87,-1
2025-03-17,2025-03-17 11:32:00,1635.8,1635.8,1635.76,1635.76,-0.0,10.44,17050.87,-1
2025-03-17,2025-03-17 11:33:00,1635.76,1635.76,1635.72,1635.72,-0.0,10.44,17050.87,-1
2025-03-17,2025-03-17 11:34:00,1635.72,1635.72,1635.69,1635.69,-0.0,10.44,17050.87,-1
2025-03-17,2025-03-17 11:35:00,1635.69,1635.69,1635.65,1635.65,-0.0,10.44,17050.87,-1
2025-03-17,2025-03-17 11:36:00,1635.65,1635.65,1635.61,1635.61,-0.0,10.44,17050.87,-1
2025-03-17,2025-03-17 11:37:00,1635.61,1635.61,1635.58,1635.58,-0.0,10.44,17050.87,-1
2025-03-17,2025-03-17 11:38:00,1635.58,1635.58,1635.54,1635.54,-0.0,10.44,17050.87,-1
2025-03-17,2025-03-17 11:39:00,1635.54,1635.54,1635.5,1635.5,-0.0,10.44,17050.87,-1
2025-03-17,2025-03-17 11:40:00,1635.5,1635.5,1635.46,1635.46,-0.0,10.44,17050.87,-1
2025-03-17,2025-03-17 11:41:00,1635.46,1635.46,1635.42,1635.42,-0.0,10.44,17050.87,-1
2025-03-17,2025-03-17 11:42:00,1635.42,1635.42,1635.39,1635.39,-0.0,10.44,17050.87,-1
2025-03-17,2025-03-17 11:43:00,1635.39,1635.39,1635.35,1635.35,-0.0,10.44,17050.87,-1
2025-03-17,2025-03-17 11:44:00,1635.35,1635.35,1635.31,1635.31,-0.0,10.44,17050.87,-1
2025-03-17,2025-03-17 11:45:00,1635.31,1635.31,1635.28,1635.28,-0.0,10.44,17050.87,-1
2025-03-17,2025-03-17 11:46:00,1635.28,1635.28,1635.24,1635.24,-0.0,10.44,17050.87,-1
2025-03-17,2025-03-17 11:47:00,1635.24,1635.24,1635.2,1635.2,-0.0,10.44,17050.87,-1
2025-03-17,2025-03-17 11:48:00,1635.2,1635.2,1635.16,1635.16,-0.0,10.44,17050.87,-1
2025-03-17,2025-03-17 11:49:00,1635.16,1635.16,1635.12,1635.12,-0.0,10.44,17050.87,-1
2025-03-17,2025-03-17 11:50:00,1635.12,1635.12,1635.09,1635.09,-0.0,10.44,17050.87,-1
2025-03-17,2025-03-17 11:51:00,1635.09,1635.09,1635.05,1635.05,-0.0,10.44,17050.87,-1
2025-03-17,2025-03-17 11:52:00,1635.05,1635.05,1635.01,1635.01,-0.0,10.44,17050.87,-1
2025-03-17,2025-03-17 11:53:00,1635.01,1635.01,1634.97,1634.97,-0.0,10.44,17050.87,-1
2025-03-17,2025-03-17 11:54:00,1634.97,1634.97,1634.94,1634.94,-0.0,10.44,17050.87,-1
2025-03-17,2025-03-17 11:55:00,1634.94,1634.94,1634.9,1634.9,-0.0,10.44,17050.87,-1
2025-03-17,2025-03-17 11:56:00,1634.9,1634.9,1634.86,1634.86,-0.0,10.44,17050.87,-1
2025-03-17,2025-03-17 11:57:00,1634.86,1634.86,1634.83,1634.83,-0.0,10.44,17050.87,-1
2025-03-17,2025-03-17 11:58:00,1634.83,1634.83,1634.79,1634.79,-0.0,10.44,17050.87,-1
2025-03-17,2025-03-17 11:59:00,1634.79,1634.79,1634.75,1634.75,-0.0,10.44,17050.87,-1
2025-03-17,2025-03-17 12:00:00,1634.75,1634.75,1634.71,1634.71,-0.0,10.44,17050.87,-1
2025-03-17,2025-03-17 12:01:00,1634.71,1634.71,1634.67,1634.67,-0.0,10.44,17050.87,-1
2025-03-17,2025-03-17 12:02:00,1634.67,1634.67,1634.64,1634.64,-0.0,10.44,17050.87,-1
2025-03-17,2025-03-17 12:03:00,1634.64,1634.64,1634.6,1634.6,-0.0,10.44,17050.87,-1
2025-03-17,2025-03-17 12:04:00,1634.6,1634.6,1634.56,1634.56,-0.0,10.44,17050.87,-1
2025-03-17,2025-03-17 12:05:00,1634.56,1634.56,1634.53,1634.53,-0.0,10.44,17050.87,-1
2025-03-17,2025-03-17 12:06:00,1634.53,1634.53,1634.49,1634.49,-0.0,10.44,17050.87,-1
2025-03-17,2025-03-17 12:07:00,1634.49,1634.49,1634.45,1634.45,-0.0,10.44,17050.87,-1
2025-03-17,2025-03-17 12:08:00,1634.45,1634.45,1634.41,1634.41,-0.0,10.44,17050.87,-1
2025-03-17,2025-03-17 12:09:00,1634.41,1634.41,1634.38,1634.38,-0.0,10.44,17050.87,-1
2025-03-17,2025-03-17 12:10:00,1634.38,1634.38,1634.34,1634.34,-0.0,10.44,17050.87,-1
2025-03-17,2025-03-17 12:11:00,1634.34,1634.34,1634.3,1634.3,-0.0,10.44,17050.87,-1
2025-03-17,2025-03-17 12:12:00,1634.3,1634.3,1634.26,1634.26,-0.0,10.44,17050.87,-1
2025-03-17,2025-03-17 12:13:00,1634.26,1634.26,1634.22,1634.22,-0.0,10.44,17050.87,-1
2025-03-17,2025-03-17 12:14:00,1634.22,1634.22,1634.19,1634.19,-0.0,10.44,17050.87,-1
2025-03-17,2025-03-17 12:15:00,1634.19,1634.19,1634.15,1634.15,-0.0,10.44,17050.87,-1
2025-03-17,2025-03-17 12:16:00,1634.15,1634.15,1634.11,1634.11,-0.0,10.44,17050.87,-1
2025-03-17,2025-03-17 12:17:00,1634.11,1634.11,1634.08,1634.08,-0.0,10.44,17050.87,-1
2025-03-17,2025-03-17 12:18:00,1634.08,1634.08,1634.04,1634.04,-0.0,10.44,17050.87,-1
2025-03-17,2025-03-17 12:19:00,1634.04,1634.04,1634.0,1634.0,-0.0,10.44,17050.87,-1
2025-03-17,2025-03-17 12:20:00,1634.0,1634.0,1633.96,1633.96,-0.0,10.44,17050.87,-1
2025-03-17,2025-03-17 12:21:00,1633.96,1633.96,1633.92,1633.92,-0.0,10.44,17050.87,-1
2025-03-17,2025-03-17 12:22:00,1633.92,1633.92,1633.89,1633.89,-0.0,10.44,17050.87,-1
2025-03-17,2025-03-17 12:23:00,1633.89,1633.89,1633.85,1633.85,-0.0,10.44,17050.87,-1
2025-03-17,2025-03-17 12:24:00,1633.85,1633.85,1633.81,1633.81,-0.0,10.44,17050.87,-1
2025-03-17,2025-03-17 12:25:00,1633.81,1633.81,1633.78,1633.78,-0.0,10.44,17050.87,-1
2025-03-17,2025-03-17 12:26:00,1633.78,1633.78,1633.74,1633.74,-0.0,10.44,17050.87,-1
2025-03-17,2025-03-17 12:27:00,1633.74,1633.74,1633.7,1633.7,-0.0,10.44,17050.87,-1
2025-03-17,2025-03-17 12:28:00,1633.7,1633.7,1633.66,1633.66,-0.0,10.44,17050.87,-1
2025-03-17,2025-03-17 12:29:00,1633.66,1633.66,1633.62,1633.62,-0.0,10.44,17050.87,-1
2025-03-17,2025-03-17 12:30:00,1633.62,1633.62,1633.59,1633.59,-0.0,10.44,17050.87,-1
2025-03-17,2025-03-17 12:31:00,1633.59,1633.59,1633.55,1633.55,-0.0,10.44,17050.87,-1
2025-03-17,2025-03-17 12:32:00,1633.55,1633.55,1633.51,1633.51,-0.0,10.44,17050.87,-1
2025-03-17,2025-03-17 12:33:00,1633.51,1633.51,1633.47,1633.47,-0.0,10.44,17050.87,-1
2025-03-17,2025-03-17 12:34:00,1633.47,1633.47,1633.44,1633.44,-0.0,10.44,17050.87,-1
2025-03-17,2025-03-17 12:35:00,1633.44,1633.44,1633.4,1633.4,-0.0,10.44,17050.87,-1
2025-03-17,2025-03-17 12:36:00,1633.4,1633.4,1633.36,1633.36,-0.0,10.44,17050.87,-1
2025-03-17,2025-03-17 12:37:00,1633.36,1633.36,1633.33,1633.33,-0.0,10.44,17050.87,-1
2025-03-17,2025-03-17 12:38:00,1633.33,1633.33,1633.29,1633.29,-0.0,10.44,17050.87,-1
2025-03-17,2025-03-17 12:39:00,1633.29,1633.29,1633.25,1633.25,-0.0,10.44,17050.87,-1
2025-03-17,2025-03-17 12:40:00,1633.25,1633.25,1633.21,1633.21,-0.0,10.44,17050.87,-1
2025-03-17,2025-03-17 12:41:00,1633.21,1633.21,1633.17,1633.17,-0.0,10.44,17050.87,-1
2025-03-17,2025-03-17 12:42:00,1633.17,1633.17,1633.14,1633.14,-0.0,10.44,17050.87,-1
2025-03-17,2025-03-17 12:43:00,1633.14,1633.14,1633.1,1633.1,-0.0,10.44,17050.87,-1
2025-03-17,2025-03-17 12:44:00,1633.1,1633.1,1633.06,1633.06,-0.0,10.44,17050.87,-1
2025-03-17,2025-03-17 12:45:00,1633.06,1633.06,1633.03,1633.03,-0.0,10.44,17050.87,-1
2025-03-17,2025-03-17 12:46:00,1633.03,1633.03,1632.99,1632.99,-0.0,10.44,17050.87,-1
2025-03-17,2025-03-17 12:47:00,1632.99,1632.99,1632.95,1632.95,-0.0,10.44,17050.87,-1
2025-03-17,2025-03-17 12:48:00,1632.95,1632.95,1632.91,1632.91,-0.0,10.44,17050.87,-1
2025-03-17,2025-03-17 12:49:00,1632.91,1632.91,1632.88,1632.88,-0.0,10.44,17050.87,-1
2025-03-17,2025-03-17 12:50:00,1632.88,1632.88,1632.84,1632.84,-0.0,10.44,17050.87,-1
2025-03-17,2025-03-17 12:51:00,1632.84,1632.84,1632.8,1632.8,-0.0,10.44,17050.87,-1
2025-03-17,2025-03-17 12:52:00,1632.8,1632.8,1632.76,1632.76,-0.0,10.44,17050.87,-1
2025-03-17,2025-03-17 12:53:00,1632.76,1632.76,1632.72,1632.72,-0.0,10.44,17050.87,-1
2025-03-17,2025-03-17 12:54:00,1632.72,1632.72,1632.69,1632.69,-0.0,10.44,17050.87,-1
2025-03-17,2025-03-17 12:55:00,1632.69,1632.69,1632.65,1632.65,-0.0,10.44,17050.87,-1
2025-03-17,2025-03-17 12:56:00,1632.65,1632.65,1632.61,1632.61,-0.0,10.44,17050.87,-1
2025-03-17,2025-03-17 12:57:00,1632.61,1632.61,1632.58,1632.58,-0.0,10.44,17050.87,-1
2025-03-17,2025-03-17 12:58:00,1632.58,1632.58,1632.54,1632.54,-0.0,10.44,17050.87,-1
2025-03-17,2025-03-17 12:59:00,1632.54,1632.54,1632.5,1632.5,-0.0,10.44,17050.87,-1
2025-03-17,2025-03-17 13:00:00,1632.5,1652.0,1620.0,1632.46,-0.0,10.44,17050.87,-1
2025-03-17,2025-03-17 13:01:00,1632.46,1632.46,1632.42,1632.42,-0.0,10.44,17050.87,-1
2025-03-17,2025-03-17 13:02:00,1632.42,1632.42,1632.39,1632.39,-0.0,10.44,17050.87,-1
2025-03-17,2025-03-17 13:03:00,1632.39,1632.39,1632.35,1632.35,-0.0,10.44,17050.87,-1
2025-03-17,2025-03-17 13:04:00,1632.35,1632.35,1632.31,1632.31,-0.0,10.44,17050.87,-1
2025-03-17,2025-03-17 13:05:00,1632.31,1632.31,1632.28,1632.28,-0.0,10.44,17050.87,-1
2025-03-17,2025-03-17 13:06:00,1632.28,1632.28,1632.24,1632.24,-0.0,10.44,17050.87,-1
2025-03-17,2025-03-17 13:07:00,1632.24,1632.24,1632.2,1632.2,-0.0,10.44,17050.87,-1
2025-03-17,2025-03-17 13:08:00,1632.2,1632.2,1632.16,1632.16,-0.0,10.44,17050.87,-1
2025-03-17,2025-03-17 13:09:00,1632.16,1632.16,1632.12,1632.12,-0.0,10.44,17050.87,-1
2025-03-17,2025-03-17 13:10:00,1632.12,1632.12,1632.09,1632.09,-0.0,10.44,17050.87,-1
2025-03-17,2025-03-17 13:11:00,1632.09,1632.09,1632.05,1632.05,-0.0,10.44,17050.87,-1
2025-03-17,2025-03-17 13:12:00,1632.05,1632.05,1632.01,1632.01,-0.0,10.44,17050.87,-1
2025-03-17,2025-03-17 13:13:00,1632.01,1632.01,1631.97,1631.97,-0.0,10.44,17050.87,-1
2025-03-17,2025-03-17 13:14:00,1631.97,1631.97,1631.94,1631.94,-0.0,10.44,17050.87,-1
2025-03-17,2025-03-17 13:15:00,1631.94,1631.94,1631.9,1631.9,-0.0,10.44,17050.87,-1
2025-03-17,2025-03-17 13:16:00,1631.9,1631.9,1631.86,1631.86,-0.0,10.44,17050.87,-1
2025-03-17,2025-03-17 13:17:00,1631.86,1631.86,1631.83,1631.83,-0.0,10.44,17050.87,-1
2025-03-17,2025-03-17 13:18:00,1631.83,1631.83,1631.79,1631.79,-0.0,10.44,17050.87,-1
2025-03-17,2025-03-17 13:19:00,1631.79,1631.79,1631.75,1631.75,-0.0,10.44,17050.87,-1
2025-03-17,2025-03-17 13:20:00,1631.75,1631.75,1631.71,1631.71,-0.0,10.44,17050.87,-1
2025-03-17,2025-03-17 13:21:00,1631.71,1631.71,1631.67,1631.67,-0.0,10.44,17050.87,-1
2025-03-17,2025-03-17 13:22:00,1631.67,1631.67,1631.64,1631.64,-0.0,10.44,17050.87,-1
2025-03-17,2025-03-17 13:23:00,1631.64,1631.64,1631.6,1631.6,-0.0,10.44,17050.87,-1
2025-03-17,2025-03-17 13:24:00,1631.6,1631.6,1631.56,1631.56,-0.0,10.44,17050.87,-1
2025-03-17,2025-03-17 13:25:00,1631.56,1631.56,1631.53,1631.53,-0.0,10.44,17050.87,-1
2025-03-17,2025-03-17 13:26:00,1631.53,1631.53,1631.49,1631.49,-0.0,10.44,17050.87,-1
2025-03-17,2025-03-17 13:27:00,1631.49,1631.49,1631.45,1631.45,-0.0,10.44,17050.87,-1
2025-03-17,2025-03-17 13:28:00,1631.45,1631.45,1631.41,1631.41,-0.0,10.44,17050.87,-1
2025-03-17,2025-03-17 13:29:00,1631.41,1631.41,1631.38,1631.38,-0.0,10.44,17050.87,-1
2025-03-17,2025-03-17 13:30:00,1631.38,1631.38,1631.34,1631.34,-0.0,10.44,17050.87,-1
2025-03-17,2025-03-17 13:31:00,1631.34,1631.34,1631.3,1631.3,-0.0,10.44,17050.87,-1
2025-03-17,2025-03-17 13:32:00,1631.3,1631.3,1631.26,1631.26,-0.0,10.44,17050.87,-1
2025-03-17,2025-03-17 13:33:00,1631.26,1631.26,1631.22,1631.22,-0.0,10.44,17050.87,-1
2025-03-17,2025-03-17 13:34:00,1631.22,1631.22,1631.19,1631.19,-0.0,10.44,17050.87,-1
2025-03-17,2025-03-17 13:35:00,1631.19,1631.19,1631.15,1631.15,-0.0,10.44,17050.87,-1
2025-03-17,2025-03-17 13:36:00,1631.15,1631.15,1631.11,1631.11,-0.0,10.44,17050.87,-1
2025-03-17,2025-03-17 13:37:00,1631.11,1631.11,1631.08,1631.08,-0.0,10.44,17050.87,-1
2025-03-17,2025-03-17 13:38:00,1631.08,1631.08,1631.04,1631.04,-0.0,10.44,17050.87,-1
2025-03-17,2025-03-17 13:39:00,1631.04,1631.04,1631.0,1631.0,-0.0,10.44,17050.87,-1
2025-03-17,2025-03-17 13:40:00,1631.0,1631.0,1630.96,1630.96,-0.0,10.44,17050.87,-1
2025-03-17,2025-03-17 13:41:00,1630.96,1630.96,1630.92,1630.92,-0.0,10.44,17050.87,-1
2025-03-17,2025-03-17 13:42:00,1630.92,1630.92,1630.89,1630.89,-0.0,10.44,17050.87,-1
2025-03-17,2025-03-17 13:43:00,1630.89,1630.89,1630.85,1630.85,-0.0,10.44,17050.87,-1
2025-03-17,2025-03-17 13:44:00,1630.85,1630.85,1630.81,1630.81,-0.0,10.44,17050.87,-1
2025-03-17,2025-03-17 13:45:00,1630.81,1630.81,1630.78,1630.78,-0.0,10.44,17050.87,-1
2025-03-17,2025-03-17 13:46:00,1630.78,1630.78,1630.74,1630.74,-0.0,10.44,17050.87,-1
2025-03-17,2025-03-17 13:47:00,1630.74,1630.74,1630.7,1630.7,-0.0,10.44,17050.87,-1
2025-03-17,2025-03-17 13:48:00,1630.7,1630.7,1630.66,1630.66,-0.0,10.44,17050.87,-1
2025-03-17,2025-03-17 13:49:00,1630.66,1630.66,1630.62,1630.62,-0.0,10.44,17050.87,-1
2025-03-17,2025-03-17 13:50:00,1630.62,1630.62,1630.59,1630.59,-0.0,10.44,17050.87,-1
2025-03-17,2025-03-17 13:51:00,1630.59,1630.59,1630.55,1630.55,-0.0,10.44,17050.87,-1
2025-03-17,2025-03-17 13:52:00,1630.55,1630.55,1630.51,1630.51,-0.0,10.44,17050.87,-1
2025-03-17,2025-03-17 13:53:00,1630.51,1630.51,1630.47,1630.47,-0.0,10.44,17050.87,-1
2025-03-17,2025-03-17 13:54:00,1630.47,1630.47,1630.44,1630.44,-0.0,10.44,17050.87,-1
2025-03-17,2025-03-17 13:55:00,1630.44,1630.44,1630.4,1630.4,-0.0,10.44,17050.87,-1
2025-03-17,2025-03-17 13:56:00,1630.4,1630.4,1630.36,1630.36,-0.0,10.44,17050.87,-1
2025-03-17,2025-03-17 13:57:00,1630.36,1630.36,1630.33,1630.33,-0.0,10.44,17050.87,-1
2025-03-17,2025-03-17 13:58:00,1630.33,1630.33,1630.29,1630.29,-0.0,10.44,17050.87,-1
2025-03-17,2025-03-17 13:59:00,1630.29,1630.29,1630.25,1630.25,-0.0,10.44,17050.87,-1
2025-03-17,2025-03-17 14:00:00,1630.25,1630.25,1630.21,1630.21,-0.0,10.44,17050.87,-1
2025-03-17,2025-03-17 14:01:00,1630.21,1630.21,1630.17,1630.17,-0.0,10.44,17050.87,-1
2025-03-17,2025-03-17 14:02:00,1630.17,1630.17,1630.14,1630.14,-0.0,10.44,17050.87,-1
2025-03-17,2025-03-17 14:03:00,1630.14,1630.14,1630.1,1630.1,-0.0,10.44,17050.87,-1
2025-03-17,2025-03-17 14:04:00,1630.1,1630.1,1630.06,1630.06,-0.0,10.44,17050.87,-1
2025-03-17,2025-03-17 14:05:00,1630.06,1630.06,1630.03,1630.03,-0.0,10.44,17050.87,-1
2025-03-17,2025-03-17 14:06:00,1630.03,1630.03,1629.99,1629.99,-0.0,10.44,17050.87,-1
2025-03-17,2025-03-17 14:07:00,1629.99,1629.99,1629.95,1629.95,-0.0,10.44,17050.87,-1
2025-03-17,2025-03-17 14:08:00,1629.95,1629.95,1629.91,1629.91,-0.0,10.44,17050.87,-1
2025-03-17,2025-03-17 14:09:00,1629.91,1629.91,1629.88,1629.88,-0.0,10.44,17050.87,-1
2025-03-17,2025-03-17 14:10:00,1629.88,1629.88,1629.84,1629.84,-0.0,10.44,17050.87,-1
2025-03-17,2025-03-17 14:11:00,1629.84,1629.84,1629.8,1629.8,-0.0,10.44,17050.87,-1
2025-03-17,2025-03-17 14:12:00,1629.8,1629.8,1629.76,1629.76,-0.0,10.44,17050.87,-1
2025-03-17,2025-03-17 14:13:00,1629.76,1629.76,1629.72,1629.72,-0.0,10.44,17050.87,-1
2025-03-17,2025-03-17 14:14:00,1629.72,1629.72,1629.69,1629.69,-0.0,10.44,17050.87,-1
2025-03-17,2025-03-17 14:15:00,1629.69,1629.69,1629.65,1629.65,-0.0,10.44,17050.87,-1
2025-03-17,2025-03-17 14:16:00,1629.65,1629.65,1629.61,1629.61,-0.0,10.44,17050.87,-1
2025-03-17,2025-03-17 14:17:00,1629.61,1629.61,1629.58,1629.58,-0.0,10.44,17050.87,-1
2025-03-17,2025-03-17 14:18:00,1629.58,1629.58,1629.54,1629.54,-0.0,10.44,17050.87,-1
2025-03-17,2025-03-17 14:19:00,1629.54,1629.54,1629.5,1629.5,-0.0,10.44,17050.87,-1
2025-03-17,2025-03-17 14:20:00,1629.5,1629.5,1629.46,1629.46,-0.0,10.44,17050.87,-1
2025-03-17,2025-03-17 14:21:00,1629.46,1629.46,1629.42,1629.42,-0.0,10.44,17050.87,-1
2025-03-17,2025-03-17 14:22:00,1629.42,1629.42,1629.39,1629.39,-0.0,10.44,17050.87,-1
2025-03-17,2025-03-17 14:23:00,1629.39,1629.39,1629.35,1629.35,-0.0,10.44,17050.87,-1
2025-03-17,2025-03-17 14:24:00,1629.35,1629.35,1629.31,1629.31,-0.0,10.44,17050.87,-1
2025-03-17,2025-03-17 14:25:00,1629.31,1629.31,1629.28,1629.28,-0.0,10.44,17050.87,-1
2025-03-17,2025-03-17 14:26:00,1629.28,1629.28,1629.24,1629.24,-0.0,10.44,17050.87,-1
2025-03-17,2025-03-17 14:27:00,1629.24,1629.24,1629.2,1629.2,-0.0,10.44,17050.87,-1
2025-03-17,2025-03-17 14:28:00,1629.2,1629.2,1629.16,1629.16,-0.0,10.44,17050.87,-1
2025-03-17,2025-03-17 14:29:00,1629.16,1629.16,1629.12,1629.12,-0.0,10.44,17050.87,-1
2025-03-17,2025-03-17 14:30:00,1629.12,1629.12,1629.09,1629.09,-0.0,10.44,17050.87,-1
2025-03-17,2025-03-17 14:31:00,1629.09,1629.09,1629.05,1629.05,-0.0,10.44,17050.87,-1
2025-03-17,2025-03-17 14:32:00,1629.05,1629.05,1629.01,1629.01,-0.0,10.44,17050.87,-1
2025-03-17,2025-03-17 14:33:00,1629.01,1629.01,1628.97,1628.97,-0.0,10.44,17050.87,-1
2025-03-17,2025-03-17 14:34:00,1628.97,1628.97,1628.94,1628.94,-0.0,10.44,17050.87,-1
2025-03-17,2025-03-17 14:35:00,1628.94,1628.94,1628.9,1628.9,-0.0,10.44,17050.87,-1
2025-03-17,2025-03-17 14:36:00,1628.9,1628.9,1628.86,1628.86,-0.0,10.44,17050.87,-1
2025-03-17,2025-03-17 14:37:00,1628.86,1628.86,1628.83,1628.83,-0.0,10.44,17050.87,-1
2025-03-17,2025-03-17 14:38:00,1628.83,1628.83,1628.79,1628.79,-0.0,10.44,17050.87,-1
2025-03-17,2025-03-17 14:39:00,1628.79,1628.79,1628.75,1628.75,-0.0,10.44,17050.87,-1
2025-03-17,2025-03-17 14:40:00,1628.75,1628.75,1628.71,1628.71,-0.0,10.44,17050.87,-1
2025-03-17,2025-03-17 14:41:00,1628.71,1628.71,1628.67,1628.67,-0.0,10.44,17050.87,-1
2025-03-17,2025-03-17 14:42:00,1628.67,1628.67,1628.64,1628.64,-0.0,10.44,17050.87,-1
2025-03-17,2025-03-17 14:43:00,1628.64,1628.64,1628.6,1628.6,-0.0,10.44,17050.87,-1
2025-03-17,2025-03-17 14:44:00,1628.6,1628.6,1628.56,1628.56,-0.0,10.44,17050.87,-1
2025-03-17,2025-03-17 14:45:00,1628.56,1628.56,1628.53,1628.53,-0.0,10.44,17050.87,-1
2025-03-17,2025-03-17 14:46:00,1628.53,1628.53,1628.49,1628.49,-0.0,10.44,17050.87,-1
2025-03-17,2025-03-17 14:47:00,1628.49,1628.49,1628.45,1628.45,-0.0,10.44,17050.87,-1
2025-03-17,2025-03-17 14:48:00,1628.45,1628.45,1628.41,1628.41,-0.0,10.44,17050.87,-1
2025-03-17,2025-03-17 14:49:00,1628.41,1628.41,1628.38,1628.38,-0.0,10.44,17050.87,-1
2025-03-17,2025-03-17 14:50:00,1628.38,1628.38,1628.34,1628.34,-0.0,10.44,17050.87,-1
2025-03-17,2025-03-17 14:51:00,1628.34,1628.34,1628.3,1628.3,-0.0,10.44,17050.87,-1
2025-03-17,2025-03-17 14:52:00,1628.3,1628.3,1628.26,1628.26,-0.0,10.44,17050.87,-1
2025-03-17,2025-03-17 14:53:00,1628.26,1628.26,1628.22,1628.22,-0.0,10.44,17050.87,-1
2025-03-17,2025-03-17 14:54:00,1628.22,1628.22,1628.19,1628.19,-0.0,10.44,17050.87,-1
2025-03-17,2025-03-17 14:55:00,1628.19,1628.19,1628.15,1628.15,-0.0,10.44,17050.87,-1
2025-03-17,2025-03-17 14:56:00,1628.15,1628.15,1628.11,1628.11,-0.0,10.44,17050.87,-1
2025-03-17,2025-03-17 14:57:00,1628.11,1628.11,1628.08,1628.08,-0.0,10.44,17050.87,-1
2025-03-17,2025-03-17 14:58:00,1628.08,1628.08,1628.04,1628.04,-0.0,10.44,17050.87,-1
2025-03-17,2025-03-17 14:59:00,1628.04,1628.04,1628.0,1628.0,-0.0,10.44,17050.87,-1
2025-03-17,2025-03-17 15:00:00,1628.0,1652.0,1620.0,1628.0,0.0,10.44,17050.87,0
2025-03-18,2025-03-18 11:00:00,1603.0,1626.4,1603.0,1603.11,0.01,11.7,19094.6,1
2025-03-18,2025-03-18 11:01:00,1603.11,1603.22,1603.11,1603.22,0.01,11.7,19094.6,1
2025-03-18,2025-03-18 11:02:00,1603.22,1603.34,1603.22,1603.34,0.01,11.7,19094.6,1
2025-03-18,2025-03-18 11:03:00,1603.34,1603.45,1603.34,1603.45,0.01,11.7,19094.6,1
2025-03-18,2025-03-18 11:04:00,1603.45,1603.56,1603.45,1603.56,0.01,11.7,19094.6,1
2025-03-18,2025-03-18 11:05:00,1603.56,1603.67,1603.56,1603.67,0.01,11.7,19094.6,1
2025-03-18,2025-03-18 11:06:00,1603.67,1603.79,1603.67,1603.79,0.01,11.7,19094.6,1
2025-03-18,2025-03-18 11:07:00,1603.79,1603.9,1603.79,1603.9,0.01,11.7,19094.6,1
2025-03-18,2025-03-18 11:08:00,1603.9,1604.01,1603.9,1604.01,0.01,11.7,19094.6,1
2025-03-18,2025-03-18 11:09:00,1604.01,1604.12,1604.01,1604.12,0.01,11.7,19094.6,1
2025-03-18,2025-03-18 11:10:00,1604.12,1604.24,1604.12,1604.24,0.01,11.7,19094.6,1
2025-03-18,2025-03-18 11:11:00,1604.24,1604.35,1604.24,1604.35,0.01,11.7,19094.6,1
2025-03-18,2025-03-18 11:12:00,1604.35,1604.46,1604.35,1604.46,0.01,11.7,19094.6,1
2025-03-18,2025-03-18 11:13:00,1604.46,1604.58,1604.46,1604.58,0.01,11.7,19094.6,1
2025-03-18,2025-03-18 11:14:00,1604.58,1604.69,1604.58,1604.69,0.01,11.7,19094.6,1
2025-03-18,2025-03-18 11:15:00,1604.69,1604.8,1604.69,1604.8,0.01,11.7,19094.6,1
2025-03-18,2025-03-18 11:16:00,1604.8,1604.91,1604.8,1604.91,0.01,11.7,19094.6,1
2025-03-18,2025-03-18 11:17:00,1604.91,1605.03,1604.91,1605.03,0.01,11.7,19094.6,1
2025-03-18,2025-03-18 11:18:00,1605.03,1605.14,1605.03,1605.14,0.01,11.7,19094.6,1
2025-03-18,2025-03-18 11:19:00,1605.14,1605.25,1605.14,1605.25,0.01,11.7,19094.6,1
2025-03-18,2025-03-18 11:20:00,1605.25,1605.36,1605.25,1605.36,0.01,11.7,19094.6,1
2025-03-18,2025-03-18 11:21:00,1605.36,1605.47,1605.36,1605.47,0.01,11.7,19094.6,1
2025-03-18,2025-03-18 11:22:00,1605.47,1605.59,1605.47,1605.59,0.01,11.7,19094.6,1
2025-03-18,2025-03-18 11:23:00,1605.59,1605.7,1605.59,1605.7,0.01,11.7,19094.6,1
2025-03-18,2025-03-18 11:24:00,1605.7,1605.81,1605.7,1605.81,0.01,11.7,19094.6,1
2025-03-18,2025-03-18 11:25:00,1605.81,1605.92,1605.81,1605.92,0.01,11.7,19094.6,1
2025-03-18,2025-03-18 11:26:00,1605.92,1606.04,1605.92,1606.04,0.01,11.7,19094.6,1
2025-03-18,2025-03-18 11:27:00,1606.04,1606.15,1606.04,1606.15,0.01,11.7,19094.6,1
2025-03-18,2025-03-18 11:28:00,1606.15,1606.26,1606.15,1606.26,0.01,11.7,19094.6,1
2025-03-18,2025-03-18 11:29:00,1606.26,1606.38,1606.26,1606.38,0.01,11.7,19094.6,1
2025-03-18,2025-03-18 11:30:00,1606.38,1606.49,1606.38,1606.49,0.01,11.7,19094.6,1
2025-03-18,2025-03-18 11:31:00,1606.49,1606.6,1606.49,1606.6,0.01,11.7,19094.6,1
2025-03-18,2025-03-18 11:32:00,1606.6,1606.71,1606.6,1606.71,0.01,11.7,19094.6,1
2025-03-18,2025-03-18 11:33:00,1606.71,1606.83,1606.71,1606.83,0.01,11.7,19094.6,1
2025-03-18,2025-03-18 11:34:00,1606.83,1606.94,1606.83,1606.94,0.01,11.7,19094.6,1
2025-03-18,2025-03-18 11:35:00,1606.94,1607.05,1606.94,1607.05,0.01,11.7,19094.6,1
2025-03-18,2025-03-18 11:36:00,1607.05,1607.16,1607.05,1607.16,0.01,11.7,19094.6,1
2025-03-18,2025-03-18 11:37:00,1607.16,1607.28,1607.16,1607.28,0.01,11.7,19094.6,1
2025-03-18,2025-03-18 11:38:00,1607.28,1607.39,1607.28,1607.39,0.01,11.7,19094.6,1
2025-03-18,2025-03-18 11:39:00,1607.39,1607.5,1607.39,1607.5,0.01,11.7,19094.6,1
2025-03-18,2025-03-18 11:40:00,1607.5,1607.61,1607.5,1607.61,0.01,11.7,19094.6,1
2025-03-18,2025-03-18 11:41:00,1607.61,1607.72,1607.61,1607.72,0.01,11.7,19094.6,1
2025-03-18,2025-03-18 11:42:00,1607.72,1607.84,1607.72,1607.84,0.01,11.7,19094.6,1
2025-03-18,2025-03-18 11:43:00,1607.84,1607.95,1607.84,1607.95,0.01,11.7,19094.6,1
2025-03-18,2025-03-18 11:44:00,1607.95,1608.06,1607.95,1608.06,0.01,11.7,19094.6,1
2025-03-18,2025-03-18 11:45:00,1608.06,1608.17,1608.06,1608.17,0.01,11.7,19094.6,1
2025-03-18,2025-03-18 11:46:00,1608.17,1608.29,1608.17,1608.29,0.01,11.7,19094.6,1
2025-03-18,2025-03-18 11:47:00,1608.29,1608.4,1608.29,1608.4,0.01,11.7,19094.6,1
2025-03-18,2025-03-18 11:48:00,1608.4,1608.51,1608.4,1608.51,0.01,11.7,19094.6,1
2025-03-18,2025-03-18 11:49:00,1608.51,1608.62,1608.51,1608.62,0.01,11.7,19094.6,1
2025-03-18,2025-03-18 11:50:00,1608.62,1608.74,1608.62,1608.74,0.01,11.7,19094.6,1
2025-03-18,2025-03-18 11:51:00,1608.74,1608.85,1608.74,1608.85,0.01,11.7,19094.6,1
2025-03-18,2025-03-18 11:52:00,1608.85,1608.96,1608.85,1608.96,0.01,11.7,19094.6,1
2025-03-18,2025-03-18 11:53:00,1608.96,1609.08,1608.96,1609.08,0.01,11.7,19094.6,1
2025-03-18,2025-03-18 11:54:00,1609.08,1609.19,1609.08,1609.19,0.01,11.7,19094.6,1
2025-03-18,2025-03-18 11:55:00,1609.19,1609.3,1609.19,1609.3,0.01,11.7,19094.6,1
2025-03-18,2025-03-18 11:56:00,1609.3,1609.41,1609.3,1609.41,0.01,11.7,19094.6,1
2025-03-18,2025-03-18 11:57:00,1609.41,1609.53,1609.41,1609.53,0.01,11.7,19094.6,1
2025-03-18,2025-03-18 11:58:00,1609.53,1609.64,1609.53,1609.64,0.01,11.7,19094.6,1
2025-03-18,2025-03-18 11:59:00,1609.64,1609.75,1609.64,1609.75,0.01,11.7,19094.6,1
2025-03-18,2025-03-18 12:00:00,1609.75,1609.86,1609.75,1609.86,0.01,11.7,19094.6,1
2025-03-18,2025-03-18 12:01:00,1609.86,1609.97,1609.86,1609.97,0.01,11.7,19094.6,1
2025-03-18,2025-03-18 12:02:00,1609.97,1610.09,1609.97,1610.09,0.01,11.7,19094.6,1
2025-03-18,2025-03-18 12:03:00,1610.09,1610.2,1610.09,1610.2,0.01,11.7,19094.6,1
2025-03-18,2025-03-18 12:04:00,1610.2,1610.31,1610.2,1610.31,0.01,11.7,19094.6,1
2025-03-18,2025-03-18 12:05:00,1610.31,1610.42,1610.31,1610.42,0.01,11.7,19094.6,1
2025-03-18,2025-03-18 12:06:00,1610.42,1610.54,1610.42,1610.54,0.01,11.7,19094.6,1
2025-03-18,2025-03-18 12:07:00,1610.54,1610.65,1610.54,1610.65,0.01,11.7,19094.6,1
2025-03-18,2025-03-18 12:08:00,1610.65,1610.76,1610.65,1610.76,0.01,11.7,19094.6,1
2025-03-18,2025-03-18 12:09:00,1610.76,1610.88,1610.76,1610.88,0.01,11.7,19094.6,1
2025-03-18,2025-03-18 12:10:00,1610.88,1610.99,1610.88,1610.99,0.01,11.7,19094.6,1
2025-03-18,2025-03-18 12:11:00,1610.99,1611.1,1610.99,1611.1,0.01,11.7,19094.6,1
2025-03-18,2025-03-18 12:12:00,1611.1,1611.21,1611.1,1611.21,0.01,11.7,19094.6,1
2025-03-18,2025-03-18 12:13:00,1611.21,1611.33,1611.21,1611.33,0.01,11.7,19094.6,1
2025-03-18,2025-03-18 12:14:00,1611.33,1611.44,1611.33,1611.44,0.01,11.7,19094.6,1
2025-03-18,2025-03-18 12:15:00,1611.44,1611.55,1611.44,1611.55,0.01,11.7,19094.6,1
2025-03-18,2025-03-18 12:16:00,1611.55,1611.66,1611.55,1611.66,0.01,11.7,19094.6,1
2025-03-18,2025-03-18 12:17:00,1611.66,1611.78,1611.66,1611.78,0.01,11.7,19094.6,1
2025-03-18,2025-03-18 12:18:00,1611.78,1611.89,1611.78,1611.89,0.01,11.7,19094.6,1
2025-03-18,2025-03-18 12:19:00,1611.89,1612.0,1611.89,1612.0,0.01,11.7,19094.6,1
2025-03-18,2025-03-18 12:20:00,1612.0,1612.11,1612.0,1612.11,0.01,11.7,19094.6,1
2025-03-18,2025-03-18 12:21:00,1612.11,1612.22,1612.11,1612.22,0.01,11.7,19094.6,1
2025-03-18,2025-03-18 12:22:00,1612.22,1612.34,1612.22,1612.34,0.01,11.7,19094.6,1
2025-03-18,2025-03-18 12:23:00,1612.34,1612.45,1612.34,1612.45,0.01,11.7,19094.6,1
2025-03-18,2025-03-18 12:24:00,1612.45,1612.56,1612.45,1612.56,0.01,11.7,19094.6,1
2025-03-18,2025-03-18 12:25:00,1612.56,1612.67,1612.56,1612.67,0.01,11.7,19094.6,1
2025-03-18,2025-03-18 12:26:00,1612.67,1612.79,1612.67,1612.79,0.01,11.7,19094.6,1
2025-03-18,2025-03-18 12:27:00,1612.79,1612.9,1612.79,1612.9,0.01,11.7,19094.6,1
2025-03-18,2025-03-18 12:28:00,1612.9,1613.01,1612.9,1613.01,0.01,11.7,19094.6,1
2025-03-18,2025-03-18 12:29:00,1613.01,1613.12,1613.01,1613.12,0.01,11.7,19094.6,1
2025-03-18,2025-03-18 12:30:00,1613.12,1613.24,1613.12,1613.24,0.01,11.7,19094.6,1
2025-03-18,2025-03-18 12:31:00,1613.24,1613.35,1613.24,1613.35,0.01,11.7,19094.6,1
2025-03-18,2025-03-18 12:32:00,1613.35,1613.46,1613.35,1613.46,0.01,11.7,19094.6,1
2025-03-18,2025-03-18 12:33:00,1613.46,1613.58,1613.46,1613.58,0.01,11.7,19094.6,1
2025-03-18,2025-03-18 12:34:00,1613.58,1613.69,1613.58,1613.69,0.01,11.7,19094.6,1
2025-03-18,2025-03-18 12:35:00,1613.69,1613.8,1613.69,1613.8,0.01,11.7,19094.6,1
2025-03-18,2025-03-18 12:36:00,1613.8,1613.91,1613.8,1613.91,0.01,11.7,19094.6,1
2025-03-18,2025-03-18 12:37:00,1613.91,1614.03,1613.91,1614.03,0.01,11.7,19094.6,1
2025-03-18,2025-03-18 12:38:00,1614.03,1614.14,1614.03,1614.14,0.01,11.7,19094.6,1
2025-03-18,2025-03-18 12:39:00,1614.14,1614.25,1614.14,1614.25,0.01,11.7,19094.6,1
2025-03-18,2025-03-18 12:40:00,1614.25,1614.36,1614.25,1614.36,0.01,11.7,19094.6,1
2025-03-18,2025-03-18 12:41:00,1614.36,1614.47,1614.36,1614.47,0.01,11.7,19094.6,1
2025-03-18,2025-03-18 12:42:00,1614.47,1614.59,1614.47,1614.59,0.01,11.7,19094.6,1
2025-03-18,2025-03-18 12:43:00,1614.59,1614.7,1614.59,1614.7,0.01,11.7,19094.6,1
2025-03-18,2025-03-18 12:44:00,1614.7,1614.81,1614.7,1614.81,0.01,11.7,19094.6,1
2025-03-18,2025-03-18 12:45:00,1614.81,1614.92,1614.81,1614.92,0.01,11.7,19094.6,1
2025-03-18,2025-03-18 12:46:00,1614.92,1615.04,1614.92,1615.04,0.01,11.7,19094.6,1
2025-03-18,2025-03-18 12:47:00,1615.04,1615.15,1615.04,1615.15,0.01,11.7,19094.6,1
2025-03-18,2025-03-18 12:48:00,1615.15,1615.26,1615.15,1615.26,0.01,11.7,19094.6,1
2025-03-18,2025-03-18 12:49:00,1615.26,1615.38,1615.26,1615.38,0.01,11.7,19094.6,1
2025-03-18,2025-03-18 12:50:00,1615.38,1615.49,1615.38,1615.49,0.01,11.7,19094.6,1
2025-03-18,2025-03-18 12:51:00,1615.49,1615.6,1615.49,1615.6,0.01,11.7,19094.6,1
2025-03-18,2025-03-18 12:52:00,1615.6,1615.71,1615.6,1615.71,0.01,11.7,19094.6,1
2025-03-18,2025-03-18 12:53:00,1615.71,1615.83,1615.71,1615.83,0.01,11.7,19094.6,1
2025-03-18,2025-03-18 12:54:00,1615.83,1615.94,1615.83,1615.94,0.01,11.7,19094.6,1
2025-03-18,2025-03-18 12:55:00,1615.94,1616.05,1615.94,1616.05,0.01,11.7,19094.6,1
2025-03-18,2025-03-18 12:56:00,1616.05,1616.16,1616.05,1616.16,0.01,11.7,19094.6,1
2025-03-18,2025-03-18 12:57:00,1616.16,1616.28,1616.16,1616.28,0.01,11.7,19094.6,1
2025-03-18,2025-03-18 12:58:00,1616.28,1616.39,1616.28,1616.39,0.01,11.7,19094.6,1
2025-03-18,2025-03-18 12:59:00,1616.39,1616.5,1616.39,1616.5,0.01,11.7,19094.6,1
2025-03-18,2025-03-18 13:00:00,1616.5,1681.0,1603.0,1616.61,0.01,11.7,19094.6,1
2025-03-18,2025-03-18 13:01:00,1616.61,1616.72,1616.61,1616.72,0.01,11.7,19094.6,1
2025-03-18,2025-03-18 13:02:00,1616.72,1616.84,1616.72,1616.84,0.01,11.7,19094.6,1
2025-03-18,2025-03-18 13:03:00,1616.84,1616.95,1616.84,1616.95,0.01,11.7,19094.6,1
2025-03-18,2025-03-18 13:04:00,1616.95,1617.06,1616.95,1617.06,0.01,11.7,19094.6,1
2025-03-18,2025-03-18 13:05:00,1617.06,1617.17,1617.06,1617.17,0.01,11.7,19094.6,1
2025-03-18,2025-03-18 13:06:00,1617.17,1617.29,1617.17,1617.29,0.01,11.7,19094.6,1
2025-03-18,2025-03-18 13:07:00,1617.29,1617.4,1617.29,1617.4,0.01,11.7,19094.6,1
2025-03-18,2025-03-18 13:08:00,1617.4,1617.51,1617.4,1617.51,0.01,11.7,19094.6,1
2025-03-18,2025-03-18 13:09:00,1617.51,1617.62,1617.51,1617.62,0.01,11.7,19094.6,1
2025-03-18,2025-03-18 13:10:00,1617.62,1617.74,1617.62,1617.74,0.01,11.7,19094.6,1
2025-03-18,2025-03-18 13:11:00,1617.74,1617.85,1617.74,1617.85,0.01,11.7,19094.6,1
2025-03-18,2025-03-18 13:12:00,1617.85,1617.96,1617.85,1617.96,0.01,11.7,19094.6,1
2025-03-18,2025-03-18 13:13:00,1617.96,1618.08,1617.96,1618.08,0.01,11.7,19094.6,1
2025-03-18,2025-03-18 13:14:00,1618.08,1618.19,1618.08,1618.19,0.01,11.7,19094.6,1
2025-03-18,2025-03-18 13:15:00,1618.19,1618.3,1618.19,1618.3,0.01,11.7,19094.6,1
2025-03-18,2025-03-18 13:16:00,1618.3,1618.41,1618.3,1618.41,0.01,11.7,19094.6,1
2025-03-18,2025-03-18 13:17:00,1618.41,1618.53,1618.41,1618.53,0.01,11.7,19094.6,1
2025-03-18,2025-03-18 13:18:00,1618.53,1618.64,1618.53,1618.64,0.01,11.7,19094.6,1
2025-03-18,2025-03-18 13:19:00,1618.64,1618.75,1618.64,1618.75,0.01,11.7,19094.6,1
2025-03-18,2025-03-18 13:20:00,1618.75,1618.86,1618.75,1618.86,0.01,11.7,19094.6,1
2025-03-18,2025-03-18 13:21:00,1618.86,1618.97,1618.86,1618.97,0.01,11.7,19094.6,1
2025-03-18,2025-03-18 13:22:00,1618.97,1619.09,1618.97,1619.09,0.01,11.7,19094.6,1
2025-03-18,2025-03-18 13:23:00,1619.09,1619.2,1619.09,1619.2,0.01,11.7,19094.6,1
2025-03-18,2025-03-18 13:24:00,1619.2,1619.31,1619.2,1619.31,0.01,11.7,19094.6,1
2025-03-18,2025-03-18 13:25:00,1619.31,1619.42,1619.31,1619.42,0.01,11.7,19094.6,1
2025-03-18,2025-03-18 13:26:00,1619.42,1619.54,1619.42,1619.54,0.01,11.7,19094.6,1
2025-03-18,2025-03-18 13:27:00,1619.54,1619.65,1619.54,1619.65,0.01,11.7,19094.6,1
2025-03-18,2025-03-18 13:28:00,1619.65,1619.76,1619.65,1619.76,0.01,11.7,19094.6,1
2025-03-18,2025-03-18 13:29:00,1619.76,1619.88,1619.76,1619.88,0.01,11.7,19094.6,1
2025-03-18,2025-03-18 13:30:00,1619.88,1619.99,1619.88,1619.99,0.01,11.7,19094.6,1
2025-03-18,2025-03-18 13:31:00,1619.99,1620.1,1619.99,1620.1,0.01,11.7,19094.6,1
2025-03-18,2025-03-18 13:32:00,1620.1,1620.21,1620.1,1620.21,0.01,11.7,19094.6,1
2025-03-18,2025-03-18 13:33:00,1620.21,1620.33,1620.21,1620.33,0.01,11.7,19094.6,1
2025-03-18,2025-03-18 13:34:00,1620.33,1620.44,1620.33,1620.44,0.01,11.7,19094.6,1
2025-03-18,2025-03-18 13:35:00,1620.44,1620.55,1620.44,1620.55,0.01,11.7,19094.6,1
2025-03-18,2025-03-18 13:36:00,1620.55,1620.66,1620.55,1620.66,0.01,11.7,19094.6,1
2025-03-18,2025-03-18 13:37:00,1620.66,1620.78,1620.66,1620.78,0.01,11.7,19094.6,1
2025-03-18,2025-03-18 13:38:00,1620.78,1620.89,1620.78,1620.89,0.01,11.7,19094.6,1
2025-03-18,2025-03-18 13:39:00,1620.89,1621.0,1620.89,1621.0,0.01,11.7,19094.6,1
2025-03-18,2025-03-18 13:40:00,1621.0,1621.11,1621.0,1621.11,0.01,11.7,19094.6,1
2025-03-18,2025-03-18 13:41:00,1621.11,1621.22,1621.11,1621.22,0.01,11.7,19094.6,1
2025-03-18,2025-03-18 13:42:00,1621.22,1621.34,1621.22,1621.34,0.01,11.7,19094.6,1
2025-03-18,2025-03-18 13:43:00,1621.34,1621.45,1621.34,1621.45,0.01,11.7,19094.6,1
2025-03-18,2025-03-18 13:44:00,1621.45,1621.56,1621.45,1621.56,0.01,11.7,19094.6,1
2025-03-18,2025-03-18 13:45:00,1621.56,1621.67,1621.56,1621.67,0.01,11.7,19094.6,1
2025-03-18,2025-03-18 13:46:00,1621.67,1621.79,1621.67,1621.79,0.01,11.7,19094.6,1
2025-03-18,2025-03-18 13:47:00,1621.79,1621.9,1621.79,1621.9,0.01,11.7,19094.6,1
2025-03-18,2025-03-18 13:48:00,1621.9,1622.01,1621.9,1622.01,0.01,11.7,19094.6,1
2025-03-18,2025-03-18 13:49:00,1622.01,1622.12,1622.01,1622.12,0.01,11.7,19094.6,1
2025-03-18,2025-03-18 13:50:00,1622.12,1622.24,1622.12,1622.24,0.01,11.7,19094.6,1
2025-03-18,2025-03-18 13:51:00,1622.24,1622.35,1622.24,1622.35,0.01,11.7,19094.6,1
2025-03-18,2025-03-18 13:52:00,1622.35,1622.46,1622.35,1622.46,0.01,11.7,19094.6,1
2025-03-18,2025-03-18 13:53:00,1622.46,1622.58,1622.46,1622.58,0.01,11.7,19094.6,1
2025-03-18,2025-03-18 13:54:00,1622.58,1622.69,1622.58,1622.69,0.01,11.7,19094.6,1
2025-03-18,2025-03-18 13:55:00,1622.69,1622.8,1622.69,1622.8,0.01,11.7,19094.6,1
2025-03-18,2025-03-18 13:56:00,1622.8,1622.91,1622.8,1622.91,0.01,11.7,19094.6,1
2025-03-18,2025-03-18 13:57:00,1622.91,1623.03,1622.91,1623.03,0.01,11.7,19094.6,1
2025-03-18,2025-03-18 13:58:00,1623.03,1623.14,1623.03,1623.14,0.01,11.7,19094.6,1
2025-03-18,2025-03-18 13:59:00,1623.14,1623.25,1623.14,1623.25,0.01,11.7,19094.6,1
2025-03-18,2025-03-18 14:00:00,1623.25,1623.36,1623.25,1623.36,0.01,11.7,19094.6,1
2025-03-18,2025-03-18 14:01:00,1623.36,1623.47,1623.36,1623.47,0.01,11.7,19094.6,1
2025-03-18,2025-03-18 14:02:00,1623.47,1623.59,1623.47,1623.59,0.01,11.7,19094.6,1
2025-03-18,2025-03-18 14:03:00,1623.59,1623.7,1623.59,1623.7,0.01,11.7,19094.6,1
2025-03-18,2025-03-18 14:04:00,1623.7,1623.81,1623.7,1623.81,0.01,11.7,19094.6,1
2025-03-18,2025-03-18 14:05:00,1623.81,1623.92,1623.81,1623.92,0.01,11.7,19094.6,1
2025-03-18,2025-03-18 14:06:00,1623.92,1624.04,1623.92,1624.04,0.01,11.7,19094.6,1
2025-03-18,2025-03-18 14:07:00,1624.04,1624.15,1624.04,1624.15,0.01,11.7,19094.6,1
2025-03-18,2025-03-18 14:08:00,1624.15,1624.26,1624.15,1624.26,0.01,11.7,19094.6,1
2025-03-18,2025-03-18 14:09:00,1624.26,1624.38,1624.26,1624.38,0.01,11.7,19094.6,1
2025-03-18,2025-03-18 14:10:00,1624.38,1624.49,1624.38,1624.49,0.01,11.7,19094.6,1
2025-03-18,2025-03-18 14:11:00,1624.49,1624.6,1624.49,1624.6,0.01,11.7,19094.6,1
2025-03-18,2025-03-18 14:12:00,1624.6,1624.71,1624.6,1624.71,0.01,11.7,19094.6,1
2025-03-18,2025-03-18 14:13:00,1624.71,1624.83,1624.71,1624.83,0.01,11.7,19094.6,1
2025-03-18,2025-03-18 14:14:00,1624.83,1624.94,1624.83,1624.94,0.01,11.7,19094.6,1
2025-03-18,2025-03-18 14:15:00,1624.94,1625.05,1624.94,1625.05,0.01,11.7,19094.6,1
2025-03-18,2025-03-18 14:16:00,1625.05,1625.16,1625.05,1625.16,0.01,11.7,19094.6,1
2025-03-18,2025-03-18 14:17:00,1625.16,1625.28,1625.16,1625.28,0.01,11.7,19094.6,1
2025-03-18,2025-03-18 14:18:00,1625.28,1625.39,1625.28,1625.39,0.01,11.7,19094.6,1
2025-03-18,2025-03-18 14:19:00,1625.39,1625.5,1625.39,1625.5,0.01,11.7,19094.6,1
2025-03-18,2025-03-18 14:20:00,1625.5,1625.61,1625.5,1625.61,0.01,11.7,19094.6,1
2025-03-18,2025-03-18 14:21:00,1625.61,1625.72,1625.61,1625.72,0.01,11.7,19094.6,1
2025-03-18,2025-03-18 14:22:00,1625.72,1625.84,1625.72,1625.84,0.01,11.7,19094.6,1
2025-03-18,2025-03-18 14:23:00,1625.84,1625.95,1625.84,1625.95,0.01,11.7,19094.6,1
2025-03-18,2025-03-18 14:24:00,1625.95,1626.06,1625.95,1626.06,0.01,11.7,19094.6,1
2025-03-18,2025-03-18 14:25:00,1626.06,1626.17,1626.06,1626.17,0.01,11.7,19094.6,1
2025-03-18,2025-03-18 14:26:00,1626.17,1626.29,1626.17,1626.29,0.01,11.7,19094.6,1
2025-03-18,2025-03-18 14:27:00,1626.29,1626.4,1626.29,1626.4,0.01,11.7,19094.6,1
2025-03-18,2025-03-18 14:28:00,1626.4,1626.51,1626.4,1626.51,0.01,11.7,19094.6,1
2025-03-18,2025-03-18 14:29:00,1626.51,1626.62,1626.51,1626.62,0.01,11.7,19094.6,1
2025-03-18,2025-03-18 14:30:00,1626.62,1626.74,1626.62,1626.74,0.01,11.7,19094.6,1
2025-03-18,2025-03-18 14:31:00,1626.74,1626.85,1626.74,1626.85,0.01,11.7,19094.6,1
2025-03-18,2025-03-18 14:32:00,1626.85,1626.96,1626.85,1626.96,0.01,11.7,19094.6,1
2025-03-18,2025-03-18 14:33:00,1626.96,1627.08,1626.96,1627.08,0.01,11.7,19094.6,1
2025-03-18,2025-03-18 14:34:00,1627.08,1627.19,1627.08,1627.19,0.01,11.7,19094.6,1
2025-03-18,2025-03-18 14:35:00,1627.19,1627.3,1627.19,1627.3,0.01,11.7,19094.6,1
2025-03-18,2025-03-18 14:36:00,1627.3,1627.41,1627.3,1627.41,0.01,11.7,19094.6,1
2025-03-18,2025-03-18 14:37:00,1627.41,1627.53,1627.41,1627.53,0.01,11.7,19094.6,1
2025-03-18,2025-03-18 14:38:00,1627.53,1627.64,1627.53,1627.64,0.01,11.7,19094.6,1
2025-03-18,2025-03-18 14:39:00,1627.64,1627.75,1627.64,1627.75,0.01,11.7,19094.6,1
2025-03-18,2025-03-18 14:40:00,1627.75,1627.86,1627.75,1627.86,0.01,11.7,19094.6,1
2025-03-18,2025-03-18 14:41:00,1627.86,1627.97,1627.86,1627.97,0.01,11.7,19094.6,1
2025-03-18,2025-03-18 14:42:00,1627.97,1628.09,1627.97,1628.09,0.01,11.7,19094.6,1
2025-03-18,2025-03-18 14:43:00,1628.09,1628.2,1628.09,1628.2,0.01,11.7,19094.6,1
2025-03-18,2025-03-18 14:44:00,1628.2,1628.31,1628.2,1628.31,0.01,11.7,19094.6,1
2025-03-18,2025-03-18 14:45:00,1628.31,1628.42,1628.31,1628.42,0.01,11.7,19094.6,1
2025-03-18,2025-03-18 14:46:00,1628.42,1628.54,1628.42,1628.54,0.01,11.7,19094.6,1
2025-03-18,2025-03-18 14:47:00,1628.54,1628.65,1628.54,1628.65,0.01,11.7,19094.6,1
2025-03-18,2025-03-18 14:48:00,1628.65,1628.76,1628.65,1628.76,0.01,11.7,19094.6,1
2025-03-18,2025-03-18 14:49:00,1628.76,1628.88,1628.76,1628.88,0.01,11.7,19094.6,1
2025-03-18,2025-03-18 14:50:00,1628.88,1628.99,1628.88,1628.99,0.01,11.7,19094.6,1
2025-03-18,2025-03-18 14:51:00,1628.99,1629.1,1628.99,1629.1,0.01,11.7,19094.6,1
2025-03-18,2025-03-18 14:52:00,1629.1,1629.21,1629.1,1629.21,0.01,11.7,19094.6,1
2025-03-18,2025-03-18 14:53:00,1629.21,1629.33,1629.21,1629.33,0.01,11.7,19094.6,1
2025-03-18,2025-03-18 14:54:00,1629.33,1629.44,1629.33,1629.44,0.01,11.7,19094.6,1
2025-03-18,2025-03-18 14:55:00,1629.44,1629.55,1629.44,1629.55,0.01,11.7,19094.6,1
2025-03-18,2025-03-18 14:56:00,1629.55,1629.66,1629.55,1629.66,0.01,11.7,19094.6,1
2025-03-18,2025-03-18 14:57:00,1629.66,1629.78,1629.66,1629.78,0.01,11.7,19094.6,1
2025-03-18,2025-03-18 14:58:00,1629.78,1629.89,1629.78,1629.89,0.01,11.7,19094.6,1
2025-03-18,2025-03-18 14:59:00,1629.89,1630.0,1629.89,1630.0,0.01,11.7,19094.6,1
2025-03-18,2025-03-18 15:00:00,1630.0,1681.0,1603.0,1630.0,0.0,11.7,19094.6,0
2025-03-19,2025-03-19 11:00:00,1625.0,1632.2,1619.33,1624.97,-0.0,12.82,20779.73,-1
2025-03-19,2025-03-19 11:01:00,1624.97,1624.97,1624.94,1624.94,-0.0,12.82,20779.73,-1
2025-03-19,2025-03-19 11:02:00,1624.94,1624.94,1624.91,1624.91,-0.0,12.82,20779.73,-1
2025-03-19,2025-03-19 11:03:00,1624.91,1624.91,1624.88,1624.88,-0.0,12.82,20779.73,-1
2025-03-19,2025-03-19 11:04:00,1624.88,1624.88,1624.85,1624.85,-0.0,12.82,20779.73,-1
2025-03-19,2025-03-19 11:05:00,1624.85,1624.85,1624.83,1624.83,-0.0,12.82,20779.73,-1
2025-03-19,2025-03-19 11:06:00,1624.83,1624.83,1624.8,1624.8,-0.0,12.82,20779.73,-1
2025-03-19,2025-03-19 11:07:00,1624.8,1624.8,1624.77,1624.77,-0.0,12.82,20779.73,-1
2025-03-19,2025-03-19 11:08:00,1624.77,1624.77,1624.74,1624.74,-0.0,12.82,20779.73,-1
2025-03-19,2025-03-19 11:09:00,1624.74,1624.74,1624.71,1624.71,-0.0,12.82,20779.73,-1
2025-03-19,2025-03-19 11:10:00,1624.71,1624.71,1624.68,1624.68,-0.0,12.82,20779.73,-1
2025-03-19,2025-03-19 11:11:00,1624.68,1624.68,1624.65,1624.65,-0.0,12.82,20779.73,-1
2025-03-19,2025-03-19 11:12:00,1624.65,1624.65,1624.62,1624.62,-0.0,12.82,20779.73,-1
2025-03-19,2025-03-19 11:13:00,1624.62,1624.62,1624.59,1624.59,-0.0,12.82,20779.73,-1
2025-03-19,2025-03-19 11:14:00,1624.59,1624.59,1624.56,1624.56,-0.0,12.82,20779.73,-1
2025-03-19,2025-03-19 11:15:00,1624.56,1624.56,1624.53,1624.53,-0.0,12.82,20779.73,-1
2025-03-19,2025-03-19 11:16:00,1624.53,1624.53,1624.5,1624.5,-0.0,12.82,20779.73,-1
2025-03-19,2025-03-19 11:17:00,1624.5,1624.5,1624.47,1624.47,-0.0,12.82,20779.73,-1
2025-03-19,2025-03-19 11:18:00,1624.47,1624.47,1624.45,1624.45,-0.0,12.82,20779.73,-1
2025-03-19,2025-03-19 11:19:00,1624.45,1624.45,1624.42,1624.42,-0.0,12.82,20779.73,-1
2025-03-19,2025-03-19 11:20:00,1624.42,1624.42,1624.39,1624.39,-0.0,12.82,20779.73,-1
2025-03-19,2025-03-19 11:21:00,1624.39,1624.39,1624.36,1624.36,-0.0,12.82,20779.73,-1
2025-03-19,2025-03-19 11:22:00,1624.36,1624.36,1624.33,1624.33,-0.0,12.82,20779.73,-1
2025-03-19,2025-03-19 11:23:00,1624.33,1624.33,1624.3,1624.3,-0.0,12.82,20779.73,-1
2025-03-19,2025-03-19 11:24:00,1624.3,1624.3,1624.27,1624.27,-0.0,12.82,20779.73,-1
2025-03-19,2025-03-19 11:25:00,1624.27,1624.27,1624.24,1624.24,-0.0,12.82,20779.73,-1
2025-03-19,2025-03-19 11:26:00,1624.24,1624.24,1624.21,1624.21,-0.0,12.82,20779.73,-1
2025-03-19,2025-03-19 11:27:00,1624.21,1624.21,1624.18,1624.18,-0.0,12.82,20779.73,-1
2025-03-19,2025-03-19 11:28:00,1624.18,1624.18,1624.15,1624.15,-0.0,12.82,20779.73,-1
2025-03-19,2025-03-19 11:29:00,1624.15,1624.15,1624.12,1624.12,-0.0,12.82,20779.73,-1
2025-03-19,2025-03-19 11:30:00,1624.12,1624.12,1624.1,1624.1,-0.0,12.82,20779.73,-1
2025-03-19,2025-03-19 11:31:00,1624.1,1624.1,1624.07,1624.07,-0.0,12.82,20779.73,-1
2025-03-19,2025-03-19 11:32:00,1624.07,1624.07,1624.04,1624.04,-0.0,12.82,20779.73,-1
2025-03-19,2025-03-19 11:33:00,1624.04,1624.04,1624.01,1624.01,-0.0,12.82,20779.73,-1
2025-03-19,2025-03-19 11:34:00,1624.01,1624.01,1623.98,1623.98,-0.0,12.82,20779.73,-1
2025-03-19,2025-03-19 11:35:00,1623.98,1623.98,1623.95,1623.95,-0.0,12.82,20779.73,-1
2025-03-19,2025-03-19 11:36:00,1623.95,1623.95,1623.92,1623.92,-0.0,12.82,20779.73,-1
2025-03-19,2025-03-19 11:37:00,1623.92,1623.92,1623.89,1623.89,-0.0,12.82,20779.73,-1
2025-03-19,2025-03-19 11:38:00,1623.89,1623.89,1623.86,1623.86,-0.0,12.82,20779.73,-1
2025-03-19,2025-03-19 11:39:00,1623.86,1623.86,1623.83,1623.83,-0.0,12.82,20779.73,-1
2025-03-19,2025-03-19 11:40:00,1623.83,1623.83,1623.8,1623.8,-0.0,12.82,20779.73,-1
2025-03-19,2025-03-19 11:41:00,1623.8,1623.8,1623.78,1623.78,-0.0,12.82,20779.73,-1
2025-03-19,2025-03-19 11:42:00,1623.78,1623.78,1623.75,1623.75,-0.0,12.82,20779.73,-1
2025-03-19,2025-03-19 11:43:00,1623.75,1623.75,1623.72,1623.72,-0.0,12.82,20779.73,-1
2025-03-19,2025-03-19 11:44:00,1623.72,1623.72,1623.69,1623.69,-0.0,12.82,20779.73,-1
2025-03-19,2025-03-19 11:45:00,1623.69,1623.69,1623.66,1623.66,-0.0,12.82,20779.73,-1
2025-03-19,2025-03-19 11:46:00,1623.66,1623.66,1623.63,1623.63,-0.0,12.82,20779.73,-1
2025-03-19,2025-03-19 11:47:00,1623.63,1623.63,1623.6,1623.6,-0.0,12.82,20779.73,-1
2025-03-19,2025-03-19 11:48:00,1623.6,1623.6,1623.57,1623.57,-0.0,12.82,20779.73,-1
2025-03-19,2025-03-19 11:49:00,1623.57,1623.57,1623.54,1623.54,-0.0,12.82,20779.73,-1
2025-03-19,2025-03-19 11:50:00,1623.54,1623.54,1623.51,1623.51,-0.0,12.82,20779.73,-1
2025-03-19,2025-03-19 11:51:00,1623.51,1623.51,1623.48,1623.48,-0.0,12.82,20779.73,-1
2025-03-19,2025-03-19 11:52:00,1623.48,1623.48,1623.45,1623.45,-0.0,12.82,20779.73,-1
2025-03-19,2025-03-19 11:53:00,1623.45,1623.45,1623.42,1623.42,-0.0,12.82,20779.73,-1
2025-03-19,2025-03-19 11:54:00,1623.42,1623.42,1623.4,1623.4,-0.0,12.82,20779.73,-1
2025-03-19,2025-03-19 11:55:00,1623.4,1623.4,1623.37,1623.37,-0.0,12.82,20779.73,-1
2025-03-19,2025-03-19 11:56:00,1623.37,1623.37,1623.34,1623.34,-0.0,12.82,20779.73,-1
2025-03-19,2025-03-19 11:57:00,1623.34,1623.34,1623.31,1623.31,-0.0,12.82,20779.73,-1
2025-03-19,2025-03-19 11:58:00,1623.31,1623.31,1623.28,1623.28,-0.0,12.82,20779.73,-1
2025-03-19,2025-03-19 11:59:00,1623.28,1623.28,1623.25,1623.25,-0.0,12.82,20779.73,-1
2025-03-19,2025-03-19 12:00:00,1623.25,1623.25,1623.22,1623.22,-0.0,12.82,20779.73,-1
2025-03-19,2025-03-19 12:01:00,1623.22,1623.22,1623.19,1623.19,-0.0,12.82,20779.73,-1
2025-03-19,2025-03-19 12:02:00,1623.19,1623.19,1623.16,1623.16,-0.0,12.82,20779.73,-1
2025-03-19,2025-03-19 12:03:00,1623.16,1623.16,1623.13,1623.13,-0.0,12.82,20779.73,-1
2025-03-19,2025-03-19 12:04:00,1623.13,1623.13,1623.1,1623.1,-0.0,12.82,20779.73,-1
2025-03-19,2025-03-19 12:05:00,1623.1,1623.1,1623.08,1623.08,-0.0,12.82,20779.73,-1
2025-03-19,2025-03-19 12:06:00,1623.08,1623.08,1623.05,1623.05,-0.0,12.82,20779.73,-1
2025-03-19,2025-03-19 12:07:00,1623.05,1623.05,1623.02,1623.02,-0.0,12.82,20779.73,-1
2025-03-19,2025-03-19 12:08:00,1623.02,1623.02,1622.99,1622.99,-0.0,12.82,20779.73,-1
2025-03-19,2025-03-19 12:09:00,1622.99,1622.99,1622.96,1622.96,-0.0,12.82,20779.73,-1
2025-03-19,2025-03-19 12:10:00,1622.96,1622.96,1622.93,1622.93,-0.0,12.82,20779.73,-1
2025-03-19,2025-03-19 12:11:00,1622.93,1622.93,1622.9,1622.9,-0.0,12.82,20779.73,-1
2025-03-19,2025-03-19 12:12:00,1622.9,1622.9,1622.87,1622.87,-0.0,12.82,20779.73,-1
2025-03-19,2025-03-19 12:13:00,1622.87,1622.87,1622.84,1622.84,-0.0,12.82,20779.73,-1
2025-03-19,2025-03-19 12:14:00,1622.84,1622.84,1622.81,1622.81,-0.0,12.82,20779.73,-1
2025-03-19,2025-03-19 12:15:00,1622.81,1622.81,1622.78,1622.78,-0.0,12.82,20779.73,-1
2025-03-19,2025-03-19 12:16:00,1622.78,1622.78,1622.75,1622.75,-0.0,12.82,20779.73,-1
2025-03-19,2025-03-19 12:17:00,1622.75,1622.75,1622.72,1622.72,-0.0,12.82,20779.73,-1
2025-03-19,2025-03-19 12:18:00,1622.72,1622.72,1622.7,1622.7,-0.0,12.82,20779.73,-1
2025-03-19,2025-03-19 12:19:00,1622.7,1622.7,1622.67,1622.67,-0.0,12.82,20779.73,-1
2025-03-19,2025-03-19 12:20:00,1622.67,1622.67,1622.64,1622.64,-0.0,12.82,20779.73,-1
2025-03-19,2025-03-19 12:21:00,1622.64,1622.64,1622.61,1622.61,-0.0,12.82,20779.73,-1
2025-03-19,2025-03-19 12:22:00,1622.61,1622.61,1622.58,1622.58,-0.0,12.82,20779.73,-1
2025-03-19,2025-03-19 12:23:00,1622.58,1622.58,1622.55,1622.55,-0.0,12.82,20779.73,-1
2025-03-19,2025-03-19 12:24:00,1622.55,1622.55,1622.52,1622.52,-0.0,12.82,20779.73,-1
2025-03-19,2025-03-19 12:25:00,1622.52,1622.52,1622.49,1622.49,-0.0,12.82,20779.73,-1
2025-03-19,2025-03-19 12:26:00,1622.49,1622.49,1622.46,1622.46,-0.0,12.82,20779.73,-1
2025-03-19,2025-03-19 12:27:00,1622.46,1622.46,1622.43,1622.43,-0.0,12.82,20779.73,-1
2025-03-19,2025-03-19 12:28:00,1622.43,1622.43,1622.4,1622.4,-0.0,12.82,20779.73,-1
2025-03-19,2025-03-19 12:29:00,1622.4,1622.4,1622.38,1622.38,-0.0,12.82,20779.73,-1
2025-03-19,2025-03-19 12:30:00,1622.38,1622.38,1622.35,1622.35,-0.0,12.82,20779.73,-1
2025-03-19,2025-03-19 12:31:00,1622.35,1622.35,1622.32,1622.32,-0.0,12.82,20779.73,-1
2025-03-19,2025-03-19 12:32:00,1622.32,1622.32,1622.29,1622.29,-0.0,12.82,20779.73,-1
2025-03-19,2025-03-19 12:33:00,1622.29,1622.29,1622.26,1622.26,-0.0,12.82,20779.73,-1
2025-03-19,2025-03-19 12:34:00,1622.26,1622.26,1622.23,1622.23,-0.0,12.82,20779.73,-1
2025-03-19,2025-03-19 12:35:00,1622.23,1622.23,1622.2,1622.2,-0.0,12.82,20779.73,-1
2025-03-19,2025-03-19 12:36:00,1622.2,1622.2,1622.17,1622.17,-0.0,12.82,20779.73,-1
2025-03-19,2025-03-19 12:37:00,1622.17,1622.17,1622.14,1622.14,-0.0,12.82,20779.73,-1
2025-03-19,2025-03-19 12:38:00,1622.14,1622.14,1622.11,1622.11,-0.0,12.82,20779.73,-1
2025-03-19,2025-03-19 12:39:00,1622.11,1622.11,1622.08,1622.08,-0.0,12.82,20779.73,-1
2025-03-19,2025-03-19 12:40:00,1622.08,1622.08,1622.05,1622.05,-0.0,12.82,20779.73,-1
2025-03-19,2025-03-19 12:41:00,1622.05,1622.05,1622.03,1622.03,-0.0,12.82,20779.73,-1
2025-03-19,2025-03-19 12:42:00,1622.03,1622.03,1622.0,1622.0,-0.0,12.82,20779.73,-1
2025-03-19,2025-03-19 12:43:00,1622.0,1622.0,1621.97,1621.97,-0.0,12.82,20779.73,-1
2025-03-19,2025-03-19 12:44:00,1621.97,1621.97,1621.94,1621.94,-0.0,12.82,20779.73,-1
2025-03-19,2025-03-19 12:45:00,1621.94,1621.94,1621.91,1621.91,-0.0,12.82,20779.73,-1
2025-03-19,2025-03-19 12:46:00,1621.91,1621.91,1621.88,1621.88,-0.0,12.82,20779.73,-1
2025-03-19,2025-03-19 12:47:00,1621.88,1621.88,1621.85,1621.85,-0.0,12.82,20779.73,-1
2025-03-19,2025-03-19 12:48:00,1621.85,1621.85,1621.82,1621.82,-0.0,12.82,20779.73,-1
2025-03-19,2025-03-19 12:49:00,1621.82,1621.82,1621.79,1621.79,-0.0,12.82,20779.73,-1
2025-03-19,2025-03-19 12:50:00,1621.79,1621.79,1621.76,1621.76,-0.0,12.82,20779.73,-1
2025-03-19,2025-03-19 12:51:00,1621.76,1621.76,1621.73,1621.73,-0.0,12.82,20779.73,-1
2025-03-19,2025-03-19 12:52:00,1621.73,1621.73,1621.7,1621.7,-0.0,12.82,20779.73,-1
2025-03-19,2025-03-19 12:53:00,1621.7,1621.7,1621.67,1621.67,-0.0,12.82,20779.73,-1
2025-03-19,2025-03-19 12:54:00,1621.67,1621.67,1621.65,1621.65,-0.0,12.82,20779.73,-1
2025-03-19,2025-03-19 12:55:00,1621.65,1621.65,1621.62,1621.62,-0.0,12.82,20779.73,-1
2025-03-19,2025-03-19 12:56:00,1621.62,1621.62,1621.59,1621.59,-0.0,12.82,20779.73,-1
2025-03-19,2025-03-19 12:57:00,1621.59,1621.59,1621.56,1621.56,-0.0,12.82,20779.73,-1
2025-03-19,2025-03-19 12:58:00,1621.56,1621.56,1621.53,1621.53,-0.0,12.82,20779.73,-1
2025-03-19,2025-03-19 12:59:00,1621.53,1621.53,1621.5,1621.5,-0.0,12.82,20779.73,-1
2025-03-19,2025-03-19 13:00:00,1621.5,1649.0,1606.1,1621.47,-0.0,12.82,20779.73,-1
2025-03-19,2025-03-19 13:01:00,1621.47,1621.47,1621.44,1621.44,-0.0,12.82,20779.73,-1
2025-03-19,2025-03-19 13:02:00,1621.44,1621.44,1621.41,1621.41,-0.0,12.82,20779.73,-1
2025-03-19,2025-03-19 13:03:00,1621.41,1621.41,1621.38,1621.38,-0.0,12.82,20779.73,-1
2025-03-19,2025-03-19 13:04:00,1621.38,1621.38,1621.35,1621.35,-0.0,12.82,20779.73,-1
2025-03-19,2025-03-19 13:05:00,1621.35,1621.35,1621.33,1621.33,-0.0,12.82,20779.73,-1
2025-03-19,2025-03-19 13:06:00,1621.33,1621.33,1621.3,1621.3,-0.0,12.82,20779.73,-1
2025-03-19,2025-03-19 13:07:00,1621.3,1621.3,1621.27,1621.27,-0.0,12.82,20779.73,-1
2025-03-19,2025-03-19 13:08:00,1621.27,1621.27,1621.24,1621.24,-0.0,12.82,20779.73,-1
2025-03-19,2025-03-19 13:09:00,1621.24,1621.24,1621.21,1621.21,-0.0,12.82,20779.73,-1
2025-03-19,2025-03-19 13:10:00,1621.21,1621.21,1621.18,1621.18,-0.0,12.82,20779.73,-1
2025-03-19,2025-03-19 13:11:00,1621.18,1621.18,1621.15,1621.15,-0.0,12.82,20779.73,-1
2025-03-19,2025-03-19 13:12:00,1621.15,1621.15,1621.12,1621.12,-0.0,12.82,20779.73,-1
2025-03-19,2025-03-19 13:13:00,1621.12,1621.12,1621.09,1621.09,-0.0,12.82,20779.73,-1
2025-03-19,2025-03-19 13:14:00,1621.09,1621.09,1621.06,1621.06,-0.0,12.82,20779.73,-1
2025-03-19,2025-03-19 13:15:00,1621.06,1621.06,1621.03,1621.03,-0.0,12.82,20779.73,-1
2025-03-19,2025-03-19 13:16:00,1621.03,1621.03,1621.0,1621.0,-0.0,12.82,20779.73,-1
2025-03-19,2025-03-19 13:17:00,1621.0,1621.0,1620.97,1620.97,-0.0,12.82,20779.73,-1
2025-03-19,2025-03-19 13:18:00,1620.97,1620.97,1620.95,1620.95,-0.0,12.82,20779.73,-1
2025-03-19,2025-03-19 13:19:00,1620.95,1620.95,1620.92,1620.92,-0.0,12.82,20779.73,-1
2025-03-19,2025-03-19 13:20:00,1620.92,1620.92,1620.89,1620.89,-0.0,12.82,20779.73,-1
2025-03-19,2025-03-19 13:21:00,1620.89,1620.89,1620.86,1620.86,-0.0,12.82,20779.73,-1
2025-03-19,2025-03-19 13:22:00,1620.86,1620.86,1620.83,1620.83,-0.0,12.82,20779.73,-1
2025-03-19,2025-03-19 13:23:00,1620.83,1620.83,1620.8,1620.8,-0.0,12.82,20779.73,-1
2025-03-19,2025-03-19 13:24:00,1620.8,1620.8,1620.77,1620.77,-0.0,12.82,20779.73,-1
2025-03-19,2025-03-19 13:25:00,1620.77,1620.77,1620.74,1620.74,-0.0,12.82,20779.73,-1
2025-03-19,2025-03-19 13:26:00,1620.74,1620.74,1620.71,1620.71,-0.0,12.82,20779.73,-1
2025-03-19,2025-03-19 13:27:00,1620.71,1620.71,1620.68,1620.68,-0.0,12.82,20779.73,-1
2025-03-19,2025-03-19 13:28:00,1620.68,1620.68,1620.65,1620.65,-0.0,12.82,20779.73,-1
2025-03-19,2025-03-19 13:29:00,1620.65,1620.65,1620.62,1620.62,-0.0,12.82,20779.73,-1
2025-03-19,2025-03-19 13:30:00,1620.62,1620.62,1620.6,1620.6,-0.0,12.82,20779.73,-1
2025-03-19,2025-03-19 13:31:00,1620.6,1620.6,1620.57,1620.57,-0.0,12.82,20779.73,-1
2025-03-19,2025-03-19 13:32:00,1620.57,1620.57,1620.54,1620.54,-0.0,12.82,20779.73,-1
2025-03-19,2025-03-19 13:33:00,1620.54,1620.54,1620.51,1620.51,-0.0,12.82,20779.73,-1
2025-03-19,2025-03-19 13:34:00,1620.51,1620.51,1620.48,1620.48,-0.0,12.82,20779.73,-1
2025-03-19,2025-03-19 13:35:00,1620.48,1620.48,1620.45,1620.45,-0.0,12.82,20779.73,-1
2025-03-19,2025-03-19 13:36:00,1620.45,1620.45,1620.42,1620.42,-0.0,12.82,20779.73,-1
2025-03-19,2025-03-19 13:37:00,1620.42,1620.42,1620.39,1620.39,-0.0,12.82,20779.73,-1
2025-03-19,2025-03-19 13:38:00,1620.39,1620.39,1620.36,1620.36,-0.0,12.82,20779.73,-1
2025-03-19,2025-03-19 13:39:00,1620.36,1620.36,1620.33,1620.33,-0.0,12.82,20779.73,-1
2025-03-19,2025-03-19 13:40:00,1620.33,1620.33,1620.3,1620.3,-0.0,12.82,20779.73,-1
2025-03-19,2025-03-19 13:41:00,1620.3,1620.3,1620.28,1620.28,-0.0,12.82,20779.73,-1
2025-03-19,2025-03-19 13:42:00,1620.28,1620.28,1620.25,1620.25,-0.0,12.82,20779.73,-1
2025-03-19,2025-03-19 13:43:00,1620.25,1620.25,1620.22,1620.22,-0.0,12.82,20779.73,-1
2025-03-19,2025-03-19 13:44:00,1620.22,1620.22,1620.19,1620.19,-0.0,12.82,20779.73,-1
2025-03-19,2025-03-19 13:45:00,1620.19,1620.19,1620.16,1620.16,-0.0,12.82,20779.73,-1
2025-03-19,2025-03-19 13:46:00,1620.16,1620.16,1620.13,1620.13,-0.0,12.82,20779.73,-1
2025-03-19,2025-03-19 13:47:00,1620.13,1620.13,1620.1,1620.1,-0.0,12.82,20779.73,-1
2025-03-19,2025-03-19 13:48:00,1620.1,1620.1,1620.07,1620.07,-0.0,12.82,20779.73,-1
2025-03-19,2025-03-19 13:49:00,1620.07,1620.07,1620.04,1620.04,-0.0,12.82,20779.73,-1
2025-03-19,2025-03-19 13:50:00,1620.04,1620.04,1620.01,1620.01,-0.0,12.82,20779.73,-1
2025-03-19,2025-03-19 13:51:00,1620.01,1620.01,1619.98,1619.98,-0.0,12.82,20779.73,-1
2025-03-19,2025-03-19 13:52:00,1619.98,1619.98,1619.95,1619.95,-0.0,12.82,20779.73,-1
2025-03-19,2025-03-19 13:53:00,1619.95,1619.95,1619.92,1619.92,-0.0,12.82,20779.73,-1
2025-03-19,2025-03-19 13:54:00,1619.92,1619.92,1619.9,1619.9,-0.0,12.82,20779.73,-1
2025-03-19,2025-03-19 13:55:00,1619.9,1619.9,1619.87,1619.87,-0.0,12.82,20779.73,-1
2025-03-19,2025-03-19 13:56:00,1619.87,1619.87,1619.84,1619.84,-0.0,12.82,20779.73,-1
2025-03-19,2025-03-19 13:57:00,1619.84,1619.84,1619.81,1619.81,-0.0,12.82,20779.73,-1
2025-03-19,2025-03-19 13:58:00,1619.81,1619.81,1619.78,1619.78,-0.0,12.82,20779.73,-1
2025-03-19,2025-03-19 13:59:00,1619.78,1619.78,1619.75,1619.75,-0.0,12.82,20779.73,-1
2025-03-19,2025-03-19 14:00:00,1619.75,1619.75,1619.72,1619.72,-0.0,12.82,20779.73,-1
2025-03-19,2025-03-19 14:01:00,1619.72,1619.72,1619.69,1619.69,-0.0,12.82,20779.73,-1
2025-03-19,2025-03-19 14:02:00,1619.69,1619.69,1619.66,1619.66,-0.0,12.82,20779.73,-1
2025-03-19,2025-03-19 14:03:00,1619.66,1619.66,1619.63,1619.63,-0.0,12.82,20779.73,-1
2025-03-19,2025-03-19 14:04:00,1619.63,1619.63,1619.6,1619.6,-0.0,12.82,20779.73,-1
2025-03-19,2025-03-19 14:05:00,1619.6,1619.6,1619.58,1619.58,-0.0,12.82,20779.73,-1
2025-03-19,2025-03-19 14:06:00,1619.58,1619.58,1619.55,1619.55,-0.0,12.82,20779.73,-1
2025-03-19,2025-03-19 14:07:00,1619.55,1619.55,1619.52,1619.52,-0.0,12.82,20779.73,-1
2025-03-19,2025-03-19 14:08:00,1619.52,1619.52,1619.49,1619.49,-0.0,12.82,20779.73,-1
2025-03-19,2025-03-19 14:09:00,1619.49,1619.49,1619.46,1619.46,-0.0,12.82,20779.73,-1
2025-03-19,2025-03-19 14:10:00,1619.46,1619.46,1619.43,1619.43,-0.0,12.82,20779.73,-1
2025-03-19,2025-03-19 14:11:00,1619.43,1619.43,1619.4,1619.4,-0.0,12.82,20779.73,-1
2025-03-19,2025-03-19 14:12:00,1619.4,1619.4,1619.37,1619.37,-0.0,12.82,20779.73,-1
2025-03-19,2025-03-19 14:13:00,1619.37,1619.37,1619.34,1619.34,-0.0,12.82,20779.73,-1
2025-03-19,2025-03-19 14:14:00,1619.34,1619.34,1619.31,1619.31,-0.0,12.82,20779.73,-1
2025-03-19,2025-03-19 14:15:00,1619.31,1619.31,1619.28,1619.28,-0.0,12.82,20779.73,-1
2025-03-19,2025-03-19 14:16:00,1619.28,1619.28,1619.25,1619.25,-0.0,12.82,20779.73,-1
2025-03-19,2025-03-19 14:17:00,1619.25,1619.25,1619.22,1619.22,-0.0,12.82,20779.73,-1
2025-03-19,2025-03-19 14:18:00,1619.22,1619.22,1619.2,1619.2,-0.0,12.82,20779.73,-1
2025-03-19,2025-03-19 14:19:00,1619.2,1619.2,1619.17,1619.17,-0.0,12.82,20779.73,-1
2025-03-19,2025-03-19 14:20:00,1619.17,1619.17,1619.14,1619.14,-0.0,12.82,20779.73,-1
2025-03-19,2025-03-19 14:21:00,1619.14,1619.14,1619.11,1619.11,-0.0,12.82,20779.73,-1
2025-03-19,2025-03-19 14:22:00,1619.11,1619.11,1619.08,1619.08,-0.0,12.82,20779.73,-1
2025-03-19,2025-03-19 14:23:00,1619.08,1619.08,1619.05,1619.05,-0.0,12.82,20779.73,-1
2025-03-19,2025-03-19 14:24:00,1619.05,1619.05,1619.02,1619.02,-0.0,12.82,20779.73,-1
2025-03-19,2025-03-19 14:25:00,1619.02,1619.02,1618.99,1618.99,-0.0,12.82,20779.73,-1
2025-03-19,2025-03-19 14:26:00,1618.99,1618.99,1618.96,1618.96,-0.0,12.82,20779.73,-1
2025-03-19,2025-03-19 14:27:00,1618.96,1618.96,1618.93,1618.93,-0.0,12.82,20779.73,-1
2025-03-19,2025-03-19 14:28:00,1618.93,1618.93,1618.9,1618.9,-0.0,12.82,20779.73,-1
2025-03-19,2025-03-19 14:29:00,1618.9,1618.9,1618.88,1618.88,-0.0,12.82,20779.73,-1
2025-03-19,2025-03-19 14:30:00,1618.88,1618.88,1618.85,1618.85,-0.0,12.82,20779.73,-1
2025-03-19,2025-03-19 14:31:00,1618.85,1618.85,1618.82,1618.82,-0.0,12.82,20779.73,-1
2025-03-19,2025-03-19 14:32:00,1618.82,1618.82,1618.79,1618.79,-0.0,12.82,20779.73,-1
2025-03-19,2025-03-19 14:33:00,1618.79,1618.79,1618.76,1618.76,-0.0,12.82,20779.73,-1
2025-03-19,2025-03-19 14:34:00,1618.76,1618.76,1618.73,1618.73,-0.0,12.82,20779.73,-1
2025-03-19,2025-03-19 14:35:00,1618.73,1618.73,1618.7,1618.7,-0.0,12.82,20779.73,-1
2025-03-19,2025-03-19 14:36:00,1618.7,1618.7,1618.67,1618.67,-0.0,12.82,20779.73,-1
2025-03-19,2025-03-19 14:37:00,1618.67,1618.67,1618.64,1618.64,-0.0,12.82,20779.73,-1
2025-03-19,2025-03-19 14:38:00,1618.64,1618.64,1618.61,1618.61,-0.0,12.82,20779.73,-1
2025-03-19,2025-03-19 14:39:00,1618.61,1618.61,1618.58,1618.58,-0.0,12.82,20779.73,-1
2025-03-19,2025-03-19 14:40:00,1618.58,1618.58,1618.55,1618.55,-0.0,12.82,20779.73,-1
2025-03-19,2025-03-19 14:41:00,1618.55,1618.55,1618.53,1618.53,-0.0,12.82,20779.73,-1
2025-03-19,2025-03-19 14:42:00,1618.53,1618.53,1618.5,1618.5,-0.0,12.82,20779.73,-1
2025-03-19,2025-03-19 14:43:00,1618.5,1618.5,1618.47,1618.47,-0.0,12.82,20779.73,-1
2025-03-19,2025-03-19 14:44:00,1618.47,1618.47,1618.44,1618.44,-0.0,12.82,20779.73,-1
2025-03-19,2025-03-19 14:45:00,1618.44,1618.44,1618.41,1618.41,-0.0,12.82,20779.73,-1
2025-03-19,2025-03-19 14:46:00,1618.41,1618.41,1618.38,1618.38,-0.0,12.82,20779.73,-1
2025-03-19,2025-03-19 14:47:00,1618.38,1618.38,1618.35,1618.35,-0.0,12.82,20779.73,-1
2025-03-19,2025-03-19 14:48:00,1618.35,1618.35,1618.32,1618.32,-0.0,12.82,20779.73,-1
2025-03-19,2025-03-19 14:49:00,1618.32,1618.32,1618.29,1618.29,-0.0,12.82,20779.73,-1
2025-03-19,2025-03-19 14:50:00,1618.29,1618.29,1618.26,1618.26,-0.0,12.82,20779.73,-1
2025-03-19,2025-03-19 14:51:00,1618.26,1618.26,1618.23,1618.23,-0.0,12.82,20779.73,-1
2025-03-19,2025-03-19 14:52:00,1618.23,1618.23,1618.2,1618.2,-0.0,12.82,20779.73,-1
2025-03-19,2025-03-19 14:53:00,1618.2,1618.2,1618.17,1618.17,-0.0,12.82,20779.73,-1
2025-03-19,2025-03-19 14:54:00,1618.17,1618.17,1618.15,1618.15,-0.0,12.82,20779.73,-1
2025-03-19,2025-03-19 14:55:00,1618.15,1618.15,1618.12,1618.12,-0.0,12.82,20779.73,-1
2025-03-19,2025-03-19 14:56:00,1618.12,1618.12,1618.09,1618.09,-0.0,12.82,20779.73,-1
2025-03-19,2025-03-19 14:57:00,1618.09,1618.09,1618.06,1618.06,-0.0,12.82,20779.73,-1
2025-03-19,2025-03-19 14:58:00,1618.06,1618.06,1618.03,1618.03,-0.0,12.82,20779.73,-1
2025-03-19,2025-03-19 14:59:00,1618.03,1618.03,1618.0,1618.0,-0.0,12.82,20779.73,-1
2025-03-19,2025-03-19 15:00:00,1618.0,1649.0,1606.1,1618.0,0.0,12.82,20779.73,0
2025-03-20,2025-03-20 11:00:00,1595.1,1610.07,1586.1,1595.15,0.0,55.01,86940.64,1
2025-03-20,2025-03-20 11:01:00,1595.15,1595.2,1595.15,1595.2,0.0,55.01,86940.64,1
2025-03-20,2025-03-20 11:02:00,1595.2,1595.25,1595.2,1595.25,0.0,55.01,86940.64,1
2025-03-20,2025-03-20 11:03:00,1595.25,1595.29,1595.25,1595.29,0.0,55.01,86940.64,1
2025-03-20,2025-03-20 11:04:00,1595.29,1595.34,1595.29,1595.34,0.0,55.01,86940.64,1
2025-03-20,2025-03-20 11:05:00,1595.34,1595.39,1595.34,1595.39,0.0,55.01,86940.64,1
2025-03-20,2025-03-20 11:06:00,1595.39,1595.44,1595.39,1595.44,0.0,55.01,86940.64,1
2025-03-20,2025-03-20 11:07:00,1595.44,1595.49,1595.44,1595.49,0.0,55.01,86940.64,1
2025-03-20,2025-03-20 11:08:00,1595.49,1595.54,1595.49,1595.54,0.0,55.01,86940.64,1
2025-03-20,2025-03-20 11:09:00,1595.54,1595.59,1595.54,1595.59,0.0,55.01,86940.64,1
2025-03-20,2025-03-20 11:10:00,1595.59,1595.63,1595.59,1595.63,0.0,55.01,86940.64,1
2025-03-20,2025-03-20 11:11:00,1595.63,1595.68,1595.63,1595.68,0.0,55.01,86940.64,1
2025-03-20,2025-03-20 11:12:00,1595.68,1595.73,1595.68,1595.73,0.0,55.01,86940.64,1
2025-03-20,2025-03-20 11:13:00,1595.73,1595.78,1595.73,1595.78,0.0,55.01,86940.64,1
2025-03-20,2025-03-20 11:14:00,1595.78,1595.83,1595.78,1595.83,0.0,55.01,86940.64,1
2025-03-20,2025-03-20 11:15:00,1595.83,1595.88,1595.83,1595.88,0.0,55.01,86940.64,1
2025-03-20,2025-03-20 11:16:00,1595.88,1595.93,1595.88,1595.93,0.0,55.01,86940.64,1
2025-03-20,2025-03-20 11:17:00,1595.93,1595.98,1595.93,1595.98,0.0,55.01,86940.64,1
2025-03-20,2025-03-20 11:18:00,1595.98,1596.02,1595.98,1596.02,0.0,55.01,86940.64,1
2025-03-20,2025-03-20 11:19:00,1596.02,1596.07,1596.02,1596.07,0.0,55.01,86940.64,1
2025-03-20,2025-03-20 11:20:00,1596.07,1596.12,1596.07,1596.12,0.0,55.01,86940.64,1
2025-03-20,2025-03-20 11:21:00,1596.12,1596.17,1596.12,1596.17,0.0,55.01,86940.64,1
2025-03-20,2025-03-20 11:22:00,1596.17,1596.22,1596.17,1596.22,0.0,55.01,86940.64,1
2025-03-20,2025-03-20 11:23:00,1596.22,1596.27,1596.22,1596.27,0.0,55.01,86940.64,1
2025-03-20,2025-03-20 11:24:00,1596.27,1596.32,1596.27,1596.32,0.0,55.01,86940.64,1
2025-03-20,2025-03-20 11:25:00,1596.32,1596.36,1596.32,1596.36,0.0,55.01,86940.64,1
2025-03-20,2025-03-20 11:26:00,1596.36,1596.41,1596.36,1596.41,0.0,55.01,86940.64,1
2025-03-20,2025-03-20 11:27:00,1596.41,1596.46,1596.41,1596.46,0.0,55.01,86940.64,1
2025-03-20,2025-03-20 11:28:00,1596.46,1596.51,1596.46,1596.51,0.0,55.01,86940.64,1
2025-03-20,2025-03-20 11:29:00,1596.51,1596.56,1596.51,1596.56,0.0,55.01,86940.64,1
2025-03-20,2025-03-20 11:30:00,1596.56,1596.61,1596.56,1596.61,0.0,55.01,86940.64,1
2025-03-20,2025-03-20 11:31:00,1596.61,1596.66,1596.61,1596.66,0.0,55.01,86940.64,1
2025-03-20,2025-03-20 11:32:00,1596.66,1596.7,1596.66,1596.7,0.0,55.01,86940.64,1
2025-03-20,2025-03-20 11:33:00,1596.7,1596.75,1596.7,1596.75,0.0,55.01,86940.64,1
2025-03-20,2025-03-20 11:34:00,1596.75,1596.8,1596.75,1596.8,0.0,55.01,86940.64,1
2025-03-20,2025-03-20 11:35:00,1596.8,1596.85,1596.8,1596.85,0.0,55.01,86940.64,1
2025-03-20,2025-03-20 11:36:00,1596.85,1596.9,1596.85,1596.9,0.0,55.01,86940.64,1
2025-03-20,2025-03-20 11:37:00,1596.9,1596.95,1596.9,1596.95,0.0,55.01,86940.64,1
2025-03-20,2025-03-20 11:38:00,1596.95,1597.0,1596.95,1597.0,0.0,55.01,86940.64,1
2025-03-20,2025-03-20 11:39:00,1597.0,1597.04,1597.0,1597.04,0.0,55.01,86940.64,1
2025-03-20,2025-03-20 11:40:00,1597.04,1597.09,1597.04,1597.09,0.0,55.01,86940.64,1
2025-03-20,2025-03-20 11:41:00,1597.09,1597.14,1597.09,1597.14,0.0,55.01,86940.64,1
2025-03-20,2025-03-20 11:42:00,1597.14,1597.19,1597.14,1597.19,0.0,55.01,86940.64,1
2025-03-20,2025-03-20 11:43:00,1597.19,1597.24,1597.19,1597.24,0.0,55.01,86940.64,1
2025-03-20,2025-03-20 11:44:00,1597.24,1597.29,1597.24,1597.29,0.0,55.01,86940.64,1
2025-03-20,2025-03-20 11:45:00,1597.29,1597.34,1597.29,1597.34,0.0,55.01,86940.64,1
2025-03-20,2025-03-20 11:46:00,1597.34,1597.39,1597.34,1597.39,0.0,55.01,86940.64,1
2025-03-20,2025-03-20 11:47:00,1597.39,1597.43,1597.39,1597.43,0.0,55.01,86940.64,1
2025-03-20,2025-03-20 11:48:00,1597.43,1597.48,1597.43,1597.48,0.0,55.01,86940.64,1
2025-03-20,2025-03-20 11:49:00,1597.48,1597.53,1597.48,1597.53,0.0,55.01,86940.64,1
2025-03-20,2025-03-20 11:50:00,1597.53,1597.58,1597.53,1597.58,0.0,55.01,86940.64,1
2025-03-20,2025-03-20 11:51:00,1597.58,1597.63,1597.58,1597.63,0.0,55.01,86940.64,1
2025-03-20,2025-03-20 11:52:00,1597.63,1597.68,1597.63,1597.68,0.0,55.01,86940.64,1
2025-03-20,2025-03-20 11:53:00,1597.68,1597.73,1597.68,1597.73,0.0,55.01,86940.64,1
2025-03-20,2025-03-20 11:54:00,1597.73,1597.77,1597.73,1597.77,0.0,55.01,86940.64,1
2025-03-20,2025-03-20 11:55:00,1597.77,1597.82,1597.77,1597.82,0.0,55.01,86940.64,1
2025-03-20,2025-03-20 11:56:00,1597.82,1597.87,1597.82,1597.87,0.0,55.01,86940.64,1
2025-03-20,2025-03-20 11:57:00,1597.87,1597.92,1597.87,1597.92,0.0,55.01,86940.64,1
2025-03-20,2025-03-20 11:58:00,1597.92,1597.97,1597.92,1597.97,0.0,55.01,86940.64,1
2025-03-20,2025-03-20 11:59:00,1597.97,1598.02,1597.97,1598.02,0.0,55.01,86940.64,1
2025-03-20,2025-03-20 12:00:00,1598.02,1598.07,1598.02,1598.07,0.0,55.01,86940.64,1
2025-03-20,2025-03-20 12:01:00,1598.07,1598.11,1598.07,1598.11,0.0,55.01,86940.64,1
2025-03-20,2025-03-20 12:02:00,1598.11,1598.16,1598.11,1598.16,0.0,55.01,86940.64,1
2025-03-20,2025-03-20 12:03:00,1598.16,1598.21,1598.16,1598.21,0.0,55.01,86940.64,1
2025-03-20,2025-03-20 12:04:00,1598.21,1598.26,1598.21,1598.26,0.0,55.01,86940.64,1
2025-03-20,2025-03-20 12:05:00,1598.26,1598.31,1598.26,1598.31,0.0,55.01,86940.64,1
2025-03-20,2025-03-20 12:06:00,1598.31,1598.36,1598.31,1598.36,0.0,55.01,86940.64,1
2025-03-20,2025-03-20 12:07:00,1598.36,1598.41,1598.36,1598.41,0.0,55.01,86940.64,1
2025-03-20,2025-03-20 12:08:00,1598.41,1598.46,1598.41,1598.46,0.0,55.01,86940.64,1
2025-03-20,2025-03-20 12:09:00,1598.46,1598.5,1598.46,1598.5,0.0,55.01,86940.64,1
2025-03-20,2025-03-20 12:10:00,1598.5,1598.55,1598.5,1598.55,0.0,55.01,86940.64,1
2025-03-20,2025-03-20 12:11:00,1598.55,1598.6,1598.55,1598.6,0.0,55.01,86940.64,1
2025-03-20,2025-03-20 12:12:00,1598.6,1598.65,1598.6,1598.65,0.0,55.01,86940.64,1
2025-03-20,2025-03-20 12:13:00,1598.65,1598.7,1598.65,1598.7,0.0,55.01,86940.64,1
2025-03-20,2025-03-20 12:14:00,1598.7,1598.75,1598.7,1598.75,0.0,55.01,86940.64,1
2025-03-20,2025-03-20 12:15:00,1598.75,1598.8,1598.75,1598.8,0.0,55.01,86940.64,1
2025-03-20,2025-03-20 12:16:00,1598.8,1598.84,1598.8,1598.84,0.0,55.01,86940.64,1
2025-03-20,2025-03-20 12:17:00,1598.84,1598.89,1598.84,1598.89,0.0,55.01,86940.64,1
2025-03-20,2025-03-20 12:18:00,1598.89,1598.94,1598.89,1598.94,0.0,55.01,86940.64,1
2025-03-20,2025-03-20 12:19:00,1598.94,1598.99,1598.94,1598.99,0.0,55.01,86940.64,1
2025-03-20,2025-03-20 12:20:00,1598.99,1599.04,1598.99,1599.04,0.0,55.01,86940.64,1
2025-03-20,2025-03-20 12:21:00,1599.04,1599.09,1599.04,1599.09,0.0,55.01,86940.64,1
2025-03-20,2025-03-20 12:22:00,1599.09,1599.14,1599.09,1599.14,0.0,55.01,86940.64,1
2025-03-20,2025-03-20 12:23:00,1599.14,1599.18,1599.14,1599.18,0.0,55.01,86940.64,1
2025-03-20,2025-03-20 12:24:00,1599.18,1599.23,1599.18,1599.23,0.0,55.01,86940.64,1
2025-03-20,2025-03-20 12:25:00,1599.23,1599.28,1599.23,1599.28,0.0,55.01,86940.64,1
2025-03-20,2025-03-20 12:26:00,1599.28,1599.33,1599.28,1599.33,0.0,55.01,86940.64,1
2025-03-20,2025-03-20 12:27:00,1599.33,1599.38,1599.33,1599.38,0.0,55.01,86940.64,1
2025-03-20,2025-03-20 12:28:00,1599.38,1599.43,1599.38,1599.43,0.0,55.01,86940.64,1
2025-03-20,2025-03-20 12:29:00,1599.43,1599.48,1599.43,1599.48,0.0,55.01,86940.64,1
2025-03-20,2025-03-20 12:30:00,1599.48,1599.52,1599.48,1599.52,0.0,55.01,86940.64,1
2025-03-20,2025-03-20 12:31:00,1599.52,1599.57,1599.52,1599.57,0.0,55.01,86940.64,1
2025-03-20,2025-03-20 12:32:00,1599.57,1599.62,1599.57,1599.62,0.0,55.01,86940.64,1
2025-03-20,2025-03-20 12:33:00,1599.62,1599.67,1599.62,1599.67,0.0,55.01,86940.64,1
2025-03-20,2025-03-20 12:34:00,1599.67,1599.72,1599.67,1599.72,0.0,55.01,86940.64,1
2025-03-20,2025-03-20 12:35:00,1599.72,1599.77,1599.72,1599.77,0.0,55.01,86940.64,1
2025-03-20,2025-03-20 12:36:00,1599.77,1599.82,1599.77,1599.82,0.0,55.01,86940.64,1
2025-03-20,2025-03-20 12:37:00,1599.82,1599.87,1599.82,1599.87,0.0,55.01,86940.64,1
2025-03-20,2025-03-20 12:38:00,1599.87,1599.91,1599.87,1599.91,0.0,55.01,86940.64,1
2025-03-20,2025-03-20 12:39:00,1599.91,1599.96,1599.91,1599.96,0.0,55.01,86940.64,1
2025-03-20,2025-03-20 12:40:00,1599.96,1600.01,1599.96,1600.01,0.0,55.01,86940.64,1
2025-03-20,2025-03-20 12:41:00,1600.01,1600.06,1600.01,1600.06,0.0,55.01,86940.64,1
2025-03-20,2025-03-20 12:42:00,1600.06,1600.11,1600.06,1600.11,0.0,55.01,86940.64,1
2025-03-20,2025-03-20 12:43:00,1600.11,1600.16,1600.11,1600.16,0.0,55.01,86940.64,1
2025-03-20,2025-03-20 12:44:00,1600.16,1600.21,1600.16,1600.21,0.0,55.01,86940.64,1
2025-03-20,2025-03-20 12:45:00,1600.21,1600.25,1600.21,1600.25,0.0,55.01,86940.64,1
2025-03-20,2025-03-20 12:46:00,1600.25,1600.3,1600.25,1600.3,0.0,55.01,86940.64,1
2025-03-20,2025-03-20 12:47:00,1600.3,1600.35,1600.3,1600.35,0.0,55.01,86940.64,1
2025-03-20,2025-03-20 12:48:00,1600.35,1600.4,1600.35,1600.4,0.0,55.01,86940.64,1
2025-03-20,2025-03-20 12:49:00,1600.4,1600.45,1600.4,1600.45,0.0,55.01,86940.64,1
2025-03-20,2025-03-20 12:50:00,1600.45,1600.5,1600.45,1600.5,0.0,55.01,86940.64,1
2025-03-20,2025-03-20 12:51:00,1600.5,1600.55,1600.5,1600.55,0.0,55.01,86940.64,1
2025-03-20,2025-03-20 12:52:00,1600.55,1600.59,1600.55,1600.59,0.0,55.01,86940.64,1
2025-03-20,2025-03-20 12:53:00,1600.59,1600.64,1600.59,1600.64,0.0,55.01,86940.64,1
2025-03-20,2025-03-20 12:54:00,1600.64,1600.69,1600.64,1600.69,0.0,55.01,86940.64,1
2025-03-20,2025-03-20 12:55:00,1600.69,1600.74,1600.69,1600.74,0.0,55.01,86940.64,1
2025-03-20,2025-03-20 12:56:00,1600.74,1600.79,1600.74,1600.79,0.0,55.01,86940.64,1
2025-03-20,2025-03-20 12:57:00,1600.79,1600.84,1600.79,1600.84,0.0,55.01,86940.64,1
2025-03-20,2025-03-20 12:58:00,1600.84,1600.89,1600.84,1600.89,0.0,55.01,86940.64,1
2025-03-20,2025-03-20 12:59:00,1600.89,1600.93,1600.89,1600.93,0.0,55.01,86940.64,1
2025-03-20,2025-03-20 13:00:00,1600.93,1645.0,1565.1,1600.98,0.0,55.01,86940.64,1
2025-03-20,2025-03-20 13:01:00,1600.98,1601.03,1600.98,1601.03,0.0,55.01,86940.64,1
2025-03-20,2025-03-20 13:02:00,1601.03,1601.08,1601.03,1601.08,0.0,55.01,86940.64,1
2025-03-20,2025-03-20 13:03:00,1601.08,1601.13,1601.08,1601.13,0.0,55.01,86940.64,1
2025-03-20,2025-03-20 13:04:00,1601.13,1601.18,1601.13,1601.18,0.0,55.01,86940.64,1
2025-03-20,2025-03-20 13:05:00,1601.18,1601.23,1601.18,1601.23,0.0,55.01,86940.64,1
2025-03-20,2025-03-20 13:06:00,1601.23,1601.28,1601.23,1601.28,0.0,55.01,86940.64,1
2025-03-20,2025-03-20 13:07:00,1601.28,1601.32,1601.28,1601.32,0.0,55.01,86940.64,1
2025-03-20,2025-03-20 13:08:00,1601.32,1601.37,1601.32,1601.37,0.0,55.01,86940.64,1
2025-03-20,2025-03-20 13:09:00,1601.37,1601.42,1601.37,1601.42,0.0,55.01,86940.64,1
2025-03-20,2025-03-20 13:10:00,1601.42,1601.47,1601.42,1601.47,0.0,55.01,86940.64,1
2025-03-20,2025-03-20 13:11:00,1601.47,1601.52,1601.47,1601.52,0.0,55.01,86940.64,1
2025-03-20,2025-03-20 13:12:00,1601.52,1601.57,1601.52,1601.57,0.0,55.01,86940.64,1
2025-03-20,2025-03-20 13:13:00,1601.57,1601.62,1601.57,1601.62,0.0,55.01,86940.64,1
2025-03-20,2025-03-20 13:14:00,1601.62,1601.66,1601.62,1601.66,0.0,55.01,86940.64,1
2025-03-20,2025-03-20 13:15:00,1601.66,1601.71,1601.66,1601.71,0.0,55.01,86940.64,1
2025-03-20,2025-03-20 13:16:00,1601.71,1601.76,1601.71,1601.76,0.0,55.01,86940.64,1
2025-03-20,2025-03-20 13:17:00,1601.76,1601.81,1601.76,1601.81,0.0,55.01,86940.64,1
2025-03-20,2025-03-20 13:18:00,1601.81,1601.86,1601.81,1601.86,0.0,55.01,86940.64,1
2025-03-20,2025-03-20 13:19:00,1601.86,1601.91,1601.86,1601.91,0.0,55.01,86940.64,1
2025-03-20,2025-03-20 13:20:00,1601.91,1601.96,1601.91,1601.96,0.0,55.01,86940.64,1
2025-03-20,2025-03-20 13:21:00,1601.96,1602.0,1601.96,1602.0,0.0,55.01,86940.64,1
2025-03-20,2025-03-20 13:22:00,1602.0,1602.05,1602.0,1602.05,0.0,55.01,86940.64,1
2025-03-20,2025-03-20 13:23:00,1602.05,1602.1,1602.05,1602.1,0.0,55.01,86940.64,1
2025-03-20,2025-03-20 13:24:00,1602.1,1602.15,1602.1,1602.15,0.0,55.01,86940.64,1
2025-03-20,2025-03-20 13:25:00,1602.15,1602.2,1602.15,1602.2,0.0,55.01,86940.64,1
2025-03-20,2025-03-20 13:26:00,1602.2,1602.25,1602.2,1602.25,0.0,55.01,86940.64,1
2025-03-20,2025-03-20 13:27:00,1602.25,1602.3,1602.25,1602.3,0.0,55.01,86940.64,1
2025-03-20,2025-03-20 13:28:00,1602.3,1602.35,1602.3,1602.35,0.0,55.01,86940.64,1
2025-03-20,2025-03-20 13:29:00,1602.35,1602.39,1602.35,1602.39,0.0,55.01,86940.64,1
2025-03-20,2025-03-20 13:30:00,1602.39,1602.44,1602.39,1602.44,0.0,55.01,86940.64,1
2025-03-20,2025-03-20 13:31:00,1602.44,1602.49,1602.44,1602.49,0.0,55.01,86940.64,1
2025-03-20,2025-03-20 13:32:00,1602.49,1602.54,1602.49,1602.54,0.0,55.01,86940.64,1
2025-03-20,2025-03-20 13:33:00,1602.54,1602.59,1602.54,1602.59,0.0,55.01,86940.64,1
2025-03-20,2025-03-20 13:34:00,1602.59,1602.64,1602.59,1602.64,0.0,55.01,86940.64,1
2025-03-20,2025-03-20 13:35:00,1602.64,1602.69,1602.64,1602.69,0.0,55.01,86940.64,1
2025-03-20,2025-03-20 13:36:00,1602.69,1602.73,1602.69,1602.73,0.0,55.01,86940.64,1
2025-03-20,2025-03-20 13:37:00,1602.73,1602.78,1602.73,1602.78,0.0,55.01,86940.64,1
2025-03-20,2025-03-20 13:38:00,1602.78,1602.83,1602.78,1602.83,0.0,55.01,86940.64,1
2025-03-20,2025-03-20 13:39:00,1602.83,1602.88,1602.83,1602.88,0.0,55.01,86940.64,1
2025-03-20,2025-03-20 13:40:00,1602.88,1602.93,1602.88,1602.93,0.0,55.01,86940.64,1
2025-03-20,2025-03-20 13:41:00,1602.93,1602.98,1602.93,1602.98,0.0,55.01,86940.64,1
2025-03-20,2025-03-20 13:42:00,1602.98,1603.03,1602.98,1603.03,0.0,55.01,86940.64,1
2025-03-20,2025-03-20 13:43:00,1603.03,1603.07,1603.03,1603.07,0.0,55.01,86940.64,1
2025-03-20,2025-03-20 13:44:00,1603.07,1603.12,1603.07,1603.12,0.0,55.01,86940.64,1
2025-03-20,2025-03-20 13:45:00,1603.12,1603.17,1603.12,1603.17,0.0,55.01,86940.64,1
2025-03-20,2025-03-20 13:46:00,1603.17,1603.22,1603.17,1603.22,0.0,55.01,86940.64,1
2025-03-20,2025-03-20 13:47:00,1603.22,1603.27,1603.22,1603.27,0.0,55.01,86940.64,1
2025-03-20,2025-03-20 13:48:00,1603.27,1603.32,1603.27,1603.32,0.0,55.01,86940.64,1
2025-03-20,2025-03-20 13:49:00,1603.32,1603.37,1603.32,1603.37,0.0,55.01,86940.64,1
2025-03-20,2025-03-20 13:50:00,1603.37,1603.41,1603.37,1603.41,0.0,55.01,86940.64,1
2025-03-20,2025-03-20 13:51:00,1603.41,1603.46,1603.41,1603.46,0.0,55.01,86940.64,1
2025-03-20,2025-03-20 13:52:00,1603.46,1603.51,1603.46,1603.51,0.0,55.01,86940.64,1
2025-03-20,2025-03-20 13:53:00,1603.51,1603.56,1603.51,1603.56,0.0,55.01,86940.64,1
2025-03-20,2025-03-20 13:54:00,1603.56,1603.61,1603.56,1603.61,0.0,55.01,86940.64,1
2025-03-20,2025-03-20 13:55:00,1603.61,1603.66,1603.61,1603.66,0.0,55.01,86940.64,1
2025-03-20,2025-03-20 13:56:00,1603.66,1603.71,1603.66,1603.71,0.0,55.01,86940.64,1
2025-03-20,2025-03-20 13:57:00,1603.71,1603.76,1603.71,1603.76,0.0,55.01,86940.64,1
2025-03-20,2025-03-20 13:58:00,1603.76,1603.8,1603.76,1603.8,0.0,55.01,86940.64,1
2025-03-20,2025-03-20 13:59:00,1603.8,1603.85,1603.8,1603.85,0.0,55.01,86940.64,1
2025-03-20,2025-03-20 14:00:00,1603.85,1603.9,1603.85,1603.9,0.0,55.01,86940.64,1
2025-03-20,2025-03-20 14:01:00,1603.9,1603.95,1603.9,1603.95,0.0,55.01,86940.64,1
2025-03-20,2025-03-20 14:02:00,1603.95,1604.0,1603.95,1604.0,0.0,55.01,86940.64,1
2025-03-20,2025-03-20 14:03:00,1604.0,1604.05,1604.0,1604.05,0.0,55.01,86940.64,1
2025-03-20,2025-03-20 14:04:00,1604.05,1604.1,1604.05,1604.1,0.0,55.01,86940.64,1
2025-03-20,2025-03-20 14:05:00,1604.1,1604.14,1604.1,1604.14,0.0,55.01,86940.64,1
2025-03-20,2025-03-20 14:06:00,1604.14,1604.19,1604.14,1604.19,0.0,55.01,86940.64,1
2025-03-20,2025-03-20 14:07:00,1604.19,1604.24,1604.19,1604.24,0.0,55.01,86940.64,1
2025-03-20,2025-03-20 14:08:00,1604.24,1604.29,1604.24,1604.29,0.0,55.01,86940.64,1
2025-03-20,2025-03-20 14:09:00,1604.29,1604.34,1604.29,1604.34,0.0,55.01,86940.64,1
2025-03-20,2025-03-20 14:10:00,1604.34,1604.39,1604.34,1604.39,0.0,55.01,86940.64,1
2025-03-20,2025-03-20 14:11:00,1604.39,1604.44,1604.39,1604.44,0.0,55.01,86940.64,1
2025-03-20,2025-03-20 14:12:00,1604.44,1604.48,1604.44,1604.48,0.0,55.01,86940.64,1
2025-03-20,2025-03-20 14:13:00,1604.48,1604.53,1604.48,1604.53,0.0,55.01,86940.64,1
2025-03-20,2025-03-20 14:14:00,1604.53,1604.58,1604.53,1604.58,0.0,55.01,86940.64,1
2025-03-20,2025-03-20 14:15:00,1604.58,1604.63,1604.58,1604.63,0.0,55.01,86940.64,1
2025-03-20,2025-03-20 14:16:00,1604.63,1604.68,1604.63,1604.68,0.0,55.01,86940.64,1
2025-03-20,2025-03-20 14:17:00,1604.68,1604.73,1604.68,1604.73,0.0,55.01,86940.64,1
2025-03-20,2025-03-20 14:18:00,1604.73,1604.78,1604.73,1604.78,0.0,55.01,86940.64,1
2025-03-20,2025-03-20 14:19:00,1604.78,1604.83,1604.78,1604.83,0.0,55.01,86940.64,1
2025-03-20,2025-03-20 14:20:00,1604.83,1604.87,1604.83,1604.87,0.0,55.01,86940.64,1
2025-03-20,2025-03-20 14:21:00,1604.87,1604.92,1604.87,1604.92,0.0,55.01,86940.64,1
2025-03-20,2025-03-20 14:22:00,1604.92,1604.97,1604.92,1604.97,0.0,55.01,86940.64,1
2025-03-20,2025-03-20 14:23:00,1604.97,1605.02,1604.97,1605.02,0.0,55.01,86940.64,1
2025-03-20,2025-03-20 14:24:00,1605.02,1605.07,1605.02,1605.07,0.0,55.01,86940.64,1
2025-03-20,2025-03-20 14:25:00,1605.07,1605.12,1605.07,1605.12,0.0,55.01,86940.64,1
2025-03-20,2025-03-20 14:26:00,1605.12,1605.17,1605.12,1605.17,0.0,55.01,86940.64,1
2025-03-20,2025-03-20 14:27:00,1605.17,1605.21,1605.17,1605.21,0.0,55.01,86940.64,1
2025-03-20,2025-03-20 14:28:00,1605.21,1605.26,1605.21,1605.26,0.0,55.01,86940.64,1
2025-03-20,2025-03-20 14:29:00,1605.26,1605.31,1605.26,1605.31,0.0,55.01,86940.64,1
2025-03-20,2025-03-20 14:30:00,1605.31,1605.36,1605.31,1605.36,0.0,55.01,86940.64,1
2025-03-20,2025-03-20 14:31:00,1605.36,1605.41,1605.36,1605.41,0.0,55.01,86940.64,1
2025-03-20,2025-03-20 14:32:00,1605.41,1605.46,1605.41,1605.46,0.0,55.01,86940.64,1
2025-03-20,2025-03-20 14:33:00,1605.46,1605.51,1605.46,1605.51,0.0,55.01,86940.64,1
2025-03-20,2025-03-20 14:34:00,1605.51,1605.55,1605.51,1605.55,0.0,55.01,86940.64,1
2025-03-20,2025-03-20 14:35:00,1605.55,1605.6,1605.55,1605.6,0.0,55.01,86940.64,1
2025-03-20,2025-03-20 14:36:00,1605.6,1605.65,1605.6,1605.65,0.0,55.01,86940.64,1
2025-03-20,2025-03-20 14:37:00,1605.65,1605.7,1605.65,1605.7,0.0,55.01,86940.64,1
2025-03-20,2025-03-20 14:38:00,1605.7,1605.75,1605.7,1605.75,0.0,55.01,86940.64,1
2025-03-20,2025-03-20 14:39:00,1605.75,1605.8,1605.75,1605.8,0.0,55.01,86940.64,1
2025-03-20,2025-03-20 14:40:00,1605.8,1605.85,1605.8,1605.85,0.0,55.01,86940.64,1
2025-03-20,2025-03-20 14:41:00,1605.85,1605.89,1605.85,1605.89,0.0,55.01,86940.64,1
2025-03-20,2025-03-20 14:42:00,1605.89,1605.94,1605.89,1605.94,0.0,55.01,86940.64,1
2025-03-20,2025-03-20 14:43:00,1605.94,1605.99,1605.94,1605.99,0.0,55.01,86940.64,1
2025-03-20,2025-03-20 14:44:00,1605.99,1606.04,1605.99,1606.04,0.0,55.01,86940.64,1
2025-03-20,2025-03-20 14:45:00,1606.04,1606.09,1606.04,1606.09,0.0,55.01,86940.64,1
2025-03-20,2025-03-20 14:46:00,1606.09,1606.14,1606.09,1606.14,0.0,55.01,86940.64,1
2025-03-20,2025-03-20 14:47:00,1606.14,1606.19,1606.14,1606.19,0.0,55.01,86940.64,1
2025-03-20,2025-03-20 14:48:00,1606.19,1606.24,1606.19,1606.24,0.0,55.01,86940.64,1
2025-03-20,2025-03-20 14:49:00,1606.24,1606.28,1606.24,1606.28,0.0,55.01,86940.64,1
2025-03-20,2025-03-20 14:50:00,1606.28,1606.33,1606.28,1606.33,0.0,55.01,86940.64,1
2025-03-20,2025-03-20 14:51:00,1606.33,1606.38,1606.33,1606.38,0.0,55.01,86940.64,1
2025-03-20,2025-03-20 14:52:00,1606.38,1606.43,1606.38,1606.43,0.0,55.01,86940.64,1
2025-03-20,2025-03-20 14:53:00,1606.43,1606.48,1606.43,1606.48,0.0,55.01,86940.64,1
2025-03-20,2025-03-20 14:54:00,1606.48,1606.53,1606.48,1606.53,0.0,55.01,86940.64,1
2025-03-20,2025-03-20 14:55:00,1606.53,1606.58,1606.53,1606.58,0.0,55.01,86940.64,1
2025-03-20,2025-03-20 14:56:00,1606.58,1606.62,1606.58,1606.62,0.0,55.01,86940.64,1
2025-03-20,2025-03-20 14:57:00,1606.62,1606.67,1606.62,1606.67,0.0,55.01,86940.64,1
2025-03-20,2025-03-20 14:58:00,1606.67,1606.72,1606.67,1606.72,0.0,55.01,86940.64,1
2025-03-20,2025-03-20 14:59:00,1606.72,1606.77,1606.72,1606.77,0.0,55.01,86940.64,1
2025-03-20,2025-03-20 15:00:00,1606.77,1645.0,1565.1,1606.77,0.0,55.01,86940.64,0
2025-03-23,2025-03-23 11:00:00,1606.77,1606.77,1595.74,1606.62,-0.01,7.42,11717.38,-1
2025-03-23,2025-03-23 11:01:00,1606.62,1606.62,1606.48,1606.48,-0.01,7.42,11717.38,-1
2025-03-23,2025-03-23 11:02:00,1606.48,1606.48,1606.33,1606.33,-0.01,7.42,11717.38,-1
2025-03-23,2025-03-23 11:03:00,1606.33,1606.33,1606.19,1606.19,-0.01,7.42,11717.38,-1
2025-03-23,2025-03-23 11:04:00,1606.19,1606.19,1606.04,1606.04,-0.01,7.42,11717.38,-1
2025-03-23,2025-03-23 11:05:00,1606.04,1606.04,1605.9,1605.9,-0.01,7.42,11717.38,-1
2025-03-23,2025-03-23 11:06:00,1605.9,1605.9,1605.75,1605.75,-0.01,7.42,11717.38,-1
2025-03-23,2025-03-23 11:07:00,1605.75,1605.75,1605.61,1605.61,-0.01,7.42,11717.38,-1
2025-03-23,2025-03-23 11:08:00,1605.61,1605.61,1605.46,1605.46,-0.01,7.42,11717.38,-1
2025-03-23,2025-03-23 11:09:00,1605.46,1605.46,1605.32,1605.32,-0.01,7.42,11717.38,-1
2025-03-23,2025-03-23 11:10:00,1605.32,1605.32,1605.17,1605.17,-0.01,7.42,11717.38,-1
2025-03-23,2025-03-23 11:11:00,1605.17,1605.17,1605.03,1605.03,-0.01,7.42,11717.38,-1
2025-03-23,2025-03-23 11:12:00,1605.03,1605.03,1604.88,1604.88,-0.01,7.42,11717.38,-1
2025-03-23,2025-03-23 11:13:00,1604.88,1604.88,1604.74,1604.74,-0.01,7.42,11717.38,-1
2025-03-23,2025-03-23 11:14:00,1604.74,1604.74,1604.59,1604.59,-0.01,7.42,11717.38,-1
2025-03-23,2025-03-23 11:15:00,1604.59,1604.59,1604.45,1604.45,-0.01,7.42,11717.38,-1
2025-03-23,2025-03-23 11:16:00,1604.45,1604.45,1604.3,1604.3,-0.01,7.42,11717.38,-1
2025-03-23,2025-03-23 11:17:00,1604.3,1604.3,1604.16,1604.16,-0.01,7.42,11717.38,-1
2025-03-23,2025-03-23 11:18:00,1604.16,1604.16,1604.01,1604.01,-0.01,7.42,11717.38,-1
2025-03-23,2025-03-23 11:19:00,1604.01,1604.01,1603.87,1603.87,-0.01,7.42,11717.38,-1
2025-03-23,2025-03-23 11:20:00,1603.87,1603.87,1603.72,1603.72,-0.01,7.42,11717.38,-1
2025-03-23,2025-03-23 11:21:00,1603.72,1603.72,1603.58,1603.58,-0.01,7.42,11717.38,-1
2025-03-23,2025-03-23 11:22:00,1603.58,1603.58,1603.43,1603.43,-0.01,7.42,11717.38,-1
2025-03-23,2025-03-23 11:23:00,1603.43,1603.43,1603.29,1603.29,-0.01,7.42,11717.38,-1
2025-03-23,2025-03-23 11:24:00,1603.29,1603.29,1603.14,1603.14,-0.01,7.42,11717.38,-1
2025-03-23,2025-03-23 11:25:00,1603.14,1603.14,1603.0,1603.0,-0.01,7.42,11717.38,-1
2025-03-23,2025-03-23 11:26:00,1603.0,1603.0,1602.85,1602.85,-0.01,7.42,11717.38,-1
2025-03-23,2025-03-23 11:27:00,1602.85,1602.85,1602.71,1602.71,-0.01,7.42,11717.38,-1
2025-03-23,2025-03-23 11:28:00,1602.71,1602.71,1602.56,1602.56,-0.01,7.42,11717.38,-1
2025-03-23,2025-03-23 11:29:00,1602.56,1602.56,1602.42,1602.42,-0.01,7.42,11717.38,-1
2025-03-23,2025-03-23 11:30:00,1602.42,1602.42,1602.27,1602.27,-0.01,7.42,11717.38,-1
2025-03-23,2025-03-23 11:31:00,1602.27,1602.27,1602.13,1602.13,-0.01,7.42,11717.38,-1
2025-03-23,2025-03-23 11:32:00,1602.13,1602.13,1601.98,1601.98,-0.01,7.42,11717.38,-1
2025-03-23,2025-03-23 11:33:00,1601.98,1601.98,1601.84,1601.84,-0.01,7.42,11717.38,-1
2025-03-23,2025-03-23 11:34:00,1601.84,1601.84,1601.69,1601.69,-0.01,7.42,11717.38,-1
2025-03-23,2025-03-23 11:35:00,1601.69,1601.69,1601.55,1601.55,-0.01,7.42,11717.38,-1
2025-03-23,2025-03-23 11:36:00,1601.55,1601.55,1601.4,1601.4,-0.01,7.42,11717.38,-1
2025-03-23,2025-03-23 11:37:00,1601.4,1601.4,1601.26,1601.26,-0.01,7.42,11717.38,-1
2025-03-23,2025-03-23 11:38:00,1601.26,1601.26,1601.11,1601.11,-0.01,7.42,11717.38,-1
2025-03-23,2025-03-23 11:39:00,1601.11,1601.11,1600.97,1600.97,-0.01,7.42,11717.38,-1
2025-03-23,2025-03-23 11:40:00,1600.97,1600.97,1600.82,1600.82,-0.01,7.42,11717.38,-1
2025-03-23,2025-03-23 11:41:00,1600.82,1600.82,1600.68,1600.68,-0.01,7.42,11717.38,-1
2025-03-23,2025-03-23 11:42:00,1600.68,1600.68,1600.53,1600.53,-0.01,7.42,11717.38,-1
2025-03-23,2025-03-23 11:43:00,1600.53,1600.53,1600.39,1600.39,-0.01,7.42,11717.38,-1
2025-03-23,2025-03-23 11:44:00,1600.39,1600.39,1600.24,1600.24,-0.01,7.42,11717.38,-1
2025-03-23,2025-03-23 11:45:00,1600.24,1600.24,1600.1,1600.1,-0.01,7.42,11717.38,-1
2025-03-23,2025-03-23 11:46:00,1600.1,1600.1,1599.95,1599.95,-0.01,7.42,11717.38,-1
2025-03-23,2025-03-23 11:47:00,1599.95,1599.95,1599.81,1599.81,-0.01,7.42,11717.38,-1
2025-03-23,2025-03-23 11:48:00,1599.81,1599.81,1599.66,1599.66,-0.01,7.42,11717.38,-1
2025-03-23,2025-03-23 11:49:00,1599.66,1599.66,1599.52,1599.52,-0.01,7.42,11717.38,-1
2025-03-23,2025-03-23 11:50:00,1599.52,1599.52,1599.37,1599.37,-0.01,7.42,11717.38,-1
2025-03-23,2025-03-23 11:51:00,1599.37,1599.37,1599.23,1599.23,-0.01,7.42,11717.38,-1
2025-03-23,2025-03-23 11:52:00,1599.23,1599.23,1599.08,1599.08,-0.01,7.42,11717.38,-1
2025-03-23,2025-03-23 11:53:00,1599.08,1599.08,1598.94,1598.94,-0.01,7.42,11717.38,-1
2025-03-23,2025-03-23 11:54:00,1598.94,1598.94,1598.79,1598.79,-0.01,7.42,11717.38,-1
2025-03-23,2025-03-23 11:55:00,1598.79,1598.79,1598.65,1598.65,-0.01,7.42,11717.38,-1
2025-03-23,2025-03-23 11:56:00,1598.65,1598.65,1598.5,1598.5,-0.01,7.42,11717.38,-1
2025-03-23,2025-03-23 11:57:00,1598.5,1598.5,1598.36,1598.36,-0.01,7.42,11717.38,-1
2025-03-23,2025-03-23 11:58:00,1598.36,1598.36,1598.21,1598.21,-0.01,7.42,11717.38,-1
2025-03-23,2025-03-23 11:59:00,1598.21,1598.21,1598.07,1598.07,-0.01,7.42,11717.38,-1
2025-03-23,2025-03-23 12:00:00,1598.07,1598.07,1597.92,1597.92,-0.01,7.42,11717.38,-1
2025-03-23,2025-03-23 12:01:00,1597.92,1597.92,1597.78,1597.78,-0.01,7.42,11717.38,-1
2025-03-23,2025-03-23 12:02:00,1597.78,1597.78,1597.63,1597.63,-0.01,7.42,11717.38,-1
2025-03-23,2025-03-23 12:03:00,1597.63,1597.63,1597.49,1597.49,-0.01,7.42,11717.38,-1
2025-03-23,2025-03-23 12:04:00,1597.49,1597.49,1597.34,1597.34,-0.01,7.42,11717.38,-1
2025-03-23,2025-03-23 12:05:00,1597.34,1597.34,1597.2,1597.2,-0.01,7.42,11717.38,-1
2025-03-23,2025-03-23 12:06:00,1597.2,1597.2,1597.05,1597.05,-0.01,7.42,11717.38,-1
2025-03-23,2025-03-23 12:07:00,1597.05,1597.05,1596.91,1596.91,-0.01,7.42,11717.38,-1
2025-03-23,2025-03-23 12:08:00,1596.91,1596.91,1596.76,1596.76,-0.01,7.42,11717.38,-1
2025-03-23,2025-03-23 12:09:00,1596.76,1596.76,1596.62,1596.62,-0.01,7.42,11717.38,-1
2025-03-23,2025-03-23 12:10:00,1596.62,1596.62,1596.47,1596.47,-0.01,7.42,11717.38,-1
2025-03-23,2025-03-23 12:11:00,1596.47,1596.47,1596.33,1596.33,-0.01,7.42,11717.38,-1
2025-03-23,2025-03-23 12:12:00,1596.33,1596.33,1596.18,1596.18,-0.01,7.42,11717.38,-1
2025-03-23,2025-03-23 12:13:00,1596.18,1596.18,1596.04,1596.04,-0.01,7.42,11717.38,-1
2025-03-23,2025-03-23 12:14:00,1596.04,1596.04,1595.89,1595.89,-0.01,7.42,11717.38,-1
2025-03-23,2025-03-23 12:15:00,1595.89,1595.89,1595.75,1595.75,-0.01,7.42,11717.38,-1
2025-03-23,2025-03-23 12:16:00,1595.75,1595.75,1595.6,1595.6,-0.01,7.42,11717.38,-1
2025-03-23,2025-03-23 12:17:00,1595.6,1595.6,1595.46,1595.46,-0.01,7.42,11717.38,-1
2025-03-23,2025-03-23 12:18:00,1595.46,1595.46,1595.31,1595.31,-0.01,7.42,11717.38,-1
2025-03-23,2025-03-23 12:19:00,1595.31,1595.31,1595.17,1595.17,-0.01,7.42,11717.38,-1
2025-03-23,2025-03-23 12:20:00,1595.17,1595.17,1595.02,1595.02,-0.01,7.42,11717.38,-1
2025-03-23,2025-03-23 12:21:00,1595.02,1595.02,1594.88,1594.88,-0.01,7.42,11717.38,-1
2025-03-23,2025-03-23 12:22:00,1594.88,1594.88,1594.73,1594.73,-0.01,7.42,11717.38,-1
2025-03-23,2025-03-23 12:23:00,1594.73,1594.73,1594.59,1594.59,-0.01,7.42,11717.38,-1
2025-03-23,2025-03-23 12:24:00,1594.59,1594.59,1594.44,1594.44,-0.01,7.42,11717.38,-1
2025-03-23,2025-03-23 12:25:00,1594.44,1594.44,1594.3,1594.3,-0.01,7.42,11717.38,-1
2025-03-23,2025-03-23 12:26:00,1594.3,1594.3,1594.15,1594.15,-0.01,7.42,11717.38,-1
2025-03-23,2025-03-23 12:27:00,1594.15,1594.15,1594.01,1594.01,-0.01,7.42,11717.38,-1
2025-03-23,2025-03-23 12:28:00,1594.01,1594.01,1593.86,1593.86,-0.01,7.42,11717.38,-1
2025-03-23,2025-03-23 12:29:00,1593.86,1593.86,1593.72,1593.72,-0.01,7.42,11717.38,-1
2025-03-23,2025-03-23 12:30:00,1593.72,1593.72,1593.57,1593.57,-0.01,7.42,11717.38,-1
2025-03-23,2025-03-23 12:31:00,1593.57,1593.57,1593.43,1593.43,-0.01,7.42,11717.38,-1
2025-03-23,2025-03-23 12:32:00,1593.43,1593.43,1593.28,1593.28,-0.01,7.42,11717.38,-1
2025-03-23,2025-03-23 12:33:00,1593.28,1593.28,1593.14,1593.14,-0.01,7.42,11717.38,-1
2025-03-23,2025-03-23 12:34:00,1593.14,1593.14,1592.99,1592.99,-0.01,7.42,11717.38,-1
2025-03-23,2025-03-23 12:35:00,1592.99,1592.99,1592.85,1592.85,-0.01,7.42,11717.38,-1
2025-03-23,2025-03-23 12:36:00,1592.85,1592.85,1592.7,1592.7,-0.01,7.42,11717.38,-1
2025-03-23,2025-03-23 12:37:00,1592.7,1592.7,1592.56,1592.56,-0.01,7.42,11717.38,-1
2025-03-23,2025-03-23 12:38:00,1592.56,1592.56,1592.41,1592.41,-0.01,7.42,11717.38,-1
2025-03-23,2025-03-23 12:39:00,1592.41,1592.41,1592.27,1592.27,-0.01,7.42,11717.38,-1
2025-03-23,2025-03-23 12:40:00,1592.27,1592.27,1592.12,1592.12,-0.01,7.42,11717.38,-1
2025-03-23,2025-03-23 12:41:00,1592.12,1592.12,1591.98,1591.98,-0.01,7.42,11717.38,-1
2025-03-23,2025-03-23 12:42:00,1591.98,1591.98,1591.83,1591.83,-0.01,7.42,11717.38,-1
2025-03-23,2025-03-23 12:43:00,1591.83,1591.83,1591.69,1591.69,-0.01,7.42,11717.38,-1
2025-03-23,2025-03-23 12:44:00,1591.69,1591.69,1591.54,1591.54,-0.01,7.42,11717.38,-1
2025-03-23,2025-03-23 12:45:00,1591.54,1591.54,1591.4,1591.4,-0.01,7.42,11717.38,-1
2025-03-23,2025-03-23 12:46:00,1591.4,1591.4,1591.25,1591.25,-0.01,7.42,11717.38,-1
2025-03-23,2025-03-23 12:47:00,1591.25,1591.25,1591.11,1591.11,-0.01,7.42,11717.38,-1
2025-03-23,2025-03-23 12:48:00,1591.11,1591.11,1590.96,1590.96,-0.01,7.42,11717.38,-1
2025-03-23,2025-03-23 12:49:00,1590.96,1590.96,1590.82,1590.82,-0.01,7.42,11717.38,-1
2025-03-23,2025-03-23 12:50:00,1590.82,1590.82,1590.67,1590.67,-0.01,7.42,11717.38,-1
2025-03-23,2025-03-23 12:51:00,1590.67,1590.67,1590.53,1590.53,-0.01,7.42,11717.38,-1
2025-03-23,2025-03-23 12:52:00,1590.53,1590.53,1590.38,1590.38,-0.01,7.42,11717.38,-1
2025-03-23,2025-03-23 12:53:00,1590.38,1590.38,1590.24,1590.24,-0.01,7.42,11717.38,-1
2025-03-23,2025-03-23 12:54:00,1590.24,1590.24,1590.09,1590.09,-0.01,7.42,11717.38,-1
2025-03-23,2025-03-23 12:55:00,1590.09,1590.09,1589.95,1589.95,-0.01,7.42,11717.38,-1
2025-03-23,2025-03-23 12:56:00,1589.95,1589.95,1589.8,1589.8,-0.01,7.42,11717.38,-1
2025-03-23,2025-03-23 12:57:00,1589.8,1589.8,1589.66,1589.66,-0.01,7.42,11717.38,-1
2025-03-23,2025-03-23 12:58:00,1589.66,1589.66,1589.51,1589.51,-0.01,7.42,11717.38,-1
2025-03-23,2025-03-23 12:59:00,1589.51,1589.51,1589.37,1589.37,-0.01,7.42,11717.38,-1
2025-03-23,2025-03-23 13:00:00,1589.37,1606.77,1570.0,1589.22,-0.01,7.42,11717.38,-1
2025-03-23,2025-03-23 13:01:00,1589.22,1589.22,1589.07,1589.07,-0.01,7.42,11717.38,-1
2025-03-23,2025-03-23 13:02:00,1589.07,1589.07,1588.93,1588.93,-0.01,7.42,11717.38,-1
2025-03-23,2025-03-23 13:03:00,1588.93,1588.93,1588.78,1588.78,-0.01,7.42,11717.38,-1
2025-03-23,2025-03-23 13:04:00,1588.78,1588.78,1588.64,1588.64,-0.01,7.42,11717.38,-1
2025-03-23,2025-03-23 13:05:00,1588.64,1588.64,1588.49,1588.49,-0.01,7.42,11717.38,-1
2025-03-23,2025-03-23 13:06:00,1588.49,1588.49,1588.35,1588.35,-0.01,7.42,11717.38,-1
2025-03-23,2025-03-23 13:07:00,1588.35,1588.35,1588.2,1588.2,-0.01,7.42,11717.38,-1
2025-03-23,2025-03-23 13:08:00,1588.2,1588.2,1588.06,1588.06,-0.01,7.42,11717.38,-1
2025-03-23,2025-03-23 13:09:00,1588.06,1588.06,1587.91,1587.91,-0.01,7.42,11717.38,-1
2025-03-23,2025-03-23 13:10:00,1587.91,1587.91,1587.77,1587.77,-0.01,7.42,11717.38,-1
2025-03-23,2025-03-23 13:11:00,1587.77,1587.77,1587.62,1587.62,-0.01,7.42,11717.38,-1
2025-03-23,2025-03-23 13:12:00,1587.62,1587.62,1587.48,1587.48,-0.01,7.42,11717.38,-1
2025-03-23,2025-03-23 13:13:00,1587.48,1587.48,1587.33,1587.33,-0.01,7.42,11717.38,-1
2025-03-23,2025-03-23 13:14:00,1587.33,1587.33,1587.19,1587.19,-0.01,7.42,11717.38,-1
2025-03-23,2025-03-23 13:15:00,1587.19,1587.19,1587.04,1587.04,-0.01,7.42,11717.38,-1
2025-03-23,2025-03-23 13:16:00,1587.04,1587.04,1586.9,1586.9,-0.01,7.42,11717.38,-1
2025-03-23,2025-03-23 13:17:00,1586.9,1586.9,1586.75,1586.75,-0.01,7.42,11717.38,-1
2025-03-23,2025-03-23 13:18:00,1586.75,1586.75,1586.61,1586.61,-0.01,7.42,11717.38,-1
2025-03-23,2025-03-23 13:19:00,1586.61,1586.61,1586.46,1586.46,-0.01,7.42,11717.38,-1
2025-03-23,2025-03-23 13:20:00,1586.46,1586.46,1586.32,1586.32,-0.01,7.42,11717.38,-1
2025-03-23,2025-03-23 13:21:00,1586.32,1586.32,1586.17,1586.17,-0.01,7.42,11717.38,-1
2025-03-23,2025-03-23 13:22:00,1586.17,1586.17,1586.03,1586.03,-0.01,7.42,11717.38,-1
2025-03-23,2025-03-23 13:23:00,1586.03,1586.03,1585.88,1585.88,-0.01,7.42,11717.38,-1
2025-03-23,2025-03-23 13:24:00,1585.88,1585.88,1585.74,1585.74,-0.01,7.42,11717.38,-1
2025-03-23,2025-03-23 13:25:00,1585.74,1585.74,1585.59,1585.59,-0.01,7.42,11717.38,-1
2025-03-23,2025-03-23 13:26:00,1585.59,1585.59,1585.45,1585.45,-0.01,7.42,11717.38,-1
2025-03-23,2025-03-23 13:27:00,1585.45,1585.45,1585.3,1585.3,-0.01,7.42,11717.38,-1
2025-03-23,2025-03-23 13:28:00,1585.3,1585.3,1585.16,1585.16,-0.01,7.42,11717.38,-1
2025-03-23,2025-03-23 13:29:00,1585.16,1585.16,1585.01,1585.01,-0.01,7.42,11717.38,-1
2025-03-23,2025-03-23 13:30:00,1585.01,1585.01,1584.87,1584.87,-0.01,7.42,11717.38,-1
2025-03-23,2025-03-23 13:31:00,1584.87,1584.87,1584.72,1584.72,-0.01,7.42,11717.38,-1
2025-03-23,2025-03-23 13:32:00,1584.72,1584.72,1584.58,1584.58,-0.01,7.42,11717.38,-1
2025-03-23,2025-03-23 13:33:00,1584.58,1584.58,1584.43,1584.43,-0.01,7.42,11717.38,-1
2025-03-23,2025-03-23 13:34:00,1584.43,1584.43,1584.29,1584.29,-0.01,7.42,11717.38,-1
2025-03-23,2025-03-23 13:35:00,1584.29,1584.29,1584.14,1584.14,-0.01,7.42,11717.38,-1
2025-03-23,2025-03-23 13:36:00,1584.14,1584.14,1584.0,1584.0,-0.01,7.42,11717.38,-1
2025-03-23,2025-03-23 13:37:00,1584.0,1584.0,1583.85,1583.85,-0.01,7.42,11717.38,-1
2025-03-23,2025-03-23 13:38:00,1583.85,1583.85,1583.71,1583.71,-0.01,7.42,11717.38,-1
2025-03-23,2025-03-23 13:39:00,1583.71,1583.71,1583.56,1583.56,-0.01,7.42,11717.38,-1
2025-03-23,2025-03-23 13:40:00,1583.56,1583.56,1583.42,1583.42,-0.01,7.42,11717.38,-1
2025-03-23,2025-03-23 13:41:00,1583.42,1583.42,1583.27,1583.27,-0.01,7.42,11717.38,-1
2025-03-23,2025-03-23 13:42:00,1583.27,1583.27,1583.13,1583.13,-0.01,7.42,11717.38,-1
2025-03-23,2025-03-23 13:43:00,1583.13,1583.13,1582.98,1582.98,-0.01,7.42,11717.38,-1
2025-03-23,2025-03-23 13:44:00,1582.98,1582.98,1582.84,1582.84,-0.01,7.42,11717.38,-1
2025-03-23,2025-03-23 13:45:00,1582.84,1582.84,1582.69,1582.69,-0.01,7.42,11717.38,-1
2025-03-23,2025-03-23 13:46:00,1582.69,1582.69,1582.55,1582.55,-0.01,7.42,11717.38,-1
2025-03-23,2025-03-23 13:47:00,1582.55,1582.55,1582.4,1582.4,-0.01,7.42,11717.38,-1
2025-03-23,2025-03-23 13:48:00,1582.4,1582.4,1582.26,1582.26,-0.01,7.42,11717.38,-1
2025-03-23,2025-03-23 13:49:00,1582.26,1582.26,1582.11,1582.11,-0.01,7.42,11717.38,-1
2025-03-23,2025-03-23 13:50:00,1582.11,1582.11,1581.97,1581.97,-0.01,7.42,11717.38,-1
2025-03-23,2025-03-23 13:51:00,1581.97,1581.97,1581.82,1581.82,-0.01,7.42,11717.38,-1
2025-03-23,2025-03-23 13:52:00,1581.82,1581.82,1581.68,1581.68,-0.01,7.42,11717.38,-1
2025-03-23,2025-03-23 13:53:00,1581.68,1581.68,1581.53,1581.53,-0.01,7.42,11717.38,-1
2025-03-23,2025-03-23 13:54:00,1581.53,1581.53,1581.39,1581.39,-0.01,7.42,11717.38,-1
2025-03-23,2025-03-23 13:55:00,1581.39,1581.39,1581.24,1581.24,-0.01,7.42,11717.38,-1
2025-03-23,2025-03-23 13:56:00,1581.24,1581.24,1581.1,1581.1,-0.01,7.42,11717.38,-1
2025-03-23,2025-03-23 13:57:00,1581.1,1581.1,1580.95,1580.95,-0.01,7.42,11717.38,-1
2025-03-23,2025-03-23 13:58:00,1580.95,1580.95,1580.81,1580.81,-0.01,7.42,11717.38,-1
2025-03-23,2025-03-23 13:59:00,1580.81,1580.81,1580.66,1580.66,-0.01,7.42,11717.38,-1
2025-03-23,2025-03-23 14:00:00,1580.66,1580.66,1580.52,1580.52,-0.01,7.42,11717.38,-1
2025-03-23,2025-03-23 14:01:00,1580.52,1580.52,1580.37,1580.37,-0.01,7.42,11717.38,-1
2025-03-23,2025-03-23 14:02:00,1580.37,1580.37,1580.23,1580.23,-0.01,7.42,11717.38,-1
2025-03-23,2025-03-23 14:03:00,1580.23,1580.23,1580.08,1580.08,-0.01,7.42,11717.38,-1
2025-03-23,2025-03-23 14:04:00,1580.08,1580.08,1579.94,1579.94,-0.01,7.42,11717.38,-1
2025-03-23,2025-03-23 14:05:00,1579.94,1579.94,1579.79,1579.79,-0.01,7.42,11717.38,-1
2025-03-23,2025-03-23 14:06:00,1579.79,1579.79,1579.65,1579.65,-0.01,7.42,11717.38,-1
2025-03-23,2025-03-23 14:07:00,1579.65,1579.65,1579.5,1579.5,-0.01,7.42,11717.38,-1
2025-03-23,2025-03-23 14:08:00,1579.5,1579.5,1579.36,1579.36,-0.01,7.42,11717.38,-1
2025-03-23,2025-03-23 14:09:00,1579.36,1579.36,1579.21,1579.21,-0.01,7.42,11717.38,-1
2025-03-23,2025-03-23 14:10:00,1579.21,1579.21,1579.07,1579.07,-0.01,7.42,11717.38,-1
2025-03-23,2025-03-23 14:11:00,1579.07,1579.07,1578.92,1578.92,-0.01,7.42,11717.38,-1
2025-03-23,2025-03-23 14:12:00,1578.92,1578.92,1578.78,1578.78,-0.01,7.42,11717.38,-1
2025-03-23,2025-03-23 14:13:00,1578.78,1578.78,1578.63,1578.63,-0.01,7.42,11717.38,-1
2025-03-23,2025-03-23 14:14:00,1578.63,1578.63,1578.49,1578.49,-0.01,7.42,11717.38,-1
2025-03-23,2025-03-23 14:15:00,1578.49,1578.49,1578.34,1578.34,-0.01,7.42,11717.38,-1
2025-03-23,2025-03-23 14:16:00,1578.34,1578.34,1578.2,1578.2,-0.01,7.42,11717.38,-1
2025-03-23,2025-03-23 14:17:00,1578.2,1578.2,1578.05,1578.05,-0.01,7.42,11717.38,-1
2025-03-23,2025-03-23 14:18:00,1578.05,1578.05,1577.91,1577.91,-0.01,7.42,11717.38,-1
2025-03-23,2025-03-23 14:19:00,1577.91,1577.91,1577.76,1577.76,-0.01,7.42,11717.38,-1
2025-03-23,2025-03-23 14:20:00,1577.76,1577.76,1577.62,1577.62,-0.01,7.42,11717.38,-1
2025-03-23,2025-03-23 14:21:00,1577.62,1577.62,1577.47,1577.47,-0.01,7.42,11717.38,-1
2025-03-23,2025-03-23 14:22:00,1577.47,1577.47,1577.33,1577.33,-0.01,7.42,11717.38,-1
2025-03-23,2025-03-23 14:23:00,1577.33,1577.33,1577.18,1577.18,-0.01,7.42,11717.38,-1
2025-03-23,2025-03-23 14:24:00,1577.18,1577.18,1577.04,1577.04,-0.01,7.42,11717.38,-1
2025-03-23,2025-03-23 14:25:00,1577.04,1577.04,1576.89,1576.89,-0.01,7.42,11717.38,-1
2025-03-23,2025-03-23 14:26:00,1576.89,1576.89,1576.75,1576.75,-0.01,7.42,11717.38,-1
2025-03-23,2025-03-23 14:27:00,1576.75,1576.75,1576.6,1576.6,-0.01,7.42,11717.38,-1
2025-03-23,2025-03-23 14:28:00,1576.6,1576.6,1576.46,1576.46,-0.01,7.42,11717.38,-1
2025-03-23,2025-03-23 14:29:00,1576.46,1576.46,1576.31,1576.31,-0.01,7.42,11717.38,-1
2025-03-23,2025-03-23 14:30:00,1576.31,1576.31,1576.17,1576.17,-0.01,7.42,11717.38,-1
2025-03-23,2025-03-23 14:31:00,1576.17,1576.17,1576.02,1576.02,-0.01,7.42,11717.38,-1
2025-03-23,2025-03-23 14:32:00,1576.02,1576.02,1575.88,1575.88,-0.01,7.42,11717.38,-1
2025-03-23,2025-03-23 14:33:00,1575.88,1575.88,1575.73,1575.73,-0.01,7.42,11717.38,-1
2025-03-23,2025-03-23 14:34:00,1575.73,1575.73,1575.59,1575.59,-0.01,7.42,11717.38,-1
2025-03-23,2025-03-23 14:35:00,1575.59,1575.59,1575.44,1575.44,-0.01,7.42,11717.38,-1
2025-03-23,2025-03-23 14:36:00,1575.44,1575.44,1575.3,1575.3,-0.01,7.42,11717.38,-1
2025-03-23,2025-03-23 14:37:00,1575.3,1575.3,1575.15,1575.15,-0.01,7.42,11717.38,-1
2025-03-23,2025-03-23 14:38:00,1575.15,1575.15,1575.01,1575.01,-0.01,7.42,11717.38,-1
2025-03-23,2025-03-23 14:39:00,1575.01,1575.01,1574.86,1574.86,-0.01,7.42,11717.38,-1
2025-03-23,2025-03-23 14:40:00,1574.86,1574.86,1574.72,1574.72,-0.01,7.42,11717.38,-1
2025-03-23,2025-03-23 14:41:00,1574.72,1574.72,1574.57,1574.57,-0.01,7.42,11717.38,-1
2025-03-23,2025-03-23 14:42:00,1574.57,1574.57,1574.43,1574.43,-0.01,7.42,11717.38,-1
2025-03-23,2025-03-23 14:43:00,1574.43,1574.43,1574.28,1574.28,-0.01,7.42,11717.38,-1
2025-03-23,2025-03-23 14:44:00,1574.28,1574.28,1574.14,1574.14,-0.01,7.42,11717.38,-1
2025-03-23,2025-03-23 14:45:00,1574.14,1574.14,1573.99,1573.99,-0.01,7.42,11717.38,-1
2025-03-23,2025-03-23 14:46:00,1573.99,1573.99,1573.85,1573.85,-0.01,7.42,11717.38,-1
2025-03-23,2025-03-23 14:47:00,1573.85,1573.85,1573.7,1573.7,-0.01,7.42,11717.38,-1
2025-03-23,2025-03-23 14:48:00,1573.7,1573.7,1573.56,1573.56,-0.01,7.42,11717.38,-1
2025-03-23,2025-03-23 14:49:00,1573.56,1573.56,1573.41,1573.41,-0.01,7.42,11717.38,-1
2025-03-23,2025-03-23 14:50:00,1573.41,1573.41,1573.27,1573.27,-0.01,7.42,11717.38,-1
2025-03-23,2025-03-23 14:51:00,1573.27,1573.27,1573.12,1573.12,-0.01,7.42,11717.38,-1
2025-03-23,2025-03-23 14:52:00,1573.12,1573.12,1572.98,1572.98,-0.01,7.42,11717.38,-1
2025-03-23,2025-03-23 14:53:00,1572.98,1572.98,1572.83,1572.83,-0.01,7.42,11717.38,-1
2025-03-23,2025-03-23 14:54:00,1572.83,1572.83,1572.69,1572.69,-0.01,7.42,11717.38,-1
2025-03-23,2025-03-23 14:55:00,1572.69,1572.69,1572.54,1572.54,-0.01,7.42,11717.38,-1
2025-03-23,2025-03-23 14:56:00,1572.54,1572.54,1572.4,1572.4,-0.01,7.42,11717.38,-1
2025-03-23,2025-03-23 14:57:00,1572.4,1572.4,1572.25,1572.25,-0.01,7.42,11717.38,-1
2025-03-23,2025-03-23 14:58:00,1572.25,1572.25,1572.11,1572.11,-0.01,7.42,11717.38,-1
2025-03-23,2025-03-23 14:59:00,1572.11,1572.11,1571.96,1571.96,-0.01,7.42,11717.38,-1
2025-03-23,2025-03-23 15:00:00,1571.96,1606.77,1570.0,1571.96,0.0,7.42,11717.38,0
2025-03-24,2025-03-24 11:00:00,1570.0,1582.0,1561.0,1570.12,0.01,7.49,11891.49,1
2025-03-24,2025-03-24 11:01:00,1570.12,1570.25,1570.12,1570.25,0.01,7.49,11891.49,1
2025-03-24,2025-03-24 11:02:00,1570.25,1570.37,1570.25,1570.37,0.01,7.49,11891.49,1
2025-03-24,2025-03-24 11:03:00,1570.37,1570.5,1570.37,1570.5,0.01,7.49,11891.49,1
2025-03-24,2025-03-24 11:04:00,1570.5,1570.62,1570.5,1570.62,0.01,7.49,11891.49,1
2025-03-24,2025-03-24 11:05:00,1570.62,1570.74,1570.62,1570.74,0.01,7.49,11891.49,1
2025-03-24,2025-03-24 11:06:00,1570.74,1570.87,1570.74,1570.87,0.01,7.49,11891.49,1
2025-03-24,2025-03-24 11:07:00,1570.87,1570.99,1570.87,1570.99,0.01,7.49,11891.49,1
2025-03-24,2025-03-24 11:08:00,1570.99,1571.12,1570.99,1571.12,0.01,7.49,11891.49,1
2025-03-24,2025-03-24 11:09:00,1571.12,1571.24,1571.12,1571.24,0.01,7.49,11891.49,1
2025-03-24,2025-03-24 11:10:00,1571.24,1571.37,1571.24,1571.37,0.01,7.49,11891.49,1
2025-03-24,2025-03-24 11:11:00,1571.37,1571.49,1571.37,1571.49,0.01,7.49,11891.49,1
2025-03-24,2025-03-24 11:12:00,1571.49,1571.61,1571.49,1571.61,0.01,7.49,11891.49,1
2025-03-24,2025-03-24 11:13:00,1571.61,1571.74,1571.61,1571.74,0.01,7.49,11891.49,1
2025-03-24,2025-03-24 11:14:00,1571.74,1571.86,1571.74,1571.86,0.01,7.49,11891.49,1
2025-03-24,2025-03-24 11:15:00,1571.86,1571.99,1571.86,1571.99,0.01,7.49,11891.49,1
2025-03-24,2025-03-24 11:16:00,1571.99,1572.11,1571.99,1572.11,0.01,7.49,11891.49,1
2025-03-24,2025-03-24 11:17:00,1572.11,1572.23,1572.11,1572.23,0.01,7.49,11891.49,1
2025-03-24,2025-03-24 11:18:00,1572.23,1572.36,1572.23,1572.36,0.01,7.49,11891.49,1
2025-03-24,2025-03-24 11:19:00,1572.36,1572.48,1572.36,1572.48,0.01,7.49,11891.49,1
2025-03-24,2025-03-24 11:20:00,1572.48,1572.61,1572.48,1572.61,0.01,7.49,11891.49,1
2025-03-24,2025-03-24 11:21:00,1572.61,1572.73,1572.61,1572.73,0.01,7.49,11891.49,1
2025-03-24,2025-03-24 11:22:00,1572.73,1572.85,1572.73,1572.85,0.01,7.49,11891.49,1
2025-03-24,2025-03-24 11:23:00,1572.85,1572.98,1572.85,1572.98,0.01,7.49,11891.49,1
2025-03-24,2025-03-24 11:24:00,1572.98,1573.1,1572.98,1573.1,0.01,7.49,11891.49,1
2025-03-24,2025-03-24 11:25:00,1573.1,1573.23,1573.1,1573.23,0.01,7.49,11891.49,1
2025-03-24,2025-03-24 11:26:00,1573.23,1573.35,1573.23,1573.35,0.01,7.49,11891.49,1
2025-03-24,2025-03-24 11:27:00,1573.35,1573.48,1573.35,1573.48,0.01,7.49,11891.49,1
2025-03-24,2025-03-24 11:28:00,1573.48,1573.6,1573.48,1573.6,0.01,7.49,11891.49,1
2025-03-24,2025-03-24 11:29:00,1573.6,1573.72,1573.6,1573.72,0.01,7.49,11891.49,1
2025-03-24,2025-03-24 11:30:00,1573.72,1573.85,1573.72,1573.85,0.01,7.49,11891.49,1
2025-03-24,2025-03-24 11:31:00,1573.85,1573.97,1573.85,1573.97,0.01,7.49,11891.49,1
2025-03-24,2025-03-24 11:32:00,1573.97,1574.1,1573.97,1574.1,0.01,7.49,11891.49,1
2025-03-24,2025-03-24 11:33:00,1574.1,1574.22,1574.1,1574.22,0.01,7.49,11891.49,1
2025-03-24,2025-03-24 11:34:00,1574.22,1574.34,1574.22,1574.34,0.01,7.49,11891.49,1
2025-03-24,2025-03-24 11:35:00,1574.34,1574.47,1574.34,1574.47,0.01,7.49,11891.49,1
2025-03-24,2025-03-24 11:36:00,1574.47,1574.59,1574.47,1574.59,0.01,7.49,11891.49,1
2025-03-24,2025-03-24 11:37:00,1574.59,1574.72,1574.59,1574.72,0.01,7.49,11891.49,1
2025-03-24,2025-03-24 11:38:00,1574.72,1574.84,1574.72,1574.84,0.01,7.49,11891.49,1
2025-03-24,2025-03-24 11:39:00,1574.84,1574.96,1574.84,1574.96,0.01,7.49,11891.49,1
2025-03-24,2025-03-24 11:40:00,1574.96,1575.09,1574.96,1575.09,0.01,7.49,11891.49,1
2025-03-24,2025-03-24 11:41:00,1575.09,1575.21,1575.09,1575.21,0.01,7.49,11891.49,1
2025-03-24,2025-03-24 11:42:00,1575.21,1575.34,1575.21,1575.34,0.01,7.49,11891.49,1
2025-03-24,2025-03-24 11:43:00,1575.34,1575.46,1575.34,1575.46,0.01,7.49,11891.49,1
2025-03-24,2025-03-24 11:44:00,1575.46,1575.59,1575.46,1575.59,0.01,7.49,11891.49,1
2025-03-24,2025-03-24 11:45:00,1575.59,1575.71,1575.59,1575.71,0.01,7.49,11891.49,1
2025-03-24,2025-03-24 11:46:00,1575.71,1575.83,1575.71,1575.83,0.01,7.49,11891.49,1
2025-03-24,2025-03-24 11:47:00,1575.83,1575.96,1575.83,1575.96,0.01,7.49,11891.49,1
2025-03-24,2025-03-24 11:48:00,1575.96,1576.08,1575.96,1576.08,0.01,7.49,11891.49,1
2025-03-24,2025-03-24 11:49:00,1576.08,1576.21,1576.08,1576.21,0.01,7.49,11891.49,1
2025-03-24,2025-03-24 11:50:00,1576.21,1576.33,1576.21,1576.33,0.01,7.49,11891.49,1
2025-03-24,2025-03-24 11:51:00,1576.33,1576.45,1576.33,1576.45,0.01,7.49,11891.49,1
2025-03-24,2025-03-24 11:52:00,1576.45,1576.58,1576.45,1576.58,0.01,7.49,11891.49,1
2025-03-24,2025-03-24 11:53:00,1576.58,1576.7,1576.58,1576.7,0.01,7.49,11891.49,1
2025-03-24,2025-03-24 11:54:00,1576.7,1576.83,1576.7,1576.83,0.01,7.49,11891.49,1
2025-03-24,2025-03-24 11:55:00,1576.83,1576.95,1576.83,1576.95,0.01,7.49,11891.49,1
2025-03-24,2025-03-24 11:56:00,1576.95,1577.08,1576.95,1577.08,0.01,7.49,11891.49,1
2025-03-24,2025-03-24 11:57:00,1577.08,1577.2,1577.08,1577.2,0.01,7.49,11891.49,1
2025-03-24,2025-03-24 11:58:00,1577.2,1577.32,1577.2,1577.32,0.01,7.49,11891.49,1
2025-03-24,2025-03-24 11:59:00,1577.32,1577.45,1577.32,1577.45,0.01,7.49,11891.49,1
2025-03-24,2025-03-24 12:00:00,1577.45,1577.57,1577.45,1577.57,0.01,7.49,11891.49,1
2025-03-24,2025-03-24 12:01:00,1577.57,1577.7,1577.57,1577.7,0.01,7.49,11891.49,1
2025-03-24,2025-03-24 12:02:00,1577.7,1577.82,1577.7,1577.82,0.01,7.49,11891.49,1
2025-03-24,2025-03-24 12:03:00,1577.82,1577.94,1577.82,1577.94,0.01,7.49,11891.49,1
2025-03-24,2025-03-24 12:04:00,1577.94,1578.07,1577.94,1578.07,0.01,7.49,11891.49,1
2025-03-24,2025-03-24 12:05:00,1578.07,1578.19,1578.07,1578.19,0.01,7.49,11891.49,1
2025-03-24,2025-03-24 12:06:00,1578.19,1578.32,1578.19,1578.32,0.01,7.49,11891.49,1
2025-03-24,2025-03-24 12:07:00,1578.32,1578.44,1578.32,1578.44,0.01,7.49,11891.49,1
2025-03-24,2025-03-24 12:08:00,1578.44,1578.56,1578.44,1578.56,0.01,7.49,11891.49,1
2025-03-24,2025-03-24 12:09:00,1578.56,1578.69,1578.56,1578.69,0.01,7.49,11891.49,1
2025-03-24,2025-03-24 12:10:00,1578.69,1578.81,1578.69,1578.81,0.01,7.49,11891.49,1
2025-03-24,2025-03-24 12:11:00,1578.81,1578.94,1578.81,1578.94,0.01,7.49,11891.49,1
2025-03-24,2025-03-24 12:12:00,1578.94,1579.06,1578.94,1579.06,0.01,7.49,11891.49,1
2025-03-24,2025-03-24 12:13:00,1579.06,1579.19,1579.06,1579.19,0.01,7.49,11891.49,1
2025-03-24,2025-03-24 12:14:00,1579.19,1579.31,1579.19,1579.31,0.01,7.49,11891.49,1
2025-03-24,2025-03-24 12:15:00,1579.31,1579.43,1579.31,1579.43,0.01,7.49,11891.49,1
2025-03-24,2025-03-24 12:16:00,1579.43,1579.56,1579.43,1579.56,0.01,7.49,11891.49,1
2025-03-24,2025-03-24 12:17:00,1579.56,1579.68,1579.56,1579.68,0.01,7.49,11891.49,1
2025-03-24,2025-03-24 12:18:00,1579.68,1579.81,1579.68,1579.81,0.01,7.49,11891.49,1
2025-03-24,2025-03-24 12:19:00,1579.81,1579.93,1579.81,1579.93,0.01,7.49,11891.49,1
2025-03-24,2025-03-24 12:20:00,1579.93,1580.05,1579.93,1580.05,0.01,7.49,11891.49,1
2025-03-24,2025-03-24 12:21:00,1580.05,1580.18,1580.05,1580.18,0.01,7.49,11891.49,1
2025-03-24,2025-03-24 12:22:00,1580.18,1580.3,1580.18,1580.3,0.01,7.49,11891.49,1
2025-03-24,2025-03-24 12:23:00,1580.3,1580.43,1580.3,1580.43,0.01,7.49,11891.49,1
2025-03-24,2025-03-24 12:24:00,1580.43,1580.55,1580.43,1580.55,0.01,7.49,11891.49,1
2025-03-24,2025-03-24 12:25:00,1580.55,1580.67,1580.55,1580.67,0.01,7.49,11891.49,1
2025-03-24,2025-03-24 12:26:00,1580.67,1580.8,1580.67,1580.8,0.01,7.49,11891.49,1
2025-03-24,2025-03-24 12:27:00,1580.8,1580.92,1580.8,1580.92,0.01,7.49,11891.49,1
2025-03-24,2025-03-24 12:28:00,1580.92,1581.05,1580.92,1581.05,0.01,7.49,11891.49,1
2025-03-24,2025-03-24 12:29:00,1581.05,1581.17,1581.05,1581.17,0.01,7.49,11891.49,1
2025-03-24,2025-03-24 12:30:00,1581.17,1581.3,1581.17,1581.3,0.01,7.49,11891.49,1
2025-03-24,2025-03-24 12:31:00,1581.3,1581.42,1581.3,1581.42,0.01,7.49,11891.49,1
2025-03-24,2025-03-24 12:32:00,1581.42,1581.54,1581.42,1581.54,0.01,7.49,11891.49,1
2025-03-24,2025-03-24 12:33:00,1581.54,1581.67,1581.54,1581.67,0.01,7.49,11891.49,1
2025-03-24,2025-03-24 12:34:00,1581.67,1581.79,1581.67,1581.79,0.01,7.49,11891.49,1
2025-03-24,2025-03-24 12:35:00,1581.79,1581.92,1581.79,1581.92,0.01,7.49,11891.49,1
2025-03-24,2025-03-24 12:36:00,1581.92,1582.04,1581.92,1582.04,0.01,7.49,11891.49,1
2025-03-24,2025-03-24 12:37:00,1582.04,1582.16,1582.04,1582.16,0.01,7.49,11891.49,1
2025-03-24,2025-03-24 12:38:00,1582.16,1582.29,1582.16,1582.29,0.01,7.49,11891.49,1
2025-03-24,2025-03-24 12:39:00,1582.29,1582.41,1582.29,1582.41,0.01,7.49,11891.49,1
2025-03-24,2025-03-24 12:40:00,1582.41,1582.54,1582.41,1582.54,0.01,7.49,11891.49,1
2025-03-24,2025-03-24 12:41:00,1582.54,1582.66,1582.54,1582.66,0.01,7.49,11891.49,1
2025-03-24,2025-03-24 12:42:00,1582.66,1582.78,1582.66,1582.78,0.01,7.49,11891.49,1
2025-03-24,2025-03-24 12:43:00,1582.78,1582.91,1582.78,1582.91,0.01,7.49,11891.49,1
2025-03-24,2025-03-24 12:44:00,1582.91,1583.03,1582.91,1583.03,0.01,7.49,11891.49,1
2025-03-24,2025-03-24 12:45:00,1583.03,1583.16,1583.03,1583.16,0.01,7.49,11891.49,1
2025-03-24,2025-03-24 12:46:00,1583.16,1583.28,1583.16,1583.28,0.01,7.49,11891.49,1
2025-03-24,2025-03-24 12:47:00,1583.28,1583.41,1583.28,1583.41,0.01,7.49,11891.49,1
2025-03-24,2025-03-24 12:48:00,1583.41,1583.53,1583.41,1583.53,0.01,7.49,11891.49,1
2025-03-24,2025-03-24 12:49:00,1583.53,1583.65,1583.53,1583.65,0.01,7.49,11891.49,1
2025-03-24,2025-03-24 12:50:00,1583.65,1583.78,1583.65,1583.78,0.01,7.49,11891.49,1
2025-03-24,2025-03-24 12:51:00,1583.78,1583.9,1583.78,1583.9,0.01,7.49,11891.49,1
2025-03-24,2025-03-24 12:52:00,1583.9,1584.03,1583.9,1584.03,0.01,7.49,11891.49,1
2025-03-24,2025-03-24 12:53:00,1584.03,1584.15,1584.03,1584.15,0.01,7.49,11891.49,1
2025-03-24,2025-03-24 12:54:00,1584.15,1584.27,1584.15,1584.27,0.01,7.49,11891.49,1
2025-03-24,2025-03-24 12:55:00,1584.27,1584.4,1584.27,1584.4,0.01,7.49,11891.49,1
2025-03-24,2025-03-24 12:56:00,1584.4,1584.52,1584.4,1584.52,0.01,7.49,11891.49,1
2025-03-24,2025-03-24 12:57:00,1584.52,1584.65,1584.52,1584.65,0.01,7.49,11891.49,1
2025-03-24,2025-03-24 12:58:00,1584.65,1584.77,1584.65,1584.77,0.01,7.49,11891.49,1
2025-03-24,2025-03-24 12:59:00,1584.77,1584.89,1584.77,1584.89,0.01,7.49,11891.49,1
2025-03-24,2025-03-24 13:00:00,1584.89,1610.0,1540.0,1585.02,0.01,7.49,11891.49,1
2025-03-24,2025-03-24 13:01:00,1585.02,1585.14,1585.02,1585.14,0.01,7.49,11891.49,1
2025-03-24,2025-03-24 13:02:00,1585.14,1585.27,1585.14,1585.27,0.01,7.49,11891.49,1
2025-03-24,2025-03-24 13:03:00,1585.27,1585.39,1585.27,1585.39,0.01,7.49,11891.49,1
2025-03-24,2025-03-24 13:04:00,1585.39,1585.52,1585.39,1585.52,0.01,7.49,11891.49,1
2025-03-24,2025-03-24 13:05:00,1585.52,1585.64,1585.52,1585.64,0.01,7.49,11891.49,1
2025-03-24,2025-03-24 13:06:00,1585.64,1585.76,1585.64,1585.76,0.01,7.49,11891.49,1
2025-03-24,2025-03-24 13:07:00,1585.76,1585.89,1585.76,1585.89,0.01,7.49,11891.49,1
2025-03-24,2025-03-24 13:08:00,1585.89,1586.01,1585.89,1586.01,0.01,7.49,11891.49,1
2025-03-24,2025-03-24 13:09:00,1586.01,1586.14,1586.01,1586.14,0.01,7.49,11891.49,1
2025-03-24,2025-03-24 13:10:00,1586.14,1586.26,1586.14,1586.26,0.01,7.49,11891.49,1
2025-03-24,2025-03-24 13:11:00,1586.26,1586.38,1586.26,1586.38,0.01,7.49,11891.49,1
2025-03-24,2025-03-24 13:12:00,1586.38,1586.51,1586.38,1586.51,0.01,7.49,11891.49,1
2025-03-24,2025-03-24 13:13:00,1586.51,1586.63,1586.51,1586.63,0.01,7.49,11891.49,1
2025-03-24,2025-03-24 13:14:00,1586.63,1586.76,1586.63,1586.76,0.01,7.49,11891.49,1
2025-03-24,2025-03-24 13:15:00,1586.76,1586.88,1586.76,1586.88,0.01,7.49,11891.49,1
2025-03-24,2025-03-24 13:16:00,1586.88,1587.01,1586.88,1587.01,0.01,7.49,11891.49,1
2025-03-24,2025-03-24 13:17:00,1587.01,1587.13,1587.01,1587.13,0.01,7.49,11891.49,1
2025-03-24,2025-03-24 13:18:00,1587.13,1587.25,1587.13,1587.25,0.01,7.49,11891.49,1
2025-03-24,2025-03-24 13:19:00,1587.25,1587.38,1587.25,1587.38,0.01,7.49,11891.49,1
2025-03-24,2025-03-24 13:20:00,1587.38,1587.5,1587.38,1587.5,0.01,7.49,11891.49,1
2025-03-24,2025-03-24 13:21:00,1587.5,1587.63,1587.5,1587.63,0.01,7.49,11891.49,1
2025-03-24,2025-03-24 13:22:00,1587.63,1587.75,1587.63,1587.75,0.01,7.49,11891.49,1
2025-03-24,2025-03-24 13:23:00,1587.75,1587.87,1587.75,1587.87,0.01,7.49,11891.49,1
2025-03-24,2025-03-24 13:24:00,1587.87,1588.0,1587.87,1588.0,0.01,7.49,11891.49,1
2025-03-24,2025-03-24 13:25:00,1588.0,1588.12,1588.0,1588.12,0.01,7.49,11891.49,1
2025-03-24,2025-03-24 13:26:00,1588.12,1588.25,1588.12,1588.25,0.01,7.49,11891.49,1
2025-03-24,2025-03-24 13:27:00,1588.25,1588.37,1588.25,1588.37,0.01,7.49,11891.49,1
2025-03-24,2025-03-24 13:28:00,1588.37,1588.49,1588.37,1588.49,0.01,7.49,11891.49,1
2025-03-24,2025-03-24 13:29:00,1588.49,1588.62,1588.49,1588.62,0.01,7.49,11891.49,1
2025-03-24,2025-03-24 13:30:00,1588.62,1588.74,1588.62,1588.74,0.01,7.49,11891.49,1
2025-03-24,2025-03-24 13:31:00,1588.74,1588.87,1588.74,1588.87,0.01,7.49,11891.49,1
2025-03-24,2025-03-24 13:32:00,1588.87,1588.99,1588.87,1588.99,0.01,7.49,11891.49,1
2025-03-24,2025-03-24 13:33:00,1588.99,1589.12,1588.99,1589.12,0.01,7.49,11891.49,1
2025-03-24,2025-03-24 13:34:00,1589.12,1589.24,1589.12,1589.24,0.01,7.49,11891.49,1
2025-03-24,2025-03-24 13:35:00,1589.24,1589.36,1589.24,1589.36,0.01,7.49,11891.49,1
2025-03-24,2025-03-24 13:36:00,1589.36,1589.49,1589.36,1589.49,0.01,7.49,11891.49,1
2025-03-24,2025-03-24 13:37:00,1589.49,1589.61,1589.49,1589.61,0.01,7.49,11891.49,1
2025-03-24,2025-03-24 13:38:00,1589.61,1589.74,1589.61,1589.74,0.01,7.49,11891.49,1
2025-03-24,2025-03-24 13:39:00,1589.74,1589.86,1589.74,1589.86,0.01,7.49,11891.49,1
2025-03-24,2025-03-24 13:40:00,1589.86,1589.98,1589.86,1589.98,0.01,7.49,11891.49,1
2025-03-24,2025-03-24 13:41:00,1589.98,1590.11,1589.98,1590.11,0.01,7.49,11891.49,1
2025-03-24,2025-03-24 13:42:00,1590.11,1590.23,1590.11,1590.23,0.01,7.49,11891.49,1
2025-03-24,2025-03-24 13:43:00,1590.23,1590.36,1590.23,1590.36,0.01,7.49,11891.49,1
2025-03-24,2025-03-24 13:44:00,1590.36,1590.48,1590.36,1590.48,0.01,7.49,11891.49,1
2025-03-24,2025-03-24 13:45:00,1590.48,1590.6,1590.48,1590.6,0.01,7.49,11891.49,1
2025-03-24,2025-03-24 13:46:00,1590.6,1590.73,1590.6,1590.73,0.01,7.49,11891.49,1
2025-03-24,2025-03-24 13:47:00,1590.73,1590.85,1590.73,1590.85,0.01,7.49,11891.49,1
2025-03-24,2025-03-24 13:48:00,1590.85,1590.98,1590.85,1590.98,0.01,7.49,11891.49,1
2025-03-24,2025-03-24 13:49:00,1590.98,1591.1,1590.98,1591.1,0.01,7.49,11891.49,1
2025-03-24,2025-03-24 13:50:00,1591.1,1591.23,1591.1,1591.23,0.01,7.49,11891.49,1
2025-03-24,2025-03-24 13:51:00,1591.23,1591.35,1591.23,1591.35,0.01,7.49,11891.49,1
2025-03-24,2025-03-24 13:52:00,1591.35,1591.47,1591.35,1591.47,0.01,7.49,11891.49,1
2025-03-24,2025-03-24 13:53:00,1591.47,1591.6,1591.47,1591.6,0.01,7.49,11891.49,1
2025-03-24,2025-03-24 13:54:00,1591.6,1591.72,1591.6,1591.72,0.01,7.49,11891.49,1
2025-03-24,2025-03-24 13:55:00,1591.72,1591.85,1591.72,1591.85,0.01,7.49,11891.49,1
2025-03-24,2025-03-24 13:56:00,1591.85,1591.97,1591.85,1591.97,0.01,7.49,11891.49,1
2025-03-24,2025-03-24 13:57:00,1591.97,1592.09,1591.97,1592.09,0.01,7.49,11891.49,1
2025-03-24,2025-03-24 13:58:00,1592.09,1592.22,1592.09,1592.22,0.01,7.49,11891.49,1
2025-03-24,2025-03-24 13:59:00,1592.22,1592.34,1592.22,1592.34,0.01,7.49,11891.49,1
2025-03-24,2025-03-24 14:00:00,1592.34,1592.47,1592.34,1592.47,0.01,7.49,11891.49,1
2025-03-24,2025-03-24 14:01:00,1592.47,1592.59,1592.47,1592.59,0.01,7.49,11891.49,1
2025-03-24,2025-03-24 14:02:00,1592.59,1592.71,1592.59,1592.71,0.01,7.49,11891.49,1
2025-03-24,2025-03-24 14:03:00,1592.71,1592.84,1592.71,1592.84,0.01,7.49,11891.49,1
2025-03-24,2025-03-24 14:04:00,1592.84,1592.96,1592.84,1592.96,0.01,7.49,11891.49,1
2025-03-24,2025-03-24 14:05:00,1592.96,1593.09,1592.96,1593.09,0.01,7.49,11891.49,1
2025-03-24,2025-03-24 14:06:00,1593.09,1593.21,1593.09,1593.21,0.01,7.49,11891.49,1
2025-03-24,2025-03-24 14:07:00,1593.21,1593.34,1593.21,1593.34,0.01,7.49,11891.49,1
2025-03-24,2025-03-24 14:08:00,1593.34,1593.46,1593.34,1593.46,0.01,7.49,11891.49,1
2025-03-24,2025-03-24 14:09:00,1593.46,1593.58,1593.46,1593.58,0.01,7.49,11891.49,1
2025-03-24,2025-03-24 14:10:00,1593.58,1593.71,1593.58,1593.71,0.01,7.49,11891.49,1
2025-03-24,2025-03-24 14:11:00,1593.71,1593.83,1593.71,1593.83,0.01,7.49,11891.49,1
2025-03-24,2025-03-24 14:12:00,1593.83,1593.96,1593.83,1593.96,0.01,7.49,11891.49,1
2025-03-24,2025-03-24 14:13:00,1593.96,1594.08,1593.96,1594.08,0.01,7.49,11891.49,1
2025-03-24,2025-03-24 14:14:00,1594.08,1594.2,1594.08,1594.2,0.01,7.49,11891.49,1
2025-03-24,2025-03-24 14:15:00,1594.2,1594.33,1594.2,1594.33,0.01,7.49,11891.49,1
2025-03-24,2025-03-24 14:16:00,1594.33,1594.45,1594.33,1594.45,0.01,7.49,11891.49,1
2025-03-24,2025-03-24 14:17:00,1594.45,1594.58,1594.45,1594.58,0.01,7.49,11891.49,1
2025-03-24,2025-03-24 14:18:00,1594.58,1594.7,1594.58,1594.7,0.01,7.49,11891.49,1
2025-03-24,2025-03-24 14:19:00,1594.7,1594.83,1594.7,1594.83,0.01,7.49,11891.49,1
2025-03-24,2025-03-24 14:20:00,1594.83,1594.95,1594.83,1594.95,0.01,7.49,11891.49,1
2025-03-24,2025-03-24 14:21:00,1594.95,1595.07,1594.95,1595.07,0.01,7.49,11891.49,1
2025-03-24,2025-03-24 14:22:00,1595.07,1595.2,1595.07,1595.2,0.01,7.49,11891.49,1
2025-03-24,2025-03-24 14:23:00,1595.2,1595.32,1595.2,1595.32,0.01,7.49,11891.49,1
2025-03-24,2025-03-24 14:24:00,1595.32,1595.45,1595.32,1595.45,0.01,7.49,11891.49,1
2025-03-24,2025-03-24 14:25:00,1595.45,1595.57,1595.45,1595.57,0.01,7.49,11891.49,1
2025-03-24,2025-03-24 14:26:00,1595.57,1595.69,1595.57,1595.69,0.01,7.49,11891.49,1
2025-03-24,2025-03-24 14:27:00,1595.69,1595.82,1595.69,1595.82,0.01,7.49,11891.49,1
2025-03-24,2025-03-24 14:28:00,1595.82,1595.94,1595.82,1595.94,0.01,7.49,11891.49,1
2025-03-24,2025-03-24 14:29:00,1595.94,1596.07,1595.94,1596.07,0.01,7.49,11891.49,1
2025-03-24,2025-03-24 14:30:00,1596.07,1596.19,1596.07,1596.19,0.01,7.49,11891.49,1
2025-03-24,2025-03-24 14:31:00,1596.19,1596.31,1596.19,1596.31,0.01,7.49,11891.49,1
2025-03-24,2025-03-24 14:32:00,1596.31,1596.44,1596.31,1596.44,0.01,7.49,11891.49,1
2025-03-24,2025-03-24 14:33:00,1596.44,1596.56,1596.44,1596.56,0.01,7.49,11891.49,1
2025-03-24,2025-03-24 14:34:00,1596.56,1596.69,1596.56,1596.69,0.01,7.49,11891.49,1
2025-03-24,2025-03-24 14:35:00,1596.69,1596.81,1596.69,1596.81,0.01,7.49,11891.49,1
2025-03-24,2025-03-24 14:36:00,1596.81,1596.94,1596.81,1596.94,0.01,7.49,11891.49,1
2025-03-24,2025-03-24 14:37:00,1596.94,1597.06,1596.94,1597.06,0.01,7.49,11891.49,1
2025-03-24,2025-03-24 14:38:00,1597.06,1597.18,1597.06,1597.18,0.01,7.49,11891.49,1
2025-03-24,2025-03-24 14:39:00,1597.18,1597.31,1597.18,1597.31,0.01,7.49,11891.49,1
2025-03-24,2025-03-24 14:40:00,1597.31,1597.43,1597.31,1597.43,0.01,7.49,11891.49,1
2025-03-24,2025-03-24 14:41:00,1597.43,1597.56,1597.43,1597.56,0.01,7.49,11891.49,1
2025-03-24,2025-03-24 14:42:00,1597.56,1597.68,1597.56,1597.68,0.01,7.49,11891.49,1
2025-03-24,2025-03-24 14:43:00,1597.68,1597.8,1597.68,1597.8,0.01,7.49,11891.49,1
2025-03-24,2025-03-24 14:44:00,1597.8,1597.93,1597.8,1597.93,0.01,7.49,11891.49,1
2025-03-24,2025-03-24 14:45:00,1597.93,1598.05,1597.93,1598.05,0.01,7.49,11891.49,1
2025-03-24,2025-03-24 14:46:00,1598.05,1598.18,1598.05,1598.18,0.01,7.49,11891.49,1
2025-03-24,2025-03-24 14:47:00,1598.18,1598.3,1598.18,1598.3,0.01,7.49,11891.49,1
2025-03-24,2025-03-24 14:48:00,1598.3,1598.42,1598.3,1598.42,0.01,7.49,11891.49,1
2025-03-24,2025-03-24 14:49:00,1598.42,1598.55,1598.42,1598.55,0.01,7.49,11891.49,1
2025-03-24,2025-03-24 14:50:00,1598.55,1598.67,1598.55,1598.67,0.01,7.49,11891.49,1
2025-03-24,2025-03-24 14:51:00,1598.67,1598.8,1598.67,1598.8,0.01,7.49,11891.49,1
2025-03-24,2025-03-24 14:52:00,1598.8,1598.92,1598.8,1598.92,0.01,7.49,11891.49,1
2025-03-24,2025-03-24 14:53:00,1598.92,1599.05,1598.92,1599.05,0.01,7.49,11891.49,1
2025-03-24,2025-03-24 14:54:00,1599.05,1599.17,1599.05,1599.17,0.01,7.49,11891.49,1
2025-03-24,2025-03-24 14:55:00,1599.17,1599.29,1599.17,1599.29,0.01,7.49,11891.49,1
2025-03-24,2025-03-24 14:56:00,1599.29,1599.42,1599.29,1599.42,0.01,7.49,11891.49,1
2025-03-24,2025-03-24 14:57:00,1599.42,1599.54,1599.42,1599.54,0.01,7.49,11891.49,1
2025-03-24,2025-03-24 14:58:00,1599.54,1599.67,1599.54,1599.67,0.01,7.49,11891.49,1
2025-03-24,2025-03-24 14:59:00,1599.67,1599.79,1599.67,1599.79,0.01,7.49,11891.49,1
2025-03-24,2025-03-24 15:00:00,1599.79,1610.0,1540.0,1599.79,0.0,7.49,11891.49,0
2025-03-25,2025-03-25 11:00:00,1600.0,1600.0,1583.5,1599.78,-0.01,13.27,20706.05,-1
2025-03-25,2025-03-25 11:01:00,1599.78,1599.78,1599.57,1599.57,-0.01,13.27,20706.05,-1
2025-03-25,2025-03-25 11:02:00,1599.57,1599.57,1599.35,1599.35,-0.01,13.27,20706.05,-1
2025-03-25,2025-03-25 11:03:00,1599.35,1599.35,1599.14,1599.14,-0.01,13.27,20706.05,-1
2025-03-25,2025-03-25 11:04:00,1599.14,1599.14,1598.92,1598.92,-0.01,13.27,20706.05,-1
2025-03-25,2025-03-25 11:05:00,1598.92,1598.92,1598.7,1598.7,-0.01,13.27,20706.05,-1
2025-03-25,2025-03-25 11:06:00,1598.7,1598.7,1598.49,1598.49,-0.01,13.27,20706.05,-1
2025-03-25,2025-03-25 11:07:00,1598.49,1598.49,1598.27,1598.27,-0.01,13.27,20706.05,-1
2025-03-25,2025-03-25 11:08:00,1598.27,1598.27,1598.06,1598.06,-0.01,13.27,20706.05,-1
2025-03-25,2025-03-25 11:09:00,1598.06,1598.06,1597.84,1597.84,-0.01,13.27,20706.05,-1
2025-03-25,2025-03-25 11:10:00,1597.84,1597.84,1597.62,1597.62,-0.01,13.27,20706.05,-1
2025-03-25,2025-03-25 11:11:00,1597.62,1597.62,1597.41,1597.41,-0.01,13.27,20706.05,-1
2025-03-25,2025-03-25 11:12:00,1597.41,1597.41,1597.19,1597.19,-0.01,13.27,20706.05,-1
2025-03-25,2025-03-25 11:13:00,1597.19,1597.19,1596.98,1596.98,-0.01,13.27,20706.05,-1
2025-03-25,2025-03-25 11:14:00,1596.98,1596.98,1596.76,1596.76,-0.01,13.27,20706.05,-1
2025-03-25,2025-03-25 11:15:00,1596.76,1596.76,1596.54,1596.54,-0.01,13.27,20706.05,-1
2025-03-25,2025-03-25 11:16:00,1596.54,1596.54,1596.33,1596.33,-0.01,13.27,20706.05,-1
2025-03-25,2025-03-25 11:17:00,1596.33,1596.33,1596.11,1596.11,-0.01,13.27,20706.05,-1
2025-03-25,2025-03-25 11:18:00,1596.11,1596.11,1595.9,1595.9,-0.01,13.27,20706.05,-1
2025-03-25,2025-03-25 11:19:00,1595.9,1595.9,1595.68,1595.68,-0.01,13.27,20706.05,-1
2025-03-25,2025-03-25 11:20:00,1595.68,1595.68,1595.46,1595.46,-0.01,13.27,20706.05,-1
2025-03-25,2025-03-25 11:21:00,1595.46,1595.46,1595.25,1595.25,-0.01,13.27,20706.05,-1
2025-03-25,2025-03-25 11:22:00,1595.25,1595.25,1595.03,1595.03,-0.01,13.27,20706.05,-1
2025-03-25,2025-03-25 11:23:00,1595.03,1595.03,1594.82,1594.82,-0.01,13.27,20706.05,-1
2025-03-25,2025-03-25 11:24:00,1594.82,1594.82,1594.6,1594.6,-0.01,13.27,20706.05,-1
2025-03-25,2025-03-25 11:25:00,1594.6,1594.6,1594.38,1594.38,-0.01,13.27,20706.05,-1
2025-03-25,2025-03-25 11:26:00,1594.38,1594.38,1594.17,1594.17,-0.01,13.27,20706.05,-1
2025-03-25,2025-03-25 11:27:00,1594.17,1594.17,1593.95,1593.95,-0.01,13.27,20706.05,-1
2025-03-25,2025-03-25 11:28:00,1593.95,1593.95,1593.74,1593.74,-0.01,13.27,20706.05,-1
2025-03-25,2025-03-25 11:29:00,1593.74,1593.74,1593.52,1593.52,-0.01,13.27,20706.05,-1
2025-03-25,2025-03-25 11:30:00,1593.52,1593.52,1593.3,1593.3,-0.01,13.27,20706.05,-1
2025-03-25,2025-03-25 11:31:00,1593.3,1593.3,1593.09,1593.09,-0.01,13.27,20706.05,-1
2025-03-25,2025-03-25 11:32:00,1593.09,1593.09,1592.87,1592.87,-0.01,13.27,20706.05,-1
2025-03-25,2025-03-25 11:33:00,1592.87,1592.87,1592.66,1592.66,-0.01,13.27,20706.05,-1
2025-03-25,2025-03-25 11:34:00,1592.66,1592.66,1592.44,1592.44,-0.01,13.27,20706.05,-1
2025-03-25,2025-03-25 11:35:00,1592.44,1592.44,1592.22,1592.22,-0.01,13.27,20706.05,-1
2025-03-25,2025-03-25 11:36:00,1592.22,1592.22,1592.01,1592.01,-0.01,13.27,20706.05,-1
2025-03-25,2025-03-25 11:37:00,1592.01,1592.01,1591.79,1591.79,-0.01,13.27,20706.05,-1
2025-03-25,2025-03-25 11:38:00,1591.79,1591.79,1591.58,1591.58,-0.01,13.27,20706.05,-1
2025-03-25,2025-03-25 11:39:00,1591.58,1591.58,1591.36,1591.36,-0.01,13.27,20706.05,-1
2025-03-25,2025-03-25 11:40:00,1591.36,1591.36,1591.14,1591.14,-0.01,13.27,20706.05,-1
2025-03-25,2025-03-25 11:41:00,1591.14,1591.14,1590.93,1590.93,-0.01,13.27,20706.05,-1
2025-03-25,2025-03-25 11:42:00,1590.93,1590.93,1590.71,1590.71,-0.01,13.27,20706.05,-1
2025-03-25,2025-03-25 11:43:00,1590.71,1590.71,1590.5,1590.5,-0.01,13.27,20706.05,-1
2025-03-25,2025-03-25 11:44:00,1590.5,1590.5,1590.28,1590.28,-0.01,13.27,20706.05,-1
2025-03-25,2025-03-25 11:45:00,1590.28,1590.28,1590.06,1590.06,-0.01,13.27,20706.05,-1
2025-03-25,2025-03-25 11:46:00,1590.06,1590.06,1589.85,1589.85,-0.01,13.27,20706.05,-1
2025-03-25,2025-03-25 11:47:00,1589.85,1589.85,1589.63,1589.63,-0.01,13.27,20706.05,-1
2025-03-25,2025-03-25 11:48:00,1589.63,1589.63,1589.42,1589.42,-0.01,13.27,20706.05,-1
2025-03-25,2025-03-25 11:49:00,1589.42,1589.42,1589.2,1589.2,-0.01,13.27,20706.05,-1
2025-03-25,2025-03-25 11:50:00,1589.2,1589.2,1588.98,1588.98,-0.01,13.27,20706.05,-1
2025-03-25,2025-03-25 11:51:00,1588.98,1588.98,1588.77,1588.77,-0.01,13.27,20706.05,-1
2025-03-25,2025-03-25 11:52:00,1588.77,1588.77,1588.55,1588.55,-0.01,13.27,20706.05,-1
2025-03-25,2025-03-25 11:53:00,1588.55,1588.55,1588.34,1588.34,-0.01,13.27,20706.05,-1
2025-03-25,2025-03-25 11:54:00,1588.34,1588.34,1588.12,1588.12,-0.01,13.27,20706.05,-1
2025-03-25,2025-03-25 11:55:00,1588.12,1588.12,1587.9,1587.9,-0.01,13.27,20706.05,-1
2025-03-25,2025-03-25 11:56:00,1587.9,1587.9,1587.69,1587.69,-0.01,13.27,20706.05,-1
2025-03-25,2025-03-25 11:57:00,1587.69,1587.69,1587.47,1587.47,-0.01,13.27,20706.05,-1
2025-03-25,2025-03-25 11:58:00,1587.47,1587.47,1587.26,1587.26,-0.01,13.27,20706.05,-1
2025-03-25,2025-03-25 11:59:00,1587.26,1587.26,1587.04,1587.04,-0.01,13.27,20706.05,-1
2025-03-25,2025-03-25 12:00:00,1587.04,1587.04,1586.82,1586.82,-0.01,13.27,20706.05,-1
2025-03-25,2025-03-25 12:01:00,1586.82,1586.82,1586.61,1586.61,-0.01,13.27,20706.05,-1
2025-03-25,2025-03-25 12:02:00,1586.61,1586.61,1586.39,1586.39,-0.01,13.27,20706.05,-1
2025-03-25,2025-03-25 12:03:00,1586.39,1586.39,1586.18,1586.18,-0.01,13.27,20706.05,-1
2025-03-25,2025-03-25 12:04:00,1586.18,1586.18,1585.96,1585.96,-0.01,13.27,20706.05,-1
2025-03-25,2025-03-25 12:05:00,1585.96,1585.96,1585.74,1585.74,-0.01,13.27,20706.05,-1
2025-03-25,2025-03-25 12:06:00,1585.74,1585.74,1585.53,1585.53,-0.01,13.27,20706.05,-1
2025-03-25,2025-03-25 12:07:00,1585.53,1585.53,1585.31,1585.31,-0.01,13.27,20706.05,-1
2025-03-25,2025-03-25 12:08:00,1585.31,1585.31,1585.1,1585.1,-0.01,13.27,20706.05,-1
2025-03-25,2025-03-25 12:09:00,1585.1,1585.1,1584.88,1584.88,-0.01,13.27,20706.05,-1
2025-03-25,2025-03-25 12:10:00,1584.88,1584.88,1584.66,1584.66,-0.01,13.27,20706.05,-1
2025-03-25,2025-03-25 12:11:00,1584.66,1584.66,1584.45,1584.45,-0.01,13.27,20706.05,-1
2025-03-25,2025-03-25 12:12:00,1584.45,1584.45,1584.23,1584.23,-0.01,13.27,20706.05,-1
2025-03-25,2025-03-25 12:13:00,1584.23,1584.23,1584.02,1584.02,-0.01,13.27,20706.05,-1
2025-03-25,2025-03-25 12:14:00,1584.02,1584.02,1583.8,1583.8,-0.01,13.27,20706.05,-1
2025-03-25,2025-03-25 12:15:00,1583.8,1583.8,1583.58,1583.58,-0.01,13.27,20706.05,-1
2025-03-25,2025-03-25 12:16:00,1583.58,1583.58,1583.37,1583.37,-0.01,13.27,20706.05,-1
2025-03-25,2025-03-25 12:17:00,1583.37,1583.37,1583.15,1583.15,-0.01,13.27,20706.05,-1
2025-03-25,2025-03-25 12:18:00,1583.15,1583.15,1582.94,1582.94,-0.01,13.27,20706.05,-1
2025-03-25,2025-03-25 12:19:00,1582.94,1582.94,1582.72,1582.72,-0.01,13.27,20706.05,-1
2025-03-25,2025-03-25 12:20:00,1582.72,1582.72,1582.5,1582.5,-0.01,13.27,20706.05,-1
2025-03-25,2025-03-25 12:21:00,1582.5,1582.5,1582.29,1582.29,-0.01,13.27,20706.05,-1
2025-03-25,2025-03-25 12:22:00,1582.29,1582.29,1582.07,1582.07,-0.01,13.27,20706.05,-1
2025-03-25,2025-03-25 12:23:00,1582.07,1582.07,1581.86,1581.86,-0.01,13.27,20706.05,-1
2025-03-25,2025-03-25 12:24:00,1581.86,1581.86,1581.64,1581.64,-0.01,13.27,20706.05,-1
2025-03-25,2025-03-25 12:25:00,1581.64,1581.64,1581.42,1581.42,-0.01,13.27,20706.05,-1
2025-03-25,2025-03-25 12:26:00,1581.42,1581.42,1581.21,1581.21,-0.01,13.27,20706.05,-1
2025-03-25,2025-03-25 12:27:00,1581.21,1581.21,1580.99,1580.99,-0.01,13.27,20706.05,-1
2025-03-25,2025-03-25 12:28:00,1580.99,1580.99,1580.78,1580.78,-0.01,13.27,20706.05,-1
2025-03-25,2025-03-25 12:29:00,1580.78,1580.78,1580.56,1580.56,-0.01,13.27,20706.05,-1
2025-03-25,2025-03-25 12:30:00,1580.56,1580.56,1580.34,1580.34,-0.01,13.27,20706.05,-1
2025-03-25,2025-03-25 12:31:00,1580.34,1580.34,1580.13,1580.13,-0.01,13.27,20706.05,-1
2025-03-25,2025-03-25 12:32:00,1580.13,1580.13,1579.91,1579.91,-0.01,13.27,20706.05,-1
2025-03-25,2025-03-25 12:33:00,1579.91,1579.91,1579.7,1579.7,-0.01,13.27,20706.05,-1
2025-03-25,2025-03-25 12:34:00,1579.7,1579.7,1579.48,1579.48,-0.01,13.27,20706.05,-1
2025-03-25,2025-03-25 12:35:00,1579.48,1579.48,1579.26,1579.26,-0.01,13.27,20706.05,-1
2025-03-25,2025-03-25 12:36:00,1579.26,1579.26,1579.05,1579.05,-0.01,13.27,20706.05,-1
2025-03-25,2025-03-25 12:37:00,1579.05,1579.05,1578.83,1578.83,-0.01,13.27,20706.05,-1
2025-03-25,2025-03-25 12:38:00,1578.83,1578.83,1578.62,1578.62,-0.01,13.27,20706.05,-1
2025-03-25,2025-03-25 12:39:00,1578.62,1578.62,1578.4,1578.4,-0.01,13.27,20706.05,-1
2025-03-25,2025-03-25 12:40:00,1578.4,1578.4,1578.18,1578.18,-0.01,13.27,20706.05,-1
2025-03-25,2025-03-25 12:41:00,1578.18,1578.18,1577.97,1577.97,-0.01,13.27,20706.05,-1
2025-03-25,2025-03-25 12:42:00,1577.97,1577.97,1577.75,1577.75,-0.01,13.27,20706.05,-1
2025-03-25,2025-03-25 12:43:00,1577.75,1577.75,1577.54,1577.54,-0.01,13.27,20706.05,-1
2025-03-25,2025-03-25 12:44:00,1577.54,1577.54,1577.32,1577.32,-0.01,13.27,20706.05,-1
2025-03-25,2025-03-25 12:45:00,1577.32,1577.32,1577.1,1577.1,-0.01,13.27,20706.05,-1
2025-03-25,2025-03-25 12:46:00,1577.1,1577.1,1576.89,1576.89,-0.01,13.27,20706.05,-1
2025-03-25,2025-03-25 12:47:00,1576.89,1576.89,1576.67,1576.67,-0.01,13.27,20706.05,-1
2025-03-25,2025-03-25 12:48:00,1576.67,1576.67,1576.46,1576.46,-0.01,13.27,20706.05,-1
2025-03-25,2025-03-25 12:49:00,1576.46,1576.46,1576.24,1576.24,-0.01,13.27,20706.05,-1
2025-03-25,2025-03-25 12:50:00,1576.24,1576.24,1576.02,1576.02,-0.01,13.27,20706.05,-1
2025-03-25,2025-03-25 12:51:00,1576.02,1576.02,1575.81,1575.81,-0.01,13.27,20706.05,-1
2025-03-25,2025-03-25 12:52:00,1575.81,1575.81,1575.59,1575.59,-0.01,13.27,20706.05,-1
2025-03-25,2025-03-25 12:53:00,1575.59,1575.59,1575.38,1575.38,-0.01,13.27,20706.05,-1
2025-03-25,2025-03-25 12:54:00,1575.38,1575.38,1575.16,1575.16,-0.01,13.27,20706.05,-1
2025-03-25,2025-03-25 12:55:00,1575.16,1575.16,1574.94,1574.94,-0.01,13.27,20706.05,-1
2025-03-25,2025-03-25 12:56:00,1574.94,1574.94,1574.73,1574.73,-0.01,13.27,20706.05,-1
2025-03-25,2025-03-25 12:57:00,1574.73,1574.73,1574.51,1574.51,-0.01,13.27,20706.05,-1
2025-03-25,2025-03-25 12:58:00,1574.51,1574.51,1574.3,1574.3,-0.01,13.27,20706.05,-1
2025-03-25,2025-03-25 12:59:00,1574.3,1574.3,1574.08,1574.08,-0.01,13.27,20706.05,-1
2025-03-25,2025-03-25 13:00:00,1574.08,1600.0,1545.0,1573.86,-0.01,13.27,20706.05,-1
2025-03-25,2025-03-25 13:01:00,1573.86,1573.86,1573.65,1573.65,-0.01,13.27,20706.05,-1
2025-03-25,2025-03-25 13:02:00,1573.65,1573.65,1573.43,1573.43,-0.01,13.27,20706.05,-1
2025-03-25,2025-03-25 13:03:00,1573.43,1573.43,1573.22,1573.22,-0.01,13.27,20706.05,-1
2025-03-25,2025-03-25 13:04:00,1573.22,1573.22,1573.0,1573.0,-0.01,13.27,20706.05,-1
2025-03-25,2025-03-25 13:05:00,1573.0,1573.0,1572.78,1572.78,-0.01,13.27,20706.05,-1
2025-03-25,2025-03-25 13:06:00,1572.78,1572.78,1572.57,1572.57,-0.01,13.27,20706.05,-1
2025-03-25,2025-03-25 13:07:00,1572.57,1572.57,1572.35,1572.35,-0.01,13.27,20706.05,-1
2025-03-25,2025-03-25 13:08:00,1572.35,1572.35,1572.14,1572.14,-0.01,13.27,20706.05,-1
2025-03-25,2025-03-25 13:09:00,1572.14,1572.14,1571.92,1571.92,-0.01,13.27,20706.05,-1
2025-03-25,2025-03-25 13:10:00,1571.92,1571.92,1571.7,1571.7,-0.01,13.27,20706.05,-1
2025-03-25,2025-03-25 13:11:00,1571.7,1571.7,1571.49,1571.49,-0.01,13.27,20706.05,-1
2025-03-25,2025-03-25 13:12:00,1571.49,1571.49,1571.27,1571.27,-0.01,13.27,20706.05,-1
2025-03-25,2025-03-25 13:13:00,1571.27,1571.27,1571.06,1571.06,-0.01,13.27,20706.05,-1
2025-03-25,2025-03-25 13:14:00,1571.06,1571.06,1570.84,1570.84,-0.01,13.27,20706.05,-1
2025-03-25,2025-03-25 13:15:00,1570.84,1570.84,1570.62,1570.62,-0.01,13.27,20706.05,-1
2025-03-25,2025-03-25 13:16:00,1570.62,1570.62,1570.41,1570.41,-0.01,13.27,20706.05,-1
2025-03-25,2025-03-25 13:17:00,1570.41,1570.41,1570.19,1570.19,-0.01,13.27,20706.05,-1
2025-03-25,2025-03-25 13:18:00,1570.19,1570.19,1569.98,1569.98,-0.01,13.27,20706.05,-1
2025-03-25,2025-03-25 13:19:00,1569.98,1569.98,1569.76,1569.76,-0.01,13.27,20706.05,-1
2025-03-25,2025-03-25 13:20:00,1569.76,1569.76,1569.54,1569.54,-0.01,13.27,20706.05,-1
2025-03-25,2025-03-25 13:21:00,1569.54,1569.54,1569.33,1569.33,-0.01,13.27,20706.05,-1
2025-03-25,2025-03-25 13:22:00,1569.33,1569.33,1569.11,1569.11,-0.01,13.27,20706.05,-1
2025-03-25,2025-03-25 13:23:00,1569.11,1569.11,1568.9,1568.9,-0.01,13.27,20706.05,-1
2025-03-25,2025-03-25 13:24:00,1568.9,1568.9,1568.68,1568.68,-0.01,13.27,20706.05,-1
2025-03-25,2025-03-25 13:25:00,1568.68,1568.68,1568.46,1568.46,-0.01,13.27,20706.05,-1
2025-03-25,2025-03-25 13:26:00,1568.46,1568.46,1568.25,1568.25,-0.01,13.27,20706.05,-1
2025-03-25,2025-03-25 13:27:00,1568.25,1568.25,1568.03,1568.03,-0.01,13.27,20706.05,-1
2025-03-25,2025-03-25 13:28:00,1568.03,1568.03,1567.82,1567.82,-0.01,13.27,20706.05,-1
2025-03-25,2025-03-25 13:29:00,1567.82,1567.82,1567.6,1567.6,-0.01,13.27,20706.05,-1
2025-03-25,2025-03-25 13:30:00,1567.6,1567.6,1567.38,1567.38,-0.01,13.27,20706.05,-1
2025-03-25,2025-03-25 13:31:00,1567.38,1567.38,1567.17,1567.17,-0.01,13.27,20706.05,-1
2025-03-25,2025-03-25 13:32:00,1567.17,1567.17,1566.95,1566.95,-0.01,13.27,20706.05,-1
2025-03-25,2025-03-25 13:33:00,1566.95,1566.95,1566.74,1566.74,-0.01,13.27,20706.05,-1
2025-03-25,2025-03-25 13:34:00,1566.74,1566.74,1566.52,1566.52,-0.01,13.27,20706.05,-1
2025-03-25,2025-03-25 13:35:00,1566.52,1566.52,1566.3,1566.3,-0.01,13.27,20706.05,-1
2025-03-25,2025-03-25 13:36:00,1566.3,1566.3,1566.09,1566.09,-0.01,13.27,20706.05,-1
2025-03-25,2025-03-25 13:37:00,1566.09,1566.09,1565.87,1565.87,-0.01,13.27,20706.05,-1
2025-03-25,2025-03-25 13:38:00,1565.87,1565.87,1565.66,1565.66,-0.01,13.27,20706.05,-1
2025-03-25,2025-03-25 13:39:00,1565.66,1565.66,1565.44,1565.44,-0.01,13.27,20706.05,-1
2025-03-25,2025-03-25 13:40:00,1565.44,1565.44,1565.22,1565.22,-0.01,13.27,20706.05,-1
2025-03-25,2025-03-25 13:41:00,1565.22,1565.22,1565.01,1565.01,-0.01,13.27,20706.05,-1
2025-03-25,2025-03-25 13:42:00,1565.01,1565.01,1564.79,1564.79,-0.01,13.27,20706.05,-1
2025-03-25,2025-03-25 13:43:00,1564.79,1564.79,1564.58,1564.58,-0.01,13.27,20706.05,-1
2025-03-25,2025-03-25 13:44:00,1564.58,1564.58,1564.36,1564.36,-0.01,13.27,20706.05,-1
2025-03-25,2025-03-25 13:45:00,1564.36,1564.36,1564.14,1564.14,-0.01,13.27,20706.05,-1
2025-03-25,2025-03-25 13:46:00,1564.14,1564.14,1563.93,1563.93,-0.01,13.27,20706.05,-1
2025-03-25,2025-03-25 13:47:00,1563.93,1563.93,1563.71,1563.71,-0.01,13.27,20706.05,-1
2025-03-25,2025-03-25 13:48:00,1563.71,1563.71,1563.5,1563.5,-0.01,13.27,20706.05,-1
2025-03-25,2025-03-25 13:49:00,1563.5,1563.5,1563.28,1563.28,-0.01,13.27,20706.05,-1
2025-03-25,2025-03-25 13:50:00,1563.28,1563.28,1563.06,1563.06,-0.01,13.27,20706.05,-1
2025-03-25,2025-03-25 13:51:00,1563.06,1563.06,1562.85,1562.85,-0.01,13.27,20706.05,-1
2025-03-25,2025-03-25 13:52:00,1562.85,1562.85,1562.63,1562.63,-0.01,13.27,20706.05,-1
2025-03-25,2025-03-25 13:53:00,1562.63,1562.63,1562.42,1562.42,-0.01,13.27,20706.05,-1
2025-03-25,2025-03-25 13:54:00,1562.42,1562.42,1562.2,1562.2,-0.01,13.27,20706.05,-1
2025-03-25,2025-03-25 13:55:00,1562.2,1562.2,1561.98,1561.98,-0.01,13.27,20706.05,-1
2025-03-25,2025-03-25 13:56:00,1561.98,1561.98,1561.77,1561.77,-0.01,13.27,20706.05,-1
2025-03-25,2025-03-25 13:57:00,1561.77,1561.77,1561.55,1561.55,-0.01,13.27,20706.05,-1
2025-03-25,2025-03-25 13:58:00,1561.55,1561.55,1561.34,1561.34,-0.01,13.27,20706.05,-1
2025-03-25,2025-03-25 13:59:00,1561.34,1561.34,1561.12,1561.12,-0.01,13.27,20706.05,-1
2025-03-25,2025-03-25 14:00:00,1561.12,1561.12,1560.9,1560.9,-0.01,13.27,20706.05,-1
2025-03-25,2025-03-25 14:01:00,1560.9,1560.9,1560.69,1560.69,-0.01,13.27,20706.05,-1
2025-03-25,2025-03-25 14:02:00,1560.69,1560.69,1560.47,1560.47,-0.01,13.27,20706.05,-1
2025-03-25,2025-03-25 14:03:00,1560.47,1560.47,1560.26,1560.26,-0.01,13.27,20706.05,-1
2025-03-25,2025-03-25 14:04:00,1560.26,1560.26,1560.04,1560.04,-0.01,13.27,20706.05,-1
2025-03-25,2025-03-25 14:05:00,1560.04,1560.04,1559.82,1559.82,-0.01,13.27,20706.05,-1
2025-03-25,2025-03-25 14:06:00,1559.82,1559.82,1559.61,1559.61,-0.01,13.27,20706.05,-1
2025-03-25,2025-03-25 14:07:00,1559.61,1559.61,1559.39,1559.39,-0.01,13.27,20706.05,-1
2025-03-25,2025-03-25 14:08:00,1559.39,1559.39,1559.18,1559.18,-0.01,13.27,20706.05,-1
2025-03-25,2025-03-25 14:09:00,1559.18,1559.18,1558.96,1558.96,-0.01,13.27,20706.05,-1
2025-03-25,2025-03-25 14:10:00,1558.96,1558.96,1558.74,1558.74,-0.01,13.27,20706.05,-1
2025-03-25,2025-03-25 14:11:00,1558.74,1558.74,1558.53,1558.53,-0.01,13.27,20706.05,-1
2025-03-25,2025-03-25 14:12:00,1558.53,1558.53,1558.31,1558.31,-0.01,13.27,20706.05,-1
2025-03-25,2025-03-25 14:13:00,1558.31,1558.31,1558.1,1558.1,-0.01,13.27,20706.05,-1
2025-03-25,2025-03-25 14:14:00,1558.1,1558.1,1557.88,1557.88,-0.01,13.27,20706.05,-1
2025-03-25,2025-03-25 14:15:00,1557.88,1557.88,1557.66,1557.66,-0.01,13.27,20706.05,-1
2025-03-25,2025-03-25 14:16:00,1557.66,1557.66,1557.45,1557.45,-0.01,13.27,20706.05,-1
2025-03-25,2025-03-25 14:17:00,1557.45,1557.45,1557.23,1557.23,-0.01,13.27,20706.05,-1
2025-03-25,2025-03-25 14:18:00,1557.23,1557.23,1557.02,1557.02,-0.01,13.27,20706.05,-1
2025-03-25,2025-03-25 14:19:00,1557.02,1557.02,1556.8,1556.8,-0.01,13.27,20706.05,-1
2025-03-25,2025-03-25 14:20:00,1556.8,1556.8,1556.58,1556.58,-0.01,13.27,20706.05,-1
2025-03-25,2025-03-25 14:21:00,1556.58,1556.58,1556.37,1556.37,-0.01,13.27,20706.05,-1
2025-03-25,2025-03-25 14:22:00,1556.37,1556.37,1556.15,1556.15,-0.01,13.27,20706.05,-1
2025-03-25,2025-03-25 14:23:00,1556.15,1556.15,1555.94,1555.94,-0.01,13.27,20706.05,-1
2025-03-25,2025-03-25 14:24:00,1555.94,1555.94,1555.72,1555.72,-0.01,13.27,20706.05,-1
2025-03-25,2025-03-25 14:25:00,1555.72,1555.72,1555.5,1555.5,-0.01,13.27,20706.05,-1
2025-03-25,2025-03-25 14:26:00,1555.5,1555.5,1555.29,1555.29,-0.01,13.27,20706.05,-1
2025-03-25,2025-03-25 14:27:00,1555.29,1555.29,1555.07,1555.07,-0.01,13.27,20706.05,-1
2025-03-25,2025-03-25 14:28:00,1555.07,1555.07,1554.86,1554.86,-0.01,13.27,20706.05,-1
2025-03-25,2025-03-25 14:29:00,1554.86,1554.86,1554.64,1554.64,-0.01,13.27,20706.05,-1
2025-03-25,2025-03-25 14:30:00,1554.64,1554.64,1554.42,1554.42,-0.01,13.27,20706.05,-1
2025-03-25,2025-03-25 14:31:00,1554.42,1554.42,1554.21,1554.21,-0.01,13.27,20706.05,-1
2025-03-25,2025-03-25 14:32:00,1554.21,1554.21,1553.99,1553.99,-0.01,13.27,20706.05,-1
2025-03-25,2025-03-25 14:33:00,1553.99,1553.99,1553.78,1553.78,-0.01,13.27,20706.05,-1
2025-03-25,2025-03-25 14:34:00,1553.78,1553.78,1553.56,1553.56,-0.01,13.27,20706.05,-1
2025-03-25,2025-03-25 14:35:00,1553.56,1553.56,1553.34,1553.34,-0.01,13.27,20706.05,-1
2025-03-25,2025-03-25 14:36:00,1553.34,1553.34,1553.13,1553.13,-0.01,13.27,20706.05,-1
2025-03-25,2025-03-25 14:37:00,1553.13,1553.13,1552.91,1552.91,-0.01,13.27,20706.05,-1
2025-03-25,2025-03-25 14:38:00,1552.91,1552.91,1552.7,1552.7,-0.01,13.27,20706.05,-1
2025-03-25,2025-03-25 14:39:00,1552.7,1552.7,1552.48,1552.48,-0.01,13.27,20706.05,-1
2025-03-25,2025-03-25 14:40:00,1552.48,1552.48,1552.26,1552.26,-0.01,13.27,20706.05,-1
2025-03-25,2025-03-25 14:41:00,1552.26,1552.26,1552.05,1552.05,-0.01,13.27,20706.05,-1
2025-03-25,2025-03-25 14:42:00,1552.05,1552.05,1551.83,1551.83,-0.01,13.27,20706.05,-1
2025-03-25,2025-03-25 14:43:00,1551.83,1551.83,1551.62,1551.62,-0.01,13.27,20706.05,-1
2025-03-25,2025-03-25 14:44:00,1551.62,1551.62,1551.4,1551.4,-0.01,13.27,20706.05,-1
2025-03-25,2025-03-25 14:45:00,1551.4,1551.4,1551.18,1551.18,-0.01,13.27,20706.05,-1
2025-03-25,2025-03-25 14:46:00,1551.18,1551.18,1550.97,1550.97,-0.01,13.27,20706.05,-1
2025-03-25,2025-03-25 14:47:00,1550.97,1550.97,1550.75,1550.75,-0.01,13.27,20706.05,-1
2025-03-25,2025-03-25 14:48:00,1550.75,1550.75,1550.54,1550.54,-0.01,13.27,20706.05,-1
2025-03-25,2025-03-25 14:49:00,1550.54,1550.54,1550.32,1550.32,-0.01,13.27,20706.05,-1
2025-03-25,2025-03-25 14:50:00,1550.32,1550.32,1550.1,1550.1,-0.01,13.27,20706.05,-1
2025-03-25,2025-03-25 14:51:00,1550.1,1550.1,1549.89,1549.89,-0.01,13.27,20706.05,-1
2025-03-25,2025-03-25 14:52:00,1549.89,1549.89,1549.67,1549.67,-0.01,13.27,20706.05,-1
2025-03-25,2025-03-25 14:53:00,1549.67,1549.67,1549.46,1549.46,-0.01,13.27,20706.05,-1
2025-03-25,2025-03-25 14:54:00,1549.46,1549.46,1549.24,1549.24,-0.01,13.27,20706.05,-1
2025-03-25,2025-03-25 14:55:00,1549.24,1549.24,1549.02,1549.02,-0.01,13.27,20706.05,-1
2025-03-25,2025-03-25 14:56:00,1549.02,1549.02,1548.81,1548.81,-0.01,13.27,20706.05,-1
2025-03-25,2025-03-25 14:57:00,1548.81,1548.81,1548.59,1548.59,-0.01,13.27,20706.05,-1
2025-03-25,2025-03-25 14:58:00,1548.59,1548.59,1548.38,1548.38,-0.01,13.27,20706.05,-1
2025-03-25,2025-03-25 14:59:00,1548.38,1548.38,1548.16,1548.16,-0.01,13.27,20706.05,-1
2025-03-25,2025-03-25 15:00:00,1548.16,1600.0,1545.0,1548.16,0.0,13.27,20706.05,0
2025-03-26,2025-03-26 11:00:00,1550.0,1584.38,1550.0,1550.2,0.01,20.76,32867.96,1
2025-03-26,2025-03-26 11:01:00,1550.2,1550.4,1550.2,1550.4,0.01,20.76,32867.96,1
2025-03-26,2025-03-26 11:02:00,1550.4,1550.6,1550.4,1550.6,0.01,20.76,32867.96,1
2025-03-26,2025-03-26 11:03:00,1550.6,1550.8,1550.6,1550.8,0.01,20.76,32867.96,1
2025-03-26,2025-03-26 11:04:00,1550.8,1551.01,1550.8,1551.01,0.01,20.76,32867.96,1
2025-03-26,2025-03-26 11:05:00,1551.01,1551.21,1551.01,1551.21,0.01,20.76,32867.96,1
2025-03-26,2025-03-26 11:06:00,1551.21,1551.41,1551.21,1551.41,0.01,20.76,32867.96,1
2025-03-26,2025-03-26 11:07:00,1551.41,1551.61,1551.41,1551.61,0.01,20.76,32867.96,1
2025-03-26,2025-03-26 11:08:00,1551.61,1551.81,1551.61,1551.81,0.01,20.76,32867.96,1
2025-03-26,2025-03-26 11:09:00,1551.81,1552.01,1551.81,1552.01,0.01,20.76,32867.96,1
2025-03-26,2025-03-26 11:10:00,1552.01,1552.21,1552.01,1552.21,0.01,20.76,32867.96,1
2025-03-26,2025-03-26 11:11:00,1552.21,1552.41,1552.21,1552.41,0.01,20.76,32867.96,1
2025-03-26,2025-03-26 11:12:00,1552.41,1552.61,1552.41,1552.61,0.01,20.76,32867.96,1
2025-03-26,2025-03-26 11:13:00,1552.61,1552.82,1552.61,1552.82,0.01,20.76,32867.96,1
2025-03-26,2025-03-26 11:14:00,1552.82,1553.02,1552.82,1553.02,0.01,20.76,32867.96,1
2025-03-26,2025-03-26 11:15:00,1553.02,1553.22,1553.02,1553.22,0.01,20.76,32867.96,1
2025-03-26,2025-03-26 11:16:00,1553.22,1553.42,1553.22,1553.42,0.01,20.76,32867.96,1
2025-03-26,2025-03-26 11:17:00,1553.42,1553.62,1553.42,1553.62,0.01,20.76,32867.96,1
2025-03-26,2025-03-26 11:18:00,1553.62,1553.82,1553.62,1553.82,0.01,20.76,32867.96,1
2025-03-26,2025-03-26 11:19:00,1553.82,1554.02,1553.82,1554.02,0.01,20.76,32867.96,1
2025-03-26,2025-03-26 11:20:00,1554.02,1554.22,1554.02,1554.22,0.01,20.76,32867.96,1
2025-03-26,2025-03-26 11:21:00,1554.22,1554.42,1554.22,1554.42,0.01,20.76,32867.96,1
2025-03-26,2025-03-26 11:22:00,1554.42,1554.62,1554.42,1554.62,0.01,20.76,32867.96,1
2025-03-26,2025-03-26 11:23:00,1554.62,1554.83,1554.62,1554.83,0.01,20.76,32867.96,1
2025-03-26,2025-03-26 11:24:00,1554.83,1555.03,1554.83,1555.03,0.01,20.76,32867.96,1
2025-03-26,2025-03-26 11:25:00,1555.03,1555.23,1555.03,1555.23,0.01,20.76,32867.96,1
2025-03-26,2025-03-26 11:26:00,1555.23,1555.43,1555.23,1555.43,0.01,20.76,32867.96,1
2025-03-26,2025-03-26 11:27:00,1555.43,1555.63,1555.43,1555.63,0.01,20.76,32867.96,1
2025-03-26,2025-03-26 11:28:00,1555.63,1555.83,1555.63,1555.83,0.01,20.76,32867.96,1
2025-03-26,2025-03-26 11:29:00,1555.83,1556.03,1555.83,1556.03,0.01,20.76,32867.96,1
2025-03-26,2025-03-26 11:30:00,1556.03,1556.23,1556.03,1556.23,0.01,20.76,32867.96,1
2025-03-26,2025-03-26 11:31:00,1556.23,1556.43,1556.23,1556.43,0.01,20.76,32867.96,1
2025-03-26,2025-03-26 11:32:00,1556.43,1556.64,1556.43,1556.64,0.01,20.76,32867.96,1
2025-03-26,2025-03-26 11:33:00,1556.64,1556.84,1556.64,1556.84,0.01,20.76,32867.96,1
2025-03-26,2025-03-26 11:34:00,1556.84,1557.04,1556.84,1557.04,0.01,20.76,32867.96,1
2025-03-26,2025-03-26 11:35:00,1557.04,1557.24,1557.04,1557.24,0.01,20.76,32867.96,1
2025-03-26,2025-03-26 11:36:00,1557.24,1557.44,1557.24,1557.44,0.01,20.76,32867.96,1
2025-03-26,2025-03-26 11:37:00,1557.44,1557.64,1557.44,1557.64,0.01,20.76,32867.96,1
2025-03-26,2025-03-26 11:38:00,1557.64,1557.84,1557.64,1557.84,0.01,20.76,32867.96,1
2025-03-26,2025-03-26 11:39:00,1557.84,1558.04,1557.84,1558.04,0.01,20.76,32867.96,1
2025-03-26,2025-03-26 11:40:00,1558.04,1558.24,1558.04,1558.24,0.01,20.76,32867.96,1
2025-03-26,2025-03-26 11:41:00,1558.24,1558.45,1558.24,1558.45,0.01,20.76,32867.96,1
2025-03-26,2025-03-26 11:42:00,1558.45,1558.65,1558.45,1558.65,0.01,20.76,32867.96,1
2025-03-26,2025-03-26 11:43:00,1558.65,1558.85,1558.65,1558.85,0.01,20.76,32867.96,1
2025-03-26,2025-03-26 11:44:00,1558.85,1559.05,1558.85,1559.05,0.01,20.76,32867.96,1
2025-03-26,2025-03-26 11:45:00,1559.05,1559.25,1559.05,1559.25,0.01,20.76,32867.96,1
2025-03-26,2025-03-26 11:46:00,1559.25,1559.45,1559.25,1559.45,0.01,20.76,32867.96,1
2025-03-26,2025-03-26 11:47:00,1559.45,1559.65,1559.45,1559.65,0.01,20.76,32867.96,1
2025-03-26,2025-03-26 11:48:00,1559.65,1559.85,1559.65,1559.85,0.01,20.76,32867.96,1
2025-03-26,2025-03-26 11:49:00,1559.85,1560.05,1559.85,1560.05,0.01,20.76,32867.96,1
2025-03-26,2025-03-26 11:50:00,1560.05,1560.26,1560.05,1560.26,0.01,20.76,32867.96,1
2025-03-26,2025-03-26 11:51:00,1560.26,1560.46,1560.26,1560.46,0.01,20.76,32867.96,1
2025-03-26,2025-03-26 11:52:00,1560.46,1560.66,1560.46,1560.66,0.01,20.76,32867.96,1
2025-03-26,2025-03-26 11:53:00,1560.66,1560.86,1560.66,1560.86,0.01,20.76,32867.96,1
2025-03-26,2025-03-26 11:54:00,1560.86,1561.06,1560.86,1561.06,0.01,20.76,32867.96,1
2025-03-26,2025-03-26 11:55:00,1561.06,1561.26,1561.06,1561.26,0.01,20.76,32867.96,1
2025-03-26,2025-03-26 11:56:00,1561.26,1561.46,1561.26,1561.46,0.01,20.76,32867.96,1
2025-03-26,2025-03-26 11:57:00,1561.46,1561.66,1561.46,1561.66,0.01,20.76,32867.96,1
2025-03-26,2025-03-26 11:58:00,1561.66,1561.86,1561.66,1561.86,0.01,20.76,32867.96,1
2025-03-26,2025-03-26 11:59:00,1561.86,1562.07,1561.86,1562.07,0.01,20.76,32867.96,1
2025-03-26,2025-03-26 12:00:00,1562.07,1562.27,1562.07,1562.27,0.01,20.76,32867.96,1
2025-03-26,2025-03-26 12:01:00,1562.27,1562.47,1562.27,1562.47,0.01,20.76,32867.96,1
2025-03-26,2025-03-26 12:02:00,1562.47,1562.67,1562.47,1562.67,0.01,20.76,32867.96,1
2025-03-26,2025-03-26 12:03:00,1562.67,1562.87,1562.67,1562.87,0.01,20.76,32867.96,1
2025-03-26,2025-03-26 12:04:00,1562.87,1563.07,1562.87,1563.07,0.01,20.76,32867.96,1
2025-03-26,2025-03-26 12:05:00,1563.07,1563.27,1563.07,1563.27,0.01,20.76,32867.96,1
2025-03-26,2025-03-26 12:06:00,1563.27,1563.47,1563.27,1563.47,0.01,20.76,32867.96,1
2025-03-26,2025-03-26 12:07:00,1563.47,1563.67,1563.47,1563.67,0.01,20.76,32867.96,1
2025-03-26,2025-03-26 12:08:00,1563.67,1563.87,1563.67,1563.87,0.01,20.76,32867.96,1
2025-03-26,2025-03-26 12:09:00,1563.87,1564.08,1563.87,1564.08,0.01,20.76,32867.96,1
2025-03-26,2025-03-26 12:10:00,1564.08,1564.28,1564.08,1564.28,0.01,20.76,32867.96,1
2025-03-26,2025-03-26 12:11:00,1564.28,1564.48,1564.28,1564.48,0.01,20.76,32867.96,1
2025-03-26,2025-03-26 12:12:00,1564.48,1564.68,1564.48,1564.68,0.01,20.76,32867.96,1
2025-03-26,2025-03-26 12:13:00,1564.68,1564.88,1564.68,1564.88,0.01,20.76,32867.96,1
2025-03-26,2025-03-26 12:14:00,1564.88,1565.08,1564.88,1565.08,0.01,20.76,32867.96,1
2025-03-26,2025-03-26 12:15:00,1565.08,1565.28,1565.08,1565.28,0.01,20.76,32867.96,1
2025-03-26,2025-03-26 12:16:00,1565.28,1565.48,1565.28,1565.48,0.01,20.76,32867.96,1
2025-03-26,2025-03-26 12:17:00,1565.48,1565.68,1565.48,1565.68,0.01,20.76,32867.96,1
2025-03-26,2025-03-26 12:18:00,1565.68,1565.89,1565.68,1565.89,0.01,20.76,32867.96,1
2025-03-26,2025-03-26 12:19:00,1565.89,1566.09,1565.89,1566.09,0.01,20.76,32867.96,1
2025-03-26,2025-03-26 12:20:00,1566.09,1566.29,1566.09,1566.29,0.01,20.76,32867.96,1
2025-03-26,2025-03-26 12:21:00,1566.29,1566.49,1566.29,1566.49,0.01,20.76,32867.96,1
2025-03-26,2025-03-26 12:22:00,1566.49,1566.69,1566.49,1566.69,0.01,20.76,32867.96,1
2025-03-26,2025-03-26 12:23:00,1566.69,1566.89,1566.69,1566.89,0.01,20.76,32867.96,1
2025-03-26,2025-03-26 12:24:00,1566.89,1567.09,1566.89,1567.09,0.01,20.76,32867.96,1
2025-03-26,2025-03-26 12:25:00,1567.09,1567.29,1567.09,1567.29,0.01,20.76,32867.96,1
2025-03-26,2025-03-26 12:26:00,1567.29,1567.49,1567.29,1567.49,0.01,20.76,32867.96,1
2025-03-26,2025-03-26 12:27:00,1567.49,1567.7,1567.49,1567.7,0.01,20.76,32867.96,1
2025-03-26,2025-03-26 12:28:00,1567.7,1567.9,1567.7,1567.9,0.01,20.76,32867.96,1
2025-03-26,2025-03-26 12:29:00,1567.9,1568.1,1567.9,1568.1,0.01,20.76,32867.96,1
2025-03-26,2025-03-26 12:30:00,1568.1,1568.3,1568.1,1568.3,0.01,20.76,32867.96,1
2025-03-26,2025-03-26 12:31:00,1568.3,1568.5,1568.3,1568.5,0.01,20.76,32867.96,1
2025-03-26,2025-03-26 12:32:00,1568.5,1568.7,1568.5,1568.7,0.01,20.76,32867.96,1
2025-03-26,2025-03-26 12:33:00,1568.7,1568.9,1568.7,1568.9,0.01,20.76,32867.96,1
2025-03-26,2025-03-26 12:34:00,1568.9,1569.1,1568.9,1569.1,0.01,20.76,32867.96,1
2025-03-26,2025-03-26 12:35:00,1569.1,1569.3,1569.1,1569.3,0.01,20.76,32867.96,1
2025-03-26,2025-03-26 12:36:00,1569.3,1569.51,1569.3,1569.51,0.01,20.76,32867.96,1
2025-03-26,2025-03-26 12:37:00,1569.51,1569.71,1569.51,1569.71,0.01,20.76,32867.96,1
2025-03-26,2025-03-26 12:38:00,1569.71,1569.91,1569.71,1569.91,0.01,20.76,32867.96,1
2025-03-26,2025-03-26 12:39:00,1569.91,1570.11,1569.91,1570.11,0.01,20.76,32867.96,1
2025-03-26,2025-03-26 12:40:00,1570.11,1570.31,1570.11,1570.31,0.01,20.76,32867.96,1
2025-03-26,2025-03-26 12:41:00,1570.31,1570.51,1570.31,1570.51,0.01,20.76,32867.96,1
2025-03-26,2025-03-26 12:42:00,1570.51,1570.71,1570.51,1570.71,0.01,20.76,32867.96,1
2025-03-26,2025-03-26 12:43:00,1570.71,1570.91,1570.71,1570.91,0.01,20.76,32867.96,1
2025-03-26,2025-03-26 12:44:00,1570.91,1571.11,1570.91,1571.11,0.01,20.76,32867.96,1
2025-03-26,2025-03-26 12:45:00,1571.11,1571.31,1571.11,1571.31,0.01,20.76,32867.96,1
2025-03-26,2025-03-26 12:46:00,1571.31,1571.52,1571.31,1571.52,0.01,20.76,32867.96,1
2025-03-26,2025-03-26 12:47:00,1571.52,1571.72,1571.52,1571.72,0.01,20.76,32867.96,1
2025-03-26,2025-03-26 12:48:00,1571.72,1571.92,1571.72,1571.92,0.01,20.76,32867.96,1
2025-03-26,2025-03-26 12:49:00,1571.92,1572.12,1571.92,1572.12,0.01,20.76,32867.96,1
2025-03-26,2025-03-26 12:50:00,1572.12,1572.32,1572.12,1572.32,0.01,20.76,32867.96,1
2025-03-26,2025-03-26 12:51:00,1572.32,1572.52,1572.32,1572.52,0.01,20.76,32867.96,1
2025-03-26,2025-03-26 12:52:00,1572.52,1572.72,1572.52,1572.72,0.01,20.76,32867.96,1
2025-03-26,2025-03-26 12:53:00,1572.72,1572.92,1572.72,1572.92,0.01,20.76,32867.96,1
2025-03-26,2025-03-26 12:54:00,1572.92,1573.12,1572.92,1573.12,0.01,20.76,32867.96,1
2025-03-26,2025-03-26 12:55:00,1573.12,1573.33,1573.12,1573.33,0.01,20.76,32867.96,1
2025-03-26,2025-03-26 12:56:00,1573.33,1573.53,1573.33,1573.53,0.01,20.76,32867.96,1
2025-03-26,2025-03-26 12:57:00,1573.53,1573.73,1573.53,1573.73,0.01,20.76,32867.96,1
2025-03-26,2025-03-26 12:58:00,1573.73,1573.93,1573.73,1573.93,0.01,20.76,32867.96,1
2025-03-26,2025-03-26 12:59:00,1573.93,1574.13,1573.93,1574.13,0.01,20.76,32867.96,1
2025-03-26,2025-03-26 13:00:00,1574.13,1664.6,1550.0,1574.33,0.01,20.76,32867.96,1
2025-03-26,2025-03-26 13:01:00,1574.33,1574.53,1574.33,1574.53,0.01,20.76,32867.96,1
2025-03-26,2025-03-26 13:02:00,1574.53,1574.73,1574.53,1574.73,0.01,20.76,32867.96,1
2025-03-26,2025-03-26 13:03:00,1574.73,1574.93,1574.73,1574.93,0.01,20.76,32867.96,1
2025-03-26,2025-03-26 13:04:00,1574.93,1575.14,1574.93,1575.14,0.01,20.76,32867.96,1
2025-03-26,2025-03-26 13:05:00,1575.14,1575.34,1575.14,1575.34,0.01,20.76,32867.96,1
2025-03-26,2025-03-26 13:06:00,1575.34,1575.54,1575.34,1575.54,0.01,20.76,32867.96,1
2025-03-26,2025-03-26 13:07:00,1575.54,1575.74,1575.54,1575.74,0.01,20.76,32867.96,1
2025-03-26,2025-03-26 13:08:00,1575.74,1575.94,1575.74,1575.94,0.01,20.76,32867.96,1
2025-03-26,2025-03-26 13:09:00,1575.94,1576.14,1575.94,1576.14,0.01,20.76,32867.96,1
2025-03-26,2025-03-26 13:10:00,1576.14,1576.34,1576.14,1576.34,0.01,20.76,32867.96,1
2025-03-26,2025-03-26 13:11:00,1576.34,1576.54,1576.34,1576.54,0.01,20.76,32867.96,1
2025-03-26,2025-03-26 13:12:00,1576.54,1576.74,1576.54,1576.74,0.01,20.76,32867.96,1
2025-03-26,2025-03-26 13:13:00,1576.74,1576.95,1576.74,1576.95,0.01,20.76,32867.96,1
2025-03-26,2025-03-26 13:14:00,1576.95,1577.15,1576.95,1577.15,0.01,20.76,32867.96,1
2025-03-26,2025-03-26 13:15:00,1577.15,1577.35,1577.15,1577.35,0.01,20.76,32867.96,1
2025-03-26,2025-03-26 13:16:00,1577.35,1577.55,1577.35,1577.55,0.01,20.76,32867.96,1
2025-03-26,2025-03-26 13:17:00,1577.55,1577.75,1577.55,1577.75,0.01,20.76,32867.96,1
2025-03-26,2025-03-26 13:18:00,1577.75,1577.95,1577.75,1577.95,0.01,20.76,32867.96,1
2025-03-26,2025-03-26 13:19:00,1577.95,1578.15,1577.95,1578.15,0.01,20.76,32867.96,1
2025-03-26,2025-03-26 13:20:00,1578.15,1578.35,1578.15,1578.35,0.01,20.76,32867.96,1
2025-03-26,2025-03-26 13:21:00,1578.35,1578.55,1578.35,1578.55,0.01,20.76,32867.96,1
2025-03-26,2025-03-26 13:22:00,1578.55,1578.75,1578.55,1578.75,0.01,20.76,32867.96,1
2025-03-26,2025-03-26 13:23:00,1578.75,1578.96,1578.75,1578.96,0.01,20.76,32867.96,1
2025-03-26,2025-03-26 13:24:00,1578.96,1579.16,1578.96,1579.16,0.01,20.76,32867.96,1
2025-03-26,2025-03-26 13:25:00,1579.16,1579.36,1579.16,1579.36,0.01,20.76,32867.96,1
2025-03-26,2025-03-26 13:26:00,1579.36,1579.56,1579.36,1579.56,0.01,20.76,32867.96,1
2025-03-26,2025-03-26 13:27:00,1579.56,1579.76,1579.56,1579.76,0.01,20.76,32867.96,1
2025-03-26,2025-03-26 13:28:00,1579.76,1579.96,1579.76,1579.96,0.01,20.76,32867.96,1
2025-03-26,2025-03-26 13:29:00,1579.96,1580.16,1579.96,1580.16,0.01,20.76,32867.96,1
2025-03-26,2025-03-26 13:30:00,1580.16,1580.36,1580.16,1580.36,0.01,20.76,32867.96,1
2025-03-26,2025-03-26 13:31:00,1580.36,1580.56,1580.36,1580.56,0.01,20.76,32867.96,1
2025-03-26,2025-03-26 13:32:00,1580.56,1580.77,1580.56,1580.77,0.01,20.76,32867.96,1
2025-03-26,2025-03-26 13:33:00,1580.77,1580.97,1580.77,1580.97,0.01,20.76,32867.96,1
2025-03-26,2025-03-26 13:34:00,1580.97,1581.17,1580.97,1581.17,0.01,20.76,32867.96,1
2025-03-26,2025-03-26 13:35:00,1581.17,1581.37,1581.17,1581.37,0.01,20.76,32867.96,1
2025-03-26,2025-03-26 13:36:00,1581.37,1581.57,1581.37,1581.57,0.01,20.76,32867.96,1
2025-03-26,2025-03-26 13:37:00,1581.57,1581.77,1581.57,1581.77,0.01,20.76,32867.96,1
2025-03-26,2025-03-26 13:38:00,1581.77,1581.97,1581.77,1581.97,0.01,20.76,32867.96,1
2025-03-26,2025-03-26 13:39:00,1581.97,1582.17,1581.97,1582.17,0.01,20.76,32867.96,1
2025-03-26,2025-03-26 13:40:00,1582.17,1582.37,1582.17,1582.37,0.01,20.76,32867.96,1
2025-03-26,2025-03-26 13:41:00,1582.37,1582.58,1582.37,1582.58,0.01,20.76,32867.96,1
2025-03-26,2025-03-26 13:42:00,1582.58,1582.78,1582.58,1582.78,0.01,20.76,32867.96,1
2025-03-26,2025-03-26 13:43:00,1582.78,1582.98,1582.78,1582.98,0.01,20.76,32867.96,1
2025-03-26,2025-03-26 13:44:00,1582.98,1583.18,1582.98,1583.18,0.01,20.76,32867.96,1
2025-03-26,2025-03-26 13:45:00,1583.18,1583.38,1583.18,1583.38,0.01,20.76,32867.96,1
2025-03-26,2025-03-26 13:46:00,1583.38,1583.58,1583.38,1583.58,0.01,20.76,32867.96,1
2025-03-26,2025-03-26 13:47:00,1583.58,1583.78,1583.58,1583.78,0.01,20.76,32867.96,1
2025-03-26,2025-03-26 13:48:00,1583.78,1583.98,1583.78,1583.98,0.01,20.76,32867.96,1
2025-03-26,2025-03-26 13:49:00,1583.98,1584.18,1583.98,1584.18,0.01,20.76,32867.96,1
2025-03-26,2025-03-26 13:50:00,1584.18,1584.39,1584.18,1584.39,0.01,20.76,32867.96,1
2025-03-26,2025-03-26 13:51:00,1584.39,1584.59,1584.39,1584.59,0.01,20.76,32867.96,1
2025-03-26,2025-03-26 13:52:00,1584.59,1584.79,1584.59,1584.79,0.01,20.76,32867.96,1
2025-03-26,2025-03-26 13:53:00,1584.79,1584.99,1584.79,1584.99,0.01,20.76,32867.96,1
2025-03-26,2025-03-26 13:54:00,1584.99,1585.19,1584.99,1585.19,0.01,20.76,32867.96,1
2025-03-26,2025-03-26 13:55:00,1585.19,1585.39,1585.19,1585.39,0.01,20.76,32867.96,1
2025-03-26,2025-03-26 13:56:00,1585.39,1585.59,1585.39,1585.59,0.01,20.76,32867.96,1
2025-03-26,2025-03-26 13:57:00,1585.59,1585.79,1585.59,1585.79,0.01,20.76,32867.96,1
2025-03-26,2025-03-26 13:58:00,1585.79,1585.99,1585.79,1585.99,0.01,20.76,32867.96,1
2025-03-26,2025-03-26 13:59:00,1585.99,1586.19,1585.99,1586.19,0.01,20.76,32867.96,1
2025-03-26,2025-03-26 14:00:00,1586.19,1586.4,1586.19,1586.4,0.01,20.76,32867.96,1
2025-03-26,2025-03-26 14:01:00,1586.4,1586.6,1586.4,1586.6,0.01,20.76,32867.96,1
2025-03-26,2025-03-26 14:02:00,1586.6,1586.8,1586.6,1586.8,0.01,20.76,32867.96,1
2025-03-26,2025-03-26 14:03:00,1586.8,1587.0,1586.8,1587.0,0.01,20.76,32867.96,1
2025-03-26,2025-03-26 14:04:00,1587.0,1587.2,1587.0,1587.2,0.01,20.76,32867.96,1
2025-03-26,2025-03-26 14:05:00,1587.2,1587.4,1587.2,1587.4,0.01,20.76,32867.96,1
2025-03-26,2025-03-26 14:06:00,1587.4,1587.6,1587.4,1587.6,0.01,20.76,32867.96,1
2025-03-26,2025-03-26 14:07:00,1587.6,1587.8,1587.6,1587.8,0.01,20.76,32867.96,1
2025-03-26,2025-03-26 14:08:00,1587.8,1588.0,1587.8,1588.0,0.01,20.76,32867.96,1
2025-03-26,2025-03-26 14:09:00,1588.0,1588.21,1588.0,1588.21,0.01,20.76,32867.96,1
2025-03-26,2025-03-26 14:10:00,1588.21,1588.41,1588.21,1588.41,0.01,20.76,32867.96,1
2025-03-26,2025-03-26 14:11:00,1588.41,1588.61,1588.41,1588.61,0.01,20.76,32867.96,1
2025-03-26,2025-03-26 14:12:00,1588.61,1588.81,1588.61,1588.81,0.01,20.76,32867.96,1
2025-03-26,2025-03-26 14:13:00,1588.81,1589.01,1588.81,1589.01,0.01,20.76,32867.96,1
2025-03-26,2025-03-26 14:14:00,1589.01,1589.21,1589.01,1589.21,0.01,20.76,32867.96,1
2025-03-26,2025-03-26 14:15:00,1589.21,1589.41,1589.21,1589.41,0.01,20.76,32867.96,1
2025-03-26,2025-03-26 14:16:00,1589.41,1589.61,1589.41,1589.61,0.01,20.76,32867.96,1
2025-03-26,2025-03-26 14:17:00,1589.61,1589.81,1589.61,1589.81,0.01,20.76,32867.96,1
2025-03-26,2025-03-26 14:18:00,1589.81,1590.02,1589.81,1590.02,0.01,20.76,32867.96,1
2025-03-26,2025-03-26 14:19:00,1590.02,1590.22,1590.02,1590.22,0.01,20.76,32867.96,1
2025-03-26,2025-03-26 14:20:00,1590.22,1590.42,1590.22,1590.42,0.01,20.76,32867.96,1
2025-03-26,2025-03-26 14:21:00,1590.42,1590.62,1590.42,1590.62,0.01,20.76,32867.96,1
2025-03-26,2025-03-26 14:22:00,1590.62,1590.82,1590.62,1590.82,0.01,20.76,32867.96,1
2025-03-26,2025-03-26 14:23:00,1590.82,1591.02,1590.82,1591.02,0.01,20.76,32867.96,1
2025-03-26,2025-03-26 14:24:00,1591.02,1591.22,1591.02,1591.22,0.01,20.76,32867.96,1
2025-03-26,2025-03-26 14:25:00,1591.22,1591.42,1591.22,1591.42,0.01,20.76,32867.96,1
2025-03-26,2025-03-26 14:26:00,1591.42,1591.62,1591.42,1591.62,0.01,20.76,32867.96,1
2025-03-26,2025-03-26 14:27:00,1591.62,1591.83,1591.62,1591.83,0.01,20.76,32867.96,1
2025-03-26,2025-03-26 14:28:00,1591.83,1592.03,1591.83,1592.03,0.01,20.76,32867.96,1
2025-03-26,2025-03-26 14:29:00,1592.03,1592.23,1592.03,1592.23,0.01,20.76,32867.96,1
2025-03-26,2025-03-26 14:30:00,1592.23,1592.43,1592.23,1592.43,0.01,20.76,32867.96,1
2025-03-26,2025-03-26 14:31:00,1592.43,1592.63,1592.43,1592.63,0.01,20.76,32867.96,1
2025-03-26,2025-03-26 14:32:00,1592.63,1592.83,1592.63,1592.83,0.01,20.76,32867.96,1
2025-03-26,2025-03-26 14:33:00,1592.83,1593.03,1592.83,1593.03,0.01,20.76,32867.96,1
2025-03-26,2025-03-26 14:34:00,1593.03,1593.23,1593.03,1593.23,0.01,20.76,32867.96,1
2025-03-26,2025-03-26 14:35:00,1593.23,1593.43,1593.23,1593.43,0.01,20.76,32867.96,1
2025-03-26,2025-03-26 14:36:00,1593.43,1593.64,1593.43,1593.64,0.01,20.76,32867.96,1
2025-03-26,2025-03-26 14:37:00,1593.64,1593.84,1593.64,1593.84,0.01,20.76,32867.96,1
2025-03-26,2025-03-26 14:38:00,1593.84,1594.04,1593.84,1594.04,0.01,20.76,32867.96,1
2025-03-26,2025-03-26 14:39:00,1594.04,1594.24,1594.04,1594.24,0.01,20.76,32867.96,1
2025-03-26,2025-03-26 14:40:00,1594.24,1594.44,1594.24,1594.44,0.01,20.76,32867.96,1
2025-03-26,2025-03-26 14:41:00,1594.44,1594.64,1594.44,1594.64,0.01,20.76,32867.96,1
2025-03-26,2025-03-26 14:42:00,1594.64,1594.84,1594.64,1594.84,0.01,20.76,32867.96,1
2025-03-26,2025-03-26 14:43:00,1594.84,1595.04,1594.84,1595.04,0.01,20.76,32867.96,1
2025-03-26,2025-03-26 14:44:00,1595.04,1595.24,1595.04,1595.24,0.01,20.76,32867.96,1
2025-03-26,2025-03-26 14:45:00,1595.24,1595.44,1595.24,1595.44,0.01,20.76,32867.96,1
2025-03-26,2025-03-26 14:46:00,1595.44,1595.65,1595.44,1595.65,0.01,20.76,32867.96,1
2025-03-26,2025-03-26 14:47:00,1595.65,1595.85,1595.65,1595.85,0.01,20.76,32867.96,1
2025-03-26,2025-03-26 14:48:00,1595.85,1596.05,1595.85,1596.05,0.01,20.76,32867.96,1
2025-03-26,2025-03-26 14:49:00,1596.05,1596.25,1596.05,1596.25,0.01,20.76,32867.96,1
2025-03-26,2025-03-26 14:50:00,1596.25,1596.45,1596.25,1596.45,0.01,20.76,32867.96,1
2025-03-26,2025-03-26 14:51:00,1596.45,1596.65,1596.45,1596.65,0.01,20.76,32867.96,1
2025-03-26,2025-03-26 14:52:00,1596.65,1596.85,1596.65,1596.85,0.01,20.76,32867.96,1
2025-03-26,2025-03-26 14:53:00,1596.85,1597.05,1596.85,1597.05,0.01,20.76,32867.96,1
2025-03-26,2025-03-26 14:54:00,1597.05,1597.25,1597.05,1597.25,0.01,20.76,32867.96,1
2025-03-26,2025-03-26 14:55:00,1597.25,1597.46,1597.25,1597.46,0.01,20.76,32867.96,1
2025-03-26,2025-03-26 14:56:00,1597.46,1597.66,1597.46,1597.66,0.01,20.76,32867.96,1
2025-03-26,2025-03-26 14:57:00,1597.66,1597.86,1597.66,1597.86,0.01,20.76,32867.96,1
2025-03-26,2025-03-26 14:58:00,1597.86,1598.06,1597.86,1598.06,0.01,20.76,32867.96,1
2025-03-26,2025-03-26 14:59:00,1598.06,1598.26,1598.06,1598.26,0.01,20.76,32867.96,1
2025-03-26,2025-03-26 15:00:00,1598.26,1664.6,1550.0,1598.26,0.0,20.76,32867.96,0
2025-03-27,2025-03-27 11:00:00,1628.9,1641.23,1614.23,1628.95,0.0,19.96,32684.3,1
2025-03-27,2025-03-27 11:01:00,1628.95,1629.01,1628.95,1629.01,0.0,19.96,32684.3,1
2025-03-27,2025-03-27 11:02:00,1629.01,1629.06,1629.01,1629.06,0.0,19.96,32684.3,1
2025-03-27,2025-03-27 11:03:00,1629.06,1629.12,1629.06,1629.12,0.0,19.96,32684.3,1
2025-03-27,2025-03-27 11:04:00,1629.12,1629.17,1629.12,1629.17,0.0,19.96,32684.3,1
2025-03-27,2025-03-27 11:05:00,1629.17,1629.23,1629.17,1629.23,0.0,19.96,32684.3,1
2025-03-27,2025-03-27 11:06:00,1629.23,1629.28,1629.23,1629.28,0.0,19.96,32684.3,1
2025-03-27,2025-03-27 11:07:00,1629.28,1629.34,1629.28,1629.34,0.0,19.96,32684.3,1
2025-03-27,2025-03-27 11:08:00,1629.34,1629.39,1629.34,1629.39,0.0,19.96,32684.3,1
2025-03-27,2025-03-27 11:09:00,1629.39,1629.45,1629.39,1629.45,0.0,19.96,32684.3,1
2025-03-27,2025-03-27 11:10:00,1629.45,1629.5,1629.45,1629.5,0.0,19.96,32684.3,1
2025-03-27,2025-03-27 11:11:00,1629.5,1629.56,1629.5,1629.56,0.0,19.96,32684.3,1
2025-03-27,2025-03-27 11:12:00,1629.56,1629.61,1629.56,1629.61,0.0,19.96,32684.3,1
2025-03-27,2025-03-27 11:13:00,1629.61,1629.66,1629.61,1629.66,0.0,19.96,32684.3,1
2025-03-27,2025-03-27 11:14:00,1629.66,1629.72,1629.66,1629.72,0.0,19.96,32684.3,1
2025-03-27,2025-03-27 11:15:00,1629.72,1629.77,1629.72,1629.77,0.0,19.96,32684.3,1
2025-03-27,2025-03-27 11:16:00,1629.77,1629.83,1629.77,1629.83,0.0,19.96,32684.3,1
2025-03-27,2025-03-27 11:17:00,1629.83,1629.88,1629.83,1629.88,0.0,19.96,32684.3,1
2025-03-27,2025-03-27 11:18:00,1629.88,1629.94,1629.88,1629.94,0.0,19.96,32684.3,1
2025-03-27,2025-03-27 11:19:00,1629.94,1629.99,1629.94,1629.99,0.0,19.96,32684.3,1
2025-03-27,2025-03-27 11:20:00,1629.99,1630.05,1629.99,1630.05,0.0,19.96,32684.3,1
2025-03-27,2025-03-27 11:21:00,1630.05,1630.1,1630.05,1630.1,0.0,19.96,32684.3,1
2025-03-27,2025-03-27 11:22:00,1630.1,1630.16,1630.1,1630.16,0.0,19.96,32684.3,1
2025-03-27,2025-03-27 11:23:00,1630.16,1630.21,1630.16,1630.21,0.0,19.96,32684.3,1
2025-03-27,2025-03-27 11:24:00,1630.21,1630.27,1630.21,1630.27,0.0,19.96,32684.3,1
2025-03-27,2025-03-27 11:25:00,1630.27,1630.32,1630.27,1630.32,0.0,19.96,32684.3,1
2025-03-27,2025-03-27 11:26:00,1630.32,1630.37,1630.32,1630.37,0.0,19.96,32684.3,1
2025-03-27,2025-03-27 11:27:00,1630.37,1630.43,1630.37,1630.43,0.0,19.96,32684.3,1
2025-03-27,2025-03-27 11:28:00,1630.43,1630.48,1630.43,1630.48,0.0,19.96,32684.3,1
2025-03-27,2025-03-27 11:29:00,1630.48,1630.54,1630.48,1630.54,0.0,19.96,32684.3,1
2025-03-27,2025-03-27 11:30:00,1630.54,1630.59,1630.54,1630.59,0.0,19.96,32684.3,1
2025-03-27,2025-03-27 11:31:00,1630.59,1630.65,1630.59,1630.65,0.0,19.96,32684.3,1
2025-03-27,2025-03-27 11:32:00,1630.65,1630.7,1630.65,1630.7,0.0,19.96,32684.3,1
2025-03-27,2025-03-27 11:33:00,1630.7,1630.76,1630.7,1630.76,0.0,19.96,32684.3,1
2025-03-27,2025-03-27 11:34:00,1630.76,1630.81,1630.76,1630.81,0.0,19.96,32684.3,1
2025-03-27,2025-03-27 11:35:00,1630.81,1630.87,1630.81,1630.87,0.0,19.96,32684.3,1
2025-03-27,2025-03-27 11:36:00,1630.87,1630.92,1630.87,1630.92,0.0,19.96,32684.3,1
2025-03-27,2025-03-27 11:37:00,1630.92,1630.98,1630.92,1630.98,0.0,19.96,32684.3,1
2025-03-27,2025-03-27 11:38:00,1630.98,1631.03,1630.98,1631.03,0.0,19.96,32684.3,1
2025-03-27,2025-03-27 11:39:00,1631.03,1631.09,1631.03,1631.09,0.0,19.96,32684.3,1
2025-03-27,2025-03-27 11:40:00,1631.09,1631.14,1631.09,1631.14,0.0,19.96,32684.3,1
2025-03-27,2025-03-27 11:41:00,1631.14,1631.19,1631.14,1631.19,0.0,19.96,32684.3,1
2025-03-27,2025-03-27 11:42:00,1631.19,1631.25,1631.19,1631.25,0.0,19.96,32684.3,1
2025-03-27,2025-03-27 11:43:00,1631.25,1631.3,1631.25,1631.3,0.0,19.96,32684.3,1
2025-03-27,2025-03-27 11:44:00,1631.3,1631.36,1631.3,1631.36,0.0,19.96,32684.3,1
2025-03-27,2025-03-27 11:45:00,1631.36,1631.41,1631.36,1631.41,0.0,19.96,32684.3,1
2025-03-27,2025-03-27 11:46:00,1631.41,1631.47,1631.41,1631.47,0.0,19.96,32684.3,1
2025-03-27,2025-03-27 11:47:00,1631.47,1631.52,1631.47,1631.52,0.0,19.96,32684.3,1
2025-03-27,2025-03-27 11:48:00,1631.52,1631.58,1631.52,1631.58,0.0,19.96,32684.3,1
2025-03-27,2025-03-27 11:49:00,1631.58,1631.63,1631.58,1631.63,0.0,19.96,32684.3,1
2025-03-27,2025-03-27 11:50:00,1631.63,1631.69,1631.63,1631.69,0.0,19.96,32684.3,1
2025-03-27,2025-03-27 11:51:00,1631.69,1631.74,1631.69,1631.74,0.0,19.96,32684.3,1
2025-03-27,2025-03-27 11:52:00,1631.74,1631.8,1631.74,1631.8,0.0,19.96,32684.3,1
2025-03-27,2025-03-27 11:53:00,1631.8,1631.85,1631.8,1631.85,0.0,19.96,32684.3,1
2025-03-27,2025-03-27 11:54:00,1631.85,1631.9,1631.85,1631.9,0.0,19.96,32684.3,1
2025-03-27,2025-03-27 11:55:00,1631.9,1631.96,1631.9,1631.96,0.0,19.96,32684.3,1
2025-03-27,2025-03-27 11:56:00,1631.96,1632.01,1631.96,1632.01,0.0,19.96,32684.3,1
2025-03-27,2025-03-27 11:57:00,1632.01,1632.07,1632.01,1632.07,0.0,19.96,32684.3,1
2025-03-27,2025-03-27 11:58:00,1632.07,1632.12,1632.07,1632.12,0.0,19.96,32684.3,1
2025-03-27,2025-03-27 11:59:00,1632.12,1632.18,1632.12,1632.18,0.0,19.96,32684.3,1
2025-03-27,2025-03-27 12:00:00,1632.18,1632.23,1632.18,1632.23,0.0,19.96,32684.3,1
2025-03-27,2025-03-27 12:01:00,1632.23,1632.29,1632.23,1632.29,0.0,19.96,32684.3,1
2025-03-27,2025-03-27 12:02:00,1632.29,1632.34,1632.29,1632.34,0.0,19.96,32684.3,1
2025-03-27,2025-03-27 12:03:00,1632.34,1632.4,1632.34,1632.4,0.0,19.96,32684.3,1
2025-03-27,2025-03-27 12:04:00,1632.4,1632.45,1632.4,1632.45,0.0,19.96,32684.3,1
2025-03-27,2025-03-27 12:05:00,1632.45,1632.51,1632.45,1632.51,0.0,19.96,32684.3,1
2025-03-27,2025-03-27 12:06:00,1632.51,1632.56,1632.51,1632.56,0.0,19.96,32684.3,1
2025-03-27,2025-03-27 12:07:00,1632.56,1632.61,1632.56,1632.61,0.0,19.96,32684.3,1
2025-03-27,2025-03-27 12:08:00,1632.61,1632.67,1632.61,1632.67,0.0,19.96,32684.3,1
2025-03-27,2025-03-27 12:09:00,1632.67,1632.72,1632.67,1632.72,0.0,19.96,32684.3,1
2025-03-27,2025-03-27 12:10:00,1632.72,1632.78,1632.72,1632.78,0.0,19.96,32684.3,1
2025-03-27,2025-03-27 12:11:00,1632.78,1632.83,1632.78,1632.83,0.0,19.96,32684.3,1
2025-03-27,2025-03-27 12:12:00,1632.83,1632.89,1632.83,1632.89,0.0,19.96,32684.3,1
2025-03-27,2025-03-27 12:13:00,1632.89,1632.94,1632.89,1632.94,0.0,19.96,32684.3,1
2025-03-27,2025-03-27 12:14:00,1632.94,1633.0,1632.94,1633.0,0.0,19.96,32684.3,1
2025-03-27,2025-03-27 12:15:00,1633.0,1633.05,1633.0,1633.05,0.0,19.96,32684.3,1
2025-03-27,2025-03-27 12:16:00,1633.05,1633.11,1633.05,1633.11,0.0,19.96,32684.3,1
2025-03-27,2025-03-27 12:17:00,1633.11,1633.16,1633.11,1633.16,0.0,19.96,32684.3,1
2025-03-27,2025-03-27 12:18:00,1633.16,1633.22,1633.16,1633.22,0.0,19.96,32684.3,1
2025-03-27,2025-03-27 12:19:00,1633.22,1633.27,1633.22,1633.27,0.0,19.96,32684.3,1
2025-03-27,2025-03-27 12:20:00,1633.27,1633.32,1633.27,1633.32,0.0,19.96,32684.3,1
2025-03-27,2025-03-27 12:21:00,1633.32,1633.38,1633.32,1633.38,0.0,19.96,32684.3,1
2025-03-27,2025-03-27 12:22:00,1633.38,1633.43,1633.38,1633.43,0.0,19.96,32684.3,1
2025-03-27,2025-03-27 12:23:00,1633.43,1633.49,1633.43,1633.49,0.0,19.96,32684.3,1
2025-03-27,2025-03-27 12:24:00,1633.49,1633.54,1633.49,1633.54,0.0,19.96,32684.3,1
2025-03-27,2025-03-27 12:25:00,1633.54,1633.6,1633.54,1633.6,0.0,19.96,32684.3,1
2025-03-27,2025-03-27 12:26:00,1633.6,1633.65,1633.6,1633.65,0.0,19.96,32684.3,1
2025-03-27,2025-03-27 12:27:00,1633.65,1633.71,1633.65,1633.71,0.0,19.96,32684.3,1
2025-03-27,2025-03-27 12:28:00,1633.71,1633.76,1633.71,1633.76,0.0,19.96,32684.3,1
2025-03-27,2025-03-27 12:29:00,1633.76,1633.82,1633.76,1633.82,0.0,19.96,32684.3,1
2025-03-27,2025-03-27 12:30:00,1633.82,1633.87,1633.82,1633.87,0.0,19.96,32684.3,1
2025-03-27,2025-03-27 12:31:00,1633.87,1633.93,1633.87,1633.93,0.0,19.96,32684.3,1
2025-03-27,2025-03-27 12:32:00,1633.93,1633.98,1633.93,1633.98,0.0,19.96,32684.3,1
2025-03-27,2025-03-27 12:33:00,1633.98,1634.03,1633.98,1634.03,0.0,19.96,32684.3,1
2025-03-27,2025-03-27 12:34:00,1634.03,1634.09,1634.03,1634.09,0.0,19.96,32684.3,1
2025-03-27,2025-03-27 12:35:00,1634.09,1634.14,1634.09,1634.14,0.0,19.96,32684.3,1
2025-03-27,2025-03-27 12:36:00,1634.14,1634.2,1634.14,1634.2,0.0,19.96,32684.3,1
2025-03-27,2025-03-27 12:37:00,1634.2,1634.25,1634.2,1634.25,0.0,19.96,32684.3,1
2025-03-27,2025-03-27 12:38:00,1634.25,1634.31,1634.25,1634.31,0.0,19.96,32684.3,1
2025-03-27,2025-03-27 12:39:00,1634.31,1634.36,1634.31,1634.36,0.0,19.96,32684.3,1
2025-03-27,2025-03-27 12:40:00,1634.36,1634.42,1634.36,1634.42,0.0,19.96,32684.3,1
2025-03-27,2025-03-27 12:41:00,1634.42,1634.47,1634.42,1634.47,0.0,19.96,32684.3,1
2025-03-27,2025-03-27 12:42:00,1634.47,1634.53,1634.47,1634.53,0.0,19.96,32684.3,1
2025-03-27,2025-03-27 12:43:00,1634.53,1634.58,1634.53,1634.58,0.0,19.96,32684.3,1
2025-03-27,2025-03-27 12:44:00,1634.58,1634.64,1634.58,1634.64,0.0,19.96,32684.3,1
2025-03-27,2025-03-27 12:45:00,1634.64,1634.69,1634.64,1634.69,0.0,19.96,32684.3,1
2025-03-27,2025-03-27 12:46:00,1634.69,1634.74,1634.69,1634.74,0.0,19.96,32684.3,1
2025-03-27,2025-03-27 12:47:00,1634.74,1634.8,1634.74,1634.8,0.0,19.96,32684.3,1
2025-03-27,2025-03-27 12:48:00,1634.8,1634.85,1634.8,1634.85,0.0,19.96,32684.3,1
2025-03-27,2025-03-27 12:49:00,1634.85,1634.91,1634.85,1634.91,0.0,19.96,32684.3,1
2025-03-27,2025-03-27 12:50:00,1634.91,1634.96,1634.91,1634.96,0.0,19.96,32684.3,1
2025-03-27,2025-03-27 12:51:00,1634.96,1635.02,1634.96,1635.02,0.0,19.96,32684.3,1
2025-03-27,2025-03-27 12:52:00,1635.02,1635.07,1635.02,1635.07,0.0,19.96,32684.3,1
2025-03-27,2025-03-27 12:53:00,1635.07,1635.13,1635.07,1635.13,0.0,19.96,32684.3,1
2025-03-27,2025-03-27 12:54:00,1635.13,1635.18,1635.13,1635.18,0.0,19.96,32684.3,1
2025-03-27,2025-03-27 12:55:00,1635.18,1635.24,1635.18,1635.24,0.0,19.96,32684.3,1
2025-03-27,2025-03-27 12:56:00,1635.24,1635.29,1635.24,1635.29,0.0,19.96,32684.3,1
2025-03-27,2025-03-27 12:57:00,1635.29,1635.35,1635.29,1635.35,0.0,19.96,32684.3,1
2025-03-27,2025-03-27 12:58:00,1635.35,1635.4,1635.35,1635.4,0.0,19.96,32684.3,1
2025-03-27,2025-03-27 12:59:00,1635.4,1635.45,1635.4,1635.45,0.0,19.96,32684.3,1
2025-03-27,2025-03-27 13:00:00,1635.45,1670.0,1580.0,1635.51,0.0,19.96,32684.3,1
2025-03-27,2025-03-27 13:01:00,1635.51,1635.56,1635.51,1635.56,0.0,19.96,32684.3,1
2025-03-27,2025-03-27 13:02:00,1635.56,1635.62,1635.56,1635.62,0.0,19.96,32684.3,1
2025-03-27,2025-03-27 13:03:00,1635.62,1635.67,1635.62,1635.67,0.0,19.96,32684.3,1
2025-03-27,2025-03-27 13:04:00,1635.67,1635.73,1635.67,1635.73,0.0,19.96,32684.3,1
2025-03-27,2025-03-27 13:05:00,1635.73,1635.78,1635.73,1635.78,0.0,19.96,32684.3,1
2025-03-27,2025-03-27 13:06:00,1635.78,1635.84,1635.78,1635.84,0.0,19.96,32684.3,1
2025-03-27,2025-03-27 13:07:00,1635.84,1635.89,1635.84,1635.89,0.0,19.96,32684.3,1
2025-03-27,2025-03-27 13:08:00,1635.89,1635.95,1635.89,1635.95,0.0,19.96,32684.3,1
2025-03-27,2025-03-27 13:09:00,1635.95,1636.0,1635.95,1636.0,0.0,19.96,32684.3,1
2025-03-27,2025-03-27 13:10:00,1636.0,1636.06,1636.0,1636.06,0.0,19.96,32684.3,1
2025-03-27,2025-03-27 13:11:00,1636.06,1636.11,1636.06,1636.11,0.0,19.96,32684.3,1
2025-03-27,2025-03-27 13:12:00,1636.11,1636.17,1636.11,1636.17,0.0,19.96,32684.3,1
2025-03-27,2025-03-27 13:13:00,1636.17,1636.22,1636.17,1636.22,0.0,19.96,32684.3,1
2025-03-27,2025-03-27 13:14:00,1636.22,1636.27,1636.22,1636.27,0.0,19.96,32684.3,1
2025-03-27,2025-03-27 13:15:00,1636.27,1636.33,1636.27,1636.33,0.0,19.96,32684.3,1
2025-03-27,2025-03-27 13:16:00,1636.33,1636.38,1636.33,1636.38,0.0,19.96,32684.3,1
2025-03-27,2025-03-27 13:17:00,1636.38,1636.44,1636.38,1636.44,0.0,19.96,32684.3,1
2025-03-27,2025-03-27 13:18:00,1636.44,1636.49,1636.44,1636.49,0.0,19.96,32684.3,1
2025-03-27,2025-03-27 13:19:00,1636.49,1636.55,1636.49,1636.55,0.0,19.96,32684.3,1
2025-03-27,2025-03-27 13:20:00,1636.55,1636.6,1636.55,1636.6,0.0,19.96,32684.3,1
2025-03-27,2025-03-27 13:21:00,1636.6,1636.66,1636.6,1636.66,0.0,19.96,32684.3,1
2025-03-27,2025-03-27 13:22:00,1636.66,1636.71,1636.66,1636.71,0.0,19.96,32684.3,1
2025-03-27,2025-03-27 13:23:00,1636.71,1636.77,1636.71,1636.77,0.0,19.96,32684.3,1
2025-03-27,2025-03-27 13:24:00,1636.77,1636.82,1636.77,1636.82,0.0,19.96,32684.3,1
2025-03-27,2025-03-27 13:25:00,1636.82,1636.88,1636.82,1636.88,0.0,19.96,32684.3,1
2025-03-27,2025-03-27 13:26:00,1636.88,1636.93,1636.88,1636.93,0.0,19.96,32684.3,1
2025-03-27,2025-03-27 13:27:00,1636.93,1636.98,1636.93,1636.98,0.0,19.96,32684.3,1
2025-03-27,2025-03-27 13:28:00,1636.98,1637.04,1636.98,1637.04,0.0,19.96,32684.3,1
2025-03-27,2025-03-27 13:29:00,1637.04,1637.09,1637.04,1637.09,0.0,19.96,32684.3,1
2025-03-27,2025-03-27 13:30:00,1637.09,1637.15,1637.09,1637.15,0.0,19.96,32684.3,1
2025-03-27,2025-03-27 13:31:00,1637.15,1637.2,1637.15,1637.2,0.0,19.96,32684.3,1
2025-03-27,2025-03-27 13:32:00,1637.2,1637.26,1637.2,1637.26,0.0,19.96,32684.3,1
2025-03-27,2025-03-27 13:33:00,1637.26,1637.31,1637.26,1637.31,0.0,19.96,32684.3,1
2025-03-27,2025-03-27 13:34:00,1637.31,1637.37,1637.31,1637.37,0.0,19.96,32684.3,1
2025-03-27,2025-03-27 13:35:00,1637.37,1637.42,1637.37,1637.42,0.0,19.96,32684.3,1
2025-03-27,2025-03-27 13:36:00,1637.42,1637.48,1637.42,1637.48,0.0,19.96,32684.3,1
2025-03-27,2025-03-27 13:37:00,1637.48,1637.53,1637.48,1637.53,0.0,19.96,32684.3,1
2025-03-27,2025-03-27 13:38:00,1637.53,1637.59,1637.53,1637.59,0.0,19.96,32684.3,1
2025-03-27,2025-03-27 13:39:00,1637.59,1637.64,1637.59,1637.64,0.0,19.96,32684.3,1
2025-03-27,2025-03-27 13:40:00,1637.64,1637.69,1637.64,1637.69,0.0,19.96,32684.3,1
2025-03-27,2025-03-27 13:41:00,1637.69,1637.75,1637.69,1637.75,0.0,19.96,32684.3,1
2025-03-27,2025-03-27 13:42:00,1637.75,1637.8,1637.75,1637.8,0.0,19.96,32684.3,1
2025-03-27,2025-03-27 13:43:00,1637.8,1637.86,1637.8,1637.86,0.0,19.96,32684.3,1
2025-03-27,2025-03-27 13:44:00,1637.86,1637.91,1637.86,1637.91,0.0,19.96,32684.3,1
2025-03-27,2025-03-27 13:45:00,1637.91,1637.97,1637.91,1637.97,0.0,19.96,32684.3,1
2025-03-27,2025-03-27 13:46:00,1637.97,1638.02,1637.97,1638.02,0.0,19.96,32684.3,1
2025-03-27,2025-03-27 13:47:00,1638.02,1638.08,1638.02,1638.08,0.0,19.96,32684.3,1
2025-03-27,2025-03-27 13:48:00,1638.08,1638.13,1638.08,1638.13,0.0,19.96,32684.3,1
2025-03-27,2025-03-27 13:49:00,1638.13,1638.19,1638.13,1638.19,0.0,19.96,32684.3,1
2025-03-27,2025-03-27 13:50:00,1638.19,1638.24,1638.19,1638.24,0.0,19.96,32684.3,1
2025-03-27,2025-03-27 13:51:00,1638.24,1638.3,1638.24,1638.3,0.0,19.96,32684.3,1
2025-03-27,2025-03-27 13:52:00,1638.3,1638.35,1638.3,1638.35,0.0,19.96,32684.3,1
2025-03-27,2025-03-27 13:53:00,1638.35,1638.4,1638.35,1638.4,0.0,19.96,32684.3,1
2025-03-27,2025-03-27 13:54:00,1638.4,1638.46,1638.4,1638.46,0.0,19.96,32684.3,1
2025-03-27,2025-03-27 13:55:00,1638.46,1638.51,1638.46,1638.51,0.0,19.96,32684.3,1
2025-03-27,2025-03-27 13:56:00,1638.51,1638.57,1638.51,1638.57,0.0,19.96,32684.3,1
2025-03-27,2025-03-27 13:57:00,1638.57,1638.62,1638.57,1638.62,0.0,19.96,32684.3,1
2025-03-27,2025-03-27 13:58:00,1638.62,1638.68,1638.62,1638.68,0.0,19.96,32684.3,1
2025-03-27,2025-03-27 13:59:00,1638.68,1638.73,1638.68,1638.73,0.0,19.96,32684.3,1
2025-03-27,2025-03-27 14:00:00,1638.73,1638.79,1638.73,1638.79,0.0,19.96,32684.3,1
2025-03-27,2025-03-27 14:01:00,1638.79,1638.84,1638.79,1638.84,0.0,19.96,32684.3,1
2025-03-27,2025-03-27 14:02:00,1638.84,1638.9,1638.84,1638.9,0.0,19.96,32684.3,1
2025-03-27,2025-03-27 14:03:00,1638.9,1638.95,1638.9,1638.95,0.0,19.96,32684.3,1
2025-03-27,2025-03-27 14:04:00,1638.95,1639.01,1638.95,1639.01,0.0,19.96,32684.3,1
2025-03-27,2025-03-27 14:05:00,1639.01,1639.06,1639.01,1639.06,0.0,19.96,32684.3,1
2025-03-27,2025-03-27 14:06:00,1639.06,1639.11,1639.06,1639.11,0.0,19.96,32684.3,1
2025-03-27,2025-03-27 14:07:00,1639.11,1639.17,1639.11,1639.17,0.0,19.96,32684.3,1
2025-03-27,2025-03-27 14:08:00,1639.17,1639.22,1639.17,1639.22,0.0,19.96,32684.3,1
2025-03-27,2025-03-27 14:09:00,1639.22,1639.28,1639.22,1639.28,0.0,19.96,32684.3,1
2025-03-27,2025-03-27 14:10:00,1639.28,1639.33,1639.28,1639.33,0.0,19.96,32684.3,1
2025-03-27,2025-03-27 14:11:00,1639.33,1639.39,1639.33,1639.39,0.0,19.96,32684.3,1
2025-03-27,2025-03-27 14:12:00,1639.39,1639.44,1639.39,1639.44,0.0,19.96,32684.3,1
2025-03-27,2025-03-27 14:13:00,1639.44,1639.5,1639.44,1639.5,0.0,19.96,32684.3,1
2025-03-27,2025-03-27 14:14:00,1639.5,1639.55,1639.5,1639.55,0.0,19.96,32684.3,1
2025-03-27,2025-03-27 14:15:00,1639.55,1639.61,1639.55,1639.61,0.0,19.96,32684.3,1
2025-03-27,2025-03-27 14:16:00,1639.61,1639.66,1639.61,1639.66,0.0,19.96,32684.3,1
2025-03-27,2025-03-27 14:17:00,1639.66,1639.72,1639.66,1639.72,0.0,19.96,32684.3,1
2025-03-27,2025-03-27 14:18:00,1639.72,1639.77,1639.72,1639.77,0.0,19.96,32684.3,1
2025-03-27,2025-03-27 14:19:00,1639.77,1639.83,1639.77,1639.83,0.0,19.96,32684.3,1
2025-03-27,2025-03-27 14:20:00,1639.83,1639.88,1639.83,1639.88,0.0,19.96,32684.3,1
2025-03-27,2025-03-27 14:21:00,1639.88,1639.93,1639.88,1639.93,0.0,19.96,32684.3,1
2025-03-27,2025-03-27 14:22:00,1639.93,1639.99,1639.93,1639.99,0.0,19.96,32684.3,1
2025-03-27,2025-03-27 14:23:00,1639.99,1640.04,1639.99,1640.04,0.0,19.96,32684.3,1
2025-03-27,2025-03-27 14:24:00,1640.04,1640.1,1640.04,1640.1,0.0,19.96,32684.3,1
2025-03-27,2025-03-27 14:25:00,1640.1,1640.15,1640.1,1640.15,0.0,19.96,32684.3,1
2025-03-27,2025-03-27 14:26:00,1640.15,1640.21,1640.15,1640.21,0.0,19.96,32684.3,1
2025-03-27,2025-03-27 14:27:00,1640.21,1640.26,1640.21,1640.26,0.0,19.96,32684.3,1
2025-03-27,2025-03-27 14:28:00,1640.26,1640.32,1640.26,1640.32,0.0,19.96,32684.3,1
2025-03-27,2025-03-27 14:29:00,1640.32,1640.37,1640.32,1640.37,0.0,19.96,32684.3,1
2025-03-27,2025-03-27 14:30:00,1640.37,1640.43,1640.37,1640.43,0.0,19.96,32684.3,1
2025-03-27,2025-03-27 14:31:00,1640.43,1640.48,1640.43,1640.48,0.0,19.96,32684.3,1
2025-03-27,2025-03-27 14:32:00,1640.48,1640.54,1640.48,1640.54,0.0,19.96,32684.3,1
2025-03-27,2025-03-27 14:33:00,1640.54,1640.59,1640.54,1640.59,0.0,19.96,32684.3,1
2025-03-27,2025-03-27 14:34:00,1640.59,1640.64,1640.59,1640.64,0.0,19.96,32684.3,1
2025-03-27,2025-03-27 14:35:00,1640.64,1640.7,1640.64,1640.7,0.0,19.96,32684.3,1
2025-03-27,2025-03-27 14:36:00,1640.7,1640.75,1640.7,1640.75,0.0,19.96,32684.3,1
2025-03-27,2025-03-27 14:37:00,1640.75,1640.81,1640.75,1640.81,0.0,19.96,32684.3,1
2025-03-27,2025-03-27 14:38:00,1640.81,1640.86,1640.81,1640.86,0.0,19.96,32684.3,1
2025-03-27,2025-03-27 14:39:00,1640.86,1640.92,1640.86,1640.92,0.0,19.96,32684.3,1
2025-03-27,2025-03-27 14:40:00,1640.92,1640.97,1640.92,1640.97,0.0,19.96,32684.3,1
2025-03-27,2025-03-27 14:41:00,1640.97,1641.03,1640.97,1641.03,0.0,19.96,32684.3,1
2025-03-27,2025-03-27 14:42:00,1641.03,1641.08,1641.03,1641.08,0.0,19.96,32684.3,1
2025-03-27,2025-03-27 14:43:00,1641.08,1641.14,1641.08,1641.14,0.0,19.96,32684.3,1
2025-03-27,2025-03-27 14:44:00,1641.14,1641.19,1641.14,1641.19,0.0,19.96,32684.3,1
2025-03-27,2025-03-27 14:45:00,1641.19,1641.25,1641.19,1641.25,0.0,19.96,32684.3,1
2025-03-27,2025-03-27 14:46:00,1641.25,1641.3,1641.25,1641.3,0.0,19.96,32684.3,1
2025-03-27,2025-03-27 14:47:00,1641.3,1641.35,1641.3,1641.35,0.0,19.96,32684.3,1
2025-03-27,2025-03-27 14:48:00,1641.35,1641.41,1641.35,1641.41,0.0,19.96,32684.3,1
2025-03-27,2025-03-27 14:49:00,1641.41,1641.46,1641.41,1641.46,0.0,19.96,32684.3,1
2025-03-27,2025-03-27 14:50:00,1641.46,1641.52,1641.46,1641.52,0.0,19.96,32684.3,1
2025-03-27,2025-03-27 14:51:00,1641.52,1641.57,1641.52,1641.57,0.0,19.96,32684.3,1
2025-03-27,2025-03-27 14:52:00,1641.57,1641.63,1641.57,1641.63,0.0,19.96,32684.3,1
2025-03-27,2025-03-27 14:53:00,1641.63,1641.68,1641.63,1641.68,0.0,19.96,32684.3,1
2025-03-27,2025-03-27 14:54:00,1641.68,1641.74,1641.68,1641.74,0.0,19.96,32684.3,1
2025-03-27,2025-03-27 14:55:00,1641.74,1641.79,1641.74,1641.79,0.0,19.96,32684.3,1
2025-03-27,2025-03-27 14:56:00,1641.79,1641.85,1641.79,1641.85,0.0,19.96,32684.3,1
2025-03-27,2025-03-27 14:57:00,1641.85,1641.9,1641.85,1641.9,0.0,19.96,32684.3,1
2025-03-27,2025-03-27 14:58:00,1641.9,1641.96,1641.9,1641.96,0.0,19.96,32684.3,1
2025-03-27,2025-03-27 14:59:00,1641.96,1642.01,1641.96,1642.01,0.0,19.96,32684.3,1
2025-03-27,2025-03-27 15:00:00,1642.01,1670.0,1580.0,1642.01,0.0,19.96,32684.3,0
2025-03-30,2025-03-30 11:00:00,1640.0,1650.2,1631.3,1639.97,-0.0,17.6,28990.7,-1
2025-03-30,2025-03-30 11:01:00,1639.97,1639.97,1639.93,1639.93,-0.0,17.6,28990.7,-1
2025-03-30,2025-03-30 11:02:00,1639.93,1639.93,1639.9,1639.9,-0.0,17.6,28990.7,-1
2025-03-30,2025-03-30 11:03:00,1639.9,1639.9,1639.87,1639.87,-0.0,17.6,28990.7,-1
2025-03-30,2025-03-30 11:04:00,1639.87,1639.87,1639.84,1639.84,-0.0,17.6,28990.7,-1
2025-03-30,2025-03-30 11:05:00,1639.84,1639.84,1639.8,1639.8,-0.0,17.6,28990.7,-1
2025-03-30,2025-03-30 11:06:00,1639.8,1639.8,1639.77,1639.77,-0.0,17.6,28990.7,-1
2025-03-30,2025-03-30 11:07:00,1639.77,1639.77,1639.74,1639.74,-0.0,17.6,28990.7,-1
2025-03-30,2025-03-30 11:08:00,1639.74,1639.74,1639.7,1639.7,-0.0,17.6,28990.7,-1
2025-03-30,2025-03-30 11:09:00,1639.7,1639.7,1639.67,1639.67,-0.0,17.6,28990.7,-1
2025-03-30,2025-03-30 11:10:00,1639.67,1639.67,1639.64,1639.64,-0.0,17.6,28990.7,-1
2025-03-30,2025-03-30 11:11:00,1639.64,1639.64,1639.6,1639.6,-0.0,17.6,28990.7,-1
2025-03-30,2025-03-30 11:12:00,1639.6,1639.6,1639.57,1639.57,-0.0,17.6,28990.7,-1
2025-03-30,2025-03-30 11:13:00,1639.57,1639.57,1639.54,1639.54,-0.0,17.6,28990.7,-1
2025-03-30,2025-03-30 11:14:00,1639.54,1639.54,1639.51,1639.51,-0.0,17.6,28990.7,-1
2025-03-30,2025-03-30 11:15:00,1639.51,1639.51,1639.47,1639.47,-0.0,17.6,28990.7,-1
2025-03-30,2025-03-30 11:16:00,1639.47,1639.47,1639.44,1639.44,-0.0,17.6,28990.7,-1
2025-03-30,2025-03-30 11:17:00,1639.44,1639.44,1639.41,1639.41,-0.0,17.6,28990.7,-1
2025-03-30,2025-03-30 11:18:00,1639.41,1639.41,1639.37,1639.37,-0.0,17.6,28990.7,-1
2025-03-30,2025-03-30 11:19:00,1639.37,1639.37,1639.34,1639.34,-0.0,17.6,28990.7,-1
2025-03-30,2025-03-30 11:20:00,1639.34,1639.34,1639.31,1639.31,-0.0,17.6,28990.7,-1
2025-03-30,2025-03-30 11:21:00,1639.31,1639.31,1639.27,1639.27,-0.0,17.6,28990.7,-1
2025-03-30,2025-03-30 11:22:00,1639.27,1639.27,1639.24,1639.24,-0.0,17.6,28990.7,-1
2025-03-30,2025-03-30 11:23:00,1639.24,1639.24,1639.21,1639.21,-0.0,17.6,28990.7,-1
2025-03-30,2025-03-30 11:24:00,1639.21,1639.21,1639.18,1639.18,-0.0,17.6,28990.7,-1
2025-03-30,2025-03-30 11:25:00,1639.18,1639.18,1639.14,1639.14,-0.0,17.6,28990.7,-1
2025-03-30,2025-03-30 11:26:00,1639.14,1639.14,1639.11,1639.11,-0.0,17.6,28990.7,-1
2025-03-30,2025-03-30 11:27:00,1639.11,1639.11,1639.08,1639.08,-0.0,17.6,28990.7,-1
2025-03-30,2025-03-30 11:28:00,1639.08,1639.08,1639.04,1639.04,-0.0,17.6,28990.7,-1
2025-03-30,2025-03-30 11:29:00,1639.04,1639.04,1639.01,1639.01,-0.0,17.6,28990.7,-1
2025-03-30,2025-03-30 11:30:00,1639.01,1639.01,1638.98,1638.98,-0.0,17.6,28990.7,-1
2025-03-30,2025-03-30 11:31:00,1638.98,1638.98,1638.95,1638.95,-0.0,17.6,28990.7,-1
2025-03-30,2025-03-30 11:32:00,1638.95,1638.95,1638.91,1638.91,-0.0,17.6,28990.7,-1
2025-03-30,2025-03-30 11:33:00,1638.91,1638.91,1638.88,1638.88,-0.0,17.6,28990.7,-1
2025-03-30,2025-03-30 11:34:00,1638.88,1638.88,1638.85,1638.85,-0.0,17.6,28990.7,-1
2025-03-30,2025-03-30 11:35:00,1638.85,1638.85,1638.81,1638.81,-0.0,17.6,28990.7,-1
2025-03-30,2025-03-30 11:36:00,1638.81,1638.81,1638.78,1638.78,-0.0,17.6,28990.7,-1
2025-03-30,2025-03-30 11:37:00,1638.78,1638.78,1638.75,1638.75,-0.0,17.6,28990.7,-1
2025-03-30,2025-03-30 11:38:00,1638.75,1638.75,1638.71,1638.71,-0.0,17.6,28990.7,-1
2025-03-30,2025-03-30 11:39:00,1638.71,1638.71,1638.68,1638.68,-0.0,17.6,28990.7,-1
2025-03-30,2025-03-30 11:40:00,1638.68,1638.68,1638.65,1638.65,-0.0,17.6,28990.7,-1
2025-03-30,2025-03-30 11:41:00,1638.65,1638.65,1638.62,1638.62,-0.0,17.6,28990.7,-1
2025-03-30,2025-03-30 11:42:00,1638.62,1638.62,1638.58,1638.58,-0.0,17.6,28990.7,-1
2025-03-30,2025-03-30 11:43:00,1638.58,1638.58,1638.55,1638.55,-0.0,17.6,28990.7,-1
2025-03-30,2025-03-30 11:44:00,1638.55,1638.55,1638.52,1638.52,-0.0,17.6,28990.7,-1
2025-03-30,2025-03-30 11:45:00,1638.52,1638.52,1638.48,1638.48,-0.0,17.6,28990.7,-1
2025-03-30,2025-03-30 11:46:00,1638.48,1638.48,1638.45,1638.45,-0.0,17.6,28990.7,-1
2025-03-30,2025-03-30 11:47:00,1638.45,1638.45,1638.42,1638.42,-0.0,17.6,28990.7,-1
2025-03-30,2025-03-30 11:48:00,1638.42,1638.42,1638.39,1638.39,-0.0,17.6,28990.7,-1
2025-03-30,2025-03-30 11:49:00,1638.39,1638.39,1638.35,1638.35,-0.0,17.6,28990.7,-1
2025-03-30,2025-03-30 11:50:00,1638.35,1638.35,1638.32,1638.32,-0.0,17.6,28990.7,-1
2025-03-30,2025-03-30 11:51:00,1638.32,1638.32,1638.29,1638.29,-0.0,17.6,28990.7,-1
2025-03-30,2025-03-30 11:52:00,1638.29,1638.29,1638.25,1638.25,-0.0,17.6,28990.7,-1
2025-03-30,2025-03-30 11:53:00,1638.25,1638.25,1638.22,1638.22,-0.0,17.6,28990.7,-1
2025-03-30,2025-03-30 11:54:00,1638.22,1638.22,1638.19,1638.19,-0.0,17.6,28990.7,-1
2025-03-30,2025-03-30 11:55:00,1638.19,1638.19,1638.15,1638.15,-0.0,17.6,28990.7,-1
2025-03-30,2025-03-30 11:56:00,1638.15,1638.15,1638.12,1638.12,-0.0,17.6,28990.7,-1
2025-03-30,2025-03-30 11:57:00,1638.12,1638.12,1638.09,1638.09,-0.0,17.6,28990.7,-1
2025-03-30,2025-03-30 11:58:00,1638.09,1638.09,1638.06,1638.06,-0.0,17.6,28990.7,-1
2025-03-30,2025-03-30 11:59:00,1638.06,1638.06,1638.02,1638.02,-0.0,17.6,28990.7,-1
2025-03-30,2025-03-30 12:00:00,1638.02,1638.02,1637.99,1637.99,-0.0,17.6,28990.7,-1
2025-03-30,2025-03-30 12:01:00,1637.99,1637.99,1637.96,1637.96,-0.0,17.6,28990.7,-1
2025-03-30,2025-03-30 12:02:00,1637.96,1637.96,1637.92,1637.92,-0.0,17.6,28990.7,-1
2025-03-30,2025-03-30 12:03:00,1637.92,1637.92,1637.89,1637.89,-0.0,17.6,28990.7,-1
2025-03-30,2025-03-30 12:04:00,1637.89,1637.89,1637.86,1637.86,-0.0,17.6,28990.7,-1
2025-03-30,2025-03-30 12:05:00,1637.86,1637.86,1637.82,1637.82,-0.0,17.6,28990.7,-1
2025-03-30,2025-03-30 12:06:00,1637.82,1637.82,1637.79,1637.79,-0.0,17.6,28990.7,-1
2025-03-30,2025-03-30 12:07:00,1637.79,1637.79,1637.76,1637.76,-0.0,17.6,28990.7,-1
2025-03-30,2025-03-30 12:08:00,1637.76,1637.76,1637.73,1637.73,-0.0,17.6,28990.7,-1
2025-03-30,2025-03-30 12:09:00,1637.73,1637.73,1637.69,1637.69,-0.0,17.6,28990.7,-1
2025-03-30,2025-03-30 12:10:00,1637.69,1637.69,1637.66,1637.66,-0.0,17.6,28990.7,-1
2025-03-30,2025-03-30 12:11:00,1637.66,1637.66,1637.63,1637.63,-0.0,17.6,28990.7,-1
2025-03-30,2025-03-30 12:12:00,1637.63,1637.63,1637.59,1637.59,-0.0,17.6,28990.7,-1
2025-03-30,2025-03-30 12:13:00,1637.59,1637.59,1637.56,1637.56,-0.0,17.6,28990.7,-1
2025-03-30,2025-03-30 12:14:00,1637.56,1637.56,1637.53,1637.53,-0.0,17.6,28990.7,-1
2025-03-30,2025-03-30 12:15:00,1637.53,1637.53,1637.5,1637.5,-0.0,17.6,28990.7,-1
2025-03-30,2025-03-30 12:16:00,1637.5,1637.5,1637.46,1637.46,-0.0,17.6,28990.7,-1
2025-03-30,2025-03-30 12:17:00,1637.46,1637.46,1637.43,1637.43,-0.0,17.6,28990.7,-1
2025-03-30,2025-03-30 12:18:00,1637.43,1637.43,1637.4,1637.4,-0.0,17.6,28990.7,-1
2025-03-30,2025-03-30 12:19:00,1637.4,1637.4,1637.36,1637.36,-0.0,17.6,28990.7,-1
2025-03-30,2025-03-30 12:20:00,1637.36,1637.36,1637.33,1637.33,-0.0,17.6,28990.7,-1
2025-03-30,2025-03-30 12:21:00,1637.33,1637.33,1637.3,1637.3,-0.0,17.6,28990.7,-1
2025-03-30,2025-03-30 12:22:00,1637.3,1637.3,1637.26,1637.26,-0.0,17.6,28990.7,-1
2025-03-30,2025-03-30 12:23:00,1637.26,1637.26,1637.23,1637.23,-0.0,17.6,28990.7,-1
2025-03-30,2025-03-30 12:24:00,1637.23,1637.23,1637.2,1637.2,-0.0,17.6,28990.7,-1
2025-03-30,2025-03-30 12:25:00,1637.2,1637.2,1637.17,1637.17,-0.0,17.6,28990.7,-1
2025-03-30,2025-03-30 12:26:00,1637.17,1637.17,1637.13,1637.13,-0.0,17.6,28990.7,-1
2025-03-30,2025-03-30 12:27:00,1637.13,1637.13,1637.1,1637.1,-0.0,17.6,28990.7,-1
2025-03-30,2025-03-30 12:28:00,1637.1,1637.1,1637.07,1637.07,-0.0,17.6,28990.7,-1
2025-03-30,2025-03-30 12:29:00,1637.07,1637.07,1637.03,1637.03,-0.0,17.6,28990.7,-1
2025-03-30,2025-03-30 12:30:00,1637.03,1637.03,1637.0,1637.0,-0.0,17.6,28990.7,-1
2025-03-30,2025-03-30 12:31:00,1637.0,1637.0,1636.97,1636.97,-0.0,17.6,28990.7,-1
2025-03-30,2025-03-30 12:32:00,1636.97,1636.97,1636.93,1636.93,-0.0,17.6,28990.7,-1
2025-03-30,2025-03-30 12:33:00,1636.93,1636.93,1636.9,1636.9,-0.0,17.6,28990.7,-1
2025-03-30,2025-03-30 12:34:00,1636.9,1636.9,1636.87,1636.87,-0.0,17.6,28990.7,-1
2025-03-30,2025-03-30 12:35:00,1636.87,1636.87,1636.84,1636.84,-0.0,17.6,28990.7,-1
2025-03-30,2025-03-30 12:36:00,1636.84,1636.84,1636.8,1636.8,-0.0,17.6,28990.7,-1
2025-03-30,2025-03-30 12:37:00,1636.8,1636.8,1636.77,1636.77,-0.0,17.6,28990.7,-1
2025-03-30,2025-03-30 12:38:00,1636.77,1636.77,1636.74,1636.74,-0.0,17.6,28990.7,-1
2025-03-30,2025-03-30 12:39:00,1636.74,1636.74,1636.7,1636.7,-0.0,17.6,28990.7,-1
2025-03-30,2025-03-30 12:40:00,1636.7,1636.7,1636.67,1636.67,-0.0,17.6,28990.7,-1
2025-03-30,2025-03-30 12:41:00,1636.67,1636.67,1636.64,1636.64,-0.0,17.6,28990.7,-1
2025-03-30,2025-03-30 12:42:00,1636.64,1636.64,1636.61,1636.61,-0.0,17.6,28990.7,-1
2025-03-30,2025-03-30 12:43:00,1636.61,1636.61,1636.57,1636.57,-0.0,17.6,28990.7,-1
2025-03-30,2025-03-30 12:44:00,1636.57,1636.57,1636.54,1636.54,-0.0,17.6,28990.7,-1
2025-03-30,2025-03-30 12:45:00,1636.54,1636.54,1636.51,1636.51,-0.0,17.6,28990.7,-1
2025-03-30,2025-03-30 12:46:00,1636.51,1636.51,1636.47,1636.47,-0.0,17.6,28990.7,-1
2025-03-30,2025-03-30 12:47:00,1636.47,1636.47,1636.44,1636.44,-0.0,17.6,28990.7,-1
2025-03-30,2025-03-30 12:48:00,1636.44,1636.44,1636.41,1636.41,-0.0,17.6,28990.7,-1
2025-03-30,2025-03-30 12:49:00,1636.41,1636.41,1636.37,1636.37,-0.0,17.6,28990.7,-1
2025-03-30,2025-03-30 12:50:00,1636.37,1636.37,1636.34,1636.34,-0.0,17.6,28990.7,-1
2025-03-30,2025-03-30 12:51:00,1636.34,1636.34,1636.31,1636.31,-0.0,17.6,28990.7,-1
2025-03-30,2025-03-30 12:52:00,1636.31,1636.31,1636.28,1636.28,-0.0,17.6,28990.7,-1
2025-03-30,2025-03-30 12:53:00,1636.28,1636.28,1636.24,1636.24,-0.0,17.6,28990.7,-1
2025-03-30,2025-03-30 12:54:00,1636.24,1636.24,1636.21,1636.21,-0.0,17.6,28990.7,-1
2025-03-30,2025-03-30 12:55:00,1636.21,1636.21,1636.18,1636.18,-0.0,17.6,28990.7,-1
2025-03-30,2025-03-30 12:56:00,1636.18,1636.18,1636.14,1636.14,-0.0,17.6,28990.7,-1
2025-03-30,2025-03-30 12:57:00,1636.14,1636.14,1636.11,1636.11,-0.0,17.6,28990.7,-1
2025-03-30,2025-03-30 12:58:00,1636.11,1636.11,1636.08,1636.08,-0.0,17.6,28990.7,-1
2025-03-30,2025-03-30 12:59:00,1636.08,1636.08,1636.05,1636.05,-0.0,17.6,28990.7,-1
2025-03-30,2025-03-30 13:00:00,1636.05,1674.0,1611.0,1636.01,-0.0,17.6,28990.7,-1
2025-03-30,2025-03-30 13:01:00,1636.01,1636.01,1635.98,1635.98,-0.0,17.6,28990.7,-1
2025-03-30,2025-03-30 13:02:00,1635.98,1635.98,1635.95,1635.95,-0.0,17.6,28990.7,-1
2025-03-30,2025-03-30 13:03:00,1635.95,1635.95,1635.91,1635.91,-0.0,17.6,28990.7,-1
2025-03-30,2025-03-30 13:04:00,1635.91,1635.91,1635.88,1635.88,-0.0,17.6,28990.7,-1
2025-03-30,2025-03-30 13:05:00,1635.88,1635.88,1635.85,1635.85,-0.0,17.6,28990.7,-1
2025-03-30,2025-03-30 13:06:00,1635.85,1635.85,1635.81,1635.81,-0.0,17.6,28990.7,-1
2025-03-30,2025-03-30 13:07:00,1635.81,1635.81,1635.78,1635.78,-0.0,17.6,28990.7,-1
2025-03-30,2025-03-30 13:08:00,1635.78,1635.78,1635.75,1635.75,-0.0,17.6,28990.7,-1
2025-03-30,2025-03-30 13:09:00,1635.75,1635.75,1635.72,1635.72,-0.0,17.6,28990.7,-1
2025-03-30,2025-03-30 13:10:00,1635.72,1635.72,1635.68,1635.68,-0.0,17.6,28990.7,-1
2025-03-30,2025-03-30 13:11:00,1635.68,1635.68,1635.65,1635.65,-0.0,17.6,28990.7,-1
2025-03-30,2025-03-30 13:12:00,1635.65,1635.65,1635.62,1635.62,-0.0,17.6,28990.7,-1
2025-03-30,2025-03-30 13:13:00,1635.62,1635.62,1635.58,1635.58,-0.0,17.6,28990.7,-1
2025-03-30,2025-03-30 13:14:00,1635.58,1635.58,1635.55,1635.55,-0.0,17.6,28990.7,-1
2025-03-30,2025-03-30 13:15:00,1635.55,1635.55,1635.52,1635.52,-0.0,17.6,28990.7,-1
2025-03-30,2025-03-30 13:16:00,1635.52,1635.52,1635.48,1635.48,-0.0,17.6,28990.7,-1
2025-03-30,2025-03-30 13:17:00,1635.48,1635.48,1635.45,1635.45,-0.0,17.6,28990.7,-1
2025-03-30,2025-03-30 13:18:00,1635.45,1635.45,1635.42,1635.42,-0.0,17.6,28990.7,-1
2025-03-30,2025-03-30 13:19:00,1635.42,1635.42,1635.39,1635.39,-0.0,17.6,28990.7,-1
2025-03-30,2025-03-30 13:20:00,1635.39,1635.39,1635.35,1635.35,-0.0,17.6,28990.7,-1
2025-03-30,2025-03-30 13:21:00,1635.35,1635.35,1635.32,1635.32,-0.0,17.6,28990.7,-1
2025-03-30,2025-03-30 13:22:00,1635.32,1635.32,1635.29,1635.29,-0.0,17.6,28990.7,-1
2025-03-30,2025-03-30 13:23:00,1635.29,1635.29,1635.25,1635.25,-0.0,17.6,28990.7,-1
2025-03-30,2025-03-30 13:24:00,1635.25,1635.25,1635.22,1635.22,-0.0,17.6,28990.7,-1
2025-03-30,2025-03-30 13:25:00,1635.22,1635.22,1635.19,1635.19,-0.0,17.6,28990.7,-1
2025-03-30,2025-03-30 13:26:00,1635.19,1635.19,1635.16,1635.16,-0.0,17.6,28990.7,-1
2025-03-30,2025-03-30 13:27:00,1635.16,1635.16,1635.12,1635.12,-0.0,17.6,28990.7,-1
2025-03-30,2025-03-30 13:28:00,1635.12,1635.12,1635.09,1635.09,-0.0,17.6,28990.7,-1
2025-03-30,2025-03-30 13:29:00,1635.09,1635.09,1635.06,1635.06,-0.0,17.6,28990.7,-1
2025-03-30,2025-03-30 13:30:00,1635.06,1635.06,1635.02,1635.02,-0.0,17.6,28990.7,-1
2025-03-30,2025-03-30 13:31:00,1635.02,1635.02,1634.99,1634.99,-0.0,17.6,28990.7,-1
2025-03-30,2025-03-30 13:32:00,1634.99,1634.99,1634.96,1634.96,-0.0,17.6,28990.7,-1
2025-03-30,2025-03-30 13:33:00,1634.96,1634.96,1634.92,1634.92,-0.0,17.6,28990.7,-1
2025-03-30,2025-03-30 13:34:00,1634.92,1634.92,1634.89,1634.89,-0.0,17.6,28990.7,-1
2025-03-30,2025-03-30 13:35:00,1634.89,1634.89,1634.86,1634.86,-0.0,17.6,28990.7,-1
2025-03-30,2025-03-30 13:36:00,1634.86,1634.86,1634.83,1634.83,-0.0,17.6,28990.7,-1
2025-03-30,2025-03-30 13:37:00,1634.83,1634.83,1634.79,1634.79,-0.0,17.6,28990.7,-1
2025-03-30,2025-03-30 13:38:00,1634.79,1634.79,1634.76,1634.76,-0.0,17.6,28990.7,-1
2025-03-30,2025-03-30 13:39:00,1634.76,1634.76,1634.73,1634.73,-0.0,17.6,28990.7,-1
2025-03-30,2025-03-30 13:40:00,1634.73,1634.73,1634.69,1634.69,-0.0,17.6,28990.7,-1
2025-03-30,2025-03-30 13:41:00,1634.69,1634.69,1634.66,1634.66,-0.0,17.6,28990.7,-1
2025-03-30,2025-03-30 13:42:00,1634.66,1634.66,1634.63,1634.63,-0.0,17.6,28990.7,-1
2025-03-30,2025-03-30 13:43:00,1634.63,1634.63,1634.59,1634.59,-0.0,17.6,28990.7,-1
2025-03-30,2025-03-30 13:44:00,1634.59,1634.59,1634.56,1634.56,-0.0,17.6,28990.7,-1
2025-03-30,2025-03-30 13:45:00,1634.56,1634.56,1634.53,1634.53,-0.0,17.6,28990.7,-1
2025-03-30,2025-03-30 13:46:00,1634.53,1634.53,1634.5,1634.5,-0.0,17.6,28990.7,-1
2025-03-30,2025-03-30 13:47:00,1634.5,1634.5,1634.46,1634.46,-0.0,17.6,28990.7,-1
2025-03-30,2025-03-30 13:48:00,1634.46,1634.46,1634.43,1634.43,-0.0,17.6,28990.7,-1
2025-03-30,2025-03-30 13:49:00,1634.43,1634.43,1634.4,1634.4,-0.0,17.6,28990.7,-1
2025-03-30,2025-03-30 13:50:00,1634.4,1634.4,1634.36,1634.36,-0.0,17.6,28990.7,-1
2025-03-30,2025-03-30 13:51:00,1634.36,1634.36,1634.33,1634.33,-0.0,17.6,28990.7,-1
2025-03-30,2025-03-30 13:52:00,1634.33,1634.33,1634.3,1634.3,-0.0,17.6,28990.7,-1
2025-03-30,2025-03-30 13:53:00,1634.3,1634.3,1634.27,1634.27,-0.0,17.6,28990.7,-1
2025-03-30,2025-03-30 13:54:00,1634.27,1634.27,1634.23,1634.23,-0.0,17.6,28990.7,-1
2025-03-30,2025-03-30 13:55:00,1634.23,1634.23,1634.2,1634.2,-0.0,17.6,28990.7,-1
2025-03-30,2025-03-30 13:56:00,1634.2,1634.2,1634.17,1634.17,-0.0,17.6,28990.7,-1
2025-03-30,2025-03-30 13:57:00,1634.17,1634.17,1634.13,1634.13,-0.0,17.6,28990.7,-1
2025-03-30,2025-03-30 13:58:00,1634.13,1634.13,1634.1,1634.1,-0.0,17.6,28990.7,-1
2025-03-30,2025-03-30 13:59:00,1634.1,1634.1,1634.07,1634.07,-0.0,17.6,28990.7,-1
2025-03-30,2025-03-30 14:00:00,1634.07,1634.07,1634.03,1634.03,-0.0,17.6,28990.7,-1
2025-03-30,2025-03-30 14:01:00,1634.03,1634.03,1634.0,1634.0,-0.0,17.6,28990.7,-1
2025-03-30,2025-03-30 14:02:00,1634.0,1634.0,1633.97,1633.97,-0.0,17.6,28990.7,-1
2025-03-30,2025-03-30 14:03:00,1633.97,1633.97,1633.94,1633.94,-0.0,17.6,28990.7,-1
2025-03-30,2025-03-30 14:04:00,1633.94,1633.94,1633.9,1633.9,-0.0,17.6,28990.7,-1
2025-03-30,2025-03-30 14:05:00,1633.9,1633.9,1633.87,1633.87,-0.0,17.6,28990.7,-1
2025-03-30,2025-03-30 14:06:00,1633.87,1633.87,1633.84,1633.84,-0.0,17.6,28990.7,-1
2025-03-30,2025-03-30 14:07:00,1633.84,1633.84,1633.8,1633.8,-0.0,17.6,28990.7,-1
2025-03-30,2025-03-30 14:08:00,1633.8,1633.8,1633.77,1633.77,-0.0,17.6,28990.7,-1
2025-03-30,2025-03-30 14:09:00,1633.77,1633.77,1633.74,1633.74,-0.0,17.6,28990.7,-1
2025-03-30,2025-03-30 14:10:00,1633.74,1633.74,1633.7,1633.7,-0.0,17.6,28990.7,-1
2025-03-30,2025-03-30 14:11:00,1633.7,1633.7,1633.67,1633.67,-0.0,17.6,28990.7,-1
2025-03-30,2025-03-30 14:12:00,1633.67,1633.67,1633.64,1633.64,-0.0,17.6,28990.7,-1
2025-03-30,2025-03-30 14:13:00,1633.64,1633.64,1633.61,1633.61,-0.0,17.6,28990.7,-1
2025-03-30,2025-03-30 14:14:00,1633.61,1633.61,1633.57,1633.57,-0.0,17.6,28990.7,-1
2025-03-30,2025-03-30 14:15:00,1633.57,1633.57,1633.54,1633.54,-0.0,17.6,28990.7,-1
2025-03-30,2025-03-30 14:16:00,1633.54,1633.54,1633.51,1633.51,-0.0,17.6,28990.7,-1
2025-03-30,2025-03-30 14:17:00,1633.51,1633.51,1633.47,1633.47,-0.0,17.6,28990.7,-1
2025-03-30,2025-03-30 14:18:00,1633.47,1633.47,1633.44,1633.44,-0.0,17.6,28990.7,-1
2025-03-30,2025-03-30 14:19:00,1633.44,1633.44,1633.41,1633.41,-0.0,17.6,28990.7,-1
2025-03-30,2025-03-30 14:20:00,1633.41,1633.41,1633.38,1633.38,-0.0,17.6,28990.7,-1
2025-03-30,2025-03-30 14:21:00,1633.38,1633.38,1633.34,1633.34,-0.0,17.6,28990.7,-1
2025-03-30,2025-03-30 14:22:00,1633.34,1633.34,1633.31,1633.31,-0.0,17.6,28990.7,-1
2025-03-30,2025-03-30 14:23:00,1633.31,1633.31,1633.28,1633.28,-0.0,17.6,28990.7,-1
2025-03-30,2025-03-30 14:24:00,1633.28,1633.28,1633.24,1633.24,-0.0,17.6,28990.7,-1
2025-03-30,2025-03-30 14:25:00,1633.24,1633.24,1633.21,1633.21,-0.0,17.6,28990.7,-1
2025-03-30,2025-03-30 14:26:00,1633.21,1633.21,1633.18,1633.18,-0.0,17.6,28990.7,-1
2025-03-30,2025-03-30 14:27:00,1633.18,1633.18,1633.14,1633.14,-0.0,17.6,28990.7,-1
2025-03-30,2025-03-30 14:28:00,1633.14,1633.14,1633.11,1633.11,-0.0,17.6,28990.7,-1
2025-03-30,2025-03-30 14:29:00,1633.11,1633.11,1633.08,1633.08,-0.0,17.6,28990.7,-1
2025-03-30,2025-03-30 14:30:00,1633.08,1633.08,1633.05,1633.05,-0.0,17.6,28990.7,-1
2025-03-30,2025-03-30 14:31:00,1633.05,1633.05,1633.01,1633.01,-0.0,17.6,28990.7,-1
2025-03-30,2025-03-30 14:32:00,1633.01,1633.01,1632.98,1632.98,-0.0,17.6,28990.7,-1
2025-03-30,2025-03-30 14:33:00,1632.98,1632.98,1632.95,1632.95,-0.0,17.6,28990.7,-1
2025-03-30,2025-03-30 14:34:00,1632.95,1632.95,1632.91,1632.91,-0.0,17.6,28990.7,-1
2025-03-30,2025-03-30 14:35:00,1632.91,1632.91,1632.88,1632.88,-0.0,17.6,28990.7,-1
2025-03-30,2025-03-30 14:36:00,1632.88,1632.88,1632.85,1632.85,-0.0,17.6,28990.7,-1
2025-03-30,2025-03-30 14:37:00,1632.85,1632.85,1632.82,1632.82,-0.0,17.6,28990.7,-1
2025-03-30,2025-03-30 14:38:00,1632.82,1632.82,1632.78,1632.78,-0.0,17.6,28990.7,-1
2025-03-30,2025-03-30 14:39:00,1632.78,1632.78,1632.75,1632.75,-0.0,17.6,28990.7,-1
2025-03-30,2025-03-30 14:40:00,1632.75,1632.75,1632.72,1632.72,-0.0,17.6,28990.7,-1
2025-03-30,2025-03-30 14:41:00,1632.72,1632.72,1632.68,1632.68,-0.0,17.6,28990.7,-1
2025-03-30,2025-03-30 14:42:00,1632.68,1632.68,1632.65,1632.65,-0.0,17.6,28990.7,-1
2025-03-30,2025-03-30 14:43:00,1632.65,1632.65,1632.62,1632.62,-0.0,17.6,28990.7,-1
2025-03-30,2025-03-30 14:44:00,1632.62,1632.62,1632.58,1632.58,-0.0,17.6,28990.7,-1
2025-03-30,2025-03-30 14:45:00,1632.58,1632.58,1632.55,1632.55,-0.0,17.6,28990.7,-1
2025-03-30,2025-03-30 14:46:00,1632.55,1632.55,1632.52,1632.52,-0.0,17.6,28990.7,-1
2025-03-30,2025-03-30 14:47:00,1632.52,1632.52,1632.49,1632.49,-0.0,17.6,28990.7,-1
2025-03-30,2025-03-30 14:48:00,1632.49,1632.49,1632.45,1632.45,-0.0,17.6,28990.7,-1
2025-03-30,2025-03-30 14:49:00,1632.45,1632.45,1632.42,1632.42,-0.0,17.6,28990.7,-1
2025-03-30,2025-03-30 14:50:00,1632.42,1632.42,1632.39,1632.39,-0.0,17.6,28990.7,-1
2025-03-30,2025-03-30 14:51:00,1632.39,1632.39,1632.35,1632.35,-0.0,17.6,28990.7,-1
2025-03-30,2025-03-30 14:52:00,1632.35,1632.35,1632.32,1632.32,-0.0,17.6,28990.7,-1
2025-03-30,2025-03-30 14:53:00,1632.32,1632.32,1632.29,1632.29,-0.0,17.6,28990.7,-1
2025-03-30,2025-03-30 14:54:00,1632.29,1632.29,1632.25,1632.25,-0.0,17.6,28990.7,-1
2025-03-30,2025-03-30 14:55:00,1632.25,1632.25,1632.22,1632.22,-0.0,17.6,28990.7,-1
2025-03-30,2025-03-30 14:56:00,1632.22,1632.22,1632.19,1632.19,-0.0,17.6,28990.7,-1
2025-03-30,2025-03-30 14:57:00,1632.19,1632.19,1632.16,1632.16,-0.0,17.6,28990.7,-1
2025-03-30,2025-03-30 14:58:00,1632.16,1632.16,1632.12,1632.12,-0.0,17.6,28990.7,-1
2025-03-30,2025-03-30 14:59:00,1632.12,1632.12,1632.09,1632.09,-0.0,17.6,28990.7,-1
2025-03-30,2025-03-30 15:00:00,1632.09,1674.0,1611.0,1632.09,0.0,17.6,28990.7,0
2025-04-01,2025-04-01 11:00:00,1610.0,1617.8,1604.3,1610.06,0.0,11.97,19269.64,1
2025-04-01,2025-04-01 11:01:00,1610.06,1610.11,1610.06,1610.11,0.0,11.97,19269.64,1
2025-04-01,2025-04-01 11:02:00,1610.11,1610.17,1610.11,1610.17,0.0,11.97,19269.64,1
2025-04-01,2025-04-01 11:03:00,1610.17,1610.23,1610.17,1610.23,0.0,11.97,19269.64,1
2025-04-01,2025-04-01 11:04:00,1610.23,1610.28,1610.23,1610.28,0.0,11.97,19269.64,1
2025-04-01,2025-04-01 11:05:00,1610.28,1610.34,1610.28,1610.34,0.0,11.97,19269.64,1
2025-04-01,2025-04-01 11:06:00,1610.34,1610.4,1610.34,1610.4,0.0,11.97,19269.64,1
2025-04-01,2025-04-01 11:07:00,1610.4,1610.45,1610.4,1610.45,0.0,11.97,19269.64,1
2025-04-01,2025-04-01 11:08:00,1610.45,1610.51,1610.45,1610.51,0.0,11.97,19269.64,1
2025-04-01,2025-04-01 11:09:00,1610.51,1610.57,1610.51,1610.57,0.0,11.97,19269.64,1
2025-04-01,2025-04-01 11:10:00,1610.57,1610.62,1610.57,1610.62,0.0,11.97,19269.64,1
2025-04-01,2025-04-01 11:11:00,1610.62,1610.68,1610.62,1610.68,0.0,11.97,19269.64,1
2025-04-01,2025-04-01 11:12:00,1610.68,1610.73,1610.68,1610.73,0.0,11.97,19269.64,1
2025-04-01,2025-04-01 11:13:00,1610.73,1610.79,1610.73,1610.79,0.0,11.97,19269.64,1
2025-04-01,2025-04-01 11:14:00,1610.79,1610.85,1610.79,1610.85,0.0,11.97,19269.64,1
2025-04-01,2025-04-01 11:15:00,1610.85,1610.9,1610.85,1610.9,0.0,11.97,19269.64,1
2025-04-01,2025-04-01 11:16:00,1610.9,1610.96,1610.9,1610.96,0.0,11.97,19269.64,1
2025-04-01,2025-04-01 11:17:00,1610.96,1611.02,1610.96,1611.02,0.0,11.97,19269.64,1
2025-04-01,2025-04-01 11:18:00,1611.02,1611.07,1611.02,1611.07,0.0,11.97,19269.64,1
2025-04-01,2025-04-01 11:19:00,1611.07,1611.13,1611.07,1611.13,0.0,11.97,19269.64,1
2025-04-01,2025-04-01 11:20:00,1611.13,1611.19,1611.13,1611.19,0.0,11.97,19269.64,1
2025-04-01,2025-04-01 11:21:00,1611.19,1611.24,1611.19,1611.24,0.0,11.97,19269.64,1
2025-04-01,2025-04-01 11:22:00,1611.24,1611.3,1611.24,1611.3,0.0,11.97,19269.64,1
2025-04-01,2025-04-01 11:23:00,1611.3,1611.36,1611.3,1611.36,0.0,11.97,19269.64,1
2025-04-01,2025-04-01 11:24:00,1611.36,1611.41,1611.36,1611.41,0.0,11.97,19269.64,1
2025-04-01,2025-04-01 11:25:00,1611.41,1611.47,1611.41,1611.47,0.0,11.97,19269.64,1
2025-04-01,2025-04-01 11:26:00,1611.47,1611.53,1611.47,1611.53,0.0,11.97,19269.64,1
2025-04-01,2025-04-01 11:27:00,1611.53,1611.58,1611.53,1611.58,0.0,11.97,19269.64,1
2025-04-01,2025-04-01 11:28:00,1611.58,1611.64,1611.58,1611.64,0.0,11.97,19269.64,1
2025-04-01,2025-04-01 11:29:00,1611.64,1611.69,1611.64,1611.69,0.0,11.97,19269.64,1
2025-04-01,2025-04-01 11:30:00,1611.69,1611.75,1611.69,1611.75,0.0,11.97,19269.64,1
2025-04-01,2025-04-01 11:31:00,1611.75,1611.81,1611.75,1611.81,0.0,11.97,19269.64,1
2025-04-01,2025-04-01 11:32:00,1611.81,1611.86,1611.81,1611.86,0.0,11.97,19269.64,1
2025-04-01,2025-04-01 11:33:00,1611.86,1611.92,1611.86,1611.92,0.0,11.97,19269.64,1
2025-04-01,2025-04-01 11:34:00,1611.92,1611.98,1611.92,1611.98,0.0,11.97,19269.64,1
2025-04-01,2025-04-01 11:35:00,1611.98,1612.03,1611.98,1612.03,0.0,11.97,19269.64,1
2025-04-01,2025-04-01 11:36:00,1612.03,1612.09,1612.03,1612.09,0.0,11.97,19269.64,1
2025-04-01,2025-04-01 11:37:00,1612.09,1612.15,1612.09,1612.15,0.0,11.97,19269.64,1
2025-04-01,2025-04-01 11:38:00,1612.15,1612.2,1612.15,1612.2,0.0,11.97,19269.64,1
2025-04-01,2025-04-01 11:39:00,1612.2,1612.26,1612.2,1612.26,0.0,11.97,19269.64,1
2025-04-01,2025-04-01 11:40:00,1612.26,1612.32,1612.26,1612.32,0.0,11.97,19269.64,1
2025-04-01,2025-04-01 11:41:00,1612.32,1612.37,1612.32,1612.37,0.0,11.97,19269.64,1
2025-04-01,2025-04-01 11:42:00,1612.37,1612.43,1612.37,1612.43,0.0,11.97,19269.64,1
2025-04-01,2025-04-01 11:43:00,1612.43,1612.49,1612.43,1612.49,0.0,11.97,19269.64,1
2025-04-01,2025-04-01 11:44:00,1612.49,1612.54,1612.49,1612.54,0.0,11.97,19269.64,1
2025-04-01,2025-04-01 11:45:00,1612.54,1612.6,1612.54,1612.6,0.0,11.97,19269.64,1
2025-04-01,2025-04-01 11:46:00,1612.6,1612.66,1612.6,1612.66,0.0,11.97,19269.64,1
2025-04-01,2025-04-01 11:47:00,1612.66,1612.71,1612.66,1612.71,0.0,11.97,19269.64,1
2025-04-01,2025-04-01 11:48:00,1612.71,1612.77,1612.71,1612.77,0.0,11.97,19269.64,1
2025-04-01,2025-04-01 11:49:00,1612.77,1612.83,1612.77,1612.83,0.0,11.97,19269.64,1
2025-04-01,2025-04-01 11:50:00,1612.83,1612.88,1612.83,1612.88,0.0,11.97,19269.64,1
2025-04-01,2025-04-01 11:51:00,1612.88,1612.94,1612.88,1612.94,0.0,11.97,19269.64,1
2025-04-01,2025-04-01 11:52:00,1612.94,1612.99,1612.94,1612.99,0.0,11.97,19269.64,1
2025-04-01,2025-04-01 11:53:00,1612.99,1613.05,1612.99,1613.05,0.0,11.97,19269.64,1
2025-04-01,2025-04-01 11:54:00,1613.05,1613.11,1613.05,1613.11,0.0,11.97,19269.64,1
2025-04-01,2025-04-01 11:55:00,1613.11,1613.16,1613.11,1613.16,0.0,11.97,19269.64,1
2025-04-01,2025-04-01 11:56:00,1613.16,1613.22,1613.16,1613.22,0.0,11.97,19269.64,1
2025-04-01,2025-04-01 11:57:00,1613.22,1613.28,1613.22,1613.28,0.0,11.97,19269.64,1
2025-04-01,2025-04-01 11:58:00,1613.28,1613.33,1613.28,1613.33,0.0,11.97,19269.64,1
2025-04-01,2025-04-01 11:59:00,1613.33,1613.39,1613.33,1613.39,0.0,11.97,19269.64,1
2025-04-01,2025-04-01 12:00:00,1613.39,1613.45,1613.39,1613.45,0.0,11.97,19269.64,1
2025-04-01,2025-04-01 12:01:00,1613.45,1613.5,1613.45,1613.5,0.0,11.97,19269.64,1
2025-04-01,2025-04-01 12:02:00,1613.5,1613.56,1613.5,1613.56,0.0,11.97,19269.64,1
2025-04-01,2025-04-01 12:03:00,1613.56,1613.62,1613.56,1613.62,0.0,11.97,19269.64,1
2025-04-01,2025-04-01 12:04:00,1613.62,1613.67,1613.62,1613.67,0.0,11.97,19269.64,1
2025-04-01,2025-04-01 12:05:00,1613.67,1613.73,1613.67,1613.73,0.0,11.97,19269.64,1
2025-04-01,2025-04-01 12:06:00,1613.73,1613.79,1613.73,1613.79,0.0,11.97,19269.64,1
2025-04-01,2025-04-01 12:07:00,1613.79,1613.84,1613.79,1613.84,0.0,11.97,19269.64,1
2025-04-01,2025-04-01 12:08:00,1613.84,1613.9,1613.84,1613.9,0.0,11.97,19269.64,1
2025-04-01,2025-04-01 12:09:00,1613.9,1613.95,1613.9,1613.95,0.0,11.97,19269.64,1
2025-04-01,2025-04-01 12:10:00,1613.95,1614.01,1613.95,1614.01,0.0,11.97,19269.64,1
2025-04-01,2025-04-01 12:11:00,1614.01,1614.07,1614.01,1614.07,0.0,11.97,19269.64,1
2025-04-01,2025-04-01 12:12:00,1614.07,1614.12,1614.07,1614.12,0.0,11.97,19269.64,1
2025-04-01,2025-04-01 12:13:00,1614.12,1614.18,1614.12,1614.18,0.0,11.97,19269.64,1
2025-04-01,2025-04-01 12:14:00,1614.18,1614.24,1614.18,1614.24,0.0,11.97,19269.64,1
2025-04-01,2025-04-01 12:15:00,1614.24,1614.29,1614.24,1614.29,0.0,11.97,19269.64,1
2025-04-01,2025-04-01 12:16:00,1614.29,1614.35,1614.29,1614.35,0.0,11.97,19269.64,1
2025-04-01,2025-04-01 12:17:00,1614.35,1614.41,1614.35,1614.41,0.0,11.97,19269.64,1
2025-04-01,2025-04-01 12:18:00,1614.41,1614.46,1614.41,1614.46,0.0,11.97,19269.64,1
2025-04-01,2025-04-01 12:19:00,1614.46,1614.52,1614.46,1614.52,0.0,11.97,19269.64,1
2025-04-01,2025-04-01 12:20:00,1614.52,1614.58,1614.52,1614.58,0.0,11.97,19269.64,1
2025-04-01,2025-04-01 12:21:00,1614.58,1614.63,1614.58,1614.63,0.0,11.97,19269.64,1
2025-04-01,2025-04-01 12:22:00,1614.63,1614.69,1614.63,1614.69,0.0,11.97,19269.64,1
2025-04-01,2025-04-01 12:23:00,1614.69,1614.75,1614.69,1614.75,0.0,11.97,19269.64,1
2025-04-01,2025-04-01 12:24:00,1614.75,1614.8,1614.75,1614.8,0.0,11.97,19269.64,1
2025-04-01,2025-04-01 12:25:00,1614.8,1614.86,1614.8,1614.86,0.0,11.97,19269.64,1
2025-04-01,2025-04-01 12:26:00,1614.86,1614.92,1614.86,1614.92,0.0,11.97,19269.64,1
2025-04-01,2025-04-01 12:27:00,1614.92,1614.97,1614.92,1614.97,0.0,11.97,19269.64,1
2025-04-01,2025-04-01 12:28:00,1614.97,1615.03,1614.97,1615.03,0.0,11.97,19269.64,1
2025-04-01,2025-04-01 12:29:00,1615.03,1615.09,1615.03,1615.09,0.0,11.97,19269.64,1
2025-04-01,2025-04-01 12:30:00,1615.09,1615.14,1615.09,1615.14,0.0,11.97,19269.64,1
2025-04-01,2025-04-01 12:31:00,1615.14,1615.2,1615.14,1615.2,0.0,11.97,19269.64,1
2025-04-01,2025-04-01 12:32:00,1615.2,1615.25,1615.2,1615.25,0.0,11.97,19269.64,1
2025-04-01,2025-04-01 12:33:00,1615.25,1615.31,1615.25,1615.31,0.0,11.97,19269.64,1
2025-04-01,2025-04-01 12:34:00,1615.31,1615.37,1615.31,1615.37,0.0,11.97,19269.64,1
2025-04-01,2025-04-01 12:35:00,1615.37,1615.42,1615.37,1615.42,0.0,11.97,19269.64,1
2025-04-01,2025-04-01 12:36:00,1615.42,1615.48,1615.42,1615.48,0.0,11.97,19269.64,1
2025-04-01,2025-04-01 12:37:00,1615.48,1615.54,1615.48,1615.54,0.0,11.97,19269.64,1
2025-04-01,2025-04-01 12:38:00,1615.54,1615.59,1615.54,1615.59,0.0,11.97,19269.64,1
2025-04-01,2025-04-01 12:39:00,1615.59,1615.65,1615.59,1615.65,0.0,11.97,19269.64,1
2025-04-01,2025-04-01 12:40:00,1615.65,1615.71,1615.65,1615.71,0.0,11.97,19269.64,1
2025-04-01,2025-04-01 12:41:00,1615.71,1615.76,1615.71,1615.76,0.0,11.97,19269.64,1
2025-04-01,2025-04-01 12:42:00,1615.76,1615.82,1615.76,1615.82,0.0,11.97,19269.64,1
2025-04-01,2025-04-01 12:43:00,1615.82,1615.88,1615.82,1615.88,0.0,11.97,19269.64,1
2025-04-01,2025-04-01 12:44:00,1615.88,1615.93,1615.88,1615.93,0.0,11.97,19269.64,1
2025-04-01,2025-04-01 12:45:00,1615.93,1615.99,1615.93,1615.99,0.0,11.97,19269.64,1
2025-04-01,2025-04-01 12:46:00,1615.99,1616.05,1615.99,1616.05,0.0,11.97,19269.64,1
2025-04-01,2025-04-01 12:47:00,1616.05,1616.1,1616.05,1616.1,0.0,11.97,19269.64,1
2025-04-01,2025-04-01 12:48:00,1616.1,1616.16,1616.1,1616.16,0.0,11.97,19269.64,1
2025-04-01,2025-04-01 12:49:00,1616.16,1616.21,1616.16,1616.21,0.0,11.97,19269.64,1
2025-04-01,2025-04-01 12:50:00,1616.21,1616.27,1616.21,1616.27,0.0,11.97,19269.64,1
2025-04-01,2025-04-01 12:51:00,1616.27,1616.33,1616.27,1616.33,0.0,11.97,19269.64,1
2025-04-01,2025-04-01 12:52:00,1616.33,1616.38,1616.33,1616.38,0.0,11.97,19269.64,1
2025-04-01,2025-04-01 12:53:00,1616.38,1616.44,1616.38,1616.44,0.0,11.97,19269.64,1
2025-04-01,2025-04-01 12:54:00,1616.44,1616.5,1616.44,1616.5,0.0,11.97,19269.64,1
2025-04-01,2025-04-01 12:55:00,1616.5,1616.55,1616.5,1616.55,0.0,11.97,19269.64,1
2025-04-01,2025-04-01 12:56:00,1616.55,1616.61,1616.55,1616.61,0.0,11.97,19269.64,1
2025-04-01,2025-04-01 12:57:00,1616.61,1616.67,1616.61,1616.67,0.0,11.97,19269.64,1
2025-04-01,2025-04-01 12:58:00,1616.67,1616.72,1616.67,1616.72,0.0,11.97,19269.64,1
2025-04-01,2025-04-01 12:59:00,1616.72,1616.78,1616.72,1616.78,0.0,11.97,19269.64,1
2025-04-01,2025-04-01 13:00:00,1616.78,1636.0,1591.0,1616.84,0.0,11.97,19269.64,1
2025-04-01,2025-04-01 13:01:00,1616.84,1616.89,1616.84,1616.89,0.0,11.97,19269.64,1
2025-04-01,2025-04-01 13:02:00,1616.89,1616.95,1616.89,1616.95,0.0,11.97,19269.64,1
2025-04-01,2025-04-01 13:03:00,1616.95,1617.01,1616.95,1617.01,0.0,11.97,19269.64,1
2025-04-01,2025-04-01 13:04:00,1617.01,1617.06,1617.01,1617.06,0.0,11.97,19269.64,1
2025-04-01,2025-04-01 13:05:00,1617.06,1617.12,1617.06,1617.12,0.0,11.97,19269.64,1
2025-04-01,2025-04-01 13:06:00,1617.12,1617.18,1617.12,1617.18,0.0,11.97,19269.64,1
2025-04-01,2025-04-01 13:07:00,1617.18,1617.23,1617.18,1617.23,0.0,11.97,19269.64,1
2025-04-01,2025-04-01 13:08:00,1617.23,1617.29,1617.23,1617.29,0.0,11.97,19269.64,1
2025-04-01,2025-04-01 13:09:00,1617.29,1617.35,1617.29,1617.35,0.0,11.97,19269.64,1
2025-04-01,2025-04-01 13:10:00,1617.35,1617.4,1617.35,1617.4,0.0,11.97,19269.64,1
2025-04-01,2025-04-01 13:11:00,1617.4,1617.46,1617.4,1617.46,0.0,11.97,19269.64,1
2025-04-01,2025-04-01 13:12:00,1617.46,1617.51,1617.46,1617.51,0.0,11.97,19269.64,1
2025-04-01,2025-04-01 13:13:00,1617.51,1617.57,1617.51,1617.57,0.0,11.97,19269.64,1
2025-04-01,2025-04-01 13:14:00,1617.57,1617.63,1617.57,1617.63,0.0,11.97,19269.64,1
2025-04-01,2025-04-01 13:15:00,1617.63,1617.68,1617.63,1617.68,0.0,11.97,19269.64,1
2025-04-01,2025-04-01 13:16:00,1617.68,1617.74,1617.68,1617.74,0.0,11.97,19269.64,1
2025-04-01,2025-04-01 13:17:00,1617.74,1617.8,1617.74,1617.8,0.0,11.97,19269.64,1
2025-04-01,2025-04-01 13:18:00,1617.8,1617.85,1617.8,1617.85,0.0,11.97,19269.64,1
2025-04-01,2025-04-01 13:19:00,1617.85,1617.91,1617.85,1617.91,0.0,11.97,19269.64,1
2025-04-01,2025-04-01 13:20:00,1617.91,1617.97,1617.91,1617.97,0.0,11.97,19269.64,1
2025-04-01,2025-04-01 13:21:00,1617.97,1618.02,1617.97,1618.02,0.0,11.97,19269.64,1
2025-04-01,2025-04-01 13:22:00,1618.02,1618.08,1618.02,1618.08,0.0,11.97,19269.64,1
2025-04-01,2025-04-01 13:23:00,1618.08,1618.14,1618.08,1618.14,0.0,11.97,19269.64,1
2025-04-01,2025-04-01 13:24:00,1618.14,1618.19,1618.14,1618.19,0.0,11.97,19269.64,1
2025-04-01,2025-04-01 13:25:00,1618.19,1618.25,1618.19,1618.25,0.0,11.97,19269.64,1
2025-04-01,2025-04-01 13:26:00,1618.25,1618.31,1618.25,1618.31,0.0,11.97,19269.64,1
2025-04-01,2025-04-01 13:27:00,1618.31,1618.36,1618.31,1618.36,0.0,11.97,19269.64,1
2025-04-01,2025-04-01 13:28:00,1618.36,1618.42,1618.36,1618.42,0.0,11.97,19269.64,1
2025-04-01,2025-04-01 13:29:00,1618.42,1618.47,1618.42,1618.47,0.0,11.97,19269.64,1
2025-04-01,2025-04-01 13:30:00,1618.47,1618.53,1618.47,1618.53,0.0,11.97,19269.64,1
2025-04-01,2025-04-01 13:31:00,1618.53,1618.59,1618.53,1618.59,0.0,11.97,19269.64,1
2025-04-01,2025-04-01 13:32:00,1618.59,1618.64,1618.59,1618.64,0.0,11.97,19269.64,1
2025-04-01,2025-04-01 13:33:00,1618.64,1618.7,1618.64,1618.7,0.0,11.97,19269.64,1
2025-04-01,2025-04-01 13:34:00,1618.7,1618.76,1618.7,1618.76,0.0,11.97,19269.64,1
2025-04-01,2025-04-01 13:35:00,1618.76,1618.81,1618.76,1618.81,0.0,11.97,19269.64,1
2025-04-01,2025-04-01 13:36:00,1618.81,1618.87,1618.81,1618.87,0.0,11.97,19269.64,1
2025-04-01,2025-04-01 13:37:00,1618.87,1618.93,1618.87,1618.93,0.0,11.97,19269.64,1
2025-04-01,2025-04-01 13:38:00,1618.93,1618.98,1618.93,1618.98,0.0,11.97,19269.64,1
2025-04-01,2025-04-01 13:39:00,1618.98,1619.04,1618.98,1619.04,0.0,11.97,19269.64,1
2025-04-01,2025-04-01 13:40:00,1619.04,1619.1,1619.04,1619.1,0.0,11.97,19269.64,1
2025-04-01,2025-04-01 13:41:00,1619.1,1619.15,1619.1,1619.15,0.0,11.97,19269.64,1
2025-04-01,2025-04-01 13:42:00,1619.15,1619.21,1619.15,1619.21,0.0,11.97,19269.64,1
2025-04-01,2025-04-01 13:43:00,1619.21,1619.27,1619.21,1619.27,0.0,11.97,19269.64,1
2025-04-01,2025-04-01 13:44:00,1619.27,1619.32,1619.27,1619.32,0.0,11.97,19269.64,1
2025-04-01,2025-04-01 13:45:00,1619.32,1619.38,1619.32,1619.38,0.0,11.97,19269.64,1
2025-04-01,2025-04-01 13:46:00,1619.38,1619.44,1619.38,1619.44,0.0,11.97,19269.64,1
2025-04-01,2025-04-01 13:47:00,1619.44,1619.49,1619.44,1619.49,0.0,11.97,19269.64,1
2025-04-01,2025-04-01 13:48:00,1619.49,1619.55,1619.49,1619.55,0.0,11.97,19269.64,1
2025-04-01,2025-04-01 13:49:00,1619.55,1619.61,1619.55,1619.61,0.0,11.97,19269.64,1
2025-04-01,2025-04-01 13:50:00,1619.61,1619.66,1619.61,1619.66,0.0,11.97,19269.64,1
2025-04-01,2025-04-01 13:51:00,1619.66,1619.72,1619.66,1619.72,0.0,11.97,19269.64,1
2025-04-01,2025-04-01 13:52:00,1619.72,1619.77,1619.72,1619.77,0.0,11.97,19269.64,1
2025-04-01,2025-04-01 13:53:00,1619.77,1619.83,1619.77,1619.83,0.0,11.97,19269.64,1
2025-04-01,2025-04-01 13:54:00,1619.83,1619.89,1619.83,1619.89,0.0,11.97,19269.64,1
2025-04-01,2025-04-01 13:55:00,1619.89,1619.94,1619.89,1619.94,0.0,11.97,19269.64,1
2025-04-01,2025-04-01 13:56:00,1619.94,1620.0,1619.94,1620.0,0.0,11.97,19269.64,1
2025-04-01,2025-04-01 13:57:00,1620.0,1620.06,1620.0,1620.06,0.0,11.97,19269.64,1
2025-04-01,2025-04-01 13:58:00,1620.06,1620.11,1620.06,1620.11,0.0,11.97,19269.64,1
2025-04-01,2025-04-01 13:59:00,1620.11,1620.17,1620.11,1620.17,0.0,11.97,19269.64,1
2025-04-01,2025-04-01 14:00:00,1620.17,1620.23,1620.17,1620.23,0.0,11.97,19269.64,1
2025-04-01,2025-04-01 14:01:00,1620.23,1620.28,1620.23,1620.28,0.0,11.97,19269.64,1
2025-04-01,2025-04-01 14:02:00,1620.28,1620.34,1620.28,1620.34,0.0,11.97,19269.64,1
2025-04-01,2025-04-01 14:03:00,1620.34,1620.4,1620.34,1620.4,0.0,11.97,19269.64,1
2025-04-01,2025-04-01 14:04:00,1620.4,1620.45,1620.4,1620.45,0.0,11.97,19269.64,1
2025-04-01,2025-04-01 14:05:00,1620.45,1620.51,1620.45,1620.51,0.0,11.97,19269.64,1
2025-04-01,2025-04-01 14:06:00,1620.51,1620.57,1620.51,1620.57,0.0,11.97,19269.64,1
2025-04-01,2025-04-01 14:07:00,1620.57,1620.62,1620.57,1620.62,0.0,11.97,19269.64,1
2025-04-01,2025-04-01 14:08:00,1620.62,1620.68,1620.62,1620.68,0.0,11.97,19269.64,1
2025-04-01,2025-04-01 14:09:00,1620.68,1620.73,1620.68,1620.73,0.0,11.97,19269.64,1
2025-04-01,2025-04-01 14:10:00,1620.73,1620.79,1620.73,1620.79,0.0,11.97,19269.64,1
2025-04-01,2025-04-01 14:11:00,1620.79,1620.85,1620.79,1620.85,0.0,11.97,19269.64,1
2025-04-01,2025-04-01 14:12:00,1620.85,1620.9,1620.85,1620.9,0.0,11.97,19269.64,1
2025-04-01,2025-04-01 14:13:00,1620.9,1620.96,1620.9,1620.96,0.0,11.97,19269.64,1
2025-04-01,2025-04-01 14:14:00,1620.96,1621.02,1620.96,1621.02,0.0,11.97,19269.64,1
2025-04-01,2025-04-01 14:15:00,1621.02,1621.07,1621.02,1621.07,0.0,11.97,19269.64,1
2025-04-01,2025-04-01 14:16:00,1621.07,1621.13,1621.07,1621.13,0.0,11.97,19269.64,1
2025-04-01,2025-04-01 14:17:00,1621.13,1621.19,1621.13,1621.19,0.0,11.97,19269.64,1
2025-04-01,2025-04-01 14:18:00,1621.19,1621.24,1621.19,1621.24,0.0,11.97,19269.64,1
2025-04-01,2025-04-01 14:19:00,1621.24,1621.3,1621.24,1621.3,0.0,11.97,19269.64,1
2025-04-01,2025-04-01 14:20:00,1621.3,1621.36,1621.3,1621.36,0.0,11.97,19269.64,1
2025-04-01,2025-04-01 14:21:00,1621.36,1621.41,1621.36,1621.41,0.0,11.97,19269.64,1
2025-04-01,2025-04-01 14:22:00,1621.41,1621.47,1621.41,1621.47,0.0,11.97,19269.64,1
2025-04-01,2025-04-01 14:23:00,1621.47,1621.53,1621.47,1621.53,0.0,11.97,19269.64,1
2025-04-01,2025-04-01 14:24:00,1621.53,1621.58,1621.53,1621.58,0.0,11.97,19269.64,1
2025-04-01,2025-04-01 14:25:00,1621.58,1621.64,1621.58,1621.64,0.0,11.97,19269.64,1
2025-04-01,2025-04-01 14:26:00,1621.64,1621.7,1621.64,1621.7,0.0,11.97,19269.64,1
2025-04-01,2025-04-01 14:27:00,1621.7,1621.75,1621.7,1621.75,0.0,11.97,19269.64,1
2025-04-01,2025-04-01 14:28:00,1621.75,1621.81,1621.75,1621.81,0.0,11.97,19269.64,1
2025-04-01,2025-04-01 14:29:00,1621.81,1621.87,1621.81,1621.87,0.0,11.97,19269.64,1
2025-04-01,2025-04-01 14:30:00,1621.87,1621.92,1621.87,1621.92,0.0,11.97,19269.64,1
2025-04-01,2025-04-01 14:31:00,1621.92,1621.98,1621.92,1621.98,0.0,11.97,19269.64,1
2025-04-01,2025-04-01 14:32:00,1621.98,1622.03,1621.98,1622.03,0.0,11.97,19269.64,1
2025-04-01,2025-04-01 14:33:00,1622.03,1622.09,1622.03,1622.09,0.0,11.97,19269.64,1
2025-04-01,2025-04-01 14:34:00,1622.09,1622.15,1622.09,1622.15,0.0,11.97,19269.64,1
2025-04-01,2025-04-01 14:35:00,1622.15,1622.2,1622.15,1622.2,0.0,11.97,19269.64,1
2025-04-01,2025-04-01 14:36:00,1622.2,1622.26,1622.2,1622.26,0.0,11.97,19269.64,1
2025-04-01,2025-04-01 14:37:00,1622.26,1622.32,1622.26,1622.32,0.0,11.97,19269.64,1
2025-04-01,2025-04-01 14:38:00,1622.32,1622.37,1622.32,1622.37,0.0,11.97,19269.64,1
2025-04-01,2025-04-01 14:39:00,1622.37,1622.43,1622.37,1622.43,0.0,11.97,19269.64,1
2025-04-01,2025-04-01 14:40:00,1622.43,1622.49,1622.43,1622.49,0.0,11.97,19269.64,1
2025-04-01,2025-04-01 14:41:00,1622.49,1622.54,1622.49,1622.54,0.0,11.97,19269.64,1
2025-04-01,2025-04-01 14:42:00,1622.54,1622.6,1622.54,1622.6,0.0,11.97,19269.64,1
2025-04-01,2025-04-01 14:43:00,1622.6,1622.66,1622.6,1622.66,0.0,11.97,19269.64,1
2025-04-01,2025-04-01 14:44:00,1622.66,1622.71,1622.66,1622.71,0.0,11.97,19269.64,1
2025-04-01,2025-04-01 14:45:00,1622.71,1622.77,1622.71,1622.77,0.0,11.97,19269.64,1
2025-04-01,2025-04-01 14:46:00,1622.77,1622.83,1622.77,1622.83,0.0,11.97,19269.64,1
2025-04-01,2025-04-01 14:47:00,1622.83,1622.88,1622.83,1622.88,0.0,11.97,19269.64,1
2025-04-01,2025-04-01 14:48:00,1622.88,1622.94,1622.88,1622.94,0.0,11.97,19269.64,1
2025-04-01,2025-04-01 14:49:00,1622.94,1622.99,1622.94,1622.99,0.0,11.97,19269.64,1
2025-04-01,2025-04-01 14:50:00,1622.99,1623.05,1622.99,1623.05,0.0,11.97,19269.64,1
2025-04-01,2025-04-01 14:51:00,1623.05,1623.11,1623.05,1623.11,0.0,11.97,19269.64,1
2025-04-01,2025-04-01 14:52:00,1623.11,1623.16,1623.11,1623.16,0.0,11.97,19269.64,1
2025-04-01,2025-04-01 14:53:00,1623.16,1623.22,1623.16,1623.22,0.0,11.97,19269.64,1
2025-04-01,2025-04-01 14:54:00,1623.22,1623.28,1623.22,1623.28,0.0,11.97,19269.64,1
2025-04-01,2025-04-01 14:55:00,1623.28,1623.33,1623.28,1623.33,0.0,11.97,19269.64,1
2025-04-01,2025-04-01 14:56:00,1623.33,1623.39,1623.33,1623.39,0.0,11.97,19269.64,1
2025-04-01,2025-04-01 14:57:00,1623.39,1623.45,1623.39,1623.45,0.0,11.97,19269.64,1
2025-04-01,2025-04-01 14:58:00,1623.45,1623.5,1623.45,1623.5,0.0,11.97,19269.64,1
2025-04-01,2025-04-01 14:59:00,1623.5,1623.56,1623.5,1623.56,0.0,11.97,19269.64,1
2025-04-01,2025-04-01 15:00:00,1623.56,1636.0,1591.0,1623.56,0.0,11.97,19269.64,0
2025-04-02,2025-04-02 11:00:00,1600.0,1616.8,1600.0,1600.08,0.0,8.17,13250.3,1
2025-04-02,2025-04-02 11:01:00,1600.08,1600.16,1600.08,1600.16,0.0,8.17,13250.3,1
2025-04-02,2025-04-02 11:02:00,1600.16,1600.23,1600.16,1600.23,0.0,8.17,13250.3,1
2025-04-02,2025-04-02 11:03:00,1600.23,1600.31,1600.23,1600.31,0.0,8.17,13250.3,1
2025-04-02,2025-04-02 11:04:00,1600.31,1600.39,1600.31,1600.39,0.0,8.17,13250.3,1
2025-04-02,2025-04-02 11:05:00,1600.39,1600.47,1600.39,1600.47,0.0,8.17,13250.3,1
2025-04-02,2025-04-02 11:06:00,1600.47,1600.54,1600.47,1600.54,0.0,8.17,13250.3,1
2025-04-02,2025-04-02 11:07:00,1600.54,1600.62,1600.54,1600.62,0.0,8.17,13250.3,1
2025-04-02,2025-04-02 11:08:00,1600.62,1600.7,1600.62,1600.7,0.0,8.17,13250.3,1
2025-04-02,2025-04-02 11:09:00,1600.7,1600.78,1600.7,1600.78,0.0,8.17,13250.3,1
2025-04-02,2025-04-02 11:10:00,1600.78,1600.85,1600.78,1600.85,0.0,8.17,13250.3,1
2025-04-02,2025-04-02 11:11:00,1600.85,1600.93,1600.85,1600.93,0.0,8.17,13250.3,1
2025-04-02,2025-04-02 11:12:00,1600.93,1601.01,1600.93,1601.01,0.0,8.17,13250.3,1
2025-04-02,2025-04-02 11:13:00,1601.01,1601.09,1601.01,1601.09,0.0,8.17,13250.3,1
2025-04-02,2025-04-02 11:14:00,1601.09,1601.17,1601.09,1601.17,0.0,8.17,13250.3,1
2025-04-02,2025-04-02 11:15:00,1601.17,1601.24,1601.17,1601.24,0.0,8.17,13250.3,1
2025-04-02,2025-04-02 11:16:00,1601.24,1601.32,1601.24,1601.32,0.0,8.17,13250.3,1
2025-04-02,2025-04-02 11:17:00,1601.32,1601.4,1601.32,1601.4,0.0,8.17,13250.3,1
2025-04-02,2025-04-02 11:18:00,1601.4,1601.48,1601.4,1601.48,0.0,8.17,13250.3,1
2025-04-02,2025-04-02 11:19:00,1601.48,1601.55,1601.48,1601.55,0.0,8.17,13250.3,1
2025-04-02,2025-04-02 11:20:00,1601.55,1601.63,1601.55,1601.63,0.0,8.17,13250.3,1
2025-04-02,2025-04-02 11:21:00,1601.63,1601.71,1601.63,1601.71,0.0,8.17,13250.3,1
2025-04-02,2025-04-02 11:22:00,1601.71,1601.79,1601.71,1601.79,0.0,8.17,13250.3,1
2025-04-02,2025-04-02 11:23:00,1601.79,1601.87,1601.79,1601.87,0.0,8.17,13250.3,1
2025-04-02,2025-04-02 11:24:00,1601.87,1601.94,1601.87,1601.94,0.0,8.17,13250.3,1
2025-04-02,2025-04-02 11:25:00,1601.94,1602.02,1601.94,1602.02,0.0,8.17,13250.3,1
2025-04-02,2025-04-02 11:26:00,1602.02,1602.1,1602.02,1602.1,0.0,8.17,13250.3,1
2025-04-02,2025-04-02 11:27:00,1602.1,1602.18,1602.1,1602.18,0.0,8.17,13250.3,1
2025-04-02,2025-04-02 11:28:00,1602.18,1602.25,1602.18,1602.25,0.0,8.17,13250.3,1
2025-04-02,2025-04-02 11:29:00,1602.25,1602.33,1602.25,1602.33,0.0,8.17,13250.3,1
2025-04-02,2025-04-02 11:30:00,1602.33,1602.41,1602.33,1602.41,0.0,8.17,13250.3,1
2025-04-02,2025-04-02 11:31:00,1602.41,1602.49,1602.41,1602.49,0.0,8.17,13250.3,1
2025-04-02,2025-04-02 11:32:00,1602.49,1602.56,1602.49,1602.56,0.0,8.17,13250.3,1
2025-04-02,2025-04-02 11:33:00,1602.56,1602.64,1602.56,1602.64,0.0,8.17,13250.3,1
2025-04-02,2025-04-02 11:34:00,1602.64,1602.72,1602.64,1602.72,0.0,8.17,13250.3,1
2025-04-02,2025-04-02 11:35:00,1602.72,1602.8,1602.72,1602.8,0.0,8.17,13250.3,1
2025-04-02,2025-04-02 11:36:00,1602.8,1602.88,1602.8,1602.88,0.0,8.17,13250.3,1
2025-04-02,2025-04-02 11:37:00,1602.88,1602.95,1602.88,1602.95,0.0,8.17,13250.3,1
2025-04-02,2025-04-02 11:38:00,1602.95,1603.03,1602.95,1603.03,0.0,8.17,13250.3,1
2025-04-02,2025-04-02 11:39:00,1603.03,1603.11,1603.03,1603.11,0.0,8.17,13250.3,1
2025-04-02,2025-04-02 11:40:00,1603.11,1603.19,1603.11,1603.19,0.0,8.17,13250.3,1
2025-04-02,2025-04-02 11:41:00,1603.19,1603.26,1603.19,1603.26,0.0,8.17,13250.3,1
2025-04-02,2025-04-02 11:42:00,1603.26,1603.34,1603.26,1603.34,0.0,8.17,13250.3,1
2025-04-02,2025-04-02 11:43:00,1603.34,1603.42,1603.34,1603.42,0.0,8.17,13250.3,1
2025-04-02,2025-04-02 11:44:00,1603.42,1603.5,1603.42,1603.5,0.0,8.17,13250.3,1
2025-04-02,2025-04-02 11:45:00,1603.5,1603.57,1603.5,1603.57,0.0,8.17,13250.3,1
2025-04-02,2025-04-02 11:46:00,1603.57,1603.65,1603.57,1603.65,0.0,8.17,13250.3,1
2025-04-02,2025-04-02 11:47:00,1603.65,1603.73,1603.65,1603.73,0.0,8.17,13250.3,1
2025-04-02,2025-04-02 11:48:00,1603.73,1603.81,1603.73,1603.81,0.0,8.17,13250.3,1
2025-04-02,2025-04-02 11:49:00,1603.81,1603.89,1603.81,1603.89,0.0,8.17,13250.3,1
2025-04-02,2025-04-02 11:50:00,1603.89,1603.96,1603.89,1603.96,0.0,8.17,13250.3,1
2025-04-02,2025-04-02 11:51:00,1603.96,1604.04,1603.96,1604.04,0.0,8.17,13250.3,1
2025-04-02,2025-04-02 11:52:00,1604.04,1604.12,1604.04,1604.12,0.0,8.17,13250.3,1
2025-04-02,2025-04-02 11:53:00,1604.12,1604.2,1604.12,1604.2,0.0,8.17,13250.3,1
2025-04-02,2025-04-02 11:54:00,1604.2,1604.27,1604.2,1604.27,0.0,8.17,13250.3,1
2025-04-02,2025-04-02 11:55:00,1604.27,1604.35,1604.27,1604.35,0.0,8.17,13250.3,1
2025-04-02,2025-04-02 11:56:00,1604.35,1604.43,1604.35,1604.43,0.0,8.17,13250.3,1
2025-04-02,2025-04-02 11:57:00,1604.43,1604.51,1604.43,1604.51,0.0,8.17,13250.3,1
2025-04-02,2025-04-02 11:58:00,1604.51,1604.58,1604.51,1604.58,0.0,8.17,13250.3,1
2025-04-02,2025-04-02 11:59:00,1604.58,1604.66,1604.58,1604.66,0.0,8.17,13250.3,1
2025-04-02,2025-04-02 12:00:00,1604.66,1604.74,1604.66,1604.74,0.0,8.17,13250.3,1
2025-04-02,2025-04-02 12:01:00,1604.74,1604.82,1604.74,1604.82,0.0,8.17,13250.3,1
2025-04-02,2025-04-02 12:02:00,1604.82,1604.9,1604.82,1604.9,0.0,8.17,13250.3,1
2025-04-02,2025-04-02 12:03:00,1604.9,1604.97,1604.9,1604.97,0.0,8.17,13250.3,1
2025-04-02,2025-04-02 12:04:00,1604.97,1605.05,1604.97,1605.05,0.0,8.17,13250.3,1
2025-04-02,2025-04-02 12:05:00,1605.05,1605.13,1605.05,1605.13,0.0,8.17,13250.3,1
2025-04-02,2025-04-02 12:06:00,1605.13,1605.21,1605.13,1605.21,0.0,8.17,13250.3,1
2025-04-02,2025-04-02 12:07:00,1605.21,1605.28,1605.21,1605.28,0.0,8.17,13250.3,1
2025-04-02,2025-04-02 12:08:00,1605.28,1605.36,1605.28,1605.36,0.0,8.17,13250.3,1
2025-04-02,2025-04-02 12:09:00,1605.36,1605.44,1605.36,1605.44,0.0,8.17,13250.3,1
2025-04-02,2025-04-02 12:10:00,1605.44,1605.52,1605.44,1605.52,0.0,8.17,13250.3,1
2025-04-02,2025-04-02 12:11:00,1605.52,1605.6,1605.52,1605.6,0.0,8.17,13250.3,1
2025-04-02,2025-04-02 12:12:00,1605.6,1605.67,1605.6,1605.67,0.0,8.17,13250.3,1
2025-04-02,2025-04-02 12:13:00,1605.67,1605.75,1605.67,1605.75,0.0,8.17,13250.3,1
2025-04-02,2025-04-02 12:14:00,1605.75,1605.83,1605.75,1605.83,0.0,8.17,13250.3,1
2025-04-02,2025-04-02 12:15:00,1605.83,1605.91,1605.83,1605.91,0.0,8.17,13250.3,1
2025-04-02,2025-04-02 12:16:00,1605.91,1605.98,1605.91,1605.98,0.0,8.17,13250.3,1
2025-04-02,2025-04-02 12:17:00,1605.98,1606.06,1605.98,1606.06,0.0,8.17,13250.3,1
2025-04-02,2025-04-02 12:18:00,1606.06,1606.14,1606.06,1606.14,0.0,8.17,13250.3,1
2025-04-02,2025-04-02 12:19:00,1606.14,1606.22,1606.14,1606.22,0.0,8.17,13250.3,1
2025-04-02,2025-04-02 12:20:00,1606.22,1606.29,1606.22,1606.29,0.0,8.17,13250.3,1
2025-04-02,2025-04-02 12:21:00,1606.29,1606.37,1606.29,1606.37,0.0,8.17,13250.3,1
2025-04-02,2025-04-02 12:22:00,1606.37,1606.45,1606.37,1606.45,0.0,8.17,13250.3,1
2025-04-02,2025-04-02 12:23:00,1606.45,1606.53,1606.45,1606.53,0.0,8.17,13250.3,1
2025-04-02,2025-04-02 12:24:00,1606.53,1606.61,1606.53,1606.61,0.0,8.17,13250.3,1
2025-04-02,2025-04-02 12:25:00,1606.61,1606.68,1606.61,1606.68,0.0,8.17,13250.3,1
2025-04-02,2025-04-02 12:26:00,1606.68,1606.76,1606.68,1606.76,0.0,8.17,13250.3,1
2025-04-02,2025-04-02 12:27:00,1606.76,1606.84,1606.76,1606.84,0.0,8.17,13250.3,1
2025-04-02,2025-04-02 12:28:00,1606.84,1606.92,1606.84,1606.92,0.0,8.17,13250.3,1
2025-04-02,2025-04-02 12:29:00,1606.92,1606.99,1606.92,1606.99,0.0,8.17,13250.3,1
2025-04-02,2025-04-02 12:30:00,1606.99,1607.07,1606.99,1607.07,0.0,8.17,13250.3,1
2025-04-02,2025-04-02 12:31:00,1607.07,1607.15,1607.07,1607.15,0.0,8.17,13250.3,1
2025-04-02,2025-04-02 12:32:00,1607.15,1607.23,1607.15,1607.23,0.0,8.17,13250.3,1
2025-04-02,2025-04-02 12:33:00,1607.23,1607.3,1607.23,1607.3,0.0,8.17,13250.3,1
2025-04-02,2025-04-02 12:34:00,1607.3,1607.38,1607.3,1607.38,0.0,8.17,13250.3,1
2025-04-02,2025-04-02 12:35:00,1607.38,1607.46,1607.38,1607.46,0.0,8.17,13250.3,1
2025-04-02,2025-04-02 12:36:00,1607.46,1607.54,1607.46,1607.54,0.0,8.17,13250.3,1
2025-04-02,2025-04-02 12:37:00,1607.54,1607.62,1607.54,1607.62,0.0,8.17,13250.3,1
2025-04-02,2025-04-02 12:38:00,1607.62,1607.69,1607.62,1607.69,0.0,8.17,13250.3,1
2025-04-02,2025-04-02 12:39:00,1607.69,1607.77,1607.69,1607.77,0.0,8.17,13250.3,1
2025-04-02,2025-04-02 12:40:00,1607.77,1607.85,1607.77,1607.85,0.0,8.17,13250.3,1
2025-04-02,2025-04-02 12:41:00,1607.85,1607.93,1607.85,1607.93,0.0,8.17,13250.3,1
2025-04-02,2025-04-02 12:42:00,1607.93,1608.0,1607.93,1608.0,0.0,8.17,13250.3,1
2025-04-02,2025-04-02 12:43:00,1608.0,1608.08,1608.0,1608.08,0.0,8.17,13250.3,1
2025-04-02,2025-04-02 12:44:00,1608.08,1608.16,1608.08,1608.16,0.0,8.17,13250.3,1
2025-04-02,2025-04-02 12:45:00,1608.16,1608.24,1608.16,1608.24,0.0,8.17,13250.3,1
2025-04-02,2025-04-02 12:46:00,1608.24,1608.31,1608.24,1608.31,0.0,8.17,13250.3,1
2025-04-02,2025-04-02 12:47:00,1608.31,1608.39,1608.31,1608.39,0.0,8.17,13250.3,1
2025-04-02,2025-04-02 12:48:00,1608.39,1608.47,1608.39,1608.47,0.0,8.17,13250.3,1
2025-04-02,2025-04-02 12:49:00,1608.47,1608.55,1608.47,1608.55,0.0,8.17,13250.3,1
2025-04-02,2025-04-02 12:50:00,1608.55,1608.63,1608.55,1608.63,0.0,8.17,13250.3,1
2025-04-02,2025-04-02 12:51:00,1608.63,1608.7,1608.63,1608.7,0.0,8.17,13250.3,1
2025-04-02,2025-04-02 12:52:00,1608.7,1608.78,1608.7,1608.78,0.0,8.17,13250.3,1
2025-04-02,2025-04-02 12:53:00,1608.78,1608.86,1608.78,1608.86,0.0,8.17,13250.3,1
2025-04-02,2025-04-02 12:54:00,1608.86,1608.94,1608.86,1608.94,0.0,8.17,13250.3,1
2025-04-02,2025-04-02 12:55:00,1608.94,1609.01,1608.94,1609.01,0.0,8.17,13250.3,1
2025-04-02,2025-04-02 12:56:00,1609.01,1609.09,1609.01,1609.09,0.0,8.17,13250.3,1
2025-04-02,2025-04-02 12:57:00,1609.09,1609.17,1609.09,1609.17,0.0,8.17,13250.3,1
2025-04-02,2025-04-02 12:58:00,1609.17,1609.25,1609.17,1609.25,0.0,8.17,13250.3,1
2025-04-02,2025-04-02 12:59:00,1609.25,1609.33,1609.25,1609.33,0.0,8.17,13250.3,1
2025-04-02,2025-04-02 13:00:00,1609.33,1656.0,1600.0,1609.4,0.0,8.17,13250.3,1
2025-04-02,2025-04-02 13:01:00,1609.4,1609.48,1609.4,1609.48,0.0,8.17,13250.3,1
2025-04-02,2025-04-02 13:02:00,1609.48,1609.56,1609.48,1609.56,0.0,8.17,13250.3,1
2025-04-02,2025-04-02 13:03:00,1609.56,1609.64,1609.56,1609.64,0.0,8.17,13250.3,1
2025-04-02,2025-04-02 13:04:00,1609.64,1609.71,1609.64,1609.71,0.0,8.17,13250.3,1
2025-04-02,2025-04-02 13:05:00,1609.71,1609.79,1609.71,1609.79,0.0,8.17,13250.3,1
2025-04-02,2025-04-02 13:06:00,1609.79,1609.87,1609.79,1609.87,0.0,8.17,13250.3,1
2025-04-02,2025-04-02 13:07:00,1609.87,1609.95,1609.87,1609.95,0.0,8.17,13250.3,1
2025-04-02,2025-04-02 13:08:00,1609.95,1610.02,1609.95,1610.02,0.0,8.17,13250.3,1
2025-04-02,2025-04-02 13:09:00,1610.02,1610.1,1610.02,1610.1,0.0,8.17,13250.3,1
2025-04-02,2025-04-02 13:10:00,1610.1,1610.18,1610.1,1610.18,0.0,8.17,13250.3,1
2025-04-02,2025-04-02 13:11:00,1610.18,1610.26,1610.18,1610.26,0.0,8.17,13250.3,1
2025-04-02,2025-04-02 13:12:00,1610.26,1610.34,1610.26,1610.34,0.0,8.17,13250.3,1
2025-04-02,2025-04-02 13:13:00,1610.34,1610.41,1610.34,1610.41,0.0,8.17,13250.3,1
2025-04-02,2025-04-02 13:14:00,1610.41,1610.49,1610.41,1610.49,0.0,8.17,13250.3,1
2025-04-02,2025-04-02 13:15:00,1610.49,1610.57,1610.49,1610.57,0.0,8.17,13250.3,1
2025-04-02,2025-04-02 13:16:00,1610.57,1610.65,1610.57,1610.65,0.0,8.17,13250.3,1
2025-04-02,2025-04-02 13:17:00,1610.65,1610.72,1610.65,1610.72,0.0,8.17,13250.3,1
2025-04-02,2025-04-02 13:18:00,1610.72,1610.8,1610.72,1610.8,0.0,8.17,13250.3,1
2025-04-02,2025-04-02 13:19:00,1610.8,1610.88,1610.8,1610.88,0.0,8.17,13250.3,1
2025-04-02,2025-04-02 13:20:00,1610.88,1610.96,1610.88,1610.96,0.0,8.17,13250.3,1
2025-04-02,2025-04-02 13:21:00,1610.96,1611.03,1610.96,1611.03,0.0,8.17,13250.3,1
2025-04-02,2025-04-02 13:22:00,1611.03,1611.11,1611.03,1611.11,0.0,8.17,13250.3,1
2025-04-02,2025-04-02 13:23:00,1611.11,1611.19,1611.11,1611.19,0.0,8.17,13250.3,1
2025-04-02,2025-04-02 13:24:00,1611.19,1611.27,1611.19,1611.27,0.0,8.17,13250.3,1
2025-04-02,2025-04-02 13:25:00,1611.27,1611.35,1611.27,1611.35,0.0,8.17,13250.3,1
2025-04-02,2025-04-02 13:26:00,1611.35,1611.42,1611.35,1611.42,0.0,8.17,13250.3,1
2025-04-02,2025-04-02 13:27:00,1611.42,1611.5,1611.42,1611.5,0.0,8.17,13250.3,1
2025-04-02,2025-04-02 13:28:00,1611.5,1611.58,1611.5,1611.58,0.0,8.17,13250.3,1
2025-04-02,2025-04-02 13:29:00,1611.58,1611.66,1611.58,1611.66,0.0,8.17,13250.3,1
2025-04-02,2025-04-02 13:30:00,1611.66,1611.73,1611.66,1611.73,0.0,8.17,13250.3,1
2025-04-02,2025-04-02 13:31:00,1611.73,1611.81,1611.73,1611.81,0.0,8.17,13250.3,1
2025-04-02,2025-04-02 13:32:00,1611.81,1611.89,1611.81,1611.89,0.0,8.17,13250.3,1
2025-04-02,2025-04-02 13:33:00,1611.89,1611.97,1611.89,1611.97,0.0,8.17,13250.3,1
2025-04-02,2025-04-02 13:34:00,1611.97,1612.04,1611.97,1612.04,0.0,8.17,13250.3,1
2025-04-02,2025-04-02 13:35:00,1612.04,1612.12,1612.04,1612.12,0.0,8.17,13250.3,1
2025-04-02,2025-04-02 13:36:00,1612.12,1612.2,1612.12,1612.2,0.0,8.17,13250.3,1
2025-04-02,2025-04-02 13:37:00,1612.2,1612.28,1612.2,1612.28,0.0,8.17,13250.3,1
2025-04-02,2025-04-02 13:38:00,1612.28,1612.36,1612.28,1612.36,0.0,8.17,13250.3,1
2025-04-02,2025-04-02 13:39:00,1612.36,1612.43,1612.36,1612.43,0.0,8.17,13250.3,1
2025-04-02,2025-04-02 13:40:00,1612.43,1612.51,1612.43,1612.51,0.0,8.17,13250.3,1
2025-04-02,2025-04-02 13:41:00,1612.51,1612.59,1612.51,1612.59,0.0,8.17,13250.3,1
2025-04-02,2025-04-02 13:42:00,1612.59,1612.67,1612.59,1612.67,0.0,8.17,13250.3,1
2025-04-02,2025-04-02 13:43:00,1612.67,1612.74,1612.67,1612.74,0.0,8.17,13250.3,1
2025-04-02,2025-04-02 13:44:00,1612.74,1612.82,1612.74,1612.82,0.0,8.17,13250.3,1
2025-04-02,2025-04-02 13:45:00,1612.82,1612.9,1612.82,1612.9,0.0,8.17,13250.3,1
2025-04-02,2025-04-02 13:46:00,1612.9,1612.98,1612.9,1612.98,0.0,8.17,13250.3,1
2025-04-02,2025-04-02 13:47:00,1612.98,1613.06,1612.98,1613.06,0.0,8.17,13250.3,1
2025-04-02,2025-04-02 13:48:00,1613.06,1613.13,1613.06,1613.13,0.0,8.17,13250.3,1
2025-04-02,2025-04-02 13:49:00,1613.13,1613.21,1613.13,1613.21,0.0,8.17,13250.3,1
2025-04-02,2025-04-02 13:50:00,1613.21,1613.29,1613.21,1613.29,0.0,8.17,13250.3,1
2025-04-02,2025-04-02 13:51:00,1613.29,1613.37,1613.29,1613.37,0.0,8.17,13250.3,1
2025-04-02,2025-04-02 13:52:00,1613.37,1613.44,1613.37,1613.44,0.0,8.17,13250.3,1
2025-04-02,2025-04-02 13:53:00,1613.44,1613.52,1613.44,1613.52,0.0,8.17,13250.3,1
2025-04-02,2025-04-02 13:54:00,1613.52,1613.6,1613.52,1613.6,0.0,8.17,13250.3,1
2025-04-02,2025-04-02 13:55:00,1613.6,1613.68,1613.6,1613.68,0.0,8.17,13250.3,1
2025-04-02,2025-04-02 13:56:00,1613.68,1613.75,1613.68,1613.75,0.0,8.17,13250.3,1
2025-04-02,2025-04-02 13:57:00,1613.75,1613.83,1613.75,1613.83,0.0,8.17,13250.3,1
2025-04-02,2025-04-02 13:58:00,1613.83,1613.91,1613.83,1613.91,0.0,8.17,13250.3,1
2025-04-02,2025-04-02 13:59:00,1613.91,1613.99,1613.91,1613.99,0.0,8.17,13250.3,1
2025-04-02,2025-04-02 14:00:00,1613.99,1614.07,1613.99,1614.07,0.0,8.17,13250.3,1
2025-04-02,2025-04-02 14:01:00,1614.07,1614.14,1614.07,1614.14,0.0,8.17,13250.3,1
2025-04-02,2025-04-02 14:02:00,1614.14,1614.22,1614.14,1614.22,0.0,8.17,13250.3,1
2025-04-02,2025-04-02 14:03:00,1614.22,1614.3,1614.22,1614.3,0.0,8.17,13250.3,1
2025-04-02,2025-04-02 14:04:00,1614.3,1614.38,1614.3,1614.38,0.0,8.17,13250.3,1
2025-04-02,2025-04-02 14:05:00,1614.38,1614.45,1614.38,1614.45,0.0,8.17,13250.3,1
2025-04-02,2025-04-02 14:06:00,1614.45,1614.53,1614.45,1614.53,0.0,8.17,13250.3,1
2025-04-02,2025-04-02 14:07:00,1614.53,1614.61,1614.53,1614.61,0.0,8.17,13250.3,1
2025-04-02,2025-04-02 14:08:00,1614.61,1614.69,1614.61,1614.69,0.0,8.17,13250.3,1
2025-04-02,2025-04-02 14:09:00,1614.69,1614.76,1614.69,1614.76,0.0,8.17,13250.3,1
2025-04-02,2025-04-02 14:10:00,1614.76,1614.84,1614.76,1614.84,0.0,8.17,13250.3,1
2025-04-02,2025-04-02 14:11:00,1614.84,1614.92,1614.84,1614.92,0.0,8.17,13250.3,1
2025-04-02,2025-04-02 14:12:00,1614.92,1615.0,1614.92,1615.0,0.0,8.17,13250.3,1
2025-04-02,2025-04-02 14:13:00,1615.0,1615.08,1615.0,1615.08,0.0,8.17,13250.3,1
2025-04-02,2025-04-02 14:14:00,1615.08,1615.15,1615.08,1615.15,0.0,8.17,13250.3,1
2025-04-02,2025-04-02 14:15:00,1615.15,1615.23,1615.15,1615.23,0.0,8.17,13250.3,1
2025-04-02,2025-04-02 14:16:00,1615.23,1615.31,1615.23,1615.31,0.0,8.17,13250.3,1
2025-04-02,2025-04-02 14:17:00,1615.31,1615.39,1615.31,1615.39,0.0,8.17,13250.3,1
2025-04-02,2025-04-02 14:18:00,1615.39,1615.46,1615.39,1615.46,0.0,8.17,13250.3,1
2025-04-02,2025-04-02 14:19:00,1615.46,1615.54,1615.46,1615.54,0.0,8.17,13250.3,1
2025-04-02,2025-04-02 14:20:00,1615.54,1615.62,1615.54,1615.62,0.0,8.17,13250.3,1
2025-04-02,2025-04-02 14:21:00,1615.62,1615.7,1615.62,1615.7,0.0,8.17,13250.3,1
2025-04-02,2025-04-02 14:22:00,1615.7,1615.77,1615.7,1615.77,0.0,8.17,13250.3,1
2025-04-02,2025-04-02 14:23:00,1615.77,1615.85,1615.77,1615.85,0.0,8.17,13250.3,1
2025-04-02,2025-04-02 14:24:00,1615.85,1615.93,1615.85,1615.93,0.0,8.17,13250.3,1
2025-04-02,2025-04-02 14:25:00,1615.93,1616.01,1615.93,1616.01,0.0,8.17,13250.3,1
2025-04-02,2025-04-02 14:26:00,1616.01,1616.09,1616.01,1616.09,0.0,8.17,13250.3,1
2025-04-02,2025-04-02 14:27:00,1616.09,1616.16,1616.09,1616.16,0.0,8.17,13250.3,1
2025-04-02,2025-04-02 14:28:00,1616.16,1616.24,1616.16,1616.24,0.0,8.17,13250.3,1
2025-04-02,2025-04-02 14:29:00,1616.24,1616.32,1616.24,1616.32,0.0,8.17,13250.3,1
2025-04-02,2025-04-02 14:30:00,1616.32,1616.4,1616.32,1616.4,0.0,8.17,13250.3,1
2025-04-02,2025-04-02 14:31:00,1616.4,1616.47,1616.4,1616.47,0.0,8.17,13250.3,1
2025-04-02,2025-04-02 14:32:00,1616.47,1616.55,1616.47,1616.55,0.0,8.17,13250.3,1
2025-04-02,2025-04-02 14:33:00,1616.55,1616.63,1616.55,1616.63,0.0,8.17,13250.3,1
2025-04-02,2025-04-02 14:34:00,1616.63,1616.71,1616.63,1616.71,0.0,8.17,13250.3,1
2025-04-02,2025-04-02 14:35:00,1616.71,1616.79,1616.71,1616.79,0.0,8.17,13250.3,1
2025-04-02,2025-04-02 14:36:00,1616.79,1616.86,1616.79,1616.86,0.0,8.17,13250.3,1
2025-04-02,2025-04-02 14:37:00,1616.86,1616.94,1616.86,1616.94,0.0,8.17,13250.3,1
2025-04-02,2025-04-02 14:38:00,1616.94,1617.02,1616.94,1617.02,0.0,8.17,13250.3,1
2025-04-02,2025-04-02 14:39:00,1617.02,1617.1,1617.02,1617.1,0.0,8.17,13250.3,1
2025-04-02,2025-04-02 14:40:00,1617.1,1617.17,1617.1,1617.17,0.0,8.17,13250.3,1
2025-04-02,2025-04-02 14:41:00,1617.17,1617.25,1617.17,1617.25,0.0,8.17,13250.3,1
2025-04-02,2025-04-02 14:42:00,1617.25,1617.33,1617.25,1617.33,0.0,8.17,13250.3,1
2025-04-02,2025-04-02 14:43:00,1617.33,1617.41,1617.33,1617.41,0.0,8.17,13250.3,1
2025-04-02,2025-04-02 14:44:00,1617.41,1617.48,1617.41,1617.48,0.0,8.17,13250.3,1
2025-04-02,2025-04-02 14:45:00,1617.48,1617.56,1617.48,1617.56,0.0,8.17,13250.3,1
2025-04-02,2025-04-02 14:46:00,1617.56,1617.64,1617.56,1617.64,0.0,8.17,13250.3,1
2025-04-02,2025-04-02 14:47:00,1617.64,1617.72,1617.64,1617.72,0.0,8.17,13250.3,1
2025-04-02,2025-04-02 14:48:00,1617.72,1617.8,1617.72,1617.8,0.0,8.17,13250.3,1
2025-04-02,2025-04-02 14:49:00,1617.8,1617.87,1617.8,1617.87,0.0,8.17,13250.3,1
2025-04-02,2025-04-02 14:50:00,1617.87,1617.95,1617.87,1617.95,0.0,8.17,13250.3,1
2025-04-02,2025-04-02 14:51:00,1617.95,1618.03,1617.95,1618.03,0.0,8.17,13250.3,1
2025-04-02,2025-04-02 14:52:00,1618.03,1618.11,1618.03,1618.11,0.0,8.17,13250.3,1
2025-04-02,2025-04-02 14:53:00,1618.11,1618.18,1618.11,1618.18,0.0,8.17,13250.3,1
2025-04-02,2025-04-02 14:54:00,1618.18,1618.26,1618.18,1618.26,0.0,8.17,13250.3,1
2025-04-02,2025-04-02 14:55:00,1618.26,1618.34,1618.26,1618.34,0.0,8.17,13250.3,1
2025-04-02,2025-04-02 14:56:00,1618.34,1618.42,1618.34,1618.42,0.0,8.17,13250.3,1
2025-04-02,2025-04-02 14:57:00,1618.42,1618.49,1618.42,1618.49,0.0,8.17,13250.3,1
2025-04-02,2025-04-02 14:58:00,1618.49,1618.57,1618.49,1618.57,0.0,8.17,13250.3,1
2025-04-02,2025-04-02 14:59:00,1618.57,1618.65,1618.57,1618.65,0.0,8.17,13250.3,1
2025-04-02,2025-04-02 15:00:00,1618.65,1656.0,1600.0,1618.65,0.0,8.17,13250.3,0
2025-04-03,2025-04-03 11:00:00,1620.0,1628.34,1611.03,1619.95,-0.0,10.55,17030.7,-1
2025-04-03,2025-04-03 11:01:00,1619.95,1619.95,1619.89,1619.89,-0.0,10.55,17030.7,-1
2025-04-03,2025-04-03 11:02:00,1619.89,1619.89,1619.84,1619.84,-0.0,10.55,17030.7,-1
2025-04-03,2025-04-03 11:03:00,1619.84,1619.84,1619.78,1619.78,-0.0,10.55,17030.7,-1
2025-04-03,2025-04-03 11:04:00,1619.78,1619.78,1619.73,1619.73,-0.0,10.55,17030.7,-1
2025-04-03,2025-04-03 11:05:00,1619.73,1619.73,1619.67,1619.67,-0.0,10.55,17030.7,-1
2025-04-03,2025-04-03 11:06:00,1619.67,1619.67,1619.62,1619.62,-0.0,10.55,17030.7,-1
2025-04-03,2025-04-03 11:07:00,1619.62,1619.62,1619.56,1619.56,-0.0,10.55,17030.7,-1
2025-04-03,2025-04-03 11:08:00,1619.56,1619.56,1619.51,1619.51,-0.0,10.55,17030.7,-1
2025-04-03,2025-04-03 11:09:00,1619.51,1619.51,1619.45,1619.45,-0.0,10.55,17030.7,-1
2025-04-03,2025-04-03 11:10:00,1619.45,1619.45,1619.4,1619.4,-0.0,10.55,17030.7,-1
2025-04-03,2025-04-03 11:11:00,1619.4,1619.4,1619.34,1619.34,-0.0,10.55,17030.7,-1
2025-04-03,2025-04-03 11:12:00,1619.34,1619.34,1619.29,1619.29,-0.0,10.55,17030.7,-1
2025-04-03,2025-04-03 11:13:00,1619.29,1619.29,1619.23,1619.23,-0.0,10.55,17030.7,-1
2025-04-03,2025-04-03 11:14:00,1619.23,1619.23,1619.18,1619.18,-0.0,10.55,17030.7,-1
2025-04-03,2025-04-03 11:15:00,1619.18,1619.18,1619.13,1619.13,-0.0,10.55,17030.7,-1
2025-04-03,2025-04-03 11:16:00,1619.13,1619.13,1619.07,1619.07,-0.0,10.55,17030.7,-1
2025-04-03,2025-04-03 11:17:00,1619.07,1619.07,1619.02,1619.02,-0.0,10.55,17030.7,-1
2025-04-03,2025-04-03 11:18:00,1619.02,1619.02,1618.96,1618.96,-0.0,10.55,17030.7,-1
2025-04-03,2025-04-03 11:19:00,1618.96,1618.96,1618.91,1618.91,-0.0,10.55,17030.7,-1
2025-04-03,2025-04-03 11:20:00,1618.91,1618.91,1618.85,1618.85,-0.0,10.55,17030.7,-1
2025-04-03,2025-04-03 11:21:00,1618.85,1618.85,1618.8,1618.8,-0.0,10.55,17030.7,-1
2025-04-03,2025-04-03 11:22:00,1618.8,1618.8,1618.74,1618.74,-0.0,10.55,17030.7,-1
2025-04-03,2025-04-03 11:23:00,1618.74,1618.74,1618.69,1618.69,-0.0,10.55,17030.7,-1
2025-04-03,2025-04-03 11:24:00,1618.69,1618.69,1618.63,1618.63,-0.0,10.55,17030.7,-1
2025-04-03,2025-04-03 11:25:00,1618.63,1618.63,1618.58,1618.58,-0.0,10.55,17030.7,-1
2025-04-03,2025-04-03 11:26:00,1618.58,1618.58,1618.52,1618.52,-0.0,10.55,17030.7,-1
2025-04-03,2025-04-03 11:27:00,1618.52,1618.52,1618.47,1618.47,-0.0,10.55,17030.7,-1
2025-04-03,2025-04-03 11:28:00,1618.47,1618.47,1618.41,1618.41,-0.0,10.55,17030.7,-1
2025-04-03,2025-04-03 11:29:00,1618.41,1618.41,1618.36,1618.36,-0.0,10.55,17030.7,-1
2025-04-03,2025-04-03 11:30:00,1618.36,1618.36,1618.31,1618.31,-0.0,10.55,17030.7,-1
2025-04-03,2025-04-03 11:31:00,1618.31,1618.31,1618.25,1618.25,-0.0,10.55,17030.7,-1
2025-04-03,2025-04-03 11:32:00,1618.25,1618.25,1618.2,1618.2,-0.0,10.55,17030.7,-1
2025-04-03,2025-04-03 11:33:00,1618.2,1618.2,1618.14,1618.14,-0.0,10.55,17030.7,-1
2025-04-03,2025-04-03 11:34:00,1618.14,1618.14,1618.09,1618.09,-0.0,10.55,17030.7,-1
2025-04-03,2025-04-03 11:35:00,1618.09,1618.09,1618.03,1618.03,-0.0,10.55,17030.7,-1
2025-04-03,2025-04-03 11:36:00,1618.03,1618.03,1617.98,1617.98,-0.0,10.55,17030.7,-1
2025-04-03,2025-04-03 11:37:00,1617.98,1617.98,1617.92,1617.92,-0.0,10.55,17030.7,-1
2025-04-03,2025-04-03 11:38:00,1617.92,1617.92,1617.87,1617.87,-0.0,10.55,17030.7,-1
2025-04-03,2025-04-03 11:39:00,1617.87,1617.87,1617.81,1617.81,-0.0,10.55,17030.7,-1
2025-04-03,2025-04-03 11:40:00,1617.81,1617.81,1617.76,1617.76,-0.0,10.55,17030.7,-1
2025-04-03,2025-04-03 11:41:00,1617.76,1617.76,1617.7,1617.7,-0.0,10.55,17030.7,-1
2025-04-03,2025-04-03 11:42:00,1617.7,1617.7,1617.65,1617.65,-0.0,10.55,17030.7,-1
2025-04-03,2025-04-03 11:43:00,1617.65,1617.65,1617.59,1617.59,-0.0,10.55,17030.7,-1
2025-04-03,2025-04-03 11:44:00,1617.59,1617.59,1617.54,1617.54,-0.0,10.55,17030.7,-1
2025-04-03,2025-04-03 11:45:00,1617.54,1617.54,1617.49,1617.49,-0.0,10.55,17030.7,-1
2025-04-03,2025-04-03 11:46:00,1617.49,1617.49,1617.43,1617.43,-0.0,10.55,17030.7,-1
2025-04-03,2025-04-03 11:47:00,1617.43,1617.43,1617.38,1617.38,-0.0,10.55,17030.7,-1
2025-04-03,2025-04-03 11:48:00,1617.38,1617.38,1617.32,1617.32,-0.0,10.55,17030.7,-1
2025-04-03,2025-04-03 11:49:00,1617.32,1617.32,1617.27,1617.27,-0.0,10.55,17030.7,-1
2025-04-03,2025-04-03 11:50:00,1617.27,1617.27,1617.21,1617.21,-0.0,10.55,17030.7,-1
2025-04-03,2025-04-03 11:51:00,1617.21,1617.21,1617.16,1617.16,-0.0,10.55,17030.7,-1
2025-04-03,2025-04-03 11:52:00,1617.16,1617.16,1617.1,1617.1,-0.0,10.55,17030.7,-1
2025-04-03,2025-04-03 11:53:00,1617.1,1617.1,1617.05,1617.05,-0.0,10.55,17030.7,-1
2025-04-03,2025-04-03 11:54:00,1617.05,1617.05,1616.99,1616.99,-0.0,10.55,17030.7,-1
2025-04-03,2025-04-03 11:55:00,1616.99,1616.99,1616.94,1616.94,-0.0,10.55,17030.7,-1
2025-04-03,2025-04-03 11:56:00,1616.94,1616.94,1616.88,1616.88,-0.0,10.55,17030.7,-1
2025-04-03,2025-04-03 11:57:00,1616.88,1616.88,1616.83,1616.83,-0.0,10.55,17030.7,-1
2025-04-03,2025-04-03 11:58:00,1616.83,1616.83,1616.77,1616.77,-0.0,10.55,17030.7,-1
2025-04-03,2025-04-03 11:59:00,1616.77,1616.77,1616.72,1616.72,-0.0,10.55,17030.7,-1
2025-04-03,2025-04-03 12:00:00,1616.72,1616.72,1616.67,1616.67,-0.0,10.55,17030.7,-1
2025-04-03,2025-04-03 12:01:00,1616.67,1616.67,1616.61,1616.61,-0.0,10.55,17030.7,-1
2025-04-03,2025-04-03 12:02:00,1616.61,1616.61,1616.56,1616.56,-0.0,10.55,17030.7,-1
2025-04-03,2025-04-03 12:03:00,1616.56,1616.56,1616.5,1616.5,-0.0,10.55,17030.7,-1
2025-04-03,2025-04-03 12:04:00,1616.5,1616.5,1616.45,1616.45,-0.0,10.55,17030.7,-1
2025-04-03,2025-04-03 12:05:00,1616.45,1616.45,1616.39,1616.39,-0.0,10.55,17030.7,-1
2025-04-03,2025-04-03 12:06:00,1616.39,1616.39,1616.34,1616.34,-0.0,10.55,17030.7,-1
2025-04-03,2025-04-03 12:07:00,1616.34,1616.34,1616.28,1616.28,-0.0,10.55,17030.7,-1
2025-04-03,2025-04-03 12:08:00,1616.28,1616.28,1616.23,1616.23,-0.0,10.55,17030.7,-1
2025-04-03,2025-04-03 12:09:00,1616.23,1616.23,1616.17,1616.17,-0.0,10.55,17030.7,-1
2025-04-03,2025-04-03 12:10:00,1616.17,1616.17,1616.12,1616.12,-0.0,10.55,17030.7,-1
2025-04-03,2025-04-03 12:11:00,1616.12,1616.12,1616.06,1616.06,-0.0,10.55,17030.7,-1
2025-04-03,2025-04-03 12:12:00,1616.06,1616.06,1616.01,1616.01,-0.0,10.55,17030.7,-1
2025-04-03,2025-04-03 12:13:00,1616.01,1616.01,1615.95,1615.95,-0.0,10.55,17030.7,-1
2025-04-03,2025-04-03 12:14:00,1615.95,1615.95,1615.9,1615.9,-0.0,10.55,17030.7,-1
2025-04-03,2025-04-03 12:15:00,1615.9,1615.9,1615.85,1615.85,-0.0,10.55,17030.7,-1
2025-04-03,2025-04-03 12:16:00,1615.85,1615.85,1615.79,1615.79,-0.0,10.55,17030.7,-1
2025-04-03,2025-04-03 12:17:00,1615.79,1615.79,1615.74,1615.74,-0.0,10.55,17030.7,-1
2025-04-03,2025-04-03 12:18:00,1615.74,1615.74,1615.68,1615.68,-0.0,10.55,17030.7,-1
2025-04-03,2025-04-03 12:19:00,1615.68,1615.68,1615.63,1615.63,-0.0,10.55,17030.7,-1
2025-04-03,2025-04-03 12:20:00,1615.63,1615.63,1615.57,1615.57,-0.0,10.55,17030.7,-1
2025-04-03,2025-04-03 12:21:00,1615.57,1615.57,1615.52,1615.52,-0.0,10.55,17030.7,-1
2025-04-03,2025-04-03 12:22:00,1615.52,1615.52,1615.46,1615.46,-0.0,10.55,17030.7,-1
2025-04-03,2025-04-03 12:23:00,1615.46,1615.46,1615.41,1615.41,-0.0,10.55,17030.7,-1
2025-04-03,2025-04-03 12:24:00,1615.41,1615.41,1615.35,1615.35,-0.0,10.55,17030.7,-1
2025-04-03,2025-04-03 12:25:00,1615.35,1615.35,1615.3,1615.3,-0.0,10.55,17030.7,-1
2025-04-03,2025-04-03 12:26:00,1615.3,1615.3,1615.24,1615.24,-0.0,10.55,17030.7,-1
2025-04-03,2025-04-03 12:27:00,1615.24,1615.24,1615.19,1615.19,-0.0,10.55,17030.7,-1
2025-04-03,2025-04-03 12:28:00,1615.19,1615.19,1615.13,1615.13,-0.0,10.55,17030.7,-1
2025-04-03,2025-04-03 12:29:00,1615.13,1615.13,1615.08,1615.08,-0.0,10.55,17030.7,-1
2025-04-03,2025-04-03 12:30:00,1615.08,1615.08,1615.03,1615.03,-0.0,10.55,17030.7,-1
2025-04-03,2025-04-03 12:31:00,1615.03,1615.03,1614.97,1614.97,-0.0,10.55,17030.7,-1
2025-04-03,2025-04-03 12:32:00,1614.97,1614.97,1614.92,1614.92,-0.0,10.55,17030.7,-1
2025-04-03,2025-04-03 12:33:00,1614.92,1614.92,1614.86,1614.86,-0.0,10.55,17030.7,-1
2025-04-03,2025-04-03 12:34:00,1614.86,1614.86,1614.81,1614.81,-0.0,10.55,17030.7,-1
2025-04-03,2025-04-03 12:35:00,1614.81,1614.81,1614.75,1614.75,-0.0,10.55,17030.7,-1
2025-04-03,2025-04-03 12:36:00,1614.75,1614.75,1614.7,1614.7,-0.0,10.55,17030.7,-1
2025-04-03,2025-04-03 12:37:00,1614.7,1614.7,1614.64,1614.64,-0.0,10.55,17030.7,-1
2025-04-03,2025-04-03 12:38:00,1614.64,1614.64,1614.59,1614.59,-0.0,10.55,17030.7,-1
2025-04-03,2025-04-03 12:39:00,1614.59,1614.59,1614.53,1614.53,-0.0,10.55,17030.7,-1
2025-04-03,2025-04-03 12:40:00,1614.53,1614.53,1614.48,1614.48,-0.0,10.55,17030.7,-1
2025-04-03,2025-04-03 12:41:00,1614.48,1614.48,1614.42,1614.42,-0.0,10.55,17030.7,-1
2025-04-03,2025-04-03 12:42:00,1614.42,1614.42,1614.37,1614.37,-0.0,10.55,17030.7,-1
2025-04-03,2025-04-03 12:43:00,1614.37,1614.37,1614.31,1614.31,-0.0,10.55,17030.7,-1
2025-04-03,2025-04-03 12:44:00,1614.31,1614.31,1614.26,1614.26,-0.0,10.55,17030.7,-1
2025-04-03,2025-04-03 12:45:00,1614.26,1614.26,1614.21,1614.21,-0.0,10.55,17030.7,-1
2025-04-03,2025-04-03 12:46:00,1614.21,1614.21,1614.15,1614.15,-0.0,10.55,17030.7,-1
2025-04-03,2025-04-03 12:47:00,1614.15,1614.15,1614.1,1614.1,-0.0,10.55,17030.7,-1
2025-04-03,2025-04-03 12:48:00,1614.1,1614.1,1614.04,1614.04,-0.0,10.55,17030.7,-1
2025-04-03,2025-04-03 12:49:00,1614.04,1614.04,1613.99,1613.99,-0.0,10.55,17030.7,-1
2025-04-03,2025-04-03 12:50:00,1613.99,1613.99,1613.93,1613.93,-0.0,10.55,17030.7,-1
2025-04-03,2025-04-03 12:51:00,1613.93,1613.93,1613.88,1613.88,-0.0,10.55,17030.7,-1
2025-04-03,2025-04-03 12:52:00,1613.88,1613.88,1613.82,1613.82,-0.0,10.55,17030.7,-1
2025-04-03,2025-04-03 12:53:00,1613.82,1613.82,1613.77,1613.77,-0.0,10.55,17030.7,-1
2025-04-03,2025-04-03 12:54:00,1613.77,1613.77,1613.71,1613.71,-0.0,10.55,17030.7,-1
2025-04-03,2025-04-03 12:55:00,1613.71,1613.71,1613.66,1613.66,-0.0,10.55,17030.7,-1
2025-04-03,2025-04-03 12:56:00,1613.66,1613.66,1613.6,1613.6,-0.0,10.55,17030.7,-1
2025-04-03,2025-04-03 12:57:00,1613.6,1613.6,1613.55,1613.55,-0.0,10.55,17030.7,-1
2025-04-03,2025-04-03 12:58:00,1613.55,1613.55,1613.49,1613.49,-0.0,10.55,17030.7,-1
2025-04-03,2025-04-03 12:59:00,1613.49,1613.49,1613.44,1613.44,-0.0,10.55,17030.7,-1
2025-04-03,2025-04-03 13:00:00,1613.44,1647.8,1590.1,1613.39,-0.0,10.55,17030.7,-1
2025-04-03,2025-04-03 13:01:00,1613.39,1613.39,1613.33,1613.33,-0.0,10.55,17030.7,-1
2025-04-03,2025-04-03 13:02:00,1613.33,1613.33,1613.28,1613.28,-0.0,10.55,17030.7,-1
2025-04-03,2025-04-03 13:03:00,1613.28,1613.28,1613.22,1613.22,-0.0,10.55,17030.7,-1
2025-04-03,2025-04-03 13:04:00,1613.22,1613.22,1613.17,1613.17,-0.0,10.55,17030.7,-1
2025-04-03,2025-04-03 13:05:00,1613.17,1613.17,1613.11,1613.11,-0.0,10.55,17030.7,-1
2025-04-03,2025-04-03 13:06:00,1613.11,1613.11,1613.06,1613.06,-0.0,10.55,17030.7,-1
2025-04-03,2025-04-03 13:07:00,1613.06,1613.06,1613.0,1613.0,-0.0,10.55,17030.7,-1
2025-04-03,2025-04-03 13:08:00,1613.0,1613.0,1612.95,1612.95,-0.0,10.55,17030.7,-1
2025-04-03,2025-04-03 13:09:00,1612.95,1612.95,1612.89,1612.89,-0.0,10.55,17030.7,-1
2025-04-03,2025-04-03 13:10:00,1612.89,1612.89,1612.84,1612.84,-0.0,10.55,17030.7,-1
2025-04-03,2025-04-03 13:11:00,1612.84,1612.84,1612.78,1612.78,-0.0,10.55,17030.7,-1
2025-04-03,2025-04-03 13:12:00,1612.78,1612.78,1612.73,1612.73,-0.0,10.55,17030.7,-1
2025-04-03,2025-04-03 13:13:00,1612.73,1612.73,1612.67,1612.67,-0.0,10.55,17030.7,-1
2025-04-03,2025-04-03 13:14:00,1612.67,1612.67,1612.62,1612.62,-0.0,10.55,17030.7,-1
2025-04-03,2025-04-03 13:15:00,1612.62,1612.62,1612.57,1612.57,-0.0,10.55,17030.7,-1
2025-04-03,2025-04-03 13:16:00,1612.57,1612.57,1612.51,1612.51,-0.0,10.55,17030.7,-1
2025-04-03,2025-04-03 13:17:00,1612.51,1612.51,1612.46,1612.46,-0.0,10.55,17030.7,-1
2025-04-03,2025-04-03 13:18:00,1612.46,1612.46,1612.4,1612.4,-0.0,10.55,17030.7,-1
2025-04-03,2025-04-03 13:19:00,1612.4,1612.4,1612.35,1612.35,-0.0,10.55,17030.7,-1
2025-04-03,2025-04-03 13:20:00,1612.35,1612.35,1612.29,1612.29,-0.0,10.55,17030.7,-1
2025-04-03,2025-04-03 13:21:00,1612.29,1612.29,1612.24,1612.24,-0.0,10.55,17030.7,-1
2025-04-03,2025-04-03 13:22:00,1612.24,1612.24,1612.18,1612.18,-0.0,10.55,17030.7,-1
2025-04-03,2025-04-03 13:23:00,1612.18,1612.18,1612.13,1612.13,-0.0,10.55,17030.7,-1
2025-04-03,2025-04-03 13:24:00,1612.13,1612.13,1612.07,1612.07,-0.0,10.55,17030.7,-1
2025-04-03,2025-04-03 13:25:00,1612.07,1612.07,1612.02,1612.02,-0.0,10.55,17030.7,-1
2025-04-03,2025-04-03 13:26:00,1612.02,1612.02,1611.96,1611.96,-0.0,10.55,17030.7,-1
2025-04-03,2025-04-03 13:27:00,1611.96,1611.96,1611.91,1611.91,-0.0,10.55,17030.7,-1
2025-04-03,2025-04-03 13:28:00,1611.91,1611.91,1611.85,1611.85,-0.0,10.55,17030.7,-1
2025-04-03,2025-04-03 13:29:00,1611.85,1611.85,1611.8,1611.8,-0.0,10.55,17030.7,-1
2025-04-03,2025-04-03 13:30:00,1611.8,1611.8,1611.75,1611.75,-0.0,10.55,17030.7,-1
2025-04-03,2025-04-03 13:31:00,1611.75,1611.75,1611.69,1611.69,-0.0,10.55,17030.7,-1
2025-04-03,2025-04-03 13:32:00,1611.69,1611.69,1611.64,1611.64,-0.0,10.55,17030.7,-1
2025-04-03,2025-04-03 13:33:00,1611.64,1611.64,1611.58,1611.58,-0.0,10.55,17030.7,-1
2025-04-03,2025-04-03 13:34:00,1611.58,1611.58,1611.53,1611.53,-0.0,10.55,17030.7,-1
2025-04-03,2025-04-03 13:35:00,1611.53,1611.53,1611.47,1611.47,-0.0,10.55,17030.7,-1
2025-04-03,2025-04-03 13:36:00,1611.47,1611.47,1611.42,1611.42,-0.0,10.55,17030.7,-1
2025-04-03,2025-04-03 13:37:00,1611.42,1611.42,1611.36,1611.36,-0.0,10.55,17030.7,-1
2025-04-03,2025-04-03 13:38:00,1611.36,1611.36,1611.31,1611.31,-0.0,10.55,17030.7,-1
2025-04-03,2025-04-03 13:39:00,1611.31,1611.31,1611.25,1611.25,-0.0,10.55,17030.7,-1
2025-04-03,2025-04-03 13:40:00,1611.25,1611.25,1611.2,1611.2,-0.0,10.55,17030.7,-1
2025-04-03,2025-04-03 13:41:00,1611.2,1611.2,1611.14,1611.14,-0.0,10.55,17030.7,-1
2025-04-03,2025-04-03 13:42:00,1611.14,1611.14,1611.09,1611.09,-0.0,10.55,17030.7,-1
2025-04-03,2025-04-03 13:43:00,1611.09,1611.09,1611.03,1611.03,-0.0,10.55,17030.7,-1
2025-04-03,2025-04-03 13:44:00,1611.03,1611.03,1610.98,1610.98,-0.0,10.55,17030.7,-1
2025-04-03,2025-04-03 13:45:00,1610.98,1610.98,1610.93,1610.93,-0.0,10.55,17030.7,-1
2025-04-03,2025-04-03 13:46:00,1610.93,1610.93,1610.87,1610.87,-0.0,10.55,17030.7,-1
2025-04-03,2025-04-03 13:47:00,1610.87,1610.87,1610.82,1610.82,-0.0,10.55,17030.7,-1
2025-04-03,2025-04-03 13:48:00,1610.82,1610.82,1610.76,1610.76,-0.0,10.55,17030.7,-1
2025-04-03,2025-04-03 13:49:00,1610.76,1610.76,1610.71,1610.71,-0.0,10.55,17030.7,-1
2025-04-03,2025-04-03 13:50:00,1610.71,1610.71,1610.65,1610.65,-0.0,10.55,17030.7,-1
2025-04-03,2025-04-03 13:51:00,1610.65,1610.65,1610.6,1610.6,-0.0,10.55,17030.7,-1
2025-04-03,2025-04-03 13:52:00,1610.6,1610.6,1610.54,1610.54,-0.0,10.55,17030.7,-1
2025-04-03,2025-04-03 13:53:00,1610.54,1610.54,1610.49,1610.49,-0.0,10.55,17030.7,-1
2025-04-03,2025-04-03 13:54:00,1610.49,1610.49,1610.43,1610.43,-0.0,10.55,17030.7,-1
2025-04-03,2025-04-03 13:55:00,1610.43,1610.43,1610.38,1610.38,-0.0,10.55,17030.7,-1
2025-04-03,2025-04-03 13:56:00,1610.38,1610.38,1610.32,1610.32,-0.0,10.55,17030.7,-1
2025-04-03,2025-04-03 13:57:00,1610.32,1610.32,1610.27,1610.27,-0.0,10.55,17030.7,-1
2025-04-03,2025-04-03 13:58:00,1610.27,1610.27,1610.21,1610.21,-0.0,10.55,17030.7,-1
2025-04-03,2025-04-03 13:59:00,1610.21,1610.21,1610.16,1610.16,-0.0,10.55,17030.7,-1
2025-04-03,2025-04-03 14:00:00,1610.16,1610.16,1610.11,1610.11,-0.0,10.55,17030.7,-1
2025-04-03,2025-04-03 14:01:00,1610.11,1610.11,1610.05,1610.05,-0.0,10.55,17030.7,-1
2025-04-03,2025-04-03 14:02:00,1610.05,1610.05,1610.0,1610.0,-0.0,10.55,17030.7,-1
2025-04-03,2025-04-03 14:03:00,1610.0,1610.0,1609.94,1609.94,-0.0,10.55,17030.7,-1
2025-04-03,2025-04-03 14:04:00,1609.94,1609.94,1609.89,1609.89,-0.0,10.55,17030.7,-1
2025-04-03,2025-04-03 14:05:00,1609.89,1609.89,1609.83,1609.83,-0.0,10.55,17030.7,-1
2025-04-03,2025-04-03 14:06:00,1609.83,1609.83,1609.78,1609.78,-0.0,10.55,17030.7,-1
2025-04-03,2025-04-03 14:07:00,1609.78,1609.78,1609.72,1609.72,-0.0,10.55,17030.7,-1
2025-04-03,2025-04-03 14:08:00,1609.72,1609.72,1609.67,1609.67,-0.0,10.55,17030.7,-1
2025-04-03,2025-04-03 14:09:00,1609.67,1609.67,1609.61,1609.61,-0.0,10.55,17030.7,-1
2025-04-03,2025-04-03 14:10:00,1609.61,1609.61,1609.56,1609.56,-0.0,10.55,17030.7,-1
2025-04-03,2025-04-03 14:11:00,1609.56,1609.56,1609.5,1609.5,-0.0,10.55,17030.7,-1
2025-04-03,2025-04-03 14:12:00,1609.5,1609.5,1609.45,1609.45,-0.0,10.55,17030.7,-1
2025-04-03,2025-04-03 14:13:00,1609.45,1609.45,1609.39,1609.39,-0.0,10.55,17030.7,-1
2025-04-03,2025-04-03 14:14:00,1609.39,1609.39,1609.34,1609.34,-0.0,10.55,17030.7,-1
2025-04-03,2025-04-03 14:15:00,1609.34,1609.34,1609.29,1609.29,-0.0,10.55,17030.7,-1
2025-04-03,2025-04-03 14:16:00,1609.29,1609.29,1609.23,1609.23,-0.0,10.55,17030.7,-1
2025-04-03,2025-04-03 14:17:00,1609.23,1609.23,1609.18,1609.18,-0.0,10.55,17030.7,-1
2025-04-03,2025-04-03 14:18:00,1609.18,1609.18,1609.12,1609.12,-0.0,10.55,17030.7,-1
2025-04-03,2025-04-03 14:19:00,1609.12,1609.12,1609.07,1609.07,-0.0,10.55,17030.7,-1
2025-04-03,2025-04-03 14:20:00,1609.07,1609.07,1609.01,1609.01,-0.0,10.55,17030.7,-1
2025-04-03,2025-04-03 14:21:00,1609.01,1609.01,1608.96,1608.96,-0.0,10.55,17030.7,-1
2025-04-03,2025-04-03 14:22:00,1608.96,1608.96,1608.9,1608.9,-0.0,10.55,17030.7,-1
2025-04-03,2025-04-03 14:23:00,1608.9,1608.9,1608.85,1608.85,-0.0,10.55,17030.7,-1
2025-04-03,2025-04-03 14:24:00,1608.85,1608.85,1608.79,1608.79,-0.0,10.55,17030.7,-1
2025-04-03,2025-04-03 14:25:00,1608.79,1608.79,1608.74,1608.74,-0.0,10.55,17030.7,-1
2025-04-03,2025-04-03 14:26:00,1608.74,1608.74,1608.68,1608.68,-0.0,10.55,17030.7,-1
2025-04-03,2025-04-03 14:27:00,1608.68,1608.68,1608.63,1608.63,-0.0,10.55,17030.7,-1
2025-04-03,2025-04-03 14:28:00,1608.63,1608.63,1608.57,1608.57,-0.0,10.55,17030.7,-1
2025-04-03,2025-04-03 14:29:00,1608.57,1608.57,1608.52,1608.52,-0.0,10.55,17030.7,-1
2025-04-03,2025-04-03 14:30:00,1608.52,1608.52,1608.47,1608.47,-0.0,10.55,17030.7,-1
2025-04-03,2025-04-03 14:31:00,1608.47,1608.47,1608.41,1608.41,-0.0,10.55,17030.7,-1
2025-04-03,2025-04-03 14:32:00,1608.41,1608.41,1608.36,1608.36,-0.0,10.55,17030.7,-1
2025-04-03,2025-04-03 14:33:00,1608.36,1608.36,1608.3,1608.3,-0.0,10.55,17030.7,-1
2025-04-03,2025-04-03 14:34:00,1608.3,1608.3,1608.25,1608.25,-0.0,10.55,17030.7,-1
2025-04-03,2025-04-03 14:35:00,1608.25,1608.25,1608.19,1608.19,-0.0,10.55,17030.7,-1
2025-04-03,2025-04-03 14:36:00,1608.19,1608.19,1608.14,1608.14,-0.0,10.55,17030.7,-1
2025-04-03,2025-04-03 14:37:00,1608.14,1608.14,1608.08,1608.08,-0.0,10.55,17030.7,-1
2025-04-03,2025-04-03 14:38:00,1608.08,1608.08,1608.03,1608.03,-0.0,10.55,17030.7,-1
2025-04-03,2025-04-03 14:39:00,1608.03,1608.03,1607.97,1607.97,-0.0,10.55,17030.7,-1
2025-04-03,2025-04-03 14:40:00,1607.97,1607.97,1607.92,1607.92,-0.0,10.55,17030.7,-1
2025-04-03,2025-04-03 14:41:00,1607.92,1607.92,1607.86,1607.86,-0.0,10.55,17030.7,-1
2025-04-03,2025-04-03 14:42:00,1607.86,1607.86,1607.81,1607.81,-0.0,10.55,17030.7,-1
2025-04-03,2025-04-03 14:43:00,1607.81,1607.81,1607.75,1607.75,-0.0,10.55,17030.7,-1
2025-04-03,2025-04-03 14:44:00,1607.75,1607.75,1607.7,1607.7,-0.0,10.55,17030.7,-1
2025-04-03,2025-04-03 14:45:00,1607.7,1607.7,1607.65,1607.65,-0.0,10.55,17030.7,-1
2025-04-03,2025-04-03 14:46:00,1607.65,1607.65,1607.59,1607.59,-0.0,10.55,17030.7,-1
2025-04-03,2025-04-03 14:47:00,1607.59,1607.59,1607.54,1607.54,-0.0,10.55,17030.7,-1
2025-04-03,2025-04-03 14:48:00,1607.54,1607.54,1607.48,1607.48,-0.0,10.55,17030.7,-1
2025-04-03,2025-04-03 14:49:00,1607.48,1607.48,1607.43,1607.43,-0.0,10.55,17030.7,-1
2025-04-03,2025-04-03 14:50:00,1607.43,1607.43,1607.37,1607.37,-0.0,10.55,17030.7,-1
2025-04-03,2025-04-03 14:51:00,1607.37,1607.37,1607.32,1607.32,-0.0,10.55,17030.7,-1
2025-04-03,2025-04-03 14:52:00,1607.32,1607.32,1607.26,1607.26,-0.0,10.55,17030.7,-1
2025-04-03,2025-04-03 14:53:00,1607.26,1607.26,1607.21,1607.21,-0.0,10.55,17030.7,-1
2025-04-03,2025-04-03 14:54:00,1607.21,1607.21,1607.15,1607.15,-0.0,10.55,17030.7,-1
2025-04-03,2025-04-03 14:55:00,1607.15,1607.15,1607.1,1607.1,-0.0,10.55,17030.7,-1
2025-04-03,2025-04-03 14:56:00,1607.1,1607.1,1607.04,1607.04,-0.0,10.55,17030.7,-1
2025-04-03,2025-04-03 14:57:00,1607.04,1607.04,1606.99,1606.99,-0.0,10.55,17030.7,-1
2025-04-03,2025-04-03 14:58:00,1606.99,1606.99,1606.93,1606.93,-0.0,10.55,17030.7,-1
2025-04-03,2025-04-03 14:59:00,1606.93,1606.93,1606.88,1606.88,-0.0,10.55,17030.7,-1
2025-04-03,2025-04-03 15:00:00,1606.88,1647.8,1590.1,1606.88,0.0,10.55,17030.7,0
2025-04-07,2025-04-07 11:00:00,1600.0,1610.5,1595.5,1600.0,0.0,9.66,15376.53,0
2025-04-07,2025-04-07 11:01:00,1600.0,1600.0,1600.0,1600.0,0.0,9.66,15376.53,0
2025-04-07,2025-04-07 11:02:00,1600.0,1600.0,1600.0,1600.0,0.0,9.66,15376.53,0
2025-04-07,2025-04-07 11:03:00,1600.0,1600.0,1600.0,1600.0,0.0,9.66,15376.53,0
2025-04-07,2025-04-07 11:04:00,1600.0,1600.0,1600.0,1600.0,0.0,9.66,15376.53,0
2025-04-07,2025-04-07 11:05:00,1600.0,1600.0,1600.0,1600.0,0.0,9.66,15376.53,0
2025-04-07,2025-04-07 11:06:00,1600.0,1600.0,1600.0,1600.0,0.0,9.66,15376.53,0
2025-04-07,2025-04-07 11:07:00,1600.0,1600.0,1600.0,1600.0,0.0,9.66,15376.53,0
2025-04-07,2025-04-07 11:08:00,1600.0,1600.0,1600.0,1600.0,0.0,9.66,15376.53,0
2025-04-07,2025-04-07 11:09:00,1600.0,1600.0,1599.99,1599.99,-0.0,9.66,15376.53,-1
2025-04-07,2025-04-07 11:10:00,1599.99,1599.99,1599.99,1599.99,0.0,9.66,15376.53,0
2025-04-07,2025-04-07 11:11:00,1599.99,1599.99,1599.99,1599.99,0.0,9.66,15376.53,0
2025-04-07,2025-04-07 11:12:00,1599.99,1599.99,1599.99,1599.99,0.0,9.66,15376.53,0
2025-04-07,2025-04-07 11:13:00,1599.99,1599.99,1599.99,1599.99,0.0,9.66,15376.53,0
2025-04-07,2025-04-07 11:14:00,1599.99,1599.99,1599.99,1599.99,0.0,9.66,15376.53,0
2025-04-07,2025-04-07 11:15:00,1599.99,1599.99,1599.99,1599.99,0.0,9.66,15376.53,0
2025-04-07,2025-04-07 11:16:00,1599.99,1599.99,1599.99,1599.99,0.0,9.66,15376.53,0
2025-04-07,2025-04-07 11:17:00,1599.99,1599.99,1599.99,1599.99,0.0,9.66,15376.53,0
2025-04-07,2025-04-07 11:18:00,1599.99,1599.99,1599.99,1599.99,0.0,9.66,15376.53,0
2025-04-07,2025-04-07 11:19:00,1599.99,1599.99,1599.99,1599.99,0.0,9.66,15376.53,0
2025-04-07,2025-04-07 11:20:00,1599.99,1599.99,1599.99,1599.99,0.0,9.66,15376.53,0
2025-04-07,2025-04-07 11:21:00,1599.99,1599.99,1599.99,1599.99,0.0,9.66,15376.53,0
2025-04-07,2025-04-07 11:22:00,1599.99,1599.99,1599.99,1599.99,0.0,9.66,15376.53,0
2025-04-07,2025-04-07 11:23:00,1599.99,1599.99,1599.99,1599.99,0.0,9.66,15376.53,0
2025-04-07,2025-04-07 11:24:00,1599.99,1599.99,1599.99,1599.99,0.0,9.66,15376.53,0
2025-04-07,2025-04-07 11:25:00,1599.99,1599.99,1599.99,1599.99,0.0,9.66,15376.53,0
2025-04-07,2025-04-07 11:26:00,1599.99,1599.99,1599.99,1599.99,0.0,9.66,15376.53,0
2025-04-07,2025-04-07 11:27:00,1599.99,1599.99,1599.99,1599.99,0.0,9.66,15376.53,0
2025-04-07,2025-04-07 11:28:00,1599.99,1599.99,1599.99,1599.99,0.0,9.66,15376.53,0
2025-04-07,2025-04-07 11:29:00,1599.99,1599.99,1599.99,1599.99,0.0,9.66,15376.53,0
2025-04-07,2025-04-07 11:30:00,1599.99,1599.99,1599.98,1599.98,-0.0,9.66,15376.53,-1
2025-04-07,2025-04-07 11:31:00,1599.98,1599.98,1599.98,1599.98,0.0,9.66,15376.53,0
2025-04-07,2025-04-07 11:32:00,1599.98,1599.98,1599.98,1599.98,0.0,9.66,15376.53,0
2025-04-07,2025-04-07 11:33:00,1599.98,1599.98,1599.98,1599.98,0.0,9.66,15376.53,0
2025-04-07,2025-04-07 11:34:00,1599.98,1599.98,1599.98,1599.98,0.0,9.66,15376.53,0
2025-04-07,2025-04-07 11:35:00,1599.98,1599.98,1599.98,1599.98,0.0,9.66,15376.53,0
2025-04-07,2025-04-07 11:36:00,1599.98,1599.98,1599.98,1599.98,0.0,9.66,15376.53,0
2025-04-07,2025-04-07 11:37:00,1599.98,1599.98,1599.98,1599.98,0.0,9.66,15376.53,0
2025-04-07,2025-04-07 11:38:00,1599.98,1599.98,1599.98,1599.98,0.0,9.66,15376.53,0
2025-04-07,2025-04-07 11:39:00,1599.98,1599.98,1599.98,1599.98,0.0,9.66,15376.53,0
2025-04-07,2025-04-07 11:40:00,1599.98,1599.98,1599.98,1599.98,0.0,9.66,15376.53,0
2025-04-07,2025-04-07 11:41:00,1599.98,1599.98,1599.98,1599.98,0.0,9.66,15376.53,0
2025-04-07,2025-04-07 11:42:00,1599.98,1599.98,1599.98,1599.98,0.0,9.66,15376.53,0
2025-04-07,2025-04-07 11:43:00,1599.98,1599.98,1599.98,1599.98,0.0,9.66,15376.53,0
2025-04-07,2025-04-07 11:44:00,1599.98,1599.98,1599.98,1599.98,0.0,9.66,15376.53,0
2025-04-07,2025-04-07 11:45:00,1599.98,1599.98,1599.98,1599.98,0.0,9.66,15376.53,0
2025-04-07,2025-04-07 11:46:00,1599.98,1599.98,1599.98,1599.98,0.0,9.66,15376.53,0
2025-04-07,2025-04-07 11:47:00,1599.98,1599.98,1599.98,1599.98,0.0,9.66,15376.53,0
2025-04-07,2025-04-07 11:48:00,1599.98,1599.98,1599.98,1599.98,0.0,9.66,15376.53,0
2025-04-07,2025-04-07 11:49:00,1599.98,1599.98,1599.97,1599.97,-0.0,9.66,15376.53,-1
2025-04-07,2025-04-07 11:50:00,1599.97,1599.97,1599.97,1599.97,0.0,9.66,15376.53,0
2025-04-07,2025-04-07 11:51:00,1599.97,1599.97,1599.97,1599.97,0.0,9.66,15376.53,0
2025-04-07,2025-04-07 11:52:00,1599.97,1599.97,1599.97,1599.97,0.0,9.66,15376.53,0
2025-04-07,2025-04-07 11:53:00,1599.97,1599.97,1599.97,1599.97,0.0,9.66,15376.53,0
2025-04-07,2025-04-07 11:54:00,1599.97,1599.97,1599.97,1599.97,0.0,9.66,15376.53,0
2025-04-07,2025-04-07 11:55:00,1599.97,1599.97,1599.97,1599.97,0.0,9.66,15376.53,0
2025-04-07,2025-04-07 11:56:00,1599.97,1599.97,1599.97,1599.97,0.0,9.66,15376.53,0
2025-04-07,2025-04-07 11:57:00,1599.97,1599.97,1599.97,1599.97,0.0,9.66,15376.53,0
2025-04-07,2025-04-07 11:58:00,1599.97,1599.97,1599.97,1599.97,0.0,9.66,15376.53,0
2025-04-07,2025-04-07 11:59:00,1599.97,1599.97,1599.97,1599.97,0.0,9.66,15376.53,0
2025-04-07,2025-04-07 12:00:00,1599.97,1599.97,1599.97,1599.97,0.0,9.66,15376.53,0
2025-04-07,2025-04-07 12:01:00,1599.97,1599.97,1599.97,1599.97,0.0,9.66,15376.53,0
2025-04-07,2025-04-07 12:02:00,1599.97,1599.97,1599.97,1599.97,0.0,9.66,15376.53,0
2025-04-07,2025-04-07 12:03:00,1599.97,1599.97,1599.97,1599.97,0.0,9.66,15376.53,0
2025-04-07,2025-04-07 12:04:00,1599.97,1599.97,1599.97,1599.97,0.0,9.66,15376.53,0
2025-04-07,2025-04-07 12:05:00,1599.97,1599.97,1599.97,1599.97,0.0,9.66,15376.53,0
2025-04-07,2025-04-07 12:06:00,1599.97,1599.97,1599.97,1599.97,0.0,9.66,15376.53,0
2025-04-07,2025-04-07 12:07:00,1599.97,1599.97,1599.97,1599.97,0.0,9.66,15376.53,0
2025-04-07,2025-04-07 12:08:00,1599.97,1599.97,1599.97,1599.97,0.0,9.66,15376.53,0
2025-04-07,2025-04-07 12:09:00,1599.97,1599.97,1599.97,1599.97,0.0,9.66,15376.53,0
2025-04-07,2025-04-07 12:10:00,1599.97,1599.97,1599.96,1599.96,-0.0,9.66,15376.53,-1
2025-04-07,2025-04-07 12:11:00,1599.96,1599.96,1599.96,1599.96,0.0,9.66,15376.53,0
2025-04-07,2025-04-07 12:12:00,1599.96,1599.96,1599.96,1599.96,0.0,9.66,15376.53,0
2025-04-07,2025-04-07 12:13:00,1599.96,1599.96,1599.96,1599.96,0.0,9.66,15376.53,0
2025-04-07,2025-04-07 12:14:00,1599.96,1599.96,1599.96,1599.96,0.0,9.66,15376.53,0
2025-04-07,2025-04-07 12:15:00,1599.96,1599.96,1599.96,1599.96,0.0,9.66,15376.53,0
2025-04-07,2025-04-07 12:16:00,1599.96,1599.96,1599.96,1599.96,0.0,9.66,15376.53,0
2025-04-07,2025-04-07 12:17:00,1599.96,1599.96,1599.96,1599.96,0.0,9.66,15376.53,0
2025-04-07,2025-04-07 12:18:00,1599.96,1599.96,1599.96,1599.96,0.0,9.66,15376.53,0
2025-04-07,2025-04-07 12:19:00,1599.96,1599.96,1599.96,1599.96,0.0,9.66,15376.53,0
2025-04-07,2025-04-07 12:20:00,1599.96,1599.96,1599.96,1599.96,0.0,9.66,15376.53,0
2025-04-07,2025-04-07 12:21:00,1599.96,1599.96,1599.96,1599.96,0.0,9.66,15376.53,0
2025-04-07,2025-04-07 12:22:00,1599.96,1599.96,1599.96,1599.96,0.0,9.66,15376.53,0
2025-04-07,2025-04-07 12:23:00,1599.96,1599.96,1599.96,1599.96,0.0,9.66,15376.53,0
2025-04-07,2025-04-07 12:24:00,1599.96,1599.96,1599.96,1599.96,0.0,9.66,15376.53,0
2025-04-07,2025-04-07 12:25:00,1599.96,1599.96,1599.96,1599.96,0.0,9.66,15376.53,0
2025-04-07,2025-04-07 12:26:00,1599.96,1599.96,1599.96,1599.96,0.0,9.66,15376.53,0
2025-04-07,2025-04-07 12:27:00,1599.96,1599.96,1599.96,1599.96,0.0,9.66,15376.53,0
2025-04-07,2025-04-07 12:28:00,1599.96,1599.96,1599.96,1599.96,0.0,9.66,15376.53,0
2025-04-07,2025-04-07 12:29:00,1599.96,1599.96,1599.95,1599.95,-0.0,9.66,15376.53,-1
2025-04-07,2025-04-07 12:30:00,1599.95,1599.95,1599.95,1599.95,0.0,9.66,15376.53,0
2025-04-07,2025-04-07 12:31:00,1599.95,1599.95,1599.95,1599.95,0.0,9.66,15376.53,0
2025-04-07,2025-04-07 12:32:00,1599.95,1599.95,1599.95,1599.95,0.0,9.66,15376.53,0
2025-04-07,2025-04-07 12:33:00,1599.95,1599.95,1599.95,1599.95,0.0,9.66,15376.53,0
2025-04-07,2025-04-07 12:34:00,1599.95,1599.95,1599.95,1599.95,0.0,9.66,15376.53,0
2025-04-07,2025-04-07 12:35:00,1599.95,1599.95,1599.95,1599.95,0.0,9.66,15376.53,0
2025-04-07,2025-04-07 12:36:00,1599.95,1599.95,1599.95,1599.95,0.0,9.66,15376.53,0
2025-04-07,2025-04-07 12:37:00,1599.95,1599.95,1599.95,1599.95,0.0,9.66,15376.53,0
2025-04-07,2025-04-07 12:38:00,1599.95,1599.95,1599.95,1599.95,0.0,9.66,15376.53,0
2025-04-07,2025-04-07 12:39:00,1599.95,1599.95,1599.95,1599.95,0.0,9.66,15376.53,0
2025-04-07,2025-04-07 12:40:00,1599.95,1599.95,1599.95,1599.95,0.0,9.66,15376.53,0
2025-04-07,2025-04-07 12:41:00,1599.95,1599.95,1599.95,1599.95,0.0,9.66,15376.53,0
2025-04-07,2025-04-07 12:42:00,1599.95,1599.95,1599.95,1599.95,0.0,9.66,15376.53,0
2025-04-07,2025-04-07 12:43:00,1599.95,1599.95,1599.95,1599.95,0.0,9.66,15376.53,0
2025-04-07,2025-04-07 12:44:00,1599.95,1599.95,1599.95,1599.95,0.0,9.66,15376.53,0
2025-04-07,2025-04-07 12:45:00,1599.95,1599.95,1599.95,1599.95,0.0,9.66,15376.53,0
2025-04-07,2025-04-07 12:46:00,1599.95,1599.95,1599.95,1599.95,0.0,9.66,15376.53,0
2025-04-07,2025-04-07 12:47:00,1599.95,1599.95,1599.95,1599.95,0.0,9.66,15376.53,0
2025-04-07,2025-04-07 12:48:00,1599.95,1599.95,1599.95,1599.95,0.0,9.66,15376.53,0
2025-04-07,2025-04-07 12:49:00,1599.95,1599.95,1599.95,1599.95,0.0,9.66,15376.53,0
2025-04-07,2025-04-07 12:50:00,1599.95,1599.95,1599.94,1599.94,-0.0,9.66,15376.53,-1
2025-04-07,2025-04-07 12:51:00,1599.94,1599.94,1599.94,1599.94,0.0,9.66,15376.53,0
2025-04-07,2025-04-07 12:52:00,1599.94,1599.94,1599.94,1599.94,0.0,9.66,15376.53,0
2025-04-07,2025-04-07 12:53:00,1599.94,1599.94,1599.94,1599.94,0.0,9.66,15376.53,0
2025-04-07,2025-04-07 12:54:00,1599.94,1599.94,1599.94,1599.94,0.0,9.66,15376.53,0
2025-04-07,2025-04-07 12:55:00,1599.94,1599.94,1599.94,1599.94,0.0,9.66,15376.53,0
2025-04-07,2025-04-07 12:56:00,1599.94,1599.94,1599.94,1599.94,0.0,9.66,15376.53,0
2025-04-07,2025-04-07 12:57:00,1599.94,1599.94,1599.94,1599.94,0.0,9.66,15376.53,0
2025-04-07,2025-04-07 12:58:00,1599.94,1599.94,1599.94,1599.94,0.0,9.66,15376.53,0
2025-04-07,2025-04-07 12:59:00,1599.94,1599.94,1599.94,1599.94,0.0,9.66,15376.53,0
2025-04-07,2025-04-07 13:00:00,1599.94,1635.0,1585.0,1599.94,0.0,9.66,15376.53,0
2025-04-07,2025-04-07 13:01:00,1599.94,1599.94,1599.94,1599.94,0.0,9.66,15376.53,0
2025-04-07,2025-04-07 13:02:00,1599.94,1599.94,1599.94,1599.94,0.0,9.66,15376.53,0
2025-04-07,2025-04-07 13:03:00,1599.94,1599.94,1599.94,1599.94,0.0,9.66,15376.53,0
2025-04-07,2025-04-07 13:04:00,1599.94,1599.94,1599.94,1599.94,0.0,9.66,15376.53,0
2025-04-07,2025-04-07 13:05:00,1599.94,1599.94,1599.94,1599.94,0.0,9.66,15376.53,0
2025-04-07,2025-04-07 13:06:00,1599.94,1599.94,1599.94,1599.94,0.0,9.66,15376.53,0
2025-04-07,2025-04-07 13:07:00,1599.94,1599.94,1599.94,1599.94,0.0,9.66,15376.53,0
2025-04-07,2025-04-07 13:08:00,1599.94,1599.94,1599.94,1599.94,0.0,9.66,15376.53,0
2025-04-07,2025-04-07 13:09:00,1599.94,1599.94,1599.93,1599.93,-0.0,9.66,15376.53,-1
2025-04-07,2025-04-07 13:10:00,1599.93,1599.93,1599.93,1599.93,0.0,9.66,15376.53,0
2025-04-07,2025-04-07 13:11:00,1599.93,1599.93,1599.93,1599.93,0.0,9.66,15376.53,0
2025-04-07,2025-04-07 13:12:00,1599.93,1599.93,1599.93,1599.93,0.0,9.66,15376.53,0
2025-04-07,2025-04-07 13:13:00,1599.93,1599.93,1599.93,1599.93,0.0,9.66,15376.53,0
2025-04-07,2025-04-07 13:14:00,1599.93,1599.93,1599.93,1599.93,0.0,9.66,15376.53,0
2025-04-07,2025-04-07 13:15:00,1599.93,1599.93,1599.93,1599.93,0.0,9.66,15376.53,0
2025-04-07,2025-04-07 13:16:00,1599.93,1599.93,1599.93,1599.93,0.0,9.66,15376.53,0
2025-04-07,2025-04-07 13:17:00,1599.93,1599.93,1599.93,1599.93,0.0,9.66,15376.53,0
2025-04-07,2025-04-07 13:18:00,1599.93,1599.93,1599.93,1599.93,0.0,9.66,15376.53,0
2025-04-07,2025-04-07 13:19:00,1599.93,1599.93,1599.93,1599.93,0.0,9.66,15376.53,0
2025-04-07,2025-04-07 13:20:00,1599.93,1599.93,1599.93,1599.93,0.0,9.66,15376.53,0
2025-04-07,2025-04-07 13:21:00,1599.93,1599.93,1599.93,1599.93,0.0,9.66,15376.53,0
2025-04-07,2025-04-07 13:22:00,1599.93,1599.93,1599.93,1599.93,0.0,9.66,15376.53,0
2025-04-07,2025-04-07 13:23:00,1599.93,1599.93,1599.93,1599.93,0.0,9.66,15376.53,0
2025-04-07,2025-04-07 13:24:00,1599.93,1599.93,1599.93,1599.93,0.0,9.66,15376.53,0
2025-04-07,2025-04-07 13:25:00,1599.93,1599.93,1599.93,1599.93,0.0,9.66,15376.53,0
2025-04-07,2025-04-07 13:26:00,1599.93,1599.93,1599.93,1599.93,0.0,9.66,15376.53,0
2025-04-07,2025-04-07 13:27:00,1599.93,1599.93,1599.93,1599.93,0.0,9.66,15376.53,0
2025-04-07,2025-04-07 13:28:00,1599.93,1599.93,1599.93,1599.93,0.0,9.66,15376.53,0
2025-04-07,2025-04-07 13:29:00,1599.93,1599.93,1599.93,1599.93,0.0,9.66,15376.53,0
2025-04-07,2025-04-07 13:30:00,1599.93,1599.93,1599.92,1599.92,-0.0,9.66,15376.53,-1
2025-04-07,2025-04-07 13:31:00,1599.92,1599.92,1599.92,1599.92,0.0,9.66,15376.53,0
2025-04-07,2025-04-07 13:32:00,1599.92,1599.92,1599.92,1599.92,0.0,9.66,15376.53,0
2025-04-07,2025-04-07 13:33:00,1599.92,1599.92,1599.92,1599.92,0.0,9.66,15376.53,0
2025-04-07,2025-04-07 13:34:00,1599.92,1599.92,1599.92,1599.92,0.0,9.66,15376.53,0
2025-04-07,2025-04-07 13:35:00,1599.92,1599.92,1599.92,1599.92,0.0,9.66,15376.53,0
2025-04-07,2025-04-07 13:36:00,1599.92,1599.92,1599.92,1599.92,0.0,9.66,15376.53,0
2025-04-07,2025-04-07 13:37:00,1599.92,1599.92,1599.92,1599.92,0.0,9.66,15376.53,0
2025-04-07,2025-04-07 13:38:00,1599.92,1599.92,1599.92,1599.92,0.0,9.66,15376.53,0
2025-04-07,2025-04-07 13:39:00,1599.92,1599.92,1599.92,1599.92,0.0,9.66,15376.53,0
2025-04-07,2025-04-07 13:40:00,1599.92,1599.92,1599.92,1599.92,0.0,9.66,15376.53,0
2025-04-07,2025-04-07 13:41:00,1599.92,1599.92,1599.92,1599.92,0.0,9.66,15376.53,0
2025-04-07,2025-04-07 13:42:00,1599.92,1599.92,1599.92,1599.92,0.0,9.66,15376.53,0
2025-04-07,2025-04-07 13:43:00,1599.92,1599.92,1599.92,1599.92,0.0,9.66,15376.53,0
2025-04-07,2025-04-07 13:44:00,1599.92,1599.92,1599.92,1599.92,0.0,9.66,15376.53,0
2025-04-07,2025-04-07 13:45:00,1599.92,1599.92,1599.92,1599.92,0.0,9.66,15376.53,0
2025-04-07,2025-04-07 13:46:00,1599.92,1599.92,1599.92,1599.92,0.0,9.66,15376.53,0
2025-04-07,2025-04-07 13:47:00,1599.92,1599.92,1599.92,1599.92,0.0,9.66,15376.53,0
2025-04-07,2025-04-07 13:48:00,1599.92,1599.92,1599.92,1599.92,0.0,9.66,15376.53,0
2025-04-07,2025-04-07 13:49:00,1599.92,1599.92,1599.91,1599.91,-0.0,9.66,15376.53,-1
2025-04-07,2025-04-07 13:50:00,1599.91,1599.91,1599.91,1599.91,0.0,9.66,15376.53,0
2025-04-07,2025-04-07 13:51:00,1599.91,1599.91,1599.91,1599.91,0.0,9.66,15376.53,0
2025-04-07,2025-04-07 13:52:00,1599.91,1599.91,1599.91,1599.91,0.0,9.66,15376.53,0
2025-04-07,2025-04-07 13:53:00,1599.91,1599.91,1599.91,1599.91,0.0,9.66,15376.53,0
2025-04-07,2025-04-07 13:54:00,1599.91,1599.91,1599.91,1599.91,0.0,9.66,15376.53,0
2025-04-07,2025-04-07 13:55:00,1599.91,1599.91,1599.91,1599.91,0.0,9.66,15376.53,0
2025-04-07,2025-04-07 13:56:00,1599.91,1599.91,1599.91,1599.91,0.0,9.66,15376.53,0
2025-04-07,2025-04-07 13:57:00,1599.91,1599.91,1599.91,1599.91,0.0,9.66,15376.53,0
2025-04-07,2025-04-07 13:58:00,1599.91,1599.91,1599.91,1599.91,0.0,9.66,15376.53,0
2025-04-07,2025-04-07 13:59:00,1599.91,1599.91,1599.91,1599.91,0.0,9.66,15376.53,0
2025-04-07,2025-04-07 14:00:00,1599.91,1599.91,1599.91,1599.91,0.0,9.66,15376.53,0
2025-04-07,2025-04-07 14:01:00,1599.91,1599.91,1599.91,1599.91,0.0,9.66,15376.53,0
2025-04-07,2025-04-07 14:02:00,1599.91,1599.91,1599.91,1599.91,0.0,9.66,15376.53,0
2025-04-07,2025-04-07 14:03:00,1599.91,1599.91,1599.91,1599.91,0.0,9.66,15376.53,0
2025-04-07,2025-04-07 14:04:00,1599.91,1599.91,1599.91,1599.91,0.0,9.66,15376.53,0
2025-04-07,2025-04-07 14:05:00,1599.91,1599.91,1599.91,1599.91,0.0,9.66,15376.53,0
2025-04-07,2025-04-07 14:06:00,1599.91,1599.91,1599.91,1599.91,0.0,9.66,15376.53,0
2025-04-07,2025-04-07 14:07:00,1599.91,1599.91,1599.91,1599.91,0.0,9.66,15376.53,0
2025-04-07,2025-04-07 14:08:00,1599.91,1599.91,1599.91,1599.91,0.0,9.66,15376.53,0
2025-04-07,2025-04-07 14:09:00,1599.91,1599.91,1599.91,1599.91,0.0,9.66,15376.53,0
2025-04-07,2025-04-07 14:10:00,1599.91,1599.91,1599.9,1599.9,-0.0,9.66,15376.53,-1
2025-04-07,2025-04-07 14:11:00,1599.9,1599.9,1599.9,1599.9,0.0,9.66,15376.53,0
2025-04-07,2025-04-07 14:12:00,1599.9,1599.9,1599.9,1599.9,0.0,9.66,15376.53,0
2025-04-07,2025-04-07 14:13:00,1599.9,1599.9,1599.9,1599.9,0.0,9.66,15376.53,0
2025-04-07,2025-04-07 14:14:00,1599.9,1599.9,1599.9,1599.9,0.0,9.66,15376.53,0
2025-04-07,2025-04-07 14:15:00,1599.9,1599.9,1599.9,1599.9,0.0,9.66,15376.53,0
2025-04-07,2025-04-07 14:16:00,1599.9,1599.9,1599.9,1599.9,0.0,9.66,15376.53,0
2025-04-07,2025-04-07 14:17:00,1599.9,1599.9,1599.9,1599.9,0.0,9.66,15376.53,0
2025-04-07,2025-04-07 14:18:00,1599.9,1599.9,1599.9,1599.9,0.0,9.66,15376.53,0
2025-04-07,2025-04-07 14:19:00,1599.9,1599.9,1599.9,1599.9,0.0,9.66,15376.53,0
2025-04-07,2025-04-07 14:20:00,1599.9,1599.9,1599.9,1599.9,0.0,9.66,15376.53,0
2025-04-07,2025-04-07 14:21:00,1599.9,1599.9,1599.9,1599.9,0.0,9.66,15376.53,0
2025-04-07,2025-04-07 14:22:00,1599.9,1599.9,1599.9,1599.9,0.0,9.66,15376.53,0
2025-04-07,2025-04-07 14:23:00,1599.9,1599.9,1599.9,1599.9,0.0,9.66,15376.53,0
2025-04-07,2025-04-07 14:24:00,1599.9,1599.9,1599.9,1599.9,0.0,9.66,15376.53,0
2025-04-07,2025-04-07 14:25:00,1599.9,1599.9,1599.9,1599.9,0.0,9.66,15376.53,0
2025-04-07,2025-04-07 14:26:00,1599.9,1599.9,1599.9,1599.9,0.0,9.66,15376.53,0
2025-04-07,2025-04-07 14:27:00,1599.9,1599.9,1599.9,1599.9,0.0,9.66,15376.53,0
2025-04-07,2025-04-07 14:28:00,1599.9,1599.9,1599.9,1599.9,0.0,9.66,15376.53,0
2025-04-07,2025-04-07 14:29:00,1599.9,1599.9,1599.89,1599.89,-0.0,9.66,15376.53,-1
2025-04-07,2025-04-07 14:30:00,1599.89,1599.89,1599.89,1599.89,0.0,9.66,15376.53,0
2025-04-07,2025-04-07 14:31:00,1599.89,1599.89,1599.89,1599.89,0.0,9.66,15376.53,0
2025-04-07,2025-04-07 14:32:00,1599.89,1599.89,1599.89,1599.89,0.0,9.66,15376.53,0
2025-04-07,2025-04-07 14:33:00,1599.89,1599.89,1599.89,1599.89,0.0,9.66,15376.53,0
2025-04-07,2025-04-07 14:34:00,1599.89,1599.89,1599.89,1599.89,0.0,9.66,15376.53,0
2025-04-07,2025-04-07 14:35:00,1599.89,1599.89,1599.89,1599.89,0.0,9.66,15376.53,0
2025-04-07,2025-04-07 14:36:00,1599.89,1599.89,1599.89,1599.89,0.0,9.66,15376.53,0
2025-04-07,2025-04-07 14:37:00,1599.89,1599.89,1599.89,1599.89,0.0,9.66,15376.53,0
2025-04-07,2025-04-07 14:38:00,1599.89,1599.89,1599.89,1599.89,0.0,9.66,15376.53,0
2025-04-07,2025-04-07 14:39:00,1599.89,1599.89,1599.89,1599.89,0.0,9.66,15376.53,0
2025-04-07,2025-04-07 14:40:00,1599.89,1599.89,1599.89,1599.89,0.0,9.66,15376.53,0
2025-04-07,2025-04-07 14:41:00,1599.89,1599.89,1599.89,1599.89,0.0,9.66,15376.53,0
2025-04-07,2025-04-07 14:42:00,1599.89,1599.89,1599.89,1599.89,0.0,9.66,15376.53,0
2025-04-07,2025-04-07 14:43:00,1599.89,1599.89,1599.89,1599.89,0.0,9.66,15376.53,0
2025-04-07,2025-04-07 14:44:00,1599.89,1599.89,1599.89,1599.89,0.0,9.66,15376.53,0
2025-04-07,2025-04-07 14:45:00,1599.89,1599.89,1599.89,1599.89,0.0,9.66,15376.53,0
2025-04-07,2025-04-07 14:46:00,1599.89,1599.89,1599.89,1599.89,0.0,9.66,15376.53,0
2025-04-07,2025-04-07 14:47:00,1599.89,1599.89,1599.89,1599.89,0.0,9.66,15376.53,0
2025-04-07,2025-04-07 14:48:00,1599.89,1599.89,1599.89,1599.89,0.0,9.66,15376.53,0
2025-04-07,2025-04-07 14:49:00,1599.89,1599.89,1599.89,1599.89,0.0,9.66,15376.53,0
2025-04-07,2025-04-07 14:50:00,1599.89,1599.89,1599.88,1599.88,-0.0,9.66,15376.53,-1
2025-04-07,2025-04-07 14:51:00,1599.88,1599.88,1599.88,1599.88,0.0,9.66,15376.53,0
2025-04-07,2025-04-07 14:52:00,1599.88,1599.88,1599.88,1599.88,0.0,9.66,15376.53,0
2025-04-07,2025-04-07 14:53:00,1599.88,1599.88,1599.88,1599.88,0.0,9.66,15376.53,0
2025-04-07,2025-04-07 14:54:00,1599.88,1599.88,1599.88,1599.88,0.0,9.66,15376.53,0
2025-04-07,2025-04-07 14:55:00,1599.88,1599.88,1599.88,1599.88,0.0,9.66,15376.53,0
2025-04-07,2025-04-07 14:56:00,1599.88,1599.88,1599.88,1599.88,0.0,9.66,15376.53,0
2025-04-07,2025-04-07 14:57:00,1599.88,1599.88,1599.88,1599.88,0.0,9.66,15376.53,0
2025-04-07,2025-04-07 14:58:00,1599.88,1599.88,1599.88,1599.88,0.0,9.66,15376.53,0
2025-04-07,2025-04-07 14:59:00,1599.88,1599.88,1599.88,1599.88,0.0,9.66,15376.53,0
2025-04-07,2025-04-07 15:00:00,1599.88,1635.0,1585.0,1599.88,0.0,9.66,15376.53,0
2025-04-08,2025-04-08 11:00:00,1570.0,1580.62,1569.37,1570.15,0.01,7.82,12371.48,1
2025-04-08,2025-04-08 11:01:00,1570.15,1570.29,1570.15,1570.29,0.01,7.82,12371.48,1
2025-04-08,2025-04-08 11:02:00,1570.29,1570.44,1570.29,1570.44,0.01,7.82,12371.48,1
2025-04-08,2025-04-08 11:03:00,1570.44,1570.58,1570.44,1570.58,0.01,7.82,12371.48,1
2025-04-08,2025-04-08 11:04:00,1570.58,1570.73,1570.58,1570.73,0.01,7.82,12371.48,1
2025-04-08,2025-04-08 11:05:00,1570.73,1570.87,1570.73,1570.87,0.01,7.82,12371.48,1
2025-04-08,2025-04-08 11:06:00,1570.87,1571.02,1570.87,1571.02,0.01,7.82,12371.48,1
2025-04-08,2025-04-08 11:07:00,1571.02,1571.16,1571.02,1571.16,0.01,7.82,12371.48,1
2025-04-08,2025-04-08 11:08:00,1571.16,1571.31,1571.16,1571.31,0.01,7.82,12371.48,1
2025-04-08,2025-04-08 11:09:00,1571.31,1571.45,1571.31,1571.45,0.01,7.82,12371.48,1
2025-04-08,2025-04-08 11:10:00,1571.45,1571.6,1571.45,1571.6,0.01,7.82,12371.48,1
2025-04-08,2025-04-08 11:11:00,1571.6,1571.74,1571.6,1571.74,0.01,7.82,12371.48,1
2025-04-08,2025-04-08 11:12:00,1571.74,1571.89,1571.74,1571.89,0.01,7.82,12371.48,1
2025-04-08,2025-04-08 11:13:00,1571.89,1572.04,1571.89,1572.04,0.01,7.82,12371.48,1
2025-04-08,2025-04-08 11:14:00,1572.04,1572.18,1572.04,1572.18,0.01,7.82,12371.48,1
2025-04-08,2025-04-08 11:15:00,1572.18,1572.33,1572.18,1572.33,0.01,7.82,12371.48,1
2025-04-08,2025-04-08 11:16:00,1572.33,1572.47,1572.33,1572.47,0.01,7.82,12371.48,1
2025-04-08,2025-04-08 11:17:00,1572.47,1572.62,1572.47,1572.62,0.01,7.82,12371.48,1
2025-04-08,2025-04-08 11:18:00,1572.62,1572.76,1572.62,1572.76,0.01,7.82,12371.48,1
2025-04-08,2025-04-08 11:19:00,1572.76,1572.91,1572.76,1572.91,0.01,7.82,12371.48,1
2025-04-08,2025-04-08 11:20:00,1572.91,1573.05,1572.91,1573.05,0.01,7.82,12371.48,1
2025-04-08,2025-04-08 11:21:00,1573.05,1573.2,1573.05,1573.2,0.01,7.82,12371.48,1
2025-04-08,2025-04-08 11:22:00,1573.2,1573.34,1573.2,1573.34,0.01,7.82,12371.48,1
2025-04-08,2025-04-08 11:23:00,1573.34,1573.49,1573.34,1573.49,0.01,7.82,12371.48,1
2025-04-08,2025-04-08 11:24:00,1573.49,1573.64,1573.49,1573.64,0.01,7.82,12371.48,1
2025-04-08,2025-04-08 11:25:00,1573.64,1573.78,1573.64,1573.78,0.01,7.82,12371.48,1
2025-04-08,2025-04-08 11:26:00,1573.78,1573.93,1573.78,1573.93,0.01,7.82,12371.48,1
2025-04-08,2025-04-08 11:27:00,1573.93,1574.07,1573.93,1574.07,0.01,7.82,12371.48,1
2025-04-08,2025-04-08 11:28:00,1574.07,1574.22,1574.07,1574.22,0.01,7.82,12371.48,1
2025-04-08,2025-04-08 11:29:00,1574.22,1574.36,1574.22,1574.36,0.01,7.82,12371.48,1
2025-04-08,2025-04-08 11:30:00,1574.36,1574.51,1574.36,1574.51,0.01,7.82,12371.48,1
2025-04-08,2025-04-08 11:31:00,1574.51,1574.65,1574.51,1574.65,0.01,7.82,12371.48,1
2025-04-08,2025-04-08 11:32:00,1574.65,1574.8,1574.65,1574.8,0.01,7.82,12371.48,1
2025-04-08,2025-04-08 11:33:00,1574.8,1574.94,1574.8,1574.94,0.01,7.82,12371.48,1
2025-04-08,2025-04-08 11:34:00,1574.94,1575.09,1574.94,1575.09,0.01,7.82,12371.48,1
2025-04-08,2025-04-08 11:35:00,1575.09,1575.24,1575.09,1575.24,0.01,7.82,12371.48,1
2025-04-08,2025-04-08 11:36:00,1575.24,1575.38,1575.24,1575.38,0.01,7.82,12371.48,1
2025-04-08,2025-04-08 11:37:00,1575.38,1575.53,1575.38,1575.53,0.01,7.82,12371.48,1
2025-04-08,2025-04-08 11:38:00,1575.53,1575.67,1575.53,1575.67,0.01,7.82,12371.48,1
2025-04-08,2025-04-08 11:39:00,1575.67,1575.82,1575.67,1575.82,0.01,7.82,12371.48,1
2025-04-08,2025-04-08 11:40:00,1575.82,1575.96,1575.82,1575.96,0.01,7.82,12371.48,1
2025-04-08,2025-04-08 11:41:00,1575.96,1576.11,1575.96,1576.11,0.01,7.82,12371.48,1
2025-04-08,2025-04-08 11:42:00,1576.11,1576.25,1576.11,1576.25,0.01,7.82,12371.48,1
2025-04-08,2025-04-08 11:43:00,1576.25,1576.4,1576.25,1576.4,0.01,7.82,12371.48,1
2025-04-08,2025-04-08 11:44:00,1576.4,1576.54,1576.4,1576.54,0.01,7.82,12371.48,1
2025-04-08,2025-04-08 11:45:00,1576.54,1576.69,1576.54,1576.69,0.01,7.82,12371.48,1
2025-04-08,2025-04-08 11:46:00,1576.69,1576.83,1576.69,1576.83,0.01,7.82,12371.48,1
2025-04-08,2025-04-08 11:47:00,1576.83,1576.98,1576.83,1576.98,0.01,7.82,12371.48,1
2025-04-08,2025-04-08 11:48:00,1576.98,1577.13,1576.98,1577.13,0.01,7.82,12371.48,1
2025-04-08,2025-04-08 11:49:00,1577.13,1577.27,1577.13,1577.27,0.01,7.82,12371.48,1
2025-04-08,2025-04-08 11:50:00,1577.27,1577.42,1577.27,1577.42,0.01,7.82,12371.48,1
2025-04-08,2025-04-08 11:51:00,1577.42,1577.56,1577.42,1577.56,0.01,7.82,12371.48,1
2025-04-08,2025-04-08 11:52:00,1577.56,1577.71,1577.56,1577.71,0.01,7.82,12371.48,1
2025-04-08,2025-04-08 11:53:00,1577.71,1577.85,1577.71,1577.85,0.01,7.82,12371.48,1
2025-04-08,2025-04-08 11:54:00,1577.85,1578.0,1577.85,1578.0,0.01,7.82,12371.48,1
2025-04-08,2025-04-08 11:55:00,1578.0,1578.14,1578.0,1578.14,0.01,7.82,12371.48,1
2025-04-08,2025-04-08 11:56:00,1578.14,1578.29,1578.14,1578.29,0.01,7.82,12371.48,1
2025-04-08,2025-04-08 11:57:00,1578.29,1578.43,1578.29,1578.43,0.01,7.82,12371.48,1
2025-04-08,2025-04-08 11:58:00,1578.43,1578.58,1578.43,1578.58,0.01,7.82,12371.48,1
2025-04-08,2025-04-08 11:59:00,1578.58,1578.72,1578.58,1578.72,0.01,7.82,12371.48,1
2025-04-08,2025-04-08 12:00:00,1578.72,1578.87,1578.72,1578.87,0.01,7.82,12371.48,1
2025-04-08,2025-04-08 12:01:00,1578.87,1579.02,1578.87,1579.02,0.01,7.82,12371.48,1
2025-04-08,2025-04-08 12:02:00,1579.02,1579.16,1579.02,1579.16,0.01,7.82,12371.48,1
2025-04-08,2025-04-08 12:03:00,1579.16,1579.31,1579.16,1579.31,0.01,7.82,12371.48,1
2025-04-08,2025-04-08 12:04:00,1579.31,1579.45,1579.31,1579.45,0.01,7.82,12371.48,1
2025-04-08,2025-04-08 12:05:00,1579.45,1579.6,1579.45,1579.6,0.01,7.82,12371.48,1
2025-04-08,2025-04-08 12:06:00,1579.6,1579.74,1579.6,1579.74,0.01,7.82,12371.48,1
2025-04-08,2025-04-08 12:07:00,1579.74,1579.89,1579.74,1579.89,0.01,7.82,12371.48,1
2025-04-08,2025-04-08 12:08:00,1579.89,1580.03,1579.89,1580.03,0.01,7.82,12371.48,1
2025-04-08,2025-04-08 12:09:00,1580.03,1580.18,1580.03,1580.18,0.01,7.82,12371.48,1
2025-04-08,2025-04-08 12:10:00,1580.18,1580.32,1580.18,1580.32,0.01,7.82,12371.48,1
2025-04-08,2025-04-08 12:11:00,1580.32,1580.47,1580.32,1580.47,0.01,7.82,12371.48,1
2025-04-08,2025-04-08 12:12:00,1580.47,1580.62,1580.47,1580.62,0.01,7.82,12371.48,1
2025-04-08,2025-04-08 12:13:00,1580.62,1580.76,1580.62,1580.76,0.01,7.82,12371.48,1
2025-04-08,2025-04-08 12:14:00,1580.76,1580.91,1580.76,1580.91,0.01,7.82,12371.48,1
2025-04-08,2025-04-08 12:15:00,1580.91,1581.05,1580.91,1581.05,0.01,7.82,12371.48,1
2025-04-08,2025-04-08 12:16:00,1581.05,1581.2,1581.05,1581.2,0.01,7.82,12371.48,1
2025-04-08,2025-04-08 12:17:00,1581.2,1581.34,1581.2,1581.34,0.01,7.82,12371.48,1
2025-04-08,2025-04-08 12:18:00,1581.34,1581.49,1581.34,1581.49,0.01,7.82,12371.48,1
2025-04-08,2025-04-08 12:19:00,1581.49,1581.63,1581.49,1581.63,0.01,7.82,12371.48,1
2025-04-08,2025-04-08 12:20:00,1581.63,1581.78,1581.63,1581.78,0.01,7.82,12371.48,1
2025-04-08,2025-04-08 12:21:00,1581.78,1581.92,1581.78,1581.92,0.01,7.82,12371.48,1
2025-04-08,2025-04-08 12:22:00,1581.92,1582.07,1581.92,1582.07,0.01,7.82,12371.48,1
2025-04-08,2025-04-08 12:23:00,1582.07,1582.22,1582.07,1582.22,0.01,7.82,12371.48,1
2025-04-08,2025-04-08 12:24:00,1582.22,1582.36,1582.22,1582.36,0.01,7.82,12371.48,1
2025-04-08,2025-04-08 12:25:00,1582.36,1582.51,1582.36,1582.51,0.01,7.82,12371.48,1
2025-04-08,2025-04-08 12:26:00,1582.51,1582.65,1582.51,1582.65,0.01,7.82,12371.48,1
2025-04-08,2025-04-08 12:27:00,1582.65,1582.8,1582.65,1582.8,0.01,7.82,12371.48,1
2025-04-08,2025-04-08 12:28:00,1582.8,1582.94,1582.8,1582.94,0.01,7.82,12371.48,1
2025-04-08,2025-04-08 12:29:00,1582.94,1583.09,1582.94,1583.09,0.01,7.82,12371.48,1
2025-04-08,2025-04-08 12:30:00,1583.09,1583.23,1583.09,1583.23,0.01,7.82,12371.48,1
2025-04-08,2025-04-08 12:31:00,1583.23,1583.38,1583.23,1583.38,0.01,7.82,12371.48,1
2025-04-08,2025-04-08 12:32:00,1583.38,1583.52,1583.38,1583.52,0.01,7.82,12371.48,1
2025-04-08,2025-04-08 12:33:00,1583.52,1583.67,1583.52,1583.67,0.01,7.82,12371.48,1
2025-04-08,2025-04-08 12:34:00,1583.67,1583.81,1583.67,1583.81,0.01,7.82,12371.48,1
2025-04-08,2025-04-08 12:35:00,1583.81,1583.96,1583.81,1583.96,0.01,7.82,12371.48,1
2025-04-08,2025-04-08 12:36:00,1583.96,1584.11,1583.96,1584.11,0.01,7.82,12371.48,1
2025-04-08,2025-04-08 12:37:00,1584.11,1584.25,1584.11,1584.25,0.01,7.82,12371.48,1
2025-04-08,2025-04-08 12:38:00,1584.25,1584.4,1584.25,1584.4,0.01,7.82,12371.48,1
2025-04-08,2025-04-08 12:39:00,1584.4,1584.54,1584.4,1584.54,0.01,7.82,12371.48,1
2025-04-08,2025-04-08 12:40:00,1584.54,1584.69,1584.54,1584.69,0.01,7.82,12371.48,1
2025-04-08,2025-04-08 12:41:00,1584.69,1584.83,1584.69,1584.83,0.01,7.82,12371.48,1
2025-04-08,2025-04-08 12:42:00,1584.83,1584.98,1584.83,1584.98,0.01,7.82,12371.48,1
2025-04-08,2025-04-08 12:43:00,1584.98,1585.12,1584.98,1585.12,0.01,7.82,12371.48,1
2025-04-08,2025-04-08 12:44:00,1585.12,1585.27,1585.12,1585.27,0.01,7.82,12371.48,1
2025-04-08,2025-04-08 12:45:00,1585.27,1585.41,1585.27,1585.41,0.01,7.82,12371.48,1
2025-04-08,2025-04-08 12:46:00,1585.41,1585.56,1585.41,1585.56,0.01,7.82,12371.48,1
2025-04-08,2025-04-08 12:47:00,1585.56,1585.7,1585.56,1585.7,0.01,7.82,12371.48,1
2025-04-08,2025-04-08 12:48:00,1585.7,1585.85,1585.7,1585.85,0.01,7.82,12371.48,1
2025-04-08,2025-04-08 12:49:00,1585.85,1586.0,1585.85,1586.0,0.01,7.82,12371.48,1
2025-04-08,2025-04-08 12:50:00,1586.0,1586.14,1586.0,1586.14,0.01,7.82,12371.48,1
2025-04-08,2025-04-08 12:51:00,1586.14,1586.29,1586.14,1586.29,0.01,7.82,12371.48,1
2025-04-08,2025-04-08 12:52:00,1586.29,1586.43,1586.29,1586.43,0.01,7.82,12371.48,1
2025-04-08,2025-04-08 12:53:00,1586.43,1586.58,1586.43,1586.58,0.01,7.82,12371.48,1
2025-04-08,2025-04-08 12:54:00,1586.58,1586.72,1586.58,1586.72,0.01,7.82,12371.48,1
2025-04-08,2025-04-08 12:55:00,1586.72,1586.87,1586.72,1586.87,0.01,7.82,12371.48,1
2025-04-08,2025-04-08 12:56:00,1586.87,1587.01,1586.87,1587.01,0.01,7.82,12371.48,1
2025-04-08,2025-04-08 12:57:00,1587.01,1587.16,1587.01,1587.16,0.01,7.82,12371.48,1
2025-04-08,2025-04-08 12:58:00,1587.16,1587.3,1587.16,1587.3,0.01,7.82,12371.48,1
2025-04-08,2025-04-08 12:59:00,1587.3,1587.45,1587.3,1587.45,0.01,7.82,12371.48,1
2025-04-08,2025-04-08 13:00:00,1587.45,1605.4,1567.9,1587.6,0.01,7.82,12371.48,1
2025-04-08,2025-04-08 13:01:00,1587.6,1587.74,1587.6,1587.74,0.01,7.82,12371.48,1
2025-04-08,2025-04-08 13:02:00,1587.74,1587.89,1587.74,1587.89,0.01,7.82,12371.48,1
2025-04-08,2025-04-08 13:03:00,1587.89,1588.03,1587.89,1588.03,0.01,7.82,12371.48,1
2025-04-08,2025-04-08 13:04:00,1588.03,1588.18,1588.03,1588.18,0.01,7.82,12371.48,1
2025-04-08,2025-04-08 13:05:00,1588.18,1588.32,1588.18,1588.32,0.01,7.82,12371.48,1
2025-04-08,2025-04-08 13:06:00,1588.32,1588.47,1588.32,1588.47,0.01,7.82,12371.48,1
2025-04-08,2025-04-08 13:07:00,1588.47,1588.61,1588.47,1588.61,0.01,7.82,12371.48,1
2025-04-08,2025-04-08 13:08:00,1588.61,1588.76,1588.61,1588.76,0.01,7.82,12371.48,1
2025-04-08,2025-04-08 13:09:00,1588.76,1588.9,1588.76,1588.9,0.01,7.82,12371.48,1
2025-04-08,2025-04-08 13:10:00,1588.9,1589.05,1588.9,1589.05,0.01,7.82,12371.48,1
2025-04-08,2025-04-08 13:11:00,1589.05,1589.2,1589.05,1589.2,0.01,7.82,12371.48,1
2025-04-08,2025-04-08 13:12:00,1589.2,1589.34,1589.2,1589.34,0.01,7.82,12371.48,1
2025-04-08,2025-04-08 13:13:00,1589.34,1589.49,1589.34,1589.49,0.01,7.82,12371.48,1
2025-04-08,2025-04-08 13:14:00,1589.49,1589.63,1589.49,1589.63,0.01,7.82,12371.48,1
2025-04-08,2025-04-08 13:15:00,1589.63,1589.78,1589.63,1589.78,0.01,7.82,12371.48,1
2025-04-08,2025-04-08 13:16:00,1589.78,1589.92,1589.78,1589.92,0.01,7.82,12371.48,1
2025-04-08,2025-04-08 13:17:00,1589.92,1590.07,1589.92,1590.07,0.01,7.82,12371.48,1
2025-04-08,2025-04-08 13:18:00,1590.07,1590.21,1590.07,1590.21,0.01,7.82,12371.48,1
2025-04-08,2025-04-08 13:19:00,1590.21,1590.36,1590.21,1590.36,0.01,7.82,12371.48,1
2025-04-08,2025-04-08 13:20:00,1590.36,1590.5,1590.36,1590.5,0.01,7.82,12371.48,1
2025-04-08,2025-04-08 13:21:00,1590.5,1590.65,1590.5,1590.65,0.01,7.82,12371.48,1
2025-04-08,2025-04-08 13:22:00,1590.65,1590.79,1590.65,1590.79,0.01,7.82,12371.48,1
2025-04-08,2025-04-08 13:23:00,1590.79,1590.94,1590.79,1590.94,0.01,7.82,12371.48,1
2025-04-08,2025-04-08 13:24:00,1590.94,1591.09,1590.94,1591.09,0.01,7.82,12371.48,1
2025-04-08,2025-04-08 13:25:00,1591.09,1591.23,1591.09,1591.23,0.01,7.82,12371.48,1
2025-04-08,2025-04-08 13:26:00,1591.23,1591.38,1591.23,1591.38,0.01,7.82,12371.48,1
2025-04-08,2025-04-08 13:27:00,1591.38,1591.52,1591.38,1591.52,0.01,7.82,12371.48,1
2025-04-08,2025-04-08 13:28:00,1591.52,1591.67,1591.52,1591.67,0.01,7.82,12371.48,1
2025-04-08,2025-04-08 13:29:00,1591.67,1591.81,1591.67,1591.81,0.01,7.82,12371.48,1
2025-04-08,2025-04-08 13:30:00,1591.81,1591.96,1591.81,1591.96,0.01,7.82,12371.48,1
2025-04-08,2025-04-08 13:31:00,1591.96,1592.1,1591.96,1592.1,0.01,7.82,12371.48,1
2025-04-08,2025-04-08 13:32:00,1592.1,1592.25,1592.1,1592.25,0.01,7.82,12371.48,1
2025-04-08,2025-04-08 13:33:00,1592.25,1592.39,1592.25,1592.39,0.01,7.82,12371.48,1
2025-04-08,2025-04-08 13:34:00,1592.39,1592.54,1592.39,1592.54,0.01,7.82,12371.48,1
2025-04-08,2025-04-08 13:35:00,1592.54,1592.68,1592.54,1592.68,0.01,7.82,12371.48,1
2025-04-08,2025-04-08 13:36:00,1592.68,1592.83,1592.68,1592.83,0.01,7.82,12371.48,1
2025-04-08,2025-04-08 13:37:00,1592.83,1592.98,1592.83,1592.98,0.01,7.82,12371.48,1
2025-04-08,2025-04-08 13:38:00,1592.98,1593.12,1592.98,1593.12,0.01,7.82,12371.48,1
2025-04-08,2025-04-08 13:39:00,1593.12,1593.27,1593.12,1593.27,0.01,7.82,12371.48,1
2025-04-08,2025-04-08 13:40:00,1593.27,1593.41,1593.27,1593.41,0.01,7.82,12371.48,1
2025-04-08,2025-04-08 13:41:00,1593.41,1593.56,1593.41,1593.56,0.01,7.82,12371.48,1
2025-04-08,2025-04-08 13:42:00,1593.56,1593.7,1593.56,1593.7,0.01,7.82,12371.48,1
2025-04-08,2025-04-08 13:43:00,1593.7,1593.85,1593.7,1593.85,0.01,7.82,12371.48,1
2025-04-08,2025-04-08 13:44:00,1593.85,1593.99,1593.85,1593.99,0.01,7.82,12371.48,1
2025-04-08,2025-04-08 13:45:00,1593.99,1594.14,1593.99,1594.14,0.01,7.82,12371.48,1
2025-04-08,2025-04-08 13:46:00,1594.14,1594.28,1594.14,1594.28,0.01,7.82,12371.48,1
2025-04-08,2025-04-08 13:47:00,1594.28,1594.43,1594.28,1594.43,0.01,7.82,12371.48,1
2025-04-08,2025-04-08 13:48:00,1594.43,1594.58,1594.43,1594.58,0.01,7.82,12371.48,1
2025-04-08,2025-04-08 13:49:00,1594.58,1594.72,1594.58,1594.72,0.01,7.82,12371.48,1
2025-04-08,2025-04-08 13:50:00,1594.72,1594.87,1594.72,1594.87,0.01,7.82,12371.48,1
2025-04-08,2025-04-08 13:51:00,1594.87,1595.01,1594.87,1595.01,0.01,7.82,12371.48,1
2025-04-08,2025-04-08 13:52:00,1595.01,1595.16,1595.01,1595.16,0.01,7.82,12371.48,1
2025-04-08,2025-04-08 13:53:00,1595.16,1595.3,1595.16,1595.3,0.01,7.82,12371.48,1
2025-04-08,2025-04-08 13:54:00,1595.3,1595.45,1595.3,1595.45,0.01,7.82,12371.48,1
2025-04-08,2025-04-08 13:55:00,1595.45,1595.59,1595.45,1595.59,0.01,7.82,12371.48,1
2025-04-08,2025-04-08 13:56:00,1595.59,1595.74,1595.59,1595.74,0.01,7.82,12371.48,1
2025-04-08,2025-04-08 13:57:00,1595.74,1595.88,1595.74,1595.88,0.01,7.82,12371.48,1
2025-04-08,2025-04-08 13:58:00,1595.88,1596.03,1595.88,1596.03,0.01,7.82,12371.48,1
2025-04-08,2025-04-08 13:59:00,1596.03,1596.18,1596.03,1596.18,0.01,7.82,12371.48,1
2025-04-08,2025-04-08 14:00:00,1596.18,1596.32,1596.18,1596.32,0.01,7.82,12371.48,1
2025-04-08,2025-04-08 14:01:00,1596.32,1596.47,1596.32,1596.47,0.01,7.82,12371.48,1
2025-04-08,2025-04-08 14:02:00,1596.47,1596.61,1596.47,1596.61,0.01,7.82,12371.48,1
2025-04-08,2025-04-08 14:03:00,1596.61,1596.76,1596.61,1596.76,0.01,7.82,12371.48,1
2025-04-08,2025-04-08 14:04:00,1596.76,1596.9,1596.76,1596.9,0.01,7.82,12371.48,1
2025-04-08,2025-04-08 14:05:00,1596.9,1597.05,1596.9,1597.05,0.01,7.82,12371.48,1
2025-04-08,2025-04-08 14:06:00,1597.05,1597.19,1597.05,1597.19,0.01,7.82,12371.48,1
2025-04-08,2025-04-08 14:07:00,1597.19,1597.34,1597.19,1597.34,0.01,7.82,12371.48,1
2025-04-08,2025-04-08 14:08:00,1597.34,1597.48,1597.34,1597.48,0.01,7.82,12371.48,1
2025-04-08,2025-04-08 14:09:00,1597.48,1597.63,1597.48,1597.63,0.01,7.82,12371.48,1
2025-04-08,2025-04-08 14:10:00,1597.63,1597.77,1597.63,1597.77,0.01,7.82,12371.48,1
2025-04-08,2025-04-08 14:11:00,1597.77,1597.92,1597.77,1597.92,0.01,7.82,12371.48,1
2025-04-08,2025-04-08 14:12:00,1597.92,1598.07,1597.92,1598.07,0.01,7.82,12371.48,1
2025-04-08,2025-04-08 14:13:00,1598.07,1598.21,1598.07,1598.21,0.01,7.82,12371.48,1
2025-04-08,2025-04-08 14:14:00,1598.21,1598.36,1598.21,1598.36,0.01,7.82,12371.48,1
2025-04-08,2025-04-08 14:15:00,1598.36,1598.5,1598.36,1598.5,0.01,7.82,12371.48,1
2025-04-08,2025-04-08 14:16:00,1598.5,1598.65,1598.5,1598.65,0.01,7.82,12371.48,1
2025-04-08,2025-04-08 14:17:00,1598.65,1598.79,1598.65,1598.79,0.01,7.82,12371.48,1
2025-04-08,2025-04-08 14:18:00,1598.79,1598.94,1598.79,1598.94,0.01,7.82,12371.48,1
2025-04-08,2025-04-08 14:19:00,1598.94,1599.08,1598.94,1599.08,0.01,7.82,12371.48,1
2025-04-08,2025-04-08 14:20:00,1599.08,1599.23,1599.08,1599.23,0.01,7.82,12371.48,1
2025-04-08,2025-04-08 14:21:00,1599.23,1599.37,1599.23,1599.37,0.01,7.82,12371.48,1
2025-04-08,2025-04-08 14:22:00,1599.37,1599.52,1599.37,1599.52,0.01,7.82,12371.48,1
2025-04-08,2025-04-08 14:23:00,1599.52,1599.66,1599.52,1599.66,0.01,7.82,12371.48,1
2025-04-08,2025-04-08 14:24:00,1599.66,1599.81,1599.66,1599.81,0.01,7.82,12371.48,1
2025-04-08,2025-04-08 14:25:00,1599.81,1599.96,1599.81,1599.96,0.01,7.82,12371.48,1
2025-04-08,2025-04-08 14:26:00,1599.96,1600.1,1599.96,1600.1,0.01,7.82,12371.48,1
2025-04-08,2025-04-08 14:27:00,1600.1,1600.25,1600.1,1600.25,0.01,7.82,12371.48,1
2025-04-08,2025-04-08 14:28:00,1600.25,1600.39,1600.25,1600.39,0.01,7.82,12371.48,1
2025-04-08,2025-04-08 14:29:00,1600.39,1600.54,1600.39,1600.54,0.01,7.82,12371.48,1
2025-04-08,2025-04-08 14:30:00,1600.54,1600.68,1600.54,1600.68,0.01,7.82,12371.48,1
2025-04-08,2025-04-08 14:31:00,1600.68,1600.83,1600.68,1600.83,0.01,7.82,12371.48,1
2025-04-08,2025-04-08 14:32:00,1600.83,1600.97,1600.83,1600.97,0.01,7.82,12371.48,1
2025-04-08,2025-04-08 14:33:00,1600.97,1601.12,1600.97,1601.12,0.01,7.82,12371.48,1
2025-04-08,2025-04-08 14:34:00,1601.12,1601.26,1601.12,1601.26,0.01,7.82,12371.48,1
2025-04-08,2025-04-08 14:35:00,1601.26,1601.41,1601.26,1601.41,0.01,7.82,12371.48,1
2025-04-08,2025-04-08 14:36:00,1601.41,1601.56,1601.41,1601.56,0.01,7.82,12371.48,1
2025-04-08,2025-04-08 14:37:00,1601.56,1601.7,1601.56,1601.7,0.01,7.82,12371.48,1
2025-04-08,2025-04-08 14:38:00,1601.7,1601.85,1601.7,1601.85,0.01,7.82,12371.48,1
2025-04-08,2025-04-08 14:39:00,1601.85,1601.99,1601.85,1601.99,0.01,7.82,12371.48,1
2025-04-08,2025-04-08 14:40:00,1601.99,1602.14,1601.99,1602.14,0.01,7.82,12371.48,1
2025-04-08,2025-04-08 14:41:00,1602.14,1602.28,1602.14,1602.28,0.01,7.82,12371.48,1
2025-04-08,2025-04-08 14:42:00,1602.28,1602.43,1602.28,1602.43,0.01,7.82,12371.48,1
2025-04-08,2025-04-08 14:43:00,1602.43,1602.57,1602.43,1602.57,0.01,7.82,12371.48,1
2025-04-08,2025-04-08 14:44:00,1602.57,1602.72,1602.57,1602.72,0.01,7.82,12371.48,1
2025-04-08,2025-04-08 14:45:00,1602.72,1602.86,1602.72,1602.86,0.01,7.82,12371.48,1
2025-04-08,2025-04-08 14:46:00,1602.86,1603.01,1602.86,1603.01,0.01,7.82,12371.48,1
2025-04-08,2025-04-08 14:47:00,1603.01,1603.16,1603.01,1603.16,0.01,7.82,12371.48,1
2025-04-08,2025-04-08 14:48:00,1603.16,1603.3,1603.16,1603.3,0.01,7.82,12371.48,1
2025-04-08,2025-04-08 14:49:00,1603.3,1603.45,1603.3,1603.45,0.01,7.82,12371.48,1
2025-04-08,2025-04-08 14:50:00,1603.45,1603.59,1603.45,1603.59,0.01,7.82,12371.48,1
2025-04-08,2025-04-08 14:51:00,1603.59,1603.74,1603.59,1603.74,0.01,7.82,12371.48,1
2025-04-08,2025-04-08 14:52:00,1603.74,1603.88,1603.74,1603.88,0.01,7.82,12371.48,1
2025-04-08,2025-04-08 14:53:00,1603.88,1604.03,1603.88,1604.03,0.01,7.82,12371.48,1
2025-04-08,2025-04-08 14:54:00,1604.03,1604.17,1604.03,1604.17,0.01,7.82,12371.48,1
2025-04-08,2025-04-08 14:55:00,1604.17,1604.32,1604.17,1604.32,0.01,7.82,12371.48,1
2025-04-08,2025-04-08 14:56:00,1604.32,1604.46,1604.32,1604.46,0.01,7.82,12371.48,1
2025-04-08,2025-04-08 14:57:00,1604.46,1604.61,1604.46,1604.61,0.01,7.82,12371.48,1
2025-04-08,2025-04-08 14:58:00,1604.61,1604.75,1604.61,1604.75,0.01,7.82,12371.48,1
2025-04-08,2025-04-08 14:59:00,1604.75,1604.9,1604.75,1604.9,0.01,7.82,12371.48,1
2025-04-08,2025-04-08 15:00:00,1604.9,1605.4,1567.9,1604.9,0.0,7.82,12371.48,0
2025-04-09,2025-04-09 11:00:00,1575.5,1587.65,1575.5,1575.56,0.0,8.46,13510.48,1
2025-04-09,2025-04-09 11:01:00,1575.56,1575.62,1575.56,1575.62,0.0,8.46,13510.48,1
2025-04-09,2025-04-09 11:02:00,1575.62,1575.69,1575.62,1575.69,0.0,8.46,13510.48,1
2025-04-09,2025-04-09 11:03:00,1575.69,1575.75,1575.69,1575.75,0.0,8.46,13510.48,1
2025-04-09,2025-04-09 11:04:00,1575.75,1575.81,1575.75,1575.81,0.0,8.46,13510.48,1
2025-04-09,2025-04-09 11:05:00,1575.81,1575.87,1575.81,1575.87,0.0,8.46,13510.48,1
2025-04-09,2025-04-09 11:06:00,1575.87,1575.94,1575.87,1575.94,0.0,8.46,13510.48,1
2025-04-09,2025-04-09 11:07:00,1575.94,1576.0,1575.94,1576.0,0.0,8.46,13510.48,1
2025-04-09,2025-04-09 11:08:00,1576.0,1576.06,1576.0,1576.06,0.0,8.46,13510.48,1
2025-04-09,2025-04-09 11:09:00,1576.06,1576.12,1576.06,1576.12,0.0,8.46,13510.48,1
2025-04-09,2025-04-09 11:10:00,1576.12,1576.19,1576.12,1576.19,0.0,8.46,13510.48,1
2025-04-09,2025-04-09 11:11:00,1576.19,1576.25,1576.19,1576.25,0.0,8.46,13510.48,1
2025-04-09,2025-04-09 11:12:00,1576.25,1576.31,1576.25,1576.31,0.0,8.46,13510.48,1
2025-04-09,2025-04-09 11:13:00,1576.31,1576.37,1576.31,1576.37,0.0,8.46,13510.48,1
2025-04-09,2025-04-09 11:14:00,1576.37,1576.44,1576.37,1576.44,0.0,8.46,13510.48,1
2025-04-09,2025-04-09 11:15:00,1576.44,1576.5,1576.44,1576.5,0.0,8.46,13510.48,1
2025-04-09,2025-04-09 11:16:00,1576.5,1576.56,1576.5,1576.56,0.0,8.46,13510.48,1
2025-04-09,2025-04-09 11:17:00,1576.56,1576.62,1576.56,1576.62,0.0,8.46,13510.48,1
2025-04-09,2025-04-09 11:18:00,1576.62,1576.69,1576.62,1576.69,0.0,8.46,13510.48,1
2025-04-09,2025-04-09 11:19:00,1576.69,1576.75,1576.69,1576.75,0.0,8.46,13510.48,1
2025-04-09,2025-04-09 11:20:00,1576.75,1576.81,1576.75,1576.81,0.0,8.46,13510.48,1
2025-04-09,2025-04-09 11:21:00,1576.81,1576.87,1576.81,1576.87,0.0,8.46,13510.48,1
2025-04-09,2025-04-09 11:22:00,1576.87,1576.93,1576.87,1576.93,0.0,8.46,13510.48,1
2025-04-09,2025-04-09 11:23:00,1576.93,1577.0,1576.93,1577.0,0.0,8.46,13510.48,1
2025-04-09,2025-04-09 11:24:00,1577.0,1577.06,1577.0,1577.06,0.0,8.46,13510.48,1
2025-04-09,2025-04-09 11:25:00,1577.06,1577.12,1577.06,1577.12,0.0,8.46,13510.48,1
2025-04-09,2025-04-09 11:26:00,1577.12,1577.18,1577.12,1577.18,0.0,8.46,13510.48,1
2025-04-09,2025-04-09 11:27:00,1577.18,1577.25,1577.18,1577.25,0.0,8.46,13510.48,1
2025-04-09,2025-04-09 11:28:00,1577.25,1577.31,1577.25,1577.31,0.0,8.46,13510.48,1
2025-04-09,2025-04-09 11:29:00,1577.31,1577.37,1577.31,1577.37,0.0,8.46,13510.48,1
2025-04-09,2025-04-09 11:30:00,1577.37,1577.43,1577.37,1577.43,0.0,8.46,13510.48,1
2025-04-09,2025-04-09 11:31:00,1577.43,1577.5,1577.43,1577.5,0.0,8.46,13510.48,1
2025-04-09,2025-04-09 11:32:00,1577.5,1577.56,1577.5,1577.56,0.0,8.46,13510.48,1
2025-04-09,2025-04-09 11:33:00,1577.56,1577.62,1577.56,1577.62,0.0,8.46,13510.48,1
2025-04-09,2025-04-09 11:34:00,1577.62,1577.68,1577.62,1577.68,0.0,8.46,13510.48,1
2025-04-09,2025-04-09 11:35:00,1577.68,1577.75,1577.68,1577.75,0.0,8.46,13510.48,1
2025-04-09,2025-04-09 11:36:00,1577.75,1577.81,1577.75,1577.81,0.0,8.46,13510.48,1
2025-04-09,2025-04-09 11:37:00,1577.81,1577.87,1577.81,1577.87,0.0,8.46,13510.48,1
2025-04-09,2025-04-09 11:38:00,1577.87,1577.93,1577.87,1577.93,0.0,8.46,13510.48,1
2025-04-09,2025-04-09 11:39:00,1577.93,1577.99,1577.93,1577.99,0.0,8.46,13510.48,1
2025-04-09,2025-04-09 11:40:00,1577.99,1578.06,1577.99,1578.06,0.0,8.46,13510.48,1
2025-04-09,2025-04-09 11:41:00,1578.06,1578.12,1578.06,1578.12,0.0,8.46,13510.48,1
2025-04-09,2025-04-09 11:42:00,1578.12,1578.18,1578.12,1578.18,0.0,8.46,13510.48,1
2025-04-09,2025-04-09 11:43:00,1578.18,1578.24,1578.18,1578.24,0.0,8.46,13510.48,1
2025-04-09,2025-04-09 11:44:00,1578.24,1578.31,1578.24,1578.31,0.0,8.46,13510.48,1
2025-04-09,2025-04-09 11:45:00,1578.31,1578.37,1578.31,1578.37,0.0,8.46,13510.48,1
2025-04-09,2025-04-09 11:46:00,1578.37,1578.43,1578.37,1578.43,0.0,8.46,13510.48,1
2025-04-09,2025-04-09 11:47:00,1578.43,1578.49,1578.43,1578.49,0.0,8.46,13510.48,1
2025-04-09,2025-04-09 11:48:00,1578.49,1578.56,1578.49,1578.56,0.0,8.46,13510.48,1
2025-04-09,2025-04-09 11:49:00,1578.56,1578.62,1578.56,1578.62,0.0,8.46,13510.48,1
2025-04-09,2025-04-09 11:50:00,1578.62,1578.68,1578.62,1578.68,0.0,8.46,13510.48,1
2025-04-09,2025-04-09 11:51:00,1578.68,1578.74,1578.68,1578.74,0.0,8.46,13510.48,1
2025-04-09,2025-04-09 11:52:00,1578.74,1578.81,1578.74,1578.81,0.0,8.46,13510.48,1
2025-04-09,2025-04-09 11:53:00,1578.81,1578.87,1578.81,1578.87,0.0,8.46,13510.48,1
2025-04-09,2025-04-09 11:54:00,1578.87,1578.93,1578.87,1578.93,0.0,8.46,13510.48,1
2025-04-09,2025-04-09 11:55:00,1578.93,1578.99,1578.93,1578.99,0.0,8.46,13510.48,1
2025-04-09,2025-04-09 11:56:00,1578.99,1579.06,1578.99,1579.06,0.0,8.46,13510.48,1
2025-04-09,2025-04-09 11:57:00,1579.06,1579.12,1579.06,1579.12,0.0,8.46,13510.48,1
2025-04-09,2025-04-09 11:58:00,1579.12,1579.18,1579.12,1579.18,0.0,8.46,13510.48,1
2025-04-09,2025-04-09 11:59:00,1579.18,1579.24,1579.18,1579.24,0.0,8.46,13510.48,1
2025-04-09,2025-04-09 12:00:00,1579.24,1579.3,1579.24,1579.3,0.0,8.46,13510.48,1
2025-04-09,2025-04-09 12:01:00,1579.3,1579.37,1579.3,1579.37,0.0,8.46,13510.48,1
2025-04-09,2025-04-09 12:02:00,1579.37,1579.43,1579.37,1579.43,0.0,8.46,13510.48,1
2025-04-09,2025-04-09 12:03:00,1579.43,1579.49,1579.43,1579.49,0.0,8.46,13510.48,1
2025-04-09,2025-04-09 12:04:00,1579.49,1579.55,1579.49,1579.55,0.0,8.46,13510.48,1
2025-04-09,2025-04-09 12:05:00,1579.55,1579.62,1579.55,1579.62,0.0,8.46,13510.48,1
2025-04-09,2025-04-09 12:06:00,1579.62,1579.68,1579.62,1579.68,0.0,8.46,13510.48,1
2025-04-09,2025-04-09 12:07:00,1579.68,1579.74,1579.68,1579.74,0.0,8.46,13510.48,1
2025-04-09,2025-04-09 12:08:00,1579.74,1579.8,1579.74,1579.8,0.0,8.46,13510.48,1
2025-04-09,2025-04-09 12:09:00,1579.8,1579.87,1579.8,1579.87,0.0,8.46,13510.48,1
2025-04-09,2025-04-09 12:10:00,1579.87,1579.93,1579.87,1579.93,0.0,8.46,13510.48,1
2025-04-09,2025-04-09 12:11:00,1579.93,1579.99,1579.93,1579.99,0.0,8.46,13510.48,1
2025-04-09,2025-04-09 12:12:00,1579.99,1580.05,1579.99,1580.05,0.0,8.46,13510.48,1
2025-04-09,2025-04-09 12:13:00,1580.05,1580.12,1580.05,1580.12,0.0,8.46,13510.48,1
2025-04-09,2025-04-09 12:14:00,1580.12,1580.18,1580.12,1580.18,0.0,8.46,13510.48,1
2025-04-09,2025-04-09 12:15:00,1580.18,1580.24,1580.18,1580.24,0.0,8.46,13510.48,1
2025-04-09,2025-04-09 12:16:00,1580.24,1580.3,1580.24,1580.3,0.0,8.46,13510.48,1
2025-04-09,2025-04-09 12:17:00,1580.3,1580.37,1580.3,1580.37,0.0,8.46,13510.48,1
2025-04-09,2025-04-09 12:18:00,1580.37,1580.43,1580.37,1580.43,0.0,8.46,13510.48,1
2025-04-09,2025-04-09 12:19:00,1580.43,1580.49,1580.43,1580.49,0.0,8.46,13510.48,1
2025-04-09,2025-04-09 12:20:00,1580.49,1580.55,1580.49,1580.55,0.0,8.46,13510.48,1
2025-04-09,2025-04-09 12:21:00,1580.55,1580.61,1580.55,1580.61,0.0,8.46,13510.48,1
2025-04-09,2025-04-09 12:22:00,1580.61,1580.68,1580.61,1580.68,0.0,8.46,13510.48,1
2025-04-09,2025-04-09 12:23:00,1580.68,1580.74,1580.68,1580.74,0.0,8.46,13510.48,1
2025-04-09,2025-04-09 12:24:00,1580.74,1580.8,1580.74,1580.8,0.0,8.46,13510.48,1
2025-04-09,2025-04-09 12:25:00,1580.8,1580.86,1580.8,1580.86,0.0,8.46,13510.48,1
2025-04-09,2025-04-09 12:26:00,1580.86,1580.93,1580.86,1580.93,0.0,8.46,13510.48,1
2025-04-09,2025-04-09 12:27:00,1580.93,1580.99,1580.93,1580.99,0.0,8.46,13510.48,1
2025-04-09,2025-04-09 12:28:00,1580.99,1581.05,1580.99,1581.05,0.0,8.46,13510.48,1
2025-04-09,2025-04-09 12:29:00,1581.05,1581.11,1581.05,1581.11,0.0,8.46,13510.48,1
2025-04-09,2025-04-09 12:30:00,1581.11,1581.18,1581.11,1581.18,0.0,8.46,13510.48,1
2025-04-09,2025-04-09 12:31:00,1581.18,1581.24,1581.18,1581.24,0.0,8.46,13510.48,1
2025-04-09,2025-04-09 12:32:00,1581.24,1581.3,1581.24,1581.3,0.0,8.46,13510.48,1
2025-04-09,2025-04-09 12:33:00,1581.3,1581.36,1581.3,1581.36,0.0,8.46,13510.48,1
2025-04-09,2025-04-09 12:34:00,1581.36,1581.43,1581.36,1581.43,0.0,8.46,13510.48,1
2025-04-09,2025-04-09 12:35:00,1581.43,1581.49,1581.43,1581.49,0.0,8.46,13510.48,1
2025-04-09,2025-04-09 12:36:00,1581.49,1581.55,1581.49,1581.55,0.0,8.46,13510.48,1
2025-04-09,2025-04-09 12:37:00,1581.55,1581.61,1581.55,1581.61,0.0,8.46,13510.48,1
2025-04-09,2025-04-09 12:38:00,1581.61,1581.68,1581.61,1581.68,0.0,8.46,13510.48,1
2025-04-09,2025-04-09 12:39:00,1581.68,1581.74,1581.68,1581.74,0.0,8.46,13510.48,1
2025-04-09,2025-04-09 12:40:00,1581.74,1581.8,1581.74,1581.8,0.0,8.46,13510.48,1
2025-04-09,2025-04-09 12:41:00,1581.8,1581.86,1581.8,1581.86,0.0,8.46,13510.48,1
2025-04-09,2025-04-09 12:42:00,1581.86,1581.92,1581.86,1581.92,0.0,8.46,13510.48,1
2025-04-09,2025-04-09 12:43:00,1581.92,1581.99,1581.92,1581.99,0.0,8.46,13510.48,1
2025-04-09,2025-04-09 12:44:00,1581.99,1582.05,1581.99,1582.05,0.0,8.46,13510.48,1
2025-04-09,2025-04-09 12:45:00,1582.05,1582.11,1582.05,1582.11,0.0,8.46,13510.48,1
2025-04-09,2025-04-09 12:46:00,1582.11,1582.17,1582.11,1582.17,0.0,8.46,13510.48,1
2025-04-09,2025-04-09 12:47:00,1582.17,1582.24,1582.17,1582.24,0.0,8.46,13510.48,1
2025-04-09,2025-04-09 12:48:00,1582.24,1582.3,1582.24,1582.3,0.0,8.46,13510.48,1
2025-04-09,2025-04-09 12:49:00,1582.3,1582.36,1582.3,1582.36,0.0,8.46,13510.48,1
2025-04-09,2025-04-09 12:50:00,1582.36,1582.42,1582.36,1582.42,0.0,8.46,13510.48,1
2025-04-09,2025-04-09 12:51:00,1582.42,1582.49,1582.42,1582.49,0.0,8.46,13510.48,1
2025-04-09,2025-04-09 12:52:00,1582.49,1582.55,1582.49,1582.55,0.0,8.46,13510.48,1
2025-04-09,2025-04-09 12:53:00,1582.55,1582.61,1582.55,1582.61,0.0,8.46,13510.48,1
2025-04-09,2025-04-09 12:54:00,1582.61,1582.67,1582.61,1582.67,0.0,8.46,13510.48,1
2025-04-09,2025-04-09 12:55:00,1582.67,1582.74,1582.67,1582.74,0.0,8.46,13510.48,1
2025-04-09,2025-04-09 12:56:00,1582.74,1582.8,1582.74,1582.8,0.0,8.46,13510.48,1
2025-04-09,2025-04-09 12:57:00,1582.8,1582.86,1582.8,1582.86,0.0,8.46,13510.48,1
2025-04-09,2025-04-09 12:58:00,1582.86,1582.92,1582.86,1582.92,0.0,8.46,13510.48,1
2025-04-09,2025-04-09 12:59:00,1582.92,1582.99,1582.92,1582.99,0.0,8.46,13510.48,1
2025-04-09,2025-04-09 13:00:00,1582.99,1616.0,1575.5,1583.05,0.0,8.46,13510.48,1
2025-04-09,2025-04-09 13:01:00,1583.05,1583.11,1583.05,1583.11,0.0,8.46,13510.48,1
2025-04-09,2025-04-09 13:02:00,1583.11,1583.17,1583.11,1583.17,0.0,8.46,13510.48,1
2025-04-09,2025-04-09 13:03:00,1583.17,1583.23,1583.17,1583.23,0.0,8.46,13510.48,1
2025-04-09,2025-04-09 13:04:00,1583.23,1583.3,1583.23,1583.3,0.0,8.46,13510.48,1
2025-04-09,2025-04-09 13:05:00,1583.3,1583.36,1583.3,1583.36,0.0,8.46,13510.48,1
2025-04-09,2025-04-09 13:06:00,1583.36,1583.42,1583.36,1583.42,0.0,8.46,13510.48,1
2025-04-09,2025-04-09 13:07:00,1583.42,1583.48,1583.42,1583.48,0.0,8.46,13510.48,1
2025-04-09,2025-04-09 13:08:00,1583.48,1583.55,1583.48,1583.55,0.0,8.46,13510.48,1
2025-04-09,2025-04-09 13:09:00,1583.55,1583.61,1583.55,1583.61,0.0,8.46,13510.48,1
2025-04-09,2025-04-09 13:10:00,1583.61,1583.67,1583.61,1583.67,0.0,8.46,13510.48,1
2025-04-09,2025-04-09 13:11:00,1583.67,1583.73,1583.67,1583.73,0.0,8.46,13510.48,1
2025-04-09,2025-04-09 13:12:00,1583.73,1583.8,1583.73,1583.8,0.0,8.46,13510.48,1
2025-04-09,2025-04-09 13:13:00,1583.8,1583.86,1583.8,1583.86,0.0,8.46,13510.48,1
2025-04-09,2025-04-09 13:14:00,1583.86,1583.92,1583.86,1583.92,0.0,8.46,13510.48,1
2025-04-09,2025-04-09 13:15:00,1583.92,1583.98,1583.92,1583.98,0.0,8.46,13510.48,1
2025-04-09,2025-04-09 13:16:00,1583.98,1584.05,1583.98,1584.05,0.0,8.46,13510.48,1
2025-04-09,2025-04-09 13:17:00,1584.05,1584.11,1584.05,1584.11,0.0,8.46,13510.48,1
2025-04-09,2025-04-09 13:18:00,1584.11,1584.17,1584.11,1584.17,0.0,8.46,13510.48,1
2025-04-09,2025-04-09 13:19:00,1584.17,1584.23,1584.17,1584.23,0.0,8.46,13510.48,1
2025-04-09,2025-04-09 13:20:00,1584.23,1584.29,1584.23,1584.29,0.0,8.46,13510.48,1
2025-04-09,2025-04-09 13:21:00,1584.29,1584.36,1584.29,1584.36,0.0,8.46,13510.48,1
2025-04-09,2025-04-09 13:22:00,1584.36,1584.42,1584.36,1584.42,0.0,8.46,13510.48,1
2025-04-09,2025-04-09 13:23:00,1584.42,1584.48,1584.42,1584.48,0.0,8.46,13510.48,1
2025-04-09,2025-04-09 13:24:00,1584.48,1584.54,1584.48,1584.54,0.0,8.46,13510.48,1
2025-04-09,2025-04-09 13:25:00,1584.54,1584.61,1584.54,1584.61,0.0,8.46,13510.48,1
2025-04-09,2025-04-09 13:26:00,1584.61,1584.67,1584.61,1584.67,0.0,8.46,13510.48,1
2025-04-09,2025-04-09 13:27:00,1584.67,1584.73,1584.67,1584.73,0.0,8.46,13510.48,1
2025-04-09,2025-04-09 13:28:00,1584.73,1584.79,1584.73,1584.79,0.0,8.46,13510.48,1
2025-04-09,2025-04-09 13:29:00,1584.79,1584.86,1584.79,1584.86,0.0,8.46,13510.48,1
2025-04-09,2025-04-09 13:30:00,1584.86,1584.92,1584.86,1584.92,0.0,8.46,13510.48,1
2025-04-09,2025-04-09 13:31:00,1584.92,1584.98,1584.92,1584.98,0.0,8.46,13510.48,1
2025-04-09,2025-04-09 13:32:00,1584.98,1585.04,1584.98,1585.04,0.0,8.46,13510.48,1
2025-04-09,2025-04-09 13:33:00,1585.04,1585.11,1585.04,1585.11,0.0,8.46,13510.48,1
2025-04-09,2025-04-09 13:34:00,1585.11,1585.17,1585.11,1585.17,0.0,8.46,13510.48,1
2025-04-09,2025-04-09 13:35:00,1585.17,1585.23,1585.17,1585.23,0.0,8.46,13510.48,1
2025-04-09,2025-04-09 13:36:00,1585.23,1585.29,1585.23,1585.29,0.0,8.46,13510.48,1
2025-04-09,2025-04-09 13:37:00,1585.29,1585.36,1585.29,1585.36,0.0,8.46,13510.48,1
2025-04-09,2025-04-09 13:38:00,1585.36,1585.42,1585.36,1585.42,0.0,8.46,13510.48,1
2025-04-09,2025-04-09 13:39:00,1585.42,1585.48,1585.42,1585.48,0.0,8.46,13510.48,1
2025-04-09,2025-04-09 13:40:00,1585.48,1585.54,1585.48,1585.54,0.0,8.46,13510.48,1
2025-04-09,2025-04-09 13:41:00,1585.54,1585.6,1585.54,1585.6,0.0,8.46,13510.48,1
2025-04-09,2025-04-09 13:42:00,1585.6,1585.67,1585.6,1585.67,0.0,8.46,13510.48,1
2025-04-09,2025-04-09 13:43:00,1585.67,1585.73,1585.67,1585.73,0.0,8.46,13510.48,1
2025-04-09,2025-04-09 13:44:00,1585.73,1585.79,1585.73,1585.79,0.0,8.46,13510.48,1
2025-04-09,2025-04-09 13:45:00,1585.79,1585.85,1585.79,1585.85,0.0,8.46,13510.48,1
2025-04-09,2025-04-09 13:46:00,1585.85,1585.92,1585.85,1585.92,0.0,8.46,13510.48,1
2025-04-09,2025-04-09 13:47:00,1585.92,1585.98,1585.92,1585.98,0.0,8.46,13510.48,1
2025-04-09,2025-04-09 13:48:00,1585.98,1586.04,1585.98,1586.04,0.0,8.46,13510.48,1
2025-04-09,2025-04-09 13:49:00,1586.04,1586.1,1586.04,1586.1,0.0,8.46,13510.48,1
2025-04-09,2025-04-09 13:50:00,1586.1,1586.17,1586.1,1586.17,0.0,8.46,13510.48,1
2025-04-09,2025-04-09 13:51:00,1586.17,1586.23,1586.17,1586.23,0.0,8.46,13510.48,1
2025-04-09,2025-04-09 13:52:00,1586.23,1586.29,1586.23,1586.29,0.0,8.46,13510.48,1
2025-04-09,2025-04-09 13:53:00,1586.29,1586.35,1586.29,1586.35,0.0,8.46,13510.48,1
2025-04-09,2025-04-09 13:54:00,1586.35,1586.42,1586.35,1586.42,0.0,8.46,13510.48,1
2025-04-09,2025-04-09 13:55:00,1586.42,1586.48,1586.42,1586.48,0.0,8.46,13510.48,1
2025-04-09,2025-04-09 13:56:00,1586.48,1586.54,1586.48,1586.54,0.0,8.46,13510.48,1
2025-04-09,2025-04-09 13:57:00,1586.54,1586.6,1586.54,1586.6,0.0,8.46,13510.48,1
2025-04-09,2025-04-09 13:58:00,1586.6,1586.67,1586.6,1586.67,0.0,8.46,13510.48,1
2025-04-09,2025-04-09 13:59:00,1586.67,1586.73,1586.67,1586.73,0.0,8.46,13510.48,1
2025-04-09,2025-04-09 14:00:00,1586.73,1586.79,1586.73,1586.79,0.0,8.46,13510.48,1
2025-04-09,2025-04-09 14:01:00,1586.79,1586.85,1586.79,1586.85,0.0,8.46,13510.48,1
2025-04-09,2025-04-09 14:02:00,1586.85,1586.91,1586.85,1586.91,0.0,8.46,13510.48,1
2025-04-09,2025-04-09 14:03:00,1586.91,1586.98,1586.91,1586.98,0.0,8.46,13510.48,1
2025-04-09,2025-04-09 14:04:00,1586.98,1587.04,1586.98,1587.04,0.0,8.46,13510.48,1
2025-04-09,2025-04-09 14:05:00,1587.04,1587.1,1587.04,1587.1,0.0,8.46,13510.48,1
2025-04-09,2025-04-09 14:06:00,1587.1,1587.16,1587.1,1587.16,0.0,8.46,13510.48,1
2025-04-09,2025-04-09 14:07:00,1587.16,1587.23,1587.16,1587.23,0.0,8.46,13510.48,1
2025-04-09,2025-04-09 14:08:00,1587.23,1587.29,1587.23,1587.29,0.0,8.46,13510.48,1
2025-04-09,2025-04-09 14:09:00,1587.29,1587.35,1587.29,1587.35,0.0,8.46,13510.48,1
2025-04-09,2025-04-09 14:10:00,1587.35,1587.41,1587.35,1587.41,0.0,8.46,13510.48,1
2025-04-09,2025-04-09 14:11:00,1587.41,1587.48,1587.41,1587.48,0.0,8.46,13510.48,1
2025-04-09,2025-04-09 14:12:00,1587.48,1587.54,1587.48,1587.54,0.0,8.46,13510.48,1
2025-04-09,2025-04-09 14:13:00,1587.54,1587.6,1587.54,1587.6,0.0,8.46,13510.48,1
2025-04-09,2025-04-09 14:14:00,1587.6,1587.66,1587.6,1587.66,0.0,8.46,13510.48,1
2025-04-09,2025-04-09 14:15:00,1587.66,1587.73,1587.66,1587.73,0.0,8.46,13510.48,1
2025-04-09,2025-04-09 14:16:00,1587.73,1587.79,1587.73,1587.79,0.0,8.46,13510.48,1
2025-04-09,2025-04-09 14:17:00,1587.79,1587.85,1587.79,1587.85,0.0,8.46,13510.48,1
2025-04-09,2025-04-09 14:18:00,1587.85,1587.91,1587.85,1587.91,0.0,8.46,13510.48,1
2025-04-09,2025-04-09 14:19:00,1587.91,1587.97,1587.91,1587.97,0.0,8.46,13510.48,1
2025-04-09,2025-04-09 14:20:00,1587.97,1588.04,1587.97,1588.04,0.0,8.46,13510.48,1
2025-04-09,2025-04-09 14:21:00,1588.04,1588.1,1588.04,1588.1,0.0,8.46,13510.48,1
2025-04-09,2025-04-09 14:22:00,1588.1,1588.16,1588.1,1588.16,0.0,8.46,13510.48,1
2025-04-09,2025-04-09 14:23:00,1588.16,1588.22,1588.16,1588.22,0.0,8.46,13510.48,1
2025-04-09,2025-04-09 14:24:00,1588.22,1588.29,1588.22,1588.29,0.0,8.46,13510.48,1
2025-04-09,2025-04-09 14:25:00,1588.29,1588.35,1588.29,1588.35,0.0,8.46,13510.48,1
2025-04-09,2025-04-09 14:26:00,1588.35,1588.41,1588.35,1588.41,0.0,8.46,13510.48,1
2025-04-09,2025-04-09 14:27:00,1588.41,1588.47,1588.41,1588.47,0.0,8.46,13510.48,1
2025-04-09,2025-04-09 14:28:00,1588.47,1588.54,1588.47,1588.54,0.0,8.46,13510.48,1
2025-04-09,2025-04-09 14:29:00,1588.54,1588.6,1588.54,1588.6,0.0,8.46,13510.48,1
2025-04-09,2025-04-09 14:30:00,1588.6,1588.66,1588.6,1588.66,0.0,8.46,13510.48,1
2025-04-09,2025-04-09 14:31:00,1588.66,1588.72,1588.66,1588.72,0.0,8.46,13510.48,1
2025-04-09,2025-04-09 14:32:00,1588.72,1588.79,1588.72,1588.79,0.0,8.46,13510.48,1
2025-04-09,2025-04-09 14:33:00,1588.79,1588.85,1588.79,1588.85,0.0,8.46,13510.48,1
2025-04-09,2025-04-09 14:34:00,1588.85,1588.91,1588.85,1588.91,0.0,8.46,13510.48,1
2025-04-09,2025-04-09 14:35:00,1588.91,1588.97,1588.91,1588.97,0.0,8.46,13510.48,1
2025-04-09,2025-04-09 14:36:00,1588.97,1589.04,1588.97,1589.04,0.0,8.46,13510.48,1
2025-04-09,2025-04-09 14:37:00,1589.04,1589.1,1589.04,1589.1,0.0,8.46,13510.48,1
2025-04-09,2025-04-09 14:38:00,1589.1,1589.16,1589.1,1589.16,0.0,8.46,13510.48,1
2025-04-09,2025-04-09 14:39:00,1589.16,1589.22,1589.16,1589.22,0.0,8.46,13510.48,1
2025-04-09,2025-04-09 14:40:00,1589.22,1589.28,1589.22,1589.28,0.0,8.46,13510.48,1
2025-04-09,2025-04-09 14:41:00,1589.28,1589.35,1589.28,1589.35,0.0,8.46,13510.48,1
2025-04-09,2025-04-09 14:42:00,1589.35,1589.41,1589.35,1589.41,0.0,8.46,13510.48,1
2025-04-09,2025-04-09 14:43:00,1589.41,1589.47,1589.41,1589.47,0.0,8.46,13510.48,1
2025-04-09,2025-04-09 14:44:00,1589.47,1589.53,1589.47,1589.53,0.0,8.46,13510.48,1
2025-04-09,2025-04-09 14:45:00,1589.53,1589.6,1589.53,1589.6,0.0,8.46,13510.48,1
2025-04-09,2025-04-09 14:46:00,1589.6,1589.66,1589.6,1589.66,0.0,8.46,13510.48,1
2025-04-09,2025-04-09 14:47:00,1589.66,1589.72,1589.66,1589.72,0.0,8.46,13510.48,1
2025-04-09,2025-04-09 14:48:00,1589.72,1589.78,1589.72,1589.78,0.0,8.46,13510.48,1
2025-04-09,2025-04-09 14:49:00,1589.78,1589.85,1589.78,1589.85,0.0,8.46,13510.48,1
2025-04-09,2025-04-09 14:50:00,1589.85,1589.91,1589.85,1589.91,0.0,8.46,13510.48,1
2025-04-09,2025-04-09 14:51:00,1589.91,1589.97,1589.91,1589.97,0.0,8.46,13510.48,1
2025-04-09,2025-04-09 14:52:00,1589.97,1590.03,1589.97,1590.03,0.0,8.46,13510.48,1
2025-04-09,2025-04-09 14:53:00,1590.03,1590.1,1590.03,1590.1,0.0,8.46,13510.48,1
2025-04-09,2025-04-09 14:54:00,1590.1,1590.16,1590.1,1590.16,0.0,8.46,13510.48,1
2025-04-09,2025-04-09 14:55:00,1590.16,1590.22,1590.16,1590.22,0.0,8.46,13510.48,1
2025-04-09,2025-04-09 14:56:00,1590.22,1590.28,1590.22,1590.28,0.0,8.46,13510.48,1
2025-04-09,2025-04-09 14:57:00,1590.28,1590.35,1590.28,1590.35,0.0,8.46,13510.48,1
2025-04-09,2025-04-09 14:58:00,1590.35,1590.41,1590.35,1590.41,0.0,8.46,13510.48,1
2025-04-09,2025-04-09 14:59:00,1590.41,1590.47,1590.41,1590.47,0.0,8.46,13510.48,1
2025-04-09,2025-04-09 15:00:00,1590.47,1616.0,1575.5,1590.47,0.0,8.46,13510.48,0
2025-04-10,2025-04-10 11:00:00,1572.0,1581.9,1571.43,1572.11,0.01,9.01,14334.68,1
2025-04-10,2025-04-10 11:01:00,1572.11,1572.21,1572.11,1572.21,0.01,9.01,14334.68,1
2025-04-10,2025-04-10 11:02:00,1572.21,1572.32,1572.21,1572.32,0.01,9.01,14334.68,1
2025-04-10,2025-04-10 11:03:00,1572.32,1572.43,1572.32,1572.43,0.01,9.01,14334.68,1
2025-04-10,2025-04-10 11:04:00,1572.43,1572.53,1572.43,1572.53,0.01,9.01,14334.68,1
2025-04-10,2025-04-10 11:05:00,1572.53,1572.64,1572.53,1572.64,0.01,9.01,14334.68,1
2025-04-10,2025-04-10 11:06:00,1572.64,1572.75,1572.64,1572.75,0.01,9.01,14334.68,1
2025-04-10,2025-04-10 11:07:00,1572.75,1572.85,1572.75,1572.85,0.01,9.01,14334.68,1
2025-04-10,2025-04-10 11:08:00,1572.85,1572.96,1572.85,1572.96,0.01,9.01,14334.68,1
2025-04-10,2025-04-10 11:09:00,1572.96,1573.06,1572.96,1573.06,0.01,9.01,14334.68,1
2025-04-10,2025-04-10 11:10:00,1573.06,1573.17,1573.06,1573.17,0.01,9.01,14334.68,1
2025-04-10,2025-04-10 11:11:00,1573.17,1573.28,1573.17,1573.28,0.01,9.01,14334.68,1
2025-04-10,2025-04-10 11:12:00,1573.28,1573.38,1573.28,1573.38,0.01,9.01,14334.68,1
2025-04-10,2025-04-10 11:13:00,1573.38,1573.49,1573.38,1573.49,0.01,9.01,14334.68,1
2025-04-10,2025-04-10 11:14:00,1573.49,1573.6,1573.49,1573.6,0.01,9.01,14334.68,1
2025-04-10,2025-04-10 11:15:00,1573.6,1573.7,1573.6,1573.7,0.01,9.01,14334.68,1
2025-04-10,2025-04-10 11:16:00,1573.7,1573.81,1573.7,1573.81,0.01,9.01,14334.68,1
2025-04-10,2025-04-10 11:17:00,1573.81,1573.92,1573.81,1573.92,0.01,9.01,14334.68,1
2025-04-10,2025-04-10 11:18:00,1573.92,1574.02,1573.92,1574.02,0.01,9.01,14334.68,1
2025-04-10,2025-04-10 11:19:00,1574.02,1574.13,1574.02,1574.13,0.01,9.01,14334.68,1
2025-04-10,2025-04-10 11:20:00,1574.13,1574.24,1574.13,1574.24,0.01,9.01,14334.68,1
2025-04-10,2025-04-10 11:21:00,1574.24,1574.34,1574.24,1574.34,0.01,9.01,14334.68,1
2025-04-10,2025-04-10 11:22:00,1574.34,1574.45,1574.34,1574.45,0.01,9.01,14334.68,1
2025-04-10,2025-04-10 11:23:00,1574.45,1574.56,1574.45,1574.56,0.01,9.01,14334.68,1
2025-04-10,2025-04-10 11:24:00,1574.56,1574.66,1574.56,1574.66,0.01,9.01,14334.68,1
2025-04-10,2025-04-10 11:25:00,1574.66,1574.77,1574.66,1574.77,0.01,9.01,14334.68,1
2025-04-10,2025-04-10 11:26:00,1574.77,1574.87,1574.77,1574.87,0.01,9.01,14334.68,1
2025-04-10,2025-04-10 11:27:00,1574.87,1574.98,1574.87,1574.98,0.01,9.01,14334.68,1
2025-04-10,2025-04-10 11:28:00,1574.98,1575.09,1574.98,1575.09,0.01,9.01,14334.68,1
2025-04-10,2025-04-10 11:29:00,1575.09,1575.19,1575.09,1575.19,0.01,9.01,14334.68,1
2025-04-10,2025-04-10 11:30:00,1575.19,1575.3,1575.19,1575.3,0.01,9.01,14334.68,1
2025-04-10,2025-04-10 11:31:00,1575.3,1575.41,1575.3,1575.41,0.01,9.01,14334.68,1
2025-04-10,2025-04-10 11:32:00,1575.41,1575.51,1575.41,1575.51,0.01,9.01,14334.68,1
2025-04-10,2025-04-10 11:33:00,1575.51,1575.62,1575.51,1575.62,0.01,9.01,14334.68,1
2025-04-10,2025-04-10 11:34:00,1575.62,1575.73,1575.62,1575.73,0.01,9.01,14334.68,1
2025-04-10,2025-04-10 11:35:00,1575.73,1575.83,1575.73,1575.83,0.01,9.01,14334.68,1
2025-04-10,2025-04-10 11:36:00,1575.83,1575.94,1575.83,1575.94,0.01,9.01,14334.68,1
2025-04-10,2025-04-10 11:37:00,1575.94,1576.05,1575.94,1576.05,0.01,9.01,14334.68,1
2025-04-10,2025-04-10 11:38:00,1576.05,1576.15,1576.05,1576.15,0.01,9.01,14334.68,1
2025-04-10,2025-04-10 11:39:00,1576.15,1576.26,1576.15,1576.26,0.01,9.01,14334.68,1
2025-04-10,2025-04-10 11:40:00,1576.26,1576.36,1576.26,1576.36,0.01,9.01,14334.68,1
2025-04-10,2025-04-10 11:41:00,1576.36,1576.47,1576.36,1576.47,0.01,9.01,14334.68,1
2025-04-10,2025-04-10 11:42:00,1576.47,1576.58,1576.47,1576.58,0.01,9.01,14334.68,1
2025-04-10,2025-04-10 11:43:00,1576.58,1576.68,1576.58,1576.68,0.01,9.01,14334.68,1
2025-04-10,2025-04-10 11:44:00,1576.68,1576.79,1576.68,1576.79,0.01,9.01,14334.68,1
2025-04-10,2025-04-10 11:45:00,1576.79,1576.9,1576.79,1576.9,0.01,9.01,14334.68,1
2025-04-10,2025-04-10 11:46:00,1576.9,1577.0,1576.9,1577.0,0.01,9.01,14334.68,1
2025-04-10,2025-04-10 11:47:00,1577.0,1577.11,1577.0,1577.11,0.01,9.01,14334.68,1
2025-04-10,2025-04-10 11:48:00,1577.11,1577.22,1577.11,1577.22,0.01,9.01,14334.68,1
2025-04-10,2025-04-10 11:49:00,1577.22,1577.32,1577.22,1577.32,0.01,9.01,14334.68,1
2025-04-10,2025-04-10 11:50:00,1577.32,1577.43,1577.32,1577.43,0.01,9.01,14334.68,1
2025-04-10,2025-04-10 11:51:00,1577.43,1577.54,1577.43,1577.54,0.01,9.01,14334.68,1
2025-04-10,2025-04-10 11:52:00,1577.54,1577.64,1577.54,1577.64,0.01,9.01,14334.68,1
2025-04-10,2025-04-10 11:53:00,1577.64,1577.75,1577.64,1577.75,0.01,9.01,14334.68,1
2025-04-10,2025-04-10 11:54:00,1577.75,1577.86,1577.75,1577.86,0.01,9.01,14334.68,1
2025-04-10,2025-04-10 11:55:00,1577.86,1577.96,1577.86,1577.96,0.01,9.01,14334.68,1
2025-04-10,2025-04-10 11:56:00,1577.96,1578.07,1577.96,1578.07,0.01,9.01,14334.68,1
2025-04-10,2025-04-10 11:57:00,1578.07,1578.17,1578.07,1578.17,0.01,9.01,14334.68,1
2025-04-10,2025-04-10 11:58:00,1578.17,1578.28,1578.17,1578.28,0.01,9.01,14334.68,1
2025-04-10,2025-04-10 11:59:00,1578.28,1578.39,1578.28,1578.39,0.01,9.01,14334.68,1
2025-04-10,2025-04-10 12:00:00,1578.39,1578.49,1578.39,1578.49,0.01,9.01,14334.68,1
2025-04-10,2025-04-10 12:01:00,1578.49,1578.6,1578.49,1578.6,0.01,9.01,14334.68,1
2025-04-10,2025-04-10 12:02:00,1578.6,1578.71,1578.6,1578.71,0.01,9.01,14334.68,1
2025-04-10,2025-04-10 12:03:00,1578.71,1578.81,1578.71,1578.81,0.01,9.01,14334.68,1
2025-04-10,2025-04-10 12:04:00,1578.81,1578.92,1578.81,1578.92,0.01,9.01,14334.68,1
2025-04-10,2025-04-10 12:05:00,1578.92,1579.03,1578.92,1579.03,0.01,9.01,14334.68,1
2025-04-10,2025-04-10 12:06:00,1579.03,1579.13,1579.03,1579.13,0.01,9.01,14334.68,1
2025-04-10,2025-04-10 12:07:00,1579.13,1579.24,1579.13,1579.24,0.01,9.01,14334.68,1
2025-04-10,2025-04-10 12:08:00,1579.24,1579.35,1579.24,1579.35,0.01,9.01,14334.68,1
2025-04-10,2025-04-10 12:09:00,1579.35,1579.45,1579.35,1579.45,0.01,9.01,14334.68,1
2025-04-10,2025-04-10 12:10:00,1579.45,1579.56,1579.45,1579.56,0.01,9.01,14334.68,1
2025-04-10,2025-04-10 12:11:00,1579.56,1579.66,1579.56,1579.66,0.01,9.01,14334.68,1
2025-04-10,2025-04-10 12:12:00,1579.66,1579.77,1579.66,1579.77,0.01,9.01,14334.68,1
2025-04-10,2025-04-10 12:13:00,1579.77,1579.88,1579.77,1579.88,0.01,9.01,14334.68,1
2025-04-10,2025-04-10 12:14:00,1579.88,1579.98,1579.88,1579.98,0.01,9.01,14334.68,1
2025-04-10,2025-04-10 12:15:00,1579.98,1580.09,1579.98,1580.09,0.01,9.01,14334.68,1
2025-04-10,2025-04-10 12:16:00,1580.09,1580.2,1580.09,1580.2,0.01,9.01,14334.68,1
2025-04-10,2025-04-10 12:17:00,1580.2,1580.3,1580.2,1580.3,0.01,9.01,14334.68,1
2025-04-10,2025-04-10 12:18:00,1580.3,1580.41,1580.3,1580.41,0.01,9.01,14334.68,1
2025-04-10,2025-04-10 12:19:00,1580.41,1580.52,1580.41,1580.52,0.01,9.01,14334.68,1
2025-04-10,2025-04-10 12:20:00,1580.52,1580.62,1580.52,1580.62,0.01,9.01,14334.68,1
2025-04-10,2025-04-10 12:21:00,1580.62,1580.73,1580.62,1580.73,0.01,9.01,14334.68,1
2025-04-10,2025-04-10 12:22:00,1580.73,1580.84,1580.73,1580.84,0.01,9.01,14334.68,1
2025-04-10,2025-04-10 12:23:00,1580.84,1580.94,1580.84,1580.94,0.01,9.01,14334.68,1
2025-04-10,2025-04-10 12:24:00,1580.94,1581.05,1580.94,1581.05,0.01,9.01,14334.68,1
2025-04-10,2025-04-10 12:25:00,1581.05,1581.16,1581.05,1581.16,0.01,9.01,14334.68,1
2025-04-10,2025-04-10 12:26:00,1581.16,1581.26,1581.16,1581.26,0.01,9.01,14334.68,1
2025-04-10,2025-04-10 12:27:00,1581.26,1581.37,1581.26,1581.37,0.01,9.01,14334.68,1
2025-04-10,2025-04-10 12:28:00,1581.37,1581.47,1581.37,1581.47,0.01,9.01,14334.68,1
2025-04-10,2025-04-10 12:29:00,1581.47,1581.58,1581.47,1581.58,0.01,9.01,14334.68,1
2025-04-10,2025-04-10 12:30:00,1581.58,1581.69,1581.58,1581.69,0.01,9.01,14334.68,1
2025-04-10,2025-04-10 12:31:00,1581.69,1581.79,1581.69,1581.79,0.01,9.01,14334.68,1
2025-04-10,2025-04-10 12:32:00,1581.79,1581.9,1581.79,1581.9,0.01,9.01,14334.68,1
2025-04-10,2025-04-10 12:33:00,1581.9,1582.01,1581.9,1582.01,0.01,9.01,14334.68,1
2025-04-10,2025-04-10 12:34:00,1582.01,1582.11,1582.01,1582.11,0.01,9.01,14334.68,1
2025-04-10,2025-04-10 12:35:00,1582.11,1582.22,1582.11,1582.22,0.01,9.01,14334.68,1
2025-04-10,2025-04-10 12:36:00,1582.22,1582.33,1582.22,1582.33,0.01,9.01,14334.68,1
2025-04-10,2025-04-10 12:37:00,1582.33,1582.43,1582.33,1582.43,0.01,9.01,14334.68,1
2025-04-10,2025-04-10 12:38:00,1582.43,1582.54,1582.43,1582.54,0.01,9.01,14334.68,1
2025-04-10,2025-04-10 12:39:00,1582.54,1582.65,1582.54,1582.65,0.01,9.01,14334.68,1
2025-04-10,2025-04-10 12:40:00,1582.65,1582.75,1582.65,1582.75,0.01,9.01,14334.68,1
2025-04-10,2025-04-10 12:41:00,1582.75,1582.86,1582.75,1582.86,0.01,9.01,14334.68,1
2025-04-10,2025-04-10 12:42:00,1582.86,1582.97,1582.86,1582.97,0.01,9.01,14334.68,1
2025-04-10,2025-04-10 12:43:00,1582.97,1583.07,1582.97,1583.07,0.01,9.01,14334.68,1
2025-04-10,2025-04-10 12:44:00,1583.07,1583.18,1583.07,1583.18,0.01,9.01,14334.68,1
2025-04-10,2025-04-10 12:45:00,1583.18,1583.28,1583.18,1583.28,0.01,9.01,14334.68,1
2025-04-10,2025-04-10 12:46:00,1583.28,1583.39,1583.28,1583.39,0.01,9.01,14334.68,1
2025-04-10,2025-04-10 12:47:00,1583.39,1583.5,1583.39,1583.5,0.01,9.01,14334.68,1
2025-04-10,2025-04-10 12:48:00,1583.5,1583.6,1583.5,1583.6,0.01,9.01,14334.68,1
2025-04-10,2025-04-10 12:49:00,1583.6,1583.71,1583.6,1583.71,0.01,9.01,14334.68,1
2025-04-10,2025-04-10 12:50:00,1583.71,1583.82,1583.71,1583.82,0.01,9.01,14334.68,1
2025-04-10,2025-04-10 12:51:00,1583.82,1583.92,1583.82,1583.92,0.01,9.01,14334.68,1
2025-04-10,2025-04-10 12:52:00,1583.92,1584.03,1583.92,1584.03,0.01,9.01,14334.68,1
2025-04-10,2025-04-10 12:53:00,1584.03,1584.14,1584.03,1584.14,0.01,9.01,14334.68,1
2025-04-10,2025-04-10 12:54:00,1584.14,1584.24,1584.14,1584.24,0.01,9.01,14334.68,1
2025-04-10,2025-04-10 12:55:00,1584.24,1584.35,1584.24,1584.35,0.01,9.01,14334.68,1
2025-04-10,2025-04-10 12:56:00,1584.35,1584.46,1584.35,1584.46,0.01,9.01,14334.68,1
2025-04-10,2025-04-10 12:57:00,1584.46,1584.56,1584.46,1584.56,0.01,9.01,14334.68,1
2025-04-10,2025-04-10 12:58:00,1584.56,1584.67,1584.56,1584.67,0.01,9.01,14334.68,1
2025-04-10,2025-04-10 12:59:00,1584.67,1584.78,1584.67,1584.78,0.01,9.01,14334.68,1
2025-04-10,2025-04-10 13:00:00,1584.78,1605.0,1570.1,1584.88,0.01,9.01,14334.68,1
2025-04-10,2025-04-10 13:01:00,1584.88,1584.99,1584.88,1584.99,0.01,9.01,14334.68,1
2025-04-10,2025-04-10 13:02:00,1584.99,1585.09,1584.99,1585.09,0.01,9.01,14334.68,1
2025-04-10,2025-04-10 13:03:00,1585.09,1585.2,1585.09,1585.2,0.01,9.01,14334.68,1
2025-04-10,2025-04-10 13:04:00,1585.2,1585.31,1585.2,1585.31,0.01,9.01,14334.68,1
2025-04-10,2025-04-10 13:05:00,1585.31,1585.41,1585.31,1585.41,0.01,9.01,14334.68,1
2025-04-10,2025-04-10 13:06:00,1585.41,1585.52,1585.41,1585.52,0.01,9.01,14334.68,1
2025-04-10,2025-04-10 13:07:00,1585.52,1585.63,1585.52,1585.63,0.01,9.01,14334.68,1
2025-04-10,2025-04-10 13:08:00,1585.63,1585.73,1585.63,1585.73,0.01,9.01,14334.68,1
2025-04-10,2025-04-10 13:09:00,1585.73,1585.84,1585.73,1585.84,0.01,9.01,14334.68,1
2025-04-10,2025-04-10 13:10:00,1585.84,1585.95,1585.84,1585.95,0.01,9.01,14334.68,1
2025-04-10,2025-04-10 13:11:00,1585.95,1586.05,1585.95,1586.05,0.01,9.01,14334.68,1
2025-04-10,2025-04-10 13:12:00,1586.05,1586.16,1586.05,1586.16,0.01,9.01,14334.68,1
2025-04-10,2025-04-10 13:13:00,1586.16,1586.27,1586.16,1586.27,0.01,9.01,14334.68,1
2025-04-10,2025-04-10 13:14:00,1586.27,1586.37,1586.27,1586.37,0.01,9.01,14334.68,1
2025-04-10,2025-04-10 13:15:00,1586.37,1586.48,1586.37,1586.48,0.01,9.01,14334.68,1
2025-04-10,2025-04-10 13:16:00,1586.48,1586.58,1586.48,1586.58,0.01,9.01,14334.68,1
2025-04-10,2025-04-10 13:17:00,1586.58,1586.69,1586.58,1586.69,0.01,9.01,14334.68,1
2025-04-10,2025-04-10 13:18:00,1586.69,1586.8,1586.69,1586.8,0.01,9.01,14334.68,1
2025-04-10,2025-04-10 13:19:00,1586.8,1586.9,1586.8,1586.9,0.01,9.01,14334.68,1
2025-04-10,2025-04-10 13:20:00,1586.9,1587.01,1586.9,1587.01,0.01,9.01,14334.68,1
2025-04-10,2025-04-10 13:21:00,1587.01,1587.12,1587.01,1587.12,0.01,9.01,14334.68,1
2025-04-10,2025-04-10 13:22:00,1587.12,1587.22,1587.12,1587.22,0.01,9.01,14334.68,1
2025-04-10,2025-04-10 13:23:00,1587.22,1587.33,1587.22,1587.33,0.01,9.01,14334.68,1
2025-04-10,2025-04-10 13:24:00,1587.33,1587.44,1587.33,1587.44,0.01,9.01,14334.68,1
2025-04-10,2025-04-10 13:25:00,1587.44,1587.54,1587.44,1587.54,0.01,9.01,14334.68,1
2025-04-10,2025-04-10 13:26:00,1587.54,1587.65,1587.54,1587.65,0.01,9.01,14334.68,1
2025-04-10,2025-04-10 13:27:00,1587.65,1587.76,1587.65,1587.76,0.01,9.01,14334.68,1
2025-04-10,2025-04-10 13:28:00,1587.76,1587.86,1587.76,1587.86,0.01,9.01,14334.68,1
2025-04-10,2025-04-10 13:29:00,1587.86,1587.97,1587.86,1587.97,0.01,9.01,14334.68,1
2025-04-10,2025-04-10 13:30:00,1587.97,1588.08,1587.97,1588.08,0.01,9.01,14334.68,1
2025-04-10,2025-04-10 13:31:00,1588.08,1588.18,1588.08,1588.18,0.01,9.01,14334.68,1
2025-04-10,2025-04-10 13:32:00,1588.18,1588.29,1588.18,1588.29,0.01,9.01,14334.68,1
2025-04-10,2025-04-10 13:33:00,1588.29,1588.39,1588.29,1588.39,0.01,9.01,14334.68,1
2025-04-10,2025-04-10 13:34:00,1588.39,1588.5,1588.39,1588.5,0.01,9.01,14334.68,1
2025-04-10,2025-04-10 13:35:00,1588.5,1588.61,1588.5,1588.61,0.01,9.01,14334.68,1
2025-04-10,2025-04-10 13:36:00,1588.61,1588.71,1588.61,1588.71,0.01,9.01,14334.68,1
2025-04-10,2025-04-10 13:37:00,1588.71,1588.82,1588.71,1588.82,0.01,9.01,14334.68,1
2025-04-10,2025-04-10 13:38:00,1588.82,1588.93,1588.82,1588.93,0.01,9.01,14334.68,1
2025-04-10,2025-04-10 13:39:00,1588.93,1589.03,1588.93,1589.03,0.01,9.01,14334.68,1
2025-04-10,2025-04-10 13:40:00,1589.03,1589.14,1589.03,1589.14,0.01,9.01,14334.68,1
2025-04-10,2025-04-10 13:41:00,1589.14,1589.25,1589.14,1589.25,0.01,9.01,14334.68,1
2025-04-10,2025-04-10 13:42:00,1589.25,1589.35,1589.25,1589.35,0.01,9.01,14334.68,1
2025-04-10,2025-04-10 13:43:00,1589.35,1589.46,1589.35,1589.46,0.01,9.01,14334.68,1
2025-04-10,2025-04-10 13:44:00,1589.46,1589.57,1589.46,1589.57,0.01,9.01,14334.68,1
2025-04-10,2025-04-10 13:45:00,1589.57,1589.67,1589.57,1589.67,0.01,9.01,14334.68,1
2025-04-10,2025-04-10 13:46:00,1589.67,1589.78,1589.67,1589.78,0.01,9.01,14334.68,1
2025-04-10,2025-04-10 13:47:00,1589.78,1589.88,1589.78,1589.88,0.01,9.01,14334.68,1
2025-04-10,2025-04-10 13:48:00,1589.88,1589.99,1589.88,1589.99,0.01,9.01,14334.68,1
2025-04-10,2025-04-10 13:49:00,1589.99,1590.1,1589.99,1590.1,0.01,9.01,14334.68,1
2025-04-10,2025-04-10 13:50:00,1590.1,1590.2,1590.1,1590.2,0.01,9.01,14334.68,1
2025-04-10,2025-04-10 13:51:00,1590.2,1590.31,1590.2,1590.31,0.01,9.01,14334.68,1
2025-04-10,2025-04-10 13:52:00,1590.31,1590.42,1590.31,1590.42,0.01,9.01,14334.68,1
2025-04-10,2025-04-10 13:53:00,1590.42,1590.52,1590.42,1590.52,0.01,9.01,14334.68,1
2025-04-10,2025-04-10 13:54:00,1590.52,1590.63,1590.52,1590.63,0.01,9.01,14334.68,1
2025-04-10,2025-04-10 13:55:00,1590.63,1590.74,1590.63,1590.74,0.01,9.01,14334.68,1
2025-04-10,2025-04-10 13:56:00,1590.74,1590.84,1590.74,1590.84,0.01,9.01,14334.68,1
2025-04-10,2025-04-10 13:57:00,1590.84,1590.95,1590.84,1590.95,0.01,9.01,14334.68,1
2025-04-10,2025-04-10 13:58:00,1590.95,1591.06,1590.95,1591.06,0.01,9.01,14334.68,1
2025-04-10,2025-04-10 13:59:00,1591.06,1591.16,1591.06,1591.16,0.01,9.01,14334.68,1
2025-04-10,2025-04-10 14:00:00,1591.16,1591.27,1591.16,1591.27,0.01,9.01,14334.68,1
2025-04-10,2025-04-10 14:01:00,1591.27,1591.38,1591.27,1591.38,0.01,9.01,14334.68,1
2025-04-10,2025-04-10 14:02:00,1591.38,1591.48,1591.38,1591.48,0.01,9.01,14334.68,1
2025-04-10,2025-04-10 14:03:00,1591.48,1591.59,1591.48,1591.59,0.01,9.01,14334.68,1
2025-04-10,2025-04-10 14:04:00,1591.59,1591.69,1591.59,1591.69,0.01,9.01,14334.68,1
2025-04-10,2025-04-10 14:05:00,1591.69,1591.8,1591.69,1591.8,0.01,9.01,14334.68,1
2025-04-10,2025-04-10 14:06:00,1591.8,1591.91,1591.8,1591.91,0.01,9.01,14334.68,1
2025-04-10,2025-04-10 14:07:00,1591.91,1592.01,1591.91,1592.01,0.01,9.01,14334.68,1
2025-04-10,2025-04-10 14:08:00,1592.01,1592.12,1592.01,1592.12,0.01,9.01,14334.68,1
2025-04-10,2025-04-10 14:09:00,1592.12,1592.23,1592.12,1592.23,0.01,9.01,14334.68,1
2025-04-10,2025-04-10 14:10:00,1592.23,1592.33,1592.23,1592.33,0.01,9.01,14334.68,1
2025-04-10,2025-04-10 14:11:00,1592.33,1592.44,1592.33,1592.44,0.01,9.01,14334.68,1
2025-04-10,2025-04-10 14:12:00,1592.44,1592.55,1592.44,1592.55,0.01,9.01,14334.68,1
2025-04-10,2025-04-10 14:13:00,1592.55,1592.65,1592.55,1592.65,0.01,9.01,14334.68,1
2025-04-10,2025-04-10 14:14:00,1592.65,1592.76,1592.65,1592.76,0.01,9.01,14334.68,1
2025-04-10,2025-04-10 14:15:00,1592.76,1592.87,1592.76,1592.87,0.01,9.01,14334.68,1
2025-04-10,2025-04-10 14:16:00,1592.87,1592.97,1592.87,1592.97,0.01,9.01,14334.68,1
2025-04-10,2025-04-10 14:17:00,1592.97,1593.08,1592.97,1593.08,0.01,9.01,14334.68,1
2025-04-10,2025-04-10 14:18:00,1593.08,1593.19,1593.08,1593.19,0.01,9.01,14334.68,1
2025-04-10,2025-04-10 14:19:00,1593.19,1593.29,1593.19,1593.29,0.01,9.01,14334.68,1
2025-04-10,2025-04-10 14:20:00,1593.29,1593.4,1593.29,1593.4,0.01,9.01,14334.68,1
2025-04-10,2025-04-10 14:21:00,1593.4,1593.5,1593.4,1593.5,0.01,9.01,14334.68,1
2025-04-10,2025-04-10 14:22:00,1593.5,1593.61,1593.5,1593.61,0.01,9.01,14334.68,1
2025-04-10,2025-04-10 14:23:00,1593.61,1593.72,1593.61,1593.72,0.01,9.01,14334.68,1
2025-04-10,2025-04-10 14:24:00,1593.72,1593.82,1593.72,1593.82,0.01,9.01,14334.68,1
2025-04-10,2025-04-10 14:25:00,1593.82,1593.93,1593.82,1593.93,0.01,9.01,14334.68,1
2025-04-10,2025-04-10 14:26:00,1593.93,1594.04,1593.93,1594.04,0.01,9.01,14334.68,1
2025-04-10,2025-04-10 14:27:00,1594.04,1594.14,1594.04,1594.14,0.01,9.01,14334.68,1
2025-04-10,2025-04-10 14:28:00,1594.14,1594.25,1594.14,1594.25,0.01,9.01,14334.68,1
2025-04-10,2025-04-10 14:29:00,1594.25,1594.36,1594.25,1594.36,0.01,9.01,14334.68,1
2025-04-10,2025-04-10 14:30:00,1594.36,1594.46,1594.36,1594.46,0.01,9.01,14334.68,1
2025-04-10,2025-04-10 14:31:00,1594.46,1594.57,1594.46,1594.57,0.01,9.01,14334.68,1
2025-04-10,2025-04-10 14:32:00,1594.57,1594.68,1594.57,1594.68,0.01,9.01,14334.68,1
2025-04-10,2025-04-10 14:33:00,1594.68,1594.78,1594.68,1594.78,0.01,9.01,14334.68,1
2025-04-10,2025-04-10 14:34:00,1594.78,1594.89,1594.78,1594.89,0.01,9.01,14334.68,1
2025-04-10,2025-04-10 14:35:00,1594.89,1594.99,1594.89,1594.99,0.01,9.01,14334.68,1
2025-04-10,2025-04-10 14:36:00,1594.99,1595.1,1594.99,1595.1,0.01,9.01,14334.68,1
2025-04-10,2025-04-10 14:37:00,1595.1,1595.21,1595.1,1595.21,0.01,9.01,14334.68,1
2025-04-10,2025-04-10 14:38:00,1595.21,1595.31,1595.21,1595.31,0.01,9.01,14334.68,1
2025-04-10,2025-04-10 14:39:00,1595.31,1595.42,1595.31,1595.42,0.01,9.01,14334.68,1
2025-04-10,2025-04-10 14:40:00,1595.42,1595.53,1595.42,1595.53,0.01,9.01,14334.68,1
2025-04-10,2025-04-10 14:41:00,1595.53,1595.63,1595.53,1595.63,0.01,9.01,14334.68,1
2025-04-10,2025-04-10 14:42:00,1595.63,1595.74,1595.63,1595.74,0.01,9.01,14334.68,1
2025-04-10,2025-04-10 14:43:00,1595.74,1595.85,1595.74,1595.85,0.01,9.01,14334.68,1
2025-04-10,2025-04-10 14:44:00,1595.85,1595.95,1595.85,1595.95,0.01,9.01,14334.68,1
2025-04-10,2025-04-10 14:45:00,1595.95,1596.06,1595.95,1596.06,0.01,9.01,14334.68,1
2025-04-10,2025-04-10 14:46:00,1596.06,1596.17,1596.06,1596.17,0.01,9.01,14334.68,1
2025-04-10,2025-04-10 14:47:00,1596.17,1596.27,1596.17,1596.27,0.01,9.01,14334.68,1
2025-04-10,2025-04-10 14:48:00,1596.27,1596.38,1596.27,1596.38,0.01,9.01,14334.68,1
2025-04-10,2025-04-10 14:49:00,1596.38,1596.49,1596.38,1596.49,0.01,9.01,14334.68,1
2025-04-10,2025-04-10 14:50:00,1596.49,1596.59,1596.49,1596.59,0.01,9.01,14334.68,1
2025-04-10,2025-04-10 14:51:00,1596.59,1596.7,1596.59,1596.7,0.01,9.01,14334.68,1
2025-04-10,2025-04-10 14:52:00,1596.7,1596.8,1596.7,1596.8,0.01,9.01,14334.68,1
2025-04-10,2025-04-10 14:53:00,1596.8,1596.91,1596.8,1596.91,0.01,9.01,14334.68,1
2025-04-10,2025-04-10 14:54:00,1596.91,1597.02,1596.91,1597.02,0.01,9.01,14334.68,1
2025-04-10,2025-04-10 14:55:00,1597.02,1597.12,1597.02,1597.12,0.01,9.01,14334.68,1
2025-04-10,2025-04-10 14:56:00,1597.12,1597.23,1597.12,1597.23,0.01,9.01,14334.68,1
2025-04-10,2025-04-10 14:57:00,1597.23,1597.34,1597.23,1597.34,0.01,9.01,14334.68,1
2025-04-10,2025-04-10 14:58:00,1597.34,1597.44,1597.34,1597.44,0.01,9.01,14334.68,1
2025-04-10,2025-04-10 14:59:00,1597.44,1597.55,1597.44,1597.55,0.01,9.01,14334.68,1
2025-04-10,2025-04-10 15:00:00,1597.55,1605.0,1570.1,1597.55,0.0,9.01,14334.68,0
2025-04-13,2025-04-13 11:00:00,1600.0,1601.2,1595.5,1599.97,-0.0,5.46,8712.1,-1
2025-04-13,2025-04-13 11:01:00,1599.97,1599.97,1599.94,1599.94,-0.0,5.46,8712.1,-1
2025-04-13,2025-04-13 11:02:00,1599.94,1599.94,1599.91,1599.91,-0.0,5.46,8712.1,-1
2025-04-13,2025-04-13 11:03:00,1599.91,1599.91,1599.89,1599.89,-0.0,5.46,8712.1,-1
2025-04-13,2025-04-13 11:04:00,1599.89,1599.89,1599.86,1599.86,-0.0,5.46,8712.1,-1
2025-04-13,2025-04-13 11:05:00,1599.86,1599.86,1599.83,1599.83,-0.0,5.46,8712.1,-1
2025-04-13,2025-04-13 11:06:00,1599.83,1599.83,1599.8,1599.8,-0.0,5.46,8712.1,-1
2025-04-13,2025-04-13 11:07:00,1599.8,1599.8,1599.77,1599.77,-0.0,5.46,8712.1,-1
2025-04-13,2025-04-13 11:08:00,1599.77,1599.77,1599.74,1599.74,-0.0,5.46,8712.1,-1
2025-04-13,2025-04-13 11:09:00,1599.74,1599.74,1599.71,1599.71,-0.0,5.46,8712.1,-1
2025-04-13,2025-04-13 11:10:00,1599.71,1599.71,1599.68,1599.68,-0.0,5.46,8712.1,-1
2025-04-13,2025-04-13 11:11:00,1599.68,1599.68,1599.66,1599.66,-0.0,5.46,8712.1,-1
2025-04-13,2025-04-13 11:12:00,1599.66,1599.66,1599.63,1599.63,-0.0,5.46,8712.1,-1
2025-04-13,2025-04-13 11:13:00,1599.63,1599.63,1599.6,1599.6,-0.0,5.46,8712.1,-1
2025-04-13,2025-04-13 11:14:00,1599.6,1599.6,1599.57,1599.57,-0.0,5.46,8712.1,-1
2025-04-13,2025-04-13 11:15:00,1599.57,1599.57,1599.54,1599.54,-0.0,5.46,8712.1,-1
2025-04-13,2025-04-13 11:16:00,1599.54,1599.54,1599.51,1599.51,-0.0,5.46,8712.1,-1
2025-04-13,2025-04-13 11:17:00,1599.51,1599.51,1599.48,1599.48,-0.0,5.46,8712.1,-1
2025-04-13,2025-04-13 11:18:00,1599.48,1599.48,1599.46,1599.46,-0.0,5.46,8712.1,-1
2025-04-13,2025-04-13 11:19:00,1599.46,1599.46,1599.43,1599.43,-0.0,5.46,8712.1,-1
2025-04-13,2025-04-13 11:20:00,1599.43,1599.43,1599.4,1599.4,-0.0,5.46,8712.1,-1
2025-04-13,2025-04-13 11:21:00,1599.4,1599.4,1599.37,1599.37,-0.0,5.46,8712.1,-1
2025-04-13,2025-04-13 11:22:00,1599.37,1599.37,1599.34,1599.34,-0.0,5.46,8712.1,-1
2025-04-13,2025-04-13 11:23:00,1599.34,1599.34,1599.31,1599.31,-0.0,5.46,8712.1,-1
2025-04-13,2025-04-13 11:24:00,1599.31,1599.31,1599.28,1599.28,-0.0,5.46,8712.1,-1
2025-04-13,2025-04-13 11:25:00,1599.28,1599.28,1599.25,1599.25,-0.0,5.46,8712.1,-1
2025-04-13,2025-04-13 11:26:00,1599.25,1599.25,1599.23,1599.23,-0.0,5.46,8712.1,-1
2025-04-13,2025-04-13 11:27:00,1599.23,1599.23,1599.2,1599.2,-0.0,5.46,8712.1,-1
2025-04-13,2025-04-13 11:28:00,1599.2,1599.2,1599.17,1599.17,-0.0,5.46,8712.1,-1
2025-04-13,2025-04-13 11:29:00,1599.17,1599.17,1599.14,1599.14,-0.0,5.46,8712.1,-1
2025-04-13,2025-04-13 11:30:00,1599.14,1599.14,1599.11,1599.11,-0.0,5.46,8712.1,-1
2025-04-13,2025-04-13 11:31:00,1599.11,1599.11,1599.08,1599.08,-0.0,5.46,8712.1,-1
2025-04-13,2025-04-13 11:32:00,1599.08,1599.08,1599.05,1599.05,-0.0,5.46,8712.1,-1
2025-04-13,2025-04-13 11:33:00,1599.05,1599.05,1599.03,1599.03,-0.0,5.46,8712.1,-1
2025-04-13,2025-04-13 11:34:00,1599.03,1599.03,1599.0,1599.0,-0.0,5.46,8712.1,-1
2025-04-13,2025-04-13 11:35:00,1599.0,1599.0,1598.97,1598.97,-0.0,5.46,8712.1,-1
2025-04-13,2025-04-13 11:36:00,1598.97,1598.97,1598.94,1598.94,-0.0,5.46,8712.1,-1
2025-04-13,2025-04-13 11:37:00,1598.94,1598.94,1598.91,1598.91,-0.0,5.46,8712.1,-1
2025-04-13,2025-04-13 11:38:00,1598.91,1598.91,1598.88,1598.88,-0.0,5.46,8712.1,-1
2025-04-13,2025-04-13 11:39:00,1598.88,1598.88,1598.85,1598.85,-0.0,5.46,8712.1,-1
2025-04-13,2025-04-13 11:40:00,1598.85,1598.85,1598.82,1598.82,-0.0,5.46,8712.1,-1
2025-04-13,2025-04-13 11:41:00,1598.82,1598.82,1598.8,1598.8,-0.0,5.46,8712.1,-1
2025-04-13,2025-04-13 11:42:00,1598.8,1598.8,1598.77,1598.77,-0.0,5.46,8712.1,-1
2025-04-13,2025-04-13 11:43:00,1598.77,1598.77,1598.74,1598.74,-0.0,5.46,8712.1,-1
2025-04-13,2025-04-13 11:44:00,1598.74,1598.74,1598.71,1598.71,-0.0,5.46,8712.1,-1
2025-04-13,2025-04-13 11:45:00,1598.71,1598.71,1598.68,1598.68,-0.0,5.46,8712.1,-1
2025-04-13,2025-04-13 11:46:00,1598.68,1598.68,1598.65,1598.65,-0.0,5.46,8712.1,-1
2025-04-13,2025-04-13 11:47:00,1598.65,1598.65,1598.62,1598.62,-0.0,5.46,8712.1,-1
2025-04-13,2025-04-13 11:48:00,1598.62,1598.62,1598.6,1598.6,-0.0,5.46,8712.1,-1
2025-04-13,2025-04-13 11:49:00,1598.6,1598.6,1598.57,1598.57,-0.0,5.46,8712.1,-1
2025-04-13,2025-04-13 11:50:00,1598.57,1598.57,1598.54,1598.54,-0.0,5.46,8712.1,-1
2025-04-13,2025-04-13 11:51:00,1598.54,1598.54,1598.51,1598.51,-0.0,5.46,8712.1,-1
2025-04-13,2025-04-13 11:52:00,1598.51,1598.51,1598.48,1598.48,-0.0,5.46,8712.1,-1
2025-04-13,2025-04-13 11:53:00,1598.48,1598.48,1598.45,1598.45,-0.0,5.46,8712.1,-1
2025-04-13,2025-04-13 11:54:00,1598.45,1598.45,1598.42,1598.42,-0.0,5.46,8712.1,-1
2025-04-13,2025-04-13 11:55:00,1598.42,1598.42,1598.39,1598.39,-0.0,5.46,8712.1,-1
2025-04-13,2025-04-13 11:56:00,1598.39,1598.39,1598.37,1598.37,-0.0,5.46,8712.1,-1
2025-04-13,2025-04-13 11:57:00,1598.37,1598.37,1598.34,1598.34,-0.0,5.46,8712.1,-1
2025-04-13,2025-04-13 11:58:00,1598.34,1598.34,1598.31,1598.31,-0.0,5.46,8712.1,-1
2025-04-13,2025-04-13 11:59:00,1598.31,1598.31,1598.28,1598.28,-0.0,5.46,8712.1,-1
2025-04-13,2025-04-13 12:00:00,1598.28,1598.28,1598.25,1598.25,-0.0,5.46,8712.1,-1
2025-04-13,2025-04-13 12:01:00,1598.25,1598.25,1598.22,1598.22,-0.0,5.46,8712.1,-1
2025-04-13,2025-04-13 12:02:00,1598.22,1598.22,1598.19,1598.19,-0.0,5.46,8712.1,-1
2025-04-13,2025-04-13 12:03:00,1598.19,1598.19,1598.17,1598.17,-0.0,5.46,8712.1,-1
2025-04-13,2025-04-13 12:04:00,1598.17,1598.17,1598.14,1598.14,-0.0,5.46,8712.1,-1
2025-04-13,2025-04-13 12:05:00,1598.14,1598.14,1598.11,1598.11,-0.0,5.46,8712.1,-1
2025-04-13,2025-04-13 12:06:00,1598.11,1598.11,1598.08,1598.08,-0.0,5.46,8712.1,-1
2025-04-13,2025-04-13 12:07:00,1598.08,1598.08,1598.05,1598.05,-0.0,5.46,8712.1,-1
2025-04-13,2025-04-13 12:08:00,1598.05,1598.05,1598.02,1598.02,-0.0,5.46,8712.1,-1
2025-04-13,2025-04-13 12:09:00,1598.02,1598.02,1597.99,1597.99,-0.0,5.46,8712.1,-1
2025-04-13,2025-04-13 12:10:00,1597.99,1597.99,1597.96,1597.96,-0.0,5.46,8712.1,-1
2025-04-13,2025-04-13 12:11:00,1597.96,1597.96,1597.94,1597.94,-0.0,5.46,8712.1,-1
2025-04-13,2025-04-13 12:12:00,1597.94,1597.94,1597.91,1597.91,-0.0,5.46,8712.1,-1
2025-04-13,2025-04-13 12:13:00,1597.91,1597.91,1597.88,1597.88,-0.0,5.46,8712.1,-1
2025-04-13,2025-04-13 12:14:00,1597.88,1597.88,1597.85,1597.85,-0.0,5.46,8712.1,-1
2025-04-13,2025-04-13 12:15:00,1597.85,1597.85,1597.82,1597.82,-0.0,5.46,8712.1,-1
2025-04-13,2025-04-13 12:16:00,1597.82,1597.82,1597.79,1597.79,-0.0,5.46,8712.1,-1
2025-04-13,2025-04-13 12:17:00,1597.79,1597.79,1597.76,1597.76,-0.0,5.46,8712.1,-1
2025-04-13,2025-04-13 12:18:00,1597.76,1597.76,1597.74,1597.74,-0.0,5.46,8712.1,-1
2025-04-13,2025-04-13 12:19:00,1597.74,1597.74,1597.71,1597.71,-0.0,5.46,8712.1,-1
2025-04-13,2025-04-13 12:20:00,1597.71,1597.71,1597.68,1597.68,-0.0,5.46,8712.1,-1
2025-04-13,2025-04-13 12:21:00,1597.68,1597.68,1597.65,1597.65,-0.0,5.46,8712.1,-1
2025-04-13,2025-04-13 12:22:00,1597.65,1597.65,1597.62,1597.62,-0.0,5.46,8712.1,-1
2025-04-13,2025-04-13 12:23:00,1597.62,1597.62,1597.59,1597.59,-0.0,5.46,8712.1,-1
2025-04-13,2025-04-13 12:24:00,1597.59,1597.59,1597.56,1597.56,-0.0,5.46,8712.1,-1
2025-04-13,2025-04-13 12:25:00,1597.56,1597.56,1597.53,1597.53,-0.0,5.46,8712.1,-1
2025-04-13,2025-04-13 12:26:00,1597.53,1597.53,1597.51,1597.51,-0.0,5.46,8712.1,-1
2025-04-13,2025-04-13 12:27:00,1597.51,1597.51,1597.48,1597.48,-0.0,5.46,8712.1,-1
2025-04-13,2025-04-13 12:28:00,1597.48,1597.48,1597.45,1597.45,-0.0,5.46,8712.1,-1
2025-04-13,2025-04-13 12:29:00,1597.45,1597.45,1597.42,1597.42,-0.0,5.46,8712.1,-1
2025-04-13,2025-04-13 12:30:00,1597.42,1597.42,1597.39,1597.39,-0.0,5.46,8712.1,-1
2025-04-13,2025-04-13 12:31:00,1597.39,1597.39,1597.36,1597.36,-0.0,5.46,8712.1,-1
2025-04-13,2025-04-13 12:32:00,1597.36,1597.36,1597.33,1597.33,-0.0,5.46,8712.1,-1
2025-04-13,2025-04-13 12:33:00,1597.33,1597.33,1597.31,1597.31,-0.0,5.46,8712.1,-1
2025-04-13,2025-04-13 12:34:00,1597.31,1597.31,1597.28,1597.28,-0.0,5.46,8712.1,-1
2025-04-13,2025-04-13 12:35:00,1597.28,1597.28,1597.25,1597.25,-0.0,5.46,8712.1,-1
2025-04-13,2025-04-13 12:36:00,1597.25,1597.25,1597.22,1597.22,-0.0,5.46,8712.1,-1
2025-04-13,2025-04-13 12:37:00,1597.22,1597.22,1597.19,1597.19,-0.0,5.46,8712.1,-1
2025-04-13,2025-04-13 12:38:00,1597.19,1597.19,1597.16,1597.16,-0.0,5.46,8712.1,-1
2025-04-13,2025-04-13 12:39:00,1597.16,1597.16,1597.13,1597.13,-0.0,5.46,8712.1,-1
2025-04-13,2025-04-13 12:40:00,1597.13,1597.13,1597.1,1597.1,-0.0,5.46,8712.1,-1
2025-04-13,2025-04-13 12:41:00,1597.1,1597.1,1597.08,1597.08,-0.0,5.46,8712.1,-1
2025-04-13,2025-04-13 12:42:00,1597.08,1597.08,1597.05,1597.05,-0.0,5.46,8712.1,-1
2025-04-13,2025-04-13 12:43:00,1597.05,1597.05,1597.02,1597.02,-0.0,5.46,8712.1,-1
2025-04-13,2025-04-13 12:44:00,1597.02,1597.02,1596.99,1596.99,-0.0,5.46,8712.1,-1
2025-04-13,2025-04-13 12:45:00,1596.99,1596.99,1596.96,1596.96,-0.0,5.46,8712.1,-1
2025-04-13,2025-04-13 12:46:00,1596.96,1596.96,1596.93,1596.93,-0.0,5.46,8712.1,-1
2025-04-13,2025-04-13 12:47:00,1596.93,1596.93,1596.9,1596.9,-0.0,5.46,8712.1,-1
2025-04-13,2025-04-13 12:48:00,1596.9,1596.9,1596.88,1596.88,-0.0,5.46,8712.1,-1
2025-04-13,2025-04-13 12:49:00,1596.88,1596.88,1596.85,1596.85,-0.0,5.46,8712.1,-1
2025-04-13,2025-04-13 12:50:00,1596.85,1596.85,1596.82,1596.82,-0.0,5.46,8712.1,-1
2025-04-13,2025-04-13 12:51:00,1596.82,1596.82,1596.79,1596.79,-0.0,5.46,8712.1,-1
2025-04-13,2025-04-13 12:52:00,1596.79,1596.79,1596.76,1596.76,-0.0,5.46,8712.1,-1
2025-04-13,2025-04-13 12:53:00,1596.76,1596.76,1596.73,1596.73,-0.0,5.46,8712.1,-1
2025-04-13,2025-04-13 12:54:00,1596.73,1596.73,1596.7,1596.7,-0.0,5.46,8712.1,-1
2025-04-13,2025-04-13 12:55:00,1596.7,1596.7,1596.67,1596.67,-0.0,5.46,8712.1,-1
2025-04-13,2025-04-13 12:56:00,1596.67,1596.67,1596.65,1596.65,-0.0,5.46,8712.1,-1
2025-04-13,2025-04-13 12:57:00,1596.65,1596.65,1596.62,1596.62,-0.0,5.46,8712.1,-1
2025-04-13,2025-04-13 12:58:00,1596.62,1596.62,1596.59,1596.59,-0.0,5.46,8712.1,-1
2025-04-13,2025-04-13 12:59:00,1596.59,1596.59,1596.56,1596.56,-0.0,5.46,8712.1,-1
2025-04-13,2025-04-13 13:00:00,1596.56,1604.0,1585.0,1596.53,-0.0,5.46,8712.1,-1
2025-04-13,2025-04-13 13:01:00,1596.53,1596.53,1596.5,1596.5,-0.0,5.46,8712.1,-1
2025-04-13,2025-04-13 13:02:00,1596.5,1596.5,1596.47,1596.47,-0.0,5.46,8712.1,-1
2025-04-13,2025-04-13 13:03:00,1596.47,1596.47,1596.45,1596.45,-0.0,5.46,8712.1,-1
2025-04-13,2025-04-13 13:04:00,1596.45,1596.45,1596.42,1596.42,-0.0,5.46,8712.1,-1
2025-04-13,2025-04-13 13:05:00,1596.42,1596.42,1596.39,1596.39,-0.0,5.46,8712.1,-1
2025-04-13,2025-04-13 13:06:00,1596.39,1596.39,1596.36,1596.36,-0.0,5.46,8712.1,-1
2025-04-13,2025-04-13 13:07:00,1596.36,1596.36,1596.33,1596.33,-0.0,5.46,8712.1,-1
2025-04-13,2025-04-13 13:08:00,1596.33,1596.33,1596.3,1596.3,-0.0,5.46,8712.1,-1
2025-04-13,2025-04-13 13:09:00,1596.3,1596.3,1596.27,1596.27,-0.0,5.46,8712.1,-1
2025-04-13,2025-04-13 13:10:00,1596.27,1596.27,1596.24,1596.24,-0.0,5.46,8712.1,-1
2025-04-13,2025-04-13 13:11:00,1596.24,1596.24,1596.22,1596.22,-0.0,5.46,8712.1,-1
2025-04-13,2025-04-13 13:12:00,1596.22,1596.22,1596.19,1596.19,-0.0,5.46,8712.1,-1
2025-04-13,2025-04-13 13:13:00,1596.19,1596.19,1596.16,1596.16,-0.0,5.46,8712.1,-1
2025-04-13,2025-04-13 13:14:00,1596.16,1596.16,1596.13,1596.13,-0.0,5.46,8712.1,-1
2025-04-13,2025-04-13 13:15:00,1596.13,1596.13,1596.1,1596.1,-0.0,5.46,8712.1,-1
2025-04-13,2025-04-13 13:16:00,1596.1,1596.1,1596.07,1596.07,-0.0,5.46,8712.1,-1
2025-04-13,2025-04-13 13:17:00,1596.07,1596.07,1596.04,1596.04,-0.0,5.46,8712.1,-1
2025-04-13,2025-04-13 13:18:00,1596.04,1596.04,1596.02,1596.02,-0.0,5.46,8712.1,-1
2025-04-13,2025-04-13 13:19:00,1596.02,1596.02,1595.99,1595.99,-0.0,5.46,8712.1,-1
2025-04-13,2025-04-13 13:20:00,1595.99,1595.99,1595.96,1595.96,-0.0,5.46,8712.1,-1
2025-04-13,2025-04-13 13:21:00,1595.96,1595.96,1595.93,1595.93,-0.0,5.46,8712.1,-1
2025-04-13,2025-04-13 13:22:00,1595.93,1595.93,1595.9,1595.9,-0.0,5.46,8712.1,-1
2025-04-13,2025-04-13 13:23:00,1595.9,1595.9,1595.87,1595.87,-0.0,5.46,8712.1,-1
2025-04-13,2025-04-13 13:24:00,1595.87,1595.87,1595.84,1595.84,-0.0,5.46,8712.1,-1
2025-04-13,2025-04-13 13:25:00,1595.84,1595.84,1595.81,1595.81,-0.0,5.46,8712.1,-1
2025-04-13,2025-04-13 13:26:00,1595.81,1595.81,1595.79,1595.79,-0.0,5.46,8712.1,-1
2025-04-13,2025-04-13 13:27:00,1595.79,1595.79,1595.76,1595.76,-0.0,5.46,8712.1,-1
2025-04-13,2025-04-13 13:28:00,1595.76,1595.76,1595.73,1595.73,-0.0,5.46,8712.1,-1
2025-04-13,2025-04-13 13:29:00,1595.73,1595.73,1595.7,1595.7,-0.0,5.46,8712.1,-1
2025-04-13,2025-04-13 13:30:00,1595.7,1595.7,1595.67,1595.67,-0.0,5.46,8712.1,-1
2025-04-13,2025-04-13 13:31:00,1595.67,1595.67,1595.64,1595.64,-0.0,5.46,8712.1,-1
2025-04-13,2025-04-13 13:32:00,1595.64,1595.64,1595.61,1595.61,-0.0,5.46,8712.1,-1
2025-04-13,2025-04-13 13:33:00,1595.61,1595.61,1595.59,1595.59,-0.0,5.46,8712.1,-1
2025-04-13,2025-04-13 13:34:00,1595.59,1595.59,1595.56,1595.56,-0.0,5.46,8712.1,-1
2025-04-13,2025-04-13 13:35:00,1595.56,1595.56,1595.53,1595.53,-0.0,5.46,8712.1,-1
2025-04-13,2025-04-13 13:36:00,1595.53,1595.53,1595.5,1595.5,-0.0,5.46,8712.1,-1
2025-04-13,2025-04-13 13:37:00,1595.5,1595.5,1595.47,1595.47,-0.0,5.46,8712.1,-1
2025-04-13,2025-04-13 13:38:00,1595.47,1595.47,1595.44,1595.44,-0.0,5.46,8712.1,-1
2025-04-13,2025-04-13 13:39:00,1595.44,1595.44,1595.41,1595.41,-0.0,5.46,8712.1,-1
2025-04-13,2025-04-13 13:40:00,1595.41,1595.41,1595.38,1595.38,-0.0,5.46,8712.1,-1
2025-04-13,2025-04-13 13:41:00,1595.38,1595.38,1595.36,1595.36,-0.0,5.46,8712.1,-1
2025-04-13,2025-04-13 13:42:00,1595.36,1595.36,1595.33,1595.33,-0.0,5.46,8712.1,-1
2025-04-13,2025-04-13 13:43:00,1595.33,1595.33,1595.3,1595.3,-0.0,5.46,8712.1,-1
2025-04-13,2025-04-13 13:44:00,1595.3,1595.3,1595.27,1595.27,-0.0,5.46,8712.1,-1
2025-04-13,2025-04-13 13:45:00,1595.27,1595.27,1595.24,1595.24,-0.0,5.46,8712.1,-1
2025-04-13,2025-04-13 13:46:00,1595.24,1595.24,1595.21,1595.21,-0.0,5.46,8712.1,-1
2025-04-13,2025-04-13 13:47:00,1595.21,1595.21,1595.18,1595.18,-0.0,5.46,8712.1,-1
2025-04-13,2025-04-13 13:48:00,1595.18,1595.18,1595.16,1595.16,-0.0,5.46,8712.1,-1
2025-04-13,2025-04-13 13:49:00,1595.16,1595.16,1595.13,1595.13,-0.0,5.46,8712.1,-1
2025-04-13,2025-04-13 13:50:00,1595.13,1595.13,1595.1,1595.1,-0.0,5.46,8712.1,-1
2025-04-13,2025-04-13 13:51:00,1595.1,1595.1,1595.07,1595.07,-0.0,5.46,8712.1,-1
2025-04-13,2025-04-13 13:52:00,1595.07,1595.07,1595.04,1595.04,-0.0,5.46,8712.1,-1
2025-04-13,2025-04-13 13:53:00,1595.04,1595.04,1595.01,1595.01,-0.0,5.46,8712.1,-1
2025-04-13,2025-04-13 13:54:00,1595.01,1595.01,1594.98,1594.98,-0.0,5.46,8712.1,-1
2025-04-13,2025-04-13 13:55:00,1594.98,1594.98,1594.95,1594.95,-0.0,5.46,8712.1,-1
2025-04-13,2025-04-13 13:56:00,1594.95,1594.95,1594.93,1594.93,-0.0,5.46,8712.1,-1
2025-04-13,2025-04-13 13:57:00,1594.93,1594.93,1594.9,1594.9,-0.0,5.46,8712.1,-1
2025-04-13,2025-04-13 13:58:00,1594.9,1594.9,1594.87,1594.87,-0.0,5.46,8712.1,-1
2025-04-13,2025-04-13 13:59:00,1594.87,1594.87,1594.84,1594.84,-0.0,5.46,8712.1,-1
2025-04-13,2025-04-13 14:00:00,1594.84,1594.84,1594.81,1594.81,-0.0,5.46,8712.1,-1
2025-04-13,2025-04-13 14:01:00,1594.81,1594.81,1594.78,1594.78,-0.0,5.46,8712.1,-1
2025-04-13,2025-04-13 14:02:00,1594.78,1594.78,1594.75,1594.75,-0.0,5.46,8712.1,-1
2025-04-13,2025-04-13 14:03:00,1594.75,1594.75,1594.73,1594.73,-0.0,5.46,8712.1,-1
2025-04-13,2025-04-13 14:04:00,1594.73,1594.73,1594.7,1594.7,-0.0,5.46,8712.1,-1
2025-04-13,2025-04-13 14:05:00,1594.7,1594.7,1594.67,1594.67,-0.0,5.46,8712.1,-1
2025-04-13,2025-04-13 14:06:00,1594.67,1594.67,1594.64,1594.64,-0.0,5.46,8712.1,-1
2025-04-13,2025-04-13 14:07:00,1594.64,1594.64,1594.61,1594.61,-0.0,5.46,8712.1,-1
2025-04-13,2025-04-13 14:08:00,1594.61,1594.61,1594.58,1594.58,-0.0,5.46,8712.1,-1
2025-04-13,2025-04-13 14:09:00,1594.58,1594.58,1594.55,1594.55,-0.0,5.46,8712.1,-1
2025-04-13,2025-04-13 14:10:00,1594.55,1594.55,1594.52,1594.52,-0.0,5.46,8712.1,-1
2025-04-13,2025-04-13 14:11:00,1594.52,1594.52,1594.5,1594.5,-0.0,5.46,8712.1,-1
2025-04-13,2025-04-13 14:12:00,1594.5,1594.5,1594.47,1594.47,-0.0,5.46,8712.1,-1
2025-04-13,2025-04-13 14:13:00,1594.47,1594.47,1594.44,1594.44,-0.0,5.46,8712.1,-1
2025-04-13,2025-04-13 14:14:00,1594.44,1594.44,1594.41,1594.41,-0.0,5.46,8712.1,-1
2025-04-13,2025-04-13 14:15:00,1594.41,1594.41,1594.38,1594.38,-0.0,5.46,8712.1,-1
2025-04-13,2025-04-13 14:16:00,1594.38,1594.38,1594.35,1594.35,-0.0,5.46,8712.1,-1
2025-04-13,2025-04-13 14:17:00,1594.35,1594.35,1594.32,1594.32,-0.0,5.46,8712.1,-1
2025-04-13,2025-04-13 14:18:00,1594.32,1594.32,1594.3,1594.3,-0.0,5.46,8712.1,-1
2025-04-13,2025-04-13 14:19:00,1594.3,1594.3,1594.27,1594.27,-0.0,5.46,8712.1,-1
2025-04-13,2025-04-13 14:20:00,1594.27,1594.27,1594.24,1594.24,-0.0,5.46,8712.1,-1
2025-04-13,2025-04-13 14:21:00,1594.24,1594.24,1594.21,1594.21,-0.0,5.46,8712.1,-1
2025-04-13,2025-04-13 14:22:00,1594.21,1594.21,1594.18,1594.18,-0.0,5.46,8712.1,-1
2025-04-13,2025-04-13 14:23:00,1594.18,1594.18,1594.15,1594.15,-0.0,5.46,8712.1,-1
2025-04-13,2025-04-13 14:24:00,1594.15,1594.15,1594.12,1594.12,-0.0,5.46,8712.1,-1
2025-04-13,2025-04-13 14:25:00,1594.12,1594.12,1594.09,1594.09,-0.0,5.46,8712.1,-1
2025-04-13,2025-04-13 14:26:00,1594.09,1594.09,1594.07,1594.07,-0.0,5.46,8712.1,-1
2025-04-13,2025-04-13 14:27:00,1594.07,1594.07,1594.04,1594.04,-0.0,5.46,8712.1,-1
2025-04-13,2025-04-13 14:28:00,1594.04,1594.04,1594.01,1594.01,-0.0,5.46,8712.1,-1
2025-04-13,2025-04-13 14:29:00,1594.01,1594.01,1593.98,1593.98,-0.0,5.46,8712.1,-1
2025-04-13,2025-04-13 14:30:00,1593.98,1593.98,1593.95,1593.95,-0.0,5.46,8712.1,-1
2025-04-13,2025-04-13 14:31:00,1593.95,1593.95,1593.92,1593.92,-0.0,5.46,8712.1,-1
2025-04-13,2025-04-13 14:32:00,1593.92,1593.92,1593.89,1593.89,-0.0,5.46,8712.1,-1
2025-04-13,2025-04-13 14:33:00,1593.89,1593.89,1593.87,1593.87,-0.0,5.46,8712.1,-1
2025-04-13,2025-04-13 14:34:00,1593.87,1593.87,1593.84,1593.84,-0.0,5.46,8712.1,-1
2025-04-13,2025-04-13 14:35:00,1593.84,1593.84,1593.81,1593.81,-0.0,5.46,8712.1,-1
2025-04-13,2025-04-13 14:36:00,1593.81,1593.81,1593.78,1593.78,-0.0,5.46,8712.1,-1
2025-04-13,2025-04-13 14:37:00,1593.78,1593.78,1593.75,1593.75,-0.0,5.46,8712.1,-1
2025-04-13,2025-04-13 14:38:00,1593.75,1593.75,1593.72,1593.72,-0.0,5.46,8712.1,-1
2025-04-13,2025-04-13 14:39:00,1593.72,1593.72,1593.69,1593.69,-0.0,5.46,8712.1,-1
2025-04-13,2025-04-13 14:40:00,1593.69,1593.69,1593.66,1593.66,-0.0,5.46,8712.1,-1
2025-04-13,2025-04-13 14:41:00,1593.66,1593.66,1593.64,1593.64,-0.0,5.46,8712.1,-1
2025-04-13,2025-04-13 14:42:00,1593.64,1593.64,1593.61,1593.61,-0.0,5.46,8712.1,-1
2025-04-13,2025-04-13 14:43:00,1593.61,1593.61,1593.58,1593.58,-0.0,5.46,8712.1,-1
2025-04-13,2025-04-13 14:44:00,1593.58,1593.58,1593.55,1593.55,-0.0,5.46,8712.1,-1
2025-04-13,2025-04-13 14:45:00,1593.55,1593.55,1593.52,1593.52,-0.0,5.46,8712.1,-1
2025-04-13,2025-04-13 14:46:00,1593.52,1593.52,1593.49,1593.49,-0.0,5.46,8712.1,-1
2025-04-13,2025-04-13 14:47:00,1593.49,1593.49,1593.46,1593.46,-0.0,5.46,8712.1,-1
2025-04-13,2025-04-13 14:48:00,1593.46,1593.46,1593.44,1593.44,-0.0,5.46,8712.1,-1
2025-04-13,2025-04-13 14:49:00,1593.44,1593.44,1593.41,1593.41,-0.0,5.46,8712.1,-1
2025-04-13,2025-04-13 14:50:00,1593.41,1593.41,1593.38,1593.38,-0.0,5.46,8712.1,-1
2025-04-13,2025-04-13 14:51:00,1593.38,1593.38,1593.35,1593.35,-0.0,5.46,8712.1,-1
2025-04-13,2025-04-13 14:52:00,1593.35,1593.35,1593.32,1593.32,-0.0,5.46,8712.1,-1
2025-04-13,2025-04-13 14:53:00,1593.32,1593.32,1593.29,1593.29,-0.0,5.46,8712.1,-1
2025-04-13,2025-04-13 14:54:00,1593.29,1593.29,1593.26,1593.26,-0.0,5.46,8712.1,-1
2025-04-13,2025-04-13 14:55:00,1593.26,1593.26,1593.23,1593.23,-0.0,5.46,8712.1,-1
2025-04-13,2025-04-13 14:56:00,1593.23,1593.23,1593.21,1593.21,-0.0,5.46,8712.1,-1
2025-04-13,2025-04-13 14:57:00,1593.21,1593.21,1593.18,1593.18,-0.0,5.46,8712.1,-1
2025-04-13,2025-04-13 14:58:00,1593.18,1593.18,1593.15,1593.15,-0.0,5.46,8712.1,-1
2025-04-13,2025-04-13 14:59:00,1593.15,1593.15,1593.12,1593.12,-0.0,5.46,8712.1,-1
2025-04-13,2025-04-13 15:00:00,1593.12,1604.0,1585.0,1593.12,0.0,5.46,8712.1,0
2025-04-15,2025-04-15 11:00:00,1600.0,1604.2,1594.0,1599.95,-0.0,9.92,15850.01,-1
2025-04-15,2025-04-15 11:01:00,1599.95,1599.95,1599.91,1599.91,-0.0,9.92,15850.01,-1
2025-04-15,2025-04-15 11:02:00,1599.91,1599.91,1599.86,1599.86,-0.0,9.92,15850.01,-1
2025-04-15,2025-04-15 11:03:00,1599.86,1599.86,1599.81,1599.81,-0.0,9.92,15850.01,-1
2025-04-15,2025-04-15 11:04:00,1599.81,1599.81,1599.76,1599.76,-0.0,9.92,15850.01,-1
2025-04-15,2025-04-15 11:05:00,1599.76,1599.76,1599.72,1599.72,-0.0,9.92,15850.01,-1
2025-04-15,2025-04-15 11:06:00,1599.72,1599.72,1599.67,1599.67,-0.0,9.92,15850.01,-1
2025-04-15,2025-04-15 11:07:00,1599.67,1599.67,1599.62,1599.62,-0.0,9.92,15850.01,-1
2025-04-15,2025-04-15 11:08:00,1599.62,1599.62,1599.58,1599.58,-0.0,9.92,15850.01,-1
2025-04-15,2025-04-15 11:09:00,1599.58,1599.58,1599.53,1599.53,-0.0,9.92,15850.01,-1
2025-04-15,2025-04-15 11:10:00,1599.53,1599.53,1599.48,1599.48,-0.0,9.92,15850.01,-1
2025-04-15,2025-04-15 11:11:00,1599.48,1599.48,1599.43,1599.43,-0.0,9.92,15850.01,-1
2025-04-15,2025-04-15 11:12:00,1599.43,1599.43,1599.39,1599.39,-0.0,9.92,15850.01,-1
2025-04-15,2025-04-15 11:13:00,1599.39,1599.39,1599.34,1599.34,-0.0,9.92,15850.01,-1
2025-04-15,2025-04-15 11:14:00,1599.34,1599.34,1599.29,1599.29,-0.0,9.92,15850.01,-1
2025-04-15,2025-04-15 11:15:00,1599.29,1599.29,1599.25,1599.25,-0.0,9.92,15850.01,-1
2025-04-15,2025-04-15 11:16:00,1599.25,1599.25,1599.2,1599.2,-0.0,9.92,15850.01,-1
2025-04-15,2025-04-15 11:17:00,1599.2,1599.2,1599.15,1599.15,-0.0,9.92,15850.01,-1
2025-04-15,2025-04-15 11:18:00,1599.15,1599.15,1599.1,1599.1,-0.0,9.92,15850.01,-1
2025-04-15,2025-04-15 11:19:00,1599.1,1599.1,1599.06,1599.06,-0.0,9.92,15850.01,-1
2025-04-15,2025-04-15 11:20:00,1599.06,1599.06,1599.01,1599.01,-0.0,9.92,15850.01,-1
2025-04-15,2025-04-15 11:21:00,1599.01,1599.01,1598.96,1598.96,-0.0,9.92,15850.01,-1
2025-04-15,2025-04-15 11:22:00,1598.96,1598.96,1598.92,1598.92,-0.0,9.92,15850.01,-1
2025-04-15,2025-04-15 11:23:00,1598.92,1598.92,1598.87,1598.87,-0.0,9.92,15850.01,-1
2025-04-15,2025-04-15 11:24:00,1598.87,1598.87,1598.82,1598.82,-0.0,9.92,15850.01,-1
2025-04-15,2025-04-15 11:25:00,1598.82,1598.82,1598.77,1598.77,-0.0,9.92,15850.01,-1
2025-04-15,2025-04-15 11:26:00,1598.77,1598.77,1598.73,1598.73,-0.0,9.92,15850.01,-1
2025-04-15,2025-04-15 11:27:00,1598.73,1598.73,1598.68,1598.68,-0.0,9.92,15850.01,-1
2025-04-15,2025-04-15 11:28:00,1598.68,1598.68,1598.63,1598.63,-0.0,9.92,15850.01,-1
2025-04-15,2025-04-15 11:29:00,1598.63,1598.63,1598.59,1598.59,-0.0,9.92,15850.01,-1
2025-04-15,2025-04-15 11:30:00,1598.59,1598.59,1598.54,1598.54,-0.0,9.92,15850.01,-1
2025-04-15,2025-04-15 11:31:00,1598.54,1598.54,1598.49,1598.49,-0.0,9.92,15850.01,-1
2025-04-15,2025-04-15 11:32:00,1598.49,1598.49,1598.44,1598.44,-0.0,9.92,15850.01,-1
2025-04-15,2025-04-15 11:33:00,1598.44,1598.44,1598.4,1598.4,-0.0,9.92,15850.01,-1
2025-04-15,2025-04-15 11:34:00,1598.4,1598.4,1598.35,1598.35,-0.0,9.92,15850.01,-1
2025-04-15,2025-04-15 11:35:00,1598.35,1598.35,1598.3,1598.3,-0.0,9.92,15850.01,-1
2025-04-15,2025-04-15 11:36:00,1598.3,1598.3,1598.26,1598.26,-0.0,9.92,15850.01,-1
2025-04-15,2025-04-15 11:37:00,1598.26,1598.26,1598.21,1598.21,-0.0,9.92,15850.01,-1
2025-04-15,2025-04-15 11:38:00,1598.21,1598.21,1598.16,1598.16,-0.0,9.92,15850.01,-1
2025-04-15,2025-04-15 11:39:00,1598.16,1598.16,1598.12,1598.12,-0.0,9.92,15850.01,-1
2025-04-15,2025-04-15 11:40:00,1598.12,1598.12,1598.07,1598.07,-0.0,9.92,15850.01,-1
2025-04-15,2025-04-15 11:41:00,1598.07,1598.07,1598.02,1598.02,-0.0,9.92,15850.01,-1
2025-04-15,2025-04-15 11:42:00,1598.02,1598.02,1597.97,1597.97,-0.0,9.92,15850.01,-1
2025-04-15,2025-04-15 11:43:00,1597.97,1597.97,1597.93,1597.93,-0.0,9.92,15850.01,-1
2025-04-15,2025-04-15 11:44:00,1597.93,1597.93,1597.88,1597.88,-0.0,9.92,15850.01,-1
2025-04-15,2025-04-15 11:45:00,1597.88,1597.88,1597.83,1597.83,-0.0,9.92,15850.01,-1
2025-04-15,2025-04-15 11:46:00,1597.83,1597.83,1597.79,1597.79,-0.0,9.92,15850.01,-1
2025-04-15,2025-04-15 11:47:00,1597.79,1597.79,1597.74,1597.74,-0.0,9.92,15850.01,-1
2025-04-15,2025-04-15 11:48:00,1597.74,1597.74,1597.69,1597.69,-0.0,9.92,15850.01,-1
2025-04-15,2025-04-15 11:49:00,1597.69,1597.69,1597.64,1597.64,-0.0,9.92,15850.01,-1
2025-04-15,2025-04-15 11:50:00,1597.64,1597.64,1597.6,1597.6,-0.0,9.92,15850.01,-1
2025-04-15,2025-04-15 11:51:00,1597.6,1597.6,1597.55,1597.55,-0.0,9.92,15850.01,-1
2025-04-15,2025-04-15 11:52:00,1597.55,1597.55,1597.5,1597.5,-0.0,9.92,15850.01,-1
2025-04-15,2025-04-15 11:53:00,1597.5,1597.5,1597.46,1597.46,-0.0,9.92,15850.01,-1
2025-04-15,2025-04-15 11:54:00,1597.46,1597.46,1597.41,1597.41,-0.0,9.92,15850.01,-1
2025-04-15,2025-04-15 11:55:00,1597.41,1597.41,1597.36,1597.36,-0.0,9.92,15850.01,-1
2025-04-15,2025-04-15 11:56:00,1597.36,1597.36,1597.31,1597.31,-0.0,9.92,15850.01,-1
2025-04-15,2025-04-15 11:57:00,1597.31,1597.31,1597.27,1597.27,-0.0,9.92,15850.01,-1
2025-04-15,2025-04-15 11:58:00,1597.27,1597.27,1597.22,1597.22,-0.0,9.92,15850.01,-1
2025-04-15,2025-04-15 11:59:00,1597.22,1597.22,1597.17,1597.17,-0.0,9.92,15850.01,-1
2025-04-15,2025-04-15 12:00:00,1597.17,1597.17,1597.13,1597.13,-0.0,9.92,15850.01,-1
2025-04-15,2025-04-15 12:01:00,1597.13,1597.13,1597.08,1597.08,-0.0,9.92,15850.01,-1
2025-04-15,2025-04-15 12:02:00,1597.08,1597.08,1597.03,1597.03,-0.0,9.92,15850.01,-1
2025-04-15,2025-04-15 12:03:00,1597.03,1597.03,1596.98,1596.98,-0.0,9.92,15850.01,-1
2025-04-15,2025-04-15 12:04:00,1596.98,1596.98,1596.94,1596.94,-0.0,9.92,15850.01,-1
2025-04-15,2025-04-15 12:05:00,1596.94,1596.94,1596.89,1596.89,-0.0,9.92,15850.01,-1
2025-04-15,2025-04-15 12:06:00,1596.89,1596.89,1596.84,1596.84,-0.0,9.92,15850.01,-1
2025-04-15,2025-04-15 12:07:00,1596.84,1596.84,1596.8,1596.8,-0.0,9.92,15850.01,-1
2025-04-15,2025-04-15 12:08:00,1596.8,1596.8,1596.75,1596.75,-0.0,9.92,15850.01,-1
2025-04-15,2025-04-15 12:09:00,1596.75,1596.75,1596.7,1596.7,-0.0,9.92,15850.01,-1
2025-04-15,2025-04-15 12:10:00,1596.7,1596.7,1596.65,1596.65,-0.0,9.92,15850.01,-1
2025-04-15,2025-04-15 12:11:00,1596.65,1596.65,1596.61,1596.61,-0.0,9.92,15850.01,-1
2025-04-15,2025-04-15 12:12:00,1596.61,1596.61,1596.56,1596.56,-0.0,9.92,15850.01,-1
2025-04-15,2025-04-15 12:13:00,1596.56,1596.56,1596.51,1596.51,-0.0,9.92,15850.01,-1
2025-04-15,2025-04-15 12:14:00,1596.51,1596.51,1596.47,1596.47,-0.0,9.92,15850.01,-1
2025-04-15,2025-04-15 12:15:00,1596.47,1596.47,1596.42,1596.42,-0.0,9.92,15850.01,-1
2025-04-15,2025-04-15 12:16:00,1596.42,1596.42,1596.37,1596.37,-0.0,9.92,15850.01,-1
2025-04-15,2025-04-15 12:17:00,1596.37,1596.37,1596.32,1596.32,-0.0,9.92,15850.01,-1
2025-04-15,2025-04-15 12:18:00,1596.32,1596.32,1596.28,1596.28,-0.0,9.92,15850.01,-1
2025-04-15,2025-04-15 12:19:00,1596.28,1596.28,1596.23,1596.23,-0.0,9.92,15850.01,-1
2025-04-15,2025-04-15 12:20:00,1596.23,1596.23,1596.18,1596.18,-0.0,9.92,15850.01,-1
2025-04-15,2025-04-15 12:21:00,1596.18,1596.18,1596.14,1596.14,-0.0,9.92,15850.01,-1
2025-04-15,2025-04-15 12:22:00,1596.14,1596.14,1596.09,1596.09,-0.0,9.92,15850.01,-1
2025-04-15,2025-04-15 12:23:00,1596.09,1596.09,1596.04,1596.04,-0.0,9.92,15850.01,-1
2025-04-15,2025-04-15 12:24:00,1596.04,1596.04,1595.99,1595.99,-0.0,9.92,15850.01,-1
2025-04-15,2025-04-15 12:25:00,1595.99,1595.99,1595.95,1595.95,-0.0,9.92,15850.01,-1
2025-04-15,2025-04-15 12:26:00,1595.95,1595.95,1595.9,1595.9,-0.0,9.92,15850.01,-1
2025-04-15,2025-04-15 12:27:00,1595.9,1595.9,1595.85,1595.85,-0.0,9.92,15850.01,-1
2025-04-15,2025-04-15 12:28:00,1595.85,1595.85,1595.81,1595.81,-0.0,9.92,15850.01,-1
2025-04-15,2025-04-15 12:29:00,1595.81,1595.81,1595.76,1595.76,-0.0,9.92,15850.01,-1
2025-04-15,2025-04-15 12:30:00,1595.76,1595.76,1595.71,1595.71,-0.0,9.92,15850.01,-1
2025-04-15,2025-04-15 12:31:00,1595.71,1595.71,1595.66,1595.66,-0.0,9.92,15850.01,-1
2025-04-15,2025-04-15 12:32:00,1595.66,1595.66,1595.62,1595.62,-0.0,9.92,15850.01,-1
2025-04-15,2025-04-15 12:33:00,1595.62,1595.62,1595.57,1595.57,-0.0,9.92,15850.01,-1
2025-04-15,2025-04-15 12:34:00,1595.57,1595.57,1595.52,1595.52,-0.0,9.92,15850.01,-1
2025-04-15,2025-04-15 12:35:00,1595.52,1595.52,1595.48,1595.48,-0.0,9.92,15850.01,-1
2025-04-15,2025-04-15 12:36:00,1595.48,1595.48,1595.43,1595.43,-0.0,9.92,15850.01,-1
2025-04-15,2025-04-15 12:37:00,1595.43,1595.43,1595.38,1595.38,-0.0,9.92,15850.01,-1
2025-04-15,2025-04-15 12:38:00,1595.38,1595.38,1595.33,1595.33,-0.0,9.92,15850.01,-1
2025-04-15,2025-04-15 12:39:00,1595.33,1595.33,1595.29,1595.29,-0.0,9.92,15850.01,-1
2025-04-15,2025-04-15 12:40:00,1595.29,1595.29,1595.24,1595.24,-0.0,9.92,15850.01,-1
2025-04-15,2025-04-15 12:41:00,1595.24,1595.24,1595.19,1595.19,-0.0,9.92,15850.01,-1
2025-04-15,2025-04-15 12:42:00,1595.19,1595.19,1595.15,1595.15,-0.0,9.92,15850.01,-1
2025-04-15,2025-04-15 12:43:00,1595.15,1595.15,1595.1,1595.1,-0.0,9.92,15850.01,-1
2025-04-15,2025-04-15 12:44:00,1595.1,1595.1,1595.05,1595.05,-0.0,9.92,15850.01,-1
2025-04-15,2025-04-15 12:45:00,1595.05,1595.05,1595.0,1595.0,-0.0,9.92,15850.01,-1
2025-04-15,2025-04-15 12:46:00,1595.0,1595.0,1594.96,1594.96,-0.0,9.92,15850.01,-1
2025-04-15,2025-04-15 12:47:00,1594.96,1594.96,1594.91,1594.91,-0.0,9.92,15850.01,-1
2025-04-15,2025-04-15 12:48:00,1594.91,1594.91,1594.86,1594.86,-0.0,9.92,15850.01,-1
2025-04-15,2025-04-15 12:49:00,1594.86,1594.86,1594.82,1594.82,-0.0,9.92,15850.01,-1
2025-04-15,2025-04-15 12:50:00,1594.82,1594.82,1594.77,1594.77,-0.0,9.92,15850.01,-1
2025-04-15,2025-04-15 12:51:00,1594.77,1594.77,1594.72,1594.72,-0.0,9.92,15850.01,-1
2025-04-15,2025-04-15 12:52:00,1594.72,1594.72,1594.67,1594.67,-0.0,9.92,15850.01,-1
2025-04-15,2025-04-15 12:53:00,1594.67,1594.67,1594.63,1594.63,-0.0,9.92,15850.01,-1
2025-04-15,2025-04-15 12:54:00,1594.63,1594.63,1594.58,1594.58,-0.0,9.92,15850.01,-1
2025-04-15,2025-04-15 12:55:00,1594.58,1594.58,1594.53,1594.53,-0.0,9.92,15850.01,-1
2025-04-15,2025-04-15 12:56:00,1594.53,1594.53,1594.49,1594.49,-0.0,9.92,15850.01,-1
2025-04-15,2025-04-15 12:57:00,1594.49,1594.49,1594.44,1594.44,-0.0,9.92,15850.01,-1
2025-04-15,2025-04-15 12:58:00,1594.44,1594.44,1594.39,1594.39,-0.0,9.92,15850.01,-1
2025-04-15,2025-04-15 12:59:00,1594.39,1594.39,1594.35,1594.35,-0.0,9.92,15850.01,-1
2025-04-15,2025-04-15 13:00:00,1594.35,1614.0,1580.0,1594.3,-0.0,9.92,15850.01,-1
2025-04-15,2025-04-15 13:01:00,1594.3,1594.3,1594.25,1594.25,-0.0,9.92,15850.01,-1
2025-04-15,2025-04-15 13:02:00,1594.25,1594.25,1594.2,1594.2,-0.0,9.92,15850.01,-1
2025-04-15,2025-04-15 13:03:00,1594.2,1594.2,1594.16,1594.16,-0.0,9.92,15850.01,-1
2025-04-15,2025-04-15 13:04:00,1594.16,1594.16,1594.11,1594.11,-0.0,9.92,15850.01,-1
2025-04-15,2025-04-15 13:05:00,1594.11,1594.11,1594.06,1594.06,-0.0,9.92,15850.01,-1
2025-04-15,2025-04-15 13:06:00,1594.06,1594.06,1594.02,1594.02,-0.0,9.92,15850.01,-1
2025-04-15,2025-04-15 13:07:00,1594.02,1594.02,1593.97,1593.97,-0.0,9.92,15850.01,-1
2025-04-15,2025-04-15 13:08:00,1593.97,1593.97,1593.92,1593.92,-0.0,9.92,15850.01,-1
2025-04-15,2025-04-15 13:09:00,1593.92,1593.92,1593.87,1593.87,-0.0,9.92,15850.01,-1
2025-04-15,2025-04-15 13:10:00,1593.87,1593.87,1593.83,1593.83,-0.0,9.92,15850.01,-1
2025-04-15,2025-04-15 13:11:00,1593.83,1593.83,1593.78,1593.78,-0.0,9.92,15850.01,-1
2025-04-15,2025-04-15 13:12:00,1593.78,1593.78,1593.73,1593.73,-0.0,9.92,15850.01,-1
2025-04-15,2025-04-15 13:13:00,1593.73,1593.73,1593.69,1593.69,-0.0,9.92,15850.01,-1
2025-04-15,2025-04-15 13:14:00,1593.69,1593.69,1593.64,1593.64,-0.0,9.92,15850.01,-1
2025-04-15,2025-04-15 13:15:00,1593.64,1593.64,1593.59,1593.59,-0.0,9.92,15850.01,-1
2025-04-15,2025-04-15 13:16:00,1593.59,1593.59,1593.54,1593.54,-0.0,9.92,15850.01,-1
2025-04-15,2025-04-15 13:17:00,1593.54,1593.54,1593.5,1593.5,-0.0,9.92,15850.01,-1
2025-04-15,2025-04-15 13:18:00,1593.5,1593.5,1593.45,1593.45,-0.0,9.92,15850.01,-1
2025-04-15,2025-04-15 13:19:00,1593.45,1593.45,1593.4,1593.4,-0.0,9.92,15850.01,-1
2025-04-15,2025-04-15 13:20:00,1593.4,1593.4,1593.36,1593.36,-0.0,9.92,15850.01,-1
2025-04-15,2025-04-15 13:21:00,1593.36,1593.36,1593.31,1593.31,-0.0,9.92,15850.01,-1
2025-04-15,2025-04-15 13:22:00,1593.31,1593.31,1593.26,1593.26,-0.0,9.92,15850.01,-1
2025-04-15,2025-04-15 13:23:00,1593.26,1593.26,1593.21,1593.21,-0.0,9.92,15850.01,-1
2025-04-15,2025-04-15 13:24:00,1593.21,1593.21,1593.17,1593.17,-0.0,9.92,15850.01,-1
2025-04-15,2025-04-15 13:25:00,1593.17,1593.17,1593.12,1593.12,-0.0,9.92,15850.01,-1
2025-04-15,2025-04-15 13:26:00,1593.12,1593.12,1593.07,1593.07,-0.0,9.92,15850.01,-1
2025-04-15,2025-04-15 13:27:00,1593.07,1593.07,1593.03,1593.03,-0.0,9.92,15850.01,-1
2025-04-15,2025-04-15 13:28:00,1593.03,1593.03,1592.98,1592.98,-0.0,9.92,15850.01,-1
2025-04-15,2025-04-15 13:29:00,1592.98,1592.98,1592.93,1592.93,-0.0,9.92,15850.01,-1
2025-04-15,2025-04-15 13:30:00,1592.93,1592.93,1592.88,1592.88,-0.0,9.92,15850.01,-1
2025-04-15,2025-04-15 13:31:00,1592.88,1592.88,1592.84,1592.84,-0.0,9.92,15850.01,-1
2025-04-15,2025-04-15 13:32:00,1592.84,1592.84,1592.79,1592.79,-0.0,9.92,15850.01,-1
2025-04-15,2025-04-15 13:33:00,1592.79,1592.79,1592.74,1592.74,-0.0,9.92,15850.01,-1
2025-04-15,2025-04-15 13:34:00,1592.74,1592.74,1592.7,1592.7,-0.0,9.92,15850.01,-1
2025-04-15,2025-04-15 13:35:00,1592.7,1592.7,1592.65,1592.65,-0.0,9.92,15850.01,-1
2025-04-15,2025-04-15 13:36:00,1592.65,1592.65,1592.6,1592.6,-0.0,9.92,15850.01,-1
2025-04-15,2025-04-15 13:37:00,1592.6,1592.6,1592.55,1592.55,-0.0,9.92,15850.01,-1
2025-04-15,2025-04-15 13:38:00,1592.55,1592.55,1592.51,1592.51,-0.0,9.92,15850.01,-1
2025-04-15,2025-04-15 13:39:00,1592.51,1592.51,1592.46,1592.46,-0.0,9.92,15850.01,-1
2025-04-15,2025-04-15 13:40:00,1592.46,1592.46,1592.41,1592.41,-0.0,9.92,15850.01,-1
2025-04-15,2025-04-15 13:41:00,1592.41,1592.41,1592.37,1592.37,-0.0,9.92,15850.01,-1
2025-04-15,2025-04-15 13:42:00,1592.37,1592.37,1592.32,1592.32,-0.0,9.92,15850.01,-1
2025-04-15,2025-04-15 13:43:00,1592.32,1592.32,1592.27,1592.27,-0.0,9.92,15850.01,-1
2025-04-15,2025-04-15 13:44:00,1592.27,1592.27,1592.22,1592.22,-0.0,9.92,15850.01,-1
2025-04-15,2025-04-15 13:45:00,1592.22,1592.22,1592.18,1592.18,-0.0,9.92,15850.01,-1
2025-04-15,2025-04-15 13:46:00,1592.18,1592.18,1592.13,1592.13,-0.0,9.92,15850.01,-1
2025-04-15,2025-04-15 13:47:00,1592.13,1592.13,1592.08,1592.08,-0.0,9.92,15850.01,-1
2025-04-15,2025-04-15 13:48:00,1592.08,1592.08,1592.04,1592.04,-0.0,9.92,15850.01,-1
2025-04-15,2025-04-15 13:49:00,1592.04,1592.04,1591.99,1591.99,-0.0,9.92,15850.01,-1
2025-04-15,2025-04-15 13:50:00,1591.99,1591.99,1591.94,1591.94,-0.0,9.92,15850.01,-1
2025-04-15,2025-04-15 13:51:00,1591.94,1591.94,1591.89,1591.89,-0.0,9.92,15850.01,-1
2025-04-15,2025-04-15 13:52:00,1591.89,1591.89,1591.85,1591.85,-0.0,9.92,15850.01,-1
2025-04-15,2025-04-15 13:53:00,1591.85,1591.85,1591.8,1591.8,-0.0,9.92,15850.01,-1
2025-04-15,2025-04-15 13:54:00,1591.8,1591.8,1591.75,1591.75,-0.0,9.92,15850.01,-1
2025-04-15,2025-04-15 13:55:00,1591.75,1591.75,1591.71,1591.71,-0.0,9.92,15850.01,-1
2025-04-15,2025-04-15 13:56:00,1591.71,1591.71,1591.66,1591.66,-0.0,9.92,15850.01,-1
2025-04-15,2025-04-15 13:57:00,1591.66,1591.66,1591.61,1591.61,-0.0,9.92,15850.01,-1
2025-04-15,2025-04-15 13:58:00,1591.61,1591.61,1591.56,1591.56,-0.0,9.92,15850.01,-1
2025-04-15,2025-04-15 13:59:00,1591.56,1591.56,1591.52,1591.52,-0.0,9.92,15850.01,-1
2025-04-15,2025-04-15 14:00:00,1591.52,1591.52,1591.47,1591.47,-0.0,9.92,15850.01,-1
2025-04-15,2025-04-15 14:01:00,1591.47,1591.47,1591.42,1591.42,-0.0,9.92,15850.01,-1
2025-04-15,2025-04-15 14:02:00,1591.42,1591.42,1591.38,1591.38,-0.0,9.92,15850.01,-1
2025-04-15,2025-04-15 14:03:00,1591.38,1591.38,1591.33,1591.33,-0.0,9.92,15850.01,-1
2025-04-15,2025-04-15 14:04:00,1591.33,1591.33,1591.28,1591.28,-0.0,9.92,15850.01,-1
2025-04-15,2025-04-15 14:05:00,1591.28,1591.28,1591.23,1591.23,-0.0,9.92,15850.01,-1
2025-04-15,2025-04-15 14:06:00,1591.23,1591.23,1591.19,1591.19,-0.0,9.92,15850.01,-1
2025-04-15,2025-04-15 14:07:00,1591.19,1591.19,1591.14,1591.14,-0.0,9.92,15850.01,-1
2025-04-15,2025-04-15 14:08:00,1591.14,1591.14,1591.09,1591.09,-0.0,9.92,15850.01,-1
2025-04-15,2025-04-15 14:09:00,1591.09,1591.09,1591.05,1591.05,-0.0,9.92,15850.01,-1
2025-04-15,2025-04-15 14:10:00,1591.05,1591.05,1591.0,1591.0,-0.0,9.92,15850.01,-1
2025-04-15,2025-04-15 14:11:00,1591.0,1591.0,1590.95,1590.95,-0.0,9.92,15850.01,-1
2025-04-15,2025-04-15 14:12:00,1590.95,1590.95,1590.9,1590.9,-0.0,9.92,15850.01,-1
2025-04-15,2025-04-15 14:13:00,1590.9,1590.9,1590.86,1590.86,-0.0,9.92,15850.01,-1
2025-04-15,2025-04-15 14:14:00,1590.86,1590.86,1590.81,1590.81,-0.0,9.92,15850.01,-1
2025-04-15,2025-04-15 14:15:00,1590.81,1590.81,1590.76,1590.76,-0.0,9.92,15850.01,-1
2025-04-15,2025-04-15 14:16:00,1590.76,1590.76,1590.72,1590.72,-0.0,9.92,15850.01,-1
2025-04-15,2025-04-15 14:17:00,1590.72,1590.72,1590.67,1590.67,-0.0,9.92,15850.01,-1
2025-04-15,2025-04-15 14:18:00,1590.67,1590.67,1590.62,1590.62,-0.0,9.92,15850.01,-1
2025-04-15,2025-04-15 14:19:00,1590.62,1590.62,1590.58,1590.58,-0.0,9.92,15850.01,-1
2025-04-15,2025-04-15 14:20:00,1590.58,1590.58,1590.53,1590.53,-0.0,9.92,15850.01,-1
2025-04-15,2025-04-15 14:21:00,1590.53,1590.53,1590.48,1590.48,-0.0,9.92,15850.01,-1
2025-04-15,2025-04-15 14:22:00,1590.48,1590.48,1590.43,1590.43,-0.0,9.92,15850.01,-1
2025-04-15,2025-04-15 14:23:00,1590.43,1590.43,1590.39,1590.39,-0.0,9.92,15850.01,-1
2025-04-15,2025-04-15 14:24:00,1590.39,1590.39,1590.34,1590.34,-0.0,9.92,15850.01,-1
2025-04-15,2025-04-15 14:25:00,1590.34,1590.34,1590.29,1590.29,-0.0,9.92,15850.01,-1
2025-04-15,2025-04-15 14:26:00,1590.29,1590.29,1590.25,1590.25,-0.0,9.92,15850.01,-1
2025-04-15,2025-04-15 14:27:00,1590.25,1590.25,1590.2,1590.2,-0.0,9.92,15850.01,-1
2025-04-15,2025-04-15 14:28:00,1590.2,1590.2,1590.15,1590.15,-0.0,9.92,15850.01,-1
2025-04-15,2025-04-15 14:29:00,1590.15,1590.15,1590.1,1590.1,-0.0,9.92,15850.01,-1
2025-04-15,2025-04-15 14:30:00,1590.1,1590.1,1590.06,1590.06,-0.0,9.92,15850.01,-1
2025-04-15,2025-04-15 14:31:00,1590.06,1590.06,1590.01,1590.01,-0.0,9.92,15850.01,-1
2025-04-15,2025-04-15 14:32:00,1590.01,1590.01,1589.96,1589.96,-0.0,9.92,15850.01,-1
2025-04-15,2025-04-15 14:33:00,1589.96,1589.96,1589.92,1589.92,-0.0,9.92,15850.01,-1
2025-04-15,2025-04-15 14:34:00,1589.92,1589.92,1589.87,1589.87,-0.0,9.92,15850.01,-1
2025-04-15,2025-04-15 14:35:00,1589.87,1589.87,1589.82,1589.82,-0.0,9.92,15850.01,-1
2025-04-15,2025-04-15 14:36:00,1589.82,1589.82,1589.77,1589.77,-0.0,9.92,15850.01,-1
2025-04-15,2025-04-15 14:37:00,1589.77,1589.77,1589.73,1589.73,-0.0,9.92,15850.01,-1
2025-04-15,2025-04-15 14:38:00,1589.73,1589.73,1589.68,1589.68,-0.0,9.92,15850.01,-1
2025-04-15,2025-04-15 14:39:00,1589.68,1589.68,1589.63,1589.63,-0.0,9.92,15850.01,-1
2025-04-15,2025-04-15 14:40:00,1589.63,1589.63,1589.59,1589.59,-0.0,9.92,15850.01,-1
2025-04-15,2025-04-15 14:41:00,1589.59,1589.59,1589.54,1589.54,-0.0,9.92,15850.01,-1
2025-04-15,2025-04-15 14:42:00,1589.54,1589.54,1589.49,1589.49,-0.0,9.92,15850.01,-1
2025-04-15,2025-04-15 14:43:00,1589.49,1589.49,1589.44,1589.44,-0.0,9.92,15850.01,-1
2025-04-15,2025-04-15 14:44:00,1589.44,1589.44,1589.4,1589.4,-0.0,9.92,15850.01,-1
2025-04-15,2025-04-15 14:45:00,1589.4,1589.4,1589.35,1589.35,-0.0,9.92,15850.01,-1
2025-04-15,2025-04-15 14:46:00,1589.35,1589.35,1589.3,1589.3,-0.0,9.92,15850.01,-1
2025-04-15,2025-04-15 14:47:00,1589.3,1589.3,1589.26,1589.26,-0.0,9.92,15850.01,-1
2025-04-15,2025-04-15 14:48:00,1589.26,1589.26,1589.21,1589.21,-0.0,9.92,15850.01,-1
2025-04-15,2025-04-15 14:49:00,1589.21,1589.21,1589.16,1589.16,-0.0,9.92,15850.01,-1
2025-04-15,2025-04-15 14:50:00,1589.16,1589.16,1589.11,1589.11,-0.0,9.92,15850.01,-1
2025-04-15,2025-04-15 14:51:00,1589.11,1589.11,1589.07,1589.07,-0.0,9.92,15850.01,-1
2025-04-15,2025-04-15 14:52:00,1589.07,1589.07,1589.02,1589.02,-0.0,9.92,15850.01,-1
2025-04-15,2025-04-15 14:53:00,1589.02,1589.02,1588.97,1588.97,-0.0,9.92,15850.01,-1
2025-04-15,2025-04-15 14:54:00,1588.97,1588.97,1588.93,1588.93,-0.0,9.92,15850.01,-1
2025-04-15,2025-04-15 14:55:00,1588.93,1588.93,1588.88,1588.88,-0.0,9.92,15850.01,-1
2025-04-15,2025-04-15 14:56:00,1588.88,1588.88,1588.83,1588.83,-0.0,9.92,15850.01,-1
2025-04-15,2025-04-15 14:57:00,1588.83,1588.83,1588.78,1588.78,-0.0,9.92,15850.01,-1
2025-04-15,2025-04-15 14:58:00,1588.78,1588.78,1588.74,1588.74,-0.0,9.92,15850.01,-1
2025-04-15,2025-04-15 14:59:00,1588.74,1588.74,1588.69,1588.69,-0.0,9.92,15850.01,-1
2025-04-15,2025-04-15 15:00:00,1588.69,1614.0,1580.0,1588.69,0.0,9.92,15850.01,0
2025-04-16,2025-04-16 11:00:00,1614.0,1614.0,1602.3,1613.9,-0.01,4.03,6407.14,-1
2025-04-16,2025-04-16 11:01:00,1613.9,1613.9,1613.8,1613.8,-0.01,4.03,6407.14,-1
2025-04-16,2025-04-16 11:02:00,1613.8,1613.8,1613.7,1613.7,-0.01,4.03,6407.14,-1
2025-04-16,2025-04-16 11:03:00,1613.7,1613.7,1613.59,1613.59,-0.01,4.03,6407.14,-1
2025-04-16,2025-04-16 11:04:00,1613.59,1613.59,1613.49,1613.49,-0.01,4.03,6407.14,-1
2025-04-16,2025-04-16 11:05:00,1613.49,1613.49,1613.39,1613.39,-0.01,4.03,6407.14,-1
2025-04-16,2025-04-16 11:06:00,1613.39,1613.39,1613.29,1613.29,-0.01,4.03,6407.14,-1
2025-04-16,2025-04-16 11:07:00,1613.29,1613.29,1613.19,1613.19,-0.01,4.03,6407.14,-1
2025-04-16,2025-04-16 11:08:00,1613.19,1613.19,1613.09,1613.09,-0.01,4.03,6407.14,-1
2025-04-16,2025-04-16 11:09:00,1613.09,1613.09,1612.98,1612.98,-0.01,4.03,6407.14,-1
2025-04-16,2025-04-16 11:10:00,1612.98,1612.98,1612.88,1612.88,-0.01,4.03,6407.14,-1
2025-04-16,2025-04-16 11:11:00,1612.88,1612.88,1612.78,1612.78,-0.01,4.03,6407.14,-1
2025-04-16,2025-04-16 11:12:00,1612.78,1612.78,1612.68,1612.68,-0.01,4.03,6407.14,-1
2025-04-16,2025-04-16 11:13:00,1612.68,1612.68,1612.58,1612.58,-0.01,4.03,6407.14,-1
2025-04-16,2025-04-16 11:14:00,1612.58,1612.58,1612.48,1612.48,-0.01,4.03,6407.14,-1
2025-04-16,2025-04-16 11:15:00,1612.48,1612.48,1612.38,1612.38,-0.01,4.03,6407.14,-1
2025-04-16,2025-04-16 11:16:00,1612.38,1612.38,1612.27,1612.27,-0.01,4.03,6407.14,-1
2025-04-16,2025-04-16 11:17:00,1612.27,1612.27,1612.17,1612.17,-0.01,4.03,6407.14,-1
2025-04-16,2025-04-16 11:18:00,1612.17,1612.17,1612.07,1612.07,-0.01,4.03,6407.14,-1
2025-04-16,2025-04-16 11:19:00,1612.07,1612.07,1611.97,1611.97,-0.01,4.03,6407.14,-1
2025-04-16,2025-04-16 11:20:00,1611.97,1611.97,1611.87,1611.87,-0.01,4.03,6407.14,-1
2025-04-16,2025-04-16 11:21:00,1611.87,1611.87,1611.77,1611.77,-0.01,4.03,6407.14,-1
2025-04-16,2025-04-16 11:22:00,1611.77,1611.77,1611.66,1611.66,-0.01,4.03,6407.14,-1
2025-04-16,2025-04-16 11:23:00,1611.66,1611.66,1611.56,1611.56,-0.01,4.03,6407.14,-1
2025-04-16,2025-04-16 11:24:00,1611.56,1611.56,1611.46,1611.46,-0.01,4.03,6407.14,-1
2025-04-16,2025-04-16 11:25:00,1611.46,1611.46,1611.36,1611.36,-0.01,4.03,6407.14,-1
2025-04-16,2025-04-16 11:26:00,1611.36,1611.36,1611.26,1611.26,-0.01,4.03,6407.14,-1
2025-04-16,2025-04-16 11:27:00,1611.26,1611.26,1611.16,1611.16,-0.01,4.03,6407.14,-1
2025-04-16,2025-04-16 11:28:00,1611.16,1611.16,1611.06,1611.06,-0.01,4.03,6407.14,-1
2025-04-16,2025-04-16 11:29:00,1611.06,1611.06,1610.95,1610.95,-0.01,4.03,6407.14,-1
2025-04-16,2025-04-16 11:30:00,1610.95,1610.95,1610.85,1610.85,-0.01,4.03,6407.14,-1
2025-04-16,2025-04-16 11:31:00,1610.85,1610.85,1610.75,1610.75,-0.01,4.03,6407.14,-1
2025-04-16,2025-04-16 11:32:00,1610.75,1610.75,1610.65,1610.65,-0.01,4.03,6407.14,-1
2025-04-16,2025-04-16 11:33:00,1610.65,1610.65,1610.55,1610.55,-0.01,4.03,6407.14,-1
2025-04-16,2025-04-16 11:34:00,1610.55,1610.55,1610.45,1610.45,-0.01,4.03,6407.14,-1
2025-04-16,2025-04-16 11:35:00,1610.45,1610.45,1610.34,1610.34,-0.01,4.03,6407.14,-1
2025-04-16,2025-04-16 11:36:00,1610.34,1610.34,1610.24,1610.24,-0.01,4.03,6407.14,-1
2025-04-16,2025-04-16 11:37:00,1610.24,1610.24,1610.14,1610.14,-0.01,4.03,6407.14,-1
2025-04-16,2025-04-16 11:38:00,1610.14,1610.14,1610.04,1610.04,-0.01,4.03,6407.14,-1
2025-04-16,2025-04-16 11:39:00,1610.04,1610.04,1609.94,1609.94,-0.01,4.03,6407.14,-1
2025-04-16,2025-04-16 11:40:00,1609.94,1609.94,1609.84,1609.84,-0.01,4.03,6407.14,-1
2025-04-16,2025-04-16 11:41:00,1609.84,1609.84,1609.74,1609.74,-0.01,4.03,6407.14,-1
2025-04-16,2025-04-16 11:42:00,1609.74,1609.74,1609.63,1609.63,-0.01,4.03,6407.14,-1
2025-04-16,2025-04-16 11:43:00,1609.63,1609.63,1609.53,1609.53,-0.01,4.03,6407.14,-1
2025-04-16,2025-04-16 11:44:00,1609.53,1609.53,1609.43,1609.43,-0.01,4.03,6407.14,-1
2025-04-16,2025-04-16 11:45:00,1609.43,1609.43,1609.33,1609.33,-0.01,4.03,6407.14,-1
2025-04-16,2025-04-16 11:46:00,1609.33,1609.33,1609.23,1609.23,-0.01,4.03,6407.14,-1
2025-04-16,2025-04-16 11:47:00,1609.23,1609.23,1609.13,1609.13,-0.01,4.03,6407.14,-1
2025-04-16,2025-04-16 11:48:00,1609.13,1609.13,1609.02,1609.02,-0.01,4.03,6407.14,-1
2025-04-16,2025-04-16 11:49:00,1609.02,1609.02,1608.92,1608.92,-0.01,4.03,6407.14,-1
2025-04-16,2025-04-16 11:50:00,1608.92,1608.92,1608.82,1608.82,-0.01,4.03,6407.14,-1
2025-04-16,2025-04-16 11:51:00,1608.82,1608.82,1608.72,1608.72,-0.01,4.03,6407.14,-1
2025-04-16,2025-04-16 11:52:00,1608.72,1608.72,1608.62,1608.62,-0.01,4.03,6407.14,-1
2025-04-16,2025-04-16 11:53:00,1608.62,1608.62,1608.52,1608.52,-0.01,4.03,6407.14,-1
2025-04-16,2025-04-16 11:54:00,1608.52,1608.52,1608.42,1608.42,-0.01,4.03,6407.14,-1
2025-04-16,2025-04-16 11:55:00,1608.42,1608.42,1608.31,1608.31,-0.01,4.03,6407.14,-1
2025-04-16,2025-04-16 11:56:00,1608.31,1608.31,1608.21,1608.21,-0.01,4.03,6407.14,-1
2025-04-16,2025-04-16 11:57:00,1608.21,1608.21,1608.11,1608.11,-0.01,4.03,6407.14,-1
2025-04-16,2025-04-16 11:58:00,1608.11,1608.11,1608.01,1608.01,-0.01,4.03,6407.14,-1
2025-04-16,2025-04-16 11:59:00,1608.01,1608.01,1607.91,1607.91,-0.01,4.03,6407.14,-1
2025-04-16,2025-04-16 12:00:00,1607.91,1607.91,1607.81,1607.81,-0.01,4.03,6407.14,-1
2025-04-16,2025-04-16 12:01:00,1607.81,1607.81,1607.7,1607.7,-0.01,4.03,6407.14,-1
2025-04-16,2025-04-16 12:02:00,1607.7,1607.7,1607.6,1607.6,-0.01,4.03,6407.14,-1
2025-04-16,2025-04-16 12:03:00,1607.6,1607.6,1607.5,1607.5,-0.01,4.03,6407.14,-1
2025-04-16,2025-04-16 12:04:00,1607.5,1607.5,1607.4,1607.4,-0.01,4.03,6407.14,-1
2025-04-16,2025-04-16 12:05:00,1607.4,1607.4,1607.3,1607.3,-0.01,4.03,6407.14,-1
2025-04-16,2025-04-16 12:06:00,1607.3,1607.3,1607.2,1607.2,-0.01,4.03,6407.14,-1
2025-04-16,2025-04-16 12:07:00,1607.2,1607.2,1607.1,1607.1,-0.01,4.03,6407.14,-1
2025-04-16,2025-04-16 12:08:00,1607.1,1607.1,1606.99,1606.99,-0.01,4.03,6407.14,-1
2025-04-16,2025-04-16 12:09:00,1606.99,1606.99,1606.89,1606.89,-0.01,4.03,6407.14,-1
2025-04-16,2025-04-16 12:10:00,1606.89,1606.89,1606.79,1606.79,-0.01,4.03,6407.14,-1
2025-04-16,2025-04-16 12:11:00,1606.79,1606.79,1606.69,1606.69,-0.01,4.03,6407.14,-1
2025-04-16,2025-04-16 12:12:00,1606.69,1606.69,1606.59,1606.59,-0.01,4.03,6407.14,-1
2025-04-16,2025-04-16 12:13:00,1606.59,1606.59,1606.49,1606.49,-0.01,4.03,6407.14,-1
2025-04-16,2025-04-16 12:14:00,1606.49,1606.49,1606.38,1606.38,-0.01,4.03,6407.14,-1
2025-04-16,2025-04-16 12:15:00,1606.38,1606.38,1606.28,1606.28,-0.01,4.03,6407.14,-1
2025-04-16,2025-04-16 12:16:00,1606.28,1606.28,1606.18,1606.18,-0.01,4.03,6407.14,-1
2025-04-16,2025-04-16 12:17:00,1606.18,1606.18,1606.08,1606.08,-0.01,4.03,6407.14,-1
2025-04-16,2025-04-16 12:18:00,1606.08,1606.08,1605.98,1605.98,-0.01,4.03,6407.14,-1
2025-04-16,2025-04-16 12:19:00,1605.98,1605.98,1605.88,1605.88,-0.01,4.03,6407.14,-1
2025-04-16,2025-04-16 12:20:00,1605.88,1605.88,1605.78,1605.78,-0.01,4.03,6407.14,-1
2025-04-16,2025-04-16 12:21:00,1605.78,1605.78,1605.67,1605.67,-0.01,4.03,6407.14,-1
2025-04-16,2025-04-16 12:22:00,1605.67,1605.67,1605.57,1605.57,-0.01,4.03,6407.14,-1
2025-04-16,2025-04-16 12:23:00,1605.57,1605.57,1605.47,1605.47,-0.01,4.03,6407.14,-1
2025-04-16,2025-04-16 12:24:00,1605.47,1605.47,1605.37,1605.37,-0.01,4.03,6407.14,-1
2025-04-16,2025-04-16 12:25:00,1605.37,1605.37,1605.27,1605.27,-0.01,4.03,6407.14,-1
2025-04-16,2025-04-16 12:26:00,1605.27,1605.27,1605.17,1605.17,-0.01,4.03,6407.14,-1
2025-04-16,2025-04-16 12:27:00,1605.17,1605.17,1605.06,1605.06,-0.01,4.03,6407.14,-1
2025-04-16,2025-04-16 12:28:00,1605.06,1605.06,1604.96,1604.96,-0.01,4.03,6407.14,-1
2025-04-16,2025-04-16 12:29:00,1604.96,1604.96,1604.86,1604.86,-0.01,4.03,6407.14,-1
2025-04-16,2025-04-16 12:30:00,1604.86,1604.86,1604.76,1604.76,-0.01,4.03,6407.14,-1
2025-04-16,2025-04-16 12:31:00,1604.76,1604.76,1604.66,1604.66,-0.01,4.03,6407.14,-1
2025-04-16,2025-04-16 12:32:00,1604.66,1604.66,1604.56,1604.56,-0.01,4.03,6407.14,-1
2025-04-16,2025-04-16 12:33:00,1604.56,1604.56,1604.46,1604.46,-0.01,4.03,6407.14,-1
2025-04-16,2025-04-16 12:34:00,1604.46,1604.46,1604.35,1604.35,-0.01,4.03,6407.14,-1
2025-04-16,2025-04-16 12:35:00,1604.35,1604.35,1604.25,1604.25,-0.01,4.03,6407.14,-1
2025-04-16,2025-04-16 12:36:00,1604.25,1604.25,1604.15,1604.15,-0.01,4.03,6407.14,-1
2025-04-16,2025-04-16 12:37:00,1604.15,1604.15,1604.05,1604.05,-0.01,4.03,6407.14,-1
2025-04-16,2025-04-16 12:38:00,1604.05,1604.05,1603.95,1603.95,-0.01,4.03,6407.14,-1
2025-04-16,2025-04-16 12:39:00,1603.95,1603.95,1603.85,1603.85,-0.01,4.03,6407.14,-1
2025-04-16,2025-04-16 12:40:00,1603.85,1603.85,1603.74,1603.74,-0.01,4.03,6407.14,-1
2025-04-16,2025-04-16 12:41:00,1603.74,1603.74,1603.64,1603.64,-0.01,4.03,6407.14,-1
2025-04-16,2025-04-16 12:42:00,1603.64,1603.64,1603.54,1603.54,-0.01,4.03,6407.14,-1
2025-04-16,2025-04-16 12:43:00,1603.54,1603.54,1603.44,1603.44,-0.01,4.03,6407.14,-1
2025-04-16,2025-04-16 12:44:00,1603.44,1603.44,1603.34,1603.34,-0.01,4.03,6407.14,-1
2025-04-16,2025-04-16 12:45:00,1603.34,1603.34,1603.24,1603.24,-0.01,4.03,6407.14,-1
2025-04-16,2025-04-16 12:46:00,1603.24,1603.24,1603.14,1603.14,-0.01,4.03,6407.14,-1
2025-04-16,2025-04-16 12:47:00,1603.14,1603.14,1603.03,1603.03,-0.01,4.03,6407.14,-1
2025-04-16,2025-04-16 12:48:00,1603.03,1603.03,1602.93,1602.93,-0.01,4.03,6407.14,-1
2025-04-16,2025-04-16 12:49:00,1602.93,1602.93,1602.83,1602.83,-0.01,4.03,6407.14,-1
2025-04-16,2025-04-16 12:50:00,1602.83,1602.83,1602.73,1602.73,-0.01,4.03,6407.14,-1
2025-04-16,2025-04-16 12:51:00,1602.73,1602.73,1602.63,1602.63,-0.01,4.03,6407.14,-1
2025-04-16,2025-04-16 12:52:00,1602.63,1602.63,1602.53,1602.53,-0.01,4.03,6407.14,-1
2025-04-16,2025-04-16 12:53:00,1602.53,1602.53,1602.42,1602.42,-0.01,4.03,6407.14,-1
2025-04-16,2025-04-16 12:54:00,1602.42,1602.42,1602.32,1602.32,-0.01,4.03,6407.14,-1
2025-04-16,2025-04-16 12:55:00,1602.32,1602.32,1602.22,1602.22,-0.01,4.03,6407.14,-1
2025-04-16,2025-04-16 12:56:00,1602.22,1602.22,1602.12,1602.12,-0.01,4.03,6407.14,-1
2025-04-16,2025-04-16 12:57:00,1602.12,1602.12,1602.02,1602.02,-0.01,4.03,6407.14,-1
2025-04-16,2025-04-16 12:58:00,1602.02,1602.02,1601.92,1601.92,-0.01,4.03,6407.14,-1
2025-04-16,2025-04-16 12:59:00,1601.92,1601.92,1601.82,1601.82,-0.01,4.03,6407.14,-1
2025-04-16,2025-04-16 13:00:00,1601.82,1614.0,1575.0,1601.71,-0.01,4.03,6407.14,-1
2025-04-16,2025-04-16 13:01:00,1601.71,1601.71,1601.61,1601.61,-0.01,4.03,6407.14,-1
2025-04-16,2025-04-16 13:02:00,1601.61,1601.61,1601.51,1601.51,-0.01,4.03,6407.14,-1
2025-04-16,2025-04-16 13:03:00,1601.51,1601.51,1601.41,1601.41,-0.01,4.03,6407.14,-1
2025-04-16,2025-04-16 13:04:00,1601.41,1601.41,1601.31,1601.31,-0.01,4.03,6407.14,-1
2025-04-16,2025-04-16 13:05:00,1601.31,1601.31,1601.21,1601.21,-0.01,4.03,6407.14,-1
2025-04-16,2025-04-16 13:06:00,1601.21,1601.21,1601.1,1601.1,-0.01,4.03,6407.14,-1
2025-04-16,2025-04-16 13:07:00,1601.1,1601.1,1601.0,1601.0,-0.01,4.03,6407.14,-1
2025-04-16,2025-04-16 13:08:00,1601.0,1601.0,1600.9,1600.9,-0.01,4.03,6407.14,-1
2025-04-16,2025-04-16 13:09:00,1600.9,1600.9,1600.8,1600.8,-0.01,4.03,6407.14,-1
2025-04-16,2025-04-16 13:10:00,1600.8,1600.8,1600.7,1600.7,-0.01,4.03,6407.14,-1
2025-04-16,2025-04-16 13:11:00,1600.7,1600.7,1600.6,1600.6,-0.01,4.03,6407.14,-1
2025-04-16,2025-04-16 13:12:00,1600.6,1600.6,1600.49,1600.49,-0.01,4.03,6407.14,-1
2025-04-16,2025-04-16 13:13:00,1600.49,1600.49,1600.39,1600.39,-0.01,4.03,6407.14,-1
2025-04-16,2025-04-16 13:14:00,1600.39,1600.39,1600.29,1600.29,-0.01,4.03,6407.14,-1
2025-04-16,2025-04-16 13:15:00,1600.29,1600.29,1600.19,1600.19,-0.01,4.03,6407.14,-1
2025-04-16,2025-04-16 13:16:00,1600.19,1600.19,1600.09,1600.09,-0.01,4.03,6407.14,-1
2025-04-16,2025-04-16 13:17:00,1600.09,1600.09,1599.99,1599.99,-0.01,4.03,6407.14,-1
2025-04-16,2025-04-16 13:18:00,1599.99,1599.99,1599.89,1599.89,-0.01,4.03,6407.14,-1
2025-04-16,2025-04-16 13:19:00,1599.89,1599.89,1599.78,1599.78,-0.01,4.03,6407.14,-1
2025-04-16,2025-04-16 13:20:00,1599.78,1599.78,1599.68,1599.68,-0.01,4.03,6407.14,-1
2025-04-16,2025-04-16 13:21:00,1599.68,1599.68,1599.58,1599.58,-0.01,4.03,6407.14,-1
2025-04-16,2025-04-16 13:22:00,1599.58,1599.58,1599.48,1599.48,-0.01,4.03,6407.14,-1
2025-04-16,2025-04-16 13:23:00,1599.48,1599.48,1599.38,1599.38,-0.01,4.03,6407.14,-1
2025-04-16,2025-04-16 13:24:00,1599.38,1599.38,1599.28,1599.28,-0.01,4.03,6407.14,-1
2025-04-16,2025-04-16 13:25:00,1599.28,1599.28,1599.17,1599.17,-0.01,4.03,6407.14,-1
2025-04-16,2025-04-16 13:26:00,1599.17,1599.17,1599.07,1599.07,-0.01,4.03,6407.14,-1
2025-04-16,2025-04-16 13:27:00,1599.07,1599.07,1598.97,1598.97,-0.01,4.03,6407.14,-1
2025-04-16,2025-04-16 13:28:00,1598.97,1598.97,1598.87,1598.87,-0.01,4.03,6407.14,-1
2025-04-16,2025-04-16 13:29:00,1598.87,1598.87,1598.77,1598.77,-0.01,4.03,6407.14,-1
2025-04-16,2025-04-16 13:30:00,1598.77,1598.77,1598.67,1598.67,-0.01,4.03,6407.14,-1
2025-04-16,2025-04-16 13:31:00,1598.67,1598.67,1598.57,1598.57,-0.01,4.03,6407.14,-1
2025-04-16,2025-04-16 13:32:00,1598.57,1598.57,1598.46,1598.46,-0.01,4.03,6407.14,-1
2025-04-16,2025-04-16 13:33:00,1598.46,1598.46,1598.36,1598.36,-0.01,4.03,6407.14,-1
2025-04-16,2025-04-16 13:34:00,1598.36,1598.36,1598.26,1598.26,-0.01,4.03,6407.14,-1
2025-04-16,2025-04-16 13:35:00,1598.26,1598.26,1598.16,1598.16,-0.01,4.03,6407.14,-1
2025-04-16,2025-04-16 13:36:00,1598.16,1598.16,1598.06,1598.06,-0.01,4.03,6407.14,-1
2025-04-16,2025-04-16 13:37:00,1598.06,1598.06,1597.96,1597.96,-0.01,4.03,6407.14,-1
2025-04-16,2025-04-16 13:38:00,1597.96,1597.96,1597.85,1597.85,-0.01,4.03,6407.14,-1
2025-04-16,2025-04-16 13:39:00,1597.85,1597.85,1597.75,1597.75,-0.01,4.03,6407.14,-1
2025-04-16,2025-04-16 13:40:00,1597.75,1597.75,1597.65,1597.65,-0.01,4.03,6407.14,-1
2025-04-16,2025-04-16 13:41:00,1597.65,1597.65,1597.55,1597.55,-0.01,4.03,6407.14,-1
2025-04-16,2025-04-16 13:42:00,1597.55,1597.55,1597.45,1597.45,-0.01,4.03,6407.14,-1
2025-04-16,2025-04-16 13:43:00,1597.45,1597.45,1597.35,1597.35,-0.01,4.03,6407.14,-1
2025-04-16,2025-04-16 13:44:00,1597.35,1597.35,1597.25,1597.25,-0.01,4.03,6407.14,-1
2025-04-16,2025-04-16 13:45:00,1597.25,1597.25,1597.14,1597.14,-0.01,4.03,6407.14,-1
2025-04-16,2025-04-16 13:46:00,1597.14,1597.14,1597.04,1597.04,-0.01,4.03,6407.14,-1
2025-04-16,2025-04-16 13:47:00,1597.04,1597.04,1596.94,1596.94,-0.01,4.03,6407.14,-1
2025-04-16,2025-04-16 13:48:00,1596.94,1596.94,1596.84,1596.84,-0.01,4.03,6407.14,-1
2025-04-16,2025-04-16 13:49:00,1596.84,1596.84,1596.74,1596.74,-0.01,4.03,6407.14,-1
2025-04-16,2025-04-16 13:50:00,1596.74,1596.74,1596.64,1596.64,-0.01,4.03,6407.14,-1
2025-04-16,2025-04-16 13:51:00,1596.64,1596.64,1596.53,1596.53,-0.01,4.03,6407.14,-1
2025-04-16,2025-04-16 13:52:00,1596.53,1596.53,1596.43,1596.43,-0.01,4.03,6407.14,-1
2025-04-16,2025-04-16 13:53:00,1596.43,1596.43,1596.33,1596.33,-0.01,4.03,6407.14,-1
2025-04-16,2025-04-16 13:54:00,1596.33,1596.33,1596.23,1596.23,-0.01,4.03,6407.14,-1
2025-04-16,2025-04-16 13:55:00,1596.23,1596.23,1596.13,1596.13,-0.01,4.03,6407.14,-1
2025-04-16,2025-04-16 13:56:00,1596.13,1596.13,1596.03,1596.03,-0.01,4.03,6407.14,-1
2025-04-16,2025-04-16 13:57:00,1596.03,1596.03,1595.93,1595.93,-0.01,4.03,6407.14,-1
2025-04-16,2025-04-16 13:58:00,1595.93,1595.93,1595.82,1595.82,-0.01,4.03,6407.14,-1
2025-04-16,2025-04-16 13:59:00,1595.82,1595.82,1595.72,1595.72,-0.01,4.03,6407.14,-1
2025-04-16,2025-04-16 14:00:00,1595.72,1595.72,1595.62,1595.62,-0.01,4.03,6407.14,-1
2025-04-16,2025-04-16 14:01:00,1595.62,1595.62,1595.52,1595.52,-0.01,4.03,6407.14,-1
2025-04-16,2025-04-16 14:02:00,1595.52,1595.52,1595.42,1595.42,-0.01,4.03,6407.14,-1
2025-04-16,2025-04-16 14:03:00,1595.42,1595.42,1595.32,1595.32,-0.01,4.03,6407.14,-1
2025-04-16,2025-04-16 14:04:00,1595.32,1595.32,1595.21,1595.21,-0.01,4.03,6407.14,-1
2025-04-16,2025-04-16 14:05:00,1595.21,1595.21,1595.11,1595.11,-0.01,4.03,6407.14,-1
2025-04-16,2025-04-16 14:06:00,1595.11,1595.11,1595.01,1595.01,-0.01,4.03,6407.14,-1
2025-04-16,2025-04-16 14:07:00,1595.01,1595.01,1594.91,1594.91,-0.01,4.03,6407.14,-1
2025-04-16,2025-04-16 14:08:00,1594.91,1594.91,1594.81,1594.81,-0.01,4.03,6407.14,-1
2025-04-16,2025-04-16 14:09:00,1594.81,1594.81,1594.71,1594.71,-0.01,4.03,6407.14,-1
2025-04-16,2025-04-16 14:10:00,1594.71,1594.71,1594.61,1594.61,-0.01,4.03,6407.14,-1
2025-04-16,2025-04-16 14:11:00,1594.61,1594.61,1594.5,1594.5,-0.01,4.03,6407.14,-1
2025-04-16,2025-04-16 14:12:00,1594.5,1594.5,1594.4,1594.4,-0.01,4.03,6407.14,-1
2025-04-16,2025-04-16 14:13:00,1594.4,1594.4,1594.3,1594.3,-0.01,4.03,6407.14,-1
2025-04-16,2025-04-16 14:14:00,1594.3,1594.3,1594.2,1594.2,-0.01,4.03,6407.14,-1
2025-04-16,2025-04-16 14:15:00,1594.2,1594.2,1594.1,1594.1,-0.01,4.03,6407.14,-1
2025-04-16,2025-04-16 14:16:00,1594.1,1594.1,1594.0,1594.0,-0.01,4.03,6407.14,-1
2025-04-16,2025-04-16 14:17:00,1594.0,1594.0,1593.89,1593.89,-0.01,4.03,6407.14,-1
2025-04-16,2025-04-16 14:18:00,1593.89,1593.89,1593.79,1593.79,-0.01,4.03,6407.14,-1
2025-04-16,2025-04-16 14:19:00,1593.79,1593.79,1593.69,1593.69,-0.01,4.03,6407.14,-1
2025-04-16,2025-04-16 14:20:00,1593.69,1593.69,1593.59,1593.59,-0.01,4.03,6407.14,-1
2025-04-16,2025-04-16 14:21:00,1593.59,1593.59,1593.49,1593.49,-0.01,4.03,6407.14,-1
2025-04-16,2025-04-16 14:22:00,1593.49,1593.49,1593.39,1593.39,-0.01,4.03,6407.14,-1
2025-04-16,2025-04-16 14:23:00,1593.39,1593.39,1593.29,1593.29,-0.01,4.03,6407.14,-1
2025-04-16,2025-04-16 14:24:00,1593.29,1593.29,1593.18,1593.18,-0.01,4.03,6407.14,-1
2025-04-16,2025-04-16 14:25:00,1593.18,1593.18,1593.08,1593.08,-0.01,4.03,6407.14,-1
2025-04-16,2025-04-16 14:26:00,1593.08,1593.08,1592.98,1592.98,-0.01,4.03,6407.14,-1
2025-04-16,2025-04-16 14:27:00,1592.98,1592.98,1592.88,1592.88,-0.01,4.03,6407.14,-1
2025-04-16,2025-04-16 14:28:00,1592.88,1592.88,1592.78,1592.78,-0.01,4.03,6407.14,-1
2025-04-16,2025-04-16 14:29:00,1592.78,1592.78,1592.68,1592.68,-0.01,4.03,6407.14,-1
2025-04-16,2025-04-16 14:30:00,1592.68,1592.68,1592.57,1592.57,-0.01,4.03,6407.14,-1
2025-04-16,2025-04-16 14:31:00,1592.57,1592.57,1592.47,1592.47,-0.01,4.03,6407.14,-1
2025-04-16,2025-04-16 14:32:00,1592.47,1592.47,1592.37,1592.37,-0.01,4.03,6407.14,-1
2025-04-16,2025-04-16 14:33:00,1592.37,1592.37,1592.27,1592.27,-0.01,4.03,6407.14,-1
2025-04-16,2025-04-16 14:34:00,1592.27,1592.27,1592.17,1592.17,-0.01,4.03,6407.14,-1
2025-04-16,2025-04-16 14:35:00,1592.17,1592.17,1592.07,1592.07,-0.01,4.03,6407.14,-1
2025-04-16,2025-04-16 14:36:00,1592.07,1592.07,1591.97,1591.97,-0.01,4.03,6407.14,-1
2025-04-16,2025-04-16 14:37:00,1591.97,1591.97,1591.86,1591.86,-0.01,4.03,6407.14,-1
2025-04-16,2025-04-16 14:38:00,1591.86,1591.86,1591.76,1591.76,-0.01,4.03,6407.14,-1
2025-04-16,2025-04-16 14:39:00,1591.76,1591.76,1591.66,1591.66,-0.01,4.03,6407.14,-1
2025-04-16,2025-04-16 14:40:00,1591.66,1591.66,1591.56,1591.56,-0.01,4.03,6407.14,-1
2025-04-16,2025-04-16 14:41:00,1591.56,1591.56,1591.46,1591.46,-0.01,4.03,6407.14,-1
2025-04-16,2025-04-16 14:42:00,1591.46,1591.46,1591.36,1591.36,-0.01,4.03,6407.14,-1
2025-04-16,2025-04-16 14:43:00,1591.36,1591.36,1591.25,1591.25,-0.01,4.03,6407.14,-1
2025-04-16,2025-04-16 14:44:00,1591.25,1591.25,1591.15,1591.15,-0.01,4.03,6407.14,-1
2025-04-16,2025-04-16 14:45:00,1591.15,1591.15,1591.05,1591.05,-0.01,4.03,6407.14,-1
2025-04-16,2025-04-16 14:46:00,1591.05,1591.05,1590.95,1590.95,-0.01,4.03,6407.14,-1
2025-04-16,2025-04-16 14:47:00,1590.95,1590.95,1590.85,1590.85,-0.01,4.03,6407.14,-1
2025-04-16,2025-04-16 14:48:00,1590.85,1590.85,1590.75,1590.75,-0.01,4.03,6407.14,-1
2025-04-16,2025-04-16 14:49:00,1590.75,1590.75,1590.65,1590.65,-0.01,4.03,6407.14,-1
2025-04-16,2025-04-16 14:50:00,1590.65,1590.65,1590.54,1590.54,-0.01,4.03,6407.14,-1
2025-04-16,2025-04-16 14:51:00,1590.54,1590.54,1590.44,1590.44,-0.01,4.03,6407.14,-1
2025-04-16,2025-04-16 14:52:00,1590.44,1590.44,1590.34,1590.34,-0.01,4.03,6407.14,-1
2025-04-16,2025-04-16 14:53:00,1590.34,1590.34,1590.24,1590.24,-0.01,4.03,6407.14,-1
2025-04-16,2025-04-16 14:54:00,1590.24,1590.24,1590.14,1590.14,-0.01,4.03,6407.14,-1
2025-04-16,2025-04-16 14:55:00,1590.14,1590.14,1590.04,1590.04,-0.01,4.03,6407.14,-1
2025-04-16,2025-04-16 14:56:00,1590.04,1590.04,1589.93,1589.93,-0.01,4.03,6407.14,-1
2025-04-16,2025-04-16 14:57:00,1589.93,1589.93,1589.83,1589.83,-0.01,4.03,6407.14,-1
2025-04-16,2025-04-16 14:58:00,1589.83,1589.83,1589.73,1589.73,-0.01,4.03,6407.14,-1
2025-04-16,2025-04-16 14:59:00,1589.73,1589.73,1589.63,1589.63,-0.01,4.03,6407.14,-1
2025-04-16,2025-04-16 15:00:00,1589.63,1614.0,1575.0,1589.63,0.0,4.03,6407.14,0
2025-04-17,2025-04-17 11:00:00,1560.0,1584.0,1560.0,1560.27,0.02,20.95,33879.07,1
2025-04-17,2025-04-17 11:01:00,1560.27,1560.55,1560.27,1560.55,0.02,20.95,33879.07,1
2025-04-17,2025-04-17 11:02:00,1560.55,1560.82,1560.55,1560.82,0.02,20.95,33879.07,1
2025-04-17,2025-04-17 11:03:00,1560.82,1561.09,1560.82,1561.09,0.02,20.95,33879.07,1
2025-04-17,2025-04-17 11:04:00,1561.09,1561.37,1561.09,1561.37,0.02,20.95,33879.07,1
2025-04-17,2025-04-17 11:05:00,1561.37,1561.64,1561.37,1561.64,0.02,20.95,33879.07,1
2025-04-17,2025-04-17 11:06:00,1561.64,1561.92,1561.64,1561.92,0.02,20.95,33879.07,1
2025-04-17,2025-04-17 11:07:00,1561.92,1562.19,1561.92,1562.19,0.02,20.95,33879.07,1
2025-04-17,2025-04-17 11:08:00,1562.19,1562.46,1562.19,1562.46,0.02,20.95,33879.07,1
2025-04-17,2025-04-17 11:09:00,1562.46,1562.74,1562.46,1562.74,0.02,20.95,33879.07,1
2025-04-17,2025-04-17 11:10:00,1562.74,1563.01,1562.74,1563.01,0.02,20.95,33879.07,1
2025-04-17,2025-04-17 11:11:00,1563.01,1563.28,1563.01,1563.28,0.02,20.95,33879.07,1
2025-04-17,2025-04-17 11:12:00,1563.28,1563.56,1563.28,1563.56,0.02,20.95,33879.07,1
2025-04-17,2025-04-17 11:13:00,1563.56,1563.83,1563.56,1563.83,0.02,20.95,33879.07,1
2025-04-17,2025-04-17 11:14:00,1563.83,1564.11,1563.83,1564.11,0.02,20.95,33879.07,1
2025-04-17,2025-04-17 11:15:00,1564.11,1564.38,1564.11,1564.38,0.02,20.95,33879.07,1
2025-04-17,2025-04-17 11:16:00,1564.38,1564.65,1564.38,1564.65,0.02,20.95,33879.07,1
2025-04-17,2025-04-17 11:17:00,1564.65,1564.93,1564.65,1564.93,0.02,20.95,33879.07,1
2025-04-17,2025-04-17 11:18:00,1564.93,1565.2,1564.93,1565.2,0.02,20.95,33879.07,1
2025-04-17,2025-04-17 11:19:00,1565.2,1565.47,1565.2,1565.47,0.02,20.95,33879.07,1
2025-04-17,2025-04-17 11:20:00,1565.47,1565.75,1565.47,1565.75,0.02,20.95,33879.07,1
2025-04-17,2025-04-17 11:21:00,1565.75,1566.02,1565.75,1566.02,0.02,20.95,33879.07,1
2025-04-17,2025-04-17 11:22:00,1566.02,1566.29,1566.02,1566.29,0.02,20.95,33879.07,1
2025-04-17,2025-04-17 11:23:00,1566.29,1566.57,1566.29,1566.57,0.02,20.95,33879.07,1
2025-04-17,2025-04-17 11:24:00,1566.57,1566.84,1566.57,1566.84,0.02,20.95,33879.07,1
2025-04-17,2025-04-17 11:25:00,1566.84,1567.12,1566.84,1567.12,0.02,20.95,33879.07,1
2025-04-17,2025-04-17 11:26:00,1567.12,1567.39,1567.12,1567.39,0.02,20.95,33879.07,1
2025-04-17,2025-04-17 11:27:00,1567.39,1567.66,1567.39,1567.66,0.02,20.95,33879.07,1
2025-04-17,2025-04-17 11:28:00,1567.66,1567.94,1567.66,1567.94,0.02,20.95,33879.07,1
2025-04-17,2025-04-17 11:29:00,1567.94,1568.21,1567.94,1568.21,0.02,20.95,33879.07,1
2025-04-17,2025-04-17 11:30:00,1568.21,1568.48,1568.21,1568.48,0.02,20.95,33879.07,1
2025-04-17,2025-04-17 11:31:00,1568.48,1568.76,1568.48,1568.76,0.02,20.95,33879.07,1
2025-04-17,2025-04-17 11:32:00,1568.76,1569.03,1568.76,1569.03,0.02,20.95,33879.07,1
2025-04-17,2025-04-17 11:33:00,1569.03,1569.3,1569.03,1569.3,0.02,20.95,33879.07,1
2025-04-17,2025-04-17 11:34:00,1569.3,1569.58,1569.3,1569.58,0.02,20.95,33879.07,1
2025-04-17,2025-04-17 11:35:00,1569.58,1569.85,1569.58,1569.85,0.02,20.95,33879.07,1
2025-04-17,2025-04-17 11:36:00,1569.85,1570.13,1569.85,1570.13,0.02,20.95,33879.07,1
2025-04-17,2025-04-17 11:37:00,1570.13,1570.4,1570.13,1570.4,0.02,20.95,33879.07,1
2025-04-17,2025-04-17 11:38:00,1570.4,1570.67,1570.4,1570.67,0.02,20.95,33879.07,1
2025-04-17,2025-04-17 11:39:00,1570.67,1570.95,1570.67,1570.95,0.02,20.95,33879.07,1
2025-04-17,2025-04-17 11:40:00,1570.95,1571.22,1570.95,1571.22,0.02,20.95,33879.07,1
2025-04-17,2025-04-17 11:41:00,1571.22,1571.49,1571.22,1571.49,0.02,20.95,33879.07,1
2025-04-17,2025-04-17 11:42:00,1571.49,1571.77,1571.49,1571.77,0.02,20.95,33879.07,1
2025-04-17,2025-04-17 11:43:00,1571.77,1572.04,1571.77,1572.04,0.02,20.95,33879.07,1
2025-04-17,2025-04-17 11:44:00,1572.04,1572.32,1572.04,1572.32,0.02,20.95,33879.07,1
2025-04-17,2025-04-17 11:45:00,1572.32,1572.59,1572.32,1572.59,0.02,20.95,33879.07,1
2025-04-17,2025-04-17 11:46:00,1572.59,1572.86,1572.59,1572.86,0.02,20.95,33879.07,1
2025-04-17,2025-04-17 11:47:00,1572.86,1573.14,1572.86,1573.14,0.02,20.95,33879.07,1
2025-04-17,2025-04-17 11:48:00,1573.14,1573.41,1573.14,1573.41,0.02,20.95,33879.07,1
2025-04-17,2025-04-17 11:49:00,1573.41,1573.68,1573.41,1573.68,0.02,20.95,33879.07,1
2025-04-17,2025-04-17 11:50:00,1573.68,1573.96,1573.68,1573.96,0.02,20.95,33879.07,1
2025-04-17,2025-04-17 11:51:00,1573.96,1574.23,1573.96,1574.23,0.02,20.95,33879.07,1
2025-04-17,2025-04-17 11:52:00,1574.23,1574.5,1574.23,1574.5,0.02,20.95,33879.07,1
2025-04-17,2025-04-17 11:53:00,1574.5,1574.78,1574.5,1574.78,0.02,20.95,33879.07,1
2025-04-17,2025-04-17 11:54:00,1574.78,1575.05,1574.78,1575.05,0.02,20.95,33879.07,1
2025-04-17,2025-04-17 11:55:00,1575.05,1575.33,1575.05,1575.33,0.02,20.95,33879.07,1
2025-04-17,2025-04-17 11:56:00,1575.33,1575.6,1575.33,1575.6,0.02,20.95,33879.07,1
2025-04-17,2025-04-17 11:57:00,1575.6,1575.87,1575.6,1575.87,0.02,20.95,33879.07,1
2025-04-17,2025-04-17 11:58:00,1575.87,1576.15,1575.87,1576.15,0.02,20.95,33879.07,1
2025-04-17,2025-04-17 11:59:00,1576.15,1576.42,1576.15,1576.42,0.02,20.95,33879.07,1
2025-04-17,2025-04-17 12:00:00,1576.42,1576.69,1576.42,1576.69,0.02,20.95,33879.07,1
2025-04-17,2025-04-17 12:01:00,1576.69,1576.97,1576.69,1576.97,0.02,20.95,33879.07,1
2025-04-17,2025-04-17 12:02:00,1576.97,1577.24,1576.97,1577.24,0.02,20.95,33879.07,1
2025-04-17,2025-04-17 12:03:00,1577.24,1577.51,1577.24,1577.51,0.02,20.95,33879.07,1
2025-04-17,2025-04-17 12:04:00,1577.51,1577.79,1577.51,1577.79,0.02,20.95,33879.07,1
2025-04-17,2025-04-17 12:05:00,1577.79,1578.06,1577.79,1578.06,0.02,20.95,33879.07,1
2025-04-17,2025-04-17 12:06:00,1578.06,1578.34,1578.06,1578.34,0.02,20.95,33879.07,1
2025-04-17,2025-04-17 12:07:00,1578.34,1578.61,1578.34,1578.61,0.02,20.95,33879.07,1
2025-04-17,2025-04-17 12:08:00,1578.61,1578.88,1578.61,1578.88,0.02,20.95,33879.07,1
2025-04-17,2025-04-17 12:09:00,1578.88,1579.16,1578.88,1579.16,0.02,20.95,33879.07,1
2025-04-17,2025-04-17 12:10:00,1579.16,1579.43,1579.16,1579.43,0.02,20.95,33879.07,1
2025-04-17,2025-04-17 12:11:00,1579.43,1579.7,1579.43,1579.7,0.02,20.95,33879.07,1
2025-04-17,2025-04-17 12:12:00,1579.7,1579.98,1579.7,1579.98,0.02,20.95,33879.07,1
2025-04-17,2025-04-17 12:13:00,1579.98,1580.25,1579.98,1580.25,0.02,20.95,33879.07,1
2025-04-17,2025-04-17 12:14:00,1580.25,1580.53,1580.25,1580.53,0.02,20.95,33879.07,1
2025-04-17,2025-04-17 12:15:00,1580.53,1580.8,1580.53,1580.8,0.02,20.95,33879.07,1
2025-04-17,2025-04-17 12:16:00,1580.8,1581.07,1580.8,1581.07,0.02,20.95,33879.07,1
2025-04-17,2025-04-17 12:17:00,1581.07,1581.35,1581.07,1581.35,0.02,20.95,33879.07,1
2025-04-17,2025-04-17 12:18:00,1581.35,1581.62,1581.35,1581.62,0.02,20.95,33879.07,1
2025-04-17,2025-04-17 12:19:00,1581.62,1581.89,1581.62,1581.89,0.02,20.95,33879.07,1
2025-04-17,2025-04-17 12:20:00,1581.89,1582.17,1581.89,1582.17,0.02,20.95,33879.07,1
2025-04-17,2025-04-17 12:21:00,1582.17,1582.44,1582.17,1582.44,0.02,20.95,33879.07,1
2025-04-17,2025-04-17 12:22:00,1582.44,1582.71,1582.44,1582.71,0.02,20.95,33879.07,1
2025-04-17,2025-04-17 12:23:00,1582.71,1582.99,1582.71,1582.99,0.02,20.95,33879.07,1
2025-04-17,2025-04-17 12:24:00,1582.99,1583.26,1582.99,1583.26,0.02,20.95,33879.07,1
2025-04-17,2025-04-17 12:25:00,1583.26,1583.54,1583.26,1583.54,0.02,20.95,33879.07,1
2025-04-17,2025-04-17 12:26:00,1583.54,1583.81,1583.54,1583.81,0.02,20.95,33879.07,1
2025-04-17,2025-04-17 12:27:00,1583.81,1584.08,1583.81,1584.08,0.02,20.95,33879.07,1
2025-04-17,2025-04-17 12:28:00,1584.08,1584.36,1584.08,1584.36,0.02,20.95,33879.07,1
2025-04-17,2025-04-17 12:29:00,1584.36,1584.63,1584.36,1584.63,0.02,20.95,33879.07,1
2025-04-17,2025-04-17 12:30:00,1584.63,1584.9,1584.63,1584.9,0.02,20.95,33879.07,1
2025-04-17,2025-04-17 12:31:00,1584.9,1585.18,1584.9,1585.18,0.02,20.95,33879.07,1
2025-04-17,2025-04-17 12:32:00,1585.18,1585.45,1585.18,1585.45,0.02,20.95,33879.07,1
2025-04-17,2025-04-17 12:33:00,1585.45,1585.72,1585.45,1585.72,0.02,20.95,33879.07,1
2025-04-17,2025-04-17 12:34:00,1585.72,1586.0,1585.72,1586.0,0.02,20.95,33879.07,1
2025-04-17,2025-04-17 12:35:00,1586.0,1586.27,1586.0,1586.27,0.02,20.95,33879.07,1
2025-04-17,2025-04-17 12:36:00,1586.27,1586.55,1586.27,1586.55,0.02,20.95,33879.07,1
2025-04-17,2025-04-17 12:37:00,1586.55,1586.82,1586.55,1586.82,0.02,20.95,33879.07,1
2025-04-17,2025-04-17 12:38:00,1586.82,1587.09,1586.82,1587.09,0.02,20.95,33879.07,1
2025-04-17,2025-04-17 12:39:00,1587.09,1587.37,1587.09,1587.37,0.02,20.95,33879.07,1
2025-04-17,2025-04-17 12:40:00,1587.37,1587.64,1587.37,1587.64,0.02,20.95,33879.07,1
2025-04-17,2025-04-17 12:41:00,1587.64,1587.91,1587.64,1587.91,0.02,20.95,33879.07,1
2025-04-17,2025-04-17 12:42:00,1587.91,1588.19,1587.91,1588.19,0.02,20.95,33879.07,1
2025-04-17,2025-04-17 12:43:00,1588.19,1588.46,1588.19,1588.46,0.02,20.95,33879.07,1
2025-04-17,2025-04-17 12:44:00,1588.46,1588.74,1588.46,1588.74,0.02,20.95,33879.07,1
2025-04-17,2025-04-17 12:45:00,1588.74,1589.01,1588.74,1589.01,0.02,20.95,33879.07,1
2025-04-17,2025-04-17 12:46:00,1589.01,1589.28,1589.01,1589.28,0.02,20.95,33879.07,1
2025-04-17,2025-04-17 12:47:00,1589.28,1589.56,1589.28,1589.56,0.02,20.95,33879.07,1
2025-04-17,2025-04-17 12:48:00,1589.56,1589.83,1589.56,1589.83,0.02,20.95,33879.07,1
2025-04-17,2025-04-17 12:49:00,1589.83,1590.1,1589.83,1590.1,0.02,20.95,33879.07,1
2025-04-17,2025-04-17 12:50:00,1590.1,1590.38,1590.1,1590.38,0.02,20.95,33879.07,1
2025-04-17,2025-04-17 12:51:00,1590.38,1590.65,1590.38,1590.65,0.02,20.95,33879.07,1
2025-04-17,2025-04-17 12:52:00,1590.65,1590.92,1590.65,1590.92,0.02,20.95,33879.07,1
2025-04-17,2025-04-17 12:53:00,1590.92,1591.2,1590.92,1591.2,0.02,20.95,33879.07,1
2025-04-17,2025-04-17 12:54:00,1591.2,1591.47,1591.2,1591.47,0.02,20.95,33879.07,1
2025-04-17,2025-04-17 12:55:00,1591.47,1591.75,1591.47,1591.75,0.02,20.95,33879.07,1
2025-04-17,2025-04-17 12:56:00,1591.75,1592.02,1591.75,1592.02,0.02,20.95,33879.07,1
2025-04-17,2025-04-17 12:57:00,1592.02,1592.29,1592.02,1592.29,0.02,20.95,33879.07,1
2025-04-17,2025-04-17 12:58:00,1592.29,1592.57,1592.29,1592.57,0.02,20.95,33879.07,1
2025-04-17,2025-04-17 12:59:00,1592.57,1592.84,1592.57,1592.84,0.02,20.95,33879.07,1
2025-04-17,2025-04-17 13:00:00,1592.84,1640.0,1560.0,1593.11,0.02,20.95,33879.07,1
2025-04-17,2025-04-17 13:01:00,1593.11,1593.39,1593.11,1593.39,0.02,20.95,33879.07,1
2025-04-17,2025-04-17 13:02:00,1593.39,1593.66,1593.39,1593.66,0.02,20.95,33879.07,1
2025-04-17,2025-04-17 13:03:00,1593.66,1593.93,1593.66,1593.93,0.02,20.95,33879.07,1
2025-04-17,2025-04-17 13:04:00,1593.93,1594.21,1593.93,1594.21,0.02,20.95,33879.07,1
2025-04-17,2025-04-17 13:05:00,1594.21,1594.48,1594.21,1594.48,0.02,20.95,33879.07,1
2025-04-17,2025-04-17 13:06:00,1594.48,1594.76,1594.48,1594.76,0.02,20.95,33879.07,1
2025-04-17,2025-04-17 13:07:00,1594.76,1595.03,1594.76,1595.03,0.02,20.95,33879.07,1
2025-04-17,2025-04-17 13:08:00,1595.03,1595.3,1595.03,1595.3,0.02,20.95,33879.07,1
2025-04-17,2025-04-17 13:09:00,1595.3,1595.58,1595.3,1595.58,0.02,20.95,33879.07,1
2025-04-17,2025-04-17 13:10:00,1595.58,1595.85,1595.58,1595.85,0.02,20.95,33879.07,1
2025-04-17,2025-04-17 13:11:00,1595.85,1596.12,1595.85,1596.12,0.02,20.95,33879.07,1
2025-04-17,2025-04-17 13:12:00,1596.12,1596.4,1596.12,1596.4,0.02,20.95,33879.07,1
2025-04-17,2025-04-17 13:13:00,1596.4,1596.67,1596.4,1596.67,0.02,20.95,33879.07,1
2025-04-17,2025-04-17 13:14:00,1596.67,1596.94,1596.67,1596.94,0.02,20.95,33879.07,1
2025-04-17,2025-04-17 13:15:00,1596.94,1597.22,1596.94,1597.22,0.02,20.95,33879.07,1
2025-04-17,2025-04-17 13:16:00,1597.22,1597.49,1597.22,1597.49,0.02,20.95,33879.07,1
2025-04-17,2025-04-17 13:17:00,1597.49,1597.77,1597.49,1597.77,0.02,20.95,33879.07,1
2025-04-17,2025-04-17 13:18:00,1597.77,1598.04,1597.77,1598.04,0.02,20.95,33879.07,1
2025-04-17,2025-04-17 13:19:00,1598.04,1598.31,1598.04,1598.31,0.02,20.95,33879.07,1
2025-04-17,2025-04-17 13:20:00,1598.31,1598.59,1598.31,1598.59,0.02,20.95,33879.07,1
2025-04-17,2025-04-17 13:21:00,1598.59,1598.86,1598.59,1598.86,0.02,20.95,33879.07,1
2025-04-17,2025-04-17 13:22:00,1598.86,1599.13,1598.86,1599.13,0.02,20.95,33879.07,1
2025-04-17,2025-04-17 13:23:00,1599.13,1599.41,1599.13,1599.41,0.02,20.95,33879.07,1
2025-04-17,2025-04-17 13:24:00,1599.41,1599.68,1599.41,1599.68,0.02,20.95,33879.07,1
2025-04-17,2025-04-17 13:25:00,1599.68,1599.96,1599.68,1599.96,0.02,20.95,33879.07,1
2025-04-17,2025-04-17 13:26:00,1599.96,1600.23,1599.96,1600.23,0.02,20.95,33879.07,1
2025-04-17,2025-04-17 13:27:00,1600.23,1600.5,1600.23,1600.5,0.02,20.95,33879.07,1
2025-04-17,2025-04-17 13:28:00,1600.5,1600.78,1600.5,1600.78,0.02,20.95,33879.07,1
2025-04-17,2025-04-17 13:29:00,1600.78,1601.05,1600.78,1601.05,0.02,20.95,33879.07,1
2025-04-17,2025-04-17 13:30:00,1601.05,1601.32,1601.05,1601.32,0.02,20.95,33879.07,1
2025-04-17,2025-04-17 13:31:00,1601.32,1601.6,1601.32,1601.6,0.02,20.95,33879.07,1
2025-04-17,2025-04-17 13:32:00,1601.6,1601.87,1601.6,1601.87,0.02,20.95,33879.07,1
2025-04-17,2025-04-17 13:33:00,1601.87,1602.14,1601.87,1602.14,0.02,20.95,33879.07,1
2025-04-17,2025-04-17 13:34:00,1602.14,1602.42,1602.14,1602.42,0.02,20.95,33879.07,1
2025-04-17,2025-04-17 13:35:00,1602.42,1602.69,1602.42,1602.69,0.02,20.95,33879.07,1
2025-04-17,2025-04-17 13:36:00,1602.69,1602.97,1602.69,1602.97,0.02,20.95,33879.07,1
2025-04-17,2025-04-17 13:37:00,1602.97,1603.24,1602.97,1603.24,0.02,20.95,33879.07,1
2025-04-17,2025-04-17 13:38:00,1603.24,1603.51,1603.24,1603.51,0.02,20.95,33879.07,1
2025-04-17,2025-04-17 13:39:00,1603.51,1603.79,1603.51,1603.79,0.02,20.95,33879.07,1
2025-04-17,2025-04-17 13:40:00,1603.79,1604.06,1603.79,1604.06,0.02,20.95,33879.07,1
2025-04-17,2025-04-17 13:41:00,1604.06,1604.33,1604.06,1604.33,0.02,20.95,33879.07,1
2025-04-17,2025-04-17 13:42:00,1604.33,1604.61,1604.33,1604.61,0.02,20.95,33879.07,1
2025-04-17,2025-04-17 13:43:00,1604.61,1604.88,1604.61,1604.88,0.02,20.95,33879.07,1
2025-04-17,2025-04-17 13:44:00,1604.88,1605.15,1604.88,1605.15,0.02,20.95,33879.07,1
2025-04-17,2025-04-17 13:45:00,1605.15,1605.43,1605.15,1605.43,0.02,20.95,33879.07,1
2025-04-17,2025-04-17 13:46:00,1605.43,1605.7,1605.43,1605.7,0.02,20.95,33879.07,1
2025-04-17,2025-04-17 13:47:00,1605.7,1605.98,1605.7,1605.98,0.02,20.95,33879.07,1
2025-04-17,2025-04-17 13:48:00,1605.98,1606.25,1605.98,1606.25,0.02,20.95,33879.07,1
2025-04-17,2025-04-17 13:49:00,1606.25,1606.52,1606.25,1606.52,0.02,20.95,33879.07,1
2025-04-17,2025-04-17 13:50:00,1606.52,1606.8,1606.52,1606.8,0.02,20.95,33879.07,1
2025-04-17,2025-04-17 13:51:00,1606.8,1607.07,1606.8,1607.07,0.02,20.95,33879.07,1
2025-04-17,2025-04-17 13:52:00,1607.07,1607.34,1607.07,1607.34,0.02,20.95,33879.07,1
2025-04-17,2025-04-17 13:53:00,1607.34,1607.62,1607.34,1607.62,0.02,20.95,33879.07,1
2025-04-17,2025-04-17 13:54:00,1607.62,1607.89,1607.62,1607.89,0.02,20.95,33879.07,1
2025-04-17,2025-04-17 13:55:00,1607.89,1608.17,1607.89,1608.17,0.02,20.95,33879.07,1
2025-04-17,2025-04-17 13:56:00,1608.17,1608.44,1608.17,1608.44,0.02,20.95,33879.07,1
2025-04-17,2025-04-17 13:57:00,1608.44,1608.71,1608.44,1608.71,0.02,20.95,33879.07,1
2025-04-17,2025-04-17 13:58:00,1608.71,1608.99,1608.71,1608.99,0.02,20.95,33879.07,1
2025-04-17,2025-04-17 13:59:00,1608.99,1609.26,1608.99,1609.26,0.02,20.95,33879.07,1
2025-04-17,2025-04-17 14:00:00,1609.26,1609.53,1609.26,1609.53,0.02,20.95,33879.07,1
2025-04-17,2025-04-17 14:01:00,1609.53,1609.81,1609.53,1609.81,0.02,20.95,33879.07,1
2025-04-17,2025-04-17 14:02:00,1609.81,1610.08,1609.81,1610.08,0.02,20.95,33879.07,1
2025-04-17,2025-04-17 14:03:00,1610.08,1610.35,1610.08,1610.35,0.02,20.95,33879.07,1
2025-04-17,2025-04-17 14:04:00,1610.35,1610.63,1610.35,1610.63,0.02,20.95,33879.07,1
2025-04-17,2025-04-17 14:05:00,1610.63,1610.9,1610.63,1610.9,0.02,20.95,33879.07,1
2025-04-17,2025-04-17 14:06:00,1610.9,1611.18,1610.9,1611.18,0.02,20.95,33879.07,1
2025-04-17,2025-04-17 14:07:00,1611.18,1611.45,1611.18,1611.45,0.02,20.95,33879.07,1
2025-04-17,2025-04-17 14:08:00,1611.45,1611.72,1611.45,1611.72,0.02,20.95,33879.07,1
2025-04-17,2025-04-17 14:09:00,1611.72,1612.0,1611.72,1612.0,0.02,20.95,33879.07,1
2025-04-17,2025-04-17 14:10:00,1612.0,1612.27,1612.0,1612.27,0.02,20.95,33879.07,1
2025-04-17,2025-04-17 14:11:00,1612.27,1612.54,1612.27,1612.54,0.02,20.95,33879.07,1
2025-04-17,2025-04-17 14:12:00,1612.54,1612.82,1612.54,1612.82,0.02,20.95,33879.07,1
2025-04-17,2025-04-17 14:13:00,1612.82,1613.09,1612.82,1613.09,0.02,20.95,33879.07,1
2025-04-17,2025-04-17 14:14:00,1613.09,1613.37,1613.09,1613.37,0.02,20.95,33879.07,1
2025-04-17,2025-04-17 14:15:00,1613.37,1613.64,1613.37,1613.64,0.02,20.95,33879.07,1
2025-04-17,2025-04-17 14:16:00,1613.64,1613.91,1613.64,1613.91,0.02,20.95,33879.07,1
2025-04-17,2025-04-17 14:17:00,1613.91,1614.19,1613.91,1614.19,0.02,20.95,33879.07,1
2025-04-17,2025-04-17 14:18:00,1614.19,1614.46,1614.19,1614.46,0.02,20.95,33879.07,1
2025-04-17,2025-04-17 14:19:00,1614.46,1614.73,1614.46,1614.73,0.02,20.95,33879.07,1
2025-04-17,2025-04-17 14:20:00,1614.73,1615.01,1614.73,1615.01,0.02,20.95,33879.07,1
2025-04-17,2025-04-17 14:21:00,1615.01,1615.28,1615.01,1615.28,0.02,20.95,33879.07,1
2025-04-17,2025-04-17 14:22:00,1615.28,1615.55,1615.28,1615.55,0.02,20.95,33879.07,1
2025-04-17,2025-04-17 14:23:00,1615.55,1615.83,1615.55,1615.83,0.02,20.95,33879.07,1
2025-04-17,2025-04-17 14:24:00,1615.83,1616.1,1615.83,1616.1,0.02,20.95,33879.07,1
2025-04-17,2025-04-17 14:25:00,1616.1,1616.38,1616.1,1616.38,0.02,20.95,33879.07,1
2025-04-17,2025-04-17 14:26:00,1616.38,1616.65,1616.38,1616.65,0.02,20.95,33879.07,1
2025-04-17,2025-04-17 14:27:00,1616.65,1616.92,1616.65,1616.92,0.02,20.95,33879.07,1
2025-04-17,2025-04-17 14:28:00,1616.92,1617.2,1616.92,1617.2,0.02,20.95,33879.07,1
2025-04-17,2025-04-17 14:29:00,1617.2,1617.47,1617.2,1617.47,0.02,20.95,33879.07,1
2025-04-17,2025-04-17 14:30:00,1617.47,1617.74,1617.47,1617.74,0.02,20.95,33879.07,1
2025-04-17,2025-04-17 14:31:00,1617.74,1618.02,1617.74,1618.02,0.02,20.95,33879.07,1
2025-04-17,2025-04-17 14:32:00,1618.02,1618.29,1618.02,1618.29,0.02,20.95,33879.07,1
2025-04-17,2025-04-17 14:33:00,1618.29,1618.56,1618.29,1618.56,0.02,20.95,33879.07,1
2025-04-17,2025-04-17 14:34:00,1618.56,1618.84,1618.56,1618.84,0.02,20.95,33879.07,1
2025-04-17,2025-04-17 14:35:00,1618.84,1619.11,1618.84,1619.11,0.02,20.95,33879.07,1
2025-04-17,2025-04-17 14:36:00,1619.11,1619.39,1619.11,1619.39,0.02,20.95,33879.07,1
2025-04-17,2025-04-17 14:37:00,1619.39,1619.66,1619.39,1619.66,0.02,20.95,33879.07,1
2025-04-17,2025-04-17 14:38:00,1619.66,1619.93,1619.66,1619.93,0.02,20.95,33879.07,1
2025-04-17,2025-04-17 14:39:00,1619.93,1620.21,1619.93,1620.21,0.02,20.95,33879.07,1
2025-04-17,2025-04-17 14:40:00,1620.21,1620.48,1620.21,1620.48,0.02,20.95,33879.07,1
2025-04-17,2025-04-17 14:41:00,1620.48,1620.75,1620.48,1620.75,0.02,20.95,33879.07,1
2025-04-17,2025-04-17 14:42:00,1620.75,1621.03,1620.75,1621.03,0.02,20.95,33879.07,1
2025-04-17,2025-04-17 14:43:00,1621.03,1621.3,1621.03,1621.3,0.02,20.95,33879.07,1
2025-04-17,2025-04-17 14:44:00,1621.3,1621.58,1621.3,1621.58,0.02,20.95,33879.07,1
2025-04-17,2025-04-17 14:45:00,1621.58,1621.85,1621.58,1621.85,0.02,20.95,33879.07,1
2025-04-17,2025-04-17 14:46:00,1621.85,1622.12,1621.85,1622.12,0.02,20.95,33879.07,1
2025-04-17,2025-04-17 14:47:00,1622.12,1622.4,1622.12,1622.4,0.02,20.95,33879.07,1
2025-04-17,2025-04-17 14:48:00,1622.4,1622.67,1622.4,1622.67,0.02,20.95,33879.07,1
2025-04-17,2025-04-17 14:49:00,1622.67,1622.94,1622.67,1622.94,0.02,20.95,33879.07,1
2025-04-17,2025-04-17 14:50:00,1622.94,1623.22,1622.94,1623.22,0.02,20.95,33879.07,1
2025-04-17,2025-04-17 14:51:00,1623.22,1623.49,1623.22,1623.49,0.02,20.95,33879.07,1
2025-04-17,2025-04-17 14:52:00,1623.49,1623.76,1623.49,1623.76,0.02,20.95,33879.07,1
2025-04-17,2025-04-17 14:53:00,1623.76,1624.04,1623.76,1624.04,0.02,20.95,33879.07,1
2025-04-17,2025-04-17 14:54:00,1624.04,1624.31,1624.04,1624.31,0.02,20.95,33879.07,1
2025-04-17,2025-04-17 14:55:00,1624.31,1624.59,1624.31,1624.59,0.02,20.95,33879.07,1
2025-04-17,2025-04-17 14:56:00,1624.59,1624.86,1624.59,1624.86,0.02,20.95,33879.07,1
2025-04-17,2025-04-17 14:57:00,1624.86,1625.13,1624.86,1625.13,0.02,20.95,33879.07,1
2025-04-17,2025-04-17 14:58:00,1625.13,1625.41,1625.13,1625.41,0.02,20.95,33879.07,1
2025-04-17,2025-04-17 14:59:00,1625.41,1625.68,1625.41,1625.68,0.02,20.95,33879.07,1
2025-04-17,2025-04-17 15:00:00,1625.68,1640.0,1560.0,1625.68,0.0,20.95,33879.07,0
2025-04-20,2025-04-20 11:00:00,1630.0,1638.4,1622.8,1630.05,0.0,12.35,20230.8,1
2025-04-20,2025-04-20 11:01:00,1630.05,1630.1,1630.05,1630.1,0.0,12.35,20230.8,1
2025-04-20,2025-04-20 11:02:00,1630.1,1630.15,1630.1,1630.15,0.0,12.35,20230.8,1
2025-04-20,2025-04-20 11:03:00,1630.15,1630.2,1630.15,1630.2,0.0,12.35,20230.8,1
2025-04-20,2025-04-20 11:04:00,1630.2,1630.25,1630.2,1630.25,0.0,12.35,20230.8,1
2025-04-20,2025-04-20 11:05:00,1630.25,1630.3,1630.25,1630.3,0.0,12.35,20230.8,1
2025-04-20,2025-04-20 11:06:00,1630.3,1630.35,1630.3,1630.35,0.0,12.35,20230.8,1
2025-04-20,2025-04-20 11:07:00,1630.35,1630.4,1630.35,1630.4,0.0,12.35,20230.8,1
2025-04-20,2025-04-20 11:08:00,1630.4,1630.45,1630.4,1630.45,0.0,12.35,20230.8,1
2025-04-20,2025-04-20 11:09:00,1630.45,1630.5,1630.45,1630.5,0.0,12.35,20230.8,1
2025-04-20,2025-04-20 11:10:00,1630.5,1630.55,1630.5,1630.55,0.0,12.35,20230.8,1
2025-04-20,2025-04-20 11:11:00,1630.55,1630.6,1630.55,1630.6,0.0,12.35,20230.8,1
2025-04-20,2025-04-20 11:12:00,1630.6,1630.65,1630.6,1630.65,0.0,12.35,20230.8,1
2025-04-20,2025-04-20 11:13:00,1630.65,1630.69,1630.65,1630.69,0.0,12.35,20230.8,1
2025-04-20,2025-04-20 11:14:00,1630.69,1630.74,1630.69,1630.74,0.0,12.35,20230.8,1
2025-04-20,2025-04-20 11:15:00,1630.74,1630.79,1630.74,1630.79,0.0,12.35,20230.8,1
2025-04-20,2025-04-20 11:16:00,1630.79,1630.84,1630.79,1630.84,0.0,12.35,20230.8,1
2025-04-20,2025-04-20 11:17:00,1630.84,1630.89,1630.84,1630.89,0.0,12.35,20230.8,1
2025-04-20,2025-04-20 11:18:00,1630.89,1630.94,1630.89,1630.94,0.0,12.35,20230.8,1
2025-04-20,2025-04-20 11:19:00,1630.94,1630.99,1630.94,1630.99,0.0,12.35,20230.8,1
2025-04-20,2025-04-20 11:20:00,1630.99,1631.04,1630.99,1631.04,0.0,12.35,20230.8,1
2025-04-20,2025-04-20 11:21:00,1631.04,1631.09,1631.04,1631.09,0.0,12.35,20230.8,1
2025-04-20,2025-04-20 11:22:00,1631.09,1631.14,1631.09,1631.14,0.0,12.35,20230.8,1
2025-04-20,2025-04-20 11:23:00,1631.14,1631.19,1631.14,1631.19,0.0,12.35,20230.8,1
2025-04-20,2025-04-20 11:24:00,1631.19,1631.24,1631.19,1631.24,0.0,12.35,20230.8,1
2025-04-20,2025-04-20 11:25:00,1631.24,1631.29,1631.24,1631.29,0.0,12.35,20230.8,1
2025-04-20,2025-04-20 11:26:00,1631.29,1631.34,1631.29,1631.34,0.0,12.35,20230.8,1
2025-04-20,2025-04-20 11:27:00,1631.34,1631.39,1631.34,1631.39,0.0,12.35,20230.8,1
2025-04-20,2025-04-20 11:28:00,1631.39,1631.44,1631.39,1631.44,0.0,12.35,20230.8,1
2025-04-20,2025-04-20 11:29:00,1631.44,1631.49,1631.44,1631.49,0.0,12.35,20230.8,1
2025-04-20,2025-04-20 11:30:00,1631.49,1631.54,1631.49,1631.54,0.0,12.35,20230.8,1
2025-04-20,2025-04-20 11:31:00,1631.54,1631.59,1631.54,1631.59,0.0,12.35,20230.8,1
2025-04-20,2025-04-20 11:32:00,1631.59,1631.64,1631.59,1631.64,0.0,12.35,20230.8,1
2025-04-20,2025-04-20 11:33:00,1631.64,1631.69,1631.64,1631.69,0.0,12.35,20230.8,1
2025-04-20,2025-04-20 11:34:00,1631.69,1631.74,1631.69,1631.74,0.0,12.35,20230.8,1
2025-04-20,2025-04-20 11:35:00,1631.74,1631.79,1631.74,1631.79,0.0,12.35,20230.8,1
2025-04-20,2025-04-20 11:36:00,1631.79,1631.84,1631.79,1631.84,0.0,12.35,20230.8,1
2025-04-20,2025-04-20 11:37:00,1631.84,1631.89,1631.84,1631.89,0.0,12.35,20230.8,1
2025-04-20,2025-04-20 11:38:00,1631.89,1631.94,1631.89,1631.94,0.0,12.35,20230.8,1
2025-04-20,2025-04-20 11:39:00,1631.94,1631.99,1631.94,1631.99,0.0,12.35,20230.8,1
2025-04-20,2025-04-20 11:40:00,1631.99,1632.03,1631.99,1632.03,0.0,12.35,20230.8,1
2025-04-20,2025-04-20 11:41:00,1632.03,1632.08,1632.03,1632.08,0.0,12.35,20230.8,1
2025-04-20,2025-04-20 11:42:00,1632.08,1632.13,1632.08,1632.13,0.0,12.35,20230.8,1
2025-04-20,2025-04-20 11:43:00,1632.13,1632.18,1632.13,1632.18,0.0,12.35,20230.8,1
2025-04-20,2025-04-20 11:44:00,1632.18,1632.23,1632.18,1632.23,0.0,12.35,20230.8,1
2025-04-20,2025-04-20 11:45:00,1632.23,1632.28,1632.23,1632.28,0.0,12.35,20230.8,1
2025-04-20,2025-04-20 11:46:00,1632.28,1632.33,1632.28,1632.33,0.0,12.35,20230.8,1
2025-04-20,2025-04-20 11:47:00,1632.33,1632.38,1632.33,1632.38,0.0,12.35,20230.8,1
2025-04-20,2025-04-20 11:48:00,1632.38,1632.43,1632.38,1632.43,0.0,12.35,20230.8,1
2025-04-20,2025-04-20 11:49:00,1632.43,1632.48,1632.43,1632.48,0.0,12.35,20230.8,1
2025-04-20,2025-04-20 11:50:00,1632.48,1632.53,1632.48,1632.53,0.0,12.35,20230.8,1
2025-04-20,2025-04-20 11:51:00,1632.53,1632.58,1632.53,1632.58,0.0,12.35,20230.8,1
2025-04-20,2025-04-20 11:52:00,1632.58,1632.63,1632.58,1632.63,0.0,12.35,20230.8,1
2025-04-20,2025-04-20 11:53:00,1632.63,1632.68,1632.63,1632.68,0.0,12.35,20230.8,1
2025-04-20,2025-04-20 11:54:00,1632.68,1632.73,1632.68,1632.73,0.0,12.35,20230.8,1
2025-04-20,2025-04-20 11:55:00,1632.73,1632.78,1632.73,1632.78,0.0,12.35,20230.8,1
2025-04-20,2025-04-20 11:56:00,1632.78,1632.83,1632.78,1632.83,0.0,12.35,20230.8,1
2025-04-20,2025-04-20 11:57:00,1632.83,1632.88,1632.83,1632.88,0.0,12.35,20230.8,1
2025-04-20,2025-04-20 11:58:00,1632.88,1632.93,1632.88,1632.93,0.0,12.35,20230.8,1
2025-04-20,2025-04-20 11:59:00,1632.93,1632.98,1632.93,1632.98,0.0,12.35,20230.8,1
2025-04-20,2025-04-20 12:00:00,1632.98,1633.03,1632.98,1633.03,0.0,12.35,20230.8,1
2025-04-20,2025-04-20 12:01:00,1633.03,1633.08,1633.03,1633.08,0.0,12.35,20230.8,1
2025-04-20,2025-04-20 12:02:00,1633.08,1633.13,1633.08,1633.13,0.0,12.35,20230.8,1
2025-04-20,2025-04-20 12:03:00,1633.13,1633.18,1633.13,1633.18,0.0,12.35,20230.8,1
2025-04-20,2025-04-20 12:04:00,1633.18,1633.23,1633.18,1633.23,0.0,12.35,20230.8,1
2025-04-20,2025-04-20 12:05:00,1633.23,1633.28,1633.23,1633.28,0.0,12.35,20230.8,1
2025-04-20,2025-04-20 12:06:00,1633.28,1633.32,1633.28,1633.32,0.0,12.35,20230.8,1
2025-04-20,2025-04-20 12:07:00,1633.32,1633.37,1633.32,1633.37,0.0,12.35,20230.8,1
2025-04-20,2025-04-20 12:08:00,1633.37,1633.42,1633.37,1633.42,0.0,12.35,20230.8,1
2025-04-20,2025-04-20 12:09:00,1633.42,1633.47,1633.42,1633.47,0.0,12.35,20230.8,1
2025-04-20,2025-04-20 12:10:00,1633.47,1633.52,1633.47,1633.52,0.0,12.35,20230.8,1
2025-04-20,2025-04-20 12:11:00,1633.52,1633.57,1633.52,1633.57,0.0,12.35,20230.8,1
2025-04-20,2025-04-20 12:12:00,1633.57,1633.62,1633.57,1633.62,0.0,12.35,20230.8,1
2025-04-20,2025-04-20 12:13:00,1633.62,1633.67,1633.62,1633.67,0.0,12.35,20230.8,1
2025-04-20,2025-04-20 12:14:00,1633.67,1633.72,1633.67,1633.72,0.0,12.35,20230.8,1
2025-04-20,2025-04-20 12:15:00,1633.72,1633.77,1633.72,1633.77,0.0,12.35,20230.8,1
2025-04-20,2025-04-20 12:16:00,1633.77,1633.82,1633.77,1633.82,0.0,12.35,20230.8,1
2025-04-20,2025-04-20 12:17:00,1633.82,1633.87,1633.82,1633.87,0.0,12.35,20230.8,1
2025-04-20,2025-04-20 12:18:00,1633.87,1633.92,1633.87,1633.92,0.0,12.35,20230.8,1
2025-04-20,2025-04-20 12:19:00,1633.92,1633.97,1633.92,1633.97,0.0,12.35,20230.8,1
2025-04-20,2025-04-20 12:20:00,1633.97,1634.02,1633.97,1634.02,0.0,12.35,20230.8,1
2025-04-20,2025-04-20 12:21:00,1634.02,1634.07,1634.02,1634.07,0.0,12.35,20230.8,1
2025-04-20,2025-04-20 12:22:00,1634.07,1634.12,1634.07,1634.12,0.0,12.35,20230.8,1
2025-04-20,2025-04-20 12:23:00,1634.12,1634.17,1634.12,1634.17,0.0,12.35,20230.8,1
2025-04-20,2025-04-20 12:24:00,1634.17,1634.22,1634.17,1634.22,0.0,12.35,20230.8,1
2025-04-20,2025-04-20 12:25:00,1634.22,1634.27,1634.22,1634.27,0.0,12.35,20230.8,1
2025-04-20,2025-04-20 12:26:00,1634.27,1634.32,1634.27,1634.32,0.0,12.35,20230.8,1
2025-04-20,2025-04-20 12:27:00,1634.32,1634.37,1634.32,1634.37,0.0,12.35,20230.8,1
2025-04-20,2025-04-20 12:28:00,1634.37,1634.42,1634.37,1634.42,0.0,12.35,20230.8,1
2025-04-20,2025-04-20 12:29:00,1634.42,1634.47,1634.42,1634.47,0.0,12.35,20230.8,1
2025-04-20,2025-04-20 12:30:00,1634.47,1634.52,1634.47,1634.52,0.0,12.35,20230.8,1
2025-04-20,2025-04-20 12:31:00,1634.52,1634.57,1634.52,1634.57,0.0,12.35,20230.8,1
2025-04-20,2025-04-20 12:32:00,1634.57,1634.62,1634.57,1634.62,0.0,12.35,20230.8,1
2025-04-20,2025-04-20 12:33:00,1634.62,1634.66,1634.62,1634.66,0.0,12.35,20230.8,1
2025-04-20,2025-04-20 12:34:00,1634.66,1634.71,1634.66,1634.71,0.0,12.35,20230.8,1
2025-04-20,2025-04-20 12:35:00,1634.71,1634.76,1634.71,1634.76,0.0,12.35,20230.8,1
2025-04-20,2025-04-20 12:36:00,1634.76,1634.81,1634.76,1634.81,0.0,12.35,20230.8,1
2025-04-20,2025-04-20 12:37:00,1634.81,1634.86,1634.81,1634.86,0.0,12.35,20230.8,1
2025-04-20,2025-04-20 12:38:00,1634.86,1634.91,1634.86,1634.91,0.0,12.35,20230.8,1
2025-04-20,2025-04-20 12:39:00,1634.91,1634.96,1634.91,1634.96,0.0,12.35,20230.8,1
2025-04-20,2025-04-20 12:40:00,1634.96,1635.01,1634.96,1635.01,0.0,12.35,20230.8,1
2025-04-20,2025-04-20 12:41:00,1635.01,1635.06,1635.01,1635.06,0.0,12.35,20230.8,1
2025-04-20,2025-04-20 12:42:00,1635.06,1635.11,1635.06,1635.11,0.0,12.35,20230.8,1
2025-04-20,2025-04-20 12:43:00,1635.11,1635.16,1635.11,1635.16,0.0,12.35,20230.8,1
2025-04-20,2025-04-20 12:44:00,1635.16,1635.21,1635.16,1635.21,0.0,12.35,20230.8,1
2025-04-20,2025-04-20 12:45:00,1635.21,1635.26,1635.21,1635.26,0.0,12.35,20230.8,1
2025-04-20,2025-04-20 12:46:00,1635.26,1635.31,1635.26,1635.31,0.0,12.35,20230.8,1
2025-04-20,2025-04-20 12:47:00,1635.31,1635.36,1635.31,1635.36,0.0,12.35,20230.8,1
2025-04-20,2025-04-20 12:48:00,1635.36,1635.41,1635.36,1635.41,0.0,12.35,20230.8,1
2025-04-20,2025-04-20 12:49:00,1635.41,1635.46,1635.41,1635.46,0.0,12.35,20230.8,1
2025-04-20,2025-04-20 12:50:00,1635.46,1635.51,1635.46,1635.51,0.0,12.35,20230.8,1
2025-04-20,2025-04-20 12:51:00,1635.51,1635.56,1635.51,1635.56,0.0,12.35,20230.8,1
2025-04-20,2025-04-20 12:52:00,1635.56,1635.61,1635.56,1635.61,0.0,12.35,20230.8,1
2025-04-20,2025-04-20 12:53:00,1635.61,1635.66,1635.61,1635.66,0.0,12.35,20230.8,1
2025-04-20,2025-04-20 12:54:00,1635.66,1635.71,1635.66,1635.71,0.0,12.35,20230.8,1
2025-04-20,2025-04-20 12:55:00,1635.71,1635.76,1635.71,1635.76,0.0,12.35,20230.8,1
2025-04-20,2025-04-20 12:56:00,1635.76,1635.81,1635.76,1635.81,0.0,12.35,20230.8,1
2025-04-20,2025-04-20 12:57:00,1635.81,1635.86,1635.81,1635.86,0.0,12.35,20230.8,1
2025-04-20,2025-04-20 12:58:00,1635.86,1635.91,1635.86,1635.91,0.0,12.35,20230.8,1
2025-04-20,2025-04-20 12:59:00,1635.91,1635.95,1635.91,1635.95,0.0,12.35,20230.8,1
2025-04-20,2025-04-20 13:00:00,1635.95,1658.0,1606.0,1636.0,0.0,12.35,20230.8,1
2025-04-20,2025-04-20 13:01:00,1636.0,1636.05,1636.0,1636.05,0.0,12.35,20230.8,1
2025-04-20,2025-04-20 13:02:00,1636.05,1636.1,1636.05,1636.1,0.0,12.35,20230.8,1
2025-04-20,2025-04-20 13:03:00,1636.1,1636.15,1636.1,1636.15,0.0,12.35,20230.8,1
2025-04-20,2025-04-20 13:04:00,1636.15,1636.2,1636.15,1636.2,0.0,12.35,20230.8,1
2025-04-20,2025-04-20 13:05:00,1636.2,1636.25,1636.2,1636.25,0.0,12.35,20230.8,1
2025-04-20,2025-04-20 13:06:00,1636.25,1636.3,1636.25,1636.3,0.0,12.35,20230.8,1
2025-04-20,2025-04-20 13:07:00,1636.3,1636.35,1636.3,1636.35,0.0,12.35,20230.8,1
2025-04-20,2025-04-20 13:08:00,1636.35,1636.4,1636.35,1636.4,0.0,12.35,20230.8,1
2025-04-20,2025-04-20 13:09:00,1636.4,1636.45,1636.4,1636.45,0.0,12.35,20230.8,1
2025-04-20,2025-04-20 13:10:00,1636.45,1636.5,1636.45,1636.5,0.0,12.35,20230.8,1
2025-04-20,2025-04-20 13:11:00,1636.5,1636.55,1636.5,1636.55,0.0,12.35,20230.8,1
2025-04-20,2025-04-20 13:12:00,1636.55,1636.6,1636.55,1636.6,0.0,12.35,20230.8,1
2025-04-20,2025-04-20 13:13:00,1636.6,1636.65,1636.6,1636.65,0.0,12.35,20230.8,1
2025-04-20,2025-04-20 13:14:00,1636.65,1636.7,1636.65,1636.7,0.0,12.35,20230.8,1
2025-04-20,2025-04-20 13:15:00,1636.7,1636.75,1636.7,1636.75,0.0,12.35,20230.8,1
2025-04-20,2025-04-20 13:16:00,1636.75,1636.8,1636.75,1636.8,0.0,12.35,20230.8,1
2025-04-20,2025-04-20 13:17:00,1636.8,1636.85,1636.8,1636.85,0.0,12.35,20230.8,1
2025-04-20,2025-04-20 13:18:00,1636.85,1636.9,1636.85,1636.9,0.0,12.35,20230.8,1
2025-04-20,2025-04-20 13:19:00,1636.9,1636.95,1636.9,1636.95,0.0,12.35,20230.8,1
2025-04-20,2025-04-20 13:20:00,1636.95,1637.0,1636.95,1637.0,0.0,12.35,20230.8,1
2025-04-20,2025-04-20 13:21:00,1637.0,1637.05,1637.0,1637.05,0.0,12.35,20230.8,1
2025-04-20,2025-04-20 13:22:00,1637.05,1637.1,1637.05,1637.1,0.0,12.35,20230.8,1
2025-04-20,2025-04-20 13:23:00,1637.1,1637.15,1637.1,1637.15,0.0,12.35,20230.8,1
2025-04-20,2025-04-20 13:24:00,1637.15,1637.2,1637.15,1637.2,0.0,12.35,20230.8,1
2025-04-20,2025-04-20 13:25:00,1637.2,1637.25,1637.2,1637.25,0.0,12.35,20230.8,1
2025-04-20,2025-04-20 13:26:00,1637.25,1637.29,1637.25,1637.29,0.0,12.35,20230.8,1
2025-04-20,2025-04-20 13:27:00,1637.29,1637.34,1637.29,1637.34,0.0,12.35,20230.8,1
2025-04-20,2025-04-20 13:28:00,1637.34,1637.39,1637.34,1637.39,0.0,12.35,20230.8,1
2025-04-20,2025-04-20 13:29:00,1637.39,1637.44,1637.39,1637.44,0.0,12.35,20230.8,1
2025-04-20,2025-04-20 13:30:00,1637.44,1637.49,1637.44,1637.49,0.0,12.35,20230.8,1
2025-04-20,2025-04-20 13:31:00,1637.49,1637.54,1637.49,1637.54,0.0,12.35,20230.8,1
2025-04-20,2025-04-20 13:32:00,1637.54,1637.59,1637.54,1637.59,0.0,12.35,20230.8,1
2025-04-20,2025-04-20 13:33:00,1637.59,1637.64,1637.59,1637.64,0.0,12.35,20230.8,1
2025-04-20,2025-04-20 13:34:00,1637.64,1637.69,1637.64,1637.69,0.0,12.35,20230.8,1
2025-04-20,2025-04-20 13:35:00,1637.69,1637.74,1637.69,1637.74,0.0,12.35,20230.8,1
2025-04-20,2025-04-20 13:36:00,1637.74,1637.79,1637.74,1637.79,0.0,12.35,20230.8,1
2025-04-20,2025-04-20 13:37:00,1637.79,1637.84,1637.79,1637.84,0.0,12.35,20230.8,1
2025-04-20,2025-04-20 13:38:00,1637.84,1637.89,1637.84,1637.89,0.0,12.35,20230.8,1
2025-04-20,2025-04-20 13:39:00,1637.89,1637.94,1637.89,1637.94,0.0,12.35,20230.8,1
2025-04-20,2025-04-20 13:40:00,1637.94,1637.99,1637.94,1637.99,0.0,12.35,20230.8,1
2025-04-20,2025-04-20 13:41:00,1637.99,1638.04,1637.99,1638.04,0.0,12.35,20230.8,1
2025-04-20,2025-04-20 13:42:00,1638.04,1638.09,1638.04,1638.09,0.0,12.35,20230.8,1
2025-04-20,2025-04-20 13:43:00,1638.09,1638.14,1638.09,1638.14,0.0,12.35,20230.8,1
2025-04-20,2025-04-20 13:44:00,1638.14,1638.19,1638.14,1638.19,0.0,12.35,20230.8,1
2025-04-20,2025-04-20 13:45:00,1638.19,1638.24,1638.19,1638.24,0.0,12.35,20230.8,1
2025-04-20,2025-04-20 13:46:00,1638.24,1638.29,1638.24,1638.29,0.0,12.35,20230.8,1
2025-04-20,2025-04-20 13:47:00,1638.29,1638.34,1638.29,1638.34,0.0,12.35,20230.8,1
2025-04-20,2025-04-20 13:48:00,1638.34,1638.39,1638.34,1638.39,0.0,12.35,20230.8,1
2025-04-20,2025-04-20 13:49:00,1638.39,1638.44,1638.39,1638.44,0.0,12.35,20230.8,1
2025-04-20,2025-04-20 13:50:00,1638.44,1638.49,1638.44,1638.49,0.0,12.35,20230.8,1
2025-04-20,2025-04-20 13:51:00,1638.49,1638.54,1638.49,1638.54,0.0,12.35,20230.8,1
2025-04-20,2025-04-20 13:52:00,1638.54,1638.59,1638.54,1638.59,0.0,12.35,20230.8,1
2025-04-20,2025-04-20 13:53:00,1638.59,1638.63,1638.59,1638.63,0.0,12.35,20230.8,1
2025-04-20,2025-04-20 13:54:00,1638.63,1638.68,1638.63,1638.68,0.0,12.35,20230.8,1
2025-04-20,2025-04-20 13:55:00,1638.68,1638.73,1638.68,1638.73,0.0,12.35,20230.8,1
2025-04-20,2025-04-20 13:56:00,1638.73,1638.78,1638.73,1638.78,0.0,12.35,20230.8,1
2025-04-20,2025-04-20 13:57:00,1638.78,1638.83,1638.78,1638.83,0.0,12.35,20230.8,1
2025-04-20,2025-04-20 13:58:00,1638.83,1638.88,1638.83,1638.88,0.0,12.35,20230.8,1
2025-04-20,2025-04-20 13:59:00,1638.88,1638.93,1638.88,1638.93,0.0,12.35,20230.8,1
2025-04-20,2025-04-20 14:00:00,1638.93,1638.98,1638.93,1638.98,0.0,12.35,20230.8,1
2025-04-20,2025-04-20 14:01:00,1638.98,1639.03,1638.98,1639.03,0.0,12.35,20230.8,1
2025-04-20,2025-04-20 14:02:00,1639.03,1639.08,1639.03,1639.08,0.0,12.35,20230.8,1
2025-04-20,2025-04-20 14:03:00,1639.08,1639.13,1639.08,1639.13,0.0,12.35,20230.8,1
2025-04-20,2025-04-20 14:04:00,1639.13,1639.18,1639.13,1639.18,0.0,12.35,20230.8,1
2025-04-20,2025-04-20 14:05:00,1639.18,1639.23,1639.18,1639.23,0.0,12.35,20230.8,1
2025-04-20,2025-04-20 14:06:00,1639.23,1639.28,1639.23,1639.28,0.0,12.35,20230.8,1
2025-04-20,2025-04-20 14:07:00,1639.28,1639.33,1639.28,1639.33,0.0,12.35,20230.8,1
2025-04-20,2025-04-20 14:08:00,1639.33,1639.38,1639.33,1639.38,0.0,12.35,20230.8,1
2025-04-20,2025-04-20 14:09:00,1639.38,1639.43,1639.38,1639.43,0.0,12.35,20230.8,1
2025-04-20,2025-04-20 14:10:00,1639.43,1639.48,1639.43,1639.48,0.0,12.35,20230.8,1
2025-04-20,2025-04-20 14:11:00,1639.48,1639.53,1639.48,1639.53,0.0,12.35,20230.8,1
2025-04-20,2025-04-20 14:12:00,1639.53,1639.58,1639.53,1639.58,0.0,12.35,20230.8,1
2025-04-20,2025-04-20 14:13:00,1639.58,1639.63,1639.58,1639.63,0.0,12.35,20230.8,1
2025-04-20,2025-04-20 14:14:00,1639.63,1639.68,1639.63,1639.68,0.0,12.35,20230.8,1
2025-04-20,2025-04-20 14:15:00,1639.68,1639.73,1639.68,1639.73,0.0,12.35,20230.8,1
2025-04-20,2025-04-20 14:16:00,1639.73,1639.78,1639.73,1639.78,0.0,12.35,20230.8,1
2025-04-20,2025-04-20 14:17:00,1639.78,1639.83,1639.78,1639.83,0.0,12.35,20230.8,1
2025-04-20,2025-04-20 14:18:00,1639.83,1639.88,1639.83,1639.88,0.0,12.35,20230.8,1
2025-04-20,2025-04-20 14:19:00,1639.88,1639.93,1639.88,1639.93,0.0,12.35,20230.8,1
2025-04-20,2025-04-20 14:20:00,1639.93,1639.97,1639.93,1639.97,0.0,12.35,20230.8,1
2025-04-20,2025-04-20 14:21:00,1639.97,1640.02,1639.97,1640.02,0.0,12.35,20230.8,1
2025-04-20,2025-04-20 14:22:00,1640.02,1640.07,1640.02,1640.07,0.0,12.35,20230.8,1
2025-04-20,2025-04-20 14:23:00,1640.07,1640.12,1640.07,1640.12,0.0,12.35,20230.8,1
2025-04-20,2025-04-20 14:24:00,1640.12,1640.17,1640.12,1640.17,0.0,12.35,20230.8,1
2025-04-20,2025-04-20 14:25:00,1640.17,1640.22,1640.17,1640.22,0.0,12.35,20230.8,1
2025-04-20,2025-04-20 14:26:00,1640.22,1640.27,1640.22,1640.27,0.0,12.35,20230.8,1
2025-04-20,2025-04-20 14:27:00,1640.27,1640.32,1640.27,1640.32,0.0,12.35,20230.8,1
2025-04-20,2025-04-20 14:28:00,1640.32,1640.37,1640.32,1640.37,0.0,12.35,20230.8,1
2025-04-20,2025-04-20 14:29:00,1640.37,1640.42,1640.37,1640.42,0.0,12.35,20230.8,1
2025-04-20,2025-04-20 14:30:00,1640.42,1640.47,1640.42,1640.47,0.0,12.35,20230.8,1
2025-04-20,2025-04-20 14:31:00,1640.47,1640.52,1640.47,1640.52,0.0,12.35,20230.8,1
2025-04-20,2025-04-20 14:32:00,1640.52,1640.57,1640.52,1640.57,0.0,12.35,20230.8,1
2025-04-20,2025-04-20 14:33:00,1640.57,1640.62,1640.57,1640.62,0.0,12.35,20230.8,1
2025-04-20,2025-04-20 14:34:00,1640.62,1640.67,1640.62,1640.67,0.0,12.35,20230.8,1
2025-04-20,2025-04-20 14:35:00,1640.67,1640.72,1640.67,1640.72,0.0,12.35,20230.8,1
2025-04-20,2025-04-20 14:36:00,1640.72,1640.77,1640.72,1640.77,0.0,12.35,20230.8,1
2025-04-20,2025-04-20 14:37:00,1640.77,1640.82,1640.77,1640.82,0.0,12.35,20230.8,1
2025-04-20,2025-04-20 14:38:00,1640.82,1640.87,1640.82,1640.87,0.0,12.35,20230.8,1
2025-04-20,2025-04-20 14:39:00,1640.87,1640.92,1640.87,1640.92,0.0,12.35,20230.8,1
2025-04-20,2025-04-20 14:40:00,1640.92,1640.97,1640.92,1640.97,0.0,12.35,20230.8,1
2025-04-20,2025-04-20 14:41:00,1640.97,1641.02,1640.97,1641.02,0.0,12.35,20230.8,1
2025-04-20,2025-04-20 14:42:00,1641.02,1641.07,1641.02,1641.07,0.0,12.35,20230.8,1
2025-04-20,2025-04-20 14:43:00,1641.07,1641.12,1641.07,1641.12,0.0,12.35,20230.8,1
2025-04-20,2025-04-20 14:44:00,1641.12,1641.17,1641.12,1641.17,0.0,12.35,20230.8,1
2025-04-20,2025-04-20 14:45:00,1641.17,1641.22,1641.17,1641.22,0.0,12.35,20230.8,1
2025-04-20,2025-04-20 14:46:00,1641.22,1641.26,1641.22,1641.26,0.0,12.35,20230.8,1
2025-04-20,2025-04-20 14:47:00,1641.26,1641.31,1641.26,1641.31,0.0,12.35,20230.8,1
2025-04-20,2025-04-20 14:48:00,1641.31,1641.36,1641.31,1641.36,0.0,12.35,20230.8,1
2025-04-20,2025-04-20 14:49:00,1641.36,1641.41,1641.36,1641.41,0.0,12.35,20230.8,1
2025-04-20,2025-04-20 14:50:00,1641.41,1641.46,1641.41,1641.46,0.0,12.35,20230.8,1
2025-04-20,2025-04-20 14:51:00,1641.46,1641.51,1641.46,1641.51,0.0,12.35,20230.8,1
2025-04-20,2025-04-20 14:52:00,1641.51,1641.56,1641.51,1641.56,0.0,12.35,20230.8,1
2025-04-20,2025-04-20 14:53:00,1641.56,1641.61,1641.56,1641.61,0.0,12.35,20230.8,1
2025-04-20,2025-04-20 14:54:00,1641.61,1641.66,1641.61,1641.66,0.0,12.35,20230.8,1
2025-04-20,2025-04-20 14:55:00,1641.66,1641.71,1641.66,1641.71,0.0,12.35,20230.8,1
2025-04-20,2025-04-20 14:56:00,1641.71,1641.76,1641.71,1641.76,0.0,12.35,20230.8,1
2025-04-20,2025-04-20 14:57:00,1641.76,1641.81,1641.76,1641.81,0.0,12.35,20230.8,1
2025-04-20,2025-04-20 14:58:00,1641.81,1641.86,1641.81,1641.86,0.0,12.35,20230.8,1
2025-04-20,2025-04-20 14:59:00,1641.86,1641.91,1641.86,1641.91,0.0,12.35,20230.8,1
2025-04-20,2025-04-20 15:00:00,1641.91,1658.0,1606.0,1641.91,0.0,12.35,20230.8,0
2025-04-21,2025-04-21 11:00:00,1612.0,1651.06,1608.4,1612.23,0.01,25.21,41642.58,1
2025-04-21,2025-04-21 11:01:00,1612.23,1612.47,1612.23,1612.47,0.01,25.21,41642.58,1
2025-04-21,2025-04-21 11:02:00,1612.47,1612.7,1612.47,1612.7,0.01,25.21,41642.58,1
2025-04-21,2025-04-21 11:03:00,1612.7,1612.94,1612.7,1612.94,0.01,25.21,41642.58,1
2025-04-21,2025-04-21 11:04:00,1612.94,1613.17,1612.94,1613.17,0.01,25.21,41642.58,1
2025-04-21,2025-04-21 11:05:00,1613.17,1613.41,1613.17,1613.41,0.01,25.21,41642.58,1
2025-04-21,2025-04-21 11:06:00,1613.41,1613.64,1613.41,1613.64,0.01,25.21,41642.58,1
2025-04-21,2025-04-21 11:07:00,1613.64,1613.88,1613.64,1613.88,0.01,25.21,41642.58,1
2025-04-21,2025-04-21 11:08:00,1613.88,1614.11,1613.88,1614.11,0.01,25.21,41642.58,1
2025-04-21,2025-04-21 11:09:00,1614.11,1614.34,1614.11,1614.34,0.01,25.21,41642.58,1
2025-04-21,2025-04-21 11:10:00,1614.34,1614.58,1614.34,1614.58,0.01,25.21,41642.58,1
2025-04-21,2025-04-21 11:11:00,1614.58,1614.81,1614.58,1614.81,0.01,25.21,41642.58,1
2025-04-21,2025-04-21 11:12:00,1614.81,1615.05,1614.81,1615.05,0.01,25.21,41642.58,1
2025-04-21,2025-04-21 11:13:00,1615.05,1615.28,1615.05,1615.28,0.01,25.21,41642.58,1
2025-04-21,2025-04-21 11:14:00,1615.28,1615.52,1615.28,1615.52,0.01,25.21,41642.58,1
2025-04-21,2025-04-21 11:15:00,1615.52,1615.75,1615.52,1615.75,0.01,25.21,41642.58,1
2025-04-21,2025-04-21 11:16:00,1615.75,1615.98,1615.75,1615.98,0.01,25.21,41642.58,1
2025-04-21,2025-04-21 11:17:00,1615.98,1616.22,1615.98,1616.22,0.01,25.21,41642.58,1
2025-04-21,2025-04-21 11:18:00,1616.22,1616.45,1616.22,1616.45,0.01,25.21,41642.58,1
2025-04-21,2025-04-21 11:19:00,1616.45,1616.69,1616.45,1616.69,0.01,25.21,41642.58,1
2025-04-21,2025-04-21 11:20:00,1616.69,1616.92,1616.69,1616.92,0.01,25.21,41642.58,1
2025-04-21,2025-04-21 11:21:00,1616.92,1617.16,1616.92,1617.16,0.01,25.21,41642.58,1
2025-04-21,2025-04-21 11:22:00,1617.16,1617.39,1617.16,1617.39,0.01,25.21,41642.58,1
2025-04-21,2025-04-21 11:23:00,1617.39,1617.62,1617.39,1617.62,0.01,25.21,41642.58,1
2025-04-21,2025-04-21 11:24:00,1617.62,1617.86,1617.62,1617.86,0.01,25.21,41642.58,1
2025-04-21,2025-04-21 11:25:00,1617.86,1618.09,1617.86,1618.09,0.01,25.21,41642.58,1
2025-04-21,2025-04-21 11:26:00,1618.09,1618.33,1618.09,1618.33,0.01,25.21,41642.58,1
2025-04-21,2025-04-21 11:27:00,1618.33,1618.56,1618.33,1618.56,0.01,25.21,41642.58,1
2025-04-21,2025-04-21 11:28:00,1618.56,1618.8,1618.56,1618.8,0.01,25.21,41642.58,1
2025-04-21,2025-04-21 11:29:00,1618.8,1619.03,1618.8,1619.03,0.01,25.21,41642.58,1
2025-04-21,2025-04-21 11:30:00,1619.03,1619.27,1619.03,1619.27,0.01,25.21,41642.58,1
2025-04-21,2025-04-21 11:31:00,1619.27,1619.5,1619.27,1619.5,0.01,25.21,41642.58,1
2025-04-21,2025-04-21 11:32:00,1619.5,1619.73,1619.5,1619.73,0.01,25.21,41642.58,1
2025-04-21,2025-04-21 11:33:00,1619.73,1619.97,1619.73,1619.97,0.01,25.21,41642.58,1
2025-04-21,2025-04-21 11:34:00,1619.97,1620.2,1619.97,1620.2,0.01,25.21,41642.58,1
2025-04-21,2025-04-21 11:35:00,1620.2,1620.44,1620.2,1620.44,0.01,25.21,41642.58,1
2025-04-21,2025-04-21 11:36:00,1620.44,1620.67,1620.44,1620.67,0.01,25.21,41642.58,1
2025-04-21,2025-04-21 11:37:00,1620.67,1620.91,1620.67,1620.91,0.01,25.21,41642.58,1
2025-04-21,2025-04-21 11:38:00,1620.91,1621.14,1620.91,1621.14,0.01,25.21,41642.58,1
2025-04-21,2025-04-21 11:39:00,1621.14,1621.38,1621.14,1621.38,0.01,25.21,41642.58,1
2025-04-21,2025-04-21 11:40:00,1621.38,1621.61,1621.38,1621.61,0.01,25.21,41642.58,1
2025-04-21,2025-04-21 11:41:00,1621.61,1621.84,1621.61,1621.84,0.01,25.21,41642.58,1
2025-04-21,2025-04-21 11:42:00,1621.84,1622.08,1621.84,1622.08,0.01,25.21,41642.58,1
2025-04-21,2025-04-21 11:43:00,1622.08,1622.31,1622.08,1622.31,0.01,25.21,41642.58,1
2025-04-21,2025-04-21 11:44:00,1622.31,1622.55,1622.31,1622.55,0.01,25.21,41642.58,1
2025-04-21,2025-04-21 11:45:00,1622.55,1622.78,1622.55,1622.78,0.01,25.21,41642.58,1
2025-04-21,2025-04-21 11:46:00,1622.78,1623.02,1622.78,1623.02,0.01,25.21,41642.58,1
2025-04-21,2025-04-21 11:47:00,1623.02,1623.25,1623.02,1623.25,0.01,25.21,41642.58,1
2025-04-21,2025-04-21 11:48:00,1623.25,1623.48,1623.25,1623.48,0.01,25.21,41642.58,1
2025-04-21,2025-04-21 11:49:00,1623.48,1623.72,1623.48,1623.72,0.01,25.21,41642.58,1
2025-04-21,2025-04-21 11:50:00,1623.72,1623.95,1623.72,1623.95,0.01,25.21,41642.58,1
2025-04-21,2025-04-21 11:51:00,1623.95,1624.19,1623.95,1624.19,0.01,25.21,41642.58,1
2025-04-21,2025-04-21 11:52:00,1624.19,1624.42,1624.19,1624.42,0.01,25.21,41642.58,1
2025-04-21,2025-04-21 11:53:00,1624.42,1624.66,1624.42,1624.66,0.01,25.21,41642.58,1
2025-04-21,2025-04-21 11:54:00,1624.66,1624.89,1624.66,1624.89,0.01,25.21,41642.58,1
2025-04-21,2025-04-21 11:55:00,1624.89,1625.12,1624.89,1625.12,0.01,25.21,41642.58,1
2025-04-21,2025-04-21 11:56:00,1625.12,1625.36,1625.12,1625.36,0.01,25.21,41642.58,1
2025-04-21,2025-04-21 11:57:00,1625.36,1625.59,1625.36,1625.59,0.01,25.21,41642.58,1
2025-04-21,2025-04-21 11:58:00,1625.59,1625.83,1625.59,1625.83,0.01,25.21,41642.58,1
2025-04-21,2025-04-21 11:59:00,1625.83,1626.06,1625.83,1626.06,0.01,25.21,41642.58,1
2025-04-21,2025-04-21 12:00:00,1626.06,1626.3,1626.06,1626.3,0.01,25.21,41642.58,1
2025-04-21,2025-04-21 12:01:00,1626.3,1626.53,1626.3,1626.53,0.01,25.21,41642.58,1
2025-04-21,2025-04-21 12:02:00,1626.53,1626.77,1626.53,1626.77,0.01,25.21,41642.58,1
2025-04-21,2025-04-21 12:03:00,1626.77,1627.0,1626.77,1627.0,0.01,25.21,41642.58,1
2025-04-21,2025-04-21 12:04:00,1627.0,1627.23,1627.0,1627.23,0.01,25.21,41642.58,1
2025-04-21,2025-04-21 12:05:00,1627.23,1627.47,1627.23,1627.47,0.01,25.21,41642.58,1
2025-04-21,2025-04-21 12:06:00,1627.47,1627.7,1627.47,1627.7,0.01,25.21,41642.58,1
2025-04-21,2025-04-21 12:07:00,1627.7,1627.94,1627.7,1627.94,0.01,25.21,41642.58,1
2025-04-21,2025-04-21 12:08:00,1627.94,1628.17,1627.94,1628.17,0.01,25.21,41642.58,1
2025-04-21,2025-04-21 12:09:00,1628.17,1628.41,1628.17,1628.41,0.01,25.21,41642.58,1
2025-04-21,2025-04-21 12:10:00,1628.41,1628.64,1628.41,1628.64,0.01,25.21,41642.58,1
2025-04-21,2025-04-21 12:11:00,1628.64,1628.88,1628.64,1628.88,0.01,25.21,41642.58,1
2025-04-21,2025-04-21 12:12:00,1628.88,1629.11,1628.88,1629.11,0.01,25.21,41642.58,1
2025-04-21,2025-04-21 12:13:00,1629.11,1629.34,1629.11,1629.34,0.01,25.21,41642.58,1
2025-04-21,2025-04-21 12:14:00,1629.34,1629.58,1629.34,1629.58,0.01,25.21,41642.58,1
2025-04-21,2025-04-21 12:15:00,1629.58,1629.81,1629.58,1629.81,0.01,25.21,41642.58,1
2025-04-21,2025-04-21 12:16:00,1629.81,1630.05,1629.81,1630.05,0.01,25.21,41642.58,1
2025-04-21,2025-04-21 12:17:00,1630.05,1630.28,1630.05,1630.28,0.01,25.21,41642.58,1
2025-04-21,2025-04-21 12:18:00,1630.28,1630.52,1630.28,1630.52,0.01,25.21,41642.58,1
2025-04-21,2025-04-21 12:19:00,1630.52,1630.75,1630.52,1630.75,0.01,25.21,41642.58,1
2025-04-21,2025-04-21 12:20:00,1630.75,1630.98,1630.75,1630.98,0.01,25.21,41642.58,1
2025-04-21,2025-04-21 12:21:00,1630.98,1631.22,1630.98,1631.22,0.01,25.21,41642.58,1
2025-04-21,2025-04-21 12:22:00,1631.22,1631.45,1631.22,1631.45,0.01,25.21,41642.58,1
2025-04-21,2025-04-21 12:23:00,1631.45,1631.69,1631.45,1631.69,0.01,25.21,41642.58,1
2025-04-21,2025-04-21 12:24:00,1631.69,1631.92,1631.69,1631.92,0.01,25.21,41642.58,1
2025-04-21,2025-04-21 12:25:00,1631.92,1632.16,1631.92,1632.16,0.01,25.21,41642.58,1
2025-04-21,2025-04-21 12:26:00,1632.16,1632.39,1632.16,1632.39,0.01,25.21,41642.58,1
2025-04-21,2025-04-21 12:27:00,1632.39,1632.62,1632.39,1632.62,0.01,25.21,41642.58,1
2025-04-21,2025-04-21 12:28:00,1632.62,1632.86,1632.62,1632.86,0.01,25.21,41642.58,1
2025-04-21,2025-04-21 12:29:00,1632.86,1633.09,1632.86,1633.09,0.01,25.21,41642.58,1
2025-04-21,2025-04-21 12:30:00,1633.09,1633.33,1633.09,1633.33,0.01,25.21,41642.58,1
2025-04-21,2025-04-21 12:31:00,1633.33,1633.56,1633.33,1633.56,0.01,25.21,41642.58,1
2025-04-21,2025-04-21 12:32:00,1633.56,1633.8,1633.56,1633.8,0.01,25.21,41642.58,1
2025-04-21,2025-04-21 12:33:00,1633.8,1634.03,1633.8,1634.03,0.01,25.21,41642.58,1
2025-04-21,2025-04-21 12:34:00,1634.03,1634.27,1634.03,1634.27,0.01,25.21,41642.58,1
2025-04-21,2025-04-21 12:35:00,1634.27,1634.5,1634.27,1634.5,0.01,25.21,41642.58,1
2025-04-21,2025-04-21 12:36:00,1634.5,1634.73,1634.5,1634.73,0.01,25.21,41642.58,1
2025-04-21,2025-04-21 12:37:00,1634.73,1634.97,1634.73,1634.97,0.01,25.21,41642.58,1
2025-04-21,2025-04-21 12:38:00,1634.97,1635.2,1634.97,1635.2,0.01,25.21,41642.58,1
2025-04-21,2025-04-21 12:39:00,1635.2,1635.44,1635.2,1635.44,0.01,25.21,41642.58,1
2025-04-21,2025-04-21 12:40:00,1635.44,1635.67,1635.44,1635.67,0.01,25.21,41642.58,1
2025-04-21,2025-04-21 12:41:00,1635.67,1635.91,1635.67,1635.91,0.01,25.21,41642.58,1
2025-04-21,2025-04-21 12:42:00,1635.91,1636.14,1635.91,1636.14,0.01,25.21,41642.58,1
2025-04-21,2025-04-21 12:43:00,1636.14,1636.38,1636.14,1636.38,0.01,25.21,41642.58,1
2025-04-21,2025-04-21 12:44:00,1636.38,1636.61,1636.38,1636.61,0.01,25.21,41642.58,1
2025-04-21,2025-04-21 12:45:00,1636.61,1636.84,1636.61,1636.84,0.01,25.21,41642.58,1
2025-04-21,2025-04-21 12:46:00,1636.84,1637.08,1636.84,1637.08,0.01,25.21,41642.58,1
2025-04-21,2025-04-21 12:47:00,1637.08,1637.31,1637.08,1637.31,0.01,25.21,41642.58,1
2025-04-21,2025-04-21 12:48:00,1637.31,1637.55,1637.31,1637.55,0.01,25.21,41642.58,1
2025-04-21,2025-04-21 12:49:00,1637.55,1637.78,1637.55,1637.78,0.01,25.21,41642.58,1
2025-04-21,2025-04-21 12:50:00,1637.78,1638.02,1637.78,1638.02,0.01,25.21,41642.58,1
2025-04-21,2025-04-21 12:51:00,1638.02,1638.25,1638.02,1638.25,0.01,25.21,41642.58,1
2025-04-21,2025-04-21 12:52:00,1638.25,1638.48,1638.25,1638.48,0.01,25.21,41642.58,1
2025-04-21,2025-04-21 12:53:00,1638.48,1638.72,1638.48,1638.72,0.01,25.21,41642.58,1
2025-04-21,2025-04-21 12:54:00,1638.72,1638.95,1638.72,1638.95,0.01,25.21,41642.58,1
2025-04-21,2025-04-21 12:55:00,1638.95,1639.19,1638.95,1639.19,0.01,25.21,41642.58,1
2025-04-21,2025-04-21 12:56:00,1639.19,1639.42,1639.19,1639.42,0.01,25.21,41642.58,1
2025-04-21,2025-04-21 12:57:00,1639.42,1639.66,1639.42,1639.66,0.01,25.21,41642.58,1
2025-04-21,2025-04-21 12:58:00,1639.66,1639.89,1639.66,1639.89,0.01,25.21,41642.58,1
2025-04-21,2025-04-21 12:59:00,1639.89,1640.12,1639.89,1640.12,0.01,25.21,41642.58,1
2025-04-21,2025-04-21 13:00:00,1640.12,1742.2,1600.0,1640.36,0.01,25.21,41642.58,1
2025-04-21,2025-04-21 13:01:00,1640.36,1640.59,1640.36,1640.59,0.01,25.21,41642.58,1
2025-04-21,2025-04-21 13:02:00,1640.59,1640.83,1640.59,1640.83,0.01,25.21,41642.58,1
2025-04-21,2025-04-21 13:03:00,1640.83,1641.06,1640.83,1641.06,0.01,25.21,41642.58,1
2025-04-21,2025-04-21 13:04:00,1641.06,1641.3,1641.06,1641.3,0.01,25.21,41642.58,1
2025-04-21,2025-04-21 13:05:00,1641.3,1641.53,1641.3,1641.53,0.01,25.21,41642.58,1
2025-04-21,2025-04-21 13:06:00,1641.53,1641.77,1641.53,1641.77,0.01,25.21,41642.58,1
2025-04-21,2025-04-21 13:07:00,1641.77,1642.0,1641.77,1642.0,0.01,25.21,41642.58,1
2025-04-21,2025-04-21 13:08:00,1642.0,1642.23,1642.0,1642.23,0.01,25.21,41642.58,1
2025-04-21,2025-04-21 13:09:00,1642.23,1642.47,1642.23,1642.47,0.01,25.21,41642.58,1
2025-04-21,2025-04-21 13:10:00,1642.47,1642.7,1642.47,1642.7,0.01,25.21,41642.58,1
2025-04-21,2025-04-21 13:11:00,1642.7,1642.94,1642.7,1642.94,0.01,25.21,41642.58,1
2025-04-21,2025-04-21 13:12:00,1642.94,1643.17,1642.94,1643.17,0.01,25.21,41642.58,1
2025-04-21,2025-04-21 13:13:00,1643.17,1643.41,1643.17,1643.41,0.01,25.21,41642.58,1
2025-04-21,2025-04-21 13:14:00,1643.41,1643.64,1643.41,1643.64,0.01,25.21,41642.58,1
2025-04-21,2025-04-21 13:15:00,1643.64,1643.88,1643.64,1643.88,0.01,25.21,41642.58,1
2025-04-21,2025-04-21 13:16:00,1643.88,1644.11,1643.88,1644.11,0.01,25.21,41642.58,1
2025-04-21,2025-04-21 13:17:00,1644.11,1644.34,1644.11,1644.34,0.01,25.21,41642.58,1
2025-04-21,2025-04-21 13:18:00,1644.34,1644.58,1644.34,1644.58,0.01,25.21,41642.58,1
2025-04-21,2025-04-21 13:19:00,1644.58,1644.81,1644.58,1644.81,0.01,25.21,41642.58,1
2025-04-21,2025-04-21 13:20:00,1644.81,1645.05,1644.81,1645.05,0.01,25.21,41642.58,1
2025-04-21,2025-04-21 13:21:00,1645.05,1645.28,1645.05,1645.28,0.01,25.21,41642.58,1
2025-04-21,2025-04-21 13:22:00,1645.28,1645.52,1645.28,1645.52,0.01,25.21,41642.58,1
2025-04-21,2025-04-21 13:23:00,1645.52,1645.75,1645.52,1645.75,0.01,25.21,41642.58,1
2025-04-21,2025-04-21 13:24:00,1645.75,1645.98,1645.75,1645.98,0.01,25.21,41642.58,1
2025-04-21,2025-04-21 13:25:00,1645.98,1646.22,1645.98,1646.22,0.01,25.21,41642.58,1
2025-04-21,2025-04-21 13:26:00,1646.22,1646.45,1646.22,1646.45,0.01,25.21,41642.58,1
2025-04-21,2025-04-21 13:27:00,1646.45,1646.69,1646.45,1646.69,0.01,25.21,41642.58,1
2025-04-21,2025-04-21 13:28:00,1646.69,1646.92,1646.69,1646.92,0.01,25.21,41642.58,1
2025-04-21,2025-04-21 13:29:00,1646.92,1647.16,1646.92,1647.16,0.01,25.21,41642.58,1
2025-04-21,2025-04-21 13:30:00,1647.16,1647.39,1647.16,1647.39,0.01,25.21,41642.58,1
2025-04-21,2025-04-21 13:31:00,1647.39,1647.62,1647.39,1647.62,0.01,25.21,41642.58,1
2025-04-21,2025-04-21 13:32:00,1647.62,1647.86,1647.62,1647.86,0.01,25.21,41642.58,1
2025-04-21,2025-04-21 13:33:00,1647.86,1648.09,1647.86,1648.09,0.01,25.21,41642.58,1
2025-04-21,2025-04-21 13:34:00,1648.09,1648.33,1648.09,1648.33,0.01,25.21,41642.58,1
2025-04-21,2025-04-21 13:35:00,1648.33,1648.56,1648.33,1648.56,0.01,25.21,41642.58,1
2025-04-21,2025-04-21 13:36:00,1648.56,1648.8,1648.56,1648.8,0.01,25.21,41642.58,1
2025-04-21,2025-04-21 13:37:00,1648.8,1649.03,1648.8,1649.03,0.01,25.21,41642.58,1
2025-04-21,2025-04-21 13:38:00,1649.03,1649.27,1649.03,1649.27,0.01,25.21,41642.58,1
2025-04-21,2025-04-21 13:39:00,1649.27,1649.5,1649.27,1649.5,0.01,25.21,41642.58,1
2025-04-21,2025-04-21 13:40:00,1649.5,1649.73,1649.5,1649.73,0.01,25.21,41642.58,1
2025-04-21,2025-04-21 13:41:00,1649.73,1649.97,1649.73,1649.97,0.01,25.21,41642.58,1
2025-04-21,2025-04-21 13:42:00,1649.97,1650.2,1649.97,1650.2,0.01,25.21,41642.58,1
2025-04-21,2025-04-21 13:43:00,1650.2,1650.44,1650.2,1650.44,0.01,25.21,41642.58,1
2025-04-21,2025-04-21 13:44:00,1650.44,1650.67,1650.44,1650.67,0.01,25.21,41642.58,1
2025-04-21,2025-04-21 13:45:00,1650.67,1650.91,1650.67,1650.91,0.01,25.21,41642.58,1
2025-04-21,2025-04-21 13:46:00,1650.91,1651.14,1650.91,1651.14,0.01,25.21,41642.58,1
2025-04-21,2025-04-21 13:47:00,1651.14,1651.38,1651.14,1651.38,0.01,25.21,41642.58,1
2025-04-21,2025-04-21 13:48:00,1651.38,1651.61,1651.38,1651.61,0.01,25.21,41642.58,1
2025-04-21,2025-04-21 13:49:00,1651.61,1651.84,1651.61,1651.84,0.01,25.21,41642.58,1
2025-04-21,2025-04-21 13:50:00,1651.84,1652.08,1651.84,1652.08,0.01,25.21,41642.58,1
2025-04-21,2025-04-21 13:51:00,1652.08,1652.31,1652.08,1652.31,0.01,25.21,41642.58,1
2025-04-21,2025-04-21 13:52:00,1652.31,1652.55,1652.31,1652.55,0.01,25.21,41642.58,1
2025-04-21,2025-04-21 13:53:00,1652.55,1652.78,1652.55,1652.78,0.01,25.21,41642.58,1
2025-04-21,2025-04-21 13:54:00,1652.78,1653.02,1652.78,1653.02,0.01,25.21,41642.58,1
2025-04-21,2025-04-21 13:55:00,1653.02,1653.25,1653.02,1653.25,0.01,25.21,41642.58,1
2025-04-21,2025-04-21 13:56:00,1653.25,1653.48,1653.25,1653.48,0.01,25.21,41642.58,1
2025-04-21,2025-04-21 13:57:00,1653.48,1653.72,1653.48,1653.72,0.01,25.21,41642.58,1
2025-04-21,2025-04-21 13:58:00,1653.72,1653.95,1653.72,1653.95,0.01,25.21,41642.58,1
2025-04-21,2025-04-21 13:59:00,1653.95,1654.19,1653.95,1654.19,0.01,25.21,41642.58,1
2025-04-21,2025-04-21 14:00:00,1654.19,1654.42,1654.19,1654.42,0.01,25.21,41642.58,1
2025-04-21,2025-04-21 14:01:00,1654.42,1654.66,1654.42,1654.66,0.01,25.21,41642.58,1
2025-04-21,2025-04-21 14:02:00,1654.66,1654.89,1654.66,1654.89,0.01,25.21,41642.58,1
2025-04-21,2025-04-21 14:03:00,1654.89,1655.12,1654.89,1655.12,0.01,25.21,41642.58,1
2025-04-21,2025-04-21 14:04:00,1655.12,1655.36,1655.12,1655.36,0.01,25.21,41642.58,1
2025-04-21,2025-04-21 14:05:00,1655.36,1655.59,1655.36,1655.59,0.01,25.21,41642.58,1
2025-04-21,2025-04-21 14:06:00,1655.59,1655.83,1655.59,1655.83,0.01,25.21,41642.58,1
2025-04-21,2025-04-21 14:07:00,1655.83,1656.06,1655.83,1656.06,0.01,25.21,41642.58,1
2025-04-21,2025-04-21 14:08:00,1656.06,1656.3,1656.06,1656.3,0.01,25.21,41642.58,1
2025-04-21,2025-04-21 14:09:00,1656.3,1656.53,1656.3,1656.53,0.01,25.21,41642.58,1
2025-04-21,2025-04-21 14:10:00,1656.53,1656.77,1656.53,1656.77,0.01,25.21,41642.58,1
2025-04-21,2025-04-21 14:11:00,1656.77,1657.0,1656.77,1657.0,0.01,25.21,41642.58,1
2025-04-21,2025-04-21 14:12:00,1657.0,1657.23,1657.0,1657.23,0.01,25.21,41642.58,1
2025-04-21,2025-04-21 14:13:00,1657.23,1657.47,1657.23,1657.47,0.01,25.21,41642.58,1
2025-04-21,2025-04-21 14:14:00,1657.47,1657.7,1657.47,1657.7,0.01,25.21,41642.58,1
2025-04-21,2025-04-21 14:15:00,1657.7,1657.94,1657.7,1657.94,0.01,25.21,41642.58,1
2025-04-21,2025-04-21 14:16:00,1657.94,1658.17,1657.94,1658.17,0.01,25.21,41642.58,1
2025-04-21,2025-04-21 14:17:00,1658.17,1658.41,1658.17,1658.41,0.01,25.21,41642.58,1
2025-04-21,2025-04-21 14:18:00,1658.41,1658.64,1658.41,1658.64,0.01,25.21,41642.58,1
2025-04-21,2025-04-21 14:19:00,1658.64,1658.88,1658.64,1658.88,0.01,25.21,41642.58,1
2025-04-21,2025-04-21 14:20:00,1658.88,1659.11,1658.88,1659.11,0.01,25.21,41642.58,1
2025-04-21,2025-04-21 14:21:00,1659.11,1659.34,1659.11,1659.34,0.01,25.21,41642.58,1
2025-04-21,2025-04-21 14:22:00,1659.34,1659.58,1659.34,1659.58,0.01,25.21,41642.58,1
2025-04-21,2025-04-21 14:23:00,1659.58,1659.81,1659.58,1659.81,0.01,25.21,41642.58,1
2025-04-21,2025-04-21 14:24:00,1659.81,1660.05,1659.81,1660.05,0.01,25.21,41642.58,1
2025-04-21,2025-04-21 14:25:00,1660.05,1660.28,1660.05,1660.28,0.01,25.21,41642.58,1
2025-04-21,2025-04-21 14:26:00,1660.28,1660.52,1660.28,1660.52,0.01,25.21,41642.58,1
2025-04-21,2025-04-21 14:27:00,1660.52,1660.75,1660.52,1660.75,0.01,25.21,41642.58,1
2025-04-21,2025-04-21 14:28:00,1660.75,1660.98,1660.75,1660.98,0.01,25.21,41642.58,1
2025-04-21,2025-04-21 14:29:00,1660.98,1661.22,1660.98,1661.22,0.01,25.21,41642.58,1
2025-04-21,2025-04-21 14:30:00,1661.22,1661.45,1661.22,1661.45,0.01,25.21,41642.58,1
2025-04-21,2025-04-21 14:31:00,1661.45,1661.69,1661.45,1661.69,0.01,25.21,41642.58,1
2025-04-21,2025-04-21 14:32:00,1661.69,1661.92,1661.69,1661.92,0.01,25.21,41642.58,1
2025-04-21,2025-04-21 14:33:00,1661.92,1662.16,1661.92,1662.16,0.01,25.21,41642.58,1
2025-04-21,2025-04-21 14:34:00,1662.16,1662.39,1662.16,1662.39,0.01,25.21,41642.58,1
2025-04-21,2025-04-21 14:35:00,1662.39,1662.62,1662.39,1662.62,0.01,25.21,41642.58,1
2025-04-21,2025-04-21 14:36:00,1662.62,1662.86,1662.62,1662.86,0.01,25.21,41642.58,1
2025-04-21,2025-04-21 14:37:00,1662.86,1663.09,1662.86,1663.09,0.01,25.21,41642.58,1
2025-04-21,2025-04-21 14:38:00,1663.09,1663.33,1663.09,1663.33,0.01,25.21,41642.58,1
2025-04-21,2025-04-21 14:39:00,1663.33,1663.56,1663.33,1663.56,0.01,25.21,41642.58,1
2025-04-21,2025-04-21 14:40:00,1663.56,1663.8,1663.56,1663.8,0.01,25.21,41642.58,1
2025-04-21,2025-04-21 14:41:00,1663.8,1664.03,1663.8,1664.03,0.01,25.21,41642.58,1
2025-04-21,2025-04-21 14:42:00,1664.03,1664.27,1664.03,1664.27,0.01,25.21,41642.58,1
2025-04-21,2025-04-21 14:43:00,1664.27,1664.5,1664.27,1664.5,0.01,25.21,41642.58,1
2025-04-21,2025-04-21 14:44:00,1664.5,1664.73,1664.5,1664.73,0.01,25.21,41642.58,1
2025-04-21,2025-04-21 14:45:00,1664.73,1664.97,1664.73,1664.97,0.01,25.21,41642.58,1
2025-04-21,2025-04-21 14:46:00,1664.97,1665.2,1664.97,1665.2,0.01,25.21,41642.58,1
2025-04-21,2025-04-21 14:47:00,1665.2,1665.44,1665.2,1665.44,0.01,25.21,41642.58,1
2025-04-21,2025-04-21 14:48:00,1665.44,1665.67,1665.44,1665.67,0.01,25.21,41642.58,1
2025-04-21,2025-04-21 14:49:00,1665.67,1665.91,1665.67,1665.91,0.01,25.21,41642.58,1
2025-04-21,2025-04-21 14:50:00,1665.91,1666.14,1665.91,1666.14,0.01,25.21,41642.58,1
2025-04-21,2025-04-21 14:51:00,1666.14,1666.38,1666.14,1666.38,0.01,25.21,41642.58,1
2025-04-21,2025-04-21 14:52:00,1666.38,1666.61,1666.38,1666.61,0.01,25.21,41642.58,1
2025-04-21,2025-04-21 14:53:00,1666.61,1666.84,1666.61,1666.84,0.01,25.21,41642.58,1
2025-04-21,2025-04-21 14:54:00,1666.84,1667.08,1666.84,1667.08,0.01,25.21,41642.58,1
2025-04-21,2025-04-21 14:55:00,1667.08,1667.31,1667.08,1667.31,0.01,25.21,41642.58,1
2025-04-21,2025-04-21 14:56:00,1667.31,1667.55,1667.31,1667.55,0.01,25.21,41642.58,1
2025-04-21,2025-04-21 14:57:00,1667.55,1667.78,1667.55,1667.78,0.01,25.21,41642.58,1
2025-04-21,2025-04-21 14:58:00,1667.78,1668.02,1667.78,1668.02,0.01,25.21,41642.58,1
2025-04-21,2025-04-21 14:59:00,1668.02,1668.25,1668.02,1668.25,0.01,25.21,41642.58,1
2025-04-21,2025-04-21 15:00:00,1668.25,1742.2,1600.0,1668.25,0.0,25.21,41642.58,0
2025-04-22,2025-04-22 11:00:00,1640.0,1668.68,1635.5,1639.98,-0.0,11.41,18830.09,-1
2025-04-22,2025-04-22 11:01:00,1639.98,1639.98,1639.97,1639.97,-0.0,11.41,18830.09,-1
2025-04-22,2025-04-22 11:02:00,1639.97,1639.97,1639.95,1639.95,-0.0,11.41,18830.09,-1
2025-04-22,2025-04-22 11:03:00,1639.95,1639.95,1639.93,1639.93,-0.0,11.41,18830.09,-1
2025-04-22,2025-04-22 11:04:00,1639.93,1639.93,1639.91,1639.91,-0.0,11.41,18830.09,-1
2025-04-22,2025-04-22 11:05:00,1639.91,1639.91,1639.9,1639.9,-0.0,11.41,18830.09,-1
2025-04-22,2025-04-22 11:06:00,1639.9,1639.9,1639.88,1639.88,-0.0,11.41,18830.09,-1
2025-04-22,2025-04-22 11:07:00,1639.88,1639.88,1639.86,1639.86,-0.0,11.41,18830.09,-1
2025-04-22,2025-04-22 11:08:00,1639.86,1639.86,1639.84,1639.84,-0.0,11.41,18830.09,-1
2025-04-22,2025-04-22 11:09:00,1639.84,1639.84,1639.83,1639.83,-0.0,11.41,18830.09,-1
2025-04-22,2025-04-22 11:10:00,1639.83,1639.83,1639.81,1639.81,-0.0,11.41,18830.09,-1
2025-04-22,2025-04-22 11:11:00,1639.81,1639.81,1639.79,1639.79,-0.0,11.41,18830.09,-1
2025-04-22,2025-04-22 11:12:00,1639.79,1639.79,1639.77,1639.77,-0.0,11.41,18830.09,-1
2025-04-22,2025-04-22 11:13:00,1639.77,1639.77,1639.76,1639.76,-0.0,11.41,18830.09,-1
2025-04-22,2025-04-22 11:14:00,1639.76,1639.76,1639.74,1639.74,-0.0,11.41,18830.09,-1
2025-04-22,2025-04-22 11:15:00,1639.74,1639.74,1639.72,1639.72,-0.0,11.41,18830.09,-1
2025-04-22,2025-04-22 11:16:00,1639.72,1639.72,1639.7,1639.7,-0.0,11.41,18830.09,-1
2025-04-22,2025-04-22 11:17:00,1639.7,1639.7,1639.69,1639.69,-0.0,11.41,18830.09,-1
2025-04-22,2025-04-22 11:18:00,1639.69,1639.69,1639.67,1639.67,-0.0,11.41,18830.09,-1
2025-04-22,2025-04-22 11:19:00,1639.67,1639.67,1639.65,1639.65,-0.0,11.41,18830.09,-1
2025-04-22,2025-04-22 11:20:00,1639.65,1639.65,1639.63,1639.63,-0.0,11.41,18830.09,-1
2025-04-22,2025-04-22 11:21:00,1639.63,1639.63,1639.62,1639.62,-0.0,11.41,18830.09,-1
2025-04-22,2025-04-22 11:22:00,1639.62,1639.62,1639.6,1639.6,-0.0,11.41,18830.09,-1
2025-04-22,2025-04-22 11:23:00,1639.6,1639.6,1639.58,1639.58,-0.0,11.41,18830.09,-1
2025-04-22,2025-04-22 11:24:00,1639.58,1639.58,1639.56,1639.56,-0.0,11.41,18830.09,-1
2025-04-22,2025-04-22 11:25:00,1639.56,1639.56,1639.55,1639.55,-0.0,11.41,18830.09,-1
2025-04-22,2025-04-22 11:26:00,1639.55,1639.55,1639.53,1639.53,-0.0,11.41,18830.09,-1
2025-04-22,2025-04-22 11:27:00,1639.53,1639.53,1639.51,1639.51,-0.0,11.41,18830.09,-1
2025-04-22,2025-04-22 11:28:00,1639.51,1639.51,1639.49,1639.49,-0.0,11.41,18830.09,-1
2025-04-22,2025-04-22 11:29:00,1639.49,1639.49,1639.48,1639.48,-0.0,11.41,18830.09,-1
2025-04-22,2025-04-22 11:30:00,1639.48,1639.48,1639.46,1639.46,-0.0,11.41,18830.09,-1
2025-04-22,2025-04-22 11:31:00,1639.46,1639.46,1639.44,1639.44,-0.0,11.41,18830.09,-1
2025-04-22,2025-04-22 11:32:00,1639.44,1639.44,1639.43,1639.43,-0.0,11.41,18830.09,-1
2025-04-22,2025-04-22 11:33:00,1639.43,1639.43,1639.41,1639.41,-0.0,11.41,18830.09,-1
2025-04-22,2025-04-22 11:34:00,1639.41,1639.41,1639.39,1639.39,-0.0,11.41,18830.09,-1
2025-04-22,2025-04-22 11:35:00,1639.39,1639.39,1639.37,1639.37,-0.0,11.41,18830.09,-1
2025-04-22,2025-04-22 11:36:00,1639.37,1639.37,1639.36,1639.36,-0.0,11.41,18830.09,-1
2025-04-22,2025-04-22 11:37:00,1639.36,1639.36,1639.34,1639.34,-0.0,11.41,18830.09,-1
2025-04-22,2025-04-22 11:38:00,1639.34,1639.34,1639.32,1639.32,-0.0,11.41,18830.09,-1
2025-04-22,2025-04-22 11:39:00,1639.32,1639.32,1639.3,1639.3,-0.0,11.41,18830.09,-1
2025-04-22,2025-04-22 11:40:00,1639.3,1639.3,1639.29,1639.29,-0.0,11.41,18830.09,-1
2025-04-22,2025-04-22 11:41:00,1639.29,1639.29,1639.27,1639.27,-0.0,11.41,18830.09,-1
2025-04-22,2025-04-22 11:42:00,1639.27,1639.27,1639.25,1639.25,-0.0,11.41,18830.09,-1
2025-04-22,2025-04-22 11:43:00,1639.25,1639.25,1639.23,1639.23,-0.0,11.41,18830.09,-1
2025-04-22,2025-04-22 11:44:00,1639.23,1639.23,1639.22,1639.22,-0.0,11.41,18830.09,-1
2025-04-22,2025-04-22 11:45:00,1639.22,1639.22,1639.2,1639.2,-0.0,11.41,18830.09,-1
2025-04-22,2025-04-22 11:46:00,1639.2,1639.2,1639.18,1639.18,-0.0,11.41,18830.09,-1
2025-04-22,2025-04-22 11:47:00,1639.18,1639.18,1639.16,1639.16,-0.0,11.41,18830.09,-1
2025-04-22,2025-04-22 11:48:00,1639.16,1639.16,1639.15,1639.15,-0.0,11.41,18830.09,-1
2025-04-22,2025-04-22 11:49:00,1639.15,1639.15,1639.13,1639.13,-0.0,11.41,18830.09,-1
2025-04-22,2025-04-22 11:50:00,1639.13,1639.13,1639.11,1639.11,-0.0,11.41,18830.09,-1
2025-04-22,2025-04-22 11:51:00,1639.11,1639.11,1639.09,1639.09,-0.0,11.41,18830.09,-1
2025-04-22,2025-04-22 11:52:00,1639.09,1639.09,1639.08,1639.08,-0.0,11.41,18830.09,-1
2025-04-22,2025-04-22 11:53:00,1639.08,1639.08,1639.06,1639.06,-0.0,11.41,18830.09,-1
2025-04-22,2025-04-22 11:54:00,1639.06,1639.06,1639.04,1639.04,-0.0,11.41,18830.09,-1
2025-04-22,2025-04-22 11:55:00,1639.04,1639.04,1639.02,1639.02,-0.0,11.41,18830.09,-1
2025-04-22,2025-04-22 11:56:00,1639.02,1639.02,1639.01,1639.01,-0.0,11.41,18830.09,-1
2025-04-22,2025-04-22 11:57:00,1639.01,1639.01,1638.99,1638.99,-0.0,11.41,18830.09,-1
2025-04-22,2025-04-22 11:58:00,1638.99,1638.99,1638.97,1638.97,-0.0,11.41,18830.09,-1
2025-04-22,2025-04-22 11:59:00,1638.97,1638.97,1638.95,1638.95,-0.0,11.41,18830.09,-1
2025-04-22,2025-04-22 12:00:00,1638.95,1638.95,1638.94,1638.94,-0.0,11.41,18830.09,-1
2025-04-22,2025-04-22 12:01:00,1638.94,1638.94,1638.92,1638.92,-0.0,11.41,18830.09,-1
2025-04-22,2025-04-22 12:02:00,1638.92,1638.92,1638.9,1638.9,-0.0,11.41,18830.09,-1
2025-04-22,2025-04-22 12:03:00,1638.9,1638.9,1638.89,1638.89,-0.0,11.41,18830.09,-1
2025-04-22,2025-04-22 12:04:00,1638.89,1638.89,1638.87,1638.87,-0.0,11.41,18830.09,-1
2025-04-22,2025-04-22 12:05:00,1638.87,1638.87,1638.85,1638.85,-0.0,11.41,18830.09,-1
2025-04-22,2025-04-22 12:06:00,1638.85,1638.85,1638.83,1638.83,-0.0,11.41,18830.09,-1
2025-04-22,2025-04-22 12:07:00,1638.83,1638.83,1638.82,1638.82,-0.0,11.41,18830.09,-1
2025-04-22,2025-04-22 12:08:00,1638.82,1638.82,1638.8,1638.8,-0.0,11.41,18830.09,-1
2025-04-22,2025-04-22 12:09:00,1638.8,1638.8,1638.78,1638.78,-0.0,11.41,18830.09,-1
2025-04-22,2025-04-22 12:10:00,1638.78,1638.78,1638.76,1638.76,-0.0,11.41,18830.09,-1
2025-04-22,2025-04-22 12:11:00,1638.76,1638.76,1638.75,1638.75,-0.0,11.41,18830.09,-1
2025-04-22,2025-04-22 12:12:00,1638.75,1638.75,1638.73,1638.73,-0.0,11.41,18830.09,-1
2025-04-22,2025-04-22 12:13:00,1638.73,1638.73,1638.71,1638.71,-0.0,11.41,18830.09,-1
2025-04-22,2025-04-22 12:14:00,1638.71,1638.71,1638.69,1638.69,-0.0,11.41,18830.09,-1
2025-04-22,2025-04-22 12:15:00,1638.69,1638.69,1638.68,1638.68,-0.0,11.41,18830.09,-1
2025-04-22,2025-04-22 12:16:00,1638.68,1638.68,1638.66,1638.66,-0.0,11.41,18830.09,-1
2025-04-22,2025-04-22 12:17:00,1638.66,1638.66,1638.64,1638.64,-0.0,11.41,18830.09,-1
2025-04-22,2025-04-22 12:18:00,1638.64,1638.64,1638.62,1638.62,-0.0,11.41,18830.09,-1
2025-04-22,2025-04-22 12:19:00,1638.62,1638.62,1638.61,1638.61,-0.0,11.41,18830.09,-1
2025-04-22,2025-04-22 12:20:00,1638.61,1638.61,1638.59,1638.59,-0.0,11.41,18830.09,-1
2025-04-22,2025-04-22 12:21:00,1638.59,1638.59,1638.57,1638.57,-0.0,11.41,18830.09,-1
2025-04-22,2025-04-22 12:22:00,1638.57,1638.57,1638.55,1638.55,-0.0,11.41,18830.09,-1
2025-04-22,2025-04-22 12:23:00,1638.55,1638.55,1638.54,1638.54,-0.0,11.41,18830.09,-1
2025-04-22,2025-04-22 12:24:00,1638.54,1638.54,1638.52,1638.52,-0.0,11.41,18830.09,-1
2025-04-22,2025-04-22 12:25:00,1638.52,1638.52,1638.5,1638.5,-0.0,11.41,18830.09,-1
2025-04-22,2025-04-22 12:26:00,1638.5,1638.5,1638.48,1638.48,-0.0,11.41,18830.09,-1
2025-04-22,2025-04-22 12:27:00,1638.48,1638.48,1638.47,1638.47,-0.0,11.41,18830.09,-1
2025-04-22,2025-04-22 12:28:00,1638.47,1638.47,1638.45,1638.45,-0.0,11.41,18830.09,-1
2025-04-22,2025-04-22 12:29:00,1638.45,1638.45,1638.43,1638.43,-0.0,11.41,18830.09,-1
2025-04-22,2025-04-22 12:30:00,1638.43,1638.43,1638.42,1638.42,-0.0,11.41,18830.09,-1
2025-04-22,2025-04-22 12:31:00,1638.42,1638.42,1638.4,1638.4,-0.0,11.41,18830.09,-1
2025-04-22,2025-04-22 12:32:00,1638.4,1638.4,1638.38,1638.38,-0.0,11.41,18830.09,-1
2025-04-22,2025-04-22 12:33:00,1638.38,1638.38,1638.36,1638.36,-0.0,11.41,18830.09,-1
2025-04-22,2025-04-22 12:34:00,1638.36,1638.36,1638.35,1638.35,-0.0,11.41,18830.09,-1
2025-04-22,2025-04-22 12:35:00,1638.35,1638.35,1638.33,1638.33,-0.0,11.41,18830.09,-1
2025-04-22,2025-04-22 12:36:00,1638.33,1638.33,1638.31,1638.31,-0.0,11.41,18830.09,-1
2025-04-22,2025-04-22 12:37:00,1638.31,1638.31,1638.29,1638.29,-0.0,11.41,18830.09,-1
2025-04-22,2025-04-22 12:38:00,1638.29,1638.29,1638.28,1638.28,-0.0,11.41,18830.09,-1
2025-04-22,2025-04-22 12:39:00,1638.28,1638.28,1638.26,1638.26,-0.0,11.41,18830.09,-1
2025-04-22,2025-04-22 12:40:00,1638.26,1638.26,1638.24,1638.24,-0.0,11.41,18830.09,-1
2025-04-22,2025-04-22 12:41:00,1638.24,1638.24,1638.22,1638.22,-0.0,11.41,18830.09,-1
2025-04-22,2025-04-22 12:42:00,1638.22,1638.22,1638.21,1638.21,-0.0,11.41,18830.09,-1
2025-04-22,2025-04-22 12:43:00,1638.21,1638.21,1638.19,1638.19,-0.0,11.41,18830.09,-1
2025-04-22,2025-04-22 12:44:00,1638.19,1638.19,1638.17,1638.17,-0.0,11.41,18830.09,-1
2025-04-22,2025-04-22 12:45:00,1638.17,1638.17,1638.15,1638.15,-0.0,11.41,18830.09,-1
2025-04-22,2025-04-22 12:46:00,1638.15,1638.15,1638.14,1638.14,-0.0,11.41,18830.09,-1
2025-04-22,2025-04-22 12:47:00,1638.14,1638.14,1638.12,1638.12,-0.0,11.41,18830.09,-1
2025-04-22,2025-04-22 12:48:00,1638.12,1638.12,1638.1,1638.1,-0.0,11.41,18830.09,-1
2025-04-22,2025-04-22 12:49:00,1638.1,1638.1,1638.08,1638.08,-0.0,11.41,18830.09,-1
2025-04-22,2025-04-22 12:50:00,1638.08,1638.08,1638.07,1638.07,-0.0,11.41,18830.09,-1
2025-04-22,2025-04-22 12:51:00,1638.07,1638.07,1638.05,1638.05,-0.0,11.41,18830.09,-1
2025-04-22,2025-04-22 12:52:00,1638.05,1638.05,1638.03,1638.03,-0.0,11.41,18830.09,-1
2025-04-22,2025-04-22 12:53:00,1638.03,1638.03,1638.01,1638.01,-0.0,11.41,18830.09,-1
2025-04-22,2025-04-22 12:54:00,1638.01,1638.01,1638.0,1638.0,-0.0,11.41,18830.09,-1
2025-04-22,2025-04-22 12:55:00,1638.0,1638.0,1637.98,1637.98,-0.0,11.41,18830.09,-1
2025-04-22,2025-04-22 12:56:00,1637.98,1637.98,1637.96,1637.96,-0.0,11.41,18830.09,-1
2025-04-22,2025-04-22 12:57:00,1637.96,1637.96,1637.94,1637.94,-0.0,11.41,18830.09,-1
2025-04-22,2025-04-22 12:58:00,1637.94,1637.94,1637.93,1637.93,-0.0,11.41,18830.09,-1
2025-04-22,2025-04-22 12:59:00,1637.93,1637.93,1637.91,1637.91,-0.0,11.41,18830.09,-1
2025-04-22,2025-04-22 13:00:00,1637.91,1735.6,1625.0,1637.89,-0.0,11.41,18830.09,-1
2025-04-22,2025-04-22 13:01:00,1637.89,1637.89,1637.88,1637.88,-0.0,11.41,18830.09,-1
2025-04-22,2025-04-22 13:02:00,1637.88,1637.88,1637.86,1637.86,-0.0,11.41,18830.09,-1
2025-04-22,2025-04-22 13:03:00,1637.86,1637.86,1637.84,1637.84,-0.0,11.41,18830.09,-1
2025-04-22,2025-04-22 13:04:00,1637.84,1637.84,1637.82,1637.82,-0.0,11.41,18830.09,-1
2025-04-22,2025-04-22 13:05:00,1637.82,1637.82,1637.81,1637.81,-0.0,11.41,18830.09,-1
2025-04-22,2025-04-22 13:06:00,1637.81,1637.81,1637.79,1637.79,-0.0,11.41,18830.09,-1
2025-04-22,2025-04-22 13:07:00,1637.79,1637.79,1637.77,1637.77,-0.0,11.41,18830.09,-1
2025-04-22,2025-04-22 13:08:00,1637.77,1637.77,1637.75,1637.75,-0.0,11.41,18830.09,-1
2025-04-22,2025-04-22 13:09:00,1637.75,1637.75,1637.74,1637.74,-0.0,11.41,18830.09,-1
2025-04-22,2025-04-22 13:10:00,1637.74,1637.74,1637.72,1637.72,-0.0,11.41,18830.09,-1
2025-04-22,2025-04-22 13:11:00,1637.72,1637.72,1637.7,1637.7,-0.0,11.41,18830.09,-1
2025-04-22,2025-04-22 13:12:00,1637.7,1637.7,1637.68,1637.68,-0.0,11.41,18830.09,-1
2025-04-22,2025-04-22 13:13:00,1637.68,1637.68,1637.67,1637.67,-0.0,11.41,18830.09,-1
2025-04-22,2025-04-22 13:14:00,1637.67,1637.67,1637.65,1637.65,-0.0,11.41,18830.09,-1
2025-04-22,2025-04-22 13:15:00,1637.65,1637.65,1637.63,1637.63,-0.0,11.41,18830.09,-1
2025-04-22,2025-04-22 13:16:00,1637.63,1637.63,1637.61,1637.61,-0.0,11.41,18830.09,-1
2025-04-22,2025-04-22 13:17:00,1637.61,1637.61,1637.6,1637.6,-0.0,11.41,18830.09,-1
2025-04-22,2025-04-22 13:18:00,1637.6,1637.6,1637.58,1637.58,-0.0,11.41,18830.09,-1
2025-04-22,2025-04-22 13:19:00,1637.58,1637.58,1637.56,1637.56,-0.0,11.41,18830.09,-1
2025-04-22,2025-04-22 13:20:00,1637.56,1637.56,1637.54,1637.54,-0.0,11.41,18830.09,-1
2025-04-22,2025-04-22 13:21:00,1637.54,1637.54,1637.53,1637.53,-0.0,11.41,18830.09,-1
2025-04-22,2025-04-22 13:22:00,1637.53,1637.53,1637.51,1637.51,-0.0,11.41,18830.09,-1
2025-04-22,2025-04-22 13:23:00,1637.51,1637.51,1637.49,1637.49,-0.0,11.41,18830.09,-1
2025-04-22,2025-04-22 13:24:00,1637.49,1637.49,1637.47,1637.47,-0.0,11.41,18830.09,-1
2025-04-22,2025-04-22 13:25:00,1637.47,1637.47,1637.46,1637.46,-0.0,11.41,18830.09,-1
2025-04-22,2025-04-22 13:26:00,1637.46,1637.46,1637.44,1637.44,-0.0,11.41,18830.09,-1
2025-04-22,2025-04-22 13:27:00,1637.44,1637.44,1637.42,1637.42,-0.0,11.41,18830.09,-1
2025-04-22,2025-04-22 13:28:00,1637.42,1637.42,1637.4,1637.4,-0.0,11.41,18830.09,-1
2025-04-22,2025-04-22 13:29:00,1637.4,1637.4,1637.39,1637.39,-0.0,11.41,18830.09,-1
2025-04-22,2025-04-22 13:30:00,1637.39,1637.39,1637.37,1637.37,-0.0,11.41,18830.09,-1
2025-04-22,2025-04-22 13:31:00,1637.37,1637.37,1637.35,1637.35,-0.0,11.41,18830.09,-1
2025-04-22,2025-04-22 13:32:00,1637.35,1637.35,1637.34,1637.34,-0.0,11.41,18830.09,-1
2025-04-22,2025-04-22 13:33:00,1637.34,1637.34,1637.32,1637.32,-0.0,11.41,18830.09,-1
2025-04-22,2025-04-22 13:34:00,1637.32,1637.32,1637.3,1637.3,-0.0,11.41,18830.09,-1
2025-04-22,2025-04-22 13:35:00,1637.3,1637.3,1637.28,1637.28,-0.0,11.41,18830.09,-1
2025-04-22,2025-04-22 13:36:00,1637.28,1637.28,1637.27,1637.27,-0.0,11.41,18830.09,-1
2025-04-22,2025-04-22 13:37:00,1637.27,1637.27,1637.25,1637.25,-0.0,11.41,18830.09,-1
2025-04-22,2025-04-22 13:38:00,1637.25,1637.25,1637.23,1637.23,-0.0,11.41,18830.09,-1
2025-04-22,2025-04-22 13:39:00,1637.23,1637.23,1637.21,1637.21,-0.0,11.41,18830.09,-1
2025-04-22,2025-04-22 13:40:00,1637.21,1637.21,1637.2,1637.2,-0.0,11.41,18830.09,-1
2025-04-22,2025-04-22 13:41:00,1637.2,1637.2,1637.18,1637.18,-0.0,11.41,18830.09,-1
2025-04-22,2025-04-22 13:42:00,1637.18,1637.18,1637.16,1637.16,-0.0,11.41,18830.09,-1
2025-04-22,2025-04-22 13:43:00,1637.16,1637.16,1637.14,1637.14,-0.0,11.41,18830.09,-1
2025-04-22,2025-04-22 13:44:00,1637.14,1637.14,1637.13,1637.13,-0.0,11.41,18830.09,-1
2025-04-22,2025-04-22 13:45:00,1637.13,1637.13,1637.11,1637.11,-0.0,11.41,18830.09,-1
2025-04-22,2025-04-22 13:46:00,1637.11,1637.11,1637.09,1637.09,-0.0,11.41,18830.09,-1
2025-04-22,2025-04-22 13:47:00,1637.09,1637.09,1637.07,1637.07,-0.0,11.41,18830.09,-1
2025-04-22,2025-04-22 13:48:00,1637.07,1637.07,1637.06,1637.06,-0.0,11.41,18830.09,-1
2025-04-22,2025-04-22 13:49:00,1637.06,1637.06,1637.04,1637.04,-0.0,11.41,18830.09,-1
2025-04-22,2025-04-22 13:50:00,1637.04,1637.04,1637.02,1637.02,-0.0,11.41,18830.09,-1
2025-04-22,2025-04-22 13:51:00,1637.02,1637.02,1637.0,1637.0,-0.0,11.41,18830.09,-1
2025-04-22,2025-04-22 13:52:00,1637.0,1637.0,1636.99,1636.99,-0.0,11.41,18830.09,-1
2025-04-22,2025-04-22 13:53:00,1636.99,1636.99,1636.97,1636.97,-0.0,11.41,18830.09,-1
2025-04-22,2025-04-22 13:54:00,1636.97,1636.97,1636.95,1636.95,-0.0,11.41,18830.09,-1
2025-04-22,2025-04-22 13:55:00,1636.95,1636.95,1636.93,1636.93,-0.0,11.41,18830.09,-1
2025-04-22,2025-04-22 13:56:00,1636.93,1636.93,1636.92,1636.92,-0.0,11.41,18830.09,-1
2025-04-22,2025-04-22 13:57:00,1636.92,1636.92,1636.9,1636.9,-0.0,11.41,18830.09,-1
2025-04-22,2025-04-22 13:58:00,1636.9,1636.9,1636.88,1636.88,-0.0,11.41,18830.09,-1
2025-04-22,2025-04-22 13:59:00,1636.88,1636.88,1636.87,1636.87,-0.0,11.41,18830.09,-1
2025-04-22,2025-04-22 14:00:00,1636.87,1636.87,1636.85,1636.85,-0.0,11.41,18830.09,-1
2025-04-22,2025-04-22 14:01:00,1636.85,1636.85,1636.83,1636.83,-0.0,11.41,18830.09,-1
2025-04-22,2025-04-22 14:02:00,1636.83,1636.83,1636.81,1636.81,-0.0,11.41,18830.09,-1
2025-04-22,2025-04-22 14:03:00,1636.81,1636.81,1636.8,1636.8,-0.0,11.41,18830.09,-1
2025-04-22,2025-04-22 14:04:00,1636.8,1636.8,1636.78,1636.78,-0.0,11.41,18830.09,-1
2025-04-22,2025-04-22 14:05:00,1636.78,1636.78,1636.76,1636.76,-0.0,11.41,18830.09,-1
2025-04-22,2025-04-22 14:06:00,1636.76,1636.76,1636.74,1636.74,-0.0,11.41,18830.09,-1
2025-04-22,2025-04-22 14:07:00,1636.74,1636.74,1636.73,1636.73,-0.0,11.41,18830.09,-1
2025-04-22,2025-04-22 14:08:00,1636.73,1636.73,1636.71,1636.71,-0.0,11.41,18830.09,-1
2025-04-22,2025-04-22 14:09:00,1636.71,1636.71,1636.69,1636.69,-0.0,11.41,18830.09,-1
2025-04-22,2025-04-22 14:10:00,1636.69,1636.69,1636.67,1636.67,-0.0,11.41,18830.09,-1
2025-04-22,2025-04-22 14:11:00,1636.67,1636.67,1636.66,1636.66,-0.0,11.41,18830.09,-1
2025-04-22,2025-04-22 14:12:00,1636.66,1636.66,1636.64,1636.64,-0.0,11.41,18830.09,-1
2025-04-22,2025-04-22 14:13:00,1636.64,1636.64,1636.62,1636.62,-0.0,11.41,18830.09,-1
2025-04-22,2025-04-22 14:14:00,1636.62,1636.62,1636.6,1636.6,-0.0,11.41,18830.09,-1
2025-04-22,2025-04-22 14:15:00,1636.6,1636.6,1636.59,1636.59,-0.0,11.41,18830.09,-1
2025-04-22,2025-04-22 14:16:00,1636.59,1636.59,1636.57,1636.57,-0.0,11.41,18830.09,-1
2025-04-22,2025-04-22 14:17:00,1636.57,1636.57,1636.55,1636.55,-0.0,11.41,18830.09,-1
2025-04-22,2025-04-22 14:18:00,1636.55,1636.55,1636.53,1636.53,-0.0,11.41,18830.09,-1
2025-04-22,2025-04-22 14:19:00,1636.53,1636.53,1636.52,1636.52,-0.0,11.41,18830.09,-1
2025-04-22,2025-04-22 14:20:00,1636.52,1636.52,1636.5,1636.5,-0.0,11.41,18830.09,-1
2025-04-22,2025-04-22 14:21:00,1636.5,1636.5,1636.48,1636.48,-0.0,11.41,18830.09,-1
2025-04-22,2025-04-22 14:22:00,1636.48,1636.48,1636.46,1636.46,-0.0,11.41,18830.09,-1
2025-04-22,2025-04-22 14:23:00,1636.46,1636.46,1636.45,1636.45,-0.0,11.41,18830.09,-1
2025-04-22,2025-04-22 14:24:00,1636.45,1636.45,1636.43,1636.43,-0.0,11.41,18830.09,-1
2025-04-22,2025-04-22 14:25:00,1636.43,1636.43,1636.41,1636.41,-0.0,11.41,18830.09,-1
2025-04-22,2025-04-22 14:26:00,1636.41,1636.41,1636.39,1636.39,-0.0,11.41,18830.09,-1
2025-04-22,2025-04-22 14:27:00,1636.39,1636.39,1636.38,1636.38,-0.0,11.41,18830.09,-1
2025-04-22,2025-04-22 14:28:00,1636.38,1636.38,1636.36,1636.36,-0.0,11.41,18830.09,-1
2025-04-22,2025-04-22 14:29:00,1636.36,1636.36,1636.34,1636.34,-0.0,11.41,18830.09,-1
2025-04-22,2025-04-22 14:30:00,1636.34,1636.34,1636.33,1636.33,-0.0,11.41,18830.09,-1
2025-04-22,2025-04-22 14:31:00,1636.33,1636.33,1636.31,1636.31,-0.0,11.41,18830.09,-1
2025-04-22,2025-04-22 14:32:00,1636.31,1636.31,1636.29,1636.29,-0.0,11.41,18830.09,-1
2025-04-22,2025-04-22 14:33:00,1636.29,1636.29,1636.27,1636.27,-0.0,11.41,18830.09,-1
2025-04-22,2025-04-22 14:34:00,1636.27,1636.27,1636.26,1636.26,-0.0,11.41,18830.09,-1
2025-04-22,2025-04-22 14:35:00,1636.26,1636.26,1636.24,1636.24,-0.0,11.41,18830.09,-1
2025-04-22,2025-04-22 14:36:00,1636.24,1636.24,1636.22,1636.22,-0.0,11.41,18830.09,-1
2025-04-22,2025-04-22 14:37:00,1636.22,1636.22,1636.2,1636.2,-0.0,11.41,18830.09,-1
2025-04-22,2025-04-22 14:38:00,1636.2,1636.2,1636.19,1636.19,-0.0,11.41,18830.09,-1
2025-04-22,2025-04-22 14:39:00,1636.19,1636.19,1636.17,1636.17,-0.0,11.41,18830.09,-1
2025-04-22,2025-04-22 14:40:00,1636.17,1636.17,1636.15,1636.15,-0.0,11.41,18830.09,-1
2025-04-22,2025-04-22 14:41:00,1636.15,1636.15,1636.13,1636.13,-0.0,11.41,18830.09,-1
2025-04-22,2025-04-22 14:42:00,1636.13,1636.13,1636.12,1636.12,-0.0,11.41,18830.09,-1
2025-04-22,2025-04-22 14:43:00,1636.12,1636.12,1636.1,1636.1,-0.0,11.41,18830.09,-1
2025-04-22,2025-04-22 14:44:00,1636.1,1636.1,1636.08,1636.08,-0.0,11.41,18830.09,-1
2025-04-22,2025-04-22 14:45:00,1636.08,1636.08,1636.06,1636.06,-0.0,11.41,18830.09,-1
2025-04-22,2025-04-22 14:46:00,1636.06,1636.06,1636.05,1636.05,-0.0,11.41,18830.09,-1
2025-04-22,2025-04-22 14:47:00,1636.05,1636.05,1636.03,1636.03,-0.0,11.41,18830.09,-1
2025-04-22,2025-04-22 14:48:00,1636.03,1636.03,1636.01,1636.01,-0.0,11.41,18830.09,-1
2025-04-22,2025-04-22 14:49:00,1636.01,1636.01,1635.99,1635.99,-0.0,11.41,18830.09,-1
2025-04-22,2025-04-22 14:50:00,1635.99,1635.99,1635.98,1635.98,-0.0,11.41,18830.09,-1
2025-04-22,2025-04-22 14:51:00,1635.98,1635.98,1635.96,1635.96,-0.0,11.41,18830.09,-1
2025-04-22,2025-04-22 14:52:00,1635.96,1635.96,1635.94,1635.94,-0.0,11.41,18830.09,-1
2025-04-22,2025-04-22 14:53:00,1635.94,1635.94,1635.92,1635.92,-0.0,11.41,18830.09,-1
2025-04-22,2025-04-22 14:54:00,1635.92,1635.92,1635.91,1635.91,-0.0,11.41,18830.09,-1
2025-04-22,2025-04-22 14:55:00,1635.91,1635.91,1635.89,1635.89,-0.0,11.41,18830.09,-1
2025-04-22,2025-04-22 14:56:00,1635.89,1635.89,1635.87,1635.87,-0.0,11.41,18830.09,-1
2025-04-22,2025-04-22 14:57:00,1635.87,1635.87,1635.85,1635.85,-0.0,11.41,18830.09,-1
2025-04-22,2025-04-22 14:58:00,1635.85,1635.85,1635.84,1635.84,-0.0,11.41,18830.09,-1
2025-04-22,2025-04-22 14:59:00,1635.84,1635.84,1635.82,1635.82,-0.0,11.41,18830.09,-1
2025-04-22,2025-04-22 15:00:00,1635.82,1735.6,1625.0,1635.82,0.0,11.41,18830.09,0
2025-04-23,2025-04-23 11:00:00,1668.5,1668.5,1648.85,1668.24,-0.02,9.05,14673.05,-1
2025-04-23,2025-04-23 11:01:00,1668.24,1668.24,1667.98,1667.98,-0.02,9.05,14673.05,-1
2025-04-23,2025-04-23 11:02:00,1667.98,1667.98,1667.72,1667.72,-0.02,9.05,14673.05,-1
2025-04-23,2025-04-23 11:03:00,1667.72,1667.72,1667.46,1667.46,-0.02,9.05,14673.05,-1
2025-04-23,2025-04-23 11:04:00,1667.46,1667.46,1667.2,1667.2,-0.02,9.05,14673.05,-1
2025-04-23,2025-04-23 11:05:00,1667.2,1667.2,1666.94,1666.94,-0.02,9.05,14673.05,-1
2025-04-23,2025-04-23 11:06:00,1666.94,1666.94,1666.68,1666.68,-0.02,9.05,14673.05,-1
2025-04-23,2025-04-23 11:07:00,1666.68,1666.68,1666.43,1666.43,-0.01,9.05,14673.05,-1
2025-04-23,2025-04-23 11:08:00,1666.43,1666.43,1666.17,1666.17,-0.02,9.05,14673.05,-1
2025-04-23,2025-04-23 11:09:00,1666.17,1666.17,1665.91,1665.91,-0.02,9.05,14673.05,-1
2025-04-23,2025-04-23 11:10:00,1665.91,1665.91,1665.65,1665.65,-0.02,9.05,14673.05,-1
2025-04-23,2025-04-23 11:11:00,1665.65,1665.65,1665.39,1665.39,-0.02,9.05,14673.05,-1
2025-04-23,2025-04-23 11:12:00,1665.39,1665.39,1665.13,1665.13,-0.02,9.05,14673.05,-1
2025-04-23,2025-04-23 11:13:00,1665.13,1665.13,1664.87,1664.87,-0.02,9.05,14673.05,-1
2025-04-23,2025-04-23 11:14:00,1664.87,1664.87,1664.61,1664.61,-0.02,9.05,14673.05,-1
2025-04-23,2025-04-23 11:15:00,1664.61,1664.61,1664.35,1664.35,-0.02,9.05,14673.05,-1
2025-04-23,2025-04-23 11:16:00,1664.35,1664.35,1664.09,1664.09,-0.02,9.05,14673.05,-1
2025-04-23,2025-04-23 11:17:00,1664.09,1664.09,1663.83,1663.83,-0.02,9.05,14673.05,-1
2025-04-23,2025-04-23 11:18:00,1663.83,1663.83,1663.57,1663.57,-0.02,9.05,14673.05,-1
2025-04-23,2025-04-23 11:19:00,1663.57,1663.57,1663.31,1663.31,-0.02,9.05,14673.05,-1
2025-04-23,2025-04-23 11:20:00,1663.31,1663.31,1663.05,1663.05,-0.02,9.05,14673.05,-1
2025-04-23,2025-04-23 11:21:00,1663.05,1663.05,1662.8,1662.8,-0.02,9.05,14673.05,-1
2025-04-23,2025-04-23 11:22:00,1662.8,1662.8,1662.54,1662.54,-0.02,9.05,14673.05,-1
2025-04-23,2025-04-23 11:23:00,1662.54,1662.54,1662.28,1662.28,-0.02,9.05,14673.05,-1
2025-04-23,2025-04-23 11:24:00,1662.28,1662.28,1662.02,1662.02,-0.02,9.05,14673.05,-1
2025-04-23,2025-04-23 11:25:00,1662.02,1662.02,1661.76,1661.76,-0.02,9.05,14673.05,-1
2025-04-23,2025-04-23 11:26:00,1661.76,1661.76,1661.5,1661.5,-0.02,9.05,14673.05,-1
2025-04-23,2025-04-23 11:27:00,1661.5,1661.5,1661.24,1661.24,-0.02,9.05,14673.05,-1
2025-04-23,2025-04-23 11:28:00,1661.24,1661.24,1660.98,1660.98,-0.02,9.05,14673.05,-1
2025-04-23,2025-04-23 11:29:00,1660.98,1660.98,1660.72,1660.72,-0.02,9.05,14673.05,-1
2025-04-23,2025-04-23 11:30:00,1660.72,1660.72,1660.46,1660.46,-0.02,9.05,14673.05,-1
2025-04-23,2025-04-23 11:31:00,1660.46,1660.46,1660.2,1660.2,-0.02,9.05,14673.05,-1
2025-04-23,2025-04-23 11:32:00,1660.2,1660.2,1659.94,1659.94,-0.02,9.05,14673.05,-1
2025-04-23,2025-04-23 11:33:00,1659.94,1659.94,1659.68,1659.68,-0.02,9.05,14673.05,-1
2025-04-23,2025-04-23 11:34:00,1659.68,1659.68,1659.42,1659.42,-0.02,9.05,14673.05,-1
2025-04-23,2025-04-23 11:35:00,1659.42,1659.42,1659.17,1659.17,-0.02,9.05,14673.05,-1
2025-04-23,2025-04-23 11:36:00,1659.17,1659.17,1658.91,1658.91,-0.02,9.05,14673.05,-1
2025-04-23,2025-04-23 11:37:00,1658.91,1658.91,1658.65,1658.65,-0.02,9.05,14673.05,-1
2025-04-23,2025-04-23 11:38:00,1658.65,1658.65,1658.39,1658.39,-0.02,9.05,14673.05,-1
2025-04-23,2025-04-23 11:39:00,1658.39,1658.39,1658.13,1658.13,-0.02,9.05,14673.05,-1
2025-04-23,2025-04-23 11:40:00,1658.13,1658.13,1657.87,1657.87,-0.02,9.05,14673.05,-1
2025-04-23,2025-04-23 11:41:00,1657.87,1657.87,1657.61,1657.61,-0.02,9.05,14673.05,-1
2025-04-23,2025-04-23 11:42:00,1657.61,1657.61,1657.35,1657.35,-0.02,9.05,14673.05,-1
2025-04-23,2025-04-23 11:43:00,1657.35,1657.35,1657.09,1657.09,-0.02,9.05,14673.05,-1
2025-04-23,2025-04-23 11:44:00,1657.09,1657.09,1656.83,1656.83,-0.02,9.05,14673.05,-1
2025-04-23,2025-04-23 11:45:00,1656.83,1656.83,1656.57,1656.57,-0.02,9.05,14673.05,-1
2025-04-23,2025-04-23 11:46:00,1656.57,1656.57,1656.31,1656.31,-0.02,9.05,14673.05,-1
2025-04-23,2025-04-23 11:47:00,1656.31,1656.31,1656.05,1656.05,-0.02,9.05,14673.05,-1
2025-04-23,2025-04-23 11:48:00,1656.05,1656.05,1655.79,1655.79,-0.02,9.05,14673.05,-1
2025-04-23,2025-04-23 11:49:00,1655.79,1655.79,1655.54,1655.54,-0.02,9.05,14673.05,-1
2025-04-23,2025-04-23 11:50:00,1655.54,1655.54,1655.28,1655.28,-0.02,9.05,14673.05,-1
2025-04-23,2025-04-23 11:51:00,1655.28,1655.28,1655.02,1655.02,-0.02,9.05,14673.05,-1
2025-04-23,2025-04-23 11:52:00,1655.02,1655.02,1654.76,1654.76,-0.02,9.05,14673.05,-1
2025-04-23,2025-04-23 11:53:00,1654.76,1654.76,1654.5,1654.5,-0.02,9.05,14673.05,-1
2025-04-23,2025-04-23 11:54:00,1654.5,1654.5,1654.24,1654.24,-0.02,9.05,14673.05,-1
2025-04-23,2025-04-23 11:55:00,1654.24,1654.24,1653.98,1653.98,-0.02,9.05,14673.05,-1
2025-04-23,2025-04-23 11:56:00,1653.98,1653.98,1653.72,1653.72,-0.02,9.05,14673.05,-1
2025-04-23,2025-04-23 11:57:00,1653.72,1653.72,1653.46,1653.46,-0.02,9.05,14673.05,-1
2025-04-23,2025-04-23 11:58:00,1653.46,1653.46,1653.2,1653.2,-0.02,9.05,14673.05,-1
2025-04-23,2025-04-23 11:59:00,1653.2,1653.2,1652.94,1652.94,-0.02,9.05,14673.05,-1
2025-04-23,2025-04-23 12:00:00,1652.94,1652.94,1652.68,1652.68,-0.02,9.05,14673.05,-1
2025-04-23,2025-04-23 12:01:00,1652.68,1652.68,1652.42,1652.42,-0.02,9.05,14673.05,-1
2025-04-23,2025-04-23 12:02:00,1652.42,1652.42,1652.16,1652.16,-0.02,9.05,14673.05,-1
2025-04-23,2025-04-23 12:03:00,1652.16,1652.16,1651.91,1651.91,-0.02,9.05,14673.05,-1
2025-04-23,2025-04-23 12:04:00,1651.91,1651.91,1651.65,1651.65,-0.02,9.05,14673.05,-1
2025-04-23,2025-04-23 12:05:00,1651.65,1651.65,1651.39,1651.39,-0.02,9.05,14673.05,-1
2025-04-23,2025-04-23 12:06:00,1651.39,1651.39,1651.13,1651.13,-0.02,9.05,14673.05,-1
2025-04-23,2025-04-23 12:07:00,1651.13,1651.13,1650.87,1650.87,-0.02,9.05,14673.05,-1
2025-04-23,2025-04-23 12:08:00,1650.87,1650.87,1650.61,1650.61,-0.02,9.05,14673.05,-1
2025-04-23,2025-04-23 12:09:00,1650.61,1650.61,1650.35,1650.35,-0.02,9.05,14673.05,-1
2025-04-23,2025-04-23 12:10:00,1650.35,1650.35,1650.09,1650.09,-0.02,9.05,14673.05,-1
2025-04-23,2025-04-23 12:11:00,1650.09,1650.09,1649.83,1649.83,-0.02,9.05,14673.05,-1
2025-04-23,2025-04-23 12:12:00,1649.83,1649.83,1649.57,1649.57,-0.02,9.05,14673.05,-1
2025-04-23,2025-04-23 12:13:00,1649.57,1649.57,1649.31,1649.31,-0.02,9.05,14673.05,-1
2025-04-23,2025-04-23 12:14:00,1649.31,1649.31,1649.05,1649.05,-0.02,9.05,14673.05,-1
2025-04-23,2025-04-23 12:15:00,1649.05,1649.05,1648.79,1648.79,-0.02,9.05,14673.05,-1
2025-04-23,2025-04-23 12:16:00,1648.79,1648.79,1648.53,1648.53,-0.02,9.05,14673.05,-1
2025-04-23,2025-04-23 12:17:00,1648.53,1648.53,1648.28,1648.28,-0.02,9.05,14673.05,-1
2025-04-23,2025-04-23 12:18:00,1648.28,1648.28,1648.02,1648.02,-0.02,9.05,14673.05,-1
2025-04-23,2025-04-23 12:19:00,1648.02,1648.02,1647.76,1647.76,-0.02,9.05,14673.05,-1
2025-04-23,2025-04-23 12:20:00,1647.76,1647.76,1647.5,1647.5,-0.02,9.05,14673.05,-1
2025-04-23,2025-04-23 12:21:00,1647.5,1647.5,1647.24,1647.24,-0.02,9.05,14673.05,-1
2025-04-23,2025-04-23 12:22:00,1647.24,1647.24,1646.98,1646.98,-0.02,9.05,14673.05,-1
2025-04-23,2025-04-23 12:23:00,1646.98,1646.98,1646.72,1646.72,-0.02,9.05,14673.05,-1
2025-04-23,2025-04-23 12:24:00,1646.72,1646.72,1646.46,1646.46,-0.02,9.05,14673.05,-1
2025-04-23,2025-04-23 12:25:00,1646.46,1646.46,1646.2,1646.2,-0.02,9.05,14673.05,-1
2025-04-23,2025-04-23 12:26:00,1646.2,1646.2,1645.94,1645.94,-0.02,9.05,14673.05,-1
2025-04-23,2025-04-23 12:27:00,1645.94,1645.94,1645.68,1645.68,-0.02,9.05,14673.05,-1
2025-04-23,2025-04-23 12:28:00,1645.68,1645.68,1645.42,1645.42,-0.02,9.05,14673.05,-1
2025-04-23,2025-04-23 12:29:00,1645.42,1645.42,1645.16,1645.16,-0.02,9.05,14673.05,-1
2025-04-23,2025-04-23 12:30:00,1645.16,1645.16,1644.9,1644.9,-0.02,9.05,14673.05,-1
2025-04-23,2025-04-23 12:31:00,1644.9,1644.9,1644.65,1644.65,-0.02,9.05,14673.05,-1
2025-04-23,2025-04-23 12:32:00,1644.65,1644.65,1644.39,1644.39,-0.02,9.05,14673.05,-1
2025-04-23,2025-04-23 12:33:00,1644.39,1644.39,1644.13,1644.13,-0.02,9.05,14673.05,-1
2025-04-23,2025-04-23 12:34:00,1644.13,1644.13,1643.87,1643.87,-0.02,9.05,14673.05,-1
2025-04-23,2025-04-23 12:35:00,1643.87,1643.87,1643.61,1643.61,-0.02,9.05,14673.05,-1
2025-04-23,2025-04-23 12:36:00,1643.61,1643.61,1643.35,1643.35,-0.02,9.05,14673.05,-1
2025-04-23,2025-04-23 12:37:00,1643.35,1643.35,1643.09,1643.09,-0.02,9.05,14673.05,-1
2025-04-23,2025-04-23 12:38:00,1643.09,1643.09,1642.83,1642.83,-0.02,9.05,14673.05,-1
2025-04-23,2025-04-23 12:39:00,1642.83,1642.83,1642.57,1642.57,-0.02,9.05,14673.05,-1
2025-04-23,2025-04-23 12:40:00,1642.57,1642.57,1642.31,1642.31,-0.02,9.05,14673.05,-1
2025-04-23,2025-04-23 12:41:00,1642.31,1642.31,1642.05,1642.05,-0.02,9.05,14673.05,-1
2025-04-23,2025-04-23 12:42:00,1642.05,1642.05,1641.79,1641.79,-0.02,9.05,14673.05,-1
2025-04-23,2025-04-23 12:43:00,1641.79,1641.79,1641.53,1641.53,-0.02,9.05,14673.05,-1
2025-04-23,2025-04-23 12:44:00,1641.53,1641.53,1641.27,1641.27,-0.02,9.05,14673.05,-1
2025-04-23,2025-04-23 12:45:00,1641.27,1641.27,1641.02,1641.02,-0.02,9.05,14673.05,-1
2025-04-23,2025-04-23 12:46:00,1641.02,1641.02,1640.76,1640.76,-0.02,9.05,14673.05,-1
2025-04-23,2025-04-23 12:47:00,1640.76,1640.76,1640.5,1640.5,-0.02,9.05,14673.05,-1
2025-04-23,2025-04-23 12:48:00,1640.5,1640.5,1640.24,1640.24,-0.02,9.05,14673.05,-1
2025-04-23,2025-04-23 12:49:00,1640.24,1640.24,1639.98,1639.98,-0.02,9.05,14673.05,-1
2025-04-23,2025-04-23 12:50:00,1639.98,1639.98,1639.72,1639.72,-0.02,9.05,14673.05,-1
2025-04-23,2025-04-23 12:51:00,1639.72,1639.72,1639.46,1639.46,-0.02,9.05,14673.05,-1
2025-04-23,2025-04-23 12:52:00,1639.46,1639.46,1639.2,1639.2,-0.02,9.05,14673.05,-1
2025-04-23,2025-04-23 12:53:00,1639.2,1639.2,1638.94,1638.94,-0.02,9.05,14673.05,-1
2025-04-23,2025-04-23 12:54:00,1638.94,1638.94,1638.68,1638.68,-0.02,9.05,14673.05,-1
2025-04-23,2025-04-23 12:55:00,1638.68,1638.68,1638.42,1638.42,-0.02,9.05,14673.05,-1
2025-04-23,2025-04-23 12:56:00,1638.42,1638.42,1638.16,1638.16,-0.02,9.05,14673.05,-1
2025-04-23,2025-04-23 12:57:00,1638.16,1638.16,1637.9,1637.9,-0.02,9.05,14673.05,-1
2025-04-23,2025-04-23 12:58:00,1637.9,1637.9,1637.64,1637.64,-0.02,9.05,14673.05,-1
2025-04-23,2025-04-23 12:59:00,1637.64,1637.64,1637.38,1637.38,-0.02,9.05,14673.05,-1
2025-04-23,2025-04-23 13:00:00,1637.38,1668.5,1603.0,1637.13,-0.02,9.05,14673.05,-1
2025-04-23,2025-04-23 13:01:00,1637.13,1637.13,1636.87,1636.87,-0.02,9.05,14673.05,-1
2025-04-23,2025-04-23 13:02:00,1636.87,1636.87,1636.61,1636.61,-0.02,9.05,14673.05,-1
2025-04-23,2025-04-23 13:03:00,1636.61,1636.61,1636.35,1636.35,-0.02,9.05,14673.05,-1
2025-04-23,2025-04-23 13:04:00,1636.35,1636.35,1636.09,1636.09,-0.02,9.05,14673.05,-1
2025-04-23,2025-04-23 13:05:00,1636.09,1636.09,1635.83,1635.83,-0.02,9.05,14673.05,-1
2025-04-23,2025-04-23 13:06:00,1635.83,1635.83,1635.57,1635.57,-0.02,9.05,14673.05,-1
2025-04-23,2025-04-23 13:07:00,1635.57,1635.57,1635.31,1635.31,-0.02,9.05,14673.05,-1
2025-04-23,2025-04-23 13:08:00,1635.31,1635.31,1635.05,1635.05,-0.02,9.05,14673.05,-1
2025-04-23,2025-04-23 13:09:00,1635.05,1635.05,1634.79,1634.79,-0.02,9.05,14673.05,-1
2025-04-23,2025-04-23 13:10:00,1634.79,1634.79,1634.53,1634.53,-0.02,9.05,14673.05,-1
2025-04-23,2025-04-23 13:11:00,1634.53,1634.53,1634.27,1634.27,-0.02,9.05,14673.05,-1
2025-04-23,2025-04-23 13:12:00,1634.27,1634.27,1634.01,1634.01,-0.02,9.05,14673.05,-1
2025-04-23,2025-04-23 13:13:00,1634.01,1634.01,1633.75,1633.75,-0.02,9.05,14673.05,-1
2025-04-23,2025-04-23 13:14:00,1633.75,1633.75,1633.5,1633.5,-0.02,9.05,14673.05,-1
2025-04-23,2025-04-23 13:15:00,1633.5,1633.5,1633.24,1633.24,-0.02,9.05,14673.05,-1
2025-04-23,2025-04-23 13:16:00,1633.24,1633.24,1632.98,1632.98,-0.02,9.05,14673.05,-1
2025-04-23,2025-04-23 13:17:00,1632.98,1632.98,1632.72,1632.72,-0.02,9.05,14673.05,-1
2025-04-23,2025-04-23 13:18:00,1632.72,1632.72,1632.46,1632.46,-0.02,9.05,14673.05,-1
2025-04-23,2025-04-23 13:19:00,1632.46,1632.46,1632.2,1632.2,-0.02,9.05,14673.05,-1
2025-04-23,2025-04-23 13:20:00,1632.2,1632.2,1631.94,1631.94,-0.02,9.05,14673.05,-1
2025-04-23,2025-04-23 13:21:00,1631.94,1631.94,1631.68,1631.68,-0.02,9.05,14673.05,-1
2025-04-23,2025-04-23 13:22:00,1631.68,1631.68,1631.42,1631.42,-0.02,9.05,14673.05,-1
2025-04-23,2025-04-23 13:23:00,1631.42,1631.42,1631.16,1631.16,-0.02,9.05,14673.05,-1
2025-04-23,2025-04-23 13:24:00,1631.16,1631.16,1630.9,1630.9,-0.02,9.05,14673.05,-1
2025-04-23,2025-04-23 13:25:00,1630.9,1630.9,1630.64,1630.64,-0.02,9.05,14673.05,-1
2025-04-23,2025-04-23 13:26:00,1630.64,1630.64,1630.38,1630.38,-0.02,9.05,14673.05,-1
2025-04-23,2025-04-23 13:27:00,1630.38,1630.38,1630.12,1630.12,-0.02,9.05,14673.05,-1
2025-04-23,2025-04-23 13:28:00,1630.12,1630.12,1629.87,1629.87,-0.02,9.05,14673.05,-1
2025-04-23,2025-04-23 13:29:00,1629.87,1629.87,1629.61,1629.61,-0.02,9.05,14673.05,-1
2025-04-23,2025-04-23 13:30:00,1629.61,1629.61,1629.35,1629.35,-0.02,9.05,14673.05,-1
2025-04-23,2025-04-23 13:31:00,1629.35,1629.35,1629.09,1629.09,-0.02,9.05,14673.05,-1
2025-04-23,2025-04-23 13:32:00,1629.09,1629.09,1628.83,1628.83,-0.02,9.05,14673.05,-1
2025-04-23,2025-04-23 13:33:00,1628.83,1628.83,1628.57,1628.57,-0.02,9.05,14673.05,-1
2025-04-23,2025-04-23 13:34:00,1628.57,1628.57,1628.31,1628.31,-0.02,9.05,14673.05,-1
2025-04-23,2025-04-23 13:35:00,1628.31,1628.31,1628.05,1628.05,-0.02,9.05,14673.05,-1
2025-04-23,2025-04-23 13:36:00,1628.05,1628.05,1627.79,1627.79,-0.02,9.05,14673.05,-1
2025-04-23,2025-04-23 13:37:00,1627.79,1627.79,1627.53,1627.53,-0.02,9.05,14673.05,-1
2025-04-23,2025-04-23 13:38:00,1627.53,1627.53,1627.27,1627.27,-0.02,9.05,14673.05,-1
2025-04-23,2025-04-23 13:39:00,1627.27,1627.27,1627.01,1627.01,-0.02,9.05,14673.05,-1
2025-04-23,2025-04-23 13:40:00,1627.01,1627.01,1626.75,1626.75,-0.02,9.05,14673.05,-1
2025-04-23,2025-04-23 13:41:00,1626.75,1626.75,1626.49,1626.49,-0.02,9.05,14673.05,-1
2025-04-23,2025-04-23 13:42:00,1626.49,1626.49,1626.24,1626.24,-0.02,9.05,14673.05,-1
2025-04-23,2025-04-23 13:43:00,1626.24,1626.24,1625.98,1625.98,-0.02,9.05,14673.05,-1
2025-04-23,2025-04-23 13:44:00,1625.98,1625.98,1625.72,1625.72,-0.02,9.05,14673.05,-1
2025-04-23,2025-04-23 13:45:00,1625.72,1625.72,1625.46,1625.46,-0.02,9.05,14673.05,-1
2025-04-23,2025-04-23 13:46:00,1625.46,1625.46,1625.2,1625.2,-0.02,9.05,14673.05,-1
2025-04-23,2025-04-23 13:47:00,1625.2,1625.2,1624.94,1624.94,-0.02,9.05,14673.05,-1
2025-04-23,2025-04-23 13:48:00,1624.94,1624.94,1624.68,1624.68,-0.02,9.05,14673.05,-1
2025-04-23,2025-04-23 13:49:00,1624.68,1624.68,1624.42,1624.42,-0.02,9.05,14673.05,-1
2025-04-23,2025-04-23 13:50:00,1624.42,1624.42,1624.16,1624.16,-0.02,9.05,14673.05,-1
2025-04-23,2025-04-23 13:51:00,1624.16,1624.16,1623.9,1623.9,-0.02,9.05,14673.05,-1
2025-04-23,2025-04-23 13:52:00,1623.9,1623.9,1623.64,1623.64,-0.02,9.05,14673.05,-1
2025-04-23,2025-04-23 13:53:00,1623.64,1623.64,1623.38,1623.38,-0.02,9.05,14673.05,-1
2025-04-23,2025-04-23 13:54:00,1623.38,1623.38,1623.12,1623.12,-0.02,9.05,14673.05,-1
2025-04-23,2025-04-23 13:55:00,1623.12,1623.12,1622.86,1622.86,-0.02,9.05,14673.05,-1
2025-04-23,2025-04-23 13:56:00,1622.86,1622.86,1622.61,1622.61,-0.02,9.05,14673.05,-1
2025-04-23,2025-04-23 13:57:00,1622.61,1622.61,1622.35,1622.35,-0.02,9.05,14673.05,-1
2025-04-23,2025-04-23 13:58:00,1622.35,1622.35,1622.09,1622.09,-0.02,9.05,14673.05,-1
2025-04-23,2025-04-23 13:59:00,1622.09,1622.09,1621.83,1621.83,-0.02,9.05,14673.05,-1
2025-04-23,2025-04-23 14:00:00,1621.83,1621.83,1621.57,1621.57,-0.02,9.05,14673.05,-1
2025-04-23,2025-04-23 14:01:00,1621.57,1621.57,1621.31,1621.31,-0.02,9.05,14673.05,-1
2025-04-23,2025-04-23 14:02:00,1621.31,1621.31,1621.05,1621.05,-0.02,9.05,14673.05,-1
2025-04-23,2025-04-23 14:03:00,1621.05,1621.05,1620.79,1620.79,-0.02,9.05,14673.05,-1
2025-04-23,2025-04-23 14:04:00,1620.79,1620.79,1620.53,1620.53,-0.02,9.05,14673.05,-1
2025-04-23,2025-04-23 14:05:00,1620.53,1620.53,1620.27,1620.27,-0.02,9.05,14673.05,-1
2025-04-23,2025-04-23 14:06:00,1620.27,1620.27,1620.01,1620.01,-0.02,9.05,14673.05,-1
2025-04-23,2025-04-23 14:07:00,1620.01,1620.01,1619.75,1619.75,-0.02,9.05,14673.05,-1
2025-04-23,2025-04-23 14:08:00,1619.75,1619.75,1619.49,1619.49,-0.02,9.05,14673.05,-1
2025-04-23,2025-04-23 14:09:00,1619.49,1619.49,1619.23,1619.23,-0.02,9.05,14673.05,-1
2025-04-23,2025-04-23 14:10:00,1619.23,1619.23,1618.98,1618.98,-0.02,9.05,14673.05,-1
2025-04-23,2025-04-23 14:11:00,1618.98,1618.98,1618.72,1618.72,-0.02,9.05,14673.05,-1
2025-04-23,2025-04-23 14:12:00,1618.72,1618.72,1618.46,1618.46,-0.02,9.05,14673.05,-1
2025-04-23,2025-04-23 14:13:00,1618.46,1618.46,1618.2,1618.2,-0.02,9.05,14673.05,-1
2025-04-23,2025-04-23 14:14:00,1618.2,1618.2,1617.94,1617.94,-0.02,9.05,14673.05,-1
2025-04-23,2025-04-23 14:15:00,1617.94,1617.94,1617.68,1617.68,-0.02,9.05,14673.05,-1
2025-04-23,2025-04-23 14:16:00,1617.68,1617.68,1617.42,1617.42,-0.02,9.05,14673.05,-1
2025-04-23,2025-04-23 14:17:00,1617.42,1617.42,1617.16,1617.16,-0.02,9.05,14673.05,-1
2025-04-23,2025-04-23 14:18:00,1617.16,1617.16,1616.9,1616.9,-0.02,9.05,14673.05,-1
2025-04-23,2025-04-23 14:19:00,1616.9,1616.9,1616.64,1616.64,-0.02,9.05,14673.05,-1
2025-04-23,2025-04-23 14:20:00,1616.64,1616.64,1616.38,1616.38,-0.02,9.05,14673.05,-1
2025-04-23,2025-04-23 14:21:00,1616.38,1616.38,1616.12,1616.12,-0.02,9.05,14673.05,-1
2025-04-23,2025-04-23 14:22:00,1616.12,1616.12,1615.86,1615.86,-0.02,9.05,14673.05,-1
2025-04-23,2025-04-23 14:23:00,1615.86,1615.86,1615.6,1615.6,-0.02,9.05,14673.05,-1
2025-04-23,2025-04-23 14:24:00,1615.6,1615.6,1615.35,1615.35,-0.02,9.05,14673.05,-1
2025-04-23,2025-04-23 14:25:00,1615.35,1615.35,1615.09,1615.09,-0.02,9.05,14673.05,-1
2025-04-23,2025-04-23 14:26:00,1615.09,1615.09,1614.83,1614.83,-0.02,9.05,14673.05,-1
2025-04-23,2025-04-23 14:27:00,1614.83,1614.83,1614.57,1614.57,-0.02,9.05,14673.05,-1
2025-04-23,2025-04-23 14:28:00,1614.57,1614.57,1614.31,1614.31,-0.02,9.05,14673.05,-1
2025-04-23,2025-04-23 14:29:00,1614.31,1614.31,1614.05,1614.05,-0.02,9.05,14673.05,-1
2025-04-23,2025-04-23 14:30:00,1614.05,1614.05,1613.79,1613.79,-0.02,9.05,14673.05,-1
2025-04-23,2025-04-23 14:31:00,1613.79,1613.79,1613.53,1613.53,-0.02,9.05,14673.05,-1
2025-04-23,2025-04-23 14:32:00,1613.53,1613.53,1613.27,1613.27,-0.02,9.05,14673.05,-1
2025-04-23,2025-04-23 14:33:00,1613.27,1613.27,1613.01,1613.01,-0.02,9.05,14673.05,-1
2025-04-23,2025-04-23 14:34:00,1613.01,1613.01,1612.75,1612.75,-0.02,9.05,14673.05,-1
2025-04-23,2025-04-23 14:35:00,1612.75,1612.75,1612.49,1612.49,-0.02,9.05,14673.05,-1
2025-04-23,2025-04-23 14:36:00,1612.49,1612.49,1612.23,1612.23,-0.02,9.05,14673.05,-1
2025-04-23,2025-04-23 14:37:00,1612.23,1612.23,1611.97,1611.97,-0.02,9.05,14673.05,-1
2025-04-23,2025-04-23 14:38:00,1611.97,1611.97,1611.72,1611.72,-0.02,9.05,14673.05,-1
2025-04-23,2025-04-23 14:39:00,1611.72,1611.72,1611.46,1611.46,-0.02,9.05,14673.05,-1
2025-04-23,2025-04-23 14:40:00,1611.46,1611.46,1611.2,1611.2,-0.02,9.05,14673.05,-1
2025-04-23,2025-04-23 14:41:00,1611.2,1611.2,1610.94,1610.94,-0.02,9.05,14673.05,-1
2025-04-23,2025-04-23 14:42:00,1610.94,1610.94,1610.68,1610.68,-0.02,9.05,14673.05,-1
2025-04-23,2025-04-23 14:43:00,1610.68,1610.68,1610.42,1610.42,-0.02,9.05,14673.05,-1
2025-04-23,2025-04-23 14:44:00,1610.42,1610.42,1610.16,1610.16,-0.02,9.05,14673.05,-1
2025-04-23,2025-04-23 14:45:00,1610.16,1610.16,1609.9,1609.9,-0.02,9.05,14673.05,-1
2025-04-23,2025-04-23 14:46:00,1609.9,1609.9,1609.64,1609.64,-0.02,9.05,14673.05,-1
2025-04-23,2025-04-23 14:47:00,1609.64,1609.64,1609.38,1609.38,-0.02,9.05,14673.05,-1
2025-04-23,2025-04-23 14:48:00,1609.38,1609.38,1609.12,1609.12,-0.02,9.05,14673.05,-1
2025-04-23,2025-04-23 14:49:00,1609.12,1609.12,1608.86,1608.86,-0.02,9.05,14673.05,-1
2025-04-23,2025-04-23 14:50:00,1608.86,1608.86,1608.6,1608.6,-0.02,9.05,14673.05,-1
2025-04-23,2025-04-23 14:51:00,1608.6,1608.6,1608.34,1608.34,-0.02,9.05,14673.05,-1
2025-04-23,2025-04-23 14:52:00,1608.34,1608.34,1608.09,1608.09,-0.02,9.05,14673.05,-1
2025-04-23,2025-04-23 14:53:00,1608.09,1608.09,1607.83,1607.83,-0.02,9.05,14673.05,-1
2025-04-23,2025-04-23 14:54:00,1607.83,1607.83,1607.57,1607.57,-0.02,9.05,14673.05,-1
2025-04-23,2025-04-23 14:55:00,1607.57,1607.57,1607.31,1607.31,-0.02,9.05,14673.05,-1
2025-04-23,2025-04-23 14:56:00,1607.31,1607.31,1607.05,1607.05,-0.02,9.05,14673.05,-1
2025-04-23,2025-04-23 14:57:00,1607.05,1607.05,1606.79,1606.79,-0.02,9.05,14673.05,-1
2025-04-23,2025-04-23 14:58:00,1606.79,1606.79,1606.53,1606.53,-0.02,9.05,14673.05,-1
2025-04-23,2025-04-23 14:59:00,1606.53,1606.53,1606.27,1606.27,-0.02,9.05,14673.05,-1
2025-04-23,2025-04-23 15:00:00,1606.27,1668.5,1603.0,1606.27,0.0,9.05,14673.05,0
2025-04-24,2025-04-24 11:00:00,1590.0,1604.4,1587.0,1590.01,0.0,13.52,21530.25,1
2025-04-24,2025-04-24 11:01:00,1590.01,1590.02,1590.01,1590.02,0.0,13.52,21530.25,1
2025-04-24,2025-04-24 11:02:00,1590.02,1590.03,1590.02,1590.03,0.0,13.52,21530.25,1
2025-04-24,2025-04-24 11:03:00,1590.03,1590.04,1590.03,1590.04,0.0,13.52,21530.25,1
2025-04-24,2025-04-24 11:04:00,1590.04,1590.06,1590.04,1590.06,0.0,13.52,21530.25,1
2025-04-24,2025-04-24 11:05:00,1590.06,1590.07,1590.06,1590.07,0.0,13.52,21530.25,1
2025-04-24,2025-04-24 11:06:00,1590.07,1590.08,1590.07,1590.08,0.0,13.52,21530.25,1
2025-04-24,2025-04-24 11:07:00,1590.08,1590.09,1590.08,1590.09,0.0,13.52,21530.25,1
2025-04-24,2025-04-24 11:08:00,1590.09,1590.1,1590.09,1590.1,0.0,13.52,21530.25,1
2025-04-24,2025-04-24 11:09:00,1590.1,1590.11,1590.1,1590.11,0.0,13.52,21530.25,1
2025-04-24,2025-04-24 11:10:00,1590.11,1590.12,1590.11,1590.12,0.0,13.52,21530.25,1
2025-04-24,2025-04-24 11:11:00,1590.12,1590.13,1590.12,1590.13,0.0,13.52,21530.25,1
2025-04-24,2025-04-24 11:12:00,1590.13,1590.14,1590.13,1590.14,0.0,13.52,21530.25,1
2025-04-24,2025-04-24 11:13:00,1590.14,1590.16,1590.14,1590.16,0.0,13.52,21530.25,1
2025-04-24,2025-04-24 11:14:00,1590.16,1590.17,1590.16,1590.17,0.0,13.52,21530.25,1
2025-04-24,2025-04-24 11:15:00,1590.17,1590.18,1590.17,1590.18,0.0,13.52,21530.25,1
2025-04-24,2025-04-24 11:16:00,1590.18,1590.19,1590.18,1590.19,0.0,13.52,21530.25,1
2025-04-24,2025-04-24 11:17:00,1590.19,1590.2,1590.19,1590.2,0.0,13.52,21530.25,1
2025-04-24,2025-04-24 11:18:00,1590.2,1590.21,1590.2,1590.21,0.0,13.52,21530.25,1
2025-04-24,2025-04-24 11:19:00,1590.21,1590.22,1590.21,1590.22,0.0,13.52,21530.25,1
2025-04-24,2025-04-24 11:20:00,1590.22,1590.23,1590.22,1590.23,0.0,13.52,21530.25,1
2025-04-24,2025-04-24 11:21:00,1590.23,1590.24,1590.23,1590.24,0.0,13.52,21530.25,1
2025-04-24,2025-04-24 11:22:00,1590.24,1590.26,1590.24,1590.26,0.0,13.52,21530.25,1
2025-04-24,2025-04-24 11:23:00,1590.26,1590.27,1590.26,1590.27,0.0,13.52,21530.25,1
2025-04-24,2025-04-24 11:24:00,1590.27,1590.28,1590.27,1590.28,0.0,13.52,21530.25,1
2025-04-24,2025-04-24 11:25:00,1590.28,1590.29,1590.28,1590.29,0.0,13.52,21530.25,1
2025-04-24,2025-04-24 11:26:00,1590.29,1590.3,1590.29,1590.3,0.0,13.52,21530.25,1
2025-04-24,2025-04-24 11:27:00,1590.3,1590.31,1590.3,1590.31,0.0,13.52,21530.25,1
2025-04-24,2025-04-24 11:28:00,1590.31,1590.32,1590.31,1590.32,0.0,13.52,21530.25,1
2025-04-24,2025-04-24 11:29:00,1590.32,1590.33,1590.32,1590.33,0.0,13.52,21530.25,1
2025-04-24,2025-04-24 11:30:00,1590.33,1590.34,1590.33,1590.34,0.0,13.52,21530.25,1
2025-04-24,2025-04-24 11:31:00,1590.34,1590.36,1590.34,1590.36,0.0,13.52,21530.25,1
2025-04-24,2025-04-24 11:32:00,1590.36,1590.37,1590.36,1590.37,0.0,13.52,21530.25,1
2025-04-24,2025-04-24 11:33:00,1590.37,1590.38,1590.37,1590.38,0.0,13.52,21530.25,1
2025-04-24,2025-04-24 11:34:00,1590.38,1590.39,1590.38,1590.39,0.0,13.52,21530.25,1
2025-04-24,2025-04-24 11:35:00,1590.39,1590.4,1590.39,1590.4,0.0,13.52,21530.25,1
2025-04-24,2025-04-24 11:36:00,1590.4,1590.41,1590.4,1590.41,0.0,13.52,21530.25,1
2025-04-24,2025-04-24 11:37:00,1590.41,1590.42,1590.41,1590.42,0.0,13.52,21530.25,1
2025-04-24,2025-04-24 11:38:00,1590.42,1590.43,1590.42,1590.43,0.0,13.52,21530.25,1
2025-04-24,2025-04-24 11:39:00,1590.43,1590.44,1590.43,1590.44,0.0,13.52,21530.25,1
2025-04-24,2025-04-24 11:40:00,1590.44,1590.46,1590.44,1590.46,0.0,13.52,21530.25,1
2025-04-24,2025-04-24 11:41:00,1590.46,1590.47,1590.46,1590.47,0.0,13.52,21530.25,1
2025-04-24,2025-04-24 11:42:00,1590.47,1590.48,1590.47,1590.48,0.0,13.52,21530.25,1
2025-04-24,2025-04-24 11:43:00,1590.48,1590.49,1590.48,1590.49,0.0,13.52,21530.25,1
2025-04-24,2025-04-24 11:44:00,1590.49,1590.5,1590.49,1590.5,0.0,13.52,21530.25,1
2025-04-24,2025-04-24 11:45:00,1590.5,1590.51,1590.5,1590.51,0.0,13.52,21530.25,1
2025-04-24,2025-04-24 11:46:00,1590.51,1590.52,1590.51,1590.52,0.0,13.52,21530.25,1
2025-04-24,2025-04-24 11:47:00,1590.52,1590.53,1590.52,1590.53,0.0,13.52,21530.25,1
2025-04-24,2025-04-24 11:48:00,1590.53,1590.55,1590.53,1590.55,0.0,13.52,21530.25,1
2025-04-24,2025-04-24 11:49:00,1590.55,1590.56,1590.55,1590.56,0.0,13.52,21530.25,1
2025-04-24,2025-04-24 11:50:00,1590.56,1590.57,1590.56,1590.57,0.0,13.52,21530.25,1
2025-04-24,2025-04-24 11:51:00,1590.57,1590.58,1590.57,1590.58,0.0,13.52,21530.25,1
2025-04-24,2025-04-24 11:52:00,1590.58,1590.59,1590.58,1590.59,0.0,13.52,21530.25,1
2025-04-24,2025-04-24 11:53:00,1590.59,1590.6,1590.59,1590.6,0.0,13.52,21530.25,1
2025-04-24,2025-04-24 11:54:00,1590.6,1590.61,1590.6,1590.61,0.0,13.52,21530.25,1
2025-04-24,2025-04-24 11:55:00,1590.61,1590.62,1590.61,1590.62,0.0,13.52,21530.25,1
2025-04-24,2025-04-24 11:56:00,1590.62,1590.63,1590.62,1590.63,0.0,13.52,21530.25,1
2025-04-24,2025-04-24 11:57:00,1590.63,1590.65,1590.63,1590.65,0.0,13.52,21530.25,1
2025-04-24,2025-04-24 11:58:00,1590.65,1590.66,1590.65,1590.66,0.0,13.52,21530.25,1
2025-04-24,2025-04-24 11:59:00,1590.66,1590.67,1590.66,1590.67,0.0,13.52,21530.25,1
2025-04-24,2025-04-24 12:00:00,1590.67,1590.68,1590.67,1590.68,0.0,13.52,21530.25,1
2025-04-24,2025-04-24 12:01:00,1590.68,1590.69,1590.68,1590.69,0.0,13.52,21530.25,1
2025-04-24,2025-04-24 12:02:00,1590.69,1590.7,1590.69,1590.7,0.0,13.52,21530.25,1
2025-04-24,2025-04-24 12:03:00,1590.7,1590.71,1590.7,1590.71,0.0,13.52,21530.25,1
2025-04-24,2025-04-24 12:04:00,1590.71,1590.72,1590.71,1590.72,0.0,13.52,21530.25,1
2025-04-24,2025-04-24 12:05:00,1590.72,1590.73,1590.72,1590.73,0.0,13.52,21530.25,1
2025-04-24,2025-04-24 12:06:00,1590.73,1590.75,1590.73,1590.75,0.0,13.52,21530.25,1
2025-04-24,2025-04-24 12:07:00,1590.75,1590.76,1590.75,1590.76,0.0,13.52,21530.25,1
2025-04-24,2025-04-24 12:08:00,1590.76,1590.77,1590.76,1590.77,0.0,13.52,21530.25,1
2025-04-24,2025-04-24 12:09:00,1590.77,1590.78,1590.77,1590.78,0.0,13.52,21530.25,1
2025-04-24,2025-04-24 12:10:00,1590.78,1590.79,1590.78,1590.79,0.0,13.52,21530.25,1
2025-04-24,2025-04-24 12:11:00,1590.79,1590.8,1590.79,1590.8,0.0,13.52,21530.25,1
2025-04-24,2025-04-24 12:12:00,1590.8,1590.81,1590.8,1590.81,0.0,13.52,21530.25,1
2025-04-24,2025-04-24 12:13:00,1590.81,1590.82,1590.81,1590.82,0.0,13.52,21530.25,1
2025-04-24,2025-04-24 12:14:00,1590.82,1590.83,1590.82,1590.83,0.0,13.52,21530.25,1
2025-04-24,2025-04-24 12:15:00,1590.83,1590.85,1590.83,1590.85,0.0,13.52,21530.25,1
2025-04-24,2025-04-24 12:16:00,1590.85,1590.86,1590.85,1590.86,0.0,13.52,21530.25,1
2025-04-24,2025-04-24 12:17:00,1590.86,1590.87,1590.86,1590.87,0.0,13.52,21530.25,1
2025-04-24,2025-04-24 12:18:00,1590.87,1590.88,1590.87,1590.88,0.0,13.52,21530.25,1
2025-04-24,2025-04-24 12:19:00,1590.88,1590.89,1590.88,1590.89,0.0,13.52,21530.25,1
2025-04-24,2025-04-24 12:20:00,1590.89,1590.9,1590.89,1590.9,0.0,13.52,21530.25,1
2025-04-24,2025-04-24 12:21:00,1590.9,1590.91,1590.9,1590.91,0.0,13.52,21530.25,1
2025-04-24,2025-04-24 12:22:00,1590.91,1590.92,1590.91,1590.92,0.0,13.52,21530.25,1
2025-04-24,2025-04-24 12:23:00,1590.92,1590.93,1590.92,1590.93,0.0,13.52,21530.25,1
2025-04-24,2025-04-24 12:24:00,1590.93,1590.95,1590.93,1590.95,0.0,13.52,21530.25,1
2025-04-24,2025-04-24 12:25:00,1590.95,1590.96,1590.95,1590.96,0.0,13.52,21530.25,1
2025-04-24,2025-04-24 12:26:00,1590.96,1590.97,1590.96,1590.97,0.0,13.52,21530.25,1
2025-04-24,2025-04-24 12:27:00,1590.97,1590.98,1590.97,1590.98,0.0,13.52,21530.25,1
2025-04-24,2025-04-24 12:28:00,1590.98,1590.99,1590.98,1590.99,0.0,13.52,21530.25,1
2025-04-24,2025-04-24 12:29:00,1590.99,1591.0,1590.99,1591.0,0.0,13.52,21530.25,1
2025-04-24,2025-04-24 12:30:00,1591.0,1591.01,1591.0,1591.01,0.0,13.52,21530.25,1
2025-04-24,2025-04-24 12:31:00,1591.01,1591.02,1591.01,1591.02,0.0,13.52,21530.25,1
2025-04-24,2025-04-24 12:32:00,1591.02,1591.03,1591.02,1591.03,0.0,13.52,21530.25,1
2025-04-24,2025-04-24 12:33:00,1591.03,1591.05,1591.03,1591.05,0.0,13.52,21530.25,1
2025-04-24,2025-04-24 12:34:00,1591.05,1591.06,1591.05,1591.06,0.0,13.52,21530.25,1
2025-04-24,2025-04-24 12:35:00,1591.06,1591.07,1591.06,1591.07,0.0,13.52,21530.25,1
2025-04-24,2025-04-24 12:36:00,1591.07,1591.08,1591.07,1591.08,0.0,13.52,21530.25,1
2025-04-24,2025-04-24 12:37:00,1591.08,1591.09,1591.08,1591.09,0.0,13.52,21530.25,1
2025-04-24,2025-04-24 12:38:00,1591.09,1591.1,1591.09,1591.1,0.0,13.52,21530.25,1
2025-04-24,2025-04-24 12:39:00,1591.1,1591.11,1591.1,1591.11,0.0,13.52,21530.25,1
2025-04-24,2025-04-24 12:40:00,1591.11,1591.12,1591.11,1591.12,0.0,13.52,21530.25,1
2025-04-24,2025-04-24 12:41:00,1591.12,1591.13,1591.12,1591.13,0.0,13.52,21530.25,1
2025-04-24,2025-04-24 12:42:00,1591.13,1591.15,1591.13,1591.15,0.0,13.52,21530.25,1
2025-04-24,2025-04-24 12:43:00,1591.15,1591.16,1591.15,1591.16,0.0,13.52,21530.25,1
2025-04-24,2025-04-24 12:44:00,1591.16,1591.17,1591.16,1591.17,0.0,13.52,21530.25,1
2025-04-24,2025-04-24 12:45:00,1591.17,1591.18,1591.17,1591.18,0.0,13.52,21530.25,1
2025-04-24,2025-04-24 12:46:00,1591.18,1591.19,1591.18,1591.19,0.0,13.52,21530.25,1
2025-04-24,2025-04-24 12:47:00,1591.19,1591.2,1591.19,1591.2,0.0,13.52,21530.25,1
2025-04-24,2025-04-24 12:48:00,1591.2,1591.21,1591.2,1591.21,0.0,13.52,21530.25,1
2025-04-24,2025-04-24 12:49:00,1591.21,1591.22,1591.21,1591.22,0.0,13.52,21530.25,1
2025-04-24,2025-04-24 12:50:00,1591.22,1591.23,1591.22,1591.23,0.0,13.52,21530.25,1
2025-04-24,2025-04-24 12:51:00,1591.23,1591.25,1591.23,1591.25,0.0,13.52,21530.25,1
2025-04-24,2025-04-24 12:52:00,1591.25,1591.26,1591.25,1591.26,0.0,13.52,21530.25,1
2025-04-24,2025-04-24 12:53:00,1591.26,1591.27,1591.26,1591.27,0.0,13.52,21530.25,1
2025-04-24,2025-04-24 12:54:00,1591.27,1591.28,1591.27,1591.28,0.0,13.52,21530.25,1
2025-04-24,2025-04-24 12:55:00,1591.28,1591.29,1591.28,1591.29,0.0,13.52,21530.25,1
2025-04-24,2025-04-24 12:56:00,1591.29,1591.3,1591.29,1591.3,0.0,13.52,21530.25,1
2025-04-24,2025-04-24 12:57:00,1591.3,1591.31,1591.3,1591.31,0.0,13.52,21530.25,1
2025-04-24,2025-04-24 12:58:00,1591.31,1591.32,1591.31,1591.32,0.0,13.52,21530.25,1
2025-04-24,2025-04-24 12:59:00,1591.32,1591.34,1591.32,1591.34,0.0,13.52,21530.25,1
2025-04-24,2025-04-24 13:00:00,1591.34,1638.0,1580.0,1591.35,0.0,13.52,21530.25,1
2025-04-24,2025-04-24 13:01:00,1591.35,1591.36,1591.35,1591.36,0.0,13.52,21530.25,1
2025-04-24,2025-04-24 13:02:00,1591.36,1591.37,1591.36,1591.37,0.0,13.52,21530.25,1
2025-04-24,2025-04-24 13:03:00,1591.37,1591.38,1591.37,1591.38,0.0,13.52,21530.25,1
2025-04-24,2025-04-24 13:04:00,1591.38,1591.39,1591.38,1591.39,0.0,13.52,21530.25,1
2025-04-24,2025-04-24 13:05:00,1591.39,1591.4,1591.39,1591.4,0.0,13.52,21530.25,1
2025-04-24,2025-04-24 13:06:00,1591.4,1591.41,1591.4,1591.41,0.0,13.52,21530.25,1
2025-04-24,2025-04-24 13:07:00,1591.41,1591.42,1591.41,1591.42,0.0,13.52,21530.25,1
2025-04-24,2025-04-24 13:08:00,1591.42,1591.44,1591.42,1591.44,0.0,13.52,21530.25,1
2025-04-24,2025-04-24 13:09:00,1591.44,1591.45,1591.44,1591.45,0.0,13.52,21530.25,1
2025-04-24,2025-04-24 13:10:00,1591.45,1591.46,1591.45,1591.46,0.0,13.52,21530.25,1
2025-04-24,2025-04-24 13:11:00,1591.46,1591.47,1591.46,1591.47,0.0,13.52,21530.25,1
2025-04-24,2025-04-24 13:12:00,1591.47,1591.48,1591.47,1591.48,0.0,13.52,21530.25,1
2025-04-24,2025-04-24 13:13:00,1591.48,1591.49,1591.48,1591.49,0.0,13.52,21530.25,1
2025-04-24,2025-04-24 13:14:00,1591.49,1591.5,1591.49,1591.5,0.0,13.52,21530.25,1
2025-04-24,2025-04-24 13:15:00,1591.5,1591.51,1591.5,1591.51,0.0,13.52,21530.25,1
2025-04-24,2025-04-24 13:16:00,1591.51,1591.52,1591.51,1591.52,0.0,13.52,21530.25,1
2025-04-24,2025-04-24 13:17:00,1591.52,1591.54,1591.52,1591.54,0.0,13.52,21530.25,1
2025-04-24,2025-04-24 13:18:00,1591.54,1591.55,1591.54,1591.55,0.0,13.52,21530.25,1
2025-04-24,2025-04-24 13:19:00,1591.55,1591.56,1591.55,1591.56,0.0,13.52,21530.25,1
2025-04-24,2025-04-24 13:20:00,1591.56,1591.57,1591.56,1591.57,0.0,13.52,21530.25,1
2025-04-24,2025-04-24 13:21:00,1591.57,1591.58,1591.57,1591.58,0.0,13.52,21530.25,1
2025-04-24,2025-04-24 13:22:00,1591.58,1591.59,1591.58,1591.59,0.0,13.52,21530.25,1
2025-04-24,2025-04-24 13:23:00,1591.59,1591.6,1591.59,1591.6,0.0,13.52,21530.25,1
2025-04-24,2025-04-24 13:24:00,1591.6,1591.61,1591.6,1591.61,0.0,13.52,21530.25,1
2025-04-24,2025-04-24 13:25:00,1591.61,1591.62,1591.61,1591.62,0.0,13.52,21530.25,1
2025-04-24,2025-04-24 13:26:00,1591.62,1591.64,1591.62,1591.64,0.0,13.52,21530.25,1
2025-04-24,2025-04-24 13:27:00,1591.64,1591.65,1591.64,1591.65,0.0,13.52,21530.25,1
2025-04-24,2025-04-24 13:28:00,1591.65,1591.66,1591.65,1591.66,0.0,13.52,21530.25,1
2025-04-24,2025-04-24 13:29:00,1591.66,1591.67,1591.66,1591.67,0.0,13.52,21530.25,1
2025-04-24,2025-04-24 13:30:00,1591.67,1591.68,1591.67,1591.68,0.0,13.52,21530.25,1
2025-04-24,2025-04-24 13:31:00,1591.68,1591.69,1591.68,1591.69,0.0,13.52,21530.25,1
2025-04-24,2025-04-24 13:32:00,1591.69,1591.7,1591.69,1591.7,0.0,13.52,21530.25,1
2025-04-24,2025-04-24 13:33:00,1591.7,1591.71,1591.7,1591.71,0.0,13.52,21530.25,1
2025-04-24,2025-04-24 13:34:00,1591.71,1591.72,1591.71,1591.72,0.0,13.52,21530.25,1
2025-04-24,2025-04-24 13:35:00,1591.72,1591.74,1591.72,1591.74,0.0,13.52,21530.25,1
2025-04-24,2025-04-24 13:36:00,1591.74,1591.75,1591.74,1591.75,0.0,13.52,21530.25,1
2025-04-24,2025-04-24 13:37:00,1591.75,1591.76,1591.75,1591.76,0.0,13.52,21530.25,1
2025-04-24,2025-04-24 13:38:00,1591.76,1591.77,1591.76,1591.77,0.0,13.52,21530.25,1
2025-04-24,2025-04-24 13:39:00,1591.77,1591.78,1591.77,1591.78,0.0,13.52,21530.25,1
2025-04-24,2025-04-24 13:40:00,1591.78,1591.79,1591.78,1591.79,0.0,13.52,21530.25,1
2025-04-24,2025-04-24 13:41:00,1591.79,1591.8,1591.79,1591.8,0.0,13.52,21530.25,1
2025-04-24,2025-04-24 13:42:00,1591.8,1591.81,1591.8,1591.81,0.0,13.52,21530.25,1
2025-04-24,2025-04-24 13:43:00,1591.81,1591.82,1591.81,1591.82,0.0,13.52,21530.25,1
2025-04-24,2025-04-24 13:44:00,1591.82,1591.84,1591.82,1591.84,0.0,13.52,21530.25,1
2025-04-24,2025-04-24 13:45:00,1591.84,1591.85,1591.84,1591.85,0.0,13.52,21530.25,1
2025-04-24,2025-04-24 13:46:00,1591.85,1591.86,1591.85,1591.86,0.0,13.52,21530.25,1
2025-04-24,2025-04-24 13:47:00,1591.86,1591.87,1591.86,1591.87,0.0,13.52,21530.25,1
2025-04-24,2025-04-24 13:48:00,1591.87,1591.88,1591.87,1591.88,0.0,13.52,21530.25,1
2025-04-24,2025-04-24 13:49:00,1591.88,1591.89,1591.88,1591.89,0.0,13.52,21530.25,1
2025-04-24,2025-04-24 13:50:00,1591.89,1591.9,1591.89,1591.9,0.0,13.52,21530.25,1
2025-04-24,2025-04-24 13:51:00,1591.9,1591.91,1591.9,1591.91,0.0,13.52,21530.25,1
2025-04-24,2025-04-24 13:52:00,1591.91,1591.92,1591.91,1591.92,0.0,13.52,21530.25,1
2025-04-24,2025-04-24 13:53:00,1591.92,1591.94,1591.92,1591.94,0.0,13.52,21530.25,1
2025-04-24,2025-04-24 13:54:00,1591.94,1591.95,1591.94,1591.95,0.0,13.52,21530.25,1
2025-04-24,2025-04-24 13:55:00,1591.95,1591.96,1591.95,1591.96,0.0,13.52,21530.25,1
2025-04-24,2025-04-24 13:56:00,1591.96,1591.97,1591.96,1591.97,0.0,13.52,21530.25,1
2025-04-24,2025-04-24 13:57:00,1591.97,1591.98,1591.97,1591.98,0.0,13.52,21530.25,1
2025-04-24,2025-04-24 13:58:00,1591.98,1591.99,1591.98,1591.99,0.0,13.52,21530.25,1
2025-04-24,2025-04-24 13:59:00,1591.99,1592.0,1591.99,1592.0,0.0,13.52,21530.25,1
2025-04-24,2025-04-24 14:00:00,1592.0,1592.01,1592.0,1592.01,0.0,13.52,21530.25,1
2025-04-24,2025-04-24 14:01:00,1592.01,1592.02,1592.01,1592.02,0.0,13.52,21530.25,1
2025-04-24,2025-04-24 14:02:00,1592.02,1592.04,1592.02,1592.04,0.0,13.52,21530.25,1
2025-04-24,2025-04-24 14:03:00,1592.04,1592.05,1592.04,1592.05,0.0,13.52,21530.25,1
2025-04-24,2025-04-24 14:04:00,1592.05,1592.06,1592.05,1592.06,0.0,13.52,21530.25,1
2025-04-24,2025-04-24 14:05:00,1592.06,1592.07,1592.06,1592.07,0.0,13.52,21530.25,1
2025-04-24,2025-04-24 14:06:00,1592.07,1592.08,1592.07,1592.08,0.0,13.52,21530.25,1
2025-04-24,2025-04-24 14:07:00,1592.08,1592.09,1592.08,1592.09,0.0,13.52,21530.25,1
2025-04-24,2025-04-24 14:08:00,1592.09,1592.1,1592.09,1592.1,0.0,13.52,21530.25,1
2025-04-24,2025-04-24 14:09:00,1592.1,1592.11,1592.1,1592.11,0.0,13.52,21530.25,1
2025-04-24,2025-04-24 14:10:00,1592.11,1592.12,1592.11,1592.12,0.0,13.52,21530.25,1
2025-04-24,2025-04-24 14:11:00,1592.12,1592.14,1592.12,1592.14,0.0,13.52,21530.25,1
2025-04-24,2025-04-24 14:12:00,1592.14,1592.15,1592.14,1592.15,0.0,13.52,21530.25,1
2025-04-24,2025-04-24 14:13:00,1592.15,1592.16,1592.15,1592.16,0.0,13.52,21530.25,1
2025-04-24,2025-04-24 14:14:00,1592.16,1592.17,1592.16,1592.17,0.0,13.52,21530.25,1
2025-04-24,2025-04-24 14:15:00,1592.17,1592.18,1592.17,1592.18,0.0,13.52,21530.25,1
2025-04-24,2025-04-24 14:16:00,1592.18,1592.19,1592.18,1592.19,0.0,13.52,21530.25,1
2025-04-24,2025-04-24 14:17:00,1592.19,1592.2,1592.19,1592.2,0.0,13.52,21530.25,1
2025-04-24,2025-04-24 14:18:00,1592.2,1592.21,1592.2,1592.21,0.0,13.52,21530.25,1
2025-04-24,2025-04-24 14:19:00,1592.21,1592.23,1592.21,1592.23,0.0,13.52,21530.25,1
2025-04-24,2025-04-24 14:20:00,1592.23,1592.24,1592.23,1592.24,0.0,13.52,21530.25,1
2025-04-24,2025-04-24 14:21:00,1592.24,1592.25,1592.24,1592.25,0.0,13.52,21530.25,1
2025-04-24,2025-04-24 14:22:00,1592.25,1592.26,1592.25,1592.26,0.0,13.52,21530.25,1
2025-04-24,2025-04-24 14:23:00,1592.26,1592.27,1592.26,1592.27,0.0,13.52,21530.25,1
2025-04-24,2025-04-24 14:24:00,1592.27,1592.28,1592.27,1592.28,0.0,13.52,21530.25,1
2025-04-24,2025-04-24 14:25:00,1592.28,1592.29,1592.28,1592.29,0.0,13.52,21530.25,1
2025-04-24,2025-04-24 14:26:00,1592.29,1592.3,1592.29,1592.3,0.0,13.52,21530.25,1
2025-04-24,2025-04-24 14:27:00,1592.3,1592.31,1592.3,1592.31,0.0,13.52,21530.25,1
2025-04-24,2025-04-24 14:28:00,1592.31,1592.33,1592.31,1592.33,0.0,13.52,21530.25,1
2025-04-24,2025-04-24 14:29:00,1592.33,1592.34,1592.33,1592.34,0.0,13.52,21530.25,1
2025-04-24,2025-04-24 14:30:00,1592.34,1592.35,1592.34,1592.35,0.0,13.52,21530.25,1
2025-04-24,2025-04-24 14:31:00,1592.35,1592.36,1592.35,1592.36,0.0,13.52,21530.25,1
2025-04-24,2025-04-24 14:32:00,1592.36,1592.37,1592.36,1592.37,0.0,13.52,21530.25,1
2025-04-24,2025-04-24 14:33:00,1592.37,1592.38,1592.37,1592.38,0.0,13.52,21530.25,1
2025-04-24,2025-04-24 14:34:00,1592.38,1592.39,1592.38,1592.39,0.0,13.52,21530.25,1
2025-04-24,2025-04-24 14:35:00,1592.39,1592.4,1592.39,1592.4,0.0,13.52,21530.25,1
2025-04-24,2025-04-24 14:36:00,1592.4,1592.41,1592.4,1592.41,0.0,13.52,21530.25,1
2025-04-24,2025-04-24 14:37:00,1592.41,1592.43,1592.41,1592.43,0.0,13.52,21530.25,1
2025-04-24,2025-04-24 14:38:00,1592.43,1592.44,1592.43,1592.44,0.0,13.52,21530.25,1
2025-04-24,2025-04-24 14:39:00,1592.44,1592.45,1592.44,1592.45,0.0,13.52,21530.25,1
2025-04-24,2025-04-24 14:40:00,1592.45,1592.46,1592.45,1592.46,0.0,13.52,21530.25,1
2025-04-24,2025-04-24 14:41:00,1592.46,1592.47,1592.46,1592.47,0.0,13.52,21530.25,1
2025-04-24,2025-04-24 14:42:00,1592.47,1592.48,1592.47,1592.48,0.0,13.52,21530.25,1
2025-04-24,2025-04-24 14:43:00,1592.48,1592.49,1592.48,1592.49,0.0,13.52,21530.25,1
2025-04-24,2025-04-24 14:44:00,1592.49,1592.5,1592.49,1592.5,0.0,13.52,21530.25,1
2025-04-24,2025-04-24 14:45:00,1592.5,1592.51,1592.5,1592.51,0.0,13.52,21530.25,1
2025-04-24,2025-04-24 14:46:00,1592.51,1592.53,1592.51,1592.53,0.0,13.52,21530.25,1
2025-04-24,2025-04-24 14:47:00,1592.53,1592.54,1592.53,1592.54,0.0,13.52,21530.25,1
2025-04-24,2025-04-24 14:48:00,1592.54,1592.55,1592.54,1592.55,0.0,13.52,21530.25,1
2025-04-24,2025-04-24 14:49:00,1592.55,1592.56,1592.55,1592.56,0.0,13.52,21530.25,1
2025-04-24,2025-04-24 14:50:00,1592.56,1592.57,1592.56,1592.57,0.0,13.52,21530.25,1
2025-04-24,2025-04-24 14:51:00,1592.57,1592.58,1592.57,1592.58,0.0,13.52,21530.25,1
2025-04-24,2025-04-24 14:52:00,1592.58,1592.59,1592.58,1592.59,0.0,13.52,21530.25,1
2025-04-24,2025-04-24 14:53:00,1592.59,1592.6,1592.59,1592.6,0.0,13.52,21530.25,1
2025-04-24,2025-04-24 14:54:00,1592.6,1592.61,1592.6,1592.61,0.0,13.52,21530.25,1
2025-04-24,2025-04-24 14:55:00,1592.61,1592.63,1592.61,1592.63,0.0,13.52,21530.25,1
2025-04-24,2025-04-24 14:56:00,1592.63,1592.64,1592.63,1592.64,0.0,13.52,21530.25,1
2025-04-24,2025-04-24 14:57:00,1592.64,1592.65,1592.64,1592.65,0.0,13.52,21530.25,1
2025-04-24,2025-04-24 14:58:00,1592.65,1592.66,1592.65,1592.66,0.0,13.52,21530.25,1
2025-04-24,2025-04-24 14:59:00,1592.66,1592.67,1592.66,1592.67,0.0,13.52,21530.25,1
2025-04-24,2025-04-24 15:00:00,1592.67,1638.0,1580.0,1592.67,0.0,13.52,21530.25,0
2025-04-27,2025-04-27 11:00:00,1592.0,1629.5,1588.4,1592.02,0.0,23.27,37141.68,1
2025-04-27,2025-04-27 11:01:00,1592.02,1592.04,1592.02,1592.04,0.0,23.27,37141.68,1
2025-04-27,2025-04-27 11:02:00,1592.04,1592.07,1592.04,1592.07,0.0,23.27,37141.68,1
2025-04-27,2025-04-27 11:03:00,1592.07,1592.09,1592.07,1592.09,0.0,23.27,37141.68,1
2025-04-27,2025-04-27 11:04:00,1592.09,1592.11,1592.09,1592.11,0.0,23.27,37141.68,1
2025-04-27,2025-04-27 11:05:00,1592.11,1592.13,1592.11,1592.13,0.0,23.27,37141.68,1
2025-04-27,2025-04-27 11:06:00,1592.13,1592.16,1592.13,1592.16,0.0,23.27,37141.68,1
2025-04-27,2025-04-27 11:07:00,1592.16,1592.18,1592.16,1592.18,0.0,23.27,37141.68,1
2025-04-27,2025-04-27 11:08:00,1592.18,1592.2,1592.18,1592.2,0.0,23.27,37141.68,1
2025-04-27,2025-04-27 11:09:00,1592.2,1592.22,1592.2,1592.22,0.0,23.27,37141.68,1
2025-04-27,2025-04-27 11:10:00,1592.22,1592.25,1592.22,1592.25,0.0,23.27,37141.68,1
2025-04-27,2025-04-27 11:11:00,1592.25,1592.27,1592.25,1592.27,0.0,23.27,37141.68,1
2025-04-27,2025-04-27 11:12:00,1592.27,1592.29,1592.27,1592.29,0.0,23.27,37141.68,1
2025-04-27,2025-04-27 11:13:00,1592.29,1592.31,1592.29,1592.31,0.0,23.27,37141.68,1
2025-04-27,2025-04-27 11:14:00,1592.31,1592.34,1592.31,1592.34,0.0,23.27,37141.68,1
2025-04-27,2025-04-27 11:15:00,1592.34,1592.36,1592.34,1592.36,0.0,23.27,37141.68,1
2025-04-27,2025-04-27 11:16:00,1592.36,1592.38,1592.36,1592.38,0.0,23.27,37141.68,1
2025-04-27,2025-04-27 11:17:00,1592.38,1592.4,1592.38,1592.4,0.0,23.27,37141.68,1
2025-04-27,2025-04-27 11:18:00,1592.4,1592.43,1592.4,1592.43,0.0,23.27,37141.68,1
2025-04-27,2025-04-27 11:19:00,1592.43,1592.45,1592.43,1592.45,0.0,23.27,37141.68,1
2025-04-27,2025-04-27 11:20:00,1592.45,1592.47,1592.45,1592.47,0.0,23.27,37141.68,1
2025-04-27,2025-04-27 11:21:00,1592.47,1592.49,1592.47,1592.49,0.0,23.27,37141.68,1
2025-04-27,2025-04-27 11:22:00,1592.49,1592.52,1592.49,1592.52,0.0,23.27,37141.68,1
2025-04-27,2025-04-27 11:23:00,1592.52,1592.54,1592.52,1592.54,0.0,23.27,37141.68,1
2025-04-27,2025-04-27 11:24:00,1592.54,1592.56,1592.54,1592.56,0.0,23.27,37141.68,1
2025-04-27,2025-04-27 11:25:00,1592.56,1592.58,1592.56,1592.58,0.0,23.27,37141.68,1
2025-04-27,2025-04-27 11:26:00,1592.58,1592.61,1592.58,1592.61,0.0,23.27,37141.68,1
2025-04-27,2025-04-27 11:27:00,1592.61,1592.63,1592.61,1592.63,0.0,23.27,37141.68,1
2025-04-27,2025-04-27 11:28:00,1592.63,1592.65,1592.63,1592.65,0.0,23.27,37141.68,1
2025-04-27,2025-04-27 11:29:00,1592.65,1592.67,1592.65,1592.67,0.0,23.27,37141.68,1
2025-04-27,2025-04-27 11:30:00,1592.67,1592.7,1592.67,1592.7,0.0,23.27,37141.68,1
2025-04-27,2025-04-27 11:31:00,1592.7,1592.72,1592.7,1592.72,0.0,23.27,37141.68,1
2025-04-27,2025-04-27 11:32:00,1592.72,1592.74,1592.72,1592.74,0.0,23.27,37141.68,1
2025-04-27,2025-04-27 11:33:00,1592.74,1592.76,1592.74,1592.76,0.0,23.27,37141.68,1
2025-04-27,2025-04-27 11:34:00,1592.76,1592.79,1592.76,1592.79,0.0,23.27,37141.68,1
2025-04-27,2025-04-27 11:35:00,1592.79,1592.81,1592.79,1592.81,0.0,23.27,37141.68,1
2025-04-27,2025-04-27 11:36:00,1592.81,1592.83,1592.81,1592.83,0.0,23.27,37141.68,1
2025-04-27,2025-04-27 11:37:00,1592.83,1592.85,1592.83,1592.85,0.0,23.27,37141.68,1
2025-04-27,2025-04-27 11:38:00,1592.85,1592.88,1592.85,1592.88,0.0,23.27,37141.68,1
2025-04-27,2025-04-27 11:39:00,1592.88,1592.9,1592.88,1592.9,0.0,23.27,37141.68,1
2025-04-27,2025-04-27 11:40:00,1592.9,1592.92,1592.9,1592.92,0.0,23.27,37141.68,1
2025-04-27,2025-04-27 11:41:00,1592.92,1592.94,1592.92,1592.94,0.0,23.27,37141.68,1
2025-04-27,2025-04-27 11:42:00,1592.94,1592.97,1592.94,1592.97,0.0,23.27,37141.68,1
2025-04-27,2025-04-27 11:43:00,1592.97,1592.99,1592.97,1592.99,0.0,23.27,37141.68,1
2025-04-27,2025-04-27 11:44:00,1592.99,1593.01,1592.99,1593.01,0.0,23.27,37141.68,1
2025-04-27,2025-04-27 11:45:00,1593.01,1593.03,1593.01,1593.03,0.0,23.27,37141.68,1
2025-04-27,2025-04-27 11:46:00,1593.03,1593.06,1593.03,1593.06,0.0,23.27,37141.68,1
2025-04-27,2025-04-27 11:47:00,1593.06,1593.08,1593.06,1593.08,0.0,23.27,37141.68,1
2025-04-27,2025-04-27 11:48:00,1593.08,1593.1,1593.08,1593.1,0.0,23.27,37141.68,1
2025-04-27,2025-04-27 11:49:00,1593.1,1593.12,1593.1,1593.12,0.0,23.27,37141.68,1
2025-04-27,2025-04-27 11:50:00,1593.12,1593.15,1593.12,1593.15,0.0,23.27,37141.68,1
2025-04-27,2025-04-27 11:51:00,1593.15,1593.17,1593.15,1593.17,0.0,23.27,37141.68,1
2025-04-27,2025-04-27 11:52:00,1593.17,1593.19,1593.17,1593.19,0.0,23.27,37141.68,1
2025-04-27,2025-04-27 11:53:00,1593.19,1593.21,1593.19,1593.21,0.0,23.27,37141.68,1
2025-04-27,2025-04-27 11:54:00,1593.21,1593.24,1593.21,1593.24,0.0,23.27,37141.68,1
2025-04-27,2025-04-27 11:55:00,1593.24,1593.26,1593.24,1593.26,0.0,23.27,37141.68,1
2025-04-27,2025-04-27 11:56:00,1593.26,1593.28,1593.26,1593.28,0.0,23.27,37141.68,1
2025-04-27,2025-04-27 11:57:00,1593.28,1593.3,1593.28,1593.3,0.0,23.27,37141.68,1
2025-04-27,2025-04-27 11:58:00,1593.3,1593.33,1593.3,1593.33,0.0,23.27,37141.68,1
2025-04-27,2025-04-27 11:59:00,1593.33,1593.35,1593.33,1593.35,0.0,23.27,37141.68,1
2025-04-27,2025-04-27 12:00:00,1593.35,1593.37,1593.35,1593.37,0.0,23.27,37141.68,1
2025-04-27,2025-04-27 12:01:00,1593.37,1593.39,1593.37,1593.39,0.0,23.27,37141.68,1
2025-04-27,2025-04-27 12:02:00,1593.39,1593.41,1593.39,1593.41,0.0,23.27,37141.68,1
2025-04-27,2025-04-27 12:03:00,1593.41,1593.44,1593.41,1593.44,0.0,23.27,37141.68,1
2025-04-27,2025-04-27 12:04:00,1593.44,1593.46,1593.44,1593.46,0.0,23.27,37141.68,1
2025-04-27,2025-04-27 12:05:00,1593.46,1593.48,1593.46,1593.48,0.0,23.27,37141.68,1
2025-04-27,2025-04-27 12:06:00,1593.48,1593.5,1593.48,1593.5,0.0,23.27,37141.68,1
2025-04-27,2025-04-27 12:07:00,1593.5,1593.53,1593.5,1593.53,0.0,23.27,37141.68,1
2025-04-27,2025-04-27 12:08:00,1593.53,1593.55,1593.53,1593.55,0.0,23.27,37141.68,1
2025-04-27,2025-04-27 12:09:00,1593.55,1593.57,1593.55,1593.57,0.0,23.27,37141.68,1
2025-04-27,2025-04-27 12:10:00,1593.57,1593.59,1593.57,1593.59,0.0,23.27,37141.68,1
2025-04-27,2025-04-27 12:11:00,1593.59,1593.62,1593.59,1593.62,0.0,23.27,37141.68,1
2025-04-27,2025-04-27 12:12:00,1593.62,1593.64,1593.62,1593.64,0.0,23.27,37141.68,1
2025-04-27,2025-04-27 12:13:00,1593.64,1593.66,1593.64,1593.66,0.0,23.27,37141.68,1
2025-04-27,2025-04-27 12:14:00,1593.66,1593.68,1593.66,1593.68,0.0,23.27,37141.68,1
2025-04-27,2025-04-27 12:15:00,1593.68,1593.71,1593.68,1593.71,0.0,23.27,37141.68,1
2025-04-27,2025-04-27 12:16:00,1593.71,1593.73,1593.71,1593.73,0.0,23.27,37141.68,1
2025-04-27,2025-04-27 12:17:00,1593.73,1593.75,1593.73,1593.75,0.0,23.27,37141.68,1
2025-04-27,2025-04-27 12:18:00,1593.75,1593.77,1593.75,1593.77,0.0,23.27,37141.68,1
2025-04-27,2025-04-27 12:19:00,1593.77,1593.8,1593.77,1593.8,0.0,23.27,37141.68,1
2025-04-27,2025-04-27 12:20:00,1593.8,1593.82,1593.8,1593.82,0.0,23.27,37141.68,1
2025-04-27,2025-04-27 12:21:00,1593.82,1593.84,1593.82,1593.84,0.0,23.27,37141.68,1
2025-04-27,2025-04-27 12:22:00,1593.84,1593.86,1593.84,1593.86,0.0,23.27,37141.68,1
2025-04-27,2025-04-27 12:23:00,1593.86,1593.89,1593.86,1593.89,0.0,23.27,37141.68,1
2025-04-27,2025-04-27 12:24:00,1593.89,1593.91,1593.89,1593.91,0.0,23.27,37141.68,1
2025-04-27,2025-04-27 12:25:00,1593.91,1593.93,1593.91,1593.93,0.0,23.27,37141.68,1
2025-04-27,2025-04-27 12:26:00,1593.93,1593.95,1593.93,1593.95,0.0,23.27,37141.68,1
2025-04-27,2025-04-27 12:27:00,1593.95,1593.98,1593.95,1593.98,0.0,23.27,37141.68,1
2025-04-27,2025-04-27 12:28:00,1593.98,1594.0,1593.98,1594.0,0.0,23.27,37141.68,1
2025-04-27,2025-04-27 12:29:00,1594.0,1594.02,1594.0,1594.02,0.0,23.27,37141.68,1
2025-04-27,2025-04-27 12:30:00,1594.02,1594.04,1594.02,1594.04,0.0,23.27,37141.68,1
2025-04-27,2025-04-27 12:31:00,1594.04,1594.07,1594.04,1594.07,0.0,23.27,37141.68,1
2025-04-27,2025-04-27 12:32:00,1594.07,1594.09,1594.07,1594.09,0.0,23.27,37141.68,1
2025-04-27,2025-04-27 12:33:00,1594.09,1594.11,1594.09,1594.11,0.0,23.27,37141.68,1
2025-04-27,2025-04-27 12:34:00,1594.11,1594.13,1594.11,1594.13,0.0,23.27,37141.68,1
2025-04-27,2025-04-27 12:35:00,1594.13,1594.16,1594.13,1594.16,0.0,23.27,37141.68,1
2025-04-27,2025-04-27 12:36:00,1594.16,1594.18,1594.16,1594.18,0.0,23.27,37141.68,1
2025-04-27,2025-04-27 12:37:00,1594.18,1594.2,1594.18,1594.2,0.0,23.27,37141.68,1
2025-04-27,2025-04-27 12:38:00,1594.2,1594.22,1594.2,1594.22,0.0,23.27,37141.68,1
2025-04-27,2025-04-27 12:39:00,1594.22,1594.25,1594.22,1594.25,0.0,23.27,37141.68,1
2025-04-27,2025-04-27 12:40:00,1594.25,1594.27,1594.25,1594.27,0.0,23.27,37141.68,1
2025-04-27,2025-04-27 12:41:00,1594.27,1594.29,1594.27,1594.29,0.0,23.27,37141.68,1
2025-04-27,2025-04-27 12:42:00,1594.29,1594.31,1594.29,1594.31,0.0,23.27,37141.68,1
2025-04-27,2025-04-27 12:43:00,1594.31,1594.34,1594.31,1594.34,0.0,23.27,37141.68,1
2025-04-27,2025-04-27 12:44:00,1594.34,1594.36,1594.34,1594.36,0.0,23.27,37141.68,1
2025-04-27,2025-04-27 12:45:00,1594.36,1594.38,1594.36,1594.38,0.0,23.27,37141.68,1
2025-04-27,2025-04-27 12:46:00,1594.38,1594.4,1594.38,1594.4,0.0,23.27,37141.68,1
2025-04-27,2025-04-27 12:47:00,1594.4,1594.43,1594.4,1594.43,0.0,23.27,37141.68,1
2025-04-27,2025-04-27 12:48:00,1594.43,1594.45,1594.43,1594.45,0.0,23.27,37141.68,1
2025-04-27,2025-04-27 12:49:00,1594.45,1594.47,1594.45,1594.47,0.0,23.27,37141.68,1
2025-04-27,2025-04-27 12:50:00,1594.47,1594.49,1594.47,1594.49,0.0,23.27,37141.68,1
2025-04-27,2025-04-27 12:51:00,1594.49,1594.52,1594.49,1594.52,0.0,23.27,37141.68,1
2025-04-27,2025-04-27 12:52:00,1594.52,1594.54,1594.52,1594.54,0.0,23.27,37141.68,1
2025-04-27,2025-04-27 12:53:00,1594.54,1594.56,1594.54,1594.56,0.0,23.27,37141.68,1
2025-04-27,2025-04-27 12:54:00,1594.56,1594.58,1594.56,1594.58,0.0,23.27,37141.68,1
2025-04-27,2025-04-27 12:55:00,1594.58,1594.61,1594.58,1594.61,0.0,23.27,37141.68,1
2025-04-27,2025-04-27 12:56:00,1594.61,1594.63,1594.61,1594.63,0.0,23.27,37141.68,1
2025-04-27,2025-04-27 12:57:00,1594.63,1594.65,1594.63,1594.65,0.0,23.27,37141.68,1
2025-04-27,2025-04-27 12:58:00,1594.65,1594.67,1594.65,1594.67,0.0,23.27,37141.68,1
2025-04-27,2025-04-27 12:59:00,1594.67,1594.7,1594.67,1594.7,0.0,23.27,37141.68,1
2025-04-27,2025-04-27 13:00:00,1594.7,1717.0,1580.0,1594.72,0.0,23.27,37141.68,1
2025-04-27,2025-04-27 13:01:00,1594.72,1594.74,1594.72,1594.74,0.0,23.27,37141.68,1
2025-04-27,2025-04-27 13:02:00,1594.74,1594.76,1594.74,1594.76,0.0,23.27,37141.68,1
2025-04-27,2025-04-27 13:03:00,1594.76,1594.78,1594.76,1594.78,0.0,23.27,37141.68,1
2025-04-27,2025-04-27 13:04:00,1594.78,1594.81,1594.78,1594.81,0.0,23.27,37141.68,1
2025-04-27,2025-04-27 13:05:00,1594.81,1594.83,1594.81,1594.83,0.0,23.27,37141.68,1
2025-04-27,2025-04-27 13:06:00,1594.83,1594.85,1594.83,1594.85,0.0,23.27,37141.68,1
2025-04-27,2025-04-27 13:07:00,1594.85,1594.87,1594.85,1594.87,0.0,23.27,37141.68,1
2025-04-27,2025-04-27 13:08:00,1594.87,1594.9,1594.87,1594.9,0.0,23.27,37141.68,1
2025-04-27,2025-04-27 13:09:00,1594.9,1594.92,1594.9,1594.92,0.0,23.27,37141.68,1
2025-04-27,2025-04-27 13:10:00,1594.92,1594.94,1594.92,1594.94,0.0,23.27,37141.68,1
2025-04-27,2025-04-27 13:11:00,1594.94,1594.96,1594.94,1594.96,0.0,23.27,37141.68,1
2025-04-27,2025-04-27 13:12:00,1594.96,1594.99,1594.96,1594.99,0.0,23.27,37141.68,1
2025-04-27,2025-04-27 13:13:00,1594.99,1595.01,1594.99,1595.01,0.0,23.27,37141.68,1
2025-04-27,2025-04-27 13:14:00,1595.01,1595.03,1595.01,1595.03,0.0,23.27,37141.68,1
2025-04-27,2025-04-27 13:15:00,1595.03,1595.05,1595.03,1595.05,0.0,23.27,37141.68,1
2025-04-27,2025-04-27 13:16:00,1595.05,1595.08,1595.05,1595.08,0.0,23.27,37141.68,1
2025-04-27,2025-04-27 13:17:00,1595.08,1595.1,1595.08,1595.1,0.0,23.27,37141.68,1
2025-04-27,2025-04-27 13:18:00,1595.1,1595.12,1595.1,1595.12,0.0,23.27,37141.68,1
2025-04-27,2025-04-27 13:19:00,1595.12,1595.14,1595.12,1595.14,0.0,23.27,37141.68,1
2025-04-27,2025-04-27 13:20:00,1595.14,1595.17,1595.14,1595.17,0.0,23.27,37141.68,1
2025-04-27,2025-04-27 13:21:00,1595.17,1595.19,1595.17,1595.19,0.0,23.27,37141.68,1
2025-04-27,2025-04-27 13:22:00,1595.19,1595.21,1595.19,1595.21,0.0,23.27,37141.68,1
2025-04-27,2025-04-27 13:23:00,1595.21,1595.23,1595.21,1595.23,0.0,23.27,37141.68,1
2025-04-27,2025-04-27 13:24:00,1595.23,1595.26,1595.23,1595.26,0.0,23.27,37141.68,1
2025-04-27,2025-04-27 13:25:00,1595.26,1595.28,1595.26,1595.28,0.0,23.27,37141.68,1
2025-04-27,2025-04-27 13:26:00,1595.28,1595.3,1595.28,1595.3,0.0,23.27,37141.68,1
2025-04-27,2025-04-27 13:27:00,1595.3,1595.32,1595.3,1595.32,0.0,23.27,37141.68,1
2025-04-27,2025-04-27 13:28:00,1595.32,1595.35,1595.32,1595.35,0.0,23.27,37141.68,1
2025-04-27,2025-04-27 13:29:00,1595.35,1595.37,1595.35,1595.37,0.0,23.27,37141.68,1
2025-04-27,2025-04-27 13:30:00,1595.37,1595.39,1595.37,1595.39,0.0,23.27,37141.68,1
2025-04-27,2025-04-27 13:31:00,1595.39,1595.41,1595.39,1595.41,0.0,23.27,37141.68,1
2025-04-27,2025-04-27 13:32:00,1595.41,1595.44,1595.41,1595.44,0.0,23.27,37141.68,1
2025-04-27,2025-04-27 13:33:00,1595.44,1595.46,1595.44,1595.46,0.0,23.27,37141.68,1
2025-04-27,2025-04-27 13:34:00,1595.46,1595.48,1595.46,1595.48,0.0,23.27,37141.68,1
2025-04-27,2025-04-27 13:35:00,1595.48,1595.5,1595.48,1595.5,0.0,23.27,37141.68,1
2025-04-27,2025-04-27 13:36:00,1595.5,1595.53,1595.5,1595.53,0.0,23.27,37141.68,1
2025-04-27,2025-04-27 13:37:00,1595.53,1595.55,1595.53,1595.55,0.0,23.27,37141.68,1
2025-04-27,2025-04-27 13:38:00,1595.55,1595.57,1595.55,1595.57,0.0,23.27,37141.68,1
2025-04-27,2025-04-27 13:39:00,1595.57,1595.59,1595.57,1595.59,0.0,23.27,37141.68,1
2025-04-27,2025-04-27 13:40:00,1595.59,1595.62,1595.59,1595.62,0.0,23.27,37141.68,1
2025-04-27,2025-04-27 13:41:00,1595.62,1595.64,1595.62,1595.64,0.0,23.27,37141.68,1
2025-04-27,2025-04-27 13:42:00,1595.64,1595.66,1595.64,1595.66,0.0,23.27,37141.68,1
2025-04-27,2025-04-27 13:43:00,1595.66,1595.68,1595.66,1595.68,0.0,23.27,37141.68,1
2025-04-27,2025-04-27 13:44:00,1595.68,1595.71,1595.68,1595.71,0.0,23.27,37141.68,1
2025-04-27,2025-04-27 13:45:00,1595.71,1595.73,1595.71,1595.73,0.0,23.27,37141.68,1
2025-04-27,2025-04-27 13:46:00,1595.73,1595.75,1595.73,1595.75,0.0,23.27,37141.68,1
2025-04-27,2025-04-27 13:47:00,1595.75,1595.77,1595.75,1595.77,0.0,23.27,37141.68,1
2025-04-27,2025-04-27 13:48:00,1595.77,1595.8,1595.77,1595.8,0.0,23.27,37141.68,1
2025-04-27,2025-04-27 13:49:00,1595.8,1595.82,1595.8,1595.82,0.0,23.27,37141.68,1
2025-04-27,2025-04-27 13:50:00,1595.82,1595.84,1595.82,1595.84,0.0,23.27,37141.68,1
2025-04-27,2025-04-27 13:51:00,1595.84,1595.86,1595.84,1595.86,0.0,23.27,37141.68,1
2025-04-27,2025-04-27 13:52:00,1595.86,1595.89,1595.86,1595.89,0.0,23.27,37141.68,1
2025-04-27,2025-04-27 13:53:00,1595.89,1595.91,1595.89,1595.91,0.0,23.27,37141.68,1
2025-04-27,2025-04-27 13:54:00,1595.91,1595.93,1595.91,1595.93,0.0,23.27,37141.68,1
2025-04-27,2025-04-27 13:55:00,1595.93,1595.95,1595.93,1595.95,0.0,23.27,37141.68,1
2025-04-27,2025-04-27 13:56:00,1595.95,1595.98,1595.95,1595.98,0.0,23.27,37141.68,1
2025-04-27,2025-04-27 13:57:00,1595.98,1596.0,1595.98,1596.0,0.0,23.27,37141.68,1
2025-04-27,2025-04-27 13:58:00,1596.0,1596.02,1596.0,1596.02,0.0,23.27,37141.68,1
2025-04-27,2025-04-27 13:59:00,1596.02,1596.04,1596.02,1596.04,0.0,23.27,37141.68,1
2025-04-27,2025-04-27 14:00:00,1596.04,1596.06,1596.04,1596.06,0.0,23.27,37141.68,1
2025-04-27,2025-04-27 14:01:00,1596.06,1596.09,1596.06,1596.09,0.0,23.27,37141.68,1
2025-04-27,2025-04-27 14:02:00,1596.09,1596.11,1596.09,1596.11,0.0,23.27,37141.68,1
2025-04-27,2025-04-27 14:03:00,1596.11,1596.13,1596.11,1596.13,0.0,23.27,37141.68,1
2025-04-27,2025-04-27 14:04:00,1596.13,1596.15,1596.13,1596.15,0.0,23.27,37141.68,1
2025-04-27,2025-04-27 14:05:00,1596.15,1596.18,1596.15,1596.18,0.0,23.27,37141.68,1
2025-04-27,2025-04-27 14:06:00,1596.18,1596.2,1596.18,1596.2,0.0,23.27,37141.68,1
2025-04-27,2025-04-27 14:07:00,1596.2,1596.22,1596.2,1596.22,0.0,23.27,37141.68,1
2025-04-27,2025-04-27 14:08:00,1596.22,1596.24,1596.22,1596.24,0.0,23.27,37141.68,1
2025-04-27,2025-04-27 14:09:00,1596.24,1596.27,1596.24,1596.27,0.0,23.27,37141.68,1
2025-04-27,2025-04-27 14:10:00,1596.27,1596.29,1596.27,1596.29,0.0,23.27,37141.68,1
2025-04-27,2025-04-27 14:11:00,1596.29,1596.31,1596.29,1596.31,0.0,23.27,37141.68,1
2025-04-27,2025-04-27 14:12:00,1596.31,1596.33,1596.31,1596.33,0.0,23.27,37141.68,1
2025-04-27,2025-04-27 14:13:00,1596.33,1596.36,1596.33,1596.36,0.0,23.27,37141.68,1
2025-04-27,2025-04-27 14:14:00,1596.36,1596.38,1596.36,1596.38,0.0,23.27,37141.68,1
2025-04-27,2025-04-27 14:15:00,1596.38,1596.4,1596.38,1596.4,0.0,23.27,37141.68,1
2025-04-27,2025-04-27 14:16:00,1596.4,1596.42,1596.4,1596.42,0.0,23.27,37141.68,1
2025-04-27,2025-04-27 14:17:00,1596.42,1596.45,1596.42,1596.45,0.0,23.27,37141.68,1
2025-04-27,2025-04-27 14:18:00,1596.45,1596.47,1596.45,1596.47,0.0,23.27,37141.68,1
2025-04-27,2025-04-27 14:19:00,1596.47,1596.49,1596.47,1596.49,0.0,23.27,37141.68,1
2025-04-27,2025-04-27 14:20:00,1596.49,1596.51,1596.49,1596.51,0.0,23.27,37141.68,1
2025-04-27,2025-04-27 14:21:00,1596.51,1596.54,1596.51,1596.54,0.0,23.27,37141.68,1
2025-04-27,2025-04-27 14:22:00,1596.54,1596.56,1596.54,1596.56,0.0,23.27,37141.68,1
2025-04-27,2025-04-27 14:23:00,1596.56,1596.58,1596.56,1596.58,0.0,23.27,37141.68,1
2025-04-27,2025-04-27 14:24:00,1596.58,1596.6,1596.58,1596.6,0.0,23.27,37141.68,1
2025-04-27,2025-04-27 14:25:00,1596.6,1596.63,1596.6,1596.63,0.0,23.27,37141.68,1
2025-04-27,2025-04-27 14:26:00,1596.63,1596.65,1596.63,1596.65,0.0,23.27,37141.68,1
2025-04-27,2025-04-27 14:27:00,1596.65,1596.67,1596.65,1596.67,0.0,23.27,37141.68,1
2025-04-27,2025-04-27 14:28:00,1596.67,1596.69,1596.67,1596.69,0.0,23.27,37141.68,1
2025-04-27,2025-04-27 14:29:00,1596.69,1596.72,1596.69,1596.72,0.0,23.27,37141.68,1
2025-04-27,2025-04-27 14:30:00,1596.72,1596.74,1596.72,1596.74,0.0,23.27,37141.68,1
2025-04-27,2025-04-27 14:31:00,1596.74,1596.76,1596.74,1596.76,0.0,23.27,37141.68,1
2025-04-27,2025-04-27 14:32:00,1596.76,1596.78,1596.76,1596.78,0.0,23.27,37141.68,1
2025-04-27,2025-04-27 14:33:00,1596.78,1596.81,1596.78,1596.81,0.0,23.27,37141.68,1
2025-04-27,2025-04-27 14:34:00,1596.81,1596.83,1596.81,1596.83,0.0,23.27,37141.68,1
2025-04-27,2025-04-27 14:35:00,1596.83,1596.85,1596.83,1596.85,0.0,23.27,37141.68,1
2025-04-27,2025-04-27 14:36:00,1596.85,1596.87,1596.85,1596.87,0.0,23.27,37141.68,1
2025-04-27,2025-04-27 14:37:00,1596.87,1596.9,1596.87,1596.9,0.0,23.27,37141.68,1
2025-04-27,2025-04-27 14:38:00,1596.9,1596.92,1596.9,1596.92,0.0,23.27,37141.68,1
2025-04-27,2025-04-27 14:39:00,1596.92,1596.94,1596.92,1596.94,0.0,23.27,37141.68,1
2025-04-27,2025-04-27 14:40:00,1596.94,1596.96,1596.94,1596.96,0.0,23.27,37141.68,1
2025-04-27,2025-04-27 14:41:00,1596.96,1596.99,1596.96,1596.99,0.0,23.27,37141.68,1
2025-04-27,2025-04-27 14:42:00,1596.99,1597.01,1596.99,1597.01,0.0,23.27,37141.68,1
2025-04-27,2025-04-27 14:43:00,1597.01,1597.03,1597.01,1597.03,0.0,23.27,37141.68,1
2025-04-27,2025-04-27 14:44:00,1597.03,1597.05,1597.03,1597.05,0.0,23.27,37141.68,1
2025-04-27,2025-04-27 14:45:00,1597.05,1597.08,1597.05,1597.08,0.0,23.27,37141.68,1
2025-04-27,2025-04-27 14:46:00,1597.08,1597.1,1597.08,1597.1,0.0,23.27,37141.68,1
2025-04-27,2025-04-27 14:47:00,1597.1,1597.12,1597.1,1597.12,0.0,23.27,37141.68,1
2025-04-27,2025-04-27 14:48:00,1597.12,1597.14,1597.12,1597.14,0.0,23.27,37141.68,1
2025-04-27,2025-04-27 14:49:00,1597.14,1597.17,1597.14,1597.17,0.0,23.27,37141.68,1
2025-04-27,2025-04-27 14:50:00,1597.17,1597.19,1597.17,1597.19,0.0,23.27,37141.68,1
2025-04-27,2025-04-27 14:51:00,1597.19,1597.21,1597.19,1597.21,0.0,23.27,37141.68,1
2025-04-27,2025-04-27 14:52:00,1597.21,1597.23,1597.21,1597.23,0.0,23.27,37141.68,1
2025-04-27,2025-04-27 14:53:00,1597.23,1597.26,1597.23,1597.26,0.0,23.27,37141.68,1
2025-04-27,2025-04-27 14:54:00,1597.26,1597.28,1597.26,1597.28,0.0,23.27,37141.68,1
2025-04-27,2025-04-27 14:55:00,1597.28,1597.3,1597.28,1597.3,0.0,23.27,37141.68,1
2025-04-27,2025-04-27 14:56:00,1597.3,1597.32,1597.3,1597.32,0.0,23.27,37141.68,1
2025-04-27,2025-04-27 14:57:00,1597.32,1597.35,1597.32,1597.35,0.0,23.27,37141.68,1
2025-04-27,2025-04-27 14:58:00,1597.35,1597.37,1597.35,1597.37,0.0,23.27,37141.68,1
2025-04-27,2025-04-27 14:59:00,1597.37,1597.39,1597.37,1597.39,0.0,23.27,37141.68,1
2025-04-27,2025-04-27 15:00:00,1597.39,1717.0,1580.0,1597.39,0.0,23.27,37141.68,0
2025-04-28,2025-04-28 11:00:00,1576.0,1620.7,1573.09,1576.31,0.02,10.72,17379.36,1
2025-04-28,2025-04-28 11:01:00,1576.31,1576.62,1576.31,1576.62,0.02,10.72,17379.36,1
2025-04-28,2025-04-28 11:02:00,1576.62,1576.93,1576.62,1576.93,0.02,10.72,17379.36,1
2025-04-28,2025-04-28 11:03:00,1576.93,1577.24,1576.93,1577.24,0.02,10.72,17379.36,1
2025-04-28,2025-04-28 11:04:00,1577.24,1577.55,1577.24,1577.55,0.02,10.72,17379.36,1
2025-04-28,2025-04-28 11:05:00,1577.55,1577.86,1577.55,1577.86,0.02,10.72,17379.36,1
2025-04-28,2025-04-28 11:06:00,1577.86,1578.17,1577.86,1578.17,0.02,10.72,17379.36,1
2025-04-28,2025-04-28 11:07:00,1578.17,1578.48,1578.17,1578.48,0.02,10.72,17379.36,1
2025-04-28,2025-04-28 11:08:00,1578.48,1578.79,1578.48,1578.79,0.02,10.72,17379.36,1
2025-04-28,2025-04-28 11:09:00,1578.79,1579.1,1578.79,1579.1,0.02,10.72,17379.36,1
2025-04-28,2025-04-28 11:10:00,1579.1,1579.41,1579.1,1579.41,0.02,10.72,17379.36,1
2025-04-28,2025-04-28 11:11:00,1579.41,1579.72,1579.41,1579.72,0.02,10.72,17379.36,1
2025-04-28,2025-04-28 11:12:00,1579.72,1580.03,1579.72,1580.03,0.02,10.72,17379.36,1
2025-04-28,2025-04-28 11:13:00,1580.03,1580.34,1580.03,1580.34,0.02,10.72,17379.36,1
2025-04-28,2025-04-28 11:14:00,1580.34,1580.65,1580.34,1580.65,0.02,10.72,17379.36,1
2025-04-28,2025-04-28 11:15:00,1580.65,1580.96,1580.65,1580.96,0.02,10.72,17379.36,1
2025-04-28,2025-04-28 11:16:00,1580.96,1581.27,1580.96,1581.27,0.02,10.72,17379.36,1
2025-04-28,2025-04-28 11:17:00,1581.27,1581.58,1581.27,1581.58,0.02,10.72,17379.36,1
2025-04-28,2025-04-28 11:18:00,1581.58,1581.89,1581.58,1581.89,0.02,10.72,17379.36,1
2025-04-28,2025-04-28 11:19:00,1581.89,1582.2,1581.89,1582.2,0.02,10.72,17379.36,1
2025-04-28,2025-04-28 11:20:00,1582.2,1582.51,1582.2,1582.51,0.02,10.72,17379.36,1
2025-04-28,2025-04-28 11:21:00,1582.51,1582.82,1582.51,1582.82,0.02,10.72,17379.36,1
2025-04-28,2025-04-28 11:22:00,1582.82,1583.13,1582.82,1583.13,0.02,10.72,17379.36,1
2025-04-28,2025-04-28 11:23:00,1583.13,1583.44,1583.13,1583.44,0.02,10.72,17379.36,1
2025-04-28,2025-04-28 11:24:00,1583.44,1583.75,1583.44,1583.75,0.02,10.72,17379.36,1
2025-04-28,2025-04-28 11:25:00,1583.75,1584.06,1583.75,1584.06,0.02,10.72,17379.36,1
2025-04-28,2025-04-28 11:26:00,1584.06,1584.37,1584.06,1584.37,0.02,10.72,17379.36,1
2025-04-28,2025-04-28 11:27:00,1584.37,1584.68,1584.37,1584.68,0.02,10.72,17379.36,1
2025-04-28,2025-04-28 11:28:00,1584.68,1584.99,1584.68,1584.99,0.02,10.72,17379.36,1
2025-04-28,2025-04-28 11:29:00,1584.99,1585.3,1584.99,1585.3,0.02,10.72,17379.36,1
2025-04-28,2025-04-28 11:30:00,1585.3,1585.61,1585.3,1585.61,0.02,10.72,17379.36,1
2025-04-28,2025-04-28 11:31:00,1585.61,1585.92,1585.61,1585.92,0.02,10.72,17379.36,1
2025-04-28,2025-04-28 11:32:00,1585.92,1586.23,1585.92,1586.23,0.02,10.72,17379.36,1
2025-04-28,2025-04-28 11:33:00,1586.23,1586.54,1586.23,1586.54,0.02,10.72,17379.36,1
2025-04-28,2025-04-28 11:34:00,1586.54,1586.85,1586.54,1586.85,0.02,10.72,17379.36,1
2025-04-28,2025-04-28 11:35:00,1586.85,1587.16,1586.85,1587.16,0.02,10.72,17379.36,1
2025-04-28,2025-04-28 11:36:00,1587.16,1587.47,1587.16,1587.47,0.02,10.72,17379.36,1
2025-04-28,2025-04-28 11:37:00,1587.47,1587.78,1587.47,1587.78,0.02,10.72,17379.36,1
2025-04-28,2025-04-28 11:38:00,1587.78,1588.09,1587.78,1588.09,0.02,10.72,17379.36,1
2025-04-28,2025-04-28 11:39:00,1588.09,1588.4,1588.09,1588.4,0.02,10.72,17379.36,1
2025-04-28,2025-04-28 11:40:00,1588.4,1588.71,1588.4,1588.71,0.02,10.72,17379.36,1
2025-04-28,2025-04-28 11:41:00,1588.71,1589.02,1588.71,1589.02,0.02,10.72,17379.36,1
2025-04-28,2025-04-28 11:42:00,1589.02,1589.33,1589.02,1589.33,0.02,10.72,17379.36,1
2025-04-28,2025-04-28 11:43:00,1589.33,1589.64,1589.33,1589.64,0.02,10.72,17379.36,1
2025-04-28,2025-04-28 11:44:00,1589.64,1589.95,1589.64,1589.95,0.02,10.72,17379.36,1
2025-04-28,2025-04-28 11:45:00,1589.95,1590.26,1589.95,1590.26,0.02,10.72,17379.36,1
2025-04-28,2025-04-28 11:46:00,1590.26,1590.57,1590.26,1590.57,0.02,10.72,17379.36,1
2025-04-28,2025-04-28 11:47:00,1590.57,1590.88,1590.57,1590.88,0.02,10.72,17379.36,1
2025-04-28,2025-04-28 11:48:00,1590.88,1591.19,1590.88,1591.19,0.02,10.72,17379.36,1
2025-04-28,2025-04-28 11:49:00,1591.19,1591.5,1591.19,1591.5,0.02,10.72,17379.36,1
2025-04-28,2025-04-28 11:50:00,1591.5,1591.81,1591.5,1591.81,0.02,10.72,17379.36,1
2025-04-28,2025-04-28 11:51:00,1591.81,1592.12,1591.81,1592.12,0.02,10.72,17379.36,1
2025-04-28,2025-04-28 11:52:00,1592.12,1592.43,1592.12,1592.43,0.02,10.72,17379.36,1
2025-04-28,2025-04-28 11:53:00,1592.43,1592.74,1592.43,1592.74,0.02,10.72,17379.36,1
2025-04-28,2025-04-28 11:54:00,1592.74,1593.05,1592.74,1593.05,0.02,10.72,17379.36,1
2025-04-28,2025-04-28 11:55:00,1593.05,1593.36,1593.05,1593.36,0.02,10.72,17379.36,1
2025-04-28,2025-04-28 11:56:00,1593.36,1593.67,1593.36,1593.67,0.02,10.72,17379.36,1
2025-04-28,2025-04-28 11:57:00,1593.67,1593.98,1593.67,1593.98,0.02,10.72,17379.36,1
2025-04-28,2025-04-28 11:58:00,1593.98,1594.29,1593.98,1594.29,0.02,10.72,17379.36,1
2025-04-28,2025-04-28 11:59:00,1594.29,1594.6,1594.29,1594.6,0.02,10.72,17379.36,1
2025-04-28,2025-04-28 12:00:00,1594.6,1594.91,1594.6,1594.91,0.02,10.72,17379.36,1
2025-04-28,2025-04-28 12:01:00,1594.91,1595.22,1594.91,1595.22,0.02,10.72,17379.36,1
2025-04-28,2025-04-28 12:02:00,1595.22,1595.53,1595.22,1595.53,0.02,10.72,17379.36,1
2025-04-28,2025-04-28 12:03:00,1595.53,1595.84,1595.53,1595.84,0.02,10.72,17379.36,1
2025-04-28,2025-04-28 12:04:00,1595.84,1596.15,1595.84,1596.15,0.02,10.72,17379.36,1
2025-04-28,2025-04-28 12:05:00,1596.15,1596.46,1596.15,1596.46,0.02,10.72,17379.36,1
2025-04-28,2025-04-28 12:06:00,1596.46,1596.77,1596.46,1596.77,0.02,10.72,17379.36,1
2025-04-28,2025-04-28 12:07:00,1596.77,1597.08,1596.77,1597.08,0.02,10.72,17379.36,1
2025-04-28,2025-04-28 12:08:00,1597.08,1597.39,1597.08,1597.39,0.02,10.72,17379.36,1
2025-04-28,2025-04-28 12:09:00,1597.39,1597.7,1597.39,1597.7,0.02,10.72,17379.36,1
2025-04-28,2025-04-28 12:10:00,1597.7,1598.01,1597.7,1598.01,0.02,10.72,17379.36,1
2025-04-28,2025-04-28 12:11:00,1598.01,1598.32,1598.01,1598.32,0.02,10.72,17379.36,1
2025-04-28,2025-04-28 12:12:00,1598.32,1598.63,1598.32,1598.63,0.02,10.72,17379.36,1
2025-04-28,2025-04-28 12:13:00,1598.63,1598.94,1598.63,1598.94,0.02,10.72,17379.36,1
2025-04-28,2025-04-28 12:14:00,1598.94,1599.25,1598.94,1599.25,0.02,10.72,17379.36,1
2025-04-28,2025-04-28 12:15:00,1599.25,1599.56,1599.25,1599.56,0.02,10.72,17379.36,1
2025-04-28,2025-04-28 12:16:00,1599.56,1599.87,1599.56,1599.87,0.02,10.72,17379.36,1
2025-04-28,2025-04-28 12:17:00,1599.87,1600.18,1599.87,1600.18,0.02,10.72,17379.36,1
2025-04-28,2025-04-28 12:18:00,1600.18,1600.49,1600.18,1600.49,0.02,10.72,17379.36,1
2025-04-28,2025-04-28 12:19:00,1600.49,1600.8,1600.49,1600.8,0.02,10.72,17379.36,1
2025-04-28,2025-04-28 12:20:00,1600.8,1601.11,1600.8,1601.11,0.02,10.72,17379.36,1
2025-04-28,2025-04-28 12:21:00,1601.11,1601.42,1601.11,1601.42,0.02,10.72,17379.36,1
2025-04-28,2025-04-28 12:22:00,1601.42,1601.73,1601.42,1601.73,0.02,10.72,17379.36,1
2025-04-28,2025-04-28 12:23:00,1601.73,1602.04,1601.73,1602.04,0.02,10.72,17379.36,1
2025-04-28,2025-04-28 12:24:00,1602.04,1602.35,1602.04,1602.35,0.02,10.72,17379.36,1
2025-04-28,2025-04-28 12:25:00,1602.35,1602.66,1602.35,1602.66,0.02,10.72,17379.36,1
2025-04-28,2025-04-28 12:26:00,1602.66,1602.97,1602.66,1602.97,0.02,10.72,17379.36,1
2025-04-28,2025-04-28 12:27:00,1602.97,1603.28,1602.97,1603.28,0.02,10.72,17379.36,1
2025-04-28,2025-04-28 12:28:00,1603.28,1603.59,1603.28,1603.59,0.02,10.72,17379.36,1
2025-04-28,2025-04-28 12:29:00,1603.59,1603.9,1603.59,1603.9,0.02,10.72,17379.36,1
2025-04-28,2025-04-28 12:30:00,1603.9,1604.21,1603.9,1604.21,0.02,10.72,17379.36,1
2025-04-28,2025-04-28 12:31:00,1604.21,1604.52,1604.21,1604.52,0.02,10.72,17379.36,1
2025-04-28,2025-04-28 12:32:00,1604.52,1604.83,1604.52,1604.83,0.02,10.72,17379.36,1
2025-04-28,2025-04-28 12:33:00,1604.83,1605.14,1604.83,1605.14,0.02,10.72,17379.36,1
2025-04-28,2025-04-28 12:34:00,1605.14,1605.45,1605.14,1605.45,0.02,10.72,17379.36,1
2025-04-28,2025-04-28 12:35:00,1605.45,1605.76,1605.45,1605.76,0.02,10.72,17379.36,1
2025-04-28,2025-04-28 12:36:00,1605.76,1606.07,1605.76,1606.07,0.02,10.72,17379.36,1
2025-04-28,2025-04-28 12:37:00,1606.07,1606.38,1606.07,1606.38,0.02,10.72,17379.36,1
2025-04-28,2025-04-28 12:38:00,1606.38,1606.69,1606.38,1606.69,0.02,10.72,17379.36,1
2025-04-28,2025-04-28 12:39:00,1606.69,1607.0,1606.69,1607.0,0.02,10.72,17379.36,1
2025-04-28,2025-04-28 12:40:00,1607.0,1607.31,1607.0,1607.31,0.02,10.72,17379.36,1
2025-04-28,2025-04-28 12:41:00,1607.31,1607.62,1607.31,1607.62,0.02,10.72,17379.36,1
2025-04-28,2025-04-28 12:42:00,1607.62,1607.93,1607.62,1607.93,0.02,10.72,17379.36,1
2025-04-28,2025-04-28 12:43:00,1607.93,1608.24,1607.93,1608.24,0.02,10.72,17379.36,1
2025-04-28,2025-04-28 12:44:00,1608.24,1608.55,1608.24,1608.55,0.02,10.72,17379.36,1
2025-04-28,2025-04-28 12:45:00,1608.55,1608.86,1608.55,1608.86,0.02,10.72,17379.36,1
2025-04-28,2025-04-28 12:46:00,1608.86,1609.17,1608.86,1609.17,0.02,10.72,17379.36,1
2025-04-28,2025-04-28 12:47:00,1609.17,1609.48,1609.17,1609.48,0.02,10.72,17379.36,1
2025-04-28,2025-04-28 12:48:00,1609.48,1609.79,1609.48,1609.79,0.02,10.72,17379.36,1
2025-04-28,2025-04-28 12:49:00,1609.79,1610.1,1609.79,1610.1,0.02,10.72,17379.36,1
2025-04-28,2025-04-28 12:50:00,1610.1,1610.41,1610.1,1610.41,0.02,10.72,17379.36,1
2025-04-28,2025-04-28 12:51:00,1610.41,1610.72,1610.41,1610.72,0.02,10.72,17379.36,1
2025-04-28,2025-04-28 12:52:00,1610.72,1611.03,1610.72,1611.03,0.02,10.72,17379.36,1
2025-04-28,2025-04-28 12:53:00,1611.03,1611.34,1611.03,1611.34,0.02,10.72,17379.36,1
2025-04-28,2025-04-28 12:54:00,1611.34,1611.65,1611.34,1611.65,0.02,10.72,17379.36,1
2025-04-28,2025-04-28 12:55:00,1611.65,1611.96,1611.65,1611.96,0.02,10.72,17379.36,1
2025-04-28,2025-04-28 12:56:00,1611.96,1612.27,1611.96,1612.27,0.02,10.72,17379.36,1
2025-04-28,2025-04-28 12:57:00,1612.27,1612.58,1612.27,1612.58,0.02,10.72,17379.36,1
2025-04-28,2025-04-28 12:58:00,1612.58,1612.89,1612.58,1612.89,0.02,10.72,17379.36,1
2025-04-28,2025-04-28 12:59:00,1612.89,1613.2,1612.89,1613.2,0.02,10.72,17379.36,1
2025-04-28,2025-04-28 13:00:00,1613.2,1725.0,1566.3,1613.52,0.02,10.72,17379.36,1
2025-04-28,2025-04-28 13:01:00,1613.52,1613.83,1613.52,1613.83,0.02,10.72,17379.36,1
2025-04-28,2025-04-28 13:02:00,1613.83,1614.14,1613.83,1614.14,0.02,10.72,17379.36,1
2025-04-28,2025-04-28 13:03:00,1614.14,1614.45,1614.14,1614.45,0.02,10.72,17379.36,1
2025-04-28,2025-04-28 13:04:00,1614.45,1614.76,1614.45,1614.76,0.02,10.72,17379.36,1
2025-04-28,2025-04-28 13:05:00,1614.76,1615.07,1614.76,1615.07,0.02,10.72,17379.36,1
2025-04-28,2025-04-28 13:06:00,1615.07,1615.38,1615.07,1615.38,0.02,10.72,17379.36,1
2025-04-28,2025-04-28 13:07:00,1615.38,1615.69,1615.38,1615.69,0.02,10.72,17379.36,1
2025-04-28,2025-04-28 13:08:00,1615.69,1616.0,1615.69,1616.0,0.02,10.72,17379.36,1
2025-04-28,2025-04-28 13:09:00,1616.0,1616.31,1616.0,1616.31,0.02,10.72,17379.36,1
2025-04-28,2025-04-28 13:10:00,1616.31,1616.62,1616.31,1616.62,0.02,10.72,17379.36,1
2025-04-28,2025-04-28 13:11:00,1616.62,1616.93,1616.62,1616.93,0.02,10.72,17379.36,1
2025-04-28,2025-04-28 13:12:00,1616.93,1617.24,1616.93,1617.24,0.02,10.72,17379.36,1
2025-04-28,2025-04-28 13:13:00,1617.24,1617.55,1617.24,1617.55,0.02,10.72,17379.36,1
2025-04-28,2025-04-28 13:14:00,1617.55,1617.86,1617.55,1617.86,0.02,10.72,17379.36,1
2025-04-28,2025-04-28 13:15:00,1617.86,1618.17,1617.86,1618.17,0.02,10.72,17379.36,1
2025-04-28,2025-04-28 13:16:00,1618.17,1618.48,1618.17,1618.48,0.02,10.72,17379.36,1
2025-04-28,2025-04-28 13:17:00,1618.48,1618.79,1618.48,1618.79,0.02,10.72,17379.36,1
2025-04-28,2025-04-28 13:18:00,1618.79,1619.1,1618.79,1619.1,0.02,10.72,17379.36,1
2025-04-28,2025-04-28 13:19:00,1619.1,1619.41,1619.1,1619.41,0.02,10.72,17379.36,1
2025-04-28,2025-04-28 13:20:00,1619.41,1619.72,1619.41,1619.72,0.02,10.72,17379.36,1
2025-04-28,2025-04-28 13:21:00,1619.72,1620.03,1619.72,1620.03,0.02,10.72,17379.36,1
2025-04-28,2025-04-28 13:22:00,1620.03,1620.34,1620.03,1620.34,0.02,10.72,17379.36,1
2025-04-28,2025-04-28 13:23:00,1620.34,1620.65,1620.34,1620.65,0.02,10.72,17379.36,1
2025-04-28,2025-04-28 13:24:00,1620.65,1620.96,1620.65,1620.96,0.02,10.72,17379.36,1
2025-04-28,2025-04-28 13:25:00,1620.96,1621.27,1620.96,1621.27,0.02,10.72,17379.36,1
2025-04-28,2025-04-28 13:26:00,1621.27,1621.58,1621.27,1621.58,0.02,10.72,17379.36,1
2025-04-28,2025-04-28 13:27:00,1621.58,1621.89,1621.58,1621.89,0.02,10.72,17379.36,1
2025-04-28,2025-04-28 13:28:00,1621.89,1622.2,1621.89,1622.2,0.02,10.72,17379.36,1
2025-04-28,2025-04-28 13:29:00,1622.2,1622.51,1622.2,1622.51,0.02,10.72,17379.36,1
2025-04-28,2025-04-28 13:30:00,1622.51,1622.82,1622.51,1622.82,0.02,10.72,17379.36,1
2025-04-28,2025-04-28 13:31:00,1622.82,1623.13,1622.82,1623.13,0.02,10.72,17379.36,1
2025-04-28,2025-04-28 13:32:00,1623.13,1623.44,1623.13,1623.44,0.02,10.72,17379.36,1
2025-04-28,2025-04-28 13:33:00,1623.44,1623.75,1623.44,1623.75,0.02,10.72,17379.36,1
2025-04-28,2025-04-28 13:34:00,1623.75,1624.06,1623.75,1624.06,0.02,10.72,17379.36,1
2025-04-28,2025-04-28 13:35:00,1624.06,1624.37,1624.06,1624.37,0.02,10.72,17379.36,1
2025-04-28,2025-04-28 13:36:00,1624.37,1624.68,1624.37,1624.68,0.02,10.72,17379.36,1
2025-04-28,2025-04-28 13:37:00,1624.68,1624.99,1624.68,1624.99,0.02,10.72,17379.36,1
2025-04-28,2025-04-28 13:38:00,1624.99,1625.3,1624.99,1625.3,0.02,10.72,17379.36,1
2025-04-28,2025-04-28 13:39:00,1625.3,1625.61,1625.3,1625.61,0.02,10.72,17379.36,1
2025-04-28,2025-04-28 13:40:00,1625.61,1625.92,1625.61,1625.92,0.02,10.72,17379.36,1
2025-04-28,2025-04-28 13:41:00,1625.92,1626.23,1625.92,1626.23,0.02,10.72,17379.36,1
2025-04-28,2025-04-28 13:42:00,1626.23,1626.54,1626.23,1626.54,0.02,10.72,17379.36,1
2025-04-28,2025-04-28 13:43:00,1626.54,1626.85,1626.54,1626.85,0.02,10.72,17379.36,1
2025-04-28,2025-04-28 13:44:00,1626.85,1627.16,1626.85,1627.16,0.02,10.72,17379.36,1
2025-04-28,2025-04-28 13:45:00,1627.16,1627.47,1627.16,1627.47,0.02,10.72,17379.36,1
2025-04-28,2025-04-28 13:46:00,1627.47,1627.78,1627.47,1627.78,0.02,10.72,17379.36,1
2025-04-28,2025-04-28 13:47:00,1627.78,1628.09,1627.78,1628.09,0.02,10.72,17379.36,1
2025-04-28,2025-04-28 13:48:00,1628.09,1628.4,1628.09,1628.4,0.02,10.72,17379.36,1
2025-04-28,2025-04-28 13:49:00,1628.4,1628.71,1628.4,1628.71,0.02,10.72,17379.36,1
2025-04-28,2025-04-28 13:50:00,1628.71,1629.02,1628.71,1629.02,0.02,10.72,17379.36,1
2025-04-28,2025-04-28 13:51:00,1629.02,1629.33,1629.02,1629.33,0.02,10.72,17379.36,1
2025-04-28,2025-04-28 13:52:00,1629.33,1629.64,1629.33,1629.64,0.02,10.72,17379.36,1
2025-04-28,2025-04-28 13:53:00,1629.64,1629.95,1629.64,1629.95,0.02,10.72,17379.36,1
2025-04-28,2025-04-28 13:54:00,1629.95,1630.26,1629.95,1630.26,0.02,10.72,17379.36,1
2025-04-28,2025-04-28 13:55:00,1630.26,1630.57,1630.26,1630.57,0.02,10.72,17379.36,1
2025-04-28,2025-04-28 13:56:00,1630.57,1630.88,1630.57,1630.88,0.02,10.72,17379.36,1
2025-04-28,2025-04-28 13:57:00,1630.88,1631.19,1630.88,1631.19,0.02,10.72,17379.36,1
2025-04-28,2025-04-28 13:58:00,1631.19,1631.5,1631.19,1631.5,0.02,10.72,17379.36,1
2025-04-28,2025-04-28 13:59:00,1631.5,1631.81,1631.5,1631.81,0.02,10.72,17379.36,1
2025-04-28,2025-04-28 14:00:00,1631.81,1632.12,1631.81,1632.12,0.02,10.72,17379.36,1
2025-04-28,2025-04-28 14:01:00,1632.12,1632.43,1632.12,1632.43,0.02,10.72,17379.36,1
2025-04-28,2025-04-28 14:02:00,1632.43,1632.74,1632.43,1632.74,0.02,10.72,17379.36,1
2025-04-28,2025-04-28 14:03:00,1632.74,1633.05,1632.74,1633.05,0.02,10.72,17379.36,1
2025-04-28,2025-04-28 14:04:00,1633.05,1633.36,1633.05,1633.36,0.02,10.72,17379.36,1
2025-04-28,2025-04-28 14:05:00,1633.36,1633.67,1633.36,1633.67,0.02,10.72,17379.36,1
2025-04-28,2025-04-28 14:06:00,1633.67,1633.98,1633.67,1633.98,0.02,10.72,17379.36,1
2025-04-28,2025-04-28 14:07:00,1633.98,1634.29,1633.98,1634.29,0.02,10.72,17379.36,1
2025-04-28,2025-04-28 14:08:00,1634.29,1634.6,1634.29,1634.6,0.02,10.72,17379.36,1
2025-04-28,2025-04-28 14:09:00,1634.6,1634.91,1634.6,1634.91,0.02,10.72,17379.36,1
2025-04-28,2025-04-28 14:10:00,1634.91,1635.22,1634.91,1635.22,0.02,10.72,17379.36,1
2025-04-28,2025-04-28 14:11:00,1635.22,1635.53,1635.22,1635.53,0.02,10.72,17379.36,1
2025-04-28,2025-04-28 14:12:00,1635.53,1635.84,1635.53,1635.84,0.02,10.72,17379.36,1
2025-04-28,2025-04-28 14:13:00,1635.84,1636.15,1635.84,1636.15,0.02,10.72,17379.36,1
2025-04-28,2025-04-28 14:14:00,1636.15,1636.46,1636.15,1636.46,0.02,10.72,17379.36,1
2025-04-28,2025-04-28 14:15:00,1636.46,1636.77,1636.46,1636.77,0.02,10.72,17379.36,1
2025-04-28,2025-04-28 14:16:00,1636.77,1637.08,1636.77,1637.08,0.02,10.72,17379.36,1
2025-04-28,2025-04-28 14:17:00,1637.08,1637.39,1637.08,1637.39,0.02,10.72,17379.36,1
2025-04-28,2025-04-28 14:18:00,1637.39,1637.7,1637.39,1637.7,0.02,10.72,17379.36,1
2025-04-28,2025-04-28 14:19:00,1637.7,1638.01,1637.7,1638.01,0.02,10.72,17379.36,1
2025-04-28,2025-04-28 14:20:00,1638.01,1638.32,1638.01,1638.32,0.02,10.72,17379.36,1
2025-04-28,2025-04-28 14:21:00,1638.32,1638.63,1638.32,1638.63,0.02,10.72,17379.36,1
2025-04-28,2025-04-28 14:22:00,1638.63,1638.94,1638.63,1638.94,0.02,10.72,17379.36,1
2025-04-28,2025-04-28 14:23:00,1638.94,1639.25,1638.94,1639.25,0.02,10.72,17379.36,1
2025-04-28,2025-04-28 14:24:00,1639.25,1639.56,1639.25,1639.56,0.02,10.72,17379.36,1
2025-04-28,2025-04-28 14:25:00,1639.56,1639.87,1639.56,1639.87,0.02,10.72,17379.36,1
2025-04-28,2025-04-28 14:26:00,1639.87,1640.18,1639.87,1640.18,0.02,10.72,17379.36,1
2025-04-28,2025-04-28 14:27:00,1640.18,1640.49,1640.18,1640.49,0.02,10.72,17379.36,1
2025-04-28,2025-04-28 14:28:00,1640.49,1640.8,1640.49,1640.8,0.02,10.72,17379.36,1
2025-04-28,2025-04-28 14:29:00,1640.8,1641.11,1640.8,1641.11,0.02,10.72,17379.36,1
2025-04-28,2025-04-28 14:30:00,1641.11,1641.42,1641.11,1641.42,0.02,10.72,17379.36,1
2025-04-28,2025-04-28 14:31:00,1641.42,1641.73,1641.42,1641.73,0.02,10.72,17379.36,1
2025-04-28,2025-04-28 14:32:00,1641.73,1642.04,1641.73,1642.04,0.02,10.72,17379.36,1
2025-04-28,2025-04-28 14:33:00,1642.04,1642.35,1642.04,1642.35,0.02,10.72,17379.36,1
2025-04-28,2025-04-28 14:34:00,1642.35,1642.66,1642.35,1642.66,0.02,10.72,17379.36,1
2025-04-28,2025-04-28 14:35:00,1642.66,1642.97,1642.66,1642.97,0.02,10.72,17379.36,1
2025-04-28,2025-04-28 14:36:00,1642.97,1643.28,1642.97,1643.28,0.02,10.72,17379.36,1
2025-04-28,2025-04-28 14:37:00,1643.28,1643.59,1643.28,1643.59,0.02,10.72,17379.36,1
2025-04-28,2025-04-28 14:38:00,1643.59,1643.9,1643.59,1643.9,0.02,10.72,17379.36,1
2025-04-28,2025-04-28 14:39:00,1643.9,1644.21,1643.9,1644.21,0.02,10.72,17379.36,1
2025-04-28,2025-04-28 14:40:00,1644.21,1644.52,1644.21,1644.52,0.02,10.72,17379.36,1
2025-04-28,2025-04-28 14:41:00,1644.52,1644.83,1644.52,1644.83,0.02,10.72,17379.36,1
2025-04-28,2025-04-28 14:42:00,1644.83,1645.14,1644.83,1645.14,0.02,10.72,17379.36,1
2025-04-28,2025-04-28 14:43:00,1645.14,1645.45,1645.14,1645.45,0.02,10.72,17379.36,1
2025-04-28,2025-04-28 14:44:00,1645.45,1645.76,1645.45,1645.76,0.02,10.72,17379.36,1
2025-04-28,2025-04-28 14:45:00,1645.76,1646.07,1645.76,1646.07,0.02,10.72,17379.36,1
2025-04-28,2025-04-28 14:46:00,1646.07,1646.38,1646.07,1646.38,0.02,10.72,17379.36,1
2025-04-28,2025-04-28 14:47:00,1646.38,1646.69,1646.38,1646.69,0.02,10.72,17379.36,1
2025-04-28,2025-04-28 14:48:00,1646.69,1647.0,1646.69,1647.0,0.02,10.72,17379.36,1
2025-04-28,2025-04-28 14:49:00,1647.0,1647.31,1647.0,1647.31,0.02,10.72,17379.36,1
2025-04-28,2025-04-28 14:50:00,1647.31,1647.62,1647.31,1647.62,0.02,10.72,17379.36,1
2025-04-28,2025-04-28 14:51:00,1647.62,1647.93,1647.62,1647.93,0.02,10.72,17379.36,1
2025-04-28,2025-04-28 14:52:00,1647.93,1648.24,1647.93,1648.24,0.02,10.72,17379.36,1
2025-04-28,2025-04-28 14:53:00,1648.24,1648.55,1648.24,1648.55,0.02,10.72,17379.36,1
2025-04-28,2025-04-28 14:54:00,1648.55,1648.86,1648.55,1648.86,0.02,10.72,17379.36,1
2025-04-28,2025-04-28 14:55:00,1648.86,1649.17,1648.86,1649.17,0.02,10.72,17379.36,1
2025-04-28,2025-04-28 14:56:00,1649.17,1649.48,1649.17,1649.48,0.02,10.72,17379.36,1
2025-04-28,2025-04-28 14:57:00,1649.48,1649.79,1649.48,1649.79,0.02,10.72,17379.36,1
2025-04-28,2025-04-28 14:58:00,1649.79,1650.1,1649.79,1650.1,0.02,10.72,17379.36,1
2025-04-28,2025-04-28 14:59:00,1650.1,1650.41,1650.1,1650.41,0.02,10.72,17379.36,1
2025-04-28,2025-04-28 15:00:00,1650.41,1725.0,1566.3,1650.41,0.0,10.72,17379.36,0
2025-04-29,2025-04-29 11:00:00,1625.0,1625.0,1605.8,1624.84,-0.01,11.33,18043.72,-1
2025-04-29,2025-04-29 11:01:00,1624.84,1624.84,1624.68,1624.68,-0.01,11.33,18043.72,-1
2025-04-29,2025-04-29 11:02:00,1624.68,1624.68,1624.52,1624.52,-0.01,11.33,18043.72,-1
2025-04-29,2025-04-29 11:03:00,1624.52,1624.52,1624.36,1624.36,-0.01,11.33,18043.72,-1
2025-04-29,2025-04-29 11:04:00,1624.36,1624.36,1624.2,1624.2,-0.01,11.33,18043.72,-1
2025-04-29,2025-04-29 11:05:00,1624.2,1624.2,1624.04,1624.04,-0.01,11.33,18043.72,-1
2025-04-29,2025-04-29 11:06:00,1624.04,1624.04,1623.88,1623.88,-0.01,11.33,18043.72,-1
2025-04-29,2025-04-29 11:07:00,1623.88,1623.88,1623.72,1623.72,-0.01,11.33,18043.72,-1
2025-04-29,2025-04-29 11:08:00,1623.72,1623.72,1623.56,1623.56,-0.01,11.33,18043.72,-1
2025-04-29,2025-04-29 11:09:00,1623.56,1623.56,1623.39,1623.39,-0.01,11.33,18043.72,-1
2025-04-29,2025-04-29 11:10:00,1623.39,1623.39,1623.23,1623.23,-0.01,11.33,18043.72,-1
2025-04-29,2025-04-29 11:11:00,1623.23,1623.23,1623.07,1623.07,-0.01,11.33,18043.72,-1
2025-04-29,2025-04-29 11:12:00,1623.07,1623.07,1622.91,1622.91,-0.01,11.33,18043.72,-1
2025-04-29,2025-04-29 11:13:00,1622.91,1622.91,1622.75,1622.75,-0.01,11.33,18043.72,-1
2025-04-29,2025-04-29 11:14:00,1622.75,1622.75,1622.59,1622.59,-0.01,11.33,18043.72,-1
2025-04-29,2025-04-29 11:15:00,1622.59,1622.59,1622.43,1622.43,-0.01,11.33,18043.72,-1
2025-04-29,2025-04-29 11:16:00,1622.43,1622.43,1622.27,1622.27,-0.01,11.33,18043.72,-1
2025-04-29,2025-04-29 11:17:00,1622.27,1622.27,1622.11,1622.11,-0.01,11.33,18043.72,-1
2025-04-29,2025-04-29 11:18:00,1622.11,1622.11,1621.95,1621.95,-0.01,11.33,18043.72,-1
2025-04-29,2025-04-29 11:19:00,1621.95,1621.95,1621.79,1621.79,-0.01,11.33,18043.72,-1
2025-04-29,2025-04-29 11:20:00,1621.79,1621.79,1621.63,1621.63,-0.01,11.33,18043.72,-1
2025-04-29,2025-04-29 11:21:00,1621.63,1621.63,1621.47,1621.47,-0.01,11.33,18043.72,-1
2025-04-29,2025-04-29 11:22:00,1621.47,1621.47,1621.31,1621.31,-0.01,11.33,18043.72,-1
2025-04-29,2025-04-29 11:23:00,1621.31,1621.31,1621.15,1621.15,-0.01,11.33,18043.72,-1
2025-04-29,2025-04-29 11:24:00,1621.15,1621.15,1620.99,1620.99,-0.01,11.33,18043.72,-1
2025-04-29,2025-04-29 11:25:00,1620.99,1620.99,1620.83,1620.83,-0.01,11.33,18043.72,-1
2025-04-29,2025-04-29 11:26:00,1620.83,1620.83,1620.67,1620.67,-0.01,11.33,18043.72,-1
2025-04-29,2025-04-29 11:27:00,1620.67,1620.67,1620.51,1620.51,-0.01,11.33,18043.72,-1
2025-04-29,2025-04-29 11:28:00,1620.51,1620.51,1620.35,1620.35,-0.01,11.33,18043.72,-1
2025-04-29,2025-04-29 11:29:00,1620.35,1620.35,1620.18,1620.18,-0.01,11.33,18043.72,-1
2025-04-29,2025-04-29 11:30:00,1620.18,1620.18,1620.02,1620.02,-0.01,11.33,18043.72,-1
2025-04-29,2025-04-29 11:31:00,1620.02,1620.02,1619.86,1619.86,-0.01,11.33,18043.72,-1
2025-04-29,2025-04-29 11:32:00,1619.86,1619.86,1619.7,1619.7,-0.01,11.33,18043.72,-1
2025-04-29,2025-04-29 11:33:00,1619.7,1619.7,1619.54,1619.54,-0.01,11.33,18043.72,-1
2025-04-29,2025-04-29 11:34:00,1619.54,1619.54,1619.38,1619.38,-0.01,11.33,18043.72,-1
2025-04-29,2025-04-29 11:35:00,1619.38,1619.38,1619.22,1619.22,-0.01,11.33,18043.72,-1
2025-04-29,2025-04-29 11:36:00,1619.22,1619.22,1619.06,1619.06,-0.01,11.33,18043.72,-1
2025-04-29,2025-04-29 11:37:00,1619.06,1619.06,1618.9,1618.9,-0.01,11.33,18043.72,-1
2025-04-29,2025-04-29 11:38:00,1618.9,1618.9,1618.74,1618.74,-0.01,11.33,18043.72,-1
2025-04-29,2025-04-29 11:39:00,1618.74,1618.74,1618.58,1618.58,-0.01,11.33,18043.72,-1
2025-04-29,2025-04-29 11:40:00,1618.58,1618.58,1618.42,1618.42,-0.01,11.33,18043.72,-1
2025-04-29,2025-04-29 11:41:00,1618.42,1618.42,1618.26,1618.26,-0.01,11.33,18043.72,-1
2025-04-29,2025-04-29 11:42:00,1618.26,1618.26,1618.1,1618.1,-0.01,11.33,18043.72,-1
2025-04-29,2025-04-29 11:43:00,1618.1,1618.1,1617.94,1617.94,-0.01,11.33,18043.72,-1
2025-04-29,2025-04-29 11:44:00,1617.94,1617.94,1617.78,1617.78,-0.01,11.33,18043.72,-1
2025-04-29,2025-04-29 11:45:00,1617.78,1617.78,1617.62,1617.62,-0.01,11.33,18043.72,-1
2025-04-29,2025-04-29 11:46:00,1617.62,1617.62,1617.46,1617.46,-0.01,11.33,18043.72,-1
2025-04-29,2025-04-29 11:47:00,1617.46,1617.46,1617.3,1617.3,-0.01,11.33,18043.72,-1
2025-04-29,2025-04-29 11:48:00,1617.3,1617.3,1617.14,1617.14,-0.01,11.33,18043.72,-1
2025-04-29,2025-04-29 11:49:00,1617.14,1617.14,1616.97,1616.97,-0.01,11.33,18043.72,-1
2025-04-29,2025-04-29 11:50:00,1616.97,1616.97,1616.81,1616.81,-0.01,11.33,18043.72,-1
2025-04-29,2025-04-29 11:51:00,1616.81,1616.81,1616.65,1616.65,-0.01,11.33,18043.72,-1
2025-04-29,2025-04-29 11:52:00,1616.65,1616.65,1616.49,1616.49,-0.01,11.33,18043.72,-1
2025-04-29,2025-04-29 11:53:00,1616.49,1616.49,1616.33,1616.33,-0.01,11.33,18043.72,-1
2025-04-29,2025-04-29 11:54:00,1616.33,1616.33,1616.17,1616.17,-0.01,11.33,18043.72,-1
2025-04-29,2025-04-29 11:55:00,1616.17,1616.17,1616.01,1616.01,-0.01,11.33,18043.72,-1
2025-04-29,2025-04-29 11:56:00,1616.01,1616.01,1615.85,1615.85,-0.01,11.33,18043.72,-1
2025-04-29,2025-04-29 11:57:00,1615.85,1615.85,1615.69,1615.69,-0.01,11.33,18043.72,-1
2025-04-29,2025-04-29 11:58:00,1615.69,1615.69,1615.53,1615.53,-0.01,11.33,18043.72,-1
2025-04-29,2025-04-29 11:59:00,1615.53,1615.53,1615.37,1615.37,-0.01,11.33,18043.72,-1
2025-04-29,2025-04-29 12:00:00,1615.37,1615.37,1615.21,1615.21,-0.01,11.33,18043.72,-1
2025-04-29,2025-04-29 12:01:00,1615.21,1615.21,1615.05,1615.05,-0.01,11.33,18043.72,-1
2025-04-29,2025-04-29 12:02:00,1615.05,1615.05,1614.89,1614.89,-0.01,11.33,18043.72,-1
2025-04-29,2025-04-29 12:03:00,1614.89,1614.89,1614.73,1614.73,-0.01,11.33,18043.72,-1
2025-04-29,2025-04-29 12:04:00,1614.73,1614.73,1614.57,1614.57,-0.01,11.33,18043.72,-1
2025-04-29,2025-04-29 12:05:00,1614.57,1614.57,1614.41,1614.41,-0.01,11.33,18043.72,-1
2025-04-29,2025-04-29 12:06:00,1614.41,1614.41,1614.25,1614.25,-0.01,11.33,18043.72,-1
2025-04-29,2025-04-29 12:07:00,1614.25,1614.25,1614.09,1614.09,-0.01,11.33,18043.72,-1
2025-04-29,2025-04-29 12:08:00,1614.09,1614.09,1613.93,1613.93,-0.01,11.33,18043.72,-1
2025-04-29,2025-04-29 12:09:00,1613.93,1613.93,1613.77,1613.77,-0.01,11.33,18043.72,-1
2025-04-29,2025-04-29 12:10:00,1613.77,1613.77,1613.6,1613.6,-0.01,11.33,18043.72,-1
2025-04-29,2025-04-29 12:11:00,1613.6,1613.6,1613.44,1613.44,-0.01,11.33,18043.72,-1
2025-04-29,2025-04-29 12:12:00,1613.44,1613.44,1613.28,1613.28,-0.01,11.33,18043.72,-1
2025-04-29,2025-04-29 12:13:00,1613.28,1613.28,1613.12,1613.12,-0.01,11.33,18043.72,-1
2025-04-29,2025-04-29 12:14:00,1613.12,1613.12,1612.96,1612.96,-0.01,11.33,18043.72,-1
2025-04-29,2025-04-29 12:15:00,1612.96,1612.96,1612.8,1612.8,-0.01,11.33,18043.72,-1
2025-04-29,2025-04-29 12:16:00,1612.8,1612.8,1612.64,1612.64,-0.01,11.33,18043.72,-1
2025-04-29,2025-04-29 12:17:00,1612.64,1612.64,1612.48,1612.48,-0.01,11.33,18043.72,-1
2025-04-29,2025-04-29 12:18:00,1612.48,1612.48,1612.32,1612.32,-0.01,11.33,18043.72,-1
2025-04-29,2025-04-29 12:19:00,1612.32,1612.32,1612.16,1612.16,-0.01,11.33,18043.72,-1
2025-04-29,2025-04-29 12:20:00,1612.16,1612.16,1612.0,1612.0,-0.01,11.33,18043.72,-1
2025-04-29,2025-04-29 12:21:00,1612.0,1612.0,1611.84,1611.84,-0.01,11.33,18043.72,-1
2025-04-29,2025-04-29 12:22:00,1611.84,1611.84,1611.68,1611.68,-0.01,11.33,18043.72,-1
2025-04-29,2025-04-29 12:23:00,1611.68,1611.68,1611.52,1611.52,-0.01,11.33,18043.72,-1
2025-04-29,2025-04-29 12:24:00,1611.52,1611.52,1611.36,1611.36,-0.01,11.33,18043.72,-1
2025-04-29,2025-04-29 12:25:00,1611.36,1611.36,1611.2,1611.2,-0.01,11.33,18043.72,-1
2025-04-29,2025-04-29 12:26:00,1611.2,1611.2,1611.04,1611.04,-0.01,11.33,18043.72,-1
2025-04-29,2025-04-29 12:27:00,1611.04,1611.04,1610.88,1610.88,-0.01,11.33,18043.72,-1
2025-04-29,2025-04-29 12:28:00,1610.88,1610.88,1610.72,1610.72,-0.01,11.33,18043.72,-1
2025-04-29,2025-04-29 12:29:00,1610.72,1610.72,1610.56,1610.56,-0.01,11.33,18043.72,-1
2025-04-29,2025-04-29 12:30:00,1610.56,1610.56,1610.39,1610.39,-0.01,11.33,18043.72,-1
2025-04-29,2025-04-29 12:31:00,1610.39,1610.39,1610.23,1610.23,-0.01,11.33,18043.72,-1
2025-04-29,2025-04-29 12:32:00,1610.23,1610.23,1610.07,1610.07,-0.01,11.33,18043.72,-1
2025-04-29,2025-04-29 12:33:00,1610.07,1610.07,1609.91,1609.91,-0.01,11.33,18043.72,-1
2025-04-29,2025-04-29 12:34:00,1609.91,1609.91,1609.75,1609.75,-0.01,11.33,18043.72,-1
2025-04-29,2025-04-29 12:35:00,1609.75,1609.75,1609.59,1609.59,-0.01,11.33,18043.72,-1
2025-04-29,2025-04-29 12:36:00,1609.59,1609.59,1609.43,1609.43,-0.01,11.33,18043.72,-1
2025-04-29,2025-04-29 12:37:00,1609.43,1609.43,1609.27,1609.27,-0.01,11.33,18043.72,-1
2025-04-29,2025-04-29 12:38:00,1609.27,1609.27,1609.11,1609.11,-0.01,11.33,18043.72,-1
2025-04-29,2025-04-29 12:39:00,1609.11,1609.11,1608.95,1608.95,-0.01,11.33,18043.72,-1
2025-04-29,2025-04-29 12:40:00,1608.95,1608.95,1608.79,1608.79,-0.01,11.33,18043.72,-1
2025-04-29,2025-04-29 12:41:00,1608.79,1608.79,1608.63,1608.63,-0.01,11.33,18043.72,-1
2025-04-29,2025-04-29 12:42:00,1608.63,1608.63,1608.47,1608.47,-0.01,11.33,18043.72,-1
2025-04-29,2025-04-29 12:43:00,1608.47,1608.47,1608.31,1608.31,-0.01,11.33,18043.72,-1
2025-04-29,2025-04-29 12:44:00,1608.31,1608.31,1608.15,1608.15,-0.01,11.33,18043.72,-1
2025-04-29,2025-04-29 12:45:00,1608.15,1608.15,1607.99,1607.99,-0.01,11.33,18043.72,-1
2025-04-29,2025-04-29 12:46:00,1607.99,1607.99,1607.83,1607.83,-0.01,11.33,18043.72,-1
2025-04-29,2025-04-29 12:47:00,1607.83,1607.83,1607.67,1607.67,-0.01,11.33,18043.72,-1
2025-04-29,2025-04-29 12:48:00,1607.67,1607.67,1607.51,1607.51,-0.01,11.33,18043.72,-1
2025-04-29,2025-04-29 12:49:00,1607.51,1607.51,1607.35,1607.35,-0.01,11.33,18043.72,-1
2025-04-29,2025-04-29 12:50:00,1607.35,1607.35,1607.18,1607.18,-0.01,11.33,18043.72,-1
2025-04-29,2025-04-29 12:51:00,1607.18,1607.18,1607.02,1607.02,-0.01,11.33,18043.72,-1
2025-04-29,2025-04-29 12:52:00,1607.02,1607.02,1606.86,1606.86,-0.01,11.33,18043.72,-1
2025-04-29,2025-04-29 12:53:00,1606.86,1606.86,1606.7,1606.7,-0.01,11.33,18043.72,-1
2025-04-29,2025-04-29 12:54:00,1606.7,1606.7,1606.54,1606.54,-0.01,11.33,18043.72,-1
2025-04-29,2025-04-29 12:55:00,1606.54,1606.54,1606.38,1606.38,-0.01,11.33,18043.72,-1
2025-04-29,2025-04-29 12:56:00,1606.38,1606.38,1606.22,1606.22,-0.01,11.33,18043.72,-1
2025-04-29,2025-04-29 12:57:00,1606.22,1606.22,1606.06,1606.06,-0.01,11.33,18043.72,-1
2025-04-29,2025-04-29 12:58:00,1606.06,1606.06,1605.9,1605.9,-0.01,11.33,18043.72,-1
2025-04-29,2025-04-29 12:59:00,1605.9,1605.9,1605.74,1605.74,-0.01,11.33,18043.72,-1
2025-04-29,2025-04-29 13:00:00,1605.74,1625.0,1561.0,1605.58,-0.01,11.33,18043.72,-1
2025-04-29,2025-04-29 13:01:00,1605.58,1605.58,1605.42,1605.42,-0.01,11.33,18043.72,-1
2025-04-29,2025-04-29 13:02:00,1605.42,1605.42,1605.26,1605.26,-0.01,11.33,18043.72,-1
2025-04-29,2025-04-29 13:03:00,1605.26,1605.26,1605.1,1605.1,-0.01,11.33,18043.72,-1
2025-04-29,2025-04-29 13:04:00,1605.1,1605.1,1604.94,1604.94,-0.01,11.33,18043.72,-1
2025-04-29,2025-04-29 13:05:00,1604.94,1604.94,1604.78,1604.78,-0.01,11.33,18043.72,-1
2025-04-29,2025-04-29 13:06:00,1604.78,1604.78,1604.62,1604.62,-0.01,11.33,18043.72,-1
2025-04-29,2025-04-29 13:07:00,1604.62,1604.62,1604.46,1604.46,-0.01,11.33,18043.72,-1
2025-04-29,2025-04-29 13:08:00,1604.46,1604.46,1604.3,1604.3,-0.01,11.33,18043.72,-1
2025-04-29,2025-04-29 13:09:00,1604.3,1604.3,1604.13,1604.13,-0.01,11.33,18043.72,-1
2025-04-29,2025-04-29 13:10:00,1604.13,1604.13,1603.97,1603.97,-0.01,11.33,18043.72,-1
2025-04-29,2025-04-29 13:11:00,1603.97,1603.97,1603.81,1603.81,-0.01,11.33,18043.72,-1
2025-04-29,2025-04-29 13:12:00,1603.81,1603.81,1603.65,1603.65,-0.01,11.33,18043.72,-1
2025-04-29,2025-04-29 13:13:00,1603.65,1603.65,1603.49,1603.49,-0.01,11.33,18043.72,-1
2025-04-29,2025-04-29 13:14:00,1603.49,1603.49,1603.33,1603.33,-0.01,11.33,18043.72,-1
2025-04-29,2025-04-29 13:15:00,1603.33,1603.33,1603.17,1603.17,-0.01,11.33,18043.72,-1
2025-04-29,2025-04-29 13:16:00,1603.17,1603.17,1603.01,1603.01,-0.01,11.33,18043.72,-1
2025-04-29,2025-04-29 13:17:00,1603.01,1603.01,1602.85,1602.85,-0.01,11.33,18043.72,-1
2025-04-29,2025-04-29 13:18:00,1602.85,1602.85,1602.69,1602.69,-0.01,11.33,18043.72,-1
2025-04-29,2025-04-29 13:19:00,1602.69,1602.69,1602.53,1602.53,-0.01,11.33,18043.72,-1
2025-04-29,2025-04-29 13:20:00,1602.53,1602.53,1602.37,1602.37,-0.01,11.33,18043.72,-1
2025-04-29,2025-04-29 13:21:00,1602.37,1602.37,1602.21,1602.21,-0.01,11.33,18043.72,-1
2025-04-29,2025-04-29 13:22:00,1602.21,1602.21,1602.05,1602.05,-0.01,11.33,18043.72,-1
2025-04-29,2025-04-29 13:23:00,1602.05,1602.05,1601.89,1601.89,-0.01,11.33,18043.72,-1
2025-04-29,2025-04-29 13:24:00,1601.89,1601.89,1601.73,1601.73,-0.01,11.33,18043.72,-1
2025-04-29,2025-04-29 13:25:00,1601.73,1601.73,1601.57,1601.57,-0.01,11.33,18043.72,-1
2025-04-29,2025-04-29 13:26:00,1601.57,1601.57,1601.41,1601.41,-0.01,11.33,18043.72,-1
2025-04-29,2025-04-29 13:27:00,1601.41,1601.41,1601.25,1601.25,-0.01,11.33,18043.72,-1
2025-04-29,2025-04-29 13:28:00,1601.25,1601.25,1601.09,1601.09,-0.01,11.33,18043.72,-1
2025-04-29,2025-04-29 13:29:00,1601.09,1601.09,1600.92,1600.92,-0.01,11.33,18043.72,-1
2025-04-29,2025-04-29 13:30:00,1600.92,1600.92,1600.76,1600.76,-0.01,11.33,18043.72,-1
2025-04-29,2025-04-29 13:31:00,1600.76,1600.76,1600.6,1600.6,-0.01,11.33,18043.72,-1
2025-04-29,2025-04-29 13:32:00,1600.6,1600.6,1600.44,1600.44,-0.01,11.33,18043.72,-1
2025-04-29,2025-04-29 13:33:00,1600.44,1600.44,1600.28,1600.28,-0.01,11.33,18043.72,-1
2025-04-29,2025-04-29 13:34:00,1600.28,1600.28,1600.12,1600.12,-0.01,11.33,18043.72,-1
2025-04-29,2025-04-29 13:35:00,1600.12,1600.12,1599.96,1599.96,-0.01,11.33,18043.72,-1
2025-04-29,2025-04-29 13:36:00,1599.96,1599.96,1599.8,1599.8,-0.01,11.33,18043.72,-1
2025-04-29,2025-04-29 13:37:00,1599.8,1599.8,1599.64,1599.64,-0.01,11.33,18043.72,-1
2025-04-29,2025-04-29 13:38:00,1599.64,1599.64,1599.48,1599.48,-0.01,11.33,18043.72,-1
2025-04-29,2025-04-29 13:39:00,1599.48,1599.48,1599.32,1599.32,-0.01,11.33,18043.72,-1
2025-04-29,2025-04-29 13:40:00,1599.32,1599.32,1599.16,1599.16,-0.01,11.33,18043.72,-1
2025-04-29,2025-04-29 13:41:00,1599.16,1599.16,1599.0,1599.0,-0.01,11.33,18043.72,-1
2025-04-29,2025-04-29 13:42:00,1599.0,1599.0,1598.84,1598.84,-0.01,11.33,18043.72,-1
2025-04-29,2025-04-29 13:43:00,1598.84,1598.84,1598.68,1598.68,-0.01,11.33,18043.72,-1
2025-04-29,2025-04-29 13:44:00,1598.68,1598.68,1598.52,1598.52,-0.01,11.33,18043.72,-1
2025-04-29,2025-04-29 13:45:00,1598.52,1598.52,1598.36,1598.36,-0.01,11.33,18043.72,-1
2025-04-29,2025-04-29 13:46:00,1598.36,1598.36,1598.2,1598.2,-0.01,11.33,18043.72,-1
2025-04-29,2025-04-29 13:47:00,1598.2,1598.2,1598.04,1598.04,-0.01,11.33,18043.72,-1
2025-04-29,2025-04-29 13:48:00,1598.04,1598.04,1597.88,1597.88,-0.01,11.33,18043.72,-1
2025-04-29,2025-04-29 13:49:00,1597.88,1597.88,1597.71,1597.71,-0.01,11.33,18043.72,-1
2025-04-29,2025-04-29 13:50:00,1597.71,1597.71,1597.55,1597.55,-0.01,11.33,18043.72,-1
2025-04-29,2025-04-29 13:51:00,1597.55,1597.55,1597.39,1597.39,-0.01,11.33,18043.72,-1
2025-04-29,2025-04-29 13:52:00,1597.39,1597.39,1597.23,1597.23,-0.01,11.33,18043.72,-1
2025-04-29,2025-04-29 13:53:00,1597.23,1597.23,1597.07,1597.07,-0.01,11.33,18043.72,-1
2025-04-29,2025-04-29 13:54:00,1597.07,1597.07,1596.91,1596.91,-0.01,11.33,18043.72,-1
2025-04-29,2025-04-29 13:55:00,1596.91,1596.91,1596.75,1596.75,-0.01,11.33,18043.72,-1
2025-04-29,2025-04-29 13:56:00,1596.75,1596.75,1596.59,1596.59,-0.01,11.33,18043.72,-1
2025-04-29,2025-04-29 13:57:00,1596.59,1596.59,1596.43,1596.43,-0.01,11.33,18043.72,-1
2025-04-29,2025-04-29 13:58:00,1596.43,1596.43,1596.27,1596.27,-0.01,11.33,18043.72,-1
2025-04-29,2025-04-29 13:59:00,1596.27,1596.27,1596.11,1596.11,-0.01,11.33,18043.72,-1
2025-04-29,2025-04-29 14:00:00,1596.11,1596.11,1595.95,1595.95,-0.01,11.33,18043.72,-1
2025-04-29,2025-04-29 14:01:00,1595.95,1595.95,1595.79,1595.79,-0.01,11.33,18043.72,-1
2025-04-29,2025-04-29 14:02:00,1595.79,1595.79,1595.63,1595.63,-0.01,11.33,18043.72,-1
2025-04-29,2025-04-29 14:03:00,1595.63,1595.63,1595.47,1595.47,-0.01,11.33,18043.72,-1
2025-04-29,2025-04-29 14:04:00,1595.47,1595.47,1595.31,1595.31,-0.01,11.33,18043.72,-1
2025-04-29,2025-04-29 14:05:00,1595.31,1595.31,1595.15,1595.15,-0.01,11.33,18043.72,-1
2025-04-29,2025-04-29 14:06:00,1595.15,1595.15,1594.99,1594.99,-0.01,11.33,18043.72,-1
2025-04-29,2025-04-29 14:07:00,1594.99,1594.99,1594.83,1594.83,-0.01,11.33,18043.72,-1
2025-04-29,2025-04-29 14:08:00,1594.83,1594.83,1594.67,1594.67,-0.01,11.33,18043.72,-1
2025-04-29,2025-04-29 14:09:00,1594.67,1594.67,1594.51,1594.51,-0.01,11.33,18043.72,-1
2025-04-29,2025-04-29 14:10:00,1594.51,1594.51,1594.34,1594.34,-0.01,11.33,18043.72,-1
2025-04-29,2025-04-29 14:11:00,1594.34,1594.34,1594.18,1594.18,-0.01,11.33,18043.72,-1
2025-04-29,2025-04-29 14:12:00,1594.18,1594.18,1594.02,1594.02,-0.01,11.33,18043.72,-1
2025-04-29,2025-04-29 14:13:00,1594.02,1594.02,1593.86,1593.86,-0.01,11.33,18043.72,-1
2025-04-29,2025-04-29 14:14:00,1593.86,1593.86,1593.7,1593.7,-0.01,11.33,18043.72,-1
2025-04-29,2025-04-29 14:15:00,1593.7,1593.7,1593.54,1593.54,-0.01,11.33,18043.72,-1
2025-04-29,2025-04-29 14:16:00,1593.54,1593.54,1593.38,1593.38,-0.01,11.33,18043.72,-1
2025-04-29,2025-04-29 14:17:00,1593.38,1593.38,1593.22,1593.22,-0.01,11.33,18043.72,-1
2025-04-29,2025-04-29 14:18:00,1593.22,1593.22,1593.06,1593.06,-0.01,11.33,18043.72,-1
2025-04-29,2025-04-29 14:19:00,1593.06,1593.06,1592.9,1592.9,-0.01,11.33,18043.72,-1
2025-04-29,2025-04-29 14:20:00,1592.9,1592.9,1592.74,1592.74,-0.01,11.33,18043.72,-1
2025-04-29,2025-04-29 14:21:00,1592.74,1592.74,1592.58,1592.58,-0.01,11.33,18043.72,-1
2025-04-29,2025-04-29 14:22:00,1592.58,1592.58,1592.42,1592.42,-0.01,11.33,18043.72,-1
2025-04-29,2025-04-29 14:23:00,1592.42,1592.42,1592.26,1592.26,-0.01,11.33,18043.72,-1
2025-04-29,2025-04-29 14:24:00,1592.26,1592.26,1592.1,1592.1,-0.01,11.33,18043.72,-1
2025-04-29,2025-04-29 14:25:00,1592.1,1592.1,1591.94,1591.94,-0.01,11.33,18043.72,-1
2025-04-29,2025-04-29 14:26:00,1591.94,1591.94,1591.78,1591.78,-0.01,11.33,18043.72,-1
2025-04-29,2025-04-29 14:27:00,1591.78,1591.78,1591.62,1591.62,-0.01,11.33,18043.72,-1
2025-04-29,2025-04-29 14:28:00,1591.62,1591.62,1591.46,1591.46,-0.01,11.33,18043.72,-1
2025-04-29,2025-04-29 14:29:00,1591.46,1591.46,1591.3,1591.3,-0.01,11.33,18043.72,-1
2025-04-29,2025-04-29 14:30:00,1591.3,1591.3,1591.13,1591.13,-0.01,11.33,18043.72,-1
2025-04-29,2025-04-29 14:31:00,1591.13,1591.13,1590.97,1590.97,-0.01,11.33,18043.72,-1
2025-04-29,2025-04-29 14:32:00,1590.97,1590.97,1590.81,1590.81,-0.01,11.33,18043.72,-1
2025-04-29,2025-04-29 14:33:00,1590.81,1590.81,1590.65,1590.65,-0.01,11.33,18043.72,-1
2025-04-29,2025-04-29 14:34:00,1590.65,1590.65,1590.49,1590.49,-0.01,11.33,18043.72,-1
2025-04-29,2025-04-29 14:35:00,1590.49,1590.49,1590.33,1590.33,-0.01,11.33,18043.72,-1
2025-04-29,2025-04-29 14:36:00,1590.33,1590.33,1590.17,1590.17,-0.01,11.33,18043.72,-1
2025-04-29,2025-04-29 14:37:00,1590.17,1590.17,1590.01,1590.01,-0.01,11.33,18043.72,-1
2025-04-29,2025-04-29 14:38:00,1590.01,1590.01,1589.85,1589.85,-0.01,11.33,18043.72,-1
2025-04-29,2025-04-29 14:39:00,1589.85,1589.85,1589.69,1589.69,-0.01,11.33,18043.72,-1
2025-04-29,2025-04-29 14:40:00,1589.69,1589.69,1589.53,1589.53,-0.01,11.33,18043.72,-1
2025-04-29,2025-04-29 14:41:00,1589.53,1589.53,1589.37,1589.37,-0.01,11.33,18043.72,-1
2025-04-29,2025-04-29 14:42:00,1589.37,1589.37,1589.21,1589.21,-0.01,11.33,18043.72,-1
2025-04-29,2025-04-29 14:43:00,1589.21,1589.21,1589.05,1589.05,-0.01,11.33,18043.72,-1
2025-04-29,2025-04-29 14:44:00,1589.05,1589.05,1588.89,1588.89,-0.01,11.33,18043.72,-1
2025-04-29,2025-04-29 14:45:00,1588.89,1588.89,1588.73,1588.73,-0.01,11.33,18043.72,-1
2025-04-29,2025-04-29 14:46:00,1588.73,1588.73,1588.57,1588.57,-0.01,11.33,18043.72,-1
2025-04-29,2025-04-29 14:47:00,1588.57,1588.57,1588.41,1588.41,-0.01,11.33,18043.72,-1
2025-04-29,2025-04-29 14:48:00,1588.41,1588.41,1588.25,1588.25,-0.01,11.33,18043.72,-1
2025-04-29,2025-04-29 14:49:00,1588.25,1588.25,1588.09,1588.09,-0.01,11.33,18043.72,-1
2025-04-29,2025-04-29 14:50:00,1588.09,1588.09,1587.92,1587.92,-0.01,11.33,18043.72,-1
2025-04-29,2025-04-29 14:51:00,1587.92,1587.92,1587.76,1587.76,-0.01,11.33,18043.72,-1
2025-04-29,2025-04-29 14:52:00,1587.76,1587.76,1587.6,1587.6,-0.01,11.33,18043.72,-1
2025-04-29,2025-04-29 14:53:00,1587.6,1587.6,1587.44,1587.44,-0.01,11.33,18043.72,-1
2025-04-29,2025-04-29 14:54:00,1587.44,1587.44,1587.28,1587.28,-0.01,11.33,18043.72,-1
2025-04-29,2025-04-29 14:55:00,1587.28,1587.28,1587.12,1587.12,-0.01,11.33,18043.72,-1
2025-04-29,2025-04-29 14:56:00,1587.12,1587.12,1586.96,1586.96,-0.01,11.33,18043.72,-1
2025-04-29,2025-04-29 14:57:00,1586.96,1586.96,1586.8,1586.8,-0.01,11.33,18043.72,-1
2025-04-29,2025-04-29 14:58:00,1586.8,1586.8,1586.64,1586.64,-0.01,11.33,18043.72,-1
2025-04-29,2025-04-29 14:59:00,1586.64,1586.64,1586.48,1586.48,-0.01,11.33,18043.72,-1
2025-04-29,2025-04-29 15:00:00,1586.48,1625.0,1561.0,1586.48,0.0,11.33,18043.72,0
2025-04-30,2025-04-30 11:00:00,1560.0,1601.1,1560.0,1560.21,0.01,19.11,30570.83,1
2025-04-30,2025-04-30 11:01:00,1560.21,1560.42,1560.21,1560.42,0.01,19.11,30570.83,1
2025-04-30,2025-04-30 11:02:00,1560.42,1560.63,1560.42,1560.63,0.01,19.11,30570.83,1
2025-04-30,2025-04-30 11:03:00,1560.63,1560.84,1560.63,1560.84,0.01,19.11,30570.83,1
2025-04-30,2025-04-30 11:04:00,1560.84,1561.05,1560.84,1561.05,0.01,19.11,30570.83,1
2025-04-30,2025-04-30 11:05:00,1561.05,1561.26,1561.05,1561.26,0.01,19.11,30570.83,1
2025-04-30,2025-04-30 11:06:00,1561.26,1561.47,1561.26,1561.47,0.01,19.11,30570.83,1
2025-04-30,2025-04-30 11:07:00,1561.47,1561.68,1561.47,1561.68,0.01,19.11,30570.83,1
2025-04-30,2025-04-30 11:08:00,1561.68,1561.89,1561.68,1561.89,0.01,19.11,30570.83,1
2025-04-30,2025-04-30 11:09:00,1561.89,1562.1,1561.89,1562.1,0.01,19.11,30570.83,1
2025-04-30,2025-04-30 11:10:00,1562.1,1562.31,1562.1,1562.31,0.01,19.11,30570.83,1
2025-04-30,2025-04-30 11:11:00,1562.31,1562.52,1562.31,1562.52,0.01,19.11,30570.83,1
2025-04-30,2025-04-30 11:12:00,1562.52,1562.73,1562.52,1562.73,0.01,19.11,30570.83,1
2025-04-30,2025-04-30 11:13:00,1562.73,1562.94,1562.73,1562.94,0.01,19.11,30570.83,1
2025-04-30,2025-04-30 11:14:00,1562.94,1563.15,1562.94,1563.15,0.01,19.11,30570.83,1
2025-04-30,2025-04-30 11:15:00,1563.15,1563.36,1563.15,1563.36,0.01,19.11,30570.83,1
2025-04-30,2025-04-30 11:16:00,1563.36,1563.57,1563.36,1563.57,0.01,19.11,30570.83,1
2025-04-30,2025-04-30 11:17:00,1563.57,1563.78,1563.57,1563.78,0.01,19.11,30570.83,1
2025-04-30,2025-04-30 11:18:00,1563.78,1563.99,1563.78,1563.99,0.01,19.11,30570.83,1
2025-04-30,2025-04-30 11:19:00,1563.99,1564.2,1563.99,1564.2,0.01,19.11,30570.83,1
2025-04-30,2025-04-30 11:20:00,1564.2,1564.41,1564.2,1564.41,0.01,19.11,30570.83,1
2025-04-30,2025-04-30 11:21:00,1564.41,1564.62,1564.41,1564.62,0.01,19.11,30570.83,1
2025-04-30,2025-04-30 11:22:00,1564.62,1564.83,1564.62,1564.83,0.01,19.11,30570.83,1
2025-04-30,2025-04-30 11:23:00,1564.83,1565.04,1564.83,1565.04,0.01,19.11,30570.83,1
2025-04-30,2025-04-30 11:24:00,1565.04,1565.25,1565.04,1565.25,0.01,19.11,30570.83,1
2025-04-30,2025-04-30 11:25:00,1565.25,1565.46,1565.25,1565.46,0.01,19.11,30570.83,1
2025-04-30,2025-04-30 11:26:00,1565.46,1565.67,1565.46,1565.67,0.01,19.11,30570.83,1
2025-04-30,2025-04-30 11:27:00,1565.67,1565.88,1565.67,1565.88,0.01,19.11,30570.83,1
2025-04-30,2025-04-30 11:28:00,1565.88,1566.09,1565.88,1566.09,0.01,19.11,30570.83,1
2025-04-30,2025-04-30 11:29:00,1566.09,1566.3,1566.09,1566.3,0.01,19.11,30570.83,1
2025-04-30,2025-04-30 11:30:00,1566.3,1566.51,1566.3,1566.51,0.01,19.11,30570.83,1
2025-04-30,2025-04-30 11:31:00,1566.51,1566.72,1566.51,1566.72,0.01,19.11,30570.83,1
2025-04-30,2025-04-30 11:32:00,1566.72,1566.93,1566.72,1566.93,0.01,19.11,30570.83,1
2025-04-30,2025-04-30 11:33:00,1566.93,1567.14,1566.93,1567.14,0.01,19.11,30570.83,1
2025-04-30,2025-04-30 11:34:00,1567.14,1567.35,1567.14,1567.35,0.01,19.11,30570.83,1
2025-04-30,2025-04-30 11:35:00,1567.35,1567.56,1567.35,1567.56,0.01,19.11,30570.83,1
2025-04-30,2025-04-30 11:36:00,1567.56,1567.77,1567.56,1567.77,0.01,19.11,30570.83,1
2025-04-30,2025-04-30 11:37:00,1567.77,1567.98,1567.77,1567.98,0.01,19.11,30570.83,1
2025-04-30,2025-04-30 11:38:00,1567.98,1568.19,1567.98,1568.19,0.01,19.11,30570.83,1
2025-04-30,2025-04-30 11:39:00,1568.19,1568.39,1568.19,1568.39,0.01,19.11,30570.83,1
2025-04-30,2025-04-30 11:40:00,1568.39,1568.6,1568.39,1568.6,0.01,19.11,30570.83,1
2025-04-30,2025-04-30 11:41:00,1568.6,1568.81,1568.6,1568.81,0.01,19.11,30570.83,1
2025-04-30,2025-04-30 11:42:00,1568.81,1569.02,1568.81,1569.02,0.01,19.11,30570.83,1
2025-04-30,2025-04-30 11:43:00,1569.02,1569.23,1569.02,1569.23,0.01,19.11,30570.83,1
2025-04-30,2025-04-30 11:44:00,1569.23,1569.44,1569.23,1569.44,0.01,19.11,30570.83,1
2025-04-30,2025-04-30 11:45:00,1569.44,1569.65,1569.44,1569.65,0.01,19.11,30570.83,1
2025-04-30,2025-04-30 11:46:00,1569.65,1569.86,1569.65,1569.86,0.01,19.11,30570.83,1
2025-04-30,2025-04-30 11:47:00,1569.86,1570.07,1569.86,1570.07,0.01,19.11,30570.83,1
2025-04-30,2025-04-30 11:48:00,1570.07,1570.28,1570.07,1570.28,0.01,19.11,30570.83,1
2025-04-30,2025-04-30 11:49:00,1570.28,1570.49,1570.28,1570.49,0.01,19.11,30570.83,1
2025-04-30,2025-04-30 11:50:00,1570.49,1570.7,1570.49,1570.7,0.01,19.11,30570.83,1
2025-04-30,2025-04-30 11:51:00,1570.7,1570.91,1570.7,1570.91,0.01,19.11,30570.83,1
2025-04-30,2025-04-30 11:52:00,1570.91,1571.12,1570.91,1571.12,0.01,19.11,30570.83,1
2025-04-30,2025-04-30 11:53:00,1571.12,1571.33,1571.12,1571.33,0.01,19.11,30570.83,1
2025-04-30,2025-04-30 11:54:00,1571.33,1571.54,1571.33,1571.54,0.01,19.11,30570.83,1
2025-04-30,2025-04-30 11:55:00,1571.54,1571.75,1571.54,1571.75,0.01,19.11,30570.83,1
2025-04-30,2025-04-30 11:56:00,1571.75,1571.96,1571.75,1571.96,0.01,19.11,30570.83,1
2025-04-30,2025-04-30 11:57:00,1571.96,1572.17,1571.96,1572.17,0.01,19.11,30570.83,1
2025-04-30,2025-04-30 11:58:00,1572.17,1572.38,1572.17,1572.38,0.01,19.11,30570.83,1
2025-04-30,2025-04-30 11:59:00,1572.38,1572.59,1572.38,1572.59,0.01,19.11,30570.83,1
2025-04-30,2025-04-30 12:00:00,1572.59,1572.8,1572.59,1572.8,0.01,19.11,30570.83,1
2025-04-30,2025-04-30 12:01:00,1572.8,1573.01,1572.8,1573.01,0.01,19.11,30570.83,1
2025-04-30,2025-04-30 12:02:00,1573.01,1573.22,1573.01,1573.22,0.01,19.11,30570.83,1
2025-04-30,2025-04-30 12:03:00,1573.22,1573.43,1573.22,1573.43,0.01,19.11,30570.83,1
2025-04-30,2025-04-30 12:04:00,1573.43,1573.64,1573.43,1573.64,0.01,19.11,30570.83,1
2025-04-30,2025-04-30 12:05:00,1573.64,1573.85,1573.64,1573.85,0.01,19.11,30570.83,1
2025-04-30,2025-04-30 12:06:00,1573.85,1574.06,1573.85,1574.06,0.01,19.11,30570.83,1
2025-04-30,2025-04-30 12:07:00,1574.06,1574.27,1574.06,1574.27,0.01,19.11,30570.83,1
2025-04-30,2025-04-30 12:08:00,1574.27,1574.48,1574.27,1574.48,0.01,19.11,30570.83,1
2025-04-30,2025-04-30 12:09:00,1574.48,1574.69,1574.48,1574.69,0.01,19.11,30570.83,1
2025-04-30,2025-04-30 12:10:00,1574.69,1574.9,1574.69,1574.9,0.01,19.11,30570.83,1
2025-04-30,2025-04-30 12:11:00,1574.9,1575.11,1574.9,1575.11,0.01,19.11,30570.83,1
2025-04-30,2025-04-30 12:12:00,1575.11,1575.32,1575.11,1575.32,0.01,19.11,30570.83,1
2025-04-30,2025-04-30 12:13:00,1575.32,1575.53,1575.32,1575.53,0.01,19.11,30570.83,1
2025-04-30,2025-04-30 12:14:00,1575.53,1575.74,1575.53,1575.74,0.01,19.11,30570.83,1
2025-04-30,2025-04-30 12:15:00,1575.74,1575.95,1575.74,1575.95,0.01,19.11,30570.83,1
2025-04-30,2025-04-30 12:16:00,1575.95,1576.16,1575.95,1576.16,0.01,19.11,30570.83,1
2025-04-30,2025-04-30 12:17:00,1576.16,1576.37,1576.16,1576.37,0.01,19.11,30570.83,1
2025-04-30,2025-04-30 12:18:00,1576.37,1576.58,1576.37,1576.58,0.01,19.11,30570.83,1
2025-04-30,2025-04-30 12:19:00,1576.58,1576.79,1576.58,1576.79,0.01,19.11,30570.83,1
2025-04-30,2025-04-30 12:20:00,1576.79,1577.0,1576.79,1577.0,0.01,19.11,30570.83,1
2025-04-30,2025-04-30 12:21:00,1577.0,1577.21,1577.0,1577.21,0.01,19.11,30570.83,1
2025-04-30,2025-04-30 12:22:00,1577.21,1577.42,1577.21,1577.42,0.01,19.11,30570.83,1
2025-04-30,2025-04-30 12:23:00,1577.42,1577.63,1577.42,1577.63,0.01,19.11,30570.83,1
2025-04-30,2025-04-30 12:24:00,1577.63,1577.84,1577.63,1577.84,0.01,19.11,30570.83,1
2025-04-30,2025-04-30 12:25:00,1577.84,1578.05,1577.84,1578.05,0.01,19.11,30570.83,1
2025-04-30,2025-04-30 12:26:00,1578.05,1578.26,1578.05,1578.26,0.01,19.11,30570.83,1
2025-04-30,2025-04-30 12:27:00,1578.26,1578.47,1578.26,1578.47,0.01,19.11,30570.83,1
2025-04-30,2025-04-30 12:28:00,1578.47,1578.68,1578.47,1578.68,0.01,19.11,30570.83,1
2025-04-30,2025-04-30 12:29:00,1578.68,1578.89,1578.68,1578.89,0.01,19.11,30570.83,1
2025-04-30,2025-04-30 12:30:00,1578.89,1579.1,1578.89,1579.1,0.01,19.11,30570.83,1
2025-04-30,2025-04-30 12:31:00,1579.1,1579.31,1579.1,1579.31,0.01,19.11,30570.83,1
2025-04-30,2025-04-30 12:32:00,1579.31,1579.52,1579.31,1579.52,0.01,19.11,30570.83,1
2025-04-30,2025-04-30 12:33:00,1579.52,1579.73,1579.52,1579.73,0.01,19.11,30570.83,1
2025-04-30,2025-04-30 12:34:00,1579.73,1579.94,1579.73,1579.94,0.01,19.11,30570.83,1
2025-04-30,2025-04-30 12:35:00,1579.94,1580.15,1579.94,1580.15,0.01,19.11,30570.83,1
2025-04-30,2025-04-30 12:36:00,1580.15,1580.36,1580.15,1580.36,0.01,19.11,30570.83,1
2025-04-30,2025-04-30 12:37:00,1580.36,1580.57,1580.36,1580.57,0.01,19.11,30570.83,1
2025-04-30,2025-04-30 12:38:00,1580.57,1580.78,1580.57,1580.78,0.01,19.11,30570.83,1
2025-04-30,2025-04-30 12:39:00,1580.78,1580.99,1580.78,1580.99,0.01,19.11,30570.83,1
2025-04-30,2025-04-30 12:40:00,1580.99,1581.2,1580.99,1581.2,0.01,19.11,30570.83,1
2025-04-30,2025-04-30 12:41:00,1581.2,1581.41,1581.2,1581.41,0.01,19.11,30570.83,1
2025-04-30,2025-04-30 12:42:00,1581.41,1581.62,1581.41,1581.62,0.01,19.11,30570.83,1
2025-04-30,2025-04-30 12:43:00,1581.62,1581.83,1581.62,1581.83,0.01,19.11,30570.83,1
2025-04-30,2025-04-30 12:44:00,1581.83,1582.04,1581.83,1582.04,0.01,19.11,30570.83,1
2025-04-30,2025-04-30 12:45:00,1582.04,1582.25,1582.04,1582.25,0.01,19.11,30570.83,1
2025-04-30,2025-04-30 12:46:00,1582.25,1582.46,1582.25,1582.46,0.01,19.11,30570.83,1
2025-04-30,2025-04-30 12:47:00,1582.46,1582.67,1582.46,1582.67,0.01,19.11,30570.83,1
2025-04-30,2025-04-30 12:48:00,1582.67,1582.88,1582.67,1582.88,0.01,19.11,30570.83,1
2025-04-30,2025-04-30 12:49:00,1582.88,1583.09,1582.88,1583.09,0.01,19.11,30570.83,1
2025-04-30,2025-04-30 12:50:00,1583.09,1583.3,1583.09,1583.3,0.01,19.11,30570.83,1
2025-04-30,2025-04-30 12:51:00,1583.3,1583.51,1583.3,1583.51,0.01,19.11,30570.83,1
2025-04-30,2025-04-30 12:52:00,1583.51,1583.72,1583.51,1583.72,0.01,19.11,30570.83,1
2025-04-30,2025-04-30 12:53:00,1583.72,1583.93,1583.72,1583.93,0.01,19.11,30570.83,1
2025-04-30,2025-04-30 12:54:00,1583.93,1584.14,1583.93,1584.14,0.01,19.11,30570.83,1
2025-04-30,2025-04-30 12:55:00,1584.14,1584.35,1584.14,1584.35,0.01,19.11,30570.83,1
2025-04-30,2025-04-30 12:56:00,1584.35,1584.56,1584.35,1584.56,0.01,19.11,30570.83,1
2025-04-30,2025-04-30 12:57:00,1584.56,1584.77,1584.56,1584.77,0.01,19.11,30570.83,1
2025-04-30,2025-04-30 12:58:00,1584.77,1584.98,1584.77,1584.98,0.01,19.11,30570.83,1
2025-04-30,2025-04-30 12:59:00,1584.98,1585.18,1584.98,1585.18,0.01,19.11,30570.83,1
2025-04-30,2025-04-30 13:00:00,1585.18,1697.0,1560.0,1585.39,0.01,19.11,30570.83,1
2025-04-30,2025-04-30 13:01:00,1585.39,1585.6,1585.39,1585.6,0.01,19.11,30570.83,1
2025-04-30,2025-04-30 13:02:00,1585.6,1585.81,1585.6,1585.81,0.01,19.11,30570.83,1
2025-04-30,2025-04-30 13:03:00,1585.81,1586.02,1585.81,1586.02,0.01,19.11,30570.83,1
2025-04-30,2025-04-30 13:04:00,1586.02,1586.23,1586.02,1586.23,0.01,19.11,30570.83,1
2025-04-30,2025-04-30 13:05:00,1586.23,1586.44,1586.23,1586.44,0.01,19.11,30570.83,1
2025-04-30,2025-04-30 13:06:00,1586.44,1586.65,1586.44,1586.65,0.01,19.11,30570.83,1
2025-04-30,2025-04-30 13:07:00,1586.65,1586.86,1586.65,1586.86,0.01,19.11,30570.83,1
2025-04-30,2025-04-30 13:08:00,1586.86,1587.07,1586.86,1587.07,0.01,19.11,30570.83,1
2025-04-30,2025-04-30 13:09:00,1587.07,1587.28,1587.07,1587.28,0.01,19.11,30570.83,1
2025-04-30,2025-04-30 13:10:00,1587.28,1587.49,1587.28,1587.49,0.01,19.11,30570.83,1
2025-04-30,2025-04-30 13:11:00,1587.49,1587.7,1587.49,1587.7,0.01,19.11,30570.83,1
2025-04-30,2025-04-30 13:12:00,1587.7,1587.91,1587.7,1587.91,0.01,19.11,30570.83,1
2025-04-30,2025-04-30 13:13:00,1587.91,1588.12,1587.91,1588.12,0.01,19.11,30570.83,1
2025-04-30,2025-04-30 13:14:00,1588.12,1588.33,1588.12,1588.33,0.01,19.11,30570.83,1
2025-04-30,2025-04-30 13:15:00,1588.33,1588.54,1588.33,1588.54,0.01,19.11,30570.83,1
2025-04-30,2025-04-30 13:16:00,1588.54,1588.75,1588.54,1588.75,0.01,19.11,30570.83,1
2025-04-30,2025-04-30 13:17:00,1588.75,1588.96,1588.75,1588.96,0.01,19.11,30570.83,1
2025-04-30,2025-04-30 13:18:00,1588.96,1589.17,1588.96,1589.17,0.01,19.11,30570.83,1
2025-04-30,2025-04-30 13:19:00,1589.17,1589.38,1589.17,1589.38,0.01,19.11,30570.83,1
2025-04-30,2025-04-30 13:20:00,1589.38,1589.59,1589.38,1589.59,0.01,19.11,30570.83,1
2025-04-30,2025-04-30 13:21:00,1589.59,1589.8,1589.59,1589.8,0.01,19.11,30570.83,1
2025-04-30,2025-04-30 13:22:00,1589.8,1590.01,1589.8,1590.01,0.01,19.11,30570.83,1
2025-04-30,2025-04-30 13:23:00,1590.01,1590.22,1590.01,1590.22,0.01,19.11,30570.83,1
2025-04-30,2025-04-30 13:24:00,1590.22,1590.43,1590.22,1590.43,0.01,19.11,30570.83,1
2025-04-30,2025-04-30 13:25:00,1590.43,1590.64,1590.43,1590.64,0.01,19.11,30570.83,1
2025-04-30,2025-04-30 13:26:00,1590.64,1590.85,1590.64,1590.85,0.01,19.11,30570.83,1
2025-04-30,2025-04-30 13:27:00,1590.85,1591.06,1590.85,1591.06,0.01,19.11,30570.83,1
2025-04-30,2025-04-30 13:28:00,1591.06,1591.27,1591.06,1591.27,0.01,19.11,30570.83,1
2025-04-30,2025-04-30 13:29:00,1591.27,1591.48,1591.27,1591.48,0.01,19.11,30570.83,1
2025-04-30,2025-04-30 13:30:00,1591.48,1591.69,1591.48,1591.69,0.01,19.11,30570.83,1
2025-04-30,2025-04-30 13:31:00,1591.69,1591.9,1591.69,1591.9,0.01,19.11,30570.83,1
2025-04-30,2025-04-30 13:32:00,1591.9,1592.11,1591.9,1592.11,0.01,19.11,30570.83,1
2025-04-30,2025-04-30 13:33:00,1592.11,1592.32,1592.11,1592.32,0.01,19.11,30570.83,1
2025-04-30,2025-04-30 13:34:00,1592.32,1592.53,1592.32,1592.53,0.01,19.11,30570.83,1
2025-04-30,2025-04-30 13:35:00,1592.53,1592.74,1592.53,1592.74,0.01,19.11,30570.83,1
2025-04-30,2025-04-30 13:36:00,1592.74,1592.95,1592.74,1592.95,0.01,19.11,30570.83,1
2025-04-30,2025-04-30 13:37:00,1592.95,1593.16,1592.95,1593.16,0.01,19.11,30570.83,1
2025-04-30,2025-04-30 13:38:00,1593.16,1593.37,1593.16,1593.37,0.01,19.11,30570.83,1
2025-04-30,2025-04-30 13:39:00,1593.37,1593.58,1593.37,1593.58,0.01,19.11,30570.83,1
2025-04-30,2025-04-30 13:40:00,1593.58,1593.79,1593.58,1593.79,0.01,19.11,30570.83,1
2025-04-30,2025-04-30 13:41:00,1593.79,1594.0,1593.79,1594.0,0.01,19.11,30570.83,1
2025-04-30,2025-04-30 13:42:00,1594.0,1594.21,1594.0,1594.21,0.01,19.11,30570.83,1
2025-04-30,2025-04-30 13:43:00,1594.21,1594.42,1594.21,1594.42,0.01,19.11,30570.83,1
2025-04-30,2025-04-30 13:44:00,1594.42,1594.63,1594.42,1594.63,0.01,19.11,30570.83,1
2025-04-30,2025-04-30 13:45:00,1594.63,1594.84,1594.63,1594.84,0.01,19.11,30570.83,1
2025-04-30,2025-04-30 13:46:00,1594.84,1595.05,1594.84,1595.05,0.01,19.11,30570.83,1
2025-04-30,2025-04-30 13:47:00,1595.05,1595.26,1595.05,1595.26,0.01,19.11,30570.83,1
2025-04-30,2025-04-30 13:48:00,1595.26,1595.47,1595.26,1595.47,0.01,19.11,30570.83,1
2025-04-30,2025-04-30 13:49:00,1595.47,1595.68,1595.47,1595.68,0.01,19.11,30570.83,1
2025-04-30,2025-04-30 13:50:00,1595.68,1595.89,1595.68,1595.89,0.01,19.11,30570.83,1
2025-04-30,2025-04-30 13:51:00,1595.89,1596.1,1595.89,1596.1,0.01,19.11,30570.83,1
2025-04-30,2025-04-30 13:52:00,1596.1,1596.31,1596.1,1596.31,0.01,19.11,30570.83,1
2025-04-30,2025-04-30 13:53:00,1596.31,1596.52,1596.31,1596.52,0.01,19.11,30570.83,1
2025-04-30,2025-04-30 13:54:00,1596.52,1596.73,1596.52,1596.73,0.01,19.11,30570.83,1
2025-04-30,2025-04-30 13:55:00,1596.73,1596.94,1596.73,1596.94,0.01,19.11,30570.83,1
2025-04-30,2025-04-30 13:56:00,1596.94,1597.15,1596.94,1597.15,0.01,19.11,30570.83,1
2025-04-30,2025-04-30 13:57:00,1597.15,1597.36,1597.15,1597.36,0.01,19.11,30570.83,1
2025-04-30,2025-04-30 13:58:00,1597.36,1597.57,1597.36,1597.57,0.01,19.11,30570.83,1
2025-04-30,2025-04-30 13:59:00,1597.57,1597.78,1597.57,1597.78,0.01,19.11,30570.83,1
2025-04-30,2025-04-30 14:00:00,1597.78,1597.99,1597.78,1597.99,0.01,19.11,30570.83,1
2025-04-30,2025-04-30 14:01:00,1597.99,1598.2,1597.99,1598.2,0.01,19.11,30570.83,1
2025-04-30,2025-04-30 14:02:00,1598.2,1598.41,1598.2,1598.41,0.01,19.11,30570.83,1
2025-04-30,2025-04-30 14:03:00,1598.41,1598.62,1598.41,1598.62,0.01,19.11,30570.83,1
2025-04-30,2025-04-30 14:04:00,1598.62,1598.83,1598.62,1598.83,0.01,19.11,30570.83,1
2025-04-30,2025-04-30 14:05:00,1598.83,1599.04,1598.83,1599.04,0.01,19.11,30570.83,1
2025-04-30,2025-04-30 14:06:00,1599.04,1599.25,1599.04,1599.25,0.01,19.11,30570.83,1
2025-04-30,2025-04-30 14:07:00,1599.25,1599.46,1599.25,1599.46,0.01,19.11,30570.83,1
2025-04-30,2025-04-30 14:08:00,1599.46,1599.67,1599.46,1599.67,0.01,19.11,30570.83,1
2025-04-30,2025-04-30 14:09:00,1599.67,1599.88,1599.67,1599.88,0.01,19.11,30570.83,1
2025-04-30,2025-04-30 14:10:00,1599.88,1600.09,1599.88,1600.09,0.01,19.11,30570.83,1
2025-04-30,2025-04-30 14:11:00,1600.09,1600.3,1600.09,1600.3,0.01,19.11,30570.83,1
2025-04-30,2025-04-30 14:12:00,1600.3,1600.51,1600.3,1600.51,0.01,19.11,30570.83,1
2025-04-30,2025-04-30 14:13:00,1600.51,1600.72,1600.51,1600.72,0.01,19.11,30570.83,1
2025-04-30,2025-04-30 14:14:00,1600.72,1600.93,1600.72,1600.93,0.01,19.11,30570.83,1
2025-04-30,2025-04-30 14:15:00,1600.93,1601.14,1600.93,1601.14,0.01,19.11,30570.83,1
2025-04-30,2025-04-30 14:16:00,1601.14,1601.35,1601.14,1601.35,0.01,19.11,30570.83,1
2025-04-30,2025-04-30 14:17:00,1601.35,1601.56,1601.35,1601.56,0.01,19.11,30570.83,1
2025-04-30,2025-04-30 14:18:00,1601.56,1601.77,1601.56,1601.77,0.01,19.11,30570.83,1
2025-04-30,2025-04-30 14:19:00,1601.77,1601.97,1601.77,1601.97,0.01,19.11,30570.83,1
2025-04-30,2025-04-30 14:20:00,1601.97,1602.18,1601.97,1602.18,0.01,19.11,30570.83,1
2025-04-30,2025-04-30 14:21:00,1602.18,1602.39,1602.18,1602.39,0.01,19.11,30570.83,1
2025-04-30,2025-04-30 14:22:00,1602.39,1602.6,1602.39,1602.6,0.01,19.11,30570.83,1
2025-04-30,2025-04-30 14:23:00,1602.6,1602.81,1602.6,1602.81,0.01,19.11,30570.83,1
2025-04-30,2025-04-30 14:24:00,1602.81,1603.02,1602.81,1603.02,0.01,19.11,30570.83,1
2025-04-30,2025-04-30 14:25:00,1603.02,1603.23,1603.02,1603.23,0.01,19.11,30570.83,1
2025-04-30,2025-04-30 14:26:00,1603.23,1603.44,1603.23,1603.44,0.01,19.11,30570.83,1
2025-04-30,2025-04-30 14:27:00,1603.44,1603.65,1603.44,1603.65,0.01,19.11,30570.83,1
2025-04-30,2025-04-30 14:28:00,1603.65,1603.86,1603.65,1603.86,0.01,19.11,30570.83,1
2025-04-30,2025-04-30 14:29:00,1603.86,1604.07,1603.86,1604.07,0.01,19.11,30570.83,1
2025-04-30,2025-04-30 14:30:00,1604.07,1604.28,1604.07,1604.28,0.01,19.11,30570.83,1
2025-04-30,2025-04-30 14:31:00,1604.28,1604.49,1604.28,1604.49,0.01,19.11,30570.83,1
2025-04-30,2025-04-30 14:32:00,1604.49,1604.7,1604.49,1604.7,0.01,19.11,30570.83,1
2025-04-30,2025-04-30 14:33:00,1604.7,1604.91,1604.7,1604.91,0.01,19.11,30570.83,1
2025-04-30,2025-04-30 14:34:00,1604.91,1605.12,1604.91,1605.12,0.01,19.11,30570.83,1
2025-04-30,2025-04-30 14:35:00,1605.12,1605.33,1605.12,1605.33,0.01,19.11,30570.83,1
2025-04-30,2025-04-30 14:36:00,1605.33,1605.54,1605.33,1605.54,0.01,19.11,30570.83,1
2025-04-30,2025-04-30 14:37:00,1605.54,1605.75,1605.54,1605.75,0.01,19.11,30570.83,1
2025-04-30,2025-04-30 14:38:00,1605.75,1605.96,1605.75,1605.96,0.01,19.11,30570.83,1
2025-04-30,2025-04-30 14:39:00,1605.96,1606.17,1605.96,1606.17,0.01,19.11,30570.83,1
2025-04-30,2025-04-30 14:40:00,1606.17,1606.38,1606.17,1606.38,0.01,19.11,30570.83,1
2025-04-30,2025-04-30 14:41:00,1606.38,1606.59,1606.38,1606.59,0.01,19.11,30570.83,1
2025-04-30,2025-04-30 14:42:00,1606.59,1606.8,1606.59,1606.8,0.01,19.11,30570.83,1
2025-04-30,2025-04-30 14:43:00,1606.8,1607.01,1606.8,1607.01,0.01,19.11,30570.83,1
2025-04-30,2025-04-30 14:44:00,1607.01,1607.22,1607.01,1607.22,0.01,19.11,30570.83,1
2025-04-30,2025-04-30 14:45:00,1607.22,1607.43,1607.22,1607.43,0.01,19.11,30570.83,1
2025-04-30,2025-04-30 14:46:00,1607.43,1607.64,1607.43,1607.64,0.01,19.11,30570.83,1
2025-04-30,2025-04-30 14:47:00,1607.64,1607.85,1607.64,1607.85,0.01,19.11,30570.83,1
2025-04-30,2025-04-30 14:48:00,1607.85,1608.06,1607.85,1608.06,0.01,19.11,30570.83,1
2025-04-30,2025-04-30 14:49:00,1608.06,1608.27,1608.06,1608.27,0.01,19.11,30570.83,1
2025-04-30,2025-04-30 14:50:00,1608.27,1608.48,1608.27,1608.48,0.01,19.11,30570.83,1
2025-04-30,2025-04-30 14:51:00,1608.48,1608.69,1608.48,1608.69,0.01,19.11,30570.83,1
2025-04-30,2025-04-30 14:52:00,1608.69,1608.9,1608.69,1608.9,0.01,19.11,30570.83,1
2025-04-30,2025-04-30 14:53:00,1608.9,1609.11,1608.9,1609.11,0.01,19.11,30570.83,1
2025-04-30,2025-04-30 14:54:00,1609.11,1609.32,1609.11,1609.32,0.01,19.11,30570.83,1
2025-04-30,2025-04-30 14:55:00,1609.32,1609.53,1609.32,1609.53,0.01,19.11,30570.83,1
2025-04-30,2025-04-30 14:56:00,1609.53,1609.74,1609.53,1609.74,0.01,19.11,30570.83,1
2025-04-30,2025-04-30 14:57:00,1609.74,1609.95,1609.74,1609.95,0.01,19.11,30570.83,1
2025-04-30,2025-04-30 14:58:00,1609.95,1610.16,1609.95,1610.16,0.01,19.11,30570.83,1
2025-04-30,2025-04-30 14:59:00,1610.16,1610.37,1610.16,1610.37,0.01,19.11,30570.83,1
2025-04-30,2025-04-30 15:00:00,1610.37,1697.0,1560.0,1610.37,0.0,19.11,30570.83,0
2025-05-04,2025-05-04 11:00:00,1580.0,1598.0,1576.4,1579.97,-0.0,12.85,20486.86,-1
2025-05-04,2025-05-04 11:01:00,1579.97,1579.97,1579.94,1579.94,-0.0,12.85,20486.86,-1
2025-05-04,2025-05-04 11:02:00,1579.94,1579.94,1579.91,1579.91,-0.0,12.85,20486.86,-1
2025-05-04,2025-05-04 11:03:00,1579.91,1579.91,1579.89,1579.89,-0.0,12.85,20486.86,-1
2025-05-04,2025-05-04 11:04:00,1579.89,1579.89,1579.86,1579.86,-0.0,12.85,20486.86,-1
2025-05-04,2025-05-04 11:05:00,1579.86,1579.86,1579.83,1579.83,-0.0,12.85,20486.86,-1
2025-05-04,2025-05-04 11:06:00,1579.83,1579.83,1579.8,1579.8,-0.0,12.85,20486.86,-1
2025-05-04,2025-05-04 11:07:00,1579.8,1579.8,1579.77,1579.77,-0.0,12.85,20486.86,-1
2025-05-04,2025-05-04 11:08:00,1579.77,1579.77,1579.74,1579.74,-0.0,12.85,20486.86,-1
2025-05-04,2025-05-04 11:09:00,1579.74,1579.74,1579.72,1579.72,-0.0,12.85,20486.86,-1
2025-05-04,2025-05-04 11:10:00,1579.72,1579.72,1579.69,1579.69,-0.0,12.85,20486.86,-1
2025-05-04,2025-05-04 11:11:00,1579.69,1579.69,1579.66,1579.66,-0.0,12.85,20486.86,-1
2025-05-04,2025-05-04 11:12:00,1579.66,1579.66,1579.63,1579.63,-0.0,12.85,20486.86,-1
2025-05-04,2025-05-04 11:13:00,1579.63,1579.63,1579.6,1579.6,-0.0,12.85,20486.86,-1
2025-05-04,2025-05-04 11:14:00,1579.6,1579.6,1579.57,1579.57,-0.0,12.85,20486.86,-1
2025-05-04,2025-05-04 11:15:00,1579.57,1579.57,1579.55,1579.55,-0.0,12.85,20486.86,-1
2025-05-04,2025-05-04 11:16:00,1579.55,1579.55,1579.52,1579.52,-0.0,12.85,20486.86,-1
2025-05-04,2025-05-04 11:17:00,1579.52,1579.52,1579.49,1579.49,-0.0,12.85,20486.86,-1
2025-05-04,2025-05-04 11:18:00,1579.49,1579.49,1579.46,1579.46,-0.0,12.85,20486.86,-1
2025-05-04,2025-05-04 11:19:00,1579.46,1579.46,1579.43,1579.43,-0.0,12.85,20486.86,-1
2025-05-04,2025-05-04 11:20:00,1579.43,1579.43,1579.4,1579.4,-0.0,12.85,20486.86,-1
2025-05-04,2025-05-04 11:21:00,1579.4,1579.4,1579.37,1579.37,-0.0,12.85,20486.86,-1
2025-05-04,2025-05-04 11:22:00,1579.37,1579.37,1579.35,1579.35,-0.0,12.85,20486.86,-1
2025-05-04,2025-05-04 11:23:00,1579.35,1579.35,1579.32,1579.32,-0.0,12.85,20486.86,-1
2025-05-04,2025-05-04 11:24:00,1579.32,1579.32,1579.29,1579.29,-0.0,12.85,20486.86,-1
2025-05-04,2025-05-04 11:25:00,1579.29,1579.29,1579.26,1579.26,-0.0,12.85,20486.86,-1
2025-05-04,2025-05-04 11:26:00,1579.26,1579.26,1579.23,1579.23,-0.0,12.85,20486.86,-1
2025-05-04,2025-05-04 11:27:00,1579.23,1579.23,1579.2,1579.2,-0.0,12.85,20486.86,-1
2025-05-04,2025-05-04 11:28:00,1579.2,1579.2,1579.18,1579.18,-0.0,12.85,20486.86,-1
2025-05-04,2025-05-04 11:29:00,1579.18,1579.18,1579.15,1579.15,-0.0,12.85,20486.86,-1
2025-05-04,2025-05-04 11:30:00,1579.15,1579.15,1579.12,1579.12,-0.0,12.85,20486.86,-1
2025-05-04,2025-05-04 11:31:00,1579.12,1579.12,1579.09,1579.09,-0.0,12.85,20486.86,-1
2025-05-04,2025-05-04 11:32:00,1579.09,1579.09,1579.06,1579.06,-0.0,12.85,20486.86,-1
2025-05-04,2025-05-04 11:33:00,1579.06,1579.06,1579.03,1579.03,-0.0,12.85,20486.86,-1
2025-05-04,2025-05-04 11:34:00,1579.03,1579.03,1579.01,1579.01,-0.0,12.85,20486.86,-1
2025-05-04,2025-05-04 11:35:00,1579.01,1579.01,1578.98,1578.98,-0.0,12.85,20486.86,-1
2025-05-04,2025-05-04 11:36:00,1578.98,1578.98,1578.95,1578.95,-0.0,12.85,20486.86,-1
2025-05-04,2025-05-04 11:37:00,1578.95,1578.95,1578.92,1578.92,-0.0,12.85,20486.86,-1
2025-05-04,2025-05-04 11:38:00,1578.92,1578.92,1578.89,1578.89,-0.0,12.85,20486.86,-1
2025-05-04,2025-05-04 11:39:00,1578.89,1578.89,1578.86,1578.86,-0.0,12.85,20486.86,-1
2025-05-04,2025-05-04 11:40:00,1578.86,1578.86,1578.83,1578.83,-0.0,12.85,20486.86,-1
2025-05-04,2025-05-04 11:41:00,1578.83,1578.83,1578.81,1578.81,-0.0,12.85,20486.86,-1
2025-05-04,2025-05-04 11:42:00,1578.81,1578.81,1578.78,1578.78,-0.0,12.85,20486.86,-1
2025-05-04,2025-05-04 11:43:00,1578.78,1578.78,1578.75,1578.75,-0.0,12.85,20486.86,-1
2025-05-04,2025-05-04 11:44:00,1578.75,1578.75,1578.72,1578.72,-0.0,12.85,20486.86,-1
2025-05-04,2025-05-04 11:45:00,1578.72,1578.72,1578.69,1578.69,-0.0,12.85,20486.86,-1
2025-05-04,2025-05-04 11:46:00,1578.69,1578.69,1578.66,1578.66,-0.0,12.85,20486.86,-1
2025-05-04,2025-05-04 11:47:00,1578.66,1578.66,1578.64,1578.64,-0.0,12.85,20486.86,-1
2025-05-04,2025-05-04 11:48:00,1578.64,1578.64,1578.61,1578.61,-0.0,12.85,20486.86,-1
2025-05-04,2025-05-04 11:49:00,1578.61,1578.61,1578.58,1578.58,-0.0,12.85,20486.86,-1
2025-05-04,2025-05-04 11:50:00,1578.58,1578.58,1578.55,1578.55,-0.0,12.85,20486.86,-1
2025-05-04,2025-05-04 11:51:00,1578.55,1578.55,1578.52,1578.52,-0.0,12.85,20486.86,-1
2025-05-04,2025-05-04 11:52:00,1578.52,1578.52,1578.49,1578.49,-0.0,12.85,20486.86,-1
2025-05-04,2025-05-04 11:53:00,1578.49,1578.49,1578.47,1578.47,-0.0,12.85,20486.86,-1
2025-05-04,2025-05-04 11:54:00,1578.47,1578.47,1578.44,1578.44,-0.0,12.85,20486.86,-1
2025-05-04,2025-05-04 11:55:00,1578.44,1578.44,1578.41,1578.41,-0.0,12.85,20486.86,-1
2025-05-04,2025-05-04 11:56:00,1578.41,1578.41,1578.38,1578.38,-0.0,12.85,20486.86,-1
2025-05-04,2025-05-04 11:57:00,1578.38,1578.38,1578.35,1578.35,-0.0,12.85,20486.86,-1
2025-05-04,2025-05-04 11:58:00,1578.35,1578.35,1578.32,1578.32,-0.0,12.85,20486.86,-1
2025-05-04,2025-05-04 11:59:00,1578.32,1578.32,1578.3,1578.3,-0.0,12.85,20486.86,-1
2025-05-04,2025-05-04 12:00:00,1578.3,1578.3,1578.27,1578.27,-0.0,12.85,20486.86,-1
2025-05-04,2025-05-04 12:01:00,1578.27,1578.27,1578.24,1578.24,-0.0,12.85,20486.86,-1
2025-05-04,2025-05-04 12:02:00,1578.24,1578.24,1578.21,1578.21,-0.0,12.85,20486.86,-1
2025-05-04,2025-05-04 12:03:00,1578.21,1578.21,1578.18,1578.18,-0.0,12.85,20486.86,-1
2025-05-04,2025-05-04 12:04:00,1578.18,1578.18,1578.15,1578.15,-0.0,12.85,20486.86,-1
2025-05-04,2025-05-04 12:05:00,1578.15,1578.15,1578.12,1578.12,-0.0,12.85,20486.86,-1
2025-05-04,2025-05-04 12:06:00,1578.12,1578.12,1578.1,1578.1,-0.0,12.85,20486.86,-1
2025-05-04,2025-05-04 12:07:00,1578.1,1578.1,1578.07,1578.07,-0.0,12.85,20486.86,-1
2025-05-04,2025-05-04 12:08:00,1578.07,1578.07,1578.04,1578.04,-0.0,12.85,20486.86,-1
2025-05-04,2025-05-04 12:09:00,1578.04,1578.04,1578.01,1578.01,-0.0,12.85,20486.86,-1
2025-05-04,2025-05-04 12:10:00,1578.01,1578.01,1577.98,1577.98,-0.0,12.85,20486.86,-1
2025-05-04,2025-05-04 12:11:00,1577.98,1577.98,1577.95,1577.95,-0.0,12.85,20486.86,-1
2025-05-04,2025-05-04 12:12:00,1577.95,1577.95,1577.93,1577.93,-0.0,12.85,20486.86,-1
2025-05-04,2025-05-04 12:13:00,1577.93,1577.93,1577.9,1577.9,-0.0,12.85,20486.86,-1
2025-05-04,2025-05-04 12:14:00,1577.9,1577.9,1577.87,1577.87,-0.0,12.85,20486.86,-1
2025-05-04,2025-05-04 12:15:00,1577.87,1577.87,1577.84,1577.84,-0.0,12.85,20486.86,-1
2025-05-04,2025-05-04 12:16:00,1577.84,1577.84,1577.81,1577.81,-0.0,12.85,20486.86,-1
2025-05-04,2025-05-04 12:17:00,1577.81,1577.81,1577.78,1577.78,-0.0,12.85,20486.86,-1
2025-05-04,2025-05-04 12:18:00,1577.78,1577.78,1577.76,1577.76,-0.0,12.85,20486.86,-1
2025-05-04,2025-05-04 12:19:00,1577.76,1577.76,1577.73,1577.73,-0.0,12.85,20486.86,-1
2025-05-04,2025-05-04 12:20:00,1577.73,1577.73,1577.7,1577.7,-0.0,12.85,20486.86,-1
2025-05-04,2025-05-04 12:21:00,1577.7,1577.7,1577.67,1577.67,-0.0,12.85,20486.86,-1
2025-05-04,2025-05-04 12:22:00,1577.67,1577.67,1577.64,1577.64,-0.0,12.85,20486.86,-1
2025-05-04,2025-05-04 12:23:00,1577.64,1577.64,1577.61,1577.61,-0.0,12.85,20486.86,-1
2025-05-04,2025-05-04 12:24:00,1577.61,1577.61,1577.58,1577.58,-0.0,12.85,20486.86,-1
2025-05-04,2025-05-04 12:25:00,1577.58,1577.58,1577.56,1577.56,-0.0,12.85,20486.86,-1
2025-05-04,2025-05-04 12:26:00,1577.56,1577.56,1577.53,1577.53,-0.0,12.85,20486.86,-1
2025-05-04,2025-05-04 12:27:00,1577.53,1577.53,1577.5,1577.5,-0.0,12.85,20486.86,-1
2025-05-04,2025-05-04 12:28:00,1577.5,1577.5,1577.47,1577.47,-0.0,12.85,20486.86,-1
2025-05-04,2025-05-04 12:29:00,1577.47,1577.47,1577.44,1577.44,-0.0,12.85,20486.86,-1
2025-05-04,2025-05-04 12:30:00,1577.44,1577.44,1577.41,1577.41,-0.0,12.85,20486.86,-1
2025-05-04,2025-05-04 12:31:00,1577.41,1577.41,1577.39,1577.39,-0.0,12.85,20486.86,-1
2025-05-04,2025-05-04 12:32:00,1577.39,1577.39,1577.36,1577.36,-0.0,12.85,20486.86,-1
2025-05-04,2025-05-04 12:33:00,1577.36,1577.36,1577.33,1577.33,-0.0,12.85,20486.86,-1
2025-05-04,2025-05-04 12:34:00,1577.33,1577.33,1577.3,1577.3,-0.0,12.85,20486.86,-1
2025-05-04,2025-05-04 12:35:00,1577.3,1577.3,1577.27,1577.27,-0.0,12.85,20486.86,-1
2025-05-04,2025-05-04 12:36:00,1577.27,1577.27,1577.24,1577.24,-0.0,12.85,20486.86,-1
2025-05-04,2025-05-04 12:37:00,1577.24,1577.24,1577.22,1577.22,-0.0,12.85,20486.86,-1
2025-05-04,2025-05-04 12:38:00,1577.22,1577.22,1577.19,1577.19,-0.0,12.85,20486.86,-1
2025-05-04,2025-05-04 12:39:00,1577.19,1577.19,1577.16,1577.16,-0.0,12.85,20486.86,-1
2025-05-04,2025-05-04 12:40:00,1577.16,1577.16,1577.13,1577.13,-0.0,12.85,20486.86,-1
2025-05-04,2025-05-04 12:41:00,1577.13,1577.13,1577.1,1577.1,-0.0,12.85,20486.86,-1
2025-05-04,2025-05-04 12:42:00,1577.1,1577.1,1577.07,1577.07,-0.0,12.85,20486.86,-1
2025-05-04,2025-05-04 12:43:00,1577.07,1577.07,1577.04,1577.04,-0.0,12.85,20486.86,-1
2025-05-04,2025-05-04 12:44:00,1577.04,1577.04,1577.02,1577.02,-0.0,12.85,20486.86,-1
2025-05-04,2025-05-04 12:45:00,1577.02,1577.02,1576.99,1576.99,-0.0,12.85,20486.86,-1
2025-05-04,2025-05-04 12:46:00,1576.99,1576.99,1576.96,1576.96,-0.0,12.85,20486.86,-1
2025-05-04,2025-05-04 12:47:00,1576.96,1576.96,1576.93,1576.93,-0.0,12.85,20486.86,-1
2025-05-04,2025-05-04 12:48:00,1576.93,1576.93,1576.9,1576.9,-0.0,12.85,20486.86,-1
2025-05-04,2025-05-04 12:49:00,1576.9,1576.9,1576.87,1576.87,-0.0,12.85,20486.86,-1
2025-05-04,2025-05-04 12:50:00,1576.87,1576.87,1576.85,1576.85,-0.0,12.85,20486.86,-1
2025-05-04,2025-05-04 12:51:00,1576.85,1576.85,1576.82,1576.82,-0.0,12.85,20486.86,-1
2025-05-04,2025-05-04 12:52:00,1576.82,1576.82,1576.79,1576.79,-0.0,12.85,20486.86,-1
2025-05-04,2025-05-04 12:53:00,1576.79,1576.79,1576.76,1576.76,-0.0,12.85,20486.86,-1
2025-05-04,2025-05-04 12:54:00,1576.76,1576.76,1576.73,1576.73,-0.0,12.85,20486.86,-1
2025-05-04,2025-05-04 12:55:00,1576.73,1576.73,1576.7,1576.7,-0.0,12.85,20486.86,-1
2025-05-04,2025-05-04 12:56:00,1576.7,1576.7,1576.68,1576.68,-0.0,12.85,20486.86,-1
2025-05-04,2025-05-04 12:57:00,1576.68,1576.68,1576.65,1576.65,-0.0,12.85,20486.86,-1
2025-05-04,2025-05-04 12:58:00,1576.65,1576.65,1576.62,1576.62,-0.0,12.85,20486.86,-1
2025-05-04,2025-05-04 12:59:00,1576.62,1576.62,1576.59,1576.59,-0.0,12.85,20486.86,-1
2025-05-04,2025-05-04 13:00:00,1576.59,1640.0,1568.0,1576.56,-0.0,12.85,20486.86,-1
2025-05-04,2025-05-04 13:01:00,1576.56,1576.56,1576.53,1576.53,-0.0,12.85,20486.86,-1
2025-05-04,2025-05-04 13:02:00,1576.53,1576.53,1576.5,1576.5,-0.0,12.85,20486.86,-1
2025-05-04,2025-05-04 13:03:00,1576.5,1576.5,1576.48,1576.48,-0.0,12.85,20486.86,-1
2025-05-04,2025-05-04 13:04:00,1576.48,1576.48,1576.45,1576.45,-0.0,12.85,20486.86,-1
2025-05-04,2025-05-04 13:05:00,1576.45,1576.45,1576.42,1576.42,-0.0,12.85,20486.86,-1
2025-05-04,2025-05-04 13:06:00,1576.42,1576.42,1576.39,1576.39,-0.0,12.85,20486.86,-1
2025-05-04,2025-05-04 13:07:00,1576.39,1576.39,1576.36,1576.36,-0.0,12.85,20486.86,-1
2025-05-04,2025-05-04 13:08:00,1576.36,1576.36,1576.33,1576.33,-0.0,12.85,20486.86,-1
2025-05-04,2025-05-04 13:09:00,1576.33,1576.33,1576.31,1576.31,-0.0,12.85,20486.86,-1
2025-05-04,2025-05-04 13:10:00,1576.31,1576.31,1576.28,1576.28,-0.0,12.85,20486.86,-1
2025-05-04,2025-05-04 13:11:00,1576.28,1576.28,1576.25,1576.25,-0.0,12.85,20486.86,-1
2025-05-04,2025-05-04 13:12:00,1576.25,1576.25,1576.22,1576.22,-0.0,12.85,20486.86,-1
2025-05-04,2025-05-04 13:13:00,1576.22,1576.22,1576.19,1576.19,-0.0,12.85,20486.86,-1
2025-05-04,2025-05-04 13:14:00,1576.19,1576.19,1576.16,1576.16,-0.0,12.85,20486.86,-1
2025-05-04,2025-05-04 13:15:00,1576.16,1576.16,1576.14,1576.14,-0.0,12.85,20486.86,-1
2025-05-04,2025-05-04 13:16:00,1576.14,1576.14,1576.11,1576.11,-0.0,12.85,20486.86,-1
2025-05-04,2025-05-04 13:17:00,1576.11,1576.11,1576.08,1576.08,-0.0,12.85,20486.86,-1
2025-05-04,2025-05-04 13:18:00,1576.08,1576.08,1576.05,1576.05,-0.0,12.85,20486.86,-1
2025-05-04,2025-05-04 13:19:00,1576.05,1576.05,1576.02,1576.02,-0.0,12.85,20486.86,-1
2025-05-04,2025-05-04 13:20:00,1576.02,1576.02,1575.99,1575.99,-0.0,12.85,20486.86,-1
2025-05-04,2025-05-04 13:21:00,1575.99,1575.99,1575.96,1575.96,-0.0,12.85,20486.86,-1
2025-05-04,2025-05-04 13:22:00,1575.96,1575.96,1575.94,1575.94,-0.0,12.85,20486.86,-1
2025-05-04,2025-05-04 13:23:00,1575.94,1575.94,1575.91,1575.91,-0.0,12.85,20486.86,-1
2025-05-04,2025-05-04 13:24:00,1575.91,1575.91,1575.88,1575.88,-0.0,12.85,20486.86,-1
2025-05-04,2025-05-04 13:25:00,1575.88,1575.88,1575.85,1575.85,-0.0,12.85,20486.86,-1
2025-05-04,2025-05-04 13:26:00,1575.85,1575.85,1575.82,1575.82,-0.0,12.85,20486.86,-1
2025-05-04,2025-05-04 13:27:00,1575.82,1575.82,1575.79,1575.79,-0.0,12.85,20486.86,-1
2025-05-04,2025-05-04 13:28:00,1575.79,1575.79,1575.77,1575.77,-0.0,12.85,20486.86,-1
2025-05-04,2025-05-04 13:29:00,1575.77,1575.77,1575.74,1575.74,-0.0,12.85,20486.86,-1
2025-05-04,2025-05-04 13:30:00,1575.74,1575.74,1575.71,1575.71,-0.0,12.85,20486.86,-1
2025-05-04,2025-05-04 13:31:00,1575.71,1575.71,1575.68,1575.68,-0.0,12.85,20486.86,-1
2025-05-04,2025-05-04 13:32:00,1575.68,1575.68,1575.65,1575.65,-0.0,12.85,20486.86,-1
2025-05-04,2025-05-04 13:33:00,1575.65,1575.65,1575.62,1575.62,-0.0,12.85,20486.86,-1
2025-05-04,2025-05-04 13:34:00,1575.62,1575.62,1575.6,1575.6,-0.0,12.85,20486.86,-1
2025-05-04,2025-05-04 13:35:00,1575.6,1575.6,1575.57,1575.57,-0.0,12.85,20486.86,-1
2025-05-04,2025-05-04 13:36:00,1575.57,1575.57,1575.54,1575.54,-0.0,12.85,20486.86,-1
2025-05-04,2025-05-04 13:37:00,1575.54,1575.54,1575.51,1575.51,-0.0,12.85,20486.86,-1
2025-05-04,2025-05-04 13:38:00,1575.51,1575.51,1575.48,1575.48,-0.0,12.85,20486.86,-1
2025-05-04,2025-05-04 13:39:00,1575.48,1575.48,1575.45,1575.45,-0.0,12.85,20486.86,-1
2025-05-04,2025-05-04 13:40:00,1575.45,1575.45,1575.42,1575.42,-0.0,12.85,20486.86,-1
2025-05-04,2025-05-04 13:41:00,1575.42,1575.42,1575.4,1575.4,-0.0,12.85,20486.86,-1
2025-05-04,2025-05-04 13:42:00,1575.4,1575.4,1575.37,1575.37,-0.0,12.85,20486.86,-1
2025-05-04,2025-05-04 13:43:00,1575.37,1575.37,1575.34,1575.34,-0.0,12.85,20486.86,-1
2025-05-04,2025-05-04 13:44:00,1575.34,1575.34,1575.31,1575.31,-0.0,12.85,20486.86,-1
2025-05-04,2025-05-04 13:45:00,1575.31,1575.31,1575.28,1575.28,-0.0,12.85,20486.86,-1
2025-05-04,2025-05-04 13:46:00,1575.28,1575.28,1575.25,1575.25,-0.0,12.85,20486.86,-1
2025-05-04,2025-05-04 13:47:00,1575.25,1575.25,1575.23,1575.23,-0.0,12.85,20486.86,-1
2025-05-04,2025-05-04 13:48:00,1575.23,1575.23,1575.2,1575.2,-0.0,12.85,20486.86,-1
2025-05-04,2025-05-04 13:49:00,1575.2,1575.2,1575.17,1575.17,-0.0,12.85,20486.86,-1
2025-05-04,2025-05-04 13:50:00,1575.17,1575.17,1575.14,1575.14,-0.0,12.85,20486.86,-1
2025-05-04,2025-05-04 13:51:00,1575.14,1575.14,1575.11,1575.11,-0.0,12.85,20486.86,-1
2025-05-04,2025-05-04 13:52:00,1575.11,1575.11,1575.08,1575.08,-0.0,12.85,20486.86,-1
2025-05-04,2025-05-04 13:53:00,1575.08,1575.08,1575.06,1575.06,-0.0,12.85,20486.86,-1
2025-05-04,2025-05-04 13:54:00,1575.06,1575.06,1575.03,1575.03,-0.0,12.85,20486.86,-1
2025-05-04,2025-05-04 13:55:00,1575.03,1575.03,1575.0,1575.0,-0.0,12.85,20486.86,-1
2025-05-04,2025-05-04 13:56:00,1575.0,1575.0,1574.97,1574.97,-0.0,12.85,20486.86,-1
2025-05-04,2025-05-04 13:57:00,1574.97,1574.97,1574.94,1574.94,-0.0,12.85,20486.86,-1
2025-05-04,2025-05-04 13:58:00,1574.94,1574.94,1574.91,1574.91,-0.0,12.85,20486.86,-1
2025-05-04,2025-05-04 13:59:00,1574.91,1574.91,1574.88,1574.88,-0.0,12.85,20486.86,-1
2025-05-04,2025-05-04 14:00:00,1574.88,1574.88,1574.86,1574.86,-0.0,12.85,20486.86,-1
2025-05-04,2025-05-04 14:01:00,1574.86,1574.86,1574.83,1574.83,-0.0,12.85,20486.86,-1
2025-05-04,2025-05-04 14:02:00,1574.83,1574.83,1574.8,1574.8,-0.0,12.85,20486.86,-1
2025-05-04,2025-05-04 14:03:00,1574.8,1574.8,1574.77,1574.77,-0.0,12.85,20486.86,-1
2025-05-04,2025-05-04 14:04:00,1574.77,1574.77,1574.74,1574.74,-0.0,12.85,20486.86,-1
2025-05-04,2025-05-04 14:05:00,1574.74,1574.74,1574.71,1574.71,-0.0,12.85,20486.86,-1
2025-05-04,2025-05-04 14:06:00,1574.71,1574.71,1574.69,1574.69,-0.0,12.85,20486.86,-1
2025-05-04,2025-05-04 14:07:00,1574.69,1574.69,1574.66,1574.66,-0.0,12.85,20486.86,-1
2025-05-04,2025-05-04 14:08:00,1574.66,1574.66,1574.63,1574.63,-0.0,12.85,20486.86,-1
2025-05-04,2025-05-04 14:09:00,1574.63,1574.63,1574.6,1574.6,-0.0,12.85,20486.86,-1
2025-05-04,2025-05-04 14:10:00,1574.6,1574.6,1574.57,1574.57,-0.0,12.85,20486.86,-1
2025-05-04,2025-05-04 14:11:00,1574.57,1574.57,1574.54,1574.54,-0.0,12.85,20486.86,-1
2025-05-04,2025-05-04 14:12:00,1574.54,1574.54,1574.52,1574.52,-0.0,12.85,20486.86,-1
2025-05-04,2025-05-04 14:13:00,1574.52,1574.52,1574.49,1574.49,-0.0,12.85,20486.86,-1
2025-05-04,2025-05-04 14:14:00,1574.49,1574.49,1574.46,1574.46,-0.0,12.85,20486.86,-1
2025-05-04,2025-05-04 14:15:00,1574.46,1574.46,1574.43,1574.43,-0.0,12.85,20486.86,-1
2025-05-04,2025-05-04 14:16:00,1574.43,1574.43,1574.4,1574.4,-0.0,12.85,20486.86,-1
2025-05-04,2025-05-04 14:17:00,1574.4,1574.4,1574.37,1574.37,-0.0,12.85,20486.86,-1
2025-05-04,2025-05-04 14:18:00,1574.37,1574.37,1574.35,1574.35,-0.0,12.85,20486.86,-1
2025-05-04,2025-05-04 14:19:00,1574.35,1574.35,1574.32,1574.32,-0.0,12.85,20486.86,-1
2025-05-04,2025-05-04 14:20:00,1574.32,1574.32,1574.29,1574.29,-0.0,12.85,20486.86,-1
2025-05-04,2025-05-04 14:21:00,1574.29,1574.29,1574.26,1574.26,-0.0,12.85,20486.86,-1
2025-05-04,2025-05-04 14:22:00,1574.26,1574.26,1574.23,1574.23,-0.0,12.85,20486.86,-1
2025-05-04,2025-05-04 14:23:00,1574.23,1574.23,1574.2,1574.2,-0.0,12.85,20486.86,-1
2025-05-04,2025-05-04 14:24:00,1574.2,1574.2,1574.17,1574.17,-0.0,12.85,20486.86,-1
2025-05-04,2025-05-04 14:25:00,1574.17,1574.17,1574.15,1574.15,-0.0,12.85,20486.86,-1
2025-05-04,2025-05-04 14:26:00,1574.15,1574.15,1574.12,1574.12,-0.0,12.85,20486.86,-1
2025-05-04,2025-05-04 14:27:00,1574.12,1574.12,1574.09,1574.09,-0.0,12.85,20486.86,-1
2025-05-04,2025-05-04 14:28:00,1574.09,1574.09,1574.06,1574.06,-0.0,12.85,20486.86,-1
2025-05-04,2025-05-04 14:29:00,1574.06,1574.06,1574.03,1574.03,-0.0,12.85,20486.86,-1
2025-05-04,2025-05-04 14:30:00,1574.03,1574.03,1574.0,1574.0,-0.0,12.85,20486.86,-1
2025-05-04,2025-05-04 14:31:00,1574.0,1574.0,1573.98,1573.98,-0.0,12.85,20486.86,-1
2025-05-04,2025-05-04 14:32:00,1573.98,1573.98,1573.95,1573.95,-0.0,12.85,20486.86,-1
2025-05-04,2025-05-04 14:33:00,1573.95,1573.95,1573.92,1573.92,-0.0,12.85,20486.86,-1
2025-05-04,2025-05-04 14:34:00,1573.92,1573.92,1573.89,1573.89,-0.0,12.85,20486.86,-1
2025-05-04,2025-05-04 14:35:00,1573.89,1573.89,1573.86,1573.86,-0.0,12.85,20486.86,-1
2025-05-04,2025-05-04 14:36:00,1573.86,1573.86,1573.83,1573.83,-0.0,12.85,20486.86,-1
2025-05-04,2025-05-04 14:37:00,1573.83,1573.83,1573.81,1573.81,-0.0,12.85,20486.86,-1
2025-05-04,2025-05-04 14:38:00,1573.81,1573.81,1573.78,1573.78,-0.0,12.85,20486.86,-1
2025-05-04,2025-05-04 14:39:00,1573.78,1573.78,1573.75,1573.75,-0.0,12.85,20486.86,-1
2025-05-04,2025-05-04 14:40:00,1573.75,1573.75,1573.72,1573.72,-0.0,12.85,20486.86,-1
2025-05-04,2025-05-04 14:41:00,1573.72,1573.72,1573.69,1573.69,-0.0,12.85,20486.86,-1
2025-05-04,2025-05-04 14:42:00,1573.69,1573.69,1573.66,1573.66,-0.0,12.85,20486.86,-1
2025-05-04,2025-05-04 14:43:00,1573.66,1573.66,1573.63,1573.63,-0.0,12.85,20486.86,-1
2025-05-04,2025-05-04 14:44:00,1573.63,1573.63,1573.61,1573.61,-0.0,12.85,20486.86,-1
2025-05-04,2025-05-04 14:45:00,1573.61,1573.61,1573.58,1573.58,-0.0,12.85,20486.86,-1
2025-05-04,2025-05-04 14:46:00,1573.58,1573.58,1573.55,1573.55,-0.0,12.85,20486.86,-1
2025-05-04,2025-05-04 14:47:00,1573.55,1573.55,1573.52,1573.52,-0.0,12.85,20486.86,-1
2025-05-04,2025-05-04 14:48:00,1573.52,1573.52,1573.49,1573.49,-0.0,12.85,20486.86,-1
2025-05-04,2025-05-04 14:49:00,1573.49,1573.49,1573.46,1573.46,-0.0,12.85,20486.86,-1
2025-05-04,2025-05-04 14:50:00,1573.46,1573.46,1573.44,1573.44,-0.0,12.85,20486.86,-1
2025-05-04,2025-05-04 14:51:00,1573.44,1573.44,1573.41,1573.41,-0.0,12.85,20486.86,-1
2025-05-04,2025-05-04 14:52:00,1573.41,1573.41,1573.38,1573.38,-0.0,12.85,20486.86,-1
2025-05-04,2025-05-04 14:53:00,1573.38,1573.38,1573.35,1573.35,-0.0,12.85,20486.86,-1
2025-05-04,2025-05-04 14:54:00,1573.35,1573.35,1573.32,1573.32,-0.0,12.85,20486.86,-1
2025-05-04,2025-05-04 14:55:00,1573.32,1573.32,1573.29,1573.29,-0.0,12.85,20486.86,-1
2025-05-04,2025-05-04 14:56:00,1573.29,1573.29,1573.27,1573.27,-0.0,12.85,20486.86,-1
2025-05-04,2025-05-04 14:57:00,1573.27,1573.27,1573.24,1573.24,-0.0,12.85,20486.86,-1
2025-05-04,2025-05-04 14:58:00,1573.24,1573.24,1573.21,1573.21,-0.0,12.85,20486.86,-1
2025-05-04,2025-05-04 14:59:00,1573.21,1573.21,1573.18,1573.18,-0.0,12.85,20486.86,-1
2025-05-04,2025-05-04 15:00:00,1573.18,1640.0,1568.0,1573.18,0.0,12.85,20486.86,0
2025-05-05,2025-05-05 11:00:00,1600.0,1609.0,1588.6,1599.92,-0.0,10.46,16650.22,-1
2025-05-05,2025-05-05 11:01:00,1599.92,1599.92,1599.85,1599.85,-0.0,10.46,16650.22,-1
2025-05-05,2025-05-05 11:02:00,1599.85,1599.85,1599.77,1599.77,-0.01,10.46,16650.22,-1
2025-05-05,2025-05-05 11:03:00,1599.77,1599.77,1599.69,1599.69,-0.01,10.46,16650.22,-1
2025-05-05,2025-05-05 11:04:00,1599.69,1599.69,1599.62,1599.62,-0.0,10.46,16650.22,-1
2025-05-05,2025-05-05 11:05:00,1599.62,1599.62,1599.54,1599.54,-0.01,10.46,16650.22,-1
2025-05-05,2025-05-05 11:06:00,1599.54,1599.54,1599.46,1599.46,-0.01,10.46,16650.22,-1
2025-05-05,2025-05-05 11:07:00,1599.46,1599.46,1599.38,1599.38,-0.01,10.46,16650.22,-1
2025-05-05,2025-05-05 11:08:00,1599.38,1599.38,1599.31,1599.31,-0.0,10.46,16650.22,-1
2025-05-05,2025-05-05 11:09:00,1599.31,1599.31,1599.23,1599.23,-0.01,10.46,16650.22,-1
2025-05-05,2025-05-05 11:10:00,1599.23,1599.23,1599.15,1599.15,-0.01,10.46,16650.22,-1
2025-05-05,2025-05-05 11:11:00,1599.15,1599.15,1599.08,1599.08,-0.0,10.46,16650.22,-1
2025-05-05,2025-05-05 11:12:00,1599.08,1599.08,1599.0,1599.0,-0.01,10.46,16650.22,-1
2025-05-05,2025-05-05 11:13:00,1599.0,1599.0,1598.92,1598.92,-0.01,10.46,16650.22,-1
2025-05-05,2025-05-05 11:14:00,1598.92,1598.92,1598.85,1598.85,-0.0,10.46,16650.22,-1
2025-05-05,2025-05-05 11:15:00,1598.85,1598.85,1598.77,1598.77,-0.01,10.46,16650.22,-1
2025-05-05,2025-05-05 11:16:00,1598.77,1598.77,1598.69,1598.69,-0.01,10.46,16650.22,-1
2025-05-05,2025-05-05 11:17:00,1598.69,1598.69,1598.61,1598.61,-0.01,10.46,16650.22,-1
2025-05-05,2025-05-05 11:18:00,1598.61,1598.61,1598.54,1598.54,-0.0,10.46,16650.22,-1
2025-05-05,2025-05-05 11:19:00,1598.54,1598.54,1598.46,1598.46,-0.01,10.46,16650.22,-1
2025-05-05,2025-05-05 11:20:00,1598.46,1598.46,1598.38,1598.38,-0.01,10.46,16650.22,-1
2025-05-05,2025-05-05 11:21:00,1598.38,1598.38,1598.31,1598.31,-0.0,10.46,16650.22,-1
2025-05-05,2025-05-05 11:22:00,1598.31,1598.31,1598.23,1598.23,-0.01,10.46,16650.22,-1
2025-05-05,2025-05-05 11:23:00,1598.23,1598.23,1598.15,1598.15,-0.01,10.46,16650.22,-1
2025-05-05,2025-05-05 11:24:00,1598.15,1598.15,1598.08,1598.08,-0.0,10.46,16650.22,-1
2025-05-05,2025-05-05 11:25:00,1598.08,1598.08,1598.0,1598.0,-0.01,10.46,16650.22,-1
2025-05-05,2025-05-05 11:26:00,1598.0,1598.0,1597.92,1597.92,-0.01,10.46,16650.22,-1
2025-05-05,2025-05-05 11:27:00,1597.92,1597.92,1597.85,1597.85,-0.0,10.46,16650.22,-1
2025-05-05,2025-05-05 11:28:00,1597.85,1597.85,1597.77,1597.77,-0.01,10.46,16650.22,-1
2025-05-05,2025-05-05 11:29:00,1597.77,1597.77,1597.69,1597.69,-0.01,10.46,16650.22,-1
2025-05-05,2025-05-05 11:30:00,1597.69,1597.69,1597.61,1597.61,-0.01,10.46,16650.22,-1
2025-05-05,2025-05-05 11:31:00,1597.61,1597.61,1597.54,1597.54,-0.0,10.46,16650.22,-1
2025-05-05,2025-05-05 11:32:00,1597.54,1597.54,1597.46,1597.46,-0.01,10.46,16650.22,-1
2025-05-05,2025-05-05 11:33:00,1597.46,1597.46,1597.38,1597.38,-0.01,10.46,16650.22,-1
2025-05-05,2025-05-05 11:34:00,1597.38,1597.38,1597.31,1597.31,-0.0,10.46,16650.22,-1
2025-05-05,2025-05-05 11:35:00,1597.31,1597.31,1597.23,1597.23,-0.01,10.46,16650.22,-1
2025-05-05,2025-05-05 11:36:00,1597.23,1597.23,1597.15,1597.15,-0.01,10.46,16650.22,-1
2025-05-05,2025-05-05 11:37:00,1597.15,1597.15,1597.08,1597.08,-0.0,10.46,16650.22,-1
2025-05-05,2025-05-05 11:38:00,1597.08,1597.08,1597.0,1597.0,-0.01,10.46,16650.22,-1
2025-05-05,2025-05-05 11:39:00,1597.0,1597.0,1596.92,1596.92,-0.01,10.46,16650.22,-1
2025-05-05,2025-05-05 11:40:00,1596.92,1596.92,1596.84,1596.84,-0.01,10.46,16650.22,-1
2025-05-05,2025-05-05 11:41:00,1596.84,1596.84,1596.77,1596.77,-0.0,10.46,16650.22,-1
2025-05-05,2025-05-05 11:42:00,1596.77,1596.77,1596.69,1596.69,-0.01,10.46,16650.22,-1
2025-05-05,2025-05-05 11:43:00,1596.69,1596.69,1596.61,1596.61,-0.01,10.46,16650.22,-1
2025-05-05,2025-05-05 11:44:00,1596.61,1596.61,1596.54,1596.54,-0.0,10.46,16650.22,-1
2025-05-05,2025-05-05 11:45:00,1596.54,1596.54,1596.46,1596.46,-0.01,10.46,16650.22,-1
2025-05-05,2025-05-05 11:46:00,1596.46,1596.46,1596.38,1596.38,-0.01,10.46,16650.22,-1
2025-05-05,2025-05-05 11:47:00,1596.38,1596.38,1596.31,1596.31,-0.0,10.46,16650.22,-1
2025-05-05,2025-05-05 11:48:00,1596.31,1596.31,1596.23,1596.23,-0.01,10.46,16650.22,-1
2025-05-05,2025-05-05 11:49:00,1596.23,1596.23,1596.15,1596.15,-0.01,10.46,16650.22,-1
2025-05-05,2025-05-05 11:50:00,1596.15,1596.15,1596.08,1596.08,-0.0,10.46,16650.22,-1
2025-05-05,2025-05-05 11:51:00,1596.08,1596.08,1596.0,1596.0,-0.01,10.46,16650.22,-1
2025-05-05,2025-05-05 11:52:00,1596.0,1596.0,1595.92,1595.92,-0.01,10.46,16650.22,-1
2025-05-05,2025-05-05 11:53:00,1595.92,1595.92,1595.84,1595.84,-0.01,10.46,16650.22,-1
2025-05-05,2025-05-05 11:54:00,1595.84,1595.84,1595.77,1595.77,-0.0,10.46,16650.22,-1
2025-05-05,2025-05-05 11:55:00,1595.77,1595.77,1595.69,1595.69,-0.01,10.46,16650.22,-1
2025-05-05,2025-05-05 11:56:00,1595.69,1595.69,1595.61,1595.61,-0.01,10.46,16650.22,-1
2025-05-05,2025-05-05 11:57:00,1595.61,1595.61,1595.54,1595.54,-0.0,10.46,16650.22,-1
2025-05-05,2025-05-05 11:58:00,1595.54,1595.54,1595.46,1595.46,-0.01,10.46,16650.22,-1
2025-05-05,2025-05-05 11:59:00,1595.46,1595.46,1595.38,1595.38,-0.01,10.46,16650.22,-1
2025-05-05,2025-05-05 12:00:00,1595.38,1595.38,1595.31,1595.31,-0.0,10.46,16650.22,-1
2025-05-05,2025-05-05 12:01:00,1595.31,1595.31,1595.23,1595.23,-0.01,10.46,16650.22,-1
2025-05-05,2025-05-05 12:02:00,1595.23,1595.23,1595.15,1595.15,-0.01,10.46,16650.22,-1
2025-05-05,2025-05-05 12:03:00,1595.15,1595.15,1595.07,1595.07,-0.01,10.46,16650.22,-1
2025-05-05,2025-05-05 12:04:00,1595.07,1595.07,1595.0,1595.0,-0.0,10.46,16650.22,-1
2025-05-05,2025-05-05 12:05:00,1595.0,1595.0,1594.92,1594.92,-0.01,10.46,16650.22,-1
2025-05-05,2025-05-05 12:06:00,1594.92,1594.92,1594.84,1594.84,-0.01,10.46,16650.22,-1
2025-05-05,2025-05-05 12:07:00,1594.84,1594.84,1594.77,1594.77,-0.0,10.46,16650.22,-1
2025-05-05,2025-05-05 12:08:00,1594.77,1594.77,1594.69,1594.69,-0.01,10.46,16650.22,-1
2025-05-05,2025-05-05 12:09:00,1594.69,1594.69,1594.61,1594.61,-0.01,10.46,16650.22,-1
2025-05-05,2025-05-05 12:10:00,1594.61,1594.61,1594.54,1594.54,-0.0,10.46,16650.22,-1
2025-05-05,2025-05-05 12:11:00,1594.54,1594.54,1594.46,1594.46,-0.01,10.46,16650.22,-1
2025-05-05,2025-05-05 12:12:00,1594.46,1594.46,1594.38,1594.38,-0.01,10.46,16650.22,-1
2025-05-05,2025-05-05 12:13:00,1594.38,1594.38,1594.31,1594.31,-0.0,10.46,16650.22,-1
2025-05-05,2025-05-05 12:14:00,1594.31,1594.31,1594.23,1594.23,-0.01,10.46,16650.22,-1
2025-05-05,2025-05-05 12:15:00,1594.23,1594.23,1594.15,1594.15,-0.01,10.46,16650.22,-1
2025-05-05,2025-05-05 12:16:00,1594.15,1594.15,1594.07,1594.07,-0.01,10.46,16650.22,-1
2025-05-05,2025-05-05 12:17:00,1594.07,1594.07,1594.0,1594.0,-0.0,10.46,16650.22,-1
2025-05-05,2025-05-05 12:18:00,1594.0,1594.0,1593.92,1593.92,-0.01,10.46,16650.22,-1
2025-05-05,2025-05-05 12:19:00,1593.92,1593.92,1593.84,1593.84,-0.01,10.46,16650.22,-1
2025-05-05,2025-05-05 12:20:00,1593.84,1593.84,1593.77,1593.77,-0.0,10.46,16650.22,-1
2025-05-05,2025-05-05 12:21:00,1593.77,1593.77,1593.69,1593.69,-0.01,10.46,16650.22,-1
2025-05-05,2025-05-05 12:22:00,1593.69,1593.69,1593.61,1593.61,-0.01,10.46,16650.22,-1
2025-05-05,2025-05-05 12:23:00,1593.61,1593.61,1593.54,1593.54,-0.0,10.46,16650.22,-1
2025-05-05,2025-05-05 12:24:00,1593.54,1593.54,1593.46,1593.46,-0.01,10.46,16650.22,-1
2025-05-05,2025-05-05 12:25:00,1593.46,1593.46,1593.38,1593.38,-0.01,10.46,16650.22,-1
2025-05-05,2025-05-05 12:26:00,1593.38,1593.38,1593.3,1593.3,-0.01,10.46,16650.22,-1
2025-05-05,2025-05-05 12:27:00,1593.3,1593.3,1593.23,1593.23,-0.0,10.46,16650.22,-1
2025-05-05,2025-05-05 12:28:00,1593.23,1593.23,1593.15,1593.15,-0.01,10.46,16650.22,-1
2025-05-05,2025-05-05 12:29:00,1593.15,1593.15,1593.07,1593.07,-0.01,10.46,16650.22,-1
2025-05-05,2025-05-05 12:30:00,1593.07,1593.07,1593.0,1593.0,-0.0,10.46,16650.22,-1
2025-05-05,2025-05-05 12:31:00,1593.0,1593.0,1592.92,1592.92,-0.01,10.46,16650.22,-1
2025-05-05,2025-05-05 12:32:00,1592.92,1592.92,1592.84,1592.84,-0.01,10.46,16650.22,-1
2025-05-05,2025-05-05 12:33:00,1592.84,1592.84,1592.77,1592.77,-0.0,10.46,16650.22,-1
2025-05-05,2025-05-05 12:34:00,1592.77,1592.77,1592.69,1592.69,-0.01,10.46,16650.22,-1
2025-05-05,2025-05-05 12:35:00,1592.69,1592.69,1592.61,1592.61,-0.01,10.46,16650.22,-1
2025-05-05,2025-05-05 12:36:00,1592.61,1592.61,1592.54,1592.54,-0.0,10.46,16650.22,-1
2025-05-05,2025-05-05 12:37:00,1592.54,1592.54,1592.46,1592.46,-0.01,10.46,16650.22,-1
2025-05-05,2025-05-05 12:38:00,1592.46,1592.46,1592.38,1592.38,-0.01,10.46,16650.22,-1
2025-05-05,2025-05-05 12:39:00,1592.38,1592.38,1592.3,1592.3,-0.01,10.46,16650.22,-1
2025-05-05,2025-05-05 12:40:00,1592.3,1592.3,1592.23,1592.23,-0.0,10.46,16650.22,-1
2025-05-05,2025-05-05 12:41:00,1592.23,1592.23,1592.15,1592.15,-0.01,10.46,16650.22,-1
2025-05-05,2025-05-05 12:42:00,1592.15,1592.15,1592.07,1592.07,-0.01,10.46,16650.22,-1
2025-05-05,2025-05-05 12:43:00,1592.07,1592.07,1592.0,1592.0,-0.0,10.46,16650.22,-1
2025-05-05,2025-05-05 12:44:00,1592.0,1592.0,1591.92,1591.92,-0.01,10.46,16650.22,-1
2025-05-05,2025-05-05 12:45:00,1591.92,1591.92,1591.84,1591.84,-0.01,10.46,16650.22,-1
2025-05-05,2025-05-05 12:46:00,1591.84,1591.84,1591.77,1591.77,-0.0,10.46,16650.22,-1
2025-05-05,2025-05-05 12:47:00,1591.77,1591.77,1591.69,1591.69,-0.01,10.46,16650.22,-1
2025-05-05,2025-05-05 12:48:00,1591.69,1591.69,1591.61,1591.61,-0.01,10.46,16650.22,-1
2025-05-05,2025-05-05 12:49:00,1591.61,1591.61,1591.53,1591.53,-0.01,10.46,16650.22,-1
2025-05-05,2025-05-05 12:50:00,1591.53,1591.53,1591.46,1591.46,-0.0,10.46,16650.22,-1
2025-05-05,2025-05-05 12:51:00,1591.46,1591.46,1591.38,1591.38,-0.01,10.46,16650.22,-1
2025-05-05,2025-05-05 12:52:00,1591.38,1591.38,1591.3,1591.3,-0.01,10.46,16650.22,-1
2025-05-05,2025-05-05 12:53:00,1591.3,1591.3,1591.23,1591.23,-0.0,10.46,16650.22,-1
2025-05-05,2025-05-05 12:54:00,1591.23,1591.23,1591.15,1591.15,-0.01,10.46,16650.22,-1
2025-05-05,2025-05-05 12:55:00,1591.15,1591.15,1591.07,1591.07,-0.01,10.46,16650.22,-1
2025-05-05,2025-05-05 12:56:00,1591.07,1591.07,1591.0,1591.0,-0.0,10.46,16650.22,-1
2025-05-05,2025-05-05 12:57:00,1591.0,1591.0,1590.92,1590.92,-0.01,10.46,16650.22,-1
2025-05-05,2025-05-05 12:58:00,1590.92,1590.92,1590.84,1590.84,-0.01,10.46,16650.22,-1
2025-05-05,2025-05-05 12:59:00,1590.84,1590.84,1590.76,1590.76,-0.01,10.46,16650.22,-1
2025-05-05,2025-05-05 13:00:00,1590.76,1630.0,1562.0,1590.69,-0.0,10.46,16650.22,-1
2025-05-05,2025-05-05 13:01:00,1590.69,1590.69,1590.61,1590.61,-0.01,10.46,16650.22,-1
2025-05-05,2025-05-05 13:02:00,1590.61,1590.61,1590.53,1590.53,-0.01,10.46,16650.22,-1
2025-05-05,2025-05-05 13:03:00,1590.53,1590.53,1590.46,1590.46,-0.0,10.46,16650.22,-1
2025-05-05,2025-05-05 13:04:00,1590.46,1590.46,1590.38,1590.38,-0.01,10.46,16650.22,-1
2025-05-05,2025-05-05 13:05:00,1590.38,1590.38,1590.3,1590.3,-0.01,10.46,16650.22,-1
2025-05-05,2025-05-05 13:06:00,1590.3,1590.3,1590.23,1590.23,-0.0,10.46,16650.22,-1
2025-05-05,2025-05-05 13:07:00,1590.23,1590.23,1590.15,1590.15,-0.01,10.46,16650.22,-1
2025-05-05,2025-05-05 13:08:00,1590.15,1590.15,1590.07,1590.07,-0.01,10.46,16650.22,-1
2025-05-05,2025-05-05 13:09:00,1590.07,1590.07,1590.0,1590.0,-0.0,10.46,16650.22,-1
2025-05-05,2025-05-05 13:10:00,1590.0,1590.0,1589.92,1589.92,-0.01,10.46,16650.22,-1
2025-05-05,2025-05-05 13:11:00,1589.92,1589.92,1589.84,1589.84,-0.01,10.46,16650.22,-1
2025-05-05,2025-05-05 13:12:00,1589.84,1589.84,1589.76,1589.76,-0.01,10.46,16650.22,-1
2025-05-05,2025-05-05 13:13:00,1589.76,1589.76,1589.69,1589.69,-0.0,10.46,16650.22,-1
2025-05-05,2025-05-05 13:14:00,1589.69,1589.69,1589.61,1589.61,-0.01,10.46,16650.22,-1
2025-05-05,2025-05-05 13:15:00,1589.61,1589.61,1589.53,1589.53,-0.01,10.46,16650.22,-1
2025-05-05,2025-05-05 13:16:00,1589.53,1589.53,1589.46,1589.46,-0.0,10.46,16650.22,-1
2025-05-05,2025-05-05 13:17:00,1589.46,1589.46,1589.38,1589.38,-0.01,10.46,16650.22,-1
2025-05-05,2025-05-05 13:18:00,1589.38,1589.38,1589.3,1589.3,-0.01,10.46,16650.22,-1
2025-05-05,2025-05-05 13:19:00,1589.3,1589.3,1589.23,1589.23,-0.0,10.46,16650.22,-1
2025-05-05,2025-05-05 13:20:00,1589.23,1589.23,1589.15,1589.15,-0.01,10.46,16650.22,-1
2025-05-05,2025-05-05 13:21:00,1589.15,1589.15,1589.07,1589.07,-0.01,10.46,16650.22,-1
2025-05-05,2025-05-05 13:22:00,1589.07,1589.07,1588.99,1588.99,-0.01,10.46,16650.22,-1
2025-05-05,2025-05-05 13:23:00,1588.99,1588.99,1588.92,1588.92,-0.0,10.46,16650.22,-1
2025-05-05,2025-05-05 13:24:00,1588.92,1588.92,1588.84,1588.84,-0.01,10.46,16650.22,-1
2025-05-05,2025-05-05 13:25:00,1588.84,1588.84,1588.76,1588.76,-0.01,10.46,16650.22,-1
2025-05-05,2025-05-05 13:26:00,1588.76,1588.76,1588.69,1588.69,-0.0,10.46,16650.22,-1
2025-05-05,2025-05-05 13:27:00,1588.69,1588.69,1588.61,1588.61,-0.01,10.46,16650.22,-1
2025-05-05,2025-05-05 13:28:00,1588.61,1588.61,1588.53,1588.53,-0.01,10.46,16650.22,-1
2025-05-05,2025-05-05 13:29:00,1588.53,1588.53,1588.46,1588.46,-0.0,10.46,16650.22,-1
2025-05-05,2025-05-05 13:30:00,1588.46,1588.46,1588.38,1588.38,-0.01,10.46,16650.22,-1
2025-05-05,2025-05-05 13:31:00,1588.38,1588.38,1588.3,1588.3,-0.01,10.46,16650.22,-1
2025-05-05,2025-05-05 13:32:00,1588.3,1588.3,1588.23,1588.23,-0.0,10.46,16650.22,-1
2025-05-05,2025-05-05 13:33:00,1588.23,1588.23,1588.15,1588.15,-0.01,10.46,16650.22,-1
2025-05-05,2025-05-05 13:34:00,1588.15,1588.15,1588.07,1588.07,-0.01,10.46,16650.22,-1
2025-05-05,2025-05-05 13:35:00,1588.07,1588.07,1587.99,1587.99,-0.01,10.46,16650.22,-1
2025-05-05,2025-05-05 13:36:00,1587.99,1587.99,1587.92,1587.92,-0.0,10.46,16650.22,-1
2025-05-05,2025-05-05 13:37:00,1587.92,1587.92,1587.84,1587.84,-0.01,10.46,16650.22,-1
2025-05-05,2025-05-05 13:38:00,1587.84,1587.84,1587.76,1587.76,-0.01,10.46,16650.22,-1
2025-05-05,2025-05-05 13:39:00,1587.76,1587.76,1587.69,1587.69,-0.0,10.46,16650.22,-1
2025-05-05,2025-05-05 13:40:00,1587.69,1587.69,1587.61,1587.61,-0.01,10.46,16650.22,-1
2025-05-05,2025-05-05 13:41:00,1587.61,1587.61,1587.53,1587.53,-0.01,10.46,16650.22,-1
2025-05-05,2025-05-05 13:42:00,1587.53,1587.53,1587.46,1587.46,-0.0,10.46,16650.22,-1
2025-05-05,2025-05-05 13:43:00,1587.46,1587.46,1587.38,1587.38,-0.01,10.46,16650.22,-1
2025-05-05,2025-05-05 13:44:00,1587.38,1587.38,1587.3,1587.3,-0.01,10.46,16650.22,-1
2025-05-05,2025-05-05 13:45:00,1587.3,1587.3,1587.22,1587.22,-0.01,10.46,16650.22,-1
2025-05-05,2025-05-05 13:46:00,1587.22,1587.22,1587.15,1587.15,-0.0,10.46,16650.22,-1
2025-05-05,2025-05-05 13:47:00,1587.15,1587.15,1587.07,1587.07,-0.01,10.46,16650.22,-1
2025-05-05,2025-05-05 13:48:00,1587.07,1587.07,1586.99,1586.99,-0.01,10.46,16650.22,-1
2025-05-05,2025-05-05 13:49:00,1586.99,1586.99,1586.92,1586.92,-0.0,10.46,16650.22,-1
2025-05-05,2025-05-05 13:50:00,1586.92,1586.92,1586.84,1586.84,-0.01,10.46,16650.22,-1
2025-05-05,2025-05-05 13:51:00,1586.84,1586.84,1586.76,1586.76,-0.01,10.46,16650.22,-1
2025-05-05,2025-05-05 13:52:00,1586.76,1586.76,1586.69,1586.69,-0.0,10.46,16650.22,-1
2025-05-05,2025-05-05 13:53:00,1586.69,1586.69,1586.61,1586.61,-0.01,10.46,16650.22,-1
2025-05-05,2025-05-05 13:54:00,1586.61,1586.61,1586.53,1586.53,-0.01,10.46,16650.22,-1
2025-05-05,2025-05-05 13:55:00,1586.53,1586.53,1586.46,1586.46,-0.0,10.46,16650.22,-1
2025-05-05,2025-05-05 13:56:00,1586.46,1586.46,1586.38,1586.38,-0.01,10.46,16650.22,-1
2025-05-05,2025-05-05 13:57:00,1586.38,1586.38,1586.3,1586.3,-0.01,10.46,16650.22,-1
2025-05-05,2025-05-05 13:58:00,1586.3,1586.3,1586.22,1586.22,-0.01,10.46,16650.22,-1
2025-05-05,2025-05-05 13:59:00,1586.22,1586.22,1586.15,1586.15,-0.0,10.46,16650.22,-1
2025-05-05,2025-05-05 14:00:00,1586.15,1586.15,1586.07,1586.07,-0.01,10.46,16650.22,-1
2025-05-05,2025-05-05 14:01:00,1586.07,1586.07,1585.99,1585.99,-0.01,10.46,16650.22,-1
2025-05-05,2025-05-05 14:02:00,1585.99,1585.99,1585.92,1585.92,-0.0,10.46,16650.22,-1
2025-05-05,2025-05-05 14:03:00,1585.92,1585.92,1585.84,1585.84,-0.01,10.46,16650.22,-1
2025-05-05,2025-05-05 14:04:00,1585.84,1585.84,1585.76,1585.76,-0.01,10.46,16650.22,-1
2025-05-05,2025-05-05 14:05:00,1585.76,1585.76,1585.69,1585.69,-0.0,10.46,16650.22,-1
2025-05-05,2025-05-05 14:06:00,1585.69,1585.69,1585.61,1585.61,-0.01,10.46,16650.22,-1
2025-05-05,2025-05-05 14:07:00,1585.61,1585.61,1585.53,1585.53,-0.01,10.46,16650.22,-1
2025-05-05,2025-05-05 14:08:00,1585.53,1585.53,1585.45,1585.45,-0.01,10.46,16650.22,-1
2025-05-05,2025-05-05 14:09:00,1585.45,1585.45,1585.38,1585.38,-0.0,10.46,16650.22,-1
2025-05-05,2025-05-05 14:10:00,1585.38,1585.38,1585.3,1585.3,-0.01,10.46,16650.22,-1
2025-05-05,2025-05-05 14:11:00,1585.3,1585.3,1585.22,1585.22,-0.01,10.46,16650.22,-1
2025-05-05,2025-05-05 14:12:00,1585.22,1585.22,1585.15,1585.15,-0.0,10.46,16650.22,-1
2025-05-05,2025-05-05 14:13:00,1585.15,1585.15,1585.07,1585.07,-0.01,10.46,16650.22,-1
2025-05-05,2025-05-05 14:14:00,1585.07,1585.07,1584.99,1584.99,-0.01,10.46,16650.22,-1
2025-05-05,2025-05-05 14:15:00,1584.99,1584.99,1584.92,1584.92,-0.0,10.46,16650.22,-1
2025-05-05,2025-05-05 14:16:00,1584.92,1584.92,1584.84,1584.84,-0.01,10.46,16650.22,-1
2025-05-05,2025-05-05 14:17:00,1584.84,1584.84,1584.76,1584.76,-0.01,10.46,16650.22,-1
2025-05-05,2025-05-05 14:18:00,1584.76,1584.76,1584.69,1584.69,-0.0,10.46,16650.22,-1
2025-05-05,2025-05-05 14:19:00,1584.69,1584.69,1584.61,1584.61,-0.01,10.46,16650.22,-1
2025-05-05,2025-05-05 14:20:00,1584.61,1584.61,1584.53,1584.53,-0.01,10.46,16650.22,-1
2025-05-05,2025-05-05 14:21:00,1584.53,1584.53,1584.45,1584.45,-0.01,10.46,16650.22,-1
2025-05-05,2025-05-05 14:22:00,1584.45,1584.45,1584.38,1584.38,-0.0,10.46,16650.22,-1
2025-05-05,2025-05-05 14:23:00,1584.38,1584.38,1584.3,1584.3,-0.01,10.46,16650.22,-1
2025-05-05,2025-05-05 14:24:00,1584.3,1584.3,1584.22,1584.22,-0.01,10.46,16650.22,-1
2025-05-05,2025-05-05 14:25:00,1584.22,1584.22,1584.15,1584.15,-0.0,10.46,16650.22,-1
2025-05-05,2025-05-05 14:26:00,1584.15,1584.15,1584.07,1584.07,-0.01,10.46,16650.22,-1
2025-05-05,2025-05-05 14:27:00,1584.07,1584.07,1583.99,1583.99,-0.01,10.46,16650.22,-1
2025-05-05,2025-05-05 14:28:00,1583.99,1583.99,1583.92,1583.92,-0.0,10.46,16650.22,-1
2025-05-05,2025-05-05 14:29:00,1583.92,1583.92,1583.84,1583.84,-0.01,10.46,16650.22,-1
2025-05-05,2025-05-05 14:30:00,1583.84,1583.84,1583.76,1583.76,-0.01,10.46,16650.22,-1
2025-05-05,2025-05-05 14:31:00,1583.76,1583.76,1583.68,1583.68,-0.01,10.46,16650.22,-1
2025-05-05,2025-05-05 14:32:00,1583.68,1583.68,1583.61,1583.61,-0.0,10.46,16650.22,-1
2025-05-05,2025-05-05 14:33:00,1583.61,1583.61,1583.53,1583.53,-0.01,10.46,16650.22,-1
2025-05-05,2025-05-05 14:34:00,1583.53,1583.53,1583.45,1583.45,-0.01,10.46,16650.22,-1
2025-05-05,2025-05-05 14:35:00,1583.45,1583.45,1583.38,1583.38,-0.0,10.46,16650.22,-1
2025-05-05,2025-05-05 14:36:00,1583.38,1583.38,1583.3,1583.3,-0.01,10.46,16650.22,-1
2025-05-05,2025-05-05 14:37:00,1583.3,1583.3,1583.22,1583.22,-0.01,10.46,16650.22,-1
2025-05-05,2025-05-05 14:38:00,1583.22,1583.22,1583.15,1583.15,-0.0,10.46,16650.22,-1
2025-05-05,2025-05-05 14:39:00,1583.15,1583.15,1583.07,1583.07,-0.01,10.46,16650.22,-1
2025-05-05,2025-05-05 14:40:00,1583.07,1583.07,1582.99,1582.99,-0.01,10.46,16650.22,-1
2025-05-05,2025-05-05 14:41:00,1582.99,1582.99,1582.92,1582.92,-0.0,10.46,16650.22,-1
2025-05-05,2025-05-05 14:42:00,1582.92,1582.92,1582.84,1582.84,-0.01,10.46,16650.22,-1
2025-05-05,2025-05-05 14:43:00,1582.84,1582.84,1582.76,1582.76,-0.01,10.46,16650.22,-1
2025-05-05,2025-05-05 14:44:00,1582.76,1582.76,1582.68,1582.68,-0.01,10.46,16650.22,-1
2025-05-05,2025-05-05 14:45:00,1582.68,1582.68,1582.61,1582.61,-0.0,10.46,16650.22,-1
2025-05-05,2025-05-05 14:46:00,1582.61,1582.61,1582.53,1582.53,-0.01,10.46,16650.22,-1
2025-05-05,2025-05-05 14:47:00,1582.53,1582.53,1582.45,1582.45,-0.01,10.46,16650.22,-1
2025-05-05,2025-05-05 14:48:00,1582.45,1582.45,1582.38,1582.38,-0.0,10.46,16650.22,-1
2025-05-05,2025-05-05 14:49:00,1582.38,1582.38,1582.3,1582.3,-0.01,10.46,16650.22,-1
2025-05-05,2025-05-05 14:50:00,1582.3,1582.3,1582.22,1582.22,-0.01,10.46,16650.22,-1
2025-05-05,2025-05-05 14:51:00,1582.22,1582.22,1582.15,1582.15,-0.0,10.46,16650.22,-1
2025-05-05,2025-05-05 14:52:00,1582.15,1582.15,1582.07,1582.07,-0.01,10.46,16650.22,-1
2025-05-05,2025-05-05 14:53:00,1582.07,1582.07,1581.99,1581.99,-0.01,10.46,16650.22,-1
2025-05-05,2025-05-05 14:54:00,1581.99,1581.99,1581.91,1581.91,-0.01,10.46,16650.22,-1
2025-05-05,2025-05-05 14:55:00,1581.91,1581.91,1581.84,1581.84,-0.0,10.46,16650.22,-1
2025-05-05,2025-05-05 14:56:00,1581.84,1581.84,1581.76,1581.76,-0.01,10.46,16650.22,-1
2025-05-05,2025-05-05 14:57:00,1581.76,1581.76,1581.68,1581.68,-0.01,10.46,16650.22,-1
2025-05-05,2025-05-05 14:58:00,1581.68,1581.68,1581.61,1581.61,-0.0,10.46,16650.22,-1
2025-05-05,2025-05-05 14:59:00,1581.61,1581.61,1581.53,1581.53,-0.01,10.46,16650.22,-1
2025-05-05,2025-05-05 15:00:00,1581.53,1630.0,1562.0,1581.53,0.0,10.46,16650.22,0
2025-05-06,2025-05-06 11:00:00,1563.1,1607.17,1563.1,1563.31,0.01,25.64,41196.34,1
2025-05-06,2025-05-06 11:01:00,1563.31,1563.52,1563.31,1563.52,0.01,25.64,41196.34,1
2025-05-06,2025-05-06 11:02:00,1563.52,1563.73,1563.52,1563.73,0.01,25.64,41196.34,1
2025-05-06,2025-05-06 11:03:00,1563.73,1563.93,1563.73,1563.93,0.01,25.64,41196.34,1
2025-05-06,2025-05-06 11:04:00,1563.93,1564.14,1563.93,1564.14,0.01,25.64,41196.34,1
2025-05-06,2025-05-06 11:05:00,1564.14,1564.35,1564.14,1564.35,0.01,25.64,41196.34,1
2025-05-06,2025-05-06 11:06:00,1564.35,1564.56,1564.35,1564.56,0.01,25.64,41196.34,1
2025-05-06,2025-05-06 11:07:00,1564.56,1564.77,1564.56,1564.77,0.01,25.64,41196.34,1
2025-05-06,2025-05-06 11:08:00,1564.77,1564.98,1564.77,1564.98,0.01,25.64,41196.34,1
2025-05-06,2025-05-06 11:09:00,1564.98,1565.19,1564.98,1565.19,0.01,25.64,41196.34,1
2025-05-06,2025-05-06 11:10:00,1565.19,1565.4,1565.19,1565.4,0.01,25.64,41196.34,1
2025-05-06,2025-05-06 11:11:00,1565.4,1565.61,1565.4,1565.61,0.01,25.64,41196.34,1
2025-05-06,2025-05-06 11:12:00,1565.61,1565.81,1565.61,1565.81,0.01,25.64,41196.34,1
2025-05-06,2025-05-06 11:13:00,1565.81,1566.02,1565.81,1566.02,0.01,25.64,41196.34,1
2025-05-06,2025-05-06 11:14:00,1566.02,1566.23,1566.02,1566.23,0.01,25.64,41196.34,1
2025-05-06,2025-05-06 11:15:00,1566.23,1566.44,1566.23,1566.44,0.01,25.64,41196.34,1
2025-05-06,2025-05-06 11:16:00,1566.44,1566.65,1566.44,1566.65,0.01,25.64,41196.34,1
2025-05-06,2025-05-06 11:17:00,1566.65,1566.86,1566.65,1566.86,0.01,25.64,41196.34,1
2025-05-06,2025-05-06 11:18:00,1566.86,1567.07,1566.86,1567.07,0.01,25.64,41196.34,1
2025-05-06,2025-05-06 11:19:00,1567.07,1567.27,1567.07,1567.27,0.01,25.64,41196.34,1
2025-05-06,2025-05-06 11:20:00,1567.27,1567.48,1567.27,1567.48,0.01,25.64,41196.34,1
2025-05-06,2025-05-06 11:21:00,1567.48,1567.69,1567.48,1567.69,0.01,25.64,41196.34,1
2025-05-06,2025-05-06 11:22:00,1567.69,1567.9,1567.69,1567.9,0.01,25.64,41196.34,1
2025-05-06,2025-05-06 11:23:00,1567.9,1568.11,1567.9,1568.11,0.01,25.64,41196.34,1
2025-05-06,2025-05-06 11:24:00,1568.11,1568.32,1568.11,1568.32,0.01,25.64,41196.34,1
2025-05-06,2025-05-06 11:25:00,1568.32,1568.53,1568.32,1568.53,0.01,25.64,41196.34,1
2025-05-06,2025-05-06 11:26:00,1568.53,1568.74,1568.53,1568.74,0.01,25.64,41196.34,1
2025-05-06,2025-05-06 11:27:00,1568.74,1568.94,1568.74,1568.94,0.01,25.64,41196.34,1
2025-05-06,2025-05-06 11:28:00,1568.94,1569.15,1568.94,1569.15,0.01,25.64,41196.34,1
2025-05-06,2025-05-06 11:29:00,1569.15,1569.36,1569.15,1569.36,0.01,25.64,41196.34,1
2025-05-06,2025-05-06 11:30:00,1569.36,1569.57,1569.36,1569.57,0.01,25.64,41196.34,1
2025-05-06,2025-05-06 11:31:00,1569.57,1569.78,1569.57,1569.78,0.01,25.64,41196.34,1
2025-05-06,2025-05-06 11:32:00,1569.78,1569.99,1569.78,1569.99,0.01,25.64,41196.34,1
2025-05-06,2025-05-06 11:33:00,1569.99,1570.2,1569.99,1570.2,0.01,25.64,41196.34,1
2025-05-06,2025-05-06 11:34:00,1570.2,1570.41,1570.2,1570.41,0.01,25.64,41196.34,1
2025-05-06,2025-05-06 11:35:00,1570.41,1570.62,1570.41,1570.62,0.01,25.64,41196.34,1
2025-05-06,2025-05-06 11:36:00,1570.62,1570.82,1570.62,1570.82,0.01,25.64,41196.34,1
2025-05-06,2025-05-06 11:37:00,1570.82,1571.03,1570.82,1571.03,0.01,25.64,41196.34,1
2025-05-06,2025-05-06 11:38:00,1571.03,1571.24,1571.03,1571.24,0.01,25.64,41196.34,1
2025-05-06,2025-05-06 11:39:00,1571.24,1571.45,1571.24,1571.45,0.01,25.64,41196.34,1
2025-05-06,2025-05-06 11:40:00,1571.45,1571.66,1571.45,1571.66,0.01,25.64,41196.34,1
2025-05-06,2025-05-06 11:41:00,1571.66,1571.87,1571.66,1571.87,0.01,25.64,41196.34,1
2025-05-06,2025-05-06 11:42:00,1571.87,1572.08,1571.87,1572.08,0.01,25.64,41196.34,1
2025-05-06,2025-05-06 11:43:00,1572.08,1572.28,1572.08,1572.28,0.01,25.64,41196.34,1
2025-05-06,2025-05-06 11:44:00,1572.28,1572.49,1572.28,1572.49,0.01,25.64,41196.34,1
2025-05-06,2025-05-06 11:45:00,1572.49,1572.7,1572.49,1572.7,0.01,25.64,41196.34,1
2025-05-06,2025-05-06 11:46:00,1572.7,1572.91,1572.7,1572.91,0.01,25.64,41196.34,1
2025-05-06,2025-05-06 11:47:00,1572.91,1573.12,1572.91,1573.12,0.01,25.64,41196.34,1
2025-05-06,2025-05-06 11:48:00,1573.12,1573.33,1573.12,1573.33,0.01,25.64,41196.34,1
2025-05-06,2025-05-06 11:49:00,1573.33,1573.54,1573.33,1573.54,0.01,25.64,41196.34,1
2025-05-06,2025-05-06 11:50:00,1573.54,1573.75,1573.54,1573.75,0.01,25.64,41196.34,1
2025-05-06,2025-05-06 11:51:00,1573.75,1573.95,1573.75,1573.95,0.01,25.64,41196.34,1
2025-05-06,2025-05-06 11:52:00,1573.95,1574.16,1573.95,1574.16,0.01,25.64,41196.34,1
2025-05-06,2025-05-06 11:53:00,1574.16,1574.37,1574.16,1574.37,0.01,25.64,41196.34,1
2025-05-06,2025-05-06 11:54:00,1574.37,1574.58,1574.37,1574.58,0.01,25.64,41196.34,1
2025-05-06,2025-05-06 11:55:00,1574.58,1574.79,1574.58,1574.79,0.01,25.64,41196.34,1
2025-05-06,2025-05-06 11:56:00,1574.79,1575.0,1574.79,1575.0,0.01,25.64,41196.34,1
2025-05-06,2025-05-06 11:57:00,1575.0,1575.21,1575.0,1575.21,0.01,25.64,41196.34,1
2025-05-06,2025-05-06 11:58:00,1575.21,1575.42,1575.21,1575.42,0.01,25.64,41196.34,1
2025-05-06,2025-05-06 11:59:00,1575.42,1575.62,1575.42,1575.62,0.01,25.64,41196.34,1
2025-05-06,2025-05-06 12:00:00,1575.62,1575.83,1575.62,1575.83,0.01,25.64,41196.34,1
2025-05-06,2025-05-06 12:01:00,1575.83,1576.04,1575.83,1576.04,0.01,25.64,41196.34,1
2025-05-06,2025-05-06 12:02:00,1576.04,1576.25,1576.04,1576.25,0.01,25.64,41196.34,1
2025-05-06,2025-05-06 12:03:00,1576.25,1576.46,1576.25,1576.46,0.01,25.64,41196.34,1
2025-05-06,2025-05-06 12:04:00,1576.46,1576.67,1576.46,1576.67,0.01,25.64,41196.34,1
2025-05-06,2025-05-06 12:05:00,1576.67,1576.88,1576.67,1576.88,0.01,25.64,41196.34,1
2025-05-06,2025-05-06 12:06:00,1576.88,1577.09,1576.88,1577.09,0.01,25.64,41196.34,1
2025-05-06,2025-05-06 12:07:00,1577.09,1577.29,1577.09,1577.29,0.01,25.64,41196.34,1
2025-05-06,2025-05-06 12:08:00,1577.29,1577.5,1577.29,1577.5,0.01,25.64,41196.34,1
2025-05-06,2025-05-06 12:09:00,1577.5,1577.71,1577.5,1577.71,0.01,25.64,41196.34,1
2025-05-06,2025-05-06 12:10:00,1577.71,1577.92,1577.71,1577.92,0.01,25.64,41196.34,1
2025-05-06,2025-05-06 12:11:00,1577.92,1578.13,1577.92,1578.13,0.01,25.64,41196.34,1
2025-05-06,2025-05-06 12:12:00,1578.13,1578.34,1578.13,1578.34,0.01,25.64,41196.34,1
2025-05-06,2025-05-06 12:13:00,1578.34,1578.55,1578.34,1578.55,0.01,25.64,41196.34,1
2025-05-06,2025-05-06 12:14:00,1578.55,1578.76,1578.55,1578.76,0.01,25.64,41196.34,1
2025-05-06,2025-05-06 12:15:00,1578.76,1578.96,1578.76,1578.96,0.01,25.64,41196.34,1
2025-05-06,2025-05-06 12:16:00,1578.96,1579.17,1578.96,1579.17,0.01,25.64,41196.34,1
2025-05-06,2025-05-06 12:17:00,1579.17,1579.38,1579.17,1579.38,0.01,25.64,41196.34,1
2025-05-06,2025-05-06 12:18:00,1579.38,1579.59,1579.38,1579.59,0.01,25.64,41196.34,1
2025-05-06,2025-05-06 12:19:00,1579.59,1579.8,1579.59,1579.8,0.01,25.64,41196.34,1
2025-05-06,2025-05-06 12:20:00,1579.8,1580.01,1579.8,1580.01,0.01,25.64,41196.34,1
2025-05-06,2025-05-06 12:21:00,1580.01,1580.22,1580.01,1580.22,0.01,25.64,41196.34,1
2025-05-06,2025-05-06 12:22:00,1580.22,1580.43,1580.22,1580.43,0.01,25.64,41196.34,1
2025-05-06,2025-05-06 12:23:00,1580.43,1580.63,1580.43,1580.63,0.01,25.64,41196.34,1
2025-05-06,2025-05-06 12:24:00,1580.63,1580.84,1580.63,1580.84,0.01,25.64,41196.34,1
2025-05-06,2025-05-06 12:25:00,1580.84,1581.05,1580.84,1581.05,0.01,25.64,41196.34,1
2025-05-06,2025-05-06 12:26:00,1581.05,1581.26,1581.05,1581.26,0.01,25.64,41196.34,1
2025-05-06,2025-05-06 12:27:00,1581.26,1581.47,1581.26,1581.47,0.01,25.64,41196.34,1
2025-05-06,2025-05-06 12:28:00,1581.47,1581.68,1581.47,1581.68,0.01,25.64,41196.34,1
2025-05-06,2025-05-06 12:29:00,1581.68,1581.89,1581.68,1581.89,0.01,25.64,41196.34,1
2025-05-06,2025-05-06 12:30:00,1581.89,1582.1,1581.89,1582.1,0.01,25.64,41196.34,1
2025-05-06,2025-05-06 12:31:00,1582.1,1582.31,1582.1,1582.31,0.01,25.64,41196.34,1
2025-05-06,2025-05-06 12:32:00,1582.31,1582.51,1582.31,1582.51,0.01,25.64,41196.34,1
2025-05-06,2025-05-06 12:33:00,1582.51,1582.72,1582.51,1582.72,0.01,25.64,41196.34,1
2025-05-06,2025-05-06 12:34:00,1582.72,1582.93,1582.72,1582.93,0.01,25.64,41196.34,1
2025-05-06,2025-05-06 12:35:00,1582.93,1583.14,1582.93,1583.14,0.01,25.64,41196.34,1
2025-05-06,2025-05-06 12:36:00,1583.14,1583.35,1583.14,1583.35,0.01,25.64,41196.34,1
2025-05-06,2025-05-06 12:37:00,1583.35,1583.56,1583.35,1583.56,0.01,25.64,41196.34,1
2025-05-06,2025-05-06 12:38:00,1583.56,1583.77,1583.56,1583.77,0.01,25.64,41196.34,1
2025-05-06,2025-05-06 12:39:00,1583.77,1583.97,1583.77,1583.97,0.01,25.64,41196.34,1
2025-05-06,2025-05-06 12:40:00,1583.97,1584.18,1583.97,1584.18,0.01,25.64,41196.34,1
2025-05-06,2025-05-06 12:41:00,1584.18,1584.39,1584.18,1584.39,0.01,25.64,41196.34,1
2025-05-06,2025-05-06 12:42:00,1584.39,1584.6,1584.39,1584.6,0.01,25.64,41196.34,1
2025-05-06,2025-05-06 12:43:00,1584.6,1584.81,1584.6,1584.81,0.01,25.64,41196.34,1
2025-05-06,2025-05-06 12:44:00,1584.81,1585.02,1584.81,1585.02,0.01,25.64,41196.34,1
2025-05-06,2025-05-06 12:45:00,1585.02,1585.23,1585.02,1585.23,0.01,25.64,41196.34,1
2025-05-06,2025-05-06 12:46:00,1585.23,1585.44,1585.23,1585.44,0.01,25.64,41196.34,1
2025-05-06,2025-05-06 12:47:00,1585.44,1585.64,1585.44,1585.64,0.01,25.64,41196.34,1
2025-05-06,2025-05-06 12:48:00,1585.64,1585.85,1585.64,1585.85,0.01,25.64,41196.34,1
2025-05-06,2025-05-06 12:49:00,1585.85,1586.06,1585.85,1586.06,0.01,25.64,41196.34,1
2025-05-06,2025-05-06 12:50:00,1586.06,1586.27,1586.06,1586.27,0.01,25.64,41196.34,1
2025-05-06,2025-05-06 12:51:00,1586.27,1586.48,1586.27,1586.48,0.01,25.64,41196.34,1
2025-05-06,2025-05-06 12:52:00,1586.48,1586.69,1586.48,1586.69,0.01,25.64,41196.34,1
2025-05-06,2025-05-06 12:53:00,1586.69,1586.9,1586.69,1586.9,0.01,25.64,41196.34,1
2025-05-06,2025-05-06 12:54:00,1586.9,1587.11,1586.9,1587.11,0.01,25.64,41196.34,1
2025-05-06,2025-05-06 12:55:00,1587.11,1587.32,1587.11,1587.32,0.01,25.64,41196.34,1
2025-05-06,2025-05-06 12:56:00,1587.32,1587.52,1587.32,1587.52,0.01,25.64,41196.34,1
2025-05-06,2025-05-06 12:57:00,1587.52,1587.73,1587.52,1587.73,0.01,25.64,41196.34,1
2025-05-06,2025-05-06 12:58:00,1587.73,1587.94,1587.73,1587.94,0.01,25.64,41196.34,1
2025-05-06,2025-05-06 12:59:00,1587.94,1588.15,1587.94,1588.15,0.01,25.64,41196.34,1
2025-05-06,2025-05-06 13:00:00,1588.15,1710.0,1563.1,1588.36,0.01,25.64,41196.34,1
2025-05-06,2025-05-06 13:01:00,1588.36,1588.57,1588.36,1588.57,0.01,25.64,41196.34,1
2025-05-06,2025-05-06 13:02:00,1588.57,1588.78,1588.57,1588.78,0.01,25.64,41196.34,1
2025-05-06,2025-05-06 13:03:00,1588.78,1588.98,1588.78,1588.98,0.01,25.64,41196.34,1
2025-05-06,2025-05-06 13:04:00,1588.98,1589.19,1588.98,1589.19,0.01,25.64,41196.34,1
2025-05-06,2025-05-06 13:05:00,1589.19,1589.4,1589.19,1589.4,0.01,25.64,41196.34,1
2025-05-06,2025-05-06 13:06:00,1589.4,1589.61,1589.4,1589.61,0.01,25.64,41196.34,1
2025-05-06,2025-05-06 13:07:00,1589.61,1589.82,1589.61,1589.82,0.01,25.64,41196.34,1
2025-05-06,2025-05-06 13:08:00,1589.82,1590.03,1589.82,1590.03,0.01,25.64,41196.34,1
2025-05-06,2025-05-06 13:09:00,1590.03,1590.24,1590.03,1590.24,0.01,25.64,41196.34,1
2025-05-06,2025-05-06 13:10:00,1590.24,1590.45,1590.24,1590.45,0.01,25.64,41196.34,1
2025-05-06,2025-05-06 13:11:00,1590.45,1590.65,1590.45,1590.65,0.01,25.64,41196.34,1
2025-05-06,2025-05-06 13:12:00,1590.65,1590.86,1590.65,1590.86,0.01,25.64,41196.34,1
2025-05-06,2025-05-06 13:13:00,1590.86,1591.07,1590.86,1591.07,0.01,25.64,41196.34,1
2025-05-06,2025-05-06 13:14:00,1591.07,1591.28,1591.07,1591.28,0.01,25.64,41196.34,1
2025-05-06,2025-05-06 13:15:00,1591.28,1591.49,1591.28,1591.49,0.01,25.64,41196.34,1
2025-05-06,2025-05-06 13:16:00,1591.49,1591.7,1591.49,1591.7,0.01,25.64,41196.34,1
2025-05-06,2025-05-06 13:17:00,1591.7,1591.91,1591.7,1591.91,0.01,25.64,41196.34,1
2025-05-06,2025-05-06 13:18:00,1591.91,1592.12,1591.91,1592.12,0.01,25.64,41196.34,1
2025-05-06,2025-05-06 13:19:00,1592.12,1592.33,1592.12,1592.33,0.01,25.64,41196.34,1
2025-05-06,2025-05-06 13:20:00,1592.33,1592.53,1592.33,1592.53,0.01,25.64,41196.34,1
2025-05-06,2025-05-06 13:21:00,1592.53,1592.74,1592.53,1592.74,0.01,25.64,41196.34,1
2025-05-06,2025-05-06 13:22:00,1592.74,1592.95,1592.74,1592.95,0.01,25.64,41196.34,1
2025-05-06,2025-05-06 13:23:00,1592.95,1593.16,1592.95,1593.16,0.01,25.64,41196.34,1
2025-05-06,2025-05-06 13:24:00,1593.16,1593.37,1593.16,1593.37,0.01,25.64,41196.34,1
2025-05-06,2025-05-06 13:25:00,1593.37,1593.58,1593.37,1593.58,0.01,25.64,41196.34,1
2025-05-06,2025-05-06 13:26:00,1593.58,1593.79,1593.58,1593.79,0.01,25.64,41196.34,1
2025-05-06,2025-05-06 13:27:00,1593.79,1593.99,1593.79,1593.99,0.01,25.64,41196.34,1
2025-05-06,2025-05-06 13:28:00,1593.99,1594.2,1593.99,1594.2,0.01,25.64,41196.34,1
2025-05-06,2025-05-06 13:29:00,1594.2,1594.41,1594.2,1594.41,0.01,25.64,41196.34,1
2025-05-06,2025-05-06 13:30:00,1594.41,1594.62,1594.41,1594.62,0.01,25.64,41196.34,1
2025-05-06,2025-05-06 13:31:00,1594.62,1594.83,1594.62,1594.83,0.01,25.64,41196.34,1
2025-05-06,2025-05-06 13:32:00,1594.83,1595.04,1594.83,1595.04,0.01,25.64,41196.34,1
2025-05-06,2025-05-06 13:33:00,1595.04,1595.25,1595.04,1595.25,0.01,25.64,41196.34,1
2025-05-06,2025-05-06 13:34:00,1595.25,1595.46,1595.25,1595.46,0.01,25.64,41196.34,1
2025-05-06,2025-05-06 13:35:00,1595.46,1595.66,1595.46,1595.66,0.01,25.64,41196.34,1
2025-05-06,2025-05-06 13:36:00,1595.66,1595.87,1595.66,1595.87,0.01,25.64,41196.34,1
2025-05-06,2025-05-06 13:37:00,1595.87,1596.08,1595.87,1596.08,0.01,25.64,41196.34,1
2025-05-06,2025-05-06 13:38:00,1596.08,1596.29,1596.08,1596.29,0.01,25.64,41196.34,1
2025-05-06,2025-05-06 13:39:00,1596.29,1596.5,1596.29,1596.5,0.01,25.64,41196.34,1
2025-05-06,2025-05-06 13:40:00,1596.5,1596.71,1596.5,1596.71,0.01,25.64,41196.34,1
2025-05-06,2025-05-06 13:41:00,1596.71,1596.92,1596.71,1596.92,0.01,25.64,41196.34,1
2025-05-06,2025-05-06 13:42:00,1596.92,1597.13,1596.92,1597.13,0.01,25.64,41196.34,1
2025-05-06,2025-05-06 13:43:00,1597.13,1597.34,1597.13,1597.34,0.01,25.64,41196.34,1
2025-05-06,2025-05-06 13:44:00,1597.34,1597.54,1597.34,1597.54,0.01,25.64,41196.34,1
2025-05-06,2025-05-06 13:45:00,1597.54,1597.75,1597.54,1597.75,0.01,25.64,41196.34,1
2025-05-06,2025-05-06 13:46:00,1597.75,1597.96,1597.75,1597.96,0.01,25.64,41196.34,1
2025-05-06,2025-05-06 13:47:00,1597.96,1598.17,1597.96,1598.17,0.01,25.64,41196.34,1
2025-05-06,2025-05-06 13:48:00,1598.17,1598.38,1598.17,1598.38,0.01,25.64,41196.34,1
2025-05-06,2025-05-06 13:49:00,1598.38,1598.59,1598.38,1598.59,0.01,25.64,41196.34,1
2025-05-06,2025-05-06 13:50:00,1598.59,1598.8,1598.59,1598.8,0.01,25.64,41196.34,1
2025-05-06,2025-05-06 13:51:00,1598.8,1599.01,1598.8,1599.01,0.01,25.64,41196.34,1
2025-05-06,2025-05-06 13:52:00,1599.01,1599.21,1599.01,1599.21,0.01,25.64,41196.34,1
2025-05-06,2025-05-06 13:53:00,1599.21,1599.42,1599.21,1599.42,0.01,25.64,41196.34,1
2025-05-06,2025-05-06 13:54:00,1599.42,1599.63,1599.42,1599.63,0.01,25.64,41196.34,1
2025-05-06,2025-05-06 13:55:00,1599.63,1599.84,1599.63,1599.84,0.01,25.64,41196.34,1
2025-05-06,2025-05-06 13:56:00,1599.84,1600.05,1599.84,1600.05,0.01,25.64,41196.34,1
2025-05-06,2025-05-06 13:57:00,1600.05,1600.26,1600.05,1600.26,0.01,25.64,41196.34,1
2025-05-06,2025-05-06 13:58:00,1600.26,1600.47,1600.26,1600.47,0.01,25.64,41196.34,1
2025-05-06,2025-05-06 13:59:00,1600.47,1600.67,1600.47,1600.67,0.01,25.64,41196.34,1
2025-05-06,2025-05-06 14:00:00,1600.67,1600.88,1600.67,1600.88,0.01,25.64,41196.34,1
2025-05-06,2025-05-06 14:01:00,1600.88,1601.09,1600.88,1601.09,0.01,25.64,41196.34,1
2025-05-06,2025-05-06 14:02:00,1601.09,1601.3,1601.09,1601.3,0.01,25.64,41196.34,1
2025-05-06,2025-05-06 14:03:00,1601.3,1601.51,1601.3,1601.51,0.01,25.64,41196.34,1
2025-05-06,2025-05-06 14:04:00,1601.51,1601.72,1601.51,1601.72,0.01,25.64,41196.34,1
2025-05-06,2025-05-06 14:05:00,1601.72,1601.93,1601.72,1601.93,0.01,25.64,41196.34,1
2025-05-06,2025-05-06 14:06:00,1601.93,1602.14,1601.93,1602.14,0.01,25.64,41196.34,1
2025-05-06,2025-05-06 14:07:00,1602.14,1602.35,1602.14,1602.35,0.01,25.64,41196.34,1
2025-05-06,2025-05-06 14:08:00,1602.35,1602.55,1602.35,1602.55,0.01,25.64,41196.34,1
2025-05-06,2025-05-06 14:09:00,1602.55,1602.76,1602.55,1602.76,0.01,25.64,41196.34,1
2025-05-06,2025-05-06 14:10:00,1602.76,1602.97,1602.76,1602.97,0.01,25.64,41196.34,1
2025-05-06,2025-05-06 14:11:00,1602.97,1603.18,1602.97,1603.18,0.01,25.64,41196.34,1
2025-05-06,2025-05-06 14:12:00,1603.18,1603.39,1603.18,1603.39,0.01,25.64,41196.34,1
2025-05-06,2025-05-06 14:13:00,1603.39,1603.6,1603.39,1603.6,0.01,25.64,41196.34,1
2025-05-06,2025-05-06 14:14:00,1603.6,1603.81,1603.6,1603.81,0.01,25.64,41196.34,1
2025-05-06,2025-05-06 14:15:00,1603.81,1604.02,1603.81,1604.02,0.01,25.64,41196.34,1
2025-05-06,2025-05-06 14:16:00,1604.02,1604.22,1604.02,1604.22,0.01,25.64,41196.34,1
2025-05-06,2025-05-06 14:17:00,1604.22,1604.43,1604.22,1604.43,0.01,25.64,41196.34,1
2025-05-06,2025-05-06 14:18:00,1604.43,1604.64,1604.43,1604.64,0.01,25.64,41196.34,1
2025-05-06,2025-05-06 14:19:00,1604.64,1604.85,1604.64,1604.85,0.01,25.64,41196.34,1
2025-05-06,2025-05-06 14:20:00,1604.85,1605.06,1604.85,1605.06,0.01,25.64,41196.34,1
2025-05-06,2025-05-06 14:21:00,1605.06,1605.27,1605.06,1605.27,0.01,25.64,41196.34,1
2025-05-06,2025-05-06 14:22:00,1605.27,1605.48,1605.27,1605.48,0.01,25.64,41196.34,1
2025-05-06,2025-05-06 14:23:00,1605.48,1605.68,1605.48,1605.68,0.01,25.64,41196.34,1
2025-05-06,2025-05-06 14:24:00,1605.68,1605.89,1605.68,1605.89,0.01,25.64,41196.34,1
2025-05-06,2025-05-06 14:25:00,1605.89,1606.1,1605.89,1606.1,0.01,25.64,41196.34,1
2025-05-06,2025-05-06 14:26:00,1606.1,1606.31,1606.1,1606.31,0.01,25.64,41196.34,1
2025-05-06,2025-05-06 14:27:00,1606.31,1606.52,1606.31,1606.52,0.01,25.64,41196.34,1
2025-05-06,2025-05-06 14:28:00,1606.52,1606.73,1606.52,1606.73,0.01,25.64,41196.34,1
2025-05-06,2025-05-06 14:29:00,1606.73,1606.94,1606.73,1606.94,0.01,25.64,41196.34,1
2025-05-06,2025-05-06 14:30:00,1606.94,1607.15,1606.94,1607.15,0.01,25.64,41196.34,1
2025-05-06,2025-05-06 14:31:00,1607.15,1607.36,1607.15,1607.36,0.01,25.64,41196.34,1
2025-05-06,2025-05-06 14:32:00,1607.36,1607.56,1607.36,1607.56,0.01,25.64,41196.34,1
2025-05-06,2025-05-06 14:33:00,1607.56,1607.77,1607.56,1607.77,0.01,25.64,41196.34,1
2025-05-06,2025-05-06 14:34:00,1607.77,1607.98,1607.77,1607.98,0.01,25.64,41196.34,1
2025-05-06,2025-05-06 14:35:00,1607.98,1608.19,1607.98,1608.19,0.01,25.64,41196.34,1
2025-05-06,2025-05-06 14:36:00,1608.19,1608.4,1608.19,1608.4,0.01,25.64,41196.34,1
2025-05-06,2025-05-06 14:37:00,1608.4,1608.61,1608.4,1608.61,0.01,25.64,41196.34,1
2025-05-06,2025-05-06 14:38:00,1608.61,1608.82,1608.61,1608.82,0.01,25.64,41196.34,1
2025-05-06,2025-05-06 14:39:00,1608.82,1609.03,1608.82,1609.03,0.01,25.64,41196.34,1
2025-05-06,2025-05-06 14:40:00,1609.03,1609.23,1609.03,1609.23,0.01,25.64,41196.34,1
2025-05-06,2025-05-06 14:41:00,1609.23,1609.44,1609.23,1609.44,0.01,25.64,41196.34,1
2025-05-06,2025-05-06 14:42:00,1609.44,1609.65,1609.44,1609.65,0.01,25.64,41196.34,1
2025-05-06,2025-05-06 14:43:00,1609.65,1609.86,1609.65,1609.86,0.01,25.64,41196.34,1
2025-05-06,2025-05-06 14:44:00,1609.86,1610.07,1609.86,1610.07,0.01,25.64,41196.34,1
2025-05-06,2025-05-06 14:45:00,1610.07,1610.28,1610.07,1610.28,0.01,25.64,41196.34,1
2025-05-06,2025-05-06 14:46:00,1610.28,1610.49,1610.28,1610.49,0.01,25.64,41196.34,1
2025-05-06,2025-05-06 14:47:00,1610.49,1610.69,1610.49,1610.69,0.01,25.64,41196.34,1
2025-05-06,2025-05-06 14:48:00,1610.69,1610.9,1610.69,1610.9,0.01,25.64,41196.34,1
2025-05-06,2025-05-06 14:49:00,1610.9,1611.11,1610.9,1611.11,0.01,25.64,41196.34,1
2025-05-06,2025-05-06 14:50:00,1611.11,1611.32,1611.11,1611.32,0.01,25.64,41196.34,1
2025-05-06,2025-05-06 14:51:00,1611.32,1611.53,1611.32,1611.53,0.01,25.64,41196.34,1
2025-05-06,2025-05-06 14:52:00,1611.53,1611.74,1611.53,1611.74,0.01,25.64,41196.34,1
2025-05-06,2025-05-06 14:53:00,1611.74,1611.95,1611.74,1611.95,0.01,25.64,41196.34,1
2025-05-06,2025-05-06 14:54:00,1611.95,1612.16,1611.95,1612.16,0.01,25.64,41196.34,1
2025-05-06,2025-05-06 14:55:00,1612.16,1612.37,1612.16,1612.37,0.01,25.64,41196.34,1
2025-05-06,2025-05-06 14:56:00,1612.37,1612.57,1612.37,1612.57,0.01,25.64,41196.34,1
2025-05-06,2025-05-06 14:57:00,1612.57,1612.78,1612.57,1612.78,0.01,25.64,41196.34,1
2025-05-06,2025-05-06 14:58:00,1612.78,1612.99,1612.78,1612.99,0.01,25.64,41196.34,1
2025-05-06,2025-05-06 14:59:00,1612.99,1613.2,1612.99,1613.2,0.01,25.64,41196.34,1
2025-05-06,2025-05-06 15:00:00,1613.2,1710.0,1563.1,1613.2,0.0,25.64,41196.34,0
2025-05-07,2025-05-07 11:00:00,1581.2,1606.94,1577.87,1581.48,0.02,21.88,35128.47,1
2025-05-07,2025-05-07 11:01:00,1581.48,1581.75,1581.48,1581.75,0.02,21.88,35128.47,1
2025-05-07,2025-05-07 11:02:00,1581.75,1582.03,1581.75,1582.03,0.02,21.88,35128.47,1
2025-05-07,2025-05-07 11:03:00,1582.03,1582.3,1582.03,1582.3,0.02,21.88,35128.47,1
2025-05-07,2025-05-07 11:04:00,1582.3,1582.58,1582.3,1582.58,0.02,21.88,35128.47,1
2025-05-07,2025-05-07 11:05:00,1582.58,1582.85,1582.58,1582.85,0.02,21.88,35128.47,1
2025-05-07,2025-05-07 11:06:00,1582.85,1583.13,1582.85,1583.13,0.02,21.88,35128.47,1
2025-05-07,2025-05-07 11:07:00,1583.13,1583.4,1583.13,1583.4,0.02,21.88,35128.47,1
2025-05-07,2025-05-07 11:08:00,1583.4,1583.68,1583.4,1583.68,0.02,21.88,35128.47,1
2025-05-07,2025-05-07 11:09:00,1583.68,1583.95,1583.68,1583.95,0.02,21.88,35128.47,1
2025-05-07,2025-05-07 11:10:00,1583.95,1584.23,1583.95,1584.23,0.02,21.88,35128.47,1
2025-05-07,2025-05-07 11:11:00,1584.23,1584.51,1584.23,1584.51,0.02,21.88,35128.47,1
2025-05-07,2025-05-07 11:12:00,1584.51,1584.78,1584.51,1584.78,0.02,21.88,35128.47,1
2025-05-07,2025-05-07 11:13:00,1584.78,1585.06,1584.78,1585.06,0.02,21.88,35128.47,1
2025-05-07,2025-05-07 11:14:00,1585.06,1585.33,1585.06,1585.33,0.02,21.88,35128.47,1
2025-05-07,2025-05-07 11:15:00,1585.33,1585.61,1585.33,1585.61,0.02,21.88,35128.47,1
2025-05-07,2025-05-07 11:16:00,1585.61,1585.88,1585.61,1585.88,0.02,21.88,35128.47,1
2025-05-07,2025-05-07 11:17:00,1585.88,1586.16,1585.88,1586.16,0.02,21.88,35128.47,1
2025-05-07,2025-05-07 11:18:00,1586.16,1586.43,1586.16,1586.43,0.02,21.88,35128.47,1
2025-05-07,2025-05-07 11:19:00,1586.43,1586.71,1586.43,1586.71,0.02,21.88,35128.47,1
2025-05-07,2025-05-07 11:20:00,1586.71,1586.99,1586.71,1586.99,0.02,21.88,35128.47,1
2025-05-07,2025-05-07 11:21:00,1586.99,1587.26,1586.99,1587.26,0.02,21.88,35128.47,1
2025-05-07,2025-05-07 11:22:00,1587.26,1587.54,1587.26,1587.54,0.02,21.88,35128.47,1
2025-05-07,2025-05-07 11:23:00,1587.54,1587.81,1587.54,1587.81,0.02,21.88,35128.47,1
2025-05-07,2025-05-07 11:24:00,1587.81,1588.09,1587.81,1588.09,0.02,21.88,35128.47,1
2025-05-07,2025-05-07 11:25:00,1588.09,1588.36,1588.09,1588.36,0.02,21.88,35128.47,1
2025-05-07,2025-05-07 11:26:00,1588.36,1588.64,1588.36,1588.64,0.02,21.88,35128.47,1
2025-05-07,2025-05-07 11:27:00,1588.64,1588.91,1588.64,1588.91,0.02,21.88,35128.47,1
2025-05-07,2025-05-07 11:28:00,1588.91,1589.19,1588.91,1589.19,0.02,21.88,35128.47,1
2025-05-07,2025-05-07 11:29:00,1589.19,1589.47,1589.19,1589.47,0.02,21.88,35128.47,1
2025-05-07,2025-05-07 11:30:00,1589.47,1589.74,1589.47,1589.74,0.02,21.88,35128.47,1
2025-05-07,2025-05-07 11:31:00,1589.74,1590.02,1589.74,1590.02,0.02,21.88,35128.47,1
2025-05-07,2025-05-07 11:32:00,1590.02,1590.29,1590.02,1590.29,0.02,21.88,35128.47,1
2025-05-07,2025-05-07 11:33:00,1590.29,1590.57,1590.29,1590.57,0.02,21.88,35128.47,1
2025-05-07,2025-05-07 11:34:00,1590.57,1590.84,1590.57,1590.84,0.02,21.88,35128.47,1
2025-05-07,2025-05-07 11:35:00,1590.84,1591.12,1590.84,1591.12,0.02,21.88,35128.47,1
2025-05-07,2025-05-07 11:36:00,1591.12,1591.39,1591.12,1591.39,0.02,21.88,35128.47,1
2025-05-07,2025-05-07 11:37:00,1591.39,1591.67,1591.39,1591.67,0.02,21.88,35128.47,1
2025-05-07,2025-05-07 11:38:00,1591.67,1591.94,1591.67,1591.94,0.02,21.88,35128.47,1
2025-05-07,2025-05-07 11:39:00,1591.94,1592.22,1591.94,1592.22,0.02,21.88,35128.47,1
2025-05-07,2025-05-07 11:40:00,1592.22,1592.5,1592.22,1592.5,0.02,21.88,35128.47,1
2025-05-07,2025-05-07 11:41:00,1592.5,1592.77,1592.5,1592.77,0.02,21.88,35128.47,1
2025-05-07,2025-05-07 11:42:00,1592.77,1593.05,1592.77,1593.05,0.02,21.88,35128.47,1
2025-05-07,2025-05-07 11:43:00,1593.05,1593.32,1593.05,1593.32,0.02,21.88,35128.47,1
2025-05-07,2025-05-07 11:44:00,1593.32,1593.6,1593.32,1593.6,0.02,21.88,35128.47,1
2025-05-07,2025-05-07 11:45:00,1593.6,1593.87,1593.6,1593.87,0.02,21.88,35128.47,1
2025-05-07,2025-05-07 11:46:00,1593.87,1594.15,1593.87,1594.15,0.02,21.88,35128.47,1
2025-05-07,2025-05-07 11:47:00,1594.15,1594.42,1594.15,1594.42,0.02,21.88,35128.47,1
2025-05-07,2025-05-07 11:48:00,1594.42,1594.7,1594.42,1594.7,0.02,21.88,35128.47,1
2025-05-07,2025-05-07 11:49:00,1594.7,1594.97,1594.7,1594.97,0.02,21.88,35128.47,1
2025-05-07,2025-05-07 11:50:00,1594.97,1595.25,1594.97,1595.25,0.02,21.88,35128.47,1
2025-05-07,2025-05-07 11:51:00,1595.25,1595.53,1595.25,1595.53,0.02,21.88,35128.47,1
2025-05-07,2025-05-07 11:52:00,1595.53,1595.8,1595.53,1595.8,0.02,21.88,35128.47,1
2025-05-07,2025-05-07 11:53:00,1595.8,1596.08,1595.8,1596.08,0.02,21.88,35128.47,1
2025-05-07,2025-05-07 11:54:00,1596.08,1596.35,1596.08,1596.35,0.02,21.88,35128.47,1
2025-05-07,2025-05-07 11:55:00,1596.35,1596.63,1596.35,1596.63,0.02,21.88,35128.47,1
2025-05-07,2025-05-07 11:56:00,1596.63,1596.9,1596.63,1596.9,0.02,21.88,35128.47,1
2025-05-07,2025-05-07 11:57:00,1596.9,1597.18,1596.9,1597.18,0.02,21.88,35128.47,1
2025-05-07,2025-05-07 11:58:00,1597.18,1597.45,1597.18,1597.45,0.02,21.88,35128.47,1
2025-05-07,2025-05-07 11:59:00,1597.45,1597.73,1597.45,1597.73,0.02,21.88,35128.47,1
2025-05-07,2025-05-07 12:00:00,1597.73,1598.01,1597.73,1598.01,0.02,21.88,35128.47,1
2025-05-07,2025-05-07 12:01:00,1598.01,1598.28,1598.01,1598.28,0.02,21.88,35128.47,1
2025-05-07,2025-05-07 12:02:00,1598.28,1598.56,1598.28,1598.56,0.02,21.88,35128.47,1
2025-05-07,2025-05-07 12:03:00,1598.56,1598.83,1598.56,1598.83,0.02,21.88,35128.47,1
2025-05-07,2025-05-07 12:04:00,1598.83,1599.11,1598.83,1599.11,0.02,21.88,35128.47,1
2025-05-07,2025-05-07 12:05:00,1599.11,1599.38,1599.11,1599.38,0.02,21.88,35128.47,1
2025-05-07,2025-05-07 12:06:00,1599.38,1599.66,1599.38,1599.66,0.02,21.88,35128.47,1
2025-05-07,2025-05-07 12:07:00,1599.66,1599.93,1599.66,1599.93,0.02,21.88,35128.47,1
2025-05-07,2025-05-07 12:08:00,1599.93,1600.21,1599.93,1600.21,0.02,21.88,35128.47,1
2025-05-07,2025-05-07 12:09:00,1600.21,1600.49,1600.21,1600.49,0.02,21.88,35128.47,1
2025-05-07,2025-05-07 12:10:00,1600.49,1600.76,1600.49,1600.76,0.02,21.88,35128.47,1
2025-05-07,2025-05-07 12:11:00,1600.76,1601.04,1600.76,1601.04,0.02,21.88,35128.47,1
2025-05-07,2025-05-07 12:12:00,1601.04,1601.31,1601.04,1601.31,0.02,21.88,35128.47,1
2025-05-07,2025-05-07 12:13:00,1601.31,1601.59,1601.31,1601.59,0.02,21.88,35128.47,1
2025-05-07,2025-05-07 12:14:00,1601.59,1601.86,1601.59,1601.86,0.02,21.88,35128.47,1
2025-05-07,2025-05-07 12:15:00,1601.86,1602.14,1601.86,1602.14,0.02,21.88,35128.47,1
2025-05-07,2025-05-07 12:16:00,1602.14,1602.41,1602.14,1602.41,0.02,21.88,35128.47,1
2025-05-07,2025-05-07 12:17:00,1602.41,1602.69,1602.41,1602.69,0.02,21.88,35128.47,1
2025-05-07,2025-05-07 12:18:00,1602.69,1602.96,1602.69,1602.96,0.02,21.88,35128.47,1
2025-05-07,2025-05-07 12:19:00,1602.96,1603.24,1602.96,1603.24,0.02,21.88,35128.47,1
2025-05-07,2025-05-07 12:20:00,1603.24,1603.52,1603.24,1603.52,0.02,21.88,35128.47,1
2025-05-07,2025-05-07 12:21:00,1603.52,1603.79,1603.52,1603.79,0.02,21.88,35128.47,1
2025-05-07,2025-05-07 12:22:00,1603.79,1604.07,1603.79,1604.07,0.02,21.88,35128.47,1
2025-05-07,2025-05-07 12:23:00,1604.07,1604.34,1604.07,1604.34,0.02,21.88,35128.47,1
2025-05-07,2025-05-07 12:24:00,1604.34,1604.62,1604.34,1604.62,0.02,21.88,35128.47,1
2025-05-07,2025-05-07 12:25:00,1604.62,1604.89,1604.62,1604.89,0.02,21.88,35128.47,1
2025-05-07,2025-05-07 12:26:00,1604.89,1605.17,1604.89,1605.17,0.02,21.88,35128.47,1
2025-05-07,2025-05-07 12:27:00,1605.17,1605.44,1605.17,1605.44,0.02,21.88,35128.47,1
2025-05-07,2025-05-07 12:28:00,1605.44,1605.72,1605.44,1605.72,0.02,21.88,35128.47,1
2025-05-07,2025-05-07 12:29:00,1605.72,1605.99,1605.72,1605.99,0.02,21.88,35128.47,1
2025-05-07,2025-05-07 12:30:00,1605.99,1606.27,1605.99,1606.27,0.02,21.88,35128.47,1
2025-05-07,2025-05-07 12:31:00,1606.27,1606.55,1606.27,1606.55,0.02,21.88,35128.47,1
2025-05-07,2025-05-07 12:32:00,1606.55,1606.82,1606.55,1606.82,0.02,21.88,35128.47,1
2025-05-07,2025-05-07 12:33:00,1606.82,1607.1,1606.82,1607.1,0.02,21.88,35128.47,1
2025-05-07,2025-05-07 12:34:00,1607.1,1607.37,1607.1,1607.37,0.02,21.88,35128.47,1
2025-05-07,2025-05-07 12:35:00,1607.37,1607.65,1607.37,1607.65,0.02,21.88,35128.47,1
2025-05-07,2025-05-07 12:36:00,1607.65,1607.92,1607.65,1607.92,0.02,21.88,35128.47,1
2025-05-07,2025-05-07 12:37:00,1607.92,1608.2,1607.92,1608.2,0.02,21.88,35128.47,1
2025-05-07,2025-05-07 12:38:00,1608.2,1608.47,1608.2,1608.47,0.02,21.88,35128.47,1
2025-05-07,2025-05-07 12:39:00,1608.47,1608.75,1608.47,1608.75,0.02,21.88,35128.47,1
2025-05-07,2025-05-07 12:40:00,1608.75,1609.03,1608.75,1609.03,0.02,21.88,35128.47,1
2025-05-07,2025-05-07 12:41:00,1609.03,1609.3,1609.03,1609.3,0.02,21.88,35128.47,1
2025-05-07,2025-05-07 12:42:00,1609.3,1609.58,1609.3,1609.58,0.02,21.88,35128.47,1
2025-05-07,2025-05-07 12:43:00,1609.58,1609.85,1609.58,1609.85,0.02,21.88,35128.47,1
2025-05-07,2025-05-07 12:44:00,1609.85,1610.13,1609.85,1610.13,0.02,21.88,35128.47,1
2025-05-07,2025-05-07 12:45:00,1610.13,1610.4,1610.13,1610.4,0.02,21.88,35128.47,1
2025-05-07,2025-05-07 12:46:00,1610.4,1610.68,1610.4,1610.68,0.02,21.88,35128.47,1
2025-05-07,2025-05-07 12:47:00,1610.68,1610.95,1610.68,1610.95,0.02,21.88,35128.47,1
2025-05-07,2025-05-07 12:48:00,1610.95,1611.23,1610.95,1611.23,0.02,21.88,35128.47,1
2025-05-07,2025-05-07 12:49:00,1611.23,1611.51,1611.23,1611.51,0.02,21.88,35128.47,1
2025-05-07,2025-05-07 12:50:00,1611.51,1611.78,1611.51,1611.78,0.02,21.88,35128.47,1
2025-05-07,2025-05-07 12:51:00,1611.78,1612.06,1611.78,1612.06,0.02,21.88,35128.47,1
2025-05-07,2025-05-07 12:52:00,1612.06,1612.33,1612.06,1612.33,0.02,21.88,35128.47,1
2025-05-07,2025-05-07 12:53:00,1612.33,1612.61,1612.33,1612.61,0.02,21.88,35128.47,1
2025-05-07,2025-05-07 12:54:00,1612.61,1612.88,1612.61,1612.88,0.02,21.88,35128.47,1
2025-05-07,2025-05-07 12:55:00,1612.88,1613.16,1612.88,1613.16,0.02,21.88,35128.47,1
2025-05-07,2025-05-07 12:56:00,1613.16,1613.43,1613.16,1613.43,0.02,21.88,35128.47,1
2025-05-07,2025-05-07 12:57:00,1613.43,1613.71,1613.43,1613.71,0.02,21.88,35128.47,1
2025-05-07,2025-05-07 12:58:00,1613.71,1613.98,1613.71,1613.98,0.02,21.88,35128.47,1
2025-05-07,2025-05-07 12:59:00,1613.98,1614.26,1613.98,1614.26,0.02,21.88,35128.47,1
2025-05-07,2025-05-07 13:00:00,1614.26,1667.0,1570.1,1614.54,0.02,21.88,35128.47,1
2025-05-07,2025-05-07 13:01:00,1614.54,1614.81,1614.54,1614.81,0.02,21.88,35128.47,1
2025-05-07,2025-05-07 13:02:00,1614.81,1615.09,1614.81,1615.09,0.02,21.88,35128.47,1
2025-05-07,2025-05-07 13:03:00,1615.09,1615.36,1615.09,1615.36,0.02,21.88,35128.47,1
2025-05-07,2025-05-07 13:04:00,1615.36,1615.64,1615.36,1615.64,0.02,21.88,35128.47,1
2025-05-07,2025-05-07 13:05:00,1615.64,1615.91,1615.64,1615.91,0.02,21.88,35128.47,1
2025-05-07,2025-05-07 13:06:00,1615.91,1616.19,1615.91,1616.19,0.02,21.88,35128.47,1
2025-05-07,2025-05-07 13:07:00,1616.19,1616.46,1616.19,1616.46,0.02,21.88,35128.47,1
2025-05-07,2025-05-07 13:08:00,1616.46,1616.74,1616.46,1616.74,0.02,21.88,35128.47,1
2025-05-07,2025-05-07 13:09:00,1616.74,1617.01,1616.74,1617.01,0.02,21.88,35128.47,1
2025-05-07,2025-05-07 13:10:00,1617.01,1617.29,1617.01,1617.29,0.02,21.88,35128.47,1
2025-05-07,2025-05-07 13:11:00,1617.29,1617.57,1617.29,1617.57,0.02,21.88,35128.47,1
2025-05-07,2025-05-07 13:12:00,1617.57,1617.84,1617.57,1617.84,0.02,21.88,35128.47,1
2025-05-07,2025-05-07 13:13:00,1617.84,1618.12,1617.84,1618.12,0.02,21.88,35128.47,1
2025-05-07,2025-05-07 13:14:00,1618.12,1618.39,1618.12,1618.39,0.02,21.88,35128.47,1
2025-05-07,2025-05-07 13:15:00,1618.39,1618.67,1618.39,1618.67,0.02,21.88,35128.47,1
2025-05-07,2025-05-07 13:16:00,1618.67,1618.94,1618.67,1618.94,0.02,21.88,35128.47,1
2025-05-07,2025-05-07 13:17:00,1618.94,1619.22,1618.94,1619.22,0.02,21.88,35128.47,1
2025-05-07,2025-05-07 13:18:00,1619.22,1619.49,1619.22,1619.49,0.02,21.88,35128.47,1
2025-05-07,2025-05-07 13:19:00,1619.49,1619.77,1619.49,1619.77,0.02,21.88,35128.47,1
2025-05-07,2025-05-07 13:20:00,1619.77,1620.05,1619.77,1620.05,0.02,21.88,35128.47,1
2025-05-07,2025-05-07 13:21:00,1620.05,1620.32,1620.05,1620.32,0.02,21.88,35128.47,1
2025-05-07,2025-05-07 13:22:00,1620.32,1620.6,1620.32,1620.6,0.02,21.88,35128.47,1
2025-05-07,2025-05-07 13:23:00,1620.6,1620.87,1620.6,1620.87,0.02,21.88,35128.47,1
2025-05-07,2025-05-07 13:24:00,1620.87,1621.15,1620.87,1621.15,0.02,21.88,35128.47,1
2025-05-07,2025-05-07 13:25:00,1621.15,1621.42,1621.15,1621.42,0.02,21.88,35128.47,1
2025-05-07,2025-05-07 13:26:00,1621.42,1621.7,1621.42,1621.7,0.02,21.88,35128.47,1
2025-05-07,2025-05-07 13:27:00,1621.7,1621.97,1621.7,1621.97,0.02,21.88,35128.47,1
2025-05-07,2025-05-07 13:28:00,1621.97,1622.25,1621.97,1622.25,0.02,21.88,35128.47,1
2025-05-07,2025-05-07 13:29:00,1622.25,1622.53,1622.25,1622.53,0.02,21.88,35128.47,1
2025-05-07,2025-05-07 13:30:00,1622.53,1622.8,1622.53,1622.8,0.02,21.88,35128.47,1
2025-05-07,2025-05-07 13:31:00,1622.8,1623.08,1622.8,1623.08,0.02,21.88,35128.47,1
2025-05-07,2025-05-07 13:32:00,1623.08,1623.35,1623.08,1623.35,0.02,21.88,35128.47,1
2025-05-07,2025-05-07 13:33:00,1623.35,1623.63,1623.35,1623.63,0.02,21.88,35128.47,1
2025-05-07,2025-05-07 13:34:00,1623.63,1623.9,1623.63,1623.9,0.02,21.88,35128.47,1
2025-05-07,2025-05-07 13:35:00,1623.9,1624.18,1623.9,1624.18,0.02,21.88,35128.47,1
2025-05-07,2025-05-07 13:36:00,1624.18,1624.45,1624.18,1624.45,0.02,21.88,35128.47,1
2025-05-07,2025-05-07 13:37:00,1624.45,1624.73,1624.45,1624.73,0.02,21.88,35128.47,1
2025-05-07,2025-05-07 13:38:00,1624.73,1625.0,1624.73,1625.0,0.02,21.88,35128.47,1
2025-05-07,2025-05-07 13:39:00,1625.0,1625.28,1625.0,1625.28,0.02,21.88,35128.47,1
2025-05-07,2025-05-07 13:40:00,1625.28,1625.56,1625.28,1625.56,0.02,21.88,35128.47,1
2025-05-07,2025-05-07 13:41:00,1625.56,1625.83,1625.56,1625.83,0.02,21.88,35128.47,1
2025-05-07,2025-05-07 13:42:00,1625.83,1626.11,1625.83,1626.11,0.02,21.88,35128.47,1
2025-05-07,2025-05-07 13:43:00,1626.11,1626.38,1626.11,1626.38,0.02,21.88,35128.47,1
2025-05-07,2025-05-07 13:44:00,1626.38,1626.66,1626.38,1626.66,0.02,21.88,35128.47,1
2025-05-07,2025-05-07 13:45:00,1626.66,1626.93,1626.66,1626.93,0.02,21.88,35128.47,1
2025-05-07,2025-05-07 13:46:00,1626.93,1627.21,1626.93,1627.21,0.02,21.88,35128.47,1
2025-05-07,2025-05-07 13:47:00,1627.21,1627.48,1627.21,1627.48,0.02,21.88,35128.47,1
2025-05-07,2025-05-07 13:48:00,1627.48,1627.76,1627.48,1627.76,0.02,21.88,35128.47,1
2025-05-07,2025-05-07 13:49:00,1627.76,1628.03,1627.76,1628.03,0.02,21.88,35128.47,1
2025-05-07,2025-05-07 13:50:00,1628.03,1628.31,1628.03,1628.31,0.02,21.88,35128.47,1
2025-05-07,2025-05-07 13:51:00,1628.31,1628.59,1628.31,1628.59,0.02,21.88,35128.47,1
2025-05-07,2025-05-07 13:52:00,1628.59,1628.86,1628.59,1628.86,0.02,21.88,35128.47,1
2025-05-07,2025-05-07 13:53:00,1628.86,1629.14,1628.86,1629.14,0.02,21.88,35128.47,1
2025-05-07,2025-05-07 13:54:00,1629.14,1629.41,1629.14,1629.41,0.02,21.88,35128.47,1
2025-05-07,2025-05-07 13:55:00,1629.41,1629.69,1629.41,1629.69,0.02,21.88,35128.47,1
2025-05-07,2025-05-07 13:56:00,1629.69,1629.96,1629.69,1629.96,0.02,21.88,35128.47,1
2025-05-07,2025-05-07 13:57:00,1629.96,1630.24,1629.96,1630.24,0.02,21.88,35128.47,1
2025-05-07,2025-05-07 13:58:00,1630.24,1630.51,1630.24,1630.51,0.02,21.88,35128.47,1
2025-05-07,2025-05-07 13:59:00,1630.51,1630.79,1630.51,1630.79,0.02,21.88,35128.47,1
2025-05-07,2025-05-07 14:00:00,1630.79,1631.07,1630.79,1631.07,0.02,21.88,35128.47,1
2025-05-07,2025-05-07 14:01:00,1631.07,1631.34,1631.07,1631.34,0.02,21.88,35128.47,1
2025-05-07,2025-05-07 14:02:00,1631.34,1631.62,1631.34,1631.62,0.02,21.88,35128.47,1
2025-05-07,2025-05-07 14:03:00,1631.62,1631.89,1631.62,1631.89,0.02,21.88,35128.47,1
2025-05-07,2025-05-07 14:04:00,1631.89,1632.17,1631.89,1632.17,0.02,21.88,35128.47,1
2025-05-07,2025-05-07 14:05:00,1632.17,1632.44,1632.17,1632.44,0.02,21.88,35128.47,1
2025-05-07,2025-05-07 14:06:00,1632.44,1632.72,1632.44,1632.72,0.02,21.88,35128.47,1
2025-05-07,2025-05-07 14:07:00,1632.72,1632.99,1632.72,1632.99,0.02,21.88,35128.47,1
2025-05-07,2025-05-07 14:08:00,1632.99,1633.27,1632.99,1633.27,0.02,21.88,35128.47,1
2025-05-07,2025-05-07 14:09:00,1633.27,1633.55,1633.27,1633.55,0.02,21.88,35128.47,1
2025-05-07,2025-05-07 14:10:00,1633.55,1633.82,1633.55,1633.82,0.02,21.88,35128.47,1
2025-05-07,2025-05-07 14:11:00,1633.82,1634.1,1633.82,1634.1,0.02,21.88,35128.47,1
2025-05-07,2025-05-07 14:12:00,1634.1,1634.37,1634.1,1634.37,0.02,21.88,35128.47,1
2025-05-07,2025-05-07 14:13:00,1634.37,1634.65,1634.37,1634.65,0.02,21.88,35128.47,1
2025-05-07,2025-05-07 14:14:00,1634.65,1634.92,1634.65,1634.92,0.02,21.88,35128.47,1
2025-05-07,2025-05-07 14:15:00,1634.92,1635.2,1634.92,1635.2,0.02,21.88,35128.47,1
2025-05-07,2025-05-07 14:16:00,1635.2,1635.47,1635.2,1635.47,0.02,21.88,35128.47,1
2025-05-07,2025-05-07 14:17:00,1635.47,1635.75,1635.47,1635.75,0.02,21.88,35128.47,1
2025-05-07,2025-05-07 14:18:00,1635.75,1636.02,1635.75,1636.02,0.02,21.88,35128.47,1
2025-05-07,2025-05-07 14:19:00,1636.02,1636.3,1636.02,1636.3,0.02,21.88,35128.47,1
2025-05-07,2025-05-07 14:20:00,1636.3,1636.58,1636.3,1636.58,0.02,21.88,35128.47,1
2025-05-07,2025-05-07 14:21:00,1636.58,1636.85,1636.58,1636.85,0.02,21.88,35128.47,1
2025-05-07,2025-05-07 14:22:00,1636.85,1637.13,1636.85,1637.13,0.02,21.88,35128.47,1
2025-05-07,2025-05-07 14:23:00,1637.13,1637.4,1637.13,1637.4,0.02,21.88,35128.47,1
2025-05-07,2025-05-07 14:24:00,1637.4,1637.68,1637.4,1637.68,0.02,21.88,35128.47,1
2025-05-07,2025-05-07 14:25:00,1637.68,1637.95,1637.68,1637.95,0.02,21.88,35128.47,1
2025-05-07,2025-05-07 14:26:00,1637.95,1638.23,1637.95,1638.23,0.02,21.88,35128.47,1
2025-05-07,2025-05-07 14:27:00,1638.23,1638.5,1638.23,1638.5,0.02,21.88,35128.47,1
2025-05-07,2025-05-07 14:28:00,1638.5,1638.78,1638.5,1638.78,0.02,21.88,35128.47,1
2025-05-07,2025-05-07 14:29:00,1638.78,1639.05,1638.78,1639.05,0.02,21.88,35128.47,1
2025-05-07,2025-05-07 14:30:00,1639.05,1639.33,1639.05,1639.33,0.02,21.88,35128.47,1
2025-05-07,2025-05-07 14:31:00,1639.33,1639.61,1639.33,1639.61,0.02,21.88,35128.47,1
2025-05-07,2025-05-07 14:32:00,1639.61,1639.88,1639.61,1639.88,0.02,21.88,35128.47,1
2025-05-07,2025-05-07 14:33:00,1639.88,1640.16,1639.88,1640.16,0.02,21.88,35128.47,1
2025-05-07,2025-05-07 14:34:00,1640.16,1640.43,1640.16,1640.43,0.02,21.88,35128.47,1
2025-05-07,2025-05-07 14:35:00,1640.43,1640.71,1640.43,1640.71,0.02,21.88,35128.47,1
2025-05-07,2025-05-07 14:36:00,1640.71,1640.98,1640.71,1640.98,0.02,21.88,35128.47,1
2025-05-07,2025-05-07 14:37:00,1640.98,1641.26,1640.98,1641.26,0.02,21.88,35128.47,1
2025-05-07,2025-05-07 14:38:00,1641.26,1641.53,1641.26,1641.53,0.02,21.88,35128.47,1
2025-05-07,2025-05-07 14:39:00,1641.53,1641.81,1641.53,1641.81,0.02,21.88,35128.47,1
2025-05-07,2025-05-07 14:40:00,1641.81,1642.09,1641.81,1642.09,0.02,21.88,35128.47,1
2025-05-07,2025-05-07 14:41:00,1642.09,1642.36,1642.09,1642.36,0.02,21.88,35128.47,1
2025-05-07,2025-05-07 14:42:00,1642.36,1642.64,1642.36,1642.64,0.02,21.88,35128.47,1
2025-05-07,2025-05-07 14:43:00,1642.64,1642.91,1642.64,1642.91,0.02,21.88,35128.47,1
2025-05-07,2025-05-07 14:44:00,1642.91,1643.19,1642.91,1643.19,0.02,21.88,35128.47,1
2025-05-07,2025-05-07 14:45:00,1643.19,1643.46,1643.19,1643.46,0.02,21.88,35128.47,1
2025-05-07,2025-05-07 14:46:00,1643.46,1643.74,1643.46,1643.74,0.02,21.88,35128.47,1
2025-05-07,2025-05-07 14:47:00,1643.74,1644.01,1643.74,1644.01,0.02,21.88,35128.47,1
2025-05-07,2025-05-07 14:48:00,1644.01,1644.29,1644.01,1644.29,0.02,21.88,35128.47,1
2025-05-07,2025-05-07 14:49:00,1644.29,1644.57,1644.29,1644.57,0.02,21.88,35128.47,1
2025-05-07,2025-05-07 14:50:00,1644.57,1644.84,1644.57,1644.84,0.02,21.88,35128.47,1
2025-05-07,2025-05-07 14:51:00,1644.84,1645.12,1644.84,1645.12,0.02,21.88,35128.47,1
2025-05-07,2025-05-07 14:52:00,1645.12,1645.39,1645.12,1645.39,0.02,21.88,35128.47,1
2025-05-07,2025-05-07 14:53:00,1645.39,1645.67,1645.39,1645.67,0.02,21.88,35128.47,1
2025-05-07,2025-05-07 14:54:00,1645.67,1645.94,1645.67,1645.94,0.02,21.88,35128.47,1
2025-05-07,2025-05-07 14:55:00,1645.94,1646.22,1645.94,1646.22,0.02,21.88,35128.47,1
2025-05-07,2025-05-07 14:56:00,1646.22,1646.49,1646.22,1646.49,0.02,21.88,35128.47,1
2025-05-07,2025-05-07 14:57:00,1646.49,1646.77,1646.49,1646.77,0.02,21.88,35128.47,1
2025-05-07,2025-05-07 14:58:00,1646.77,1647.04,1646.77,1647.04,0.02,21.88,35128.47,1
2025-05-07,2025-05-07 14:59:00,1647.04,1647.32,1647.04,1647.32,0.02,21.88,35128.47,1
2025-05-07,2025-05-07 15:00:00,1647.32,1667.0,1570.1,1647.32,0.0,21.88,35128.47,0
2025-05-08,2025-05-08 11:00:00,1617.0,1634.4,1608.3,1617.06,0.0,6.29,10280.54,1
2025-05-08,2025-05-08 11:01:00,1617.06,1617.13,1617.06,1617.13,0.0,6.29,10280.54,1
2025-05-08,2025-05-08 11:02:00,1617.13,1617.19,1617.13,1617.19,0.0,6.29,10280.54,1
2025-05-08,2025-05-08 11:03:00,1617.19,1617.26,1617.19,1617.26,0.0,6.29,10280.54,1
2025-05-08,2025-05-08 11:04:00,1617.26,1617.32,1617.26,1617.32,0.0,6.29,10280.54,1
2025-05-08,2025-05-08 11:05:00,1617.32,1617.39,1617.32,1617.39,0.0,6.29,10280.54,1
2025-05-08,2025-05-08 11:06:00,1617.39,1617.45,1617.39,1617.45,0.0,6.29,10280.54,1
2025-05-08,2025-05-08 11:07:00,1617.45,1617.52,1617.45,1617.52,0.0,6.29,10280.54,1
2025-05-08,2025-05-08 11:08:00,1617.52,1617.58,1617.52,1617.58,0.0,6.29,10280.54,1
2025-05-08,2025-05-08 11:09:00,1617.58,1617.65,1617.58,1617.65,0.0,6.29,10280.54,1
2025-05-08,2025-05-08 11:10:00,1617.65,1617.71,1617.65,1617.71,0.0,6.29,10280.54,1
2025-05-08,2025-05-08 11:11:00,1617.71,1617.78,1617.71,1617.78,0.0,6.29,10280.54,1
2025-05-08,2025-05-08 11:12:00,1617.78,1617.84,1617.78,1617.84,0.0,6.29,10280.54,1
2025-05-08,2025-05-08 11:13:00,1617.84,1617.91,1617.84,1617.91,0.0,6.29,10280.54,1
2025-05-08,2025-05-08 11:14:00,1617.91,1617.97,1617.91,1617.97,0.0,6.29,10280.54,1
2025-05-08,2025-05-08 11:15:00,1617.97,1618.04,1617.97,1618.04,0.0,6.29,10280.54,1
2025-05-08,2025-05-08 11:16:00,1618.04,1618.1,1618.04,1618.1,0.0,6.29,10280.54,1
2025-05-08,2025-05-08 11:17:00,1618.1,1618.17,1618.1,1618.17,0.0,6.29,10280.54,1
2025-05-08,2025-05-08 11:18:00,1618.17,1618.23,1618.17,1618.23,0.0,6.29,10280.54,1
2025-05-08,2025-05-08 11:19:00,1618.23,1618.3,1618.23,1618.3,0.0,6.29,10280.54,1
2025-05-08,2025-05-08 11:20:00,1618.3,1618.36,1618.3,1618.36,0.0,6.29,10280.54,1
2025-05-08,2025-05-08 11:21:00,1618.36,1618.43,1618.36,1618.43,0.0,6.29,10280.54,1
2025-05-08,2025-05-08 11:22:00,1618.43,1618.49,1618.43,1618.49,0.0,6.29,10280.54,1
2025-05-08,2025-05-08 11:23:00,1618.49,1618.56,1618.49,1618.56,0.0,6.29,10280.54,1
2025-05-08,2025-05-08 11:24:00,1618.56,1618.62,1618.56,1618.62,0.0,6.29,10280.54,1
2025-05-08,2025-05-08 11:25:00,1618.62,1618.69,1618.62,1618.69,0.0,6.29,10280.54,1
2025-05-08,2025-05-08 11:26:00,1618.69,1618.75,1618.69,1618.75,0.0,6.29,10280.54,1
2025-05-08,2025-05-08 11:27:00,1618.75,1618.82,1618.75,1618.82,0.0,6.29,10280.54,1
2025-05-08,2025-05-08 11:28:00,1618.82,1618.88,1618.82,1618.88,0.0,6.29,10280.54,1
2025-05-08,2025-05-08 11:29:00,1618.88,1618.95,1618.88,1618.95,0.0,6.29,10280.54,1
2025-05-08,2025-05-08 11:30:00,1618.95,1619.01,1618.95,1619.01,0.0,6.29,10280.54,1
2025-05-08,2025-05-08 11:31:00,1619.01,1619.08,1619.01,1619.08,0.0,6.29,10280.54,1
2025-05-08,2025-05-08 11:32:00,1619.08,1619.14,1619.08,1619.14,0.0,6.29,10280.54,1
2025-05-08,2025-05-08 11:33:00,1619.14,1619.21,1619.14,1619.21,0.0,6.29,10280.54,1
2025-05-08,2025-05-08 11:34:00,1619.21,1619.27,1619.21,1619.27,0.0,6.29,10280.54,1
2025-05-08,2025-05-08 11:35:00,1619.27,1619.34,1619.27,1619.34,0.0,6.29,10280.54,1
2025-05-08,2025-05-08 11:36:00,1619.34,1619.4,1619.34,1619.4,0.0,6.29,10280.54,1
2025-05-08,2025-05-08 11:37:00,1619.4,1619.47,1619.4,1619.47,0.0,6.29,10280.54,1
2025-05-08,2025-05-08 11:38:00,1619.47,1619.53,1619.47,1619.53,0.0,6.29,10280.54,1
2025-05-08,2025-05-08 11:39:00,1619.53,1619.6,1619.53,1619.6,0.0,6.29,10280.54,1
2025-05-08,2025-05-08 11:40:00,1619.6,1619.66,1619.6,1619.66,0.0,6.29,10280.54,1
2025-05-08,2025-05-08 11:41:00,1619.66,1619.73,1619.66,1619.73,0.0,6.29,10280.54,1
2025-05-08,2025-05-08 11:42:00,1619.73,1619.79,1619.73,1619.79,0.0,6.29,10280.54,1
2025-05-08,2025-05-08 11:43:00,1619.79,1619.86,1619.79,1619.86,0.0,6.29,10280.54,1
2025-05-08,2025-05-08 11:44:00,1619.86,1619.92,1619.86,1619.92,0.0,6.29,10280.54,1
2025-05-08,2025-05-08 11:45:00,1619.92,1619.99,1619.92,1619.99,0.0,6.29,10280.54,1
2025-05-08,2025-05-08 11:46:00,1619.99,1620.05,1619.99,1620.05,0.0,6.29,10280.54,1
2025-05-08,2025-05-08 11:47:00,1620.05,1620.12,1620.05,1620.12,0.0,6.29,10280.54,1
2025-05-08,2025-05-08 11:48:00,1620.12,1620.18,1620.12,1620.18,0.0,6.29,10280.54,1
2025-05-08,2025-05-08 11:49:00,1620.18,1620.25,1620.18,1620.25,0.0,6.29,10280.54,1
2025-05-08,2025-05-08 11:50:00,1620.25,1620.31,1620.25,1620.31,0.0,6.29,10280.54,1
2025-05-08,2025-05-08 11:51:00,1620.31,1620.38,1620.31,1620.38,0.0,6.29,10280.54,1
2025-05-08,2025-05-08 11:52:00,1620.38,1620.44,1620.38,1620.44,0.0,6.29,10280.54,1
2025-05-08,2025-05-08 11:53:00,1620.44,1620.51,1620.44,1620.51,0.0,6.29,10280.54,1
2025-05-08,2025-05-08 11:54:00,1620.51,1620.57,1620.51,1620.57,0.0,6.29,10280.54,1
2025-05-08,2025-05-08 11:55:00,1620.57,1620.64,1620.57,1620.64,0.0,6.29,10280.54,1
2025-05-08,2025-05-08 11:56:00,1620.64,1620.7,1620.64,1620.7,0.0,6.29,10280.54,1
2025-05-08,2025-05-08 11:57:00,1620.7,1620.77,1620.7,1620.77,0.0,6.29,10280.54,1
2025-05-08,2025-05-08 11:58:00,1620.77,1620.83,1620.77,1620.83,0.0,6.29,10280.54,1
2025-05-08,2025-05-08 11:59:00,1620.83,1620.9,1620.83,1620.9,0.0,6.29,10280.54,1
2025-05-08,2025-05-08 12:00:00,1620.9,1620.96,1620.9,1620.96,0.0,6.29,10280.54,1
2025-05-08,2025-05-08 12:01:00,1620.96,1621.03,1620.96,1621.03,0.0,6.29,10280.54,1
2025-05-08,2025-05-08 12:02:00,1621.03,1621.09,1621.03,1621.09,0.0,6.29,10280.54,1
2025-05-08,2025-05-08 12:03:00,1621.09,1621.16,1621.09,1621.16,0.0,6.29,10280.54,1
2025-05-08,2025-05-08 12:04:00,1621.16,1621.22,1621.16,1621.22,0.0,6.29,10280.54,1
2025-05-08,2025-05-08 12:05:00,1621.22,1621.29,1621.22,1621.29,0.0,6.29,10280.54,1
2025-05-08,2025-05-08 12:06:00,1621.29,1621.35,1621.29,1621.35,0.0,6.29,10280.54,1
2025-05-08,2025-05-08 12:07:00,1621.35,1621.42,1621.35,1621.42,0.0,6.29,10280.54,1
2025-05-08,2025-05-08 12:08:00,1621.42,1621.48,1621.42,1621.48,0.0,6.29,10280.54,1
2025-05-08,2025-05-08 12:09:00,1621.48,1621.55,1621.48,1621.55,0.0,6.29,10280.54,1
2025-05-08,2025-05-08 12:10:00,1621.55,1621.61,1621.55,1621.61,0.0,6.29,10280.54,1
2025-05-08,2025-05-08 12:11:00,1621.61,1621.68,1621.61,1621.68,0.0,6.29,10280.54,1
2025-05-08,2025-05-08 12:12:00,1621.68,1621.74,1621.68,1621.74,0.0,6.29,10280.54,1
2025-05-08,2025-05-08 12:13:00,1621.74,1621.81,1621.74,1621.81,0.0,6.29,10280.54,1
2025-05-08,2025-05-08 12:14:00,1621.81,1621.87,1621.81,1621.87,0.0,6.29,10280.54,1
2025-05-08,2025-05-08 12:15:00,1621.87,1621.94,1621.87,1621.94,0.0,6.29,10280.54,1
2025-05-08,2025-05-08 12:16:00,1621.94,1622.0,1621.94,1622.0,0.0,6.29,10280.54,1
2025-05-08,2025-05-08 12:17:00,1622.0,1622.07,1622.0,1622.07,0.0,6.29,10280.54,1
2025-05-08,2025-05-08 12:18:00,1622.07,1622.13,1622.07,1622.13,0.0,6.29,10280.54,1
2025-05-08,2025-05-08 12:19:00,1622.13,1622.2,1622.13,1622.2,0.0,6.29,10280.54,1
2025-05-08,2025-05-08 12:20:00,1622.2,1622.26,1622.2,1622.26,0.0,6.29,10280.54,1
2025-05-08,2025-05-08 12:21:00,1622.26,1622.33,1622.26,1622.33,0.0,6.29,10280.54,1
2025-05-08,2025-05-08 12:22:00,1622.33,1622.39,1622.33,1622.39,0.0,6.29,10280.54,1
2025-05-08,2025-05-08 12:23:00,1622.39,1622.46,1622.39,1622.46,0.0,6.29,10280.54,1
2025-05-08,2025-05-08 12:24:00,1622.46,1622.52,1622.46,1622.52,0.0,6.29,10280.54,1
2025-05-08,2025-05-08 12:25:00,1622.52,1622.59,1622.52,1622.59,0.0,6.29,10280.54,1
2025-05-08,2025-05-08 12:26:00,1622.59,1622.65,1622.59,1622.65,0.0,6.29,10280.54,1
2025-05-08,2025-05-08 12:27:00,1622.65,1622.72,1622.65,1622.72,0.0,6.29,10280.54,1
2025-05-08,2025-05-08 12:28:00,1622.72,1622.78,1622.72,1622.78,0.0,6.29,10280.54,1
2025-05-08,2025-05-08 12:29:00,1622.78,1622.85,1622.78,1622.85,0.0,6.29,10280.54,1
2025-05-08,2025-05-08 12:30:00,1622.85,1622.91,1622.85,1622.91,0.0,6.29,10280.54,1
2025-05-08,2025-05-08 12:31:00,1622.91,1622.98,1622.91,1622.98,0.0,6.29,10280.54,1
2025-05-08,2025-05-08 12:32:00,1622.98,1623.04,1622.98,1623.04,0.0,6.29,10280.54,1
2025-05-08,2025-05-08 12:33:00,1623.04,1623.11,1623.04,1623.11,0.0,6.29,10280.54,1
2025-05-08,2025-05-08 12:34:00,1623.11,1623.17,1623.11,1623.17,0.0,6.29,10280.54,1
2025-05-08,2025-05-08 12:35:00,1623.17,1623.24,1623.17,1623.24,0.0,6.29,10280.54,1
2025-05-08,2025-05-08 12:36:00,1623.24,1623.3,1623.24,1623.3,0.0,6.29,10280.54,1
2025-05-08,2025-05-08 12:37:00,1623.3,1623.37,1623.3,1623.37,0.0,6.29,10280.54,1
2025-05-08,2025-05-08 12:38:00,1623.37,1623.43,1623.37,1623.43,0.0,6.29,10280.54,1
2025-05-08,2025-05-08 12:39:00,1623.43,1623.5,1623.43,1623.5,0.0,6.29,10280.54,1
2025-05-08,2025-05-08 12:40:00,1623.5,1623.56,1623.5,1623.56,0.0,6.29,10280.54,1
2025-05-08,2025-05-08 12:41:00,1623.56,1623.63,1623.56,1623.63,0.0,6.29,10280.54,1
2025-05-08,2025-05-08 12:42:00,1623.63,1623.69,1623.63,1623.69,0.0,6.29,10280.54,1
2025-05-08,2025-05-08 12:43:00,1623.69,1623.76,1623.69,1623.76,0.0,6.29,10280.54,1
2025-05-08,2025-05-08 12:44:00,1623.76,1623.82,1623.76,1623.82,0.0,6.29,10280.54,1
2025-05-08,2025-05-08 12:45:00,1623.82,1623.89,1623.82,1623.89,0.0,6.29,10280.54,1
2025-05-08,2025-05-08 12:46:00,1623.89,1623.95,1623.89,1623.95,0.0,6.29,10280.54,1
2025-05-08,2025-05-08 12:47:00,1623.95,1624.02,1623.95,1624.02,0.0,6.29,10280.54,1
2025-05-08,2025-05-08 12:48:00,1624.02,1624.08,1624.02,1624.08,0.0,6.29,10280.54,1
2025-05-08,2025-05-08 12:49:00,1624.08,1624.15,1624.08,1624.15,0.0,6.29,10280.54,1
2025-05-08,2025-05-08 12:50:00,1624.15,1624.21,1624.15,1624.21,0.0,6.29,10280.54,1
2025-05-08,2025-05-08 12:51:00,1624.21,1624.28,1624.21,1624.28,0.0,6.29,10280.54,1
2025-05-08,2025-05-08 12:52:00,1624.28,1624.34,1624.28,1624.34,0.0,6.29,10280.54,1
2025-05-08,2025-05-08 12:53:00,1624.34,1624.41,1624.34,1624.41,0.0,6.29,10280.54,1
2025-05-08,2025-05-08 12:54:00,1624.41,1624.47,1624.41,1624.47,0.0,6.29,10280.54,1
2025-05-08,2025-05-08 12:55:00,1624.47,1624.54,1624.47,1624.54,0.0,6.29,10280.54,1
2025-05-08,2025-05-08 12:56:00,1624.54,1624.6,1624.54,1624.6,0.0,6.29,10280.54,1
2025-05-08,2025-05-08 12:57:00,1624.6,1624.67,1624.6,1624.67,0.0,6.29,10280.54,1
2025-05-08,2025-05-08 12:58:00,1624.67,1624.73,1624.67,1624.73,0.0,6.29,10280.54,1
2025-05-08,2025-05-08 12:59:00,1624.73,1624.8,1624.73,1624.8,0.0,6.29,10280.54,1
2025-05-08,2025-05-08 13:00:00,1624.8,1675.0,1588.0,1624.86,0.0,6.29,10280.54,1
2025-05-08,2025-05-08 13:01:00,1624.86,1624.92,1624.86,1624.92,0.0,6.29,10280.54,1
2025-05-08,2025-05-08 13:02:00,1624.92,1624.99,1624.92,1624.99,0.0,6.29,10280.54,1
2025-05-08,2025-05-08 13:03:00,1624.99,1625.05,1624.99,1625.05,0.0,6.29,10280.54,1
2025-05-08,2025-05-08 13:04:00,1625.05,1625.12,1625.05,1625.12,0.0,6.29,10280.54,1
2025-05-08,2025-05-08 13:05:00,1625.12,1625.18,1625.12,1625.18,0.0,6.29,10280.54,1
2025-05-08,2025-05-08 13:06:00,1625.18,1625.25,1625.18,1625.25,0.0,6.29,10280.54,1
2025-05-08,2025-05-08 13:07:00,1625.25,1625.31,1625.25,1625.31,0.0,6.29,10280.54,1
2025-05-08,2025-05-08 13:08:00,1625.31,1625.38,1625.31,1625.38,0.0,6.29,10280.54,1
2025-05-08,2025-05-08 13:09:00,1625.38,1625.44,1625.38,1625.44,0.0,6.29,10280.54,1
2025-05-08,2025-05-08 13:10:00,1625.44,1625.51,1625.44,1625.51,0.0,6.29,10280.54,1
2025-05-08,2025-05-08 13:11:00,1625.51,1625.57,1625.51,1625.57,0.0,6.29,10280.54,1
2025-05-08,2025-05-08 13:12:00,1625.57,1625.64,1625.57,1625.64,0.0,6.29,10280.54,1
2025-05-08,2025-05-08 13:13:00,1625.64,1625.7,1625.64,1625.7,0.0,6.29,10280.54,1
2025-05-08,2025-05-08 13:14:00,1625.7,1625.77,1625.7,1625.77,0.0,6.29,10280.54,1
2025-05-08,2025-05-08 13:15:00,1625.77,1625.83,1625.77,1625.83,0.0,6.29,10280.54,1
2025-05-08,2025-05-08 13:16:00,1625.83,1625.9,1625.83,1625.9,0.0,6.29,10280.54,1
2025-05-08,2025-05-08 13:17:00,1625.9,1625.96,1625.9,1625.96,0.0,6.29,10280.54,1
2025-05-08,2025-05-08 13:18:00,1625.96,1626.03,1625.96,1626.03,0.0,6.29,10280.54,1
2025-05-08,2025-05-08 13:19:00,1626.03,1626.09,1626.03,1626.09,0.0,6.29,10280.54,1
2025-05-08,2025-05-08 13:20:00,1626.09,1626.16,1626.09,1626.16,0.0,6.29,10280.54,1
2025-05-08,2025-05-08 13:21:00,1626.16,1626.22,1626.16,1626.22,0.0,6.29,10280.54,1
2025-05-08,2025-05-08 13:22:00,1626.22,1626.29,1626.22,1626.29,0.0,6.29,10280.54,1
2025-05-08,2025-05-08 13:23:00,1626.29,1626.35,1626.29,1626.35,0.0,6.29,10280.54,1
2025-05-08,2025-05-08 13:24:00,1626.35,1626.42,1626.35,1626.42,0.0,6.29,10280.54,1
2025-05-08,2025-05-08 13:25:00,1626.42,1626.48,1626.42,1626.48,0.0,6.29,10280.54,1
2025-05-08,2025-05-08 13:26:00,1626.48,1626.55,1626.48,1626.55,0.0,6.29,10280.54,1
2025-05-08,2025-05-08 13:27:00,1626.55,1626.61,1626.55,1626.61,0.0,6.29,10280.54,1
2025-05-08,2025-05-08 13:28:00,1626.61,1626.68,1626.61,1626.68,0.0,6.29,10280.54,1
2025-05-08,2025-05-08 13:29:00,1626.68,1626.74,1626.68,1626.74,0.0,6.29,10280.54,1
2025-05-08,2025-05-08 13:30:00,1626.74,1626.81,1626.74,1626.81,0.0,6.29,10280.54,1
2025-05-08,2025-05-08 13:31:00,1626.81,1626.87,1626.81,1626.87,0.0,6.29,10280.54,1
2025-05-08,2025-05-08 13:32:00,1626.87,1626.94,1626.87,1626.94,0.0,6.29,10280.54,1
2025-05-08,2025-05-08 13:33:00,1626.94,1627.0,1626.94,1627.0,0.0,6.29,10280.54,1
2025-05-08,2025-05-08 13:34:00,1627.0,1627.07,1627.0,1627.07,0.0,6.29,10280.54,1
2025-05-08,2025-05-08 13:35:00,1627.07,1627.13,1627.07,1627.13,0.0,6.29,10280.54,1
2025-05-08,2025-05-08 13:36:00,1627.13,1627.2,1627.13,1627.2,0.0,6.29,10280.54,1
2025-05-08,2025-05-08 13:37:00,1627.2,1627.26,1627.2,1627.26,0.0,6.29,10280.54,1
2025-05-08,2025-05-08 13:38:00,1627.26,1627.33,1627.26,1627.33,0.0,6.29,10280.54,1
2025-05-08,2025-05-08 13:39:00,1627.33,1627.39,1627.33,1627.39,0.0,6.29,10280.54,1
2025-05-08,2025-05-08 13:40:00,1627.39,1627.46,1627.39,1627.46,0.0,6.29,10280.54,1
2025-05-08,2025-05-08 13:41:00,1627.46,1627.52,1627.46,1627.52,0.0,6.29,10280.54,1
2025-05-08,2025-05-08 13:42:00,1627.52,1627.59,1627.52,1627.59,0.0,6.29,10280.54,1
2025-05-08,2025-05-08 13:43:00,1627.59,1627.65,1627.59,1627.65,0.0,6.29,10280.54,1
2025-05-08,2025-05-08 13:44:00,1627.65,1627.72,1627.65,1627.72,0.0,6.29,10280.54,1
2025-05-08,2025-05-08 13:45:00,1627.72,1627.78,1627.72,1627.78,0.0,6.29,10280.54,1
2025-05-08,2025-05-08 13:46:00,1627.78,1627.85,1627.78,1627.85,0.0,6.29,10280.54,1
2025-05-08,2025-05-08 13:47:00,1627.85,1627.91,1627.85,1627.91,0.0,6.29,10280.54,1
2025-05-08,2025-05-08 13:48:00,1627.91,1627.98,1627.91,1627.98,0.0,6.29,10280.54,1
2025-05-08,2025-05-08 13:49:00,1627.98,1628.04,1627.98,1628.04,0.0,6.29,10280.54,1
2025-05-08,2025-05-08 13:50:00,1628.04,1628.11,1628.04,1628.11,0.0,6.29,10280.54,1
2025-05-08,2025-05-08 13:51:00,1628.11,1628.17,1628.11,1628.17,0.0,6.29,10280.54,1
2025-05-08,2025-05-08 13:52:00,1628.17,1628.24,1628.17,1628.24,0.0,6.29,10280.54,1
2025-05-08,2025-05-08 13:53:00,1628.24,1628.3,1628.24,1628.3,0.0,6.29,10280.54,1
2025-05-08,2025-05-08 13:54:00,1628.3,1628.37,1628.3,1628.37,0.0,6.29,10280.54,1
2025-05-08,2025-05-08 13:55:00,1628.37,1628.43,1628.37,1628.43,0.0,6.29,10280.54,1
2025-05-08,2025-05-08 13:56:00,1628.43,1628.5,1628.43,1628.5,0.0,6.29,10280.54,1
2025-05-08,2025-05-08 13:57:00,1628.5,1628.56,1628.5,1628.56,0.0,6.29,10280.54,1
2025-05-08,2025-05-08 13:58:00,1628.56,1628.63,1628.56,1628.63,0.0,6.29,10280.54,1
2025-05-08,2025-05-08 13:59:00,1628.63,1628.69,1628.63,1628.69,0.0,6.29,10280.54,1
2025-05-08,2025-05-08 14:00:00,1628.69,1628.76,1628.69,1628.76,0.0,6.29,10280.54,1
2025-05-08,2025-05-08 14:01:00,1628.76,1628.82,1628.76,1628.82,0.0,6.29,10280.54,1
2025-05-08,2025-05-08 14:02:00,1628.82,1628.89,1628.82,1628.89,0.0,6.29,10280.54,1
2025-05-08,2025-05-08 14:03:00,1628.89,1628.95,1628.89,1628.95,0.0,6.29,10280.54,1
2025-05-08,2025-05-08 14:04:00,1628.95,1629.02,1628.95,1629.02,0.0,6.29,10280.54,1
2025-05-08,2025-05-08 14:05:00,1629.02,1629.08,1629.02,1629.08,0.0,6.29,10280.54,1
2025-05-08,2025-05-08 14:06:00,1629.08,1629.15,1629.08,1629.15,0.0,6.29,10280.54,1
2025-05-08,2025-05-08 14:07:00,1629.15,1629.21,1629.15,1629.21,0.0,6.29,10280.54,1
2025-05-08,2025-05-08 14:08:00,1629.21,1629.28,1629.21,1629.28,0.0,6.29,10280.54,1
2025-05-08,2025-05-08 14:09:00,1629.28,1629.34,1629.28,1629.34,0.0,6.29,10280.54,1
2025-05-08,2025-05-08 14:10:00,1629.34,1629.41,1629.34,1629.41,0.0,6.29,10280.54,1
2025-05-08,2025-05-08 14:11:00,1629.41,1629.47,1629.41,1629.47,0.0,6.29,10280.54,1
2025-05-08,2025-05-08 14:12:00,1629.47,1629.54,1629.47,1629.54,0.0,6.29,10280.54,1
2025-05-08,2025-05-08 14:13:00,1629.54,1629.6,1629.54,1629.6,0.0,6.29,10280.54,1
2025-05-08,2025-05-08 14:14:00,1629.6,1629.67,1629.6,1629.67,0.0,6.29,10280.54,1
2025-05-08,2025-05-08 14:15:00,1629.67,1629.73,1629.67,1629.73,0.0,6.29,10280.54,1
2025-05-08,2025-05-08 14:16:00,1629.73,1629.8,1629.73,1629.8,0.0,6.29,10280.54,1
2025-05-08,2025-05-08 14:17:00,1629.8,1629.86,1629.8,1629.86,0.0,6.29,10280.54,1
2025-05-08,2025-05-08 14:18:00,1629.86,1629.93,1629.86,1629.93,0.0,6.29,10280.54,1
2025-05-08,2025-05-08 14:19:00,1629.93,1629.99,1629.93,1629.99,0.0,6.29,10280.54,1
2025-05-08,2025-05-08 14:20:00,1629.99,1630.06,1629.99,1630.06,0.0,6.29,10280.54,1
2025-05-08,2025-05-08 14:21:00,1630.06,1630.12,1630.06,1630.12,0.0,6.29,10280.54,1
2025-05-08,2025-05-08 14:22:00,1630.12,1630.19,1630.12,1630.19,0.0,6.29,10280.54,1
2025-05-08,2025-05-08 14:23:00,1630.19,1630.25,1630.19,1630.25,0.0,6.29,10280.54,1
2025-05-08,2025-05-08 14:24:00,1630.25,1630.32,1630.25,1630.32,0.0,6.29,10280.54,1
2025-05-08,2025-05-08 14:25:00,1630.32,1630.38,1630.32,1630.38,0.0,6.29,10280.54,1
2025-05-08,2025-05-08 14:26:00,1630.38,1630.45,1630.38,1630.45,0.0,6.29,10280.54,1
2025-05-08,2025-05-08 14:27:00,1630.45,1630.51,1630.45,1630.51,0.0,6.29,10280.54,1
2025-05-08,2025-05-08 14:28:00,1630.51,1630.58,1630.51,1630.58,0.0,6.29,10280.54,1
2025-05-08,2025-05-08 14:29:00,1630.58,1630.64,1630.58,1630.64,0.0,6.29,10280.54,1
2025-05-08,2025-05-08 14:30:00,1630.64,1630.71,1630.64,1630.71,0.0,6.29,10280.54,1
2025-05-08,2025-05-08 14:31:00,1630.71,1630.77,1630.71,1630.77,0.0,6.29,10280.54,1
2025-05-08,2025-05-08 14:32:00,1630.77,1630.84,1630.77,1630.84,0.0,6.29,10280.54,1
2025-05-08,2025-05-08 14:33:00,1630.84,1630.9,1630.84,1630.9,0.0,6.29,10280.54,1
2025-05-08,2025-05-08 14:34:00,1630.9,1630.97,1630.9,1630.97,0.0,6.29,10280.54,1
2025-05-08,2025-05-08 14:35:00,1630.97,1631.03,1630.97,1631.03,0.0,6.29,10280.54,1
2025-05-08,2025-05-08 14:36:00,1631.03,1631.1,1631.03,1631.1,0.0,6.29,10280.54,1
2025-05-08,2025-05-08 14:37:00,1631.1,1631.16,1631.1,1631.16,0.0,6.29,10280.54,1
2025-05-08,2025-05-08 14:38:00,1631.16,1631.23,1631.16,1631.23,0.0,6.29,10280.54,1
2025-05-08,2025-05-08 14:39:00,1631.23,1631.29,1631.23,1631.29,0.0,6.29,10280.54,1
2025-05-08,2025-05-08 14:40:00,1631.29,1631.36,1631.29,1631.36,0.0,6.29,10280.54,1
2025-05-08,2025-05-08 14:41:00,1631.36,1631.42,1631.36,1631.42,0.0,6.29,10280.54,1
2025-05-08,2025-05-08 14:42:00,1631.42,1631.49,1631.42,1631.49,0.0,6.29,10280.54,1
2025-05-08,2025-05-08 14:43:00,1631.49,1631.55,1631.49,1631.55,0.0,6.29,10280.54,1
2025-05-08,2025-05-08 14:44:00,1631.55,1631.62,1631.55,1631.62,0.0,6.29,10280.54,1
2025-05-08,2025-05-08 14:45:00,1631.62,1631.68,1631.62,1631.68,0.0,6.29,10280.54,1
2025-05-08,2025-05-08 14:46:00,1631.68,1631.75,1631.68,1631.75,0.0,6.29,10280.54,1
2025-05-08,2025-05-08 14:47:00,1631.75,1631.81,1631.75,1631.81,0.0,6.29,10280.54,1
2025-05-08,2025-05-08 14:48:00,1631.81,1631.88,1631.81,1631.88,0.0,6.29,10280.54,1
2025-05-08,2025-05-08 14:49:00,1631.88,1631.94,1631.88,1631.94,0.0,6.29,10280.54,1
2025-05-08,2025-05-08 14:50:00,1631.94,1632.01,1631.94,1632.01,0.0,6.29,10280.54,1
2025-05-08,2025-05-08 14:51:00,1632.01,1632.07,1632.01,1632.07,0.0,6.29,10280.54,1
2025-05-08,2025-05-08 14:52:00,1632.07,1632.14,1632.07,1632.14,0.0,6.29,10280.54,1
2025-05-08,2025-05-08 14:53:00,1632.14,1632.2,1632.14,1632.2,0.0,6.29,10280.54,1
2025-05-08,2025-05-08 14:54:00,1632.2,1632.27,1632.2,1632.27,0.0,6.29,10280.54,1
2025-05-08,2025-05-08 14:55:00,1632.27,1632.33,1632.27,1632.33,0.0,6.29,10280.54,1
2025-05-08,2025-05-08 14:56:00,1632.33,1632.4,1632.33,1632.4,0.0,6.29,10280.54,1
2025-05-08,2025-05-08 14:57:00,1632.4,1632.46,1632.4,1632.46,0.0,6.29,10280.54,1
2025-05-08,2025-05-08 14:58:00,1632.46,1632.53,1632.46,1632.53,0.0,6.29,10280.54,1
2025-05-08,2025-05-08 14:59:00,1632.53,1632.59,1632.53,1632.59,0.0,6.29,10280.54,1
2025-05-08,2025-05-08 15:00:00,1632.59,1675.0,1588.0,1632.59,0.0,6.29,10280.54,0
2025-05-11,2025-05-11 11:00:00,1601.0,1630.1,1597.7,1601.22,0.01,29.27,47026.66,1
2025-05-11,2025-05-11 11:01:00,1601.22,1601.45,1601.22,1601.45,0.01,29.27,47026.66,1
2025-05-11,2025-05-11 11:02:00,1601.45,1601.67,1601.45,1601.67,0.01,29.27,47026.66,1
2025-05-11,2025-05-11 11:03:00,1601.67,1601.89,1601.67,1601.89,0.01,29.27,47026.66,1
2025-05-11,2025-05-11 11:04:00,1601.89,1602.12,1601.89,1602.12,0.01,29.27,47026.66,1
2025-05-11,2025-05-11 11:05:00,1602.12,1602.34,1602.12,1602.34,0.01,29.27,47026.66,1
2025-05-11,2025-05-11 11:06:00,1602.34,1602.57,1602.34,1602.57,0.01,29.27,47026.66,1
2025-05-11,2025-05-11 11:07:00,1602.57,1602.79,1602.57,1602.79,0.01,29.27,47026.66,1
2025-05-11,2025-05-11 11:08:00,1602.79,1603.01,1602.79,1603.01,0.01,29.27,47026.66,1
2025-05-11,2025-05-11 11:09:00,1603.01,1603.24,1603.01,1603.24,0.01,29.27,47026.66,1
2025-05-11,2025-05-11 11:10:00,1603.24,1603.46,1603.24,1603.46,0.01,29.27,47026.66,1
2025-05-11,2025-05-11 11:11:00,1603.46,1603.68,1603.46,1603.68,0.01,29.27,47026.66,1
2025-05-11,2025-05-11 11:12:00,1603.68,1603.91,1603.68,1603.91,0.01,29.27,47026.66,1
2025-05-11,2025-05-11 11:13:00,1603.91,1604.13,1603.91,1604.13,0.01,29.27,47026.66,1
2025-05-11,2025-05-11 11:14:00,1604.13,1604.35,1604.13,1604.35,0.01,29.27,47026.66,1
2025-05-11,2025-05-11 11:15:00,1604.35,1604.58,1604.35,1604.58,0.01,29.27,47026.66,1
2025-05-11,2025-05-11 11:16:00,1604.58,1604.8,1604.58,1604.8,0.01,29.27,47026.66,1
2025-05-11,2025-05-11 11:17:00,1604.8,1605.02,1604.8,1605.02,0.01,29.27,47026.66,1
2025-05-11,2025-05-11 11:18:00,1605.02,1605.25,1605.02,1605.25,0.01,29.27,47026.66,1
2025-05-11,2025-05-11 11:19:00,1605.25,1605.47,1605.25,1605.47,0.01,29.27,47026.66,1
2025-05-11,2025-05-11 11:20:00,1605.47,1605.7,1605.47,1605.7,0.01,29.27,47026.66,1
2025-05-11,2025-05-11 11:21:00,1605.7,1605.92,1605.7,1605.92,0.01,29.27,47026.66,1
2025-05-11,2025-05-11 11:22:00,1605.92,1606.14,1605.92,1606.14,0.01,29.27,47026.66,1
2025-05-11,2025-05-11 11:23:00,1606.14,1606.37,1606.14,1606.37,0.01,29.27,47026.66,1
2025-05-11,2025-05-11 11:24:00,1606.37,1606.59,1606.37,1606.59,0.01,29.27,47026.66,1
2025-05-11,2025-05-11 11:25:00,1606.59,1606.81,1606.59,1606.81,0.01,29.27,47026.66,1
2025-05-11,2025-05-11 11:26:00,1606.81,1607.04,1606.81,1607.04,0.01,29.27,47026.66,1
2025-05-11,2025-05-11 11:27:00,1607.04,1607.26,1607.04,1607.26,0.01,29.27,47026.66,1
2025-05-11,2025-05-11 11:28:00,1607.26,1607.48,1607.26,1607.48,0.01,29.27,47026.66,1
2025-05-11,2025-05-11 11:29:00,1607.48,1607.71,1607.48,1607.71,0.01,29.27,47026.66,1
2025-05-11,2025-05-11 11:30:00,1607.71,1607.93,1607.71,1607.93,0.01,29.27,47026.66,1
2025-05-11,2025-05-11 11:31:00,1607.93,1608.15,1607.93,1608.15,0.01,29.27,47026.66,1
2025-05-11,2025-05-11 11:32:00,1608.15,1608.38,1608.15,1608.38,0.01,29.27,47026.66,1
2025-05-11,2025-05-11 11:33:00,1608.38,1608.6,1608.38,1608.6,0.01,29.27,47026.66,1
2025-05-11,2025-05-11 11:34:00,1608.6,1608.83,1608.6,1608.83,0.01,29.27,47026.66,1
2025-05-11,2025-05-11 11:35:00,1608.83,1609.05,1608.83,1609.05,0.01,29.27,47026.66,1
2025-05-11,2025-05-11 11:36:00,1609.05,1609.27,1609.05,1609.27,0.01,29.27,47026.66,1
2025-05-11,2025-05-11 11:37:00,1609.27,1609.5,1609.27,1609.5,0.01,29.27,47026.66,1
2025-05-11,2025-05-11 11:38:00,1609.5,1609.72,1609.5,1609.72,0.01,29.27,47026.66,1
2025-05-11,2025-05-11 11:39:00,1609.72,1609.94,1609.72,1609.94,0.01,29.27,47026.66,1
2025-05-11,2025-05-11 11:40:00,1609.94,1610.17,1609.94,1610.17,0.01,29.27,47026.66,1
2025-05-11,2025-05-11 11:41:00,1610.17,1610.39,1610.17,1610.39,0.01,29.27,47026.66,1
2025-05-11,2025-05-11 11:42:00,1610.39,1610.61,1610.39,1610.61,0.01,29.27,47026.66,1
2025-05-11,2025-05-11 11:43:00,1610.61,1610.84,1610.61,1610.84,0.01,29.27,47026.66,1
2025-05-11,2025-05-11 11:44:00,1610.84,1611.06,1610.84,1611.06,0.01,29.27,47026.66,1
2025-05-11,2025-05-11 11:45:00,1611.06,1611.28,1611.06,1611.28,0.01,29.27,47026.66,1
2025-05-11,2025-05-11 11:46:00,1611.28,1611.51,1611.28,1611.51,0.01,29.27,47026.66,1
2025-05-11,2025-05-11 11:47:00,1611.51,1611.73,1611.51,1611.73,0.01,29.27,47026.66,1
2025-05-11,2025-05-11 11:48:00,1611.73,1611.96,1611.73,1611.96,0.01,29.27,47026.66,1
2025-05-11,2025-05-11 11:49:00,1611.96,1612.18,1611.96,1612.18,0.01,29.27,47026.66,1
2025-05-11,2025-05-11 11:50:00,1612.18,1612.4,1612.18,1612.4,0.01,29.27,47026.66,1
2025-05-11,2025-05-11 11:51:00,1612.4,1612.63,1612.4,1612.63,0.01,29.27,47026.66,1
2025-05-11,2025-05-11 11:52:00,1612.63,1612.85,1612.63,1612.85,0.01,29.27,47026.66,1
2025-05-11,2025-05-11 11:53:00,1612.85,1613.07,1612.85,1613.07,0.01,29.27,47026.66,1
2025-05-11,2025-05-11 11:54:00,1613.07,1613.3,1613.07,1613.3,0.01,29.27,47026.66,1
2025-05-11,2025-05-11 11:55:00,1613.3,1613.52,1613.3,1613.52,0.01,29.27,47026.66,1
2025-05-11,2025-05-11 11:56:00,1613.52,1613.74,1613.52,1613.74,0.01,29.27,47026.66,1
2025-05-11,2025-05-11 11:57:00,1613.74,1613.97,1613.74,1613.97,0.01,29.27,47026.66,1
2025-05-11,2025-05-11 11:58:00,1613.97,1614.19,1613.97,1614.19,0.01,29.27,47026.66,1
2025-05-11,2025-05-11 11:59:00,1614.19,1614.41,1614.19,1614.41,0.01,29.27,47026.66,1
2025-05-11,2025-05-11 12:00:00,1614.41,1614.64,1614.41,1614.64,0.01,29.27,47026.66,1
2025-05-11,2025-05-11 12:01:00,1614.64,1614.86,1614.64,1614.86,0.01,29.27,47026.66,1
2025-05-11,2025-05-11 12:02:00,1614.86,1615.09,1614.86,1615.09,0.01,29.27,47026.66,1
2025-05-11,2025-05-11 12:03:00,1615.09,1615.31,1615.09,1615.31,0.01,29.27,47026.66,1
2025-05-11,2025-05-11 12:04:00,1615.31,1615.53,1615.31,1615.53,0.01,29.27,47026.66,1
2025-05-11,2025-05-11 12:05:00,1615.53,1615.76,1615.53,1615.76,0.01,29.27,47026.66,1
2025-05-11,2025-05-11 12:06:00,1615.76,1615.98,1615.76,1615.98,0.01,29.27,47026.66,1
2025-05-11,2025-05-11 12:07:00,1615.98,1616.2,1615.98,1616.2,0.01,29.27,47026.66,1
2025-05-11,2025-05-11 12:08:00,1616.2,1616.43,1616.2,1616.43,0.01,29.27,47026.66,1
2025-05-11,2025-05-11 12:09:00,1616.43,1616.65,1616.43,1616.65,0.01,29.27,47026.66,1
2025-05-11,2025-05-11 12:10:00,1616.65,1616.87,1616.65,1616.87,0.01,29.27,47026.66,1
2025-05-11,2025-05-11 12:11:00,1616.87,1617.1,1616.87,1617.1,0.01,29.27,47026.66,1
2025-05-11,2025-05-11 12:12:00,1617.1,1617.32,1617.1,1617.32,0.01,29.27,47026.66,1
2025-05-11,2025-05-11 12:13:00,1617.32,1617.55,1617.32,1617.55,0.01,29.27,47026.66,1
2025-05-11,2025-05-11 12:14:00,1617.55,1617.77,1617.55,1617.77,0.01,29.27,47026.66,1
2025-05-11,2025-05-11 12:15:00,1617.77,1617.99,1617.77,1617.99,0.01,29.27,47026.66,1
2025-05-11,2025-05-11 12:16:00,1617.99,1618.22,1617.99,1618.22,0.01,29.27,47026.66,1
2025-05-11,2025-05-11 12:17:00,1618.22,1618.44,1618.22,1618.44,0.01,29.27,47026.66,1
2025-05-11,2025-05-11 12:18:00,1618.44,1618.66,1618.44,1618.66,0.01,29.27,47026.66,1
2025-05-11,2025-05-11 12:19:00,1618.66,1618.89,1618.66,1618.89,0.01,29.27,47026.66,1
2025-05-11,2025-05-11 12:20:00,1618.89,1619.11,1618.89,1619.11,0.01,29.27,47026.66,1
2025-05-11,2025-05-11 12:21:00,1619.11,1619.33,1619.11,1619.33,0.01,29.27,47026.66,1
2025-05-11,2025-05-11 12:22:00,1619.33,1619.56,1619.33,1619.56,0.01,29.27,47026.66,1
2025-05-11,2025-05-11 12:23:00,1619.56,1619.78,1619.56,1619.78,0.01,29.27,47026.66,1
2025-05-11,2025-05-11 12:24:00,1619.78,1620.0,1619.78,1620.0,0.01,29.27,47026.66,1
2025-05-11,2025-05-11 12:25:00,1620.0,1620.23,1620.0,1620.23,0.01,29.27,47026.66,1
2025-05-11,2025-05-11 12:26:00,1620.23,1620.45,1620.23,1620.45,0.01,29.27,47026.66,1
2025-05-11,2025-05-11 12:27:00,1620.45,1620.68,1620.45,1620.68,0.01,29.27,47026.66,1
2025-05-11,2025-05-11 12:28:00,1620.68,1620.9,1620.68,1620.9,0.01,29.27,47026.66,1
2025-05-11,2025-05-11 12:29:00,1620.9,1621.12,1620.9,1621.12,0.01,29.27,47026.66,1
2025-05-11,2025-05-11 12:30:00,1621.12,1621.35,1621.12,1621.35,0.01,29.27,47026.66,1
2025-05-11,2025-05-11 12:31:00,1621.35,1621.57,1621.35,1621.57,0.01,29.27,47026.66,1
2025-05-11,2025-05-11 12:32:00,1621.57,1621.79,1621.57,1621.79,0.01,29.27,47026.66,1
2025-05-11,2025-05-11 12:33:00,1621.79,1622.02,1621.79,1622.02,0.01,29.27,47026.66,1
2025-05-11,2025-05-11 12:34:00,1622.02,1622.24,1622.02,1622.24,0.01,29.27,47026.66,1
2025-05-11,2025-05-11 12:35:00,1622.24,1622.46,1622.24,1622.46,0.01,29.27,47026.66,1
2025-05-11,2025-05-11 12:36:00,1622.46,1622.69,1622.46,1622.69,0.01,29.27,47026.66,1
2025-05-11,2025-05-11 12:37:00,1622.69,1622.91,1622.69,1622.91,0.01,29.27,47026.66,1
2025-05-11,2025-05-11 12:38:00,1622.91,1623.13,1622.91,1623.13,0.01,29.27,47026.66,1
2025-05-11,2025-05-11 12:39:00,1623.13,1623.36,1623.13,1623.36,0.01,29.27,47026.66,1
2025-05-11,2025-05-11 12:40:00,1623.36,1623.58,1623.36,1623.58,0.01,29.27,47026.66,1
2025-05-11,2025-05-11 12:41:00,1623.58,1623.81,1623.58,1623.81,0.01,29.27,47026.66,1
2025-05-11,2025-05-11 12:42:00,1623.81,1624.03,1623.81,1624.03,0.01,29.27,47026.66,1
2025-05-11,2025-05-11 12:43:00,1624.03,1624.25,1624.03,1624.25,0.01,29.27,47026.66,1
2025-05-11,2025-05-11 12:44:00,1624.25,1624.48,1624.25,1624.48,0.01,29.27,47026.66,1
2025-05-11,2025-05-11 12:45:00,1624.48,1624.7,1624.48,1624.7,0.01,29.27,47026.66,1
2025-05-11,2025-05-11 12:46:00,1624.7,1624.92,1624.7,1624.92,0.01,29.27,47026.66,1
2025-05-11,2025-05-11 12:47:00,1624.92,1625.15,1624.92,1625.15,0.01,29.27,47026.66,1
2025-05-11,2025-05-11 12:48:00,1625.15,1625.37,1625.15,1625.37,0.01,29.27,47026.66,1
2025-05-11,2025-05-11 12:49:00,1625.37,1625.59,1625.37,1625.59,0.01,29.27,47026.66,1
2025-05-11,2025-05-11 12:50:00,1625.59,1625.82,1625.59,1625.82,0.01,29.27,47026.66,1
2025-05-11,2025-05-11 12:51:00,1625.82,1626.04,1625.82,1626.04,0.01,29.27,47026.66,1
2025-05-11,2025-05-11 12:52:00,1626.04,1626.26,1626.04,1626.26,0.01,29.27,47026.66,1
2025-05-11,2025-05-11 12:53:00,1626.26,1626.49,1626.26,1626.49,0.01,29.27,47026.66,1
2025-05-11,2025-05-11 12:54:00,1626.49,1626.71,1626.49,1626.71,0.01,29.27,47026.66,1
2025-05-11,2025-05-11 12:55:00,1626.71,1626.94,1626.71,1626.94,0.01,29.27,47026.66,1
2025-05-11,2025-05-11 12:56:00,1626.94,1627.16,1626.94,1627.16,0.01,29.27,47026.66,1
2025-05-11,2025-05-11 12:57:00,1627.16,1627.38,1627.16,1627.38,0.01,29.27,47026.66,1
2025-05-11,2025-05-11 12:58:00,1627.38,1627.61,1627.38,1627.61,0.01,29.27,47026.66,1
2025-05-11,2025-05-11 12:59:00,1627.61,1627.83,1627.61,1627.83,0.01,29.27,47026.66,1
2025-05-11,2025-05-11 13:00:00,1627.83,1698.0,1590.0,1628.05,0.01,29.27,47026.66,1
2025-05-11,2025-05-11 13:01:00,1628.05,1628.28,1628.05,1628.28,0.01,29.27,47026.66,1
2025-05-11,2025-05-11 13:02:00,1628.28,1628.5,1628.28,1628.5,0.01,29.27,47026.66,1
2025-05-11,2025-05-11 13:03:00,1628.5,1628.72,1628.5,1628.72,0.01,29.27,47026.66,1
2025-05-11,2025-05-11 13:04:00,1628.72,1628.95,1628.72,1628.95,0.01,29.27,47026.66,1
2025-05-11,2025-05-11 13:05:00,1628.95,1629.17,1628.95,1629.17,0.01,29.27,47026.66,1
2025-05-11,2025-05-11 13:06:00,1629.17,1629.4,1629.17,1629.4,0.01,29.27,47026.66,1
2025-05-11,2025-05-11 13:07:00,1629.4,1629.62,1629.4,1629.62,0.01,29.27,47026.66,1
2025-05-11,2025-05-11 13:08:00,1629.62,1629.84,1629.62,1629.84,0.01,29.27,47026.66,1
2025-05-11,2025-05-11 13:09:00,1629.84,1630.07,1629.84,1630.07,0.01,29.27,47026.66,1
2025-05-11,2025-05-11 13:10:00,1630.07,1630.29,1630.07,1630.29,0.01,29.27,47026.66,1
2025-05-11,2025-05-11 13:11:00,1630.29,1630.51,1630.29,1630.51,0.01,29.27,47026.66,1
2025-05-11,2025-05-11 13:12:00,1630.51,1630.74,1630.51,1630.74,0.01,29.27,47026.66,1
2025-05-11,2025-05-11 13:13:00,1630.74,1630.96,1630.74,1630.96,0.01,29.27,47026.66,1
2025-05-11,2025-05-11 13:14:00,1630.96,1631.18,1630.96,1631.18,0.01,29.27,47026.66,1
2025-05-11,2025-05-11 13:15:00,1631.18,1631.41,1631.18,1631.41,0.01,29.27,47026.66,1
2025-05-11,2025-05-11 13:16:00,1631.41,1631.63,1631.41,1631.63,0.01,29.27,47026.66,1
2025-05-11,2025-05-11 13:17:00,1631.63,1631.85,1631.63,1631.85,0.01,29.27,47026.66,1
2025-05-11,2025-05-11 13:18:00,1631.85,1632.08,1631.85,1632.08,0.01,29.27,47026.66,1
2025-05-11,2025-05-11 13:19:00,1632.08,1632.3,1632.08,1632.3,0.01,29.27,47026.66,1
2025-05-11,2025-05-11 13:20:00,1632.3,1632.53,1632.3,1632.53,0.01,29.27,47026.66,1
2025-05-11,2025-05-11 13:21:00,1632.53,1632.75,1632.53,1632.75,0.01,29.27,47026.66,1
2025-05-11,2025-05-11 13:22:00,1632.75,1632.97,1632.75,1632.97,0.01,29.27,47026.66,1
2025-05-11,2025-05-11 13:23:00,1632.97,1633.2,1632.97,1633.2,0.01,29.27,47026.66,1
2025-05-11,2025-05-11 13:24:00,1633.2,1633.42,1633.2,1633.42,0.01,29.27,47026.66,1
2025-05-11,2025-05-11 13:25:00,1633.42,1633.64,1633.42,1633.64,0.01,29.27,47026.66,1
2025-05-11,2025-05-11 13:26:00,1633.64,1633.87,1633.64,1633.87,0.01,29.27,47026.66,1
2025-05-11,2025-05-11 13:27:00,1633.87,1634.09,1633.87,1634.09,0.01,29.27,47026.66,1
2025-05-11,2025-05-11 13:28:00,1634.09,1634.31,1634.09,1634.31,0.01,29.27,47026.66,1
2025-05-11,2025-05-11 13:29:00,1634.31,1634.54,1634.31,1634.54,0.01,29.27,47026.66,1
2025-05-11,2025-05-11 13:30:00,1634.54,1634.76,1634.54,1634.76,0.01,29.27,47026.66,1
2025-05-11,2025-05-11 13:31:00,1634.76,1634.98,1634.76,1634.98,0.01,29.27,47026.66,1
2025-05-11,2025-05-11 13:32:00,1634.98,1635.21,1634.98,1635.21,0.01,29.27,47026.66,1
2025-05-11,2025-05-11 13:33:00,1635.21,1635.43,1635.21,1635.43,0.01,29.27,47026.66,1
2025-05-11,2025-05-11 13:34:00,1635.43,1635.66,1635.43,1635.66,0.01,29.27,47026.66,1
2025-05-11,2025-05-11 13:35:00,1635.66,1635.88,1635.66,1635.88,0.01,29.27,47026.66,1
2025-05-11,2025-05-11 13:36:00,1635.88,1636.1,1635.88,1636.1,0.01,29.27,47026.66,1
2025-05-11,2025-05-11 13:37:00,1636.1,1636.33,1636.1,1636.33,0.01,29.27,47026.66,1
2025-05-11,2025-05-11 13:38:00,1636.33,1636.55,1636.33,1636.55,0.01,29.27,47026.66,1
2025-05-11,2025-05-11 13:39:00,1636.55,1636.77,1636.55,1636.77,0.01,29.27,47026.66,1
2025-05-11,2025-05-11 13:40:00,1636.77,1637.0,1636.77,1637.0,0.01,29.27,47026.66,1
2025-05-11,2025-05-11 13:41:00,1637.0,1637.22,1637.0,1637.22,0.01,29.27,47026.66,1
2025-05-11,2025-05-11 13:42:00,1637.22,1637.44,1637.22,1637.44,0.01,29.27,47026.66,1
2025-05-11,2025-05-11 13:43:00,1637.44,1637.67,1637.44,1637.67,0.01,29.27,47026.66,1
2025-05-11,2025-05-11 13:44:00,1637.67,1637.89,1637.67,1637.89,0.01,29.27,47026.66,1
2025-05-11,2025-05-11 13:45:00,1637.89,1638.11,1637.89,1638.11,0.01,29.27,47026.66,1
2025-05-11,2025-05-11 13:46:00,1638.11,1638.34,1638.11,1638.34,0.01,29.27,47026.66,1
2025-05-11,2025-05-11 13:47:00,1638.34,1638.56,1638.34,1638.56,0.01,29.27,47026.66,1
2025-05-11,2025-05-11 13:48:00,1638.56,1638.79,1638.56,1638.79,0.01,29.27,47026.66,1
2025-05-11,2025-05-11 13:49:00,1638.79,1639.01,1638.79,1639.01,0.01,29.27,47026.66,1
2025-05-11,2025-05-11 13:50:00,1639.01,1639.23,1639.01,1639.23,0.01,29.27,47026.66,1
2025-05-11,2025-05-11 13:51:00,1639.23,1639.46,1639.23,1639.46,0.01,29.27,47026.66,1
2025-05-11,2025-05-11 13:52:00,1639.46,1639.68,1639.46,1639.68,0.01,29.27,47026.66,1
2025-05-11,2025-05-11 13:53:00,1639.68,1639.9,1639.68,1639.9,0.01,29.27,47026.66,1
2025-05-11,2025-05-11 13:54:00,1639.9,1640.13,1639.9,1640.13,0.01,29.27,47026.66,1
2025-05-11,2025-05-11 13:55:00,1640.13,1640.35,1640.13,1640.35,0.01,29.27,47026.66,1
2025-05-11,2025-05-11 13:56:00,1640.35,1640.57,1640.35,1640.57,0.01,29.27,47026.66,1
2025-05-11,2025-05-11 13:57:00,1640.57,1640.8,1640.57,1640.8,0.01,29.27,47026.66,1
2025-05-11,2025-05-11 13:58:00,1640.8,1641.02,1640.8,1641.02,0.01,29.27,47026.66,1
2025-05-11,2025-05-11 13:59:00,1641.02,1641.25,1641.02,1641.25,0.01,29.27,47026.66,1
2025-05-11,2025-05-11 14:00:00,1641.25,1641.47,1641.25,1641.47,0.01,29.27,47026.66,1
2025-05-11,2025-05-11 14:01:00,1641.47,1641.69,1641.47,1641.69,0.01,29.27,47026.66,1
2025-05-11,2025-05-11 14:02:00,1641.69,1641.92,1641.69,1641.92,0.01,29.27,47026.66,1
2025-05-11,2025-05-11 14:03:00,1641.92,1642.14,1641.92,1642.14,0.01,29.27,47026.66,1
2025-05-11,2025-05-11 14:04:00,1642.14,1642.36,1642.14,1642.36,0.01,29.27,47026.66,1
2025-05-11,2025-05-11 14:05:00,1642.36,1642.59,1642.36,1642.59,0.01,29.27,47026.66,1
2025-05-11,2025-05-11 14:06:00,1642.59,1642.81,1642.59,1642.81,0.01,29.27,47026.66,1
2025-05-11,2025-05-11 14:07:00,1642.81,1643.03,1642.81,1643.03,0.01,29.27,47026.66,1
2025-05-11,2025-05-11 14:08:00,1643.03,1643.26,1643.03,1643.26,0.01,29.27,47026.66,1
2025-05-11,2025-05-11 14:09:00,1643.26,1643.48,1643.26,1643.48,0.01,29.27,47026.66,1
2025-05-11,2025-05-11 14:10:00,1643.48,1643.7,1643.48,1643.7,0.01,29.27,47026.66,1
2025-05-11,2025-05-11 14:11:00,1643.7,1643.93,1643.7,1643.93,0.01,29.27,47026.66,1
2025-05-11,2025-05-11 14:12:00,1643.93,1644.15,1643.93,1644.15,0.01,29.27,47026.66,1
2025-05-11,2025-05-11 14:13:00,1644.15,1644.38,1644.15,1644.38,0.01,29.27,47026.66,1
2025-05-11,2025-05-11 14:14:00,1644.38,1644.6,1644.38,1644.6,0.01,29.27,47026.66,1
2025-05-11,2025-05-11 14:15:00,1644.6,1644.82,1644.6,1644.82,0.01,29.27,47026.66,1
2025-05-11,2025-05-11 14:16:00,1644.82,1645.05,1644.82,1645.05,0.01,29.27,47026.66,1
2025-05-11,2025-05-11 14:17:00,1645.05,1645.27,1645.05,1645.27,0.01,29.27,47026.66,1
2025-05-11,2025-05-11 14:18:00,1645.27,1645.49,1645.27,1645.49,0.01,29.27,47026.66,1
2025-05-11,2025-05-11 14:19:00,1645.49,1645.72,1645.49,1645.72,0.01,29.27,47026.66,1
2025-05-11,2025-05-11 14:20:00,1645.72,1645.94,1645.72,1645.94,0.01,29.27,47026.66,1
2025-05-11,2025-05-11 14:21:00,1645.94,1646.16,1645.94,1646.16,0.01,29.27,47026.66,1
2025-05-11,2025-05-11 14:22:00,1646.16,1646.39,1646.16,1646.39,0.01,29.27,47026.66,1
2025-05-11,2025-05-11 14:23:00,1646.39,1646.61,1646.39,1646.61,0.01,29.27,47026.66,1
2025-05-11,2025-05-11 14:24:00,1646.61,1646.83,1646.61,1646.83,0.01,29.27,47026.66,1
2025-05-11,2025-05-11 14:25:00,1646.83,1647.06,1646.83,1647.06,0.01,29.27,47026.66,1
2025-05-11,2025-05-11 14:26:00,1647.06,1647.28,1647.06,1647.28,0.01,29.27,47026.66,1
2025-05-11,2025-05-11 14:27:00,1647.28,1647.51,1647.28,1647.51,0.01,29.27,47026.66,1
2025-05-11,2025-05-11 14:28:00,1647.51,1647.73,1647.51,1647.73,0.01,29.27,47026.66,1
2025-05-11,2025-05-11 14:29:00,1647.73,1647.95,1647.73,1647.95,0.01,29.27,47026.66,1
2025-05-11,2025-05-11 14:30:00,1647.95,1648.18,1647.95,1648.18,0.01,29.27,47026.66,1
2025-05-11,2025-05-11 14:31:00,1648.18,1648.4,1648.18,1648.4,0.01,29.27,47026.66,1
2025-05-11,2025-05-11 14:32:00,1648.4,1648.62,1648.4,1648.62,0.01,29.27,47026.66,1
2025-05-11,2025-05-11 14:33:00,1648.62,1648.85,1648.62,1648.85,0.01,29.27,47026.66,1
2025-05-11,2025-05-11 14:34:00,1648.85,1649.07,1648.85,1649.07,0.01,29.27,47026.66,1
2025-05-11,2025-05-11 14:35:00,1649.07,1649.29,1649.07,1649.29,0.01,29.27,47026.66,1
2025-05-11,2025-05-11 14:36:00,1649.29,1649.52,1649.29,1649.52,0.01,29.27,47026.66,1
2025-05-11,2025-05-11 14:37:00,1649.52,1649.74,1649.52,1649.74,0.01,29.27,47026.66,1
2025-05-11,2025-05-11 14:38:00,1649.74,1649.96,1649.74,1649.96,0.01,29.27,47026.66,1
2025-05-11,2025-05-11 14:39:00,1649.96,1650.19,1649.96,1650.19,0.01,29.27,47026.66,1
2025-05-11,2025-05-11 14:40:00,1650.19,1650.41,1650.19,1650.41,0.01,29.27,47026.66,1
2025-05-11,2025-05-11 14:41:00,1650.41,1650.64,1650.41,1650.64,0.01,29.27,47026.66,1
2025-05-11,2025-05-11 14:42:00,1650.64,1650.86,1650.64,1650.86,0.01,29.27,47026.66,1
2025-05-11,2025-05-11 14:43:00,1650.86,1651.08,1650.86,1651.08,0.01,29.27,47026.66,1
2025-05-11,2025-05-11 14:44:00,1651.08,1651.31,1651.08,1651.31,0.01,29.27,47026.66,1
2025-05-11,2025-05-11 14:45:00,1651.31,1651.53,1651.31,1651.53,0.01,29.27,47026.66,1
2025-05-11,2025-05-11 14:46:00,1651.53,1651.75,1651.53,1651.75,0.01,29.27,47026.66,1
2025-05-11,2025-05-11 14:47:00,1651.75,1651.98,1651.75,1651.98,0.01,29.27,47026.66,1
2025-05-11,2025-05-11 14:48:00,1651.98,1652.2,1651.98,1652.2,0.01,29.27,47026.66,1
2025-05-11,2025-05-11 14:49:00,1652.2,1652.42,1652.2,1652.42,0.01,29.27,47026.66,1
2025-05-11,2025-05-11 14:50:00,1652.42,1652.65,1652.42,1652.65,0.01,29.27,47026.66,1
2025-05-11,2025-05-11 14:51:00,1652.65,1652.87,1652.65,1652.87,0.01,29.27,47026.66,1
2025-05-11,2025-05-11 14:52:00,1652.87,1653.09,1652.87,1653.09,0.01,29.27,47026.66,1
2025-05-11,2025-05-11 14:53:00,1653.09,1653.32,1653.09,1653.32,0.01,29.27,47026.66,1
2025-05-11,2025-05-11 14:54:00,1653.32,1653.54,1653.32,1653.54,0.01,29.27,47026.66,1
2025-05-11,2025-05-11 14:55:00,1653.54,1653.77,1653.54,1653.77,0.01,29.27,47026.66,1
2025-05-11,2025-05-11 14:56:00,1653.77,1653.99,1653.77,1653.99,0.01,29.27,47026.66,1
2025-05-11,2025-05-11 14:57:00,1653.99,1654.21,1653.99,1654.21,0.01,29.27,47026.66,1
2025-05-11,2025-05-11 14:58:00,1654.21,1654.44,1654.21,1654.44,0.01,29.27,47026.66,1
2025-05-11,2025-05-11 14:59:00,1654.44,1654.66,1654.44,1654.66,0.01,29.27,47026.66,1
2025-05-11,2025-05-11 15:00:00,1654.66,1698.0,1590.0,1654.66,0.0,29.27,47026.66,0
2025-05-13,2025-05-13 11:00:00,1625.0,1640.0,1615.25,1624.93,-0.0,20.53,33131.54,-1
2025-05-13,2025-05-13 11:01:00,1624.93,1624.93,1624.86,1624.86,-0.0,20.53,33131.54,-1
2025-05-13,2025-05-13 11:02:00,1624.86,1624.86,1624.78,1624.78,-0.0,20.53,33131.54,-1
2025-05-13,2025-05-13 11:03:00,1624.78,1624.78,1624.71,1624.71,-0.0,20.53,33131.54,-1
2025-05-13,2025-05-13 11:04:00,1624.71,1624.71,1624.64,1624.64,-0.0,20.53,33131.54,-1
2025-05-13,2025-05-13 11:05:00,1624.64,1624.64,1624.57,1624.57,-0.0,20.53,33131.54,-1
2025-05-13,2025-05-13 11:06:00,1624.57,1624.57,1624.5,1624.5,-0.0,20.53,33131.54,-1
2025-05-13,2025-05-13 11:07:00,1624.5,1624.5,1624.42,1624.42,-0.0,20.53,33131.54,-1
2025-05-13,2025-05-13 11:08:00,1624.42,1624.42,1624.35,1624.35,-0.0,20.53,33131.54,-1
2025-05-13,2025-05-13 11:09:00,1624.35,1624.35,1624.28,1624.28,-0.0,20.53,33131.54,-1
2025-05-13,2025-05-13 11:10:00,1624.28,1624.28,1624.21,1624.21,-0.0,20.53,33131.54,-1
2025-05-13,2025-05-13 11:11:00,1624.21,1624.21,1624.14,1624.14,-0.0,20.53,33131.54,-1
2025-05-13,2025-05-13 11:12:00,1624.14,1624.14,1624.06,1624.06,-0.0,20.53,33131.54,-1
2025-05-13,2025-05-13 11:13:00,1624.06,1624.06,1623.99,1623.99,-0.0,20.53,33131.54,-1
2025-05-13,2025-05-13 11:14:00,1623.99,1623.99,1623.92,1623.92,-0.0,20.53,33131.54,-1
2025-05-13,2025-05-13 11:15:00,1623.92,1623.92,1623.85,1623.85,-0.0,20.53,33131.54,-1
2025-05-13,2025-05-13 11:16:00,1623.85,1623.85,1623.78,1623.78,-0.0,20.53,33131.54,-1
2025-05-13,2025-05-13 11:17:00,1623.78,1623.78,1623.7,1623.7,-0.0,20.53,33131.54,-1
2025-05-13,2025-05-13 11:18:00,1623.7,1623.7,1623.63,1623.63,-0.0,20.53,33131.54,-1
2025-05-13,2025-05-13 11:19:00,1623.63,1623.63,1623.56,1623.56,-0.0,20.53,33131.54,-1
2025-05-13,2025-05-13 11:20:00,1623.56,1623.56,1623.49,1623.49,-0.0,20.53,33131.54,-1
2025-05-13,2025-05-13 11:21:00,1623.49,1623.49,1623.42,1623.42,-0.0,20.53,33131.54,-1
2025-05-13,2025-05-13 11:22:00,1623.42,1623.42,1623.34,1623.34,-0.0,20.53,33131.54,-1
2025-05-13,2025-05-13 11:23:00,1623.34,1623.34,1623.27,1623.27,-0.0,20.53,33131.54,-1
2025-05-13,2025-05-13 11:24:00,1623.27,1623.27,1623.2,1623.2,-0.0,20.53,33131.54,-1
2025-05-13,2025-05-13 11:25:00,1623.2,1623.2,1623.13,1623.13,-0.0,20.53,33131.54,-1
2025-05-13,2025-05-13 11:26:00,1623.13,1623.13,1623.06,1623.06,-0.0,20.53,33131.54,-1
2025-05-13,2025-05-13 11:27:00,1623.06,1623.06,1622.98,1622.98,-0.0,20.53,33131.54,-1
2025-05-13,2025-05-13 11:28:00,1622.98,1622.98,1622.91,1622.91,-0.0,20.53,33131.54,-1
2025-05-13,2025-05-13 11:29:00,1622.91,1622.91,1622.84,1622.84,-0.0,20.53,33131.54,-1
2025-05-13,2025-05-13 11:30:00,1622.84,1622.84,1622.77,1622.77,-0.0,20.53,33131.54,-1
2025-05-13,2025-05-13 11:31:00,1622.77,1622.77,1622.7,1622.7,-0.0,20.53,33131.54,-1
2025-05-13,2025-05-13 11:32:00,1622.7,1622.7,1622.62,1622.62,-0.0,20.53,33131.54,-1
2025-05-13,2025-05-13 11:33:00,1622.62,1622.62,1622.55,1622.55,-0.0,20.53,33131.54,-1
2025-05-13,2025-05-13 11:34:00,1622.55,1622.55,1622.48,1622.48,-0.0,20.53,33131.54,-1
2025-05-13,2025-05-13 11:35:00,1622.48,1622.48,1622.41,1622.41,-0.0,20.53,33131.54,-1
2025-05-13,2025-05-13 11:36:00,1622.41,1622.41,1622.34,1622.34,-0.0,20.53,33131.54,-1
2025-05-13,2025-05-13 11:37:00,1622.34,1622.34,1622.26,1622.26,-0.0,20.53,33131.54,-1
2025-05-13,2025-05-13 11:38:00,1622.26,1622.26,1622.19,1622.19,-0.0,20.53,33131.54,-1
2025-05-13,2025-05-13 11:39:00,1622.19,1622.19,1622.12,1622.12,-0.0,20.53,33131.54,-1
2025-05-13,2025-05-13 11:40:00,1622.12,1622.12,1622.05,1622.05,-0.0,20.53,33131.54,-1
2025-05-13,2025-05-13 11:41:00,1622.05,1622.05,1621.98,1621.98,-0.0,20.53,33131.54,-1
2025-05-13,2025-05-13 11:42:00,1621.98,1621.98,1621.9,1621.9,-0.0,20.53,33131.54,-1
2025-05-13,2025-05-13 11:43:00,1621.9,1621.9,1621.83,1621.83,-0.0,20.53,33131.54,-1
2025-05-13,2025-05-13 11:44:00,1621.83,1621.83,1621.76,1621.76,-0.0,20.53,33131.54,-1
2025-05-13,2025-05-13 11:45:00,1621.76,1621.76,1621.69,1621.69,-0.0,20.53,33131.54,-1
2025-05-13,2025-05-13 11:46:00,1621.69,1621.69,1621.62,1621.62,-0.0,20.53,33131.54,-1
2025-05-13,2025-05-13 11:47:00,1621.62,1621.62,1621.54,1621.54,-0.0,20.53,33131.54,-1
2025-05-13,2025-05-13 11:48:00,1621.54,1621.54,1621.47,1621.47,-0.0,20.53,33131.54,-1
2025-05-13,2025-05-13 11:49:00,1621.47,1621.47,1621.4,1621.4,-0.0,20.53,33131.54,-1
2025-05-13,2025-05-13 11:50:00,1621.4,1621.4,1621.33,1621.33,-0.0,20.53,33131.54,-1
2025-05-13,2025-05-13 11:51:00,1621.33,1621.33,1621.26,1621.26,-0.0,20.53,33131.54,-1
2025-05-13,2025-05-13 11:52:00,1621.26,1621.26,1621.18,1621.18,-0.0,20.53,33131.54,-1
2025-05-13,2025-05-13 11:53:00,1621.18,1621.18,1621.11,1621.11,-0.0,20.53,33131.54,-1
2025-05-13,2025-05-13 11:54:00,1621.11,1621.11,1621.04,1621.04,-0.0,20.53,33131.54,-1
2025-05-13,2025-05-13 11:55:00,1621.04,1621.04,1620.97,1620.97,-0.0,20.53,33131.54,-1
2025-05-13,2025-05-13 11:56:00,1620.97,1620.97,1620.9,1620.9,-0.0,20.53,33131.54,-1
2025-05-13,2025-05-13 11:57:00,1620.9,1620.9,1620.82,1620.82,-0.0,20.53,33131.54,-1
2025-05-13,2025-05-13 11:58:00,1620.82,1620.82,1620.75,1620.75,-0.0,20.53,33131.54,-1
2025-05-13,2025-05-13 11:59:00,1620.75,1620.75,1620.68,1620.68,-0.0,20.53,33131.54,-1
2025-05-13,2025-05-13 12:00:00,1620.68,1620.68,1620.61,1620.61,-0.0,20.53,33131.54,-1
2025-05-13,2025-05-13 12:01:00,1620.61,1620.61,1620.54,1620.54,-0.0,20.53,33131.54,-1
2025-05-13,2025-05-13 12:02:00,1620.54,1620.54,1620.46,1620.46,-0.0,20.53,33131.54,-1
2025-05-13,2025-05-13 12:03:00,1620.46,1620.46,1620.39,1620.39,-0.0,20.53,33131.54,-1
2025-05-13,2025-05-13 12:04:00,1620.39,1620.39,1620.32,1620.32,-0.0,20.53,33131.54,-1
2025-05-13,2025-05-13 12:05:00,1620.32,1620.32,1620.25,1620.25,-0.0,20.53,33131.54,-1
2025-05-13,2025-05-13 12:06:00,1620.25,1620.25,1620.18,1620.18,-0.0,20.53,33131.54,-1
2025-05-13,2025-05-13 12:07:00,1620.18,1620.18,1620.1,1620.1,-0.0,20.53,33131.54,-1
2025-05-13,2025-05-13 12:08:00,1620.1,1620.1,1620.03,1620.03,-0.0,20.53,33131.54,-1
2025-05-13,2025-05-13 12:09:00,1620.03,1620.03,1619.96,1619.96,-0.0,20.53,33131.54,-1
2025-05-13,2025-05-13 12:10:00,1619.96,1619.96,1619.89,1619.89,-0.0,20.53,33131.54,-1
2025-05-13,2025-05-13 12:11:00,1619.89,1619.89,1619.82,1619.82,-0.0,20.53,33131.54,-1
2025-05-13,2025-05-13 12:12:00,1619.82,1619.82,1619.74,1619.74,-0.0,20.53,33131.54,-1
2025-05-13,2025-05-13 12:13:00,1619.74,1619.74,1619.67,1619.67,-0.0,20.53,33131.54,-1
2025-05-13,2025-05-13 12:14:00,1619.67,1619.67,1619.6,1619.6,-0.0,20.53,33131.54,-1
2025-05-13,2025-05-13 12:15:00,1619.6,1619.6,1619.53,1619.53,-0.0,20.53,33131.54,-1
2025-05-13,2025-05-13 12:16:00,1619.53,1619.53,1619.46,1619.46,-0.0,20.53,33131.54,-1
2025-05-13,2025-05-13 12:17:00,1619.46,1619.46,1619.38,1619.38,-0.0,20.53,33131.54,-1
2025-05-13,2025-05-13 12:18:00,1619.38,1619.38,1619.31,1619.31,-0.0,20.53,33131.54,-1
2025-05-13,2025-05-13 12:19:00,1619.31,1619.31,1619.24,1619.24,-0.0,20.53,33131.54,-1
2025-05-13,2025-05-13 12:20:00,1619.24,1619.24,1619.17,1619.17,-0.0,20.53,33131.54,-1
2025-05-13,2025-05-13 12:21:00,1619.17,1619.17,1619.1,1619.1,-0.0,20.53,33131.54,-1
2025-05-13,2025-05-13 12:22:00,1619.1,1619.1,1619.02,1619.02,-0.0,20.53,33131.54,-1
2025-05-13,2025-05-13 12:23:00,1619.02,1619.02,1618.95,1618.95,-0.0,20.53,33131.54,-1
2025-05-13,2025-05-13 12:24:00,1618.95,1618.95,1618.88,1618.88,-0.0,20.53,33131.54,-1
2025-05-13,2025-05-13 12:25:00,1618.88,1618.88,1618.81,1618.81,-0.0,20.53,33131.54,-1
2025-05-13,2025-05-13 12:26:00,1618.81,1618.81,1618.74,1618.74,-0.0,20.53,33131.54,-1
2025-05-13,2025-05-13 12:27:00,1618.74,1618.74,1618.66,1618.66,-0.0,20.53,33131.54,-1
2025-05-13,2025-05-13 12:28:00,1618.66,1618.66,1618.59,1618.59,-0.0,20.53,33131.54,-1
2025-05-13,2025-05-13 12:29:00,1618.59,1618.59,1618.52,1618.52,-0.0,20.53,33131.54,-1
2025-05-13,2025-05-13 12:30:00,1618.52,1618.52,1618.45,1618.45,-0.0,20.53,33131.54,-1
2025-05-13,2025-05-13 12:31:00,1618.45,1618.45,1618.38,1618.38,-0.0,20.53,33131.54,-1
2025-05-13,2025-05-13 12:32:00,1618.38,1618.38,1618.3,1618.3,-0.0,20.53,33131.54,-1
2025-05-13,2025-05-13 12:33:00,1618.3,1618.3,1618.23,1618.23,-0.0,20.53,33131.54,-1
2025-05-13,2025-05-13 12:34:00,1618.23,1618.23,1618.16,1618.16,-0.0,20.53,33131.54,-1
2025-05-13,2025-05-13 12:35:00,1618.16,1618.16,1618.09,1618.09,-0.0,20.53,33131.54,-1
2025-05-13,2025-05-13 12:36:00,1618.09,1618.09,1618.02,1618.02,-0.0,20.53,33131.54,-1
2025-05-13,2025-05-13 12:37:00,1618.02,1618.02,1617.94,1617.94,-0.0,20.53,33131.54,-1
2025-05-13,2025-05-13 12:38:00,1617.94,1617.94,1617.87,1617.87,-0.0,20.53,33131.54,-1
2025-05-13,2025-05-13 12:39:00,1617.87,1617.87,1617.8,1617.8,-0.0,20.53,33131.54,-1
2025-05-13,2025-05-13 12:40:00,1617.8,1617.8,1617.73,1617.73,-0.0,20.53,33131.54,-1
2025-05-13,2025-05-13 12:41:00,1617.73,1617.73,1617.66,1617.66,-0.0,20.53,33131.54,-1
2025-05-13,2025-05-13 12:42:00,1617.66,1617.66,1617.58,1617.58,-0.0,20.53,33131.54,-1
2025-05-13,2025-05-13 12:43:00,1617.58,1617.58,1617.51,1617.51,-0.0,20.53,33131.54,-1
2025-05-13,2025-05-13 12:44:00,1617.51,1617.51,1617.44,1617.44,-0.0,20.53,33131.54,-1
2025-05-13,2025-05-13 12:45:00,1617.44,1617.44,1617.37,1617.37,-0.0,20.53,33131.54,-1
2025-05-13,2025-05-13 12:46:00,1617.37,1617.37,1617.3,1617.3,-0.0,20.53,33131.54,-1
2025-05-13,2025-05-13 12:47:00,1617.3,1617.3,1617.22,1617.22,-0.0,20.53,33131.54,-1
2025-05-13,2025-05-13 12:48:00,1617.22,1617.22,1617.15,1617.15,-0.0,20.53,33131.54,-1
2025-05-13,2025-05-13 12:49:00,1617.15,1617.15,1617.08,1617.08,-0.0,20.53,33131.54,-1
2025-05-13,2025-05-13 12:50:00,1617.08,1617.08,1617.01,1617.01,-0.0,20.53,33131.54,-1
2025-05-13,2025-05-13 12:51:00,1617.01,1617.01,1616.94,1616.94,-0.0,20.53,33131.54,-1
2025-05-13,2025-05-13 12:52:00,1616.94,1616.94,1616.86,1616.86,-0.0,20.53,33131.54,-1
2025-05-13,2025-05-13 12:53:00,1616.86,1616.86,1616.79,1616.79,-0.0,20.53,33131.54,-1
2025-05-13,2025-05-13 12:54:00,1616.79,1616.79,1616.72,1616.72,-0.0,20.53,33131.54,-1
2025-05-13,2025-05-13 12:55:00,1616.72,1616.72,1616.65,1616.65,-0.0,20.53,33131.54,-1
2025-05-13,2025-05-13 12:56:00,1616.65,1616.65,1616.58,1616.58,-0.0,20.53,33131.54,-1
2025-05-13,2025-05-13 12:57:00,1616.58,1616.58,1616.5,1616.5,-0.0,20.53,33131.54,-1
2025-05-13,2025-05-13 12:58:00,1616.5,1616.5,1616.43,1616.43,-0.0,20.53,33131.54,-1
2025-05-13,2025-05-13 12:59:00,1616.43,1616.43,1616.36,1616.36,-0.0,20.53,33131.54,-1
2025-05-13,2025-05-13 13:00:00,1616.36,1675.0,1592.5,1616.29,-0.0,20.53,33131.54,-1
2025-05-13,2025-05-13 13:01:00,1616.29,1616.29,1616.22,1616.22,-0.0,20.53,33131.54,-1
2025-05-13,2025-05-13 13:02:00,1616.22,1616.22,1616.14,1616.14,-0.0,20.53,33131.54,-1
2025-05-13,2025-05-13 13:03:00,1616.14,1616.14,1616.07,1616.07,-0.0,20.53,33131.54,-1
2025-05-13,2025-05-13 13:04:00,1616.07,1616.07,1616.0,1616.0,-0.0,20.53,33131.54,-1
2025-05-13,2025-05-13 13:05:00,1616.0,1616.0,1615.93,1615.93,-0.0,20.53,33131.54,-1
2025-05-13,2025-05-13 13:06:00,1615.93,1615.93,1615.86,1615.86,-0.0,20.53,33131.54,-1
2025-05-13,2025-05-13 13:07:00,1615.86,1615.86,1615.78,1615.78,-0.0,20.53,33131.54,-1
2025-05-13,2025-05-13 13:08:00,1615.78,1615.78,1615.71,1615.71,-0.0,20.53,33131.54,-1
2025-05-13,2025-05-13 13:09:00,1615.71,1615.71,1615.64,1615.64,-0.0,20.53,33131.54,-1
2025-05-13,2025-05-13 13:10:00,1615.64,1615.64,1615.57,1615.57,-0.0,20.53,33131.54,-1
2025-05-13,2025-05-13 13:11:00,1615.57,1615.57,1615.5,1615.5,-0.0,20.53,33131.54,-1
2025-05-13,2025-05-13 13:12:00,1615.5,1615.5,1615.42,1615.42,-0.0,20.53,33131.54,-1
2025-05-13,2025-05-13 13:13:00,1615.42,1615.42,1615.35,1615.35,-0.0,20.53,33131.54,-1
2025-05-13,2025-05-13 13:14:00,1615.35,1615.35,1615.28,1615.28,-0.0,20.53,33131.54,-1
2025-05-13,2025-05-13 13:15:00,1615.28,1615.28,1615.21,1615.21,-0.0,20.53,33131.54,-1
2025-05-13,2025-05-13 13:16:00,1615.21,1615.21,1615.14,1615.14,-0.0,20.53,33131.54,-1
2025-05-13,2025-05-13 13:17:00,1615.14,1615.14,1615.06,1615.06,-0.0,20.53,33131.54,-1
2025-05-13,2025-05-13 13:18:00,1615.06,1615.06,1614.99,1614.99,-0.0,20.53,33131.54,-1
2025-05-13,2025-05-13 13:19:00,1614.99,1614.99,1614.92,1614.92,-0.0,20.53,33131.54,-1
2025-05-13,2025-05-13 13:20:00,1614.92,1614.92,1614.85,1614.85,-0.0,20.53,33131.54,-1
2025-05-13,2025-05-13 13:21:00,1614.85,1614.85,1614.78,1614.78,-0.0,20.53,33131.54,-1
2025-05-13,2025-05-13 13:22:00,1614.78,1614.78,1614.7,1614.7,-0.0,20.53,33131.54,-1
2025-05-13,2025-05-13 13:23:00,1614.7,1614.7,1614.63,1614.63,-0.0,20.53,33131.54,-1
2025-05-13,2025-05-13 13:24:00,1614.63,1614.63,1614.56,1614.56,-0.0,20.53,33131.54,-1
2025-05-13,2025-05-13 13:25:00,1614.56,1614.56,1614.49,1614.49,-0.0,20.53,33131.54,-1
2025-05-13,2025-05-13 13:26:00,1614.49,1614.49,1614.42,1614.42,-0.0,20.53,33131.54,-1
2025-05-13,2025-05-13 13:27:00,1614.42,1614.42,1614.34,1614.34,-0.0,20.53,33131.54,-1
2025-05-13,2025-05-13 13:28:00,1614.34,1614.34,1614.27,1614.27,-0.0,20.53,33131.54,-1
2025-05-13,2025-05-13 13:29:00,1614.27,1614.27,1614.2,1614.2,-0.0,20.53,33131.54,-1
2025-05-13,2025-05-13 13:30:00,1614.2,1614.2,1614.13,1614.13,-0.0,20.53,33131.54,-1
2025-05-13,2025-05-13 13:31:00,1614.13,1614.13,1614.06,1614.06,-0.0,20.53,33131.54,-1
2025-05-13,2025-05-13 13:32:00,1614.06,1614.06,1613.98,1613.98,-0.0,20.53,33131.54,-1
2025-05-13,2025-05-13 13:33:00,1613.98,1613.98,1613.91,1613.91,-0.0,20.53,33131.54,-1
2025-05-13,2025-05-13 13:34:00,1613.91,1613.91,1613.84,1613.84,-0.0,20.53,33131.54,-1
2025-05-13,2025-05-13 13:35:00,1613.84,1613.84,1613.77,1613.77,-0.0,20.53,33131.54,-1
2025-05-13,2025-05-13 13:36:00,1613.77,1613.77,1613.7,1613.7,-0.0,20.53,33131.54,-1
2025-05-13,2025-05-13 13:37:00,1613.7,1613.7,1613.62,1613.62,-0.0,20.53,33131.54,-1
2025-05-13,2025-05-13 13:38:00,1613.62,1613.62,1613.55,1613.55,-0.0,20.53,33131.54,-1
2025-05-13,2025-05-13 13:39:00,1613.55,1613.55,1613.48,1613.48,-0.0,20.53,33131.54,-1
2025-05-13,2025-05-13 13:40:00,1613.48,1613.48,1613.41,1613.41,-0.0,20.53,33131.54,-1
2025-05-13,2025-05-13 13:41:00,1613.41,1613.41,1613.34,1613.34,-0.0,20.53,33131.54,-1
2025-05-13,2025-05-13 13:42:00,1613.34,1613.34,1613.26,1613.26,-0.0,20.53,33131.54,-1
2025-05-13,2025-05-13 13:43:00,1613.26,1613.26,1613.19,1613.19,-0.0,20.53,33131.54,-1
2025-05-13,2025-05-13 13:44:00,1613.19,1613.19,1613.12,1613.12,-0.0,20.53,33131.54,-1
2025-05-13,2025-05-13 13:45:00,1613.12,1613.12,1613.05,1613.05,-0.0,20.53,33131.54,-1
2025-05-13,2025-05-13 13:46:00,1613.05,1613.05,1612.98,1612.98,-0.0,20.53,33131.54,-1
2025-05-13,2025-05-13 13:47:00,1612.98,1612.98,1612.9,1612.9,-0.0,20.53,33131.54,-1
2025-05-13,2025-05-13 13:48:00,1612.9,1612.9,1612.83,1612.83,-0.0,20.53,33131.54,-1
2025-05-13,2025-05-13 13:49:00,1612.83,1612.83,1612.76,1612.76,-0.0,20.53,33131.54,-1
2025-05-13,2025-05-13 13:50:00,1612.76,1612.76,1612.69,1612.69,-0.0,20.53,33131.54,-1
2025-05-13,2025-05-13 13:51:00,1612.69,1612.69,1612.62,1612.62,-0.0,20.53,33131.54,-1
2025-05-13,2025-05-13 13:52:00,1612.62,1612.62,1612.54,1612.54,-0.0,20.53,33131.54,-1
2025-05-13,2025-05-13 13:53:00,1612.54,1612.54,1612.47,1612.47,-0.0,20.53,33131.54,-1
2025-05-13,2025-05-13 13:54:00,1612.47,1612.47,1612.4,1612.4,-0.0,20.53,33131.54,-1
2025-05-13,2025-05-13 13:55:00,1612.4,1612.4,1612.33,1612.33,-0.0,20.53,33131.54,-1
2025-05-13,2025-05-13 13:56:00,1612.33,1612.33,1612.26,1612.26,-0.0,20.53,33131.54,-1
2025-05-13,2025-05-13 13:57:00,1612.26,1612.26,1612.18,1612.18,-0.0,20.53,33131.54,-1
2025-05-13,2025-05-13 13:58:00,1612.18,1612.18,1612.11,1612.11,-0.0,20.53,33131.54,-1
2025-05-13,2025-05-13 13:59:00,1612.11,1612.11,1612.04,1612.04,-0.0,20.53,33131.54,-1
2025-05-13,2025-05-13 14:00:00,1612.04,1612.04,1611.97,1611.97,-0.0,20.53,33131.54,-1
2025-05-13,2025-05-13 14:01:00,1611.97,1611.97,1611.9,1611.9,-0.0,20.53,33131.54,-1
2025-05-13,2025-05-13 14:02:00,1611.9,1611.9,1611.82,1611.82,-0.0,20.53,33131.54,-1
2025-05-13,2025-05-13 14:03:00,1611.82,1611.82,1611.75,1611.75,-0.0,20.53,33131.54,-1
2025-05-13,2025-05-13 14:04:00,1611.75,1611.75,1611.68,1611.68,-0.0,20.53,33131.54,-1
2025-05-13,2025-05-13 14:05:00,1611.68,1611.68,1611.61,1611.61,-0.0,20.53,33131.54,-1
2025-05-13,2025-05-13 14:06:00,1611.61,1611.61,1611.54,1611.54,-0.0,20.53,33131.54,-1
2025-05-13,2025-05-13 14:07:00,1611.54,1611.54,1611.46,1611.46,-0.0,20.53,33131.54,-1
2025-05-13,2025-05-13 14:08:00,1611.46,1611.46,1611.39,1611.39,-0.0,20.53,33131.54,-1
2025-05-13,2025-05-13 14:09:00,1611.39,1611.39,1611.32,1611.32,-0.0,20.53,33131.54,-1
2025-05-13,2025-05-13 14:10:00,1611.32,1611.32,1611.25,1611.25,-0.0,20.53,33131.54,-1
2025-05-13,2025-05-13 14:11:00,1611.25,1611.25,1611.18,1611.18,-0.0,20.53,33131.54,-1
2025-05-13,2025-05-13 14:12:00,1611.18,1611.18,1611.1,1611.1,-0.0,20.53,33131.54,-1
2025-05-13,2025-05-13 14:13:00,1611.1,1611.1,1611.03,1611.03,-0.0,20.53,33131.54,-1
2025-05-13,2025-05-13 14:14:00,1611.03,1611.03,1610.96,1610.96,-0.0,20.53,33131.54,-1
2025-05-13,2025-05-13 14:15:00,1610.96,1610.96,1610.89,1610.89,-0.0,20.53,33131.54,-1
2025-05-13,2025-05-13 14:16:00,1610.89,1610.89,1610.82,1610.82,-0.0,20.53,33131.54,-1
2025-05-13,2025-05-13 14:17:00,1610.82,1610.82,1610.74,1610.74,-0.0,20.53,33131.54,-1
2025-05-13,2025-05-13 14:18:00,1610.74,1610.74,1610.67,1610.67,-0.0,20.53,33131.54,-1
2025-05-13,2025-05-13 14:19:00,1610.67,1610.67,1610.6,1610.6,-0.0,20.53,33131.54,-1
2025-05-13,2025-05-13 14:20:00,1610.6,1610.6,1610.53,1610.53,-0.0,20.53,33131.54,-1
2025-05-13,2025-05-13 14:21:00,1610.53,1610.53,1610.46,1610.46,-0.0,20.53,33131.54,-1
2025-05-13,2025-05-13 14:22:00,1610.46,1610.46,1610.38,1610.38,-0.0,20.53,33131.54,-1
2025-05-13,2025-05-13 14:23:00,1610.38,1610.38,1610.31,1610.31,-0.0,20.53,33131.54,-1
2025-05-13,2025-05-13 14:24:00,1610.31,1610.31,1610.24,1610.24,-0.0,20.53,33131.54,-1
2025-05-13,2025-05-13 14:25:00,1610.24,1610.24,1610.17,1610.17,-0.0,20.53,33131.54,-1
2025-05-13,2025-05-13 14:26:00,1610.17,1610.17,1610.1,1610.1,-0.0,20.53,33131.54,-1
2025-05-13,2025-05-13 14:27:00,1610.1,1610.1,1610.02,1610.02,-0.0,20.53,33131.54,-1
2025-05-13,2025-05-13 14:28:00,1610.02,1610.02,1609.95,1609.95,-0.0,20.53,33131.54,-1
2025-05-13,2025-05-13 14:29:00,1609.95,1609.95,1609.88,1609.88,-0.0,20.53,33131.54,-1
2025-05-13,2025-05-13 14:30:00,1609.88,1609.88,1609.81,1609.81,-0.0,20.53,33131.54,-1
2025-05-13,2025-05-13 14:31:00,1609.81,1609.81,1609.74,1609.74,-0.0,20.53,33131.54,-1
2025-05-13,2025-05-13 14:32:00,1609.74,1609.74,1609.66,1609.66,-0.0,20.53,33131.54,-1
2025-05-13,2025-05-13 14:33:00,1609.66,1609.66,1609.59,1609.59,-0.0,20.53,33131.54,-1
2025-05-13,2025-05-13 14:34:00,1609.59,1609.59,1609.52,1609.52,-0.0,20.53,33131.54,-1
2025-05-13,2025-05-13 14:35:00,1609.52,1609.52,1609.45,1609.45,-0.0,20.53,33131.54,-1
2025-05-13,2025-05-13 14:36:00,1609.45,1609.45,1609.38,1609.38,-0.0,20.53,33131.54,-1
2025-05-13,2025-05-13 14:37:00,1609.38,1609.38,1609.3,1609.3,-0.0,20.53,33131.54,-1
2025-05-13,2025-05-13 14:38:00,1609.3,1609.3,1609.23,1609.23,-0.0,20.53,33131.54,-1
2025-05-13,2025-05-13 14:39:00,1609.23,1609.23,1609.16,1609.16,-0.0,20.53,33131.54,-1
2025-05-13,2025-05-13 14:40:00,1609.16,1609.16,1609.09,1609.09,-0.0,20.53,33131.54,-1
2025-05-13,2025-05-13 14:41:00,1609.09,1609.09,1609.02,1609.02,-0.0,20.53,33131.54,-1
2025-05-13,2025-05-13 14:42:00,1609.02,1609.02,1608.94,1608.94,-0.0,20.53,33131.54,-1
2025-05-13,2025-05-13 14:43:00,1608.94,1608.94,1608.87,1608.87,-0.0,20.53,33131.54,-1
2025-05-13,2025-05-13 14:44:00,1608.87,1608.87,1608.8,1608.8,-0.0,20.53,33131.54,-1
2025-05-13,2025-05-13 14:45:00,1608.8,1608.8,1608.73,1608.73,-0.0,20.53,33131.54,-1
2025-05-13,2025-05-13 14:46:00,1608.73,1608.73,1608.66,1608.66,-0.0,20.53,33131.54,-1
2025-05-13,2025-05-13 14:47:00,1608.66,1608.66,1608.58,1608.58,-0.0,20.53,33131.54,-1
2025-05-13,2025-05-13 14:48:00,1608.58,1608.58,1608.51,1608.51,-0.0,20.53,33131.54,-1
2025-05-13,2025-05-13 14:49:00,1608.51,1608.51,1608.44,1608.44,-0.0,20.53,33131.54,-1
2025-05-13,2025-05-13 14:50:00,1608.44,1608.44,1608.37,1608.37,-0.0,20.53,33131.54,-1
2025-05-13,2025-05-13 14:51:00,1608.37,1608.37,1608.3,1608.3,-0.0,20.53,33131.54,-1
2025-05-13,2025-05-13 14:52:00,1608.3,1608.3,1608.22,1608.22,-0.0,20.53,33131.54,-1
2025-05-13,2025-05-13 14:53:00,1608.22,1608.22,1608.15,1608.15,-0.0,20.53,33131.54,-1
2025-05-13,2025-05-13 14:54:00,1608.15,1608.15,1608.08,1608.08,-0.0,20.53,33131.54,-1
2025-05-13,2025-05-13 14:55:00,1608.08,1608.08,1608.01,1608.01,-0.0,20.53,33131.54,-1
2025-05-13,2025-05-13 14:56:00,1608.01,1608.01,1607.94,1607.94,-0.0,20.53,33131.54,-1
2025-05-13,2025-05-13 14:57:00,1607.94,1607.94,1607.86,1607.86,-0.0,20.53,33131.54,-1
2025-05-13,2025-05-13 14:58:00,1607.86,1607.86,1607.79,1607.79,-0.0,20.53,33131.54,-1
2025-05-13,2025-05-13 14:59:00,1607.79,1607.79,1607.72,1607.72,-0.0,20.53,33131.54,-1
2025-05-13,2025-05-13 15:00:00,1607.72,1675.0,1592.5,1607.72,0.0,20.53,33131.54,0
2025-05-14,2025-05-14 11:00:00,1638.9,1638.93,1624.53,1638.75,-0.01,11.44,18465.27,-1
2025-05-14,2025-05-14 11:01:00,1638.75,1638.75,1638.59,1638.59,-0.01,11.44,18465.27,-1
2025-05-14,2025-05-14 11:02:00,1638.59,1638.59,1638.44,1638.44,-0.01,11.44,18465.27,-1
2025-05-14,2025-05-14 11:03:00,1638.44,1638.44,1638.28,1638.28,-0.01,11.44,18465.27,-1
2025-05-14,2025-05-14 11:04:00,1638.28,1638.28,1638.13,1638.13,-0.01,11.44,18465.27,-1
2025-05-14,2025-05-14 11:05:00,1638.13,1638.13,1637.98,1637.98,-0.01,11.44,18465.27,-1
2025-05-14,2025-05-14 11:06:00,1637.98,1637.98,1637.82,1637.82,-0.01,11.44,18465.27,-1
2025-05-14,2025-05-14 11:07:00,1637.82,1637.82,1637.67,1637.67,-0.01,11.44,18465.27,-1
2025-05-14,2025-05-14 11:08:00,1637.67,1637.67,1637.51,1637.51,-0.01,11.44,18465.27,-1
2025-05-14,2025-05-14 11:09:00,1637.51,1637.51,1637.36,1637.36,-0.01,11.44,18465.27,-1
2025-05-14,2025-05-14 11:10:00,1637.36,1637.36,1637.21,1637.21,-0.01,11.44,18465.27,-1
2025-05-14,2025-05-14 11:11:00,1637.21,1637.21,1637.05,1637.05,-0.01,11.44,18465.27,-1
2025-05-14,2025-05-14 11:12:00,1637.05,1637.05,1636.9,1636.9,-0.01,11.44,18465.27,-1
2025-05-14,2025-05-14 11:13:00,1636.9,1636.9,1636.74,1636.74,-0.01,11.44,18465.27,-1
2025-05-14,2025-05-14 11:14:00,1636.74,1636.74,1636.59,1636.59,-0.01,11.44,18465.27,-1
2025-05-14,2025-05-14 11:15:00,1636.59,1636.59,1636.44,1636.44,-0.01,11.44,18465.27,-1
2025-05-14,2025-05-14 11:16:00,1636.44,1636.44,1636.28,1636.28,-0.01,11.44,18465.27,-1
2025-05-14,2025-05-14 11:17:00,1636.28,1636.28,1636.13,1636.13,-0.01,11.44,18465.27,-1
2025-05-14,2025-05-14 11:18:00,1636.13,1636.13,1635.97,1635.97,-0.01,11.44,18465.27,-1
2025-05-14,2025-05-14 11:19:00,1635.97,1635.97,1635.82,1635.82,-0.01,11.44,18465.27,-1
2025-05-14,2025-05-14 11:20:00,1635.82,1635.82,1635.67,1635.67,-0.01,11.44,18465.27,-1
2025-05-14,2025-05-14 11:21:00,1635.67,1635.67,1635.51,1635.51,-0.01,11.44,18465.27,-1
2025-05-14,2025-05-14 11:22:00,1635.51,1635.51,1635.36,1635.36,-0.01,11.44,18465.27,-1
2025-05-14,2025-05-14 11:23:00,1635.36,1635.36,1635.2,1635.2,-0.01,11.44,18465.27,-1
2025-05-14,2025-05-14 11:24:00,1635.2,1635.2,1635.05,1635.05,-0.01,11.44,18465.27,-1
2025-05-14,2025-05-14 11:25:00,1635.05,1635.05,1634.9,1634.9,-0.01,11.44,18465.27,-1
2025-05-14,2025-05-14 11:26:00,1634.9,1634.9,1634.74,1634.74,-0.01,11.44,18465.27,-1
2025-05-14,2025-05-14 11:27:00,1634.74,1634.74,1634.59,1634.59,-0.01,11.44,18465.27,-1
2025-05-14,2025-05-14 11:28:00,1634.59,1634.59,1634.43,1634.43,-0.01,11.44,18465.27,-1
2025-05-14,2025-05-14 11:29:00,1634.43,1634.43,1634.28,1634.28,-0.01,11.44,18465.27,-1
2025-05-14,2025-05-14 11:30:00,1634.28,1634.28,1634.13,1634.13,-0.01,11.44,18465.27,-1
2025-05-14,2025-05-14 11:31:00,1634.13,1634.13,1633.97,1633.97,-0.01,11.44,18465.27,-1
2025-05-14,2025-05-14 11:32:00,1633.97,1633.97,1633.82,1633.82,-0.01,11.44,18465.27,-1
2025-05-14,2025-05-14 11:33:00,1633.82,1633.82,1633.66,1633.66,-0.01,11.44,18465.27,-1
2025-05-14,2025-05-14 11:34:00,1633.66,1633.66,1633.51,1633.51,-0.01,11.44,18465.27,-1
2025-05-14,2025-05-14 11:35:00,1633.51,1633.51,1633.36,1633.36,-0.01,11.44,18465.27,-1
2025-05-14,2025-05-14 11:36:00,1633.36,1633.36,1633.2,1633.2,-0.01,11.44,18465.27,-1
2025-05-14,2025-05-14 11:37:00,1633.2,1633.2,1633.05,1633.05,-0.01,11.44,18465.27,-1
2025-05-14,2025-05-14 11:38:00,1633.05,1633.05,1632.89,1632.89,-0.01,11.44,18465.27,-1
2025-05-14,2025-05-14 11:39:00,1632.89,1632.89,1632.74,1632.74,-0.01,11.44,18465.27,-1
2025-05-14,2025-05-14 11:40:00,1632.74,1632.74,1632.59,1632.59,-0.01,11.44,18465.27,-1
2025-05-14,2025-05-14 11:41:00,1632.59,1632.59,1632.43,1632.43,-0.01,11.44,18465.27,-1
2025-05-14,2025-05-14 11:42:00,1632.43,1632.43,1632.28,1632.28,-0.01,11.44,18465.27,-1
2025-05-14,2025-05-14 11:43:00,1632.28,1632.28,1632.12,1632.12,-0.01,11.44,18465.27,-1
2025-05-14,2025-05-14 11:44:00,1632.12,1632.12,1631.97,1631.97,-0.01,11.44,18465.27,-1
2025-05-14,2025-05-14 11:45:00,1631.97,1631.97,1631.82,1631.82,-0.01,11.44,18465.27,-1
2025-05-14,2025-05-14 11:46:00,1631.82,1631.82,1631.66,1631.66,-0.01,11.44,18465.27,-1
2025-05-14,2025-05-14 11:47:00,1631.66,1631.66,1631.51,1631.51,-0.01,11.44,18465.27,-1
2025-05-14,2025-05-14 11:48:00,1631.51,1631.51,1631.35,1631.35,-0.01,11.44,18465.27,-1
2025-05-14,2025-05-14 11:49:00,1631.35,1631.35,1631.2,1631.2,-0.01,11.44,18465.27,-1
2025-05-14,2025-05-14 11:50:00,1631.2,1631.2,1631.05,1631.05,-0.01,11.44,18465.27,-1
2025-05-14,2025-05-14 11:51:00,1631.05,1631.05,1630.89,1630.89,-0.01,11.44,18465.27,-1
2025-05-14,2025-05-14 11:52:00,1630.89,1630.89,1630.74,1630.74,-0.01,11.44,18465.27,-1
2025-05-14,2025-05-14 11:53:00,1630.74,1630.74,1630.58,1630.58,-0.01,11.44,18465.27,-1
2025-05-14,2025-05-14 11:54:00,1630.58,1630.58,1630.43,1630.43,-0.01,11.44,18465.27,-1
2025-05-14,2025-05-14 11:55:00,1630.43,1630.43,1630.28,1630.28,-0.01,11.44,18465.27,-1
2025-05-14,2025-05-14 11:56:00,1630.28,1630.28,1630.12,1630.12,-0.01,11.44,18465.27,-1
2025-05-14,2025-05-14 11:57:00,1630.12,1630.12,1629.97,1629.97,-0.01,11.44,18465.27,-1
2025-05-14,2025-05-14 11:58:00,1629.97,1629.97,1629.81,1629.81,-0.01,11.44,18465.27,-1
2025-05-14,2025-05-14 11:59:00,1629.81,1629.81,1629.66,1629.66,-0.01,11.44,18465.27,-1
2025-05-14,2025-05-14 12:00:00,1629.66,1629.66,1629.51,1629.51,-0.01,11.44,18465.27,-1
2025-05-14,2025-05-14 12:01:00,1629.51,1629.51,1629.35,1629.35,-0.01,11.44,18465.27,-1
2025-05-14,2025-05-14 12:02:00,1629.35,1629.35,1629.2,1629.2,-0.01,11.44,18465.27,-1
2025-05-14,2025-05-14 12:03:00,1629.2,1629.2,1629.04,1629.04,-0.01,11.44,18465.27,-1
2025-05-14,2025-05-14 12:04:00,1629.04,1629.04,1628.89,1628.89,-0.01,11.44,18465.27,-1
2025-05-14,2025-05-14 12:05:00,1628.89,1628.89,1628.74,1628.74,-0.01,11.44,18465.27,-1
2025-05-14,2025-05-14 12:06:00,1628.74,1628.74,1628.58,1628.58,-0.01,11.44,18465.27,-1
2025-05-14,2025-05-14 12:07:00,1628.58,1628.58,1628.43,1628.43,-0.01,11.44,18465.27,-1
2025-05-14,2025-05-14 12:08:00,1628.43,1628.43,1628.27,1628.27,-0.01,11.44,18465.27,-1
2025-05-14,2025-05-14 12:09:00,1628.27,1628.27,1628.12,1628.12,-0.01,11.44,18465.27,-1
2025-05-14,2025-05-14 12:10:00,1628.12,1628.12,1627.97,1627.97,-0.01,11.44,18465.27,-1
2025-05-14,2025-05-14 12:11:00,1627.97,1627.97,1627.81,1627.81,-0.01,11.44,18465.27,-1
2025-05-14,2025-05-14 12:12:00,1627.81,1627.81,1627.66,1627.66,-0.01,11.44,18465.27,-1
2025-05-14,2025-05-14 12:13:00,1627.66,1627.66,1627.5,1627.5,-0.01,11.44,18465.27,-1
2025-05-14,2025-05-14 12:14:00,1627.5,1627.5,1627.35,1627.35,-0.01,11.44,18465.27,-1
2025-05-14,2025-05-14 12:15:00,1627.35,1627.35,1627.2,1627.2,-0.01,11.44,18465.27,-1
2025-05-14,2025-05-14 12:16:00,1627.2,1627.2,1627.04,1627.04,-0.01,11.44,18465.27,-1
2025-05-14,2025-05-14 12:17:00,1627.04,1627.04,1626.89,1626.89,-0.01,11.44,18465.27,-1
2025-05-14,2025-05-14 12:18:00,1626.89,1626.89,1626.73,1626.73,-0.01,11.44,18465.27,-1
2025-05-14,2025-05-14 12:19:00,1626.73,1626.73,1626.58,1626.58,-0.01,11.44,18465.27,-1
2025-05-14,2025-05-14 12:20:00,1626.58,1626.58,1626.43,1626.43,-0.01,11.44,18465.27,-1
2025-05-14,2025-05-14 12:21:00,1626.43,1626.43,1626.27,1626.27,-0.01,11.44,18465.27,-1
2025-05-14,2025-05-14 12:22:00,1626.27,1626.27,1626.12,1626.12,-0.01,11.44,18465.27,-1
2025-05-14,2025-05-14 12:23:00,1626.12,1626.12,1625.96,1625.96,-0.01,11.44,18465.27,-1
2025-05-14,2025-05-14 12:24:00,1625.96,1625.96,1625.81,1625.81,-0.01,11.44,18465.27,-1
2025-05-14,2025-05-14 12:25:00,1625.81,1625.81,1625.66,1625.66,-0.01,11.44,18465.27,-1
2025-05-14,2025-05-14 12:26:00,1625.66,1625.66,1625.5,1625.5,-0.01,11.44,18465.27,-1
2025-05-14,2025-05-14 12:27:00,1625.5,1625.5,1625.35,1625.35,-0.01,11.44,18465.27,-1
2025-05-14,2025-05-14 12:28:00,1625.35,1625.35,1625.19,1625.19,-0.01,11.44,18465.27,-1
2025-05-14,2025-05-14 12:29:00,1625.19,1625.19,1625.04,1625.04,-0.01,11.44,18465.27,-1
2025-05-14,2025-05-14 12:30:00,1625.04,1625.04,1624.89,1624.89,-0.01,11.44,18465.27,-1
2025-05-14,2025-05-14 12:31:00,1624.89,1624.89,1624.73,1624.73,-0.01,11.44,18465.27,-1
2025-05-14,2025-05-14 12:32:00,1624.73,1624.73,1624.58,1624.58,-0.01,11.44,18465.27,-1
2025-05-14,2025-05-14 12:33:00,1624.58,1624.58,1624.42,1624.42,-0.01,11.44,18465.27,-1
2025-05-14,2025-05-14 12:34:00,1624.42,1624.42,1624.27,1624.27,-0.01,11.44,18465.27,-1
2025-05-14,2025-05-14 12:35:00,1624.27,1624.27,1624.12,1624.12,-0.01,11.44,18465.27,-1
2025-05-14,2025-05-14 12:36:00,1624.12,1624.12,1623.96,1623.96,-0.01,11.44,18465.27,-1
2025-05-14,2025-05-14 12:37:00,1623.96,1623.96,1623.81,1623.81,-0.01,11.44,18465.27,-1
2025-05-14,2025-05-14 12:38:00,1623.81,1623.81,1623.65,1623.65,-0.01,11.44,18465.27,-1
2025-05-14,2025-05-14 12:39:00,1623.65,1623.65,1623.5,1623.5,-0.01,11.44,18465.27,-1
2025-05-14,2025-05-14 12:40:00,1623.5,1623.5,1623.35,1623.35,-0.01,11.44,18465.27,-1
2025-05-14,2025-05-14 12:41:00,1623.35,1623.35,1623.19,1623.19,-0.01,11.44,18465.27,-1
2025-05-14,2025-05-14 12:42:00,1623.19,1623.19,1623.04,1623.04,-0.01,11.44,18465.27,-1
2025-05-14,2025-05-14 12:43:00,1623.04,1623.04,1622.88,1622.88,-0.01,11.44,18465.27,-1
2025-05-14,2025-05-14 12:44:00,1622.88,1622.88,1622.73,1622.73,-0.01,11.44,18465.27,-1
2025-05-14,2025-05-14 12:45:00,1622.73,1622.73,1622.58,1622.58,-0.01,11.44,18465.27,-1
2025-05-14,2025-05-14 12:46:00,1622.58,1622.58,1622.42,1622.42,-0.01,11.44,18465.27,-1
2025-05-14,2025-05-14 12:47:00,1622.42,1622.42,1622.27,1622.27,-0.01,11.44,18465.27,-1
2025-05-14,2025-05-14 12:48:00,1622.27,1622.27,1622.11,1622.11,-0.01,11.44,18465.27,-1
2025-05-14,2025-05-14 12:49:00,1622.11,1622.11,1621.96,1621.96,-0.01,11.44,18465.27,-1
2025-05-14,2025-05-14 12:50:00,1621.96,1621.96,1621.81,1621.81,-0.01,11.44,18465.27,-1
2025-05-14,2025-05-14 12:51:00,1621.81,1621.81,1621.65,1621.65,-0.01,11.44,18465.27,-1
2025-05-14,2025-05-14 12:52:00,1621.65,1621.65,1621.5,1621.5,-0.01,11.44,18465.27,-1
2025-05-14,2025-05-14 12:53:00,1621.5,1621.5,1621.34,1621.34,-0.01,11.44,18465.27,-1
2025-05-14,2025-05-14 12:54:00,1621.34,1621.34,1621.19,1621.19,-0.01,11.44,18465.27,-1
2025-05-14,2025-05-14 12:55:00,1621.19,1621.19,1621.04,1621.04,-0.01,11.44,18465.27,-1
2025-05-14,2025-05-14 12:56:00,1621.04,1621.04,1620.88,1620.88,-0.01,11.44,18465.27,-1
2025-05-14,2025-05-14 12:57:00,1620.88,1620.88,1620.73,1620.73,-0.01,11.44,18465.27,-1
2025-05-14,2025-05-14 12:58:00,1620.73,1620.73,1620.57,1620.57,-0.01,11.44,18465.27,-1
2025-05-14,2025-05-14 12:59:00,1620.57,1620.57,1620.42,1620.42,-0.01,11.44,18465.27,-1
2025-05-14,2025-05-14 13:00:00,1620.42,1639.0,1591.0,1620.27,-0.01,11.44,18465.27,-1
2025-05-14,2025-05-14 13:01:00,1620.27,1620.27,1620.11,1620.11,-0.01,11.44,18465.27,-1
2025-05-14,2025-05-14 13:02:00,1620.11,1620.11,1619.96,1619.96,-0.01,11.44,18465.27,-1
2025-05-14,2025-05-14 13:03:00,1619.96,1619.96,1619.8,1619.8,-0.01,11.44,18465.27,-1
2025-05-14,2025-05-14 13:04:00,1619.8,1619.8,1619.65,1619.65,-0.01,11.44,18465.27,-1
2025-05-14,2025-05-14 13:05:00,1619.65,1619.65,1619.5,1619.5,-0.01,11.44,18465.27,-1
2025-05-14,2025-05-14 13:06:00,1619.5,1619.5,1619.34,1619.34,-0.01,11.44,18465.27,-1
2025-05-14,2025-05-14 13:07:00,1619.34,1619.34,1619.19,1619.19,-0.01,11.44,18465.27,-1
2025-05-14,2025-05-14 13:08:00,1619.19,1619.19,1619.03,1619.03,-0.01,11.44,18465.27,-1
2025-05-14,2025-05-14 13:09:00,1619.03,1619.03,1618.88,1618.88,-0.01,11.44,18465.27,-1
2025-05-14,2025-05-14 13:10:00,1618.88,1618.88,1618.73,1618.73,-0.01,11.44,18465.27,-1
2025-05-14,2025-05-14 13:11:00,1618.73,1618.73,1618.57,1618.57,-0.01,11.44,18465.27,-1
2025-05-14,2025-05-14 13:12:00,1618.57,1618.57,1618.42,1618.42,-0.01,11.44,18465.27,-1
2025-05-14,2025-05-14 13:13:00,1618.42,1618.42,1618.26,1618.26,-0.01,11.44,18465.27,-1
2025-05-14,2025-05-14 13:14:00,1618.26,1618.26,1618.11,1618.11,-0.01,11.44,18465.27,-1
2025-05-14,2025-05-14 13:15:00,1618.11,1618.11,1617.96,1617.96,-0.01,11.44,18465.27,-1
2025-05-14,2025-05-14 13:16:00,1617.96,1617.96,1617.8,1617.8,-0.01,11.44,18465.27,-1
2025-05-14,2025-05-14 13:17:00,1617.8,1617.8,1617.65,1617.65,-0.01,11.44,18465.27,-1
2025-05-14,2025-05-14 13:18:00,1617.65,1617.65,1617.49,1617.49,-0.01,11.44,18465.27,-1
2025-05-14,2025-05-14 13:19:00,1617.49,1617.49,1617.34,1617.34,-0.01,11.44,18465.27,-1
2025-05-14,2025-05-14 13:20:00,1617.34,1617.34,1617.19,1617.19,-0.01,11.44,18465.27,-1
2025-05-14,2025-05-14 13:21:00,1617.19,1617.19,1617.03,1617.03,-0.01,11.44,18465.27,-1
2025-05-14,2025-05-14 13:22:00,1617.03,1617.03,1616.88,1616.88,-0.01,11.44,18465.27,-1
2025-05-14,2025-05-14 13:23:00,1616.88,1616.88,1616.72,1616.72,-0.01,11.44,18465.27,-1
2025-05-14,2025-05-14 13:24:00,1616.72,1616.72,1616.57,1616.57,-0.01,11.44,18465.27,-1
2025-05-14,2025-05-14 13:25:00,1616.57,1616.57,1616.42,1616.42,-0.01,11.44,18465.27,-1
2025-05-14,2025-05-14 13:26:00,1616.42,1616.42,1616.26,1616.26,-0.01,11.44,18465.27,-1
2025-05-14,2025-05-14 13:27:00,1616.26,1616.26,1616.11,1616.11,-0.01,11.44,18465.27,-1
2025-05-14,2025-05-14 13:28:00,1616.11,1616.11,1615.95,1615.95,-0.01,11.44,18465.27,-1
2025-05-14,2025-05-14 13:29:00,1615.95,1615.95,1615.8,1615.8,-0.01,11.44,18465.27,-1
2025-05-14,2025-05-14 13:30:00,1615.8,1615.8,1615.65,1615.65,-0.01,11.44,18465.27,-1
2025-05-14,2025-05-14 13:31:00,1615.65,1615.65,1615.49,1615.49,-0.01,11.44,18465.27,-1
2025-05-14,2025-05-14 13:32:00,1615.49,1615.49,1615.34,1615.34,-0.01,11.44,18465.27,-1
2025-05-14,2025-05-14 13:33:00,1615.34,1615.34,1615.18,1615.18,-0.01,11.44,18465.27,-1
2025-05-14,2025-05-14 13:34:00,1615.18,1615.18,1615.03,1615.03,-0.01,11.44,18465.27,-1
2025-05-14,2025-05-14 13:35:00,1615.03,1615.03,1614.88,1614.88,-0.01,11.44,18465.27,-1
2025-05-14,2025-05-14 13:36:00,1614.88,1614.88,1614.72,1614.72,-0.01,11.44,18465.27,-1
2025-05-14,2025-05-14 13:37:00,1614.72,1614.72,1614.57,1614.57,-0.01,11.44,18465.27,-1
2025-05-14,2025-05-14 13:38:00,1614.57,1614.57,1614.41,1614.41,-0.01,11.44,18465.27,-1
2025-05-14,2025-05-14 13:39:00,1614.41,1614.41,1614.26,1614.26,-0.01,11.44,18465.27,-1
2025-05-14,2025-05-14 13:40:00,1614.26,1614.26,1614.11,1614.11,-0.01,11.44,18465.27,-1
2025-05-14,2025-05-14 13:41:00,1614.11,1614.11,1613.95,1613.95,-0.01,11.44,18465.27,-1
2025-05-14,2025-05-14 13:42:00,1613.95,1613.95,1613.8,1613.8,-0.01,11.44,18465.27,-1
2025-05-14,2025-05-14 13:43:00,1613.8,1613.8,1613.64,1613.64,-0.01,11.44,18465.27,-1
2025-05-14,2025-05-14 13:44:00,1613.64,1613.64,1613.49,1613.49,-0.01,11.44,18465.27,-1
2025-05-14,2025-05-14 13:45:00,1613.49,1613.49,1613.34,1613.34,-0.01,11.44,18465.27,-1
2025-05-14,2025-05-14 13:46:00,1613.34,1613.34,1613.18,1613.18,-0.01,11.44,18465.27,-1
2025-05-14,2025-05-14 13:47:00,1613.18,1613.18,1613.03,1613.03,-0.01,11.44,18465.27,-1
2025-05-14,2025-05-14 13:48:00,1613.03,1613.03,1612.87,1612.87,-0.01,11.44,18465.27,-1
2025-05-14,2025-05-14 13:49:00,1612.87,1612.87,1612.72,1612.72,-0.01,11.44,18465.27,-1
2025-05-14,2025-05-14 13:50:00,1612.72,1612.72,1612.57,1612.57,-0.01,11.44,18465.27,-1
2025-05-14,2025-05-14 13:51:00,1612.57,1612.57,1612.41,1612.41,-0.01,11.44,18465.27,-1
2025-05-14,2025-05-14 13:52:00,1612.41,1612.41,1612.26,1612.26,-0.01,11.44,18465.27,-1
2025-05-14,2025-05-14 13:53:00,1612.26,1612.26,1612.1,1612.1,-0.01,11.44,18465.27,-1
2025-05-14,2025-05-14 13:54:00,1612.1,1612.1,1611.95,1611.95,-0.01,11.44,18465.27,-1
2025-05-14,2025-05-14 13:55:00,1611.95,1611.95,1611.8,1611.8,-0.01,11.44,18465.27,-1
2025-05-14,2025-05-14 13:56:00,1611.8,1611.8,1611.64,1611.64,-0.01,11.44,18465.27,-1
2025-05-14,2025-05-14 13:57:00,1611.64,1611.64,1611.49,1611.49,-0.01,11.44,18465.27,-1
2025-05-14,2025-05-14 13:58:00,1611.49,1611.49,1611.33,1611.33,-0.01,11.44,18465.27,-1
2025-05-14,2025-05-14 13:59:00,1611.33,1611.33,1611.18,1611.18,-0.01,11.44,18465.27,-1
2025-05-14,2025-05-14 14:00:00,1611.18,1611.18,1611.03,1611.03,-0.01,11.44,18465.27,-1
2025-05-14,2025-05-14 14:01:00,1611.03,1611.03,1610.87,1610.87,-0.01,11.44,18465.27,-1
2025-05-14,2025-05-14 14:02:00,1610.87,1610.87,1610.72,1610.72,-0.01,11.44,18465.27,-1
2025-05-14,2025-05-14 14:03:00,1610.72,1610.72,1610.56,1610.56,-0.01,11.44,18465.27,-1
2025-05-14,2025-05-14 14:04:00,1610.56,1610.56,1610.41,1610.41,-0.01,11.44,18465.27,-1
2025-05-14,2025-05-14 14:05:00,1610.41,1610.41,1610.26,1610.26,-0.01,11.44,18465.27,-1
2025-05-14,2025-05-14 14:06:00,1610.26,1610.26,1610.1,1610.1,-0.01,11.44,18465.27,-1
2025-05-14,2025-05-14 14:07:00,1610.1,1610.1,1609.95,1609.95,-0.01,11.44,18465.27,-1
2025-05-14,2025-05-14 14:08:00,1609.95,1609.95,1609.79,1609.79,-0.01,11.44,18465.27,-1
2025-05-14,2025-05-14 14:09:00,1609.79,1609.79,1609.64,1609.64,-0.01,11.44,18465.27,-1
2025-05-14,2025-05-14 14:10:00,1609.64,1609.64,1609.49,1609.49,-0.01,11.44,18465.27,-1
2025-05-14,2025-05-14 14:11:00,1609.49,1609.49,1609.33,1609.33,-0.01,11.44,18465.27,-1
2025-05-14,2025-05-14 14:12:00,1609.33,1609.33,1609.18,1609.18,-0.01,11.44,18465.27,-1
2025-05-14,2025-05-14 14:13:00,1609.18,1609.18,1609.02,1609.02,-0.01,11.44,18465.27,-1
2025-05-14,2025-05-14 14:14:00,1609.02,1609.02,1608.87,1608.87,-0.01,11.44,18465.27,-1
2025-05-14,2025-05-14 14:15:00,1608.87,1608.87,1608.72,1608.72,-0.01,11.44,18465.27,-1
2025-05-14,2025-05-14 14:16:00,1608.72,1608.72,1608.56,1608.56,-0.01,11.44,18465.27,-1
2025-05-14,2025-05-14 14:17:00,1608.56,1608.56,1608.41,1608.41,-0.01,11.44,18465.27,-1
2025-05-14,2025-05-14 14:18:00,1608.41,1608.41,1608.25,1608.25,-0.01,11.44,18465.27,-1
2025-05-14,2025-05-14 14:19:00,1608.25,1608.25,1608.1,1608.1,-0.01,11.44,18465.27,-1
2025-05-14,2025-05-14 14:20:00,1608.1,1608.1,1607.95,1607.95,-0.01,11.44,18465.27,-1
2025-05-14,2025-05-14 14:21:00,1607.95,1607.95,1607.79,1607.79,-0.01,11.44,18465.27,-1
2025-05-14,2025-05-14 14:22:00,1607.79,1607.79,1607.64,1607.64,-0.01,11.44,18465.27,-1
2025-05-14,2025-05-14 14:23:00,1607.64,1607.64,1607.48,1607.48,-0.01,11.44,18465.27,-1
2025-05-14,2025-05-14 14:24:00,1607.48,1607.48,1607.33,1607.33,-0.01,11.44,18465.27,-1
2025-05-14,2025-05-14 14:25:00,1607.33,1607.33,1607.18,1607.18,-0.01,11.44,18465.27,-1
2025-05-14,2025-05-14 14:26:00,1607.18,1607.18,1607.02,1607.02,-0.01,11.44,18465.27,-1
2025-05-14,2025-05-14 14:27:00,1607.02,1607.02,1606.87,1606.87,-0.01,11.44,18465.27,-1
2025-05-14,2025-05-14 14:28:00,1606.87,1606.87,1606.71,1606.71,-0.01,11.44,18465.27,-1
2025-05-14,2025-05-14 14:29:00,1606.71,1606.71,1606.56,1606.56,-0.01,11.44,18465.27,-1
2025-05-14,2025-05-14 14:30:00,1606.56,1606.56,1606.41,1606.41,-0.01,11.44,18465.27,-1
2025-05-14,2025-05-14 14:31:00,1606.41,1606.41,1606.25,1606.25,-0.01,11.44,18465.27,-1
2025-05-14,2025-05-14 14:32:00,1606.25,1606.25,1606.1,1606.1,-0.01,11.44,18465.27,-1
2025-05-14,2025-05-14 14:33:00,1606.1,1606.1,1605.94,1605.94,-0.01,11.44,18465.27,-1
2025-05-14,2025-05-14 14:34:00,1605.94,1605.94,1605.79,1605.79,-0.01,11.44,18465.27,-1
2025-05-14,2025-05-14 14:35:00,1605.79,1605.79,1605.64,1605.64,-0.01,11.44,18465.27,-1
2025-05-14,2025-05-14 14:36:00,1605.64,1605.64,1605.48,1605.48,-0.01,11.44,18465.27,-1
2025-05-14,2025-05-14 14:37:00,1605.48,1605.48,1605.33,1605.33,-0.01,11.44,18465.27,-1
2025-05-14,2025-05-14 14:38:00,1605.33,1605.33,1605.17,1605.17,-0.01,11.44,18465.27,-1
2025-05-14,2025-05-14 14:39:00,1605.17,1605.17,1605.02,1605.02,-0.01,11.44,18465.27,-1
2025-05-14,2025-05-14 14:40:00,1605.02,1605.02,1604.87,1604.87,-0.01,11.44,18465.27,-1
2025-05-14,2025-05-14 14:41:00,1604.87,1604.87,1604.71,1604.71,-0.01,11.44,18465.27,-1
2025-05-14,2025-05-14 14:42:00,1604.71,1604.71,1604.56,1604.56,-0.01,11.44,18465.27,-1
2025-05-14,2025-05-14 14:43:00,1604.56,1604.56,1604.4,1604.4,-0.01,11.44,18465.27,-1
2025-05-14,2025-05-14 14:44:00,1604.4,1604.4,1604.25,1604.25,-0.01,11.44,18465.27,-1
2025-05-14,2025-05-14 14:45:00,1604.25,1604.25,1604.1,1604.1,-0.01,11.44,18465.27,-1
2025-05-14,2025-05-14 14:46:00,1604.1,1604.1,1603.94,1603.94,-0.01,11.44,18465.27,-1
2025-05-14,2025-05-14 14:47:00,1603.94,1603.94,1603.79,1603.79,-0.01,11.44,18465.27,-1
2025-05-14,2025-05-14 14:48:00,1603.79,1603.79,1603.63,1603.63,-0.01,11.44,18465.27,-1
2025-05-14,2025-05-14 14:49:00,1603.63,1603.63,1603.48,1603.48,-0.01,11.44,18465.27,-1
2025-05-14,2025-05-14 14:50:00,1603.48,1603.48,1603.33,1603.33,-0.01,11.44,18465.27,-1
2025-05-14,2025-05-14 14:51:00,1603.33,1603.33,1603.17,1603.17,-0.01,11.44,18465.27,-1
2025-05-14,2025-05-14 14:52:00,1603.17,1603.17,1603.02,1603.02,-0.01,11.44,18465.27,-1
2025-05-14,2025-05-14 14:53:00,1603.02,1603.02,1602.86,1602.86,-0.01,11.44,18465.27,-1
2025-05-14,2025-05-14 14:54:00,1602.86,1602.86,1602.71,1602.71,-0.01,11.44,18465.27,-1
2025-05-14,2025-05-14 14:55:00,1602.71,1602.71,1602.56,1602.56,-0.01,11.44,18465.27,-1
2025-05-14,2025-05-14 14:56:00,1602.56,1602.56,1602.4,1602.4,-0.01,11.44,18465.27,-1
2025-05-14,2025-05-14 14:57:00,1602.4,1602.4,1602.25,1602.25,-0.01,11.44,18465.27,-1
2025-05-14,2025-05-14 14:58:00,1602.25,1602.25,1602.09,1602.09,-0.01,11.44,18465.27,-1
2025-05-14,2025-05-14 14:59:00,1602.09,1602.09,1601.94,1601.94,-0.01,11.44,18465.27,-1
2025-05-14,2025-05-14 15:00:00,1601.94,1639.0,1591.0,1601.94,0.0,11.44,18465.27,0
2025-05-15,2025-05-15 11:00:00,1605.0,1613.1,1600.8,1604.95,-0.0,13.54,21634.12,-1
2025-05-15,2025-05-15 11:01:00,1604.95,1604.95,1604.9,1604.9,-0.0,13.54,21634.12,-1
2025-05-15,2025-05-15 11:02:00,1604.9,1604.9,1604.86,1604.86,-0.0,13.54,21634.12,-1
2025-05-15,2025-05-15 11:03:00,1604.86,1604.86,1604.81,1604.81,-0.0,13.54,21634.12,-1
2025-05-15,2025-05-15 11:04:00,1604.81,1604.81,1604.76,1604.76,-0.0,13.54,21634.12,-1
2025-05-15,2025-05-15 11:05:00,1604.76,1604.76,1604.71,1604.71,-0.0,13.54,21634.12,-1
2025-05-15,2025-05-15 11:06:00,1604.71,1604.71,1604.66,1604.66,-0.0,13.54,21634.12,-1
2025-05-15,2025-05-15 11:07:00,1604.66,1604.66,1604.62,1604.62,-0.0,13.54,21634.12,-1
2025-05-15,2025-05-15 11:08:00,1604.62,1604.62,1604.57,1604.57,-0.0,13.54,21634.12,-1
2025-05-15,2025-05-15 11:09:00,1604.57,1604.57,1604.52,1604.52,-0.0,13.54,21634.12,-1
2025-05-15,2025-05-15 11:10:00,1604.52,1604.52,1604.47,1604.47,-0.0,13.54,21634.12,-1
2025-05-15,2025-05-15 11:11:00,1604.47,1604.47,1604.42,1604.42,-0.0,13.54,21634.12,-1
2025-05-15,2025-05-15 11:12:00,1604.42,1604.42,1604.38,1604.38,-0.0,13.54,21634.12,-1
2025-05-15,2025-05-15 11:13:00,1604.38,1604.38,1604.33,1604.33,-0.0,13.54,21634.12,-1
2025-05-15,2025-05-15 11:14:00,1604.33,1604.33,1604.28,1604.28,-0.0,13.54,21634.12,-1
2025-05-15,2025-05-15 11:15:00,1604.28,1604.28,1604.23,1604.23,-0.0,13.54,21634.12,-1
2025-05-15,2025-05-15 11:16:00,1604.23,1604.23,1604.18,1604.18,-0.0,13.54,21634.12,-1
2025-05-15,2025-05-15 11:17:00,1604.18,1604.18,1604.14,1604.14,-0.0,13.54,21634.12,-1
2025-05-15,2025-05-15 11:18:00,1604.14,1604.14,1604.09,1604.09,-0.0,13.54,21634.12,-1
2025-05-15,2025-05-15 11:19:00,1604.09,1604.09,1604.04,1604.04,-0.0,13.54,21634.12,-1
2025-05-15,2025-05-15 11:20:00,1604.04,1604.04,1603.99,1603.99,-0.0,13.54,21634.12,-1
2025-05-15,2025-05-15 11:21:00,1603.99,1603.99,1603.94,1603.94,-0.0,13.54,21634.12,-1
2025-05-15,2025-05-15 11:22:00,1603.94,1603.94,1603.9,1603.9,-0.0,13.54,21634.12,-1
2025-05-15,2025-05-15 11:23:00,1603.9,1603.9,1603.85,1603.85,-0.0,13.54,21634.12,-1
2025-05-15,2025-05-15 11:24:00,1603.85,1603.85,1603.8,1603.8,-0.0,13.54,21634.12,-1
2025-05-15,2025-05-15 11:25:00,1603.8,1603.8,1603.75,1603.75,-0.0,13.54,21634.12,-1
2025-05-15,2025-05-15 11:26:00,1603.75,1603.75,1603.7,1603.7,-0.0,13.54,21634.12,-1
2025-05-15,2025-05-15 11:27:00,1603.7,1603.7,1603.65,1603.65,-0.0,13.54,21634.12,-1
2025-05-15,2025-05-15 11:28:00,1603.65,1603.65,1603.61,1603.61,-0.0,13.54,21634.12,-1
2025-05-15,2025-05-15 11:29:00,1603.61,1603.61,1603.56,1603.56,-0.0,13.54,21634.12,-1
2025-05-15,2025-05-15 11:30:00,1603.56,1603.56,1603.51,1603.51,-0.0,13.54,21634.12,-1
2025-05-15,2025-05-15 11:31:00,1603.51,1603.51,1603.46,1603.46,-0.0,13.54,21634.12,-1
2025-05-15,2025-05-15 11:32:00,1603.46,1603.46,1603.41,1603.41,-0.0,13.54,21634.12,-1
2025-05-15,2025-05-15 11:33:00,1603.41,1603.41,1603.37,1603.37,-0.0,13.54,21634.12,-1
2025-05-15,2025-05-15 11:34:00,1603.37,1603.37,1603.32,1603.32,-0.0,13.54,21634.12,-1
2025-05-15,2025-05-15 11:35:00,1603.32,1603.32,1603.27,1603.27,-0.0,13.54,21634.12,-1
2025-05-15,2025-05-15 11:36:00,1603.27,1603.27,1603.22,1603.22,-0.0,13.54,21634.12,-1
2025-05-15,2025-05-15 11:37:00,1603.22,1603.22,1603.17,1603.17,-0.0,13.54,21634.12,-1
2025-05-15,2025-05-15 11:38:00,1603.17,1603.17,1603.13,1603.13,-0.0,13.54,21634.12,-1
2025-05-15,2025-05-15 11:39:00,1603.13,1603.13,1603.08,1603.08,-0.0,13.54,21634.12,-1
2025-05-15,2025-05-15 11:40:00,1603.08,1603.08,1603.03,1603.03,-0.0,13.54,21634.12,-1
2025-05-15,2025-05-15 11:41:00,1603.03,1603.03,1602.98,1602.98,-0.0,13.54,21634.12,-1
2025-05-15,2025-05-15 11:42:00,1602.98,1602.98,1602.93,1602.93,-0.0,13.54,21634.12,-1
2025-05-15,2025-05-15 11:43:00,1602.93,1602.93,1602.89,1602.89,-0.0,13.54,21634.12,-1
2025-05-15,2025-05-15 11:44:00,1602.89,1602.89,1602.84,1602.84,-0.0,13.54,21634.12,-1
2025-05-15,2025-05-15 11:45:00,1602.84,1602.84,1602.79,1602.79,-0.0,13.54,21634.12,-1
2025-05-15,2025-05-15 11:46:00,1602.79,1602.79,1602.74,1602.74,-0.0,13.54,21634.12,-1
2025-05-15,2025-05-15 11:47:00,1602.74,1602.74,1602.69,1602.69,-0.0,13.54,21634.12,-1
2025-05-15,2025-05-15 11:48:00,1602.69,1602.69,1602.65,1602.65,-0.0,13.54,21634.12,-1
2025-05-15,2025-05-15 11:49:00,1602.65,1602.65,1602.6,1602.6,-0.0,13.54,21634.12,-1
2025-05-15,2025-05-15 11:50:00,1602.6,1602.6,1602.55,1602.55,-0.0,13.54,21634.12,-1
2025-05-15,2025-05-15 11:51:00,1602.55,1602.55,1602.5,1602.5,-0.0,13.54,21634.12,-1
2025-05-15,2025-05-15 11:52:00,1602.5,1602.5,1602.45,1602.45,-0.0,13.54,21634.12,-1
2025-05-15,2025-05-15 11:53:00,1602.45,1602.45,1602.41,1602.41,-0.0,13.54,21634.12,-1
2025-05-15,2025-05-15 11:54:00,1602.41,1602.41,1602.36,1602.36,-0.0,13.54,21634.12,-1
2025-05-15,2025-05-15 11:55:00,1602.36,1602.36,1602.31,1602.31,-0.0,13.54,21634.12,-1
2025-05-15,2025-05-15 11:56:00,1602.31,1602.31,1602.26,1602.26,-0.0,13.54,21634.12,-1
2025-05-15,2025-05-15 11:57:00,1602.26,1602.26,1602.21,1602.21,-0.0,13.54,21634.12,-1
2025-05-15,2025-05-15 11:58:00,1602.21,1602.21,1602.17,1602.17,-0.0,13.54,21634.12,-1
2025-05-15,2025-05-15 11:59:00,1602.17,1602.17,1602.12,1602.12,-0.0,13.54,21634.12,-1
2025-05-15,2025-05-15 12:00:00,1602.12,1602.12,1602.07,1602.07,-0.0,13.54,21634.12,-1
2025-05-15,2025-05-15 12:01:00,1602.07,1602.07,1602.02,1602.02,-0.0,13.54,21634.12,-1
2025-05-15,2025-05-15 12:02:00,1602.02,1602.02,1601.97,1601.97,-0.0,13.54,21634.12,-1
2025-05-15,2025-05-15 12:03:00,1601.97,1601.97,1601.93,1601.93,-0.0,13.54,21634.12,-1
2025-05-15,2025-05-15 12:04:00,1601.93,1601.93,1601.88,1601.88,-0.0,13.54,21634.12,-1
2025-05-15,2025-05-15 12:05:00,1601.88,1601.88,1601.83,1601.83,-0.0,13.54,21634.12,-1
2025-05-15,2025-05-15 12:06:00,1601.83,1601.83,1601.78,1601.78,-0.0,13.54,21634.12,-1
2025-05-15,2025-05-15 12:07:00,1601.78,1601.78,1601.73,1601.73,-0.0,13.54,21634.12,-1
2025-05-15,2025-05-15 12:08:00,1601.73,1601.73,1601.69,1601.69,-0.0,13.54,21634.12,-1
2025-05-15,2025-05-15 12:09:00,1601.69,1601.69,1601.64,1601.64,-0.0,13.54,21634.12,-1
2025-05-15,2025-05-15 12:10:00,1601.64,1601.64,1601.59,1601.59,-0.0,13.54,21634.12,-1
2025-05-15,2025-05-15 12:11:00,1601.59,1601.59,1601.54,1601.54,-0.0,13.54,21634.12,-1
2025-05-15,2025-05-15 12:12:00,1601.54,1601.54,1601.49,1601.49,-0.0,13.54,21634.12,-1
2025-05-15,2025-05-15 12:13:00,1601.49,1601.49,1601.44,1601.44,-0.0,13.54,21634.12,-1
2025-05-15,2025-05-15 12:14:00,1601.44,1601.44,1601.4,1601.4,-0.0,13.54,21634.12,-1
2025-05-15,2025-05-15 12:15:00,1601.4,1601.4,1601.35,1601.35,-0.0,13.54,21634.12,-1
2025-05-15,2025-05-15 12:16:00,1601.35,1601.35,1601.3,1601.3,-0.0,13.54,21634.12,-1
2025-05-15,2025-05-15 12:17:00,1601.3,1601.3,1601.25,1601.25,-0.0,13.54,21634.12,-1
2025-05-15,2025-05-15 12:18:00,1601.25,1601.25,1601.2,1601.2,-0.0,13.54,21634.12,-1
2025-05-15,2025-05-15 12:19:00,1601.2,1601.2,1601.16,1601.16,-0.0,13.54,21634.12,-1
2025-05-15,2025-05-15 12:20:00,1601.16,1601.16,1601.11,1601.11,-0.0,13.54,21634.12,-1
2025-05-15,2025-05-15 12:21:00,1601.11,1601.11,1601.06,1601.06,-0.0,13.54,21634.12,-1
2025-05-15,2025-05-15 12:22:00,1601.06,1601.06,1601.01,1601.01,-0.0,13.54,21634.12,-1
2025-05-15,2025-05-15 12:23:00,1601.01,1601.01,1600.96,1600.96,-0.0,13.54,21634.12,-1
2025-05-15,2025-05-15 12:24:00,1600.96,1600.96,1600.92,1600.92,-0.0,13.54,21634.12,-1
2025-05-15,2025-05-15 12:25:00,1600.92,1600.92,1600.87,1600.87,-0.0,13.54,21634.12,-1
2025-05-15,2025-05-15 12:26:00,1600.87,1600.87,1600.82,1600.82,-0.0,13.54,21634.12,-1
2025-05-15,2025-05-15 12:27:00,1600.82,1600.82,1600.77,1600.77,-0.0,13.54,21634.12,-1
2025-05-15,2025-05-15 12:28:00,1600.77,1600.77,1600.72,1600.72,-0.0,13.54,21634.12,-1
2025-05-15,2025-05-15 12:29:00,1600.72,1600.72,1600.68,1600.68,-0.0,13.54,21634.12,-1
2025-05-15,2025-05-15 12:30:00,1600.68,1600.68,1600.63,1600.63,-0.0,13.54,21634.12,-1
2025-05-15,2025-05-15 12:31:00,1600.63,1600.63,1600.58,1600.58,-0.0,13.54,21634.12,-1
2025-05-15,2025-05-15 12:32:00,1600.58,1600.58,1600.53,1600.53,-0.0,13.54,21634.12,-1
2025-05-15,2025-05-15 12:33:00,1600.53,1600.53,1600.48,1600.48,-0.0,13.54,21634.12,-1
2025-05-15,2025-05-15 12:34:00,1600.48,1600.48,1600.44,1600.44,-0.0,13.54,21634.12,-1
2025-05-15,2025-05-15 12:35:00,1600.44,1600.44,1600.39,1600.39,-0.0,13.54,21634.12,-1
2025-05-15,2025-05-15 12:36:00,1600.39,1600.39,1600.34,1600.34,-0.0,13.54,21634.12,-1
2025-05-15,2025-05-15 12:37:00,1600.34,1600.34,1600.29,1600.29,-0.0,13.54,21634.12,-1
2025-05-15,2025-05-15 12:38:00,1600.29,1600.29,1600.24,1600.24,-0.0,13.54,21634.12,-1
2025-05-15,2025-05-15 12:39:00,1600.24,1600.24,1600.2,1600.2,-0.0,13.54,21634.12,-1
2025-05-15,2025-05-15 12:40:00,1600.2,1600.2,1600.15,1600.15,-0.0,13.54,21634.12,-1
2025-05-15,2025-05-15 12:41:00,1600.15,1600.15,1600.1,1600.1,-0.0,13.54,21634.12,-1
2025-05-15,2025-05-15 12:42:00,1600.1,1600.1,1600.05,1600.05,-0.0,13.54,21634.12,-1
2025-05-15,2025-05-15 12:43:00,1600.05,1600.05,1600.0,1600.0,-0.0,13.54,21634.12,-1
2025-05-15,2025-05-15 12:44:00,1600.0,1600.0,1599.96,1599.96,-0.0,13.54,21634.12,-1
2025-05-15,2025-05-15 12:45:00,1599.96,1599.96,1599.91,1599.91,-0.0,13.54,21634.12,-1
2025-05-15,2025-05-15 12:46:00,1599.91,1599.91,1599.86,1599.86,-0.0,13.54,21634.12,-1
2025-05-15,2025-05-15 12:47:00,1599.86,1599.86,1599.81,1599.81,-0.0,13.54,21634.12,-1
2025-05-15,2025-05-15 12:48:00,1599.81,1599.81,1599.76,1599.76,-0.0,13.54,21634.12,-1
2025-05-15,2025-05-15 12:49:00,1599.76,1599.76,1599.72,1599.72,-0.0,13.54,21634.12,-1
2025-05-15,2025-05-15 12:50:00,1599.72,1599.72,1599.67,1599.67,-0.0,13.54,21634.12,-1
2025-05-15,2025-05-15 12:51:00,1599.67,1599.67,1599.62,1599.62,-0.0,13.54,21634.12,-1
2025-05-15,2025-05-15 12:52:00,1599.62,1599.62,1599.57,1599.57,-0.0,13.54,21634.12,-1
2025-05-15,2025-05-15 12:53:00,1599.57,1599.57,1599.52,1599.52,-0.0,13.54,21634.12,-1
2025-05-15,2025-05-15 12:54:00,1599.52,1599.52,1599.48,1599.48,-0.0,13.54,21634.12,-1
2025-05-15,2025-05-15 12:55:00,1599.48,1599.48,1599.43,1599.43,-0.0,13.54,21634.12,-1
2025-05-15,2025-05-15 12:56:00,1599.43,1599.43,1599.38,1599.38,-0.0,13.54,21634.12,-1
2025-05-15,2025-05-15 12:57:00,1599.38,1599.38,1599.33,1599.33,-0.0,13.54,21634.12,-1
2025-05-15,2025-05-15 12:58:00,1599.33,1599.33,1599.28,1599.28,-0.0,13.54,21634.12,-1
2025-05-15,2025-05-15 12:59:00,1599.28,1599.28,1599.24,1599.24,-0.0,13.54,21634.12,-1
2025-05-15,2025-05-15 13:00:00,1599.24,1632.0,1591.0,1599.19,-0.0,13.54,21634.12,-1
2025-05-15,2025-05-15 13:01:00,1599.19,1599.19,1599.14,1599.14,-0.0,13.54,21634.12,-1
2025-05-15,2025-05-15 13:02:00,1599.14,1599.14,1599.09,1599.09,-0.0,13.54,21634.12,-1
2025-05-15,2025-05-15 13:03:00,1599.09,1599.09,1599.04,1599.04,-0.0,13.54,21634.12,-1
2025-05-15,2025-05-15 13:04:00,1599.04,1599.04,1598.99,1598.99,-0.0,13.54,21634.12,-1
2025-05-15,2025-05-15 13:05:00,1598.99,1598.99,1598.95,1598.95,-0.0,13.54,21634.12,-1
2025-05-15,2025-05-15 13:06:00,1598.95,1598.95,1598.9,1598.9,-0.0,13.54,21634.12,-1
2025-05-15,2025-05-15 13:07:00,1598.9,1598.9,1598.85,1598.85,-0.0,13.54,21634.12,-1
2025-05-15,2025-05-15 13:08:00,1598.85,1598.85,1598.8,1598.8,-0.0,13.54,21634.12,-1
2025-05-15,2025-05-15 13:09:00,1598.8,1598.8,1598.75,1598.75,-0.0,13.54,21634.12,-1
2025-05-15,2025-05-15 13:10:00,1598.75,1598.75,1598.71,1598.71,-0.0,13.54,21634.12,-1
2025-05-15,2025-05-15 13:11:00,1598.71,1598.71,1598.66,1598.66,-0.0,13.54,21634.12,-1
2025-05-15,2025-05-15 13:12:00,1598.66,1598.66,1598.61,1598.61,-0.0,13.54,21634.12,-1
2025-05-15,2025-05-15 13:13:00,1598.61,1598.61,1598.56,1598.56,-0.0,13.54,21634.12,-1
2025-05-15,2025-05-15 13:14:00,1598.56,1598.56,1598.51,1598.51,-0.0,13.54,21634.12,-1
2025-05-15,2025-05-15 13:15:00,1598.51,1598.51,1598.47,1598.47,-0.0,13.54,21634.12,-1
2025-05-15,2025-05-15 13:16:00,1598.47,1598.47,1598.42,1598.42,-0.0,13.54,21634.12,-1
2025-05-15,2025-05-15 13:17:00,1598.42,1598.42,1598.37,1598.37,-0.0,13.54,21634.12,-1
2025-05-15,2025-05-15 13:18:00,1598.37,1598.37,1598.32,1598.32,-0.0,13.54,21634.12,-1
2025-05-15,2025-05-15 13:19:00,1598.32,1598.32,1598.27,1598.27,-0.0,13.54,21634.12,-1
2025-05-15,2025-05-15 13:20:00,1598.27,1598.27,1598.23,1598.23,-0.0,13.54,21634.12,-1
2025-05-15,2025-05-15 13:21:00,1598.23,1598.23,1598.18,1598.18,-0.0,13.54,21634.12,-1
2025-05-15,2025-05-15 13:22:00,1598.18,1598.18,1598.13,1598.13,-0.0,13.54,21634.12,-1
2025-05-15,2025-05-15 13:23:00,1598.13,1598.13,1598.08,1598.08,-0.0,13.54,21634.12,-1
2025-05-15,2025-05-15 13:24:00,1598.08,1598.08,1598.03,1598.03,-0.0,13.54,21634.12,-1
2025-05-15,2025-05-15 13:25:00,1598.03,1598.03,1597.99,1597.99,-0.0,13.54,21634.12,-1
2025-05-15,2025-05-15 13:26:00,1597.99,1597.99,1597.94,1597.94,-0.0,13.54,21634.12,-1
2025-05-15,2025-05-15 13:27:00,1597.94,1597.94,1597.89,1597.89,-0.0,13.54,21634.12,-1
2025-05-15,2025-05-15 13:28:00,1597.89,1597.89,1597.84,1597.84,-0.0,13.54,21634.12,-1
2025-05-15,2025-05-15 13:29:00,1597.84,1597.84,1597.79,1597.79,-0.0,13.54,21634.12,-1
2025-05-15,2025-05-15 13:30:00,1597.79,1597.79,1597.75,1597.75,-0.0,13.54,21634.12,-1
2025-05-15,2025-05-15 13:31:00,1597.75,1597.75,1597.7,1597.7,-0.0,13.54,21634.12,-1
2025-05-15,2025-05-15 13:32:00,1597.7,1597.7,1597.65,1597.65,-0.0,13.54,21634.12,-1
2025-05-15,2025-05-15 13:33:00,1597.65,1597.65,1597.6,1597.6,-0.0,13.54,21634.12,-1
2025-05-15,2025-05-15 13:34:00,1597.6,1597.6,1597.55,1597.55,-0.0,13.54,21634.12,-1
2025-05-15,2025-05-15 13:35:00,1597.55,1597.55,1597.51,1597.51,-0.0,13.54,21634.12,-1
2025-05-15,2025-05-15 13:36:00,1597.51,1597.51,1597.46,1597.46,-0.0,13.54,21634.12,-1
2025-05-15,2025-05-15 13:37:00,1597.46,1597.46,1597.41,1597.41,-0.0,13.54,21634.12,-1
2025-05-15,2025-05-15 13:38:00,1597.41,1597.41,1597.36,1597.36,-0.0,13.54,21634.12,-1
2025-05-15,2025-05-15 13:39:00,1597.36,1597.36,1597.31,1597.31,-0.0,13.54,21634.12,-1
2025-05-15,2025-05-15 13:40:00,1597.31,1597.31,1597.27,1597.27,-0.0,13.54,21634.12,-1
2025-05-15,2025-05-15 13:41:00,1597.27,1597.27,1597.22,1597.22,-0.0,13.54,21634.12,-1
2025-05-15,2025-05-15 13:42:00,1597.22,1597.22,1597.17,1597.17,-0.0,13.54,21634.12,-1
2025-05-15,2025-05-15 13:43:00,1597.17,1597.17,1597.12,1597.12,-0.0,13.54,21634.12,-1
2025-05-15,2025-05-15 13:44:00,1597.12,1597.12,1597.07,1597.07,-0.0,13.54,21634.12,-1
2025-05-15,2025-05-15 13:45:00,1597.07,1597.07,1597.03,1597.03,-0.0,13.54,21634.12,-1
2025-05-15,2025-05-15 13:46:00,1597.03,1597.03,1596.98,1596.98,-0.0,13.54,21634.12,-1
2025-05-15,2025-05-15 13:47:00,1596.98,1596.98,1596.93,1596.93,-0.0,13.54,21634.12,-1
2025-05-15,2025-05-15 13:48:00,1596.93,1596.93,1596.88,1596.88,-0.0,13.54,21634.12,-1
2025-05-15,2025-05-15 13:49:00,1596.88,1596.88,1596.83,1596.83,-0.0,13.54,21634.12,-1
2025-05-15,2025-05-15 13:50:00,1596.83,1596.83,1596.78,1596.78,-0.0,13.54,21634.12,-1
2025-05-15,2025-05-15 13:51:00,1596.78,1596.78,1596.74,1596.74,-0.0,13.54,21634.12,-1
2025-05-15,2025-05-15 13:52:00,1596.74,1596.74,1596.69,1596.69,-0.0,13.54,21634.12,-1
2025-05-15,2025-05-15 13:53:00,1596.69,1596.69,1596.64,1596.64,-0.0,13.54,21634.12,-1
2025-05-15,2025-05-15 13:54:00,1596.64,1596.64,1596.59,1596.59,-0.0,13.54,21634.12,-1
2025-05-15,2025-05-15 13:55:00,1596.59,1596.59,1596.54,1596.54,-0.0,13.54,21634.12,-1
2025-05-15,2025-05-15 13:56:00,1596.54,1596.54,1596.5,1596.5,-0.0,13.54,21634.12,-1
2025-05-15,2025-05-15 13:57:00,1596.5,1596.5,1596.45,1596.45,-0.0,13.54,21634.12,-1
2025-05-15,2025-05-15 13:58:00,1596.45,1596.45,1596.4,1596.4,-0.0,13.54,21634.12,-1
2025-05-15,2025-05-15 13:59:00,1596.4,1596.4,1596.35,1596.35,-0.0,13.54,21634.12,-1
2025-05-15,2025-05-15 14:00:00,1596.35,1596.35,1596.3,1596.3,-0.0,13.54,21634.12,-1
2025-05-15,2025-05-15 14:01:00,1596.3,1596.3,1596.26,1596.26,-0.0,13.54,21634.12,-1
2025-05-15,2025-05-15 14:02:00,1596.26,1596.26,1596.21,1596.21,-0.0,13.54,21634.12,-1
2025-05-15,2025-05-15 14:03:00,1596.21,1596.21,1596.16,1596.16,-0.0,13.54,21634.12,-1
2025-05-15,2025-05-15 14:04:00,1596.16,1596.16,1596.11,1596.11,-0.0,13.54,21634.12,-1
2025-05-15,2025-05-15 14:05:00,1596.11,1596.11,1596.06,1596.06,-0.0,13.54,21634.12,-1
2025-05-15,2025-05-15 14:06:00,1596.06,1596.06,1596.02,1596.02,-0.0,13.54,21634.12,-1
2025-05-15,2025-05-15 14:07:00,1596.02,1596.02,1595.97,1595.97,-0.0,13.54,21634.12,-1
2025-05-15,2025-05-15 14:08:00,1595.97,1595.97,1595.92,1595.92,-0.0,13.54,21634.12,-1
2025-05-15,2025-05-15 14:09:00,1595.92,1595.92,1595.87,1595.87,-0.0,13.54,21634.12,-1
2025-05-15,2025-05-15 14:10:00,1595.87,1595.87,1595.82,1595.82,-0.0,13.54,21634.12,-1
2025-05-15,2025-05-15 14:11:00,1595.82,1595.82,1595.78,1595.78,-0.0,13.54,21634.12,-1
2025-05-15,2025-05-15 14:12:00,1595.78,1595.78,1595.73,1595.73,-0.0,13.54,21634.12,-1
2025-05-15,2025-05-15 14:13:00,1595.73,1595.73,1595.68,1595.68,-0.0,13.54,21634.12,-1
2025-05-15,2025-05-15 14:14:00,1595.68,1595.68,1595.63,1595.63,-0.0,13.54,21634.12,-1
2025-05-15,2025-05-15 14:15:00,1595.63,1595.63,1595.58,1595.58,-0.0,13.54,21634.12,-1
2025-05-15,2025-05-15 14:16:00,1595.58,1595.58,1595.54,1595.54,-0.0,13.54,21634.12,-1
2025-05-15,2025-05-15 14:17:00,1595.54,1595.54,1595.49,1595.49,-0.0,13.54,21634.12,-1
2025-05-15,2025-05-15 14:18:00,1595.49,1595.49,1595.44,1595.44,-0.0,13.54,21634.12,-1
2025-05-15,2025-05-15 14:19:00,1595.44,1595.44,1595.39,1595.39,-0.0,13.54,21634.12,-1
2025-05-15,2025-05-15 14:20:00,1595.39,1595.39,1595.34,1595.34,-0.0,13.54,21634.12,-1
2025-05-15,2025-05-15 14:21:00,1595.34,1595.34,1595.3,1595.3,-0.0,13.54,21634.12,-1
2025-05-15,2025-05-15 14:22:00,1595.3,1595.3,1595.25,1595.25,-0.0,13.54,21634.12,-1
2025-05-15,2025-05-15 14:23:00,1595.25,1595.25,1595.2,1595.2,-0.0,13.54,21634.12,-1
2025-05-15,2025-05-15 14:24:00,1595.2,1595.2,1595.15,1595.15,-0.0,13.54,21634.12,-1
2025-05-15,2025-05-15 14:25:00,1595.15,1595.15,1595.1,1595.1,-0.0,13.54,21634.12,-1
2025-05-15,2025-05-15 14:26:00,1595.1,1595.1,1595.06,1595.06,-0.0,13.54,21634.12,-1
2025-05-15,2025-05-15 14:27:00,1595.06,1595.06,1595.01,1595.01,-0.0,13.54,21634.12,-1
2025-05-15,2025-05-15 14:28:00,1595.01,1595.01,1594.96,1594.96,-0.0,13.54,21634.12,-1
2025-05-15,2025-05-15 14:29:00,1594.96,1594.96,1594.91,1594.91,-0.0,13.54,21634.12,-1
2025-05-15,2025-05-15 14:30:00,1594.91,1594.91,1594.86,1594.86,-0.0,13.54,21634.12,-1
2025-05-15,2025-05-15 14:31:00,1594.86,1594.86,1594.82,1594.82,-0.0,13.54,21634.12,-1
2025-05-15,2025-05-15 14:32:00,1594.82,1594.82,1594.77,1594.77,-0.0,13.54,21634.12,-1
2025-05-15,2025-05-15 14:33:00,1594.77,1594.77,1594.72,1594.72,-0.0,13.54,21634.12,-1
2025-05-15,2025-05-15 14:34:00,1594.72,1594.72,1594.67,1594.67,-0.0,13.54,21634.12,-1
2025-05-15,2025-05-15 14:35:00,1594.67,1594.67,1594.62,1594.62,-0.0,13.54,21634.12,-1
2025-05-15,2025-05-15 14:36:00,1594.62,1594.62,1594.57,1594.57,-0.0,13.54,21634.12,-1
2025-05-15,2025-05-15 14:37:00,1594.57,1594.57,1594.53,1594.53,-0.0,13.54,21634.12,-1
2025-05-15,2025-05-15 14:38:00,1594.53,1594.53,1594.48,1594.48,-0.0,13.54,21634.12,-1
2025-05-15,2025-05-15 14:39:00,1594.48,1594.48,1594.43,1594.43,-0.0,13.54,21634.12,-1
2025-05-15,2025-05-15 14:40:00,1594.43,1594.43,1594.38,1594.38,-0.0,13.54,21634.12,-1
2025-05-15,2025-05-15 14:41:00,1594.38,1594.38,1594.33,1594.33,-0.0,13.54,21634.12,-1
2025-05-15,2025-05-15 14:42:00,1594.33,1594.33,1594.29,1594.29,-0.0,13.54,21634.12,-1
2025-05-15,2025-05-15 14:43:00,1594.29,1594.29,1594.24,1594.24,-0.0,13.54,21634.12,-1
2025-05-15,2025-05-15 14:44:00,1594.24,1594.24,1594.19,1594.19,-0.0,13.54,21634.12,-1
2025-05-15,2025-05-15 14:45:00,1594.19,1594.19,1594.14,1594.14,-0.0,13.54,21634.12,-1
2025-05-15,2025-05-15 14:46:00,1594.14,1594.14,1594.09,1594.09,-0.0,13.54,21634.12,-1
2025-05-15,2025-05-15 14:47:00,1594.09,1594.09,1594.05,1594.05,-0.0,13.54,21634.12,-1
2025-05-15,2025-05-15 14:48:00,1594.05,1594.05,1594.0,1594.0,-0.0,13.54,21634.12,-1
2025-05-15,2025-05-15 14:49:00,1594.0,1594.0,1593.95,1593.95,-0.0,13.54,21634.12,-1
2025-05-15,2025-05-15 14:50:00,1593.95,1593.95,1593.9,1593.9,-0.0,13.54,21634.12,-1
2025-05-15,2025-05-15 14:51:00,1593.9,1593.9,1593.85,1593.85,-0.0,13.54,21634.12,-1
2025-05-15,2025-05-15 14:52:00,1593.85,1593.85,1593.81,1593.81,-0.0,13.54,21634.12,-1
2025-05-15,2025-05-15 14:53:00,1593.81,1593.81,1593.76,1593.76,-0.0,13.54,21634.12,-1
2025-05-15,2025-05-15 14:54:00,1593.76,1593.76,1593.71,1593.71,-0.0,13.54,21634.12,-1
2025-05-15,2025-05-15 14:55:00,1593.71,1593.71,1593.66,1593.66,-0.0,13.54,21634.12,-1
2025-05-15,2025-05-15 14:56:00,1593.66,1593.66,1593.61,1593.61,-0.0,13.54,21634.12,-1
2025-05-15,2025-05-15 14:57:00,1593.61,1593.61,1593.57,1593.57,-0.0,13.54,21634.12,-1
2025-05-15,2025-05-15 14:58:00,1593.57,1593.57,1593.52,1593.52,-0.0,13.54,21634.12,-1
2025-05-15,2025-05-15 14:59:00,1593.52,1593.52,1593.47,1593.47,-0.0,13.54,21634.12,-1
2025-05-15,2025-05-15 15:00:00,1593.47,1632.0,1591.0,1593.47,0.0,13.54,21634.12,0
2025-05-18,2025-05-18 11:00:00,1580.4,1598.28,1580.4,1580.56,0.01,28.05,45199.0,1
2025-05-18,2025-05-18 11:01:00,1580.56,1580.72,1580.56,1580.72,0.01,28.05,45199.0,1
2025-05-18,2025-05-18 11:02:00,1580.72,1580.88,1580.72,1580.88,0.01,28.05,45199.0,1
2025-05-18,2025-05-18 11:03:00,1580.88,1581.04,1580.88,1581.04,0.01,28.05,45199.0,1
2025-05-18,2025-05-18 11:04:00,1581.04,1581.2,1581.04,1581.2,0.01,28.05,45199.0,1
2025-05-18,2025-05-18 11:05:00,1581.2,1581.37,1581.2,1581.37,0.01,28.05,45199.0,1
2025-05-18,2025-05-18 11:06:00,1581.37,1581.53,1581.37,1581.53,0.01,28.05,45199.0,1
2025-05-18,2025-05-18 11:07:00,1581.53,1581.69,1581.53,1581.69,0.01,28.05,45199.0,1
2025-05-18,2025-05-18 11:08:00,1581.69,1581.85,1581.69,1581.85,0.01,28.05,45199.0,1
2025-05-18,2025-05-18 11:09:00,1581.85,1582.01,1581.85,1582.01,0.01,28.05,45199.0,1
2025-05-18,2025-05-18 11:10:00,1582.01,1582.17,1582.01,1582.17,0.01,28.05,45199.0,1
2025-05-18,2025-05-18 11:11:00,1582.17,1582.33,1582.17,1582.33,0.01,28.05,45199.0,1
2025-05-18,2025-05-18 11:12:00,1582.33,1582.49,1582.33,1582.49,0.01,28.05,45199.0,1
2025-05-18,2025-05-18 11:13:00,1582.49,1582.65,1582.49,1582.65,0.01,28.05,45199.0,1
2025-05-18,2025-05-18 11:14:00,1582.65,1582.81,1582.65,1582.81,0.01,28.05,45199.0,1
2025-05-18,2025-05-18 11:15:00,1582.81,1582.97,1582.81,1582.97,0.01,28.05,45199.0,1
2025-05-18,2025-05-18 11:16:00,1582.97,1583.14,1582.97,1583.14,0.01,28.05,45199.0,1
2025-05-18,2025-05-18 11:17:00,1583.14,1583.3,1583.14,1583.3,0.01,28.05,45199.0,1
2025-05-18,2025-05-18 11:18:00,1583.3,1583.46,1583.3,1583.46,0.01,28.05,45199.0,1
2025-05-18,2025-05-18 11:19:00,1583.46,1583.62,1583.46,1583.62,0.01,28.05,45199.0,1
2025-05-18,2025-05-18 11:20:00,1583.62,1583.78,1583.62,1583.78,0.01,28.05,45199.0,1
2025-05-18,2025-05-18 11:21:00,1583.78,1583.94,1583.78,1583.94,0.01,28.05,45199.0,1
2025-05-18,2025-05-18 11:22:00,1583.94,1584.1,1583.94,1584.1,0.01,28.05,45199.0,1
2025-05-18,2025-05-18 11:23:00,1584.1,1584.26,1584.1,1584.26,0.01,28.05,45199.0,1
2025-05-18,2025-05-18 11:24:00,1584.26,1584.42,1584.26,1584.42,0.01,28.05,45199.0,1
2025-05-18,2025-05-18 11:25:00,1584.42,1584.58,1584.42,1584.58,0.01,28.05,45199.0,1
2025-05-18,2025-05-18 11:26:00,1584.58,1584.74,1584.58,1584.74,0.01,28.05,45199.0,1
2025-05-18,2025-05-18 11:27:00,1584.74,1584.91,1584.74,1584.91,0.01,28.05,45199.0,1
2025-05-18,2025-05-18 11:28:00,1584.91,1585.07,1584.91,1585.07,0.01,28.05,45199.0,1
2025-05-18,2025-05-18 11:29:00,1585.07,1585.23,1585.07,1585.23,0.01,28.05,45199.0,1
2025-05-18,2025-05-18 11:30:00,1585.23,1585.39,1585.23,1585.39,0.01,28.05,45199.0,1
2025-05-18,2025-05-18 11:31:00,1585.39,1585.55,1585.39,1585.55,0.01,28.05,45199.0,1
2025-05-18,2025-05-18 11:32:00,1585.55,1585.71,1585.55,1585.71,0.01,28.05,45199.0,1
2025-05-18,2025-05-18 11:33:00,1585.71,1585.87,1585.71,1585.87,0.01,28.05,45199.0,1
2025-05-18,2025-05-18 11:34:00,1585.87,1586.03,1585.87,1586.03,0.01,28.05,45199.0,1
2025-05-18,2025-05-18 11:35:00,1586.03,1586.19,1586.03,1586.19,0.01,28.05,45199.0,1
2025-05-18,2025-05-18 11:36:00,1586.19,1586.35,1586.19,1586.35,0.01,28.05,45199.0,1
2025-05-18,2025-05-18 11:37:00,1586.35,1586.51,1586.35,1586.51,0.01,28.05,45199.0,1
2025-05-18,2025-05-18 11:38:00,1586.51,1586.68,1586.51,1586.68,0.01,28.05,45199.0,1
2025-05-18,2025-05-18 11:39:00,1586.68,1586.84,1586.68,1586.84,0.01,28.05,45199.0,1
2025-05-18,2025-05-18 11:40:00,1586.84,1587.0,1586.84,1587.0,0.01,28.05,45199.0,1
2025-05-18,2025-05-18 11:41:00,1587.0,1587.16,1587.0,1587.16,0.01,28.05,45199.0,1
2025-05-18,2025-05-18 11:42:00,1587.16,1587.32,1587.16,1587.32,0.01,28.05,45199.0,1
2025-05-18,2025-05-18 11:43:00,1587.32,1587.48,1587.32,1587.48,0.01,28.05,45199.0,1
2025-05-18,2025-05-18 11:44:00,1587.48,1587.64,1587.48,1587.64,0.01,28.05,45199.0,1
2025-05-18,2025-05-18 11:45:00,1587.64,1587.8,1587.64,1587.8,0.01,28.05,45199.0,1
2025-05-18,2025-05-18 11:46:00,1587.8,1587.96,1587.8,1587.96,0.01,28.05,45199.0,1
2025-05-18,2025-05-18 11:47:00,1587.96,1588.12,1587.96,1588.12,0.01,28.05,45199.0,1
2025-05-18,2025-05-18 11:48:00,1588.12,1588.28,1588.12,1588.28,0.01,28.05,45199.0,1
2025-05-18,2025-05-18 11:49:00,1588.28,1588.45,1588.28,1588.45,0.01,28.05,45199.0,1
2025-05-18,2025-05-18 11:50:00,1588.45,1588.61,1588.45,1588.61,0.01,28.05,45199.0,1
2025-05-18,2025-05-18 11:51:00,1588.61,1588.77,1588.61,1588.77,0.01,28.05,45199.0,1
2025-05-18,2025-05-18 11:52:00,1588.77,1588.93,1588.77,1588.93,0.01,28.05,45199.0,1
2025-05-18,2025-05-18 11:53:00,1588.93,1589.09,1588.93,1589.09,0.01,28.05,45199.0,1
2025-05-18,2025-05-18 11:54:00,1589.09,1589.25,1589.09,1589.25,0.01,28.05,45199.0,1
2025-05-18,2025-05-18 11:55:00,1589.25,1589.41,1589.25,1589.41,0.01,28.05,45199.0,1
2025-05-18,2025-05-18 11:56:00,1589.41,1589.57,1589.41,1589.57,0.01,28.05,45199.0,1
2025-05-18,2025-05-18 11:57:00,1589.57,1589.73,1589.57,1589.73,0.01,28.05,45199.0,1
2025-05-18,2025-05-18 11:58:00,1589.73,1589.89,1589.73,1589.89,0.01,28.05,45199.0,1
2025-05-18,2025-05-18 11:59:00,1589.89,1590.06,1589.89,1590.06,0.01,28.05,45199.0,1
2025-05-18,2025-05-18 12:00:00,1590.06,1590.22,1590.06,1590.22,0.01,28.05,45199.0,1
2025-05-18,2025-05-18 12:01:00,1590.22,1590.38,1590.22,1590.38,0.01,28.05,45199.0,1
2025-05-18,2025-05-18 12:02:00,1590.38,1590.54,1590.38,1590.54,0.01,28.05,45199.0,1
2025-05-18,2025-05-18 12:03:00,1590.54,1590.7,1590.54,1590.7,0.01,28.05,45199.0,1
2025-05-18,2025-05-18 12:04:00,1590.7,1590.86,1590.7,1590.86,0.01,28.05,45199.0,1
2025-05-18,2025-05-18 12:05:00,1590.86,1591.02,1590.86,1591.02,0.01,28.05,45199.0,1
2025-05-18,2025-05-18 12:06:00,1591.02,1591.18,1591.02,1591.18,0.01,28.05,45199.0,1
2025-05-18,2025-05-18 12:07:00,1591.18,1591.34,1591.18,1591.34,0.01,28.05,45199.0,1
2025-05-18,2025-05-18 12:08:00,1591.34,1591.5,1591.34,1591.5,0.01,28.05,45199.0,1
2025-05-18,2025-05-18 12:09:00,1591.5,1591.66,1591.5,1591.66,0.01,28.05,45199.0,1
2025-05-18,2025-05-18 12:10:00,1591.66,1591.83,1591.66,1591.83,0.01,28.05,45199.0,1
2025-05-18,2025-05-18 12:11:00,1591.83,1591.99,1591.83,1591.99,0.01,28.05,45199.0,1
2025-05-18,2025-05-18 12:12:00,1591.99,1592.15,1591.99,1592.15,0.01,28.05,45199.0,1
2025-05-18,2025-05-18 12:13:00,1592.15,1592.31,1592.15,1592.31,0.01,28.05,45199.0,1
2025-05-18,2025-05-18 12:14:00,1592.31,1592.47,1592.31,1592.47,0.01,28.05,45199.0,1
2025-05-18,2025-05-18 12:15:00,1592.47,1592.63,1592.47,1592.63,0.01,28.05,45199.0,1
2025-05-18,2025-05-18 12:16:00,1592.63,1592.79,1592.63,1592.79,0.01,28.05,45199.0,1
2025-05-18,2025-05-18 12:17:00,1592.79,1592.95,1592.79,1592.95,0.01,28.05,45199.0,1
2025-05-18,2025-05-18 12:18:00,1592.95,1593.11,1592.95,1593.11,0.01,28.05,45199.0,1
2025-05-18,2025-05-18 12:19:00,1593.11,1593.27,1593.11,1593.27,0.01,28.05,45199.0,1
2025-05-18,2025-05-18 12:20:00,1593.27,1593.43,1593.27,1593.43,0.01,28.05,45199.0,1
2025-05-18,2025-05-18 12:21:00,1593.43,1593.6,1593.43,1593.6,0.01,28.05,45199.0,1
2025-05-18,2025-05-18 12:22:00,1593.6,1593.76,1593.6,1593.76,0.01,28.05,45199.0,1
2025-05-18,2025-05-18 12:23:00,1593.76,1593.92,1593.76,1593.92,0.01,28.05,45199.0,1
2025-05-18,2025-05-18 12:24:00,1593.92,1594.08,1593.92,1594.08,0.01,28.05,45199.0,1
2025-05-18,2025-05-18 12:25:00,1594.08,1594.24,1594.08,1594.24,0.01,28.05,45199.0,1
2025-05-18,2025-05-18 12:26:00,1594.24,1594.4,1594.24,1594.4,0.01,28.05,45199.0,1
2025-05-18,2025-05-18 12:27:00,1594.4,1594.56,1594.4,1594.56,0.01,28.05,45199.0,1
2025-05-18,2025-05-18 12:28:00,1594.56,1594.72,1594.56,1594.72,0.01,28.05,45199.0,1
2025-05-18,2025-05-18 12:29:00,1594.72,1594.88,1594.72,1594.88,0.01,28.05,45199.0,1
2025-05-18,2025-05-18 12:30:00,1594.88,1595.04,1594.88,1595.04,0.01,28.05,45199.0,1
2025-05-18,2025-05-18 12:31:00,1595.04,1595.2,1595.04,1595.2,0.01,28.05,45199.0,1
2025-05-18,2025-05-18 12:32:00,1595.2,1595.37,1595.2,1595.37,0.01,28.05,45199.0,1
2025-05-18,2025-05-18 12:33:00,1595.37,1595.53,1595.37,1595.53,0.01,28.05,45199.0,1
2025-05-18,2025-05-18 12:34:00,1595.53,1595.69,1595.53,1595.69,0.01,28.05,45199.0,1
2025-05-18,2025-05-18 12:35:00,1595.69,1595.85,1595.69,1595.85,0.01,28.05,45199.0,1
2025-05-18,2025-05-18 12:36:00,1595.85,1596.01,1595.85,1596.01,0.01,28.05,45199.0,1
2025-05-18,2025-05-18 12:37:00,1596.01,1596.17,1596.01,1596.17,0.01,28.05,45199.0,1
2025-05-18,2025-05-18 12:38:00,1596.17,1596.33,1596.17,1596.33,0.01,28.05,45199.0,1
2025-05-18,2025-05-18 12:39:00,1596.33,1596.49,1596.33,1596.49,0.01,28.05,45199.0,1
2025-05-18,2025-05-18 12:40:00,1596.49,1596.65,1596.49,1596.65,0.01,28.05,45199.0,1
2025-05-18,2025-05-18 12:41:00,1596.65,1596.81,1596.65,1596.81,0.01,28.05,45199.0,1
2025-05-18,2025-05-18 12:42:00,1596.81,1596.97,1596.81,1596.97,0.01,28.05,45199.0,1
2025-05-18,2025-05-18 12:43:00,1596.97,1597.14,1596.97,1597.14,0.01,28.05,45199.0,1
2025-05-18,2025-05-18 12:44:00,1597.14,1597.3,1597.14,1597.3,0.01,28.05,45199.0,1
2025-05-18,2025-05-18 12:45:00,1597.3,1597.46,1597.3,1597.46,0.01,28.05,45199.0,1
2025-05-18,2025-05-18 12:46:00,1597.46,1597.62,1597.46,1597.62,0.01,28.05,45199.0,1
2025-05-18,2025-05-18 12:47:00,1597.62,1597.78,1597.62,1597.78,0.01,28.05,45199.0,1
2025-05-18,2025-05-18 12:48:00,1597.78,1597.94,1597.78,1597.94,0.01,28.05,45199.0,1
2025-05-18,2025-05-18 12:49:00,1597.94,1598.1,1597.94,1598.1,0.01,28.05,45199.0,1
2025-05-18,2025-05-18 12:50:00,1598.1,1598.26,1598.1,1598.26,0.01,28.05,45199.0,1
2025-05-18,2025-05-18 12:51:00,1598.26,1598.42,1598.26,1598.42,0.01,28.05,45199.0,1
2025-05-18,2025-05-18 12:52:00,1598.42,1598.58,1598.42,1598.58,0.01,28.05,45199.0,1
2025-05-18,2025-05-18 12:53:00,1598.58,1598.74,1598.58,1598.74,0.01,28.05,45199.0,1
2025-05-18,2025-05-18 12:54:00,1598.74,1598.91,1598.74,1598.91,0.01,28.05,45199.0,1
2025-05-18,2025-05-18 12:55:00,1598.91,1599.07,1598.91,1599.07,0.01,28.05,45199.0,1
2025-05-18,2025-05-18 12:56:00,1599.07,1599.23,1599.07,1599.23,0.01,28.05,45199.0,1
2025-05-18,2025-05-18 12:57:00,1599.23,1599.39,1599.23,1599.39,0.01,28.05,45199.0,1
2025-05-18,2025-05-18 12:58:00,1599.39,1599.55,1599.39,1599.55,0.01,28.05,45199.0,1
2025-05-18,2025-05-18 12:59:00,1599.55,1599.71,1599.55,1599.71,0.01,28.05,45199.0,1
2025-05-18,2025-05-18 13:00:00,1599.71,1640.0,1580.4,1599.87,0.01,28.05,45199.0,1
2025-05-18,2025-05-18 13:01:00,1599.87,1600.03,1599.87,1600.03,0.01,28.05,45199.0,1
2025-05-18,2025-05-18 13:02:00,1600.03,1600.19,1600.03,1600.19,0.01,28.05,45199.0,1
2025-05-18,2025-05-18 13:03:00,1600.19,1600.35,1600.19,1600.35,0.01,28.05,45199.0,1
2025-05-18,2025-05-18 13:04:00,1600.35,1600.51,1600.35,1600.51,0.01,28.05,45199.0,1
2025-05-18,2025-05-18 13:05:00,1600.51,1600.68,1600.51,1600.68,0.01,28.05,45199.0,1
2025-05-18,2025-05-18 13:06:00,1600.68,1600.84,1600.68,1600.84,0.01,28.05,45199.0,1
2025-05-18,2025-05-18 13:07:00,1600.84,1601.0,1600.84,1601.0,0.01,28.05,45199.0,1
2025-05-18,2025-05-18 13:08:00,1601.0,1601.16,1601.0,1601.16,0.01,28.05,45199.0,1
2025-05-18,2025-05-18 13:09:00,1601.16,1601.32,1601.16,1601.32,0.01,28.05,45199.0,1
2025-05-18,2025-05-18 13:10:00,1601.32,1601.48,1601.32,1601.48,0.01,28.05,45199.0,1
2025-05-18,2025-05-18 13:11:00,1601.48,1601.64,1601.48,1601.64,0.01,28.05,45199.0,1
2025-05-18,2025-05-18 13:12:00,1601.64,1601.8,1601.64,1601.8,0.01,28.05,45199.0,1
2025-05-18,2025-05-18 13:13:00,1601.8,1601.96,1601.8,1601.96,0.01,28.05,45199.0,1
2025-05-18,2025-05-18 13:14:00,1601.96,1602.12,1601.96,1602.12,0.01,28.05,45199.0,1
2025-05-18,2025-05-18 13:15:00,1602.12,1602.28,1602.12,1602.28,0.01,28.05,45199.0,1
2025-05-18,2025-05-18 13:16:00,1602.28,1602.45,1602.28,1602.45,0.01,28.05,45199.0,1
2025-05-18,2025-05-18 13:17:00,1602.45,1602.61,1602.45,1602.61,0.01,28.05,45199.0,1
2025-05-18,2025-05-18 13:18:00,1602.61,1602.77,1602.61,1602.77,0.01,28.05,45199.0,1
2025-05-18,2025-05-18 13:19:00,1602.77,1602.93,1602.77,1602.93,0.01,28.05,45199.0,1
2025-05-18,2025-05-18 13:20:00,1602.93,1603.09,1602.93,1603.09,0.01,28.05,45199.0,1
2025-05-18,2025-05-18 13:21:00,1603.09,1603.25,1603.09,1603.25,0.01,28.05,45199.0,1
2025-05-18,2025-05-18 13:22:00,1603.25,1603.41,1603.25,1603.41,0.01,28.05,45199.0,1
2025-05-18,2025-05-18 13:23:00,1603.41,1603.57,1603.41,1603.57,0.01,28.05,45199.0,1
2025-05-18,2025-05-18 13:24:00,1603.57,1603.73,1603.57,1603.73,0.01,28.05,45199.0,1
2025-05-18,2025-05-18 13:25:00,1603.73,1603.89,1603.73,1603.89,0.01,28.05,45199.0,1
2025-05-18,2025-05-18 13:26:00,1603.89,1604.05,1603.89,1604.05,0.01,28.05,45199.0,1
2025-05-18,2025-05-18 13:27:00,1604.05,1604.22,1604.05,1604.22,0.01,28.05,45199.0,1
2025-05-18,2025-05-18 13:28:00,1604.22,1604.38,1604.22,1604.38,0.01,28.05,45199.0,1
2025-05-18,2025-05-18 13:29:00,1604.38,1604.54,1604.38,1604.54,0.01,28.05,45199.0,1
2025-05-18,2025-05-18 13:30:00,1604.54,1604.7,1604.54,1604.7,0.01,28.05,45199.0,1
2025-05-18,2025-05-18 13:31:00,1604.7,1604.86,1604.7,1604.86,0.01,28.05,45199.0,1
2025-05-18,2025-05-18 13:32:00,1604.86,1605.02,1604.86,1605.02,0.01,28.05,45199.0,1
2025-05-18,2025-05-18 13:33:00,1605.02,1605.18,1605.02,1605.18,0.01,28.05,45199.0,1
2025-05-18,2025-05-18 13:34:00,1605.18,1605.34,1605.18,1605.34,0.01,28.05,45199.0,1
2025-05-18,2025-05-18 13:35:00,1605.34,1605.5,1605.34,1605.5,0.01,28.05,45199.0,1
2025-05-18,2025-05-18 13:36:00,1605.5,1605.66,1605.5,1605.66,0.01,28.05,45199.0,1
2025-05-18,2025-05-18 13:37:00,1605.66,1605.82,1605.66,1605.82,0.01,28.05,45199.0,1
2025-05-18,2025-05-18 13:38:00,1605.82,1605.99,1605.82,1605.99,0.01,28.05,45199.0,1
2025-05-18,2025-05-18 13:39:00,1605.99,1606.15,1605.99,1606.15,0.01,28.05,45199.0,1
2025-05-18,2025-05-18 13:40:00,1606.15,1606.31,1606.15,1606.31,0.01,28.05,45199.0,1
2025-05-18,2025-05-18 13:41:00,1606.31,1606.47,1606.31,1606.47,0.01,28.05,45199.0,1
2025-05-18,2025-05-18 13:42:00,1606.47,1606.63,1606.47,1606.63,0.01,28.05,45199.0,1
2025-05-18,2025-05-18 13:43:00,1606.63,1606.79,1606.63,1606.79,0.01,28.05,45199.0,1
2025-05-18,2025-05-18 13:44:00,1606.79,1606.95,1606.79,1606.95,0.01,28.05,45199.0,1
2025-05-18,2025-05-18 13:45:00,1606.95,1607.11,1606.95,1607.11,0.01,28.05,45199.0,1
2025-05-18,2025-05-18 13:46:00,1607.11,1607.27,1607.11,1607.27,0.01,28.05,45199.0,1
2025-05-18,2025-05-18 13:47:00,1607.27,1607.43,1607.27,1607.43,0.01,28.05,45199.0,1
2025-05-18,2025-05-18 13:48:00,1607.43,1607.59,1607.43,1607.59,0.01,28.05,45199.0,1
2025-05-18,2025-05-18 13:49:00,1607.59,1607.76,1607.59,1607.76,0.01,28.05,45199.0,1
2025-05-18,2025-05-18 13:50:00,1607.76,1607.92,1607.76,1607.92,0.01,28.05,45199.0,1
2025-05-18,2025-05-18 13:51:00,1607.92,1608.08,1607.92,1608.08,0.01,28.05,45199.0,1
2025-05-18,2025-05-18 13:52:00,1608.08,1608.24,1608.08,1608.24,0.01,28.05,45199.0,1
2025-05-18,2025-05-18 13:53:00,1608.24,1608.4,1608.24,1608.4,0.01,28.05,45199.0,1
2025-05-18,2025-05-18 13:54:00,1608.4,1608.56,1608.4,1608.56,0.01,28.05,45199.0,1
2025-05-18,2025-05-18 13:55:00,1608.56,1608.72,1608.56,1608.72,0.01,28.05,45199.0,1
2025-05-18,2025-05-18 13:56:00,1608.72,1608.88,1608.72,1608.88,0.01,28.05,45199.0,1
2025-05-18,2025-05-18 13:57:00,1608.88,1609.04,1608.88,1609.04,0.01,28.05,45199.0,1
2025-05-18,2025-05-18 13:58:00,1609.04,1609.2,1609.04,1609.2,0.01,28.05,45199.0,1
2025-05-18,2025-05-18 13:59:00,1609.2,1609.37,1609.2,1609.37,0.01,28.05,45199.0,1
2025-05-18,2025-05-18 14:00:00,1609.37,1609.53,1609.37,1609.53,0.01,28.05,45199.0,1
2025-05-18,2025-05-18 14:01:00,1609.53,1609.69,1609.53,1609.69,0.01,28.05,45199.0,1
2025-05-18,2025-05-18 14:02:00,1609.69,1609.85,1609.69,1609.85,0.01,28.05,45199.0,1
2025-05-18,2025-05-18 14:03:00,1609.85,1610.01,1609.85,1610.01,0.01,28.05,45199.0,1
2025-05-18,2025-05-18 14:04:00,1610.01,1610.17,1610.01,1610.17,0.01,28.05,45199.0,1
2025-05-18,2025-05-18 14:05:00,1610.17,1610.33,1610.17,1610.33,0.01,28.05,45199.0,1
2025-05-18,2025-05-18 14:06:00,1610.33,1610.49,1610.33,1610.49,0.01,28.05,45199.0,1
2025-05-18,2025-05-18 14:07:00,1610.49,1610.65,1610.49,1610.65,0.01,28.05,45199.0,1
2025-05-18,2025-05-18 14:08:00,1610.65,1610.81,1610.65,1610.81,0.01,28.05,45199.0,1
2025-05-18,2025-05-18 14:09:00,1610.81,1610.97,1610.81,1610.97,0.01,28.05,45199.0,1
2025-05-18,2025-05-18 14:10:00,1610.97,1611.14,1610.97,1611.14,0.01,28.05,45199.0,1
2025-05-18,2025-05-18 14:11:00,1611.14,1611.3,1611.14,1611.3,0.01,28.05,45199.0,1
2025-05-18,2025-05-18 14:12:00,1611.3,1611.46,1611.3,1611.46,0.01,28.05,45199.0,1
2025-05-18,2025-05-18 14:13:00,1611.46,1611.62,1611.46,1611.62,0.01,28.05,45199.0,1
2025-05-18,2025-05-18 14:14:00,1611.62,1611.78,1611.62,1611.78,0.01,28.05,45199.0,1
2025-05-18,2025-05-18 14:15:00,1611.78,1611.94,1611.78,1611.94,0.01,28.05,45199.0,1
2025-05-18,2025-05-18 14:16:00,1611.94,1612.1,1611.94,1612.1,0.01,28.05,45199.0,1
2025-05-18,2025-05-18 14:17:00,1612.1,1612.26,1612.1,1612.26,0.01,28.05,45199.0,1
2025-05-18,2025-05-18 14:18:00,1612.26,1612.42,1612.26,1612.42,0.01,28.05,45199.0,1
2025-05-18,2025-05-18 14:19:00,1612.42,1612.58,1612.42,1612.58,0.01,28.05,45199.0,1
2025-05-18,2025-05-18 14:20:00,1612.58,1612.74,1612.58,1612.74,0.01,28.05,45199.0,1
2025-05-18,2025-05-18 14:21:00,1612.74,1612.91,1612.74,1612.91,0.01,28.05,45199.0,1
2025-05-18,2025-05-18 14:22:00,1612.91,1613.07,1612.91,1613.07,0.01,28.05,45199.0,1
2025-05-18,2025-05-18 14:23:00,1613.07,1613.23,1613.07,1613.23,0.01,28.05,45199.0,1
2025-05-18,2025-05-18 14:24:00,1613.23,1613.39,1613.23,1613.39,0.01,28.05,45199.0,1
2025-05-18,2025-05-18 14:25:00,1613.39,1613.55,1613.39,1613.55,0.01,28.05,45199.0,1
2025-05-18,2025-05-18 14:26:00,1613.55,1613.71,1613.55,1613.71,0.01,28.05,45199.0,1
2025-05-18,2025-05-18 14:27:00,1613.71,1613.87,1613.71,1613.87,0.01,28.05,45199.0,1
2025-05-18,2025-05-18 14:28:00,1613.87,1614.03,1613.87,1614.03,0.01,28.05,45199.0,1
2025-05-18,2025-05-18 14:29:00,1614.03,1614.19,1614.03,1614.19,0.01,28.05,45199.0,1
2025-05-18,2025-05-18 14:30:00,1614.19,1614.35,1614.19,1614.35,0.01,28.05,45199.0,1
2025-05-18,2025-05-18 14:31:00,1614.35,1614.51,1614.35,1614.51,0.01,28.05,45199.0,1
2025-05-18,2025-05-18 14:32:00,1614.51,1614.68,1614.51,1614.68,0.01,28.05,45199.0,1
2025-05-18,2025-05-18 14:33:00,1614.68,1614.84,1614.68,1614.84,0.01,28.05,45199.0,1
2025-05-18,2025-05-18 14:34:00,1614.84,1615.0,1614.84,1615.0,0.01,28.05,45199.0,1
2025-05-18,2025-05-18 14:35:00,1615.0,1615.16,1615.0,1615.16,0.01,28.05,45199.0,1
2025-05-18,2025-05-18 14:36:00,1615.16,1615.32,1615.16,1615.32,0.01,28.05,45199.0,1
2025-05-18,2025-05-18 14:37:00,1615.32,1615.48,1615.32,1615.48,0.01,28.05,45199.0,1
2025-05-18,2025-05-18 14:38:00,1615.48,1615.64,1615.48,1615.64,0.01,28.05,45199.0,1
2025-05-18,2025-05-18 14:39:00,1615.64,1615.8,1615.64,1615.8,0.01,28.05,45199.0,1
2025-05-18,2025-05-18 14:40:00,1615.8,1615.96,1615.8,1615.96,0.01,28.05,45199.0,1
2025-05-18,2025-05-18 14:41:00,1615.96,1616.12,1615.96,1616.12,0.01,28.05,45199.0,1
2025-05-18,2025-05-18 14:42:00,1616.12,1616.28,1616.12,1616.28,0.01,28.05,45199.0,1
2025-05-18,2025-05-18 14:43:00,1616.28,1616.45,1616.28,1616.45,0.01,28.05,45199.0,1
2025-05-18,2025-05-18 14:44:00,1616.45,1616.61,1616.45,1616.61,0.01,28.05,45199.0,1
2025-05-18,2025-05-18 14:45:00,1616.61,1616.77,1616.61,1616.77,0.01,28.05,45199.0,1
2025-05-18,2025-05-18 14:46:00,1616.77,1616.93,1616.77,1616.93,0.01,28.05,45199.0,1
2025-05-18,2025-05-18 14:47:00,1616.93,1617.09,1616.93,1617.09,0.01,28.05,45199.0,1
2025-05-18,2025-05-18 14:48:00,1617.09,1617.25,1617.09,1617.25,0.01,28.05,45199.0,1
2025-05-18,2025-05-18 14:49:00,1617.25,1617.41,1617.25,1617.41,0.01,28.05,45199.0,1
2025-05-18,2025-05-18 14:50:00,1617.41,1617.57,1617.41,1617.57,0.01,28.05,45199.0,1
2025-05-18,2025-05-18 14:51:00,1617.57,1617.73,1617.57,1617.73,0.01,28.05,45199.0,1
2025-05-18,2025-05-18 14:52:00,1617.73,1617.89,1617.73,1617.89,0.01,28.05,45199.0,1
2025-05-18,2025-05-18 14:53:00,1617.89,1618.05,1617.89,1618.05,0.01,28.05,45199.0,1
2025-05-18,2025-05-18 14:54:00,1618.05,1618.22,1618.05,1618.22,0.01,28.05,45199.0,1
2025-05-18,2025-05-18 14:55:00,1618.22,1618.38,1618.22,1618.38,0.01,28.05,45199.0,1
2025-05-18,2025-05-18 14:56:00,1618.38,1618.54,1618.38,1618.54,0.01,28.05,45199.0,1
2025-05-18,2025-05-18 14:57:00,1618.54,1618.7,1618.54,1618.7,0.01,28.05,45199.0,1
2025-05-18,2025-05-18 14:58:00,1618.7,1618.86,1618.7,1618.86,0.01,28.05,45199.0,1
2025-05-18,2025-05-18 14:59:00,1618.86,1619.02,1618.86,1619.02,0.01,28.05,45199.0,1
2025-05-18,2025-05-18 15:00:00,1619.02,1640.0,1580.4,1619.02,0.0,28.05,45199.0,0
2025-05-19,2025-05-19 11:00:00,1590.0,1608.0,1590.0,1590.11,0.01,11.36,18459.04,1
2025-05-19,2025-05-19 11:01:00,1590.11,1590.23,1590.11,1590.23,0.01,11.36,18459.04,1
2025-05-19,2025-05-19 11:02:00,1590.23,1590.34,1590.23,1590.34,0.01,11.36,18459.04,1
2025-05-19,2025-05-19 11:03:00,1590.34,1590.46,1590.34,1590.46,0.01,11.36,18459.04,1
2025-05-19,2025-05-19 11:04:00,1590.46,1590.57,1590.46,1590.57,0.01,11.36,18459.04,1
2025-05-19,2025-05-19 11:05:00,1590.57,1590.69,1590.57,1590.69,0.01,11.36,18459.04,1
2025-05-19,2025-05-19 11:06:00,1590.69,1590.8,1590.69,1590.8,0.01,11.36,18459.04,1
2025-05-19,2025-05-19 11:07:00,1590.8,1590.91,1590.8,1590.91,0.01,11.36,18459.04,1
2025-05-19,2025-05-19 11:08:00,1590.91,1591.03,1590.91,1591.03,0.01,11.36,18459.04,1
2025-05-19,2025-05-19 11:09:00,1591.03,1591.14,1591.03,1591.14,0.01,11.36,18459.04,1
2025-05-19,2025-05-19 11:10:00,1591.14,1591.26,1591.14,1591.26,0.01,11.36,18459.04,1
2025-05-19,2025-05-19 11:11:00,1591.26,1591.37,1591.26,1591.37,0.01,11.36,18459.04,1
2025-05-19,2025-05-19 11:12:00,1591.37,1591.49,1591.37,1591.49,0.01,11.36,18459.04,1
2025-05-19,2025-05-19 11:13:00,1591.49,1591.6,1591.49,1591.6,0.01,11.36,18459.04,1
2025-05-19,2025-05-19 11:14:00,1591.6,1591.71,1591.6,1591.71,0.01,11.36,18459.04,1
2025-05-19,2025-05-19 11:15:00,1591.71,1591.83,1591.71,1591.83,0.01,11.36,18459.04,1
2025-05-19,2025-05-19 11:16:00,1591.83,1591.94,1591.83,1591.94,0.01,11.36,18459.04,1
2025-05-19,2025-05-19 11:17:00,1591.94,1592.06,1591.94,1592.06,0.01,11.36,18459.04,1
2025-05-19,2025-05-19 11:18:00,1592.06,1592.17,1592.06,1592.17,0.01,11.36,18459.04,1
2025-05-19,2025-05-19 11:19:00,1592.17,1592.29,1592.17,1592.29,0.01,11.36,18459.04,1
2025-05-19,2025-05-19 11:20:00,1592.29,1592.4,1592.29,1592.4,0.01,11.36,18459.04,1
2025-05-19,2025-05-19 11:21:00,1592.4,1592.52,1592.4,1592.52,0.01,11.36,18459.04,1
2025-05-19,2025-05-19 11:22:00,1592.52,1592.63,1592.52,1592.63,0.01,11.36,18459.04,1
2025-05-19,2025-05-19 11:23:00,1592.63,1592.74,1592.63,1592.74,0.01,11.36,18459.04,1
2025-05-19,2025-05-19 11:24:00,1592.74,1592.86,1592.74,1592.86,0.01,11.36,18459.04,1
2025-05-19,2025-05-19 11:25:00,1592.86,1592.97,1592.86,1592.97,0.01,11.36,18459.04,1
2025-05-19,2025-05-19 11:26:00,1592.97,1593.09,1592.97,1593.09,0.01,11.36,18459.04,1
2025-05-19,2025-05-19 11:27:00,1593.09,1593.2,1593.09,1593.2,0.01,11.36,18459.04,1
2025-05-19,2025-05-19 11:28:00,1593.2,1593.32,1593.2,1593.32,0.01,11.36,18459.04,1
2025-05-19,2025-05-19 11:29:00,1593.32,1593.43,1593.32,1593.43,0.01,11.36,18459.04,1
2025-05-19,2025-05-19 11:30:00,1593.43,1593.54,1593.43,1593.54,0.01,11.36,18459.04,1
2025-05-19,2025-05-19 11:31:00,1593.54,1593.66,1593.54,1593.66,0.01,11.36,18459.04,1
2025-05-19,2025-05-19 11:32:00,1593.66,1593.77,1593.66,1593.77,0.01,11.36,18459.04,1
2025-05-19,2025-05-19 11:33:00,1593.77,1593.89,1593.77,1593.89,0.01,11.36,18459.04,1
2025-05-19,2025-05-19 11:34:00,1593.89,1594.0,1593.89,1594.0,0.01,11.36,18459.04,1
2025-05-19,2025-05-19 11:35:00,1594.0,1594.12,1594.0,1594.12,0.01,11.36,18459.04,1
2025-05-19,2025-05-19 11:36:00,1594.12,1594.23,1594.12,1594.23,0.01,11.36,18459.04,1
2025-05-19,2025-05-19 11:37:00,1594.23,1594.34,1594.23,1594.34,0.01,11.36,18459.04,1
2025-05-19,2025-05-19 11:38:00,1594.34,1594.46,1594.34,1594.46,0.01,11.36,18459.04,1
2025-05-19,2025-05-19 11:39:00,1594.46,1594.57,1594.46,1594.57,0.01,11.36,18459.04,1
2025-05-19,2025-05-19 11:40:00,1594.57,1594.69,1594.57,1594.69,0.01,11.36,18459.04,1
2025-05-19,2025-05-19 11:41:00,1594.69,1594.8,1594.69,1594.8,0.01,11.36,18459.04,1
2025-05-19,2025-05-19 11:42:00,1594.8,1594.92,1594.8,1594.92,0.01,11.36,18459.04,1
2025-05-19,2025-05-19 11:43:00,1594.92,1595.03,1594.92,1595.03,0.01,11.36,18459.04,1
2025-05-19,2025-05-19 11:44:00,1595.03,1595.14,1595.03,1595.14,0.01,11.36,18459.04,1
2025-05-19,2025-05-19 11:45:00,1595.14,1595.26,1595.14,1595.26,0.01,11.36,18459.04,1
2025-05-19,2025-05-19 11:46:00,1595.26,1595.37,1595.26,1595.37,0.01,11.36,18459.04,1
2025-05-19,2025-05-19 11:47:00,1595.37,1595.49,1595.37,1595.49,0.01,11.36,18459.04,1
2025-05-19,2025-05-19 11:48:00,1595.49,1595.6,1595.49,1595.6,0.01,11.36,18459.04,1
2025-05-19,2025-05-19 11:49:00,1595.6,1595.72,1595.6,1595.72,0.01,11.36,18459.04,1
2025-05-19,2025-05-19 11:50:00,1595.72,1595.83,1595.72,1595.83,0.01,11.36,18459.04,1
2025-05-19,2025-05-19 11:51:00,1595.83,1595.95,1595.83,1595.95,0.01,11.36,18459.04,1
2025-05-19,2025-05-19 11:52:00,1595.95,1596.06,1595.95,1596.06,0.01,11.36,18459.04,1
2025-05-19,2025-05-19 11:53:00,1596.06,1596.17,1596.06,1596.17,0.01,11.36,18459.04,1
2025-05-19,2025-05-19 11:54:00,1596.17,1596.29,1596.17,1596.29,0.01,11.36,18459.04,1
2025-05-19,2025-05-19 11:55:00,1596.29,1596.4,1596.29,1596.4,0.01,11.36,18459.04,1
2025-05-19,2025-05-19 11:56:00,1596.4,1596.52,1596.4,1596.52,0.01,11.36,18459.04,1
2025-05-19,2025-05-19 11:57:00,1596.52,1596.63,1596.52,1596.63,0.01,11.36,18459.04,1
2025-05-19,2025-05-19 11:58:00,1596.63,1596.75,1596.63,1596.75,0.01,11.36,18459.04,1
2025-05-19,2025-05-19 11:59:00,1596.75,1596.86,1596.75,1596.86,0.01,11.36,18459.04,1
2025-05-19,2025-05-19 12:00:00,1596.86,1596.97,1596.86,1596.97,0.01,11.36,18459.04,1
2025-05-19,2025-05-19 12:01:00,1596.97,1597.09,1596.97,1597.09,0.01,11.36,18459.04,1
2025-05-19,2025-05-19 12:02:00,1597.09,1597.2,1597.09,1597.2,0.01,11.36,18459.04,1
2025-05-19,2025-05-19 12:03:00,1597.2,1597.32,1597.2,1597.32,0.01,11.36,18459.04,1
2025-05-19,2025-05-19 12:04:00,1597.32,1597.43,1597.32,1597.43,0.01,11.36,18459.04,1
2025-05-19,2025-05-19 12:05:00,1597.43,1597.55,1597.43,1597.55,0.01,11.36,18459.04,1
2025-05-19,2025-05-19 12:06:00,1597.55,1597.66,1597.55,1597.66,0.01,11.36,18459.04,1
2025-05-19,2025-05-19 12:07:00,1597.66,1597.77,1597.66,1597.77,0.01,11.36,18459.04,1
2025-05-19,2025-05-19 12:08:00,1597.77,1597.89,1597.77,1597.89,0.01,11.36,18459.04,1
2025-05-19,2025-05-19 12:09:00,1597.89,1598.0,1597.89,1598.0,0.01,11.36,18459.04,1
2025-05-19,2025-05-19 12:10:00,1598.0,1598.12,1598.0,1598.12,0.01,11.36,18459.04,1
2025-05-19,2025-05-19 12:11:00,1598.12,1598.23,1598.12,1598.23,0.01,11.36,18459.04,1
2025-05-19,2025-05-19 12:12:00,1598.23,1598.35,1598.23,1598.35,0.01,11.36,18459.04,1
2025-05-19,2025-05-19 12:13:00,1598.35,1598.46,1598.35,1598.46,0.01,11.36,18459.04,1
2025-05-19,2025-05-19 12:14:00,1598.46,1598.58,1598.46,1598.58,0.01,11.36,18459.04,1
2025-05-19,2025-05-19 12:15:00,1598.58,1598.69,1598.58,1598.69,0.01,11.36,18459.04,1
2025-05-19,2025-05-19 12:16:00,1598.69,1598.8,1598.69,1598.8,0.01,11.36,18459.04,1
2025-05-19,2025-05-19 12:17:00,1598.8,1598.92,1598.8,1598.92,0.01,11.36,18459.04,1
2025-05-19,2025-05-19 12:18:00,1598.92,1599.03,1598.92,1599.03,0.01,11.36,18459.04,1
2025-05-19,2025-05-19 12:19:00,1599.03,1599.15,1599.03,1599.15,0.01,11.36,18459.04,1
2025-05-19,2025-05-19 12:20:00,1599.15,1599.26,1599.15,1599.26,0.01,11.36,18459.04,1
2025-05-19,2025-05-19 12:21:00,1599.26,1599.38,1599.26,1599.38,0.01,11.36,18459.04,1
2025-05-19,2025-05-19 12:22:00,1599.38,1599.49,1599.38,1599.49,0.01,11.36,18459.04,1
2025-05-19,2025-05-19 12:23:00,1599.49,1599.6,1599.49,1599.6,0.01,11.36,18459.04,1
2025-05-19,2025-05-19 12:24:00,1599.6,1599.72,1599.6,1599.72,0.01,11.36,18459.04,1
2025-05-19,2025-05-19 12:25:00,1599.72,1599.83,1599.72,1599.83,0.01,11.36,18459.04,1
2025-05-19,2025-05-19 12:26:00,1599.83,1599.95,1599.83,1599.95,0.01,11.36,18459.04,1
2025-05-19,2025-05-19 12:27:00,1599.95,1600.06,1599.95,1600.06,0.01,11.36,18459.04,1
2025-05-19,2025-05-19 12:28:00,1600.06,1600.18,1600.06,1600.18,0.01,11.36,18459.04,1
2025-05-19,2025-05-19 12:29:00,1600.18,1600.29,1600.18,1600.29,0.01,11.36,18459.04,1
2025-05-19,2025-05-19 12:30:00,1600.29,1600.4,1600.29,1600.4,0.01,11.36,18459.04,1
2025-05-19,2025-05-19 12:31:00,1600.4,1600.52,1600.4,1600.52,0.01,11.36,18459.04,1
2025-05-19,2025-05-19 12:32:00,1600.52,1600.63,1600.52,1600.63,0.01,11.36,18459.04,1
2025-05-19,2025-05-19 12:33:00,1600.63,1600.75,1600.63,1600.75,0.01,11.36,18459.04,1
2025-05-19,2025-05-19 12:34:00,1600.75,1600.86,1600.75,1600.86,0.01,11.36,18459.04,1
2025-05-19,2025-05-19 12:35:00,1600.86,1600.98,1600.86,1600.98,0.01,11.36,18459.04,1
2025-05-19,2025-05-19 12:36:00,1600.98,1601.09,1600.98,1601.09,0.01,11.36,18459.04,1
2025-05-19,2025-05-19 12:37:00,1601.09,1601.2,1601.09,1601.2,0.01,11.36,18459.04,1
2025-05-19,2025-05-19 12:38:00,1601.2,1601.32,1601.2,1601.32,0.01,11.36,18459.04,1
2025-05-19,2025-05-19 12:39:00,1601.32,1601.43,1601.32,1601.43,0.01,11.36,18459.04,1
2025-05-19,2025-05-19 12:40:00,1601.43,1601.55,1601.43,1601.55,0.01,11.36,18459.04,1
2025-05-19,2025-05-19 12:41:00,1601.55,1601.66,1601.55,1601.66,0.01,11.36,18459.04,1
2025-05-19,2025-05-19 12:42:00,1601.66,1601.78,1601.66,1601.78,0.01,11.36,18459.04,1
2025-05-19,2025-05-19 12:43:00,1601.78,1601.89,1601.78,1601.89,0.01,11.36,18459.04,1
2025-05-19,2025-05-19 12:44:00,1601.89,1602.01,1601.89,1602.01,0.01,11.36,18459.04,1
2025-05-19,2025-05-19 12:45:00,1602.01,1602.12,1602.01,1602.12,0.01,11.36,18459.04,1
2025-05-19,2025-05-19 12:46:00,1602.12,1602.23,1602.12,1602.23,0.01,11.36,18459.04,1
2025-05-19,2025-05-19 12:47:00,1602.23,1602.35,1602.23,1602.35,0.01,11.36,18459.04,1
2025-05-19,2025-05-19 12:48:00,1602.35,1602.46,1602.35,1602.46,0.01,11.36,18459.04,1
2025-05-19,2025-05-19 12:49:00,1602.46,1602.58,1602.46,1602.58,0.01,11.36,18459.04,1
2025-05-19,2025-05-19 12:50:00,1602.58,1602.69,1602.58,1602.69,0.01,11.36,18459.04,1
2025-05-19,2025-05-19 12:51:00,1602.69,1602.81,1602.69,1602.81,0.01,11.36,18459.04,1
2025-05-19,2025-05-19 12:52:00,1602.81,1602.92,1602.81,1602.92,0.01,11.36,18459.04,1
2025-05-19,2025-05-19 12:53:00,1602.92,1603.03,1602.92,1603.03,0.01,11.36,18459.04,1
2025-05-19,2025-05-19 12:54:00,1603.03,1603.15,1603.03,1603.15,0.01,11.36,18459.04,1
2025-05-19,2025-05-19 12:55:00,1603.15,1603.26,1603.15,1603.26,0.01,11.36,18459.04,1
2025-05-19,2025-05-19 12:56:00,1603.26,1603.38,1603.26,1603.38,0.01,11.36,18459.04,1
2025-05-19,2025-05-19 12:57:00,1603.38,1603.49,1603.38,1603.49,0.01,11.36,18459.04,1
2025-05-19,2025-05-19 12:58:00,1603.49,1603.61,1603.49,1603.61,0.01,11.36,18459.04,1
2025-05-19,2025-05-19 12:59:00,1603.61,1603.72,1603.61,1603.72,0.01,11.36,18459.04,1
2025-05-19,2025-05-19 13:00:00,1603.72,1650.0,1590.0,1603.83,0.01,11.36,18459.04,1
2025-05-19,2025-05-19 13:01:00,1603.83,1603.95,1603.83,1603.95,0.01,11.36,18459.04,1
2025-05-19,2025-05-19 13:02:00,1603.95,1604.06,1603.95,1604.06,0.01,11.36,18459.04,1
2025-05-19,2025-05-19 13:03:00,1604.06,1604.18,1604.06,1604.18,0.01,11.36,18459.04,1
2025-05-19,2025-05-19 13:04:00,1604.18,1604.29,1604.18,1604.29,0.01,11.36,18459.04,1
2025-05-19,2025-05-19 13:05:00,1604.29,1604.41,1604.29,1604.41,0.01,11.36,18459.04,1
2025-05-19,2025-05-19 13:06:00,1604.41,1604.52,1604.41,1604.52,0.01,11.36,18459.04,1
2025-05-19,2025-05-19 13:07:00,1604.52,1604.63,1604.52,1604.63,0.01,11.36,18459.04,1
2025-05-19,2025-05-19 13:08:00,1604.63,1604.75,1604.63,1604.75,0.01,11.36,18459.04,1
2025-05-19,2025-05-19 13:09:00,1604.75,1604.86,1604.75,1604.86,0.01,11.36,18459.04,1
2025-05-19,2025-05-19 13:10:00,1604.86,1604.98,1604.86,1604.98,0.01,11.36,18459.04,1
2025-05-19,2025-05-19 13:11:00,1604.98,1605.09,1604.98,1605.09,0.01,11.36,18459.04,1
2025-05-19,2025-05-19 13:12:00,1605.09,1605.21,1605.09,1605.21,0.01,11.36,18459.04,1
2025-05-19,2025-05-19 13:13:00,1605.21,1605.32,1605.21,1605.32,0.01,11.36,18459.04,1
2025-05-19,2025-05-19 13:14:00,1605.32,1605.43,1605.32,1605.43,0.01,11.36,18459.04,1
2025-05-19,2025-05-19 13:15:00,1605.43,1605.55,1605.43,1605.55,0.01,11.36,18459.04,1
2025-05-19,2025-05-19 13:16:00,1605.55,1605.66,1605.55,1605.66,0.01,11.36,18459.04,1
2025-05-19,2025-05-19 13:17:00,1605.66,1605.78,1605.66,1605.78,0.01,11.36,18459.04,1
2025-05-19,2025-05-19 13:18:00,1605.78,1605.89,1605.78,1605.89,0.01,11.36,18459.04,1
2025-05-19,2025-05-19 13:19:00,1605.89,1606.01,1605.89,1606.01,0.01,11.36,18459.04,1
2025-05-19,2025-05-19 13:20:00,1606.01,1606.12,1606.01,1606.12,0.01,11.36,18459.04,1
2025-05-19,2025-05-19 13:21:00,1606.12,1606.24,1606.12,1606.24,0.01,11.36,18459.04,1
2025-05-19,2025-05-19 13:22:00,1606.24,1606.35,1606.24,1606.35,0.01,11.36,18459.04,1
2025-05-19,2025-05-19 13:23:00,1606.35,1606.46,1606.35,1606.46,0.01,11.36,18459.04,1
2025-05-19,2025-05-19 13:24:00,1606.46,1606.58,1606.46,1606.58,0.01,11.36,18459.04,1
2025-05-19,2025-05-19 13:25:00,1606.58,1606.69,1606.58,1606.69,0.01,11.36,18459.04,1
2025-05-19,2025-05-19 13:26:00,1606.69,1606.81,1606.69,1606.81,0.01,11.36,18459.04,1
2025-05-19,2025-05-19 13:27:00,1606.81,1606.92,1606.81,1606.92,0.01,11.36,18459.04,1
2025-05-19,2025-05-19 13:28:00,1606.92,1607.04,1606.92,1607.04,0.01,11.36,18459.04,1
2025-05-19,2025-05-19 13:29:00,1607.04,1607.15,1607.04,1607.15,0.01,11.36,18459.04,1
2025-05-19,2025-05-19 13:30:00,1607.15,1607.26,1607.15,1607.26,0.01,11.36,18459.04,1
2025-05-19,2025-05-19 13:31:00,1607.26,1607.38,1607.26,1607.38,0.01,11.36,18459.04,1
2025-05-19,2025-05-19 13:32:00,1607.38,1607.49,1607.38,1607.49,0.01,11.36,18459.04,1
2025-05-19,2025-05-19 13:33:00,1607.49,1607.61,1607.49,1607.61,0.01,11.36,18459.04,1
2025-05-19,2025-05-19 13:34:00,1607.61,1607.72,1607.61,1607.72,0.01,11.36,18459.04,1
2025-05-19,2025-05-19 13:35:00,1607.72,1607.84,1607.72,1607.84,0.01,11.36,18459.04,1
2025-05-19,2025-05-19 13:36:00,1607.84,1607.95,1607.84,1607.95,0.01,11.36,18459.04,1
2025-05-19,2025-05-19 13:37:00,1607.95,1608.06,1607.95,1608.06,0.01,11.36,18459.04,1
2025-05-19,2025-05-19 13:38:00,1608.06,1608.18,1608.06,1608.18,0.01,11.36,18459.04,1
2025-05-19,2025-05-19 13:39:00,1608.18,1608.29,1608.18,1608.29,0.01,11.36,18459.04,1
2025-05-19,2025-05-19 13:40:00,1608.29,1608.41,1608.29,1608.41,0.01,11.36,18459.04,1
2025-05-19,2025-05-19 13:41:00,1608.41,1608.52,1608.41,1608.52,0.01,11.36,18459.04,1
2025-05-19,2025-05-19 13:42:00,1608.52,1608.64,1608.52,1608.64,0.01,11.36,18459.04,1
2025-05-19,2025-05-19 13:43:00,1608.64,1608.75,1608.64,1608.75,0.01,11.36,18459.04,1
2025-05-19,2025-05-19 13:44:00,1608.75,1608.87,1608.75,1608.87,0.01,11.36,18459.04,1
2025-05-19,2025-05-19 13:45:00,1608.87,1608.98,1608.87,1608.98,0.01,11.36,18459.04,1
2025-05-19,2025-05-19 13:46:00,1608.98,1609.09,1608.98,1609.09,0.01,11.36,18459.04,1
2025-05-19,2025-05-19 13:47:00,1609.09,1609.21,1609.09,1609.21,0.01,11.36,18459.04,1
2025-05-19,2025-05-19 13:48:00,1609.21,1609.32,1609.21,1609.32,0.01,11.36,18459.04,1
2025-05-19,2025-05-19 13:49:00,1609.32,1609.44,1609.32,1609.44,0.01,11.36,18459.04,1
2025-05-19,2025-05-19 13:50:00,1609.44,1609.55,1609.44,1609.55,0.01,11.36,18459.04,1
2025-05-19,2025-05-19 13:51:00,1609.55,1609.67,1609.55,1609.67,0.01,11.36,18459.04,1
2025-05-19,2025-05-19 13:52:00,1609.67,1609.78,1609.67,1609.78,0.01,11.36,18459.04,1
2025-05-19,2025-05-19 13:53:00,1609.78,1609.89,1609.78,1609.89,0.01,11.36,18459.04,1
2025-05-19,2025-05-19 13:54:00,1609.89,1610.01,1609.89,1610.01,0.01,11.36,18459.04,1
2025-05-19,2025-05-19 13:55:00,1610.01,1610.12,1610.01,1610.12,0.01,11.36,18459.04,1
2025-05-19,2025-05-19 13:56:00,1610.12,1610.24,1610.12,1610.24,0.01,11.36,18459.04,1
2025-05-19,2025-05-19 13:57:00,1610.24,1610.35,1610.24,1610.35,0.01,11.36,18459.04,1
2025-05-19,2025-05-19 13:58:00,1610.35,1610.47,1610.35,1610.47,0.01,11.36,18459.04,1
2025-05-19,2025-05-19 13:59:00,1610.47,1610.58,1610.47,1610.58,0.01,11.36,18459.04,1
2025-05-19,2025-05-19 14:00:00,1610.58,1610.69,1610.58,1610.69,0.01,11.36,18459.04,1
2025-05-19,2025-05-19 14:01:00,1610.69,1610.81,1610.69,1610.81,0.01,11.36,18459.04,1
2025-05-19,2025-05-19 14:02:00,1610.81,1610.92,1610.81,1610.92,0.01,11.36,18459.04,1
2025-05-19,2025-05-19 14:03:00,1610.92,1611.04,1610.92,1611.04,0.01,11.36,18459.04,1
2025-05-19,2025-05-19 14:04:00,1611.04,1611.15,1611.04,1611.15,0.01,11.36,18459.04,1
2025-05-19,2025-05-19 14:05:00,1611.15,1611.27,1611.15,1611.27,0.01,11.36,18459.04,1
2025-05-19,2025-05-19 14:06:00,1611.27,1611.38,1611.27,1611.38,0.01,11.36,18459.04,1
2025-05-19,2025-05-19 14:07:00,1611.38,1611.49,1611.38,1611.49,0.01,11.36,18459.04,1
2025-05-19,2025-05-19 14:08:00,1611.49,1611.61,1611.49,1611.61,0.01,11.36,18459.04,1
2025-05-19,2025-05-19 14:09:00,1611.61,1611.72,1611.61,1611.72,0.01,11.36,18459.04,1
2025-05-19,2025-05-19 14:10:00,1611.72,1611.84,1611.72,1611.84,0.01,11.36,18459.04,1
2025-05-19,2025-05-19 14:11:00,1611.84,1611.95,1611.84,1611.95,0.01,11.36,18459.04,1
2025-05-19,2025-05-19 14:12:00,1611.95,1612.07,1611.95,1612.07,0.01,11.36,18459.04,1
2025-05-19,2025-05-19 14:13:00,1612.07,1612.18,1612.07,1612.18,0.01,11.36,18459.04,1
2025-05-19,2025-05-19 14:14:00,1612.18,1612.3,1612.18,1612.3,0.01,11.36,18459.04,1
2025-05-19,2025-05-19 14:15:00,1612.3,1612.41,1612.3,1612.41,0.01,11.36,18459.04,1
2025-05-19,2025-05-19 14:16:00,1612.41,1612.52,1612.41,1612.52,0.01,11.36,18459.04,1
2025-05-19,2025-05-19 14:17:00,1612.52,1612.64,1612.52,1612.64,0.01,11.36,18459.04,1
2025-05-19,2025-05-19 14:18:00,1612.64,1612.75,1612.64,1612.75,0.01,11.36,18459.04,1
2025-05-19,2025-05-19 14:19:00,1612.75,1612.87,1612.75,1612.87,0.01,11.36,18459.04,1
2025-05-19,2025-05-19 14:20:00,1612.87,1612.98,1612.87,1612.98,0.01,11.36,18459.04,1
2025-05-19,2025-05-19 14:21:00,1612.98,1613.1,1612.98,1613.1,0.01,11.36,18459.04,1
2025-05-19,2025-05-19 14:22:00,1613.1,1613.21,1613.1,1613.21,0.01,11.36,18459.04,1
2025-05-19,2025-05-19 14:23:00,1613.21,1613.32,1613.21,1613.32,0.01,11.36,18459.04,1
2025-05-19,2025-05-19 14:24:00,1613.32,1613.44,1613.32,1613.44,0.01,11.36,18459.04,1
2025-05-19,2025-05-19 14:25:00,1613.44,1613.55,1613.44,1613.55,0.01,11.36,18459.04,1
2025-05-19,2025-05-19 14:26:00,1613.55,1613.67,1613.55,1613.67,0.01,11.36,18459.04,1
2025-05-19,2025-05-19 14:27:00,1613.67,1613.78,1613.67,1613.78,0.01,11.36,18459.04,1
2025-05-19,2025-05-19 14:28:00,1613.78,1613.9,1613.78,1613.9,0.01,11.36,18459.04,1
2025-05-19,2025-05-19 14:29:00,1613.9,1614.01,1613.9,1614.01,0.01,11.36,18459.04,1
2025-05-19,2025-05-19 14:30:00,1614.01,1614.12,1614.01,1614.12,0.01,11.36,18459.04,1
2025-05-19,2025-05-19 14:31:00,1614.12,1614.24,1614.12,1614.24,0.01,11.36,18459.04,1
2025-05-19,2025-05-19 14:32:00,1614.24,1614.35,1614.24,1614.35,0.01,11.36,18459.04,1
2025-05-19,2025-05-19 14:33:00,1614.35,1614.47,1614.35,1614.47,0.01,11.36,18459.04,1
2025-05-19,2025-05-19 14:34:00,1614.47,1614.58,1614.47,1614.58,0.01,11.36,18459.04,1
2025-05-19,2025-05-19 14:35:00,1614.58,1614.7,1614.58,1614.7,0.01,11.36,18459.04,1
2025-05-19,2025-05-19 14:36:00,1614.7,1614.81,1614.7,1614.81,0.01,11.36,18459.04,1
2025-05-19,2025-05-19 14:37:00,1614.81,1614.92,1614.81,1614.92,0.01,11.36,18459.04,1
2025-05-19,2025-05-19 14:38:00,1614.92,1615.04,1614.92,1615.04,0.01,11.36,18459.04,1
2025-05-19,2025-05-19 14:39:00,1615.04,1615.15,1615.04,1615.15,0.01,11.36,18459.04,1
2025-05-19,2025-05-19 14:40:00,1615.15,1615.27,1615.15,1615.27,0.01,11.36,18459.04,1
2025-05-19,2025-05-19 14:41:00,1615.27,1615.38,1615.27,1615.38,0.01,11.36,18459.04,1
2025-05-19,2025-05-19 14:42:00,1615.38,1615.5,1615.38,1615.5,0.01,11.36,18459.04,1
2025-05-19,2025-05-19 14:43:00,1615.5,1615.61,1615.5,1615.61,0.01,11.36,18459.04,1
2025-05-19,2025-05-19 14:44:00,1615.61,1615.73,1615.61,1615.73,0.01,11.36,18459.04,1
2025-05-19,2025-05-19 14:45:00,1615.73,1615.84,1615.73,1615.84,0.01,11.36,18459.04,1
2025-05-19,2025-05-19 14:46:00,1615.84,1615.95,1615.84,1615.95,0.01,11.36,18459.04,1
2025-05-19,2025-05-19 14:47:00,1615.95,1616.07,1615.95,1616.07,0.01,11.36,18459.04,1
2025-05-19,2025-05-19 14:48:00,1616.07,1616.18,1616.07,1616.18,0.01,11.36,18459.04,1
2025-05-19,2025-05-19 14:49:00,1616.18,1616.3,1616.18,1616.3,0.01,11.36,18459.04,1
2025-05-19,2025-05-19 14:50:00,1616.3,1616.41,1616.3,1616.41,0.01,11.36,18459.04,1
2025-05-19,2025-05-19 14:51:00,1616.41,1616.53,1616.41,1616.53,0.01,11.36,18459.04,1
2025-05-19,2025-05-19 14:52:00,1616.53,1616.64,1616.53,1616.64,0.01,11.36,18459.04,1
2025-05-19,2025-05-19 14:53:00,1616.64,1616.75,1616.64,1616.75,0.01,11.36,18459.04,1
2025-05-19,2025-05-19 14:54:00,1616.75,1616.87,1616.75,1616.87,0.01,11.36,18459.04,1
2025-05-19,2025-05-19 14:55:00,1616.87,1616.98,1616.87,1616.98,0.01,11.36,18459.04,1
2025-05-19,2025-05-19 14:56:00,1616.98,1617.1,1616.98,1617.1,0.01,11.36,18459.04,1
2025-05-19,2025-05-19 14:57:00,1617.1,1617.21,1617.1,1617.21,0.01,11.36,18459.04,1
2025-05-19,2025-05-19 14:58:00,1617.21,1617.33,1617.21,1617.33,0.01,11.36,18459.04,1
2025-05-19,2025-05-19 14:59:00,1617.33,1617.44,1617.33,1617.44,0.01,11.36,18459.04,1
2025-05-19,2025-05-19 15:00:00,1617.44,1650.0,1590.0,1617.44,0.0,11.36,18459.04,0
2025-05-20,2025-05-20 11:00:00,1606.0,1615.6,1604.86,1606.12,0.01,10.21,16639.82,1
2025-05-20,2025-05-20 11:01:00,1606.12,1606.23,1606.12,1606.23,0.01,10.21,16639.82,1
2025-05-20,2025-05-20 11:02:00,1606.23,1606.35,1606.23,1606.35,0.01,10.21,16639.82,1
2025-05-20,2025-05-20 11:03:00,1606.35,1606.46,1606.35,1606.46,0.01,10.21,16639.82,1
2025-05-20,2025-05-20 11:04:00,1606.46,1606.58,1606.46,1606.58,0.01,10.21,16639.82,1
2025-05-20,2025-05-20 11:05:00,1606.58,1606.69,1606.58,1606.69,0.01,10.21,16639.82,1
2025-05-20,2025-05-20 11:06:00,1606.69,1606.81,1606.69,1606.81,0.01,10.21,16639.82,1
2025-05-20,2025-05-20 11:07:00,1606.81,1606.92,1606.81,1606.92,0.01,10.21,16639.82,1
2025-05-20,2025-05-20 11:08:00,1606.92,1607.04,1606.92,1607.04,0.01,10.21,16639.82,1
2025-05-20,2025-05-20 11:09:00,1607.04,1607.15,1607.04,1607.15,0.01,10.21,16639.82,1
2025-05-20,2025-05-20 11:10:00,1607.15,1607.27,1607.15,1607.27,0.01,10.21,16639.82,1
2025-05-20,2025-05-20 11:11:00,1607.27,1607.38,1607.27,1607.38,0.01,10.21,16639.82,1
2025-05-20,2025-05-20 11:12:00,1607.38,1607.5,1607.38,1607.5,0.01,10.21,16639.82,1
2025-05-20,2025-05-20 11:13:00,1607.5,1607.61,1607.5,1607.61,0.01,10.21,16639.82,1
2025-05-20,2025-05-20 11:14:00,1607.61,1607.73,1607.61,1607.73,0.01,10.21,16639.82,1
2025-05-20,2025-05-20 11:15:00,1607.73,1607.84,1607.73,1607.84,0.01,10.21,16639.82,1
2025-05-20,2025-05-20 11:16:00,1607.84,1607.96,1607.84,1607.96,0.01,10.21,16639.82,1
2025-05-20,2025-05-20 11:17:00,1607.96,1608.07,1607.96,1608.07,0.01,10.21,16639.82,1
2025-05-20,2025-05-20 11:18:00,1608.07,1608.19,1608.07,1608.19,0.01,10.21,16639.82,1
2025-05-20,2025-05-20 11:19:00,1608.19,1608.31,1608.19,1608.31,0.01,10.21,16639.82,1
2025-05-20,2025-05-20 11:20:00,1608.31,1608.42,1608.31,1608.42,0.01,10.21,16639.82,1
2025-05-20,2025-05-20 11:21:00,1608.42,1608.54,1608.42,1608.54,0.01,10.21,16639.82,1
2025-05-20,2025-05-20 11:22:00,1608.54,1608.65,1608.54,1608.65,0.01,10.21,16639.82,1
2025-05-20,2025-05-20 11:23:00,1608.65,1608.77,1608.65,1608.77,0.01,10.21,16639.82,1
2025-05-20,2025-05-20 11:24:00,1608.77,1608.88,1608.77,1608.88,0.01,10.21,16639.82,1
2025-05-20,2025-05-20 11:25:00,1608.88,1609.0,1608.88,1609.0,0.01,10.21,16639.82,1
2025-05-20,2025-05-20 11:26:00,1609.0,1609.11,1609.0,1609.11,0.01,10.21,16639.82,1
2025-05-20,2025-05-20 11:27:00,1609.11,1609.23,1609.11,1609.23,0.01,10.21,16639.82,1
2025-05-20,2025-05-20 11:28:00,1609.23,1609.34,1609.23,1609.34,0.01,10.21,16639.82,1
2025-05-20,2025-05-20 11:29:00,1609.34,1609.46,1609.34,1609.46,0.01,10.21,16639.82,1
2025-05-20,2025-05-20 11:30:00,1609.46,1609.57,1609.46,1609.57,0.01,10.21,16639.82,1
2025-05-20,2025-05-20 11:31:00,1609.57,1609.69,1609.57,1609.69,0.01,10.21,16639.82,1
2025-05-20,2025-05-20 11:32:00,1609.69,1609.8,1609.69,1609.8,0.01,10.21,16639.82,1
2025-05-20,2025-05-20 11:33:00,1609.8,1609.92,1609.8,1609.92,0.01,10.21,16639.82,1
2025-05-20,2025-05-20 11:34:00,1609.92,1610.03,1609.92,1610.03,0.01,10.21,16639.82,1
2025-05-20,2025-05-20 11:35:00,1610.03,1610.15,1610.03,1610.15,0.01,10.21,16639.82,1
2025-05-20,2025-05-20 11:36:00,1610.15,1610.26,1610.15,1610.26,0.01,10.21,16639.82,1
2025-05-20,2025-05-20 11:37:00,1610.26,1610.38,1610.26,1610.38,0.01,10.21,16639.82,1
2025-05-20,2025-05-20 11:38:00,1610.38,1610.49,1610.38,1610.49,0.01,10.21,16639.82,1
2025-05-20,2025-05-20 11:39:00,1610.49,1610.61,1610.49,1610.61,0.01,10.21,16639.82,1
2025-05-20,2025-05-20 11:40:00,1610.61,1610.73,1610.61,1610.73,0.01,10.21,16639.82,1
2025-05-20,2025-05-20 11:41:00,1610.73,1610.84,1610.73,1610.84,0.01,10.21,16639.82,1
2025-05-20,2025-05-20 11:42:00,1610.84,1610.96,1610.84,1610.96,0.01,10.21,16639.82,1
2025-05-20,2025-05-20 11:43:00,1610.96,1611.07,1610.96,1611.07,0.01,10.21,16639.82,1
2025-05-20,2025-05-20 11:44:00,1611.07,1611.19,1611.07,1611.19,0.01,10.21,16639.82,1
2025-05-20,2025-05-20 11:45:00,1611.19,1611.3,1611.19,1611.3,0.01,10.21,16639.82,1
2025-05-20,2025-05-20 11:46:00,1611.3,1611.42,1611.3,1611.42,0.01,10.21,16639.82,1
2025-05-20,2025-05-20 11:47:00,1611.42,1611.53,1611.42,1611.53,0.01,10.21,16639.82,1
2025-05-20,2025-05-20 11:48:00,1611.53,1611.65,1611.53,1611.65,0.01,10.21,16639.82,1
2025-05-20,2025-05-20 11:49:00,1611.65,1611.76,1611.65,1611.76,0.01,10.21,16639.82,1
2025-05-20,2025-05-20 11:50:00,1611.76,1611.88,1611.76,1611.88,0.01,10.21,16639.82,1
2025-05-20,2025-05-20 11:51:00,1611.88,1611.99,1611.88,1611.99,0.01,10.21,16639.82,1
2025-05-20,2025-05-20 11:52:00,1611.99,1612.11,1611.99,1612.11,0.01,10.21,16639.82,1
2025-05-20,2025-05-20 11:53:00,1612.11,1612.22,1612.11,1612.22,0.01,10.21,16639.82,1
2025-05-20,2025-05-20 11:54:00,1612.22,1612.34,1612.22,1612.34,0.01,10.21,16639.82,1
2025-05-20,2025-05-20 11:55:00,1612.34,1612.45,1612.34,1612.45,0.01,10.21,16639.82,1
2025-05-20,2025-05-20 11:56:00,1612.45,1612.57,1612.45,1612.57,0.01,10.21,16639.82,1
2025-05-20,2025-05-20 11:57:00,1612.57,1612.68,1612.57,1612.68,0.01,10.21,16639.82,1
2025-05-20,2025-05-20 11:58:00,1612.68,1612.8,1612.68,1612.8,0.01,10.21,16639.82,1
2025-05-20,2025-05-20 11:59:00,1612.8,1612.91,1612.8,1612.91,0.01,10.21,16639.82,1
2025-05-20,2025-05-20 12:00:00,1612.91,1613.03,1612.91,1613.03,0.01,10.21,16639.82,1
2025-05-20,2025-05-20 12:01:00,1613.03,1613.15,1613.03,1613.15,0.01,10.21,16639.82,1
2025-05-20,2025-05-20 12:02:00,1613.15,1613.26,1613.15,1613.26,0.01,10.21,16639.82,1
2025-05-20,2025-05-20 12:03:00,1613.26,1613.38,1613.26,1613.38,0.01,10.21,16639.82,1
2025-05-20,2025-05-20 12:04:00,1613.38,1613.49,1613.38,1613.49,0.01,10.21,16639.82,1
2025-05-20,2025-05-20 12:05:00,1613.49,1613.61,1613.49,1613.61,0.01,10.21,16639.82,1
2025-05-20,2025-05-20 12:06:00,1613.61,1613.72,1613.61,1613.72,0.01,10.21,16639.82,1
2025-05-20,2025-05-20 12:07:00,1613.72,1613.84,1613.72,1613.84,0.01,10.21,16639.82,1
2025-05-20,2025-05-20 12:08:00,1613.84,1613.95,1613.84,1613.95,0.01,10.21,16639.82,1
2025-05-20,2025-05-20 12:09:00,1613.95,1614.07,1613.95,1614.07,0.01,10.21,16639.82,1
2025-05-20,2025-05-20 12:10:00,1614.07,1614.18,1614.07,1614.18,0.01,10.21,16639.82,1
2025-05-20,2025-05-20 12:11:00,1614.18,1614.3,1614.18,1614.3,0.01,10.21,16639.82,1
2025-05-20,2025-05-20 12:12:00,1614.3,1614.41,1614.3,1614.41,0.01,10.21,16639.82,1
2025-05-20,2025-05-20 12:13:00,1614.41,1614.53,1614.41,1614.53,0.01,10.21,16639.82,1
2025-05-20,2025-05-20 12:14:00,1614.53,1614.64,1614.53,1614.64,0.01,10.21,16639.82,1
2025-05-20,2025-05-20 12:15:00,1614.64,1614.76,1614.64,1614.76,0.01,10.21,16639.82,1
2025-05-20,2025-05-20 12:16:00,1614.76,1614.87,1614.76,1614.87,0.01,10.21,16639.82,1
2025-05-20,2025-05-20 12:17:00,1614.87,1614.99,1614.87,1614.99,0.01,10.21,16639.82,1
2025-05-20,2025-05-20 12:18:00,1614.99,1615.1,1614.99,1615.1,0.01,10.21,16639.82,1
2025-05-20,2025-05-20 12:19:00,1615.1,1615.22,1615.1,1615.22,0.01,10.21,16639.82,1
2025-05-20,2025-05-20 12:20:00,1615.22,1615.34,1615.22,1615.34,0.01,10.21,16639.82,1
2025-05-20,2025-05-20 12:21:00,1615.34,1615.45,1615.34,1615.45,0.01,10.21,16639.82,1
2025-05-20,2025-05-20 12:22:00,1615.45,1615.57,1615.45,1615.57,0.01,10.21,16639.82,1
2025-05-20,2025-05-20 12:23:00,1615.57,1615.68,1615.57,1615.68,0.01,10.21,16639.82,1
2025-05-20,2025-05-20 12:24:00,1615.68,1615.8,1615.68,1615.8,0.01,10.21,16639.82,1
2025-05-20,2025-05-20 12:25:00,1615.8,1615.91,1615.8,1615.91,0.01,10.21,16639.82,1
2025-05-20,2025-05-20 12:26:00,1615.91,1616.03,1615.91,1616.03,0.01,10.21,16639.82,1
2025-05-20,2025-05-20 12:27:00,1616.03,1616.14,1616.03,1616.14,0.01,10.21,16639.82,1
2025-05-20,2025-05-20 12:28:00,1616.14,1616.26,1616.14,1616.26,0.01,10.21,16639.82,1
2025-05-20,2025-05-20 12:29:00,1616.26,1616.37,1616.26,1616.37,0.01,10.21,16639.82,1
2025-05-20,2025-05-20 12:30:00,1616.37,1616.49,1616.37,1616.49,0.01,10.21,16639.82,1
2025-05-20,2025-05-20 12:31:00,1616.49,1616.6,1616.49,1616.6,0.01,10.21,16639.82,1
2025-05-20,2025-05-20 12:32:00,1616.6,1616.72,1616.6,1616.72,0.01,10.21,16639.82,1
2025-05-20,2025-05-20 12:33:00,1616.72,1616.83,1616.72,1616.83,0.01,10.21,16639.82,1
2025-05-20,2025-05-20 12:34:00,1616.83,1616.95,1616.83,1616.95,0.01,10.21,16639.82,1
2025-05-20,2025-05-20 12:35:00,1616.95,1617.06,1616.95,1617.06,0.01,10.21,16639.82,1
2025-05-20,2025-05-20 12:36:00,1617.06,1617.18,1617.06,1617.18,0.01,10.21,16639.82,1
2025-05-20,2025-05-20 12:37:00,1617.18,1617.29,1617.18,1617.29,0.01,10.21,16639.82,1
2025-05-20,2025-05-20 12:38:00,1617.29,1617.41,1617.29,1617.41,0.01,10.21,16639.82,1
2025-05-20,2025-05-20 12:39:00,1617.41,1617.53,1617.41,1617.53,0.01,10.21,16639.82,1
2025-05-20,2025-05-20 12:40:00,1617.53,1617.64,1617.53,1617.64,0.01,10.21,16639.82,1
2025-05-20,2025-05-20 12:41:00,1617.64,1617.76,1617.64,1617.76,0.01,10.21,16639.82,1
2025-05-20,2025-05-20 12:42:00,1617.76,1617.87,1617.76,1617.87,0.01,10.21,16639.82,1
2025-05-20,2025-05-20 12:43:00,1617.87,1617.99,1617.87,1617.99,0.01,10.21,16639.82,1
2025-05-20,2025-05-20 12:44:00,1617.99,1618.1,1617.99,1618.1,0.01,10.21,16639.82,1
2025-05-20,2025-05-20 12:45:00,1618.1,1618.22,1618.1,1618.22,0.01,10.21,16639.82,1
2025-05-20,2025-05-20 12:46:00,1618.22,1618.33,1618.22,1618.33,0.01,10.21,16639.82,1
2025-05-20,2025-05-20 12:47:00,1618.33,1618.45,1618.33,1618.45,0.01,10.21,16639.82,1
2025-05-20,2025-05-20 12:48:00,1618.45,1618.56,1618.45,1618.56,0.01,10.21,16639.82,1
2025-05-20,2025-05-20 12:49:00,1618.56,1618.68,1618.56,1618.68,0.01,10.21,16639.82,1
2025-05-20,2025-05-20 12:50:00,1618.68,1618.79,1618.68,1618.79,0.01,10.21,16639.82,1
2025-05-20,2025-05-20 12:51:00,1618.79,1618.91,1618.79,1618.91,0.01,10.21,16639.82,1
2025-05-20,2025-05-20 12:52:00,1618.91,1619.02,1618.91,1619.02,0.01,10.21,16639.82,1
2025-05-20,2025-05-20 12:53:00,1619.02,1619.14,1619.02,1619.14,0.01,10.21,16639.82,1
2025-05-20,2025-05-20 12:54:00,1619.14,1619.25,1619.14,1619.25,0.01,10.21,16639.82,1
2025-05-20,2025-05-20 12:55:00,1619.25,1619.37,1619.25,1619.37,0.01,10.21,16639.82,1
2025-05-20,2025-05-20 12:56:00,1619.37,1619.48,1619.37,1619.48,0.01,10.21,16639.82,1
2025-05-20,2025-05-20 12:57:00,1619.48,1619.6,1619.48,1619.6,0.01,10.21,16639.82,1
2025-05-20,2025-05-20 12:58:00,1619.6,1619.71,1619.6,1619.71,0.01,10.21,16639.82,1
2025-05-20,2025-05-20 12:59:00,1619.71,1619.83,1619.71,1619.83,0.01,10.21,16639.82,1
2025-05-20,2025-05-20 13:00:00,1619.83,1638.0,1602.2,1619.95,0.01,10.21,16639.82,1
2025-05-20,2025-05-20 13:01:00,1619.95,1620.06,1619.95,1620.06,0.01,10.21,16639.82,1
2025-05-20,2025-05-20 13:02:00,1620.06,1620.18,1620.06,1620.18,0.01,10.21,16639.82,1
2025-05-20,2025-05-20 13:03:00,1620.18,1620.29,1620.18,1620.29,0.01,10.21,16639.82,1
2025-05-20,2025-05-20 13:04:00,1620.29,1620.41,1620.29,1620.41,0.01,10.21,16639.82,1
2025-05-20,2025-05-20 13:05:00,1620.41,1620.52,1620.41,1620.52,0.01,10.21,16639.82,1
2025-05-20,2025-05-20 13:06:00,1620.52,1620.64,1620.52,1620.64,0.01,10.21,16639.82,1
2025-05-20,2025-05-20 13:07:00,1620.64,1620.75,1620.64,1620.75,0.01,10.21,16639.82,1
2025-05-20,2025-05-20 13:08:00,1620.75,1620.87,1620.75,1620.87,0.01,10.21,16639.82,1
2025-05-20,2025-05-20 13:09:00,1620.87,1620.98,1620.87,1620.98,0.01,10.21,16639.82,1
2025-05-20,2025-05-20 13:10:00,1620.98,1621.1,1620.98,1621.1,0.01,10.21,16639.82,1
2025-05-20,2025-05-20 13:11:00,1621.1,1621.21,1621.1,1621.21,0.01,10.21,16639.82,1
2025-05-20,2025-05-20 13:12:00,1621.21,1621.33,1621.21,1621.33,0.01,10.21,16639.82,1
2025-05-20,2025-05-20 13:13:00,1621.33,1621.44,1621.33,1621.44,0.01,10.21,16639.82,1
2025-05-20,2025-05-20 13:14:00,1621.44,1621.56,1621.44,1621.56,0.01,10.21,16639.82,1
2025-05-20,2025-05-20 13:15:00,1621.56,1621.67,1621.56,1621.67,0.01,10.21,16639.82,1
2025-05-20,2025-05-20 13:16:00,1621.67,1621.79,1621.67,1621.79,0.01,10.21,16639.82,1
2025-05-20,2025-05-20 13:17:00,1621.79,1621.9,1621.79,1621.9,0.01,10.21,16639.82,1
2025-05-20,2025-05-20 13:18:00,1621.9,1622.02,1621.9,1622.02,0.01,10.21,16639.82,1
2025-05-20,2025-05-20 13:19:00,1622.02,1622.13,1622.02,1622.13,0.01,10.21,16639.82,1
2025-05-20,2025-05-20 13:20:00,1622.13,1622.25,1622.13,1622.25,0.01,10.21,16639.82,1
2025-05-20,2025-05-20 13:21:00,1622.25,1622.37,1622.25,1622.37,0.01,10.21,16639.82,1
2025-05-20,2025-05-20 13:22:00,1622.37,1622.48,1622.37,1622.48,0.01,10.21,16639.82,1
2025-05-20,2025-05-20 13:23:00,1622.48,1622.6,1622.48,1622.6,0.01,10.21,16639.82,1
2025-05-20,2025-05-20 13:24:00,1622.6,1622.71,1622.6,1622.71,0.01,10.21,16639.82,1
2025-05-20,2025-05-20 13:25:00,1622.71,1622.83,1622.71,1622.83,0.01,10.21,16639.82,1
2025-05-20,2025-05-20 13:26:00,1622.83,1622.94,1622.83,1622.94,0.01,10.21,16639.82,1
2025-05-20,2025-05-20 13:27:00,1622.94,1623.06,1622.94,1623.06,0.01,10.21,16639.82,1
2025-05-20,2025-05-20 13:28:00,1623.06,1623.17,1623.06,1623.17,0.01,10.21,16639.82,1
2025-05-20,2025-05-20 13:29:00,1623.17,1623.29,1623.17,1623.29,0.01,10.21,16639.82,1
2025-05-20,2025-05-20 13:30:00,1623.29,1623.4,1623.29,1623.4,0.01,10.21,16639.82,1
2025-05-20,2025-05-20 13:31:00,1623.4,1623.52,1623.4,1623.52,0.01,10.21,16639.82,1
2025-05-20,2025-05-20 13:32:00,1623.52,1623.63,1623.52,1623.63,0.01,10.21,16639.82,1
2025-05-20,2025-05-20 13:33:00,1623.63,1623.75,1623.63,1623.75,0.01,10.21,16639.82,1
2025-05-20,2025-05-20 13:34:00,1623.75,1623.86,1623.75,1623.86,0.01,10.21,16639.82,1
2025-05-20,2025-05-20 13:35:00,1623.86,1623.98,1623.86,1623.98,0.01,10.21,16639.82,1
2025-05-20,2025-05-20 13:36:00,1623.98,1624.09,1623.98,1624.09,0.01,10.21,16639.82,1
2025-05-20,2025-05-20 13:37:00,1624.09,1624.21,1624.09,1624.21,0.01,10.21,16639.82,1
2025-05-20,2025-05-20 13:38:00,1624.21,1624.32,1624.21,1624.32,0.01,10.21,16639.82,1
2025-05-20,2025-05-20 13:39:00,1624.32,1624.44,1624.32,1624.44,0.01,10.21,16639.82,1
2025-05-20,2025-05-20 13:40:00,1624.44,1624.56,1624.44,1624.56,0.01,10.21,16639.82,1
2025-05-20,2025-05-20 13:41:00,1624.56,1624.67,1624.56,1624.67,0.01,10.21,16639.82,1
2025-05-20,2025-05-20 13:42:00,1624.67,1624.79,1624.67,1624.79,0.01,10.21,16639.82,1
2025-05-20,2025-05-20 13:43:00,1624.79,1624.9,1624.79,1624.9,0.01,10.21,16639.82,1
2025-05-20,2025-05-20 13:44:00,1624.9,1625.02,1624.9,1625.02,0.01,10.21,16639.82,1
2025-05-20,2025-05-20 13:45:00,1625.02,1625.13,1625.02,1625.13,0.01,10.21,16639.82,1
2025-05-20,2025-05-20 13:46:00,1625.13,1625.25,1625.13,1625.25,0.01,10.21,16639.82,1
2025-05-20,2025-05-20 13:47:00,1625.25,1625.36,1625.25,1625.36,0.01,10.21,16639.82,1
2025-05-20,2025-05-20 13:48:00,1625.36,1625.48,1625.36,1625.48,0.01,10.21,16639.82,1
2025-05-20,2025-05-20 13:49:00,1625.48,1625.59,1625.48,1625.59,0.01,10.21,16639.82,1
2025-05-20,2025-05-20 13:50:00,1625.59,1625.71,1625.59,1625.71,0.01,10.21,16639.82,1
2025-05-20,2025-05-20 13:51:00,1625.71,1625.82,1625.71,1625.82,0.01,10.21,16639.82,1
2025-05-20,2025-05-20 13:52:00,1625.82,1625.94,1625.82,1625.94,0.01,10.21,16639.82,1
2025-05-20,2025-05-20 13:53:00,1625.94,1626.05,1625.94,1626.05,0.01,10.21,16639.82,1
2025-05-20,2025-05-20 13:54:00,1626.05,1626.17,1626.05,1626.17,0.01,10.21,16639.82,1
2025-05-20,2025-05-20 13:55:00,1626.17,1626.28,1626.17,1626.28,0.01,10.21,16639.82,1
2025-05-20,2025-05-20 13:56:00,1626.28,1626.4,1626.28,1626.4,0.01,10.21,16639.82,1
2025-05-20,2025-05-20 13:57:00,1626.4,1626.51,1626.4,1626.51,0.01,10.21,16639.82,1
2025-05-20,2025-05-20 13:58:00,1626.51,1626.63,1626.51,1626.63,0.01,10.21,16639.82,1
2025-05-20,2025-05-20 13:59:00,1626.63,1626.75,1626.63,1626.75,0.01,10.21,16639.82,1
2025-05-20,2025-05-20 14:00:00,1626.75,1626.86,1626.75,1626.86,0.01,10.21,16639.82,1
2025-05-20,2025-05-20 14:01:00,1626.86,1626.98,1626.86,1626.98,0.01,10.21,16639.82,1
2025-05-20,2025-05-20 14:02:00,1626.98,1627.09,1626.98,1627.09,0.01,10.21,16639.82,1
2025-05-20,2025-05-20 14:03:00,1627.09,1627.21,1627.09,1627.21,0.01,10.21,16639.82,1
2025-05-20,2025-05-20 14:04:00,1627.21,1627.32,1627.21,1627.32,0.01,10.21,16639.82,1
2025-05-20,2025-05-20 14:05:00,1627.32,1627.44,1627.32,1627.44,0.01,10.21,16639.82,1
2025-05-20,2025-05-20 14:06:00,1627.44,1627.55,1627.44,1627.55,0.01,10.21,16639.82,1
2025-05-20,2025-05-20 14:07:00,1627.55,1627.67,1627.55,1627.67,0.01,10.21,16639.82,1
2025-05-20,2025-05-20 14:08:00,1627.67,1627.78,1627.67,1627.78,0.01,10.21,16639.82,1
2025-05-20,2025-05-20 14:09:00,1627.78,1627.9,1627.78,1627.9,0.01,10.21,16639.82,1
2025-05-20,2025-05-20 14:10:00,1627.9,1628.01,1627.9,1628.01,0.01,10.21,16639.82,1
2025-05-20,2025-05-20 14:11:00,1628.01,1628.13,1628.01,1628.13,0.01,10.21,16639.82,1
2025-05-20,2025-05-20 14:12:00,1628.13,1628.24,1628.13,1628.24,0.01,10.21,16639.82,1
2025-05-20,2025-05-20 14:13:00,1628.24,1628.36,1628.24,1628.36,0.01,10.21,16639.82,1
2025-05-20,2025-05-20 14:14:00,1628.36,1628.47,1628.36,1628.47,0.01,10.21,16639.82,1
2025-05-20,2025-05-20 14:15:00,1628.47,1628.59,1628.47,1628.59,0.01,10.21,16639.82,1
2025-05-20,2025-05-20 14:16:00,1628.59,1628.7,1628.59,1628.7,0.01,10.21,16639.82,1
2025-05-20,2025-05-20 14:17:00,1628.7,1628.82,1628.7,1628.82,0.01,10.21,16639.82,1
2025-05-20,2025-05-20 14:18:00,1628.82,1628.93,1628.82,1628.93,0.01,10.21,16639.82,1
2025-05-20,2025-05-20 14:19:00,1628.93,1629.05,1628.93,1629.05,0.01,10.21,16639.82,1
2025-05-20,2025-05-20 14:20:00,1629.05,1629.17,1629.05,1629.17,0.01,10.21,16639.82,1
2025-05-20,2025-05-20 14:21:00,1629.17,1629.28,1629.17,1629.28,0.01,10.21,16639.82,1
2025-05-20,2025-05-20 14:22:00,1629.28,1629.4,1629.28,1629.4,0.01,10.21,16639.82,1
2025-05-20,2025-05-20 14:23:00,1629.4,1629.51,1629.4,1629.51,0.01,10.21,16639.82,1
2025-05-20,2025-05-20 14:24:00,1629.51,1629.63,1629.51,1629.63,0.01,10.21,16639.82,1
2025-05-20,2025-05-20 14:25:00,1629.63,1629.74,1629.63,1629.74,0.01,10.21,16639.82,1
2025-05-20,2025-05-20 14:26:00,1629.74,1629.86,1629.74,1629.86,0.01,10.21,16639.82,1
2025-05-20,2025-05-20 14:27:00,1629.86,1629.97,1629.86,1629.97,0.01,10.21,16639.82,1
2025-05-20,2025-05-20 14:28:00,1629.97,1630.09,1629.97,1630.09,0.01,10.21,16639.82,1
2025-05-20,2025-05-20 14:29:00,1630.09,1630.2,1630.09,1630.2,0.01,10.21,16639.82,1
2025-05-20,2025-05-20 14:30:00,1630.2,1630.32,1630.2,1630.32,0.01,10.21,16639.82,1
2025-05-20,2025-05-20 14:31:00,1630.32,1630.43,1630.32,1630.43,0.01,10.21,16639.82,1
2025-05-20,2025-05-20 14:32:00,1630.43,1630.55,1630.43,1630.55,0.01,10.21,16639.82,1
2025-05-20,2025-05-20 14:33:00,1630.55,1630.66,1630.55,1630.66,0.01,10.21,16639.82,1
2025-05-20,2025-05-20 14:34:00,1630.66,1630.78,1630.66,1630.78,0.01,10.21,16639.82,1
2025-05-20,2025-05-20 14:35:00,1630.78,1630.89,1630.78,1630.89,0.01,10.21,16639.82,1
2025-05-20,2025-05-20 14:36:00,1630.89,1631.01,1630.89,1631.01,0.01,10.21,16639.82,1
2025-05-20,2025-05-20 14:37:00,1631.01,1631.12,1631.01,1631.12,0.01,10.21,16639.82,1
2025-05-20,2025-05-20 14:38:00,1631.12,1631.24,1631.12,1631.24,0.01,10.21,16639.82,1
2025-05-20,2025-05-20 14:39:00,1631.24,1631.36,1631.24,1631.36,0.01,10.21,16639.82,1
2025-05-20,2025-05-20 14:40:00,1631.36,1631.47,1631.36,1631.47,0.01,10.21,16639.82,1
2025-05-20,2025-05-20 14:41:00,1631.47,1631.59,1631.47,1631.59,0.01,10.21,16639.82,1
2025-05-20,2025-05-20 14:42:00,1631.59,1631.7,1631.59,1631.7,0.01,10.21,16639.82,1
2025-05-20,2025-05-20 14:43:00,1631.7,1631.82,1631.7,1631.82,0.01,10.21,16639.82,1
2025-05-20,2025-05-20 14:44:00,1631.82,1631.93,1631.82,1631.93,0.01,10.21,16639.82,1
2025-05-20,2025-05-20 14:45:00,1631.93,1632.05,1631.93,1632.05,0.01,10.21,16639.82,1
2025-05-20,2025-05-20 14:46:00,1632.05,1632.16,1632.05,1632.16,0.01,10.21,16639.82,1
2025-05-20,2025-05-20 14:47:00,1632.16,1632.28,1632.16,1632.28,0.01,10.21,16639.82,1
2025-05-20,2025-05-20 14:48:00,1632.28,1632.39,1632.28,1632.39,0.01,10.21,16639.82,1
2025-05-20,2025-05-20 14:49:00,1632.39,1632.51,1632.39,1632.51,0.01,10.21,16639.82,1
2025-05-20,2025-05-20 14:50:00,1632.51,1632.62,1632.51,1632.62,0.01,10.21,16639.82,1
2025-05-20,2025-05-20 14:51:00,1632.62,1632.74,1632.62,1632.74,0.01,10.21,16639.82,1
2025-05-20,2025-05-20 14:52:00,1632.74,1632.85,1632.74,1632.85,0.01,10.21,16639.82,1
2025-05-20,2025-05-20 14:53:00,1632.85,1632.97,1632.85,1632.97,0.01,10.21,16639.82,1
2025-05-20,2025-05-20 14:54:00,1632.97,1633.08,1632.97,1633.08,0.01,10.21,16639.82,1
2025-05-20,2025-05-20 14:55:00,1633.08,1633.2,1633.08,1633.2,0.01,10.21,16639.82,1
2025-05-20,2025-05-20 14:56:00,1633.2,1633.31,1633.2,1633.31,0.01,10.21,16639.82,1
2025-05-20,2025-05-20 14:57:00,1633.31,1633.43,1633.31,1633.43,0.01,10.21,16639.82,1
2025-05-20,2025-05-20 14:58:00,1633.43,1633.54,1633.43,1633.54,0.01,10.21,16639.82,1
2025-05-20,2025-05-20 14:59:00,1633.54,1633.66,1633.54,1633.66,0.01,10.21,16639.82,1
2025-05-20,2025-05-20 15:00:00,1633.66,1638.0,1602.2,1633.66,0.0,10.21,16639.82,0
2025-05-21,2025-05-21 11:00:00,1666.3,1670.41,1648.36,1666.07,-0.01,23.22,37753.79,-1
2025-05-21,2025-05-21 11:01:00,1666.07,1666.07,1665.84,1665.84,-0.01,23.22,37753.79,-1
2025-05-21,2025-05-21 11:02:00,1665.84,1665.84,1665.61,1665.61,-0.01,23.22,37753.79,-1
2025-05-21,2025-05-21 11:03:00,1665.61,1665.61,1665.38,1665.38,-0.01,23.22,37753.79,-1
2025-05-21,2025-05-21 11:04:00,1665.38,1665.38,1665.15,1665.15,-0.01,23.22,37753.79,-1
2025-05-21,2025-05-21 11:05:00,1665.15,1665.15,1664.92,1664.92,-0.01,23.22,37753.79,-1
2025-05-21,2025-05-21 11:06:00,1664.92,1664.92,1664.69,1664.69,-0.01,23.22,37753.79,-1
2025-05-21,2025-05-21 11:07:00,1664.69,1664.69,1664.46,1664.46,-0.01,23.22,37753.79,-1
2025-05-21,2025-05-21 11:08:00,1664.46,1664.46,1664.23,1664.23,-0.01,23.22,37753.79,-1
2025-05-21,2025-05-21 11:09:00,1664.23,1664.23,1664.0,1664.0,-0.01,23.22,37753.79,-1
2025-05-21,2025-05-21 11:10:00,1664.0,1664.0,1663.77,1663.77,-0.01,23.22,37753.79,-1
2025-05-21,2025-05-21 11:11:00,1663.77,1663.77,1663.54,1663.54,-0.01,23.22,37753.79,-1
2025-05-21,2025-05-21 11:12:00,1663.54,1663.54,1663.31,1663.31,-0.01,23.22,37753.79,-1
2025-05-21,2025-05-21 11:13:00,1663.31,1663.31,1663.08,1663.08,-0.01,23.22,37753.79,-1
2025-05-21,2025-05-21 11:14:00,1663.08,1663.08,1662.85,1662.85,-0.01,23.22,37753.79,-1
2025-05-21,2025-05-21 11:15:00,1662.85,1662.85,1662.62,1662.62,-0.01,23.22,37753.79,-1
2025-05-21,2025-05-21 11:16:00,1662.62,1662.62,1662.39,1662.39,-0.01,23.22,37753.79,-1
2025-05-21,2025-05-21 11:17:00,1662.39,1662.39,1662.16,1662.16,-0.01,23.22,37753.79,-1
2025-05-21,2025-05-21 11:18:00,1662.16,1662.16,1661.93,1661.93,-0.01,23.22,37753.79,-1
2025-05-21,2025-05-21 11:19:00,1661.93,1661.93,1661.69,1661.69,-0.01,23.22,37753.79,-1
2025-05-21,2025-05-21 11:20:00,1661.69,1661.69,1661.46,1661.46,-0.01,23.22,37753.79,-1
2025-05-21,2025-05-21 11:21:00,1661.46,1661.46,1661.23,1661.23,-0.01,23.22,37753.79,-1
2025-05-21,2025-05-21 11:22:00,1661.23,1661.23,1661.0,1661.0,-0.01,23.22,37753.79,-1
2025-05-21,2025-05-21 11:23:00,1661.0,1661.0,1660.77,1660.77,-0.01,23.22,37753.79,-1
2025-05-21,2025-05-21 11:24:00,1660.77,1660.77,1660.54,1660.54,-0.01,23.22,37753.79,-1
2025-05-21,2025-05-21 11:25:00,1660.54,1660.54,1660.31,1660.31,-0.01,23.22,37753.79,-1
2025-05-21,2025-05-21 11:26:00,1660.31,1660.31,1660.08,1660.08,-0.01,23.22,37753.79,-1
2025-05-21,2025-05-21 11:27:00,1660.08,1660.08,1659.85,1659.85,-0.01,23.22,37753.79,-1
2025-05-21,2025-05-21 11:28:00,1659.85,1659.85,1659.62,1659.62,-0.01,23.22,37753.79,-1
2025-05-21,2025-05-21 11:29:00,1659.62,1659.62,1659.39,1659.39,-0.01,23.22,37753.79,-1
2025-05-21,2025-05-21 11:30:00,1659.39,1659.39,1659.16,1659.16,-0.01,23.22,37753.79,-1
2025-05-21,2025-05-21 11:31:00,1659.16,1659.16,1658.93,1658.93,-0.01,23.22,37753.79,-1
2025-05-21,2025-05-21 11:32:00,1658.93,1658.93,1658.7,1658.7,-0.01,23.22,37753.79,-1
2025-05-21,2025-05-21 11:33:00,1658.7,1658.7,1658.47,1658.47,-0.01,23.22,37753.79,-1
2025-05-21,2025-05-21 11:34:00,1658.47,1658.47,1658.24,1658.24,-0.01,23.22,37753.79,-1
2025-05-21,2025-05-21 11:35:00,1658.24,1658.24,1658.01,1658.01,-0.01,23.22,37753.79,-1
2025-05-21,2025-05-21 11:36:00,1658.01,1658.01,1657.78,1657.78,-0.01,23.22,37753.79,-1
2025-05-21,2025-05-21 11:37:00,1657.78,1657.78,1657.55,1657.55,-0.01,23.22,37753.79,-1
2025-05-21,2025-05-21 11:38:00,1657.55,1657.55,1657.32,1657.32,-0.01,23.22,37753.79,-1
2025-05-21,2025-05-21 11:39:00,1657.32,1657.32,1657.09,1657.09,-0.01,23.22,37753.79,-1
2025-05-21,2025-05-21 11:40:00,1657.09,1657.09,1656.86,1656.86,-0.01,23.22,37753.79,-1
2025-05-21,2025-05-21 11:41:00,1656.86,1656.86,1656.63,1656.63,-0.01,23.22,37753.79,-1
2025-05-21,2025-05-21 11:42:00,1656.63,1656.63,1656.4,1656.4,-0.01,23.22,37753.79,-1
2025-05-21,2025-05-21 11:43:00,1656.4,1656.4,1656.17,1656.17,-0.01,23.22,37753.79,-1
2025-05-21,2025-05-21 11:44:00,1656.17,1656.17,1655.94,1655.94,-0.01,23.22,37753.79,-1
2025-05-21,2025-05-21 11:45:00,1655.94,1655.94,1655.71,1655.71,-0.01,23.22,37753.79,-1
2025-05-21,2025-05-21 11:46:00,1655.71,1655.71,1655.48,1655.48,-0.01,23.22,37753.79,-1
2025-05-21,2025-05-21 11:47:00,1655.48,1655.48,1655.25,1655.25,-0.01,23.22,37753.79,-1
2025-05-21,2025-05-21 11:48:00,1655.25,1655.25,1655.02,1655.02,-0.01,23.22,37753.79,-1
2025-05-21,2025-05-21 11:49:00,1655.02,1655.02,1654.79,1654.79,-0.01,23.22,37753.79,-1
2025-05-21,2025-05-21 11:50:00,1654.79,1654.79,1654.56,1654.56,-0.01,23.22,37753.79,-1
2025-05-21,2025-05-21 11:51:00,1654.56,1654.56,1654.33,1654.33,-0.01,23.22,37753.79,-1
2025-05-21,2025-05-21 11:52:00,1654.33,1654.33,1654.1,1654.1,-0.01,23.22,37753.79,-1
2025-05-21,2025-05-21 11:53:00,1654.1,1654.1,1653.87,1653.87,-0.01,23.22,37753.79,-1
2025-05-21,2025-05-21 11:54:00,1653.87,1653.87,1653.64,1653.64,-0.01,23.22,37753.79,-1
2025-05-21,2025-05-21 11:55:00,1653.64,1653.64,1653.41,1653.41,-0.01,23.22,37753.79,-1
2025-05-21,2025-05-21 11:56:00,1653.41,1653.41,1653.18,1653.18,-0.01,23.22,37753.79,-1
2025-05-21,2025-05-21 11:57:00,1653.18,1653.18,1652.95,1652.95,-0.01,23.22,37753.79,-1
2025-05-21,2025-05-21 11:58:00,1652.95,1652.95,1652.72,1652.72,-0.01,23.22,37753.79,-1
2025-05-21,2025-05-21 11:59:00,1652.72,1652.72,1652.48,1652.48,-0.01,23.22,37753.79,-1
2025-05-21,2025-05-21 12:00:00,1652.48,1652.48,1652.25,1652.25,-0.01,23.22,37753.79,-1
2025-05-21,2025-05-21 12:01:00,1652.25,1652.25,1652.02,1652.02,-0.01,23.22,37753.79,-1
2025-05-21,2025-05-21 12:02:00,1652.02,1652.02,1651.79,1651.79,-0.01,23.22,37753.79,-1
2025-05-21,2025-05-21 12:03:00,1651.79,1651.79,1651.56,1651.56,-0.01,23.22,37753.79,-1
2025-05-21,2025-05-21 12:04:00,1651.56,1651.56,1651.33,1651.33,-0.01,23.22,37753.79,-1
2025-05-21,2025-05-21 12:05:00,1651.33,1651.33,1651.1,1651.1,-0.01,23.22,37753.79,-1
2025-05-21,2025-05-21 12:06:00,1651.1,1651.1,1650.87,1650.87,-0.01,23.22,37753.79,-1
2025-05-21,2025-05-21 12:07:00,1650.87,1650.87,1650.64,1650.64,-0.01,23.22,37753.79,-1
2025-05-21,2025-05-21 12:08:00,1650.64,1650.64,1650.41,1650.41,-0.01,23.22,37753.79,-1
2025-05-21,2025-05-21 12:09:00,1650.41,1650.41,1650.18,1650.18,-0.01,23.22,37753.79,-1
2025-05-21,2025-05-21 12:10:00,1650.18,1650.18,1649.95,1649.95,-0.01,23.22,37753.79,-1
2025-05-21,2025-05-21 12:11:00,1649.95,1649.95,1649.72,1649.72,-0.01,23.22,37753.79,-1
2025-05-21,2025-05-21 12:12:00,1649.72,1649.72,1649.49,1649.49,-0.01,23.22,37753.79,-1
2025-05-21,2025-05-21 12:13:00,1649.49,1649.49,1649.26,1649.26,-0.01,23.22,37753.79,-1
2025-05-21,2025-05-21 12:14:00,1649.26,1649.26,1649.03,1649.03,-0.01,23.22,37753.79,-1
2025-05-21,2025-05-21 12:15:00,1649.03,1649.03,1648.8,1648.8,-0.01,23.22,37753.79,-1
2025-05-21,2025-05-21 12:16:00,1648.8,1648.8,1648.57,1648.57,-0.01,23.22,37753.79,-1
2025-05-21,2025-05-21 12:17:00,1648.57,1648.57,1648.34,1648.34,-0.01,23.22,37753.79,-1
2025-05-21,2025-05-21 12:18:00,1648.34,1648.34,1648.11,1648.11,-0.01,23.22,37753.79,-1
2025-05-21,2025-05-21 12:19:00,1648.11,1648.11,1647.88,1647.88,-0.01,23.22,37753.79,-1
2025-05-21,2025-05-21 12:20:00,1647.88,1647.88,1647.65,1647.65,-0.01,23.22,37753.79,-1
2025-05-21,2025-05-21 12:21:00,1647.65,1647.65,1647.42,1647.42,-0.01,23.22,37753.79,-1
2025-05-21,2025-05-21 12:22:00,1647.42,1647.42,1647.19,1647.19,-0.01,23.22,37753.79,-1
2025-05-21,2025-05-21 12:23:00,1647.19,1647.19,1646.96,1646.96,-0.01,23.22,37753.79,-1
2025-05-21,2025-05-21 12:24:00,1646.96,1646.96,1646.73,1646.73,-0.01,23.22,37753.79,-1
2025-05-21,2025-05-21 12:25:00,1646.73,1646.73,1646.5,1646.5,-0.01,23.22,37753.79,-1
2025-05-21,2025-05-21 12:26:00,1646.5,1646.5,1646.27,1646.27,-0.01,23.22,37753.79,-1
2025-05-21,2025-05-21 12:27:00,1646.27,1646.27,1646.04,1646.04,-0.01,23.22,37753.79,-1
2025-05-21,2025-05-21 12:28:00,1646.04,1646.04,1645.81,1645.81,-0.01,23.22,37753.79,-1
2025-05-21,2025-05-21 12:29:00,1645.81,1645.81,1645.58,1645.58,-0.01,23.22,37753.79,-1
2025-05-21,2025-05-21 12:30:00,1645.58,1645.58,1645.35,1645.35,-0.01,23.22,37753.79,-1
2025-05-21,2025-05-21 12:31:00,1645.35,1645.35,1645.12,1645.12,-0.01,23.22,37753.79,-1
2025-05-21,2025-05-21 12:32:00,1645.12,1645.12,1644.89,1644.89,-0.01,23.22,37753.79,-1
2025-05-21,2025-05-21 12:33:00,1644.89,1644.89,1644.66,1644.66,-0.01,23.22,37753.79,-1
2025-05-21,2025-05-21 12:34:00,1644.66,1644.66,1644.43,1644.43,-0.01,23.22,37753.79,-1
2025-05-21,2025-05-21 12:35:00,1644.43,1644.43,1644.2,1644.2,-0.01,23.22,37753.79,-1
2025-05-21,2025-05-21 12:36:00,1644.2,1644.2,1643.97,1643.97,-0.01,23.22,37753.79,-1
2025-05-21,2025-05-21 12:37:00,1643.97,1643.97,1643.74,1643.74,-0.01,23.22,37753.79,-1
2025-05-21,2025-05-21 12:38:00,1643.74,1643.74,1643.51,1643.51,-0.01,23.22,37753.79,-1
2025-05-21,2025-05-21 12:39:00,1643.51,1643.51,1643.27,1643.27,-0.01,23.22,37753.79,-1
2025-05-21,2025-05-21 12:40:00,1643.27,1643.27,1643.04,1643.04,-0.01,23.22,37753.79,-1
2025-05-21,2025-05-21 12:41:00,1643.04,1643.04,1642.81,1642.81,-0.01,23.22,37753.79,-1
2025-05-21,2025-05-21 12:42:00,1642.81,1642.81,1642.58,1642.58,-0.01,23.22,37753.79,-1
2025-05-21,2025-05-21 12:43:00,1642.58,1642.58,1642.35,1642.35,-0.01,23.22,37753.79,-1
2025-05-21,2025-05-21 12:44:00,1642.35,1642.35,1642.12,1642.12,-0.01,23.22,37753.79,-1
2025-05-21,2025-05-21 12:45:00,1642.12,1642.12,1641.89,1641.89,-0.01,23.22,37753.79,-1
2025-05-21,2025-05-21 12:46:00,1641.89,1641.89,1641.66,1641.66,-0.01,23.22,37753.79,-1
2025-05-21,2025-05-21 12:47:00,1641.66,1641.66,1641.43,1641.43,-0.01,23.22,37753.79,-1
2025-05-21,2025-05-21 12:48:00,1641.43,1641.43,1641.2,1641.2,-0.01,23.22,37753.79,-1
2025-05-21,2025-05-21 12:49:00,1641.2,1641.2,1640.97,1640.97,-0.01,23.22,37753.79,-1
2025-05-21,2025-05-21 12:50:00,1640.97,1640.97,1640.74,1640.74,-0.01,23.22,37753.79,-1
2025-05-21,2025-05-21 12:51:00,1640.74,1640.74,1640.51,1640.51,-0.01,23.22,37753.79,-1
2025-05-21,2025-05-21 12:52:00,1640.51,1640.51,1640.28,1640.28,-0.01,23.22,37753.79,-1
2025-05-21,2025-05-21 12:53:00,1640.28,1640.28,1640.05,1640.05,-0.01,23.22,37753.79,-1
2025-05-21,2025-05-21 12:54:00,1640.05,1640.05,1639.82,1639.82,-0.01,23.22,37753.79,-1
2025-05-21,2025-05-21 12:55:00,1639.82,1639.82,1639.59,1639.59,-0.01,23.22,37753.79,-1
2025-05-21,2025-05-21 12:56:00,1639.59,1639.59,1639.36,1639.36,-0.01,23.22,37753.79,-1
2025-05-21,2025-05-21 12:57:00,1639.36,1639.36,1639.13,1639.13,-0.01,23.22,37753.79,-1
2025-05-21,2025-05-21 12:58:00,1639.13,1639.13,1638.9,1638.9,-0.01,23.22,37753.79,-1
2025-05-21,2025-05-21 12:59:00,1638.9,1638.9,1638.67,1638.67,-0.01,23.22,37753.79,-1
2025-05-21,2025-05-21 13:00:00,1638.67,1680.0,1606.5,1638.44,-0.01,23.22,37753.79,-1
2025-05-21,2025-05-21 13:01:00,1638.44,1638.44,1638.21,1638.21,-0.01,23.22,37753.79,-1
2025-05-21,2025-05-21 13:02:00,1638.21,1638.21,1637.98,1637.98,-0.01,23.22,37753.79,-1
2025-05-21,2025-05-21 13:03:00,1637.98,1637.98,1637.75,1637.75,-0.01,23.22,37753.79,-1
2025-05-21,2025-05-21 13:04:00,1637.75,1637.75,1637.52,1637.52,-0.01,23.22,37753.79,-1
2025-05-21,2025-05-21 13:05:00,1637.52,1637.52,1637.29,1637.29,-0.01,23.22,37753.79,-1
2025-05-21,2025-05-21 13:06:00,1637.29,1637.29,1637.06,1637.06,-0.01,23.22,37753.79,-1
2025-05-21,2025-05-21 13:07:00,1637.06,1637.06,1636.83,1636.83,-0.01,23.22,37753.79,-1
2025-05-21,2025-05-21 13:08:00,1636.83,1636.83,1636.6,1636.6,-0.01,23.22,37753.79,-1
2025-05-21,2025-05-21 13:09:00,1636.6,1636.6,1636.37,1636.37,-0.01,23.22,37753.79,-1
2025-05-21,2025-05-21 13:10:00,1636.37,1636.37,1636.14,1636.14,-0.01,23.22,37753.79,-1
2025-05-21,2025-05-21 13:11:00,1636.14,1636.14,1635.91,1635.91,-0.01,23.22,37753.79,-1
2025-05-21,2025-05-21 13:12:00,1635.91,1635.91,1635.68,1635.68,-0.01,23.22,37753.79,-1
2025-05-21,2025-05-21 13:13:00,1635.68,1635.68,1635.45,1635.45,-0.01,23.22,37753.79,-1
2025-05-21,2025-05-21 13:14:00,1635.45,1635.45,1635.22,1635.22,-0.01,23.22,37753.79,-1
2025-05-21,2025-05-21 13:15:00,1635.22,1635.22,1634.99,1634.99,-0.01,23.22,37753.79,-1
2025-05-21,2025-05-21 13:16:00,1634.99,1634.99,1634.76,1634.76,-0.01,23.22,37753.79,-1
2025-05-21,2025-05-21 13:17:00,1634.76,1634.76,1634.53,1634.53,-0.01,23.22,37753.79,-1
2025-05-21,2025-05-21 13:18:00,1634.53,1634.53,1634.3,1634.3,-0.01,23.22,37753.79,-1
2025-05-21,2025-05-21 13:19:00,1634.3,1634.3,1634.07,1634.07,-0.01,23.22,37753.79,-1
2025-05-21,2025-05-21 13:20:00,1634.07,1634.07,1633.83,1633.83,-0.01,23.22,37753.79,-1
2025-05-21,2025-05-21 13:21:00,1633.83,1633.83,1633.6,1633.6,-0.01,23.22,37753.79,-1
2025-05-21,2025-05-21 13:22:00,1633.6,1633.6,1633.37,1633.37,-0.01,23.22,37753.79,-1
2025-05-21,2025-05-21 13:23:00,1633.37,1633.37,1633.14,1633.14,-0.01,23.22,37753.79,-1
2025-05-21,2025-05-21 13:24:00,1633.14,1633.14,1632.91,1632.91,-0.01,23.22,37753.79,-1
2025-05-21,2025-05-21 13:25:00,1632.91,1632.91,1632.68,1632.68,-0.01,23.22,37753.79,-1
2025-05-21,2025-05-21 13:26:00,1632.68,1632.68,1632.45,1632.45,-0.01,23.22,37753.79,-1
2025-05-21,2025-05-21 13:27:00,1632.45,1632.45,1632.22,1632.22,-0.01,23.22,37753.79,-1
2025-05-21,2025-05-21 13:28:00,1632.22,1632.22,1631.99,1631.99,-0.01,23.22,37753.79,-1
2025-05-21,2025-05-21 13:29:00,1631.99,1631.99,1631.76,1631.76,-0.01,23.22,37753.79,-1
2025-05-21,2025-05-21 13:30:00,1631.76,1631.76,1631.53,1631.53,-0.01,23.22,37753.79,-1
2025-05-21,2025-05-21 13:31:00,1631.53,1631.53,1631.3,1631.3,-0.01,23.22,37753.79,-1
2025-05-21,2025-05-21 13:32:00,1631.3,1631.3,1631.07,1631.07,-0.01,23.22,37753.79,-1
2025-05-21,2025-05-21 13:33:00,1631.07,1631.07,1630.84,1630.84,-0.01,23.22,37753.79,-1
2025-05-21,2025-05-21 13:34:00,1630.84,1630.84,1630.61,1630.61,-0.01,23.22,37753.79,-1
2025-05-21,2025-05-21 13:35:00,1630.61,1630.61,1630.38,1630.38,-0.01,23.22,37753.79,-1
2025-05-21,2025-05-21 13:36:00,1630.38,1630.38,1630.15,1630.15,-0.01,23.22,37753.79,-1
2025-05-21,2025-05-21 13:37:00,1630.15,1630.15,1629.92,1629.92,-0.01,23.22,37753.79,-1
2025-05-21,2025-05-21 13:38:00,1629.92,1629.92,1629.69,1629.69,-0.01,23.22,37753.79,-1
2025-05-21,2025-05-21 13:39:00,1629.69,1629.69,1629.46,1629.46,-0.01,23.22,37753.79,-1
2025-05-21,2025-05-21 13:40:00,1629.46,1629.46,1629.23,1629.23,-0.01,23.22,37753.79,-1
2025-05-21,2025-05-21 13:41:00,1629.23,1629.23,1629.0,1629.0,-0.01,23.22,37753.79,-1
2025-05-21,2025-05-21 13:42:00,1629.0,1629.0,1628.77,1628.77,-0.01,23.22,37753.79,-1
2025-05-21,2025-05-21 13:43:00,1628.77,1628.77,1628.54,1628.54,-0.01,23.22,37753.79,-1
2025-05-21,2025-05-21 13:44:00,1628.54,1628.54,1628.31,1628.31,-0.01,23.22,37753.79,-1
2025-05-21,2025-05-21 13:45:00,1628.31,1628.31,1628.08,1628.08,-0.01,23.22,37753.79,-1
2025-05-21,2025-05-21 13:46:00,1628.08,1628.08,1627.85,1627.85,-0.01,23.22,37753.79,-1
2025-05-21,2025-05-21 13:47:00,1627.85,1627.85,1627.62,1627.62,-0.01,23.22,37753.79,-1
2025-05-21,2025-05-21 13:48:00,1627.62,1627.62,1627.39,1627.39,-0.01,23.22,37753.79,-1
2025-05-21,2025-05-21 13:49:00,1627.39,1627.39,1627.16,1627.16,-0.01,23.22,37753.79,-1
2025-05-21,2025-05-21 13:50:00,1627.16,1627.16,1626.93,1626.93,-0.01,23.22,37753.79,-1
2025-05-21,2025-05-21 13:51:00,1626.93,1626.93,1626.7,1626.7,-0.01,23.22,37753.79,-1
2025-05-21,2025-05-21 13:52:00,1626.7,1626.7,1626.47,1626.47,-0.01,23.22,37753.79,-1
2025-05-21,2025-05-21 13:53:00,1626.47,1626.47,1626.24,1626.24,-0.01,23.22,37753.79,-1
2025-05-21,2025-05-21 13:54:00,1626.24,1626.24,1626.01,1626.01,-0.01,23.22,37753.79,-1
2025-05-21,2025-05-21 13:55:00,1626.01,1626.01,1625.78,1625.78,-0.01,23.22,37753.79,-1
2025-05-21,2025-05-21 13:56:00,1625.78,1625.78,1625.55,1625.55,-0.01,23.22,37753.79,-1
2025-05-21,2025-05-21 13:57:00,1625.55,1625.55,1625.32,1625.32,-0.01,23.22,37753.79,-1
2025-05-21,2025-05-21 13:58:00,1625.32,1625.32,1625.09,1625.09,-0.01,23.22,37753.79,-1
2025-05-21,2025-05-21 13:59:00,1625.09,1625.09,1624.86,1624.86,-0.01,23.22,37753.79,-1
2025-05-21,2025-05-21 14:00:00,1624.86,1624.86,1624.62,1624.62,-0.01,23.22,37753.79,-1
2025-05-21,2025-05-21 14:01:00,1624.62,1624.62,1624.39,1624.39,-0.01,23.22,37753.79,-1
2025-05-21,2025-05-21 14:02:00,1624.39,1624.39,1624.16,1624.16,-0.01,23.22,37753.79,-1
2025-05-21,2025-05-21 14:03:00,1624.16,1624.16,1623.93,1623.93,-0.01,23.22,37753.79,-1
2025-05-21,2025-05-21 14:04:00,1623.93,1623.93,1623.7,1623.7,-0.01,23.22,37753.79,-1
2025-05-21,2025-05-21 14:05:00,1623.7,1623.7,1623.47,1623.47,-0.01,23.22,37753.79,-1
2025-05-21,2025-05-21 14:06:00,1623.47,1623.47,1623.24,1623.24,-0.01,23.22,37753.79,-1
2025-05-21,2025-05-21 14:07:00,1623.24,1623.24,1623.01,1623.01,-0.01,23.22,37753.79,-1
2025-05-21,2025-05-21 14:08:00,1623.01,1623.01,1622.78,1622.78,-0.01,23.22,37753.79,-1
2025-05-21,2025-05-21 14:09:00,1622.78,1622.78,1622.55,1622.55,-0.01,23.22,37753.79,-1
2025-05-21,2025-05-21 14:10:00,1622.55,1622.55,1622.32,1622.32,-0.01,23.22,37753.79,-1
2025-05-21,2025-05-21 14:11:00,1622.32,1622.32,1622.09,1622.09,-0.01,23.22,37753.79,-1
2025-05-21,2025-05-21 14:12:00,1622.09,1622.09,1621.86,1621.86,-0.01,23.22,37753.79,-1
2025-05-21,2025-05-21 14:13:00,1621.86,1621.86,1621.63,1621.63,-0.01,23.22,37753.79,-1
2025-05-21,2025-05-21 14:14:00,1621.63,1621.63,1621.4,1621.4,-0.01,23.22,37753.79,-1
2025-05-21,2025-05-21 14:15:00,1621.4,1621.4,1621.17,1621.17,-0.01,23.22,37753.79,-1
2025-05-21,2025-05-21 14:16:00,1621.17,1621.17,1620.94,1620.94,-0.01,23.22,37753.79,-1
2025-05-21,2025-05-21 14:17:00,1620.94,1620.94,1620.71,1620.71,-0.01,23.22,37753.79,-1
2025-05-21,2025-05-21 14:18:00,1620.71,1620.71,1620.48,1620.48,-0.01,23.22,37753.79,-1
2025-05-21,2025-05-21 14:19:00,1620.48,1620.48,1620.25,1620.25,-0.01,23.22,37753.79,-1
2025-05-21,2025-05-21 14:20:00,1620.25,1620.25,1620.02,1620.02,-0.01,23.22,37753.79,-1
2025-05-21,2025-05-21 14:21:00,1620.02,1620.02,1619.79,1619.79,-0.01,23.22,37753.79,-1
2025-05-21,2025-05-21 14:22:00,1619.79,1619.79,1619.56,1619.56,-0.01,23.22,37753.79,-1
2025-05-21,2025-05-21 14:23:00,1619.56,1619.56,1619.33,1619.33,-0.01,23.22,37753.79,-1
2025-05-21,2025-05-21 14:24:00,1619.33,1619.33,1619.1,1619.1,-0.01,23.22,37753.79,-1
2025-05-21,2025-05-21 14:25:00,1619.1,1619.1,1618.87,1618.87,-0.01,23.22,37753.79,-1
2025-05-21,2025-05-21 14:26:00,1618.87,1618.87,1618.64,1618.64,-0.01,23.22,37753.79,-1
2025-05-21,2025-05-21 14:27:00,1618.64,1618.64,1618.41,1618.41,-0.01,23.22,37753.79,-1
2025-05-21,2025-05-21 14:28:00,1618.41,1618.41,1618.18,1618.18,-0.01,23.22,37753.79,-1
2025-05-21,2025-05-21 14:29:00,1618.18,1618.18,1617.95,1617.95,-0.01,23.22,37753.79,-1
2025-05-21,2025-05-21 14:30:00,1617.95,1617.95,1617.72,1617.72,-0.01,23.22,37753.79,-1
2025-05-21,2025-05-21 14:31:00,1617.72,1617.72,1617.49,1617.49,-0.01,23.22,37753.79,-1
2025-05-21,2025-05-21 14:32:00,1617.49,1617.49,1617.26,1617.26,-0.01,23.22,37753.79,-1
2025-05-21,2025-05-21 14:33:00,1617.26,1617.26,1617.03,1617.03,-0.01,23.22,37753.79,-1
2025-05-21,2025-05-21 14:34:00,1617.03,1617.03,1616.8,1616.8,-0.01,23.22,37753.79,-1
2025-05-21,2025-05-21 14:35:00,1616.8,1616.8,1616.57,1616.57,-0.01,23.22,37753.79,-1
2025-05-21,2025-05-21 14:36:00,1616.57,1616.57,1616.34,1616.34,-0.01,23.22,37753.79,-1
2025-05-21,2025-05-21 14:37:00,1616.34,1616.34,1616.11,1616.11,-0.01,23.22,37753.79,-1
2025-05-21,2025-05-21 14:38:00,1616.11,1616.11,1615.88,1615.88,-0.01,23.22,37753.79,-1
2025-05-21,2025-05-21 14:39:00,1615.88,1615.88,1615.64,1615.64,-0.01,23.22,37753.79,-1
2025-05-21,2025-05-21 14:40:00,1615.64,1615.64,1615.41,1615.41,-0.01,23.22,37753.79,-1
2025-05-21,2025-05-21 14:41:00,1615.41,1615.41,1615.18,1615.18,-0.01,23.22,37753.79,-1
2025-05-21,2025-05-21 14:42:00,1615.18,1615.18,1614.95,1614.95,-0.01,23.22,37753.79,-1
2025-05-21,2025-05-21 14:43:00,1614.95,1614.95,1614.72,1614.72,-0.01,23.22,37753.79,-1
2025-05-21,2025-05-21 14:44:00,1614.72,1614.72,1614.49,1614.49,-0.01,23.22,37753.79,-1
2025-05-21,2025-05-21 14:45:00,1614.49,1614.49,1614.26,1614.26,-0.01,23.22,37753.79,-1
2025-05-21,2025-05-21 14:46:00,1614.26,1614.26,1614.03,1614.03,-0.01,23.22,37753.79,-1
2025-05-21,2025-05-21 14:47:00,1614.03,1614.03,1613.8,1613.8,-0.01,23.22,37753.79,-1
2025-05-21,2025-05-21 14:48:00,1613.8,1613.8,1613.57,1613.57,-0.01,23.22,37753.79,-1
2025-05-21,2025-05-21 14:49:00,1613.57,1613.57,1613.34,1613.34,-0.01,23.22,37753.79,-1
2025-05-21,2025-05-21 14:50:00,1613.34,1613.34,1613.11,1613.11,-0.01,23.22,37753.79,-1
2025-05-21,2025-05-21 14:51:00,1613.11,1613.11,1612.88,1612.88,-0.01,23.22,37753.79,-1
2025-05-21,2025-05-21 14:52:00,1612.88,1612.88,1612.65,1612.65,-0.01,23.22,37753.79,-1
2025-05-21,2025-05-21 14:53:00,1612.65,1612.65,1612.42,1612.42,-0.01,23.22,37753.79,-1
2025-05-21,2025-05-21 14:54:00,1612.42,1612.42,1612.19,1612.19,-0.01,23.22,37753.79,-1
2025-05-21,2025-05-21 14:55:00,1612.19,1612.19,1611.96,1611.96,-0.01,23.22,37753.79,-1
2025-05-21,2025-05-21 14:56:00,1611.96,1611.96,1611.73,1611.73,-0.01,23.22,37753.79,-1
2025-05-21,2025-05-21 14:57:00,1611.73,1611.73,1611.5,1611.5,-0.01,23.22,37753.79,-1
2025-05-21,2025-05-21 14:58:00,1611.5,1611.5,1611.27,1611.27,-0.01,23.22,37753.79,-1
2025-05-21,2025-05-21 14:59:00,1611.27,1611.27,1611.04,1611.04,-0.01,23.22,37753.79,-1
2025-05-21,2025-05-21 15:00:00,1611.04,1680.0,1606.5,1611.04,0.0,23.22,37753.79,0
2025-05-22,2025-05-22 11:00:00,1606.0,1635.22,1606.0,1606.32,0.02,48.99,81389.55,1
2025-05-22,2025-05-22 11:01:00,1606.32,1606.65,1606.32,1606.65,0.02,48.99,81389.55,1
2025-05-22,2025-05-22 11:02:00,1606.65,1606.97,1606.65,1606.97,0.02,48.99,81389.55,1
2025-05-22,2025-05-22 11:03:00,1606.97,1607.3,1606.97,1607.3,0.02,48.99,81389.55,1
2025-05-22,2025-05-22 11:04:00,1607.3,1607.62,1607.3,1607.62,0.02,48.99,81389.55,1
2025-05-22,2025-05-22 11:05:00,1607.62,1607.95,1607.62,1607.95,0.02,48.99,81389.55,1
2025-05-22,2025-05-22 11:06:00,1607.95,1608.27,1607.95,1608.27,0.02,48.99,81389.55,1
2025-05-22,2025-05-22 11:07:00,1608.27,1608.6,1608.27,1608.6,0.02,48.99,81389.55,1
2025-05-22,2025-05-22 11:08:00,1608.6,1608.92,1608.6,1608.92,0.02,48.99,81389.55,1
2025-05-22,2025-05-22 11:09:00,1608.92,1609.25,1608.92,1609.25,0.02,48.99,81389.55,1
2025-05-22,2025-05-22 11:10:00,1609.25,1609.57,1609.25,1609.57,0.02,48.99,81389.55,1
2025-05-22,2025-05-22 11:11:00,1609.57,1609.9,1609.57,1609.9,0.02,48.99,81389.55,1
2025-05-22,2025-05-22 11:12:00,1609.9,1610.22,1609.9,1610.22,0.02,48.99,81389.55,1
2025-05-22,2025-05-22 11:13:00,1610.22,1610.55,1610.22,1610.55,0.02,48.99,81389.55,1
2025-05-22,2025-05-22 11:14:00,1610.55,1610.87,1610.55,1610.87,0.02,48.99,81389.55,1
2025-05-22,2025-05-22 11:15:00,1610.87,1611.2,1610.87,1611.2,0.02,48.99,81389.55,1
2025-05-22,2025-05-22 11:16:00,1611.2,1611.52,1611.2,1611.52,0.02,48.99,81389.55,1
2025-05-22,2025-05-22 11:17:00,1611.52,1611.85,1611.52,1611.85,0.02,48.99,81389.55,1
2025-05-22,2025-05-22 11:18:00,1611.85,1612.17,1611.85,1612.17,0.02,48.99,81389.55,1
2025-05-22,2025-05-22 11:19:00,1612.17,1612.5,1612.17,1612.5,0.02,48.99,81389.55,1
2025-05-22,2025-05-22 11:20:00,1612.5,1612.82,1612.5,1612.82,0.02,48.99,81389.55,1
2025-05-22,2025-05-22 11:21:00,1612.82,1613.15,1612.82,1613.15,0.02,48.99,81389.55,1
2025-05-22,2025-05-22 11:22:00,1613.15,1613.47,1613.15,1613.47,0.02,48.99,81389.55,1
2025-05-22,2025-05-22 11:23:00,1613.47,1613.8,1613.47,1613.8,0.02,48.99,81389.55,1
2025-05-22,2025-05-22 11:24:00,1613.8,1614.12,1613.8,1614.12,0.02,48.99,81389.55,1
2025-05-22,2025-05-22 11:25:00,1614.12,1614.45,1614.12,1614.45,0.02,48.99,81389.55,1
2025-05-22,2025-05-22 11:26:00,1614.45,1614.77,1614.45,1614.77,0.02,48.99,81389.55,1
2025-05-22,2025-05-22 11:27:00,1614.77,1615.1,1614.77,1615.1,0.02,48.99,81389.55,1
2025-05-22,2025-05-22 11:28:00,1615.1,1615.42,1615.1,1615.42,0.02,48.99,81389.55,1
2025-05-22,2025-05-22 11:29:00,1615.42,1615.75,1615.42,1615.75,0.02,48.99,81389.55,1
2025-05-22,2025-05-22 11:30:00,1615.75,1616.07,1615.75,1616.07,0.02,48.99,81389.55,1
2025-05-22,2025-05-22 11:31:00,1616.07,1616.4,1616.07,1616.4,0.02,48.99,81389.55,1
2025-05-22,2025-05-22 11:32:00,1616.4,1616.72,1616.4,1616.72,0.02,48.99,81389.55,1
2025-05-22,2025-05-22 11:33:00,1616.72,1617.05,1616.72,1617.05,0.02,48.99,81389.55,1
2025-05-22,2025-05-22 11:34:00,1617.05,1617.37,1617.05,1617.37,0.02,48.99,81389.55,1
2025-05-22,2025-05-22 11:35:00,1617.37,1617.7,1617.37,1617.7,0.02,48.99,81389.55,1
2025-05-22,2025-05-22 11:36:00,1617.7,1618.02,1617.7,1618.02,0.02,48.99,81389.55,1
2025-05-22,2025-05-22 11:37:00,1618.02,1618.35,1618.02,1618.35,0.02,48.99,81389.55,1
2025-05-22,2025-05-22 11:38:00,1618.35,1618.67,1618.35,1618.67,0.02,48.99,81389.55,1
2025-05-22,2025-05-22 11:39:00,1618.67,1618.99,1618.67,1618.99,0.02,48.99,81389.55,1
2025-05-22,2025-05-22 11:40:00,1618.99,1619.32,1618.99,1619.32,0.02,48.99,81389.55,1
2025-05-22,2025-05-22 11:41:00,1619.32,1619.64,1619.32,1619.64,0.02,48.99,81389.55,1
2025-05-22,2025-05-22 11:42:00,1619.64,1619.97,1619.64,1619.97,0.02,48.99,81389.55,1
2025-05-22,2025-05-22 11:43:00,1619.97,1620.29,1619.97,1620.29,0.02,48.99,81389.55,1
2025-05-22,2025-05-22 11:44:00,1620.29,1620.62,1620.29,1620.62,0.02,48.99,81389.55,1
2025-05-22,2025-05-22 11:45:00,1620.62,1620.94,1620.62,1620.94,0.02,48.99,81389.55,1
2025-05-22,2025-05-22 11:46:00,1620.94,1621.27,1620.94,1621.27,0.02,48.99,81389.55,1
2025-05-22,2025-05-22 11:47:00,1621.27,1621.59,1621.27,1621.59,0.02,48.99,81389.55,1
2025-05-22,2025-05-22 11:48:00,1621.59,1621.92,1621.59,1621.92,0.02,48.99,81389.55,1
2025-05-22,2025-05-22 11:49:00,1621.92,1622.24,1621.92,1622.24,0.02,48.99,81389.55,1
2025-05-22,2025-05-22 11:50:00,1622.24,1622.57,1622.24,1622.57,0.02,48.99,81389.55,1
2025-05-22,2025-05-22 11:51:00,1622.57,1622.89,1622.57,1622.89,0.02,48.99,81389.55,1
2025-05-22,2025-05-22 11:52:00,1622.89,1623.22,1622.89,1623.22,0.02,48.99,81389.55,1
2025-05-22,2025-05-22 11:53:00,1623.22,1623.54,1623.22,1623.54,0.02,48.99,81389.55,1
2025-05-22,2025-05-22 11:54:00,1623.54,1623.87,1623.54,1623.87,0.02,48.99,81389.55,1
2025-05-22,2025-05-22 11:55:00,1623.87,1624.19,1623.87,1624.19,0.02,48.99,81389.55,1
2025-05-22,2025-05-22 11:56:00,1624.19,1624.52,1624.19,1624.52,0.02,48.99,81389.55,1
2025-05-22,2025-05-22 11:57:00,1624.52,1624.84,1624.52,1624.84,0.02,48.99,81389.55,1
2025-05-22,2025-05-22 11:58:00,1624.84,1625.17,1624.84,1625.17,0.02,48.99,81389.55,1
2025-05-22,2025-05-22 11:59:00,1625.17,1625.49,1625.17,1625.49,0.02,48.99,81389.55,1
2025-05-22,2025-05-22 12:00:00,1625.49,1625.82,1625.49,1625.82,0.02,48.99,81389.55,1
2025-05-22,2025-05-22 12:01:00,1625.82,1626.14,1625.82,1626.14,0.02,48.99,81389.55,1
2025-05-22,2025-05-22 12:02:00,1626.14,1626.47,1626.14,1626.47,0.02,48.99,81389.55,1
2025-05-22,2025-05-22 12:03:00,1626.47,1626.79,1626.47,1626.79,0.02,48.99,81389.55,1
2025-05-22,2025-05-22 12:04:00,1626.79,1627.12,1626.79,1627.12,0.02,48.99,81389.55,1
2025-05-22,2025-05-22 12:05:00,1627.12,1627.44,1627.12,1627.44,0.02,48.99,81389.55,1
2025-05-22,2025-05-22 12:06:00,1627.44,1627.77,1627.44,1627.77,0.02,48.99,81389.55,1
2025-05-22,2025-05-22 12:07:00,1627.77,1628.09,1627.77,1628.09,0.02,48.99,81389.55,1
2025-05-22,2025-05-22 12:08:00,1628.09,1628.42,1628.09,1628.42,0.02,48.99,81389.55,1
2025-05-22,2025-05-22 12:09:00,1628.42,1628.74,1628.42,1628.74,0.02,48.99,81389.55,1
2025-05-22,2025-05-22 12:10:00,1628.74,1629.07,1628.74,1629.07,0.02,48.99,81389.55,1
2025-05-22,2025-05-22 12:11:00,1629.07,1629.39,1629.07,1629.39,0.02,48.99,81389.55,1
2025-05-22,2025-05-22 12:12:00,1629.39,1629.72,1629.39,1629.72,0.02,48.99,81389.55,1
2025-05-22,2025-05-22 12:13:00,1629.72,1630.04,1629.72,1630.04,0.02,48.99,81389.55,1
2025-05-22,2025-05-22 12:14:00,1630.04,1630.37,1630.04,1630.37,0.02,48.99,81389.55,1
2025-05-22,2025-05-22 12:15:00,1630.37,1630.69,1630.37,1630.69,0.02,48.99,81389.55,1
2025-05-22,2025-05-22 12:16:00,1630.69,1631.02,1630.69,1631.02,0.02,48.99,81389.55,1
2025-05-22,2025-05-22 12:17:00,1631.02,1631.34,1631.02,1631.34,0.02,48.99,81389.55,1
2025-05-22,2025-05-22 12:18:00,1631.34,1631.67,1631.34,1631.67,0.02,48.99,81389.55,1
2025-05-22,2025-05-22 12:19:00,1631.67,1631.99,1631.67,1631.99,0.02,48.99,81389.55,1
2025-05-22,2025-05-22 12:20:00,1631.99,1632.31,1631.99,1632.31,0.02,48.99,81389.55,1
2025-05-22,2025-05-22 12:21:00,1632.31,1632.64,1632.31,1632.64,0.02,48.99,81389.55,1
2025-05-22,2025-05-22 12:22:00,1632.64,1632.96,1632.64,1632.96,0.02,48.99,81389.55,1
2025-05-22,2025-05-22 12:23:00,1632.96,1633.29,1632.96,1633.29,0.02,48.99,81389.55,1
2025-05-22,2025-05-22 12:24:00,1633.29,1633.61,1633.29,1633.61,0.02,48.99,81389.55,1
2025-05-22,2025-05-22 12:25:00,1633.61,1633.94,1633.61,1633.94,0.02,48.99,81389.55,1
2025-05-22,2025-05-22 12:26:00,1633.94,1634.26,1633.94,1634.26,0.02,48.99,81389.55,1
2025-05-22,2025-05-22 12:27:00,1634.26,1634.59,1634.26,1634.59,0.02,48.99,81389.55,1
2025-05-22,2025-05-22 12:28:00,1634.59,1634.91,1634.59,1634.91,0.02,48.99,81389.55,1
2025-05-22,2025-05-22 12:29:00,1634.91,1635.24,1634.91,1635.24,0.02,48.99,81389.55,1
2025-05-22,2025-05-22 12:30:00,1635.24,1635.56,1635.24,1635.56,0.02,48.99,81389.55,1
2025-05-22,2025-05-22 12:31:00,1635.56,1635.89,1635.56,1635.89,0.02,48.99,81389.55,1
2025-05-22,2025-05-22 12:32:00,1635.89,1636.21,1635.89,1636.21,0.02,48.99,81389.55,1
2025-05-22,2025-05-22 12:33:00,1636.21,1636.54,1636.21,1636.54,0.02,48.99,81389.55,1
2025-05-22,2025-05-22 12:34:00,1636.54,1636.86,1636.54,1636.86,0.02,48.99,81389.55,1
2025-05-22,2025-05-22 12:35:00,1636.86,1637.19,1636.86,1637.19,0.02,48.99,81389.55,1
2025-05-22,2025-05-22 12:36:00,1637.19,1637.51,1637.19,1637.51,0.02,48.99,81389.55,1
2025-05-22,2025-05-22 12:37:00,1637.51,1637.84,1637.51,1637.84,0.02,48.99,81389.55,1
2025-05-22,2025-05-22 12:38:00,1637.84,1638.16,1637.84,1638.16,0.02,48.99,81389.55,1
2025-05-22,2025-05-22 12:39:00,1638.16,1638.49,1638.16,1638.49,0.02,48.99,81389.55,1
2025-05-22,2025-05-22 12:40:00,1638.49,1638.81,1638.49,1638.81,0.02,48.99,81389.55,1
2025-05-22,2025-05-22 12:41:00,1638.81,1639.14,1638.81,1639.14,0.02,48.99,81389.55,1
2025-05-22,2025-05-22 12:42:00,1639.14,1639.46,1639.14,1639.46,0.02,48.99,81389.55,1
2025-05-22,2025-05-22 12:43:00,1639.46,1639.79,1639.46,1639.79,0.02,48.99,81389.55,1
2025-05-22,2025-05-22 12:44:00,1639.79,1640.11,1639.79,1640.11,0.02,48.99,81389.55,1
2025-05-22,2025-05-22 12:45:00,1640.11,1640.44,1640.11,1640.44,0.02,48.99,81389.55,1
2025-05-22,2025-05-22 12:46:00,1640.44,1640.76,1640.44,1640.76,0.02,48.99,81389.55,1
2025-05-22,2025-05-22 12:47:00,1640.76,1641.09,1640.76,1641.09,0.02,48.99,81389.55,1
2025-05-22,2025-05-22 12:48:00,1641.09,1641.41,1641.09,1641.41,0.02,48.99,81389.55,1
2025-05-22,2025-05-22 12:49:00,1641.41,1641.74,1641.41,1641.74,0.02,48.99,81389.55,1
2025-05-22,2025-05-22 12:50:00,1641.74,1642.06,1641.74,1642.06,0.02,48.99,81389.55,1
2025-05-22,2025-05-22 12:51:00,1642.06,1642.39,1642.06,1642.39,0.02,48.99,81389.55,1
2025-05-22,2025-05-22 12:52:00,1642.39,1642.71,1642.39,1642.71,0.02,48.99,81389.55,1
2025-05-22,2025-05-22 12:53:00,1642.71,1643.04,1642.71,1643.04,0.02,48.99,81389.55,1
2025-05-22,2025-05-22 12:54:00,1643.04,1643.36,1643.04,1643.36,0.02,48.99,81389.55,1
2025-05-22,2025-05-22 12:55:00,1643.36,1643.69,1643.36,1643.69,0.02,48.99,81389.55,1
2025-05-22,2025-05-22 12:56:00,1643.69,1644.01,1643.69,1644.01,0.02,48.99,81389.55,1
2025-05-22,2025-05-22 12:57:00,1644.01,1644.34,1644.01,1644.34,0.02,48.99,81389.55,1
2025-05-22,2025-05-22 12:58:00,1644.34,1644.66,1644.34,1644.66,0.02,48.99,81389.55,1
2025-05-22,2025-05-22 12:59:00,1644.66,1644.99,1644.66,1644.99,0.02,48.99,81389.55,1
2025-05-22,2025-05-22 13:00:00,1644.99,1703.4,1606.0,1645.31,0.02,48.99,81389.55,1
2025-05-22,2025-05-22 13:01:00,1645.31,1645.63,1645.31,1645.63,0.02,48.99,81389.55,1
2025-05-22,2025-05-22 13:02:00,1645.63,1645.96,1645.63,1645.96,0.02,48.99,81389.55,1
2025-05-22,2025-05-22 13:03:00,1645.96,1646.28,1645.96,1646.28,0.02,48.99,81389.55,1
2025-05-22,2025-05-22 13:04:00,1646.28,1646.61,1646.28,1646.61,0.02,48.99,81389.55,1
2025-05-22,2025-05-22 13:05:00,1646.61,1646.93,1646.61,1646.93,0.02,48.99,81389.55,1
2025-05-22,2025-05-22 13:06:00,1646.93,1647.26,1646.93,1647.26,0.02,48.99,81389.55,1
2025-05-22,2025-05-22 13:07:00,1647.26,1647.58,1647.26,1647.58,0.02,48.99,81389.55,1
2025-05-22,2025-05-22 13:08:00,1647.58,1647.91,1647.58,1647.91,0.02,48.99,81389.55,1
2025-05-22,2025-05-22 13:09:00,1647.91,1648.23,1647.91,1648.23,0.02,48.99,81389.55,1
2025-05-22,2025-05-22 13:10:00,1648.23,1648.56,1648.23,1648.56,0.02,48.99,81389.55,1
2025-05-22,2025-05-22 13:11:00,1648.56,1648.88,1648.56,1648.88,0.02,48.99,81389.55,1
2025-05-22,2025-05-22 13:12:00,1648.88,1649.21,1648.88,1649.21,0.02,48.99,81389.55,1
2025-05-22,2025-05-22 13:13:00,1649.21,1649.53,1649.21,1649.53,0.02,48.99,81389.55,1
2025-05-22,2025-05-22 13:14:00,1649.53,1649.86,1649.53,1649.86,0.02,48.99,81389.55,1
2025-05-22,2025-05-22 13:15:00,1649.86,1650.18,1649.86,1650.18,0.02,48.99,81389.55,1
2025-05-22,2025-05-22 13:16:00,1650.18,1650.51,1650.18,1650.51,0.02,48.99,81389.55,1
2025-05-22,2025-05-22 13:17:00,1650.51,1650.83,1650.51,1650.83,0.02,48.99,81389.55,1
2025-05-22,2025-05-22 13:18:00,1650.83,1651.16,1650.83,1651.16,0.02,48.99,81389.55,1
2025-05-22,2025-05-22 13:19:00,1651.16,1651.48,1651.16,1651.48,0.02,48.99,81389.55,1
2025-05-22,2025-05-22 13:20:00,1651.48,1651.81,1651.48,1651.81,0.02,48.99,81389.55,1
2025-05-22,2025-05-22 13:21:00,1651.81,1652.13,1651.81,1652.13,0.02,48.99,81389.55,1
2025-05-22,2025-05-22 13:22:00,1652.13,1652.46,1652.13,1652.46,0.02,48.99,81389.55,1
2025-05-22,2025-05-22 13:23:00,1652.46,1652.78,1652.46,1652.78,0.02,48.99,81389.55,1
2025-05-22,2025-05-22 13:24:00,1652.78,1653.11,1652.78,1653.11,0.02,48.99,81389.55,1
2025-05-22,2025-05-22 13:25:00,1653.11,1653.43,1653.11,1653.43,0.02,48.99,81389.55,1
2025-05-22,2025-05-22 13:26:00,1653.43,1653.76,1653.43,1653.76,0.02,48.99,81389.55,1
2025-05-22,2025-05-22 13:27:00,1653.76,1654.08,1653.76,1654.08,0.02,48.99,81389.55,1
2025-05-22,2025-05-22 13:28:00,1654.08,1654.41,1654.08,1654.41,0.02,48.99,81389.55,1
2025-05-22,2025-05-22 13:29:00,1654.41,1654.73,1654.41,1654.73,0.02,48.99,81389.55,1
2025-05-22,2025-05-22 13:30:00,1654.73,1655.06,1654.73,1655.06,0.02,48.99,81389.55,1
2025-05-22,2025-05-22 13:31:00,1655.06,1655.38,1655.06,1655.38,0.02,48.99,81389.55,1
2025-05-22,2025-05-22 13:32:00,1655.38,1655.71,1655.38,1655.71,0.02,48.99,81389.55,1
2025-05-22,2025-05-22 13:33:00,1655.71,1656.03,1655.71,1656.03,0.02,48.99,81389.55,1
2025-05-22,2025-05-22 13:34:00,1656.03,1656.36,1656.03,1656.36,0.02,48.99,81389.55,1
2025-05-22,2025-05-22 13:35:00,1656.36,1656.68,1656.36,1656.68,0.02,48.99,81389.55,1
2025-05-22,2025-05-22 13:36:00,1656.68,1657.01,1656.68,1657.01,0.02,48.99,81389.55,1
2025-05-22,2025-05-22 13:37:00,1657.01,1657.33,1657.01,1657.33,0.02,48.99,81389.55,1
2025-05-22,2025-05-22 13:38:00,1657.33,1657.66,1657.33,1657.66,0.02,48.99,81389.55,1
2025-05-22,2025-05-22 13:39:00,1657.66,1657.98,1657.66,1657.98,0.02,48.99,81389.55,1
2025-05-22,2025-05-22 13:40:00,1657.98,1658.3,1657.98,1658.3,0.02,48.99,81389.55,1
2025-05-22,2025-05-22 13:41:00,1658.3,1658.63,1658.3,1658.63,0.02,48.99,81389.55,1
2025-05-22,2025-05-22 13:42:00,1658.63,1658.95,1658.63,1658.95,0.02,48.99,81389.55,1
2025-05-22,2025-05-22 13:43:00,1658.95,1659.28,1658.95,1659.28,0.02,48.99,81389.55,1
2025-05-22,2025-05-22 13:44:00,1659.28,1659.6,1659.28,1659.6,0.02,48.99,81389.55,1
2025-05-22,2025-05-22 13:45:00,1659.6,1659.93,1659.6,1659.93,0.02,48.99,81389.55,1
2025-05-22,2025-05-22 13:46:00,1659.93,1660.25,1659.93,1660.25,0.02,48.99,81389.55,1
2025-05-22,2025-05-22 13:47:00,1660.25,1660.58,1660.25,1660.58,0.02,48.99,81389.55,1
2025-05-22,2025-05-22 13:48:00,1660.58,1660.9,1660.58,1660.9,0.02,48.99,81389.55,1
2025-05-22,2025-05-22 13:49:00,1660.9,1661.23,1660.9,1661.23,0.02,48.99,81389.55,1
2025-05-22,2025-05-22 13:50:00,1661.23,1661.55,1661.23,1661.55,0.02,48.99,81389.55,1
2025-05-22,2025-05-22 13:51:00,1661.55,1661.88,1661.55,1661.88,0.02,48.99,81389.55,1
2025-05-22,2025-05-22 13:52:00,1661.88,1662.2,1661.88,1662.2,0.02,48.99,81389.55,1
2025-05-22,2025-05-22 13:53:00,1662.2,1662.53,1662.2,1662.53,0.02,48.99,81389.55,1
2025-05-22,2025-05-22 13:54:00,1662.53,1662.85,1662.53,1662.85,0.02,48.99,81389.55,1
2025-05-22,2025-05-22 13:55:00,1662.85,1663.18,1662.85,1663.18,0.02,48.99,81389.55,1
2025-05-22,2025-05-22 13:56:00,1663.18,1663.5,1663.18,1663.5,0.02,48.99,81389.55,1
2025-05-22,2025-05-22 13:57:00,1663.5,1663.83,1663.5,1663.83,0.02,48.99,81389.55,1
2025-05-22,2025-05-22 13:58:00,1663.83,1664.15,1663.83,1664.15,0.02,48.99,81389.55,1
2025-05-22,2025-05-22 13:59:00,1664.15,1664.48,1664.15,1664.48,0.02,48.99,81389.55,1
2025-05-22,2025-05-22 14:00:00,1664.48,1664.8,1664.48,1664.8,0.02,48.99,81389.55,1
2025-05-22,2025-05-22 14:01:00,1664.8,1665.13,1664.8,1665.13,0.02,48.99,81389.55,1
2025-05-22,2025-05-22 14:02:00,1665.13,1665.45,1665.13,1665.45,0.02,48.99,81389.55,1
2025-05-22,2025-05-22 14:03:00,1665.45,1665.78,1665.45,1665.78,0.02,48.99,81389.55,1
2025-05-22,2025-05-22 14:04:00,1665.78,1666.1,1665.78,1666.1,0.02,48.99,81389.55,1
2025-05-22,2025-05-22 14:05:00,1666.1,1666.43,1666.1,1666.43,0.02,48.99,81389.55,1
2025-05-22,2025-05-22 14:06:00,1666.43,1666.75,1666.43,1666.75,0.02,48.99,81389.55,1
2025-05-22,2025-05-22 14:07:00,1666.75,1667.08,1666.75,1667.08,0.02,48.99,81389.55,1
2025-05-22,2025-05-22 14:08:00,1667.08,1667.4,1667.08,1667.4,0.02,48.99,81389.55,1
2025-05-22,2025-05-22 14:09:00,1667.4,1667.73,1667.4,1667.73,0.02,48.99,81389.55,1
2025-05-22,2025-05-22 14:10:00,1667.73,1668.05,1667.73,1668.05,0.02,48.99,81389.55,1
2025-05-22,2025-05-22 14:11:00,1668.05,1668.38,1668.05,1668.38,0.02,48.99,81389.55,1
2025-05-22,2025-05-22 14:12:00,1668.38,1668.7,1668.38,1668.7,0.02,48.99,81389.55,1
2025-05-22,2025-05-22 14:13:00,1668.7,1669.03,1668.7,1669.03,0.02,48.99,81389.55,1
2025-05-22,2025-05-22 14:14:00,1669.03,1669.35,1669.03,1669.35,0.02,48.99,81389.55,1
2025-05-22,2025-05-22 14:15:00,1669.35,1669.68,1669.35,1669.68,0.02,48.99,81389.55,1
2025-05-22,2025-05-22 14:16:00,1669.68,1670.0,1669.68,1670.0,0.02,48.99,81389.55,1
2025-05-22,2025-05-22 14:17:00,1670.0,1670.33,1670.0,1670.33,0.02,48.99,81389.55,1
2025-05-22,2025-05-22 14:18:00,1670.33,1670.65,1670.33,1670.65,0.02,48.99,81389.55,1
2025-05-22,2025-05-22 14:19:00,1670.65,1670.97,1670.65,1670.97,0.02,48.99,81389.55,1
2025-05-22,2025-05-22 14:20:00,1670.97,1671.3,1670.97,1671.3,0.02,48.99,81389.55,1
2025-05-22,2025-05-22 14:21:00,1671.3,1671.62,1671.3,1671.62,0.02,48.99,81389.55,1
2025-05-22,2025-05-22 14:22:00,1671.62,1671.95,1671.62,1671.95,0.02,48.99,81389.55,1
2025-05-22,2025-05-22 14:23:00,1671.95,1672.27,1671.95,1672.27,0.02,48.99,81389.55,1
2025-05-22,2025-05-22 14:24:00,1672.27,1672.6,1672.27,1672.6,0.02,48.99,81389.55,1
2025-05-22,2025-05-22 14:25:00,1672.6,1672.92,1672.6,1672.92,0.02,48.99,81389.55,1
2025-05-22,2025-05-22 14:26:00,1672.92,1673.25,1672.92,1673.25,0.02,48.99,81389.55,1
2025-05-22,2025-05-22 14:27:00,1673.25,1673.57,1673.25,1673.57,0.02,48.99,81389.55,1
2025-05-22,2025-05-22 14:28:00,1673.57,1673.9,1673.57,1673.9,0.02,48.99,81389.55,1
2025-05-22,2025-05-22 14:29:00,1673.9,1674.22,1673.9,1674.22,0.02,48.99,81389.55,1
2025-05-22,2025-05-22 14:30:00,1674.22,1674.55,1674.22,1674.55,0.02,48.99,81389.55,1
2025-05-22,2025-05-22 14:31:00,1674.55,1674.87,1674.55,1674.87,0.02,48.99,81389.55,1
2025-05-22,2025-05-22 14:32:00,1674.87,1675.2,1674.87,1675.2,0.02,48.99,81389.55,1
2025-05-22,2025-05-22 14:33:00,1675.2,1675.52,1675.2,1675.52,0.02,48.99,81389.55,1
2025-05-22,2025-05-22 14:34:00,1675.52,1675.85,1675.52,1675.85,0.02,48.99,81389.55,1
2025-05-22,2025-05-22 14:35:00,1675.85,1676.17,1675.85,1676.17,0.02,48.99,81389.55,1
2025-05-22,2025-05-22 14:36:00,1676.17,1676.5,1676.17,1676.5,0.02,48.99,81389.55,1
2025-05-22,2025-05-22 14:37:00,1676.5,1676.82,1676.5,1676.82,0.02,48.99,81389.55,1
2025-05-22,2025-05-22 14:38:00,1676.82,1677.15,1676.82,1677.15,0.02,48.99,81389.55,1
2025-05-22,2025-05-22 14:39:00,1677.15,1677.47,1677.15,1677.47,0.02,48.99,81389.55,1
2025-05-22,2025-05-22 14:40:00,1677.47,1677.8,1677.47,1677.8,0.02,48.99,81389.55,1
2025-05-22,2025-05-22 14:41:00,1677.8,1678.12,1677.8,1678.12,0.02,48.99,81389.55,1
2025-05-22,2025-05-22 14:42:00,1678.12,1678.45,1678.12,1678.45,0.02,48.99,81389.55,1
2025-05-22,2025-05-22 14:43:00,1678.45,1678.77,1678.45,1678.77,0.02,48.99,81389.55,1
2025-05-22,2025-05-22 14:44:00,1678.77,1679.1,1678.77,1679.1,0.02,48.99,81389.55,1
2025-05-22,2025-05-22 14:45:00,1679.1,1679.42,1679.1,1679.42,0.02,48.99,81389.55,1
2025-05-22,2025-05-22 14:46:00,1679.42,1679.75,1679.42,1679.75,0.02,48.99,81389.55,1
2025-05-22,2025-05-22 14:47:00,1679.75,1680.07,1679.75,1680.07,0.02,48.99,81389.55,1
2025-05-22,2025-05-22 14:48:00,1680.07,1680.4,1680.07,1680.4,0.02,48.99,81389.55,1
2025-05-22,2025-05-22 14:49:00,1680.4,1680.72,1680.4,1680.72,0.02,48.99,81389.55,1
2025-05-22,2025-05-22 14:50:00,1680.72,1681.05,1680.72,1681.05,0.02,48.99,81389.55,1
2025-05-22,2025-05-22 14:51:00,1681.05,1681.37,1681.05,1681.37,0.02,48.99,81389.55,1
2025-05-22,2025-05-22 14:52:00,1681.37,1681.7,1681.37,1681.7,0.02,48.99,81389.55,1
2025-05-22,2025-05-22 14:53:00,1681.7,1682.02,1681.7,1682.02,0.02,48.99,81389.55,1
2025-05-22,2025-05-22 14:54:00,1682.02,1682.35,1682.02,1682.35,0.02,48.99,81389.55,1
2025-05-22,2025-05-22 14:55:00,1682.35,1682.67,1682.35,1682.67,0.02,48.99,81389.55,1
2025-05-22,2025-05-22 14:56:00,1682.67,1683.0,1682.67,1683.0,0.02,48.99,81389.55,1
2025-05-22,2025-05-22 14:57:00,1683.0,1683.32,1683.0,1683.32,0.02,48.99,81389.55,1
2025-05-22,2025-05-22 14:58:00,1683.32,1683.65,1683.32,1683.65,0.02,48.99,81389.55,1
2025-05-22,2025-05-22 14:59:00,1683.65,1683.97,1683.65,1683.97,0.02,48.99,81389.55,1
2025-05-22,2025-05-22 15:00:00,1683.97,1703.4,1606.0,1683.97,0.0,48.99,81389.55,0
2025-05-25,2025-05-25 11:00:00,1717.6,1724.32,1707.37,1717.66,0.0,60.54,103786.23,1
2025-05-25,2025-05-25 11:01:00,1717.66,1717.71,1717.66,1717.71,0.0,60.54,103786.23,1
2025-05-25,2025-05-25 11:02:00,1717.71,1717.77,1717.71,1717.77,0.0,60.54,103786.23,1
2025-05-25,2025-05-25 11:03:00,1717.77,1717.82,1717.77,1717.82,0.0,60.54,103786.23,1
2025-05-25,2025-05-25 11:04:00,1717.82,1717.88,1717.82,1717.88,0.0,60.54,103786.23,1
2025-05-25,2025-05-25 11:05:00,1717.88,1717.93,1717.88,1717.93,0.0,60.54,103786.23,1
2025-05-25,2025-05-25 11:06:00,1717.93,1717.99,1717.93,1717.99,0.0,60.54,103786.23,1
2025-05-25,2025-05-25 11:07:00,1717.99,1718.05,1717.99,1718.05,0.0,60.54,103786.23,1
2025-05-25,2025-05-25 11:08:00,1718.05,1718.1,1718.05,1718.1,0.0,60.54,103786.23,1
2025-05-25,2025-05-25 11:09:00,1718.1,1718.16,1718.1,1718.16,0.0,60.54,103786.23,1
2025-05-25,2025-05-25 11:10:00,1718.16,1718.21,1718.16,1718.21,0.0,60.54,103786.23,1
2025-05-25,2025-05-25 11:11:00,1718.21,1718.27,1718.21,1718.27,0.0,60.54,103786.23,1
2025-05-25,2025-05-25 11:12:00,1718.27,1718.32,1718.27,1718.32,0.0,60.54,103786.23,1
2025-05-25,2025-05-25 11:13:00,1718.32,1718.38,1718.32,1718.38,0.0,60.54,103786.23,1
2025-05-25,2025-05-25 11:14:00,1718.38,1718.44,1718.38,1718.44,0.0,60.54,103786.23,1
2025-05-25,2025-05-25 11:15:00,1718.44,1718.49,1718.44,1718.49,0.0,60.54,103786.23,1
2025-05-25,2025-05-25 11:16:00,1718.49,1718.55,1718.49,1718.55,0.0,60.54,103786.23,1
2025-05-25,2025-05-25 11:17:00,1718.55,1718.6,1718.55,1718.6,0.0,60.54,103786.23,1
2025-05-25,2025-05-25 11:18:00,1718.6,1718.66,1718.6,1718.66,0.0,60.54,103786.23,1
2025-05-25,2025-05-25 11:19:00,1718.66,1718.71,1718.66,1718.71,0.0,60.54,103786.23,1
2025-05-25,2025-05-25 11:20:00,1718.71,1718.77,1718.71,1718.77,0.0,60.54,103786.23,1
2025-05-25,2025-05-25 11:21:00,1718.77,1718.83,1718.77,1718.83,0.0,60.54,103786.23,1
2025-05-25,2025-05-25 11:22:00,1718.83,1718.88,1718.83,1718.88,0.0,60.54,103786.23,1
2025-05-25,2025-05-25 11:23:00,1718.88,1718.94,1718.88,1718.94,0.0,60.54,103786.23,1
2025-05-25,2025-05-25 11:24:00,1718.94,1718.99,1718.94,1718.99,0.0,60.54,103786.23,1
2025-05-25,2025-05-25 11:25:00,1718.99,1719.05,1718.99,1719.05,0.0,60.54,103786.23,1
2025-05-25,2025-05-25 11:26:00,1719.05,1719.11,1719.05,1719.11,0.0,60.54,103786.23,1
2025-05-25,2025-05-25 11:27:00,1719.11,1719.16,1719.11,1719.16,0.0,60.54,103786.23,1
2025-05-25,2025-05-25 11:28:00,1719.16,1719.22,1719.16,1719.22,0.0,60.54,103786.23,1
2025-05-25,2025-05-25 11:29:00,1719.22,1719.27,1719.22,1719.27,0.0,60.54,103786.23,1
2025-05-25,2025-05-25 11:30:00,1719.27,1719.33,1719.27,1719.33,0.0,60.54,103786.23,1
2025-05-25,2025-05-25 11:31:00,1719.33,1719.38,1719.33,1719.38,0.0,60.54,103786.23,1
2025-05-25,2025-05-25 11:32:00,1719.38,1719.44,1719.38,1719.44,0.0,60.54,103786.23,1
2025-05-25,2025-05-25 11:33:00,1719.44,1719.5,1719.44,1719.5,0.0,60.54,103786.23,1
2025-05-25,2025-05-25 11:34:00,1719.5,1719.55,1719.5,1719.55,0.0,60.54,103786.23,1
2025-05-25,2025-05-25 11:35:00,1719.55,1719.61,1719.55,1719.61,0.0,60.54,103786.23,1
2025-05-25,2025-05-25 11:36:00,1719.61,1719.66,1719.61,1719.66,0.0,60.54,103786.23,1
2025-05-25,2025-05-25 11:37:00,1719.66,1719.72,1719.66,1719.72,0.0,60.54,103786.23,1
2025-05-25,2025-05-25 11:38:00,1719.72,1719.77,1719.72,1719.77,0.0,60.54,103786.23,1
2025-05-25,2025-05-25 11:39:00,1719.77,1719.83,1719.77,1719.83,0.0,60.54,103786.23,1
2025-05-25,2025-05-25 11:40:00,1719.83,1719.89,1719.83,1719.89,0.0,60.54,103786.23,1
2025-05-25,2025-05-25 11:41:00,1719.89,1719.94,1719.89,1719.94,0.0,60.54,103786.23,1
2025-05-25,2025-05-25 11:42:00,1719.94,1720.0,1719.94,1720.0,0.0,60.54,103786.23,1
2025-05-25,2025-05-25 11:43:00,1720.0,1720.05,1720.0,1720.05,0.0,60.54,103786.23,1
2025-05-25,2025-05-25 11:44:00,1720.05,1720.11,1720.05,1720.11,0.0,60.54,103786.23,1
2025-05-25,2025-05-25 11:45:00,1720.11,1720.16,1720.11,1720.16,0.0,60.54,103786.23,1
2025-05-25,2025-05-25 11:46:00,1720.16,1720.22,1720.16,1720.22,0.0,60.54,103786.23,1
2025-05-25,2025-05-25 11:47:00,1720.22,1720.28,1720.22,1720.28,0.0,60.54,103786.23,1
2025-05-25,2025-05-25 11:48:00,1720.28,1720.33,1720.28,1720.33,0.0,60.54,103786.23,1
2025-05-25,2025-05-25 11:49:00,1720.33,1720.39,1720.33,1720.39,0.0,60.54,103786.23,1
2025-05-25,2025-05-25 11:50:00,1720.39,1720.44,1720.39,1720.44,0.0,60.54,103786.23,1
2025-05-25,2025-05-25 11:51:00,1720.44,1720.5,1720.44,1720.5,0.0,60.54,103786.23,1
2025-05-25,2025-05-25 11:52:00,1720.5,1720.55,1720.5,1720.55,0.0,60.54,103786.23,1
2025-05-25,2025-05-25 11:53:00,1720.55,1720.61,1720.55,1720.61,0.0,60.54,103786.23,1
2025-05-25,2025-05-25 11:54:00,1720.61,1720.67,1720.61,1720.67,0.0,60.54,103786.23,1
2025-05-25,2025-05-25 11:55:00,1720.67,1720.72,1720.67,1720.72,0.0,60.54,103786.23,1
2025-05-25,2025-05-25 11:56:00,1720.72,1720.78,1720.72,1720.78,0.0,60.54,103786.23,1
2025-05-25,2025-05-25 11:57:00,1720.78,1720.83,1720.78,1720.83,0.0,60.54,103786.23,1
2025-05-25,2025-05-25 11:58:00,1720.83,1720.89,1720.83,1720.89,0.0,60.54,103786.23,1
2025-05-25,2025-05-25 11:59:00,1720.89,1720.94,1720.89,1720.94,0.0,60.54,103786.23,1
2025-05-25,2025-05-25 12:00:00,1720.94,1721.0,1720.94,1721.0,0.0,60.54,103786.23,1
2025-05-25,2025-05-25 12:01:00,1721.0,1721.06,1721.0,1721.06,0.0,60.54,103786.23,1
2025-05-25,2025-05-25 12:02:00,1721.06,1721.11,1721.06,1721.11,0.0,60.54,103786.23,1
2025-05-25,2025-05-25 12:03:00,1721.11,1721.17,1721.11,1721.17,0.0,60.54,103786.23,1
2025-05-25,2025-05-25 12:04:00,1721.17,1721.22,1721.17,1721.22,0.0,60.54,103786.23,1
2025-05-25,2025-05-25 12:05:00,1721.22,1721.28,1721.22,1721.28,0.0,60.54,103786.23,1
2025-05-25,2025-05-25 12:06:00,1721.28,1721.34,1721.28,1721.34,0.0,60.54,103786.23,1
2025-05-25,2025-05-25 12:07:00,1721.34,1721.39,1721.34,1721.39,0.0,60.54,103786.23,1
2025-05-25,2025-05-25 12:08:00,1721.39,1721.45,1721.39,1721.45,0.0,60.54,103786.23,1
2025-05-25,2025-05-25 12:09:00,1721.45,1721.5,1721.45,1721.5,0.0,60.54,103786.23,1
2025-05-25,2025-05-25 12:10:00,1721.5,1721.56,1721.5,1721.56,0.0,60.54,103786.23,1
2025-05-25,2025-05-25 12:11:00,1721.56,1721.61,1721.56,1721.61,0.0,60.54,103786.23,1
2025-05-25,2025-05-25 12:12:00,1721.61,1721.67,1721.61,1721.67,0.0,60.54,103786.23,1
2025-05-25,2025-05-25 12:13:00,1721.67,1721.73,1721.67,1721.73,0.0,60.54,103786.23,1
2025-05-25,2025-05-25 12:14:00,1721.73,1721.78,1721.73,1721.78,0.0,60.54,103786.23,1
2025-05-25,2025-05-25 12:15:00,1721.78,1721.84,1721.78,1721.84,0.0,60.54,103786.23,1
2025-05-25,2025-05-25 12:16:00,1721.84,1721.89,1721.84,1721.89,0.0,60.54,103786.23,1
2025-05-25,2025-05-25 12:17:00,1721.89,1721.95,1721.89,1721.95,0.0,60.54,103786.23,1
2025-05-25,2025-05-25 12:18:00,1721.95,1722.0,1721.95,1722.0,0.0,60.54,103786.23,1
2025-05-25,2025-05-25 12:19:00,1722.0,1722.06,1722.0,1722.06,0.0,60.54,103786.23,1
2025-05-25,2025-05-25 12:20:00,1722.06,1722.12,1722.06,1722.12,0.0,60.54,103786.23,1
2025-05-25,2025-05-25 12:21:00,1722.12,1722.17,1722.12,1722.17,0.0,60.54,103786.23,1
2025-05-25,2025-05-25 12:22:00,1722.17,1722.23,1722.17,1722.23,0.0,60.54,103786.23,1
2025-05-25,2025-05-25 12:23:00,1722.23,1722.28,1722.23,1722.28,0.0,60.54,103786.23,1
2025-05-25,2025-05-25 12:24:00,1722.28,1722.34,1722.28,1722.34,0.0,60.54,103786.23,1
2025-05-25,2025-05-25 12:25:00,1722.34,1722.39,1722.34,1722.39,0.0,60.54,103786.23,1
2025-05-25,2025-05-25 12:26:00,1722.39,1722.45,1722.39,1722.45,0.0,60.54,103786.23,1
2025-05-25,2025-05-25 12:27:00,1722.45,1722.51,1722.45,1722.51,0.0,60.54,103786.23,1
2025-05-25,2025-05-25 12:28:00,1722.51,1722.56,1722.51,1722.56,0.0,60.54,103786.23,1
2025-05-25,2025-05-25 12:29:00,1722.56,1722.62,1722.56,1722.62,0.0,60.54,103786.23,1
2025-05-25,2025-05-25 12:30:00,1722.62,1722.67,1722.62,1722.67,0.0,60.54,103786.23,1
2025-05-25,2025-05-25 12:31:00,1722.67,1722.73,1722.67,1722.73,0.0,60.54,103786.23,1
2025-05-25,2025-05-25 12:32:00,1722.73,1722.78,1722.73,1722.78,0.0,60.54,103786.23,1
2025-05-25,2025-05-25 12:33:00,1722.78,1722.84,1722.78,1722.84,0.0,60.54,103786.23,1
2025-05-25,2025-05-25 12:34:00,1722.84,1722.9,1722.84,1722.9,0.0,60.54,103786.23,1
2025-05-25,2025-05-25 12:35:00,1722.9,1722.95,1722.9,1722.95,0.0,60.54,103786.23,1
2025-05-25,2025-05-25 12:36:00,1722.95,1723.01,1722.95,1723.01,0.0,60.54,103786.23,1
2025-05-25,2025-05-25 12:37:00,1723.01,1723.06,1723.01,1723.06,0.0,60.54,103786.23,1
2025-05-25,2025-05-25 12:38:00,1723.06,1723.12,1723.06,1723.12,0.0,60.54,103786.23,1
2025-05-25,2025-05-25 12:39:00,1723.12,1723.17,1723.12,1723.17,0.0,60.54,103786.23,1
2025-05-25,2025-05-25 12:40:00,1723.17,1723.23,1723.17,1723.23,0.0,60.54,103786.23,1
2025-05-25,2025-05-25 12:41:00,1723.23,1723.29,1723.23,1723.29,0.0,60.54,103786.23,1
2025-05-25,2025-05-25 12:42:00,1723.29,1723.34,1723.29,1723.34,0.0,60.54,103786.23,1
2025-05-25,2025-05-25 12:43:00,1723.34,1723.4,1723.34,1723.4,0.0,60.54,103786.23,1
2025-05-25,2025-05-25 12:44:00,1723.4,1723.45,1723.4,1723.45,0.0,60.54,103786.23,1
2025-05-25,2025-05-25 12:45:00,1723.45,1723.51,1723.45,1723.51,0.0,60.54,103786.23,1
2025-05-25,2025-05-25 12:46:00,1723.51,1723.57,1723.51,1723.57,0.0,60.54,103786.23,1
2025-05-25,2025-05-25 12:47:00,1723.57,1723.62,1723.57,1723.62,0.0,60.54,103786.23,1
2025-05-25,2025-05-25 12:48:00,1723.62,1723.68,1723.62,1723.68,0.0,60.54,103786.23,1
2025-05-25,2025-05-25 12:49:00,1723.68,1723.73,1723.68,1723.73,0.0,60.54,103786.23,1
2025-05-25,2025-05-25 12:50:00,1723.73,1723.79,1723.73,1723.79,0.0,60.54,103786.23,1
2025-05-25,2025-05-25 12:51:00,1723.79,1723.84,1723.79,1723.84,0.0,60.54,103786.23,1
2025-05-25,2025-05-25 12:52:00,1723.84,1723.9,1723.84,1723.9,0.0,60.54,103786.23,1
2025-05-25,2025-05-25 12:53:00,1723.9,1723.96,1723.9,1723.96,0.0,60.54,103786.23,1
2025-05-25,2025-05-25 12:54:00,1723.96,1724.01,1723.96,1724.01,0.0,60.54,103786.23,1
2025-05-25,2025-05-25 12:55:00,1724.01,1724.07,1724.01,1724.07,0.0,60.54,103786.23,1
2025-05-25,2025-05-25 12:56:00,1724.07,1724.12,1724.07,1724.12,0.0,60.54,103786.23,1
2025-05-25,2025-05-25 12:57:00,1724.12,1724.18,1724.12,1724.18,0.0,60.54,103786.23,1
2025-05-25,2025-05-25 12:58:00,1724.18,1724.23,1724.18,1724.23,0.0,60.54,103786.23,1
2025-05-25,2025-05-25 12:59:00,1724.23,1724.29,1724.23,1724.29,0.0,60.54,103786.23,1
2025-05-25,2025-05-25 13:00:00,1724.29,1740.0,1683.5,1724.35,0.0,60.54,103786.23,1
2025-05-25,2025-05-25 13:01:00,1724.35,1724.4,1724.35,1724.4,0.0,60.54,103786.23,1
2025-05-25,2025-05-25 13:02:00,1724.4,1724.46,1724.4,1724.46,0.0,60.54,103786.23,1
2025-05-25,2025-05-25 13:03:00,1724.46,1724.51,1724.46,1724.51,0.0,60.54,103786.23,1
2025-05-25,2025-05-25 13:04:00,1724.51,1724.57,1724.51,1724.57,0.0,60.54,103786.23,1
2025-05-25,2025-05-25 13:05:00,1724.57,1724.62,1724.57,1724.62,0.0,60.54,103786.23,1
2025-05-25,2025-05-25 13:06:00,1724.62,1724.68,1724.62,1724.68,0.0,60.54,103786.23,1
2025-05-25,2025-05-25 13:07:00,1724.68,1724.74,1724.68,1724.74,0.0,60.54,103786.23,1
2025-05-25,2025-05-25 13:08:00,1724.74,1724.79,1724.74,1724.79,0.0,60.54,103786.23,1
2025-05-25,2025-05-25 13:09:00,1724.79,1724.85,1724.79,1724.85,0.0,60.54,103786.23,1
2025-05-25,2025-05-25 13:10:00,1724.85,1724.9,1724.85,1724.9,0.0,60.54,103786.23,1
2025-05-25,2025-05-25 13:11:00,1724.9,1724.96,1724.9,1724.96,0.0,60.54,103786.23,1
2025-05-25,2025-05-25 13:12:00,1724.96,1725.01,1724.96,1725.01,0.0,60.54,103786.23,1
2025-05-25,2025-05-25 13:13:00,1725.01,1725.07,1725.01,1725.07,0.0,60.54,103786.23,1
2025-05-25,2025-05-25 13:14:00,1725.07,1725.13,1725.07,1725.13,0.0,60.54,103786.23,1
2025-05-25,2025-05-25 13:15:00,1725.13,1725.18,1725.13,1725.18,0.0,60.54,103786.23,1
2025-05-25,2025-05-25 13:16:00,1725.18,1725.24,1725.18,1725.24,0.0,60.54,103786.23,1
2025-05-25,2025-05-25 13:17:00,1725.24,1725.29,1725.24,1725.29,0.0,60.54,103786.23,1
2025-05-25,2025-05-25 13:18:00,1725.29,1725.35,1725.29,1725.35,0.0,60.54,103786.23,1
2025-05-25,2025-05-25 13:19:00,1725.35,1725.4,1725.35,1725.4,0.0,60.54,103786.23,1
2025-05-25,2025-05-25 13:20:00,1725.4,1725.46,1725.4,1725.46,0.0,60.54,103786.23,1
2025-05-25,2025-05-25 13:21:00,1725.46,1725.52,1725.46,1725.52,0.0,60.54,103786.23,1
2025-05-25,2025-05-25 13:22:00,1725.52,1725.57,1725.52,1725.57,0.0,60.54,103786.23,1
2025-05-25,2025-05-25 13:23:00,1725.57,1725.63,1725.57,1725.63,0.0,60.54,103786.23,1
2025-05-25,2025-05-25 13:24:00,1725.63,1725.68,1725.63,1725.68,0.0,60.54,103786.23,1
2025-05-25,2025-05-25 13:25:00,1725.68,1725.74,1725.68,1725.74,0.0,60.54,103786.23,1
2025-05-25,2025-05-25 13:26:00,1725.74,1725.8,1725.74,1725.8,0.0,60.54,103786.23,1
2025-05-25,2025-05-25 13:27:00,1725.8,1725.85,1725.8,1725.85,0.0,60.54,103786.23,1
2025-05-25,2025-05-25 13:28:00,1725.85,1725.91,1725.85,1725.91,0.0,60.54,103786.23,1
2025-05-25,2025-05-25 13:29:00,1725.91,1725.96,1725.91,1725.96,0.0,60.54,103786.23,1
2025-05-25,2025-05-25 13:30:00,1725.96,1726.02,1725.96,1726.02,0.0,60.54,103786.23,1
2025-05-25,2025-05-25 13:31:00,1726.02,1726.07,1726.02,1726.07,0.0,60.54,103786.23,1
2025-05-25,2025-05-25 13:32:00,1726.07,1726.13,1726.07,1726.13,0.0,60.54,103786.23,1
2025-05-25,2025-05-25 13:33:00,1726.13,1726.19,1726.13,1726.19,0.0,60.54,103786.23,1
2025-05-25,2025-05-25 13:34:00,1726.19,1726.24,1726.19,1726.24,0.0,60.54,103786.23,1
2025-05-25,2025-05-25 13:35:00,1726.24,1726.3,1726.24,1726.3,0.0,60.54,103786.23,1
2025-05-25,2025-05-25 13:36:00,1726.3,1726.35,1726.3,1726.35,0.0,60.54,103786.23,1
2025-05-25,2025-05-25 13:37:00,1726.35,1726.41,1726.35,1726.41,0.0,60.54,103786.23,1
2025-05-25,2025-05-25 13:38:00,1726.41,1726.46,1726.41,1726.46,0.0,60.54,103786.23,1
2025-05-25,2025-05-25 13:39:00,1726.46,1726.52,1726.46,1726.52,0.0,60.54,103786.23,1
2025-05-25,2025-05-25 13:40:00,1726.52,1726.58,1726.52,1726.58,0.0,60.54,103786.23,1
2025-05-25,2025-05-25 13:41:00,1726.58,1726.63,1726.58,1726.63,0.0,60.54,103786.23,1
2025-05-25,2025-05-25 13:42:00,1726.63,1726.69,1726.63,1726.69,0.0,60.54,103786.23,1
2025-05-25,2025-05-25 13:43:00,1726.69,1726.74,1726.69,1726.74,0.0,60.54,103786.23,1
2025-05-25,2025-05-25 13:44:00,1726.74,1726.8,1726.74,1726.8,0.0,60.54,103786.23,1
2025-05-25,2025-05-25 13:45:00,1726.8,1726.85,1726.8,1726.85,0.0,60.54,103786.23,1
2025-05-25,2025-05-25 13:46:00,1726.85,1726.91,1726.85,1726.91,0.0,60.54,103786.23,1
2025-05-25,2025-05-25 13:47:00,1726.91,1726.97,1726.91,1726.97,0.0,60.54,103786.23,1
2025-05-25,2025-05-25 13:48:00,1726.97,1727.02,1726.97,1727.02,0.0,60.54,103786.23,1
2025-05-25,2025-05-25 13:49:00,1727.02,1727.08,1727.02,1727.08,0.0,60.54,103786.23,1
2025-05-25,2025-05-25 13:50:00,1727.08,1727.13,1727.08,1727.13,0.0,60.54,103786.23,1
2025-05-25,2025-05-25 13:51:00,1727.13,1727.19,1727.13,1727.19,0.0,60.54,103786.23,1
2025-05-25,2025-05-25 13:52:00,1727.19,1727.24,1727.19,1727.24,0.0,60.54,103786.23,1
2025-05-25,2025-05-25 13:53:00,1727.24,1727.3,1727.24,1727.3,0.0,60.54,103786.23,1
2025-05-25,2025-05-25 13:54:00,1727.3,1727.36,1727.3,1727.36,0.0,60.54,103786.23,1
2025-05-25,2025-05-25 13:55:00,1727.36,1727.41,1727.36,1727.41,0.0,60.54,103786.23,1
2025-05-25,2025-05-25 13:56:00,1727.41,1727.47,1727.41,1727.47,0.0,60.54,103786.23,1
2025-05-25,2025-05-25 13:57:00,1727.47,1727.52,1727.47,1727.52,0.0,60.54,103786.23,1
2025-05-25,2025-05-25 13:58:00,1727.52,1727.58,1727.52,1727.58,0.0,60.54,103786.23,1
2025-05-25,2025-05-25 13:59:00,1727.58,1727.63,1727.58,1727.63,0.0,60.54,103786.23,1
2025-05-25,2025-05-25 14:00:00,1727.63,1727.69,1727.63,1727.69,0.0,60.54,103786.23,1
2025-05-25,2025-05-25 14:01:00,1727.69,1727.75,1727.69,1727.75,0.0,60.54,103786.23,1
2025-05-25,2025-05-25 14:02:00,1727.75,1727.8,1727.75,1727.8,0.0,60.54,103786.23,1
2025-05-25,2025-05-25 14:03:00,1727.8,1727.86,1727.8,1727.86,0.0,60.54,103786.23,1
2025-05-25,2025-05-25 14:04:00,1727.86,1727.91,1727.86,1727.91,0.0,60.54,103786.23,1
2025-05-25,2025-05-25 14:05:00,1727.91,1727.97,1727.91,1727.97,0.0,60.54,103786.23,1
2025-05-25,2025-05-25 14:06:00,1727.97,1728.03,1727.97,1728.03,0.0,60.54,103786.23,1
2025-05-25,2025-05-25 14:07:00,1728.03,1728.08,1728.03,1728.08,0.0,60.54,103786.23,1
2025-05-25,2025-05-25 14:08:00,1728.08,1728.14,1728.08,1728.14,0.0,60.54,103786.23,1
2025-05-25,2025-05-25 14:09:00,1728.14,1728.19,1728.14,1728.19,0.0,60.54,103786.23,1
2025-05-25,2025-05-25 14:10:00,1728.19,1728.25,1728.19,1728.25,0.0,60.54,103786.23,1
2025-05-25,2025-05-25 14:11:00,1728.25,1728.3,1728.25,1728.3,0.0,60.54,103786.23,1
2025-05-25,2025-05-25 14:12:00,1728.3,1728.36,1728.3,1728.36,0.0,60.54,103786.23,1
2025-05-25,2025-05-25 14:13:00,1728.36,1728.42,1728.36,1728.42,0.0,60.54,103786.23,1
2025-05-25,2025-05-25 14:14:00,1728.42,1728.47,1728.42,1728.47,0.0,60.54,103786.23,1
2025-05-25,2025-05-25 14:15:00,1728.47,1728.53,1728.47,1728.53,0.0,60.54,103786.23,1
2025-05-25,2025-05-25 14:16:00,1728.53,1728.58,1728.53,1728.58,0.0,60.54,103786.23,1
2025-05-25,2025-05-25 14:17:00,1728.58,1728.64,1728.58,1728.64,0.0,60.54,103786.23,1
2025-05-25,2025-05-25 14:18:00,1728.64,1728.69,1728.64,1728.69,0.0,60.54,103786.23,1
2025-05-25,2025-05-25 14:19:00,1728.69,1728.75,1728.69,1728.75,0.0,60.54,103786.23,1
2025-05-25,2025-05-25 14:20:00,1728.75,1728.81,1728.75,1728.81,0.0,60.54,103786.23,1
2025-05-25,2025-05-25 14:21:00,1728.81,1728.86,1728.81,1728.86,0.0,60.54,103786.23,1
2025-05-25,2025-05-25 14:22:00,1728.86,1728.92,1728.86,1728.92,0.0,60.54,103786.23,1
2025-05-25,2025-05-25 14:23:00,1728.92,1728.97,1728.92,1728.97,0.0,60.54,103786.23,1
2025-05-25,2025-05-25 14:24:00,1728.97,1729.03,1728.97,1729.03,0.0,60.54,103786.23,1
2025-05-25,2025-05-25 14:25:00,1729.03,1729.08,1729.03,1729.08,0.0,60.54,103786.23,1
2025-05-25,2025-05-25 14:26:00,1729.08,1729.14,1729.08,1729.14,0.0,60.54,103786.23,1
2025-05-25,2025-05-25 14:27:00,1729.14,1729.2,1729.14,1729.2,0.0,60.54,103786.23,1
2025-05-25,2025-05-25 14:28:00,1729.2,1729.25,1729.2,1729.25,0.0,60.54,103786.23,1
2025-05-25,2025-05-25 14:29:00,1729.25,1729.31,1729.25,1729.31,0.0,60.54,103786.23,1
2025-05-25,2025-05-25 14:30:00,1729.31,1729.36,1729.31,1729.36,0.0,60.54,103786.23,1
2025-05-25,2025-05-25 14:31:00,1729.36,1729.42,1729.36,1729.42,0.0,60.54,103786.23,1
2025-05-25,2025-05-25 14:32:00,1729.42,1729.47,1729.42,1729.47,0.0,60.54,103786.23,1
2025-05-25,2025-05-25 14:33:00,1729.47,1729.53,1729.47,1729.53,0.0,60.54,103786.23,1
2025-05-25,2025-05-25 14:34:00,1729.53,1729.59,1729.53,1729.59,0.0,60.54,103786.23,1
2025-05-25,2025-05-25 14:35:00,1729.59,1729.64,1729.59,1729.64,0.0,60.54,103786.23,1
2025-05-25,2025-05-25 14:36:00,1729.64,1729.7,1729.64,1729.7,0.0,60.54,103786.23,1
2025-05-25,2025-05-25 14:37:00,1729.7,1729.75,1729.7,1729.75,0.0,60.54,103786.23,1
2025-05-25,2025-05-25 14:38:00,1729.75,1729.81,1729.75,1729.81,0.0,60.54,103786.23,1
2025-05-25,2025-05-25 14:39:00,1729.81,1729.87,1729.81,1729.87,0.0,60.54,103786.23,1
2025-05-25,2025-05-25 14:40:00,1729.87,1729.92,1729.87,1729.92,0.0,60.54,103786.23,1
2025-05-25,2025-05-25 14:41:00,1729.92,1729.98,1729.92,1729.98,0.0,60.54,103786.23,1
2025-05-25,2025-05-25 14:42:00,1729.98,1730.03,1729.98,1730.03,0.0,60.54,103786.23,1
2025-05-25,2025-05-25 14:43:00,1730.03,1730.09,1730.03,1730.09,0.0,60.54,103786.23,1
2025-05-25,2025-05-25 14:44:00,1730.09,1730.14,1730.09,1730.14,0.0,60.54,103786.23,1
2025-05-25,2025-05-25 14:45:00,1730.14,1730.2,1730.14,1730.2,0.0,60.54,103786.23,1
2025-05-25,2025-05-25 14:46:00,1730.2,1730.26,1730.2,1730.26,0.0,60.54,103786.23,1
2025-05-25,2025-05-25 14:47:00,1730.26,1730.31,1730.26,1730.31,0.0,60.54,103786.23,1
2025-05-25,2025-05-25 14:48:00,1730.31,1730.37,1730.31,1730.37,0.0,60.54,103786.23,1
2025-05-25,2025-05-25 14:49:00,1730.37,1730.42,1730.37,1730.42,0.0,60.54,103786.23,1
2025-05-25,2025-05-25 14:50:00,1730.42,1730.48,1730.42,1730.48,0.0,60.54,103786.23,1
2025-05-25,2025-05-25 14:51:00,1730.48,1730.53,1730.48,1730.53,0.0,60.54,103786.23,1
2025-05-25,2025-05-25 14:52:00,1730.53,1730.59,1730.53,1730.59,0.0,60.54,103786.23,1
2025-05-25,2025-05-25 14:53:00,1730.59,1730.65,1730.59,1730.65,0.0,60.54,103786.23,1
2025-05-25,2025-05-25 14:54:00,1730.65,1730.7,1730.65,1730.7,0.0,60.54,103786.23,1
2025-05-25,2025-05-25 14:55:00,1730.7,1730.76,1730.7,1730.76,0.0,60.54,103786.23,1
2025-05-25,2025-05-25 14:56:00,1730.76,1730.81,1730.76,1730.81,0.0,60.54,103786.23,1
2025-05-25,2025-05-25 14:57:00,1730.81,1730.87,1730.81,1730.87,0.0,60.54,103786.23,1
2025-05-25,2025-05-25 14:58:00,1730.87,1730.92,1730.87,1730.92,0.0,60.54,103786.23,1
2025-05-25,2025-05-25 14:59:00,1730.92,1730.98,1730.92,1730.98,0.0,60.54,103786.23,1
2025-05-25,2025-05-25 15:00:00,1730.98,1740.0,1683.5,1730.98,0.0,60.54,103786.23,0
2025-05-26,2025-05-26 11:00:00,1755.0,1755.0,1735.8,1754.75,-0.01,26.92,46046.02,-1
2025-05-26,2025-05-26 11:01:00,1754.75,1754.75,1754.5,1754.5,-0.01,26.92,46046.02,-1
2025-05-26,2025-05-26 11:02:00,1754.5,1754.5,1754.26,1754.26,-0.01,26.92,46046.02,-1
2025-05-26,2025-05-26 11:03:00,1754.26,1754.26,1754.01,1754.01,-0.01,26.92,46046.02,-1
2025-05-26,2025-05-26 11:04:00,1754.01,1754.01,1753.76,1753.76,-0.01,26.92,46046.02,-1
2025-05-26,2025-05-26 11:05:00,1753.76,1753.76,1753.51,1753.51,-0.01,26.92,46046.02,-1
2025-05-26,2025-05-26 11:06:00,1753.51,1753.51,1753.26,1753.26,-0.01,26.92,46046.02,-1
2025-05-26,2025-05-26 11:07:00,1753.26,1753.26,1753.02,1753.02,-0.01,26.92,46046.02,-1
2025-05-26,2025-05-26 11:08:00,1753.02,1753.02,1752.77,1752.77,-0.01,26.92,46046.02,-1
2025-05-26,2025-05-26 11:09:00,1752.77,1752.77,1752.52,1752.52,-0.01,26.92,46046.02,-1
2025-05-26,2025-05-26 11:10:00,1752.52,1752.52,1752.27,1752.27,-0.01,26.92,46046.02,-1
2025-05-26,2025-05-26 11:11:00,1752.27,1752.27,1752.03,1752.03,-0.01,26.92,46046.02,-1
2025-05-26,2025-05-26 11:12:00,1752.03,1752.03,1751.78,1751.78,-0.01,26.92,46046.02,-1
2025-05-26,2025-05-26 11:13:00,1751.78,1751.78,1751.53,1751.53,-0.01,26.92,46046.02,-1
2025-05-26,2025-05-26 11:14:00,1751.53,1751.53,1751.28,1751.28,-0.01,26.92,46046.02,-1
2025-05-26,2025-05-26 11:15:00,1751.28,1751.28,1751.03,1751.03,-0.01,26.92,46046.02,-1
2025-05-26,2025-05-26 11:16:00,1751.03,1751.03,1750.79,1750.79,-0.01,26.92,46046.02,-1
2025-05-26,2025-05-26 11:17:00,1750.79,1750.79,1750.54,1750.54,-0.01,26.92,46046.02,-1
2025-05-26,2025-05-26 11:18:00,1750.54,1750.54,1750.29,1750.29,-0.01,26.92,46046.02,-1
2025-05-26,2025-05-26 11:19:00,1750.29,1750.29,1750.04,1750.04,-0.01,26.92,46046.02,-1
2025-05-26,2025-05-26 11:20:00,1750.04,1750.04,1749.79,1749.79,-0.01,26.92,46046.02,-1
2025-05-26,2025-05-26 11:21:00,1749.79,1749.79,1749.55,1749.55,-0.01,26.92,46046.02,-1
2025-05-26,2025-05-26 11:22:00,1749.55,1749.55,1749.3,1749.3,-0.01,26.92,46046.02,-1
2025-05-26,2025-05-26 11:23:00,1749.3,1749.3,1749.05,1749.05,-0.01,26.92,46046.02,-1
2025-05-26,2025-05-26 11:24:00,1749.05,1749.05,1748.8,1748.8,-0.01,26.92,46046.02,-1
2025-05-26,2025-05-26 11:25:00,1748.8,1748.8,1748.55,1748.55,-0.01,26.92,46046.02,-1
2025-05-26,2025-05-26 11:26:00,1748.55,1748.55,1748.31,1748.31,-0.01,26.92,46046.02,-1
2025-05-26,2025-05-26 11:27:00,1748.31,1748.31,1748.06,1748.06,-0.01,26.92,46046.02,-1
2025-05-26,2025-05-26 11:28:00,1748.06,1748.06,1747.81,1747.81,-0.01,26.92,46046.02,-1
2025-05-26,2025-05-26 11:29:00,1747.81,1747.81,1747.56,1747.56,-0.01,26.92,46046.02,-1
2025-05-26,2025-05-26 11:30:00,1747.56,1747.56,1747.31,1747.31,-0.01,26.92,46046.02,-1
2025-05-26,2025-05-26 11:31:00,1747.31,1747.31,1747.07,1747.07,-0.01,26.92,46046.02,-1
2025-05-26,2025-05-26 11:32:00,1747.07,1747.07,1746.82,1746.82,-0.01,26.92,46046.02,-1
2025-05-26,2025-05-26 11:33:00,1746.82,1746.82,1746.57,1746.57,-0.01,26.92,46046.02,-1
2025-05-26,2025-05-26 11:34:00,1746.57,1746.57,1746.32,1746.32,-0.01,26.92,46046.02,-1
2025-05-26,2025-05-26 11:35:00,1746.32,1746.32,1746.08,1746.08,-0.01,26.92,46046.02,-1
2025-05-26,2025-05-26 11:36:00,1746.08,1746.08,1745.83,1745.83,-0.01,26.92,46046.02,-1
2025-05-26,2025-05-26 11:37:00,1745.83,1745.83,1745.58,1745.58,-0.01,26.92,46046.02,-1
2025-05-26,2025-05-26 11:38:00,1745.58,1745.58,1745.33,1745.33,-0.01,26.92,46046.02,-1
2025-05-26,2025-05-26 11:39:00,1745.33,1745.33,1745.08,1745.08,-0.01,26.92,46046.02,-1
2025-05-26,2025-05-26 11:40:00,1745.08,1745.08,1744.84,1744.84,-0.01,26.92,46046.02,-1
2025-05-26,2025-05-26 11:41:00,1744.84,1744.84,1744.59,1744.59,-0.01,26.92,46046.02,-1
2025-05-26,2025-05-26 11:42:00,1744.59,1744.59,1744.34,1744.34,-0.01,26.92,46046.02,-1
2025-05-26,2025-05-26 11:43:00,1744.34,1744.34,1744.09,1744.09,-0.01,26.92,46046.02,-1
2025-05-26,2025-05-26 11:44:00,1744.09,1744.09,1743.84,1743.84,-0.01,26.92,46046.02,-1
2025-05-26,2025-05-26 11:45:00,1743.84,1743.84,1743.6,1743.6,-0.01,26.92,46046.02,-1
2025-05-26,2025-05-26 11:46:00,1743.6,1743.6,1743.35,1743.35,-0.01,26.92,46046.02,-1
2025-05-26,2025-05-26 11:47:00,1743.35,1743.35,1743.1,1743.1,-0.01,26.92,46046.02,-1
2025-05-26,2025-05-26 11:48:00,1743.1,1743.1,1742.85,1742.85,-0.01,26.92,46046.02,-1
2025-05-26,2025-05-26 11:49:00,1742.85,1742.85,1742.6,1742.6,-0.01,26.92,46046.02,-1
2025-05-26,2025-05-26 11:50:00,1742.6,1742.6,1742.36,1742.36,-0.01,26.92,46046.02,-1
2025-05-26,2025-05-26 11:51:00,1742.36,1742.36,1742.11,1742.11,-0.01,26.92,46046.02,-1
2025-05-26,2025-05-26 11:52:00,1742.11,1742.11,1741.86,1741.86,-0.01,26.92,46046.02,-1
2025-05-26,2025-05-26 11:53:00,1741.86,1741.86,1741.61,1741.61,-0.01,26.92,46046.02,-1
2025-05-26,2025-05-26 11:54:00,1741.61,1741.61,1741.36,1741.36,-0.01,26.92,46046.02,-1
2025-05-26,2025-05-26 11:55:00,1741.36,1741.36,1741.12,1741.12,-0.01,26.92,46046.02,-1
2025-05-26,2025-05-26 11:56:00,1741.12,1741.12,1740.87,1740.87,-0.01,26.92,46046.02,-1
2025-05-26,2025-05-26 11:57:00,1740.87,1740.87,1740.62,1740.62,-0.01,26.92,46046.02,-1
2025-05-26,2025-05-26 11:58:00,1740.62,1740.62,1740.37,1740.37,-0.01,26.92,46046.02,-1
2025-05-26,2025-05-26 11:59:00,1740.37,1740.37,1740.12,1740.12,-0.01,26.92,46046.02,-1
2025-05-26,2025-05-26 12:00:00,1740.12,1740.12,1739.88,1739.88,-0.01,26.92,46046.02,-1
2025-05-26,2025-05-26 12:01:00,1739.88,1739.88,1739.63,1739.63,-0.01,26.92,46046.02,-1
2025-05-26,2025-05-26 12:02:00,1739.63,1739.63,1739.38,1739.38,-0.01,26.92,46046.02,-1
2025-05-26,2025-05-26 12:03:00,1739.38,1739.38,1739.13,1739.13,-0.01,26.92,46046.02,-1
2025-05-26,2025-05-26 12:04:00,1739.13,1739.13,1738.89,1738.89,-0.01,26.92,46046.02,-1
2025-05-26,2025-05-26 12:05:00,1738.89,1738.89,1738.64,1738.64,-0.01,26.92,46046.02,-1
2025-05-26,2025-05-26 12:06:00,1738.64,1738.64,1738.39,1738.39,-0.01,26.92,46046.02,-1
2025-05-26,2025-05-26 12:07:00,1738.39,1738.39,1738.14,1738.14,-0.01,26.92,46046.02,-1
2025-05-26,2025-05-26 12:08:00,1738.14,1738.14,1737.89,1737.89,-0.01,26.92,46046.02,-1
2025-05-26,2025-05-26 12:09:00,1737.89,1737.89,1737.65,1737.65,-0.01,26.92,46046.02,-1
2025-05-26,2025-05-26 12:10:00,1737.65,1737.65,1737.4,1737.4,-0.01,26.92,46046.02,-1
2025-05-26,2025-05-26 12:11:00,1737.4,1737.4,1737.15,1737.15,-0.01,26.92,46046.02,-1
2025-05-26,2025-05-26 12:12:00,1737.15,1737.15,1736.9,1736.9,-0.01,26.92,46046.02,-1
2025-05-26,2025-05-26 12:13:00,1736.9,1736.9,1736.65,1736.65,-0.01,26.92,46046.02,-1
2025-05-26,2025-05-26 12:14:00,1736.65,1736.65,1736.41,1736.41,-0.01,26.92,46046.02,-1
2025-05-26,2025-05-26 12:15:00,1736.41,1736.41,1736.16,1736.16,-0.01,26.92,46046.02,-1
2025-05-26,2025-05-26 12:16:00,1736.16,1736.16,1735.91,1735.91,-0.01,26.92,46046.02,-1
2025-05-26,2025-05-26 12:17:00,1735.91,1735.91,1735.66,1735.66,-0.01,26.92,46046.02,-1
2025-05-26,2025-05-26 12:18:00,1735.66,1735.66,1735.41,1735.41,-0.01,26.92,46046.02,-1
2025-05-26,2025-05-26 12:19:00,1735.41,1735.41,1735.17,1735.17,-0.01,26.92,46046.02,-1
2025-05-26,2025-05-26 12:20:00,1735.17,1735.17,1734.92,1734.92,-0.01,26.92,46046.02,-1
2025-05-26,2025-05-26 12:21:00,1734.92,1734.92,1734.67,1734.67,-0.01,26.92,46046.02,-1
2025-05-26,2025-05-26 12:22:00,1734.67,1734.67,1734.42,1734.42,-0.01,26.92,46046.02,-1
2025-05-26,2025-05-26 12:23:00,1734.42,1734.42,1734.17,1734.17,-0.01,26.92,46046.02,-1
2025-05-26,2025-05-26 12:24:00,1734.17,1734.17,1733.93,1733.93,-0.01,26.92,46046.02,-1
2025-05-26,2025-05-26 12:25:00,1733.93,1733.93,1733.68,1733.68,-0.01,26.92,46046.02,-1
2025-05-26,2025-05-26 12:26:00,1733.68,1733.68,1733.43,1733.43,-0.01,26.92,46046.02,-1
2025-05-26,2025-05-26 12:27:00,1733.43,1733.43,1733.18,1733.18,-0.01,26.92,46046.02,-1
2025-05-26,2025-05-26 12:28:00,1733.18,1733.18,1732.94,1732.94,-0.01,26.92,46046.02,-1
2025-05-26,2025-05-26 12:29:00,1732.94,1732.94,1732.69,1732.69,-0.01,26.92,46046.02,-1
2025-05-26,2025-05-26 12:30:00,1732.69,1732.69,1732.44,1732.44,-0.01,26.92,46046.02,-1
2025-05-26,2025-05-26 12:31:00,1732.44,1732.44,1732.19,1732.19,-0.01,26.92,46046.02,-1
2025-05-26,2025-05-26 12:32:00,1732.19,1732.19,1731.94,1731.94,-0.01,26.92,46046.02,-1
2025-05-26,2025-05-26 12:33:00,1731.94,1731.94,1731.7,1731.7,-0.01,26.92,46046.02,-1
2025-05-26,2025-05-26 12:34:00,1731.7,1731.7,1731.45,1731.45,-0.01,26.92,46046.02,-1
2025-05-26,2025-05-26 12:35:00,1731.45,1731.45,1731.2,1731.2,-0.01,26.92,46046.02,-1
2025-05-26,2025-05-26 12:36:00,1731.2,1731.2,1730.95,1730.95,-0.01,26.92,46046.02,-1
2025-05-26,2025-05-26 12:37:00,1730.95,1730.95,1730.7,1730.7,-0.01,26.92,46046.02,-1
2025-05-26,2025-05-26 12:38:00,1730.7,1730.7,1730.46,1730.46,-0.01,26.92,46046.02,-1
2025-05-26,2025-05-26 12:39:00,1730.46,1730.46,1730.21,1730.21,-0.01,26.92,46046.02,-1
2025-05-26,2025-05-26 12:40:00,1730.21,1730.21,1729.96,1729.96,-0.01,26.92,46046.02,-1
2025-05-26,2025-05-26 12:41:00,1729.96,1729.96,1729.71,1729.71,-0.01,26.92,46046.02,-1
2025-05-26,2025-05-26 12:42:00,1729.71,1729.71,1729.46,1729.46,-0.01,26.92,46046.02,-1
2025-05-26,2025-05-26 12:43:00,1729.46,1729.46,1729.22,1729.22,-0.01,26.92,46046.02,-1
2025-05-26,2025-05-26 12:44:00,1729.22,1729.22,1728.97,1728.97,-0.01,26.92,46046.02,-1
2025-05-26,2025-05-26 12:45:00,1728.97,1728.97,1728.72,1728.72,-0.01,26.92,46046.02,-1
2025-05-26,2025-05-26 12:46:00,1728.72,1728.72,1728.47,1728.47,-0.01,26.92,46046.02,-1
2025-05-26,2025-05-26 12:47:00,1728.47,1728.47,1728.22,1728.22,-0.01,26.92,46046.02,-1
2025-05-26,2025-05-26 12:48:00,1728.22,1728.22,1727.98,1727.98,-0.01,26.92,46046.02,-1
2025-05-26,2025-05-26 12:49:00,1727.98,1727.98,1727.73,1727.73,-0.01,26.92,46046.02,-1
2025-05-26,2025-05-26 12:50:00,1727.73,1727.73,1727.48,1727.48,-0.01,26.92,46046.02,-1
2025-05-26,2025-05-26 12:51:00,1727.48,1727.48,1727.23,1727.23,-0.01,26.92,46046.02,-1
2025-05-26,2025-05-26 12:52:00,1727.23,1727.23,1726.99,1726.99,-0.01,26.92,46046.02,-1
2025-05-26,2025-05-26 12:53:00,1726.99,1726.99,1726.74,1726.74,-0.01,26.92,46046.02,-1
2025-05-26,2025-05-26 12:54:00,1726.74,1726.74,1726.49,1726.49,-0.01,26.92,46046.02,-1
2025-05-26,2025-05-26 12:55:00,1726.49,1726.49,1726.24,1726.24,-0.01,26.92,46046.02,-1
2025-05-26,2025-05-26 12:56:00,1726.24,1726.24,1725.99,1725.99,-0.01,26.92,46046.02,-1
2025-05-26,2025-05-26 12:57:00,1725.99,1725.99,1725.75,1725.75,-0.01,26.92,46046.02,-1
2025-05-26,2025-05-26 12:58:00,1725.75,1725.75,1725.5,1725.5,-0.01,26.92,46046.02,-1
2025-05-26,2025-05-26 12:59:00,1725.5,1725.5,1725.25,1725.25,-0.01,26.92,46046.02,-1
2025-05-26,2025-05-26 13:00:00,1725.25,1755.0,1691.0,1725.0,-0.01,26.92,46046.02,-1
2025-05-26,2025-05-26 13:01:00,1725.0,1725.0,1724.75,1724.75,-0.01,26.92,46046.02,-1
2025-05-26,2025-05-26 13:02:00,1724.75,1724.75,1724.51,1724.51,-0.01,26.92,46046.02,-1
2025-05-26,2025-05-26 13:03:00,1724.51,1724.51,1724.26,1724.26,-0.01,26.92,46046.02,-1
2025-05-26,2025-05-26 13:04:00,1724.26,1724.26,1724.01,1724.01,-0.01,26.92,46046.02,-1
2025-05-26,2025-05-26 13:05:00,1724.01,1724.01,1723.76,1723.76,-0.01,26.92,46046.02,-1
2025-05-26,2025-05-26 13:06:00,1723.76,1723.76,1723.51,1723.51,-0.01,26.92,46046.02,-1
2025-05-26,2025-05-26 13:07:00,1723.51,1723.51,1723.27,1723.27,-0.01,26.92,46046.02,-1
2025-05-26,2025-05-26 13:08:00,1723.27,1723.27,1723.02,1723.02,-0.01,26.92,46046.02,-1
2025-05-26,2025-05-26 13:09:00,1723.02,1723.02,1722.77,1722.77,-0.01,26.92,46046.02,-1
2025-05-26,2025-05-26 13:10:00,1722.77,1722.77,1722.52,1722.52,-0.01,26.92,46046.02,-1
2025-05-26,2025-05-26 13:11:00,1722.52,1722.52,1722.28,1722.28,-0.01,26.92,46046.02,-1
2025-05-26,2025-05-26 13:12:00,1722.28,1722.28,1722.03,1722.03,-0.01,26.92,46046.02,-1
2025-05-26,2025-05-26 13:13:00,1722.03,1722.03,1721.78,1721.78,-0.01,26.92,46046.02,-1
2025-05-26,2025-05-26 13:14:00,1721.78,1721.78,1721.53,1721.53,-0.01,26.92,46046.02,-1
2025-05-26,2025-05-26 13:15:00,1721.53,1721.53,1721.28,1721.28,-0.01,26.92,46046.02,-1
2025-05-26,2025-05-26 13:16:00,1721.28,1721.28,1721.04,1721.04,-0.01,26.92,46046.02,-1
2025-05-26,2025-05-26 13:17:00,1721.04,1721.04,1720.79,1720.79,-0.01,26.92,46046.02,-1
2025-05-26,2025-05-26 13:18:00,1720.79,1720.79,1720.54,1720.54,-0.01,26.92,46046.02,-1
2025-05-26,2025-05-26 13:19:00,1720.54,1720.54,1720.29,1720.29,-0.01,26.92,46046.02,-1
2025-05-26,2025-05-26 13:20:00,1720.29,1720.29,1720.04,1720.04,-0.01,26.92,46046.02,-1
2025-05-26,2025-05-26 13:21:00,1720.04,1720.04,1719.8,1719.8,-0.01,26.92,46046.02,-1
2025-05-26,2025-05-26 13:22:00,1719.8,1719.8,1719.55,1719.55,-0.01,26.92,46046.02,-1
2025-05-26,2025-05-26 13:23:00,1719.55,1719.55,1719.3,1719.3,-0.01,26.92,46046.02,-1
2025-05-26,2025-05-26 13:24:00,1719.3,1719.3,1719.05,1719.05,-0.01,26.92,46046.02,-1
2025-05-26,2025-05-26 13:25:00,1719.05,1719.05,1718.8,1718.8,-0.01,26.92,46046.02,-1
2025-05-26,2025-05-26 13:26:00,1718.8,1718.8,1718.56,1718.56,-0.01,26.92,46046.02,-1
2025-05-26,2025-05-26 13:27:00,1718.56,1718.56,1718.31,1718.31,-0.01,26.92,46046.02,-1
2025-05-26,2025-05-26 13:28:00,1718.31,1718.31,1718.06,1718.06,-0.01,26.92,46046.02,-1
2025-05-26,2025-05-26 13:29:00,1718.06,1718.06,1717.81,1717.81,-0.01,26.92,46046.02,-1
2025-05-26,2025-05-26 13:30:00,1717.81,1717.81,1717.56,1717.56,-0.01,26.92,46046.02,-1
2025-05-26,2025-05-26 13:31:00,1717.56,1717.56,1717.32,1717.32,-0.01,26.92,46046.02,-1
2025-05-26,2025-05-26 13:32:00,1717.32,1717.32,1717.07,1717.07,-0.01,26.92,46046.02,-1
2025-05-26,2025-05-26 13:33:00,1717.07,1717.07,1716.82,1716.82,-0.01,26.92,46046.02,-1
2025-05-26,2025-05-26 13:34:00,1716.82,1716.82,1716.57,1716.57,-0.01,26.92,46046.02,-1
2025-05-26,2025-05-26 13:35:00,1716.57,1716.57,1716.33,1716.33,-0.01,26.92,46046.02,-1
2025-05-26,2025-05-26 13:36:00,1716.33,1716.33,1716.08,1716.08,-0.01,26.92,46046.02,-1
2025-05-26,2025-05-26 13:37:00,1716.08,1716.08,1715.83,1715.83,-0.01,26.92,46046.02,-1
2025-05-26,2025-05-26 13:38:00,1715.83,1715.83,1715.58,1715.58,-0.01,26.92,46046.02,-1
2025-05-26,2025-05-26 13:39:00,1715.58,1715.58,1715.33,1715.33,-0.01,26.92,46046.02,-1
2025-05-26,2025-05-26 13:40:00,1715.33,1715.33,1715.09,1715.09,-0.01,26.92,46046.02,-1
2025-05-26,2025-05-26 13:41:00,1715.09,1715.09,1714.84,1714.84,-0.01,26.92,46046.02,-1
2025-05-26,2025-05-26 13:42:00,1714.84,1714.84,1714.59,1714.59,-0.01,26.92,46046.02,-1
2025-05-26,2025-05-26 13:43:00,1714.59,1714.59,1714.34,1714.34,-0.01,26.92,46046.02,-1
2025-05-26,2025-05-26 13:44:00,1714.34,1714.34,1714.09,1714.09,-0.01,26.92,46046.02,-1
2025-05-26,2025-05-26 13:45:00,1714.09,1714.09,1713.85,1713.85,-0.01,26.92,46046.02,-1
2025-05-26,2025-05-26 13:46:00,1713.85,1713.85,1713.6,1713.6,-0.01,26.92,46046.02,-1
2025-05-26,2025-05-26 13:47:00,1713.6,1713.6,1713.35,1713.35,-0.01,26.92,46046.02,-1
2025-05-26,2025-05-26 13:48:00,1713.35,1713.35,1713.1,1713.1,-0.01,26.92,46046.02,-1
2025-05-26,2025-05-26 13:49:00,1713.1,1713.1,1712.85,1712.85,-0.01,26.92,46046.02,-1
2025-05-26,2025-05-26 13:50:00,1712.85,1712.85,1712.61,1712.61,-0.01,26.92,46046.02,-1
2025-05-26,2025-05-26 13:51:00,1712.61,1712.61,1712.36,1712.36,-0.01,26.92,46046.02,-1
2025-05-26,2025-05-26 13:52:00,1712.36,1712.36,1712.11,1712.11,-0.01,26.92,46046.02,-1
2025-05-26,2025-05-26 13:53:00,1712.11,1712.11,1711.86,1711.86,-0.01,26.92,46046.02,-1
2025-05-26,2025-05-26 13:54:00,1711.86,1711.86,1711.61,1711.61,-0.01,26.92,46046.02,-1
2025-05-26,2025-05-26 13:55:00,1711.61,1711.61,1711.37,1711.37,-0.01,26.92,46046.02,-1
2025-05-26,2025-05-26 13:56:00,1711.37,1711.37,1711.12,1711.12,-0.01,26.92,46046.02,-1
2025-05-26,2025-05-26 13:57:00,1711.12,1711.12,1710.87,1710.87,-0.01,26.92,46046.02,-1
2025-05-26,2025-05-26 13:58:00,1710.87,1710.87,1710.62,1710.62,-0.01,26.92,46046.02,-1
2025-05-26,2025-05-26 13:59:00,1710.62,1710.62,1710.38,1710.38,-0.01,26.92,46046.02,-1
2025-05-26,2025-05-26 14:00:00,1710.38,1710.38,1710.13,1710.13,-0.01,26.92,46046.02,-1
2025-05-26,2025-05-26 14:01:00,1710.13,1710.13,1709.88,1709.88,-0.01,26.92,46046.02,-1
2025-05-26,2025-05-26 14:02:00,1709.88,1709.88,1709.63,1709.63,-0.01,26.92,46046.02,-1
2025-05-26,2025-05-26 14:03:00,1709.63,1709.63,1709.38,1709.38,-0.01,26.92,46046.02,-1
2025-05-26,2025-05-26 14:04:00,1709.38,1709.38,1709.14,1709.14,-0.01,26.92,46046.02,-1
2025-05-26,2025-05-26 14:05:00,1709.14,1709.14,1708.89,1708.89,-0.01,26.92,46046.02,-1
2025-05-26,2025-05-26 14:06:00,1708.89,1708.89,1708.64,1708.64,-0.01,26.92,46046.02,-1
2025-05-26,2025-05-26 14:07:00,1708.64,1708.64,1708.39,1708.39,-0.01,26.92,46046.02,-1
2025-05-26,2025-05-26 14:08:00,1708.39,1708.39,1708.14,1708.14,-0.01,26.92,46046.02,-1
2025-05-26,2025-05-26 14:09:00,1708.14,1708.14,1707.9,1707.9,-0.01,26.92,46046.02,-1
2025-05-26,2025-05-26 14:10:00,1707.9,1707.9,1707.65,1707.65,-0.01,26.92,46046.02,-1
2025-05-26,2025-05-26 14:11:00,1707.65,1707.65,1707.4,1707.4,-0.01,26.92,46046.02,-1
2025-05-26,2025-05-26 14:12:00,1707.4,1707.4,1707.15,1707.15,-0.01,26.92,46046.02,-1
2025-05-26,2025-05-26 14:13:00,1707.15,1707.15,1706.9,1706.9,-0.01,26.92,46046.02,-1
2025-05-26,2025-05-26 14:14:00,1706.9,1706.9,1706.66,1706.66,-0.01,26.92,46046.02,-1
2025-05-26,2025-05-26 14:15:00,1706.66,1706.66,1706.41,1706.41,-0.01,26.92,46046.02,-1
2025-05-26,2025-05-26 14:16:00,1706.41,1706.41,1706.16,1706.16,-0.01,26.92,46046.02,-1
2025-05-26,2025-05-26 14:17:00,1706.16,1706.16,1705.91,1705.91,-0.01,26.92,46046.02,-1
2025-05-26,2025-05-26 14:18:00,1705.91,1705.91,1705.66,1705.66,-0.01,26.92,46046.02,-1
2025-05-26,2025-05-26 14:19:00,1705.66,1705.66,1705.42,1705.42,-0.01,26.92,46046.02,-1
2025-05-26,2025-05-26 14:20:00,1705.42,1705.42,1705.17,1705.17,-0.01,26.92,46046.02,-1
2025-05-26,2025-05-26 14:21:00,1705.17,1705.17,1704.92,1704.92,-0.01,26.92,46046.02,-1
2025-05-26,2025-05-26 14:22:00,1704.92,1704.92,1704.67,1704.67,-0.01,26.92,46046.02,-1
2025-05-26,2025-05-26 14:23:00,1704.67,1704.67,1704.42,1704.42,-0.01,26.92,46046.02,-1
2025-05-26,2025-05-26 14:24:00,1704.42,1704.42,1704.18,1704.18,-0.01,26.92,46046.02,-1
2025-05-26,2025-05-26 14:25:00,1704.18,1704.18,1703.93,1703.93,-0.01,26.92,46046.02,-1
2025-05-26,2025-05-26 14:26:00,1703.93,1703.93,1703.68,1703.68,-0.01,26.92,46046.02,-1
2025-05-26,2025-05-26 14:27:00,1703.68,1703.68,1703.43,1703.43,-0.01,26.92,46046.02,-1
2025-05-26,2025-05-26 14:28:00,1703.43,1703.43,1703.19,1703.19,-0.01,26.92,46046.02,-1
2025-05-26,2025-05-26 14:29:00,1703.19,1703.19,1702.94,1702.94,-0.01,26.92,46046.02,-1
2025-05-26,2025-05-26 14:30:00,1702.94,1702.94,1702.69,1702.69,-0.01,26.92,46046.02,-1
2025-05-26,2025-05-26 14:31:00,1702.69,1702.69,1702.44,1702.44,-0.01,26.92,46046.02,-1
2025-05-26,2025-05-26 14:32:00,1702.44,1702.44,1702.19,1702.19,-0.01,26.92,46046.02,-1
2025-05-26,2025-05-26 14:33:00,1702.19,1702.19,1701.95,1701.95,-0.01,26.92,46046.02,-1
2025-05-26,2025-05-26 14:34:00,1701.95,1701.95,1701.7,1701.7,-0.01,26.92,46046.02,-1
2025-05-26,2025-05-26 14:35:00,1701.7,1701.7,1701.45,1701.45,-0.01,26.92,46046.02,-1
2025-05-26,2025-05-26 14:36:00,1701.45,1701.45,1701.2,1701.2,-0.01,26.92,46046.02,-1
2025-05-26,2025-05-26 14:37:00,1701.2,1701.2,1700.95,1700.95,-0.01,26.92,46046.02,-1
2025-05-26,2025-05-26 14:38:00,1700.95,1700.95,1700.71,1700.71,-0.01,26.92,46046.02,-1
2025-05-26,2025-05-26 14:39:00,1700.71,1700.71,1700.46,1700.46,-0.01,26.92,46046.02,-1
2025-05-26,2025-05-26 14:40:00,1700.46,1700.46,1700.21,1700.21,-0.01,26.92,46046.02,-1
2025-05-26,2025-05-26 14:41:00,1700.21,1700.21,1699.96,1699.96,-0.01,26.92,46046.02,-1
2025-05-26,2025-05-26 14:42:00,1699.96,1699.96,1699.71,1699.71,-0.01,26.92,46046.02,-1
2025-05-26,2025-05-26 14:43:00,1699.71,1699.71,1699.47,1699.47,-0.01,26.92,46046.02,-1
2025-05-26,2025-05-26 14:44:00,1699.47,1699.47,1699.22,1699.22,-0.01,26.92,46046.02,-1
2025-05-26,2025-05-26 14:45:00,1699.22,1699.22,1698.97,1698.97,-0.01,26.92,46046.02,-1
2025-05-26,2025-05-26 14:46:00,1698.97,1698.97,1698.72,1698.72,-0.01,26.92,46046.02,-1
2025-05-26,2025-05-26 14:47:00,1698.72,1698.72,1698.47,1698.47,-0.01,26.92,46046.02,-1
2025-05-26,2025-05-26 14:48:00,1698.47,1698.47,1698.23,1698.23,-0.01,26.92,46046.02,-1
2025-05-26,2025-05-26 14:49:00,1698.23,1698.23,1697.98,1697.98,-0.01,26.92,46046.02,-1
2025-05-26,2025-05-26 14:50:00,1697.98,1697.98,1697.73,1697.73,-0.01,26.92,46046.02,-1
2025-05-26,2025-05-26 14:51:00,1697.73,1697.73,1697.48,1697.48,-0.01,26.92,46046.02,-1
2025-05-26,2025-05-26 14:52:00,1697.48,1697.48,1697.24,1697.24,-0.01,26.92,46046.02,-1
2025-05-26,2025-05-26 14:53:00,1697.24,1697.24,1696.99,1696.99,-0.01,26.92,46046.02,-1
2025-05-26,2025-05-26 14:54:00,1696.99,1696.99,1696.74,1696.74,-0.01,26.92,46046.02,-1
2025-05-26,2025-05-26 14:55:00,1696.74,1696.74,1696.49,1696.49,-0.01,26.92,46046.02,-1
2025-05-26,2025-05-26 14:56:00,1696.49,1696.49,1696.24,1696.24,-0.01,26.92,46046.02,-1
2025-05-26,2025-05-26 14:57:00,1696.24,1696.24,1696.0,1696.0,-0.01,26.92,46046.02,-1
2025-05-26,2025-05-26 14:58:00,1696.0,1696.0,1695.75,1695.75,-0.01,26.92,46046.02,-1
2025-05-26,2025-05-26 14:59:00,1695.75,1695.75,1695.5,1695.5,-0.01,26.92,46046.02,-1
2025-05-26,2025-05-26 15:00:00,1695.5,1755.0,1691.0,1695.5,0.0,26.92,46046.02,0
2025-05-27,2025-05-27 11:00:00,1700.0,1708.1,1689.5,1699.97,-0.0,20.28,34412.46,-1
2025-05-27,2025-05-27 11:01:00,1699.97,1699.97,1699.95,1699.95,-0.0,20.28,34412.46,-1
2025-05-27,2025-05-27 11:02:00,1699.95,1699.95,1699.92,1699.92,-0.0,20.28,34412.46,-1
2025-05-27,2025-05-27 11:03:00,1699.92,1699.92,1699.9,1699.9,-0.0,20.28,34412.46,-1
2025-05-27,2025-05-27 11:04:00,1699.9,1699.9,1699.87,1699.87,-0.0,20.28,34412.46,-1
2025-05-27,2025-05-27 11:05:00,1699.87,1699.87,1699.85,1699.85,-0.0,20.28,34412.46,-1
2025-05-27,2025-05-27 11:06:00,1699.85,1699.85,1699.82,1699.82,-0.0,20.28,34412.46,-1
2025-05-27,2025-05-27 11:07:00,1699.82,1699.82,1699.8,1699.8,-0.0,20.28,34412.46,-1
2025-05-27,2025-05-27 11:08:00,1699.8,1699.8,1699.77,1699.77,-0.0,20.28,34412.46,-1
2025-05-27,2025-05-27 11:09:00,1699.77,1699.77,1699.74,1699.74,-0.0,20.28,34412.46,-1
2025-05-27,2025-05-27 11:10:00,1699.74,1699.74,1699.72,1699.72,-0.0,20.28,34412.46,-1
2025-05-27,2025-05-27 11:11:00,1699.72,1699.72,1699.69,1699.69,-0.0,20.28,34412.46,-1
2025-05-27,2025-05-27 11:12:00,1699.69,1699.69,1699.67,1699.67,-0.0,20.28,34412.46,-1
2025-05-27,2025-05-27 11:13:00,1699.67,1699.67,1699.64,1699.64,-0.0,20.28,34412.46,-1
2025-05-27,2025-05-27 11:14:00,1699.64,1699.64,1699.62,1699.62,-0.0,20.28,34412.46,-1
2025-05-27,2025-05-27 11:15:00,1699.62,1699.62,1699.59,1699.59,-0.0,20.28,34412.46,-1
2025-05-27,2025-05-27 11:16:00,1699.59,1699.59,1699.56,1699.56,-0.0,20.28,34412.46,-1
2025-05-27,2025-05-27 11:17:00,1699.56,1699.56,1699.54,1699.54,-0.0,20.28,34412.46,-1
2025-05-27,2025-05-27 11:18:00,1699.54,1699.54,1699.51,1699.51,-0.0,20.28,34412.46,-1
2025-05-27,2025-05-27 11:19:00,1699.51,1699.51,1699.49,1699.49,-0.0,20.28,34412.46,-1
2025-05-27,2025-05-27 11:20:00,1699.49,1699.49,1699.46,1699.46,-0.0,20.28,34412.46,-1
2025-05-27,2025-05-27 11:21:00,1699.46,1699.46,1699.44,1699.44,-0.0,20.28,34412.46,-1
2025-05-27,2025-05-27 11:22:00,1699.44,1699.44,1699.41,1699.41,-0.0,20.28,34412.46,-1
2025-05-27,2025-05-27 11:23:00,1699.41,1699.41,1699.38,1699.38,-0.0,20.28,34412.46,-1
2025-05-27,2025-05-27 11:24:00,1699.38,1699.38,1699.36,1699.36,-0.0,20.28,34412.46,-1
2025-05-27,2025-05-27 11:25:00,1699.36,1699.36,1699.33,1699.33,-0.0,20.28,34412.46,-1
2025-05-27,2025-05-27 11:26:00,1699.33,1699.33,1699.31,1699.31,-0.0,20.28,34412.46,-1
2025-05-27,2025-05-27 11:27:00,1699.31,1699.31,1699.28,1699.28,-0.0,20.28,34412.46,-1
2025-05-27,2025-05-27 11:28:00,1699.28,1699.28,1699.26,1699.26,-0.0,20.28,34412.46,-1
2025-05-27,2025-05-27 11:29:00,1699.26,1699.26,1699.23,1699.23,-0.0,20.28,34412.46,-1
2025-05-27,2025-05-27 11:30:00,1699.23,1699.23,1699.21,1699.21,-0.0,20.28,34412.46,-1
2025-05-27,2025-05-27 11:31:00,1699.21,1699.21,1699.18,1699.18,-0.0,20.28,34412.46,-1
2025-05-27,2025-05-27 11:32:00,1699.18,1699.18,1699.15,1699.15,-0.0,20.28,34412.46,-1
2025-05-27,2025-05-27 11:33:00,1699.15,1699.15,1699.13,1699.13,-0.0,20.28,34412.46,-1
2025-05-27,2025-05-27 11:34:00,1699.13,1699.13,1699.1,1699.1,-0.0,20.28,34412.46,-1
2025-05-27,2025-05-27 11:35:00,1699.1,1699.1,1699.08,1699.08,-0.0,20.28,34412.46,-1
2025-05-27,2025-05-27 11:36:00,1699.08,1699.08,1699.05,1699.05,-0.0,20.28,34412.46,-1
2025-05-27,2025-05-27 11:37:00,1699.05,1699.05,1699.03,1699.03,-0.0,20.28,34412.46,-1
2025-05-27,2025-05-27 11:38:00,1699.03,1699.03,1699.0,1699.0,-0.0,20.28,34412.46,-1
2025-05-27,2025-05-27 11:39:00,1699.0,1699.0,1698.97,1698.97,-0.0,20.28,34412.46,-1
2025-05-27,2025-05-27 11:40:00,1698.97,1698.97,1698.95,1698.95,-0.0,20.28,34412.46,-1
2025-05-27,2025-05-27 11:41:00,1698.95,1698.95,1698.92,1698.92,-0.0,20.28,34412.46,-1
2025-05-27,2025-05-27 11:42:00,1698.92,1698.92,1698.9,1698.9,-0.0,20.28,34412.46,-1
2025-05-27,2025-05-27 11:43:00,1698.9,1698.9,1698.87,1698.87,-0.0,20.28,34412.46,-1
2025-05-27,2025-05-27 11:44:00,1698.87,1698.87,1698.85,1698.85,-0.0,20.28,34412.46,-1
2025-05-27,2025-05-27 11:45:00,1698.85,1698.85,1698.82,1698.82,-0.0,20.28,34412.46,-1
2025-05-27,2025-05-27 11:46:00,1698.82,1698.82,1698.8,1698.8,-0.0,20.28,34412.46,-1
2025-05-27,2025-05-27 11:47:00,1698.8,1698.8,1698.77,1698.77,-0.0,20.28,34412.46,-1
2025-05-27,2025-05-27 11:48:00,1698.77,1698.77,1698.74,1698.74,-0.0,20.28,34412.46,-1
2025-05-27,2025-05-27 11:49:00,1698.74,1698.74,1698.72,1698.72,-0.0,20.28,34412.46,-1
2025-05-27,2025-05-27 11:50:00,1698.72,1698.72,1698.69,1698.69,-0.0,20.28,34412.46,-1
2025-05-27,2025-05-27 11:51:00,1698.69,1698.69,1698.67,1698.67,-0.0,20.28,34412.46,-1
2025-05-27,2025-05-27 11:52:00,1698.67,1698.67,1698.64,1698.64,-0.0,20.28,34412.46,-1
2025-05-27,2025-05-27 11:53:00,1698.64,1698.64,1698.62,1698.62,-0.0,20.28,34412.46,-1
2025-05-27,2025-05-27 11:54:00,1698.62,1698.62,1698.59,1698.59,-0.0,20.28,34412.46,-1
2025-05-27,2025-05-27 11:55:00,1698.59,1698.59,1698.57,1698.57,-0.0,20.28,34412.46,-1
2025-05-27,2025-05-27 11:56:00,1698.57,1698.57,1698.54,1698.54,-0.0,20.28,34412.46,-1
2025-05-27,2025-05-27 11:57:00,1698.54,1698.54,1698.51,1698.51,-0.0,20.28,34412.46,-1
2025-05-27,2025-05-27 11:58:00,1698.51,1698.51,1698.49,1698.49,-0.0,20.28,34412.46,-1
2025-05-27,2025-05-27 11:59:00,1698.49,1698.49,1698.46,1698.46,-0.0,20.28,34412.46,-1
2025-05-27,2025-05-27 12:00:00,1698.46,1698.46,1698.44,1698.44,-0.0,20.28,34412.46,-1
2025-05-27,2025-05-27 12:01:00,1698.44,1698.44,1698.41,1698.41,-0.0,20.28,34412.46,-1
2025-05-27,2025-05-27 12:02:00,1698.41,1698.41,1698.39,1698.39,-0.0,20.28,34412.46,-1
2025-05-27,2025-05-27 12:03:00,1698.39,1698.39,1698.36,1698.36,-0.0,20.28,34412.46,-1
2025-05-27,2025-05-27 12:04:00,1698.36,1698.36,1698.33,1698.33,-0.0,20.28,34412.46,-1
2025-05-27,2025-05-27 12:05:00,1698.33,1698.33,1698.31,1698.31,-0.0,20.28,34412.46,-1
2025-05-27,2025-05-27 12:06:00,1698.31,1698.31,1698.28,1698.28,-0.0,20.28,34412.46,-1
2025-05-27,2025-05-27 12:07:00,1698.28,1698.28,1698.26,1698.26,-0.0,20.28,34412.46,-1
2025-05-27,2025-05-27 12:08:00,1698.26,1698.26,1698.23,1698.23,-0.0,20.28,34412.46,-1
2025-05-27,2025-05-27 12:09:00,1698.23,1698.23,1698.21,1698.21,-0.0,20.28,34412.46,-1
2025-05-27,2025-05-27 12:10:00,1698.21,1698.21,1698.18,1698.18,-0.0,20.28,34412.46,-1
2025-05-27,2025-05-27 12:11:00,1698.18,1698.18,1698.15,1698.15,-0.0,20.28,34412.46,-1
2025-05-27,2025-05-27 12:12:00,1698.15,1698.15,1698.13,1698.13,-0.0,20.28,34412.46,-1
2025-05-27,2025-05-27 12:13:00,1698.13,1698.13,1698.1,1698.1,-0.0,20.28,34412.46,-1
2025-05-27,2025-05-27 12:14:00,1698.1,1698.1,1698.08,1698.08,-0.0,20.28,34412.46,-1
2025-05-27,2025-05-27 12:15:00,1698.08,1698.08,1698.05,1698.05,-0.0,20.28,34412.46,-1
2025-05-27,2025-05-27 12:16:00,1698.05,1698.05,1698.03,1698.03,-0.0,20.28,34412.46,-1
2025-05-27,2025-05-27 12:17:00,1698.03,1698.03,1698.0,1698.0,-0.0,20.28,34412.46,-1
2025-05-27,2025-05-27 12:18:00,1698.0,1698.0,1697.98,1697.98,-0.0,20.28,34412.46,-1
2025-05-27,2025-05-27 12:19:00,1697.98,1697.98,1697.95,1697.95,-0.0,20.28,34412.46,-1
2025-05-27,2025-05-27 12:20:00,1697.95,1697.95,1697.92,1697.92,-0.0,20.28,34412.46,-1
2025-05-27,2025-05-27 12:21:00,1697.92,1697.92,1697.9,1697.9,-0.0,20.28,34412.46,-1
2025-05-27,2025-05-27 12:22:00,1697.9,1697.9,1697.87,1697.87,-0.0,20.28,34412.46,-1
2025-05-27,2025-05-27 12:23:00,1697.87,1697.87,1697.85,1697.85,-0.0,20.28,34412.46,-1
2025-05-27,2025-05-27 12:24:00,1697.85,1697.85,1697.82,1697.82,-0.0,20.28,34412.46,-1
2025-05-27,2025-05-27 12:25:00,1697.82,1697.82,1697.8,1697.8,-0.0,20.28,34412.46,-1
2025-05-27,2025-05-27 12:26:00,1697.8,1697.8,1697.77,1697.77,-0.0,20.28,34412.46,-1
2025-05-27,2025-05-27 12:27:00,1697.77,1697.77,1697.74,1697.74,-0.0,20.28,34412.46,-1
2025-05-27,2025-05-27 12:28:00,1697.74,1697.74,1697.72,1697.72,-0.0,20.28,34412.46,-1
2025-05-27,2025-05-27 12:29:00,1697.72,1697.72,1697.69,1697.69,-0.0,20.28,34412.46,-1
2025-05-27,2025-05-27 12:30:00,1697.69,1697.69,1697.67,1697.67,-0.0,20.28,34412.46,-1
2025-05-27,2025-05-27 12:31:00,1697.67,1697.67,1697.64,1697.64,-0.0,20.28,34412.46,-1
2025-05-27,2025-05-27 12:32:00,1697.64,1697.64,1697.62,1697.62,-0.0,20.28,34412.46,-1
2025-05-27,2025-05-27 12:33:00,1697.62,1697.62,1697.59,1697.59,-0.0,20.28,34412.46,-1
2025-05-27,2025-05-27 12:34:00,1697.59,1697.59,1697.57,1697.57,-0.0,20.28,34412.46,-1
2025-05-27,2025-05-27 12:35:00,1697.57,1697.57,1697.54,1697.54,-0.0,20.28,34412.46,-1
2025-05-27,2025-05-27 12:36:00,1697.54,1697.54,1697.51,1697.51,-0.0,20.28,34412.46,-1
2025-05-27,2025-05-27 12:37:00,1697.51,1697.51,1697.49,1697.49,-0.0,20.28,34412.46,-1
2025-05-27,2025-05-27 12:38:00,1697.49,1697.49,1697.46,1697.46,-0.0,20.28,34412.46,-1
2025-05-27,2025-05-27 12:39:00,1697.46,1697.46,1697.44,1697.44,-0.0,20.28,34412.46,-1
2025-05-27,2025-05-27 12:40:00,1697.44,1697.44,1697.41,1697.41,-0.0,20.28,34412.46,-1
2025-05-27,2025-05-27 12:41:00,1697.41,1697.41,1697.39,1697.39,-0.0,20.28,34412.46,-1
2025-05-27,2025-05-27 12:42:00,1697.39,1697.39,1697.36,1697.36,-0.0,20.28,34412.46,-1
2025-05-27,2025-05-27 12:43:00,1697.36,1697.36,1697.34,1697.34,-0.0,20.28,34412.46,-1
2025-05-27,2025-05-27 12:44:00,1697.34,1697.34,1697.31,1697.31,-0.0,20.28,34412.46,-1
2025-05-27,2025-05-27 12:45:00,1697.31,1697.31,1697.28,1697.28,-0.0,20.28,34412.46,-1
2025-05-27,2025-05-27 12:46:00,1697.28,1697.28,1697.26,1697.26,-0.0,20.28,34412.46,-1
2025-05-27,2025-05-27 12:47:00,1697.26,1697.26,1697.23,1697.23,-0.0,20.28,34412.46,-1
2025-05-27,2025-05-27 12:48:00,1697.23,1697.23,1697.21,1697.21,-0.0,20.28,34412.46,-1
2025-05-27,2025-05-27 12:49:00,1697.21,1697.21,1697.18,1697.18,-0.0,20.28,34412.46,-1
2025-05-27,2025-05-27 12:50:00,1697.18,1697.18,1697.16,1697.16,-0.0,20.28,34412.46,-1
2025-05-27,2025-05-27 12:51:00,1697.16,1697.16,1697.13,1697.13,-0.0,20.28,34412.46,-1
2025-05-27,2025-05-27 12:52:00,1697.13,1697.13,1697.1,1697.1,-0.0,20.28,34412.46,-1
2025-05-27,2025-05-27 12:53:00,1697.1,1697.1,1697.08,1697.08,-0.0,20.28,34412.46,-1
2025-05-27,2025-05-27 12:54:00,1697.08,1697.08,1697.05,1697.05,-0.0,20.28,34412.46,-1
2025-05-27,2025-05-27 12:55:00,1697.05,1697.05,1697.03,1697.03,-0.0,20.28,34412.46,-1
2025-05-27,2025-05-27 12:56:00,1697.03,1697.03,1697.0,1697.0,-0.0,20.28,34412.46,-1
2025-05-27,2025-05-27 12:57:00,1697.0,1697.0,1696.98,1696.98,-0.0,20.28,34412.46,-1
2025-05-27,2025-05-27 12:58:00,1696.98,1696.98,1696.95,1696.95,-0.0,20.28,34412.46,-1
2025-05-27,2025-05-27 12:59:00,1696.95,1696.95,1696.92,1696.92,-0.0,20.28,34412.46,-1
2025-05-27,2025-05-27 13:00:00,1696.92,1727.0,1665.0,1696.9,-0.0,20.28,34412.46,-1
2025-05-27,2025-05-27 13:01:00,1696.9,1696.9,1696.87,1696.87,-0.0,20.28,34412.46,-1
2025-05-27,2025-05-27 13:02:00,1696.87,1696.87,1696.85,1696.85,-0.0,20.28,34412.46,-1
2025-05-27,2025-05-27 13:03:00,1696.85,1696.85,1696.82,1696.82,-0.0,20.28,34412.46,-1
2025-05-27,2025-05-27 13:04:00,1696.82,1696.82,1696.8,1696.8,-0.0,20.28,34412.46,-1
2025-05-27,2025-05-27 13:05:00,1696.8,1696.8,1696.77,1696.77,-0.0,20.28,34412.46,-1
2025-05-27,2025-05-27 13:06:00,1696.77,1696.77,1696.75,1696.75,-0.0,20.28,34412.46,-1
2025-05-27,2025-05-27 13:07:00,1696.75,1696.75,1696.72,1696.72,-0.0,20.28,34412.46,-1
2025-05-27,2025-05-27 13:08:00,1696.72,1696.72,1696.69,1696.69,-0.0,20.28,34412.46,-1
2025-05-27,2025-05-27 13:09:00,1696.69,1696.69,1696.67,1696.67,-0.0,20.28,34412.46,-1
2025-05-27,2025-05-27 13:10:00,1696.67,1696.67,1696.64,1696.64,-0.0,20.28,34412.46,-1
2025-05-27,2025-05-27 13:11:00,1696.64,1696.64,1696.62,1696.62,-0.0,20.28,34412.46,-1
2025-05-27,2025-05-27 13:12:00,1696.62,1696.62,1696.59,1696.59,-0.0,20.28,34412.46,-1
2025-05-27,2025-05-27 13:13:00,1696.59,1696.59,1696.57,1696.57,-0.0,20.28,34412.46,-1
2025-05-27,2025-05-27 13:14:00,1696.57,1696.57,1696.54,1696.54,-0.0,20.28,34412.46,-1
2025-05-27,2025-05-27 13:15:00,1696.54,1696.54,1696.51,1696.51,-0.0,20.28,34412.46,-1
2025-05-27,2025-05-27 13:16:00,1696.51,1696.51,1696.49,1696.49,-0.0,20.28,34412.46,-1
2025-05-27,2025-05-27 13:17:00,1696.49,1696.49,1696.46,1696.46,-0.0,20.28,34412.46,-1
2025-05-27,2025-05-27 13:18:00,1696.46,1696.46,1696.44,1696.44,-0.0,20.28,34412.46,-1
2025-05-27,2025-05-27 13:19:00,1696.44,1696.44,1696.41,1696.41,-0.0,20.28,34412.46,-1
2025-05-27,2025-05-27 13:20:00,1696.41,1696.41,1696.39,1696.39,-0.0,20.28,34412.46,-1
2025-05-27,2025-05-27 13:21:00,1696.39,1696.39,1696.36,1696.36,-0.0,20.28,34412.46,-1
2025-05-27,2025-05-27 13:22:00,1696.36,1696.36,1696.34,1696.34,-0.0,20.28,34412.46,-1
2025-05-27,2025-05-27 13:23:00,1696.34,1696.34,1696.31,1696.31,-0.0,20.28,34412.46,-1
2025-05-27,2025-05-27 13:24:00,1696.31,1696.31,1696.28,1696.28,-0.0,20.28,34412.46,-1
2025-05-27,2025-05-27 13:25:00,1696.28,1696.28,1696.26,1696.26,-0.0,20.28,34412.46,-1
2025-05-27,2025-05-27 13:26:00,1696.26,1696.26,1696.23,1696.23,-0.0,20.28,34412.46,-1
2025-05-27,2025-05-27 13:27:00,1696.23,1696.23,1696.21,1696.21,-0.0,20.28,34412.46,-1
2025-05-27,2025-05-27 13:28:00,1696.21,1696.21,1696.18,1696.18,-0.0,20.28,34412.46,-1
2025-05-27,2025-05-27 13:29:00,1696.18,1696.18,1696.16,1696.16,-0.0,20.28,34412.46,-1
2025-05-27,2025-05-27 13:30:00,1696.16,1696.16,1696.13,1696.13,-0.0,20.28,34412.46,-1
2025-05-27,2025-05-27 13:31:00,1696.13,1696.13,1696.11,1696.11,-0.0,20.28,34412.46,-1
2025-05-27,2025-05-27 13:32:00,1696.11,1696.11,1696.08,1696.08,-0.0,20.28,34412.46,-1
2025-05-27,2025-05-27 13:33:00,1696.08,1696.08,1696.05,1696.05,-0.0,20.28,34412.46,-1
2025-05-27,2025-05-27 13:34:00,1696.05,1696.05,1696.03,1696.03,-0.0,20.28,34412.46,-1
2025-05-27,2025-05-27 13:35:00,1696.03,1696.03,1696.0,1696.0,-0.0,20.28,34412.46,-1
2025-05-27,2025-05-27 13:36:00,1696.0,1696.0,1695.98,1695.98,-0.0,20.28,34412.46,-1
2025-05-27,2025-05-27 13:37:00,1695.98,1695.98,1695.95,1695.95,-0.0,20.28,34412.46,-1
2025-05-27,2025-05-27 13:38:00,1695.95,1695.95,1695.93,1695.93,-0.0,20.28,34412.46,-1
2025-05-27,2025-05-27 13:39:00,1695.93,1695.93,1695.9,1695.9,-0.0,20.28,34412.46,-1
2025-05-27,2025-05-27 13:40:00,1695.9,1695.9,1695.87,1695.87,-0.0,20.28,34412.46,-1
2025-05-27,2025-05-27 13:41:00,1695.87,1695.87,1695.85,1695.85,-0.0,20.28,34412.46,-1
2025-05-27,2025-05-27 13:42:00,1695.85,1695.85,1695.82,1695.82,-0.0,20.28,34412.46,-1
2025-05-27,2025-05-27 13:43:00,1695.82,1695.82,1695.8,1695.8,-0.0,20.28,34412.46,-1
2025-05-27,2025-05-27 13:44:00,1695.8,1695.8,1695.77,1695.77,-0.0,20.28,34412.46,-1
2025-05-27,2025-05-27 13:45:00,1695.77,1695.77,1695.75,1695.75,-0.0,20.28,34412.46,-1
2025-05-27,2025-05-27 13:46:00,1695.75,1695.75,1695.72,1695.72,-0.0,20.28,34412.46,-1
2025-05-27,2025-05-27 13:47:00,1695.72,1695.72,1695.69,1695.69,-0.0,20.28,34412.46,-1
2025-05-27,2025-05-27 13:48:00,1695.69,1695.69,1695.67,1695.67,-0.0,20.28,34412.46,-1
2025-05-27,2025-05-27 13:49:00,1695.67,1695.67,1695.64,1695.64,-0.0,20.28,34412.46,-1
2025-05-27,2025-05-27 13:50:00,1695.64,1695.64,1695.62,1695.62,-0.0,20.28,34412.46,-1
2025-05-27,2025-05-27 13:51:00,1695.62,1695.62,1695.59,1695.59,-0.0,20.28,34412.46,-1
2025-05-27,2025-05-27 13:52:00,1695.59,1695.59,1695.57,1695.57,-0.0,20.28,34412.46,-1
2025-05-27,2025-05-27 13:53:00,1695.57,1695.57,1695.54,1695.54,-0.0,20.28,34412.46,-1
2025-05-27,2025-05-27 13:54:00,1695.54,1695.54,1695.52,1695.52,-0.0,20.28,34412.46,-1
2025-05-27,2025-05-27 13:55:00,1695.52,1695.52,1695.49,1695.49,-0.0,20.28,34412.46,-1
2025-05-27,2025-05-27 13:56:00,1695.49,1695.49,1695.46,1695.46,-0.0,20.28,34412.46,-1
2025-05-27,2025-05-27 13:57:00,1695.46,1695.46,1695.44,1695.44,-0.0,20.28,34412.46,-1
2025-05-27,2025-05-27 13:58:00,1695.44,1695.44,1695.41,1695.41,-0.0,20.28,34412.46,-1
2025-05-27,2025-05-27 13:59:00,1695.41,1695.41,1695.39,1695.39,-0.0,20.28,34412.46,-1
2025-05-27,2025-05-27 14:00:00,1695.39,1695.39,1695.36,1695.36,-0.0,20.28,34412.46,-1
2025-05-27,2025-05-27 14:01:00,1695.36,1695.36,1695.34,1695.34,-0.0,20.28,34412.46,-1
2025-05-27,2025-05-27 14:02:00,1695.34,1695.34,1695.31,1695.31,-0.0,20.28,34412.46,-1
2025-05-27,2025-05-27 14:03:00,1695.31,1695.31,1695.28,1695.28,-0.0,20.28,34412.46,-1
2025-05-27,2025-05-27 14:04:00,1695.28,1695.28,1695.26,1695.26,-0.0,20.28,34412.46,-1
2025-05-27,2025-05-27 14:05:00,1695.26,1695.26,1695.23,1695.23,-0.0,20.28,34412.46,-1
2025-05-27,2025-05-27 14:06:00,1695.23,1695.23,1695.21,1695.21,-0.0,20.28,34412.46,-1
2025-05-27,2025-05-27 14:07:00,1695.21,1695.21,1695.18,1695.18,-0.0,20.28,34412.46,-1
2025-05-27,2025-05-27 14:08:00,1695.18,1695.18,1695.16,1695.16,-0.0,20.28,34412.46,-1
2025-05-27,2025-05-27 14:09:00,1695.16,1695.16,1695.13,1695.13,-0.0,20.28,34412.46,-1
2025-05-27,2025-05-27 14:10:00,1695.13,1695.13,1695.11,1695.11,-0.0,20.28,34412.46,-1
2025-05-27,2025-05-27 14:11:00,1695.11,1695.11,1695.08,1695.08,-0.0,20.28,34412.46,-1
2025-05-27,2025-05-27 14:12:00,1695.08,1695.08,1695.05,1695.05,-0.0,20.28,34412.46,-1
2025-05-27,2025-05-27 14:13:00,1695.05,1695.05,1695.03,1695.03,-0.0,20.28,34412.46,-1
2025-05-27,2025-05-27 14:14:00,1695.03,1695.03,1695.0,1695.0,-0.0,20.28,34412.46,-1
2025-05-27,2025-05-27 14:15:00,1695.0,1695.0,1694.98,1694.98,-0.0,20.28,34412.46,-1
2025-05-27,2025-05-27 14:16:00,1694.98,1694.98,1694.95,1694.95,-0.0,20.28,34412.46,-1
2025-05-27,2025-05-27 14:17:00,1694.95,1694.95,1694.93,1694.93,-0.0,20.28,34412.46,-1
2025-05-27,2025-05-27 14:18:00,1694.93,1694.93,1694.9,1694.9,-0.0,20.28,34412.46,-1
2025-05-27,2025-05-27 14:19:00,1694.9,1694.9,1694.88,1694.88,-0.0,20.28,34412.46,-1
2025-05-27,2025-05-27 14:20:00,1694.88,1694.88,1694.85,1694.85,-0.0,20.28,34412.46,-1
2025-05-27,2025-05-27 14:21:00,1694.85,1694.85,1694.82,1694.82,-0.0,20.28,34412.46,-1
2025-05-27,2025-05-27 14:22:00,1694.82,1694.82,1694.8,1694.8,-0.0,20.28,34412.46,-1
2025-05-27,2025-05-27 14:23:00,1694.8,1694.8,1694.77,1694.77,-0.0,20.28,34412.46,-1
2025-05-27,2025-05-27 14:24:00,1694.77,1694.77,1694.75,1694.75,-0.0,20.28,34412.46,-1
2025-05-27,2025-05-27 14:25:00,1694.75,1694.75,1694.72,1694.72,-0.0,20.28,34412.46,-1
2025-05-27,2025-05-27 14:26:00,1694.72,1694.72,1694.7,1694.7,-0.0,20.28,34412.46,-1
2025-05-27,2025-05-27 14:27:00,1694.7,1694.7,1694.67,1694.67,-0.0,20.28,34412.46,-1
2025-05-27,2025-05-27 14:28:00,1694.67,1694.67,1694.64,1694.64,-0.0,20.28,34412.46,-1
2025-05-27,2025-05-27 14:29:00,1694.64,1694.64,1694.62,1694.62,-0.0,20.28,34412.46,-1
2025-05-27,2025-05-27 14:30:00,1694.62,1694.62,1694.59,1694.59,-0.0,20.28,34412.46,-1
2025-05-27,2025-05-27 14:31:00,1694.59,1694.59,1694.57,1694.57,-0.0,20.28,34412.46,-1
2025-05-27,2025-05-27 14:32:00,1694.57,1694.57,1694.54,1694.54,-0.0,20.28,34412.46,-1
2025-05-27,2025-05-27 14:33:00,1694.54,1694.54,1694.52,1694.52,-0.0,20.28,34412.46,-1
2025-05-27,2025-05-27 14:34:00,1694.52,1694.52,1694.49,1694.49,-0.0,20.28,34412.46,-1
2025-05-27,2025-05-27 14:35:00,1694.49,1694.49,1694.46,1694.46,-0.0,20.28,34412.46,-1
2025-05-27,2025-05-27 14:36:00,1694.46,1694.46,1694.44,1694.44,-0.0,20.28,34412.46,-1
2025-05-27,2025-05-27 14:37:00,1694.44,1694.44,1694.41,1694.41,-0.0,20.28,34412.46,-1
2025-05-27,2025-05-27 14:38:00,1694.41,1694.41,1694.39,1694.39,-0.0,20.28,34412.46,-1
2025-05-27,2025-05-27 14:39:00,1694.39,1694.39,1694.36,1694.36,-0.0,20.28,34412.46,-1
2025-05-27,2025-05-27 14:40:00,1694.36,1694.36,1694.34,1694.34,-0.0,20.28,34412.46,-1
2025-05-27,2025-05-27 14:41:00,1694.34,1694.34,1694.31,1694.31,-0.0,20.28,34412.46,-1
2025-05-27,2025-05-27 14:42:00,1694.31,1694.31,1694.29,1694.29,-0.0,20.28,34412.46,-1
2025-05-27,2025-05-27 14:43:00,1694.29,1694.29,1694.26,1694.26,-0.0,20.28,34412.46,-1
2025-05-27,2025-05-27 14:44:00,1694.26,1694.26,1694.23,1694.23,-0.0,20.28,34412.46,-1
2025-05-27,2025-05-27 14:45:00,1694.23,1694.23,1694.21,1694.21,-0.0,20.28,34412.46,-1
2025-05-27,2025-05-27 14:46:00,1694.21,1694.21,1694.18,1694.18,-0.0,20.28,34412.46,-1
2025-05-27,2025-05-27 14:47:00,1694.18,1694.18,1694.16,1694.16,-0.0,20.28,34412.46,-1
2025-05-27,2025-05-27 14:48:00,1694.16,1694.16,1694.13,1694.13,-0.0,20.28,34412.46,-1
2025-05-27,2025-05-27 14:49:00,1694.13,1694.13,1694.11,1694.11,-0.0,20.28,34412.46,-1
2025-05-27,2025-05-27 14:50:00,1694.11,1694.11,1694.08,1694.08,-0.0,20.28,34412.46,-1
2025-05-27,2025-05-27 14:51:00,1694.08,1694.08,1694.05,1694.05,-0.0,20.28,34412.46,-1
2025-05-27,2025-05-27 14:52:00,1694.05,1694.05,1694.03,1694.03,-0.0,20.28,34412.46,-1
2025-05-27,2025-05-27 14:53:00,1694.03,1694.03,1694.0,1694.0,-0.0,20.28,34412.46,-1
2025-05-27,2025-05-27 14:54:00,1694.0,1694.0,1693.98,1693.98,-0.0,20.28,34412.46,-1
2025-05-27,2025-05-27 14:55:00,1693.98,1693.98,1693.95,1693.95,-0.0,20.28,34412.46,-1
2025-05-27,2025-05-27 14:56:00,1693.95,1693.95,1693.93,1693.93,-0.0,20.28,34412.46,-1
2025-05-27,2025-05-27 14:57:00,1693.93,1693.93,1693.9,1693.9,-0.0,20.28,34412.46,-1
2025-05-27,2025-05-27 14:58:00,1693.9,1693.9,1693.88,1693.88,-0.0,20.28,34412.46,-1
2025-05-27,2025-05-27 14:59:00,1693.88,1693.88,1693.85,1693.85,-0.0,20.28,34412.46,-1
2025-05-27,2025-05-27 15:00:00,1693.85,1727.0,1665.0,1693.85,0.0,20.28,34412.46,0
2025-05-28,2025-05-28 11:00:00,1663.3,1682.41,1663.3,1663.45,0.01,9.37,15863.01,1
2025-05-28,2025-05-28 11:01:00,1663.45,1663.59,1663.45,1663.59,0.01,9.37,15863.01,1
2025-05-28,2025-05-28 11:02:00,1663.59,1663.74,1663.59,1663.74,0.01,9.37,15863.01,1
2025-05-28,2025-05-28 11:03:00,1663.74,1663.88,1663.74,1663.88,0.01,9.37,15863.01,1
2025-05-28,2025-05-28 11:04:00,1663.88,1664.03,1663.88,1664.03,0.01,9.37,15863.01,1
2025-05-28,2025-05-28 11:05:00,1664.03,1664.17,1664.03,1664.17,0.01,9.37,15863.01,1
2025-05-28,2025-05-28 11:06:00,1664.17,1664.32,1664.17,1664.32,0.01,9.37,15863.01,1
2025-05-28,2025-05-28 11:07:00,1664.32,1664.47,1664.32,1664.47,0.01,9.37,15863.01,1
2025-05-28,2025-05-28 11:08:00,1664.47,1664.61,1664.47,1664.61,0.01,9.37,15863.01,1
2025-05-28,2025-05-28 11:09:00,1664.61,1664.76,1664.61,1664.76,0.01,9.37,15863.01,1
2025-05-28,2025-05-28 11:10:00,1664.76,1664.9,1664.76,1664.9,0.01,9.37,15863.01,1
2025-05-28,2025-05-28 11:11:00,1664.9,1665.05,1664.9,1665.05,0.01,9.37,15863.01,1
2025-05-28,2025-05-28 11:12:00,1665.05,1665.19,1665.05,1665.19,0.01,9.37,15863.01,1
2025-05-28,2025-05-28 11:13:00,1665.19,1665.34,1665.19,1665.34,0.01,9.37,15863.01,1
2025-05-28,2025-05-28 11:14:00,1665.34,1665.49,1665.34,1665.49,0.01,9.37,15863.01,1
2025-05-28,2025-05-28 11:15:00,1665.49,1665.63,1665.49,1665.63,0.01,9.37,15863.01,1
2025-05-28,2025-05-28 11:16:00,1665.63,1665.78,1665.63,1665.78,0.01,9.37,15863.01,1
2025-05-28,2025-05-28 11:17:00,1665.78,1665.92,1665.78,1665.92,0.01,9.37,15863.01,1
2025-05-28,2025-05-28 11:18:00,1665.92,1666.07,1665.92,1666.07,0.01,9.37,15863.01,1
2025-05-28,2025-05-28 11:19:00,1666.07,1666.21,1666.07,1666.21,0.01,9.37,15863.01,1
2025-05-28,2025-05-28 11:20:00,1666.21,1666.36,1666.21,1666.36,0.01,9.37,15863.01,1
2025-05-28,2025-05-28 11:21:00,1666.36,1666.51,1666.36,1666.51,0.01,9.37,15863.01,1
2025-05-28,2025-05-28 11:22:00,1666.51,1666.65,1666.51,1666.65,0.01,9.37,15863.01,1
2025-05-28,2025-05-28 11:23:00,1666.65,1666.8,1666.65,1666.8,0.01,9.37,15863.01,1
2025-05-28,2025-05-28 11:24:00,1666.8,1666.94,1666.8,1666.94,0.01,9.37,15863.01,1
2025-05-28,2025-05-28 11:25:00,1666.94,1667.09,1666.94,1667.09,0.01,9.37,15863.01,1
2025-05-28,2025-05-28 11:26:00,1667.09,1667.24,1667.09,1667.24,0.01,9.37,15863.01,1
2025-05-28,2025-05-28 11:27:00,1667.24,1667.38,1667.24,1667.38,0.01,9.37,15863.01,1
2025-05-28,2025-05-28 11:28:00,1667.38,1667.53,1667.38,1667.53,0.01,9.37,15863.01,1
2025-05-28,2025-05-28 11:29:00,1667.53,1667.67,1667.53,1667.67,0.01,9.37,15863.01,1
2025-05-28,2025-05-28 11:30:00,1667.67,1667.82,1667.67,1667.82,0.01,9.37,15863.01,1
2025-05-28,2025-05-28 11:31:00,1667.82,1667.96,1667.82,1667.96,0.01,9.37,15863.01,1
2025-05-28,2025-05-28 11:32:00,1667.96,1668.11,1667.96,1668.11,0.01,9.37,15863.01,1
2025-05-28,2025-05-28 11:33:00,1668.11,1668.26,1668.11,1668.26,0.01,9.37,15863.01,1
2025-05-28,2025-05-28 11:34:00,1668.26,1668.4,1668.26,1668.4,0.01,9.37,15863.01,1
2025-05-28,2025-05-28 11:35:00,1668.4,1668.55,1668.4,1668.55,0.01,9.37,15863.01,1
2025-05-28,2025-05-28 11:36:00,1668.55,1668.69,1668.55,1668.69,0.01,9.37,15863.01,1
2025-05-28,2025-05-28 11:37:00,1668.69,1668.84,1668.69,1668.84,0.01,9.37,15863.01,1
2025-05-28,2025-05-28 11:38:00,1668.84,1668.98,1668.84,1668.98,0.01,9.37,15863.01,1
2025-05-28,2025-05-28 11:39:00,1668.98,1669.13,1668.98,1669.13,0.01,9.37,15863.01,1
2025-05-28,2025-05-28 11:40:00,1669.13,1669.28,1669.13,1669.28,0.01,9.37,15863.01,1
2025-05-28,2025-05-28 11:41:00,1669.28,1669.42,1669.28,1669.42,0.01,9.37,15863.01,1
2025-05-28,2025-05-28 11:42:00,1669.42,1669.57,1669.42,1669.57,0.01,9.37,15863.01,1
2025-05-28,2025-05-28 11:43:00,1669.57,1669.71,1669.57,1669.71,0.01,9.37,15863.01,1
2025-05-28,2025-05-28 11:44:00,1669.71,1669.86,1669.71,1669.86,0.01,9.37,15863.01,1
2025-05-28,2025-05-28 11:45:00,1669.86,1670.0,1669.86,1670.0,0.01,9.37,15863.01,1
2025-05-28,2025-05-28 11:46:00,1670.0,1670.15,1670.0,1670.15,0.01,9.37,15863.01,1
2025-05-28,2025-05-28 11:47:00,1670.15,1670.3,1670.15,1670.3,0.01,9.37,15863.01,1
2025-05-28,2025-05-28 11:48:00,1670.3,1670.44,1670.3,1670.44,0.01,9.37,15863.01,1
2025-05-28,2025-05-28 11:49:00,1670.44,1670.59,1670.44,1670.59,0.01,9.37,15863.01,1
2025-05-28,2025-05-28 11:50:00,1670.59,1670.73,1670.59,1670.73,0.01,9.37,15863.01,1
2025-05-28,2025-05-28 11:51:00,1670.73,1670.88,1670.73,1670.88,0.01,9.37,15863.01,1
2025-05-28,2025-05-28 11:52:00,1670.88,1671.02,1670.88,1671.02,0.01,9.37,15863.01,1
2025-05-28,2025-05-28 11:53:00,1671.02,1671.17,1671.02,1671.17,0.01,9.37,15863.01,1
2025-05-28,2025-05-28 11:54:00,1671.17,1671.32,1671.17,1671.32,0.01,9.37,15863.01,1
2025-05-28,2025-05-28 11:55:00,1671.32,1671.46,1671.32,1671.46,0.01,9.37,15863.01,1
2025-05-28,2025-05-28 11:56:00,1671.46,1671.61,1671.46,1671.61,0.01,9.37,15863.01,1
2025-05-28,2025-05-28 11:57:00,1671.61,1671.75,1671.61,1671.75,0.01,9.37,15863.01,1
2025-05-28,2025-05-28 11:58:00,1671.75,1671.9,1671.75,1671.9,0.01,9.37,15863.01,1
2025-05-28,2025-05-28 11:59:00,1671.9,1672.05,1671.9,1672.05,0.01,9.37,15863.01,1
2025-05-28,2025-05-28 12:00:00,1672.05,1672.19,1672.05,1672.19,0.01,9.37,15863.01,1
2025-05-28,2025-05-28 12:01:00,1672.19,1672.34,1672.19,1672.34,0.01,9.37,15863.01,1
2025-05-28,2025-05-28 12:02:00,1672.34,1672.48,1672.34,1672.48,0.01,9.37,15863.01,1
2025-05-28,2025-05-28 12:03:00,1672.48,1672.63,1672.48,1672.63,0.01,9.37,15863.01,1
2025-05-28,2025-05-28 12:04:00,1672.63,1672.77,1672.63,1672.77,0.01,9.37,15863.01,1
2025-05-28,2025-05-28 12:05:00,1672.77,1672.92,1672.77,1672.92,0.01,9.37,15863.01,1
2025-05-28,2025-05-28 12:06:00,1672.92,1673.07,1672.92,1673.07,0.01,9.37,15863.01,1
2025-05-28,2025-05-28 12:07:00,1673.07,1673.21,1673.07,1673.21,0.01,9.37,15863.01,1
2025-05-28,2025-05-28 12:08:00,1673.21,1673.36,1673.21,1673.36,0.01,9.37,15863.01,1
2025-05-28,2025-05-28 12:09:00,1673.36,1673.5,1673.36,1673.5,0.01,9.37,15863.01,1
2025-05-28,2025-05-28 12:10:00,1673.5,1673.65,1673.5,1673.65,0.01,9.37,15863.01,1
2025-05-28,2025-05-28 12:11:00,1673.65,1673.79,1673.65,1673.79,0.01,9.37,15863.01,1
2025-05-28,2025-05-28 12:12:00,1673.79,1673.94,1673.79,1673.94,0.01,9.37,15863.01,1
2025-05-28,2025-05-28 12:13:00,1673.94,1674.09,1673.94,1674.09,0.01,9.37,15863.01,1
2025-05-28,2025-05-28 12:14:00,1674.09,1674.23,1674.09,1674.23,0.01,9.37,15863.01,1
2025-05-28,2025-05-28 12:15:00,1674.23,1674.38,1674.23,1674.38,0.01,9.37,15863.01,1
2025-05-28,2025-05-28 12:16:00,1674.38,1674.52,1674.38,1674.52,0.01,9.37,15863.01,1
2025-05-28,2025-05-28 12:17:00,1674.52,1674.67,1674.52,1674.67,0.01,9.37,15863.01,1
2025-05-28,2025-05-28 12:18:00,1674.67,1674.81,1674.67,1674.81,0.01,9.37,15863.01,1
2025-05-28,2025-05-28 12:19:00,1674.81,1674.96,1674.81,1674.96,0.01,9.37,15863.01,1
2025-05-28,2025-05-28 12:20:00,1674.96,1675.11,1674.96,1675.11,0.01,9.37,15863.01,1
2025-05-28,2025-05-28 12:21:00,1675.11,1675.25,1675.11,1675.25,0.01,9.37,15863.01,1
2025-05-28,2025-05-28 12:22:00,1675.25,1675.4,1675.25,1675.4,0.01,9.37,15863.01,1
2025-05-28,2025-05-28 12:23:00,1675.4,1675.54,1675.4,1675.54,0.01,9.37,15863.01,1
2025-05-28,2025-05-28 12:24:00,1675.54,1675.69,1675.54,1675.69,0.01,9.37,15863.01,1
2025-05-28,2025-05-28 12:25:00,1675.69,1675.83,1675.69,1675.83,0.01,9.37,15863.01,1
2025-05-28,2025-05-28 12:26:00,1675.83,1675.98,1675.83,1675.98,0.01,9.37,15863.01,1
2025-05-28,2025-05-28 12:27:00,1675.98,1676.13,1675.98,1676.13,0.01,9.37,15863.01,1
2025-05-28,2025-05-28 12:28:00,1676.13,1676.27,1676.13,1676.27,0.01,9.37,15863.01,1
2025-05-28,2025-05-28 12:29:00,1676.27,1676.42,1676.27,1676.42,0.01,9.37,15863.01,1
2025-05-28,2025-05-28 12:30:00,1676.42,1676.56,1676.42,1676.56,0.01,9.37,15863.01,1
2025-05-28,2025-05-28 12:31:00,1676.56,1676.71,1676.56,1676.71,0.01,9.37,15863.01,1
2025-05-28,2025-05-28 12:32:00,1676.71,1676.85,1676.71,1676.85,0.01,9.37,15863.01,1
2025-05-28,2025-05-28 12:33:00,1676.85,1677.0,1676.85,1677.0,0.01,9.37,15863.01,1
2025-05-28,2025-05-28 12:34:00,1677.0,1677.15,1677.0,1677.15,0.01,9.37,15863.01,1
2025-05-28,2025-05-28 12:35:00,1677.15,1677.29,1677.15,1677.29,0.01,9.37,15863.01,1
2025-05-28,2025-05-28 12:36:00,1677.29,1677.44,1677.29,1677.44,0.01,9.37,15863.01,1
2025-05-28,2025-05-28 12:37:00,1677.44,1677.58,1677.44,1677.58,0.01,9.37,15863.01,1
2025-05-28,2025-05-28 12:38:00,1677.58,1677.73,1677.58,1677.73,0.01,9.37,15863.01,1
2025-05-28,2025-05-28 12:39:00,1677.73,1677.88,1677.73,1677.88,0.01,9.37,15863.01,1
2025-05-28,2025-05-28 12:40:00,1677.88,1678.02,1677.88,1678.02,0.01,9.37,15863.01,1
2025-05-28,2025-05-28 12:41:00,1678.02,1678.17,1678.02,1678.17,0.01,9.37,15863.01,1
2025-05-28,2025-05-28 12:42:00,1678.17,1678.31,1678.17,1678.31,0.01,9.37,15863.01,1
2025-05-28,2025-05-28 12:43:00,1678.31,1678.46,1678.31,1678.46,0.01,9.37,15863.01,1
2025-05-28,2025-05-28 12:44:00,1678.46,1678.6,1678.46,1678.6,0.01,9.37,15863.01,1
2025-05-28,2025-05-28 12:45:00,1678.6,1678.75,1678.6,1678.75,0.01,9.37,15863.01,1
2025-05-28,2025-05-28 12:46:00,1678.75,1678.9,1678.75,1678.9,0.01,9.37,15863.01,1
2025-05-28,2025-05-28 12:47:00,1678.9,1679.04,1678.9,1679.04,0.01,9.37,15863.01,1
2025-05-28,2025-05-28 12:48:00,1679.04,1679.19,1679.04,1679.19,0.01,9.37,15863.01,1
2025-05-28,2025-05-28 12:49:00,1679.19,1679.33,1679.19,1679.33,0.01,9.37,15863.01,1
2025-05-28,2025-05-28 12:50:00,1679.33,1679.48,1679.33,1679.48,0.01,9.37,15863.01,1
2025-05-28,2025-05-28 12:51:00,1679.48,1679.62,1679.48,1679.62,0.01,9.37,15863.01,1
2025-05-28,2025-05-28 12:52:00,1679.62,1679.77,1679.62,1679.77,0.01,9.37,15863.01,1
2025-05-28,2025-05-28 12:53:00,1679.77,1679.92,1679.77,1679.92,0.01,9.37,15863.01,1
2025-05-28,2025-05-28 12:54:00,1679.92,1680.06,1679.92,1680.06,0.01,9.37,15863.01,1
2025-05-28,2025-05-28 12:55:00,1680.06,1680.21,1680.06,1680.21,0.01,9.37,15863.01,1
2025-05-28,2025-05-28 12:56:00,1680.21,1680.35,1680.21,1680.35,0.01,9.37,15863.01,1
2025-05-28,2025-05-28 12:57:00,1680.35,1680.5,1680.35,1680.5,0.01,9.37,15863.01,1
2025-05-28,2025-05-28 12:58:00,1680.5,1680.64,1680.5,1680.64,0.01,9.37,15863.01,1
2025-05-28,2025-05-28 12:59:00,1680.64,1680.79,1680.64,1680.79,0.01,9.37,15863.01,1
2025-05-28,2025-05-28 13:00:00,1680.79,1727.0,1663.3,1680.94,0.01,9.37,15863.01,1
2025-05-28,2025-05-28 13:01:00,1680.94,1681.08,1680.94,1681.08,0.01,9.37,15863.01,1
2025-05-28,2025-05-28 13:02:00,1681.08,1681.23,1681.08,1681.23,0.01,9.37,15863.01,1
2025-05-28,2025-05-28 13:03:00,1681.23,1681.37,1681.23,1681.37,0.01,9.37,15863.01,1
2025-05-28,2025-05-28 13:04:00,1681.37,1681.52,1681.37,1681.52,0.01,9.37,15863.01,1
2025-05-28,2025-05-28 13:05:00,1681.52,1681.66,1681.52,1681.66,0.01,9.37,15863.01,1
2025-05-28,2025-05-28 13:06:00,1681.66,1681.81,1681.66,1681.81,0.01,9.37,15863.01,1
2025-05-28,2025-05-28 13:07:00,1681.81,1681.96,1681.81,1681.96,0.01,9.37,15863.01,1
2025-05-28,2025-05-28 13:08:00,1681.96,1682.1,1681.96,1682.1,0.01,9.37,15863.01,1
2025-05-28,2025-05-28 13:09:00,1682.1,1682.25,1682.1,1682.25,0.01,9.37,15863.01,1
2025-05-28,2025-05-28 13:10:00,1682.25,1682.39,1682.25,1682.39,0.01,9.37,15863.01,1
2025-05-28,2025-05-28 13:11:00,1682.39,1682.54,1682.39,1682.54,0.01,9.37,15863.01,1
2025-05-28,2025-05-28 13:12:00,1682.54,1682.68,1682.54,1682.68,0.01,9.37,15863.01,1
2025-05-28,2025-05-28 13:13:00,1682.68,1682.83,1682.68,1682.83,0.01,9.37,15863.01,1
2025-05-28,2025-05-28 13:14:00,1682.83,1682.98,1682.83,1682.98,0.01,9.37,15863.01,1
2025-05-28,2025-05-28 13:15:00,1682.98,1683.12,1682.98,1683.12,0.01,9.37,15863.01,1
2025-05-28,2025-05-28 13:16:00,1683.12,1683.27,1683.12,1683.27,0.01,9.37,15863.01,1
2025-05-28,2025-05-28 13:17:00,1683.27,1683.41,1683.27,1683.41,0.01,9.37,15863.01,1
2025-05-28,2025-05-28 13:18:00,1683.41,1683.56,1683.41,1683.56,0.01,9.37,15863.01,1
2025-05-28,2025-05-28 13:19:00,1683.56,1683.7,1683.56,1683.7,0.01,9.37,15863.01,1
2025-05-28,2025-05-28 13:20:00,1683.7,1683.85,1683.7,1683.85,0.01,9.37,15863.01,1
2025-05-28,2025-05-28 13:21:00,1683.85,1684.0,1683.85,1684.0,0.01,9.37,15863.01,1
2025-05-28,2025-05-28 13:22:00,1684.0,1684.14,1684.0,1684.14,0.01,9.37,15863.01,1
2025-05-28,2025-05-28 13:23:00,1684.14,1684.29,1684.14,1684.29,0.01,9.37,15863.01,1
2025-05-28,2025-05-28 13:24:00,1684.29,1684.43,1684.29,1684.43,0.01,9.37,15863.01,1
2025-05-28,2025-05-28 13:25:00,1684.43,1684.58,1684.43,1684.58,0.01,9.37,15863.01,1
2025-05-28,2025-05-28 13:26:00,1684.58,1684.73,1684.58,1684.73,0.01,9.37,15863.01,1
2025-05-28,2025-05-28 13:27:00,1684.73,1684.87,1684.73,1684.87,0.01,9.37,15863.01,1
2025-05-28,2025-05-28 13:28:00,1684.87,1685.02,1684.87,1685.02,0.01,9.37,15863.01,1
2025-05-28,2025-05-28 13:29:00,1685.02,1685.16,1685.02,1685.16,0.01,9.37,15863.01,1
2025-05-28,2025-05-28 13:30:00,1685.16,1685.31,1685.16,1685.31,0.01,9.37,15863.01,1
2025-05-28,2025-05-28 13:31:00,1685.31,1685.45,1685.31,1685.45,0.01,9.37,15863.01,1
2025-05-28,2025-05-28 13:32:00,1685.45,1685.6,1685.45,1685.6,0.01,9.37,15863.01,1
2025-05-28,2025-05-28 13:33:00,1685.6,1685.75,1685.6,1685.75,0.01,9.37,15863.01,1
2025-05-28,2025-05-28 13:34:00,1685.75,1685.89,1685.75,1685.89,0.01,9.37,15863.01,1
2025-05-28,2025-05-28 13:35:00,1685.89,1686.04,1685.89,1686.04,0.01,9.37,15863.01,1
2025-05-28,2025-05-28 13:36:00,1686.04,1686.18,1686.04,1686.18,0.01,9.37,15863.01,1
2025-05-28,2025-05-28 13:37:00,1686.18,1686.33,1686.18,1686.33,0.01,9.37,15863.01,1
2025-05-28,2025-05-28 13:38:00,1686.33,1686.47,1686.33,1686.47,0.01,9.37,15863.01,1
2025-05-28,2025-05-28 13:39:00,1686.47,1686.62,1686.47,1686.62,0.01,9.37,15863.01,1
2025-05-28,2025-05-28 13:40:00,1686.62,1686.77,1686.62,1686.77,0.01,9.37,15863.01,1
2025-05-28,2025-05-28 13:41:00,1686.77,1686.91,1686.77,1686.91,0.01,9.37,15863.01,1
2025-05-28,2025-05-28 13:42:00,1686.91,1687.06,1686.91,1687.06,0.01,9.37,15863.01,1
2025-05-28,2025-05-28 13:43:00,1687.06,1687.2,1687.06,1687.2,0.01,9.37,15863.01,1
2025-05-28,2025-05-28 13:44:00,1687.2,1687.35,1687.2,1687.35,0.01,9.37,15863.01,1
2025-05-28,2025-05-28 13:45:00,1687.35,1687.49,1687.35,1687.49,0.01,9.37,15863.01,1
2025-05-28,2025-05-28 13:46:00,1687.49,1687.64,1687.49,1687.64,0.01,9.37,15863.01,1
2025-05-28,2025-05-28 13:47:00,1687.64,1687.79,1687.64,1687.79,0.01,9.37,15863.01,1
2025-05-28,2025-05-28 13:48:00,1687.79,1687.93,1687.79,1687.93,0.01,9.37,15863.01,1
2025-05-28,2025-05-28 13:49:00,1687.93,1688.08,1687.93,1688.08,0.01,9.37,15863.01,1
2025-05-28,2025-05-28 13:50:00,1688.08,1688.22,1688.08,1688.22,0.01,9.37,15863.01,1
2025-05-28,2025-05-28 13:51:00,1688.22,1688.37,1688.22,1688.37,0.01,9.37,15863.01,1
2025-05-28,2025-05-28 13:52:00,1688.37,1688.51,1688.37,1688.51,0.01,9.37,15863.01,1
2025-05-28,2025-05-28 13:53:00,1688.51,1688.66,1688.51,1688.66,0.01,9.37,15863.01,1
2025-05-28,2025-05-28 13:54:00,1688.66,1688.81,1688.66,1688.81,0.01,9.37,15863.01,1
2025-05-28,2025-05-28 13:55:00,1688.81,1688.95,1688.81,1688.95,0.01,9.37,15863.01,1
2025-05-28,2025-05-28 13:56:00,1688.95,1689.1,1688.95,1689.1,0.01,9.37,15863.01,1
2025-05-28,2025-05-28 13:57:00,1689.1,1689.24,1689.1,1689.24,0.01,9.37,15863.01,1
2025-05-28,2025-05-28 13:58:00,1689.24,1689.39,1689.24,1689.39,0.01,9.37,15863.01,1
2025-05-28,2025-05-28 13:59:00,1689.39,1689.53,1689.39,1689.53,0.01,9.37,15863.01,1
2025-05-28,2025-05-28 14:00:00,1689.53,1689.68,1689.53,1689.68,0.01,9.37,15863.01,1
2025-05-28,2025-05-28 14:01:00,1689.68,1689.83,1689.68,1689.83,0.01,9.37,15863.01,1
2025-05-28,2025-05-28 14:02:00,1689.83,1689.97,1689.83,1689.97,0.01,9.37,15863.01,1
2025-05-28,2025-05-28 14:03:00,1689.97,1690.12,1689.97,1690.12,0.01,9.37,15863.01,1
2025-05-28,2025-05-28 14:04:00,1690.12,1690.26,1690.12,1690.26,0.01,9.37,15863.01,1
2025-05-28,2025-05-28 14:05:00,1690.26,1690.41,1690.26,1690.41,0.01,9.37,15863.01,1
2025-05-28,2025-05-28 14:06:00,1690.41,1690.56,1690.41,1690.56,0.01,9.37,15863.01,1
2025-05-28,2025-05-28 14:07:00,1690.56,1690.7,1690.56,1690.7,0.01,9.37,15863.01,1
2025-05-28,2025-05-28 14:08:00,1690.7,1690.85,1690.7,1690.85,0.01,9.37,15863.01,1
2025-05-28,2025-05-28 14:09:00,1690.85,1690.99,1690.85,1690.99,0.01,9.37,15863.01,1
2025-05-28,2025-05-28 14:10:00,1690.99,1691.14,1690.99,1691.14,0.01,9.37,15863.01,1
2025-05-28,2025-05-28 14:11:00,1691.14,1691.28,1691.14,1691.28,0.01,9.37,15863.01,1
2025-05-28,2025-05-28 14:12:00,1691.28,1691.43,1691.28,1691.43,0.01,9.37,15863.01,1
2025-05-28,2025-05-28 14:13:00,1691.43,1691.58,1691.43,1691.58,0.01,9.37,15863.01,1
2025-05-28,2025-05-28 14:14:00,1691.58,1691.72,1691.58,1691.72,0.01,9.37,15863.01,1
2025-05-28,2025-05-28 14:15:00,1691.72,1691.87,1691.72,1691.87,0.01,9.37,15863.01,1
2025-05-28,2025-05-28 14:16:00,1691.87,1692.01,1691.87,1692.01,0.01,9.37,15863.01,1
2025-05-28,2025-05-28 14:17:00,1692.01,1692.16,1692.01,1692.16,0.01,9.37,15863.01,1
2025-05-28,2025-05-28 14:18:00,1692.16,1692.3,1692.16,1692.3,0.01,9.37,15863.01,1
2025-05-28,2025-05-28 14:19:00,1692.3,1692.45,1692.3,1692.45,0.01,9.37,15863.01,1
2025-05-28,2025-05-28 14:20:00,1692.45,1692.6,1692.45,1692.6,0.01,9.37,15863.01,1
2025-05-28,2025-05-28 14:21:00,1692.6,1692.74,1692.6,1692.74,0.01,9.37,15863.01,1
2025-05-28,2025-05-28 14:22:00,1692.74,1692.89,1692.74,1692.89,0.01,9.37,15863.01,1
2025-05-28,2025-05-28 14:23:00,1692.89,1693.03,1692.89,1693.03,0.01,9.37,15863.01,1
2025-05-28,2025-05-28 14:24:00,1693.03,1693.18,1693.03,1693.18,0.01,9.37,15863.01,1
2025-05-28,2025-05-28 14:25:00,1693.18,1693.32,1693.18,1693.32,0.01,9.37,15863.01,1
2025-05-28,2025-05-28 14:26:00,1693.32,1693.47,1693.32,1693.47,0.01,9.37,15863.01,1
2025-05-28,2025-05-28 14:27:00,1693.47,1693.62,1693.47,1693.62,0.01,9.37,15863.01,1
2025-05-28,2025-05-28 14:28:00,1693.62,1693.76,1693.62,1693.76,0.01,9.37,15863.01,1
2025-05-28,2025-05-28 14:29:00,1693.76,1693.91,1693.76,1693.91,0.01,9.37,15863.01,1
2025-05-28,2025-05-28 14:30:00,1693.91,1694.05,1693.91,1694.05,0.01,9.37,15863.01,1
2025-05-28,2025-05-28 14:31:00,1694.05,1694.2,1694.05,1694.2,0.01,9.37,15863.01,1
2025-05-28,2025-05-28 14:32:00,1694.2,1694.34,1694.2,1694.34,0.01,9.37,15863.01,1
2025-05-28,2025-05-28 14:33:00,1694.34,1694.49,1694.34,1694.49,0.01,9.37,15863.01,1
2025-05-28,2025-05-28 14:34:00,1694.49,1694.64,1694.49,1694.64,0.01,9.37,15863.01,1
2025-05-28,2025-05-28 14:35:00,1694.64,1694.78,1694.64,1694.78,0.01,9.37,15863.01,1
2025-05-28,2025-05-28 14:36:00,1694.78,1694.93,1694.78,1694.93,0.01,9.37,15863.01,1
2025-05-28,2025-05-28 14:37:00,1694.93,1695.07,1694.93,1695.07,0.01,9.37,15863.01,1
2025-05-28,2025-05-28 14:38:00,1695.07,1695.22,1695.07,1695.22,0.01,9.37,15863.01,1
2025-05-28,2025-05-28 14:39:00,1695.22,1695.37,1695.22,1695.37,0.01,9.37,15863.01,1
2025-05-28,2025-05-28 14:40:00,1695.37,1695.51,1695.37,1695.51,0.01,9.37,15863.01,1
2025-05-28,2025-05-28 14:41:00,1695.51,1695.66,1695.51,1695.66,0.01,9.37,15863.01,1
2025-05-28,2025-05-28 14:42:00,1695.66,1695.8,1695.66,1695.8,0.01,9.37,15863.01,1
2025-05-28,2025-05-28 14:43:00,1695.8,1695.95,1695.8,1695.95,0.01,9.37,15863.01,1
2025-05-28,2025-05-28 14:44:00,1695.95,1696.09,1695.95,1696.09,0.01,9.37,15863.01,1
2025-05-28,2025-05-28 14:45:00,1696.09,1696.24,1696.09,1696.24,0.01,9.37,15863.01,1
2025-05-28,2025-05-28 14:46:00,1696.24,1696.39,1696.24,1696.39,0.01,9.37,15863.01,1
2025-05-28,2025-05-28 14:47:00,1696.39,1696.53,1696.39,1696.53,0.01,9.37,15863.01,1
2025-05-28,2025-05-28 14:48:00,1696.53,1696.68,1696.53,1696.68,0.01,9.37,15863.01,1
2025-05-28,2025-05-28 14:49:00,1696.68,1696.82,1696.68,1696.82,0.01,9.37,15863.01,1
2025-05-28,2025-05-28 14:50:00,1696.82,1696.97,1696.82,1696.97,0.01,9.37,15863.01,1
2025-05-28,2025-05-28 14:51:00,1696.97,1697.11,1696.97,1697.11,0.01,9.37,15863.01,1
2025-05-28,2025-05-28 14:52:00,1697.11,1697.26,1697.11,1697.26,0.01,9.37,15863.01,1
2025-05-28,2025-05-28 14:53:00,1697.26,1697.41,1697.26,1697.41,0.01,9.37,15863.01,1
2025-05-28,2025-05-28 14:54:00,1697.41,1697.55,1697.41,1697.55,0.01,9.37,15863.01,1
2025-05-28,2025-05-28 14:55:00,1697.55,1697.7,1697.55,1697.7,0.01,9.37,15863.01,1
2025-05-28,2025-05-28 14:56:00,1697.7,1697.84,1697.7,1697.84,0.01,9.37,15863.01,1
2025-05-28,2025-05-28 14:57:00,1697.84,1697.99,1697.84,1697.99,0.01,9.37,15863.01,1
2025-05-28,2025-05-28 14:58:00,1697.99,1698.13,1697.99,1698.13,0.01,9.37,15863.01,1
2025-05-28,2025-05-28 14:59:00,1698.13,1698.28,1698.13,1698.28,0.01,9.37,15863.01,1
2025-05-28,2025-05-28 15:00:00,1698.28,1727.0,1663.3,1698.28,0.0,9.37,15863.01,0
2025-06-02,2025-06-02 11:00:00,1671.0,1688.67,1671.0,1671.09,0.01,8.17,13905.06,1
2025-06-02,2025-06-02 11:01:00,1671.09,1671.18,1671.09,1671.18,0.01,8.17,13905.06,1
2025-06-02,2025-06-02 11:02:00,1671.18,1671.27,1671.18,1671.27,0.01,8.17,13905.06,1
2025-06-02,2025-06-02 11:03:00,1671.27,1671.35,1671.27,1671.35,0.0,8.17,13905.06,1
2025-06-02,2025-06-02 11:04:00,1671.35,1671.44,1671.35,1671.44,0.01,8.17,13905.06,1
2025-06-02,2025-06-02 11:05:00,1671.44,1671.53,1671.44,1671.53,0.01,8.17,13905.06,1
2025-06-02,2025-06-02 11:06:00,1671.53,1671.62,1671.53,1671.62,0.01,8.17,13905.06,1
2025-06-02,2025-06-02 11:07:00,1671.62,1671.71,1671.62,1671.71,0.01,8.17,13905.06,1
2025-06-02,2025-06-02 11:08:00,1671.71,1671.8,1671.71,1671.8,0.01,8.17,13905.06,1
2025-06-02,2025-06-02 11:09:00,1671.8,1671.88,1671.8,1671.88,0.0,8.17,13905.06,1
2025-06-02,2025-06-02 11:10:00,1671.88,1671.97,1671.88,1671.97,0.01,8.17,13905.06,1
2025-06-02,2025-06-02 11:11:00,1671.97,1672.06,1671.97,1672.06,0.01,8.17,13905.06,1
2025-06-02,2025-06-02 11:12:00,1672.06,1672.15,1672.06,1672.15,0.01,8.17,13905.06,1
2025-06-02,2025-06-02 11:13:00,1672.15,1672.24,1672.15,1672.24,0.01,8.17,13905.06,1
2025-06-02,2025-06-02 11:14:00,1672.24,1672.33,1672.24,1672.33,0.01,8.17,13905.06,1
2025-06-02,2025-06-02 11:15:00,1672.33,1672.42,1672.33,1672.42,0.01,8.17,13905.06,1
2025-06-02,2025-06-02 11:16:00,1672.42,1672.5,1672.42,1672.5,0.0,8.17,13905.06,1
2025-06-02,2025-06-02 11:17:00,1672.5,1672.59,1672.5,1672.59,0.01,8.17,13905.06,1
2025-06-02,2025-06-02 11:18:00,1672.59,1672.68,1672.59,1672.68,0.01,8.17,13905.06,1
2025-06-02,2025-06-02 11:19:00,1672.68,1672.77,1672.68,1672.77,0.01,8.17,13905.06,1
2025-06-02,2025-06-02 11:20:00,1672.77,1672.86,1672.77,1672.86,0.01,8.17,13905.06,1
2025-06-02,2025-06-02 11:21:00,1672.86,1672.95,1672.86,1672.95,0.01,8.17,13905.06,1
2025-06-02,2025-06-02 11:22:00,1672.95,1673.04,1672.95,1673.04,0.01,8.17,13905.06,1
2025-06-02,2025-06-02 11:23:00,1673.04,1673.12,1673.04,1673.12,0.0,8.17,13905.06,1
2025-06-02,2025-06-02 11:24:00,1673.12,1673.21,1673.12,1673.21,0.01,8.17,13905.06,1
2025-06-02,2025-06-02 11:25:00,1673.21,1673.3,1673.21,1673.3,0.01,8.17,13905.06,1
2025-06-02,2025-06-02 11:26:00,1673.3,1673.39,1673.3,1673.39,0.01,8.17,13905.06,1
2025-06-02,2025-06-02 11:27:00,1673.39,1673.48,1673.39,1673.48,0.01,8.17,13905.06,1
2025-06-02,2025-06-02 11:28:00,1673.48,1673.57,1673.48,1673.57,0.01,8.17,13905.06,1
2025-06-02,2025-06-02 11:29:00,1673.57,1673.65,1673.57,1673.65,0.0,8.17,13905.06,1
2025-06-02,2025-06-02 11:30:00,1673.65,1673.74,1673.65,1673.74,0.01,8.17,13905.06,1
2025-06-02,2025-06-02 11:31:00,1673.74,1673.83,1673.74,1673.83,0.01,8.17,13905.06,1
2025-06-02,2025-06-02 11:32:00,1673.83,1673.92,1673.83,1673.92,0.01,8.17,13905.06,1
2025-06-02,2025-06-02 11:33:00,1673.92,1674.01,1673.92,1674.01,0.01,8.17,13905.06,1
2025-06-02,2025-06-02 11:34:00,1674.01,1674.1,1674.01,1674.1,0.01,8.17,13905.06,1
2025-06-02,2025-06-02 11:35:00,1674.1,1674.19,1674.1,1674.19,0.01,8.17,13905.06,1
2025-06-02,2025-06-02 11:36:00,1674.19,1674.27,1674.19,1674.27,0.0,8.17,13905.06,1
2025-06-02,2025-06-02 11:37:00,1674.27,1674.36,1674.27,1674.36,0.01,8.17,13905.06,1
2025-06-02,2025-06-02 11:38:00,1674.36,1674.45,1674.36,1674.45,0.01,8.17,13905.06,1
2025-06-02,2025-06-02 11:39:00,1674.45,1674.54,1674.45,1674.54,0.01,8.17,13905.06,1
2025-06-02,2025-06-02 11:40:00,1674.54,1674.63,1674.54,1674.63,0.01,8.17,13905.06,1
2025-06-02,2025-06-02 11:41:00,1674.63,1674.72,1674.63,1674.72,0.01,8.17,13905.06,1
2025-06-02,2025-06-02 11:42:00,1674.72,1674.81,1674.72,1674.81,0.01,8.17,13905.06,1
2025-06-02,2025-06-02 11:43:00,1674.81,1674.89,1674.81,1674.89,0.0,8.17,13905.06,1
2025-06-02,2025-06-02 11:44:00,1674.89,1674.98,1674.89,1674.98,0.01,8.17,13905.06,1
2025-06-02,2025-06-02 11:45:00,1674.98,1675.07,1674.98,1675.07,0.01,8.17,13905.06,1
2025-06-02,2025-06-02 11:46:00,1675.07,1675.16,1675.07,1675.16,0.01,8.17,13905.06,1
2025-06-02,2025-06-02 11:47:00,1675.16,1675.25,1675.16,1675.25,0.01,8.17,13905.06,1
2025-06-02,2025-06-02 11:48:00,1675.25,1675.34,1675.25,1675.34,0.01,8.17,13905.06,1
2025-06-02,2025-06-02 11:49:00,1675.34,1675.42,1675.34,1675.42,0.0,8.17,13905.06,1
2025-06-02,2025-06-02 11:50:00,1675.42,1675.51,1675.42,1675.51,0.01,8.17,13905.06,1
2025-06-02,2025-06-02 11:51:00,1675.51,1675.6,1675.51,1675.6,0.01,8.17,13905.06,1
2025-06-02,2025-06-02 11:52:00,1675.6,1675.69,1675.6,1675.69,0.01,8.17,13905.06,1
2025-06-02,2025-06-02 11:53:00,1675.69,1675.78,1675.69,1675.78,0.01,8.17,13905.06,1
2025-06-02,2025-06-02 11:54:00,1675.78,1675.87,1675.78,1675.87,0.01,8.17,13905.06,1
2025-06-02,2025-06-02 11:55:00,1675.87,1675.96,1675.87,1675.96,0.01,8.17,13905.06,1
2025-06-02,2025-06-02 11:56:00,1675.96,1676.04,1675.96,1676.04,0.0,8.17,13905.06,1
2025-06-02,2025-06-02 11:57:00,1676.04,1676.13,1676.04,1676.13,0.01,8.17,13905.06,1
2025-06-02,2025-06-02 11:58:00,1676.13,1676.22,1676.13,1676.22,0.01,8.17,13905.06,1
2025-06-02,2025-06-02 11:59:00,1676.22,1676.31,1676.22,1676.31,0.01,8.17,13905.06,1
2025-06-02,2025-06-02 12:00:00,1676.31,1676.4,1676.31,1676.4,0.01,8.17,13905.06,1
2025-06-02,2025-06-02 12:01:00,1676.4,1676.49,1676.4,1676.49,0.01,8.17,13905.06,1
2025-06-02,2025-06-02 12:02:00,1676.49,1676.58,1676.49,1676.58,0.01,8.17,13905.06,1
2025-06-02,2025-06-02 12:03:00,1676.58,1676.66,1676.58,1676.66,0.0,8.17,13905.06,1
2025-06-02,2025-06-02 12:04:00,1676.66,1676.75,1676.66,1676.75,0.01,8.17,13905.06,1
2025-06-02,2025-06-02 12:05:00,1676.75,1676.84,1676.75,1676.84,0.01,8.17,13905.06,1
2025-06-02,2025-06-02 12:06:00,1676.84,1676.93,1676.84,1676.93,0.01,8.17,13905.06,1
2025-06-02,2025-06-02 12:07:00,1676.93,1677.02,1676.93,1677.02,0.01,8.17,13905.06,1
2025-06-02,2025-06-02 12:08:00,1677.02,1677.11,1677.02,1677.11,0.01,8.17,13905.06,1
2025-06-02,2025-06-02 12:09:00,1677.11,1677.19,1677.11,1677.19,0.0,8.17,13905.06,1
2025-06-02,2025-06-02 12:10:00,1677.19,1677.28,1677.19,1677.28,0.01,8.17,13905.06,1
2025-06-02,2025-06-02 12:11:00,1677.28,1677.37,1677.28,1677.37,0.01,8.17,13905.06,1
2025-06-02,2025-06-02 12:12:00,1677.37,1677.46,1677.37,1677.46,0.01,8.17,13905.06,1
2025-06-02,2025-06-02 12:13:00,1677.46,1677.55,1677.46,1677.55,0.01,8.17,13905.06,1
2025-06-02,2025-06-02 12:14:00,1677.55,1677.64,1677.55,1677.64,0.01,8.17,13905.06,1
2025-06-02,2025-06-02 12:15:00,1677.64,1677.73,1677.64,1677.73,0.01,8.17,13905.06,1
2025-06-02,2025-06-02 12:16:00,1677.73,1677.81,1677.73,1677.81,0.0,8.17,13905.06,1
2025-06-02,2025-06-02 12:17:00,1677.81,1677.9,1677.81,1677.9,0.01,8.17,13905.06,1
2025-06-02,2025-06-02 12:18:00,1677.9,1677.99,1677.9,1677.99,0.01,8.17,13905.06,1
2025-06-02,2025-06-02 12:19:00,1677.99,1678.08,1677.99,1678.08,0.01,8.17,13905.06,1
2025-06-02,2025-06-02 12:20:00,1678.08,1678.17,1678.08,1678.17,0.01,8.17,13905.06,1
2025-06-02,2025-06-02 12:21:00,1678.17,1678.26,1678.17,1678.26,0.01,8.17,13905.06,1
2025-06-02,2025-06-02 12:22:00,1678.26,1678.35,1678.26,1678.35,0.01,8.17,13905.06,1
2025-06-02,2025-06-02 12:23:00,1678.35,1678.43,1678.35,1678.43,0.0,8.17,13905.06,1
2025-06-02,2025-06-02 12:24:00,1678.43,1678.52,1678.43,1678.52,0.01,8.17,13905.06,1
2025-06-02,2025-06-02 12:25:00,1678.52,1678.61,1678.52,1678.61,0.01,8.17,13905.06,1
2025-06-02,2025-06-02 12:26:00,1678.61,1678.7,1678.61,1678.7,0.01,8.17,13905.06,1
2025-06-02,2025-06-02 12:27:00,1678.7,1678.79,1678.7,1678.79,0.01,8.17,13905.06,1
2025-06-02,2025-06-02 12:28:00,1678.79,1678.88,1678.79,1678.88,0.01,8.17,13905.06,1
2025-06-02,2025-06-02 12:29:00,1678.88,1678.96,1678.88,1678.96,0.0,8.17,13905.06,1
2025-06-02,2025-06-02 12:30:00,1678.96,1679.05,1678.96,1679.05,0.01,8.17,13905.06,1
2025-06-02,2025-06-02 12:31:00,1679.05,1679.14,1679.05,1679.14,0.01,8.17,13905.06,1
2025-06-02,2025-06-02 12:32:00,1679.14,1679.23,1679.14,1679.23,0.01,8.17,13905.06,1
2025-06-02,2025-06-02 12:33:00,1679.23,1679.32,1679.23,1679.32,0.01,8.17,13905.06,1
2025-06-02,2025-06-02 12:34:00,1679.32,1679.41,1679.32,1679.41,0.01,8.17,13905.06,1
2025-06-02,2025-06-02 12:35:00,1679.41,1679.5,1679.41,1679.5,0.01,8.17,13905.06,1
2025-06-02,2025-06-02 12:36:00,1679.5,1679.58,1679.5,1679.58,0.0,8.17,13905.06,1
2025-06-02,2025-06-02 12:37:00,1679.58,1679.67,1679.58,1679.67,0.01,8.17,13905.06,1
2025-06-02,2025-06-02 12:38:00,1679.67,1679.76,1679.67,1679.76,0.01,8.17,13905.06,1
2025-06-02,2025-06-02 12:39:00,1679.76,1679.85,1679.76,1679.85,0.01,8.17,13905.06,1
2025-06-02,2025-06-02 12:40:00,1679.85,1679.94,1679.85,1679.94,0.01,8.17,13905.06,1
2025-06-02,2025-06-02 12:41:00,1679.94,1680.03,1679.94,1680.03,0.01,8.17,13905.06,1
2025-06-02,2025-06-02 12:42:00,1680.03,1680.12,1680.03,1680.12,0.01,8.17,13905.06,1
2025-06-02,2025-06-02 12:43:00,1680.12,1680.2,1680.12,1680.2,0.0,8.17,13905.06,1
2025-06-02,2025-06-02 12:44:00,1680.2,1680.29,1680.2,1680.29,0.01,8.17,13905.06,1
2025-06-02,2025-06-02 12:45:00,1680.29,1680.38,1680.29,1680.38,0.01,8.17,13905.06,1
2025-06-02,2025-06-02 12:46:00,1680.38,1680.47,1680.38,1680.47,0.01,8.17,13905.06,1
2025-06-02,2025-06-02 12:47:00,1680.47,1680.56,1680.47,1680.56,0.01,8.17,13905.06,1
2025-06-02,2025-06-02 12:48:00,1680.56,1680.65,1680.56,1680.65,0.01,8.17,13905.06,1
2025-06-02,2025-06-02 12:49:00,1680.65,1680.73,1680.65,1680.73,0.0,8.17,13905.06,1
2025-06-02,2025-06-02 12:50:00,1680.73,1680.82,1680.73,1680.82,0.01,8.17,13905.06,1
2025-06-02,2025-06-02 12:51:00,1680.82,1680.91,1680.82,1680.91,0.01,8.17,13905.06,1
2025-06-02,2025-06-02 12:52:00,1680.91,1681.0,1680.91,1681.0,0.01,8.17,13905.06,1
2025-06-02,2025-06-02 12:53:00,1681.0,1681.09,1681.0,1681.09,0.01,8.17,13905.06,1
2025-06-02,2025-06-02 12:54:00,1681.09,1681.18,1681.09,1681.18,0.01,8.17,13905.06,1
2025-06-02,2025-06-02 12:55:00,1681.18,1681.27,1681.18,1681.27,0.01,8.17,13905.06,1
2025-06-02,2025-06-02 12:56:00,1681.27,1681.35,1681.27,1681.35,0.0,8.17,13905.06,1
2025-06-02,2025-06-02 12:57:00,1681.35,1681.44,1681.35,1681.44,0.01,8.17,13905.06,1
2025-06-02,2025-06-02 12:58:00,1681.44,1681.53,1681.44,1681.53,0.01,8.17,13905.06,1
2025-06-02,2025-06-02 12:59:00,1681.53,1681.62,1681.53,1681.62,0.01,8.17,13905.06,1
2025-06-02,2025-06-02 13:00:00,1681.62,1729.9,1671.0,1681.71,0.01,8.17,13905.06,1
2025-06-02,2025-06-02 13:01:00,1681.71,1681.8,1681.71,1681.8,0.01,8.17,13905.06,1
2025-06-02,2025-06-02 13:02:00,1681.8,1681.89,1681.8,1681.89,0.01,8.17,13905.06,1
2025-06-02,2025-06-02 13:03:00,1681.89,1681.97,1681.89,1681.97,0.0,8.17,13905.06,1
2025-06-02,2025-06-02 13:04:00,1681.97,1682.06,1681.97,1682.06,0.01,8.17,13905.06,1
2025-06-02,2025-06-02 13:05:00,1682.06,1682.15,1682.06,1682.15,0.01,8.17,13905.06,1
2025-06-02,2025-06-02 13:06:00,1682.15,1682.24,1682.15,1682.24,0.01,8.17,13905.06,1
2025-06-02,2025-06-02 13:07:00,1682.24,1682.33,1682.24,1682.33,0.01,8.17,13905.06,1
2025-06-02,2025-06-02 13:08:00,1682.33,1682.42,1682.33,1682.42,0.01,8.17,13905.06,1
2025-06-02,2025-06-02 13:09:00,1682.42,1682.51,1682.42,1682.51,0.01,8.17,13905.06,1
2025-06-02,2025-06-02 13:10:00,1682.51,1682.59,1682.51,1682.59,0.0,8.17,13905.06,1
2025-06-02,2025-06-02 13:11:00,1682.59,1682.68,1682.59,1682.68,0.01,8.17,13905.06,1
2025-06-02,2025-06-02 13:12:00,1682.68,1682.77,1682.68,1682.77,0.01,8.17,13905.06,1
2025-06-02,2025-06-02 13:13:00,1682.77,1682.86,1682.77,1682.86,0.01,8.17,13905.06,1
2025-06-02,2025-06-02 13:14:00,1682.86,1682.95,1682.86,1682.95,0.01,8.17,13905.06,1
2025-06-02,2025-06-02 13:15:00,1682.95,1683.04,1682.95,1683.04,0.01,8.17,13905.06,1
2025-06-02,2025-06-02 13:16:00,1683.04,1683.12,1683.04,1683.12,0.0,8.17,13905.06,1
2025-06-02,2025-06-02 13:17:00,1683.12,1683.21,1683.12,1683.21,0.01,8.17,13905.06,1
2025-06-02,2025-06-02 13:18:00,1683.21,1683.3,1683.21,1683.3,0.01,8.17,13905.06,1
2025-06-02,2025-06-02 13:19:00,1683.3,1683.39,1683.3,1683.39,0.01,8.17,13905.06,1
2025-06-02,2025-06-02 13:20:00,1683.39,1683.48,1683.39,1683.48,0.01,8.17,13905.06,1
2025-06-02,2025-06-02 13:21:00,1683.48,1683.57,1683.48,1683.57,0.01,8.17,13905.06,1
2025-06-02,2025-06-02 13:22:00,1683.57,1683.66,1683.57,1683.66,0.01,8.17,13905.06,1
2025-06-02,2025-06-02 13:23:00,1683.66,1683.74,1683.66,1683.74,0.0,8.17,13905.06,1
2025-06-02,2025-06-02 13:24:00,1683.74,1683.83,1683.74,1683.83,0.01,8.17,13905.06,1
2025-06-02,2025-06-02 13:25:00,1683.83,1683.92,1683.83,1683.92,0.01,8.17,13905.06,1
2025-06-02,2025-06-02 13:26:00,1683.92,1684.01,1683.92,1684.01,0.01,8.17,13905.06,1
2025-06-02,2025-06-02 13:27:00,1684.01,1684.1,1684.01,1684.1,0.01,8.17,13905.06,1
2025-06-02,2025-06-02 13:28:00,1684.1,1684.19,1684.1,1684.19,0.01,8.17,13905.06,1
2025-06-02,2025-06-02 13:29:00,1684.19,1684.28,1684.19,1684.28,0.01,8.17,13905.06,1
2025-06-02,2025-06-02 13:30:00,1684.28,1684.36,1684.28,1684.36,0.0,8.17,13905.06,1
2025-06-02,2025-06-02 13:31:00,1684.36,1684.45,1684.36,1684.45,0.01,8.17,13905.06,1
2025-06-02,2025-06-02 13:32:00,1684.45,1684.54,1684.45,1684.54,0.01,8.17,13905.06,1
2025-06-02,2025-06-02 13:33:00,1684.54,1684.63,1684.54,1684.63,0.01,8.17,13905.06,1
2025-06-02,2025-06-02 13:34:00,1684.63,1684.72,1684.63,1684.72,0.01,8.17,13905.06,1
2025-06-02,2025-06-02 13:35:00,1684.72,1684.81,1684.72,1684.81,0.01,8.17,13905.06,1
2025-06-02,2025-06-02 13:36:00,1684.81,1684.89,1684.81,1684.89,0.0,8.17,13905.06,1
2025-06-02,2025-06-02 13:37:00,1684.89,1684.98,1684.89,1684.98,0.01,8.17,13905.06,1
2025-06-02,2025-06-02 13:38:00,1684.98,1685.07,1684.98,1685.07,0.01,8.17,13905.06,1
2025-06-02,2025-06-02 13:39:00,1685.07,1685.16,1685.07,1685.16,0.01,8.17,13905.06,1
2025-06-02,2025-06-02 13:40:00,1685.16,1685.25,1685.16,1685.25,0.01,8.17,13905.06,1
2025-06-02,2025-06-02 13:41:00,1685.25,1685.34,1685.25,1685.34,0.01,8.17,13905.06,1
2025-06-02,2025-06-02 13:42:00,1685.34,1685.43,1685.34,1685.43,0.01,8.17,13905.06,1
2025-06-02,2025-06-02 13:43:00,1685.43,1685.51,1685.43,1685.51,0.0,8.17,13905.06,1
2025-06-02,2025-06-02 13:44:00,1685.51,1685.6,1685.51,1685.6,0.01,8.17,13905.06,1
2025-06-02,2025-06-02 13:45:00,1685.6,1685.69,1685.6,1685.69,0.01,8.17,13905.06,1
2025-06-02,2025-06-02 13:46:00,1685.69,1685.78,1685.69,1685.78,0.01,8.17,13905.06,1
2025-06-02,2025-06-02 13:47:00,1685.78,1685.87,1685.78,1685.87,0.01,8.17,13905.06,1
2025-06-02,2025-06-02 13:48:00,1685.87,1685.96,1685.87,1685.96,0.01,8.17,13905.06,1
2025-06-02,2025-06-02 13:49:00,1685.96,1686.05,1685.96,1686.05,0.01,8.17,13905.06,1
2025-06-02,2025-06-02 13:50:00,1686.05,1686.13,1686.05,1686.13,0.0,8.17,13905.06,1
2025-06-02,2025-06-02 13:51:00,1686.13,1686.22,1686.13,1686.22,0.01,8.17,13905.06,1
2025-06-02,2025-06-02 13:52:00,1686.22,1686.31,1686.22,1686.31,0.01,8.17,13905.06,1
2025-06-02,2025-06-02 13:53:00,1686.31,1686.4,1686.31,1686.4,0.01,8.17,13905.06,1
2025-06-02,2025-06-02 13:54:00,1686.4,1686.49,1686.4,1686.49,0.01,8.17,13905.06,1
2025-06-02,2025-06-02 13:55:00,1686.49,1686.58,1686.49,1686.58,0.01,8.17,13905.06,1
2025-06-02,2025-06-02 13:56:00,1686.58,1686.66,1686.58,1686.66,0.0,8.17,13905.06,1
2025-06-02,2025-06-02 13:57:00,1686.66,1686.75,1686.66,1686.75,0.01,8.17,13905.06,1
2025-06-02,2025-06-02 13:58:00,1686.75,1686.84,1686.75,1686.84,0.01,8.17,13905.06,1
2025-06-02,2025-06-02 13:59:00,1686.84,1686.93,1686.84,1686.93,0.01,8.17,13905.06,1
2025-06-02,2025-06-02 14:00:00,1686.93,1687.02,1686.93,1687.02,0.01,8.17,13905.06,1
2025-06-02,2025-06-02 14:01:00,1687.02,1687.11,1687.02,1687.11,0.01,8.17,13905.06,1
2025-06-02,2025-06-02 14:02:00,1687.11,1687.2,1687.11,1687.2,0.01,8.17,13905.06,1
2025-06-02,2025-06-02 14:03:00,1687.2,1687.28,1687.2,1687.28,0.0,8.17,13905.06,1
2025-06-02,2025-06-02 14:04:00,1687.28,1687.37,1687.28,1687.37,0.01,8.17,13905.06,1
2025-06-02,2025-06-02 14:05:00,1687.37,1687.46,1687.37,1687.46,0.01,8.17,13905.06,1
2025-06-02,2025-06-02 14:06:00,1687.46,1687.55,1687.46,1687.55,0.01,8.17,13905.06,1
2025-06-02,2025-06-02 14:07:00,1687.55,1687.64,1687.55,1687.64,0.01,8.17,13905.06,1
2025-06-02,2025-06-02 14:08:00,1687.64,1687.73,1687.64,1687.73,0.01,8.17,13905.06,1
2025-06-02,2025-06-02 14:09:00,1687.73,1687.82,1687.73,1687.82,0.01,8.17,13905.06,1
2025-06-02,2025-06-02 14:10:00,1687.82,1687.9,1687.82,1687.9,0.0,8.17,13905.06,1
2025-06-02,2025-06-02 14:11:00,1687.9,1687.99,1687.9,1687.99,0.01,8.17,13905.06,1
2025-06-02,2025-06-02 14:12:00,1687.99,1688.08,1687.99,1688.08,0.01,8.17,13905.06,1
2025-06-02,2025-06-02 14:13:00,1688.08,1688.17,1688.08,1688.17,0.01,8.17,13905.06,1
2025-06-02,2025-06-02 14:14:00,1688.17,1688.26,1688.17,1688.26,0.01,8.17,13905.06,1
2025-06-02,2025-06-02 14:15:00,1688.26,1688.35,1688.26,1688.35,0.01,8.17,13905.06,1
2025-06-02,2025-06-02 14:16:00,1688.35,1688.43,1688.35,1688.43,0.0,8.17,13905.06,1
2025-06-02,2025-06-02 14:17:00,1688.43,1688.52,1688.43,1688.52,0.01,8.17,13905.06,1
2025-06-02,2025-06-02 14:18:00,1688.52,1688.61,1688.52,1688.61,0.01,8.17,13905.06,1
2025-06-02,2025-06-02 14:19:00,1688.61,1688.7,1688.61,1688.7,0.01,8.17,13905.06,1
2025-06-02,2025-06-02 14:20:00,1688.7,1688.79,1688.7,1688.79,0.01,8.17,13905.06,1
2025-06-02,2025-06-02 14:21:00,1688.79,1688.88,1688.79,1688.88,0.01,8.17,13905.06,1
2025-06-02,2025-06-02 14:22:00,1688.88,1688.97,1688.88,1688.97,0.01,8.17,13905.06,1
2025-06-02,2025-06-02 14:23:00,1688.97,1689.05,1688.97,1689.05,0.0,8.17,13905.06,1
2025-06-02,2025-06-02 14:24:00,1689.05,1689.14,1689.05,1689.14,0.01,8.17,13905.06,1
2025-06-02,2025-06-02 14:25:00,1689.14,1689.23,1689.14,1689.23,0.01,8.17,13905.06,1
2025-06-02,2025-06-02 14:26:00,1689.23,1689.32,1689.23,1689.32,0.01,8.17,13905.06,1
2025-06-02,2025-06-02 14:27:00,1689.32,1689.41,1689.32,1689.41,0.01,8.17,13905.06,1
2025-06-02,2025-06-02 14:28:00,1689.41,1689.5,1689.41,1689.5,0.01,8.17,13905.06,1
2025-06-02,2025-06-02 14:29:00,1689.5,1689.59,1689.5,1689.59,0.01,8.17,13905.06,1
2025-06-02,2025-06-02 14:30:00,1689.59,1689.67,1689.59,1689.67,0.0,8.17,13905.06,1
2025-06-02,2025-06-02 14:31:00,1689.67,1689.76,1689.67,1689.76,0.01,8.17,13905.06,1
2025-06-02,2025-06-02 14:32:00,1689.76,1689.85,1689.76,1689.85,0.01,8.17,13905.06,1
2025-06-02,2025-06-02 14:33:00,1689.85,1689.94,1689.85,1689.94,0.01,8.17,13905.06,1
2025-06-02,2025-06-02 14:34:00,1689.94,1690.03,1689.94,1690.03,0.01,8.17,13905.06,1
2025-06-02,2025-06-02 14:35:00,1690.03,1690.12,1690.03,1690.12,0.01,8.17,13905.06,1
2025-06-02,2025-06-02 14:36:00,1690.12,1690.2,1690.12,1690.2,0.0,8.17,13905.06,1
2025-06-02,2025-06-02 14:37:00,1690.2,1690.29,1690.2,1690.29,0.01,8.17,13905.06,1
2025-06-02,2025-06-02 14:38:00,1690.29,1690.38,1690.29,1690.38,0.01,8.17,13905.06,1
2025-06-02,2025-06-02 14:39:00,1690.38,1690.47,1690.38,1690.47,0.01,8.17,13905.06,1
2025-06-02,2025-06-02 14:40:00,1690.47,1690.56,1690.47,1690.56,0.01,8.17,13905.06,1
2025-06-02,2025-06-02 14:41:00,1690.56,1690.65,1690.56,1690.65,0.01,8.17,13905.06,1
2025-06-02,2025-06-02 14:42:00,1690.65,1690.74,1690.65,1690.74,0.01,8.17,13905.06,1
2025-06-02,2025-06-02 14:43:00,1690.74,1690.82,1690.74,1690.82,0.0,8.17,13905.06,1
2025-06-02,2025-06-02 14:44:00,1690.82,1690.91,1690.82,1690.91,0.01,8.17,13905.06,1
2025-06-02,2025-06-02 14:45:00,1690.91,1691.0,1690.91,1691.0,0.01,8.17,13905.06,1
2025-06-02,2025-06-02 14:46:00,1691.0,1691.09,1691.0,1691.09,0.01,8.17,13905.06,1
2025-06-02,2025-06-02 14:47:00,1691.09,1691.18,1691.09,1691.18,0.01,8.17,13905.06,1
2025-06-02,2025-06-02 14:48:00,1691.18,1691.27,1691.18,1691.27,0.01,8.17,13905.06,1
2025-06-02,2025-06-02 14:49:00,1691.27,1691.36,1691.27,1691.36,0.01,8.17,13905.06,1
2025-06-02,2025-06-02 14:50:00,1691.36,1691.44,1691.36,1691.44,0.0,8.17,13905.06,1
2025-06-02,2025-06-02 14:51:00,1691.44,1691.53,1691.44,1691.53,0.01,8.17,13905.06,1
2025-06-02,2025-06-02 14:52:00,1691.53,1691.62,1691.53,1691.62,0.01,8.17,13905.06,1
2025-06-02,2025-06-02 14:53:00,1691.62,1691.71,1691.62,1691.71,0.01,8.17,13905.06,1
2025-06-02,2025-06-02 14:54:00,1691.71,1691.8,1691.71,1691.8,0.01,8.17,13905.06,1
2025-06-02,2025-06-02 14:55:00,1691.8,1691.89,1691.8,1691.89,0.01,8.17,13905.06,1
2025-06-02,2025-06-02 14:56:00,1691.89,1691.97,1691.89,1691.97,0.0,8.17,13905.06,1
2025-06-02,2025-06-02 14:57:00,1691.97,1692.06,1691.97,1692.06,0.01,8.17,13905.06,1
2025-06-02,2025-06-02 14:58:00,1692.06,1692.15,1692.06,1692.15,0.01,8.17,13905.06,1
2025-06-02,2025-06-02 14:59:00,1692.15,1692.24,1692.15,1692.24,0.01,8.17,13905.06,1
2025-06-02,2025-06-02 15:00:00,1692.24,1729.9,1671.0,1692.24,0.0,8.17,13905.06,0
2025-06-03,2025-06-03 11:00:00,1668.0,1677.57,1661.4,1667.96,-0.0,6.14,10217.93,-1
2025-06-03,2025-06-03 11:01:00,1667.96,1667.96,1667.92,1667.92,-0.0,6.14,10217.93,-1
2025-06-03,2025-06-03 11:02:00,1667.92,1667.92,1667.88,1667.88,-0.0,6.14,10217.93,-1
2025-06-03,2025-06-03 11:03:00,1667.88,1667.88,1667.84,1667.84,-0.0,6.14,10217.93,-1
2025-06-03,2025-06-03 11:04:00,1667.84,1667.84,1667.79,1667.79,-0.0,6.14,10217.93,-1
2025-06-03,2025-06-03 11:05:00,1667.79,1667.79,1667.75,1667.75,-0.0,6.14,10217.93,-1
2025-06-03,2025-06-03 11:06:00,1667.75,1667.75,1667.71,1667.71,-0.0,6.14,10217.93,-1
2025-06-03,2025-06-03 11:07:00,1667.71,1667.71,1667.67,1667.67,-0.0,6.14,10217.93,-1
2025-06-03,2025-06-03 11:08:00,1667.67,1667.67,1667.63,1667.63,-0.0,6.14,10217.93,-1
2025-06-03,2025-06-03 11:09:00,1667.63,1667.63,1667.59,1667.59,-0.0,6.14,10217.93,-1
2025-06-03,2025-06-03 11:10:00,1667.59,1667.59,1667.55,1667.55,-0.0,6.14,10217.93,-1
2025-06-03,2025-06-03 11:11:00,1667.55,1667.55,1667.51,1667.51,-0.0,6.14,10217.93,-1
2025-06-03,2025-06-03 11:12:00,1667.51,1667.51,1667.47,1667.47,-0.0,6.14,10217.93,-1
2025-06-03,2025-06-03 11:13:00,1667.47,1667.47,1667.43,1667.43,-0.0,6.14,10217.93,-1
2025-06-03,2025-06-03 11:14:00,1667.43,1667.43,1667.38,1667.38,-0.0,6.14,10217.93,-1
2025-06-03,2025-06-03 11:15:00,1667.38,1667.38,1667.34,1667.34,-0.0,6.14,10217.93,-1
2025-06-03,2025-06-03 11:16:00,1667.34,1667.34,1667.3,1667.3,-0.0,6.14,10217.93,-1
2025-06-03,2025-06-03 11:17:00,1667.3,1667.3,1667.26,1667.26,-0.0,6.14,10217.93,-1
2025-06-03,2025-06-03 11:18:00,1667.26,1667.26,1667.22,1667.22,-0.0,6.14,10217.93,-1
2025-06-03,2025-06-03 11:19:00,1667.22,1667.22,1667.18,1667.18,-0.0,6.14,10217.93,-1
2025-06-03,2025-06-03 11:20:00,1667.18,1667.18,1667.14,1667.14,-0.0,6.14,10217.93,-1
2025-06-03,2025-06-03 11:21:00,1667.14,1667.14,1667.1,1667.1,-0.0,6.14,10217.93,-1
2025-06-03,2025-06-03 11:22:00,1667.1,1667.1,1667.06,1667.06,-0.0,6.14,10217.93,-1
2025-06-03,2025-06-03 11:23:00,1667.06,1667.06,1667.02,1667.02,-0.0,6.14,10217.93,-1
2025-06-03,2025-06-03 11:24:00,1667.02,1667.02,1666.97,1666.97,-0.0,6.14,10217.93,-1
2025-06-03,2025-06-03 11:25:00,1666.97,1666.97,1666.93,1666.93,-0.0,6.14,10217.93,-1
2025-06-03,2025-06-03 11:26:00,1666.93,1666.93,1666.89,1666.89,-0.0,6.14,10217.93,-1
2025-06-03,2025-06-03 11:27:00,1666.89,1666.89,1666.85,1666.85,-0.0,6.14,10217.93,-1
2025-06-03,2025-06-03 11:28:00,1666.85,1666.85,1666.81,1666.81,-0.0,6.14,10217.93,-1
2025-06-03,2025-06-03 11:29:00,1666.81,1666.81,1666.77,1666.77,-0.0,6.14,10217.93,-1
2025-06-03,2025-06-03 11:30:00,1666.77,1666.77,1666.73,1666.73,-0.0,6.14,10217.93,-1
2025-06-03,2025-06-03 11:31:00,1666.73,1666.73,1666.69,1666.69,-0.0,6.14,10217.93,-1
2025-06-03,2025-06-03 11:32:00,1666.69,1666.69,1666.65,1666.65,-0.0,6.14,10217.93,-1
2025-06-03,2025-06-03 11:33:00,1666.65,1666.65,1666.6,1666.6,-0.0,6.14,10217.93,-1
2025-06-03,2025-06-03 11:34:00,1666.6,1666.6,1666.56,1666.56,-0.0,6.14,10217.93,-1
2025-06-03,2025-06-03 11:35:00,1666.56,1666.56,1666.52,1666.52,-0.0,6.14,10217.93,-1
2025-06-03,2025-06-03 11:36:00,1666.52,1666.52,1666.48,1666.48,-0.0,6.14,10217.93,-1
2025-06-03,2025-06-03 11:37:00,1666.48,1666.48,1666.44,1666.44,-0.0,6.14,10217.93,-1
2025-06-03,2025-06-03 11:38:00,1666.44,1666.44,1666.4,1666.4,-0.0,6.14,10217.93,-1
2025-06-03,2025-06-03 11:39:00,1666.4,1666.4,1666.36,1666.36,-0.0,6.14,10217.93,-1
2025-06-03,2025-06-03 11:40:00,1666.36,1666.36,1666.32,1666.32,-0.0,6.14,10217.93,-1
2025-06-03,2025-06-03 11:41:00,1666.32,1666.32,1666.28,1666.28,-0.0,6.14,10217.93,-1
2025-06-03,2025-06-03 11:42:00,1666.28,1666.28,1666.24,1666.24,-0.0,6.14,10217.93,-1
2025-06-03,2025-06-03 11:43:00,1666.24,1666.24,1666.19,1666.19,-0.0,6.14,10217.93,-1
2025-06-03,2025-06-03 11:44:00,1666.19,1666.19,1666.15,1666.15,-0.0,6.14,10217.93,-1
2025-06-03,2025-06-03 11:45:00,1666.15,1666.15,1666.11,1666.11,-0.0,6.14,10217.93,-1
2025-06-03,2025-06-03 11:46:00,1666.11,1666.11,1666.07,1666.07,-0.0,6.14,10217.93,-1
2025-06-03,2025-06-03 11:47:00,1666.07,1666.07,1666.03,1666.03,-0.0,6.14,10217.93,-1
2025-06-03,2025-06-03 11:48:00,1666.03,1666.03,1665.99,1665.99,-0.0,6.14,10217.93,-1
2025-06-03,2025-06-03 11:49:00,1665.99,1665.99,1665.95,1665.95,-0.0,6.14,10217.93,-1
2025-06-03,2025-06-03 11:50:00,1665.95,1665.95,1665.91,1665.91,-0.0,6.14,10217.93,-1
2025-06-03,2025-06-03 11:51:00,1665.91,1665.91,1665.87,1665.87,-0.0,6.14,10217.93,-1
2025-06-03,2025-06-03 11:52:00,1665.87,1665.87,1665.82,1665.82,-0.0,6.14,10217.93,-1
2025-06-03,2025-06-03 11:53:00,1665.82,1665.82,1665.78,1665.78,-0.0,6.14,10217.93,-1
2025-06-03,2025-06-03 11:54:00,1665.78,1665.78,1665.74,1665.74,-0.0,6.14,10217.93,-1
2025-06-03,2025-06-03 11:55:00,1665.74,1665.74,1665.7,1665.7,-0.0,6.14,10217.93,-1
2025-06-03,2025-06-03 11:56:00,1665.7,1665.7,1665.66,1665.66,-0.0,6.14,10217.93,-1
2025-06-03,2025-06-03 11:57:00,1665.66,1665.66,1665.62,1665.62,-0.0,6.14,10217.93,-1
2025-06-03,2025-06-03 11:58:00,1665.62,1665.62,1665.58,1665.58,-0.0,6.14,10217.93,-1
2025-06-03,2025-06-03 11:59:00,1665.58,1665.58,1665.54,1665.54,-0.0,6.14,10217.93,-1
2025-06-03,2025-06-03 12:00:00,1665.54,1665.54,1665.5,1665.5,-0.0,6.14,10217.93,-1
2025-06-03,2025-06-03 12:01:00,1665.5,1665.5,1665.46,1665.46,-0.0,6.14,10217.93,-1
2025-06-03,2025-06-03 12:02:00,1665.46,1665.46,1665.41,1665.41,-0.0,6.14,10217.93,-1
2025-06-03,2025-06-03 12:03:00,1665.41,1665.41,1665.37,1665.37,-0.0,6.14,10217.93,-1
2025-06-03,2025-06-03 12:04:00,1665.37,1665.37,1665.33,1665.33,-0.0,6.14,10217.93,-1
2025-06-03,2025-06-03 12:05:00,1665.33,1665.33,1665.29,1665.29,-0.0,6.14,10217.93,-1
2025-06-03,2025-06-03 12:06:00,1665.29,1665.29,1665.25,1665.25,-0.0,6.14,10217.93,-1
2025-06-03,2025-06-03 12:07:00,1665.25,1665.25,1665.21,1665.21,-0.0,6.14,10217.93,-1
2025-06-03,2025-06-03 12:08:00,1665.21,1665.21,1665.17,1665.17,-0.0,6.14,10217.93,-1
2025-06-03,2025-06-03 12:09:00,1665.17,1665.17,1665.13,1665.13,-0.0,6.14,10217.93,-1
2025-06-03,2025-06-03 12:10:00,1665.13,1665.13,1665.09,1665.09,-0.0,6.14,10217.93,-1
2025-06-03,2025-06-03 12:11:00,1665.09,1665.09,1665.05,1665.05,-0.0,6.14,10217.93,-1
2025-06-03,2025-06-03 12:12:00,1665.05,1665.05,1665.0,1665.0,-0.0,6.14,10217.93,-1
2025-06-03,2025-06-03 12:13:00,1665.0,1665.0,1664.96,1664.96,-0.0,6.14,10217.93,-1
2025-06-03,2025-06-03 12:14:00,1664.96,1664.96,1664.92,1664.92,-0.0,6.14,10217.93,-1
2025-06-03,2025-06-03 12:15:00,1664.92,1664.92,1664.88,1664.88,-0.0,6.14,10217.93,-1
2025-06-03,2025-06-03 12:16:00,1664.88,1664.88,1664.84,1664.84,-0.0,6.14,10217.93,-1
2025-06-03,2025-06-03 12:17:00,1664.84,1664.84,1664.8,1664.8,-0.0,6.14,10217.93,-1
2025-06-03,2025-06-03 12:18:00,1664.8,1664.8,1664.76,1664.76,-0.0,6.14,10217.93,-1
2025-06-03,2025-06-03 12:19:00,1664.76,1664.76,1664.72,1664.72,-0.0,6.14,10217.93,-1
2025-06-03,2025-06-03 12:20:00,1664.72,1664.72,1664.68,1664.68,-0.0,6.14,10217.93,-1
2025-06-03,2025-06-03 12:21:00,1664.68,1664.68,1664.63,1664.63,-0.0,6.14,10217.93,-1
2025-06-03,2025-06-03 12:22:00,1664.63,1664.63,1664.59,1664.59,-0.0,6.14,10217.93,-1
2025-06-03,2025-06-03 12:23:00,1664.59,1664.59,1664.55,1664.55,-0.0,6.14,10217.93,-1
2025-06-03,2025-06-03 12:24:00,1664.55,1664.55,1664.51,1664.51,-0.0,6.14,10217.93,-1
2025-06-03,2025-06-03 12:25:00,1664.51,1664.51,1664.47,1664.47,-0.0,6.14,10217.93,-1
2025-06-03,2025-06-03 12:26:00,1664.47,1664.47,1664.43,1664.43,-0.0,6.14,10217.93,-1
2025-06-03,2025-06-03 12:27:00,1664.43,1664.43,1664.39,1664.39,-0.0,6.14,10217.93,-1
2025-06-03,2025-06-03 12:28:00,1664.39,1664.39,1664.35,1664.35,-0.0,6.14,10217.93,-1
2025-06-03,2025-06-03 12:29:00,1664.35,1664.35,1664.31,1664.31,-0.0,6.14,10217.93,-1
2025-06-03,2025-06-03 12:30:00,1664.31,1664.31,1664.27,1664.27,-0.0,6.14,10217.93,-1
2025-06-03,2025-06-03 12:31:00,1664.27,1664.27,1664.22,1664.22,-0.0,6.14,10217.93,-1
2025-06-03,2025-06-03 12:32:00,1664.22,1664.22,1664.18,1664.18,-0.0,6.14,10217.93,-1
2025-06-03,2025-06-03 12:33:00,1664.18,1664.18,1664.14,1664.14,-0.0,6.14,10217.93,-1
2025-06-03,2025-06-03 12:34:00,1664.14,1664.14,1664.1,1664.1,-0.0,6.14,10217.93,-1
2025-06-03,2025-06-03 12:35:00,1664.1,1664.1,1664.06,1664.06,-0.0,6.14,10217.93,-1
2025-06-03,2025-06-03 12:36:00,1664.06,1664.06,1664.02,1664.02,-0.0,6.14,10217.93,-1
2025-06-03,2025-06-03 12:37:00,1664.02,1664.02,1663.98,1663.98,-0.0,6.14,10217.93,-1
2025-06-03,2025-06-03 12:38:00,1663.98,1663.98,1663.94,1663.94,-0.0,6.14,10217.93,-1
2025-06-03,2025-06-03 12:39:00,1663.94,1663.94,1663.9,1663.9,-0.0,6.14,10217.93,-1
2025-06-03,2025-06-03 12:40:00,1663.9,1663.9,1663.85,1663.85,-0.0,6.14,10217.93,-1
2025-06-03,2025-06-03 12:41:00,1663.85,1663.85,1663.81,1663.81,-0.0,6.14,10217.93,-1
2025-06-03,2025-06-03 12:42:00,1663.81,1663.81,1663.77,1663.77,-0.0,6.14,10217.93,-1
2025-06-03,2025-06-03 12:43:00,1663.77,1663.77,1663.73,1663.73,-0.0,6.14,10217.93,-1
2025-06-03,2025-06-03 12:44:00,1663.73,1663.73,1663.69,1663.69,-0.0,6.14,10217.93,-1
2025-06-03,2025-06-03 12:45:00,1663.69,1663.69,1663.65,1663.65,-0.0,6.14,10217.93,-1
2025-06-03,2025-06-03 12:46:00,1663.65,1663.65,1663.61,1663.61,-0.0,6.14,10217.93,-1
2025-06-03,2025-06-03 12:47:00,1663.61,1663.61,1663.57,1663.57,-0.0,6.14,10217.93,-1
2025-06-03,2025-06-03 12:48:00,1663.57,1663.57,1663.53,1663.53,-0.0,6.14,10217.93,-1
2025-06-03,2025-06-03 12:49:00,1663.53,1663.53,1663.49,1663.49,-0.0,6.14,10217.93,-1
2025-06-03,2025-06-03 12:50:00,1663.49,1663.49,1663.44,1663.44,-0.0,6.14,10217.93,-1
2025-06-03,2025-06-03 12:51:00,1663.44,1663.44,1663.4,1663.4,-0.0,6.14,10217.93,-1
2025-06-03,2025-06-03 12:52:00,1663.4,1663.4,1663.36,1663.36,-0.0,6.14,10217.93,-1
2025-06-03,2025-06-03 12:53:00,1663.36,1663.36,1663.32,1663.32,-0.0,6.14,10217.93,-1
2025-06-03,2025-06-03 12:54:00,1663.32,1663.32,1663.28,1663.28,-0.0,6.14,10217.93,-1
2025-06-03,2025-06-03 12:55:00,1663.28,1663.28,1663.24,1663.24,-0.0,6.14,10217.93,-1
2025-06-03,2025-06-03 12:56:00,1663.24,1663.24,1663.2,1663.2,-0.0,6.14,10217.93,-1
2025-06-03,2025-06-03 12:57:00,1663.2,1663.2,1663.16,1663.16,-0.0,6.14,10217.93,-1
2025-06-03,2025-06-03 12:58:00,1663.16,1663.16,1663.12,1663.12,-0.0,6.14,10217.93,-1
2025-06-03,2025-06-03 12:59:00,1663.12,1663.12,1663.08,1663.08,-0.0,6.14,10217.93,-1
2025-06-03,2025-06-03 13:00:00,1663.08,1699.9,1646.0,1663.03,-0.0,6.14,10217.93,-1
2025-06-03,2025-06-03 13:01:00,1663.03,1663.03,1662.99,1662.99,-0.0,6.14,10217.93,-1
2025-06-03,2025-06-03 13:02:00,1662.99,1662.99,1662.95,1662.95,-0.0,6.14,10217.93,-1
2025-06-03,2025-06-03 13:03:00,1662.95,1662.95,1662.91,1662.91,-0.0,6.14,10217.93,-1
2025-06-03,2025-06-03 13:04:00,1662.91,1662.91,1662.87,1662.87,-0.0,6.14,10217.93,-1
2025-06-03,2025-06-03 13:05:00,1662.87,1662.87,1662.83,1662.83,-0.0,6.14,10217.93,-1
2025-06-03,2025-06-03 13:06:00,1662.83,1662.83,1662.79,1662.79,-0.0,6.14,10217.93,-1
2025-06-03,2025-06-03 13:07:00,1662.79,1662.79,1662.75,1662.75,-0.0,6.14,10217.93,-1
2025-06-03,2025-06-03 13:08:00,1662.75,1662.75,1662.71,1662.71,-0.0,6.14,10217.93,-1
2025-06-03,2025-06-03 13:09:00,1662.71,1662.71,1662.66,1662.66,-0.0,6.14,10217.93,-1
2025-06-03,2025-06-03 13:10:00,1662.66,1662.66,1662.62,1662.62,-0.0,6.14,10217.93,-1
2025-06-03,2025-06-03 13:11:00,1662.62,1662.62,1662.58,1662.58,-0.0,6.14,10217.93,-1
2025-06-03,2025-06-03 13:12:00,1662.58,1662.58,1662.54,1662.54,-0.0,6.14,10217.93,-1
2025-06-03,2025-06-03 13:13:00,1662.54,1662.54,1662.5,1662.5,-0.0,6.14,10217.93,-1
2025-06-03,2025-06-03 13:14:00,1662.5,1662.5,1662.46,1662.46,-0.0,6.14,10217.93,-1
2025-06-03,2025-06-03 13:15:00,1662.46,1662.46,1662.42,1662.42,-0.0,6.14,10217.93,-1
2025-06-03,2025-06-03 13:16:00,1662.42,1662.42,1662.38,1662.38,-0.0,6.14,10217.93,-1
2025-06-03,2025-06-03 13:17:00,1662.38,1662.38,1662.34,1662.34,-0.0,6.14,10217.93,-1
2025-06-03,2025-06-03 13:18:00,1662.34,1662.34,1662.3,1662.3,-0.0,6.14,10217.93,-1
2025-06-03,2025-06-03 13:19:00,1662.3,1662.3,1662.25,1662.25,-0.0,6.14,10217.93,-1
2025-06-03,2025-06-03 13:20:00,1662.25,1662.25,1662.21,1662.21,-0.0,6.14,10217.93,-1
2025-06-03,2025-06-03 13:21:00,1662.21,1662.21,1662.17,1662.17,-0.0,6.14,10217.93,-1
2025-06-03,2025-06-03 13:22:00,1662.17,1662.17,1662.13,1662.13,-0.0,6.14,10217.93,-1
2025-06-03,2025-06-03 13:23:00,1662.13,1662.13,1662.09,1662.09,-0.0,6.14,10217.93,-1
2025-06-03,2025-06-03 13:24:00,1662.09,1662.09,1662.05,1662.05,-0.0,6.14,10217.93,-1
2025-06-03,2025-06-03 13:25:00,1662.05,1662.05,1662.01,1662.01,-0.0,6.14,10217.93,-1
2025-06-03,2025-06-03 13:26:00,1662.01,1662.01,1661.97,1661.97,-0.0,6.14,10217.93,-1
2025-06-03,2025-06-03 13:27:00,1661.97,1661.97,1661.93,1661.93,-0.0,6.14,10217.93,-1
2025-06-03,2025-06-03 13:28:00,1661.93,1661.93,1661.88,1661.88,-0.0,6.14,10217.93,-1
2025-06-03,2025-06-03 13:29:00,1661.88,1661.88,1661.84,1661.84,-0.0,6.14,10217.93,-1
2025-06-03,2025-06-03 13:30:00,1661.84,1661.84,1661.8,1661.8,-0.0,6.14,10217.93,-1
2025-06-03,2025-06-03 13:31:00,1661.8,1661.8,1661.76,1661.76,-0.0,6.14,10217.93,-1
2025-06-03,2025-06-03 13:32:00,1661.76,1661.76,1661.72,1661.72,-0.0,6.14,10217.93,-1
2025-06-03,2025-06-03 13:33:00,1661.72,1661.72,1661.68,1661.68,-0.0,6.14,10217.93,-1
2025-06-03,2025-06-03 13:34:00,1661.68,1661.68,1661.64,1661.64,-0.0,6.14,10217.93,-1
2025-06-03,2025-06-03 13:35:00,1661.64,1661.64,1661.6,1661.6,-0.0,6.14,10217.93,-1
2025-06-03,2025-06-03 13:36:00,1661.6,1661.6,1661.56,1661.56,-0.0,6.14,10217.93,-1
2025-06-03,2025-06-03 13:37:00,1661.56,1661.56,1661.52,1661.52,-0.0,6.14,10217.93,-1
2025-06-03,2025-06-03 13:38:00,1661.52,1661.52,1661.47,1661.47,-0.0,6.14,10217.93,-1
2025-06-03,2025-06-03 13:39:00,1661.47,1661.47,1661.43,1661.43,-0.0,6.14,10217.93,-1
2025-06-03,2025-06-03 13:40:00,1661.43,1661.43,1661.39,1661.39,-0.0,6.14,10217.93,-1
2025-06-03,2025-06-03 13:41:00,1661.39,1661.39,1661.35,1661.35,-0.0,6.14,10217.93,-1
2025-06-03,2025-06-03 13:42:00,1661.35,1661.35,1661.31,1661.31,-0.0,6.14,10217.93,-1
2025-06-03,2025-06-03 13:43:00,1661.31,1661.31,1661.27,1661.27,-0.0,6.14,10217.93,-1
2025-06-03,2025-06-03 13:44:00,1661.27,1661.27,1661.23,1661.23,-0.0,6.14,10217.93,-1
2025-06-03,2025-06-03 13:45:00,1661.23,1661.23,1661.19,1661.19,-0.0,6.14,10217.93,-1
2025-06-03,2025-06-03 13:46:00,1661.19,1661.19,1661.15,1661.15,-0.0,6.14,10217.93,-1
2025-06-03,2025-06-03 13:47:00,1661.15,1661.15,1661.11,1661.11,-0.0,6.14,10217.93,-1
2025-06-03,2025-06-03 13:48:00,1661.11,1661.11,1661.06,1661.06,-0.0,6.14,10217.93,-1
2025-06-03,2025-06-03 13:49:00,1661.06,1661.06,1661.02,1661.02,-0.0,6.14,10217.93,-1
2025-06-03,2025-06-03 13:50:00,1661.02,1661.02,1660.98,1660.98,-0.0,6.14,10217.93,-1
2025-06-03,2025-06-03 13:51:00,1660.98,1660.98,1660.94,1660.94,-0.0,6.14,10217.93,-1
2025-06-03,2025-06-03 13:52:00,1660.94,1660.94,1660.9,1660.9,-0.0,6.14,10217.93,-1
2025-06-03,2025-06-03 13:53:00,1660.9,1660.9,1660.86,1660.86,-0.0,6.14,10217.93,-1
2025-06-03,2025-06-03 13:54:00,1660.86,1660.86,1660.82,1660.82,-0.0,6.14,10217.93,-1
2025-06-03,2025-06-03 13:55:00,1660.82,1660.82,1660.78,1660.78,-0.0,6.14,10217.93,-1
2025-06-03,2025-06-03 13:56:00,1660.78,1660.78,1660.74,1660.74,-0.0,6.14,10217.93,-1
2025-06-03,2025-06-03 13:57:00,1660.74,1660.74,1660.69,1660.69,-0.0,6.14,10217.93,-1
2025-06-03,2025-06-03 13:58:00,1660.69,1660.69,1660.65,1660.65,-0.0,6.14,10217.93,-1
2025-06-03,2025-06-03 13:59:00,1660.65,1660.65,1660.61,1660.61,-0.0,6.14,10217.93,-1
2025-06-03,2025-06-03 14:00:00,1660.61,1660.61,1660.57,1660.57,-0.0,6.14,10217.93,-1
2025-06-03,2025-06-03 14:01:00,1660.57,1660.57,1660.53,1660.53,-0.0,6.14,10217.93,-1
2025-06-03,2025-06-03 14:02:00,1660.53,1660.53,1660.49,1660.49,-0.0,6.14,10217.93,-1
2025-06-03,2025-06-03 14:03:00,1660.49,1660.49,1660.45,1660.45,-0.0,6.14,10217.93,-1
2025-06-03,2025-06-03 14:04:00,1660.45,1660.45,1660.41,1660.41,-0.0,6.14,10217.93,-1
2025-06-03,2025-06-03 14:05:00,1660.41,1660.41,1660.37,1660.37,-0.0,6.14,10217.93,-1
2025-06-03,2025-06-03 14:06:00,1660.37,1660.37,1660.33,1660.33,-0.0,6.14,10217.93,-1
2025-06-03,2025-06-03 14:07:00,1660.33,1660.33,1660.28,1660.28,-0.0,6.14,10217.93,-1
2025-06-03,2025-06-03 14:08:00,1660.28,1660.28,1660.24,1660.24,-0.0,6.14,10217.93,-1
2025-06-03,2025-06-03 14:09:00,1660.24,1660.24,1660.2,1660.2,-0.0,6.14,10217.93,-1
2025-06-03,2025-06-03 14:10:00,1660.2,1660.2,1660.16,1660.16,-0.0,6.14,10217.93,-1
2025-06-03,2025-06-03 14:11:00,1660.16,1660.16,1660.12,1660.12,-0.0,6.14,10217.93,-1
2025-06-03,2025-06-03 14:12:00,1660.12,1660.12,1660.08,1660.08,-0.0,6.14,10217.93,-1
2025-06-03,2025-06-03 14:13:00,1660.08,1660.08,1660.04,1660.04,-0.0,6.14,10217.93,-1
2025-06-03,2025-06-03 14:14:00,1660.04,1660.04,1660.0,1660.0,-0.0,6.14,10217.93,-1
2025-06-03,2025-06-03 14:15:00,1660.0,1660.0,1659.96,1659.96,-0.0,6.14,10217.93,-1
2025-06-03,2025-06-03 14:16:00,1659.96,1659.96,1659.91,1659.91,-0.0,6.14,10217.93,-1
2025-06-03,2025-06-03 14:17:00,1659.91,1659.91,1659.87,1659.87,-0.0,6.14,10217.93,-1
2025-06-03,2025-06-03 14:18:00,1659.87,1659.87,1659.83,1659.83,-0.0,6.14,10217.93,-1
2025-06-03,2025-06-03 14:19:00,1659.83,1659.83,1659.79,1659.79,-0.0,6.14,10217.93,-1
2025-06-03,2025-06-03 14:20:00,1659.79,1659.79,1659.75,1659.75,-0.0,6.14,10217.93,-1
2025-06-03,2025-06-03 14:21:00,1659.75,1659.75,1659.71,1659.71,-0.0,6.14,10217.93,-1
2025-06-03,2025-06-03 14:22:00,1659.71,1659.71,1659.67,1659.67,-0.0,6.14,10217.93,-1
2025-06-03,2025-06-03 14:23:00,1659.67,1659.67,1659.63,1659.63,-0.0,6.14,10217.93,-1
2025-06-03,2025-06-03 14:24:00,1659.63,1659.63,1659.59,1659.59,-0.0,6.14,10217.93,-1
2025-06-03,2025-06-03 14:25:00,1659.59,1659.59,1659.55,1659.55,-0.0,6.14,10217.93,-1
2025-06-03,2025-06-03 14:26:00,1659.55,1659.55,1659.5,1659.5,-0.0,6.14,10217.93,-1
2025-06-03,2025-06-03 14:27:00,1659.5,1659.5,1659.46,1659.46,-0.0,6.14,10217.93,-1
2025-06-03,2025-06-03 14:28:00,1659.46,1659.46,1659.42,1659.42,-0.0,6.14,10217.93,-1
2025-06-03,2025-06-03 14:29:00,1659.42,1659.42,1659.38,1659.38,-0.0,6.14,10217.93,-1
2025-06-03,2025-06-03 14:30:00,1659.38,1659.38,1659.34,1659.34,-0.0,6.14,10217.93,-1
2025-06-03,2025-06-03 14:31:00,1659.34,1659.34,1659.3,1659.3,-0.0,6.14,10217.93,-1
2025-06-03,2025-06-03 14:32:00,1659.3,1659.3,1659.26,1659.26,-0.0,6.14,10217.93,-1
2025-06-03,2025-06-03 14:33:00,1659.26,1659.26,1659.22,1659.22,-0.0,6.14,10217.93,-1
2025-06-03,2025-06-03 14:34:00,1659.22,1659.22,1659.18,1659.18,-0.0,6.14,10217.93,-1
2025-06-03,2025-06-03 14:35:00,1659.18,1659.18,1659.13,1659.13,-0.0,6.14,10217.93,-1
2025-06-03,2025-06-03 14:36:00,1659.13,1659.13,1659.09,1659.09,-0.0,6.14,10217.93,-1
2025-06-03,2025-06-03 14:37:00,1659.09,1659.09,1659.05,1659.05,-0.0,6.14,10217.93,-1
2025-06-03,2025-06-03 14:38:00,1659.05,1659.05,1659.01,1659.01,-0.0,6.14,10217.93,-1
2025-06-03,2025-06-03 14:39:00,1659.01,1659.01,1658.97,1658.97,-0.0,6.14,10217.93,-1
2025-06-03,2025-06-03 14:40:00,1658.97,1658.97,1658.93,1658.93,-0.0,6.14,10217.93,-1
2025-06-03,2025-06-03 14:41:00,1658.93,1658.93,1658.89,1658.89,-0.0,6.14,10217.93,-1
2025-06-03,2025-06-03 14:42:00,1658.89,1658.89,1658.85,1658.85,-0.0,6.14,10217.93,-1
2025-06-03,2025-06-03 14:43:00,1658.85,1658.85,1658.81,1658.81,-0.0,6.14,10217.93,-1
2025-06-03,2025-06-03 14:44:00,1658.81,1658.81,1658.77,1658.77,-0.0,6.14,10217.93,-1
2025-06-03,2025-06-03 14:45:00,1658.77,1658.77,1658.72,1658.72,-0.0,6.14,10217.93,-1
2025-06-03,2025-06-03 14:46:00,1658.72,1658.72,1658.68,1658.68,-0.0,6.14,10217.93,-1
2025-06-03,2025-06-03 14:47:00,1658.68,1658.68,1658.64,1658.64,-0.0,6.14,10217.93,-1
2025-06-03,2025-06-03 14:48:00,1658.64,1658.64,1658.6,1658.6,-0.0,6.14,10217.93,-1
2025-06-03,2025-06-03 14:49:00,1658.6,1658.6,1658.56,1658.56,-0.0,6.14,10217.93,-1
2025-06-03,2025-06-03 14:50:00,1658.56,1658.56,1658.52,1658.52,-0.0,6.14,10217.93,-1
2025-06-03,2025-06-03 14:51:00,1658.52,1658.52,1658.48,1658.48,-0.0,6.14,10217.93,-1
2025-06-03,2025-06-03 14:52:00,1658.48,1658.48,1658.44,1658.44,-0.0,6.14,10217.93,-1
2025-06-03,2025-06-03 14:53:00,1658.44,1658.44,1658.4,1658.4,-0.0,6.14,10217.93,-1
2025-06-03,2025-06-03 14:54:00,1658.4,1658.4,1658.36,1658.36,-0.0,6.14,10217.93,-1
2025-06-03,2025-06-03 14:55:00,1658.36,1658.36,1658.31,1658.31,-0.0,6.14,10217.93,-1
2025-06-03,2025-06-03 14:56:00,1658.31,1658.31,1658.27,1658.27,-0.0,6.14,10217.93,-1
2025-06-03,2025-06-03 14:57:00,1658.27,1658.27,1658.23,1658.23,-0.0,6.14,10217.93,-1
2025-06-03,2025-06-03 14:58:00,1658.23,1658.23,1658.19,1658.19,-0.0,6.14,10217.93,-1
2025-06-03,2025-06-03 14:59:00,1658.19,1658.19,1658.15,1658.15,-0.0,6.14,10217.93,-1
2025-06-03,2025-06-03 15:00:00,1658.15,1699.9,1646.0,1658.15,0.0,6.14,10217.93,0
2025-06-04,2025-06-04 11:00:00,1632.0,1636.65,1622.4,1631.9,-0.01,5.8,9429.62,-1
2025-06-04,2025-06-04 11:01:00,1631.9,1631.9,1631.8,1631.8,-0.01,5.8,9429.62,-1
2025-06-04,2025-06-04 11:02:00,1631.8,1631.8,1631.7,1631.7,-0.01,5.8,9429.62,-1
2025-06-04,2025-06-04 11:03:00,1631.7,1631.7,1631.6,1631.6,-0.01,5.8,9429.62,-1
2025-06-04,2025-06-04 11:04:00,1631.6,1631.6,1631.49,1631.49,-0.01,5.8,9429.62,-1
2025-06-04,2025-06-04 11:05:00,1631.49,1631.49,1631.39,1631.39,-0.01,5.8,9429.62,-1
2025-06-04,2025-06-04 11:06:00,1631.39,1631.39,1631.29,1631.29,-0.01,5.8,9429.62,-1
2025-06-04,2025-06-04 11:07:00,1631.29,1631.29,1631.19,1631.19,-0.01,5.8,9429.62,-1
2025-06-04,2025-06-04 11:08:00,1631.19,1631.19,1631.09,1631.09,-0.01,5.8,9429.62,-1
2025-06-04,2025-06-04 11:09:00,1631.09,1631.09,1630.99,1630.99,-0.01,5.8,9429.62,-1
2025-06-04,2025-06-04 11:10:00,1630.99,1630.99,1630.89,1630.89,-0.01,5.8,9429.62,-1
2025-06-04,2025-06-04 11:11:00,1630.89,1630.89,1630.79,1630.79,-0.01,5.8,9429.62,-1
2025-06-04,2025-06-04 11:12:00,1630.79,1630.79,1630.69,1630.69,-0.01,5.8,9429.62,-1
2025-06-04,2025-06-04 11:13:00,1630.69,1630.69,1630.59,1630.59,-0.01,5.8,9429.62,-1
2025-06-04,2025-06-04 11:14:00,1630.59,1630.59,1630.48,1630.48,-0.01,5.8,9429.62,-1
2025-06-04,2025-06-04 11:15:00,1630.48,1630.48,1630.38,1630.38,-0.01,5.8,9429.62,-1
2025-06-04,2025-06-04 11:16:00,1630.38,1630.38,1630.28,1630.28,-0.01,5.8,9429.62,-1
2025-06-04,2025-06-04 11:17:00,1630.28,1630.28,1630.18,1630.18,-0.01,5.8,9429.62,-1
2025-06-04,2025-06-04 11:18:00,1630.18,1630.18,1630.08,1630.08,-0.01,5.8,9429.62,-1
2025-06-04,2025-06-04 11:19:00,1630.08,1630.08,1629.98,1629.98,-0.01,5.8,9429.62,-1
2025-06-04,2025-06-04 11:20:00,1629.98,1629.98,1629.88,1629.88,-0.01,5.8,9429.62,-1
2025-06-04,2025-06-04 11:21:00,1629.88,1629.88,1629.78,1629.78,-0.01,5.8,9429.62,-1
2025-06-04,2025-06-04 11:22:00,1629.78,1629.78,1629.68,1629.68,-0.01,5.8,9429.62,-1
2025-06-04,2025-06-04 11:23:00,1629.68,1629.68,1629.58,1629.58,-0.01,5.8,9429.62,-1
2025-06-04,2025-06-04 11:24:00,1629.58,1629.58,1629.47,1629.47,-0.01,5.8,9429.62,-1
2025-06-04,2025-06-04 11:25:00,1629.47,1629.47,1629.37,1629.37,-0.01,5.8,9429.62,-1
2025-06-04,2025-06-04 11:26:00,1629.37,1629.37,1629.27,1629.27,-0.01,5.8,9429.62,-1
2025-06-04,2025-06-04 11:27:00,1629.27,1629.27,1629.17,1629.17,-0.01,5.8,9429.62,-1
2025-06-04,2025-06-04 11:28:00,1629.17,1629.17,1629.07,1629.07,-0.01,5.8,9429.62,-1
2025-06-04,2025-06-04 11:29:00,1629.07,1629.07,1628.97,1628.97,-0.01,5.8,9429.62,-1
2025-06-04,2025-06-04 11:30:00,1628.97,1628.97,1628.87,1628.87,-0.01,5.8,9429.62,-1
2025-06-04,2025-06-04 11:31:00,1628.87,1628.87,1628.77,1628.77,-0.01,5.8,9429.62,-1
2025-06-04,2025-06-04 11:32:00,1628.77,1628.77,1628.67,1628.67,-0.01,5.8,9429.62,-1
2025-06-04,2025-06-04 11:33:00,1628.67,1628.67,1628.57,1628.57,-0.01,5.8,9429.62,-1
2025-06-04,2025-06-04 11:34:00,1628.57,1628.57,1628.46,1628.46,-0.01,5.8,9429.62,-1
2025-06-04,2025-06-04 11:35:00,1628.46,1628.46,1628.36,1628.36,-0.01,5.8,9429.62,-1
2025-06-04,2025-06-04 11:36:00,1628.36,1628.36,1628.26,1628.26,-0.01,5.8,9429.62,-1
2025-06-04,2025-06-04 11:37:00,1628.26,1628.26,1628.16,1628.16,-0.01,5.8,9429.62,-1
2025-06-04,2025-06-04 11:38:00,1628.16,1628.16,1628.06,1628.06,-0.01,5.8,9429.62,-1
2025-06-04,2025-06-04 11:39:00,1628.06,1628.06,1627.96,1627.96,-0.01,5.8,9429.62,-1
2025-06-04,2025-06-04 11:40:00,1627.96,1627.96,1627.86,1627.86,-0.01,5.8,9429.62,-1
2025-06-04,2025-06-04 11:41:00,1627.86,1627.86,1627.76,1627.76,-0.01,5.8,9429.62,-1
2025-06-04,2025-06-04 11:42:00,1627.76,1627.76,1627.66,1627.66,-0.01,5.8,9429.62,-1
2025-06-04,2025-06-04 11:43:00,1627.66,1627.66,1627.56,1627.56,-0.01,5.8,9429.62,-1
2025-06-04,2025-06-04 11:44:00,1627.56,1627.56,1627.45,1627.45,-0.01,5.8,9429.62,-1
2025-06-04,2025-06-04 11:45:00,1627.45,1627.45,1627.35,1627.35,-0.01,5.8,9429.62,-1
2025-06-04,2025-06-04 11:46:00,1627.35,1627.35,1627.25,1627.25,-0.01,5.8,9429.62,-1
2025-06-04,2025-06-04 11:47:00,1627.25,1627.25,1627.15,1627.15,-0.01,5.8,9429.62,-1
2025-06-04,2025-06-04 11:48:00,1627.15,1627.15,1627.05,1627.05,-0.01,5.8,9429.62,-1
2025-06-04,2025-06-04 11:49:00,1627.05,1627.05,1626.95,1626.95,-0.01,5.8,9429.62,-1
2025-06-04,2025-06-04 11:50:00,1626.95,1626.95,1626.85,1626.85,-0.01,5.8,9429.62,-1
2025-06-04,2025-06-04 11:51:00,1626.85,1626.85,1626.75,1626.75,-0.01,5.8,9429.62,-1
2025-06-04,2025-06-04 11:52:00,1626.75,1626.75,1626.65,1626.65,-0.01,5.8,9429.62,-1
2025-06-04,2025-06-04 11:53:00,1626.65,1626.65,1626.55,1626.55,-0.01,5.8,9429.62,-1
2025-06-04,2025-06-04 11:54:00,1626.55,1626.55,1626.44,1626.44,-0.01,5.8,9429.62,-1
2025-06-04,2025-06-04 11:55:00,1626.44,1626.44,1626.34,1626.34,-0.01,5.8,9429.62,-1
2025-06-04,2025-06-04 11:56:00,1626.34,1626.34,1626.24,1626.24,-0.01,5.8,9429.62,-1
2025-06-04,2025-06-04 11:57:00,1626.24,1626.24,1626.14,1626.14,-0.01,5.8,9429.62,-1
2025-06-04,2025-06-04 11:58:00,1626.14,1626.14,1626.04,1626.04,-0.01,5.8,9429.62,-1
2025-06-04,2025-06-04 11:59:00,1626.04,1626.04,1625.94,1625.94,-0.01,5.8,9429.62,-1
2025-06-04,2025-06-04 12:00:00,1625.94,1625.94,1625.84,1625.84,-0.01,5.8,9429.62,-1
2025-06-04,2025-06-04 12:01:00,1625.84,1625.84,1625.74,1625.74,-0.01,5.8,9429.62,-1
2025-06-04,2025-06-04 12:02:00,1625.74,1625.74,1625.64,1625.64,-0.01,5.8,9429.62,-1
2025-06-04,2025-06-04 12:03:00,1625.64,1625.64,1625.54,1625.54,-0.01,5.8,9429.62,-1
2025-06-04,2025-06-04 12:04:00,1625.54,1625.54,1625.43,1625.43,-0.01,5.8,9429.62,-1
2025-06-04,2025-06-04 12:05:00,1625.43,1625.43,1625.33,1625.33,-0.01,5.8,9429.62,-1
2025-06-04,2025-06-04 12:06:00,1625.33,1625.33,1625.23,1625.23,-0.01,5.8,9429.62,-1
2025-06-04,2025-06-04 12:07:00,1625.23,1625.23,1625.13,1625.13,-0.01,5.8,9429.62,-1
2025-06-04,2025-06-04 12:08:00,1625.13,1625.13,1625.03,1625.03,-0.01,5.8,9429.62,-1
2025-06-04,2025-06-04 12:09:00,1625.03,1625.03,1624.93,1624.93,-0.01,5.8,9429.62,-1
2025-06-04,2025-06-04 12:10:00,1624.93,1624.93,1624.83,1624.83,-0.01,5.8,9429.62,-1
2025-06-04,2025-06-04 12:11:00,1624.83,1624.83,1624.73,1624.73,-0.01,5.8,9429.62,-1
2025-06-04,2025-06-04 12:12:00,1624.73,1624.73,1624.63,1624.63,-0.01,5.8,9429.62,-1
2025-06-04,2025-06-04 12:13:00,1624.63,1624.63,1624.53,1624.53,-0.01,5.8,9429.62,-1
2025-06-04,2025-06-04 12:14:00,1624.53,1624.53,1624.42,1624.42,-0.01,5.8,9429.62,-1
2025-06-04,2025-06-04 12:15:00,1624.42,1624.42,1624.32,1624.32,-0.01,5.8,9429.62,-1
2025-06-04,2025-06-04 12:16:00,1624.32,1624.32,1624.22,1624.22,-0.01,5.8,9429.62,-1
2025-06-04,2025-06-04 12:17:00,1624.22,1624.22,1624.12,1624.12,-0.01,5.8,9429.62,-1
2025-06-04,2025-06-04 12:18:00,1624.12,1624.12,1624.02,1624.02,-0.01,5.8,9429.62,-1
2025-06-04,2025-06-04 12:19:00,1624.02,1624.02,1623.92,1623.92,-0.01,5.8,9429.62,-1
2025-06-04,2025-06-04 12:20:00,1623.92,1623.92,1623.82,1623.82,-0.01,5.8,9429.62,-1
2025-06-04,2025-06-04 12:21:00,1623.82,1623.82,1623.72,1623.72,-0.01,5.8,9429.62,-1
2025-06-04,2025-06-04 12:22:00,1623.72,1623.72,1623.62,1623.62,-0.01,5.8,9429.62,-1
2025-06-04,2025-06-04 12:23:00,1623.62,1623.62,1623.52,1623.52,-0.01,5.8,9429.62,-1
2025-06-04,2025-06-04 12:24:00,1623.52,1623.52,1623.41,1623.41,-0.01,5.8,9429.62,-1
2025-06-04,2025-06-04 12:25:00,1623.41,1623.41,1623.31,1623.31,-0.01,5.8,9429.62,-1
2025-06-04,2025-06-04 12:26:00,1623.31,1623.31,1623.21,1623.21,-0.01,5.8,9429.62,-1
2025-06-04,2025-06-04 12:27:00,1623.21,1623.21,1623.11,1623.11,-0.01,5.8,9429.62,-1
2025-06-04,2025-06-04 12:28:00,1623.11,1623.11,1623.01,1623.01,-0.01,5.8,9429.62,-1
2025-06-04,2025-06-04 12:29:00,1623.01,1623.01,1622.91,1622.91,-0.01,5.8,9429.62,-1
2025-06-04,2025-06-04 12:30:00,1622.91,1622.91,1622.81,1622.81,-0.01,5.8,9429.62,-1
2025-06-04,2025-06-04 12:31:00,1622.81,1622.81,1622.71,1622.71,-0.01,5.8,9429.62,-1
2025-06-04,2025-06-04 12:32:00,1622.71,1622.71,1622.61,1622.61,-0.01,5.8,9429.62,-1
2025-06-04,2025-06-04 12:33:00,1622.61,1622.61,1622.51,1622.51,-0.01,5.8,9429.62,-1
2025-06-04,2025-06-04 12:34:00,1622.51,1622.51,1622.4,1622.4,-0.01,5.8,9429.62,-1
2025-06-04,2025-06-04 12:35:00,1622.4,1622.4,1622.3,1622.3,-0.01,5.8,9429.62,-1
2025-06-04,2025-06-04 12:36:00,1622.3,1622.3,1622.2,1622.2,-0.01,5.8,9429.62,-1
2025-06-04,2025-06-04 12:37:00,1622.2,1622.2,1622.1,1622.1,-0.01,5.8,9429.62,-1
2025-06-04,2025-06-04 12:38:00,1622.1,1622.1,1622.0,1622.0,-0.01,5.8,9429.62,-1
2025-06-04,2025-06-04 12:39:00,1622.0,1622.0,1621.9,1621.9,-0.01,5.8,9429.62,-1
2025-06-04,2025-06-04 12:40:00,1621.9,1621.9,1621.8,1621.8,-0.01,5.8,9429.62,-1
2025-06-04,2025-06-04 12:41:00,1621.8,1621.8,1621.7,1621.7,-0.01,5.8,9429.62,-1
2025-06-04,2025-06-04 12:42:00,1621.7,1621.7,1621.6,1621.6,-0.01,5.8,9429.62,-1
2025-06-04,2025-06-04 12:43:00,1621.6,1621.6,1621.5,1621.5,-0.01,5.8,9429.62,-1
2025-06-04,2025-06-04 12:44:00,1621.5,1621.5,1621.39,1621.39,-0.01,5.8,9429.62,-1
2025-06-04,2025-06-04 12:45:00,1621.39,1621.39,1621.29,1621.29,-0.01,5.8,9429.62,-1
2025-06-04,2025-06-04 12:46:00,1621.29,1621.29,1621.19,1621.19,-0.01,5.8,9429.62,-1
2025-06-04,2025-06-04 12:47:00,1621.19,1621.19,1621.09,1621.09,-0.01,5.8,9429.62,-1
2025-06-04,2025-06-04 12:48:00,1621.09,1621.09,1620.99,1620.99,-0.01,5.8,9429.62,-1
2025-06-04,2025-06-04 12:49:00,1620.99,1620.99,1620.89,1620.89,-0.01,5.8,9429.62,-1
2025-06-04,2025-06-04 12:50:00,1620.89,1620.89,1620.79,1620.79,-0.01,5.8,9429.62,-1
2025-06-04,2025-06-04 12:51:00,1620.79,1620.79,1620.69,1620.69,-0.01,5.8,9429.62,-1
2025-06-04,2025-06-04 12:52:00,1620.69,1620.69,1620.59,1620.59,-0.01,5.8,9429.62,-1
2025-06-04,2025-06-04 12:53:00,1620.59,1620.59,1620.49,1620.49,-0.01,5.8,9429.62,-1
2025-06-04,2025-06-04 12:54:00,1620.49,1620.49,1620.38,1620.38,-0.01,5.8,9429.62,-1
2025-06-04,2025-06-04 12:55:00,1620.38,1620.38,1620.28,1620.28,-0.01,5.8,9429.62,-1
2025-06-04,2025-06-04 12:56:00,1620.28,1620.28,1620.18,1620.18,-0.01,5.8,9429.62,-1
2025-06-04,2025-06-04 12:57:00,1620.18,1620.18,1620.08,1620.08,-0.01,5.8,9429.62,-1
2025-06-04,2025-06-04 12:58:00,1620.08,1620.08,1619.98,1619.98,-0.01,5.8,9429.62,-1
2025-06-04,2025-06-04 12:59:00,1619.98,1619.98,1619.88,1619.88,-0.01,5.8,9429.62,-1
2025-06-04,2025-06-04 13:00:00,1619.88,1647.5,1600.0,1619.78,-0.01,5.8,9429.62,-1
2025-06-04,2025-06-04 13:01:00,1619.78,1619.78,1619.68,1619.68,-0.01,5.8,9429.62,-1
2025-06-04,2025-06-04 13:02:00,1619.68,1619.68,1619.58,1619.58,-0.01,5.8,9429.62,-1
2025-06-04,2025-06-04 13:03:00,1619.58,1619.58,1619.48,1619.48,-0.01,5.8,9429.62,-1
2025-06-04,2025-06-04 13:04:00,1619.48,1619.48,1619.38,1619.38,-0.01,5.8,9429.62,-1
2025-06-04,2025-06-04 13:05:00,1619.38,1619.38,1619.27,1619.27,-0.01,5.8,9429.62,-1
2025-06-04,2025-06-04 13:06:00,1619.27,1619.27,1619.17,1619.17,-0.01,5.8,9429.62,-1
2025-06-04,2025-06-04 13:07:00,1619.17,1619.17,1619.07,1619.07,-0.01,5.8,9429.62,-1
2025-06-04,2025-06-04 13:08:00,1619.07,1619.07,1618.97,1618.97,-0.01,5.8,9429.62,-1
2025-06-04,2025-06-04 13:09:00,1618.97,1618.97,1618.87,1618.87,-0.01,5.8,9429.62,-1
2025-06-04,2025-06-04 13:10:00,1618.87,1618.87,1618.77,1618.77,-0.01,5.8,9429.62,-1
2025-06-04,2025-06-04 13:11:00,1618.77,1618.77,1618.67,1618.67,-0.01,5.8,9429.62,-1
2025-06-04,2025-06-04 13:12:00,1618.67,1618.67,1618.57,1618.57,-0.01,5.8,9429.62,-1
2025-06-04,2025-06-04 13:13:00,1618.57,1618.57,1618.47,1618.47,-0.01,5.8,9429.62,-1
2025-06-04,2025-06-04 13:14:00,1618.47,1618.47,1618.37,1618.37,-0.01,5.8,9429.62,-1
2025-06-04,2025-06-04 13:15:00,1618.37,1618.37,1618.26,1618.26,-0.01,5.8,9429.62,-1
2025-06-04,2025-06-04 13:16:00,1618.26,1618.26,1618.16,1618.16,-0.01,5.8,9429.62,-1
2025-06-04,2025-06-04 13:17:00,1618.16,1618.16,1618.06,1618.06,-0.01,5.8,9429.62,-1
2025-06-04,2025-06-04 13:18:00,1618.06,1618.06,1617.96,1617.96,-0.01,5.8,9429.62,-1
2025-06-04,2025-06-04 13:19:00,1617.96,1617.96,1617.86,1617.86,-0.01,5.8,9429.62,-1
2025-06-04,2025-06-04 13:20:00,1617.86,1617.86,1617.76,1617.76,-0.01,5.8,9429.62,-1
2025-06-04,2025-06-04 13:21:00,1617.76,1617.76,1617.66,1617.66,-0.01,5.8,9429.62,-1
2025-06-04,2025-06-04 13:22:00,1617.66,1617.66,1617.56,1617.56,-0.01,5.8,9429.62,-1
2025-06-04,2025-06-04 13:23:00,1617.56,1617.56,1617.46,1617.46,-0.01,5.8,9429.62,-1
2025-06-04,2025-06-04 13:24:00,1617.46,1617.46,1617.36,1617.36,-0.01,5.8,9429.62,-1
2025-06-04,2025-06-04 13:25:00,1617.36,1617.36,1617.25,1617.25,-0.01,5.8,9429.62,-1
2025-06-04,2025-06-04 13:26:00,1617.25,1617.25,1617.15,1617.15,-0.01,5.8,9429.62,-1
2025-06-04,2025-06-04 13:27:00,1617.15,1617.15,1617.05,1617.05,-0.01,5.8,9429.62,-1
2025-06-04,2025-06-04 13:28:00,1617.05,1617.05,1616.95,1616.95,-0.01,5.8,9429.62,-1
2025-06-04,2025-06-04 13:29:00,1616.95,1616.95,1616.85,1616.85,-0.01,5.8,9429.62,-1
2025-06-04,2025-06-04 13:30:00,1616.85,1616.85,1616.75,1616.75,-0.01,5.8,9429.62,-1
2025-06-04,2025-06-04 13:31:00,1616.75,1616.75,1616.65,1616.65,-0.01,5.8,9429.62,-1
2025-06-04,2025-06-04 13:32:00,1616.65,1616.65,1616.55,1616.55,-0.01,5.8,9429.62,-1
2025-06-04,2025-06-04 13:33:00,1616.55,1616.55,1616.45,1616.45,-0.01,5.8,9429.62,-1
2025-06-04,2025-06-04 13:34:00,1616.45,1616.45,1616.35,1616.35,-0.01,5.8,9429.62,-1
2025-06-04,2025-06-04 13:35:00,1616.35,1616.35,1616.24,1616.24,-0.01,5.8,9429.62,-1
2025-06-04,2025-06-04 13:36:00,1616.24,1616.24,1616.14,1616.14,-0.01,5.8,9429.62,-1
2025-06-04,2025-06-04 13:37:00,1616.14,1616.14,1616.04,1616.04,-0.01,5.8,9429.62,-1
2025-06-04,2025-06-04 13:38:00,1616.04,1616.04,1615.94,1615.94,-0.01,5.8,9429.62,-1
2025-06-04,2025-06-04 13:39:00,1615.94,1615.94,1615.84,1615.84,-0.01,5.8,9429.62,-1
2025-06-04,2025-06-04 13:40:00,1615.84,1615.84,1615.74,1615.74,-0.01,5.8,9429.62,-1
2025-06-04,2025-06-04 13:41:00,1615.74,1615.74,1615.64,1615.64,-0.01,5.8,9429.62,-1
2025-06-04,2025-06-04 13:42:00,1615.64,1615.64,1615.54,1615.54,-0.01,5.8,9429.62,-1
2025-06-04,2025-06-04 13:43:00,1615.54,1615.54,1615.44,1615.44,-0.01,5.8,9429.62,-1
2025-06-04,2025-06-04 13:44:00,1615.44,1615.44,1615.34,1615.34,-0.01,5.8,9429.62,-1
2025-06-04,2025-06-04 13:45:00,1615.34,1615.34,1615.23,1615.23,-0.01,5.8,9429.62,-1
2025-06-04,2025-06-04 13:46:00,1615.23,1615.23,1615.13,1615.13,-0.01,5.8,9429.62,-1
2025-06-04,2025-06-04 13:47:00,1615.13,1615.13,1615.03,1615.03,-0.01,5.8,9429.62,-1
2025-06-04,2025-06-04 13:48:00,1615.03,1615.03,1614.93,1614.93,-0.01,5.8,9429.62,-1
2025-06-04,2025-06-04 13:49:00,1614.93,1614.93,1614.83,1614.83,-0.01,5.8,9429.62,-1
2025-06-04,2025-06-04 13:50:00,1614.83,1614.83,1614.73,1614.73,-0.01,5.8,9429.62,-1
2025-06-04,2025-06-04 13:51:00,1614.73,1614.73,1614.63,1614.63,-0.01,5.8,9429.62,-1
2025-06-04,2025-06-04 13:52:00,1614.63,1614.63,1614.53,1614.53,-0.01,5.8,9429.62,-1
2025-06-04,2025-06-04 13:53:00,1614.53,1614.53,1614.43,1614.43,-0.01,5.8,9429.62,-1
2025-06-04,2025-06-04 13:54:00,1614.43,1614.43,1614.33,1614.33,-0.01,5.8,9429.62,-1
2025-06-04,2025-06-04 13:55:00,1614.33,1614.33,1614.22,1614.22,-0.01,5.8,9429.62,-1
2025-06-04,2025-06-04 13:56:00,1614.22,1614.22,1614.12,1614.12,-0.01,5.8,9429.62,-1
2025-06-04,2025-06-04 13:57:00,1614.12,1614.12,1614.02,1614.02,-0.01,5.8,9429.62,-1
2025-06-04,2025-06-04 13:58:00,1614.02,1614.02,1613.92,1613.92,-0.01,5.8,9429.62,-1
2025-06-04,2025-06-04 13:59:00,1613.92,1613.92,1613.82,1613.82,-0.01,5.8,9429.62,-1
2025-06-04,2025-06-04 14:00:00,1613.82,1613.82,1613.72,1613.72,-0.01,5.8,9429.62,-1
2025-06-04,2025-06-04 14:01:00,1613.72,1613.72,1613.62,1613.62,-0.01,5.8,9429.62,-1
2025-06-04,2025-06-04 14:02:00,1613.62,1613.62,1613.52,1613.52,-0.01,5.8,9429.62,-1
2025-06-04,2025-06-04 14:03:00,1613.52,1613.52,1613.42,1613.42,-0.01,5.8,9429.62,-1
2025-06-04,2025-06-04 14:04:00,1613.42,1613.42,1613.32,1613.32,-0.01,5.8,9429.62,-1
2025-06-04,2025-06-04 14:05:00,1613.32,1613.32,1613.21,1613.21,-0.01,5.8,9429.62,-1
2025-06-04,2025-06-04 14:06:00,1613.21,1613.21,1613.11,1613.11,-0.01,5.8,9429.62,-1
2025-06-04,2025-06-04 14:07:00,1613.11,1613.11,1613.01,1613.01,-0.01,5.8,9429.62,-1
2025-06-04,2025-06-04 14:08:00,1613.01,1613.01,1612.91,1612.91,-0.01,5.8,9429.62,-1
2025-06-04,2025-06-04 14:09:00,1612.91,1612.91,1612.81,1612.81,-0.01,5.8,9429.62,-1
2025-06-04,2025-06-04 14:10:00,1612.81,1612.81,1612.71,1612.71,-0.01,5.8,9429.62,-1
2025-06-04,2025-06-04 14:11:00,1612.71,1612.71,1612.61,1612.61,-0.01,5.8,9429.62,-1
2025-06-04,2025-06-04 14:12:00,1612.61,1612.61,1612.51,1612.51,-0.01,5.8,9429.62,-1
2025-06-04,2025-06-04 14:13:00,1612.51,1612.51,1612.41,1612.41,-0.01,5.8,9429.62,-1
2025-06-04,2025-06-04 14:14:00,1612.41,1612.41,1612.31,1612.31,-0.01,5.8,9429.62,-1
2025-06-04,2025-06-04 14:15:00,1612.31,1612.31,1612.2,1612.2,-0.01,5.8,9429.62,-1
2025-06-04,2025-06-04 14:16:00,1612.2,1612.2,1612.1,1612.1,-0.01,5.8,9429.62,-1
2025-06-04,2025-06-04 14:17:00,1612.1,1612.1,1612.0,1612.0,-0.01,5.8,9429.62,-1
2025-06-04,2025-06-04 14:18:00,1612.0,1612.0,1611.9,1611.9,-0.01,5.8,9429.62,-1
2025-06-04,2025-06-04 14:19:00,1611.9,1611.9,1611.8,1611.8,-0.01,5.8,9429.62,-1
2025-06-04,2025-06-04 14:20:00,1611.8,1611.8,1611.7,1611.7,-0.01,5.8,9429.62,-1
2025-06-04,2025-06-04 14:21:00,1611.7,1611.7,1611.6,1611.6,-0.01,5.8,9429.62,-1
2025-06-04,2025-06-04 14:22:00,1611.6,1611.6,1611.5,1611.5,-0.01,5.8,9429.62,-1
2025-06-04,2025-06-04 14:23:00,1611.5,1611.5,1611.4,1611.4,-0.01,5.8,9429.62,-1
2025-06-04,2025-06-04 14:24:00,1611.4,1611.4,1611.3,1611.3,-0.01,5.8,9429.62,-1
2025-06-04,2025-06-04 14:25:00,1611.3,1611.3,1611.19,1611.19,-0.01,5.8,9429.62,-1
2025-06-04,2025-06-04 14:26:00,1611.19,1611.19,1611.09,1611.09,-0.01,5.8,9429.62,-1
2025-06-04,2025-06-04 14:27:00,1611.09,1611.09,1610.99,1610.99,-0.01,5.8,9429.62,-1
2025-06-04,2025-06-04 14:28:00,1610.99,1610.99,1610.89,1610.89,-0.01,5.8,9429.62,-1
2025-06-04,2025-06-04 14:29:00,1610.89,1610.89,1610.79,1610.79,-0.01,5.8,9429.62,-1
2025-06-04,2025-06-04 14:30:00,1610.79,1610.79,1610.69,1610.69,-0.01,5.8,9429.62,-1
2025-06-04,2025-06-04 14:31:00,1610.69,1610.69,1610.59,1610.59,-0.01,5.8,9429.62,-1
2025-06-04,2025-06-04 14:32:00,1610.59,1610.59,1610.49,1610.49,-0.01,5.8,9429.62,-1
2025-06-04,2025-06-04 14:33:00,1610.49,1610.49,1610.39,1610.39,-0.01,5.8,9429.62,-1
2025-06-04,2025-06-04 14:34:00,1610.39,1610.39,1610.29,1610.29,-0.01,5.8,9429.62,-1
2025-06-04,2025-06-04 14:35:00,1610.29,1610.29,1610.18,1610.18,-0.01,5.8,9429.62,-1
2025-06-04,2025-06-04 14:36:00,1610.18,1610.18,1610.08,1610.08,-0.01,5.8,9429.62,-1
2025-06-04,2025-06-04 14:37:00,1610.08,1610.08,1609.98,1609.98,-0.01,5.8,9429.62,-1
2025-06-04,2025-06-04 14:38:00,1609.98,1609.98,1609.88,1609.88,-0.01,5.8,9429.62,-1
2025-06-04,2025-06-04 14:39:00,1609.88,1609.88,1609.78,1609.78,-0.01,5.8,9429.62,-1
2025-06-04,2025-06-04 14:40:00,1609.78,1609.78,1609.68,1609.68,-0.01,5.8,9429.62,-1
2025-06-04,2025-06-04 14:41:00,1609.68,1609.68,1609.58,1609.58,-0.01,5.8,9429.62,-1
2025-06-04,2025-06-04 14:42:00,1609.58,1609.58,1609.48,1609.48,-0.01,5.8,9429.62,-1
2025-06-04,2025-06-04 14:43:00,1609.48,1609.48,1609.38,1609.38,-0.01,5.8,9429.62,-1
2025-06-04,2025-06-04 14:44:00,1609.38,1609.38,1609.28,1609.28,-0.01,5.8,9429.62,-1
2025-06-04,2025-06-04 14:45:00,1609.28,1609.28,1609.17,1609.17,-0.01,5.8,9429.62,-1
2025-06-04,2025-06-04 14:46:00,1609.17,1609.17,1609.07,1609.07,-0.01,5.8,9429.62,-1
2025-06-04,2025-06-04 14:47:00,1609.07,1609.07,1608.97,1608.97,-0.01,5.8,9429.62,-1
2025-06-04,2025-06-04 14:48:00,1608.97,1608.97,1608.87,1608.87,-0.01,5.8,9429.62,-1
2025-06-04,2025-06-04 14:49:00,1608.87,1608.87,1608.77,1608.77,-0.01,5.8,9429.62,-1
2025-06-04,2025-06-04 14:50:00,1608.77,1608.77,1608.67,1608.67,-0.01,5.8,9429.62,-1
2025-06-04,2025-06-04 14:51:00,1608.67,1608.67,1608.57,1608.57,-0.01,5.8,9429.62,-1
2025-06-04,2025-06-04 14:52:00,1608.57,1608.57,1608.47,1608.47,-0.01,5.8,9429.62,-1
2025-06-04,2025-06-04 14:53:00,1608.47,1608.47,1608.37,1608.37,-0.01,5.8,9429.62,-1
2025-06-04,2025-06-04 14:54:00,1608.37,1608.37,1608.27,1608.27,-0.01,5.8,9429.62,-1
2025-06-04,2025-06-04 14:55:00,1608.27,1608.27,1608.16,1608.16,-0.01,5.8,9429.62,-1
2025-06-04,2025-06-04 14:56:00,1608.16,1608.16,1608.06,1608.06,-0.01,5.8,9429.62,-1
2025-06-04,2025-06-04 14:57:00,1608.06,1608.06,1607.96,1607.96,-0.01,5.8,9429.62,-1
2025-06-04,2025-06-04 14:58:00,1607.96,1607.96,1607.86,1607.86,-0.01,5.8,9429.62,-1
2025-06-04,2025-06-04 14:59:00,1607.86,1607.86,1607.76,1607.76,-0.01,5.8,9429.62,-1
2025-06-04,2025-06-04 15:00:00,1607.76,1647.5,1600.0,1607.76,0.0,5.8,9429.62,0
2025-06-05,2025-06-05 11:00:00,1639.0,1640.8,1627.3,1638.87,-0.01,18.59,30154.57,-1
2025-06-05,2025-06-05 11:01:00,1638.87,1638.87,1638.74,1638.74,-0.01,18.59,30154.57,-1
2025-06-05,2025-06-05 11:02:00,1638.74,1638.74,1638.61,1638.61,-0.01,18.59,30154.57,-1
2025-06-05,2025-06-05 11:03:00,1638.61,1638.61,1638.47,1638.47,-0.01,18.59,30154.57,-1
2025-06-05,2025-06-05 11:04:00,1638.47,1638.47,1638.34,1638.34,-0.01,18.59,30154.57,-1
2025-06-05,2025-06-05 11:05:00,1638.34,1638.34,1638.21,1638.21,-0.01,18.59,30154.57,-1
2025-06-05,2025-06-05 11:06:00,1638.21,1638.21,1638.08,1638.08,-0.01,18.59,30154.57,-1
2025-06-05,2025-06-05 11:07:00,1638.08,1638.08,1637.95,1637.95,-0.01,18.59,30154.57,-1
2025-06-05,2025-06-05 11:08:00,1637.95,1637.95,1637.82,1637.82,-0.01,18.59,30154.57,-1
2025-06-05,2025-06-05 11:09:00,1637.82,1637.82,1637.68,1637.68,-0.01,18.59,30154.57,-1
2025-06-05,2025-06-05 11:10:00,1637.68,1637.68,1637.55,1637.55,-0.01,18.59,30154.57,-1
2025-06-05,2025-06-05 11:11:00,1637.55,1637.55,1637.42,1637.42,-0.01,18.59,30154.57,-1
2025-06-05,2025-06-05 11:12:00,1637.42,1637.42,1637.29,1637.29,-0.01,18.59,30154.57,-1
2025-06-05,2025-06-05 11:13:00,1637.29,1637.29,1637.16,1637.16,-0.01,18.59,30154.57,-1
2025-06-05,2025-06-05 11:14:00,1637.16,1637.16,1637.03,1637.03,-0.01,18.59,30154.57,-1
2025-06-05,2025-06-05 11:15:00,1637.03,1637.03,1636.89,1636.89,-0.01,18.59,30154.57,-1
2025-06-05,2025-06-05 11:16:00,1636.89,1636.89,1636.76,1636.76,-0.01,18.59,30154.57,-1
2025-06-05,2025-06-05 11:17:00,1636.76,1636.76,1636.63,1636.63,-0.01,18.59,30154.57,-1
2025-06-05,2025-06-05 11:18:00,1636.63,1636.63,1636.5,1636.5,-0.01,18.59,30154.57,-1
2025-06-05,2025-06-05 11:19:00,1636.5,1636.5,1636.37,1636.37,-0.01,18.59,30154.57,-1
2025-06-05,2025-06-05 11:20:00,1636.37,1636.37,1636.23,1636.23,-0.01,18.59,30154.57,-1
2025-06-05,2025-06-05 11:21:00,1636.23,1636.23,1636.1,1636.1,-0.01,18.59,30154.57,-1
2025-06-05,2025-06-05 11:22:00,1636.1,1636.1,1635.97,1635.97,-0.01,18.59,30154.57,-1
2025-06-05,2025-06-05 11:23:00,1635.97,1635.97,1635.84,1635.84,-0.01,18.59,30154.57,-1
2025-06-05,2025-06-05 11:24:00,1635.84,1635.84,1635.71,1635.71,-0.01,18.59,30154.57,-1
2025-06-05,2025-06-05 11:25:00,1635.71,1635.71,1635.58,1635.58,-0.01,18.59,30154.57,-1
2025-06-05,2025-06-05 11:26:00,1635.58,1635.58,1635.44,1635.44,-0.01,18.59,30154.57,-1
2025-06-05,2025-06-05 11:27:00,1635.44,1635.44,1635.31,1635.31,-0.01,18.59,30154.57,-1
2025-06-05,2025-06-05 11:28:00,1635.31,1635.31,1635.18,1635.18,-0.01,18.59,30154.57,-1
2025-06-05,2025-06-05 11:29:00,1635.18,1635.18,1635.05,1635.05,-0.01,18.59,30154.57,-1
2025-06-05,2025-06-05 11:30:00,1635.05,1635.05,1634.92,1634.92,-0.01,18.59,30154.57,-1
2025-06-05,2025-06-05 11:31:00,1634.92,1634.92,1634.79,1634.79,-0.01,18.59,30154.57,-1
2025-06-05,2025-06-05 11:32:00,1634.79,1634.79,1634.65,1634.65,-0.01,18.59,30154.57,-1
2025-06-05,2025-06-05 11:33:00,1634.65,1634.65,1634.52,1634.52,-0.01,18.59,30154.57,-1
2025-06-05,2025-06-05 11:34:00,1634.52,1634.52,1634.39,1634.39,-0.01,18.59,30154.57,-1
2025-06-05,2025-06-05 11:35:00,1634.39,1634.39,1634.26,1634.26,-0.01,18.59,30154.57,-1
2025-06-05,2025-06-05 11:36:00,1634.26,1634.26,1634.13,1634.13,-0.01,18.59,30154.57,-1
2025-06-05,2025-06-05 11:37:00,1634.13,1634.13,1634.0,1634.0,-0.01,18.59,30154.57,-1
2025-06-05,2025-06-05 11:38:00,1634.0,1634.0,1633.87,1633.87,-0.01,18.59,30154.57,-1
2025-06-05,2025-06-05 11:39:00,1633.87,1633.87,1633.73,1633.73,-0.01,18.59,30154.57,-1
2025-06-05,2025-06-05 11:40:00,1633.73,1633.73,1633.6,1633.6,-0.01,18.59,30154.57,-1
2025-06-05,2025-06-05 11:41:00,1633.6,1633.6,1633.47,1633.47,-0.01,18.59,30154.57,-1
2025-06-05,2025-06-05 11:42:00,1633.47,1633.47,1633.34,1633.34,-0.01,18.59,30154.57,-1
2025-06-05,2025-06-05 11:43:00,1633.34,1633.34,1633.21,1633.21,-0.01,18.59,30154.57,-1
2025-06-05,2025-06-05 11:44:00,1633.21,1633.21,1633.08,1633.08,-0.01,18.59,30154.57,-1
2025-06-05,2025-06-05 11:45:00,1633.08,1633.08,1632.94,1632.94,-0.01,18.59,30154.57,-1
2025-06-05,2025-06-05 11:46:00,1632.94,1632.94,1632.81,1632.81,-0.01,18.59,30154.57,-1
2025-06-05,2025-06-05 11:47:00,1632.81,1632.81,1632.68,1632.68,-0.01,18.59,30154.57,-1
2025-06-05,2025-06-05 11:48:00,1632.68,1632.68,1632.55,1632.55,-0.01,18.59,30154.57,-1
2025-06-05,2025-06-05 11:49:00,1632.55,1632.55,1632.42,1632.42,-0.01,18.59,30154.57,-1
2025-06-05,2025-06-05 11:50:00,1632.42,1632.42,1632.29,1632.29,-0.01,18.59,30154.57,-1
2025-06-05,2025-06-05 11:51:00,1632.29,1632.29,1632.15,1632.15,-0.01,18.59,30154.57,-1
2025-06-05,2025-06-05 11:52:00,1632.15,1632.15,1632.02,1632.02,-0.01,18.59,30154.57,-1
2025-06-05,2025-06-05 11:53:00,1632.02,1632.02,1631.89,1631.89,-0.01,18.59,30154.57,-1
2025-06-05,2025-06-05 11:54:00,1631.89,1631.89,1631.76,1631.76,-0.01,18.59,30154.57,-1
2025-06-05,2025-06-05 11:55:00,1631.76,1631.76,1631.63,1631.63,-0.01,18.59,30154.57,-1
2025-06-05,2025-06-05 11:56:00,1631.63,1631.63,1631.5,1631.5,-0.01,18.59,30154.57,-1
2025-06-05,2025-06-05 11:57:00,1631.5,1631.5,1631.36,1631.36,-0.01,18.59,30154.57,-1
2025-06-05,2025-06-05 11:58:00,1631.36,1631.36,1631.23,1631.23,-0.01,18.59,30154.57,-1
2025-06-05,2025-06-05 11:59:00,1631.23,1631.23,1631.1,1631.1,-0.01,18.59,30154.57,-1
2025-06-05,2025-06-05 12:00:00,1631.1,1631.1,1630.97,1630.97,-0.01,18.59,30154.57,-1
2025-06-05,2025-06-05 12:01:00,1630.97,1630.97,1630.84,1630.84,-0.01,18.59,30154.57,-1
2025-06-05,2025-06-05 12:02:00,1630.84,1630.84,1630.7,1630.7,-0.01,18.59,30154.57,-1
2025-06-05,2025-06-05 12:03:00,1630.7,1630.7,1630.57,1630.57,-0.01,18.59,30154.57,-1
2025-06-05,2025-06-05 12:04:00,1630.57,1630.57,1630.44,1630.44,-0.01,18.59,30154.57,-1
2025-06-05,2025-06-05 12:05:00,1630.44,1630.44,1630.31,1630.31,-0.01,18.59,30154.57,-1
2025-06-05,2025-06-05 12:06:00,1630.31,1630.31,1630.18,1630.18,-0.01,18.59,30154.57,-1
2025-06-05,2025-06-05 12:07:00,1630.18,1630.18,1630.05,1630.05,-0.01,18.59,30154.57,-1
2025-06-05,2025-06-05 12:08:00,1630.05,1630.05,1629.91,1629.91,-0.01,18.59,30154.57,-1
2025-06-05,2025-06-05 12:09:00,1629.91,1629.91,1629.78,1629.78,-0.01,18.59,30154.57,-1
2025-06-05,2025-06-05 12:10:00,1629.78,1629.78,1629.65,1629.65,-0.01,18.59,30154.57,-1
2025-06-05,2025-06-05 12:11:00,1629.65,1629.65,1629.52,1629.52,-0.01,18.59,30154.57,-1
2025-06-05,2025-06-05 12:12:00,1629.52,1629.52,1629.39,1629.39,-0.01,18.59,30154.57,-1
2025-06-05,2025-06-05 12:13:00,1629.39,1629.39,1629.26,1629.26,-0.01,18.59,30154.57,-1
2025-06-05,2025-06-05 12:14:00,1629.26,1629.26,1629.12,1629.12,-0.01,18.59,30154.57,-1
2025-06-05,2025-06-05 12:15:00,1629.12,1629.12,1628.99,1628.99,-0.01,18.59,30154.57,-1
2025-06-05,2025-06-05 12:16:00,1628.99,1628.99,1628.86,1628.86,-0.01,18.59,30154.57,-1
2025-06-05,2025-06-05 12:17:00,1628.86,1628.86,1628.73,1628.73,-0.01,18.59,30154.57,-1
2025-06-05,2025-06-05 12:18:00,1628.73,1628.73,1628.6,1628.6,-0.01,18.59,30154.57,-1
2025-06-05,2025-06-05 12:19:00,1628.6,1628.6,1628.47,1628.47,-0.01,18.59,30154.57,-1
2025-06-05,2025-06-05 12:20:00,1628.47,1628.47,1628.34,1628.34,-0.01,18.59,30154.57,-1
2025-06-05,2025-06-05 12:21:00,1628.34,1628.34,1628.2,1628.2,-0.01,18.59,30154.57,-1
2025-06-05,2025-06-05 12:22:00,1628.2,1628.2,1628.07,1628.07,-0.01,18.59,30154.57,-1
2025-06-05,2025-06-05 12:23:00,1628.07,1628.07,1627.94,1627.94,-0.01,18.59,30154.57,-1
2025-06-05,2025-06-05 12:24:00,1627.94,1627.94,1627.81,1627.81,-0.01,18.59,30154.57,-1
2025-06-05,2025-06-05 12:25:00,1627.81,1627.81,1627.68,1627.68,-0.01,18.59,30154.57,-1
2025-06-05,2025-06-05 12:26:00,1627.68,1627.68,1627.55,1627.55,-0.01,18.59,30154.57,-1
2025-06-05,2025-06-05 12:27:00,1627.55,1627.55,1627.41,1627.41,-0.01,18.59,30154.57,-1
2025-06-05,2025-06-05 12:28:00,1627.41,1627.41,1627.28,1627.28,-0.01,18.59,30154.57,-1
2025-06-05,2025-06-05 12:29:00,1627.28,1627.28,1627.15,1627.15,-0.01,18.59,30154.57,-1
2025-06-05,2025-06-05 12:30:00,1627.15,1627.15,1627.02,1627.02,-0.01,18.59,30154.57,-1
2025-06-05,2025-06-05 12:31:00,1627.02,1627.02,1626.89,1626.89,-0.01,18.59,30154.57,-1
2025-06-05,2025-06-05 12:32:00,1626.89,1626.89,1626.76,1626.76,-0.01,18.59,30154.57,-1
2025-06-05,2025-06-05 12:33:00,1626.76,1626.76,1626.62,1626.62,-0.01,18.59,30154.57,-1
2025-06-05,2025-06-05 12:34:00,1626.62,1626.62,1626.49,1626.49,-0.01,18.59,30154.57,-1
2025-06-05,2025-06-05 12:35:00,1626.49,1626.49,1626.36,1626.36,-0.01,18.59,30154.57,-1
2025-06-05,2025-06-05 12:36:00,1626.36,1626.36,1626.23,1626.23,-0.01,18.59,30154.57,-1
2025-06-05,2025-06-05 12:37:00,1626.23,1626.23,1626.1,1626.1,-0.01,18.59,30154.57,-1
2025-06-05,2025-06-05 12:38:00,1626.1,1626.1,1625.97,1625.97,-0.01,18.59,30154.57,-1
2025-06-05,2025-06-05 12:39:00,1625.97,1625.97,1625.83,1625.83,-0.01,18.59,30154.57,-1
2025-06-05,2025-06-05 12:40:00,1625.83,1625.83,1625.7,1625.7,-0.01,18.59,30154.57,-1
2025-06-05,2025-06-05 12:41:00,1625.7,1625.7,1625.57,1625.57,-0.01,18.59,30154.57,-1
2025-06-05,2025-06-05 12:42:00,1625.57,1625.57,1625.44,1625.44,-0.01,18.59,30154.57,-1
2025-06-05,2025-06-05 12:43:00,1625.44,1625.44,1625.31,1625.31,-0.01,18.59,30154.57,-1
2025-06-05,2025-06-05 12:44:00,1625.31,1625.31,1625.17,1625.17,-0.01,18.59,30154.57,-1
2025-06-05,2025-06-05 12:45:00,1625.17,1625.17,1625.04,1625.04,-0.01,18.59,30154.57,-1
2025-06-05,2025-06-05 12:46:00,1625.04,1625.04,1624.91,1624.91,-0.01,18.59,30154.57,-1
2025-06-05,2025-06-05 12:47:00,1624.91,1624.91,1624.78,1624.78,-0.01,18.59,30154.57,-1
2025-06-05,2025-06-05 12:48:00,1624.78,1624.78,1624.65,1624.65,-0.01,18.59,30154.57,-1
2025-06-05,2025-06-05 12:49:00,1624.65,1624.65,1624.52,1624.52,-0.01,18.59,30154.57,-1
2025-06-05,2025-06-05 12:50:00,1624.52,1624.52,1624.38,1624.38,-0.01,18.59,30154.57,-1
2025-06-05,2025-06-05 12:51:00,1624.38,1624.38,1624.25,1624.25,-0.01,18.59,30154.57,-1
2025-06-05,2025-06-05 12:52:00,1624.25,1624.25,1624.12,1624.12,-0.01,18.59,30154.57,-1
2025-06-05,2025-06-05 12:53:00,1624.12,1624.12,1623.99,1623.99,-0.01,18.59,30154.57,-1
2025-06-05,2025-06-05 12:54:00,1623.99,1623.99,1623.86,1623.86,-0.01,18.59,30154.57,-1
2025-06-05,2025-06-05 12:55:00,1623.86,1623.86,1623.73,1623.73,-0.01,18.59,30154.57,-1
2025-06-05,2025-06-05 12:56:00,1623.73,1623.73,1623.6,1623.6,-0.01,18.59,30154.57,-1
2025-06-05,2025-06-05 12:57:00,1623.6,1623.6,1623.46,1623.46,-0.01,18.59,30154.57,-1
2025-06-05,2025-06-05 12:58:00,1623.46,1623.46,1623.33,1623.33,-0.01,18.59,30154.57,-1
2025-06-05,2025-06-05 12:59:00,1623.33,1623.33,1623.2,1623.2,-0.01,18.59,30154.57,-1
2025-06-05,2025-06-05 13:00:00,1623.2,1645.0,1600.0,1623.07,-0.01,18.59,30154.57,-1
2025-06-05,2025-06-05 13:01:00,1623.07,1623.07,1622.94,1622.94,-0.01,18.59,30154.57,-1
2025-06-05,2025-06-05 13:02:00,1622.94,1622.94,1622.81,1622.81,-0.01,18.59,30154.57,-1
2025-06-05,2025-06-05 13:03:00,1622.81,1622.81,1622.67,1622.67,-0.01,18.59,30154.57,-1
2025-06-05,2025-06-05 13:04:00,1622.67,1622.67,1622.54,1622.54,-0.01,18.59,30154.57,-1
2025-06-05,2025-06-05 13:05:00,1622.54,1622.54,1622.41,1622.41,-0.01,18.59,30154.57,-1
2025-06-05,2025-06-05 13:06:00,1622.41,1622.41,1622.28,1622.28,-0.01,18.59,30154.57,-1
2025-06-05,2025-06-05 13:07:00,1622.28,1622.28,1622.15,1622.15,-0.01,18.59,30154.57,-1
2025-06-05,2025-06-05 13:08:00,1622.15,1622.15,1622.02,1622.02,-0.01,18.59,30154.57,-1
2025-06-05,2025-06-05 13:09:00,1622.02,1622.02,1621.88,1621.88,-0.01,18.59,30154.57,-1
2025-06-05,2025-06-05 13:10:00,1621.88,1621.88,1621.75,1621.75,-0.01,18.59,30154.57,-1
2025-06-05,2025-06-05 13:11:00,1621.75,1621.75,1621.62,1621.62,-0.01,18.59,30154.57,-1
2025-06-05,2025-06-05 13:12:00,1621.62,1621.62,1621.49,1621.49,-0.01,18.59,30154.57,-1
2025-06-05,2025-06-05 13:13:00,1621.49,1621.49,1621.36,1621.36,-0.01,18.59,30154.57,-1
2025-06-05,2025-06-05 13:14:00,1621.36,1621.36,1621.23,1621.23,-0.01,18.59,30154.57,-1
2025-06-05,2025-06-05 13:15:00,1621.23,1621.23,1621.09,1621.09,-0.01,18.59,30154.57,-1
2025-06-05,2025-06-05 13:16:00,1621.09,1621.09,1620.96,1620.96,-0.01,18.59,30154.57,-1
2025-06-05,2025-06-05 13:17:00,1620.96,1620.96,1620.83,1620.83,-0.01,18.59,30154.57,-1
2025-06-05,2025-06-05 13:18:00,1620.83,1620.83,1620.7,1620.7,-0.01,18.59,30154.57,-1
2025-06-05,2025-06-05 13:19:00,1620.7,1620.7,1620.57,1620.57,-0.01,18.59,30154.57,-1
2025-06-05,2025-06-05 13:20:00,1620.57,1620.57,1620.43,1620.43,-0.01,18.59,30154.57,-1
2025-06-05,2025-06-05 13:21:00,1620.43,1620.43,1620.3,1620.3,-0.01,18.59,30154.57,-1
2025-06-05,2025-06-05 13:22:00,1620.3,1620.3,1620.17,1620.17,-0.01,18.59,30154.57,-1
2025-06-05,2025-06-05 13:23:00,1620.17,1620.17,1620.04,1620.04,-0.01,18.59,30154.57,-1
2025-06-05,2025-06-05 13:24:00,1620.04,1620.04,1619.91,1619.91,-0.01,18.59,30154.57,-1
2025-06-05,2025-06-05 13:25:00,1619.91,1619.91,1619.78,1619.78,-0.01,18.59,30154.57,-1
2025-06-05,2025-06-05 13:26:00,1619.78,1619.78,1619.64,1619.64,-0.01,18.59,30154.57,-1
2025-06-05,2025-06-05 13:27:00,1619.64,1619.64,1619.51,1619.51,-0.01,18.59,30154.57,-1
2025-06-05,2025-06-05 13:28:00,1619.51,1619.51,1619.38,1619.38,-0.01,18.59,30154.57,-1
2025-06-05,2025-06-05 13:29:00,1619.38,1619.38,1619.25,1619.25,-0.01,18.59,30154.57,-1
2025-06-05,2025-06-05 13:30:00,1619.25,1619.25,1619.12,1619.12,-0.01,18.59,30154.57,-1
2025-06-05,2025-06-05 13:31:00,1619.12,1619.12,1618.99,1618.99,-0.01,18.59,30154.57,-1
2025-06-05,2025-06-05 13:32:00,1618.99,1618.99,1618.86,1618.86,-0.01,18.59,30154.57,-1
2025-06-05,2025-06-05 13:33:00,1618.86,1618.86,1618.72,1618.72,-0.01,18.59,30154.57,-1
2025-06-05,2025-06-05 13:34:00,1618.72,1618.72,1618.59,1618.59,-0.01,18.59,30154.57,-1
2025-06-05,2025-06-05 13:35:00,1618.59,1618.59,1618.46,1618.46,-0.01,18.59,30154.57,-1
2025-06-05,2025-06-05 13:36:00,1618.46,1618.46,1618.33,1618.33,-0.01,18.59,30154.57,-1
2025-06-05,2025-06-05 13:37:00,1618.33,1618.33,1618.2,1618.2,-0.01,18.59,30154.57,-1
2025-06-05,2025-06-05 13:38:00,1618.2,1618.2,1618.07,1618.07,-0.01,18.59,30154.57,-1
2025-06-05,2025-06-05 13:39:00,1618.07,1618.07,1617.93,1617.93,-0.01,18.59,30154.57,-1
2025-06-05,2025-06-05 13:40:00,1617.93,1617.93,1617.8,1617.8,-0.01,18.59,30154.57,-1
2025-06-05,2025-06-05 13:41:00,1617.8,1617.8,1617.67,1617.67,-0.01,18.59,30154.57,-1
2025-06-05,2025-06-05 13:42:00,1617.67,1617.67,1617.54,1617.54,-0.01,18.59,30154.57,-1
2025-06-05,2025-06-05 13:43:00,1617.54,1617.54,1617.41,1617.41,-0.01,18.59,30154.57,-1
2025-06-05,2025-06-05 13:44:00,1617.41,1617.41,1617.28,1617.28,-0.01,18.59,30154.57,-1
2025-06-05,2025-06-05 13:45:00,1617.28,1617.28,1617.14,1617.14,-0.01,18.59,30154.57,-1
2025-06-05,2025-06-05 13:46:00,1617.14,1617.14,1617.01,1617.01,-0.01,18.59,30154.57,-1
2025-06-05,2025-06-05 13:47:00,1617.01,1617.01,1616.88,1616.88,-0.01,18.59,30154.57,-1
2025-06-05,2025-06-05 13:48:00,1616.88,1616.88,1616.75,1616.75,-0.01,18.59,30154.57,-1
2025-06-05,2025-06-05 13:49:00,1616.75,1616.75,1616.62,1616.62,-0.01,18.59,30154.57,-1
2025-06-05,2025-06-05 13:50:00,1616.62,1616.62,1616.49,1616.49,-0.01,18.59,30154.57,-1
2025-06-05,2025-06-05 13:51:00,1616.49,1616.49,1616.35,1616.35,-0.01,18.59,30154.57,-1
2025-06-05,2025-06-05 13:52:00,1616.35,1616.35,1616.22,1616.22,-0.01,18.59,30154.57,-1
2025-06-05,2025-06-05 13:53:00,1616.22,1616.22,1616.09,1616.09,-0.01,18.59,30154.57,-1
2025-06-05,2025-06-05 13:54:00,1616.09,1616.09,1615.96,1615.96,-0.01,18.59,30154.57,-1
2025-06-05,2025-06-05 13:55:00,1615.96,1615.96,1615.83,1615.83,-0.01,18.59,30154.57,-1
2025-06-05,2025-06-05 13:56:00,1615.83,1615.83,1615.7,1615.7,-0.01,18.59,30154.57,-1
2025-06-05,2025-06-05 13:57:00,1615.7,1615.7,1615.56,1615.56,-0.01,18.59,30154.57,-1
2025-06-05,2025-06-05 13:58:00,1615.56,1615.56,1615.43,1615.43,-0.01,18.59,30154.57,-1
2025-06-05,2025-06-05 13:59:00,1615.43,1615.43,1615.3,1615.3,-0.01,18.59,30154.57,-1
2025-06-05,2025-06-05 14:00:00,1615.3,1615.3,1615.17,1615.17,-0.01,18.59,30154.57,-1
2025-06-05,2025-06-05 14:01:00,1615.17,1615.17,1615.04,1615.04,-0.01,18.59,30154.57,-1
2025-06-05,2025-06-05 14:02:00,1615.04,1615.04,1614.9,1614.9,-0.01,18.59,30154.57,-1
2025-06-05,2025-06-05 14:03:00,1614.9,1614.9,1614.77,1614.77,-0.01,18.59,30154.57,-1
2025-06-05,2025-06-05 14:04:00,1614.77,1614.77,1614.64,1614.64,-0.01,18.59,30154.57,-1
2025-06-05,2025-06-05 14:05:00,1614.64,1614.64,1614.51,1614.51,-0.01,18.59,30154.57,-1
2025-06-05,2025-06-05 14:06:00,1614.51,1614.51,1614.38,1614.38,-0.01,18.59,30154.57,-1
2025-06-05,2025-06-05 14:07:00,1614.38,1614.38,1614.25,1614.25,-0.01,18.59,30154.57,-1
2025-06-05,2025-06-05 14:08:00,1614.25,1614.25,1614.12,1614.12,-0.01,18.59,30154.57,-1
2025-06-05,2025-06-05 14:09:00,1614.12,1614.12,1613.98,1613.98,-0.01,18.59,30154.57,-1
2025-06-05,2025-06-05 14:10:00,1613.98,1613.98,1613.85,1613.85,-0.01,18.59,30154.57,-1
2025-06-05,2025-06-05 14:11:00,1613.85,1613.85,1613.72,1613.72,-0.01,18.59,30154.57,-1
2025-06-05,2025-06-05 14:12:00,1613.72,1613.72,1613.59,1613.59,-0.01,18.59,30154.57,-1
2025-06-05,2025-06-05 14:13:00,1613.59,1613.59,1613.46,1613.46,-0.01,18.59,30154.57,-1
2025-06-05,2025-06-05 14:14:00,1613.46,1613.46,1613.33,1613.33,-0.01,18.59,30154.57,-1
2025-06-05,2025-06-05 14:15:00,1613.33,1613.33,1613.19,1613.19,-0.01,18.59,30154.57,-1
2025-06-05,2025-06-05 14:16:00,1613.19,1613.19,1613.06,1613.06,-0.01,18.59,30154.57,-1
2025-06-05,2025-06-05 14:17:00,1613.06,1613.06,1612.93,1612.93,-0.01,18.59,30154.57,-1
2025-06-05,2025-06-05 14:18:00,1612.93,1612.93,1612.8,1612.8,-0.01,18.59,30154.57,-1
2025-06-05,2025-06-05 14:19:00,1612.8,1612.8,1612.67,1612.67,-0.01,18.59,30154.57,-1
2025-06-05,2025-06-05 14:20:00,1612.67,1612.67,1612.54,1612.54,-0.01,18.59,30154.57,-1
2025-06-05,2025-06-05 14:21:00,1612.54,1612.54,1612.4,1612.4,-0.01,18.59,30154.57,-1
2025-06-05,2025-06-05 14:22:00,1612.4,1612.4,1612.27,1612.27,-0.01,18.59,30154.57,-1
2025-06-05,2025-06-05 14:23:00,1612.27,1612.27,1612.14,1612.14,-0.01,18.59,30154.57,-1
2025-06-05,2025-06-05 14:24:00,1612.14,1612.14,1612.01,1612.01,-0.01,18.59,30154.57,-1
2025-06-05,2025-06-05 14:25:00,1612.01,1612.01,1611.88,1611.88,-0.01,18.59,30154.57,-1
2025-06-05,2025-06-05 14:26:00,1611.88,1611.88,1611.75,1611.75,-0.01,18.59,30154.57,-1
2025-06-05,2025-06-05 14:27:00,1611.75,1611.75,1611.61,1611.61,-0.01,18.59,30154.57,-1
2025-06-05,2025-06-05 14:28:00,1611.61,1611.61,1611.48,1611.48,-0.01,18.59,30154.57,-1
2025-06-05,2025-06-05 14:29:00,1611.48,1611.48,1611.35,1611.35,-0.01,18.59,30154.57,-1
2025-06-05,2025-06-05 14:30:00,1611.35,1611.35,1611.22,1611.22,-0.01,18.59,30154.57,-1
2025-06-05,2025-06-05 14:31:00,1611.22,1611.22,1611.09,1611.09,-0.01,18.59,30154.57,-1
2025-06-05,2025-06-05 14:32:00,1611.09,1611.09,1610.96,1610.96,-0.01,18.59,30154.57,-1
2025-06-05,2025-06-05 14:33:00,1610.96,1610.96,1610.82,1610.82,-0.01,18.59,30154.57,-1
2025-06-05,2025-06-05 14:34:00,1610.82,1610.82,1610.69,1610.69,-0.01,18.59,30154.57,-1
2025-06-05,2025-06-05 14:35:00,1610.69,1610.69,1610.56,1610.56,-0.01,18.59,30154.57,-1
2025-06-05,2025-06-05 14:36:00,1610.56,1610.56,1610.43,1610.43,-0.01,18.59,30154.57,-1
2025-06-05,2025-06-05 14:37:00,1610.43,1610.43,1610.3,1610.3,-0.01,18.59,30154.57,-1
2025-06-05,2025-06-05 14:38:00,1610.3,1610.3,1610.17,1610.17,-0.01,18.59,30154.57,-1
2025-06-05,2025-06-05 14:39:00,1610.17,1610.17,1610.03,1610.03,-0.01,18.59,30154.57,-1
2025-06-05,2025-06-05 14:40:00,1610.03,1610.03,1609.9,1609.9,-0.01,18.59,30154.57,-1
2025-06-05,2025-06-05 14:41:00,1609.9,1609.9,1609.77,1609.77,-0.01,18.59,30154.57,-1
2025-06-05,2025-06-05 14:42:00,1609.77,1609.77,1609.64,1609.64,-0.01,18.59,30154.57,-1
2025-06-05,2025-06-05 14:43:00,1609.64,1609.64,1609.51,1609.51,-0.01,18.59,30154.57,-1
2025-06-05,2025-06-05 14:44:00,1609.51,1609.51,1609.38,1609.38,-0.01,18.59,30154.57,-1
2025-06-05,2025-06-05 14:45:00,1609.38,1609.38,1609.24,1609.24,-0.01,18.59,30154.57,-1
2025-06-05,2025-06-05 14:46:00,1609.24,1609.24,1609.11,1609.11,-0.01,18.59,30154.57,-1
2025-06-05,2025-06-05 14:47:00,1609.11,1609.11,1608.98,1608.98,-0.01,18.59,30154.57,-1
2025-06-05,2025-06-05 14:48:00,1608.98,1608.98,1608.85,1608.85,-0.01,18.59,30154.57,-1
2025-06-05,2025-06-05 14:49:00,1608.85,1608.85,1608.72,1608.72,-0.01,18.59,30154.57,-1
2025-06-05,2025-06-05 14:50:00,1608.72,1608.72,1608.59,1608.59,-0.01,18.59,30154.57,-1
2025-06-05,2025-06-05 14:51:00,1608.59,1608.59,1608.45,1608.45,-0.01,18.59,30154.57,-1
2025-06-05,2025-06-05 14:52:00,1608.45,1608.45,1608.32,1608.32,-0.01,18.59,30154.57,-1
2025-06-05,2025-06-05 14:53:00,1608.32,1608.32,1608.19,1608.19,-0.01,18.59,30154.57,-1
2025-06-05,2025-06-05 14:54:00,1608.19,1608.19,1608.06,1608.06,-0.01,18.59,30154.57,-1
2025-06-05,2025-06-05 14:55:00,1608.06,1608.06,1607.93,1607.93,-0.01,18.59,30154.57,-1
2025-06-05,2025-06-05 14:56:00,1607.93,1607.93,1607.8,1607.8,-0.01,18.59,30154.57,-1
2025-06-05,2025-06-05 14:57:00,1607.8,1607.8,1607.66,1607.66,-0.01,18.59,30154.57,-1
2025-06-05,2025-06-05 14:58:00,1607.66,1607.66,1607.53,1607.53,-0.01,18.59,30154.57,-1
2025-06-05,2025-06-05 14:59:00,1607.53,1607.53,1607.4,1607.4,-0.01,18.59,30154.57,-1
2025-06-05,2025-06-05 15:00:00,1607.4,1645.0,1600.0,1607.4,0.0,18.59,30154.57,0
2025-06-08,2025-06-08 11:00:00,1607.4,1607.4,1595.58,1607.25,-0.01,21.9,34631.01,-1
2025-06-08,2025-06-08 11:01:00,1607.25,1607.25,1607.1,1607.1,-0.01,21.9,34631.01,-1
2025-06-08,2025-06-08 11:02:00,1607.1,1607.1,1606.96,1606.96,-0.01,21.9,34631.01,-1
2025-06-08,2025-06-08 11:03:00,1606.96,1606.96,1606.81,1606.81,-0.01,21.9,34631.01,-1
2025-06-08,2025-06-08 11:04:00,1606.81,1606.81,1606.66,1606.66,-0.01,21.9,34631.01,-1
2025-06-08,2025-06-08 11:05:00,1606.66,1606.66,1606.51,1606.51,-0.01,21.9,34631.01,-1
2025-06-08,2025-06-08 11:06:00,1606.51,1606.51,1606.37,1606.37,-0.01,21.9,34631.01,-1
2025-06-08,2025-06-08 11:07:00,1606.37,1606.37,1606.22,1606.22,-0.01,21.9,34631.01,-1
2025-06-08,2025-06-08 11:08:00,1606.22,1606.22,1606.07,1606.07,-0.01,21.9,34631.01,-1
2025-06-08,2025-06-08 11:09:00,1606.07,1606.07,1605.92,1605.92,-0.01,21.9,34631.01,-1
2025-06-08,2025-06-08 11:10:00,1605.92,1605.92,1605.78,1605.78,-0.01,21.9,34631.01,-1
2025-06-08,2025-06-08 11:11:00,1605.78,1605.78,1605.63,1605.63,-0.01,21.9,34631.01,-1
2025-06-08,2025-06-08 11:12:00,1605.63,1605.63,1605.48,1605.48,-0.01,21.9,34631.01,-1
2025-06-08,2025-06-08 11:13:00,1605.48,1605.48,1605.33,1605.33,-0.01,21.9,34631.01,-1
2025-06-08,2025-06-08 11:14:00,1605.33,1605.33,1605.18,1605.18,-0.01,21.9,34631.01,-1
2025-06-08,2025-06-08 11:15:00,1605.18,1605.18,1605.04,1605.04,-0.01,21.9,34631.01,-1
2025-06-08,2025-06-08 11:16:00,1605.04,1605.04,1604.89,1604.89,-0.01,21.9,34631.01,-1
2025-06-08,2025-06-08 11:17:00,1604.89,1604.89,1604.74,1604.74,-0.01,21.9,34631.01,-1
2025-06-08,2025-06-08 11:18:00,1604.74,1604.74,1604.59,1604.59,-0.01,21.9,34631.01,-1
2025-06-08,2025-06-08 11:19:00,1604.59,1604.59,1604.45,1604.45,-0.01,21.9,34631.01,-1
2025-06-08,2025-06-08 11:20:00,1604.45,1604.45,1604.3,1604.3,-0.01,21.9,34631.01,-1
2025-06-08,2025-06-08 11:21:00,1604.3,1604.3,1604.15,1604.15,-0.01,21.9,34631.01,-1
2025-06-08,2025-06-08 11:22:00,1604.15,1604.15,1604.0,1604.0,-0.01,21.9,34631.01,-1
2025-06-08,2025-06-08 11:23:00,1604.0,1604.0,1603.86,1603.86,-0.01,21.9,34631.01,-1
2025-06-08,2025-06-08 11:24:00,1603.86,1603.86,1603.71,1603.71,-0.01,21.9,34631.01,-1
2025-06-08,2025-06-08 11:25:00,1603.71,1603.71,1603.56,1603.56,-0.01,21.9,34631.01,-1
2025-06-08,2025-06-08 11:26:00,1603.56,1603.56,1603.41,1603.41,-0.01,21.9,34631.01,-1
2025-06-08,2025-06-08 11:27:00,1603.41,1603.41,1603.26,1603.26,-0.01,21.9,34631.01,-1
2025-06-08,2025-06-08 11:28:00,1603.26,1603.26,1603.12,1603.12,-0.01,21.9,34631.01,-1
2025-06-08,2025-06-08 11:29:00,1603.12,1603.12,1602.97,1602.97,-0.01,21.9,34631.01,-1
2025-06-08,2025-06-08 11:30:00,1602.97,1602.97,1602.82,1602.82,-0.01,21.9,34631.01,-1
2025-06-08,2025-06-08 11:31:00,1602.82,1602.82,1602.67,1602.67,-0.01,21.9,34631.01,-1
2025-06-08,2025-06-08 11:32:00,1602.67,1602.67,1602.53,1602.53,-0.01,21.9,34631.01,-1
2025-06-08,2025-06-08 11:33:00,1602.53,1602.53,1602.38,1602.38,-0.01,21.9,34631.01,-1
2025-06-08,2025-06-08 11:34:00,1602.38,1602.38,1602.23,1602.23,-0.01,21.9,34631.01,-1
2025-06-08,2025-06-08 11:35:00,1602.23,1602.23,1602.08,1602.08,-0.01,21.9,34631.01,-1
2025-06-08,2025-06-08 11:36:00,1602.08,1602.08,1601.93,1601.93,-0.01,21.9,34631.01,-1
2025-06-08,2025-06-08 11:37:00,1601.93,1601.93,1601.79,1601.79,-0.01,21.9,34631.01,-1
2025-06-08,2025-06-08 11:38:00,1601.79,1601.79,1601.64,1601.64,-0.01,21.9,34631.01,-1
2025-06-08,2025-06-08 11:39:00,1601.64,1601.64,1601.49,1601.49,-0.01,21.9,34631.01,-1
2025-06-08,2025-06-08 11:40:00,1601.49,1601.49,1601.34,1601.34,-0.01,21.9,34631.01,-1
2025-06-08,2025-06-08 11:41:00,1601.34,1601.34,1601.2,1601.2,-0.01,21.9,34631.01,-1
2025-06-08,2025-06-08 11:42:00,1601.2,1601.2,1601.05,1601.05,-0.01,21.9,34631.01,-1
2025-06-08,2025-06-08 11:43:00,1601.05,1601.05,1600.9,1600.9,-0.01,21.9,34631.01,-1
2025-06-08,2025-06-08 11:44:00,1600.9,1600.9,1600.75,1600.75,-0.01,21.9,34631.01,-1
2025-06-08,2025-06-08 11:45:00,1600.75,1600.75,1600.61,1600.61,-0.01,21.9,34631.01,-1
2025-06-08,2025-06-08 11:46:00,1600.61,1600.61,1600.46,1600.46,-0.01,21.9,34631.01,-1
2025-06-08,2025-06-08 11:47:00,1600.46,1600.46,1600.31,1600.31,-0.01,21.9,34631.01,-1
2025-06-08,2025-06-08 11:48:00,1600.31,1600.31,1600.16,1600.16,-0.01,21.9,34631.01,-1
2025-06-08,2025-06-08 11:49:00,1600.16,1600.16,1600.01,1600.01,-0.01,21.9,34631.01,-1
2025-06-08,2025-06-08 11:50:00,1600.01,1600.01,1599.87,1599.87,-0.01,21.9,34631.01,-1
2025-06-08,2025-06-08 11:51:00,1599.87,1599.87,1599.72,1599.72,-0.01,21.9,34631.01,-1
2025-06-08,2025-06-08 11:52:00,1599.72,1599.72,1599.57,1599.57,-0.01,21.9,34631.01,-1
2025-06-08,2025-06-08 11:53:00,1599.57,1599.57,1599.42,1599.42,-0.01,21.9,34631.01,-1
2025-06-08,2025-06-08 11:54:00,1599.42,1599.42,1599.28,1599.28,-0.01,21.9,34631.01,-1
2025-06-08,2025-06-08 11:55:00,1599.28,1599.28,1599.13,1599.13,-0.01,21.9,34631.01,-1
2025-06-08,2025-06-08 11:56:00,1599.13,1599.13,1598.98,1598.98,-0.01,21.9,34631.01,-1
2025-06-08,2025-06-08 11:57:00,1598.98,1598.98,1598.83,1598.83,-0.01,21.9,34631.01,-1
2025-06-08,2025-06-08 11:58:00,1598.83,1598.83,1598.69,1598.69,-0.01,21.9,34631.01,-1
2025-06-08,2025-06-08 11:59:00,1598.69,1598.69,1598.54,1598.54,-0.01,21.9,34631.01,-1
2025-06-08,2025-06-08 12:00:00,1598.54,1598.54,1598.39,1598.39,-0.01,21.9,34631.01,-1
2025-06-08,2025-06-08 12:01:00,1598.39,1598.39,1598.24,1598.24,-0.01,21.9,34631.01,-1
2025-06-08,2025-06-08 12:02:00,1598.24,1598.24,1598.09,1598.09,-0.01,21.9,34631.01,-1
2025-06-08,2025-06-08 12:03:00,1598.09,1598.09,1597.95,1597.95,-0.01,21.9,34631.01,-1
2025-06-08,2025-06-08 12:04:00,1597.95,1597.95,1597.8,1597.8,-0.01,21.9,34631.01,-1
2025-06-08,2025-06-08 12:05:00,1597.8,1597.8,1597.65,1597.65,-0.01,21.9,34631.01,-1
2025-06-08,2025-06-08 12:06:00,1597.65,1597.65,1597.5,1597.5,-0.01,21.9,34631.01,-1
2025-06-08,2025-06-08 12:07:00,1597.5,1597.5,1597.36,1597.36,-0.01,21.9,34631.01,-1
2025-06-08,2025-06-08 12:08:00,1597.36,1597.36,1597.21,1597.21,-0.01,21.9,34631.01,-1
2025-06-08,2025-06-08 12:09:00,1597.21,1597.21,1597.06,1597.06,-0.01,21.9,34631.01,-1
2025-06-08,2025-06-08 12:10:00,1597.06,1597.06,1596.91,1596.91,-0.01,21.9,34631.01,-1
2025-06-08,2025-06-08 12:11:00,1596.91,1596.91,1596.77,1596.77,-0.01,21.9,34631.01,-1
2025-06-08,2025-06-08 12:12:00,1596.77,1596.77,1596.62,1596.62,-0.01,21.9,34631.01,-1
2025-06-08,2025-06-08 12:13:00,1596.62,1596.62,1596.47,1596.47,-0.01,21.9,34631.01,-1
2025-06-08,2025-06-08 12:14:00,1596.47,1596.47,1596.32,1596.32,-0.01,21.9,34631.01,-1
2025-06-08,2025-06-08 12:15:00,1596.32,1596.32,1596.17,1596.17,-0.01,21.9,34631.01,-1
2025-06-08,2025-06-08 12:16:00,1596.17,1596.17,1596.03,1596.03,-0.01,21.9,34631.01,-1
2025-06-08,2025-06-08 12:17:00,1596.03,1596.03,1595.88,1595.88,-0.01,21.9,34631.01,-1
2025-06-08,2025-06-08 12:18:00,1595.88,1595.88,1595.73,1595.73,-0.01,21.9,34631.01,-1
2025-06-08,2025-06-08 12:19:00,1595.73,1595.73,1595.58,1595.58,-0.01,21.9,34631.01,-1
2025-06-08,2025-06-08 12:20:00,1595.58,1595.58,1595.44,1595.44,-0.01,21.9,34631.01,-1
2025-06-08,2025-06-08 12:21:00,1595.44,1595.44,1595.29,1595.29,-0.01,21.9,34631.01,-1
2025-06-08,2025-06-08 12:22:00,1595.29,1595.29,1595.14,1595.14,-0.01,21.9,34631.01,-1
2025-06-08,2025-06-08 12:23:00,1595.14,1595.14,1594.99,1594.99,-0.01,21.9,34631.01,-1
2025-06-08,2025-06-08 12:24:00,1594.99,1594.99,1594.84,1594.84,-0.01,21.9,34631.01,-1
2025-06-08,2025-06-08 12:25:00,1594.84,1594.84,1594.7,1594.7,-0.01,21.9,34631.01,-1
2025-06-08,2025-06-08 12:26:00,1594.7,1594.7,1594.55,1594.55,-0.01,21.9,34631.01,-1
2025-06-08,2025-06-08 12:27:00,1594.55,1594.55,1594.4,1594.4,-0.01,21.9,34631.01,-1
2025-06-08,2025-06-08 12:28:00,1594.4,1594.4,1594.25,1594.25,-0.01,21.9,34631.01,-1
2025-06-08,2025-06-08 12:29:00,1594.25,1594.25,1594.11,1594.11,-0.01,21.9,34631.01,-1
2025-06-08,2025-06-08 12:30:00,1594.11,1594.11,1593.96,1593.96,-0.01,21.9,34631.01,-1
2025-06-08,2025-06-08 12:31:00,1593.96,1593.96,1593.81,1593.81,-0.01,21.9,34631.01,-1
2025-06-08,2025-06-08 12:32:00,1593.81,1593.81,1593.66,1593.66,-0.01,21.9,34631.01,-1
2025-06-08,2025-06-08 12:33:00,1593.66,1593.66,1593.52,1593.52,-0.01,21.9,34631.01,-1
2025-06-08,2025-06-08 12:34:00,1593.52,1593.52,1593.37,1593.37,-0.01,21.9,34631.01,-1
2025-06-08,2025-06-08 12:35:00,1593.37,1593.37,1593.22,1593.22,-0.01,21.9,34631.01,-1
2025-06-08,2025-06-08 12:36:00,1593.22,1593.22,1593.07,1593.07,-0.01,21.9,34631.01,-1
2025-06-08,2025-06-08 12:37:00,1593.07,1593.07,1592.92,1592.92,-0.01,21.9,34631.01,-1
2025-06-08,2025-06-08 12:38:00,1592.92,1592.92,1592.78,1592.78,-0.01,21.9,34631.01,-1
2025-06-08,2025-06-08 12:39:00,1592.78,1592.78,1592.63,1592.63,-0.01,21.9,34631.01,-1
2025-06-08,2025-06-08 12:40:00,1592.63,1592.63,1592.48,1592.48,-0.01,21.9,34631.01,-1
2025-06-08,2025-06-08 12:41:00,1592.48,1592.48,1592.33,1592.33,-0.01,21.9,34631.01,-1
2025-06-08,2025-06-08 12:42:00,1592.33,1592.33,1592.19,1592.19,-0.01,21.9,34631.01,-1
2025-06-08,2025-06-08 12:43:00,1592.19,1592.19,1592.04,1592.04,-0.01,21.9,34631.01,-1
2025-06-08,2025-06-08 12:44:00,1592.04,1592.04,1591.89,1591.89,-0.01,21.9,34631.01,-1
2025-06-08,2025-06-08 12:45:00,1591.89,1591.89,1591.74,1591.74,-0.01,21.9,34631.01,-1
2025-06-08,2025-06-08 12:46:00,1591.74,1591.74,1591.6,1591.6,-0.01,21.9,34631.01,-1
2025-06-08,2025-06-08 12:47:00,1591.6,1591.6,1591.45,1591.45,-0.01,21.9,34631.01,-1
2025-06-08,2025-06-08 12:48:00,1591.45,1591.45,1591.3,1591.3,-0.01,21.9,34631.01,-1
2025-06-08,2025-06-08 12:49:00,1591.3,1591.3,1591.15,1591.15,-0.01,21.9,34631.01,-1
2025-06-08,2025-06-08 12:50:00,1591.15,1591.15,1591.0,1591.0,-0.01,21.9,34631.01,-1
2025-06-08,2025-06-08 12:51:00,1591.0,1591.0,1590.86,1590.86,-0.01,21.9,34631.01,-1
2025-06-08,2025-06-08 12:52:00,1590.86,1590.86,1590.71,1590.71,-0.01,21.9,34631.01,-1
2025-06-08,2025-06-08 12:53:00,1590.71,1590.71,1590.56,1590.56,-0.01,21.9,34631.01,-1
2025-06-08,2025-06-08 12:54:00,1590.56,1590.56,1590.41,1590.41,-0.01,21.9,34631.01,-1
2025-06-08,2025-06-08 12:55:00,1590.41,1590.41,1590.27,1590.27,-0.01,21.9,34631.01,-1
2025-06-08,2025-06-08 12:56:00,1590.27,1590.27,1590.12,1590.12,-0.01,21.9,34631.01,-1
2025-06-08,2025-06-08 12:57:00,1590.12,1590.12,1589.97,1589.97,-0.01,21.9,34631.01,-1
2025-06-08,2025-06-08 12:58:00,1589.97,1589.97,1589.82,1589.82,-0.01,21.9,34631.01,-1
2025-06-08,2025-06-08 12:59:00,1589.82,1589.82,1589.68,1589.68,-0.01,21.9,34631.01,-1
2025-06-08,2025-06-08 13:00:00,1589.68,1607.4,1568.0,1589.53,-0.01,21.9,34631.01,-1
2025-06-08,2025-06-08 13:01:00,1589.53,1589.53,1589.38,1589.38,-0.01,21.9,34631.01,-1
2025-06-08,2025-06-08 13:02:00,1589.38,1589.38,1589.23,1589.23,-0.01,21.9,34631.01,-1
2025-06-08,2025-06-08 13:03:00,1589.23,1589.23,1589.08,1589.08,-0.01,21.9,34631.01,-1
2025-06-08,2025-06-08 13:04:00,1589.08,1589.08,1588.94,1588.94,-0.01,21.9,34631.01,-1
2025-06-08,2025-06-08 13:05:00,1588.94,1588.94,1588.79,1588.79,-0.01,21.9,34631.01,-1
2025-06-08,2025-06-08 13:06:00,1588.79,1588.79,1588.64,1588.64,-0.01,21.9,34631.01,-1
2025-06-08,2025-06-08 13:07:00,1588.64,1588.64,1588.49,1588.49,-0.01,21.9,34631.01,-1
2025-06-08,2025-06-08 13:08:00,1588.49,1588.49,1588.35,1588.35,-0.01,21.9,34631.01,-1
2025-06-08,2025-06-08 13:09:00,1588.35,1588.35,1588.2,1588.2,-0.01,21.9,34631.01,-1
2025-06-08,2025-06-08 13:10:00,1588.2,1588.2,1588.05,1588.05,-0.01,21.9,34631.01,-1
2025-06-08,2025-06-08 13:11:00,1588.05,1588.05,1587.9,1587.9,-0.01,21.9,34631.01,-1
2025-06-08,2025-06-08 13:12:00,1587.9,1587.9,1587.75,1587.75,-0.01,21.9,34631.01,-1
2025-06-08,2025-06-08 13:13:00,1587.75,1587.75,1587.61,1587.61,-0.01,21.9,34631.01,-1
2025-06-08,2025-06-08 13:14:00,1587.61,1587.61,1587.46,1587.46,-0.01,21.9,34631.01,-1
2025-06-08,2025-06-08 13:15:00,1587.46,1587.46,1587.31,1587.31,-0.01,21.9,34631.01,-1
2025-06-08,2025-06-08 13:16:00,1587.31,1587.31,1587.16,1587.16,-0.01,21.9,34631.01,-1
2025-06-08,2025-06-08 13:17:00,1587.16,1587.16,1587.02,1587.02,-0.01,21.9,34631.01,-1
2025-06-08,2025-06-08 13:18:00,1587.02,1587.02,1586.87,1586.87,-0.01,21.9,34631.01,-1
2025-06-08,2025-06-08 13:19:00,1586.87,1586.87,1586.72,1586.72,-0.01,21.9,34631.01,-1
2025-06-08,2025-06-08 13:20:00,1586.72,1586.72,1586.57,1586.57,-0.01,21.9,34631.01,-1
2025-06-08,2025-06-08 13:21:00,1586.57,1586.57,1586.43,1586.43,-0.01,21.9,34631.01,-1
2025-06-08,2025-06-08 13:22:00,1586.43,1586.43,1586.28,1586.28,-0.01,21.9,34631.01,-1
2025-06-08,2025-06-08 13:23:00,1586.28,1586.28,1586.13,1586.13,-0.01,21.9,34631.01,-1
2025-06-08,2025-06-08 13:24:00,1586.13,1586.13,1585.98,1585.98,-0.01,21.9,34631.01,-1
2025-06-08,2025-06-08 13:25:00,1585.98,1585.98,1585.83,1585.83,-0.01,21.9,34631.01,-1
2025-06-08,2025-06-08 13:26:00,1585.83,1585.83,1585.69,1585.69,-0.01,21.9,34631.01,-1
2025-06-08,2025-06-08 13:27:00,1585.69,1585.69,1585.54,1585.54,-0.01,21.9,34631.01,-1
2025-06-08,2025-06-08 13:28:00,1585.54,1585.54,1585.39,1585.39,-0.01,21.9,34631.01,-1
2025-06-08,2025-06-08 13:29:00,1585.39,1585.39,1585.24,1585.24,-0.01,21.9,34631.01,-1
2025-06-08,2025-06-08 13:30:00,1585.24,1585.24,1585.1,1585.1,-0.01,21.9,34631.01,-1
2025-06-08,2025-06-08 13:31:00,1585.1,1585.1,1584.95,1584.95,-0.01,21.9,34631.01,-1
2025-06-08,2025-06-08 13:32:00,1584.95,1584.95,1584.8,1584.8,-0.01,21.9,34631.01,-1
2025-06-08,2025-06-08 13:33:00,1584.8,1584.8,1584.65,1584.65,-0.01,21.9,34631.01,-1
2025-06-08,2025-06-08 13:34:00,1584.65,1584.65,1584.51,1584.51,-0.01,21.9,34631.01,-1
2025-06-08,2025-06-08 13:35:00,1584.51,1584.51,1584.36,1584.36,-0.01,21.9,34631.01,-1
2025-06-08,2025-06-08 13:36:00,1584.36,1584.36,1584.21,1584.21,-0.01,21.9,34631.01,-1
2025-06-08,2025-06-08 13:37:00,1584.21,1584.21,1584.06,1584.06,-0.01,21.9,34631.01,-1
2025-06-08,2025-06-08 13:38:00,1584.06,1584.06,1583.91,1583.91,-0.01,21.9,34631.01,-1
2025-06-08,2025-06-08 13:39:00,1583.91,1583.91,1583.77,1583.77,-0.01,21.9,34631.01,-1
2025-06-08,2025-06-08 13:40:00,1583.77,1583.77,1583.62,1583.62,-0.01,21.9,34631.01,-1
2025-06-08,2025-06-08 13:41:00,1583.62,1583.62,1583.47,1583.47,-0.01,21.9,34631.01,-1
2025-06-08,2025-06-08 13:42:00,1583.47,1583.47,1583.32,1583.32,-0.01,21.9,34631.01,-1
2025-06-08,2025-06-08 13:43:00,1583.32,1583.32,1583.18,1583.18,-0.01,21.9,34631.01,-1
2025-06-08,2025-06-08 13:44:00,1583.18,1583.18,1583.03,1583.03,-0.01,21.9,34631.01,-1
2025-06-08,2025-06-08 13:45:00,1583.03,1583.03,1582.88,1582.88,-0.01,21.9,34631.01,-1
2025-06-08,2025-06-08 13:46:00,1582.88,1582.88,1582.73,1582.73,-0.01,21.9,34631.01,-1
2025-06-08,2025-06-08 13:47:00,1582.73,1582.73,1582.59,1582.59,-0.01,21.9,34631.01,-1
2025-06-08,2025-06-08 13:48:00,1582.59,1582.59,1582.44,1582.44,-0.01,21.9,34631.01,-1
2025-06-08,2025-06-08 13:49:00,1582.44,1582.44,1582.29,1582.29,-0.01,21.9,34631.01,-1
2025-06-08,2025-06-08 13:50:00,1582.29,1582.29,1582.14,1582.14,-0.01,21.9,34631.01,-1
2025-06-08,2025-06-08 13:51:00,1582.14,1582.14,1581.99,1581.99,-0.01,21.9,34631.01,-1
2025-06-08,2025-06-08 13:52:00,1581.99,1581.99,1581.85,1581.85,-0.01,21.9,34631.01,-1
2025-06-08,2025-06-08 13:53:00,1581.85,1581.85,1581.7,1581.7,-0.01,21.9,34631.01,-1
2025-06-08,2025-06-08 13:54:00,1581.7,1581.7,1581.55,1581.55,-0.01,21.9,34631.01,-1
2025-06-08,2025-06-08 13:55:00,1581.55,1581.55,1581.4,1581.4,-0.01,21.9,34631.01,-1
2025-06-08,2025-06-08 13:56:00,1581.4,1581.4,1581.26,1581.26,-0.01,21.9,34631.01,-1
2025-06-08,2025-06-08 13:57:00,1581.26,1581.26,1581.11,1581.11,-0.01,21.9,34631.01,-1
2025-06-08,2025-06-08 13:58:00,1581.11,1581.11,1580.96,1580.96,-0.01,21.9,34631.01,-1
2025-06-08,2025-06-08 13:59:00,1580.96,1580.96,1580.81,1580.81,-0.01,21.9,34631.01,-1
2025-06-08,2025-06-08 14:00:00,1580.81,1580.81,1580.66,1580.66,-0.01,21.9,34631.01,-1
2025-06-08,2025-06-08 14:01:00,1580.66,1580.66,1580.52,1580.52,-0.01,21.9,34631.01,-1
2025-06-08,2025-06-08 14:02:00,1580.52,1580.52,1580.37,1580.37,-0.01,21.9,34631.01,-1
2025-06-08,2025-06-08 14:03:00,1580.37,1580.37,1580.22,1580.22,-0.01,21.9,34631.01,-1
2025-06-08,2025-06-08 14:04:00,1580.22,1580.22,1580.07,1580.07,-0.01,21.9,34631.01,-1
2025-06-08,2025-06-08 14:05:00,1580.07,1580.07,1579.93,1579.93,-0.01,21.9,34631.01,-1
2025-06-08,2025-06-08 14:06:00,1579.93,1579.93,1579.78,1579.78,-0.01,21.9,34631.01,-1
2025-06-08,2025-06-08 14:07:00,1579.78,1579.78,1579.63,1579.63,-0.01,21.9,34631.01,-1
2025-06-08,2025-06-08 14:08:00,1579.63,1579.63,1579.48,1579.48,-0.01,21.9,34631.01,-1
2025-06-08,2025-06-08 14:09:00,1579.48,1579.48,1579.34,1579.34,-0.01,21.9,34631.01,-1
2025-06-08,2025-06-08 14:10:00,1579.34,1579.34,1579.19,1579.19,-0.01,21.9,34631.01,-1
2025-06-08,2025-06-08 14:11:00,1579.19,1579.19,1579.04,1579.04,-0.01,21.9,34631.01,-1
2025-06-08,2025-06-08 14:12:00,1579.04,1579.04,1578.89,1578.89,-0.01,21.9,34631.01,-1
2025-06-08,2025-06-08 14:13:00,1578.89,1578.89,1578.74,1578.74,-0.01,21.9,34631.01,-1
2025-06-08,2025-06-08 14:14:00,1578.74,1578.74,1578.6,1578.6,-0.01,21.9,34631.01,-1
2025-06-08,2025-06-08 14:15:00,1578.6,1578.6,1578.45,1578.45,-0.01,21.9,34631.01,-1
2025-06-08,2025-06-08 14:16:00,1578.45,1578.45,1578.3,1578.3,-0.01,21.9,34631.01,-1
2025-06-08,2025-06-08 14:17:00,1578.3,1578.3,1578.15,1578.15,-0.01,21.9,34631.01,-1
2025-06-08,2025-06-08 14:18:00,1578.15,1578.15,1578.01,1578.01,-0.01,21.9,34631.01,-1
2025-06-08,2025-06-08 14:19:00,1578.01,1578.01,1577.86,1577.86,-0.01,21.9,34631.01,-1
2025-06-08,2025-06-08 14:20:00,1577.86,1577.86,1577.71,1577.71,-0.01,21.9,34631.01,-1
2025-06-08,2025-06-08 14:21:00,1577.71,1577.71,1577.56,1577.56,-0.01,21.9,34631.01,-1
2025-06-08,2025-06-08 14:22:00,1577.56,1577.56,1577.42,1577.42,-0.01,21.9,34631.01,-1
2025-06-08,2025-06-08 14:23:00,1577.42,1577.42,1577.27,1577.27,-0.01,21.9,34631.01,-1
2025-06-08,2025-06-08 14:24:00,1577.27,1577.27,1577.12,1577.12,-0.01,21.9,34631.01,-1
2025-06-08,2025-06-08 14:25:00,1577.12,1577.12,1576.97,1576.97,-0.01,21.9,34631.01,-1
2025-06-08,2025-06-08 14:26:00,1576.97,1576.97,1576.82,1576.82,-0.01,21.9,34631.01,-1
2025-06-08,2025-06-08 14:27:00,1576.82,1576.82,1576.68,1576.68,-0.01,21.9,34631.01,-1
2025-06-08,2025-06-08 14:28:00,1576.68,1576.68,1576.53,1576.53,-0.01,21.9,34631.01,-1
2025-06-08,2025-06-08 14:29:00,1576.53,1576.53,1576.38,1576.38,-0.01,21.9,34631.01,-1
2025-06-08,2025-06-08 14:30:00,1576.38,1576.38,1576.23,1576.23,-0.01,21.9,34631.01,-1
2025-06-08,2025-06-08 14:31:00,1576.23,1576.23,1576.09,1576.09,-0.01,21.9,34631.01,-1
2025-06-08,2025-06-08 14:32:00,1576.09,1576.09,1575.94,1575.94,-0.01,21.9,34631.01,-1
2025-06-08,2025-06-08 14:33:00,1575.94,1575.94,1575.79,1575.79,-0.01,21.9,34631.01,-1
2025-06-08,2025-06-08 14:34:00,1575.79,1575.79,1575.64,1575.64,-0.01,21.9,34631.01,-1
2025-06-08,2025-06-08 14:35:00,1575.64,1575.64,1575.5,1575.5,-0.01,21.9,34631.01,-1
2025-06-08,2025-06-08 14:36:00,1575.5,1575.5,1575.35,1575.35,-0.01,21.9,34631.01,-1
2025-06-08,2025-06-08 14:37:00,1575.35,1575.35,1575.2,1575.2,-0.01,21.9,34631.01,-1
2025-06-08,2025-06-08 14:38:00,1575.2,1575.2,1575.05,1575.05,-0.01,21.9,34631.01,-1
2025-06-08,2025-06-08 14:39:00,1575.05,1575.05,1574.9,1574.9,-0.01,21.9,34631.01,-1
2025-06-08,2025-06-08 14:40:00,1574.9,1574.9,1574.76,1574.76,-0.01,21.9,34631.01,-1
2025-06-08,2025-06-08 14:41:00,1574.76,1574.76,1574.61,1574.61,-0.01,21.9,34631.01,-1
2025-06-08,2025-06-08 14:42:00,1574.61,1574.61,1574.46,1574.46,-0.01,21.9,34631.01,-1
2025-06-08,2025-06-08 14:43:00,1574.46,1574.46,1574.31,1574.31,-0.01,21.9,34631.01,-1
2025-06-08,2025-06-08 14:44:00,1574.31,1574.31,1574.17,1574.17,-0.01,21.9,34631.01,-1
2025-06-08,2025-06-08 14:45:00,1574.17,1574.17,1574.02,1574.02,-0.01,21.9,34631.01,-1
2025-06-08,2025-06-08 14:46:00,1574.02,1574.02,1573.87,1573.87,-0.01,21.9,34631.01,-1
2025-06-08,2025-06-08 14:47:00,1573.87,1573.87,1573.72,1573.72,-0.01,21.9,34631.01,-1
2025-06-08,2025-06-08 14:48:00,1573.72,1573.72,1573.57,1573.57,-0.01,21.9,34631.01,-1
2025-06-08,2025-06-08 14:49:00,1573.57,1573.57,1573.43,1573.43,-0.01,21.9,34631.01,-1
2025-06-08,2025-06-08 14:50:00,1573.43,1573.43,1573.28,1573.28,-0.01,21.9,34631.01,-1
2025-06-08,2025-06-08 14:51:00,1573.28,1573.28,1573.13,1573.13,-0.01,21.9,34631.01,-1
2025-06-08,2025-06-08 14:52:00,1573.13,1573.13,1572.98,1572.98,-0.01,21.9,34631.01,-1
2025-06-08,2025-06-08 14:53:00,1572.98,1572.98,1572.84,1572.84,-0.01,21.9,34631.01,-1
2025-06-08,2025-06-08 14:54:00,1572.84,1572.84,1572.69,1572.69,-0.01,21.9,34631.01,-1
2025-06-08,2025-06-08 14:55:00,1572.69,1572.69,1572.54,1572.54,-0.01,21.9,34631.01,-1
2025-06-08,2025-06-08 14:56:00,1572.54,1572.54,1572.39,1572.39,-0.01,21.9,34631.01,-1
2025-06-08,2025-06-08 14:57:00,1572.39,1572.39,1572.25,1572.25,-0.01,21.9,34631.01,-1
2025-06-08,2025-06-08 14:58:00,1572.25,1572.25,1572.1,1572.1,-0.01,21.9,34631.01,-1
2025-06-08,2025-06-08 14:59:00,1572.1,1572.1,1571.95,1571.95,-0.01,21.9,34631.01,-1
2025-06-08,2025-06-08 15:00:00,1571.95,1607.4,1568.0,1571.95,0.0,21.9,34631.01,0
2025-06-09,2025-06-09 11:00:00,1565.1,1614.27,1565.1,1565.54,0.03,24.49,40029.31,1
2025-06-09,2025-06-09 11:01:00,1565.54,1565.99,1565.54,1565.99,0.03,24.49,40029.31,1
2025-06-09,2025-06-09 11:02:00,1565.99,1566.43,1565.99,1566.43,0.03,24.49,40029.31,1
2025-06-09,2025-06-09 11:03:00,1566.43,1566.88,1566.43,1566.88,0.03,24.49,40029.31,1
2025-06-09,2025-06-09 11:04:00,1566.88,1567.32,1566.88,1567.32,0.03,24.49,40029.31,1
2025-06-09,2025-06-09 11:05:00,1567.32,1567.77,1567.32,1567.77,0.03,24.49,40029.31,1
2025-06-09,2025-06-09 11:06:00,1567.77,1568.21,1567.77,1568.21,0.03,24.49,40029.31,1
2025-06-09,2025-06-09 11:07:00,1568.21,1568.66,1568.21,1568.66,0.03,24.49,40029.31,1
2025-06-09,2025-06-09 11:08:00,1568.66,1569.1,1568.66,1569.1,0.03,24.49,40029.31,1
2025-06-09,2025-06-09 11:09:00,1569.1,1569.54,1569.1,1569.54,0.03,24.49,40029.31,1
2025-06-09,2025-06-09 11:10:00,1569.54,1569.99,1569.54,1569.99,0.03,24.49,40029.31,1
2025-06-09,2025-06-09 11:11:00,1569.99,1570.43,1569.99,1570.43,0.03,24.49,40029.31,1
2025-06-09,2025-06-09 11:12:00,1570.43,1570.88,1570.43,1570.88,0.03,24.49,40029.31,1
2025-06-09,2025-06-09 11:13:00,1570.88,1571.32,1570.88,1571.32,0.03,24.49,40029.31,1
2025-06-09,2025-06-09 11:14:00,1571.32,1571.77,1571.32,1571.77,0.03,24.49,40029.31,1
2025-06-09,2025-06-09 11:15:00,1571.77,1572.21,1571.77,1572.21,0.03,24.49,40029.31,1
2025-06-09,2025-06-09 11:16:00,1572.21,1572.66,1572.21,1572.66,0.03,24.49,40029.31,1
2025-06-09,2025-06-09 11:17:00,1572.66,1573.1,1572.66,1573.1,0.03,24.49,40029.31,1
2025-06-09,2025-06-09 11:18:00,1573.1,1573.54,1573.1,1573.54,0.03,24.49,40029.31,1
2025-06-09,2025-06-09 11:19:00,1573.54,1573.99,1573.54,1573.99,0.03,24.49,40029.31,1
2025-06-09,2025-06-09 11:20:00,1573.99,1574.43,1573.99,1574.43,0.03,24.49,40029.31,1
2025-06-09,2025-06-09 11:21:00,1574.43,1574.88,1574.43,1574.88,0.03,24.49,40029.31,1
2025-06-09,2025-06-09 11:22:00,1574.88,1575.32,1574.88,1575.32,0.03,24.49,40029.31,1
2025-06-09,2025-06-09 11:23:00,1575.32,1575.77,1575.32,1575.77,0.03,24.49,40029.31,1
2025-06-09,2025-06-09 11:24:00,1575.77,1576.21,1575.77,1576.21,0.03,24.49,40029.31,1
2025-06-09,2025-06-09 11:25:00,1576.21,1576.65,1576.21,1576.65,0.03,24.49,40029.31,1
2025-06-09,2025-06-09 11:26:00,1576.65,1577.1,1576.65,1577.1,0.03,24.49,40029.31,1
2025-06-09,2025-06-09 11:27:00,1577.1,1577.54,1577.1,1577.54,0.03,24.49,40029.31,1
2025-06-09,2025-06-09 11:28:00,1577.54,1577.99,1577.54,1577.99,0.03,24.49,40029.31,1
2025-06-09,2025-06-09 11:29:00,1577.99,1578.43,1577.99,1578.43,0.03,24.49,40029.31,1
2025-06-09,2025-06-09 11:30:00,1578.43,1578.88,1578.43,1578.88,0.03,24.49,40029.31,1
2025-06-09,2025-06-09 11:31:00,1578.88,1579.32,1578.88,1579.32,0.03,24.49,40029.31,1
2025-06-09,2025-06-09 11:32:00,1579.32,1579.77,1579.32,1579.77,0.03,24.49,40029.31,1
2025-06-09,2025-06-09 11:33:00,1579.77,1580.21,1579.77,1580.21,0.03,24.49,40029.31,1
2025-06-09,2025-06-09 11:34:00,1580.21,1580.65,1580.21,1580.65,0.03,24.49,40029.31,1
2025-06-09,2025-06-09 11:35:00,1580.65,1581.1,1580.65,1581.1,0.03,24.49,40029.31,1
2025-06-09,2025-06-09 11:36:00,1581.1,1581.54,1581.1,1581.54,0.03,24.49,40029.31,1
2025-06-09,2025-06-09 11:37:00,1581.54,1581.99,1581.54,1581.99,0.03,24.49,40029.31,1
2025-06-09,2025-06-09 11:38:00,1581.99,1582.43,1581.99,1582.43,0.03,24.49,40029.31,1
2025-06-09,2025-06-09 11:39:00,1582.43,1582.88,1582.43,1582.88,0.03,24.49,40029.31,1
2025-06-09,2025-06-09 11:40:00,1582.88,1583.32,1582.88,1583.32,0.03,24.49,40029.31,1
2025-06-09,2025-06-09 11:41:00,1583.32,1583.77,1583.32,1583.77,0.03,24.49,40029.31,1
2025-06-09,2025-06-09 11:42:00,1583.77,1584.21,1583.77,1584.21,0.03,24.49,40029.31,1
2025-06-09,2025-06-09 11:43:00,1584.21,1584.65,1584.21,1584.65,0.03,24.49,40029.31,1
2025-06-09,2025-06-09 11:44:00,1584.65,1585.1,1584.65,1585.1,0.03,24.49,40029.31,1
2025-06-09,2025-06-09 11:45:00,1585.1,1585.54,1585.1,1585.54,0.03,24.49,40029.31,1
2025-06-09,2025-06-09 11:46:00,1585.54,1585.99,1585.54,1585.99,0.03,24.49,40029.31,1
2025-06-09,2025-06-09 11:47:00,1585.99,1586.43,1585.99,1586.43,0.03,24.49,40029.31,1
2025-06-09,2025-06-09 11:48:00,1586.43,1586.88,1586.43,1586.88,0.03,24.49,40029.31,1
2025-06-09,2025-06-09 11:49:00,1586.88,1587.32,1586.88,1587.32,0.03,24.49,40029.31,1
2025-06-09,2025-06-09 11:50:00,1587.32,1587.77,1587.32,1587.77,0.03,24.49,40029.31,1
2025-06-09,2025-06-09 11:51:00,1587.77,1588.21,1587.77,1588.21,0.03,24.49,40029.31,1
2025-06-09,2025-06-09 11:52:00,1588.21,1588.65,1588.21,1588.65,0.03,24.49,40029.31,1
2025-06-09,2025-06-09 11:53:00,1588.65,1589.1,1588.65,1589.1,0.03,24.49,40029.31,1
2025-06-09,2025-06-09 11:54:00,1589.1,1589.54,1589.1,1589.54,0.03,24.49,40029.31,1
2025-06-09,2025-06-09 11:55:00,1589.54,1589.99,1589.54,1589.99,0.03,24.49,40029.31,1
2025-06-09,2025-06-09 11:56:00,1589.99,1590.43,1589.99,1590.43,0.03,24.49,40029.31,1
2025-06-09,2025-06-09 11:57:00,1590.43,1590.88,1590.43,1590.88,0.03,24.49,40029.31,1
2025-06-09,2025-06-09 11:58:00,1590.88,1591.32,1590.88,1591.32,0.03,24.49,40029.31,1
2025-06-09,2025-06-09 11:59:00,1591.32,1591.76,1591.32,1591.76,0.03,24.49,40029.31,1
2025-06-09,2025-06-09 12:00:00,1591.76,1592.21,1591.76,1592.21,0.03,24.49,40029.31,1
2025-06-09,2025-06-09 12:01:00,1592.21,1592.65,1592.21,1592.65,0.03,24.49,40029.31,1
2025-06-09,2025-06-09 12:02:00,1592.65,1593.1,1592.65,1593.1,0.03,24.49,40029.31,1
2025-06-09,2025-06-09 12:03:00,1593.1,1593.54,1593.1,1593.54,0.03,24.49,40029.31,1
2025-06-09,2025-06-09 12:04:00,1593.54,1593.99,1593.54,1593.99,0.03,24.49,40029.31,1
2025-06-09,2025-06-09 12:05:00,1593.99,1594.43,1593.99,1594.43,0.03,24.49,40029.31,1
2025-06-09,2025-06-09 12:06:00,1594.43,1594.88,1594.43,1594.88,0.03,24.49,40029.31,1
2025-06-09,2025-06-09 12:07:00,1594.88,1595.32,1594.88,1595.32,0.03,24.49,40029.31,1
2025-06-09,2025-06-09 12:08:00,1595.32,1595.76,1595.32,1595.76,0.03,24.49,40029.31,1
2025-06-09,2025-06-09 12:09:00,1595.76,1596.21,1595.76,1596.21,0.03,24.49,40029.31,1
2025-06-09,2025-06-09 12:10:00,1596.21,1596.65,1596.21,1596.65,0.03,24.49,40029.31,1
2025-06-09,2025-06-09 12:11:00,1596.65,1597.1,1596.65,1597.1,0.03,24.49,40029.31,1
2025-06-09,2025-06-09 12:12:00,1597.1,1597.54,1597.1,1597.54,0.03,24.49,40029.31,1
2025-06-09,2025-06-09 12:13:00,1597.54,1597.99,1597.54,1597.99,0.03,24.49,40029.31,1
2025-06-09,2025-06-09 12:14:00,1597.99,1598.43,1597.99,1598.43,0.03,24.49,40029.31,1
2025-06-09,2025-06-09 12:15:00,1598.43,1598.88,1598.43,1598.88,0.03,24.49,40029.31,1
2025-06-09,2025-06-09 12:16:00,1598.88,1599.32,1598.88,1599.32,0.03,24.49,40029.31,1
2025-06-09,2025-06-09 12:17:00,1599.32,1599.76,1599.32,1599.76,0.03,24.49,40029.31,1
2025-06-09,2025-06-09 12:18:00,1599.76,1600.21,1599.76,1600.21,0.03,24.49,40029.31,1
2025-06-09,2025-06-09 12:19:00,1600.21,1600.65,1600.21,1600.65,0.03,24.49,40029.31,1
2025-06-09,2025-06-09 12:20:00,1600.65,1601.1,1600.65,1601.1,0.03,24.49,40029.31,1
2025-06-09,2025-06-09 12:21:00,1601.1,1601.54,1601.1,1601.54,0.03,24.49,40029.31,1
2025-06-09,2025-06-09 12:22:00,1601.54,1601.99,1601.54,1601.99,0.03,24.49,40029.31,1
2025-06-09,2025-06-09 12:23:00,1601.99,1602.43,1601.99,1602.43,0.03,24.49,40029.31,1
2025-06-09,2025-06-09 12:24:00,1602.43,1602.88,1602.43,1602.88,0.03,24.49,40029.31,1
2025-06-09,2025-06-09 12:25:00,1602.88,1603.32,1602.88,1603.32,0.03,24.49,40029.31,1
2025-06-09,2025-06-09 12:26:00,1603.32,1603.76,1603.32,1603.76,0.03,24.49,40029.31,1
2025-06-09,2025-06-09 12:27:00,1603.76,1604.21,1603.76,1604.21,0.03,24.49,40029.31,1
2025-06-09,2025-06-09 12:28:00,1604.21,1604.65,1604.21,1604.65,0.03,24.49,40029.31,1
2025-06-09,2025-06-09 12:29:00,1604.65,1605.1,1604.65,1605.1,0.03,24.49,40029.31,1
2025-06-09,2025-06-09 12:30:00,1605.1,1605.54,1605.1,1605.54,0.03,24.49,40029.31,1
2025-06-09,2025-06-09 12:31:00,1605.54,1605.99,1605.54,1605.99,0.03,24.49,40029.31,1
2025-06-09,2025-06-09 12:32:00,1605.99,1606.43,1605.99,1606.43,0.03,24.49,40029.31,1
2025-06-09,2025-06-09 12:33:00,1606.43,1606.88,1606.43,1606.88,0.03,24.49,40029.31,1
2025-06-09,2025-06-09 12:34:00,1606.88,1607.32,1606.88,1607.32,0.03,24.49,40029.31,1
2025-06-09,2025-06-09 12:35:00,1607.32,1607.76,1607.32,1607.76,0.03,24.49,40029.31,1
2025-06-09,2025-06-09 12:36:00,1607.76,1608.21,1607.76,1608.21,0.03,24.49,40029.31,1
2025-06-09,2025-06-09 12:37:00,1608.21,1608.65,1608.21,1608.65,0.03,24.49,40029.31,1
2025-06-09,2025-06-09 12:38:00,1608.65,1609.1,1608.65,1609.1,0.03,24.49,40029.31,1
2025-06-09,2025-06-09 12:39:00,1609.1,1609.54,1609.1,1609.54,0.03,24.49,40029.31,1
2025-06-09,2025-06-09 12:40:00,1609.54,1609.99,1609.54,1609.99,0.03,24.49,40029.31,1
2025-06-09,2025-06-09 12:41:00,1609.99,1610.43,1609.99,1610.43,0.03,24.49,40029.31,1
2025-06-09,2025-06-09 12:42:00,1610.43,1610.87,1610.43,1610.87,0.03,24.49,40029.31,1
2025-06-09,2025-06-09 12:43:00,1610.87,1611.32,1610.87,1611.32,0.03,24.49,40029.31,1
2025-06-09,2025-06-09 12:44:00,1611.32,1611.76,1611.32,1611.76,0.03,24.49,40029.31,1
2025-06-09,2025-06-09 12:45:00,1611.76,1612.21,1611.76,1612.21,0.03,24.49,40029.31,1
2025-06-09,2025-06-09 12:46:00,1612.21,1612.65,1612.21,1612.65,0.03,24.49,40029.31,1
2025-06-09,2025-06-09 12:47:00,1612.65,1613.1,1612.65,1613.1,0.03,24.49,40029.31,1
2025-06-09,2025-06-09 12:48:00,1613.1,1613.54,1613.1,1613.54,0.03,24.49,40029.31,1
2025-06-09,2025-06-09 12:49:00,1613.54,1613.99,1613.54,1613.99,0.03,24.49,40029.31,1
2025-06-09,2025-06-09 12:50:00,1613.99,1614.43,1613.99,1614.43,0.03,24.49,40029.31,1
2025-06-09,2025-06-09 12:51:00,1614.43,1614.87,1614.43,1614.87,0.03,24.49,40029.31,1
2025-06-09,2025-06-09 12:52:00,1614.87,1615.32,1614.87,1615.32,0.03,24.49,40029.31,1
2025-06-09,2025-06-09 12:53:00,1615.32,1615.76,1615.32,1615.76,0.03,24.49,40029.31,1
2025-06-09,2025-06-09 12:54:00,1615.76,1616.21,1615.76,1616.21,0.03,24.49,40029.31,1
2025-06-09,2025-06-09 12:55:00,1616.21,1616.65,1616.21,1616.65,0.03,24.49,40029.31,1
2025-06-09,2025-06-09 12:56:00,1616.65,1617.1,1616.65,1617.1,0.03,24.49,40029.31,1
2025-06-09,2025-06-09 12:57:00,1617.1,1617.54,1617.1,1617.54,0.03,24.49,40029.31,1
2025-06-09,2025-06-09 12:58:00,1617.54,1617.99,1617.54,1617.99,0.03,24.49,40029.31,1
2025-06-09,2025-06-09 12:59:00,1617.99,1618.43,1617.99,1618.43,0.03,24.49,40029.31,1
2025-06-09,2025-06-09 13:00:00,1618.43,1729.0,1565.1,1618.87,0.03,24.49,40029.31,1
2025-06-09,2025-06-09 13:01:00,1618.87,1619.32,1618.87,1619.32,0.03,24.49,40029.31,1
2025-06-09,2025-06-09 13:02:00,1619.32,1619.76,1619.32,1619.76,0.03,24.49,40029.31,1
2025-06-09,2025-06-09 13:03:00,1619.76,1620.21,1619.76,1620.21,0.03,24.49,40029.31,1
2025-06-09,2025-06-09 13:04:00,1620.21,1620.65,1620.21,1620.65,0.03,24.49,40029.31,1
2025-06-09,2025-06-09 13:05:00,1620.65,1621.1,1620.65,1621.1,0.03,24.49,40029.31,1
2025-06-09,2025-06-09 13:06:00,1621.1,1621.54,1621.1,1621.54,0.03,24.49,40029.31,1
2025-06-09,2025-06-09 13:07:00,1621.54,1621.99,1621.54,1621.99,0.03,24.49,40029.31,1
2025-06-09,2025-06-09 13:08:00,1621.99,1622.43,1621.99,1622.43,0.03,24.49,40029.31,1
2025-06-09,2025-06-09 13:09:00,1622.43,1622.87,1622.43,1622.87,0.03,24.49,40029.31,1
2025-06-09,2025-06-09 13:10:00,1622.87,1623.32,1622.87,1623.32,0.03,24.49,40029.31,1
2025-06-09,2025-06-09 13:11:00,1623.32,1623.76,1623.32,1623.76,0.03,24.49,40029.31,1
2025-06-09,2025-06-09 13:12:00,1623.76,1624.21,1623.76,1624.21,0.03,24.49,40029.31,1
2025-06-09,2025-06-09 13:13:00,1624.21,1624.65,1624.21,1624.65,0.03,24.49,40029.31,1
2025-06-09,2025-06-09 13:14:00,1624.65,1625.1,1624.65,1625.1,0.03,24.49,40029.31,1
2025-06-09,2025-06-09 13:15:00,1625.1,1625.54,1625.1,1625.54,0.03,24.49,40029.31,1
2025-06-09,2025-06-09 13:16:00,1625.54,1625.99,1625.54,1625.99,0.03,24.49,40029.31,1
2025-06-09,2025-06-09 13:17:00,1625.99,1626.43,1625.99,1626.43,0.03,24.49,40029.31,1
2025-06-09,2025-06-09 13:18:00,1626.43,1626.87,1626.43,1626.87,0.03,24.49,40029.31,1
2025-06-09,2025-06-09 13:19:00,1626.87,1627.32,1626.87,1627.32,0.03,24.49,40029.31,1
2025-06-09,2025-06-09 13:20:00,1627.32,1627.76,1627.32,1627.76,0.03,24.49,40029.31,1
2025-06-09,2025-06-09 13:21:00,1627.76,1628.21,1627.76,1628.21,0.03,24.49,40029.31,1
2025-06-09,2025-06-09 13:22:00,1628.21,1628.65,1628.21,1628.65,0.03,24.49,40029.31,1
2025-06-09,2025-06-09 13:23:00,1628.65,1629.1,1628.65,1629.1,0.03,24.49,40029.31,1
2025-06-09,2025-06-09 13:24:00,1629.1,1629.54,1629.1,1629.54,0.03,24.49,40029.31,1
2025-06-09,2025-06-09 13:25:00,1629.54,1629.98,1629.54,1629.98,0.03,24.49,40029.31,1
2025-06-09,2025-06-09 13:26:00,1629.98,1630.43,1629.98,1630.43,0.03,24.49,40029.31,1
2025-06-09,2025-06-09 13:27:00,1630.43,1630.87,1630.43,1630.87,0.03,24.49,40029.31,1
2025-06-09,2025-06-09 13:28:00,1630.87,1631.32,1630.87,1631.32,0.03,24.49,40029.31,1
2025-06-09,2025-06-09 13:29:00,1631.32,1631.76,1631.32,1631.76,0.03,24.49,40029.31,1
2025-06-09,2025-06-09 13:30:00,1631.76,1632.21,1631.76,1632.21,0.03,24.49,40029.31,1
2025-06-09,2025-06-09 13:31:00,1632.21,1632.65,1632.21,1632.65,0.03,24.49,40029.31,1
2025-06-09,2025-06-09 13:32:00,1632.65,1633.1,1632.65,1633.1,0.03,24.49,40029.31,1
2025-06-09,2025-06-09 13:33:00,1633.1,1633.54,1633.1,1633.54,0.03,24.49,40029.31,1
2025-06-09,2025-06-09 13:34:00,1633.54,1633.98,1633.54,1633.98,0.03,24.49,40029.31,1
2025-06-09,2025-06-09 13:35:00,1633.98,1634.43,1633.98,1634.43,0.03,24.49,40029.31,1
2025-06-09,2025-06-09 13:36:00,1634.43,1634.87,1634.43,1634.87,0.03,24.49,40029.31,1
2025-06-09,2025-06-09 13:37:00,1634.87,1635.32,1634.87,1635.32,0.03,24.49,40029.31,1
2025-06-09,2025-06-09 13:38:00,1635.32,1635.76,1635.32,1635.76,0.03,24.49,40029.31,1
2025-06-09,2025-06-09 13:39:00,1635.76,1636.21,1635.76,1636.21,0.03,24.49,40029.31,1
2025-06-09,2025-06-09 13:40:00,1636.21,1636.65,1636.21,1636.65,0.03,24.49,40029.31,1
2025-06-09,2025-06-09 13:41:00,1636.65,1637.1,1636.65,1637.1,0.03,24.49,40029.31,1
2025-06-09,2025-06-09 13:42:00,1637.1,1637.54,1637.1,1637.54,0.03,24.49,40029.31,1
2025-06-09,2025-06-09 13:43:00,1637.54,1637.98,1637.54,1637.98,0.03,24.49,40029.31,1
2025-06-09,2025-06-09 13:44:00,1637.98,1638.43,1637.98,1638.43,0.03,24.49,40029.31,1
2025-06-09,2025-06-09 13:45:00,1638.43,1638.87,1638.43,1638.87,0.03,24.49,40029.31,1
2025-06-09,2025-06-09 13:46:00,1638.87,1639.32,1638.87,1639.32,0.03,24.49,40029.31,1
2025-06-09,2025-06-09 13:47:00,1639.32,1639.76,1639.32,1639.76,0.03,24.49,40029.31,1
2025-06-09,2025-06-09 13:48:00,1639.76,1640.21,1639.76,1640.21,0.03,24.49,40029.31,1
2025-06-09,2025-06-09 13:49:00,1640.21,1640.65,1640.21,1640.65,0.03,24.49,40029.31,1
2025-06-09,2025-06-09 13:50:00,1640.65,1641.1,1640.65,1641.1,0.03,24.49,40029.31,1
2025-06-09,2025-06-09 13:51:00,1641.1,1641.54,1641.1,1641.54,0.03,24.49,40029.31,1
2025-06-09,2025-06-09 13:52:00,1641.54,1641.98,1641.54,1641.98,0.03,24.49,40029.31,1
2025-06-09,2025-06-09 13:53:00,1641.98,1642.43,1641.98,1642.43,0.03,24.49,40029.31,1
2025-06-09,2025-06-09 13:54:00,1642.43,1642.87,1642.43,1642.87,0.03,24.49,40029.31,1
2025-06-09,2025-06-09 13:55:00,1642.87,1643.32,1642.87,1643.32,0.03,24.49,40029.31,1
2025-06-09,2025-06-09 13:56:00,1643.32,1643.76,1643.32,1643.76,0.03,24.49,40029.31,1
2025-06-09,2025-06-09 13:57:00,1643.76,1644.21,1643.76,1644.21,0.03,24.49,40029.31,1
2025-06-09,2025-06-09 13:58:00,1644.21,1644.65,1644.21,1644.65,0.03,24.49,40029.31,1
2025-06-09,2025-06-09 13:59:00,1644.65,1645.1,1644.65,1645.1,0.03,24.49,40029.31,1
2025-06-09,2025-06-09 14:00:00,1645.1,1645.54,1645.1,1645.54,0.03,24.49,40029.31,1
2025-06-09,2025-06-09 14:01:00,1645.54,1645.98,1645.54,1645.98,0.03,24.49,40029.31,1
2025-06-09,2025-06-09 14:02:00,1645.98,1646.43,1645.98,1646.43,0.03,24.49,40029.31,1
2025-06-09,2025-06-09 14:03:00,1646.43,1646.87,1646.43,1646.87,0.03,24.49,40029.31,1
2025-06-09,2025-06-09 14:04:00,1646.87,1647.32,1646.87,1647.32,0.03,24.49,40029.31,1
2025-06-09,2025-06-09 14:05:00,1647.32,1647.76,1647.32,1647.76,0.03,24.49,40029.31,1
2025-06-09,2025-06-09 14:06:00,1647.76,1648.21,1647.76,1648.21,0.03,24.49,40029.31,1
2025-06-09,2025-06-09 14:07:00,1648.21,1648.65,1648.21,1648.65,0.03,24.49,40029.31,1
2025-06-09,2025-06-09 14:08:00,1648.65,1649.09,1648.65,1649.09,0.03,24.49,40029.31,1
2025-06-09,2025-06-09 14:09:00,1649.09,1649.54,1649.09,1649.54,0.03,24.49,40029.31,1
2025-06-09,2025-06-09 14:10:00,1649.54,1649.98,1649.54,1649.98,0.03,24.49,40029.31,1
2025-06-09,2025-06-09 14:11:00,1649.98,1650.43,1649.98,1650.43,0.03,24.49,40029.31,1
2025-06-09,2025-06-09 14:12:00,1650.43,1650.87,1650.43,1650.87,0.03,24.49,40029.31,1
2025-06-09,2025-06-09 14:13:00,1650.87,1651.32,1650.87,1651.32,0.03,24.49,40029.31,1
2025-06-09,2025-06-09 14:14:00,1651.32,1651.76,1651.32,1651.76,0.03,24.49,40029.31,1
2025-06-09,2025-06-09 14:15:00,1651.76,1652.21,1651.76,1652.21,0.03,24.49,40029.31,1
2025-06-09,2025-06-09 14:16:00,1652.21,1652.65,1652.21,1652.65,0.03,24.49,40029.31,1
2025-06-09,2025-06-09 14:17:00,1652.65,1653.09,1652.65,1653.09,0.03,24.49,40029.31,1
2025-06-09,2025-06-09 14:18:00,1653.09,1653.54,1653.09,1653.54,0.03,24.49,40029.31,1
2025-06-09,2025-06-09 14:19:00,1653.54,1653.98,1653.54,1653.98,0.03,24.49,40029.31,1
2025-06-09,2025-06-09 14:20:00,1653.98,1654.43,1653.98,1654.43,0.03,24.49,40029.31,1
2025-06-09,2025-06-09 14:21:00,1654.43,1654.87,1654.43,1654.87,0.03,24.49,40029.31,1
2025-06-09,2025-06-09 14:22:00,1654.87,1655.32,1654.87,1655.32,0.03,24.49,40029.31,1
2025-06-09,2025-06-09 14:23:00,1655.32,1655.76,1655.32,1655.76,0.03,24.49,40029.31,1
2025-06-09,2025-06-09 14:24:00,1655.76,1656.21,1655.76,1656.21,0.03,24.49,40029.31,1
2025-06-09,2025-06-09 14:25:00,1656.21,1656.65,1656.21,1656.65,0.03,24.49,40029.31,1
2025-06-09,2025-06-09 14:26:00,1656.65,1657.09,1656.65,1657.09,0.03,24.49,40029.31,1
2025-06-09,2025-06-09 14:27:00,1657.09,1657.54,1657.09,1657.54,0.03,24.49,40029.31,1
2025-06-09,2025-06-09 14:28:00,1657.54,1657.98,1657.54,1657.98,0.03,24.49,40029.31,1
2025-06-09,2025-06-09 14:29:00,1657.98,1658.43,1657.98,1658.43,0.03,24.49,40029.31,1
2025-06-09,2025-06-09 14:30:00,1658.43,1658.87,1658.43,1658.87,0.03,24.49,40029.31,1
2025-06-09,2025-06-09 14:31:00,1658.87,1659.32,1658.87,1659.32,0.03,24.49,40029.31,1
2025-06-09,2025-06-09 14:32:00,1659.32,1659.76,1659.32,1659.76,0.03,24.49,40029.31,1
2025-06-09,2025-06-09 14:33:00,1659.76,1660.21,1659.76,1660.21,0.03,24.49,40029.31,1
2025-06-09,2025-06-09 14:34:00,1660.21,1660.65,1660.21,1660.65,0.03,24.49,40029.31,1
2025-06-09,2025-06-09 14:35:00,1660.65,1661.09,1660.65,1661.09,0.03,24.49,40029.31,1
2025-06-09,2025-06-09 14:36:00,1661.09,1661.54,1661.09,1661.54,0.03,24.49,40029.31,1
2025-06-09,2025-06-09 14:37:00,1661.54,1661.98,1661.54,1661.98,0.03,24.49,40029.31,1
2025-06-09,2025-06-09 14:38:00,1661.98,1662.43,1661.98,1662.43,0.03,24.49,40029.31,1
2025-06-09,2025-06-09 14:39:00,1662.43,1662.87,1662.43,1662.87,0.03,24.49,40029.31,1
2025-06-09,2025-06-09 14:40:00,1662.87,1663.32,1662.87,1663.32,0.03,24.49,40029.31,1
2025-06-09,2025-06-09 14:41:00,1663.32,1663.76,1663.32,1663.76,0.03,24.49,40029.31,1
2025-06-09,2025-06-09 14:42:00,1663.76,1664.2,1663.76,1664.2,0.03,24.49,40029.31,1
2025-06-09,2025-06-09 14:43:00,1664.2,1664.65,1664.2,1664.65,0.03,24.49,40029.31,1
2025-06-09,2025-06-09 14:44:00,1664.65,1665.09,1664.65,1665.09,0.03,24.49,40029.31,1
2025-06-09,2025-06-09 14:45:00,1665.09,1665.54,1665.09,1665.54,0.03,24.49,40029.31,1
2025-06-09,2025-06-09 14:46:00,1665.54,1665.98,1665.54,1665.98,0.03,24.49,40029.31,1
2025-06-09,2025-06-09 14:47:00,1665.98,1666.43,1665.98,1666.43,0.03,24.49,40029.31,1
2025-06-09,2025-06-09 14:48:00,1666.43,1666.87,1666.43,1666.87,0.03,24.49,40029.31,1
2025-06-09,2025-06-09 14:49:00,1666.87,1667.32,1666.87,1667.32,0.03,24.49,40029.31,1
2025-06-09,2025-06-09 14:50:00,1667.32,1667.76,1667.32,1667.76,0.03,24.49,40029.31,1
2025-06-09,2025-06-09 14:51:00,1667.76,1668.2,1667.76,1668.2,0.03,24.49,40029.31,1
2025-06-09,2025-06-09 14:52:00,1668.2,1668.65,1668.2,1668.65,0.03,24.49,40029.31,1
2025-06-09,2025-06-09 14:53:00,1668.65,1669.09,1668.65,1669.09,0.03,24.49,40029.31,1
2025-06-09,2025-06-09 14:54:00,1669.09,1669.54,1669.09,1669.54,0.03,24.49,40029.31,1
2025-06-09,2025-06-09 14:55:00,1669.54,1669.98,1669.54,1669.98,0.03,24.49,40029.31,1
2025-06-09,2025-06-09 14:56:00,1669.98,1670.43,1669.98,1670.43,0.03,24.49,40029.31,1
2025-06-09,2025-06-09 14:57:00,1670.43,1670.87,1670.43,1670.87,0.03,24.49,40029.31,1
2025-06-09,2025-06-09 14:58:00,1670.87,1671.32,1670.87,1671.32,0.03,24.49,40029.31,1
2025-06-09,2025-06-09 14:59:00,1671.32,1671.76,1671.32,1671.76,0.03,24.49,40029.31,1
2025-06-09,2025-06-09 15:00:00,1671.76,1729.0,1565.1,1671.76,0.0,24.49,40029.31,0
2025-06-10,2025-06-10 11:00:00,1639.0,1679.2,1629.43,1639.17,0.01,10.07,16892.37,1
2025-06-10,2025-06-10 11:01:00,1639.17,1639.33,1639.17,1639.33,0.01,10.07,16892.37,1
2025-06-10,2025-06-10 11:02:00,1639.33,1639.5,1639.33,1639.5,0.01,10.07,16892.37,1
2025-06-10,2025-06-10 11:03:00,1639.5,1639.66,1639.5,1639.66,0.01,10.07,16892.37,1
2025-06-10,2025-06-10 11:04:00,1639.66,1639.83,1639.66,1639.83,0.01,10.07,16892.37,1
2025-06-10,2025-06-10 11:05:00,1639.83,1639.99,1639.83,1639.99,0.01,10.07,16892.37,1
2025-06-10,2025-06-10 11:06:00,1639.99,1640.16,1639.99,1640.16,0.01,10.07,16892.37,1
2025-06-10,2025-06-10 11:07:00,1640.16,1640.32,1640.16,1640.32,0.01,10.07,16892.37,1
2025-06-10,2025-06-10 11:08:00,1640.32,1640.49,1640.32,1640.49,0.01,10.07,16892.37,1
2025-06-10,2025-06-10 11:09:00,1640.49,1640.65,1640.49,1640.65,0.01,10.07,16892.37,1
2025-06-10,2025-06-10 11:10:00,1640.65,1640.82,1640.65,1640.82,0.01,10.07,16892.37,1
2025-06-10,2025-06-10 11:11:00,1640.82,1640.98,1640.82,1640.98,0.01,10.07,16892.37,1
2025-06-10,2025-06-10 11:12:00,1640.98,1641.15,1640.98,1641.15,0.01,10.07,16892.37,1
2025-06-10,2025-06-10 11:13:00,1641.15,1641.31,1641.15,1641.31,0.01,10.07,16892.37,1
2025-06-10,2025-06-10 11:14:00,1641.31,1641.48,1641.31,1641.48,0.01,10.07,16892.37,1
2025-06-10,2025-06-10 11:15:00,1641.48,1641.64,1641.48,1641.64,0.01,10.07,16892.37,1
2025-06-10,2025-06-10 11:16:00,1641.64,1641.81,1641.64,1641.81,0.01,10.07,16892.37,1
2025-06-10,2025-06-10 11:17:00,1641.81,1641.97,1641.81,1641.97,0.01,10.07,16892.37,1
2025-06-10,2025-06-10 11:18:00,1641.97,1642.14,1641.97,1642.14,0.01,10.07,16892.37,1
2025-06-10,2025-06-10 11:19:00,1642.14,1642.3,1642.14,1642.3,0.01,10.07,16892.37,1
2025-06-10,2025-06-10 11:20:00,1642.3,1642.47,1642.3,1642.47,0.01,10.07,16892.37,1
2025-06-10,2025-06-10 11:21:00,1642.47,1642.63,1642.47,1642.63,0.01,10.07,16892.37,1
2025-06-10,2025-06-10 11:22:00,1642.63,1642.8,1642.63,1642.8,0.01,10.07,16892.37,1
2025-06-10,2025-06-10 11:23:00,1642.8,1642.96,1642.8,1642.96,0.01,10.07,16892.37,1
2025-06-10,2025-06-10 11:24:00,1642.96,1643.13,1642.96,1643.13,0.01,10.07,16892.37,1
2025-06-10,2025-06-10 11:25:00,1643.13,1643.29,1643.13,1643.29,0.01,10.07,16892.37,1
2025-06-10,2025-06-10 11:26:00,1643.29,1643.46,1643.29,1643.46,0.01,10.07,16892.37,1
2025-06-10,2025-06-10 11:27:00,1643.46,1643.62,1643.46,1643.62,0.01,10.07,16892.37,1
2025-06-10,2025-06-10 11:28:00,1643.62,1643.79,1643.62,1643.79,0.01,10.07,16892.37,1
2025-06-10,2025-06-10 11:29:00,1643.79,1643.95,1643.79,1643.95,0.01,10.07,16892.37,1
2025-06-10,2025-06-10 11:30:00,1643.95,1644.12,1643.95,1644.12,0.01,10.07,16892.37,1
2025-06-10,2025-06-10 11:31:00,1644.12,1644.28,1644.12,1644.28,0.01,10.07,16892.37,1
2025-06-10,2025-06-10 11:32:00,1644.28,1644.45,1644.28,1644.45,0.01,10.07,16892.37,1
2025-06-10,2025-06-10 11:33:00,1644.45,1644.61,1644.45,1644.61,0.01,10.07,16892.37,1
2025-06-10,2025-06-10 11:34:00,1644.61,1644.78,1644.61,1644.78,0.01,10.07,16892.37,1
2025-06-10,2025-06-10 11:35:00,1644.78,1644.94,1644.78,1644.94,0.01,10.07,16892.37,1
2025-06-10,2025-06-10 11:36:00,1644.94,1645.11,1644.94,1645.11,0.01,10.07,16892.37,1
2025-06-10,2025-06-10 11:37:00,1645.11,1645.27,1645.11,1645.27,0.01,10.07,16892.37,1
2025-06-10,2025-06-10 11:38:00,1645.27,1645.44,1645.27,1645.44,0.01,10.07,16892.37,1
2025-06-10,2025-06-10 11:39:00,1645.44,1645.61,1645.44,1645.61,0.01,10.07,16892.37,1
2025-06-10,2025-06-10 11:40:00,1645.61,1645.77,1645.61,1645.77,0.01,10.07,16892.37,1
2025-06-10,2025-06-10 11:41:00,1645.77,1645.94,1645.77,1645.94,0.01,10.07,16892.37,1
2025-06-10,2025-06-10 11:42:00,1645.94,1646.1,1645.94,1646.1,0.01,10.07,16892.37,1
2025-06-10,2025-06-10 11:43:00,1646.1,1646.27,1646.1,1646.27,0.01,10.07,16892.37,1
2025-06-10,2025-06-10 11:44:00,1646.27,1646.43,1646.27,1646.43,0.01,10.07,16892.37,1
2025-06-10,2025-06-10 11:45:00,1646.43,1646.6,1646.43,1646.6,0.01,10.07,16892.37,1
2025-06-10,2025-06-10 11:46:00,1646.6,1646.76,1646.6,1646.76,0.01,10.07,16892.37,1
2025-06-10,2025-06-10 11:47:00,1646.76,1646.93,1646.76,1646.93,0.01,10.07,16892.37,1
2025-06-10,2025-06-10 11:48:00,1646.93,1647.09,1646.93,1647.09,0.01,10.07,16892.37,1
2025-06-10,2025-06-10 11:49:00,1647.09,1647.26,1647.09,1647.26,0.01,10.07,16892.37,1
2025-06-10,2025-06-10 11:50:00,1647.26,1647.42,1647.26,1647.42,0.01,10.07,16892.37,1
2025-06-10,2025-06-10 11:51:00,1647.42,1647.59,1647.42,1647.59,0.01,10.07,16892.37,1
2025-06-10,2025-06-10 11:52:00,1647.59,1647.75,1647.59,1647.75,0.01,10.07,16892.37,1
2025-06-10,2025-06-10 11:53:00,1647.75,1647.92,1647.75,1647.92,0.01,10.07,16892.37,1
2025-06-10,2025-06-10 11:54:00,1647.92,1648.08,1647.92,1648.08,0.01,10.07,16892.37,1
2025-06-10,2025-06-10 11:55:00,1648.08,1648.25,1648.08,1648.25,0.01,10.07,16892.37,1
2025-06-10,2025-06-10 11:56:00,1648.25,1648.41,1648.25,1648.41,0.01,10.07,16892.37,1
2025-06-10,2025-06-10 11:57:00,1648.41,1648.58,1648.41,1648.58,0.01,10.07,16892.37,1
2025-06-10,2025-06-10 11:58:00,1648.58,1648.74,1648.58,1648.74,0.01,10.07,16892.37,1
2025-06-10,2025-06-10 11:59:00,1648.74,1648.91,1648.74,1648.91,0.01,10.07,16892.37,1
2025-06-10,2025-06-10 12:00:00,1648.91,1649.07,1648.91,1649.07,0.01,10.07,16892.37,1
2025-06-10,2025-06-10 12:01:00,1649.07,1649.24,1649.07,1649.24,0.01,10.07,16892.37,1
2025-06-10,2025-06-10 12:02:00,1649.24,1649.4,1649.24,1649.4,0.01,10.07,16892.37,1
2025-06-10,2025-06-10 12:03:00,1649.4,1649.57,1649.4,1649.57,0.01,10.07,16892.37,1
2025-06-10,2025-06-10 12:04:00,1649.57,1649.73,1649.57,1649.73,0.01,10.07,16892.37,1
2025-06-10,2025-06-10 12:05:00,1649.73,1649.9,1649.73,1649.9,0.01,10.07,16892.37,1
2025-06-10,2025-06-10 12:06:00,1649.9,1650.06,1649.9,1650.06,0.01,10.07,16892.37,1
2025-06-10,2025-06-10 12:07:00,1650.06,1650.23,1650.06,1650.23,0.01,10.07,16892.37,1
2025-06-10,2025-06-10 12:08:00,1650.23,1650.39,1650.23,1650.39,0.01,10.07,16892.37,1
2025-06-10,2025-06-10 12:09:00,1650.39,1650.56,1650.39,1650.56,0.01,10.07,16892.37,1
2025-06-10,2025-06-10 12:10:00,1650.56,1650.72,1650.56,1650.72,0.01,10.07,16892.37,1
2025-06-10,2025-06-10 12:11:00,1650.72,1650.89,1650.72,1650.89,0.01,10.07,16892.37,1
2025-06-10,2025-06-10 12:12:00,1650.89,1651.05,1650.89,1651.05,0.01,10.07,16892.37,1
2025-06-10,2025-06-10 12:13:00,1651.05,1651.22,1651.05,1651.22,0.01,10.07,16892.37,1
2025-06-10,2025-06-10 12:14:00,1651.22,1651.38,1651.22,1651.38,0.01,10.07,16892.37,1
2025-06-10,2025-06-10 12:15:00,1651.38,1651.55,1651.38,1651.55,0.01,10.07,16892.37,1
2025-06-10,2025-06-10 12:16:00,1651.55,1651.71,1651.55,1651.71,0.01,10.07,16892.37,1
2025-06-10,2025-06-10 12:17:00,1651.71,1651.88,1651.71,1651.88,0.01,10.07,16892.37,1
2025-06-10,2025-06-10 12:18:00,1651.88,1652.04,1651.88,1652.04,0.01,10.07,16892.37,1
2025-06-10,2025-06-10 12:19:00,1652.04,1652.21,1652.04,1652.21,0.01,10.07,16892.37,1
2025-06-10,2025-06-10 12:20:00,1652.21,1652.38,1652.21,1652.38,0.01,10.07,16892.37,1
2025-06-10,2025-06-10 12:21:00,1652.38,1652.54,1652.38,1652.54,0.01,10.07,16892.37,1
2025-06-10,2025-06-10 12:22:00,1652.54,1652.71,1652.54,1652.71,0.01,10.07,16892.37,1
2025-06-10,2025-06-10 12:23:00,1652.71,1652.87,1652.71,1652.87,0.01,10.07,16892.37,1
2025-06-10,2025-06-10 12:24:00,1652.87,1653.04,1652.87,1653.04,0.01,10.07,16892.37,1
2025-06-10,2025-06-10 12:25:00,1653.04,1653.2,1653.04,1653.2,0.01,10.07,16892.37,1
2025-06-10,2025-06-10 12:26:00,1653.2,1653.37,1653.2,1653.37,0.01,10.07,16892.37,1
2025-06-10,2025-06-10 12:27:00,1653.37,1653.53,1653.37,1653.53,0.01,10.07,16892.37,1
2025-06-10,2025-06-10 12:28:00,1653.53,1653.7,1653.53,1653.7,0.01,10.07,16892.37,1
2025-06-10,2025-06-10 12:29:00,1653.7,1653.86,1653.7,1653.86,0.01,10.07,16892.37,1
2025-06-10,2025-06-10 12:30:00,1653.86,1654.03,1653.86,1654.03,0.01,10.07,16892.37,1
2025-06-10,2025-06-10 12:31:00,1654.03,1654.19,1654.03,1654.19,0.01,10.07,16892.37,1
2025-06-10,2025-06-10 12:32:00,1654.19,1654.36,1654.19,1654.36,0.01,10.07,16892.37,1
2025-06-10,2025-06-10 12:33:00,1654.36,1654.52,1654.36,1654.52,0.01,10.07,16892.37,1
2025-06-10,2025-06-10 12:34:00,1654.52,1654.69,1654.52,1654.69,0.01,10.07,16892.37,1
2025-06-10,2025-06-10 12:35:00,1654.69,1654.85,1654.69,1654.85,0.01,10.07,16892.37,1
2025-06-10,2025-06-10 12:36:00,1654.85,1655.02,1654.85,1655.02,0.01,10.07,16892.37,1
2025-06-10,2025-06-10 12:37:00,1655.02,1655.18,1655.02,1655.18,0.01,10.07,16892.37,1
2025-06-10,2025-06-10 12:38:00,1655.18,1655.35,1655.18,1655.35,0.01,10.07,16892.37,1
2025-06-10,2025-06-10 12:39:00,1655.35,1655.51,1655.35,1655.51,0.01,10.07,16892.37,1
2025-06-10,2025-06-10 12:40:00,1655.51,1655.68,1655.51,1655.68,0.01,10.07,16892.37,1
2025-06-10,2025-06-10 12:41:00,1655.68,1655.84,1655.68,1655.84,0.01,10.07,16892.37,1
2025-06-10,2025-06-10 12:42:00,1655.84,1656.01,1655.84,1656.01,0.01,10.07,16892.37,1
2025-06-10,2025-06-10 12:43:00,1656.01,1656.17,1656.01,1656.17,0.01,10.07,16892.37,1
2025-06-10,2025-06-10 12:44:00,1656.17,1656.34,1656.17,1656.34,0.01,10.07,16892.37,1
2025-06-10,2025-06-10 12:45:00,1656.34,1656.5,1656.34,1656.5,0.01,10.07,16892.37,1
2025-06-10,2025-06-10 12:46:00,1656.5,1656.67,1656.5,1656.67,0.01,10.07,16892.37,1
2025-06-10,2025-06-10 12:47:00,1656.67,1656.83,1656.67,1656.83,0.01,10.07,16892.37,1
2025-06-10,2025-06-10 12:48:00,1656.83,1657.0,1656.83,1657.0,0.01,10.07,16892.37,1
2025-06-10,2025-06-10 12:49:00,1657.0,1657.16,1657.0,1657.16,0.01,10.07,16892.37,1
2025-06-10,2025-06-10 12:50:00,1657.16,1657.33,1657.16,1657.33,0.01,10.07,16892.37,1
2025-06-10,2025-06-10 12:51:00,1657.33,1657.49,1657.33,1657.49,0.01,10.07,16892.37,1
2025-06-10,2025-06-10 12:52:00,1657.49,1657.66,1657.49,1657.66,0.01,10.07,16892.37,1
2025-06-10,2025-06-10 12:53:00,1657.66,1657.82,1657.66,1657.82,0.01,10.07,16892.37,1
2025-06-10,2025-06-10 12:54:00,1657.82,1657.99,1657.82,1657.99,0.01,10.07,16892.37,1
2025-06-10,2025-06-10 12:55:00,1657.99,1658.15,1657.99,1658.15,0.01,10.07,16892.37,1
2025-06-10,2025-06-10 12:56:00,1658.15,1658.32,1658.15,1658.32,0.01,10.07,16892.37,1
2025-06-10,2025-06-10 12:57:00,1658.32,1658.48,1658.32,1658.48,0.01,10.07,16892.37,1
2025-06-10,2025-06-10 12:58:00,1658.48,1658.65,1658.48,1658.65,0.01,10.07,16892.37,1
2025-06-10,2025-06-10 12:59:00,1658.65,1658.82,1658.65,1658.82,0.01,10.07,16892.37,1
2025-06-10,2025-06-10 13:00:00,1658.82,1773.0,1607.1,1658.98,0.01,10.07,16892.37,1
2025-06-10,2025-06-10 13:01:00,1658.98,1659.15,1658.98,1659.15,0.01,10.07,16892.37,1
2025-06-10,2025-06-10 13:02:00,1659.15,1659.31,1659.15,1659.31,0.01,10.07,16892.37,1
2025-06-10,2025-06-10 13:03:00,1659.31,1659.48,1659.31,1659.48,0.01,10.07,16892.37,1
2025-06-10,2025-06-10 13:04:00,1659.48,1659.64,1659.48,1659.64,0.01,10.07,16892.37,1
2025-06-10,2025-06-10 13:05:00,1659.64,1659.81,1659.64,1659.81,0.01,10.07,16892.37,1
2025-06-10,2025-06-10 13:06:00,1659.81,1659.97,1659.81,1659.97,0.01,10.07,16892.37,1
2025-06-10,2025-06-10 13:07:00,1659.97,1660.14,1659.97,1660.14,0.01,10.07,16892.37,1
2025-06-10,2025-06-10 13:08:00,1660.14,1660.3,1660.14,1660.3,0.01,10.07,16892.37,1
2025-06-10,2025-06-10 13:09:00,1660.3,1660.47,1660.3,1660.47,0.01,10.07,16892.37,1
2025-06-10,2025-06-10 13:10:00,1660.47,1660.63,1660.47,1660.63,0.01,10.07,16892.37,1
2025-06-10,2025-06-10 13:11:00,1660.63,1660.8,1660.63,1660.8,0.01,10.07,16892.37,1
2025-06-10,2025-06-10 13:12:00,1660.8,1660.96,1660.8,1660.96,0.01,10.07,16892.37,1
2025-06-10,2025-06-10 13:13:00,1660.96,1661.13,1660.96,1661.13,0.01,10.07,16892.37,1
2025-06-10,2025-06-10 13:14:00,1661.13,1661.29,1661.13,1661.29,0.01,10.07,16892.37,1
2025-06-10,2025-06-10 13:15:00,1661.29,1661.46,1661.29,1661.46,0.01,10.07,16892.37,1
2025-06-10,2025-06-10 13:16:00,1661.46,1661.62,1661.46,1661.62,0.01,10.07,16892.37,1
2025-06-10,2025-06-10 13:17:00,1661.62,1661.79,1661.62,1661.79,0.01,10.07,16892.37,1
2025-06-10,2025-06-10 13:18:00,1661.79,1661.95,1661.79,1661.95,0.01,10.07,16892.37,1
2025-06-10,2025-06-10 13:19:00,1661.95,1662.12,1661.95,1662.12,0.01,10.07,16892.37,1
2025-06-10,2025-06-10 13:20:00,1662.12,1662.28,1662.12,1662.28,0.01,10.07,16892.37,1
2025-06-10,2025-06-10 13:21:00,1662.28,1662.45,1662.28,1662.45,0.01,10.07,16892.37,1
2025-06-10,2025-06-10 13:22:00,1662.45,1662.61,1662.45,1662.61,0.01,10.07,16892.37,1
2025-06-10,2025-06-10 13:23:00,1662.61,1662.78,1662.61,1662.78,0.01,10.07,16892.37,1
2025-06-10,2025-06-10 13:24:00,1662.78,1662.94,1662.78,1662.94,0.01,10.07,16892.37,1
2025-06-10,2025-06-10 13:25:00,1662.94,1663.11,1662.94,1663.11,0.01,10.07,16892.37,1
2025-06-10,2025-06-10 13:26:00,1663.11,1663.27,1663.11,1663.27,0.01,10.07,16892.37,1
2025-06-10,2025-06-10 13:27:00,1663.27,1663.44,1663.27,1663.44,0.01,10.07,16892.37,1
2025-06-10,2025-06-10 13:28:00,1663.44,1663.6,1663.44,1663.6,0.01,10.07,16892.37,1
2025-06-10,2025-06-10 13:29:00,1663.6,1663.77,1663.6,1663.77,0.01,10.07,16892.37,1
2025-06-10,2025-06-10 13:30:00,1663.77,1663.93,1663.77,1663.93,0.01,10.07,16892.37,1
2025-06-10,2025-06-10 13:31:00,1663.93,1664.1,1663.93,1664.1,0.01,10.07,16892.37,1
2025-06-10,2025-06-10 13:32:00,1664.1,1664.26,1664.1,1664.26,0.01,10.07,16892.37,1
2025-06-10,2025-06-10 13:33:00,1664.26,1664.43,1664.26,1664.43,0.01,10.07,16892.37,1
2025-06-10,2025-06-10 13:34:00,1664.43,1664.59,1664.43,1664.59,0.01,10.07,16892.37,1
2025-06-10,2025-06-10 13:35:00,1664.59,1664.76,1664.59,1664.76,0.01,10.07,16892.37,1
2025-06-10,2025-06-10 13:36:00,1664.76,1664.92,1664.76,1664.92,0.01,10.07,16892.37,1
2025-06-10,2025-06-10 13:37:00,1664.92,1665.09,1664.92,1665.09,0.01,10.07,16892.37,1
2025-06-10,2025-06-10 13:38:00,1665.09,1665.25,1665.09,1665.25,0.01,10.07,16892.37,1
2025-06-10,2025-06-10 13:39:00,1665.25,1665.42,1665.25,1665.42,0.01,10.07,16892.37,1
2025-06-10,2025-06-10 13:40:00,1665.42,1665.59,1665.42,1665.59,0.01,10.07,16892.37,1
2025-06-10,2025-06-10 13:41:00,1665.59,1665.75,1665.59,1665.75,0.01,10.07,16892.37,1
2025-06-10,2025-06-10 13:42:00,1665.75,1665.92,1665.75,1665.92,0.01,10.07,16892.37,1
2025-06-10,2025-06-10 13:43:00,1665.92,1666.08,1665.92,1666.08,0.01,10.07,16892.37,1
2025-06-10,2025-06-10 13:44:00,1666.08,1666.25,1666.08,1666.25,0.01,10.07,16892.37,1
2025-06-10,2025-06-10 13:45:00,1666.25,1666.41,1666.25,1666.41,0.01,10.07,16892.37,1
2025-06-10,2025-06-10 13:46:00,1666.41,1666.58,1666.41,1666.58,0.01,10.07,16892.37,1
2025-06-10,2025-06-10 13:47:00,1666.58,1666.74,1666.58,1666.74,0.01,10.07,16892.37,1
2025-06-10,2025-06-10 13:48:00,1666.74,1666.91,1666.74,1666.91,0.01,10.07,16892.37,1
2025-06-10,2025-06-10 13:49:00,1666.91,1667.07,1666.91,1667.07,0.01,10.07,16892.37,1
2025-06-10,2025-06-10 13:50:00,1667.07,1667.24,1667.07,1667.24,0.01,10.07,16892.37,1
2025-06-10,2025-06-10 13:51:00,1667.24,1667.4,1667.24,1667.4,0.01,10.07,16892.37,1
2025-06-10,2025-06-10 13:52:00,1667.4,1667.57,1667.4,1667.57,0.01,10.07,16892.37,1
2025-06-10,2025-06-10 13:53:00,1667.57,1667.73,1667.57,1667.73,0.01,10.07,16892.37,1
2025-06-10,2025-06-10 13:54:00,1667.73,1667.9,1667.73,1667.9,0.01,10.07,16892.37,1
2025-06-10,2025-06-10 13:55:00,1667.9,1668.06,1667.9,1668.06,0.01,10.07,16892.37,1
2025-06-10,2025-06-10 13:56:00,1668.06,1668.23,1668.06,1668.23,0.01,10.07,16892.37,1
2025-06-10,2025-06-10 13:57:00,1668.23,1668.39,1668.23,1668.39,0.01,10.07,16892.37,1
2025-06-10,2025-06-10 13:58:00,1668.39,1668.56,1668.39,1668.56,0.01,10.07,16892.37,1
2025-06-10,2025-06-10 13:59:00,1668.56,1668.72,1668.56,1668.72,0.01,10.07,16892.37,1
2025-06-10,2025-06-10 14:00:00,1668.72,1668.89,1668.72,1668.89,0.01,10.07,16892.37,1
2025-06-10,2025-06-10 14:01:00,1668.89,1669.05,1668.89,1669.05,0.01,10.07,16892.37,1
2025-06-10,2025-06-10 14:02:00,1669.05,1669.22,1669.05,1669.22,0.01,10.07,16892.37,1
2025-06-10,2025-06-10 14:03:00,1669.22,1669.38,1669.22,1669.38,0.01,10.07,16892.37,1
2025-06-10,2025-06-10 14:04:00,1669.38,1669.55,1669.38,1669.55,0.01,10.07,16892.37,1
2025-06-10,2025-06-10 14:05:00,1669.55,1669.71,1669.55,1669.71,0.01,10.07,16892.37,1
2025-06-10,2025-06-10 14:06:00,1669.71,1669.88,1669.71,1669.88,0.01,10.07,16892.37,1
2025-06-10,2025-06-10 14:07:00,1669.88,1670.04,1669.88,1670.04,0.01,10.07,16892.37,1
2025-06-10,2025-06-10 14:08:00,1670.04,1670.21,1670.04,1670.21,0.01,10.07,16892.37,1
2025-06-10,2025-06-10 14:09:00,1670.21,1670.37,1670.21,1670.37,0.01,10.07,16892.37,1
2025-06-10,2025-06-10 14:10:00,1670.37,1670.54,1670.37,1670.54,0.01,10.07,16892.37,1
2025-06-10,2025-06-10 14:11:00,1670.54,1670.7,1670.54,1670.7,0.01,10.07,16892.37,1
2025-06-10,2025-06-10 14:12:00,1670.7,1670.87,1670.7,1670.87,0.01,10.07,16892.37,1
2025-06-10,2025-06-10 14:13:00,1670.87,1671.03,1670.87,1671.03,0.01,10.07,16892.37,1
2025-06-10,2025-06-10 14:14:00,1671.03,1671.2,1671.03,1671.2,0.01,10.07,16892.37,1
2025-06-10,2025-06-10 14:15:00,1671.2,1671.36,1671.2,1671.36,0.01,10.07,16892.37,1
2025-06-10,2025-06-10 14:16:00,1671.36,1671.53,1671.36,1671.53,0.01,10.07,16892.37,1
2025-06-10,2025-06-10 14:17:00,1671.53,1671.69,1671.53,1671.69,0.01,10.07,16892.37,1
2025-06-10,2025-06-10 14:18:00,1671.69,1671.86,1671.69,1671.86,0.01,10.07,16892.37,1
2025-06-10,2025-06-10 14:19:00,1671.86,1672.03,1671.86,1672.03,0.01,10.07,16892.37,1
2025-06-10,2025-06-10 14:20:00,1672.03,1672.19,1672.03,1672.19,0.01,10.07,16892.37,1
2025-06-10,2025-06-10 14:21:00,1672.19,1672.36,1672.19,1672.36,0.01,10.07,16892.37,1
2025-06-10,2025-06-10 14:22:00,1672.36,1672.52,1672.36,1672.52,0.01,10.07,16892.37,1
2025-06-10,2025-06-10 14:23:00,1672.52,1672.69,1672.52,1672.69,0.01,10.07,16892.37,1
2025-06-10,2025-06-10 14:24:00,1672.69,1672.85,1672.69,1672.85,0.01,10.07,16892.37,1
2025-06-10,2025-06-10 14:25:00,1672.85,1673.02,1672.85,1673.02,0.01,10.07,16892.37,1
2025-06-10,2025-06-10 14:26:00,1673.02,1673.18,1673.02,1673.18,0.01,10.07,16892.37,1
2025-06-10,2025-06-10 14:27:00,1673.18,1673.35,1673.18,1673.35,0.01,10.07,16892.37,1
2025-06-10,2025-06-10 14:28:00,1673.35,1673.51,1673.35,1673.51,0.01,10.07,16892.37,1
2025-06-10,2025-06-10 14:29:00,1673.51,1673.68,1673.51,1673.68,0.01,10.07,16892.37,1
2025-06-10,2025-06-10 14:30:00,1673.68,1673.84,1673.68,1673.84,0.01,10.07,16892.37,1
2025-06-10,2025-06-10 14:31:00,1673.84,1674.01,1673.84,1674.01,0.01,10.07,16892.37,1
2025-06-10,2025-06-10 14:32:00,1674.01,1674.17,1674.01,1674.17,0.01,10.07,16892.37,1
2025-06-10,2025-06-10 14:33:00,1674.17,1674.34,1674.17,1674.34,0.01,10.07,16892.37,1
2025-06-10,2025-06-10 14:34:00,1674.34,1674.5,1674.34,1674.5,0.01,10.07,16892.37,1
2025-06-10,2025-06-10 14:35:00,1674.5,1674.67,1674.5,1674.67,0.01,10.07,16892.37,1
2025-06-10,2025-06-10 14:36:00,1674.67,1674.83,1674.67,1674.83,0.01,10.07,16892.37,1
2025-06-10,2025-06-10 14:37:00,1674.83,1675.0,1674.83,1675.0,0.01,10.07,16892.37,1
2025-06-10,2025-06-10 14:38:00,1675.0,1675.16,1675.0,1675.16,0.01,10.07,16892.37,1
2025-06-10,2025-06-10 14:39:00,1675.16,1675.33,1675.16,1675.33,0.01,10.07,16892.37,1
2025-06-10,2025-06-10 14:40:00,1675.33,1675.49,1675.33,1675.49,0.01,10.07,16892.37,1
2025-06-10,2025-06-10 14:41:00,1675.49,1675.66,1675.49,1675.66,0.01,10.07,16892.37,1
2025-06-10,2025-06-10 14:42:00,1675.66,1675.82,1675.66,1675.82,0.01,10.07,16892.37,1
2025-06-10,2025-06-10 14:43:00,1675.82,1675.99,1675.82,1675.99,0.01,10.07,16892.37,1
2025-06-10,2025-06-10 14:44:00,1675.99,1676.15,1675.99,1676.15,0.01,10.07,16892.37,1
2025-06-10,2025-06-10 14:45:00,1676.15,1676.32,1676.15,1676.32,0.01,10.07,16892.37,1
2025-06-10,2025-06-10 14:46:00,1676.32,1676.48,1676.32,1676.48,0.01,10.07,16892.37,1
2025-06-10,2025-06-10 14:47:00,1676.48,1676.65,1676.48,1676.65,0.01,10.07,16892.37,1
2025-06-10,2025-06-10 14:48:00,1676.65,1676.81,1676.65,1676.81,0.01,10.07,16892.37,1
2025-06-10,2025-06-10 14:49:00,1676.81,1676.98,1676.81,1676.98,0.01,10.07,16892.37,1
2025-06-10,2025-06-10 14:50:00,1676.98,1677.14,1676.98,1677.14,0.01,10.07,16892.37,1
2025-06-10,2025-06-10 14:51:00,1677.14,1677.31,1677.14,1677.31,0.01,10.07,16892.37,1
2025-06-10,2025-06-10 14:52:00,1677.31,1677.47,1677.31,1677.47,0.01,10.07,16892.37,1
2025-06-10,2025-06-10 14:53:00,1677.47,1677.64,1677.47,1677.64,0.01,10.07,16892.37,1
2025-06-10,2025-06-10 14:54:00,1677.64,1677.8,1677.64,1677.8,0.01,10.07,16892.37,1
2025-06-10,2025-06-10 14:55:00,1677.8,1677.97,1677.8,1677.97,0.01,10.07,16892.37,1
2025-06-10,2025-06-10 14:56:00,1677.97,1678.13,1677.97,1678.13,0.01,10.07,16892.37,1
2025-06-10,2025-06-10 14:57:00,1678.13,1678.3,1678.13,1678.3,0.01,10.07,16892.37,1
2025-06-10,2025-06-10 14:58:00,1678.3,1678.46,1678.3,1678.46,0.01,10.07,16892.37,1
2025-06-10,2025-06-10 14:59:00,1678.46,1678.63,1678.46,1678.63,0.01,10.07,16892.37,1
2025-06-10,2025-06-10 15:00:00,1678.63,1773.0,1607.1,1678.63,0.0,10.07,16892.37,0
2025-06-11,2025-06-11 11:00:00,1645.1,1661.57,1640.57,1645.17,0.0,7.77,12884.1,1
2025-06-11,2025-06-11 11:01:00,1645.17,1645.23,1645.17,1645.23,0.0,7.77,12884.1,1
2025-06-11,2025-06-11 11:02:00,1645.23,1645.3,1645.23,1645.3,0.0,7.77,12884.1,1
2025-06-11,2025-06-11 11:03:00,1645.3,1645.36,1645.3,1645.36,0.0,7.77,12884.1,1
2025-06-11,2025-06-11 11:04:00,1645.36,1645.43,1645.36,1645.43,0.0,7.77,12884.1,1
2025-06-11,2025-06-11 11:05:00,1645.43,1645.49,1645.43,1645.49,0.0,7.77,12884.1,1
2025-06-11,2025-06-11 11:06:00,1645.49,1645.56,1645.49,1645.56,0.0,7.77,12884.1,1
2025-06-11,2025-06-11 11:07:00,1645.56,1645.63,1645.56,1645.63,0.0,7.77,12884.1,1
2025-06-11,2025-06-11 11:08:00,1645.63,1645.69,1645.63,1645.69,0.0,7.77,12884.1,1
2025-06-11,2025-06-11 11:09:00,1645.69,1645.76,1645.69,1645.76,0.0,7.77,12884.1,1
2025-06-11,2025-06-11 11:10:00,1645.76,1645.82,1645.76,1645.82,0.0,7.77,12884.1,1
2025-06-11,2025-06-11 11:11:00,1645.82,1645.89,1645.82,1645.89,0.0,7.77,12884.1,1
2025-06-11,2025-06-11 11:12:00,1645.89,1645.95,1645.89,1645.95,0.0,7.77,12884.1,1
2025-06-11,2025-06-11 11:13:00,1645.95,1646.02,1645.95,1646.02,0.0,7.77,12884.1,1
2025-06-11,2025-06-11 11:14:00,1646.02,1646.08,1646.02,1646.08,0.0,7.77,12884.1,1
2025-06-11,2025-06-11 11:15:00,1646.08,1646.15,1646.08,1646.15,0.0,7.77,12884.1,1
2025-06-11,2025-06-11 11:16:00,1646.15,1646.22,1646.15,1646.22,0.0,7.77,12884.1,1
2025-06-11,2025-06-11 11:17:00,1646.22,1646.28,1646.22,1646.28,0.0,7.77,12884.1,1
2025-06-11,2025-06-11 11:18:00,1646.28,1646.35,1646.28,1646.35,0.0,7.77,12884.1,1
2025-06-11,2025-06-11 11:19:00,1646.35,1646.41,1646.35,1646.41,0.0,7.77,12884.1,1
2025-06-11,2025-06-11 11:20:00,1646.41,1646.48,1646.41,1646.48,0.0,7.77,12884.1,1
2025-06-11,2025-06-11 11:21:00,1646.48,1646.54,1646.48,1646.54,0.0,7.77,12884.1,1
2025-06-11,2025-06-11 11:22:00,1646.54,1646.61,1646.54,1646.61,0.0,7.77,12884.1,1
2025-06-11,2025-06-11 11:23:00,1646.61,1646.68,1646.61,1646.68,0.0,7.77,12884.1,1
2025-06-11,2025-06-11 11:24:00,1646.68,1646.74,1646.68,1646.74,0.0,7.77,12884.1,1
2025-06-11,2025-06-11 11:25:00,1646.74,1646.81,1646.74,1646.81,0.0,7.77,12884.1,1
2025-06-11,2025-06-11 11:26:00,1646.81,1646.87,1646.81,1646.87,0.0,7.77,12884.1,1
2025-06-11,2025-06-11 11:27:00,1646.87,1646.94,1646.87,1646.94,0.0,7.77,12884.1,1
2025-06-11,2025-06-11 11:28:00,1646.94,1647.0,1646.94,1647.0,0.0,7.77,12884.1,1
2025-06-11,2025-06-11 11:29:00,1647.0,1647.07,1647.0,1647.07,0.0,7.77,12884.1,1
2025-06-11,2025-06-11 11:30:00,1647.07,1647.14,1647.07,1647.14,0.0,7.77,12884.1,1
2025-06-11,2025-06-11 11:31:00,1647.14,1647.2,1647.14,1647.2,0.0,7.77,12884.1,1
2025-06-11,2025-06-11 11:32:00,1647.2,1647.27,1647.2,1647.27,0.0,7.77,12884.1,1
2025-06-11,2025-06-11 11:33:00,1647.27,1647.33,1647.27,1647.33,0.0,7.77,12884.1,1
2025-06-11,2025-06-11 11:34:00,1647.33,1647.4,1647.33,1647.4,0.0,7.77,12884.1,1
2025-06-11,2025-06-11 11:35:00,1647.4,1647.46,1647.4,1647.46,0.0,7.77,12884.1,1
2025-06-11,2025-06-11 11:36:00,1647.46,1647.53,1647.46,1647.53,0.0,7.77,12884.1,1
2025-06-11,2025-06-11 11:37:00,1647.53,1647.6,1647.53,1647.6,0.0,7.77,12884.1,1
2025-06-11,2025-06-11 11:38:00,1647.6,1647.66,1647.6,1647.66,0.0,7.77,12884.1,1
2025-06-11,2025-06-11 11:39:00,1647.66,1647.73,1647.66,1647.73,0.0,7.77,12884.1,1
2025-06-11,2025-06-11 11:40:00,1647.73,1647.79,1647.73,1647.79,0.0,7.77,12884.1,1
2025-06-11,2025-06-11 11:41:00,1647.79,1647.86,1647.79,1647.86,0.0,7.77,12884.1,1
2025-06-11,2025-06-11 11:42:00,1647.86,1647.92,1647.86,1647.92,0.0,7.77,12884.1,1
2025-06-11,2025-06-11 11:43:00,1647.92,1647.99,1647.92,1647.99,0.0,7.77,12884.1,1
2025-06-11,2025-06-11 11:44:00,1647.99,1648.05,1647.99,1648.05,0.0,7.77,12884.1,1
2025-06-11,2025-06-11 11:45:00,1648.05,1648.12,1648.05,1648.12,0.0,7.77,12884.1,1
2025-06-11,2025-06-11 11:46:00,1648.12,1648.19,1648.12,1648.19,0.0,7.77,12884.1,1
2025-06-11,2025-06-11 11:47:00,1648.19,1648.25,1648.19,1648.25,0.0,7.77,12884.1,1
2025-06-11,2025-06-11 11:48:00,1648.25,1648.32,1648.25,1648.32,0.0,7.77,12884.1,1
2025-06-11,2025-06-11 11:49:00,1648.32,1648.38,1648.32,1648.38,0.0,7.77,12884.1,1
2025-06-11,2025-06-11 11:50:00,1648.38,1648.45,1648.38,1648.45,0.0,7.77,12884.1,1
2025-06-11,2025-06-11 11:51:00,1648.45,1648.51,1648.45,1648.51,0.0,7.77,12884.1,1
2025-06-11,2025-06-11 11:52:00,1648.51,1648.58,1648.51,1648.58,0.0,7.77,12884.1,1
2025-06-11,2025-06-11 11:53:00,1648.58,1648.65,1648.58,1648.65,0.0,7.77,12884.1,1
2025-06-11,2025-06-11 11:54:00,1648.65,1648.71,1648.65,1648.71,0.0,7.77,12884.1,1
2025-06-11,2025-06-11 11:55:00,1648.71,1648.78,1648.71,1648.78,0.0,7.77,12884.1,1
2025-06-11,2025-06-11 11:56:00,1648.78,1648.84,1648.78,1648.84,0.0,7.77,12884.1,1
2025-06-11,2025-06-11 11:57:00,1648.84,1648.91,1648.84,1648.91,0.0,7.77,12884.1,1
2025-06-11,2025-06-11 11:58:00,1648.91,1648.97,1648.91,1648.97,0.0,7.77,12884.1,1
2025-06-11,2025-06-11 11:59:00,1648.97,1649.04,1648.97,1649.04,0.0,7.77,12884.1,1
2025-06-11,2025-06-11 12:00:00,1649.04,1649.11,1649.04,1649.11,0.0,7.77,12884.1,1
2025-06-11,2025-06-11 12:01:00,1649.11,1649.17,1649.11,1649.17,0.0,7.77,12884.1,1
2025-06-11,2025-06-11 12:02:00,1649.17,1649.24,1649.17,1649.24,0.0,7.77,12884.1,1
2025-06-11,2025-06-11 12:03:00,1649.24,1649.3,1649.24,1649.3,0.0,7.77,12884.1,1
2025-06-11,2025-06-11 12:04:00,1649.3,1649.37,1649.3,1649.37,0.0,7.77,12884.1,1
2025-06-11,2025-06-11 12:05:00,1649.37,1649.43,1649.37,1649.43,0.0,7.77,12884.1,1
2025-06-11,2025-06-11 12:06:00,1649.43,1649.5,1649.43,1649.5,0.0,7.77,12884.1,1
2025-06-11,2025-06-11 12:07:00,1649.5,1649.57,1649.5,1649.57,0.0,7.77,12884.1,1
2025-06-11,2025-06-11 12:08:00,1649.57,1649.63,1649.57,1649.63,0.0,7.77,12884.1,1
2025-06-11,2025-06-11 12:09:00,1649.63,1649.7,1649.63,1649.7,0.0,7.77,12884.1,1
2025-06-11,2025-06-11 12:10:00,1649.7,1649.76,1649.7,1649.76,0.0,7.77,12884.1,1
2025-06-11,2025-06-11 12:11:00,1649.76,1649.83,1649.76,1649.83,0.0,7.77,12884.1,1
2025-06-11,2025-06-11 12:12:00,1649.83,1649.89,1649.83,1649.89,0.0,7.77,12884.1,1
2025-06-11,2025-06-11 12:13:00,1649.89,1649.96,1649.89,1649.96,0.0,7.77,12884.1,1
2025-06-11,2025-06-11 12:14:00,1649.96,1650.02,1649.96,1650.02,0.0,7.77,12884.1,1
2025-06-11,2025-06-11 12:15:00,1650.02,1650.09,1650.02,1650.09,0.0,7.77,12884.1,1
2025-06-11,2025-06-11 12:16:00,1650.09,1650.16,1650.09,1650.16,0.0,7.77,12884.1,1
2025-06-11,2025-06-11 12:17:00,1650.16,1650.22,1650.16,1650.22,0.0,7.77,12884.1,1
2025-06-11,2025-06-11 12:18:00,1650.22,1650.29,1650.22,1650.29,0.0,7.77,12884.1,1
2025-06-11,2025-06-11 12:19:00,1650.29,1650.35,1650.29,1650.35,0.0,7.77,12884.1,1
2025-06-11,2025-06-11 12:20:00,1650.35,1650.42,1650.35,1650.42,0.0,7.77,12884.1,1
2025-06-11,2025-06-11 12:21:00,1650.42,1650.48,1650.42,1650.48,0.0,7.77,12884.1,1
2025-06-11,2025-06-11 12:22:00,1650.48,1650.55,1650.48,1650.55,0.0,7.77,12884.1,1
2025-06-11,2025-06-11 12:23:00,1650.55,1650.62,1650.55,1650.62,0.0,7.77,12884.1,1
2025-06-11,2025-06-11 12:24:00,1650.62,1650.68,1650.62,1650.68,0.0,7.77,12884.1,1
2025-06-11,2025-06-11 12:25:00,1650.68,1650.75,1650.68,1650.75,0.0,7.77,12884.1,1
2025-06-11,2025-06-11 12:26:00,1650.75,1650.81,1650.75,1650.81,0.0,7.77,12884.1,1
2025-06-11,2025-06-11 12:27:00,1650.81,1650.88,1650.81,1650.88,0.0,7.77,12884.1,1
2025-06-11,2025-06-11 12:28:00,1650.88,1650.94,1650.88,1650.94,0.0,7.77,12884.1,1
2025-06-11,2025-06-11 12:29:00,1650.94,1651.01,1650.94,1651.01,0.0,7.77,12884.1,1
2025-06-11,2025-06-11 12:30:00,1651.01,1651.08,1651.01,1651.08,0.0,7.77,12884.1,1
2025-06-11,2025-06-11 12:31:00,1651.08,1651.14,1651.08,1651.14,0.0,7.77,12884.1,1
2025-06-11,2025-06-11 12:32:00,1651.14,1651.21,1651.14,1651.21,0.0,7.77,12884.1,1
2025-06-11,2025-06-11 12:33:00,1651.21,1651.27,1651.21,1651.27,0.0,7.77,12884.1,1
2025-06-11,2025-06-11 12:34:00,1651.27,1651.34,1651.27,1651.34,0.0,7.77,12884.1,1
2025-06-11,2025-06-11 12:35:00,1651.34,1651.4,1651.34,1651.4,0.0,7.77,12884.1,1
2025-06-11,2025-06-11 12:36:00,1651.4,1651.47,1651.4,1651.47,0.0,7.77,12884.1,1
2025-06-11,2025-06-11 12:37:00,1651.47,1651.54,1651.47,1651.54,0.0,7.77,12884.1,1
2025-06-11,2025-06-11 12:38:00,1651.54,1651.6,1651.54,1651.6,0.0,7.77,12884.1,1
2025-06-11,2025-06-11 12:39:00,1651.6,1651.67,1651.6,1651.67,0.0,7.77,12884.1,1
2025-06-11,2025-06-11 12:40:00,1651.67,1651.73,1651.67,1651.73,0.0,7.77,12884.1,1
2025-06-11,2025-06-11 12:41:00,1651.73,1651.8,1651.73,1651.8,0.0,7.77,12884.1,1
2025-06-11,2025-06-11 12:42:00,1651.8,1651.86,1651.8,1651.86,0.0,7.77,12884.1,1
2025-06-11,2025-06-11 12:43:00,1651.86,1651.93,1651.86,1651.93,0.0,7.77,12884.1,1
2025-06-11,2025-06-11 12:44:00,1651.93,1651.99,1651.93,1651.99,0.0,7.77,12884.1,1
2025-06-11,2025-06-11 12:45:00,1651.99,1652.06,1651.99,1652.06,0.0,7.77,12884.1,1
2025-06-11,2025-06-11 12:46:00,1652.06,1652.13,1652.06,1652.13,0.0,7.77,12884.1,1
2025-06-11,2025-06-11 12:47:00,1652.13,1652.19,1652.13,1652.19,0.0,7.77,12884.1,1
2025-06-11,2025-06-11 12:48:00,1652.19,1652.26,1652.19,1652.26,0.0,7.77,12884.1,1
2025-06-11,2025-06-11 12:49:00,1652.26,1652.32,1652.26,1652.32,0.0,7.77,12884.1,1
2025-06-11,2025-06-11 12:50:00,1652.32,1652.39,1652.32,1652.39,0.0,7.77,12884.1,1
2025-06-11,2025-06-11 12:51:00,1652.39,1652.45,1652.39,1652.45,0.0,7.77,12884.1,1
2025-06-11,2025-06-11 12:52:00,1652.45,1652.52,1652.45,1652.52,0.0,7.77,12884.1,1
2025-06-11,2025-06-11 12:53:00,1652.52,1652.59,1652.52,1652.59,0.0,7.77,12884.1,1
2025-06-11,2025-06-11 12:54:00,1652.59,1652.65,1652.59,1652.65,0.0,7.77,12884.1,1
2025-06-11,2025-06-11 12:55:00,1652.65,1652.72,1652.65,1652.72,0.0,7.77,12884.1,1
2025-06-11,2025-06-11 12:56:00,1652.72,1652.78,1652.72,1652.78,0.0,7.77,12884.1,1
2025-06-11,2025-06-11 12:57:00,1652.78,1652.85,1652.78,1652.85,0.0,7.77,12884.1,1
2025-06-11,2025-06-11 12:58:00,1652.85,1652.91,1652.85,1652.91,0.0,7.77,12884.1,1
2025-06-11,2025-06-11 12:59:00,1652.91,1652.98,1652.91,1652.98,0.0,7.77,12884.1,1
2025-06-11,2025-06-11 13:00:00,1652.98,1700.0,1630.0,1653.05,0.0,7.77,12884.1,1
2025-06-11,2025-06-11 13:01:00,1653.05,1653.11,1653.05,1653.11,0.0,7.77,12884.1,1
2025-06-11,2025-06-11 13:02:00,1653.11,1653.18,1653.11,1653.18,0.0,7.77,12884.1,1
2025-06-11,2025-06-11 13:03:00,1653.18,1653.24,1653.18,1653.24,0.0,7.77,12884.1,1
2025-06-11,2025-06-11 13:04:00,1653.24,1653.31,1653.24,1653.31,0.0,7.77,12884.1,1
2025-06-11,2025-06-11 13:05:00,1653.31,1653.37,1653.31,1653.37,0.0,7.77,12884.1,1
2025-06-11,2025-06-11 13:06:00,1653.37,1653.44,1653.37,1653.44,0.0,7.77,12884.1,1
2025-06-11,2025-06-11 13:07:00,1653.44,1653.51,1653.44,1653.51,0.0,7.77,12884.1,1
2025-06-11,2025-06-11 13:08:00,1653.51,1653.57,1653.51,1653.57,0.0,7.77,12884.1,1
2025-06-11,2025-06-11 13:09:00,1653.57,1653.64,1653.57,1653.64,0.0,7.77,12884.1,1
2025-06-11,2025-06-11 13:10:00,1653.64,1653.7,1653.64,1653.7,0.0,7.77,12884.1,1
2025-06-11,2025-06-11 13:11:00,1653.7,1653.77,1653.7,1653.77,0.0,7.77,12884.1,1
2025-06-11,2025-06-11 13:12:00,1653.77,1653.83,1653.77,1653.83,0.0,7.77,12884.1,1
2025-06-11,2025-06-11 13:13:00,1653.83,1653.9,1653.83,1653.9,0.0,7.77,12884.1,1
2025-06-11,2025-06-11 13:14:00,1653.9,1653.96,1653.9,1653.96,0.0,7.77,12884.1,1
2025-06-11,2025-06-11 13:15:00,1653.96,1654.03,1653.96,1654.03,0.0,7.77,12884.1,1
2025-06-11,2025-06-11 13:16:00,1654.03,1654.1,1654.03,1654.1,0.0,7.77,12884.1,1
2025-06-11,2025-06-11 13:17:00,1654.1,1654.16,1654.1,1654.16,0.0,7.77,12884.1,1
2025-06-11,2025-06-11 13:18:00,1654.16,1654.23,1654.16,1654.23,0.0,7.77,12884.1,1
2025-06-11,2025-06-11 13:19:00,1654.23,1654.29,1654.23,1654.29,0.0,7.77,12884.1,1
2025-06-11,2025-06-11 13:20:00,1654.29,1654.36,1654.29,1654.36,0.0,7.77,12884.1,1
2025-06-11,2025-06-11 13:21:00,1654.36,1654.42,1654.36,1654.42,0.0,7.77,12884.1,1
2025-06-11,2025-06-11 13:22:00,1654.42,1654.49,1654.42,1654.49,0.0,7.77,12884.1,1
2025-06-11,2025-06-11 13:23:00,1654.49,1654.56,1654.49,1654.56,0.0,7.77,12884.1,1
2025-06-11,2025-06-11 13:24:00,1654.56,1654.62,1654.56,1654.62,0.0,7.77,12884.1,1
2025-06-11,2025-06-11 13:25:00,1654.62,1654.69,1654.62,1654.69,0.0,7.77,12884.1,1
2025-06-11,2025-06-11 13:26:00,1654.69,1654.75,1654.69,1654.75,0.0,7.77,12884.1,1
2025-06-11,2025-06-11 13:27:00,1654.75,1654.82,1654.75,1654.82,0.0,7.77,12884.1,1
2025-06-11,2025-06-11 13:28:00,1654.82,1654.88,1654.82,1654.88,0.0,7.77,12884.1,1
2025-06-11,2025-06-11 13:29:00,1654.88,1654.95,1654.88,1654.95,0.0,7.77,12884.1,1
2025-06-11,2025-06-11 13:30:00,1654.95,1655.02,1654.95,1655.02,0.0,7.77,12884.1,1
2025-06-11,2025-06-11 13:31:00,1655.02,1655.08,1655.02,1655.08,0.0,7.77,12884.1,1
2025-06-11,2025-06-11 13:32:00,1655.08,1655.15,1655.08,1655.15,0.0,7.77,12884.1,1
2025-06-11,2025-06-11 13:33:00,1655.15,1655.21,1655.15,1655.21,0.0,7.77,12884.1,1
2025-06-11,2025-06-11 13:34:00,1655.21,1655.28,1655.21,1655.28,0.0,7.77,12884.1,1
2025-06-11,2025-06-11 13:35:00,1655.28,1655.34,1655.28,1655.34,0.0,7.77,12884.1,1
2025-06-11,2025-06-11 13:36:00,1655.34,1655.41,1655.34,1655.41,0.0,7.77,12884.1,1
2025-06-11,2025-06-11 13:37:00,1655.41,1655.48,1655.41,1655.48,0.0,7.77,12884.1,1
2025-06-11,2025-06-11 13:38:00,1655.48,1655.54,1655.48,1655.54,0.0,7.77,12884.1,1
2025-06-11,2025-06-11 13:39:00,1655.54,1655.61,1655.54,1655.61,0.0,7.77,12884.1,1
2025-06-11,2025-06-11 13:40:00,1655.61,1655.67,1655.61,1655.67,0.0,7.77,12884.1,1
2025-06-11,2025-06-11 13:41:00,1655.67,1655.74,1655.67,1655.74,0.0,7.77,12884.1,1
2025-06-11,2025-06-11 13:42:00,1655.74,1655.8,1655.74,1655.8,0.0,7.77,12884.1,1
2025-06-11,2025-06-11 13:43:00,1655.8,1655.87,1655.8,1655.87,0.0,7.77,12884.1,1
2025-06-11,2025-06-11 13:44:00,1655.87,1655.93,1655.87,1655.93,0.0,7.77,12884.1,1
2025-06-11,2025-06-11 13:45:00,1655.93,1656.0,1655.93,1656.0,0.0,7.77,12884.1,1
2025-06-11,2025-06-11 13:46:00,1656.0,1656.07,1656.0,1656.07,0.0,7.77,12884.1,1
2025-06-11,2025-06-11 13:47:00,1656.07,1656.13,1656.07,1656.13,0.0,7.77,12884.1,1
2025-06-11,2025-06-11 13:48:00,1656.13,1656.2,1656.13,1656.2,0.0,7.77,12884.1,1
2025-06-11,2025-06-11 13:49:00,1656.2,1656.26,1656.2,1656.26,0.0,7.77,12884.1,1
2025-06-11,2025-06-11 13:50:00,1656.26,1656.33,1656.26,1656.33,0.0,7.77,12884.1,1
2025-06-11,2025-06-11 13:51:00,1656.33,1656.39,1656.33,1656.39,0.0,7.77,12884.1,1
2025-06-11,2025-06-11 13:52:00,1656.39,1656.46,1656.39,1656.46,0.0,7.77,12884.1,1
2025-06-11,2025-06-11 13:53:00,1656.46,1656.53,1656.46,1656.53,0.0,7.77,12884.1,1
2025-06-11,2025-06-11 13:54:00,1656.53,1656.59,1656.53,1656.59,0.0,7.77,12884.1,1
2025-06-11,2025-06-11 13:55:00,1656.59,1656.66,1656.59,1656.66,0.0,7.77,12884.1,1
2025-06-11,2025-06-11 13:56:00,1656.66,1656.72,1656.66,1656.72,0.0,7.77,12884.1,1
2025-06-11,2025-06-11 13:57:00,1656.72,1656.79,1656.72,1656.79,0.0,7.77,12884.1,1
2025-06-11,2025-06-11 13:58:00,1656.79,1656.85,1656.79,1656.85,0.0,7.77,12884.1,1
2025-06-11,2025-06-11 13:59:00,1656.85,1656.92,1656.85,1656.92,0.0,7.77,12884.1,1
2025-06-11,2025-06-11 14:00:00,1656.92,1656.99,1656.92,1656.99,0.0,7.77,12884.1,1
2025-06-11,2025-06-11 14:01:00,1656.99,1657.05,1656.99,1657.05,0.0,7.77,12884.1,1
2025-06-11,2025-06-11 14:02:00,1657.05,1657.12,1657.05,1657.12,0.0,7.77,12884.1,1
2025-06-11,2025-06-11 14:03:00,1657.12,1657.18,1657.12,1657.18,0.0,7.77,12884.1,1
2025-06-11,2025-06-11 14:04:00,1657.18,1657.25,1657.18,1657.25,0.0,7.77,12884.1,1
2025-06-11,2025-06-11 14:05:00,1657.25,1657.31,1657.25,1657.31,0.0,7.77,12884.1,1
2025-06-11,2025-06-11 14:06:00,1657.31,1657.38,1657.31,1657.38,0.0,7.77,12884.1,1
2025-06-11,2025-06-11 14:07:00,1657.38,1657.45,1657.38,1657.45,0.0,7.77,12884.1,1
2025-06-11,2025-06-11 14:08:00,1657.45,1657.51,1657.45,1657.51,0.0,7.77,12884.1,1
2025-06-11,2025-06-11 14:09:00,1657.51,1657.58,1657.51,1657.58,0.0,7.77,12884.1,1
2025-06-11,2025-06-11 14:10:00,1657.58,1657.64,1657.58,1657.64,0.0,7.77,12884.1,1
2025-06-11,2025-06-11 14:11:00,1657.64,1657.71,1657.64,1657.71,0.0,7.77,12884.1,1
2025-06-11,2025-06-11 14:12:00,1657.71,1657.77,1657.71,1657.77,0.0,7.77,12884.1,1
2025-06-11,2025-06-11 14:13:00,1657.77,1657.84,1657.77,1657.84,0.0,7.77,12884.1,1
2025-06-11,2025-06-11 14:14:00,1657.84,1657.9,1657.84,1657.9,0.0,7.77,12884.1,1
2025-06-11,2025-06-11 14:15:00,1657.9,1657.97,1657.9,1657.97,0.0,7.77,12884.1,1
2025-06-11,2025-06-11 14:16:00,1657.97,1658.04,1657.97,1658.04,0.0,7.77,12884.1,1
2025-06-11,2025-06-11 14:17:00,1658.04,1658.1,1658.04,1658.1,0.0,7.77,12884.1,1
2025-06-11,2025-06-11 14:18:00,1658.1,1658.17,1658.1,1658.17,0.0,7.77,12884.1,1
2025-06-11,2025-06-11 14:19:00,1658.17,1658.23,1658.17,1658.23,0.0,7.77,12884.1,1
2025-06-11,2025-06-11 14:20:00,1658.23,1658.3,1658.23,1658.3,0.0,7.77,12884.1,1
2025-06-11,2025-06-11 14:21:00,1658.3,1658.36,1658.3,1658.36,0.0,7.77,12884.1,1
2025-06-11,2025-06-11 14:22:00,1658.36,1658.43,1658.36,1658.43,0.0,7.77,12884.1,1
2025-06-11,2025-06-11 14:23:00,1658.43,1658.5,1658.43,1658.5,0.0,7.77,12884.1,1
2025-06-11,2025-06-11 14:24:00,1658.5,1658.56,1658.5,1658.56,0.0,7.77,12884.1,1
2025-06-11,2025-06-11 14:25:00,1658.56,1658.63,1658.56,1658.63,0.0,7.77,12884.1,1
2025-06-11,2025-06-11 14:26:00,1658.63,1658.69,1658.63,1658.69,0.0,7.77,12884.1,1
2025-06-11,2025-06-11 14:27:00,1658.69,1658.76,1658.69,1658.76,0.0,7.77,12884.1,1
2025-06-11,2025-06-11 14:28:00,1658.76,1658.82,1658.76,1658.82,0.0,7.77,12884.1,1
2025-06-11,2025-06-11 14:29:00,1658.82,1658.89,1658.82,1658.89,0.0,7.77,12884.1,1
2025-06-11,2025-06-11 14:30:00,1658.89,1658.96,1658.89,1658.96,0.0,7.77,12884.1,1
2025-06-11,2025-06-11 14:31:00,1658.96,1659.02,1658.96,1659.02,0.0,7.77,12884.1,1
2025-06-11,2025-06-11 14:32:00,1659.02,1659.09,1659.02,1659.09,0.0,7.77,12884.1,1
2025-06-11,2025-06-11 14:33:00,1659.09,1659.15,1659.09,1659.15,0.0,7.77,12884.1,1
2025-06-11,2025-06-11 14:34:00,1659.15,1659.22,1659.15,1659.22,0.0,7.77,12884.1,1
2025-06-11,2025-06-11 14:35:00,1659.22,1659.28,1659.22,1659.28,0.0,7.77,12884.1,1
2025-06-11,2025-06-11 14:36:00,1659.28,1659.35,1659.28,1659.35,0.0,7.77,12884.1,1
2025-06-11,2025-06-11 14:37:00,1659.35,1659.42,1659.35,1659.42,0.0,7.77,12884.1,1
2025-06-11,2025-06-11 14:38:00,1659.42,1659.48,1659.42,1659.48,0.0,7.77,12884.1,1
2025-06-11,2025-06-11 14:39:00,1659.48,1659.55,1659.48,1659.55,0.0,7.77,12884.1,1
2025-06-11,2025-06-11 14:40:00,1659.55,1659.61,1659.55,1659.61,0.0,7.77,12884.1,1
2025-06-11,2025-06-11 14:41:00,1659.61,1659.68,1659.61,1659.68,0.0,7.77,12884.1,1
2025-06-11,2025-06-11 14:42:00,1659.68,1659.74,1659.68,1659.74,0.0,7.77,12884.1,1
2025-06-11,2025-06-11 14:43:00,1659.74,1659.81,1659.74,1659.81,0.0,7.77,12884.1,1
2025-06-11,2025-06-11 14:44:00,1659.81,1659.88,1659.81,1659.88,0.0,7.77,12884.1,1
2025-06-11,2025-06-11 14:45:00,1659.88,1659.94,1659.88,1659.94,0.0,7.77,12884.1,1
2025-06-11,2025-06-11 14:46:00,1659.94,1660.01,1659.94,1660.01,0.0,7.77,12884.1,1
2025-06-11,2025-06-11 14:47:00,1660.01,1660.07,1660.01,1660.07,0.0,7.77,12884.1,1
2025-06-11,2025-06-11 14:48:00,1660.07,1660.14,1660.07,1660.14,0.0,7.77,12884.1,1
2025-06-11,2025-06-11 14:49:00,1660.14,1660.2,1660.14,1660.2,0.0,7.77,12884.1,1
2025-06-11,2025-06-11 14:50:00,1660.2,1660.27,1660.2,1660.27,0.0,7.77,12884.1,1
2025-06-11,2025-06-11 14:51:00,1660.27,1660.33,1660.27,1660.33,0.0,7.77,12884.1,1
2025-06-11,2025-06-11 14:52:00,1660.33,1660.4,1660.33,1660.4,0.0,7.77,12884.1,1
2025-06-11,2025-06-11 14:53:00,1660.4,1660.47,1660.4,1660.47,0.0,7.77,12884.1,1
2025-06-11,2025-06-11 14:54:00,1660.47,1660.53,1660.47,1660.53,0.0,7.77,12884.1,1
2025-06-11,2025-06-11 14:55:00,1660.53,1660.6,1660.53,1660.6,0.0,7.77,12884.1,1
2025-06-11,2025-06-11 14:56:00,1660.6,1660.66,1660.6,1660.66,0.0,7.77,12884.1,1
2025-06-11,2025-06-11 14:57:00,1660.66,1660.73,1660.66,1660.73,0.0,7.77,12884.1,1
2025-06-11,2025-06-11 14:58:00,1660.73,1660.79,1660.73,1660.79,0.0,7.77,12884.1,1
2025-06-11,2025-06-11 14:59:00,1660.79,1660.86,1660.79,1660.86,0.0,7.77,12884.1,1
2025-06-11,2025-06-11 15:00:00,1660.86,1700.0,1630.0,1660.86,0.0,7.77,12884.1,0
2025-06-12,2025-06-12 11:00:00,1627.8,1637.4,1622.46,1627.8,0.0,9.07,14715.75,0
2025-06-12,2025-06-12 11:01:00,1627.8,1627.8,1627.8,1627.8,0.0,9.07,14715.75,0
2025-06-12,2025-06-12 11:02:00,1627.8,1627.8,1627.8,1627.8,0.0,9.07,14715.75,0
2025-06-12,2025-06-12 11:03:00,1627.8,1627.8,1627.8,1627.8,0.0,9.07,14715.75,0
2025-06-12,2025-06-12 11:04:00,1627.8,1627.8,1627.79,1627.79,-0.0,9.07,14715.75,-1
2025-06-12,2025-06-12 11:05:00,1627.79,1627.79,1627.79,1627.79,0.0,9.07,14715.75,0
2025-06-12,2025-06-12 11:06:00,1627.79,1627.79,1627.79,1627.79,0.0,9.07,14715.75,0
2025-06-12,2025-06-12 11:07:00,1627.79,1627.79,1627.79,1627.79,0.0,9.07,14715.75,0
2025-06-12,2025-06-12 11:08:00,1627.79,1627.79,1627.79,1627.79,0.0,9.07,14715.75,0
2025-06-12,2025-06-12 11:09:00,1627.79,1627.79,1627.79,1627.79,0.0,9.07,14715.75,0
2025-06-12,2025-06-12 11:10:00,1627.79,1627.79,1627.79,1627.79,0.0,9.07,14715.75,0
2025-06-12,2025-06-12 11:11:00,1627.79,1627.79,1627.79,1627.79,0.0,9.07,14715.75,0
2025-06-12,2025-06-12 11:12:00,1627.79,1627.79,1627.78,1627.78,-0.0,9.07,14715.75,-1
2025-06-12,2025-06-12 11:13:00,1627.78,1627.78,1627.78,1627.78,0.0,9.07,14715.75,0
2025-06-12,2025-06-12 11:14:00,1627.78,1627.78,1627.78,1627.78,0.0,9.07,14715.75,0
2025-06-12,2025-06-12 11:15:00,1627.78,1627.78,1627.78,1627.78,0.0,9.07,14715.75,0
2025-06-12,2025-06-12 11:16:00,1627.78,1627.78,1627.78,1627.78,0.0,9.07,14715.75,0
2025-06-12,2025-06-12 11:17:00,1627.78,1627.78,1627.78,1627.78,0.0,9.07,14715.75,0
2025-06-12,2025-06-12 11:18:00,1627.78,1627.78,1627.78,1627.78,0.0,9.07,14715.75,0
2025-06-12,2025-06-12 11:19:00,1627.78,1627.78,1627.78,1627.78,0.0,9.07,14715.75,0
2025-06-12,2025-06-12 11:20:00,1627.78,1627.78,1627.78,1627.78,0.0,9.07,14715.75,0
2025-06-12,2025-06-12 11:21:00,1627.78,1627.78,1627.77,1627.77,-0.0,9.07,14715.75,-1
2025-06-12,2025-06-12 11:22:00,1627.77,1627.77,1627.77,1627.77,0.0,9.07,14715.75,0
2025-06-12,2025-06-12 11:23:00,1627.77,1627.77,1627.77,1627.77,0.0,9.07,14715.75,0
2025-06-12,2025-06-12 11:24:00,1627.77,1627.77,1627.77,1627.77,0.0,9.07,14715.75,0
2025-06-12,2025-06-12 11:25:00,1627.77,1627.77,1627.77,1627.77,0.0,9.07,14715.75,0
2025-06-12,2025-06-12 11:26:00,1627.77,1627.77,1627.77,1627.77,0.0,9.07,14715.75,0
2025-06-12,2025-06-12 11:27:00,1627.77,1627.77,1627.77,1627.77,0.0,9.07,14715.75,0
2025-06-12,2025-06-12 11:28:00,1627.77,1627.77,1627.77,1627.77,0.0,9.07,14715.75,0
2025-06-12,2025-06-12 11:29:00,1627.77,1627.77,1627.76,1627.76,-0.0,9.07,14715.75,-1
2025-06-12,2025-06-12 11:30:00,1627.76,1627.76,1627.76,1627.76,0.0,9.07,14715.75,0
2025-06-12,2025-06-12 11:31:00,1627.76,1627.76,1627.76,1627.76,0.0,9.07,14715.75,0
2025-06-12,2025-06-12 11:32:00,1627.76,1627.76,1627.76,1627.76,0.0,9.07,14715.75,0
2025-06-12,2025-06-12 11:33:00,1627.76,1627.76,1627.76,1627.76,0.0,9.07,14715.75,0
2025-06-12,2025-06-12 11:34:00,1627.76,1627.76,1627.76,1627.76,0.0,9.07,14715.75,0
2025-06-12,2025-06-12 11:35:00,1627.76,1627.76,1627.76,1627.76,0.0,9.07,14715.75,0
2025-06-12,2025-06-12 11:36:00,1627.76,1627.76,1627.76,1627.76,0.0,9.07,14715.75,0
2025-06-12,2025-06-12 11:37:00,1627.76,1627.76,1627.76,1627.76,0.0,9.07,14715.75,0
2025-06-12,2025-06-12 11:38:00,1627.76,1627.76,1627.75,1627.75,-0.0,9.07,14715.75,-1
2025-06-12,2025-06-12 11:39:00,1627.75,1627.75,1627.75,1627.75,0.0,9.07,14715.75,0
2025-06-12,2025-06-12 11:40:00,1627.75,1627.75,1627.75,1627.75,0.0,9.07,14715.75,0
2025-06-12,2025-06-12 11:41:00,1627.75,1627.75,1627.75,1627.75,0.0,9.07,14715.75,0
2025-06-12,2025-06-12 11:42:00,1627.75,1627.75,1627.75,1627.75,0.0,9.07,14715.75,0
2025-06-12,2025-06-12 11:43:00,1627.75,1627.75,1627.75,1627.75,0.0,9.07,14715.75,0
2025-06-12,2025-06-12 11:44:00,1627.75,1627.75,1627.75,1627.75,0.0,9.07,14715.75,0
2025-06-12,2025-06-12 11:45:00,1627.75,1627.75,1627.75,1627.75,0.0,9.07,14715.75,0
2025-06-12,2025-06-12 11:46:00,1627.75,1627.75,1627.75,1627.75,0.0,9.07,14715.75,0
2025-06-12,2025-06-12 11:47:00,1627.75,1627.75,1627.74,1627.74,-0.0,9.07,14715.75,-1
2025-06-12,2025-06-12 11:48:00,1627.74,1627.74,1627.74,1627.74,0.0,9.07,14715.75,0
2025-06-12,2025-06-12 11:49:00,1627.74,1627.74,1627.74,1627.74,0.0,9.07,14715.75,0
2025-06-12,2025-06-12 11:50:00,1627.74,1627.74,1627.74,1627.74,0.0,9.07,14715.75,0
2025-06-12,2025-06-12 11:51:00,1627.74,1627.74,1627.74,1627.74,0.0,9.07,14715.75,0
2025-06-12,2025-06-12 11:52:00,1627.74,1627.74,1627.74,1627.74,0.0,9.07,14715.75,0
2025-06-12,2025-06-12 11:53:00,1627.74,1627.74,1627.74,1627.74,0.0,9.07,14715.75,0
2025-06-12,2025-06-12 11:54:00,1627.74,1627.74,1627.74,1627.74,0.0,9.07,14715.75,0
2025-06-12,2025-06-12 11:55:00,1627.74,1627.74,1627.73,1627.73,-0.0,9.07,14715.75,-1
2025-06-12,2025-06-12 11:56:00,1627.73,1627.73,1627.73,1627.73,0.0,9.07,14715.75,0
2025-06-12,2025-06-12 11:57:00,1627.73,1627.73,1627.73,1627.73,0.0,9.07,14715.75,0
2025-06-12,2025-06-12 11:58:00,1627.73,1627.73,1627.73,1627.73,0.0,9.07,14715.75,0
2025-06-12,2025-06-12 11:59:00,1627.73,1627.73,1627.73,1627.73,0.0,9.07,14715.75,0
2025-06-12,2025-06-12 12:00:00,1627.73,1627.73,1627.73,1627.73,0.0,9.07,14715.75,0
2025-06-12,2025-06-12 12:01:00,1627.73,1627.73,1627.73,1627.73,0.0,9.07,14715.75,0
2025-06-12,2025-06-12 12:02:00,1627.73,1627.73,1627.73,1627.73,0.0,9.07,14715.75,0
2025-06-12,2025-06-12 12:03:00,1627.73,1627.73,1627.73,1627.73,0.0,9.07,14715.75,0
2025-06-12,2025-06-12 12:04:00,1627.73,1627.73,1627.72,1627.72,-0.0,9.07,14715.75,-1
2025-06-12,2025-06-12 12:05:00,1627.72,1627.72,1627.72,1627.72,0.0,9.07,14715.75,0
2025-06-12,2025-06-12 12:06:00,1627.72,1627.72,1627.72,1627.72,0.0,9.07,14715.75,0
2025-06-12,2025-06-12 12:07:00,1627.72,1627.72,1627.72,1627.72,0.0,9.07,14715.75,0
2025-06-12,2025-06-12 12:08:00,1627.72,1627.72,1627.72,1627.72,0.0,9.07,14715.75,0
2025-06-12,2025-06-12 12:09:00,1627.72,1627.72,1627.72,1627.72,0.0,9.07,14715.75,0
2025-06-12,2025-06-12 12:10:00,1627.72,1627.72,1627.72,1627.72,0.0,9.07,14715.75,0
2025-06-12,2025-06-12 12:11:00,1627.72,1627.72,1627.72,1627.72,0.0,9.07,14715.75,0
2025-06-12,2025-06-12 12:12:00,1627.72,1627.72,1627.71,1627.71,-0.0,9.07,14715.75,-1
2025-06-12,2025-06-12 12:13:00,1627.71,1627.71,1627.71,1627.71,0.0,9.07,14715.75,0
2025-06-12,2025-06-12 12:14:00,1627.71,1627.71,1627.71,1627.71,0.0,9.07,14715.75,0
2025-06-12,2025-06-12 12:15:00,1627.71,1627.71,1627.71,1627.71,0.0,9.07,14715.75,0
2025-06-12,2025-06-12 12:16:00,1627.71,1627.71,1627.71,1627.71,0.0,9.07,14715.75,0
2025-06-12,2025-06-12 12:17:00,1627.71,1627.71,1627.71,1627.71,0.0,9.07,14715.75,0
2025-06-12,2025-06-12 12:18:00,1627.71,1627.71,1627.71,1627.71,0.0,9.07,14715.75,0
2025-06-12,2025-06-12 12:19:00,1627.71,1627.71,1627.71,1627.71,0.0,9.07,14715.75,0
2025-06-12,2025-06-12 12:20:00,1627.71,1627.71,1627.71,1627.71,0.0,9.07,14715.75,0
2025-06-12,2025-06-12 12:21:00,1627.71,1627.71,1627.7,1627.7,-0.0,9.07,14715.75,-1
2025-06-12,2025-06-12 12:22:00,1627.7,1627.7,1627.7,1627.7,0.0,9.07,14715.75,0
2025-06-12,2025-06-12 12:23:00,1627.7,1627.7,1627.7,1627.7,0.0,9.07,14715.75,0
2025-06-12,2025-06-12 12:24:00,1627.7,1627.7,1627.7,1627.7,0.0,9.07,14715.75,0
2025-06-12,2025-06-12 12:25:00,1627.7,1627.7,1627.7,1627.7,0.0,9.07,14715.75,0
2025-06-12,2025-06-12 12:26:00,1627.7,1627.7,1627.7,1627.7,0.0,9.07,14715.75,0
2025-06-12,2025-06-12 12:27:00,1627.7,1627.7,1627.7,1627.7,0.0,9.07,14715.75,0
2025-06-12,2025-06-12 12:28:00,1627.7,1627.7,1627.7,1627.7,0.0,9.07,14715.75,0
2025-06-12,2025-06-12 12:29:00,1627.7,1627.7,1627.69,1627.69,-0.0,9.07,14715.75,-1
2025-06-12,2025-06-12 12:30:00,1627.69,1627.69,1627.69,1627.69,0.0,9.07,14715.75,0
2025-06-12,2025-06-12 12:31:00,1627.69,1627.69,1627.69,1627.69,0.0,9.07,14715.75,0
2025-06-12,2025-06-12 12:32:00,1627.69,1627.69,1627.69,1627.69,0.0,9.07,14715.75,0
2025-06-12,2025-06-12 12:33:00,1627.69,1627.69,1627.69,1627.69,0.0,9.07,14715.75,0
2025-06-12,2025-06-12 12:34:00,1627.69,1627.69,1627.69,1627.69,0.0,9.07,14715.75,0
2025-06-12,2025-06-12 12:35:00,1627.69,1627.69,1627.69,1627.69,0.0,9.07,14715.75,0
2025-06-12,2025-06-12 12:36:00,1627.69,1627.69,1627.69,1627.69,0.0,9.07,14715.75,0
2025-06-12,2025-06-12 12:37:00,1627.69,1627.69,1627.69,1627.69,0.0,9.07,14715.75,0
2025-06-12,2025-06-12 12:38:00,1627.69,1627.69,1627.68,1627.68,-0.0,9.07,14715.75,-1
2025-06-12,2025-06-12 12:39:00,1627.68,1627.68,1627.68,1627.68,0.0,9.07,14715.75,0
2025-06-12,2025-06-12 12:40:00,1627.68,1627.68,1627.68,1627.68,0.0,9.07,14715.75,0
2025-06-12,2025-06-12 12:41:00,1627.68,1627.68,1627.68,1627.68,0.0,9.07,14715.75,0
2025-06-12,2025-06-12 12:42:00,1627.68,1627.68,1627.68,1627.68,0.0,9.07,14715.75,0
2025-06-12,2025-06-12 12:43:00,1627.68,1627.68,1627.68,1627.68,0.0,9.07,14715.75,0
2025-06-12,2025-06-12 12:44:00,1627.68,1627.68,1627.68,1627.68,0.0,9.07,14715.75,0
2025-06-12,2025-06-12 12:45:00,1627.68,1627.68,1627.68,1627.68,0.0,9.07,14715.75,0
2025-06-12,2025-06-12 12:46:00,1627.68,1627.68,1627.68,1627.68,0.0,9.07,14715.75,0
2025-06-12,2025-06-12 12:47:00,1627.68,1627.68,1627.67,1627.67,-0.0,9.07,14715.75,-1
2025-06-12,2025-06-12 12:48:00,1627.67,1627.67,1627.67,1627.67,0.0,9.07,14715.75,0
2025-06-12,2025-06-12 12:49:00,1627.67,1627.67,1627.67,1627.67,0.0,9.07,14715.75,0
2025-06-12,2025-06-12 12:50:00,1627.67,1627.67,1627.67,1627.67,0.0,9.07,14715.75,0
2025-06-12,2025-06-12 12:51:00,1627.67,1627.67,1627.67,1627.67,0.0,9.07,14715.75,0
2025-06-12,2025-06-12 12:52:00,1627.67,1627.67,1627.67,1627.67,0.0,9.07,14715.75,0
2025-06-12,2025-06-12 12:53:00,1627.67,1627.67,1627.67,1627.67,0.0,9.07,14715.75,0
2025-06-12,2025-06-12 12:54:00,1627.67,1627.67,1627.67,1627.67,0.0,9.07,14715.75,0
2025-06-12,2025-06-12 12:55:00,1627.67,1627.67,1627.66,1627.66,-0.0,9.07,14715.75,-1
2025-06-12,2025-06-12 12:56:00,1627.66,1627.66,1627.66,1627.66,0.0,9.07,14715.75,0
2025-06-12,2025-06-12 12:57:00,1627.66,1627.66,1627.66,1627.66,0.0,9.07,14715.75,0
2025-06-12,2025-06-12 12:58:00,1627.66,1627.66,1627.66,1627.66,0.0,9.07,14715.75,0
2025-06-12,2025-06-12 12:59:00,1627.66,1627.66,1627.66,1627.66,0.0,9.07,14715.75,0
2025-06-12,2025-06-12 13:00:00,1627.66,1659.8,1610.0,1627.66,0.0,9.07,14715.75,0
2025-06-12,2025-06-12 13:01:00,1627.66,1627.66,1627.66,1627.66,0.0,9.07,14715.75,0
2025-06-12,2025-06-12 13:02:00,1627.66,1627.66,1627.66,1627.66,0.0,9.07,14715.75,0
2025-06-12,2025-06-12 13:03:00,1627.66,1627.66,1627.66,1627.66,0.0,9.07,14715.75,0
2025-06-12,2025-06-12 13:04:00,1627.66,1627.66,1627.65,1627.65,-0.0,9.07,14715.75,-1
2025-06-12,2025-06-12 13:05:00,1627.65,1627.65,1627.65,1627.65,0.0,9.07,14715.75,0
2025-06-12,2025-06-12 13:06:00,1627.65,1627.65,1627.65,1627.65,0.0,9.07,14715.75,0
2025-06-12,2025-06-12 13:07:00,1627.65,1627.65,1627.65,1627.65,0.0,9.07,14715.75,0
2025-06-12,2025-06-12 13:08:00,1627.65,1627.65,1627.65,1627.65,0.0,9.07,14715.75,0
2025-06-12,2025-06-12 13:09:00,1627.65,1627.65,1627.65,1627.65,0.0,9.07,14715.75,0
2025-06-12,2025-06-12 13:10:00,1627.65,1627.65,1627.65,1627.65,0.0,9.07,14715.75,0
2025-06-12,2025-06-12 13:11:00,1627.65,1627.65,1627.65,1627.65,0.0,9.07,14715.75,0
2025-06-12,2025-06-12 13:12:00,1627.65,1627.65,1627.64,1627.64,-0.0,9.07,14715.75,-1
2025-06-12,2025-06-12 13:13:00,1627.64,1627.64,1627.64,1627.64,0.0,9.07,14715.75,0
2025-06-12,2025-06-12 13:14:00,1627.64,1627.64,1627.64,1627.64,0.0,9.07,14715.75,0
2025-06-12,2025-06-12 13:15:00,1627.64,1627.64,1627.64,1627.64,0.0,9.07,14715.75,0
2025-06-12,2025-06-12 13:16:00,1627.64,1627.64,1627.64,1627.64,0.0,9.07,14715.75,0
2025-06-12,2025-06-12 13:17:00,1627.64,1627.64,1627.64,1627.64,0.0,9.07,14715.75,0
2025-06-12,2025-06-12 13:18:00,1627.64,1627.64,1627.64,1627.64,0.0,9.07,14715.75,0
2025-06-12,2025-06-12 13:19:00,1627.64,1627.64,1627.64,1627.64,0.0,9.07,14715.75,0
2025-06-12,2025-06-12 13:20:00,1627.64,1627.64,1627.64,1627.64,0.0,9.07,14715.75,0
2025-06-12,2025-06-12 13:21:00,1627.64,1627.64,1627.63,1627.63,-0.0,9.07,14715.75,-1
2025-06-12,2025-06-12 13:22:00,1627.63,1627.63,1627.63,1627.63,0.0,9.07,14715.75,0
2025-06-12,2025-06-12 13:23:00,1627.63,1627.63,1627.63,1627.63,0.0,9.07,14715.75,0
2025-06-12,2025-06-12 13:24:00,1627.63,1627.63,1627.63,1627.63,0.0,9.07,14715.75,0
2025-06-12,2025-06-12 13:25:00,1627.63,1627.63,1627.63,1627.63,0.0,9.07,14715.75,0
2025-06-12,2025-06-12 13:26:00,1627.63,1627.63,1627.63,1627.63,0.0,9.07,14715.75,0
2025-06-12,2025-06-12 13:27:00,1627.63,1627.63,1627.63,1627.63,0.0,9.07,14715.75,0
2025-06-12,2025-06-12 13:28:00,1627.63,1627.63,1627.63,1627.63,0.0,9.07,14715.75,0
2025-06-12,2025-06-12 13:29:00,1627.63,1627.63,1627.62,1627.62,-0.0,9.07,14715.75,-1
2025-06-12,2025-06-12 13:30:00,1627.62,1627.62,1627.62,1627.62,0.0,9.07,14715.75,0
2025-06-12,2025-06-12 13:31:00,1627.62,1627.62,1627.62,1627.62,0.0,9.07,14715.75,0
2025-06-12,2025-06-12 13:32:00,1627.62,1627.62,1627.62,1627.62,0.0,9.07,14715.75,0
2025-06-12,2025-06-12 13:33:00,1627.62,1627.62,1627.62,1627.62,0.0,9.07,14715.75,0
2025-06-12,2025-06-12 13:34:00,1627.62,1627.62,1627.62,1627.62,0.0,9.07,14715.75,0
2025-06-12,2025-06-12 13:35:00,1627.62,1627.62,1627.62,1627.62,0.0,9.07,14715.75,0
2025-06-12,2025-06-12 13:36:00,1627.62,1627.62,1627.62,1627.62,0.0,9.07,14715.75,0
2025-06-12,2025-06-12 13:37:00,1627.62,1627.62,1627.62,1627.62,0.0,9.07,14715.75,0
2025-06-12,2025-06-12 13:38:00,1627.62,1627.62,1627.61,1627.61,-0.0,9.07,14715.75,-1
2025-06-12,2025-06-12 13:39:00,1627.61,1627.61,1627.61,1627.61,0.0,9.07,14715.75,0
2025-06-12,2025-06-12 13:40:00,1627.61,1627.61,1627.61,1627.61,0.0,9.07,14715.75,0
2025-06-12,2025-06-12 13:41:00,1627.61,1627.61,1627.61,1627.61,0.0,9.07,14715.75,0
2025-06-12,2025-06-12 13:42:00,1627.61,1627.61,1627.61,1627.61,0.0,9.07,14715.75,0
2025-06-12,2025-06-12 13:43:00,1627.61,1627.61,1627.61,1627.61,0.0,9.07,14715.75,0
2025-06-12,2025-06-12 13:44:00,1627.61,1627.61,1627.61,1627.61,0.0,9.07,14715.75,0
2025-06-12,2025-06-12 13:45:00,1627.61,1627.61,1627.61,1627.61,0.0,9.07,14715.75,0
2025-06-12,2025-06-12 13:46:00,1627.61,1627.61,1627.61,1627.61,0.0,9.07,14715.75,0
2025-06-12,2025-06-12 13:47:00,1627.61,1627.61,1627.6,1627.6,-0.0,9.07,14715.75,-1
2025-06-12,2025-06-12 13:48:00,1627.6,1627.6,1627.6,1627.6,0.0,9.07,14715.75,0
2025-06-12,2025-06-12 13:49:00,1627.6,1627.6,1627.6,1627.6,0.0,9.07,14715.75,0
2025-06-12,2025-06-12 13:50:00,1627.6,1627.6,1627.6,1627.6,0.0,9.07,14715.75,0
2025-06-12,2025-06-12 13:51:00,1627.6,1627.6,1627.6,1627.6,0.0,9.07,14715.75,0
2025-06-12,2025-06-12 13:52:00,1627.6,1627.6,1627.6,1627.6,0.0,9.07,14715.75,0
2025-06-12,2025-06-12 13:53:00,1627.6,1627.6,1627.6,1627.6,0.0,9.07,14715.75,0
2025-06-12,2025-06-12 13:54:00,1627.6,1627.6,1627.6,1627.6,0.0,9.07,14715.75,0
2025-06-12,2025-06-12 13:55:00,1627.6,1627.6,1627.59,1627.59,-0.0,9.07,14715.75,-1
2025-06-12,2025-06-12 13:56:00,1627.59,1627.59,1627.59,1627.59,0.0,9.07,14715.75,0
2025-06-12,2025-06-12 13:57:00,1627.59,1627.59,1627.59,1627.59,0.0,9.07,14715.75,0
2025-06-12,2025-06-12 13:58:00,1627.59,1627.59,1627.59,1627.59,0.0,9.07,14715.75,0
2025-06-12,2025-06-12 13:59:00,1627.59,1627.59,1627.59,1627.59,0.0,9.07,14715.75,0
2025-06-12,2025-06-12 14:00:00,1627.59,1627.59,1627.59,1627.59,0.0,9.07,14715.75,0
2025-06-12,2025-06-12 14:01:00,1627.59,1627.59,1627.59,1627.59,0.0,9.07,14715.75,0
2025-06-12,2025-06-12 14:02:00,1627.59,1627.59,1627.59,1627.59,0.0,9.07,14715.75,0
2025-06-12,2025-06-12 14:03:00,1627.59,1627.59,1627.59,1627.59,0.0,9.07,14715.75,0
2025-06-12,2025-06-12 14:04:00,1627.59,1627.59,1627.58,1627.58,-0.0,9.07,14715.75,-1
2025-06-12,2025-06-12 14:05:00,1627.58,1627.58,1627.58,1627.58,0.0,9.07,14715.75,0
2025-06-12,2025-06-12 14:06:00,1627.58,1627.58,1627.58,1627.58,0.0,9.07,14715.75,0
2025-06-12,2025-06-12 14:07:00,1627.58,1627.58,1627.58,1627.58,0.0,9.07,14715.75,0
2025-06-12,2025-06-12 14:08:00,1627.58,1627.58,1627.58,1627.58,0.0,9.07,14715.75,0
2025-06-12,2025-06-12 14:09:00,1627.58,1627.58,1627.58,1627.58,0.0,9.07,14715.75,0
2025-06-12,2025-06-12 14:10:00,1627.58,1627.58,1627.58,1627.58,0.0,9.07,14715.75,0
2025-06-12,2025-06-12 14:11:00,1627.58,1627.58,1627.58,1627.58,0.0,9.07,14715.75,0
2025-06-12,2025-06-12 14:12:00,1627.58,1627.58,1627.57,1627.57,-0.0,9.07,14715.75,-1
2025-06-12,2025-06-12 14:13:00,1627.57,1627.57,1627.57,1627.57,0.0,9.07,14715.75,0
2025-06-12,2025-06-12 14:14:00,1627.57,1627.57,1627.57,1627.57,0.0,9.07,14715.75,0
2025-06-12,2025-06-12 14:15:00,1627.57,1627.57,1627.57,1627.57,0.0,9.07,14715.75,0
2025-06-12,2025-06-12 14:16:00,1627.57,1627.57,1627.57,1627.57,0.0,9.07,14715.75,0
2025-06-12,2025-06-12 14:17:00,1627.57,1627.57,1627.57,1627.57,0.0,9.07,14715.75,0
2025-06-12,2025-06-12 14:18:00,1627.57,1627.57,1627.57,1627.57,0.0,9.07,14715.75,0
2025-06-12,2025-06-12 14:19:00,1627.57,1627.57,1627.57,1627.57,0.0,9.07,14715.75,0
2025-06-12,2025-06-12 14:20:00,1627.57,1627.57,1627.57,1627.57,0.0,9.07,14715.75,0
2025-06-12,2025-06-12 14:21:00,1627.57,1627.57,1627.56,1627.56,-0.0,9.07,14715.75,-1
2025-06-12,2025-06-12 14:22:00,1627.56,1627.56,1627.56,1627.56,0.0,9.07,14715.75,0
2025-06-12,2025-06-12 14:23:00,1627.56,1627.56,1627.56,1627.56,0.0,9.07,14715.75,0
2025-06-12,2025-06-12 14:24:00,1627.56,1627.56,1627.56,1627.56,0.0,9.07,14715.75,0
2025-06-12,2025-06-12 14:25:00,1627.56,1627.56,1627.56,1627.56,0.0,9.07,14715.75,0
2025-06-12,2025-06-12 14:26:00,1627.56,1627.56,1627.56,1627.56,0.0,9.07,14715.75,0
2025-06-12,2025-06-12 14:27:00,1627.56,1627.56,1627.56,1627.56,0.0,9.07,14715.75,0
2025-06-12,2025-06-12 14:28:00,1627.56,1627.56,1627.56,1627.56,0.0,9.07,14715.75,0
2025-06-12,2025-06-12 14:29:00,1627.56,1627.56,1627.56,1627.56,0.0,9.07,14715.75,0
2025-06-12,2025-06-12 14:30:00,1627.56,1627.56,1627.55,1627.55,-0.0,9.07,14715.75,-1
2025-06-12,2025-06-12 14:31:00,1627.55,1627.55,1627.55,1627.55,0.0,9.07,14715.75,0
2025-06-12,2025-06-12 14:32:00,1627.55,1627.55,1627.55,1627.55,0.0,9.07,14715.75,0
2025-06-12,2025-06-12 14:33:00,1627.55,1627.55,1627.55,1627.55,0.0,9.07,14715.75,0
2025-06-12,2025-06-12 14:34:00,1627.55,1627.55,1627.55,1627.55,0.0,9.07,14715.75,0
2025-06-12,2025-06-12 14:35:00,1627.55,1627.55,1627.55,1627.55,0.0,9.07,14715.75,0
2025-06-12,2025-06-12 14:36:00,1627.55,1627.55,1627.55,1627.55,0.0,9.07,14715.75,0
2025-06-12,2025-06-12 14:37:00,1627.55,1627.55,1627.55,1627.55,0.0,9.07,14715.75,0
2025-06-12,2025-06-12 14:38:00,1627.55,1627.55,1627.54,1627.54,-0.0,9.07,14715.75,-1
2025-06-12,2025-06-12 14:39:00,1627.54,1627.54,1627.54,1627.54,0.0,9.07,14715.75,0
2025-06-12,2025-06-12 14:40:00,1627.54,1627.54,1627.54,1627.54,0.0,9.07,14715.75,0
2025-06-12,2025-06-12 14:41:00,1627.54,1627.54,1627.54,1627.54,0.0,9.07,14715.75,0
2025-06-12,2025-06-12 14:42:00,1627.54,1627.54,1627.54,1627.54,0.0,9.07,14715.75,0
2025-06-12,2025-06-12 14:43:00,1627.54,1627.54,1627.54,1627.54,0.0,9.07,14715.75,0
2025-06-12,2025-06-12 14:44:00,1627.54,1627.54,1627.54,1627.54,0.0,9.07,14715.75,0
2025-06-12,2025-06-12 14:45:00,1627.54,1627.54,1627.54,1627.54,0.0,9.07,14715.75,0
2025-06-12,2025-06-12 14:46:00,1627.54,1627.54,1627.54,1627.54,0.0,9.07,14715.75,0
2025-06-12,2025-06-12 14:47:00,1627.54,1627.54,1627.53,1627.53,-0.0,9.07,14715.75,-1
2025-06-12,2025-06-12 14:48:00,1627.53,1627.53,1627.53,1627.53,0.0,9.07,14715.75,0
2025-06-12,2025-06-12 14:49:00,1627.53,1627.53,1627.53,1627.53,0.0,9.07,14715.75,0
2025-06-12,2025-06-12 14:50:00,1627.53,1627.53,1627.53,1627.53,0.0,9.07,14715.75,0
2025-06-12,2025-06-12 14:51:00,1627.53,1627.53,1627.53,1627.53,0.0,9.07,14715.75,0
2025-06-12,2025-06-12 14:52:00,1627.53,1627.53,1627.53,1627.53,0.0,9.07,14715.75,0
2025-06-12,2025-06-12 14:53:00,1627.53,1627.53,1627.53,1627.53,0.0,9.07,14715.75,0
2025-06-12,2025-06-12 14:54:00,1627.53,1627.53,1627.53,1627.53,0.0,9.07,14715.75,0
2025-06-12,2025-06-12 14:55:00,1627.53,1627.53,1627.52,1627.52,-0.0,9.07,14715.75,-1
2025-06-12,2025-06-12 14:56:00,1627.52,1627.52,1627.52,1627.52,0.0,9.07,14715.75,0
2025-06-12,2025-06-12 14:57:00,1627.52,1627.52,1627.52,1627.52,0.0,9.07,14715.75,0
2025-06-12,2025-06-12 14:58:00,1627.52,1627.52,1627.52,1627.52,0.0,9.07,14715.75,0
2025-06-12,2025-06-12 14:59:00,1627.52,1627.52,1627.52,1627.52,0.0,9.07,14715.75,0
2025-06-12,2025-06-12 15:00:00,1627.52,1659.8,1610.0,1627.52,0.0,9.07,14715.75,0
2025-06-15,2025-06-15 11:00:00,1600.0,1618.0,1600.0,1600.08,0.0,28.35,45892.41,1
2025-06-15,2025-06-15 11:01:00,1600.08,1600.16,1600.08,1600.16,0.0,28.35,45892.41,1
2025-06-15,2025-06-15 11:02:00,1600.16,1600.24,1600.16,1600.24,0.0,28.35,45892.41,1
2025-06-15,2025-06-15 11:03:00,1600.24,1600.32,1600.24,1600.32,0.0,28.35,45892.41,1
2025-06-15,2025-06-15 11:04:00,1600.32,1600.39,1600.32,1600.39,0.0,28.35,45892.41,1
2025-06-15,2025-06-15 11:05:00,1600.39,1600.47,1600.39,1600.47,0.0,28.35,45892.41,1
2025-06-15,2025-06-15 11:06:00,1600.47,1600.55,1600.47,1600.55,0.0,28.35,45892.41,1
2025-06-15,2025-06-15 11:07:00,1600.55,1600.63,1600.55,1600.63,0.0,28.35,45892.41,1
2025-06-15,2025-06-15 11:08:00,1600.63,1600.71,1600.63,1600.71,0.0,28.35,45892.41,1
2025-06-15,2025-06-15 11:09:00,1600.71,1600.79,1600.71,1600.79,0.0,28.35,45892.41,1
2025-06-15,2025-06-15 11:10:00,1600.79,1600.87,1600.79,1600.87,0.0,28.35,45892.41,1
2025-06-15,2025-06-15 11:11:00,1600.87,1600.95,1600.87,1600.95,0.0,28.35,45892.41,1
2025-06-15,2025-06-15 11:12:00,1600.95,1601.03,1600.95,1601.03,0.0,28.35,45892.41,1
2025-06-15,2025-06-15 11:13:00,1601.03,1601.1,1601.03,1601.1,0.0,28.35,45892.41,1
2025-06-15,2025-06-15 11:14:00,1601.1,1601.18,1601.1,1601.18,0.0,28.35,45892.41,1
2025-06-15,2025-06-15 11:15:00,1601.18,1601.26,1601.18,1601.26,0.0,28.35,45892.41,1
2025-06-15,2025-06-15 11:16:00,1601.26,1601.34,1601.26,1601.34,0.0,28.35,45892.41,1
2025-06-15,2025-06-15 11:17:00,1601.34,1601.42,1601.34,1601.42,0.0,28.35,45892.41,1
2025-06-15,2025-06-15 11:18:00,1601.42,1601.5,1601.42,1601.5,0.0,28.35,45892.41,1
2025-06-15,2025-06-15 11:19:00,1601.5,1601.58,1601.5,1601.58,0.0,28.35,45892.41,1
2025-06-15,2025-06-15 11:20:00,1601.58,1601.66,1601.58,1601.66,0.0,28.35,45892.41,1
2025-06-15,2025-06-15 11:21:00,1601.66,1601.74,1601.66,1601.74,0.0,28.35,45892.41,1
2025-06-15,2025-06-15 11:22:00,1601.74,1601.82,1601.74,1601.82,0.0,28.35,45892.41,1
2025-06-15,2025-06-15 11:23:00,1601.82,1601.89,1601.82,1601.89,0.0,28.35,45892.41,1
2025-06-15,2025-06-15 11:24:00,1601.89,1601.97,1601.89,1601.97,0.0,28.35,45892.41,1
2025-06-15,2025-06-15 11:25:00,1601.97,1602.05,1601.97,1602.05,0.0,28.35,45892.41,1
2025-06-15,2025-06-15 11:26:00,1602.05,1602.13,1602.05,1602.13,0.0,28.35,45892.41,1
2025-06-15,2025-06-15 11:27:00,1602.13,1602.21,1602.13,1602.21,0.0,28.35,45892.41,1
2025-06-15,2025-06-15 11:28:00,1602.21,1602.29,1602.21,1602.29,0.0,28.35,45892.41,1
2025-06-15,2025-06-15 11:29:00,1602.29,1602.37,1602.29,1602.37,0.0,28.35,45892.41,1
2025-06-15,2025-06-15 11:30:00,1602.37,1602.45,1602.37,1602.45,0.0,28.35,45892.41,1
2025-06-15,2025-06-15 11:31:00,1602.45,1602.53,1602.45,1602.53,0.0,28.35,45892.41,1
2025-06-15,2025-06-15 11:32:00,1602.53,1602.6,1602.53,1602.6,0.0,28.35,45892.41,1
2025-06-15,2025-06-15 11:33:00,1602.6,1602.68,1602.6,1602.68,0.0,28.35,45892.41,1
2025-06-15,2025-06-15 11:34:00,1602.68,1602.76,1602.68,1602.76,0.0,28.35,45892.41,1
2025-06-15,2025-06-15 11:35:00,1602.76,1602.84,1602.76,1602.84,0.0,28.35,45892.41,1
2025-06-15,2025-06-15 11:36:00,1602.84,1602.92,1602.84,1602.92,0.0,28.35,45892.41,1
2025-06-15,2025-06-15 11:37:00,1602.92,1603.0,1602.92,1603.0,0.0,28.35,45892.41,1
2025-06-15,2025-06-15 11:38:00,1603.0,1603.08,1603.0,1603.08,0.0,28.35,45892.41,1
2025-06-15,2025-06-15 11:39:00,1603.08,1603.16,1603.08,1603.16,0.0,28.35,45892.41,1
2025-06-15,2025-06-15 11:40:00,1603.16,1603.24,1603.16,1603.24,0.0,28.35,45892.41,1
2025-06-15,2025-06-15 11:41:00,1603.24,1603.31,1603.24,1603.31,0.0,28.35,45892.41,1
2025-06-15,2025-06-15 11:42:00,1603.31,1603.39,1603.31,1603.39,0.0,28.35,45892.41,1
2025-06-15,2025-06-15 11:43:00,1603.39,1603.47,1603.39,1603.47,0.0,28.35,45892.41,1
2025-06-15,2025-06-15 11:44:00,1603.47,1603.55,1603.47,1603.55,0.0,28.35,45892.41,1
2025-06-15,2025-06-15 11:45:00,1603.55,1603.63,1603.55,1603.63,0.0,28.35,45892.41,1
2025-06-15,2025-06-15 11:46:00,1603.63,1603.71,1603.63,1603.71,0.0,28.35,45892.41,1
2025-06-15,2025-06-15 11:47:00,1603.71,1603.79,1603.71,1603.79,0.0,28.35,45892.41,1
2025-06-15,2025-06-15 11:48:00,1603.79,1603.87,1603.79,1603.87,0.0,28.35,45892.41,1
2025-06-15,2025-06-15 11:49:00,1603.87,1603.95,1603.87,1603.95,0.0,28.35,45892.41,1
2025-06-15,2025-06-15 11:50:00,1603.95,1604.02,1603.95,1604.02,0.0,28.35,45892.41,1
2025-06-15,2025-06-15 11:51:00,1604.02,1604.1,1604.02,1604.1,0.0,28.35,45892.41,1
2025-06-15,2025-06-15 11:52:00,1604.1,1604.18,1604.1,1604.18,0.0,28.35,45892.41,1
2025-06-15,2025-06-15 11:53:00,1604.18,1604.26,1604.18,1604.26,0.0,28.35,45892.41,1
2025-06-15,2025-06-15 11:54:00,1604.26,1604.34,1604.26,1604.34,0.0,28.35,45892.41,1
2025-06-15,2025-06-15 11:55:00,1604.34,1604.42,1604.34,1604.42,0.0,28.35,45892.41,1
2025-06-15,2025-06-15 11:56:00,1604.42,1604.5,1604.42,1604.5,0.0,28.35,45892.41,1
2025-06-15,2025-06-15 11:57:00,1604.5,1604.58,1604.5,1604.58,0.0,28.35,45892.41,1
2025-06-15,2025-06-15 11:58:00,1604.58,1604.66,1604.58,1604.66,0.0,28.35,45892.41,1
2025-06-15,2025-06-15 11:59:00,1604.66,1604.74,1604.66,1604.74,0.0,28.35,45892.41,1
2025-06-15,2025-06-15 12:00:00,1604.74,1604.81,1604.74,1604.81,0.0,28.35,45892.41,1
2025-06-15,2025-06-15 12:01:00,1604.81,1604.89,1604.81,1604.89,0.0,28.35,45892.41,1
2025-06-15,2025-06-15 12:02:00,1604.89,1604.97,1604.89,1604.97,0.0,28.35,45892.41,1
2025-06-15,2025-06-15 12:03:00,1604.97,1605.05,1604.97,1605.05,0.0,28.35,45892.41,1
2025-06-15,2025-06-15 12:04:00,1605.05,1605.13,1605.05,1605.13,0.0,28.35,45892.41,1
2025-06-15,2025-06-15 12:05:00,1605.13,1605.21,1605.13,1605.21,0.0,28.35,45892.41,1
2025-06-15,2025-06-15 12:06:00,1605.21,1605.29,1605.21,1605.29,0.0,28.35,45892.41,1
2025-06-15,2025-06-15 12:07:00,1605.29,1605.37,1605.29,1605.37,0.0,28.35,45892.41,1
2025-06-15,2025-06-15 12:08:00,1605.37,1605.45,1605.37,1605.45,0.0,28.35,45892.41,1
2025-06-15,2025-06-15 12:09:00,1605.45,1605.52,1605.45,1605.52,0.0,28.35,45892.41,1
2025-06-15,2025-06-15 12:10:00,1605.52,1605.6,1605.52,1605.6,0.0,28.35,45892.41,1
2025-06-15,2025-06-15 12:11:00,1605.6,1605.68,1605.6,1605.68,0.0,28.35,45892.41,1
2025-06-15,2025-06-15 12:12:00,1605.68,1605.76,1605.68,1605.76,0.0,28.35,45892.41,1
2025-06-15,2025-06-15 12:13:00,1605.76,1605.84,1605.76,1605.84,0.0,28.35,45892.41,1
2025-06-15,2025-06-15 12:14:00,1605.84,1605.92,1605.84,1605.92,0.0,28.35,45892.41,1
2025-06-15,2025-06-15 12:15:00,1605.92,1606.0,1605.92,1606.0,0.0,28.35,45892.41,1
2025-06-15,2025-06-15 12:16:00,1606.0,1606.08,1606.0,1606.08,0.0,28.35,45892.41,1
2025-06-15,2025-06-15 12:17:00,1606.08,1606.16,1606.08,1606.16,0.0,28.35,45892.41,1
2025-06-15,2025-06-15 12:18:00,1606.16,1606.23,1606.16,1606.23,0.0,28.35,45892.41,1
2025-06-15,2025-06-15 12:19:00,1606.23,1606.31,1606.23,1606.31,0.0,28.35,45892.41,1
2025-06-15,2025-06-15 12:20:00,1606.31,1606.39,1606.31,1606.39,0.0,28.35,45892.41,1
2025-06-15,2025-06-15 12:21:00,1606.39,1606.47,1606.39,1606.47,0.0,28.35,45892.41,1
2025-06-15,2025-06-15 12:22:00,1606.47,1606.55,1606.47,1606.55,0.0,28.35,45892.41,1
2025-06-15,2025-06-15 12:23:00,1606.55,1606.63,1606.55,1606.63,0.0,28.35,45892.41,1
2025-06-15,2025-06-15 12:24:00,1606.63,1606.71,1606.63,1606.71,0.0,28.35,45892.41,1
2025-06-15,2025-06-15 12:25:00,1606.71,1606.79,1606.71,1606.79,0.0,28.35,45892.41,1
2025-06-15,2025-06-15 12:26:00,1606.79,1606.87,1606.79,1606.87,0.0,28.35,45892.41,1
2025-06-15,2025-06-15 12:27:00,1606.87,1606.94,1606.87,1606.94,0.0,28.35,45892.41,1
2025-06-15,2025-06-15 12:28:00,1606.94,1607.02,1606.94,1607.02,0.0,28.35,45892.41,1
2025-06-15,2025-06-15 12:29:00,1607.02,1607.1,1607.02,1607.1,0.0,28.35,45892.41,1
2025-06-15,2025-06-15 12:30:00,1607.1,1607.18,1607.1,1607.18,0.0,28.35,45892.41,1
2025-06-15,2025-06-15 12:31:00,1607.18,1607.26,1607.18,1607.26,0.0,28.35,45892.41,1
2025-06-15,2025-06-15 12:32:00,1607.26,1607.34,1607.26,1607.34,0.0,28.35,45892.41,1
2025-06-15,2025-06-15 12:33:00,1607.34,1607.42,1607.34,1607.42,0.0,28.35,45892.41,1
2025-06-15,2025-06-15 12:34:00,1607.42,1607.5,1607.42,1607.5,0.0,28.35,45892.41,1
2025-06-15,2025-06-15 12:35:00,1607.5,1607.58,1607.5,1607.58,0.0,28.35,45892.41,1
2025-06-15,2025-06-15 12:36:00,1607.58,1607.65,1607.58,1607.65,0.0,28.35,45892.41,1
2025-06-15,2025-06-15 12:37:00,1607.65,1607.73,1607.65,1607.73,0.0,28.35,45892.41,1
2025-06-15,2025-06-15 12:38:00,1607.73,1607.81,1607.73,1607.81,0.0,28.35,45892.41,1
2025-06-15,2025-06-15 12:39:00,1607.81,1607.89,1607.81,1607.89,0.0,28.35,45892.41,1
2025-06-15,2025-06-15 12:40:00,1607.89,1607.97,1607.89,1607.97,0.0,28.35,45892.41,1
2025-06-15,2025-06-15 12:41:00,1607.97,1608.05,1607.97,1608.05,0.0,28.35,45892.41,1
2025-06-15,2025-06-15 12:42:00,1608.05,1608.13,1608.05,1608.13,0.0,28.35,45892.41,1
2025-06-15,2025-06-15 12:43:00,1608.13,1608.21,1608.13,1608.21,0.0,28.35,45892.41,1
2025-06-15,2025-06-15 12:44:00,1608.21,1608.29,1608.21,1608.29,0.0,28.35,45892.41,1
2025-06-15,2025-06-15 12:45:00,1608.29,1608.37,1608.29,1608.37,0.0,28.35,45892.41,1
2025-06-15,2025-06-15 12:46:00,1608.37,1608.44,1608.37,1608.44,0.0,28.35,45892.41,1
2025-06-15,2025-06-15 12:47:00,1608.44,1608.52,1608.44,1608.52,0.0,28.35,45892.41,1
2025-06-15,2025-06-15 12:48:00,1608.52,1608.6,1608.52,1608.6,0.0,28.35,45892.41,1
2025-06-15,2025-06-15 12:49:00,1608.6,1608.68,1608.6,1608.68,0.0,28.35,45892.41,1
2025-06-15,2025-06-15 12:50:00,1608.68,1608.76,1608.68,1608.76,0.0,28.35,45892.41,1
2025-06-15,2025-06-15 12:51:00,1608.76,1608.84,1608.76,1608.84,0.0,28.35,45892.41,1
2025-06-15,2025-06-15 12:52:00,1608.84,1608.92,1608.84,1608.92,0.0,28.35,45892.41,1
2025-06-15,2025-06-15 12:53:00,1608.92,1609.0,1608.92,1609.0,0.0,28.35,45892.41,1
2025-06-15,2025-06-15 12:54:00,1609.0,1609.08,1609.0,1609.08,0.0,28.35,45892.41,1
2025-06-15,2025-06-15 12:55:00,1609.08,1609.15,1609.08,1609.15,0.0,28.35,45892.41,1
2025-06-15,2025-06-15 12:56:00,1609.15,1609.23,1609.15,1609.23,0.0,28.35,45892.41,1
2025-06-15,2025-06-15 12:57:00,1609.23,1609.31,1609.23,1609.31,0.0,28.35,45892.41,1
2025-06-15,2025-06-15 12:58:00,1609.31,1609.39,1609.31,1609.39,0.0,28.35,45892.41,1
2025-06-15,2025-06-15 12:59:00,1609.39,1609.47,1609.39,1609.47,0.0,28.35,45892.41,1
2025-06-15,2025-06-15 13:00:00,1609.47,1660.0,1600.0,1609.55,0.0,28.35,45892.41,1
2025-06-15,2025-06-15 13:01:00,1609.55,1609.63,1609.55,1609.63,0.0,28.35,45892.41,1
2025-06-15,2025-06-15 13:02:00,1609.63,1609.71,1609.63,1609.71,0.0,28.35,45892.41,1
2025-06-15,2025-06-15 13:03:00,1609.71,1609.79,1609.71,1609.79,0.0,28.35,45892.41,1
2025-06-15,2025-06-15 13:04:00,1609.79,1609.86,1609.79,1609.86,0.0,28.35,45892.41,1
2025-06-15,2025-06-15 13:05:00,1609.86,1609.94,1609.86,1609.94,0.0,28.35,45892.41,1
2025-06-15,2025-06-15 13:06:00,1609.94,1610.02,1609.94,1610.02,0.0,28.35,45892.41,1
2025-06-15,2025-06-15 13:07:00,1610.02,1610.1,1610.02,1610.1,0.0,28.35,45892.41,1
2025-06-15,2025-06-15 13:08:00,1610.1,1610.18,1610.1,1610.18,0.0,28.35,45892.41,1
2025-06-15,2025-06-15 13:09:00,1610.18,1610.26,1610.18,1610.26,0.0,28.35,45892.41,1
2025-06-15,2025-06-15 13:10:00,1610.26,1610.34,1610.26,1610.34,0.0,28.35,45892.41,1
2025-06-15,2025-06-15 13:11:00,1610.34,1610.42,1610.34,1610.42,0.0,28.35,45892.41,1
2025-06-15,2025-06-15 13:12:00,1610.42,1610.5,1610.42,1610.5,0.0,28.35,45892.41,1
2025-06-15,2025-06-15 13:13:00,1610.5,1610.57,1610.5,1610.57,0.0,28.35,45892.41,1
2025-06-15,2025-06-15 13:14:00,1610.57,1610.65,1610.57,1610.65,0.0,28.35,45892.41,1
2025-06-15,2025-06-15 13:15:00,1610.65,1610.73,1610.65,1610.73,0.0,28.35,45892.41,1
2025-06-15,2025-06-15 13:16:00,1610.73,1610.81,1610.73,1610.81,0.0,28.35,45892.41,1
2025-06-15,2025-06-15 13:17:00,1610.81,1610.89,1610.81,1610.89,0.0,28.35,45892.41,1
2025-06-15,2025-06-15 13:18:00,1610.89,1610.97,1610.89,1610.97,0.0,28.35,45892.41,1
2025-06-15,2025-06-15 13:19:00,1610.97,1611.05,1610.97,1611.05,0.0,28.35,45892.41,1
2025-06-15,2025-06-15 13:20:00,1611.05,1611.13,1611.05,1611.13,0.0,28.35,45892.41,1
2025-06-15,2025-06-15 13:21:00,1611.13,1611.21,1611.13,1611.21,0.0,28.35,45892.41,1
2025-06-15,2025-06-15 13:22:00,1611.21,1611.29,1611.21,1611.29,0.0,28.35,45892.41,1
2025-06-15,2025-06-15 13:23:00,1611.29,1611.36,1611.29,1611.36,0.0,28.35,45892.41,1
2025-06-15,2025-06-15 13:24:00,1611.36,1611.44,1611.36,1611.44,0.0,28.35,45892.41,1
2025-06-15,2025-06-15 13:25:00,1611.44,1611.52,1611.44,1611.52,0.0,28.35,45892.41,1
2025-06-15,2025-06-15 13:26:00,1611.52,1611.6,1611.52,1611.6,0.0,28.35,45892.41,1
2025-06-15,2025-06-15 13:27:00,1611.6,1611.68,1611.6,1611.68,0.0,28.35,45892.41,1
2025-06-15,2025-06-15 13:28:00,1611.68,1611.76,1611.68,1611.76,0.0,28.35,45892.41,1
2025-06-15,2025-06-15 13:29:00,1611.76,1611.84,1611.76,1611.84,0.0,28.35,45892.41,1
2025-06-15,2025-06-15 13:30:00,1611.84,1611.92,1611.84,1611.92,0.0,28.35,45892.41,1
2025-06-15,2025-06-15 13:31:00,1611.92,1612.0,1611.92,1612.0,0.0,28.35,45892.41,1
2025-06-15,2025-06-15 13:32:00,1612.0,1612.07,1612.0,1612.07,0.0,28.35,45892.41,1
2025-06-15,2025-06-15 13:33:00,1612.07,1612.15,1612.07,1612.15,0.0,28.35,45892.41,1
2025-06-15,2025-06-15 13:34:00,1612.15,1612.23,1612.15,1612.23,0.0,28.35,45892.41,1
2025-06-15,2025-06-15 13:35:00,1612.23,1612.31,1612.23,1612.31,0.0,28.35,45892.41,1
2025-06-15,2025-06-15 13:36:00,1612.31,1612.39,1612.31,1612.39,0.0,28.35,45892.41,1
2025-06-15,2025-06-15 13:37:00,1612.39,1612.47,1612.39,1612.47,0.0,28.35,45892.41,1
2025-06-15,2025-06-15 13:38:00,1612.47,1612.55,1612.47,1612.55,0.0,28.35,45892.41,1
2025-06-15,2025-06-15 13:39:00,1612.55,1612.63,1612.55,1612.63,0.0,28.35,45892.41,1
2025-06-15,2025-06-15 13:40:00,1612.63,1612.71,1612.63,1612.71,0.0,28.35,45892.41,1
2025-06-15,2025-06-15 13:41:00,1612.71,1612.78,1612.71,1612.78,0.0,28.35,45892.41,1
2025-06-15,2025-06-15 13:42:00,1612.78,1612.86,1612.78,1612.86,0.0,28.35,45892.41,1
2025-06-15,2025-06-15 13:43:00,1612.86,1612.94,1612.86,1612.94,0.0,28.35,45892.41,1
2025-06-15,2025-06-15 13:44:00,1612.94,1613.02,1612.94,1613.02,0.0,28.35,45892.41,1
2025-06-15,2025-06-15 13:45:00,1613.02,1613.1,1613.02,1613.1,0.0,28.35,45892.41,1
2025-06-15,2025-06-15 13:46:00,1613.1,1613.18,1613.1,1613.18,0.0,28.35,45892.41,1
2025-06-15,2025-06-15 13:47:00,1613.18,1613.26,1613.18,1613.26,0.0,28.35,45892.41,1
2025-06-15,2025-06-15 13:48:00,1613.26,1613.34,1613.26,1613.34,0.0,28.35,45892.41,1
2025-06-15,2025-06-15 13:49:00,1613.34,1613.42,1613.34,1613.42,0.0,28.35,45892.41,1
2025-06-15,2025-06-15 13:50:00,1613.42,1613.49,1613.42,1613.49,0.0,28.35,45892.41,1
2025-06-15,2025-06-15 13:51:00,1613.49,1613.57,1613.49,1613.57,0.0,28.35,45892.41,1
2025-06-15,2025-06-15 13:52:00,1613.57,1613.65,1613.57,1613.65,0.0,28.35,45892.41,1
2025-06-15,2025-06-15 13:53:00,1613.65,1613.73,1613.65,1613.73,0.0,28.35,45892.41,1
2025-06-15,2025-06-15 13:54:00,1613.73,1613.81,1613.73,1613.81,0.0,28.35,45892.41,1
2025-06-15,2025-06-15 13:55:00,1613.81,1613.89,1613.81,1613.89,0.0,28.35,45892.41,1
2025-06-15,2025-06-15 13:56:00,1613.89,1613.97,1613.89,1613.97,0.0,28.35,45892.41,1
2025-06-15,2025-06-15 13:57:00,1613.97,1614.05,1613.97,1614.05,0.0,28.35,45892.41,1
2025-06-15,2025-06-15 13:58:00,1614.05,1614.13,1614.05,1614.13,0.0,28.35,45892.41,1
2025-06-15,2025-06-15 13:59:00,1614.13,1614.2,1614.13,1614.2,0.0,28.35,45892.41,1
2025-06-15,2025-06-15 14:00:00,1614.2,1614.28,1614.2,1614.28,0.0,28.35,45892.41,1
2025-06-15,2025-06-15 14:01:00,1614.28,1614.36,1614.28,1614.36,0.0,28.35,45892.41,1
2025-06-15,2025-06-15 14:02:00,1614.36,1614.44,1614.36,1614.44,0.0,28.35,45892.41,1
2025-06-15,2025-06-15 14:03:00,1614.44,1614.52,1614.44,1614.52,0.0,28.35,45892.41,1
2025-06-15,2025-06-15 14:04:00,1614.52,1614.6,1614.52,1614.6,0.0,28.35,45892.41,1
2025-06-15,2025-06-15 14:05:00,1614.6,1614.68,1614.6,1614.68,0.0,28.35,45892.41,1
2025-06-15,2025-06-15 14:06:00,1614.68,1614.76,1614.68,1614.76,0.0,28.35,45892.41,1
2025-06-15,2025-06-15 14:07:00,1614.76,1614.84,1614.76,1614.84,0.0,28.35,45892.41,1
2025-06-15,2025-06-15 14:08:00,1614.84,1614.92,1614.84,1614.92,0.0,28.35,45892.41,1
2025-06-15,2025-06-15 14:09:00,1614.92,1614.99,1614.92,1614.99,0.0,28.35,45892.41,1
2025-06-15,2025-06-15 14:10:00,1614.99,1615.07,1614.99,1615.07,0.0,28.35,45892.41,1
2025-06-15,2025-06-15 14:11:00,1615.07,1615.15,1615.07,1615.15,0.0,28.35,45892.41,1
2025-06-15,2025-06-15 14:12:00,1615.15,1615.23,1615.15,1615.23,0.0,28.35,45892.41,1
2025-06-15,2025-06-15 14:13:00,1615.23,1615.31,1615.23,1615.31,0.0,28.35,45892.41,1
2025-06-15,2025-06-15 14:14:00,1615.31,1615.39,1615.31,1615.39,0.0,28.35,45892.41,1
2025-06-15,2025-06-15 14:15:00,1615.39,1615.47,1615.39,1615.47,0.0,28.35,45892.41,1
2025-06-15,2025-06-15 14:16:00,1615.47,1615.55,1615.47,1615.55,0.0,28.35,45892.41,1
2025-06-15,2025-06-15 14:17:00,1615.55,1615.63,1615.55,1615.63,0.0,28.35,45892.41,1
2025-06-15,2025-06-15 14:18:00,1615.63,1615.7,1615.63,1615.7,0.0,28.35,45892.41,1
2025-06-15,2025-06-15 14:19:00,1615.7,1615.78,1615.7,1615.78,0.0,28.35,45892.41,1
2025-06-15,2025-06-15 14:20:00,1615.78,1615.86,1615.78,1615.86,0.0,28.35,45892.41,1
2025-06-15,2025-06-15 14:21:00,1615.86,1615.94,1615.86,1615.94,0.0,28.35,45892.41,1
2025-06-15,2025-06-15 14:22:00,1615.94,1616.02,1615.94,1616.02,0.0,28.35,45892.41,1
2025-06-15,2025-06-15 14:23:00,1616.02,1616.1,1616.02,1616.1,0.0,28.35,45892.41,1
2025-06-15,2025-06-15 14:24:00,1616.1,1616.18,1616.1,1616.18,0.0,28.35,45892.41,1
2025-06-15,2025-06-15 14:25:00,1616.18,1616.26,1616.18,1616.26,0.0,28.35,45892.41,1
2025-06-15,2025-06-15 14:26:00,1616.26,1616.34,1616.26,1616.34,0.0,28.35,45892.41,1
2025-06-15,2025-06-15 14:27:00,1616.34,1616.41,1616.34,1616.41,0.0,28.35,45892.41,1
2025-06-15,2025-06-15 14:28:00,1616.41,1616.49,1616.41,1616.49,0.0,28.35,45892.41,1
2025-06-15,2025-06-15 14:29:00,1616.49,1616.57,1616.49,1616.57,0.0,28.35,45892.41,1
2025-06-15,2025-06-15 14:30:00,1616.57,1616.65,1616.57,1616.65,0.0,28.35,45892.41,1
2025-06-15,2025-06-15 14:31:00,1616.65,1616.73,1616.65,1616.73,0.0,28.35,45892.41,1
2025-06-15,2025-06-15 14:32:00,1616.73,1616.81,1616.73,1616.81,0.0,28.35,45892.41,1
2025-06-15,2025-06-15 14:33:00,1616.81,1616.89,1616.81,1616.89,0.0,28.35,45892.41,1
2025-06-15,2025-06-15 14:34:00,1616.89,1616.97,1616.89,1616.97,0.0,28.35,45892.41,1
2025-06-15,2025-06-15 14:35:00,1616.97,1617.05,1616.97,1617.05,0.0,28.35,45892.41,1
2025-06-15,2025-06-15 14:36:00,1617.05,1617.12,1617.05,1617.12,0.0,28.35,45892.41,1
2025-06-15,2025-06-15 14:37:00,1617.12,1617.2,1617.12,1617.2,0.0,28.35,45892.41,1
2025-06-15,2025-06-15 14:38:00,1617.2,1617.28,1617.2,1617.28,0.0,28.35,45892.41,1
2025-06-15,2025-06-15 14:39:00,1617.28,1617.36,1617.28,1617.36,0.0,28.35,45892.41,1
2025-06-15,2025-06-15 14:40:00,1617.36,1617.44,1617.36,1617.44,0.0,28.35,45892.41,1
2025-06-15,2025-06-15 14:41:00,1617.44,1617.52,1617.44,1617.52,0.0,28.35,45892.41,1
2025-06-15,2025-06-15 14:42:00,1617.52,1617.6,1617.52,1617.6,0.0,28.35,45892.41,1
2025-06-15,2025-06-15 14:43:00,1617.6,1617.68,1617.6,1617.68,0.0,28.35,45892.41,1
2025-06-15,2025-06-15 14:44:00,1617.68,1617.76,1617.68,1617.76,0.0,28.35,45892.41,1
2025-06-15,2025-06-15 14:45:00,1617.76,1617.84,1617.76,1617.84,0.0,28.35,45892.41,1
2025-06-15,2025-06-15 14:46:00,1617.84,1617.91,1617.84,1617.91,0.0,28.35,45892.41,1
2025-06-15,2025-06-15 14:47:00,1617.91,1617.99,1617.91,1617.99,0.0,28.35,45892.41,1
2025-06-15,2025-06-15 14:48:00,1617.99,1618.07,1617.99,1618.07,0.0,28.35,45892.41,1
2025-06-15,2025-06-15 14:49:00,1618.07,1618.15,1618.07,1618.15,0.0,28.35,45892.41,1
2025-06-15,2025-06-15 14:50:00,1618.15,1618.23,1618.15,1618.23,0.0,28.35,45892.41,1
2025-06-15,2025-06-15 14:51:00,1618.23,1618.31,1618.23,1618.31,0.0,28.35,45892.41,1
2025-06-15,2025-06-15 14:52:00,1618.31,1618.39,1618.31,1618.39,0.0,28.35,45892.41,1
2025-06-15,2025-06-15 14:53:00,1618.39,1618.47,1618.39,1618.47,0.0,28.35,45892.41,1
2025-06-15,2025-06-15 14:54:00,1618.47,1618.55,1618.47,1618.55,0.0,28.35,45892.41,1
2025-06-15,2025-06-15 14:55:00,1618.55,1618.62,1618.55,1618.62,0.0,28.35,45892.41,1
2025-06-15,2025-06-15 14:56:00,1618.62,1618.7,1618.62,1618.7,0.0,28.35,45892.41,1
2025-06-15,2025-06-15 14:57:00,1618.7,1618.78,1618.7,1618.78,0.0,28.35,45892.41,1
2025-06-15,2025-06-15 14:58:00,1618.78,1618.86,1618.78,1618.86,0.0,28.35,45892.41,1
2025-06-15,2025-06-15 14:59:00,1618.86,1618.94,1618.86,1618.94,0.0,28.35,45892.41,1
2025-06-15,2025-06-15 15:00:00,1618.94,1660.0,1600.0,1618.94,0.0,28.35,45892.41,0
2025-06-16,2025-06-16 11:00:00,1618.0,1647.4,1612.6,1618.1,0.01,22.36,36513.52,1
2025-06-16,2025-06-16 11:01:00,1618.1,1618.2,1618.1,1618.2,0.01,22.36,36513.52,1
2025-06-16,2025-06-16 11:02:00,1618.2,1618.3,1618.2,1618.3,0.01,22.36,36513.52,1
2025-06-16,2025-06-16 11:03:00,1618.3,1618.4,1618.3,1618.4,0.01,22.36,36513.52,1
2025-06-16,2025-06-16 11:04:00,1618.4,1618.5,1618.4,1618.5,0.01,22.36,36513.52,1
2025-06-16,2025-06-16 11:05:00,1618.5,1618.6,1618.5,1618.6,0.01,22.36,36513.52,1
2025-06-16,2025-06-16 11:06:00,1618.6,1618.7,1618.6,1618.7,0.01,22.36,36513.52,1
2025-06-16,2025-06-16 11:07:00,1618.7,1618.8,1618.7,1618.8,0.01,22.36,36513.52,1
2025-06-16,2025-06-16 11:08:00,1618.8,1618.9,1618.8,1618.9,0.01,22.36,36513.52,1
2025-06-16,2025-06-16 11:09:00,1618.9,1619.0,1618.9,1619.0,0.01,22.36,36513.52,1
2025-06-16,2025-06-16 11:10:00,1619.0,1619.1,1619.0,1619.1,0.01,22.36,36513.52,1
2025-06-16,2025-06-16 11:11:00,1619.1,1619.2,1619.1,1619.2,0.01,22.36,36513.52,1
2025-06-16,2025-06-16 11:12:00,1619.2,1619.3,1619.2,1619.3,0.01,22.36,36513.52,1
2025-06-16,2025-06-16 11:13:00,1619.3,1619.4,1619.3,1619.4,0.01,22.36,36513.52,1
2025-06-16,2025-06-16 11:14:00,1619.4,1619.5,1619.4,1619.5,0.01,22.36,36513.52,1
2025-06-16,2025-06-16 11:15:00,1619.5,1619.6,1619.5,1619.6,0.01,22.36,36513.52,1
2025-06-16,2025-06-16 11:16:00,1619.6,1619.7,1619.6,1619.7,0.01,22.36,36513.52,1
2025-06-16,2025-06-16 11:17:00,1619.7,1619.8,1619.7,1619.8,0.01,22.36,36513.52,1
2025-06-16,2025-06-16 11:18:00,1619.8,1619.9,1619.8,1619.9,0.01,22.36,36513.52,1
2025-06-16,2025-06-16 11:19:00,1619.9,1620.0,1619.9,1620.0,0.01,22.36,36513.52,1
2025-06-16,2025-06-16 11:20:00,1620.0,1620.1,1620.0,1620.1,0.01,22.36,36513.52,1
2025-06-16,2025-06-16 11:21:00,1620.1,1620.2,1620.1,1620.2,0.01,22.36,36513.52,1
2025-06-16,2025-06-16 11:22:00,1620.2,1620.3,1620.2,1620.3,0.01,22.36,36513.52,1
2025-06-16,2025-06-16 11:23:00,1620.3,1620.4,1620.3,1620.4,0.01,22.36,36513.52,1
2025-06-16,2025-06-16 11:24:00,1620.4,1620.5,1620.4,1620.5,0.01,22.36,36513.52,1
2025-06-16,2025-06-16 11:25:00,1620.5,1620.6,1620.5,1620.6,0.01,22.36,36513.52,1
2025-06-16,2025-06-16 11:26:00,1620.6,1620.7,1620.6,1620.7,0.01,22.36,36513.52,1
2025-06-16,2025-06-16 11:27:00,1620.7,1620.8,1620.7,1620.8,0.01,22.36,36513.52,1
2025-06-16,2025-06-16 11:28:00,1620.8,1620.9,1620.8,1620.9,0.01,22.36,36513.52,1
2025-06-16,2025-06-16 11:29:00,1620.9,1621.01,1620.9,1621.01,0.01,22.36,36513.52,1
2025-06-16,2025-06-16 11:30:00,1621.01,1621.11,1621.01,1621.11,0.01,22.36,36513.52,1
2025-06-16,2025-06-16 11:31:00,1621.11,1621.21,1621.11,1621.21,0.01,22.36,36513.52,1
2025-06-16,2025-06-16 11:32:00,1621.21,1621.31,1621.21,1621.31,0.01,22.36,36513.52,1
2025-06-16,2025-06-16 11:33:00,1621.31,1621.41,1621.31,1621.41,0.01,22.36,36513.52,1
2025-06-16,2025-06-16 11:34:00,1621.41,1621.51,1621.41,1621.51,0.01,22.36,36513.52,1
2025-06-16,2025-06-16 11:35:00,1621.51,1621.61,1621.51,1621.61,0.01,22.36,36513.52,1
2025-06-16,2025-06-16 11:36:00,1621.61,1621.71,1621.61,1621.71,0.01,22.36,36513.52,1
2025-06-16,2025-06-16 11:37:00,1621.71,1621.81,1621.71,1621.81,0.01,22.36,36513.52,1
2025-06-16,2025-06-16 11:38:00,1621.81,1621.91,1621.81,1621.91,0.01,22.36,36513.52,1
2025-06-16,2025-06-16 11:39:00,1621.91,1622.01,1621.91,1622.01,0.01,22.36,36513.52,1
2025-06-16,2025-06-16 11:40:00,1622.01,1622.11,1622.01,1622.11,0.01,22.36,36513.52,1
2025-06-16,2025-06-16 11:41:00,1622.11,1622.21,1622.11,1622.21,0.01,22.36,36513.52,1
2025-06-16,2025-06-16 11:42:00,1622.21,1622.31,1622.21,1622.31,0.01,22.36,36513.52,1
2025-06-16,2025-06-16 11:43:00,1622.31,1622.41,1622.31,1622.41,0.01,22.36,36513.52,1
2025-06-16,2025-06-16 11:44:00,1622.41,1622.51,1622.41,1622.51,0.01,22.36,36513.52,1
2025-06-16,2025-06-16 11:45:00,1622.51,1622.61,1622.51,1622.61,0.01,22.36,36513.52,1
2025-06-16,2025-06-16 11:46:00,1622.61,1622.71,1622.61,1622.71,0.01,22.36,36513.52,1
2025-06-16,2025-06-16 11:47:00,1622.71,1622.81,1622.71,1622.81,0.01,22.36,36513.52,1
2025-06-16,2025-06-16 11:48:00,1622.81,1622.91,1622.81,1622.91,0.01,22.36,36513.52,1
2025-06-16,2025-06-16 11:49:00,1622.91,1623.01,1622.91,1623.01,0.01,22.36,36513.52,1
2025-06-16,2025-06-16 11:50:00,1623.01,1623.11,1623.01,1623.11,0.01,22.36,36513.52,1
2025-06-16,2025-06-16 11:51:00,1623.11,1623.21,1623.11,1623.21,0.01,22.36,36513.52,1
2025-06-16,2025-06-16 11:52:00,1623.21,1623.31,1623.21,1623.31,0.01,22.36,36513.52,1
2025-06-16,2025-06-16 11:53:00,1623.31,1623.41,1623.31,1623.41,0.01,22.36,36513.52,1
2025-06-16,2025-06-16 11:54:00,1623.41,1623.51,1623.41,1623.51,0.01,22.36,36513.52,1
2025-06-16,2025-06-16 11:55:00,1623.51,1623.61,1623.51,1623.61,0.01,22.36,36513.52,1
2025-06-16,2025-06-16 11:56:00,1623.61,1623.71,1623.61,1623.71,0.01,22.36,36513.52,1
2025-06-16,2025-06-16 11:57:00,1623.71,1623.81,1623.71,1623.81,0.01,22.36,36513.52,1
2025-06-16,2025-06-16 11:58:00,1623.81,1623.91,1623.81,1623.91,0.01,22.36,36513.52,1
2025-06-16,2025-06-16 11:59:00,1623.91,1624.01,1623.91,1624.01,0.01,22.36,36513.52,1
2025-06-16,2025-06-16 12:00:00,1624.01,1624.11,1624.01,1624.11,0.01,22.36,36513.52,1
2025-06-16,2025-06-16 12:01:00,1624.11,1624.21,1624.11,1624.21,0.01,22.36,36513.52,1
2025-06-16,2025-06-16 12:02:00,1624.21,1624.31,1624.21,1624.31,0.01,22.36,36513.52,1
2025-06-16,2025-06-16 12:03:00,1624.31,1624.41,1624.31,1624.41,0.01,22.36,36513.52,1
2025-06-16,2025-06-16 12:04:00,1624.41,1624.51,1624.41,1624.51,0.01,22.36,36513.52,1
2025-06-16,2025-06-16 12:05:00,1624.51,1624.61,1624.51,1624.61,0.01,22.36,36513.52,1
2025-06-16,2025-06-16 12:06:00,1624.61,1624.71,1624.61,1624.71,0.01,22.36,36513.52,1
2025-06-16,2025-06-16 12:07:00,1624.71,1624.81,1624.71,1624.81,0.01,22.36,36513.52,1
2025-06-16,2025-06-16 12:08:00,1624.81,1624.91,1624.81,1624.91,0.01,22.36,36513.52,1
2025-06-16,2025-06-16 12:09:00,1624.91,1625.01,1624.91,1625.01,0.01,22.36,36513.52,1
2025-06-16,2025-06-16 12:10:00,1625.01,1625.11,1625.01,1625.11,0.01,22.36,36513.52,1
2025-06-16,2025-06-16 12:11:00,1625.11,1625.21,1625.11,1625.21,0.01,22.36,36513.52,1
2025-06-16,2025-06-16 12:12:00,1625.21,1625.31,1625.21,1625.31,0.01,22.36,36513.52,1
2025-06-16,2025-06-16 12:13:00,1625.31,1625.41,1625.31,1625.41,0.01,22.36,36513.52,1
2025-06-16,2025-06-16 12:14:00,1625.41,1625.51,1625.41,1625.51,0.01,22.36,36513.52,1
2025-06-16,2025-06-16 12:15:00,1625.51,1625.61,1625.51,1625.61,0.01,22.36,36513.52,1
2025-06-16,2025-06-16 12:16:00,1625.61,1625.71,1625.61,1625.71,0.01,22.36,36513.52,1
2025-06-16,2025-06-16 12:17:00,1625.71,1625.81,1625.71,1625.81,0.01,22.36,36513.52,1
2025-06-16,2025-06-16 12:18:00,1625.81,1625.91,1625.81,1625.91,0.01,22.36,36513.52,1
2025-06-16,2025-06-16 12:19:00,1625.91,1626.01,1625.91,1626.01,0.01,22.36,36513.52,1
2025-06-16,2025-06-16 12:20:00,1626.01,1626.11,1626.01,1626.11,0.01,22.36,36513.52,1
2025-06-16,2025-06-16 12:21:00,1626.11,1626.21,1626.11,1626.21,0.01,22.36,36513.52,1
2025-06-16,2025-06-16 12:22:00,1626.21,1626.31,1626.21,1626.31,0.01,22.36,36513.52,1
2025-06-16,2025-06-16 12:23:00,1626.31,1626.41,1626.31,1626.41,0.01,22.36,36513.52,1
2025-06-16,2025-06-16 12:24:00,1626.41,1626.51,1626.41,1626.51,0.01,22.36,36513.52,1
2025-06-16,2025-06-16 12:25:00,1626.51,1626.61,1626.51,1626.61,0.01,22.36,36513.52,1
2025-06-16,2025-06-16 12:26:00,1626.61,1626.71,1626.61,1626.71,0.01,22.36,36513.52,1
2025-06-16,2025-06-16 12:27:00,1626.71,1626.81,1626.71,1626.81,0.01,22.36,36513.52,1
2025-06-16,2025-06-16 12:28:00,1626.81,1626.91,1626.81,1626.91,0.01,22.36,36513.52,1
2025-06-16,2025-06-16 12:29:00,1626.91,1627.01,1626.91,1627.01,0.01,22.36,36513.52,1
2025-06-16,2025-06-16 12:30:00,1627.01,1627.12,1627.01,1627.12,0.01,22.36,36513.52,1
2025-06-16,2025-06-16 12:31:00,1627.12,1627.22,1627.12,1627.22,0.01,22.36,36513.52,1
2025-06-16,2025-06-16 12:32:00,1627.22,1627.32,1627.22,1627.32,0.01,22.36,36513.52,1
2025-06-16,2025-06-16 12:33:00,1627.32,1627.42,1627.32,1627.42,0.01,22.36,36513.52,1
2025-06-16,2025-06-16 12:34:00,1627.42,1627.52,1627.42,1627.52,0.01,22.36,36513.52,1
2025-06-16,2025-06-16 12:35:00,1627.52,1627.62,1627.52,1627.62,0.01,22.36,36513.52,1
2025-06-16,2025-06-16 12:36:00,1627.62,1627.72,1627.62,1627.72,0.01,22.36,36513.52,1
2025-06-16,2025-06-16 12:37:00,1627.72,1627.82,1627.72,1627.82,0.01,22.36,36513.52,1
2025-06-16,2025-06-16 12:38:00,1627.82,1627.92,1627.82,1627.92,0.01,22.36,36513.52,1
2025-06-16,2025-06-16 12:39:00,1627.92,1628.02,1627.92,1628.02,0.01,22.36,36513.52,1
2025-06-16,2025-06-16 12:40:00,1628.02,1628.12,1628.02,1628.12,0.01,22.36,36513.52,1
2025-06-16,2025-06-16 12:41:00,1628.12,1628.22,1628.12,1628.22,0.01,22.36,36513.52,1
2025-06-16,2025-06-16 12:42:00,1628.22,1628.32,1628.22,1628.32,0.01,22.36,36513.52,1
2025-06-16,2025-06-16 12:43:00,1628.32,1628.42,1628.32,1628.42,0.01,22.36,36513.52,1
2025-06-16,2025-06-16 12:44:00,1628.42,1628.52,1628.42,1628.52,0.01,22.36,36513.52,1
2025-06-16,2025-06-16 12:45:00,1628.52,1628.62,1628.52,1628.62,0.01,22.36,36513.52,1
2025-06-16,2025-06-16 12:46:00,1628.62,1628.72,1628.62,1628.72,0.01,22.36,36513.52,1
2025-06-16,2025-06-16 12:47:00,1628.72,1628.82,1628.72,1628.82,0.01,22.36,36513.52,1
2025-06-16,2025-06-16 12:48:00,1628.82,1628.92,1628.82,1628.92,0.01,22.36,36513.52,1
2025-06-16,2025-06-16 12:49:00,1628.92,1629.02,1628.92,1629.02,0.01,22.36,36513.52,1
2025-06-16,2025-06-16 12:50:00,1629.02,1629.12,1629.02,1629.12,0.01,22.36,36513.52,1
2025-06-16,2025-06-16 12:51:00,1629.12,1629.22,1629.12,1629.22,0.01,22.36,36513.52,1
2025-06-16,2025-06-16 12:52:00,1629.22,1629.32,1629.22,1629.32,0.01,22.36,36513.52,1
2025-06-16,2025-06-16 12:53:00,1629.32,1629.42,1629.32,1629.42,0.01,22.36,36513.52,1
2025-06-16,2025-06-16 12:54:00,1629.42,1629.52,1629.42,1629.52,0.01,22.36,36513.52,1
2025-06-16,2025-06-16 12:55:00,1629.52,1629.62,1629.52,1629.62,0.01,22.36,36513.52,1
2025-06-16,2025-06-16 12:56:00,1629.62,1629.72,1629.62,1629.72,0.01,22.36,36513.52,1
2025-06-16,2025-06-16 12:57:00,1629.72,1629.82,1629.72,1629.82,0.01,22.36,36513.52,1
2025-06-16,2025-06-16 12:58:00,1629.82,1629.92,1629.82,1629.92,0.01,22.36,36513.52,1
2025-06-16,2025-06-16 12:59:00,1629.92,1630.02,1629.92,1630.02,0.01,22.36,36513.52,1
2025-06-16,2025-06-16 13:00:00,1630.02,1716.0,1600.0,1630.12,0.01,22.36,36513.52,1
2025-06-16,2025-06-16 13:01:00,1630.12,1630.22,1630.12,1630.22,0.01,22.36,36513.52,1
2025-06-16,2025-06-16 13:02:00,1630.22,1630.32,1630.22,1630.32,0.01,22.36,36513.52,1
2025-06-16,2025-06-16 13:03:00,1630.32,1630.42,1630.32,1630.42,0.01,22.36,36513.52,1
2025-06-16,2025-06-16 13:04:00,1630.42,1630.52,1630.42,1630.52,0.01,22.36,36513.52,1
2025-06-16,2025-06-16 13:05:00,1630.52,1630.62,1630.52,1630.62,0.01,22.36,36513.52,1
2025-06-16,2025-06-16 13:06:00,1630.62,1630.72,1630.62,1630.72,0.01,22.36,36513.52,1
2025-06-16,2025-06-16 13:07:00,1630.72,1630.82,1630.72,1630.82,0.01,22.36,36513.52,1
2025-06-16,2025-06-16 13:08:00,1630.82,1630.92,1630.82,1630.92,0.01,22.36,36513.52,1
2025-06-16,2025-06-16 13:09:00,1630.92,1631.02,1630.92,1631.02,0.01,22.36,36513.52,1
2025-06-16,2025-06-16 13:10:00,1631.02,1631.12,1631.02,1631.12,0.01,22.36,36513.52,1
2025-06-16,2025-06-16 13:11:00,1631.12,1631.22,1631.12,1631.22,0.01,22.36,36513.52,1
2025-06-16,2025-06-16 13:12:00,1631.22,1631.32,1631.22,1631.32,0.01,22.36,36513.52,1
2025-06-16,2025-06-16 13:13:00,1631.32,1631.42,1631.32,1631.42,0.01,22.36,36513.52,1
2025-06-16,2025-06-16 13:14:00,1631.42,1631.52,1631.42,1631.52,0.01,22.36,36513.52,1
2025-06-16,2025-06-16 13:15:00,1631.52,1631.62,1631.52,1631.62,0.01,22.36,36513.52,1
2025-06-16,2025-06-16 13:16:00,1631.62,1631.72,1631.62,1631.72,0.01,22.36,36513.52,1
2025-06-16,2025-06-16 13:17:00,1631.72,1631.82,1631.72,1631.82,0.01,22.36,36513.52,1
2025-06-16,2025-06-16 13:18:00,1631.82,1631.92,1631.82,1631.92,0.01,22.36,36513.52,1
2025-06-16,2025-06-16 13:19:00,1631.92,1632.02,1631.92,1632.02,0.01,22.36,36513.52,1
2025-06-16,2025-06-16 13:20:00,1632.02,1632.12,1632.02,1632.12,0.01,22.36,36513.52,1
2025-06-16,2025-06-16 13:21:00,1632.12,1632.22,1632.12,1632.22,0.01,22.36,36513.52,1
2025-06-16,2025-06-16 13:22:00,1632.22,1632.32,1632.22,1632.32,0.01,22.36,36513.52,1
2025-06-16,2025-06-16 13:23:00,1632.32,1632.42,1632.32,1632.42,0.01,22.36,36513.52,1
2025-06-16,2025-06-16 13:24:00,1632.42,1632.52,1632.42,1632.52,0.01,22.36,36513.52,1
2025-06-16,2025-06-16 13:25:00,1632.52,1632.62,1632.52,1632.62,0.01,22.36,36513.52,1
2025-06-16,2025-06-16 13:26:00,1632.62,1632.72,1632.62,1632.72,0.01,22.36,36513.52,1
2025-06-16,2025-06-16 13:27:00,1632.72,1632.82,1632.72,1632.82,0.01,22.36,36513.52,1
2025-06-16,2025-06-16 13:28:00,1632.82,1632.92,1632.82,1632.92,0.01,22.36,36513.52,1
2025-06-16,2025-06-16 13:29:00,1632.92,1633.03,1632.92,1633.03,0.01,22.36,36513.52,1
2025-06-16,2025-06-16 13:30:00,1633.03,1633.13,1633.03,1633.13,0.01,22.36,36513.52,1
2025-06-16,2025-06-16 13:31:00,1633.13,1633.23,1633.13,1633.23,0.01,22.36,36513.52,1
2025-06-16,2025-06-16 13:32:00,1633.23,1633.33,1633.23,1633.33,0.01,22.36,36513.52,1
2025-06-16,2025-06-16 13:33:00,1633.33,1633.43,1633.33,1633.43,0.01,22.36,36513.52,1
2025-06-16,2025-06-16 13:34:00,1633.43,1633.53,1633.43,1633.53,0.01,22.36,36513.52,1
2025-06-16,2025-06-16 13:35:00,1633.53,1633.63,1633.53,1633.63,0.01,22.36,36513.52,1
2025-06-16,2025-06-16 13:36:00,1633.63,1633.73,1633.63,1633.73,0.01,22.36,36513.52,1
2025-06-16,2025-06-16 13:37:00,1633.73,1633.83,1633.73,1633.83,0.01,22.36,36513.52,1
2025-06-16,2025-06-16 13:38:00,1633.83,1633.93,1633.83,1633.93,0.01,22.36,36513.52,1
2025-06-16,2025-06-16 13:39:00,1633.93,1634.03,1633.93,1634.03,0.01,22.36,36513.52,1
2025-06-16,2025-06-16 13:40:00,1634.03,1634.13,1634.03,1634.13,0.01,22.36,36513.52,1
2025-06-16,2025-06-16 13:41:00,1634.13,1634.23,1634.13,1634.23,0.01,22.36,36513.52,1
2025-06-16,2025-06-16 13:42:00,1634.23,1634.33,1634.23,1634.33,0.01,22.36,36513.52,1
2025-06-16,2025-06-16 13:43:00,1634.33,1634.43,1634.33,1634.43,0.01,22.36,36513.52,1
2025-06-16,2025-06-16 13:44:00,1634.43,1634.53,1634.43,1634.53,0.01,22.36,36513.52,1
2025-06-16,2025-06-16 13:45:00,1634.53,1634.63,1634.53,1634.63,0.01,22.36,36513.52,1
2025-06-16,2025-06-16 13:46:00,1634.63,1634.73,1634.63,1634.73,0.01,22.36,36513.52,1
2025-06-16,2025-06-16 13:47:00,1634.73,1634.83,1634.73,1634.83,0.01,22.36,36513.52,1
2025-06-16,2025-06-16 13:48:00,1634.83,1634.93,1634.83,1634.93,0.01,22.36,36513.52,1
2025-06-16,2025-06-16 13:49:00,1634.93,1635.03,1634.93,1635.03,0.01,22.36,36513.52,1
2025-06-16,2025-06-16 13:50:00,1635.03,1635.13,1635.03,1635.13,0.01,22.36,36513.52,1
2025-06-16,2025-06-16 13:51:00,1635.13,1635.23,1635.13,1635.23,0.01,22.36,36513.52,1
2025-06-16,2025-06-16 13:52:00,1635.23,1635.33,1635.23,1635.33,0.01,22.36,36513.52,1
2025-06-16,2025-06-16 13:53:00,1635.33,1635.43,1635.33,1635.43,0.01,22.36,36513.52,1
2025-06-16,2025-06-16 13:54:00,1635.43,1635.53,1635.43,1635.53,0.01,22.36,36513.52,1
2025-06-16,2025-06-16 13:55:00,1635.53,1635.63,1635.53,1635.63,0.01,22.36,36513.52,1
2025-06-16,2025-06-16 13:56:00,1635.63,1635.73,1635.63,1635.73,0.01,22.36,36513.52,1
2025-06-16,2025-06-16 13:57:00,1635.73,1635.83,1635.73,1635.83,0.01,22.36,36513.52,1
2025-06-16,2025-06-16 13:58:00,1635.83,1635.93,1635.83,1635.93,0.01,22.36,36513.52,1
2025-06-16,2025-06-16 13:59:00,1635.93,1636.03,1635.93,1636.03,0.01,22.36,36513.52,1
2025-06-16,2025-06-16 14:00:00,1636.03,1636.13,1636.03,1636.13,0.01,22.36,36513.52,1
2025-06-16,2025-06-16 14:01:00,1636.13,1636.23,1636.13,1636.23,0.01,22.36,36513.52,1
2025-06-16,2025-06-16 14:02:00,1636.23,1636.33,1636.23,1636.33,0.01,22.36,36513.52,1
2025-06-16,2025-06-16 14:03:00,1636.33,1636.43,1636.33,1636.43,0.01,22.36,36513.52,1
2025-06-16,2025-06-16 14:04:00,1636.43,1636.53,1636.43,1636.53,0.01,22.36,36513.52,1
2025-06-16,2025-06-16 14:05:00,1636.53,1636.63,1636.53,1636.63,0.01,22.36,36513.52,1
2025-06-16,2025-06-16 14:06:00,1636.63,1636.73,1636.63,1636.73,0.01,22.36,36513.52,1
2025-06-16,2025-06-16 14:07:00,1636.73,1636.83,1636.73,1636.83,0.01,22.36,36513.52,1
2025-06-16,2025-06-16 14:08:00,1636.83,1636.93,1636.83,1636.93,0.01,22.36,36513.52,1
2025-06-16,2025-06-16 14:09:00,1636.93,1637.03,1636.93,1637.03,0.01,22.36,36513.52,1
2025-06-16,2025-06-16 14:10:00,1637.03,1637.13,1637.03,1637.13,0.01,22.36,36513.52,1
2025-06-16,2025-06-16 14:11:00,1637.13,1637.23,1637.13,1637.23,0.01,22.36,36513.52,1
2025-06-16,2025-06-16 14:12:00,1637.23,1637.33,1637.23,1637.33,0.01,22.36,36513.52,1
2025-06-16,2025-06-16 14:13:00,1637.33,1637.43,1637.33,1637.43,0.01,22.36,36513.52,1
2025-06-16,2025-06-16 14:14:00,1637.43,1637.53,1637.43,1637.53,0.01,22.36,36513.52,1
2025-06-16,2025-06-16 14:15:00,1637.53,1637.63,1637.53,1637.63,0.01,22.36,36513.52,1
2025-06-16,2025-06-16 14:16:00,1637.63,1637.73,1637.63,1637.73,0.01,22.36,36513.52,1
2025-06-16,2025-06-16 14:17:00,1637.73,1637.83,1637.73,1637.83,0.01,22.36,36513.52,1
2025-06-16,2025-06-16 14:18:00,1637.83,1637.93,1637.83,1637.93,0.01,22.36,36513.52,1
2025-06-16,2025-06-16 14:19:00,1637.93,1638.03,1637.93,1638.03,0.01,22.36,36513.52,1
2025-06-16,2025-06-16 14:20:00,1638.03,1638.13,1638.03,1638.13,0.01,22.36,36513.52,1
2025-06-16,2025-06-16 14:21:00,1638.13,1638.23,1638.13,1638.23,0.01,22.36,36513.52,1
2025-06-16,2025-06-16 14:22:00,1638.23,1638.33,1638.23,1638.33,0.01,22.36,36513.52,1
2025-06-16,2025-06-16 14:23:00,1638.33,1638.43,1638.33,1638.43,0.01,22.36,36513.52,1
2025-06-16,2025-06-16 14:24:00,1638.43,1638.53,1638.43,1638.53,0.01,22.36,36513.52,1
2025-06-16,2025-06-16 14:25:00,1638.53,1638.63,1638.53,1638.63,0.01,22.36,36513.52,1
2025-06-16,2025-06-16 14:26:00,1638.63,1638.73,1638.63,1638.73,0.01,22.36,36513.52,1
2025-06-16,2025-06-16 14:27:00,1638.73,1638.83,1638.73,1638.83,0.01,22.36,36513.52,1
2025-06-16,2025-06-16 14:28:00,1638.83,1638.93,1638.83,1638.93,0.01,22.36,36513.52,1
2025-06-16,2025-06-16 14:29:00,1638.93,1639.03,1638.93,1639.03,0.01,22.36,36513.52,1
2025-06-16,2025-06-16 14:30:00,1639.03,1639.14,1639.03,1639.14,0.01,22.36,36513.52,1
2025-06-16,2025-06-16 14:31:00,1639.14,1639.24,1639.14,1639.24,0.01,22.36,36513.52,1
2025-06-16,2025-06-16 14:32:00,1639.24,1639.34,1639.24,1639.34,0.01,22.36,36513.52,1
2025-06-16,2025-06-16 14:33:00,1639.34,1639.44,1639.34,1639.44,0.01,22.36,36513.52,1
2025-06-16,2025-06-16 14:34:00,1639.44,1639.54,1639.44,1639.54,0.01,22.36,36513.52,1
2025-06-16,2025-06-16 14:35:00,1639.54,1639.64,1639.54,1639.64,0.01,22.36,36513.52,1
2025-06-16,2025-06-16 14:36:00,1639.64,1639.74,1639.64,1639.74,0.01,22.36,36513.52,1
2025-06-16,2025-06-16 14:37:00,1639.74,1639.84,1639.74,1639.84,0.01,22.36,36513.52,1
2025-06-16,2025-06-16 14:38:00,1639.84,1639.94,1639.84,1639.94,0.01,22.36,36513.52,1
2025-06-16,2025-06-16 14:39:00,1639.94,1640.04,1639.94,1640.04,0.01,22.36,36513.52,1
2025-06-16,2025-06-16 14:40:00,1640.04,1640.14,1640.04,1640.14,0.01,22.36,36513.52,1
2025-06-16,2025-06-16 14:41:00,1640.14,1640.24,1640.14,1640.24,0.01,22.36,36513.52,1
2025-06-16,2025-06-16 14:42:00,1640.24,1640.34,1640.24,1640.34,0.01,22.36,36513.52,1
2025-06-16,2025-06-16 14:43:00,1640.34,1640.44,1640.34,1640.44,0.01,22.36,36513.52,1
2025-06-16,2025-06-16 14:44:00,1640.44,1640.54,1640.44,1640.54,0.01,22.36,36513.52,1
2025-06-16,2025-06-16 14:45:00,1640.54,1640.64,1640.54,1640.64,0.01,22.36,36513.52,1
2025-06-16,2025-06-16 14:46:00,1640.64,1640.74,1640.64,1640.74,0.01,22.36,36513.52,1
2025-06-16,2025-06-16 14:47:00,1640.74,1640.84,1640.74,1640.84,0.01,22.36,36513.52,1
2025-06-16,2025-06-16 14:48:00,1640.84,1640.94,1640.84,1640.94,0.01,22.36,36513.52,1
2025-06-16,2025-06-16 14:49:00,1640.94,1641.04,1640.94,1641.04,0.01,22.36,36513.52,1
2025-06-16,2025-06-16 14:50:00,1641.04,1641.14,1641.04,1641.14,0.01,22.36,36513.52,1
2025-06-16,2025-06-16 14:51:00,1641.14,1641.24,1641.14,1641.24,0.01,22.36,36513.52,1
2025-06-16,2025-06-16 14:52:00,1641.24,1641.34,1641.24,1641.34,0.01,22.36,36513.52,1
2025-06-16,2025-06-16 14:53:00,1641.34,1641.44,1641.34,1641.44,0.01,22.36,36513.52,1
2025-06-16,2025-06-16 14:54:00,1641.44,1641.54,1641.44,1641.54,0.01,22.36,36513.52,1
2025-06-16,2025-06-16 14:55:00,1641.54,1641.64,1641.54,1641.64,0.01,22.36,36513.52,1
2025-06-16,2025-06-16 14:56:00,1641.64,1641.74,1641.64,1641.74,0.01,22.36,36513.52,1
2025-06-16,2025-06-16 14:57:00,1641.74,1641.84,1641.74,1641.84,0.01,22.36,36513.52,1
2025-06-16,2025-06-16 14:58:00,1641.84,1641.94,1641.84,1641.94,0.01,22.36,36513.52,1
2025-06-16,2025-06-16 14:59:00,1641.94,1642.04,1641.94,1642.04,0.01,22.36,36513.52,1
2025-06-16,2025-06-16 15:00:00,1642.04,1716.0,1600.0,1642.04,0.0,22.36,36513.52,0
2025-06-17,2025-06-17 11:00:00,1612.0,1634.77,1612.0,1612.18,0.01,18.31,30545.51,1
2025-06-17,2025-06-17 11:01:00,1612.18,1612.36,1612.18,1612.36,0.01,18.31,30545.51,1
2025-06-17,2025-06-17 11:02:00,1612.36,1612.54,1612.36,1612.54,0.01,18.31,30545.51,1
2025-06-17,2025-06-17 11:03:00,1612.54,1612.73,1612.54,1612.73,0.01,18.31,30545.51,1
2025-06-17,2025-06-17 11:04:00,1612.73,1612.91,1612.73,1612.91,0.01,18.31,30545.51,1
2025-06-17,2025-06-17 11:05:00,1612.91,1613.09,1612.91,1613.09,0.01,18.31,30545.51,1
2025-06-17,2025-06-17 11:06:00,1613.09,1613.27,1613.09,1613.27,0.01,18.31,30545.51,1
2025-06-17,2025-06-17 11:07:00,1613.27,1613.45,1613.27,1613.45,0.01,18.31,30545.51,1
2025-06-17,2025-06-17 11:08:00,1613.45,1613.63,1613.45,1613.63,0.01,18.31,30545.51,1
2025-06-17,2025-06-17 11:09:00,1613.63,1613.81,1613.63,1613.81,0.01,18.31,30545.51,1
2025-06-17,2025-06-17 11:10:00,1613.81,1614.0,1613.81,1614.0,0.01,18.31,30545.51,1
2025-06-17,2025-06-17 11:11:00,1614.0,1614.18,1614.0,1614.18,0.01,18.31,30545.51,1
2025-06-17,2025-06-17 11:12:00,1614.18,1614.36,1614.18,1614.36,0.01,18.31,30545.51,1
2025-06-17,2025-06-17 11:13:00,1614.36,1614.54,1614.36,1614.54,0.01,18.31,30545.51,1
2025-06-17,2025-06-17 11:14:00,1614.54,1614.72,1614.54,1614.72,0.01,18.31,30545.51,1
2025-06-17,2025-06-17 11:15:00,1614.72,1614.9,1614.72,1614.9,0.01,18.31,30545.51,1
2025-06-17,2025-06-17 11:16:00,1614.9,1615.08,1614.9,1615.08,0.01,18.31,30545.51,1
2025-06-17,2025-06-17 11:17:00,1615.08,1615.27,1615.08,1615.27,0.01,18.31,30545.51,1
2025-06-17,2025-06-17 11:18:00,1615.27,1615.45,1615.27,1615.45,0.01,18.31,30545.51,1
2025-06-17,2025-06-17 11:19:00,1615.45,1615.63,1615.45,1615.63,0.01,18.31,30545.51,1
2025-06-17,2025-06-17 11:20:00,1615.63,1615.81,1615.63,1615.81,0.01,18.31,30545.51,1
2025-06-17,2025-06-17 11:21:00,1615.81,1615.99,1615.81,1615.99,0.01,18.31,30545.51,1
2025-06-17,2025-06-17 11:22:00,1615.99,1616.17,1615.99,1616.17,0.01,18.31,30545.51,1
2025-06-17,2025-06-17 11:23:00,1616.17,1616.35,1616.17,1616.35,0.01,18.31,30545.51,1
2025-06-17,2025-06-17 11:24:00,1616.35,1616.54,1616.35,1616.54,0.01,18.31,30545.51,1
2025-06-17,2025-06-17 11:25:00,1616.54,1616.72,1616.54,1616.72,0.01,18.31,30545.51,1
2025-06-17,2025-06-17 11:26:00,1616.72,1616.9,1616.72,1616.9,0.01,18.31,30545.51,1
2025-06-17,2025-06-17 11:27:00,1616.9,1617.08,1616.9,1617.08,0.01,18.31,30545.51,1
2025-06-17,2025-06-17 11:28:00,1617.08,1617.26,1617.08,1617.26,0.01,18.31,30545.51,1
2025-06-17,2025-06-17 11:29:00,1617.26,1617.44,1617.26,1617.44,0.01,18.31,30545.51,1
2025-06-17,2025-06-17 11:30:00,1617.44,1617.62,1617.44,1617.62,0.01,18.31,30545.51,1
2025-06-17,2025-06-17 11:31:00,1617.62,1617.81,1617.62,1617.81,0.01,18.31,30545.51,1
2025-06-17,2025-06-17 11:32:00,1617.81,1617.99,1617.81,1617.99,0.01,18.31,30545.51,1
2025-06-17,2025-06-17 11:33:00,1617.99,1618.17,1617.99,1618.17,0.01,18.31,30545.51,1
2025-06-17,2025-06-17 11:34:00,1618.17,1618.35,1618.17,1618.35,0.01,18.31,30545.51,1
2025-06-17,2025-06-17 11:35:00,1618.35,1618.53,1618.35,1618.53,0.01,18.31,30545.51,1
2025-06-17,2025-06-17 11:36:00,1618.53,1618.71,1618.53,1618.71,0.01,18.31,30545.51,1
2025-06-17,2025-06-17 11:37:00,1618.71,1618.89,1618.71,1618.89,0.01,18.31,30545.51,1
2025-06-17,2025-06-17 11:38:00,1618.89,1619.08,1618.89,1619.08,0.01,18.31,30545.51,1
2025-06-17,2025-06-17 11:39:00,1619.08,1619.26,1619.08,1619.26,0.01,18.31,30545.51,1
2025-06-17,2025-06-17 11:40:00,1619.26,1619.44,1619.26,1619.44,0.01,18.31,30545.51,1
2025-06-17,2025-06-17 11:41:00,1619.44,1619.62,1619.44,1619.62,0.01,18.31,30545.51,1
2025-06-17,2025-06-17 11:42:00,1619.62,1619.8,1619.62,1619.8,0.01,18.31,30545.51,1
2025-06-17,2025-06-17 11:43:00,1619.8,1619.98,1619.8,1619.98,0.01,18.31,30545.51,1
2025-06-17,2025-06-17 11:44:00,1619.98,1620.16,1619.98,1620.16,0.01,18.31,30545.51,1
2025-06-17,2025-06-17 11:45:00,1620.16,1620.35,1620.16,1620.35,0.01,18.31,30545.51,1
2025-06-17,2025-06-17 11:46:00,1620.35,1620.53,1620.35,1620.53,0.01,18.31,30545.51,1
2025-06-17,2025-06-17 11:47:00,1620.53,1620.71,1620.53,1620.71,0.01,18.31,30545.51,1
2025-06-17,2025-06-17 11:48:00,1620.71,1620.89,1620.71,1620.89,0.01,18.31,30545.51,1
2025-06-17,2025-06-17 11:49:00,1620.89,1621.07,1620.89,1621.07,0.01,18.31,30545.51,1
2025-06-17,2025-06-17 11:50:00,1621.07,1621.25,1621.07,1621.25,0.01,18.31,30545.51,1
2025-06-17,2025-06-17 11:51:00,1621.25,1621.43,1621.25,1621.43,0.01,18.31,30545.51,1
2025-06-17,2025-06-17 11:52:00,1621.43,1621.62,1621.43,1621.62,0.01,18.31,30545.51,1
2025-06-17,2025-06-17 11:53:00,1621.62,1621.8,1621.62,1621.8,0.01,18.31,30545.51,1
2025-06-17,2025-06-17 11:54:00,1621.8,1621.98,1621.8,1621.98,0.01,18.31,30545.51,1
2025-06-17,2025-06-17 11:55:00,1621.98,1622.16,1621.98,1622.16,0.01,18.31,30545.51,1
2025-06-17,2025-06-17 11:56:00,1622.16,1622.34,1622.16,1622.34,0.01,18.31,30545.51,1
2025-06-17,2025-06-17 11:57:00,1622.34,1622.52,1622.34,1622.52,0.01,18.31,30545.51,1
2025-06-17,2025-06-17 11:58:00,1622.52,1622.7,1622.52,1622.7,0.01,18.31,30545.51,1
2025-06-17,2025-06-17 11:59:00,1622.7,1622.88,1622.7,1622.88,0.01,18.31,30545.51,1
2025-06-17,2025-06-17 12:00:00,1622.88,1623.07,1622.88,1623.07,0.01,18.31,30545.51,1
2025-06-17,2025-06-17 12:01:00,1623.07,1623.25,1623.07,1623.25,0.01,18.31,30545.51,1
2025-06-17,2025-06-17 12:02:00,1623.25,1623.43,1623.25,1623.43,0.01,18.31,30545.51,1
2025-06-17,2025-06-17 12:03:00,1623.43,1623.61,1623.43,1623.61,0.01,18.31,30545.51,1
2025-06-17,2025-06-17 12:04:00,1623.61,1623.79,1623.61,1623.79,0.01,18.31,30545.51,1
2025-06-17,2025-06-17 12:05:00,1623.79,1623.97,1623.79,1623.97,0.01,18.31,30545.51,1
2025-06-17,2025-06-17 12:06:00,1623.97,1624.15,1623.97,1624.15,0.01,18.31,30545.51,1
2025-06-17,2025-06-17 12:07:00,1624.15,1624.34,1624.15,1624.34,0.01,18.31,30545.51,1
2025-06-17,2025-06-17 12:08:00,1624.34,1624.52,1624.34,1624.52,0.01,18.31,30545.51,1
2025-06-17,2025-06-17 12:09:00,1624.52,1624.7,1624.52,1624.7,0.01,18.31,30545.51,1
2025-06-17,2025-06-17 12:10:00,1624.7,1624.88,1624.7,1624.88,0.01,18.31,30545.51,1
2025-06-17,2025-06-17 12:11:00,1624.88,1625.06,1624.88,1625.06,0.01,18.31,30545.51,1
2025-06-17,2025-06-17 12:12:00,1625.06,1625.24,1625.06,1625.24,0.01,18.31,30545.51,1
2025-06-17,2025-06-17 12:13:00,1625.24,1625.42,1625.24,1625.42,0.01,18.31,30545.51,1
2025-06-17,2025-06-17 12:14:00,1625.42,1625.61,1625.42,1625.61,0.01,18.31,30545.51,1
2025-06-17,2025-06-17 12:15:00,1625.61,1625.79,1625.61,1625.79,0.01,18.31,30545.51,1
2025-06-17,2025-06-17 12:16:00,1625.79,1625.97,1625.79,1625.97,0.01,18.31,30545.51,1
2025-06-17,2025-06-17 12:17:00,1625.97,1626.15,1625.97,1626.15,0.01,18.31,30545.51,1
2025-06-17,2025-06-17 12:18:00,1626.15,1626.33,1626.15,1626.33,0.01,18.31,30545.51,1
2025-06-17,2025-06-17 12:19:00,1626.33,1626.51,1626.33,1626.51,0.01,18.31,30545.51,1
2025-06-17,2025-06-17 12:20:00,1626.51,1626.69,1626.51,1626.69,0.01,18.31,30545.51,1
2025-06-17,2025-06-17 12:21:00,1626.69,1626.88,1626.69,1626.88,0.01,18.31,30545.51,1
2025-06-17,2025-06-17 12:22:00,1626.88,1627.06,1626.88,1627.06,0.01,18.31,30545.51,1
2025-06-17,2025-06-17 12:23:00,1627.06,1627.24,1627.06,1627.24,0.01,18.31,30545.51,1
2025-06-17,2025-06-17 12:24:00,1627.24,1627.42,1627.24,1627.42,0.01,18.31,30545.51,1
2025-06-17,2025-06-17 12:25:00,1627.42,1627.6,1627.42,1627.6,0.01,18.31,30545.51,1
2025-06-17,2025-06-17 12:26:00,1627.6,1627.78,1627.6,1627.78,0.01,18.31,30545.51,1
2025-06-17,2025-06-17 12:27:00,1627.78,1627.96,1627.78,1627.96,0.01,18.31,30545.51,1
2025-06-17,2025-06-17 12:28:00,1627.96,1628.15,1627.96,1628.15,0.01,18.31,30545.51,1
2025-06-17,2025-06-17 12:29:00,1628.15,1628.33,1628.15,1628.33,0.01,18.31,30545.51,1
2025-06-17,2025-06-17 12:30:00,1628.33,1628.51,1628.33,1628.51,0.01,18.31,30545.51,1
2025-06-17,2025-06-17 12:31:00,1628.51,1628.69,1628.51,1628.69,0.01,18.31,30545.51,1
2025-06-17,2025-06-17 12:32:00,1628.69,1628.87,1628.69,1628.87,0.01,18.31,30545.51,1
2025-06-17,2025-06-17 12:33:00,1628.87,1629.05,1628.87,1629.05,0.01,18.31,30545.51,1
2025-06-17,2025-06-17 12:34:00,1629.05,1629.23,1629.05,1629.23,0.01,18.31,30545.51,1
2025-06-17,2025-06-17 12:35:00,1629.23,1629.42,1629.23,1629.42,0.01,18.31,30545.51,1
2025-06-17,2025-06-17 12:36:00,1629.42,1629.6,1629.42,1629.6,0.01,18.31,30545.51,1
2025-06-17,2025-06-17 12:37:00,1629.6,1629.78,1629.6,1629.78,0.01,18.31,30545.51,1
2025-06-17,2025-06-17 12:38:00,1629.78,1629.96,1629.78,1629.96,0.01,18.31,30545.51,1
2025-06-17,2025-06-17 12:39:00,1629.96,1630.14,1629.96,1630.14,0.01,18.31,30545.51,1
2025-06-17,2025-06-17 12:40:00,1630.14,1630.32,1630.14,1630.32,0.01,18.31,30545.51,1
2025-06-17,2025-06-17 12:41:00,1630.32,1630.5,1630.32,1630.5,0.01,18.31,30545.51,1
2025-06-17,2025-06-17 12:42:00,1630.5,1630.69,1630.5,1630.69,0.01,18.31,30545.51,1
2025-06-17,2025-06-17 12:43:00,1630.69,1630.87,1630.69,1630.87,0.01,18.31,30545.51,1
2025-06-17,2025-06-17 12:44:00,1630.87,1631.05,1630.87,1631.05,0.01,18.31,30545.51,1
2025-06-17,2025-06-17 12:45:00,1631.05,1631.23,1631.05,1631.23,0.01,18.31,30545.51,1
2025-06-17,2025-06-17 12:46:00,1631.23,1631.41,1631.23,1631.41,0.01,18.31,30545.51,1
2025-06-17,2025-06-17 12:47:00,1631.41,1631.59,1631.41,1631.59,0.01,18.31,30545.51,1
2025-06-17,2025-06-17 12:48:00,1631.59,1631.77,1631.59,1631.77,0.01,18.31,30545.51,1
2025-06-17,2025-06-17 12:49:00,1631.77,1631.96,1631.77,1631.96,0.01,18.31,30545.51,1
2025-06-17,2025-06-17 12:50:00,1631.96,1632.14,1631.96,1632.14,0.01,18.31,30545.51,1
2025-06-17,2025-06-17 12:51:00,1632.14,1632.32,1632.14,1632.32,0.01,18.31,30545.51,1
2025-06-17,2025-06-17 12:52:00,1632.32,1632.5,1632.32,1632.5,0.01,18.31,30545.51,1
2025-06-17,2025-06-17 12:53:00,1632.5,1632.68,1632.5,1632.68,0.01,18.31,30545.51,1
2025-06-17,2025-06-17 12:54:00,1632.68,1632.86,1632.68,1632.86,0.01,18.31,30545.51,1
2025-06-17,2025-06-17 12:55:00,1632.86,1633.04,1632.86,1633.04,0.01,18.31,30545.51,1
2025-06-17,2025-06-17 12:56:00,1633.04,1633.23,1633.04,1633.23,0.01,18.31,30545.51,1
2025-06-17,2025-06-17 12:57:00,1633.23,1633.41,1633.23,1633.41,0.01,18.31,30545.51,1
2025-06-17,2025-06-17 12:58:00,1633.41,1633.59,1633.41,1633.59,0.01,18.31,30545.51,1
2025-06-17,2025-06-17 12:59:00,1633.59,1633.77,1633.59,1633.77,0.01,18.31,30545.51,1
2025-06-17,2025-06-17 13:00:00,1633.77,1687.9,1612.0,1633.95,0.01,18.31,30545.51,1
2025-06-17,2025-06-17 13:01:00,1633.95,1634.13,1633.95,1634.13,0.01,18.31,30545.51,1
2025-06-17,2025-06-17 13:02:00,1634.13,1634.31,1634.13,1634.31,0.01,18.31,30545.51,1
2025-06-17,2025-06-17 13:03:00,1634.31,1634.5,1634.31,1634.5,0.01,18.31,30545.51,1
2025-06-17,2025-06-17 13:04:00,1634.5,1634.68,1634.5,1634.68,0.01,18.31,30545.51,1
2025-06-17,2025-06-17 13:05:00,1634.68,1634.86,1634.68,1634.86,0.01,18.31,30545.51,1
2025-06-17,2025-06-17 13:06:00,1634.86,1635.04,1634.86,1635.04,0.01,18.31,30545.51,1
2025-06-17,2025-06-17 13:07:00,1635.04,1635.22,1635.04,1635.22,0.01,18.31,30545.51,1
2025-06-17,2025-06-17 13:08:00,1635.22,1635.4,1635.22,1635.4,0.01,18.31,30545.51,1
2025-06-17,2025-06-17 13:09:00,1635.4,1635.58,1635.4,1635.58,0.01,18.31,30545.51,1
2025-06-17,2025-06-17 13:10:00,1635.58,1635.77,1635.58,1635.77,0.01,18.31,30545.51,1
2025-06-17,2025-06-17 13:11:00,1635.77,1635.95,1635.77,1635.95,0.01,18.31,30545.51,1
2025-06-17,2025-06-17 13:12:00,1635.95,1636.13,1635.95,1636.13,0.01,18.31,30545.51,1
2025-06-17,2025-06-17 13:13:00,1636.13,1636.31,1636.13,1636.31,0.01,18.31,30545.51,1
2025-06-17,2025-06-17 13:14:00,1636.31,1636.49,1636.31,1636.49,0.01,18.31,30545.51,1
2025-06-17,2025-06-17 13:15:00,1636.49,1636.67,1636.49,1636.67,0.01,18.31,30545.51,1
2025-06-17,2025-06-17 13:16:00,1636.67,1636.85,1636.67,1636.85,0.01,18.31,30545.51,1
2025-06-17,2025-06-17 13:17:00,1636.85,1637.04,1636.85,1637.04,0.01,18.31,30545.51,1
2025-06-17,2025-06-17 13:18:00,1637.04,1637.22,1637.04,1637.22,0.01,18.31,30545.51,1
2025-06-17,2025-06-17 13:19:00,1637.22,1637.4,1637.22,1637.4,0.01,18.31,30545.51,1
2025-06-17,2025-06-17 13:20:00,1637.4,1637.58,1637.4,1637.58,0.01,18.31,30545.51,1
2025-06-17,2025-06-17 13:21:00,1637.58,1637.76,1637.58,1637.76,0.01,18.31,30545.51,1
2025-06-17,2025-06-17 13:22:00,1637.76,1637.94,1637.76,1637.94,0.01,18.31,30545.51,1
2025-06-17,2025-06-17 13:23:00,1637.94,1638.12,1637.94,1638.12,0.01,18.31,30545.51,1
2025-06-17,2025-06-17 13:24:00,1638.12,1638.31,1638.12,1638.31,0.01,18.31,30545.51,1
2025-06-17,2025-06-17 13:25:00,1638.31,1638.49,1638.31,1638.49,0.01,18.31,30545.51,1
2025-06-17,2025-06-17 13:26:00,1638.49,1638.67,1638.49,1638.67,0.01,18.31,30545.51,1
2025-06-17,2025-06-17 13:27:00,1638.67,1638.85,1638.67,1638.85,0.01,18.31,30545.51,1
2025-06-17,2025-06-17 13:28:00,1638.85,1639.03,1638.85,1639.03,0.01,18.31,30545.51,1
2025-06-17,2025-06-17 13:29:00,1639.03,1639.21,1639.03,1639.21,0.01,18.31,30545.51,1
2025-06-17,2025-06-17 13:30:00,1639.21,1639.39,1639.21,1639.39,0.01,18.31,30545.51,1
2025-06-17,2025-06-17 13:31:00,1639.39,1639.58,1639.39,1639.58,0.01,18.31,30545.51,1
2025-06-17,2025-06-17 13:32:00,1639.58,1639.76,1639.58,1639.76,0.01,18.31,30545.51,1
2025-06-17,2025-06-17 13:33:00,1639.76,1639.94,1639.76,1639.94,0.01,18.31,30545.51,1
2025-06-17,2025-06-17 13:34:00,1639.94,1640.12,1639.94,1640.12,0.01,18.31,30545.51,1
2025-06-17,2025-06-17 13:35:00,1640.12,1640.3,1640.12,1640.3,0.01,18.31,30545.51,1
2025-06-17,2025-06-17 13:36:00,1640.3,1640.48,1640.3,1640.48,0.01,18.31,30545.51,1
2025-06-17,2025-06-17 13:37:00,1640.48,1640.66,1640.48,1640.66,0.01,18.31,30545.51,1
2025-06-17,2025-06-17 13:38:00,1640.66,1640.85,1640.66,1640.85,0.01,18.31,30545.51,1
2025-06-17,2025-06-17 13:39:00,1640.85,1641.03,1640.85,1641.03,0.01,18.31,30545.51,1
2025-06-17,2025-06-17 13:40:00,1641.03,1641.21,1641.03,1641.21,0.01,18.31,30545.51,1
2025-06-17,2025-06-17 13:41:00,1641.21,1641.39,1641.21,1641.39,0.01,18.31,30545.51,1
2025-06-17,2025-06-17 13:42:00,1641.39,1641.57,1641.39,1641.57,0.01,18.31,30545.51,1
2025-06-17,2025-06-17 13:43:00,1641.57,1641.75,1641.57,1641.75,0.01,18.31,30545.51,1
2025-06-17,2025-06-17 13:44:00,1641.75,1641.93,1641.75,1641.93,0.01,18.31,30545.51,1
2025-06-17,2025-06-17 13:45:00,1641.93,1642.12,1641.93,1642.12,0.01,18.31,30545.51,1
2025-06-17,2025-06-17 13:46:00,1642.12,1642.3,1642.12,1642.3,0.01,18.31,30545.51,1
2025-06-17,2025-06-17 13:47:00,1642.3,1642.48,1642.3,1642.48,0.01,18.31,30545.51,1
2025-06-17,2025-06-17 13:48:00,1642.48,1642.66,1642.48,1642.66,0.01,18.31,30545.51,1
2025-06-17,2025-06-17 13:49:00,1642.66,1642.84,1642.66,1642.84,0.01,18.31,30545.51,1
2025-06-17,2025-06-17 13:50:00,1642.84,1643.02,1642.84,1643.02,0.01,18.31,30545.51,1
2025-06-17,2025-06-17 13:51:00,1643.02,1643.2,1643.02,1643.2,0.01,18.31,30545.51,1
2025-06-17,2025-06-17 13:52:00,1643.2,1643.39,1643.2,1643.39,0.01,18.31,30545.51,1
2025-06-17,2025-06-17 13:53:00,1643.39,1643.57,1643.39,1643.57,0.01,18.31,30545.51,1
2025-06-17,2025-06-17 13:54:00,1643.57,1643.75,1643.57,1643.75,0.01,18.31,30545.51,1
2025-06-17,2025-06-17 13:55:00,1643.75,1643.93,1643.75,1643.93,0.01,18.31,30545.51,1
2025-06-17,2025-06-17 13:56:00,1643.93,1644.11,1643.93,1644.11,0.01,18.31,30545.51,1
2025-06-17,2025-06-17 13:57:00,1644.11,1644.29,1644.11,1644.29,0.01,18.31,30545.51,1
2025-06-17,2025-06-17 13:58:00,1644.29,1644.47,1644.29,1644.47,0.01,18.31,30545.51,1
2025-06-17,2025-06-17 13:59:00,1644.47,1644.65,1644.47,1644.65,0.01,18.31,30545.51,1
2025-06-17,2025-06-17 14:00:00,1644.65,1644.84,1644.65,1644.84,0.01,18.31,30545.51,1
2025-06-17,2025-06-17 14:01:00,1644.84,1645.02,1644.84,1645.02,0.01,18.31,30545.51,1
2025-06-17,2025-06-17 14:02:00,1645.02,1645.2,1645.02,1645.2,0.01,18.31,30545.51,1
2025-06-17,2025-06-17 14:03:00,1645.2,1645.38,1645.2,1645.38,0.01,18.31,30545.51,1
2025-06-17,2025-06-17 14:04:00,1645.38,1645.56,1645.38,1645.56,0.01,18.31,30545.51,1
2025-06-17,2025-06-17 14:05:00,1645.56,1645.74,1645.56,1645.74,0.01,18.31,30545.51,1
2025-06-17,2025-06-17 14:06:00,1645.74,1645.92,1645.74,1645.92,0.01,18.31,30545.51,1
2025-06-17,2025-06-17 14:07:00,1645.92,1646.11,1645.92,1646.11,0.01,18.31,30545.51,1
2025-06-17,2025-06-17 14:08:00,1646.11,1646.29,1646.11,1646.29,0.01,18.31,30545.51,1
2025-06-17,2025-06-17 14:09:00,1646.29,1646.47,1646.29,1646.47,0.01,18.31,30545.51,1
2025-06-17,2025-06-17 14:10:00,1646.47,1646.65,1646.47,1646.65,0.01,18.31,30545.51,1
2025-06-17,2025-06-17 14:11:00,1646.65,1646.83,1646.65,1646.83,0.01,18.31,30545.51,1
2025-06-17,2025-06-17 14:12:00,1646.83,1647.01,1646.83,1647.01,0.01,18.31,30545.51,1
2025-06-17,2025-06-17 14:13:00,1647.01,1647.19,1647.01,1647.19,0.01,18.31,30545.51,1
2025-06-17,2025-06-17 14:14:00,1647.19,1647.38,1647.19,1647.38,0.01,18.31,30545.51,1
2025-06-17,2025-06-17 14:15:00,1647.38,1647.56,1647.38,1647.56,0.01,18.31,30545.51,1
2025-06-17,2025-06-17 14:16:00,1647.56,1647.74,1647.56,1647.74,0.01,18.31,30545.51,1
2025-06-17,2025-06-17 14:17:00,1647.74,1647.92,1647.74,1647.92,0.01,18.31,30545.51,1
2025-06-17,2025-06-17 14:18:00,1647.92,1648.1,1647.92,1648.1,0.01,18.31,30545.51,1
2025-06-17,2025-06-17 14:19:00,1648.1,1648.28,1648.1,1648.28,0.01,18.31,30545.51,1
2025-06-17,2025-06-17 14:20:00,1648.28,1648.46,1648.28,1648.46,0.01,18.31,30545.51,1
2025-06-17,2025-06-17 14:21:00,1648.46,1648.65,1648.46,1648.65,0.01,18.31,30545.51,1
2025-06-17,2025-06-17 14:22:00,1648.65,1648.83,1648.65,1648.83,0.01,18.31,30545.51,1
2025-06-17,2025-06-17 14:23:00,1648.83,1649.01,1648.83,1649.01,0.01,18.31,30545.51,1
2025-06-17,2025-06-17 14:24:00,1649.01,1649.19,1649.01,1649.19,0.01,18.31,30545.51,1
2025-06-17,2025-06-17 14:25:00,1649.19,1649.37,1649.19,1649.37,0.01,18.31,30545.51,1
2025-06-17,2025-06-17 14:26:00,1649.37,1649.55,1649.37,1649.55,0.01,18.31,30545.51,1
2025-06-17,2025-06-17 14:27:00,1649.55,1649.73,1649.55,1649.73,0.01,18.31,30545.51,1
2025-06-17,2025-06-17 14:28:00,1649.73,1649.92,1649.73,1649.92,0.01,18.31,30545.51,1
2025-06-17,2025-06-17 14:29:00,1649.92,1650.1,1649.92,1650.1,0.01,18.31,30545.51,1
2025-06-17,2025-06-17 14:30:00,1650.1,1650.28,1650.1,1650.28,0.01,18.31,30545.51,1
2025-06-17,2025-06-17 14:31:00,1650.28,1650.46,1650.28,1650.46,0.01,18.31,30545.51,1
2025-06-17,2025-06-17 14:32:00,1650.46,1650.64,1650.46,1650.64,0.01,18.31,30545.51,1
2025-06-17,2025-06-17 14:33:00,1650.64,1650.82,1650.64,1650.82,0.01,18.31,30545.51,1
2025-06-17,2025-06-17 14:34:00,1650.82,1651.0,1650.82,1651.0,0.01,18.31,30545.51,1
2025-06-17,2025-06-17 14:35:00,1651.0,1651.19,1651.0,1651.19,0.01,18.31,30545.51,1
2025-06-17,2025-06-17 14:36:00,1651.19,1651.37,1651.19,1651.37,0.01,18.31,30545.51,1
2025-06-17,2025-06-17 14:37:00,1651.37,1651.55,1651.37,1651.55,0.01,18.31,30545.51,1
2025-06-17,2025-06-17 14:38:00,1651.55,1651.73,1651.55,1651.73,0.01,18.31,30545.51,1
2025-06-17,2025-06-17 14:39:00,1651.73,1651.91,1651.73,1651.91,0.01,18.31,30545.51,1
2025-06-17,2025-06-17 14:40:00,1651.91,1652.09,1651.91,1652.09,0.01,18.31,30545.51,1
2025-06-17,2025-06-17 14:41:00,1652.09,1652.27,1652.09,1652.27,0.01,18.31,30545.51,1
2025-06-17,2025-06-17 14:42:00,1652.27,1652.46,1652.27,1652.46,0.01,18.31,30545.51,1
2025-06-17,2025-06-17 14:43:00,1652.46,1652.64,1652.46,1652.64,0.01,18.31,30545.51,1
2025-06-17,2025-06-17 14:44:00,1652.64,1652.82,1652.64,1652.82,0.01,18.31,30545.51,1
2025-06-17,2025-06-17 14:45:00,1652.82,1653.0,1652.82,1653.0,0.01,18.31,30545.51,1
2025-06-17,2025-06-17 14:46:00,1653.0,1653.18,1653.0,1653.18,0.01,18.31,30545.51,1
2025-06-17,2025-06-17 14:47:00,1653.18,1653.36,1653.18,1653.36,0.01,18.31,30545.51,1
2025-06-17,2025-06-17 14:48:00,1653.36,1653.54,1653.36,1653.54,0.01,18.31,30545.51,1
2025-06-17,2025-06-17 14:49:00,1653.54,1653.73,1653.54,1653.73,0.01,18.31,30545.51,1
2025-06-17,2025-06-17 14:50:00,1653.73,1653.91,1653.73,1653.91,0.01,18.31,30545.51,1
2025-06-17,2025-06-17 14:51:00,1653.91,1654.09,1653.91,1654.09,0.01,18.31,30545.51,1
2025-06-17,2025-06-17 14:52:00,1654.09,1654.27,1654.09,1654.27,0.01,18.31,30545.51,1
2025-06-17,2025-06-17 14:53:00,1654.27,1654.45,1654.27,1654.45,0.01,18.31,30545.51,1
2025-06-17,2025-06-17 14:54:00,1654.45,1654.63,1654.45,1654.63,0.01,18.31,30545.51,1
2025-06-17,2025-06-17 14:55:00,1654.63,1654.81,1654.63,1654.81,0.01,18.31,30545.51,1
2025-06-17,2025-06-17 14:56:00,1654.81,1655.0,1654.81,1655.0,0.01,18.31,30545.51,1
2025-06-17,2025-06-17 14:57:00,1655.0,1655.18,1655.0,1655.18,0.01,18.31,30545.51,1
2025-06-17,2025-06-17 14:58:00,1655.18,1655.36,1655.18,1655.36,0.01,18.31,30545.51,1
2025-06-17,2025-06-17 14:59:00,1655.36,1655.54,1655.36,1655.54,0.01,18.31,30545.51,1
2025-06-17,2025-06-17 15:00:00,1655.54,1687.9,1612.0,1655.54,0.0,18.31,30545.51,0
2025-06-18,2025-06-18 11:00:00,1630.0,1656.1,1626.7,1629.98,-0.0,16.12,26623.75,-1
2025-06-18,2025-06-18 11:01:00,1629.98,1629.98,1629.96,1629.96,-0.0,16.12,26623.75,-1
2025-06-18,2025-06-18 11:02:00,1629.96,1629.96,1629.94,1629.94,-0.0,16.12,26623.75,-1
2025-06-18,2025-06-18 11:03:00,1629.94,1629.94,1629.92,1629.92,-0.0,16.12,26623.75,-1
2025-06-18,2025-06-18 11:04:00,1629.92,1629.92,1629.9,1629.9,-0.0,16.12,26623.75,-1
2025-06-18,2025-06-18 11:05:00,1629.9,1629.9,1629.88,1629.88,-0.0,16.12,26623.75,-1
2025-06-18,2025-06-18 11:06:00,1629.88,1629.88,1629.86,1629.86,-0.0,16.12,26623.75,-1
2025-06-18,2025-06-18 11:07:00,1629.86,1629.86,1629.84,1629.84,-0.0,16.12,26623.75,-1
2025-06-18,2025-06-18 11:08:00,1629.84,1629.84,1629.82,1629.82,-0.0,16.12,26623.75,-1
2025-06-18,2025-06-18 11:09:00,1629.82,1629.82,1629.8,1629.8,-0.0,16.12,26623.75,-1
2025-06-18,2025-06-18 11:10:00,1629.8,1629.8,1629.78,1629.78,-0.0,16.12,26623.75,-1
2025-06-18,2025-06-18 11:11:00,1629.78,1629.78,1629.76,1629.76,-0.0,16.12,26623.75,-1
2025-06-18,2025-06-18 11:12:00,1629.76,1629.76,1629.74,1629.74,-0.0,16.12,26623.75,-1
2025-06-18,2025-06-18 11:13:00,1629.74,1629.74,1629.72,1629.72,-0.0,16.12,26623.75,-1
2025-06-18,2025-06-18 11:14:00,1629.72,1629.72,1629.7,1629.7,-0.0,16.12,26623.75,-1
2025-06-18,2025-06-18 11:15:00,1629.7,1629.7,1629.68,1629.68,-0.0,16.12,26623.75,-1
2025-06-18,2025-06-18 11:16:00,1629.68,1629.68,1629.66,1629.66,-0.0,16.12,26623.75,-1
2025-06-18,2025-06-18 11:17:00,1629.66,1629.66,1629.64,1629.64,-0.0,16.12,26623.75,-1
2025-06-18,2025-06-18 11:18:00,1629.64,1629.64,1629.62,1629.62,-0.0,16.12,26623.75,-1
2025-06-18,2025-06-18 11:19:00,1629.62,1629.62,1629.61,1629.61,-0.0,16.12,26623.75,-1
2025-06-18,2025-06-18 11:20:00,1629.61,1629.61,1629.59,1629.59,-0.0,16.12,26623.75,-1
2025-06-18,2025-06-18 11:21:00,1629.59,1629.59,1629.57,1629.57,-0.0,16.12,26623.75,-1
2025-06-18,2025-06-18 11:22:00,1629.57,1629.57,1629.55,1629.55,-0.0,16.12,26623.75,-1
2025-06-18,2025-06-18 11:23:00,1629.55,1629.55,1629.53,1629.53,-0.0,16.12,26623.75,-1
2025-06-18,2025-06-18 11:24:00,1629.53,1629.53,1629.51,1629.51,-0.0,16.12,26623.75,-1
2025-06-18,2025-06-18 11:25:00,1629.51,1629.51,1629.49,1629.49,-0.0,16.12,26623.75,-1
2025-06-18,2025-06-18 11:26:00,1629.49,1629.49,1629.47,1629.47,-0.0,16.12,26623.75,-1
2025-06-18,2025-06-18 11:27:00,1629.47,1629.47,1629.45,1629.45,-0.0,16.12,26623.75,-1
2025-06-18,2025-06-18 11:28:00,1629.45,1629.45,1629.43,1629.43,-0.0,16.12,26623.75,-1
2025-06-18,2025-06-18 11:29:00,1629.43,1629.43,1629.41,1629.41,-0.0,16.12,26623.75,-1
2025-06-18,2025-06-18 11:30:00,1629.41,1629.41,1629.39,1629.39,-0.0,16.12,26623.75,-1
2025-06-18,2025-06-18 11:31:00,1629.39,1629.39,1629.37,1629.37,-0.0,16.12,26623.75,-1
2025-06-18,2025-06-18 11:32:00,1629.37,1629.37,1629.35,1629.35,-0.0,16.12,26623.75,-1
2025-06-18,2025-06-18 11:33:00,1629.35,1629.35,1629.33,1629.33,-0.0,16.12,26623.75,-1
2025-06-18,2025-06-18 11:34:00,1629.33,1629.33,1629.31,1629.31,-0.0,16.12,26623.75,-1
2025-06-18,2025-06-18 11:35:00,1629.31,1629.31,1629.29,1629.29,-0.0,16.12,26623.75,-1
2025-06-18,2025-06-18 11:36:00,1629.29,1629.29,1629.27,1629.27,-0.0,16.12,26623.75,-1
2025-06-18,2025-06-18 11:37:00,1629.27,1629.27,1629.25,1629.25,-0.0,16.12,26623.75,-1
2025-06-18,2025-06-18 11:38:00,1629.25,1629.25,1629.23,1629.23,-0.0,16.12,26623.75,-1
2025-06-18,2025-06-18 11:39:00,1629.23,1629.23,1629.21,1629.21,-0.0,16.12,26623.75,-1
2025-06-18,2025-06-18 11:40:00,1629.21,1629.21,1629.19,1629.19,-0.0,16.12,26623.75,-1
2025-06-18,2025-06-18 11:41:00,1629.19,1629.19,1629.17,1629.17,-0.0,16.12,26623.75,-1
2025-06-18,2025-06-18 11:42:00,1629.17,1629.17,1629.15,1629.15,-0.0,16.12,26623.75,-1
2025-06-18,2025-06-18 11:43:00,1629.15,1629.15,1629.13,1629.13,-0.0,16.12,26623.75,-1
2025-06-18,2025-06-18 11:44:00,1629.13,1629.13,1629.11,1629.11,-0.0,16.12,26623.75,-1
2025-06-18,2025-06-18 11:45:00,1629.11,1629.11,1629.09,1629.09,-0.0,16.12,26623.75,-1
2025-06-18,2025-06-18 11:46:00,1629.09,1629.09,1629.07,1629.07,-0.0,16.12,26623.75,-1
2025-06-18,2025-06-18 11:47:00,1629.07,1629.07,1629.05,1629.05,-0.0,16.12,26623.75,-1
2025-06-18,2025-06-18 11:48:00,1629.05,1629.05,1629.03,1629.03,-0.0,16.12,26623.75,-1
2025-06-18,2025-06-18 11:49:00,1629.03,1629.03,1629.01,1629.01,-0.0,16.12,26623.75,-1
2025-06-18,2025-06-18 11:50:00,1629.01,1629.01,1628.99,1628.99,-0.0,16.12,26623.75,-1
2025-06-18,2025-06-18 11:51:00,1628.99,1628.99,1628.97,1628.97,-0.0,16.12,26623.75,-1
2025-06-18,2025-06-18 11:52:00,1628.97,1628.97,1628.95,1628.95,-0.0,16.12,26623.75,-1
2025-06-18,2025-06-18 11:53:00,1628.95,1628.95,1628.93,1628.93,-0.0,16.12,26623.75,-1
2025-06-18,2025-06-18 11:54:00,1628.93,1628.93,1628.91,1628.91,-0.0,16.12,26623.75,-1
2025-06-18,2025-06-18 11:55:00,1628.91,1628.91,1628.89,1628.89,-0.0,16.12,26623.75,-1
2025-06-18,2025-06-18 11:56:00,1628.89,1628.89,1628.87,1628.87,-0.0,16.12,26623.75,-1
2025-06-18,2025-06-18 11:57:00,1628.87,1628.87,1628.85,1628.85,-0.0,16.12,26623.75,-1
2025-06-18,2025-06-18 11:58:00,1628.85,1628.85,1628.83,1628.83,-0.0,16.12,26623.75,-1
2025-06-18,2025-06-18 11:59:00,1628.83,1628.83,1628.82,1628.82,-0.0,16.12,26623.75,-1
2025-06-18,2025-06-18 12:00:00,1628.82,1628.82,1628.8,1628.8,-0.0,16.12,26623.75,-1
2025-06-18,2025-06-18 12:01:00,1628.8,1628.8,1628.78,1628.78,-0.0,16.12,26623.75,-1
2025-06-18,2025-06-18 12:02:00,1628.78,1628.78,1628.76,1628.76,-0.0,16.12,26623.75,-1
2025-06-18,2025-06-18 12:03:00,1628.76,1628.76,1628.74,1628.74,-0.0,16.12,26623.75,-1
2025-06-18,2025-06-18 12:04:00,1628.74,1628.74,1628.72,1628.72,-0.0,16.12,26623.75,-1
2025-06-18,2025-06-18 12:05:00,1628.72,1628.72,1628.7,1628.7,-0.0,16.12,26623.75,-1
2025-06-18,2025-06-18 12:06:00,1628.7,1628.7,1628.68,1628.68,-0.0,16.12,26623.75,-1
2025-06-18,2025-06-18 12:07:00,1628.68,1628.68,1628.66,1628.66,-0.0,16.12,26623.75,-1
2025-06-18,2025-06-18 12:08:00,1628.66,1628.66,1628.64,1628.64,-0.0,16.12,26623.75,-1
2025-06-18,2025-06-18 12:09:00,1628.64,1628.64,1628.62,1628.62,-0.0,16.12,26623.75,-1
2025-06-18,2025-06-18 12:10:00,1628.62,1628.62,1628.6,1628.6,-0.0,16.12,26623.75,-1
2025-06-18,2025-06-18 12:11:00,1628.6,1628.6,1628.58,1628.58,-0.0,16.12,26623.75,-1
2025-06-18,2025-06-18 12:12:00,1628.58,1628.58,1628.56,1628.56,-0.0,16.12,26623.75,-1
2025-06-18,2025-06-18 12:13:00,1628.56,1628.56,1628.54,1628.54,-0.0,16.12,26623.75,-1
2025-06-18,2025-06-18 12:14:00,1628.54,1628.54,1628.52,1628.52,-0.0,16.12,26623.75,-1
2025-06-18,2025-06-18 12:15:00,1628.52,1628.52,1628.5,1628.5,-0.0,16.12,26623.75,-1
2025-06-18,2025-06-18 12:16:00,1628.5,1628.5,1628.48,1628.48,-0.0,16.12,26623.75,-1
2025-06-18,2025-06-18 12:17:00,1628.48,1628.48,1628.46,1628.46,-0.0,16.12,26623.75,-1
2025-06-18,2025-06-18 12:18:00,1628.46,1628.46,1628.44,1628.44,-0.0,16.12,26623.75,-1
2025-06-18,2025-06-18 12:19:00,1628.44,1628.44,1628.42,1628.42,-0.0,16.12,26623.75,-1
2025-06-18,2025-06-18 12:20:00,1628.42,1628.42,1628.4,1628.4,-0.0,16.12,26623.75,-1
2025-06-18,2025-06-18 12:21:00,1628.4,1628.4,1628.38,1628.38,-0.0,16.12,26623.75,-1
2025-06-18,2025-06-18 12:22:00,1628.38,1628.38,1628.36,1628.36,-0.0,16.12,26623.75,-1
2025-06-18,2025-06-18 12:23:00,1628.36,1628.36,1628.34,1628.34,-0.0,16.12,26623.75,-1
2025-06-18,2025-06-18 12:24:00,1628.34,1628.34,1628.32,1628.32,-0.0,16.12,26623.75,-1
2025-06-18,2025-06-18 12:25:00,1628.32,1628.32,1628.3,1628.3,-0.0,16.12,26623.75,-1
2025-06-18,2025-06-18 12:26:00,1628.3,1628.3,1628.28,1628.28,-0.0,16.12,26623.75,-1
2025-06-18,2025-06-18 12:27:00,1628.28,1628.28,1628.26,1628.26,-0.0,16.12,26623.75,-1
2025-06-18,2025-06-18 12:28:00,1628.26,1628.26,1628.24,1628.24,-0.0,16.12,26623.75,-1
2025-06-18,2025-06-18 12:29:00,1628.24,1628.24,1628.22,1628.22,-0.0,16.12,26623.75,-1
2025-06-18,2025-06-18 12:30:00,1628.22,1628.22,1628.2,1628.2,-0.0,16.12,26623.75,-1
2025-06-18,2025-06-18 12:31:00,1628.2,1628.2,1628.18,1628.18,-0.0,16.12,26623.75,-1
2025-06-18,2025-06-18 12:32:00,1628.18,1628.18,1628.16,1628.16,-0.0,16.12,26623.75,-1
2025-06-18,2025-06-18 12:33:00,1628.16,1628.16,1628.14,1628.14,-0.0,16.12,26623.75,-1
2025-06-18,2025-06-18 12:34:00,1628.14,1628.14,1628.12,1628.12,-0.0,16.12,26623.75,-1
2025-06-18,2025-06-18 12:35:00,1628.12,1628.12,1628.1,1628.1,-0.0,16.12,26623.75,-1
2025-06-18,2025-06-18 12:36:00,1628.1,1628.1,1628.08,1628.08,-0.0,16.12,26623.75,-1
2025-06-18,2025-06-18 12:37:00,1628.08,1628.08,1628.06,1628.06,-0.0,16.12,26623.75,-1
2025-06-18,2025-06-18 12:38:00,1628.06,1628.06,1628.04,1628.04,-0.0,16.12,26623.75,-1
2025-06-18,2025-06-18 12:39:00,1628.04,1628.04,1628.03,1628.03,-0.0,16.12,26623.75,-1
2025-06-18,2025-06-18 12:40:00,1628.03,1628.03,1628.01,1628.01,-0.0,16.12,26623.75,-1
2025-06-18,2025-06-18 12:41:00,1628.01,1628.01,1627.99,1627.99,-0.0,16.12,26623.75,-1
2025-06-18,2025-06-18 12:42:00,1627.99,1627.99,1627.97,1627.97,-0.0,16.12,26623.75,-1
2025-06-18,2025-06-18 12:43:00,1627.97,1627.97,1627.95,1627.95,-0.0,16.12,26623.75,-1
2025-06-18,2025-06-18 12:44:00,1627.95,1627.95,1627.93,1627.93,-0.0,16.12,26623.75,-1
2025-06-18,2025-06-18 12:45:00,1627.93,1627.93,1627.91,1627.91,-0.0,16.12,26623.75,-1
2025-06-18,2025-06-18 12:46:00,1627.91,1627.91,1627.89,1627.89,-0.0,16.12,26623.75,-1
2025-06-18,2025-06-18 12:47:00,1627.89,1627.89,1627.87,1627.87,-0.0,16.12,26623.75,-1
2025-06-18,2025-06-18 12:48:00,1627.87,1627.87,1627.85,1627.85,-0.0,16.12,26623.75,-1
2025-06-18,2025-06-18 12:49:00,1627.85,1627.85,1627.83,1627.83,-0.0,16.12,26623.75,-1
2025-06-18,2025-06-18 12:50:00,1627.83,1627.83,1627.81,1627.81,-0.0,16.12,26623.75,-1
2025-06-18,2025-06-18 12:51:00,1627.81,1627.81,1627.79,1627.79,-0.0,16.12,26623.75,-1
2025-06-18,2025-06-18 12:52:00,1627.79,1627.79,1627.77,1627.77,-0.0,16.12,26623.75,-1
2025-06-18,2025-06-18 12:53:00,1627.77,1627.77,1627.75,1627.75,-0.0,16.12,26623.75,-1
2025-06-18,2025-06-18 12:54:00,1627.75,1627.75,1627.73,1627.73,-0.0,16.12,26623.75,-1
2025-06-18,2025-06-18 12:55:00,1627.73,1627.73,1627.71,1627.71,-0.0,16.12,26623.75,-1
2025-06-18,2025-06-18 12:56:00,1627.71,1627.71,1627.69,1627.69,-0.0,16.12,26623.75,-1
2025-06-18,2025-06-18 12:57:00,1627.69,1627.69,1627.67,1627.67,-0.0,16.12,26623.75,-1
2025-06-18,2025-06-18 12:58:00,1627.67,1627.67,1627.65,1627.65,-0.0,16.12,26623.75,-1
2025-06-18,2025-06-18 12:59:00,1627.65,1627.65,1627.63,1627.63,-0.0,16.12,26623.75,-1
2025-06-18,2025-06-18 13:00:00,1627.63,1717.0,1619.0,1627.61,-0.0,16.12,26623.75,-1
2025-06-18,2025-06-18 13:01:00,1627.61,1627.61,1627.59,1627.59,-0.0,16.12,26623.75,-1
2025-06-18,2025-06-18 13:02:00,1627.59,1627.59,1627.57,1627.57,-0.0,16.12,26623.75,-1
2025-06-18,2025-06-18 13:03:00,1627.57,1627.57,1627.55,1627.55,-0.0,16.12,26623.75,-1
2025-06-18,2025-06-18 13:04:00,1627.55,1627.55,1627.53,1627.53,-0.0,16.12,26623.75,-1
2025-06-18,2025-06-18 13:05:00,1627.53,1627.53,1627.51,1627.51,-0.0,16.12,26623.75,-1
2025-06-18,2025-06-18 13:06:00,1627.51,1627.51,1627.49,1627.49,-0.0,16.12,26623.75,-1
2025-06-18,2025-06-18 13:07:00,1627.49,1627.49,1627.47,1627.47,-0.0,16.12,26623.75,-1
2025-06-18,2025-06-18 13:08:00,1627.47,1627.47,1627.45,1627.45,-0.0,16.12,26623.75,-1
2025-06-18,2025-06-18 13:09:00,1627.45,1627.45,1627.43,1627.43,-0.0,16.12,26623.75,-1
2025-06-18,2025-06-18 13:10:00,1627.43,1627.43,1627.41,1627.41,-0.0,16.12,26623.75,-1
2025-06-18,2025-06-18 13:11:00,1627.41,1627.41,1627.39,1627.39,-0.0,16.12,26623.75,-1
2025-06-18,2025-06-18 13:12:00,1627.39,1627.39,1627.37,1627.37,-0.0,16.12,26623.75,-1
2025-06-18,2025-06-18 13:13:00,1627.37,1627.37,1627.35,1627.35,-0.0,16.12,26623.75,-1
2025-06-18,2025-06-18 13:14:00,1627.35,1627.35,1627.33,1627.33,-0.0,16.12,26623.75,-1
2025-06-18,2025-06-18 13:15:00,1627.33,1627.33,1627.31,1627.31,-0.0,16.12,26623.75,-1
2025-06-18,2025-06-18 13:16:00,1627.31,1627.31,1627.29,1627.29,-0.0,16.12,26623.75,-1
2025-06-18,2025-06-18 13:17:00,1627.29,1627.29,1627.27,1627.27,-0.0,16.12,26623.75,-1
2025-06-18,2025-06-18 13:18:00,1627.27,1627.27,1627.25,1627.25,-0.0,16.12,26623.75,-1
2025-06-18,2025-06-18 13:19:00,1627.25,1627.25,1627.23,1627.23,-0.0,16.12,26623.75,-1
2025-06-18,2025-06-18 13:20:00,1627.23,1627.23,1627.22,1627.22,-0.0,16.12,26623.75,-1
2025-06-18,2025-06-18 13:21:00,1627.22,1627.22,1627.2,1627.2,-0.0,16.12,26623.75,-1
2025-06-18,2025-06-18 13:22:00,1627.2,1627.2,1627.18,1627.18,-0.0,16.12,26623.75,-1
2025-06-18,2025-06-18 13:23:00,1627.18,1627.18,1627.16,1627.16,-0.0,16.12,26623.75,-1
2025-06-18,2025-06-18 13:24:00,1627.16,1627.16,1627.14,1627.14,-0.0,16.12,26623.75,-1
2025-06-18,2025-06-18 13:25:00,1627.14,1627.14,1627.12,1627.12,-0.0,16.12,26623.75,-1
2025-06-18,2025-06-18 13:26:00,1627.12,1627.12,1627.1,1627.1,-0.0,16.12,26623.75,-1
2025-06-18,2025-06-18 13:27:00,1627.1,1627.1,1627.08,1627.08,-0.0,16.12,26623.75,-1
2025-06-18,2025-06-18 13:28:00,1627.08,1627.08,1627.06,1627.06,-0.0,16.12,26623.75,-1
2025-06-18,2025-06-18 13:29:00,1627.06,1627.06,1627.04,1627.04,-0.0,16.12,26623.75,-1
2025-06-18,2025-06-18 13:30:00,1627.04,1627.04,1627.02,1627.02,-0.0,16.12,26623.75,-1
2025-06-18,2025-06-18 13:31:00,1627.02,1627.02,1627.0,1627.0,-0.0,16.12,26623.75,-1
2025-06-18,2025-06-18 13:32:00,1627.0,1627.0,1626.98,1626.98,-0.0,16.12,26623.75,-1
2025-06-18,2025-06-18 13:33:00,1626.98,1626.98,1626.96,1626.96,-0.0,16.12,26623.75,-1
2025-06-18,2025-06-18 13:34:00,1626.96,1626.96,1626.94,1626.94,-0.0,16.12,26623.75,-1
2025-06-18,2025-06-18 13:35:00,1626.94,1626.94,1626.92,1626.92,-0.0,16.12,26623.75,-1
2025-06-18,2025-06-18 13:36:00,1626.92,1626.92,1626.9,1626.9,-0.0,16.12,26623.75,-1
2025-06-18,2025-06-18 13:37:00,1626.9,1626.9,1626.88,1626.88,-0.0,16.12,26623.75,-1
2025-06-18,2025-06-18 13:38:00,1626.88,1626.88,1626.86,1626.86,-0.0,16.12,26623.75,-1
2025-06-18,2025-06-18 13:39:00,1626.86,1626.86,1626.84,1626.84,-0.0,16.12,26623.75,-1
2025-06-18,2025-06-18 13:40:00,1626.84,1626.84,1626.82,1626.82,-0.0,16.12,26623.75,-1
2025-06-18,2025-06-18 13:41:00,1626.82,1626.82,1626.8,1626.8,-0.0,16.12,26623.75,-1
2025-06-18,2025-06-18 13:42:00,1626.8,1626.8,1626.78,1626.78,-0.0,16.12,26623.75,-1
2025-06-18,2025-06-18 13:43:00,1626.78,1626.78,1626.76,1626.76,-0.0,16.12,26623.75,-1
2025-06-18,2025-06-18 13:44:00,1626.76,1626.76,1626.74,1626.74,-0.0,16.12,26623.75,-1
2025-06-18,2025-06-18 13:45:00,1626.74,1626.74,1626.72,1626.72,-0.0,16.12,26623.75,-1
2025-06-18,2025-06-18 13:46:00,1626.72,1626.72,1626.7,1626.7,-0.0,16.12,26623.75,-1
2025-06-18,2025-06-18 13:47:00,1626.7,1626.7,1626.68,1626.68,-0.0,16.12,26623.75,-1
2025-06-18,2025-06-18 13:48:00,1626.68,1626.68,1626.66,1626.66,-0.0,16.12,26623.75,-1
2025-06-18,2025-06-18 13:49:00,1626.66,1626.66,1626.64,1626.64,-0.0,16.12,26623.75,-1
2025-06-18,2025-06-18 13:50:00,1626.64,1626.64,1626.62,1626.62,-0.0,16.12,26623.75,-1
2025-06-18,2025-06-18 13:51:00,1626.62,1626.62,1626.6,1626.6,-0.0,16.12,26623.75,-1
2025-06-18,2025-06-18 13:52:00,1626.6,1626.6,1626.58,1626.58,-0.0,16.12,26623.75,-1
2025-06-18,2025-06-18 13:53:00,1626.58,1626.58,1626.56,1626.56,-0.0,16.12,26623.75,-1
2025-06-18,2025-06-18 13:54:00,1626.56,1626.56,1626.54,1626.54,-0.0,16.12,26623.75,-1
2025-06-18,2025-06-18 13:55:00,1626.54,1626.54,1626.52,1626.52,-0.0,16.12,26623.75,-1
2025-06-18,2025-06-18 13:56:00,1626.52,1626.52,1626.5,1626.5,-0.0,16.12,26623.75,-1
2025-06-18,2025-06-18 13:57:00,1626.5,1626.5,1626.48,1626.48,-0.0,16.12,26623.75,-1
2025-06-18,2025-06-18 13:58:00,1626.48,1626.48,1626.46,1626.46,-0.0,16.12,26623.75,-1
2025-06-18,2025-06-18 13:59:00,1626.46,1626.46,1626.44,1626.44,-0.0,16.12,26623.75,-1
2025-06-18,2025-06-18 14:00:00,1626.44,1626.44,1626.43,1626.43,-0.0,16.12,26623.75,-1
2025-06-18,2025-06-18 14:01:00,1626.43,1626.43,1626.41,1626.41,-0.0,16.12,26623.75,-1
2025-06-18,2025-06-18 14:02:00,1626.41,1626.41,1626.39,1626.39,-0.0,16.12,26623.75,-1
2025-06-18,2025-06-18 14:03:00,1626.39,1626.39,1626.37,1626.37,-0.0,16.12,26623.75,-1
2025-06-18,2025-06-18 14:04:00,1626.37,1626.37,1626.35,1626.35,-0.0,16.12,26623.75,-1
2025-06-18,2025-06-18 14:05:00,1626.35,1626.35,1626.33,1626.33,-0.0,16.12,26623.75,-1
2025-06-18,2025-06-18 14:06:00,1626.33,1626.33,1626.31,1626.31,-0.0,16.12,26623.75,-1
2025-06-18,2025-06-18 14:07:00,1626.31,1626.31,1626.29,1626.29,-0.0,16.12,26623.75,-1
2025-06-18,2025-06-18 14:08:00,1626.29,1626.29,1626.27,1626.27,-0.0,16.12,26623.75,-1
2025-06-18,2025-06-18 14:09:00,1626.27,1626.27,1626.25,1626.25,-0.0,16.12,26623.75,-1
2025-06-18,2025-06-18 14:10:00,1626.25,1626.25,1626.23,1626.23,-0.0,16.12,26623.75,-1
2025-06-18,2025-06-18 14:11:00,1626.23,1626.23,1626.21,1626.21,-0.0,16.12,26623.75,-1
2025-06-18,2025-06-18 14:12:00,1626.21,1626.21,1626.19,1626.19,-0.0,16.12,26623.75,-1
2025-06-18,2025-06-18 14:13:00,1626.19,1626.19,1626.17,1626.17,-0.0,16.12,26623.75,-1
2025-06-18,2025-06-18 14:14:00,1626.17,1626.17,1626.15,1626.15,-0.0,16.12,26623.75,-1
2025-06-18,2025-06-18 14:15:00,1626.15,1626.15,1626.13,1626.13,-0.0,16.12,26623.75,-1
2025-06-18,2025-06-18 14:16:00,1626.13,1626.13,1626.11,1626.11,-0.0,16.12,26623.75,-1
2025-06-18,2025-06-18 14:17:00,1626.11,1626.11,1626.09,1626.09,-0.0,16.12,26623.75,-1
2025-06-18,2025-06-18 14:18:00,1626.09,1626.09,1626.07,1626.07,-0.0,16.12,26623.75,-1
2025-06-18,2025-06-18 14:19:00,1626.07,1626.07,1626.05,1626.05,-0.0,16.12,26623.75,-1
2025-06-18,2025-06-18 14:20:00,1626.05,1626.05,1626.03,1626.03,-0.0,16.12,26623.75,-1
2025-06-18,2025-06-18 14:21:00,1626.03,1626.03,1626.01,1626.01,-0.0,16.12,26623.75,-1
2025-06-18,2025-06-18 14:22:00,1626.01,1626.01,1625.99,1625.99,-0.0,16.12,26623.75,-1
2025-06-18,2025-06-18 14:23:00,1625.99,1625.99,1625.97,1625.97,-0.0,16.12,26623.75,-1
2025-06-18,2025-06-18 14:24:00,1625.97,1625.97,1625.95,1625.95,-0.0,16.12,26623.75,-1
2025-06-18,2025-06-18 14:25:00,1625.95,1625.95,1625.93,1625.93,-0.0,16.12,26623.75,-1
2025-06-18,2025-06-18 14:26:00,1625.93,1625.93,1625.91,1625.91,-0.0,16.12,26623.75,-1
2025-06-18,2025-06-18 14:27:00,1625.91,1625.91,1625.89,1625.89,-0.0,16.12,26623.75,-1
2025-06-18,2025-06-18 14:28:00,1625.89,1625.89,1625.87,1625.87,-0.0,16.12,26623.75,-1
2025-06-18,2025-06-18 14:29:00,1625.87,1625.87,1625.85,1625.85,-0.0,16.12,26623.75,-1
2025-06-18,2025-06-18 14:30:00,1625.85,1625.85,1625.83,1625.83,-0.0,16.12,26623.75,-1
2025-06-18,2025-06-18 14:31:00,1625.83,1625.83,1625.81,1625.81,-0.0,16.12,26623.75,-1
2025-06-18,2025-06-18 14:32:00,1625.81,1625.81,1625.79,1625.79,-0.0,16.12,26623.75,-1
2025-06-18,2025-06-18 14:33:00,1625.79,1625.79,1625.77,1625.77,-0.0,16.12,26623.75,-1
2025-06-18,2025-06-18 14:34:00,1625.77,1625.77,1625.75,1625.75,-0.0,16.12,26623.75,-1
2025-06-18,2025-06-18 14:35:00,1625.75,1625.75,1625.73,1625.73,-0.0,16.12,26623.75,-1
2025-06-18,2025-06-18 14:36:00,1625.73,1625.73,1625.71,1625.71,-0.0,16.12,26623.75,-1
2025-06-18,2025-06-18 14:37:00,1625.71,1625.71,1625.69,1625.69,-0.0,16.12,26623.75,-1
2025-06-18,2025-06-18 14:38:00,1625.69,1625.69,1625.67,1625.67,-0.0,16.12,26623.75,-1
2025-06-18,2025-06-18 14:39:00,1625.67,1625.67,1625.65,1625.65,-0.0,16.12,26623.75,-1
2025-06-18,2025-06-18 14:40:00,1625.65,1625.65,1625.64,1625.64,-0.0,16.12,26623.75,-1
2025-06-18,2025-06-18 14:41:00,1625.64,1625.64,1625.62,1625.62,-0.0,16.12,26623.75,-1
2025-06-18,2025-06-18 14:42:00,1625.62,1625.62,1625.6,1625.6,-0.0,16.12,26623.75,-1
2025-06-18,2025-06-18 14:43:00,1625.6,1625.6,1625.58,1625.58,-0.0,16.12,26623.75,-1
2025-06-18,2025-06-18 14:44:00,1625.58,1625.58,1625.56,1625.56,-0.0,16.12,26623.75,-1
2025-06-18,2025-06-18 14:45:00,1625.56,1625.56,1625.54,1625.54,-0.0,16.12,26623.75,-1
2025-06-18,2025-06-18 14:46:00,1625.54,1625.54,1625.52,1625.52,-0.0,16.12,26623.75,-1
2025-06-18,2025-06-18 14:47:00,1625.52,1625.52,1625.5,1625.5,-0.0,16.12,26623.75,-1
2025-06-18,2025-06-18 14:48:00,1625.5,1625.5,1625.48,1625.48,-0.0,16.12,26623.75,-1
2025-06-18,2025-06-18 14:49:00,1625.48,1625.48,1625.46,1625.46,-0.0,16.12,26623.75,-1
2025-06-18,2025-06-18 14:50:00,1625.46,1625.46,1625.44,1625.44,-0.0,16.12,26623.75,-1
2025-06-18,2025-06-18 14:51:00,1625.44,1625.44,1625.42,1625.42,-0.0,16.12,26623.75,-1
2025-06-18,2025-06-18 14:52:00,1625.42,1625.42,1625.4,1625.4,-0.0,16.12,26623.75,-1
2025-06-18,2025-06-18 14:53:00,1625.4,1625.4,1625.38,1625.38,-0.0,16.12,26623.75,-1
2025-06-18,2025-06-18 14:54:00,1625.38,1625.38,1625.36,1625.36,-0.0,16.12,26623.75,-1
2025-06-18,2025-06-18 14:55:00,1625.36,1625.36,1625.34,1625.34,-0.0,16.12,26623.75,-1
2025-06-18,2025-06-18 14:56:00,1625.34,1625.34,1625.32,1625.32,-0.0,16.12,26623.75,-1
2025-06-18,2025-06-18 14:57:00,1625.32,1625.32,1625.3,1625.3,-0.0,16.12,26623.75,-1
2025-06-18,2025-06-18 14:58:00,1625.3,1625.3,1625.28,1625.28,-0.0,16.12,26623.75,-1
2025-06-18,2025-06-18 14:59:00,1625.28,1625.28,1625.26,1625.26,-0.0,16.12,26623.75,-1
2025-06-18,2025-06-18 15:00:00,1625.26,1717.0,1619.0,1625.26,0.0,16.12,26623.75,0
2025-06-19,2025-06-19 11:00:00,1607.1,1616.52,1607.1,1607.14,0.0,7.4,11969.48,1
2025-06-19,2025-06-19 11:01:00,1607.14,1607.17,1607.14,1607.17,0.0,7.4,11969.48,1
2025-06-19,2025-06-19 11:02:00,1607.17,1607.21,1607.17,1607.21,0.0,7.4,11969.48,1
2025-06-19,2025-06-19 11:03:00,1607.21,1607.24,1607.21,1607.24,0.0,7.4,11969.48,1
2025-06-19,2025-06-19 11:04:00,1607.24,1607.28,1607.24,1607.28,0.0,7.4,11969.48,1
2025-06-19,2025-06-19 11:05:00,1607.28,1607.32,1607.28,1607.32,0.0,7.4,11969.48,1
2025-06-19,2025-06-19 11:06:00,1607.32,1607.35,1607.32,1607.35,0.0,7.4,11969.48,1
2025-06-19,2025-06-19 11:07:00,1607.35,1607.39,1607.35,1607.39,0.0,7.4,11969.48,1
2025-06-19,2025-06-19 11:08:00,1607.39,1607.42,1607.39,1607.42,0.0,7.4,11969.48,1
2025-06-19,2025-06-19 11:09:00,1607.42,1607.46,1607.42,1607.46,0.0,7.4,11969.48,1
2025-06-19,2025-06-19 11:10:00,1607.46,1607.5,1607.46,1607.5,0.0,7.4,11969.48,1
2025-06-19,2025-06-19 11:11:00,1607.5,1607.53,1607.5,1607.53,0.0,7.4,11969.48,1
2025-06-19,2025-06-19 11:12:00,1607.53,1607.57,1607.53,1607.57,0.0,7.4,11969.48,1
2025-06-19,2025-06-19 11:13:00,1607.57,1607.61,1607.57,1607.61,0.0,7.4,11969.48,1
2025-06-19,2025-06-19 11:14:00,1607.61,1607.64,1607.61,1607.64,0.0,7.4,11969.48,1
2025-06-19,2025-06-19 11:15:00,1607.64,1607.68,1607.64,1607.68,0.0,7.4,11969.48,1
2025-06-19,2025-06-19 11:16:00,1607.68,1607.71,1607.68,1607.71,0.0,7.4,11969.48,1
2025-06-19,2025-06-19 11:17:00,1607.71,1607.75,1607.71,1607.75,0.0,7.4,11969.48,1
2025-06-19,2025-06-19 11:18:00,1607.75,1607.79,1607.75,1607.79,0.0,7.4,11969.48,1
2025-06-19,2025-06-19 11:19:00,1607.79,1607.82,1607.79,1607.82,0.0,7.4,11969.48,1
2025-06-19,2025-06-19 11:20:00,1607.82,1607.86,1607.82,1607.86,0.0,7.4,11969.48,1
2025-06-19,2025-06-19 11:21:00,1607.86,1607.89,1607.86,1607.89,0.0,7.4,11969.48,1
2025-06-19,2025-06-19 11:22:00,1607.89,1607.93,1607.89,1607.93,0.0,7.4,11969.48,1
2025-06-19,2025-06-19 11:23:00,1607.93,1607.97,1607.93,1607.97,0.0,7.4,11969.48,1
2025-06-19,2025-06-19 11:24:00,1607.97,1608.0,1607.97,1608.0,0.0,7.4,11969.48,1
2025-06-19,2025-06-19 11:25:00,1608.0,1608.04,1608.0,1608.04,0.0,7.4,11969.48,1
2025-06-19,2025-06-19 11:26:00,1608.04,1608.07,1608.04,1608.07,0.0,7.4,11969.48,1
2025-06-19,2025-06-19 11:27:00,1608.07,1608.11,1608.07,1608.11,0.0,7.4,11969.48,1
2025-06-19,2025-06-19 11:28:00,1608.11,1608.15,1608.11,1608.15,0.0,7.4,11969.48,1
2025-06-19,2025-06-19 11:29:00,1608.15,1608.18,1608.15,1608.18,0.0,7.4,11969.48,1
2025-06-19,2025-06-19 11:30:00,1608.18,1608.22,1608.18,1608.22,0.0,7.4,11969.48,1
2025-06-19,2025-06-19 11:31:00,1608.22,1608.25,1608.22,1608.25,0.0,7.4,11969.48,1
2025-06-19,2025-06-19 11:32:00,1608.25,1608.29,1608.25,1608.29,0.0,7.4,11969.48,1
2025-06-19,2025-06-19 11:33:00,1608.29,1608.33,1608.29,1608.33,0.0,7.4,11969.48,1
2025-06-19,2025-06-19 11:34:00,1608.33,1608.36,1608.33,1608.36,0.0,7.4,11969.48,1
2025-06-19,2025-06-19 11:35:00,1608.36,1608.4,1608.36,1608.4,0.0,7.4,11969.48,1
2025-06-19,2025-06-19 11:36:00,1608.4,1608.44,1608.4,1608.44,0.0,7.4,11969.48,1
2025-06-19,2025-06-19 11:37:00,1608.44,1608.47,1608.44,1608.47,0.0,7.4,11969.48,1
2025-06-19,2025-06-19 11:38:00,1608.47,1608.51,1608.47,1608.51,0.0,7.4,11969.48,1
2025-06-19,2025-06-19 11:39:00,1608.51,1608.54,1608.51,1608.54,0.0,7.4,11969.48,1
2025-06-19,2025-06-19 11:40:00,1608.54,1608.58,1608.54,1608.58,0.0,7.4,11969.48,1
2025-06-19,2025-06-19 11:41:00,1608.58,1608.62,1608.58,1608.62,0.0,7.4,11969.48,1
2025-06-19,2025-06-19 11:42:00,1608.62,1608.65,1608.62,1608.65,0.0,7.4,11969.48,1
2025-06-19,2025-06-19 11:43:00,1608.65,1608.69,1608.65,1608.69,0.0,7.4,11969.48,1
2025-06-19,2025-06-19 11:44:00,1608.69,1608.72,1608.69,1608.72,0.0,7.4,11969.48,1
2025-06-19,2025-06-19 11:45:00,1608.72,1608.76,1608.72,1608.76,0.0,7.4,11969.48,1
2025-06-19,2025-06-19 11:46:00,1608.76,1608.8,1608.76,1608.8,0.0,7.4,11969.48,1
2025-06-19,2025-06-19 11:47:00,1608.8,1608.83,1608.8,1608.83,0.0,7.4,11969.48,1
2025-06-19,2025-06-19 11:48:00,1608.83,1608.87,1608.83,1608.87,0.0,7.4,11969.48,1
2025-06-19,2025-06-19 11:49:00,1608.87,1608.9,1608.87,1608.9,0.0,7.4,11969.48,1
2025-06-19,2025-06-19 11:50:00,1608.9,1608.94,1608.9,1608.94,0.0,7.4,11969.48,1
2025-06-19,2025-06-19 11:51:00,1608.94,1608.98,1608.94,1608.98,0.0,7.4,11969.48,1
2025-06-19,2025-06-19 11:52:00,1608.98,1609.01,1608.98,1609.01,0.0,7.4,11969.48,1
2025-06-19,2025-06-19 11:53:00,1609.01,1609.05,1609.01,1609.05,0.0,7.4,11969.48,1
2025-06-19,2025-06-19 11:54:00,1609.05,1609.08,1609.05,1609.08,0.0,7.4,11969.48,1
2025-06-19,2025-06-19 11:55:00,1609.08,1609.12,1609.08,1609.12,0.0,7.4,11969.48,1
2025-06-19,2025-06-19 11:56:00,1609.12,1609.16,1609.12,1609.16,0.0,7.4,11969.48,1
2025-06-19,2025-06-19 11:57:00,1609.16,1609.19,1609.16,1609.19,0.0,7.4,11969.48,1
2025-06-19,2025-06-19 11:58:00,1609.19,1609.23,1609.19,1609.23,0.0,7.4,11969.48,1
2025-06-19,2025-06-19 11:59:00,1609.23,1609.26,1609.23,1609.26,0.0,7.4,11969.48,1
2025-06-19,2025-06-19 12:00:00,1609.26,1609.3,1609.26,1609.3,0.0,7.4,11969.48,1
2025-06-19,2025-06-19 12:01:00,1609.3,1609.34,1609.3,1609.34,0.0,7.4,11969.48,1
2025-06-19,2025-06-19 12:02:00,1609.34,1609.37,1609.34,1609.37,0.0,7.4,11969.48,1
2025-06-19,2025-06-19 12:03:00,1609.37,1609.41,1609.37,1609.41,0.0,7.4,11969.48,1
2025-06-19,2025-06-19 12:04:00,1609.41,1609.45,1609.41,1609.45,0.0,7.4,11969.48,1
2025-06-19,2025-06-19 12:05:00,1609.45,1609.48,1609.45,1609.48,0.0,7.4,11969.48,1
2025-06-19,2025-06-19 12:06:00,1609.48,1609.52,1609.48,1609.52,0.0,7.4,11969.48,1
2025-06-19,2025-06-19 12:07:00,1609.52,1609.55,1609.52,1609.55,0.0,7.4,11969.48,1
2025-06-19,2025-06-19 12:08:00,1609.55,1609.59,1609.55,1609.59,0.0,7.4,11969.48,1
2025-06-19,2025-06-19 12:09:00,1609.59,1609.63,1609.59,1609.63,0.0,7.4,11969.48,1
2025-06-19,2025-06-19 12:10:00,1609.63,1609.66,1609.63,1609.66,0.0,7.4,11969.48,1
2025-06-19,2025-06-19 12:11:00,1609.66,1609.7,1609.66,1609.7,0.0,7.4,11969.48,1
2025-06-19,2025-06-19 12:12:00,1609.7,1609.73,1609.7,1609.73,0.0,7.4,11969.48,1
2025-06-19,2025-06-19 12:13:00,1609.73,1609.77,1609.73,1609.77,0.0,7.4,11969.48,1
2025-06-19,2025-06-19 12:14:00,1609.77,1609.81,1609.77,1609.81,0.0,7.4,11969.48,1
2025-06-19,2025-06-19 12:15:00,1609.81,1609.84,1609.81,1609.84,0.0,7.4,11969.48,1
2025-06-19,2025-06-19 12:16:00,1609.84,1609.88,1609.84,1609.88,0.0,7.4,11969.48,1
2025-06-19,2025-06-19 12:17:00,1609.88,1609.91,1609.88,1609.91,0.0,7.4,11969.48,1
2025-06-19,2025-06-19 12:18:00,1609.91,1609.95,1609.91,1609.95,0.0,7.4,11969.48,1
2025-06-19,2025-06-19 12:19:00,1609.95,1609.99,1609.95,1609.99,0.0,7.4,11969.48,1
2025-06-19,2025-06-19 12:20:00,1609.99,1610.02,1609.99,1610.02,0.0,7.4,11969.48,1
2025-06-19,2025-06-19 12:21:00,1610.02,1610.06,1610.02,1610.06,0.0,7.4,11969.48,1
2025-06-19,2025-06-19 12:22:00,1610.06,1610.09,1610.06,1610.09,0.0,7.4,11969.48,1
2025-06-19,2025-06-19 12:23:00,1610.09,1610.13,1610.09,1610.13,0.0,7.4,11969.48,1
2025-06-19,2025-06-19 12:24:00,1610.13,1610.17,1610.13,1610.17,0.0,7.4,11969.48,1
2025-06-19,2025-06-19 12:25:00,1610.17,1610.2,1610.17,1610.2,0.0,7.4,11969.48,1
2025-06-19,2025-06-19 12:26:00,1610.2,1610.24,1610.2,1610.24,0.0,7.4,11969.48,1
2025-06-19,2025-06-19 12:27:00,1610.24,1610.28,1610.24,1610.28,0.0,7.4,11969.48,1
2025-06-19,2025-06-19 12:28:00,1610.28,1610.31,1610.28,1610.31,0.0,7.4,11969.48,1
2025-06-19,2025-06-19 12:29:00,1610.31,1610.35,1610.31,1610.35,0.0,7.4,11969.48,1
2025-06-19,2025-06-19 12:30:00,1610.35,1610.38,1610.35,1610.38,0.0,7.4,11969.48,1
2025-06-19,2025-06-19 12:31:00,1610.38,1610.42,1610.38,1610.42,0.0,7.4,11969.48,1
2025-06-19,2025-06-19 12:32:00,1610.42,1610.46,1610.42,1610.46,0.0,7.4,11969.48,1
2025-06-19,2025-06-19 12:33:00,1610.46,1610.49,1610.46,1610.49,0.0,7.4,11969.48,1
2025-06-19,2025-06-19 12:34:00,1610.49,1610.53,1610.49,1610.53,0.0,7.4,11969.48,1
2025-06-19,2025-06-19 12:35:00,1610.53,1610.56,1610.53,1610.56,0.0,7.4,11969.48,1
2025-06-19,2025-06-19 12:36:00,1610.56,1610.6,1610.56,1610.6,0.0,7.4,11969.48,1
2025-06-19,2025-06-19 12:37:00,1610.6,1610.64,1610.6,1610.64,0.0,7.4,11969.48,1
2025-06-19,2025-06-19 12:38:00,1610.64,1610.67,1610.64,1610.67,0.0,7.4,11969.48,1
2025-06-19,2025-06-19 12:39:00,1610.67,1610.71,1610.67,1610.71,0.0,7.4,11969.48,1
2025-06-19,2025-06-19 12:40:00,1610.71,1610.74,1610.71,1610.74,0.0,7.4,11969.48,1
2025-06-19,2025-06-19 12:41:00,1610.74,1610.78,1610.74,1610.78,0.0,7.4,11969.48,1
2025-06-19,2025-06-19 12:42:00,1610.78,1610.82,1610.78,1610.82,0.0,7.4,11969.48,1
2025-06-19,2025-06-19 12:43:00,1610.82,1610.85,1610.82,1610.85,0.0,7.4,11969.48,1
2025-06-19,2025-06-19 12:44:00,1610.85,1610.89,1610.85,1610.89,0.0,7.4,11969.48,1
2025-06-19,2025-06-19 12:45:00,1610.89,1610.92,1610.89,1610.92,0.0,7.4,11969.48,1
2025-06-19,2025-06-19 12:46:00,1610.92,1610.96,1610.92,1610.96,0.0,7.4,11969.48,1
2025-06-19,2025-06-19 12:47:00,1610.96,1611.0,1610.96,1611.0,0.0,7.4,11969.48,1
2025-06-19,2025-06-19 12:48:00,1611.0,1611.03,1611.0,1611.03,0.0,7.4,11969.48,1
2025-06-19,2025-06-19 12:49:00,1611.03,1611.07,1611.03,1611.07,0.0,7.4,11969.48,1
2025-06-19,2025-06-19 12:50:00,1611.07,1611.11,1611.07,1611.11,0.0,7.4,11969.48,1
2025-06-19,2025-06-19 12:51:00,1611.11,1611.14,1611.11,1611.14,0.0,7.4,11969.48,1
2025-06-19,2025-06-19 12:52:00,1611.14,1611.18,1611.14,1611.18,0.0,7.4,11969.48,1
2025-06-19,2025-06-19 12:53:00,1611.18,1611.21,1611.18,1611.21,0.0,7.4,11969.48,1
2025-06-19,2025-06-19 12:54:00,1611.21,1611.25,1611.21,1611.25,0.0,7.4,11969.48,1
2025-06-19,2025-06-19 12:55:00,1611.25,1611.29,1611.25,1611.29,0.0,7.4,11969.48,1
2025-06-19,2025-06-19 12:56:00,1611.29,1611.32,1611.29,1611.32,0.0,7.4,11969.48,1
2025-06-19,2025-06-19 12:57:00,1611.32,1611.36,1611.32,1611.36,0.0,7.4,11969.48,1
2025-06-19,2025-06-19 12:58:00,1611.36,1611.39,1611.36,1611.39,0.0,7.4,11969.48,1
2025-06-19,2025-06-19 12:59:00,1611.39,1611.43,1611.39,1611.43,0.0,7.4,11969.48,1
2025-06-19,2025-06-19 13:00:00,1611.43,1638.5,1607.1,1611.47,0.0,7.4,11969.48,1
2025-06-19,2025-06-19 13:01:00,1611.47,1611.5,1611.47,1611.5,0.0,7.4,11969.48,1
2025-06-19,2025-06-19 13:02:00,1611.5,1611.54,1611.5,1611.54,0.0,7.4,11969.48,1
2025-06-19,2025-06-19 13:03:00,1611.54,1611.57,1611.54,1611.57,0.0,7.4,11969.48,1
2025-06-19,2025-06-19 13:04:00,1611.57,1611.61,1611.57,1611.61,0.0,7.4,11969.48,1
2025-06-19,2025-06-19 13:05:00,1611.61,1611.65,1611.61,1611.65,0.0,7.4,11969.48,1
2025-06-19,2025-06-19 13:06:00,1611.65,1611.68,1611.65,1611.68,0.0,7.4,11969.48,1
2025-06-19,2025-06-19 13:07:00,1611.68,1611.72,1611.68,1611.72,0.0,7.4,11969.48,1
2025-06-19,2025-06-19 13:08:00,1611.72,1611.75,1611.72,1611.75,0.0,7.4,11969.48,1
2025-06-19,2025-06-19 13:09:00,1611.75,1611.79,1611.75,1611.79,0.0,7.4,11969.48,1
2025-06-19,2025-06-19 13:10:00,1611.79,1611.83,1611.79,1611.83,0.0,7.4,11969.48,1
2025-06-19,2025-06-19 13:11:00,1611.83,1611.86,1611.83,1611.86,0.0,7.4,11969.48,1
2025-06-19,2025-06-19 13:12:00,1611.86,1611.9,1611.86,1611.9,0.0,7.4,11969.48,1
2025-06-19,2025-06-19 13:13:00,1611.9,1611.94,1611.9,1611.94,0.0,7.4,11969.48,1
2025-06-19,2025-06-19 13:14:00,1611.94,1611.97,1611.94,1611.97,0.0,7.4,11969.48,1
2025-06-19,2025-06-19 13:15:00,1611.97,1612.01,1611.97,1612.01,0.0,7.4,11969.48,1
2025-06-19,2025-06-19 13:16:00,1612.01,1612.04,1612.01,1612.04,0.0,7.4,11969.48,1
2025-06-19,2025-06-19 13:17:00,1612.04,1612.08,1612.04,1612.08,0.0,7.4,11969.48,1
2025-06-19,2025-06-19 13:18:00,1612.08,1612.12,1612.08,1612.12,0.0,7.4,11969.48,1
2025-06-19,2025-06-19 13:19:00,1612.12,1612.15,1612.12,1612.15,0.0,7.4,11969.48,1
2025-06-19,2025-06-19 13:20:00,1612.15,1612.19,1612.15,1612.19,0.0,7.4,11969.48,1
2025-06-19,2025-06-19 13:21:00,1612.19,1612.22,1612.19,1612.22,0.0,7.4,11969.48,1
2025-06-19,2025-06-19 13:22:00,1612.22,1612.26,1612.22,1612.26,0.0,7.4,11969.48,1
2025-06-19,2025-06-19 13:23:00,1612.26,1612.3,1612.26,1612.3,0.0,7.4,11969.48,1
2025-06-19,2025-06-19 13:24:00,1612.3,1612.33,1612.3,1612.33,0.0,7.4,11969.48,1
2025-06-19,2025-06-19 13:25:00,1612.33,1612.37,1612.33,1612.37,0.0,7.4,11969.48,1
2025-06-19,2025-06-19 13:26:00,1612.37,1612.4,1612.37,1612.4,0.0,7.4,11969.48,1
2025-06-19,2025-06-19 13:27:00,1612.4,1612.44,1612.4,1612.44,0.0,7.4,11969.48,1
2025-06-19,2025-06-19 13:28:00,1612.44,1612.48,1612.44,1612.48,0.0,7.4,11969.48,1
2025-06-19,2025-06-19 13:29:00,1612.48,1612.51,1612.48,1612.51,0.0,7.4,11969.48,1
2025-06-19,2025-06-19 13:30:00,1612.51,1612.55,1612.51,1612.55,0.0,7.4,11969.48,1
2025-06-19,2025-06-19 13:31:00,1612.55,1612.58,1612.55,1612.58,0.0,7.4,11969.48,1
2025-06-19,2025-06-19 13:32:00,1612.58,1612.62,1612.58,1612.62,0.0,7.4,11969.48,1
2025-06-19,2025-06-19 13:33:00,1612.62,1612.66,1612.62,1612.66,0.0,7.4,11969.48,1
2025-06-19,2025-06-19 13:34:00,1612.66,1612.69,1612.66,1612.69,0.0,7.4,11969.48,1
2025-06-19,2025-06-19 13:35:00,1612.69,1612.73,1612.69,1612.73,0.0,7.4,11969.48,1
2025-06-19,2025-06-19 13:36:00,1612.73,1612.77,1612.73,1612.77,0.0,7.4,11969.48,1
2025-06-19,2025-06-19 13:37:00,1612.77,1612.8,1612.77,1612.8,0.0,7.4,11969.48,1
2025-06-19,2025-06-19 13:38:00,1612.8,1612.84,1612.8,1612.84,0.0,7.4,11969.48,1
2025-06-19,2025-06-19 13:39:00,1612.84,1612.87,1612.84,1612.87,0.0,7.4,11969.48,1
2025-06-19,2025-06-19 13:40:00,1612.87,1612.91,1612.87,1612.91,0.0,7.4,11969.48,1
2025-06-19,2025-06-19 13:41:00,1612.91,1612.95,1612.91,1612.95,0.0,7.4,11969.48,1
2025-06-19,2025-06-19 13:42:00,1612.95,1612.98,1612.95,1612.98,0.0,7.4,11969.48,1
2025-06-19,2025-06-19 13:43:00,1612.98,1613.02,1612.98,1613.02,0.0,7.4,11969.48,1
2025-06-19,2025-06-19 13:44:00,1613.02,1613.05,1613.02,1613.05,0.0,7.4,11969.48,1
2025-06-19,2025-06-19 13:45:00,1613.05,1613.09,1613.05,1613.09,0.0,7.4,11969.48,1
2025-06-19,2025-06-19 13:46:00,1613.09,1613.13,1613.09,1613.13,0.0,7.4,11969.48,1
2025-06-19,2025-06-19 13:47:00,1613.13,1613.16,1613.13,1613.16,0.0,7.4,11969.48,1
2025-06-19,2025-06-19 13:48:00,1613.16,1613.2,1613.16,1613.2,0.0,7.4,11969.48,1
2025-06-19,2025-06-19 13:49:00,1613.2,1613.23,1613.2,1613.23,0.0,7.4,11969.48,1
2025-06-19,2025-06-19 13:50:00,1613.23,1613.27,1613.23,1613.27,0.0,7.4,11969.48,1
2025-06-19,2025-06-19 13:51:00,1613.27,1613.31,1613.27,1613.31,0.0,7.4,11969.48,1
2025-06-19,2025-06-19 13:52:00,1613.31,1613.34,1613.31,1613.34,0.0,7.4,11969.48,1
2025-06-19,2025-06-19 13:53:00,1613.34,1613.38,1613.34,1613.38,0.0,7.4,11969.48,1
2025-06-19,2025-06-19 13:54:00,1613.38,1613.41,1613.38,1613.41,0.0,7.4,11969.48,1
2025-06-19,2025-06-19 13:55:00,1613.41,1613.45,1613.41,1613.45,0.0,7.4,11969.48,1
2025-06-19,2025-06-19 13:56:00,1613.45,1613.49,1613.45,1613.49,0.0,7.4,11969.48,1
2025-06-19,2025-06-19 13:57:00,1613.49,1613.52,1613.49,1613.52,0.0,7.4,11969.48,1
2025-06-19,2025-06-19 13:58:00,1613.52,1613.56,1613.52,1613.56,0.0,7.4,11969.48,1
2025-06-19,2025-06-19 13:59:00,1613.56,1613.6,1613.56,1613.6,0.0,7.4,11969.48,1
2025-06-19,2025-06-19 14:00:00,1613.6,1613.63,1613.6,1613.63,0.0,7.4,11969.48,1
2025-06-19,2025-06-19 14:01:00,1613.63,1613.67,1613.63,1613.67,0.0,7.4,11969.48,1
2025-06-19,2025-06-19 14:02:00,1613.67,1613.7,1613.67,1613.7,0.0,7.4,11969.48,1
2025-06-19,2025-06-19 14:03:00,1613.7,1613.74,1613.7,1613.74,0.0,7.4,11969.48,1
2025-06-19,2025-06-19 14:04:00,1613.74,1613.78,1613.74,1613.78,0.0,7.4,11969.48,1
2025-06-19,2025-06-19 14:05:00,1613.78,1613.81,1613.78,1613.81,0.0,7.4,11969.48,1
2025-06-19,2025-06-19 14:06:00,1613.81,1613.85,1613.81,1613.85,0.0,7.4,11969.48,1
2025-06-19,2025-06-19 14:07:00,1613.85,1613.88,1613.85,1613.88,0.0,7.4,11969.48,1
2025-06-19,2025-06-19 14:08:00,1613.88,1613.92,1613.88,1613.92,0.0,7.4,11969.48,1
2025-06-19,2025-06-19 14:09:00,1613.92,1613.96,1613.92,1613.96,0.0,7.4,11969.48,1
2025-06-19,2025-06-19 14:10:00,1613.96,1613.99,1613.96,1613.99,0.0,7.4,11969.48,1
2025-06-19,2025-06-19 14:11:00,1613.99,1614.03,1613.99,1614.03,0.0,7.4,11969.48,1
2025-06-19,2025-06-19 14:12:00,1614.03,1614.06,1614.03,1614.06,0.0,7.4,11969.48,1
2025-06-19,2025-06-19 14:13:00,1614.06,1614.1,1614.06,1614.1,0.0,7.4,11969.48,1
2025-06-19,2025-06-19 14:14:00,1614.1,1614.14,1614.1,1614.14,0.0,7.4,11969.48,1
2025-06-19,2025-06-19 14:15:00,1614.14,1614.17,1614.14,1614.17,0.0,7.4,11969.48,1
2025-06-19,2025-06-19 14:16:00,1614.17,1614.21,1614.17,1614.21,0.0,7.4,11969.48,1
2025-06-19,2025-06-19 14:17:00,1614.21,1614.24,1614.21,1614.24,0.0,7.4,11969.48,1
2025-06-19,2025-06-19 14:18:00,1614.24,1614.28,1614.24,1614.28,0.0,7.4,11969.48,1
2025-06-19,2025-06-19 14:19:00,1614.28,1614.32,1614.28,1614.32,0.0,7.4,11969.48,1
2025-06-19,2025-06-19 14:20:00,1614.32,1614.35,1614.32,1614.35,0.0,7.4,11969.48,1
2025-06-19,2025-06-19 14:21:00,1614.35,1614.39,1614.35,1614.39,0.0,7.4,11969.48,1
2025-06-19,2025-06-19 14:22:00,1614.39,1614.42,1614.39,1614.42,0.0,7.4,11969.48,1
2025-06-19,2025-06-19 14:23:00,1614.42,1614.46,1614.42,1614.46,0.0,7.4,11969.48,1
2025-06-19,2025-06-19 14:24:00,1614.46,1614.5,1614.46,1614.5,0.0,7.4,11969.48,1
2025-06-19,2025-06-19 14:25:00,1614.5,1614.53,1614.5,1614.53,0.0,7.4,11969.48,1
2025-06-19,2025-06-19 14:26:00,1614.53,1614.57,1614.53,1614.57,0.0,7.4,11969.48,1
2025-06-19,2025-06-19 14:27:00,1614.57,1614.61,1614.57,1614.61,0.0,7.4,11969.48,1
2025-06-19,2025-06-19 14:28:00,1614.61,1614.64,1614.61,1614.64,0.0,7.4,11969.48,1
2025-06-19,2025-06-19 14:29:00,1614.64,1614.68,1614.64,1614.68,0.0,7.4,11969.48,1
2025-06-19,2025-06-19 14:30:00,1614.68,1614.71,1614.68,1614.71,0.0,7.4,11969.48,1
2025-06-19,2025-06-19 14:31:00,1614.71,1614.75,1614.71,1614.75,0.0,7.4,11969.48,1
2025-06-19,2025-06-19 14:32:00,1614.75,1614.79,1614.75,1614.79,0.0,7.4,11969.48,1
2025-06-19,2025-06-19 14:33:00,1614.79,1614.82,1614.79,1614.82,0.0,7.4,11969.48,1
2025-06-19,2025-06-19 14:34:00,1614.82,1614.86,1614.82,1614.86,0.0,7.4,11969.48,1
2025-06-19,2025-06-19 14:35:00,1614.86,1614.89,1614.86,1614.89,0.0,7.4,11969.48,1
2025-06-19,2025-06-19 14:36:00,1614.89,1614.93,1614.89,1614.93,0.0,7.4,11969.48,1
2025-06-19,2025-06-19 14:37:00,1614.93,1614.97,1614.93,1614.97,0.0,7.4,11969.48,1
2025-06-19,2025-06-19 14:38:00,1614.97,1615.0,1614.97,1615.0,0.0,7.4,11969.48,1
2025-06-19,2025-06-19 14:39:00,1615.0,1615.04,1615.0,1615.04,0.0,7.4,11969.48,1
2025-06-19,2025-06-19 14:40:00,1615.04,1615.07,1615.04,1615.07,0.0,7.4,11969.48,1
2025-06-19,2025-06-19 14:41:00,1615.07,1615.11,1615.07,1615.11,0.0,7.4,11969.48,1
2025-06-19,2025-06-19 14:42:00,1615.11,1615.15,1615.11,1615.15,0.0,7.4,11969.48,1
2025-06-19,2025-06-19 14:43:00,1615.15,1615.18,1615.15,1615.18,0.0,7.4,11969.48,1
2025-06-19,2025-06-19 14:44:00,1615.18,1615.22,1615.18,1615.22,0.0,7.4,11969.48,1
2025-06-19,2025-06-19 14:45:00,1615.22,1615.25,1615.22,1615.25,0.0,7.4,11969.48,1
2025-06-19,2025-06-19 14:46:00,1615.25,1615.29,1615.25,1615.29,0.0,7.4,11969.48,1
2025-06-19,2025-06-19 14:47:00,1615.29,1615.33,1615.29,1615.33,0.0,7.4,11969.48,1
2025-06-19,2025-06-19 14:48:00,1615.33,1615.36,1615.33,1615.36,0.0,7.4,11969.48,1
2025-06-19,2025-06-19 14:49:00,1615.36,1615.4,1615.36,1615.4,0.0,7.4,11969.48,1
2025-06-19,2025-06-19 14:50:00,1615.4,1615.44,1615.4,1615.44,0.0,7.4,11969.48,1
2025-06-19,2025-06-19 14:51:00,1615.44,1615.47,1615.44,1615.47,0.0,7.4,11969.48,1
2025-06-19,2025-06-19 14:52:00,1615.47,1615.51,1615.47,1615.51,0.0,7.4,11969.48,1
2025-06-19,2025-06-19 14:53:00,1615.51,1615.54,1615.51,1615.54,0.0,7.4,11969.48,1
2025-06-19,2025-06-19 14:54:00,1615.54,1615.58,1615.54,1615.58,0.0,7.4,11969.48,1
2025-06-19,2025-06-19 14:55:00,1615.58,1615.62,1615.58,1615.62,0.0,7.4,11969.48,1
2025-06-19,2025-06-19 14:56:00,1615.62,1615.65,1615.62,1615.65,0.0,7.4,11969.48,1
2025-06-19,2025-06-19 14:57:00,1615.65,1615.69,1615.65,1615.69,0.0,7.4,11969.48,1
2025-06-19,2025-06-19 14:58:00,1615.69,1615.72,1615.69,1615.72,0.0,7.4,11969.48,1
2025-06-19,2025-06-19 14:59:00,1615.72,1615.76,1615.72,1615.76,0.0,7.4,11969.48,1
2025-06-19,2025-06-19 15:00:00,1615.76,1638.5,1607.1,1615.76,0.0,7.4,11969.48,0
2025-06-22,2025-06-22 11:00:00,1600.0,1613.5,1595.5,1599.94,-0.0,11.68,18643.09,-1
2025-06-22,2025-06-22 11:01:00,1599.94,1599.94,1599.89,1599.89,-0.0,11.68,18643.09,-1
2025-06-22,2025-06-22 11:02:00,1599.89,1599.89,1599.83,1599.83,-0.0,11.68,18643.09,-1
2025-06-22,2025-06-22 11:03:00,1599.83,1599.83,1599.77,1599.77,-0.0,11.68,18643.09,-1
2025-06-22,2025-06-22 11:04:00,1599.77,1599.77,1599.72,1599.72,-0.0,11.68,18643.09,-1
2025-06-22,2025-06-22 11:05:00,1599.72,1599.72,1599.66,1599.66,-0.0,11.68,18643.09,-1
2025-06-22,2025-06-22 11:06:00,1599.66,1599.66,1599.6,1599.6,-0.0,11.68,18643.09,-1
2025-06-22,2025-06-22 11:07:00,1599.6,1599.6,1599.55,1599.55,-0.0,11.68,18643.09,-1
2025-06-22,2025-06-22 11:08:00,1599.55,1599.55,1599.49,1599.49,-0.0,11.68,18643.09,-1
2025-06-22,2025-06-22 11:09:00,1599.49,1599.49,1599.44,1599.44,-0.0,11.68,18643.09,-1
2025-06-22,2025-06-22 11:10:00,1599.44,1599.44,1599.38,1599.38,-0.0,11.68,18643.09,-1
2025-06-22,2025-06-22 11:11:00,1599.38,1599.38,1599.32,1599.32,-0.0,11.68,18643.09,-1
2025-06-22,2025-06-22 11:12:00,1599.32,1599.32,1599.27,1599.27,-0.0,11.68,18643.09,-1
2025-06-22,2025-06-22 11:13:00,1599.27,1599.27,1599.21,1599.21,-0.0,11.68,18643.09,-1
2025-06-22,2025-06-22 11:14:00,1599.21,1599.21,1599.15,1599.15,-0.0,11.68,18643.09,-1
2025-06-22,2025-06-22 11:15:00,1599.15,1599.15,1599.1,1599.1,-0.0,11.68,18643.09,-1
2025-06-22,2025-06-22 11:16:00,1599.1,1599.1,1599.04,1599.04,-0.0,11.68,18643.09,-1
2025-06-22,2025-06-22 11:17:00,1599.04,1599.04,1598.98,1598.98,-0.0,11.68,18643.09,-1
2025-06-22,2025-06-22 11:18:00,1598.98,1598.98,1598.93,1598.93,-0.0,11.68,18643.09,-1
2025-06-22,2025-06-22 11:19:00,1598.93,1598.93,1598.87,1598.87,-0.0,11.68,18643.09,-1
2025-06-22,2025-06-22 11:20:00,1598.87,1598.87,1598.81,1598.81,-0.0,11.68,18643.09,-1
2025-06-22,2025-06-22 11:21:00,1598.81,1598.81,1598.76,1598.76,-0.0,11.68,18643.09,-1
2025-06-22,2025-06-22 11:22:00,1598.76,1598.76,1598.7,1598.7,-0.0,11.68,18643.09,-1
2025-06-22,2025-06-22 11:23:00,1598.7,1598.7,1598.64,1598.64,-0.0,11.68,18643.09,-1
2025-06-22,2025-06-22 11:24:00,1598.64,1598.64,1598.59,1598.59,-0.0,11.68,18643.09,-1
2025-06-22,2025-06-22 11:25:00,1598.59,1598.59,1598.53,1598.53,-0.0,11.68,18643.09,-1
2025-06-22,2025-06-22 11:26:00,1598.53,1598.53,1598.48,1598.48,-0.0,11.68,18643.09,-1
2025-06-22,2025-06-22 11:27:00,1598.48,1598.48,1598.42,1598.42,-0.0,11.68,18643.09,-1
2025-06-22,2025-06-22 11:28:00,1598.42,1598.42,1598.36,1598.36,-0.0,11.68,18643.09,-1
2025-06-22,2025-06-22 11:29:00,1598.36,1598.36,1598.31,1598.31,-0.0,11.68,18643.09,-1
2025-06-22,2025-06-22 11:30:00,1598.31,1598.31,1598.25,1598.25,-0.0,11.68,18643.09,-1
2025-06-22,2025-06-22 11:31:00,1598.25,1598.25,1598.19,1598.19,-0.0,11.68,18643.09,-1
2025-06-22,2025-06-22 11:32:00,1598.19,1598.19,1598.14,1598.14,-0.0,11.68,18643.09,-1
2025-06-22,2025-06-22 11:33:00,1598.14,1598.14,1598.08,1598.08,-0.0,11.68,18643.09,-1
2025-06-22,2025-06-22 11:34:00,1598.08,1598.08,1598.02,1598.02,-0.0,11.68,18643.09,-1
2025-06-22,2025-06-22 11:35:00,1598.02,1598.02,1597.97,1597.97,-0.0,11.68,18643.09,-1
2025-06-22,2025-06-22 11:36:00,1597.97,1597.97,1597.91,1597.91,-0.0,11.68,18643.09,-1
2025-06-22,2025-06-22 11:37:00,1597.91,1597.91,1597.85,1597.85,-0.0,11.68,18643.09,-1
2025-06-22,2025-06-22 11:38:00,1597.85,1597.85,1597.8,1597.8,-0.0,11.68,18643.09,-1
2025-06-22,2025-06-22 11:39:00,1597.8,1597.8,1597.74,1597.74,-0.0,11.68,18643.09,-1
2025-06-22,2025-06-22 11:40:00,1597.74,1597.74,1597.69,1597.69,-0.0,11.68,18643.09,-1
2025-06-22,2025-06-22 11:41:00,1597.69,1597.69,1597.63,1597.63,-0.0,11.68,18643.09,-1
2025-06-22,2025-06-22 11:42:00,1597.63,1597.63,1597.57,1597.57,-0.0,11.68,18643.09,-1
2025-06-22,2025-06-22 11:43:00,1597.57,1597.57,1597.52,1597.52,-0.0,11.68,18643.09,-1
2025-06-22,2025-06-22 11:44:00,1597.52,1597.52,1597.46,1597.46,-0.0,11.68,18643.09,-1
2025-06-22,2025-06-22 11:45:00,1597.46,1597.46,1597.4,1597.4,-0.0,11.68,18643.09,-1
2025-06-22,2025-06-22 11:46:00,1597.4,1597.4,1597.35,1597.35,-0.0,11.68,18643.09,-1
2025-06-22,2025-06-22 11:47:00,1597.35,1597.35,1597.29,1597.29,-0.0,11.68,18643.09,-1
2025-06-22,2025-06-22 11:48:00,1597.29,1597.29,1597.23,1597.23,-0.0,11.68,18643.09,-1
2025-06-22,2025-06-22 11:49:00,1597.23,1597.23,1597.18,1597.18,-0.0,11.68,18643.09,-1
2025-06-22,2025-06-22 11:50:00,1597.18,1597.18,1597.12,1597.12,-0.0,11.68,18643.09,-1
2025-06-22,2025-06-22 11:51:00,1597.12,1597.12,1597.06,1597.06,-0.0,11.68,18643.09,-1
2025-06-22,2025-06-22 11:52:00,1597.06,1597.06,1597.01,1597.01,-0.0,11.68,18643.09,-1
2025-06-22,2025-06-22 11:53:00,1597.01,1597.01,1596.95,1596.95,-0.0,11.68,18643.09,-1
2025-06-22,2025-06-22 11:54:00,1596.95,1596.95,1596.89,1596.89,-0.0,11.68,18643.09,-1
2025-06-22,2025-06-22 11:55:00,1596.89,1596.89,1596.84,1596.84,-0.0,11.68,18643.09,-1
2025-06-22,2025-06-22 11:56:00,1596.84,1596.84,1596.78,1596.78,-0.0,11.68,18643.09,-1
2025-06-22,2025-06-22 11:57:00,1596.78,1596.78,1596.73,1596.73,-0.0,11.68,18643.09,-1
2025-06-22,2025-06-22 11:58:00,1596.73,1596.73,1596.67,1596.67,-0.0,11.68,18643.09,-1
2025-06-22,2025-06-22 11:59:00,1596.67,1596.67,1596.61,1596.61,-0.0,11.68,18643.09,-1
2025-06-22,2025-06-22 12:00:00,1596.61,1596.61,1596.56,1596.56,-0.0,11.68,18643.09,-1
2025-06-22,2025-06-22 12:01:00,1596.56,1596.56,1596.5,1596.5,-0.0,11.68,18643.09,-1
2025-06-22,2025-06-22 12:02:00,1596.5,1596.5,1596.44,1596.44,-0.0,11.68,18643.09,-1
2025-06-22,2025-06-22 12:03:00,1596.44,1596.44,1596.39,1596.39,-0.0,11.68,18643.09,-1
2025-06-22,2025-06-22 12:04:00,1596.39,1596.39,1596.33,1596.33,-0.0,11.68,18643.09,-1
2025-06-22,2025-06-22 12:05:00,1596.33,1596.33,1596.27,1596.27,-0.0,11.68,18643.09,-1
2025-06-22,2025-06-22 12:06:00,1596.27,1596.27,1596.22,1596.22,-0.0,11.68,18643.09,-1
2025-06-22,2025-06-22 12:07:00,1596.22,1596.22,1596.16,1596.16,-0.0,11.68,18643.09,-1
2025-06-22,2025-06-22 12:08:00,1596.16,1596.16,1596.1,1596.1,-0.0,11.68,18643.09,-1
2025-06-22,2025-06-22 12:09:00,1596.1,1596.1,1596.05,1596.05,-0.0,11.68,18643.09,-1
2025-06-22,2025-06-22 12:10:00,1596.05,1596.05,1595.99,1595.99,-0.0,11.68,18643.09,-1
2025-06-22,2025-06-22 12:11:00,1595.99,1595.99,1595.93,1595.93,-0.0,11.68,18643.09,-1
2025-06-22,2025-06-22 12:12:00,1595.93,1595.93,1595.88,1595.88,-0.0,11.68,18643.09,-1
2025-06-22,2025-06-22 12:13:00,1595.88,1595.88,1595.82,1595.82,-0.0,11.68,18643.09,-1
2025-06-22,2025-06-22 12:14:00,1595.82,1595.82,1595.77,1595.77,-0.0,11.68,18643.09,-1
2025-06-22,2025-06-22 12:15:00,1595.77,1595.77,1595.71,1595.71,-0.0,11.68,18643.09,-1
2025-06-22,2025-06-22 12:16:00,1595.71,1595.71,1595.65,1595.65,-0.0,11.68,18643.09,-1
2025-06-22,2025-06-22 12:17:00,1595.65,1595.65,1595.6,1595.6,-0.0,11.68,18643.09,-1
2025-06-22,2025-06-22 12:18:00,1595.6,1595.6,1595.54,1595.54,-0.0,11.68,18643.09,-1
2025-06-22,2025-06-22 12:19:00,1595.54,1595.54,1595.48,1595.48,-0.0,11.68,18643.09,-1
2025-06-22,2025-06-22 12:20:00,1595.48,1595.48,1595.43,1595.43,-0.0,11.68,18643.09,-1
2025-06-22,2025-06-22 12:21:00,1595.43,1595.43,1595.37,1595.37,-0.0,11.68,18643.09,-1
2025-06-22,2025-06-22 12:22:00,1595.37,1595.37,1595.31,1595.31,-0.0,11.68,18643.09,-1
2025-06-22,2025-06-22 12:23:00,1595.31,1595.31,1595.26,1595.26,-0.0,11.68,18643.09,-1
2025-06-22,2025-06-22 12:24:00,1595.26,1595.26,1595.2,1595.2,-0.0,11.68,18643.09,-1
2025-06-22,2025-06-22 12:25:00,1595.2,1595.2,1595.14,1595.14,-0.0,11.68,18643.09,-1
2025-06-22,2025-06-22 12:26:00,1595.14,1595.14,1595.09,1595.09,-0.0,11.68,18643.09,-1
2025-06-22,2025-06-22 12:27:00,1595.09,1595.09,1595.03,1595.03,-0.0,11.68,18643.09,-1
2025-06-22,2025-06-22 12:28:00,1595.03,1595.03,1594.98,1594.98,-0.0,11.68,18643.09,-1
2025-06-22,2025-06-22 12:29:00,1594.98,1594.98,1594.92,1594.92,-0.0,11.68,18643.09,-1
2025-06-22,2025-06-22 12:30:00,1594.92,1594.92,1594.86,1594.86,-0.0,11.68,18643.09,-1
2025-06-22,2025-06-22 12:31:00,1594.86,1594.86,1594.81,1594.81,-0.0,11.68,18643.09,-1
2025-06-22,2025-06-22 12:32:00,1594.81,1594.81,1594.75,1594.75,-0.0,11.68,18643.09,-1
2025-06-22,2025-06-22 12:33:00,1594.75,1594.75,1594.69,1594.69,-0.0,11.68,18643.09,-1
2025-06-22,2025-06-22 12:34:00,1594.69,1594.69,1594.64,1594.64,-0.0,11.68,18643.09,-1
2025-06-22,2025-06-22 12:35:00,1594.64,1594.64,1594.58,1594.58,-0.0,11.68,18643.09,-1
2025-06-22,2025-06-22 12:36:00,1594.58,1594.58,1594.52,1594.52,-0.0,11.68,18643.09,-1
2025-06-22,2025-06-22 12:37:00,1594.52,1594.52,1594.47,1594.47,-0.0,11.68,18643.09,-1
2025-06-22,2025-06-22 12:38:00,1594.47,1594.47,1594.41,1594.41,-0.0,11.68,18643.09,-1
2025-06-22,2025-06-22 12:39:00,1594.41,1594.41,1594.35,1594.35,-0.0,11.68,18643.09,-1
2025-06-22,2025-06-22 12:40:00,1594.35,1594.35,1594.3,1594.3,-0.0,11.68,18643.09,-1
2025-06-22,2025-06-22 12:41:00,1594.3,1594.3,1594.24,1594.24,-0.0,11.68,18643.09,-1
2025-06-22,2025-06-22 12:42:00,1594.24,1594.24,1594.18,1594.18,-0.0,11.68,18643.09,-1
2025-06-22,2025-06-22 12:43:00,1594.18,1594.18,1594.13,1594.13,-0.0,11.68,18643.09,-1
2025-06-22,2025-06-22 12:44:00,1594.13,1594.13,1594.07,1594.07,-0.0,11.68,18643.09,-1
2025-06-22,2025-06-22 12:45:00,1594.07,1594.07,1594.02,1594.02,-0.0,11.68,18643.09,-1
2025-06-22,2025-06-22 12:46:00,1594.02,1594.02,1593.96,1593.96,-0.0,11.68,18643.09,-1
2025-06-22,2025-06-22 12:47:00,1593.96,1593.96,1593.9,1593.9,-0.0,11.68,18643.09,-1
2025-06-22,2025-06-22 12:48:00,1593.9,1593.9,1593.85,1593.85,-0.0,11.68,18643.09,-1
2025-06-22,2025-06-22 12:49:00,1593.85,1593.85,1593.79,1593.79,-0.0,11.68,18643.09,-1
2025-06-22,2025-06-22 12:50:00,1593.79,1593.79,1593.73,1593.73,-0.0,11.68,18643.09,-1
2025-06-22,2025-06-22 12:51:00,1593.73,1593.73,1593.68,1593.68,-0.0,11.68,18643.09,-1
2025-06-22,2025-06-22 12:52:00,1593.68,1593.68,1593.62,1593.62,-0.0,11.68,18643.09,-1
2025-06-22,2025-06-22 12:53:00,1593.62,1593.62,1593.56,1593.56,-0.0,11.68,18643.09,-1
2025-06-22,2025-06-22 12:54:00,1593.56,1593.56,1593.51,1593.51,-0.0,11.68,18643.09,-1
2025-06-22,2025-06-22 12:55:00,1593.51,1593.51,1593.45,1593.45,-0.0,11.68,18643.09,-1
2025-06-22,2025-06-22 12:56:00,1593.45,1593.45,1593.39,1593.39,-0.0,11.68,18643.09,-1
2025-06-22,2025-06-22 12:57:00,1593.39,1593.39,1593.34,1593.34,-0.0,11.68,18643.09,-1
2025-06-22,2025-06-22 12:58:00,1593.34,1593.34,1593.28,1593.28,-0.0,11.68,18643.09,-1
2025-06-22,2025-06-22 12:59:00,1593.28,1593.28,1593.22,1593.22,-0.0,11.68,18643.09,-1
2025-06-22,2025-06-22 13:00:00,1593.22,1645.0,1585.0,1593.17,-0.0,11.68,18643.09,-1
2025-06-22,2025-06-22 13:01:00,1593.17,1593.17,1593.11,1593.11,-0.0,11.68,18643.09,-1
2025-06-22,2025-06-22 13:02:00,1593.11,1593.11,1593.06,1593.06,-0.0,11.68,18643.09,-1
2025-06-22,2025-06-22 13:03:00,1593.06,1593.06,1593.0,1593.0,-0.0,11.68,18643.09,-1
2025-06-22,2025-06-22 13:04:00,1593.0,1593.0,1592.94,1592.94,-0.0,11.68,18643.09,-1
2025-06-22,2025-06-22 13:05:00,1592.94,1592.94,1592.89,1592.89,-0.0,11.68,18643.09,-1
2025-06-22,2025-06-22 13:06:00,1592.89,1592.89,1592.83,1592.83,-0.0,11.68,18643.09,-1
2025-06-22,2025-06-22 13:07:00,1592.83,1592.83,1592.77,1592.77,-0.0,11.68,18643.09,-1
2025-06-22,2025-06-22 13:08:00,1592.77,1592.77,1592.72,1592.72,-0.0,11.68,18643.09,-1
2025-06-22,2025-06-22 13:09:00,1592.72,1592.72,1592.66,1592.66,-0.0,11.68,18643.09,-1
2025-06-22,2025-06-22 13:10:00,1592.66,1592.66,1592.6,1592.6,-0.0,11.68,18643.09,-1
2025-06-22,2025-06-22 13:11:00,1592.6,1592.6,1592.55,1592.55,-0.0,11.68,18643.09,-1
2025-06-22,2025-06-22 13:12:00,1592.55,1592.55,1592.49,1592.49,-0.0,11.68,18643.09,-1
2025-06-22,2025-06-22 13:13:00,1592.49,1592.49,1592.43,1592.43,-0.0,11.68,18643.09,-1
2025-06-22,2025-06-22 13:14:00,1592.43,1592.43,1592.38,1592.38,-0.0,11.68,18643.09,-1
2025-06-22,2025-06-22 13:15:00,1592.38,1592.38,1592.32,1592.32,-0.0,11.68,18643.09,-1
2025-06-22,2025-06-22 13:16:00,1592.32,1592.32,1592.27,1592.27,-0.0,11.68,18643.09,-1
2025-06-22,2025-06-22 13:17:00,1592.27,1592.27,1592.21,1592.21,-0.0,11.68,18643.09,-1
2025-06-22,2025-06-22 13:18:00,1592.21,1592.21,1592.15,1592.15,-0.0,11.68,18643.09,-1
2025-06-22,2025-06-22 13:19:00,1592.15,1592.15,1592.1,1592.1,-0.0,11.68,18643.09,-1
2025-06-22,2025-06-22 13:20:00,1592.1,1592.1,1592.04,1592.04,-0.0,11.68,18643.09,-1
2025-06-22,2025-06-22 13:21:00,1592.04,1592.04,1591.98,1591.98,-0.0,11.68,18643.09,-1
2025-06-22,2025-06-22 13:22:00,1591.98,1591.98,1591.93,1591.93,-0.0,11.68,18643.09,-1
2025-06-22,2025-06-22 13:23:00,1591.93,1591.93,1591.87,1591.87,-0.0,11.68,18643.09,-1
2025-06-22,2025-06-22 13:24:00,1591.87,1591.87,1591.81,1591.81,-0.0,11.68,18643.09,-1
2025-06-22,2025-06-22 13:25:00,1591.81,1591.81,1591.76,1591.76,-0.0,11.68,18643.09,-1
2025-06-22,2025-06-22 13:26:00,1591.76,1591.76,1591.7,1591.7,-0.0,11.68,18643.09,-1
2025-06-22,2025-06-22 13:27:00,1591.7,1591.7,1591.64,1591.64,-0.0,11.68,18643.09,-1
2025-06-22,2025-06-22 13:28:00,1591.64,1591.64,1591.59,1591.59,-0.0,11.68,18643.09,-1
2025-06-22,2025-06-22 13:29:00,1591.59,1591.59,1591.53,1591.53,-0.0,11.68,18643.09,-1
2025-06-22,2025-06-22 13:30:00,1591.53,1591.53,1591.47,1591.47,-0.0,11.68,18643.09,-1
2025-06-22,2025-06-22 13:31:00,1591.47,1591.47,1591.42,1591.42,-0.0,11.68,18643.09,-1
2025-06-22,2025-06-22 13:32:00,1591.42,1591.42,1591.36,1591.36,-0.0,11.68,18643.09,-1
2025-06-22,2025-06-22 13:33:00,1591.36,1591.36,1591.31,1591.31,-0.0,11.68,18643.09,-1
2025-06-22,2025-06-22 13:34:00,1591.31,1591.31,1591.25,1591.25,-0.0,11.68,18643.09,-1
2025-06-22,2025-06-22 13:35:00,1591.25,1591.25,1591.19,1591.19,-0.0,11.68,18643.09,-1
2025-06-22,2025-06-22 13:36:00,1591.19,1591.19,1591.14,1591.14,-0.0,11.68,18643.09,-1
2025-06-22,2025-06-22 13:37:00,1591.14,1591.14,1591.08,1591.08,-0.0,11.68,18643.09,-1
2025-06-22,2025-06-22 13:38:00,1591.08,1591.08,1591.02,1591.02,-0.0,11.68,18643.09,-1
2025-06-22,2025-06-22 13:39:00,1591.02,1591.02,1590.97,1590.97,-0.0,11.68,18643.09,-1
2025-06-22,2025-06-22 13:40:00,1590.97,1590.97,1590.91,1590.91,-0.0,11.68,18643.09,-1
2025-06-22,2025-06-22 13:41:00,1590.91,1590.91,1590.85,1590.85,-0.0,11.68,18643.09,-1
2025-06-22,2025-06-22 13:42:00,1590.85,1590.85,1590.8,1590.8,-0.0,11.68,18643.09,-1
2025-06-22,2025-06-22 13:43:00,1590.8,1590.8,1590.74,1590.74,-0.0,11.68,18643.09,-1
2025-06-22,2025-06-22 13:44:00,1590.74,1590.74,1590.68,1590.68,-0.0,11.68,18643.09,-1
2025-06-22,2025-06-22 13:45:00,1590.68,1590.68,1590.63,1590.63,-0.0,11.68,18643.09,-1
2025-06-22,2025-06-22 13:46:00,1590.63,1590.63,1590.57,1590.57,-0.0,11.68,18643.09,-1
2025-06-22,2025-06-22 13:47:00,1590.57,1590.57,1590.52,1590.52,-0.0,11.68,18643.09,-1
2025-06-22,2025-06-22 13:48:00,1590.52,1590.52,1590.46,1590.46,-0.0,11.68,18643.09,-1
2025-06-22,2025-06-22 13:49:00,1590.46,1590.46,1590.4,1590.4,-0.0,11.68,18643.09,-1
2025-06-22,2025-06-22 13:50:00,1590.4,1590.4,1590.35,1590.35,-0.0,11.68,18643.09,-1
2025-06-22,2025-06-22 13:51:00,1590.35,1590.35,1590.29,1590.29,-0.0,11.68,18643.09,-1
2025-06-22,2025-06-22 13:52:00,1590.29,1590.29,1590.23,1590.23,-0.0,11.68,18643.09,-1
2025-06-22,2025-06-22 13:53:00,1590.23,1590.23,1590.18,1590.18,-0.0,11.68,18643.09,-1
2025-06-22,2025-06-22 13:54:00,1590.18,1590.18,1590.12,1590.12,-0.0,11.68,18643.09,-1
2025-06-22,2025-06-22 13:55:00,1590.12,1590.12,1590.06,1590.06,-0.0,11.68,18643.09,-1
2025-06-22,2025-06-22 13:56:00,1590.06,1590.06,1590.01,1590.01,-0.0,11.68,18643.09,-1
2025-06-22,2025-06-22 13:57:00,1590.01,1590.01,1589.95,1589.95,-0.0,11.68,18643.09,-1
2025-06-22,2025-06-22 13:58:00,1589.95,1589.95,1589.89,1589.89,-0.0,11.68,18643.09,-1
2025-06-22,2025-06-22 13:59:00,1589.89,1589.89,1589.84,1589.84,-0.0,11.68,18643.09,-1
2025-06-22,2025-06-22 14:00:00,1589.84,1589.84,1589.78,1589.78,-0.0,11.68,18643.09,-1
2025-06-22,2025-06-22 14:01:00,1589.78,1589.78,1589.72,1589.72,-0.0,11.68,18643.09,-1
2025-06-22,2025-06-22 14:02:00,1589.72,1589.72,1589.67,1589.67,-0.0,11.68,18643.09,-1
2025-06-22,2025-06-22 14:03:00,1589.67,1589.67,1589.61,1589.61,-0.0,11.68,18643.09,-1
2025-06-22,2025-06-22 14:04:00,1589.61,1589.61,1589.56,1589.56,-0.0,11.68,18643.09,-1
2025-06-22,2025-06-22 14:05:00,1589.56,1589.56,1589.5,1589.5,-0.0,11.68,18643.09,-1
2025-06-22,2025-06-22 14:06:00,1589.5,1589.5,1589.44,1589.44,-0.0,11.68,18643.09,-1
2025-06-22,2025-06-22 14:07:00,1589.44,1589.44,1589.39,1589.39,-0.0,11.68,18643.09,-1
2025-06-22,2025-06-22 14:08:00,1589.39,1589.39,1589.33,1589.33,-0.0,11.68,18643.09,-1
2025-06-22,2025-06-22 14:09:00,1589.33,1589.33,1589.27,1589.27,-0.0,11.68,18643.09,-1
2025-06-22,2025-06-22 14:10:00,1589.27,1589.27,1589.22,1589.22,-0.0,11.68,18643.09,-1
2025-06-22,2025-06-22 14:11:00,1589.22,1589.22,1589.16,1589.16,-0.0,11.68,18643.09,-1
2025-06-22,2025-06-22 14:12:00,1589.16,1589.16,1589.1,1589.1,-0.0,11.68,18643.09,-1
2025-06-22,2025-06-22 14:13:00,1589.1,1589.1,1589.05,1589.05,-0.0,11.68,18643.09,-1
2025-06-22,2025-06-22 14:14:00,1589.05,1589.05,1588.99,1588.99,-0.0,11.68,18643.09,-1
2025-06-22,2025-06-22 14:15:00,1588.99,1588.99,1588.93,1588.93,-0.0,11.68,18643.09,-1
2025-06-22,2025-06-22 14:16:00,1588.93,1588.93,1588.88,1588.88,-0.0,11.68,18643.09,-1
2025-06-22,2025-06-22 14:17:00,1588.88,1588.88,1588.82,1588.82,-0.0,11.68,18643.09,-1
2025-06-22,2025-06-22 14:18:00,1588.82,1588.82,1588.76,1588.76,-0.0,11.68,18643.09,-1
2025-06-22,2025-06-22 14:19:00,1588.76,1588.76,1588.71,1588.71,-0.0,11.68,18643.09,-1
2025-06-22,2025-06-22 14:20:00,1588.71,1588.71,1588.65,1588.65,-0.0,11.68,18643.09,-1
2025-06-22,2025-06-22 14:21:00,1588.65,1588.65,1588.6,1588.6,-0.0,11.68,18643.09,-1
2025-06-22,2025-06-22 14:22:00,1588.6,1588.6,1588.54,1588.54,-0.0,11.68,18643.09,-1
2025-06-22,2025-06-22 14:23:00,1588.54,1588.54,1588.48,1588.48,-0.0,11.68,18643.09,-1
2025-06-22,2025-06-22 14:24:00,1588.48,1588.48,1588.43,1588.43,-0.0,11.68,18643.09,-1
2025-06-22,2025-06-22 14:25:00,1588.43,1588.43,1588.37,1588.37,-0.0,11.68,18643.09,-1
2025-06-22,2025-06-22 14:26:00,1588.37,1588.37,1588.31,1588.31,-0.0,11.68,18643.09,-1
2025-06-22,2025-06-22 14:27:00,1588.31,1588.31,1588.26,1588.26,-0.0,11.68,18643.09,-1
2025-06-22,2025-06-22 14:28:00,1588.26,1588.26,1588.2,1588.2,-0.0,11.68,18643.09,-1
2025-06-22,2025-06-22 14:29:00,1588.2,1588.2,1588.14,1588.14,-0.0,11.68,18643.09,-1
2025-06-22,2025-06-22 14:30:00,1588.14,1588.14,1588.09,1588.09,-0.0,11.68,18643.09,-1
2025-06-22,2025-06-22 14:31:00,1588.09,1588.09,1588.03,1588.03,-0.0,11.68,18643.09,-1
2025-06-22,2025-06-22 14:32:00,1588.03,1588.03,1587.97,1587.97,-0.0,11.68,18643.09,-1
2025-06-22,2025-06-22 14:33:00,1587.97,1587.97,1587.92,1587.92,-0.0,11.68,18643.09,-1
2025-06-22,2025-06-22 14:34:00,1587.92,1587.92,1587.86,1587.86,-0.0,11.68,18643.09,-1
2025-06-22,2025-06-22 14:35:00,1587.86,1587.86,1587.81,1587.81,-0.0,11.68,18643.09,-1
2025-06-22,2025-06-22 14:36:00,1587.81,1587.81,1587.75,1587.75,-0.0,11.68,18643.09,-1
2025-06-22,2025-06-22 14:37:00,1587.75,1587.75,1587.69,1587.69,-0.0,11.68,18643.09,-1
2025-06-22,2025-06-22 14:38:00,1587.69,1587.69,1587.64,1587.64,-0.0,11.68,18643.09,-1
2025-06-22,2025-06-22 14:39:00,1587.64,1587.64,1587.58,1587.58,-0.0,11.68,18643.09,-1
2025-06-22,2025-06-22 14:40:00,1587.58,1587.58,1587.52,1587.52,-0.0,11.68,18643.09,-1
2025-06-22,2025-06-22 14:41:00,1587.52,1587.52,1587.47,1587.47,-0.0,11.68,18643.09,-1
2025-06-22,2025-06-22 14:42:00,1587.47,1587.47,1587.41,1587.41,-0.0,11.68,18643.09,-1
2025-06-22,2025-06-22 14:43:00,1587.41,1587.41,1587.35,1587.35,-0.0,11.68,18643.09,-1
2025-06-22,2025-06-22 14:44:00,1587.35,1587.35,1587.3,1587.3,-0.0,11.68,18643.09,-1
2025-06-22,2025-06-22 14:45:00,1587.3,1587.3,1587.24,1587.24,-0.0,11.68,18643.09,-1
2025-06-22,2025-06-22 14:46:00,1587.24,1587.24,1587.18,1587.18,-0.0,11.68,18643.09,-1
2025-06-22,2025-06-22 14:47:00,1587.18,1587.18,1587.13,1587.13,-0.0,11.68,18643.09,-1
2025-06-22,2025-06-22 14:48:00,1587.13,1587.13,1587.07,1587.07,-0.0,11.68,18643.09,-1
2025-06-22,2025-06-22 14:49:00,1587.07,1587.07,1587.01,1587.01,-0.0,11.68,18643.09,-1
2025-06-22,2025-06-22 14:50:00,1587.01,1587.01,1586.96,1586.96,-0.0,11.68,18643.09,-1
2025-06-22,2025-06-22 14:51:00,1586.96,1586.96,1586.9,1586.9,-0.0,11.68,18643.09,-1
2025-06-22,2025-06-22 14:52:00,1586.9,1586.9,1586.85,1586.85,-0.0,11.68,18643.09,-1
2025-06-22,2025-06-22 14:53:00,1586.85,1586.85,1586.79,1586.79,-0.0,11.68,18643.09,-1
2025-06-22,2025-06-22 14:54:00,1586.79,1586.79,1586.73,1586.73,-0.0,11.68,18643.09,-1
2025-06-22,2025-06-22 14:55:00,1586.73,1586.73,1586.68,1586.68,-0.0,11.68,18643.09,-1
2025-06-22,2025-06-22 14:56:00,1586.68,1586.68,1586.62,1586.62,-0.0,11.68,18643.09,-1
2025-06-22,2025-06-22 14:57:00,1586.62,1586.62,1586.56,1586.56,-0.0,11.68,18643.09,-1
2025-06-22,2025-06-22 14:58:00,1586.56,1586.56,1586.51,1586.51,-0.0,11.68,18643.09,-1
2025-06-22,2025-06-22 14:59:00,1586.51,1586.51,1586.45,1586.45,-0.0,11.68,18643.09,-1
2025-06-22,2025-06-22 15:00:00,1586.45,1645.0,1585.0,1586.45,0.0,11.68,18643.09,0
2025-06-23,2025-06-23 11:00:00,1586.1,1590.27,1586.07,1586.11,0.0,8.05,12784.99,1
2025-06-23,2025-06-23 11:01:00,1586.11,1586.13,1586.11,1586.13,0.0,8.05,12784.99,1
2025-06-23,2025-06-23 11:02:00,1586.13,1586.14,1586.13,1586.14,0.0,8.05,12784.99,1
2025-06-23,2025-06-23 11:03:00,1586.14,1586.15,1586.14,1586.15,0.0,8.05,12784.99,1
2025-06-23,2025-06-23 11:04:00,1586.15,1586.17,1586.15,1586.17,0.0,8.05,12784.99,1
2025-06-23,2025-06-23 11:05:00,1586.17,1586.18,1586.17,1586.18,0.0,8.05,12784.99,1
2025-06-23,2025-06-23 11:06:00,1586.18,1586.19,1586.18,1586.19,0.0,8.05,12784.99,1
2025-06-23,2025-06-23 11:07:00,1586.19,1586.2,1586.19,1586.2,0.0,8.05,12784.99,1
2025-06-23,2025-06-23 11:08:00,1586.2,1586.22,1586.2,1586.22,0.0,8.05,12784.99,1
2025-06-23,2025-06-23 11:09:00,1586.22,1586.23,1586.22,1586.23,0.0,8.05,12784.99,1
2025-06-23,2025-06-23 11:10:00,1586.23,1586.24,1586.23,1586.24,0.0,8.05,12784.99,1
2025-06-23,2025-06-23 11:11:00,1586.24,1586.26,1586.24,1586.26,0.0,8.05,12784.99,1
2025-06-23,2025-06-23 11:12:00,1586.26,1586.27,1586.26,1586.27,0.0,8.05,12784.99,1
2025-06-23,2025-06-23 11:13:00,1586.27,1586.28,1586.27,1586.28,0.0,8.05,12784.99,1
2025-06-23,2025-06-23 11:14:00,1586.28,1586.3,1586.28,1586.3,0.0,8.05,12784.99,1
2025-06-23,2025-06-23 11:15:00,1586.3,1586.31,1586.3,1586.31,0.0,8.05,12784.99,1
2025-06-23,2025-06-23 11:16:00,1586.31,1586.32,1586.31,1586.32,0.0,8.05,12784.99,1
2025-06-23,2025-06-23 11:17:00,1586.32,1586.34,1586.32,1586.34,0.0,8.05,12784.99,1
2025-06-23,2025-06-23 11:18:00,1586.34,1586.35,1586.34,1586.35,0.0,8.05,12784.99,1
2025-06-23,2025-06-23 11:19:00,1586.35,1586.36,1586.35,1586.36,0.0,8.05,12784.99,1
2025-06-23,2025-06-23 11:20:00,1586.36,1586.37,1586.36,1586.37,0.0,8.05,12784.99,1
2025-06-23,2025-06-23 11:21:00,1586.37,1586.39,1586.37,1586.39,0.0,8.05,12784.99,1
2025-06-23,2025-06-23 11:22:00,1586.39,1586.4,1586.39,1586.4,0.0,8.05,12784.99,1
2025-06-23,2025-06-23 11:23:00,1586.4,1586.41,1586.4,1586.41,0.0,8.05,12784.99,1
2025-06-23,2025-06-23 11:24:00,1586.41,1586.43,1586.41,1586.43,0.0,8.05,12784.99,1
2025-06-23,2025-06-23 11:25:00,1586.43,1586.44,1586.43,1586.44,0.0,8.05,12784.99,1
2025-06-23,2025-06-23 11:26:00,1586.44,1586.45,1586.44,1586.45,0.0,8.05,12784.99,1
2025-06-23,2025-06-23 11:27:00,1586.45,1586.47,1586.45,1586.47,0.0,8.05,12784.99,1
2025-06-23,2025-06-23 11:28:00,1586.47,1586.48,1586.47,1586.48,0.0,8.05,12784.99,1
2025-06-23,2025-06-23 11:29:00,1586.48,1586.49,1586.48,1586.49,0.0,8.05,12784.99,1
2025-06-23,2025-06-23 11:30:00,1586.49,1586.51,1586.49,1586.51,0.0,8.05,12784.99,1
2025-06-23,2025-06-23 11:31:00,1586.51,1586.52,1586.51,1586.52,0.0,8.05,12784.99,1
2025-06-23,2025-06-23 11:32:00,1586.52,1586.53,1586.52,1586.53,0.0,8.05,12784.99,1
2025-06-23,2025-06-23 11:33:00,1586.53,1586.54,1586.53,1586.54,0.0,8.05,12784.99,1
2025-06-23,2025-06-23 11:34:00,1586.54,1586.56,1586.54,1586.56,0.0,8.05,12784.99,1
2025-06-23,2025-06-23 11:35:00,1586.56,1586.57,1586.56,1586.57,0.0,8.05,12784.99,1
2025-06-23,2025-06-23 11:36:00,1586.57,1586.58,1586.57,1586.58,0.0,8.05,12784.99,1
2025-06-23,2025-06-23 11:37:00,1586.58,1586.6,1586.58,1586.6,0.0,8.05,12784.99,1
2025-06-23,2025-06-23 11:38:00,1586.6,1586.61,1586.6,1586.61,0.0,8.05,12784.99,1
2025-06-23,2025-06-23 11:39:00,1586.61,1586.62,1586.61,1586.62,0.0,8.05,12784.99,1
2025-06-23,2025-06-23 11:40:00,1586.62,1586.64,1586.62,1586.64,0.0,8.05,12784.99,1
2025-06-23,2025-06-23 11:41:00,1586.64,1586.65,1586.64,1586.65,0.0,8.05,12784.99,1
2025-06-23,2025-06-23 11:42:00,1586.65,1586.66,1586.65,1586.66,0.0,8.05,12784.99,1
2025-06-23,2025-06-23 11:43:00,1586.66,1586.68,1586.66,1586.68,0.0,8.05,12784.99,1
2025-06-23,2025-06-23 11:44:00,1586.68,1586.69,1586.68,1586.69,0.0,8.05,12784.99,1
2025-06-23,2025-06-23 11:45:00,1586.69,1586.7,1586.69,1586.7,0.0,8.05,12784.99,1
2025-06-23,2025-06-23 11:46:00,1586.7,1586.71,1586.7,1586.71,0.0,8.05,12784.99,1
2025-06-23,2025-06-23 11:47:00,1586.71,1586.73,1586.71,1586.73,0.0,8.05,12784.99,1
2025-06-23,2025-06-23 11:48:00,1586.73,1586.74,1586.73,1586.74,0.0,8.05,12784.99,1
2025-06-23,2025-06-23 11:49:00,1586.74,1586.75,1586.74,1586.75,0.0,8.05,12784.99,1
2025-06-23,2025-06-23 11:50:00,1586.75,1586.77,1586.75,1586.77,0.0,8.05,12784.99,1
2025-06-23,2025-06-23 11:51:00,1586.77,1586.78,1586.77,1586.78,0.0,8.05,12784.99,1
2025-06-23,2025-06-23 11:52:00,1586.78,1586.79,1586.78,1586.79,0.0,8.05,12784.99,1
2025-06-23,2025-06-23 11:53:00,1586.79,1586.81,1586.79,1586.81,0.0,8.05,12784.99,1
2025-06-23,2025-06-23 11:54:00,1586.81,1586.82,1586.81,1586.82,0.0,8.05,12784.99,1
2025-06-23,2025-06-23 11:55:00,1586.82,1586.83,1586.82,1586.83,0.0,8.05,12784.99,1
2025-06-23,2025-06-23 11:56:00,1586.83,1586.85,1586.83,1586.85,0.0,8.05,12784.99,1
2025-06-23,2025-06-23 11:57:00,1586.85,1586.86,1586.85,1586.86,0.0,8.05,12784.99,1
2025-06-23,2025-06-23 11:58:00,1586.86,1586.87,1586.86,1586.87,0.0,8.05,12784.99,1
2025-06-23,2025-06-23 11:59:00,1586.87,1586.88,1586.87,1586.88,0.0,8.05,12784.99,1
2025-06-23,2025-06-23 12:00:00,1586.88,1586.9,1586.88,1586.9,0.0,8.05,12784.99,1
2025-06-23,2025-06-23 12:01:00,1586.9,1586.91,1586.9,1586.91,0.0,8.05,12784.99,1
2025-06-23,2025-06-23 12:02:00,1586.91,1586.92,1586.91,1586.92,0.0,8.05,12784.99,1
2025-06-23,2025-06-23 12:03:00,1586.92,1586.94,1586.92,1586.94,0.0,8.05,12784.99,1
2025-06-23,2025-06-23 12:04:00,1586.94,1586.95,1586.94,1586.95,0.0,8.05,12784.99,1
2025-06-23,2025-06-23 12:05:00,1586.95,1586.96,1586.95,1586.96,0.0,8.05,12784.99,1
2025-06-23,2025-06-23 12:06:00,1586.96,1586.98,1586.96,1586.98,0.0,8.05,12784.99,1
2025-06-23,2025-06-23 12:07:00,1586.98,1586.99,1586.98,1586.99,0.0,8.05,12784.99,1
2025-06-23,2025-06-23 12:08:00,1586.99,1587.0,1586.99,1587.0,0.0,8.05,12784.99,1
2025-06-23,2025-06-23 12:09:00,1587.0,1587.02,1587.0,1587.02,0.0,8.05,12784.99,1
2025-06-23,2025-06-23 12:10:00,1587.02,1587.03,1587.02,1587.03,0.0,8.05,12784.99,1
2025-06-23,2025-06-23 12:11:00,1587.03,1587.04,1587.03,1587.04,0.0,8.05,12784.99,1
2025-06-23,2025-06-23 12:12:00,1587.04,1587.06,1587.04,1587.06,0.0,8.05,12784.99,1
2025-06-23,2025-06-23 12:13:00,1587.06,1587.07,1587.06,1587.07,0.0,8.05,12784.99,1
2025-06-23,2025-06-23 12:14:00,1587.07,1587.08,1587.07,1587.08,0.0,8.05,12784.99,1
2025-06-23,2025-06-23 12:15:00,1587.08,1587.09,1587.08,1587.09,0.0,8.05,12784.99,1
2025-06-23,2025-06-23 12:16:00,1587.09,1587.11,1587.09,1587.11,0.0,8.05,12784.99,1
2025-06-23,2025-06-23 12:17:00,1587.11,1587.12,1587.11,1587.12,0.0,8.05,12784.99,1
2025-06-23,2025-06-23 12:18:00,1587.12,1587.13,1587.12,1587.13,0.0,8.05,12784.99,1
2025-06-23,2025-06-23 12:19:00,1587.13,1587.15,1587.13,1587.15,0.0,8.05,12784.99,1
2025-06-23,2025-06-23 12:20:00,1587.15,1587.16,1587.15,1587.16,0.0,8.05,12784.99,1
2025-06-23,2025-06-23 12:21:00,1587.16,1587.17,1587.16,1587.17,0.0,8.05,12784.99,1
2025-06-23,2025-06-23 12:22:00,1587.17,1587.19,1587.17,1587.19,0.0,8.05,12784.99,1
2025-06-23,2025-06-23 12:23:00,1587.19,1587.2,1587.19,1587.2,0.0,8.05,12784.99,1
2025-06-23,2025-06-23 12:24:00,1587.2,1587.21,1587.2,1587.21,0.0,8.05,12784.99,1
2025-06-23,2025-06-23 12:25:00,1587.21,1587.23,1587.21,1587.23,0.0,8.05,12784.99,1
2025-06-23,2025-06-23 12:26:00,1587.23,1587.24,1587.23,1587.24,0.0,8.05,12784.99,1
2025-06-23,2025-06-23 12:27:00,1587.24,1587.25,1587.24,1587.25,0.0,8.05,12784.99,1
2025-06-23,2025-06-23 12:28:00,1587.25,1587.26,1587.25,1587.26,0.0,8.05,12784.99,1
2025-06-23,2025-06-23 12:29:00,1587.26,1587.28,1587.26,1587.28,0.0,8.05,12784.99,1
2025-06-23,2025-06-23 12:30:00,1587.28,1587.29,1587.28,1587.29,0.0,8.05,12784.99,1
2025-06-23,2025-06-23 12:31:00,1587.29,1587.3,1587.29,1587.3,0.0,8.05,12784.99,1
2025-06-23,2025-06-23 12:32:00,1587.3,1587.32,1587.3,1587.32,0.0,8.05,12784.99,1
2025-06-23,2025-06-23 12:33:00,1587.32,1587.33,1587.32,1587.33,0.0,8.05,12784.99,1
2025-06-23,2025-06-23 12:34:00,1587.33,1587.34,1587.33,1587.34,0.0,8.05,12784.99,1
2025-06-23,2025-06-23 12:35:00,1587.34,1587.36,1587.34,1587.36,0.0,8.05,12784.99,1
2025-06-23,2025-06-23 12:36:00,1587.36,1587.37,1587.36,1587.37,0.0,8.05,12784.99,1
2025-06-23,2025-06-23 12:37:00,1587.37,1587.38,1587.37,1587.38,0.0,8.05,12784.99,1
2025-06-23,2025-06-23 12:38:00,1587.38,1587.4,1587.38,1587.4,0.0,8.05,12784.99,1
2025-06-23,2025-06-23 12:39:00,1587.4,1587.41,1587.4,1587.41,0.0,8.05,12784.99,1
2025-06-23,2025-06-23 12:40:00,1587.41,1587.42,1587.41,1587.42,0.0,8.05,12784.99,1
2025-06-23,2025-06-23 12:41:00,1587.42,1587.43,1587.42,1587.43,0.0,8.05,12784.99,1
2025-06-23,2025-06-23 12:42:00,1587.43,1587.45,1587.43,1587.45,0.0,8.05,12784.99,1
2025-06-23,2025-06-23 12:43:00,1587.45,1587.46,1587.45,1587.46,0.0,8.05,12784.99,1
2025-06-23,2025-06-23 12:44:00,1587.46,1587.47,1587.46,1587.47,0.0,8.05,12784.99,1
2025-06-23,2025-06-23 12:45:00,1587.47,1587.49,1587.47,1587.49,0.0,8.05,12784.99,1
2025-06-23,2025-06-23 12:46:00,1587.49,1587.5,1587.49,1587.5,0.0,8.05,12784.99,1
2025-06-23,2025-06-23 12:47:00,1587.5,1587.51,1587.5,1587.51,0.0,8.05,12784.99,1
2025-06-23,2025-06-23 12:48:00,1587.51,1587.53,1587.51,1587.53,0.0,8.05,12784.99,1
2025-06-23,2025-06-23 12:49:00,1587.53,1587.54,1587.53,1587.54,0.0,8.05,12784.99,1
2025-06-23,2025-06-23 12:50:00,1587.54,1587.55,1587.54,1587.55,0.0,8.05,12784.99,1
2025-06-23,2025-06-23 12:51:00,1587.55,1587.57,1587.55,1587.57,0.0,8.05,12784.99,1
2025-06-23,2025-06-23 12:52:00,1587.57,1587.58,1587.57,1587.58,0.0,8.05,12784.99,1
2025-06-23,2025-06-23 12:53:00,1587.58,1587.59,1587.58,1587.59,0.0,8.05,12784.99,1
2025-06-23,2025-06-23 12:54:00,1587.59,1587.6,1587.59,1587.6,0.0,8.05,12784.99,1
2025-06-23,2025-06-23 12:55:00,1587.6,1587.62,1587.6,1587.62,0.0,8.05,12784.99,1
2025-06-23,2025-06-23 12:56:00,1587.62,1587.63,1587.62,1587.63,0.0,8.05,12784.99,1
2025-06-23,2025-06-23 12:57:00,1587.63,1587.64,1587.63,1587.64,0.0,8.05,12784.99,1
2025-06-23,2025-06-23 12:58:00,1587.64,1587.66,1587.64,1587.66,0.0,8.05,12784.99,1
2025-06-23,2025-06-23 12:59:00,1587.66,1587.67,1587.66,1587.67,0.0,8.05,12784.99,1
2025-06-23,2025-06-23 13:00:00,1587.67,1600.0,1586.0,1587.68,0.0,8.05,12784.99,1
2025-06-23,2025-06-23 13:01:00,1587.68,1587.7,1587.68,1587.7,0.0,8.05,12784.99,1
2025-06-23,2025-06-23 13:02:00,1587.7,1587.71,1587.7,1587.71,0.0,8.05,12784.99,1
2025-06-23,2025-06-23 13:03:00,1587.71,1587.72,1587.71,1587.72,0.0,8.05,12784.99,1
2025-06-23,2025-06-23 13:04:00,1587.72,1587.74,1587.72,1587.74,0.0,8.05,12784.99,1
2025-06-23,2025-06-23 13:05:00,1587.74,1587.75,1587.74,1587.75,0.0,8.05,12784.99,1
2025-06-23,2025-06-23 13:06:00,1587.75,1587.76,1587.75,1587.76,0.0,8.05,12784.99,1
2025-06-23,2025-06-23 13:07:00,1587.76,1587.77,1587.76,1587.77,0.0,8.05,12784.99,1
2025-06-23,2025-06-23 13:08:00,1587.77,1587.79,1587.77,1587.79,0.0,8.05,12784.99,1
2025-06-23,2025-06-23 13:09:00,1587.79,1587.8,1587.79,1587.8,0.0,8.05,12784.99,1
2025-06-23,2025-06-23 13:10:00,1587.8,1587.81,1587.8,1587.81,0.0,8.05,12784.99,1
2025-06-23,2025-06-23 13:11:00,1587.81,1587.83,1587.81,1587.83,0.0,8.05,12784.99,1
2025-06-23,2025-06-23 13:12:00,1587.83,1587.84,1587.83,1587.84,0.0,8.05,12784.99,1
2025-06-23,2025-06-23 13:13:00,1587.84,1587.85,1587.84,1587.85,0.0,8.05,12784.99,1
2025-06-23,2025-06-23 13:14:00,1587.85,1587.87,1587.85,1587.87,0.0,8.05,12784.99,1
2025-06-23,2025-06-23 13:15:00,1587.87,1587.88,1587.87,1587.88,0.0,8.05,12784.99,1
2025-06-23,2025-06-23 13:16:00,1587.88,1587.89,1587.88,1587.89,0.0,8.05,12784.99,1
2025-06-23,2025-06-23 13:17:00,1587.89,1587.91,1587.89,1587.91,0.0,8.05,12784.99,1
2025-06-23,2025-06-23 13:18:00,1587.91,1587.92,1587.91,1587.92,0.0,8.05,12784.99,1
2025-06-23,2025-06-23 13:19:00,1587.92,1587.93,1587.92,1587.93,0.0,8.05,12784.99,1
2025-06-23,2025-06-23 13:20:00,1587.93,1587.94,1587.93,1587.94,0.0,8.05,12784.99,1
2025-06-23,2025-06-23 13:21:00,1587.94,1587.96,1587.94,1587.96,0.0,8.05,12784.99,1
2025-06-23,2025-06-23 13:22:00,1587.96,1587.97,1587.96,1587.97,0.0,8.05,12784.99,1
2025-06-23,2025-06-23 13:23:00,1587.97,1587.98,1587.97,1587.98,0.0,8.05,12784.99,1
2025-06-23,2025-06-23 13:24:00,1587.98,1588.0,1587.98,1588.0,0.0,8.05,12784.99,1
2025-06-23,2025-06-23 13:25:00,1588.0,1588.01,1588.0,1588.01,0.0,8.05,12784.99,1
2025-06-23,2025-06-23 13:26:00,1588.01,1588.02,1588.01,1588.02,0.0,8.05,12784.99,1
2025-06-23,2025-06-23 13:27:00,1588.02,1588.04,1588.02,1588.04,0.0,8.05,12784.99,1
2025-06-23,2025-06-23 13:28:00,1588.04,1588.05,1588.04,1588.05,0.0,8.05,12784.99,1
2025-06-23,2025-06-23 13:29:00,1588.05,1588.06,1588.05,1588.06,0.0,8.05,12784.99,1
2025-06-23,2025-06-23 13:30:00,1588.06,1588.08,1588.06,1588.08,0.0,8.05,12784.99,1
2025-06-23,2025-06-23 13:31:00,1588.08,1588.09,1588.08,1588.09,0.0,8.05,12784.99,1
2025-06-23,2025-06-23 13:32:00,1588.09,1588.1,1588.09,1588.1,0.0,8.05,12784.99,1
2025-06-23,2025-06-23 13:33:00,1588.1,1588.11,1588.1,1588.11,0.0,8.05,12784.99,1
2025-06-23,2025-06-23 13:34:00,1588.11,1588.13,1588.11,1588.13,0.0,8.05,12784.99,1
2025-06-23,2025-06-23 13:35:00,1588.13,1588.14,1588.13,1588.14,0.0,8.05,12784.99,1
2025-06-23,2025-06-23 13:36:00,1588.14,1588.15,1588.14,1588.15,0.0,8.05,12784.99,1
2025-06-23,2025-06-23 13:37:00,1588.15,1588.17,1588.15,1588.17,0.0,8.05,12784.99,1
2025-06-23,2025-06-23 13:38:00,1588.17,1588.18,1588.17,1588.18,0.0,8.05,12784.99,1
2025-06-23,2025-06-23 13:39:00,1588.18,1588.19,1588.18,1588.19,0.0,8.05,12784.99,1
2025-06-23,2025-06-23 13:40:00,1588.19,1588.21,1588.19,1588.21,0.0,8.05,12784.99,1
2025-06-23,2025-06-23 13:41:00,1588.21,1588.22,1588.21,1588.22,0.0,8.05,12784.99,1
2025-06-23,2025-06-23 13:42:00,1588.22,1588.23,1588.22,1588.23,0.0,8.05,12784.99,1
2025-06-23,2025-06-23 13:43:00,1588.23,1588.25,1588.23,1588.25,0.0,8.05,12784.99,1
2025-06-23,2025-06-23 13:44:00,1588.25,1588.26,1588.25,1588.26,0.0,8.05,12784.99,1
2025-06-23,2025-06-23 13:45:00,1588.26,1588.27,1588.26,1588.27,0.0,8.05,12784.99,1
2025-06-23,2025-06-23 13:46:00,1588.27,1588.28,1588.27,1588.28,0.0,8.05,12784.99,1
2025-06-23,2025-06-23 13:47:00,1588.28,1588.3,1588.28,1588.3,0.0,8.05,12784.99,1
2025-06-23,2025-06-23 13:48:00,1588.3,1588.31,1588.3,1588.31,0.0,8.05,12784.99,1
2025-06-23,2025-06-23 13:49:00,1588.31,1588.32,1588.31,1588.32,0.0,8.05,12784.99,1
2025-06-23,2025-06-23 13:50:00,1588.32,1588.34,1588.32,1588.34,0.0,8.05,12784.99,1
2025-06-23,2025-06-23 13:51:00,1588.34,1588.35,1588.34,1588.35,0.0,8.05,12784.99,1
2025-06-23,2025-06-23 13:52:00,1588.35,1588.36,1588.35,1588.36,0.0,8.05,12784.99,1
2025-06-23,2025-06-23 13:53:00,1588.36,1588.38,1588.36,1588.38,0.0,8.05,12784.99,1
2025-06-23,2025-06-23 13:54:00,1588.38,1588.39,1588.38,1588.39,0.0,8.05,12784.99,1
2025-06-23,2025-06-23 13:55:00,1588.39,1588.4,1588.39,1588.4,0.0,8.05,12784.99,1
2025-06-23,2025-06-23 13:56:00,1588.4,1588.42,1588.4,1588.42,0.0,8.05,12784.99,1
2025-06-23,2025-06-23 13:57:00,1588.42,1588.43,1588.42,1588.43,0.0,8.05,12784.99,1
2025-06-23,2025-06-23 13:58:00,1588.43,1588.44,1588.43,1588.44,0.0,8.05,12784.99,1
2025-06-23,2025-06-23 13:59:00,1588.44,1588.45,1588.44,1588.45,0.0,8.05,12784.99,1
2025-06-23,2025-06-23 14:00:00,1588.45,1588.47,1588.45,1588.47,0.0,8.05,12784.99,1
2025-06-23,2025-06-23 14:01:00,1588.47,1588.48,1588.47,1588.48,0.0,8.05,12784.99,1
2025-06-23,2025-06-23 14:02:00,1588.48,1588.49,1588.48,1588.49,0.0,8.05,12784.99,1
2025-06-23,2025-06-23 14:03:00,1588.49,1588.51,1588.49,1588.51,0.0,8.05,12784.99,1
2025-06-23,2025-06-23 14:04:00,1588.51,1588.52,1588.51,1588.52,0.0,8.05,12784.99,1
2025-06-23,2025-06-23 14:05:00,1588.52,1588.53,1588.52,1588.53,0.0,8.05,12784.99,1
2025-06-23,2025-06-23 14:06:00,1588.53,1588.55,1588.53,1588.55,0.0,8.05,12784.99,1
2025-06-23,2025-06-23 14:07:00,1588.55,1588.56,1588.55,1588.56,0.0,8.05,12784.99,1
2025-06-23,2025-06-23 14:08:00,1588.56,1588.57,1588.56,1588.57,0.0,8.05,12784.99,1
2025-06-23,2025-06-23 14:09:00,1588.57,1588.59,1588.57,1588.59,0.0,8.05,12784.99,1
2025-06-23,2025-06-23 14:10:00,1588.59,1588.6,1588.59,1588.6,0.0,8.05,12784.99,1
2025-06-23,2025-06-23 14:11:00,1588.6,1588.61,1588.6,1588.61,0.0,8.05,12784.99,1
2025-06-23,2025-06-23 14:12:00,1588.61,1588.63,1588.61,1588.63,0.0,8.05,12784.99,1
2025-06-23,2025-06-23 14:13:00,1588.63,1588.64,1588.63,1588.64,0.0,8.05,12784.99,1
2025-06-23,2025-06-23 14:14:00,1588.64,1588.65,1588.64,1588.65,0.0,8.05,12784.99,1
2025-06-23,2025-06-23 14:15:00,1588.65,1588.66,1588.65,1588.66,0.0,8.05,12784.99,1
2025-06-23,2025-06-23 14:16:00,1588.66,1588.68,1588.66,1588.68,0.0,8.05,12784.99,1
2025-06-23,2025-06-23 14:17:00,1588.68,1588.69,1588.68,1588.69,0.0,8.05,12784.99,1
2025-06-23,2025-06-23 14:18:00,1588.69,1588.7,1588.69,1588.7,0.0,8.05,12784.99,1
2025-06-23,2025-06-23 14:19:00,1588.7,1588.72,1588.7,1588.72,0.0,8.05,12784.99,1
2025-06-23,2025-06-23 14:20:00,1588.72,1588.73,1588.72,1588.73,0.0,8.05,12784.99,1
2025-06-23,2025-06-23 14:21:00,1588.73,1588.74,1588.73,1588.74,0.0,8.05,12784.99,1
2025-06-23,2025-06-23 14:22:00,1588.74,1588.76,1588.74,1588.76,0.0,8.05,12784.99,1
2025-06-23,2025-06-23 14:23:00,1588.76,1588.77,1588.76,1588.77,0.0,8.05,12784.99,1
2025-06-23,2025-06-23 14:24:00,1588.77,1588.78,1588.77,1588.78,0.0,8.05,12784.99,1
2025-06-23,2025-06-23 14:25:00,1588.78,1588.8,1588.78,1588.8,0.0,8.05,12784.99,1
2025-06-23,2025-06-23 14:26:00,1588.8,1588.81,1588.8,1588.81,0.0,8.05,12784.99,1
2025-06-23,2025-06-23 14:27:00,1588.81,1588.82,1588.81,1588.82,0.0,8.05,12784.99,1
2025-06-23,2025-06-23 14:28:00,1588.82,1588.83,1588.82,1588.83,0.0,8.05,12784.99,1
2025-06-23,2025-06-23 14:29:00,1588.83,1588.85,1588.83,1588.85,0.0,8.05,12784.99,1
2025-06-23,2025-06-23 14:30:00,1588.85,1588.86,1588.85,1588.86,0.0,8.05,12784.99,1
2025-06-23,2025-06-23 14:31:00,1588.86,1588.87,1588.86,1588.87,0.0,8.05,12784.99,1
2025-06-23,2025-06-23 14:32:00,1588.87,1588.89,1588.87,1588.89,0.0,8.05,12784.99,1
2025-06-23,2025-06-23 14:33:00,1588.89,1588.9,1588.89,1588.9,0.0,8.05,12784.99,1
2025-06-23,2025-06-23 14:34:00,1588.9,1588.91,1588.9,1588.91,0.0,8.05,12784.99,1
2025-06-23,2025-06-23 14:35:00,1588.91,1588.93,1588.91,1588.93,0.0,8.05,12784.99,1
2025-06-23,2025-06-23 14:36:00,1588.93,1588.94,1588.93,1588.94,0.0,8.05,12784.99,1
2025-06-23,2025-06-23 14:37:00,1588.94,1588.95,1588.94,1588.95,0.0,8.05,12784.99,1
2025-06-23,2025-06-23 14:38:00,1588.95,1588.97,1588.95,1588.97,0.0,8.05,12784.99,1
2025-06-23,2025-06-23 14:39:00,1588.97,1588.98,1588.97,1588.98,0.0,8.05,12784.99,1
2025-06-23,2025-06-23 14:40:00,1588.98,1588.99,1588.98,1588.99,0.0,8.05,12784.99,1
2025-06-23,2025-06-23 14:41:00,1588.99,1589.0,1588.99,1589.0,0.0,8.05,12784.99,1
2025-06-23,2025-06-23 14:42:00,1589.0,1589.02,1589.0,1589.02,0.0,8.05,12784.99,1
2025-06-23,2025-06-23 14:43:00,1589.02,1589.03,1589.02,1589.03,0.0,8.05,12784.99,1
2025-06-23,2025-06-23 14:44:00,1589.03,1589.04,1589.03,1589.04,0.0,8.05,12784.99,1
2025-06-23,2025-06-23 14:45:00,1589.04,1589.06,1589.04,1589.06,0.0,8.05,12784.99,1
2025-06-23,2025-06-23 14:46:00,1589.06,1589.07,1589.06,1589.07,0.0,8.05,12784.99,1
2025-06-23,2025-06-23 14:47:00,1589.07,1589.08,1589.07,1589.08,0.0,8.05,12784.99,1
2025-06-23,2025-06-23 14:48:00,1589.08,1589.1,1589.08,1589.1,0.0,8.05,12784.99,1
2025-06-23,2025-06-23 14:49:00,1589.1,1589.11,1589.1,1589.11,0.0,8.05,12784.99,1
2025-06-23,2025-06-23 14:50:00,1589.11,1589.12,1589.11,1589.12,0.0,8.05,12784.99,1
2025-06-23,2025-06-23 14:51:00,1589.12,1589.14,1589.12,1589.14,0.0,8.05,12784.99,1
2025-06-23,2025-06-23 14:52:00,1589.14,1589.15,1589.14,1589.15,0.0,8.05,12784.99,1
2025-06-23,2025-06-23 14:53:00,1589.15,1589.16,1589.15,1589.16,0.0,8.05,12784.99,1
2025-06-23,2025-06-23 14:54:00,1589.16,1589.17,1589.16,1589.17,0.0,8.05,12784.99,1
2025-06-23,2025-06-23 14:55:00,1589.17,1589.19,1589.17,1589.19,0.0,8.05,12784.99,1
2025-06-23,2025-06-23 14:56:00,1589.19,1589.2,1589.19,1589.2,0.0,8.05,12784.99,1
2025-06-23,2025-06-23 14:57:00,1589.2,1589.21,1589.2,1589.21,0.0,8.05,12784.99,1
2025-06-23,2025-06-23 14:58:00,1589.21,1589.23,1589.21,1589.23,0.0,8.05,12784.99,1
2025-06-23,2025-06-23 14:59:00,1589.23,1589.24,1589.23,1589.24,0.0,8.05,12784.99,1
2025-06-23,2025-06-23 15:00:00,1589.24,1600.0,1586.0,1589.24,0.0,8.05,12784.99,0
2025-06-24,2025-06-24 11:00:00,1589.0,1598.3,1589.0,1589.03,0.0,6.96,11169.48,1
2025-06-24,2025-06-24 11:01:00,1589.03,1589.06,1589.03,1589.06,0.0,6.96,11169.48,1
2025-06-24,2025-06-24 11:02:00,1589.06,1589.09,1589.06,1589.09,0.0,6.96,11169.48,1
2025-06-24,2025-06-24 11:03:00,1589.09,1589.12,1589.09,1589.12,0.0,6.96,11169.48,1
2025-06-24,2025-06-24 11:04:00,1589.12,1589.15,1589.12,1589.15,0.0,6.96,11169.48,1
2025-06-24,2025-06-24 11:05:00,1589.15,1589.18,1589.15,1589.18,0.0,6.96,11169.48,1
2025-06-24,2025-06-24 11:06:00,1589.18,1589.21,1589.18,1589.21,0.0,6.96,11169.48,1
2025-06-24,2025-06-24 11:07:00,1589.21,1589.24,1589.21,1589.24,0.0,6.96,11169.48,1
2025-06-24,2025-06-24 11:08:00,1589.24,1589.26,1589.24,1589.26,0.0,6.96,11169.48,1
2025-06-24,2025-06-24 11:09:00,1589.26,1589.29,1589.26,1589.29,0.0,6.96,11169.48,1
2025-06-24,2025-06-24 11:10:00,1589.29,1589.32,1589.29,1589.32,0.0,6.96,11169.48,1
2025-06-24,2025-06-24 11:11:00,1589.32,1589.35,1589.32,1589.35,0.0,6.96,11169.48,1
2025-06-24,2025-06-24 11:12:00,1589.35,1589.38,1589.35,1589.38,0.0,6.96,11169.48,1
2025-06-24,2025-06-24 11:13:00,1589.38,1589.41,1589.38,1589.41,0.0,6.96,11169.48,1
2025-06-24,2025-06-24 11:14:00,1589.41,1589.44,1589.41,1589.44,0.0,6.96,11169.48,1
2025-06-24,2025-06-24 11:15:00,1589.44,1589.47,1589.44,1589.47,0.0,6.96,11169.48,1
2025-06-24,2025-06-24 11:16:00,1589.47,1589.5,1589.47,1589.5,0.0,6.96,11169.48,1
2025-06-24,2025-06-24 11:17:00,1589.5,1589.53,1589.5,1589.53,0.0,6.96,11169.48,1
2025-06-24,2025-06-24 11:18:00,1589.53,1589.56,1589.53,1589.56,0.0,6.96,11169.48,1
2025-06-24,2025-06-24 11:19:00,1589.56,1589.59,1589.56,1589.59,0.0,6.96,11169.48,1
2025-06-24,2025-06-24 11:20:00,1589.59,1589.62,1589.59,1589.62,0.0,6.96,11169.48,1
2025-06-24,2025-06-24 11:21:00,1589.62,1589.65,1589.62,1589.65,0.0,6.96,11169.48,1
2025-06-24,2025-06-24 11:22:00,1589.65,1589.68,1589.65,1589.68,0.0,6.96,11169.48,1
2025-06-24,2025-06-24 11:23:00,1589.68,1589.71,1589.68,1589.71,0.0,6.96,11169.48,1
2025-06-24,2025-06-24 11:24:00,1589.71,1589.74,1589.71,1589.74,0.0,6.96,11169.48,1
2025-06-24,2025-06-24 11:25:00,1589.74,1589.76,1589.74,1589.76,0.0,6.96,11169.48,1
2025-06-24,2025-06-24 11:26:00,1589.76,1589.79,1589.76,1589.79,0.0,6.96,11169.48,1
2025-06-24,2025-06-24 11:27:00,1589.79,1589.82,1589.79,1589.82,0.0,6.96,11169.48,1
2025-06-24,2025-06-24 11:28:00,1589.82,1589.85,1589.82,1589.85,0.0,6.96,11169.48,1
2025-06-24,2025-06-24 11:29:00,1589.85,1589.88,1589.85,1589.88,0.0,6.96,11169.48,1
2025-06-24,2025-06-24 11:30:00,1589.88,1589.91,1589.88,1589.91,0.0,6.96,11169.48,1
2025-06-24,2025-06-24 11:31:00,1589.91,1589.94,1589.91,1589.94,0.0,6.96,11169.48,1
2025-06-24,2025-06-24 11:32:00,1589.94,1589.97,1589.94,1589.97,0.0,6.96,11169.48,1
2025-06-24,2025-06-24 11:33:00,1589.97,1590.0,1589.97,1590.0,0.0,6.96,11169.48,1
2025-06-24,2025-06-24 11:34:00,1590.0,1590.03,1590.0,1590.03,0.0,6.96,11169.48,1
2025-06-24,2025-06-24 11:35:00,1590.03,1590.06,1590.03,1590.06,0.0,6.96,11169.48,1
2025-06-24,2025-06-24 11:36:00,1590.06,1590.09,1590.06,1590.09,0.0,6.96,11169.48,1
2025-06-24,2025-06-24 11:37:00,1590.09,1590.12,1590.09,1590.12,0.0,6.96,11169.48,1
2025-06-24,2025-06-24 11:38:00,1590.12,1590.15,1590.12,1590.15,0.0,6.96,11169.48,1
2025-06-24,2025-06-24 11:39:00,1590.15,1590.18,1590.15,1590.18,0.0,6.96,11169.48,1
2025-06-24,2025-06-24 11:40:00,1590.18,1590.21,1590.18,1590.21,0.0,6.96,11169.48,1
2025-06-24,2025-06-24 11:41:00,1590.21,1590.24,1590.21,1590.24,0.0,6.96,11169.48,1
2025-06-24,2025-06-24 11:42:00,1590.24,1590.26,1590.24,1590.26,0.0,6.96,11169.48,1
2025-06-24,2025-06-24 11:43:00,1590.26,1590.29,1590.26,1590.29,0.0,6.96,11169.48,1
2025-06-24,2025-06-24 11:44:00,1590.29,1590.32,1590.29,1590.32,0.0,6.96,11169.48,1
2025-06-24,2025-06-24 11:45:00,1590.32,1590.35,1590.32,1590.35,0.0,6.96,11169.48,1
2025-06-24,2025-06-24 11:46:00,1590.35,1590.38,1590.35,1590.38,0.0,6.96,11169.48,1
2025-06-24,2025-06-24 11:47:00,1590.38,1590.41,1590.38,1590.41,0.0,6.96,11169.48,1
2025-06-24,2025-06-24 11:48:00,1590.41,1590.44,1590.41,1590.44,0.0,6.96,11169.48,1
2025-06-24,2025-06-24 11:49:00,1590.44,1590.47,1590.44,1590.47,0.0,6.96,11169.48,1
2025-06-24,2025-06-24 11:50:00,1590.47,1590.5,1590.47,1590.5,0.0,6.96,11169.48,1
2025-06-24,2025-06-24 11:51:00,1590.5,1590.53,1590.5,1590.53,0.0,6.96,11169.48,1
2025-06-24,2025-06-24 11:52:00,1590.53,1590.56,1590.53,1590.56,0.0,6.96,11169.48,1
2025-06-24,2025-06-24 11:53:00,1590.56,1590.59,1590.56,1590.59,0.0,6.96,11169.48,1
2025-06-24,2025-06-24 11:54:00,1590.59,1590.62,1590.59,1590.62,0.0,6.96,11169.48,1
2025-06-24,2025-06-24 11:55:00,1590.62,1590.65,1590.62,1590.65,0.0,6.96,11169.48,1
2025-06-24,2025-06-24 11:56:00,1590.65,1590.68,1590.65,1590.68,0.0,6.96,11169.48,1
2025-06-24,2025-06-24 11:57:00,1590.68,1590.71,1590.68,1590.71,0.0,6.96,11169.48,1
2025-06-24,2025-06-24 11:58:00,1590.71,1590.74,1590.71,1590.74,0.0,6.96,11169.48,1
2025-06-24,2025-06-24 11:59:00,1590.74,1590.76,1590.74,1590.76,0.0,6.96,11169.48,1
2025-06-24,2025-06-24 12:00:00,1590.76,1590.79,1590.76,1590.79,0.0,6.96,11169.48,1
2025-06-24,2025-06-24 12:01:00,1590.79,1590.82,1590.79,1590.82,0.0,6.96,11169.48,1
2025-06-24,2025-06-24 12:02:00,1590.82,1590.85,1590.82,1590.85,0.0,6.96,11169.48,1
2025-06-24,2025-06-24 12:03:00,1590.85,1590.88,1590.85,1590.88,0.0,6.96,11169.48,1
2025-06-24,2025-06-24 12:04:00,1590.88,1590.91,1590.88,1590.91,0.0,6.96,11169.48,1
2025-06-24,2025-06-24 12:05:00,1590.91,1590.94,1590.91,1590.94,0.0,6.96,11169.48,1
2025-06-24,2025-06-24 12:06:00,1590.94,1590.97,1590.94,1590.97,0.0,6.96,11169.48,1
2025-06-24,2025-06-24 12:07:00,1590.97,1591.0,1590.97,1591.0,0.0,6.96,11169.48,1
2025-06-24,2025-06-24 12:08:00,1591.0,1591.03,1591.0,1591.03,0.0,6.96,11169.48,1
2025-06-24,2025-06-24 12:09:00,1591.03,1591.06,1591.03,1591.06,0.0,6.96,11169.48,1
2025-06-24,2025-06-24 12:10:00,1591.06,1591.09,1591.06,1591.09,0.0,6.96,11169.48,1
2025-06-24,2025-06-24 12:11:00,1591.09,1591.12,1591.09,1591.12,0.0,6.96,11169.48,1
2025-06-24,2025-06-24 12:12:00,1591.12,1591.15,1591.12,1591.15,0.0,6.96,11169.48,1
2025-06-24,2025-06-24 12:13:00,1591.15,1591.18,1591.15,1591.18,0.0,6.96,11169.48,1
2025-06-24,2025-06-24 12:14:00,1591.18,1591.21,1591.18,1591.21,0.0,6.96,11169.48,1
2025-06-24,2025-06-24 12:15:00,1591.21,1591.24,1591.21,1591.24,0.0,6.96,11169.48,1
2025-06-24,2025-06-24 12:16:00,1591.24,1591.27,1591.24,1591.27,0.0,6.96,11169.48,1
2025-06-24,2025-06-24 12:17:00,1591.27,1591.29,1591.27,1591.29,0.0,6.96,11169.48,1
2025-06-24,2025-06-24 12:18:00,1591.29,1591.32,1591.29,1591.32,0.0,6.96,11169.48,1
2025-06-24,2025-06-24 12:19:00,1591.32,1591.35,1591.32,1591.35,0.0,6.96,11169.48,1
2025-06-24,2025-06-24 12:20:00,1591.35,1591.38,1591.35,1591.38,0.0,6.96,11169.48,1
2025-06-24,2025-06-24 12:21:00,1591.38,1591.41,1591.38,1591.41,0.0,6.96,11169.48,1
2025-06-24,2025-06-24 12:22:00,1591.41,1591.44,1591.41,1591.44,0.0,6.96,11169.48,1
2025-06-24,2025-06-24 12:23:00,1591.44,1591.47,1591.44,1591.47,0.0,6.96,11169.48,1
2025-06-24,2025-06-24 12:24:00,1591.47,1591.5,1591.47,1591.5,0.0,6.96,11169.48,1
2025-06-24,2025-06-24 12:25:00,1591.5,1591.53,1591.5,1591.53,0.0,6.96,11169.48,1
2025-06-24,2025-06-24 12:26:00,1591.53,1591.56,1591.53,1591.56,0.0,6.96,11169.48,1
2025-06-24,2025-06-24 12:27:00,1591.56,1591.59,1591.56,1591.59,0.0,6.96,11169.48,1
2025-06-24,2025-06-24 12:28:00,1591.59,1591.62,1591.59,1591.62,0.0,6.96,11169.48,1
2025-06-24,2025-06-24 12:29:00,1591.62,1591.65,1591.62,1591.65,0.0,6.96,11169.48,1
2025-06-24,2025-06-24 12:30:00,1591.65,1591.68,1591.65,1591.68,0.0,6.96,11169.48,1
2025-06-24,2025-06-24 12:31:00,1591.68,1591.71,1591.68,1591.71,0.0,6.96,11169.48,1
2025-06-24,2025-06-24 12:32:00,1591.71,1591.74,1591.71,1591.74,0.0,6.96,11169.48,1
2025-06-24,2025-06-24 12:33:00,1591.74,1591.77,1591.74,1591.77,0.0,6.96,11169.48,1
2025-06-24,2025-06-24 12:34:00,1591.77,1591.79,1591.77,1591.79,0.0,6.96,11169.48,1
2025-06-24,2025-06-24 12:35:00,1591.79,1591.82,1591.79,1591.82,0.0,6.96,11169.48,1
2025-06-24,2025-06-24 12:36:00,1591.82,1591.85,1591.82,1591.85,0.0,6.96,11169.48,1
2025-06-24,2025-06-24 12:37:00,1591.85,1591.88,1591.85,1591.88,0.0,6.96,11169.48,1
2025-06-24,2025-06-24 12:38:00,1591.88,1591.91,1591.88,1591.91,0.0,6.96,11169.48,1
2025-06-24,2025-06-24 12:39:00,1591.91,1591.94,1591.91,1591.94,0.0,6.96,11169.48,1
2025-06-24,2025-06-24 12:40:00,1591.94,1591.97,1591.94,1591.97,0.0,6.96,11169.48,1
2025-06-24,2025-06-24 12:41:00,1591.97,1592.0,1591.97,1592.0,0.0,6.96,11169.48,1
2025-06-24,2025-06-24 12:42:00,1592.0,1592.03,1592.0,1592.03,0.0,6.96,11169.48,1
2025-06-24,2025-06-24 12:43:00,1592.03,1592.06,1592.03,1592.06,0.0,6.96,11169.48,1
2025-06-24,2025-06-24 12:44:00,1592.06,1592.09,1592.06,1592.09,0.0,6.96,11169.48,1
2025-06-24,2025-06-24 12:45:00,1592.09,1592.12,1592.09,1592.12,0.0,6.96,11169.48,1
2025-06-24,2025-06-24 12:46:00,1592.12,1592.15,1592.12,1592.15,0.0,6.96,11169.48,1
2025-06-24,2025-06-24 12:47:00,1592.15,1592.18,1592.15,1592.18,0.0,6.96,11169.48,1
2025-06-24,2025-06-24 12:48:00,1592.18,1592.21,1592.18,1592.21,0.0,6.96,11169.48,1
2025-06-24,2025-06-24 12:49:00,1592.21,1592.24,1592.21,1592.24,0.0,6.96,11169.48,1
2025-06-24,2025-06-24 12:50:00,1592.24,1592.27,1592.24,1592.27,0.0,6.96,11169.48,1
2025-06-24,2025-06-24 12:51:00,1592.27,1592.29,1592.27,1592.29,0.0,6.96,11169.48,1
2025-06-24,2025-06-24 12:52:00,1592.29,1592.32,1592.29,1592.32,0.0,6.96,11169.48,1
2025-06-24,2025-06-24 12:53:00,1592.32,1592.35,1592.32,1592.35,0.0,6.96,11169.48,1
2025-06-24,2025-06-24 12:54:00,1592.35,1592.38,1592.35,1592.38,0.0,6.96,11169.48,1
2025-06-24,2025-06-24 12:55:00,1592.38,1592.41,1592.38,1592.41,0.0,6.96,11169.48,1
2025-06-24,2025-06-24 12:56:00,1592.41,1592.44,1592.41,1592.44,0.0,6.96,11169.48,1
2025-06-24,2025-06-24 12:57:00,1592.44,1592.47,1592.44,1592.47,0.0,6.96,11169.48,1
2025-06-24,2025-06-24 12:58:00,1592.47,1592.5,1592.47,1592.5,0.0,6.96,11169.48,1
2025-06-24,2025-06-24 12:59:00,1592.5,1592.53,1592.5,1592.53,0.0,6.96,11169.48,1
2025-06-24,2025-06-24 13:00:00,1592.53,1620.0,1589.0,1592.56,0.0,6.96,11169.48,1
2025-06-24,2025-06-24 13:01:00,1592.56,1592.59,1592.56,1592.59,0.0,6.96,11169.48,1
2025-06-24,2025-06-24 13:02:00,1592.59,1592.62,1592.59,1592.62,0.0,6.96,11169.48,1
2025-06-24,2025-06-24 13:03:00,1592.62,1592.65,1592.62,1592.65,0.0,6.96,11169.48,1
2025-06-24,2025-06-24 13:04:00,1592.65,1592.68,1592.65,1592.68,0.0,6.96,11169.48,1
2025-06-24,2025-06-24 13:05:00,1592.68,1592.71,1592.68,1592.71,0.0,6.96,11169.48,1
2025-06-24,2025-06-24 13:06:00,1592.71,1592.74,1592.71,1592.74,0.0,6.96,11169.48,1
2025-06-24,2025-06-24 13:07:00,1592.74,1592.77,1592.74,1592.77,0.0,6.96,11169.48,1
2025-06-24,2025-06-24 13:08:00,1592.77,1592.79,1592.77,1592.79,0.0,6.96,11169.48,1
2025-06-24,2025-06-24 13:09:00,1592.79,1592.82,1592.79,1592.82,0.0,6.96,11169.48,1
2025-06-24,2025-06-24 13:10:00,1592.82,1592.85,1592.82,1592.85,0.0,6.96,11169.48,1
2025-06-24,2025-06-24 13:11:00,1592.85,1592.88,1592.85,1592.88,0.0,6.96,11169.48,1
2025-06-24,2025-06-24 13:12:00,1592.88,1592.91,1592.88,1592.91,0.0,6.96,11169.48,1
2025-06-24,2025-06-24 13:13:00,1592.91,1592.94,1592.91,1592.94,0.0,6.96,11169.48,1
2025-06-24,2025-06-24 13:14:00,1592.94,1592.97,1592.94,1592.97,0.0,6.96,11169.48,1
2025-06-24,2025-06-24 13:15:00,1592.97,1593.0,1592.97,1593.0,0.0,6.96,11169.48,1
2025-06-24,2025-06-24 13:16:00,1593.0,1593.03,1593.0,1593.03,0.0,6.96,11169.48,1
2025-06-24,2025-06-24 13:17:00,1593.03,1593.06,1593.03,1593.06,0.0,6.96,11169.48,1
2025-06-24,2025-06-24 13:18:00,1593.06,1593.09,1593.06,1593.09,0.0,6.96,11169.48,1
2025-06-24,2025-06-24 13:19:00,1593.09,1593.12,1593.09,1593.12,0.0,6.96,11169.48,1
2025-06-24,2025-06-24 13:20:00,1593.12,1593.15,1593.12,1593.15,0.0,6.96,11169.48,1
2025-06-24,2025-06-24 13:21:00,1593.15,1593.18,1593.15,1593.18,0.0,6.96,11169.48,1
2025-06-24,2025-06-24 13:22:00,1593.18,1593.21,1593.18,1593.21,0.0,6.96,11169.48,1
2025-06-24,2025-06-24 13:23:00,1593.21,1593.24,1593.21,1593.24,0.0,6.96,11169.48,1
2025-06-24,2025-06-24 13:24:00,1593.24,1593.27,1593.24,1593.27,0.0,6.96,11169.48,1
2025-06-24,2025-06-24 13:25:00,1593.27,1593.29,1593.27,1593.29,0.0,6.96,11169.48,1
2025-06-24,2025-06-24 13:26:00,1593.29,1593.32,1593.29,1593.32,0.0,6.96,11169.48,1
2025-06-24,2025-06-24 13:27:00,1593.32,1593.35,1593.32,1593.35,0.0,6.96,11169.48,1
2025-06-24,2025-06-24 13:28:00,1593.35,1593.38,1593.35,1593.38,0.0,6.96,11169.48,1
2025-06-24,2025-06-24 13:29:00,1593.38,1593.41,1593.38,1593.41,0.0,6.96,11169.48,1
2025-06-24,2025-06-24 13:30:00,1593.41,1593.44,1593.41,1593.44,0.0,6.96,11169.48,1
2025-06-24,2025-06-24 13:31:00,1593.44,1593.47,1593.44,1593.47,0.0,6.96,11169.48,1
2025-06-24,2025-06-24 13:32:00,1593.47,1593.5,1593.47,1593.5,0.0,6.96,11169.48,1
2025-06-24,2025-06-24 13:33:00,1593.5,1593.53,1593.5,1593.53,0.0,6.96,11169.48,1
2025-06-24,2025-06-24 13:34:00,1593.53,1593.56,1593.53,1593.56,0.0,6.96,11169.48,1
2025-06-24,2025-06-24 13:35:00,1593.56,1593.59,1593.56,1593.59,0.0,6.96,11169.48,1
2025-06-24,2025-06-24 13:36:00,1593.59,1593.62,1593.59,1593.62,0.0,6.96,11169.48,1
2025-06-24,2025-06-24 13:37:00,1593.62,1593.65,1593.62,1593.65,0.0,6.96,11169.48,1
2025-06-24,2025-06-24 13:38:00,1593.65,1593.68,1593.65,1593.68,0.0,6.96,11169.48,1
2025-06-24,2025-06-24 13:39:00,1593.68,1593.71,1593.68,1593.71,0.0,6.96,11169.48,1
2025-06-24,2025-06-24 13:40:00,1593.71,1593.74,1593.71,1593.74,0.0,6.96,11169.48,1
2025-06-24,2025-06-24 13:41:00,1593.74,1593.77,1593.74,1593.77,0.0,6.96,11169.48,1
2025-06-24,2025-06-24 13:42:00,1593.77,1593.79,1593.77,1593.79,0.0,6.96,11169.48,1
2025-06-24,2025-06-24 13:43:00,1593.79,1593.82,1593.79,1593.82,0.0,6.96,11169.48,1
2025-06-24,2025-06-24 13:44:00,1593.82,1593.85,1593.82,1593.85,0.0,6.96,11169.48,1
2025-06-24,2025-06-24 13:45:00,1593.85,1593.88,1593.85,1593.88,0.0,6.96,11169.48,1
2025-06-24,2025-06-24 13:46:00,1593.88,1593.91,1593.88,1593.91,0.0,6.96,11169.48,1
2025-06-24,2025-06-24 13:47:00,1593.91,1593.94,1593.91,1593.94,0.0,6.96,11169.48,1
2025-06-24,2025-06-24 13:48:00,1593.94,1593.97,1593.94,1593.97,0.0,6.96,11169.48,1
2025-06-24,2025-06-24 13:49:00,1593.97,1594.0,1593.97,1594.0,0.0,6.96,11169.48,1
2025-06-24,2025-06-24 13:50:00,1594.0,1594.03,1594.0,1594.03,0.0,6.96,11169.48,1
2025-06-24,2025-06-24 13:51:00,1594.03,1594.06,1594.03,1594.06,0.0,6.96,11169.48,1
2025-06-24,2025-06-24 13:52:00,1594.06,1594.09,1594.06,1594.09,0.0,6.96,11169.48,1
2025-06-24,2025-06-24 13:53:00,1594.09,1594.12,1594.09,1594.12,0.0,6.96,11169.48,1
2025-06-24,2025-06-24 13:54:00,1594.12,1594.15,1594.12,1594.15,0.0,6.96,11169.48,1
2025-06-24,2025-06-24 13:55:00,1594.15,1594.18,1594.15,1594.18,0.0,6.96,11169.48,1
2025-06-24,2025-06-24 13:56:00,1594.18,1594.21,1594.18,1594.21,0.0,6.96,11169.48,1
2025-06-24,2025-06-24 13:57:00,1594.21,1594.24,1594.21,1594.24,0.0,6.96,11169.48,1
2025-06-24,2025-06-24 13:58:00,1594.24,1594.27,1594.24,1594.27,0.0,6.96,11169.48,1
2025-06-24,2025-06-24 13:59:00,1594.27,1594.3,1594.27,1594.3,0.0,6.96,11169.48,1
2025-06-24,2025-06-24 14:00:00,1594.3,1594.32,1594.3,1594.32,0.0,6.96,11169.48,1
2025-06-24,2025-06-24 14:01:00,1594.32,1594.35,1594.32,1594.35,0.0,6.96,11169.48,1
2025-06-24,2025-06-24 14:02:00,1594.35,1594.38,1594.35,1594.38,0.0,6.96,11169.48,1
2025-06-24,2025-06-24 14:03:00,1594.38,1594.41,1594.38,1594.41,0.0,6.96,11169.48,1
2025-06-24,2025-06-24 14:04:00,1594.41,1594.44,1594.41,1594.44,0.0,6.96,11169.48,1
2025-06-24,2025-06-24 14:05:00,1594.44,1594.47,1594.44,1594.47,0.0,6.96,11169.48,1
2025-06-24,2025-06-24 14:06:00,1594.47,1594.5,1594.47,1594.5,0.0,6.96,11169.48,1
2025-06-24,2025-06-24 14:07:00,1594.5,1594.53,1594.5,1594.53,0.0,6.96,11169.48,1
2025-06-24,2025-06-24 14:08:00,1594.53,1594.56,1594.53,1594.56,0.0,6.96,11169.48,1
2025-06-24,2025-06-24 14:09:00,1594.56,1594.59,1594.56,1594.59,0.0,6.96,11169.48,1
2025-06-24,2025-06-24 14:10:00,1594.59,1594.62,1594.59,1594.62,0.0,6.96,11169.48,1
2025-06-24,2025-06-24 14:11:00,1594.62,1594.65,1594.62,1594.65,0.0,6.96,11169.48,1
2025-06-24,2025-06-24 14:12:00,1594.65,1594.68,1594.65,1594.68,0.0,6.96,11169.48,1
2025-06-24,2025-06-24 14:13:00,1594.68,1594.71,1594.68,1594.71,0.0,6.96,11169.48,1
2025-06-24,2025-06-24 14:14:00,1594.71,1594.74,1594.71,1594.74,0.0,6.96,11169.48,1
2025-06-24,2025-06-24 14:15:00,1594.74,1594.77,1594.74,1594.77,0.0,6.96,11169.48,1
2025-06-24,2025-06-24 14:16:00,1594.77,1594.8,1594.77,1594.8,0.0,6.96,11169.48,1
2025-06-24,2025-06-24 14:17:00,1594.8,1594.82,1594.8,1594.82,0.0,6.96,11169.48,1
2025-06-24,2025-06-24 14:18:00,1594.82,1594.85,1594.82,1594.85,0.0,6.96,11169.48,1
2025-06-24,2025-06-24 14:19:00,1594.85,1594.88,1594.85,1594.88,0.0,6.96,11169.48,1
2025-06-24,2025-06-24 14:20:00,1594.88,1594.91,1594.88,1594.91,0.0,6.96,11169.48,1
2025-06-24,2025-06-24 14:21:00,1594.91,1594.94,1594.91,1594.94,0.0,6.96,11169.48,1
2025-06-24,2025-06-24 14:22:00,1594.94,1594.97,1594.94,1594.97,0.0,6.96,11169.48,1
2025-06-24,2025-06-24 14:23:00,1594.97,1595.0,1594.97,1595.0,0.0,6.96,11169.48,1
2025-06-24,2025-06-24 14:24:00,1595.0,1595.03,1595.0,1595.03,0.0,6.96,11169.48,1
2025-06-24,2025-06-24 14:25:00,1595.03,1595.06,1595.03,1595.06,0.0,6.96,11169.48,1
2025-06-24,2025-06-24 14:26:00,1595.06,1595.09,1595.06,1595.09,0.0,6.96,11169.48,1
2025-06-24,2025-06-24 14:27:00,1595.09,1595.12,1595.09,1595.12,0.0,6.96,11169.48,1
2025-06-24,2025-06-24 14:28:00,1595.12,1595.15,1595.12,1595.15,0.0,6.96,11169.48,1
2025-06-24,2025-06-24 14:29:00,1595.15,1595.18,1595.15,1595.18,0.0,6.96,11169.48,1
2025-06-24,2025-06-24 14:30:00,1595.18,1595.21,1595.18,1595.21,0.0,6.96,11169.48,1
2025-06-24,2025-06-24 14:31:00,1595.21,1595.24,1595.21,1595.24,0.0,6.96,11169.48,1
2025-06-24,2025-06-24 14:32:00,1595.24,1595.27,1595.24,1595.27,0.0,6.96,11169.48,1
2025-06-24,2025-06-24 14:33:00,1595.27,1595.3,1595.27,1595.3,0.0,6.96,11169.48,1
2025-06-24,2025-06-24 14:34:00,1595.3,1595.32,1595.3,1595.32,0.0,6.96,11169.48,1
2025-06-24,2025-06-24 14:35:00,1595.32,1595.35,1595.32,1595.35,0.0,6.96,11169.48,1
2025-06-24,2025-06-24 14:36:00,1595.35,1595.38,1595.35,1595.38,0.0,6.96,11169.48,1
2025-06-24,2025-06-24 14:37:00,1595.38,1595.41,1595.38,1595.41,0.0,6.96,11169.48,1
2025-06-24,2025-06-24 14:38:00,1595.41,1595.44,1595.41,1595.44,0.0,6.96,11169.48,1
2025-06-24,2025-06-24 14:39:00,1595.44,1595.47,1595.44,1595.47,0.0,6.96,11169.48,1
2025-06-24,2025-06-24 14:40:00,1595.47,1595.5,1595.47,1595.5,0.0,6.96,11169.48,1
2025-06-24,2025-06-24 14:41:00,1595.5,1595.53,1595.5,1595.53,0.0,6.96,11169.48,1
2025-06-24,2025-06-24 14:42:00,1595.53,1595.56,1595.53,1595.56,0.0,6.96,11169.48,1
2025-06-24,2025-06-24 14:43:00,1595.56,1595.59,1595.56,1595.59,0.0,6.96,11169.48,1
2025-06-24,2025-06-24 14:44:00,1595.59,1595.62,1595.59,1595.62,0.0,6.96,11169.48,1
2025-06-24,2025-06-24 14:45:00,1595.62,1595.65,1595.62,1595.65,0.0,6.96,11169.48,1
2025-06-24,2025-06-24 14:46:00,1595.65,1595.68,1595.65,1595.68,0.0,6.96,11169.48,1
2025-06-24,2025-06-24 14:47:00,1595.68,1595.71,1595.68,1595.71,0.0,6.96,11169.48,1
2025-06-24,2025-06-24 14:48:00,1595.71,1595.74,1595.71,1595.74,0.0,6.96,11169.48,1
2025-06-24,2025-06-24 14:49:00,1595.74,1595.77,1595.74,1595.77,0.0,6.96,11169.48,1
2025-06-24,2025-06-24 14:50:00,1595.77,1595.8,1595.77,1595.8,0.0,6.96,11169.48,1
2025-06-24,2025-06-24 14:51:00,1595.8,1595.82,1595.8,1595.82,0.0,6.96,11169.48,1
2025-06-24,2025-06-24 14:52:00,1595.82,1595.85,1595.82,1595.85,0.0,6.96,11169.48,1
2025-06-24,2025-06-24 14:53:00,1595.85,1595.88,1595.85,1595.88,0.0,6.96,11169.48,1
2025-06-24,2025-06-24 14:54:00,1595.88,1595.91,1595.88,1595.91,0.0,6.96,11169.48,1
2025-06-24,2025-06-24 14:55:00,1595.91,1595.94,1595.91,1595.94,0.0,6.96,11169.48,1
2025-06-24,2025-06-24 14:56:00,1595.94,1595.97,1595.94,1595.97,0.0,6.96,11169.48,1
2025-06-24,2025-06-24 14:57:00,1595.97,1596.0,1595.97,1596.0,0.0,6.96,11169.48,1
2025-06-24,2025-06-24 14:58:00,1596.0,1596.03,1596.0,1596.03,0.0,6.96,11169.48,1
2025-06-24,2025-06-24 14:59:00,1596.03,1596.06,1596.03,1596.06,0.0,6.96,11169.48,1
2025-06-24,2025-06-24 15:00:00,1596.06,1620.0,1589.0,1596.06,0.0,6.96,11169.48,0
2025-06-25,2025-06-25 11:00:00,1624.0,1644.7,1606.3,1623.81,-0.01,19.15,30378.18,-1
2025-06-25,2025-06-25 11:01:00,1623.81,1623.81,1623.62,1623.62,-0.01,19.15,30378.18,-1
2025-06-25,2025-06-25 11:02:00,1623.62,1623.62,1623.43,1623.43,-0.01,19.15,30378.18,-1
2025-06-25,2025-06-25 11:03:00,1623.43,1623.43,1623.23,1623.23,-0.01,19.15,30378.18,-1
2025-06-25,2025-06-25 11:04:00,1623.23,1623.23,1623.04,1623.04,-0.01,19.15,30378.18,-1
2025-06-25,2025-06-25 11:05:00,1623.04,1623.04,1622.85,1622.85,-0.01,19.15,30378.18,-1
2025-06-25,2025-06-25 11:06:00,1622.85,1622.85,1622.66,1622.66,-0.01,19.15,30378.18,-1
2025-06-25,2025-06-25 11:07:00,1622.66,1622.66,1622.47,1622.47,-0.01,19.15,30378.18,-1
2025-06-25,2025-06-25 11:08:00,1622.47,1622.47,1622.28,1622.28,-0.01,19.15,30378.18,-1
2025-06-25,2025-06-25 11:09:00,1622.28,1622.28,1622.08,1622.08,-0.01,19.15,30378.18,-1
2025-06-25,2025-06-25 11:10:00,1622.08,1622.08,1621.89,1621.89,-0.01,19.15,30378.18,-1
2025-06-25,2025-06-25 11:11:00,1621.89,1621.89,1621.7,1621.7,-0.01,19.15,30378.18,-1
2025-06-25,2025-06-25 11:12:00,1621.7,1621.7,1621.51,1621.51,-0.01,19.15,30378.18,-1
2025-06-25,2025-06-25 11:13:00,1621.51,1621.51,1621.32,1621.32,-0.01,19.15,30378.18,-1
2025-06-25,2025-06-25 11:14:00,1621.32,1621.32,1621.13,1621.13,-0.01,19.15,30378.18,-1
2025-06-25,2025-06-25 11:15:00,1621.13,1621.13,1620.93,1620.93,-0.01,19.15,30378.18,-1
2025-06-25,2025-06-25 11:16:00,1620.93,1620.93,1620.74,1620.74,-0.01,19.15,30378.18,-1
2025-06-25,2025-06-25 11:17:00,1620.74,1620.74,1620.55,1620.55,-0.01,19.15,30378.18,-1
2025-06-25,2025-06-25 11:18:00,1620.55,1620.55,1620.36,1620.36,-0.01,19.15,30378.18,-1
2025-06-25,2025-06-25 11:19:00,1620.36,1620.36,1620.17,1620.17,-0.01,19.15,30378.18,-1
2025-06-25,2025-06-25 11:20:00,1620.17,1620.17,1619.98,1619.98,-0.01,19.15,30378.18,-1
2025-06-25,2025-06-25 11:21:00,1619.98,1619.98,1619.78,1619.78,-0.01,19.15,30378.18,-1
2025-06-25,2025-06-25 11:22:00,1619.78,1619.78,1619.59,1619.59,-0.01,19.15,30378.18,-1
2025-06-25,2025-06-25 11:23:00,1619.59,1619.59,1619.4,1619.4,-0.01,19.15,30378.18,-1
2025-06-25,2025-06-25 11:24:00,1619.4,1619.4,1619.21,1619.21,-0.01,19.15,30378.18,-1
2025-06-25,2025-06-25 11:25:00,1619.21,1619.21,1619.02,1619.02,-0.01,19.15,30378.18,-1
2025-06-25,2025-06-25 11:26:00,1619.02,1619.02,1618.83,1618.83,-0.01,19.15,30378.18,-1
2025-06-25,2025-06-25 11:27:00,1618.83,1618.83,1618.63,1618.63,-0.01,19.15,30378.18,-1
2025-06-25,2025-06-25 11:28:00,1618.63,1618.63,1618.44,1618.44,-0.01,19.15,30378.18,-1
2025-06-25,2025-06-25 11:29:00,1618.44,1618.44,1618.25,1618.25,-0.01,19.15,30378.18,-1
2025-06-25,2025-06-25 11:30:00,1618.25,1618.25,1618.06,1618.06,-0.01,19.15,30378.18,-1
2025-06-25,2025-06-25 11:31:00,1618.06,1618.06,1617.87,1617.87,-0.01,19.15,30378.18,-1
2025-06-25,2025-06-25 11:32:00,1617.87,1617.87,1617.68,1617.68,-0.01,19.15,30378.18,-1
2025-06-25,2025-06-25 11:33:00,1617.68,1617.68,1617.48,1617.48,-0.01,19.15,30378.18,-1
2025-06-25,2025-06-25 11:34:00,1617.48,1617.48,1617.29,1617.29,-0.01,19.15,30378.18,-1
2025-06-25,2025-06-25 11:35:00,1617.29,1617.29,1617.1,1617.1,-0.01,19.15,30378.18,-1
2025-06-25,2025-06-25 11:36:00,1617.1,1617.1,1616.91,1616.91,-0.01,19.15,30378.18,-1
2025-06-25,2025-06-25 11:37:00,1616.91,1616.91,1616.72,1616.72,-0.01,19.15,30378.18,-1
2025-06-25,2025-06-25 11:38:00,1616.72,1616.72,1616.53,1616.53,-0.01,19.15,30378.18,-1
2025-06-25,2025-06-25 11:39:00,1616.53,1616.53,1616.34,1616.34,-0.01,19.15,30378.18,-1
2025-06-25,2025-06-25 11:40:00,1616.34,1616.34,1616.14,1616.14,-0.01,19.15,30378.18,-1
2025-06-25,2025-06-25 11:41:00,1616.14,1616.14,1615.95,1615.95,-0.01,19.15,30378.18,-1
2025-06-25,2025-06-25 11:42:00,1615.95,1615.95,1615.76,1615.76,-0.01,19.15,30378.18,-1
2025-06-25,2025-06-25 11:43:00,1615.76,1615.76,1615.57,1615.57,-0.01,19.15,30378.18,-1
2025-06-25,2025-06-25 11:44:00,1615.57,1615.57,1615.38,1615.38,-0.01,19.15,30378.18,-1
2025-06-25,2025-06-25 11:45:00,1615.38,1615.38,1615.19,1615.19,-0.01,19.15,30378.18,-1
2025-06-25,2025-06-25 11:46:00,1615.19,1615.19,1614.99,1614.99,-0.01,19.15,30378.18,-1
2025-06-25,2025-06-25 11:47:00,1614.99,1614.99,1614.8,1614.8,-0.01,19.15,30378.18,-1
2025-06-25,2025-06-25 11:48:00,1614.8,1614.8,1614.61,1614.61,-0.01,19.15,30378.18,-1
2025-06-25,2025-06-25 11:49:00,1614.61,1614.61,1614.42,1614.42,-0.01,19.15,30378.18,-1
2025-06-25,2025-06-25 11:50:00,1614.42,1614.42,1614.23,1614.23,-0.01,19.15,30378.18,-1
2025-06-25,2025-06-25 11:51:00,1614.23,1614.23,1614.04,1614.04,-0.01,19.15,30378.18,-1
2025-06-25,2025-06-25 11:52:00,1614.04,1614.04,1613.84,1613.84,-0.01,19.15,30378.18,-1
2025-06-25,2025-06-25 11:53:00,1613.84,1613.84,1613.65,1613.65,-0.01,19.15,30378.18,-1
2025-06-25,2025-06-25 11:54:00,1613.65,1613.65,1613.46,1613.46,-0.01,19.15,30378.18,-1
2025-06-25,2025-06-25 11:55:00,1613.46,1613.46,1613.27,1613.27,-0.01,19.15,30378.18,-1
2025-06-25,2025-06-25 11:56:00,1613.27,1613.27,1613.08,1613.08,-0.01,19.15,30378.18,-1
2025-06-25,2025-06-25 11:57:00,1613.08,1613.08,1612.89,1612.89,-0.01,19.15,30378.18,-1
2025-06-25,2025-06-25 11:58:00,1612.89,1612.89,1612.69,1612.69,-0.01,19.15,30378.18,-1
2025-06-25,2025-06-25 11:59:00,1612.69,1612.69,1612.5,1612.5,-0.01,19.15,30378.18,-1
2025-06-25,2025-06-25 12:00:00,1612.5,1612.5,1612.31,1612.31,-0.01,19.15,30378.18,-1
2025-06-25,2025-06-25 12:01:00,1612.31,1612.31,1612.12,1612.12,-0.01,19.15,30378.18,-1
2025-06-25,2025-06-25 12:02:00,1612.12,1612.12,1611.93,1611.93,-0.01,19.15,30378.18,-1
2025-06-25,2025-06-25 12:03:00,1611.93,1611.93,1611.74,1611.74,-0.01,19.15,30378.18,-1
2025-06-25,2025-06-25 12:04:00,1611.74,1611.74,1611.54,1611.54,-0.01,19.15,30378.18,-1
2025-06-25,2025-06-25 12:05:00,1611.54,1611.54,1611.35,1611.35,-0.01,19.15,30378.18,-1
2025-06-25,2025-06-25 12:06:00,1611.35,1611.35,1611.16,1611.16,-0.01,19.15,30378.18,-1
2025-06-25,2025-06-25 12:07:00,1611.16,1611.16,1610.97,1610.97,-0.01,19.15,30378.18,-1
2025-06-25,2025-06-25 12:08:00,1610.97,1610.97,1610.78,1610.78,-0.01,19.15,30378.18,-1
2025-06-25,2025-06-25 12:09:00,1610.78,1610.78,1610.59,1610.59,-0.01,19.15,30378.18,-1
2025-06-25,2025-06-25 12:10:00,1610.59,1610.59,1610.39,1610.39,-0.01,19.15,30378.18,-1
2025-06-25,2025-06-25 12:11:00,1610.39,1610.39,1610.2,1610.2,-0.01,19.15,30378.18,-1
2025-06-25,2025-06-25 12:12:00,1610.2,1610.2,1610.01,1610.01,-0.01,19.15,30378.18,-1
2025-06-25,2025-06-25 12:13:00,1610.01,1610.01,1609.82,1609.82,-0.01,19.15,30378.18,-1
2025-06-25,2025-06-25 12:14:00,1609.82,1609.82,1609.63,1609.63,-0.01,19.15,30378.18,-1
2025-06-25,2025-06-25 12:15:00,1609.63,1609.63,1609.44,1609.44,-0.01,19.15,30378.18,-1
2025-06-25,2025-06-25 12:16:00,1609.44,1609.44,1609.24,1609.24,-0.01,19.15,30378.18,-1
2025-06-25,2025-06-25 12:17:00,1609.24,1609.24,1609.05,1609.05,-0.01,19.15,30378.18,-1
2025-06-25,2025-06-25 12:18:00,1609.05,1609.05,1608.86,1608.86,-0.01,19.15,30378.18,-1
2025-06-25,2025-06-25 12:19:00,1608.86,1608.86,1608.67,1608.67,-0.01,19.15,30378.18,-1
2025-06-25,2025-06-25 12:20:00,1608.67,1608.67,1608.48,1608.48,-0.01,19.15,30378.18,-1
2025-06-25,2025-06-25 12:21:00,1608.48,1608.48,1608.29,1608.29,-0.01,19.15,30378.18,-1
2025-06-25,2025-06-25 12:22:00,1608.29,1608.29,1608.1,1608.1,-0.01,19.15,30378.18,-1
2025-06-25,2025-06-25 12:23:00,1608.1,1608.1,1607.9,1607.9,-0.01,19.15,30378.18,-1
2025-06-25,2025-06-25 12:24:00,1607.9,1607.9,1607.71,1607.71,-0.01,19.15,30378.18,-1
2025-06-25,2025-06-25 12:25:00,1607.71,1607.71,1607.52,1607.52,-0.01,19.15,30378.18,-1
2025-06-25,2025-06-25 12:26:00,1607.52,1607.52,1607.33,1607.33,-0.01,19.15,30378.18,-1
2025-06-25,2025-06-25 12:27:00,1607.33,1607.33,1607.14,1607.14,-0.01,19.15,30378.18,-1
2025-06-25,2025-06-25 12:28:00,1607.14,1607.14,1606.95,1606.95,-0.01,19.15,30378.18,-1
2025-06-25,2025-06-25 12:29:00,1606.95,1606.95,1606.75,1606.75,-0.01,19.15,30378.18,-1
2025-06-25,2025-06-25 12:30:00,1606.75,1606.75,1606.56,1606.56,-0.01,19.15,30378.18,-1
2025-06-25,2025-06-25 12:31:00,1606.56,1606.56,1606.37,1606.37,-0.01,19.15,30378.18,-1
2025-06-25,2025-06-25 12:32:00,1606.37,1606.37,1606.18,1606.18,-0.01,19.15,30378.18,-1
2025-06-25,2025-06-25 12:33:00,1606.18,1606.18,1605.99,1605.99,-0.01,19.15,30378.18,-1
2025-06-25,2025-06-25 12:34:00,1605.99,1605.99,1605.8,1605.8,-0.01,19.15,30378.18,-1
2025-06-25,2025-06-25 12:35:00,1605.8,1605.8,1605.6,1605.6,-0.01,19.15,30378.18,-1
2025-06-25,2025-06-25 12:36:00,1605.6,1605.6,1605.41,1605.41,-0.01,19.15,30378.18,-1
2025-06-25,2025-06-25 12:37:00,1605.41,1605.41,1605.22,1605.22,-0.01,19.15,30378.18,-1
2025-06-25,2025-06-25 12:38:00,1605.22,1605.22,1605.03,1605.03,-0.01,19.15,30378.18,-1
2025-06-25,2025-06-25 12:39:00,1605.03,1605.03,1604.84,1604.84,-0.01,19.15,30378.18,-1
2025-06-25,2025-06-25 12:40:00,1604.84,1604.84,1604.65,1604.65,-0.01,19.15,30378.18,-1
2025-06-25,2025-06-25 12:41:00,1604.65,1604.65,1604.45,1604.45,-0.01,19.15,30378.18,-1
2025-06-25,2025-06-25 12:42:00,1604.45,1604.45,1604.26,1604.26,-0.01,19.15,30378.18,-1
2025-06-25,2025-06-25 12:43:00,1604.26,1604.26,1604.07,1604.07,-0.01,19.15,30378.18,-1
2025-06-25,2025-06-25 12:44:00,1604.07,1604.07,1603.88,1603.88,-0.01,19.15,30378.18,-1
2025-06-25,2025-06-25 12:45:00,1603.88,1603.88,1603.69,1603.69,-0.01,19.15,30378.18,-1
2025-06-25,2025-06-25 12:46:00,1603.69,1603.69,1603.5,1603.5,-0.01,19.15,30378.18,-1
2025-06-25,2025-06-25 12:47:00,1603.5,1603.5,1603.3,1603.3,-0.01,19.15,30378.18,-1
2025-06-25,2025-06-25 12:48:00,1603.3,1603.3,1603.11,1603.11,-0.01,19.15,30378.18,-1
2025-06-25,2025-06-25 12:49:00,1603.11,1603.11,1602.92,1602.92,-0.01,19.15,30378.18,-1
2025-06-25,2025-06-25 12:50:00,1602.92,1602.92,1602.73,1602.73,-0.01,19.15,30378.18,-1
2025-06-25,2025-06-25 12:51:00,1602.73,1602.73,1602.54,1602.54,-0.01,19.15,30378.18,-1
2025-06-25,2025-06-25 12:52:00,1602.54,1602.54,1602.35,1602.35,-0.01,19.15,30378.18,-1
2025-06-25,2025-06-25 12:53:00,1602.35,1602.35,1602.15,1602.15,-0.01,19.15,30378.18,-1
2025-06-25,2025-06-25 12:54:00,1602.15,1602.15,1601.96,1601.96,-0.01,19.15,30378.18,-1
2025-06-25,2025-06-25 12:55:00,1601.96,1601.96,1601.77,1601.77,-0.01,19.15,30378.18,-1
2025-06-25,2025-06-25 12:56:00,1601.77,1601.77,1601.58,1601.58,-0.01,19.15,30378.18,-1
2025-06-25,2025-06-25 12:57:00,1601.58,1601.58,1601.39,1601.39,-0.01,19.15,30378.18,-1
2025-06-25,2025-06-25 12:58:00,1601.39,1601.39,1601.2,1601.2,-0.01,19.15,30378.18,-1
2025-06-25,2025-06-25 12:59:00,1601.2,1601.2,1601.01,1601.01,-0.01,19.15,30378.18,-1
2025-06-25,2025-06-25 13:00:00,1601.01,1693.0,1565.0,1600.81,-0.01,19.15,30378.18,-1
2025-06-25,2025-06-25 13:01:00,1600.81,1600.81,1600.62,1600.62,-0.01,19.15,30378.18,-1
2025-06-25,2025-06-25 13:02:00,1600.62,1600.62,1600.43,1600.43,-0.01,19.15,30378.18,-1
2025-06-25,2025-06-25 13:03:00,1600.43,1600.43,1600.24,1600.24,-0.01,19.15,30378.18,-1
2025-06-25,2025-06-25 13:04:00,1600.24,1600.24,1600.05,1600.05,-0.01,19.15,30378.18,-1
2025-06-25,2025-06-25 13:05:00,1600.05,1600.05,1599.86,1599.86,-0.01,19.15,30378.18,-1
2025-06-25,2025-06-25 13:06:00,1599.86,1599.86,1599.66,1599.66,-0.01,19.15,30378.18,-1
2025-06-25,2025-06-25 13:07:00,1599.66,1599.66,1599.47,1599.47,-0.01,19.15,30378.18,-1
2025-06-25,2025-06-25 13:08:00,1599.47,1599.47,1599.28,1599.28,-0.01,19.15,30378.18,-1
2025-06-25,2025-06-25 13:09:00,1599.28,1599.28,1599.09,1599.09,-0.01,19.15,30378.18,-1
2025-06-25,2025-06-25 13:10:00,1599.09,1599.09,1598.9,1598.9,-0.01,19.15,30378.18,-1
2025-06-25,2025-06-25 13:11:00,1598.9,1598.9,1598.71,1598.71,-0.01,19.15,30378.18,-1
2025-06-25,2025-06-25 13:12:00,1598.71,1598.71,1598.51,1598.51,-0.01,19.15,30378.18,-1
2025-06-25,2025-06-25 13:13:00,1598.51,1598.51,1598.32,1598.32,-0.01,19.15,30378.18,-1
2025-06-25,2025-06-25 13:14:00,1598.32,1598.32,1598.13,1598.13,-0.01,19.15,30378.18,-1
2025-06-25,2025-06-25 13:15:00,1598.13,1598.13,1597.94,1597.94,-0.01,19.15,30378.18,-1
2025-06-25,2025-06-25 13:16:00,1597.94,1597.94,1597.75,1597.75,-0.01,19.15,30378.18,-1
2025-06-25,2025-06-25 13:17:00,1597.75,1597.75,1597.56,1597.56,-0.01,19.15,30378.18,-1
2025-06-25,2025-06-25 13:18:00,1597.56,1597.56,1597.36,1597.36,-0.01,19.15,30378.18,-1
2025-06-25,2025-06-25 13:19:00,1597.36,1597.36,1597.17,1597.17,-0.01,19.15,30378.18,-1
2025-06-25,2025-06-25 13:20:00,1597.17,1597.17,1596.98,1596.98,-0.01,19.15,30378.18,-1
2025-06-25,2025-06-25 13:21:00,1596.98,1596.98,1596.79,1596.79,-0.01,19.15,30378.18,-1
2025-06-25,2025-06-25 13:22:00,1596.79,1596.79,1596.6,1596.6,-0.01,19.15,30378.18,-1
2025-06-25,2025-06-25 13:23:00,1596.6,1596.6,1596.41,1596.41,-0.01,19.15,30378.18,-1
2025-06-25,2025-06-25 13:24:00,1596.41,1596.41,1596.21,1596.21,-0.01,19.15,30378.18,-1
2025-06-25,2025-06-25 13:25:00,1596.21,1596.21,1596.02,1596.02,-0.01,19.15,30378.18,-1
2025-06-25,2025-06-25 13:26:00,1596.02,1596.02,1595.83,1595.83,-0.01,19.15,30378.18,-1
2025-06-25,2025-06-25 13:27:00,1595.83,1595.83,1595.64,1595.64,-0.01,19.15,30378.18,-1
2025-06-25,2025-06-25 13:28:00,1595.64,1595.64,1595.45,1595.45,-0.01,19.15,30378.18,-1
2025-06-25,2025-06-25 13:29:00,1595.45,1595.45,1595.26,1595.26,-0.01,19.15,30378.18,-1
2025-06-25,2025-06-25 13:30:00,1595.26,1595.26,1595.06,1595.06,-0.01,19.15,30378.18,-1
2025-06-25,2025-06-25 13:31:00,1595.06,1595.06,1594.87,1594.87,-0.01,19.15,30378.18,-1
2025-06-25,2025-06-25 13:32:00,1594.87,1594.87,1594.68,1594.68,-0.01,19.15,30378.18,-1
2025-06-25,2025-06-25 13:33:00,1594.68,1594.68,1594.49,1594.49,-0.01,19.15,30378.18,-1
2025-06-25,2025-06-25 13:34:00,1594.49,1594.49,1594.3,1594.3,-0.01,19.15,30378.18,-1
2025-06-25,2025-06-25 13:35:00,1594.3,1594.3,1594.11,1594.11,-0.01,19.15,30378.18,-1
2025-06-25,2025-06-25 13:36:00,1594.11,1594.11,1593.91,1593.91,-0.01,19.15,30378.18,-1
2025-06-25,2025-06-25 13:37:00,1593.91,1593.91,1593.72,1593.72,-0.01,19.15,30378.18,-1
2025-06-25,2025-06-25 13:38:00,1593.72,1593.72,1593.53,1593.53,-0.01,19.15,30378.18,-1
2025-06-25,2025-06-25 13:39:00,1593.53,1593.53,1593.34,1593.34,-0.01,19.15,30378.18,-1
2025-06-25,2025-06-25 13:40:00,1593.34,1593.34,1593.15,1593.15,-0.01,19.15,30378.18,-1
2025-06-25,2025-06-25 13:41:00,1593.15,1593.15,1592.96,1592.96,-0.01,19.15,30378.18,-1
2025-06-25,2025-06-25 13:42:00,1592.96,1592.96,1592.77,1592.77,-0.01,19.15,30378.18,-1
2025-06-25,2025-06-25 13:43:00,1592.77,1592.77,1592.57,1592.57,-0.01,19.15,30378.18,-1
2025-06-25,2025-06-25 13:44:00,1592.57,1592.57,1592.38,1592.38,-0.01,19.15,30378.18,-1
2025-06-25,2025-06-25 13:45:00,1592.38,1592.38,1592.19,1592.19,-0.01,19.15,30378.18,-1
2025-06-25,2025-06-25 13:46:00,1592.19,1592.19,1592.0,1592.0,-0.01,19.15,30378.18,-1
2025-06-25,2025-06-25 13:47:00,1592.0,1592.0,1591.81,1591.81,-0.01,19.15,30378.18,-1
2025-06-25,2025-06-25 13:48:00,1591.81,1591.81,1591.62,1591.62,-0.01,19.15,30378.18,-1
2025-06-25,2025-06-25 13:49:00,1591.62,1591.62,1591.42,1591.42,-0.01,19.15,30378.18,-1
2025-06-25,2025-06-25 13:50:00,1591.42,1591.42,1591.23,1591.23,-0.01,19.15,30378.18,-1
2025-06-25,2025-06-25 13:51:00,1591.23,1591.23,1591.04,1591.04,-0.01,19.15,30378.18,-1
2025-06-25,2025-06-25 13:52:00,1591.04,1591.04,1590.85,1590.85,-0.01,19.15,30378.18,-1
2025-06-25,2025-06-25 13:53:00,1590.85,1590.85,1590.66,1590.66,-0.01,19.15,30378.18,-1
2025-06-25,2025-06-25 13:54:00,1590.66,1590.66,1590.47,1590.47,-0.01,19.15,30378.18,-1
2025-06-25,2025-06-25 13:55:00,1590.47,1590.47,1590.27,1590.27,-0.01,19.15,30378.18,-1
2025-06-25,2025-06-25 13:56:00,1590.27,1590.27,1590.08,1590.08,-0.01,19.15,30378.18,-1
2025-06-25,2025-06-25 13:57:00,1590.08,1590.08,1589.89,1589.89,-0.01,19.15,30378.18,-1
2025-06-25,2025-06-25 13:58:00,1589.89,1589.89,1589.7,1589.7,-0.01,19.15,30378.18,-1
2025-06-25,2025-06-25 13:59:00,1589.7,1589.7,1589.51,1589.51,-0.01,19.15,30378.18,-1
2025-06-25,2025-06-25 14:00:00,1589.51,1589.51,1589.32,1589.32,-0.01,19.15,30378.18,-1
2025-06-25,2025-06-25 14:01:00,1589.32,1589.32,1589.12,1589.12,-0.01,19.15,30378.18,-1
2025-06-25,2025-06-25 14:02:00,1589.12,1589.12,1588.93,1588.93,-0.01,19.15,30378.18,-1
2025-06-25,2025-06-25 14:03:00,1588.93,1588.93,1588.74,1588.74,-0.01,19.15,30378.18,-1
2025-06-25,2025-06-25 14:04:00,1588.74,1588.74,1588.55,1588.55,-0.01,19.15,30378.18,-1
2025-06-25,2025-06-25 14:05:00,1588.55,1588.55,1588.36,1588.36,-0.01,19.15,30378.18,-1
2025-06-25,2025-06-25 14:06:00,1588.36,1588.36,1588.17,1588.17,-0.01,19.15,30378.18,-1
2025-06-25,2025-06-25 14:07:00,1588.17,1588.17,1587.97,1587.97,-0.01,19.15,30378.18,-1
2025-06-25,2025-06-25 14:08:00,1587.97,1587.97,1587.78,1587.78,-0.01,19.15,30378.18,-1
2025-06-25,2025-06-25 14:09:00,1587.78,1587.78,1587.59,1587.59,-0.01,19.15,30378.18,-1
2025-06-25,2025-06-25 14:10:00,1587.59,1587.59,1587.4,1587.4,-0.01,19.15,30378.18,-1
2025-06-25,2025-06-25 14:11:00,1587.4,1587.4,1587.21,1587.21,-0.01,19.15,30378.18,-1
2025-06-25,2025-06-25 14:12:00,1587.21,1587.21,1587.02,1587.02,-0.01,19.15,30378.18,-1
2025-06-25,2025-06-25 14:13:00,1587.02,1587.02,1586.82,1586.82,-0.01,19.15,30378.18,-1
2025-06-25,2025-06-25 14:14:00,1586.82,1586.82,1586.63,1586.63,-0.01,19.15,30378.18,-1
2025-06-25,2025-06-25 14:15:00,1586.63,1586.63,1586.44,1586.44,-0.01,19.15,30378.18,-1
2025-06-25,2025-06-25 14:16:00,1586.44,1586.44,1586.25,1586.25,-0.01,19.15,30378.18,-1
2025-06-25,2025-06-25 14:17:00,1586.25,1586.25,1586.06,1586.06,-0.01,19.15,30378.18,-1
2025-06-25,2025-06-25 14:18:00,1586.06,1586.06,1585.87,1585.87,-0.01,19.15,30378.18,-1
2025-06-25,2025-06-25 14:19:00,1585.87,1585.87,1585.67,1585.67,-0.01,19.15,30378.18,-1
2025-06-25,2025-06-25 14:20:00,1585.67,1585.67,1585.48,1585.48,-0.01,19.15,30378.18,-1
2025-06-25,2025-06-25 14:21:00,1585.48,1585.48,1585.29,1585.29,-0.01,19.15,30378.18,-1
2025-06-25,2025-06-25 14:22:00,1585.29,1585.29,1585.1,1585.1,-0.01,19.15,30378.18,-1
2025-06-25,2025-06-25 14:23:00,1585.1,1585.1,1584.91,1584.91,-0.01,19.15,30378.18,-1
2025-06-25,2025-06-25 14:24:00,1584.91,1584.91,1584.72,1584.72,-0.01,19.15,30378.18,-1
2025-06-25,2025-06-25 14:25:00,1584.72,1584.72,1584.53,1584.53,-0.01,19.15,30378.18,-1
2025-06-25,2025-06-25 14:26:00,1584.53,1584.53,1584.33,1584.33,-0.01,19.15,30378.18,-1
2025-06-25,2025-06-25 14:27:00,1584.33,1584.33,1584.14,1584.14,-0.01,19.15,30378.18,-1
2025-06-25,2025-06-25 14:28:00,1584.14,1584.14,1583.95,1583.95,-0.01,19.15,30378.18,-1
2025-06-25,2025-06-25 14:29:00,1583.95,1583.95,1583.76,1583.76,-0.01,19.15,30378.18,-1
2025-06-25,2025-06-25 14:30:00,1583.76,1583.76,1583.57,1583.57,-0.01,19.15,30378.18,-1
2025-06-25,2025-06-25 14:31:00,1583.57,1583.57,1583.38,1583.38,-0.01,19.15,30378.18,-1
2025-06-25,2025-06-25 14:32:00,1583.38,1583.38,1583.18,1583.18,-0.01,19.15,30378.18,-1
2025-06-25,2025-06-25 14:33:00,1583.18,1583.18,1582.99,1582.99,-0.01,19.15,30378.18,-1
2025-06-25,2025-06-25 14:34:00,1582.99,1582.99,1582.8,1582.8,-0.01,19.15,30378.18,-1
2025-06-25,2025-06-25 14:35:00,1582.8,1582.8,1582.61,1582.61,-0.01,19.15,30378.18,-1
2025-06-25,2025-06-25 14:36:00,1582.61,1582.61,1582.42,1582.42,-0.01,19.15,30378.18,-1
2025-06-25,2025-06-25 14:37:00,1582.42,1582.42,1582.23,1582.23,-0.01,19.15,30378.18,-1
2025-06-25,2025-06-25 14:38:00,1582.23,1582.23,1582.03,1582.03,-0.01,19.15,30378.18,-1
2025-06-25,2025-06-25 14:39:00,1582.03,1582.03,1581.84,1581.84,-0.01,19.15,30378.18,-1
2025-06-25,2025-06-25 14:40:00,1581.84,1581.84,1581.65,1581.65,-0.01,19.15,30378.18,-1
2025-06-25,2025-06-25 14:41:00,1581.65,1581.65,1581.46,1581.46,-0.01,19.15,30378.18,-1
2025-06-25,2025-06-25 14:42:00,1581.46,1581.46,1581.27,1581.27,-0.01,19.15,30378.18,-1
2025-06-25,2025-06-25 14:43:00,1581.27,1581.27,1581.08,1581.08,-0.01,19.15,30378.18,-1
2025-06-25,2025-06-25 14:44:00,1581.08,1581.08,1580.88,1580.88,-0.01,19.15,30378.18,-1
2025-06-25,2025-06-25 14:45:00,1580.88,1580.88,1580.69,1580.69,-0.01,19.15,30378.18,-1
2025-06-25,2025-06-25 14:46:00,1580.69,1580.69,1580.5,1580.5,-0.01,19.15,30378.18,-1
2025-06-25,2025-06-25 14:47:00,1580.5,1580.5,1580.31,1580.31,-0.01,19.15,30378.18,-1
2025-06-25,2025-06-25 14:48:00,1580.31,1580.31,1580.12,1580.12,-0.01,19.15,30378.18,-1
2025-06-25,2025-06-25 14:49:00,1580.12,1580.12,1579.93,1579.93,-0.01,19.15,30378.18,-1
2025-06-25,2025-06-25 14:50:00,1579.93,1579.93,1579.73,1579.73,-0.01,19.15,30378.18,-1
2025-06-25,2025-06-25 14:51:00,1579.73,1579.73,1579.54,1579.54,-0.01,19.15,30378.18,-1
2025-06-25,2025-06-25 14:52:00,1579.54,1579.54,1579.35,1579.35,-0.01,19.15,30378.18,-1
2025-06-25,2025-06-25 14:53:00,1579.35,1579.35,1579.16,1579.16,-0.01,19.15,30378.18,-1
2025-06-25,2025-06-25 14:54:00,1579.16,1579.16,1578.97,1578.97,-0.01,19.15,30378.18,-1
2025-06-25,2025-06-25 14:55:00,1578.97,1578.97,1578.78,1578.78,-0.01,19.15,30378.18,-1
2025-06-25,2025-06-25 14:56:00,1578.78,1578.78,1578.58,1578.58,-0.01,19.15,30378.18,-1
2025-06-25,2025-06-25 14:57:00,1578.58,1578.58,1578.39,1578.39,-0.01,19.15,30378.18,-1
2025-06-25,2025-06-25 14:58:00,1578.39,1578.39,1578.2,1578.2,-0.01,19.15,30378.18,-1
2025-06-25,2025-06-25 14:59:00,1578.2,1578.2,1578.01,1578.01,-0.01,19.15,30378.18,-1
2025-06-25,2025-06-25 15:00:00,1578.01,1693.0,1565.0,1578.01,0.0,19.15,30378.18,0
2025-06-26,2025-06-26 11:00:00,1575.0,1582.5,1573.8,1574.99,-0.0,10.02,15820.83,-1
2025-06-26,2025-06-26 11:01:00,1574.99,1574.99,1574.98,1574.98,-0.0,10.02,15820.83,-1
2025-06-26,2025-06-26 11:02:00,1574.98,1574.98,1574.98,1574.98,0.0,10.02,15820.83,0
2025-06-26,2025-06-26 11:03:00,1574.98,1574.98,1574.97,1574.97,-0.0,10.02,15820.83,-1
2025-06-26,2025-06-26 11:04:00,1574.97,1574.97,1574.96,1574.96,-0.0,10.02,15820.83,-1
2025-06-26,2025-06-26 11:05:00,1574.96,1574.96,1574.95,1574.95,-0.0,10.02,15820.83,-1
2025-06-26,2025-06-26 11:06:00,1574.95,1574.95,1574.95,1574.95,0.0,10.02,15820.83,0
2025-06-26,2025-06-26 11:07:00,1574.95,1574.95,1574.94,1574.94,-0.0,10.02,15820.83,-1
2025-06-26,2025-06-26 11:08:00,1574.94,1574.94,1574.93,1574.93,-0.0,10.02,15820.83,-1
2025-06-26,2025-06-26 11:09:00,1574.93,1574.93,1574.92,1574.92,-0.0,10.02,15820.83,-1
2025-06-26,2025-06-26 11:10:00,1574.92,1574.92,1574.92,1574.92,0.0,10.02,15820.83,0
2025-06-26,2025-06-26 11:11:00,1574.92,1574.92,1574.91,1574.91,-0.0,10.02,15820.83,-1
2025-06-26,2025-06-26 11:12:00,1574.91,1574.91,1574.9,1574.9,-0.0,10.02,15820.83,-1
2025-06-26,2025-06-26 11:13:00,1574.9,1574.9,1574.89,1574.89,-0.0,10.02,15820.83,-1
2025-06-26,2025-06-26 11:14:00,1574.89,1574.89,1574.89,1574.89,0.0,10.02,15820.83,0
2025-06-26,2025-06-26 11:15:00,1574.89,1574.89,1574.88,1574.88,-0.0,10.02,15820.83,-1
2025-06-26,2025-06-26 11:16:00,1574.88,1574.88,1574.87,1574.87,-0.0,10.02,15820.83,-1
2025-06-26,2025-06-26 11:17:00,1574.87,1574.87,1574.86,1574.86,-0.0,10.02,15820.83,-1
2025-06-26,2025-06-26 11:18:00,1574.86,1574.86,1574.86,1574.86,0.0,10.02,15820.83,0
2025-06-26,2025-06-26 11:19:00,1574.86,1574.86,1574.85,1574.85,-0.0,10.02,15820.83,-1
2025-06-26,2025-06-26 11:20:00,1574.85,1574.85,1574.84,1574.84,-0.0,10.02,15820.83,-1
2025-06-26,2025-06-26 11:21:00,1574.84,1574.84,1574.83,1574.83,-0.0,10.02,15820.83,-1
2025-06-26,2025-06-26 11:22:00,1574.83,1574.83,1574.83,1574.83,0.0,10.02,15820.83,0
2025-06-26,2025-06-26 11:23:00,1574.83,1574.83,1574.82,1574.82,-0.0,10.02,15820.83,-1
2025-06-26,2025-06-26 11:24:00,1574.82,1574.82,1574.81,1574.81,-0.0,10.02,15820.83,-1
2025-06-26,2025-06-26 11:25:00,1574.81,1574.81,1574.8,1574.8,-0.0,10.02,15820.83,-1
2025-06-26,2025-06-26 11:26:00,1574.8,1574.8,1574.8,1574.8,0.0,10.02,15820.83,0
2025-06-26,2025-06-26 11:27:00,1574.8,1574.8,1574.79,1574.79,-0.0,10.02,15820.83,-1
2025-06-26,2025-06-26 11:28:00,1574.79,1574.79,1574.78,1574.78,-0.0,10.02,15820.83,-1
2025-06-26,2025-06-26 11:29:00,1574.78,1574.78,1574.77,1574.77,-0.0,10.02,15820.83,-1
2025-06-26,2025-06-26 11:30:00,1574.77,1574.77,1574.77,1574.77,0.0,10.02,15820.83,0
2025-06-26,2025-06-26 11:31:00,1574.77,1574.77,1574.76,1574.76,-0.0,10.02,15820.83,-1
2025-06-26,2025-06-26 11:32:00,1574.76,1574.76,1574.75,1574.75,-0.0,10.02,15820.83,-1
2025-06-26,2025-06-26 11:33:00,1574.75,1574.75,1574.74,1574.74,-0.0,10.02,15820.83,-1
2025-06-26,2025-06-26 11:34:00,1574.74,1574.74,1574.74,1574.74,0.0,10.02,15820.83,0
2025-06-26,2025-06-26 11:35:00,1574.74,1574.74,1574.73,1574.73,-0.0,10.02,15820.83,-1
2025-06-26,2025-06-26 11:36:00,1574.73,1574.73,1574.72,1574.72,-0.0,10.02,15820.83,-1
2025-06-26,2025-06-26 11:37:00,1574.72,1574.72,1574.71,1574.71,-0.0,10.02,15820.83,-1
2025-06-26,2025-06-26 11:38:00,1574.71,1574.71,1574.71,1574.71,0.0,10.02,15820.83,0
2025-06-26,2025-06-26 11:39:00,1574.71,1574.71,1574.7,1574.7,-0.0,10.02,15820.83,-1
2025-06-26,2025-06-26 11:40:00,1574.7,1574.7,1574.69,1574.69,-0.0,10.02,15820.83,-1
2025-06-26,2025-06-26 11:41:00,1574.69,1574.69,1574.68,1574.68,-0.0,10.02,15820.83,-1
2025-06-26,2025-06-26 11:42:00,1574.68,1574.68,1574.68,1574.68,0.0,10.02,15820.83,0
2025-06-26,2025-06-26 11:43:00,1574.68,1574.68,1574.67,1574.67,-0.0,10.02,15820.83,-1
2025-06-26,2025-06-26 11:44:00,1574.67,1574.67,1574.66,1574.66,-0.0,10.02,15820.83,-1
2025-06-26,2025-06-26 11:45:00,1574.66,1574.66,1574.65,1574.65,-0.0,10.02,15820.83,-1
2025-06-26,2025-06-26 11:46:00,1574.65,1574.65,1574.65,1574.65,0.0,10.02,15820.83,0
2025-06-26,2025-06-26 11:47:00,1574.65,1574.65,1574.64,1574.64,-0.0,10.02,15820.83,-1
2025-06-26,2025-06-26 11:48:00,1574.64,1574.64,1574.63,1574.63,-0.0,10.02,15820.83,-1
2025-06-26,2025-06-26 11:49:00,1574.63,1574.63,1574.62,1574.62,-0.0,10.02,15820.83,-1
2025-06-26,2025-06-26 11:50:00,1574.62,1574.62,1574.62,1574.62,0.0,10.02,15820.83,0
2025-06-26,2025-06-26 11:51:00,1574.62,1574.62,1574.61,1574.61,-0.0,10.02,15820.83,-1
2025-06-26,2025-06-26 11:52:00,1574.61,1574.61,1574.6,1574.6,-0.0,10.02,15820.83,-1
2025-06-26,2025-06-26 11:53:00,1574.6,1574.6,1574.59,1574.59,-0.0,10.02,15820.83,-1
2025-06-26,2025-06-26 11:54:00,1574.59,1574.59,1574.59,1574.59,0.0,10.02,15820.83,0
2025-06-26,2025-06-26 11:55:00,1574.59,1574.59,1574.58,1574.58,-0.0,10.02,15820.83,-1
2025-06-26,2025-06-26 11:56:00,1574.58,1574.58,1574.57,1574.57,-0.0,10.02,15820.83,-1
2025-06-26,2025-06-26 11:57:00,1574.57,1574.57,1574.56,1574.56,-0.0,10.02,15820.83,-1
2025-06-26,2025-06-26 11:58:00,1574.56,1574.56,1574.56,1574.56,0.0,10.02,15820.83,0
2025-06-26,2025-06-26 11:59:00,1574.56,1574.56,1574.55,1574.55,-0.0,10.02,15820.83,-1
2025-06-26,2025-06-26 12:00:00,1574.55,1574.55,1574.54,1574.54,-0.0,10.02,15820.83,-1
2025-06-26,2025-06-26 12:01:00,1574.54,1574.54,1574.53,1574.53,-0.0,10.02,15820.83,-1
2025-06-26,2025-06-26 12:02:00,1574.53,1574.53,1574.52,1574.52,-0.0,10.02,15820.83,-1
2025-06-26,2025-06-26 12:03:00,1574.52,1574.52,1574.52,1574.52,0.0,10.02,15820.83,0
2025-06-26,2025-06-26 12:04:00,1574.52,1574.52,1574.51,1574.51,-0.0,10.02,15820.83,-1
2025-06-26,2025-06-26 12:05:00,1574.51,1574.51,1574.5,1574.5,-0.0,10.02,15820.83,-1
2025-06-26,2025-06-26 12:06:00,1574.5,1574.5,1574.49,1574.49,-0.0,10.02,15820.83,-1
2025-06-26,2025-06-26 12:07:00,1574.49,1574.49,1574.49,1574.49,0.0,10.02,15820.83,0
2025-06-26,2025-06-26 12:08:00,1574.49,1574.49,1574.48,1574.48,-0.0,10.02,15820.83,-1
2025-06-26,2025-06-26 12:09:00,1574.48,1574.48,1574.47,1574.47,-0.0,10.02,15820.83,-1
2025-06-26,2025-06-26 12:10:00,1574.47,1574.47,1574.46,1574.46,-0.0,10.02,15820.83,-1
2025-06-26,2025-06-26 12:11:00,1574.46,1574.46,1574.46,1574.46,0.0,10.02,15820.83,0
2025-06-26,2025-06-26 12:12:00,1574.46,1574.46,1574.45,1574.45,-0.0,10.02,15820.83,-1
2025-06-26,2025-06-26 12:13:00,1574.45,1574.45,1574.44,1574.44,-0.0,10.02,15820.83,-1
2025-06-26,2025-06-26 12:14:00,1574.44,1574.44,1574.43,1574.43,-0.0,10.02,15820.83,-1
2025-06-26,2025-06-26 12:15:00,1574.43,1574.43,1574.43,1574.43,0.0,10.02,15820.83,0
2025-06-26,2025-06-26 12:16:00,1574.43,1574.43,1574.42,1574.42,-0.0,10.02,15820.83,-1
2025-06-26,2025-06-26 12:17:00,1574.42,1574.42,1574.41,1574.41,-0.0,10.02,15820.83,-1
2025-06-26,2025-06-26 12:18:00,1574.41,1574.41,1574.4,1574.4,-0.0,10.02,15820.83,-1
2025-06-26,2025-06-26 12:19:00,1574.4,1574.4,1574.4,1574.4,0.0,10.02,15820.83,0
2025-06-26,2025-06-26 12:20:00,1574.4,1574.4,1574.39,1574.39,-0.0,10.02,15820.83,-1
2025-06-26,2025-06-26 12:21:00,1574.39,1574.39,1574.38,1574.38,-0.0,10.02,15820.83,-1
2025-06-26,2025-06-26 12:22:00,1574.38,1574.38,1574.37,1574.37,-0.0,10.02,15820.83,-1
2025-06-26,2025-06-26 12:23:00,1574.37,1574.37,1574.37,1574.37,0.0,10.02,15820.83,0
2025-06-26,2025-06-26 12:24:00,1574.37,1574.37,1574.36,1574.36,-0.0,10.02,15820.83,-1
2025-06-26,2025-06-26 12:25:00,1574.36,1574.36,1574.35,1574.35,-0.0,10.02,15820.83,-1
2025-06-26,2025-06-26 12:26:00,1574.35,1574.35,1574.34,1574.34,-0.0,10.02,15820.83,-1
2025-06-26,2025-06-26 12:27:00,1574.34,1574.34,1574.34,1574.34,0.0,10.02,15820.83,0
2025-06-26,2025-06-26 12:28:00,1574.34,1574.34,1574.33,1574.33,-0.0,10.02,15820.83,-1
2025-06-26,2025-06-26 12:29:00,1574.33,1574.33,1574.32,1574.32,-0.0,10.02,15820.83,-1
2025-06-26,2025-06-26 12:30:00,1574.32,1574.32,1574.31,1574.31,-0.0,10.02,15820.83,-1
2025-06-26,2025-06-26 12:31:00,1574.31,1574.31,1574.31,1574.31,0.0,10.02,15820.83,0
2025-06-26,2025-06-26 12:32:00,1574.31,1574.31,1574.3,1574.3,-0.0,10.02,15820.83,-1
2025-06-26,2025-06-26 12:33:00,1574.3,1574.3,1574.29,1574.29,-0.0,10.02,15820.83,-1
2025-06-26,2025-06-26 12:34:00,1574.29,1574.29,1574.28,1574.28,-0.0,10.02,15820.83,-1
2025-06-26,2025-06-26 12:35:00,1574.28,1574.28,1574.28,1574.28,0.0,10.02,15820.83,0
2025-06-26,2025-06-26 12:36:00,1574.28,1574.28,1574.27,1574.27,-0.0,10.02,15820.83,-1
2025-06-26,2025-06-26 12:37:00,1574.27,1574.27,1574.26,1574.26,-0.0,10.02,15820.83,-1
2025-06-26,2025-06-26 12:38:00,1574.26,1574.26,1574.25,1574.25,-0.0,10.02,15820.83,-1
2025-06-26,2025-06-26 12:39:00,1574.25,1574.25,1574.25,1574.25,0.0,10.02,15820.83,0
2025-06-26,2025-06-26 12:40:00,1574.25,1574.25,1574.24,1574.24,-0.0,10.02,15820.83,-1
2025-06-26,2025-06-26 12:41:00,1574.24,1574.24,1574.23,1574.23,-0.0,10.02,15820.83,-1
2025-06-26,2025-06-26 12:42:00,1574.23,1574.23,1574.22,1574.22,-0.0,10.02,15820.83,-1
2025-06-26,2025-06-26 12:43:00,1574.22,1574.22,1574.22,1574.22,0.0,10.02,15820.83,0
2025-06-26,2025-06-26 12:44:00,1574.22,1574.22,1574.21,1574.21,-0.0,10.02,15820.83,-1
2025-06-26,2025-06-26 12:45:00,1574.21,1574.21,1574.2,1574.2,-0.0,10.02,15820.83,-1
2025-06-26,2025-06-26 12:46:00,1574.2,1574.2,1574.19,1574.19,-0.0,10.02,15820.83,-1
2025-06-26,2025-06-26 12:47:00,1574.19,1574.19,1574.19,1574.19,0.0,10.02,15820.83,0
2025-06-26,2025-06-26 12:48:00,1574.19,1574.19,1574.18,1574.18,-0.0,10.02,15820.83,-1
2025-06-26,2025-06-26 12:49:00,1574.18,1574.18,1574.17,1574.17,-0.0,10.02,15820.83,-1
2025-06-26,2025-06-26 12:50:00,1574.17,1574.17,1574.16,1574.16,-0.0,10.02,15820.83,-1
2025-06-26,2025-06-26 12:51:00,1574.16,1574.16,1574.16,1574.16,0.0,10.02,15820.83,0
2025-06-26,2025-06-26 12:52:00,1574.16,1574.16,1574.15,1574.15,-0.0,10.02,15820.83,-1
2025-06-26,2025-06-26 12:53:00,1574.15,1574.15,1574.14,1574.14,-0.0,10.02,15820.83,-1
2025-06-26,2025-06-26 12:54:00,1574.14,1574.14,1574.13,1574.13,-0.0,10.02,15820.83,-1
2025-06-26,2025-06-26 12:55:00,1574.13,1574.13,1574.13,1574.13,0.0,10.02,15820.83,0
2025-06-26,2025-06-26 12:56:00,1574.13,1574.13,1574.12,1574.12,-0.0,10.02,15820.83,-1
2025-06-26,2025-06-26 12:57:00,1574.12,1574.12,1574.11,1574.11,-0.0,10.02,15820.83,-1
2025-06-26,2025-06-26 12:58:00,1574.11,1574.11,1574.1,1574.1,-0.0,10.02,15820.83,-1
2025-06-26,2025-06-26 12:59:00,1574.1,1574.1,1574.1,1574.1,0.0,10.02,15820.83,0
2025-06-26,2025-06-26 13:00:00,1574.1,1600.0,1571.0,1574.09,-0.0,10.02,15820.83,-1
2025-06-26,2025-06-26 13:01:00,1574.09,1574.09,1574.08,1574.08,-0.0,10.02,15820.83,-1
2025-06-26,2025-06-26 13:02:00,1574.08,1574.08,1574.07,1574.07,-0.0,10.02,15820.83,-1
2025-06-26,2025-06-26 13:03:00,1574.07,1574.07,1574.06,1574.06,-0.0,10.02,15820.83,-1
2025-06-26,2025-06-26 13:04:00,1574.06,1574.06,1574.06,1574.06,0.0,10.02,15820.83,0
2025-06-26,2025-06-26 13:05:00,1574.06,1574.06,1574.05,1574.05,-0.0,10.02,15820.83,-1
2025-06-26,2025-06-26 13:06:00,1574.05,1574.05,1574.04,1574.04,-0.0,10.02,15820.83,-1
2025-06-26,2025-06-26 13:07:00,1574.04,1574.04,1574.03,1574.03,-0.0,10.02,15820.83,-1
2025-06-26,2025-06-26 13:08:00,1574.03,1574.03,1574.03,1574.03,0.0,10.02,15820.83,0
2025-06-26,2025-06-26 13:09:00,1574.03,1574.03,1574.02,1574.02,-0.0,10.02,15820.83,-1
2025-06-26,2025-06-26 13:10:00,1574.02,1574.02,1574.01,1574.01,-0.0,10.02,15820.83,-1
2025-06-26,2025-06-26 13:11:00,1574.01,1574.01,1574.0,1574.0,-0.0,10.02,15820.83,-1
2025-06-26,2025-06-26 13:12:00,1574.0,1574.0,1574.0,1574.0,0.0,10.02,15820.83,0
2025-06-26,2025-06-26 13:13:00,1574.0,1574.0,1573.99,1573.99,-0.0,10.02,15820.83,-1
2025-06-26,2025-06-26 13:14:00,1573.99,1573.99,1573.98,1573.98,-0.0,10.02,15820.83,-1
2025-06-26,2025-06-26 13:15:00,1573.98,1573.98,1573.97,1573.97,-0.0,10.02,15820.83,-1
2025-06-26,2025-06-26 13:16:00,1573.97,1573.97,1573.97,1573.97,0.0,10.02,15820.83,0
2025-06-26,2025-06-26 13:17:00,1573.97,1573.97,1573.96,1573.96,-0.0,10.02,15820.83,-1
2025-06-26,2025-06-26 13:18:00,1573.96,1573.96,1573.95,1573.95,-0.0,10.02,15820.83,-1
2025-06-26,2025-06-26 13:19:00,1573.95,1573.95,1573.94,1573.94,-0.0,10.02,15820.83,-1
2025-06-26,2025-06-26 13:20:00,1573.94,1573.94,1573.94,1573.94,0.0,10.02,15820.83,0
2025-06-26,2025-06-26 13:21:00,1573.94,1573.94,1573.93,1573.93,-0.0,10.02,15820.83,-1
2025-06-26,2025-06-26 13:22:00,1573.93,1573.93,1573.92,1573.92,-0.0,10.02,15820.83,-1
2025-06-26,2025-06-26 13:23:00,1573.92,1573.92,1573.91,1573.91,-0.0,10.02,15820.83,-1
2025-06-26,2025-06-26 13:24:00,1573.91,1573.91,1573.91,1573.91,0.0,10.02,15820.83,0
2025-06-26,2025-06-26 13:25:00,1573.91,1573.91,1573.9,1573.9,-0.0,10.02,15820.83,-1
2025-06-26,2025-06-26 13:26:00,1573.9,1573.9,1573.89,1573.89,-0.0,10.02,15820.83,-1
2025-06-26,2025-06-26 13:27:00,1573.89,1573.89,1573.88,1573.88,-0.0,10.02,15820.83,-1
2025-06-26,2025-06-26 13:28:00,1573.88,1573.88,1573.88,1573.88,0.0,10.02,15820.83,0
2025-06-26,2025-06-26 13:29:00,1573.88,1573.88,1573.87,1573.87,-0.0,10.02,15820.83,-1
2025-06-26,2025-06-26 13:30:00,1573.87,1573.87,1573.86,1573.86,-0.0,10.02,15820.83,-1
2025-06-26,2025-06-26 13:31:00,1573.86,1573.86,1573.85,1573.85,-0.0,10.02,15820.83,-1
2025-06-26,2025-06-26 13:32:00,1573.85,1573.85,1573.85,1573.85,0.0,10.02,15820.83,0
2025-06-26,2025-06-26 13:33:00,1573.85,1573.85,1573.84,1573.84,-0.0,10.02,15820.83,-1
2025-06-26,2025-06-26 13:34:00,1573.84,1573.84,1573.83,1573.83,-0.0,10.02,15820.83,-1
2025-06-26,2025-06-26 13:35:00,1573.83,1573.83,1573.82,1573.82,-0.0,10.02,15820.83,-1
2025-06-26,2025-06-26 13:36:00,1573.82,1573.82,1573.82,1573.82,0.0,10.02,15820.83,0
2025-06-26,2025-06-26 13:37:00,1573.82,1573.82,1573.81,1573.81,-0.0,10.02,15820.83,-1
2025-06-26,2025-06-26 13:38:00,1573.81,1573.81,1573.8,1573.8,-0.0,10.02,15820.83,-1
2025-06-26,2025-06-26 13:39:00,1573.8,1573.8,1573.79,1573.79,-0.0,10.02,15820.83,-1
2025-06-26,2025-06-26 13:40:00,1573.79,1573.79,1573.79,1573.79,0.0,10.02,15820.83,0
2025-06-26,2025-06-26 13:41:00,1573.79,1573.79,1573.78,1573.78,-0.0,10.02,15820.83,-1
2025-06-26,2025-06-26 13:42:00,1573.78,1573.78,1573.77,1573.77,-0.0,10.02,15820.83,-1
2025-06-26,2025-06-26 13:43:00,1573.77,1573.77,1573.76,1573.76,-0.0,10.02,15820.83,-1
2025-06-26,2025-06-26 13:44:00,1573.76,1573.76,1573.76,1573.76,0.0,10.02,15820.83,0
2025-06-26,2025-06-26 13:45:00,1573.76,1573.76,1573.75,1573.75,-0.0,10.02,15820.83,-1
2025-06-26,2025-06-26 13:46:00,1573.75,1573.75,1573.74,1573.74,-0.0,10.02,15820.83,-1
2025-06-26,2025-06-26 13:47:00,1573.74,1573.74,1573.73,1573.73,-0.0,10.02,15820.83,-1
2025-06-26,2025-06-26 13:48:00,1573.73,1573.73,1573.73,1573.73,0.0,10.02,15820.83,0
2025-06-26,2025-06-26 13:49:00,1573.73,1573.73,1573.72,1573.72,-0.0,10.02,15820.83,-1
2025-06-26,2025-06-26 13:50:00,1573.72,1573.72,1573.71,1573.71,-0.0,10.02,15820.83,-1
2025-06-26,2025-06-26 13:51:00,1573.71,1573.71,1573.7,1573.7,-0.0,10.02,15820.83,-1
2025-06-26,2025-06-26 13:52:00,1573.7,1573.7,1573.7,1573.7,0.0,10.02,15820.83,0
2025-06-26,2025-06-26 13:53:00,1573.7,1573.7,1573.69,1573.69,-0.0,10.02,15820.83,-1
2025-06-26,2025-06-26 13:54:00,1573.69,1573.69,1573.68,1573.68,-0.0,10.02,15820.83,-1
2025-06-26,2025-06-26 13:55:00,1573.68,1573.68,1573.67,1573.67,-0.0,10.02,15820.83,-1
2025-06-26,2025-06-26 13:56:00,1573.67,1573.67,1573.67,1573.67,0.0,10.02,15820.83,0
2025-06-26,2025-06-26 13:57:00,1573.67,1573.67,1573.66,1573.66,-0.0,10.02,15820.83,-1
2025-06-26,2025-06-26 13:58:00,1573.66,1573.66,1573.65,1573.65,-0.0,10.02,15820.83,-1
2025-06-26,2025-06-26 13:59:00,1573.65,1573.65,1573.64,1573.64,-0.0,10.02,15820.83,-1
2025-06-26,2025-06-26 14:00:00,1573.64,1573.64,1573.63,1573.63,-0.0,10.02,15820.83,-1
2025-06-26,2025-06-26 14:01:00,1573.63,1573.63,1573.63,1573.63,0.0,10.02,15820.83,0
2025-06-26,2025-06-26 14:02:00,1573.63,1573.63,1573.62,1573.62,-0.0,10.02,15820.83,-1
2025-06-26,2025-06-26 14:03:00,1573.62,1573.62,1573.61,1573.61,-0.0,10.02,15820.83,-1
2025-06-26,2025-06-26 14:04:00,1573.61,1573.61,1573.6,1573.6,-0.0,10.02,15820.83,-1
2025-06-26,2025-06-26 14:05:00,1573.6,1573.6,1573.6,1573.6,0.0,10.02,15820.83,0
2025-06-26,2025-06-26 14:06:00,1573.6,1573.6,1573.59,1573.59,-0.0,10.02,15820.83,-1
2025-06-26,2025-06-26 14:07:00,1573.59,1573.59,1573.58,1573.58,-0.0,10.02,15820.83,-1
2025-06-26,2025-06-26 14:08:00,1573.58,1573.58,1573.57,1573.57,-0.0,10.02,15820.83,-1
2025-06-26,2025-06-26 14:09:00,1573.57,1573.57,1573.57,1573.57,0.0,10.02,15820.83,0
2025-06-26,2025-06-26 14:10:00,1573.57,1573.57,1573.56,1573.56,-0.0,10.02,15820.83,-1
2025-06-26,2025-06-26 14:11:00,1573.56,1573.56,1573.55,1573.55,-0.0,10.02,15820.83,-1
2025-06-26,2025-06-26 14:12:00,1573.55,1573.55,1573.54,1573.54,-0.0,10.02,15820.83,-1
2025-06-26,2025-06-26 14:13:00,1573.54,1573.54,1573.54,1573.54,0.0,10.02,15820.83,0
2025-06-26,2025-06-26 14:14:00,1573.54,1573.54,1573.53,1573.53,-0.0,10.02,15820.83,-1
2025-06-26,2025-06-26 14:15:00,1573.53,1573.53,1573.52,1573.52,-0.0,10.02,15820.83,-1
2025-06-26,2025-06-26 14:16:00,1573.52,1573.52,1573.51,1573.51,-0.0,10.02,15820.83,-1
2025-06-26,2025-06-26 14:17:00,1573.51,1573.51,1573.51,1573.51,0.0,10.02,15820.83,0
2025-06-26,2025-06-26 14:18:00,1573.51,1573.51,1573.5,1573.5,-0.0,10.02,15820.83,-1
2025-06-26,2025-06-26 14:19:00,1573.5,1573.5,1573.49,1573.49,-0.0,10.02,15820.83,-1
2025-06-26,2025-06-26 14:20:00,1573.49,1573.49,1573.48,1573.48,-0.0,10.02,15820.83,-1
2025-06-26,2025-06-26 14:21:00,1573.48,1573.48,1573.48,1573.48,0.0,10.02,15820.83,0
2025-06-26,2025-06-26 14:22:00,1573.48,1573.48,1573.47,1573.47,-0.0,10.02,15820.83,-1
2025-06-26,2025-06-26 14:23:00,1573.47,1573.47,1573.46,1573.46,-0.0,10.02,15820.83,-1
2025-06-26,2025-06-26 14:24:00,1573.46,1573.46,1573.45,1573.45,-0.0,10.02,15820.83,-1
2025-06-26,2025-06-26 14:25:00,1573.45,1573.45,1573.45,1573.45,0.0,10.02,15820.83,0
2025-06-26,2025-06-26 14:26:00,1573.45,1573.45,1573.44,1573.44,-0.0,10.02,15820.83,-1
2025-06-26,2025-06-26 14:27:00,1573.44,1573.44,1573.43,1573.43,-0.0,10.02,15820.83,-1
2025-06-26,2025-06-26 14:28:00,1573.43,1573.43,1573.42,1573.42,-0.0,10.02,15820.83,-1
2025-06-26,2025-06-26 14:29:00,1573.42,1573.42,1573.42,1573.42,0.0,10.02,15820.83,0
2025-06-26,2025-06-26 14:30:00,1573.42,1573.42,1573.41,1573.41,-0.0,10.02,15820.83,-1
2025-06-26,2025-06-26 14:31:00,1573.41,1573.41,1573.4,1573.4,-0.0,10.02,15820.83,-1
2025-06-26,2025-06-26 14:32:00,1573.4,1573.4,1573.39,1573.39,-0.0,10.02,15820.83,-1
2025-06-26,2025-06-26 14:33:00,1573.39,1573.39,1573.39,1573.39,0.0,10.02,15820.83,0
2025-06-26,2025-06-26 14:34:00,1573.39,1573.39,1573.38,1573.38,-0.0,10.02,15820.83,-1
2025-06-26,2025-06-26 14:35:00,1573.38,1573.38,1573.37,1573.37,-0.0,10.02,15820.83,-1
2025-06-26,2025-06-26 14:36:00,1573.37,1573.37,1573.36,1573.36,-0.0,10.02,15820.83,-1
2025-06-26,2025-06-26 14:37:00,1573.36,1573.36,1573.36,1573.36,0.0,10.02,15820.83,0
2025-06-26,2025-06-26 14:38:00,1573.36,1573.36,1573.35,1573.35,-0.0,10.02,15820.83,-1
2025-06-26,2025-06-26 14:39:00,1573.35,1573.35,1573.34,1573.34,-0.0,10.02,15820.83,-1
2025-06-26,2025-06-26 14:40:00,1573.34,1573.34,1573.33,1573.33,-0.0,10.02,15820.83,-1
2025-06-26,2025-06-26 14:41:00,1573.33,1573.33,1573.33,1573.33,0.0,10.02,15820.83,0
2025-06-26,2025-06-26 14:42:00,1573.33,1573.33,1573.32,1573.32,-0.0,10.02,15820.83,-1
2025-06-26,2025-06-26 14:43:00,1573.32,1573.32,1573.31,1573.31,-0.0,10.02,15820.83,-1
2025-06-26,2025-06-26 14:44:00,1573.31,1573.31,1573.3,1573.3,-0.0,10.02,15820.83,-1
2025-06-26,2025-06-26 14:45:00,1573.3,1573.3,1573.3,1573.3,0.0,10.02,15820.83,0
2025-06-26,2025-06-26 14:46:00,1573.3,1573.3,1573.29,1573.29,-0.0,10.02,15820.83,-1
2025-06-26,2025-06-26 14:47:00,1573.29,1573.29,1573.28,1573.28,-0.0,10.02,15820.83,-1
2025-06-26,2025-06-26 14:48:00,1573.28,1573.28,1573.27,1573.27,-0.0,10.02,15820.83,-1
2025-06-26,2025-06-26 14:49:00,1573.27,1573.27,1573.27,1573.27,0.0,10.02,15820.83,0
2025-06-26,2025-06-26 14:50:00,1573.27,1573.27,1573.26,1573.26,-0.0,10.02,15820.83,-1
2025-06-26,2025-06-26 14:51:00,1573.26,1573.26,1573.25,1573.25,-0.0,10.02,15820.83,-1
2025-06-26,2025-06-26 14:52:00,1573.25,1573.25,1573.24,1573.24,-0.0,10.02,15820.83,-1
2025-06-26,2025-06-26 14:53:00,1573.24,1573.24,1573.24,1573.24,0.0,10.02,15820.83,0
2025-06-26,2025-06-26 14:54:00,1573.24,1573.24,1573.23,1573.23,-0.0,10.02,15820.83,-1
2025-06-26,2025-06-26 14:55:00,1573.23,1573.23,1573.22,1573.22,-0.0,10.02,15820.83,-1
2025-06-26,2025-06-26 14:56:00,1573.22,1573.22,1573.21,1573.21,-0.0,10.02,15820.83,-1
2025-06-26,2025-06-26 14:57:00,1573.21,1573.21,1573.21,1573.21,0.0,10.02,15820.83,0
2025-06-26,2025-06-26 14:58:00,1573.21,1573.21,1573.2,1573.2,-0.0,10.02,15820.83,-1
2025-06-26,2025-06-26 14:59:00,1573.2,1573.2,1573.19,1573.19,-0.0,10.02,15820.83,-1
2025-06-26,2025-06-26 15:00:00,1573.19,1600.0,1571.0,1573.19,0.0,10.02,15820.83,0
2025-06-29,2025-06-29 11:00:00,1603.0,1604.2,1593.4,1602.99,-0.0,32.12,51119.12,-1
2025-06-29,2025-06-29 11:01:00,1602.99,1602.99,1602.98,1602.98,-0.0,32.12,51119.12,-1
2025-06-29,2025-06-29 11:02:00,1602.98,1602.98,1602.97,1602.97,-0.0,32.12,51119.12,-1
2025-06-29,2025-06-29 11:03:00,1602.97,1602.97,1602.96,1602.96,-0.0,32.12,51119.12,-1
2025-06-29,2025-06-29 11:04:00,1602.96,1602.96,1602.95,1602.95,-0.0,32.12,51119.12,-1
2025-06-29,2025-06-29 11:05:00,1602.95,1602.95,1602.95,1602.95,0.0,32.12,51119.12,0
2025-06-29,2025-06-29 11:06:00,1602.95,1602.95,1602.94,1602.94,-0.0,32.12,51119.12,-1
2025-06-29,2025-06-29 11:07:00,1602.94,1602.94,1602.93,1602.93,-0.0,32.12,51119.12,-1
2025-06-29,2025-06-29 11:08:00,1602.93,1602.93,1602.92,1602.92,-0.0,32.12,51119.12,-1
2025-06-29,2025-06-29 11:09:00,1602.92,1602.92,1602.91,1602.91,-0.0,32.12,51119.12,-1
2025-06-29,2025-06-29 11:10:00,1602.91,1602.91,1602.9,1602.9,-0.0,32.12,51119.12,-1
2025-06-29,2025-06-29 11:11:00,1602.9,1602.9,1602.89,1602.89,-0.0,32.12,51119.12,-1
2025-06-29,2025-06-29 11:12:00,1602.89,1602.89,1602.88,1602.88,-0.0,32.12,51119.12,-1
2025-06-29,2025-06-29 11:13:00,1602.88,1602.88,1602.87,1602.87,-0.0,32.12,51119.12,-1
2025-06-29,2025-06-29 11:14:00,1602.87,1602.87,1602.86,1602.86,-0.0,32.12,51119.12,-1
2025-06-29,2025-06-29 11:15:00,1602.86,1602.86,1602.86,1602.86,0.0,32.12,51119.12,0
2025-06-29,2025-06-29 11:16:00,1602.86,1602.86,1602.85,1602.85,-0.0,32.12,51119.12,-1
2025-06-29,2025-06-29 11:17:00,1602.85,1602.85,1602.84,1602.84,-0.0,32.12,51119.12,-1
2025-06-29,2025-06-29 11:18:00,1602.84,1602.84,1602.83,1602.83,-0.0,32.12,51119.12,-1
2025-06-29,2025-06-29 11:19:00,1602.83,1602.83,1602.82,1602.82,-0.0,32.12,51119.12,-1
2025-06-29,2025-06-29 11:20:00,1602.82,1602.82,1602.81,1602.81,-0.0,32.12,51119.12,-1
2025-06-29,2025-06-29 11:21:00,1602.81,1602.81,1602.8,1602.8,-0.0,32.12,51119.12,-1
2025-06-29,2025-06-29 11:22:00,1602.8,1602.8,1602.79,1602.79,-0.0,32.12,51119.12,-1
2025-06-29,2025-06-29 11:23:00,1602.79,1602.79,1602.78,1602.78,-0.0,32.12,51119.12,-1
2025-06-29,2025-06-29 11:24:00,1602.78,1602.78,1602.77,1602.77,-0.0,32.12,51119.12,-1
2025-06-29,2025-06-29 11:25:00,1602.77,1602.77,1602.76,1602.76,-0.0,32.12,51119.12,-1
2025-06-29,2025-06-29 11:26:00,1602.76,1602.76,1602.76,1602.76,0.0,32.12,51119.12,0
2025-06-29,2025-06-29 11:27:00,1602.76,1602.76,1602.75,1602.75,-0.0,32.12,51119.12,-1
2025-06-29,2025-06-29 11:28:00,1602.75,1602.75,1602.74,1602.74,-0.0,32.12,51119.12,-1
2025-06-29,2025-06-29 11:29:00,1602.74,1602.74,1602.73,1602.73,-0.0,32.12,51119.12,-1
2025-06-29,2025-06-29 11:30:00,1602.73,1602.73,1602.72,1602.72,-0.0,32.12,51119.12,-1
2025-06-29,2025-06-29 11:31:00,1602.72,1602.72,1602.71,1602.71,-0.0,32.12,51119.12,-1
2025-06-29,2025-06-29 11:32:00,1602.71,1602.71,1602.7,1602.7,-0.0,32.12,51119.12,-1
2025-06-29,2025-06-29 11:33:00,1602.7,1602.7,1602.69,1602.69,-0.0,32.12,51119.12,-1
2025-06-29,2025-06-29 11:34:00,1602.69,1602.69,1602.68,1602.68,-0.0,32.12,51119.12,-1
2025-06-29,2025-06-29 11:35:00,1602.68,1602.68,1602.67,1602.67,-0.0,32.12,51119.12,-1
2025-06-29,2025-06-29 11:36:00,1602.67,1602.67,1602.67,1602.67,0.0,32.12,51119.12,0
2025-06-29,2025-06-29 11:37:00,1602.67,1602.67,1602.66,1602.66,-0.0,32.12,51119.12,-1
2025-06-29,2025-06-29 11:38:00,1602.66,1602.66,1602.65,1602.65,-0.0,32.12,51119.12,-1
2025-06-29,2025-06-29 11:39:00,1602.65,1602.65,1602.64,1602.64,-0.0,32.12,51119.12,-1
2025-06-29,2025-06-29 11:40:00,1602.64,1602.64,1602.63,1602.63,-0.0,32.12,51119.12,-1
2025-06-29,2025-06-29 11:41:00,1602.63,1602.63,1602.62,1602.62,-0.0,32.12,51119.12,-1
2025-06-29,2025-06-29 11:42:00,1602.62,1602.62,1602.61,1602.61,-0.0,32.12,51119.12,-1
2025-06-29,2025-06-29 11:43:00,1602.61,1602.61,1602.6,1602.6,-0.0,32.12,51119.12,-1
2025-06-29,2025-06-29 11:44:00,1602.6,1602.6,1602.59,1602.59,-0.0,32.12,51119.12,-1
2025-06-29,2025-06-29 11:45:00,1602.59,1602.59,1602.58,1602.58,-0.0,32.12,51119.12,-1
2025-06-29,2025-06-29 11:46:00,1602.58,1602.58,1602.58,1602.58,0.0,32.12,51119.12,0
2025-06-29,2025-06-29 11:47:00,1602.58,1602.58,1602.57,1602.57,-0.0,32.12,51119.12,-1
2025-06-29,2025-06-29 11:48:00,1602.57,1602.57,1602.56,1602.56,-0.0,32.12,51119.12,-1
2025-06-29,2025-06-29 11:49:00,1602.56,1602.56,1602.55,1602.55,-0.0,32.12,51119.12,-1
2025-06-29,2025-06-29 11:50:00,1602.55,1602.55,1602.54,1602.54,-0.0,32.12,51119.12,-1
2025-06-29,2025-06-29 11:51:00,1602.54,1602.54,1602.53,1602.53,-0.0,32.12,51119.12,-1
2025-06-29,2025-06-29 11:52:00,1602.53,1602.53,1602.52,1602.52,-0.0,32.12,51119.12,-1
2025-06-29,2025-06-29 11:53:00,1602.52,1602.52,1602.51,1602.51,-0.0,32.12,51119.12,-1
2025-06-29,2025-06-29 11:54:00,1602.51,1602.51,1602.5,1602.5,-0.0,32.12,51119.12,-1
2025-06-29,2025-06-29 11:55:00,1602.5,1602.5,1602.49,1602.49,-0.0,32.12,51119.12,-1
2025-06-29,2025-06-29 11:56:00,1602.49,1602.49,1602.48,1602.48,-0.0,32.12,51119.12,-1
2025-06-29,2025-06-29 11:57:00,1602.48,1602.48,1602.48,1602.48,0.0,32.12,51119.12,0
2025-06-29,2025-06-29 11:58:00,1602.48,1602.48,1602.47,1602.47,-0.0,32.12,51119.12,-1
2025-06-29,2025-06-29 11:59:00,1602.47,1602.47,1602.46,1602.46,-0.0,32.12,51119.12,-1
2025-06-29,2025-06-29 12:00:00,1602.46,1602.46,1602.45,1602.45,-0.0,32.12,51119.12,-1
2025-06-29,2025-06-29 12:01:00,1602.45,1602.45,1602.44,1602.44,-0.0,32.12,51119.12,-1
2025-06-29,2025-06-29 12:02:00,1602.44,1602.44,1602.43,1602.43,-0.0,32.12,51119.12,-1
2025-06-29,2025-06-29 12:03:00,1602.43,1602.43,1602.42,1602.42,-0.0,32.12,51119.12,-1
2025-06-29,2025-06-29 12:04:00,1602.42,1602.42,1602.41,1602.41,-0.0,32.12,51119.12,-1
2025-06-29,2025-06-29 12:05:00,1602.41,1602.41,1602.4,1602.4,-0.0,32.12,51119.12,-1
2025-06-29,2025-06-29 12:06:00,1602.4,1602.4,1602.39,1602.39,-0.0,32.12,51119.12,-1
2025-06-29,2025-06-29 12:07:00,1602.39,1602.39,1602.39,1602.39,0.0,32.12,51119.12,0
2025-06-29,2025-06-29 12:08:00,1602.39,1602.39,1602.38,1602.38,-0.0,32.12,51119.12,-1
2025-06-29,2025-06-29 12:09:00,1602.38,1602.38,1602.37,1602.37,-0.0,32.12,51119.12,-1
2025-06-29,2025-06-29 12:10:00,1602.37,1602.37,1602.36,1602.36,-0.0,32.12,51119.12,-1
2025-06-29,2025-06-29 12:11:00,1602.36,1602.36,1602.35,1602.35,-0.0,32.12,51119.12,-1
2025-06-29,2025-06-29 12:12:00,1602.35,1602.35,1602.34,1602.34,-0.0,32.12,51119.12,-1
2025-06-29,2025-06-29 12:13:00,1602.34,1602.34,1602.33,1602.33,-0.0,32.12,51119.12,-1
2025-06-29,2025-06-29 12:14:00,1602.33,1602.33,1602.32,1602.32,-0.0,32.12,51119.12,-1
2025-06-29,2025-06-29 12:15:00,1602.32,1602.32,1602.31,1602.31,-0.0,32.12,51119.12,-1
2025-06-29,2025-06-29 12:16:00,1602.31,1602.31,1602.3,1602.3,-0.0,32.12,51119.12,-1
2025-06-29,2025-06-29 12:17:00,1602.3,1602.3,1602.29,1602.29,-0.0,32.12,51119.12,-1
2025-06-29,2025-06-29 12:18:00,1602.29,1602.29,1602.29,1602.29,0.0,32.12,51119.12,0
2025-06-29,2025-06-29 12:19:00,1602.29,1602.29,1602.28,1602.28,-0.0,32.12,51119.12,-1
2025-06-29,2025-06-29 12:20:00,1602.28,1602.28,1602.27,1602.27,-0.0,32.12,51119.12,-1
2025-06-29,2025-06-29 12:21:00,1602.27,1602.27,1602.26,1602.26,-0.0,32.12,51119.12,-1
2025-06-29,2025-06-29 12:22:00,1602.26,1602.26,1602.25,1602.25,-0.0,32.12,51119.12,-1
2025-06-29,2025-06-29 12:23:00,1602.25,1602.25,1602.24,1602.24,-0.0,32.12,51119.12,-1
2025-06-29,2025-06-29 12:24:00,1602.24,1602.24,1602.23,1602.23,-0.0,32.12,51119.12,-1
2025-06-29,2025-06-29 12:25:00,1602.23,1602.23,1602.22,1602.22,-0.0,32.12,51119.12,-1
2025-06-29,2025-06-29 12:26:00,1602.22,1602.22,1602.21,1602.21,-0.0,32.12,51119.12,-1
2025-06-29,2025-06-29 12:27:00,1602.21,1602.21,1602.2,1602.2,-0.0,32.12,51119.12,-1
2025-06-29,2025-06-29 12:28:00,1602.2,1602.2,1602.2,1602.2,0.0,32.12,51119.12,0
2025-06-29,2025-06-29 12:29:00,1602.2,1602.2,1602.19,1602.19,-0.0,32.12,51119.12,-1
2025-06-29,2025-06-29 12:30:00,1602.19,1602.19,1602.18,1602.18,-0.0,32.12,51119.12,-1
2025-06-29,2025-06-29 12:31:00,1602.18,1602.18,1602.17,1602.17,-0.0,32.12,51119.12,-1
2025-06-29,2025-06-29 12:32:00,1602.17,1602.17,1602.16,1602.16,-0.0,32.12,51119.12,-1
2025-06-29,2025-06-29 12:33:00,1602.16,1602.16,1602.15,1602.15,-0.0,32.12,51119.12,-1
2025-06-29,2025-06-29 12:34:00,1602.15,1602.15,1602.14,1602.14,-0.0,32.12,51119.12,-1
2025-06-29,2025-06-29 12:35:00,1602.14,1602.14,1602.13,1602.13,-0.0,32.12,51119.12,-1
2025-06-29,2025-06-29 12:36:00,1602.13,1602.13,1602.12,1602.12,-0.0,32.12,51119.12,-1
2025-06-29,2025-06-29 12:37:00,1602.12,1602.12,1602.11,1602.11,-0.0,32.12,51119.12,-1
2025-06-29,2025-06-29 12:38:00,1602.11,1602.11,1602.1,1602.1,-0.0,32.12,51119.12,-1
2025-06-29,2025-06-29 12:39:00,1602.1,1602.1,1602.1,1602.1,0.0,32.12,51119.12,0
2025-06-29,2025-06-29 12:40:00,1602.1,1602.1,1602.09,1602.09,-0.0,32.12,51119.12,-1
2025-06-29,2025-06-29 12:41:00,1602.09,1602.09,1602.08,1602.08,-0.0,32.12,51119.12,-1
2025-06-29,2025-06-29 12:42:00,1602.08,1602.08,1602.07,1602.07,-0.0,32.12,51119.12,-1
2025-06-29,2025-06-29 12:43:00,1602.07,1602.07,1602.06,1602.06,-0.0,32.12,51119.12,-1
2025-06-29,2025-06-29 12:44:00,1602.06,1602.06,1602.05,1602.05,-0.0,32.12,51119.12,-1
2025-06-29,2025-06-29 12:45:00,1602.05,1602.05,1602.04,1602.04,-0.0,32.12,51119.12,-1
2025-06-29,2025-06-29 12:46:00,1602.04,1602.04,1602.03,1602.03,-0.0,32.12,51119.12,-1
2025-06-29,2025-06-29 12:47:00,1602.03,1602.03,1602.02,1602.02,-0.0,32.12,51119.12,-1
2025-06-29,2025-06-29 12:48:00,1602.02,1602.02,1602.01,1602.01,-0.0,32.12,51119.12,-1
2025-06-29,2025-06-29 12:49:00,1602.01,1602.01,1602.01,1602.01,0.0,32.12,51119.12,0
2025-06-29,2025-06-29 12:50:00,1602.01,1602.01,1602.0,1602.0,-0.0,32.12,51119.12,-1
2025-06-29,2025-06-29 12:51:00,1602.0,1602.0,1601.99,1601.99,-0.0,32.12,51119.12,-1
2025-06-29,2025-06-29 12:52:00,1601.99,1601.99,1601.98,1601.98,-0.0,32.12,51119.12,-1
2025-06-29,2025-06-29 12:53:00,1601.98,1601.98,1601.97,1601.97,-0.0,32.12,51119.12,-1
2025-06-29,2025-06-29 12:54:00,1601.97,1601.97,1601.96,1601.96,-0.0,32.12,51119.12,-1
2025-06-29,2025-06-29 12:55:00,1601.96,1601.96,1601.95,1601.95,-0.0,32.12,51119.12,-1
2025-06-29,2025-06-29 12:56:00,1601.95,1601.95,1601.94,1601.94,-0.0,32.12,51119.12,-1
2025-06-29,2025-06-29 12:57:00,1601.94,1601.94,1601.93,1601.93,-0.0,32.12,51119.12,-1
2025-06-29,2025-06-29 12:58:00,1601.93,1601.93,1601.92,1601.92,-0.0,32.12,51119.12,-1
2025-06-29,2025-06-29 12:59:00,1601.92,1601.92,1601.91,1601.91,-0.0,32.12,51119.12,-1
2025-06-29,2025-06-29 13:00:00,1601.91,1607.0,1571.0,1601.91,0.0,32.12,51119.12,0
2025-06-29,2025-06-29 13:01:00,1601.91,1601.91,1601.9,1601.9,-0.0,32.12,51119.12,-1
2025-06-29,2025-06-29 13:02:00,1601.9,1601.9,1601.89,1601.89,-0.0,32.12,51119.12,-1
2025-06-29,2025-06-29 13:03:00,1601.89,1601.89,1601.88,1601.88,-0.0,32.12,51119.12,-1
2025-06-29,2025-06-29 13:04:00,1601.88,1601.88,1601.87,1601.87,-0.0,32.12,51119.12,-1
2025-06-29,2025-06-29 13:05:00,1601.87,1601.87,1601.86,1601.86,-0.0,32.12,51119.12,-1
2025-06-29,2025-06-29 13:06:00,1601.86,1601.86,1601.85,1601.85,-0.0,32.12,51119.12,-1
2025-06-29,2025-06-29 13:07:00,1601.85,1601.85,1601.84,1601.84,-0.0,32.12,51119.12,-1
2025-06-29,2025-06-29 13:08:00,1601.84,1601.84,1601.83,1601.83,-0.0,32.12,51119.12,-1
2025-06-29,2025-06-29 13:09:00,1601.83,1601.83,1601.82,1601.82,-0.0,32.12,51119.12,-1
2025-06-29,2025-06-29 13:10:00,1601.82,1601.82,1601.82,1601.82,0.0,32.12,51119.12,0
2025-06-29,2025-06-29 13:11:00,1601.82,1601.82,1601.81,1601.81,-0.0,32.12,51119.12,-1
2025-06-29,2025-06-29 13:12:00,1601.81,1601.81,1601.8,1601.8,-0.0,32.12,51119.12,-1
2025-06-29,2025-06-29 13:13:00,1601.8,1601.8,1601.79,1601.79,-0.0,32.12,51119.12,-1
2025-06-29,2025-06-29 13:14:00,1601.79,1601.79,1601.78,1601.78,-0.0,32.12,51119.12,-1
2025-06-29,2025-06-29 13:15:00,1601.78,1601.78,1601.77,1601.77,-0.0,32.12,51119.12,-1
2025-06-29,2025-06-29 13:16:00,1601.77,1601.77,1601.76,1601.76,-0.0,32.12,51119.12,-1
2025-06-29,2025-06-29 13:17:00,1601.76,1601.76,1601.75,1601.75,-0.0,32.12,51119.12,-1
2025-06-29,2025-06-29 13:18:00,1601.75,1601.75,1601.74,1601.74,-0.0,32.12,51119.12,-1
2025-06-29,2025-06-29 13:19:00,1601.74,1601.74,1601.73,1601.73,-0.0,32.12,51119.12,-1
2025-06-29,2025-06-29 13:20:00,1601.73,1601.73,1601.73,1601.73,0.0,32.12,51119.12,0
2025-06-29,2025-06-29 13:21:00,1601.73,1601.73,1601.72,1601.72,-0.0,32.12,51119.12,-1
2025-06-29,2025-06-29 13:22:00,1601.72,1601.72,1601.71,1601.71,-0.0,32.12,51119.12,-1
2025-06-29,2025-06-29 13:23:00,1601.71,1601.71,1601.7,1601.7,-0.0,32.12,51119.12,-1
2025-06-29,2025-06-29 13:24:00,1601.7,1601.7,1601.69,1601.69,-0.0,32.12,51119.12,-1
2025-06-29,2025-06-29 13:25:00,1601.69,1601.69,1601.68,1601.68,-0.0,32.12,51119.12,-1
2025-06-29,2025-06-29 13:26:00,1601.68,1601.68,1601.67,1601.67,-0.0,32.12,51119.12,-1
2025-06-29,2025-06-29 13:27:00,1601.67,1601.67,1601.66,1601.66,-0.0,32.12,51119.12,-1
2025-06-29,2025-06-29 13:28:00,1601.66,1601.66,1601.65,1601.65,-0.0,32.12,51119.12,-1
2025-06-29,2025-06-29 13:29:00,1601.65,1601.65,1601.64,1601.64,-0.0,32.12,51119.12,-1
2025-06-29,2025-06-29 13:30:00,1601.64,1601.64,1601.63,1601.63,-0.0,32.12,51119.12,-1
2025-06-29,2025-06-29 13:31:00,1601.63,1601.63,1601.63,1601.63,0.0,32.12,51119.12,0
2025-06-29,2025-06-29 13:32:00,1601.63,1601.63,1601.62,1601.62,-0.0,32.12,51119.12,-1
2025-06-29,2025-06-29 13:33:00,1601.62,1601.62,1601.61,1601.61,-0.0,32.12,51119.12,-1
2025-06-29,2025-06-29 13:34:00,1601.61,1601.61,1601.6,1601.6,-0.0,32.12,51119.12,-1
2025-06-29,2025-06-29 13:35:00,1601.6,1601.6,1601.59,1601.59,-0.0,32.12,51119.12,-1
2025-06-29,2025-06-29 13:36:00,1601.59,1601.59,1601.58,1601.58,-0.0,32.12,51119.12,-1
2025-06-29,2025-06-29 13:37:00,1601.58,1601.58,1601.57,1601.57,-0.0,32.12,51119.12,-1
2025-06-29,2025-06-29 13:38:00,1601.57,1601.57,1601.56,1601.56,-0.0,32.12,51119.12,-1
2025-06-29,2025-06-29 13:39:00,1601.56,1601.56,1601.55,1601.55,-0.0,32.12,51119.12,-1
2025-06-29,2025-06-29 13:40:00,1601.55,1601.55,1601.54,1601.54,-0.0,32.12,51119.12,-1
2025-06-29,2025-06-29 13:41:00,1601.54,1601.54,1601.54,1601.54,0.0,32.12,51119.12,0
2025-06-29,2025-06-29 13:42:00,1601.54,1601.54,1601.53,1601.53,-0.0,32.12,51119.12,-1
2025-06-29,2025-06-29 13:43:00,1601.53,1601.53,1601.52,1601.52,-0.0,32.12,51119.12,-1
2025-06-29,2025-06-29 13:44:00,1601.52,1601.52,1601.51,1601.51,-0.0,32.12,51119.12,-1
2025-06-29,2025-06-29 13:45:00,1601.51,1601.51,1601.5,1601.5,-0.0,32.12,51119.12,-1
2025-06-29,2025-06-29 13:46:00,1601.5,1601.5,1601.49,1601.49,-0.0,32.12,51119.12,-1
2025-06-29,2025-06-29 13:47:00,1601.49,1601.49,1601.48,1601.48,-0.0,32.12,51119.12,-1
2025-06-29,2025-06-29 13:48:00,1601.48,1601.48,1601.47,1601.47,-0.0,32.12,51119.12,-1
2025-06-29,2025-06-29 13:49:00,1601.47,1601.47,1601.46,1601.46,-0.0,32.12,51119.12,-1
2025-06-29,2025-06-29 13:50:00,1601.46,1601.46,1601.45,1601.45,-0.0,32.12,51119.12,-1
2025-06-29,2025-06-29 13:51:00,1601.45,1601.45,1601.44,1601.44,-0.0,32.12,51119.12,-1
2025-06-29,2025-06-29 13:52:00,1601.44,1601.44,1601.44,1601.44,0.0,32.12,51119.12,0
2025-06-29,2025-06-29 13:53:00,1601.44,1601.44,1601.43,1601.43,-0.0,32.12,51119.12,-1
2025-06-29,2025-06-29 13:54:00,1601.43,1601.43,1601.42,1601.42,-0.0,32.12,51119.12,-1
2025-06-29,2025-06-29 13:55:00,1601.42,1601.42,1601.41,1601.41,-0.0,32.12,51119.12,-1
2025-06-29,2025-06-29 13:56:00,1601.41,1601.41,1601.4,1601.4,-0.0,32.12,51119.12,-1
2025-06-29,2025-06-29 13:57:00,1601.4,1601.4,1601.39,1601.39,-0.0,32.12,51119.12,-1
2025-06-29,2025-06-29 13:58:00,1601.39,1601.39,1601.38,1601.38,-0.0,32.12,51119.12,-1
2025-06-29,2025-06-29 13:59:00,1601.38,1601.38,1601.37,1601.37,-0.0,32.12,51119.12,-1
2025-06-29,2025-06-29 14:00:00,1601.37,1601.37,1601.36,1601.36,-0.0,32.12,51119.12,-1
2025-06-29,2025-06-29 14:01:00,1601.36,1601.36,1601.35,1601.35,-0.0,32.12,51119.12,-1
2025-06-29,2025-06-29 14:02:00,1601.35,1601.35,1601.35,1601.35,0.0,32.12,51119.12,0
2025-06-29,2025-06-29 14:03:00,1601.35,1601.35,1601.34,1601.34,-0.0,32.12,51119.12,-1
2025-06-29,2025-06-29 14:04:00,1601.34,1601.34,1601.33,1601.33,-0.0,32.12,51119.12,-1
2025-06-29,2025-06-29 14:05:00,1601.33,1601.33,1601.32,1601.32,-0.0,32.12,51119.12,-1
2025-06-29,2025-06-29 14:06:00,1601.32,1601.32,1601.31,1601.31,-0.0,32.12,51119.12,-1
2025-06-29,2025-06-29 14:07:00,1601.31,1601.31,1601.3,1601.3,-0.0,32.12,51119.12,-1
2025-06-29,2025-06-29 14:08:00,1601.3,1601.3,1601.29,1601.29,-0.0,32.12,51119.12,-1
2025-06-29,2025-06-29 14:09:00,1601.29,1601.29,1601.28,1601.28,-0.0,32.12,51119.12,-1
2025-06-29,2025-06-29 14:10:00,1601.28,1601.28,1601.27,1601.27,-0.0,32.12,51119.12,-1
2025-06-29,2025-06-29 14:11:00,1601.27,1601.27,1601.26,1601.26,-0.0,32.12,51119.12,-1
2025-06-29,2025-06-29 14:12:00,1601.26,1601.26,1601.25,1601.25,-0.0,32.12,51119.12,-1
2025-06-29,2025-06-29 14:13:00,1601.25,1601.25,1601.25,1601.25,0.0,32.12,51119.12,0
2025-06-29,2025-06-29 14:14:00,1601.25,1601.25,1601.24,1601.24,-0.0,32.12,51119.12,-1
2025-06-29,2025-06-29 14:15:00,1601.24,1601.24,1601.23,1601.23,-0.0,32.12,51119.12,-1
2025-06-29,2025-06-29 14:16:00,1601.23,1601.23,1601.22,1601.22,-0.0,32.12,51119.12,-1
2025-06-29,2025-06-29 14:17:00,1601.22,1601.22,1601.21,1601.21,-0.0,32.12,51119.12,-1
2025-06-29,2025-06-29 14:18:00,1601.21,1601.21,1601.2,1601.2,-0.0,32.12,51119.12,-1
2025-06-29,2025-06-29 14:19:00,1601.2,1601.2,1601.19,1601.19,-0.0,32.12,51119.12,-1
2025-06-29,2025-06-29 14:20:00,1601.19,1601.19,1601.18,1601.18,-0.0,32.12,51119.12,-1
2025-06-29,2025-06-29 14:21:00,1601.18,1601.18,1601.17,1601.17,-0.0,32.12,51119.12,-1
2025-06-29,2025-06-29 14:22:00,1601.17,1601.17,1601.16,1601.16,-0.0,32.12,51119.12,-1
2025-06-29,2025-06-29 14:23:00,1601.16,1601.16,1601.16,1601.16,0.0,32.12,51119.12,0
2025-06-29,2025-06-29 14:24:00,1601.16,1601.16,1601.15,1601.15,-0.0,32.12,51119.12,-1
2025-06-29,2025-06-29 14:25:00,1601.15,1601.15,1601.14,1601.14,-0.0,32.12,51119.12,-1
2025-06-29,2025-06-29 14:26:00,1601.14,1601.14,1601.13,1601.13,-0.0,32.12,51119.12,-1
2025-06-29,2025-06-29 14:27:00,1601.13,1601.13,1601.12,1601.12,-0.0,32.12,51119.12,-1
2025-06-29,2025-06-29 14:28:00,1601.12,1601.12,1601.11,1601.11,-0.0,32.12,51119.12,-1
2025-06-29,2025-06-29 14:29:00,1601.11,1601.11,1601.1,1601.1,-0.0,32.12,51119.12,-1
2025-06-29,2025-06-29 14:30:00,1601.1,1601.1,1601.09,1601.09,-0.0,32.12,51119.12,-1
2025-06-29,2025-06-29 14:31:00,1601.09,1601.09,1601.08,1601.08,-0.0,32.12,51119.12,-1
2025-06-29,2025-06-29 14:32:00,1601.08,1601.08,1601.07,1601.07,-0.0,32.12,51119.12,-1
2025-06-29,2025-06-29 14:33:00,1601.07,1601.07,1601.07,1601.07,0.0,32.12,51119.12,0
2025-06-29,2025-06-29 14:34:00,1601.07,1601.07,1601.06,1601.06,-0.0,32.12,51119.12,-1
2025-06-29,2025-06-29 14:35:00,1601.06,1601.06,1601.05,1601.05,-0.0,32.12,51119.12,-1
2025-06-29,2025-06-29 14:36:00,1601.05,1601.05,1601.04,1601.04,-0.0,32.12,51119.12,-1
2025-06-29,2025-06-29 14:37:00,1601.04,1601.04,1601.03,1601.03,-0.0,32.12,51119.12,-1
2025-06-29,2025-06-29 14:38:00,1601.03,1601.03,1601.02,1601.02,-0.0,32.12,51119.12,-1
2025-06-29,2025-06-29 14:39:00,1601.02,1601.02,1601.01,1601.01,-0.0,32.12,51119.12,-1
2025-06-29,2025-06-29 14:40:00,1601.01,1601.01,1601.0,1601.0,-0.0,32.12,51119.12,-1
2025-06-29,2025-06-29 14:41:00,1601.0,1601.0,1600.99,1600.99,-0.0,32.12,51119.12,-1
2025-06-29,2025-06-29 14:42:00,1600.99,1600.99,1600.98,1600.98,-0.0,32.12,51119.12,-1
2025-06-29,2025-06-29 14:43:00,1600.98,1600.98,1600.97,1600.97,-0.0,32.12,51119.12,-1
2025-06-29,2025-06-29 14:44:00,1600.97,1600.97,1600.97,1600.97,0.0,32.12,51119.12,0
2025-06-29,2025-06-29 14:45:00,1600.97,1600.97,1600.96,1600.96,-0.0,32.12,51119.12,-1
2025-06-29,2025-06-29 14:46:00,1600.96,1600.96,1600.95,1600.95,-0.0,32.12,51119.12,-1
2025-06-29,2025-06-29 14:47:00,1600.95,1600.95,1600.94,1600.94,-0.0,32.12,51119.12,-1
2025-06-29,2025-06-29 14:48:00,1600.94,1600.94,1600.93,1600.93,-0.0,32.12,51119.12,-1
2025-06-29,2025-06-29 14:49:00,1600.93,1600.93,1600.92,1600.92,-0.0,32.12,51119.12,-1
2025-06-29,2025-06-29 14:50:00,1600.92,1600.92,1600.91,1600.91,-0.0,32.12,51119.12,-1
2025-06-29,2025-06-29 14:51:00,1600.91,1600.91,1600.9,1600.9,-0.0,32.12,51119.12,-1
2025-06-29,2025-06-29 14:52:00,1600.9,1600.9,1600.89,1600.89,-0.0,32.12,51119.12,-1
2025-06-29,2025-06-29 14:53:00,1600.89,1600.89,1600.88,1600.88,-0.0,32.12,51119.12,-1
2025-06-29,2025-06-29 14:54:00,1600.88,1600.88,1600.88,1600.88,0.0,32.12,51119.12,0
2025-06-29,2025-06-29 14:55:00,1600.88,1600.88,1600.87,1600.87,-0.0,32.12,51119.12,-1
2025-06-29,2025-06-29 14:56:00,1600.87,1600.87,1600.86,1600.86,-0.0,32.12,51119.12,-1
2025-06-29,2025-06-29 14:57:00,1600.86,1600.86,1600.85,1600.85,-0.0,32.12,51119.12,-1
2025-06-29,2025-06-29 14:58:00,1600.85,1600.85,1600.84,1600.84,-0.0,32.12,51119.12,-1
2025-06-29,2025-06-29 14:59:00,1600.84,1600.84,1600.83,1600.83,-0.0,32.12,51119.12,-1
2025-06-29,2025-06-29 15:00:00,1600.83,1607.0,1571.0,1600.83,0.0,32.12,51119.12,0
2025-06-30,2025-06-30 11:00:00,1628.8,1639.78,1620.79,1628.75,-0.0,10.81,17514.66,-1
2025-06-30,2025-06-30 11:01:00,1628.75,1628.75,1628.7,1628.7,-0.0,10.81,17514.66,-1
2025-06-30,2025-06-30 11:02:00,1628.7,1628.7,1628.66,1628.66,-0.0,10.81,17514.66,-1
2025-06-30,2025-06-30 11:03:00,1628.66,1628.66,1628.61,1628.61,-0.0,10.81,17514.66,-1
2025-06-30,2025-06-30 11:04:00,1628.61,1628.61,1628.56,1628.56,-0.0,10.81,17514.66,-1
2025-06-30,2025-06-30 11:05:00,1628.56,1628.56,1628.51,1628.51,-0.0,10.81,17514.66,-1
2025-06-30,2025-06-30 11:06:00,1628.51,1628.51,1628.46,1628.46,-0.0,10.81,17514.66,-1
2025-06-30,2025-06-30 11:07:00,1628.46,1628.46,1628.41,1628.41,-0.0,10.81,17514.66,-1
2025-06-30,2025-06-30 11:08:00,1628.41,1628.41,1628.37,1628.37,-0.0,10.81,17514.66,-1
2025-06-30,2025-06-30 11:09:00,1628.37,1628.37,1628.32,1628.32,-0.0,10.81,17514.66,-1
2025-06-30,2025-06-30 11:10:00,1628.32,1628.32,1628.27,1628.27,-0.0,10.81,17514.66,-1
2025-06-30,2025-06-30 11:11:00,1628.27,1628.27,1628.22,1628.22,-0.0,10.81,17514.66,-1
2025-06-30,2025-06-30 11:12:00,1628.22,1628.22,1628.17,1628.17,-0.0,10.81,17514.66,-1
2025-06-30,2025-06-30 11:13:00,1628.17,1628.17,1628.12,1628.12,-0.0,10.81,17514.66,-1
2025-06-30,2025-06-30 11:14:00,1628.12,1628.12,1628.08,1628.08,-0.0,10.81,17514.66,-1
2025-06-30,2025-06-30 11:15:00,1628.08,1628.08,1628.03,1628.03,-0.0,10.81,17514.66,-1
2025-06-30,2025-06-30 11:16:00,1628.03,1628.03,1627.98,1627.98,-0.0,10.81,17514.66,-1
2025-06-30,2025-06-30 11:17:00,1627.98,1627.98,1627.93,1627.93,-0.0,10.81,17514.66,-1
2025-06-30,2025-06-30 11:18:00,1627.93,1627.93,1627.88,1627.88,-0.0,10.81,17514.66,-1
2025-06-30,2025-06-30 11:19:00,1627.88,1627.88,1627.83,1627.83,-0.0,10.81,17514.66,-1
2025-06-30,2025-06-30 11:20:00,1627.83,1627.83,1627.79,1627.79,-0.0,10.81,17514.66,-1
2025-06-30,2025-06-30 11:21:00,1627.79,1627.79,1627.74,1627.74,-0.0,10.81,17514.66,-1
2025-06-30,2025-06-30 11:22:00,1627.74,1627.74,1627.69,1627.69,-0.0,10.81,17514.66,-1
2025-06-30,2025-06-30 11:23:00,1627.69,1627.69,1627.64,1627.64,-0.0,10.81,17514.66,-1
2025-06-30,2025-06-30 11:24:00,1627.64,1627.64,1627.59,1627.59,-0.0,10.81,17514.66,-1
2025-06-30,2025-06-30 11:25:00,1627.59,1627.59,1627.54,1627.54,-0.0,10.81,17514.66,-1
2025-06-30,2025-06-30 11:26:00,1627.54,1627.54,1627.5,1627.5,-0.0,10.81,17514.66,-1
2025-06-30,2025-06-30 11:27:00,1627.5,1627.5,1627.45,1627.45,-0.0,10.81,17514.66,-1
2025-06-30,2025-06-30 11:28:00,1627.45,1627.45,1627.4,1627.4,-0.0,10.81,17514.66,-1
2025-06-30,2025-06-30 11:29:00,1627.4,1627.4,1627.35,1627.35,-0.0,10.81,17514.66,-1
2025-06-30,2025-06-30 11:30:00,1627.35,1627.35,1627.3,1627.3,-0.0,10.81,17514.66,-1
2025-06-30,2025-06-30 11:31:00,1627.3,1627.3,1627.25,1627.25,-0.0,10.81,17514.66,-1
2025-06-30,2025-06-30 11:32:00,1627.25,1627.25,1627.21,1627.21,-0.0,10.81,17514.66,-1
2025-06-30,2025-06-30 11:33:00,1627.21,1627.21,1627.16,1627.16,-0.0,10.81,17514.66,-1
2025-06-30,2025-06-30 11:34:00,1627.16,1627.16,1627.11,1627.11,-0.0,10.81,17514.66,-1
2025-06-30,2025-06-30 11:35:00,1627.11,1627.11,1627.06,1627.06,-0.0,10.81,17514.66,-1
2025-06-30,2025-06-30 11:36:00,1627.06,1627.06,1627.01,1627.01,-0.0,10.81,17514.66,-1
2025-06-30,2025-06-30 11:37:00,1627.01,1627.01,1626.96,1626.96,-0.0,10.81,17514.66,-1
2025-06-30,2025-06-30 11:38:00,1626.96,1626.96,1626.92,1626.92,-0.0,10.81,17514.66,-1
2025-06-30,2025-06-30 11:39:00,1626.92,1626.92,1626.87,1626.87,-0.0,10.81,17514.66,-1
2025-06-30,2025-06-30 11:40:00,1626.87,1626.87,1626.82,1626.82,-0.0,10.81,17514.66,-1
2025-06-30,2025-06-30 11:41:00,1626.82,1626.82,1626.77,1626.77,-0.0,10.81,17514.66,-1
2025-06-30,2025-06-30 11:42:00,1626.77,1626.77,1626.72,1626.72,-0.0,10.81,17514.66,-1
2025-06-30,2025-06-30 11:43:00,1626.72,1626.72,1626.68,1626.68,-0.0,10.81,17514.66,-1
2025-06-30,2025-06-30 11:44:00,1626.68,1626.68,1626.63,1626.63,-0.0,10.81,17514.66,-1
2025-06-30,2025-06-30 11:45:00,1626.63,1626.63,1626.58,1626.58,-0.0,10.81,17514.66,-1
2025-06-30,2025-06-30 11:46:00,1626.58,1626.58,1626.53,1626.53,-0.0,10.81,17514.66,-1
2025-06-30,2025-06-30 11:47:00,1626.53,1626.53,1626.48,1626.48,-0.0,10.81,17514.66,-1
2025-06-30,2025-06-30 11:48:00,1626.48,1626.48,1626.43,1626.43,-0.0,10.81,17514.66,-1
2025-06-30,2025-06-30 11:49:00,1626.43,1626.43,1626.39,1626.39,-0.0,10.81,17514.66,-1
2025-06-30,2025-06-30 11:50:00,1626.39,1626.39,1626.34,1626.34,-0.0,10.81,17514.66,-1
2025-06-30,2025-06-30 11:51:00,1626.34,1626.34,1626.29,1626.29,-0.0,10.81,17514.66,-1
2025-06-30,2025-06-30 11:52:00,1626.29,1626.29,1626.24,1626.24,-0.0,10.81,17514.66,-1
2025-06-30,2025-06-30 11:53:00,1626.24,1626.24,1626.19,1626.19,-0.0,10.81,17514.66,-1
2025-06-30,2025-06-30 11:54:00,1626.19,1626.19,1626.14,1626.14,-0.0,10.81,17514.66,-1
2025-06-30,2025-06-30 11:55:00,1626.14,1626.14,1626.1,1626.1,-0.0,10.81,17514.66,-1
2025-06-30,2025-06-30 11:56:00,1626.1,1626.1,1626.05,1626.05,-0.0,10.81,17514.66,-1
2025-06-30,2025-06-30 11:57:00,1626.05,1626.05,1626.0,1626.0,-0.0,10.81,17514.66,-1
2025-06-30,2025-06-30 11:58:00,1626.0,1626.0,1625.95,1625.95,-0.0,10.81,17514.66,-1
2025-06-30,2025-06-30 11:59:00,1625.95,1625.95,1625.9,1625.9,-0.0,10.81,17514.66,-1
2025-06-30,2025-06-30 12:00:00,1625.9,1625.9,1625.85,1625.85,-0.0,10.81,17514.66,-1
2025-06-30,2025-06-30 12:01:00,1625.85,1625.85,1625.81,1625.81,-0.0,10.81,17514.66,-1
2025-06-30,2025-06-30 12:02:00,1625.81,1625.81,1625.76,1625.76,-0.0,10.81,17514.66,-1
2025-06-30,2025-06-30 12:03:00,1625.76,1625.76,1625.71,1625.71,-0.0,10.81,17514.66,-1
2025-06-30,2025-06-30 12:04:00,1625.71,1625.71,1625.66,1625.66,-0.0,10.81,17514.66,-1
2025-06-30,2025-06-30 12:05:00,1625.66,1625.66,1625.61,1625.61,-0.0,10.81,17514.66,-1
2025-06-30,2025-06-30 12:06:00,1625.61,1625.61,1625.56,1625.56,-0.0,10.81,17514.66,-1
2025-06-30,2025-06-30 12:07:00,1625.56,1625.56,1625.52,1625.52,-0.0,10.81,17514.66,-1
2025-06-30,2025-06-30 12:08:00,1625.52,1625.52,1625.47,1625.47,-0.0,10.81,17514.66,-1
2025-06-30,2025-06-30 12:09:00,1625.47,1625.47,1625.42,1625.42,-0.0,10.81,17514.66,-1
2025-06-30,2025-06-30 12:10:00,1625.42,1625.42,1625.37,1625.37,-0.0,10.81,17514.66,-1
2025-06-30,2025-06-30 12:11:00,1625.37,1625.37,1625.32,1625.32,-0.0,10.81,17514.66,-1
2025-06-30,2025-06-30 12:12:00,1625.32,1625.32,1625.27,1625.27,-0.0,10.81,17514.66,-1
2025-06-30,2025-06-30 12:13:00,1625.27,1625.27,1625.23,1625.23,-0.0,10.81,17514.66,-1
2025-06-30,2025-06-30 12:14:00,1625.23,1625.23,1625.18,1625.18,-0.0,10.81,17514.66,-1
2025-06-30,2025-06-30 12:15:00,1625.18,1625.18,1625.13,1625.13,-0.0,10.81,17514.66,-1
2025-06-30,2025-06-30 12:16:00,1625.13,1625.13,1625.08,1625.08,-0.0,10.81,17514.66,-1
2025-06-30,2025-06-30 12:17:00,1625.08,1625.08,1625.03,1625.03,-0.0,10.81,17514.66,-1
2025-06-30,2025-06-30 12:18:00,1625.03,1625.03,1624.98,1624.98,-0.0,10.81,17514.66,-1
2025-06-30,2025-06-30 12:19:00,1624.98,1624.98,1624.94,1624.94,-0.0,10.81,17514.66,-1
2025-06-30,2025-06-30 12:20:00,1624.94,1624.94,1624.89,1624.89,-0.0,10.81,17514.66,-1
2025-06-30,2025-06-30 12:21:00,1624.89,1624.89,1624.84,1624.84,-0.0,10.81,17514.66,-1
2025-06-30,2025-06-30 12:22:00,1624.84,1624.84,1624.79,1624.79,-0.0,10.81,17514.66,-1
2025-06-30,2025-06-30 12:23:00,1624.79,1624.79,1624.74,1624.74,-0.0,10.81,17514.66,-1
2025-06-30,2025-06-30 12:24:00,1624.74,1624.74,1624.7,1624.7,-0.0,10.81,17514.66,-1
2025-06-30,2025-06-30 12:25:00,1624.7,1624.7,1624.65,1624.65,-0.0,10.81,17514.66,-1
2025-06-30,2025-06-30 12:26:00,1624.65,1624.65,1624.6,1624.6,-0.0,10.81,17514.66,-1
2025-06-30,2025-06-30 12:27:00,1624.6,1624.6,1624.55,1624.55,-0.0,10.81,17514.66,-1
2025-06-30,2025-06-30 12:28:00,1624.55,1624.55,1624.5,1624.5,-0.0,10.81,17514.66,-1
2025-06-30,2025-06-30 12:29:00,1624.5,1624.5,1624.45,1624.45,-0.0,10.81,17514.66,-1
2025-06-30,2025-06-30 12:30:00,1624.45,1624.45,1624.41,1624.41,-0.0,10.81,17514.66,-1
2025-06-30,2025-06-30 12:31:00,1624.41,1624.41,1624.36,1624.36,-0.0,10.81,17514.66,-1
2025-06-30,2025-06-30 12:32:00,1624.36,1624.36,1624.31,1624.31,-0.0,10.81,17514.66,-1
2025-06-30,2025-06-30 12:33:00,1624.31,1624.31,1624.26,1624.26,-0.0,10.81,17514.66,-1
2025-06-30,2025-06-30 12:34:00,1624.26,1624.26,1624.21,1624.21,-0.0,10.81,17514.66,-1
2025-06-30,2025-06-30 12:35:00,1624.21,1624.21,1624.16,1624.16,-0.0,10.81,17514.66,-1
2025-06-30,2025-06-30 12:36:00,1624.16,1624.16,1624.12,1624.12,-0.0,10.81,17514.66,-1
2025-06-30,2025-06-30 12:37:00,1624.12,1624.12,1624.07,1624.07,-0.0,10.81,17514.66,-1
2025-06-30,2025-06-30 12:38:00,1624.07,1624.07,1624.02,1624.02,-0.0,10.81,17514.66,-1
2025-06-30,2025-06-30 12:39:00,1624.02,1624.02,1623.97,1623.97,-0.0,10.81,17514.66,-1
2025-06-30,2025-06-30 12:40:00,1623.97,1623.97,1623.92,1623.92,-0.0,10.81,17514.66,-1
2025-06-30,2025-06-30 12:41:00,1623.92,1623.92,1623.87,1623.87,-0.0,10.81,17514.66,-1
2025-06-30,2025-06-30 12:42:00,1623.87,1623.87,1623.83,1623.83,-0.0,10.81,17514.66,-1
2025-06-30,2025-06-30 12:43:00,1623.83,1623.83,1623.78,1623.78,-0.0,10.81,17514.66,-1
2025-06-30,2025-06-30 12:44:00,1623.78,1623.78,1623.73,1623.73,-0.0,10.81,17514.66,-1
2025-06-30,2025-06-30 12:45:00,1623.73,1623.73,1623.68,1623.68,-0.0,10.81,17514.66,-1
2025-06-30,2025-06-30 12:46:00,1623.68,1623.68,1623.63,1623.63,-0.0,10.81,17514.66,-1
2025-06-30,2025-06-30 12:47:00,1623.63,1623.63,1623.58,1623.58,-0.0,10.81,17514.66,-1
2025-06-30,2025-06-30 12:48:00,1623.58,1623.58,1623.54,1623.54,-0.0,10.81,17514.66,-1
2025-06-30,2025-06-30 12:49:00,1623.54,1623.54,1623.49,1623.49,-0.0,10.81,17514.66,-1
2025-06-30,2025-06-30 12:50:00,1623.49,1623.49,1623.44,1623.44,-0.0,10.81,17514.66,-1
2025-06-30,2025-06-30 12:51:00,1623.44,1623.44,1623.39,1623.39,-0.0,10.81,17514.66,-1
2025-06-30,2025-06-30 12:52:00,1623.39,1623.39,1623.34,1623.34,-0.0,10.81,17514.66,-1
2025-06-30,2025-06-30 12:53:00,1623.34,1623.34,1623.29,1623.29,-0.0,10.81,17514.66,-1
2025-06-30,2025-06-30 12:54:00,1623.29,1623.29,1623.25,1623.25,-0.0,10.81,17514.66,-1
2025-06-30,2025-06-30 12:55:00,1623.25,1623.25,1623.2,1623.2,-0.0,10.81,17514.66,-1
2025-06-30,2025-06-30 12:56:00,1623.2,1623.2,1623.15,1623.15,-0.0,10.81,17514.66,-1
2025-06-30,2025-06-30 12:57:00,1623.15,1623.15,1623.1,1623.1,-0.0,10.81,17514.66,-1
2025-06-30,2025-06-30 12:58:00,1623.1,1623.1,1623.05,1623.05,-0.0,10.81,17514.66,-1
2025-06-30,2025-06-30 12:59:00,1623.05,1623.05,1623.01,1623.01,-0.0,10.81,17514.66,-1
2025-06-30,2025-06-30 13:00:00,1623.01,1665.4,1602.1,1622.96,-0.0,10.81,17514.66,-1
2025-06-30,2025-06-30 13:01:00,1622.96,1622.96,1622.91,1622.91,-0.0,10.81,17514.66,-1
2025-06-30,2025-06-30 13:02:00,1622.91,1622.91,1622.86,1622.86,-0.0,10.81,17514.66,-1
2025-06-30,2025-06-30 13:03:00,1622.86,1622.86,1622.81,1622.81,-0.0,10.81,17514.66,-1
2025-06-30,2025-06-30 13:04:00,1622.81,1622.81,1622.76,1622.76,-0.0,10.81,17514.66,-1
2025-06-30,2025-06-30 13:05:00,1622.76,1622.76,1622.72,1622.72,-0.0,10.81,17514.66,-1
2025-06-30,2025-06-30 13:06:00,1622.72,1622.72,1622.67,1622.67,-0.0,10.81,17514.66,-1
2025-06-30,2025-06-30 13:07:00,1622.67,1622.67,1622.62,1622.62,-0.0,10.81,17514.66,-1
2025-06-30,2025-06-30 13:08:00,1622.62,1622.62,1622.57,1622.57,-0.0,10.81,17514.66,-1
2025-06-30,2025-06-30 13:09:00,1622.57,1622.57,1622.52,1622.52,-0.0,10.81,17514.66,-1
2025-06-30,2025-06-30 13:10:00,1622.52,1622.52,1622.47,1622.47,-0.0,10.81,17514.66,-1
2025-06-30,2025-06-30 13:11:00,1622.47,1622.47,1622.43,1622.43,-0.0,10.81,17514.66,-1
2025-06-30,2025-06-30 13:12:00,1622.43,1622.43,1622.38,1622.38,-0.0,10.81,17514.66,-1
2025-06-30,2025-06-30 13:13:00,1622.38,1622.38,1622.33,1622.33,-0.0,10.81,17514.66,-1
2025-06-30,2025-06-30 13:14:00,1622.33,1622.33,1622.28,1622.28,-0.0,10.81,17514.66,-1
2025-06-30,2025-06-30 13:15:00,1622.28,1622.28,1622.23,1622.23,-0.0,10.81,17514.66,-1
2025-06-30,2025-06-30 13:16:00,1622.23,1622.23,1622.18,1622.18,-0.0,10.81,17514.66,-1
2025-06-30,2025-06-30 13:17:00,1622.18,1622.18,1622.14,1622.14,-0.0,10.81,17514.66,-1
2025-06-30,2025-06-30 13:18:00,1622.14,1622.14,1622.09,1622.09,-0.0,10.81,17514.66,-1
2025-06-30,2025-06-30 13:19:00,1622.09,1622.09,1622.04,1622.04,-0.0,10.81,17514.66,-1
2025-06-30,2025-06-30 13:20:00,1622.04,1622.04,1621.99,1621.99,-0.0,10.81,17514.66,-1
2025-06-30,2025-06-30 13:21:00,1621.99,1621.99,1621.94,1621.94,-0.0,10.81,17514.66,-1
2025-06-30,2025-06-30 13:22:00,1621.94,1621.94,1621.89,1621.89,-0.0,10.81,17514.66,-1
2025-06-30,2025-06-30 13:23:00,1621.89,1621.89,1621.85,1621.85,-0.0,10.81,17514.66,-1
2025-06-30,2025-06-30 13:24:00,1621.85,1621.85,1621.8,1621.8,-0.0,10.81,17514.66,-1
2025-06-30,2025-06-30 13:25:00,1621.8,1621.8,1621.75,1621.75,-0.0,10.81,17514.66,-1
2025-06-30,2025-06-30 13:26:00,1621.75,1621.75,1621.7,1621.7,-0.0,10.81,17514.66,-1
2025-06-30,2025-06-30 13:27:00,1621.7,1621.7,1621.65,1621.65,-0.0,10.81,17514.66,-1
2025-06-30,2025-06-30 13:28:00,1621.65,1621.65,1621.6,1621.6,-0.0,10.81,17514.66,-1
2025-06-30,2025-06-30 13:29:00,1621.6,1621.6,1621.56,1621.56,-0.0,10.81,17514.66,-1
2025-06-30,2025-06-30 13:30:00,1621.56,1621.56,1621.51,1621.51,-0.0,10.81,17514.66,-1
2025-06-30,2025-06-30 13:31:00,1621.51,1621.51,1621.46,1621.46,-0.0,10.81,17514.66,-1
2025-06-30,2025-06-30 13:32:00,1621.46,1621.46,1621.41,1621.41,-0.0,10.81,17514.66,-1
2025-06-30,2025-06-30 13:33:00,1621.41,1621.41,1621.36,1621.36,-0.0,10.81,17514.66,-1
2025-06-30,2025-06-30 13:34:00,1621.36,1621.36,1621.31,1621.31,-0.0,10.81,17514.66,-1
2025-06-30,2025-06-30 13:35:00,1621.31,1621.31,1621.27,1621.27,-0.0,10.81,17514.66,-1
2025-06-30,2025-06-30 13:36:00,1621.27,1621.27,1621.22,1621.22,-0.0,10.81,17514.66,-1
2025-06-30,2025-06-30 13:37:00,1621.22,1621.22,1621.17,1621.17,-0.0,10.81,17514.66,-1
2025-06-30,2025-06-30 13:38:00,1621.17,1621.17,1621.12,1621.12,-0.0,10.81,17514.66,-1
2025-06-30,2025-06-30 13:39:00,1621.12,1621.12,1621.07,1621.07,-0.0,10.81,17514.66,-1
2025-06-30,2025-06-30 13:40:00,1621.07,1621.07,1621.03,1621.03,-0.0,10.81,17514.66,-1
2025-06-30,2025-06-30 13:41:00,1621.03,1621.03,1620.98,1620.98,-0.0,10.81,17514.66,-1
2025-06-30,2025-06-30 13:42:00,1620.98,1620.98,1620.93,1620.93,-0.0,10.81,17514.66,-1
2025-06-30,2025-06-30 13:43:00,1620.93,1620.93,1620.88,1620.88,-0.0,10.81,17514.66,-1
2025-06-30,2025-06-30 13:44:00,1620.88,1620.88,1620.83,1620.83,-0.0,10.81,17514.66,-1
2025-06-30,2025-06-30 13:45:00,1620.83,1620.83,1620.78,1620.78,-0.0,10.81,17514.66,-1
2025-06-30,2025-06-30 13:46:00,1620.78,1620.78,1620.74,1620.74,-0.0,10.81,17514.66,-1
2025-06-30,2025-06-30 13:47:00,1620.74,1620.74,1620.69,1620.69,-0.0,10.81,17514.66,-1
2025-06-30,2025-06-30 13:48:00,1620.69,1620.69,1620.64,1620.64,-0.0,10.81,17514.66,-1
2025-06-30,2025-06-30 13:49:00,1620.64,1620.64,1620.59,1620.59,-0.0,10.81,17514.66,-1
2025-06-30,2025-06-30 13:50:00,1620.59,1620.59,1620.54,1620.54,-0.0,10.81,17514.66,-1
2025-06-30,2025-06-30 13:51:00,1620.54,1620.54,1620.49,1620.49,-0.0,10.81,17514.66,-1
2025-06-30,2025-06-30 13:52:00,1620.49,1620.49,1620.45,1620.45,-0.0,10.81,17514.66,-1
2025-06-30,2025-06-30 13:53:00,1620.45,1620.45,1620.4,1620.4,-0.0,10.81,17514.66,-1
2025-06-30,2025-06-30 13:54:00,1620.4,1620.4,1620.35,1620.35,-0.0,10.81,17514.66,-1
2025-06-30,2025-06-30 13:55:00,1620.35,1620.35,1620.3,1620.3,-0.0,10.81,17514.66,-1
2025-06-30,2025-06-30 13:56:00,1620.3,1620.3,1620.25,1620.25,-0.0,10.81,17514.66,-1
2025-06-30,2025-06-30 13:57:00,1620.25,1620.25,1620.2,1620.2,-0.0,10.81,17514.66,-1
2025-06-30,2025-06-30 13:58:00,1620.2,1620.2,1620.16,1620.16,-0.0,10.81,17514.66,-1
2025-06-30,2025-06-30 13:59:00,1620.16,1620.16,1620.11,1620.11,-0.0,10.81,17514.66,-1
2025-06-30,2025-06-30 14:00:00,1620.11,1620.11,1620.06,1620.06,-0.0,10.81,17514.66,-1
2025-06-30,2025-06-30 14:01:00,1620.06,1620.06,1620.01,1620.01,-0.0,10.81,17514.66,-1
2025-06-30,2025-06-30 14:02:00,1620.01,1620.01,1619.96,1619.96,-0.0,10.81,17514.66,-1
2025-06-30,2025-06-30 14:03:00,1619.96,1619.96,1619.91,1619.91,-0.0,10.81,17514.66,-1
2025-06-30,2025-06-30 14:04:00,1619.91,1619.91,1619.87,1619.87,-0.0,10.81,17514.66,-1
2025-06-30,2025-06-30 14:05:00,1619.87,1619.87,1619.82,1619.82,-0.0,10.81,17514.66,-1
2025-06-30,2025-06-30 14:06:00,1619.82,1619.82,1619.77,1619.77,-0.0,10.81,17514.66,-1
2025-06-30,2025-06-30 14:07:00,1619.77,1619.77,1619.72,1619.72,-0.0,10.81,17514.66,-1
2025-06-30,2025-06-30 14:08:00,1619.72,1619.72,1619.67,1619.67,-0.0,10.81,17514.66,-1
2025-06-30,2025-06-30 14:09:00,1619.67,1619.67,1619.62,1619.62,-0.0,10.81,17514.66,-1
2025-06-30,2025-06-30 14:10:00,1619.62,1619.62,1619.58,1619.58,-0.0,10.81,17514.66,-1
2025-06-30,2025-06-30 14:11:00,1619.58,1619.58,1619.53,1619.53,-0.0,10.81,17514.66,-1
2025-06-30,2025-06-30 14:12:00,1619.53,1619.53,1619.48,1619.48,-0.0,10.81,17514.66,-1
2025-06-30,2025-06-30 14:13:00,1619.48,1619.48,1619.43,1619.43,-0.0,10.81,17514.66,-1
2025-06-30,2025-06-30 14:14:00,1619.43,1619.43,1619.38,1619.38,-0.0,10.81,17514.66,-1
2025-06-30,2025-06-30 14:15:00,1619.38,1619.38,1619.33,1619.33,-0.0,10.81,17514.66,-1
2025-06-30,2025-06-30 14:16:00,1619.33,1619.33,1619.29,1619.29,-0.0,10.81,17514.66,-1
2025-06-30,2025-06-30 14:17:00,1619.29,1619.29,1619.24,1619.24,-0.0,10.81,17514.66,-1
2025-06-30,2025-06-30 14:18:00,1619.24,1619.24,1619.19,1619.19,-0.0,10.81,17514.66,-1
2025-06-30,2025-06-30 14:19:00,1619.19,1619.19,1619.14,1619.14,-0.0,10.81,17514.66,-1
2025-06-30,2025-06-30 14:20:00,1619.14,1619.14,1619.09,1619.09,-0.0,10.81,17514.66,-1
2025-06-30,2025-06-30 14:21:00,1619.09,1619.09,1619.05,1619.05,-0.0,10.81,17514.66,-1
2025-06-30,2025-06-30 14:22:00,1619.05,1619.05,1619.0,1619.0,-0.0,10.81,17514.66,-1
2025-06-30,2025-06-30 14:23:00,1619.0,1619.0,1618.95,1618.95,-0.0,10.81,17514.66,-1
2025-06-30,2025-06-30 14:24:00,1618.95,1618.95,1618.9,1618.9,-0.0,10.81,17514.66,-1
2025-06-30,2025-06-30 14:25:00,1618.9,1618.9,1618.85,1618.85,-0.0,10.81,17514.66,-1
2025-06-30,2025-06-30 14:26:00,1618.85,1618.85,1618.8,1618.8,-0.0,10.81,17514.66,-1
2025-06-30,2025-06-30 14:27:00,1618.8,1618.8,1618.76,1618.76,-0.0,10.81,17514.66,-1
2025-06-30,2025-06-30 14:28:00,1618.76,1618.76,1618.71,1618.71,-0.0,10.81,17514.66,-1
2025-06-30,2025-06-30 14:29:00,1618.71,1618.71,1618.66,1618.66,-0.0,10.81,17514.66,-1
2025-06-30,2025-06-30 14:30:00,1618.66,1618.66,1618.61,1618.61,-0.0,10.81,17514.66,-1
2025-06-30,2025-06-30 14:31:00,1618.61,1618.61,1618.56,1618.56,-0.0,10.81,17514.66,-1
2025-06-30,2025-06-30 14:32:00,1618.56,1618.56,1618.51,1618.51,-0.0,10.81,17514.66,-1
2025-06-30,2025-06-30 14:33:00,1618.51,1618.51,1618.47,1618.47,-0.0,10.81,17514.66,-1
2025-06-30,2025-06-30 14:34:00,1618.47,1618.47,1618.42,1618.42,-0.0,10.81,17514.66,-1
2025-06-30,2025-06-30 14:35:00,1618.42,1618.42,1618.37,1618.37,-0.0,10.81,17514.66,-1
2025-06-30,2025-06-30 14:36:00,1618.37,1618.37,1618.32,1618.32,-0.0,10.81,17514.66,-1
2025-06-30,2025-06-30 14:37:00,1618.32,1618.32,1618.27,1618.27,-0.0,10.81,17514.66,-1
2025-06-30,2025-06-30 14:38:00,1618.27,1618.27,1618.22,1618.22,-0.0,10.81,17514.66,-1
2025-06-30,2025-06-30 14:39:00,1618.22,1618.22,1618.18,1618.18,-0.0,10.81,17514.66,-1
2025-06-30,2025-06-30 14:40:00,1618.18,1618.18,1618.13,1618.13,-0.0,10.81,17514.66,-1
2025-06-30,2025-06-30 14:41:00,1618.13,1618.13,1618.08,1618.08,-0.0,10.81,17514.66,-1
2025-06-30,2025-06-30 14:42:00,1618.08,1618.08,1618.03,1618.03,-0.0,10.81,17514.66,-1
2025-06-30,2025-06-30 14:43:00,1618.03,1618.03,1617.98,1617.98,-0.0,10.81,17514.66,-1
2025-06-30,2025-06-30 14:44:00,1617.98,1617.98,1617.93,1617.93,-0.0,10.81,17514.66,-1
2025-06-30,2025-06-30 14:45:00,1617.93,1617.93,1617.89,1617.89,-0.0,10.81,17514.66,-1
2025-06-30,2025-06-30 14:46:00,1617.89,1617.89,1617.84,1617.84,-0.0,10.81,17514.66,-1
2025-06-30,2025-06-30 14:47:00,1617.84,1617.84,1617.79,1617.79,-0.0,10.81,17514.66,-1
2025-06-30,2025-06-30 14:48:00,1617.79,1617.79,1617.74,1617.74,-0.0,10.81,17514.66,-1
2025-06-30,2025-06-30 14:49:00,1617.74,1617.74,1617.69,1617.69,-0.0,10.81,17514.66,-1
2025-06-30,2025-06-30 14:50:00,1617.69,1617.69,1617.64,1617.64,-0.0,10.81,17514.66,-1
2025-06-30,2025-06-30 14:51:00,1617.64,1617.64,1617.6,1617.6,-0.0,10.81,17514.66,-1
2025-06-30,2025-06-30 14:52:00,1617.6,1617.6,1617.55,1617.55,-0.0,10.81,17514.66,-1
2025-06-30,2025-06-30 14:53:00,1617.55,1617.55,1617.5,1617.5,-0.0,10.81,17514.66,-1
2025-06-30,2025-06-30 14:54:00,1617.5,1617.5,1617.45,1617.45,-0.0,10.81,17514.66,-1
2025-06-30,2025-06-30 14:55:00,1617.45,1617.45,1617.4,1617.4,-0.0,10.81,17514.66,-1
2025-06-30,2025-06-30 14:56:00,1617.4,1617.4,1617.35,1617.35,-0.0,10.81,17514.66,-1
2025-06-30,2025-06-30 14:57:00,1617.35,1617.35,1617.31,1617.31,-0.0,10.81,17514.66,-1
2025-06-30,2025-06-30 14:58:00,1617.31,1617.31,1617.26,1617.26,-0.0,10.81,17514.66,-1
2025-06-30,2025-06-30 14:59:00,1617.26,1617.26,1617.21,1617.21,-0.0,10.81,17514.66,-1
2025-06-30,2025-06-30 15:00:00,1617.21,1665.4,1602.1,1617.21,0.0,10.81,17514.66,0
2025-07-01,2025-07-01 11:00:00,1617.21,1636.05,1617.21,1617.42,0.01,39.57,65982.37,1
2025-07-01,2025-07-01 11:01:00,1617.42,1617.62,1617.42,1617.62,0.01,39.57,65982.37,1
2025-07-01,2025-07-01 11:02:00,1617.62,1617.83,1617.62,1617.83,0.01,39.57,65982.37,1
2025-07-01,2025-07-01 11:03:00,1617.83,1618.03,1617.83,1618.03,0.01,39.57,65982.37,1
2025-07-01,2025-07-01 11:04:00,1618.03,1618.24,1618.03,1618.24,0.01,39.57,65982.37,1
2025-07-01,2025-07-01 11:05:00,1618.24,1618.44,1618.24,1618.44,0.01,39.57,65982.37,1
2025-07-01,2025-07-01 11:06:00,1618.44,1618.65,1618.44,1618.65,0.01,39.57,65982.37,1
2025-07-01,2025-07-01 11:07:00,1618.65,1618.85,1618.65,1618.85,0.01,39.57,65982.37,1
2025-07-01,2025-07-01 11:08:00,1618.85,1619.06,1618.85,1619.06,0.01,39.57,65982.37,1
2025-07-01,2025-07-01 11:09:00,1619.06,1619.26,1619.06,1619.26,0.01,39.57,65982.37,1
2025-07-01,2025-07-01 11:10:00,1619.26,1619.47,1619.26,1619.47,0.01,39.57,65982.37,1
2025-07-01,2025-07-01 11:11:00,1619.47,1619.67,1619.47,1619.67,0.01,39.57,65982.37,1
2025-07-01,2025-07-01 11:12:00,1619.67,1619.88,1619.67,1619.88,0.01,39.57,65982.37,1
2025-07-01,2025-07-01 11:13:00,1619.88,1620.08,1619.88,1620.08,0.01,39.57,65982.37,1
2025-07-01,2025-07-01 11:14:00,1620.08,1620.29,1620.08,1620.29,0.01,39.57,65982.37,1
2025-07-01,2025-07-01 11:15:00,1620.29,1620.49,1620.29,1620.49,0.01,39.57,65982.37,1
2025-07-01,2025-07-01 11:16:00,1620.49,1620.7,1620.49,1620.7,0.01,39.57,65982.37,1
2025-07-01,2025-07-01 11:17:00,1620.7,1620.9,1620.7,1620.9,0.01,39.57,65982.37,1
2025-07-01,2025-07-01 11:18:00,1620.9,1621.11,1620.9,1621.11,0.01,39.57,65982.37,1
2025-07-01,2025-07-01 11:19:00,1621.11,1621.31,1621.11,1621.31,0.01,39.57,65982.37,1
2025-07-01,2025-07-01 11:20:00,1621.31,1621.52,1621.31,1621.52,0.01,39.57,65982.37,1
2025-07-01,2025-07-01 11:21:00,1621.52,1621.72,1621.52,1621.72,0.01,39.57,65982.37,1
2025-07-01,2025-07-01 11:22:00,1621.72,1621.93,1621.72,1621.93,0.01,39.57,65982.37,1
2025-07-01,2025-07-01 11:23:00,1621.93,1622.13,1621.93,1622.13,0.01,39.57,65982.37,1
2025-07-01,2025-07-01 11:24:00,1622.13,1622.34,1622.13,1622.34,0.01,39.57,65982.37,1
2025-07-01,2025-07-01 11:25:00,1622.34,1622.54,1622.34,1622.54,0.01,39.57,65982.37,1
2025-07-01,2025-07-01 11:26:00,1622.54,1622.75,1622.54,1622.75,0.01,39.57,65982.37,1
2025-07-01,2025-07-01 11:27:00,1622.75,1622.95,1622.75,1622.95,0.01,39.57,65982.37,1
2025-07-01,2025-07-01 11:28:00,1622.95,1623.16,1622.95,1623.16,0.01,39.57,65982.37,1
2025-07-01,2025-07-01 11:29:00,1623.16,1623.36,1623.16,1623.36,0.01,39.57,65982.37,1
2025-07-01,2025-07-01 11:30:00,1623.36,1623.57,1623.36,1623.57,0.01,39.57,65982.37,1
2025-07-01,2025-07-01 11:31:00,1623.57,1623.77,1623.57,1623.77,0.01,39.57,65982.37,1
2025-07-01,2025-07-01 11:32:00,1623.77,1623.98,1623.77,1623.98,0.01,39.57,65982.37,1
2025-07-01,2025-07-01 11:33:00,1623.98,1624.18,1623.98,1624.18,0.01,39.57,65982.37,1
2025-07-01,2025-07-01 11:34:00,1624.18,1624.39,1624.18,1624.39,0.01,39.57,65982.37,1
2025-07-01,2025-07-01 11:35:00,1624.39,1624.59,1624.39,1624.59,0.01,39.57,65982.37,1
2025-07-01,2025-07-01 11:36:00,1624.59,1624.8,1624.59,1624.8,0.01,39.57,65982.37,1
2025-07-01,2025-07-01 11:37:00,1624.8,1625.0,1624.8,1625.0,0.01,39.57,65982.37,1
2025-07-01,2025-07-01 11:38:00,1625.0,1625.21,1625.0,1625.21,0.01,39.57,65982.37,1
2025-07-01,2025-07-01 11:39:00,1625.21,1625.41,1625.21,1625.41,0.01,39.57,65982.37,1
2025-07-01,2025-07-01 11:40:00,1625.41,1625.62,1625.41,1625.62,0.01,39.57,65982.37,1
2025-07-01,2025-07-01 11:41:00,1625.62,1625.82,1625.62,1625.82,0.01,39.57,65982.37,1
2025-07-01,2025-07-01 11:42:00,1625.82,1626.03,1625.82,1626.03,0.01,39.57,65982.37,1
2025-07-01,2025-07-01 11:43:00,1626.03,1626.23,1626.03,1626.23,0.01,39.57,65982.37,1
2025-07-01,2025-07-01 11:44:00,1626.23,1626.44,1626.23,1626.44,0.01,39.57,65982.37,1
2025-07-01,2025-07-01 11:45:00,1626.44,1626.64,1626.44,1626.64,0.01,39.57,65982.37,1
2025-07-01,2025-07-01 11:46:00,1626.64,1626.85,1626.64,1626.85,0.01,39.57,65982.37,1
2025-07-01,2025-07-01 11:47:00,1626.85,1627.05,1626.85,1627.05,0.01,39.57,65982.37,1
2025-07-01,2025-07-01 11:48:00,1627.05,1627.26,1627.05,1627.26,0.01,39.57,65982.37,1
2025-07-01,2025-07-01 11:49:00,1627.26,1627.46,1627.26,1627.46,0.01,39.57,65982.37,1
2025-07-01,2025-07-01 11:50:00,1627.46,1627.67,1627.46,1627.67,0.01,39.57,65982.37,1
2025-07-01,2025-07-01 11:51:00,1627.67,1627.87,1627.67,1627.87,0.01,39.57,65982.37,1
2025-07-01,2025-07-01 11:52:00,1627.87,1628.08,1627.87,1628.08,0.01,39.57,65982.37,1
2025-07-01,2025-07-01 11:53:00,1628.08,1628.28,1628.08,1628.28,0.01,39.57,65982.37,1
2025-07-01,2025-07-01 11:54:00,1628.28,1628.49,1628.28,1628.49,0.01,39.57,65982.37,1
2025-07-01,2025-07-01 11:55:00,1628.49,1628.69,1628.49,1628.69,0.01,39.57,65982.37,1
2025-07-01,2025-07-01 11:56:00,1628.69,1628.9,1628.69,1628.9,0.01,39.57,65982.37,1
2025-07-01,2025-07-01 11:57:00,1628.9,1629.1,1628.9,1629.1,0.01,39.57,65982.37,1
2025-07-01,2025-07-01 11:58:00,1629.1,1629.31,1629.1,1629.31,0.01,39.57,65982.37,1
2025-07-01,2025-07-01 11:59:00,1629.31,1629.52,1629.31,1629.52,0.01,39.57,65982.37,1
2025-07-01,2025-07-01 12:00:00,1629.52,1629.72,1629.52,1629.72,0.01,39.57,65982.37,1
2025-07-01,2025-07-01 12:01:00,1629.72,1629.93,1629.72,1629.93,0.01,39.57,65982.37,1
2025-07-01,2025-07-01 12:02:00,1629.93,1630.13,1629.93,1630.13,0.01,39.57,65982.37,1
2025-07-01,2025-07-01 12:03:00,1630.13,1630.34,1630.13,1630.34,0.01,39.57,65982.37,1
2025-07-01,2025-07-01 12:04:00,1630.34,1630.54,1630.34,1630.54,0.01,39.57,65982.37,1
2025-07-01,2025-07-01 12:05:00,1630.54,1630.75,1630.54,1630.75,0.01,39.57,65982.37,1
2025-07-01,2025-07-01 12:06:00,1630.75,1630.95,1630.75,1630.95,0.01,39.57,65982.37,1
2025-07-01,2025-07-01 12:07:00,1630.95,1631.16,1630.95,1631.16,0.01,39.57,65982.37,1
2025-07-01,2025-07-01 12:08:00,1631.16,1631.36,1631.16,1631.36,0.01,39.57,65982.37,1
2025-07-01,2025-07-01 12:09:00,1631.36,1631.57,1631.36,1631.57,0.01,39.57,65982.37,1
2025-07-01,2025-07-01 12:10:00,1631.57,1631.77,1631.57,1631.77,0.01,39.57,65982.37,1
2025-07-01,2025-07-01 12:11:00,1631.77,1631.98,1631.77,1631.98,0.01,39.57,65982.37,1
2025-07-01,2025-07-01 12:12:00,1631.98,1632.18,1631.98,1632.18,0.01,39.57,65982.37,1
2025-07-01,2025-07-01 12:13:00,1632.18,1632.39,1632.18,1632.39,0.01,39.57,65982.37,1
2025-07-01,2025-07-01 12:14:00,1632.39,1632.59,1632.39,1632.59,0.01,39.57,65982.37,1
2025-07-01,2025-07-01 12:15:00,1632.59,1632.8,1632.59,1632.8,0.01,39.57,65982.37,1
2025-07-01,2025-07-01 12:16:00,1632.8,1633.0,1632.8,1633.0,0.01,39.57,65982.37,1
2025-07-01,2025-07-01 12:17:00,1633.0,1633.21,1633.0,1633.21,0.01,39.57,65982.37,1
2025-07-01,2025-07-01 12:18:00,1633.21,1633.41,1633.21,1633.41,0.01,39.57,65982.37,1
2025-07-01,2025-07-01 12:19:00,1633.41,1633.62,1633.41,1633.62,0.01,39.57,65982.37,1
2025-07-01,2025-07-01 12:20:00,1633.62,1633.82,1633.62,1633.82,0.01,39.57,65982.37,1
2025-07-01,2025-07-01 12:21:00,1633.82,1634.03,1633.82,1634.03,0.01,39.57,65982.37,1
2025-07-01,2025-07-01 12:22:00,1634.03,1634.23,1634.03,1634.23,0.01,39.57,65982.37,1
2025-07-01,2025-07-01 12:23:00,1634.23,1634.44,1634.23,1634.44,0.01,39.57,65982.37,1
2025-07-01,2025-07-01 12:24:00,1634.44,1634.64,1634.44,1634.64,0.01,39.57,65982.37,1
2025-07-01,2025-07-01 12:25:00,1634.64,1634.85,1634.64,1634.85,0.01,39.57,65982.37,1
2025-07-01,2025-07-01 12:26:00,1634.85,1635.05,1634.85,1635.05,0.01,39.57,65982.37,1
2025-07-01,2025-07-01 12:27:00,1635.05,1635.26,1635.05,1635.26,0.01,39.57,65982.37,1
2025-07-01,2025-07-01 12:28:00,1635.26,1635.46,1635.26,1635.46,0.01,39.57,65982.37,1
2025-07-01,2025-07-01 12:29:00,1635.46,1635.67,1635.46,1635.67,0.01,39.57,65982.37,1
2025-07-01,2025-07-01 12:30:00,1635.67,1635.87,1635.67,1635.87,0.01,39.57,65982.37,1
2025-07-01,2025-07-01 12:31:00,1635.87,1636.08,1635.87,1636.08,0.01,39.57,65982.37,1
2025-07-01,2025-07-01 12:32:00,1636.08,1636.28,1636.08,1636.28,0.01,39.57,65982.37,1
2025-07-01,2025-07-01 12:33:00,1636.28,1636.49,1636.28,1636.49,0.01,39.57,65982.37,1
2025-07-01,2025-07-01 12:34:00,1636.49,1636.69,1636.49,1636.69,0.01,39.57,65982.37,1
2025-07-01,2025-07-01 12:35:00,1636.69,1636.9,1636.69,1636.9,0.01,39.57,65982.37,1
2025-07-01,2025-07-01 12:36:00,1636.9,1637.1,1636.9,1637.1,0.01,39.57,65982.37,1
2025-07-01,2025-07-01 12:37:00,1637.1,1637.31,1637.1,1637.31,0.01,39.57,65982.37,1
2025-07-01,2025-07-01 12:38:00,1637.31,1637.51,1637.31,1637.51,0.01,39.57,65982.37,1
2025-07-01,2025-07-01 12:39:00,1637.51,1637.72,1637.51,1637.72,0.01,39.57,65982.37,1
2025-07-01,2025-07-01 12:40:00,1637.72,1637.92,1637.72,1637.92,0.01,39.57,65982.37,1
2025-07-01,2025-07-01 12:41:00,1637.92,1638.13,1637.92,1638.13,0.01,39.57,65982.37,1
2025-07-01,2025-07-01 12:42:00,1638.13,1638.33,1638.13,1638.33,0.01,39.57,65982.37,1
2025-07-01,2025-07-01 12:43:00,1638.33,1638.54,1638.33,1638.54,0.01,39.57,65982.37,1
2025-07-01,2025-07-01 12:44:00,1638.54,1638.74,1638.54,1638.74,0.01,39.57,65982.37,1
2025-07-01,2025-07-01 12:45:00,1638.74,1638.95,1638.74,1638.95,0.01,39.57,65982.37,1
2025-07-01,2025-07-01 12:46:00,1638.95,1639.15,1638.95,1639.15,0.01,39.57,65982.37,1
2025-07-01,2025-07-01 12:47:00,1639.15,1639.36,1639.15,1639.36,0.01,39.57,65982.37,1
2025-07-01,2025-07-01 12:48:00,1639.36,1639.56,1639.36,1639.56,0.01,39.57,65982.37,1
2025-07-01,2025-07-01 12:49:00,1639.56,1639.77,1639.56,1639.77,0.01,39.57,65982.37,1
2025-07-01,2025-07-01 12:50:00,1639.77,1639.97,1639.77,1639.97,0.01,39.57,65982.37,1
2025-07-01,2025-07-01 12:51:00,1639.97,1640.18,1639.97,1640.18,0.01,39.57,65982.37,1
2025-07-01,2025-07-01 12:52:00,1640.18,1640.38,1640.18,1640.38,0.01,39.57,65982.37,1
2025-07-01,2025-07-01 12:53:00,1640.38,1640.59,1640.38,1640.59,0.01,39.57,65982.37,1
2025-07-01,2025-07-01 12:54:00,1640.59,1640.79,1640.59,1640.79,0.01,39.57,65982.37,1
2025-07-01,2025-07-01 12:55:00,1640.79,1641.0,1640.79,1641.0,0.01,39.57,65982.37,1
2025-07-01,2025-07-01 12:56:00,1641.0,1641.2,1641.0,1641.2,0.01,39.57,65982.37,1
2025-07-01,2025-07-01 12:57:00,1641.2,1641.41,1641.2,1641.41,0.01,39.57,65982.37,1
2025-07-01,2025-07-01 12:58:00,1641.41,1641.61,1641.41,1641.61,0.01,39.57,65982.37,1
2025-07-01,2025-07-01 12:59:00,1641.61,1641.82,1641.61,1641.82,0.01,39.57,65982.37,1
2025-07-01,2025-07-01 13:00:00,1641.82,1680.0,1617.21,1642.03,0.01,39.57,65982.37,1
2025-07-01,2025-07-01 13:01:00,1642.03,1642.23,1642.03,1642.23,0.01,39.57,65982.37,1
2025-07-01,2025-07-01 13:02:00,1642.23,1642.44,1642.23,1642.44,0.01,39.57,65982.37,1
2025-07-01,2025-07-01 13:03:00,1642.44,1642.64,1642.44,1642.64,0.01,39.57,65982.37,1
2025-07-01,2025-07-01 13:04:00,1642.64,1642.85,1642.64,1642.85,0.01,39.57,65982.37,1
2025-07-01,2025-07-01 13:05:00,1642.85,1643.05,1642.85,1643.05,0.01,39.57,65982.37,1
2025-07-01,2025-07-01 13:06:00,1643.05,1643.26,1643.05,1643.26,0.01,39.57,65982.37,1
2025-07-01,2025-07-01 13:07:00,1643.26,1643.46,1643.26,1643.46,0.01,39.57,65982.37,1
2025-07-01,2025-07-01 13:08:00,1643.46,1643.67,1643.46,1643.67,0.01,39.57,65982.37,1
2025-07-01,2025-07-01 13:09:00,1643.67,1643.87,1643.67,1643.87,0.01,39.57,65982.37,1
2025-07-01,2025-07-01 13:10:00,1643.87,1644.08,1643.87,1644.08,0.01,39.57,65982.37,1
2025-07-01,2025-07-01 13:11:00,1644.08,1644.28,1644.08,1644.28,0.01,39.57,65982.37,1
2025-07-01,2025-07-01 13:12:00,1644.28,1644.49,1644.28,1644.49,0.01,39.57,65982.37,1
2025-07-01,2025-07-01 13:13:00,1644.49,1644.69,1644.49,1644.69,0.01,39.57,65982.37,1
2025-07-01,2025-07-01 13:14:00,1644.69,1644.9,1644.69,1644.9,0.01,39.57,65982.37,1
2025-07-01,2025-07-01 13:15:00,1644.9,1645.1,1644.9,1645.1,0.01,39.57,65982.37,1
2025-07-01,2025-07-01 13:16:00,1645.1,1645.31,1645.1,1645.31,0.01,39.57,65982.37,1
2025-07-01,2025-07-01 13:17:00,1645.31,1645.51,1645.31,1645.51,0.01,39.57,65982.37,1
2025-07-01,2025-07-01 13:18:00,1645.51,1645.72,1645.51,1645.72,0.01,39.57,65982.37,1
2025-07-01,2025-07-01 13:19:00,1645.72,1645.92,1645.72,1645.92,0.01,39.57,65982.37,1
2025-07-01,2025-07-01 13:20:00,1645.92,1646.13,1645.92,1646.13,0.01,39.57,65982.37,1
2025-07-01,2025-07-01 13:21:00,1646.13,1646.33,1646.13,1646.33,0.01,39.57,65982.37,1
2025-07-01,2025-07-01 13:22:00,1646.33,1646.54,1646.33,1646.54,0.01,39.57,65982.37,1
2025-07-01,2025-07-01 13:23:00,1646.54,1646.74,1646.54,1646.74,0.01,39.57,65982.37,1
2025-07-01,2025-07-01 13:24:00,1646.74,1646.95,1646.74,1646.95,0.01,39.57,65982.37,1
2025-07-01,2025-07-01 13:25:00,1646.95,1647.15,1646.95,1647.15,0.01,39.57,65982.37,1
2025-07-01,2025-07-01 13:26:00,1647.15,1647.36,1647.15,1647.36,0.01,39.57,65982.37,1
2025-07-01,2025-07-01 13:27:00,1647.36,1647.56,1647.36,1647.56,0.01,39.57,65982.37,1
2025-07-01,2025-07-01 13:28:00,1647.56,1647.77,1647.56,1647.77,0.01,39.57,65982.37,1
2025-07-01,2025-07-01 13:29:00,1647.77,1647.97,1647.77,1647.97,0.01,39.57,65982.37,1
2025-07-01,2025-07-01 13:30:00,1647.97,1648.18,1647.97,1648.18,0.01,39.57,65982.37,1
2025-07-01,2025-07-01 13:31:00,1648.18,1648.38,1648.18,1648.38,0.01,39.57,65982.37,1
2025-07-01,2025-07-01 13:32:00,1648.38,1648.59,1648.38,1648.59,0.01,39.57,65982.37,1
2025-07-01,2025-07-01 13:33:00,1648.59,1648.79,1648.59,1648.79,0.01,39.57,65982.37,1
2025-07-01,2025-07-01 13:34:00,1648.79,1649.0,1648.79,1649.0,0.01,39.57,65982.37,1
2025-07-01,2025-07-01 13:35:00,1649.0,1649.2,1649.0,1649.2,0.01,39.57,65982.37,1
2025-07-01,2025-07-01 13:36:00,1649.2,1649.41,1649.2,1649.41,0.01,39.57,65982.37,1
2025-07-01,2025-07-01 13:37:00,1649.41,1649.61,1649.41,1649.61,0.01,39.57,65982.37,1
2025-07-01,2025-07-01 13:38:00,1649.61,1649.82,1649.61,1649.82,0.01,39.57,65982.37,1
2025-07-01,2025-07-01 13:39:00,1649.82,1650.02,1649.82,1650.02,0.01,39.57,65982.37,1
2025-07-01,2025-07-01 13:40:00,1650.02,1650.23,1650.02,1650.23,0.01,39.57,65982.37,1
2025-07-01,2025-07-01 13:41:00,1650.23,1650.43,1650.23,1650.43,0.01,39.57,65982.37,1
2025-07-01,2025-07-01 13:42:00,1650.43,1650.64,1650.43,1650.64,0.01,39.57,65982.37,1
2025-07-01,2025-07-01 13:43:00,1650.64,1650.84,1650.64,1650.84,0.01,39.57,65982.37,1
2025-07-01,2025-07-01 13:44:00,1650.84,1651.05,1650.84,1651.05,0.01,39.57,65982.37,1
2025-07-01,2025-07-01 13:45:00,1651.05,1651.25,1651.05,1651.25,0.01,39.57,65982.37,1
2025-07-01,2025-07-01 13:46:00,1651.25,1651.46,1651.25,1651.46,0.01,39.57,65982.37,1
2025-07-01,2025-07-01 13:47:00,1651.46,1651.66,1651.46,1651.66,0.01,39.57,65982.37,1
2025-07-01,2025-07-01 13:48:00,1651.66,1651.87,1651.66,1651.87,0.01,39.57,65982.37,1
2025-07-01,2025-07-01 13:49:00,1651.87,1652.07,1651.87,1652.07,0.01,39.57,65982.37,1
2025-07-01,2025-07-01 13:50:00,1652.07,1652.28,1652.07,1652.28,0.01,39.57,65982.37,1
2025-07-01,2025-07-01 13:51:00,1652.28,1652.48,1652.28,1652.48,0.01,39.57,65982.37,1
2025-07-01,2025-07-01 13:52:00,1652.48,1652.69,1652.48,1652.69,0.01,39.57,65982.37,1
2025-07-01,2025-07-01 13:53:00,1652.69,1652.89,1652.69,1652.89,0.01,39.57,65982.37,1
2025-07-01,2025-07-01 13:54:00,1652.89,1653.1,1652.89,1653.1,0.01,39.57,65982.37,1
2025-07-01,2025-07-01 13:55:00,1653.1,1653.3,1653.1,1653.3,0.01,39.57,65982.37,1
2025-07-01,2025-07-01 13:56:00,1653.3,1653.51,1653.3,1653.51,0.01,39.57,65982.37,1
2025-07-01,2025-07-01 13:57:00,1653.51,1653.71,1653.51,1653.71,0.01,39.57,65982.37,1
2025-07-01,2025-07-01 13:58:00,1653.71,1653.92,1653.71,1653.92,0.01,39.57,65982.37,1
2025-07-01,2025-07-01 13:59:00,1653.92,1654.12,1653.92,1654.12,0.01,39.57,65982.37,1
2025-07-01,2025-07-01 14:00:00,1654.12,1654.33,1654.12,1654.33,0.01,39.57,65982.37,1
2025-07-01,2025-07-01 14:01:00,1654.33,1654.54,1654.33,1654.54,0.01,39.57,65982.37,1
2025-07-01,2025-07-01 14:02:00,1654.54,1654.74,1654.54,1654.74,0.01,39.57,65982.37,1
2025-07-01,2025-07-01 14:03:00,1654.74,1654.95,1654.74,1654.95,0.01,39.57,65982.37,1
2025-07-01,2025-07-01 14:04:00,1654.95,1655.15,1654.95,1655.15,0.01,39.57,65982.37,1
2025-07-01,2025-07-01 14:05:00,1655.15,1655.36,1655.15,1655.36,0.01,39.57,65982.37,1
2025-07-01,2025-07-01 14:06:00,1655.36,1655.56,1655.36,1655.56,0.01,39.57,65982.37,1
2025-07-01,2025-07-01 14:07:00,1655.56,1655.77,1655.56,1655.77,0.01,39.57,65982.37,1
2025-07-01,2025-07-01 14:08:00,1655.77,1655.97,1655.77,1655.97,0.01,39.57,65982.37,1
2025-07-01,2025-07-01 14:09:00,1655.97,1656.18,1655.97,1656.18,0.01,39.57,65982.37,1
2025-07-01,2025-07-01 14:10:00,1656.18,1656.38,1656.18,1656.38,0.01,39.57,65982.37,1
2025-07-01,2025-07-01 14:11:00,1656.38,1656.59,1656.38,1656.59,0.01,39.57,65982.37,1
2025-07-01,2025-07-01 14:12:00,1656.59,1656.79,1656.59,1656.79,0.01,39.57,65982.37,1
2025-07-01,2025-07-01 14:13:00,1656.79,1657.0,1656.79,1657.0,0.01,39.57,65982.37,1
2025-07-01,2025-07-01 14:14:00,1657.0,1657.2,1657.0,1657.2,0.01,39.57,65982.37,1
2025-07-01,2025-07-01 14:15:00,1657.2,1657.41,1657.2,1657.41,0.01,39.57,65982.37,1
2025-07-01,2025-07-01 14:16:00,1657.41,1657.61,1657.41,1657.61,0.01,39.57,65982.37,1
2025-07-01,2025-07-01 14:17:00,1657.61,1657.82,1657.61,1657.82,0.01,39.57,65982.37,1
2025-07-01,2025-07-01 14:18:00,1657.82,1658.02,1657.82,1658.02,0.01,39.57,65982.37,1
2025-07-01,2025-07-01 14:19:00,1658.02,1658.23,1658.02,1658.23,0.01,39.57,65982.37,1
2025-07-01,2025-07-01 14:20:00,1658.23,1658.43,1658.23,1658.43,0.01,39.57,65982.37,1
2025-07-01,2025-07-01 14:21:00,1658.43,1658.64,1658.43,1658.64,0.01,39.57,65982.37,1
2025-07-01,2025-07-01 14:22:00,1658.64,1658.84,1658.64,1658.84,0.01,39.57,65982.37,1
2025-07-01,2025-07-01 14:23:00,1658.84,1659.05,1658.84,1659.05,0.01,39.57,65982.37,1
2025-07-01,2025-07-01 14:24:00,1659.05,1659.25,1659.05,1659.25,0.01,39.57,65982.37,1
2025-07-01,2025-07-01 14:25:00,1659.25,1659.46,1659.25,1659.46,0.01,39.57,65982.37,1
2025-07-01,2025-07-01 14:26:00,1659.46,1659.66,1659.46,1659.66,0.01,39.57,65982.37,1
2025-07-01,2025-07-01 14:27:00,1659.66,1659.87,1659.66,1659.87,0.01,39.57,65982.37,1
2025-07-01,2025-07-01 14:28:00,1659.87,1660.07,1659.87,1660.07,0.01,39.57,65982.37,1
2025-07-01,2025-07-01 14:29:00,1660.07,1660.28,1660.07,1660.28,0.01,39.57,65982.37,1
2025-07-01,2025-07-01 14:30:00,1660.28,1660.48,1660.28,1660.48,0.01,39.57,65982.37,1
2025-07-01,2025-07-01 14:31:00,1660.48,1660.69,1660.48,1660.69,0.01,39.57,65982.37,1
2025-07-01,2025-07-01 14:32:00,1660.69,1660.89,1660.69,1660.89,0.01,39.57,65982.37,1
2025-07-01,2025-07-01 14:33:00,1660.89,1661.1,1660.89,1661.1,0.01,39.57,65982.37,1
2025-07-01,2025-07-01 14:34:00,1661.1,1661.3,1661.1,1661.3,0.01,39.57,65982.37,1
2025-07-01,2025-07-01 14:35:00,1661.3,1661.51,1661.3,1661.51,0.01,39.57,65982.37,1
2025-07-01,2025-07-01 14:36:00,1661.51,1661.71,1661.51,1661.71,0.01,39.57,65982.37,1
2025-07-01,2025-07-01 14:37:00,1661.71,1661.92,1661.71,1661.92,0.01,39.57,65982.37,1
2025-07-01,2025-07-01 14:38:00,1661.92,1662.12,1661.92,1662.12,0.01,39.57,65982.37,1
2025-07-01,2025-07-01 14:39:00,1662.12,1662.33,1662.12,1662.33,0.01,39.57,65982.37,1
2025-07-01,2025-07-01 14:40:00,1662.33,1662.53,1662.33,1662.53,0.01,39.57,65982.37,1
2025-07-01,2025-07-01 14:41:00,1662.53,1662.74,1662.53,1662.74,0.01,39.57,65982.37,1
2025-07-01,2025-07-01 14:42:00,1662.74,1662.94,1662.74,1662.94,0.01,39.57,65982.37,1
2025-07-01,2025-07-01 14:43:00,1662.94,1663.15,1662.94,1663.15,0.01,39.57,65982.37,1
2025-07-01,2025-07-01 14:44:00,1663.15,1663.35,1663.15,1663.35,0.01,39.57,65982.37,1
2025-07-01,2025-07-01 14:45:00,1663.35,1663.56,1663.35,1663.56,0.01,39.57,65982.37,1
2025-07-01,2025-07-01 14:46:00,1663.56,1663.76,1663.56,1663.76,0.01,39.57,65982.37,1
2025-07-01,2025-07-01 14:47:00,1663.76,1663.97,1663.76,1663.97,0.01,39.57,65982.37,1
2025-07-01,2025-07-01 14:48:00,1663.97,1664.17,1663.97,1664.17,0.01,39.57,65982.37,1
2025-07-01,2025-07-01 14:49:00,1664.17,1664.38,1664.17,1664.38,0.01,39.57,65982.37,1
2025-07-01,2025-07-01 14:50:00,1664.38,1664.58,1664.38,1664.58,0.01,39.57,65982.37,1
2025-07-01,2025-07-01 14:51:00,1664.58,1664.79,1664.58,1664.79,0.01,39.57,65982.37,1
2025-07-01,2025-07-01 14:52:00,1664.79,1664.99,1664.79,1664.99,0.01,39.57,65982.37,1
2025-07-01,2025-07-01 14:53:00,1664.99,1665.2,1664.99,1665.2,0.01,39.57,65982.37,1
2025-07-01,2025-07-01 14:54:00,1665.2,1665.4,1665.2,1665.4,0.01,39.57,65982.37,1
2025-07-01,2025-07-01 14:55:00,1665.4,1665.61,1665.4,1665.61,0.01,39.57,65982.37,1
2025-07-01,2025-07-01 14:56:00,1665.61,1665.81,1665.61,1665.81,0.01,39.57,65982.37,1
2025-07-01,2025-07-01 14:57:00,1665.81,1666.02,1665.81,1666.02,0.01,39.57,65982.37,1
2025-07-01,2025-07-01 14:58:00,1666.02,1666.22,1666.02,1666.22,0.01,39.57,65982.37,1
2025-07-01,2025-07-01 14:59:00,1666.22,1666.43,1666.22,1666.43,0.01,39.57,65982.37,1
2025-07-01,2025-07-01 15:00:00,1666.43,1680.0,1617.21,1666.43,0.0,39.57,65982.37,0
2025-07-02,2025-07-02 11:00:00,1650.5,1663.85,1637.18,1650.59,0.01,14.51,24379.16,1
2025-07-02,2025-07-02 11:01:00,1650.59,1650.68,1650.59,1650.68,0.01,14.51,24379.16,1
2025-07-02,2025-07-02 11:02:00,1650.68,1650.77,1650.68,1650.77,0.01,14.51,24379.16,1
2025-07-02,2025-07-02 11:03:00,1650.77,1650.86,1650.77,1650.86,0.01,14.51,24379.16,1
2025-07-02,2025-07-02 11:04:00,1650.86,1650.95,1650.86,1650.95,0.01,14.51,24379.16,1
2025-07-02,2025-07-02 11:05:00,1650.95,1651.04,1650.95,1651.04,0.01,14.51,24379.16,1
2025-07-02,2025-07-02 11:06:00,1651.04,1651.13,1651.04,1651.13,0.01,14.51,24379.16,1
2025-07-02,2025-07-02 11:07:00,1651.13,1651.22,1651.13,1651.22,0.01,14.51,24379.16,1
2025-07-02,2025-07-02 11:08:00,1651.22,1651.3,1651.22,1651.3,0.0,14.51,24379.16,1
2025-07-02,2025-07-02 11:09:00,1651.3,1651.39,1651.3,1651.39,0.01,14.51,24379.16,1
2025-07-02,2025-07-02 11:10:00,1651.39,1651.48,1651.39,1651.48,0.01,14.51,24379.16,1
2025-07-02,2025-07-02 11:11:00,1651.48,1651.57,1651.48,1651.57,0.01,14.51,24379.16,1
2025-07-02,2025-07-02 11:12:00,1651.57,1651.66,1651.57,1651.66,0.01,14.51,24379.16,1
2025-07-02,2025-07-02 11:13:00,1651.66,1651.75,1651.66,1651.75,0.01,14.51,24379.16,1
2025-07-02,2025-07-02 11:14:00,1651.75,1651.84,1651.75,1651.84,0.01,14.51,24379.16,1
2025-07-02,2025-07-02 11:15:00,1651.84,1651.93,1651.84,1651.93,0.01,14.51,24379.16,1
2025-07-02,2025-07-02 11:16:00,1651.93,1652.02,1651.93,1652.02,0.01,14.51,24379.16,1
2025-07-02,2025-07-02 11:17:00,1652.02,1652.11,1652.02,1652.11,0.01,14.51,24379.16,1
2025-07-02,2025-07-02 11:18:00,1652.11,1652.2,1652.11,1652.2,0.01,14.51,24379.16,1
2025-07-02,2025-07-02 11:19:00,1652.2,1652.29,1652.2,1652.29,0.01,14.51,24379.16,1
2025-07-02,2025-07-02 11:20:00,1652.29,1652.38,1652.29,1652.38,0.01,14.51,24379.16,1
2025-07-02,2025-07-02 11:21:00,1652.38,1652.47,1652.38,1652.47,0.01,14.51,24379.16,1
2025-07-02,2025-07-02 11:22:00,1652.47,1652.56,1652.47,1652.56,0.01,14.51,24379.16,1
2025-07-02,2025-07-02 11:23:00,1652.56,1652.65,1652.56,1652.65,0.01,14.51,24379.16,1
2025-07-02,2025-07-02 11:24:00,1652.65,1652.74,1652.65,1652.74,0.01,14.51,24379.16,1
2025-07-02,2025-07-02 11:25:00,1652.74,1652.82,1652.74,1652.82,0.0,14.51,24379.16,1
2025-07-02,2025-07-02 11:26:00,1652.82,1652.91,1652.82,1652.91,0.01,14.51,24379.16,1
2025-07-02,2025-07-02 11:27:00,1652.91,1653.0,1652.91,1653.0,0.01,14.51,24379.16,1
2025-07-02,2025-07-02 11:28:00,1653.0,1653.09,1653.0,1653.09,0.01,14.51,24379.16,1
2025-07-02,2025-07-02 11:29:00,1653.09,1653.18,1653.09,1653.18,0.01,14.51,24379.16,1
2025-07-02,2025-07-02 11:30:00,1653.18,1653.27,1653.18,1653.27,0.01,14.51,24379.16,1
2025-07-02,2025-07-02 11:31:00,1653.27,1653.36,1653.27,1653.36,0.01,14.51,24379.16,1
2025-07-02,2025-07-02 11:32:00,1653.36,1653.45,1653.36,1653.45,0.01,14.51,24379.16,1
2025-07-02,2025-07-02 11:33:00,1653.45,1653.54,1653.45,1653.54,0.01,14.51,24379.16,1
2025-07-02,2025-07-02 11:34:00,1653.54,1653.63,1653.54,1653.63,0.01,14.51,24379.16,1
2025-07-02,2025-07-02 11:35:00,1653.63,1653.72,1653.63,1653.72,0.01,14.51,24379.16,1
2025-07-02,2025-07-02 11:36:00,1653.72,1653.81,1653.72,1653.81,0.01,14.51,24379.16,1
2025-07-02,2025-07-02 11:37:00,1653.81,1653.9,1653.81,1653.9,0.01,14.51,24379.16,1
2025-07-02,2025-07-02 11:38:00,1653.9,1653.99,1653.9,1653.99,0.01,14.51,24379.16,1
2025-07-02,2025-07-02 11:39:00,1653.99,1654.08,1653.99,1654.08,0.01,14.51,24379.16,1
2025-07-02,2025-07-02 11:40:00,1654.08,1654.17,1654.08,1654.17,0.01,14.51,24379.16,1
2025-07-02,2025-07-02 11:41:00,1654.17,1654.26,1654.17,1654.26,0.01,14.51,24379.16,1
2025-07-02,2025-07-02 11:42:00,1654.26,1654.34,1654.26,1654.34,0.0,14.51,24379.16,1
2025-07-02,2025-07-02 11:43:00,1654.34,1654.43,1654.34,1654.43,0.01,14.51,24379.16,1
2025-07-02,2025-07-02 11:44:00,1654.43,1654.52,1654.43,1654.52,0.01,14.51,24379.16,1
2025-07-02,2025-07-02 11:45:00,1654.52,1654.61,1654.52,1654.61,0.01,14.51,24379.16,1
2025-07-02,2025-07-02 11:46:00,1654.61,1654.7,1654.61,1654.7,0.01,14.51,24379.16,1
2025-07-02,2025-07-02 11:47:00,1654.7,1654.79,1654.7,1654.79,0.01,14.51,24379.16,1
2025-07-02,2025-07-02 11:48:00,1654.79,1654.88,1654.79,1654.88,0.01,14.51,24379.16,1
2025-07-02,2025-07-02 11:49:00,1654.88,1654.97,1654.88,1654.97,0.01,14.51,24379.16,1
2025-07-02,2025-07-02 11:50:00,1654.97,1655.06,1654.97,1655.06,0.01,14.51,24379.16,1
2025-07-02,2025-07-02 11:51:00,1655.06,1655.15,1655.06,1655.15,0.01,14.51,24379.16,1
2025-07-02,2025-07-02 11:52:00,1655.15,1655.24,1655.15,1655.24,0.01,14.51,24379.16,1
2025-07-02,2025-07-02 11:53:00,1655.24,1655.33,1655.24,1655.33,0.01,14.51,24379.16,1
2025-07-02,2025-07-02 11:54:00,1655.33,1655.42,1655.33,1655.42,0.01,14.51,24379.16,1
2025-07-02,2025-07-02 11:55:00,1655.42,1655.51,1655.42,1655.51,0.01,14.51,24379.16,1
2025-07-02,2025-07-02 11:56:00,1655.51,1655.6,1655.51,1655.6,0.01,14.51,24379.16,1
2025-07-02,2025-07-02 11:57:00,1655.6,1655.69,1655.6,1655.69,0.01,14.51,24379.16,1
2025-07-02,2025-07-02 11:58:00,1655.69,1655.78,1655.69,1655.78,0.01,14.51,24379.16,1
2025-07-02,2025-07-02 11:59:00,1655.78,1655.87,1655.78,1655.87,0.01,14.51,24379.16,1
2025-07-02,2025-07-02 12:00:00,1655.87,1655.95,1655.87,1655.95,0.0,14.51,24379.16,1
2025-07-02,2025-07-02 12:01:00,1655.95,1656.04,1655.95,1656.04,0.01,14.51,24379.16,1
2025-07-02,2025-07-02 12:02:00,1656.04,1656.13,1656.04,1656.13,0.01,14.51,24379.16,1
2025-07-02,2025-07-02 12:03:00,1656.13,1656.22,1656.13,1656.22,0.01,14.51,24379.16,1
2025-07-02,2025-07-02 12:04:00,1656.22,1656.31,1656.22,1656.31,0.01,14.51,24379.16,1
2025-07-02,2025-07-02 12:05:00,1656.31,1656.4,1656.31,1656.4,0.01,14.51,24379.16,1
2025-07-02,2025-07-02 12:06:00,1656.4,1656.49,1656.4,1656.49,0.01,14.51,24379.16,1
2025-07-02,2025-07-02 12:07:00,1656.49,1656.58,1656.49,1656.58,0.01,14.51,24379.16,1
2025-07-02,2025-07-02 12:08:00,1656.58,1656.67,1656.58,1656.67,0.01,14.51,24379.16,1
2025-07-02,2025-07-02 12:09:00,1656.67,1656.76,1656.67,1656.76,0.01,14.51,24379.16,1
2025-07-02,2025-07-02 12:10:00,1656.76,1656.85,1656.76,1656.85,0.01,14.51,24379.16,1
2025-07-02,2025-07-02 12:11:00,1656.85,1656.94,1656.85,1656.94,0.01,14.51,24379.16,1
2025-07-02,2025-07-02 12:12:00,1656.94,1657.03,1656.94,1657.03,0.01,14.51,24379.16,1
2025-07-02,2025-07-02 12:13:00,1657.03,1657.12,1657.03,1657.12,0.01,14.51,24379.16,1
2025-07-02,2025-07-02 12:14:00,1657.12,1657.21,1657.12,1657.21,0.01,14.51,24379.16,1
2025-07-02,2025-07-02 12:15:00,1657.21,1657.3,1657.21,1657.3,0.01,14.51,24379.16,1
2025-07-02,2025-07-02 12:16:00,1657.3,1657.39,1657.3,1657.39,0.01,14.51,24379.16,1
2025-07-02,2025-07-02 12:17:00,1657.39,1657.47,1657.39,1657.47,0.0,14.51,24379.16,1
2025-07-02,2025-07-02 12:18:00,1657.47,1657.56,1657.47,1657.56,0.01,14.51,24379.16,1
2025-07-02,2025-07-02 12:19:00,1657.56,1657.65,1657.56,1657.65,0.01,14.51,24379.16,1
2025-07-02,2025-07-02 12:20:00,1657.65,1657.74,1657.65,1657.74,0.01,14.51,24379.16,1
2025-07-02,2025-07-02 12:21:00,1657.74,1657.83,1657.74,1657.83,0.01,14.51,24379.16,1
2025-07-02,2025-07-02 12:22:00,1657.83,1657.92,1657.83,1657.92,0.01,14.51,24379.16,1
2025-07-02,2025-07-02 12:23:00,1657.92,1658.01,1657.92,1658.01,0.01,14.51,24379.16,1
2025-07-02,2025-07-02 12:24:00,1658.01,1658.1,1658.01,1658.1,0.01,14.51,24379.16,1
2025-07-02,2025-07-02 12:25:00,1658.1,1658.19,1658.1,1658.19,0.01,14.51,24379.16,1
2025-07-02,2025-07-02 12:26:00,1658.19,1658.28,1658.19,1658.28,0.01,14.51,24379.16,1
2025-07-02,2025-07-02 12:27:00,1658.28,1658.37,1658.28,1658.37,0.01,14.51,24379.16,1
2025-07-02,2025-07-02 12:28:00,1658.37,1658.46,1658.37,1658.46,0.01,14.51,24379.16,1
2025-07-02,2025-07-02 12:29:00,1658.46,1658.55,1658.46,1658.55,0.01,14.51,24379.16,1
2025-07-02,2025-07-02 12:30:00,1658.55,1658.64,1658.55,1658.64,0.01,14.51,24379.16,1
2025-07-02,2025-07-02 12:31:00,1658.64,1658.73,1658.64,1658.73,0.01,14.51,24379.16,1
2025-07-02,2025-07-02 12:32:00,1658.73,1658.82,1658.73,1658.82,0.01,14.51,24379.16,1
2025-07-02,2025-07-02 12:33:00,1658.82,1658.91,1658.82,1658.91,0.01,14.51,24379.16,1
2025-07-02,2025-07-02 12:34:00,1658.91,1658.99,1658.91,1658.99,0.0,14.51,24379.16,1
2025-07-02,2025-07-02 12:35:00,1658.99,1659.08,1658.99,1659.08,0.01,14.51,24379.16,1
2025-07-02,2025-07-02 12:36:00,1659.08,1659.17,1659.08,1659.17,0.01,14.51,24379.16,1
2025-07-02,2025-07-02 12:37:00,1659.17,1659.26,1659.17,1659.26,0.01,14.51,24379.16,1
2025-07-02,2025-07-02 12:38:00,1659.26,1659.35,1659.26,1659.35,0.01,14.51,24379.16,1
2025-07-02,2025-07-02 12:39:00,1659.35,1659.44,1659.35,1659.44,0.01,14.51,24379.16,1
2025-07-02,2025-07-02 12:40:00,1659.44,1659.53,1659.44,1659.53,0.01,14.51,24379.16,1
2025-07-02,2025-07-02 12:41:00,1659.53,1659.62,1659.53,1659.62,0.01,14.51,24379.16,1
2025-07-02,2025-07-02 12:42:00,1659.62,1659.71,1659.62,1659.71,0.01,14.51,24379.16,1
2025-07-02,2025-07-02 12:43:00,1659.71,1659.8,1659.71,1659.8,0.01,14.51,24379.16,1
2025-07-02,2025-07-02 12:44:00,1659.8,1659.89,1659.8,1659.89,0.01,14.51,24379.16,1
2025-07-02,2025-07-02 12:45:00,1659.89,1659.98,1659.89,1659.98,0.01,14.51,24379.16,1
2025-07-02,2025-07-02 12:46:00,1659.98,1660.07,1659.98,1660.07,0.01,14.51,24379.16,1
2025-07-02,2025-07-02 12:47:00,1660.07,1660.16,1660.07,1660.16,0.01,14.51,24379.16,1
2025-07-02,2025-07-02 12:48:00,1660.16,1660.25,1660.16,1660.25,0.01,14.51,24379.16,1
2025-07-02,2025-07-02 12:49:00,1660.25,1660.34,1660.25,1660.34,0.01,14.51,24379.16,1
2025-07-02,2025-07-02 12:50:00,1660.34,1660.43,1660.34,1660.43,0.01,14.51,24379.16,1
2025-07-02,2025-07-02 12:51:00,1660.43,1660.51,1660.43,1660.51,0.0,14.51,24379.16,1
2025-07-02,2025-07-02 12:52:00,1660.51,1660.6,1660.51,1660.6,0.01,14.51,24379.16,1
2025-07-02,2025-07-02 12:53:00,1660.6,1660.69,1660.6,1660.69,0.01,14.51,24379.16,1
2025-07-02,2025-07-02 12:54:00,1660.69,1660.78,1660.69,1660.78,0.01,14.51,24379.16,1
2025-07-02,2025-07-02 12:55:00,1660.78,1660.87,1660.78,1660.87,0.01,14.51,24379.16,1
2025-07-02,2025-07-02 12:56:00,1660.87,1660.96,1660.87,1660.96,0.01,14.51,24379.16,1
2025-07-02,2025-07-02 12:57:00,1660.96,1661.05,1660.96,1661.05,0.01,14.51,24379.16,1
2025-07-02,2025-07-02 12:58:00,1661.05,1661.14,1661.05,1661.14,0.01,14.51,24379.16,1
2025-07-02,2025-07-02 12:59:00,1661.14,1661.23,1661.14,1661.23,0.01,14.51,24379.16,1
2025-07-02,2025-07-02 13:00:00,1661.23,1695.0,1606.1,1661.32,0.01,14.51,24379.16,1
2025-07-02,2025-07-02 13:01:00,1661.32,1661.41,1661.32,1661.41,0.01,14.51,24379.16,1
2025-07-02,2025-07-02 13:02:00,1661.41,1661.5,1661.41,1661.5,0.01,14.51,24379.16,1
2025-07-02,2025-07-02 13:03:00,1661.5,1661.59,1661.5,1661.59,0.01,14.51,24379.16,1
2025-07-02,2025-07-02 13:04:00,1661.59,1661.68,1661.59,1661.68,0.01,14.51,24379.16,1
2025-07-02,2025-07-02 13:05:00,1661.68,1661.77,1661.68,1661.77,0.01,14.51,24379.16,1
2025-07-02,2025-07-02 13:06:00,1661.77,1661.86,1661.77,1661.86,0.01,14.51,24379.16,1
2025-07-02,2025-07-02 13:07:00,1661.86,1661.95,1661.86,1661.95,0.01,14.51,24379.16,1
2025-07-02,2025-07-02 13:08:00,1661.95,1662.03,1661.95,1662.03,0.0,14.51,24379.16,1
2025-07-02,2025-07-02 13:09:00,1662.03,1662.12,1662.03,1662.12,0.01,14.51,24379.16,1
2025-07-02,2025-07-02 13:10:00,1662.12,1662.21,1662.12,1662.21,0.01,14.51,24379.16,1
2025-07-02,2025-07-02 13:11:00,1662.21,1662.3,1662.21,1662.3,0.01,14.51,24379.16,1
2025-07-02,2025-07-02 13:12:00,1662.3,1662.39,1662.3,1662.39,0.01,14.51,24379.16,1
2025-07-02,2025-07-02 13:13:00,1662.39,1662.48,1662.39,1662.48,0.01,14.51,24379.16,1
2025-07-02,2025-07-02 13:14:00,1662.48,1662.57,1662.48,1662.57,0.01,14.51,24379.16,1
2025-07-02,2025-07-02 13:15:00,1662.57,1662.66,1662.57,1662.66,0.01,14.51,24379.16,1
2025-07-02,2025-07-02 13:16:00,1662.66,1662.75,1662.66,1662.75,0.01,14.51,24379.16,1
2025-07-02,2025-07-02 13:17:00,1662.75,1662.84,1662.75,1662.84,0.01,14.51,24379.16,1
2025-07-02,2025-07-02 13:18:00,1662.84,1662.93,1662.84,1662.93,0.01,14.51,24379.16,1
2025-07-02,2025-07-02 13:19:00,1662.93,1663.02,1662.93,1663.02,0.01,14.51,24379.16,1
2025-07-02,2025-07-02 13:20:00,1663.02,1663.11,1663.02,1663.11,0.01,14.51,24379.16,1
2025-07-02,2025-07-02 13:21:00,1663.11,1663.2,1663.11,1663.2,0.01,14.51,24379.16,1
2025-07-02,2025-07-02 13:22:00,1663.2,1663.29,1663.2,1663.29,0.01,14.51,24379.16,1
2025-07-02,2025-07-02 13:23:00,1663.29,1663.38,1663.29,1663.38,0.01,14.51,24379.16,1
2025-07-02,2025-07-02 13:24:00,1663.38,1663.47,1663.38,1663.47,0.01,14.51,24379.16,1
2025-07-02,2025-07-02 13:25:00,1663.47,1663.55,1663.47,1663.55,0.0,14.51,24379.16,1
2025-07-02,2025-07-02 13:26:00,1663.55,1663.64,1663.55,1663.64,0.01,14.51,24379.16,1
2025-07-02,2025-07-02 13:27:00,1663.64,1663.73,1663.64,1663.73,0.01,14.51,24379.16,1
2025-07-02,2025-07-02 13:28:00,1663.73,1663.82,1663.73,1663.82,0.01,14.51,24379.16,1
2025-07-02,2025-07-02 13:29:00,1663.82,1663.91,1663.82,1663.91,0.01,14.51,24379.16,1
2025-07-02,2025-07-02 13:30:00,1663.91,1664.0,1663.91,1664.0,0.01,14.51,24379.16,1
2025-07-02,2025-07-02 13:31:00,1664.0,1664.09,1664.0,1664.09,0.01,14.51,24379.16,1
2025-07-02,2025-07-02 13:32:00,1664.09,1664.18,1664.09,1664.18,0.01,14.51,24379.16,1
2025-07-02,2025-07-02 13:33:00,1664.18,1664.27,1664.18,1664.27,0.01,14.51,24379.16,1
2025-07-02,2025-07-02 13:34:00,1664.27,1664.36,1664.27,1664.36,0.01,14.51,24379.16,1
2025-07-02,2025-07-02 13:35:00,1664.36,1664.45,1664.36,1664.45,0.01,14.51,24379.16,1
2025-07-02,2025-07-02 13:36:00,1664.45,1664.54,1664.45,1664.54,0.01,14.51,24379.16,1
2025-07-02,2025-07-02 13:37:00,1664.54,1664.63,1664.54,1664.63,0.01,14.51,24379.16,1
2025-07-02,2025-07-02 13:38:00,1664.63,1664.72,1664.63,1664.72,0.01,14.51,24379.16,1
2025-07-02,2025-07-02 13:39:00,1664.72,1664.81,1664.72,1664.81,0.01,14.51,24379.16,1
2025-07-02,2025-07-02 13:40:00,1664.81,1664.9,1664.81,1664.9,0.01,14.51,24379.16,1
2025-07-02,2025-07-02 13:41:00,1664.9,1664.99,1664.9,1664.99,0.01,14.51,24379.16,1
2025-07-02,2025-07-02 13:42:00,1664.99,1665.07,1664.99,1665.07,0.0,14.51,24379.16,1
2025-07-02,2025-07-02 13:43:00,1665.07,1665.16,1665.07,1665.16,0.01,14.51,24379.16,1
2025-07-02,2025-07-02 13:44:00,1665.16,1665.25,1665.16,1665.25,0.01,14.51,24379.16,1
2025-07-02,2025-07-02 13:45:00,1665.25,1665.34,1665.25,1665.34,0.01,14.51,24379.16,1
2025-07-02,2025-07-02 13:46:00,1665.34,1665.43,1665.34,1665.43,0.01,14.51,24379.16,1
2025-07-02,2025-07-02 13:47:00,1665.43,1665.52,1665.43,1665.52,0.01,14.51,24379.16,1
2025-07-02,2025-07-02 13:48:00,1665.52,1665.61,1665.52,1665.61,0.01,14.51,24379.16,1
2025-07-02,2025-07-02 13:49:00,1665.61,1665.7,1665.61,1665.7,0.01,14.51,24379.16,1
2025-07-02,2025-07-02 13:50:00,1665.7,1665.79,1665.7,1665.79,0.01,14.51,24379.16,1
2025-07-02,2025-07-02 13:51:00,1665.79,1665.88,1665.79,1665.88,0.01,14.51,24379.16,1
2025-07-02,2025-07-02 13:52:00,1665.88,1665.97,1665.88,1665.97,0.01,14.51,24379.16,1
2025-07-02,2025-07-02 13:53:00,1665.97,1666.06,1665.97,1666.06,0.01,14.51,24379.16,1
2025-07-02,2025-07-02 13:54:00,1666.06,1666.15,1666.06,1666.15,0.01,14.51,24379.16,1
2025-07-02,2025-07-02 13:55:00,1666.15,1666.24,1666.15,1666.24,0.01,14.51,24379.16,1
2025-07-02,2025-07-02 13:56:00,1666.24,1666.33,1666.24,1666.33,0.01,14.51,24379.16,1
2025-07-02,2025-07-02 13:57:00,1666.33,1666.42,1666.33,1666.42,0.01,14.51,24379.16,1
2025-07-02,2025-07-02 13:58:00,1666.42,1666.51,1666.42,1666.51,0.01,14.51,24379.16,1
2025-07-02,2025-07-02 13:59:00,1666.51,1666.6,1666.51,1666.6,0.01,14.51,24379.16,1
2025-07-02,2025-07-02 14:00:00,1666.6,1666.68,1666.6,1666.68,0.0,14.51,24379.16,1
2025-07-02,2025-07-02 14:01:00,1666.68,1666.77,1666.68,1666.77,0.01,14.51,24379.16,1
2025-07-02,2025-07-02 14:02:00,1666.77,1666.86,1666.77,1666.86,0.01,14.51,24379.16,1
2025-07-02,2025-07-02 14:03:00,1666.86,1666.95,1666.86,1666.95,0.01,14.51,24379.16,1
2025-07-02,2025-07-02 14:04:00,1666.95,1667.04,1666.95,1667.04,0.01,14.51,24379.16,1
2025-07-02,2025-07-02 14:05:00,1667.04,1667.13,1667.04,1667.13,0.01,14.51,24379.16,1
2025-07-02,2025-07-02 14:06:00,1667.13,1667.22,1667.13,1667.22,0.01,14.51,24379.16,1
2025-07-02,2025-07-02 14:07:00,1667.22,1667.31,1667.22,1667.31,0.01,14.51,24379.16,1
2025-07-02,2025-07-02 14:08:00,1667.31,1667.4,1667.31,1667.4,0.01,14.51,24379.16,1
2025-07-02,2025-07-02 14:09:00,1667.4,1667.49,1667.4,1667.49,0.01,14.51,24379.16,1
2025-07-02,2025-07-02 14:10:00,1667.49,1667.58,1667.49,1667.58,0.01,14.51,24379.16,1
2025-07-02,2025-07-02 14:11:00,1667.58,1667.67,1667.58,1667.67,0.01,14.51,24379.16,1
2025-07-02,2025-07-02 14:12:00,1667.67,1667.76,1667.67,1667.76,0.01,14.51,24379.16,1
2025-07-02,2025-07-02 14:13:00,1667.76,1667.85,1667.76,1667.85,0.01,14.51,24379.16,1
2025-07-02,2025-07-02 14:14:00,1667.85,1667.94,1667.85,1667.94,0.01,14.51,24379.16,1
2025-07-02,2025-07-02 14:15:00,1667.94,1668.03,1667.94,1668.03,0.01,14.51,24379.16,1
2025-07-02,2025-07-02 14:16:00,1668.03,1668.12,1668.03,1668.12,0.01,14.51,24379.16,1
2025-07-02,2025-07-02 14:17:00,1668.12,1668.2,1668.12,1668.2,0.0,14.51,24379.16,1
2025-07-02,2025-07-02 14:18:00,1668.2,1668.29,1668.2,1668.29,0.01,14.51,24379.16,1
2025-07-02,2025-07-02 14:19:00,1668.29,1668.38,1668.29,1668.38,0.01,14.51,24379.16,1
2025-07-02,2025-07-02 14:20:00,1668.38,1668.47,1668.38,1668.47,0.01,14.51,24379.16,1
2025-07-02,2025-07-02 14:21:00,1668.47,1668.56,1668.47,1668.56,0.01,14.51,24379.16,1
2025-07-02,2025-07-02 14:22:00,1668.56,1668.65,1668.56,1668.65,0.01,14.51,24379.16,1
2025-07-02,2025-07-02 14:23:00,1668.65,1668.74,1668.65,1668.74,0.01,14.51,24379.16,1
2025-07-02,2025-07-02 14:24:00,1668.74,1668.83,1668.74,1668.83,0.01,14.51,24379.16,1
2025-07-02,2025-07-02 14:25:00,1668.83,1668.92,1668.83,1668.92,0.01,14.51,24379.16,1
2025-07-02,2025-07-02 14:26:00,1668.92,1669.01,1668.92,1669.01,0.01,14.51,24379.16,1
2025-07-02,2025-07-02 14:27:00,1669.01,1669.1,1669.01,1669.1,0.01,14.51,24379.16,1
2025-07-02,2025-07-02 14:28:00,1669.1,1669.19,1669.1,1669.19,0.01,14.51,24379.16,1
2025-07-02,2025-07-02 14:29:00,1669.19,1669.28,1669.19,1669.28,0.01,14.51,24379.16,1
2025-07-02,2025-07-02 14:30:00,1669.28,1669.37,1669.28,1669.37,0.01,14.51,24379.16,1
2025-07-02,2025-07-02 14:31:00,1669.37,1669.46,1669.37,1669.46,0.01,14.51,24379.16,1
2025-07-02,2025-07-02 14:32:00,1669.46,1669.55,1669.46,1669.55,0.01,14.51,24379.16,1
2025-07-02,2025-07-02 14:33:00,1669.55,1669.64,1669.55,1669.64,0.01,14.51,24379.16,1
2025-07-02,2025-07-02 14:34:00,1669.64,1669.72,1669.64,1669.72,0.0,14.51,24379.16,1
2025-07-02,2025-07-02 14:35:00,1669.72,1669.81,1669.72,1669.81,0.01,14.51,24379.16,1
2025-07-02,2025-07-02 14:36:00,1669.81,1669.9,1669.81,1669.9,0.01,14.51,24379.16,1
2025-07-02,2025-07-02 14:37:00,1669.9,1669.99,1669.9,1669.99,0.01,14.51,24379.16,1
2025-07-02,2025-07-02 14:38:00,1669.99,1670.08,1669.99,1670.08,0.01,14.51,24379.16,1
2025-07-02,2025-07-02 14:39:00,1670.08,1670.17,1670.08,1670.17,0.01,14.51,24379.16,1
2025-07-02,2025-07-02 14:40:00,1670.17,1670.26,1670.17,1670.26,0.01,14.51,24379.16,1
2025-07-02,2025-07-02 14:41:00,1670.26,1670.35,1670.26,1670.35,0.01,14.51,24379.16,1
2025-07-02,2025-07-02 14:42:00,1670.35,1670.44,1670.35,1670.44,0.01,14.51,24379.16,1
2025-07-02,2025-07-02 14:43:00,1670.44,1670.53,1670.44,1670.53,0.01,14.51,24379.16,1
2025-07-02,2025-07-02 14:44:00,1670.53,1670.62,1670.53,1670.62,0.01,14.51,24379.16,1
2025-07-02,2025-07-02 14:45:00,1670.62,1670.71,1670.62,1670.71,0.01,14.51,24379.16,1
2025-07-02,2025-07-02 14:46:00,1670.71,1670.8,1670.71,1670.8,0.01,14.51,24379.16,1
2025-07-02,2025-07-02 14:47:00,1670.8,1670.89,1670.8,1670.89,0.01,14.51,24379.16,1
2025-07-02,2025-07-02 14:48:00,1670.89,1670.98,1670.89,1670.98,0.01,14.51,24379.16,1
2025-07-02,2025-07-02 14:49:00,1670.98,1671.07,1670.98,1671.07,0.01,14.51,24379.16,1
2025-07-02,2025-07-02 14:50:00,1671.07,1671.16,1671.07,1671.16,0.01,14.51,24379.16,1
2025-07-02,2025-07-02 14:51:00,1671.16,1671.24,1671.16,1671.24,0.0,14.51,24379.16,1
2025-07-02,2025-07-02 14:52:00,1671.24,1671.33,1671.24,1671.33,0.01,14.51,24379.16,1
2025-07-02,2025-07-02 14:53:00,1671.33,1671.42,1671.33,1671.42,0.01,14.51,24379.16,1
2025-07-02,2025-07-02 14:54:00,1671.42,1671.51,1671.42,1671.51,0.01,14.51,24379.16,1
2025-07-02,2025-07-02 14:55:00,1671.51,1671.6,1671.51,1671.6,0.01,14.51,24379.16,1
2025-07-02,2025-07-02 14:56:00,1671.6,1671.69,1671.6,1671.69,0.01,14.51,24379.16,1
2025-07-02,2025-07-02 14:57:00,1671.69,1671.78,1671.69,1671.78,0.01,14.51,24379.16,1
2025-07-02,2025-07-02 14:58:00,1671.78,1671.87,1671.78,1671.87,0.01,14.51,24379.16,1
2025-07-02,2025-07-02 14:59:00,1671.87,1671.96,1671.87,1671.96,0.01,14.51,24379.16,1
2025-07-02,2025-07-02 15:00:00,1671.96,1695.0,1606.1,1671.96,0.0,14.51,24379.16,0
2025-07-03,2025-07-03 11:00:00,1641.0,1655.7,1641.0,1641.07,0.0,6.45,10725.32,1
2025-07-03,2025-07-03 11:01:00,1641.07,1641.14,1641.07,1641.14,0.0,6.45,10725.32,1
2025-07-03,2025-07-03 11:02:00,1641.14,1641.2,1641.14,1641.2,0.0,6.45,10725.32,1
2025-07-03,2025-07-03 11:03:00,1641.2,1641.27,1641.2,1641.27,0.0,6.45,10725.32,1
2025-07-03,2025-07-03 11:04:00,1641.27,1641.34,1641.27,1641.34,0.0,6.45,10725.32,1
2025-07-03,2025-07-03 11:05:00,1641.34,1641.41,1641.34,1641.41,0.0,6.45,10725.32,1
2025-07-03,2025-07-03 11:06:00,1641.41,1641.48,1641.41,1641.48,0.0,6.45,10725.32,1
2025-07-03,2025-07-03 11:07:00,1641.48,1641.55,1641.48,1641.55,0.0,6.45,10725.32,1
2025-07-03,2025-07-03 11:08:00,1641.55,1641.61,1641.55,1641.61,0.0,6.45,10725.32,1
2025-07-03,2025-07-03 11:09:00,1641.61,1641.68,1641.61,1641.68,0.0,6.45,10725.32,1
2025-07-03,2025-07-03 11:10:00,1641.68,1641.75,1641.68,1641.75,0.0,6.45,10725.32,1
2025-07-03,2025-07-03 11:11:00,1641.75,1641.82,1641.75,1641.82,0.0,6.45,10725.32,1
2025-07-03,2025-07-03 11:12:00,1641.82,1641.89,1641.82,1641.89,0.0,6.45,10725.32,1
2025-07-03,2025-07-03 11:13:00,1641.89,1641.96,1641.89,1641.96,0.0,6.45,10725.32,1
2025-07-03,2025-07-03 11:14:00,1641.96,1642.02,1641.96,1642.02,0.0,6.45,10725.32,1
2025-07-03,2025-07-03 11:15:00,1642.02,1642.09,1642.02,1642.09,0.0,6.45,10725.32,1
2025-07-03,2025-07-03 11:16:00,1642.09,1642.16,1642.09,1642.16,0.0,6.45,10725.32,1
2025-07-03,2025-07-03 11:17:00,1642.16,1642.23,1642.16,1642.23,0.0,6.45,10725.32,1
2025-07-03,2025-07-03 11:18:00,1642.23,1642.3,1642.23,1642.3,0.0,6.45,10725.32,1
2025-07-03,2025-07-03 11:19:00,1642.3,1642.37,1642.3,1642.37,0.0,6.45,10725.32,1
2025-07-03,2025-07-03 11:20:00,1642.37,1642.43,1642.37,1642.43,0.0,6.45,10725.32,1
2025-07-03,2025-07-03 11:21:00,1642.43,1642.5,1642.43,1642.5,0.0,6.45,10725.32,1
2025-07-03,2025-07-03 11:22:00,1642.5,1642.57,1642.5,1642.57,0.0,6.45,10725.32,1
2025-07-03,2025-07-03 11:23:00,1642.57,1642.64,1642.57,1642.64,0.0,6.45,10725.32,1
2025-07-03,2025-07-03 11:24:00,1642.64,1642.71,1642.64,1642.71,0.0,6.45,10725.32,1
2025-07-03,2025-07-03 11:25:00,1642.71,1642.78,1642.71,1642.78,0.0,6.45,10725.32,1
2025-07-03,2025-07-03 11:26:00,1642.78,1642.84,1642.78,1642.84,0.0,6.45,10725.32,1
2025-07-03,2025-07-03 11:27:00,1642.84,1642.91,1642.84,1642.91,0.0,6.45,10725.32,1
2025-07-03,2025-07-03 11:28:00,1642.91,1642.98,1642.91,1642.98,0.0,6.45,10725.32,1
2025-07-03,2025-07-03 11:29:00,1642.98,1643.05,1642.98,1643.05,0.0,6.45,10725.32,1
2025-07-03,2025-07-03 11:30:00,1643.05,1643.12,1643.05,1643.12,0.0,6.45,10725.32,1
2025-07-03,2025-07-03 11:31:00,1643.12,1643.19,1643.12,1643.19,0.0,6.45,10725.32,1
2025-07-03,2025-07-03 11:32:00,1643.19,1643.25,1643.19,1643.25,0.0,6.45,10725.32,1
2025-07-03,2025-07-03 11:33:00,1643.25,1643.32,1643.25,1643.32,0.0,6.45,10725.32,1
2025-07-03,2025-07-03 11:34:00,1643.32,1643.39,1643.32,1643.39,0.0,6.45,10725.32,1
2025-07-03,2025-07-03 11:35:00,1643.39,1643.46,1643.39,1643.46,0.0,6.45,10725.32,1
2025-07-03,2025-07-03 11:36:00,1643.46,1643.53,1643.46,1643.53,0.0,6.45,10725.32,1
2025-07-03,2025-07-03 11:37:00,1643.53,1643.6,1643.53,1643.6,0.0,6.45,10725.32,1
2025-07-03,2025-07-03 11:38:00,1643.6,1643.66,1643.6,1643.66,0.0,6.45,10725.32,1
2025-07-03,2025-07-03 11:39:00,1643.66,1643.73,1643.66,1643.73,0.0,6.45,10725.32,1
2025-07-03,2025-07-03 11:40:00,1643.73,1643.8,1643.73,1643.8,0.0,6.45,10725.32,1
2025-07-03,2025-07-03 11:41:00,1643.8,1643.87,1643.8,1643.87,0.0,6.45,10725.32,1
2025-07-03,2025-07-03 11:42:00,1643.87,1643.94,1643.87,1643.94,0.0,6.45,10725.32,1
2025-07-03,2025-07-03 11:43:00,1643.94,1644.0,1643.94,1644.0,0.0,6.45,10725.32,1
2025-07-03,2025-07-03 11:44:00,1644.0,1644.07,1644.0,1644.07,0.0,6.45,10725.32,1
2025-07-03,2025-07-03 11:45:00,1644.07,1644.14,1644.07,1644.14,0.0,6.45,10725.32,1
2025-07-03,2025-07-03 11:46:00,1644.14,1644.21,1644.14,1644.21,0.0,6.45,10725.32,1
2025-07-03,2025-07-03 11:47:00,1644.21,1644.28,1644.21,1644.28,0.0,6.45,10725.32,1
2025-07-03,2025-07-03 11:48:00,1644.28,1644.35,1644.28,1644.35,0.0,6.45,10725.32,1
2025-07-03,2025-07-03 11:49:00,1644.35,1644.41,1644.35,1644.41,0.0,6.45,10725.32,1
2025-07-03,2025-07-03 11:50:00,1644.41,1644.48,1644.41,1644.48,0.0,6.45,10725.32,1
2025-07-03,2025-07-03 11:51:00,1644.48,1644.55,1644.48,1644.55,0.0,6.45,10725.32,1
2025-07-03,2025-07-03 11:52:00,1644.55,1644.62,1644.55,1644.62,0.0,6.45,10725.32,1
2025-07-03,2025-07-03 11:53:00,1644.62,1644.69,1644.62,1644.69,0.0,6.45,10725.32,1
2025-07-03,2025-07-03 11:54:00,1644.69,1644.76,1644.69,1644.76,0.0,6.45,10725.32,1
2025-07-03,2025-07-03 11:55:00,1644.76,1644.82,1644.76,1644.82,0.0,6.45,10725.32,1
2025-07-03,2025-07-03 11:56:00,1644.82,1644.89,1644.82,1644.89,0.0,6.45,10725.32,1
2025-07-03,2025-07-03 11:57:00,1644.89,1644.96,1644.89,1644.96,0.0,6.45,10725.32,1
2025-07-03,2025-07-03 11:58:00,1644.96,1645.03,1644.96,1645.03,0.0,6.45,10725.32,1
2025-07-03,2025-07-03 11:59:00,1645.03,1645.1,1645.03,1645.1,0.0,6.45,10725.32,1
2025-07-03,2025-07-03 12:00:00,1645.1,1645.17,1645.1,1645.17,0.0,6.45,10725.32,1
2025-07-03,2025-07-03 12:01:00,1645.17,1645.23,1645.17,1645.23,0.0,6.45,10725.32,1
2025-07-03,2025-07-03 12:02:00,1645.23,1645.3,1645.23,1645.3,0.0,6.45,10725.32,1
2025-07-03,2025-07-03 12:03:00,1645.3,1645.37,1645.3,1645.37,0.0,6.45,10725.32,1
2025-07-03,2025-07-03 12:04:00,1645.37,1645.44,1645.37,1645.44,0.0,6.45,10725.32,1
2025-07-03,2025-07-03 12:05:00,1645.44,1645.51,1645.44,1645.51,0.0,6.45,10725.32,1
2025-07-03,2025-07-03 12:06:00,1645.51,1645.58,1645.51,1645.58,0.0,6.45,10725.32,1
2025-07-03,2025-07-03 12:07:00,1645.58,1645.64,1645.58,1645.64,0.0,6.45,10725.32,1
2025-07-03,2025-07-03 12:08:00,1645.64,1645.71,1645.64,1645.71,0.0,6.45,10725.32,1
2025-07-03,2025-07-03 12:09:00,1645.71,1645.78,1645.71,1645.78,0.0,6.45,10725.32,1
2025-07-03,2025-07-03 12:10:00,1645.78,1645.85,1645.78,1645.85,0.0,6.45,10725.32,1
2025-07-03,2025-07-03 12:11:00,1645.85,1645.92,1645.85,1645.92,0.0,6.45,10725.32,1
2025-07-03,2025-07-03 12:12:00,1645.92,1645.99,1645.92,1645.99,0.0,6.45,10725.32,1
2025-07-03,2025-07-03 12:13:00,1645.99,1646.05,1645.99,1646.05,0.0,6.45,10725.32,1
2025-07-03,2025-07-03 12:14:00,1646.05,1646.12,1646.05,1646.12,0.0,6.45,10725.32,1
2025-07-03,2025-07-03 12:15:00,1646.12,1646.19,1646.12,1646.19,0.0,6.45,10725.32,1
2025-07-03,2025-07-03 12:16:00,1646.19,1646.26,1646.19,1646.26,0.0,6.45,10725.32,1
2025-07-03,2025-07-03 12:17:00,1646.26,1646.33,1646.26,1646.33,0.0,6.45,10725.32,1
2025-07-03,2025-07-03 12:18:00,1646.33,1646.4,1646.33,1646.4,0.0,6.45,10725.32,1
2025-07-03,2025-07-03 12:19:00,1646.4,1646.46,1646.4,1646.46,0.0,6.45,10725.32,1
2025-07-03,2025-07-03 12:20:00,1646.46,1646.53,1646.46,1646.53,0.0,6.45,10725.32,1
2025-07-03,2025-07-03 12:21:00,1646.53,1646.6,1646.53,1646.6,0.0,6.45,10725.32,1
2025-07-03,2025-07-03 12:22:00,1646.6,1646.67,1646.6,1646.67,0.0,6.45,10725.32,1
2025-07-03,2025-07-03 12:23:00,1646.67,1646.74,1646.67,1646.74,0.0,6.45,10725.32,1
2025-07-03,2025-07-03 12:24:00,1646.74,1646.8,1646.74,1646.8,0.0,6.45,10725.32,1
2025-07-03,2025-07-03 12:25:00,1646.8,1646.87,1646.8,1646.87,0.0,6.45,10725.32,1
2025-07-03,2025-07-03 12:26:00,1646.87,1646.94,1646.87,1646.94,0.0,6.45,10725.32,1
2025-07-03,2025-07-03 12:27:00,1646.94,1647.01,1646.94,1647.01,0.0,6.45,10725.32,1
2025-07-03,2025-07-03 12:28:00,1647.01,1647.08,1647.01,1647.08,0.0,6.45,10725.32,1
2025-07-03,2025-07-03 12:29:00,1647.08,1647.15,1647.08,1647.15,0.0,6.45,10725.32,1
2025-07-03,2025-07-03 12:30:00,1647.15,1647.21,1647.15,1647.21,0.0,6.45,10725.32,1
2025-07-03,2025-07-03 12:31:00,1647.21,1647.28,1647.21,1647.28,0.0,6.45,10725.32,1
2025-07-03,2025-07-03 12:32:00,1647.28,1647.35,1647.28,1647.35,0.0,6.45,10725.32,1
2025-07-03,2025-07-03 12:33:00,1647.35,1647.42,1647.35,1647.42,0.0,6.45,10725.32,1
2025-07-03,2025-07-03 12:34:00,1647.42,1647.49,1647.42,1647.49,0.0,6.45,10725.32,1
2025-07-03,2025-07-03 12:35:00,1647.49,1647.56,1647.49,1647.56,0.0,6.45,10725.32,1
2025-07-03,2025-07-03 12:36:00,1647.56,1647.62,1647.56,1647.62,0.0,6.45,10725.32,1
2025-07-03,2025-07-03 12:37:00,1647.62,1647.69,1647.62,1647.69,0.0,6.45,10725.32,1
2025-07-03,2025-07-03 12:38:00,1647.69,1647.76,1647.69,1647.76,0.0,6.45,10725.32,1
2025-07-03,2025-07-03 12:39:00,1647.76,1647.83,1647.76,1647.83,0.0,6.45,10725.32,1
2025-07-03,2025-07-03 12:40:00,1647.83,1647.9,1647.83,1647.9,0.0,6.45,10725.32,1
2025-07-03,2025-07-03 12:41:00,1647.9,1647.97,1647.9,1647.97,0.0,6.45,10725.32,1
2025-07-03,2025-07-03 12:42:00,1647.97,1648.03,1647.97,1648.03,0.0,6.45,10725.32,1
2025-07-03,2025-07-03 12:43:00,1648.03,1648.1,1648.03,1648.1,0.0,6.45,10725.32,1
2025-07-03,2025-07-03 12:44:00,1648.1,1648.17,1648.1,1648.17,0.0,6.45,10725.32,1
2025-07-03,2025-07-03 12:45:00,1648.17,1648.24,1648.17,1648.24,0.0,6.45,10725.32,1
2025-07-03,2025-07-03 12:46:00,1648.24,1648.31,1648.24,1648.31,0.0,6.45,10725.32,1
2025-07-03,2025-07-03 12:47:00,1648.31,1648.38,1648.31,1648.38,0.0,6.45,10725.32,1
2025-07-03,2025-07-03 12:48:00,1648.38,1648.44,1648.38,1648.44,0.0,6.45,10725.32,1
2025-07-03,2025-07-03 12:49:00,1648.44,1648.51,1648.44,1648.51,0.0,6.45,10725.32,1
2025-07-03,2025-07-03 12:50:00,1648.51,1648.58,1648.51,1648.58,0.0,6.45,10725.32,1
2025-07-03,2025-07-03 12:51:00,1648.58,1648.65,1648.58,1648.65,0.0,6.45,10725.32,1
2025-07-03,2025-07-03 12:52:00,1648.65,1648.72,1648.65,1648.72,0.0,6.45,10725.32,1
2025-07-03,2025-07-03 12:53:00,1648.72,1648.79,1648.72,1648.79,0.0,6.45,10725.32,1
2025-07-03,2025-07-03 12:54:00,1648.79,1648.85,1648.79,1648.85,0.0,6.45,10725.32,1
2025-07-03,2025-07-03 12:55:00,1648.85,1648.92,1648.85,1648.92,0.0,6.45,10725.32,1
2025-07-03,2025-07-03 12:56:00,1648.92,1648.99,1648.92,1648.99,0.0,6.45,10725.32,1
2025-07-03,2025-07-03 12:57:00,1648.99,1649.06,1648.99,1649.06,0.0,6.45,10725.32,1
2025-07-03,2025-07-03 12:58:00,1649.06,1649.13,1649.06,1649.13,0.0,6.45,10725.32,1
2025-07-03,2025-07-03 12:59:00,1649.13,1649.2,1649.13,1649.2,0.0,6.45,10725.32,1
2025-07-03,2025-07-03 13:00:00,1649.2,1690.0,1641.0,1649.26,0.0,6.45,10725.32,1
2025-07-03,2025-07-03 13:01:00,1649.26,1649.33,1649.26,1649.33,0.0,6.45,10725.32,1
2025-07-03,2025-07-03 13:02:00,1649.33,1649.4,1649.33,1649.4,0.0,6.45,10725.32,1
2025-07-03,2025-07-03 13:03:00,1649.4,1649.47,1649.4,1649.47,0.0,6.45,10725.32,1
2025-07-03,2025-07-03 13:04:00,1649.47,1649.54,1649.47,1649.54,0.0,6.45,10725.32,1
2025-07-03,2025-07-03 13:05:00,1649.54,1649.6,1649.54,1649.6,0.0,6.45,10725.32,1
2025-07-03,2025-07-03 13:06:00,1649.6,1649.67,1649.6,1649.67,0.0,6.45,10725.32,1
2025-07-03,2025-07-03 13:07:00,1649.67,1649.74,1649.67,1649.74,0.0,6.45,10725.32,1
2025-07-03,2025-07-03 13:08:00,1649.74,1649.81,1649.74,1649.81,0.0,6.45,10725.32,1
2025-07-03,2025-07-03 13:09:00,1649.81,1649.88,1649.81,1649.88,0.0,6.45,10725.32,1
2025-07-03,2025-07-03 13:10:00,1649.88,1649.95,1649.88,1649.95,0.0,6.45,10725.32,1
2025-07-03,2025-07-03 13:11:00,1649.95,1650.01,1649.95,1650.01,0.0,6.45,10725.32,1
2025-07-03,2025-07-03 13:12:00,1650.01,1650.08,1650.01,1650.08,0.0,6.45,10725.32,1
2025-07-03,2025-07-03 13:13:00,1650.08,1650.15,1650.08,1650.15,0.0,6.45,10725.32,1
2025-07-03,2025-07-03 13:14:00,1650.15,1650.22,1650.15,1650.22,0.0,6.45,10725.32,1
2025-07-03,2025-07-03 13:15:00,1650.22,1650.29,1650.22,1650.29,0.0,6.45,10725.32,1
2025-07-03,2025-07-03 13:16:00,1650.29,1650.36,1650.29,1650.36,0.0,6.45,10725.32,1
2025-07-03,2025-07-03 13:17:00,1650.36,1650.42,1650.36,1650.42,0.0,6.45,10725.32,1
2025-07-03,2025-07-03 13:18:00,1650.42,1650.49,1650.42,1650.49,0.0,6.45,10725.32,1
2025-07-03,2025-07-03 13:19:00,1650.49,1650.56,1650.49,1650.56,0.0,6.45,10725.32,1
2025-07-03,2025-07-03 13:20:00,1650.56,1650.63,1650.56,1650.63,0.0,6.45,10725.32,1
2025-07-03,2025-07-03 13:21:00,1650.63,1650.7,1650.63,1650.7,0.0,6.45,10725.32,1
2025-07-03,2025-07-03 13:22:00,1650.7,1650.77,1650.7,1650.77,0.0,6.45,10725.32,1
2025-07-03,2025-07-03 13:23:00,1650.77,1650.83,1650.77,1650.83,0.0,6.45,10725.32,1
2025-07-03,2025-07-03 13:24:00,1650.83,1650.9,1650.83,1650.9,0.0,6.45,10725.32,1
2025-07-03,2025-07-03 13:25:00,1650.9,1650.97,1650.9,1650.97,0.0,6.45,10725.32,1
2025-07-03,2025-07-03 13:26:00,1650.97,1651.04,1650.97,1651.04,0.0,6.45,10725.32,1
2025-07-03,2025-07-03 13:27:00,1651.04,1651.11,1651.04,1651.11,0.0,6.45,10725.32,1
2025-07-03,2025-07-03 13:28:00,1651.11,1651.18,1651.11,1651.18,0.0,6.45,10725.32,1
2025-07-03,2025-07-03 13:29:00,1651.18,1651.24,1651.18,1651.24,0.0,6.45,10725.32,1
2025-07-03,2025-07-03 13:30:00,1651.24,1651.31,1651.24,1651.31,0.0,6.45,10725.32,1
2025-07-03,2025-07-03 13:31:00,1651.31,1651.38,1651.31,1651.38,0.0,6.45,10725.32,1
2025-07-03,2025-07-03 13:32:00,1651.38,1651.45,1651.38,1651.45,0.0,6.45,10725.32,1
2025-07-03,2025-07-03 13:33:00,1651.45,1651.52,1651.45,1651.52,0.0,6.45,10725.32,1
2025-07-03,2025-07-03 13:34:00,1651.52,1651.59,1651.52,1651.59,0.0,6.45,10725.32,1
2025-07-03,2025-07-03 13:35:00,1651.59,1651.65,1651.59,1651.65,0.0,6.45,10725.32,1
2025-07-03,2025-07-03 13:36:00,1651.65,1651.72,1651.65,1651.72,0.0,6.45,10725.32,1
2025-07-03,2025-07-03 13:37:00,1651.72,1651.79,1651.72,1651.79,0.0,6.45,10725.32,1
2025-07-03,2025-07-03 13:38:00,1651.79,1651.86,1651.79,1651.86,0.0,6.45,10725.32,1
2025-07-03,2025-07-03 13:39:00,1651.86,1651.93,1651.86,1651.93,0.0,6.45,10725.32,1
2025-07-03,2025-07-03 13:40:00,1651.93,1651.99,1651.93,1651.99,0.0,6.45,10725.32,1
2025-07-03,2025-07-03 13:41:00,1651.99,1652.06,1651.99,1652.06,0.0,6.45,10725.32,1
2025-07-03,2025-07-03 13:42:00,1652.06,1652.13,1652.06,1652.13,0.0,6.45,10725.32,1
2025-07-03,2025-07-03 13:43:00,1652.13,1652.2,1652.13,1652.2,0.0,6.45,10725.32,1
2025-07-03,2025-07-03 13:44:00,1652.2,1652.27,1652.2,1652.27,0.0,6.45,10725.32,1
2025-07-03,2025-07-03 13:45:00,1652.27,1652.34,1652.27,1652.34,0.0,6.45,10725.32,1
2025-07-03,2025-07-03 13:46:00,1652.34,1652.4,1652.34,1652.4,0.0,6.45,10725.32,1
2025-07-03,2025-07-03 13:47:00,1652.4,1652.47,1652.4,1652.47,0.0,6.45,10725.32,1
2025-07-03,2025-07-03 13:48:00,1652.47,1652.54,1652.47,1652.54,0.0,6.45,10725.32,1
2025-07-03,2025-07-03 13:49:00,1652.54,1652.61,1652.54,1652.61,0.0,6.45,10725.32,1
2025-07-03,2025-07-03 13:50:00,1652.61,1652.68,1652.61,1652.68,0.0,6.45,10725.32,1
2025-07-03,2025-07-03 13:51:00,1652.68,1652.75,1652.68,1652.75,0.0,6.45,10725.32,1
2025-07-03,2025-07-03 13:52:00,1652.75,1652.81,1652.75,1652.81,0.0,6.45,10725.32,1
2025-07-03,2025-07-03 13:53:00,1652.81,1652.88,1652.81,1652.88,0.0,6.45,10725.32,1
2025-07-03,2025-07-03 13:54:00,1652.88,1652.95,1652.88,1652.95,0.0,6.45,10725.32,1
2025-07-03,2025-07-03 13:55:00,1652.95,1653.02,1652.95,1653.02,0.0,6.45,10725.32,1
2025-07-03,2025-07-03 13:56:00,1653.02,1653.09,1653.02,1653.09,0.0,6.45,10725.32,1
2025-07-03,2025-07-03 13:57:00,1653.09,1653.16,1653.09,1653.16,0.0,6.45,10725.32,1
2025-07-03,2025-07-03 13:58:00,1653.16,1653.22,1653.16,1653.22,0.0,6.45,10725.32,1
2025-07-03,2025-07-03 13:59:00,1653.22,1653.29,1653.22,1653.29,0.0,6.45,10725.32,1
2025-07-03,2025-07-03 14:00:00,1653.29,1653.36,1653.29,1653.36,0.0,6.45,10725.32,1
2025-07-03,2025-07-03 14:01:00,1653.36,1653.43,1653.36,1653.43,0.0,6.45,10725.32,1
2025-07-03,2025-07-03 14:02:00,1653.43,1653.5,1653.43,1653.5,0.0,6.45,10725.32,1
2025-07-03,2025-07-03 14:03:00,1653.5,1653.57,1653.5,1653.57,0.0,6.45,10725.32,1
2025-07-03,2025-07-03 14:04:00,1653.57,1653.63,1653.57,1653.63,0.0,6.45,10725.32,1
2025-07-03,2025-07-03 14:05:00,1653.63,1653.7,1653.63,1653.7,0.0,6.45,10725.32,1
2025-07-03,2025-07-03 14:06:00,1653.7,1653.77,1653.7,1653.77,0.0,6.45,10725.32,1
2025-07-03,2025-07-03 14:07:00,1653.77,1653.84,1653.77,1653.84,0.0,6.45,10725.32,1
2025-07-03,2025-07-03 14:08:00,1653.84,1653.91,1653.84,1653.91,0.0,6.45,10725.32,1
2025-07-03,2025-07-03 14:09:00,1653.91,1653.98,1653.91,1653.98,0.0,6.45,10725.32,1
2025-07-03,2025-07-03 14:10:00,1653.98,1654.04,1653.98,1654.04,0.0,6.45,10725.32,1
2025-07-03,2025-07-03 14:11:00,1654.04,1654.11,1654.04,1654.11,0.0,6.45,10725.32,1
2025-07-03,2025-07-03 14:12:00,1654.11,1654.18,1654.11,1654.18,0.0,6.45,10725.32,1
2025-07-03,2025-07-03 14:13:00,1654.18,1654.25,1654.18,1654.25,0.0,6.45,10725.32,1
2025-07-03,2025-07-03 14:14:00,1654.25,1654.32,1654.25,1654.32,0.0,6.45,10725.32,1
2025-07-03,2025-07-03 14:15:00,1654.32,1654.39,1654.32,1654.39,0.0,6.45,10725.32,1
2025-07-03,2025-07-03 14:16:00,1654.39,1654.45,1654.39,1654.45,0.0,6.45,10725.32,1
2025-07-03,2025-07-03 14:17:00,1654.45,1654.52,1654.45,1654.52,0.0,6.45,10725.32,1
2025-07-03,2025-07-03 14:18:00,1654.52,1654.59,1654.52,1654.59,0.0,6.45,10725.32,1
2025-07-03,2025-07-03 14:19:00,1654.59,1654.66,1654.59,1654.66,0.0,6.45,10725.32,1
2025-07-03,2025-07-03 14:20:00,1654.66,1654.73,1654.66,1654.73,0.0,6.45,10725.32,1
2025-07-03,2025-07-03 14:21:00,1654.73,1654.79,1654.73,1654.79,0.0,6.45,10725.32,1
2025-07-03,2025-07-03 14:22:00,1654.79,1654.86,1654.79,1654.86,0.0,6.45,10725.32,1
2025-07-03,2025-07-03 14:23:00,1654.86,1654.93,1654.86,1654.93,0.0,6.45,10725.32,1
2025-07-03,2025-07-03 14:24:00,1654.93,1655.0,1654.93,1655.0,0.0,6.45,10725.32,1
2025-07-03,2025-07-03 14:25:00,1655.0,1655.07,1655.0,1655.07,0.0,6.45,10725.32,1
2025-07-03,2025-07-03 14:26:00,1655.07,1655.14,1655.07,1655.14,0.0,6.45,10725.32,1
2025-07-03,2025-07-03 14:27:00,1655.14,1655.2,1655.14,1655.2,0.0,6.45,10725.32,1
2025-07-03,2025-07-03 14:28:00,1655.2,1655.27,1655.2,1655.27,0.0,6.45,10725.32,1
2025-07-03,2025-07-03 14:29:00,1655.27,1655.34,1655.27,1655.34,0.0,6.45,10725.32,1
2025-07-03,2025-07-03 14:30:00,1655.34,1655.41,1655.34,1655.41,0.0,6.45,10725.32,1
2025-07-03,2025-07-03 14:31:00,1655.41,1655.48,1655.41,1655.48,0.0,6.45,10725.32,1
2025-07-03,2025-07-03 14:32:00,1655.48,1655.55,1655.48,1655.55,0.0,6.45,10725.32,1
2025-07-03,2025-07-03 14:33:00,1655.55,1655.61,1655.55,1655.61,0.0,6.45,10725.32,1
2025-07-03,2025-07-03 14:34:00,1655.61,1655.68,1655.61,1655.68,0.0,6.45,10725.32,1
2025-07-03,2025-07-03 14:35:00,1655.68,1655.75,1655.68,1655.75,0.0,6.45,10725.32,1
2025-07-03,2025-07-03 14:36:00,1655.75,1655.82,1655.75,1655.82,0.0,6.45,10725.32,1
2025-07-03,2025-07-03 14:37:00,1655.82,1655.89,1655.82,1655.89,0.0,6.45,10725.32,1
2025-07-03,2025-07-03 14:38:00,1655.89,1655.96,1655.89,1655.96,0.0,6.45,10725.32,1
2025-07-03,2025-07-03 14:39:00,1655.96,1656.02,1655.96,1656.02,0.0,6.45,10725.32,1
2025-07-03,2025-07-03 14:40:00,1656.02,1656.09,1656.02,1656.09,0.0,6.45,10725.32,1
2025-07-03,2025-07-03 14:41:00,1656.09,1656.16,1656.09,1656.16,0.0,6.45,10725.32,1
2025-07-03,2025-07-03 14:42:00,1656.16,1656.23,1656.16,1656.23,0.0,6.45,10725.32,1
2025-07-03,2025-07-03 14:43:00,1656.23,1656.3,1656.23,1656.3,0.0,6.45,10725.32,1
2025-07-03,2025-07-03 14:44:00,1656.3,1656.37,1656.3,1656.37,0.0,6.45,10725.32,1
2025-07-03,2025-07-03 14:45:00,1656.37,1656.43,1656.37,1656.43,0.0,6.45,10725.32,1
2025-07-03,2025-07-03 14:46:00,1656.43,1656.5,1656.43,1656.5,0.0,6.45,10725.32,1
2025-07-03,2025-07-03 14:47:00,1656.5,1656.57,1656.5,1656.57,0.0,6.45,10725.32,1
2025-07-03,2025-07-03 14:48:00,1656.57,1656.64,1656.57,1656.64,0.0,6.45,10725.32,1
2025-07-03,2025-07-03 14:49:00,1656.64,1656.71,1656.64,1656.71,0.0,6.45,10725.32,1
2025-07-03,2025-07-03 14:50:00,1656.71,1656.78,1656.71,1656.78,0.0,6.45,10725.32,1
2025-07-03,2025-07-03 14:51:00,1656.78,1656.84,1656.78,1656.84,0.0,6.45,10725.32,1
2025-07-03,2025-07-03 14:52:00,1656.84,1656.91,1656.84,1656.91,0.0,6.45,10725.32,1
2025-07-03,2025-07-03 14:53:00,1656.91,1656.98,1656.91,1656.98,0.0,6.45,10725.32,1
2025-07-03,2025-07-03 14:54:00,1656.98,1657.05,1656.98,1657.05,0.0,6.45,10725.32,1
2025-07-03,2025-07-03 14:55:00,1657.05,1657.12,1657.05,1657.12,0.0,6.45,10725.32,1
2025-07-03,2025-07-03 14:56:00,1657.12,1657.19,1657.12,1657.19,0.0,6.45,10725.32,1
2025-07-03,2025-07-03 14:57:00,1657.19,1657.25,1657.19,1657.25,0.0,6.45,10725.32,1
2025-07-03,2025-07-03 14:58:00,1657.25,1657.32,1657.25,1657.32,0.0,6.45,10725.32,1
2025-07-03,2025-07-03 14:59:00,1657.32,1657.39,1657.32,1657.39,0.0,6.45,10725.32,1
2025-07-03,2025-07-03 15:00:00,1657.39,1690.0,1641.0,1657.39,0.0,6.45,10725.32,0
2025-07-06,2025-07-06 11:00:00,1688.9,1688.93,1670.03,1688.69,-0.01,10.92,17934.59,-1
2025-07-06,2025-07-06 11:01:00,1688.69,1688.69,1688.48,1688.48,-0.01,10.92,17934.59,-1
2025-07-06,2025-07-06 11:02:00,1688.48,1688.48,1688.26,1688.26,-0.01,10.92,17934.59,-1
2025-07-06,2025-07-06 11:03:00,1688.26,1688.26,1688.05,1688.05,-0.01,10.92,17934.59,-1
2025-07-06,2025-07-06 11:04:00,1688.05,1688.05,1687.84,1687.84,-0.01,10.92,17934.59,-1
2025-07-06,2025-07-06 11:05:00,1687.84,1687.84,1687.62,1687.62,-0.01,10.92,17934.59,-1
2025-07-06,2025-07-06 11:06:00,1687.62,1687.62,1687.41,1687.41,-0.01,10.92,17934.59,-1
2025-07-06,2025-07-06 11:07:00,1687.41,1687.41,1687.2,1687.2,-0.01,10.92,17934.59,-1
2025-07-06,2025-07-06 11:08:00,1687.2,1687.2,1686.99,1686.99,-0.01,10.92,17934.59,-1
2025-07-06,2025-07-06 11:09:00,1686.99,1686.99,1686.78,1686.78,-0.01,10.92,17934.59,-1
2025-07-06,2025-07-06 11:10:00,1686.78,1686.78,1686.56,1686.56,-0.01,10.92,17934.59,-1
2025-07-06,2025-07-06 11:11:00,1686.56,1686.56,1686.35,1686.35,-0.01,10.92,17934.59,-1
2025-07-06,2025-07-06 11:12:00,1686.35,1686.35,1686.14,1686.14,-0.01,10.92,17934.59,-1
2025-07-06,2025-07-06 11:13:00,1686.14,1686.14,1685.93,1685.93,-0.01,10.92,17934.59,-1
2025-07-06,2025-07-06 11:14:00,1685.93,1685.93,1685.71,1685.71,-0.01,10.92,17934.59,-1
2025-07-06,2025-07-06 11:15:00,1685.71,1685.71,1685.5,1685.5,-0.01,10.92,17934.59,-1
2025-07-06,2025-07-06 11:16:00,1685.5,1685.5,1685.29,1685.29,-0.01,10.92,17934.59,-1
2025-07-06,2025-07-06 11:17:00,1685.29,1685.29,1685.08,1685.08,-0.01,10.92,17934.59,-1
2025-07-06,2025-07-06 11:18:00,1685.08,1685.08,1684.86,1684.86,-0.01,10.92,17934.59,-1
2025-07-06,2025-07-06 11:19:00,1684.86,1684.86,1684.65,1684.65,-0.01,10.92,17934.59,-1
2025-07-06,2025-07-06 11:20:00,1684.65,1684.65,1684.44,1684.44,-0.01,10.92,17934.59,-1
2025-07-06,2025-07-06 11:21:00,1684.44,1684.44,1684.23,1684.23,-0.01,10.92,17934.59,-1
2025-07-06,2025-07-06 11:22:00,1684.23,1684.23,1684.01,1684.01,-0.01,10.92,17934.59,-1
2025-07-06,2025-07-06 11:23:00,1684.01,1684.01,1683.8,1683.8,-0.01,10.92,17934.59,-1
2025-07-06,2025-07-06 11:24:00,1683.8,1683.8,1683.59,1683.59,-0.01,10.92,17934.59,-1
2025-07-06,2025-07-06 11:25:00,1683.59,1683.59,1683.38,1683.38,-0.01,10.92,17934.59,-1
2025-07-06,2025-07-06 11:26:00,1683.38,1683.38,1683.16,1683.16,-0.01,10.92,17934.59,-1
2025-07-06,2025-07-06 11:27:00,1683.16,1683.16,1682.95,1682.95,-0.01,10.92,17934.59,-1
2025-07-06,2025-07-06 11:28:00,1682.95,1682.95,1682.74,1682.74,-0.01,10.92,17934.59,-1
2025-07-06,2025-07-06 11:29:00,1682.74,1682.74,1682.53,1682.53,-0.01,10.92,17934.59,-1
2025-07-06,2025-07-06 11:30:00,1682.53,1682.53,1682.31,1682.31,-0.01,10.92,17934.59,-1
2025-07-06,2025-07-06 11:31:00,1682.31,1682.31,1682.1,1682.1,-0.01,10.92,17934.59,-1
2025-07-06,2025-07-06 11:32:00,1682.1,1682.1,1681.89,1681.89,-0.01,10.92,17934.59,-1
2025-07-06,2025-07-06 11:33:00,1681.89,1681.89,1681.68,1681.68,-0.01,10.92,17934.59,-1
2025-07-06,2025-07-06 11:34:00,1681.68,1681.68,1681.46,1681.46,-0.01,10.92,17934.59,-1
2025-07-06,2025-07-06 11:35:00,1681.46,1681.46,1681.25,1681.25,-0.01,10.92,17934.59,-1
2025-07-06,2025-07-06 11:36:00,1681.25,1681.25,1681.04,1681.04,-0.01,10.92,17934.59,-1
2025-07-06,2025-07-06 11:37:00,1681.04,1681.04,1680.83,1680.83,-0.01,10.92,17934.59,-1
2025-07-06,2025-07-06 11:38:00,1680.83,1680.83,1680.61,1680.61,-0.01,10.92,17934.59,-1
2025-07-06,2025-07-06 11:39:00,1680.61,1680.61,1680.4,1680.4,-0.01,10.92,17934.59,-1
2025-07-06,2025-07-06 11:40:00,1680.4,1680.4,1680.19,1680.19,-0.01,10.92,17934.59,-1
2025-07-06,2025-07-06 11:41:00,1680.19,1680.19,1679.98,1679.98,-0.01,10.92,17934.59,-1
2025-07-06,2025-07-06 11:42:00,1679.98,1679.98,1679.76,1679.76,-0.01,10.92,17934.59,-1
2025-07-06,2025-07-06 11:43:00,1679.76,1679.76,1679.55,1679.55,-0.01,10.92,17934.59,-1
2025-07-06,2025-07-06 11:44:00,1679.55,1679.55,1679.34,1679.34,-0.01,10.92,17934.59,-1
2025-07-06,2025-07-06 11:45:00,1679.34,1679.34,1679.12,1679.12,-0.01,10.92,17934.59,-1
2025-07-06,2025-07-06 11:46:00,1679.12,1679.12,1678.91,1678.91,-0.01,10.92,17934.59,-1
2025-07-06,2025-07-06 11:47:00,1678.91,1678.91,1678.7,1678.7,-0.01,10.92,17934.59,-1
2025-07-06,2025-07-06 11:48:00,1678.7,1678.7,1678.49,1678.49,-0.01,10.92,17934.59,-1
2025-07-06,2025-07-06 11:49:00,1678.49,1678.49,1678.28,1678.28,-0.01,10.92,17934.59,-1
2025-07-06,2025-07-06 11:50:00,1678.28,1678.28,1678.06,1678.06,-0.01,10.92,17934.59,-1
2025-07-06,2025-07-06 11:51:00,1678.06,1678.06,1677.85,1677.85,-0.01,10.92,17934.59,-1
2025-07-06,2025-07-06 11:52:00,1677.85,1677.85,1677.64,1677.64,-0.01,10.92,17934.59,-1
2025-07-06,2025-07-06 11:53:00,1677.64,1677.64,1677.43,1677.43,-0.01,10.92,17934.59,-1
2025-07-06,2025-07-06 11:54:00,1677.43,1677.43,1677.21,1677.21,-0.01,10.92,17934.59,-1
2025-07-06,2025-07-06 11:55:00,1677.21,1677.21,1677.0,1677.0,-0.01,10.92,17934.59,-1
2025-07-06,2025-07-06 11:56:00,1677.0,1677.0,1676.79,1676.79,-0.01,10.92,17934.59,-1
2025-07-06,2025-07-06 11:57:00,1676.79,1676.79,1676.58,1676.58,-0.01,10.92,17934.59,-1
2025-07-06,2025-07-06 11:58:00,1676.58,1676.58,1676.36,1676.36,-0.01,10.92,17934.59,-1
2025-07-06,2025-07-06 11:59:00,1676.36,1676.36,1676.15,1676.15,-0.01,10.92,17934.59,-1
2025-07-06,2025-07-06 12:00:00,1676.15,1676.15,1675.94,1675.94,-0.01,10.92,17934.59,-1
2025-07-06,2025-07-06 12:01:00,1675.94,1675.94,1675.73,1675.73,-0.01,10.92,17934.59,-1
2025-07-06,2025-07-06 12:02:00,1675.73,1675.73,1675.51,1675.51,-0.01,10.92,17934.59,-1
2025-07-06,2025-07-06 12:03:00,1675.51,1675.51,1675.3,1675.3,-0.01,10.92,17934.59,-1
2025-07-06,2025-07-06 12:04:00,1675.3,1675.3,1675.09,1675.09,-0.01,10.92,17934.59,-1
2025-07-06,2025-07-06 12:05:00,1675.09,1675.09,1674.88,1674.88,-0.01,10.92,17934.59,-1
2025-07-06,2025-07-06 12:06:00,1674.88,1674.88,1674.66,1674.66,-0.01,10.92,17934.59,-1
2025-07-06,2025-07-06 12:07:00,1674.66,1674.66,1674.45,1674.45,-0.01,10.92,17934.59,-1
2025-07-06,2025-07-06 12:08:00,1674.45,1674.45,1674.24,1674.24,-0.01,10.92,17934.59,-1
2025-07-06,2025-07-06 12:09:00,1674.24,1674.24,1674.03,1674.03,-0.01,10.92,17934.59,-1
2025-07-06,2025-07-06 12:10:00,1674.03,1674.03,1673.81,1673.81,-0.01,10.92,17934.59,-1
2025-07-06,2025-07-06 12:11:00,1673.81,1673.81,1673.6,1673.6,-0.01,10.92,17934.59,-1
2025-07-06,2025-07-06 12:12:00,1673.6,1673.6,1673.39,1673.39,-0.01,10.92,17934.59,-1
2025-07-06,2025-07-06 12:13:00,1673.39,1673.39,1673.18,1673.18,-0.01,10.92,17934.59,-1
2025-07-06,2025-07-06 12:14:00,1673.18,1673.18,1672.96,1672.96,-0.01,10.92,17934.59,-1
2025-07-06,2025-07-06 12:15:00,1672.96,1672.96,1672.75,1672.75,-0.01,10.92,17934.59,-1
2025-07-06,2025-07-06 12:16:00,1672.75,1672.75,1672.54,1672.54,-0.01,10.92,17934.59,-1
2025-07-06,2025-07-06 12:17:00,1672.54,1672.54,1672.33,1672.33,-0.01,10.92,17934.59,-1
2025-07-06,2025-07-06 12:18:00,1672.33,1672.33,1672.11,1672.11,-0.01,10.92,17934.59,-1
2025-07-06,2025-07-06 12:19:00,1672.11,1672.11,1671.9,1671.9,-0.01,10.92,17934.59,-1
2025-07-06,2025-07-06 12:20:00,1671.9,1671.9,1671.69,1671.69,-0.01,10.92,17934.59,-1
2025-07-06,2025-07-06 12:21:00,1671.69,1671.69,1671.48,1671.48,-0.01,10.92,17934.59,-1
2025-07-06,2025-07-06 12:22:00,1671.48,1671.48,1671.26,1671.26,-0.01,10.92,17934.59,-1
2025-07-06,2025-07-06 12:23:00,1671.26,1671.26,1671.05,1671.05,-0.01,10.92,17934.59,-1
2025-07-06,2025-07-06 12:24:00,1671.05,1671.05,1670.84,1670.84,-0.01,10.92,17934.59,-1
2025-07-06,2025-07-06 12:25:00,1670.84,1670.84,1670.62,1670.62,-0.01,10.92,17934.59,-1
2025-07-06,2025-07-06 12:26:00,1670.62,1670.62,1670.41,1670.41,-0.01,10.92,17934.59,-1
2025-07-06,2025-07-06 12:27:00,1670.41,1670.41,1670.2,1670.2,-0.01,10.92,17934.59,-1
2025-07-06,2025-07-06 12:28:00,1670.2,1670.2,1669.99,1669.99,-0.01,10.92,17934.59,-1
2025-07-06,2025-07-06 12:29:00,1669.99,1669.99,1669.78,1669.78,-0.01,10.92,17934.59,-1
2025-07-06,2025-07-06 12:30:00,1669.78,1669.78,1669.56,1669.56,-0.01,10.92,17934.59,-1
2025-07-06,2025-07-06 12:31:00,1669.56,1669.56,1669.35,1669.35,-0.01,10.92,17934.59,-1
2025-07-06,2025-07-06 12:32:00,1669.35,1669.35,1669.14,1669.14,-0.01,10.92,17934.59,-1
2025-07-06,2025-07-06 12:33:00,1669.14,1669.14,1668.93,1668.93,-0.01,10.92,17934.59,-1
2025-07-06,2025-07-06 12:34:00,1668.93,1668.93,1668.71,1668.71,-0.01,10.92,17934.59,-1
2025-07-06,2025-07-06 12:35:00,1668.71,1668.71,1668.5,1668.5,-0.01,10.92,17934.59,-1
2025-07-06,2025-07-06 12:36:00,1668.5,1668.5,1668.29,1668.29,-0.01,10.92,17934.59,-1
2025-07-06,2025-07-06 12:37:00,1668.29,1668.29,1668.08,1668.08,-0.01,10.92,17934.59,-1
2025-07-06,2025-07-06 12:38:00,1668.08,1668.08,1667.86,1667.86,-0.01,10.92,17934.59,-1
2025-07-06,2025-07-06 12:39:00,1667.86,1667.86,1667.65,1667.65,-0.01,10.92,17934.59,-1
2025-07-06,2025-07-06 12:40:00,1667.65,1667.65,1667.44,1667.44,-0.01,10.92,17934.59,-1
2025-07-06,2025-07-06 12:41:00,1667.44,1667.44,1667.23,1667.23,-0.01,10.92,17934.59,-1
2025-07-06,2025-07-06 12:42:00,1667.23,1667.23,1667.01,1667.01,-0.01,10.92,17934.59,-1
2025-07-06,2025-07-06 12:43:00,1667.01,1667.01,1666.8,1666.8,-0.01,10.92,17934.59,-1
2025-07-06,2025-07-06 12:44:00,1666.8,1666.8,1666.59,1666.59,-0.01,10.92,17934.59,-1
2025-07-06,2025-07-06 12:45:00,1666.59,1666.59,1666.38,1666.38,-0.01,10.92,17934.59,-1
2025-07-06,2025-07-06 12:46:00,1666.38,1666.38,1666.16,1666.16,-0.01,10.92,17934.59,-1
2025-07-06,2025-07-06 12:47:00,1666.16,1666.16,1665.95,1665.95,-0.01,10.92,17934.59,-1
2025-07-06,2025-07-06 12:48:00,1665.95,1665.95,1665.74,1665.74,-0.01,10.92,17934.59,-1
2025-07-06,2025-07-06 12:49:00,1665.74,1665.74,1665.53,1665.53,-0.01,10.92,17934.59,-1
2025-07-06,2025-07-06 12:50:00,1665.53,1665.53,1665.31,1665.31,-0.01,10.92,17934.59,-1
2025-07-06,2025-07-06 12:51:00,1665.31,1665.31,1665.1,1665.1,-0.01,10.92,17934.59,-1
2025-07-06,2025-07-06 12:52:00,1665.1,1665.1,1664.89,1664.89,-0.01,10.92,17934.59,-1
2025-07-06,2025-07-06 12:53:00,1664.89,1664.89,1664.68,1664.68,-0.01,10.92,17934.59,-1
2025-07-06,2025-07-06 12:54:00,1664.68,1664.68,1664.46,1664.46,-0.01,10.92,17934.59,-1
2025-07-06,2025-07-06 12:55:00,1664.46,1664.46,1664.25,1664.25,-0.01,10.92,17934.59,-1
2025-07-06,2025-07-06 12:56:00,1664.25,1664.25,1664.04,1664.04,-0.01,10.92,17934.59,-1
2025-07-06,2025-07-06 12:57:00,1664.04,1664.04,1663.83,1663.83,-0.01,10.92,17934.59,-1
2025-07-06,2025-07-06 12:58:00,1663.83,1663.83,1663.61,1663.61,-0.01,10.92,17934.59,-1
2025-07-06,2025-07-06 12:59:00,1663.61,1663.61,1663.4,1663.4,-0.01,10.92,17934.59,-1
2025-07-06,2025-07-06 13:00:00,1663.4,1689.0,1626.0,1663.19,-0.01,10.92,17934.59,-1
2025-07-06,2025-07-06 13:01:00,1663.19,1663.19,1662.98,1662.98,-0.01,10.92,17934.59,-1
2025-07-06,2025-07-06 13:02:00,1662.98,1662.98,1662.76,1662.76,-0.01,10.92,17934.59,-1
2025-07-06,2025-07-06 13:03:00,1662.76,1662.76,1662.55,1662.55,-0.01,10.92,17934.59,-1
2025-07-06,2025-07-06 13:04:00,1662.55,1662.55,1662.34,1662.34,-0.01,10.92,17934.59,-1
2025-07-06,2025-07-06 13:05:00,1662.34,1662.34,1662.12,1662.12,-0.01,10.92,17934.59,-1
2025-07-06,2025-07-06 13:06:00,1662.12,1662.12,1661.91,1661.91,-0.01,10.92,17934.59,-1
2025-07-06,2025-07-06 13:07:00,1661.91,1661.91,1661.7,1661.7,-0.01,10.92,17934.59,-1
2025-07-06,2025-07-06 13:08:00,1661.7,1661.7,1661.49,1661.49,-0.01,10.92,17934.59,-1
2025-07-06,2025-07-06 13:09:00,1661.49,1661.49,1661.28,1661.28,-0.01,10.92,17934.59,-1
2025-07-06,2025-07-06 13:10:00,1661.28,1661.28,1661.06,1661.06,-0.01,10.92,17934.59,-1
2025-07-06,2025-07-06 13:11:00,1661.06,1661.06,1660.85,1660.85,-0.01,10.92,17934.59,-1
2025-07-06,2025-07-06 13:12:00,1660.85,1660.85,1660.64,1660.64,-0.01,10.92,17934.59,-1
2025-07-06,2025-07-06 13:13:00,1660.64,1660.64,1660.43,1660.43,-0.01,10.92,17934.59,-1
2025-07-06,2025-07-06 13:14:00,1660.43,1660.43,1660.21,1660.21,-0.01,10.92,17934.59,-1
2025-07-06,2025-07-06 13:15:00,1660.21,1660.21,1660.0,1660.0,-0.01,10.92,17934.59,-1
2025-07-06,2025-07-06 13:16:00,1660.0,1660.0,1659.79,1659.79,-0.01,10.92,17934.59,-1
2025-07-06,2025-07-06 13:17:00,1659.79,1659.79,1659.58,1659.58,-0.01,10.92,17934.59,-1
2025-07-06,2025-07-06 13:18:00,1659.58,1659.58,1659.36,1659.36,-0.01,10.92,17934.59,-1
2025-07-06,2025-07-06 13:19:00,1659.36,1659.36,1659.15,1659.15,-0.01,10.92,17934.59,-1
2025-07-06,2025-07-06 13:20:00,1659.15,1659.15,1658.94,1658.94,-0.01,10.92,17934.59,-1
2025-07-06,2025-07-06 13:21:00,1658.94,1658.94,1658.73,1658.73,-0.01,10.92,17934.59,-1
2025-07-06,2025-07-06 13:22:00,1658.73,1658.73,1658.51,1658.51,-0.01,10.92,17934.59,-1
2025-07-06,2025-07-06 13:23:00,1658.51,1658.51,1658.3,1658.3,-0.01,10.92,17934.59,-1
2025-07-06,2025-07-06 13:24:00,1658.3,1658.3,1658.09,1658.09,-0.01,10.92,17934.59,-1
2025-07-06,2025-07-06 13:25:00,1658.09,1658.09,1657.88,1657.88,-0.01,10.92,17934.59,-1
2025-07-06,2025-07-06 13:26:00,1657.88,1657.88,1657.66,1657.66,-0.01,10.92,17934.59,-1
2025-07-06,2025-07-06 13:27:00,1657.66,1657.66,1657.45,1657.45,-0.01,10.92,17934.59,-1
2025-07-06,2025-07-06 13:28:00,1657.45,1657.45,1657.24,1657.24,-0.01,10.92,17934.59,-1
2025-07-06,2025-07-06 13:29:00,1657.24,1657.24,1657.03,1657.03,-0.01,10.92,17934.59,-1
2025-07-06,2025-07-06 13:30:00,1657.03,1657.03,1656.81,1656.81,-0.01,10.92,17934.59,-1
2025-07-06,2025-07-06 13:31:00,1656.81,1656.81,1656.6,1656.6,-0.01,10.92,17934.59,-1
2025-07-06,2025-07-06 13:32:00,1656.6,1656.6,1656.39,1656.39,-0.01,10.92,17934.59,-1
2025-07-06,2025-07-06 13:33:00,1656.39,1656.39,1656.18,1656.18,-0.01,10.92,17934.59,-1
2025-07-06,2025-07-06 13:34:00,1656.18,1656.18,1655.96,1655.96,-0.01,10.92,17934.59,-1
2025-07-06,2025-07-06 13:35:00,1655.96,1655.96,1655.75,1655.75,-0.01,10.92,17934.59,-1
2025-07-06,2025-07-06 13:36:00,1655.75,1655.75,1655.54,1655.54,-0.01,10.92,17934.59,-1
2025-07-06,2025-07-06 13:37:00,1655.54,1655.54,1655.33,1655.33,-0.01,10.92,17934.59,-1
2025-07-06,2025-07-06 13:38:00,1655.33,1655.33,1655.11,1655.11,-0.01,10.92,17934.59,-1
2025-07-06,2025-07-06 13:39:00,1655.11,1655.11,1654.9,1654.9,-0.01,10.92,17934.59,-1
2025-07-06,2025-07-06 13:40:00,1654.9,1654.9,1654.69,1654.69,-0.01,10.92,17934.59,-1
2025-07-06,2025-07-06 13:41:00,1654.69,1654.69,1654.48,1654.48,-0.01,10.92,17934.59,-1
2025-07-06,2025-07-06 13:42:00,1654.48,1654.48,1654.26,1654.26,-0.01,10.92,17934.59,-1
2025-07-06,2025-07-06 13:43:00,1654.26,1654.26,1654.05,1654.05,-0.01,10.92,17934.59,-1
2025-07-06,2025-07-06 13:44:00,1654.05,1654.05,1653.84,1653.84,-0.01,10.92,17934.59,-1
2025-07-06,2025-07-06 13:45:00,1653.84,1653.84,1653.62,1653.62,-0.01,10.92,17934.59,-1
2025-07-06,2025-07-06 13:46:00,1653.62,1653.62,1653.41,1653.41,-0.01,10.92,17934.59,-1
2025-07-06,2025-07-06 13:47:00,1653.41,1653.41,1653.2,1653.2,-0.01,10.92,17934.59,-1
2025-07-06,2025-07-06 13:48:00,1653.2,1653.2,1652.99,1652.99,-0.01,10.92,17934.59,-1
2025-07-06,2025-07-06 13:49:00,1652.99,1652.99,1652.78,1652.78,-0.01,10.92,17934.59,-1
2025-07-06,2025-07-06 13:50:00,1652.78,1652.78,1652.56,1652.56,-0.01,10.92,17934.59,-1
2025-07-06,2025-07-06 13:51:00,1652.56,1652.56,1652.35,1652.35,-0.01,10.92,17934.59,-1
2025-07-06,2025-07-06 13:52:00,1652.35,1652.35,1652.14,1652.14,-0.01,10.92,17934.59,-1
2025-07-06,2025-07-06 13:53:00,1652.14,1652.14,1651.93,1651.93,-0.01,10.92,17934.59,-1
2025-07-06,2025-07-06 13:54:00,1651.93,1651.93,1651.71,1651.71,-0.01,10.92,17934.59,-1
2025-07-06,2025-07-06 13:55:00,1651.71,1651.71,1651.5,1651.5,-0.01,10.92,17934.59,-1
2025-07-06,2025-07-06 13:56:00,1651.5,1651.5,1651.29,1651.29,-0.01,10.92,17934.59,-1
2025-07-06,2025-07-06 13:57:00,1651.29,1651.29,1651.08,1651.08,-0.01,10.92,17934.59,-1
2025-07-06,2025-07-06 13:58:00,1651.08,1651.08,1650.86,1650.86,-0.01,10.92,17934.59,-1
2025-07-06,2025-07-06 13:59:00,1650.86,1650.86,1650.65,1650.65,-0.01,10.92,17934.59,-1
2025-07-06,2025-07-06 14:00:00,1650.65,1650.65,1650.44,1650.44,-0.01,10.92,17934.59,-1
2025-07-06,2025-07-06 14:01:00,1650.44,1650.44,1650.23,1650.23,-0.01,10.92,17934.59,-1
2025-07-06,2025-07-06 14:02:00,1650.23,1650.23,1650.01,1650.01,-0.01,10.92,17934.59,-1
2025-07-06,2025-07-06 14:03:00,1650.01,1650.01,1649.8,1649.8,-0.01,10.92,17934.59,-1
2025-07-06,2025-07-06 14:04:00,1649.8,1649.8,1649.59,1649.59,-0.01,10.92,17934.59,-1
2025-07-06,2025-07-06 14:05:00,1649.59,1649.59,1649.38,1649.38,-0.01,10.92,17934.59,-1
2025-07-06,2025-07-06 14:06:00,1649.38,1649.38,1649.16,1649.16,-0.01,10.92,17934.59,-1
2025-07-06,2025-07-06 14:07:00,1649.16,1649.16,1648.95,1648.95,-0.01,10.92,17934.59,-1
2025-07-06,2025-07-06 14:08:00,1648.95,1648.95,1648.74,1648.74,-0.01,10.92,17934.59,-1
2025-07-06,2025-07-06 14:09:00,1648.74,1648.74,1648.53,1648.53,-0.01,10.92,17934.59,-1
2025-07-06,2025-07-06 14:10:00,1648.53,1648.53,1648.31,1648.31,-0.01,10.92,17934.59,-1
2025-07-06,2025-07-06 14:11:00,1648.31,1648.31,1648.1,1648.1,-0.01,10.92,17934.59,-1
2025-07-06,2025-07-06 14:12:00,1648.1,1648.1,1647.89,1647.89,-0.01,10.92,17934.59,-1
2025-07-06,2025-07-06 14:13:00,1647.89,1647.89,1647.68,1647.68,-0.01,10.92,17934.59,-1
2025-07-06,2025-07-06 14:14:00,1647.68,1647.68,1647.46,1647.46,-0.01,10.92,17934.59,-1
2025-07-06,2025-07-06 14:15:00,1647.46,1647.46,1647.25,1647.25,-0.01,10.92,17934.59,-1
2025-07-06,2025-07-06 14:16:00,1647.25,1647.25,1647.04,1647.04,-0.01,10.92,17934.59,-1
2025-07-06,2025-07-06 14:17:00,1647.04,1647.04,1646.83,1646.83,-0.01,10.92,17934.59,-1
2025-07-06,2025-07-06 14:18:00,1646.83,1646.83,1646.61,1646.61,-0.01,10.92,17934.59,-1
2025-07-06,2025-07-06 14:19:00,1646.61,1646.61,1646.4,1646.4,-0.01,10.92,17934.59,-1
2025-07-06,2025-07-06 14:20:00,1646.4,1646.4,1646.19,1646.19,-0.01,10.92,17934.59,-1
2025-07-06,2025-07-06 14:21:00,1646.19,1646.19,1645.98,1645.98,-0.01,10.92,17934.59,-1
2025-07-06,2025-07-06 14:22:00,1645.98,1645.98,1645.76,1645.76,-0.01,10.92,17934.59,-1
2025-07-06,2025-07-06 14:23:00,1645.76,1645.76,1645.55,1645.55,-0.01,10.92,17934.59,-1
2025-07-06,2025-07-06 14:24:00,1645.55,1645.55,1645.34,1645.34,-0.01,10.92,17934.59,-1
2025-07-06,2025-07-06 14:25:00,1645.34,1645.34,1645.12,1645.12,-0.01,10.92,17934.59,-1
2025-07-06,2025-07-06 14:26:00,1645.12,1645.12,1644.91,1644.91,-0.01,10.92,17934.59,-1
2025-07-06,2025-07-06 14:27:00,1644.91,1644.91,1644.7,1644.7,-0.01,10.92,17934.59,-1
2025-07-06,2025-07-06 14:28:00,1644.7,1644.7,1644.49,1644.49,-0.01,10.92,17934.59,-1
2025-07-06,2025-07-06 14:29:00,1644.49,1644.49,1644.28,1644.28,-0.01,10.92,17934.59,-1
2025-07-06,2025-07-06 14:30:00,1644.28,1644.28,1644.06,1644.06,-0.01,10.92,17934.59,-1
2025-07-06,2025-07-06 14:31:00,1644.06,1644.06,1643.85,1643.85,-0.01,10.92,17934.59,-1
2025-07-06,2025-07-06 14:32:00,1643.85,1643.85,1643.64,1643.64,-0.01,10.92,17934.59,-1
2025-07-06,2025-07-06 14:33:00,1643.64,1643.64,1643.43,1643.43,-0.01,10.92,17934.59,-1
2025-07-06,2025-07-06 14:34:00,1643.43,1643.43,1643.21,1643.21,-0.01,10.92,17934.59,-1
2025-07-06,2025-07-06 14:35:00,1643.21,1643.21,1643.0,1643.0,-0.01,10.92,17934.59,-1
2025-07-06,2025-07-06 14:36:00,1643.0,1643.0,1642.79,1642.79,-0.01,10.92,17934.59,-1
2025-07-06,2025-07-06 14:37:00,1642.79,1642.79,1642.58,1642.58,-0.01,10.92,17934.59,-1
2025-07-06,2025-07-06 14:38:00,1642.58,1642.58,1642.36,1642.36,-0.01,10.92,17934.59,-1
2025-07-06,2025-07-06 14:39:00,1642.36,1642.36,1642.15,1642.15,-0.01,10.92,17934.59,-1
2025-07-06,2025-07-06 14:40:00,1642.15,1642.15,1641.94,1641.94,-0.01,10.92,17934.59,-1
2025-07-06,2025-07-06 14:41:00,1641.94,1641.94,1641.73,1641.73,-0.01,10.92,17934.59,-1
2025-07-06,2025-07-06 14:42:00,1641.73,1641.73,1641.51,1641.51,-0.01,10.92,17934.59,-1
2025-07-06,2025-07-06 14:43:00,1641.51,1641.51,1641.3,1641.3,-0.01,10.92,17934.59,-1
2025-07-06,2025-07-06 14:44:00,1641.3,1641.3,1641.09,1641.09,-0.01,10.92,17934.59,-1
2025-07-06,2025-07-06 14:45:00,1641.09,1641.09,1640.88,1640.88,-0.01,10.92,17934.59,-1
2025-07-06,2025-07-06 14:46:00,1640.88,1640.88,1640.66,1640.66,-0.01,10.92,17934.59,-1
2025-07-06,2025-07-06 14:47:00,1640.66,1640.66,1640.45,1640.45,-0.01,10.92,17934.59,-1
2025-07-06,2025-07-06 14:48:00,1640.45,1640.45,1640.24,1640.24,-0.01,10.92,17934.59,-1
2025-07-06,2025-07-06 14:49:00,1640.24,1640.24,1640.03,1640.03,-0.01,10.92,17934.59,-1
2025-07-06,2025-07-06 14:50:00,1640.03,1640.03,1639.81,1639.81,-0.01,10.92,17934.59,-1
2025-07-06,2025-07-06 14:51:00,1639.81,1639.81,1639.6,1639.6,-0.01,10.92,17934.59,-1
2025-07-06,2025-07-06 14:52:00,1639.6,1639.6,1639.39,1639.39,-0.01,10.92,17934.59,-1
2025-07-06,2025-07-06 14:53:00,1639.39,1639.39,1639.18,1639.18,-0.01,10.92,17934.59,-1
2025-07-06,2025-07-06 14:54:00,1639.18,1639.18,1638.96,1638.96,-0.01,10.92,17934.59,-1
2025-07-06,2025-07-06 14:55:00,1638.96,1638.96,1638.75,1638.75,-0.01,10.92,17934.59,-1
2025-07-06,2025-07-06 14:56:00,1638.75,1638.75,1638.54,1638.54,-0.01,10.92,17934.59,-1
2025-07-06,2025-07-06 14:57:00,1638.54,1638.54,1638.33,1638.33,-0.01,10.92,17934.59,-1
2025-07-06,2025-07-06 14:58:00,1638.33,1638.33,1638.11,1638.11,-0.01,10.92,17934.59,-1
2025-07-06,2025-07-06 14:59:00,1638.11,1638.11,1637.9,1637.9,-0.01,10.92,17934.59,-1
2025-07-06,2025-07-06 15:00:00,1637.9,1689.0,1626.0,1637.9,0.0,10.92,17934.59,0
2025-07-07,2025-07-07 11:00:00,1610.6,1622.42,1607.42,1610.58,-0.0,20.85,33574.52,-1
2025-07-07,2025-07-07 11:01:00,1610.58,1610.58,1610.55,1610.55,-0.0,20.85,33574.52,-1
2025-07-07,2025-07-07 11:02:00,1610.55,1610.55,1610.53,1610.53,-0.0,20.85,33574.52,-1
2025-07-07,2025-07-07 11:03:00,1610.53,1610.53,1610.51,1610.51,-0.0,20.85,33574.52,-1
2025-07-07,2025-07-07 11:04:00,1610.51,1610.51,1610.48,1610.48,-0.0,20.85,33574.52,-1
2025-07-07,2025-07-07 11:05:00,1610.48,1610.48,1610.46,1610.46,-0.0,20.85,33574.52,-1
2025-07-07,2025-07-07 11:06:00,1610.46,1610.46,1610.44,1610.44,-0.0,20.85,33574.52,-1
2025-07-07,2025-07-07 11:07:00,1610.44,1610.44,1610.41,1610.41,-0.0,20.85,33574.52,-1
2025-07-07,2025-07-07 11:08:00,1610.41,1610.41,1610.39,1610.39,-0.0,20.85,33574.52,-1
2025-07-07,2025-07-07 11:09:00,1610.39,1610.39,1610.37,1610.37,-0.0,20.85,33574.52,-1
2025-07-07,2025-07-07 11:10:00,1610.37,1610.37,1610.34,1610.34,-0.0,20.85,33574.52,-1
2025-07-07,2025-07-07 11:11:00,1610.34,1610.34,1610.32,1610.32,-0.0,20.85,33574.52,-1
2025-07-07,2025-07-07 11:12:00,1610.32,1610.32,1610.3,1610.3,-0.0,20.85,33574.52,-1
2025-07-07,2025-07-07 11:13:00,1610.3,1610.3,1610.27,1610.27,-0.0,20.85,33574.52,-1
2025-07-07,2025-07-07 11:14:00,1610.27,1610.27,1610.25,1610.25,-0.0,20.85,33574.52,-1
2025-07-07,2025-07-07 11:15:00,1610.25,1610.25,1610.23,1610.23,-0.0,20.85,33574.52,-1
2025-07-07,2025-07-07 11:16:00,1610.23,1610.23,1610.2,1610.2,-0.0,20.85,33574.52,-1
2025-07-07,2025-07-07 11:17:00,1610.2,1610.2,1610.18,1610.18,-0.0,20.85,33574.52,-1
2025-07-07,2025-07-07 11:18:00,1610.18,1610.18,1610.16,1610.16,-0.0,20.85,33574.52,-1
2025-07-07,2025-07-07 11:19:00,1610.16,1610.16,1610.13,1610.13,-0.0,20.85,33574.52,-1
2025-07-07,2025-07-07 11:20:00,1610.13,1610.13,1610.11,1610.11,-0.0,20.85,33574.52,-1
2025-07-07,2025-07-07 11:21:00,1610.11,1610.11,1610.08,1610.08,-0.0,20.85,33574.52,-1
2025-07-07,2025-07-07 11:22:00,1610.08,1610.08,1610.06,1610.06,-0.0,20.85,33574.52,-1
2025-07-07,2025-07-07 11:23:00,1610.06,1610.06,1610.04,1610.04,-0.0,20.85,33574.52,-1
2025-07-07,2025-07-07 11:24:00,1610.04,1610.04,1610.01,1610.01,-0.0,20.85,33574.52,-1
2025-07-07,2025-07-07 11:25:00,1610.01,1610.01,1609.99,1609.99,-0.0,20.85,33574.52,-1
2025-07-07,2025-07-07 11:26:00,1609.99,1609.99,1609.97,1609.97,-0.0,20.85,33574.52,-1
2025-07-07,2025-07-07 11:27:00,1609.97,1609.97,1609.94,1609.94,-0.0,20.85,33574.52,-1
2025-07-07,2025-07-07 11:28:00,1609.94,1609.94,1609.92,1609.92,-0.0,20.85,33574.52,-1
2025-07-07,2025-07-07 11:29:00,1609.92,1609.92,1609.9,1609.9,-0.0,20.85,33574.52,-1
2025-07-07,2025-07-07 11:30:00,1609.9,1609.9,1609.87,1609.87,-0.0,20.85,33574.52,-1
2025-07-07,2025-07-07 11:31:00,1609.87,1609.87,1609.85,1609.85,-0.0,20.85,33574.52,-1
2025-07-07,2025-07-07 11:32:00,1609.85,1609.85,1609.83,1609.83,-0.0,20.85,33574.52,-1
2025-07-07,2025-07-07 11:33:00,1609.83,1609.83,1609.8,1609.8,-0.0,20.85,33574.52,-1
2025-07-07,2025-07-07 11:34:00,1609.8,1609.8,1609.78,1609.78,-0.0,20.85,33574.52,-1
2025-07-07,2025-07-07 11:35:00,1609.78,1609.78,1609.76,1609.76,-0.0,20.85,33574.52,-1
2025-07-07,2025-07-07 11:36:00,1609.76,1609.76,1609.73,1609.73,-0.0,20.85,33574.52,-1
2025-07-07,2025-07-07 11:37:00,1609.73,1609.73,1609.71,1609.71,-0.0,20.85,33574.52,-1
2025-07-07,2025-07-07 11:38:00,1609.71,1609.71,1609.69,1609.69,-0.0,20.85,33574.52,-1
2025-07-07,2025-07-07 11:39:00,1609.69,1609.69,1609.66,1609.66,-0.0,20.85,33574.52,-1
2025-07-07,2025-07-07 11:40:00,1609.66,1609.66,1609.64,1609.64,-0.0,20.85,33574.52,-1
2025-07-07,2025-07-07 11:41:00,1609.64,1609.64,1609.62,1609.62,-0.0,20.85,33574.52,-1
2025-07-07,2025-07-07 11:42:00,1609.62,1609.62,1609.59,1609.59,-0.0,20.85,33574.52,-1
2025-07-07,2025-07-07 11:43:00,1609.59,1609.59,1609.57,1609.57,-0.0,20.85,33574.52,-1
2025-07-07,2025-07-07 11:44:00,1609.57,1609.57,1609.55,1609.55,-0.0,20.85,33574.52,-1
2025-07-07,2025-07-07 11:45:00,1609.55,1609.55,1609.52,1609.52,-0.0,20.85,33574.52,-1
2025-07-07,2025-07-07 11:46:00,1609.52,1609.52,1609.5,1609.5,-0.0,20.85,33574.52,-1
2025-07-07,2025-07-07 11:47:00,1609.5,1609.5,1609.48,1609.48,-0.0,20.85,33574.52,-1
2025-07-07,2025-07-07 11:48:00,1609.48,1609.48,1609.45,1609.45,-0.0,20.85,33574.52,-1
2025-07-07,2025-07-07 11:49:00,1609.45,1609.45,1609.43,1609.43,-0.0,20.85,33574.52,-1
2025-07-07,2025-07-07 11:50:00,1609.43,1609.43,1609.41,1609.41,-0.0,20.85,33574.52,-1
2025-07-07,2025-07-07 11:51:00,1609.41,1609.41,1609.38,1609.38,-0.0,20.85,33574.52,-1
2025-07-07,2025-07-07 11:52:00,1609.38,1609.38,1609.36,1609.36,-0.0,20.85,33574.52,-1
2025-07-07,2025-07-07 11:53:00,1609.36,1609.36,1609.34,1609.34,-0.0,20.85,33574.52,-1
2025-07-07,2025-07-07 11:54:00,1609.34,1609.34,1609.31,1609.31,-0.0,20.85,33574.52,-1
2025-07-07,2025-07-07 11:55:00,1609.31,1609.31,1609.29,1609.29,-0.0,20.85,33574.52,-1
2025-07-07,2025-07-07 11:56:00,1609.29,1609.29,1609.27,1609.27,-0.0,20.85,33574.52,-1
2025-07-07,2025-07-07 11:57:00,1609.27,1609.27,1609.24,1609.24,-0.0,20.85,33574.52,-1
2025-07-07,2025-07-07 11:58:00,1609.24,1609.24,1609.22,1609.22,-0.0,20.85,33574.52,-1
2025-07-07,2025-07-07 11:59:00,1609.22,1609.22,1609.19,1609.19,-0.0,20.85,33574.52,-1
2025-07-07,2025-07-07 12:00:00,1609.19,1609.19,1609.17,1609.17,-0.0,20.85,33574.52,-1
2025-07-07,2025-07-07 12:01:00,1609.17,1609.17,1609.15,1609.15,-0.0,20.85,33574.52,-1
2025-07-07,2025-07-07 12:02:00,1609.15,1609.15,1609.12,1609.12,-0.0,20.85,33574.52,-1
2025-07-07,2025-07-07 12:03:00,1609.12,1609.12,1609.1,1609.1,-0.0,20.85,33574.52,-1
2025-07-07,2025-07-07 12:04:00,1609.1,1609.1,1609.08,1609.08,-0.0,20.85,33574.52,-1
2025-07-07,2025-07-07 12:05:00,1609.08,1609.08,1609.05,1609.05,-0.0,20.85,33574.52,-1
2025-07-07,2025-07-07 12:06:00,1609.05,1609.05,1609.03,1609.03,-0.0,20.85,33574.52,-1
2025-07-07,2025-07-07 12:07:00,1609.03,1609.03,1609.01,1609.01,-0.0,20.85,33574.52,-1
2025-07-07,2025-07-07 12:08:00,1609.01,1609.01,1608.98,1608.98,-0.0,20.85,33574.52,-1
2025-07-07,2025-07-07 12:09:00,1608.98,1608.98,1608.96,1608.96,-0.0,20.85,33574.52,-1
2025-07-07,2025-07-07 12:10:00,1608.96,1608.96,1608.94,1608.94,-0.0,20.85,33574.52,-1
2025-07-07,2025-07-07 12:11:00,1608.94,1608.94,1608.91,1608.91,-0.0,20.85,33574.52,-1
2025-07-07,2025-07-07 12:12:00,1608.91,1608.91,1608.89,1608.89,-0.0,20.85,33574.52,-1
2025-07-07,2025-07-07 12:13:00,1608.89,1608.89,1608.87,1608.87,-0.0,20.85,33574.52,-1
2025-07-07,2025-07-07 12:14:00,1608.87,1608.87,1608.84,1608.84,-0.0,20.85,33574.52,-1
2025-07-07,2025-07-07 12:15:00,1608.84,1608.84,1608.82,1608.82,-0.0,20.85,33574.52,-1
2025-07-07,2025-07-07 12:16:00,1608.82,1608.82,1608.8,1608.8,-0.0,20.85,33574.52,-1
2025-07-07,2025-07-07 12:17:00,1608.8,1608.8,1608.77,1608.77,-0.0,20.85,33574.52,-1
2025-07-07,2025-07-07 12:18:00,1608.77,1608.77,1608.75,1608.75,-0.0,20.85,33574.52,-1
2025-07-07,2025-07-07 12:19:00,1608.75,1608.75,1608.73,1608.73,-0.0,20.85,33574.52,-1
2025-07-07,2025-07-07 12:20:00,1608.73,1608.73,1608.7,1608.7,-0.0,20.85,33574.52,-1
2025-07-07,2025-07-07 12:21:00,1608.7,1608.7,1608.68,1608.68,-0.0,20.85,33574.52,-1
2025-07-07,2025-07-07 12:22:00,1608.68,1608.68,1608.66,1608.66,-0.0,20.85,33574.52,-1
2025-07-07,2025-07-07 12:23:00,1608.66,1608.66,1608.63,1608.63,-0.0,20.85,33574.52,-1
2025-07-07,2025-07-07 12:24:00,1608.63,1608.63,1608.61,1608.61,-0.0,20.85,33574.52,-1
2025-07-07,2025-07-07 12:25:00,1608.61,1608.61,1608.59,1608.59,-0.0,20.85,33574.52,-1
2025-07-07,2025-07-07 12:26:00,1608.59,1608.59,1608.56,1608.56,-0.0,20.85,33574.52,-1
2025-07-07,2025-07-07 12:27:00,1608.56,1608.56,1608.54,1608.54,-0.0,20.85,33574.52,-1
2025-07-07,2025-07-07 12:28:00,1608.54,1608.54,1608.52,1608.52,-0.0,20.85,33574.52,-1
2025-07-07,2025-07-07 12:29:00,1608.52,1608.52,1608.49,1608.49,-0.0,20.85,33574.52,-1
2025-07-07,2025-07-07 12:30:00,1608.49,1608.49,1608.47,1608.47,-0.0,20.85,33574.52,-1
2025-07-07,2025-07-07 12:31:00,1608.47,1608.47,1608.45,1608.45,-0.0,20.85,33574.52,-1
2025-07-07,2025-07-07 12:32:00,1608.45,1608.45,1608.42,1608.42,-0.0,20.85,33574.52,-1
2025-07-07,2025-07-07 12:33:00,1608.42,1608.42,1608.4,1608.4,-0.0,20.85,33574.52,-1
2025-07-07,2025-07-07 12:34:00,1608.4,1608.4,1608.38,1608.38,-0.0,20.85,33574.52,-1
2025-07-07,2025-07-07 12:35:00,1608.38,1608.38,1608.35,1608.35,-0.0,20.85,33574.52,-1
2025-07-07,2025-07-07 12:36:00,1608.35,1608.35,1608.33,1608.33,-0.0,20.85,33574.52,-1
2025-07-07,2025-07-07 12:37:00,1608.33,1608.33,1608.31,1608.31,-0.0,20.85,33574.52,-1
2025-07-07,2025-07-07 12:38:00,1608.31,1608.31,1608.28,1608.28,-0.0,20.85,33574.52,-1
2025-07-07,2025-07-07 12:39:00,1608.28,1608.28,1608.26,1608.26,-0.0,20.85,33574.52,-1
2025-07-07,2025-07-07 12:40:00,1608.26,1608.26,1608.23,1608.23,-0.0,20.85,33574.52,-1
2025-07-07,2025-07-07 12:41:00,1608.23,1608.23,1608.21,1608.21,-0.0,20.85,33574.52,-1
2025-07-07,2025-07-07 12:42:00,1608.21,1608.21,1608.19,1608.19,-0.0,20.85,33574.52,-1
2025-07-07,2025-07-07 12:43:00,1608.19,1608.19,1608.16,1608.16,-0.0,20.85,33574.52,-1
2025-07-07,2025-07-07 12:44:00,1608.16,1608.16,1608.14,1608.14,-0.0,20.85,33574.52,-1
2025-07-07,2025-07-07 12:45:00,1608.14,1608.14,1608.12,1608.12,-0.0,20.85,33574.52,-1
2025-07-07,2025-07-07 12:46:00,1608.12,1608.12,1608.09,1608.09,-0.0,20.85,33574.52,-1
2025-07-07,2025-07-07 12:47:00,1608.09,1608.09,1608.07,1608.07,-0.0,20.85,33574.52,-1
2025-07-07,2025-07-07 12:48:00,1608.07,1608.07,1608.05,1608.05,-0.0,20.85,33574.52,-1
2025-07-07,2025-07-07 12:49:00,1608.05,1608.05,1608.02,1608.02,-0.0,20.85,33574.52,-1
2025-07-07,2025-07-07 12:50:00,1608.02,1608.02,1608.0,1608.0,-0.0,20.85,33574.52,-1
2025-07-07,2025-07-07 12:51:00,1608.0,1608.0,1607.98,1607.98,-0.0,20.85,33574.52,-1
2025-07-07,2025-07-07 12:52:00,1607.98,1607.98,1607.95,1607.95,-0.0,20.85,33574.52,-1
2025-07-07,2025-07-07 12:53:00,1607.95,1607.95,1607.93,1607.93,-0.0,20.85,33574.52,-1
2025-07-07,2025-07-07 12:54:00,1607.93,1607.93,1607.91,1607.91,-0.0,20.85,33574.52,-1
2025-07-07,2025-07-07 12:55:00,1607.91,1607.91,1607.88,1607.88,-0.0,20.85,33574.52,-1
2025-07-07,2025-07-07 12:56:00,1607.88,1607.88,1607.86,1607.86,-0.0,20.85,33574.52,-1
2025-07-07,2025-07-07 12:57:00,1607.86,1607.86,1607.84,1607.84,-0.0,20.85,33574.52,-1
2025-07-07,2025-07-07 12:58:00,1607.84,1607.84,1607.81,1607.81,-0.0,20.85,33574.52,-1
2025-07-07,2025-07-07 12:59:00,1607.81,1607.81,1607.79,1607.79,-0.0,20.85,33574.52,-1
2025-07-07,2025-07-07 13:00:00,1607.79,1650.0,1600.0,1607.77,-0.0,20.85,33574.52,-1
2025-07-07,2025-07-07 13:01:00,1607.77,1607.77,1607.74,1607.74,-0.0,20.85,33574.52,-1
2025-07-07,2025-07-07 13:02:00,1607.74,1607.74,1607.72,1607.72,-0.0,20.85,33574.52,-1
2025-07-07,2025-07-07 13:03:00,1607.72,1607.72,1607.7,1607.7,-0.0,20.85,33574.52,-1
2025-07-07,2025-07-07 13:04:00,1607.7,1607.7,1607.67,1607.67,-0.0,20.85,33574.52,-1
2025-07-07,2025-07-07 13:05:00,1607.67,1607.67,1607.65,1607.65,-0.0,20.85,33574.52,-1
2025-07-07,2025-07-07 13:06:00,1607.65,1607.65,1607.63,1607.63,-0.0,20.85,33574.52,-1
2025-07-07,2025-07-07 13:07:00,1607.63,1607.63,1607.6,1607.6,-0.0,20.85,33574.52,-1
2025-07-07,2025-07-07 13:08:00,1607.6,1607.6,1607.58,1607.58,-0.0,20.85,33574.52,-1
2025-07-07,2025-07-07 13:09:00,1607.58,1607.58,1607.56,1607.56,-0.0,20.85,33574.52,-1
2025-07-07,2025-07-07 13:10:00,1607.56,1607.56,1607.53,1607.53,-0.0,20.85,33574.52,-1
2025-07-07,2025-07-07 13:11:00,1607.53,1607.53,1607.51,1607.51,-0.0,20.85,33574.52,-1
2025-07-07,2025-07-07 13:12:00,1607.51,1607.51,1607.49,1607.49,-0.0,20.85,33574.52,-1
2025-07-07,2025-07-07 13:13:00,1607.49,1607.49,1607.46,1607.46,-0.0,20.85,33574.52,-1
2025-07-07,2025-07-07 13:14:00,1607.46,1607.46,1607.44,1607.44,-0.0,20.85,33574.52,-1
2025-07-07,2025-07-07 13:15:00,1607.44,1607.44,1607.42,1607.42,-0.0,20.85,33574.52,-1
2025-07-07,2025-07-07 13:16:00,1607.42,1607.42,1607.39,1607.39,-0.0,20.85,33574.52,-1
2025-07-07,2025-07-07 13:17:00,1607.39,1607.39,1607.37,1607.37,-0.0,20.85,33574.52,-1
2025-07-07,2025-07-07 13:18:00,1607.37,1607.37,1607.35,1607.35,-0.0,20.85,33574.52,-1
2025-07-07,2025-07-07 13:19:00,1607.35,1607.35,1607.32,1607.32,-0.0,20.85,33574.52,-1
2025-07-07,2025-07-07 13:20:00,1607.32,1607.32,1607.3,1607.3,-0.0,20.85,33574.52,-1
2025-07-07,2025-07-07 13:21:00,1607.3,1607.3,1607.27,1607.27,-0.0,20.85,33574.52,-1
2025-07-07,2025-07-07 13:22:00,1607.27,1607.27,1607.25,1607.25,-0.0,20.85,33574.52,-1
2025-07-07,2025-07-07 13:23:00,1607.25,1607.25,1607.23,1607.23,-0.0,20.85,33574.52,-1
2025-07-07,2025-07-07 13:24:00,1607.23,1607.23,1607.2,1607.2,-0.0,20.85,33574.52,-1
2025-07-07,2025-07-07 13:25:00,1607.2,1607.2,1607.18,1607.18,-0.0,20.85,33574.52,-1
2025-07-07,2025-07-07 13:26:00,1607.18,1607.18,1607.16,1607.16,-0.0,20.85,33574.52,-1
2025-07-07,2025-07-07 13:27:00,1607.16,1607.16,1607.13,1607.13,-0.0,20.85,33574.52,-1
2025-07-07,2025-07-07 13:28:00,1607.13,1607.13,1607.11,1607.11,-0.0,20.85,33574.52,-1
2025-07-07,2025-07-07 13:29:00,1607.11,1607.11,1607.09,1607.09,-0.0,20.85,33574.52,-1
2025-07-07,2025-07-07 13:30:00,1607.09,1607.09,1607.06,1607.06,-0.0,20.85,33574.52,-1
2025-07-07,2025-07-07 13:31:00,1607.06,1607.06,1607.04,1607.04,-0.0,20.85,33574.52,-1
2025-07-07,2025-07-07 13:32:00,1607.04,1607.04,1607.02,1607.02,-0.0,20.85,33574.52,-1
2025-07-07,2025-07-07 13:33:00,1607.02,1607.02,1606.99,1606.99,-0.0,20.85,33574.52,-1
2025-07-07,2025-07-07 13:34:00,1606.99,1606.99,1606.97,1606.97,-0.0,20.85,33574.52,-1
2025-07-07,2025-07-07 13:35:00,1606.97,1606.97,1606.95,1606.95,-0.0,20.85,33574.52,-1
2025-07-07,2025-07-07 13:36:00,1606.95,1606.95,1606.92,1606.92,-0.0,20.85,33574.52,-1
2025-07-07,2025-07-07 13:37:00,1606.92,1606.92,1606.9,1606.9,-0.0,20.85,33574.52,-1
2025-07-07,2025-07-07 13:38:00,1606.9,1606.9,1606.88,1606.88,-0.0,20.85,33574.52,-1
2025-07-07,2025-07-07 13:39:00,1606.88,1606.88,1606.85,1606.85,-0.0,20.85,33574.52,-1
2025-07-07,2025-07-07 13:40:00,1606.85,1606.85,1606.83,1606.83,-0.0,20.85,33574.52,-1
2025-07-07,2025-07-07 13:41:00,1606.83,1606.83,1606.81,1606.81,-0.0,20.85,33574.52,-1
2025-07-07,2025-07-07 13:42:00,1606.81,1606.81,1606.78,1606.78,-0.0,20.85,33574.52,-1
2025-07-07,2025-07-07 13:43:00,1606.78,1606.78,1606.76,1606.76,-0.0,20.85,33574.52,-1
2025-07-07,2025-07-07 13:44:00,1606.76,1606.76,1606.74,1606.74,-0.0,20.85,33574.52,-1
2025-07-07,2025-07-07 13:45:00,1606.74,1606.74,1606.71,1606.71,-0.0,20.85,33574.52,-1
2025-07-07,2025-07-07 13:46:00,1606.71,1606.71,1606.69,1606.69,-0.0,20.85,33574.52,-1
2025-07-07,2025-07-07 13:47:00,1606.69,1606.69,1606.67,1606.67,-0.0,20.85,33574.52,-1
2025-07-07,2025-07-07 13:48:00,1606.67,1606.67,1606.64,1606.64,-0.0,20.85,33574.52,-1
2025-07-07,2025-07-07 13:49:00,1606.64,1606.64,1606.62,1606.62,-0.0,20.85,33574.52,-1
2025-07-07,2025-07-07 13:50:00,1606.62,1606.62,1606.6,1606.6,-0.0,20.85,33574.52,-1
2025-07-07,2025-07-07 13:51:00,1606.6,1606.6,1606.57,1606.57,-0.0,20.85,33574.52,-1
2025-07-07,2025-07-07 13:52:00,1606.57,1606.57,1606.55,1606.55,-0.0,20.85,33574.52,-1
2025-07-07,2025-07-07 13:53:00,1606.55,1606.55,1606.53,1606.53,-0.0,20.85,33574.52,-1
2025-07-07,2025-07-07 13:54:00,1606.53,1606.53,1606.5,1606.5,-0.0,20.85,33574.52,-1
2025-07-07,2025-07-07 13:55:00,1606.5,1606.5,1606.48,1606.48,-0.0,20.85,33574.52,-1
2025-07-07,2025-07-07 13:56:00,1606.48,1606.48,1606.46,1606.46,-0.0,20.85,33574.52,-1
2025-07-07,2025-07-07 13:57:00,1606.46,1606.46,1606.43,1606.43,-0.0,20.85,33574.52,-1
2025-07-07,2025-07-07 13:58:00,1606.43,1606.43,1606.41,1606.41,-0.0,20.85,33574.52,-1
2025-07-07,2025-07-07 13:59:00,1606.41,1606.41,1606.38,1606.38,-0.0,20.85,33574.52,-1
2025-07-07,2025-07-07 14:00:00,1606.38,1606.38,1606.36,1606.36,-0.0,20.85,33574.52,-1
2025-07-07,2025-07-07 14:01:00,1606.36,1606.36,1606.34,1606.34,-0.0,20.85,33574.52,-1
2025-07-07,2025-07-07 14:02:00,1606.34,1606.34,1606.31,1606.31,-0.0,20.85,33574.52,-1
2025-07-07,2025-07-07 14:03:00,1606.31,1606.31,1606.29,1606.29,-0.0,20.85,33574.52,-1
2025-07-07,2025-07-07 14:04:00,1606.29,1606.29,1606.27,1606.27,-0.0,20.85,33574.52,-1
2025-07-07,2025-07-07 14:05:00,1606.27,1606.27,1606.24,1606.24,-0.0,20.85,33574.52,-1
2025-07-07,2025-07-07 14:06:00,1606.24,1606.24,1606.22,1606.22,-0.0,20.85,33574.52,-1
2025-07-07,2025-07-07 14:07:00,1606.22,1606.22,1606.2,1606.2,-0.0,20.85,33574.52,-1
2025-07-07,2025-07-07 14:08:00,1606.2,1606.2,1606.17,1606.17,-0.0,20.85,33574.52,-1
2025-07-07,2025-07-07 14:09:00,1606.17,1606.17,1606.15,1606.15,-0.0,20.85,33574.52,-1
2025-07-07,2025-07-07 14:10:00,1606.15,1606.15,1606.13,1606.13,-0.0,20.85,33574.52,-1
2025-07-07,2025-07-07 14:11:00,1606.13,1606.13,1606.1,1606.1,-0.0,20.85,33574.52,-1
2025-07-07,2025-07-07 14:12:00,1606.1,1606.1,1606.08,1606.08,-0.0,20.85,33574.52,-1
2025-07-07,2025-07-07 14:13:00,1606.08,1606.08,1606.06,1606.06,-0.0,20.85,33574.52,-1
2025-07-07,2025-07-07 14:14:00,1606.06,1606.06,1606.03,1606.03,-0.0,20.85,33574.52,-1
2025-07-07,2025-07-07 14:15:00,1606.03,1606.03,1606.01,1606.01,-0.0,20.85,33574.52,-1
2025-07-07,2025-07-07 14:16:00,1606.01,1606.01,1605.99,1605.99,-0.0,20.85,33574.52,-1
2025-07-07,2025-07-07 14:17:00,1605.99,1605.99,1605.96,1605.96,-0.0,20.85,33574.52,-1
2025-07-07,2025-07-07 14:18:00,1605.96,1605.96,1605.94,1605.94,-0.0,20.85,33574.52,-1
2025-07-07,2025-07-07 14:19:00,1605.94,1605.94,1605.92,1605.92,-0.0,20.85,33574.52,-1
2025-07-07,2025-07-07 14:20:00,1605.92,1605.92,1605.89,1605.89,-0.0,20.85,33574.52,-1
2025-07-07,2025-07-07 14:21:00,1605.89,1605.89,1605.87,1605.87,-0.0,20.85,33574.52,-1
2025-07-07,2025-07-07 14:22:00,1605.87,1605.87,1605.85,1605.85,-0.0,20.85,33574.52,-1
2025-07-07,2025-07-07 14:23:00,1605.85,1605.85,1605.82,1605.82,-0.0,20.85,33574.52,-1
2025-07-07,2025-07-07 14:24:00,1605.82,1605.82,1605.8,1605.8,-0.0,20.85,33574.52,-1
2025-07-07,2025-07-07 14:25:00,1605.8,1605.8,1605.78,1605.78,-0.0,20.85,33574.52,-1
2025-07-07,2025-07-07 14:26:00,1605.78,1605.78,1605.75,1605.75,-0.0,20.85,33574.52,-1
2025-07-07,2025-07-07 14:27:00,1605.75,1605.75,1605.73,1605.73,-0.0,20.85,33574.52,-1
2025-07-07,2025-07-07 14:28:00,1605.73,1605.73,1605.71,1605.71,-0.0,20.85,33574.52,-1
2025-07-07,2025-07-07 14:29:00,1605.71,1605.71,1605.68,1605.68,-0.0,20.85,33574.52,-1
2025-07-07,2025-07-07 14:30:00,1605.68,1605.68,1605.66,1605.66,-0.0,20.85,33574.52,-1
2025-07-07,2025-07-07 14:31:00,1605.66,1605.66,1605.64,1605.64,-0.0,20.85,33574.52,-1
2025-07-07,2025-07-07 14:32:00,1605.64,1605.64,1605.61,1605.61,-0.0,20.85,33574.52,-1
2025-07-07,2025-07-07 14:33:00,1605.61,1605.61,1605.59,1605.59,-0.0,20.85,33574.52,-1
2025-07-07,2025-07-07 14:34:00,1605.59,1605.59,1605.57,1605.57,-0.0,20.85,33574.52,-1
2025-07-07,2025-07-07 14:35:00,1605.57,1605.57,1605.54,1605.54,-0.0,20.85,33574.52,-1
2025-07-07,2025-07-07 14:36:00,1605.54,1605.54,1605.52,1605.52,-0.0,20.85,33574.52,-1
2025-07-07,2025-07-07 14:37:00,1605.52,1605.52,1605.5,1605.5,-0.0,20.85,33574.52,-1
2025-07-07,2025-07-07 14:38:00,1605.5,1605.5,1605.47,1605.47,-0.0,20.85,33574.52,-1
2025-07-07,2025-07-07 14:39:00,1605.47,1605.47,1605.45,1605.45,-0.0,20.85,33574.52,-1
2025-07-07,2025-07-07 14:40:00,1605.45,1605.45,1605.42,1605.42,-0.0,20.85,33574.52,-1
2025-07-07,2025-07-07 14:41:00,1605.42,1605.42,1605.4,1605.4,-0.0,20.85,33574.52,-1
2025-07-07,2025-07-07 14:42:00,1605.4,1605.4,1605.38,1605.38,-0.0,20.85,33574.52,-1
2025-07-07,2025-07-07 14:43:00,1605.38,1605.38,1605.35,1605.35,-0.0,20.85,33574.52,-1
2025-07-07,2025-07-07 14:44:00,1605.35,1605.35,1605.33,1605.33,-0.0,20.85,33574.52,-1
2025-07-07,2025-07-07 14:45:00,1605.33,1605.33,1605.31,1605.31,-0.0,20.85,33574.52,-1
2025-07-07,2025-07-07 14:46:00,1605.31,1605.31,1605.28,1605.28,-0.0,20.85,33574.52,-1
2025-07-07,2025-07-07 14:47:00,1605.28,1605.28,1605.26,1605.26,-0.0,20.85,33574.52,-1
2025-07-07,2025-07-07 14:48:00,1605.26,1605.26,1605.24,1605.24,-0.0,20.85,33574.52,-1
2025-07-07,2025-07-07 14:49:00,1605.24,1605.24,1605.21,1605.21,-0.0,20.85,33574.52,-1
2025-07-07,2025-07-07 14:50:00,1605.21,1605.21,1605.19,1605.19,-0.0,20.85,33574.52,-1
2025-07-07,2025-07-07 14:51:00,1605.19,1605.19,1605.17,1605.17,-0.0,20.85,33574.52,-1
2025-07-07,2025-07-07 14:52:00,1605.17,1605.17,1605.14,1605.14,-0.0,20.85,33574.52,-1
2025-07-07,2025-07-07 14:53:00,1605.14,1605.14,1605.12,1605.12,-0.0,20.85,33574.52,-1
2025-07-07,2025-07-07 14:54:00,1605.12,1605.12,1605.1,1605.1,-0.0,20.85,33574.52,-1
2025-07-07,2025-07-07 14:55:00,1605.1,1605.1,1605.07,1605.07,-0.0,20.85,33574.52,-1
2025-07-07,2025-07-07 14:56:00,1605.07,1605.07,1605.05,1605.05,-0.0,20.85,33574.52,-1
2025-07-07,2025-07-07 14:57:00,1605.05,1605.05,1605.03,1605.03,-0.0,20.85,33574.52,-1
2025-07-07,2025-07-07 14:58:00,1605.03,1605.03,1605.0,1605.0,-0.0,20.85,33574.52,-1
2025-07-07,2025-07-07 14:59:00,1605.0,1605.0,1604.98,1604.98,-0.0,20.85,33574.52,-1
2025-07-07,2025-07-07 15:00:00,1604.98,1650.0,1600.0,1604.98,0.0,20.85,33574.52,0
2025-07-08,2025-07-08 11:00:00,1605.0,1630.2,1600.5,1605.14,0.01,12.09,19640.17,1
2025-07-08,2025-07-08 11:01:00,1605.14,1605.28,1605.14,1605.28,0.01,12.09,19640.17,1
2025-07-08,2025-07-08 11:02:00,1605.28,1605.42,1605.28,1605.42,0.01,12.09,19640.17,1
2025-07-08,2025-07-08 11:03:00,1605.42,1605.56,1605.42,1605.56,0.01,12.09,19640.17,1
2025-07-08,2025-07-08 11:04:00,1605.56,1605.7,1605.56,1605.7,0.01,12.09,19640.17,1
2025-07-08,2025-07-08 11:05:00,1605.7,1605.84,1605.7,1605.84,0.01,12.09,19640.17,1
2025-07-08,2025-07-08 11:06:00,1605.84,1605.98,1605.84,1605.98,0.01,12.09,19640.17,1
2025-07-08,2025-07-08 11:07:00,1605.98,1606.12,1605.98,1606.12,0.01,12.09,19640.17,1
2025-07-08,2025-07-08 11:08:00,1606.12,1606.26,1606.12,1606.26,0.01,12.09,19640.17,1
2025-07-08,2025-07-08 11:09:00,1606.26,1606.4,1606.26,1606.4,0.01,12.09,19640.17,1
2025-07-08,2025-07-08 11:10:00,1606.4,1606.54,1606.4,1606.54,0.01,12.09,19640.17,1
2025-07-08,2025-07-08 11:11:00,1606.54,1606.68,1606.54,1606.68,0.01,12.09,19640.17,1
2025-07-08,2025-07-08 11:12:00,1606.68,1606.83,1606.68,1606.83,0.01,12.09,19640.17,1
2025-07-08,2025-07-08 11:13:00,1606.83,1606.97,1606.83,1606.97,0.01,12.09,19640.17,1
2025-07-08,2025-07-08 11:14:00,1606.97,1607.11,1606.97,1607.11,0.01,12.09,19640.17,1
2025-07-08,2025-07-08 11:15:00,1607.11,1607.25,1607.11,1607.25,0.01,12.09,19640.17,1
2025-07-08,2025-07-08 11:16:00,1607.25,1607.39,1607.25,1607.39,0.01,12.09,19640.17,1
2025-07-08,2025-07-08 11:17:00,1607.39,1607.53,1607.39,1607.53,0.01,12.09,19640.17,1
2025-07-08,2025-07-08 11:18:00,1607.53,1607.67,1607.53,1607.67,0.01,12.09,19640.17,1
2025-07-08,2025-07-08 11:19:00,1607.67,1607.81,1607.67,1607.81,0.01,12.09,19640.17,1
2025-07-08,2025-07-08 11:20:00,1607.81,1607.95,1607.81,1607.95,0.01,12.09,19640.17,1
2025-07-08,2025-07-08 11:21:00,1607.95,1608.09,1607.95,1608.09,0.01,12.09,19640.17,1
2025-07-08,2025-07-08 11:22:00,1608.09,1608.23,1608.09,1608.23,0.01,12.09,19640.17,1
2025-07-08,2025-07-08 11:23:00,1608.23,1608.37,1608.23,1608.37,0.01,12.09,19640.17,1
2025-07-08,2025-07-08 11:24:00,1608.37,1608.51,1608.37,1608.51,0.01,12.09,19640.17,1
2025-07-08,2025-07-08 11:25:00,1608.51,1608.65,1608.51,1608.65,0.01,12.09,19640.17,1
2025-07-08,2025-07-08 11:26:00,1608.65,1608.79,1608.65,1608.79,0.01,12.09,19640.17,1
2025-07-08,2025-07-08 11:27:00,1608.79,1608.93,1608.79,1608.93,0.01,12.09,19640.17,1
2025-07-08,2025-07-08 11:28:00,1608.93,1609.07,1608.93,1609.07,0.01,12.09,19640.17,1
2025-07-08,2025-07-08 11:29:00,1609.07,1609.21,1609.07,1609.21,0.01,12.09,19640.17,1
2025-07-08,2025-07-08 11:30:00,1609.21,1609.35,1609.21,1609.35,0.01,12.09,19640.17,1
2025-07-08,2025-07-08 11:31:00,1609.35,1609.49,1609.35,1609.49,0.01,12.09,19640.17,1
2025-07-08,2025-07-08 11:32:00,1609.49,1609.63,1609.49,1609.63,0.01,12.09,19640.17,1
2025-07-08,2025-07-08 11:33:00,1609.63,1609.77,1609.63,1609.77,0.01,12.09,19640.17,1
2025-07-08,2025-07-08 11:34:00,1609.77,1609.91,1609.77,1609.91,0.01,12.09,19640.17,1
2025-07-08,2025-07-08 11:35:00,1609.91,1610.06,1609.91,1610.06,0.01,12.09,19640.17,1
2025-07-08,2025-07-08 11:36:00,1610.06,1610.2,1610.06,1610.2,0.01,12.09,19640.17,1
2025-07-08,2025-07-08 11:37:00,1610.2,1610.34,1610.2,1610.34,0.01,12.09,19640.17,1
2025-07-08,2025-07-08 11:38:00,1610.34,1610.48,1610.34,1610.48,0.01,12.09,19640.17,1
2025-07-08,2025-07-08 11:39:00,1610.48,1610.62,1610.48,1610.62,0.01,12.09,19640.17,1
2025-07-08,2025-07-08 11:40:00,1610.62,1610.76,1610.62,1610.76,0.01,12.09,19640.17,1
2025-07-08,2025-07-08 11:41:00,1610.76,1610.9,1610.76,1610.9,0.01,12.09,19640.17,1
2025-07-08,2025-07-08 11:42:00,1610.9,1611.04,1610.9,1611.04,0.01,12.09,19640.17,1
2025-07-08,2025-07-08 11:43:00,1611.04,1611.18,1611.04,1611.18,0.01,12.09,19640.17,1
2025-07-08,2025-07-08 11:44:00,1611.18,1611.32,1611.18,1611.32,0.01,12.09,19640.17,1
2025-07-08,2025-07-08 11:45:00,1611.32,1611.46,1611.32,1611.46,0.01,12.09,19640.17,1
2025-07-08,2025-07-08 11:46:00,1611.46,1611.6,1611.46,1611.6,0.01,12.09,19640.17,1
2025-07-08,2025-07-08 11:47:00,1611.6,1611.74,1611.6,1611.74,0.01,12.09,19640.17,1
2025-07-08,2025-07-08 11:48:00,1611.74,1611.88,1611.74,1611.88,0.01,12.09,19640.17,1
2025-07-08,2025-07-08 11:49:00,1611.88,1612.02,1611.88,1612.02,0.01,12.09,19640.17,1
2025-07-08,2025-07-08 11:50:00,1612.02,1612.16,1612.02,1612.16,0.01,12.09,19640.17,1
2025-07-08,2025-07-08 11:51:00,1612.16,1612.3,1612.16,1612.3,0.01,12.09,19640.17,1
2025-07-08,2025-07-08 11:52:00,1612.3,1612.44,1612.3,1612.44,0.01,12.09,19640.17,1
2025-07-08,2025-07-08 11:53:00,1612.44,1612.58,1612.44,1612.58,0.01,12.09,19640.17,1
2025-07-08,2025-07-08 11:54:00,1612.58,1612.72,1612.58,1612.72,0.01,12.09,19640.17,1
2025-07-08,2025-07-08 11:55:00,1612.72,1612.86,1612.72,1612.86,0.01,12.09,19640.17,1
2025-07-08,2025-07-08 11:56:00,1612.86,1613.0,1612.86,1613.0,0.01,12.09,19640.17,1
2025-07-08,2025-07-08 11:57:00,1613.0,1613.14,1613.0,1613.14,0.01,12.09,19640.17,1
2025-07-08,2025-07-08 11:58:00,1613.14,1613.28,1613.14,1613.28,0.01,12.09,19640.17,1
2025-07-08,2025-07-08 11:59:00,1613.28,1613.42,1613.28,1613.42,0.01,12.09,19640.17,1
2025-07-08,2025-07-08 12:00:00,1613.42,1613.57,1613.42,1613.57,0.01,12.09,19640.17,1
2025-07-08,2025-07-08 12:01:00,1613.57,1613.71,1613.57,1613.71,0.01,12.09,19640.17,1
2025-07-08,2025-07-08 12:02:00,1613.71,1613.85,1613.71,1613.85,0.01,12.09,19640.17,1
2025-07-08,2025-07-08 12:03:00,1613.85,1613.99,1613.85,1613.99,0.01,12.09,19640.17,1
2025-07-08,2025-07-08 12:04:00,1613.99,1614.13,1613.99,1614.13,0.01,12.09,19640.17,1
2025-07-08,2025-07-08 12:05:00,1614.13,1614.27,1614.13,1614.27,0.01,12.09,19640.17,1
2025-07-08,2025-07-08 12:06:00,1614.27,1614.41,1614.27,1614.41,0.01,12.09,19640.17,1
2025-07-08,2025-07-08 12:07:00,1614.41,1614.55,1614.41,1614.55,0.01,12.09,19640.17,1
2025-07-08,2025-07-08 12:08:00,1614.55,1614.69,1614.55,1614.69,0.01,12.09,19640.17,1
2025-07-08,2025-07-08 12:09:00,1614.69,1614.83,1614.69,1614.83,0.01,12.09,19640.17,1
2025-07-08,2025-07-08 12:10:00,1614.83,1614.97,1614.83,1614.97,0.01,12.09,19640.17,1
2025-07-08,2025-07-08 12:11:00,1614.97,1615.11,1614.97,1615.11,0.01,12.09,19640.17,1
2025-07-08,2025-07-08 12:12:00,1615.11,1615.25,1615.11,1615.25,0.01,12.09,19640.17,1
2025-07-08,2025-07-08 12:13:00,1615.25,1615.39,1615.25,1615.39,0.01,12.09,19640.17,1
2025-07-08,2025-07-08 12:14:00,1615.39,1615.53,1615.39,1615.53,0.01,12.09,19640.17,1
2025-07-08,2025-07-08 12:15:00,1615.53,1615.67,1615.53,1615.67,0.01,12.09,19640.17,1
2025-07-08,2025-07-08 12:16:00,1615.67,1615.81,1615.67,1615.81,0.01,12.09,19640.17,1
2025-07-08,2025-07-08 12:17:00,1615.81,1615.95,1615.81,1615.95,0.01,12.09,19640.17,1
2025-07-08,2025-07-08 12:18:00,1615.95,1616.09,1615.95,1616.09,0.01,12.09,19640.17,1
2025-07-08,2025-07-08 12:19:00,1616.09,1616.23,1616.09,1616.23,0.01,12.09,19640.17,1
2025-07-08,2025-07-08 12:20:00,1616.23,1616.37,1616.23,1616.37,0.01,12.09,19640.17,1
2025-07-08,2025-07-08 12:21:00,1616.37,1616.51,1616.37,1616.51,0.01,12.09,19640.17,1
2025-07-08,2025-07-08 12:22:00,1616.51,1616.65,1616.51,1616.65,0.01,12.09,19640.17,1
2025-07-08,2025-07-08 12:23:00,1616.65,1616.8,1616.65,1616.8,0.01,12.09,19640.17,1
2025-07-08,2025-07-08 12:24:00,1616.8,1616.94,1616.8,1616.94,0.01,12.09,19640.17,1
2025-07-08,2025-07-08 12:25:00,1616.94,1617.08,1616.94,1617.08,0.01,12.09,19640.17,1
2025-07-08,2025-07-08 12:26:00,1617.08,1617.22,1617.08,1617.22,0.01,12.09,19640.17,1
2025-07-08,2025-07-08 12:27:00,1617.22,1617.36,1617.22,1617.36,0.01,12.09,19640.17,1
2025-07-08,2025-07-08 12:28:00,1617.36,1617.5,1617.36,1617.5,0.01,12.09,19640.17,1
2025-07-08,2025-07-08 12:29:00,1617.5,1617.64,1617.5,1617.64,0.01,12.09,19640.17,1
2025-07-08,2025-07-08 12:30:00,1617.64,1617.78,1617.64,1617.78,0.01,12.09,19640.17,1
2025-07-08,2025-07-08 12:31:00,1617.78,1617.92,1617.78,1617.92,0.01,12.09,19640.17,1
2025-07-08,2025-07-08 12:32:00,1617.92,1618.06,1617.92,1618.06,0.01,12.09,19640.17,1
2025-07-08,2025-07-08 12:33:00,1618.06,1618.2,1618.06,1618.2,0.01,12.09,19640.17,1
2025-07-08,2025-07-08 12:34:00,1618.2,1618.34,1618.2,1618.34,0.01,12.09,19640.17,1
2025-07-08,2025-07-08 12:35:00,1618.34,1618.48,1618.34,1618.48,0.01,12.09,19640.17,1
2025-07-08,2025-07-08 12:36:00,1618.48,1618.62,1618.48,1618.62,0.01,12.09,19640.17,1
2025-07-08,2025-07-08 12:37:00,1618.62,1618.76,1618.62,1618.76,0.01,12.09,19640.17,1
2025-07-08,2025-07-08 12:38:00,1618.76,1618.9,1618.76,1618.9,0.01,12.09,19640.17,1
2025-07-08,2025-07-08 12:39:00,1618.9,1619.04,1618.9,1619.04,0.01,12.09,19640.17,1
2025-07-08,2025-07-08 12:40:00,1619.04,1619.18,1619.04,1619.18,0.01,12.09,19640.17,1
2025-07-08,2025-07-08 12:41:00,1619.18,1619.32,1619.18,1619.32,0.01,12.09,19640.17,1
2025-07-08,2025-07-08 12:42:00,1619.32,1619.46,1619.32,1619.46,0.01,12.09,19640.17,1
2025-07-08,2025-07-08 12:43:00,1619.46,1619.6,1619.46,1619.6,0.01,12.09,19640.17,1
2025-07-08,2025-07-08 12:44:00,1619.6,1619.74,1619.6,1619.74,0.01,12.09,19640.17,1
2025-07-08,2025-07-08 12:45:00,1619.74,1619.88,1619.74,1619.88,0.01,12.09,19640.17,1
2025-07-08,2025-07-08 12:46:00,1619.88,1620.02,1619.88,1620.02,0.01,12.09,19640.17,1
2025-07-08,2025-07-08 12:47:00,1620.02,1620.16,1620.02,1620.16,0.01,12.09,19640.17,1
2025-07-08,2025-07-08 12:48:00,1620.16,1620.31,1620.16,1620.31,0.01,12.09,19640.17,1
2025-07-08,2025-07-08 12:49:00,1620.31,1620.45,1620.31,1620.45,0.01,12.09,19640.17,1
2025-07-08,2025-07-08 12:50:00,1620.45,1620.59,1620.45,1620.59,0.01,12.09,19640.17,1
2025-07-08,2025-07-08 12:51:00,1620.59,1620.73,1620.59,1620.73,0.01,12.09,19640.17,1
2025-07-08,2025-07-08 12:52:00,1620.73,1620.87,1620.73,1620.87,0.01,12.09,19640.17,1
2025-07-08,2025-07-08 12:53:00,1620.87,1621.01,1620.87,1621.01,0.01,12.09,19640.17,1
2025-07-08,2025-07-08 12:54:00,1621.01,1621.15,1621.01,1621.15,0.01,12.09,19640.17,1
2025-07-08,2025-07-08 12:55:00,1621.15,1621.29,1621.15,1621.29,0.01,12.09,19640.17,1
2025-07-08,2025-07-08 12:56:00,1621.29,1621.43,1621.29,1621.43,0.01,12.09,19640.17,1
2025-07-08,2025-07-08 12:57:00,1621.43,1621.57,1621.43,1621.57,0.01,12.09,19640.17,1
2025-07-08,2025-07-08 12:58:00,1621.57,1621.71,1621.57,1621.71,0.01,12.09,19640.17,1
2025-07-08,2025-07-08 12:59:00,1621.71,1621.85,1621.71,1621.85,0.01,12.09,19640.17,1
2025-07-08,2025-07-08 13:00:00,1621.85,1689.0,1590.0,1621.99,0.01,12.09,19640.17,1
2025-07-08,2025-07-08 13:01:00,1621.99,1622.13,1621.99,1622.13,0.01,12.09,19640.17,1
2025-07-08,2025-07-08 13:02:00,1622.13,1622.27,1622.13,1622.27,0.01,12.09,19640.17,1
2025-07-08,2025-07-08 13:03:00,1622.27,1622.41,1622.27,1622.41,0.01,12.09,19640.17,1
2025-07-08,2025-07-08 13:04:00,1622.41,1622.55,1622.41,1622.55,0.01,12.09,19640.17,1
2025-07-08,2025-07-08 13:05:00,1622.55,1622.69,1622.55,1622.69,0.01,12.09,19640.17,1
2025-07-08,2025-07-08 13:06:00,1622.69,1622.83,1622.69,1622.83,0.01,12.09,19640.17,1
2025-07-08,2025-07-08 13:07:00,1622.83,1622.97,1622.83,1622.97,0.01,12.09,19640.17,1
2025-07-08,2025-07-08 13:08:00,1622.97,1623.11,1622.97,1623.11,0.01,12.09,19640.17,1
2025-07-08,2025-07-08 13:09:00,1623.11,1623.25,1623.11,1623.25,0.01,12.09,19640.17,1
2025-07-08,2025-07-08 13:10:00,1623.25,1623.39,1623.25,1623.39,0.01,12.09,19640.17,1
2025-07-08,2025-07-08 13:11:00,1623.39,1623.54,1623.39,1623.54,0.01,12.09,19640.17,1
2025-07-08,2025-07-08 13:12:00,1623.54,1623.68,1623.54,1623.68,0.01,12.09,19640.17,1
2025-07-08,2025-07-08 13:13:00,1623.68,1623.82,1623.68,1623.82,0.01,12.09,19640.17,1
2025-07-08,2025-07-08 13:14:00,1623.82,1623.96,1623.82,1623.96,0.01,12.09,19640.17,1
2025-07-08,2025-07-08 13:15:00,1623.96,1624.1,1623.96,1624.1,0.01,12.09,19640.17,1
2025-07-08,2025-07-08 13:16:00,1624.1,1624.24,1624.1,1624.24,0.01,12.09,19640.17,1
2025-07-08,2025-07-08 13:17:00,1624.24,1624.38,1624.24,1624.38,0.01,12.09,19640.17,1
2025-07-08,2025-07-08 13:18:00,1624.38,1624.52,1624.38,1624.52,0.01,12.09,19640.17,1
2025-07-08,2025-07-08 13:19:00,1624.52,1624.66,1624.52,1624.66,0.01,12.09,19640.17,1
2025-07-08,2025-07-08 13:20:00,1624.66,1624.8,1624.66,1624.8,0.01,12.09,19640.17,1
2025-07-08,2025-07-08 13:21:00,1624.8,1624.94,1624.8,1624.94,0.01,12.09,19640.17,1
2025-07-08,2025-07-08 13:22:00,1624.94,1625.08,1624.94,1625.08,0.01,12.09,19640.17,1
2025-07-08,2025-07-08 13:23:00,1625.08,1625.22,1625.08,1625.22,0.01,12.09,19640.17,1
2025-07-08,2025-07-08 13:24:00,1625.22,1625.36,1625.22,1625.36,0.01,12.09,19640.17,1
2025-07-08,2025-07-08 13:25:00,1625.36,1625.5,1625.36,1625.5,0.01,12.09,19640.17,1
2025-07-08,2025-07-08 13:26:00,1625.5,1625.64,1625.5,1625.64,0.01,12.09,19640.17,1
2025-07-08,2025-07-08 13:27:00,1625.64,1625.78,1625.64,1625.78,0.01,12.09,19640.17,1
2025-07-08,2025-07-08 13:28:00,1625.78,1625.92,1625.78,1625.92,0.01,12.09,19640.17,1
2025-07-08,2025-07-08 13:29:00,1625.92,1626.06,1625.92,1626.06,0.01,12.09,19640.17,1
2025-07-08,2025-07-08 13:30:00,1626.06,1626.2,1626.06,1626.2,0.01,12.09,19640.17,1
2025-07-08,2025-07-08 13:31:00,1626.2,1626.34,1626.2,1626.34,0.01,12.09,19640.17,1
2025-07-08,2025-07-08 13:32:00,1626.34,1626.48,1626.34,1626.48,0.01,12.09,19640.17,1
2025-07-08,2025-07-08 13:33:00,1626.48,1626.62,1626.48,1626.62,0.01,12.09,19640.17,1
2025-07-08,2025-07-08 13:34:00,1626.62,1626.76,1626.62,1626.76,0.01,12.09,19640.17,1
2025-07-08,2025-07-08 13:35:00,1626.76,1626.9,1626.76,1626.9,0.01,12.09,19640.17,1
2025-07-08,2025-07-08 13:36:00,1626.9,1627.05,1626.9,1627.05,0.01,12.09,19640.17,1
2025-07-08,2025-07-08 13:37:00,1627.05,1627.19,1627.05,1627.19,0.01,12.09,19640.17,1
2025-07-08,2025-07-08 13:38:00,1627.19,1627.33,1627.19,1627.33,0.01,12.09,19640.17,1
2025-07-08,2025-07-08 13:39:00,1627.33,1627.47,1627.33,1627.47,0.01,12.09,19640.17,1
2025-07-08,2025-07-08 13:40:00,1627.47,1627.61,1627.47,1627.61,0.01,12.09,19640.17,1
2025-07-08,2025-07-08 13:41:00,1627.61,1627.75,1627.61,1627.75,0.01,12.09,19640.17,1
2025-07-08,2025-07-08 13:42:00,1627.75,1627.89,1627.75,1627.89,0.01,12.09,19640.17,1
2025-07-08,2025-07-08 13:43:00,1627.89,1628.03,1627.89,1628.03,0.01,12.09,19640.17,1
2025-07-08,2025-07-08 13:44:00,1628.03,1628.17,1628.03,1628.17,0.01,12.09,19640.17,1
2025-07-08,2025-07-08 13:45:00,1628.17,1628.31,1628.17,1628.31,0.01,12.09,19640.17,1
2025-07-08,2025-07-08 13:46:00,1628.31,1628.45,1628.31,1628.45,0.01,12.09,19640.17,1
2025-07-08,2025-07-08 13:47:00,1628.45,1628.59,1628.45,1628.59,0.01,12.09,19640.17,1
2025-07-08,2025-07-08 13:48:00,1628.59,1628.73,1628.59,1628.73,0.01,12.09,19640.17,1
2025-07-08,2025-07-08 13:49:00,1628.73,1628.87,1628.73,1628.87,0.01,12.09,19640.17,1
2025-07-08,2025-07-08 13:50:00,1628.87,1629.01,1628.87,1629.01,0.01,12.09,19640.17,1
2025-07-08,2025-07-08 13:51:00,1629.01,1629.15,1629.01,1629.15,0.01,12.09,19640.17,1
2025-07-08,2025-07-08 13:52:00,1629.15,1629.29,1629.15,1629.29,0.01,12.09,19640.17,1
2025-07-08,2025-07-08 13:53:00,1629.29,1629.43,1629.29,1629.43,0.01,12.09,19640.17,1
2025-07-08,2025-07-08 13:54:00,1629.43,1629.57,1629.43,1629.57,0.01,12.09,19640.17,1
2025-07-08,2025-07-08 13:55:00,1629.57,1629.71,1629.57,1629.71,0.01,12.09,19640.17,1
2025-07-08,2025-07-08 13:56:00,1629.71,1629.85,1629.71,1629.85,0.01,12.09,19640.17,1
2025-07-08,2025-07-08 13:57:00,1629.85,1629.99,1629.85,1629.99,0.01,12.09,19640.17,1
2025-07-08,2025-07-08 13:58:00,1629.99,1630.13,1629.99,1630.13,0.01,12.09,19640.17,1
2025-07-08,2025-07-08 13:59:00,1630.13,1630.28,1630.13,1630.28,0.01,12.09,19640.17,1
2025-07-08,2025-07-08 14:00:00,1630.28,1630.42,1630.28,1630.42,0.01,12.09,19640.17,1
2025-07-08,2025-07-08 14:01:00,1630.42,1630.56,1630.42,1630.56,0.01,12.09,19640.17,1
2025-07-08,2025-07-08 14:02:00,1630.56,1630.7,1630.56,1630.7,0.01,12.09,19640.17,1
2025-07-08,2025-07-08 14:03:00,1630.7,1630.84,1630.7,1630.84,0.01,12.09,19640.17,1
2025-07-08,2025-07-08 14:04:00,1630.84,1630.98,1630.84,1630.98,0.01,12.09,19640.17,1
2025-07-08,2025-07-08 14:05:00,1630.98,1631.12,1630.98,1631.12,0.01,12.09,19640.17,1
2025-07-08,2025-07-08 14:06:00,1631.12,1631.26,1631.12,1631.26,0.01,12.09,19640.17,1
2025-07-08,2025-07-08 14:07:00,1631.26,1631.4,1631.26,1631.4,0.01,12.09,19640.17,1
2025-07-08,2025-07-08 14:08:00,1631.4,1631.54,1631.4,1631.54,0.01,12.09,19640.17,1
2025-07-08,2025-07-08 14:09:00,1631.54,1631.68,1631.54,1631.68,0.01,12.09,19640.17,1
2025-07-08,2025-07-08 14:10:00,1631.68,1631.82,1631.68,1631.82,0.01,12.09,19640.17,1
2025-07-08,2025-07-08 14:11:00,1631.82,1631.96,1631.82,1631.96,0.01,12.09,19640.17,1
2025-07-08,2025-07-08 14:12:00,1631.96,1632.1,1631.96,1632.1,0.01,12.09,19640.17,1
2025-07-08,2025-07-08 14:13:00,1632.1,1632.24,1632.1,1632.24,0.01,12.09,19640.17,1
2025-07-08,2025-07-08 14:14:00,1632.24,1632.38,1632.24,1632.38,0.01,12.09,19640.17,1
2025-07-08,2025-07-08 14:15:00,1632.38,1632.52,1632.38,1632.52,0.01,12.09,19640.17,1
2025-07-08,2025-07-08 14:16:00,1632.52,1632.66,1632.52,1632.66,0.01,12.09,19640.17,1
2025-07-08,2025-07-08 14:17:00,1632.66,1632.8,1632.66,1632.8,0.01,12.09,19640.17,1
2025-07-08,2025-07-08 14:18:00,1632.8,1632.94,1632.8,1632.94,0.01,12.09,19640.17,1
2025-07-08,2025-07-08 14:19:00,1632.94,1633.08,1632.94,1633.08,0.01,12.09,19640.17,1
2025-07-08,2025-07-08 14:20:00,1633.08,1633.22,1633.08,1633.22,0.01,12.09,19640.17,1
2025-07-08,2025-07-08 14:21:00,1633.22,1633.36,1633.22,1633.36,0.01,12.09,19640.17,1
2025-07-08,2025-07-08 14:22:00,1633.36,1633.5,1633.36,1633.5,0.01,12.09,19640.17,1
2025-07-08,2025-07-08 14:23:00,1633.5,1633.64,1633.5,1633.64,0.01,12.09,19640.17,1
2025-07-08,2025-07-08 14:24:00,1633.64,1633.79,1633.64,1633.79,0.01,12.09,19640.17,1
2025-07-08,2025-07-08 14:25:00,1633.79,1633.93,1633.79,1633.93,0.01,12.09,19640.17,1
2025-07-08,2025-07-08 14:26:00,1633.93,1634.07,1633.93,1634.07,0.01,12.09,19640.17,1
2025-07-08,2025-07-08 14:27:00,1634.07,1634.21,1634.07,1634.21,0.01,12.09,19640.17,1
2025-07-08,2025-07-08 14:28:00,1634.21,1634.35,1634.21,1634.35,0.01,12.09,19640.17,1
2025-07-08,2025-07-08 14:29:00,1634.35,1634.49,1634.35,1634.49,0.01,12.09,19640.17,1
2025-07-08,2025-07-08 14:30:00,1634.49,1634.63,1634.49,1634.63,0.01,12.09,19640.17,1
2025-07-08,2025-07-08 14:31:00,1634.63,1634.77,1634.63,1634.77,0.01,12.09,19640.17,1
2025-07-08,2025-07-08 14:32:00,1634.77,1634.91,1634.77,1634.91,0.01,12.09,19640.17,1
2025-07-08,2025-07-08 14:33:00,1634.91,1635.05,1634.91,1635.05,0.01,12.09,19640.17,1
2025-07-08,2025-07-08 14:34:00,1635.05,1635.19,1635.05,1635.19,0.01,12.09,19640.17,1
2025-07-08,2025-07-08 14:35:00,1635.19,1635.33,1635.19,1635.33,0.01,12.09,19640.17,1
2025-07-08,2025-07-08 14:36:00,1635.33,1635.47,1635.33,1635.47,0.01,12.09,19640.17,1
2025-07-08,2025-07-08 14:37:00,1635.47,1635.61,1635.47,1635.61,0.01,12.09,19640.17,1
2025-07-08,2025-07-08 14:38:00,1635.61,1635.75,1635.61,1635.75,0.01,12.09,19640.17,1
2025-07-08,2025-07-08 14:39:00,1635.75,1635.89,1635.75,1635.89,0.01,12.09,19640.17,1
2025-07-08,2025-07-08 14:40:00,1635.89,1636.03,1635.89,1636.03,0.01,12.09,19640.17,1
2025-07-08,2025-07-08 14:41:00,1636.03,1636.17,1636.03,1636.17,0.01,12.09,19640.17,1
2025-07-08,2025-07-08 14:42:00,1636.17,1636.31,1636.17,1636.31,0.01,12.09,19640.17,1
2025-07-08,2025-07-08 14:43:00,1636.31,1636.45,1636.31,1636.45,0.01,12.09,19640.17,1
2025-07-08,2025-07-08 14:44:00,1636.45,1636.59,1636.45,1636.59,0.01,12.09,19640.17,1
2025-07-08,2025-07-08 14:45:00,1636.59,1636.73,1636.59,1636.73,0.01,12.09,19640.17,1
2025-07-08,2025-07-08 14:46:00,1636.73,1636.87,1636.73,1636.87,0.01,12.09,19640.17,1
2025-07-08,2025-07-08 14:47:00,1636.87,1637.02,1636.87,1637.02,0.01,12.09,19640.17,1
2025-07-08,2025-07-08 14:48:00,1637.02,1637.16,1637.02,1637.16,0.01,12.09,19640.17,1
2025-07-08,2025-07-08 14:49:00,1637.16,1637.3,1637.16,1637.3,0.01,12.09,19640.17,1
2025-07-08,2025-07-08 14:50:00,1637.3,1637.44,1637.3,1637.44,0.01,12.09,19640.17,1
2025-07-08,2025-07-08 14:51:00,1637.44,1637.58,1637.44,1637.58,0.01,12.09,19640.17,1
2025-07-08,2025-07-08 14:52:00,1637.58,1637.72,1637.58,1637.72,0.01,12.09,19640.17,1
2025-07-08,2025-07-08 14:53:00,1637.72,1637.86,1637.72,1637.86,0.01,12.09,19640.17,1
2025-07-08,2025-07-08 14:54:00,1637.86,1638.0,1637.86,1638.0,0.01,12.09,19640.17,1
2025-07-08,2025-07-08 14:55:00,1638.0,1638.14,1638.0,1638.14,0.01,12.09,19640.17,1
2025-07-08,2025-07-08 14:56:00,1638.14,1638.28,1638.14,1638.28,0.01,12.09,19640.17,1
2025-07-08,2025-07-08 14:57:00,1638.28,1638.42,1638.28,1638.42,0.01,12.09,19640.17,1
2025-07-08,2025-07-08 14:58:00,1638.42,1638.56,1638.42,1638.56,0.01,12.09,19640.17,1
2025-07-08,2025-07-08 14:59:00,1638.56,1638.7,1638.56,1638.7,0.01,12.09,19640.17,1
2025-07-08,2025-07-08 15:00:00,1638.7,1689.0,1590.0,1638.7,0.0,12.09,19640.17,0
2025-07-09,2025-07-09 11:00:00,1607.0,1620.02,1607.0,1607.15,0.01,9.03,14848.24,1
2025-07-09,2025-07-09 11:01:00,1607.15,1607.3,1607.15,1607.3,0.01,9.03,14848.24,1
2025-07-09,2025-07-09 11:02:00,1607.3,1607.45,1607.3,1607.45,0.01,9.03,14848.24,1
2025-07-09,2025-07-09 11:03:00,1607.45,1607.6,1607.45,1607.6,0.01,9.03,14848.24,1
2025-07-09,2025-07-09 11:04:00,1607.6,1607.75,1607.6,1607.75,0.01,9.03,14848.24,1
2025-07-09,2025-07-09 11:05:00,1607.75,1607.91,1607.75,1607.91,0.01,9.03,14848.24,1
2025-07-09,2025-07-09 11:06:00,1607.91,1608.06,1607.91,1608.06,0.01,9.03,14848.24,1
2025-07-09,2025-07-09 11:07:00,1608.06,1608.21,1608.06,1608.21,0.01,9.03,14848.24,1
2025-07-09,2025-07-09 11:08:00,1608.21,1608.36,1608.21,1608.36,0.01,9.03,14848.24,1
2025-07-09,2025-07-09 11:09:00,1608.36,1608.51,1608.36,1608.51,0.01,9.03,14848.24,1
2025-07-09,2025-07-09 11:10:00,1608.51,1608.66,1608.51,1608.66,0.01,9.03,14848.24,1
2025-07-09,2025-07-09 11:11:00,1608.66,1608.81,1608.66,1608.81,0.01,9.03,14848.24,1
2025-07-09,2025-07-09 11:12:00,1608.81,1608.96,1608.81,1608.96,0.01,9.03,14848.24,1
2025-07-09,2025-07-09 11:13:00,1608.96,1609.11,1608.96,1609.11,0.01,9.03,14848.24,1
2025-07-09,2025-07-09 11:14:00,1609.11,1609.26,1609.11,1609.26,0.01,9.03,14848.24,1
2025-07-09,2025-07-09 11:15:00,1609.26,1609.41,1609.26,1609.41,0.01,9.03,14848.24,1
2025-07-09,2025-07-09 11:16:00,1609.41,1609.57,1609.41,1609.57,0.01,9.03,14848.24,1
2025-07-09,2025-07-09 11:17:00,1609.57,1609.72,1609.57,1609.72,0.01,9.03,14848.24,1
2025-07-09,2025-07-09 11:18:00,1609.72,1609.87,1609.72,1609.87,0.01,9.03,14848.24,1
2025-07-09,2025-07-09 11:19:00,1609.87,1610.02,1609.87,1610.02,0.01,9.03,14848.24,1
2025-07-09,2025-07-09 11:20:00,1610.02,1610.17,1610.02,1610.17,0.01,9.03,14848.24,1
2025-07-09,2025-07-09 11:21:00,1610.17,1610.32,1610.17,1610.32,0.01,9.03,14848.24,1
2025-07-09,2025-07-09 11:22:00,1610.32,1610.47,1610.32,1610.47,0.01,9.03,14848.24,1
2025-07-09,2025-07-09 11:23:00,1610.47,1610.62,1610.47,1610.62,0.01,9.03,14848.24,1
2025-07-09,2025-07-09 11:24:00,1610.62,1610.77,1610.62,1610.77,0.01,9.03,14848.24,1
2025-07-09,2025-07-09 11:25:00,1610.77,1610.92,1610.77,1610.92,0.01,9.03,14848.24,1
2025-07-09,2025-07-09 11:26:00,1610.92,1611.07,1610.92,1611.07,0.01,9.03,14848.24,1
2025-07-09,2025-07-09 11:27:00,1611.07,1611.23,1611.07,1611.23,0.01,9.03,14848.24,1
2025-07-09,2025-07-09 11:28:00,1611.23,1611.38,1611.23,1611.38,0.01,9.03,14848.24,1
2025-07-09,2025-07-09 11:29:00,1611.38,1611.53,1611.38,1611.53,0.01,9.03,14848.24,1
2025-07-09,2025-07-09 11:30:00,1611.53,1611.68,1611.53,1611.68,0.01,9.03,14848.24,1
2025-07-09,2025-07-09 11:31:00,1611.68,1611.83,1611.68,1611.83,0.01,9.03,14848.24,1
2025-07-09,2025-07-09 11:32:00,1611.83,1611.98,1611.83,1611.98,0.01,9.03,14848.24,1
2025-07-09,2025-07-09 11:33:00,1611.98,1612.13,1611.98,1612.13,0.01,9.03,14848.24,1
2025-07-09,2025-07-09 11:34:00,1612.13,1612.28,1612.13,1612.28,0.01,9.03,14848.24,1
2025-07-09,2025-07-09 11:35:00,1612.28,1612.43,1612.28,1612.43,0.01,9.03,14848.24,1
2025-07-09,2025-07-09 11:36:00,1612.43,1612.58,1612.43,1612.58,0.01,9.03,14848.24,1
2025-07-09,2025-07-09 11:37:00,1612.58,1612.73,1612.58,1612.73,0.01,9.03,14848.24,1
2025-07-09,2025-07-09 11:38:00,1612.73,1612.89,1612.73,1612.89,0.01,9.03,14848.24,1
2025-07-09,2025-07-09 11:39:00,1612.89,1613.04,1612.89,1613.04,0.01,9.03,14848.24,1
2025-07-09,2025-07-09 11:40:00,1613.04,1613.19,1613.04,1613.19,0.01,9.03,14848.24,1
2025-07-09,2025-07-09 11:41:00,1613.19,1613.34,1613.19,1613.34,0.01,9.03,14848.24,1
2025-07-09,2025-07-09 11:42:00,1613.34,1613.49,1613.34,1613.49,0.01,9.03,14848.24,1
2025-07-09,2025-07-09 11:43:00,1613.49,1613.64,1613.49,1613.64,0.01,9.03,14848.24,1
2025-07-09,2025-07-09 11:44:00,1613.64,1613.79,1613.64,1613.79,0.01,9.03,14848.24,1
2025-07-09,2025-07-09 11:45:00,1613.79,1613.94,1613.79,1613.94,0.01,9.03,14848.24,1
2025-07-09,2025-07-09 11:46:00,1613.94,1614.09,1613.94,1614.09,0.01,9.03,14848.24,1
2025-07-09,2025-07-09 11:47:00,1614.09,1614.24,1614.09,1614.24,0.01,9.03,14848.24,1
2025-07-09,2025-07-09 11:48:00,1614.24,1614.39,1614.24,1614.39,0.01,9.03,14848.24,1
2025-07-09,2025-07-09 11:49:00,1614.39,1614.55,1614.39,1614.55,0.01,9.03,14848.24,1
2025-07-09,2025-07-09 11:50:00,1614.55,1614.7,1614.55,1614.7,0.01,9.03,14848.24,1
2025-07-09,2025-07-09 11:51:00,1614.7,1614.85,1614.7,1614.85,0.01,9.03,14848.24,1
2025-07-09,2025-07-09 11:52:00,1614.85,1615.0,1614.85,1615.0,0.01,9.03,14848.24,1
2025-07-09,2025-07-09 11:53:00,1615.0,1615.15,1615.0,1615.15,0.01,9.03,14848.24,1
2025-07-09,2025-07-09 11:54:00,1615.15,1615.3,1615.15,1615.3,0.01,9.03,14848.24,1
2025-07-09,2025-07-09 11:55:00,1615.3,1615.45,1615.3,1615.45,0.01,9.03,14848.24,1
2025-07-09,2025-07-09 11:56:00,1615.45,1615.6,1615.45,1615.6,0.01,9.03,14848.24,1
2025-07-09,2025-07-09 11:57:00,1615.6,1615.75,1615.6,1615.75,0.01,9.03,14848.24,1
2025-07-09,2025-07-09 11:58:00,1615.75,1615.9,1615.75,1615.9,0.01,9.03,14848.24,1
2025-07-09,2025-07-09 11:59:00,1615.9,1616.06,1615.9,1616.06,0.01,9.03,14848.24,1
2025-07-09,2025-07-09 12:00:00,1616.06,1616.21,1616.06,1616.21,0.01,9.03,14848.24,1
2025-07-09,2025-07-09 12:01:00,1616.21,1616.36,1616.21,1616.36,0.01,9.03,14848.24,1
2025-07-09,2025-07-09 12:02:00,1616.36,1616.51,1616.36,1616.51,0.01,9.03,14848.24,1
2025-07-09,2025-07-09 12:03:00,1616.51,1616.66,1616.51,1616.66,0.01,9.03,14848.24,1
2025-07-09,2025-07-09 12:04:00,1616.66,1616.81,1616.66,1616.81,0.01,9.03,14848.24,1
2025-07-09,2025-07-09 12:05:00,1616.81,1616.96,1616.81,1616.96,0.01,9.03,14848.24,1
2025-07-09,2025-07-09 12:06:00,1616.96,1617.11,1616.96,1617.11,0.01,9.03,14848.24,1
2025-07-09,2025-07-09 12:07:00,1617.11,1617.26,1617.11,1617.26,0.01,9.03,14848.24,1
2025-07-09,2025-07-09 12:08:00,1617.26,1617.41,1617.26,1617.41,0.01,9.03,14848.24,1
2025-07-09,2025-07-09 12:09:00,1617.41,1617.56,1617.41,1617.56,0.01,9.03,14848.24,1
2025-07-09,2025-07-09 12:10:00,1617.56,1617.72,1617.56,1617.72,0.01,9.03,14848.24,1
2025-07-09,2025-07-09 12:11:00,1617.72,1617.87,1617.72,1617.87,0.01,9.03,14848.24,1
2025-07-09,2025-07-09 12:12:00,1617.87,1618.02,1617.87,1618.02,0.01,9.03,14848.24,1
2025-07-09,2025-07-09 12:13:00,1618.02,1618.17,1618.02,1618.17,0.01,9.03,14848.24,1
2025-07-09,2025-07-09 12:14:00,1618.17,1618.32,1618.17,1618.32,0.01,9.03,14848.24,1
2025-07-09,2025-07-09 12:15:00,1618.32,1618.47,1618.32,1618.47,0.01,9.03,14848.24,1
2025-07-09,2025-07-09 12:16:00,1618.47,1618.62,1618.47,1618.62,0.01,9.03,14848.24,1
2025-07-09,2025-07-09 12:17:00,1618.62,1618.77,1618.62,1618.77,0.01,9.03,14848.24,1
2025-07-09,2025-07-09 12:18:00,1618.77,1618.92,1618.77,1618.92,0.01,9.03,14848.24,1
2025-07-09,2025-07-09 12:19:00,1618.92,1619.07,1618.92,1619.07,0.01,9.03,14848.24,1
2025-07-09,2025-07-09 12:20:00,1619.07,1619.22,1619.07,1619.22,0.01,9.03,14848.24,1
2025-07-09,2025-07-09 12:21:00,1619.22,1619.38,1619.22,1619.38,0.01,9.03,14848.24,1
2025-07-09,2025-07-09 12:22:00,1619.38,1619.53,1619.38,1619.53,0.01,9.03,14848.24,1
2025-07-09,2025-07-09 12:23:00,1619.53,1619.68,1619.53,1619.68,0.01,9.03,14848.24,1
2025-07-09,2025-07-09 12:24:00,1619.68,1619.83,1619.68,1619.83,0.01,9.03,14848.24,1
2025-07-09,2025-07-09 12:25:00,1619.83,1619.98,1619.83,1619.98,0.01,9.03,14848.24,1
2025-07-09,2025-07-09 12:26:00,1619.98,1620.13,1619.98,1620.13,0.01,9.03,14848.24,1
2025-07-09,2025-07-09 12:27:00,1620.13,1620.28,1620.13,1620.28,0.01,9.03,14848.24,1
2025-07-09,2025-07-09 12:28:00,1620.28,1620.43,1620.28,1620.43,0.01,9.03,14848.24,1
2025-07-09,2025-07-09 12:29:00,1620.43,1620.58,1620.43,1620.58,0.01,9.03,14848.24,1
2025-07-09,2025-07-09 12:30:00,1620.58,1620.73,1620.58,1620.73,0.01,9.03,14848.24,1
2025-07-09,2025-07-09 12:31:00,1620.73,1620.88,1620.73,1620.88,0.01,9.03,14848.24,1
2025-07-09,2025-07-09 12:32:00,1620.88,1621.04,1620.88,1621.04,0.01,9.03,14848.24,1
2025-07-09,2025-07-09 12:33:00,1621.04,1621.19,1621.04,1621.19,0.01,9.03,14848.24,1
2025-07-09,2025-07-09 12:34:00,1621.19,1621.34,1621.19,1621.34,0.01,9.03,14848.24,1
2025-07-09,2025-07-09 12:35:00,1621.34,1621.49,1621.34,1621.49,0.01,9.03,14848.24,1
2025-07-09,2025-07-09 12:36:00,1621.49,1621.64,1621.49,1621.64,0.01,9.03,14848.24,1
2025-07-09,2025-07-09 12:37:00,1621.64,1621.79,1621.64,1621.79,0.01,9.03,14848.24,1
2025-07-09,2025-07-09 12:38:00,1621.79,1621.94,1621.79,1621.94,0.01,9.03,14848.24,1
2025-07-09,2025-07-09 12:39:00,1621.94,1622.09,1621.94,1622.09,0.01,9.03,14848.24,1
2025-07-09,2025-07-09 12:40:00,1622.09,1622.24,1622.09,1622.24,0.01,9.03,14848.24,1
2025-07-09,2025-07-09 12:41:00,1622.24,1622.39,1622.24,1622.39,0.01,9.03,14848.24,1
2025-07-09,2025-07-09 12:42:00,1622.39,1622.54,1622.39,1622.54,0.01,9.03,14848.24,1
2025-07-09,2025-07-09 12:43:00,1622.54,1622.7,1622.54,1622.7,0.01,9.03,14848.24,1
2025-07-09,2025-07-09 12:44:00,1622.7,1622.85,1622.7,1622.85,0.01,9.03,14848.24,1
2025-07-09,2025-07-09 12:45:00,1622.85,1623.0,1622.85,1623.0,0.01,9.03,14848.24,1
2025-07-09,2025-07-09 12:46:00,1623.0,1623.15,1623.0,1623.15,0.01,9.03,14848.24,1
2025-07-09,2025-07-09 12:47:00,1623.15,1623.3,1623.15,1623.3,0.01,9.03,14848.24,1
2025-07-09,2025-07-09 12:48:00,1623.3,1623.45,1623.3,1623.45,0.01,9.03,14848.24,1
2025-07-09,2025-07-09 12:49:00,1623.45,1623.6,1623.45,1623.6,0.01,9.03,14848.24,1
2025-07-09,2025-07-09 12:50:00,1623.6,1623.75,1623.6,1623.75,0.01,9.03,14848.24,1
2025-07-09,2025-07-09 12:51:00,1623.75,1623.9,1623.75,1623.9,0.01,9.03,14848.24,1
2025-07-09,2025-07-09 12:52:00,1623.9,1624.05,1623.9,1624.05,0.01,9.03,14848.24,1
2025-07-09,2025-07-09 12:53:00,1624.05,1624.2,1624.05,1624.2,0.01,9.03,14848.24,1
2025-07-09,2025-07-09 12:54:00,1624.2,1624.36,1624.2,1624.36,0.01,9.03,14848.24,1
2025-07-09,2025-07-09 12:55:00,1624.36,1624.51,1624.36,1624.51,0.01,9.03,14848.24,1
2025-07-09,2025-07-09 12:56:00,1624.51,1624.66,1624.51,1624.66,0.01,9.03,14848.24,1
2025-07-09,2025-07-09 12:57:00,1624.66,1624.81,1624.66,1624.81,0.01,9.03,14848.24,1
2025-07-09,2025-07-09 12:58:00,1624.81,1624.96,1624.81,1624.96,0.01,9.03,14848.24,1
2025-07-09,2025-07-09 12:59:00,1624.96,1625.11,1624.96,1625.11,0.01,9.03,14848.24,1
2025-07-09,2025-07-09 13:00:00,1625.11,1650.4,1607.0,1625.26,0.01,9.03,14848.24,1
2025-07-09,2025-07-09 13:01:00,1625.26,1625.41,1625.26,1625.41,0.01,9.03,14848.24,1
2025-07-09,2025-07-09 13:02:00,1625.41,1625.56,1625.41,1625.56,0.01,9.03,14848.24,1
2025-07-09,2025-07-09 13:03:00,1625.56,1625.71,1625.56,1625.71,0.01,9.03,14848.24,1
2025-07-09,2025-07-09 13:04:00,1625.71,1625.86,1625.71,1625.86,0.01,9.03,14848.24,1
2025-07-09,2025-07-09 13:05:00,1625.86,1626.02,1625.86,1626.02,0.01,9.03,14848.24,1
2025-07-09,2025-07-09 13:06:00,1626.02,1626.17,1626.02,1626.17,0.01,9.03,14848.24,1
2025-07-09,2025-07-09 13:07:00,1626.17,1626.32,1626.17,1626.32,0.01,9.03,14848.24,1
2025-07-09,2025-07-09 13:08:00,1626.32,1626.47,1626.32,1626.47,0.01,9.03,14848.24,1
2025-07-09,2025-07-09 13:09:00,1626.47,1626.62,1626.47,1626.62,0.01,9.03,14848.24,1
2025-07-09,2025-07-09 13:10:00,1626.62,1626.77,1626.62,1626.77,0.01,9.03,14848.24,1
2025-07-09,2025-07-09 13:11:00,1626.77,1626.92,1626.77,1626.92,0.01,9.03,14848.24,1
2025-07-09,2025-07-09 13:12:00,1626.92,1627.07,1626.92,1627.07,0.01,9.03,14848.24,1
2025-07-09,2025-07-09 13:13:00,1627.07,1627.22,1627.07,1627.22,0.01,9.03,14848.24,1
2025-07-09,2025-07-09 13:14:00,1627.22,1627.37,1627.22,1627.37,0.01,9.03,14848.24,1
2025-07-09,2025-07-09 13:15:00,1627.37,1627.52,1627.37,1627.52,0.01,9.03,14848.24,1
2025-07-09,2025-07-09 13:16:00,1627.52,1627.68,1627.52,1627.68,0.01,9.03,14848.24,1
2025-07-09,2025-07-09 13:17:00,1627.68,1627.83,1627.68,1627.83,0.01,9.03,14848.24,1
2025-07-09,2025-07-09 13:18:00,1627.83,1627.98,1627.83,1627.98,0.01,9.03,14848.24,1
2025-07-09,2025-07-09 13:19:00,1627.98,1628.13,1627.98,1628.13,0.01,9.03,14848.24,1
2025-07-09,2025-07-09 13:20:00,1628.13,1628.28,1628.13,1628.28,0.01,9.03,14848.24,1
2025-07-09,2025-07-09 13:21:00,1628.28,1628.43,1628.28,1628.43,0.01,9.03,14848.24,1
2025-07-09,2025-07-09 13:22:00,1628.43,1628.58,1628.43,1628.58,0.01,9.03,14848.24,1
2025-07-09,2025-07-09 13:23:00,1628.58,1628.73,1628.58,1628.73,0.01,9.03,14848.24,1
2025-07-09,2025-07-09 13:24:00,1628.73,1628.88,1628.73,1628.88,0.01,9.03,14848.24,1
2025-07-09,2025-07-09 13:25:00,1628.88,1629.03,1628.88,1629.03,0.01,9.03,14848.24,1
2025-07-09,2025-07-09 13:26:00,1629.03,1629.18,1629.03,1629.18,0.01,9.03,14848.24,1
2025-07-09,2025-07-09 13:27:00,1629.18,1629.34,1629.18,1629.34,0.01,9.03,14848.24,1
2025-07-09,2025-07-09 13:28:00,1629.34,1629.49,1629.34,1629.49,0.01,9.03,14848.24,1
2025-07-09,2025-07-09 13:29:00,1629.49,1629.64,1629.49,1629.64,0.01,9.03,14848.24,1
2025-07-09,2025-07-09 13:30:00,1629.64,1629.79,1629.64,1629.79,0.01,9.03,14848.24,1
2025-07-09,2025-07-09 13:31:00,1629.79,1629.94,1629.79,1629.94,0.01,9.03,14848.24,1
2025-07-09,2025-07-09 13:32:00,1629.94,1630.09,1629.94,1630.09,0.01,9.03,14848.24,1
2025-07-09,2025-07-09 13:33:00,1630.09,1630.24,1630.09,1630.24,0.01,9.03,14848.24,1
2025-07-09,2025-07-09 13:34:00,1630.24,1630.39,1630.24,1630.39,0.01,9.03,14848.24,1
2025-07-09,2025-07-09 13:35:00,1630.39,1630.54,1630.39,1630.54,0.01,9.03,14848.24,1
2025-07-09,2025-07-09 13:36:00,1630.54,1630.69,1630.54,1630.69,0.01,9.03,14848.24,1
2025-07-09,2025-07-09 13:37:00,1630.69,1630.84,1630.69,1630.84,0.01,9.03,14848.24,1
2025-07-09,2025-07-09 13:38:00,1630.84,1631.0,1630.84,1631.0,0.01,9.03,14848.24,1
2025-07-09,2025-07-09 13:39:00,1631.0,1631.15,1631.0,1631.15,0.01,9.03,14848.24,1
2025-07-09,2025-07-09 13:40:00,1631.15,1631.3,1631.15,1631.3,0.01,9.03,14848.24,1
2025-07-09,2025-07-09 13:41:00,1631.3,1631.45,1631.3,1631.45,0.01,9.03,14848.24,1
2025-07-09,2025-07-09 13:42:00,1631.45,1631.6,1631.45,1631.6,0.01,9.03,14848.24,1
2025-07-09,2025-07-09 13:43:00,1631.6,1631.75,1631.6,1631.75,0.01,9.03,14848.24,1
2025-07-09,2025-07-09 13:44:00,1631.75,1631.9,1631.75,1631.9,0.01,9.03,14848.24,1
2025-07-09,2025-07-09 13:45:00,1631.9,1632.05,1631.9,1632.05,0.01,9.03,14848.24,1
2025-07-09,2025-07-09 13:46:00,1632.05,1632.2,1632.05,1632.2,0.01,9.03,14848.24,1
2025-07-09,2025-07-09 13:47:00,1632.2,1632.35,1632.2,1632.35,0.01,9.03,14848.24,1
2025-07-09,2025-07-09 13:48:00,1632.35,1632.5,1632.35,1632.5,0.01,9.03,14848.24,1
2025-07-09,2025-07-09 13:49:00,1632.5,1632.66,1632.5,1632.66,0.01,9.03,14848.24,1
2025-07-09,2025-07-09 13:50:00,1632.66,1632.81,1632.66,1632.81,0.01,9.03,14848.24,1
2025-07-09,2025-07-09 13:51:00,1632.81,1632.96,1632.81,1632.96,0.01,9.03,14848.24,1
2025-07-09,2025-07-09 13:52:00,1632.96,1633.11,1632.96,1633.11,0.01,9.03,14848.24,1
2025-07-09,2025-07-09 13:53:00,1633.11,1633.26,1633.11,1633.26,0.01,9.03,14848.24,1
2025-07-09,2025-07-09 13:54:00,1633.26,1633.41,1633.26,1633.41,0.01,9.03,14848.24,1
2025-07-09,2025-07-09 13:55:00,1633.41,1633.56,1633.41,1633.56,0.01,9.03,14848.24,1
2025-07-09,2025-07-09 13:56:00,1633.56,1633.71,1633.56,1633.71,0.01,9.03,14848.24,1
2025-07-09,2025-07-09 13:57:00,1633.71,1633.86,1633.71,1633.86,0.01,9.03,14848.24,1
2025-07-09,2025-07-09 13:58:00,1633.86,1634.01,1633.86,1634.01,0.01,9.03,14848.24,1
2025-07-09,2025-07-09 13:59:00,1634.01,1634.16,1634.01,1634.16,0.01,9.03,14848.24,1
2025-07-09,2025-07-09 14:00:00,1634.16,1634.32,1634.16,1634.32,0.01,9.03,14848.24,1
2025-07-09,2025-07-09 14:01:00,1634.32,1634.47,1634.32,1634.47,0.01,9.03,14848.24,1
2025-07-09,2025-07-09 14:02:00,1634.47,1634.62,1634.47,1634.62,0.01,9.03,14848.24,1
2025-07-09,2025-07-09 14:03:00,1634.62,1634.77,1634.62,1634.77,0.01,9.03,14848.24,1
2025-07-09,2025-07-09 14:04:00,1634.77,1634.92,1634.77,1634.92,0.01,9.03,14848.24,1
2025-07-09,2025-07-09 14:05:00,1634.92,1635.07,1634.92,1635.07,0.01,9.03,14848.24,1
2025-07-09,2025-07-09 14:06:00,1635.07,1635.22,1635.07,1635.22,0.01,9.03,14848.24,1
2025-07-09,2025-07-09 14:07:00,1635.22,1635.37,1635.22,1635.37,0.01,9.03,14848.24,1
2025-07-09,2025-07-09 14:08:00,1635.37,1635.52,1635.37,1635.52,0.01,9.03,14848.24,1
2025-07-09,2025-07-09 14:09:00,1635.52,1635.67,1635.52,1635.67,0.01,9.03,14848.24,1
2025-07-09,2025-07-09 14:10:00,1635.67,1635.83,1635.67,1635.83,0.01,9.03,14848.24,1
2025-07-09,2025-07-09 14:11:00,1635.83,1635.98,1635.83,1635.98,0.01,9.03,14848.24,1
2025-07-09,2025-07-09 14:12:00,1635.98,1636.13,1635.98,1636.13,0.01,9.03,14848.24,1
2025-07-09,2025-07-09 14:13:00,1636.13,1636.28,1636.13,1636.28,0.01,9.03,14848.24,1
2025-07-09,2025-07-09 14:14:00,1636.28,1636.43,1636.28,1636.43,0.01,9.03,14848.24,1
2025-07-09,2025-07-09 14:15:00,1636.43,1636.58,1636.43,1636.58,0.01,9.03,14848.24,1
2025-07-09,2025-07-09 14:16:00,1636.58,1636.73,1636.58,1636.73,0.01,9.03,14848.24,1
2025-07-09,2025-07-09 14:17:00,1636.73,1636.88,1636.73,1636.88,0.01,9.03,14848.24,1
2025-07-09,2025-07-09 14:18:00,1636.88,1637.03,1636.88,1637.03,0.01,9.03,14848.24,1
2025-07-09,2025-07-09 14:19:00,1637.03,1637.18,1637.03,1637.18,0.01,9.03,14848.24,1
2025-07-09,2025-07-09 14:20:00,1637.18,1637.33,1637.18,1637.33,0.01,9.03,14848.24,1
2025-07-09,2025-07-09 14:21:00,1637.33,1637.49,1637.33,1637.49,0.01,9.03,14848.24,1
2025-07-09,2025-07-09 14:22:00,1637.49,1637.64,1637.49,1637.64,0.01,9.03,14848.24,1
2025-07-09,2025-07-09 14:23:00,1637.64,1637.79,1637.64,1637.79,0.01,9.03,14848.24,1
2025-07-09,2025-07-09 14:24:00,1637.79,1637.94,1637.79,1637.94,0.01,9.03,14848.24,1
2025-07-09,2025-07-09 14:25:00,1637.94,1638.09,1637.94,1638.09,0.01,9.03,14848.24,1
2025-07-09,2025-07-09 14:26:00,1638.09,1638.24,1638.09,1638.24,0.01,9.03,14848.24,1
2025-07-09,2025-07-09 14:27:00,1638.24,1638.39,1638.24,1638.39,0.01,9.03,14848.24,1
2025-07-09,2025-07-09 14:28:00,1638.39,1638.54,1638.39,1638.54,0.01,9.03,14848.24,1
2025-07-09,2025-07-09 14:29:00,1638.54,1638.69,1638.54,1638.69,0.01,9.03,14848.24,1
2025-07-09,2025-07-09 14:30:00,1638.69,1638.84,1638.69,1638.84,0.01,9.03,14848.24,1
2025-07-09,2025-07-09 14:31:00,1638.84,1638.99,1638.84,1638.99,0.01,9.03,14848.24,1
2025-07-09,2025-07-09 14:32:00,1638.99,1639.15,1638.99,1639.15,0.01,9.03,14848.24,1
2025-07-09,2025-07-09 14:33:00,1639.15,1639.3,1639.15,1639.3,0.01,9.03,14848.24,1
2025-07-09,2025-07-09 14:34:00,1639.3,1639.45,1639.3,1639.45,0.01,9.03,14848.24,1
2025-07-09,2025-07-09 14:35:00,1639.45,1639.6,1639.45,1639.6,0.01,9.03,14848.24,1
2025-07-09,2025-07-09 14:36:00,1639.6,1639.75,1639.6,1639.75,0.01,9.03,14848.24,1
2025-07-09,2025-07-09 14:37:00,1639.75,1639.9,1639.75,1639.9,0.01,9.03,14848.24,1
2025-07-09,2025-07-09 14:38:00,1639.9,1640.05,1639.9,1640.05,0.01,9.03,14848.24,1
2025-07-09,2025-07-09 14:39:00,1640.05,1640.2,1640.05,1640.2,0.01,9.03,14848.24,1
2025-07-09,2025-07-09 14:40:00,1640.2,1640.35,1640.2,1640.35,0.01,9.03,14848.24,1
2025-07-09,2025-07-09 14:41:00,1640.35,1640.5,1640.35,1640.5,0.01,9.03,14848.24,1
2025-07-09,2025-07-09 14:42:00,1640.5,1640.65,1640.5,1640.65,0.01,9.03,14848.24,1
2025-07-09,2025-07-09 14:43:00,1640.65,1640.81,1640.65,1640.81,0.01,9.03,14848.24,1
2025-07-09,2025-07-09 14:44:00,1640.81,1640.96,1640.81,1640.96,0.01,9.03,14848.24,1
2025-07-09,2025-07-09 14:45:00,1640.96,1641.11,1640.96,1641.11,0.01,9.03,14848.24,1
2025-07-09,2025-07-09 14:46:00,1641.11,1641.26,1641.11,1641.26,0.01,9.03,14848.24,1
2025-07-09,2025-07-09 14:47:00,1641.26,1641.41,1641.26,1641.41,0.01,9.03,14848.24,1
2025-07-09,2025-07-09 14:48:00,1641.41,1641.56,1641.41,1641.56,0.01,9.03,14848.24,1
2025-07-09,2025-07-09 14:49:00,1641.56,1641.71,1641.56,1641.71,0.01,9.03,14848.24,1
2025-07-09,2025-07-09 14:50:00,1641.71,1641.86,1641.71,1641.86,0.01,9.03,14848.24,1
2025-07-09,2025-07-09 14:51:00,1641.86,1642.01,1641.86,1642.01,0.01,9.03,14848.24,1
2025-07-09,2025-07-09 14:52:00,1642.01,1642.16,1642.01,1642.16,0.01,9.03,14848.24,1
2025-07-09,2025-07-09 14:53:00,1642.16,1642.31,1642.16,1642.31,0.01,9.03,14848.24,1
2025-07-09,2025-07-09 14:54:00,1642.31,1642.47,1642.31,1642.47,0.01,9.03,14848.24,1
2025-07-09,2025-07-09 14:55:00,1642.47,1642.62,1642.47,1642.62,0.01,9.03,14848.24,1
2025-07-09,2025-07-09 14:56:00,1642.62,1642.77,1642.62,1642.77,0.01,9.03,14848.24,1
2025-07-09,2025-07-09 14:57:00,1642.77,1642.92,1642.77,1642.92,0.01,9.03,14848.24,1
2025-07-09,2025-07-09 14:58:00,1642.92,1643.07,1642.92,1643.07,0.01,9.03,14848.24,1
2025-07-09,2025-07-09 14:59:00,1643.07,1643.22,1643.07,1643.22,0.01,9.03,14848.24,1
2025-07-09,2025-07-09 15:00:00,1643.22,1650.4,1607.0,1643.22,0.0,9.03,14848.24,0
2025-07-10,2025-07-10 11:00:00,1640.0,1650.47,1633.46,1640.06,0.0,5.15,8539.07,1
2025-07-10,2025-07-10 11:01:00,1640.06,1640.12,1640.06,1640.12,0.0,5.15,8539.07,1
2025-07-10,2025-07-10 11:02:00,1640.12,1640.18,1640.12,1640.18,0.0,5.15,8539.07,1
2025-07-10,2025-07-10 11:03:00,1640.18,1640.24,1640.18,1640.24,0.0,5.15,8539.07,1
2025-07-10,2025-07-10 11:04:00,1640.24,1640.31,1640.24,1640.31,0.0,5.15,8539.07,1
2025-07-10,2025-07-10 11:05:00,1640.31,1640.37,1640.31,1640.37,0.0,5.15,8539.07,1
2025-07-10,2025-07-10 11:06:00,1640.37,1640.43,1640.37,1640.43,0.0,5.15,8539.07,1
2025-07-10,2025-07-10 11:07:00,1640.43,1640.49,1640.43,1640.49,0.0,5.15,8539.07,1
2025-07-10,2025-07-10 11:08:00,1640.49,1640.55,1640.49,1640.55,0.0,5.15,8539.07,1
2025-07-10,2025-07-10 11:09:00,1640.55,1640.61,1640.55,1640.61,0.0,5.15,8539.07,1
2025-07-10,2025-07-10 11:10:00,1640.61,1640.67,1640.61,1640.67,0.0,5.15,8539.07,1
2025-07-10,2025-07-10 11:11:00,1640.67,1640.73,1640.67,1640.73,0.0,5.15,8539.07,1
2025-07-10,2025-07-10 11:12:00,1640.73,1640.79,1640.73,1640.79,0.0,5.15,8539.07,1
2025-07-10,2025-07-10 11:13:00,1640.79,1640.85,1640.79,1640.85,0.0,5.15,8539.07,1
2025-07-10,2025-07-10 11:14:00,1640.85,1640.92,1640.85,1640.92,0.0,5.15,8539.07,1
2025-07-10,2025-07-10 11:15:00,1640.92,1640.98,1640.92,1640.98,0.0,5.15,8539.07,1
2025-07-10,2025-07-10 11:16:00,1640.98,1641.04,1640.98,1641.04,0.0,5.15,8539.07,1
2025-07-10,2025-07-10 11:17:00,1641.04,1641.1,1641.04,1641.1,0.0,5.15,8539.07,1
2025-07-10,2025-07-10 11:18:00,1641.1,1641.16,1641.1,1641.16,0.0,5.15,8539.07,1
2025-07-10,2025-07-10 11:19:00,1641.16,1641.22,1641.16,1641.22,0.0,5.15,8539.07,1
2025-07-10,2025-07-10 11:20:00,1641.22,1641.28,1641.22,1641.28,0.0,5.15,8539.07,1
2025-07-10,2025-07-10 11:21:00,1641.28,1641.34,1641.28,1641.34,0.0,5.15,8539.07,1
2025-07-10,2025-07-10 11:22:00,1641.34,1641.4,1641.34,1641.4,0.0,5.15,8539.07,1
2025-07-10,2025-07-10 11:23:00,1641.4,1641.46,1641.4,1641.46,0.0,5.15,8539.07,1
2025-07-10,2025-07-10 11:24:00,1641.46,1641.53,1641.46,1641.53,0.0,5.15,8539.07,1
2025-07-10,2025-07-10 11:25:00,1641.53,1641.59,1641.53,1641.59,0.0,5.15,8539.07,1
2025-07-10,2025-07-10 11:26:00,1641.59,1641.65,1641.59,1641.65,0.0,5.15,8539.07,1
2025-07-10,2025-07-10 11:27:00,1641.65,1641.71,1641.65,1641.71,0.0,5.15,8539.07,1
2025-07-10,2025-07-10 11:28:00,1641.71,1641.77,1641.71,1641.77,0.0,5.15,8539.07,1
2025-07-10,2025-07-10 11:29:00,1641.77,1641.83,1641.77,1641.83,0.0,5.15,8539.07,1
2025-07-10,2025-07-10 11:30:00,1641.83,1641.89,1641.83,1641.89,0.0,5.15,8539.07,1
2025-07-10,2025-07-10 11:31:00,1641.89,1641.95,1641.89,1641.95,0.0,5.15,8539.07,1
2025-07-10,2025-07-10 11:32:00,1641.95,1642.01,1641.95,1642.01,0.0,5.15,8539.07,1
2025-07-10,2025-07-10 11:33:00,1642.01,1642.08,1642.01,1642.08,0.0,5.15,8539.07,1
2025-07-10,2025-07-10 11:34:00,1642.08,1642.14,1642.08,1642.14,0.0,5.15,8539.07,1
2025-07-10,2025-07-10 11:35:00,1642.14,1642.2,1642.14,1642.2,0.0,5.15,8539.07,1
2025-07-10,2025-07-10 11:36:00,1642.2,1642.26,1642.2,1642.26,0.0,5.15,8539.07,1
2025-07-10,2025-07-10 11:37:00,1642.26,1642.32,1642.26,1642.32,0.0,5.15,8539.07,1
2025-07-10,2025-07-10 11:38:00,1642.32,1642.38,1642.32,1642.38,0.0,5.15,8539.07,1
2025-07-10,2025-07-10 11:39:00,1642.38,1642.44,1642.38,1642.44,0.0,5.15,8539.07,1
2025-07-10,2025-07-10 11:40:00,1642.44,1642.5,1642.44,1642.5,0.0,5.15,8539.07,1
2025-07-10,2025-07-10 11:41:00,1642.5,1642.56,1642.5,1642.56,0.0,5.15,8539.07,1
2025-07-10,2025-07-10 11:42:00,1642.56,1642.62,1642.56,1642.62,0.0,5.15,8539.07,1
2025-07-10,2025-07-10 11:43:00,1642.62,1642.69,1642.62,1642.69,0.0,5.15,8539.07,1
2025-07-10,2025-07-10 11:44:00,1642.69,1642.75,1642.69,1642.75,0.0,5.15,8539.07,1
2025-07-10,2025-07-10 11:45:00,1642.75,1642.81,1642.75,1642.81,0.0,5.15,8539.07,1
2025-07-10,2025-07-10 11:46:00,1642.81,1642.87,1642.81,1642.87,0.0,5.15,8539.07,1
2025-07-10,2025-07-10 11:47:00,1642.87,1642.93,1642.87,1642.93,0.0,5.15,8539.07,1
2025-07-10,2025-07-10 11:48:00,1642.93,1642.99,1642.93,1642.99,0.0,5.15,8539.07,1
2025-07-10,2025-07-10 11:49:00,1642.99,1643.05,1642.99,1643.05,0.0,5.15,8539.07,1
2025-07-10,2025-07-10 11:50:00,1643.05,1643.11,1643.05,1643.11,0.0,5.15,8539.07,1
2025-07-10,2025-07-10 11:51:00,1643.11,1643.17,1643.11,1643.17,0.0,5.15,8539.07,1
2025-07-10,2025-07-10 11:52:00,1643.17,1643.24,1643.17,1643.24,0.0,5.15,8539.07,1
2025-07-10,2025-07-10 11:53:00,1643.24,1643.3,1643.24,1643.3,0.0,5.15,8539.07,1
2025-07-10,2025-07-10 11:54:00,1643.3,1643.36,1643.3,1643.36,0.0,5.15,8539.07,1
2025-07-10,2025-07-10 11:55:00,1643.36,1643.42,1643.36,1643.42,0.0,5.15,8539.07,1
2025-07-10,2025-07-10 11:56:00,1643.42,1643.48,1643.42,1643.48,0.0,5.15,8539.07,1
2025-07-10,2025-07-10 11:57:00,1643.48,1643.54,1643.48,1643.54,0.0,5.15,8539.07,1
2025-07-10,2025-07-10 11:58:00,1643.54,1643.6,1643.54,1643.6,0.0,5.15,8539.07,1
2025-07-10,2025-07-10 11:59:00,1643.6,1643.66,1643.6,1643.66,0.0,5.15,8539.07,1
2025-07-10,2025-07-10 12:00:00,1643.66,1643.72,1643.66,1643.72,0.0,5.15,8539.07,1
2025-07-10,2025-07-10 12:01:00,1643.72,1643.78,1643.72,1643.78,0.0,5.15,8539.07,1
2025-07-10,2025-07-10 12:02:00,1643.78,1643.85,1643.78,1643.85,0.0,5.15,8539.07,1
2025-07-10,2025-07-10 12:03:00,1643.85,1643.91,1643.85,1643.91,0.0,5.15,8539.07,1
2025-07-10,2025-07-10 12:04:00,1643.91,1643.97,1643.91,1643.97,0.0,5.15,8539.07,1
2025-07-10,2025-07-10 12:05:00,1643.97,1644.03,1643.97,1644.03,0.0,5.15,8539.07,1
2025-07-10,2025-07-10 12:06:00,1644.03,1644.09,1644.03,1644.09,0.0,5.15,8539.07,1
2025-07-10,2025-07-10 12:07:00,1644.09,1644.15,1644.09,1644.15,0.0,5.15,8539.07,1
2025-07-10,2025-07-10 12:08:00,1644.15,1644.21,1644.15,1644.21,0.0,5.15,8539.07,1
2025-07-10,2025-07-10 12:09:00,1644.21,1644.27,1644.21,1644.27,0.0,5.15,8539.07,1
2025-07-10,2025-07-10 12:10:00,1644.27,1644.33,1644.27,1644.33,0.0,5.15,8539.07,1
2025-07-10,2025-07-10 12:11:00,1644.33,1644.39,1644.33,1644.39,0.0,5.15,8539.07,1
2025-07-10,2025-07-10 12:12:00,1644.39,1644.46,1644.39,1644.46,0.0,5.15,8539.07,1
2025-07-10,2025-07-10 12:13:00,1644.46,1644.52,1644.46,1644.52,0.0,5.15,8539.07,1
2025-07-10,2025-07-10 12:14:00,1644.52,1644.58,1644.52,1644.58,0.0,5.15,8539.07,1
2025-07-10,2025-07-10 12:15:00,1644.58,1644.64,1644.58,1644.64,0.0,5.15,8539.07,1
2025-07-10,2025-07-10 12:16:00,1644.64,1644.7,1644.64,1644.7,0.0,5.15,8539.07,1
2025-07-10,2025-07-10 12:17:00,1644.7,1644.76,1644.7,1644.76,0.0,5.15,8539.07,1
2025-07-10,2025-07-10 12:18:00,1644.76,1644.82,1644.76,1644.82,0.0,5.15,8539.07,1
2025-07-10,2025-07-10 12:19:00,1644.82,1644.88,1644.82,1644.88,0.0,5.15,8539.07,1
2025-07-10,2025-07-10 12:20:00,1644.88,1644.94,1644.88,1644.94,0.0,5.15,8539.07,1
2025-07-10,2025-07-10 12:21:00,1644.94,1645.01,1644.94,1645.01,0.0,5.15,8539.07,1
2025-07-10,2025-07-10 12:22:00,1645.01,1645.07,1645.01,1645.07,0.0,5.15,8539.07,1
2025-07-10,2025-07-10 12:23:00,1645.07,1645.13,1645.07,1645.13,0.0,5.15,8539.07,1
2025-07-10,2025-07-10 12:24:00,1645.13,1645.19,1645.13,1645.19,0.0,5.15,8539.07,1
2025-07-10,2025-07-10 12:25:00,1645.19,1645.25,1645.19,1645.25,0.0,5.15,8539.07,1
2025-07-10,2025-07-10 12:26:00,1645.25,1645.31,1645.25,1645.31,0.0,5.15,8539.07,1
2025-07-10,2025-07-10 12:27:00,1645.31,1645.37,1645.31,1645.37,0.0,5.15,8539.07,1
2025-07-10,2025-07-10 12:28:00,1645.37,1645.43,1645.37,1645.43,0.0,5.15,8539.07,1
2025-07-10,2025-07-10 12:29:00,1645.43,1645.49,1645.43,1645.49,0.0,5.15,8539.07,1
2025-07-10,2025-07-10 12:30:00,1645.49,1645.55,1645.49,1645.55,0.0,5.15,8539.07,1
2025-07-10,2025-07-10 12:31:00,1645.55,1645.62,1645.55,1645.62,0.0,5.15,8539.07,1
2025-07-10,2025-07-10 12:32:00,1645.62,1645.68,1645.62,1645.68,0.0,5.15,8539.07,1
2025-07-10,2025-07-10 12:33:00,1645.68,1645.74,1645.68,1645.74,0.0,5.15,8539.07,1
2025-07-10,2025-07-10 12:34:00,1645.74,1645.8,1645.74,1645.8,0.0,5.15,8539.07,1
2025-07-10,2025-07-10 12:35:00,1645.8,1645.86,1645.8,1645.86,0.0,5.15,8539.07,1
2025-07-10,2025-07-10 12:36:00,1645.86,1645.92,1645.86,1645.92,0.0,5.15,8539.07,1
2025-07-10,2025-07-10 12:37:00,1645.92,1645.98,1645.92,1645.98,0.0,5.15,8539.07,1
2025-07-10,2025-07-10 12:38:00,1645.98,1646.04,1645.98,1646.04,0.0,5.15,8539.07,1
2025-07-10,2025-07-10 12:39:00,1646.04,1646.1,1646.04,1646.1,0.0,5.15,8539.07,1
2025-07-10,2025-07-10 12:40:00,1646.1,1646.17,1646.1,1646.17,0.0,5.15,8539.07,1
2025-07-10,2025-07-10 12:41:00,1646.17,1646.23,1646.17,1646.23,0.0,5.15,8539.07,1
2025-07-10,2025-07-10 12:42:00,1646.23,1646.29,1646.23,1646.29,0.0,5.15,8539.07,1
2025-07-10,2025-07-10 12:43:00,1646.29,1646.35,1646.29,1646.35,0.0,5.15,8539.07,1
2025-07-10,2025-07-10 12:44:00,1646.35,1646.41,1646.35,1646.41,0.0,5.15,8539.07,1
2025-07-10,2025-07-10 12:45:00,1646.41,1646.47,1646.41,1646.47,0.0,5.15,8539.07,1
2025-07-10,2025-07-10 12:46:00,1646.47,1646.53,1646.47,1646.53,0.0,5.15,8539.07,1
2025-07-10,2025-07-10 12:47:00,1646.53,1646.59,1646.53,1646.59,0.0,5.15,8539.07,1
2025-07-10,2025-07-10 12:48:00,1646.59,1646.65,1646.59,1646.65,0.0,5.15,8539.07,1
2025-07-10,2025-07-10 12:49:00,1646.65,1646.71,1646.65,1646.71,0.0,5.15,8539.07,1
2025-07-10,2025-07-10 12:50:00,1646.71,1646.78,1646.71,1646.78,0.0,5.15,8539.07,1
2025-07-10,2025-07-10 12:51:00,1646.78,1646.84,1646.78,1646.84,0.0,5.15,8539.07,1
2025-07-10,2025-07-10 12:52:00,1646.84,1646.9,1646.84,1646.9,0.0,5.15,8539.07,1
2025-07-10,2025-07-10 12:53:00,1646.9,1646.96,1646.9,1646.96,0.0,5.15,8539.07,1
2025-07-10,2025-07-10 12:54:00,1646.96,1647.02,1646.96,1647.02,0.0,5.15,8539.07,1
2025-07-10,2025-07-10 12:55:00,1647.02,1647.08,1647.02,1647.08,0.0,5.15,8539.07,1
2025-07-10,2025-07-10 12:56:00,1647.08,1647.14,1647.08,1647.14,0.0,5.15,8539.07,1
2025-07-10,2025-07-10 12:57:00,1647.14,1647.2,1647.14,1647.2,0.0,5.15,8539.07,1
2025-07-10,2025-07-10 12:58:00,1647.2,1647.26,1647.2,1647.26,0.0,5.15,8539.07,1
2025-07-10,2025-07-10 12:59:00,1647.26,1647.33,1647.26,1647.33,0.0,5.15,8539.07,1
2025-07-10,2025-07-10 13:00:00,1647.33,1674.9,1618.2,1647.39,0.0,5.15,8539.07,1
2025-07-10,2025-07-10 13:01:00,1647.39,1647.45,1647.39,1647.45,0.0,5.15,8539.07,1
2025-07-10,2025-07-10 13:02:00,1647.45,1647.51,1647.45,1647.51,0.0,5.15,8539.07,1
2025-07-10,2025-07-10 13:03:00,1647.51,1647.57,1647.51,1647.57,0.0,5.15,8539.07,1
2025-07-10,2025-07-10 13:04:00,1647.57,1647.63,1647.57,1647.63,0.0,5.15,8539.07,1
2025-07-10,2025-07-10 13:05:00,1647.63,1647.69,1647.63,1647.69,0.0,5.15,8539.07,1
2025-07-10,2025-07-10 13:06:00,1647.69,1647.75,1647.69,1647.75,0.0,5.15,8539.07,1
2025-07-10,2025-07-10 13:07:00,1647.75,1647.81,1647.75,1647.81,0.0,5.15,8539.07,1
2025-07-10,2025-07-10 13:08:00,1647.81,1647.87,1647.81,1647.87,0.0,5.15,8539.07,1
2025-07-10,2025-07-10 13:09:00,1647.87,1647.94,1647.87,1647.94,0.0,5.15,8539.07,1
2025-07-10,2025-07-10 13:10:00,1647.94,1648.0,1647.94,1648.0,0.0,5.15,8539.07,1
2025-07-10,2025-07-10 13:11:00,1648.0,1648.06,1648.0,1648.06,0.0,5.15,8539.07,1
2025-07-10,2025-07-10 13:12:00,1648.06,1648.12,1648.06,1648.12,0.0,5.15,8539.07,1
2025-07-10,2025-07-10 13:13:00,1648.12,1648.18,1648.12,1648.18,0.0,5.15,8539.07,1
2025-07-10,2025-07-10 13:14:00,1648.18,1648.24,1648.18,1648.24,0.0,5.15,8539.07,1
2025-07-10,2025-07-10 13:15:00,1648.24,1648.3,1648.24,1648.3,0.0,5.15,8539.07,1
2025-07-10,2025-07-10 13:16:00,1648.3,1648.36,1648.3,1648.36,0.0,5.15,8539.07,1
2025-07-10,2025-07-10 13:17:00,1648.36,1648.42,1648.36,1648.42,0.0,5.15,8539.07,1
2025-07-10,2025-07-10 13:18:00,1648.42,1648.48,1648.42,1648.48,0.0,5.15,8539.07,1
2025-07-10,2025-07-10 13:19:00,1648.48,1648.55,1648.48,1648.55,0.0,5.15,8539.07,1
2025-07-10,2025-07-10 13:20:00,1648.55,1648.61,1648.55,1648.61,0.0,5.15,8539.07,1
2025-07-10,2025-07-10 13:21:00,1648.61,1648.67,1648.61,1648.67,0.0,5.15,8539.07,1
2025-07-10,2025-07-10 13:22:00,1648.67,1648.73,1648.67,1648.73,0.0,5.15,8539.07,1
2025-07-10,2025-07-10 13:23:00,1648.73,1648.79,1648.73,1648.79,0.0,5.15,8539.07,1
2025-07-10,2025-07-10 13:24:00,1648.79,1648.85,1648.79,1648.85,0.0,5.15,8539.07,1
2025-07-10,2025-07-10 13:25:00,1648.85,1648.91,1648.85,1648.91,0.0,5.15,8539.07,1
2025-07-10,2025-07-10 13:26:00,1648.91,1648.97,1648.91,1648.97,0.0,5.15,8539.07,1
2025-07-10,2025-07-10 13:27:00,1648.97,1649.03,1648.97,1649.03,0.0,5.15,8539.07,1
2025-07-10,2025-07-10 13:28:00,1649.03,1649.1,1649.03,1649.1,0.0,5.15,8539.07,1
2025-07-10,2025-07-10 13:29:00,1649.1,1649.16,1649.1,1649.16,0.0,5.15,8539.07,1
2025-07-10,2025-07-10 13:30:00,1649.16,1649.22,1649.16,1649.22,0.0,5.15,8539.07,1
2025-07-10,2025-07-10 13:31:00,1649.22,1649.28,1649.22,1649.28,0.0,5.15,8539.07,1
2025-07-10,2025-07-10 13:32:00,1649.28,1649.34,1649.28,1649.34,0.0,5.15,8539.07,1
2025-07-10,2025-07-10 13:33:00,1649.34,1649.4,1649.34,1649.4,0.0,5.15,8539.07,1
2025-07-10,2025-07-10 13:34:00,1649.4,1649.46,1649.4,1649.46,0.0,5.15,8539.07,1
2025-07-10,2025-07-10 13:35:00,1649.46,1649.52,1649.46,1649.52,0.0,5.15,8539.07,1
2025-07-10,2025-07-10 13:36:00,1649.52,1649.58,1649.52,1649.58,0.0,5.15,8539.07,1
2025-07-10,2025-07-10 13:37:00,1649.58,1649.64,1649.58,1649.64,0.0,5.15,8539.07,1
2025-07-10,2025-07-10 13:38:00,1649.64,1649.71,1649.64,1649.71,0.0,5.15,8539.07,1
2025-07-10,2025-07-10 13:39:00,1649.71,1649.77,1649.71,1649.77,0.0,5.15,8539.07,1
2025-07-10,2025-07-10 13:40:00,1649.77,1649.83,1649.77,1649.83,0.0,5.15,8539.07,1
2025-07-10,2025-07-10 13:41:00,1649.83,1649.89,1649.83,1649.89,0.0,5.15,8539.07,1
2025-07-10,2025-07-10 13:42:00,1649.89,1649.95,1649.89,1649.95,0.0,5.15,8539.07,1
2025-07-10,2025-07-10 13:43:00,1649.95,1650.01,1649.95,1650.01,0.0,5.15,8539.07,1
2025-07-10,2025-07-10 13:44:00,1650.01,1650.07,1650.01,1650.07,0.0,5.15,8539.07,1
2025-07-10,2025-07-10 13:45:00,1650.07,1650.13,1650.07,1650.13,0.0,5.15,8539.07,1
2025-07-10,2025-07-10 13:46:00,1650.13,1650.19,1650.13,1650.19,0.0,5.15,8539.07,1
2025-07-10,2025-07-10 13:47:00,1650.19,1650.26,1650.19,1650.26,0.0,5.15,8539.07,1
2025-07-10,2025-07-10 13:48:00,1650.26,1650.32,1650.26,1650.32,0.0,5.15,8539.07,1
2025-07-10,2025-07-10 13:49:00,1650.32,1650.38,1650.32,1650.38,0.0,5.15,8539.07,1
2025-07-10,2025-07-10 13:50:00,1650.38,1650.44,1650.38,1650.44,0.0,5.15,8539.07,1
2025-07-10,2025-07-10 13:51:00,1650.44,1650.5,1650.44,1650.5,0.0,5.15,8539.07,1
2025-07-10,2025-07-10 13:52:00,1650.5,1650.56,1650.5,1650.56,0.0,5.15,8539.07,1
2025-07-10,2025-07-10 13:53:00,1650.56,1650.62,1650.56,1650.62,0.0,5.15,8539.07,1
2025-07-10,2025-07-10 13:54:00,1650.62,1650.68,1650.62,1650.68,0.0,5.15,8539.07,1
2025-07-10,2025-07-10 13:55:00,1650.68,1650.74,1650.68,1650.74,0.0,5.15,8539.07,1
2025-07-10,2025-07-10 13:56:00,1650.74,1650.8,1650.74,1650.8,0.0,5.15,8539.07,1
2025-07-10,2025-07-10 13:57:00,1650.8,1650.87,1650.8,1650.87,0.0,5.15,8539.07,1
2025-07-10,2025-07-10 13:58:00,1650.87,1650.93,1650.87,1650.93,0.0,5.15,8539.07,1
2025-07-10,2025-07-10 13:59:00,1650.93,1650.99,1650.93,1650.99,0.0,5.15,8539.07,1
2025-07-10,2025-07-10 14:00:00,1650.99,1651.05,1650.99,1651.05,0.0,5.15,8539.07,1
2025-07-10,2025-07-10 14:01:00,1651.05,1651.11,1651.05,1651.11,0.0,5.15,8539.07,1
2025-07-10,2025-07-10 14:02:00,1651.11,1651.17,1651.11,1651.17,0.0,5.15,8539.07,1
2025-07-10,2025-07-10 14:03:00,1651.17,1651.23,1651.17,1651.23,0.0,5.15,8539.07,1
2025-07-10,2025-07-10 14:04:00,1651.23,1651.29,1651.23,1651.29,0.0,5.15,8539.07,1
2025-07-10,2025-07-10 14:05:00,1651.29,1651.35,1651.29,1651.35,0.0,5.15,8539.07,1
2025-07-10,2025-07-10 14:06:00,1651.35,1651.41,1651.35,1651.41,0.0,5.15,8539.07,1
2025-07-10,2025-07-10 14:07:00,1651.41,1651.48,1651.41,1651.48,0.0,5.15,8539.07,1
2025-07-10,2025-07-10 14:08:00,1651.48,1651.54,1651.48,1651.54,0.0,5.15,8539.07,1
2025-07-10,2025-07-10 14:09:00,1651.54,1651.6,1651.54,1651.6,0.0,5.15,8539.07,1
2025-07-10,2025-07-10 14:10:00,1651.6,1651.66,1651.6,1651.66,0.0,5.15,8539.07,1
2025-07-10,2025-07-10 14:11:00,1651.66,1651.72,1651.66,1651.72,0.0,5.15,8539.07,1
2025-07-10,2025-07-10 14:12:00,1651.72,1651.78,1651.72,1651.78,0.0,5.15,8539.07,1
2025-07-10,2025-07-10 14:13:00,1651.78,1651.84,1651.78,1651.84,0.0,5.15,8539.07,1
2025-07-10,2025-07-10 14:14:00,1651.84,1651.9,1651.84,1651.9,0.0,5.15,8539.07,1
2025-07-10,2025-07-10 14:15:00,1651.9,1651.96,1651.9,1651.96,0.0,5.15,8539.07,1
2025-07-10,2025-07-10 14:16:00,1651.96,1652.03,1651.96,1652.03,0.0,5.15,8539.07,1
2025-07-10,2025-07-10 14:17:00,1652.03,1652.09,1652.03,1652.09,0.0,5.15,8539.07,1
2025-07-10,2025-07-10 14:18:00,1652.09,1652.15,1652.09,1652.15,0.0,5.15,8539.07,1
2025-07-10,2025-07-10 14:19:00,1652.15,1652.21,1652.15,1652.21,0.0,5.15,8539.07,1
2025-07-10,2025-07-10 14:20:00,1652.21,1652.27,1652.21,1652.27,0.0,5.15,8539.07,1
2025-07-10,2025-07-10 14:21:00,1652.27,1652.33,1652.27,1652.33,0.0,5.15,8539.07,1
2025-07-10,2025-07-10 14:22:00,1652.33,1652.39,1652.33,1652.39,0.0,5.15,8539.07,1
2025-07-10,2025-07-10 14:23:00,1652.39,1652.45,1652.39,1652.45,0.0,5.15,8539.07,1
2025-07-10,2025-07-10 14:24:00,1652.45,1652.51,1652.45,1652.51,0.0,5.15,8539.07,1
2025-07-10,2025-07-10 14:25:00,1652.51,1652.57,1652.51,1652.57,0.0,5.15,8539.07,1
2025-07-10,2025-07-10 14:26:00,1652.57,1652.64,1652.57,1652.64,0.0,5.15,8539.07,1
2025-07-10,2025-07-10 14:27:00,1652.64,1652.7,1652.64,1652.7,0.0,5.15,8539.07,1
2025-07-10,2025-07-10 14:28:00,1652.7,1652.76,1652.7,1652.76,0.0,5.15,8539.07,1
2025-07-10,2025-07-10 14:29:00,1652.76,1652.82,1652.76,1652.82,0.0,5.15,8539.07,1
2025-07-10,2025-07-10 14:30:00,1652.82,1652.88,1652.82,1652.88,0.0,5.15,8539.07,1
2025-07-10,2025-07-10 14:31:00,1652.88,1652.94,1652.88,1652.94,0.0,5.15,8539.07,1
2025-07-10,2025-07-10 14:32:00,1652.94,1653.0,1652.94,1653.0,0.0,5.15,8539.07,1
2025-07-10,2025-07-10 14:33:00,1653.0,1653.06,1653.0,1653.06,0.0,5.15,8539.07,1
2025-07-10,2025-07-10 14:34:00,1653.06,1653.12,1653.06,1653.12,0.0,5.15,8539.07,1
2025-07-10,2025-07-10 14:35:00,1653.12,1653.19,1653.12,1653.19,0.0,5.15,8539.07,1
2025-07-10,2025-07-10 14:36:00,1653.19,1653.25,1653.19,1653.25,0.0,5.15,8539.07,1
2025-07-10,2025-07-10 14:37:00,1653.25,1653.31,1653.25,1653.31,0.0,5.15,8539.07,1
2025-07-10,2025-07-10 14:38:00,1653.31,1653.37,1653.31,1653.37,0.0,5.15,8539.07,1
2025-07-10,2025-07-10 14:39:00,1653.37,1653.43,1653.37,1653.43,0.0,5.15,8539.07,1
2025-07-10,2025-07-10 14:40:00,1653.43,1653.49,1653.43,1653.49,0.0,5.15,8539.07,1
2025-07-10,2025-07-10 14:41:00,1653.49,1653.55,1653.49,1653.55,0.0,5.15,8539.07,1
2025-07-10,2025-07-10 14:42:00,1653.55,1653.61,1653.55,1653.61,0.0,5.15,8539.07,1
2025-07-10,2025-07-10 14:43:00,1653.61,1653.67,1653.61,1653.67,0.0,5.15,8539.07,1
2025-07-10,2025-07-10 14:44:00,1653.67,1653.73,1653.67,1653.73,0.0,5.15,8539.07,1
2025-07-10,2025-07-10 14:45:00,1653.73,1653.8,1653.73,1653.8,0.0,5.15,8539.07,1
2025-07-10,2025-07-10 14:46:00,1653.8,1653.86,1653.8,1653.86,0.0,5.15,8539.07,1
2025-07-10,2025-07-10 14:47:00,1653.86,1653.92,1653.86,1653.92,0.0,5.15,8539.07,1
2025-07-10,2025-07-10 14:48:00,1653.92,1653.98,1653.92,1653.98,0.0,5.15,8539.07,1
2025-07-10,2025-07-10 14:49:00,1653.98,1654.04,1653.98,1654.04,0.0,5.15,8539.07,1
2025-07-10,2025-07-10 14:50:00,1654.04,1654.1,1654.04,1654.1,0.0,5.15,8539.07,1
2025-07-10,2025-07-10 14:51:00,1654.1,1654.16,1654.1,1654.16,0.0,5.15,8539.07,1
2025-07-10,2025-07-10 14:52:00,1654.16,1654.22,1654.16,1654.22,0.0,5.15,8539.07,1
2025-07-10,2025-07-10 14:53:00,1654.22,1654.28,1654.22,1654.28,0.0,5.15,8539.07,1
2025-07-10,2025-07-10 14:54:00,1654.28,1654.34,1654.28,1654.34,0.0,5.15,8539.07,1
2025-07-10,2025-07-10 14:55:00,1654.34,1654.41,1654.34,1654.41,0.0,5.15,8539.07,1
2025-07-10,2025-07-10 14:56:00,1654.41,1654.47,1654.41,1654.47,0.0,5.15,8539.07,1
2025-07-10,2025-07-10 14:57:00,1654.47,1654.53,1654.47,1654.53,0.0,5.15,8539.07,1
2025-07-10,2025-07-10 14:58:00,1654.53,1654.59,1654.53,1654.59,0.0,5.15,8539.07,1
2025-07-10,2025-07-10 14:59:00,1654.59,1654.65,1654.59,1654.65,0.0,5.15,8539.07,1
2025-07-10,2025-07-10 15:00:00,1654.65,1674.9,1618.2,1654.65,0.0,5.15,8539.07,0
2025-07-13,2025-07-13 11:00:00,1686.7,1706.59,1681.99,1686.76,0.0,63.44,107695.22,1
2025-07-13,2025-07-13 11:01:00,1686.76,1686.82,1686.76,1686.82,0.0,63.44,107695.22,1
2025-07-13,2025-07-13 11:02:00,1686.82,1686.89,1686.82,1686.89,0.0,63.44,107695.22,1
2025-07-13,2025-07-13 11:03:00,1686.89,1686.95,1686.89,1686.95,0.0,63.44,107695.22,1
2025-07-13,2025-07-13 11:04:00,1686.95,1687.01,1686.95,1687.01,0.0,63.44,107695.22,1
2025-07-13,2025-07-13 11:05:00,1687.01,1687.07,1687.01,1687.07,0.0,63.44,107695.22,1
2025-07-13,2025-07-13 11:06:00,1687.07,1687.13,1687.07,1687.13,0.0,63.44,107695.22,1
2025-07-13,2025-07-13 11:07:00,1687.13,1687.2,1687.13,1687.2,0.0,63.44,107695.22,1
2025-07-13,2025-07-13 11:08:00,1687.2,1687.26,1687.2,1687.26,0.0,63.44,107695.22,1
2025-07-13,2025-07-13 11:09:00,1687.26,1687.32,1687.26,1687.32,0.0,63.44,107695.22,1
2025-07-13,2025-07-13 11:10:00,1687.32,1687.38,1687.32,1687.38,0.0,63.44,107695.22,1
2025-07-13,2025-07-13 11:11:00,1687.38,1687.44,1687.38,1687.44,0.0,63.44,107695.22,1
2025-07-13,2025-07-13 11:12:00,1687.44,1687.51,1687.44,1687.51,0.0,63.44,107695.22,1
2025-07-13,2025-07-13 11:13:00,1687.51,1687.57,1687.51,1687.57,0.0,63.44,107695.22,1
2025-07-13,2025-07-13 11:14:00,1687.57,1687.63,1687.57,1687.63,0.0,63.44,107695.22,1
2025-07-13,2025-07-13 11:15:00,1687.63,1687.69,1687.63,1687.69,0.0,63.44,107695.22,1
2025-07-13,2025-07-13 11:16:00,1687.69,1687.75,1687.69,1687.75,0.0,63.44,107695.22,1
2025-07-13,2025-07-13 11:17:00,1687.75,1687.82,1687.75,1687.82,0.0,63.44,107695.22,1
2025-07-13,2025-07-13 11:18:00,1687.82,1687.88,1687.82,1687.88,0.0,63.44,107695.22,1
2025-07-13,2025-07-13 11:19:00,1687.88,1687.94,1687.88,1687.94,0.0,63.44,107695.22,1
2025-07-13,2025-07-13 11:20:00,1687.94,1688.0,1687.94,1688.0,0.0,63.44,107695.22,1
2025-07-13,2025-07-13 11:21:00,1688.0,1688.06,1688.0,1688.06,0.0,63.44,107695.22,1
2025-07-13,2025-07-13 11:22:00,1688.06,1688.13,1688.06,1688.13,0.0,63.44,107695.22,1
2025-07-13,2025-07-13 11:23:00,1688.13,1688.19,1688.13,1688.19,0.0,63.44,107695.22,1
2025-07-13,2025-07-13 11:24:00,1688.19,1688.25,1688.19,1688.25,0.0,63.44,107695.22,1
2025-07-13,2025-07-13 11:25:00,1688.25,1688.31,1688.25,1688.31,0.0,63.44,107695.22,1
2025-07-13,2025-07-13 11:26:00,1688.31,1688.37,1688.31,1688.37,0.0,63.44,107695.22,1
2025-07-13,2025-07-13 11:27:00,1688.37,1688.43,1688.37,1688.43,0.0,63.44,107695.22,1
2025-07-13,2025-07-13 11:28:00,1688.43,1688.5,1688.43,1688.5,0.0,63.44,107695.22,1
2025-07-13,2025-07-13 11:29:00,1688.5,1688.56,1688.5,1688.56,0.0,63.44,107695.22,1
2025-07-13,2025-07-13 11:30:00,1688.56,1688.62,1688.56,1688.62,0.0,63.44,107695.22,1
2025-07-13,2025-07-13 11:31:00,1688.62,1688.68,1688.62,1688.68,0.0,63.44,107695.22,1
2025-07-13,2025-07-13 11:32:00,1688.68,1688.74,1688.68,1688.74,0.0,63.44,107695.22,1
2025-07-13,2025-07-13 11:33:00,1688.74,1688.81,1688.74,1688.81,0.0,63.44,107695.22,1
2025-07-13,2025-07-13 11:34:00,1688.81,1688.87,1688.81,1688.87,0.0,63.44,107695.22,1
2025-07-13,2025-07-13 11:35:00,1688.87,1688.93,1688.87,1688.93,0.0,63.44,107695.22,1
2025-07-13,2025-07-13 11:36:00,1688.93,1688.99,1688.93,1688.99,0.0,63.44,107695.22,1
2025-07-13,2025-07-13 11:37:00,1688.99,1689.05,1688.99,1689.05,0.0,63.44,107695.22,1
2025-07-13,2025-07-13 11:38:00,1689.05,1689.12,1689.05,1689.12,0.0,63.44,107695.22,1
2025-07-13,2025-07-13 11:39:00,1689.12,1689.18,1689.12,1689.18,0.0,63.44,107695.22,1
2025-07-13,2025-07-13 11:40:00,1689.18,1689.24,1689.18,1689.24,0.0,63.44,107695.22,1
2025-07-13,2025-07-13 11:41:00,1689.24,1689.3,1689.24,1689.3,0.0,63.44,107695.22,1
2025-07-13,2025-07-13 11:42:00,1689.3,1689.36,1689.3,1689.36,0.0,63.44,107695.22,1
2025-07-13,2025-07-13 11:43:00,1689.36,1689.43,1689.36,1689.43,0.0,63.44,107695.22,1
2025-07-13,2025-07-13 11:44:00,1689.43,1689.49,1689.43,1689.49,0.0,63.44,107695.22,1
2025-07-13,2025-07-13 11:45:00,1689.49,1689.55,1689.49,1689.55,0.0,63.44,107695.22,1
2025-07-13,2025-07-13 11:46:00,1689.55,1689.61,1689.55,1689.61,0.0,63.44,107695.22,1
2025-07-13,2025-07-13 11:47:00,1689.61,1689.67,1689.61,1689.67,0.0,63.44,107695.22,1
2025-07-13,2025-07-13 11:48:00,1689.67,1689.74,1689.67,1689.74,0.0,63.44,107695.22,1
2025-07-13,2025-07-13 11:49:00,1689.74,1689.8,1689.74,1689.8,0.0,63.44,107695.22,1
2025-07-13,2025-07-13 11:50:00,1689.8,1689.86,1689.8,1689.86,0.0,63.44,107695.22,1
2025-07-13,2025-07-13 11:51:00,1689.86,1689.92,1689.86,1689.92,0.0,63.44,107695.22,1
2025-07-13,2025-07-13 11:52:00,1689.92,1689.98,1689.92,1689.98,0.0,63.44,107695.22,1
2025-07-13,2025-07-13 11:53:00,1689.98,1690.05,1689.98,1690.05,0.0,63.44,107695.22,1
2025-07-13,2025-07-13 11:54:00,1690.05,1690.11,1690.05,1690.11,0.0,63.44,107695.22,1
2025-07-13,2025-07-13 11:55:00,1690.11,1690.17,1690.11,1690.17,0.0,63.44,107695.22,1
2025-07-13,2025-07-13 11:56:00,1690.17,1690.23,1690.17,1690.23,0.0,63.44,107695.22,1
2025-07-13,2025-07-13 11:57:00,1690.23,1690.29,1690.23,1690.29,0.0,63.44,107695.22,1
2025-07-13,2025-07-13 11:58:00,1690.29,1690.36,1690.29,1690.36,0.0,63.44,107695.22,1
2025-07-13,2025-07-13 11:59:00,1690.36,1690.42,1690.36,1690.42,0.0,63.44,107695.22,1
2025-07-13,2025-07-13 12:00:00,1690.42,1690.48,1690.42,1690.48,0.0,63.44,107695.22,1
2025-07-13,2025-07-13 12:01:00,1690.48,1690.54,1690.48,1690.54,0.0,63.44,107695.22,1
2025-07-13,2025-07-13 12:02:00,1690.54,1690.6,1690.54,1690.6,0.0,63.44,107695.22,1
2025-07-13,2025-07-13 12:03:00,1690.6,1690.67,1690.6,1690.67,0.0,63.44,107695.22,1
2025-07-13,2025-07-13 12:04:00,1690.67,1690.73,1690.67,1690.73,0.0,63.44,107695.22,1
2025-07-13,2025-07-13 12:05:00,1690.73,1690.79,1690.73,1690.79,0.0,63.44,107695.22,1
2025-07-13,2025-07-13 12:06:00,1690.79,1690.85,1690.79,1690.85,0.0,63.44,107695.22,1
2025-07-13,2025-07-13 12:07:00,1690.85,1690.91,1690.85,1690.91,0.0,63.44,107695.22,1
2025-07-13,2025-07-13 12:08:00,1690.91,1690.98,1690.91,1690.98,0.0,63.44,107695.22,1
2025-07-13,2025-07-13 12:09:00,1690.98,1691.04,1690.98,1691.04,0.0,63.44,107695.22,1
2025-07-13,2025-07-13 12:10:00,1691.04,1691.1,1691.04,1691.1,0.0,63.44,107695.22,1
2025-07-13,2025-07-13 12:11:00,1691.1,1691.16,1691.1,1691.16,0.0,63.44,107695.22,1
2025-07-13,2025-07-13 12:12:00,1691.16,1691.22,1691.16,1691.22,0.0,63.44,107695.22,1
2025-07-13,2025-07-13 12:13:00,1691.22,1691.28,1691.22,1691.28,0.0,63.44,107695.22,1
2025-07-13,2025-07-13 12:14:00,1691.28,1691.35,1691.28,1691.35,0.0,63.44,107695.22,1
2025-07-13,2025-07-13 12:15:00,1691.35,1691.41,1691.35,1691.41,0.0,63.44,107695.22,1
2025-07-13,2025-07-13 12:16:00,1691.41,1691.47,1691.41,1691.47,0.0,63.44,107695.22,1
2025-07-13,2025-07-13 12:17:00,1691.47,1691.53,1691.47,1691.53,0.0,63.44,107695.22,1
2025-07-13,2025-07-13 12:18:00,1691.53,1691.59,1691.53,1691.59,0.0,63.44,107695.22,1
2025-07-13,2025-07-13 12:19:00,1691.59,1691.66,1691.59,1691.66,0.0,63.44,107695.22,1
2025-07-13,2025-07-13 12:20:00,1691.66,1691.72,1691.66,1691.72,0.0,63.44,107695.22,1
2025-07-13,2025-07-13 12:21:00,1691.72,1691.78,1691.72,1691.78,0.0,63.44,107695.22,1
2025-07-13,2025-07-13 12:22:00,1691.78,1691.84,1691.78,1691.84,0.0,63.44,107695.22,1
2025-07-13,2025-07-13 12:23:00,1691.84,1691.9,1691.84,1691.9,0.0,63.44,107695.22,1
2025-07-13,2025-07-13 12:24:00,1691.9,1691.97,1691.9,1691.97,0.0,63.44,107695.22,1
2025-07-13,2025-07-13 12:25:00,1691.97,1692.03,1691.97,1692.03,0.0,63.44,107695.22,1
2025-07-13,2025-07-13 12:26:00,1692.03,1692.09,1692.03,1692.09,0.0,63.44,107695.22,1
2025-07-13,2025-07-13 12:27:00,1692.09,1692.15,1692.09,1692.15,0.0,63.44,107695.22,1
2025-07-13,2025-07-13 12:28:00,1692.15,1692.21,1692.15,1692.21,0.0,63.44,107695.22,1
2025-07-13,2025-07-13 12:29:00,1692.21,1692.28,1692.21,1692.28,0.0,63.44,107695.22,1
2025-07-13,2025-07-13 12:30:00,1692.28,1692.34,1692.28,1692.34,0.0,63.44,107695.22,1
2025-07-13,2025-07-13 12:31:00,1692.34,1692.4,1692.34,1692.4,0.0,63.44,107695.22,1
2025-07-13,2025-07-13 12:32:00,1692.4,1692.46,1692.4,1692.46,0.0,63.44,107695.22,1
2025-07-13,2025-07-13 12:33:00,1692.46,1692.52,1692.46,1692.52,0.0,63.44,107695.22,1
2025-07-13,2025-07-13 12:34:00,1692.52,1692.59,1692.52,1692.59,0.0,63.44,107695.22,1
2025-07-13,2025-07-13 12:35:00,1692.59,1692.65,1692.59,1692.65,0.0,63.44,107695.22,1
2025-07-13,2025-07-13 12:36:00,1692.65,1692.71,1692.65,1692.71,0.0,63.44,107695.22,1
2025-07-13,2025-07-13 12:37:00,1692.71,1692.77,1692.71,1692.77,0.0,63.44,107695.22,1
2025-07-13,2025-07-13 12:38:00,1692.77,1692.83,1692.77,1692.83,0.0,63.44,107695.22,1
2025-07-13,2025-07-13 12:39:00,1692.83,1692.9,1692.83,1692.9,0.0,63.44,107695.22,1
2025-07-13,2025-07-13 12:40:00,1692.9,1692.96,1692.9,1692.96,0.0,63.44,107695.22,1
2025-07-13,2025-07-13 12:41:00,1692.96,1693.02,1692.96,1693.02,0.0,63.44,107695.22,1
2025-07-13,2025-07-13 12:42:00,1693.02,1693.08,1693.02,1693.08,0.0,63.44,107695.22,1
2025-07-13,2025-07-13 12:43:00,1693.08,1693.14,1693.08,1693.14,0.0,63.44,107695.22,1
2025-07-13,2025-07-13 12:44:00,1693.14,1693.21,1693.14,1693.21,0.0,63.44,107695.22,1
2025-07-13,2025-07-13 12:45:00,1693.21,1693.27,1693.21,1693.27,0.0,63.44,107695.22,1
2025-07-13,2025-07-13 12:46:00,1693.27,1693.33,1693.27,1693.33,0.0,63.44,107695.22,1
2025-07-13,2025-07-13 12:47:00,1693.33,1693.39,1693.33,1693.39,0.0,63.44,107695.22,1
2025-07-13,2025-07-13 12:48:00,1693.39,1693.45,1693.39,1693.45,0.0,63.44,107695.22,1
2025-07-13,2025-07-13 12:49:00,1693.45,1693.52,1693.45,1693.52,0.0,63.44,107695.22,1
2025-07-13,2025-07-13 12:50:00,1693.52,1693.58,1693.52,1693.58,0.0,63.44,107695.22,1
2025-07-13,2025-07-13 12:51:00,1693.58,1693.64,1693.58,1693.64,0.0,63.44,107695.22,1
2025-07-13,2025-07-13 12:52:00,1693.64,1693.7,1693.64,1693.7,0.0,63.44,107695.22,1
2025-07-13,2025-07-13 12:53:00,1693.7,1693.76,1693.7,1693.76,0.0,63.44,107695.22,1
2025-07-13,2025-07-13 12:54:00,1693.76,1693.83,1693.76,1693.83,0.0,63.44,107695.22,1
2025-07-13,2025-07-13 12:55:00,1693.83,1693.89,1693.83,1693.89,0.0,63.44,107695.22,1
2025-07-13,2025-07-13 12:56:00,1693.89,1693.95,1693.89,1693.95,0.0,63.44,107695.22,1
2025-07-13,2025-07-13 12:57:00,1693.95,1694.01,1693.95,1694.01,0.0,63.44,107695.22,1
2025-07-13,2025-07-13 12:58:00,1694.01,1694.07,1694.01,1694.07,0.0,63.44,107695.22,1
2025-07-13,2025-07-13 12:59:00,1694.07,1694.13,1694.07,1694.13,0.0,63.44,107695.22,1
2025-07-13,2025-07-13 13:00:00,1694.13,1753.0,1671.0,1694.2,0.0,63.44,107695.22,1
2025-07-13,2025-07-13 13:01:00,1694.2,1694.26,1694.2,1694.26,0.0,63.44,107695.22,1
2025-07-13,2025-07-13 13:02:00,1694.26,1694.32,1694.26,1694.32,0.0,63.44,107695.22,1
2025-07-13,2025-07-13 13:03:00,1694.32,1694.38,1694.32,1694.38,0.0,63.44,107695.22,1
2025-07-13,2025-07-13 13:04:00,1694.38,1694.44,1694.38,1694.44,0.0,63.44,107695.22,1
2025-07-13,2025-07-13 13:05:00,1694.44,1694.51,1694.44,1694.51,0.0,63.44,107695.22,1
2025-07-13,2025-07-13 13:06:00,1694.51,1694.57,1694.51,1694.57,0.0,63.44,107695.22,1
2025-07-13,2025-07-13 13:07:00,1694.57,1694.63,1694.57,1694.63,0.0,63.44,107695.22,1
2025-07-13,2025-07-13 13:08:00,1694.63,1694.69,1694.63,1694.69,0.0,63.44,107695.22,1
2025-07-13,2025-07-13 13:09:00,1694.69,1694.75,1694.69,1694.75,0.0,63.44,107695.22,1
2025-07-13,2025-07-13 13:10:00,1694.75,1694.82,1694.75,1694.82,0.0,63.44,107695.22,1
2025-07-13,2025-07-13 13:11:00,1694.82,1694.88,1694.82,1694.88,0.0,63.44,107695.22,1
2025-07-13,2025-07-13 13:12:00,1694.88,1694.94,1694.88,1694.94,0.0,63.44,107695.22,1
2025-07-13,2025-07-13 13:13:00,1694.94,1695.0,1694.94,1695.0,0.0,63.44,107695.22,1
2025-07-13,2025-07-13 13:14:00,1695.0,1695.06,1695.0,1695.06,0.0,63.44,107695.22,1
2025-07-13,2025-07-13 13:15:00,1695.06,1695.13,1695.06,1695.13,0.0,63.44,107695.22,1
2025-07-13,2025-07-13 13:16:00,1695.13,1695.19,1695.13,1695.19,0.0,63.44,107695.22,1
2025-07-13,2025-07-13 13:17:00,1695.19,1695.25,1695.19,1695.25,0.0,63.44,107695.22,1
2025-07-13,2025-07-13 13:18:00,1695.25,1695.31,1695.25,1695.31,0.0,63.44,107695.22,1
2025-07-13,2025-07-13 13:19:00,1695.31,1695.37,1695.31,1695.37,0.0,63.44,107695.22,1
2025-07-13,2025-07-13 13:20:00,1695.37,1695.44,1695.37,1695.44,0.0,63.44,107695.22,1
2025-07-13,2025-07-13 13:21:00,1695.44,1695.5,1695.44,1695.5,0.0,63.44,107695.22,1
2025-07-13,2025-07-13 13:22:00,1695.5,1695.56,1695.5,1695.56,0.0,63.44,107695.22,1
2025-07-13,2025-07-13 13:23:00,1695.56,1695.62,1695.56,1695.62,0.0,63.44,107695.22,1
2025-07-13,2025-07-13 13:24:00,1695.62,1695.68,1695.62,1695.68,0.0,63.44,107695.22,1
2025-07-13,2025-07-13 13:25:00,1695.68,1695.75,1695.68,1695.75,0.0,63.44,107695.22,1
2025-07-13,2025-07-13 13:26:00,1695.75,1695.81,1695.75,1695.81,0.0,63.44,107695.22,1
2025-07-13,2025-07-13 13:27:00,1695.81,1695.87,1695.81,1695.87,0.0,63.44,107695.22,1
2025-07-13,2025-07-13 13:28:00,1695.87,1695.93,1695.87,1695.93,0.0,63.44,107695.22,1
2025-07-13,2025-07-13 13:29:00,1695.93,1695.99,1695.93,1695.99,0.0,63.44,107695.22,1
2025-07-13,2025-07-13 13:30:00,1695.99,1696.06,1695.99,1696.06,0.0,63.44,107695.22,1
2025-07-13,2025-07-13 13:31:00,1696.06,1696.12,1696.06,1696.12,0.0,63.44,107695.22,1
2025-07-13,2025-07-13 13:32:00,1696.12,1696.18,1696.12,1696.18,0.0,63.44,107695.22,1
2025-07-13,2025-07-13 13:33:00,1696.18,1696.24,1696.18,1696.24,0.0,63.44,107695.22,1
2025-07-13,2025-07-13 13:34:00,1696.24,1696.3,1696.24,1696.3,0.0,63.44,107695.22,1
2025-07-13,2025-07-13 13:35:00,1696.3,1696.37,1696.3,1696.37,0.0,63.44,107695.22,1
2025-07-13,2025-07-13 13:36:00,1696.37,1696.43,1696.37,1696.43,0.0,63.44,107695.22,1
2025-07-13,2025-07-13 13:37:00,1696.43,1696.49,1696.43,1696.49,0.0,63.44,107695.22,1
2025-07-13,2025-07-13 13:38:00,1696.49,1696.55,1696.49,1696.55,0.0,63.44,107695.22,1
2025-07-13,2025-07-13 13:39:00,1696.55,1696.61,1696.55,1696.61,0.0,63.44,107695.22,1
2025-07-13,2025-07-13 13:40:00,1696.61,1696.68,1696.61,1696.68,0.0,63.44,107695.22,1
2025-07-13,2025-07-13 13:41:00,1696.68,1696.74,1696.68,1696.74,0.0,63.44,107695.22,1
2025-07-13,2025-07-13 13:42:00,1696.74,1696.8,1696.74,1696.8,0.0,63.44,107695.22,1
2025-07-13,2025-07-13 13:43:00,1696.8,1696.86,1696.8,1696.86,0.0,63.44,107695.22,1
2025-07-13,2025-07-13 13:44:00,1696.86,1696.92,1696.86,1696.92,0.0,63.44,107695.22,1
2025-07-13,2025-07-13 13:45:00,1696.92,1696.99,1696.92,1696.99,0.0,63.44,107695.22,1
2025-07-13,2025-07-13 13:46:00,1696.99,1697.05,1696.99,1697.05,0.0,63.44,107695.22,1
2025-07-13,2025-07-13 13:47:00,1697.05,1697.11,1697.05,1697.11,0.0,63.44,107695.22,1
2025-07-13,2025-07-13 13:48:00,1697.11,1697.17,1697.11,1697.17,0.0,63.44,107695.22,1
2025-07-13,2025-07-13 13:49:00,1697.17,1697.23,1697.17,1697.23,0.0,63.44,107695.22,1
2025-07-13,2025-07-13 13:50:00,1697.23,1697.29,1697.23,1697.29,0.0,63.44,107695.22,1
2025-07-13,2025-07-13 13:51:00,1697.29,1697.36,1697.29,1697.36,0.0,63.44,107695.22,1
2025-07-13,2025-07-13 13:52:00,1697.36,1697.42,1697.36,1697.42,0.0,63.44,107695.22,1
2025-07-13,2025-07-13 13:53:00,1697.42,1697.48,1697.42,1697.48,0.0,63.44,107695.22,1
2025-07-13,2025-07-13 13:54:00,1697.48,1697.54,1697.48,1697.54,0.0,63.44,107695.22,1
2025-07-13,2025-07-13 13:55:00,1697.54,1697.6,1697.54,1697.6,0.0,63.44,107695.22,1
2025-07-13,2025-07-13 13:56:00,1697.6,1697.67,1697.6,1697.67,0.0,63.44,107695.22,1
2025-07-13,2025-07-13 13:57:00,1697.67,1697.73,1697.67,1697.73,0.0,63.44,107695.22,1
2025-07-13,2025-07-13 13:58:00,1697.73,1697.79,1697.73,1697.79,0.0,63.44,107695.22,1
2025-07-13,2025-07-13 13:59:00,1697.79,1697.85,1697.79,1697.85,0.0,63.44,107695.22,1
2025-07-13,2025-07-13 14:00:00,1697.85,1697.91,1697.85,1697.91,0.0,63.44,107695.22,1
2025-07-13,2025-07-13 14:01:00,1697.91,1697.98,1697.91,1697.98,0.0,63.44,107695.22,1
2025-07-13,2025-07-13 14:02:00,1697.98,1698.04,1697.98,1698.04,0.0,63.44,107695.22,1
2025-07-13,2025-07-13 14:03:00,1698.04,1698.1,1698.04,1698.1,0.0,63.44,107695.22,1
2025-07-13,2025-07-13 14:04:00,1698.1,1698.16,1698.1,1698.16,0.0,63.44,107695.22,1
2025-07-13,2025-07-13 14:05:00,1698.16,1698.22,1698.16,1698.22,0.0,63.44,107695.22,1
2025-07-13,2025-07-13 14:06:00,1698.22,1698.29,1698.22,1698.29,0.0,63.44,107695.22,1
2025-07-13,2025-07-13 14:07:00,1698.29,1698.35,1698.29,1698.35,0.0,63.44,107695.22,1
2025-07-13,2025-07-13 14:08:00,1698.35,1698.41,1698.35,1698.41,0.0,63.44,107695.22,1
2025-07-13,2025-07-13 14:09:00,1698.41,1698.47,1698.41,1698.47,0.0,63.44,107695.22,1
2025-07-13,2025-07-13 14:10:00,1698.47,1698.53,1698.47,1698.53,0.0,63.44,107695.22,1
2025-07-13,2025-07-13 14:11:00,1698.53,1698.6,1698.53,1698.6,0.0,63.44,107695.22,1
2025-07-13,2025-07-13 14:12:00,1698.6,1698.66,1698.6,1698.66,0.0,63.44,107695.22,1
2025-07-13,2025-07-13 14:13:00,1698.66,1698.72,1698.66,1698.72,0.0,63.44,107695.22,1
2025-07-13,2025-07-13 14:14:00,1698.72,1698.78,1698.72,1698.78,0.0,63.44,107695.22,1
2025-07-13,2025-07-13 14:15:00,1698.78,1698.84,1698.78,1698.84,0.0,63.44,107695.22,1
2025-07-13,2025-07-13 14:16:00,1698.84,1698.91,1698.84,1698.91,0.0,63.44,107695.22,1
2025-07-13,2025-07-13 14:17:00,1698.91,1698.97,1698.91,1698.97,0.0,63.44,107695.22,1
2025-07-13,2025-07-13 14:18:00,1698.97,1699.03,1698.97,1699.03,0.0,63.44,107695.22,1
2025-07-13,2025-07-13 14:19:00,1699.03,1699.09,1699.03,1699.09,0.0,63.44,107695.22,1
2025-07-13,2025-07-13 14:20:00,1699.09,1699.15,1699.09,1699.15,0.0,63.44,107695.22,1
2025-07-13,2025-07-13 14:21:00,1699.15,1699.22,1699.15,1699.22,0.0,63.44,107695.22,1
2025-07-13,2025-07-13 14:22:00,1699.22,1699.28,1699.22,1699.28,0.0,63.44,107695.22,1
2025-07-13,2025-07-13 14:23:00,1699.28,1699.34,1699.28,1699.34,0.0,63.44,107695.22,1
2025-07-13,2025-07-13 14:24:00,1699.34,1699.4,1699.34,1699.4,0.0,63.44,107695.22,1
2025-07-13,2025-07-13 14:25:00,1699.4,1699.46,1699.4,1699.46,0.0,63.44,107695.22,1
2025-07-13,2025-07-13 14:26:00,1699.46,1699.53,1699.46,1699.53,0.0,63.44,107695.22,1
2025-07-13,2025-07-13 14:27:00,1699.53,1699.59,1699.53,1699.59,0.0,63.44,107695.22,1
2025-07-13,2025-07-13 14:28:00,1699.59,1699.65,1699.59,1699.65,0.0,63.44,107695.22,1
2025-07-13,2025-07-13 14:29:00,1699.65,1699.71,1699.65,1699.71,0.0,63.44,107695.22,1
2025-07-13,2025-07-13 14:30:00,1699.71,1699.77,1699.71,1699.77,0.0,63.44,107695.22,1
2025-07-13,2025-07-13 14:31:00,1699.77,1699.84,1699.77,1699.84,0.0,63.44,107695.22,1
2025-07-13,2025-07-13 14:32:00,1699.84,1699.9,1699.84,1699.9,0.0,63.44,107695.22,1
2025-07-13,2025-07-13 14:33:00,1699.9,1699.96,1699.9,1699.96,0.0,63.44,107695.22,1
2025-07-13,2025-07-13 14:34:00,1699.96,1700.02,1699.96,1700.02,0.0,63.44,107695.22,1
2025-07-13,2025-07-13 14:35:00,1700.02,1700.08,1700.02,1700.08,0.0,63.44,107695.22,1
2025-07-13,2025-07-13 14:36:00,1700.08,1700.14,1700.08,1700.14,0.0,63.44,107695.22,1
2025-07-13,2025-07-13 14:37:00,1700.14,1700.21,1700.14,1700.21,0.0,63.44,107695.22,1
2025-07-13,2025-07-13 14:38:00,1700.21,1700.27,1700.21,1700.27,0.0,63.44,107695.22,1
2025-07-13,2025-07-13 14:39:00,1700.27,1700.33,1700.27,1700.33,0.0,63.44,107695.22,1
2025-07-13,2025-07-13 14:40:00,1700.33,1700.39,1700.33,1700.39,0.0,63.44,107695.22,1
2025-07-13,2025-07-13 14:41:00,1700.39,1700.45,1700.39,1700.45,0.0,63.44,107695.22,1
2025-07-13,2025-07-13 14:42:00,1700.45,1700.52,1700.45,1700.52,0.0,63.44,107695.22,1
2025-07-13,2025-07-13 14:43:00,1700.52,1700.58,1700.52,1700.58,0.0,63.44,107695.22,1
2025-07-13,2025-07-13 14:44:00,1700.58,1700.64,1700.58,1700.64,0.0,63.44,107695.22,1
2025-07-13,2025-07-13 14:45:00,1700.64,1700.7,1700.64,1700.7,0.0,63.44,107695.22,1
2025-07-13,2025-07-13 14:46:00,1700.7,1700.76,1700.7,1700.76,0.0,63.44,107695.22,1
2025-07-13,2025-07-13 14:47:00,1700.76,1700.83,1700.76,1700.83,0.0,63.44,107695.22,1
2025-07-13,2025-07-13 14:48:00,1700.83,1700.89,1700.83,1700.89,0.0,63.44,107695.22,1
2025-07-13,2025-07-13 14:49:00,1700.89,1700.95,1700.89,1700.95,0.0,63.44,107695.22,1
2025-07-13,2025-07-13 14:50:00,1700.95,1701.01,1700.95,1701.01,0.0,63.44,107695.22,1
2025-07-13,2025-07-13 14:51:00,1701.01,1701.07,1701.01,1701.07,0.0,63.44,107695.22,1
2025-07-13,2025-07-13 14:52:00,1701.07,1701.14,1701.07,1701.14,0.0,63.44,107695.22,1
2025-07-13,2025-07-13 14:53:00,1701.14,1701.2,1701.14,1701.2,0.0,63.44,107695.22,1
2025-07-13,2025-07-13 14:54:00,1701.2,1701.26,1701.2,1701.26,0.0,63.44,107695.22,1
2025-07-13,2025-07-13 14:55:00,1701.26,1701.32,1701.26,1701.32,0.0,63.44,107695.22,1
2025-07-13,2025-07-13 14:56:00,1701.32,1701.38,1701.32,1701.38,0.0,63.44,107695.22,1
2025-07-13,2025-07-13 14:57:00,1701.38,1701.45,1701.38,1701.45,0.0,63.44,107695.22,1
2025-07-13,2025-07-13 14:58:00,1701.45,1701.51,1701.45,1701.51,0.0,63.44,107695.22,1
2025-07-13,2025-07-13 14:59:00,1701.51,1701.57,1701.51,1701.57,0.0,63.44,107695.22,1
2025-07-13,2025-07-13 15:00:00,1701.57,1753.0,1671.0,1701.57,0.0,63.44,107695.22,0
2025-07-14,2025-07-14 11:00:00,1705.0,1709.5,1699.9,1704.99,-0.0,17.38,29602.39,-1
2025-07-14,2025-07-14 11:01:00,1704.99,1704.99,1704.97,1704.97,-0.0,17.38,29602.39,-1
2025-07-14,2025-07-14 11:02:00,1704.97,1704.97,1704.96,1704.96,-0.0,17.38,29602.39,-1
2025-07-14,2025-07-14 11:03:00,1704.96,1704.96,1704.94,1704.94,-0.0,17.38,29602.39,-1
2025-07-14,2025-07-14 11:04:00,1704.94,1704.94,1704.93,1704.93,-0.0,17.38,29602.39,-1
2025-07-14,2025-07-14 11:05:00,1704.93,1704.93,1704.91,1704.91,-0.0,17.38,29602.39,-1
2025-07-14,2025-07-14 11:06:00,1704.91,1704.91,1704.9,1704.9,-0.0,17.38,29602.39,-1
2025-07-14,2025-07-14 11:07:00,1704.9,1704.9,1704.88,1704.88,-0.0,17.38,29602.39,-1
2025-07-14,2025-07-14 11:08:00,1704.88,1704.88,1704.87,1704.87,-0.0,17.38,29602.39,-1
2025-07-14,2025-07-14 11:09:00,1704.87,1704.87,1704.85,1704.85,-0.0,17.38,29602.39,-1
2025-07-14,2025-07-14 11:10:00,1704.85,1704.85,1704.84,1704.84,-0.0,17.38,29602.39,-1
2025-07-14,2025-07-14 11:11:00,1704.84,1704.84,1704.82,1704.82,-0.0,17.38,29602.39,-1
2025-07-14,2025-07-14 11:12:00,1704.82,1704.82,1704.81,1704.81,-0.0,17.38,29602.39,-1
2025-07-14,2025-07-14 11:13:00,1704.81,1704.81,1704.79,1704.79,-0.0,17.38,29602.39,-1
2025-07-14,2025-07-14 11:14:00,1704.79,1704.79,1704.78,1704.78,-0.0,17.38,29602.39,-1
2025-07-14,2025-07-14 11:15:00,1704.78,1704.78,1704.76,1704.76,-0.0,17.38,29602.39,-1
2025-07-14,2025-07-14 11:16:00,1704.76,1704.76,1704.75,1704.75,-0.0,17.38,29602.39,-1
2025-07-14,2025-07-14 11:17:00,1704.75,1704.75,1704.73,1704.73,-0.0,17.38,29602.39,-1
2025-07-14,2025-07-14 11:18:00,1704.73,1704.73,1704.72,1704.72,-0.0,17.38,29602.39,-1
2025-07-14,2025-07-14 11:19:00,1704.72,1704.72,1704.7,1704.7,-0.0,17.38,29602.39,-1
2025-07-14,2025-07-14 11:20:00,1704.7,1704.7,1704.69,1704.69,-0.0,17.38,29602.39,-1
2025-07-14,2025-07-14 11:21:00,1704.69,1704.69,1704.67,1704.67,-0.0,17.38,29602.39,-1
2025-07-14,2025-07-14 11:22:00,1704.67,1704.67,1704.66,1704.66,-0.0,17.38,29602.39,-1
2025-07-14,2025-07-14 11:23:00,1704.66,1704.66,1704.64,1704.64,-0.0,17.38,29602.39,-1
2025-07-14,2025-07-14 11:24:00,1704.64,1704.64,1704.63,1704.63,-0.0,17.38,29602.39,-1
2025-07-14,2025-07-14 11:25:00,1704.63,1704.63,1704.61,1704.61,-0.0,17.38,29602.39,-1
2025-07-14,2025-07-14 11:26:00,1704.61,1704.61,1704.6,1704.6,-0.0,17.38,29602.39,-1
2025-07-14,2025-07-14 11:27:00,1704.6,1704.6,1704.58,1704.58,-0.0,17.38,29602.39,-1
2025-07-14,2025-07-14 11:28:00,1704.58,1704.58,1704.57,1704.57,-0.0,17.38,29602.39,-1
2025-07-14,2025-07-14 11:29:00,1704.57,1704.57,1704.55,1704.55,-0.0,17.38,29602.39,-1
2025-07-14,2025-07-14 11:30:00,1704.55,1704.55,1704.54,1704.54,-0.0,17.38,29602.39,-1
2025-07-14,2025-07-14 11:31:00,1704.54,1704.54,1704.52,1704.52,-0.0,17.38,29602.39,-1
2025-07-14,2025-07-14 11:32:00,1704.52,1704.52,1704.51,1704.51,-0.0,17.38,29602.39,-1
2025-07-14,2025-07-14 11:33:00,1704.51,1704.51,1704.49,1704.49,-0.0,17.38,29602.39,-1
2025-07-14,2025-07-14 11:34:00,1704.49,1704.49,1704.48,1704.48,-0.0,17.38,29602.39,-1
2025-07-14,2025-07-14 11:35:00,1704.48,1704.48,1704.46,1704.46,-0.0,17.38,29602.39,-1
2025-07-14,2025-07-14 11:36:00,1704.46,1704.46,1704.45,1704.45,-0.0,17.38,29602.39,-1
2025-07-14,2025-07-14 11:37:00,1704.45,1704.45,1704.43,1704.43,-0.0,17.38,29602.39,-1
2025-07-14,2025-07-14 11:38:00,1704.43,1704.43,1704.42,1704.42,-0.0,17.38,29602.39,-1
2025-07-14,2025-07-14 11:39:00,1704.42,1704.42,1704.4,1704.4,-0.0,17.38,29602.39,-1
2025-07-14,2025-07-14 11:40:00,1704.4,1704.4,1704.39,1704.39,-0.0,17.38,29602.39,-1
2025-07-14,2025-07-14 11:41:00,1704.39,1704.39,1704.38,1704.38,-0.0,17.38,29602.39,-1
2025-07-14,2025-07-14 11:42:00,1704.38,1704.38,1704.36,1704.36,-0.0,17.38,29602.39,-1
2025-07-14,2025-07-14 11:43:00,1704.36,1704.36,1704.35,1704.35,-0.0,17.38,29602.39,-1
2025-07-14,2025-07-14 11:44:00,1704.35,1704.35,1704.33,1704.33,-0.0,17.38,29602.39,-1
2025-07-14,2025-07-14 11:45:00,1704.33,1704.33,1704.32,1704.32,-0.0,17.38,29602.39,-1
2025-07-14,2025-07-14 11:46:00,1704.32,1704.32,1704.3,1704.3,-0.0,17.38,29602.39,-1
2025-07-14,2025-07-14 11:47:00,1704.3,1704.3,1704.29,1704.29,-0.0,17.38,29602.39,-1
2025-07-14,2025-07-14 11:48:00,1704.29,1704.29,1704.27,1704.27,-0.0,17.38,29602.39,-1
2025-07-14,2025-07-14 11:49:00,1704.27,1704.27,1704.26,1704.26,-0.0,17.38,29602.39,-1
2025-07-14,2025-07-14 11:50:00,1704.26,1704.26,1704.24,1704.24,-0.0,17.38,29602.39,-1
2025-07-14,2025-07-14 11:51:00,1704.24,1704.24,1704.23,1704.23,-0.0,17.38,29602.39,-1
2025-07-14,2025-07-14 11:52:00,1704.23,1704.23,1704.21,1704.21,-0.0,17.38,29602.39,-1
2025-07-14,2025-07-14 11:53:00,1704.21,1704.21,1704.2,1704.2,-0.0,17.38,29602.39,-1
2025-07-14,2025-07-14 11:54:00,1704.2,1704.2,1704.18,1704.18,-0.0,17.38,29602.39,-1
2025-07-14,2025-07-14 11:55:00,1704.18,1704.18,1704.17,1704.17,-0.0,17.38,29602.39,-1
2025-07-14,2025-07-14 11:56:00,1704.17,1704.17,1704.15,1704.15,-0.0,17.38,29602.39,-1
2025-07-14,2025-07-14 11:57:00,1704.15,1704.15,1704.14,1704.14,-0.0,17.38,29602.39,-1
2025-07-14,2025-07-14 11:58:00,1704.14,1704.14,1704.12,1704.12,-0.0,17.38,29602.39,-1
2025-07-14,2025-07-14 11:59:00,1704.12,1704.12,1704.11,1704.11,-0.0,17.38,29602.39,-1
2025-07-14,2025-07-14 12:00:00,1704.11,1704.11,1704.09,1704.09,-0.0,17.38,29602.39,-1
2025-07-14,2025-07-14 12:01:00,1704.09,1704.09,1704.08,1704.08,-0.0,17.38,29602.39,-1
2025-07-14,2025-07-14 12:02:00,1704.08,1704.08,1704.06,1704.06,-0.0,17.38,29602.39,-1
2025-07-14,2025-07-14 12:03:00,1704.06,1704.06,1704.05,1704.05,-0.0,17.38,29602.39,-1
2025-07-14,2025-07-14 12:04:00,1704.05,1704.05,1704.03,1704.03,-0.0,17.38,29602.39,-1
2025-07-14,2025-07-14 12:05:00,1704.03,1704.03,1704.02,1704.02,-0.0,17.38,29602.39,-1
2025-07-14,2025-07-14 12:06:00,1704.02,1704.02,1704.0,1704.0,-0.0,17.38,29602.39,-1
2025-07-14,2025-07-14 12:07:00,1704.0,1704.0,1703.99,1703.99,-0.0,17.38,29602.39,-1
2025-07-14,2025-07-14 12:08:00,1703.99,1703.99,1703.97,1703.97,-0.0,17.38,29602.39,-1
2025-07-14,2025-07-14 12:09:00,1703.97,1703.97,1703.96,1703.96,-0.0,17.38,29602.39,-1
2025-07-14,2025-07-14 12:10:00,1703.96,1703.96,1703.94,1703.94,-0.0,17.38,29602.39,-1
2025-07-14,2025-07-14 12:11:00,1703.94,1703.94,1703.93,1703.93,-0.0,17.38,29602.39,-1
2025-07-14,2025-07-14 12:12:00,1703.93,1703.93,1703.91,1703.91,-0.0,17.38,29602.39,-1
2025-07-14,2025-07-14 12:13:00,1703.91,1703.91,1703.9,1703.9,-0.0,17.38,29602.39,-1
2025-07-14,2025-07-14 12:14:00,1703.9,1703.9,1703.88,1703.88,-0.0,17.38,29602.39,-1
2025-07-14,2025-07-14 12:15:00,1703.88,1703.88,1703.87,1703.87,-0.0,17.38,29602.39,-1
2025-07-14,2025-07-14 12:16:00,1703.87,1703.87,1703.85,1703.85,-0.0,17.38,29602.39,-1
2025-07-14,2025-07-14 12:17:00,1703.85,1703.85,1703.84,1703.84,-0.0,17.38,29602.39,-1
2025-07-14,2025-07-14 12:18:00,1703.84,1703.84,1703.82,1703.82,-0.0,17.38,29602.39,-1
2025-07-14,2025-07-14 12:19:00,1703.82,1703.82,1703.81,1703.81,-0.0,17.38,29602.39,-1
2025-07-14,2025-07-14 12:20:00,1703.81,1703.81,1703.8,1703.8,-0.0,17.38,29602.39,-1
2025-07-14,2025-07-14 12:21:00,1703.8,1703.8,1703.78,1703.78,-0.0,17.38,29602.39,-1
2025-07-14,2025-07-14 12:22:00,1703.78,1703.78,1703.77,1703.77,-0.0,17.38,29602.39,-1
2025-07-14,2025-07-14 12:23:00,1703.77,1703.77,1703.75,1703.75,-0.0,17.38,29602.39,-1
2025-07-14,2025-07-14 12:24:00,1703.75,1703.75,1703.74,1703.74,-0.0,17.38,29602.39,-1
2025-07-14,2025-07-14 12:25:00,1703.74,1703.74,1703.72,1703.72,-0.0,17.38,29602.39,-1
2025-07-14,2025-07-14 12:26:00,1703.72,1703.72,1703.71,1703.71,-0.0,17.38,29602.39,-1
2025-07-14,2025-07-14 12:27:00,1703.71,1703.71,1703.69,1703.69,-0.0,17.38,29602.39,-1
2025-07-14,2025-07-14 12:28:00,1703.69,1703.69,1703.68,1703.68,-0.0,17.38,29602.39,-1
2025-07-14,2025-07-14 12:29:00,1703.68,1703.68,1703.66,1703.66,-0.0,17.38,29602.39,-1
2025-07-14,2025-07-14 12:30:00,1703.66,1703.66,1703.65,1703.65,-0.0,17.38,29602.39,-1
2025-07-14,2025-07-14 12:31:00,1703.65,1703.65,1703.63,1703.63,-0.0,17.38,29602.39,-1
2025-07-14,2025-07-14 12:32:00,1703.63,1703.63,1703.62,1703.62,-0.0,17.38,29602.39,-1
2025-07-14,2025-07-14 12:33:00,1703.62,1703.62,1703.6,1703.6,-0.0,17.38,29602.39,-1
2025-07-14,2025-07-14 12:34:00,1703.6,1703.6,1703.59,1703.59,-0.0,17.38,29602.39,-1
2025-07-14,2025-07-14 12:35:00,1703.59,1703.59,1703.57,1703.57,-0.0,17.38,29602.39,-1
2025-07-14,2025-07-14 12:36:00,1703.57,1703.57,1703.56,1703.56,-0.0,17.38,29602.39,-1
2025-07-14,2025-07-14 12:37:00,1703.56,1703.56,1703.54,1703.54,-0.0,17.38,29602.39,-1
2025-07-14,2025-07-14 12:38:00,1703.54,1703.54,1703.53,1703.53,-0.0,17.38,29602.39,-1
2025-07-14,2025-07-14 12:39:00,1703.53,1703.53,1703.51,1703.51,-0.0,17.38,29602.39,-1
2025-07-14,2025-07-14 12:40:00,1703.51,1703.51,1703.5,1703.5,-0.0,17.38,29602.39,-1
2025-07-14,2025-07-14 12:41:00,1703.5,1703.5,1703.48,1703.48,-0.0,17.38,29602.39,-1
2025-07-14,2025-07-14 12:42:00,1703.48,1703.48,1703.47,1703.47,-0.0,17.38,29602.39,-1
2025-07-14,2025-07-14 12:43:00,1703.47,1703.47,1703.45,1703.45,-0.0,17.38,29602.39,-1
2025-07-14,2025-07-14 12:44:00,1703.45,1703.45,1703.44,1703.44,-0.0,17.38,29602.39,-1
2025-07-14,2025-07-14 12:45:00,1703.44,1703.44,1703.42,1703.42,-0.0,17.38,29602.39,-1
2025-07-14,2025-07-14 12:46:00,1703.42,1703.42,1703.41,1703.41,-0.0,17.38,29602.39,-1
2025-07-14,2025-07-14 12:47:00,1703.41,1703.41,1703.39,1703.39,-0.0,17.38,29602.39,-1
2025-07-14,2025-07-14 12:48:00,1703.39,1703.39,1703.38,1703.38,-0.0,17.38,29602.39,-1
2025-07-14,2025-07-14 12:49:00,1703.38,1703.38,1703.36,1703.36,-0.0,17.38,29602.39,-1
2025-07-14,2025-07-14 12:50:00,1703.36,1703.36,1703.35,1703.35,-0.0,17.38,29602.39,-1
2025-07-14,2025-07-14 12:51:00,1703.35,1703.35,1703.33,1703.33,-0.0,17.38,29602.39,-1
2025-07-14,2025-07-14 12:52:00,1703.33,1703.33,1703.32,1703.32,-0.0,17.38,29602.39,-1
2025-07-14,2025-07-14 12:53:00,1703.32,1703.32,1703.3,1703.3,-0.0,17.38,29602.39,-1
2025-07-14,2025-07-14 12:54:00,1703.3,1703.3,1703.29,1703.29,-0.0,17.38,29602.39,-1
2025-07-14,2025-07-14 12:55:00,1703.29,1703.29,1703.27,1703.27,-0.0,17.38,29602.39,-1
2025-07-14,2025-07-14 12:56:00,1703.27,1703.27,1703.26,1703.26,-0.0,17.38,29602.39,-1
2025-07-14,2025-07-14 12:57:00,1703.26,1703.26,1703.24,1703.24,-0.0,17.38,29602.39,-1
2025-07-14,2025-07-14 12:58:00,1703.24,1703.24,1703.23,1703.23,-0.0,17.38,29602.39,-1
2025-07-14,2025-07-14 12:59:00,1703.23,1703.23,1703.22,1703.22,-0.0,17.38,29602.39,-1
2025-07-14,2025-07-14 13:00:00,1703.22,1720.0,1688.0,1703.2,-0.0,17.38,29602.39,-1
2025-07-14,2025-07-14 13:01:00,1703.2,1703.2,1703.19,1703.19,-0.0,17.38,29602.39,-1
2025-07-14,2025-07-14 13:02:00,1703.19,1703.19,1703.17,1703.17,-0.0,17.38,29602.39,-1
2025-07-14,2025-07-14 13:03:00,1703.17,1703.17,1703.16,1703.16,-0.0,17.38,29602.39,-1
2025-07-14,2025-07-14 13:04:00,1703.16,1703.16,1703.14,1703.14,-0.0,17.38,29602.39,-1
2025-07-14,2025-07-14 13:05:00,1703.14,1703.14,1703.13,1703.13,-0.0,17.38,29602.39,-1
2025-07-14,2025-07-14 13:06:00,1703.13,1703.13,1703.11,1703.11,-0.0,17.38,29602.39,-1
2025-07-14,2025-07-14 13:07:00,1703.11,1703.11,1703.1,1703.1,-0.0,17.38,29602.39,-1
2025-07-14,2025-07-14 13:08:00,1703.1,1703.1,1703.08,1703.08,-0.0,17.38,29602.39,-1
2025-07-14,2025-07-14 13:09:00,1703.08,1703.08,1703.07,1703.07,-0.0,17.38,29602.39,-1
2025-07-14,2025-07-14 13:10:00,1703.07,1703.07,1703.05,1703.05,-0.0,17.38,29602.39,-1
2025-07-14,2025-07-14 13:11:00,1703.05,1703.05,1703.04,1703.04,-0.0,17.38,29602.39,-1
2025-07-14,2025-07-14 13:12:00,1703.04,1703.04,1703.02,1703.02,-0.0,17.38,29602.39,-1
2025-07-14,2025-07-14 13:13:00,1703.02,1703.02,1703.01,1703.01,-0.0,17.38,29602.39,-1
2025-07-14,2025-07-14 13:14:00,1703.01,1703.01,1702.99,1702.99,-0.0,17.38,29602.39,-1
2025-07-14,2025-07-14 13:15:00,1702.99,1702.99,1702.98,1702.98,-0.0,17.38,29602.39,-1
2025-07-14,2025-07-14 13:16:00,1702.98,1702.98,1702.96,1702.96,-0.0,17.38,29602.39,-1
2025-07-14,2025-07-14 13:17:00,1702.96,1702.96,1702.95,1702.95,-0.0,17.38,29602.39,-1
2025-07-14,2025-07-14 13:18:00,1702.95,1702.95,1702.93,1702.93,-0.0,17.38,29602.39,-1
2025-07-14,2025-07-14 13:19:00,1702.93,1702.93,1702.92,1702.92,-0.0,17.38,29602.39,-1
2025-07-14,2025-07-14 13:20:00,1702.92,1702.92,1702.9,1702.9,-0.0,17.38,29602.39,-1
2025-07-14,2025-07-14 13:21:00,1702.9,1702.9,1702.89,1702.89,-0.0,17.38,29602.39,-1
2025-07-14,2025-07-14 13:22:00,1702.89,1702.89,1702.87,1702.87,-0.0,17.38,29602.39,-1
2025-07-14,2025-07-14 13:23:00,1702.87,1702.87,1702.86,1702.86,-0.0,17.38,29602.39,-1
2025-07-14,2025-07-14 13:24:00,1702.86,1702.86,1702.84,1702.84,-0.0,17.38,29602.39,-1
2025-07-14,2025-07-14 13:25:00,1702.84,1702.84,1702.83,1702.83,-0.0,17.38,29602.39,-1
2025-07-14,2025-07-14 13:26:00,1702.83,1702.83,1702.81,1702.81,-0.0,17.38,29602.39,-1
2025-07-14,2025-07-14 13:27:00,1702.81,1702.81,1702.8,1702.8,-0.0,17.38,29602.39,-1
2025-07-14,2025-07-14 13:28:00,1702.8,1702.8,1702.78,1702.78,-0.0,17.38,29602.39,-1
2025-07-14,2025-07-14 13:29:00,1702.78,1702.78,1702.77,1702.77,-0.0,17.38,29602.39,-1
2025-07-14,2025-07-14 13:30:00,1702.77,1702.77,1702.75,1702.75,-0.0,17.38,29602.39,-1
2025-07-14,2025-07-14 13:31:00,1702.75,1702.75,1702.74,1702.74,-0.0,17.38,29602.39,-1
2025-07-14,2025-07-14 13:32:00,1702.74,1702.74,1702.72,1702.72,-0.0,17.38,29602.39,-1
2025-07-14,2025-07-14 13:33:00,1702.72,1702.72,1702.71,1702.71,-0.0,17.38,29602.39,-1
2025-07-14,2025-07-14 13:34:00,1702.71,1702.71,1702.69,1702.69,-0.0,17.38,29602.39,-1
2025-07-14,2025-07-14 13:35:00,1702.69,1702.69,1702.68,1702.68,-0.0,17.38,29602.39,-1
2025-07-14,2025-07-14 13:36:00,1702.68,1702.68,1702.66,1702.66,-0.0,17.38,29602.39,-1
2025-07-14,2025-07-14 13:37:00,1702.66,1702.66,1702.65,1702.65,-0.0,17.38,29602.39,-1
2025-07-14,2025-07-14 13:38:00,1702.65,1702.65,1702.63,1702.63,-0.0,17.38,29602.39,-1
2025-07-14,2025-07-14 13:39:00,1702.63,1702.63,1702.62,1702.62,-0.0,17.38,29602.39,-1
2025-07-14,2025-07-14 13:40:00,1702.62,1702.62,1702.61,1702.61,-0.0,17.38,29602.39,-1
2025-07-14,2025-07-14 13:41:00,1702.61,1702.61,1702.59,1702.59,-0.0,17.38,29602.39,-1
2025-07-14,2025-07-14 13:42:00,1702.59,1702.59,1702.58,1702.58,-0.0,17.38,29602.39,-1
2025-07-14,2025-07-14 13:43:00,1702.58,1702.58,1702.56,1702.56,-0.0,17.38,29602.39,-1
2025-07-14,2025-07-14 13:44:00,1702.56,1702.56,1702.55,1702.55,-0.0,17.38,29602.39,-1
2025-07-14,2025-07-14 13:45:00,1702.55,1702.55,1702.53,1702.53,-0.0,17.38,29602.39,-1
2025-07-14,2025-07-14 13:46:00,1702.53,1702.53,1702.52,1702.52,-0.0,17.38,29602.39,-1
2025-07-14,2025-07-14 13:47:00,1702.52,1702.52,1702.5,1702.5,-0.0,17.38,29602.39,-1
2025-07-14,2025-07-14 13:48:00,1702.5,1702.5,1702.49,1702.49,-0.0,17.38,29602.39,-1
2025-07-14,2025-07-14 13:49:00,1702.49,1702.49,1702.47,1702.47,-0.0,17.38,29602.39,-1
2025-07-14,2025-07-14 13:50:00,1702.47,1702.47,1702.46,1702.46,-0.0,17.38,29602.39,-1
2025-07-14,2025-07-14 13:51:00,1702.46,1702.46,1702.44,1702.44,-0.0,17.38,29602.39,-1
2025-07-14,2025-07-14 13:52:00,1702.44,1702.44,1702.43,1702.43,-0.0,17.38,29602.39,-1
2025-07-14,2025-07-14 13:53:00,1702.43,1702.43,1702.41,1702.41,-0.0,17.38,29602.39,-1
2025-07-14,2025-07-14 13:54:00,1702.41,1702.41,1702.4,1702.4,-0.0,17.38,29602.39,-1
2025-07-14,2025-07-14 13:55:00,1702.4,1702.4,1702.38,1702.38,-0.0,17.38,29602.39,-1
2025-07-14,2025-07-14 13:56:00,1702.38,1702.38,1702.37,1702.37,-0.0,17.38,29602.39,-1
2025-07-14,2025-07-14 13:57:00,1702.37,1702.37,1702.35,1702.35,-0.0,17.38,29602.39,-1
2025-07-14,2025-07-14 13:58:00,1702.35,1702.35,1702.34,1702.34,-0.0,17.38,29602.39,-1
2025-07-14,2025-07-14 13:59:00,1702.34,1702.34,1702.32,1702.32,-0.0,17.38,29602.39,-1
2025-07-14,2025-07-14 14:00:00,1702.32,1702.32,1702.31,1702.31,-0.0,17.38,29602.39,-1
2025-07-14,2025-07-14 14:01:00,1702.31,1702.31,1702.29,1702.29,-0.0,17.38,29602.39,-1
2025-07-14,2025-07-14 14:02:00,1702.29,1702.29,1702.28,1702.28,-0.0,17.38,29602.39,-1
2025-07-14,2025-07-14 14:03:00,1702.28,1702.28,1702.26,1702.26,-0.0,17.38,29602.39,-1
2025-07-14,2025-07-14 14:04:00,1702.26,1702.26,1702.25,1702.25,-0.0,17.38,29602.39,-1
2025-07-14,2025-07-14 14:05:00,1702.25,1702.25,1702.23,1702.23,-0.0,17.38,29602.39,-1
2025-07-14,2025-07-14 14:06:00,1702.23,1702.23,1702.22,1702.22,-0.0,17.38,29602.39,-1
2025-07-14,2025-07-14 14:07:00,1702.22,1702.22,1702.2,1702.2,-0.0,17.38,29602.39,-1
2025-07-14,2025-07-14 14:08:00,1702.2,1702.2,1702.19,1702.19,-0.0,17.38,29602.39,-1
2025-07-14,2025-07-14 14:09:00,1702.19,1702.19,1702.17,1702.17,-0.0,17.38,29602.39,-1
2025-07-14,2025-07-14 14:10:00,1702.17,1702.17,1702.16,1702.16,-0.0,17.38,29602.39,-1
2025-07-14,2025-07-14 14:11:00,1702.16,1702.16,1702.14,1702.14,-0.0,17.38,29602.39,-1
2025-07-14,2025-07-14 14:12:00,1702.14,1702.14,1702.13,1702.13,-0.0,17.38,29602.39,-1
2025-07-14,2025-07-14 14:13:00,1702.13,1702.13,1702.11,1702.11,-0.0,17.38,29602.39,-1
2025-07-14,2025-07-14 14:14:00,1702.11,1702.11,1702.1,1702.1,-0.0,17.38,29602.39,-1
2025-07-14,2025-07-14 14:15:00,1702.1,1702.1,1702.08,1702.08,-0.0,17.38,29602.39,-1
2025-07-14,2025-07-14 14:16:00,1702.08,1702.08,1702.07,1702.07,-0.0,17.38,29602.39,-1
2025-07-14,2025-07-14 14:17:00,1702.07,1702.07,1702.05,1702.05,-0.0,17.38,29602.39,-1
2025-07-14,2025-07-14 14:18:00,1702.05,1702.05,1702.04,1702.04,-0.0,17.38,29602.39,-1
2025-07-14,2025-07-14 14:19:00,1702.04,1702.04,1702.03,1702.03,-0.0,17.38,29602.39,-1
2025-07-14,2025-07-14 14:20:00,1702.03,1702.03,1702.01,1702.01,-0.0,17.38,29602.39,-1
2025-07-14,2025-07-14 14:21:00,1702.01,1702.01,1702.0,1702.0,-0.0,17.38,29602.39,-1
2025-07-14,2025-07-14 14:22:00,1702.0,1702.0,1701.98,1701.98,-0.0,17.38,29602.39,-1
2025-07-14,2025-07-14 14:23:00,1701.98,1701.98,1701.97,1701.97,-0.0,17.38,29602.39,-1
2025-07-14,2025-07-14 14:24:00,1701.97,1701.97,1701.95,1701.95,-0.0,17.38,29602.39,-1
2025-07-14,2025-07-14 14:25:00,1701.95,1701.95,1701.94,1701.94,-0.0,17.38,29602.39,-1
2025-07-14,2025-07-14 14:26:00,1701.94,1701.94,1701.92,1701.92,-0.0,17.38,29602.39,-1
2025-07-14,2025-07-14 14:27:00,1701.92,1701.92,1701.91,1701.91,-0.0,17.38,29602.39,-1
2025-07-14,2025-07-14 14:28:00,1701.91,1701.91,1701.89,1701.89,-0.0,17.38,29602.39,-1
2025-07-14,2025-07-14 14:29:00,1701.89,1701.89,1701.88,1701.88,-0.0,17.38,29602.39,-1
2025-07-14,2025-07-14 14:30:00,1701.88,1701.88,1701.86,1701.86,-0.0,17.38,29602.39,-1
2025-07-14,2025-07-14 14:31:00,1701.86,1701.86,1701.85,1701.85,-0.0,17.38,29602.39,-1
2025-07-14,2025-07-14 14:32:00,1701.85,1701.85,1701.83,1701.83,-0.0,17.38,29602.39,-1
2025-07-14,2025-07-14 14:33:00,1701.83,1701.83,1701.82,1701.82,-0.0,17.38,29602.39,-1
2025-07-14,2025-07-14 14:34:00,1701.82,1701.82,1701.8,1701.8,-0.0,17.38,29602.39,-1
2025-07-14,2025-07-14 14:35:00,1701.8,1701.8,1701.79,1701.79,-0.0,17.38,29602.39,-1
2025-07-14,2025-07-14 14:36:00,1701.79,1701.79,1701.77,1701.77,-0.0,17.38,29602.39,-1
2025-07-14,2025-07-14 14:37:00,1701.77,1701.77,1701.76,1701.76,-0.0,17.38,29602.39,-1
2025-07-14,2025-07-14 14:38:00,1701.76,1701.76,1701.74,1701.74,-0.0,17.38,29602.39,-1
2025-07-14,2025-07-14 14:39:00,1701.74,1701.74,1701.73,1701.73,-0.0,17.38,29602.39,-1
2025-07-14,2025-07-14 14:40:00,1701.73,1701.73,1701.71,1701.71,-0.0,17.38,29602.39,-1
2025-07-14,2025-07-14 14:41:00,1701.71,1701.71,1701.7,1701.7,-0.0,17.38,29602.39,-1
2025-07-14,2025-07-14 14:42:00,1701.7,1701.7,1701.68,1701.68,-0.0,17.38,29602.39,-1
2025-07-14,2025-07-14 14:43:00,1701.68,1701.68,1701.67,1701.67,-0.0,17.38,29602.39,-1
2025-07-14,2025-07-14 14:44:00,1701.67,1701.67,1701.65,1701.65,-0.0,17.38,29602.39,-1
2025-07-14,2025-07-14 14:45:00,1701.65,1701.65,1701.64,1701.64,-0.0,17.38,29602.39,-1
2025-07-14,2025-07-14 14:46:00,1701.64,1701.64,1701.62,1701.62,-0.0,17.38,29602.39,-1
2025-07-14,2025-07-14 14:47:00,1701.62,1701.62,1701.61,1701.61,-0.0,17.38,29602.39,-1
2025-07-14,2025-07-14 14:48:00,1701.61,1701.61,1701.59,1701.59,-0.0,17.38,29602.39,-1
2025-07-14,2025-07-14 14:49:00,1701.59,1701.59,1701.58,1701.58,-0.0,17.38,29602.39,-1
2025-07-14,2025-07-14 14:50:00,1701.58,1701.58,1701.56,1701.56,-0.0,17.38,29602.39,-1
2025-07-14,2025-07-14 14:51:00,1701.56,1701.56,1701.55,1701.55,-0.0,17.38,29602.39,-1
2025-07-14,2025-07-14 14:52:00,1701.55,1701.55,1701.53,1701.53,-0.0,17.38,29602.39,-1
2025-07-14,2025-07-14 14:53:00,1701.53,1701.53,1701.52,1701.52,-0.0,17.38,29602.39,-1
2025-07-14,2025-07-14 14:54:00,1701.52,1701.52,1701.5,1701.5,-0.0,17.38,29602.39,-1
2025-07-14,2025-07-14 14:55:00,1701.5,1701.5,1701.49,1701.49,-0.0,17.38,29602.39,-1
2025-07-14,2025-07-14 14:56:00,1701.49,1701.49,1701.47,1701.47,-0.0,17.38,29602.39,-1
2025-07-14,2025-07-14 14:57:00,1701.47,1701.47,1701.46,1701.46,-0.0,17.38,29602.39,-1
2025-07-14,2025-07-14 14:58:00,1701.46,1701.46,1701.44,1701.44,-0.0,17.38,29602.39,-1
2025-07-14,2025-07-14 14:59:00,1701.44,1701.44,1701.43,1701.43,-0.0,17.38,29602.39,-1
2025-07-14,2025-07-14 15:00:00,1701.43,1720.0,1688.0,1701.43,0.0,17.38,29602.39,0
2025-07-15,2025-07-15 11:00:00,1729.0,1735.0,1719.1,1729.06,0.0,17.41,30109.82,1
2025-07-15,2025-07-15 11:01:00,1729.06,1729.12,1729.06,1729.12,0.0,17.41,30109.82,1
2025-07-15,2025-07-15 11:02:00,1729.12,1729.18,1729.12,1729.18,0.0,17.41,30109.82,1
2025-07-15,2025-07-15 11:03:00,1729.18,1729.24,1729.18,1729.24,0.0,17.41,30109.82,1
2025-07-15,2025-07-15 11:04:00,1729.24,1729.3,1729.24,1729.3,0.0,17.41,30109.82,1
2025-07-15,2025-07-15 11:05:00,1729.3,1729.36,1729.3,1729.36,0.0,17.41,30109.82,1
2025-07-15,2025-07-15 11:06:00,1729.36,1729.42,1729.36,1729.42,0.0,17.41,30109.82,1
2025-07-15,2025-07-15 11:07:00,1729.42,1729.48,1729.42,1729.48,0.0,17.41,30109.82,1
2025-07-15,2025-07-15 11:08:00,1729.48,1729.54,1729.48,1729.54,0.0,17.41,30109.82,1
2025-07-15,2025-07-15 11:09:00,1729.54,1729.6,1729.54,1729.6,0.0,17.41,30109.82,1
2025-07-15,2025-07-15 11:10:00,1729.6,1729.66,1729.6,1729.66,0.0,17.41,30109.82,1
2025-07-15,2025-07-15 11:11:00,1729.66,1729.72,1729.66,1729.72,0.0,17.41,30109.82,1
2025-07-15,2025-07-15 11:12:00,1729.72,1729.78,1729.72,1729.78,0.0,17.41,30109.82,1
2025-07-15,2025-07-15 11:13:00,1729.78,1729.84,1729.78,1729.84,0.0,17.41,30109.82,1
2025-07-15,2025-07-15 11:14:00,1729.84,1729.9,1729.84,1729.9,0.0,17.41,30109.82,1
2025-07-15,2025-07-15 11:15:00,1729.9,1729.96,1729.9,1729.96,0.0,17.41,30109.82,1
2025-07-15,2025-07-15 11:16:00,1729.96,1730.02,1729.96,1730.02,0.0,17.41,30109.82,1
2025-07-15,2025-07-15 11:17:00,1730.02,1730.08,1730.02,1730.08,0.0,17.41,30109.82,1
2025-07-15,2025-07-15 11:18:00,1730.08,1730.14,1730.08,1730.14,0.0,17.41,30109.82,1
2025-07-15,2025-07-15 11:19:00,1730.14,1730.2,1730.14,1730.2,0.0,17.41,30109.82,1
2025-07-15,2025-07-15 11:20:00,1730.2,1730.26,1730.2,1730.26,0.0,17.41,30109.82,1
2025-07-15,2025-07-15 11:21:00,1730.26,1730.32,1730.26,1730.32,0.0,17.41,30109.82,1
2025-07-15,2025-07-15 11:22:00,1730.32,1730.38,1730.32,1730.38,0.0,17.41,30109.82,1
2025-07-15,2025-07-15 11:23:00,1730.38,1730.44,1730.38,1730.44,0.0,17.41,30109.82,1
2025-07-15,2025-07-15 11:24:00,1730.44,1730.5,1730.44,1730.5,0.0,17.41,30109.82,1
2025-07-15,2025-07-15 11:25:00,1730.5,1730.56,1730.5,1730.56,0.0,17.41,30109.82,1
2025-07-15,2025-07-15 11:26:00,1730.56,1730.62,1730.56,1730.62,0.0,17.41,30109.82,1
2025-07-15,2025-07-15 11:27:00,1730.62,1730.68,1730.62,1730.68,0.0,17.41,30109.82,1
2025-07-15,2025-07-15 11:28:00,1730.68,1730.74,1730.68,1730.74,0.0,17.41,30109.82,1
2025-07-15,2025-07-15 11:29:00,1730.74,1730.81,1730.74,1730.81,0.0,17.41,30109.82,1
2025-07-15,2025-07-15 11:30:00,1730.81,1730.87,1730.81,1730.87,0.0,17.41,30109.82,1
2025-07-15,2025-07-15 11:31:00,1730.87,1730.93,1730.87,1730.93,0.0,17.41,30109.82,1
2025-07-15,2025-07-15 11:32:00,1730.93,1730.99,1730.93,1730.99,0.0,17.41,30109.82,1
2025-07-15,2025-07-15 11:33:00,1730.99,1731.05,1730.99,1731.05,0.0,17.41,30109.82,1
2025-07-15,2025-07-15 11:34:00,1731.05,1731.11,1731.05,1731.11,0.0,17.41,30109.82,1
2025-07-15,2025-07-15 11:35:00,1731.11,1731.17,1731.11,1731.17,0.0,17.41,30109.82,1
2025-07-15,2025-07-15 11:36:00,1731.17,1731.23,1731.17,1731.23,0.0,17.41,30109.82,1
2025-07-15,2025-07-15 11:37:00,1731.23,1731.29,1731.23,1731.29,0.0,17.41,30109.82,1
2025-07-15,2025-07-15 11:38:00,1731.29,1731.35,1731.29,1731.35,0.0,17.41,30109.82,1
2025-07-15,2025-07-15 11:39:00,1731.35,1731.41,1731.35,1731.41,0.0,17.41,30109.82,1
2025-07-15,2025-07-15 11:40:00,1731.41,1731.47,1731.41,1731.47,0.0,17.41,30109.82,1
2025-07-15,2025-07-15 11:41:00,1731.47,1731.53,1731.47,1731.53,0.0,17.41,30109.82,1
2025-07-15,2025-07-15 11:42:00,1731.53,1731.59,1731.53,1731.59,0.0,17.41,30109.82,1
2025-07-15,2025-07-15 11:43:00,1731.59,1731.65,1731.59,1731.65,0.0,17.41,30109.82,1
2025-07-15,2025-07-15 11:44:00,1731.65,1731.71,1731.65,1731.71,0.0,17.41,30109.82,1
2025-07-15,2025-07-15 11:45:00,1731.71,1731.77,1731.71,1731.77,0.0,17.41,30109.82,1
2025-07-15,2025-07-15 11:46:00,1731.77,1731.83,1731.77,1731.83,0.0,17.41,30109.82,1
2025-07-15,2025-07-15 11:47:00,1731.83,1731.89,1731.83,1731.89,0.0,17.41,30109.82,1
2025-07-15,2025-07-15 11:48:00,1731.89,1731.95,1731.89,1731.95,0.0,17.41,30109.82,1
2025-07-15,2025-07-15 11:49:00,1731.95,1732.01,1731.95,1732.01,0.0,17.41,30109.82,1
2025-07-15,2025-07-15 11:50:00,1732.01,1732.07,1732.01,1732.07,0.0,17.41,30109.82,1
2025-07-15,2025-07-15 11:51:00,1732.07,1732.13,1732.07,1732.13,0.0,17.41,30109.82,1
2025-07-15,2025-07-15 11:52:00,1732.13,1732.19,1732.13,1732.19,0.0,17.41,30109.82,1
2025-07-15,2025-07-15 11:53:00,1732.19,1732.25,1732.19,1732.25,0.0,17.41,30109.82,1
2025-07-15,2025-07-15 11:54:00,1732.25,1732.31,1732.25,1732.31,0.0,17.41,30109.82,1
2025-07-15,2025-07-15 11:55:00,1732.31,1732.37,1732.31,1732.37,0.0,17.41,30109.82,1
2025-07-15,2025-07-15 11:56:00,1732.37,1732.43,1732.37,1732.43,0.0,17.41,30109.82,1
2025-07-15,2025-07-15 11:57:00,1732.43,1732.49,1732.43,1732.49,0.0,17.41,30109.82,1
2025-07-15,2025-07-15 11:58:00,1732.49,1732.55,1732.49,1732.55,0.0,17.41,30109.82,1
2025-07-15,2025-07-15 11:59:00,1732.55,1732.61,1732.55,1732.61,0.0,17.41,30109.82,1
2025-07-15,2025-07-15 12:00:00,1732.61,1732.67,1732.61,1732.67,0.0,17.41,30109.82,1
2025-07-15,2025-07-15 12:01:00,1732.67,1732.73,1732.67,1732.73,0.0,17.41,30109.82,1
2025-07-15,2025-07-15 12:02:00,1732.73,1732.79,1732.73,1732.79,0.0,17.41,30109.82,1
2025-07-15,2025-07-15 12:03:00,1732.79,1732.85,1732.79,1732.85,0.0,17.41,30109.82,1
2025-07-15,2025-07-15 12:04:00,1732.85,1732.91,1732.85,1732.91,0.0,17.41,30109.82,1
2025-07-15,2025-07-15 12:05:00,1732.91,1732.97,1732.91,1732.97,0.0,17.41,30109.82,1
2025-07-15,2025-07-15 12:06:00,1732.97,1733.03,1732.97,1733.03,0.0,17.41,30109.82,1
2025-07-15,2025-07-15 12:07:00,1733.03,1733.09,1733.03,1733.09,0.0,17.41,30109.82,1
2025-07-15,2025-07-15 12:08:00,1733.09,1733.15,1733.09,1733.15,0.0,17.41,30109.82,1
2025-07-15,2025-07-15 12:09:00,1733.15,1733.21,1733.15,1733.21,0.0,17.41,30109.82,1
2025-07-15,2025-07-15 12:10:00,1733.21,1733.27,1733.21,1733.27,0.0,17.41,30109.82,1
2025-07-15,2025-07-15 12:11:00,1733.27,1733.33,1733.27,1733.33,0.0,17.41,30109.82,1
2025-07-15,2025-07-15 12:12:00,1733.33,1733.39,1733.33,1733.39,0.0,17.41,30109.82,1
2025-07-15,2025-07-15 12:13:00,1733.39,1733.45,1733.39,1733.45,0.0,17.41,30109.82,1
2025-07-15,2025-07-15 12:14:00,1733.45,1733.51,1733.45,1733.51,0.0,17.41,30109.82,1
2025-07-15,2025-07-15 12:15:00,1733.51,1733.57,1733.51,1733.57,0.0,17.41,30109.82,1
2025-07-15,2025-07-15 12:16:00,1733.57,1733.63,1733.57,1733.63,0.0,17.41,30109.82,1
2025-07-15,2025-07-15 12:17:00,1733.63,1733.69,1733.63,1733.69,0.0,17.41,30109.82,1
2025-07-15,2025-07-15 12:18:00,1733.69,1733.75,1733.69,1733.75,0.0,17.41,30109.82,1
2025-07-15,2025-07-15 12:19:00,1733.75,1733.81,1733.75,1733.81,0.0,17.41,30109.82,1
2025-07-15,2025-07-15 12:20:00,1733.81,1733.87,1733.81,1733.87,0.0,17.41,30109.82,1
2025-07-15,2025-07-15 12:21:00,1733.87,1733.93,1733.87,1733.93,0.0,17.41,30109.82,1
2025-07-15,2025-07-15 12:22:00,1733.93,1733.99,1733.93,1733.99,0.0,17.41,30109.82,1
2025-07-15,2025-07-15 12:23:00,1733.99,1734.05,1733.99,1734.05,0.0,17.41,30109.82,1
2025-07-15,2025-07-15 12:24:00,1734.05,1734.11,1734.05,1734.11,0.0,17.41,30109.82,1
2025-07-15,2025-07-15 12:25:00,1734.11,1734.17,1734.11,1734.17,0.0,17.41,30109.82,1
2025-07-15,2025-07-15 12:26:00,1734.17,1734.23,1734.17,1734.23,0.0,17.41,30109.82,1
2025-07-15,2025-07-15 12:27:00,1734.23,1734.29,1734.23,1734.29,0.0,17.41,30109.82,1
2025-07-15,2025-07-15 12:28:00,1734.29,1734.35,1734.29,1734.35,0.0,17.41,30109.82,1
2025-07-15,2025-07-15 12:29:00,1734.35,1734.41,1734.35,1734.41,0.0,17.41,30109.82,1
2025-07-15,2025-07-15 12:30:00,1734.41,1734.48,1734.41,1734.48,0.0,17.41,30109.82,1
2025-07-15,2025-07-15 12:31:00,1734.48,1734.54,1734.48,1734.54,0.0,17.41,30109.82,1
2025-07-15,2025-07-15 12:32:00,1734.54,1734.6,1734.54,1734.6,0.0,17.41,30109.82,1
2025-07-15,2025-07-15 12:33:00,1734.6,1734.66,1734.6,1734.66,0.0,17.41,30109.82,1
2025-07-15,2025-07-15 12:34:00,1734.66,1734.72,1734.66,1734.72,0.0,17.41,30109.82,1
2025-07-15,2025-07-15 12:35:00,1734.72,1734.78,1734.72,1734.78,0.0,17.41,30109.82,1
2025-07-15,2025-07-15 12:36:00,1734.78,1734.84,1734.78,1734.84,0.0,17.41,30109.82,1
2025-07-15,2025-07-15 12:37:00,1734.84,1734.9,1734.84,1734.9,0.0,17.41,30109.82,1
2025-07-15,2025-07-15 12:38:00,1734.9,1734.96,1734.9,1734.96,0.0,17.41,30109.82,1
2025-07-15,2025-07-15 12:39:00,1734.96,1735.02,1734.96,1735.02,0.0,17.41,30109.82,1
2025-07-15,2025-07-15 12:40:00,1735.02,1735.08,1735.02,1735.08,0.0,17.41,30109.82,1
2025-07-15,2025-07-15 12:41:00,1735.08,1735.14,1735.08,1735.14,0.0,17.41,30109.82,1
2025-07-15,2025-07-15 12:42:00,1735.14,1735.2,1735.14,1735.2,0.0,17.41,30109.82,1
2025-07-15,2025-07-15 12:43:00,1735.2,1735.26,1735.2,1735.26,0.0,17.41,30109.82,1
2025-07-15,2025-07-15 12:44:00,1735.26,1735.32,1735.26,1735.32,0.0,17.41,30109.82,1
2025-07-15,2025-07-15 12:45:00,1735.32,1735.38,1735.32,1735.38,0.0,17.41,30109.82,1
2025-07-15,2025-07-15 12:46:00,1735.38,1735.44,1735.38,1735.44,0.0,17.41,30109.82,1
2025-07-15,2025-07-15 12:47:00,1735.44,1735.5,1735.44,1735.5,0.0,17.41,30109.82,1
2025-07-15,2025-07-15 12:48:00,1735.5,1735.56,1735.5,1735.56,0.0,17.41,30109.82,1
2025-07-15,2025-07-15 12:49:00,1735.56,1735.62,1735.56,1735.62,0.0,17.41,30109.82,1
2025-07-15,2025-07-15 12:50:00,1735.62,1735.68,1735.62,1735.68,0.0,17.41,30109.82,1
2025-07-15,2025-07-15 12:51:00,1735.68,1735.74,1735.68,1735.74,0.0,17.41,30109.82,1
2025-07-15,2025-07-15 12:52:00,1735.74,1735.8,1735.74,1735.8,0.0,17.41,30109.82,1
2025-07-15,2025-07-15 12:53:00,1735.8,1735.86,1735.8,1735.86,0.0,17.41,30109.82,1
2025-07-15,2025-07-15 12:54:00,1735.86,1735.92,1735.86,1735.92,0.0,17.41,30109.82,1
2025-07-15,2025-07-15 12:55:00,1735.92,1735.98,1735.92,1735.98,0.0,17.41,30109.82,1
2025-07-15,2025-07-15 12:56:00,1735.98,1736.04,1735.98,1736.04,0.0,17.41,30109.82,1
2025-07-15,2025-07-15 12:57:00,1736.04,1736.1,1736.04,1736.1,0.0,17.41,30109.82,1
2025-07-15,2025-07-15 12:58:00,1736.1,1736.16,1736.1,1736.16,0.0,17.41,30109.82,1
2025-07-15,2025-07-15 12:59:00,1736.16,1736.22,1736.16,1736.22,0.0,17.41,30109.82,1
2025-07-15,2025-07-15 13:00:00,1736.22,1749.0,1696.0,1736.28,0.0,17.41,30109.82,1
2025-07-15,2025-07-15 13:01:00,1736.28,1736.34,1736.28,1736.34,0.0,17.41,30109.82,1
2025-07-15,2025-07-15 13:02:00,1736.34,1736.4,1736.34,1736.4,0.0,17.41,30109.82,1
2025-07-15,2025-07-15 13:03:00,1736.4,1736.46,1736.4,1736.46,0.0,17.41,30109.82,1
2025-07-15,2025-07-15 13:04:00,1736.46,1736.52,1736.46,1736.52,0.0,17.41,30109.82,1
2025-07-15,2025-07-15 13:05:00,1736.52,1736.58,1736.52,1736.58,0.0,17.41,30109.82,1
2025-07-15,2025-07-15 13:06:00,1736.58,1736.64,1736.58,1736.64,0.0,17.41,30109.82,1
2025-07-15,2025-07-15 13:07:00,1736.64,1736.7,1736.64,1736.7,0.0,17.41,30109.82,1
2025-07-15,2025-07-15 13:08:00,1736.7,1736.76,1736.7,1736.76,0.0,17.41,30109.82,1
2025-07-15,2025-07-15 13:09:00,1736.76,1736.82,1736.76,1736.82,0.0,17.41,30109.82,1
2025-07-15,2025-07-15 13:10:00,1736.82,1736.88,1736.82,1736.88,0.0,17.41,30109.82,1
2025-07-15,2025-07-15 13:11:00,1736.88,1736.94,1736.88,1736.94,0.0,17.41,30109.82,1
2025-07-15,2025-07-15 13:12:00,1736.94,1737.0,1736.94,1737.0,0.0,17.41,30109.82,1
2025-07-15,2025-07-15 13:13:00,1737.0,1737.06,1737.0,1737.06,0.0,17.41,30109.82,1
2025-07-15,2025-07-15 13:14:00,1737.06,1737.12,1737.06,1737.12,0.0,17.41,30109.82,1
2025-07-15,2025-07-15 13:15:00,1737.12,1737.18,1737.12,1737.18,0.0,17.41,30109.82,1
2025-07-15,2025-07-15 13:16:00,1737.18,1737.24,1737.18,1737.24,0.0,17.41,30109.82,1
2025-07-15,2025-07-15 13:17:00,1737.24,1737.3,1737.24,1737.3,0.0,17.41,30109.82,1
2025-07-15,2025-07-15 13:18:00,1737.3,1737.36,1737.3,1737.36,0.0,17.41,30109.82,1
2025-07-15,2025-07-15 13:19:00,1737.36,1737.42,1737.36,1737.42,0.0,17.41,30109.82,1
2025-07-15,2025-07-15 13:20:00,1737.42,1737.48,1737.42,1737.48,0.0,17.41,30109.82,1
2025-07-15,2025-07-15 13:21:00,1737.48,1737.54,1737.48,1737.54,0.0,17.41,30109.82,1
2025-07-15,2025-07-15 13:22:00,1737.54,1737.6,1737.54,1737.6,0.0,17.41,30109.82,1
2025-07-15,2025-07-15 13:23:00,1737.6,1737.66,1737.6,1737.66,0.0,17.41,30109.82,1
2025-07-15,2025-07-15 13:24:00,1737.66,1737.72,1737.66,1737.72,0.0,17.41,30109.82,1
2025-07-15,2025-07-15 13:25:00,1737.72,1737.78,1737.72,1737.78,0.0,17.41,30109.82,1
2025-07-15,2025-07-15 13:26:00,1737.78,1737.84,1737.78,1737.84,0.0,17.41,30109.82,1
2025-07-15,2025-07-15 13:27:00,1737.84,1737.9,1737.84,1737.9,0.0,17.41,30109.82,1
2025-07-15,2025-07-15 13:28:00,1737.9,1737.96,1737.9,1737.96,0.0,17.41,30109.82,1
2025-07-15,2025-07-15 13:29:00,1737.96,1738.03,1737.96,1738.03,0.0,17.41,30109.82,1
2025-07-15,2025-07-15 13:30:00,1738.03,1738.09,1738.03,1738.09,0.0,17.41,30109.82,1
2025-07-15,2025-07-15 13:31:00,1738.09,1738.15,1738.09,1738.15,0.0,17.41,30109.82,1
2025-07-15,2025-07-15 13:32:00,1738.15,1738.21,1738.15,1738.21,0.0,17.41,30109.82,1
2025-07-15,2025-07-15 13:33:00,1738.21,1738.27,1738.21,1738.27,0.0,17.41,30109.82,1
2025-07-15,2025-07-15 13:34:00,1738.27,1738.33,1738.27,1738.33,0.0,17.41,30109.82,1
2025-07-15,2025-07-15 13:35:00,1738.33,1738.39,1738.33,1738.39,0.0,17.41,30109.82,1
2025-07-15,2025-07-15 13:36:00,1738.39,1738.45,1738.39,1738.45,0.0,17.41,30109.82,1
2025-07-15,2025-07-15 13:37:00,1738.45,1738.51,1738.45,1738.51,0.0,17.41,30109.82,1
2025-07-15,2025-07-15 13:38:00,1738.51,1738.57,1738.51,1738.57,0.0,17.41,30109.82,1
2025-07-15,2025-07-15 13:39:00,1738.57,1738.63,1738.57,1738.63,0.0,17.41,30109.82,1
2025-07-15,2025-07-15 13:40:00,1738.63,1738.69,1738.63,1738.69,0.0,17.41,30109.82,1
2025-07-15,2025-07-15 13:41:00,1738.69,1738.75,1738.69,1738.75,0.0,17.41,30109.82,1
2025-07-15,2025-07-15 13:42:00,1738.75,1738.81,1738.75,1738.81,0.0,17.41,30109.82,1
2025-07-15,2025-07-15 13:43:00,1738.81,1738.87,1738.81,1738.87,0.0,17.41,30109.82,1
2025-07-15,2025-07-15 13:44:00,1738.87,1738.93,1738.87,1738.93,0.0,17.41,30109.82,1
2025-07-15,2025-07-15 13:45:00,1738.93,1738.99,1738.93,1738.99,0.0,17.41,30109.82,1
2025-07-15,2025-07-15 13:46:00,1738.99,1739.05,1738.99,1739.05,0.0,17.41,30109.82,1
2025-07-15,2025-07-15 13:47:00,1739.05,1739.11,1739.05,1739.11,0.0,17.41,30109.82,1
2025-07-15,2025-07-15 13:48:00,1739.11,1739.17,1739.11,1739.17,0.0,17.41,30109.82,1
2025-07-15,2025-07-15 13:49:00,1739.17,1739.23,1739.17,1739.23,0.0,17.41,30109.82,1
2025-07-15,2025-07-15 13:50:00,1739.23,1739.29,1739.23,1739.29,0.0,17.41,30109.82,1
2025-07-15,2025-07-15 13:51:00,1739.29,1739.35,1739.29,1739.35,0.0,17.41,30109.82,1
2025-07-15,2025-07-15 13:52:00,1739.35,1739.41,1739.35,1739.41,0.0,17.41,30109.82,1
2025-07-15,2025-07-15 13:53:00,1739.41,1739.47,1739.41,1739.47,0.0,17.41,30109.82,1
2025-07-15,2025-07-15 13:54:00,1739.47,1739.53,1739.47,1739.53,0.0,17.41,30109.82,1
2025-07-15,2025-07-15 13:55:00,1739.53,1739.59,1739.53,1739.59,0.0,17.41,30109.82,1
2025-07-15,2025-07-15 13:56:00,1739.59,1739.65,1739.59,1739.65,0.0,17.41,30109.82,1
2025-07-15,2025-07-15 13:57:00,1739.65,1739.71,1739.65,1739.71,0.0,17.41,30109.82,1
2025-07-15,2025-07-15 13:58:00,1739.71,1739.77,1739.71,1739.77,0.0,17.41,30109.82,1
2025-07-15,2025-07-15 13:59:00,1739.77,1739.83,1739.77,1739.83,0.0,17.41,30109.82,1
2025-07-15,2025-07-15 14:00:00,1739.83,1739.89,1739.83,1739.89,0.0,17.41,30109.82,1
2025-07-15,2025-07-15 14:01:00,1739.89,1739.95,1739.89,1739.95,0.0,17.41,30109.82,1
2025-07-15,2025-07-15 14:02:00,1739.95,1740.01,1739.95,1740.01,0.0,17.41,30109.82,1
2025-07-15,2025-07-15 14:03:00,1740.01,1740.07,1740.01,1740.07,0.0,17.41,30109.82,1
2025-07-15,2025-07-15 14:04:00,1740.07,1740.13,1740.07,1740.13,0.0,17.41,30109.82,1
2025-07-15,2025-07-15 14:05:00,1740.13,1740.19,1740.13,1740.19,0.0,17.41,30109.82,1
2025-07-15,2025-07-15 14:06:00,1740.19,1740.25,1740.19,1740.25,0.0,17.41,30109.82,1
2025-07-15,2025-07-15 14:07:00,1740.25,1740.31,1740.25,1740.31,0.0,17.41,30109.82,1
2025-07-15,2025-07-15 14:08:00,1740.31,1740.37,1740.31,1740.37,0.0,17.41,30109.82,1
2025-07-15,2025-07-15 14:09:00,1740.37,1740.43,1740.37,1740.43,0.0,17.41,30109.82,1
2025-07-15,2025-07-15 14:10:00,1740.43,1740.49,1740.43,1740.49,0.0,17.41,30109.82,1
2025-07-15,2025-07-15 14:11:00,1740.49,1740.55,1740.49,1740.55,0.0,17.41,30109.82,1
2025-07-15,2025-07-15 14:12:00,1740.55,1740.61,1740.55,1740.61,0.0,17.41,30109.82,1
2025-07-15,2025-07-15 14:13:00,1740.61,1740.67,1740.61,1740.67,0.0,17.41,30109.82,1
2025-07-15,2025-07-15 14:14:00,1740.67,1740.73,1740.67,1740.73,0.0,17.41,30109.82,1
2025-07-15,2025-07-15 14:15:00,1740.73,1740.79,1740.73,1740.79,0.0,17.41,30109.82,1
2025-07-15,2025-07-15 14:16:00,1740.79,1740.85,1740.79,1740.85,0.0,17.41,30109.82,1
2025-07-15,2025-07-15 14:17:00,1740.85,1740.91,1740.85,1740.91,0.0,17.41,30109.82,1
2025-07-15,2025-07-15 14:18:00,1740.91,1740.97,1740.91,1740.97,0.0,17.41,30109.82,1
2025-07-15,2025-07-15 14:19:00,1740.97,1741.03,1740.97,1741.03,0.0,17.41,30109.82,1
2025-07-15,2025-07-15 14:20:00,1741.03,1741.09,1741.03,1741.09,0.0,17.41,30109.82,1
2025-07-15,2025-07-15 14:21:00,1741.09,1741.15,1741.09,1741.15,0.0,17.41,30109.82,1
2025-07-15,2025-07-15 14:22:00,1741.15,1741.21,1741.15,1741.21,0.0,17.41,30109.82,1
2025-07-15,2025-07-15 14:23:00,1741.21,1741.27,1741.21,1741.27,0.0,17.41,30109.82,1
2025-07-15,2025-07-15 14:24:00,1741.27,1741.33,1741.27,1741.33,0.0,17.41,30109.82,1
2025-07-15,2025-07-15 14:25:00,1741.33,1741.39,1741.33,1741.39,0.0,17.41,30109.82,1
2025-07-15,2025-07-15 14:26:00,1741.39,1741.45,1741.39,1741.45,0.0,17.41,30109.82,1
2025-07-15,2025-07-15 14:27:00,1741.45,1741.51,1741.45,1741.51,0.0,17.41,30109.82,1
2025-07-15,2025-07-15 14:28:00,1741.51,1741.57,1741.51,1741.57,0.0,17.41,30109.82,1
2025-07-15,2025-07-15 14:29:00,1741.57,1741.63,1741.57,1741.63,0.0,17.41,30109.82,1
2025-07-15,2025-07-15 14:30:00,1741.63,1741.7,1741.63,1741.7,0.0,17.41,30109.82,1
2025-07-15,2025-07-15 14:31:00,1741.7,1741.76,1741.7,1741.76,0.0,17.41,30109.82,1
2025-07-15,2025-07-15 14:32:00,1741.76,1741.82,1741.76,1741.82,0.0,17.41,30109.82,1
2025-07-15,2025-07-15 14:33:00,1741.82,1741.88,1741.82,1741.88,0.0,17.41,30109.82,1
2025-07-15,2025-07-15 14:34:00,1741.88,1741.94,1741.88,1741.94,0.0,17.41,30109.82,1
2025-07-15,2025-07-15 14:35:00,1741.94,1742.0,1741.94,1742.0,0.0,17.41,30109.82,1
2025-07-15,2025-07-15 14:36:00,1742.0,1742.06,1742.0,1742.06,0.0,17.41,30109.82,1
2025-07-15,2025-07-15 14:37:00,1742.06,1742.12,1742.06,1742.12,0.0,17.41,30109.82,1
2025-07-15,2025-07-15 14:38:00,1742.12,1742.18,1742.12,1742.18,0.0,17.41,30109.82,1
2025-07-15,2025-07-15 14:39:00,1742.18,1742.24,1742.18,1742.24,0.0,17.41,30109.82,1
2025-07-15,2025-07-15 14:40:00,1742.24,1742.3,1742.24,1742.3,0.0,17.41,30109.82,1
2025-07-15,2025-07-15 14:41:00,1742.3,1742.36,1742.3,1742.36,0.0,17.41,30109.82,1
2025-07-15,2025-07-15 14:42:00,1742.36,1742.42,1742.36,1742.42,0.0,17.41,30109.82,1
2025-07-15,2025-07-15 14:43:00,1742.42,1742.48,1742.42,1742.48,0.0,17.41,30109.82,1
2025-07-15,2025-07-15 14:44:00,1742.48,1742.54,1742.48,1742.54,0.0,17.41,30109.82,1
2025-07-15,2025-07-15 14:45:00,1742.54,1742.6,1742.54,1742.6,0.0,17.41,30109.82,1
2025-07-15,2025-07-15 14:46:00,1742.6,1742.66,1742.6,1742.66,0.0,17.41,30109.82,1
2025-07-15,2025-07-15 14:47:00,1742.66,1742.72,1742.66,1742.72,0.0,17.41,30109.82,1
2025-07-15,2025-07-15 14:48:00,1742.72,1742.78,1742.72,1742.78,0.0,17.41,30109.82,1
2025-07-15,2025-07-15 14:49:00,1742.78,1742.84,1742.78,1742.84,0.0,17.41,30109.82,1
2025-07-15,2025-07-15 14:50:00,1742.84,1742.9,1742.84,1742.9,0.0,17.41,30109.82,1
2025-07-15,2025-07-15 14:51:00,1742.9,1742.96,1742.9,1742.96,0.0,17.41,30109.82,1
2025-07-15,2025-07-15 14:52:00,1742.96,1743.02,1742.96,1743.02,0.0,17.41,30109.82,1
2025-07-15,2025-07-15 14:53:00,1743.02,1743.08,1743.02,1743.08,0.0,17.41,30109.82,1
2025-07-15,2025-07-15 14:54:00,1743.08,1743.14,1743.08,1743.14,0.0,17.41,30109.82,1
2025-07-15,2025-07-15 14:55:00,1743.14,1743.2,1743.14,1743.2,0.0,17.41,30109.82,1
2025-07-15,2025-07-15 14:56:00,1743.2,1743.26,1743.2,1743.26,0.0,17.41,30109.82,1
2025-07-15,2025-07-15 14:57:00,1743.26,1743.32,1743.26,1743.32,0.0,17.41,30109.82,1
2025-07-15,2025-07-15 14:58:00,1743.32,1743.38,1743.32,1743.38,0.0,17.41,30109.82,1
2025-07-15,2025-07-15 14:59:00,1743.38,1743.44,1743.38,1743.44,0.0,17.41,30109.82,1
2025-07-15,2025-07-15 15:00:00,1743.44,1749.0,1696.0,1743.44,0.0,17.41,30109.82,0
2025-07-16,2025-07-16 11:00:00,1766.0,1771.73,1753.7,1766.04,0.0,34.01,60093.18,1
2025-07-16,2025-07-16 11:01:00,1766.04,1766.08,1766.04,1766.08,0.0,34.01,60093.18,1
2025-07-16,2025-07-16 11:02:00,1766.08,1766.12,1766.08,1766.12,0.0,34.01,60093.18,1
2025-07-16,2025-07-16 11:03:00,1766.12,1766.16,1766.12,1766.16,0.0,34.01,60093.18,1
2025-07-16,2025-07-16 11:04:00,1766.16,1766.2,1766.16,1766.2,0.0,34.01,60093.18,1
2025-07-16,2025-07-16 11:05:00,1766.2,1766.24,1766.2,1766.24,0.0,34.01,60093.18,1
2025-07-16,2025-07-16 11:06:00,1766.24,1766.28,1766.24,1766.28,0.0,34.01,60093.18,1
2025-07-16,2025-07-16 11:07:00,1766.28,1766.33,1766.28,1766.33,0.0,34.01,60093.18,1
2025-07-16,2025-07-16 11:08:00,1766.33,1766.37,1766.33,1766.37,0.0,34.01,60093.18,1
2025-07-16,2025-07-16 11:09:00,1766.37,1766.41,1766.37,1766.41,0.0,34.01,60093.18,1
2025-07-16,2025-07-16 11:10:00,1766.41,1766.45,1766.41,1766.45,0.0,34.01,60093.18,1
2025-07-16,2025-07-16 11:11:00,1766.45,1766.49,1766.45,1766.49,0.0,34.01,60093.18,1
2025-07-16,2025-07-16 11:12:00,1766.49,1766.53,1766.49,1766.53,0.0,34.01,60093.18,1
2025-07-16,2025-07-16 11:13:00,1766.53,1766.57,1766.53,1766.57,0.0,34.01,60093.18,1
2025-07-16,2025-07-16 11:14:00,1766.57,1766.61,1766.57,1766.61,0.0,34.01,60093.18,1
2025-07-16,2025-07-16 11:15:00,1766.61,1766.65,1766.61,1766.65,0.0,34.01,60093.18,1
2025-07-16,2025-07-16 11:16:00,1766.65,1766.69,1766.65,1766.69,0.0,34.01,60093.18,1
2025-07-16,2025-07-16 11:17:00,1766.69,1766.73,1766.69,1766.73,0.0,34.01,60093.18,1
2025-07-16,2025-07-16 11:18:00,1766.73,1766.77,1766.73,1766.77,0.0,34.01,60093.18,1
2025-07-16,2025-07-16 11:19:00,1766.77,1766.81,1766.77,1766.81,0.0,34.01,60093.18,1
2025-07-16,2025-07-16 11:20:00,1766.81,1766.85,1766.81,1766.85,0.0,34.01,60093.18,1
2025-07-16,2025-07-16 11:21:00,1766.85,1766.89,1766.85,1766.89,0.0,34.01,60093.18,1
2025-07-16,2025-07-16 11:22:00,1766.89,1766.94,1766.89,1766.94,0.0,34.01,60093.18,1
2025-07-16,2025-07-16 11:23:00,1766.94,1766.98,1766.94,1766.98,0.0,34.01,60093.18,1
2025-07-16,2025-07-16 11:24:00,1766.98,1767.02,1766.98,1767.02,0.0,34.01,60093.18,1
2025-07-16,2025-07-16 11:25:00,1767.02,1767.06,1767.02,1767.06,0.0,34.01,60093.18,1
2025-07-16,2025-07-16 11:26:00,1767.06,1767.1,1767.06,1767.1,0.0,34.01,60093.18,1
2025-07-16,2025-07-16 11:27:00,1767.1,1767.14,1767.1,1767.14,0.0,34.01,60093.18,1
2025-07-16,2025-07-16 11:28:00,1767.14,1767.18,1767.14,1767.18,0.0,34.01,60093.18,1
2025-07-16,2025-07-16 11:29:00,1767.18,1767.22,1767.18,1767.22,0.0,34.01,60093.18,1
2025-07-16,2025-07-16 11:30:00,1767.22,1767.26,1767.22,1767.26,0.0,34.01,60093.18,1
2025-07-16,2025-07-16 11:31:00,1767.26,1767.3,1767.26,1767.3,0.0,34.01,60093.18,1
2025-07-16,2025-07-16 11:32:00,1767.3,1767.34,1767.3,1767.34,0.0,34.01,60093.18,1
2025-07-16,2025-07-16 11:33:00,1767.34,1767.38,1767.34,1767.38,0.0,34.01,60093.18,1
2025-07-16,2025-07-16 11:34:00,1767.38,1767.42,1767.38,1767.42,0.0,34.01,60093.18,1
2025-07-16,2025-07-16 11:35:00,1767.42,1767.46,1767.42,1767.46,0.0,34.01,60093.18,1
2025-07-16,2025-07-16 11:36:00,1767.46,1767.5,1767.46,1767.5,0.0,34.01,60093.18,1
2025-07-16,2025-07-16 11:37:00,1767.5,1767.55,1767.5,1767.55,0.0,34.01,60093.18,1
2025-07-16,2025-07-16 11:38:00,1767.55,1767.59,1767.55,1767.59,0.0,34.01,60093.18,1
2025-07-16,2025-07-16 11:39:00,1767.59,1767.63,1767.59,1767.63,0.0,34.01,60093.18,1
2025-07-16,2025-07-16 11:40:00,1767.63,1767.67,1767.63,1767.67,0.0,34.01,60093.18,1
2025-07-16,2025-07-16 11:41:00,1767.67,1767.71,1767.67,1767.71,0.0,34.01,60093.18,1
2025-07-16,2025-07-16 11:42:00,1767.71,1767.75,1767.71,1767.75,0.0,34.01,60093.18,1
2025-07-16,2025-07-16 11:43:00,1767.75,1767.79,1767.75,1767.79,0.0,34.01,60093.18,1
2025-07-16,2025-07-16 11:44:00,1767.79,1767.83,1767.79,1767.83,0.0,34.01,60093.18,1
2025-07-16,2025-07-16 11:45:00,1767.83,1767.87,1767.83,1767.87,0.0,34.01,60093.18,1
2025-07-16,2025-07-16 11:46:00,1767.87,1767.91,1767.87,1767.91,0.0,34.01,60093.18,1
2025-07-16,2025-07-16 11:47:00,1767.91,1767.95,1767.91,1767.95,0.0,34.01,60093.18,1
2025-07-16,2025-07-16 11:48:00,1767.95,1767.99,1767.95,1767.99,0.0,34.01,60093.18,1
2025-07-16,2025-07-16 11:49:00,1767.99,1768.03,1767.99,1768.03,0.0,34.01,60093.18,1
2025-07-16,2025-07-16 11:50:00,1768.03,1768.07,1768.03,1768.07,0.0,34.01,60093.18,1
2025-07-16,2025-07-16 11:51:00,1768.07,1768.11,1768.07,1768.11,0.0,34.01,60093.18,1
2025-07-16,2025-07-16 11:52:00,1768.11,1768.16,1768.11,1768.16,0.0,34.01,60093.18,1
2025-07-16,2025-07-16 11:53:00,1768.16,1768.2,1768.16,1768.2,0.0,34.01,60093.18,1
2025-07-16,2025-07-16 11:54:00,1768.2,1768.24,1768.2,1768.24,0.0,34.01,60093.18,1
2025-07-16,2025-07-16 11:55:00,1768.24,1768.28,1768.24,1768.28,0.0,34.01,60093.18,1
2025-07-16,2025-07-16 11:56:00,1768.28,1768.32,1768.28,1768.32,0.0,34.01,60093.18,1
2025-07-16,2025-07-16 11:57:00,1768.32,1768.36,1768.32,1768.36,0.0,34.01,60093.18,1
2025-07-16,2025-07-16 11:58:00,1768.36,1768.4,1768.36,1768.4,0.0,34.01,60093.18,1
2025-07-16,2025-07-16 11:59:00,1768.4,1768.44,1768.4,1768.44,0.0,34.01,60093.18,1
2025-07-16,2025-07-16 12:00:00,1768.44,1768.48,1768.44,1768.48,0.0,34.01,60093.18,1
2025-07-16,2025-07-16 12:01:00,1768.48,1768.52,1768.48,1768.52,0.0,34.01,60093.18,1
2025-07-16,2025-07-16 12:02:00,1768.52,1768.56,1768.52,1768.56,0.0,34.01,60093.18,1
2025-07-16,2025-07-16 12:03:00,1768.56,1768.6,1768.56,1768.6,0.0,34.01,60093.18,1
2025-07-16,2025-07-16 12:04:00,1768.6,1768.64,1768.6,1768.64,0.0,34.01,60093.18,1
2025-07-16,2025-07-16 12:05:00,1768.64,1768.68,1768.64,1768.68,0.0,34.01,60093.18,1
2025-07-16,2025-07-16 12:06:00,1768.68,1768.72,1768.68,1768.72,0.0,34.01,60093.18,1
2025-07-16,2025-07-16 12:07:00,1768.72,1768.77,1768.72,1768.77,0.0,34.01,60093.18,1
2025-07-16,2025-07-16 12:08:00,1768.77,1768.81,1768.77,1768.81,0.0,34.01,60093.18,1
2025-07-16,2025-07-16 12:09:00,1768.81,1768.85,1768.81,1768.85,0.0,34.01,60093.18,1
2025-07-16,2025-07-16 12:10:00,1768.85,1768.89,1768.85,1768.89,0.0,34.01,60093.18,1
2025-07-16,2025-07-16 12:11:00,1768.89,1768.93,1768.89,1768.93,0.0,34.01,60093.18,1
2025-07-16,2025-07-16 12:12:00,1768.93,1768.97,1768.93,1768.97,0.0,34.01,60093.18,1
2025-07-16,2025-07-16 12:13:00,1768.97,1769.01,1768.97,1769.01,0.0,34.01,60093.18,1
2025-07-16,2025-07-16 12:14:00,1769.01,1769.05,1769.01,1769.05,0.0,34.01,60093.18,1
2025-07-16,2025-07-16 12:15:00,1769.05,1769.09,1769.05,1769.09,0.0,34.01,60093.18,1
2025-07-16,2025-07-16 12:16:00,1769.09,1769.13,1769.09,1769.13,0.0,34.01,60093.18,1
2025-07-16,2025-07-16 12:17:00,1769.13,1769.17,1769.13,1769.17,0.0,34.01,60093.18,1
2025-07-16,2025-07-16 12:18:00,1769.17,1769.21,1769.17,1769.21,0.0,34.01,60093.18,1
2025-07-16,2025-07-16 12:19:00,1769.21,1769.25,1769.21,1769.25,0.0,34.01,60093.18,1
2025-07-16,2025-07-16 12:20:00,1769.25,1769.29,1769.25,1769.29,0.0,34.01,60093.18,1
2025-07-16,2025-07-16 12:21:00,1769.29,1769.33,1769.29,1769.33,0.0,34.01,60093.18,1
2025-07-16,2025-07-16 12:22:00,1769.33,1769.38,1769.33,1769.38,0.0,34.01,60093.18,1
2025-07-16,2025-07-16 12:23:00,1769.38,1769.42,1769.38,1769.42,0.0,34.01,60093.18,1
2025-07-16,2025-07-16 12:24:00,1769.42,1769.46,1769.42,1769.46,0.0,34.01,60093.18,1
2025-07-16,2025-07-16 12:25:00,1769.46,1769.5,1769.46,1769.5,0.0,34.01,60093.18,1
2025-07-16,2025-07-16 12:26:00,1769.5,1769.54,1769.5,1769.54,0.0,34.01,60093.18,1
2025-07-16,2025-07-16 12:27:00,1769.54,1769.58,1769.54,1769.58,0.0,34.01,60093.18,1
2025-07-16,2025-07-16 12:28:00,1769.58,1769.62,1769.58,1769.62,0.0,34.01,60093.18,1
2025-07-16,2025-07-16 12:29:00,1769.62,1769.66,1769.62,1769.66,0.0,34.01,60093.18,1
2025-07-16,2025-07-16 12:30:00,1769.66,1769.7,1769.66,1769.7,0.0,34.01,60093.18,1
2025-07-16,2025-07-16 12:31:00,1769.7,1769.74,1769.7,1769.74,0.0,34.01,60093.18,1
2025-07-16,2025-07-16 12:32:00,1769.74,1769.78,1769.74,1769.78,0.0,34.01,60093.18,1
2025-07-16,2025-07-16 12:33:00,1769.78,1769.82,1769.78,1769.82,0.0,34.01,60093.18,1
2025-07-16,2025-07-16 12:34:00,1769.82,1769.86,1769.82,1769.86,0.0,34.01,60093.18,1
2025-07-16,2025-07-16 12:35:00,1769.86,1769.9,1769.86,1769.9,0.0,34.01,60093.18,1
2025-07-16,2025-07-16 12:36:00,1769.9,1769.94,1769.9,1769.94,0.0,34.01,60093.18,1
2025-07-16,2025-07-16 12:37:00,1769.94,1769.99,1769.94,1769.99,0.0,34.01,60093.18,1
2025-07-16,2025-07-16 12:38:00,1769.99,1770.03,1769.99,1770.03,0.0,34.01,60093.18,1
2025-07-16,2025-07-16 12:39:00,1770.03,1770.07,1770.03,1770.07,0.0,34.01,60093.18,1
2025-07-16,2025-07-16 12:40:00,1770.07,1770.11,1770.07,1770.11,0.0,34.01,60093.18,1
2025-07-16,2025-07-16 12:41:00,1770.11,1770.15,1770.11,1770.15,0.0,34.01,60093.18,1
2025-07-16,2025-07-16 12:42:00,1770.15,1770.19,1770.15,1770.19,0.0,34.01,60093.18,1
2025-07-16,2025-07-16 12:43:00,1770.19,1770.23,1770.19,1770.23,0.0,34.01,60093.18,1
2025-07-16,2025-07-16 12:44:00,1770.23,1770.27,1770.23,1770.27,0.0,34.01,60093.18,1
2025-07-16,2025-07-16 12:45:00,1770.27,1770.31,1770.27,1770.31,0.0,34.01,60093.18,1
2025-07-16,2025-07-16 12:46:00,1770.31,1770.35,1770.31,1770.35,0.0,34.01,60093.18,1
2025-07-16,2025-07-16 12:47:00,1770.35,1770.39,1770.35,1770.39,0.0,34.01,60093.18,1
2025-07-16,2025-07-16 12:48:00,1770.39,1770.43,1770.39,1770.43,0.0,34.01,60093.18,1
2025-07-16,2025-07-16 12:49:00,1770.43,1770.47,1770.43,1770.47,0.0,34.01,60093.18,1
2025-07-16,2025-07-16 12:50:00,1770.47,1770.51,1770.47,1770.51,0.0,34.01,60093.18,1
2025-07-16,2025-07-16 12:51:00,1770.51,1770.55,1770.51,1770.55,0.0,34.01,60093.18,1
2025-07-16,2025-07-16 12:52:00,1770.55,1770.6,1770.55,1770.6,0.0,34.01,60093.18,1
2025-07-16,2025-07-16 12:53:00,1770.6,1770.64,1770.6,1770.64,0.0,34.01,60093.18,1
2025-07-16,2025-07-16 12:54:00,1770.64,1770.68,1770.64,1770.68,0.0,34.01,60093.18,1
2025-07-16,2025-07-16 12:55:00,1770.68,1770.72,1770.68,1770.72,0.0,34.01,60093.18,1
2025-07-16,2025-07-16 12:56:00,1770.72,1770.76,1770.72,1770.76,0.0,34.01,60093.18,1
2025-07-16,2025-07-16 12:57:00,1770.76,1770.8,1770.76,1770.8,0.0,34.01,60093.18,1
2025-07-16,2025-07-16 12:58:00,1770.8,1770.84,1770.8,1770.84,0.0,34.01,60093.18,1
2025-07-16,2025-07-16 12:59:00,1770.84,1770.88,1770.84,1770.88,0.0,34.01,60093.18,1
2025-07-16,2025-07-16 13:00:00,1770.88,1785.1,1725.0,1770.92,0.0,34.01,60093.18,1
2025-07-16,2025-07-16 13:01:00,1770.92,1770.96,1770.92,1770.96,0.0,34.01,60093.18,1
2025-07-16,2025-07-16 13:02:00,1770.96,1771.0,1770.96,1771.0,0.0,34.01,60093.18,1
2025-07-16,2025-07-16 13:03:00,1771.0,1771.04,1771.0,1771.04,0.0,34.01,60093.18,1
2025-07-16,2025-07-16 13:04:00,1771.04,1771.08,1771.04,1771.08,0.0,34.01,60093.18,1
2025-07-16,2025-07-16 13:05:00,1771.08,1771.12,1771.08,1771.12,0.0,34.01,60093.18,1
2025-07-16,2025-07-16 13:06:00,1771.12,1771.16,1771.12,1771.16,0.0,34.01,60093.18,1
2025-07-16,2025-07-16 13:07:00,1771.16,1771.21,1771.16,1771.21,0.0,34.01,60093.18,1
2025-07-16,2025-07-16 13:08:00,1771.21,1771.25,1771.21,1771.25,0.0,34.01,60093.18,1
2025-07-16,2025-07-16 13:09:00,1771.25,1771.29,1771.25,1771.29,0.0,34.01,60093.18,1
2025-07-16,2025-07-16 13:10:00,1771.29,1771.33,1771.29,1771.33,0.0,34.01,60093.18,1
2025-07-16,2025-07-16 13:11:00,1771.33,1771.37,1771.33,1771.37,0.0,34.01,60093.18,1
2025-07-16,2025-07-16 13:12:00,1771.37,1771.41,1771.37,1771.41,0.0,34.01,60093.18,1
2025-07-16,2025-07-16 13:13:00,1771.41,1771.45,1771.41,1771.45,0.0,34.01,60093.18,1
2025-07-16,2025-07-16 13:14:00,1771.45,1771.49,1771.45,1771.49,0.0,34.01,60093.18,1
2025-07-16,2025-07-16 13:15:00,1771.49,1771.53,1771.49,1771.53,0.0,34.01,60093.18,1
2025-07-16,2025-07-16 13:16:00,1771.53,1771.57,1771.53,1771.57,0.0,34.01,60093.18,1
2025-07-16,2025-07-16 13:17:00,1771.57,1771.61,1771.57,1771.61,0.0,34.01,60093.18,1
2025-07-16,2025-07-16 13:18:00,1771.61,1771.65,1771.61,1771.65,0.0,34.01,60093.18,1
2025-07-16,2025-07-16 13:19:00,1771.65,1771.69,1771.65,1771.69,0.0,34.01,60093.18,1
2025-07-16,2025-07-16 13:20:00,1771.69,1771.73,1771.69,1771.73,0.0,34.01,60093.18,1
2025-07-16,2025-07-16 13:21:00,1771.73,1771.77,1771.73,1771.77,0.0,34.01,60093.18,1
2025-07-16,2025-07-16 13:22:00,1771.77,1771.82,1771.77,1771.82,0.0,34.01,60093.18,1
2025-07-16,2025-07-16 13:23:00,1771.82,1771.86,1771.82,1771.86,0.0,34.01,60093.18,1
2025-07-16,2025-07-16 13:24:00,1771.86,1771.9,1771.86,1771.9,0.0,34.01,60093.18,1
2025-07-16,2025-07-16 13:25:00,1771.9,1771.94,1771.9,1771.94,0.0,34.01,60093.18,1
2025-07-16,2025-07-16 13:26:00,1771.94,1771.98,1771.94,1771.98,0.0,34.01,60093.18,1
2025-07-16,2025-07-16 13:27:00,1771.98,1772.02,1771.98,1772.02,0.0,34.01,60093.18,1
2025-07-16,2025-07-16 13:28:00,1772.02,1772.06,1772.02,1772.06,0.0,34.01,60093.18,1
2025-07-16,2025-07-16 13:29:00,1772.06,1772.1,1772.06,1772.1,0.0,34.01,60093.18,1
2025-07-16,2025-07-16 13:30:00,1772.1,1772.14,1772.1,1772.14,0.0,34.01,60093.18,1
2025-07-16,2025-07-16 13:31:00,1772.14,1772.18,1772.14,1772.18,0.0,34.01,60093.18,1
2025-07-16,2025-07-16 13:32:00,1772.18,1772.22,1772.18,1772.22,0.0,34.01,60093.18,1
2025-07-16,2025-07-16 13:33:00,1772.22,1772.26,1772.22,1772.26,0.0,34.01,60093.18,1
2025-07-16,2025-07-16 13:34:00,1772.26,1772.3,1772.26,1772.3,0.0,34.01,60093.18,1
2025-07-16,2025-07-16 13:35:00,1772.3,1772.34,1772.3,1772.34,0.0,34.01,60093.18,1
2025-07-16,2025-07-16 13:36:00,1772.34,1772.38,1772.34,1772.38,0.0,34.01,60093.18,1
2025-07-16,2025-07-16 13:37:00,1772.38,1772.43,1772.38,1772.43,0.0,34.01,60093.18,1
2025-07-16,2025-07-16 13:38:00,1772.43,1772.47,1772.43,1772.47,0.0,34.01,60093.18,1
2025-07-16,2025-07-16 13:39:00,1772.47,1772.51,1772.47,1772.51,0.0,34.01,60093.18,1
2025-07-16,2025-07-16 13:40:00,1772.51,1772.55,1772.51,1772.55,0.0,34.01,60093.18,1
2025-07-16,2025-07-16 13:41:00,1772.55,1772.59,1772.55,1772.59,0.0,34.01,60093.18,1
2025-07-16,2025-07-16 13:42:00,1772.59,1772.63,1772.59,1772.63,0.0,34.01,60093.18,1
2025-07-16,2025-07-16 13:43:00,1772.63,1772.67,1772.63,1772.67,0.0,34.01,60093.18,1
2025-07-16,2025-07-16 13:44:00,1772.67,1772.71,1772.67,1772.71,0.0,34.01,60093.18,1
2025-07-16,2025-07-16 13:45:00,1772.71,1772.75,1772.71,1772.75,0.0,34.01,60093.18,1
2025-07-16,2025-07-16 13:46:00,1772.75,1772.79,1772.75,1772.79,0.0,34.01,60093.18,1
2025-07-16,2025-07-16 13:47:00,1772.79,1772.83,1772.79,1772.83,0.0,34.01,60093.18,1
2025-07-16,2025-07-16 13:48:00,1772.83,1772.87,1772.83,1772.87,0.0,34.01,60093.18,1
2025-07-16,2025-07-16 13:49:00,1772.87,1772.91,1772.87,1772.91,0.0,34.01,60093.18,1
2025-07-16,2025-07-16 13:50:00,1772.91,1772.95,1772.91,1772.95,0.0,34.01,60093.18,1
2025-07-16,2025-07-16 13:51:00,1772.95,1772.99,1772.95,1772.99,0.0,34.01,60093.18,1
2025-07-16,2025-07-16 13:52:00,1772.99,1773.04,1772.99,1773.04,0.0,34.01,60093.18,1
2025-07-16,2025-07-16 13:53:00,1773.04,1773.08,1773.04,1773.08,0.0,34.01,60093.18,1
2025-07-16,2025-07-16 13:54:00,1773.08,1773.12,1773.08,1773.12,0.0,34.01,60093.18,1
2025-07-16,2025-07-16 13:55:00,1773.12,1773.16,1773.12,1773.16,0.0,34.01,60093.18,1
2025-07-16,2025-07-16 13:56:00,1773.16,1773.2,1773.16,1773.2,0.0,34.01,60093.18,1
2025-07-16,2025-07-16 13:57:00,1773.2,1773.24,1773.2,1773.24,0.0,34.01,60093.18,1
2025-07-16,2025-07-16 13:58:00,1773.24,1773.28,1773.24,1773.28,0.0,34.01,60093.18,1
2025-07-16,2025-07-16 13:59:00,1773.28,1773.32,1773.28,1773.32,0.0,34.01,60093.18,1
2025-07-16,2025-07-16 14:00:00,1773.32,1773.36,1773.32,1773.36,0.0,34.01,60093.18,1
2025-07-16,2025-07-16 14:01:00,1773.36,1773.4,1773.36,1773.4,0.0,34.01,60093.18,1
2025-07-16,2025-07-16 14:02:00,1773.4,1773.44,1773.4,1773.44,0.0,34.01,60093.18,1
2025-07-16,2025-07-16 14:03:00,1773.44,1773.48,1773.44,1773.48,0.0,34.01,60093.18,1
2025-07-16,2025-07-16 14:04:00,1773.48,1773.52,1773.48,1773.52,0.0,34.01,60093.18,1
2025-07-16,2025-07-16 14:05:00,1773.52,1773.56,1773.52,1773.56,0.0,34.01,60093.18,1
2025-07-16,2025-07-16 14:06:00,1773.56,1773.6,1773.56,1773.6,0.0,34.01,60093.18,1
2025-07-16,2025-07-16 14:07:00,1773.6,1773.65,1773.6,1773.65,0.0,34.01,60093.18,1
2025-07-16,2025-07-16 14:08:00,1773.65,1773.69,1773.65,1773.69,0.0,34.01,60093.18,1
2025-07-16,2025-07-16 14:09:00,1773.69,1773.73,1773.69,1773.73,0.0,34.01,60093.18,1
2025-07-16,2025-07-16 14:10:00,1773.73,1773.77,1773.73,1773.77,0.0,34.01,60093.18,1
2025-07-16,2025-07-16 14:11:00,1773.77,1773.81,1773.77,1773.81,0.0,34.01,60093.18,1
2025-07-16,2025-07-16 14:12:00,1773.81,1773.85,1773.81,1773.85,0.0,34.01,60093.18,1
2025-07-16,2025-07-16 14:13:00,1773.85,1773.89,1773.85,1773.89,0.0,34.01,60093.18,1
2025-07-16,2025-07-16 14:14:00,1773.89,1773.93,1773.89,1773.93,0.0,34.01,60093.18,1
2025-07-16,2025-07-16 14:15:00,1773.93,1773.97,1773.93,1773.97,0.0,34.01,60093.18,1
2025-07-16,2025-07-16 14:16:00,1773.97,1774.01,1773.97,1774.01,0.0,34.01,60093.18,1
2025-07-16,2025-07-16 14:17:00,1774.01,1774.05,1774.01,1774.05,0.0,34.01,60093.18,1
2025-07-16,2025-07-16 14:18:00,1774.05,1774.09,1774.05,1774.09,0.0,34.01,60093.18,1
2025-07-16,2025-07-16 14:19:00,1774.09,1774.13,1774.09,1774.13,0.0,34.01,60093.18,1
2025-07-16,2025-07-16 14:20:00,1774.13,1774.17,1774.13,1774.17,0.0,34.01,60093.18,1
2025-07-16,2025-07-16 14:21:00,1774.17,1774.21,1774.17,1774.21,0.0,34.01,60093.18,1
2025-07-16,2025-07-16 14:22:00,1774.21,1774.26,1774.21,1774.26,0.0,34.01,60093.18,1
2025-07-16,2025-07-16 14:23:00,1774.26,1774.3,1774.26,1774.3,0.0,34.01,60093.18,1
2025-07-16,2025-07-16 14:24:00,1774.3,1774.34,1774.3,1774.34,0.0,34.01,60093.18,1
2025-07-16,2025-07-16 14:25:00,1774.34,1774.38,1774.34,1774.38,0.0,34.01,60093.18,1
2025-07-16,2025-07-16 14:26:00,1774.38,1774.42,1774.38,1774.42,0.0,34.01,60093.18,1
2025-07-16,2025-07-16 14:27:00,1774.42,1774.46,1774.42,1774.46,0.0,34.01,60093.18,1
2025-07-16,2025-07-16 14:28:00,1774.46,1774.5,1774.46,1774.5,0.0,34.01,60093.18,1
2025-07-16,2025-07-16 14:29:00,1774.5,1774.54,1774.5,1774.54,0.0,34.01,60093.18,1
2025-07-16,2025-07-16 14:30:00,1774.54,1774.58,1774.54,1774.58,0.0,34.01,60093.18,1
2025-07-16,2025-07-16 14:31:00,1774.58,1774.62,1774.58,1774.62,0.0,34.01,60093.18,1
2025-07-16,2025-07-16 14:32:00,1774.62,1774.66,1774.62,1774.66,0.0,34.01,60093.18,1
2025-07-16,2025-07-16 14:33:00,1774.66,1774.7,1774.66,1774.7,0.0,34.01,60093.18,1
2025-07-16,2025-07-16 14:34:00,1774.7,1774.74,1774.7,1774.74,0.0,34.01,60093.18,1
2025-07-16,2025-07-16 14:35:00,1774.74,1774.78,1774.74,1774.78,0.0,34.01,60093.18,1
2025-07-16,2025-07-16 14:36:00,1774.78,1774.82,1774.78,1774.82,0.0,34.01,60093.18,1
2025-07-16,2025-07-16 14:37:00,1774.82,1774.87,1774.82,1774.87,0.0,34.01,60093.18,1
2025-07-16,2025-07-16 14:38:00,1774.87,1774.91,1774.87,1774.91,0.0,34.01,60093.18,1
2025-07-16,2025-07-16 14:39:00,1774.91,1774.95,1774.91,1774.95,0.0,34.01,60093.18,1
2025-07-16,2025-07-16 14:40:00,1774.95,1774.99,1774.95,1774.99,0.0,34.01,60093.18,1
2025-07-16,2025-07-16 14:41:00,1774.99,1775.03,1774.99,1775.03,0.0,34.01,60093.18,1
2025-07-16,2025-07-16 14:42:00,1775.03,1775.07,1775.03,1775.07,0.0,34.01,60093.18,1
2025-07-16,2025-07-16 14:43:00,1775.07,1775.11,1775.07,1775.11,0.0,34.01,60093.18,1
2025-07-16,2025-07-16 14:44:00,1775.11,1775.15,1775.11,1775.15,0.0,34.01,60093.18,1
2025-07-16,2025-07-16 14:45:00,1775.15,1775.19,1775.15,1775.19,0.0,34.01,60093.18,1
2025-07-16,2025-07-16 14:46:00,1775.19,1775.23,1775.19,1775.23,0.0,34.01,60093.18,1
2025-07-16,2025-07-16 14:47:00,1775.23,1775.27,1775.23,1775.27,0.0,34.01,60093.18,1
2025-07-16,2025-07-16 14:48:00,1775.27,1775.31,1775.27,1775.31,0.0,34.01,60093.18,1
2025-07-16,2025-07-16 14:49:00,1775.31,1775.35,1775.31,1775.35,0.0,34.01,60093.18,1
2025-07-16,2025-07-16 14:50:00,1775.35,1775.39,1775.35,1775.39,0.0,34.01,60093.18,1
2025-07-16,2025-07-16 14:51:00,1775.39,1775.43,1775.39,1775.43,0.0,34.01,60093.18,1
2025-07-16,2025-07-16 14:52:00,1775.43,1775.48,1775.43,1775.48,0.0,34.01,60093.18,1
2025-07-16,2025-07-16 14:53:00,1775.48,1775.52,1775.48,1775.52,0.0,34.01,60093.18,1
2025-07-16,2025-07-16 14:54:00,1775.52,1775.56,1775.52,1775.56,0.0,34.01,60093.18,1
2025-07-16,2025-07-16 14:55:00,1775.56,1775.6,1775.56,1775.6,0.0,34.01,60093.18,1
2025-07-16,2025-07-16 14:56:00,1775.6,1775.64,1775.6,1775.64,0.0,34.01,60093.18,1
2025-07-16,2025-07-16 14:57:00,1775.64,1775.68,1775.64,1775.68,0.0,34.01,60093.18,1
2025-07-16,2025-07-16 14:58:00,1775.68,1775.72,1775.68,1775.72,0.0,34.01,60093.18,1
2025-07-16,2025-07-16 14:59:00,1775.72,1775.76,1775.72,1775.76,0.0,34.01,60093.18,1
2025-07-16,2025-07-16 15:00:00,1775.76,1785.1,1725.0,1775.76,0.0,34.01,60093.18,0
2025-07-17,2025-07-17 11:00:00,1750.1,1783.07,1750.1,1750.46,0.02,38.51,69800.15,1
2025-07-17,2025-07-17 11:01:00,1750.46,1750.83,1750.46,1750.83,0.02,38.51,69800.15,1
2025-07-17,2025-07-17 11:02:00,1750.83,1751.19,1750.83,1751.19,0.02,38.51,69800.15,1
2025-07-17,2025-07-17 11:03:00,1751.19,1751.56,1751.19,1751.56,0.02,38.51,69800.15,1
2025-07-17,2025-07-17 11:04:00,1751.56,1751.92,1751.56,1751.92,0.02,38.51,69800.15,1
2025-07-17,2025-07-17 11:05:00,1751.92,1752.29,1751.92,1752.29,0.02,38.51,69800.15,1
2025-07-17,2025-07-17 11:06:00,1752.29,1752.65,1752.29,1752.65,0.02,38.51,69800.15,1
2025-07-17,2025-07-17 11:07:00,1752.65,1753.01,1752.65,1753.01,0.02,38.51,69800.15,1
2025-07-17,2025-07-17 11:08:00,1753.01,1753.38,1753.01,1753.38,0.02,38.51,69800.15,1
2025-07-17,2025-07-17 11:09:00,1753.38,1753.74,1753.38,1753.74,0.02,38.51,69800.15,1
2025-07-17,2025-07-17 11:10:00,1753.74,1754.11,1753.74,1754.11,0.02,38.51,69800.15,1
2025-07-17,2025-07-17 11:11:00,1754.11,1754.47,1754.11,1754.47,0.02,38.51,69800.15,1
2025-07-17,2025-07-17 11:12:00,1754.47,1754.84,1754.47,1754.84,0.02,38.51,69800.15,1
2025-07-17,2025-07-17 11:13:00,1754.84,1755.2,1754.84,1755.2,0.02,38.51,69800.15,1
2025-07-17,2025-07-17 11:14:00,1755.2,1755.56,1755.2,1755.56,0.02,38.51,69800.15,1
2025-07-17,2025-07-17 11:15:00,1755.56,1755.93,1755.56,1755.93,0.02,38.51,69800.15,1
2025-07-17,2025-07-17 11:16:00,1755.93,1756.29,1755.93,1756.29,0.02,38.51,69800.15,1
2025-07-17,2025-07-17 11:17:00,1756.29,1756.66,1756.29,1756.66,0.02,38.51,69800.15,1
2025-07-17,2025-07-17 11:18:00,1756.66,1757.02,1756.66,1757.02,0.02,38.51,69800.15,1
2025-07-17,2025-07-17 11:19:00,1757.02,1757.38,1757.02,1757.38,0.02,38.51,69800.15,1
2025-07-17,2025-07-17 11:20:00,1757.38,1757.75,1757.38,1757.75,0.02,38.51,69800.15,1
2025-07-17,2025-07-17 11:21:00,1757.75,1758.11,1757.75,1758.11,0.02,38.51,69800.15,1
2025-07-17,2025-07-17 11:22:00,1758.11,1758.48,1758.11,1758.48,0.02,38.51,69800.15,1
2025-07-17,2025-07-17 11:23:00,1758.48,1758.84,1758.48,1758.84,0.02,38.51,69800.15,1
2025-07-17,2025-07-17 11:24:00,1758.84,1759.21,1758.84,1759.21,0.02,38.51,69800.15,1
2025-07-17,2025-07-17 11:25:00,1759.21,1759.57,1759.21,1759.57,0.02,38.51,69800.15,1
2025-07-17,2025-07-17 11:26:00,1759.57,1759.93,1759.57,1759.93,0.02,38.51,69800.15,1
2025-07-17,2025-07-17 11:27:00,1759.93,1760.3,1759.93,1760.3,0.02,38.51,69800.15,1
2025-07-17,2025-07-17 11:28:00,1760.3,1760.66,1760.3,1760.66,0.02,38.51,69800.15,1
2025-07-17,2025-07-17 11:29:00,1760.66,1761.03,1760.66,1761.03,0.02,38.51,69800.15,1
2025-07-17,2025-07-17 11:30:00,1761.03,1761.39,1761.03,1761.39,0.02,38.51,69800.15,1
2025-07-17,2025-07-17 11:31:00,1761.39,1761.76,1761.39,1761.76,0.02,38.51,69800.15,1
2025-07-17,2025-07-17 11:32:00,1761.76,1762.12,1761.76,1762.12,0.02,38.51,69800.15,1
2025-07-17,2025-07-17 11:33:00,1762.12,1762.48,1762.12,1762.48,0.02,38.51,69800.15,1
2025-07-17,2025-07-17 11:34:00,1762.48,1762.85,1762.48,1762.85,0.02,38.51,69800.15,1
2025-07-17,2025-07-17 11:35:00,1762.85,1763.21,1762.85,1763.21,0.02,38.51,69800.15,1
2025-07-17,2025-07-17 11:36:00,1763.21,1763.58,1763.21,1763.58,0.02,38.51,69800.15,1
2025-07-17,2025-07-17 11:37:00,1763.58,1763.94,1763.58,1763.94,0.02,38.51,69800.15,1
2025-07-17,2025-07-17 11:38:00,1763.94,1764.31,1763.94,1764.31,0.02,38.51,69800.15,1
2025-07-17,2025-07-17 11:39:00,1764.31,1764.67,1764.31,1764.67,0.02,38.51,69800.15,1
2025-07-17,2025-07-17 11:40:00,1764.67,1765.03,1764.67,1765.03,0.02,38.51,69800.15,1
2025-07-17,2025-07-17 11:41:00,1765.03,1765.4,1765.03,1765.4,0.02,38.51,69800.15,1
2025-07-17,2025-07-17 11:42:00,1765.4,1765.76,1765.4,1765.76,0.02,38.51,69800.15,1
2025-07-17,2025-07-17 11:43:00,1765.76,1766.13,1765.76,1766.13,0.02,38.51,69800.15,1
2025-07-17,2025-07-17 11:44:00,1766.13,1766.49,1766.13,1766.49,0.02,38.51,69800.15,1
2025-07-17,2025-07-17 11:45:00,1766.49,1766.86,1766.49,1766.86,0.02,38.51,69800.15,1
2025-07-17,2025-07-17 11:46:00,1766.86,1767.22,1766.86,1767.22,0.02,38.51,69800.15,1
2025-07-17,2025-07-17 11:47:00,1767.22,1767.58,1767.22,1767.58,0.02,38.51,69800.15,1
2025-07-17,2025-07-17 11:48:00,1767.58,1767.95,1767.58,1767.95,0.02,38.51,69800.15,1
2025-07-17,2025-07-17 11:49:00,1767.95,1768.31,1767.95,1768.31,0.02,38.51,69800.15,1
2025-07-17,2025-07-17 11:50:00,1768.31,1768.68,1768.31,1768.68,0.02,38.51,69800.15,1
2025-07-17,2025-07-17 11:51:00,1768.68,1769.04,1768.68,1769.04,0.02,38.51,69800.15,1
2025-07-17,2025-07-17 11:52:00,1769.04,1769.41,1769.04,1769.41,0.02,38.51,69800.15,1
2025-07-17,2025-07-17 11:53:00,1769.41,1769.77,1769.41,1769.77,0.02,38.51,69800.15,1
2025-07-17,2025-07-17 11:54:00,1769.77,1770.13,1769.77,1770.13,0.02,38.51,69800.15,1
2025-07-17,2025-07-17 11:55:00,1770.13,1770.5,1770.13,1770.5,0.02,38.51,69800.15,1
2025-07-17,2025-07-17 11:56:00,1770.5,1770.86,1770.5,1770.86,0.02,38.51,69800.15,1
2025-07-17,2025-07-17 11:57:00,1770.86,1771.23,1770.86,1771.23,0.02,38.51,69800.15,1
2025-07-17,2025-07-17 11:58:00,1771.23,1771.59,1771.23,1771.59,0.02,38.51,69800.15,1
2025-07-17,2025-07-17 11:59:00,1771.59,1771.95,1771.59,1771.95,0.02,38.51,69800.15,1
2025-07-17,2025-07-17 12:00:00,1771.95,1772.32,1771.95,1772.32,0.02,38.51,69800.15,1
2025-07-17,2025-07-17 12:01:00,1772.32,1772.68,1772.32,1772.68,0.02,38.51,69800.15,1
2025-07-17,2025-07-17 12:02:00,1772.68,1773.05,1772.68,1773.05,0.02,38.51,69800.15,1
2025-07-17,2025-07-17 12:03:00,1773.05,1773.41,1773.05,1773.41,0.02,38.51,69800.15,1
2025-07-17,2025-07-17 12:04:00,1773.41,1773.78,1773.41,1773.78,0.02,38.51,69800.15,1
2025-07-17,2025-07-17 12:05:00,1773.78,1774.14,1773.78,1774.14,0.02,38.51,69800.15,1
2025-07-17,2025-07-17 12:06:00,1774.14,1774.5,1774.14,1774.5,0.02,38.51,69800.15,1
2025-07-17,2025-07-17 12:07:00,1774.5,1774.87,1774.5,1774.87,0.02,38.51,69800.15,1
2025-07-17,2025-07-17 12:08:00,1774.87,1775.23,1774.87,1775.23,0.02,38.51,69800.15,1
2025-07-17,2025-07-17 12:09:00,1775.23,1775.6,1775.23,1775.6,0.02,38.51,69800.15,1
2025-07-17,2025-07-17 12:10:00,1775.6,1775.96,1775.6,1775.96,0.02,38.51,69800.15,1
2025-07-17,2025-07-17 12:11:00,1775.96,1776.33,1775.96,1776.33,0.02,38.51,69800.15,1
2025-07-17,2025-07-17 12:12:00,1776.33,1776.69,1776.33,1776.69,0.02,38.51,69800.15,1
2025-07-17,2025-07-17 12:13:00,1776.69,1777.05,1776.69,1777.05,0.02,38.51,69800.15,1
2025-07-17,2025-07-17 12:14:00,1777.05,1777.42,1777.05,1777.42,0.02,38.51,69800.15,1
2025-07-17,2025-07-17 12:15:00,1777.42,1777.78,1777.42,1777.78,0.02,38.51,69800.15,1
2025-07-17,2025-07-17 12:16:00,1777.78,1778.15,1777.78,1778.15,0.02,38.51,69800.15,1
2025-07-17,2025-07-17 12:17:00,1778.15,1778.51,1778.15,1778.51,0.02,38.51,69800.15,1
2025-07-17,2025-07-17 12:18:00,1778.51,1778.88,1778.51,1778.88,0.02,38.51,69800.15,1
2025-07-17,2025-07-17 12:19:00,1778.88,1779.24,1778.88,1779.24,0.02,38.51,69800.15,1
2025-07-17,2025-07-17 12:20:00,1779.24,1779.6,1779.24,1779.6,0.02,38.51,69800.15,1
2025-07-17,2025-07-17 12:21:00,1779.6,1779.97,1779.6,1779.97,0.02,38.51,69800.15,1
2025-07-17,2025-07-17 12:22:00,1779.97,1780.33,1779.97,1780.33,0.02,38.51,69800.15,1
2025-07-17,2025-07-17 12:23:00,1780.33,1780.7,1780.33,1780.7,0.02,38.51,69800.15,1
2025-07-17,2025-07-17 12:24:00,1780.7,1781.06,1780.7,1781.06,0.02,38.51,69800.15,1
2025-07-17,2025-07-17 12:25:00,1781.06,1781.43,1781.06,1781.43,0.02,38.51,69800.15,1
2025-07-17,2025-07-17 12:26:00,1781.43,1781.79,1781.43,1781.79,0.02,38.51,69800.15,1
2025-07-17,2025-07-17 12:27:00,1781.79,1782.15,1781.79,1782.15,0.02,38.51,69800.15,1
2025-07-17,2025-07-17 12:28:00,1782.15,1782.52,1782.15,1782.52,0.02,38.51,69800.15,1
2025-07-17,2025-07-17 12:29:00,1782.52,1782.88,1782.52,1782.88,0.02,38.51,69800.15,1
2025-07-17,2025-07-17 12:30:00,1782.88,1783.25,1782.88,1783.25,0.02,38.51,69800.15,1
2025-07-17,2025-07-17 12:31:00,1783.25,1783.61,1783.25,1783.61,0.02,38.51,69800.15,1
2025-07-17,2025-07-17 12:32:00,1783.61,1783.98,1783.61,1783.98,0.02,38.51,69800.15,1
2025-07-17,2025-07-17 12:33:00,1783.98,1784.34,1783.98,1784.34,0.02,38.51,69800.15,1
2025-07-17,2025-07-17 12:34:00,1784.34,1784.7,1784.34,1784.7,0.02,38.51,69800.15,1
2025-07-17,2025-07-17 12:35:00,1784.7,1785.07,1784.7,1785.07,0.02,38.51,69800.15,1
2025-07-17,2025-07-17 12:36:00,1785.07,1785.43,1785.07,1785.43,0.02,38.51,69800.15,1
2025-07-17,2025-07-17 12:37:00,1785.43,1785.8,1785.43,1785.8,0.02,38.51,69800.15,1
2025-07-17,2025-07-17 12:38:00,1785.8,1786.16,1785.8,1786.16,0.02,38.51,69800.15,1
2025-07-17,2025-07-17 12:39:00,1786.16,1786.52,1786.16,1786.52,0.02,38.51,69800.15,1
2025-07-17,2025-07-17 12:40:00,1786.52,1786.89,1786.52,1786.89,0.02,38.51,69800.15,1
2025-07-17,2025-07-17 12:41:00,1786.89,1787.25,1786.89,1787.25,0.02,38.51,69800.15,1
2025-07-17,2025-07-17 12:42:00,1787.25,1787.62,1787.25,1787.62,0.02,38.51,69800.15,1
2025-07-17,2025-07-17 12:43:00,1787.62,1787.98,1787.62,1787.98,0.02,38.51,69800.15,1
2025-07-17,2025-07-17 12:44:00,1787.98,1788.35,1787.98,1788.35,0.02,38.51,69800.15,1
2025-07-17,2025-07-17 12:45:00,1788.35,1788.71,1788.35,1788.71,0.02,38.51,69800.15,1
2025-07-17,2025-07-17 12:46:00,1788.71,1789.07,1788.71,1789.07,0.02,38.51,69800.15,1
2025-07-17,2025-07-17 12:47:00,1789.07,1789.44,1789.07,1789.44,0.02,38.51,69800.15,1
2025-07-17,2025-07-17 12:48:00,1789.44,1789.8,1789.44,1789.8,0.02,38.51,69800.15,1
2025-07-17,2025-07-17 12:49:00,1789.8,1790.17,1789.8,1790.17,0.02,38.51,69800.15,1
2025-07-17,2025-07-17 12:50:00,1790.17,1790.53,1790.17,1790.53,0.02,38.51,69800.15,1
2025-07-17,2025-07-17 12:51:00,1790.53,1790.9,1790.53,1790.9,0.02,38.51,69800.15,1
2025-07-17,2025-07-17 12:52:00,1790.9,1791.26,1790.9,1791.26,0.02,38.51,69800.15,1
2025-07-17,2025-07-17 12:53:00,1791.26,1791.62,1791.26,1791.62,0.02,38.51,69800.15,1
2025-07-17,2025-07-17 12:54:00,1791.62,1791.99,1791.62,1791.99,0.02,38.51,69800.15,1
2025-07-17,2025-07-17 12:55:00,1791.99,1792.35,1791.99,1792.35,0.02,38.51,69800.15,1
2025-07-17,2025-07-17 12:56:00,1792.35,1792.72,1792.35,1792.72,0.02,38.51,69800.15,1
2025-07-17,2025-07-17 12:57:00,1792.72,1793.08,1792.72,1793.08,0.02,38.51,69800.15,1
2025-07-17,2025-07-17 12:58:00,1793.08,1793.45,1793.08,1793.45,0.02,38.51,69800.15,1
2025-07-17,2025-07-17 12:59:00,1793.45,1793.81,1793.45,1793.81,0.02,38.51,69800.15,1
2025-07-17,2025-07-17 13:00:00,1793.81,1860.0,1750.1,1794.17,0.02,38.51,69800.15,1
2025-07-17,2025-07-17 13:01:00,1794.17,1794.54,1794.17,1794.54,0.02,38.51,69800.15,1
2025-07-17,2025-07-17 13:02:00,1794.54,1794.9,1794.54,1794.9,0.02,38.51,69800.15,1
2025-07-17,2025-07-17 13:03:00,1794.9,1795.27,1794.9,1795.27,0.02,38.51,69800.15,1
2025-07-17,2025-07-17 13:04:00,1795.27,1795.63,1795.27,1795.63,0.02,38.51,69800.15,1
2025-07-17,2025-07-17 13:05:00,1795.63,1796.0,1795.63,1796.0,0.02,38.51,69800.15,1
2025-07-17,2025-07-17 13:06:00,1796.0,1796.36,1796.0,1796.36,0.02,38.51,69800.15,1
2025-07-17,2025-07-17 13:07:00,1796.36,1796.72,1796.36,1796.72,0.02,38.51,69800.15,1
2025-07-17,2025-07-17 13:08:00,1796.72,1797.09,1796.72,1797.09,0.02,38.51,69800.15,1
2025-07-17,2025-07-17 13:09:00,1797.09,1797.45,1797.09,1797.45,0.02,38.51,69800.15,1
2025-07-17,2025-07-17 13:10:00,1797.45,1797.82,1797.45,1797.82,0.02,38.51,69800.15,1
2025-07-17,2025-07-17 13:11:00,1797.82,1798.18,1797.82,1798.18,0.02,38.51,69800.15,1
2025-07-17,2025-07-17 13:12:00,1798.18,1798.55,1798.18,1798.55,0.02,38.51,69800.15,1
2025-07-17,2025-07-17 13:13:00,1798.55,1798.91,1798.55,1798.91,0.02,38.51,69800.15,1
2025-07-17,2025-07-17 13:14:00,1798.91,1799.27,1798.91,1799.27,0.02,38.51,69800.15,1
2025-07-17,2025-07-17 13:15:00,1799.27,1799.64,1799.27,1799.64,0.02,38.51,69800.15,1
2025-07-17,2025-07-17 13:16:00,1799.64,1800.0,1799.64,1800.0,0.02,38.51,69800.15,1
2025-07-17,2025-07-17 13:17:00,1800.0,1800.37,1800.0,1800.37,0.02,38.51,69800.15,1
2025-07-17,2025-07-17 13:18:00,1800.37,1800.73,1800.37,1800.73,0.02,38.51,69800.15,1
2025-07-17,2025-07-17 13:19:00,1800.73,1801.1,1800.73,1801.1,0.02,38.51,69800.15,1
2025-07-17,2025-07-17 13:20:00,1801.1,1801.46,1801.1,1801.46,0.02,38.51,69800.15,1
2025-07-17,2025-07-17 13:21:00,1801.46,1801.82,1801.46,1801.82,0.02,38.51,69800.15,1
2025-07-17,2025-07-17 13:22:00,1801.82,1802.19,1801.82,1802.19,0.02,38.51,69800.15,1
2025-07-17,2025-07-17 13:23:00,1802.19,1802.55,1802.19,1802.55,0.02,38.51,69800.15,1
2025-07-17,2025-07-17 13:24:00,1802.55,1802.92,1802.55,1802.92,0.02,38.51,69800.15,1
2025-07-17,2025-07-17 13:25:00,1802.92,1803.28,1802.92,1803.28,0.02,38.51,69800.15,1
2025-07-17,2025-07-17 13:26:00,1803.28,1803.64,1803.28,1803.64,0.02,38.51,69800.15,1
2025-07-17,2025-07-17 13:27:00,1803.64,1804.01,1803.64,1804.01,0.02,38.51,69800.15,1
2025-07-17,2025-07-17 13:28:00,1804.01,1804.37,1804.01,1804.37,0.02,38.51,69800.15,1
2025-07-17,2025-07-17 13:29:00,1804.37,1804.74,1804.37,1804.74,0.02,38.51,69800.15,1
2025-07-17,2025-07-17 13:30:00,1804.74,1805.1,1804.74,1805.1,0.02,38.51,69800.15,1
2025-07-17,2025-07-17 13:31:00,1805.1,1805.47,1805.1,1805.47,0.02,38.51,69800.15,1
2025-07-17,2025-07-17 13:32:00,1805.47,1805.83,1805.47,1805.83,0.02,38.51,69800.15,1
2025-07-17,2025-07-17 13:33:00,1805.83,1806.19,1805.83,1806.19,0.02,38.51,69800.15,1
2025-07-17,2025-07-17 13:34:00,1806.19,1806.56,1806.19,1806.56,0.02,38.51,69800.15,1
2025-07-17,2025-07-17 13:35:00,1806.56,1806.92,1806.56,1806.92,0.02,38.51,69800.15,1
2025-07-17,2025-07-17 13:36:00,1806.92,1807.29,1806.92,1807.29,0.02,38.51,69800.15,1
2025-07-17,2025-07-17 13:37:00,1807.29,1807.65,1807.29,1807.65,0.02,38.51,69800.15,1
2025-07-17,2025-07-17 13:38:00,1807.65,1808.02,1807.65,1808.02,0.02,38.51,69800.15,1
2025-07-17,2025-07-17 13:39:00,1808.02,1808.38,1808.02,1808.38,0.02,38.51,69800.15,1
2025-07-17,2025-07-17 13:40:00,1808.38,1808.74,1808.38,1808.74,0.02,38.51,69800.15,1
2025-07-17,2025-07-17 13:41:00,1808.74,1809.11,1808.74,1809.11,0.02,38.51,69800.15,1
2025-07-17,2025-07-17 13:42:00,1809.11,1809.47,1809.11,1809.47,0.02,38.51,69800.15,1
2025-07-17,2025-07-17 13:43:00,1809.47,1809.84,1809.47,1809.84,0.02,38.51,69800.15,1
2025-07-17,2025-07-17 13:44:00,1809.84,1810.2,1809.84,1810.2,0.02,38.51,69800.15,1
2025-07-17,2025-07-17 13:45:00,1810.2,1810.57,1810.2,1810.57,0.02,38.51,69800.15,1
2025-07-17,2025-07-17 13:46:00,1810.57,1810.93,1810.57,1810.93,0.02,38.51,69800.15,1
2025-07-17,2025-07-17 13:47:00,1810.93,1811.29,1810.93,1811.29,0.02,38.51,69800.15,1
2025-07-17,2025-07-17 13:48:00,1811.29,1811.66,1811.29,1811.66,0.02,38.51,69800.15,1
2025-07-17,2025-07-17 13:49:00,1811.66,1812.02,1811.66,1812.02,0.02,38.51,69800.15,1
2025-07-17,2025-07-17 13:50:00,1812.02,1812.39,1812.02,1812.39,0.02,38.51,69800.15,1
2025-07-17,2025-07-17 13:51:00,1812.39,1812.75,1812.39,1812.75,0.02,38.51,69800.15,1
2025-07-17,2025-07-17 13:52:00,1812.75,1813.12,1812.75,1813.12,0.02,38.51,69800.15,1
2025-07-17,2025-07-17 13:53:00,1813.12,1813.48,1813.12,1813.48,0.02,38.51,69800.15,1
2025-07-17,2025-07-17 13:54:00,1813.48,1813.84,1813.48,1813.84,0.02,38.51,69800.15,1
2025-07-17,2025-07-17 13:55:00,1813.84,1814.21,1813.84,1814.21,0.02,38.51,69800.15,1
2025-07-17,2025-07-17 13:56:00,1814.21,1814.57,1814.21,1814.57,0.02,38.51,69800.15,1
2025-07-17,2025-07-17 13:57:00,1814.57,1814.94,1814.57,1814.94,0.02,38.51,69800.15,1
2025-07-17,2025-07-17 13:58:00,1814.94,1815.3,1814.94,1815.3,0.02,38.51,69800.15,1
2025-07-17,2025-07-17 13:59:00,1815.3,1815.66,1815.3,1815.66,0.02,38.51,69800.15,1
2025-07-17,2025-07-17 14:00:00,1815.66,1816.03,1815.66,1816.03,0.02,38.51,69800.15,1
2025-07-17,2025-07-17 14:01:00,1816.03,1816.39,1816.03,1816.39,0.02,38.51,69800.15,1
2025-07-17,2025-07-17 14:02:00,1816.39,1816.76,1816.39,1816.76,0.02,38.51,69800.15,1
2025-07-17,2025-07-17 14:03:00,1816.76,1817.12,1816.76,1817.12,0.02,38.51,69800.15,1
2025-07-17,2025-07-17 14:04:00,1817.12,1817.49,1817.12,1817.49,0.02,38.51,69800.15,1
2025-07-17,2025-07-17 14:05:00,1817.49,1817.85,1817.49,1817.85,0.02,38.51,69800.15,1
2025-07-17,2025-07-17 14:06:00,1817.85,1818.21,1817.85,1818.21,0.02,38.51,69800.15,1
2025-07-17,2025-07-17 14:07:00,1818.21,1818.58,1818.21,1818.58,0.02,38.51,69800.15,1
2025-07-17,2025-07-17 14:08:00,1818.58,1818.94,1818.58,1818.94,0.02,38.51,69800.15,1
2025-07-17,2025-07-17 14:09:00,1818.94,1819.31,1818.94,1819.31,0.02,38.51,69800.15,1
2025-07-17,2025-07-17 14:10:00,1819.31,1819.67,1819.31,1819.67,0.02,38.51,69800.15,1
2025-07-17,2025-07-17 14:11:00,1819.67,1820.04,1819.67,1820.04,0.02,38.51,69800.15,1
2025-07-17,2025-07-17 14:12:00,1820.04,1820.4,1820.04,1820.4,0.02,38.51,69800.15,1
2025-07-17,2025-07-17 14:13:00,1820.4,1820.76,1820.4,1820.76,0.02,38.51,69800.15,1
2025-07-17,2025-07-17 14:14:00,1820.76,1821.13,1820.76,1821.13,0.02,38.51,69800.15,1
2025-07-17,2025-07-17 14:15:00,1821.13,1821.49,1821.13,1821.49,0.02,38.51,69800.15,1
2025-07-17,2025-07-17 14:16:00,1821.49,1821.86,1821.49,1821.86,0.02,38.51,69800.15,1
2025-07-17,2025-07-17 14:17:00,1821.86,1822.22,1821.86,1822.22,0.02,38.51,69800.15,1
2025-07-17,2025-07-17 14:18:00,1822.22,1822.59,1822.22,1822.59,0.02,38.51,69800.15,1
2025-07-17,2025-07-17 14:19:00,1822.59,1822.95,1822.59,1822.95,0.02,38.51,69800.15,1
2025-07-17,2025-07-17 14:20:00,1822.95,1823.31,1822.95,1823.31,0.02,38.51,69800.15,1
2025-07-17,2025-07-17 14:21:00,1823.31,1823.68,1823.31,1823.68,0.02,38.51,69800.15,1
2025-07-17,2025-07-17 14:22:00,1823.68,1824.04,1823.68,1824.04,0.02,38.51,69800.15,1
2025-07-17,2025-07-17 14:23:00,1824.04,1824.41,1824.04,1824.41,0.02,38.51,69800.15,1
2025-07-17,2025-07-17 14:24:00,1824.41,1824.77,1824.41,1824.77,0.02,38.51,69800.15,1
2025-07-17,2025-07-17 14:25:00,1824.77,1825.14,1824.77,1825.14,0.02,38.51,69800.15,1
2025-07-17,2025-07-17 14:26:00,1825.14,1825.5,1825.14,1825.5,0.02,38.51,69800.15,1
2025-07-17,2025-07-17 14:27:00,1825.5,1825.86,1825.5,1825.86,0.02,38.51,69800.15,1
2025-07-17,2025-07-17 14:28:00,1825.86,1826.23,1825.86,1826.23,0.02,38.51,69800.15,1
2025-07-17,2025-07-17 14:29:00,1826.23,1826.59,1826.23,1826.59,0.02,38.51,69800.15,1
2025-07-17,2025-07-17 14:30:00,1826.59,1826.96,1826.59,1826.96,0.02,38.51,69800.15,1
2025-07-17,2025-07-17 14:31:00,1826.96,1827.32,1826.96,1827.32,0.02,38.51,69800.15,1
2025-07-17,2025-07-17 14:32:00,1827.32,1827.69,1827.32,1827.69,0.02,38.51,69800.15,1
2025-07-17,2025-07-17 14:33:00,1827.69,1828.05,1827.69,1828.05,0.02,38.51,69800.15,1
2025-07-17,2025-07-17 14:34:00,1828.05,1828.41,1828.05,1828.41,0.02,38.51,69800.15,1
2025-07-17,2025-07-17 14:35:00,1828.41,1828.78,1828.41,1828.78,0.02,38.51,69800.15,1
2025-07-17,2025-07-17 14:36:00,1828.78,1829.14,1828.78,1829.14,0.02,38.51,69800.15,1
2025-07-17,2025-07-17 14:37:00,1829.14,1829.51,1829.14,1829.51,0.02,38.51,69800.15,1
2025-07-17,2025-07-17 14:38:00,1829.51,1829.87,1829.51,1829.87,0.02,38.51,69800.15,1
2025-07-17,2025-07-17 14:39:00,1829.87,1830.23,1829.87,1830.23,0.02,38.51,69800.15,1
2025-07-17,2025-07-17 14:40:00,1830.23,1830.6,1830.23,1830.6,0.02,38.51,69800.15,1
2025-07-17,2025-07-17 14:41:00,1830.6,1830.96,1830.6,1830.96,0.02,38.51,69800.15,1
2025-07-17,2025-07-17 14:42:00,1830.96,1831.33,1830.96,1831.33,0.02,38.51,69800.15,1
2025-07-17,2025-07-17 14:43:00,1831.33,1831.69,1831.33,1831.69,0.02,38.51,69800.15,1
2025-07-17,2025-07-17 14:44:00,1831.69,1832.06,1831.69,1832.06,0.02,38.51,69800.15,1
2025-07-17,2025-07-17 14:45:00,1832.06,1832.42,1832.06,1832.42,0.02,38.51,69800.15,1
2025-07-17,2025-07-17 14:46:00,1832.42,1832.78,1832.42,1832.78,0.02,38.51,69800.15,1
2025-07-17,2025-07-17 14:47:00,1832.78,1833.15,1832.78,1833.15,0.02,38.51,69800.15,1
2025-07-17,2025-07-17 14:48:00,1833.15,1833.51,1833.15,1833.51,0.02,38.51,69800.15,1
2025-07-17,2025-07-17 14:49:00,1833.51,1833.88,1833.51,1833.88,0.02,38.51,69800.15,1
2025-07-17,2025-07-17 14:50:00,1833.88,1834.24,1833.88,1834.24,0.02,38.51,69800.15,1
2025-07-17,2025-07-17 14:51:00,1834.24,1834.61,1834.24,1834.61,0.02,38.51,69800.15,1
2025-07-17,2025-07-17 14:52:00,1834.61,1834.97,1834.61,1834.97,0.02,38.51,69800.15,1
2025-07-17,2025-07-17 14:53:00,1834.97,1835.33,1834.97,1835.33,0.02,38.51,69800.15,1
2025-07-17,2025-07-17 14:54:00,1835.33,1835.7,1835.33,1835.7,0.02,38.51,69800.15,1
2025-07-17,2025-07-17 14:55:00,1835.7,1836.06,1835.7,1836.06,0.02,38.51,69800.15,1
2025-07-17,2025-07-17 14:56:00,1836.06,1836.43,1836.06,1836.43,0.02,38.51,69800.15,1
2025-07-17,2025-07-17 14:57:00,1836.43,1836.79,1836.43,1836.79,0.02,38.51,69800.15,1
2025-07-17,2025-07-17 14:58:00,1836.79,1837.16,1836.79,1837.16,0.02,38.51,69800.15,1
2025-07-17,2025-07-17 14:59:00,1837.16,1837.52,1837.16,1837.52,0.02,38.51,69800.15,1
2025-07-17,2025-07-17 15:00:00,1837.52,1860.0,1750.1,1837.52,0.0,38.51,69800.15,0
2025-07-20,2025-07-20 11:00:00,1800.8,1844.96,1797.11,1800.83,0.0,28.58,52977.26,1
2025-07-20,2025-07-20 11:01:00,1800.83,1800.87,1800.83,1800.87,0.0,28.58,52977.26,1
2025-07-20,2025-07-20 11:02:00,1800.87,1800.9,1800.87,1800.9,0.0,28.58,52977.26,1
2025-07-20,2025-07-20 11:03:00,1800.9,1800.93,1800.9,1800.93,0.0,28.58,52977.26,1
2025-07-20,2025-07-20 11:04:00,1800.93,1800.97,1800.93,1800.97,0.0,28.58,52977.26,1
2025-07-20,2025-07-20 11:05:00,1800.97,1801.0,1800.97,1801.0,0.0,28.58,52977.26,1
2025-07-20,2025-07-20 11:06:00,1801.0,1801.04,1801.0,1801.04,0.0,28.58,52977.26,1
2025-07-20,2025-07-20 11:07:00,1801.04,1801.07,1801.04,1801.07,0.0,28.58,52977.26,1
2025-07-20,2025-07-20 11:08:00,1801.07,1801.1,1801.07,1801.1,0.0,28.58,52977.26,1
2025-07-20,2025-07-20 11:09:00,1801.1,1801.14,1801.1,1801.14,0.0,28.58,52977.26,1
2025-07-20,2025-07-20 11:10:00,1801.14,1801.17,1801.14,1801.17,0.0,28.58,52977.26,1
2025-07-20,2025-07-20 11:11:00,1801.17,1801.2,1801.17,1801.2,0.0,28.58,52977.26,1
2025-07-20,2025-07-20 11:12:00,1801.2,1801.24,1801.2,1801.24,0.0,28.58,52977.26,1
2025-07-20,2025-07-20 11:13:00,1801.24,1801.27,1801.24,1801.27,0.0,28.58,52977.26,1
2025-07-20,2025-07-20 11:14:00,1801.27,1801.31,1801.27,1801.31,0.0,28.58,52977.26,1
2025-07-20,2025-07-20 11:15:00,1801.31,1801.34,1801.31,1801.34,0.0,28.58,52977.26,1
2025-07-20,2025-07-20 11:16:00,1801.34,1801.37,1801.34,1801.37,0.0,28.58,52977.26,1
2025-07-20,2025-07-20 11:17:00,1801.37,1801.41,1801.37,1801.41,0.0,28.58,52977.26,1
2025-07-20,2025-07-20 11:18:00,1801.41,1801.44,1801.41,1801.44,0.0,28.58,52977.26,1
2025-07-20,2025-07-20 11:19:00,1801.44,1801.47,1801.44,1801.47,0.0,28.58,52977.26,1
2025-07-20,2025-07-20 11:20:00,1801.47,1801.51,1801.47,1801.51,0.0,28.58,52977.26,1
2025-07-20,2025-07-20 11:21:00,1801.51,1801.54,1801.51,1801.54,0.0,28.58,52977.26,1
2025-07-20,2025-07-20 11:22:00,1801.54,1801.58,1801.54,1801.58,0.0,28.58,52977.26,1
2025-07-20,2025-07-20 11:23:00,1801.58,1801.61,1801.58,1801.61,0.0,28.58,52977.26,1
2025-07-20,2025-07-20 11:24:00,1801.61,1801.64,1801.61,1801.64,0.0,28.58,52977.26,1
2025-07-20,2025-07-20 11:25:00,1801.64,1801.68,1801.64,1801.68,0.0,28.58,52977.26,1
2025-07-20,2025-07-20 11:26:00,1801.68,1801.71,1801.68,1801.71,0.0,28.58,52977.26,1
2025-07-20,2025-07-20 11:27:00,1801.71,1801.74,1801.71,1801.74,0.0,28.58,52977.26,1
2025-07-20,2025-07-20 11:28:00,1801.74,1801.78,1801.74,1801.78,0.0,28.58,52977.26,1
2025-07-20,2025-07-20 11:29:00,1801.78,1801.81,1801.78,1801.81,0.0,28.58,52977.26,1
2025-07-20,2025-07-20 11:30:00,1801.81,1801.85,1801.81,1801.85,0.0,28.58,52977.26,1
2025-07-20,2025-07-20 11:31:00,1801.85,1801.88,1801.85,1801.88,0.0,28.58,52977.26,1
2025-07-20,2025-07-20 11:32:00,1801.88,1801.91,1801.88,1801.91,0.0,28.58,52977.26,1
2025-07-20,2025-07-20 11:33:00,1801.91,1801.95,1801.91,1801.95,0.0,28.58,52977.26,1
2025-07-20,2025-07-20 11:34:00,1801.95,1801.98,1801.95,1801.98,0.0,28.58,52977.26,1
2025-07-20,2025-07-20 11:35:00,1801.98,1802.01,1801.98,1802.01,0.0,28.58,52977.26,1
2025-07-20,2025-07-20 11:36:00,1802.01,1802.05,1802.01,1802.05,0.0,28.58,52977.26,1
2025-07-20,2025-07-20 11:37:00,1802.05,1802.08,1802.05,1802.08,0.0,28.58,52977.26,1
2025-07-20,2025-07-20 11:38:00,1802.08,1802.12,1802.08,1802.12,0.0,28.58,52977.26,1
2025-07-20,2025-07-20 11:39:00,1802.12,1802.15,1802.12,1802.15,0.0,28.58,52977.26,1
2025-07-20,2025-07-20 11:40:00,1802.15,1802.18,1802.15,1802.18,0.0,28.58,52977.26,1
2025-07-20,2025-07-20 11:41:00,1802.18,1802.22,1802.18,1802.22,0.0,28.58,52977.26,1
2025-07-20,2025-07-20 11:42:00,1802.22,1802.25,1802.22,1802.25,0.0,28.58,52977.26,1
2025-07-20,2025-07-20 11:43:00,1802.25,1802.29,1802.25,1802.29,0.0,28.58,52977.26,1
2025-07-20,2025-07-20 11:44:00,1802.29,1802.32,1802.29,1802.32,0.0,28.58,52977.26,1
2025-07-20,2025-07-20 11:45:00,1802.32,1802.35,1802.32,1802.35,0.0,28.58,52977.26,1
2025-07-20,2025-07-20 11:46:00,1802.35,1802.39,1802.35,1802.39,0.0,28.58,52977.26,1
2025-07-20,2025-07-20 11:47:00,1802.39,1802.42,1802.39,1802.42,0.0,28.58,52977.26,1
2025-07-20,2025-07-20 11:48:00,1802.42,1802.45,1802.42,1802.45,0.0,28.58,52977.26,1
2025-07-20,2025-07-20 11:49:00,1802.45,1802.49,1802.45,1802.49,0.0,28.58,52977.26,1
2025-07-20,2025-07-20 11:50:00,1802.49,1802.52,1802.49,1802.52,0.0,28.58,52977.26,1
2025-07-20,2025-07-20 11:51:00,1802.52,1802.56,1802.52,1802.56,0.0,28.58,52977.26,1
2025-07-20,2025-07-20 11:52:00,1802.56,1802.59,1802.56,1802.59,0.0,28.58,52977.26,1
2025-07-20,2025-07-20 11:53:00,1802.59,1802.62,1802.59,1802.62,0.0,28.58,52977.26,1
2025-07-20,2025-07-20 11:54:00,1802.62,1802.66,1802.62,1802.66,0.0,28.58,52977.26,1
2025-07-20,2025-07-20 11:55:00,1802.66,1802.69,1802.66,1802.69,0.0,28.58,52977.26,1
2025-07-20,2025-07-20 11:56:00,1802.69,1802.72,1802.69,1802.72,0.0,28.58,52977.26,1
2025-07-20,2025-07-20 11:57:00,1802.72,1802.76,1802.72,1802.76,0.0,28.58,52977.26,1
2025-07-20,2025-07-20 11:58:00,1802.76,1802.79,1802.76,1802.79,0.0,28.58,52977.26,1
2025-07-20,2025-07-20 11:59:00,1802.79,1802.83,1802.79,1802.83,0.0,28.58,52977.26,1
2025-07-20,2025-07-20 12:00:00,1802.83,1802.86,1802.83,1802.86,0.0,28.58,52977.26,1
2025-07-20,2025-07-20 12:01:00,1802.86,1802.89,1802.86,1802.89,0.0,28.58,52977.26,1
2025-07-20,2025-07-20 12:02:00,1802.89,1802.93,1802.89,1802.93,0.0,28.58,52977.26,1
2025-07-20,2025-07-20 12:03:00,1802.93,1802.96,1802.93,1802.96,0.0,28.58,52977.26,1
2025-07-20,2025-07-20 12:04:00,1802.96,1802.99,1802.96,1802.99,0.0,28.58,52977.26,1
2025-07-20,2025-07-20 12:05:00,1802.99,1803.03,1802.99,1803.03,0.0,28.58,52977.26,1
2025-07-20,2025-07-20 12:06:00,1803.03,1803.06,1803.03,1803.06,0.0,28.58,52977.26,1
2025-07-20,2025-07-20 12:07:00,1803.06,1803.1,1803.06,1803.1,0.0,28.58,52977.26,1
2025-07-20,2025-07-20 12:08:00,1803.1,1803.13,1803.1,1803.13,0.0,28.58,52977.26,1
2025-07-20,2025-07-20 12:09:00,1803.13,1803.16,1803.13,1803.16,0.0,28.58,52977.26,1
2025-07-20,2025-07-20 12:10:00,1803.16,1803.2,1803.16,1803.2,0.0,28.58,52977.26,1
2025-07-20,2025-07-20 12:11:00,1803.2,1803.23,1803.2,1803.23,0.0,28.58,52977.26,1
2025-07-20,2025-07-20 12:12:00,1803.23,1803.26,1803.23,1803.26,0.0,28.58,52977.26,1
2025-07-20,2025-07-20 12:13:00,1803.26,1803.3,1803.26,1803.3,0.0,28.58,52977.26,1
2025-07-20,2025-07-20 12:14:00,1803.3,1803.33,1803.3,1803.33,0.0,28.58,52977.26,1
2025-07-20,2025-07-20 12:15:00,1803.33,1803.37,1803.33,1803.37,0.0,28.58,52977.26,1
2025-07-20,2025-07-20 12:16:00,1803.37,1803.4,1803.37,1803.4,0.0,28.58,52977.26,1
2025-07-20,2025-07-20 12:17:00,1803.4,1803.43,1803.4,1803.43,0.0,28.58,52977.26,1
2025-07-20,2025-07-20 12:18:00,1803.43,1803.47,1803.43,1803.47,0.0,28.58,52977.26,1
2025-07-20,2025-07-20 12:19:00,1803.47,1803.5,1803.47,1803.5,0.0,28.58,52977.26,1
2025-07-20,2025-07-20 12:20:00,1803.5,1803.53,1803.5,1803.53,0.0,28.58,52977.26,1
2025-07-20,2025-07-20 12:21:00,1803.53,1803.57,1803.53,1803.57,0.0,28.58,52977.26,1
2025-07-20,2025-07-20 12:22:00,1803.57,1803.6,1803.57,1803.6,0.0,28.58,52977.26,1
2025-07-20,2025-07-20 12:23:00,1803.6,1803.63,1803.6,1803.63,0.0,28.58,52977.26,1
2025-07-20,2025-07-20 12:24:00,1803.63,1803.67,1803.63,1803.67,0.0,28.58,52977.26,1
2025-07-20,2025-07-20 12:25:00,1803.67,1803.7,1803.67,1803.7,0.0,28.58,52977.26,1
2025-07-20,2025-07-20 12:26:00,1803.7,1803.74,1803.7,1803.74,0.0,28.58,52977.26,1
2025-07-20,2025-07-20 12:27:00,1803.74,1803.77,1803.74,1803.77,0.0,28.58,52977.26,1
2025-07-20,2025-07-20 12:28:00,1803.77,1803.8,1803.77,1803.8,0.0,28.58,52977.26,1
2025-07-20,2025-07-20 12:29:00,1803.8,1803.84,1803.8,1803.84,0.0,28.58,52977.26,1
2025-07-20,2025-07-20 12:30:00,1803.84,1803.87,1803.84,1803.87,0.0,28.58,52977.26,1
2025-07-20,2025-07-20 12:31:00,1803.87,1803.9,1803.87,1803.9,0.0,28.58,52977.26,1
2025-07-20,2025-07-20 12:32:00,1803.9,1803.94,1803.9,1803.94,0.0,28.58,52977.26,1
2025-07-20,2025-07-20 12:33:00,1803.94,1803.97,1803.94,1803.97,0.0,28.58,52977.26,1
2025-07-20,2025-07-20 12:34:00,1803.97,1804.01,1803.97,1804.01,0.0,28.58,52977.26,1
2025-07-20,2025-07-20 12:35:00,1804.01,1804.04,1804.01,1804.04,0.0,28.58,52977.26,1
2025-07-20,2025-07-20 12:36:00,1804.04,1804.07,1804.04,1804.07,0.0,28.58,52977.26,1
2025-07-20,2025-07-20 12:37:00,1804.07,1804.11,1804.07,1804.11,0.0,28.58,52977.26,1
2025-07-20,2025-07-20 12:38:00,1804.11,1804.14,1804.11,1804.14,0.0,28.58,52977.26,1
2025-07-20,2025-07-20 12:39:00,1804.14,1804.17,1804.14,1804.17,0.0,28.58,52977.26,1
2025-07-20,2025-07-20 12:40:00,1804.17,1804.21,1804.17,1804.21,0.0,28.58,52977.26,1
2025-07-20,2025-07-20 12:41:00,1804.21,1804.24,1804.21,1804.24,0.0,28.58,52977.26,1
2025-07-20,2025-07-20 12:42:00,1804.24,1804.28,1804.24,1804.28,0.0,28.58,52977.26,1
2025-07-20,2025-07-20 12:43:00,1804.28,1804.31,1804.28,1804.31,0.0,28.58,52977.26,1
2025-07-20,2025-07-20 12:44:00,1804.31,1804.34,1804.31,1804.34,0.0,28.58,52977.26,1
2025-07-20,2025-07-20 12:45:00,1804.34,1804.38,1804.34,1804.38,0.0,28.58,52977.26,1
2025-07-20,2025-07-20 12:46:00,1804.38,1804.41,1804.38,1804.41,0.0,28.58,52977.26,1
2025-07-20,2025-07-20 12:47:00,1804.41,1804.44,1804.41,1804.44,0.0,28.58,52977.26,1
2025-07-20,2025-07-20 12:48:00,1804.44,1804.48,1804.44,1804.48,0.0,28.58,52977.26,1
2025-07-20,2025-07-20 12:49:00,1804.48,1804.51,1804.48,1804.51,0.0,28.58,52977.26,1
2025-07-20,2025-07-20 12:50:00,1804.51,1804.55,1804.51,1804.55,0.0,28.58,52977.26,1
2025-07-20,2025-07-20 12:51:00,1804.55,1804.58,1804.55,1804.58,0.0,28.58,52977.26,1
2025-07-20,2025-07-20 12:52:00,1804.58,1804.61,1804.58,1804.61,0.0,28.58,52977.26,1
2025-07-20,2025-07-20 12:53:00,1804.61,1804.65,1804.61,1804.65,0.0,28.58,52977.26,1
2025-07-20,2025-07-20 12:54:00,1804.65,1804.68,1804.65,1804.68,0.0,28.58,52977.26,1
2025-07-20,2025-07-20 12:55:00,1804.68,1804.71,1804.68,1804.71,0.0,28.58,52977.26,1
2025-07-20,2025-07-20 12:56:00,1804.71,1804.75,1804.71,1804.75,0.0,28.58,52977.26,1
2025-07-20,2025-07-20 12:57:00,1804.75,1804.78,1804.75,1804.78,0.0,28.58,52977.26,1
2025-07-20,2025-07-20 12:58:00,1804.78,1804.82,1804.78,1804.82,0.0,28.58,52977.26,1
2025-07-20,2025-07-20 12:59:00,1804.82,1804.85,1804.82,1804.85,0.0,28.58,52977.26,1
2025-07-20,2025-07-20 13:00:00,1804.85,1948.0,1788.5,1804.88,0.0,28.58,52977.26,1
2025-07-20,2025-07-20 13:01:00,1804.88,1804.92,1804.88,1804.92,0.0,28.58,52977.26,1
2025-07-20,2025-07-20 13:02:00,1804.92,1804.95,1804.92,1804.95,0.0,28.58,52977.26,1
2025-07-20,2025-07-20 13:03:00,1804.95,1804.99,1804.95,1804.99,0.0,28.58,52977.26,1
2025-07-20,2025-07-20 13:04:00,1804.99,1805.02,1804.99,1805.02,0.0,28.58,52977.26,1
2025-07-20,2025-07-20 13:05:00,1805.02,1805.05,1805.02,1805.05,0.0,28.58,52977.26,1
2025-07-20,2025-07-20 13:06:00,1805.05,1805.09,1805.05,1805.09,0.0,28.58,52977.26,1
2025-07-20,2025-07-20 13:07:00,1805.09,1805.12,1805.09,1805.12,0.0,28.58,52977.26,1
2025-07-20,2025-07-20 13:08:00,1805.12,1805.15,1805.12,1805.15,0.0,28.58,52977.26,1
2025-07-20,2025-07-20 13:09:00,1805.15,1805.19,1805.15,1805.19,0.0,28.58,52977.26,1
2025-07-20,2025-07-20 13:10:00,1805.19,1805.22,1805.19,1805.22,0.0,28.58,52977.26,1
2025-07-20,2025-07-20 13:11:00,1805.22,1805.26,1805.22,1805.26,0.0,28.58,52977.26,1
2025-07-20,2025-07-20 13:12:00,1805.26,1805.29,1805.26,1805.29,0.0,28.58,52977.26,1
2025-07-20,2025-07-20 13:13:00,1805.29,1805.32,1805.29,1805.32,0.0,28.58,52977.26,1
2025-07-20,2025-07-20 13:14:00,1805.32,1805.36,1805.32,1805.36,0.0,28.58,52977.26,1
2025-07-20,2025-07-20 13:15:00,1805.36,1805.39,1805.36,1805.39,0.0,28.58,52977.26,1
2025-07-20,2025-07-20 13:16:00,1805.39,1805.42,1805.39,1805.42,0.0,28.58,52977.26,1
2025-07-20,2025-07-20 13:17:00,1805.42,1805.46,1805.42,1805.46,0.0,28.58,52977.26,1
2025-07-20,2025-07-20 13:18:00,1805.46,1805.49,1805.46,1805.49,0.0,28.58,52977.26,1
2025-07-20,2025-07-20 13:19:00,1805.49,1805.53,1805.49,1805.53,0.0,28.58,52977.26,1
2025-07-20,2025-07-20 13:20:00,1805.53,1805.56,1805.53,1805.56,0.0,28.58,52977.26,1
2025-07-20,2025-07-20 13:21:00,1805.56,1805.59,1805.56,1805.59,0.0,28.58,52977.26,1
2025-07-20,2025-07-20 13:22:00,1805.59,1805.63,1805.59,1805.63,0.0,28.58,52977.26,1
2025-07-20,2025-07-20 13:23:00,1805.63,1805.66,1805.63,1805.66,0.0,28.58,52977.26,1
2025-07-20,2025-07-20 13:24:00,1805.66,1805.69,1805.66,1805.69,0.0,28.58,52977.26,1
2025-07-20,2025-07-20 13:25:00,1805.69,1805.73,1805.69,1805.73,0.0,28.58,52977.26,1
2025-07-20,2025-07-20 13:26:00,1805.73,1805.76,1805.73,1805.76,0.0,28.58,52977.26,1
2025-07-20,2025-07-20 13:27:00,1805.76,1805.8,1805.76,1805.8,0.0,28.58,52977.26,1
2025-07-20,2025-07-20 13:28:00,1805.8,1805.83,1805.8,1805.83,0.0,28.58,52977.26,1
2025-07-20,2025-07-20 13:29:00,1805.83,1805.86,1805.83,1805.86,0.0,28.58,52977.26,1
2025-07-20,2025-07-20 13:30:00,1805.86,1805.9,1805.86,1805.9,0.0,28.58,52977.26,1
2025-07-20,2025-07-20 13:31:00,1805.9,1805.93,1805.9,1805.93,0.0,28.58,52977.26,1
2025-07-20,2025-07-20 13:32:00,1805.93,1805.96,1805.93,1805.96,0.0,28.58,52977.26,1
2025-07-20,2025-07-20 13:33:00,1805.96,1806.0,1805.96,1806.0,0.0,28.58,52977.26,1
2025-07-20,2025-07-20 13:34:00,1806.0,1806.03,1806.0,1806.03,0.0,28.58,52977.26,1
2025-07-20,2025-07-20 13:35:00,1806.03,1806.07,1806.03,1806.07,0.0,28.58,52977.26,1
2025-07-20,2025-07-20 13:36:00,1806.07,1806.1,1806.07,1806.1,0.0,28.58,52977.26,1
2025-07-20,2025-07-20 13:37:00,1806.1,1806.13,1806.1,1806.13,0.0,28.58,52977.26,1
2025-07-20,2025-07-20 13:38:00,1806.13,1806.17,1806.13,1806.17,0.0,28.58,52977.26,1
2025-07-20,2025-07-20 13:39:00,1806.17,1806.2,1806.17,1806.2,0.0,28.58,52977.26,1
2025-07-20,2025-07-20 13:40:00,1806.2,1806.23,1806.2,1806.23,0.0,28.58,52977.26,1
2025-07-20,2025-07-20 13:41:00,1806.23,1806.27,1806.23,1806.27,0.0,28.58,52977.26,1
2025-07-20,2025-07-20 13:42:00,1806.27,1806.3,1806.27,1806.3,0.0,28.58,52977.26,1
2025-07-20,2025-07-20 13:43:00,1806.3,1806.34,1806.3,1806.34,0.0,28.58,52977.26,1
2025-07-20,2025-07-20 13:44:00,1806.34,1806.37,1806.34,1806.37,0.0,28.58,52977.26,1
2025-07-20,2025-07-20 13:45:00,1806.37,1806.4,1806.37,1806.4,0.0,28.58,52977.26,1
2025-07-20,2025-07-20 13:46:00,1806.4,1806.44,1806.4,1806.44,0.0,28.58,52977.26,1
2025-07-20,2025-07-20 13:47:00,1806.44,1806.47,1806.44,1806.47,0.0,28.58,52977.26,1
2025-07-20,2025-07-20 13:48:00,1806.47,1806.5,1806.47,1806.5,0.0,28.58,52977.26,1
2025-07-20,2025-07-20 13:49:00,1806.5,1806.54,1806.5,1806.54,0.0,28.58,52977.26,1
2025-07-20,2025-07-20 13:50:00,1806.54,1806.57,1806.54,1806.57,0.0,28.58,52977.26,1
2025-07-20,2025-07-20 13:51:00,1806.57,1806.61,1806.57,1806.61,0.0,28.58,52977.26,1
2025-07-20,2025-07-20 13:52:00,1806.61,1806.64,1806.61,1806.64,0.0,28.58,52977.26,1
2025-07-20,2025-07-20 13:53:00,1806.64,1806.67,1806.64,1806.67,0.0,28.58,52977.26,1
2025-07-20,2025-07-20 13:54:00,1806.67,1806.71,1806.67,1806.71,0.0,28.58,52977.26,1
2025-07-20,2025-07-20 13:55:00,1806.71,1806.74,1806.71,1806.74,0.0,28.58,52977.26,1
2025-07-20,2025-07-20 13:56:00,1806.74,1806.77,1806.74,1806.77,0.0,28.58,52977.26,1
2025-07-20,2025-07-20 13:57:00,1806.77,1806.81,1806.77,1806.81,0.0,28.58,52977.26,1
2025-07-20,2025-07-20 13:58:00,1806.81,1806.84,1806.81,1806.84,0.0,28.58,52977.26,1
2025-07-20,2025-07-20 13:59:00,1806.84,1806.88,1806.84,1806.88,0.0,28.58,52977.26,1
2025-07-20,2025-07-20 14:00:00,1806.88,1806.91,1806.88,1806.91,0.0,28.58,52977.26,1
2025-07-20,2025-07-20 14:01:00,1806.91,1806.94,1806.91,1806.94,0.0,28.58,52977.26,1
2025-07-20,2025-07-20 14:02:00,1806.94,1806.98,1806.94,1806.98,0.0,28.58,52977.26,1
2025-07-20,2025-07-20 14:03:00,1806.98,1807.01,1806.98,1807.01,0.0,28.58,52977.26,1
2025-07-20,2025-07-20 14:04:00,1807.01,1807.04,1807.01,1807.04,0.0,28.58,52977.26,1
2025-07-20,2025-07-20 14:05:00,1807.04,1807.08,1807.04,1807.08,0.0,28.58,52977.26,1
2025-07-20,2025-07-20 14:06:00,1807.08,1807.11,1807.08,1807.11,0.0,28.58,52977.26,1
2025-07-20,2025-07-20 14:07:00,1807.11,1807.14,1807.11,1807.14,0.0,28.58,52977.26,1
2025-07-20,2025-07-20 14:08:00,1807.14,1807.18,1807.14,1807.18,0.0,28.58,52977.26,1
2025-07-20,2025-07-20 14:09:00,1807.18,1807.21,1807.18,1807.21,0.0,28.58,52977.26,1
2025-07-20,2025-07-20 14:10:00,1807.21,1807.25,1807.21,1807.25,0.0,28.58,52977.26,1
2025-07-20,2025-07-20 14:11:00,1807.25,1807.28,1807.25,1807.28,0.0,28.58,52977.26,1
2025-07-20,2025-07-20 14:12:00,1807.28,1807.31,1807.28,1807.31,0.0,28.58,52977.26,1
2025-07-20,2025-07-20 14:13:00,1807.31,1807.35,1807.31,1807.35,0.0,28.58,52977.26,1
2025-07-20,2025-07-20 14:14:00,1807.35,1807.38,1807.35,1807.38,0.0,28.58,52977.26,1
2025-07-20,2025-07-20 14:15:00,1807.38,1807.41,1807.38,1807.41,0.0,28.58,52977.26,1
2025-07-20,2025-07-20 14:16:00,1807.41,1807.45,1807.41,1807.45,0.0,28.58,52977.26,1
2025-07-20,2025-07-20 14:17:00,1807.45,1807.48,1807.45,1807.48,0.0,28.58,52977.26,1
2025-07-20,2025-07-20 14:18:00,1807.48,1807.52,1807.48,1807.52,0.0,28.58,52977.26,1
2025-07-20,2025-07-20 14:19:00,1807.52,1807.55,1807.52,1807.55,0.0,28.58,52977.26,1
2025-07-20,2025-07-20 14:20:00,1807.55,1807.58,1807.55,1807.58,0.0,28.58,52977.26,1
2025-07-20,2025-07-20 14:21:00,1807.58,1807.62,1807.58,1807.62,0.0,28.58,52977.26,1
2025-07-20,2025-07-20 14:22:00,1807.62,1807.65,1807.62,1807.65,0.0,28.58,52977.26,1
2025-07-20,2025-07-20 14:23:00,1807.65,1807.69,1807.65,1807.69,0.0,28.58,52977.26,1
2025-07-20,2025-07-20 14:24:00,1807.69,1807.72,1807.69,1807.72,0.0,28.58,52977.26,1
2025-07-20,2025-07-20 14:25:00,1807.72,1807.75,1807.72,1807.75,0.0,28.58,52977.26,1
2025-07-20,2025-07-20 14:26:00,1807.75,1807.79,1807.75,1807.79,0.0,28.58,52977.26,1
2025-07-20,2025-07-20 14:27:00,1807.79,1807.82,1807.79,1807.82,0.0,28.58,52977.26,1
2025-07-20,2025-07-20 14:28:00,1807.82,1807.85,1807.82,1807.85,0.0,28.58,52977.26,1
2025-07-20,2025-07-20 14:29:00,1807.85,1807.89,1807.85,1807.89,0.0,28.58,52977.26,1
2025-07-20,2025-07-20 14:30:00,1807.89,1807.92,1807.89,1807.92,0.0,28.58,52977.26,1
2025-07-20,2025-07-20 14:31:00,1807.92,1807.96,1807.92,1807.96,0.0,28.58,52977.26,1
2025-07-20,2025-07-20 14:32:00,1807.96,1807.99,1807.96,1807.99,0.0,28.58,52977.26,1
2025-07-20,2025-07-20 14:33:00,1807.99,1808.02,1807.99,1808.02,0.0,28.58,52977.26,1
2025-07-20,2025-07-20 14:34:00,1808.02,1808.06,1808.02,1808.06,0.0,28.58,52977.26,1
2025-07-20,2025-07-20 14:35:00,1808.06,1808.09,1808.06,1808.09,0.0,28.58,52977.26,1
2025-07-20,2025-07-20 14:36:00,1808.09,1808.12,1808.09,1808.12,0.0,28.58,52977.26,1
2025-07-20,2025-07-20 14:37:00,1808.12,1808.16,1808.12,1808.16,0.0,28.58,52977.26,1
2025-07-20,2025-07-20 14:38:00,1808.16,1808.19,1808.16,1808.19,0.0,28.58,52977.26,1
2025-07-20,2025-07-20 14:39:00,1808.19,1808.23,1808.19,1808.23,0.0,28.58,52977.26,1
2025-07-20,2025-07-20 14:40:00,1808.23,1808.26,1808.23,1808.26,0.0,28.58,52977.26,1
2025-07-20,2025-07-20 14:41:00,1808.26,1808.29,1808.26,1808.29,0.0,28.58,52977.26,1
2025-07-20,2025-07-20 14:42:00,1808.29,1808.33,1808.29,1808.33,0.0,28.58,52977.26,1
2025-07-20,2025-07-20 14:43:00,1808.33,1808.36,1808.33,1808.36,0.0,28.58,52977.26,1
2025-07-20,2025-07-20 14:44:00,1808.36,1808.39,1808.36,1808.39,0.0,28.58,52977.26,1
2025-07-20,2025-07-20 14:45:00,1808.39,1808.43,1808.39,1808.43,0.0,28.58,52977.26,1
2025-07-20,2025-07-20 14:46:00,1808.43,1808.46,1808.43,1808.46,0.0,28.58,52977.26,1
2025-07-20,2025-07-20 14:47:00,1808.46,1808.5,1808.46,1808.5,0.0,28.58,52977.26,1
2025-07-20,2025-07-20 14:48:00,1808.5,1808.53,1808.5,1808.53,0.0,28.58,52977.26,1
2025-07-20,2025-07-20 14:49:00,1808.53,1808.56,1808.53,1808.56,0.0,28.58,52977.26,1
2025-07-20,2025-07-20 14:50:00,1808.56,1808.6,1808.56,1808.6,0.0,28.58,52977.26,1
2025-07-20,2025-07-20 14:51:00,1808.6,1808.63,1808.6,1808.63,0.0,28.58,52977.26,1
2025-07-20,2025-07-20 14:52:00,1808.63,1808.66,1808.63,1808.66,0.0,28.58,52977.26,1
2025-07-20,2025-07-20 14:53:00,1808.66,1808.7,1808.66,1808.7,0.0,28.58,52977.26,1
2025-07-20,2025-07-20 14:54:00,1808.7,1808.73,1808.7,1808.73,0.0,28.58,52977.26,1
2025-07-20,2025-07-20 14:55:00,1808.73,1808.77,1808.73,1808.77,0.0,28.58,52977.26,1
2025-07-20,2025-07-20 14:56:00,1808.77,1808.8,1808.77,1808.8,0.0,28.58,52977.26,1
2025-07-20,2025-07-20 14:57:00,1808.8,1808.83,1808.8,1808.83,0.0,28.58,52977.26,1
2025-07-20,2025-07-20 14:58:00,1808.83,1808.87,1808.83,1808.87,0.0,28.58,52977.26,1
2025-07-20,2025-07-20 14:59:00,1808.87,1808.9,1808.87,1808.9,0.0,28.58,52977.26,1
2025-07-20,2025-07-20 15:00:00,1808.9,1948.0,1788.5,1808.9,0.0,28.58,52977.26,0
2025-07-21,2025-07-21 11:00:00,1772.8,1815.16,1765.96,1773.08,0.02,24.0,43527.93,1
2025-07-21,2025-07-21 11:01:00,1773.08,1773.36,1773.08,1773.36,0.02,24.0,43527.93,1
2025-07-21,2025-07-21 11:02:00,1773.36,1773.65,1773.36,1773.65,0.02,24.0,43527.93,1
2025-07-21,2025-07-21 11:03:00,1773.65,1773.93,1773.65,1773.93,0.02,24.0,43527.93,1
2025-07-21,2025-07-21 11:04:00,1773.93,1774.21,1773.93,1774.21,0.02,24.0,43527.93,1
2025-07-21,2025-07-21 11:05:00,1774.21,1774.49,1774.21,1774.49,0.02,24.0,43527.93,1
2025-07-21,2025-07-21 11:06:00,1774.49,1774.77,1774.49,1774.77,0.02,24.0,43527.93,1
2025-07-21,2025-07-21 11:07:00,1774.77,1775.06,1774.77,1775.06,0.02,24.0,43527.93,1
2025-07-21,2025-07-21 11:08:00,1775.06,1775.34,1775.06,1775.34,0.02,24.0,43527.93,1
2025-07-21,2025-07-21 11:09:00,1775.34,1775.62,1775.34,1775.62,0.02,24.0,43527.93,1
2025-07-21,2025-07-21 11:10:00,1775.62,1775.9,1775.62,1775.9,0.02,24.0,43527.93,1
2025-07-21,2025-07-21 11:11:00,1775.9,1776.18,1775.9,1776.18,0.02,24.0,43527.93,1
2025-07-21,2025-07-21 11:12:00,1776.18,1776.47,1776.18,1776.47,0.02,24.0,43527.93,1
2025-07-21,2025-07-21 11:13:00,1776.47,1776.75,1776.47,1776.75,0.02,24.0,43527.93,1
2025-07-21,2025-07-21 11:14:00,1776.75,1777.03,1776.75,1777.03,0.02,24.0,43527.93,1
2025-07-21,2025-07-21 11:15:00,1777.03,1777.31,1777.03,1777.31,0.02,24.0,43527.93,1
2025-07-21,2025-07-21 11:16:00,1777.31,1777.59,1777.31,1777.59,0.02,24.0,43527.93,1
2025-07-21,2025-07-21 11:17:00,1777.59,1777.88,1777.59,1777.88,0.02,24.0,43527.93,1
2025-07-21,2025-07-21 11:18:00,1777.88,1778.16,1777.88,1778.16,0.02,24.0,43527.93,1
2025-07-21,2025-07-21 11:19:00,1778.16,1778.44,1778.16,1778.44,0.02,24.0,43527.93,1
2025-07-21,2025-07-21 11:20:00,1778.44,1778.72,1778.44,1778.72,0.02,24.0,43527.93,1
2025-07-21,2025-07-21 11:21:00,1778.72,1779.0,1778.72,1779.0,0.02,24.0,43527.93,1
2025-07-21,2025-07-21 11:22:00,1779.0,1779.29,1779.0,1779.29,0.02,24.0,43527.93,1
2025-07-21,2025-07-21 11:23:00,1779.29,1779.57,1779.29,1779.57,0.02,24.0,43527.93,1
2025-07-21,2025-07-21 11:24:00,1779.57,1779.85,1779.57,1779.85,0.02,24.0,43527.93,1
2025-07-21,2025-07-21 11:25:00,1779.85,1780.13,1779.85,1780.13,0.02,24.0,43527.93,1
2025-07-21,2025-07-21 11:26:00,1780.13,1780.42,1780.13,1780.42,0.02,24.0,43527.93,1
2025-07-21,2025-07-21 11:27:00,1780.42,1780.7,1780.42,1780.7,0.02,24.0,43527.93,1
2025-07-21,2025-07-21 11:28:00,1780.7,1780.98,1780.7,1780.98,0.02,24.0,43527.93,1
2025-07-21,2025-07-21 11:29:00,1780.98,1781.26,1780.98,1781.26,0.02,24.0,43527.93,1
2025-07-21,2025-07-21 11:30:00,1781.26,1781.54,1781.26,1781.54,0.02,24.0,43527.93,1
2025-07-21,2025-07-21 11:31:00,1781.54,1781.83,1781.54,1781.83,0.02,24.0,43527.93,1
2025-07-21,2025-07-21 11:32:00,1781.83,1782.11,1781.83,1782.11,0.02,24.0,43527.93,1
2025-07-21,2025-07-21 11:33:00,1782.11,1782.39,1782.11,1782.39,0.02,24.0,43527.93,1
2025-07-21,2025-07-21 11:34:00,1782.39,1782.67,1782.39,1782.67,0.02,24.0,43527.93,1
2025-07-21,2025-07-21 11:35:00,1782.67,1782.95,1782.67,1782.95,0.02,24.0,43527.93,1
2025-07-21,2025-07-21 11:36:00,1782.95,1783.24,1782.95,1783.24,0.02,24.0,43527.93,1
2025-07-21,2025-07-21 11:37:00,1783.24,1783.52,1783.24,1783.52,0.02,24.0,43527.93,1
2025-07-21,2025-07-21 11:38:00,1783.52,1783.8,1783.52,1783.8,0.02,24.0,43527.93,1
2025-07-21,2025-07-21 11:39:00,1783.8,1784.08,1783.8,1784.08,0.02,24.0,43527.93,1
2025-07-21,2025-07-21 11:40:00,1784.08,1784.36,1784.08,1784.36,0.02,24.0,43527.93,1
2025-07-21,2025-07-21 11:41:00,1784.36,1784.65,1784.36,1784.65,0.02,24.0,43527.93,1
2025-07-21,2025-07-21 11:42:00,1784.65,1784.93,1784.65,1784.93,0.02,24.0,43527.93,1
2025-07-21,2025-07-21 11:43:00,1784.93,1785.21,1784.93,1785.21,0.02,24.0,43527.93,1
2025-07-21,2025-07-21 11:44:00,1785.21,1785.49,1785.21,1785.49,0.02,24.0,43527.93,1
2025-07-21,2025-07-21 11:45:00,1785.49,1785.77,1785.49,1785.77,0.02,24.0,43527.93,1
2025-07-21,2025-07-21 11:46:00,1785.77,1786.06,1785.77,1786.06,0.02,24.0,43527.93,1
2025-07-21,2025-07-21 11:47:00,1786.06,1786.34,1786.06,1786.34,0.02,24.0,43527.93,1
2025-07-21,2025-07-21 11:48:00,1786.34,1786.62,1786.34,1786.62,0.02,24.0,43527.93,1
2025-07-21,2025-07-21 11:49:00,1786.62,1786.9,1786.62,1786.9,0.02,24.0,43527.93,1
2025-07-21,2025-07-21 11:50:00,1786.9,1787.18,1786.9,1787.18,0.02,24.0,43527.93,1
2025-07-21,2025-07-21 11:51:00,1787.18,1787.47,1787.18,1787.47,0.02,24.0,43527.93,1
2025-07-21,2025-07-21 11:52:00,1787.47,1787.75,1787.47,1787.75,0.02,24.0,43527.93,1
2025-07-21,2025-07-21 11:53:00,1787.75,1788.03,1787.75,1788.03,0.02,24.0,43527.93,1
2025-07-21,2025-07-21 11:54:00,1788.03,1788.31,1788.03,1788.31,0.02,24.0,43527.93,1
2025-07-21,2025-07-21 11:55:00,1788.31,1788.59,1788.31,1788.59,0.02,24.0,43527.93,1
2025-07-21,2025-07-21 11:56:00,1788.59,1788.88,1788.59,1788.88,0.02,24.0,43527.93,1
2025-07-21,2025-07-21 11:57:00,1788.88,1789.16,1788.88,1789.16,0.02,24.0,43527.93,1
2025-07-21,2025-07-21 11:58:00,1789.16,1789.44,1789.16,1789.44,0.02,24.0,43527.93,1
2025-07-21,2025-07-21 11:59:00,1789.44,1789.72,1789.44,1789.72,0.02,24.0,43527.93,1
2025-07-21,2025-07-21 12:00:00,1789.72,1790.0,1789.72,1790.0,0.02,24.0,43527.93,1
2025-07-21,2025-07-21 12:01:00,1790.0,1790.29,1790.0,1790.29,0.02,24.0,43527.93,1
2025-07-21,2025-07-21 12:02:00,1790.29,1790.57,1790.29,1790.57,0.02,24.0,43527.93,1
2025-07-21,2025-07-21 12:03:00,1790.57,1790.85,1790.57,1790.85,0.02,24.0,43527.93,1
2025-07-21,2025-07-21 12:04:00,1790.85,1791.13,1790.85,1791.13,0.02,24.0,43527.93,1
2025-07-21,2025-07-21 12:05:00,1791.13,1791.41,1791.13,1791.41,0.02,24.0,43527.93,1
2025-07-21,2025-07-21 12:06:00,1791.41,1791.7,1791.41,1791.7,0.02,24.0,43527.93,1
2025-07-21,2025-07-21 12:07:00,1791.7,1791.98,1791.7,1791.98,0.02,24.0,43527.93,1
2025-07-21,2025-07-21 12:08:00,1791.98,1792.26,1791.98,1792.26,0.02,24.0,43527.93,1
2025-07-21,2025-07-21 12:09:00,1792.26,1792.54,1792.26,1792.54,0.02,24.0,43527.93,1
2025-07-21,2025-07-21 12:10:00,1792.54,1792.82,1792.54,1792.82,0.02,24.0,43527.93,1
2025-07-21,2025-07-21 12:11:00,1792.82,1793.11,1792.82,1793.11,0.02,24.0,43527.93,1
2025-07-21,2025-07-21 12:12:00,1793.11,1793.39,1793.11,1793.39,0.02,24.0,43527.93,1
2025-07-21,2025-07-21 12:13:00,1793.39,1793.67,1793.39,1793.67,0.02,24.0,43527.93,1
2025-07-21,2025-07-21 12:14:00,1793.67,1793.95,1793.67,1793.95,0.02,24.0,43527.93,1
2025-07-21,2025-07-21 12:15:00,1793.95,1794.24,1793.95,1794.24,0.02,24.0,43527.93,1
2025-07-21,2025-07-21 12:16:00,1794.24,1794.52,1794.24,1794.52,0.02,24.0,43527.93,1
2025-07-21,2025-07-21 12:17:00,1794.52,1794.8,1794.52,1794.8,0.02,24.0,43527.93,1
2025-07-21,2025-07-21 12:18:00,1794.8,1795.08,1794.8,1795.08,0.02,24.0,43527.93,1
2025-07-21,2025-07-21 12:19:00,1795.08,1795.36,1795.08,1795.36,0.02,24.0,43527.93,1
2025-07-21,2025-07-21 12:20:00,1795.36,1795.65,1795.36,1795.65,0.02,24.0,43527.93,1
2025-07-21,2025-07-21 12:21:00,1795.65,1795.93,1795.65,1795.93,0.02,24.0,43527.93,1
2025-07-21,2025-07-21 12:22:00,1795.93,1796.21,1795.93,1796.21,0.02,24.0,43527.93,1
2025-07-21,2025-07-21 12:23:00,1796.21,1796.49,1796.21,1796.49,0.02,24.0,43527.93,1
2025-07-21,2025-07-21 12:24:00,1796.49,1796.77,1796.49,1796.77,0.02,24.0,43527.93,1
2025-07-21,2025-07-21 12:25:00,1796.77,1797.06,1796.77,1797.06,0.02,24.0,43527.93,1
2025-07-21,2025-07-21 12:26:00,1797.06,1797.34,1797.06,1797.34,0.02,24.0,43527.93,1
2025-07-21,2025-07-21 12:27:00,1797.34,1797.62,1797.34,1797.62,0.02,24.0,43527.93,1
2025-07-21,2025-07-21 12:28:00,1797.62,1797.9,1797.62,1797.9,0.02,24.0,43527.93,1
2025-07-21,2025-07-21 12:29:00,1797.9,1798.18,1797.9,1798.18,0.02,24.0,43527.93,1
2025-07-21,2025-07-21 12:30:00,1798.18,1798.47,1798.18,1798.47,0.02,24.0,43527.93,1
2025-07-21,2025-07-21 12:31:00,1798.47,1798.75,1798.47,1798.75,0.02,24.0,43527.93,1
2025-07-21,2025-07-21 12:32:00,1798.75,1799.03,1798.75,1799.03,0.02,24.0,43527.93,1
2025-07-21,2025-07-21 12:33:00,1799.03,1799.31,1799.03,1799.31,0.02,24.0,43527.93,1
2025-07-21,2025-07-21 12:34:00,1799.31,1799.59,1799.31,1799.59,0.02,24.0,43527.93,1
2025-07-21,2025-07-21 12:35:00,1799.59,1799.88,1799.59,1799.88,0.02,24.0,43527.93,1
2025-07-21,2025-07-21 12:36:00,1799.88,1800.16,1799.88,1800.16,0.02,24.0,43527.93,1
2025-07-21,2025-07-21 12:37:00,1800.16,1800.44,1800.16,1800.44,0.02,24.0,43527.93,1
2025-07-21,2025-07-21 12:38:00,1800.44,1800.72,1800.44,1800.72,0.02,24.0,43527.93,1
2025-07-21,2025-07-21 12:39:00,1800.72,1801.0,1800.72,1801.0,0.02,24.0,43527.93,1
2025-07-21,2025-07-21 12:40:00,1801.0,1801.29,1801.0,1801.29,0.02,24.0,43527.93,1
2025-07-21,2025-07-21 12:41:00,1801.29,1801.57,1801.29,1801.57,0.02,24.0,43527.93,1
2025-07-21,2025-07-21 12:42:00,1801.57,1801.85,1801.57,1801.85,0.02,24.0,43527.93,1
2025-07-21,2025-07-21 12:43:00,1801.85,1802.13,1801.85,1802.13,0.02,24.0,43527.93,1
2025-07-21,2025-07-21 12:44:00,1802.13,1802.41,1802.13,1802.41,0.02,24.0,43527.93,1
2025-07-21,2025-07-21 12:45:00,1802.41,1802.7,1802.41,1802.7,0.02,24.0,43527.93,1
2025-07-21,2025-07-21 12:46:00,1802.7,1802.98,1802.7,1802.98,0.02,24.0,43527.93,1
2025-07-21,2025-07-21 12:47:00,1802.98,1803.26,1802.98,1803.26,0.02,24.0,43527.93,1
2025-07-21,2025-07-21 12:48:00,1803.26,1803.54,1803.26,1803.54,0.02,24.0,43527.93,1
2025-07-21,2025-07-21 12:49:00,1803.54,1803.82,1803.54,1803.82,0.02,24.0,43527.93,1
2025-07-21,2025-07-21 12:50:00,1803.82,1804.11,1803.82,1804.11,0.02,24.0,43527.93,1
2025-07-21,2025-07-21 12:51:00,1804.11,1804.39,1804.11,1804.39,0.02,24.0,43527.93,1
2025-07-21,2025-07-21 12:52:00,1804.39,1804.67,1804.39,1804.67,0.02,24.0,43527.93,1
2025-07-21,2025-07-21 12:53:00,1804.67,1804.95,1804.67,1804.95,0.02,24.0,43527.93,1
2025-07-21,2025-07-21 12:54:00,1804.95,1805.23,1804.95,1805.23,0.02,24.0,43527.93,1
2025-07-21,2025-07-21 12:55:00,1805.23,1805.52,1805.23,1805.52,0.02,24.0,43527.93,1
2025-07-21,2025-07-21 12:56:00,1805.52,1805.8,1805.52,1805.8,0.02,24.0,43527.93,1
2025-07-21,2025-07-21 12:57:00,1805.8,1806.08,1805.8,1806.08,0.02,24.0,43527.93,1
2025-07-21,2025-07-21 12:58:00,1806.08,1806.36,1806.08,1806.36,0.02,24.0,43527.93,1
2025-07-21,2025-07-21 12:59:00,1806.36,1806.64,1806.36,1806.64,0.02,24.0,43527.93,1
2025-07-21,2025-07-21 13:00:00,1806.64,1914.0,1750.0,1806.93,0.02,24.0,43527.93,1
2025-07-21,2025-07-21 13:01:00,1806.93,1807.21,1806.93,1807.21,0.02,24.0,43527.93,1
2025-07-21,2025-07-21 13:02:00,1807.21,1807.49,1807.21,1807.49,0.02,24.0,43527.93,1
2025-07-21,2025-07-21 13:03:00,1807.49,1807.77,1807.49,1807.77,0.02,24.0,43527.93,1
2025-07-21,2025-07-21 13:04:00,1807.77,1808.06,1807.77,1808.06,0.02,24.0,43527.93,1
2025-07-21,2025-07-21 13:05:00,1808.06,1808.34,1808.06,1808.34,0.02,24.0,43527.93,1
2025-07-21,2025-07-21 13:06:00,1808.34,1808.62,1808.34,1808.62,0.02,24.0,43527.93,1
2025-07-21,2025-07-21 13:07:00,1808.62,1808.9,1808.62,1808.9,0.02,24.0,43527.93,1
2025-07-21,2025-07-21 13:08:00,1808.9,1809.18,1808.9,1809.18,0.02,24.0,43527.93,1
2025-07-21,2025-07-21 13:09:00,1809.18,1809.47,1809.18,1809.47,0.02,24.0,43527.93,1
2025-07-21,2025-07-21 13:10:00,1809.47,1809.75,1809.47,1809.75,0.02,24.0,43527.93,1
2025-07-21,2025-07-21 13:11:00,1809.75,1810.03,1809.75,1810.03,0.02,24.0,43527.93,1
2025-07-21,2025-07-21 13:12:00,1810.03,1810.31,1810.03,1810.31,0.02,24.0,43527.93,1
2025-07-21,2025-07-21 13:13:00,1810.31,1810.59,1810.31,1810.59,0.02,24.0,43527.93,1
2025-07-21,2025-07-21 13:14:00,1810.59,1810.88,1810.59,1810.88,0.02,24.0,43527.93,1
2025-07-21,2025-07-21 13:15:00,1810.88,1811.16,1810.88,1811.16,0.02,24.0,43527.93,1
2025-07-21,2025-07-21 13:16:00,1811.16,1811.44,1811.16,1811.44,0.02,24.0,43527.93,1
2025-07-21,2025-07-21 13:17:00,1811.44,1811.72,1811.44,1811.72,0.02,24.0,43527.93,1
2025-07-21,2025-07-21 13:18:00,1811.72,1812.0,1811.72,1812.0,0.02,24.0,43527.93,1
2025-07-21,2025-07-21 13:19:00,1812.0,1812.29,1812.0,1812.29,0.02,24.0,43527.93,1
2025-07-21,2025-07-21 13:20:00,1812.29,1812.57,1812.29,1812.57,0.02,24.0,43527.93,1
2025-07-21,2025-07-21 13:21:00,1812.57,1812.85,1812.57,1812.85,0.02,24.0,43527.93,1
2025-07-21,2025-07-21 13:22:00,1812.85,1813.13,1812.85,1813.13,0.02,24.0,43527.93,1
2025-07-21,2025-07-21 13:23:00,1813.13,1813.41,1813.13,1813.41,0.02,24.0,43527.93,1
2025-07-21,2025-07-21 13:24:00,1813.41,1813.7,1813.41,1813.7,0.02,24.0,43527.93,1
2025-07-21,2025-07-21 13:25:00,1813.7,1813.98,1813.7,1813.98,0.02,24.0,43527.93,1
2025-07-21,2025-07-21 13:26:00,1813.98,1814.26,1813.98,1814.26,0.02,24.0,43527.93,1
2025-07-21,2025-07-21 13:27:00,1814.26,1814.54,1814.26,1814.54,0.02,24.0,43527.93,1
2025-07-21,2025-07-21 13:28:00,1814.54,1814.82,1814.54,1814.82,0.02,24.0,43527.93,1
2025-07-21,2025-07-21 13:29:00,1814.82,1815.11,1814.82,1815.11,0.02,24.0,43527.93,1
2025-07-21,2025-07-21 13:30:00,1815.11,1815.39,1815.11,1815.39,0.02,24.0,43527.93,1
2025-07-21,2025-07-21 13:31:00,1815.39,1815.67,1815.39,1815.67,0.02,24.0,43527.93,1
2025-07-21,2025-07-21 13:32:00,1815.67,1815.95,1815.67,1815.95,0.02,24.0,43527.93,1
2025-07-21,2025-07-21 13:33:00,1815.95,1816.23,1815.95,1816.23,0.02,24.0,43527.93,1
2025-07-21,2025-07-21 13:34:00,1816.23,1816.52,1816.23,1816.52,0.02,24.0,43527.93,1
2025-07-21,2025-07-21 13:35:00,1816.52,1816.8,1816.52,1816.8,0.02,24.0,43527.93,1
2025-07-21,2025-07-21 13:36:00,1816.8,1817.08,1816.8,1817.08,0.02,24.0,43527.93,1
2025-07-21,2025-07-21 13:37:00,1817.08,1817.36,1817.08,1817.36,0.02,24.0,43527.93,1
2025-07-21,2025-07-21 13:38:00,1817.36,1817.64,1817.36,1817.64,0.02,24.0,43527.93,1
2025-07-21,2025-07-21 13:39:00,1817.64,1817.93,1817.64,1817.93,0.02,24.0,43527.93,1
2025-07-21,2025-07-21 13:40:00,1817.93,1818.21,1817.93,1818.21,0.02,24.0,43527.93,1
2025-07-21,2025-07-21 13:41:00,1818.21,1818.49,1818.21,1818.49,0.02,24.0,43527.93,1
2025-07-21,2025-07-21 13:42:00,1818.49,1818.77,1818.49,1818.77,0.02,24.0,43527.93,1
2025-07-21,2025-07-21 13:43:00,1818.77,1819.05,1818.77,1819.05,0.02,24.0,43527.93,1
2025-07-21,2025-07-21 13:44:00,1819.05,1819.34,1819.05,1819.34,0.02,24.0,43527.93,1
2025-07-21,2025-07-21 13:45:00,1819.34,1819.62,1819.34,1819.62,0.02,24.0,43527.93,1
2025-07-21,2025-07-21 13:46:00,1819.62,1819.9,1819.62,1819.9,0.02,24.0,43527.93,1
2025-07-21,2025-07-21 13:47:00,1819.9,1820.18,1819.9,1820.18,0.02,24.0,43527.93,1
2025-07-21,2025-07-21 13:48:00,1820.18,1820.47,1820.18,1820.47,0.02,24.0,43527.93,1
2025-07-21,2025-07-21 13:49:00,1820.47,1820.75,1820.47,1820.75,0.02,24.0,43527.93,1
2025-07-21,2025-07-21 13:50:00,1820.75,1821.03,1820.75,1821.03,0.02,24.0,43527.93,1
2025-07-21,2025-07-21 13:51:00,1821.03,1821.31,1821.03,1821.31,0.02,24.0,43527.93,1
2025-07-21,2025-07-21 13:52:00,1821.31,1821.59,1821.31,1821.59,0.02,24.0,43527.93,1
2025-07-21,2025-07-21 13:53:00,1821.59,1821.88,1821.59,1821.88,0.02,24.0,43527.93,1
2025-07-21,2025-07-21 13:54:00,1821.88,1822.16,1821.88,1822.16,0.02,24.0,43527.93,1
2025-07-21,2025-07-21 13:55:00,1822.16,1822.44,1822.16,1822.44,0.02,24.0,43527.93,1
2025-07-21,2025-07-21 13:56:00,1822.44,1822.72,1822.44,1822.72,0.02,24.0,43527.93,1
2025-07-21,2025-07-21 13:57:00,1822.72,1823.0,1822.72,1823.0,0.02,24.0,43527.93,1
2025-07-21,2025-07-21 13:58:00,1823.0,1823.29,1823.0,1823.29,0.02,24.0,43527.93,1
2025-07-21,2025-07-21 13:59:00,1823.29,1823.57,1823.29,1823.57,0.02,24.0,43527.93,1
2025-07-21,2025-07-21 14:00:00,1823.57,1823.85,1823.57,1823.85,0.02,24.0,43527.93,1
2025-07-21,2025-07-21 14:01:00,1823.85,1824.13,1823.85,1824.13,0.02,24.0,43527.93,1
2025-07-21,2025-07-21 14:02:00,1824.13,1824.41,1824.13,1824.41,0.02,24.0,43527.93,1
2025-07-21,2025-07-21 14:03:00,1824.41,1824.7,1824.41,1824.7,0.02,24.0,43527.93,1
2025-07-21,2025-07-21 14:04:00,1824.7,1824.98,1824.7,1824.98,0.02,24.0,43527.93,1
2025-07-21,2025-07-21 14:05:00,1824.98,1825.26,1824.98,1825.26,0.02,24.0,43527.93,1
2025-07-21,2025-07-21 14:06:00,1825.26,1825.54,1825.26,1825.54,0.02,24.0,43527.93,1
2025-07-21,2025-07-21 14:07:00,1825.54,1825.82,1825.54,1825.82,0.02,24.0,43527.93,1
2025-07-21,2025-07-21 14:08:00,1825.82,1826.11,1825.82,1826.11,0.02,24.0,43527.93,1
2025-07-21,2025-07-21 14:09:00,1826.11,1826.39,1826.11,1826.39,0.02,24.0,43527.93,1
2025-07-21,2025-07-21 14:10:00,1826.39,1826.67,1826.39,1826.67,0.02,24.0,43527.93,1
2025-07-21,2025-07-21 14:11:00,1826.67,1826.95,1826.67,1826.95,0.02,24.0,43527.93,1
2025-07-21,2025-07-21 14:12:00,1826.95,1827.23,1826.95,1827.23,0.02,24.0,43527.93,1
2025-07-21,2025-07-21 14:13:00,1827.23,1827.52,1827.23,1827.52,0.02,24.0,43527.93,1
2025-07-21,2025-07-21 14:14:00,1827.52,1827.8,1827.52,1827.8,0.02,24.0,43527.93,1
2025-07-21,2025-07-21 14:15:00,1827.8,1828.08,1827.8,1828.08,0.02,24.0,43527.93,1
2025-07-21,2025-07-21 14:16:00,1828.08,1828.36,1828.08,1828.36,0.02,24.0,43527.93,1
2025-07-21,2025-07-21 14:17:00,1828.36,1828.64,1828.36,1828.64,0.02,24.0,43527.93,1
2025-07-21,2025-07-21 14:18:00,1828.64,1828.93,1828.64,1828.93,0.02,24.0,43527.93,1
2025-07-21,2025-07-21 14:19:00,1828.93,1829.21,1828.93,1829.21,0.02,24.0,43527.93,1
2025-07-21,2025-07-21 14:20:00,1829.21,1829.49,1829.21,1829.49,0.02,24.0,43527.93,1
2025-07-21,2025-07-21 14:21:00,1829.49,1829.77,1829.49,1829.77,0.02,24.0,43527.93,1
2025-07-21,2025-07-21 14:22:00,1829.77,1830.05,1829.77,1830.05,0.02,24.0,43527.93,1
2025-07-21,2025-07-21 14:23:00,1830.05,1830.34,1830.05,1830.34,0.02,24.0,43527.93,1
2025-07-21,2025-07-21 14:24:00,1830.34,1830.62,1830.34,1830.62,0.02,24.0,43527.93,1
2025-07-21,2025-07-21 14:25:00,1830.62,1830.9,1830.62,1830.9,0.02,24.0,43527.93,1
2025-07-21,2025-07-21 14:26:00,1830.9,1831.18,1830.9,1831.18,0.02,24.0,43527.93,1
2025-07-21,2025-07-21 14:27:00,1831.18,1831.46,1831.18,1831.46,0.02,24.0,43527.93,1
2025-07-21,2025-07-21 14:28:00,1831.46,1831.75,1831.46,1831.75,0.02,24.0,43527.93,1
2025-07-21,2025-07-21 14:29:00,1831.75,1832.03,1831.75,1832.03,0.02,24.0,43527.93,1
2025-07-21,2025-07-21 14:30:00,1832.03,1832.31,1832.03,1832.31,0.02,24.0,43527.93,1
2025-07-21,2025-07-21 14:31:00,1832.31,1832.59,1832.31,1832.59,0.02,24.0,43527.93,1
2025-07-21,2025-07-21 14:32:00,1832.59,1832.87,1832.59,1832.87,0.02,24.0,43527.93,1
2025-07-21,2025-07-21 14:33:00,1832.87,1833.16,1832.87,1833.16,0.02,24.0,43527.93,1
2025-07-21,2025-07-21 14:34:00,1833.16,1833.44,1833.16,1833.44,0.02,24.0,43527.93,1
2025-07-21,2025-07-21 14:35:00,1833.44,1833.72,1833.44,1833.72,0.02,24.0,43527.93,1
2025-07-21,2025-07-21 14:36:00,1833.72,1834.0,1833.72,1834.0,0.02,24.0,43527.93,1
2025-07-21,2025-07-21 14:37:00,1834.0,1834.29,1834.0,1834.29,0.02,24.0,43527.93,1
2025-07-21,2025-07-21 14:38:00,1834.29,1834.57,1834.29,1834.57,0.02,24.0,43527.93,1
2025-07-21,2025-07-21 14:39:00,1834.57,1834.85,1834.57,1834.85,0.02,24.0,43527.93,1
2025-07-21,2025-07-21 14:40:00,1834.85,1835.13,1834.85,1835.13,0.02,24.0,43527.93,1
2025-07-21,2025-07-21 14:41:00,1835.13,1835.41,1835.13,1835.41,0.02,24.0,43527.93,1
2025-07-21,2025-07-21 14:42:00,1835.41,1835.7,1835.41,1835.7,0.02,24.0,43527.93,1
2025-07-21,2025-07-21 14:43:00,1835.7,1835.98,1835.7,1835.98,0.02,24.0,43527.93,1
2025-07-21,2025-07-21 14:44:00,1835.98,1836.26,1835.98,1836.26,0.02,24.0,43527.93,1
2025-07-21,2025-07-21 14:45:00,1836.26,1836.54,1836.26,1836.54,0.02,24.0,43527.93,1
2025-07-21,2025-07-21 14:46:00,1836.54,1836.82,1836.54,1836.82,0.02,24.0,43527.93,1
2025-07-21,2025-07-21 14:47:00,1836.82,1837.11,1836.82,1837.11,0.02,24.0,43527.93,1
2025-07-21,2025-07-21 14:48:00,1837.11,1837.39,1837.11,1837.39,0.02,24.0,43527.93,1
2025-07-21,2025-07-21 14:49:00,1837.39,1837.67,1837.39,1837.67,0.02,24.0,43527.93,1
2025-07-21,2025-07-21 14:50:00,1837.67,1837.95,1837.67,1837.95,0.02,24.0,43527.93,1
2025-07-21,2025-07-21 14:51:00,1837.95,1838.23,1837.95,1838.23,0.02,24.0,43527.93,1
2025-07-21,2025-07-21 14:52:00,1838.23,1838.52,1838.23,1838.52,0.02,24.0,43527.93,1
2025-07-21,2025-07-21 14:53:00,1838.52,1838.8,1838.52,1838.8,0.02,24.0,43527.93,1
2025-07-21,2025-07-21 14:54:00,1838.8,1839.08,1838.8,1839.08,0.02,24.0,43527.93,1
2025-07-21,2025-07-21 14:55:00,1839.08,1839.36,1839.08,1839.36,0.02,24.0,43527.93,1
2025-07-21,2025-07-21 14:56:00,1839.36,1839.64,1839.36,1839.64,0.02,24.0,43527.93,1
2025-07-21,2025-07-21 14:57:00,1839.64,1839.93,1839.64,1839.93,0.02,24.0,43527.93,1
2025-07-21,2025-07-21 14:58:00,1839.93,1840.21,1839.93,1840.21,0.02,24.0,43527.93,1
2025-07-21,2025-07-21 14:59:00,1840.21,1840.49,1840.21,1840.49,0.02,24.0,43527.93,1
2025-07-21,2025-07-21 15:00:00,1840.49,1914.0,1750.0,1840.49,0.0,24.0,43527.93,0
2025-07-22,2025-07-22 11:00:00,1803.7,1847.89,1803.7,1804.11,0.02,72.52,137204.31,1
2025-07-22,2025-07-22 11:01:00,1804.11,1804.51,1804.11,1804.51,0.02,72.52,137204.31,1
2025-07-22,2025-07-22 11:02:00,1804.51,1804.92,1804.51,1804.92,0.02,72.52,137204.31,1
2025-07-22,2025-07-22 11:03:00,1804.92,1805.32,1804.92,1805.32,0.02,72.52,137204.31,1
2025-07-22,2025-07-22 11:04:00,1805.32,1805.73,1805.32,1805.73,0.02,72.52,137204.31,1
2025-07-22,2025-07-22 11:05:00,1805.73,1806.14,1805.73,1806.14,0.02,72.52,137204.31,1
2025-07-22,2025-07-22 11:06:00,1806.14,1806.54,1806.14,1806.54,0.02,72.52,137204.31,1
2025-07-22,2025-07-22 11:07:00,1806.54,1806.95,1806.54,1806.95,0.02,72.52,137204.31,1
2025-07-22,2025-07-22 11:08:00,1806.95,1807.36,1806.95,1807.36,0.02,72.52,137204.31,1
2025-07-22,2025-07-22 11:09:00,1807.36,1807.76,1807.36,1807.76,0.02,72.52,137204.31,1
2025-07-22,2025-07-22 11:10:00,1807.76,1808.17,1807.76,1808.17,0.02,72.52,137204.31,1
2025-07-22,2025-07-22 11:11:00,1808.17,1808.57,1808.17,1808.57,0.02,72.52,137204.31,1
2025-07-22,2025-07-22 11:12:00,1808.57,1808.98,1808.57,1808.98,0.02,72.52,137204.31,1
2025-07-22,2025-07-22 11:13:00,1808.98,1809.39,1808.98,1809.39,0.02,72.52,137204.31,1
2025-07-22,2025-07-22 11:14:00,1809.39,1809.79,1809.39,1809.79,0.02,72.52,137204.31,1
2025-07-22,2025-07-22 11:15:00,1809.79,1810.2,1809.79,1810.2,0.02,72.52,137204.31,1
2025-07-22,2025-07-22 11:16:00,1810.2,1810.61,1810.2,1810.61,0.02,72.52,137204.31,1
2025-07-22,2025-07-22 11:17:00,1810.61,1811.01,1810.61,1811.01,0.02,72.52,137204.31,1
2025-07-22,2025-07-22 11:18:00,1811.01,1811.42,1811.01,1811.42,0.02,72.52,137204.31,1
2025-07-22,2025-07-22 11:19:00,1811.42,1811.82,1811.42,1811.82,0.02,72.52,137204.31,1
2025-07-22,2025-07-22 11:20:00,1811.82,1812.23,1811.82,1812.23,0.02,72.52,137204.31,1
2025-07-22,2025-07-22 11:21:00,1812.23,1812.64,1812.23,1812.64,0.02,72.52,137204.31,1
2025-07-22,2025-07-22 11:22:00,1812.64,1813.04,1812.64,1813.04,0.02,72.52,137204.31,1
2025-07-22,2025-07-22 11:23:00,1813.04,1813.45,1813.04,1813.45,0.02,72.52,137204.31,1
2025-07-22,2025-07-22 11:24:00,1813.45,1813.86,1813.45,1813.86,0.02,72.52,137204.31,1
2025-07-22,2025-07-22 11:25:00,1813.86,1814.26,1813.86,1814.26,0.02,72.52,137204.31,1
2025-07-22,2025-07-22 11:26:00,1814.26,1814.67,1814.26,1814.67,0.02,72.52,137204.31,1
2025-07-22,2025-07-22 11:27:00,1814.67,1815.07,1814.67,1815.07,0.02,72.52,137204.31,1
2025-07-22,2025-07-22 11:28:00,1815.07,1815.48,1815.07,1815.48,0.02,72.52,137204.31,1
2025-07-22,2025-07-22 11:29:00,1815.48,1815.89,1815.48,1815.89,0.02,72.52,137204.31,1
2025-07-22,2025-07-22 11:30:00,1815.89,1816.29,1815.89,1816.29,0.02,72.52,137204.31,1
2025-07-22,2025-07-22 11:31:00,1816.29,1816.7,1816.29,1816.7,0.02,72.52,137204.31,1
2025-07-22,2025-07-22 11:32:00,1816.7,1817.1,1816.7,1817.1,0.02,72.52,137204.31,1
2025-07-22,2025-07-22 11:33:00,1817.1,1817.51,1817.1,1817.51,0.02,72.52,137204.31,1
2025-07-22,2025-07-22 11:34:00,1817.51,1817.92,1817.51,1817.92,0.02,72.52,137204.31,1
2025-07-22,2025-07-22 11:35:00,1817.92,1818.32,1817.92,1818.32,0.02,72.52,137204.31,1
2025-07-22,2025-07-22 11:36:00,1818.32,1818.73,1818.32,1818.73,0.02,72.52,137204.31,1
2025-07-22,2025-07-22 11:37:00,1818.73,1819.14,1818.73,1819.14,0.02,72.52,137204.31,1
2025-07-22,2025-07-22 11:38:00,1819.14,1819.54,1819.14,1819.54,0.02,72.52,137204.31,1
2025-07-22,2025-07-22 11:39:00,1819.54,1819.95,1819.54,1819.95,0.02,72.52,137204.31,1
2025-07-22,2025-07-22 11:40:00,1819.95,1820.35,1819.95,1820.35,0.02,72.52,137204.31,1
2025-07-22,2025-07-22 11:41:00,1820.35,1820.76,1820.35,1820.76,0.02,72.52,137204.31,1
2025-07-22,2025-07-22 11:42:00,1820.76,1821.17,1820.76,1821.17,0.02,72.52,137204.31,1
2025-07-22,2025-07-22 11:43:00,1821.17,1821.57,1821.17,1821.57,0.02,72.52,137204.31,1
2025-07-22,2025-07-22 11:44:00,1821.57,1821.98,1821.57,1821.98,0.02,72.52,137204.31,1
2025-07-22,2025-07-22 11:45:00,1821.98,1822.39,1821.98,1822.39,0.02,72.52,137204.31,1
2025-07-22,2025-07-22 11:46:00,1822.39,1822.79,1822.39,1822.79,0.02,72.52,137204.31,1
2025-07-22,2025-07-22 11:47:00,1822.79,1823.2,1822.79,1823.2,0.02,72.52,137204.31,1
2025-07-22,2025-07-22 11:48:00,1823.2,1823.6,1823.2,1823.6,0.02,72.52,137204.31,1
2025-07-22,2025-07-22 11:49:00,1823.6,1824.01,1823.6,1824.01,0.02,72.52,137204.31,1
2025-07-22,2025-07-22 11:50:00,1824.01,1824.42,1824.01,1824.42,0.02,72.52,137204.31,1
2025-07-22,2025-07-22 11:51:00,1824.42,1824.82,1824.42,1824.82,0.02,72.52,137204.31,1
2025-07-22,2025-07-22 11:52:00,1824.82,1825.23,1824.82,1825.23,0.02,72.52,137204.31,1
2025-07-22,2025-07-22 11:53:00,1825.23,1825.64,1825.23,1825.64,0.02,72.52,137204.31,1
2025-07-22,2025-07-22 11:54:00,1825.64,1826.04,1825.64,1826.04,0.02,72.52,137204.31,1
2025-07-22,2025-07-22 11:55:00,1826.04,1826.45,1826.04,1826.45,0.02,72.52,137204.31,1
2025-07-22,2025-07-22 11:56:00,1826.45,1826.85,1826.45,1826.85,0.02,72.52,137204.31,1
2025-07-22,2025-07-22 11:57:00,1826.85,1827.26,1826.85,1827.26,0.02,72.52,137204.31,1
2025-07-22,2025-07-22 11:58:00,1827.26,1827.67,1827.26,1827.67,0.02,72.52,137204.31,1
2025-07-22,2025-07-22 11:59:00,1827.67,1828.07,1827.67,1828.07,0.02,72.52,137204.31,1
2025-07-22,2025-07-22 12:00:00,1828.07,1828.48,1828.07,1828.48,0.02,72.52,137204.31,1
2025-07-22,2025-07-22 12:01:00,1828.48,1828.88,1828.48,1828.88,0.02,72.52,137204.31,1
2025-07-22,2025-07-22 12:02:00,1828.88,1829.29,1828.88,1829.29,0.02,72.52,137204.31,1
2025-07-22,2025-07-22 12:03:00,1829.29,1829.7,1829.29,1829.7,0.02,72.52,137204.31,1
2025-07-22,2025-07-22 12:04:00,1829.7,1830.1,1829.7,1830.1,0.02,72.52,137204.31,1
2025-07-22,2025-07-22 12:05:00,1830.1,1830.51,1830.1,1830.51,0.02,72.52,137204.31,1
2025-07-22,2025-07-22 12:06:00,1830.51,1830.92,1830.51,1830.92,0.02,72.52,137204.31,1
2025-07-22,2025-07-22 12:07:00,1830.92,1831.32,1830.92,1831.32,0.02,72.52,137204.31,1
2025-07-22,2025-07-22 12:08:00,1831.32,1831.73,1831.32,1831.73,0.02,72.52,137204.31,1
2025-07-22,2025-07-22 12:09:00,1831.73,1832.13,1831.73,1832.13,0.02,72.52,137204.31,1
2025-07-22,2025-07-22 12:10:00,1832.13,1832.54,1832.13,1832.54,0.02,72.52,137204.31,1
2025-07-22,2025-07-22 12:11:00,1832.54,1832.95,1832.54,1832.95,0.02,72.52,137204.31,1
2025-07-22,2025-07-22 12:12:00,1832.95,1833.35,1832.95,1833.35,0.02,72.52,137204.31,1
2025-07-22,2025-07-22 12:13:00,1833.35,1833.76,1833.35,1833.76,0.02,72.52,137204.31,1
2025-07-22,2025-07-22 12:14:00,1833.76,1834.17,1833.76,1834.17,0.02,72.52,137204.31,1
2025-07-22,2025-07-22 12:15:00,1834.17,1834.57,1834.17,1834.57,0.02,72.52,137204.31,1
2025-07-22,2025-07-22 12:16:00,1834.57,1834.98,1834.57,1834.98,0.02,72.52,137204.31,1
2025-07-22,2025-07-22 12:17:00,1834.98,1835.38,1834.98,1835.38,0.02,72.52,137204.31,1
2025-07-22,2025-07-22 12:18:00,1835.38,1835.79,1835.38,1835.79,0.02,72.52,137204.31,1
2025-07-22,2025-07-22 12:19:00,1835.79,1836.2,1835.79,1836.2,0.02,72.52,137204.31,1
2025-07-22,2025-07-22 12:20:00,1836.2,1836.6,1836.2,1836.6,0.02,72.52,137204.31,1
2025-07-22,2025-07-22 12:21:00,1836.6,1837.01,1836.6,1837.01,0.02,72.52,137204.31,1
2025-07-22,2025-07-22 12:22:00,1837.01,1837.42,1837.01,1837.42,0.02,72.52,137204.31,1
2025-07-22,2025-07-22 12:23:00,1837.42,1837.82,1837.42,1837.82,0.02,72.52,137204.31,1
2025-07-22,2025-07-22 12:24:00,1837.82,1838.23,1837.82,1838.23,0.02,72.52,137204.31,1
2025-07-22,2025-07-22 12:25:00,1838.23,1838.63,1838.23,1838.63,0.02,72.52,137204.31,1
2025-07-22,2025-07-22 12:26:00,1838.63,1839.04,1838.63,1839.04,0.02,72.52,137204.31,1
2025-07-22,2025-07-22 12:27:00,1839.04,1839.45,1839.04,1839.45,0.02,72.52,137204.31,1
2025-07-22,2025-07-22 12:28:00,1839.45,1839.85,1839.45,1839.85,0.02,72.52,137204.31,1
2025-07-22,2025-07-22 12:29:00,1839.85,1840.26,1839.85,1840.26,0.02,72.52,137204.31,1
2025-07-22,2025-07-22 12:30:00,1840.26,1840.66,1840.26,1840.66,0.02,72.52,137204.31,1
2025-07-22,2025-07-22 12:31:00,1840.66,1841.07,1840.66,1841.07,0.02,72.52,137204.31,1
2025-07-22,2025-07-22 12:32:00,1841.07,1841.48,1841.07,1841.48,0.02,72.52,137204.31,1
2025-07-22,2025-07-22 12:33:00,1841.48,1841.88,1841.48,1841.88,0.02,72.52,137204.31,1
2025-07-22,2025-07-22 12:34:00,1841.88,1842.29,1841.88,1842.29,0.02,72.52,137204.31,1
2025-07-22,2025-07-22 12:35:00,1842.29,1842.7,1842.29,1842.7,0.02,72.52,137204.31,1
2025-07-22,2025-07-22 12:36:00,1842.7,1843.1,1842.7,1843.1,0.02,72.52,137204.31,1
2025-07-22,2025-07-22 12:37:00,1843.1,1843.51,1843.1,1843.51,0.02,72.52,137204.31,1
2025-07-22,2025-07-22 12:38:00,1843.51,1843.91,1843.51,1843.91,0.02,72.52,137204.31,1
2025-07-22,2025-07-22 12:39:00,1843.91,1844.32,1843.91,1844.32,0.02,72.52,137204.31,1
2025-07-22,2025-07-22 12:40:00,1844.32,1844.73,1844.32,1844.73,0.02,72.52,137204.31,1
2025-07-22,2025-07-22 12:41:00,1844.73,1845.13,1844.73,1845.13,0.02,72.52,137204.31,1
2025-07-22,2025-07-22 12:42:00,1845.13,1845.54,1845.13,1845.54,0.02,72.52,137204.31,1
2025-07-22,2025-07-22 12:43:00,1845.54,1845.95,1845.54,1845.95,0.02,72.52,137204.31,1
2025-07-22,2025-07-22 12:44:00,1845.95,1846.35,1845.95,1846.35,0.02,72.52,137204.31,1
2025-07-22,2025-07-22 12:45:00,1846.35,1846.76,1846.35,1846.76,0.02,72.52,137204.31,1
2025-07-22,2025-07-22 12:46:00,1846.76,1847.16,1846.76,1847.16,0.02,72.52,137204.31,1
2025-07-22,2025-07-22 12:47:00,1847.16,1847.57,1847.16,1847.57,0.02,72.52,137204.31,1
2025-07-22,2025-07-22 12:48:00,1847.57,1847.98,1847.57,1847.98,0.02,72.52,137204.31,1
2025-07-22,2025-07-22 12:49:00,1847.98,1848.38,1847.98,1848.38,0.02,72.52,137204.31,1
2025-07-22,2025-07-22 12:50:00,1848.38,1848.79,1848.38,1848.79,0.02,72.52,137204.31,1
2025-07-22,2025-07-22 12:51:00,1848.79,1849.2,1848.79,1849.2,0.02,72.52,137204.31,1
2025-07-22,2025-07-22 12:52:00,1849.2,1849.6,1849.2,1849.6,0.02,72.52,137204.31,1
2025-07-22,2025-07-22 12:53:00,1849.6,1850.01,1849.6,1850.01,0.02,72.52,137204.31,1
2025-07-22,2025-07-22 12:54:00,1850.01,1850.41,1850.01,1850.41,0.02,72.52,137204.31,1
2025-07-22,2025-07-22 12:55:00,1850.41,1850.82,1850.41,1850.82,0.02,72.52,137204.31,1
2025-07-22,2025-07-22 12:56:00,1850.82,1851.23,1850.82,1851.23,0.02,72.52,137204.31,1
2025-07-22,2025-07-22 12:57:00,1851.23,1851.63,1851.23,1851.63,0.02,72.52,137204.31,1
2025-07-22,2025-07-22 12:58:00,1851.63,1852.04,1851.63,1852.04,0.02,72.52,137204.31,1
2025-07-22,2025-07-22 12:59:00,1852.04,1852.45,1852.04,1852.45,0.02,72.52,137204.31,1
2025-07-22,2025-07-22 13:00:00,1852.45,1951.0,1803.7,1852.85,0.02,72.52,137204.31,1
2025-07-22,2025-07-22 13:01:00,1852.85,1853.26,1852.85,1853.26,0.02,72.52,137204.31,1
2025-07-22,2025-07-22 13:02:00,1853.26,1853.66,1853.26,1853.66,0.02,72.52,137204.31,1
2025-07-22,2025-07-22 13:03:00,1853.66,1854.07,1853.66,1854.07,0.02,72.52,137204.31,1
2025-07-22,2025-07-22 13:04:00,1854.07,1854.48,1854.07,1854.48,0.02,72.52,137204.31,1
2025-07-22,2025-07-22 13:05:00,1854.48,1854.88,1854.48,1854.88,0.02,72.52,137204.31,1
2025-07-22,2025-07-22 13:06:00,1854.88,1855.29,1854.88,1855.29,0.02,72.52,137204.31,1
2025-07-22,2025-07-22 13:07:00,1855.29,1855.69,1855.29,1855.69,0.02,72.52,137204.31,1
2025-07-22,2025-07-22 13:08:00,1855.69,1856.1,1855.69,1856.1,0.02,72.52,137204.31,1
2025-07-22,2025-07-22 13:09:00,1856.1,1856.51,1856.1,1856.51,0.02,72.52,137204.31,1
2025-07-22,2025-07-22 13:10:00,1856.51,1856.91,1856.51,1856.91,0.02,72.52,137204.31,1
2025-07-22,2025-07-22 13:11:00,1856.91,1857.32,1856.91,1857.32,0.02,72.52,137204.31,1
2025-07-22,2025-07-22 13:12:00,1857.32,1857.73,1857.32,1857.73,0.02,72.52,137204.31,1
2025-07-22,2025-07-22 13:13:00,1857.73,1858.13,1857.73,1858.13,0.02,72.52,137204.31,1
2025-07-22,2025-07-22 13:14:00,1858.13,1858.54,1858.13,1858.54,0.02,72.52,137204.31,1
2025-07-22,2025-07-22 13:15:00,1858.54,1858.94,1858.54,1858.94,0.02,72.52,137204.31,1
2025-07-22,2025-07-22 13:16:00,1858.94,1859.35,1858.94,1859.35,0.02,72.52,137204.31,1
2025-07-22,2025-07-22 13:17:00,1859.35,1859.76,1859.35,1859.76,0.02,72.52,137204.31,1
2025-07-22,2025-07-22 13:18:00,1859.76,1860.16,1859.76,1860.16,0.02,72.52,137204.31,1
2025-07-22,2025-07-22 13:19:00,1860.16,1860.57,1860.16,1860.57,0.02,72.52,137204.31,1
2025-07-22,2025-07-22 13:20:00,1860.57,1860.98,1860.57,1860.98,0.02,72.52,137204.31,1
2025-07-22,2025-07-22 13:21:00,1860.98,1861.38,1860.98,1861.38,0.02,72.52,137204.31,1
2025-07-22,2025-07-22 13:22:00,1861.38,1861.79,1861.38,1861.79,0.02,72.52,137204.31,1
2025-07-22,2025-07-22 13:23:00,1861.79,1862.19,1861.79,1862.19,0.02,72.52,137204.31,1
2025-07-22,2025-07-22 13:24:00,1862.19,1862.6,1862.19,1862.6,0.02,72.52,137204.31,1
2025-07-22,2025-07-22 13:25:00,1862.6,1863.01,1862.6,1863.01,0.02,72.52,137204.31,1
2025-07-22,2025-07-22 13:26:00,1863.01,1863.41,1863.01,1863.41,0.02,72.52,137204.31,1
2025-07-22,2025-07-22 13:27:00,1863.41,1863.82,1863.41,1863.82,0.02,72.52,137204.31,1
2025-07-22,2025-07-22 13:28:00,1863.82,1864.23,1863.82,1864.23,0.02,72.52,137204.31,1
2025-07-22,2025-07-22 13:29:00,1864.23,1864.63,1864.23,1864.63,0.02,72.52,137204.31,1
2025-07-22,2025-07-22 13:30:00,1864.63,1865.04,1864.63,1865.04,0.02,72.52,137204.31,1
2025-07-22,2025-07-22 13:31:00,1865.04,1865.44,1865.04,1865.44,0.02,72.52,137204.31,1
2025-07-22,2025-07-22 13:32:00,1865.44,1865.85,1865.44,1865.85,0.02,72.52,137204.31,1
2025-07-22,2025-07-22 13:33:00,1865.85,1866.26,1865.85,1866.26,0.02,72.52,137204.31,1
2025-07-22,2025-07-22 13:34:00,1866.26,1866.66,1866.26,1866.66,0.02,72.52,137204.31,1
2025-07-22,2025-07-22 13:35:00,1866.66,1867.07,1866.66,1867.07,0.02,72.52,137204.31,1
2025-07-22,2025-07-22 13:36:00,1867.07,1867.47,1867.07,1867.47,0.02,72.52,137204.31,1
2025-07-22,2025-07-22 13:37:00,1867.47,1867.88,1867.47,1867.88,0.02,72.52,137204.31,1
2025-07-22,2025-07-22 13:38:00,1867.88,1868.29,1867.88,1868.29,0.02,72.52,137204.31,1
2025-07-22,2025-07-22 13:39:00,1868.29,1868.69,1868.29,1868.69,0.02,72.52,137204.31,1
2025-07-22,2025-07-22 13:40:00,1868.69,1869.1,1868.69,1869.1,0.02,72.52,137204.31,1
2025-07-22,2025-07-22 13:41:00,1869.1,1869.51,1869.1,1869.51,0.02,72.52,137204.31,1
2025-07-22,2025-07-22 13:42:00,1869.51,1869.91,1869.51,1869.91,0.02,72.52,137204.31,1
2025-07-22,2025-07-22 13:43:00,1869.91,1870.32,1869.91,1870.32,0.02,72.52,137204.31,1
2025-07-22,2025-07-22 13:44:00,1870.32,1870.72,1870.32,1870.72,0.02,72.52,137204.31,1
2025-07-22,2025-07-22 13:45:00,1870.72,1871.13,1870.72,1871.13,0.02,72.52,137204.31,1
2025-07-22,2025-07-22 13:46:00,1871.13,1871.54,1871.13,1871.54,0.02,72.52,137204.31,1
2025-07-22,2025-07-22 13:47:00,1871.54,1871.94,1871.54,1871.94,0.02,72.52,137204.31,1
2025-07-22,2025-07-22 13:48:00,1871.94,1872.35,1871.94,1872.35,0.02,72.52,137204.31,1
2025-07-22,2025-07-22 13:49:00,1872.35,1872.76,1872.35,1872.76,0.02,72.52,137204.31,1
2025-07-22,2025-07-22 13:50:00,1872.76,1873.16,1872.76,1873.16,0.02,72.52,137204.31,1
2025-07-22,2025-07-22 13:51:00,1873.16,1873.57,1873.16,1873.57,0.02,72.52,137204.31,1
2025-07-22,2025-07-22 13:52:00,1873.57,1873.97,1873.57,1873.97,0.02,72.52,137204.31,1
2025-07-22,2025-07-22 13:53:00,1873.97,1874.38,1873.97,1874.38,0.02,72.52,137204.31,1
2025-07-22,2025-07-22 13:54:00,1874.38,1874.79,1874.38,1874.79,0.02,72.52,137204.31,1
2025-07-22,2025-07-22 13:55:00,1874.79,1875.19,1874.79,1875.19,0.02,72.52,137204.31,1
2025-07-22,2025-07-22 13:56:00,1875.19,1875.6,1875.19,1875.6,0.02,72.52,137204.31,1
2025-07-22,2025-07-22 13:57:00,1875.6,1876.01,1875.6,1876.01,0.02,72.52,137204.31,1
2025-07-22,2025-07-22 13:58:00,1876.01,1876.41,1876.01,1876.41,0.02,72.52,137204.31,1
2025-07-22,2025-07-22 13:59:00,1876.41,1876.82,1876.41,1876.82,0.02,72.52,137204.31,1
2025-07-22,2025-07-22 14:00:00,1876.82,1877.22,1876.82,1877.22,0.02,72.52,137204.31,1
2025-07-22,2025-07-22 14:01:00,1877.22,1877.63,1877.22,1877.63,0.02,72.52,137204.31,1
2025-07-22,2025-07-22 14:02:00,1877.63,1878.04,1877.63,1878.04,0.02,72.52,137204.31,1
2025-07-22,2025-07-22 14:03:00,1878.04,1878.44,1878.04,1878.44,0.02,72.52,137204.31,1
2025-07-22,2025-07-22 14:04:00,1878.44,1878.85,1878.44,1878.85,0.02,72.52,137204.31,1
2025-07-22,2025-07-22 14:05:00,1878.85,1879.25,1878.85,1879.25,0.02,72.52,137204.31,1
2025-07-22,2025-07-22 14:06:00,1879.25,1879.66,1879.25,1879.66,0.02,72.52,137204.31,1
2025-07-22,2025-07-22 14:07:00,1879.66,1880.07,1879.66,1880.07,0.02,72.52,137204.31,1
2025-07-22,2025-07-22 14:08:00,1880.07,1880.47,1880.07,1880.47,0.02,72.52,137204.31,1
2025-07-22,2025-07-22 14:09:00,1880.47,1880.88,1880.47,1880.88,0.02,72.52,137204.31,1
2025-07-22,2025-07-22 14:10:00,1880.88,1881.29,1880.88,1881.29,0.02,72.52,137204.31,1
2025-07-22,2025-07-22 14:11:00,1881.29,1881.69,1881.29,1881.69,0.02,72.52,137204.31,1
2025-07-22,2025-07-22 14:12:00,1881.69,1882.1,1881.69,1882.1,0.02,72.52,137204.31,1
2025-07-22,2025-07-22 14:13:00,1882.1,1882.5,1882.1,1882.5,0.02,72.52,137204.31,1
2025-07-22,2025-07-22 14:14:00,1882.5,1882.91,1882.5,1882.91,0.02,72.52,137204.31,1
2025-07-22,2025-07-22 14:15:00,1882.91,1883.32,1882.91,1883.32,0.02,72.52,137204.31,1
2025-07-22,2025-07-22 14:16:00,1883.32,1883.72,1883.32,1883.72,0.02,72.52,137204.31,1
2025-07-22,2025-07-22 14:17:00,1883.72,1884.13,1883.72,1884.13,0.02,72.52,137204.31,1
2025-07-22,2025-07-22 14:18:00,1884.13,1884.54,1884.13,1884.54,0.02,72.52,137204.31,1
2025-07-22,2025-07-22 14:19:00,1884.54,1884.94,1884.54,1884.94,0.02,72.52,137204.31,1
2025-07-22,2025-07-22 14:20:00,1884.94,1885.35,1884.94,1885.35,0.02,72.52,137204.31,1
2025-07-22,2025-07-22 14:21:00,1885.35,1885.75,1885.35,1885.75,0.02,72.52,137204.31,1
2025-07-22,2025-07-22 14:22:00,1885.75,1886.16,1885.75,1886.16,0.02,72.52,137204.31,1
2025-07-22,2025-07-22 14:23:00,1886.16,1886.57,1886.16,1886.57,0.02,72.52,137204.31,1
2025-07-22,2025-07-22 14:24:00,1886.57,1886.97,1886.57,1886.97,0.02,72.52,137204.31,1
2025-07-22,2025-07-22 14:25:00,1886.97,1887.38,1886.97,1887.38,0.02,72.52,137204.31,1
2025-07-22,2025-07-22 14:26:00,1887.38,1887.79,1887.38,1887.79,0.02,72.52,137204.31,1
2025-07-22,2025-07-22 14:27:00,1887.79,1888.19,1887.79,1888.19,0.02,72.52,137204.31,1
2025-07-22,2025-07-22 14:28:00,1888.19,1888.6,1888.19,1888.6,0.02,72.52,137204.31,1
2025-07-22,2025-07-22 14:29:00,1888.6,1889.0,1888.6,1889.0,0.02,72.52,137204.31,1
2025-07-22,2025-07-22 14:30:00,1889.0,1889.41,1889.0,1889.41,0.02,72.52,137204.31,1
2025-07-22,2025-07-22 14:31:00,1889.41,1889.82,1889.41,1889.82,0.02,72.52,137204.31,1
2025-07-22,2025-07-22 14:32:00,1889.82,1890.22,1889.82,1890.22,0.02,72.52,137204.31,1
2025-07-22,2025-07-22 14:33:00,1890.22,1890.63,1890.22,1890.63,0.02,72.52,137204.31,1
2025-07-22,2025-07-22 14:34:00,1890.63,1891.03,1890.63,1891.03,0.02,72.52,137204.31,1
2025-07-22,2025-07-22 14:35:00,1891.03,1891.44,1891.03,1891.44,0.02,72.52,137204.31,1
2025-07-22,2025-07-22 14:36:00,1891.44,1891.85,1891.44,1891.85,0.02,72.52,137204.31,1
2025-07-22,2025-07-22 14:37:00,1891.85,1892.25,1891.85,1892.25,0.02,72.52,137204.31,1
2025-07-22,2025-07-22 14:38:00,1892.25,1892.66,1892.25,1892.66,0.02,72.52,137204.31,1
2025-07-22,2025-07-22 14:39:00,1892.66,1893.07,1892.66,1893.07,0.02,72.52,137204.31,1
2025-07-22,2025-07-22 14:40:00,1893.07,1893.47,1893.07,1893.47,0.02,72.52,137204.31,1
2025-07-22,2025-07-22 14:41:00,1893.47,1893.88,1893.47,1893.88,0.02,72.52,137204.31,1
2025-07-22,2025-07-22 14:42:00,1893.88,1894.28,1893.88,1894.28,0.02,72.52,137204.31,1
2025-07-22,2025-07-22 14:43:00,1894.28,1894.69,1894.28,1894.69,0.02,72.52,137204.31,1
2025-07-22,2025-07-22 14:44:00,1894.69,1895.1,1894.69,1895.1,0.02,72.52,137204.31,1
2025-07-22,2025-07-22 14:45:00,1895.1,1895.5,1895.1,1895.5,0.02,72.52,137204.31,1
2025-07-22,2025-07-22 14:46:00,1895.5,1895.91,1895.5,1895.91,0.02,72.52,137204.31,1
2025-07-22,2025-07-22 14:47:00,1895.91,1896.32,1895.91,1896.32,0.02,72.52,137204.31,1
2025-07-22,2025-07-22 14:48:00,1896.32,1896.72,1896.32,1896.72,0.02,72.52,137204.31,1
2025-07-22,2025-07-22 14:49:00,1896.72,1897.13,1896.72,1897.13,0.02,72.52,137204.31,1
2025-07-22,2025-07-22 14:50:00,1897.13,1897.53,1897.13,1897.53,0.02,72.52,137204.31,1
2025-07-22,2025-07-22 14:51:00,1897.53,1897.94,1897.53,1897.94,0.02,72.52,137204.31,1
2025-07-22,2025-07-22 14:52:00,1897.94,1898.35,1897.94,1898.35,0.02,72.52,137204.31,1
2025-07-22,2025-07-22 14:53:00,1898.35,1898.75,1898.35,1898.75,0.02,72.52,137204.31,1
2025-07-22,2025-07-22 14:54:00,1898.75,1899.16,1898.75,1899.16,0.02,72.52,137204.31,1
2025-07-22,2025-07-22 14:55:00,1899.16,1899.57,1899.16,1899.57,0.02,72.52,137204.31,1
2025-07-22,2025-07-22 14:56:00,1899.57,1899.97,1899.57,1899.97,0.02,72.52,137204.31,1
2025-07-22,2025-07-22 14:57:00,1899.97,1900.38,1899.97,1900.38,0.02,72.52,137204.31,1
2025-07-22,2025-07-22 14:58:00,1900.38,1900.78,1900.38,1900.78,0.02,72.52,137204.31,1
2025-07-22,2025-07-22 14:59:00,1900.78,1901.19,1900.78,1901.19,0.02,72.52,137204.31,1
2025-07-22,2025-07-22 15:00:00,1901.19,1951.0,1803.7,1901.19,0.0,72.52,137204.31,0
2025-07-23,2025-07-23 11:00:00,1863.2,1873.04,1856.54,1863.29,0.0,37.19,69280.67,1
2025-07-23,2025-07-23 11:01:00,1863.29,1863.38,1863.29,1863.38,0.0,37.19,69280.67,1
2025-07-23,2025-07-23 11:02:00,1863.38,1863.47,1863.38,1863.47,0.0,37.19,69280.67,1
2025-07-23,2025-07-23 11:03:00,1863.47,1863.55,1863.47,1863.55,0.0,37.19,69280.67,1
2025-07-23,2025-07-23 11:04:00,1863.55,1863.64,1863.55,1863.64,0.0,37.19,69280.67,1
2025-07-23,2025-07-23 11:05:00,1863.64,1863.73,1863.64,1863.73,0.0,37.19,69280.67,1
2025-07-23,2025-07-23 11:06:00,1863.73,1863.82,1863.73,1863.82,0.0,37.19,69280.67,1
2025-07-23,2025-07-23 11:07:00,1863.82,1863.91,1863.82,1863.91,0.0,37.19,69280.67,1
2025-07-23,2025-07-23 11:08:00,1863.91,1864.0,1863.91,1864.0,0.0,37.19,69280.67,1
2025-07-23,2025-07-23 11:09:00,1864.0,1864.09,1864.0,1864.09,0.0,37.19,69280.67,1
2025-07-23,2025-07-23 11:10:00,1864.09,1864.17,1864.09,1864.17,0.0,37.19,69280.67,1
2025-07-23,2025-07-23 11:11:00,1864.17,1864.26,1864.17,1864.26,0.0,37.19,69280.67,1
2025-07-23,2025-07-23 11:12:00,1864.26,1864.35,1864.26,1864.35,0.0,37.19,69280.67,1
2025-07-23,2025-07-23 11:13:00,1864.35,1864.44,1864.35,1864.44,0.0,37.19,69280.67,1
2025-07-23,2025-07-23 11:14:00,1864.44,1864.53,1864.44,1864.53,0.0,37.19,69280.67,1
2025-07-23,2025-07-23 11:15:00,1864.53,1864.62,1864.53,1864.62,0.0,37.19,69280.67,1
2025-07-23,2025-07-23 11:16:00,1864.62,1864.71,1864.62,1864.71,0.0,37.19,69280.67,1
2025-07-23,2025-07-23 11:17:00,1864.71,1864.8,1864.71,1864.8,0.0,37.19,69280.67,1
2025-07-23,2025-07-23 11:18:00,1864.8,1864.88,1864.8,1864.88,0.0,37.19,69280.67,1
2025-07-23,2025-07-23 11:19:00,1864.88,1864.97,1864.88,1864.97,0.0,37.19,69280.67,1
2025-07-23,2025-07-23 11:20:00,1864.97,1865.06,1864.97,1865.06,0.0,37.19,69280.67,1
2025-07-23,2025-07-23 11:21:00,1865.06,1865.15,1865.06,1865.15,0.0,37.19,69280.67,1
2025-07-23,2025-07-23 11:22:00,1865.15,1865.24,1865.15,1865.24,0.0,37.19,69280.67,1
2025-07-23,2025-07-23 11:23:00,1865.24,1865.33,1865.24,1865.33,0.0,37.19,69280.67,1
2025-07-23,2025-07-23 11:24:00,1865.33,1865.42,1865.33,1865.42,0.0,37.19,69280.67,1
2025-07-23,2025-07-23 11:25:00,1865.42,1865.5,1865.42,1865.5,0.0,37.19,69280.67,1
2025-07-23,2025-07-23 11:26:00,1865.5,1865.59,1865.5,1865.59,0.0,37.19,69280.67,1
2025-07-23,2025-07-23 11:27:00,1865.59,1865.68,1865.59,1865.68,0.0,37.19,69280.67,1
2025-07-23,2025-07-23 11:28:00,1865.68,1865.77,1865.68,1865.77,0.0,37.19,69280.67,1
2025-07-23,2025-07-23 11:29:00,1865.77,1865.86,1865.77,1865.86,0.0,37.19,69280.67,1
2025-07-23,2025-07-23 11:30:00,1865.86,1865.95,1865.86,1865.95,0.0,37.19,69280.67,1
2025-07-23,2025-07-23 11:31:00,1865.95,1866.04,1865.95,1866.04,0.0,37.19,69280.67,1
2025-07-23,2025-07-23 11:32:00,1866.04,1866.12,1866.04,1866.12,0.0,37.19,69280.67,1
2025-07-23,2025-07-23 11:33:00,1866.12,1866.21,1866.12,1866.21,0.0,37.19,69280.67,1
2025-07-23,2025-07-23 11:34:00,1866.21,1866.3,1866.21,1866.3,0.0,37.19,69280.67,1
2025-07-23,2025-07-23 11:35:00,1866.3,1866.39,1866.3,1866.39,0.0,37.19,69280.67,1
2025-07-23,2025-07-23 11:36:00,1866.39,1866.48,1866.39,1866.48,0.0,37.19,69280.67,1
2025-07-23,2025-07-23 11:37:00,1866.48,1866.57,1866.48,1866.57,0.0,37.19,69280.67,1
2025-07-23,2025-07-23 11:38:00,1866.57,1866.66,1866.57,1866.66,0.0,37.19,69280.67,1
2025-07-23,2025-07-23 11:39:00,1866.66,1866.75,1866.66,1866.75,0.0,37.19,69280.67,1
2025-07-23,2025-07-23 11:40:00,1866.75,1866.83,1866.75,1866.83,0.0,37.19,69280.67,1
2025-07-23,2025-07-23 11:41:00,1866.83,1866.92,1866.83,1866.92,0.0,37.19,69280.67,1
2025-07-23,2025-07-23 11:42:00,1866.92,1867.01,1866.92,1867.01,0.0,37.19,69280.67,1
2025-07-23,2025-07-23 11:43:00,1867.01,1867.1,1867.01,1867.1,0.0,37.19,69280.67,1
2025-07-23,2025-07-23 11:44:00,1867.1,1867.19,1867.1,1867.19,0.0,37.19,69280.67,1
2025-07-23,2025-07-23 11:45:00,1867.19,1867.28,1867.19,1867.28,0.0,37.19,69280.67,1
2025-07-23,2025-07-23 11:46:00,1867.28,1867.37,1867.28,1867.37,0.0,37.19,69280.67,1
2025-07-23,2025-07-23 11:47:00,1867.37,1867.45,1867.37,1867.45,0.0,37.19,69280.67,1
2025-07-23,2025-07-23 11:48:00,1867.45,1867.54,1867.45,1867.54,0.0,37.19,69280.67,1
2025-07-23,2025-07-23 11:49:00,1867.54,1867.63,1867.54,1867.63,0.0,37.19,69280.67,1
2025-07-23,2025-07-23 11:50:00,1867.63,1867.72,1867.63,1867.72,0.0,37.19,69280.67,1
2025-07-23,2025-07-23 11:51:00,1867.72,1867.81,1867.72,1867.81,0.0,37.19,69280.67,1
2025-07-23,2025-07-23 11:52:00,1867.81,1867.9,1867.81,1867.9,0.0,37.19,69280.67,1
2025-07-23,2025-07-23 11:53:00,1867.9,1867.99,1867.9,1867.99,0.0,37.19,69280.67,1
2025-07-23,2025-07-23 11:54:00,1867.99,1868.07,1867.99,1868.07,0.0,37.19,69280.67,1
2025-07-23,2025-07-23 11:55:00,1868.07,1868.16,1868.07,1868.16,0.0,37.19,69280.67,1
2025-07-23,2025-07-23 11:56:00,1868.16,1868.25,1868.16,1868.25,0.0,37.19,69280.67,1
2025-07-23,2025-07-23 11:57:00,1868.25,1868.34,1868.25,1868.34,0.0,37.19,69280.67,1
2025-07-23,2025-07-23 11:58:00,1868.34,1868.43,1868.34,1868.43,0.0,37.19,69280.67,1
2025-07-23,2025-07-23 11:59:00,1868.43,1868.52,1868.43,1868.52,0.0,37.19,69280.67,1
2025-07-23,2025-07-23 12:00:00,1868.52,1868.61,1868.52,1868.61,0.0,37.19,69280.67,1
2025-07-23,2025-07-23 12:01:00,1868.61,1868.69,1868.61,1868.69,0.0,37.19,69280.67,1
2025-07-23,2025-07-23 12:02:00,1868.69,1868.78,1868.69,1868.78,0.0,37.19,69280.67,1
2025-07-23,2025-07-23 12:03:00,1868.78,1868.87,1868.78,1868.87,0.0,37.19,69280.67,1
2025-07-23,2025-07-23 12:04:00,1868.87,1868.96,1868.87,1868.96,0.0,37.19,69280.67,1
2025-07-23,2025-07-23 12:05:00,1868.96,1869.05,1868.96,1869.05,0.0,37.19,69280.67,1
2025-07-23,2025-07-23 12:06:00,1869.05,1869.14,1869.05,1869.14,0.0,37.19,69280.67,1
2025-07-23,2025-07-23 12:07:00,1869.14,1869.23,1869.14,1869.23,0.0,37.19,69280.67,1
2025-07-23,2025-07-23 12:08:00,1869.23,1869.32,1869.23,1869.32,0.0,37.19,69280.67,1
2025-07-23,2025-07-23 12:09:00,1869.32,1869.4,1869.32,1869.4,0.0,37.19,69280.67,1
2025-07-23,2025-07-23 12:10:00,1869.4,1869.49,1869.4,1869.49,0.0,37.19,69280.67,1
2025-07-23,2025-07-23 12:11:00,1869.49,1869.58,1869.49,1869.58,0.0,37.19,69280.67,1
2025-07-23,2025-07-23 12:12:00,1869.58,1869.67,1869.58,1869.67,0.0,37.19,69280.67,1
2025-07-23,2025-07-23 12:13:00,1869.67,1869.76,1869.67,1869.76,0.0,37.19,69280.67,1
2025-07-23,2025-07-23 12:14:00,1869.76,1869.85,1869.76,1869.85,0.0,37.19,69280.67,1
2025-07-23,2025-07-23 12:15:00,1869.85,1869.94,1869.85,1869.94,0.0,37.19,69280.67,1
2025-07-23,2025-07-23 12:16:00,1869.94,1870.02,1869.94,1870.02,0.0,37.19,69280.67,1
2025-07-23,2025-07-23 12:17:00,1870.02,1870.11,1870.02,1870.11,0.0,37.19,69280.67,1
2025-07-23,2025-07-23 12:18:00,1870.11,1870.2,1870.11,1870.2,0.0,37.19,69280.67,1
2025-07-23,2025-07-23 12:19:00,1870.2,1870.29,1870.2,1870.29,0.0,37.19,69280.67,1
2025-07-23,2025-07-23 12:20:00,1870.29,1870.38,1870.29,1870.38,0.0,37.19,69280.67,1
2025-07-23,2025-07-23 12:21:00,1870.38,1870.47,1870.38,1870.47,0.0,37.19,69280.67,1
2025-07-23,2025-07-23 12:22:00,1870.47,1870.56,1870.47,1870.56,0.0,37.19,69280.67,1
2025-07-23,2025-07-23 12:23:00,1870.56,1870.64,1870.56,1870.64,0.0,37.19,69280.67,1
2025-07-23,2025-07-23 12:24:00,1870.64,1870.73,1870.64,1870.73,0.0,37.19,69280.67,1
2025-07-23,2025-07-23 12:25:00,1870.73,1870.82,1870.73,1870.82,0.0,37.19,69280.67,1
2025-07-23,2025-07-23 12:26:00,1870.82,1870.91,1870.82,1870.91,0.0,37.19,69280.67,1
2025-07-23,2025-07-23 12:27:00,1870.91,1871.0,1870.91,1871.0,0.0,37.19,69280.67,1
2025-07-23,2025-07-23 12:28:00,1871.0,1871.09,1871.0,1871.09,0.0,37.19,69280.67,1
2025-07-23,2025-07-23 12:29:00,1871.09,1871.18,1871.09,1871.18,0.0,37.19,69280.67,1
2025-07-23,2025-07-23 12:30:00,1871.18,1871.26,1871.18,1871.26,0.0,37.19,69280.67,1
2025-07-23,2025-07-23 12:31:00,1871.26,1871.35,1871.26,1871.35,0.0,37.19,69280.67,1
2025-07-23,2025-07-23 12:32:00,1871.35,1871.44,1871.35,1871.44,0.0,37.19,69280.67,1
2025-07-23,2025-07-23 12:33:00,1871.44,1871.53,1871.44,1871.53,0.0,37.19,69280.67,1
2025-07-23,2025-07-23 12:34:00,1871.53,1871.62,1871.53,1871.62,0.0,37.19,69280.67,1
2025-07-23,2025-07-23 12:35:00,1871.62,1871.71,1871.62,1871.71,0.0,37.19,69280.67,1
2025-07-23,2025-07-23 12:36:00,1871.71,1871.8,1871.71,1871.8,0.0,37.19,69280.67,1
2025-07-23,2025-07-23 12:37:00,1871.8,1871.89,1871.8,1871.89,0.0,37.19,69280.67,1
2025-07-23,2025-07-23 12:38:00,1871.89,1871.97,1871.89,1871.97,0.0,37.19,69280.67,1
2025-07-23,2025-07-23 12:39:00,1871.97,1872.06,1871.97,1872.06,0.0,37.19,69280.67,1
2025-07-23,2025-07-23 12:40:00,1872.06,1872.15,1872.06,1872.15,0.0,37.19,69280.67,1
2025-07-23,2025-07-23 12:41:00,1872.15,1872.24,1872.15,1872.24,0.0,37.19,69280.67,1
2025-07-23,2025-07-23 12:42:00,1872.24,1872.33,1872.24,1872.33,0.0,37.19,69280.67,1
2025-07-23,2025-07-23 12:43:00,1872.33,1872.42,1872.33,1872.42,0.0,37.19,69280.67,1
2025-07-23,2025-07-23 12:44:00,1872.42,1872.51,1872.42,1872.51,0.0,37.19,69280.67,1
2025-07-23,2025-07-23 12:45:00,1872.51,1872.59,1872.51,1872.59,0.0,37.19,69280.67,1
2025-07-23,2025-07-23 12:46:00,1872.59,1872.68,1872.59,1872.68,0.0,37.19,69280.67,1
2025-07-23,2025-07-23 12:47:00,1872.68,1872.77,1872.68,1872.77,0.0,37.19,69280.67,1
2025-07-23,2025-07-23 12:48:00,1872.77,1872.86,1872.77,1872.86,0.0,37.19,69280.67,1
2025-07-23,2025-07-23 12:49:00,1872.86,1872.95,1872.86,1872.95,0.0,37.19,69280.67,1
2025-07-23,2025-07-23 12:50:00,1872.95,1873.04,1872.95,1873.04,0.0,37.19,69280.67,1
2025-07-23,2025-07-23 12:51:00,1873.04,1873.13,1873.04,1873.13,0.0,37.19,69280.67,1
2025-07-23,2025-07-23 12:52:00,1873.13,1873.21,1873.13,1873.21,0.0,37.19,69280.67,1
2025-07-23,2025-07-23 12:53:00,1873.21,1873.3,1873.21,1873.3,0.0,37.19,69280.67,1
2025-07-23,2025-07-23 12:54:00,1873.3,1873.39,1873.3,1873.39,0.0,37.19,69280.67,1
2025-07-23,2025-07-23 12:55:00,1873.39,1873.48,1873.39,1873.48,0.0,37.19,69280.67,1
2025-07-23,2025-07-23 12:56:00,1873.48,1873.57,1873.48,1873.57,0.0,37.19,69280.67,1
2025-07-23,2025-07-23 12:57:00,1873.57,1873.66,1873.57,1873.66,0.0,37.19,69280.67,1
2025-07-23,2025-07-23 12:58:00,1873.66,1873.75,1873.66,1873.75,0.0,37.19,69280.67,1
2025-07-23,2025-07-23 12:59:00,1873.75,1873.84,1873.75,1873.84,0.0,37.19,69280.67,1
2025-07-23,2025-07-23 13:00:00,1873.84,1896.0,1841.0,1873.92,0.0,37.19,69280.67,1
2025-07-23,2025-07-23 13:01:00,1873.92,1874.01,1873.92,1874.01,0.0,37.19,69280.67,1
2025-07-23,2025-07-23 13:02:00,1874.01,1874.1,1874.01,1874.1,0.0,37.19,69280.67,1
2025-07-23,2025-07-23 13:03:00,1874.1,1874.19,1874.1,1874.19,0.0,37.19,69280.67,1
2025-07-23,2025-07-23 13:04:00,1874.19,1874.28,1874.19,1874.28,0.0,37.19,69280.67,1
2025-07-23,2025-07-23 13:05:00,1874.28,1874.37,1874.28,1874.37,0.0,37.19,69280.67,1
2025-07-23,2025-07-23 13:06:00,1874.37,1874.46,1874.37,1874.46,0.0,37.19,69280.67,1
2025-07-23,2025-07-23 13:07:00,1874.46,1874.54,1874.46,1874.54,0.0,37.19,69280.67,1
2025-07-23,2025-07-23 13:08:00,1874.54,1874.63,1874.54,1874.63,0.0,37.19,69280.67,1
2025-07-23,2025-07-23 13:09:00,1874.63,1874.72,1874.63,1874.72,0.0,37.19,69280.67,1
2025-07-23,2025-07-23 13:10:00,1874.72,1874.81,1874.72,1874.81,0.0,37.19,69280.67,1
2025-07-23,2025-07-23 13:11:00,1874.81,1874.9,1874.81,1874.9,0.0,37.19,69280.67,1
2025-07-23,2025-07-23 13:12:00,1874.9,1874.99,1874.9,1874.99,0.0,37.19,69280.67,1
2025-07-23,2025-07-23 13:13:00,1874.99,1875.08,1874.99,1875.08,0.0,37.19,69280.67,1
2025-07-23,2025-07-23 13:14:00,1875.08,1875.16,1875.08,1875.16,0.0,37.19,69280.67,1
2025-07-23,2025-07-23 13:15:00,1875.16,1875.25,1875.16,1875.25,0.0,37.19,69280.67,1
2025-07-23,2025-07-23 13:16:00,1875.25,1875.34,1875.25,1875.34,0.0,37.19,69280.67,1
2025-07-23,2025-07-23 13:17:00,1875.34,1875.43,1875.34,1875.43,0.0,37.19,69280.67,1
2025-07-23,2025-07-23 13:18:00,1875.43,1875.52,1875.43,1875.52,0.0,37.19,69280.67,1
2025-07-23,2025-07-23 13:19:00,1875.52,1875.61,1875.52,1875.61,0.0,37.19,69280.67,1
2025-07-23,2025-07-23 13:20:00,1875.61,1875.7,1875.61,1875.7,0.0,37.19,69280.67,1
2025-07-23,2025-07-23 13:21:00,1875.7,1875.78,1875.7,1875.78,0.0,37.19,69280.67,1
2025-07-23,2025-07-23 13:22:00,1875.78,1875.87,1875.78,1875.87,0.0,37.19,69280.67,1
2025-07-23,2025-07-23 13:23:00,1875.87,1875.96,1875.87,1875.96,0.0,37.19,69280.67,1
2025-07-23,2025-07-23 13:24:00,1875.96,1876.05,1875.96,1876.05,0.0,37.19,69280.67,1
2025-07-23,2025-07-23 13:25:00,1876.05,1876.14,1876.05,1876.14,0.0,37.19,69280.67,1
2025-07-23,2025-07-23 13:26:00,1876.14,1876.23,1876.14,1876.23,0.0,37.19,69280.67,1
2025-07-23,2025-07-23 13:27:00,1876.23,1876.32,1876.23,1876.32,0.0,37.19,69280.67,1
2025-07-23,2025-07-23 13:28:00,1876.32,1876.41,1876.32,1876.41,0.0,37.19,69280.67,1
2025-07-23,2025-07-23 13:29:00,1876.41,1876.49,1876.41,1876.49,0.0,37.19,69280.67,1
2025-07-23,2025-07-23 13:30:00,1876.49,1876.58,1876.49,1876.58,0.0,37.19,69280.67,1
2025-07-23,2025-07-23 13:31:00,1876.58,1876.67,1876.58,1876.67,0.0,37.19,69280.67,1
2025-07-23,2025-07-23 13:32:00,1876.67,1876.76,1876.67,1876.76,0.0,37.19,69280.67,1
2025-07-23,2025-07-23 13:33:00,1876.76,1876.85,1876.76,1876.85,0.0,37.19,69280.67,1
2025-07-23,2025-07-23 13:34:00,1876.85,1876.94,1876.85,1876.94,0.0,37.19,69280.67,1
2025-07-23,2025-07-23 13:35:00,1876.94,1877.03,1876.94,1877.03,0.0,37.19,69280.67,1
2025-07-23,2025-07-23 13:36:00,1877.03,1877.11,1877.03,1877.11,0.0,37.19,69280.67,1
2025-07-23,2025-07-23 13:37:00,1877.11,1877.2,1877.11,1877.2,0.0,37.19,69280.67,1
2025-07-23,2025-07-23 13:38:00,1877.2,1877.29,1877.2,1877.29,0.0,37.19,69280.67,1
2025-07-23,2025-07-23 13:39:00,1877.29,1877.38,1877.29,1877.38,0.0,37.19,69280.67,1
2025-07-23,2025-07-23 13:40:00,1877.38,1877.47,1877.38,1877.47,0.0,37.19,69280.67,1
2025-07-23,2025-07-23 13:41:00,1877.47,1877.56,1877.47,1877.56,0.0,37.19,69280.67,1
2025-07-23,2025-07-23 13:42:00,1877.56,1877.65,1877.56,1877.65,0.0,37.19,69280.67,1
2025-07-23,2025-07-23 13:43:00,1877.65,1877.73,1877.65,1877.73,0.0,37.19,69280.67,1
2025-07-23,2025-07-23 13:44:00,1877.73,1877.82,1877.73,1877.82,0.0,37.19,69280.67,1
2025-07-23,2025-07-23 13:45:00,1877.82,1877.91,1877.82,1877.91,0.0,37.19,69280.67,1
2025-07-23,2025-07-23 13:46:00,1877.91,1878.0,1877.91,1878.0,0.0,37.19,69280.67,1
2025-07-23,2025-07-23 13:47:00,1878.0,1878.09,1878.0,1878.09,0.0,37.19,69280.67,1
2025-07-23,2025-07-23 13:48:00,1878.09,1878.18,1878.09,1878.18,0.0,37.19,69280.67,1
2025-07-23,2025-07-23 13:49:00,1878.18,1878.27,1878.18,1878.27,0.0,37.19,69280.67,1
2025-07-23,2025-07-23 13:50:00,1878.27,1878.35,1878.27,1878.35,0.0,37.19,69280.67,1
2025-07-23,2025-07-23 13:51:00,1878.35,1878.44,1878.35,1878.44,0.0,37.19,69280.67,1
2025-07-23,2025-07-23 13:52:00,1878.44,1878.53,1878.44,1878.53,0.0,37.19,69280.67,1
2025-07-23,2025-07-23 13:53:00,1878.53,1878.62,1878.53,1878.62,0.0,37.19,69280.67,1
2025-07-23,2025-07-23 13:54:00,1878.62,1878.71,1878.62,1878.71,0.0,37.19,69280.67,1
2025-07-23,2025-07-23 13:55:00,1878.71,1878.8,1878.71,1878.8,0.0,37.19,69280.67,1
2025-07-23,2025-07-23 13:56:00,1878.8,1878.89,1878.8,1878.89,0.0,37.19,69280.67,1
2025-07-23,2025-07-23 13:57:00,1878.89,1878.98,1878.89,1878.98,0.0,37.19,69280.67,1
2025-07-23,2025-07-23 13:58:00,1878.98,1879.06,1878.98,1879.06,0.0,37.19,69280.67,1
2025-07-23,2025-07-23 13:59:00,1879.06,1879.15,1879.06,1879.15,0.0,37.19,69280.67,1
2025-07-23,2025-07-23 14:00:00,1879.15,1879.24,1879.15,1879.24,0.0,37.19,69280.67,1
2025-07-23,2025-07-23 14:01:00,1879.24,1879.33,1879.24,1879.33,0.0,37.19,69280.67,1
2025-07-23,2025-07-23 14:02:00,1879.33,1879.42,1879.33,1879.42,0.0,37.19,69280.67,1
2025-07-23,2025-07-23 14:03:00,1879.42,1879.51,1879.42,1879.51,0.0,37.19,69280.67,1
2025-07-23,2025-07-23 14:04:00,1879.51,1879.6,1879.51,1879.6,0.0,37.19,69280.67,1
2025-07-23,2025-07-23 14:05:00,1879.6,1879.68,1879.6,1879.68,0.0,37.19,69280.67,1
2025-07-23,2025-07-23 14:06:00,1879.68,1879.77,1879.68,1879.77,0.0,37.19,69280.67,1
2025-07-23,2025-07-23 14:07:00,1879.77,1879.86,1879.77,1879.86,0.0,37.19,69280.67,1
2025-07-23,2025-07-23 14:08:00,1879.86,1879.95,1879.86,1879.95,0.0,37.19,69280.67,1
2025-07-23,2025-07-23 14:09:00,1879.95,1880.04,1879.95,1880.04,0.0,37.19,69280.67,1
2025-07-23,2025-07-23 14:10:00,1880.04,1880.13,1880.04,1880.13,0.0,37.19,69280.67,1
2025-07-23,2025-07-23 14:11:00,1880.13,1880.22,1880.13,1880.22,0.0,37.19,69280.67,1
2025-07-23,2025-07-23 14:12:00,1880.22,1880.3,1880.22,1880.3,0.0,37.19,69280.67,1
2025-07-23,2025-07-23 14:13:00,1880.3,1880.39,1880.3,1880.39,0.0,37.19,69280.67,1
2025-07-23,2025-07-23 14:14:00,1880.39,1880.48,1880.39,1880.48,0.0,37.19,69280.67,1
2025-07-23,2025-07-23 14:15:00,1880.48,1880.57,1880.48,1880.57,0.0,37.19,69280.67,1
2025-07-23,2025-07-23 14:16:00,1880.57,1880.66,1880.57,1880.66,0.0,37.19,69280.67,1
2025-07-23,2025-07-23 14:17:00,1880.66,1880.75,1880.66,1880.75,0.0,37.19,69280.67,1
2025-07-23,2025-07-23 14:18:00,1880.75,1880.84,1880.75,1880.84,0.0,37.19,69280.67,1
2025-07-23,2025-07-23 14:19:00,1880.84,1880.92,1880.84,1880.92,0.0,37.19,69280.67,1
2025-07-23,2025-07-23 14:20:00,1880.92,1881.01,1880.92,1881.01,0.0,37.19,69280.67,1
2025-07-23,2025-07-23 14:21:00,1881.01,1881.1,1881.01,1881.1,0.0,37.19,69280.67,1
2025-07-23,2025-07-23 14:22:00,1881.1,1881.19,1881.1,1881.19,0.0,37.19,69280.67,1
2025-07-23,2025-07-23 14:23:00,1881.19,1881.28,1881.19,1881.28,0.0,37.19,69280.67,1
2025-07-23,2025-07-23 14:24:00,1881.28,1881.37,1881.28,1881.37,0.0,37.19,69280.67,1
2025-07-23,2025-07-23 14:25:00,1881.37,1881.46,1881.37,1881.46,0.0,37.19,69280.67,1
2025-07-23,2025-07-23 14:26:00,1881.46,1881.55,1881.46,1881.55,0.0,37.19,69280.67,1
2025-07-23,2025-07-23 14:27:00,1881.55,1881.63,1881.55,1881.63,0.0,37.19,69280.67,1
2025-07-23,2025-07-23 14:28:00,1881.63,1881.72,1881.63,1881.72,0.0,37.19,69280.67,1
2025-07-23,2025-07-23 14:29:00,1881.72,1881.81,1881.72,1881.81,0.0,37.19,69280.67,1
2025-07-23,2025-07-23 14:30:00,1881.81,1881.9,1881.81,1881.9,0.0,37.19,69280.67,1
2025-07-23,2025-07-23 14:31:00,1881.9,1881.99,1881.9,1881.99,0.0,37.19,69280.67,1
2025-07-23,2025-07-23 14:32:00,1881.99,1882.08,1881.99,1882.08,0.0,37.19,69280.67,1
2025-07-23,2025-07-23 14:33:00,1882.08,1882.17,1882.08,1882.17,0.0,37.19,69280.67,1
2025-07-23,2025-07-23 14:34:00,1882.17,1882.25,1882.17,1882.25,0.0,37.19,69280.67,1
2025-07-23,2025-07-23 14:35:00,1882.25,1882.34,1882.25,1882.34,0.0,37.19,69280.67,1
2025-07-23,2025-07-23 14:36:00,1882.34,1882.43,1882.34,1882.43,0.0,37.19,69280.67,1
2025-07-23,2025-07-23 14:37:00,1882.43,1882.52,1882.43,1882.52,0.0,37.19,69280.67,1
2025-07-23,2025-07-23 14:38:00,1882.52,1882.61,1882.52,1882.61,0.0,37.19,69280.67,1
2025-07-23,2025-07-23 14:39:00,1882.61,1882.7,1882.61,1882.7,0.0,37.19,69280.67,1
2025-07-23,2025-07-23 14:40:00,1882.7,1882.79,1882.7,1882.79,0.0,37.19,69280.67,1
2025-07-23,2025-07-23 14:41:00,1882.79,1882.87,1882.79,1882.87,0.0,37.19,69280.67,1
2025-07-23,2025-07-23 14:42:00,1882.87,1882.96,1882.87,1882.96,0.0,37.19,69280.67,1
2025-07-23,2025-07-23 14:43:00,1882.96,1883.05,1882.96,1883.05,0.0,37.19,69280.67,1
2025-07-23,2025-07-23 14:44:00,1883.05,1883.14,1883.05,1883.14,0.0,37.19,69280.67,1
2025-07-23,2025-07-23 14:45:00,1883.14,1883.23,1883.14,1883.23,0.0,37.19,69280.67,1
2025-07-23,2025-07-23 14:46:00,1883.23,1883.32,1883.23,1883.32,0.0,37.19,69280.67,1
2025-07-23,2025-07-23 14:47:00,1883.32,1883.41,1883.32,1883.41,0.0,37.19,69280.67,1
2025-07-23,2025-07-23 14:48:00,1883.41,1883.5,1883.41,1883.5,0.0,37.19,69280.67,1
2025-07-23,2025-07-23 14:49:00,1883.5,1883.58,1883.5,1883.58,0.0,37.19,69280.67,1
2025-07-23,2025-07-23 14:50:00,1883.58,1883.67,1883.58,1883.67,0.0,37.19,69280.67,1
2025-07-23,2025-07-23 14:51:00,1883.67,1883.76,1883.67,1883.76,0.0,37.19,69280.67,1
2025-07-23,2025-07-23 14:52:00,1883.76,1883.85,1883.76,1883.85,0.0,37.19,69280.67,1
2025-07-23,2025-07-23 14:53:00,1883.85,1883.94,1883.85,1883.94,0.0,37.19,69280.67,1
2025-07-23,2025-07-23 14:54:00,1883.94,1884.03,1883.94,1884.03,0.0,37.19,69280.67,1
2025-07-23,2025-07-23 14:55:00,1884.03,1884.12,1884.03,1884.12,0.0,37.19,69280.67,1
2025-07-23,2025-07-23 14:56:00,1884.12,1884.2,1884.12,1884.2,0.0,37.19,69280.67,1
2025-07-23,2025-07-23 14:57:00,1884.2,1884.29,1884.2,1884.29,0.0,37.19,69280.67,1
2025-07-23,2025-07-23 14:58:00,1884.29,1884.38,1884.29,1884.38,0.0,37.19,69280.67,1
2025-07-23,2025-07-23 14:59:00,1884.38,1884.47,1884.38,1884.47,0.0,37.19,69280.67,1
2025-07-23,2025-07-23 15:00:00,1884.47,1896.0,1841.0,1884.47,0.0,37.19,69280.67,0
2025-07-24,2025-07-24 11:00:00,1880.0,1892.6,1877.0,1880.08,0.0,40.65,77155.23,1
2025-07-24,2025-07-24 11:01:00,1880.08,1880.16,1880.08,1880.16,0.0,40.65,77155.23,1
2025-07-24,2025-07-24 11:02:00,1880.16,1880.25,1880.16,1880.25,0.0,40.65,77155.23,1
2025-07-24,2025-07-24 11:03:00,1880.25,1880.33,1880.25,1880.33,0.0,40.65,77155.23,1
2025-07-24,2025-07-24 11:04:00,1880.33,1880.41,1880.33,1880.41,0.0,40.65,77155.23,1
2025-07-24,2025-07-24 11:05:00,1880.41,1880.49,1880.41,1880.49,0.0,40.65,77155.23,1
2025-07-24,2025-07-24 11:06:00,1880.49,1880.57,1880.49,1880.57,0.0,40.65,77155.23,1
2025-07-24,2025-07-24 11:07:00,1880.57,1880.65,1880.57,1880.65,0.0,40.65,77155.23,1
2025-07-24,2025-07-24 11:08:00,1880.65,1880.74,1880.65,1880.74,0.0,40.65,77155.23,1
2025-07-24,2025-07-24 11:09:00,1880.74,1880.82,1880.74,1880.82,0.0,40.65,77155.23,1
2025-07-24,2025-07-24 11:10:00,1880.82,1880.9,1880.82,1880.9,0.0,40.65,77155.23,1
2025-07-24,2025-07-24 11:11:00,1880.9,1880.98,1880.9,1880.98,0.0,40.65,77155.23,1
2025-07-24,2025-07-24 11:12:00,1880.98,1881.06,1880.98,1881.06,0.0,40.65,77155.23,1
2025-07-24,2025-07-24 11:13:00,1881.06,1881.14,1881.06,1881.14,0.0,40.65,77155.23,1
2025-07-24,2025-07-24 11:14:00,1881.14,1881.23,1881.14,1881.23,0.0,40.65,77155.23,1
2025-07-24,2025-07-24 11:15:00,1881.23,1881.31,1881.23,1881.31,0.0,40.65,77155.23,1
2025-07-24,2025-07-24 11:16:00,1881.31,1881.39,1881.31,1881.39,0.0,40.65,77155.23,1
2025-07-24,2025-07-24 11:17:00,1881.39,1881.47,1881.39,1881.47,0.0,40.65,77155.23,1
2025-07-24,2025-07-24 11:18:00,1881.47,1881.55,1881.47,1881.55,0.0,40.65,77155.23,1
2025-07-24,2025-07-24 11:19:00,1881.55,1881.63,1881.55,1881.63,0.0,40.65,77155.23,1
2025-07-24,2025-07-24 11:20:00,1881.63,1881.72,1881.63,1881.72,0.0,40.65,77155.23,1
2025-07-24,2025-07-24 11:21:00,1881.72,1881.8,1881.72,1881.8,0.0,40.65,77155.23,1
2025-07-24,2025-07-24 11:22:00,1881.8,1881.88,1881.8,1881.88,0.0,40.65,77155.23,1
2025-07-24,2025-07-24 11:23:00,1881.88,1881.96,1881.88,1881.96,0.0,40.65,77155.23,1
2025-07-24,2025-07-24 11:24:00,1881.96,1882.04,1881.96,1882.04,0.0,40.65,77155.23,1
2025-07-24,2025-07-24 11:25:00,1882.04,1882.13,1882.04,1882.13,0.0,40.65,77155.23,1
2025-07-24,2025-07-24 11:26:00,1882.13,1882.21,1882.13,1882.21,0.0,40.65,77155.23,1
2025-07-24,2025-07-24 11:27:00,1882.21,1882.29,1882.21,1882.29,0.0,40.65,77155.23,1
2025-07-24,2025-07-24 11:28:00,1882.29,1882.37,1882.29,1882.37,0.0,40.65,77155.23,1
2025-07-24,2025-07-24 11:29:00,1882.37,1882.45,1882.37,1882.45,0.0,40.65,77155.23,1
2025-07-24,2025-07-24 11:30:00,1882.45,1882.53,1882.45,1882.53,0.0,40.65,77155.23,1
2025-07-24,2025-07-24 11:31:00,1882.53,1882.62,1882.53,1882.62,0.0,40.65,77155.23,1
2025-07-24,2025-07-24 11:32:00,1882.62,1882.7,1882.62,1882.7,0.0,40.65,77155.23,1
2025-07-24,2025-07-24 11:33:00,1882.7,1882.78,1882.7,1882.78,0.0,40.65,77155.23,1
2025-07-24,2025-07-24 11:34:00,1882.78,1882.86,1882.78,1882.86,0.0,40.65,77155.23,1
2025-07-24,2025-07-24 11:35:00,1882.86,1882.94,1882.86,1882.94,0.0,40.65,77155.23,1
2025-07-24,2025-07-24 11:36:00,1882.94,1883.02,1882.94,1883.02,0.0,40.65,77155.23,1
2025-07-24,2025-07-24 11:37:00,1883.02,1883.11,1883.02,1883.11,0.0,40.65,77155.23,1
2025-07-24,2025-07-24 11:38:00,1883.11,1883.19,1883.11,1883.19,0.0,40.65,77155.23,1
2025-07-24,2025-07-24 11:39:00,1883.19,1883.27,1883.19,1883.27,0.0,40.65,77155.23,1
2025-07-24,2025-07-24 11:40:00,1883.27,1883.35,1883.27,1883.35,0.0,40.65,77155.23,1
2025-07-24,2025-07-24 11:41:00,1883.35,1883.43,1883.35,1883.43,0.0,40.65,77155.23,1
2025-07-24,2025-07-24 11:42:00,1883.43,1883.52,1883.43,1883.52,0.0,40.65,77155.23,1
2025-07-24,2025-07-24 11:43:00,1883.52,1883.6,1883.52,1883.6,0.0,40.65,77155.23,1
2025-07-24,2025-07-24 11:44:00,1883.6,1883.68,1883.6,1883.68,0.0,40.65,77155.23,1
2025-07-24,2025-07-24 11:45:00,1883.68,1883.76,1883.68,1883.76,0.0,40.65,77155.23,1
2025-07-24,2025-07-24 11:46:00,1883.76,1883.84,1883.76,1883.84,0.0,40.65,77155.23,1
2025-07-24,2025-07-24 11:47:00,1883.84,1883.92,1883.84,1883.92,0.0,40.65,77155.23,1
2025-07-24,2025-07-24 11:48:00,1883.92,1884.01,1883.92,1884.01,0.0,40.65,77155.23,1
2025-07-24,2025-07-24 11:49:00,1884.01,1884.09,1884.01,1884.09,0.0,40.65,77155.23,1
2025-07-24,2025-07-24 11:50:00,1884.09,1884.17,1884.09,1884.17,0.0,40.65,77155.23,1
2025-07-24,2025-07-24 11:51:00,1884.17,1884.25,1884.17,1884.25,0.0,40.65,77155.23,1
2025-07-24,2025-07-24 11:52:00,1884.25,1884.33,1884.25,1884.33,0.0,40.65,77155.23,1
2025-07-24,2025-07-24 11:53:00,1884.33,1884.41,1884.33,1884.41,0.0,40.65,77155.23,1
2025-07-24,2025-07-24 11:54:00,1884.41,1884.5,1884.41,1884.5,0.0,40.65,77155.23,1
2025-07-24,2025-07-24 11:55:00,1884.5,1884.58,1884.5,1884.58,0.0,40.65,77155.23,1
2025-07-24,2025-07-24 11:56:00,1884.58,1884.66,1884.58,1884.66,0.0,40.65,77155.23,1
2025-07-24,2025-07-24 11:57:00,1884.66,1884.74,1884.66,1884.74,0.0,40.65,77155.23,1
2025-07-24,2025-07-24 11:58:00,1884.74,1884.82,1884.74,1884.82,0.0,40.65,77155.23,1
2025-07-24,2025-07-24 11:59:00,1884.82,1884.9,1884.82,1884.9,0.0,40.65,77155.23,1
2025-07-24,2025-07-24 12:00:00,1884.9,1884.99,1884.9,1884.99,0.0,40.65,77155.23,1
2025-07-24,2025-07-24 12:01:00,1884.99,1885.07,1884.99,1885.07,0.0,40.65,77155.23,1
2025-07-24,2025-07-24 12:02:00,1885.07,1885.15,1885.07,1885.15,0.0,40.65,77155.23,1
2025-07-24,2025-07-24 12:03:00,1885.15,1885.23,1885.15,1885.23,0.0,40.65,77155.23,1
2025-07-24,2025-07-24 12:04:00,1885.23,1885.31,1885.23,1885.31,0.0,40.65,77155.23,1
2025-07-24,2025-07-24 12:05:00,1885.31,1885.4,1885.31,1885.4,0.0,40.65,77155.23,1
2025-07-24,2025-07-24 12:06:00,1885.4,1885.48,1885.4,1885.48,0.0,40.65,77155.23,1
2025-07-24,2025-07-24 12:07:00,1885.48,1885.56,1885.48,1885.56,0.0,40.65,77155.23,1
2025-07-24,2025-07-24 12:08:00,1885.56,1885.64,1885.56,1885.64,0.0,40.65,77155.23,1
2025-07-24,2025-07-24 12:09:00,1885.64,1885.72,1885.64,1885.72,0.0,40.65,77155.23,1
2025-07-24,2025-07-24 12:10:00,1885.72,1885.8,1885.72,1885.8,0.0,40.65,77155.23,1
2025-07-24,2025-07-24 12:11:00,1885.8,1885.89,1885.8,1885.89,0.0,40.65,77155.23,1
2025-07-24,2025-07-24 12:12:00,1885.89,1885.97,1885.89,1885.97,0.0,40.65,77155.23,1
2025-07-24,2025-07-24 12:13:00,1885.97,1886.05,1885.97,1886.05,0.0,40.65,77155.23,1
2025-07-24,2025-07-24 12:14:00,1886.05,1886.13,1886.05,1886.13,0.0,40.65,77155.23,1
2025-07-24,2025-07-24 12:15:00,1886.13,1886.21,1886.13,1886.21,0.0,40.65,77155.23,1
2025-07-24,2025-07-24 12:16:00,1886.21,1886.29,1886.21,1886.29,0.0,40.65,77155.23,1
2025-07-24,2025-07-24 12:17:00,1886.29,1886.38,1886.29,1886.38,0.0,40.65,77155.23,1
2025-07-24,2025-07-24 12:18:00,1886.38,1886.46,1886.38,1886.46,0.0,40.65,77155.23,1
2025-07-24,2025-07-24 12:19:00,1886.46,1886.54,1886.46,1886.54,0.0,40.65,77155.23,1
2025-07-24,2025-07-24 12:20:00,1886.54,1886.62,1886.54,1886.62,0.0,40.65,77155.23,1
2025-07-24,2025-07-24 12:21:00,1886.62,1886.7,1886.62,1886.7,0.0,40.65,77155.23,1
2025-07-24,2025-07-24 12:22:00,1886.7,1886.79,1886.7,1886.79,0.0,40.65,77155.23,1
2025-07-24,2025-07-24 12:23:00,1886.79,1886.87,1886.79,1886.87,0.0,40.65,77155.23,1
2025-07-24,2025-07-24 12:24:00,1886.87,1886.95,1886.87,1886.95,0.0,40.65,77155.23,1
2025-07-24,2025-07-24 12:25:00,1886.95,1887.03,1886.95,1887.03,0.0,40.65,77155.23,1
2025-07-24,2025-07-24 12:26:00,1887.03,1887.11,1887.03,1887.11,0.0,40.65,77155.23,1
2025-07-24,2025-07-24 12:27:00,1887.11,1887.19,1887.11,1887.19,0.0,40.65,77155.23,1
2025-07-24,2025-07-24 12:28:00,1887.19,1887.28,1887.19,1887.28,0.0,40.65,77155.23,1
2025-07-24,2025-07-24 12:29:00,1887.28,1887.36,1887.28,1887.36,0.0,40.65,77155.23,1
2025-07-24,2025-07-24 12:30:00,1887.36,1887.44,1887.36,1887.44,0.0,40.65,77155.23,1
2025-07-24,2025-07-24 12:31:00,1887.44,1887.52,1887.44,1887.52,0.0,40.65,77155.23,1
2025-07-24,2025-07-24 12:32:00,1887.52,1887.6,1887.52,1887.6,0.0,40.65,77155.23,1
2025-07-24,2025-07-24 12:33:00,1887.6,1887.68,1887.6,1887.68,0.0,40.65,77155.23,1
2025-07-24,2025-07-24 12:34:00,1887.68,1887.77,1887.68,1887.77,0.0,40.65,77155.23,1
2025-07-24,2025-07-24 12:35:00,1887.77,1887.85,1887.77,1887.85,0.0,40.65,77155.23,1
2025-07-24,2025-07-24 12:36:00,1887.85,1887.93,1887.85,1887.93,0.0,40.65,77155.23,1
2025-07-24,2025-07-24 12:37:00,1887.93,1888.01,1887.93,1888.01,0.0,40.65,77155.23,1
2025-07-24,2025-07-24 12:38:00,1888.01,1888.09,1888.01,1888.09,0.0,40.65,77155.23,1
2025-07-24,2025-07-24 12:39:00,1888.09,1888.17,1888.09,1888.17,0.0,40.65,77155.23,1
2025-07-24,2025-07-24 12:40:00,1888.17,1888.26,1888.17,1888.26,0.0,40.65,77155.23,1
2025-07-24,2025-07-24 12:41:00,1888.26,1888.34,1888.26,1888.34,0.0,40.65,77155.23,1
2025-07-24,2025-07-24 12:42:00,1888.34,1888.42,1888.34,1888.42,0.0,40.65,77155.23,1
2025-07-24,2025-07-24 12:43:00,1888.42,1888.5,1888.42,1888.5,0.0,40.65,77155.23,1
2025-07-24,2025-07-24 12:44:00,1888.5,1888.58,1888.5,1888.58,0.0,40.65,77155.23,1
2025-07-24,2025-07-24 12:45:00,1888.58,1888.67,1888.58,1888.67,0.0,40.65,77155.23,1
2025-07-24,2025-07-24 12:46:00,1888.67,1888.75,1888.67,1888.75,0.0,40.65,77155.23,1
2025-07-24,2025-07-24 12:47:00,1888.75,1888.83,1888.75,1888.83,0.0,40.65,77155.23,1
2025-07-24,2025-07-24 12:48:00,1888.83,1888.91,1888.83,1888.91,0.0,40.65,77155.23,1
2025-07-24,2025-07-24 12:49:00,1888.91,1888.99,1888.91,1888.99,0.0,40.65,77155.23,1
2025-07-24,2025-07-24 12:50:00,1888.99,1889.07,1888.99,1889.07,0.0,40.65,77155.23,1
2025-07-24,2025-07-24 12:51:00,1889.07,1889.16,1889.07,1889.16,0.0,40.65,77155.23,1
2025-07-24,2025-07-24 12:52:00,1889.16,1889.24,1889.16,1889.24,0.0,40.65,77155.23,1
2025-07-24,2025-07-24 12:53:00,1889.24,1889.32,1889.24,1889.32,0.0,40.65,77155.23,1
2025-07-24,2025-07-24 12:54:00,1889.32,1889.4,1889.32,1889.4,0.0,40.65,77155.23,1
2025-07-24,2025-07-24 12:55:00,1889.4,1889.48,1889.4,1889.48,0.0,40.65,77155.23,1
2025-07-24,2025-07-24 12:56:00,1889.48,1889.56,1889.48,1889.56,0.0,40.65,77155.23,1
2025-07-24,2025-07-24 12:57:00,1889.56,1889.65,1889.56,1889.65,0.0,40.65,77155.23,1
2025-07-24,2025-07-24 12:58:00,1889.65,1889.73,1889.65,1889.73,0.0,40.65,77155.23,1
2025-07-24,2025-07-24 12:59:00,1889.73,1889.81,1889.73,1889.81,0.0,40.65,77155.23,1
2025-07-24,2025-07-24 13:00:00,1889.81,1922.0,1870.0,1889.89,0.0,40.65,77155.23,1
2025-07-24,2025-07-24 13:01:00,1889.89,1889.97,1889.89,1889.97,0.0,40.65,77155.23,1
2025-07-24,2025-07-24 13:02:00,1889.97,1890.06,1889.97,1890.06,0.0,40.65,77155.23,1
2025-07-24,2025-07-24 13:03:00,1890.06,1890.14,1890.06,1890.14,0.0,40.65,77155.23,1
2025-07-24,2025-07-24 13:04:00,1890.14,1890.22,1890.14,1890.22,0.0,40.65,77155.23,1
2025-07-24,2025-07-24 13:05:00,1890.22,1890.3,1890.22,1890.3,0.0,40.65,77155.23,1
2025-07-24,2025-07-24 13:06:00,1890.3,1890.38,1890.3,1890.38,0.0,40.65,77155.23,1
2025-07-24,2025-07-24 13:07:00,1890.38,1890.46,1890.38,1890.46,0.0,40.65,77155.23,1
2025-07-24,2025-07-24 13:08:00,1890.46,1890.55,1890.46,1890.55,0.0,40.65,77155.23,1
2025-07-24,2025-07-24 13:09:00,1890.55,1890.63,1890.55,1890.63,0.0,40.65,77155.23,1
2025-07-24,2025-07-24 13:10:00,1890.63,1890.71,1890.63,1890.71,0.0,40.65,77155.23,1
2025-07-24,2025-07-24 13:11:00,1890.71,1890.79,1890.71,1890.79,0.0,40.65,77155.23,1
2025-07-24,2025-07-24 13:12:00,1890.79,1890.87,1890.79,1890.87,0.0,40.65,77155.23,1
2025-07-24,2025-07-24 13:13:00,1890.87,1890.95,1890.87,1890.95,0.0,40.65,77155.23,1
2025-07-24,2025-07-24 13:14:00,1890.95,1891.04,1890.95,1891.04,0.0,40.65,77155.23,1
2025-07-24,2025-07-24 13:15:00,1891.04,1891.12,1891.04,1891.12,0.0,40.65,77155.23,1
2025-07-24,2025-07-24 13:16:00,1891.12,1891.2,1891.12,1891.2,0.0,40.65,77155.23,1
2025-07-24,2025-07-24 13:17:00,1891.2,1891.28,1891.2,1891.28,0.0,40.65,77155.23,1
2025-07-24,2025-07-24 13:18:00,1891.28,1891.36,1891.28,1891.36,0.0,40.65,77155.23,1
2025-07-24,2025-07-24 13:19:00,1891.36,1891.44,1891.36,1891.44,0.0,40.65,77155.23,1
2025-07-24,2025-07-24 13:20:00,1891.44,1891.53,1891.44,1891.53,0.0,40.65,77155.23,1
2025-07-24,2025-07-24 13:21:00,1891.53,1891.61,1891.53,1891.61,0.0,40.65,77155.23,1
2025-07-24,2025-07-24 13:22:00,1891.61,1891.69,1891.61,1891.69,0.0,40.65,77155.23,1
2025-07-24,2025-07-24 13:23:00,1891.69,1891.77,1891.69,1891.77,0.0,40.65,77155.23,1
2025-07-24,2025-07-24 13:24:00,1891.77,1891.85,1891.77,1891.85,0.0,40.65,77155.23,1
2025-07-24,2025-07-24 13:25:00,1891.85,1891.94,1891.85,1891.94,0.0,40.65,77155.23,1
2025-07-24,2025-07-24 13:26:00,1891.94,1892.02,1891.94,1892.02,0.0,40.65,77155.23,1
2025-07-24,2025-07-24 13:27:00,1892.02,1892.1,1892.02,1892.1,0.0,40.65,77155.23,1
2025-07-24,2025-07-24 13:28:00,1892.1,1892.18,1892.1,1892.18,0.0,40.65,77155.23,1
2025-07-24,2025-07-24 13:29:00,1892.18,1892.26,1892.18,1892.26,0.0,40.65,77155.23,1
2025-07-24,2025-07-24 13:30:00,1892.26,1892.34,1892.26,1892.34,0.0,40.65,77155.23,1
2025-07-24,2025-07-24 13:31:00,1892.34,1892.43,1892.34,1892.43,0.0,40.65,77155.23,1
2025-07-24,2025-07-24 13:32:00,1892.43,1892.51,1892.43,1892.51,0.0,40.65,77155.23,1
2025-07-24,2025-07-24 13:33:00,1892.51,1892.59,1892.51,1892.59,0.0,40.65,77155.23,1
2025-07-24,2025-07-24 13:34:00,1892.59,1892.67,1892.59,1892.67,0.0,40.65,77155.23,1
2025-07-24,2025-07-24 13:35:00,1892.67,1892.75,1892.67,1892.75,0.0,40.65,77155.23,1
2025-07-24,2025-07-24 13:36:00,1892.75,1892.83,1892.75,1892.83,0.0,40.65,77155.23,1
2025-07-24,2025-07-24 13:37:00,1892.83,1892.92,1892.83,1892.92,0.0,40.65,77155.23,1
2025-07-24,2025-07-24 13:38:00,1892.92,1893.0,1892.92,1893.0,0.0,40.65,77155.23,1
2025-07-24,2025-07-24 13:39:00,1893.0,1893.08,1893.0,1893.08,0.0,40.65,77155.23,1
2025-07-24,2025-07-24 13:40:00,1893.08,1893.16,1893.08,1893.16,0.0,40.65,77155.23,1
2025-07-24,2025-07-24 13:41:00,1893.16,1893.24,1893.16,1893.24,0.0,40.65,77155.23,1
2025-07-24,2025-07-24 13:42:00,1893.24,1893.33,1893.24,1893.33,0.0,40.65,77155.23,1
2025-07-24,2025-07-24 13:43:00,1893.33,1893.41,1893.33,1893.41,0.0,40.65,77155.23,1
2025-07-24,2025-07-24 13:44:00,1893.41,1893.49,1893.41,1893.49,0.0,40.65,77155.23,1
2025-07-24,2025-07-24 13:45:00,1893.49,1893.57,1893.49,1893.57,0.0,40.65,77155.23,1
2025-07-24,2025-07-24 13:46:00,1893.57,1893.65,1893.57,1893.65,0.0,40.65,77155.23,1
2025-07-24,2025-07-24 13:47:00,1893.65,1893.73,1893.65,1893.73,0.0,40.65,77155.23,1
2025-07-24,2025-07-24 13:48:00,1893.73,1893.82,1893.73,1893.82,0.0,40.65,77155.23,1
2025-07-24,2025-07-24 13:49:00,1893.82,1893.9,1893.82,1893.9,0.0,40.65,77155.23,1
2025-07-24,2025-07-24 13:50:00,1893.9,1893.98,1893.9,1893.98,0.0,40.65,77155.23,1
2025-07-24,2025-07-24 13:51:00,1893.98,1894.06,1893.98,1894.06,0.0,40.65,77155.23,1
2025-07-24,2025-07-24 13:52:00,1894.06,1894.14,1894.06,1894.14,0.0,40.65,77155.23,1
2025-07-24,2025-07-24 13:53:00,1894.14,1894.22,1894.14,1894.22,0.0,40.65,77155.23,1
2025-07-24,2025-07-24 13:54:00,1894.22,1894.31,1894.22,1894.31,0.0,40.65,77155.23,1
2025-07-24,2025-07-24 13:55:00,1894.31,1894.39,1894.31,1894.39,0.0,40.65,77155.23,1
2025-07-24,2025-07-24 13:56:00,1894.39,1894.47,1894.39,1894.47,0.0,40.65,77155.23,1
2025-07-24,2025-07-24 13:57:00,1894.47,1894.55,1894.47,1894.55,0.0,40.65,77155.23,1
2025-07-24,2025-07-24 13:58:00,1894.55,1894.63,1894.55,1894.63,0.0,40.65,77155.23,1
2025-07-24,2025-07-24 13:59:00,1894.63,1894.71,1894.63,1894.71,0.0,40.65,77155.23,1
2025-07-24,2025-07-24 14:00:00,1894.71,1894.8,1894.71,1894.8,0.0,40.65,77155.23,1
2025-07-24,2025-07-24 14:01:00,1894.8,1894.88,1894.8,1894.88,0.0,40.65,77155.23,1
2025-07-24,2025-07-24 14:02:00,1894.88,1894.96,1894.88,1894.96,0.0,40.65,77155.23,1
2025-07-24,2025-07-24 14:03:00,1894.96,1895.04,1894.96,1895.04,0.0,40.65,77155.23,1
2025-07-24,2025-07-24 14:04:00,1895.04,1895.12,1895.04,1895.12,0.0,40.65,77155.23,1
2025-07-24,2025-07-24 14:05:00,1895.12,1895.21,1895.12,1895.21,0.0,40.65,77155.23,1
2025-07-24,2025-07-24 14:06:00,1895.21,1895.29,1895.21,1895.29,0.0,40.65,77155.23,1
2025-07-24,2025-07-24 14:07:00,1895.29,1895.37,1895.29,1895.37,0.0,40.65,77155.23,1
2025-07-24,2025-07-24 14:08:00,1895.37,1895.45,1895.37,1895.45,0.0,40.65,77155.23,1
2025-07-24,2025-07-24 14:09:00,1895.45,1895.53,1895.45,1895.53,0.0,40.65,77155.23,1
2025-07-24,2025-07-24 14:10:00,1895.53,1895.61,1895.53,1895.61,0.0,40.65,77155.23,1
2025-07-24,2025-07-24 14:11:00,1895.61,1895.7,1895.61,1895.7,0.0,40.65,77155.23,1
2025-07-24,2025-07-24 14:12:00,1895.7,1895.78,1895.7,1895.78,0.0,40.65,77155.23,1
2025-07-24,2025-07-24 14:13:00,1895.78,1895.86,1895.78,1895.86,0.0,40.65,77155.23,1
2025-07-24,2025-07-24 14:14:00,1895.86,1895.94,1895.86,1895.94,0.0,40.65,77155.23,1
2025-07-24,2025-07-24 14:15:00,1895.94,1896.02,1895.94,1896.02,0.0,40.65,77155.23,1
2025-07-24,2025-07-24 14:16:00,1896.02,1896.1,1896.02,1896.1,0.0,40.65,77155.23,1
2025-07-24,2025-07-24 14:17:00,1896.1,1896.19,1896.1,1896.19,0.0,40.65,77155.23,1
2025-07-24,2025-07-24 14:18:00,1896.19,1896.27,1896.19,1896.27,0.0,40.65,77155.23,1
2025-07-24,2025-07-24 14:19:00,1896.27,1896.35,1896.27,1896.35,0.0,40.65,77155.23,1
2025-07-24,2025-07-24 14:20:00,1896.35,1896.43,1896.35,1896.43,0.0,40.65,77155.23,1
2025-07-24,2025-07-24 14:21:00,1896.43,1896.51,1896.43,1896.51,0.0,40.65,77155.23,1
2025-07-24,2025-07-24 14:22:00,1896.51,1896.6,1896.51,1896.6,0.0,40.65,77155.23,1
2025-07-24,2025-07-24 14:23:00,1896.6,1896.68,1896.6,1896.68,0.0,40.65,77155.23,1
2025-07-24,2025-07-24 14:24:00,1896.68,1896.76,1896.68,1896.76,0.0,40.65,77155.23,1
2025-07-24,2025-07-24 14:25:00,1896.76,1896.84,1896.76,1896.84,0.0,40.65,77155.23,1
2025-07-24,2025-07-24 14:26:00,1896.84,1896.92,1896.84,1896.92,0.0,40.65,77155.23,1
2025-07-24,2025-07-24 14:27:00,1896.92,1897.0,1896.92,1897.0,0.0,40.65,77155.23,1
2025-07-24,2025-07-24 14:28:00,1897.0,1897.09,1897.0,1897.09,0.0,40.65,77155.23,1
2025-07-24,2025-07-24 14:29:00,1897.09,1897.17,1897.09,1897.17,0.0,40.65,77155.23,1
2025-07-24,2025-07-24 14:30:00,1897.17,1897.25,1897.17,1897.25,0.0,40.65,77155.23,1
2025-07-24,2025-07-24 14:31:00,1897.25,1897.33,1897.25,1897.33,0.0,40.65,77155.23,1
2025-07-24,2025-07-24 14:32:00,1897.33,1897.41,1897.33,1897.41,0.0,40.65,77155.23,1
2025-07-24,2025-07-24 14:33:00,1897.41,1897.49,1897.41,1897.49,0.0,40.65,77155.23,1
2025-07-24,2025-07-24 14:34:00,1897.49,1897.58,1897.49,1897.58,0.0,40.65,77155.23,1
2025-07-24,2025-07-24 14:35:00,1897.58,1897.66,1897.58,1897.66,0.0,40.65,77155.23,1
2025-07-24,2025-07-24 14:36:00,1897.66,1897.74,1897.66,1897.74,0.0,40.65,77155.23,1
2025-07-24,2025-07-24 14:37:00,1897.74,1897.82,1897.74,1897.82,0.0,40.65,77155.23,1
2025-07-24,2025-07-24 14:38:00,1897.82,1897.9,1897.82,1897.9,0.0,40.65,77155.23,1
2025-07-24,2025-07-24 14:39:00,1897.9,1897.98,1897.9,1897.98,0.0,40.65,77155.23,1
2025-07-24,2025-07-24 14:40:00,1897.98,1898.07,1897.98,1898.07,0.0,40.65,77155.23,1
2025-07-24,2025-07-24 14:41:00,1898.07,1898.15,1898.07,1898.15,0.0,40.65,77155.23,1
2025-07-24,2025-07-24 14:42:00,1898.15,1898.23,1898.15,1898.23,0.0,40.65,77155.23,1
2025-07-24,2025-07-24 14:43:00,1898.23,1898.31,1898.23,1898.31,0.0,40.65,77155.23,1
2025-07-24,2025-07-24 14:44:00,1898.31,1898.39,1898.31,1898.39,0.0,40.65,77155.23,1
2025-07-24,2025-07-24 14:45:00,1898.39,1898.48,1898.39,1898.48,0.0,40.65,77155.23,1
2025-07-24,2025-07-24 14:46:00,1898.48,1898.56,1898.48,1898.56,0.0,40.65,77155.23,1
2025-07-24,2025-07-24 14:47:00,1898.56,1898.64,1898.56,1898.64,0.0,40.65,77155.23,1
2025-07-24,2025-07-24 14:48:00,1898.64,1898.72,1898.64,1898.72,0.0,40.65,77155.23,1
2025-07-24,2025-07-24 14:49:00,1898.72,1898.8,1898.72,1898.8,0.0,40.65,77155.23,1
2025-07-24,2025-07-24 14:50:00,1898.8,1898.88,1898.8,1898.88,0.0,40.65,77155.23,1
2025-07-24,2025-07-24 14:51:00,1898.88,1898.97,1898.88,1898.97,0.0,40.65,77155.23,1
2025-07-24,2025-07-24 14:52:00,1898.97,1899.05,1898.97,1899.05,0.0,40.65,77155.23,1
2025-07-24,2025-07-24 14:53:00,1899.05,1899.13,1899.05,1899.13,0.0,40.65,77155.23,1
2025-07-24,2025-07-24 14:54:00,1899.13,1899.21,1899.13,1899.21,0.0,40.65,77155.23,1
2025-07-24,2025-07-24 14:55:00,1899.21,1899.29,1899.21,1899.29,0.0,40.65,77155.23,1
2025-07-24,2025-07-24 14:56:00,1899.29,1899.37,1899.29,1899.37,0.0,40.65,77155.23,1
2025-07-24,2025-07-24 14:57:00,1899.37,1899.46,1899.37,1899.46,0.0,40.65,77155.23,1
2025-07-24,2025-07-24 14:58:00,1899.46,1899.54,1899.46,1899.54,0.0,40.65,77155.23,1
2025-07-24,2025-07-24 14:59:00,1899.54,1899.62,1899.54,1899.62,0.0,40.65,77155.23,1
2025-07-24,2025-07-24 15:00:00,1899.62,1922.0,1870.0,1899.62,0.0,40.65,77155.23,0
2025-07-27,2025-07-27 11:00:00,1862.0,1915.4,1862.0,1862.2,0.01,40.04,76326.09,1
2025-07-27,2025-07-27 11:01:00,1862.2,1862.39,1862.2,1862.39,0.01,40.04,76326.09,1
2025-07-27,2025-07-27 11:02:00,1862.39,1862.59,1862.39,1862.59,0.01,40.04,76326.09,1
2025-07-27,2025-07-27 11:03:00,1862.59,1862.78,1862.59,1862.78,0.01,40.04,76326.09,1
2025-07-27,2025-07-27 11:04:00,1862.78,1862.98,1862.78,1862.98,0.01,40.04,76326.09,1
2025-07-27,2025-07-27 11:05:00,1862.98,1863.17,1862.98,1863.17,0.01,40.04,76326.09,1
2025-07-27,2025-07-27 11:06:00,1863.17,1863.37,1863.17,1863.37,0.01,40.04,76326.09,1
2025-07-27,2025-07-27 11:07:00,1863.37,1863.56,1863.37,1863.56,0.01,40.04,76326.09,1
2025-07-27,2025-07-27 11:08:00,1863.56,1863.76,1863.56,1863.76,0.01,40.04,76326.09,1
2025-07-27,2025-07-27 11:09:00,1863.76,1863.95,1863.76,1863.95,0.01,40.04,76326.09,1
2025-07-27,2025-07-27 11:10:00,1863.95,1864.15,1863.95,1864.15,0.01,40.04,76326.09,1
2025-07-27,2025-07-27 11:11:00,1864.15,1864.34,1864.15,1864.34,0.01,40.04,76326.09,1
2025-07-27,2025-07-27 11:12:00,1864.34,1864.54,1864.34,1864.54,0.01,40.04,76326.09,1
2025-07-27,2025-07-27 11:13:00,1864.54,1864.73,1864.54,1864.73,0.01,40.04,76326.09,1
2025-07-27,2025-07-27 11:14:00,1864.73,1864.93,1864.73,1864.93,0.01,40.04,76326.09,1
2025-07-27,2025-07-27 11:15:00,1864.93,1865.12,1864.93,1865.12,0.01,40.04,76326.09,1
2025-07-27,2025-07-27 11:16:00,1865.12,1865.32,1865.12,1865.32,0.01,40.04,76326.09,1
2025-07-27,2025-07-27 11:17:00,1865.32,1865.51,1865.32,1865.51,0.01,40.04,76326.09,1
2025-07-27,2025-07-27 11:18:00,1865.51,1865.71,1865.51,1865.71,0.01,40.04,76326.09,1
2025-07-27,2025-07-27 11:19:00,1865.71,1865.9,1865.71,1865.9,0.01,40.04,76326.09,1
2025-07-27,2025-07-27 11:20:00,1865.9,1866.1,1865.9,1866.1,0.01,40.04,76326.09,1
2025-07-27,2025-07-27 11:21:00,1866.1,1866.29,1866.1,1866.29,0.01,40.04,76326.09,1
2025-07-27,2025-07-27 11:22:00,1866.29,1866.49,1866.29,1866.49,0.01,40.04,76326.09,1
2025-07-27,2025-07-27 11:23:00,1866.49,1866.68,1866.49,1866.68,0.01,40.04,76326.09,1
2025-07-27,2025-07-27 11:24:00,1866.68,1866.88,1866.68,1866.88,0.01,40.04,76326.09,1
2025-07-27,2025-07-27 11:25:00,1866.88,1867.07,1866.88,1867.07,0.01,40.04,76326.09,1
2025-07-27,2025-07-27 11:26:00,1867.07,1867.27,1867.07,1867.27,0.01,40.04,76326.09,1
2025-07-27,2025-07-27 11:27:00,1867.27,1867.46,1867.27,1867.46,0.01,40.04,76326.09,1
2025-07-27,2025-07-27 11:28:00,1867.46,1867.66,1867.46,1867.66,0.01,40.04,76326.09,1
2025-07-27,2025-07-27 11:29:00,1867.66,1867.85,1867.66,1867.85,0.01,40.04,76326.09,1
2025-07-27,2025-07-27 11:30:00,1867.85,1868.05,1867.85,1868.05,0.01,40.04,76326.09,1
2025-07-27,2025-07-27 11:31:00,1868.05,1868.24,1868.05,1868.24,0.01,40.04,76326.09,1
2025-07-27,2025-07-27 11:32:00,1868.24,1868.44,1868.24,1868.44,0.01,40.04,76326.09,1
2025-07-27,2025-07-27 11:33:00,1868.44,1868.63,1868.44,1868.63,0.01,40.04,76326.09,1
2025-07-27,2025-07-27 11:34:00,1868.63,1868.83,1868.63,1868.83,0.01,40.04,76326.09,1
2025-07-27,2025-07-27 11:35:00,1868.83,1869.02,1868.83,1869.02,0.01,40.04,76326.09,1
2025-07-27,2025-07-27 11:36:00,1869.02,1869.22,1869.02,1869.22,0.01,40.04,76326.09,1
2025-07-27,2025-07-27 11:37:00,1869.22,1869.41,1869.22,1869.41,0.01,40.04,76326.09,1
2025-07-27,2025-07-27 11:38:00,1869.41,1869.61,1869.41,1869.61,0.01,40.04,76326.09,1
2025-07-27,2025-07-27 11:39:00,1869.61,1869.8,1869.61,1869.8,0.01,40.04,76326.09,1
2025-07-27,2025-07-27 11:40:00,1869.8,1870.0,1869.8,1870.0,0.01,40.04,76326.09,1
2025-07-27,2025-07-27 11:41:00,1870.0,1870.19,1870.0,1870.19,0.01,40.04,76326.09,1
2025-07-27,2025-07-27 11:42:00,1870.19,1870.39,1870.19,1870.39,0.01,40.04,76326.09,1
2025-07-27,2025-07-27 11:43:00,1870.39,1870.58,1870.39,1870.58,0.01,40.04,76326.09,1
2025-07-27,2025-07-27 11:44:00,1870.58,1870.78,1870.58,1870.78,0.01,40.04,76326.09,1
2025-07-27,2025-07-27 11:45:00,1870.78,1870.97,1870.78,1870.97,0.01,40.04,76326.09,1
2025-07-27,2025-07-27 11:46:00,1870.97,1871.17,1870.97,1871.17,0.01,40.04,76326.09,1
2025-07-27,2025-07-27 11:47:00,1871.17,1871.36,1871.17,1871.36,0.01,40.04,76326.09,1
2025-07-27,2025-07-27 11:48:00,1871.36,1871.56,1871.36,1871.56,0.01,40.04,76326.09,1
2025-07-27,2025-07-27 11:49:00,1871.56,1871.75,1871.56,1871.75,0.01,40.04,76326.09,1
2025-07-27,2025-07-27 11:50:00,1871.75,1871.95,1871.75,1871.95,0.01,40.04,76326.09,1
2025-07-27,2025-07-27 11:51:00,1871.95,1872.14,1871.95,1872.14,0.01,40.04,76326.09,1
2025-07-27,2025-07-27 11:52:00,1872.14,1872.34,1872.14,1872.34,0.01,40.04,76326.09,1
2025-07-27,2025-07-27 11:53:00,1872.34,1872.53,1872.34,1872.53,0.01,40.04,76326.09,1
2025-07-27,2025-07-27 11:54:00,1872.53,1872.73,1872.53,1872.73,0.01,40.04,76326.09,1
2025-07-27,2025-07-27 11:55:00,1872.73,1872.92,1872.73,1872.92,0.01,40.04,76326.09,1
2025-07-27,2025-07-27 11:56:00,1872.92,1873.12,1872.92,1873.12,0.01,40.04,76326.09,1
2025-07-27,2025-07-27 11:57:00,1873.12,1873.31,1873.12,1873.31,0.01,40.04,76326.09,1
2025-07-27,2025-07-27 11:58:00,1873.31,1873.51,1873.31,1873.51,0.01,40.04,76326.09,1
2025-07-27,2025-07-27 11:59:00,1873.51,1873.7,1873.51,1873.7,0.01,40.04,76326.09,1
2025-07-27,2025-07-27 12:00:00,1873.7,1873.9,1873.7,1873.9,0.01,40.04,76326.09,1
2025-07-27,2025-07-27 12:01:00,1873.9,1874.1,1873.9,1874.1,0.01,40.04,76326.09,1
2025-07-27,2025-07-27 12:02:00,1874.1,1874.29,1874.1,1874.29,0.01,40.04,76326.09,1
2025-07-27,2025-07-27 12:03:00,1874.29,1874.49,1874.29,1874.49,0.01,40.04,76326.09,1
2025-07-27,2025-07-27 12:04:00,1874.49,1874.68,1874.49,1874.68,0.01,40.04,76326.09,1
2025-07-27,2025-07-27 12:05:00,1874.68,1874.88,1874.68,1874.88,0.01,40.04,76326.09,1
2025-07-27,2025-07-27 12:06:00,1874.88,1875.07,1874.88,1875.07,0.01,40.04,76326.09,1
2025-07-27,2025-07-27 12:07:00,1875.07,1875.27,1875.07,1875.27,0.01,40.04,76326.09,1
2025-07-27,2025-07-27 12:08:00,1875.27,1875.46,1875.27,1875.46,0.01,40.04,76326.09,1
2025-07-27,2025-07-27 12:09:00,1875.46,1875.66,1875.46,1875.66,0.01,40.04,76326.09,1
2025-07-27,2025-07-27 12:10:00,1875.66,1875.85,1875.66,1875.85,0.01,40.04,76326.09,1
2025-07-27,2025-07-27 12:11:00,1875.85,1876.05,1875.85,1876.05,0.01,40.04,76326.09,1
2025-07-27,2025-07-27 12:12:00,1876.05,1876.24,1876.05,1876.24,0.01,40.04,76326.09,1
2025-07-27,2025-07-27 12:13:00,1876.24,1876.44,1876.24,1876.44,0.01,40.04,76326.09,1
2025-07-27,2025-07-27 12:14:00,1876.44,1876.63,1876.44,1876.63,0.01,40.04,76326.09,1
2025-07-27,2025-07-27 12:15:00,1876.63,1876.83,1876.63,1876.83,0.01,40.04,76326.09,1
2025-07-27,2025-07-27 12:16:00,1876.83,1877.02,1876.83,1877.02,0.01,40.04,76326.09,1
2025-07-27,2025-07-27 12:17:00,1877.02,1877.22,1877.02,1877.22,0.01,40.04,76326.09,1
2025-07-27,2025-07-27 12:18:00,1877.22,1877.41,1877.22,1877.41,0.01,40.04,76326.09,1
2025-07-27,2025-07-27 12:19:00,1877.41,1877.61,1877.41,1877.61,0.01,40.04,76326.09,1
2025-07-27,2025-07-27 12:20:00,1877.61,1877.8,1877.61,1877.8,0.01,40.04,76326.09,1
2025-07-27,2025-07-27 12:21:00,1877.8,1878.0,1877.8,1878.0,0.01,40.04,76326.09,1
2025-07-27,2025-07-27 12:22:00,1878.0,1878.19,1878.0,1878.19,0.01,40.04,76326.09,1
2025-07-27,2025-07-27 12:23:00,1878.19,1878.39,1878.19,1878.39,0.01,40.04,76326.09,1
2025-07-27,2025-07-27 12:24:00,1878.39,1878.58,1878.39,1878.58,0.01,40.04,76326.09,1
2025-07-27,2025-07-27 12:25:00,1878.58,1878.78,1878.58,1878.78,0.01,40.04,76326.09,1
2025-07-27,2025-07-27 12:26:00,1878.78,1878.97,1878.78,1878.97,0.01,40.04,76326.09,1
2025-07-27,2025-07-27 12:27:00,1878.97,1879.17,1878.97,1879.17,0.01,40.04,76326.09,1
2025-07-27,2025-07-27 12:28:00,1879.17,1879.36,1879.17,1879.36,0.01,40.04,76326.09,1
2025-07-27,2025-07-27 12:29:00,1879.36,1879.56,1879.36,1879.56,0.01,40.04,76326.09,1
2025-07-27,2025-07-27 12:30:00,1879.56,1879.75,1879.56,1879.75,0.01,40.04,76326.09,1
2025-07-27,2025-07-27 12:31:00,1879.75,1879.95,1879.75,1879.95,0.01,40.04,76326.09,1
2025-07-27,2025-07-27 12:32:00,1879.95,1880.14,1879.95,1880.14,0.01,40.04,76326.09,1
2025-07-27,2025-07-27 12:33:00,1880.14,1880.34,1880.14,1880.34,0.01,40.04,76326.09,1
2025-07-27,2025-07-27 12:34:00,1880.34,1880.53,1880.34,1880.53,0.01,40.04,76326.09,1
2025-07-27,2025-07-27 12:35:00,1880.53,1880.73,1880.53,1880.73,0.01,40.04,76326.09,1
2025-07-27,2025-07-27 12:36:00,1880.73,1880.92,1880.73,1880.92,0.01,40.04,76326.09,1
2025-07-27,2025-07-27 12:37:00,1880.92,1881.12,1880.92,1881.12,0.01,40.04,76326.09,1
2025-07-27,2025-07-27 12:38:00,1881.12,1881.31,1881.12,1881.31,0.01,40.04,76326.09,1
2025-07-27,2025-07-27 12:39:00,1881.31,1881.51,1881.31,1881.51,0.01,40.04,76326.09,1
2025-07-27,2025-07-27 12:40:00,1881.51,1881.7,1881.51,1881.7,0.01,40.04,76326.09,1
2025-07-27,2025-07-27 12:41:00,1881.7,1881.9,1881.7,1881.9,0.01,40.04,76326.09,1
2025-07-27,2025-07-27 12:42:00,1881.9,1882.09,1881.9,1882.09,0.01,40.04,76326.09,1
2025-07-27,2025-07-27 12:43:00,1882.09,1882.29,1882.09,1882.29,0.01,40.04,76326.09,1
2025-07-27,2025-07-27 12:44:00,1882.29,1882.48,1882.29,1882.48,0.01,40.04,76326.09,1
2025-07-27,2025-07-27 12:45:00,1882.48,1882.68,1882.48,1882.68,0.01,40.04,76326.09,1
2025-07-27,2025-07-27 12:46:00,1882.68,1882.87,1882.68,1882.87,0.01,40.04,76326.09,1
2025-07-27,2025-07-27 12:47:00,1882.87,1883.07,1882.87,1883.07,0.01,40.04,76326.09,1
2025-07-27,2025-07-27 12:48:00,1883.07,1883.26,1883.07,1883.26,0.01,40.04,76326.09,1
2025-07-27,2025-07-27 12:49:00,1883.26,1883.46,1883.26,1883.46,0.01,40.04,76326.09,1
2025-07-27,2025-07-27 12:50:00,1883.46,1883.65,1883.46,1883.65,0.01,40.04,76326.09,1
2025-07-27,2025-07-27 12:51:00,1883.65,1883.85,1883.65,1883.85,0.01,40.04,76326.09,1
2025-07-27,2025-07-27 12:52:00,1883.85,1884.04,1883.85,1884.04,0.01,40.04,76326.09,1
2025-07-27,2025-07-27 12:53:00,1884.04,1884.24,1884.04,1884.24,0.01,40.04,76326.09,1
2025-07-27,2025-07-27 12:54:00,1884.24,1884.43,1884.24,1884.43,0.01,40.04,76326.09,1
2025-07-27,2025-07-27 12:55:00,1884.43,1884.63,1884.43,1884.63,0.01,40.04,76326.09,1
2025-07-27,2025-07-27 12:56:00,1884.63,1884.82,1884.63,1884.82,0.01,40.04,76326.09,1
2025-07-27,2025-07-27 12:57:00,1884.82,1885.02,1884.82,1885.02,0.01,40.04,76326.09,1
2025-07-27,2025-07-27 12:58:00,1885.02,1885.21,1885.02,1885.21,0.01,40.04,76326.09,1
2025-07-27,2025-07-27 12:59:00,1885.21,1885.41,1885.21,1885.41,0.01,40.04,76326.09,1
2025-07-27,2025-07-27 13:00:00,1885.41,2040.0,1862.0,1885.61,0.01,40.04,76326.09,1
2025-07-27,2025-07-27 13:01:00,1885.61,1885.8,1885.61,1885.8,0.01,40.04,76326.09,1
2025-07-27,2025-07-27 13:02:00,1885.8,1886.0,1885.8,1886.0,0.01,40.04,76326.09,1
2025-07-27,2025-07-27 13:03:00,1886.0,1886.19,1886.0,1886.19,0.01,40.04,76326.09,1
2025-07-27,2025-07-27 13:04:00,1886.19,1886.39,1886.19,1886.39,0.01,40.04,76326.09,1
2025-07-27,2025-07-27 13:05:00,1886.39,1886.58,1886.39,1886.58,0.01,40.04,76326.09,1
2025-07-27,2025-07-27 13:06:00,1886.58,1886.78,1886.58,1886.78,0.01,40.04,76326.09,1
2025-07-27,2025-07-27 13:07:00,1886.78,1886.97,1886.78,1886.97,0.01,40.04,76326.09,1
2025-07-27,2025-07-27 13:08:00,1886.97,1887.17,1886.97,1887.17,0.01,40.04,76326.09,1
2025-07-27,2025-07-27 13:09:00,1887.17,1887.36,1887.17,1887.36,0.01,40.04,76326.09,1
2025-07-27,2025-07-27 13:10:00,1887.36,1887.56,1887.36,1887.56,0.01,40.04,76326.09,1
2025-07-27,2025-07-27 13:11:00,1887.56,1887.75,1887.56,1887.75,0.01,40.04,76326.09,1
2025-07-27,2025-07-27 13:12:00,1887.75,1887.95,1887.75,1887.95,0.01,40.04,76326.09,1
2025-07-27,2025-07-27 13:13:00,1887.95,1888.14,1887.95,1888.14,0.01,40.04,76326.09,1
2025-07-27,2025-07-27 13:14:00,1888.14,1888.34,1888.14,1888.34,0.01,40.04,76326.09,1
2025-07-27,2025-07-27 13:15:00,1888.34,1888.53,1888.34,1888.53,0.01,40.04,76326.09,1
2025-07-27,2025-07-27 13:16:00,1888.53,1888.73,1888.53,1888.73,0.01,40.04,76326.09,1
2025-07-27,2025-07-27 13:17:00,1888.73,1888.92,1888.73,1888.92,0.01,40.04,76326.09,1
2025-07-27,2025-07-27 13:18:00,1888.92,1889.12,1888.92,1889.12,0.01,40.04,76326.09,1
2025-07-27,2025-07-27 13:19:00,1889.12,1889.31,1889.12,1889.31,0.01,40.04,76326.09,1
2025-07-27,2025-07-27 13:20:00,1889.31,1889.51,1889.31,1889.51,0.01,40.04,76326.09,1
2025-07-27,2025-07-27 13:21:00,1889.51,1889.7,1889.51,1889.7,0.01,40.04,76326.09,1
2025-07-27,2025-07-27 13:22:00,1889.7,1889.9,1889.7,1889.9,0.01,40.04,76326.09,1
2025-07-27,2025-07-27 13:23:00,1889.9,1890.09,1889.9,1890.09,0.01,40.04,76326.09,1
2025-07-27,2025-07-27 13:24:00,1890.09,1890.29,1890.09,1890.29,0.01,40.04,76326.09,1
2025-07-27,2025-07-27 13:25:00,1890.29,1890.48,1890.29,1890.48,0.01,40.04,76326.09,1
2025-07-27,2025-07-27 13:26:00,1890.48,1890.68,1890.48,1890.68,0.01,40.04,76326.09,1
2025-07-27,2025-07-27 13:27:00,1890.68,1890.87,1890.68,1890.87,0.01,40.04,76326.09,1
2025-07-27,2025-07-27 13:28:00,1890.87,1891.07,1890.87,1891.07,0.01,40.04,76326.09,1
2025-07-27,2025-07-27 13:29:00,1891.07,1891.26,1891.07,1891.26,0.01,40.04,76326.09,1
2025-07-27,2025-07-27 13:30:00,1891.26,1891.46,1891.26,1891.46,0.01,40.04,76326.09,1
2025-07-27,2025-07-27 13:31:00,1891.46,1891.65,1891.46,1891.65,0.01,40.04,76326.09,1
2025-07-27,2025-07-27 13:32:00,1891.65,1891.85,1891.65,1891.85,0.01,40.04,76326.09,1
2025-07-27,2025-07-27 13:33:00,1891.85,1892.04,1891.85,1892.04,0.01,40.04,76326.09,1
2025-07-27,2025-07-27 13:34:00,1892.04,1892.24,1892.04,1892.24,0.01,40.04,76326.09,1
2025-07-27,2025-07-27 13:35:00,1892.24,1892.43,1892.24,1892.43,0.01,40.04,76326.09,1
2025-07-27,2025-07-27 13:36:00,1892.43,1892.63,1892.43,1892.63,0.01,40.04,76326.09,1
2025-07-27,2025-07-27 13:37:00,1892.63,1892.82,1892.63,1892.82,0.01,40.04,76326.09,1
2025-07-27,2025-07-27 13:38:00,1892.82,1893.02,1892.82,1893.02,0.01,40.04,76326.09,1
2025-07-27,2025-07-27 13:39:00,1893.02,1893.21,1893.02,1893.21,0.01,40.04,76326.09,1
2025-07-27,2025-07-27 13:40:00,1893.21,1893.41,1893.21,1893.41,0.01,40.04,76326.09,1
2025-07-27,2025-07-27 13:41:00,1893.41,1893.6,1893.41,1893.6,0.01,40.04,76326.09,1
2025-07-27,2025-07-27 13:42:00,1893.6,1893.8,1893.6,1893.8,0.01,40.04,76326.09,1
2025-07-27,2025-07-27 13:43:00,1893.8,1893.99,1893.8,1893.99,0.01,40.04,76326.09,1
2025-07-27,2025-07-27 13:44:00,1893.99,1894.19,1893.99,1894.19,0.01,40.04,76326.09,1
2025-07-27,2025-07-27 13:45:00,1894.19,1894.38,1894.19,1894.38,0.01,40.04,76326.09,1
2025-07-27,2025-07-27 13:46:00,1894.38,1894.58,1894.38,1894.58,0.01,40.04,76326.09,1
2025-07-27,2025-07-27 13:47:00,1894.58,1894.77,1894.58,1894.77,0.01,40.04,76326.09,1
2025-07-27,2025-07-27 13:48:00,1894.77,1894.97,1894.77,1894.97,0.01,40.04,76326.09,1
2025-07-27,2025-07-27 13:49:00,1894.97,1895.16,1894.97,1895.16,0.01,40.04,76326.09,1
2025-07-27,2025-07-27 13:50:00,1895.16,1895.36,1895.16,1895.36,0.01,40.04,76326.09,1
2025-07-27,2025-07-27 13:51:00,1895.36,1895.55,1895.36,1895.55,0.01,40.04,76326.09,1
2025-07-27,2025-07-27 13:52:00,1895.55,1895.75,1895.55,1895.75,0.01,40.04,76326.09,1
2025-07-27,2025-07-27 13:53:00,1895.75,1895.94,1895.75,1895.94,0.01,40.04,76326.09,1
2025-07-27,2025-07-27 13:54:00,1895.94,1896.14,1895.94,1896.14,0.01,40.04,76326.09,1
2025-07-27,2025-07-27 13:55:00,1896.14,1896.33,1896.14,1896.33,0.01,40.04,76326.09,1
2025-07-27,2025-07-27 13:56:00,1896.33,1896.53,1896.33,1896.53,0.01,40.04,76326.09,1
2025-07-27,2025-07-27 13:57:00,1896.53,1896.72,1896.53,1896.72,0.01,40.04,76326.09,1
2025-07-27,2025-07-27 13:58:00,1896.72,1896.92,1896.72,1896.92,0.01,40.04,76326.09,1
2025-07-27,2025-07-27 13:59:00,1896.92,1897.12,1896.92,1897.12,0.01,40.04,76326.09,1
2025-07-27,2025-07-27 14:00:00,1897.12,1897.31,1897.12,1897.31,0.01,40.04,76326.09,1
2025-07-27,2025-07-27 14:01:00,1897.31,1897.51,1897.31,1897.51,0.01,40.04,76326.09,1
2025-07-27,2025-07-27 14:02:00,1897.51,1897.7,1897.51,1897.7,0.01,40.04,76326.09,1
2025-07-27,2025-07-27 14:03:00,1897.7,1897.9,1897.7,1897.9,0.01,40.04,76326.09,1
2025-07-27,2025-07-27 14:04:00,1897.9,1898.09,1897.9,1898.09,0.01,40.04,76326.09,1
2025-07-27,2025-07-27 14:05:00,1898.09,1898.29,1898.09,1898.29,0.01,40.04,76326.09,1
2025-07-27,2025-07-27 14:06:00,1898.29,1898.48,1898.29,1898.48,0.01,40.04,76326.09,1
2025-07-27,2025-07-27 14:07:00,1898.48,1898.68,1898.48,1898.68,0.01,40.04,76326.09,1
2025-07-27,2025-07-27 14:08:00,1898.68,1898.87,1898.68,1898.87,0.01,40.04,76326.09,1
2025-07-27,2025-07-27 14:09:00,1898.87,1899.07,1898.87,1899.07,0.01,40.04,76326.09,1
2025-07-27,2025-07-27 14:10:00,1899.07,1899.26,1899.07,1899.26,0.01,40.04,76326.09,1
2025-07-27,2025-07-27 14:11:00,1899.26,1899.46,1899.26,1899.46,0.01,40.04,76326.09,1
2025-07-27,2025-07-27 14:12:00,1899.46,1899.65,1899.46,1899.65,0.01,40.04,76326.09,1
2025-07-27,2025-07-27 14:13:00,1899.65,1899.85,1899.65,1899.85,0.01,40.04,76326.09,1
2025-07-27,2025-07-27 14:14:00,1899.85,1900.04,1899.85,1900.04,0.01,40.04,76326.09,1
2025-07-27,2025-07-27 14:15:00,1900.04,1900.24,1900.04,1900.24,0.01,40.04,76326.09,1
2025-07-27,2025-07-27 14:16:00,1900.24,1900.43,1900.24,1900.43,0.01,40.04,76326.09,1
2025-07-27,2025-07-27 14:17:00,1900.43,1900.63,1900.43,1900.63,0.01,40.04,76326.09,1
2025-07-27,2025-07-27 14:18:00,1900.63,1900.82,1900.63,1900.82,0.01,40.04,76326.09,1
2025-07-27,2025-07-27 14:19:00,1900.82,1901.02,1900.82,1901.02,0.01,40.04,76326.09,1
2025-07-27,2025-07-27 14:20:00,1901.02,1901.21,1901.02,1901.21,0.01,40.04,76326.09,1
2025-07-27,2025-07-27 14:21:00,1901.21,1901.41,1901.21,1901.41,0.01,40.04,76326.09,1
2025-07-27,2025-07-27 14:22:00,1901.41,1901.6,1901.41,1901.6,0.01,40.04,76326.09,1
2025-07-27,2025-07-27 14:23:00,1901.6,1901.8,1901.6,1901.8,0.01,40.04,76326.09,1
2025-07-27,2025-07-27 14:24:00,1901.8,1901.99,1901.8,1901.99,0.01,40.04,76326.09,1
2025-07-27,2025-07-27 14:25:00,1901.99,1902.19,1901.99,1902.19,0.01,40.04,76326.09,1
2025-07-27,2025-07-27 14:26:00,1902.19,1902.38,1902.19,1902.38,0.01,40.04,76326.09,1
2025-07-27,2025-07-27 14:27:00,1902.38,1902.58,1902.38,1902.58,0.01,40.04,76326.09,1
2025-07-27,2025-07-27 14:28:00,1902.58,1902.77,1902.58,1902.77,0.01,40.04,76326.09,1
2025-07-27,2025-07-27 14:29:00,1902.77,1902.97,1902.77,1902.97,0.01,40.04,76326.09,1
2025-07-27,2025-07-27 14:30:00,1902.97,1903.16,1902.97,1903.16,0.01,40.04,76326.09,1
2025-07-27,2025-07-27 14:31:00,1903.16,1903.36,1903.16,1903.36,0.01,40.04,76326.09,1
2025-07-27,2025-07-27 14:32:00,1903.36,1903.55,1903.36,1903.55,0.01,40.04,76326.09,1
2025-07-27,2025-07-27 14:33:00,1903.55,1903.75,1903.55,1903.75,0.01,40.04,76326.09,1
2025-07-27,2025-07-27 14:34:00,1903.75,1903.94,1903.75,1903.94,0.01,40.04,76326.09,1
2025-07-27,2025-07-27 14:35:00,1903.94,1904.14,1903.94,1904.14,0.01,40.04,76326.09,1
2025-07-27,2025-07-27 14:36:00,1904.14,1904.33,1904.14,1904.33,0.01,40.04,76326.09,1
2025-07-27,2025-07-27 14:37:00,1904.33,1904.53,1904.33,1904.53,0.01,40.04,76326.09,1
2025-07-27,2025-07-27 14:38:00,1904.53,1904.72,1904.53,1904.72,0.01,40.04,76326.09,1
2025-07-27,2025-07-27 14:39:00,1904.72,1904.92,1904.72,1904.92,0.01,40.04,76326.09,1
2025-07-27,2025-07-27 14:40:00,1904.92,1905.11,1904.92,1905.11,0.01,40.04,76326.09,1
2025-07-27,2025-07-27 14:41:00,1905.11,1905.31,1905.11,1905.31,0.01,40.04,76326.09,1
2025-07-27,2025-07-27 14:42:00,1905.31,1905.5,1905.31,1905.5,0.01,40.04,76326.09,1
2025-07-27,2025-07-27 14:43:00,1905.5,1905.7,1905.5,1905.7,0.01,40.04,76326.09,1
2025-07-27,2025-07-27 14:44:00,1905.7,1905.89,1905.7,1905.89,0.01,40.04,76326.09,1
2025-07-27,2025-07-27 14:45:00,1905.89,1906.09,1905.89,1906.09,0.01,40.04,76326.09,1
2025-07-27,2025-07-27 14:46:00,1906.09,1906.28,1906.09,1906.28,0.01,40.04,76326.09,1
2025-07-27,2025-07-27 14:47:00,1906.28,1906.48,1906.28,1906.48,0.01,40.04,76326.09,1
2025-07-27,2025-07-27 14:48:00,1906.48,1906.67,1906.48,1906.67,0.01,40.04,76326.09,1
2025-07-27,2025-07-27 14:49:00,1906.67,1906.87,1906.67,1906.87,0.01,40.04,76326.09,1
2025-07-27,2025-07-27 14:50:00,1906.87,1907.06,1906.87,1907.06,0.01,40.04,76326.09,1
2025-07-27,2025-07-27 14:51:00,1907.06,1907.26,1907.06,1907.26,0.01,40.04,76326.09,1
2025-07-27,2025-07-27 14:52:00,1907.26,1907.45,1907.26,1907.45,0.01,40.04,76326.09,1
2025-07-27,2025-07-27 14:53:00,1907.45,1907.65,1907.45,1907.65,0.01,40.04,76326.09,1
2025-07-27,2025-07-27 14:54:00,1907.65,1907.84,1907.65,1907.84,0.01,40.04,76326.09,1
2025-07-27,2025-07-27 14:55:00,1907.84,1908.04,1907.84,1908.04,0.01,40.04,76326.09,1
2025-07-27,2025-07-27 14:56:00,1908.04,1908.23,1908.04,1908.23,0.01,40.04,76326.09,1
2025-07-27,2025-07-27 14:57:00,1908.23,1908.43,1908.23,1908.43,0.01,40.04,76326.09,1
2025-07-27,2025-07-27 14:58:00,1908.43,1908.62,1908.43,1908.62,0.01,40.04,76326.09,1
2025-07-27,2025-07-27 14:59:00,1908.62,1908.82,1908.62,1908.82,0.01,40.04,76326.09,1
2025-07-27,2025-07-27 15:00:00,1908.82,2040.0,1862.0,1908.82,0.0,40.04,76326.09,0
2025-07-28,2025-07-28 11:00:00,1900.0,1900.0,1882.03,1899.9,-0.01,22.58,42025.35,-1
2025-07-28,2025-07-28 11:01:00,1899.9,1899.9,1899.81,1899.81,-0.0,22.58,42025.35,-1
2025-07-28,2025-07-28 11:02:00,1899.81,1899.81,1899.71,1899.71,-0.01,22.58,42025.35,-1
2025-07-28,2025-07-28 11:03:00,1899.71,1899.71,1899.62,1899.62,-0.0,22.58,42025.35,-1
2025-07-28,2025-07-28 11:04:00,1899.62,1899.62,1899.52,1899.52,-0.01,22.58,42025.35,-1
2025-07-28,2025-07-28 11:05:00,1899.52,1899.52,1899.42,1899.42,-0.01,22.58,42025.35,-1
2025-07-28,2025-07-28 11:06:00,1899.42,1899.42,1899.33,1899.33,-0.0,22.58,42025.35,-1
2025-07-28,2025-07-28 11:07:00,1899.33,1899.33,1899.23,1899.23,-0.01,22.58,42025.35,-1
2025-07-28,2025-07-28 11:08:00,1899.23,1899.23,1899.14,1899.14,-0.0,22.58,42025.35,-1
2025-07-28,2025-07-28 11:09:00,1899.14,1899.14,1899.04,1899.04,-0.01,22.58,42025.35,-1
2025-07-28,2025-07-28 11:10:00,1899.04,1899.04,1898.95,1898.95,-0.0,22.58,42025.35,-1
2025-07-28,2025-07-28 11:11:00,1898.95,1898.95,1898.85,1898.85,-0.01,22.58,42025.35,-1
2025-07-28,2025-07-28 11:12:00,1898.85,1898.85,1898.75,1898.75,-0.01,22.58,42025.35,-1
2025-07-28,2025-07-28 11:13:00,1898.75,1898.75,1898.66,1898.66,-0.0,22.58,42025.35,-1
2025-07-28,2025-07-28 11:14:00,1898.66,1898.66,1898.56,1898.56,-0.01,22.58,42025.35,-1
2025-07-28,2025-07-28 11:15:00,1898.56,1898.56,1898.47,1898.47,-0.0,22.58,42025.35,-1
2025-07-28,2025-07-28 11:16:00,1898.47,1898.47,1898.37,1898.37,-0.01,22.58,42025.35,-1
2025-07-28,2025-07-28 11:17:00,1898.37,1898.37,1898.28,1898.28,-0.0,22.58,42025.35,-1
2025-07-28,2025-07-28 11:18:00,1898.28,1898.28,1898.18,1898.18,-0.01,22.58,42025.35,-1
2025-07-28,2025-07-28 11:19:00,1898.18,1898.18,1898.08,1898.08,-0.01,22.58,42025.35,-1
2025-07-28,2025-07-28 11:20:00,1898.08,1898.08,1897.99,1897.99,-0.0,22.58,42025.35,-1
2025-07-28,2025-07-28 11:21:00,1897.99,1897.99,1897.89,1897.89,-0.01,22.58,42025.35,-1
2025-07-28,2025-07-28 11:22:00,1897.89,1897.89,1897.8,1897.8,-0.0,22.58,42025.35,-1
2025-07-28,2025-07-28 11:23:00,1897.8,1897.8,1897.7,1897.7,-0.01,22.58,42025.35,-1
2025-07-28,2025-07-28 11:24:00,1897.7,1897.7,1897.6,1897.6,-0.01,22.58,42025.35,-1
2025-07-28,2025-07-28 11:25:00,1897.6,1897.6,1897.51,1897.51,-0.0,22.58,42025.35,-1
2025-07-28,2025-07-28 11:26:00,1897.51,1897.51,1897.41,1897.41,-0.01,22.58,42025.35,-1
2025-07-28,2025-07-28 11:27:00,1897.41,1897.41,1897.32,1897.32,-0.0,22.58,42025.35,-1
2025-07-28,2025-07-28 11:28:00,1897.32,1897.32,1897.22,1897.22,-0.01,22.58,42025.35,-1
2025-07-28,2025-07-28 11:29:00,1897.22,1897.22,1897.12,1897.12,-0.01,22.58,42025.35,-1
2025-07-28,2025-07-28 11:30:00,1897.12,1897.12,1897.03,1897.03,-0.0,22.58,42025.35,-1
2025-07-28,2025-07-28 11:31:00,1897.03,1897.03,1896.93,1896.93,-0.01,22.58,42025.35,-1
2025-07-28,2025-07-28 11:32:00,1896.93,1896.93,1896.84,1896.84,-0.0,22.58,42025.35,-1
2025-07-28,2025-07-28 11:33:00,1896.84,1896.84,1896.74,1896.74,-0.01,22.58,42025.35,-1
2025-07-28,2025-07-28 11:34:00,1896.74,1896.74,1896.65,1896.65,-0.0,22.58,42025.35,-1
2025-07-28,2025-07-28 11:35:00,1896.65,1896.65,1896.55,1896.55,-0.01,22.58,42025.35,-1
2025-07-28,2025-07-28 11:36:00,1896.55,1896.55,1896.45,1896.45,-0.01,22.58,42025.35,-1
2025-07-28,2025-07-28 11:37:00,1896.45,1896.45,1896.36,1896.36,-0.0,22.58,42025.35,-1
2025-07-28,2025-07-28 11:38:00,1896.36,1896.36,1896.26,1896.26,-0.01,22.58,42025.35,-1
2025-07-28,2025-07-28 11:39:00,1896.26,1896.26,1896.17,1896.17,-0.0,22.58,42025.35,-1
2025-07-28,2025-07-28 11:40:00,1896.17,1896.17,1896.07,1896.07,-0.01,22.58,42025.35,-1
2025-07-28,2025-07-28 11:41:00,1896.07,1896.07,1895.97,1895.97,-0.01,22.58,42025.35,-1
2025-07-28,2025-07-28 11:42:00,1895.97,1895.97,1895.88,1895.88,-0.0,22.58,42025.35,-1
2025-07-28,2025-07-28 11:43:00,1895.88,1895.88,1895.78,1895.78,-0.01,22.58,42025.35,-1
2025-07-28,2025-07-28 11:44:00,1895.78,1895.78,1895.69,1895.69,-0.0,22.58,42025.35,-1
2025-07-28,2025-07-28 11:45:00,1895.69,1895.69,1895.59,1895.59,-0.01,22.58,42025.35,-1
2025-07-28,2025-07-28 11:46:00,1895.59,1895.59,1895.5,1895.5,-0.0,22.58,42025.35,-1
2025-07-28,2025-07-28 11:47:00,1895.5,1895.5,1895.4,1895.4,-0.01,22.58,42025.35,-1
2025-07-28,2025-07-28 11:48:00,1895.4,1895.4,1895.3,1895.3,-0.01,22.58,42025.35,-1
2025-07-28,2025-07-28 11:49:00,1895.3,1895.3,1895.21,1895.21,-0.0,22.58,42025.35,-1
2025-07-28,2025-07-28 11:50:00,1895.21,1895.21,1895.11,1895.11,-0.01,22.58,42025.35,-1
2025-07-28,2025-07-28 11:51:00,1895.11,1895.11,1895.02,1895.02,-0.0,22.58,42025.35,-1
2025-07-28,2025-07-28 11:52:00,1895.02,1895.02,1894.92,1894.92,-0.01,22.58,42025.35,-1
2025-07-28,2025-07-28 11:53:00,1894.92,1894.92,1894.83,1894.83,-0.0,22.58,42025.35,-1
2025-07-28,2025-07-28 11:54:00,1894.83,1894.83,1894.73,1894.73,-0.01,22.58,42025.35,-1
2025-07-28,2025-07-28 11:55:00,1894.73,1894.73,1894.63,1894.63,-0.01,22.58,42025.35,-1
2025-07-28,2025-07-28 11:56:00,1894.63,1894.63,1894.54,1894.54,-0.0,22.58,42025.35,-1
2025-07-28,2025-07-28 11:57:00,1894.54,1894.54,1894.44,1894.44,-0.01,22.58,42025.35,-1
2025-07-28,2025-07-28 11:58:00,1894.44,1894.44,1894.35,1894.35,-0.0,22.58,42025.35,-1
2025-07-28,2025-07-28 11:59:00,1894.35,1894.35,1894.25,1894.25,-0.01,22.58,42025.35,-1
2025-07-28,2025-07-28 12:00:00,1894.25,1894.25,1894.15,1894.15,-0.01,22.58,42025.35,-1
2025-07-28,2025-07-28 12:01:00,1894.15,1894.15,1894.06,1894.06,-0.0,22.58,42025.35,-1
2025-07-28,2025-07-28 12:02:00,1894.06,1894.06,1893.96,1893.96,-0.01,22.58,42025.35,-1
2025-07-28,2025-07-28 12:03:00,1893.96,1893.96,1893.87,1893.87,-0.0,22.58,42025.35,-1
2025-07-28,2025-07-28 12:04:00,1893.87,1893.87,1893.77,1893.77,-0.01,22.58,42025.35,-1
2025-07-28,2025-07-28 12:05:00,1893.77,1893.77,1893.67,1893.67,-0.01,22.58,42025.35,-1
2025-07-28,2025-07-28 12:06:00,1893.67,1893.67,1893.58,1893.58,-0.0,22.58,42025.35,-1
2025-07-28,2025-07-28 12:07:00,1893.58,1893.58,1893.48,1893.48,-0.01,22.58,42025.35,-1
2025-07-28,2025-07-28 12:08:00,1893.48,1893.48,1893.39,1893.39,-0.0,22.58,42025.35,-1
2025-07-28,2025-07-28 12:09:00,1893.39,1893.39,1893.29,1893.29,-0.01,22.58,42025.35,-1
2025-07-28,2025-07-28 12:10:00,1893.29,1893.29,1893.2,1893.2,-0.0,22.58,42025.35,-1
2025-07-28,2025-07-28 12:11:00,1893.2,1893.2,1893.1,1893.1,-0.01,22.58,42025.35,-1
2025-07-28,2025-07-28 12:12:00,1893.1,1893.1,1893.0,1893.0,-0.01,22.58,42025.35,-1
2025-07-28,2025-07-28 12:13:00,1893.0,1893.0,1892.91,1892.91,-0.0,22.58,42025.35,-1
2025-07-28,2025-07-28 12:14:00,1892.91,1892.91,1892.81,1892.81,-0.01,22.58,42025.35,-1
2025-07-28,2025-07-28 12:15:00,1892.81,1892.81,1892.72,1892.72,-0.0,22.58,42025.35,-1
2025-07-28,2025-07-28 12:16:00,1892.72,1892.72,1892.62,1892.62,-0.01,22.58,42025.35,-1
2025-07-28,2025-07-28 12:17:00,1892.62,1892.62,1892.53,1892.53,-0.0,22.58,42025.35,-1
2025-07-28,2025-07-28 12:18:00,1892.53,1892.53,1892.43,1892.43,-0.01,22.58,42025.35,-1
2025-07-28,2025-07-28 12:19:00,1892.43,1892.43,1892.33,1892.33,-0.01,22.58,42025.35,-1
2025-07-28,2025-07-28 12:20:00,1892.33,1892.33,1892.24,1892.24,-0.0,22.58,42025.35,-1
2025-07-28,2025-07-28 12:21:00,1892.24,1892.24,1892.14,1892.14,-0.01,22.58,42025.35,-1
2025-07-28,2025-07-28 12:22:00,1892.14,1892.14,1892.05,1892.05,-0.0,22.58,42025.35,-1
2025-07-28,2025-07-28 12:23:00,1892.05,1892.05,1891.95,1891.95,-0.01,22.58,42025.35,-1
2025-07-28,2025-07-28 12:24:00,1891.95,1891.95,1891.85,1891.85,-0.01,22.58,42025.35,-1
2025-07-28,2025-07-28 12:25:00,1891.85,1891.85,1891.76,1891.76,-0.0,22.58,42025.35,-1
2025-07-28,2025-07-28 12:26:00,1891.76,1891.76,1891.66,1891.66,-0.01,22.58,42025.35,-1
2025-07-28,2025-07-28 12:27:00,1891.66,1891.66,1891.57,1891.57,-0.0,22.58,42025.35,-1
2025-07-28,2025-07-28 12:28:00,1891.57,1891.57,1891.47,1891.47,-0.01,22.58,42025.35,-1
2025-07-28,2025-07-28 12:29:00,1891.47,1891.47,1891.38,1891.38,-0.0,22.58,42025.35,-1
2025-07-28,2025-07-28 12:30:00,1891.38,1891.38,1891.28,1891.28,-0.01,22.58,42025.35,-1
2025-07-28,2025-07-28 12:31:00,1891.28,1891.28,1891.18,1891.18,-0.01,22.58,42025.35,-1
2025-07-28,2025-07-28 12:32:00,1891.18,1891.18,1891.09,1891.09,-0.0,22.58,42025.35,-1
2025-07-28,2025-07-28 12:33:00,1891.09,1891.09,1890.99,1890.99,-0.01,22.58,42025.35,-1
2025-07-28,2025-07-28 12:34:00,1890.99,1890.99,1890.9,1890.9,-0.0,22.58,42025.35,-1
2025-07-28,2025-07-28 12:35:00,1890.9,1890.9,1890.8,1890.8,-0.01,22.58,42025.35,-1
2025-07-28,2025-07-28 12:36:00,1890.8,1890.8,1890.7,1890.7,-0.01,22.58,42025.35,-1
2025-07-28,2025-07-28 12:37:00,1890.7,1890.7,1890.61,1890.61,-0.0,22.58,42025.35,-1
2025-07-28,2025-07-28 12:38:00,1890.61,1890.61,1890.51,1890.51,-0.01,22.58,42025.35,-1
2025-07-28,2025-07-28 12:39:00,1890.51,1890.51,1890.42,1890.42,-0.0,22.58,42025.35,-1
2025-07-28,2025-07-28 12:40:00,1890.42,1890.42,1890.32,1890.32,-0.01,22.58,42025.35,-1
2025-07-28,2025-07-28 12:41:00,1890.32,1890.32,1890.22,1890.22,-0.01,22.58,42025.35,-1
2025-07-28,2025-07-28 12:42:00,1890.22,1890.22,1890.13,1890.13,-0.0,22.58,42025.35,-1
2025-07-28,2025-07-28 12:43:00,1890.13,1890.13,1890.03,1890.03,-0.01,22.58,42025.35,-1
2025-07-28,2025-07-28 12:44:00,1890.03,1890.03,1889.94,1889.94,-0.0,22.58,42025.35,-1
2025-07-28,2025-07-28 12:45:00,1889.94,1889.94,1889.84,1889.84,-0.01,22.58,42025.35,-1
2025-07-28,2025-07-28 12:46:00,1889.84,1889.84,1889.75,1889.75,-0.0,22.58,42025.35,-1
2025-07-28,2025-07-28 12:47:00,1889.75,1889.75,1889.65,1889.65,-0.01,22.58,42025.35,-1
2025-07-28,2025-07-28 12:48:00,1889.65,1889.65,1889.55,1889.55,-0.01,22.58,42025.35,-1
2025-07-28,2025-07-28 12:49:00,1889.55,1889.55,1889.46,1889.46,-0.0,22.58,42025.35,-1
2025-07-28,2025-07-28 12:50:00,1889.46,1889.46,1889.36,1889.36,-0.01,22.58,42025.35,-1
2025-07-28,2025-07-28 12:51:00,1889.36,1889.36,1889.27,1889.27,-0.0,22.58,42025.35,-1
2025-07-28,2025-07-28 12:52:00,1889.27,1889.27,1889.17,1889.17,-0.01,22.58,42025.35,-1
2025-07-28,2025-07-28 12:53:00,1889.17,1889.17,1889.08,1889.08,-0.0,22.58,42025.35,-1
2025-07-28,2025-07-28 12:54:00,1889.08,1889.08,1888.98,1888.98,-0.01,22.58,42025.35,-1
2025-07-28,2025-07-28 12:55:00,1888.98,1888.98,1888.88,1888.88,-0.01,22.58,42025.35,-1
2025-07-28,2025-07-28 12:56:00,1888.88,1888.88,1888.79,1888.79,-0.0,22.58,42025.35,-1
2025-07-28,2025-07-28 12:57:00,1888.79,1888.79,1888.69,1888.69,-0.01,22.58,42025.35,-1
2025-07-28,2025-07-28 12:58:00,1888.69,1888.69,1888.6,1888.6,-0.0,22.58,42025.35,-1
2025-07-28,2025-07-28 12:59:00,1888.6,1888.6,1888.5,1888.5,-0.01,22.58,42025.35,-1
2025-07-28,2025-07-28 13:00:00,1888.5,1900.0,1840.1,1888.4,-0.01,22.58,42025.35,-1
2025-07-28,2025-07-28 13:01:00,1888.4,1888.4,1888.31,1888.31,-0.0,22.58,42025.35,-1
2025-07-28,2025-07-28 13:02:00,1888.31,1888.31,1888.21,1888.21,-0.01,22.58,42025.35,-1
2025-07-28,2025-07-28 13:03:00,1888.21,1888.21,1888.12,1888.12,-0.0,22.58,42025.35,-1
2025-07-28,2025-07-28 13:04:00,1888.12,1888.12,1888.02,1888.02,-0.01,22.58,42025.35,-1
2025-07-28,2025-07-28 13:05:00,1888.02,1888.02,1887.92,1887.92,-0.01,22.58,42025.35,-1
2025-07-28,2025-07-28 13:06:00,1887.92,1887.92,1887.83,1887.83,-0.0,22.58,42025.35,-1
2025-07-28,2025-07-28 13:07:00,1887.83,1887.83,1887.73,1887.73,-0.01,22.58,42025.35,-1
2025-07-28,2025-07-28 13:08:00,1887.73,1887.73,1887.64,1887.64,-0.0,22.58,42025.35,-1
2025-07-28,2025-07-28 13:09:00,1887.64,1887.64,1887.54,1887.54,-0.01,22.58,42025.35,-1
2025-07-28,2025-07-28 13:10:00,1887.54,1887.54,1887.45,1887.45,-0.0,22.58,42025.35,-1
2025-07-28,2025-07-28 13:11:00,1887.45,1887.45,1887.35,1887.35,-0.01,22.58,42025.35,-1
2025-07-28,2025-07-28 13:12:00,1887.35,1887.35,1887.25,1887.25,-0.01,22.58,42025.35,-1
2025-07-28,2025-07-28 13:13:00,1887.25,1887.25,1887.16,1887.16,-0.0,22.58,42025.35,-1
2025-07-28,2025-07-28 13:14:00,1887.16,1887.16,1887.06,1887.06,-0.01,22.58,42025.35,-1
2025-07-28,2025-07-28 13:15:00,1887.06,1887.06,1886.97,1886.97,-0.0,22.58,42025.35,-1
2025-07-28,2025-07-28 13:16:00,1886.97,1886.97,1886.87,1886.87,-0.01,22.58,42025.35,-1
2025-07-28,2025-07-28 13:17:00,1886.87,1886.87,1886.78,1886.78,-0.0,22.58,42025.35,-1
2025-07-28,2025-07-28 13:18:00,1886.78,1886.78,1886.68,1886.68,-0.01,22.58,42025.35,-1
2025-07-28,2025-07-28 13:19:00,1886.68,1886.68,1886.58,1886.58,-0.01,22.58,42025.35,-1
2025-07-28,2025-07-28 13:20:00,1886.58,1886.58,1886.49,1886.49,-0.0,22.58,42025.35,-1
2025-07-28,2025-07-28 13:21:00,1886.49,1886.49,1886.39,1886.39,-0.01,22.58,42025.35,-1
2025-07-28,2025-07-28 13:22:00,1886.39,1886.39,1886.3,1886.3,-0.0,22.58,42025.35,-1
2025-07-28,2025-07-28 13:23:00,1886.3,1886.3,1886.2,1886.2,-0.01,22.58,42025.35,-1
2025-07-28,2025-07-28 13:24:00,1886.2,1886.2,1886.1,1886.1,-0.01,22.58,42025.35,-1
2025-07-28,2025-07-28 13:25:00,1886.1,1886.1,1886.01,1886.01,-0.0,22.58,42025.35,-1
2025-07-28,2025-07-28 13:26:00,1886.01,1886.01,1885.91,1885.91,-0.01,22.58,42025.35,-1
2025-07-28,2025-07-28 13:27:00,1885.91,1885.91,1885.82,1885.82,-0.0,22.58,42025.35,-1
2025-07-28,2025-07-28 13:28:00,1885.82,1885.82,1885.72,1885.72,-0.01,22.58,42025.35,-1
2025-07-28,2025-07-28 13:29:00,1885.72,1885.72,1885.62,1885.62,-0.01,22.58,42025.35,-1
2025-07-28,2025-07-28 13:30:00,1885.62,1885.62,1885.53,1885.53,-0.0,22.58,42025.35,-1
2025-07-28,2025-07-28 13:31:00,1885.53,1885.53,1885.43,1885.43,-0.01,22.58,42025.35,-1
2025-07-28,2025-07-28 13:32:00,1885.43,1885.43,1885.34,1885.34,-0.0,22.58,42025.35,-1
2025-07-28,2025-07-28 13:33:00,1885.34,1885.34,1885.24,1885.24,-0.01,22.58,42025.35,-1
2025-07-28,2025-07-28 13:34:00,1885.24,1885.24,1885.15,1885.15,-0.0,22.58,42025.35,-1
2025-07-28,2025-07-28 13:35:00,1885.15,1885.15,1885.05,1885.05,-0.01,22.58,42025.35,-1
2025-07-28,2025-07-28 13:36:00,1885.05,1885.05,1884.95,1884.95,-0.01,22.58,42025.35,-1
2025-07-28,2025-07-28 13:37:00,1884.95,1884.95,1884.86,1884.86,-0.0,22.58,42025.35,-1
2025-07-28,2025-07-28 13:38:00,1884.86,1884.86,1884.76,1884.76,-0.01,22.58,42025.35,-1
2025-07-28,2025-07-28 13:39:00,1884.76,1884.76,1884.67,1884.67,-0.0,22.58,42025.35,-1
2025-07-28,2025-07-28 13:40:00,1884.67,1884.67,1884.57,1884.57,-0.01,22.58,42025.35,-1
2025-07-28,2025-07-28 13:41:00,1884.57,1884.57,1884.47,1884.47,-0.01,22.58,42025.35,-1
2025-07-28,2025-07-28 13:42:00,1884.47,1884.47,1884.38,1884.38,-0.0,22.58,42025.35,-1
2025-07-28,2025-07-28 13:43:00,1884.38,1884.38,1884.28,1884.28,-0.01,22.58,42025.35,-1
2025-07-28,2025-07-28 13:44:00,1884.28,1884.28,1884.19,1884.19,-0.0,22.58,42025.35,-1
2025-07-28,2025-07-28 13:45:00,1884.19,1884.19,1884.09,1884.09,-0.01,22.58,42025.35,-1
2025-07-28,2025-07-28 13:46:00,1884.09,1884.09,1884.0,1884.0,-0.0,22.58,42025.35,-1
2025-07-28,2025-07-28 13:47:00,1884.0,1884.0,1883.9,1883.9,-0.01,22.58,42025.35,-1
2025-07-28,2025-07-28 13:48:00,1883.9,1883.9,1883.8,1883.8,-0.01,22.58,42025.35,-1
2025-07-28,2025-07-28 13:49:00,1883.8,1883.8,1883.71,1883.71,-0.0,22.58,42025.35,-1
2025-07-28,2025-07-28 13:50:00,1883.71,1883.71,1883.61,1883.61,-0.01,22.58,42025.35,-1
2025-07-28,2025-07-28 13:51:00,1883.61,1883.61,1883.52,1883.52,-0.0,22.58,42025.35,-1
2025-07-28,2025-07-28 13:52:00,1883.52,1883.52,1883.42,1883.42,-0.01,22.58,42025.35,-1
2025-07-28,2025-07-28 13:53:00,1883.42,1883.42,1883.33,1883.33,-0.0,22.58,42025.35,-1
2025-07-28,2025-07-28 13:54:00,1883.33,1883.33,1883.23,1883.23,-0.01,22.58,42025.35,-1
2025-07-28,2025-07-28 13:55:00,1883.23,1883.23,1883.13,1883.13,-0.01,22.58,42025.35,-1
2025-07-28,2025-07-28 13:56:00,1883.13,1883.13,1883.04,1883.04,-0.0,22.58,42025.35,-1
2025-07-28,2025-07-28 13:57:00,1883.04,1883.04,1882.94,1882.94,-0.01,22.58,42025.35,-1
2025-07-28,2025-07-28 13:58:00,1882.94,1882.94,1882.85,1882.85,-0.0,22.58,42025.35,-1
2025-07-28,2025-07-28 13:59:00,1882.85,1882.85,1882.75,1882.75,-0.01,22.58,42025.35,-1
2025-07-28,2025-07-28 14:00:00,1882.75,1882.75,1882.65,1882.65,-0.01,22.58,42025.35,-1
2025-07-28,2025-07-28 14:01:00,1882.65,1882.65,1882.56,1882.56,-0.0,22.58,42025.35,-1
2025-07-28,2025-07-28 14:02:00,1882.56,1882.56,1882.46,1882.46,-0.01,22.58,42025.35,-1
2025-07-28,2025-07-28 14:03:00,1882.46,1882.46,1882.37,1882.37,-0.0,22.58,42025.35,-1
2025-07-28,2025-07-28 14:04:00,1882.37,1882.37,1882.27,1882.27,-0.01,22.58,42025.35,-1
2025-07-28,2025-07-28 14:05:00,1882.27,1882.27,1882.17,1882.17,-0.01,22.58,42025.35,-1
2025-07-28,2025-07-28 14:06:00,1882.17,1882.17,1882.08,1882.08,-0.0,22.58,42025.35,-1
2025-07-28,2025-07-28 14:07:00,1882.08,1882.08,1881.98,1881.98,-0.01,22.58,42025.35,-1
2025-07-28,2025-07-28 14:08:00,1881.98,1881.98,1881.89,1881.89,-0.0,22.58,42025.35,-1
2025-07-28,2025-07-28 14:09:00,1881.89,1881.89,1881.79,1881.79,-0.01,22.58,42025.35,-1
2025-07-28,2025-07-28 14:10:00,1881.79,1881.79,1881.7,1881.7,-0.0,22.58,42025.35,-1
2025-07-28,2025-07-28 14:11:00,1881.7,1881.7,1881.6,1881.6,-0.01,22.58,42025.35,-1
2025-07-28,2025-07-28 14:12:00,1881.6,1881.6,1881.5,1881.5,-0.01,22.58,42025.35,-1
2025-07-28,2025-07-28 14:13:00,1881.5,1881.5,1881.41,1881.41,-0.0,22.58,42025.35,-1
2025-07-28,2025-07-28 14:14:00,1881.41,1881.41,1881.31,1881.31,-0.01,22.58,42025.35,-1
2025-07-28,2025-07-28 14:15:00,1881.31,1881.31,1881.22,1881.22,-0.0,22.58,42025.35,-1
2025-07-28,2025-07-28 14:16:00,1881.22,1881.22,1881.12,1881.12,-0.01,22.58,42025.35,-1
2025-07-28,2025-07-28 14:17:00,1881.12,1881.12,1881.03,1881.03,-0.0,22.58,42025.35,-1
2025-07-28,2025-07-28 14:18:00,1881.03,1881.03,1880.93,1880.93,-0.01,22.58,42025.35,-1
2025-07-28,2025-07-28 14:19:00,1880.93,1880.93,1880.83,1880.83,-0.01,22.58,42025.35,-1
2025-07-28,2025-07-28 14:20:00,1880.83,1880.83,1880.74,1880.74,-0.0,22.58,42025.35,-1
2025-07-28,2025-07-28 14:21:00,1880.74,1880.74,1880.64,1880.64,-0.01,22.58,42025.35,-1
2025-07-28,2025-07-28 14:22:00,1880.64,1880.64,1880.55,1880.55,-0.0,22.58,42025.35,-1
2025-07-28,2025-07-28 14:23:00,1880.55,1880.55,1880.45,1880.45,-0.01,22.58,42025.35,-1
2025-07-28,2025-07-28 14:24:00,1880.45,1880.45,1880.35,1880.35,-0.01,22.58,42025.35,-1
2025-07-28,2025-07-28 14:25:00,1880.35,1880.35,1880.26,1880.26,-0.0,22.58,42025.35,-1
2025-07-28,2025-07-28 14:26:00,1880.26,1880.26,1880.16,1880.16,-0.01,22.58,42025.35,-1
2025-07-28,2025-07-28 14:27:00,1880.16,1880.16,1880.07,1880.07,-0.0,22.58,42025.35,-1
2025-07-28,2025-07-28 14:28:00,1880.07,1880.07,1879.97,1879.97,-0.01,22.58,42025.35,-1
2025-07-28,2025-07-28 14:29:00,1879.97,1879.97,1879.88,1879.88,-0.0,22.58,42025.35,-1
2025-07-28,2025-07-28 14:30:00,1879.88,1879.88,1879.78,1879.78,-0.01,22.58,42025.35,-1
2025-07-28,2025-07-28 14:31:00,1879.78,1879.78,1879.68,1879.68,-0.01,22.58,42025.35,-1
2025-07-28,2025-07-28 14:32:00,1879.68,1879.68,1879.59,1879.59,-0.0,22.58,42025.35,-1
2025-07-28,2025-07-28 14:33:00,1879.59,1879.59,1879.49,1879.49,-0.01,22.58,42025.35,-1
2025-07-28,2025-07-28 14:34:00,1879.49,1879.49,1879.4,1879.4,-0.0,22.58,42025.35,-1
2025-07-28,2025-07-28 14:35:00,1879.4,1879.4,1879.3,1879.3,-0.01,22.58,42025.35,-1
2025-07-28,2025-07-28 14:36:00,1879.3,1879.3,1879.2,1879.2,-0.01,22.58,42025.35,-1
2025-07-28,2025-07-28 14:37:00,1879.2,1879.2,1879.11,1879.11,-0.0,22.58,42025.35,-1
2025-07-28,2025-07-28 14:38:00,1879.11,1879.11,1879.01,1879.01,-0.01,22.58,42025.35,-1
2025-07-28,2025-07-28 14:39:00,1879.01,1879.01,1878.92,1878.92,-0.0,22.58,42025.35,-1
2025-07-28,2025-07-28 14:40:00,1878.92,1878.92,1878.82,1878.82,-0.01,22.58,42025.35,-1
2025-07-28,2025-07-28 14:41:00,1878.82,1878.82,1878.72,1878.72,-0.01,22.58,42025.35,-1
2025-07-28,2025-07-28 14:42:00,1878.72,1878.72,1878.63,1878.63,-0.0,22.58,42025.35,-1
2025-07-28,2025-07-28 14:43:00,1878.63,1878.63,1878.53,1878.53,-0.01,22.58,42025.35,-1
2025-07-28,2025-07-28 14:44:00,1878.53,1878.53,1878.44,1878.44,-0.0,22.58,42025.35,-1
2025-07-28,2025-07-28 14:45:00,1878.44,1878.44,1878.34,1878.34,-0.01,22.58,42025.35,-1
2025-07-28,2025-07-28 14:46:00,1878.34,1878.34,1878.25,1878.25,-0.0,22.58,42025.35,-1
2025-07-28,2025-07-28 14:47:00,1878.25,1878.25,1878.15,1878.15,-0.01,22.58,42025.35,-1
2025-07-28,2025-07-28 14:48:00,1878.15,1878.15,1878.05,1878.05,-0.01,22.58,42025.35,-1
2025-07-28,2025-07-28 14:49:00,1878.05,1878.05,1877.96,1877.96,-0.0,22.58,42025.35,-1
2025-07-28,2025-07-28 14:50:00,1877.96,1877.96,1877.86,1877.86,-0.01,22.58,42025.35,-1
2025-07-28,2025-07-28 14:51:00,1877.86,1877.86,1877.77,1877.77,-0.0,22.58,42025.35,-1
2025-07-28,2025-07-28 14:52:00,1877.77,1877.77,1877.67,1877.67,-0.01,22.58,42025.35,-1
2025-07-28,2025-07-28 14:53:00,1877.67,1877.67,1877.58,1877.58,-0.0,22.58,42025.35,-1
2025-07-28,2025-07-28 14:54:00,1877.58,1877.58,1877.48,1877.48,-0.01,22.58,42025.35,-1
2025-07-28,2025-07-28 14:55:00,1877.48,1877.48,1877.38,1877.38,-0.01,22.58,42025.35,-1
2025-07-28,2025-07-28 14:56:00,1877.38,1877.38,1877.29,1877.29,-0.0,22.58,42025.35,-1
2025-07-28,2025-07-28 14:57:00,1877.29,1877.29,1877.19,1877.19,-0.01,22.58,42025.35,-1
2025-07-28,2025-07-28 14:58:00,1877.19,1877.19,1877.1,1877.1,-0.0,22.58,42025.35,-1
2025-07-28,2025-07-28 14:59:00,1877.1,1877.1,1877.0,1877.0,-0.01,22.58,42025.35,-1
2025-07-28,2025-07-28 15:00:00,1877.0,1900.0,1840.1,1877.0,0.0,22.58,42025.35,0
2025-07-29,2025-07-29 11:00:00,1877.0,1922.9,1866.2,1877.23,0.01,60.93,117202.98,1
2025-07-29,2025-07-29 11:01:00,1877.23,1877.46,1877.23,1877.46,0.01,60.93,117202.98,1
2025-07-29,2025-07-29 11:02:00,1877.46,1877.69,1877.46,1877.69,0.01,60.93,117202.98,1
2025-07-29,2025-07-29 11:03:00,1877.69,1877.91,1877.69,1877.91,0.01,60.93,117202.98,1
2025-07-29,2025-07-29 11:04:00,1877.91,1878.14,1877.91,1878.14,0.01,60.93,117202.98,1
2025-07-29,2025-07-29 11:05:00,1878.14,1878.37,1878.14,1878.37,0.01,60.93,117202.98,1
2025-07-29,2025-07-29 11:06:00,1878.37,1878.6,1878.37,1878.6,0.01,60.93,117202.98,1
2025-07-29,2025-07-29 11:07:00,1878.6,1878.83,1878.6,1878.83,0.01,60.93,117202.98,1
2025-07-29,2025-07-29 11:08:00,1878.83,1879.06,1878.83,1879.06,0.01,60.93,117202.98,1
2025-07-29,2025-07-29 11:09:00,1879.06,1879.29,1879.06,1879.29,0.01,60.93,117202.98,1
2025-07-29,2025-07-29 11:10:00,1879.29,1879.51,1879.29,1879.51,0.01,60.93,117202.98,1
2025-07-29,2025-07-29 11:11:00,1879.51,1879.74,1879.51,1879.74,0.01,60.93,117202.98,1
2025-07-29,2025-07-29 11:12:00,1879.74,1879.97,1879.74,1879.97,0.01,60.93,117202.98,1
2025-07-29,2025-07-29 11:13:00,1879.97,1880.2,1879.97,1880.2,0.01,60.93,117202.98,1
2025-07-29,2025-07-29 11:14:00,1880.2,1880.43,1880.2,1880.43,0.01,60.93,117202.98,1
2025-07-29,2025-07-29 11:15:00,1880.43,1880.66,1880.43,1880.66,0.01,60.93,117202.98,1
2025-07-29,2025-07-29 11:16:00,1880.66,1880.88,1880.66,1880.88,0.01,60.93,117202.98,1
2025-07-29,2025-07-29 11:17:00,1880.88,1881.11,1880.88,1881.11,0.01,60.93,117202.98,1
2025-07-29,2025-07-29 11:18:00,1881.11,1881.34,1881.11,1881.34,0.01,60.93,117202.98,1
2025-07-29,2025-07-29 11:19:00,1881.34,1881.57,1881.34,1881.57,0.01,60.93,117202.98,1
2025-07-29,2025-07-29 11:20:00,1881.57,1881.8,1881.57,1881.8,0.01,60.93,117202.98,1
2025-07-29,2025-07-29 11:21:00,1881.8,1882.03,1881.8,1882.03,0.01,60.93,117202.98,1
2025-07-29,2025-07-29 11:22:00,1882.03,1882.26,1882.03,1882.26,0.01,60.93,117202.98,1
2025-07-29,2025-07-29 11:23:00,1882.26,1882.48,1882.26,1882.48,0.01,60.93,117202.98,1
2025-07-29,2025-07-29 11:24:00,1882.48,1882.71,1882.48,1882.71,0.01,60.93,117202.98,1
2025-07-29,2025-07-29 11:25:00,1882.71,1882.94,1882.71,1882.94,0.01,60.93,117202.98,1
2025-07-29,2025-07-29 11:26:00,1882.94,1883.17,1882.94,1883.17,0.01,60.93,117202.98,1
2025-07-29,2025-07-29 11:27:00,1883.17,1883.4,1883.17,1883.4,0.01,60.93,117202.98,1
2025-07-29,2025-07-29 11:28:00,1883.4,1883.63,1883.4,1883.63,0.01,60.93,117202.98,1
2025-07-29,2025-07-29 11:29:00,1883.63,1883.86,1883.63,1883.86,0.01,60.93,117202.98,1
2025-07-29,2025-07-29 11:30:00,1883.86,1884.08,1883.86,1884.08,0.01,60.93,117202.98,1
2025-07-29,2025-07-29 11:31:00,1884.08,1884.31,1884.08,1884.31,0.01,60.93,117202.98,1
2025-07-29,2025-07-29 11:32:00,1884.31,1884.54,1884.31,1884.54,0.01,60.93,117202.98,1
2025-07-29,2025-07-29 11:33:00,1884.54,1884.77,1884.54,1884.77,0.01,60.93,117202.98,1
2025-07-29,2025-07-29 11:34:00,1884.77,1885.0,1884.77,1885.0,0.01,60.93,117202.98,1
2025-07-29,2025-07-29 11:35:00,1885.0,1885.23,1885.0,1885.23,0.01,60.93,117202.98,1
2025-07-29,2025-07-29 11:36:00,1885.23,1885.45,1885.23,1885.45,0.01,60.93,117202.98,1
2025-07-29,2025-07-29 11:37:00,1885.45,1885.68,1885.45,1885.68,0.01,60.93,117202.98,1
2025-07-29,2025-07-29 11:38:00,1885.68,1885.91,1885.68,1885.91,0.01,60.93,117202.98,1
2025-07-29,2025-07-29 11:39:00,1885.91,1886.14,1885.91,1886.14,0.01,60.93,117202.98,1
2025-07-29,2025-07-29 11:40:00,1886.14,1886.37,1886.14,1886.37,0.01,60.93,117202.98,1
2025-07-29,2025-07-29 11:41:00,1886.37,1886.6,1886.37,1886.6,0.01,60.93,117202.98,1
2025-07-29,2025-07-29 11:42:00,1886.6,1886.83,1886.6,1886.83,0.01,60.93,117202.98,1
2025-07-29,2025-07-29 11:43:00,1886.83,1887.05,1886.83,1887.05,0.01,60.93,117202.98,1
2025-07-29,2025-07-29 11:44:00,1887.05,1887.28,1887.05,1887.28,0.01,60.93,117202.98,1
2025-07-29,2025-07-29 11:45:00,1887.28,1887.51,1887.28,1887.51,0.01,60.93,117202.98,1
2025-07-29,2025-07-29 11:46:00,1887.51,1887.74,1887.51,1887.74,0.01,60.93,117202.98,1
2025-07-29,2025-07-29 11:47:00,1887.74,1887.97,1887.74,1887.97,0.01,60.93,117202.98,1
2025-07-29,2025-07-29 11:48:00,1887.97,1888.2,1887.97,1888.2,0.01,60.93,117202.98,1
2025-07-29,2025-07-29 11:49:00,1888.2,1888.42,1888.2,1888.42,0.01,60.93,117202.98,1
2025-07-29,2025-07-29 11:50:00,1888.42,1888.65,1888.42,1888.65,0.01,60.93,117202.98,1
2025-07-29,2025-07-29 11:51:00,1888.65,1888.88,1888.65,1888.88,0.01,60.93,117202.98,1
2025-07-29,2025-07-29 11:52:00,1888.88,1889.11,1888.88,1889.11,0.01,60.93,117202.98,1
2025-07-29,2025-07-29 11:53:00,1889.11,1889.34,1889.11,1889.34,0.01,60.93,117202.98,1
2025-07-29,2025-07-29 11:54:00,1889.34,1889.57,1889.34,1889.57,0.01,60.93,117202.98,1
2025-07-29,2025-07-29 11:55:00,1889.57,1889.8,1889.57,1889.8,0.01,60.93,117202.98,1
2025-07-29,2025-07-29 11:56:00,1889.8,1890.02,1889.8,1890.02,0.01,60.93,117202.98,1
2025-07-29,2025-07-29 11:57:00,1890.02,1890.25,1890.02,1890.25,0.01,60.93,117202.98,1
2025-07-29,2025-07-29 11:58:00,1890.25,1890.48,1890.25,1890.48,0.01,60.93,117202.98,1
2025-07-29,2025-07-29 11:59:00,1890.48,1890.71,1890.48,1890.71,0.01,60.93,117202.98,1
2025-07-29,2025-07-29 12:00:00,1890.71,1890.94,1890.71,1890.94,0.01,60.93,117202.98,1
2025-07-29,2025-07-29 12:01:00,1890.94,1891.17,1890.94,1891.17,0.01,60.93,117202.98,1
2025-07-29,2025-07-29 12:02:00,1891.17,1891.4,1891.17,1891.4,0.01,60.93,117202.98,1
2025-07-29,2025-07-29 12:03:00,1891.4,1891.62,1891.4,1891.62,0.01,60.93,117202.98,1
2025-07-29,2025-07-29 12:04:00,1891.62,1891.85,1891.62,1891.85,0.01,60.93,117202.98,1
2025-07-29,2025-07-29 12:05:00,1891.85,1892.08,1891.85,1892.08,0.01,60.93,117202.98,1
2025-07-29,2025-07-29 12:06:00,1892.08,1892.31,1892.08,1892.31,0.01,60.93,117202.98,1
2025-07-29,2025-07-29 12:07:00,1892.31,1892.54,1892.31,1892.54,0.01,60.93,117202.98,1
2025-07-29,2025-07-29 12:08:00,1892.54,1892.77,1892.54,1892.77,0.01,60.93,117202.98,1
2025-07-29,2025-07-29 12:09:00,1892.77,1892.99,1892.77,1892.99,0.01,60.93,117202.98,1
2025-07-29,2025-07-29 12:10:00,1892.99,1893.22,1892.99,1893.22,0.01,60.93,117202.98,1
2025-07-29,2025-07-29 12:11:00,1893.22,1893.45,1893.22,1893.45,0.01,60.93,117202.98,1
2025-07-29,2025-07-29 12:12:00,1893.45,1893.68,1893.45,1893.68,0.01,60.93,117202.98,1
2025-07-29,2025-07-29 12:13:00,1893.68,1893.91,1893.68,1893.91,0.01,60.93,117202.98,1
2025-07-29,2025-07-29 12:14:00,1893.91,1894.14,1893.91,1894.14,0.01,60.93,117202.98,1
2025-07-29,2025-07-29 12:15:00,1894.14,1894.37,1894.14,1894.37,0.01,60.93,117202.98,1
2025-07-29,2025-07-29 12:16:00,1894.37,1894.59,1894.37,1894.59,0.01,60.93,117202.98,1
2025-07-29,2025-07-29 12:17:00,1894.59,1894.82,1894.59,1894.82,0.01,60.93,117202.98,1
2025-07-29,2025-07-29 12:18:00,1894.82,1895.05,1894.82,1895.05,0.01,60.93,117202.98,1
2025-07-29,2025-07-29 12:19:00,1895.05,1895.28,1895.05,1895.28,0.01,60.93,117202.98,1
2025-07-29,2025-07-29 12:20:00,1895.28,1895.51,1895.28,1895.51,0.01,60.93,117202.98,1
2025-07-29,2025-07-29 12:21:00,1895.51,1895.74,1895.51,1895.74,0.01,60.93,117202.98,1
2025-07-29,2025-07-29 12:22:00,1895.74,1895.97,1895.74,1895.97,0.01,60.93,117202.98,1
2025-07-29,2025-07-29 12:23:00,1895.97,1896.19,1895.97,1896.19,0.01,60.93,117202.98,1
2025-07-29,2025-07-29 12:24:00,1896.19,1896.42,1896.19,1896.42,0.01,60.93,117202.98,1
2025-07-29,2025-07-29 12:25:00,1896.42,1896.65,1896.42,1896.65,0.01,60.93,117202.98,1
2025-07-29,2025-07-29 12:26:00,1896.65,1896.88,1896.65,1896.88,0.01,60.93,117202.98,1
2025-07-29,2025-07-29 12:27:00,1896.88,1897.11,1896.88,1897.11,0.01,60.93,117202.98,1
2025-07-29,2025-07-29 12:28:00,1897.11,1897.34,1897.11,1897.34,0.01,60.93,117202.98,1
2025-07-29,2025-07-29 12:29:00,1897.34,1897.57,1897.34,1897.57,0.01,60.93,117202.98,1
2025-07-29,2025-07-29 12:30:00,1897.57,1897.79,1897.57,1897.79,0.01,60.93,117202.98,1
2025-07-29,2025-07-29 12:31:00,1897.79,1898.02,1897.79,1898.02,0.01,60.93,117202.98,1
2025-07-29,2025-07-29 12:32:00,1898.02,1898.25,1898.02,1898.25,0.01,60.93,117202.98,1
2025-07-29,2025-07-29 12:33:00,1898.25,1898.48,1898.25,1898.48,0.01,60.93,117202.98,1
2025-07-29,2025-07-29 12:34:00,1898.48,1898.71,1898.48,1898.71,0.01,60.93,117202.98,1
2025-07-29,2025-07-29 12:35:00,1898.71,1898.94,1898.71,1898.94,0.01,60.93,117202.98,1
2025-07-29,2025-07-29 12:36:00,1898.94,1899.16,1898.94,1899.16,0.01,60.93,117202.98,1
2025-07-29,2025-07-29 12:37:00,1899.16,1899.39,1899.16,1899.39,0.01,60.93,117202.98,1
2025-07-29,2025-07-29 12:38:00,1899.39,1899.62,1899.39,1899.62,0.01,60.93,117202.98,1
2025-07-29,2025-07-29 12:39:00,1899.62,1899.85,1899.62,1899.85,0.01,60.93,117202.98,1
2025-07-29,2025-07-29 12:40:00,1899.85,1900.08,1899.85,1900.08,0.01,60.93,117202.98,1
2025-07-29,2025-07-29 12:41:00,1900.08,1900.31,1900.08,1900.31,0.01,60.93,117202.98,1
2025-07-29,2025-07-29 12:42:00,1900.31,1900.54,1900.31,1900.54,0.01,60.93,117202.98,1
2025-07-29,2025-07-29 12:43:00,1900.54,1900.76,1900.54,1900.76,0.01,60.93,117202.98,1
2025-07-29,2025-07-29 12:44:00,1900.76,1900.99,1900.76,1900.99,0.01,60.93,117202.98,1
2025-07-29,2025-07-29 12:45:00,1900.99,1901.22,1900.99,1901.22,0.01,60.93,117202.98,1
2025-07-29,2025-07-29 12:46:00,1901.22,1901.45,1901.22,1901.45,0.01,60.93,117202.98,1
2025-07-29,2025-07-29 12:47:00,1901.45,1901.68,1901.45,1901.68,0.01,60.93,117202.98,1
2025-07-29,2025-07-29 12:48:00,1901.68,1901.91,1901.68,1901.91,0.01,60.93,117202.98,1
2025-07-29,2025-07-29 12:49:00,1901.91,1902.13,1901.91,1902.13,0.01,60.93,117202.98,1
2025-07-29,2025-07-29 12:50:00,1902.13,1902.36,1902.13,1902.36,0.01,60.93,117202.98,1
2025-07-29,2025-07-29 12:51:00,1902.36,1902.59,1902.36,1902.59,0.01,60.93,117202.98,1
2025-07-29,2025-07-29 12:52:00,1902.59,1902.82,1902.59,1902.82,0.01,60.93,117202.98,1
2025-07-29,2025-07-29 12:53:00,1902.82,1903.05,1902.82,1903.05,0.01,60.93,117202.98,1
2025-07-29,2025-07-29 12:54:00,1903.05,1903.28,1903.05,1903.28,0.01,60.93,117202.98,1
2025-07-29,2025-07-29 12:55:00,1903.28,1903.51,1903.28,1903.51,0.01,60.93,117202.98,1
2025-07-29,2025-07-29 12:56:00,1903.51,1903.73,1903.51,1903.73,0.01,60.93,117202.98,1
2025-07-29,2025-07-29 12:57:00,1903.73,1903.96,1903.73,1903.96,0.01,60.93,117202.98,1
2025-07-29,2025-07-29 12:58:00,1903.96,1904.19,1903.96,1904.19,0.01,60.93,117202.98,1
2025-07-29,2025-07-29 12:59:00,1904.19,1904.42,1904.19,1904.42,0.01,60.93,117202.98,1
2025-07-29,2025-07-29 13:00:00,1904.42,2030.0,1841.0,1904.65,0.01,60.93,117202.98,1
2025-07-29,2025-07-29 13:01:00,1904.65,1904.88,1904.65,1904.88,0.01,60.93,117202.98,1
2025-07-29,2025-07-29 13:02:00,1904.88,1905.11,1904.88,1905.11,0.01,60.93,117202.98,1
2025-07-29,2025-07-29 13:03:00,1905.11,1905.33,1905.11,1905.33,0.01,60.93,117202.98,1
2025-07-29,2025-07-29 13:04:00,1905.33,1905.56,1905.33,1905.56,0.01,60.93,117202.98,1
2025-07-29,2025-07-29 13:05:00,1905.56,1905.79,1905.56,1905.79,0.01,60.93,117202.98,1
2025-07-29,2025-07-29 13:06:00,1905.79,1906.02,1905.79,1906.02,0.01,60.93,117202.98,1
2025-07-29,2025-07-29 13:07:00,1906.02,1906.25,1906.02,1906.25,0.01,60.93,117202.98,1
2025-07-29,2025-07-29 13:08:00,1906.25,1906.48,1906.25,1906.48,0.01,60.93,117202.98,1
2025-07-29,2025-07-29 13:09:00,1906.48,1906.7,1906.48,1906.7,0.01,60.93,117202.98,1
2025-07-29,2025-07-29 13:10:00,1906.7,1906.93,1906.7,1906.93,0.01,60.93,117202.98,1
2025-07-29,2025-07-29 13:11:00,1906.93,1907.16,1906.93,1907.16,0.01,60.93,117202.98,1
2025-07-29,2025-07-29 13:12:00,1907.16,1907.39,1907.16,1907.39,0.01,60.93,117202.98,1
2025-07-29,2025-07-29 13:13:00,1907.39,1907.62,1907.39,1907.62,0.01,60.93,117202.98,1
2025-07-29,2025-07-29 13:14:00,1907.62,1907.85,1907.62,1907.85,0.01,60.93,117202.98,1
2025-07-29,2025-07-29 13:15:00,1907.85,1908.08,1907.85,1908.08,0.01,60.93,117202.98,1
2025-07-29,2025-07-29 13:16:00,1908.08,1908.3,1908.08,1908.3,0.01,60.93,117202.98,1
2025-07-29,2025-07-29 13:17:00,1908.3,1908.53,1908.3,1908.53,0.01,60.93,117202.98,1
2025-07-29,2025-07-29 13:18:00,1908.53,1908.76,1908.53,1908.76,0.01,60.93,117202.98,1
2025-07-29,2025-07-29 13:19:00,1908.76,1908.99,1908.76,1908.99,0.01,60.93,117202.98,1
2025-07-29,2025-07-29 13:20:00,1908.99,1909.22,1908.99,1909.22,0.01,60.93,117202.98,1
2025-07-29,2025-07-29 13:21:00,1909.22,1909.45,1909.22,1909.45,0.01,60.93,117202.98,1
2025-07-29,2025-07-29 13:22:00,1909.45,1909.68,1909.45,1909.68,0.01,60.93,117202.98,1
2025-07-29,2025-07-29 13:23:00,1909.68,1909.9,1909.68,1909.9,0.01,60.93,117202.98,1
2025-07-29,2025-07-29 13:24:00,1909.9,1910.13,1909.9,1910.13,0.01,60.93,117202.98,1
2025-07-29,2025-07-29 13:25:00,1910.13,1910.36,1910.13,1910.36,0.01,60.93,117202.98,1
2025-07-29,2025-07-29 13:26:00,1910.36,1910.59,1910.36,1910.59,0.01,60.93,117202.98,1
2025-07-29,2025-07-29 13:27:00,1910.59,1910.82,1910.59,1910.82,0.01,60.93,117202.98,1
2025-07-29,2025-07-29 13:28:00,1910.82,1911.05,1910.82,1911.05,0.01,60.93,117202.98,1
2025-07-29,2025-07-29 13:29:00,1911.05,1911.27,1911.05,1911.27,0.01,60.93,117202.98,1
2025-07-29,2025-07-29 13:30:00,1911.27,1911.5,1911.27,1911.5,0.01,60.93,117202.98,1
2025-07-29,2025-07-29 13:31:00,1911.5,1911.73,1911.5,1911.73,0.01,60.93,117202.98,1
2025-07-29,2025-07-29 13:32:00,1911.73,1911.96,1911.73,1911.96,0.01,60.93,117202.98,1
2025-07-29,2025-07-29 13:33:00,1911.96,1912.19,1911.96,1912.19,0.01,60.93,117202.98,1
2025-07-29,2025-07-29 13:34:00,1912.19,1912.42,1912.19,1912.42,0.01,60.93,117202.98,1
2025-07-29,2025-07-29 13:35:00,1912.42,1912.65,1912.42,1912.65,0.01,60.93,117202.98,1
2025-07-29,2025-07-29 13:36:00,1912.65,1912.87,1912.65,1912.87,0.01,60.93,117202.98,1
2025-07-29,2025-07-29 13:37:00,1912.87,1913.1,1912.87,1913.1,0.01,60.93,117202.98,1
2025-07-29,2025-07-29 13:38:00,1913.1,1913.33,1913.1,1913.33,0.01,60.93,117202.98,1
2025-07-29,2025-07-29 13:39:00,1913.33,1913.56,1913.33,1913.56,0.01,60.93,117202.98,1
2025-07-29,2025-07-29 13:40:00,1913.56,1913.79,1913.56,1913.79,0.01,60.93,117202.98,1
2025-07-29,2025-07-29 13:41:00,1913.79,1914.02,1913.79,1914.02,0.01,60.93,117202.98,1
2025-07-29,2025-07-29 13:42:00,1914.02,1914.25,1914.02,1914.25,0.01,60.93,117202.98,1
2025-07-29,2025-07-29 13:43:00,1914.25,1914.47,1914.25,1914.47,0.01,60.93,117202.98,1
2025-07-29,2025-07-29 13:44:00,1914.47,1914.7,1914.47,1914.7,0.01,60.93,117202.98,1
2025-07-29,2025-07-29 13:45:00,1914.7,1914.93,1914.7,1914.93,0.01,60.93,117202.98,1
2025-07-29,2025-07-29 13:46:00,1914.93,1915.16,1914.93,1915.16,0.01,60.93,117202.98,1
2025-07-29,2025-07-29 13:47:00,1915.16,1915.39,1915.16,1915.39,0.01,60.93,117202.98,1
2025-07-29,2025-07-29 13:48:00,1915.39,1915.62,1915.39,1915.62,0.01,60.93,117202.98,1
2025-07-29,2025-07-29 13:49:00,1915.62,1915.85,1915.62,1915.85,0.01,60.93,117202.98,1
2025-07-29,2025-07-29 13:50:00,1915.85,1916.07,1915.85,1916.07,0.01,60.93,117202.98,1
2025-07-29,2025-07-29 13:51:00,1916.07,1916.3,1916.07,1916.3,0.01,60.93,117202.98,1
2025-07-29,2025-07-29 13:52:00,1916.3,1916.53,1916.3,1916.53,0.01,60.93,117202.98,1
2025-07-29,2025-07-29 13:53:00,1916.53,1916.76,1916.53,1916.76,0.01,60.93,117202.98,1
2025-07-29,2025-07-29 13:54:00,1916.76,1916.99,1916.76,1916.99,0.01,60.93,117202.98,1
2025-07-29,2025-07-29 13:55:00,1916.99,1917.22,1916.99,1917.22,0.01,60.93,117202.98,1
2025-07-29,2025-07-29 13:56:00,1917.22,1917.44,1917.22,1917.44,0.01,60.93,117202.98,1
2025-07-29,2025-07-29 13:57:00,1917.44,1917.67,1917.44,1917.67,0.01,60.93,117202.98,1
2025-07-29,2025-07-29 13:58:00,1917.67,1917.9,1917.67,1917.9,0.01,60.93,117202.98,1
2025-07-29,2025-07-29 13:59:00,1917.9,1918.13,1917.9,1918.13,0.01,60.93,117202.98,1
2025-07-29,2025-07-29 14:00:00,1918.13,1918.36,1918.13,1918.36,0.01,60.93,117202.98,1
2025-07-29,2025-07-29 14:01:00,1918.36,1918.59,1918.36,1918.59,0.01,60.93,117202.98,1
2025-07-29,2025-07-29 14:02:00,1918.59,1918.82,1918.59,1918.82,0.01,60.93,117202.98,1
2025-07-29,2025-07-29 14:03:00,1918.82,1919.04,1918.82,1919.04,0.01,60.93,117202.98,1
2025-07-29,2025-07-29 14:04:00,1919.04,1919.27,1919.04,1919.27,0.01,60.93,117202.98,1
2025-07-29,2025-07-29 14:05:00,1919.27,1919.5,1919.27,1919.5,0.01,60.93,117202.98,1
2025-07-29,2025-07-29 14:06:00,1919.5,1919.73,1919.5,1919.73,0.01,60.93,117202.98,1
2025-07-29,2025-07-29 14:07:00,1919.73,1919.96,1919.73,1919.96,0.01,60.93,117202.98,1
2025-07-29,2025-07-29 14:08:00,1919.96,1920.19,1919.96,1920.19,0.01,60.93,117202.98,1
2025-07-29,2025-07-29 14:09:00,1920.19,1920.41,1920.19,1920.41,0.01,60.93,117202.98,1
2025-07-29,2025-07-29 14:10:00,1920.41,1920.64,1920.41,1920.64,0.01,60.93,117202.98,1
2025-07-29,2025-07-29 14:11:00,1920.64,1920.87,1920.64,1920.87,0.01,60.93,117202.98,1
2025-07-29,2025-07-29 14:12:00,1920.87,1921.1,1920.87,1921.1,0.01,60.93,117202.98,1
2025-07-29,2025-07-29 14:13:00,1921.1,1921.33,1921.1,1921.33,0.01,60.93,117202.98,1
2025-07-29,2025-07-29 14:14:00,1921.33,1921.56,1921.33,1921.56,0.01,60.93,117202.98,1
2025-07-29,2025-07-29 14:15:00,1921.56,1921.79,1921.56,1921.79,0.01,60.93,117202.98,1
2025-07-29,2025-07-29 14:16:00,1921.79,1922.01,1921.79,1922.01,0.01,60.93,117202.98,1
2025-07-29,2025-07-29 14:17:00,1922.01,1922.24,1922.01,1922.24,0.01,60.93,117202.98,1
2025-07-29,2025-07-29 14:18:00,1922.24,1922.47,1922.24,1922.47,0.01,60.93,117202.98,1
2025-07-29,2025-07-29 14:19:00,1922.47,1922.7,1922.47,1922.7,0.01,60.93,117202.98,1
2025-07-29,2025-07-29 14:20:00,1922.7,1922.93,1922.7,1922.93,0.01,60.93,117202.98,1
2025-07-29,2025-07-29 14:21:00,1922.93,1923.16,1922.93,1923.16,0.01,60.93,117202.98,1
2025-07-29,2025-07-29 14:22:00,1923.16,1923.39,1923.16,1923.39,0.01,60.93,117202.98,1
2025-07-29,2025-07-29 14:23:00,1923.39,1923.61,1923.39,1923.61,0.01,60.93,117202.98,1
2025-07-29,2025-07-29 14:24:00,1923.61,1923.84,1923.61,1923.84,0.01,60.93,117202.98,1
2025-07-29,2025-07-29 14:25:00,1923.84,1924.07,1923.84,1924.07,0.01,60.93,117202.98,1
2025-07-29,2025-07-29 14:26:00,1924.07,1924.3,1924.07,1924.3,0.01,60.93,117202.98,1
2025-07-29,2025-07-29 14:27:00,1924.3,1924.53,1924.3,1924.53,0.01,60.93,117202.98,1
2025-07-29,2025-07-29 14:28:00,1924.53,1924.76,1924.53,1924.76,0.01,60.93,117202.98,1
2025-07-29,2025-07-29 14:29:00,1924.76,1924.98,1924.76,1924.98,0.01,60.93,117202.98,1
2025-07-29,2025-07-29 14:30:00,1924.98,1925.21,1924.98,1925.21,0.01,60.93,117202.98,1
2025-07-29,2025-07-29 14:31:00,1925.21,1925.44,1925.21,1925.44,0.01,60.93,117202.98,1
2025-07-29,2025-07-29 14:32:00,1925.44,1925.67,1925.44,1925.67,0.01,60.93,117202.98,1
2025-07-29,2025-07-29 14:33:00,1925.67,1925.9,1925.67,1925.9,0.01,60.93,117202.98,1
2025-07-29,2025-07-29 14:34:00,1925.9,1926.13,1925.9,1926.13,0.01,60.93,117202.98,1
2025-07-29,2025-07-29 14:35:00,1926.13,1926.36,1926.13,1926.36,0.01,60.93,117202.98,1
2025-07-29,2025-07-29 14:36:00,1926.36,1926.58,1926.36,1926.58,0.01,60.93,117202.98,1
2025-07-29,2025-07-29 14:37:00,1926.58,1926.81,1926.58,1926.81,0.01,60.93,117202.98,1
2025-07-29,2025-07-29 14:38:00,1926.81,1927.04,1926.81,1927.04,0.01,60.93,117202.98,1
2025-07-29,2025-07-29 14:39:00,1927.04,1927.27,1927.04,1927.27,0.01,60.93,117202.98,1
2025-07-29,2025-07-29 14:40:00,1927.27,1927.5,1927.27,1927.5,0.01,60.93,117202.98,1
2025-07-29,2025-07-29 14:41:00,1927.5,1927.73,1927.5,1927.73,0.01,60.93,117202.98,1
2025-07-29,2025-07-29 14:42:00,1927.73,1927.96,1927.73,1927.96,0.01,60.93,117202.98,1
2025-07-29,2025-07-29 14:43:00,1927.96,1928.18,1927.96,1928.18,0.01,60.93,117202.98,1
2025-07-29,2025-07-29 14:44:00,1928.18,1928.41,1928.18,1928.41,0.01,60.93,117202.98,1
2025-07-29,2025-07-29 14:45:00,1928.41,1928.64,1928.41,1928.64,0.01,60.93,117202.98,1
2025-07-29,2025-07-29 14:46:00,1928.64,1928.87,1928.64,1928.87,0.01,60.93,117202.98,1
2025-07-29,2025-07-29 14:47:00,1928.87,1929.1,1928.87,1929.1,0.01,60.93,117202.98,1
2025-07-29,2025-07-29 14:48:00,1929.1,1929.33,1929.1,1929.33,0.01,60.93,117202.98,1
2025-07-29,2025-07-29 14:49:00,1929.33,1929.55,1929.33,1929.55,0.01,60.93,117202.98,1
2025-07-29,2025-07-29 14:50:00,1929.55,1929.78,1929.55,1929.78,0.01,60.93,117202.98,1
2025-07-29,2025-07-29 14:51:00,1929.78,1930.01,1929.78,1930.01,0.01,60.93,117202.98,1
2025-07-29,2025-07-29 14:52:00,1930.01,1930.24,1930.01,1930.24,0.01,60.93,117202.98,1
2025-07-29,2025-07-29 14:53:00,1930.24,1930.47,1930.24,1930.47,0.01,60.93,117202.98,1
2025-07-29,2025-07-29 14:54:00,1930.47,1930.7,1930.47,1930.7,0.01,60.93,117202.98,1
2025-07-29,2025-07-29 14:55:00,1930.7,1930.93,1930.7,1930.93,0.01,60.93,117202.98,1
2025-07-29,2025-07-29 14:56:00,1930.93,1931.15,1930.93,1931.15,0.01,60.93,117202.98,1
2025-07-29,2025-07-29 14:57:00,1931.15,1931.38,1931.15,1931.38,0.01,60.93,117202.98,1
2025-07-29,2025-07-29 14:58:00,1931.38,1931.61,1931.38,1931.61,0.01,60.93,117202.98,1
2025-07-29,2025-07-29 14:59:00,1931.61,1931.84,1931.61,1931.84,0.01,60.93,117202.98,1
2025-07-29,2025-07-29 15:00:00,1931.84,2030.0,1841.0,1931.84,0.0,60.93,117202.98,0
2025-07-30,2025-07-30 11:00:00,1950.0,1956.0,1911.0,1949.49,-0.03,35.38,65471.76,-1
2025-07-30,2025-07-30 11:01:00,1949.49,1949.49,1948.98,1948.98,-0.03,35.38,65471.76,-1
2025-07-30,2025-07-30 11:02:00,1948.98,1948.98,1948.46,1948.46,-0.03,35.38,65471.76,-1
2025-07-30,2025-07-30 11:03:00,1948.46,1948.46,1947.95,1947.95,-0.03,35.38,65471.76,-1
2025-07-30,2025-07-30 11:04:00,1947.95,1947.95,1947.44,1947.44,-0.03,35.38,65471.76,-1
2025-07-30,2025-07-30 11:05:00,1947.44,1947.44,1946.93,1946.93,-0.03,35.38,65471.76,-1
2025-07-30,2025-07-30 11:06:00,1946.93,1946.93,1946.41,1946.41,-0.03,35.38,65471.76,-1
2025-07-30,2025-07-30 11:07:00,1946.41,1946.41,1945.9,1945.9,-0.03,35.38,65471.76,-1
2025-07-30,2025-07-30 11:08:00,1945.9,1945.9,1945.39,1945.39,-0.03,35.38,65471.76,-1
2025-07-30,2025-07-30 11:09:00,1945.39,1945.39,1944.88,1944.88,-0.03,35.38,65471.76,-1
2025-07-30,2025-07-30 11:10:00,1944.88,1944.88,1944.37,1944.37,-0.03,35.38,65471.76,-1
2025-07-30,2025-07-30 11:11:00,1944.37,1944.37,1943.85,1943.85,-0.03,35.38,65471.76,-1
2025-07-30,2025-07-30 11:12:00,1943.85,1943.85,1943.34,1943.34,-0.03,35.38,65471.76,-1
2025-07-30,2025-07-30 11:13:00,1943.34,1943.34,1942.83,1942.83,-0.03,35.38,65471.76,-1
2025-07-30,2025-07-30 11:14:00,1942.83,1942.83,1942.32,1942.32,-0.03,35.38,65471.76,-1
2025-07-30,2025-07-30 11:15:00,1942.32,1942.32,1941.8,1941.8,-0.03,35.38,65471.76,-1
2025-07-30,2025-07-30 11:16:00,1941.8,1941.8,1941.29,1941.29,-0.03,35.38,65471.76,-1
2025-07-30,2025-07-30 11:17:00,1941.29,1941.29,1940.78,1940.78,-0.03,35.38,65471.76,-1
2025-07-30,2025-07-30 11:18:00,1940.78,1940.78,1940.27,1940.27,-0.03,35.38,65471.76,-1
2025-07-30,2025-07-30 11:19:00,1940.27,1940.27,1939.76,1939.76,-0.03,35.38,65471.76,-1
2025-07-30,2025-07-30 11:20:00,1939.76,1939.76,1939.24,1939.24,-0.03,35.38,65471.76,-1
2025-07-30,2025-07-30 11:21:00,1939.24,1939.24,1938.73,1938.73,-0.03,35.38,65471.76,-1
2025-07-30,2025-07-30 11:22:00,1938.73,1938.73,1938.22,1938.22,-0.03,35.38,65471.76,-1
2025-07-30,2025-07-30 11:23:00,1938.22,1938.22,1937.71,1937.71,-0.03,35.38,65471.76,-1
2025-07-30,2025-07-30 11:24:00,1937.71,1937.71,1937.19,1937.19,-0.03,35.38,65471.76,-1
2025-07-30,2025-07-30 11:25:00,1937.19,1937.19,1936.68,1936.68,-0.03,35.38,65471.76,-1
2025-07-30,2025-07-30 11:26:00,1936.68,1936.68,1936.17,1936.17,-0.03,35.38,65471.76,-1
2025-07-30,2025-07-30 11:27:00,1936.17,1936.17,1935.66,1935.66,-0.03,35.38,65471.76,-1
2025-07-30,2025-07-30 11:28:00,1935.66,1935.66,1935.14,1935.14,-0.03,35.38,65471.76,-1
2025-07-30,2025-07-30 11:29:00,1935.14,1935.14,1934.63,1934.63,-0.03,35.38,65471.76,-1
2025-07-30,2025-07-30 11:30:00,1934.63,1934.63,1934.12,1934.12,-0.03,35.38,65471.76,-1
2025-07-30,2025-07-30 11:31:00,1934.12,1934.12,1933.61,1933.61,-0.03,35.38,65471.76,-1
2025-07-30,2025-07-30 11:32:00,1933.61,1933.61,1933.1,1933.1,-0.03,35.38,65471.76,-1
2025-07-30,2025-07-30 11:33:00,1933.1,1933.1,1932.58,1932.58,-0.03,35.38,65471.76,-1
2025-07-30,2025-07-30 11:34:00,1932.58,1932.58,1932.07,1932.07,-0.03,35.38,65471.76,-1
2025-07-30,2025-07-30 11:35:00,1932.07,1932.07,1931.56,1931.56,-0.03,35.38,65471.76,-1
2025-07-30,2025-07-30 11:36:00,1931.56,1931.56,1931.05,1931.05,-0.03,35.38,65471.76,-1
2025-07-30,2025-07-30 11:37:00,1931.05,1931.05,1930.53,1930.53,-0.03,35.38,65471.76,-1
2025-07-30,2025-07-30 11:38:00,1930.53,1930.53,1930.02,1930.02,-0.03,35.38,65471.76,-1
2025-07-30,2025-07-30 11:39:00,1930.02,1930.02,1929.51,1929.51,-0.03,35.38,65471.76,-1
2025-07-30,2025-07-30 11:40:00,1929.51,1929.51,1929.0,1929.0,-0.03,35.38,65471.76,-1
2025-07-30,2025-07-30 11:41:00,1929.0,1929.0,1928.49,1928.49,-0.03,35.38,65471.76,-1
2025-07-30,2025-07-30 11:42:00,1928.49,1928.49,1927.97,1927.97,-0.03,35.38,65471.76,-1
2025-07-30,2025-07-30 11:43:00,1927.97,1927.97,1927.46,1927.46,-0.03,35.38,65471.76,-1
2025-07-30,2025-07-30 11:44:00,1927.46,1927.46,1926.95,1926.95,-0.03,35.38,65471.76,-1
2025-07-30,2025-07-30 11:45:00,1926.95,1926.95,1926.44,1926.44,-0.03,35.38,65471.76,-1
2025-07-30,2025-07-30 11:46:00,1926.44,1926.44,1925.92,1925.92,-0.03,35.38,65471.76,-1
2025-07-30,2025-07-30 11:47:00,1925.92,1925.92,1925.41,1925.41,-0.03,35.38,65471.76,-1
2025-07-30,2025-07-30 11:48:00,1925.41,1925.41,1924.9,1924.9,-0.03,35.38,65471.76,-1
2025-07-30,2025-07-30 11:49:00,1924.9,1924.9,1924.39,1924.39,-0.03,35.38,65471.76,-1
2025-07-30,2025-07-30 11:50:00,1924.39,1924.39,1923.88,1923.88,-0.03,35.38,65471.76,-1
2025-07-30,2025-07-30 11:51:00,1923.88,1923.88,1923.36,1923.36,-0.03,35.38,65471.76,-1
2025-07-30,2025-07-30 11:52:00,1923.36,1923.36,1922.85,1922.85,-0.03,35.38,65471.76,-1
2025-07-30,2025-07-30 11:53:00,1922.85,1922.85,1922.34,1922.34,-0.03,35.38,65471.76,-1
2025-07-30,2025-07-30 11:54:00,1922.34,1922.34,1921.83,1921.83,-0.03,35.38,65471.76,-1
2025-07-30,2025-07-30 11:55:00,1921.83,1921.83,1921.31,1921.31,-0.03,35.38,65471.76,-1
2025-07-30,2025-07-30 11:56:00,1921.31,1921.31,1920.8,1920.8,-0.03,35.38,65471.76,-1
2025-07-30,2025-07-30 11:57:00,1920.8,1920.8,1920.29,1920.29,-0.03,35.38,65471.76,-1
2025-07-30,2025-07-30 11:58:00,1920.29,1920.29,1919.78,1919.78,-0.03,35.38,65471.76,-1
2025-07-30,2025-07-30 11:59:00,1919.78,1919.78,1919.26,1919.26,-0.03,35.38,65471.76,-1
2025-07-30,2025-07-30 12:00:00,1919.26,1919.26,1918.75,1918.75,-0.03,35.38,65471.76,-1
2025-07-30,2025-07-30 12:01:00,1918.75,1918.75,1918.24,1918.24,-0.03,35.38,65471.76,-1
2025-07-30,2025-07-30 12:02:00,1918.24,1918.24,1917.73,1917.73,-0.03,35.38,65471.76,-1
2025-07-30,2025-07-30 12:03:00,1917.73,1917.73,1917.22,1917.22,-0.03,35.38,65471.76,-1
2025-07-30,2025-07-30 12:04:00,1917.22,1917.22,1916.7,1916.7,-0.03,35.38,65471.76,-1
2025-07-30,2025-07-30 12:05:00,1916.7,1916.7,1916.19,1916.19,-0.03,35.38,65471.76,-1
2025-07-30,2025-07-30 12:06:00,1916.19,1916.19,1915.68,1915.68,-0.03,35.38,65471.76,-1
2025-07-30,2025-07-30 12:07:00,1915.68,1915.68,1915.17,1915.17,-0.03,35.38,65471.76,-1
2025-07-30,2025-07-30 12:08:00,1915.17,1915.17,1914.65,1914.65,-0.03,35.38,65471.76,-1
2025-07-30,2025-07-30 12:09:00,1914.65,1914.65,1914.14,1914.14,-0.03,35.38,65471.76,-1
2025-07-30,2025-07-30 12:10:00,1914.14,1914.14,1913.63,1913.63,-0.03,35.38,65471.76,-1
2025-07-30,2025-07-30 12:11:00,1913.63,1913.63,1913.12,1913.12,-0.03,35.38,65471.76,-1
2025-07-30,2025-07-30 12:12:00,1913.12,1913.12,1912.61,1912.61,-0.03,35.38,65471.76,-1
2025-07-30,2025-07-30 12:13:00,1912.61,1912.61,1912.09,1912.09,-0.03,35.38,65471.76,-1
2025-07-30,2025-07-30 12:14:00,1912.09,1912.09,1911.58,1911.58,-0.03,35.38,65471.76,-1
2025-07-30,2025-07-30 12:15:00,1911.58,1911.58,1911.07,1911.07,-0.03,35.38,65471.76,-1
2025-07-30,2025-07-30 12:16:00,1911.07,1911.07,1910.56,1910.56,-0.03,35.38,65471.76,-1
2025-07-30,2025-07-30 12:17:00,1910.56,1910.56,1910.04,1910.04,-0.03,35.38,65471.76,-1
2025-07-30,2025-07-30 12:18:00,1910.04,1910.04,1909.53,1909.53,-0.03,35.38,65471.76,-1
2025-07-30,2025-07-30 12:19:00,1909.53,1909.53,1909.02,1909.02,-0.03,35.38,65471.76,-1
2025-07-30,2025-07-30 12:20:00,1909.02,1909.02,1908.51,1908.51,-0.03,35.38,65471.76,-1
2025-07-30,2025-07-30 12:21:00,1908.51,1908.51,1908.0,1908.0,-0.03,35.38,65471.76,-1
2025-07-30,2025-07-30 12:22:00,1908.0,1908.0,1907.48,1907.48,-0.03,35.38,65471.76,-1
2025-07-30,2025-07-30 12:23:00,1907.48,1907.48,1906.97,1906.97,-0.03,35.38,65471.76,-1
2025-07-30,2025-07-30 12:24:00,1906.97,1906.97,1906.46,1906.46,-0.03,35.38,65471.76,-1
2025-07-30,2025-07-30 12:25:00,1906.46,1906.46,1905.95,1905.95,-0.03,35.38,65471.76,-1
2025-07-30,2025-07-30 12:26:00,1905.95,1905.95,1905.43,1905.43,-0.03,35.38,65471.76,-1
2025-07-30,2025-07-30 12:27:00,1905.43,1905.43,1904.92,1904.92,-0.03,35.38,65471.76,-1
2025-07-30,2025-07-30 12:28:00,1904.92,1904.92,1904.41,1904.41,-0.03,35.38,65471.76,-1
2025-07-30,2025-07-30 12:29:00,1904.41,1904.41,1903.9,1903.9,-0.03,35.38,65471.76,-1
2025-07-30,2025-07-30 12:30:00,1903.9,1903.9,1903.39,1903.39,-0.03,35.38,65471.76,-1
2025-07-30,2025-07-30 12:31:00,1903.39,1903.39,1902.87,1902.87,-0.03,35.38,65471.76,-1
2025-07-30,2025-07-30 12:32:00,1902.87,1902.87,1902.36,1902.36,-0.03,35.38,65471.76,-1
2025-07-30,2025-07-30 12:33:00,1902.36,1902.36,1901.85,1901.85,-0.03,35.38,65471.76,-1
2025-07-30,2025-07-30 12:34:00,1901.85,1901.85,1901.34,1901.34,-0.03,35.38,65471.76,-1
2025-07-30,2025-07-30 12:35:00,1901.34,1901.34,1900.82,1900.82,-0.03,35.38,65471.76,-1
2025-07-30,2025-07-30 12:36:00,1900.82,1900.82,1900.31,1900.31,-0.03,35.38,65471.76,-1
2025-07-30,2025-07-30 12:37:00,1900.31,1900.31,1899.8,1899.8,-0.03,35.38,65471.76,-1
2025-07-30,2025-07-30 12:38:00,1899.8,1899.8,1899.29,1899.29,-0.03,35.38,65471.76,-1
2025-07-30,2025-07-30 12:39:00,1899.29,1899.29,1898.78,1898.78,-0.03,35.38,65471.76,-1
2025-07-30,2025-07-30 12:40:00,1898.78,1898.78,1898.26,1898.26,-0.03,35.38,65471.76,-1
2025-07-30,2025-07-30 12:41:00,1898.26,1898.26,1897.75,1897.75,-0.03,35.38,65471.76,-1
2025-07-30,2025-07-30 12:42:00,1897.75,1897.75,1897.24,1897.24,-0.03,35.38,65471.76,-1
2025-07-30,2025-07-30 12:43:00,1897.24,1897.24,1896.73,1896.73,-0.03,35.38,65471.76,-1
2025-07-30,2025-07-30 12:44:00,1896.73,1896.73,1896.21,1896.21,-0.03,35.38,65471.76,-1
2025-07-30,2025-07-30 12:45:00,1896.21,1896.21,1895.7,1895.7,-0.03,35.38,65471.76,-1
2025-07-30,2025-07-30 12:46:00,1895.7,1895.7,1895.19,1895.19,-0.03,35.38,65471.76,-1
2025-07-30,2025-07-30 12:47:00,1895.19,1895.19,1894.68,1894.68,-0.03,35.38,65471.76,-1
2025-07-30,2025-07-30 12:48:00,1894.68,1894.68,1894.16,1894.16,-0.03,35.38,65471.76,-1
2025-07-30,2025-07-30 12:49:00,1894.16,1894.16,1893.65,1893.65,-0.03,35.38,65471.76,-1
2025-07-30,2025-07-30 12:50:00,1893.65,1893.65,1893.14,1893.14,-0.03,35.38,65471.76,-1
2025-07-30,2025-07-30 12:51:00,1893.14,1893.14,1892.63,1892.63,-0.03,35.38,65471.76,-1
2025-07-30,2025-07-30 12:52:00,1892.63,1892.63,1892.12,1892.12,-0.03,35.38,65471.76,-1
2025-07-30,2025-07-30 12:53:00,1892.12,1892.12,1891.6,1891.6,-0.03,35.38,65471.76,-1
2025-07-30,2025-07-30 12:54:00,1891.6,1891.6,1891.09,1891.09,-0.03,35.38,65471.76,-1
2025-07-30,2025-07-30 12:55:00,1891.09,1891.09,1890.58,1890.58,-0.03,35.38,65471.76,-1
2025-07-30,2025-07-30 12:56:00,1890.58,1890.58,1890.07,1890.07,-0.03,35.38,65471.76,-1
2025-07-30,2025-07-30 12:57:00,1890.07,1890.07,1889.55,1889.55,-0.03,35.38,65471.76,-1
2025-07-30,2025-07-30 12:58:00,1889.55,1889.55,1889.04,1889.04,-0.03,35.38,65471.76,-1
2025-07-30,2025-07-30 12:59:00,1889.04,1889.04,1888.53,1888.53,-0.03,35.38,65471.76,-1
2025-07-30,2025-07-30 13:00:00,1888.53,1970.0,1820.0,1888.02,-0.03,35.38,65471.76,-1
2025-07-30,2025-07-30 13:01:00,1888.02,1888.02,1887.51,1887.51,-0.03,35.38,65471.76,-1
2025-07-30,2025-07-30 13:02:00,1887.51,1887.51,1886.99,1886.99,-0.03,35.38,65471.76,-1
2025-07-30,2025-07-30 13:03:00,1886.99,1886.99,1886.48,1886.48,-0.03,35.38,65471.76,-1
2025-07-30,2025-07-30 13:04:00,1886.48,1886.48,1885.97,1885.97,-0.03,35.38,65471.76,-1
2025-07-30,2025-07-30 13:05:00,1885.97,1885.97,1885.46,1885.46,-0.03,35.38,65471.76,-1
2025-07-30,2025-07-30 13:06:00,1885.46,1885.46,1884.94,1884.94,-0.03,35.38,65471.76,-1
2025-07-30,2025-07-30 13:07:00,1884.94,1884.94,1884.43,1884.43,-0.03,35.38,65471.76,-1
2025-07-30,2025-07-30 13:08:00,1884.43,1884.43,1883.92,1883.92,-0.03,35.38,65471.76,-1
2025-07-30,2025-07-30 13:09:00,1883.92,1883.92,1883.41,1883.41,-0.03,35.38,65471.76,-1
2025-07-30,2025-07-30 13:10:00,1883.41,1883.41,1882.9,1882.9,-0.03,35.38,65471.76,-1
2025-07-30,2025-07-30 13:11:00,1882.9,1882.9,1882.38,1882.38,-0.03,35.38,65471.76,-1
2025-07-30,2025-07-30 13:12:00,1882.38,1882.38,1881.87,1881.87,-0.03,35.38,65471.76,-1
2025-07-30,2025-07-30 13:13:00,1881.87,1881.87,1881.36,1881.36,-0.03,35.38,65471.76,-1
2025-07-30,2025-07-30 13:14:00,1881.36,1881.36,1880.85,1880.85,-0.03,35.38,65471.76,-1
2025-07-30,2025-07-30 13:15:00,1880.85,1880.85,1880.33,1880.33,-0.03,35.38,65471.76,-1
2025-07-30,2025-07-30 13:16:00,1880.33,1880.33,1879.82,1879.82,-0.03,35.38,65471.76,-1
2025-07-30,2025-07-30 13:17:00,1879.82,1879.82,1879.31,1879.31,-0.03,35.38,65471.76,-1
2025-07-30,2025-07-30 13:18:00,1879.31,1879.31,1878.8,1878.8,-0.03,35.38,65471.76,-1
2025-07-30,2025-07-30 13:19:00,1878.8,1878.8,1878.28,1878.28,-0.03,35.38,65471.76,-1
2025-07-30,2025-07-30 13:20:00,1878.28,1878.28,1877.77,1877.77,-0.03,35.38,65471.76,-1
2025-07-30,2025-07-30 13:21:00,1877.77,1877.77,1877.26,1877.26,-0.03,35.38,65471.76,-1
2025-07-30,2025-07-30 13:22:00,1877.26,1877.26,1876.75,1876.75,-0.03,35.38,65471.76,-1
2025-07-30,2025-07-30 13:23:00,1876.75,1876.75,1876.24,1876.24,-0.03,35.38,65471.76,-1
2025-07-30,2025-07-30 13:24:00,1876.24,1876.24,1875.72,1875.72,-0.03,35.38,65471.76,-1
2025-07-30,2025-07-30 13:25:00,1875.72,1875.72,1875.21,1875.21,-0.03,35.38,65471.76,-1
2025-07-30,2025-07-30 13:26:00,1875.21,1875.21,1874.7,1874.7,-0.03,35.38,65471.76,-1
2025-07-30,2025-07-30 13:27:00,1874.7,1874.7,1874.19,1874.19,-0.03,35.38,65471.76,-1
2025-07-30,2025-07-30 13:28:00,1874.19,1874.19,1873.67,1873.67,-0.03,35.38,65471.76,-1
2025-07-30,2025-07-30 13:29:00,1873.67,1873.67,1873.16,1873.16,-0.03,35.38,65471.76,-1
2025-07-30,2025-07-30 13:30:00,1873.16,1873.16,1872.65,1872.65,-0.03,35.38,65471.76,-1
2025-07-30,2025-07-30 13:31:00,1872.65,1872.65,1872.14,1872.14,-0.03,35.38,65471.76,-1
2025-07-30,2025-07-30 13:32:00,1872.14,1872.14,1871.63,1871.63,-0.03,35.38,65471.76,-1
2025-07-30,2025-07-30 13:33:00,1871.63,1871.63,1871.11,1871.11,-0.03,35.38,65471.76,-1
2025-07-30,2025-07-30 13:34:00,1871.11,1871.11,1870.6,1870.6,-0.03,35.38,65471.76,-1
2025-07-30,2025-07-30 13:35:00,1870.6,1870.6,1870.09,1870.09,-0.03,35.38,65471.76,-1
2025-07-30,2025-07-30 13:36:00,1870.09,1870.09,1869.58,1869.58,-0.03,35.38,65471.76,-1
2025-07-30,2025-07-30 13:37:00,1869.58,1869.58,1869.06,1869.06,-0.03,35.38,65471.76,-1
2025-07-30,2025-07-30 13:38:00,1869.06,1869.06,1868.55,1868.55,-0.03,35.38,65471.76,-1
2025-07-30,2025-07-30 13:39:00,1868.55,1868.55,1868.04,1868.04,-0.03,35.38,65471.76,-1
2025-07-30,2025-07-30 13:40:00,1868.04,1868.04,1867.53,1867.53,-0.03,35.38,65471.76,-1
2025-07-30,2025-07-30 13:41:00,1867.53,1867.53,1867.02,1867.02,-0.03,35.38,65471.76,-1
2025-07-30,2025-07-30 13:42:00,1867.02,1867.02,1866.5,1866.5,-0.03,35.38,65471.76,-1
2025-07-30,2025-07-30 13:43:00,1866.5,1866.5,1865.99,1865.99,-0.03,35.38,65471.76,-1
2025-07-30,2025-07-30 13:44:00,1865.99,1865.99,1865.48,1865.48,-0.03,35.38,65471.76,-1
2025-07-30,2025-07-30 13:45:00,1865.48,1865.48,1864.97,1864.97,-0.03,35.38,65471.76,-1
2025-07-30,2025-07-30 13:46:00,1864.97,1864.97,1864.45,1864.45,-0.03,35.38,65471.76,-1
2025-07-30,2025-07-30 13:47:00,1864.45,1864.45,1863.94,1863.94,-0.03,35.38,65471.76,-1
2025-07-30,2025-07-30 13:48:00,1863.94,1863.94,1863.43,1863.43,-0.03,35.38,65471.76,-1
2025-07-30,2025-07-30 13:49:00,1863.43,1863.43,1862.92,1862.92,-0.03,35.38,65471.76,-1
2025-07-30,2025-07-30 13:50:00,1862.92,1862.92,1862.41,1862.41,-0.03,35.38,65471.76,-1
2025-07-30,2025-07-30 13:51:00,1862.41,1862.41,1861.89,1861.89,-0.03,35.38,65471.76,-1
2025-07-30,2025-07-30 13:52:00,1861.89,1861.89,1861.38,1861.38,-0.03,35.38,65471.76,-1
2025-07-30,2025-07-30 13:53:00,1861.38,1861.38,1860.87,1860.87,-0.03,35.38,65471.76,-1
2025-07-30,2025-07-30 13:54:00,1860.87,1860.87,1860.36,1860.36,-0.03,35.38,65471.76,-1
2025-07-30,2025-07-30 13:55:00,1860.36,1860.36,1859.84,1859.84,-0.03,35.38,65471.76,-1
2025-07-30,2025-07-30 13:56:00,1859.84,1859.84,1859.33,1859.33,-0.03,35.38,65471.76,-1
2025-07-30,2025-07-30 13:57:00,1859.33,1859.33,1858.82,1858.82,-0.03,35.38,65471.76,-1
2025-07-30,2025-07-30 13:58:00,1858.82,1858.82,1858.31,1858.31,-0.03,35.38,65471.76,-1
2025-07-30,2025-07-30 13:59:00,1858.31,1858.31,1857.8,1857.8,-0.03,35.38,65471.76,-1
2025-07-30,2025-07-30 14:00:00,1857.8,1857.8,1857.28,1857.28,-0.03,35.38,65471.76,-1
2025-07-30,2025-07-30 14:01:00,1857.28,1857.28,1856.77,1856.77,-0.03,35.38,65471.76,-1
2025-07-30,2025-07-30 14:02:00,1856.77,1856.77,1856.26,1856.26,-0.03,35.38,65471.76,-1
2025-07-30,2025-07-30 14:03:00,1856.26,1856.26,1855.75,1855.75,-0.03,35.38,65471.76,-1
2025-07-30,2025-07-30 14:04:00,1855.75,1855.75,1855.23,1855.23,-0.03,35.38,65471.76,-1
2025-07-30,2025-07-30 14:05:00,1855.23,1855.23,1854.72,1854.72,-0.03,35.38,65471.76,-1
2025-07-30,2025-07-30 14:06:00,1854.72,1854.72,1854.21,1854.21,-0.03,35.38,65471.76,-1
2025-07-30,2025-07-30 14:07:00,1854.21,1854.21,1853.7,1853.7,-0.03,35.38,65471.76,-1
2025-07-30,2025-07-30 14:08:00,1853.7,1853.7,1853.18,1853.18,-0.03,35.38,65471.76,-1
2025-07-30,2025-07-30 14:09:00,1853.18,1853.18,1852.67,1852.67,-0.03,35.38,65471.76,-1
2025-07-30,2025-07-30 14:10:00,1852.67,1852.67,1852.16,1852.16,-0.03,35.38,65471.76,-1
2025-07-30,2025-07-30 14:11:00,1852.16,1852.16,1851.65,1851.65,-0.03,35.38,65471.76,-1
2025-07-30,2025-07-30 14:12:00,1851.65,1851.65,1851.14,1851.14,-0.03,35.38,65471.76,-1
2025-07-30,2025-07-30 14:13:00,1851.14,1851.14,1850.62,1850.62,-0.03,35.38,65471.76,-1
2025-07-30,2025-07-30 14:14:00,1850.62,1850.62,1850.11,1850.11,-0.03,35.38,65471.76,-1
2025-07-30,2025-07-30 14:15:00,1850.11,1850.11,1849.6,1849.6,-0.03,35.38,65471.76,-1
2025-07-30,2025-07-30 14:16:00,1849.6,1849.6,1849.09,1849.09,-0.03,35.38,65471.76,-1
2025-07-30,2025-07-30 14:17:00,1849.09,1849.09,1848.57,1848.57,-0.03,35.38,65471.76,-1
2025-07-30,2025-07-30 14:18:00,1848.57,1848.57,1848.06,1848.06,-0.03,35.38,65471.76,-1
2025-07-30,2025-07-30 14:19:00,1848.06,1848.06,1847.55,1847.55,-0.03,35.38,65471.76,-1
2025-07-30,2025-07-30 14:20:00,1847.55,1847.55,1847.04,1847.04,-0.03,35.38,65471.76,-1
2025-07-30,2025-07-30 14:21:00,1847.04,1847.04,1846.53,1846.53,-0.03,35.38,65471.76,-1
2025-07-30,2025-07-30 14:22:00,1846.53,1846.53,1846.01,1846.01,-0.03,35.38,65471.76,-1
2025-07-30,2025-07-30 14:23:00,1846.01,1846.01,1845.5,1845.5,-0.03,35.38,65471.76,-1
2025-07-30,2025-07-30 14:24:00,1845.5,1845.5,1844.99,1844.99,-0.03,35.38,65471.76,-1
2025-07-30,2025-07-30 14:25:00,1844.99,1844.99,1844.48,1844.48,-0.03,35.38,65471.76,-1
2025-07-30,2025-07-30 14:26:00,1844.48,1844.48,1843.96,1843.96,-0.03,35.38,65471.76,-1
2025-07-30,2025-07-30 14:27:00,1843.96,1843.96,1843.45,1843.45,-0.03,35.38,65471.76,-1
2025-07-30,2025-07-30 14:28:00,1843.45,1843.45,1842.94,1842.94,-0.03,35.38,65471.76,-1
2025-07-30,2025-07-30 14:29:00,1842.94,1842.94,1842.43,1842.43,-0.03,35.38,65471.76,-1
2025-07-30,2025-07-30 14:30:00,1842.43,1842.43,1841.92,1841.92,-0.03,35.38,65471.76,-1
2025-07-30,2025-07-30 14:31:00,1841.92,1841.92,1841.4,1841.4,-0.03,35.38,65471.76,-1
2025-07-30,2025-07-30 14:32:00,1841.4,1841.4,1840.89,1840.89,-0.03,35.38,65471.76,-1
2025-07-30,2025-07-30 14:33:00,1840.89,1840.89,1840.38,1840.38,-0.03,35.38,65471.76,-1
2025-07-30,2025-07-30 14:34:00,1840.38,1840.38,1839.87,1839.87,-0.03,35.38,65471.76,-1
2025-07-30,2025-07-30 14:35:00,1839.87,1839.87,1839.35,1839.35,-0.03,35.38,65471.76,-1
2025-07-30,2025-07-30 14:36:00,1839.35,1839.35,1838.84,1838.84,-0.03,35.38,65471.76,-1
2025-07-30,2025-07-30 14:37:00,1838.84,1838.84,1838.33,1838.33,-0.03,35.38,65471.76,-1
2025-07-30,2025-07-30 14:38:00,1838.33,1838.33,1837.82,1837.82,-0.03,35.38,65471.76,-1
2025-07-30,2025-07-30 14:39:00,1837.82,1837.82,1837.3,1837.3,-0.03,35.38,65471.76,-1
2025-07-30,2025-07-30 14:40:00,1837.3,1837.3,1836.79,1836.79,-0.03,35.38,65471.76,-1
2025-07-30,2025-07-30 14:41:00,1836.79,1836.79,1836.28,1836.28,-0.03,35.38,65471.76,-1
2025-07-30,2025-07-30 14:42:00,1836.28,1836.28,1835.77,1835.77,-0.03,35.38,65471.76,-1
2025-07-30,2025-07-30 14:43:00,1835.77,1835.77,1835.26,1835.26,-0.03,35.38,65471.76,-1
2025-07-30,2025-07-30 14:44:00,1835.26,1835.26,1834.74,1834.74,-0.03,35.38,65471.76,-1
2025-07-30,2025-07-30 14:45:00,1834.74,1834.74,1834.23,1834.23,-0.03,35.38,65471.76,-1
2025-07-30,2025-07-30 14:46:00,1834.23,1834.23,1833.72,1833.72,-0.03,35.38,65471.76,-1
2025-07-30,2025-07-30 14:47:00,1833.72,1833.72,1833.21,1833.21,-0.03,35.38,65471.76,-1
2025-07-30,2025-07-30 14:48:00,1833.21,1833.21,1832.69,1832.69,-0.03,35.38,65471.76,-1
2025-07-30,2025-07-30 14:49:00,1832.69,1832.69,1832.18,1832.18,-0.03,35.38,65471.76,-1
2025-07-30,2025-07-30 14:50:00,1832.18,1832.18,1831.67,1831.67,-0.03,35.38,65471.76,-1
2025-07-30,2025-07-30 14:51:00,1831.67,1831.67,1831.16,1831.16,-0.03,35.38,65471.76,-1
2025-07-30,2025-07-30 14:52:00,1831.16,1831.16,1830.65,1830.65,-0.03,35.38,65471.76,-1
2025-07-30,2025-07-30 14:53:00,1830.65,1830.65,1830.13,1830.13,-0.03,35.38,65471.76,-1
2025-07-30,2025-07-30 14:54:00,1830.13,1830.13,1829.62,1829.62,-0.03,35.38,65471.76,-1
2025-07-30,2025-07-30 14:55:00,1829.62,1829.62,1829.11,1829.11,-0.03,35.38,65471.76,-1
2025-07-30,2025-07-30 14:56:00,1829.11,1829.11,1828.6,1828.6,-0.03,35.38,65471.76,-1
2025-07-30,2025-07-30 14:57:00,1828.6,1828.6,1828.08,1828.08,-0.03,35.38,65471.76,-1
2025-07-30,2025-07-30 14:58:00,1828.08,1828.08,1827.57,1827.57,-0.03,35.38,65471.76,-1
2025-07-30,2025-07-30 14:59:00,1827.57,1827.57,1827.06,1827.06,-0.03,35.38,65471.76,-1
2025-07-30,2025-07-30 15:00:00,1827.06,1970.0,1820.0,1827.06,0.0,35.38,65471.76,0
2025-07-31,2025-07-31 11:00:00,1863.0,1874.16,1844.4,1862.83,-0.01,29.83,54334.7,-1
2025-07-31,2025-07-31 11:01:00,1862.83,1862.83,1862.65,1862.65,-0.01,29.83,54334.7,-1
2025-07-31,2025-07-31 11:02:00,1862.65,1862.65,1862.48,1862.48,-0.01,29.83,54334.7,-1
2025-07-31,2025-07-31 11:03:00,1862.48,1862.48,1862.31,1862.31,-0.01,29.83,54334.7,-1
2025-07-31,2025-07-31 11:04:00,1862.31,1862.31,1862.14,1862.14,-0.01,29.83,54334.7,-1
2025-07-31,2025-07-31 11:05:00,1862.14,1862.14,1861.96,1861.96,-0.01,29.83,54334.7,-1
2025-07-31,2025-07-31 11:06:00,1861.96,1861.96,1861.79,1861.79,-0.01,29.83,54334.7,-1
2025-07-31,2025-07-31 11:07:00,1861.79,1861.79,1861.62,1861.62,-0.01,29.83,54334.7,-1
2025-07-31,2025-07-31 11:08:00,1861.62,1861.62,1861.44,1861.44,-0.01,29.83,54334.7,-1
2025-07-31,2025-07-31 11:09:00,1861.44,1861.44,1861.27,1861.27,-0.01,29.83,54334.7,-1
2025-07-31,2025-07-31 11:10:00,1861.27,1861.27,1861.1,1861.1,-0.01,29.83,54334.7,-1
2025-07-31,2025-07-31 11:11:00,1861.1,1861.1,1860.93,1860.93,-0.01,29.83,54334.7,-1
2025-07-31,2025-07-31 11:12:00,1860.93,1860.93,1860.75,1860.75,-0.01,29.83,54334.7,-1
2025-07-31,2025-07-31 11:13:00,1860.75,1860.75,1860.58,1860.58,-0.01,29.83,54334.7,-1
2025-07-31,2025-07-31 11:14:00,1860.58,1860.58,1860.41,1860.41,-0.01,29.83,54334.7,-1
2025-07-31,2025-07-31 11:15:00,1860.41,1860.41,1860.23,1860.23,-0.01,29.83,54334.7,-1
2025-07-31,2025-07-31 11:16:00,1860.23,1860.23,1860.06,1860.06,-0.01,29.83,54334.7,-1
2025-07-31,2025-07-31 11:17:00,1860.06,1860.06,1859.89,1859.89,-0.01,29.83,54334.7,-1
2025-07-31,2025-07-31 11:18:00,1859.89,1859.89,1859.72,1859.72,-0.01,29.83,54334.7,-1
2025-07-31,2025-07-31 11:19:00,1859.72,1859.72,1859.54,1859.54,-0.01,29.83,54334.7,-1
2025-07-31,2025-07-31 11:20:00,1859.54,1859.54,1859.37,1859.37,-0.01,29.83,54334.7,-1
2025-07-31,2025-07-31 11:21:00,1859.37,1859.37,1859.2,1859.2,-0.01,29.83,54334.7,-1
2025-07-31,2025-07-31 11:22:00,1859.2,1859.2,1859.02,1859.02,-0.01,29.83,54334.7,-1
2025-07-31,2025-07-31 11:23:00,1859.02,1859.02,1858.85,1858.85,-0.01,29.83,54334.7,-1
2025-07-31,2025-07-31 11:24:00,1858.85,1858.85,1858.68,1858.68,-0.01,29.83,54334.7,-1
2025-07-31,2025-07-31 11:25:00,1858.68,1858.68,1858.51,1858.51,-0.01,29.83,54334.7,-1
2025-07-31,2025-07-31 11:26:00,1858.51,1858.51,1858.33,1858.33,-0.01,29.83,54334.7,-1
2025-07-31,2025-07-31 11:27:00,1858.33,1858.33,1858.16,1858.16,-0.01,29.83,54334.7,-1
2025-07-31,2025-07-31 11:28:00,1858.16,1858.16,1857.99,1857.99,-0.01,29.83,54334.7,-1
2025-07-31,2025-07-31 11:29:00,1857.99,1857.99,1857.82,1857.82,-0.01,29.83,54334.7,-1
2025-07-31,2025-07-31 11:30:00,1857.82,1857.82,1857.64,1857.64,-0.01,29.83,54334.7,-1
2025-07-31,2025-07-31 11:31:00,1857.64,1857.64,1857.47,1857.47,-0.01,29.83,54334.7,-1
2025-07-31,2025-07-31 11:32:00,1857.47,1857.47,1857.3,1857.3,-0.01,29.83,54334.7,-1
2025-07-31,2025-07-31 11:33:00,1857.3,1857.3,1857.12,1857.12,-0.01,29.83,54334.7,-1
2025-07-31,2025-07-31 11:34:00,1857.12,1857.12,1856.95,1856.95,-0.01,29.83,54334.7,-1
2025-07-31,2025-07-31 11:35:00,1856.95,1856.95,1856.78,1856.78,-0.01,29.83,54334.7,-1
2025-07-31,2025-07-31 11:36:00,1856.78,1856.78,1856.61,1856.61,-0.01,29.83,54334.7,-1
2025-07-31,2025-07-31 11:37:00,1856.61,1856.61,1856.43,1856.43,-0.01,29.83,54334.7,-1
2025-07-31,2025-07-31 11:38:00,1856.43,1856.43,1856.26,1856.26,-0.01,29.83,54334.7,-1
2025-07-31,2025-07-31 11:39:00,1856.26,1856.26,1856.09,1856.09,-0.01,29.83,54334.7,-1
2025-07-31,2025-07-31 11:40:00,1856.09,1856.09,1855.91,1855.91,-0.01,29.83,54334.7,-1
2025-07-31,2025-07-31 11:41:00,1855.91,1855.91,1855.74,1855.74,-0.01,29.83,54334.7,-1
2025-07-31,2025-07-31 11:42:00,1855.74,1855.74,1855.57,1855.57,-0.01,29.83,54334.7,-1
2025-07-31,2025-07-31 11:43:00,1855.57,1855.57,1855.4,1855.4,-0.01,29.83,54334.7,-1
2025-07-31,2025-07-31 11:44:00,1855.4,1855.4,1855.22,1855.22,-0.01,29.83,54334.7,-1
2025-07-31,2025-07-31 11:45:00,1855.22,1855.22,1855.05,1855.05,-0.01,29.83,54334.7,-1
2025-07-31,2025-07-31 11:46:00,1855.05,1855.05,1854.88,1854.88,-0.01,29.83,54334.7,-1
2025-07-31,2025-07-31 11:47:00,1854.88,1854.88,1854.7,1854.7,-0.01,29.83,54334.7,-1
2025-07-31,2025-07-31 11:48:00,1854.7,1854.7,1854.53,1854.53,-0.01,29.83,54334.7,-1
2025-07-31,2025-07-31 11:49:00,1854.53,1854.53,1854.36,1854.36,-0.01,29.83,54334.7,-1
2025-07-31,2025-07-31 11:50:00,1854.36,1854.36,1854.19,1854.19,-0.01,29.83,54334.7,-1
2025-07-31,2025-07-31 11:51:00,1854.19,1854.19,1854.01,1854.01,-0.01,29.83,54334.7,-1
2025-07-31,2025-07-31 11:52:00,1854.01,1854.01,1853.84,1853.84,-0.01,29.83,54334.7,-1
2025-07-31,2025-07-31 11:53:00,1853.84,1853.84,1853.67,1853.67,-0.01,29.83,54334.7,-1
2025-07-31,2025-07-31 11:54:00,1853.67,1853.67,1853.49,1853.49,-0.01,29.83,54334.7,-1
2025-07-31,2025-07-31 11:55:00,1853.49,1853.49,1853.32,1853.32,-0.01,29.83,54334.7,-1
2025-07-31,2025-07-31 11:56:00,1853.32,1853.32,1853.15,1853.15,-0.01,29.83,54334.7,-1
2025-07-31,2025-07-31 11:57:00,1853.15,1853.15,1852.98,1852.98,-0.01,29.83,54334.7,-1
2025-07-31,2025-07-31 11:58:00,1852.98,1852.98,1852.8,1852.8,-0.01,29.83,54334.7,-1
2025-07-31,2025-07-31 11:59:00,1852.8,1852.8,1852.63,1852.63,-0.01,29.83,54334.7,-1
2025-07-31,2025-07-31 12:00:00,1852.63,1852.63,1852.46,1852.46,-0.01,29.83,54334.7,-1
2025-07-31,2025-07-31 12:01:00,1852.46,1852.46,1852.28,1852.28,-0.01,29.83,54334.7,-1
2025-07-31,2025-07-31 12:02:00,1852.28,1852.28,1852.11,1852.11,-0.01,29.83,54334.7,-1
2025-07-31,2025-07-31 12:03:00,1852.11,1852.11,1851.94,1851.94,-0.01,29.83,54334.7,-1
2025-07-31,2025-07-31 12:04:00,1851.94,1851.94,1851.77,1851.77,-0.01,29.83,54334.7,-1
2025-07-31,2025-07-31 12:05:00,1851.77,1851.77,1851.59,1851.59,-0.01,29.83,54334.7,-1
2025-07-31,2025-07-31 12:06:00,1851.59,1851.59,1851.42,1851.42,-0.01,29.83,54334.7,-1
2025-07-31,2025-07-31 12:07:00,1851.42,1851.42,1851.25,1851.25,-0.01,29.83,54334.7,-1
2025-07-31,2025-07-31 12:08:00,1851.25,1851.25,1851.07,1851.07,-0.01,29.83,54334.7,-1
2025-07-31,2025-07-31 12:09:00,1851.07,1851.07,1850.9,1850.9,-0.01,29.83,54334.7,-1
2025-07-31,2025-07-31 12:10:00,1850.9,1850.9,1850.73,1850.73,-0.01,29.83,54334.7,-1
2025-07-31,2025-07-31 12:11:00,1850.73,1850.73,1850.56,1850.56,-0.01,29.83,54334.7,-1
2025-07-31,2025-07-31 12:12:00,1850.56,1850.56,1850.38,1850.38,-0.01,29.83,54334.7,-1
2025-07-31,2025-07-31 12:13:00,1850.38,1850.38,1850.21,1850.21,-0.01,29.83,54334.7,-1
2025-07-31,2025-07-31 12:14:00,1850.21,1850.21,1850.04,1850.04,-0.01,29.83,54334.7,-1
2025-07-31,2025-07-31 12:15:00,1850.04,1850.04,1849.86,1849.86,-0.01,29.83,54334.7,-1
2025-07-31,2025-07-31 12:16:00,1849.86,1849.86,1849.69,1849.69,-0.01,29.83,54334.7,-1
2025-07-31,2025-07-31 12:17:00,1849.69,1849.69,1849.52,1849.52,-0.01,29.83,54334.7,-1
2025-07-31,2025-07-31 12:18:00,1849.52,1849.52,1849.35,1849.35,-0.01,29.83,54334.7,-1
2025-07-31,2025-07-31 12:19:00,1849.35,1849.35,1849.17,1849.17,-0.01,29.83,54334.7,-1
2025-07-31,2025-07-31 12:20:00,1849.17,1849.17,1849.0,1849.0,-0.01,29.83,54334.7,-1
2025-07-31,2025-07-31 12:21:00,1849.0,1849.0,1848.83,1848.83,-0.01,29.83,54334.7,-1
2025-07-31,2025-07-31 12:22:00,1848.83,1848.83,1848.65,1848.65,-0.01,29.83,54334.7,-1
2025-07-31,2025-07-31 12:23:00,1848.65,1848.65,1848.48,1848.48,-0.01,29.83,54334.7,-1
2025-07-31,2025-07-31 12:24:00,1848.48,1848.48,1848.31,1848.31,-0.01,29.83,54334.7,-1
2025-07-31,2025-07-31 12:25:00,1848.31,1848.31,1848.14,1848.14,-0.01,29.83,54334.7,-1
2025-07-31,2025-07-31 12:26:00,1848.14,1848.14,1847.96,1847.96,-0.01,29.83,54334.7,-1
2025-07-31,2025-07-31 12:27:00,1847.96,1847.96,1847.79,1847.79,-0.01,29.83,54334.7,-1
2025-07-31,2025-07-31 12:28:00,1847.79,1847.79,1847.62,1847.62,-0.01,29.83,54334.7,-1
2025-07-31,2025-07-31 12:29:00,1847.62,1847.62,1847.44,1847.44,-0.01,29.83,54334.7,-1
2025-07-31,2025-07-31 12:30:00,1847.44,1847.44,1847.27,1847.27,-0.01,29.83,54334.7,-1
2025-07-31,2025-07-31 12:31:00,1847.27,1847.27,1847.1,1847.1,-0.01,29.83,54334.7,-1
2025-07-31,2025-07-31 12:32:00,1847.1,1847.1,1846.93,1846.93,-0.01,29.83,54334.7,-1
2025-07-31,2025-07-31 12:33:00,1846.93,1846.93,1846.75,1846.75,-0.01,29.83,54334.7,-1
2025-07-31,2025-07-31 12:34:00,1846.75,1846.75,1846.58,1846.58,-0.01,29.83,54334.7,-1
2025-07-31,2025-07-31 12:35:00,1846.58,1846.58,1846.41,1846.41,-0.01,29.83,54334.7,-1
2025-07-31,2025-07-31 12:36:00,1846.41,1846.41,1846.24,1846.24,-0.01,29.83,54334.7,-1
2025-07-31,2025-07-31 12:37:00,1846.24,1846.24,1846.06,1846.06,-0.01,29.83,54334.7,-1
2025-07-31,2025-07-31 12:38:00,1846.06,1846.06,1845.89,1845.89,-0.01,29.83,54334.7,-1
2025-07-31,2025-07-31 12:39:00,1845.89,1845.89,1845.72,1845.72,-0.01,29.83,54334.7,-1
2025-07-31,2025-07-31 12:40:00,1845.72,1845.72,1845.54,1845.54,-0.01,29.83,54334.7,-1
2025-07-31,2025-07-31 12:41:00,1845.54,1845.54,1845.37,1845.37,-0.01,29.83,54334.7,-1
2025-07-31,2025-07-31 12:42:00,1845.37,1845.37,1845.2,1845.2,-0.01,29.83,54334.7,-1
2025-07-31,2025-07-31 12:43:00,1845.2,1845.2,1845.03,1845.03,-0.01,29.83,54334.7,-1
2025-07-31,2025-07-31 12:44:00,1845.03,1845.03,1844.85,1844.85,-0.01,29.83,54334.7,-1
2025-07-31,2025-07-31 12:45:00,1844.85,1844.85,1844.68,1844.68,-0.01,29.83,54334.7,-1
2025-07-31,2025-07-31 12:46:00,1844.68,1844.68,1844.51,1844.51,-0.01,29.83,54334.7,-1
2025-07-31,2025-07-31 12:47:00,1844.51,1844.51,1844.33,1844.33,-0.01,29.83,54334.7,-1
2025-07-31,2025-07-31 12:48:00,1844.33,1844.33,1844.16,1844.16,-0.01,29.83,54334.7,-1
2025-07-31,2025-07-31 12:49:00,1844.16,1844.16,1843.99,1843.99,-0.01,29.83,54334.7,-1
2025-07-31,2025-07-31 12:50:00,1843.99,1843.99,1843.82,1843.82,-0.01,29.83,54334.7,-1
2025-07-31,2025-07-31 12:51:00,1843.82,1843.82,1843.64,1843.64,-0.01,29.83,54334.7,-1
2025-07-31,2025-07-31 12:52:00,1843.64,1843.64,1843.47,1843.47,-0.01,29.83,54334.7,-1
2025-07-31,2025-07-31 12:53:00,1843.47,1843.47,1843.3,1843.3,-0.01,29.83,54334.7,-1
2025-07-31,2025-07-31 12:54:00,1843.3,1843.3,1843.12,1843.12,-0.01,29.83,54334.7,-1
2025-07-31,2025-07-31 12:55:00,1843.12,1843.12,1842.95,1842.95,-0.01,29.83,54334.7,-1
2025-07-31,2025-07-31 12:56:00,1842.95,1842.95,1842.78,1842.78,-0.01,29.83,54334.7,-1
2025-07-31,2025-07-31 12:57:00,1842.78,1842.78,1842.61,1842.61,-0.01,29.83,54334.7,-1
2025-07-31,2025-07-31 12:58:00,1842.61,1842.61,1842.43,1842.43,-0.01,29.83,54334.7,-1
2025-07-31,2025-07-31 12:59:00,1842.43,1842.43,1842.26,1842.26,-0.01,29.83,54334.7,-1
2025-07-31,2025-07-31 13:00:00,1842.26,1900.2,1801.0,1842.09,-0.01,29.83,54334.7,-1
2025-07-31,2025-07-31 13:01:00,1842.09,1842.09,1841.91,1841.91,-0.01,29.83,54334.7,-1
2025-07-31,2025-07-31 13:02:00,1841.91,1841.91,1841.74,1841.74,-0.01,29.83,54334.7,-1
2025-07-31,2025-07-31 13:03:00,1841.74,1841.74,1841.57,1841.57,-0.01,29.83,54334.7,-1
2025-07-31,2025-07-31 13:04:00,1841.57,1841.57,1841.4,1841.4,-0.01,29.83,54334.7,-1
2025-07-31,2025-07-31 13:05:00,1841.4,1841.4,1841.22,1841.22,-0.01,29.83,54334.7,-1
2025-07-31,2025-07-31 13:06:00,1841.22,1841.22,1841.05,1841.05,-0.01,29.83,54334.7,-1
2025-07-31,2025-07-31 13:07:00,1841.05,1841.05,1840.88,1840.88,-0.01,29.83,54334.7,-1
2025-07-31,2025-07-31 13:08:00,1840.88,1840.88,1840.7,1840.7,-0.01,29.83,54334.7,-1
2025-07-31,2025-07-31 13:09:00,1840.7,1840.7,1840.53,1840.53,-0.01,29.83,54334.7,-1
2025-07-31,2025-07-31 13:10:00,1840.53,1840.53,1840.36,1840.36,-0.01,29.83,54334.7,-1
2025-07-31,2025-07-31 13:11:00,1840.36,1840.36,1840.19,1840.19,-0.01,29.83,54334.7,-1
2025-07-31,2025-07-31 13:12:00,1840.19,1840.19,1840.01,1840.01,-0.01,29.83,54334.7,-1
2025-07-31,2025-07-31 13:13:00,1840.01,1840.01,1839.84,1839.84,-0.01,29.83,54334.7,-1
2025-07-31,2025-07-31 13:14:00,1839.84,1839.84,1839.67,1839.67,-0.01,29.83,54334.7,-1
2025-07-31,2025-07-31 13:15:00,1839.67,1839.67,1839.49,1839.49,-0.01,29.83,54334.7,-1
2025-07-31,2025-07-31 13:16:00,1839.49,1839.49,1839.32,1839.32,-0.01,29.83,54334.7,-1
2025-07-31,2025-07-31 13:17:00,1839.32,1839.32,1839.15,1839.15,-0.01,29.83,54334.7,-1
2025-07-31,2025-07-31 13:18:00,1839.15,1839.15,1838.98,1838.98,-0.01,29.83,54334.7,-1
2025-07-31,2025-07-31 13:19:00,1838.98,1838.98,1838.8,1838.8,-0.01,29.83,54334.7,-1
2025-07-31,2025-07-31 13:20:00,1838.8,1838.8,1838.63,1838.63,-0.01,29.83,54334.7,-1
2025-07-31,2025-07-31 13:21:00,1838.63,1838.63,1838.46,1838.46,-0.01,29.83,54334.7,-1
2025-07-31,2025-07-31 13:22:00,1838.46,1838.46,1838.28,1838.28,-0.01,29.83,54334.7,-1
2025-07-31,2025-07-31 13:23:00,1838.28,1838.28,1838.11,1838.11,-0.01,29.83,54334.7,-1
2025-07-31,2025-07-31 13:24:00,1838.11,1838.11,1837.94,1837.94,-0.01,29.83,54334.7,-1
2025-07-31,2025-07-31 13:25:00,1837.94,1837.94,1837.77,1837.77,-0.01,29.83,54334.7,-1
2025-07-31,2025-07-31 13:26:00,1837.77,1837.77,1837.59,1837.59,-0.01,29.83,54334.7,-1
2025-07-31,2025-07-31 13:27:00,1837.59,1837.59,1837.42,1837.42,-0.01,29.83,54334.7,-1
2025-07-31,2025-07-31 13:28:00,1837.42,1837.42,1837.25,1837.25,-0.01,29.83,54334.7,-1
2025-07-31,2025-07-31 13:29:00,1837.25,1837.25,1837.08,1837.08,-0.01,29.83,54334.7,-1
2025-07-31,2025-07-31 13:30:00,1837.08,1837.08,1836.9,1836.9,-0.01,29.83,54334.7,-1
2025-07-31,2025-07-31 13:31:00,1836.9,1836.9,1836.73,1836.73,-0.01,29.83,54334.7,-1
2025-07-31,2025-07-31 13:32:00,1836.73,1836.73,1836.56,1836.56,-0.01,29.83,54334.7,-1
2025-07-31,2025-07-31 13:33:00,1836.56,1836.56,1836.38,1836.38,-0.01,29.83,54334.7,-1
2025-07-31,2025-07-31 13:34:00,1836.38,1836.38,1836.21,1836.21,-0.01,29.83,54334.7,-1
2025-07-31,2025-07-31 13:35:00,1836.21,1836.21,1836.04,1836.04,-0.01,29.83,54334.7,-1
2025-07-31,2025-07-31 13:36:00,1836.04,1836.04,1835.87,1835.87,-0.01,29.83,54334.7,-1
2025-07-31,2025-07-31 13:37:00,1835.87,1835.87,1835.69,1835.69,-0.01,29.83,54334.7,-1
2025-07-31,2025-07-31 13:38:00,1835.69,1835.69,1835.52,1835.52,-0.01,29.83,54334.7,-1
2025-07-31,2025-07-31 13:39:00,1835.52,1835.52,1835.35,1835.35,-0.01,29.83,54334.7,-1
2025-07-31,2025-07-31 13:40:00,1835.35,1835.35,1835.17,1835.17,-0.01,29.83,54334.7,-1
2025-07-31,2025-07-31 13:41:00,1835.17,1835.17,1835.0,1835.0,-0.01,29.83,54334.7,-1
2025-07-31,2025-07-31 13:42:00,1835.0,1835.0,1834.83,1834.83,-0.01,29.83,54334.7,-1
2025-07-31,2025-07-31 13:43:00,1834.83,1834.83,1834.66,1834.66,-0.01,29.83,54334.7,-1
2025-07-31,2025-07-31 13:44:00,1834.66,1834.66,1834.48,1834.48,-0.01,29.83,54334.7,-1
2025-07-31,2025-07-31 13:45:00,1834.48,1834.48,1834.31,1834.31,-0.01,29.83,54334.7,-1
2025-07-31,2025-07-31 13:46:00,1834.31,1834.31,1834.14,1834.14,-0.01,29.83,54334.7,-1
2025-07-31,2025-07-31 13:47:00,1834.14,1834.14,1833.96,1833.96,-0.01,29.83,54334.7,-1
2025-07-31,2025-07-31 13:48:00,1833.96,1833.96,1833.79,1833.79,-0.01,29.83,54334.7,-1
2025-07-31,2025-07-31 13:49:00,1833.79,1833.79,1833.62,1833.62,-0.01,29.83,54334.7,-1
2025-07-31,2025-07-31 13:50:00,1833.62,1833.62,1833.45,1833.45,-0.01,29.83,54334.7,-1
2025-07-31,2025-07-31 13:51:00,1833.45,1833.45,1833.27,1833.27,-0.01,29.83,54334.7,-1
2025-07-31,2025-07-31 13:52:00,1833.27,1833.27,1833.1,1833.1,-0.01,29.83,54334.7,-1
2025-07-31,2025-07-31 13:53:00,1833.1,1833.1,1832.93,1832.93,-0.01,29.83,54334.7,-1
2025-07-31,2025-07-31 13:54:00,1832.93,1832.93,1832.75,1832.75,-0.01,29.83,54334.7,-1
2025-07-31,2025-07-31 13:55:00,1832.75,1832.75,1832.58,1832.58,-0.01,29.83,54334.7,-1
2025-07-31,2025-07-31 13:56:00,1832.58,1832.58,1832.41,1832.41,-0.01,29.83,54334.7,-1
2025-07-31,2025-07-31 13:57:00,1832.41,1832.41,1832.24,1832.24,-0.01,29.83,54334.7,-1
2025-07-31,2025-07-31 13:58:00,1832.24,1832.24,1832.06,1832.06,-0.01,29.83,54334.7,-1
2025-07-31,2025-07-31 13:59:00,1832.06,1832.06,1831.89,1831.89,-0.01,29.83,54334.7,-1
2025-07-31,2025-07-31 14:00:00,1831.89,1831.89,1831.72,1831.72,-0.01,29.83,54334.7,-1
2025-07-31,2025-07-31 14:01:00,1831.72,1831.72,1831.54,1831.54,-0.01,29.83,54334.7,-1
2025-07-31,2025-07-31 14:02:00,1831.54,1831.54,1831.37,1831.37,-0.01,29.83,54334.7,-1
2025-07-31,2025-07-31 14:03:00,1831.37,1831.37,1831.2,1831.2,-0.01,29.83,54334.7,-1
2025-07-31,2025-07-31 14:04:00,1831.2,1831.2,1831.03,1831.03,-0.01,29.83,54334.7,-1
2025-07-31,2025-07-31 14:05:00,1831.03,1831.03,1830.85,1830.85,-0.01,29.83,54334.7,-1
2025-07-31,2025-07-31 14:06:00,1830.85,1830.85,1830.68,1830.68,-0.01,29.83,54334.7,-1
2025-07-31,2025-07-31 14:07:00,1830.68,1830.68,1830.51,1830.51,-0.01,29.83,54334.7,-1
2025-07-31,2025-07-31 14:08:00,1830.51,1830.51,1830.33,1830.33,-0.01,29.83,54334.7,-1
2025-07-31,2025-07-31 14:09:00,1830.33,1830.33,1830.16,1830.16,-0.01,29.83,54334.7,-1
2025-07-31,2025-07-31 14:10:00,1830.16,1830.16,1829.99,1829.99,-0.01,29.83,54334.7,-1
2025-07-31,2025-07-31 14:11:00,1829.99,1829.99,1829.82,1829.82,-0.01,29.83,54334.7,-1
2025-07-31,2025-07-31 14:12:00,1829.82,1829.82,1829.64,1829.64,-0.01,29.83,54334.7,-1
2025-07-31,2025-07-31 14:13:00,1829.64,1829.64,1829.47,1829.47,-0.01,29.83,54334.7,-1
2025-07-31,2025-07-31 14:14:00,1829.47,1829.47,1829.3,1829.3,-0.01,29.83,54334.7,-1
2025-07-31,2025-07-31 14:15:00,1829.3,1829.3,1829.12,1829.12,-0.01,29.83,54334.7,-1
2025-07-31,2025-07-31 14:16:00,1829.12,1829.12,1828.95,1828.95,-0.01,29.83,54334.7,-1
2025-07-31,2025-07-31 14:17:00,1828.95,1828.95,1828.78,1828.78,-0.01,29.83,54334.7,-1
2025-07-31,2025-07-31 14:18:00,1828.78,1828.78,1828.61,1828.61,-0.01,29.83,54334.7,-1
2025-07-31,2025-07-31 14:19:00,1828.61,1828.61,1828.43,1828.43,-0.01,29.83,54334.7,-1
2025-07-31,2025-07-31 14:20:00,1828.43,1828.43,1828.26,1828.26,-0.01,29.83,54334.7,-1
2025-07-31,2025-07-31 14:21:00,1828.26,1828.26,1828.09,1828.09,-0.01,29.83,54334.7,-1
2025-07-31,2025-07-31 14:22:00,1828.09,1828.09,1827.91,1827.91,-0.01,29.83,54334.7,-1
2025-07-31,2025-07-31 14:23:00,1827.91,1827.91,1827.74,1827.74,-0.01,29.83,54334.7,-1
2025-07-31,2025-07-31 14:24:00,1827.74,1827.74,1827.57,1827.57,-0.01,29.83,54334.7,-1
2025-07-31,2025-07-31 14:25:00,1827.57,1827.57,1827.4,1827.4,-0.01,29.83,54334.7,-1
2025-07-31,2025-07-31 14:26:00,1827.4,1827.4,1827.22,1827.22,-0.01,29.83,54334.7,-1
2025-07-31,2025-07-31 14:27:00,1827.22,1827.22,1827.05,1827.05,-0.01,29.83,54334.7,-1
2025-07-31,2025-07-31 14:28:00,1827.05,1827.05,1826.88,1826.88,-0.01,29.83,54334.7,-1
2025-07-31,2025-07-31 14:29:00,1826.88,1826.88,1826.7,1826.7,-0.01,29.83,54334.7,-1
2025-07-31,2025-07-31 14:30:00,1826.7,1826.7,1826.53,1826.53,-0.01,29.83,54334.7,-1
2025-07-31,2025-07-31 14:31:00,1826.53,1826.53,1826.36,1826.36,-0.01,29.83,54334.7,-1
2025-07-31,2025-07-31 14:32:00,1826.36,1826.36,1826.19,1826.19,-0.01,29.83,54334.7,-1
2025-07-31,2025-07-31 14:33:00,1826.19,1826.19,1826.01,1826.01,-0.01,29.83,54334.7,-1
2025-07-31,2025-07-31 14:34:00,1826.01,1826.01,1825.84,1825.84,-0.01,29.83,54334.7,-1
2025-07-31,2025-07-31 14:35:00,1825.84,1825.84,1825.67,1825.67,-0.01,29.83,54334.7,-1
2025-07-31,2025-07-31 14:36:00,1825.67,1825.67,1825.5,1825.5,-0.01,29.83,54334.7,-1
2025-07-31,2025-07-31 14:37:00,1825.5,1825.5,1825.32,1825.32,-0.01,29.83,54334.7,-1
2025-07-31,2025-07-31 14:38:00,1825.32,1825.32,1825.15,1825.15,-0.01,29.83,54334.7,-1
2025-07-31,2025-07-31 14:39:00,1825.15,1825.15,1824.98,1824.98,-0.01,29.83,54334.7,-1
2025-07-31,2025-07-31 14:40:00,1824.98,1824.98,1824.8,1824.8,-0.01,29.83,54334.7,-1
2025-07-31,2025-07-31 14:41:00,1824.8,1824.8,1824.63,1824.63,-0.01,29.83,54334.7,-1
2025-07-31,2025-07-31 14:42:00,1824.63,1824.63,1824.46,1824.46,-0.01,29.83,54334.7,-1
2025-07-31,2025-07-31 14:43:00,1824.46,1824.46,1824.29,1824.29,-0.01,29.83,54334.7,-1
2025-07-31,2025-07-31 14:44:00,1824.29,1824.29,1824.11,1824.11,-0.01,29.83,54334.7,-1
2025-07-31,2025-07-31 14:45:00,1824.11,1824.11,1823.94,1823.94,-0.01,29.83,54334.7,-1
2025-07-31,2025-07-31 14:46:00,1823.94,1823.94,1823.77,1823.77,-0.01,29.83,54334.7,-1
2025-07-31,2025-07-31 14:47:00,1823.77,1823.77,1823.59,1823.59,-0.01,29.83,54334.7,-1
2025-07-31,2025-07-31 14:48:00,1823.59,1823.59,1823.42,1823.42,-0.01,29.83,54334.7,-1
2025-07-31,2025-07-31 14:49:00,1823.42,1823.42,1823.25,1823.25,-0.01,29.83,54334.7,-1
2025-07-31,2025-07-31 14:50:00,1823.25,1823.25,1823.08,1823.08,-0.01,29.83,54334.7,-1
2025-07-31,2025-07-31 14:51:00,1823.08,1823.08,1822.9,1822.9,-0.01,29.83,54334.7,-1
2025-07-31,2025-07-31 14:52:00,1822.9,1822.9,1822.73,1822.73,-0.01,29.83,54334.7,-1
2025-07-31,2025-07-31 14:53:00,1822.73,1822.73,1822.56,1822.56,-0.01,29.83,54334.7,-1
2025-07-31,2025-07-31 14:54:00,1822.56,1822.56,1822.38,1822.38,-0.01,29.83,54334.7,-1
2025-07-31,2025-07-31 14:55:00,1822.38,1822.38,1822.21,1822.21,-0.01,29.83,54334.7,-1
2025-07-31,2025-07-31 14:56:00,1822.21,1822.21,1822.04,1822.04,-0.01,29.83,54334.7,-1
2025-07-31,2025-07-31 14:57:00,1822.04,1822.04,1821.87,1821.87,-0.01,29.83,54334.7,-1
2025-07-31,2025-07-31 14:58:00,1821.87,1821.87,1821.69,1821.69,-0.01,29.83,54334.7,-1
2025-07-31,2025-07-31 14:59:00,1821.69,1821.69,1821.52,1821.52,-0.01,29.83,54334.7,-1
2025-07-31,2025-07-31 15:00:00,1821.52,1900.2,1801.0,1821.52,0.0,29.83,54334.7,0
2025-08-03,2025-08-03 11:00:00,1857.0,1868.1,1848.06,1856.89,-0.01,44.6,82463.5,-1
2025-08-03,2025-08-03 11:01:00,1856.89,1856.89,1856.78,1856.78,-0.01,44.6,82463.5,-1
2025-08-03,2025-08-03 11:02:00,1856.78,1856.78,1856.67,1856.67,-0.01,44.6,82463.5,-1
2025-08-03,2025-08-03 11:03:00,1856.67,1856.67,1856.56,1856.56,-0.01,44.6,82463.5,-1
2025-08-03,2025-08-03 11:04:00,1856.56,1856.56,1856.44,1856.44,-0.01,44.6,82463.5,-1
2025-08-03,2025-08-03 11:05:00,1856.44,1856.44,1856.33,1856.33,-0.01,44.6,82463.5,-1
2025-08-03,2025-08-03 11:06:00,1856.33,1856.33,1856.22,1856.22,-0.01,44.6,82463.5,-1
2025-08-03,2025-08-03 11:07:00,1856.22,1856.22,1856.11,1856.11,-0.01,44.6,82463.5,-1
2025-08-03,2025-08-03 11:08:00,1856.11,1856.11,1856.0,1856.0,-0.01,44.6,82463.5,-1
2025-08-03,2025-08-03 11:09:00,1856.0,1856.0,1855.89,1855.89,-0.01,44.6,82463.5,-1
2025-08-03,2025-08-03 11:10:00,1855.89,1855.89,1855.78,1855.78,-0.01,44.6,82463.5,-1
2025-08-03,2025-08-03 11:11:00,1855.78,1855.78,1855.67,1855.67,-0.01,44.6,82463.5,-1
2025-08-03,2025-08-03 11:12:00,1855.67,1855.67,1855.55,1855.55,-0.01,44.6,82463.5,-1
2025-08-03,2025-08-03 11:13:00,1855.55,1855.55,1855.44,1855.44,-0.01,44.6,82463.5,-1
2025-08-03,2025-08-03 11:14:00,1855.44,1855.44,1855.33,1855.33,-0.01,44.6,82463.5,-1
2025-08-03,2025-08-03 11:15:00,1855.33,1855.33,1855.22,1855.22,-0.01,44.6,82463.5,-1
2025-08-03,2025-08-03 11:16:00,1855.22,1855.22,1855.11,1855.11,-0.01,44.6,82463.5,-1
2025-08-03,2025-08-03 11:17:00,1855.11,1855.11,1855.0,1855.0,-0.01,44.6,82463.5,-1
2025-08-03,2025-08-03 11:18:00,1855.0,1855.0,1854.89,1854.89,-0.01,44.6,82463.5,-1
2025-08-03,2025-08-03 11:19:00,1854.89,1854.89,1854.78,1854.78,-0.01,44.6,82463.5,-1
2025-08-03,2025-08-03 11:20:00,1854.78,1854.78,1854.67,1854.67,-0.01,44.6,82463.5,-1
2025-08-03,2025-08-03 11:21:00,1854.67,1854.67,1854.55,1854.55,-0.01,44.6,82463.5,-1
2025-08-03,2025-08-03 11:22:00,1854.55,1854.55,1854.44,1854.44,-0.01,44.6,82463.5,-1
2025-08-03,2025-08-03 11:23:00,1854.44,1854.44,1854.33,1854.33,-0.01,44.6,82463.5,-1
2025-08-03,2025-08-03 11:24:00,1854.33,1854.33,1854.22,1854.22,-0.01,44.6,82463.5,-1
2025-08-03,2025-08-03 11:25:00,1854.22,1854.22,1854.11,1854.11,-0.01,44.6,82463.5,-1
2025-08-03,2025-08-03 11:26:00,1854.11,1854.11,1854.0,1854.0,-0.01,44.6,82463.5,-1
2025-08-03,2025-08-03 11:27:00,1854.0,1854.0,1853.89,1853.89,-0.01,44.6,82463.5,-1
2025-08-03,2025-08-03 11:28:00,1853.89,1853.89,1853.78,1853.78,-0.01,44.6,82463.5,-1
2025-08-03,2025-08-03 11:29:00,1853.78,1853.78,1853.66,1853.66,-0.01,44.6,82463.5,-1
2025-08-03,2025-08-03 11:30:00,1853.66,1853.66,1853.55,1853.55,-0.01,44.6,82463.5,-1
2025-08-03,2025-08-03 11:31:00,1853.55,1853.55,1853.44,1853.44,-0.01,44.6,82463.5,-1
2025-08-03,2025-08-03 11:32:00,1853.44,1853.44,1853.33,1853.33,-0.01,44.6,82463.5,-1
2025-08-03,2025-08-03 11:33:00,1853.33,1853.33,1853.22,1853.22,-0.01,44.6,82463.5,-1
2025-08-03,2025-08-03 11:34:00,1853.22,1853.22,1853.11,1853.11,-0.01,44.6,82463.5,-1
2025-08-03,2025-08-03 11:35:00,1853.11,1853.11,1853.0,1853.0,-0.01,44.6,82463.5,-1
2025-08-03,2025-08-03 11:36:00,1853.0,1853.0,1852.89,1852.89,-0.01,44.6,82463.5,-1
2025-08-03,2025-08-03 11:37:00,1852.89,1852.89,1852.78,1852.78,-0.01,44.6,82463.5,-1
2025-08-03,2025-08-03 11:38:00,1852.78,1852.78,1852.66,1852.66,-0.01,44.6,82463.5,-1
2025-08-03,2025-08-03 11:39:00,1852.66,1852.66,1852.55,1852.55,-0.01,44.6,82463.5,-1
2025-08-03,2025-08-03 11:40:00,1852.55,1852.55,1852.44,1852.44,-0.01,44.6,82463.5,-1
2025-08-03,2025-08-03 11:41:00,1852.44,1852.44,1852.33,1852.33,-0.01,44.6,82463.5,-1
2025-08-03,2025-08-03 11:42:00,1852.33,1852.33,1852.22,1852.22,-0.01,44.6,82463.5,-1
2025-08-03,2025-08-03 11:43:00,1852.22,1852.22,1852.11,1852.11,-0.01,44.6,82463.5,-1
2025-08-03,2025-08-03 11:44:00,1852.11,1852.11,1852.0,1852.0,-0.01,44.6,82463.5,-1
2025-08-03,2025-08-03 11:45:00,1852.0,1852.0,1851.89,1851.89,-0.01,44.6,82463.5,-1
2025-08-03,2025-08-03 11:46:00,1851.89,1851.89,1851.78,1851.78,-0.01,44.6,82463.5,-1
2025-08-03,2025-08-03 11:47:00,1851.78,1851.78,1851.66,1851.66,-0.01,44.6,82463.5,-1
2025-08-03,2025-08-03 11:48:00,1851.66,1851.66,1851.55,1851.55,-0.01,44.6,82463.5,-1
2025-08-03,2025-08-03 11:49:00,1851.55,1851.55,1851.44,1851.44,-0.01,44.6,82463.5,-1
2025-08-03,2025-08-03 11:50:00,1851.44,1851.44,1851.33,1851.33,-0.01,44.6,82463.5,-1
2025-08-03,2025-08-03 11:51:00,1851.33,1851.33,1851.22,1851.22,-0.01,44.6,82463.5,-1
2025-08-03,2025-08-03 11:52:00,1851.22,1851.22,1851.11,1851.11,-0.01,44.6,82463.5,-1
2025-08-03,2025-08-03 11:53:00,1851.11,1851.11,1851.0,1851.0,-0.01,44.6,82463.5,-1
2025-08-03,2025-08-03 11:54:00,1851.0,1851.0,1850.89,1850.89,-0.01,44.6,82463.5,-1
2025-08-03,2025-08-03 11:55:00,1850.89,1850.89,1850.77,1850.77,-0.01,44.6,82463.5,-1
2025-08-03,2025-08-03 11:56:00,1850.77,1850.77,1850.66,1850.66,-0.01,44.6,82463.5,-1
2025-08-03,2025-08-03 11:57:00,1850.66,1850.66,1850.55,1850.55,-0.01,44.6,82463.5,-1
2025-08-03,2025-08-03 11:58:00,1850.55,1850.55,1850.44,1850.44,-0.01,44.6,82463.5,-1
2025-08-03,2025-08-03 11:59:00,1850.44,1850.44,1850.33,1850.33,-0.01,44.6,82463.5,-1
2025-08-03,2025-08-03 12:00:00,1850.33,1850.33,1850.22,1850.22,-0.01,44.6,82463.5,-1
2025-08-03,2025-08-03 12:01:00,1850.22,1850.22,1850.11,1850.11,-0.01,44.6,82463.5,-1
2025-08-03,2025-08-03 12:02:00,1850.11,1850.11,1850.0,1850.0,-0.01,44.6,82463.5,-1
2025-08-03,2025-08-03 12:03:00,1850.0,1850.0,1849.89,1849.89,-0.01,44.6,82463.5,-1
2025-08-03,2025-08-03 12:04:00,1849.89,1849.89,1849.77,1849.77,-0.01,44.6,82463.5,-1
2025-08-03,2025-08-03 12:05:00,1849.77,1849.77,1849.66,1849.66,-0.01,44.6,82463.5,-1
2025-08-03,2025-08-03 12:06:00,1849.66,1849.66,1849.55,1849.55,-0.01,44.6,82463.5,-1
2025-08-03,2025-08-03 12:07:00,1849.55,1849.55,1849.44,1849.44,-0.01,44.6,82463.5,-1
2025-08-03,2025-08-03 12:08:00,1849.44,1849.44,1849.33,1849.33,-0.01,44.6,82463.5,-1
2025-08-03,2025-08-03 12:09:00,1849.33,1849.33,1849.22,1849.22,-0.01,44.6,82463.5,-1
2025-08-03,2025-08-03 12:10:00,1849.22,1849.22,1849.11,1849.11,-0.01,44.6,82463.5,-1
2025-08-03,2025-08-03 12:11:00,1849.11,1849.11,1849.0,1849.0,-0.01,44.6,82463.5,-1
2025-08-03,2025-08-03 12:12:00,1849.0,1849.0,1848.88,1848.88,-0.01,44.6,82463.5,-1
2025-08-03,2025-08-03 12:13:00,1848.88,1848.88,1848.77,1848.77,-0.01,44.6,82463.5,-1
2025-08-03,2025-08-03 12:14:00,1848.77,1848.77,1848.66,1848.66,-0.01,44.6,82463.5,-1
2025-08-03,2025-08-03 12:15:00,1848.66,1848.66,1848.55,1848.55,-0.01,44.6,82463.5,-1
2025-08-03,2025-08-03 12:16:00,1848.55,1848.55,1848.44,1848.44,-0.01,44.6,82463.5,-1
2025-08-03,2025-08-03 12:17:00,1848.44,1848.44,1848.33,1848.33,-0.01,44.6,82463.5,-1
2025-08-03,2025-08-03 12:18:00,1848.33,1848.33,1848.22,1848.22,-0.01,44.6,82463.5,-1
2025-08-03,2025-08-03 12:19:00,1848.22,1848.22,1848.11,1848.11,-0.01,44.6,82463.5,-1
2025-08-03,2025-08-03 12:20:00,1848.11,1848.11,1848.0,1848.0,-0.01,44.6,82463.5,-1
2025-08-03,2025-08-03 12:21:00,1848.0,1848.0,1847.88,1847.88,-0.01,44.6,82463.5,-1
2025-08-03,2025-08-03 12:22:00,1847.88,1847.88,1847.77,1847.77,-0.01,44.6,82463.5,-1
2025-08-03,2025-08-03 12:23:00,1847.77,1847.77,1847.66,1847.66,-0.01,44.6,82463.5,-1
2025-08-03,2025-08-03 12:24:00,1847.66,1847.66,1847.55,1847.55,-0.01,44.6,82463.5,-1
2025-08-03,2025-08-03 12:25:00,1847.55,1847.55,1847.44,1847.44,-0.01,44.6,82463.5,-1
2025-08-03,2025-08-03 12:26:00,1847.44,1847.44,1847.33,1847.33,-0.01,44.6,82463.5,-1
2025-08-03,2025-08-03 12:27:00,1847.33,1847.33,1847.22,1847.22,-0.01,44.6,82463.5,-1
2025-08-03,2025-08-03 12:28:00,1847.22,1847.22,1847.11,1847.11,-0.01,44.6,82463.5,-1
2025-08-03,2025-08-03 12:29:00,1847.11,1847.11,1846.99,1846.99,-0.01,44.6,82463.5,-1
2025-08-03,2025-08-03 12:30:00,1846.99,1846.99,1846.88,1846.88,-0.01,44.6,82463.5,-1
2025-08-03,2025-08-03 12:31:00,1846.88,1846.88,1846.77,1846.77,-0.01,44.6,82463.5,-1
2025-08-03,2025-08-03 12:32:00,1846.77,1846.77,1846.66,1846.66,-0.01,44.6,82463.5,-1
2025-08-03,2025-08-03 12:33:00,1846.66,1846.66,1846.55,1846.55,-0.01,44.6,82463.5,-1
2025-08-03,2025-08-03 12:34:00,1846.55,1846.55,1846.44,1846.44,-0.01,44.6,82463.5,-1
2025-08-03,2025-08-03 12:35:00,1846.44,1846.44,1846.33,1846.33,-0.01,44.6,82463.5,-1
2025-08-03,2025-08-03 12:36:00,1846.33,1846.33,1846.22,1846.22,-0.01,44.6,82463.5,-1
2025-08-03,2025-08-03 12:37:00,1846.22,1846.22,1846.11,1846.11,-0.01,44.6,82463.5,-1
2025-08-03,2025-08-03 12:38:00,1846.11,1846.11,1845.99,1845.99,-0.01,44.6,82463.5,-1
2025-08-03,2025-08-03 12:39:00,1845.99,1845.99,1845.88,1845.88,-0.01,44.6,82463.5,-1
2025-08-03,2025-08-03 12:40:00,1845.88,1845.88,1845.77,1845.77,-0.01,44.6,82463.5,-1
2025-08-03,2025-08-03 12:41:00,1845.77,1845.77,1845.66,1845.66,-0.01,44.6,82463.5,-1
2025-08-03,2025-08-03 12:42:00,1845.66,1845.66,1845.55,1845.55,-0.01,44.6,82463.5,-1
2025-08-03,2025-08-03 12:43:00,1845.55,1845.55,1845.44,1845.44,-0.01,44.6,82463.5,-1
2025-08-03,2025-08-03 12:44:00,1845.44,1845.44,1845.33,1845.33,-0.01,44.6,82463.5,-1
2025-08-03,2025-08-03 12:45:00,1845.33,1845.33,1845.22,1845.22,-0.01,44.6,82463.5,-1
2025-08-03,2025-08-03 12:46:00,1845.22,1845.22,1845.11,1845.11,-0.01,44.6,82463.5,-1
2025-08-03,2025-08-03 12:47:00,1845.11,1845.11,1844.99,1844.99,-0.01,44.6,82463.5,-1
2025-08-03,2025-08-03 12:48:00,1844.99,1844.99,1844.88,1844.88,-0.01,44.6,82463.5,-1
2025-08-03,2025-08-03 12:49:00,1844.88,1844.88,1844.77,1844.77,-0.01,44.6,82463.5,-1
2025-08-03,2025-08-03 12:50:00,1844.77,1844.77,1844.66,1844.66,-0.01,44.6,82463.5,-1
2025-08-03,2025-08-03 12:51:00,1844.66,1844.66,1844.55,1844.55,-0.01,44.6,82463.5,-1
2025-08-03,2025-08-03 12:52:00,1844.55,1844.55,1844.44,1844.44,-0.01,44.6,82463.5,-1
2025-08-03,2025-08-03 12:53:00,1844.44,1844.44,1844.33,1844.33,-0.01,44.6,82463.5,-1
2025-08-03,2025-08-03 12:54:00,1844.33,1844.33,1844.22,1844.22,-0.01,44.6,82463.5,-1
2025-08-03,2025-08-03 12:55:00,1844.22,1844.22,1844.1,1844.1,-0.01,44.6,82463.5,-1
2025-08-03,2025-08-03 12:56:00,1844.1,1844.1,1843.99,1843.99,-0.01,44.6,82463.5,-1
2025-08-03,2025-08-03 12:57:00,1843.99,1843.99,1843.88,1843.88,-0.01,44.6,82463.5,-1
2025-08-03,2025-08-03 12:58:00,1843.88,1843.88,1843.77,1843.77,-0.01,44.6,82463.5,-1
2025-08-03,2025-08-03 12:59:00,1843.77,1843.77,1843.66,1843.66,-0.01,44.6,82463.5,-1
2025-08-03,2025-08-03 13:00:00,1843.66,1894.0,1827.2,1843.55,-0.01,44.6,82463.5,-1
2025-08-03,2025-08-03 13:01:00,1843.55,1843.55,1843.44,1843.44,-0.01,44.6,82463.5,-1
2025-08-03,2025-08-03 13:02:00,1843.44,1843.44,1843.33,1843.33,-0.01,44.6,82463.5,-1
2025-08-03,2025-08-03 13:03:00,1843.33,1843.33,1843.22,1843.22,-0.01,44.6,82463.5,-1
2025-08-03,2025-08-03 13:04:00,1843.22,1843.22,1843.1,1843.1,-0.01,44.6,82463.5,-1
2025-08-03,2025-08-03 13:05:00,1843.1,1843.1,1842.99,1842.99,-0.01,44.6,82463.5,-1
2025-08-03,2025-08-03 13:06:00,1842.99,1842.99,1842.88,1842.88,-0.01,44.6,82463.5,-1
2025-08-03,2025-08-03 13:07:00,1842.88,1842.88,1842.77,1842.77,-0.01,44.6,82463.5,-1
2025-08-03,2025-08-03 13:08:00,1842.77,1842.77,1842.66,1842.66,-0.01,44.6,82463.5,-1
2025-08-03,2025-08-03 13:09:00,1842.66,1842.66,1842.55,1842.55,-0.01,44.6,82463.5,-1
2025-08-03,2025-08-03 13:10:00,1842.55,1842.55,1842.44,1842.44,-0.01,44.6,82463.5,-1
2025-08-03,2025-08-03 13:11:00,1842.44,1842.44,1842.33,1842.33,-0.01,44.6,82463.5,-1
2025-08-03,2025-08-03 13:12:00,1842.33,1842.33,1842.21,1842.21,-0.01,44.6,82463.5,-1
2025-08-03,2025-08-03 13:13:00,1842.21,1842.21,1842.1,1842.1,-0.01,44.6,82463.5,-1
2025-08-03,2025-08-03 13:14:00,1842.1,1842.1,1841.99,1841.99,-0.01,44.6,82463.5,-1
2025-08-03,2025-08-03 13:15:00,1841.99,1841.99,1841.88,1841.88,-0.01,44.6,82463.5,-1
2025-08-03,2025-08-03 13:16:00,1841.88,1841.88,1841.77,1841.77,-0.01,44.6,82463.5,-1
2025-08-03,2025-08-03 13:17:00,1841.77,1841.77,1841.66,1841.66,-0.01,44.6,82463.5,-1
2025-08-03,2025-08-03 13:18:00,1841.66,1841.66,1841.55,1841.55,-0.01,44.6,82463.5,-1
2025-08-03,2025-08-03 13:19:00,1841.55,1841.55,1841.44,1841.44,-0.01,44.6,82463.5,-1
2025-08-03,2025-08-03 13:20:00,1841.44,1841.44,1841.33,1841.33,-0.01,44.6,82463.5,-1
2025-08-03,2025-08-03 13:21:00,1841.33,1841.33,1841.21,1841.21,-0.01,44.6,82463.5,-1
2025-08-03,2025-08-03 13:22:00,1841.21,1841.21,1841.1,1841.1,-0.01,44.6,82463.5,-1
2025-08-03,2025-08-03 13:23:00,1841.1,1841.1,1840.99,1840.99,-0.01,44.6,82463.5,-1
2025-08-03,2025-08-03 13:24:00,1840.99,1840.99,1840.88,1840.88,-0.01,44.6,82463.5,-1
2025-08-03,2025-08-03 13:25:00,1840.88,1840.88,1840.77,1840.77,-0.01,44.6,82463.5,-1
2025-08-03,2025-08-03 13:26:00,1840.77,1840.77,1840.66,1840.66,-0.01,44.6,82463.5,-1
2025-08-03,2025-08-03 13:27:00,1840.66,1840.66,1840.55,1840.55,-0.01,44.6,82463.5,-1
2025-08-03,2025-08-03 13:28:00,1840.55,1840.55,1840.44,1840.44,-0.01,44.6,82463.5,-1
2025-08-03,2025-08-03 13:29:00,1840.44,1840.44,1840.33,1840.33,-0.01,44.6,82463.5,-1
2025-08-03,2025-08-03 13:30:00,1840.33,1840.33,1840.21,1840.21,-0.01,44.6,82463.5,-1
2025-08-03,2025-08-03 13:31:00,1840.21,1840.21,1840.1,1840.1,-0.01,44.6,82463.5,-1
2025-08-03,2025-08-03 13:32:00,1840.1,1840.1,1839.99,1839.99,-0.01,44.6,82463.5,-1
2025-08-03,2025-08-03 13:33:00,1839.99,1839.99,1839.88,1839.88,-0.01,44.6,82463.5,-1
2025-08-03,2025-08-03 13:34:00,1839.88,1839.88,1839.77,1839.77,-0.01,44.6,82463.5,-1
2025-08-03,2025-08-03 13:35:00,1839.77,1839.77,1839.66,1839.66,-0.01,44.6,82463.5,-1
2025-08-03,2025-08-03 13:36:00,1839.66,1839.66,1839.55,1839.55,-0.01,44.6,82463.5,-1
2025-08-03,2025-08-03 13:37:00,1839.55,1839.55,1839.44,1839.44,-0.01,44.6,82463.5,-1
2025-08-03,2025-08-03 13:38:00,1839.44,1839.44,1839.32,1839.32,-0.01,44.6,82463.5,-1
2025-08-03,2025-08-03 13:39:00,1839.32,1839.32,1839.21,1839.21,-0.01,44.6,82463.5,-1
2025-08-03,2025-08-03 13:40:00,1839.21,1839.21,1839.1,1839.1,-0.01,44.6,82463.5,-1
2025-08-03,2025-08-03 13:41:00,1839.1,1839.1,1838.99,1838.99,-0.01,44.6,82463.5,-1
2025-08-03,2025-08-03 13:42:00,1838.99,1838.99,1838.88,1838.88,-0.01,44.6,82463.5,-1
2025-08-03,2025-08-03 13:43:00,1838.88,1838.88,1838.77,1838.77,-0.01,44.6,82463.5,-1
2025-08-03,2025-08-03 13:44:00,1838.77,1838.77,1838.66,1838.66,-0.01,44.6,82463.5,-1
2025-08-03,2025-08-03 13:45:00,1838.66,1838.66,1838.55,1838.55,-0.01,44.6,82463.5,-1
2025-08-03,2025-08-03 13:46:00,1838.55,1838.55,1838.44,1838.44,-0.01,44.6,82463.5,-1
2025-08-03,2025-08-03 13:47:00,1838.44,1838.44,1838.32,1838.32,-0.01,44.6,82463.5,-1
2025-08-03,2025-08-03 13:48:00,1838.32,1838.32,1838.21,1838.21,-0.01,44.6,82463.5,-1
2025-08-03,2025-08-03 13:49:00,1838.21,1838.21,1838.1,1838.1,-0.01,44.6,82463.5,-1
2025-08-03,2025-08-03 13:50:00,1838.1,1838.1,1837.99,1837.99,-0.01,44.6,82463.5,-1
2025-08-03,2025-08-03 13:51:00,1837.99,1837.99,1837.88,1837.88,-0.01,44.6,82463.5,-1
2025-08-03,2025-08-03 13:52:00,1837.88,1837.88,1837.77,1837.77,-0.01,44.6,82463.5,-1
2025-08-03,2025-08-03 13:53:00,1837.77,1837.77,1837.66,1837.66,-0.01,44.6,82463.5,-1
2025-08-03,2025-08-03 13:54:00,1837.66,1837.66,1837.55,1837.55,-0.01,44.6,82463.5,-1
2025-08-03,2025-08-03 13:55:00,1837.55,1837.55,1837.43,1837.43,-0.01,44.6,82463.5,-1
2025-08-03,2025-08-03 13:56:00,1837.43,1837.43,1837.32,1837.32,-0.01,44.6,82463.5,-1
2025-08-03,2025-08-03 13:57:00,1837.32,1837.32,1837.21,1837.21,-0.01,44.6,82463.5,-1
2025-08-03,2025-08-03 13:58:00,1837.21,1837.21,1837.1,1837.1,-0.01,44.6,82463.5,-1
2025-08-03,2025-08-03 13:59:00,1837.1,1837.1,1836.99,1836.99,-0.01,44.6,82463.5,-1
2025-08-03,2025-08-03 14:00:00,1836.99,1836.99,1836.88,1836.88,-0.01,44.6,82463.5,-1
2025-08-03,2025-08-03 14:01:00,1836.88,1836.88,1836.77,1836.77,-0.01,44.6,82463.5,-1
2025-08-03,2025-08-03 14:02:00,1836.77,1836.77,1836.66,1836.66,-0.01,44.6,82463.5,-1
2025-08-03,2025-08-03 14:03:00,1836.66,1836.66,1836.55,1836.55,-0.01,44.6,82463.5,-1
2025-08-03,2025-08-03 14:04:00,1836.55,1836.55,1836.43,1836.43,-0.01,44.6,82463.5,-1
2025-08-03,2025-08-03 14:05:00,1836.43,1836.43,1836.32,1836.32,-0.01,44.6,82463.5,-1
2025-08-03,2025-08-03 14:06:00,1836.32,1836.32,1836.21,1836.21,-0.01,44.6,82463.5,-1
2025-08-03,2025-08-03 14:07:00,1836.21,1836.21,1836.1,1836.1,-0.01,44.6,82463.5,-1
2025-08-03,2025-08-03 14:08:00,1836.1,1836.1,1835.99,1835.99,-0.01,44.6,82463.5,-1
2025-08-03,2025-08-03 14:09:00,1835.99,1835.99,1835.88,1835.88,-0.01,44.6,82463.5,-1
2025-08-03,2025-08-03 14:10:00,1835.88,1835.88,1835.77,1835.77,-0.01,44.6,82463.5,-1
2025-08-03,2025-08-03 14:11:00,1835.77,1835.77,1835.66,1835.66,-0.01,44.6,82463.5,-1
2025-08-03,2025-08-03 14:12:00,1835.66,1835.66,1835.54,1835.54,-0.01,44.6,82463.5,-1
2025-08-03,2025-08-03 14:13:00,1835.54,1835.54,1835.43,1835.43,-0.01,44.6,82463.5,-1
2025-08-03,2025-08-03 14:14:00,1835.43,1835.43,1835.32,1835.32,-0.01,44.6,82463.5,-1
2025-08-03,2025-08-03 14:15:00,1835.32,1835.32,1835.21,1835.21,-0.01,44.6,82463.5,-1
2025-08-03,2025-08-03 14:16:00,1835.21,1835.21,1835.1,1835.1,-0.01,44.6,82463.5,-1
2025-08-03,2025-08-03 14:17:00,1835.1,1835.1,1834.99,1834.99,-0.01,44.6,82463.5,-1
2025-08-03,2025-08-03 14:18:00,1834.99,1834.99,1834.88,1834.88,-0.01,44.6,82463.5,-1
2025-08-03,2025-08-03 14:19:00,1834.88,1834.88,1834.77,1834.77,-0.01,44.6,82463.5,-1
2025-08-03,2025-08-03 14:20:00,1834.77,1834.77,1834.66,1834.66,-0.01,44.6,82463.5,-1
2025-08-03,2025-08-03 14:21:00,1834.66,1834.66,1834.54,1834.54,-0.01,44.6,82463.5,-1
2025-08-03,2025-08-03 14:22:00,1834.54,1834.54,1834.43,1834.43,-0.01,44.6,82463.5,-1
2025-08-03,2025-08-03 14:23:00,1834.43,1834.43,1834.32,1834.32,-0.01,44.6,82463.5,-1
2025-08-03,2025-08-03 14:24:00,1834.32,1834.32,1834.21,1834.21,-0.01,44.6,82463.5,-1
2025-08-03,2025-08-03 14:25:00,1834.21,1834.21,1834.1,1834.1,-0.01,44.6,82463.5,-1
2025-08-03,2025-08-03 14:26:00,1834.1,1834.1,1833.99,1833.99,-0.01,44.6,82463.5,-1
2025-08-03,2025-08-03 14:27:00,1833.99,1833.99,1833.88,1833.88,-0.01,44.6,82463.5,-1
2025-08-03,2025-08-03 14:28:00,1833.88,1833.88,1833.77,1833.77,-0.01,44.6,82463.5,-1
2025-08-03,2025-08-03 14:29:00,1833.77,1833.77,1833.65,1833.65,-0.01,44.6,82463.5,-1
2025-08-03,2025-08-03 14:30:00,1833.65,1833.65,1833.54,1833.54,-0.01,44.6,82463.5,-1
2025-08-03,2025-08-03 14:31:00,1833.54,1833.54,1833.43,1833.43,-0.01,44.6,82463.5,-1
2025-08-03,2025-08-03 14:32:00,1833.43,1833.43,1833.32,1833.32,-0.01,44.6,82463.5,-1
2025-08-03,2025-08-03 14:33:00,1833.32,1833.32,1833.21,1833.21,-0.01,44.6,82463.5,-1
2025-08-03,2025-08-03 14:34:00,1833.21,1833.21,1833.1,1833.1,-0.01,44.6,82463.5,-1
2025-08-03,2025-08-03 14:35:00,1833.1,1833.1,1832.99,1832.99,-0.01,44.6,82463.5,-1
2025-08-03,2025-08-03 14:36:00,1832.99,1832.99,1832.88,1832.88,-0.01,44.6,82463.5,-1
2025-08-03,2025-08-03 14:37:00,1832.88,1832.88,1832.77,1832.77,-0.01,44.6,82463.5,-1
2025-08-03,2025-08-03 14:38:00,1832.77,1832.77,1832.65,1832.65,-0.01,44.6,82463.5,-1
2025-08-03,2025-08-03 14:39:00,1832.65,1832.65,1832.54,1832.54,-0.01,44.6,82463.5,-1
2025-08-03,2025-08-03 14:40:00,1832.54,1832.54,1832.43,1832.43,-0.01,44.6,82463.5,-1
2025-08-03,2025-08-03 14:41:00,1832.43,1832.43,1832.32,1832.32,-0.01,44.6,82463.5,-1
2025-08-03,2025-08-03 14:42:00,1832.32,1832.32,1832.21,1832.21,-0.01,44.6,82463.5,-1
2025-08-03,2025-08-03 14:43:00,1832.21,1832.21,1832.1,1832.1,-0.01,44.6,82463.5,-1
2025-08-03,2025-08-03 14:44:00,1832.1,1832.1,1831.99,1831.99,-0.01,44.6,82463.5,-1
2025-08-03,2025-08-03 14:45:00,1831.99,1831.99,1831.88,1831.88,-0.01,44.6,82463.5,-1
2025-08-03,2025-08-03 14:46:00,1831.88,1831.88,1831.77,1831.77,-0.01,44.6,82463.5,-1
2025-08-03,2025-08-03 14:47:00,1831.77,1831.77,1831.65,1831.65,-0.01,44.6,82463.5,-1
2025-08-03,2025-08-03 14:48:00,1831.65,1831.65,1831.54,1831.54,-0.01,44.6,82463.5,-1
2025-08-03,2025-08-03 14:49:00,1831.54,1831.54,1831.43,1831.43,-0.01,44.6,82463.5,-1
2025-08-03,2025-08-03 14:50:00,1831.43,1831.43,1831.32,1831.32,-0.01,44.6,82463.5,-1
2025-08-03,2025-08-03 14:51:00,1831.32,1831.32,1831.21,1831.21,-0.01,44.6,82463.5,-1
2025-08-03,2025-08-03 14:52:00,1831.21,1831.21,1831.1,1831.1,-0.01,44.6,82463.5,-1
2025-08-03,2025-08-03 14:53:00,1831.1,1831.1,1830.99,1830.99,-0.01,44.6,82463.5,-1
2025-08-03,2025-08-03 14:54:00,1830.99,1830.99,1830.88,1830.88,-0.01,44.6,82463.5,-1
2025-08-03,2025-08-03 14:55:00,1830.88,1830.88,1830.76,1830.76,-0.01,44.6,82463.5,-1
2025-08-03,2025-08-03 14:56:00,1830.76,1830.76,1830.65,1830.65,-0.01,44.6,82463.5,-1
2025-08-03,2025-08-03 14:57:00,1830.65,1830.65,1830.54,1830.54,-0.01,44.6,82463.5,-1
2025-08-03,2025-08-03 14:58:00,1830.54,1830.54,1830.43,1830.43,-0.01,44.6,82463.5,-1
2025-08-03,2025-08-03 14:59:00,1830.43,1830.43,1830.32,1830.32,-0.01,44.6,82463.5,-1
2025-08-03,2025-08-03 15:00:00,1830.32,1894.0,1827.2,1830.32,0.0,44.6,82463.5,0
2025-08-04,2025-08-04 11:00:00,1858.0,1869.1,1841.8,1857.98,-0.0,24.96,45937.67,-1
2025-08-04,2025-08-04 11:01:00,1857.98,1857.98,1857.96,1857.96,-0.0,24.96,45937.67,-1
2025-08-04,2025-08-04 11:02:00,1857.96,1857.96,1857.94,1857.94,-0.0,24.96,45937.67,-1
2025-08-04,2025-08-04 11:03:00,1857.94,1857.94,1857.92,1857.92,-0.0,24.96,45937.67,-1
2025-08-04,2025-08-04 11:04:00,1857.92,1857.92,1857.91,1857.91,-0.0,24.96,45937.67,-1
2025-08-04,2025-08-04 11:05:00,1857.91,1857.91,1857.89,1857.89,-0.0,24.96,45937.67,-1
2025-08-04,2025-08-04 11:06:00,1857.89,1857.89,1857.87,1857.87,-0.0,24.96,45937.67,-1
2025-08-04,2025-08-04 11:07:00,1857.87,1857.87,1857.85,1857.85,-0.0,24.96,45937.67,-1
2025-08-04,2025-08-04 11:08:00,1857.85,1857.85,1857.83,1857.83,-0.0,24.96,45937.67,-1
2025-08-04,2025-08-04 11:09:00,1857.83,1857.83,1857.81,1857.81,-0.0,24.96,45937.67,-1
2025-08-04,2025-08-04 11:10:00,1857.81,1857.81,1857.79,1857.79,-0.0,24.96,45937.67,-1
2025-08-04,2025-08-04 11:11:00,1857.79,1857.79,1857.78,1857.78,-0.0,24.96,45937.67,-1
2025-08-04,2025-08-04 11:12:00,1857.78,1857.78,1857.76,1857.76,-0.0,24.96,45937.67,-1
2025-08-04,2025-08-04 11:13:00,1857.76,1857.76,1857.74,1857.74,-0.0,24.96,45937.67,-1
2025-08-04,2025-08-04 11:14:00,1857.74,1857.74,1857.72,1857.72,-0.0,24.96,45937.67,-1
2025-08-04,2025-08-04 11:15:00,1857.72,1857.72,1857.7,1857.7,-0.0,24.96,45937.67,-1
2025-08-04,2025-08-04 11:16:00,1857.7,1857.7,1857.68,1857.68,-0.0,24.96,45937.67,-1
2025-08-04,2025-08-04 11:17:00,1857.68,1857.68,1857.66,1857.66,-0.0,24.96,45937.67,-1
2025-08-04,2025-08-04 11:18:00,1857.66,1857.66,1857.64,1857.64,-0.0,24.96,45937.67,-1
2025-08-04,2025-08-04 11:19:00,1857.64,1857.64,1857.62,1857.62,-0.0,24.96,45937.67,-1
2025-08-04,2025-08-04 11:20:00,1857.62,1857.62,1857.61,1857.61,-0.0,24.96,45937.67,-1
2025-08-04,2025-08-04 11:21:00,1857.61,1857.61,1857.59,1857.59,-0.0,24.96,45937.67,-1
2025-08-04,2025-08-04 11:22:00,1857.59,1857.59,1857.57,1857.57,-0.0,24.96,45937.67,-1
2025-08-04,2025-08-04 11:23:00,1857.57,1857.57,1857.55,1857.55,-0.0,24.96,45937.67,-1
2025-08-04,2025-08-04 11:24:00,1857.55,1857.55,1857.53,1857.53,-0.0,24.96,45937.67,-1
2025-08-04,2025-08-04 11:25:00,1857.53,1857.53,1857.51,1857.51,-0.0,24.96,45937.67,-1
2025-08-04,2025-08-04 11:26:00,1857.51,1857.51,1857.49,1857.49,-0.0,24.96,45937.67,-1
2025-08-04,2025-08-04 11:27:00,1857.49,1857.49,1857.47,1857.47,-0.0,24.96,45937.67,-1
2025-08-04,2025-08-04 11:28:00,1857.47,1857.47,1857.46,1857.46,-0.0,24.96,45937.67,-1
2025-08-04,2025-08-04 11:29:00,1857.46,1857.46,1857.44,1857.44,-0.0,24.96,45937.67,-1
2025-08-04,2025-08-04 11:30:00,1857.44,1857.44,1857.42,1857.42,-0.0,24.96,45937.67,-1
2025-08-04,2025-08-04 11:31:00,1857.42,1857.42,1857.4,1857.4,-0.0,24.96,45937.67,-1
2025-08-04,2025-08-04 11:32:00,1857.4,1857.4,1857.38,1857.38,-0.0,24.96,45937.67,-1
2025-08-04,2025-08-04 11:33:00,1857.38,1857.38,1857.36,1857.36,-0.0,24.96,45937.67,-1
2025-08-04,2025-08-04 11:34:00,1857.36,1857.36,1857.34,1857.34,-0.0,24.96,45937.67,-1
2025-08-04,2025-08-04 11:35:00,1857.34,1857.34,1857.33,1857.33,-0.0,24.96,45937.67,-1
2025-08-04,2025-08-04 11:36:00,1857.33,1857.33,1857.31,1857.31,-0.0,24.96,45937.67,-1
2025-08-04,2025-08-04 11:37:00,1857.31,1857.31,1857.29,1857.29,-0.0,24.96,45937.67,-1
2025-08-04,2025-08-04 11:38:00,1857.29,1857.29,1857.27,1857.27,-0.0,24.96,45937.67,-1
2025-08-04,2025-08-04 11:39:00,1857.27,1857.27,1857.25,1857.25,-0.0,24.96,45937.67,-1
2025-08-04,2025-08-04 11:40:00,1857.25,1857.25,1857.23,1857.23,-0.0,24.96,45937.67,-1
2025-08-04,2025-08-04 11:41:00,1857.23,1857.23,1857.21,1857.21,-0.0,24.96,45937.67,-1
2025-08-04,2025-08-04 11:42:00,1857.21,1857.21,1857.19,1857.19,-0.0,24.96,45937.67,-1
2025-08-04,2025-08-04 11:43:00,1857.19,1857.19,1857.17,1857.17,-0.0,24.96,45937.67,-1
2025-08-04,2025-08-04 11:44:00,1857.17,1857.17,1857.16,1857.16,-0.0,24.96,45937.67,-1
2025-08-04,2025-08-04 11:45:00,1857.16,1857.16,1857.14,1857.14,-0.0,24.96,45937.67,-1
2025-08-04,2025-08-04 11:46:00,1857.14,1857.14,1857.12,1857.12,-0.0,24.96,45937.67,-1
2025-08-04,2025-08-04 11:47:00,1857.12,1857.12,1857.1,1857.1,-0.0,24.96,45937.67,-1
2025-08-04,2025-08-04 11:48:00,1857.1,1857.1,1857.08,1857.08,-0.0,24.96,45937.67,-1
2025-08-04,2025-08-04 11:49:00,1857.08,1857.08,1857.06,1857.06,-0.0,24.96,45937.67,-1
2025-08-04,2025-08-04 11:50:00,1857.06,1857.06,1857.04,1857.04,-0.0,24.96,45937.67,-1
2025-08-04,2025-08-04 11:51:00,1857.04,1857.04,1857.03,1857.03,-0.0,24.96,45937.67,-1
2025-08-04,2025-08-04 11:52:00,1857.03,1857.03,1857.01,1857.01,-0.0,24.96,45937.67,-1
2025-08-04,2025-08-04 11:53:00,1857.01,1857.01,1856.99,1856.99,-0.0,24.96,45937.67,-1
2025-08-04,2025-08-04 11:54:00,1856.99,1856.99,1856.97,1856.97,-0.0,24.96,45937.67,-1
2025-08-04,2025-08-04 11:55:00,1856.97,1856.97,1856.95,1856.95,-0.0,24.96,45937.67,-1
2025-08-04,2025-08-04 11:56:00,1856.95,1856.95,1856.93,1856.93,-0.0,24.96,45937.67,-1
2025-08-04,2025-08-04 11:57:00,1856.93,1856.93,1856.91,1856.91,-0.0,24.96,45937.67,-1
2025-08-04,2025-08-04 11:58:00,1856.91,1856.91,1856.89,1856.89,-0.0,24.96,45937.67,-1
2025-08-04,2025-08-04 11:59:00,1856.89,1856.89,1856.88,1856.88,-0.0,24.96,45937.67,-1
2025-08-04,2025-08-04 12:00:00,1856.88,1856.88,1856.86,1856.86,-0.0,24.96,45937.67,-1
2025-08-04,2025-08-04 12:01:00,1856.86,1856.86,1856.84,1856.84,-0.0,24.96,45937.67,-1
2025-08-04,2025-08-04 12:02:00,1856.84,1856.84,1856.82,1856.82,-0.0,24.96,45937.67,-1
2025-08-04,2025-08-04 12:03:00,1856.82,1856.82,1856.8,1856.8,-0.0,24.96,45937.67,-1
2025-08-04,2025-08-04 12:04:00,1856.8,1856.8,1856.78,1856.78,-0.0,24.96,45937.67,-1
2025-08-04,2025-08-04 12:05:00,1856.78,1856.78,1856.76,1856.76,-0.0,24.96,45937.67,-1
2025-08-04,2025-08-04 12:06:00,1856.76,1856.76,1856.74,1856.74,-0.0,24.96,45937.67,-1
2025-08-04,2025-08-04 12:07:00,1856.74,1856.74,1856.72,1856.72,-0.0,24.96,45937.67,-1
2025-08-04,2025-08-04 12:08:00,1856.72,1856.72,1856.71,1856.71,-0.0,24.96,45937.67,-1
2025-08-04,2025-08-04 12:09:00,1856.71,1856.71,1856.69,1856.69,-0.0,24.96,45937.67,-1
2025-08-04,2025-08-04 12:10:00,1856.69,1856.69,1856.67,1856.67,-0.0,24.96,45937.67,-1
2025-08-04,2025-08-04 12:11:00,1856.67,1856.67,1856.65,1856.65,-0.0,24.96,45937.67,-1
2025-08-04,2025-08-04 12:12:00,1856.65,1856.65,1856.63,1856.63,-0.0,24.96,45937.67,-1
2025-08-04,2025-08-04 12:13:00,1856.63,1856.63,1856.61,1856.61,-0.0,24.96,45937.67,-1
2025-08-04,2025-08-04 12:14:00,1856.61,1856.61,1856.59,1856.59,-0.0,24.96,45937.67,-1
2025-08-04,2025-08-04 12:15:00,1856.59,1856.59,1856.58,1856.58,-0.0,24.96,45937.67,-1
2025-08-04,2025-08-04 12:16:00,1856.58,1856.58,1856.56,1856.56,-0.0,24.96,45937.67,-1
2025-08-04,2025-08-04 12:17:00,1856.56,1856.56,1856.54,1856.54,-0.0,24.96,45937.67,-1
2025-08-04,2025-08-04 12:18:00,1856.54,1856.54,1856.52,1856.52,-0.0,24.96,45937.67,-1
2025-08-04,2025-08-04 12:19:00,1856.52,1856.52,1856.5,1856.5,-0.0,24.96,45937.67,-1
2025-08-04,2025-08-04 12:20:00,1856.5,1856.5,1856.48,1856.48,-0.0,24.96,45937.67,-1
2025-08-04,2025-08-04 12:21:00,1856.48,1856.48,1856.46,1856.46,-0.0,24.96,45937.67,-1
2025-08-04,2025-08-04 12:22:00,1856.46,1856.46,1856.44,1856.44,-0.0,24.96,45937.67,-1
2025-08-04,2025-08-04 12:23:00,1856.44,1856.44,1856.42,1856.42,-0.0,24.96,45937.67,-1
2025-08-04,2025-08-04 12:24:00,1856.42,1856.42,1856.41,1856.41,-0.0,24.96,45937.67,-1
2025-08-04,2025-08-04 12:25:00,1856.41,1856.41,1856.39,1856.39,-0.0,24.96,45937.67,-1
2025-08-04,2025-08-04 12:26:00,1856.39,1856.39,1856.37,1856.37,-0.0,24.96,45937.67,-1
2025-08-04,2025-08-04 12:27:00,1856.37,1856.37,1856.35,1856.35,-0.0,24.96,45937.67,-1
2025-08-04,2025-08-04 12:28:00,1856.35,1856.35,1856.33,1856.33,-0.0,24.96,45937.67,-1
2025-08-04,2025-08-04 12:29:00,1856.33,1856.33,1856.31,1856.31,-0.0,24.96,45937.67,-1
2025-08-04,2025-08-04 12:30:00,1856.31,1856.31,1856.29,1856.29,-0.0,24.96,45937.67,-1
2025-08-04,2025-08-04 12:31:00,1856.29,1856.29,1856.28,1856.28,-0.0,24.96,45937.67,-1
2025-08-04,2025-08-04 12:32:00,1856.28,1856.28,1856.26,1856.26,-0.0,24.96,45937.67,-1
2025-08-04,2025-08-04 12:33:00,1856.26,1856.26,1856.24,1856.24,-0.0,24.96,45937.67,-1
2025-08-04,2025-08-04 12:34:00,1856.24,1856.24,1856.22,1856.22,-0.0,24.96,45937.67,-1
2025-08-04,2025-08-04 12:35:00,1856.22,1856.22,1856.2,1856.2,-0.0,24.96,45937.67,-1
2025-08-04,2025-08-04 12:36:00,1856.2,1856.2,1856.18,1856.18,-0.0,24.96,45937.67,-1
2025-08-04,2025-08-04 12:37:00,1856.18,1856.18,1856.16,1856.16,-0.0,24.96,45937.67,-1
2025-08-04,2025-08-04 12:38:00,1856.16,1856.16,1856.14,1856.14,-0.0,24.96,45937.67,-1
2025-08-04,2025-08-04 12:39:00,1856.14,1856.14,1856.12,1856.12,-0.0,24.96,45937.67,-1
2025-08-04,2025-08-04 12:40:00,1856.12,1856.12,1856.11,1856.11,-0.0,24.96,45937.67,-1
2025-08-04,2025-08-04 12:41:00,1856.11,1856.11,1856.09,1856.09,-0.0,24.96,45937.67,-1
2025-08-04,2025-08-04 12:42:00,1856.09,1856.09,1856.07,1856.07,-0.0,24.96,45937.67,-1
2025-08-04,2025-08-04 12:43:00,1856.07,1856.07,1856.05,1856.05,-0.0,24.96,45937.67,-1
2025-08-04,2025-08-04 12:44:00,1856.05,1856.05,1856.03,1856.03,-0.0,24.96,45937.67,-1
2025-08-04,2025-08-04 12:45:00,1856.03,1856.03,1856.01,1856.01,-0.0,24.96,45937.67,-1
2025-08-04,2025-08-04 12:46:00,1856.01,1856.01,1855.99,1855.99,-0.0,24.96,45937.67,-1
2025-08-04,2025-08-04 12:47:00,1855.99,1855.99,1855.97,1855.97,-0.0,24.96,45937.67,-1
2025-08-04,2025-08-04 12:48:00,1855.97,1855.97,1855.96,1855.96,-0.0,24.96,45937.67,-1
2025-08-04,2025-08-04 12:49:00,1855.96,1855.96,1855.94,1855.94,-0.0,24.96,45937.67,-1
2025-08-04,2025-08-04 12:50:00,1855.94,1855.94,1855.92,1855.92,-0.0,24.96,45937.67,-1
2025-08-04,2025-08-04 12:51:00,1855.92,1855.92,1855.9,1855.9,-0.0,24.96,45937.67,-1
2025-08-04,2025-08-04 12:52:00,1855.9,1855.9,1855.88,1855.88,-0.0,24.96,45937.67,-1
2025-08-04,2025-08-04 12:53:00,1855.88,1855.88,1855.86,1855.86,-0.0,24.96,45937.67,-1
2025-08-04,2025-08-04 12:54:00,1855.86,1855.86,1855.84,1855.84,-0.0,24.96,45937.67,-1
2025-08-04,2025-08-04 12:55:00,1855.84,1855.84,1855.83,1855.83,-0.0,24.96,45937.67,-1
2025-08-04,2025-08-04 12:56:00,1855.83,1855.83,1855.81,1855.81,-0.0,24.96,45937.67,-1
2025-08-04,2025-08-04 12:57:00,1855.81,1855.81,1855.79,1855.79,-0.0,24.96,45937.67,-1
2025-08-04,2025-08-04 12:58:00,1855.79,1855.79,1855.77,1855.77,-0.0,24.96,45937.67,-1
2025-08-04,2025-08-04 12:59:00,1855.77,1855.77,1855.75,1855.75,-0.0,24.96,45937.67,-1
2025-08-04,2025-08-04 13:00:00,1855.75,1895.0,1804.0,1855.73,-0.0,24.96,45937.67,-1
2025-08-04,2025-08-04 13:01:00,1855.73,1855.73,1855.71,1855.71,-0.0,24.96,45937.67,-1
2025-08-04,2025-08-04 13:02:00,1855.71,1855.71,1855.69,1855.69,-0.0,24.96,45937.67,-1
2025-08-04,2025-08-04 13:03:00,1855.69,1855.69,1855.67,1855.67,-0.0,24.96,45937.67,-1
2025-08-04,2025-08-04 13:04:00,1855.67,1855.67,1855.66,1855.66,-0.0,24.96,45937.67,-1
2025-08-04,2025-08-04 13:05:00,1855.66,1855.66,1855.64,1855.64,-0.0,24.96,45937.67,-1
2025-08-04,2025-08-04 13:06:00,1855.64,1855.64,1855.62,1855.62,-0.0,24.96,45937.67,-1
2025-08-04,2025-08-04 13:07:00,1855.62,1855.62,1855.6,1855.6,-0.0,24.96,45937.67,-1
2025-08-04,2025-08-04 13:08:00,1855.6,1855.6,1855.58,1855.58,-0.0,24.96,45937.67,-1
2025-08-04,2025-08-04 13:09:00,1855.58,1855.58,1855.56,1855.56,-0.0,24.96,45937.67,-1
2025-08-04,2025-08-04 13:10:00,1855.56,1855.56,1855.54,1855.54,-0.0,24.96,45937.67,-1
2025-08-04,2025-08-04 13:11:00,1855.54,1855.54,1855.53,1855.53,-0.0,24.96,45937.67,-1
2025-08-04,2025-08-04 13:12:00,1855.53,1855.53,1855.51,1855.51,-0.0,24.96,45937.67,-1
2025-08-04,2025-08-04 13:13:00,1855.51,1855.51,1855.49,1855.49,-0.0,24.96,45937.67,-1
2025-08-04,2025-08-04 13:14:00,1855.49,1855.49,1855.47,1855.47,-0.0,24.96,45937.67,-1
2025-08-04,2025-08-04 13:15:00,1855.47,1855.47,1855.45,1855.45,-0.0,24.96,45937.67,-1
2025-08-04,2025-08-04 13:16:00,1855.45,1855.45,1855.43,1855.43,-0.0,24.96,45937.67,-1
2025-08-04,2025-08-04 13:17:00,1855.43,1855.43,1855.41,1855.41,-0.0,24.96,45937.67,-1
2025-08-04,2025-08-04 13:18:00,1855.41,1855.41,1855.39,1855.39,-0.0,24.96,45937.67,-1
2025-08-04,2025-08-04 13:19:00,1855.39,1855.39,1855.38,1855.38,-0.0,24.96,45937.67,-1
2025-08-04,2025-08-04 13:20:00,1855.38,1855.38,1855.36,1855.36,-0.0,24.96,45937.67,-1
2025-08-04,2025-08-04 13:21:00,1855.36,1855.36,1855.34,1855.34,-0.0,24.96,45937.67,-1
2025-08-04,2025-08-04 13:22:00,1855.34,1855.34,1855.32,1855.32,-0.0,24.96,45937.67,-1
2025-08-04,2025-08-04 13:23:00,1855.32,1855.32,1855.3,1855.3,-0.0,24.96,45937.67,-1
2025-08-04,2025-08-04 13:24:00,1855.3,1855.3,1855.28,1855.28,-0.0,24.96,45937.67,-1
2025-08-04,2025-08-04 13:25:00,1855.28,1855.28,1855.26,1855.26,-0.0,24.96,45937.67,-1
2025-08-04,2025-08-04 13:26:00,1855.26,1855.26,1855.24,1855.24,-0.0,24.96,45937.67,-1
2025-08-04,2025-08-04 13:27:00,1855.24,1855.24,1855.22,1855.22,-0.0,24.96,45937.67,-1
2025-08-04,2025-08-04 13:28:00,1855.22,1855.22,1855.21,1855.21,-0.0,24.96,45937.67,-1
2025-08-04,2025-08-04 13:29:00,1855.21,1855.21,1855.19,1855.19,-0.0,24.96,45937.67,-1
2025-08-04,2025-08-04 13:30:00,1855.19,1855.19,1855.17,1855.17,-0.0,24.96,45937.67,-1
2025-08-04,2025-08-04 13:31:00,1855.17,1855.17,1855.15,1855.15,-0.0,24.96,45937.67,-1
2025-08-04,2025-08-04 13:32:00,1855.15,1855.15,1855.13,1855.13,-0.0,24.96,45937.67,-1
2025-08-04,2025-08-04 13:33:00,1855.13,1855.13,1855.11,1855.11,-0.0,24.96,45937.67,-1
2025-08-04,2025-08-04 13:34:00,1855.11,1855.11,1855.09,1855.09,-0.0,24.96,45937.67,-1
2025-08-04,2025-08-04 13:35:00,1855.09,1855.09,1855.08,1855.08,-0.0,24.96,45937.67,-1
2025-08-04,2025-08-04 13:36:00,1855.08,1855.08,1855.06,1855.06,-0.0,24.96,45937.67,-1
2025-08-04,2025-08-04 13:37:00,1855.06,1855.06,1855.04,1855.04,-0.0,24.96,45937.67,-1
2025-08-04,2025-08-04 13:38:00,1855.04,1855.04,1855.02,1855.02,-0.0,24.96,45937.67,-1
2025-08-04,2025-08-04 13:39:00,1855.02,1855.02,1855.0,1855.0,-0.0,24.96,45937.67,-1
2025-08-04,2025-08-04 13:40:00,1855.0,1855.0,1854.98,1854.98,-0.0,24.96,45937.67,-1
2025-08-04,2025-08-04 13:41:00,1854.98,1854.98,1854.96,1854.96,-0.0,24.96,45937.67,-1
2025-08-04,2025-08-04 13:42:00,1854.96,1854.96,1854.94,1854.94,-0.0,24.96,45937.67,-1
2025-08-04,2025-08-04 13:43:00,1854.94,1854.94,1854.92,1854.92,-0.0,24.96,45937.67,-1
2025-08-04,2025-08-04 13:44:00,1854.92,1854.92,1854.91,1854.91,-0.0,24.96,45937.67,-1
2025-08-04,2025-08-04 13:45:00,1854.91,1854.91,1854.89,1854.89,-0.0,24.96,45937.67,-1
2025-08-04,2025-08-04 13:46:00,1854.89,1854.89,1854.87,1854.87,-0.0,24.96,45937.67,-1
2025-08-04,2025-08-04 13:47:00,1854.87,1854.87,1854.85,1854.85,-0.0,24.96,45937.67,-1
2025-08-04,2025-08-04 13:48:00,1854.85,1854.85,1854.83,1854.83,-0.0,24.96,45937.67,-1
2025-08-04,2025-08-04 13:49:00,1854.83,1854.83,1854.81,1854.81,-0.0,24.96,45937.67,-1
2025-08-04,2025-08-04 13:50:00,1854.81,1854.81,1854.79,1854.79,-0.0,24.96,45937.67,-1
2025-08-04,2025-08-04 13:51:00,1854.79,1854.79,1854.78,1854.78,-0.0,24.96,45937.67,-1
2025-08-04,2025-08-04 13:52:00,1854.78,1854.78,1854.76,1854.76,-0.0,24.96,45937.67,-1
2025-08-04,2025-08-04 13:53:00,1854.76,1854.76,1854.74,1854.74,-0.0,24.96,45937.67,-1
2025-08-04,2025-08-04 13:54:00,1854.74,1854.74,1854.72,1854.72,-0.0,24.96,45937.67,-1
2025-08-04,2025-08-04 13:55:00,1854.72,1854.72,1854.7,1854.7,-0.0,24.96,45937.67,-1
2025-08-04,2025-08-04 13:56:00,1854.7,1854.7,1854.68,1854.68,-0.0,24.96,45937.67,-1
2025-08-04,2025-08-04 13:57:00,1854.68,1854.68,1854.66,1854.66,-0.0,24.96,45937.67,-1
2025-08-04,2025-08-04 13:58:00,1854.66,1854.66,1854.64,1854.64,-0.0,24.96,45937.67,-1
2025-08-04,2025-08-04 13:59:00,1854.64,1854.64,1854.62,1854.62,-0.0,24.96,45937.67,-1
2025-08-04,2025-08-04 14:00:00,1854.62,1854.62,1854.61,1854.61,-0.0,24.96,45937.67,-1
2025-08-04,2025-08-04 14:01:00,1854.61,1854.61,1854.59,1854.59,-0.0,24.96,45937.67,-1
2025-08-04,2025-08-04 14:02:00,1854.59,1854.59,1854.57,1854.57,-0.0,24.96,45937.67,-1
2025-08-04,2025-08-04 14:03:00,1854.57,1854.57,1854.55,1854.55,-0.0,24.96,45937.67,-1
2025-08-04,2025-08-04 14:04:00,1854.55,1854.55,1854.53,1854.53,-0.0,24.96,45937.67,-1
2025-08-04,2025-08-04 14:05:00,1854.53,1854.53,1854.51,1854.51,-0.0,24.96,45937.67,-1
2025-08-04,2025-08-04 14:06:00,1854.51,1854.51,1854.49,1854.49,-0.0,24.96,45937.67,-1
2025-08-04,2025-08-04 14:07:00,1854.49,1854.49,1854.47,1854.47,-0.0,24.96,45937.67,-1
2025-08-04,2025-08-04 14:08:00,1854.47,1854.47,1854.46,1854.46,-0.0,24.96,45937.67,-1
2025-08-04,2025-08-04 14:09:00,1854.46,1854.46,1854.44,1854.44,-0.0,24.96,45937.67,-1
2025-08-04,2025-08-04 14:10:00,1854.44,1854.44,1854.42,1854.42,-0.0,24.96,45937.67,-1
2025-08-04,2025-08-04 14:11:00,1854.42,1854.42,1854.4,1854.4,-0.0,24.96,45937.67,-1
2025-08-04,2025-08-04 14:12:00,1854.4,1854.4,1854.38,1854.38,-0.0,24.96,45937.67,-1
2025-08-04,2025-08-04 14:13:00,1854.38,1854.38,1854.36,1854.36,-0.0,24.96,45937.67,-1
2025-08-04,2025-08-04 14:14:00,1854.36,1854.36,1854.34,1854.34,-0.0,24.96,45937.67,-1
2025-08-04,2025-08-04 14:15:00,1854.34,1854.34,1854.33,1854.33,-0.0,24.96,45937.67,-1
2025-08-04,2025-08-04 14:16:00,1854.33,1854.33,1854.31,1854.31,-0.0,24.96,45937.67,-1
2025-08-04,2025-08-04 14:17:00,1854.31,1854.31,1854.29,1854.29,-0.0,24.96,45937.67,-1
2025-08-04,2025-08-04 14:18:00,1854.29,1854.29,1854.27,1854.27,-0.0,24.96,45937.67,-1
2025-08-04,2025-08-04 14:19:00,1854.27,1854.27,1854.25,1854.25,-0.0,24.96,45937.67,-1
2025-08-04,2025-08-04 14:20:00,1854.25,1854.25,1854.23,1854.23,-0.0,24.96,45937.67,-1
2025-08-04,2025-08-04 14:21:00,1854.23,1854.23,1854.21,1854.21,-0.0,24.96,45937.67,-1
2025-08-04,2025-08-04 14:22:00,1854.21,1854.21,1854.19,1854.19,-0.0,24.96,45937.67,-1
2025-08-04,2025-08-04 14:23:00,1854.19,1854.19,1854.17,1854.17,-0.0,24.96,45937.67,-1
2025-08-04,2025-08-04 14:24:00,1854.17,1854.17,1854.16,1854.16,-0.0,24.96,45937.67,-1
2025-08-04,2025-08-04 14:25:00,1854.16,1854.16,1854.14,1854.14,-0.0,24.96,45937.67,-1
2025-08-04,2025-08-04 14:26:00,1854.14,1854.14,1854.12,1854.12,-0.0,24.96,45937.67,-1
2025-08-04,2025-08-04 14:27:00,1854.12,1854.12,1854.1,1854.1,-0.0,24.96,45937.67,-1
2025-08-04,2025-08-04 14:28:00,1854.1,1854.1,1854.08,1854.08,-0.0,24.96,45937.67,-1
2025-08-04,2025-08-04 14:29:00,1854.08,1854.08,1854.06,1854.06,-0.0,24.96,45937.67,-1
2025-08-04,2025-08-04 14:30:00,1854.06,1854.06,1854.04,1854.04,-0.0,24.96,45937.67,-1
2025-08-04,2025-08-04 14:31:00,1854.04,1854.04,1854.03,1854.03,-0.0,24.96,45937.67,-1
2025-08-04,2025-08-04 14:32:00,1854.03,1854.03,1854.01,1854.01,-0.0,24.96,45937.67,-1
2025-08-04,2025-08-04 14:33:00,1854.01,1854.01,1853.99,1853.99,-0.0,24.96,45937.67,-1
2025-08-04,2025-08-04 14:34:00,1853.99,1853.99,1853.97,1853.97,-0.0,24.96,45937.67,-1
2025-08-04,2025-08-04 14:35:00,1853.97,1853.97,1853.95,1853.95,-0.0,24.96,45937.67,-1
2025-08-04,2025-08-04 14:36:00,1853.95,1853.95,1853.93,1853.93,-0.0,24.96,45937.67,-1
2025-08-04,2025-08-04 14:37:00,1853.93,1853.93,1853.91,1853.91,-0.0,24.96,45937.67,-1
2025-08-04,2025-08-04 14:38:00,1853.91,1853.91,1853.89,1853.89,-0.0,24.96,45937.67,-1
2025-08-04,2025-08-04 14:39:00,1853.89,1853.89,1853.88,1853.88,-0.0,24.96,45937.67,-1
2025-08-04,2025-08-04 14:40:00,1853.88,1853.88,1853.86,1853.86,-0.0,24.96,45937.67,-1
2025-08-04,2025-08-04 14:41:00,1853.86,1853.86,1853.84,1853.84,-0.0,24.96,45937.67,-1
2025-08-04,2025-08-04 14:42:00,1853.84,1853.84,1853.82,1853.82,-0.0,24.96,45937.67,-1
2025-08-04,2025-08-04 14:43:00,1853.82,1853.82,1853.8,1853.8,-0.0,24.96,45937.67,-1
2025-08-04,2025-08-04 14:44:00,1853.8,1853.8,1853.78,1853.78,-0.0,24.96,45937.67,-1
2025-08-04,2025-08-04 14:45:00,1853.78,1853.78,1853.76,1853.76,-0.0,24.96,45937.67,-1
2025-08-04,2025-08-04 14:46:00,1853.76,1853.76,1853.74,1853.74,-0.0,24.96,45937.67,-1
2025-08-04,2025-08-04 14:47:00,1853.74,1853.74,1853.72,1853.72,-0.0,24.96,45937.67,-1
2025-08-04,2025-08-04 14:48:00,1853.72,1853.72,1853.71,1853.71,-0.0,24.96,45937.67,-1
2025-08-04,2025-08-04 14:49:00,1853.71,1853.71,1853.69,1853.69,-0.0,24.96,45937.67,-1
2025-08-04,2025-08-04 14:50:00,1853.69,1853.69,1853.67,1853.67,-0.0,24.96,45937.67,-1
2025-08-04,2025-08-04 14:51:00,1853.67,1853.67,1853.65,1853.65,-0.0,24.96,45937.67,-1
2025-08-04,2025-08-04 14:52:00,1853.65,1853.65,1853.63,1853.63,-0.0,24.96,45937.67,-1
2025-08-04,2025-08-04 14:53:00,1853.63,1853.63,1853.61,1853.61,-0.0,24.96,45937.67,-1
2025-08-04,2025-08-04 14:54:00,1853.61,1853.61,1853.59,1853.59,-0.0,24.96,45937.67,-1
2025-08-04,2025-08-04 14:55:00,1853.59,1853.59,1853.58,1853.58,-0.0,24.96,45937.67,-1
2025-08-04,2025-08-04 14:56:00,1853.58,1853.58,1853.56,1853.56,-0.0,24.96,45937.67,-1
2025-08-04,2025-08-04 14:57:00,1853.56,1853.56,1853.54,1853.54,-0.0,24.96,45937.67,-1
2025-08-04,2025-08-04 14:58:00,1853.54,1853.54,1853.52,1853.52,-0.0,24.96,45937.67,-1
2025-08-04,2025-08-04 14:59:00,1853.52,1853.52,1853.5,1853.5,-0.0,24.96,45937.67,-1
2025-08-04,2025-08-04 15:00:00,1853.5,1895.0,1804.0,1853.5,0.0,24.96,45937.67,0
2025-08-05,2025-08-05 11:00:00,1819.5,1840.65,1814.88,1819.52,0.0,31.27,57995.44,1
2025-08-05,2025-08-05 11:01:00,1819.52,1819.54,1819.52,1819.54,0.0,31.27,57995.44,1
2025-08-05,2025-08-05 11:02:00,1819.54,1819.56,1819.54,1819.56,0.0,31.27,57995.44,1
2025-08-05,2025-08-05 11:03:00,1819.56,1819.58,1819.56,1819.58,0.0,31.27,57995.44,1
2025-08-05,2025-08-05 11:04:00,1819.58,1819.6,1819.58,1819.6,0.0,31.27,57995.44,1
2025-08-05,2025-08-05 11:05:00,1819.6,1819.62,1819.6,1819.62,0.0,31.27,57995.44,1
2025-08-05,2025-08-05 11:06:00,1819.62,1819.64,1819.62,1819.64,0.0,31.27,57995.44,1
2025-08-05,2025-08-05 11:07:00,1819.64,1819.66,1819.64,1819.66,0.0,31.27,57995.44,1
2025-08-05,2025-08-05 11:08:00,1819.66,1819.69,1819.66,1819.69,0.0,31.27,57995.44,1
2025-08-05,2025-08-05 11:09:00,1819.69,1819.71,1819.69,1819.71,0.0,31.27,57995.44,1
2025-08-05,2025-08-05 11:10:00,1819.71,1819.73,1819.71,1819.73,0.0,31.27,57995.44,1
2025-08-05,2025-08-05 11:11:00,1819.73,1819.75,1819.73,1819.75,0.0,31.27,57995.44,1
2025-08-05,2025-08-05 11:12:00,1819.75,1819.77,1819.75,1819.77,0.0,31.27,57995.44,1
2025-08-05,2025-08-05 11:13:00,1819.77,1819.79,1819.77,1819.79,0.0,31.27,57995.44,1
2025-08-05,2025-08-05 11:14:00,1819.79,1819.81,1819.79,1819.81,0.0,31.27,57995.44,1
2025-08-05,2025-08-05 11:15:00,1819.81,1819.83,1819.81,1819.83,0.0,31.27,57995.44,1
2025-08-05,2025-08-05 11:16:00,1819.83,1819.85,1819.83,1819.85,0.0,31.27,57995.44,1
2025-08-05,2025-08-05 11:17:00,1819.85,1819.87,1819.85,1819.87,0.0,31.27,57995.44,1
2025-08-05,2025-08-05 11:18:00,1819.87,1819.89,1819.87,1819.89,0.0,31.27,57995.44,1
2025-08-05,2025-08-05 11:19:00,1819.89,1819.91,1819.89,1819.91,0.0,31.27,57995.44,1
2025-08-05,2025-08-05 11:20:00,1819.91,1819.93,1819.91,1819.93,0.0,31.27,57995.44,1
2025-08-05,2025-08-05 11:21:00,1819.93,1819.95,1819.93,1819.95,0.0,31.27,57995.44,1
2025-08-05,2025-08-05 11:22:00,1819.95,1819.97,1819.95,1819.97,0.0,31.27,57995.44,1
2025-08-05,2025-08-05 11:23:00,1819.97,1819.99,1819.97,1819.99,0.0,31.27,57995.44,1
2025-08-05,2025-08-05 11:24:00,1819.99,1820.01,1819.99,1820.01,0.0,31.27,57995.44,1
2025-08-05,2025-08-05 11:25:00,1820.01,1820.04,1820.01,1820.04,0.0,31.27,57995.44,1
2025-08-05,2025-08-05 11:26:00,1820.04,1820.06,1820.04,1820.06,0.0,31.27,57995.44,1
2025-08-05,2025-08-05 11:27:00,1820.06,1820.08,1820.06,1820.08,0.0,31.27,57995.44,1
2025-08-05,2025-08-05 11:28:00,1820.08,1820.1,1820.08,1820.1,0.0,31.27,57995.44,1
2025-08-05,2025-08-05 11:29:00,1820.1,1820.12,1820.1,1820.12,0.0,31.27,57995.44,1
2025-08-05,2025-08-05 11:30:00,1820.12,1820.14,1820.12,1820.14,0.0,31.27,57995.44,1
2025-08-05,2025-08-05 11:31:00,1820.14,1820.16,1820.14,1820.16,0.0,31.27,57995.44,1
2025-08-05,2025-08-05 11:32:00,1820.16,1820.18,1820.16,1820.18,0.0,31.27,57995.44,1
2025-08-05,2025-08-05 11:33:00,1820.18,1820.2,1820.18,1820.2,0.0,31.27,57995.44,1
2025-08-05,2025-08-05 11:34:00,1820.2,1820.22,1820.2,1820.22,0.0,31.27,57995.44,1
2025-08-05,2025-08-05 11:35:00,1820.22,1820.24,1820.22,1820.24,0.0,31.27,57995.44,1
2025-08-05,2025-08-05 11:36:00,1820.24,1820.26,1820.24,1820.26,0.0,31.27,57995.44,1
2025-08-05,2025-08-05 11:37:00,1820.26,1820.28,1820.26,1820.28,0.0,31.27,57995.44,1
2025-08-05,2025-08-05 11:38:00,1820.28,1820.3,1820.28,1820.3,0.0,31.27,57995.44,1
2025-08-05,2025-08-05 11:39:00,1820.3,1820.32,1820.3,1820.32,0.0,31.27,57995.44,1
2025-08-05,2025-08-05 11:40:00,1820.32,1820.34,1820.32,1820.34,0.0,31.27,57995.44,1
2025-08-05,2025-08-05 11:41:00,1820.34,1820.36,1820.34,1820.36,0.0,31.27,57995.44,1
2025-08-05,2025-08-05 11:42:00,1820.36,1820.39,1820.36,1820.39,0.0,31.27,57995.44,1
2025-08-05,2025-08-05 11:43:00,1820.39,1820.41,1820.39,1820.41,0.0,31.27,57995.44,1
2025-08-05,2025-08-05 11:44:00,1820.41,1820.43,1820.41,1820.43,0.0,31.27,57995.44,1
2025-08-05,2025-08-05 11:45:00,1820.43,1820.45,1820.43,1820.45,0.0,31.27,57995.44,1
2025-08-05,2025-08-05 11:46:00,1820.45,1820.47,1820.45,1820.47,0.0,31.27,57995.44,1
2025-08-05,2025-08-05 11:47:00,1820.47,1820.49,1820.47,1820.49,0.0,31.27,57995.44,1
2025-08-05,2025-08-05 11:48:00,1820.49,1820.51,1820.49,1820.51,0.0,31.27,57995.44,1
2025-08-05,2025-08-05 11:49:00,1820.51,1820.53,1820.51,1820.53,0.0,31.27,57995.44,1
2025-08-05,2025-08-05 11:50:00,1820.53,1820.55,1820.53,1820.55,0.0,31.27,57995.44,1
2025-08-05,2025-08-05 11:51:00,1820.55,1820.57,1820.55,1820.57,0.0,31.27,57995.44,1
2025-08-05,2025-08-05 11:52:00,1820.57,1820.59,1820.57,1820.59,0.0,31.27,57995.44,1
2025-08-05,2025-08-05 11:53:00,1820.59,1820.61,1820.59,1820.61,0.0,31.27,57995.44,1
2025-08-05,2025-08-05 11:54:00,1820.61,1820.63,1820.61,1820.63,0.0,31.27,57995.44,1
2025-08-05,2025-08-05 11:55:00,1820.63,1820.65,1820.63,1820.65,0.0,31.27,57995.44,1
2025-08-05,2025-08-05 11:56:00,1820.65,1820.67,1820.65,1820.67,0.0,31.27,57995.44,1
2025-08-05,2025-08-05 11:57:00,1820.67,1820.69,1820.67,1820.69,0.0,31.27,57995.44,1
2025-08-05,2025-08-05 11:58:00,1820.69,1820.71,1820.69,1820.71,0.0,31.27,57995.44,1
2025-08-05,2025-08-05 11:59:00,1820.71,1820.74,1820.71,1820.74,0.0,31.27,57995.44,1
2025-08-05,2025-08-05 12:00:00,1820.74,1820.76,1820.74,1820.76,0.0,31.27,57995.44,1
2025-08-05,2025-08-05 12:01:00,1820.76,1820.78,1820.76,1820.78,0.0,31.27,57995.44,1
2025-08-05,2025-08-05 12:02:00,1820.78,1820.8,1820.78,1820.8,0.0,31.27,57995.44,1
2025-08-05,2025-08-05 12:03:00,1820.8,1820.82,1820.8,1820.82,0.0,31.27,57995.44,1
2025-08-05,2025-08-05 12:04:00,1820.82,1820.84,1820.82,1820.84,0.0,31.27,57995.44,1
2025-08-05,2025-08-05 12:05:00,1820.84,1820.86,1820.84,1820.86,0.0,31.27,57995.44,1
2025-08-05,2025-08-05 12:06:00,1820.86,1820.88,1820.86,1820.88,0.0,31.27,57995.44,1
2025-08-05,2025-08-05 12:07:00,1820.88,1820.9,1820.88,1820.9,0.0,31.27,57995.44,1
2025-08-05,2025-08-05 12:08:00,1820.9,1820.92,1820.9,1820.92,0.0,31.27,57995.44,1
2025-08-05,2025-08-05 12:09:00,1820.92,1820.94,1820.92,1820.94,0.0,31.27,57995.44,1
2025-08-05,2025-08-05 12:10:00,1820.94,1820.96,1820.94,1820.96,0.0,31.27,57995.44,1
2025-08-05,2025-08-05 12:11:00,1820.96,1820.98,1820.96,1820.98,0.0,31.27,57995.44,1
2025-08-05,2025-08-05 12:12:00,1820.98,1821.0,1820.98,1821.0,0.0,31.27,57995.44,1
2025-08-05,2025-08-05 12:13:00,1821.0,1821.02,1821.0,1821.02,0.0,31.27,57995.44,1
2025-08-05,2025-08-05 12:14:00,1821.02,1821.04,1821.02,1821.04,0.0,31.27,57995.44,1
2025-08-05,2025-08-05 12:15:00,1821.04,1821.06,1821.04,1821.06,0.0,31.27,57995.44,1
2025-08-05,2025-08-05 12:16:00,1821.06,1821.08,1821.06,1821.08,0.0,31.27,57995.44,1
2025-08-05,2025-08-05 12:17:00,1821.08,1821.11,1821.08,1821.11,0.0,31.27,57995.44,1
2025-08-05,2025-08-05 12:18:00,1821.11,1821.13,1821.11,1821.13,0.0,31.27,57995.44,1
2025-08-05,2025-08-05 12:19:00,1821.13,1821.15,1821.13,1821.15,0.0,31.27,57995.44,1
2025-08-05,2025-08-05 12:20:00,1821.15,1821.17,1821.15,1821.17,0.0,31.27,57995.44,1
2025-08-05,2025-08-05 12:21:00,1821.17,1821.19,1821.17,1821.19,0.0,31.27,57995.44,1
2025-08-05,2025-08-05 12:22:00,1821.19,1821.21,1821.19,1821.21,0.0,31.27,57995.44,1
2025-08-05,2025-08-05 12:23:00,1821.21,1821.23,1821.21,1821.23,0.0,31.27,57995.44,1
2025-08-05,2025-08-05 12:24:00,1821.23,1821.25,1821.23,1821.25,0.0,31.27,57995.44,1
2025-08-05,2025-08-05 12:25:00,1821.25,1821.27,1821.25,1821.27,0.0,31.27,57995.44,1
2025-08-05,2025-08-05 12:26:00,1821.27,1821.29,1821.27,1821.29,0.0,31.27,57995.44,1
2025-08-05,2025-08-05 12:27:00,1821.29,1821.31,1821.29,1821.31,0.0,31.27,57995.44,1
2025-08-05,2025-08-05 12:28:00,1821.31,1821.33,1821.31,1821.33,0.0,31.27,57995.44,1
2025-08-05,2025-08-05 12:29:00,1821.33,1821.35,1821.33,1821.35,0.0,31.27,57995.44,1
2025-08-05,2025-08-05 12:30:00,1821.35,1821.37,1821.35,1821.37,0.0,31.27,57995.44,1
2025-08-05,2025-08-05 12:31:00,1821.37,1821.39,1821.37,1821.39,0.0,31.27,57995.44,1
2025-08-05,2025-08-05 12:32:00,1821.39,1821.41,1821.39,1821.41,0.0,31.27,57995.44,1
2025-08-05,2025-08-05 12:33:00,1821.41,1821.43,1821.41,1821.43,0.0,31.27,57995.44,1
2025-08-05,2025-08-05 12:34:00,1821.43,1821.46,1821.43,1821.46,0.0,31.27,57995.44,1
2025-08-05,2025-08-05 12:35:00,1821.46,1821.48,1821.46,1821.48,0.0,31.27,57995.44,1
2025-08-05,2025-08-05 12:36:00,1821.48,1821.5,1821.48,1821.5,0.0,31.27,57995.44,1
2025-08-05,2025-08-05 12:37:00,1821.5,1821.52,1821.5,1821.52,0.0,31.27,57995.44,1
2025-08-05,2025-08-05 12:38:00,1821.52,1821.54,1821.52,1821.54,0.0,31.27,57995.44,1
2025-08-05,2025-08-05 12:39:00,1821.54,1821.56,1821.54,1821.56,0.0,31.27,57995.44,1
2025-08-05,2025-08-05 12:40:00,1821.56,1821.58,1821.56,1821.58,0.0,31.27,57995.44,1
2025-08-05,2025-08-05 12:41:00,1821.58,1821.6,1821.58,1821.6,0.0,31.27,57995.44,1
2025-08-05,2025-08-05 12:42:00,1821.6,1821.62,1821.6,1821.62,0.0,31.27,57995.44,1
2025-08-05,2025-08-05 12:43:00,1821.62,1821.64,1821.62,1821.64,0.0,31.27,57995.44,1
2025-08-05,2025-08-05 12:44:00,1821.64,1821.66,1821.64,1821.66,0.0,31.27,57995.44,1
2025-08-05,2025-08-05 12:45:00,1821.66,1821.68,1821.66,1821.68,0.0,31.27,57995.44,1
2025-08-05,2025-08-05 12:46:00,1821.68,1821.7,1821.68,1821.7,0.0,31.27,57995.44,1
2025-08-05,2025-08-05 12:47:00,1821.7,1821.72,1821.7,1821.72,0.0,31.27,57995.44,1
2025-08-05,2025-08-05 12:48:00,1821.72,1821.74,1821.72,1821.74,0.0,31.27,57995.44,1
2025-08-05,2025-08-05 12:49:00,1821.74,1821.76,1821.74,1821.76,0.0,31.27,57995.44,1
2025-08-05,2025-08-05 12:50:00,1821.76,1821.78,1821.76,1821.78,0.0,31.27,57995.44,1
2025-08-05,2025-08-05 12:51:00,1821.78,1821.81,1821.78,1821.81,0.0,31.27,57995.44,1
2025-08-05,2025-08-05 12:52:00,1821.81,1821.83,1821.81,1821.83,0.0,31.27,57995.44,1
2025-08-05,2025-08-05 12:53:00,1821.83,1821.85,1821.83,1821.85,0.0,31.27,57995.44,1
2025-08-05,2025-08-05 12:54:00,1821.85,1821.87,1821.85,1821.87,0.0,31.27,57995.44,1
2025-08-05,2025-08-05 12:55:00,1821.87,1821.89,1821.87,1821.89,0.0,31.27,57995.44,1
2025-08-05,2025-08-05 12:56:00,1821.89,1821.91,1821.89,1821.91,0.0,31.27,57995.44,1
2025-08-05,2025-08-05 12:57:00,1821.91,1821.93,1821.91,1821.93,0.0,31.27,57995.44,1
2025-08-05,2025-08-05 12:58:00,1821.93,1821.95,1821.93,1821.95,0.0,31.27,57995.44,1
2025-08-05,2025-08-05 12:59:00,1821.95,1821.97,1821.95,1821.97,0.0,31.27,57995.44,1
2025-08-05,2025-08-05 13:00:00,1821.97,1890.0,1804.1,1821.99,0.0,31.27,57995.44,1
2025-08-05,2025-08-05 13:01:00,1821.99,1822.01,1821.99,1822.01,0.0,31.27,57995.44,1
2025-08-05,2025-08-05 13:02:00,1822.01,1822.03,1822.01,1822.03,0.0,31.27,57995.44,1
2025-08-05,2025-08-05 13:03:00,1822.03,1822.05,1822.03,1822.05,0.0,31.27,57995.44,1
2025-08-05,2025-08-05 13:04:00,1822.05,1822.07,1822.05,1822.07,0.0,31.27,57995.44,1
2025-08-05,2025-08-05 13:05:00,1822.07,1822.09,1822.07,1822.09,0.0,31.27,57995.44,1
2025-08-05,2025-08-05 13:06:00,1822.09,1822.11,1822.09,1822.11,0.0,31.27,57995.44,1
2025-08-05,2025-08-05 13:07:00,1822.11,1822.13,1822.11,1822.13,0.0,31.27,57995.44,1
2025-08-05,2025-08-05 13:08:00,1822.13,1822.16,1822.13,1822.16,0.0,31.27,57995.44,1
2025-08-05,2025-08-05 13:09:00,1822.16,1822.18,1822.16,1822.18,0.0,31.27,57995.44,1
2025-08-05,2025-08-05 13:10:00,1822.18,1822.2,1822.18,1822.2,0.0,31.27,57995.44,1
2025-08-05,2025-08-05 13:11:00,1822.2,1822.22,1822.2,1822.22,0.0,31.27,57995.44,1
2025-08-05,2025-08-05 13:12:00,1822.22,1822.24,1822.22,1822.24,0.0,31.27,57995.44,1
2025-08-05,2025-08-05 13:13:00,1822.24,1822.26,1822.24,1822.26,0.0,31.27,57995.44,1
2025-08-05,2025-08-05 13:14:00,1822.26,1822.28,1822.26,1822.28,0.0,31.27,57995.44,1
2025-08-05,2025-08-05 13:15:00,1822.28,1822.3,1822.28,1822.3,0.0,31.27,57995.44,1
2025-08-05,2025-08-05 13:16:00,1822.3,1822.32,1822.3,1822.32,0.0,31.27,57995.44,1
2025-08-05,2025-08-05 13:17:00,1822.32,1822.34,1822.32,1822.34,0.0,31.27,57995.44,1
2025-08-05,2025-08-05 13:18:00,1822.34,1822.36,1822.34,1822.36,0.0,31.27,57995.44,1
2025-08-05,2025-08-05 13:19:00,1822.36,1822.38,1822.36,1822.38,0.0,31.27,57995.44,1
2025-08-05,2025-08-05 13:20:00,1822.38,1822.4,1822.38,1822.4,0.0,31.27,57995.44,1
2025-08-05,2025-08-05 13:21:00,1822.4,1822.42,1822.4,1822.42,0.0,31.27,57995.44,1
2025-08-05,2025-08-05 13:22:00,1822.42,1822.44,1822.42,1822.44,0.0,31.27,57995.44,1
2025-08-05,2025-08-05 13:23:00,1822.44,1822.46,1822.44,1822.46,0.0,31.27,57995.44,1
2025-08-05,2025-08-05 13:24:00,1822.46,1822.48,1822.46,1822.48,0.0,31.27,57995.44,1
2025-08-05,2025-08-05 13:25:00,1822.48,1822.51,1822.48,1822.51,0.0,31.27,57995.44,1
2025-08-05,2025-08-05 13:26:00,1822.51,1822.53,1822.51,1822.53,0.0,31.27,57995.44,1
2025-08-05,2025-08-05 13:27:00,1822.53,1822.55,1822.53,1822.55,0.0,31.27,57995.44,1
2025-08-05,2025-08-05 13:28:00,1822.55,1822.57,1822.55,1822.57,0.0,31.27,57995.44,1
2025-08-05,2025-08-05 13:29:00,1822.57,1822.59,1822.57,1822.59,0.0,31.27,57995.44,1
2025-08-05,2025-08-05 13:30:00,1822.59,1822.61,1822.59,1822.61,0.0,31.27,57995.44,1
2025-08-05,2025-08-05 13:31:00,1822.61,1822.63,1822.61,1822.63,0.0,31.27,57995.44,1
2025-08-05,2025-08-05 13:32:00,1822.63,1822.65,1822.63,1822.65,0.0,31.27,57995.44,1
2025-08-05,2025-08-05 13:33:00,1822.65,1822.67,1822.65,1822.67,0.0,31.27,57995.44,1
2025-08-05,2025-08-05 13:34:00,1822.67,1822.69,1822.67,1822.69,0.0,31.27,57995.44,1
2025-08-05,2025-08-05 13:35:00,1822.69,1822.71,1822.69,1822.71,0.0,31.27,57995.44,1
2025-08-05,2025-08-05 13:36:00,1822.71,1822.73,1822.71,1822.73,0.0,31.27,57995.44,1
2025-08-05,2025-08-05 13:37:00,1822.73,1822.75,1822.73,1822.75,0.0,31.27,57995.44,1
2025-08-05,2025-08-05 13:38:00,1822.75,1822.77,1822.75,1822.77,0.0,31.27,57995.44,1
2025-08-05,2025-08-05 13:39:00,1822.77,1822.79,1822.77,1822.79,0.0,31.27,57995.44,1
2025-08-05,2025-08-05 13:40:00,1822.79,1822.81,1822.79,1822.81,0.0,31.27,57995.44,1
2025-08-05,2025-08-05 13:41:00,1822.81,1822.83,1822.81,1822.83,0.0,31.27,57995.44,1
2025-08-05,2025-08-05 13:42:00,1822.83,1822.86,1822.83,1822.86,0.0,31.27,57995.44,1
2025-08-05,2025-08-05 13:43:00,1822.86,1822.88,1822.86,1822.88,0.0,31.27,57995.44,1
2025-08-05,2025-08-05 13:44:00,1822.88,1822.9,1822.88,1822.9,0.0,31.27,57995.44,1
2025-08-05,2025-08-05 13:45:00,1822.9,1822.92,1822.9,1822.92,0.0,31.27,57995.44,1
2025-08-05,2025-08-05 13:46:00,1822.92,1822.94,1822.92,1822.94,0.0,31.27,57995.44,1
2025-08-05,2025-08-05 13:47:00,1822.94,1822.96,1822.94,1822.96,0.0,31.27,57995.44,1
2025-08-05,2025-08-05 13:48:00,1822.96,1822.98,1822.96,1822.98,0.0,31.27,57995.44,1
2025-08-05,2025-08-05 13:49:00,1822.98,1823.0,1822.98,1823.0,0.0,31.27,57995.44,1
2025-08-05,2025-08-05 13:50:00,1823.0,1823.02,1823.0,1823.02,0.0,31.27,57995.44,1
2025-08-05,2025-08-05 13:51:00,1823.02,1823.04,1823.02,1823.04,0.0,31.27,57995.44,1
2025-08-05,2025-08-05 13:52:00,1823.04,1823.06,1823.04,1823.06,0.0,31.27,57995.44,1
2025-08-05,2025-08-05 13:53:00,1823.06,1823.08,1823.06,1823.08,0.0,31.27,57995.44,1
2025-08-05,2025-08-05 13:54:00,1823.08,1823.1,1823.08,1823.1,0.0,31.27,57995.44,1
2025-08-05,2025-08-05 13:55:00,1823.1,1823.12,1823.1,1823.12,0.0,31.27,57995.44,1
2025-08-05,2025-08-05 13:56:00,1823.12,1823.14,1823.12,1823.14,0.0,31.27,57995.44,1
2025-08-05,2025-08-05 13:57:00,1823.14,1823.16,1823.14,1823.16,0.0,31.27,57995.44,1
2025-08-05,2025-08-05 13:58:00,1823.16,1823.18,1823.16,1823.18,0.0,31.27,57995.44,1
2025-08-05,2025-08-05 13:59:00,1823.18,1823.2,1823.18,1823.2,0.0,31.27,57995.44,1
2025-08-05,2025-08-05 14:00:00,1823.2,1823.23,1823.2,1823.23,0.0,31.27,57995.44,1
2025-08-05,2025-08-05 14:01:00,1823.23,1823.25,1823.23,1823.25,0.0,31.27,57995.44,1
2025-08-05,2025-08-05 14:02:00,1823.25,1823.27,1823.25,1823.27,0.0,31.27,57995.44,1
2025-08-05,2025-08-05 14:03:00,1823.27,1823.29,1823.27,1823.29,0.0,31.27,57995.44,1
2025-08-05,2025-08-05 14:04:00,1823.29,1823.31,1823.29,1823.31,0.0,31.27,57995.44,1
2025-08-05,2025-08-05 14:05:00,1823.31,1823.33,1823.31,1823.33,0.0,31.27,57995.44,1
2025-08-05,2025-08-05 14:06:00,1823.33,1823.35,1823.33,1823.35,0.0,31.27,57995.44,1
2025-08-05,2025-08-05 14:07:00,1823.35,1823.37,1823.35,1823.37,0.0,31.27,57995.44,1
2025-08-05,2025-08-05 14:08:00,1823.37,1823.39,1823.37,1823.39,0.0,31.27,57995.44,1
2025-08-05,2025-08-05 14:09:00,1823.39,1823.41,1823.39,1823.41,0.0,31.27,57995.44,1
2025-08-05,2025-08-05 14:10:00,1823.41,1823.43,1823.41,1823.43,0.0,31.27,57995.44,1
2025-08-05,2025-08-05 14:11:00,1823.43,1823.45,1823.43,1823.45,0.0,31.27,57995.44,1
2025-08-05,2025-08-05 14:12:00,1823.45,1823.47,1823.45,1823.47,0.0,31.27,57995.44,1
2025-08-05,2025-08-05 14:13:00,1823.47,1823.49,1823.47,1823.49,0.0,31.27,57995.44,1
2025-08-05,2025-08-05 14:14:00,1823.49,1823.51,1823.49,1823.51,0.0,31.27,57995.44,1
2025-08-05,2025-08-05 14:15:00,1823.51,1823.53,1823.51,1823.53,0.0,31.27,57995.44,1
2025-08-05,2025-08-05 14:16:00,1823.53,1823.55,1823.53,1823.55,0.0,31.27,57995.44,1
2025-08-05,2025-08-05 14:17:00,1823.55,1823.58,1823.55,1823.58,0.0,31.27,57995.44,1
2025-08-05,2025-08-05 14:18:00,1823.58,1823.6,1823.58,1823.6,0.0,31.27,57995.44,1
2025-08-05,2025-08-05 14:19:00,1823.6,1823.62,1823.6,1823.62,0.0,31.27,57995.44,1
2025-08-05,2025-08-05 14:20:00,1823.62,1823.64,1823.62,1823.64,0.0,31.27,57995.44,1
2025-08-05,2025-08-05 14:21:00,1823.64,1823.66,1823.64,1823.66,0.0,31.27,57995.44,1
2025-08-05,2025-08-05 14:22:00,1823.66,1823.68,1823.66,1823.68,0.0,31.27,57995.44,1
2025-08-05,2025-08-05 14:23:00,1823.68,1823.7,1823.68,1823.7,0.0,31.27,57995.44,1
2025-08-05,2025-08-05 14:24:00,1823.7,1823.72,1823.7,1823.72,0.0,31.27,57995.44,1
2025-08-05,2025-08-05 14:25:00,1823.72,1823.74,1823.72,1823.74,0.0,31.27,57995.44,1
2025-08-05,2025-08-05 14:26:00,1823.74,1823.76,1823.74,1823.76,0.0,31.27,57995.44,1
2025-08-05,2025-08-05 14:27:00,1823.76,1823.78,1823.76,1823.78,0.0,31.27,57995.44,1
2025-08-05,2025-08-05 14:28:00,1823.78,1823.8,1823.78,1823.8,0.0,31.27,57995.44,1
2025-08-05,2025-08-05 14:29:00,1823.8,1823.82,1823.8,1823.82,0.0,31.27,57995.44,1
2025-08-05,2025-08-05 14:30:00,1823.82,1823.84,1823.82,1823.84,0.0,31.27,57995.44,1
2025-08-05,2025-08-05 14:31:00,1823.84,1823.86,1823.84,1823.86,0.0,31.27,57995.44,1
2025-08-05,2025-08-05 14:32:00,1823.86,1823.88,1823.86,1823.88,0.0,31.27,57995.44,1
2025-08-05,2025-08-05 14:33:00,1823.88,1823.9,1823.88,1823.9,0.0,31.27,57995.44,1
2025-08-05,2025-08-05 14:34:00,1823.9,1823.93,1823.9,1823.93,0.0,31.27,57995.44,1
2025-08-05,2025-08-05 14:35:00,1823.93,1823.95,1823.93,1823.95,0.0,31.27,57995.44,1
2025-08-05,2025-08-05 14:36:00,1823.95,1823.97,1823.95,1823.97,0.0,31.27,57995.44,1
2025-08-05,2025-08-05 14:37:00,1823.97,1823.99,1823.97,1823.99,0.0,31.27,57995.44,1
2025-08-05,2025-08-05 14:38:00,1823.99,1824.01,1823.99,1824.01,0.0,31.27,57995.44,1
2025-08-05,2025-08-05 14:39:00,1824.01,1824.03,1824.01,1824.03,0.0,31.27,57995.44,1
2025-08-05,2025-08-05 14:40:00,1824.03,1824.05,1824.03,1824.05,0.0,31.27,57995.44,1
2025-08-05,2025-08-05 14:41:00,1824.05,1824.07,1824.05,1824.07,0.0,31.27,57995.44,1
2025-08-05,2025-08-05 14:42:00,1824.07,1824.09,1824.07,1824.09,0.0,31.27,57995.44,1
2025-08-05,2025-08-05 14:43:00,1824.09,1824.11,1824.09,1824.11,0.0,31.27,57995.44,1
2025-08-05,2025-08-05 14:44:00,1824.11,1824.13,1824.11,1824.13,0.0,31.27,57995.44,1
2025-08-05,2025-08-05 14:45:00,1824.13,1824.15,1824.13,1824.15,0.0,31.27,57995.44,1
2025-08-05,2025-08-05 14:46:00,1824.15,1824.17,1824.15,1824.17,0.0,31.27,57995.44,1
2025-08-05,2025-08-05 14:47:00,1824.17,1824.19,1824.17,1824.19,0.0,31.27,57995.44,1
2025-08-05,2025-08-05 14:48:00,1824.19,1824.21,1824.19,1824.21,0.0,31.27,57995.44,1
2025-08-05,2025-08-05 14:49:00,1824.21,1824.23,1824.21,1824.23,0.0,31.27,57995.44,1
2025-08-05,2025-08-05 14:50:00,1824.23,1824.25,1824.23,1824.25,0.0,31.27,57995.44,1
2025-08-05,2025-08-05 14:51:00,1824.25,1824.28,1824.25,1824.28,0.0,31.27,57995.44,1
2025-08-05,2025-08-05 14:52:00,1824.28,1824.3,1824.28,1824.3,0.0,31.27,57995.44,1
2025-08-05,2025-08-05 14:53:00,1824.3,1824.32,1824.3,1824.32,0.0,31.27,57995.44,1
2025-08-05,2025-08-05 14:54:00,1824.32,1824.34,1824.32,1824.34,0.0,31.27,57995.44,1
2025-08-05,2025-08-05 14:55:00,1824.34,1824.36,1824.34,1824.36,0.0,31.27,57995.44,1
2025-08-05,2025-08-05 14:56:00,1824.36,1824.38,1824.36,1824.38,0.0,31.27,57995.44,1
2025-08-05,2025-08-05 14:57:00,1824.38,1824.4,1824.38,1824.4,0.0,31.27,57995.44,1
2025-08-05,2025-08-05 14:58:00,1824.4,1824.42,1824.4,1824.42,0.0,31.27,57995.44,1
2025-08-05,2025-08-05 14:59:00,1824.42,1824.44,1824.42,1824.44,0.0,31.27,57995.44,1
2025-08-05,2025-08-05 15:00:00,1824.44,1890.0,1804.1,1824.44,0.0,31.27,57995.44,0
2025-08-06,2025-08-06 11:00:00,1814.0,1857.8,1814.0,1814.54,0.03,89.38,170091.06,1
2025-08-06,2025-08-06 11:01:00,1814.54,1815.09,1814.54,1815.09,0.03,89.38,170091.06,1
2025-08-06,2025-08-06 11:02:00,1815.09,1815.63,1815.09,1815.63,0.03,89.38,170091.06,1
2025-08-06,2025-08-06 11:03:00,1815.63,1816.17,1815.63,1816.17,0.03,89.38,170091.06,1
2025-08-06,2025-08-06 11:04:00,1816.17,1816.72,1816.17,1816.72,0.03,89.38,170091.06,1
2025-08-06,2025-08-06 11:05:00,1816.72,1817.26,1816.72,1817.26,0.03,89.38,170091.06,1
2025-08-06,2025-08-06 11:06:00,1817.26,1817.81,1817.26,1817.81,0.03,89.38,170091.06,1
2025-08-06,2025-08-06 11:07:00,1817.81,1818.35,1817.81,1818.35,0.03,89.38,170091.06,1
2025-08-06,2025-08-06 11:08:00,1818.35,1818.89,1818.35,1818.89,0.03,89.38,170091.06,1
2025-08-06,2025-08-06 11:09:00,1818.89,1819.44,1818.89,1819.44,0.03,89.38,170091.06,1
2025-08-06,2025-08-06 11:10:00,1819.44,1819.98,1819.44,1819.98,0.03,89.38,170091.06,1
2025-08-06,2025-08-06 11:11:00,1819.98,1820.52,1819.98,1820.52,0.03,89.38,170091.06,1
2025-08-06,2025-08-06 11:12:00,1820.52,1821.07,1820.52,1821.07,0.03,89.38,170091.06,1
2025-08-06,2025-08-06 11:13:00,1821.07,1821.61,1821.07,1821.61,0.03,89.38,170091.06,1
2025-08-06,2025-08-06 11:14:00,1821.61,1822.16,1821.61,1822.16,0.03,89.38,170091.06,1
2025-08-06,2025-08-06 11:15:00,1822.16,1822.7,1822.16,1822.7,0.03,89.38,170091.06,1
2025-08-06,2025-08-06 11:16:00,1822.7,1823.24,1822.7,1823.24,0.03,89.38,170091.06,1
2025-08-06,2025-08-06 11:17:00,1823.24,1823.79,1823.24,1823.79,0.03,89.38,170091.06,1
2025-08-06,2025-08-06 11:18:00,1823.79,1824.33,1823.79,1824.33,0.03,89.38,170091.06,1
2025-08-06,2025-08-06 11:19:00,1824.33,1824.87,1824.33,1824.87,0.03,89.38,170091.06,1
2025-08-06,2025-08-06 11:20:00,1824.87,1825.42,1824.87,1825.42,0.03,89.38,170091.06,1
2025-08-06,2025-08-06 11:21:00,1825.42,1825.96,1825.42,1825.96,0.03,89.38,170091.06,1
2025-08-06,2025-08-06 11:22:00,1825.96,1826.51,1825.96,1826.51,0.03,89.38,170091.06,1
2025-08-06,2025-08-06 11:23:00,1826.51,1827.05,1826.51,1827.05,0.03,89.38,170091.06,1
2025-08-06,2025-08-06 11:24:00,1827.05,1827.59,1827.05,1827.59,0.03,89.38,170091.06,1
2025-08-06,2025-08-06 11:25:00,1827.59,1828.14,1827.59,1828.14,0.03,89.38,170091.06,1
2025-08-06,2025-08-06 11:26:00,1828.14,1828.68,1828.14,1828.68,0.03,89.38,170091.06,1
2025-08-06,2025-08-06 11:27:00,1828.68,1829.22,1828.68,1829.22,0.03,89.38,170091.06,1
2025-08-06,2025-08-06 11:28:00,1829.22,1829.77,1829.22,1829.77,0.03,89.38,170091.06,1
2025-08-06,2025-08-06 11:29:00,1829.77,1830.31,1829.77,1830.31,0.03,89.38,170091.06,1
2025-08-06,2025-08-06 11:30:00,1830.31,1830.85,1830.31,1830.85,0.03,89.38,170091.06,1
2025-08-06,2025-08-06 11:31:00,1830.85,1831.4,1830.85,1831.4,0.03,89.38,170091.06,1
2025-08-06,2025-08-06 11:32:00,1831.4,1831.94,1831.4,1831.94,0.03,89.38,170091.06,1
2025-08-06,2025-08-06 11:33:00,1831.94,1832.49,1831.94,1832.49,0.03,89.38,170091.06,1
2025-08-06,2025-08-06 11:34:00,1832.49,1833.03,1832.49,1833.03,0.03,89.38,170091.06,1
2025-08-06,2025-08-06 11:35:00,1833.03,1833.57,1833.03,1833.57,0.03,89.38,170091.06,1
2025-08-06,2025-08-06 11:36:00,1833.57,1834.12,1833.57,1834.12,0.03,89.38,170091.06,1
2025-08-06,2025-08-06 11:37:00,1834.12,1834.66,1834.12,1834.66,0.03,89.38,170091.06,1
2025-08-06,2025-08-06 11:38:00,1834.66,1835.2,1834.66,1835.2,0.03,89.38,170091.06,1
2025-08-06,2025-08-06 11:39:00,1835.2,1835.75,1835.2,1835.75,0.03,89.38,170091.06,1
2025-08-06,2025-08-06 11:40:00,1835.75,1836.29,1835.75,1836.29,0.03,89.38,170091.06,1
2025-08-06,2025-08-06 11:41:00,1836.29,1836.84,1836.29,1836.84,0.03,89.38,170091.06,1
2025-08-06,2025-08-06 11:42:00,1836.84,1837.38,1836.84,1837.38,0.03,89.38,170091.06,1
2025-08-06,2025-08-06 11:43:00,1837.38,1837.92,1837.38,1837.92,0.03,89.38,170091.06,1
2025-08-06,2025-08-06 11:44:00,1837.92,1838.47,1837.92,1838.47,0.03,89.38,170091.06,1
2025-08-06,2025-08-06 11:45:00,1838.47,1839.01,1838.47,1839.01,0.03,89.38,170091.06,1
2025-08-06,2025-08-06 11:46:00,1839.01,1839.55,1839.01,1839.55,0.03,89.38,170091.06,1
2025-08-06,2025-08-06 11:47:00,1839.55,1840.1,1839.55,1840.1,0.03,89.38,170091.06,1
2025-08-06,2025-08-06 11:48:00,1840.1,1840.64,1840.1,1840.64,0.03,89.38,170091.06,1
2025-08-06,2025-08-06 11:49:00,1840.64,1841.19,1840.64,1841.19,0.03,89.38,170091.06,1
2025-08-06,2025-08-06 11:50:00,1841.19,1841.73,1841.19,1841.73,0.03,89.38,170091.06,1
2025-08-06,2025-08-06 11:51:00,1841.73,1842.27,1841.73,1842.27,0.03,89.38,170091.06,1
2025-08-06,2025-08-06 11:52:00,1842.27,1842.82,1842.27,1842.82,0.03,89.38,170091.06,1
2025-08-06,2025-08-06 11:53:00,1842.82,1843.36,1842.82,1843.36,0.03,89.38,170091.06,1
2025-08-06,2025-08-06 11:54:00,1843.36,1843.9,1843.36,1843.9,0.03,89.38,170091.06,1
2025-08-06,2025-08-06 11:55:00,1843.9,1844.45,1843.9,1844.45,0.03,89.38,170091.06,1
2025-08-06,2025-08-06 11:56:00,1844.45,1844.99,1844.45,1844.99,0.03,89.38,170091.06,1
2025-08-06,2025-08-06 11:57:00,1844.99,1845.54,1844.99,1845.54,0.03,89.38,170091.06,1
2025-08-06,2025-08-06 11:58:00,1845.54,1846.08,1845.54,1846.08,0.03,89.38,170091.06,1
2025-08-06,2025-08-06 11:59:00,1846.08,1846.62,1846.08,1846.62,0.03,89.38,170091.06,1
2025-08-06,2025-08-06 12:00:00,1846.62,1847.17,1846.62,1847.17,0.03,89.38,170091.06,1
2025-08-06,2025-08-06 12:01:00,1847.17,1847.71,1847.17,1847.71,0.03,89.38,170091.06,1
2025-08-06,2025-08-06 12:02:00,1847.71,1848.25,1847.71,1848.25,0.03,89.38,170091.06,1
2025-08-06,2025-08-06 12:03:00,1848.25,1848.8,1848.25,1848.8,0.03,89.38,170091.06,1
2025-08-06,2025-08-06 12:04:00,1848.8,1849.34,1848.8,1849.34,0.03,89.38,170091.06,1
2025-08-06,2025-08-06 12:05:00,1849.34,1849.88,1849.34,1849.88,0.03,89.38,170091.06,1
2025-08-06,2025-08-06 12:06:00,1849.88,1850.43,1849.88,1850.43,0.03,89.38,170091.06,1
2025-08-06,2025-08-06 12:07:00,1850.43,1850.97,1850.43,1850.97,0.03,89.38,170091.06,1
2025-08-06,2025-08-06 12:08:00,1850.97,1851.52,1850.97,1851.52,0.03,89.38,170091.06,1
2025-08-06,2025-08-06 12:09:00,1851.52,1852.06,1851.52,1852.06,0.03,89.38,170091.06,1
2025-08-06,2025-08-06 12:10:00,1852.06,1852.6,1852.06,1852.6,0.03,89.38,170091.06,1
2025-08-06,2025-08-06 12:11:00,1852.6,1853.15,1852.6,1853.15,0.03,89.38,170091.06,1
2025-08-06,2025-08-06 12:12:00,1853.15,1853.69,1853.15,1853.69,0.03,89.38,170091.06,1
2025-08-06,2025-08-06 12:13:00,1853.69,1854.23,1853.69,1854.23,0.03,89.38,170091.06,1
2025-08-06,2025-08-06 12:14:00,1854.23,1854.78,1854.23,1854.78,0.03,89.38,170091.06,1
2025-08-06,2025-08-06 12:15:00,1854.78,1855.32,1854.78,1855.32,0.03,89.38,170091.06,1
2025-08-06,2025-08-06 12:16:00,1855.32,1855.87,1855.32,1855.87,0.03,89.38,170091.06,1
2025-08-06,2025-08-06 12:17:00,1855.87,1856.41,1855.87,1856.41,0.03,89.38,170091.06,1
2025-08-06,2025-08-06 12:18:00,1856.41,1856.95,1856.41,1856.95,0.03,89.38,170091.06,1
2025-08-06,2025-08-06 12:19:00,1856.95,1857.5,1856.95,1857.5,0.03,89.38,170091.06,1
2025-08-06,2025-08-06 12:20:00,1857.5,1858.04,1857.5,1858.04,0.03,89.38,170091.06,1
2025-08-06,2025-08-06 12:21:00,1858.04,1858.58,1858.04,1858.58,0.03,89.38,170091.06,1
2025-08-06,2025-08-06 12:22:00,1858.58,1859.13,1858.58,1859.13,0.03,89.38,170091.06,1
2025-08-06,2025-08-06 12:23:00,1859.13,1859.67,1859.13,1859.67,0.03,89.38,170091.06,1
2025-08-06,2025-08-06 12:24:00,1859.67,1860.22,1859.67,1860.22,0.03,89.38,170091.06,1
2025-08-06,2025-08-06 12:25:00,1860.22,1860.76,1860.22,1860.76,0.03,89.38,170091.06,1
2025-08-06,2025-08-06 12:26:00,1860.76,1861.3,1860.76,1861.3,0.03,89.38,170091.06,1
2025-08-06,2025-08-06 12:27:00,1861.3,1861.85,1861.3,1861.85,0.03,89.38,170091.06,1
2025-08-06,2025-08-06 12:28:00,1861.85,1862.39,1861.85,1862.39,0.03,89.38,170091.06,1
2025-08-06,2025-08-06 12:29:00,1862.39,1862.93,1862.39,1862.93,0.03,89.38,170091.06,1
2025-08-06,2025-08-06 12:30:00,1862.93,1863.48,1862.93,1863.48,0.03,89.38,170091.06,1
2025-08-06,2025-08-06 12:31:00,1863.48,1864.02,1863.48,1864.02,0.03,89.38,170091.06,1
2025-08-06,2025-08-06 12:32:00,1864.02,1864.56,1864.02,1864.56,0.03,89.38,170091.06,1
2025-08-06,2025-08-06 12:33:00,1864.56,1865.11,1864.56,1865.11,0.03,89.38,170091.06,1
2025-08-06,2025-08-06 12:34:00,1865.11,1865.65,1865.11,1865.65,0.03,89.38,170091.06,1
2025-08-06,2025-08-06 12:35:00,1865.65,1866.2,1865.65,1866.2,0.03,89.38,170091.06,1
2025-08-06,2025-08-06 12:36:00,1866.2,1866.74,1866.2,1866.74,0.03,89.38,170091.06,1
2025-08-06,2025-08-06 12:37:00,1866.74,1867.28,1866.74,1867.28,0.03,89.38,170091.06,1
2025-08-06,2025-08-06 12:38:00,1867.28,1867.83,1867.28,1867.83,0.03,89.38,170091.06,1
2025-08-06,2025-08-06 12:39:00,1867.83,1868.37,1867.83,1868.37,0.03,89.38,170091.06,1
2025-08-06,2025-08-06 12:40:00,1868.37,1868.91,1868.37,1868.91,0.03,89.38,170091.06,1
2025-08-06,2025-08-06 12:41:00,1868.91,1869.46,1868.91,1869.46,0.03,89.38,170091.06,1
2025-08-06,2025-08-06 12:42:00,1869.46,1870.0,1869.46,1870.0,0.03,89.38,170091.06,1
2025-08-06,2025-08-06 12:43:00,1870.0,1870.55,1870.0,1870.55,0.03,89.38,170091.06,1
2025-08-06,2025-08-06 12:44:00,1870.55,1871.09,1870.55,1871.09,0.03,89.38,170091.06,1
2025-08-06,2025-08-06 12:45:00,1871.09,1871.63,1871.09,1871.63,0.03,89.38,170091.06,1
2025-08-06,2025-08-06 12:46:00,1871.63,1872.18,1871.63,1872.18,0.03,89.38,170091.06,1
2025-08-06,2025-08-06 12:47:00,1872.18,1872.72,1872.18,1872.72,0.03,89.38,170091.06,1
2025-08-06,2025-08-06 12:48:00,1872.72,1873.26,1872.72,1873.26,0.03,89.38,170091.06,1
2025-08-06,2025-08-06 12:49:00,1873.26,1873.81,1873.26,1873.81,0.03,89.38,170091.06,1
2025-08-06,2025-08-06 12:50:00,1873.81,1874.35,1873.81,1874.35,0.03,89.38,170091.06,1
2025-08-06,2025-08-06 12:51:00,1874.35,1874.9,1874.35,1874.9,0.03,89.38,170091.06,1
2025-08-06,2025-08-06 12:52:00,1874.9,1875.44,1874.9,1875.44,0.03,89.38,170091.06,1
2025-08-06,2025-08-06 12:53:00,1875.44,1875.98,1875.44,1875.98,0.03,89.38,170091.06,1
2025-08-06,2025-08-06 12:54:00,1875.98,1876.53,1875.98,1876.53,0.03,89.38,170091.06,1
2025-08-06,2025-08-06 12:55:00,1876.53,1877.07,1876.53,1877.07,0.03,89.38,170091.06,1
2025-08-06,2025-08-06 12:56:00,1877.07,1877.61,1877.07,1877.61,0.03,89.38,170091.06,1
2025-08-06,2025-08-06 12:57:00,1877.61,1878.16,1877.61,1878.16,0.03,89.38,170091.06,1
2025-08-06,2025-08-06 12:58:00,1878.16,1878.7,1878.16,1878.7,0.03,89.38,170091.06,1
2025-08-06,2025-08-06 12:59:00,1878.7,1879.24,1878.7,1879.24,0.03,89.38,170091.06,1
2025-08-06,2025-08-06 13:00:00,1879.24,1960.0,1814.0,1879.79,0.03,89.38,170091.06,1
2025-08-06,2025-08-06 13:01:00,1879.79,1880.33,1879.79,1880.33,0.03,89.38,170091.06,1
2025-08-06,2025-08-06 13:02:00,1880.33,1880.88,1880.33,1880.88,0.03,89.38,170091.06,1
2025-08-06,2025-08-06 13:03:00,1880.88,1881.42,1880.88,1881.42,0.03,89.38,170091.06,1
2025-08-06,2025-08-06 13:04:00,1881.42,1881.96,1881.42,1881.96,0.03,89.38,170091.06,1
2025-08-06,2025-08-06 13:05:00,1881.96,1882.51,1881.96,1882.51,0.03,89.38,170091.06,1
2025-08-06,2025-08-06 13:06:00,1882.51,1883.05,1882.51,1883.05,0.03,89.38,170091.06,1
2025-08-06,2025-08-06 13:07:00,1883.05,1883.59,1883.05,1883.59,0.03,89.38,170091.06,1
2025-08-06,2025-08-06 13:08:00,1883.59,1884.14,1883.59,1884.14,0.03,89.38,170091.06,1
2025-08-06,2025-08-06 13:09:00,1884.14,1884.68,1884.14,1884.68,0.03,89.38,170091.06,1
2025-08-06,2025-08-06 13:10:00,1884.68,1885.23,1884.68,1885.23,0.03,89.38,170091.06,1
2025-08-06,2025-08-06 13:11:00,1885.23,1885.77,1885.23,1885.77,0.03,89.38,170091.06,1
2025-08-06,2025-08-06 13:12:00,1885.77,1886.31,1885.77,1886.31,0.03,89.38,170091.06,1
2025-08-06,2025-08-06 13:13:00,1886.31,1886.86,1886.31,1886.86,0.03,89.38,170091.06,1
2025-08-06,2025-08-06 13:14:00,1886.86,1887.4,1886.86,1887.4,0.03,89.38,170091.06,1
2025-08-06,2025-08-06 13:15:00,1887.4,1887.94,1887.4,1887.94,0.03,89.38,170091.06,1
2025-08-06,2025-08-06 13:16:00,1887.94,1888.49,1887.94,1888.49,0.03,89.38,170091.06,1
2025-08-06,2025-08-06 13:17:00,1888.49,1889.03,1888.49,1889.03,0.03,89.38,170091.06,1
2025-08-06,2025-08-06 13:18:00,1889.03,1889.58,1889.03,1889.58,0.03,89.38,170091.06,1
2025-08-06,2025-08-06 13:19:00,1889.58,1890.12,1889.58,1890.12,0.03,89.38,170091.06,1
2025-08-06,2025-08-06 13:20:00,1890.12,1890.66,1890.12,1890.66,0.03,89.38,170091.06,1
2025-08-06,2025-08-06 13:21:00,1890.66,1891.21,1890.66,1891.21,0.03,89.38,170091.06,1
2025-08-06,2025-08-06 13:22:00,1891.21,1891.75,1891.21,1891.75,0.03,89.38,170091.06,1
2025-08-06,2025-08-06 13:23:00,1891.75,1892.29,1891.75,1892.29,0.03,89.38,170091.06,1
2025-08-06,2025-08-06 13:24:00,1892.29,1892.84,1892.29,1892.84,0.03,89.38,170091.06,1
2025-08-06,2025-08-06 13:25:00,1892.84,1893.38,1892.84,1893.38,0.03,89.38,170091.06,1
2025-08-06,2025-08-06 13:26:00,1893.38,1893.93,1893.38,1893.93,0.03,89.38,170091.06,1
2025-08-06,2025-08-06 13:27:00,1893.93,1894.47,1893.93,1894.47,0.03,89.38,170091.06,1
2025-08-06,2025-08-06 13:28:00,1894.47,1895.01,1894.47,1895.01,0.03,89.38,170091.06,1
2025-08-06,2025-08-06 13:29:00,1895.01,1895.56,1895.01,1895.56,0.03,89.38,170091.06,1
2025-08-06,2025-08-06 13:30:00,1895.56,1896.1,1895.56,1896.1,0.03,89.38,170091.06,1
2025-08-06,2025-08-06 13:31:00,1896.1,1896.64,1896.1,1896.64,0.03,89.38,170091.06,1
2025-08-06,2025-08-06 13:32:00,1896.64,1897.19,1896.64,1897.19,0.03,89.38,170091.06,1
2025-08-06,2025-08-06 13:33:00,1897.19,1897.73,1897.19,1897.73,0.03,89.38,170091.06,1
2025-08-06,2025-08-06 13:34:00,1897.73,1898.27,1897.73,1898.27,0.03,89.38,170091.06,1
2025-08-06,2025-08-06 13:35:00,1898.27,1898.82,1898.27,1898.82,0.03,89.38,170091.06,1
2025-08-06,2025-08-06 13:36:00,1898.82,1899.36,1898.82,1899.36,0.03,89.38,170091.06,1
2025-08-06,2025-08-06 13:37:00,1899.36,1899.91,1899.36,1899.91,0.03,89.38,170091.06,1
2025-08-06,2025-08-06 13:38:00,1899.91,1900.45,1899.91,1900.45,0.03,89.38,170091.06,1
2025-08-06,2025-08-06 13:39:00,1900.45,1900.99,1900.45,1900.99,0.03,89.38,170091.06,1
2025-08-06,2025-08-06 13:40:00,1900.99,1901.54,1900.99,1901.54,0.03,89.38,170091.06,1
2025-08-06,2025-08-06 13:41:00,1901.54,1902.08,1901.54,1902.08,0.03,89.38,170091.06,1
2025-08-06,2025-08-06 13:42:00,1902.08,1902.62,1902.08,1902.62,0.03,89.38,170091.06,1
2025-08-06,2025-08-06 13:43:00,1902.62,1903.17,1902.62,1903.17,0.03,89.38,170091.06,1
2025-08-06,2025-08-06 13:44:00,1903.17,1903.71,1903.17,1903.71,0.03,89.38,170091.06,1
2025-08-06,2025-08-06 13:45:00,1903.71,1904.26,1903.71,1904.26,0.03,89.38,170091.06,1
2025-08-06,2025-08-06 13:46:00,1904.26,1904.8,1904.26,1904.8,0.03,89.38,170091.06,1
2025-08-06,2025-08-06 13:47:00,1904.8,1905.34,1904.8,1905.34,0.03,89.38,170091.06,1
2025-08-06,2025-08-06 13:48:00,1905.34,1905.89,1905.34,1905.89,0.03,89.38,170091.06,1
2025-08-06,2025-08-06 13:49:00,1905.89,1906.43,1905.89,1906.43,0.03,89.38,170091.06,1
2025-08-06,2025-08-06 13:50:00,1906.43,1906.97,1906.43,1906.97,0.03,89.38,170091.06,1
2025-08-06,2025-08-06 13:51:00,1906.97,1907.52,1906.97,1907.52,0.03,89.38,170091.06,1
2025-08-06,2025-08-06 13:52:00,1907.52,1908.06,1907.52,1908.06,0.03,89.38,170091.06,1
2025-08-06,2025-08-06 13:53:00,1908.06,1908.61,1908.06,1908.61,0.03,89.38,170091.06,1
2025-08-06,2025-08-06 13:54:00,1908.61,1909.15,1908.61,1909.15,0.03,89.38,170091.06,1
2025-08-06,2025-08-06 13:55:00,1909.15,1909.69,1909.15,1909.69,0.03,89.38,170091.06,1
2025-08-06,2025-08-06 13:56:00,1909.69,1910.24,1909.69,1910.24,0.03,89.38,170091.06,1
2025-08-06,2025-08-06 13:57:00,1910.24,1910.78,1910.24,1910.78,0.03,89.38,170091.06,1
2025-08-06,2025-08-06 13:58:00,1910.78,1911.32,1910.78,1911.32,0.03,89.38,170091.06,1
2025-08-06,2025-08-06 13:59:00,1911.32,1911.87,1911.32,1911.87,0.03,89.38,170091.06,1
2025-08-06,2025-08-06 14:00:00,1911.87,1912.41,1911.87,1912.41,0.03,89.38,170091.06,1
2025-08-06,2025-08-06 14:01:00,1912.41,1912.95,1912.41,1912.95,0.03,89.38,170091.06,1
2025-08-06,2025-08-06 14:02:00,1912.95,1913.5,1912.95,1913.5,0.03,89.38,170091.06,1
2025-08-06,2025-08-06 14:03:00,1913.5,1914.04,1913.5,1914.04,0.03,89.38,170091.06,1
2025-08-06,2025-08-06 14:04:00,1914.04,1914.59,1914.04,1914.59,0.03,89.38,170091.06,1
2025-08-06,2025-08-06 14:05:00,1914.59,1915.13,1914.59,1915.13,0.03,89.38,170091.06,1
2025-08-06,2025-08-06 14:06:00,1915.13,1915.67,1915.13,1915.67,0.03,89.38,170091.06,1
2025-08-06,2025-08-06 14:07:00,1915.67,1916.22,1915.67,1916.22,0.03,89.38,170091.06,1
2025-08-06,2025-08-06 14:08:00,1916.22,1916.76,1916.22,1916.76,0.03,89.38,170091.06,1
2025-08-06,2025-08-06 14:09:00,1916.76,1917.3,1916.76,1917.3,0.03,89.38,170091.06,1
2025-08-06,2025-08-06 14:10:00,1917.3,1917.85,1917.3,1917.85,0.03,89.38,170091.06,1
2025-08-06,2025-08-06 14:11:00,1917.85,1918.39,1917.85,1918.39,0.03,89.38,170091.06,1
2025-08-06,2025-08-06 14:12:00,1918.39,1918.94,1918.39,1918.94,0.03,89.38,170091.06,1
2025-08-06,2025-08-06 14:13:00,1918.94,1919.48,1918.94,1919.48,0.03,89.38,170091.06,1
2025-08-06,2025-08-06 14:14:00,1919.48,1920.02,1919.48,1920.02,0.03,89.38,170091.06,1
2025-08-06,2025-08-06 14:15:00,1920.02,1920.57,1920.02,1920.57,0.03,89.38,170091.06,1
2025-08-06,2025-08-06 14:16:00,1920.57,1921.11,1920.57,1921.11,0.03,89.38,170091.06,1
2025-08-06,2025-08-06 14:17:00,1921.11,1921.65,1921.11,1921.65,0.03,89.38,170091.06,1
2025-08-06,2025-08-06 14:18:00,1921.65,1922.2,1921.65,1922.2,0.03,89.38,170091.06,1
2025-08-06,2025-08-06 14:19:00,1922.2,1922.74,1922.2,1922.74,0.03,89.38,170091.06,1
2025-08-06,2025-08-06 14:20:00,1922.74,1923.29,1922.74,1923.29,0.03,89.38,170091.06,1
2025-08-06,2025-08-06 14:21:00,1923.29,1923.83,1923.29,1923.83,0.03,89.38,170091.06,1
2025-08-06,2025-08-06 14:22:00,1923.83,1924.37,1923.83,1924.37,0.03,89.38,170091.06,1
2025-08-06,2025-08-06 14:23:00,1924.37,1924.92,1924.37,1924.92,0.03,89.38,170091.06,1
2025-08-06,2025-08-06 14:24:00,1924.92,1925.46,1924.92,1925.46,0.03,89.38,170091.06,1
2025-08-06,2025-08-06 14:25:00,1925.46,1926.0,1925.46,1926.0,0.03,89.38,170091.06,1
2025-08-06,2025-08-06 14:26:00,1926.0,1926.55,1926.0,1926.55,0.03,89.38,170091.06,1
2025-08-06,2025-08-06 14:27:00,1926.55,1927.09,1926.55,1927.09,0.03,89.38,170091.06,1
2025-08-06,2025-08-06 14:28:00,1927.09,1927.64,1927.09,1927.64,0.03,89.38,170091.06,1
2025-08-06,2025-08-06 14:29:00,1927.64,1928.18,1927.64,1928.18,0.03,89.38,170091.06,1
2025-08-06,2025-08-06 14:30:00,1928.18,1928.72,1928.18,1928.72,0.03,89.38,170091.06,1
2025-08-06,2025-08-06 14:31:00,1928.72,1929.27,1928.72,1929.27,0.03,89.38,170091.06,1
2025-08-06,2025-08-06 14:32:00,1929.27,1929.81,1929.27,1929.81,0.03,89.38,170091.06,1
2025-08-06,2025-08-06 14:33:00,1929.81,1930.35,1929.81,1930.35,0.03,89.38,170091.06,1
2025-08-06,2025-08-06 14:34:00,1930.35,1930.9,1930.35,1930.9,0.03,89.38,170091.06,1
2025-08-06,2025-08-06 14:35:00,1930.9,1931.44,1930.9,1931.44,0.03,89.38,170091.06,1
2025-08-06,2025-08-06 14:36:00,1931.44,1931.98,1931.44,1931.98,0.03,89.38,170091.06,1
2025-08-06,2025-08-06 14:37:00,1931.98,1932.53,1931.98,1932.53,0.03,89.38,170091.06,1
2025-08-06,2025-08-06 14:38:00,1932.53,1933.07,1932.53,1933.07,0.03,89.38,170091.06,1
2025-08-06,2025-08-06 14:39:00,1933.07,1933.62,1933.07,1933.62,0.03,89.38,170091.06,1
2025-08-06,2025-08-06 14:40:00,1933.62,1934.16,1933.62,1934.16,0.03,89.38,170091.06,1
2025-08-06,2025-08-06 14:41:00,1934.16,1934.7,1934.16,1934.7,0.03,89.38,170091.06,1
2025-08-06,2025-08-06 14:42:00,1934.7,1935.25,1934.7,1935.25,0.03,89.38,170091.06,1
2025-08-06,2025-08-06 14:43:00,1935.25,1935.79,1935.25,1935.79,0.03,89.38,170091.06,1
2025-08-06,2025-08-06 14:44:00,1935.79,1936.33,1935.79,1936.33,0.03,89.38,170091.06,1
2025-08-06,2025-08-06 14:45:00,1936.33,1936.88,1936.33,1936.88,0.03,89.38,170091.06,1
2025-08-06,2025-08-06 14:46:00,1936.88,1937.42,1936.88,1937.42,0.03,89.38,170091.06,1
2025-08-06,2025-08-06 14:47:00,1937.42,1937.97,1937.42,1937.97,0.03,89.38,170091.06,1
2025-08-06,2025-08-06 14:48:00,1937.97,1938.51,1937.97,1938.51,0.03,89.38,170091.06,1
2025-08-06,2025-08-06 14:49:00,1938.51,1939.05,1938.51,1939.05,0.03,89.38,170091.06,1
2025-08-06,2025-08-06 14:50:00,1939.05,1939.6,1939.05,1939.6,0.03,89.38,170091.06,1
2025-08-06,2025-08-06 14:51:00,1939.6,1940.14,1939.6,1940.14,0.03,89.38,170091.06,1
2025-08-06,2025-08-06 14:52:00,1940.14,1940.68,1940.14,1940.68,0.03,89.38,170091.06,1
2025-08-06,2025-08-06 14:53:00,1940.68,1941.23,1940.68,1941.23,0.03,89.38,170091.06,1
2025-08-06,2025-08-06 14:54:00,1941.23,1941.77,1941.23,1941.77,0.03,89.38,170091.06,1
2025-08-06,2025-08-06 14:55:00,1941.77,1942.32,1941.77,1942.32,0.03,89.38,170091.06,1
2025-08-06,2025-08-06 14:56:00,1942.32,1942.86,1942.32,1942.86,0.03,89.38,170091.06,1
2025-08-06,2025-08-06 14:57:00,1942.86,1943.4,1942.86,1943.4,0.03,89.38,170091.06,1
2025-08-06,2025-08-06 14:58:00,1943.4,1943.95,1943.4,1943.95,0.03,89.38,170091.06,1
2025-08-06,2025-08-06 14:59:00,1943.95,1944.49,1943.95,1944.49,0.03,89.38,170091.06,1
2025-08-06,2025-08-06 15:00:00,1944.49,1960.0,1814.0,1944.49,0.0,89.38,170091.06,0
2025-08-07,2025-08-07 11:00:00,1982.0,1993.7,1957.76,1981.85,-0.01,81.43,157594.42,-1
2025-08-07,2025-08-07 11:01:00,1981.85,1981.85,1981.69,1981.69,-0.01,81.43,157594.42,-1
2025-08-07,2025-08-07 11:02:00,1981.69,1981.69,1981.54,1981.54,-0.01,81.43,157594.42,-1
2025-08-07,2025-08-07 11:03:00,1981.54,1981.54,1981.39,1981.39,-0.01,81.43,157594.42,-1
2025-08-07,2025-08-07 11:04:00,1981.39,1981.39,1981.23,1981.23,-0.01,81.43,157594.42,-1
2025-08-07,2025-08-07 11:05:00,1981.23,1981.23,1981.08,1981.08,-0.01,81.43,157594.42,-1
2025-08-07,2025-08-07 11:06:00,1981.08,1981.08,1980.92,1980.92,-0.01,81.43,157594.42,-1
2025-08-07,2025-08-07 11:07:00,1980.92,1980.92,1980.77,1980.77,-0.01,81.43,157594.42,-1
2025-08-07,2025-08-07 11:08:00,1980.77,1980.77,1980.62,1980.62,-0.01,81.43,157594.42,-1
2025-08-07,2025-08-07 11:09:00,1980.62,1980.62,1980.46,1980.46,-0.01,81.43,157594.42,-1
2025-08-07,2025-08-07 11:10:00,1980.46,1980.46,1980.31,1980.31,-0.01,81.43,157594.42,-1
2025-08-07,2025-08-07 11:11:00,1980.31,1980.31,1980.16,1980.16,-0.01,81.43,157594.42,-1
2025-08-07,2025-08-07 11:12:00,1980.16,1980.16,1980.0,1980.0,-0.01,81.43,157594.42,-1
2025-08-07,2025-08-07 11:13:00,1980.0,1980.0,1979.85,1979.85,-0.01,81.43,157594.42,-1
2025-08-07,2025-08-07 11:14:00,1979.85,1979.85,1979.7,1979.7,-0.01,81.43,157594.42,-1
2025-08-07,2025-08-07 11:15:00,1979.7,1979.7,1979.54,1979.54,-0.01,81.43,157594.42,-1
2025-08-07,2025-08-07 11:16:00,1979.54,1979.54,1979.39,1979.39,-0.01,81.43,157594.42,-1
2025-08-07,2025-08-07 11:17:00,1979.39,1979.39,1979.24,1979.24,-0.01,81.43,157594.42,-1
2025-08-07,2025-08-07 11:18:00,1979.24,1979.24,1979.08,1979.08,-0.01,81.43,157594.42,-1
2025-08-07,2025-08-07 11:19:00,1979.08,1979.08,1978.93,1978.93,-0.01,81.43,157594.42,-1
2025-08-07,2025-08-07 11:20:00,1978.93,1978.93,1978.77,1978.77,-0.01,81.43,157594.42,-1
2025-08-07,2025-08-07 11:21:00,1978.77,1978.77,1978.62,1978.62,-0.01,81.43,157594.42,-1
2025-08-07,2025-08-07 11:22:00,1978.62,1978.62,1978.47,1978.47,-0.01,81.43,157594.42,-1
2025-08-07,2025-08-07 11:23:00,1978.47,1978.47,1978.31,1978.31,-0.01,81.43,157594.42,-1
2025-08-07,2025-08-07 11:24:00,1978.31,1978.31,1978.16,1978.16,-0.01,81.43,157594.42,-1
2025-08-07,2025-08-07 11:25:00,1978.16,1978.16,1978.01,1978.01,-0.01,81.43,157594.42,-1
2025-08-07,2025-08-07 11:26:00,1978.01,1978.01,1977.85,1977.85,-0.01,81.43,157594.42,-1
2025-08-07,2025-08-07 11:27:00,1977.85,1977.85,1977.7,1977.7,-0.01,81.43,157594.42,-1
2025-08-07,2025-08-07 11:28:00,1977.7,1977.7,1977.55,1977.55,-0.01,81.43,157594.42,-1
2025-08-07,2025-08-07 11:29:00,1977.55,1977.55,1977.39,1977.39,-0.01,81.43,157594.42,-1
2025-08-07,2025-08-07 11:30:00,1977.39,1977.39,1977.24,1977.24,-0.01,81.43,157594.42,-1
2025-08-07,2025-08-07 11:31:00,1977.24,1977.24,1977.09,1977.09,-0.01,81.43,157594.42,-1
2025-08-07,2025-08-07 11:32:00,1977.09,1977.09,1976.93,1976.93,-0.01,81.43,157594.42,-1
2025-08-07,2025-08-07 11:33:00,1976.93,1976.93,1976.78,1976.78,-0.01,81.43,157594.42,-1
2025-08-07,2025-08-07 11:34:00,1976.78,1976.78,1976.62,1976.62,-0.01,81.43,157594.42,-1
2025-08-07,2025-08-07 11:35:00,1976.62,1976.62,1976.47,1976.47,-0.01,81.43,157594.42,-1
2025-08-07,2025-08-07 11:36:00,1976.47,1976.47,1976.32,1976.32,-0.01,81.43,157594.42,-1
2025-08-07,2025-08-07 11:37:00,1976.32,1976.32,1976.16,1976.16,-0.01,81.43,157594.42,-1
2025-08-07,2025-08-07 11:38:00,1976.16,1976.16,1976.01,1976.01,-0.01,81.43,157594.42,-1
2025-08-07,2025-08-07 11:39:00,1976.01,1976.01,1975.86,1975.86,-0.01,81.43,157594.42,-1
2025-08-07,2025-08-07 11:40:00,1975.86,1975.86,1975.7,1975.7,-0.01,81.43,157594.42,-1
2025-08-07,2025-08-07 11:41:00,1975.7,1975.7,1975.55,1975.55,-0.01,81.43,157594.42,-1
2025-08-07,2025-08-07 11:42:00,1975.55,1975.55,1975.4,1975.4,-0.01,81.43,157594.42,-1
2025-08-07,2025-08-07 11:43:00,1975.4,1975.4,1975.24,1975.24,-0.01,81.43,157594.42,-1
2025-08-07,2025-08-07 11:44:00,1975.24,1975.24,1975.09,1975.09,-0.01,81.43,157594.42,-1
2025-08-07,2025-08-07 11:45:00,1975.09,1975.09,1974.94,1974.94,-0.01,81.43,157594.42,-1
2025-08-07,2025-08-07 11:46:00,1974.94,1974.94,1974.78,1974.78,-0.01,81.43,157594.42,-1
2025-08-07,2025-08-07 11:47:00,1974.78,1974.78,1974.63,1974.63,-0.01,81.43,157594.42,-1
2025-08-07,2025-08-07 11:48:00,1974.63,1974.63,1974.47,1974.47,-0.01,81.43,157594.42,-1
2025-08-07,2025-08-07 11:49:00,1974.47,1974.47,1974.32,1974.32,-0.01,81.43,157594.42,-1
2025-08-07,2025-08-07 11:50:00,1974.32,1974.32,1974.17,1974.17,-0.01,81.43,157594.42,-1
2025-08-07,2025-08-07 11:51:00,1974.17,1974.17,1974.01,1974.01,-0.01,81.43,157594.42,-1
2025-08-07,2025-08-07 11:52:00,1974.01,1974.01,1973.86,1973.86,-0.01,81.43,157594.42,-1
2025-08-07,2025-08-07 11:53:00,1973.86,1973.86,1973.71,1973.71,-0.01,81.43,157594.42,-1
2025-08-07,2025-08-07 11:54:00,1973.71,1973.71,1973.55,1973.55,-0.01,81.43,157594.42,-1
2025-08-07,2025-08-07 11:55:00,1973.55,1973.55,1973.4,1973.4,-0.01,81.43,157594.42,-1
2025-08-07,2025-08-07 11:56:00,1973.4,1973.4,1973.25,1973.25,-0.01,81.43,157594.42,-1
2025-08-07,2025-08-07 11:57:00,1973.25,1973.25,1973.09,1973.09,-0.01,81.43,157594.42,-1
2025-08-07,2025-08-07 11:58:00,1973.09,1973.09,1972.94,1972.94,-0.01,81.43,157594.42,-1
2025-08-07,2025-08-07 11:59:00,1972.94,1972.94,1972.79,1972.79,-0.01,81.43,157594.42,-1
2025-08-07,2025-08-07 12:00:00,1972.79,1972.79,1972.63,1972.63,-0.01,81.43,157594.42,-1
2025-08-07,2025-08-07 12:01:00,1972.63,1972.63,1972.48,1972.48,-0.01,81.43,157594.42,-1
2025-08-07,2025-08-07 12:02:00,1972.48,1972.48,1972.32,1972.32,-0.01,81.43,157594.42,-1
2025-08-07,2025-08-07 12:03:00,1972.32,1972.32,1972.17,1972.17,-0.01,81.43,157594.42,-1
2025-08-07,2025-08-07 12:04:00,1972.17,1972.17,1972.02,1972.02,-0.01,81.43,157594.42,-1
2025-08-07,2025-08-07 12:05:00,1972.02,1972.02,1971.86,1971.86,-0.01,81.43,157594.42,-1
2025-08-07,2025-08-07 12:06:00,1971.86,1971.86,1971.71,1971.71,-0.01,81.43,157594.42,-1
2025-08-07,2025-08-07 12:07:00,1971.71,1971.71,1971.56,1971.56,-0.01,81.43,157594.42,-1
2025-08-07,2025-08-07 12:08:00,1971.56,1971.56,1971.4,1971.4,-0.01,81.43,157594.42,-1
2025-08-07,2025-08-07 12:09:00,1971.4,1971.4,1971.25,1971.25,-0.01,81.43,157594.42,-1
2025-08-07,2025-08-07 12:10:00,1971.25,1971.25,1971.1,1971.1,-0.01,81.43,157594.42,-1
2025-08-07,2025-08-07 12:11:00,1971.1,1971.1,1970.94,1970.94,-0.01,81.43,157594.42,-1
2025-08-07,2025-08-07 12:12:00,1970.94,1970.94,1970.79,1970.79,-0.01,81.43,157594.42,-1
2025-08-07,2025-08-07 12:13:00,1970.79,1970.79,1970.63,1970.63,-0.01,81.43,157594.42,-1
2025-08-07,2025-08-07 12:14:00,1970.63,1970.63,1970.48,1970.48,-0.01,81.43,157594.42,-1
2025-08-07,2025-08-07 12:15:00,1970.48,1970.48,1970.33,1970.33,-0.01,81.43,157594.42,-1
2025-08-07,2025-08-07 12:16:00,1970.33,1970.33,1970.17,1970.17,-0.01,81.43,157594.42,-1
2025-08-07,2025-08-07 12:17:00,1970.17,1970.17,1970.02,1970.02,-0.01,81.43,157594.42,-1
2025-08-07,2025-08-07 12:18:00,1970.02,1970.02,1969.87,1969.87,-0.01,81.43,157594.42,-1
2025-08-07,2025-08-07 12:19:00,1969.87,1969.87,1969.71,1969.71,-0.01,81.43,157594.42,-1
2025-08-07,2025-08-07 12:20:00,1969.71,1969.71,1969.56,1969.56,-0.01,81.43,157594.42,-1
2025-08-07,2025-08-07 12:21:00,1969.56,1969.56,1969.41,1969.41,-0.01,81.43,157594.42,-1
2025-08-07,2025-08-07 12:22:00,1969.41,1969.41,1969.25,1969.25,-0.01,81.43,157594.42,-1
2025-08-07,2025-08-07 12:23:00,1969.25,1969.25,1969.1,1969.1,-0.01,81.43,157594.42,-1
2025-08-07,2025-08-07 12:24:00,1969.1,1969.1,1968.95,1968.95,-0.01,81.43,157594.42,-1
2025-08-07,2025-08-07 12:25:00,1968.95,1968.95,1968.79,1968.79,-0.01,81.43,157594.42,-1
2025-08-07,2025-08-07 12:26:00,1968.79,1968.79,1968.64,1968.64,-0.01,81.43,157594.42,-1
2025-08-07,2025-08-07 12:27:00,1968.64,1968.64,1968.48,1968.48,-0.01,81.43,157594.42,-1
2025-08-07,2025-08-07 12:28:00,1968.48,1968.48,1968.33,1968.33,-0.01,81.43,157594.42,-1
2025-08-07,2025-08-07 12:29:00,1968.33,1968.33,1968.18,1968.18,-0.01,81.43,157594.42,-1
2025-08-07,2025-08-07 12:30:00,1968.18,1968.18,1968.02,1968.02,-0.01,81.43,157594.42,-1
2025-08-07,2025-08-07 12:31:00,1968.02,1968.02,1967.87,1967.87,-0.01,81.43,157594.42,-1
2025-08-07,2025-08-07 12:32:00,1967.87,1967.87,1967.72,1967.72,-0.01,81.43,157594.42,-1
2025-08-07,2025-08-07 12:33:00,1967.72,1967.72,1967.56,1967.56,-0.01,81.43,157594.42,-1
2025-08-07,2025-08-07 12:34:00,1967.56,1967.56,1967.41,1967.41,-0.01,81.43,157594.42,-1
2025-08-07,2025-08-07 12:35:00,1967.41,1967.41,1967.26,1967.26,-0.01,81.43,157594.42,-1
2025-08-07,2025-08-07 12:36:00,1967.26,1967.26,1967.1,1967.1,-0.01,81.43,157594.42,-1
2025-08-07,2025-08-07 12:37:00,1967.1,1967.1,1966.95,1966.95,-0.01,81.43,157594.42,-1
2025-08-07,2025-08-07 12:38:00,1966.95,1966.95,1966.8,1966.8,-0.01,81.43,157594.42,-1
2025-08-07,2025-08-07 12:39:00,1966.8,1966.8,1966.64,1966.64,-0.01,81.43,157594.42,-1
2025-08-07,2025-08-07 12:40:00,1966.64,1966.64,1966.49,1966.49,-0.01,81.43,157594.42,-1
2025-08-07,2025-08-07 12:41:00,1966.49,1966.49,1966.33,1966.33,-0.01,81.43,157594.42,-1
2025-08-07,2025-08-07 12:42:00,1966.33,1966.33,1966.18,1966.18,-0.01,81.43,157594.42,-1
2025-08-07,2025-08-07 12:43:00,1966.18,1966.18,1966.03,1966.03,-0.01,81.43,157594.42,-1
2025-08-07,2025-08-07 12:44:00,1966.03,1966.03,1965.87,1965.87,-0.01,81.43,157594.42,-1
2025-08-07,2025-08-07 12:45:00,1965.87,1965.87,1965.72,1965.72,-0.01,81.43,157594.42,-1
2025-08-07,2025-08-07 12:46:00,1965.72,1965.72,1965.57,1965.57,-0.01,81.43,157594.42,-1
2025-08-07,2025-08-07 12:47:00,1965.57,1965.57,1965.41,1965.41,-0.01,81.43,157594.42,-1
2025-08-07,2025-08-07 12:48:00,1965.41,1965.41,1965.26,1965.26,-0.01,81.43,157594.42,-1
2025-08-07,2025-08-07 12:49:00,1965.26,1965.26,1965.11,1965.11,-0.01,81.43,157594.42,-1
2025-08-07,2025-08-07 12:50:00,1965.11,1965.11,1964.95,1964.95,-0.01,81.43,157594.42,-1
2025-08-07,2025-08-07 12:51:00,1964.95,1964.95,1964.8,1964.8,-0.01,81.43,157594.42,-1
2025-08-07,2025-08-07 12:52:00,1964.8,1964.8,1964.65,1964.65,-0.01,81.43,157594.42,-1
2025-08-07,2025-08-07 12:53:00,1964.65,1964.65,1964.49,1964.49,-0.01,81.43,157594.42,-1
2025-08-07,2025-08-07 12:54:00,1964.49,1964.49,1964.34,1964.34,-0.01,81.43,157594.42,-1
2025-08-07,2025-08-07 12:55:00,1964.34,1964.34,1964.18,1964.18,-0.01,81.43,157594.42,-1
2025-08-07,2025-08-07 12:56:00,1964.18,1964.18,1964.03,1964.03,-0.01,81.43,157594.42,-1
2025-08-07,2025-08-07 12:57:00,1964.03,1964.03,1963.88,1963.88,-0.01,81.43,157594.42,-1
2025-08-07,2025-08-07 12:58:00,1963.88,1963.88,1963.72,1963.72,-0.01,81.43,157594.42,-1
2025-08-07,2025-08-07 12:59:00,1963.72,1963.72,1963.57,1963.57,-0.01,81.43,157594.42,-1
2025-08-07,2025-08-07 13:00:00,1963.57,2021.0,1901.2,1963.42,-0.01,81.43,157594.42,-1
2025-08-07,2025-08-07 13:01:00,1963.42,1963.42,1963.26,1963.26,-0.01,81.43,157594.42,-1
2025-08-07,2025-08-07 13:02:00,1963.26,1963.26,1963.11,1963.11,-0.01,81.43,157594.42,-1
2025-08-07,2025-08-07 13:03:00,1963.11,1963.11,1962.96,1962.96,-0.01,81.43,157594.42,-1
2025-08-07,2025-08-07 13:04:00,1962.96,1962.96,1962.8,1962.8,-0.01,81.43,157594.42,-1
2025-08-07,2025-08-07 13:05:00,1962.8,1962.8,1962.65,1962.65,-0.01,81.43,157594.42,-1
2025-08-07,2025-08-07 13:06:00,1962.65,1962.65,1962.49,1962.49,-0.01,81.43,157594.42,-1
2025-08-07,2025-08-07 13:07:00,1962.49,1962.49,1962.34,1962.34,-0.01,81.43,157594.42,-1
2025-08-07,2025-08-07 13:08:00,1962.34,1962.34,1962.19,1962.19,-0.01,81.43,157594.42,-1
2025-08-07,2025-08-07 13:09:00,1962.19,1962.19,1962.03,1962.03,-0.01,81.43,157594.42,-1
2025-08-07,2025-08-07 13:10:00,1962.03,1962.03,1961.88,1961.88,-0.01,81.43,157594.42,-1
2025-08-07,2025-08-07 13:11:00,1961.88,1961.88,1961.73,1961.73,-0.01,81.43,157594.42,-1
2025-08-07,2025-08-07 13:12:00,1961.73,1961.73,1961.57,1961.57,-0.01,81.43,157594.42,-1
2025-08-07,2025-08-07 13:13:00,1961.57,1961.57,1961.42,1961.42,-0.01,81.43,157594.42,-1
2025-08-07,2025-08-07 13:14:00,1961.42,1961.42,1961.27,1961.27,-0.01,81.43,157594.42,-1
2025-08-07,2025-08-07 13:15:00,1961.27,1961.27,1961.11,1961.11,-0.01,81.43,157594.42,-1
2025-08-07,2025-08-07 13:16:00,1961.11,1961.11,1960.96,1960.96,-0.01,81.43,157594.42,-1
2025-08-07,2025-08-07 13:17:00,1960.96,1960.96,1960.81,1960.81,-0.01,81.43,157594.42,-1
2025-08-07,2025-08-07 13:18:00,1960.81,1960.81,1960.65,1960.65,-0.01,81.43,157594.42,-1
2025-08-07,2025-08-07 13:19:00,1960.65,1960.65,1960.5,1960.5,-0.01,81.43,157594.42,-1
2025-08-07,2025-08-07 13:20:00,1960.5,1960.5,1960.34,1960.34,-0.01,81.43,157594.42,-1
2025-08-07,2025-08-07 13:21:00,1960.34,1960.34,1960.19,1960.19,-0.01,81.43,157594.42,-1
2025-08-07,2025-08-07 13:22:00,1960.19,1960.19,1960.04,1960.04,-0.01,81.43,157594.42,-1
2025-08-07,2025-08-07 13:23:00,1960.04,1960.04,1959.88,1959.88,-0.01,81.43,157594.42,-1
2025-08-07,2025-08-07 13:24:00,1959.88,1959.88,1959.73,1959.73,-0.01,81.43,157594.42,-1
2025-08-07,2025-08-07 13:25:00,1959.73,1959.73,1959.58,1959.58,-0.01,81.43,157594.42,-1
2025-08-07,2025-08-07 13:26:00,1959.58,1959.58,1959.42,1959.42,-0.01,81.43,157594.42,-1
2025-08-07,2025-08-07 13:27:00,1959.42,1959.42,1959.27,1959.27,-0.01,81.43,157594.42,-1
2025-08-07,2025-08-07 13:28:00,1959.27,1959.27,1959.12,1959.12,-0.01,81.43,157594.42,-1
2025-08-07,2025-08-07 13:29:00,1959.12,1959.12,1958.96,1958.96,-0.01,81.43,157594.42,-1
2025-08-07,2025-08-07 13:30:00,1958.96,1958.96,1958.81,1958.81,-0.01,81.43,157594.42,-1
2025-08-07,2025-08-07 13:31:00,1958.81,1958.81,1958.66,1958.66,-0.01,81.43,157594.42,-1
2025-08-07,2025-08-07 13:32:00,1958.66,1958.66,1958.5,1958.5,-0.01,81.43,157594.42,-1
2025-08-07,2025-08-07 13:33:00,1958.5,1958.5,1958.35,1958.35,-0.01,81.43,157594.42,-1
2025-08-07,2025-08-07 13:34:00,1958.35,1958.35,1958.19,1958.19,-0.01,81.43,157594.42,-1
2025-08-07,2025-08-07 13:35:00,1958.19,1958.19,1958.04,1958.04,-0.01,81.43,157594.42,-1
2025-08-07,2025-08-07 13:36:00,1958.04,1958.04,1957.89,1957.89,-0.01,81.43,157594.42,-1
2025-08-07,2025-08-07 13:37:00,1957.89,1957.89,1957.73,1957.73,-0.01,81.43,157594.42,-1
2025-08-07,2025-08-07 13:38:00,1957.73,1957.73,1957.58,1957.58,-0.01,81.43,157594.42,-1
2025-08-07,2025-08-07 13:39:00,1957.58,1957.58,1957.43,1957.43,-0.01,81.43,157594.42,-1
2025-08-07,2025-08-07 13:40:00,1957.43,1957.43,1957.27,1957.27,-0.01,81.43,157594.42,-1
2025-08-07,2025-08-07 13:41:00,1957.27,1957.27,1957.12,1957.12,-0.01,81.43,157594.42,-1
2025-08-07,2025-08-07 13:42:00,1957.12,1957.12,1956.97,1956.97,-0.01,81.43,157594.42,-1
2025-08-07,2025-08-07 13:43:00,1956.97,1956.97,1956.81,1956.81,-0.01,81.43,157594.42,-1
2025-08-07,2025-08-07 13:44:00,1956.81,1956.81,1956.66,1956.66,-0.01,81.43,157594.42,-1
2025-08-07,2025-08-07 13:45:00,1956.66,1956.66,1956.51,1956.51,-0.01,81.43,157594.42,-1
2025-08-07,2025-08-07 13:46:00,1956.51,1956.51,1956.35,1956.35,-0.01,81.43,157594.42,-1
2025-08-07,2025-08-07 13:47:00,1956.35,1956.35,1956.2,1956.2,-0.01,81.43,157594.42,-1
2025-08-07,2025-08-07 13:48:00,1956.2,1956.2,1956.04,1956.04,-0.01,81.43,157594.42,-1
2025-08-07,2025-08-07 13:49:00,1956.04,1956.04,1955.89,1955.89,-0.01,81.43,157594.42,-1
2025-08-07,2025-08-07 13:50:00,1955.89,1955.89,1955.74,1955.74,-0.01,81.43,157594.42,-1
2025-08-07,2025-08-07 13:51:00,1955.74,1955.74,1955.58,1955.58,-0.01,81.43,157594.42,-1
2025-08-07,2025-08-07 13:52:00,1955.58,1955.58,1955.43,1955.43,-0.01,81.43,157594.42,-1
2025-08-07,2025-08-07 13:53:00,1955.43,1955.43,1955.28,1955.28,-0.01,81.43,157594.42,-1
2025-08-07,2025-08-07 13:54:00,1955.28,1955.28,1955.12,1955.12,-0.01,81.43,157594.42,-1
2025-08-07,2025-08-07 13:55:00,1955.12,1955.12,1954.97,1954.97,-0.01,81.43,157594.42,-1
2025-08-07,2025-08-07 13:56:00,1954.97,1954.97,1954.82,1954.82,-0.01,81.43,157594.42,-1
2025-08-07,2025-08-07 13:57:00,1954.82,1954.82,1954.66,1954.66,-0.01,81.43,157594.42,-1
2025-08-07,2025-08-07 13:58:00,1954.66,1954.66,1954.51,1954.51,-0.01,81.43,157594.42,-1
2025-08-07,2025-08-07 13:59:00,1954.51,1954.51,1954.36,1954.36,-0.01,81.43,157594.42,-1
2025-08-07,2025-08-07 14:00:00,1954.36,1954.36,1954.2,1954.2,-0.01,81.43,157594.42,-1
2025-08-07,2025-08-07 14:01:00,1954.2,1954.2,1954.05,1954.05,-0.01,81.43,157594.42,-1
2025-08-07,2025-08-07 14:02:00,1954.05,1954.05,1953.89,1953.89,-0.01,81.43,157594.42,-1
2025-08-07,2025-08-07 14:03:00,1953.89,1953.89,1953.74,1953.74,-0.01,81.43,157594.42,-1
2025-08-07,2025-08-07 14:04:00,1953.74,1953.74,1953.59,1953.59,-0.01,81.43,157594.42,-1
2025-08-07,2025-08-07 14:05:00,1953.59,1953.59,1953.43,1953.43,-0.01,81.43,157594.42,-1
2025-08-07,2025-08-07 14:06:00,1953.43,1953.43,1953.28,1953.28,-0.01,81.43,157594.42,-1
2025-08-07,2025-08-07 14:07:00,1953.28,1953.28,1953.13,1953.13,-0.01,81.43,157594.42,-1
2025-08-07,2025-08-07 14:08:00,1953.13,1953.13,1952.97,1952.97,-0.01,81.43,157594.42,-1
2025-08-07,2025-08-07 14:09:00,1952.97,1952.97,1952.82,1952.82,-0.01,81.43,157594.42,-1
2025-08-07,2025-08-07 14:10:00,1952.82,1952.82,1952.67,1952.67,-0.01,81.43,157594.42,-1
2025-08-07,2025-08-07 14:11:00,1952.67,1952.67,1952.51,1952.51,-0.01,81.43,157594.42,-1
2025-08-07,2025-08-07 14:12:00,1952.51,1952.51,1952.36,1952.36,-0.01,81.43,157594.42,-1
2025-08-07,2025-08-07 14:13:00,1952.36,1952.36,1952.2,1952.2,-0.01,81.43,157594.42,-1
2025-08-07,2025-08-07 14:14:00,1952.2,1952.2,1952.05,1952.05,-0.01,81.43,157594.42,-1
2025-08-07,2025-08-07 14:15:00,1952.05,1952.05,1951.9,1951.9,-0.01,81.43,157594.42,-1
2025-08-07,2025-08-07 14:16:00,1951.9,1951.9,1951.74,1951.74,-0.01,81.43,157594.42,-1
2025-08-07,2025-08-07 14:17:00,1951.74,1951.74,1951.59,1951.59,-0.01,81.43,157594.42,-1
2025-08-07,2025-08-07 14:18:00,1951.59,1951.59,1951.44,1951.44,-0.01,81.43,157594.42,-1
2025-08-07,2025-08-07 14:19:00,1951.44,1951.44,1951.28,1951.28,-0.01,81.43,157594.42,-1
2025-08-07,2025-08-07 14:20:00,1951.28,1951.28,1951.13,1951.13,-0.01,81.43,157594.42,-1
2025-08-07,2025-08-07 14:21:00,1951.13,1951.13,1950.98,1950.98,-0.01,81.43,157594.42,-1
2025-08-07,2025-08-07 14:22:00,1950.98,1950.98,1950.82,1950.82,-0.01,81.43,157594.42,-1
2025-08-07,2025-08-07 14:23:00,1950.82,1950.82,1950.67,1950.67,-0.01,81.43,157594.42,-1
2025-08-07,2025-08-07 14:24:00,1950.67,1950.67,1950.52,1950.52,-0.01,81.43,157594.42,-1
2025-08-07,2025-08-07 14:25:00,1950.52,1950.52,1950.36,1950.36,-0.01,81.43,157594.42,-1
2025-08-07,2025-08-07 14:26:00,1950.36,1950.36,1950.21,1950.21,-0.01,81.43,157594.42,-1
2025-08-07,2025-08-07 14:27:00,1950.21,1950.21,1950.05,1950.05,-0.01,81.43,157594.42,-1
2025-08-07,2025-08-07 14:28:00,1950.05,1950.05,1949.9,1949.9,-0.01,81.43,157594.42,-1
2025-08-07,2025-08-07 14:29:00,1949.9,1949.9,1949.75,1949.75,-0.01,81.43,157594.42,-1
2025-08-07,2025-08-07 14:30:00,1949.75,1949.75,1949.59,1949.59,-0.01,81.43,157594.42,-1
2025-08-07,2025-08-07 14:31:00,1949.59,1949.59,1949.44,1949.44,-0.01,81.43,157594.42,-1
2025-08-07,2025-08-07 14:32:00,1949.44,1949.44,1949.29,1949.29,-0.01,81.43,157594.42,-1
2025-08-07,2025-08-07 14:33:00,1949.29,1949.29,1949.13,1949.13,-0.01,81.43,157594.42,-1
2025-08-07,2025-08-07 14:34:00,1949.13,1949.13,1948.98,1948.98,-0.01,81.43,157594.42,-1
2025-08-07,2025-08-07 14:35:00,1948.98,1948.98,1948.83,1948.83,-0.01,81.43,157594.42,-1
2025-08-07,2025-08-07 14:36:00,1948.83,1948.83,1948.67,1948.67,-0.01,81.43,157594.42,-1
2025-08-07,2025-08-07 14:37:00,1948.67,1948.67,1948.52,1948.52,-0.01,81.43,157594.42,-1
2025-08-07,2025-08-07 14:38:00,1948.52,1948.52,1948.37,1948.37,-0.01,81.43,157594.42,-1
2025-08-07,2025-08-07 14:39:00,1948.37,1948.37,1948.21,1948.21,-0.01,81.43,157594.42,-1
2025-08-07,2025-08-07 14:40:00,1948.21,1948.21,1948.06,1948.06,-0.01,81.43,157594.42,-1
2025-08-07,2025-08-07 14:41:00,1948.06,1948.06,1947.9,1947.9,-0.01,81.43,157594.42,-1
2025-08-07,2025-08-07 14:42:00,1947.9,1947.9,1947.75,1947.75,-0.01,81.43,157594.42,-1
2025-08-07,2025-08-07 14:43:00,1947.75,1947.75,1947.6,1947.6,-0.01,81.43,157594.42,-1
2025-08-07,2025-08-07 14:44:00,1947.6,1947.6,1947.44,1947.44,-0.01,81.43,157594.42,-1
2025-08-07,2025-08-07 14:45:00,1947.44,1947.44,1947.29,1947.29,-0.01,81.43,157594.42,-1
2025-08-07,2025-08-07 14:46:00,1947.29,1947.29,1947.14,1947.14,-0.01,81.43,157594.42,-1
2025-08-07,2025-08-07 14:47:00,1947.14,1947.14,1946.98,1946.98,-0.01,81.43,157594.42,-1
2025-08-07,2025-08-07 14:48:00,1946.98,1946.98,1946.83,1946.83,-0.01,81.43,157594.42,-1
2025-08-07,2025-08-07 14:49:00,1946.83,1946.83,1946.68,1946.68,-0.01,81.43,157594.42,-1
2025-08-07,2025-08-07 14:50:00,1946.68,1946.68,1946.52,1946.52,-0.01,81.43,157594.42,-1
2025-08-07,2025-08-07 14:51:00,1946.52,1946.52,1946.37,1946.37,-0.01,81.43,157594.42,-1
2025-08-07,2025-08-07 14:52:00,1946.37,1946.37,1946.22,1946.22,-0.01,81.43,157594.42,-1
2025-08-07,2025-08-07 14:53:00,1946.22,1946.22,1946.06,1946.06,-0.01,81.43,157594.42,-1
2025-08-07,2025-08-07 14:54:00,1946.06,1946.06,1945.91,1945.91,-0.01,81.43,157594.42,-1
2025-08-07,2025-08-07 14:55:00,1945.91,1945.91,1945.75,1945.75,-0.01,81.43,157594.42,-1
2025-08-07,2025-08-07 14:56:00,1945.75,1945.75,1945.6,1945.6,-0.01,81.43,157594.42,-1
2025-08-07,2025-08-07 14:57:00,1945.6,1945.6,1945.45,1945.45,-0.01,81.43,157594.42,-1
2025-08-07,2025-08-07 14:58:00,1945.45,1945.45,1945.29,1945.29,-0.01,81.43,157594.42,-1
2025-08-07,2025-08-07 14:59:00,1945.29,1945.29,1945.14,1945.14,-0.01,81.43,157594.42,-1
2025-08-07,2025-08-07 15:00:00,1945.14,2021.0,1901.2,1945.14,0.0,81.43,157594.42,0
2025-08-11,2025-08-11 11:00:00,1906.3,1929.25,1883.41,1906.0,-0.02,29.08,54574.69,-1
2025-08-11,2025-08-11 11:01:00,1906.0,1906.0,1905.69,1905.69,-0.02,29.08,54574.69,-1
2025-08-11,2025-08-11 11:02:00,1905.69,1905.69,1905.39,1905.39,-0.02,29.08,54574.69,-1
2025-08-11,2025-08-11 11:03:00,1905.39,1905.39,1905.09,1905.09,-0.02,29.08,54574.69,-1
2025-08-11,2025-08-11 11:04:00,1905.09,1905.09,1904.78,1904.78,-0.02,29.08,54574.69,-1
2025-08-11,2025-08-11 11:05:00,1904.78,1904.78,1904.48,1904.48,-0.02,29.08,54574.69,-1
2025-08-11,2025-08-11 11:06:00,1904.48,1904.48,1904.17,1904.17,-0.02,29.08,54574.69,-1
2025-08-11,2025-08-11 11:07:00,1904.17,1904.17,1903.87,1903.87,-0.02,29.08,54574.69,-1
2025-08-11,2025-08-11 11:08:00,1903.87,1903.87,1903.57,1903.57,-0.02,29.08,54574.69,-1
2025-08-11,2025-08-11 11:09:00,1903.57,1903.57,1903.26,1903.26,-0.02,29.08,54574.69,-1
2025-08-11,2025-08-11 11:10:00,1903.26,1903.26,1902.96,1902.96,-0.02,29.08,54574.69,-1
2025-08-11,2025-08-11 11:11:00,1902.96,1902.96,1902.66,1902.66,-0.02,29.08,54574.69,-1
2025-08-11,2025-08-11 11:12:00,1902.66,1902.66,1902.35,1902.35,-0.02,29.08,54574.69,-1
2025-08-11,2025-08-11 11:13:00,1902.35,1902.35,1902.05,1902.05,-0.02,29.08,54574.69,-1
2025-08-11,2025-08-11 11:14:00,1902.05,1902.05,1901.75,1901.75,-0.02,29.08,54574.69,-1
2025-08-11,2025-08-11 11:15:00,1901.75,1901.75,1901.44,1901.44,-0.02,29.08,54574.69,-1
2025-08-11,2025-08-11 11:16:00,1901.44,1901.44,1901.14,1901.14,-0.02,29.08,54574.69,-1
2025-08-11,2025-08-11 11:17:00,1901.14,1901.14,1900.83,1900.83,-0.02,29.08,54574.69,-1
2025-08-11,2025-08-11 11:18:00,1900.83,1900.83,1900.53,1900.53,-0.02,29.08,54574.69,-1
2025-08-11,2025-08-11 11:19:00,1900.53,1900.53,1900.23,1900.23,-0.02,29.08,54574.69,-1
2025-08-11,2025-08-11 11:20:00,1900.23,1900.23,1899.92,1899.92,-0.02,29.08,54574.69,-1
2025-08-11,2025-08-11 11:21:00,1899.92,1899.92,1899.62,1899.62,-0.02,29.08,54574.69,-1
2025-08-11,2025-08-11 11:22:00,1899.62,1899.62,1899.32,1899.32,-0.02,29.08,54574.69,-1
2025-08-11,2025-08-11 11:23:00,1899.32,1899.32,1899.01,1899.01,-0.02,29.08,54574.69,-1
2025-08-11,2025-08-11 11:24:00,1899.01,1899.01,1898.71,1898.71,-0.02,29.08,54574.69,-1
2025-08-11,2025-08-11 11:25:00,1898.71,1898.71,1898.41,1898.41,-0.02,29.08,54574.69,-1
2025-08-11,2025-08-11 11:26:00,1898.41,1898.41,1898.1,1898.1,-0.02,29.08,54574.69,-1
2025-08-11,2025-08-11 11:27:00,1898.1,1898.1,1897.8,1897.8,-0.02,29.08,54574.69,-1
2025-08-11,2025-08-11 11:28:00,1897.8,1897.8,1897.49,1897.49,-0.02,29.08,54574.69,-1
2025-08-11,2025-08-11 11:29:00,1897.49,1897.49,1897.19,1897.19,-0.02,29.08,54574.69,-1
2025-08-11,2025-08-11 11:30:00,1897.19,1897.19,1896.89,1896.89,-0.02,29.08,54574.69,-1
2025-08-11,2025-08-11 11:31:00,1896.89,1896.89,1896.58,1896.58,-0.02,29.08,54574.69,-1
2025-08-11,2025-08-11 11:32:00,1896.58,1896.58,1896.28,1896.28,-0.02,29.08,54574.69,-1
2025-08-11,2025-08-11 11:33:00,1896.28,1896.28,1895.98,1895.98,-0.02,29.08,54574.69,-1
2025-08-11,2025-08-11 11:34:00,1895.98,1895.98,1895.67,1895.67,-0.02,29.08,54574.69,-1
2025-08-11,2025-08-11 11:35:00,1895.67,1895.67,1895.37,1895.37,-0.02,29.08,54574.69,-1
2025-08-11,2025-08-11 11:36:00,1895.37,1895.37,1895.07,1895.07,-0.02,29.08,54574.69,-1
2025-08-11,2025-08-11 11:37:00,1895.07,1895.07,1894.76,1894.76,-0.02,29.08,54574.69,-1
2025-08-11,2025-08-11 11:38:00,1894.76,1894.76,1894.46,1894.46,-0.02,29.08,54574.69,-1
2025-08-11,2025-08-11 11:39:00,1894.46,1894.46,1894.15,1894.15,-0.02,29.08,54574.69,-1
2025-08-11,2025-08-11 11:40:00,1894.15,1894.15,1893.85,1893.85,-0.02,29.08,54574.69,-1
2025-08-11,2025-08-11 11:41:00,1893.85,1893.85,1893.55,1893.55,-0.02,29.08,54574.69,-1
2025-08-11,2025-08-11 11:42:00,1893.55,1893.55,1893.24,1893.24,-0.02,29.08,54574.69,-1
2025-08-11,2025-08-11 11:43:00,1893.24,1893.24,1892.94,1892.94,-0.02,29.08,54574.69,-1
2025-08-11,2025-08-11 11:44:00,1892.94,1892.94,1892.64,1892.64,-0.02,29.08,54574.69,-1
2025-08-11,2025-08-11 11:45:00,1892.64,1892.64,1892.33,1892.33,-0.02,29.08,54574.69,-1
2025-08-11,2025-08-11 11:46:00,1892.33,1892.33,1892.03,1892.03,-0.02,29.08,54574.69,-1
2025-08-11,2025-08-11 11:47:00,1892.03,1892.03,1891.73,1891.73,-0.02,29.08,54574.69,-1
2025-08-11,2025-08-11 11:48:00,1891.73,1891.73,1891.42,1891.42,-0.02,29.08,54574.69,-1
2025-08-11,2025-08-11 11:49:00,1891.42,1891.42,1891.12,1891.12,-0.02,29.08,54574.69,-1
2025-08-11,2025-08-11 11:50:00,1891.12,1891.12,1890.82,1890.82,-0.02,29.08,54574.69,-1
2025-08-11,2025-08-11 11:51:00,1890.82,1890.82,1890.51,1890.51,-0.02,29.08,54574.69,-1
2025-08-11,2025-08-11 11:52:00,1890.51,1890.51,1890.21,1890.21,-0.02,29.08,54574.69,-1
2025-08-11,2025-08-11 11:53:00,1890.21,1890.21,1889.9,1889.9,-0.02,29.08,54574.69,-1
2025-08-11,2025-08-11 11:54:00,1889.9,1889.9,1889.6,1889.6,-0.02,29.08,54574.69,-1
2025-08-11,2025-08-11 11:55:00,1889.6,1889.6,1889.3,1889.3,-0.02,29.08,54574.69,-1
2025-08-11,2025-08-11 11:56:00,1889.3,1889.3,1888.99,1888.99,-0.02,29.08,54574.69,-1
2025-08-11,2025-08-11 11:57:00,1888.99,1888.99,1888.69,1888.69,-0.02,29.08,54574.69,-1
2025-08-11,2025-08-11 11:58:00,1888.69,1888.69,1888.39,1888.39,-0.02,29.08,54574.69,-1
2025-08-11,2025-08-11 11:59:00,1888.39,1888.39,1888.08,1888.08,-0.02,29.08,54574.69,-1
2025-08-11,2025-08-11 12:00:00,1888.08,1888.08,1887.78,1887.78,-0.02,29.08,54574.69,-1
2025-08-11,2025-08-11 12:01:00,1887.78,1887.78,1887.48,1887.48,-0.02,29.08,54574.69,-1
2025-08-11,2025-08-11 12:02:00,1887.48,1887.48,1887.17,1887.17,-0.02,29.08,54574.69,-1
2025-08-11,2025-08-11 12:03:00,1887.17,1887.17,1886.87,1886.87,-0.02,29.08,54574.69,-1
2025-08-11,2025-08-11 12:04:00,1886.87,1886.87,1886.56,1886.56,-0.02,29.08,54574.69,-1
2025-08-11,2025-08-11 12:05:00,1886.56,1886.56,1886.26,1886.26,-0.02,29.08,54574.69,-1
2025-08-11,2025-08-11 12:06:00,1886.26,1886.26,1885.96,1885.96,-0.02,29.08,54574.69,-1
2025-08-11,2025-08-11 12:07:00,1885.96,1885.96,1885.65,1885.65,-0.02,29.08,54574.69,-1
2025-08-11,2025-08-11 12:08:00,1885.65,1885.65,1885.35,1885.35,-0.02,29.08,54574.69,-1
2025-08-11,2025-08-11 12:09:00,1885.35,1885.35,1885.05,1885.05,-0.02,29.08,54574.69,-1
2025-08-11,2025-08-11 12:10:00,1885.05,1885.05,1884.74,1884.74,-0.02,29.08,54574.69,-1
2025-08-11,2025-08-11 12:11:00,1884.74,1884.74,1884.44,1884.44,-0.02,29.08,54574.69,-1
2025-08-11,2025-08-11 12:12:00,1884.44,1884.44,1884.14,1884.14,-0.02,29.08,54574.69,-1
2025-08-11,2025-08-11 12:13:00,1884.14,1884.14,1883.83,1883.83,-0.02,29.08,54574.69,-1
2025-08-11,2025-08-11 12:14:00,1883.83,1883.83,1883.53,1883.53,-0.02,29.08,54574.69,-1
2025-08-11,2025-08-11 12:15:00,1883.53,1883.53,1883.22,1883.22,-0.02,29.08,54574.69,-1
2025-08-11,2025-08-11 12:16:00,1883.22,1883.22,1882.92,1882.92,-0.02,29.08,54574.69,-1
2025-08-11,2025-08-11 12:17:00,1882.92,1882.92,1882.62,1882.62,-0.02,29.08,54574.69,-1
2025-08-11,2025-08-11 12:18:00,1882.62,1882.62,1882.31,1882.31,-0.02,29.08,54574.69,-1
2025-08-11,2025-08-11 12:19:00,1882.31,1882.31,1882.01,1882.01,-0.02,29.08,54574.69,-1
2025-08-11,2025-08-11 12:20:00,1882.01,1882.01,1881.71,1881.71,-0.02,29.08,54574.69,-1
2025-08-11,2025-08-11 12:21:00,1881.71,1881.71,1881.4,1881.4,-0.02,29.08,54574.69,-1
2025-08-11,2025-08-11 12:22:00,1881.4,1881.4,1881.1,1881.1,-0.02,29.08,54574.69,-1
2025-08-11,2025-08-11 12:23:00,1881.1,1881.1,1880.8,1880.8,-0.02,29.08,54574.69,-1
2025-08-11,2025-08-11 12:24:00,1880.8,1880.8,1880.49,1880.49,-0.02,29.08,54574.69,-1
2025-08-11,2025-08-11 12:25:00,1880.49,1880.49,1880.19,1880.19,-0.02,29.08,54574.69,-1
2025-08-11,2025-08-11 12:26:00,1880.19,1880.19,1879.88,1879.88,-0.02,29.08,54574.69,-1
2025-08-11,2025-08-11 12:27:00,1879.88,1879.88,1879.58,1879.58,-0.02,29.08,54574.69,-1
2025-08-11,2025-08-11 12:28:00,1879.58,1879.58,1879.28,1879.28,-0.02,29.08,54574.69,-1
2025-08-11,2025-08-11 12:29:00,1879.28,1879.28,1878.97,1878.97,-0.02,29.08,54574.69,-1
2025-08-11,2025-08-11 12:30:00,1878.97,1878.97,1878.67,1878.67,-0.02,29.08,54574.69,-1
2025-08-11,2025-08-11 12:31:00,1878.67,1878.67,1878.37,1878.37,-0.02,29.08,54574.69,-1
2025-08-11,2025-08-11 12:32:00,1878.37,1878.37,1878.06,1878.06,-0.02,29.08,54574.69,-1
2025-08-11,2025-08-11 12:33:00,1878.06,1878.06,1877.76,1877.76,-0.02,29.08,54574.69,-1
2025-08-11,2025-08-11 12:34:00,1877.76,1877.76,1877.46,1877.46,-0.02,29.08,54574.69,-1
2025-08-11,2025-08-11 12:35:00,1877.46,1877.46,1877.15,1877.15,-0.02,29.08,54574.69,-1
2025-08-11,2025-08-11 12:36:00,1877.15,1877.15,1876.85,1876.85,-0.02,29.08,54574.69,-1
2025-08-11,2025-08-11 12:37:00,1876.85,1876.85,1876.54,1876.54,-0.02,29.08,54574.69,-1
2025-08-11,2025-08-11 12:38:00,1876.54,1876.54,1876.24,1876.24,-0.02,29.08,54574.69,-1
2025-08-11,2025-08-11 12:39:00,1876.24,1876.24,1875.94,1875.94,-0.02,29.08,54574.69,-1
2025-08-11,2025-08-11 12:40:00,1875.94,1875.94,1875.63,1875.63,-0.02,29.08,54574.69,-1
2025-08-11,2025-08-11 12:41:00,1875.63,1875.63,1875.33,1875.33,-0.02,29.08,54574.69,-1
2025-08-11,2025-08-11 12:42:00,1875.33,1875.33,1875.03,1875.03,-0.02,29.08,54574.69,-1
2025-08-11,2025-08-11 12:43:00,1875.03,1875.03,1874.72,1874.72,-0.02,29.08,54574.69,-1
2025-08-11,2025-08-11 12:44:00,1874.72,1874.72,1874.42,1874.42,-0.02,29.08,54574.69,-1
2025-08-11,2025-08-11 12:45:00,1874.42,1874.42,1874.12,1874.12,-0.02,29.08,54574.69,-1
2025-08-11,2025-08-11 12:46:00,1874.12,1874.12,1873.81,1873.81,-0.02,29.08,54574.69,-1
2025-08-11,2025-08-11 12:47:00,1873.81,1873.81,1873.51,1873.51,-0.02,29.08,54574.69,-1
2025-08-11,2025-08-11 12:48:00,1873.51,1873.51,1873.2,1873.2,-0.02,29.08,54574.69,-1
2025-08-11,2025-08-11 12:49:00,1873.2,1873.2,1872.9,1872.9,-0.02,29.08,54574.69,-1
2025-08-11,2025-08-11 12:50:00,1872.9,1872.9,1872.6,1872.6,-0.02,29.08,54574.69,-1
2025-08-11,2025-08-11 12:51:00,1872.6,1872.6,1872.29,1872.29,-0.02,29.08,54574.69,-1
2025-08-11,2025-08-11 12:52:00,1872.29,1872.29,1871.99,1871.99,-0.02,29.08,54574.69,-1
2025-08-11,2025-08-11 12:53:00,1871.99,1871.99,1871.69,1871.69,-0.02,29.08,54574.69,-1
2025-08-11,2025-08-11 12:54:00,1871.69,1871.69,1871.38,1871.38,-0.02,29.08,54574.69,-1
2025-08-11,2025-08-11 12:55:00,1871.38,1871.38,1871.08,1871.08,-0.02,29.08,54574.69,-1
2025-08-11,2025-08-11 12:56:00,1871.08,1871.08,1870.78,1870.78,-0.02,29.08,54574.69,-1
2025-08-11,2025-08-11 12:57:00,1870.78,1870.78,1870.47,1870.47,-0.02,29.08,54574.69,-1
2025-08-11,2025-08-11 12:58:00,1870.47,1870.47,1870.17,1870.17,-0.02,29.08,54574.69,-1
2025-08-11,2025-08-11 12:59:00,1870.17,1870.17,1869.87,1869.87,-0.02,29.08,54574.69,-1
2025-08-11,2025-08-11 13:00:00,1869.87,1982.8,1830.0,1869.56,-0.02,29.08,54574.69,-1
2025-08-11,2025-08-11 13:01:00,1869.56,1869.56,1869.26,1869.26,-0.02,29.08,54574.69,-1
2025-08-11,2025-08-11 13:02:00,1869.26,1869.26,1868.95,1868.95,-0.02,29.08,54574.69,-1
2025-08-11,2025-08-11 13:03:00,1868.95,1868.95,1868.65,1868.65,-0.02,29.08,54574.69,-1
2025-08-11,2025-08-11 13:04:00,1868.65,1868.65,1868.35,1868.35,-0.02,29.08,54574.69,-1
2025-08-11,2025-08-11 13:05:00,1868.35,1868.35,1868.04,1868.04,-0.02,29.08,54574.69,-1
2025-08-11,2025-08-11 13:06:00,1868.04,1868.04,1867.74,1867.74,-0.02,29.08,54574.69,-1
2025-08-11,2025-08-11 13:07:00,1867.74,1867.74,1867.44,1867.44,-0.02,29.08,54574.69,-1
2025-08-11,2025-08-11 13:08:00,1867.44,1867.44,1867.13,1867.13,-0.02,29.08,54574.69,-1
2025-08-11,2025-08-11 13:09:00,1867.13,1867.13,1866.83,1866.83,-0.02,29.08,54574.69,-1
2025-08-11,2025-08-11 13:10:00,1866.83,1866.83,1866.53,1866.53,-0.02,29.08,54574.69,-1
2025-08-11,2025-08-11 13:11:00,1866.53,1866.53,1866.22,1866.22,-0.02,29.08,54574.69,-1
2025-08-11,2025-08-11 13:12:00,1866.22,1866.22,1865.92,1865.92,-0.02,29.08,54574.69,-1
2025-08-11,2025-08-11 13:13:00,1865.92,1865.92,1865.61,1865.61,-0.02,29.08,54574.69,-1
2025-08-11,2025-08-11 13:14:00,1865.61,1865.61,1865.31,1865.31,-0.02,29.08,54574.69,-1
2025-08-11,2025-08-11 13:15:00,1865.31,1865.31,1865.01,1865.01,-0.02,29.08,54574.69,-1
2025-08-11,2025-08-11 13:16:00,1865.01,1865.01,1864.7,1864.7,-0.02,29.08,54574.69,-1
2025-08-11,2025-08-11 13:17:00,1864.7,1864.7,1864.4,1864.4,-0.02,29.08,54574.69,-1
2025-08-11,2025-08-11 13:18:00,1864.4,1864.4,1864.1,1864.1,-0.02,29.08,54574.69,-1
2025-08-11,2025-08-11 13:19:00,1864.1,1864.1,1863.79,1863.79,-0.02,29.08,54574.69,-1
2025-08-11,2025-08-11 13:20:00,1863.79,1863.79,1863.49,1863.49,-0.02,29.08,54574.69,-1
2025-08-11,2025-08-11 13:21:00,1863.49,1863.49,1863.19,1863.19,-0.02,29.08,54574.69,-1
2025-08-11,2025-08-11 13:22:00,1863.19,1863.19,1862.88,1862.88,-0.02,29.08,54574.69,-1
2025-08-11,2025-08-11 13:23:00,1862.88,1862.88,1862.58,1862.58,-0.02,29.08,54574.69,-1
2025-08-11,2025-08-11 13:24:00,1862.58,1862.58,1862.27,1862.27,-0.02,29.08,54574.69,-1
2025-08-11,2025-08-11 13:25:00,1862.27,1862.27,1861.97,1861.97,-0.02,29.08,54574.69,-1
2025-08-11,2025-08-11 13:26:00,1861.97,1861.97,1861.67,1861.67,-0.02,29.08,54574.69,-1
2025-08-11,2025-08-11 13:27:00,1861.67,1861.67,1861.36,1861.36,-0.02,29.08,54574.69,-1
2025-08-11,2025-08-11 13:28:00,1861.36,1861.36,1861.06,1861.06,-0.02,29.08,54574.69,-1
2025-08-11,2025-08-11 13:29:00,1861.06,1861.06,1860.76,1860.76,-0.02,29.08,54574.69,-1
2025-08-11,2025-08-11 13:30:00,1860.76,1860.76,1860.45,1860.45,-0.02,29.08,54574.69,-1
2025-08-11,2025-08-11 13:31:00,1860.45,1860.45,1860.15,1860.15,-0.02,29.08,54574.69,-1
2025-08-11,2025-08-11 13:32:00,1860.15,1860.15,1859.85,1859.85,-0.02,29.08,54574.69,-1
2025-08-11,2025-08-11 13:33:00,1859.85,1859.85,1859.54,1859.54,-0.02,29.08,54574.69,-1
2025-08-11,2025-08-11 13:34:00,1859.54,1859.54,1859.24,1859.24,-0.02,29.08,54574.69,-1
2025-08-11,2025-08-11 13:35:00,1859.24,1859.24,1858.93,1858.93,-0.02,29.08,54574.69,-1
2025-08-11,2025-08-11 13:36:00,1858.93,1858.93,1858.63,1858.63,-0.02,29.08,54574.69,-1
2025-08-11,2025-08-11 13:37:00,1858.63,1858.63,1858.33,1858.33,-0.02,29.08,54574.69,-1
2025-08-11,2025-08-11 13:38:00,1858.33,1858.33,1858.02,1858.02,-0.02,29.08,54574.69,-1
2025-08-11,2025-08-11 13:39:00,1858.02,1858.02,1857.72,1857.72,-0.02,29.08,54574.69,-1
2025-08-11,2025-08-11 13:40:00,1857.72,1857.72,1857.42,1857.42,-0.02,29.08,54574.69,-1
2025-08-11,2025-08-11 13:41:00,1857.42,1857.42,1857.11,1857.11,-0.02,29.08,54574.69,-1
2025-08-11,2025-08-11 13:42:00,1857.11,1857.11,1856.81,1856.81,-0.02,29.08,54574.69,-1
2025-08-11,2025-08-11 13:43:00,1856.81,1856.81,1856.51,1856.51,-0.02,29.08,54574.69,-1
2025-08-11,2025-08-11 13:44:00,1856.51,1856.51,1856.2,1856.2,-0.02,29.08,54574.69,-1
2025-08-11,2025-08-11 13:45:00,1856.2,1856.2,1855.9,1855.9,-0.02,29.08,54574.69,-1
2025-08-11,2025-08-11 13:46:00,1855.9,1855.9,1855.59,1855.59,-0.02,29.08,54574.69,-1
2025-08-11,2025-08-11 13:47:00,1855.59,1855.59,1855.29,1855.29,-0.02,29.08,54574.69,-1
2025-08-11,2025-08-11 13:48:00,1855.29,1855.29,1854.99,1854.99,-0.02,29.08,54574.69,-1
2025-08-11,2025-08-11 13:49:00,1854.99,1854.99,1854.68,1854.68,-0.02,29.08,54574.69,-1
2025-08-11,2025-08-11 13:50:00,1854.68,1854.68,1854.38,1854.38,-0.02,29.08,54574.69,-1
2025-08-11,2025-08-11 13:51:00,1854.38,1854.38,1854.08,1854.08,-0.02,29.08,54574.69,-1
2025-08-11,2025-08-11 13:52:00,1854.08,1854.08,1853.77,1853.77,-0.02,29.08,54574.69,-1
2025-08-11,2025-08-11 13:53:00,1853.77,1853.77,1853.47,1853.47,-0.02,29.08,54574.69,-1
2025-08-11,2025-08-11 13:54:00,1853.47,1853.47,1853.17,1853.17,-0.02,29.08,54574.69,-1
2025-08-11,2025-08-11 13:55:00,1853.17,1853.17,1852.86,1852.86,-0.02,29.08,54574.69,-1
2025-08-11,2025-08-11 13:56:00,1852.86,1852.86,1852.56,1852.56,-0.02,29.08,54574.69,-1
2025-08-11,2025-08-11 13:57:00,1852.56,1852.56,1852.25,1852.25,-0.02,29.08,54574.69,-1
2025-08-11,2025-08-11 13:58:00,1852.25,1852.25,1851.95,1851.95,-0.02,29.08,54574.69,-1
2025-08-11,2025-08-11 13:59:00,1851.95,1851.95,1851.65,1851.65,-0.02,29.08,54574.69,-1
2025-08-11,2025-08-11 14:00:00,1851.65,1851.65,1851.34,1851.34,-0.02,29.08,54574.69,-1
2025-08-11,2025-08-11 14:01:00,1851.34,1851.34,1851.04,1851.04,-0.02,29.08,54574.69,-1
2025-08-11,2025-08-11 14:02:00,1851.04,1851.04,1850.74,1850.74,-0.02,29.08,54574.69,-1
2025-08-11,2025-08-11 14:03:00,1850.74,1850.74,1850.43,1850.43,-0.02,29.08,54574.69,-1
2025-08-11,2025-08-11 14:04:00,1850.43,1850.43,1850.13,1850.13,-0.02,29.08,54574.69,-1
2025-08-11,2025-08-11 14:05:00,1850.13,1850.13,1849.83,1849.83,-0.02,29.08,54574.69,-1
2025-08-11,2025-08-11 14:06:00,1849.83,1849.83,1849.52,1849.52,-0.02,29.08,54574.69,-1
2025-08-11,2025-08-11 14:07:00,1849.52,1849.52,1849.22,1849.22,-0.02,29.08,54574.69,-1
2025-08-11,2025-08-11 14:08:00,1849.22,1849.22,1848.91,1848.91,-0.02,29.08,54574.69,-1
2025-08-11,2025-08-11 14:09:00,1848.91,1848.91,1848.61,1848.61,-0.02,29.08,54574.69,-1
2025-08-11,2025-08-11 14:10:00,1848.61,1848.61,1848.31,1848.31,-0.02,29.08,54574.69,-1
2025-08-11,2025-08-11 14:11:00,1848.31,1848.31,1848.0,1848.0,-0.02,29.08,54574.69,-1
2025-08-11,2025-08-11 14:12:00,1848.0,1848.0,1847.7,1847.7,-0.02,29.08,54574.69,-1
2025-08-11,2025-08-11 14:13:00,1847.7,1847.7,1847.4,1847.4,-0.02,29.08,54574.69,-1
2025-08-11,2025-08-11 14:14:00,1847.4,1847.4,1847.09,1847.09,-0.02,29.08,54574.69,-1
2025-08-11,2025-08-11 14:15:00,1847.09,1847.09,1846.79,1846.79,-0.02,29.08,54574.69,-1
2025-08-11,2025-08-11 14:16:00,1846.79,1846.79,1846.49,1846.49,-0.02,29.08,54574.69,-1
2025-08-11,2025-08-11 14:17:00,1846.49,1846.49,1846.18,1846.18,-0.02,29.08,54574.69,-1
2025-08-11,2025-08-11 14:18:00,1846.18,1846.18,1845.88,1845.88,-0.02,29.08,54574.69,-1
2025-08-11,2025-08-11 14:19:00,1845.88,1845.88,1845.58,1845.58,-0.02,29.08,54574.69,-1
2025-08-11,2025-08-11 14:20:00,1845.58,1845.58,1845.27,1845.27,-0.02,29.08,54574.69,-1
2025-08-11,2025-08-11 14:21:00,1845.27,1845.27,1844.97,1844.97,-0.02,29.08,54574.69,-1
2025-08-11,2025-08-11 14:22:00,1844.97,1844.97,1844.66,1844.66,-0.02,29.08,54574.69,-1
2025-08-11,2025-08-11 14:23:00,1844.66,1844.66,1844.36,1844.36,-0.02,29.08,54574.69,-1
2025-08-11,2025-08-11 14:24:00,1844.36,1844.36,1844.06,1844.06,-0.02,29.08,54574.69,-1
2025-08-11,2025-08-11 14:25:00,1844.06,1844.06,1843.75,1843.75,-0.02,29.08,54574.69,-1
2025-08-11,2025-08-11 14:26:00,1843.75,1843.75,1843.45,1843.45,-0.02,29.08,54574.69,-1
2025-08-11,2025-08-11 14:27:00,1843.45,1843.45,1843.15,1843.15,-0.02,29.08,54574.69,-1
2025-08-11,2025-08-11 14:28:00,1843.15,1843.15,1842.84,1842.84,-0.02,29.08,54574.69,-1
2025-08-11,2025-08-11 14:29:00,1842.84,1842.84,1842.54,1842.54,-0.02,29.08,54574.69,-1
2025-08-11,2025-08-11 14:30:00,1842.54,1842.54,1842.24,1842.24,-0.02,29.08,54574.69,-1
2025-08-11,2025-08-11 14:31:00,1842.24,1842.24,1841.93,1841.93,-0.02,29.08,54574.69,-1
2025-08-11,2025-08-11 14:32:00,1841.93,1841.93,1841.63,1841.63,-0.02,29.08,54574.69,-1
2025-08-11,2025-08-11 14:33:00,1841.63,1841.63,1841.32,1841.32,-0.02,29.08,54574.69,-1
2025-08-11,2025-08-11 14:34:00,1841.32,1841.32,1841.02,1841.02,-0.02,29.08,54574.69,-1
2025-08-11,2025-08-11 14:35:00,1841.02,1841.02,1840.72,1840.72,-0.02,29.08,54574.69,-1
2025-08-11,2025-08-11 14:36:00,1840.72,1840.72,1840.41,1840.41,-0.02,29.08,54574.69,-1
2025-08-11,2025-08-11 14:37:00,1840.41,1840.41,1840.11,1840.11,-0.02,29.08,54574.69,-1
2025-08-11,2025-08-11 14:38:00,1840.11,1840.11,1839.81,1839.81,-0.02,29.08,54574.69,-1
2025-08-11,2025-08-11 14:39:00,1839.81,1839.81,1839.5,1839.5,-0.02,29.08,54574.69,-1
2025-08-11,2025-08-11 14:40:00,1839.5,1839.5,1839.2,1839.2,-0.02,29.08,54574.69,-1
2025-08-11,2025-08-11 14:41:00,1839.2,1839.2,1838.9,1838.9,-0.02,29.08,54574.69,-1
2025-08-11,2025-08-11 14:42:00,1838.9,1838.9,1838.59,1838.59,-0.02,29.08,54574.69,-1
2025-08-11,2025-08-11 14:43:00,1838.59,1838.59,1838.29,1838.29,-0.02,29.08,54574.69,-1
2025-08-11,2025-08-11 14:44:00,1838.29,1838.29,1837.98,1837.98,-0.02,29.08,54574.69,-1
2025-08-11,2025-08-11 14:45:00,1837.98,1837.98,1837.68,1837.68,-0.02,29.08,54574.69,-1
2025-08-11,2025-08-11 14:46:00,1837.68,1837.68,1837.38,1837.38,-0.02,29.08,54574.69,-1
2025-08-11,2025-08-11 14:47:00,1837.38,1837.38,1837.07,1837.07,-0.02,29.08,54574.69,-1
2025-08-11,2025-08-11 14:48:00,1837.07,1837.07,1836.77,1836.77,-0.02,29.08,54574.69,-1
2025-08-11,2025-08-11 14:49:00,1836.77,1836.77,1836.47,1836.47,-0.02,29.08,54574.69,-1
2025-08-11,2025-08-11 14:50:00,1836.47,1836.47,1836.16,1836.16,-0.02,29.08,54574.69,-1
2025-08-11,2025-08-11 14:51:00,1836.16,1836.16,1835.86,1835.86,-0.02,29.08,54574.69,-1
2025-08-11,2025-08-11 14:52:00,1835.86,1835.86,1835.56,1835.56,-0.02,29.08,54574.69,-1
2025-08-11,2025-08-11 14:53:00,1835.56,1835.56,1835.25,1835.25,-0.02,29.08,54574.69,-1
2025-08-11,2025-08-11 14:54:00,1835.25,1835.25,1834.95,1834.95,-0.02,29.08,54574.69,-1
2025-08-11,2025-08-11 14:55:00,1834.95,1834.95,1834.64,1834.64,-0.02,29.08,54574.69,-1
2025-08-11,2025-08-11 14:56:00,1834.64,1834.64,1834.34,1834.34,-0.02,29.08,54574.69,-1
2025-08-11,2025-08-11 14:57:00,1834.34,1834.34,1834.04,1834.04,-0.02,29.08,54574.69,-1
2025-08-11,2025-08-11 14:58:00,1834.04,1834.04,1833.73,1833.73,-0.02,29.08,54574.69,-1
2025-08-11,2025-08-11 14:59:00,1833.73,1833.73,1833.43,1833.43,-0.02,29.08,54574.69,-1
2025-08-11,2025-08-11 15:00:00,1833.43,1982.8,1830.0,1833.43,0.0,29.08,54574.69,0
2025-08-12,2025-08-12 11:00:00,1804.0,1814.5,1771.3,1803.89,-0.01,56.63,101422.7,-1
2025-08-12,2025-08-12 11:01:00,1803.89,1803.89,1803.78,1803.78,-0.01,56.63,101422.7,-1
2025-08-12,2025-08-12 11:02:00,1803.78,1803.78,1803.68,1803.68,-0.01,56.63,101422.7,-1
2025-08-12,2025-08-12 11:03:00,1803.68,1803.68,1803.57,1803.57,-0.01,56.63,101422.7,-1
2025-08-12,2025-08-12 11:04:00,1803.57,1803.57,1803.46,1803.46,-0.01,56.63,101422.7,-1
2025-08-12,2025-08-12 11:05:00,1803.46,1803.46,1803.35,1803.35,-0.01,56.63,101422.7,-1
2025-08-12,2025-08-12 11:06:00,1803.35,1803.35,1803.25,1803.25,-0.01,56.63,101422.7,-1
2025-08-12,2025-08-12 11:07:00,1803.25,1803.25,1803.14,1803.14,-0.01,56.63,101422.7,-1
2025-08-12,2025-08-12 11:08:00,1803.14,1803.14,1803.03,1803.03,-0.01,56.63,101422.7,-1
2025-08-12,2025-08-12 11:09:00,1803.03,1803.03,1802.92,1802.92,-0.01,56.63,101422.7,-1
2025-08-12,2025-08-12 11:10:00,1802.92,1802.92,1802.82,1802.82,-0.01,56.63,101422.7,-1
2025-08-12,2025-08-12 11:11:00,1802.82,1802.82,1802.71,1802.71,-0.01,56.63,101422.7,-1
2025-08-12,2025-08-12 11:12:00,1802.71,1802.71,1802.6,1802.6,-0.01,56.63,101422.7,-1
2025-08-12,2025-08-12 11:13:00,1802.6,1802.6,1802.49,1802.49,-0.01,56.63,101422.7,-1
2025-08-12,2025-08-12 11:14:00,1802.49,1802.49,1802.39,1802.39,-0.01,56.63,101422.7,-1
2025-08-12,2025-08-12 11:15:00,1802.39,1802.39,1802.28,1802.28,-0.01,56.63,101422.7,-1
2025-08-12,2025-08-12 11:16:00,1802.28,1802.28,1802.17,1802.17,-0.01,56.63,101422.7,-1
2025-08-12,2025-08-12 11:17:00,1802.17,1802.17,1802.06,1802.06,-0.01,56.63,101422.7,-1
2025-08-12,2025-08-12 11:18:00,1802.06,1802.06,1801.96,1801.96,-0.01,56.63,101422.7,-1
2025-08-12,2025-08-12 11:19:00,1801.96,1801.96,1801.85,1801.85,-0.01,56.63,101422.7,-1
2025-08-12,2025-08-12 11:20:00,1801.85,1801.85,1801.74,1801.74,-0.01,56.63,101422.7,-1
2025-08-12,2025-08-12 11:21:00,1801.74,1801.74,1801.63,1801.63,-0.01,56.63,101422.7,-1
2025-08-12,2025-08-12 11:22:00,1801.63,1801.63,1801.52,1801.52,-0.01,56.63,101422.7,-1
2025-08-12,2025-08-12 11:23:00,1801.52,1801.52,1801.42,1801.42,-0.01,56.63,101422.7,-1
2025-08-12,2025-08-12 11:24:00,1801.42,1801.42,1801.31,1801.31,-0.01,56.63,101422.7,-1
2025-08-12,2025-08-12 11:25:00,1801.31,1801.31,1801.2,1801.2,-0.01,56.63,101422.7,-1
2025-08-12,2025-08-12 11:26:00,1801.2,1801.2,1801.09,1801.09,-0.01,56.63,101422.7,-1
2025-08-12,2025-08-12 11:27:00,1801.09,1801.09,1800.99,1800.99,-0.01,56.63,101422.7,-1
2025-08-12,2025-08-12 11:28:00,1800.99,1800.99,1800.88,1800.88,-0.01,56.63,101422.7,-1
2025-08-12,2025-08-12 11:29:00,1800.88,1800.88,1800.77,1800.77,-0.01,56.63,101422.7,-1
2025-08-12,2025-08-12 11:30:00,1800.77,1800.77,1800.66,1800.66,-0.01,56.63,101422.7,-1
2025-08-12,2025-08-12 11:31:00,1800.66,1800.66,1800.56,1800.56,-0.01,56.63,101422.7,-1
2025-08-12,2025-08-12 11:32:00,1800.56,1800.56,1800.45,1800.45,-0.01,56.63,101422.7,-1
2025-08-12,2025-08-12 11:33:00,1800.45,1800.45,1800.34,1800.34,-0.01,56.63,101422.7,-1
2025-08-12,2025-08-12 11:34:00,1800.34,1800.34,1800.23,1800.23,-0.01,56.63,101422.7,-1
2025-08-12,2025-08-12 11:35:00,1800.23,1800.23,1800.13,1800.13,-0.01,56.63,101422.7,-1
2025-08-12,2025-08-12 11:36:00,1800.13,1800.13,1800.02,1800.02,-0.01,56.63,101422.7,-1
2025-08-12,2025-08-12 11:37:00,1800.02,1800.02,1799.91,1799.91,-0.01,56.63,101422.7,-1
2025-08-12,2025-08-12 11:38:00,1799.91,1799.91,1799.8,1799.8,-0.01,56.63,101422.7,-1
2025-08-12,2025-08-12 11:39:00,1799.8,1799.8,1799.69,1799.69,-0.01,56.63,101422.7,-1
2025-08-12,2025-08-12 11:40:00,1799.69,1799.69,1799.59,1799.59,-0.01,56.63,101422.7,-1
2025-08-12,2025-08-12 11:41:00,1799.59,1799.59,1799.48,1799.48,-0.01,56.63,101422.7,-1
2025-08-12,2025-08-12 11:42:00,1799.48,1799.48,1799.37,1799.37,-0.01,56.63,101422.7,-1
2025-08-12,2025-08-12 11:43:00,1799.37,1799.37,1799.26,1799.26,-0.01,56.63,101422.7,-1
2025-08-12,2025-08-12 11:44:00,1799.26,1799.26,1799.16,1799.16,-0.01,56.63,101422.7,-1
2025-08-12,2025-08-12 11:45:00,1799.16,1799.16,1799.05,1799.05,-0.01,56.63,101422.7,-1
2025-08-12,2025-08-12 11:46:00,1799.05,1799.05,1798.94,1798.94,-0.01,56.63,101422.7,-1
2025-08-12,2025-08-12 11:47:00,1798.94,1798.94,1798.83,1798.83,-0.01,56.63,101422.7,-1
2025-08-12,2025-08-12 11:48:00,1798.83,1798.83,1798.73,1798.73,-0.01,56.63,101422.7,-1
2025-08-12,2025-08-12 11:49:00,1798.73,1798.73,1798.62,1798.62,-0.01,56.63,101422.7,-1
2025-08-12,2025-08-12 11:50:00,1798.62,1798.62,1798.51,1798.51,-0.01,56.63,101422.7,-1
2025-08-12,2025-08-12 11:51:00,1798.51,1798.51,1798.4,1798.4,-0.01,56.63,101422.7,-1
2025-08-12,2025-08-12 11:52:00,1798.4,1798.4,1798.3,1798.3,-0.01,56.63,101422.7,-1
2025-08-12,2025-08-12 11:53:00,1798.3,1798.3,1798.19,1798.19,-0.01,56.63,101422.7,-1
2025-08-12,2025-08-12 11:54:00,1798.19,1798.19,1798.08,1798.08,-0.01,56.63,101422.7,-1
2025-08-12,2025-08-12 11:55:00,1798.08,1798.08,1797.97,1797.97,-0.01,56.63,101422.7,-1
2025-08-12,2025-08-12 11:56:00,1797.97,1797.97,1797.87,1797.87,-0.01,56.63,101422.7,-1
2025-08-12,2025-08-12 11:57:00,1797.87,1797.87,1797.76,1797.76,-0.01,56.63,101422.7,-1
2025-08-12,2025-08-12 11:58:00,1797.76,1797.76,1797.65,1797.65,-0.01,56.63,101422.7,-1
2025-08-12,2025-08-12 11:59:00,1797.65,1797.65,1797.54,1797.54,-0.01,56.63,101422.7,-1
2025-08-12,2025-08-12 12:00:00,1797.54,1797.54,1797.43,1797.43,-0.01,56.63,101422.7,-1
2025-08-12,2025-08-12 12:01:00,1797.43,1797.43,1797.33,1797.33,-0.01,56.63,101422.7,-1
2025-08-12,2025-08-12 12:02:00,1797.33,1797.33,1797.22,1797.22,-0.01,56.63,101422.7,-1
2025-08-12,2025-08-12 12:03:00,1797.22,1797.22,1797.11,1797.11,-0.01,56.63,101422.7,-1
2025-08-12,2025-08-12 12:04:00,1797.11,1797.11,1797.0,1797.0,-0.01,56.63,101422.7,-1
2025-08-12,2025-08-12 12:05:00,1797.0,1797.0,1796.9,1796.9,-0.01,56.63,101422.7,-1
2025-08-12,2025-08-12 12:06:00,1796.9,1796.9,1796.79,1796.79,-0.01,56.63,101422.7,-1
2025-08-12,2025-08-12 12:07:00,1796.79,1796.79,1796.68,1796.68,-0.01,56.63,101422.7,-1
2025-08-12,2025-08-12 12:08:00,1796.68,1796.68,1796.57,1796.57,-0.01,56.63,101422.7,-1
2025-08-12,2025-08-12 12:09:00,1796.57,1796.57,1796.47,1796.47,-0.01,56.63,101422.7,-1
2025-08-12,2025-08-12 12:10:00,1796.47,1796.47,1796.36,1796.36,-0.01,56.63,101422.7,-1
2025-08-12,2025-08-12 12:11:00,1796.36,1796.36,1796.25,1796.25,-0.01,56.63,101422.7,-1
2025-08-12,2025-08-12 12:12:00,1796.25,1796.25,1796.14,1796.14,-0.01,56.63,101422.7,-1
2025-08-12,2025-08-12 12:13:00,1796.14,1796.14,1796.04,1796.04,-0.01,56.63,101422.7,-1
2025-08-12,2025-08-12 12:14:00,1796.04,1796.04,1795.93,1795.93,-0.01,56.63,101422.7,-1
2025-08-12,2025-08-12 12:15:00,1795.93,1795.93,1795.82,1795.82,-0.01,56.63,101422.7,-1
2025-08-12,2025-08-12 12:16:00,1795.82,1795.82,1795.71,1795.71,-0.01,56.63,101422.7,-1
2025-08-12,2025-08-12 12:17:00,1795.71,1795.71,1795.61,1795.61,-0.01,56.63,101422.7,-1
2025-08-12,2025-08-12 12:18:00,1795.61,1795.61,1795.5,1795.5,-0.01,56.63,101422.7,-1
2025-08-12,2025-08-12 12:19:00,1795.5,1795.5,1795.39,1795.39,-0.01,56.63,101422.7,-1
2025-08-12,2025-08-12 12:20:00,1795.39,1795.39,1795.28,1795.28,-0.01,56.63,101422.7,-1
2025-08-12,2025-08-12 12:21:00,1795.28,1795.28,1795.17,1795.17,-0.01,56.63,101422.7,-1
2025-08-12,2025-08-12 12:22:00,1795.17,1795.17,1795.07,1795.07,-0.01,56.63,101422.7,-1
2025-08-12,2025-08-12 12:23:00,1795.07,1795.07,1794.96,1794.96,-0.01,56.63,101422.7,-1
2025-08-12,2025-08-12 12:24:00,1794.96,1794.96,1794.85,1794.85,-0.01,56.63,101422.7,-1
2025-08-12,2025-08-12 12:25:00,1794.85,1794.85,1794.74,1794.74,-0.01,56.63,101422.7,-1
2025-08-12,2025-08-12 12:26:00,1794.74,1794.74,1794.64,1794.64,-0.01,56.63,101422.7,-1
2025-08-12,2025-08-12 12:27:00,1794.64,1794.64,1794.53,1794.53,-0.01,56.63,101422.7,-1
2025-08-12,2025-08-12 12:28:00,1794.53,1794.53,1794.42,1794.42,-0.01,56.63,101422.7,-1
2025-08-12,2025-08-12 12:29:00,1794.42,1794.42,1794.31,1794.31,-0.01,56.63,101422.7,-1
2025-08-12,2025-08-12 12:30:00,1794.31,1794.31,1794.21,1794.21,-0.01,56.63,101422.7,-1
2025-08-12,2025-08-12 12:31:00,1794.21,1794.21,1794.1,1794.1,-0.01,56.63,101422.7,-1
2025-08-12,2025-08-12 12:32:00,1794.1,1794.1,1793.99,1793.99,-0.01,56.63,101422.7,-1
2025-08-12,2025-08-12 12:33:00,1793.99,1793.99,1793.88,1793.88,-0.01,56.63,101422.7,-1
2025-08-12,2025-08-12 12:34:00,1793.88,1793.88,1793.78,1793.78,-0.01,56.63,101422.7,-1
2025-08-12,2025-08-12 12:35:00,1793.78,1793.78,1793.67,1793.67,-0.01,56.63,101422.7,-1
2025-08-12,2025-08-12 12:36:00,1793.67,1793.67,1793.56,1793.56,-0.01,56.63,101422.7,-1
2025-08-12,2025-08-12 12:37:00,1793.56,1793.56,1793.45,1793.45,-0.01,56.63,101422.7,-1
2025-08-12,2025-08-12 12:38:00,1793.45,1793.45,1793.35,1793.35,-0.01,56.63,101422.7,-1
2025-08-12,2025-08-12 12:39:00,1793.35,1793.35,1793.24,1793.24,-0.01,56.63,101422.7,-1
2025-08-12,2025-08-12 12:40:00,1793.24,1793.24,1793.13,1793.13,-0.01,56.63,101422.7,-1
2025-08-12,2025-08-12 12:41:00,1793.13,1793.13,1793.02,1793.02,-0.01,56.63,101422.7,-1
2025-08-12,2025-08-12 12:42:00,1793.02,1793.02,1792.91,1792.91,-0.01,56.63,101422.7,-1
2025-08-12,2025-08-12 12:43:00,1792.91,1792.91,1792.81,1792.81,-0.01,56.63,101422.7,-1
2025-08-12,2025-08-12 12:44:00,1792.81,1792.81,1792.7,1792.7,-0.01,56.63,101422.7,-1
2025-08-12,2025-08-12 12:45:00,1792.7,1792.7,1792.59,1792.59,-0.01,56.63,101422.7,-1
2025-08-12,2025-08-12 12:46:00,1792.59,1792.59,1792.48,1792.48,-0.01,56.63,101422.7,-1
2025-08-12,2025-08-12 12:47:00,1792.48,1792.48,1792.38,1792.38,-0.01,56.63,101422.7,-1
2025-08-12,2025-08-12 12:48:00,1792.38,1792.38,1792.27,1792.27,-0.01,56.63,101422.7,-1
2025-08-12,2025-08-12 12:49:00,1792.27,1792.27,1792.16,1792.16,-0.01,56.63,101422.7,-1
2025-08-12,2025-08-12 12:50:00,1792.16,1792.16,1792.05,1792.05,-0.01,56.63,101422.7,-1
2025-08-12,2025-08-12 12:51:00,1792.05,1792.05,1791.95,1791.95,-0.01,56.63,101422.7,-1
2025-08-12,2025-08-12 12:52:00,1791.95,1791.95,1791.84,1791.84,-0.01,56.63,101422.7,-1
2025-08-12,2025-08-12 12:53:00,1791.84,1791.84,1791.73,1791.73,-0.01,56.63,101422.7,-1
2025-08-12,2025-08-12 12:54:00,1791.73,1791.73,1791.62,1791.62,-0.01,56.63,101422.7,-1
2025-08-12,2025-08-12 12:55:00,1791.62,1791.62,1791.52,1791.52,-0.01,56.63,101422.7,-1
2025-08-12,2025-08-12 12:56:00,1791.52,1791.52,1791.41,1791.41,-0.01,56.63,101422.7,-1
2025-08-12,2025-08-12 12:57:00,1791.41,1791.41,1791.3,1791.3,-0.01,56.63,101422.7,-1
2025-08-12,2025-08-12 12:58:00,1791.3,1791.3,1791.19,1791.19,-0.01,56.63,101422.7,-1
2025-08-12,2025-08-12 12:59:00,1791.19,1791.19,1791.09,1791.09,-0.01,56.63,101422.7,-1
2025-08-12,2025-08-12 13:00:00,1791.09,1839.0,1695.0,1790.98,-0.01,56.63,101422.7,-1
2025-08-12,2025-08-12 13:01:00,1790.98,1790.98,1790.87,1790.87,-0.01,56.63,101422.7,-1
2025-08-12,2025-08-12 13:02:00,1790.87,1790.87,1790.76,1790.76,-0.01,56.63,101422.7,-1
2025-08-12,2025-08-12 13:03:00,1790.76,1790.76,1790.65,1790.65,-0.01,56.63,101422.7,-1
2025-08-12,2025-08-12 13:04:00,1790.65,1790.65,1790.55,1790.55,-0.01,56.63,101422.7,-1
2025-08-12,2025-08-12 13:05:00,1790.55,1790.55,1790.44,1790.44,-0.01,56.63,101422.7,-1
2025-08-12,2025-08-12 13:06:00,1790.44,1790.44,1790.33,1790.33,-0.01,56.63,101422.7,-1
2025-08-12,2025-08-12 13:07:00,1790.33,1790.33,1790.22,1790.22,-0.01,56.63,101422.7,-1
2025-08-12,2025-08-12 13:08:00,1790.22,1790.22,1790.12,1790.12,-0.01,56.63,101422.7,-1
2025-08-12,2025-08-12 13:09:00,1790.12,1790.12,1790.01,1790.01,-0.01,56.63,101422.7,-1
2025-08-12,2025-08-12 13:10:00,1790.01,1790.01,1789.9,1789.9,-0.01,56.63,101422.7,-1
2025-08-12,2025-08-12 13:11:00,1789.9,1789.9,1789.79,1789.79,-0.01,56.63,101422.7,-1
2025-08-12,2025-08-12 13:12:00,1789.79,1789.79,1789.69,1789.69,-0.01,56.63,101422.7,-1
2025-08-12,2025-08-12 13:13:00,1789.69,1789.69,1789.58,1789.58,-0.01,56.63,101422.7,-1
2025-08-12,2025-08-12 13:14:00,1789.58,1789.58,1789.47,1789.47,-0.01,56.63,101422.7,-1
2025-08-12,2025-08-12 13:15:00,1789.47,1789.47,1789.36,1789.36,-0.01,56.63,101422.7,-1
2025-08-12,2025-08-12 13:16:00,1789.36,1789.36,1789.26,1789.26,-0.01,56.63,101422.7,-1
2025-08-12,2025-08-12 13:17:00,1789.26,1789.26,1789.15,1789.15,-0.01,56.63,101422.7,-1
2025-08-12,2025-08-12 13:18:00,1789.15,1789.15,1789.04,1789.04,-0.01,56.63,101422.7,-1
2025-08-12,2025-08-12 13:19:00,1789.04,1789.04,1788.93,1788.93,-0.01,56.63,101422.7,-1
2025-08-12,2025-08-12 13:20:00,1788.93,1788.93,1788.82,1788.82,-0.01,56.63,101422.7,-1
2025-08-12,2025-08-12 13:21:00,1788.82,1788.82,1788.72,1788.72,-0.01,56.63,101422.7,-1
2025-08-12,2025-08-12 13:22:00,1788.72,1788.72,1788.61,1788.61,-0.01,56.63,101422.7,-1
2025-08-12,2025-08-12 13:23:00,1788.61,1788.61,1788.5,1788.5,-0.01,56.63,101422.7,-1
2025-08-12,2025-08-12 13:24:00,1788.5,1788.5,1788.39,1788.39,-0.01,56.63,101422.7,-1
2025-08-12,2025-08-12 13:25:00,1788.39,1788.39,1788.29,1788.29,-0.01,56.63,101422.7,-1
2025-08-12,2025-08-12 13:26:00,1788.29,1788.29,1788.18,1788.18,-0.01,56.63,101422.7,-1
2025-08-12,2025-08-12 13:27:00,1788.18,1788.18,1788.07,1788.07,-0.01,56.63,101422.7,-1
2025-08-12,2025-08-12 13:28:00,1788.07,1788.07,1787.96,1787.96,-0.01,56.63,101422.7,-1
2025-08-12,2025-08-12 13:29:00,1787.96,1787.96,1787.86,1787.86,-0.01,56.63,101422.7,-1
2025-08-12,2025-08-12 13:30:00,1787.86,1787.86,1787.75,1787.75,-0.01,56.63,101422.7,-1
2025-08-12,2025-08-12 13:31:00,1787.75,1787.75,1787.64,1787.64,-0.01,56.63,101422.7,-1
2025-08-12,2025-08-12 13:32:00,1787.64,1787.64,1787.53,1787.53,-0.01,56.63,101422.7,-1
2025-08-12,2025-08-12 13:33:00,1787.53,1787.53,1787.43,1787.43,-0.01,56.63,101422.7,-1
2025-08-12,2025-08-12 13:34:00,1787.43,1787.43,1787.32,1787.32,-0.01,56.63,101422.7,-1
2025-08-12,2025-08-12 13:35:00,1787.32,1787.32,1787.21,1787.21,-0.01,56.63,101422.7,-1
2025-08-12,2025-08-12 13:36:00,1787.21,1787.21,1787.1,1787.1,-0.01,56.63,101422.7,-1
2025-08-12,2025-08-12 13:37:00,1787.1,1787.1,1787.0,1787.0,-0.01,56.63,101422.7,-1
2025-08-12,2025-08-12 13:38:00,1787.0,1787.0,1786.89,1786.89,-0.01,56.63,101422.7,-1
2025-08-12,2025-08-12 13:39:00,1786.89,1786.89,1786.78,1786.78,-0.01,56.63,101422.7,-1
2025-08-12,2025-08-12 13:40:00,1786.78,1786.78,1786.67,1786.67,-0.01,56.63,101422.7,-1
2025-08-12,2025-08-12 13:41:00,1786.67,1786.67,1786.56,1786.56,-0.01,56.63,101422.7,-1
2025-08-12,2025-08-12 13:42:00,1786.56,1786.56,1786.46,1786.46,-0.01,56.63,101422.7,-1
2025-08-12,2025-08-12 13:43:00,1786.46,1786.46,1786.35,1786.35,-0.01,56.63,101422.7,-1
2025-08-12,2025-08-12 13:44:00,1786.35,1786.35,1786.24,1786.24,-0.01,56.63,101422.7,-1
2025-08-12,2025-08-12 13:45:00,1786.24,1786.24,1786.13,1786.13,-0.01,56.63,101422.7,-1
2025-08-12,2025-08-12 13:46:00,1786.13,1786.13,1786.03,1786.03,-0.01,56.63,101422.7,-1
2025-08-12,2025-08-12 13:47:00,1786.03,1786.03,1785.92,1785.92,-0.01,56.63,101422.7,-1
2025-08-12,2025-08-12 13:48:00,1785.92,1785.92,1785.81,1785.81,-0.01,56.63,101422.7,-1
2025-08-12,2025-08-12 13:49:00,1785.81,1785.81,1785.7,1785.7,-0.01,56.63,101422.7,-1
2025-08-12,2025-08-12 13:50:00,1785.7,1785.7,1785.6,1785.6,-0.01,56.63,101422.7,-1
2025-08-12,2025-08-12 13:51:00,1785.6,1785.6,1785.49,1785.49,-0.01,56.63,101422.7,-1
2025-08-12,2025-08-12 13:52:00,1785.49,1785.49,1785.38,1785.38,-0.01,56.63,101422.7,-1
2025-08-12,2025-08-12 13:53:00,1785.38,1785.38,1785.27,1785.27,-0.01,56.63,101422.7,-1
2025-08-12,2025-08-12 13:54:00,1785.27,1785.27,1785.17,1785.17,-0.01,56.63,101422.7,-1
2025-08-12,2025-08-12 13:55:00,1785.17,1785.17,1785.06,1785.06,-0.01,56.63,101422.7,-1
2025-08-12,2025-08-12 13:56:00,1785.06,1785.06,1784.95,1784.95,-0.01,56.63,101422.7,-1
2025-08-12,2025-08-12 13:57:00,1784.95,1784.95,1784.84,1784.84,-0.01,56.63,101422.7,-1
2025-08-12,2025-08-12 13:58:00,1784.84,1784.84,1784.74,1784.74,-0.01,56.63,101422.7,-1
2025-08-12,2025-08-12 13:59:00,1784.74,1784.74,1784.63,1784.63,-0.01,56.63,101422.7,-1
2025-08-12,2025-08-12 14:00:00,1784.63,1784.63,1784.52,1784.52,-0.01,56.63,101422.7,-1
2025-08-12,2025-08-12 14:01:00,1784.52,1784.52,1784.41,1784.41,-0.01,56.63,101422.7,-1
2025-08-12,2025-08-12 14:02:00,1784.41,1784.41,1784.3,1784.3,-0.01,56.63,101422.7,-1
2025-08-12,2025-08-12 14:03:00,1784.3,1784.3,1784.2,1784.2,-0.01,56.63,101422.7,-1
2025-08-12,2025-08-12 14:04:00,1784.2,1784.2,1784.09,1784.09,-0.01,56.63,101422.7,-1
2025-08-12,2025-08-12 14:05:00,1784.09,1784.09,1783.98,1783.98,-0.01,56.63,101422.7,-1
2025-08-12,2025-08-12 14:06:00,1783.98,1783.98,1783.87,1783.87,-0.01,56.63,101422.7,-1
2025-08-12,2025-08-12 14:07:00,1783.87,1783.87,1783.77,1783.77,-0.01,56.63,101422.7,-1
2025-08-12,2025-08-12 14:08:00,1783.77,1783.77,1783.66,1783.66,-0.01,56.63,101422.7,-1
2025-08-12,2025-08-12 14:09:00,1783.66,1783.66,1783.55,1783.55,-0.01,56.63,101422.7,-1
2025-08-12,2025-08-12 14:10:00,1783.55,1783.55,1783.44,1783.44,-0.01,56.63,101422.7,-1
2025-08-12,2025-08-12 14:11:00,1783.44,1783.44,1783.34,1783.34,-0.01,56.63,101422.7,-1
2025-08-12,2025-08-12 14:12:00,1783.34,1783.34,1783.23,1783.23,-0.01,56.63,101422.7,-1
2025-08-12,2025-08-12 14:13:00,1783.23,1783.23,1783.12,1783.12,-0.01,56.63,101422.7,-1
2025-08-12,2025-08-12 14:14:00,1783.12,1783.12,1783.01,1783.01,-0.01,56.63,101422.7,-1
2025-08-12,2025-08-12 14:15:00,1783.01,1783.01,1782.91,1782.91,-0.01,56.63,101422.7,-1
2025-08-12,2025-08-12 14:16:00,1782.91,1782.91,1782.8,1782.8,-0.01,56.63,101422.7,-1
2025-08-12,2025-08-12 14:17:00,1782.8,1782.8,1782.69,1782.69,-0.01,56.63,101422.7,-1
2025-08-12,2025-08-12 14:18:00,1782.69,1782.69,1782.58,1782.58,-0.01,56.63,101422.7,-1
2025-08-12,2025-08-12 14:19:00,1782.58,1782.58,1782.48,1782.48,-0.01,56.63,101422.7,-1
2025-08-12,2025-08-12 14:20:00,1782.48,1782.48,1782.37,1782.37,-0.01,56.63,101422.7,-1
2025-08-12,2025-08-12 14:21:00,1782.37,1782.37,1782.26,1782.26,-0.01,56.63,101422.7,-1
2025-08-12,2025-08-12 14:22:00,1782.26,1782.26,1782.15,1782.15,-0.01,56.63,101422.7,-1
2025-08-12,2025-08-12 14:23:00,1782.15,1782.15,1782.04,1782.04,-0.01,56.63,101422.7,-1
2025-08-12,2025-08-12 14:24:00,1782.04,1782.04,1781.94,1781.94,-0.01,56.63,101422.7,-1
2025-08-12,2025-08-12 14:25:00,1781.94,1781.94,1781.83,1781.83,-0.01,56.63,101422.7,-1
2025-08-12,2025-08-12 14:26:00,1781.83,1781.83,1781.72,1781.72,-0.01,56.63,101422.7,-1
2025-08-12,2025-08-12 14:27:00,1781.72,1781.72,1781.61,1781.61,-0.01,56.63,101422.7,-1
2025-08-12,2025-08-12 14:28:00,1781.61,1781.61,1781.51,1781.51,-0.01,56.63,101422.7,-1
2025-08-12,2025-08-12 14:29:00,1781.51,1781.51,1781.4,1781.4,-0.01,56.63,101422.7,-1
2025-08-12,2025-08-12 14:30:00,1781.4,1781.4,1781.29,1781.29,-0.01,56.63,101422.7,-1
2025-08-12,2025-08-12 14:31:00,1781.29,1781.29,1781.18,1781.18,-0.01,56.63,101422.7,-1
2025-08-12,2025-08-12 14:32:00,1781.18,1781.18,1781.08,1781.08,-0.01,56.63,101422.7,-1
2025-08-12,2025-08-12 14:33:00,1781.08,1781.08,1780.97,1780.97,-0.01,56.63,101422.7,-1
2025-08-12,2025-08-12 14:34:00,1780.97,1780.97,1780.86,1780.86,-0.01,56.63,101422.7,-1
2025-08-12,2025-08-12 14:35:00,1780.86,1780.86,1780.75,1780.75,-0.01,56.63,101422.7,-1
2025-08-12,2025-08-12 14:36:00,1780.75,1780.75,1780.65,1780.65,-0.01,56.63,101422.7,-1
2025-08-12,2025-08-12 14:37:00,1780.65,1780.65,1780.54,1780.54,-0.01,56.63,101422.7,-1
2025-08-12,2025-08-12 14:38:00,1780.54,1780.54,1780.43,1780.43,-0.01,56.63,101422.7,-1
2025-08-12,2025-08-12 14:39:00,1780.43,1780.43,1780.32,1780.32,-0.01,56.63,101422.7,-1
2025-08-12,2025-08-12 14:40:00,1780.32,1780.32,1780.21,1780.21,-0.01,56.63,101422.7,-1
2025-08-12,2025-08-12 14:41:00,1780.21,1780.21,1780.11,1780.11,-0.01,56.63,101422.7,-1
2025-08-12,2025-08-12 14:42:00,1780.11,1780.11,1780.0,1780.0,-0.01,56.63,101422.7,-1
2025-08-12,2025-08-12 14:43:00,1780.0,1780.0,1779.89,1779.89,-0.01,56.63,101422.7,-1
2025-08-12,2025-08-12 14:44:00,1779.89,1779.89,1779.78,1779.78,-0.01,56.63,101422.7,-1
2025-08-12,2025-08-12 14:45:00,1779.78,1779.78,1779.68,1779.68,-0.01,56.63,101422.7,-1
2025-08-12,2025-08-12 14:46:00,1779.68,1779.68,1779.57,1779.57,-0.01,56.63,101422.7,-1
2025-08-12,2025-08-12 14:47:00,1779.57,1779.57,1779.46,1779.46,-0.01,56.63,101422.7,-1
2025-08-12,2025-08-12 14:48:00,1779.46,1779.46,1779.35,1779.35,-0.01,56.63,101422.7,-1
2025-08-12,2025-08-12 14:49:00,1779.35,1779.35,1779.25,1779.25,-0.01,56.63,101422.7,-1
2025-08-12,2025-08-12 14:50:00,1779.25,1779.25,1779.14,1779.14,-0.01,56.63,101422.7,-1
2025-08-12,2025-08-12 14:51:00,1779.14,1779.14,1779.03,1779.03,-0.01,56.63,101422.7,-1
2025-08-12,2025-08-12 14:52:00,1779.03,1779.03,1778.92,1778.92,-0.01,56.63,101422.7,-1
2025-08-12,2025-08-12 14:53:00,1778.92,1778.92,1778.82,1778.82,-0.01,56.63,101422.7,-1
2025-08-12,2025-08-12 14:54:00,1778.82,1778.82,1778.71,1778.71,-0.01,56.63,101422.7,-1
2025-08-12,2025-08-12 14:55:00,1778.71,1778.71,1778.6,1778.6,-0.01,56.63,101422.7,-1
2025-08-12,2025-08-12 14:56:00,1778.6,1778.6,1778.49,1778.49,-0.01,56.63,101422.7,-1
2025-08-12,2025-08-12 14:57:00,1778.49,1778.49,1778.39,1778.39,-0.01,56.63,101422.7,-1
2025-08-12,2025-08-12 14:58:00,1778.39,1778.39,1778.28,1778.28,-0.01,56.63,101422.7,-1
2025-08-12,2025-08-12 14:59:00,1778.28,1778.28,1778.17,1778.17,-0.01,56.63,101422.7,-1
2025-08-12,2025-08-12 15:00:00,1778.17,1839.0,1695.0,1778.17,0.0,56.63,101422.7,0
2025-08-13,2025-08-13 11:00:00,1762.0,1785.4,1760.5,1762.15,0.01,17.92,32075.3,1
2025-08-13,2025-08-13 11:01:00,1762.15,1762.29,1762.15,1762.29,0.01,17.92,32075.3,1
2025-08-13,2025-08-13 11:02:00,1762.29,1762.44,1762.29,1762.44,0.01,17.92,32075.3,1
2025-08-13,2025-08-13 11:03:00,1762.44,1762.58,1762.44,1762.58,0.01,17.92,32075.3,1
2025-08-13,2025-08-13 11:04:00,1762.58,1762.73,1762.58,1762.73,0.01,17.92,32075.3,1
2025-08-13,2025-08-13 11:05:00,1762.73,1762.87,1762.73,1762.87,0.01,17.92,32075.3,1
2025-08-13,2025-08-13 11:06:00,1762.87,1763.02,1762.87,1763.02,0.01,17.92,32075.3,1
2025-08-13,2025-08-13 11:07:00,1763.02,1763.16,1763.02,1763.16,0.01,17.92,32075.3,1
2025-08-13,2025-08-13 11:08:00,1763.16,1763.31,1763.16,1763.31,0.01,17.92,32075.3,1
2025-08-13,2025-08-13 11:09:00,1763.31,1763.45,1763.31,1763.45,0.01,17.92,32075.3,1
2025-08-13,2025-08-13 11:10:00,1763.45,1763.6,1763.45,1763.6,0.01,17.92,32075.3,1
2025-08-13,2025-08-13 11:11:00,1763.6,1763.74,1763.6,1763.74,0.01,17.92,32075.3,1
2025-08-13,2025-08-13 11:12:00,1763.74,1763.89,1763.74,1763.89,0.01,17.92,32075.3,1
2025-08-13,2025-08-13 11:13:00,1763.89,1764.03,1763.89,1764.03,0.01,17.92,32075.3,1
2025-08-13,2025-08-13 11:14:00,1764.03,1764.18,1764.03,1764.18,0.01,17.92,32075.3,1
2025-08-13,2025-08-13 11:15:00,1764.18,1764.32,1764.18,1764.32,0.01,17.92,32075.3,1
2025-08-13,2025-08-13 11:16:00,1764.32,1764.47,1764.32,1764.47,0.01,17.92,32075.3,1
2025-08-13,2025-08-13 11:17:00,1764.47,1764.61,1764.47,1764.61,0.01,17.92,32075.3,1
2025-08-13,2025-08-13 11:18:00,1764.61,1764.76,1764.61,1764.76,0.01,17.92,32075.3,1
2025-08-13,2025-08-13 11:19:00,1764.76,1764.9,1764.76,1764.9,0.01,17.92,32075.3,1
2025-08-13,2025-08-13 11:20:00,1764.9,1765.05,1764.9,1765.05,0.01,17.92,32075.3,1
2025-08-13,2025-08-13 11:21:00,1765.05,1765.19,1765.05,1765.19,0.01,17.92,32075.3,1
2025-08-13,2025-08-13 11:22:00,1765.19,1765.34,1765.19,1765.34,0.01,17.92,32075.3,1
2025-08-13,2025-08-13 11:23:00,1765.34,1765.48,1765.34,1765.48,0.01,17.92,32075.3,1
2025-08-13,2025-08-13 11:24:00,1765.48,1765.63,1765.48,1765.63,0.01,17.92,32075.3,1
2025-08-13,2025-08-13 11:25:00,1765.63,1765.77,1765.63,1765.77,0.01,17.92,32075.3,1
2025-08-13,2025-08-13 11:26:00,1765.77,1765.92,1765.77,1765.92,0.01,17.92,32075.3,1
2025-08-13,2025-08-13 11:27:00,1765.92,1766.06,1765.92,1766.06,0.01,17.92,32075.3,1
2025-08-13,2025-08-13 11:28:00,1766.06,1766.21,1766.06,1766.21,0.01,17.92,32075.3,1
2025-08-13,2025-08-13 11:29:00,1766.21,1766.36,1766.21,1766.36,0.01,17.92,32075.3,1
2025-08-13,2025-08-13 11:30:00,1766.36,1766.5,1766.36,1766.5,0.01,17.92,32075.3,1
2025-08-13,2025-08-13 11:31:00,1766.5,1766.65,1766.5,1766.65,0.01,17.92,32075.3,1
2025-08-13,2025-08-13 11:32:00,1766.65,1766.79,1766.65,1766.79,0.01,17.92,32075.3,1
2025-08-13,2025-08-13 11:33:00,1766.79,1766.94,1766.79,1766.94,0.01,17.92,32075.3,1
2025-08-13,2025-08-13 11:34:00,1766.94,1767.08,1766.94,1767.08,0.01,17.92,32075.3,1
2025-08-13,2025-08-13 11:35:00,1767.08,1767.23,1767.08,1767.23,0.01,17.92,32075.3,1
2025-08-13,2025-08-13 11:36:00,1767.23,1767.37,1767.23,1767.37,0.01,17.92,32075.3,1
2025-08-13,2025-08-13 11:37:00,1767.37,1767.52,1767.37,1767.52,0.01,17.92,32075.3,1
2025-08-13,2025-08-13 11:38:00,1767.52,1767.66,1767.52,1767.66,0.01,17.92,32075.3,1
2025-08-13,2025-08-13 11:39:00,1767.66,1767.81,1767.66,1767.81,0.01,17.92,32075.3,1
2025-08-13,2025-08-13 11:40:00,1767.81,1767.95,1767.81,1767.95,0.01,17.92,32075.3,1
2025-08-13,2025-08-13 11:41:00,1767.95,1768.1,1767.95,1768.1,0.01,17.92,32075.3,1
2025-08-13,2025-08-13 11:42:00,1768.1,1768.24,1768.1,1768.24,0.01,17.92,32075.3,1
2025-08-13,2025-08-13 11:43:00,1768.24,1768.39,1768.24,1768.39,0.01,17.92,32075.3,1
2025-08-13,2025-08-13 11:44:00,1768.39,1768.53,1768.39,1768.53,0.01,17.92,32075.3,1
2025-08-13,2025-08-13 11:45:00,1768.53,1768.68,1768.53,1768.68,0.01,17.92,32075.3,1
2025-08-13,2025-08-13 11:46:00,1768.68,1768.82,1768.68,1768.82,0.01,17.92,32075.3,1
2025-08-13,2025-08-13 11:47:00,1768.82,1768.97,1768.82,1768.97,0.01,17.92,32075.3,1
2025-08-13,2025-08-13 11:48:00,1768.97,1769.11,1768.97,1769.11,0.01,17.92,32075.3,1
2025-08-13,2025-08-13 11:49:00,1769.11,1769.26,1769.11,1769.26,0.01,17.92,32075.3,1
2025-08-13,2025-08-13 11:50:00,1769.26,1769.4,1769.26,1769.4,0.01,17.92,32075.3,1
2025-08-13,2025-08-13 11:51:00,1769.4,1769.55,1769.4,1769.55,0.01,17.92,32075.3,1
2025-08-13,2025-08-13 11:52:00,1769.55,1769.69,1769.55,1769.69,0.01,17.92,32075.3,1
2025-08-13,2025-08-13 11:53:00,1769.69,1769.84,1769.69,1769.84,0.01,17.92,32075.3,1
2025-08-13,2025-08-13 11:54:00,1769.84,1769.98,1769.84,1769.98,0.01,17.92,32075.3,1
2025-08-13,2025-08-13 11:55:00,1769.98,1770.13,1769.98,1770.13,0.01,17.92,32075.3,1
2025-08-13,2025-08-13 11:56:00,1770.13,1770.27,1770.13,1770.27,0.01,17.92,32075.3,1
2025-08-13,2025-08-13 11:57:00,1770.27,1770.42,1770.27,1770.42,0.01,17.92,32075.3,1
2025-08-13,2025-08-13 11:58:00,1770.42,1770.56,1770.42,1770.56,0.01,17.92,32075.3,1
2025-08-13,2025-08-13 11:59:00,1770.56,1770.71,1770.56,1770.71,0.01,17.92,32075.3,1
2025-08-13,2025-08-13 12:00:00,1770.71,1770.86,1770.71,1770.86,0.01,17.92,32075.3,1
2025-08-13,2025-08-13 12:01:00,1770.86,1771.0,1770.86,1771.0,0.01,17.92,32075.3,1
2025-08-13,2025-08-13 12:02:00,1771.0,1771.15,1771.0,1771.15,0.01,17.92,32075.3,1
2025-08-13,2025-08-13 12:03:00,1771.15,1771.29,1771.15,1771.29,0.01,17.92,32075.3,1
2025-08-13,2025-08-13 12:04:00,1771.29,1771.44,1771.29,1771.44,0.01,17.92,32075.3,1
2025-08-13,2025-08-13 12:05:00,1771.44,1771.58,1771.44,1771.58,0.01,17.92,32075.3,1
2025-08-13,2025-08-13 12:06:00,1771.58,1771.73,1771.58,1771.73,0.01,17.92,32075.3,1
2025-08-13,2025-08-13 12:07:00,1771.73,1771.87,1771.73,1771.87,0.01,17.92,32075.3,1
2025-08-13,2025-08-13 12:08:00,1771.87,1772.02,1771.87,1772.02,0.01,17.92,32075.3,1
2025-08-13,2025-08-13 12:09:00,1772.02,1772.16,1772.02,1772.16,0.01,17.92,32075.3,1
2025-08-13,2025-08-13 12:10:00,1772.16,1772.31,1772.16,1772.31,0.01,17.92,32075.3,1
2025-08-13,2025-08-13 12:11:00,1772.31,1772.45,1772.31,1772.45,0.01,17.92,32075.3,1
2025-08-13,2025-08-13 12:12:00,1772.45,1772.6,1772.45,1772.6,0.01,17.92,32075.3,1
2025-08-13,2025-08-13 12:13:00,1772.6,1772.74,1772.6,1772.74,0.01,17.92,32075.3,1
2025-08-13,2025-08-13 12:14:00,1772.74,1772.89,1772.74,1772.89,0.01,17.92,32075.3,1
2025-08-13,2025-08-13 12:15:00,1772.89,1773.03,1772.89,1773.03,0.01,17.92,32075.3,1
2025-08-13,2025-08-13 12:16:00,1773.03,1773.18,1773.03,1773.18,0.01,17.92,32075.3,1
2025-08-13,2025-08-13 12:17:00,1773.18,1773.32,1773.18,1773.32,0.01,17.92,32075.3,1
2025-08-13,2025-08-13 12:18:00,1773.32,1773.47,1773.32,1773.47,0.01,17.92,32075.3,1
2025-08-13,2025-08-13 12:19:00,1773.47,1773.61,1773.47,1773.61,0.01,17.92,32075.3,1
2025-08-13,2025-08-13 12:20:00,1773.61,1773.76,1773.61,1773.76,0.01,17.92,32075.3,1
2025-08-13,2025-08-13 12:21:00,1773.76,1773.9,1773.76,1773.9,0.01,17.92,32075.3,1
2025-08-13,2025-08-13 12:22:00,1773.9,1774.05,1773.9,1774.05,0.01,17.92,32075.3,1
2025-08-13,2025-08-13 12:23:00,1774.05,1774.19,1774.05,1774.19,0.01,17.92,32075.3,1
2025-08-13,2025-08-13 12:24:00,1774.19,1774.34,1774.19,1774.34,0.01,17.92,32075.3,1
2025-08-13,2025-08-13 12:25:00,1774.34,1774.48,1774.34,1774.48,0.01,17.92,32075.3,1
2025-08-13,2025-08-13 12:26:00,1774.48,1774.63,1774.48,1774.63,0.01,17.92,32075.3,1
2025-08-13,2025-08-13 12:27:00,1774.63,1774.77,1774.63,1774.77,0.01,17.92,32075.3,1
2025-08-13,2025-08-13 12:28:00,1774.77,1774.92,1774.77,1774.92,0.01,17.92,32075.3,1
2025-08-13,2025-08-13 12:29:00,1774.92,1775.07,1774.92,1775.07,0.01,17.92,32075.3,1
2025-08-13,2025-08-13 12:30:00,1775.07,1775.21,1775.07,1775.21,0.01,17.92,32075.3,1
2025-08-13,2025-08-13 12:31:00,1775.21,1775.36,1775.21,1775.36,0.01,17.92,32075.3,1
2025-08-13,2025-08-13 12:32:00,1775.36,1775.5,1775.36,1775.5,0.01,17.92,32075.3,1
2025-08-13,2025-08-13 12:33:00,1775.5,1775.65,1775.5,1775.65,0.01,17.92,32075.3,1
2025-08-13,2025-08-13 12:34:00,1775.65,1775.79,1775.65,1775.79,0.01,17.92,32075.3,1
2025-08-13,2025-08-13 12:35:00,1775.79,1775.94,1775.79,1775.94,0.01,17.92,32075.3,1
2025-08-13,2025-08-13 12:36:00,1775.94,1776.08,1775.94,1776.08,0.01,17.92,32075.3,1
2025-08-13,2025-08-13 12:37:00,1776.08,1776.23,1776.08,1776.23,0.01,17.92,32075.3,1
2025-08-13,2025-08-13 12:38:00,1776.23,1776.37,1776.23,1776.37,0.01,17.92,32075.3,1
2025-08-13,2025-08-13 12:39:00,1776.37,1776.52,1776.37,1776.52,0.01,17.92,32075.3,1
2025-08-13,2025-08-13 12:40:00,1776.52,1776.66,1776.52,1776.66,0.01,17.92,32075.3,1
2025-08-13,2025-08-13 12:41:00,1776.66,1776.81,1776.66,1776.81,0.01,17.92,32075.3,1
2025-08-13,2025-08-13 12:42:00,1776.81,1776.95,1776.81,1776.95,0.01,17.92,32075.3,1
2025-08-13,2025-08-13 12:43:00,1776.95,1777.1,1776.95,1777.1,0.01,17.92,32075.3,1
2025-08-13,2025-08-13 12:44:00,1777.1,1777.24,1777.1,1777.24,0.01,17.92,32075.3,1
2025-08-13,2025-08-13 12:45:00,1777.24,1777.39,1777.24,1777.39,0.01,17.92,32075.3,1
2025-08-13,2025-08-13 12:46:00,1777.39,1777.53,1777.39,1777.53,0.01,17.92,32075.3,1
2025-08-13,2025-08-13 12:47:00,1777.53,1777.68,1777.53,1777.68,0.01,17.92,32075.3,1
2025-08-13,2025-08-13 12:48:00,1777.68,1777.82,1777.68,1777.82,0.01,17.92,32075.3,1
2025-08-13,2025-08-13 12:49:00,1777.82,1777.97,1777.82,1777.97,0.01,17.92,32075.3,1
2025-08-13,2025-08-13 12:50:00,1777.97,1778.11,1777.97,1778.11,0.01,17.92,32075.3,1
2025-08-13,2025-08-13 12:51:00,1778.11,1778.26,1778.11,1778.26,0.01,17.92,32075.3,1
2025-08-13,2025-08-13 12:52:00,1778.26,1778.4,1778.26,1778.4,0.01,17.92,32075.3,1
2025-08-13,2025-08-13 12:53:00,1778.4,1778.55,1778.4,1778.55,0.01,17.92,32075.3,1
2025-08-13,2025-08-13 12:54:00,1778.55,1778.69,1778.55,1778.69,0.01,17.92,32075.3,1
2025-08-13,2025-08-13 12:55:00,1778.69,1778.84,1778.69,1778.84,0.01,17.92,32075.3,1
2025-08-13,2025-08-13 12:56:00,1778.84,1778.98,1778.84,1778.98,0.01,17.92,32075.3,1
2025-08-13,2025-08-13 12:57:00,1778.98,1779.13,1778.98,1779.13,0.01,17.92,32075.3,1
2025-08-13,2025-08-13 12:58:00,1779.13,1779.27,1779.13,1779.27,0.01,17.92,32075.3,1
2025-08-13,2025-08-13 12:59:00,1779.27,1779.42,1779.27,1779.42,0.01,17.92,32075.3,1
2025-08-13,2025-08-13 13:00:00,1779.42,1840.0,1757.0,1779.57,0.01,17.92,32075.3,1
2025-08-13,2025-08-13 13:01:00,1779.57,1779.71,1779.57,1779.71,0.01,17.92,32075.3,1
2025-08-13,2025-08-13 13:02:00,1779.71,1779.86,1779.71,1779.86,0.01,17.92,32075.3,1
2025-08-13,2025-08-13 13:03:00,1779.86,1780.0,1779.86,1780.0,0.01,17.92,32075.3,1
2025-08-13,2025-08-13 13:04:00,1780.0,1780.15,1780.0,1780.15,0.01,17.92,32075.3,1
2025-08-13,2025-08-13 13:05:00,1780.15,1780.29,1780.15,1780.29,0.01,17.92,32075.3,1
2025-08-13,2025-08-13 13:06:00,1780.29,1780.44,1780.29,1780.44,0.01,17.92,32075.3,1
2025-08-13,2025-08-13 13:07:00,1780.44,1780.58,1780.44,1780.58,0.01,17.92,32075.3,1
2025-08-13,2025-08-13 13:08:00,1780.58,1780.73,1780.58,1780.73,0.01,17.92,32075.3,1
2025-08-13,2025-08-13 13:09:00,1780.73,1780.87,1780.73,1780.87,0.01,17.92,32075.3,1
2025-08-13,2025-08-13 13:10:00,1780.87,1781.02,1780.87,1781.02,0.01,17.92,32075.3,1
2025-08-13,2025-08-13 13:11:00,1781.02,1781.16,1781.02,1781.16,0.01,17.92,32075.3,1
2025-08-13,2025-08-13 13:12:00,1781.16,1781.31,1781.16,1781.31,0.01,17.92,32075.3,1
2025-08-13,2025-08-13 13:13:00,1781.31,1781.45,1781.31,1781.45,0.01,17.92,32075.3,1
2025-08-13,2025-08-13 13:14:00,1781.45,1781.6,1781.45,1781.6,0.01,17.92,32075.3,1
2025-08-13,2025-08-13 13:15:00,1781.6,1781.74,1781.6,1781.74,0.01,17.92,32075.3,1
2025-08-13,2025-08-13 13:16:00,1781.74,1781.89,1781.74,1781.89,0.01,17.92,32075.3,1
2025-08-13,2025-08-13 13:17:00,1781.89,1782.03,1781.89,1782.03,0.01,17.92,32075.3,1
2025-08-13,2025-08-13 13:18:00,1782.03,1782.18,1782.03,1782.18,0.01,17.92,32075.3,1
2025-08-13,2025-08-13 13:19:00,1782.18,1782.32,1782.18,1782.32,0.01,17.92,32075.3,1
2025-08-13,2025-08-13 13:20:00,1782.32,1782.47,1782.32,1782.47,0.01,17.92,32075.3,1
2025-08-13,2025-08-13 13:21:00,1782.47,1782.61,1782.47,1782.61,0.01,17.92,32075.3,1
2025-08-13,2025-08-13 13:22:00,1782.61,1782.76,1782.61,1782.76,0.01,17.92,32075.3,1
2025-08-13,2025-08-13 13:23:00,1782.76,1782.9,1782.76,1782.9,0.01,17.92,32075.3,1
2025-08-13,2025-08-13 13:24:00,1782.9,1783.05,1782.9,1783.05,0.01,17.92,32075.3,1
2025-08-13,2025-08-13 13:25:00,1783.05,1783.19,1783.05,1783.19,0.01,17.92,32075.3,1
2025-08-13,2025-08-13 13:26:00,1783.19,1783.34,1783.19,1783.34,0.01,17.92,32075.3,1
2025-08-13,2025-08-13 13:27:00,1783.34,1783.48,1783.34,1783.48,0.01,17.92,32075.3,1
2025-08-13,2025-08-13 13:28:00,1783.48,1783.63,1783.48,1783.63,0.01,17.92,32075.3,1
2025-08-13,2025-08-13 13:29:00,1783.63,1783.77,1783.63,1783.77,0.01,17.92,32075.3,1
2025-08-13,2025-08-13 13:30:00,1783.77,1783.92,1783.77,1783.92,0.01,17.92,32075.3,1
2025-08-13,2025-08-13 13:31:00,1783.92,1784.07,1783.92,1784.07,0.01,17.92,32075.3,1
2025-08-13,2025-08-13 13:32:00,1784.07,1784.21,1784.07,1784.21,0.01,17.92,32075.3,1
2025-08-13,2025-08-13 13:33:00,1784.21,1784.36,1784.21,1784.36,0.01,17.92,32075.3,1
2025-08-13,2025-08-13 13:34:00,1784.36,1784.5,1784.36,1784.5,0.01,17.92,32075.3,1
2025-08-13,2025-08-13 13:35:00,1784.5,1784.65,1784.5,1784.65,0.01,17.92,32075.3,1
2025-08-13,2025-08-13 13:36:00,1784.65,1784.79,1784.65,1784.79,0.01,17.92,32075.3,1
2025-08-13,2025-08-13 13:37:00,1784.79,1784.94,1784.79,1784.94,0.01,17.92,32075.3,1
2025-08-13,2025-08-13 13:38:00,1784.94,1785.08,1784.94,1785.08,0.01,17.92,32075.3,1
2025-08-13,2025-08-13 13:39:00,1785.08,1785.23,1785.08,1785.23,0.01,17.92,32075.3,1
2025-08-13,2025-08-13 13:40:00,1785.23,1785.37,1785.23,1785.37,0.01,17.92,32075.3,1
2025-08-13,2025-08-13 13:41:00,1785.37,1785.52,1785.37,1785.52,0.01,17.92,32075.3,1
2025-08-13,2025-08-13 13:42:00,1785.52,1785.66,1785.52,1785.66,0.01,17.92,32075.3,1
2025-08-13,2025-08-13 13:43:00,1785.66,1785.81,1785.66,1785.81,0.01,17.92,32075.3,1
2025-08-13,2025-08-13 13:44:00,1785.81,1785.95,1785.81,1785.95,0.01,17.92,32075.3,1
2025-08-13,2025-08-13 13:45:00,1785.95,1786.1,1785.95,1786.1,0.01,17.92,32075.3,1
2025-08-13,2025-08-13 13:46:00,1786.1,1786.24,1786.1,1786.24,0.01,17.92,32075.3,1
2025-08-13,2025-08-13 13:47:00,1786.24,1786.39,1786.24,1786.39,0.01,17.92,32075.3,1
2025-08-13,2025-08-13 13:48:00,1786.39,1786.53,1786.39,1786.53,0.01,17.92,32075.3,1
2025-08-13,2025-08-13 13:49:00,1786.53,1786.68,1786.53,1786.68,0.01,17.92,32075.3,1
2025-08-13,2025-08-13 13:50:00,1786.68,1786.82,1786.68,1786.82,0.01,17.92,32075.3,1
2025-08-13,2025-08-13 13:51:00,1786.82,1786.97,1786.82,1786.97,0.01,17.92,32075.3,1
2025-08-13,2025-08-13 13:52:00,1786.97,1787.11,1786.97,1787.11,0.01,17.92,32075.3,1
2025-08-13,2025-08-13 13:53:00,1787.11,1787.26,1787.11,1787.26,0.01,17.92,32075.3,1
2025-08-13,2025-08-13 13:54:00,1787.26,1787.4,1787.26,1787.4,0.01,17.92,32075.3,1
2025-08-13,2025-08-13 13:55:00,1787.4,1787.55,1787.4,1787.55,0.01,17.92,32075.3,1
2025-08-13,2025-08-13 13:56:00,1787.55,1787.69,1787.55,1787.69,0.01,17.92,32075.3,1
2025-08-13,2025-08-13 13:57:00,1787.69,1787.84,1787.69,1787.84,0.01,17.92,32075.3,1
2025-08-13,2025-08-13 13:58:00,1787.84,1787.98,1787.84,1787.98,0.01,17.92,32075.3,1
2025-08-13,2025-08-13 13:59:00,1787.98,1788.13,1787.98,1788.13,0.01,17.92,32075.3,1
2025-08-13,2025-08-13 14:00:00,1788.13,1788.28,1788.13,1788.28,0.01,17.92,32075.3,1
2025-08-13,2025-08-13 14:01:00,1788.28,1788.42,1788.28,1788.42,0.01,17.92,32075.3,1
2025-08-13,2025-08-13 14:02:00,1788.42,1788.57,1788.42,1788.57,0.01,17.92,32075.3,1
2025-08-13,2025-08-13 14:03:00,1788.57,1788.71,1788.57,1788.71,0.01,17.92,32075.3,1
2025-08-13,2025-08-13 14:04:00,1788.71,1788.86,1788.71,1788.86,0.01,17.92,32075.3,1
2025-08-13,2025-08-13 14:05:00,1788.86,1789.0,1788.86,1789.0,0.01,17.92,32075.3,1
2025-08-13,2025-08-13 14:06:00,1789.0,1789.15,1789.0,1789.15,0.01,17.92,32075.3,1
2025-08-13,2025-08-13 14:07:00,1789.15,1789.29,1789.15,1789.29,0.01,17.92,32075.3,1
2025-08-13,2025-08-13 14:08:00,1789.29,1789.44,1789.29,1789.44,0.01,17.92,32075.3,1
2025-08-13,2025-08-13 14:09:00,1789.44,1789.58,1789.44,1789.58,0.01,17.92,32075.3,1
2025-08-13,2025-08-13 14:10:00,1789.58,1789.73,1789.58,1789.73,0.01,17.92,32075.3,1
2025-08-13,2025-08-13 14:11:00,1789.73,1789.87,1789.73,1789.87,0.01,17.92,32075.3,1
2025-08-13,2025-08-13 14:12:00,1789.87,1790.02,1789.87,1790.02,0.01,17.92,32075.3,1
2025-08-13,2025-08-13 14:13:00,1790.02,1790.16,1790.02,1790.16,0.01,17.92,32075.3,1
2025-08-13,2025-08-13 14:14:00,1790.16,1790.31,1790.16,1790.31,0.01,17.92,32075.3,1
2025-08-13,2025-08-13 14:15:00,1790.31,1790.45,1790.31,1790.45,0.01,17.92,32075.3,1
2025-08-13,2025-08-13 14:16:00,1790.45,1790.6,1790.45,1790.6,0.01,17.92,32075.3,1
2025-08-13,2025-08-13 14:17:00,1790.6,1790.74,1790.6,1790.74,0.01,17.92,32075.3,1
2025-08-13,2025-08-13 14:18:00,1790.74,1790.89,1790.74,1790.89,0.01,17.92,32075.3,1
2025-08-13,2025-08-13 14:19:00,1790.89,1791.03,1790.89,1791.03,0.01,17.92,32075.3,1
2025-08-13,2025-08-13 14:20:00,1791.03,1791.18,1791.03,1791.18,0.01,17.92,32075.3,1
2025-08-13,2025-08-13 14:21:00,1791.18,1791.32,1791.18,1791.32,0.01,17.92,32075.3,1
2025-08-13,2025-08-13 14:22:00,1791.32,1791.47,1791.32,1791.47,0.01,17.92,32075.3,1
2025-08-13,2025-08-13 14:23:00,1791.47,1791.61,1791.47,1791.61,0.01,17.92,32075.3,1
2025-08-13,2025-08-13 14:24:00,1791.61,1791.76,1791.61,1791.76,0.01,17.92,32075.3,1
2025-08-13,2025-08-13 14:25:00,1791.76,1791.9,1791.76,1791.9,0.01,17.92,32075.3,1
2025-08-13,2025-08-13 14:26:00,1791.9,1792.05,1791.9,1792.05,0.01,17.92,32075.3,1
2025-08-13,2025-08-13 14:27:00,1792.05,1792.19,1792.05,1792.19,0.01,17.92,32075.3,1
2025-08-13,2025-08-13 14:28:00,1792.19,1792.34,1792.19,1792.34,0.01,17.92,32075.3,1
2025-08-13,2025-08-13 14:29:00,1792.34,1792.48,1792.34,1792.48,0.01,17.92,32075.3,1
2025-08-13,2025-08-13 14:30:00,1792.48,1792.63,1792.48,1792.63,0.01,17.92,32075.3,1
2025-08-13,2025-08-13 14:31:00,1792.63,1792.78,1792.63,1792.78,0.01,17.92,32075.3,1
2025-08-13,2025-08-13 14:32:00,1792.78,1792.92,1792.78,1792.92,0.01,17.92,32075.3,1
2025-08-13,2025-08-13 14:33:00,1792.92,1793.07,1792.92,1793.07,0.01,17.92,32075.3,1
2025-08-13,2025-08-13 14:34:00,1793.07,1793.21,1793.07,1793.21,0.01,17.92,32075.3,1
2025-08-13,2025-08-13 14:35:00,1793.21,1793.36,1793.21,1793.36,0.01,17.92,32075.3,1
2025-08-13,2025-08-13 14:36:00,1793.36,1793.5,1793.36,1793.5,0.01,17.92,32075.3,1
2025-08-13,2025-08-13 14:37:00,1793.5,1793.65,1793.5,1793.65,0.01,17.92,32075.3,1
2025-08-13,2025-08-13 14:38:00,1793.65,1793.79,1793.65,1793.79,0.01,17.92,32075.3,1
2025-08-13,2025-08-13 14:39:00,1793.79,1793.94,1793.79,1793.94,0.01,17.92,32075.3,1
2025-08-13,2025-08-13 14:40:00,1793.94,1794.08,1793.94,1794.08,0.01,17.92,32075.3,1
2025-08-13,2025-08-13 14:41:00,1794.08,1794.23,1794.08,1794.23,0.01,17.92,32075.3,1
2025-08-13,2025-08-13 14:42:00,1794.23,1794.37,1794.23,1794.37,0.01,17.92,32075.3,1
2025-08-13,2025-08-13 14:43:00,1794.37,1794.52,1794.37,1794.52,0.01,17.92,32075.3,1
2025-08-13,2025-08-13 14:44:00,1794.52,1794.66,1794.52,1794.66,0.01,17.92,32075.3,1
2025-08-13,2025-08-13 14:45:00,1794.66,1794.81,1794.66,1794.81,0.01,17.92,32075.3,1
2025-08-13,2025-08-13 14:46:00,1794.81,1794.95,1794.81,1794.95,0.01,17.92,32075.3,1
2025-08-13,2025-08-13 14:47:00,1794.95,1795.1,1794.95,1795.1,0.01,17.92,32075.3,1
2025-08-13,2025-08-13 14:48:00,1795.1,1795.24,1795.1,1795.24,0.01,17.92,32075.3,1
2025-08-13,2025-08-13 14:49:00,1795.24,1795.39,1795.24,1795.39,0.01,17.92,32075.3,1
2025-08-13,2025-08-13 14:50:00,1795.39,1795.53,1795.39,1795.53,0.01,17.92,32075.3,1
2025-08-13,2025-08-13 14:51:00,1795.53,1795.68,1795.53,1795.68,0.01,17.92,32075.3,1
2025-08-13,2025-08-13 14:52:00,1795.68,1795.82,1795.68,1795.82,0.01,17.92,32075.3,1
2025-08-13,2025-08-13 14:53:00,1795.82,1795.97,1795.82,1795.97,0.01,17.92,32075.3,1
2025-08-13,2025-08-13 14:54:00,1795.97,1796.11,1795.97,1796.11,0.01,17.92,32075.3,1
2025-08-13,2025-08-13 14:55:00,1796.11,1796.26,1796.11,1796.26,0.01,17.92,32075.3,1
2025-08-13,2025-08-13 14:56:00,1796.26,1796.4,1796.26,1796.4,0.01,17.92,32075.3,1
2025-08-13,2025-08-13 14:57:00,1796.4,1796.55,1796.4,1796.55,0.01,17.92,32075.3,1
2025-08-13,2025-08-13 14:58:00,1796.55,1796.69,1796.55,1796.69,0.01,17.92,32075.3,1
2025-08-13,2025-08-13 14:59:00,1796.69,1796.84,1796.69,1796.84,0.01,17.92,32075.3,1
2025-08-13,2025-08-13 15:00:00,1796.84,1840.0,1757.0,1796.84,0.0,17.92,32075.3,0
2025-08-14,2025-08-14 11:00:00,1772.0,1811.9,1771.7,1772.2,0.01,24.17,43570.22,1
2025-08-14,2025-08-14 11:01:00,1772.2,1772.41,1772.2,1772.41,0.01,24.17,43570.22,1
2025-08-14,2025-08-14 11:02:00,1772.41,1772.61,1772.41,1772.61,0.01,24.17,43570.22,1
2025-08-14,2025-08-14 11:03:00,1772.61,1772.81,1772.61,1772.81,0.01,24.17,43570.22,1
2025-08-14,2025-08-14 11:04:00,1772.81,1773.02,1772.81,1773.02,0.01,24.17,43570.22,1
2025-08-14,2025-08-14 11:05:00,1773.02,1773.22,1773.02,1773.22,0.01,24.17,43570.22,1
2025-08-14,2025-08-14 11:06:00,1773.22,1773.42,1773.22,1773.42,0.01,24.17,43570.22,1
2025-08-14,2025-08-14 11:07:00,1773.42,1773.63,1773.42,1773.63,0.01,24.17,43570.22,1
2025-08-14,2025-08-14 11:08:00,1773.63,1773.83,1773.63,1773.83,0.01,24.17,43570.22,1
2025-08-14,2025-08-14 11:09:00,1773.83,1774.03,1773.83,1774.03,0.01,24.17,43570.22,1
2025-08-14,2025-08-14 11:10:00,1774.03,1774.24,1774.03,1774.24,0.01,24.17,43570.22,1
2025-08-14,2025-08-14 11:11:00,1774.24,1774.44,1774.24,1774.44,0.01,24.17,43570.22,1
2025-08-14,2025-08-14 11:12:00,1774.44,1774.64,1774.44,1774.64,0.01,24.17,43570.22,1
2025-08-14,2025-08-14 11:13:00,1774.64,1774.85,1774.64,1774.85,0.01,24.17,43570.22,1
2025-08-14,2025-08-14 11:14:00,1774.85,1775.05,1774.85,1775.05,0.01,24.17,43570.22,1
2025-08-14,2025-08-14 11:15:00,1775.05,1775.25,1775.05,1775.25,0.01,24.17,43570.22,1
2025-08-14,2025-08-14 11:16:00,1775.25,1775.46,1775.25,1775.46,0.01,24.17,43570.22,1
2025-08-14,2025-08-14 11:17:00,1775.46,1775.66,1775.46,1775.66,0.01,24.17,43570.22,1
2025-08-14,2025-08-14 11:18:00,1775.66,1775.86,1775.66,1775.86,0.01,24.17,43570.22,1
2025-08-14,2025-08-14 11:19:00,1775.86,1776.07,1775.86,1776.07,0.01,24.17,43570.22,1
2025-08-14,2025-08-14 11:20:00,1776.07,1776.27,1776.07,1776.27,0.01,24.17,43570.22,1
2025-08-14,2025-08-14 11:21:00,1776.27,1776.47,1776.27,1776.47,0.01,24.17,43570.22,1
2025-08-14,2025-08-14 11:22:00,1776.47,1776.68,1776.47,1776.68,0.01,24.17,43570.22,1
2025-08-14,2025-08-14 11:23:00,1776.68,1776.88,1776.68,1776.88,0.01,24.17,43570.22,1
2025-08-14,2025-08-14 11:24:00,1776.88,1777.08,1776.88,1777.08,0.01,24.17,43570.22,1
2025-08-14,2025-08-14 11:25:00,1777.08,1777.29,1777.08,1777.29,0.01,24.17,43570.22,1
2025-08-14,2025-08-14 11:26:00,1777.29,1777.49,1777.29,1777.49,0.01,24.17,43570.22,1
2025-08-14,2025-08-14 11:27:00,1777.49,1777.69,1777.49,1777.69,0.01,24.17,43570.22,1
2025-08-14,2025-08-14 11:28:00,1777.69,1777.9,1777.69,1777.9,0.01,24.17,43570.22,1
2025-08-14,2025-08-14 11:29:00,1777.9,1778.1,1777.9,1778.1,0.01,24.17,43570.22,1
2025-08-14,2025-08-14 11:30:00,1778.1,1778.3,1778.1,1778.3,0.01,24.17,43570.22,1
2025-08-14,2025-08-14 11:31:00,1778.3,1778.51,1778.3,1778.51,0.01,24.17,43570.22,1
2025-08-14,2025-08-14 11:32:00,1778.51,1778.71,1778.51,1778.71,0.01,24.17,43570.22,1
2025-08-14,2025-08-14 11:33:00,1778.71,1778.91,1778.71,1778.91,0.01,24.17,43570.22,1
2025-08-14,2025-08-14 11:34:00,1778.91,1779.12,1778.91,1779.12,0.01,24.17,43570.22,1
2025-08-14,2025-08-14 11:35:00,1779.12,1779.32,1779.12,1779.32,0.01,24.17,43570.22,1
2025-08-14,2025-08-14 11:36:00,1779.32,1779.52,1779.32,1779.52,0.01,24.17,43570.22,1
2025-08-14,2025-08-14 11:37:00,1779.52,1779.73,1779.52,1779.73,0.01,24.17,43570.22,1
2025-08-14,2025-08-14 11:38:00,1779.73,1779.93,1779.73,1779.93,0.01,24.17,43570.22,1
2025-08-14,2025-08-14 11:39:00,1779.93,1780.13,1779.93,1780.13,0.01,24.17,43570.22,1
2025-08-14,2025-08-14 11:40:00,1780.13,1780.34,1780.13,1780.34,0.01,24.17,43570.22,1
2025-08-14,2025-08-14 11:41:00,1780.34,1780.54,1780.34,1780.54,0.01,24.17,43570.22,1
2025-08-14,2025-08-14 11:42:00,1780.54,1780.75,1780.54,1780.75,0.01,24.17,43570.22,1
2025-08-14,2025-08-14 11:43:00,1780.75,1780.95,1780.75,1780.95,0.01,24.17,43570.22,1
2025-08-14,2025-08-14 11:44:00,1780.95,1781.15,1780.95,1781.15,0.01,24.17,43570.22,1
2025-08-14,2025-08-14 11:45:00,1781.15,1781.36,1781.15,1781.36,0.01,24.17,43570.22,1
2025-08-14,2025-08-14 11:46:00,1781.36,1781.56,1781.36,1781.56,0.01,24.17,43570.22,1
2025-08-14,2025-08-14 11:47:00,1781.56,1781.76,1781.56,1781.76,0.01,24.17,43570.22,1
2025-08-14,2025-08-14 11:48:00,1781.76,1781.97,1781.76,1781.97,0.01,24.17,43570.22,1
2025-08-14,2025-08-14 11:49:00,1781.97,1782.17,1781.97,1782.17,0.01,24.17,43570.22,1
2025-08-14,2025-08-14 11:50:00,1782.17,1782.37,1782.17,1782.37,0.01,24.17,43570.22,1
2025-08-14,2025-08-14 11:51:00,1782.37,1782.58,1782.37,1782.58,0.01,24.17,43570.22,1
2025-08-14,2025-08-14 11:52:00,1782.58,1782.78,1782.58,1782.78,0.01,24.17,43570.22,1
2025-08-14,2025-08-14 11:53:00,1782.78,1782.98,1782.78,1782.98,0.01,24.17,43570.22,1
2025-08-14,2025-08-14 11:54:00,1782.98,1783.19,1782.98,1783.19,0.01,24.17,43570.22,1
2025-08-14,2025-08-14 11:55:00,1783.19,1783.39,1783.19,1783.39,0.01,24.17,43570.22,1
2025-08-14,2025-08-14 11:56:00,1783.39,1783.59,1783.39,1783.59,0.01,24.17,43570.22,1
2025-08-14,2025-08-14 11:57:00,1783.59,1783.8,1783.59,1783.8,0.01,24.17,43570.22,1
2025-08-14,2025-08-14 11:58:00,1783.8,1784.0,1783.8,1784.0,0.01,24.17,43570.22,1
2025-08-14,2025-08-14 11:59:00,1784.0,1784.2,1784.0,1784.2,0.01,24.17,43570.22,1
2025-08-14,2025-08-14 12:00:00,1784.2,1784.41,1784.2,1784.41,0.01,24.17,43570.22,1
2025-08-14,2025-08-14 12:01:00,1784.41,1784.61,1784.41,1784.61,0.01,24.17,43570.22,1
2025-08-14,2025-08-14 12:02:00,1784.61,1784.81,1784.61,1784.81,0.01,24.17,43570.22,1
2025-08-14,2025-08-14 12:03:00,1784.81,1785.02,1784.81,1785.02,0.01,24.17,43570.22,1
2025-08-14,2025-08-14 12:04:00,1785.02,1785.22,1785.02,1785.22,0.01,24.17,43570.22,1
2025-08-14,2025-08-14 12:05:00,1785.22,1785.42,1785.22,1785.42,0.01,24.17,43570.22,1
2025-08-14,2025-08-14 12:06:00,1785.42,1785.63,1785.42,1785.63,0.01,24.17,43570.22,1
2025-08-14,2025-08-14 12:07:00,1785.63,1785.83,1785.63,1785.83,0.01,24.17,43570.22,1
2025-08-14,2025-08-14 12:08:00,1785.83,1786.03,1785.83,1786.03,0.01,24.17,43570.22,1
2025-08-14,2025-08-14 12:09:00,1786.03,1786.24,1786.03,1786.24,0.01,24.17,43570.22,1
2025-08-14,2025-08-14 12:10:00,1786.24,1786.44,1786.24,1786.44,0.01,24.17,43570.22,1
2025-08-14,2025-08-14 12:11:00,1786.44,1786.64,1786.44,1786.64,0.01,24.17,43570.22,1
2025-08-14,2025-08-14 12:12:00,1786.64,1786.85,1786.64,1786.85,0.01,24.17,43570.22,1
2025-08-14,2025-08-14 12:13:00,1786.85,1787.05,1786.85,1787.05,0.01,24.17,43570.22,1
2025-08-14,2025-08-14 12:14:00,1787.05,1787.25,1787.05,1787.25,0.01,24.17,43570.22,1
2025-08-14,2025-08-14 12:15:00,1787.25,1787.46,1787.25,1787.46,0.01,24.17,43570.22,1
2025-08-14,2025-08-14 12:16:00,1787.46,1787.66,1787.46,1787.66,0.01,24.17,43570.22,1
2025-08-14,2025-08-14 12:17:00,1787.66,1787.86,1787.66,1787.86,0.01,24.17,43570.22,1
2025-08-14,2025-08-14 12:18:00,1787.86,1788.07,1787.86,1788.07,0.01,24.17,43570.22,1
2025-08-14,2025-08-14 12:19:00,1788.07,1788.27,1788.07,1788.27,0.01,24.17,43570.22,1
2025-08-14,2025-08-14 12:20:00,1788.27,1788.47,1788.27,1788.47,0.01,24.17,43570.22,1
2025-08-14,2025-08-14 12:21:00,1788.47,1788.68,1788.47,1788.68,0.01,24.17,43570.22,1
2025-08-14,2025-08-14 12:22:00,1788.68,1788.88,1788.68,1788.88,0.01,24.17,43570.22,1
2025-08-14,2025-08-14 12:23:00,1788.88,1789.08,1788.88,1789.08,0.01,24.17,43570.22,1
2025-08-14,2025-08-14 12:24:00,1789.08,1789.29,1789.08,1789.29,0.01,24.17,43570.22,1
2025-08-14,2025-08-14 12:25:00,1789.29,1789.49,1789.29,1789.49,0.01,24.17,43570.22,1
2025-08-14,2025-08-14 12:26:00,1789.49,1789.69,1789.49,1789.69,0.01,24.17,43570.22,1
2025-08-14,2025-08-14 12:27:00,1789.69,1789.9,1789.69,1789.9,0.01,24.17,43570.22,1
2025-08-14,2025-08-14 12:28:00,1789.9,1790.1,1789.9,1790.1,0.01,24.17,43570.22,1
2025-08-14,2025-08-14 12:29:00,1790.1,1790.3,1790.1,1790.3,0.01,24.17,43570.22,1
2025-08-14,2025-08-14 12:30:00,1790.3,1790.51,1790.3,1790.51,0.01,24.17,43570.22,1
2025-08-14,2025-08-14 12:31:00,1790.51,1790.71,1790.51,1790.71,0.01,24.17,43570.22,1
2025-08-14,2025-08-14 12:32:00,1790.71,1790.91,1790.71,1790.91,0.01,24.17,43570.22,1
2025-08-14,2025-08-14 12:33:00,1790.91,1791.12,1790.91,1791.12,0.01,24.17,43570.22,1
2025-08-14,2025-08-14 12:34:00,1791.12,1791.32,1791.12,1791.32,0.01,24.17,43570.22,1
2025-08-14,2025-08-14 12:35:00,1791.32,1791.52,1791.32,1791.52,0.01,24.17,43570.22,1
2025-08-14,2025-08-14 12:36:00,1791.52,1791.73,1791.52,1791.73,0.01,24.17,43570.22,1
2025-08-14,2025-08-14 12:37:00,1791.73,1791.93,1791.73,1791.93,0.01,24.17,43570.22,1
2025-08-14,2025-08-14 12:38:00,1791.93,1792.13,1791.93,1792.13,0.01,24.17,43570.22,1
2025-08-14,2025-08-14 12:39:00,1792.13,1792.34,1792.13,1792.34,0.01,24.17,43570.22,1
2025-08-14,2025-08-14 12:40:00,1792.34,1792.54,1792.34,1792.54,0.01,24.17,43570.22,1
2025-08-14,2025-08-14 12:41:00,1792.54,1792.74,1792.54,1792.74,0.01,24.17,43570.22,1
2025-08-14,2025-08-14 12:42:00,1792.74,1792.95,1792.74,1792.95,0.01,24.17,43570.22,1
2025-08-14,2025-08-14 12:43:00,1792.95,1793.15,1792.95,1793.15,0.01,24.17,43570.22,1
2025-08-14,2025-08-14 12:44:00,1793.15,1793.35,1793.15,1793.35,0.01,24.17,43570.22,1
2025-08-14,2025-08-14 12:45:00,1793.35,1793.56,1793.35,1793.56,0.01,24.17,43570.22,1
2025-08-14,2025-08-14 12:46:00,1793.56,1793.76,1793.56,1793.76,0.01,24.17,43570.22,1
2025-08-14,2025-08-14 12:47:00,1793.76,1793.96,1793.76,1793.96,0.01,24.17,43570.22,1
2025-08-14,2025-08-14 12:48:00,1793.96,1794.17,1793.96,1794.17,0.01,24.17,43570.22,1
2025-08-14,2025-08-14 12:49:00,1794.17,1794.37,1794.17,1794.37,0.01,24.17,43570.22,1
2025-08-14,2025-08-14 12:50:00,1794.37,1794.57,1794.37,1794.57,0.01,24.17,43570.22,1
2025-08-14,2025-08-14 12:51:00,1794.57,1794.78,1794.57,1794.78,0.01,24.17,43570.22,1
2025-08-14,2025-08-14 12:52:00,1794.78,1794.98,1794.78,1794.98,0.01,24.17,43570.22,1
2025-08-14,2025-08-14 12:53:00,1794.98,1795.18,1794.98,1795.18,0.01,24.17,43570.22,1
2025-08-14,2025-08-14 12:54:00,1795.18,1795.39,1795.18,1795.39,0.01,24.17,43570.22,1
2025-08-14,2025-08-14 12:55:00,1795.39,1795.59,1795.39,1795.59,0.01,24.17,43570.22,1
2025-08-14,2025-08-14 12:56:00,1795.59,1795.79,1795.59,1795.79,0.01,24.17,43570.22,1
2025-08-14,2025-08-14 12:57:00,1795.79,1796.0,1795.79,1796.0,0.01,24.17,43570.22,1
2025-08-14,2025-08-14 12:58:00,1796.0,1796.2,1796.0,1796.2,0.01,24.17,43570.22,1
2025-08-14,2025-08-14 12:59:00,1796.2,1796.4,1796.2,1796.4,0.01,24.17,43570.22,1
2025-08-14,2025-08-14 13:00:00,1796.4,1905.0,1771.0,1796.61,0.01,24.17,43570.22,1
2025-08-14,2025-08-14 13:01:00,1796.61,1796.81,1796.61,1796.81,0.01,24.17,43570.22,1
2025-08-14,2025-08-14 13:02:00,1796.81,1797.02,1796.81,1797.02,0.01,24.17,43570.22,1
2025-08-14,2025-08-14 13:03:00,1797.02,1797.22,1797.02,1797.22,0.01,24.17,43570.22,1
2025-08-14,2025-08-14 13:04:00,1797.22,1797.42,1797.22,1797.42,0.01,24.17,43570.22,1
2025-08-14,2025-08-14 13:05:00,1797.42,1797.63,1797.42,1797.63,0.01,24.17,43570.22,1
2025-08-14,2025-08-14 13:06:00,1797.63,1797.83,1797.63,1797.83,0.01,24.17,43570.22,1
2025-08-14,2025-08-14 13:07:00,1797.83,1798.03,1797.83,1798.03,0.01,24.17,43570.22,1
2025-08-14,2025-08-14 13:08:00,1798.03,1798.24,1798.03,1798.24,0.01,24.17,43570.22,1
2025-08-14,2025-08-14 13:09:00,1798.24,1798.44,1798.24,1798.44,0.01,24.17,43570.22,1
2025-08-14,2025-08-14 13:10:00,1798.44,1798.64,1798.44,1798.64,0.01,24.17,43570.22,1
2025-08-14,2025-08-14 13:11:00,1798.64,1798.85,1798.64,1798.85,0.01,24.17,43570.22,1
2025-08-14,2025-08-14 13:12:00,1798.85,1799.05,1798.85,1799.05,0.01,24.17,43570.22,1
2025-08-14,2025-08-14 13:13:00,1799.05,1799.25,1799.05,1799.25,0.01,24.17,43570.22,1
2025-08-14,2025-08-14 13:14:00,1799.25,1799.46,1799.25,1799.46,0.01,24.17,43570.22,1
2025-08-14,2025-08-14 13:15:00,1799.46,1799.66,1799.46,1799.66,0.01,24.17,43570.22,1
2025-08-14,2025-08-14 13:16:00,1799.66,1799.86,1799.66,1799.86,0.01,24.17,43570.22,1
2025-08-14,2025-08-14 13:17:00,1799.86,1800.07,1799.86,1800.07,0.01,24.17,43570.22,1
2025-08-14,2025-08-14 13:18:00,1800.07,1800.27,1800.07,1800.27,0.01,24.17,43570.22,1
2025-08-14,2025-08-14 13:19:00,1800.27,1800.47,1800.27,1800.47,0.01,24.17,43570.22,1
2025-08-14,2025-08-14 13:20:00,1800.47,1800.68,1800.47,1800.68,0.01,24.17,43570.22,1
2025-08-14,2025-08-14 13:21:00,1800.68,1800.88,1800.68,1800.88,0.01,24.17,43570.22,1
2025-08-14,2025-08-14 13:22:00,1800.88,1801.08,1800.88,1801.08,0.01,24.17,43570.22,1
2025-08-14,2025-08-14 13:23:00,1801.08,1801.29,1801.08,1801.29,0.01,24.17,43570.22,1
2025-08-14,2025-08-14 13:24:00,1801.29,1801.49,1801.29,1801.49,0.01,24.17,43570.22,1
2025-08-14,2025-08-14 13:25:00,1801.49,1801.69,1801.49,1801.69,0.01,24.17,43570.22,1
2025-08-14,2025-08-14 13:26:00,1801.69,1801.9,1801.69,1801.9,0.01,24.17,43570.22,1
2025-08-14,2025-08-14 13:27:00,1801.9,1802.1,1801.9,1802.1,0.01,24.17,43570.22,1
2025-08-14,2025-08-14 13:28:00,1802.1,1802.3,1802.1,1802.3,0.01,24.17,43570.22,1
2025-08-14,2025-08-14 13:29:00,1802.3,1802.51,1802.3,1802.51,0.01,24.17,43570.22,1
2025-08-14,2025-08-14 13:30:00,1802.51,1802.71,1802.51,1802.71,0.01,24.17,43570.22,1
2025-08-14,2025-08-14 13:31:00,1802.71,1802.91,1802.71,1802.91,0.01,24.17,43570.22,1
2025-08-14,2025-08-14 13:32:00,1802.91,1803.12,1802.91,1803.12,0.01,24.17,43570.22,1
2025-08-14,2025-08-14 13:33:00,1803.12,1803.32,1803.12,1803.32,0.01,24.17,43570.22,1
2025-08-14,2025-08-14 13:34:00,1803.32,1803.52,1803.32,1803.52,0.01,24.17,43570.22,1
2025-08-14,2025-08-14 13:35:00,1803.52,1803.73,1803.52,1803.73,0.01,24.17,43570.22,1
2025-08-14,2025-08-14 13:36:00,1803.73,1803.93,1803.73,1803.93,0.01,24.17,43570.22,1
2025-08-14,2025-08-14 13:37:00,1803.93,1804.13,1803.93,1804.13,0.01,24.17,43570.22,1
2025-08-14,2025-08-14 13:38:00,1804.13,1804.34,1804.13,1804.34,0.01,24.17,43570.22,1
2025-08-14,2025-08-14 13:39:00,1804.34,1804.54,1804.34,1804.54,0.01,24.17,43570.22,1
2025-08-14,2025-08-14 13:40:00,1804.54,1804.74,1804.54,1804.74,0.01,24.17,43570.22,1
2025-08-14,2025-08-14 13:41:00,1804.74,1804.95,1804.74,1804.95,0.01,24.17,43570.22,1
2025-08-14,2025-08-14 13:42:00,1804.95,1805.15,1804.95,1805.15,0.01,24.17,43570.22,1
2025-08-14,2025-08-14 13:43:00,1805.15,1805.35,1805.15,1805.35,0.01,24.17,43570.22,1
2025-08-14,2025-08-14 13:44:00,1805.35,1805.56,1805.35,1805.56,0.01,24.17,43570.22,1
2025-08-14,2025-08-14 13:45:00,1805.56,1805.76,1805.56,1805.76,0.01,24.17,43570.22,1
2025-08-14,2025-08-14 13:46:00,1805.76,1805.96,1805.76,1805.96,0.01,24.17,43570.22,1
2025-08-14,2025-08-14 13:47:00,1805.96,1806.17,1805.96,1806.17,0.01,24.17,43570.22,1
2025-08-14,2025-08-14 13:48:00,1806.17,1806.37,1806.17,1806.37,0.01,24.17,43570.22,1
2025-08-14,2025-08-14 13:49:00,1806.37,1806.57,1806.37,1806.57,0.01,24.17,43570.22,1
2025-08-14,2025-08-14 13:50:00,1806.57,1806.78,1806.57,1806.78,0.01,24.17,43570.22,1
2025-08-14,2025-08-14 13:51:00,1806.78,1806.98,1806.78,1806.98,0.01,24.17,43570.22,1
2025-08-14,2025-08-14 13:52:00,1806.98,1807.18,1806.98,1807.18,0.01,24.17,43570.22,1
2025-08-14,2025-08-14 13:53:00,1807.18,1807.39,1807.18,1807.39,0.01,24.17,43570.22,1
2025-08-14,2025-08-14 13:54:00,1807.39,1807.59,1807.39,1807.59,0.01,24.17,43570.22,1
2025-08-14,2025-08-14 13:55:00,1807.59,1807.79,1807.59,1807.79,0.01,24.17,43570.22,1
2025-08-14,2025-08-14 13:56:00,1807.79,1808.0,1807.79,1808.0,0.01,24.17,43570.22,1
2025-08-14,2025-08-14 13:57:00,1808.0,1808.2,1808.0,1808.2,0.01,24.17,43570.22,1
2025-08-14,2025-08-14 13:58:00,1808.2,1808.4,1808.2,1808.4,0.01,24.17,43570.22,1
2025-08-14,2025-08-14 13:59:00,1808.4,1808.61,1808.4,1808.61,0.01,24.17,43570.22,1
2025-08-14,2025-08-14 14:00:00,1808.61,1808.81,1808.61,1808.81,0.01,24.17,43570.22,1
2025-08-14,2025-08-14 14:01:00,1808.81,1809.01,1808.81,1809.01,0.01,24.17,43570.22,1
2025-08-14,2025-08-14 14:02:00,1809.01,1809.22,1809.01,1809.22,0.01,24.17,43570.22,1
2025-08-14,2025-08-14 14:03:00,1809.22,1809.42,1809.22,1809.42,0.01,24.17,43570.22,1
2025-08-14,2025-08-14 14:04:00,1809.42,1809.62,1809.42,1809.62,0.01,24.17,43570.22,1
2025-08-14,2025-08-14 14:05:00,1809.62,1809.83,1809.62,1809.83,0.01,24.17,43570.22,1
2025-08-14,2025-08-14 14:06:00,1809.83,1810.03,1809.83,1810.03,0.01,24.17,43570.22,1
2025-08-14,2025-08-14 14:07:00,1810.03,1810.23,1810.03,1810.23,0.01,24.17,43570.22,1
2025-08-14,2025-08-14 14:08:00,1810.23,1810.44,1810.23,1810.44,0.01,24.17,43570.22,1
2025-08-14,2025-08-14 14:09:00,1810.44,1810.64,1810.44,1810.64,0.01,24.17,43570.22,1
2025-08-14,2025-08-14 14:10:00,1810.64,1810.84,1810.64,1810.84,0.01,24.17,43570.22,1
2025-08-14,2025-08-14 14:11:00,1810.84,1811.05,1810.84,1811.05,0.01,24.17,43570.22,1
2025-08-14,2025-08-14 14:12:00,1811.05,1811.25,1811.05,1811.25,0.01,24.17,43570.22,1
2025-08-14,2025-08-14 14:13:00,1811.25,1811.45,1811.25,1811.45,0.01,24.17,43570.22,1
2025-08-14,2025-08-14 14:14:00,1811.45,1811.66,1811.45,1811.66,0.01,24.17,43570.22,1
2025-08-14,2025-08-14 14:15:00,1811.66,1811.86,1811.66,1811.86,0.01,24.17,43570.22,1
2025-08-14,2025-08-14 14:16:00,1811.86,1812.06,1811.86,1812.06,0.01,24.17,43570.22,1
2025-08-14,2025-08-14 14:17:00,1812.06,1812.27,1812.06,1812.27,0.01,24.17,43570.22,1
2025-08-14,2025-08-14 14:18:00,1812.27,1812.47,1812.27,1812.47,0.01,24.17,43570.22,1
2025-08-14,2025-08-14 14:19:00,1812.47,1812.67,1812.47,1812.67,0.01,24.17,43570.22,1
2025-08-14,2025-08-14 14:20:00,1812.67,1812.88,1812.67,1812.88,0.01,24.17,43570.22,1
2025-08-14,2025-08-14 14:21:00,1812.88,1813.08,1812.88,1813.08,0.01,24.17,43570.22,1
2025-08-14,2025-08-14 14:22:00,1813.08,1813.29,1813.08,1813.29,0.01,24.17,43570.22,1
2025-08-14,2025-08-14 14:23:00,1813.29,1813.49,1813.29,1813.49,0.01,24.17,43570.22,1
2025-08-14,2025-08-14 14:24:00,1813.49,1813.69,1813.49,1813.69,0.01,24.17,43570.22,1
2025-08-14,2025-08-14 14:25:00,1813.69,1813.9,1813.69,1813.9,0.01,24.17,43570.22,1
2025-08-14,2025-08-14 14:26:00,1813.9,1814.1,1813.9,1814.1,0.01,24.17,43570.22,1
2025-08-14,2025-08-14 14:27:00,1814.1,1814.3,1814.1,1814.3,0.01,24.17,43570.22,1
2025-08-14,2025-08-14 14:28:00,1814.3,1814.51,1814.3,1814.51,0.01,24.17,43570.22,1
2025-08-14,2025-08-14 14:29:00,1814.51,1814.71,1814.51,1814.71,0.01,24.17,43570.22,1
2025-08-14,2025-08-14 14:30:00,1814.71,1814.91,1814.71,1814.91,0.01,24.17,43570.22,1
2025-08-14,2025-08-14 14:31:00,1814.91,1815.12,1814.91,1815.12,0.01,24.17,43570.22,1
2025-08-14,2025-08-14 14:32:00,1815.12,1815.32,1815.12,1815.32,0.01,24.17,43570.22,1
2025-08-14,2025-08-14 14:33:00,1815.32,1815.52,1815.32,1815.52,0.01,24.17,43570.22,1
2025-08-14,2025-08-14 14:34:00,1815.52,1815.73,1815.52,1815.73,0.01,24.17,43570.22,1
2025-08-14,2025-08-14 14:35:00,1815.73,1815.93,1815.73,1815.93,0.01,24.17,43570.22,1
2025-08-14,2025-08-14 14:36:00,1815.93,1816.13,1815.93,1816.13,0.01,24.17,43570.22,1
2025-08-14,2025-08-14 14:37:00,1816.13,1816.34,1816.13,1816.34,0.01,24.17,43570.22,1
2025-08-14,2025-08-14 14:38:00,1816.34,1816.54,1816.34,1816.54,0.01,24.17,43570.22,1
2025-08-14,2025-08-14 14:39:00,1816.54,1816.74,1816.54,1816.74,0.01,24.17,43570.22,1
2025-08-14,2025-08-14 14:40:00,1816.74,1816.95,1816.74,1816.95,0.01,24.17,43570.22,1
2025-08-14,2025-08-14 14:41:00,1816.95,1817.15,1816.95,1817.15,0.01,24.17,43570.22,1
2025-08-14,2025-08-14 14:42:00,1817.15,1817.35,1817.15,1817.35,0.01,24.17,43570.22,1
2025-08-14,2025-08-14 14:43:00,1817.35,1817.56,1817.35,1817.56,0.01,24.17,43570.22,1
2025-08-14,2025-08-14 14:44:00,1817.56,1817.76,1817.56,1817.76,0.01,24.17,43570.22,1
2025-08-14,2025-08-14 14:45:00,1817.76,1817.96,1817.76,1817.96,0.01,24.17,43570.22,1
2025-08-14,2025-08-14 14:46:00,1817.96,1818.17,1817.96,1818.17,0.01,24.17,43570.22,1
2025-08-14,2025-08-14 14:47:00,1818.17,1818.37,1818.17,1818.37,0.01,24.17,43570.22,1
2025-08-14,2025-08-14 14:48:00,1818.37,1818.57,1818.37,1818.57,0.01,24.17,43570.22,1
2025-08-14,2025-08-14 14:49:00,1818.57,1818.78,1818.57,1818.78,0.01,24.17,43570.22,1
2025-08-14,2025-08-14 14:50:00,1818.78,1818.98,1818.78,1818.98,0.01,24.17,43570.22,1
2025-08-14,2025-08-14 14:51:00,1818.98,1819.18,1818.98,1819.18,0.01,24.17,43570.22,1
2025-08-14,2025-08-14 14:52:00,1819.18,1819.39,1819.18,1819.39,0.01,24.17,43570.22,1
2025-08-14,2025-08-14 14:53:00,1819.39,1819.59,1819.39,1819.59,0.01,24.17,43570.22,1
2025-08-14,2025-08-14 14:54:00,1819.59,1819.79,1819.59,1819.79,0.01,24.17,43570.22,1
2025-08-14,2025-08-14 14:55:00,1819.79,1820.0,1819.79,1820.0,0.01,24.17,43570.22,1
2025-08-14,2025-08-14 14:56:00,1820.0,1820.2,1820.0,1820.2,0.01,24.17,43570.22,1
2025-08-14,2025-08-14 14:57:00,1820.2,1820.4,1820.2,1820.4,0.01,24.17,43570.22,1
2025-08-14,2025-08-14 14:58:00,1820.4,1820.61,1820.4,1820.61,0.01,24.17,43570.22,1
2025-08-14,2025-08-14 14:59:00,1820.61,1820.81,1820.61,1820.81,0.01,24.17,43570.22,1
2025-08-14,2025-08-14 15:00:00,1820.81,1905.0,1771.0,1820.81,0.0,24.17,43570.22,0
2025-08-17,2025-08-17 11:00:00,1799.1,1809.54,1790.37,1799.03,-0.0,24.49,43921.03,-1
2025-08-17,2025-08-17 11:01:00,1799.03,1799.03,1798.97,1798.97,-0.0,24.49,43921.03,-1
2025-08-17,2025-08-17 11:02:00,1798.97,1798.97,1798.9,1798.9,-0.0,24.49,43921.03,-1
2025-08-17,2025-08-17 11:03:00,1798.9,1798.9,1798.84,1798.84,-0.0,24.49,43921.03,-1
2025-08-17,2025-08-17 11:04:00,1798.84,1798.84,1798.77,1798.77,-0.0,24.49,43921.03,-1
2025-08-17,2025-08-17 11:05:00,1798.77,1798.77,1798.71,1798.71,-0.0,24.49,43921.03,-1
2025-08-17,2025-08-17 11:06:00,1798.71,1798.71,1798.64,1798.64,-0.0,24.49,43921.03,-1
2025-08-17,2025-08-17 11:07:00,1798.64,1798.64,1798.58,1798.58,-0.0,24.49,43921.03,-1
2025-08-17,2025-08-17 11:08:00,1798.58,1798.58,1798.51,1798.51,-0.0,24.49,43921.03,-1
2025-08-17,2025-08-17 11:09:00,1798.51,1798.51,1798.45,1798.45,-0.0,24.49,43921.03,-1
2025-08-17,2025-08-17 11:10:00,1798.45,1798.45,1798.38,1798.38,-0.0,24.49,43921.03,-1
2025-08-17,2025-08-17 11:11:00,1798.38,1798.38,1798.32,1798.32,-0.0,24.49,43921.03,-1
2025-08-17,2025-08-17 11:12:00,1798.32,1798.32,1798.25,1798.25,-0.0,24.49,43921.03,-1
2025-08-17,2025-08-17 11:13:00,1798.25,1798.25,1798.18,1798.18,-0.0,24.49,43921.03,-1
2025-08-17,2025-08-17 11:14:00,1798.18,1798.18,1798.12,1798.12,-0.0,24.49,43921.03,-1
2025-08-17,2025-08-17 11:15:00,1798.12,1798.12,1798.05,1798.05,-0.0,24.49,43921.03,-1
2025-08-17,2025-08-17 11:16:00,1798.05,1798.05,1797.99,1797.99,-0.0,24.49,43921.03,-1
2025-08-17,2025-08-17 11:17:00,1797.99,1797.99,1797.92,1797.92,-0.0,24.49,43921.03,-1
2025-08-17,2025-08-17 11:18:00,1797.92,1797.92,1797.86,1797.86,-0.0,24.49,43921.03,-1
2025-08-17,2025-08-17 11:19:00,1797.86,1797.86,1797.79,1797.79,-0.0,24.49,43921.03,-1
2025-08-17,2025-08-17 11:20:00,1797.79,1797.79,1797.73,1797.73,-0.0,24.49,43921.03,-1
2025-08-17,2025-08-17 11:21:00,1797.73,1797.73,1797.66,1797.66,-0.0,24.49,43921.03,-1
2025-08-17,2025-08-17 11:22:00,1797.66,1797.66,1797.6,1797.6,-0.0,24.49,43921.03,-1
2025-08-17,2025-08-17 11:23:00,1797.6,1797.6,1797.53,1797.53,-0.0,24.49,43921.03,-1
2025-08-17,2025-08-17 11:24:00,1797.53,1797.53,1797.47,1797.47,-0.0,24.49,43921.03,-1
2025-08-17,2025-08-17 11:25:00,1797.47,1797.47,1797.4,1797.4,-0.0,24.49,43921.03,-1
2025-08-17,2025-08-17 11:26:00,1797.4,1797.4,1797.33,1797.33,-0.0,24.49,43921.03,-1
2025-08-17,2025-08-17 11:27:00,1797.33,1797.33,1797.27,1797.27,-0.0,24.49,43921.03,-1
2025-08-17,2025-08-17 11:28:00,1797.27,1797.27,1797.2,1797.2,-0.0,24.49,43921.03,-1
2025-08-17,2025-08-17 11:29:00,1797.2,1797.2,1797.14,1797.14,-0.0,24.49,43921.03,-1
2025-08-17,2025-08-17 11:30:00,1797.14,1797.14,1797.07,1797.07,-0.0,24.49,43921.03,-1
2025-08-17,2025-08-17 11:31:00,1797.07,1797.07,1797.01,1797.01,-0.0,24.49,43921.03,-1
2025-08-17,2025-08-17 11:32:00,1797.01,1797.01,1796.94,1796.94,-0.0,24.49,43921.03,-1
2025-08-17,2025-08-17 11:33:00,1796.94,1796.94,1796.88,1796.88,-0.0,24.49,43921.03,-1
2025-08-17,2025-08-17 11:34:00,1796.88,1796.88,1796.81,1796.81,-0.0,24.49,43921.03,-1
2025-08-17,2025-08-17 11:35:00,1796.81,1796.81,1796.75,1796.75,-0.0,24.49,43921.03,-1
2025-08-17,2025-08-17 11:36:00,1796.75,1796.75,1796.68,1796.68,-0.0,24.49,43921.03,-1
2025-08-17,2025-08-17 11:37:00,1796.68,1796.68,1796.62,1796.62,-0.0,24.49,43921.03,-1
2025-08-17,2025-08-17 11:38:00,1796.62,1796.62,1796.55,1796.55,-0.0,24.49,43921.03,-1
2025-08-17,2025-08-17 11:39:00,1796.55,1796.55,1796.48,1796.48,-0.0,24.49,43921.03,-1
2025-08-17,2025-08-17 11:40:00,1796.48,1796.48,1796.42,1796.42,-0.0,24.49,43921.03,-1
2025-08-17,2025-08-17 11:41:00,1796.42,1796.42,1796.35,1796.35,-0.0,24.49,43921.03,-1
2025-08-17,2025-08-17 11:42:00,1796.35,1796.35,1796.29,1796.29,-0.0,24.49,43921.03,-1
2025-08-17,2025-08-17 11:43:00,1796.29,1796.29,1796.22,1796.22,-0.0,24.49,43921.03,-1
2025-08-17,2025-08-17 11:44:00,1796.22,1796.22,1796.16,1796.16,-0.0,24.49,43921.03,-1
2025-08-17,2025-08-17 11:45:00,1796.16,1796.16,1796.09,1796.09,-0.0,24.49,43921.03,-1
2025-08-17,2025-08-17 11:46:00,1796.09,1796.09,1796.03,1796.03,-0.0,24.49,43921.03,-1
2025-08-17,2025-08-17 11:47:00,1796.03,1796.03,1795.96,1795.96,-0.0,24.49,43921.03,-1
2025-08-17,2025-08-17 11:48:00,1795.96,1795.96,1795.9,1795.9,-0.0,24.49,43921.03,-1
2025-08-17,2025-08-17 11:49:00,1795.9,1795.9,1795.83,1795.83,-0.0,24.49,43921.03,-1
2025-08-17,2025-08-17 11:50:00,1795.83,1795.83,1795.77,1795.77,-0.0,24.49,43921.03,-1
2025-08-17,2025-08-17 11:51:00,1795.77,1795.77,1795.7,1795.7,-0.0,24.49,43921.03,-1
2025-08-17,2025-08-17 11:52:00,1795.7,1795.7,1795.64,1795.64,-0.0,24.49,43921.03,-1
2025-08-17,2025-08-17 11:53:00,1795.64,1795.64,1795.57,1795.57,-0.0,24.49,43921.03,-1
2025-08-17,2025-08-17 11:54:00,1795.57,1795.57,1795.5,1795.5,-0.0,24.49,43921.03,-1
2025-08-17,2025-08-17 11:55:00,1795.5,1795.5,1795.44,1795.44,-0.0,24.49,43921.03,-1
2025-08-17,2025-08-17 11:56:00,1795.44,1795.44,1795.37,1795.37,-0.0,24.49,43921.03,-1
2025-08-17,2025-08-17 11:57:00,1795.37,1795.37,1795.31,1795.31,-0.0,24.49,43921.03,-1
2025-08-17,2025-08-17 11:58:00,1795.31,1795.31,1795.24,1795.24,-0.0,24.49,43921.03,-1
2025-08-17,2025-08-17 11:59:00,1795.24,1795.24,1795.18,1795.18,-0.0,24.49,43921.03,-1
2025-08-17,2025-08-17 12:00:00,1795.18,1795.18,1795.11,1795.11,-0.0,24.49,43921.03,-1
2025-08-17,2025-08-17 12:01:00,1795.11,1795.11,1795.05,1795.05,-0.0,24.49,43921.03,-1
2025-08-17,2025-08-17 12:02:00,1795.05,1795.05,1794.98,1794.98,-0.0,24.49,43921.03,-1
2025-08-17,2025-08-17 12:03:00,1794.98,1794.98,1794.92,1794.92,-0.0,24.49,43921.03,-1
2025-08-17,2025-08-17 12:04:00,1794.92,1794.92,1794.85,1794.85,-0.0,24.49,43921.03,-1
2025-08-17,2025-08-17 12:05:00,1794.85,1794.85,1794.79,1794.79,-0.0,24.49,43921.03,-1
2025-08-17,2025-08-17 12:06:00,1794.79,1794.79,1794.72,1794.72,-0.0,24.49,43921.03,-1
2025-08-17,2025-08-17 12:07:00,1794.72,1794.72,1794.65,1794.65,-0.0,24.49,43921.03,-1
2025-08-17,2025-08-17 12:08:00,1794.65,1794.65,1794.59,1794.59,-0.0,24.49,43921.03,-1
2025-08-17,2025-08-17 12:09:00,1794.59,1794.59,1794.52,1794.52,-0.0,24.49,43921.03,-1
2025-08-17,2025-08-17 12:10:00,1794.52,1794.52,1794.46,1794.46,-0.0,24.49,43921.03,-1
2025-08-17,2025-08-17 12:11:00,1794.46,1794.46,1794.39,1794.39,-0.0,24.49,43921.03,-1
2025-08-17,2025-08-17 12:12:00,1794.39,1794.39,1794.33,1794.33,-0.0,24.49,43921.03,-1
2025-08-17,2025-08-17 12:13:00,1794.33,1794.33,1794.26,1794.26,-0.0,24.49,43921.03,-1
2025-08-17,2025-08-17 12:14:00,1794.26,1794.26,1794.2,1794.2,-0.0,24.49,43921.03,-1
2025-08-17,2025-08-17 12:15:00,1794.2,1794.2,1794.13,1794.13,-0.0,24.49,43921.03,-1
2025-08-17,2025-08-17 12:16:00,1794.13,1794.13,1794.07,1794.07,-0.0,24.49,43921.03,-1
2025-08-17,2025-08-17 12:17:00,1794.07,1794.07,1794.0,1794.0,-0.0,24.49,43921.03,-1
2025-08-17,2025-08-17 12:18:00,1794.0,1794.0,1793.94,1793.94,-0.0,24.49,43921.03,-1
2025-08-17,2025-08-17 12:19:00,1793.94,1793.94,1793.87,1793.87,-0.0,24.49,43921.03,-1
2025-08-17,2025-08-17 12:20:00,1793.87,1793.87,1793.8,1793.8,-0.0,24.49,43921.03,-1
2025-08-17,2025-08-17 12:21:00,1793.8,1793.8,1793.74,1793.74,-0.0,24.49,43921.03,-1
2025-08-17,2025-08-17 12:22:00,1793.74,1793.74,1793.67,1793.67,-0.0,24.49,43921.03,-1
2025-08-17,2025-08-17 12:23:00,1793.67,1793.67,1793.61,1793.61,-0.0,24.49,43921.03,-1
2025-08-17,2025-08-17 12:24:00,1793.61,1793.61,1793.54,1793.54,-0.0,24.49,43921.03,-1
2025-08-17,2025-08-17 12:25:00,1793.54,1793.54,1793.48,1793.48,-0.0,24.49,43921.03,-1
2025-08-17,2025-08-17 12:26:00,1793.48,1793.48,1793.41,1793.41,-0.0,24.49,43921.03,-1
2025-08-17,2025-08-17 12:27:00,1793.41,1793.41,1793.35,1793.35,-0.0,24.49,43921.03,-1
2025-08-17,2025-08-17 12:28:00,1793.35,1793.35,1793.28,1793.28,-0.0,24.49,43921.03,-1
2025-08-17,2025-08-17 12:29:00,1793.28,1793.28,1793.22,1793.22,-0.0,24.49,43921.03,-1
2025-08-17,2025-08-17 12:30:00,1793.22,1793.22,1793.15,1793.15,-0.0,24.49,43921.03,-1
2025-08-17,2025-08-17 12:31:00,1793.15,1793.15,1793.09,1793.09,-0.0,24.49,43921.03,-1
2025-08-17,2025-08-17 12:32:00,1793.09,1793.09,1793.02,1793.02,-0.0,24.49,43921.03,-1
2025-08-17,2025-08-17 12:33:00,1793.02,1793.02,1792.95,1792.95,-0.0,24.49,43921.03,-1
2025-08-17,2025-08-17 12:34:00,1792.95,1792.95,1792.89,1792.89,-0.0,24.49,43921.03,-1
2025-08-17,2025-08-17 12:35:00,1792.89,1792.89,1792.82,1792.82,-0.0,24.49,43921.03,-1
2025-08-17,2025-08-17 12:36:00,1792.82,1792.82,1792.76,1792.76,-0.0,24.49,43921.03,-1
2025-08-17,2025-08-17 12:37:00,1792.76,1792.76,1792.69,1792.69,-0.0,24.49,43921.03,-1
2025-08-17,2025-08-17 12:38:00,1792.69,1792.69,1792.63,1792.63,-0.0,24.49,43921.03,-1
2025-08-17,2025-08-17 12:39:00,1792.63,1792.63,1792.56,1792.56,-0.0,24.49,43921.03,-1
2025-08-17,2025-08-17 12:40:00,1792.56,1792.56,1792.5,1792.5,-0.0,24.49,43921.03,-1
2025-08-17,2025-08-17 12:41:00,1792.5,1792.5,1792.43,1792.43,-0.0,24.49,43921.03,-1
2025-08-17,2025-08-17 12:42:00,1792.43,1792.43,1792.37,1792.37,-0.0,24.49,43921.03,-1
2025-08-17,2025-08-17 12:43:00,1792.37,1792.37,1792.3,1792.3,-0.0,24.49,43921.03,-1
2025-08-17,2025-08-17 12:44:00,1792.3,1792.3,1792.24,1792.24,-0.0,24.49,43921.03,-1
2025-08-17,2025-08-17 12:45:00,1792.24,1792.24,1792.17,1792.17,-0.0,24.49,43921.03,-1
2025-08-17,2025-08-17 12:46:00,1792.17,1792.17,1792.1,1792.1,-0.0,24.49,43921.03,-1
2025-08-17,2025-08-17 12:47:00,1792.1,1792.1,1792.04,1792.04,-0.0,24.49,43921.03,-1
2025-08-17,2025-08-17 12:48:00,1792.04,1792.04,1791.97,1791.97,-0.0,24.49,43921.03,-1
2025-08-17,2025-08-17 12:49:00,1791.97,1791.97,1791.91,1791.91,-0.0,24.49,43921.03,-1
2025-08-17,2025-08-17 12:50:00,1791.91,1791.91,1791.84,1791.84,-0.0,24.49,43921.03,-1
2025-08-17,2025-08-17 12:51:00,1791.84,1791.84,1791.78,1791.78,-0.0,24.49,43921.03,-1
2025-08-17,2025-08-17 12:52:00,1791.78,1791.78,1791.71,1791.71,-0.0,24.49,43921.03,-1
2025-08-17,2025-08-17 12:53:00,1791.71,1791.71,1791.65,1791.65,-0.0,24.49,43921.03,-1
2025-08-17,2025-08-17 12:54:00,1791.65,1791.65,1791.58,1791.58,-0.0,24.49,43921.03,-1
2025-08-17,2025-08-17 12:55:00,1791.58,1791.58,1791.52,1791.52,-0.0,24.49,43921.03,-1
2025-08-17,2025-08-17 12:56:00,1791.52,1791.52,1791.45,1791.45,-0.0,24.49,43921.03,-1
2025-08-17,2025-08-17 12:57:00,1791.45,1791.45,1791.39,1791.39,-0.0,24.49,43921.03,-1
2025-08-17,2025-08-17 12:58:00,1791.39,1791.39,1791.32,1791.32,-0.0,24.49,43921.03,-1
2025-08-17,2025-08-17 12:59:00,1791.32,1791.32,1791.26,1791.26,-0.0,24.49,43921.03,-1
2025-08-17,2025-08-17 13:00:00,1791.26,1833.9,1770.0,1791.19,-0.0,24.49,43921.03,-1
2025-08-17,2025-08-17 13:01:00,1791.19,1791.19,1791.12,1791.12,-0.0,24.49,43921.03,-1
2025-08-17,2025-08-17 13:02:00,1791.12,1791.12,1791.06,1791.06,-0.0,24.49,43921.03,-1
2025-08-17,2025-08-17 13:03:00,1791.06,1791.06,1790.99,1790.99,-0.0,24.49,43921.03,-1
2025-08-17,2025-08-17 13:04:00,1790.99,1790.99,1790.93,1790.93,-0.0,24.49,43921.03,-1
2025-08-17,2025-08-17 13:05:00,1790.93,1790.93,1790.86,1790.86,-0.0,24.49,43921.03,-1
2025-08-17,2025-08-17 13:06:00,1790.86,1790.86,1790.8,1790.8,-0.0,24.49,43921.03,-1
2025-08-17,2025-08-17 13:07:00,1790.8,1790.8,1790.73,1790.73,-0.0,24.49,43921.03,-1
2025-08-17,2025-08-17 13:08:00,1790.73,1790.73,1790.67,1790.67,-0.0,24.49,43921.03,-1
2025-08-17,2025-08-17 13:09:00,1790.67,1790.67,1790.6,1790.6,-0.0,24.49,43921.03,-1
2025-08-17,2025-08-17 13:10:00,1790.6,1790.6,1790.54,1790.54,-0.0,24.49,43921.03,-1
2025-08-17,2025-08-17 13:11:00,1790.54,1790.54,1790.47,1790.47,-0.0,24.49,43921.03,-1
2025-08-17,2025-08-17 13:12:00,1790.47,1790.47,1790.41,1790.41,-0.0,24.49,43921.03,-1
2025-08-17,2025-08-17 13:13:00,1790.41,1790.41,1790.34,1790.34,-0.0,24.49,43921.03,-1
2025-08-17,2025-08-17 13:14:00,1790.34,1790.34,1790.27,1790.27,-0.0,24.49,43921.03,-1
2025-08-17,2025-08-17 13:15:00,1790.27,1790.27,1790.21,1790.21,-0.0,24.49,43921.03,-1
2025-08-17,2025-08-17 13:16:00,1790.21,1790.21,1790.14,1790.14,-0.0,24.49,43921.03,-1
2025-08-17,2025-08-17 13:17:00,1790.14,1790.14,1790.08,1790.08,-0.0,24.49,43921.03,-1
2025-08-17,2025-08-17 13:18:00,1790.08,1790.08,1790.01,1790.01,-0.0,24.49,43921.03,-1
2025-08-17,2025-08-17 13:19:00,1790.01,1790.01,1789.95,1789.95,-0.0,24.49,43921.03,-1
2025-08-17,2025-08-17 13:20:00,1789.95,1789.95,1789.88,1789.88,-0.0,24.49,43921.03,-1
2025-08-17,2025-08-17 13:21:00,1789.88,1789.88,1789.82,1789.82,-0.0,24.49,43921.03,-1
2025-08-17,2025-08-17 13:22:00,1789.82,1789.82,1789.75,1789.75,-0.0,24.49,43921.03,-1
2025-08-17,2025-08-17 13:23:00,1789.75,1789.75,1789.69,1789.69,-0.0,24.49,43921.03,-1
2025-08-17,2025-08-17 13:24:00,1789.69,1789.69,1789.62,1789.62,-0.0,24.49,43921.03,-1
2025-08-17,2025-08-17 13:25:00,1789.62,1789.62,1789.56,1789.56,-0.0,24.49,43921.03,-1
2025-08-17,2025-08-17 13:26:00,1789.56,1789.56,1789.49,1789.49,-0.0,24.49,43921.03,-1
2025-08-17,2025-08-17 13:27:00,1789.49,1789.49,1789.42,1789.42,-0.0,24.49,43921.03,-1
2025-08-17,2025-08-17 13:28:00,1789.42,1789.42,1789.36,1789.36,-0.0,24.49,43921.03,-1
2025-08-17,2025-08-17 13:29:00,1789.36,1789.36,1789.29,1789.29,-0.0,24.49,43921.03,-1
2025-08-17,2025-08-17 13:30:00,1789.29,1789.29,1789.23,1789.23,-0.0,24.49,43921.03,-1
2025-08-17,2025-08-17 13:31:00,1789.23,1789.23,1789.16,1789.16,-0.0,24.49,43921.03,-1
2025-08-17,2025-08-17 13:32:00,1789.16,1789.16,1789.1,1789.1,-0.0,24.49,43921.03,-1
2025-08-17,2025-08-17 13:33:00,1789.1,1789.1,1789.03,1789.03,-0.0,24.49,43921.03,-1
2025-08-17,2025-08-17 13:34:00,1789.03,1789.03,1788.97,1788.97,-0.0,24.49,43921.03,-1
2025-08-17,2025-08-17 13:35:00,1788.97,1788.97,1788.9,1788.9,-0.0,24.49,43921.03,-1
2025-08-17,2025-08-17 13:36:00,1788.9,1788.9,1788.84,1788.84,-0.0,24.49,43921.03,-1
2025-08-17,2025-08-17 13:37:00,1788.84,1788.84,1788.77,1788.77,-0.0,24.49,43921.03,-1
2025-08-17,2025-08-17 13:38:00,1788.77,1788.77,1788.71,1788.71,-0.0,24.49,43921.03,-1
2025-08-17,2025-08-17 13:39:00,1788.71,1788.71,1788.64,1788.64,-0.0,24.49,43921.03,-1
2025-08-17,2025-08-17 13:40:00,1788.64,1788.64,1788.57,1788.57,-0.0,24.49,43921.03,-1
2025-08-17,2025-08-17 13:41:00,1788.57,1788.57,1788.51,1788.51,-0.0,24.49,43921.03,-1
2025-08-17,2025-08-17 13:42:00,1788.51,1788.51,1788.44,1788.44,-0.0,24.49,43921.03,-1
2025-08-17,2025-08-17 13:43:00,1788.44,1788.44,1788.38,1788.38,-0.0,24.49,43921.03,-1
2025-08-17,2025-08-17 13:44:00,1788.38,1788.38,1788.31,1788.31,-0.0,24.49,43921.03,-1
2025-08-17,2025-08-17 13:45:00,1788.31,1788.31,1788.25,1788.25,-0.0,24.49,43921.03,-1
2025-08-17,2025-08-17 13:46:00,1788.25,1788.25,1788.18,1788.18,-0.0,24.49,43921.03,-1
2025-08-17,2025-08-17 13:47:00,1788.18,1788.18,1788.12,1788.12,-0.0,24.49,43921.03,-1
2025-08-17,2025-08-17 13:48:00,1788.12,1788.12,1788.05,1788.05,-0.0,24.49,43921.03,-1
2025-08-17,2025-08-17 13:49:00,1788.05,1788.05,1787.99,1787.99,-0.0,24.49,43921.03,-1
2025-08-17,2025-08-17 13:50:00,1787.99,1787.99,1787.92,1787.92,-0.0,24.49,43921.03,-1
2025-08-17,2025-08-17 13:51:00,1787.92,1787.92,1787.86,1787.86,-0.0,24.49,43921.03,-1
2025-08-17,2025-08-17 13:52:00,1787.86,1787.86,1787.79,1787.79,-0.0,24.49,43921.03,-1
2025-08-17,2025-08-17 13:53:00,1787.79,1787.79,1787.72,1787.72,-0.0,24.49,43921.03,-1
2025-08-17,2025-08-17 13:54:00,1787.72,1787.72,1787.66,1787.66,-0.0,24.49,43921.03,-1
2025-08-17,2025-08-17 13:55:00,1787.66,1787.66,1787.59,1787.59,-0.0,24.49,43921.03,-1
2025-08-17,2025-08-17 13:56:00,1787.59,1787.59,1787.53,1787.53,-0.0,24.49,43921.03,-1
2025-08-17,2025-08-17 13:57:00,1787.53,1787.53,1787.46,1787.46,-0.0,24.49,43921.03,-1
2025-08-17,2025-08-17 13:58:00,1787.46,1787.46,1787.4,1787.4,-0.0,24.49,43921.03,-1
2025-08-17,2025-08-17 13:59:00,1787.4,1787.4,1787.33,1787.33,-0.0,24.49,43921.03,-1
2025-08-17,2025-08-17 14:00:00,1787.33,1787.33,1787.27,1787.27,-0.0,24.49,43921.03,-1
2025-08-17,2025-08-17 14:01:00,1787.27,1787.27,1787.2,1787.2,-0.0,24.49,43921.03,-1
2025-08-17,2025-08-17 14:02:00,1787.2,1787.2,1787.14,1787.14,-0.0,24.49,43921.03,-1
2025-08-17,2025-08-17 14:03:00,1787.14,1787.14,1787.07,1787.07,-0.0,24.49,43921.03,-1
2025-08-17,2025-08-17 14:04:00,1787.07,1787.07,1787.01,1787.01,-0.0,24.49,43921.03,-1
2025-08-17,2025-08-17 14:05:00,1787.01,1787.01,1786.94,1786.94,-0.0,24.49,43921.03,-1
2025-08-17,2025-08-17 14:06:00,1786.94,1786.94,1786.87,1786.87,-0.0,24.49,43921.03,-1
2025-08-17,2025-08-17 14:07:00,1786.87,1786.87,1786.81,1786.81,-0.0,24.49,43921.03,-1
2025-08-17,2025-08-17 14:08:00,1786.81,1786.81,1786.74,1786.74,-0.0,24.49,43921.03,-1
2025-08-17,2025-08-17 14:09:00,1786.74,1786.74,1786.68,1786.68,-0.0,24.49,43921.03,-1
2025-08-17,2025-08-17 14:10:00,1786.68,1786.68,1786.61,1786.61,-0.0,24.49,43921.03,-1
2025-08-17,2025-08-17 14:11:00,1786.61,1786.61,1786.55,1786.55,-0.0,24.49,43921.03,-1
2025-08-17,2025-08-17 14:12:00,1786.55,1786.55,1786.48,1786.48,-0.0,24.49,43921.03,-1
2025-08-17,2025-08-17 14:13:00,1786.48,1786.48,1786.42,1786.42,-0.0,24.49,43921.03,-1
2025-08-17,2025-08-17 14:14:00,1786.42,1786.42,1786.35,1786.35,-0.0,24.49,43921.03,-1
2025-08-17,2025-08-17 14:15:00,1786.35,1786.35,1786.29,1786.29,-0.0,24.49,43921.03,-1
2025-08-17,2025-08-17 14:16:00,1786.29,1786.29,1786.22,1786.22,-0.0,24.49,43921.03,-1
2025-08-17,2025-08-17 14:17:00,1786.22,1786.22,1786.16,1786.16,-0.0,24.49,43921.03,-1
2025-08-17,2025-08-17 14:18:00,1786.16,1786.16,1786.09,1786.09,-0.0,24.49,43921.03,-1
2025-08-17,2025-08-17 14:19:00,1786.09,1786.09,1786.03,1786.03,-0.0,24.49,43921.03,-1
2025-08-17,2025-08-17 14:20:00,1786.03,1786.03,1785.96,1785.96,-0.0,24.49,43921.03,-1
2025-08-17,2025-08-17 14:21:00,1785.96,1785.96,1785.89,1785.89,-0.0,24.49,43921.03,-1
2025-08-17,2025-08-17 14:22:00,1785.89,1785.89,1785.83,1785.83,-0.0,24.49,43921.03,-1
2025-08-17,2025-08-17 14:23:00,1785.83,1785.83,1785.76,1785.76,-0.0,24.49,43921.03,-1
2025-08-17,2025-08-17 14:24:00,1785.76,1785.76,1785.7,1785.7,-0.0,24.49,43921.03,-1
2025-08-17,2025-08-17 14:25:00,1785.7,1785.7,1785.63,1785.63,-0.0,24.49,43921.03,-1
2025-08-17,2025-08-17 14:26:00,1785.63,1785.63,1785.57,1785.57,-0.0,24.49,43921.03,-1
2025-08-17,2025-08-17 14:27:00,1785.57,1785.57,1785.5,1785.5,-0.0,24.49,43921.03,-1
2025-08-17,2025-08-17 14:28:00,1785.5,1785.5,1785.44,1785.44,-0.0,24.49,43921.03,-1
2025-08-17,2025-08-17 14:29:00,1785.44,1785.44,1785.37,1785.37,-0.0,24.49,43921.03,-1
2025-08-17,2025-08-17 14:30:00,1785.37,1785.37,1785.31,1785.31,-0.0,24.49,43921.03,-1
2025-08-17,2025-08-17 14:31:00,1785.31,1785.31,1785.24,1785.24,-0.0,24.49,43921.03,-1
2025-08-17,2025-08-17 14:32:00,1785.24,1785.24,1785.18,1785.18,-0.0,24.49,43921.03,-1
2025-08-17,2025-08-17 14:33:00,1785.18,1785.18,1785.11,1785.11,-0.0,24.49,43921.03,-1
2025-08-17,2025-08-17 14:34:00,1785.11,1785.11,1785.04,1785.04,-0.0,24.49,43921.03,-1
2025-08-17,2025-08-17 14:35:00,1785.04,1785.04,1784.98,1784.98,-0.0,24.49,43921.03,-1
2025-08-17,2025-08-17 14:36:00,1784.98,1784.98,1784.91,1784.91,-0.0,24.49,43921.03,-1
2025-08-17,2025-08-17 14:37:00,1784.91,1784.91,1784.85,1784.85,-0.0,24.49,43921.03,-1
2025-08-17,2025-08-17 14:38:00,1784.85,1784.85,1784.78,1784.78,-0.0,24.49,43921.03,-1
2025-08-17,2025-08-17 14:39:00,1784.78,1784.78,1784.72,1784.72,-0.0,24.49,43921.03,-1
2025-08-17,2025-08-17 14:40:00,1784.72,1784.72,1784.65,1784.65,-0.0,24.49,43921.03,-1
2025-08-17,2025-08-17 14:41:00,1784.65,1784.65,1784.59,1784.59,-0.0,24.49,43921.03,-1
2025-08-17,2025-08-17 14:42:00,1784.59,1784.59,1784.52,1784.52,-0.0,24.49,43921.03,-1
2025-08-17,2025-08-17 14:43:00,1784.52,1784.52,1784.46,1784.46,-0.0,24.49,43921.03,-1
2025-08-17,2025-08-17 14:44:00,1784.46,1784.46,1784.39,1784.39,-0.0,24.49,43921.03,-1
2025-08-17,2025-08-17 14:45:00,1784.39,1784.39,1784.33,1784.33,-0.0,24.49,43921.03,-1
2025-08-17,2025-08-17 14:46:00,1784.33,1784.33,1784.26,1784.26,-0.0,24.49,43921.03,-1
2025-08-17,2025-08-17 14:47:00,1784.26,1784.26,1784.19,1784.19,-0.0,24.49,43921.03,-1
2025-08-17,2025-08-17 14:48:00,1784.19,1784.19,1784.13,1784.13,-0.0,24.49,43921.03,-1
2025-08-17,2025-08-17 14:49:00,1784.13,1784.13,1784.06,1784.06,-0.0,24.49,43921.03,-1
2025-08-17,2025-08-17 14:50:00,1784.06,1784.06,1784.0,1784.0,-0.0,24.49,43921.03,-1
2025-08-17,2025-08-17 14:51:00,1784.0,1784.0,1783.93,1783.93,-0.0,24.49,43921.03,-1
2025-08-17,2025-08-17 14:52:00,1783.93,1783.93,1783.87,1783.87,-0.0,24.49,43921.03,-1
2025-08-17,2025-08-17 14:53:00,1783.87,1783.87,1783.8,1783.8,-0.0,24.49,43921.03,-1
2025-08-17,2025-08-17 14:54:00,1783.8,1783.8,1783.74,1783.74,-0.0,24.49,43921.03,-1
2025-08-17,2025-08-17 14:55:00,1783.74,1783.74,1783.67,1783.67,-0.0,24.49,43921.03,-1
2025-08-17,2025-08-17 14:56:00,1783.67,1783.67,1783.61,1783.61,-0.0,24.49,43921.03,-1
2025-08-17,2025-08-17 14:57:00,1783.61,1783.61,1783.54,1783.54,-0.0,24.49,43921.03,-1
2025-08-17,2025-08-17 14:58:00,1783.54,1783.54,1783.48,1783.48,-0.0,24.49,43921.03,-1
2025-08-17,2025-08-17 14:59:00,1783.48,1783.48,1783.41,1783.41,-0.0,24.49,43921.03,-1
2025-08-17,2025-08-17 15:00:00,1783.41,1833.9,1770.0,1783.41,0.0,24.49,43921.03,0
2025-08-18,2025-08-18 11:00:00,1783.41,1792.83,1774.92,1783.45,0.0,20.34,36369.7,1
2025-08-18,2025-08-18 11:01:00,1783.45,1783.5,1783.45,1783.5,0.0,20.34,36369.7,1
2025-08-18,2025-08-18 11:02:00,1783.5,1783.54,1783.5,1783.54,0.0,20.34,36369.7,1
2025-08-18,2025-08-18 11:03:00,1783.54,1783.58,1783.54,1783.58,0.0,20.34,36369.7,1
2025-08-18,2025-08-18 11:04:00,1783.58,1783.63,1783.58,1783.63,0.0,20.34,36369.7,1
2025-08-18,2025-08-18 11:05:00,1783.63,1783.67,1783.63,1783.67,0.0,20.34,36369.7,1
2025-08-18,2025-08-18 11:06:00,1783.67,1783.71,1783.67,1783.71,0.0,20.34,36369.7,1
2025-08-18,2025-08-18 11:07:00,1783.71,1783.76,1783.71,1783.76,0.0,20.34,36369.7,1
2025-08-18,2025-08-18 11:08:00,1783.76,1783.8,1783.76,1783.8,0.0,20.34,36369.7,1
2025-08-18,2025-08-18 11:09:00,1783.8,1783.84,1783.8,1783.84,0.0,20.34,36369.7,1
2025-08-18,2025-08-18 11:10:00,1783.84,1783.89,1783.84,1783.89,0.0,20.34,36369.7,1
2025-08-18,2025-08-18 11:11:00,1783.89,1783.93,1783.89,1783.93,0.0,20.34,36369.7,1
2025-08-18,2025-08-18 11:12:00,1783.93,1783.97,1783.93,1783.97,0.0,20.34,36369.7,1
2025-08-18,2025-08-18 11:13:00,1783.97,1784.02,1783.97,1784.02,0.0,20.34,36369.7,1
2025-08-18,2025-08-18 11:14:00,1784.02,1784.06,1784.02,1784.06,0.0,20.34,36369.7,1
2025-08-18,2025-08-18 11:15:00,1784.06,1784.1,1784.06,1784.1,0.0,20.34,36369.7,1
2025-08-18,2025-08-18 11:16:00,1784.1,1784.15,1784.1,1784.15,0.0,20.34,36369.7,1
2025-08-18,2025-08-18 11:17:00,1784.15,1784.19,1784.15,1784.19,0.0,20.34,36369.7,1
2025-08-18,2025-08-18 11:18:00,1784.19,1784.23,1784.19,1784.23,0.0,20.34,36369.7,1
2025-08-18,2025-08-18 11:19:00,1784.23,1784.28,1784.23,1784.28,0.0,20.34,36369.7,1
2025-08-18,2025-08-18 11:20:00,1784.28,1784.32,1784.28,1784.32,0.0,20.34,36369.7,1
2025-08-18,2025-08-18 11:21:00,1784.32,1784.37,1784.32,1784.37,0.0,20.34,36369.7,1
2025-08-18,2025-08-18 11:22:00,1784.37,1784.41,1784.37,1784.41,0.0,20.34,36369.7,1
2025-08-18,2025-08-18 11:23:00,1784.41,1784.45,1784.41,1784.45,0.0,20.34,36369.7,1
2025-08-18,2025-08-18 11:24:00,1784.45,1784.5,1784.45,1784.5,0.0,20.34,36369.7,1
2025-08-18,2025-08-18 11:25:00,1784.5,1784.54,1784.5,1784.54,0.0,20.34,36369.7,1
2025-08-18,2025-08-18 11:26:00,1784.54,1784.58,1784.54,1784.58,0.0,20.34,36369.7,1
2025-08-18,2025-08-18 11:27:00,1784.58,1784.63,1784.58,1784.63,0.0,20.34,36369.7,1
2025-08-18,2025-08-18 11:28:00,1784.63,1784.67,1784.63,1784.67,0.0,20.34,36369.7,1
2025-08-18,2025-08-18 11:29:00,1784.67,1784.71,1784.67,1784.71,0.0,20.34,36369.7,1
2025-08-18,2025-08-18 11:30:00,1784.71,1784.76,1784.71,1784.76,0.0,20.34,36369.7,1
2025-08-18,2025-08-18 11:31:00,1784.76,1784.8,1784.76,1784.8,0.0,20.34,36369.7,1
2025-08-18,2025-08-18 11:32:00,1784.8,1784.84,1784.8,1784.84,0.0,20.34,36369.7,1
2025-08-18,2025-08-18 11:33:00,1784.84,1784.89,1784.84,1784.89,0.0,20.34,36369.7,1
2025-08-18,2025-08-18 11:34:00,1784.89,1784.93,1784.89,1784.93,0.0,20.34,36369.7,1
2025-08-18,2025-08-18 11:35:00,1784.93,1784.97,1784.93,1784.97,0.0,20.34,36369.7,1
2025-08-18,2025-08-18 11:36:00,1784.97,1785.02,1784.97,1785.02,0.0,20.34,36369.7,1
2025-08-18,2025-08-18 11:37:00,1785.02,1785.06,1785.02,1785.06,0.0,20.34,36369.7,1
2025-08-18,2025-08-18 11:38:00,1785.06,1785.1,1785.06,1785.1,0.0,20.34,36369.7,1
2025-08-18,2025-08-18 11:39:00,1785.1,1785.15,1785.1,1785.15,0.0,20.34,36369.7,1
2025-08-18,2025-08-18 11:40:00,1785.15,1785.19,1785.15,1785.19,0.0,20.34,36369.7,1
2025-08-18,2025-08-18 11:41:00,1785.19,1785.23,1785.19,1785.23,0.0,20.34,36369.7,1
2025-08-18,2025-08-18 11:42:00,1785.23,1785.28,1785.23,1785.28,0.0,20.34,36369.7,1
2025-08-18,2025-08-18 11:43:00,1785.28,1785.32,1785.28,1785.32,0.0,20.34,36369.7,1
2025-08-18,2025-08-18 11:44:00,1785.32,1785.36,1785.32,1785.36,0.0,20.34,36369.7,1
2025-08-18,2025-08-18 11:45:00,1785.36,1785.41,1785.36,1785.41,0.0,20.34,36369.7,1
2025-08-18,2025-08-18 11:46:00,1785.41,1785.45,1785.41,1785.45,0.0,20.34,36369.7,1
2025-08-18,2025-08-18 11:47:00,1785.45,1785.49,1785.45,1785.49,0.0,20.34,36369.7,1
2025-08-18,2025-08-18 11:48:00,1785.49,1785.54,1785.49,1785.54,0.0,20.34,36369.7,1
2025-08-18,2025-08-18 11:49:00,1785.54,1785.58,1785.54,1785.58,0.0,20.34,36369.7,1
2025-08-18,2025-08-18 11:50:00,1785.58,1785.62,1785.58,1785.62,0.0,20.34,36369.7,1
2025-08-18,2025-08-18 11:51:00,1785.62,1785.67,1785.62,1785.67,0.0,20.34,36369.7,1
2025-08-18,2025-08-18 11:52:00,1785.67,1785.71,1785.67,1785.71,0.0,20.34,36369.7,1
2025-08-18,2025-08-18 11:53:00,1785.71,1785.75,1785.71,1785.75,0.0,20.34,36369.7,1
2025-08-18,2025-08-18 11:54:00,1785.75,1785.8,1785.75,1785.8,0.0,20.34,36369.7,1
2025-08-18,2025-08-18 11:55:00,1785.8,1785.84,1785.8,1785.84,0.0,20.34,36369.7,1
2025-08-18,2025-08-18 11:56:00,1785.84,1785.88,1785.84,1785.88,0.0,20.34,36369.7,1
2025-08-18,2025-08-18 11:57:00,1785.88,1785.93,1785.88,1785.93,0.0,20.34,36369.7,1
2025-08-18,2025-08-18 11:58:00,1785.93,1785.97,1785.93,1785.97,0.0,20.34,36369.7,1
2025-08-18,2025-08-18 11:59:00,1785.97,1786.02,1785.97,1786.02,0.0,20.34,36369.7,1
2025-08-18,2025-08-18 12:00:00,1786.02,1786.06,1786.02,1786.06,0.0,20.34,36369.7,1
2025-08-18,2025-08-18 12:01:00,1786.06,1786.1,1786.06,1786.1,0.0,20.34,36369.7,1
2025-08-18,2025-08-18 12:02:00,1786.1,1786.15,1786.1,1786.15,0.0,20.34,36369.7,1
2025-08-18,2025-08-18 12:03:00,1786.15,1786.19,1786.15,1786.19,0.0,20.34,36369.7,1
2025-08-18,2025-08-18 12:04:00,1786.19,1786.23,1786.19,1786.23,0.0,20.34,36369.7,1
2025-08-18,2025-08-18 12:05:00,1786.23,1786.28,1786.23,1786.28,0.0,20.34,36369.7,1
2025-08-18,2025-08-18 12:06:00,1786.28,1786.32,1786.28,1786.32,0.0,20.34,36369.7,1
2025-08-18,2025-08-18 12:07:00,1786.32,1786.36,1786.32,1786.36,0.0,20.34,36369.7,1
2025-08-18,2025-08-18 12:08:00,1786.36,1786.41,1786.36,1786.41,0.0,20.34,36369.7,1
2025-08-18,2025-08-18 12:09:00,1786.41,1786.45,1786.41,1786.45,0.0,20.34,36369.7,1
2025-08-18,2025-08-18 12:10:00,1786.45,1786.49,1786.45,1786.49,0.0,20.34,36369.7,1
2025-08-18,2025-08-18 12:11:00,1786.49,1786.54,1786.49,1786.54,0.0,20.34,36369.7,1
2025-08-18,2025-08-18 12:12:00,1786.54,1786.58,1786.54,1786.58,0.0,20.34,36369.7,1
2025-08-18,2025-08-18 12:13:00,1786.58,1786.62,1786.58,1786.62,0.0,20.34,36369.7,1
2025-08-18,2025-08-18 12:14:00,1786.62,1786.67,1786.62,1786.67,0.0,20.34,36369.7,1
2025-08-18,2025-08-18 12:15:00,1786.67,1786.71,1786.67,1786.71,0.0,20.34,36369.7,1
2025-08-18,2025-08-18 12:16:00,1786.71,1786.75,1786.71,1786.75,0.0,20.34,36369.7,1
2025-08-18,2025-08-18 12:17:00,1786.75,1786.8,1786.75,1786.8,0.0,20.34,36369.7,1
2025-08-18,2025-08-18 12:18:00,1786.8,1786.84,1786.8,1786.84,0.0,20.34,36369.7,1
2025-08-18,2025-08-18 12:19:00,1786.84,1786.88,1786.84,1786.88,0.0,20.34,36369.7,1
2025-08-18,2025-08-18 12:20:00,1786.88,1786.93,1786.88,1786.93,0.0,20.34,36369.7,1
2025-08-18,2025-08-18 12:21:00,1786.93,1786.97,1786.93,1786.97,0.0,20.34,36369.7,1
2025-08-18,2025-08-18 12:22:00,1786.97,1787.01,1786.97,1787.01,0.0,20.34,36369.7,1
2025-08-18,2025-08-18 12:23:00,1787.01,1787.06,1787.01,1787.06,0.0,20.34,36369.7,1
2025-08-18,2025-08-18 12:24:00,1787.06,1787.1,1787.06,1787.1,0.0,20.34,36369.7,1
2025-08-18,2025-08-18 12:25:00,1787.1,1787.14,1787.1,1787.14,0.0,20.34,36369.7,1
2025-08-18,2025-08-18 12:26:00,1787.14,1787.19,1787.14,1787.19,0.0,20.34,36369.7,1
2025-08-18,2025-08-18 12:27:00,1787.19,1787.23,1787.19,1787.23,0.0,20.34,36369.7,1
2025-08-18,2025-08-18 12:28:00,1787.23,1787.27,1787.23,1787.27,0.0,20.34,36369.7,1
2025-08-18,2025-08-18 12:29:00,1787.27,1787.32,1787.27,1787.32,0.0,20.34,36369.7,1
2025-08-18,2025-08-18 12:30:00,1787.32,1787.36,1787.32,1787.36,0.0,20.34,36369.7,1
2025-08-18,2025-08-18 12:31:00,1787.36,1787.4,1787.36,1787.4,0.0,20.34,36369.7,1
2025-08-18,2025-08-18 12:32:00,1787.4,1787.45,1787.4,1787.45,0.0,20.34,36369.7,1
2025-08-18,2025-08-18 12:33:00,1787.45,1787.49,1787.45,1787.49,0.0,20.34,36369.7,1
2025-08-18,2025-08-18 12:34:00,1787.49,1787.53,1787.49,1787.53,0.0,20.34,36369.7,1
2025-08-18,2025-08-18 12:35:00,1787.53,1787.58,1787.53,1787.58,0.0,20.34,36369.7,1
2025-08-18,2025-08-18 12:36:00,1787.58,1787.62,1787.58,1787.62,0.0,20.34,36369.7,1
2025-08-18,2025-08-18 12:37:00,1787.62,1787.66,1787.62,1787.66,0.0,20.34,36369.7,1
2025-08-18,2025-08-18 12:38:00,1787.66,1787.71,1787.66,1787.71,0.0,20.34,36369.7,1
2025-08-18,2025-08-18 12:39:00,1787.71,1787.75,1787.71,1787.75,0.0,20.34,36369.7,1
2025-08-18,2025-08-18 12:40:00,1787.75,1787.8,1787.75,1787.8,0.0,20.34,36369.7,1
2025-08-18,2025-08-18 12:41:00,1787.8,1787.84,1787.8,1787.84,0.0,20.34,36369.7,1
2025-08-18,2025-08-18 12:42:00,1787.84,1787.88,1787.84,1787.88,0.0,20.34,36369.7,1
2025-08-18,2025-08-18 12:43:00,1787.88,1787.93,1787.88,1787.93,0.0,20.34,36369.7,1
2025-08-18,2025-08-18 12:44:00,1787.93,1787.97,1787.93,1787.97,0.0,20.34,36369.7,1
2025-08-18,2025-08-18 12:45:00,1787.97,1788.01,1787.97,1788.01,0.0,20.34,36369.7,1
2025-08-18,2025-08-18 12:46:00,1788.01,1788.06,1788.01,1788.06,0.0,20.34,36369.7,1
2025-08-18,2025-08-18 12:47:00,1788.06,1788.1,1788.06,1788.1,0.0,20.34,36369.7,1
2025-08-18,2025-08-18 12:48:00,1788.1,1788.14,1788.1,1788.14,0.0,20.34,36369.7,1
2025-08-18,2025-08-18 12:49:00,1788.14,1788.19,1788.14,1788.19,0.0,20.34,36369.7,1
2025-08-18,2025-08-18 12:50:00,1788.19,1788.23,1788.19,1788.23,0.0,20.34,36369.7,1
2025-08-18,2025-08-18 12:51:00,1788.23,1788.27,1788.23,1788.27,0.0,20.34,36369.7,1
2025-08-18,2025-08-18 12:52:00,1788.27,1788.32,1788.27,1788.32,0.0,20.34,36369.7,1
2025-08-18,2025-08-18 12:53:00,1788.32,1788.36,1788.32,1788.36,0.0,20.34,36369.7,1
2025-08-18,2025-08-18 12:54:00,1788.36,1788.4,1788.36,1788.4,0.0,20.34,36369.7,1
2025-08-18,2025-08-18 12:55:00,1788.4,1788.45,1788.4,1788.45,0.0,20.34,36369.7,1
2025-08-18,2025-08-18 12:56:00,1788.45,1788.49,1788.45,1788.49,0.0,20.34,36369.7,1
2025-08-18,2025-08-18 12:57:00,1788.49,1788.53,1788.49,1788.53,0.0,20.34,36369.7,1
2025-08-18,2025-08-18 12:58:00,1788.53,1788.58,1788.53,1788.58,0.0,20.34,36369.7,1
2025-08-18,2025-08-18 12:59:00,1788.58,1788.62,1788.58,1788.62,0.0,20.34,36369.7,1
2025-08-18,2025-08-18 13:00:00,1788.62,1814.8,1755.1,1788.66,0.0,20.34,36369.7,1
2025-08-18,2025-08-18 13:01:00,1788.66,1788.71,1788.66,1788.71,0.0,20.34,36369.7,1
2025-08-18,2025-08-18 13:02:00,1788.71,1788.75,1788.71,1788.75,0.0,20.34,36369.7,1
2025-08-18,2025-08-18 13:03:00,1788.75,1788.79,1788.75,1788.79,0.0,20.34,36369.7,1
2025-08-18,2025-08-18 13:04:00,1788.79,1788.84,1788.79,1788.84,0.0,20.34,36369.7,1
2025-08-18,2025-08-18 13:05:00,1788.84,1788.88,1788.84,1788.88,0.0,20.34,36369.7,1
2025-08-18,2025-08-18 13:06:00,1788.88,1788.92,1788.88,1788.92,0.0,20.34,36369.7,1
2025-08-18,2025-08-18 13:07:00,1788.92,1788.97,1788.92,1788.97,0.0,20.34,36369.7,1
2025-08-18,2025-08-18 13:08:00,1788.97,1789.01,1788.97,1789.01,0.0,20.34,36369.7,1
2025-08-18,2025-08-18 13:09:00,1789.01,1789.05,1789.01,1789.05,0.0,20.34,36369.7,1
2025-08-18,2025-08-18 13:10:00,1789.05,1789.1,1789.05,1789.1,0.0,20.34,36369.7,1
2025-08-18,2025-08-18 13:11:00,1789.1,1789.14,1789.1,1789.14,0.0,20.34,36369.7,1
2025-08-18,2025-08-18 13:12:00,1789.14,1789.18,1789.14,1789.18,0.0,20.34,36369.7,1
2025-08-18,2025-08-18 13:13:00,1789.18,1789.23,1789.18,1789.23,0.0,20.34,36369.7,1
2025-08-18,2025-08-18 13:14:00,1789.23,1789.27,1789.23,1789.27,0.0,20.34,36369.7,1
2025-08-18,2025-08-18 13:15:00,1789.27,1789.31,1789.27,1789.31,0.0,20.34,36369.7,1
2025-08-18,2025-08-18 13:16:00,1789.31,1789.36,1789.31,1789.36,0.0,20.34,36369.7,1
2025-08-18,2025-08-18 13:17:00,1789.36,1789.4,1789.36,1789.4,0.0,20.34,36369.7,1
2025-08-18,2025-08-18 13:18:00,1789.4,1789.44,1789.4,1789.44,0.0,20.34,36369.7,1
2025-08-18,2025-08-18 13:19:00,1789.44,1789.49,1789.44,1789.49,0.0,20.34,36369.7,1
2025-08-18,2025-08-18 13:20:00,1789.49,1789.53,1789.49,1789.53,0.0,20.34,36369.7,1
2025-08-18,2025-08-18 13:21:00,1789.53,1789.58,1789.53,1789.58,0.0,20.34,36369.7,1
2025-08-18,2025-08-18 13:22:00,1789.58,1789.62,1789.58,1789.62,0.0,20.34,36369.7,1
2025-08-18,2025-08-18 13:23:00,1789.62,1789.66,1789.62,1789.66,0.0,20.34,36369.7,1
2025-08-18,2025-08-18 13:24:00,1789.66,1789.71,1789.66,1789.71,0.0,20.34,36369.7,1
2025-08-18,2025-08-18 13:25:00,1789.71,1789.75,1789.71,1789.75,0.0,20.34,36369.7,1
2025-08-18,2025-08-18 13:26:00,1789.75,1789.79,1789.75,1789.79,0.0,20.34,36369.7,1
2025-08-18,2025-08-18 13:27:00,1789.79,1789.84,1789.79,1789.84,0.0,20.34,36369.7,1
2025-08-18,2025-08-18 13:28:00,1789.84,1789.88,1789.84,1789.88,0.0,20.34,36369.7,1
2025-08-18,2025-08-18 13:29:00,1789.88,1789.92,1789.88,1789.92,0.0,20.34,36369.7,1
2025-08-18,2025-08-18 13:30:00,1789.92,1789.97,1789.92,1789.97,0.0,20.34,36369.7,1
2025-08-18,2025-08-18 13:31:00,1789.97,1790.01,1789.97,1790.01,0.0,20.34,36369.7,1
2025-08-18,2025-08-18 13:32:00,1790.01,1790.05,1790.01,1790.05,0.0,20.34,36369.7,1
2025-08-18,2025-08-18 13:33:00,1790.05,1790.1,1790.05,1790.1,0.0,20.34,36369.7,1
2025-08-18,2025-08-18 13:34:00,1790.1,1790.14,1790.1,1790.14,0.0,20.34,36369.7,1
2025-08-18,2025-08-18 13:35:00,1790.14,1790.18,1790.14,1790.18,0.0,20.34,36369.7,1
2025-08-18,2025-08-18 13:36:00,1790.18,1790.23,1790.18,1790.23,0.0,20.34,36369.7,1
2025-08-18,2025-08-18 13:37:00,1790.23,1790.27,1790.23,1790.27,0.0,20.34,36369.7,1
2025-08-18,2025-08-18 13:38:00,1790.27,1790.31,1790.27,1790.31,0.0,20.34,36369.7,1
2025-08-18,2025-08-18 13:39:00,1790.31,1790.36,1790.31,1790.36,0.0,20.34,36369.7,1
2025-08-18,2025-08-18 13:40:00,1790.36,1790.4,1790.36,1790.4,0.0,20.34,36369.7,1
2025-08-18,2025-08-18 13:41:00,1790.4,1790.44,1790.4,1790.44,0.0,20.34,36369.7,1
2025-08-18,2025-08-18 13:42:00,1790.44,1790.49,1790.44,1790.49,0.0,20.34,36369.7,1
2025-08-18,2025-08-18 13:43:00,1790.49,1790.53,1790.49,1790.53,0.0,20.34,36369.7,1
2025-08-18,2025-08-18 13:44:00,1790.53,1790.57,1790.53,1790.57,0.0,20.34,36369.7,1
2025-08-18,2025-08-18 13:45:00,1790.57,1790.62,1790.57,1790.62,0.0,20.34,36369.7,1
2025-08-18,2025-08-18 13:46:00,1790.62,1790.66,1790.62,1790.66,0.0,20.34,36369.7,1
2025-08-18,2025-08-18 13:47:00,1790.66,1790.7,1790.66,1790.7,0.0,20.34,36369.7,1
2025-08-18,2025-08-18 13:48:00,1790.7,1790.75,1790.7,1790.75,0.0,20.34,36369.7,1
2025-08-18,2025-08-18 13:49:00,1790.75,1790.79,1790.75,1790.79,0.0,20.34,36369.7,1
2025-08-18,2025-08-18 13:50:00,1790.79,1790.83,1790.79,1790.83,0.0,20.34,36369.7,1
2025-08-18,2025-08-18 13:51:00,1790.83,1790.88,1790.83,1790.88,0.0,20.34,36369.7,1
2025-08-18,2025-08-18 13:52:00,1790.88,1790.92,1790.88,1790.92,0.0,20.34,36369.7,1
2025-08-18,2025-08-18 13:53:00,1790.92,1790.96,1790.92,1790.96,0.0,20.34,36369.7,1
2025-08-18,2025-08-18 13:54:00,1790.96,1791.01,1790.96,1791.01,0.0,20.34,36369.7,1
2025-08-18,2025-08-18 13:55:00,1791.01,1791.05,1791.01,1791.05,0.0,20.34,36369.7,1
2025-08-18,2025-08-18 13:56:00,1791.05,1791.09,1791.05,1791.09,0.0,20.34,36369.7,1
2025-08-18,2025-08-18 13:57:00,1791.09,1791.14,1791.09,1791.14,0.0,20.34,36369.7,1
2025-08-18,2025-08-18 13:58:00,1791.14,1791.18,1791.14,1791.18,0.0,20.34,36369.7,1
2025-08-18,2025-08-18 13:59:00,1791.18,1791.22,1791.18,1791.22,0.0,20.34,36369.7,1
2025-08-18,2025-08-18 14:00:00,1791.22,1791.27,1791.22,1791.27,0.0,20.34,36369.7,1
2025-08-18,2025-08-18 14:01:00,1791.27,1791.31,1791.27,1791.31,0.0,20.34,36369.7,1
2025-08-18,2025-08-18 14:02:00,1791.31,1791.36,1791.31,1791.36,0.0,20.34,36369.7,1
2025-08-18,2025-08-18 14:03:00,1791.36,1791.4,1791.36,1791.4,0.0,20.34,36369.7,1
2025-08-18,2025-08-18 14:04:00,1791.4,1791.44,1791.4,1791.44,0.0,20.34,36369.7,1
2025-08-18,2025-08-18 14:05:00,1791.44,1791.49,1791.44,1791.49,0.0,20.34,36369.7,1
2025-08-18,2025-08-18 14:06:00,1791.49,1791.53,1791.49,1791.53,0.0,20.34,36369.7,1
2025-08-18,2025-08-18 14:07:00,1791.53,1791.57,1791.53,1791.57,0.0,20.34,36369.7,1
2025-08-18,2025-08-18 14:08:00,1791.57,1791.62,1791.57,1791.62,0.0,20.34,36369.7,1
2025-08-18,2025-08-18 14:09:00,1791.62,1791.66,1791.62,1791.66,0.0,20.34,36369.7,1
2025-08-18,2025-08-18 14:10:00,1791.66,1791.7,1791.66,1791.7,0.0,20.34,36369.7,1
2025-08-18,2025-08-18 14:11:00,1791.7,1791.75,1791.7,1791.75,0.0,20.34,36369.7,1
2025-08-18,2025-08-18 14:12:00,1791.75,1791.79,1791.75,1791.79,0.0,20.34,36369.7,1
2025-08-18,2025-08-18 14:13:00,1791.79,1791.83,1791.79,1791.83,0.0,20.34,36369.7,1
2025-08-18,2025-08-18 14:14:00,1791.83,1791.88,1791.83,1791.88,0.0,20.34,36369.7,1
2025-08-18,2025-08-18 14:15:00,1791.88,1791.92,1791.88,1791.92,0.0,20.34,36369.7,1
2025-08-18,2025-08-18 14:16:00,1791.92,1791.96,1791.92,1791.96,0.0,20.34,36369.7,1
2025-08-18,2025-08-18 14:17:00,1791.96,1792.01,1791.96,1792.01,0.0,20.34,36369.7,1
2025-08-18,2025-08-18 14:18:00,1792.01,1792.05,1792.01,1792.05,0.0,20.34,36369.7,1
2025-08-18,2025-08-18 14:19:00,1792.05,1792.09,1792.05,1792.09,0.0,20.34,36369.7,1
2025-08-18,2025-08-18 14:20:00,1792.09,1792.14,1792.09,1792.14,0.0,20.34,36369.7,1
2025-08-18,2025-08-18 14:21:00,1792.14,1792.18,1792.14,1792.18,0.0,20.34,36369.7,1
2025-08-18,2025-08-18 14:22:00,1792.18,1792.22,1792.18,1792.22,0.0,20.34,36369.7,1
2025-08-18,2025-08-18 14:23:00,1792.22,1792.27,1792.22,1792.27,0.0,20.34,36369.7,1
2025-08-18,2025-08-18 14:24:00,1792.27,1792.31,1792.27,1792.31,0.0,20.34,36369.7,1
2025-08-18,2025-08-18 14:25:00,1792.31,1792.35,1792.31,1792.35,0.0,20.34,36369.7,1
2025-08-18,2025-08-18 14:26:00,1792.35,1792.4,1792.35,1792.4,0.0,20.34,36369.7,1
2025-08-18,2025-08-18 14:27:00,1792.4,1792.44,1792.4,1792.44,0.0,20.34,36369.7,1
2025-08-18,2025-08-18 14:28:00,1792.44,1792.48,1792.44,1792.48,0.0,20.34,36369.7,1
2025-08-18,2025-08-18 14:29:00,1792.48,1792.53,1792.48,1792.53,0.0,20.34,36369.7,1
2025-08-18,2025-08-18 14:30:00,1792.53,1792.57,1792.53,1792.57,0.0,20.34,36369.7,1
2025-08-18,2025-08-18 14:31:00,1792.57,1792.61,1792.57,1792.61,0.0,20.34,36369.7,1
2025-08-18,2025-08-18 14:32:00,1792.61,1792.66,1792.61,1792.66,0.0,20.34,36369.7,1
2025-08-18,2025-08-18 14:33:00,1792.66,1792.7,1792.66,1792.7,0.0,20.34,36369.7,1
2025-08-18,2025-08-18 14:34:00,1792.7,1792.74,1792.7,1792.74,0.0,20.34,36369.7,1
2025-08-18,2025-08-18 14:35:00,1792.74,1792.79,1792.74,1792.79,0.0,20.34,36369.7,1
2025-08-18,2025-08-18 14:36:00,1792.79,1792.83,1792.79,1792.83,0.0,20.34,36369.7,1
2025-08-18,2025-08-18 14:37:00,1792.83,1792.87,1792.83,1792.87,0.0,20.34,36369.7,1
2025-08-18,2025-08-18 14:38:00,1792.87,1792.92,1792.87,1792.92,0.0,20.34,36369.7,1
2025-08-18,2025-08-18 14:39:00,1792.92,1792.96,1792.92,1792.96,0.0,20.34,36369.7,1
2025-08-18,2025-08-18 14:40:00,1792.96,1793.01,1792.96,1793.01,0.0,20.34,36369.7,1
2025-08-18,2025-08-18 14:41:00,1793.01,1793.05,1793.01,1793.05,0.0,20.34,36369.7,1
2025-08-18,2025-08-18 14:42:00,1793.05,1793.09,1793.05,1793.09,0.0,20.34,36369.7,1
2025-08-18,2025-08-18 14:43:00,1793.09,1793.14,1793.09,1793.14,0.0,20.34,36369.7,1
2025-08-18,2025-08-18 14:44:00,1793.14,1793.18,1793.14,1793.18,0.0,20.34,36369.7,1
2025-08-18,2025-08-18 14:45:00,1793.18,1793.22,1793.18,1793.22,0.0,20.34,36369.7,1
2025-08-18,2025-08-18 14:46:00,1793.22,1793.27,1793.22,1793.27,0.0,20.34,36369.7,1
2025-08-18,2025-08-18 14:47:00,1793.27,1793.31,1793.27,1793.31,0.0,20.34,36369.7,1
2025-08-18,2025-08-18 14:48:00,1793.31,1793.35,1793.31,1793.35,0.0,20.34,36369.7,1
2025-08-18,2025-08-18 14:49:00,1793.35,1793.4,1793.35,1793.4,0.0,20.34,36369.7,1
2025-08-18,2025-08-18 14:50:00,1793.4,1793.44,1793.4,1793.44,0.0,20.34,36369.7,1
2025-08-18,2025-08-18 14:51:00,1793.44,1793.48,1793.44,1793.48,0.0,20.34,36369.7,1
2025-08-18,2025-08-18 14:52:00,1793.48,1793.53,1793.48,1793.53,0.0,20.34,36369.7,1
2025-08-18,2025-08-18 14:53:00,1793.53,1793.57,1793.53,1793.57,0.0,20.34,36369.7,1
2025-08-18,2025-08-18 14:54:00,1793.57,1793.61,1793.57,1793.61,0.0,20.34,36369.7,1
2025-08-18,2025-08-18 14:55:00,1793.61,1793.66,1793.61,1793.66,0.0,20.34,36369.7,1
2025-08-18,2025-08-18 14:56:00,1793.66,1793.7,1793.66,1793.7,0.0,20.34,36369.7,1
2025-08-18,2025-08-18 14:57:00,1793.7,1793.74,1793.7,1793.74,0.0,20.34,36369.7,1
2025-08-18,2025-08-18 14:58:00,1793.74,1793.79,1793.74,1793.79,0.0,20.34,36369.7,1
2025-08-18,2025-08-18 14:59:00,1793.79,1793.83,1793.79,1793.83,0.0,20.34,36369.7,1
2025-08-18,2025-08-18 15:00:00,1793.83,1814.8,1755.1,1793.83,0.0,20.34,36369.7,0
2025-08-19,2025-08-19 11:00:00,1758.0,1785.6,1737.6,1758.13,0.01,15.55,27610.66,1
2025-08-19,2025-08-19 11:01:00,1758.13,1758.27,1758.13,1758.27,0.01,15.55,27610.66,1
2025-08-19,2025-08-19 11:02:00,1758.27,1758.4,1758.27,1758.4,0.01,15.55,27610.66,1
2025-08-19,2025-08-19 11:03:00,1758.4,1758.53,1758.4,1758.53,0.01,15.55,27610.66,1
2025-08-19,2025-08-19 11:04:00,1758.53,1758.67,1758.53,1758.67,0.01,15.55,27610.66,1
2025-08-19,2025-08-19 11:05:00,1758.67,1758.8,1758.67,1758.8,0.01,15.55,27610.66,1
2025-08-19,2025-08-19 11:06:00,1758.8,1758.93,1758.8,1758.93,0.01,15.55,27610.66,1
2025-08-19,2025-08-19 11:07:00,1758.93,1759.07,1758.93,1759.07,0.01,15.55,27610.66,1
2025-08-19,2025-08-19 11:08:00,1759.07,1759.2,1759.07,1759.2,0.01,15.55,27610.66,1
2025-08-19,2025-08-19 11:09:00,1759.2,1759.33,1759.2,1759.33,0.01,15.55,27610.66,1
2025-08-19,2025-08-19 11:10:00,1759.33,1759.47,1759.33,1759.47,0.01,15.55,27610.66,1
2025-08-19,2025-08-19 11:11:00,1759.47,1759.6,1759.47,1759.6,0.01,15.55,27610.66,1
2025-08-19,2025-08-19 11:12:00,1759.6,1759.73,1759.6,1759.73,0.01,15.55,27610.66,1
2025-08-19,2025-08-19 11:13:00,1759.73,1759.87,1759.73,1759.87,0.01,15.55,27610.66,1
2025-08-19,2025-08-19 11:14:00,1759.87,1760.0,1759.87,1760.0,0.01,15.55,27610.66,1
2025-08-19,2025-08-19 11:15:00,1760.0,1760.13,1760.0,1760.13,0.01,15.55,27610.66,1
2025-08-19,2025-08-19 11:16:00,1760.13,1760.27,1760.13,1760.27,0.01,15.55,27610.66,1
2025-08-19,2025-08-19 11:17:00,1760.27,1760.4,1760.27,1760.4,0.01,15.55,27610.66,1
2025-08-19,2025-08-19 11:18:00,1760.4,1760.53,1760.4,1760.53,0.01,15.55,27610.66,1
2025-08-19,2025-08-19 11:19:00,1760.53,1760.67,1760.53,1760.67,0.01,15.55,27610.66,1
2025-08-19,2025-08-19 11:20:00,1760.67,1760.8,1760.67,1760.8,0.01,15.55,27610.66,1
2025-08-19,2025-08-19 11:21:00,1760.8,1760.93,1760.8,1760.93,0.01,15.55,27610.66,1
2025-08-19,2025-08-19 11:22:00,1760.93,1761.07,1760.93,1761.07,0.01,15.55,27610.66,1
2025-08-19,2025-08-19 11:23:00,1761.07,1761.2,1761.07,1761.2,0.01,15.55,27610.66,1
2025-08-19,2025-08-19 11:24:00,1761.2,1761.33,1761.2,1761.33,0.01,15.55,27610.66,1
2025-08-19,2025-08-19 11:25:00,1761.33,1761.47,1761.33,1761.47,0.01,15.55,27610.66,1
2025-08-19,2025-08-19 11:26:00,1761.47,1761.6,1761.47,1761.6,0.01,15.55,27610.66,1
2025-08-19,2025-08-19 11:27:00,1761.6,1761.73,1761.6,1761.73,0.01,15.55,27610.66,1
2025-08-19,2025-08-19 11:28:00,1761.73,1761.87,1761.73,1761.87,0.01,15.55,27610.66,1
2025-08-19,2025-08-19 11:29:00,1761.87,1762.0,1761.87,1762.0,0.01,15.55,27610.66,1
2025-08-19,2025-08-19 11:30:00,1762.0,1762.13,1762.0,1762.13,0.01,15.55,27610.66,1
2025-08-19,2025-08-19 11:31:00,1762.13,1762.27,1762.13,1762.27,0.01,15.55,27610.66,1
2025-08-19,2025-08-19 11:32:00,1762.27,1762.4,1762.27,1762.4,0.01,15.55,27610.66,1
2025-08-19,2025-08-19 11:33:00,1762.4,1762.53,1762.4,1762.53,0.01,15.55,27610.66,1
2025-08-19,2025-08-19 11:34:00,1762.53,1762.67,1762.53,1762.67,0.01,15.55,27610.66,1
2025-08-19,2025-08-19 11:35:00,1762.67,1762.8,1762.67,1762.8,0.01,15.55,27610.66,1
2025-08-19,2025-08-19 11:36:00,1762.8,1762.93,1762.8,1762.93,0.01,15.55,27610.66,1
2025-08-19,2025-08-19 11:37:00,1762.93,1763.07,1762.93,1763.07,0.01,15.55,27610.66,1
2025-08-19,2025-08-19 11:38:00,1763.07,1763.2,1763.07,1763.2,0.01,15.55,27610.66,1
2025-08-19,2025-08-19 11:39:00,1763.2,1763.33,1763.2,1763.33,0.01,15.55,27610.66,1
2025-08-19,2025-08-19 11:40:00,1763.33,1763.47,1763.33,1763.47,0.01,15.55,27610.66,1
2025-08-19,2025-08-19 11:41:00,1763.47,1763.6,1763.47,1763.6,0.01,15.55,27610.66,1
2025-08-19,2025-08-19 11:42:00,1763.6,1763.73,1763.6,1763.73,0.01,15.55,27610.66,1
2025-08-19,2025-08-19 11:43:00,1763.73,1763.87,1763.73,1763.87,0.01,15.55,27610.66,1
2025-08-19,2025-08-19 11:44:00,1763.87,1764.0,1763.87,1764.0,0.01,15.55,27610.66,1
2025-08-19,2025-08-19 11:45:00,1764.0,1764.13,1764.0,1764.13,0.01,15.55,27610.66,1
2025-08-19,2025-08-19 11:46:00,1764.13,1764.27,1764.13,1764.27,0.01,15.55,27610.66,1
2025-08-19,2025-08-19 11:47:00,1764.27,1764.4,1764.27,1764.4,0.01,15.55,27610.66,1
2025-08-19,2025-08-19 11:48:00,1764.4,1764.53,1764.4,1764.53,0.01,15.55,27610.66,1
2025-08-19,2025-08-19 11:49:00,1764.53,1764.67,1764.53,1764.67,0.01,15.55,27610.66,1
2025-08-19,2025-08-19 11:50:00,1764.67,1764.8,1764.67,1764.8,0.01,15.55,27610.66,1
2025-08-19,2025-08-19 11:51:00,1764.8,1764.93,1764.8,1764.93,0.01,15.55,27610.66,1
2025-08-19,2025-08-19 11:52:00,1764.93,1765.07,1764.93,1765.07,0.01,15.55,27610.66,1
2025-08-19,2025-08-19 11:53:00,1765.07,1765.2,1765.07,1765.2,0.01,15.55,27610.66,1
2025-08-19,2025-08-19 11:54:00,1765.2,1765.33,1765.2,1765.33,0.01,15.55,27610.66,1
2025-08-19,2025-08-19 11:55:00,1765.33,1765.47,1765.33,1765.47,0.01,15.55,27610.66,1
2025-08-19,2025-08-19 11:56:00,1765.47,1765.6,1765.47,1765.6,0.01,15.55,27610.66,1
2025-08-19,2025-08-19 11:57:00,1765.6,1765.73,1765.6,1765.73,0.01,15.55,27610.66,1
2025-08-19,2025-08-19 11:58:00,1765.73,1765.87,1765.73,1765.87,0.01,15.55,27610.66,1
2025-08-19,2025-08-19 11:59:00,1765.87,1766.0,1765.87,1766.0,0.01,15.55,27610.66,1
2025-08-19,2025-08-19 12:00:00,1766.0,1766.13,1766.0,1766.13,0.01,15.55,27610.66,1
2025-08-19,2025-08-19 12:01:00,1766.13,1766.27,1766.13,1766.27,0.01,15.55,27610.66,1
2025-08-19,2025-08-19 12:02:00,1766.27,1766.4,1766.27,1766.4,0.01,15.55,27610.66,1
2025-08-19,2025-08-19 12:03:00,1766.4,1766.53,1766.4,1766.53,0.01,15.55,27610.66,1
2025-08-19,2025-08-19 12:04:00,1766.53,1766.67,1766.53,1766.67,0.01,15.55,27610.66,1
2025-08-19,2025-08-19 12:05:00,1766.67,1766.8,1766.67,1766.8,0.01,15.55,27610.66,1
2025-08-19,2025-08-19 12:06:00,1766.8,1766.93,1766.8,1766.93,0.01,15.55,27610.66,1
2025-08-19,2025-08-19 12:07:00,1766.93,1767.07,1766.93,1767.07,0.01,15.55,27610.66,1
2025-08-19,2025-08-19 12:08:00,1767.07,1767.2,1767.07,1767.2,0.01,15.55,27610.66,1
2025-08-19,2025-08-19 12:09:00,1767.2,1767.33,1767.2,1767.33,0.01,15.55,27610.66,1
2025-08-19,2025-08-19 12:10:00,1767.33,1767.47,1767.33,1767.47,0.01,15.55,27610.66,1
2025-08-19,2025-08-19 12:11:00,1767.47,1767.6,1767.47,1767.6,0.01,15.55,27610.66,1
2025-08-19,2025-08-19 12:12:00,1767.6,1767.73,1767.6,1767.73,0.01,15.55,27610.66,1
2025-08-19,2025-08-19 12:13:00,1767.73,1767.87,1767.73,1767.87,0.01,15.55,27610.66,1
2025-08-19,2025-08-19 12:14:00,1767.87,1768.0,1767.87,1768.0,0.01,15.55,27610.66,1
2025-08-19,2025-08-19 12:15:00,1768.0,1768.13,1768.0,1768.13,0.01,15.55,27610.66,1
2025-08-19,2025-08-19 12:16:00,1768.13,1768.27,1768.13,1768.27,0.01,15.55,27610.66,1
2025-08-19,2025-08-19 12:17:00,1768.27,1768.4,1768.27,1768.4,0.01,15.55,27610.66,1
2025-08-19,2025-08-19 12:18:00,1768.4,1768.53,1768.4,1768.53,0.01,15.55,27610.66,1
2025-08-19,2025-08-19 12:19:00,1768.53,1768.67,1768.53,1768.67,0.01,15.55,27610.66,1
2025-08-19,2025-08-19 12:20:00,1768.67,1768.8,1768.67,1768.8,0.01,15.55,27610.66,1
2025-08-19,2025-08-19 12:21:00,1768.8,1768.93,1768.8,1768.93,0.01,15.55,27610.66,1
2025-08-19,2025-08-19 12:22:00,1768.93,1769.07,1768.93,1769.07,0.01,15.55,27610.66,1
2025-08-19,2025-08-19 12:23:00,1769.07,1769.2,1769.07,1769.2,0.01,15.55,27610.66,1
2025-08-19,2025-08-19 12:24:00,1769.2,1769.33,1769.2,1769.33,0.01,15.55,27610.66,1
2025-08-19,2025-08-19 12:25:00,1769.33,1769.47,1769.33,1769.47,0.01,15.55,27610.66,1
2025-08-19,2025-08-19 12:26:00,1769.47,1769.6,1769.47,1769.6,0.01,15.55,27610.66,1
2025-08-19,2025-08-19 12:27:00,1769.6,1769.73,1769.6,1769.73,0.01,15.55,27610.66,1
2025-08-19,2025-08-19 12:28:00,1769.73,1769.87,1769.73,1769.87,0.01,15.55,27610.66,1
2025-08-19,2025-08-19 12:29:00,1769.87,1770.0,1769.87,1770.0,0.01,15.55,27610.66,1
2025-08-19,2025-08-19 12:30:00,1770.0,1770.13,1770.0,1770.13,0.01,15.55,27610.66,1
2025-08-19,2025-08-19 12:31:00,1770.13,1770.27,1770.13,1770.27,0.01,15.55,27610.66,1
2025-08-19,2025-08-19 12:32:00,1770.27,1770.4,1770.27,1770.4,0.01,15.55,27610.66,1
2025-08-19,2025-08-19 12:33:00,1770.4,1770.53,1770.4,1770.53,0.01,15.55,27610.66,1
2025-08-19,2025-08-19 12:34:00,1770.53,1770.67,1770.53,1770.67,0.01,15.55,27610.66,1
2025-08-19,2025-08-19 12:35:00,1770.67,1770.8,1770.67,1770.8,0.01,15.55,27610.66,1
2025-08-19,2025-08-19 12:36:00,1770.8,1770.93,1770.8,1770.93,0.01,15.55,27610.66,1
2025-08-19,2025-08-19 12:37:00,1770.93,1771.07,1770.93,1771.07,0.01,15.55,27610.66,1
2025-08-19,2025-08-19 12:38:00,1771.07,1771.2,1771.07,1771.2,0.01,15.55,27610.66,1
2025-08-19,2025-08-19 12:39:00,1771.2,1771.33,1771.2,1771.33,0.01,15.55,27610.66,1
2025-08-19,2025-08-19 12:40:00,1771.33,1771.47,1771.33,1771.47,0.01,15.55,27610.66,1
2025-08-19,2025-08-19 12:41:00,1771.47,1771.6,1771.47,1771.6,0.01,15.55,27610.66,1
2025-08-19,2025-08-19 12:42:00,1771.6,1771.73,1771.6,1771.73,0.01,15.55,27610.66,1
2025-08-19,2025-08-19 12:43:00,1771.73,1771.87,1771.73,1771.87,0.01,15.55,27610.66,1
2025-08-19,2025-08-19 12:44:00,1771.87,1772.0,1771.87,1772.0,0.01,15.55,27610.66,1
2025-08-19,2025-08-19 12:45:00,1772.0,1772.13,1772.0,1772.13,0.01,15.55,27610.66,1
2025-08-19,2025-08-19 12:46:00,1772.13,1772.27,1772.13,1772.27,0.01,15.55,27610.66,1
2025-08-19,2025-08-19 12:47:00,1772.27,1772.4,1772.27,1772.4,0.01,15.55,27610.66,1
2025-08-19,2025-08-19 12:48:00,1772.4,1772.53,1772.4,1772.53,0.01,15.55,27610.66,1
2025-08-19,2025-08-19 12:49:00,1772.53,1772.67,1772.53,1772.67,0.01,15.55,27610.66,1
2025-08-19,2025-08-19 12:50:00,1772.67,1772.8,1772.67,1772.8,0.01,15.55,27610.66,1
2025-08-19,2025-08-19 12:51:00,1772.8,1772.93,1772.8,1772.93,0.01,15.55,27610.66,1
2025-08-19,2025-08-19 12:52:00,1772.93,1773.07,1772.93,1773.07,0.01,15.55,27610.66,1
2025-08-19,2025-08-19 12:53:00,1773.07,1773.2,1773.07,1773.2,0.01,15.55,27610.66,1
2025-08-19,2025-08-19 12:54:00,1773.2,1773.33,1773.2,1773.33,0.01,15.55,27610.66,1
2025-08-19,2025-08-19 12:55:00,1773.33,1773.47,1773.33,1773.47,0.01,15.55,27610.66,1
2025-08-19,2025-08-19 12:56:00,1773.47,1773.6,1773.47,1773.6,0.01,15.55,27610.66,1
2025-08-19,2025-08-19 12:57:00,1773.6,1773.73,1773.6,1773.73,0.01,15.55,27610.66,1
2025-08-19,2025-08-19 12:58:00,1773.73,1773.87,1773.73,1773.87,0.01,15.55,27610.66,1
2025-08-19,2025-08-19 12:59:00,1773.87,1774.0,1773.87,1774.0,0.01,15.55,27610.66,1
2025-08-19,2025-08-19 13:00:00,1774.0,1850.0,1690.0,1774.13,0.01,15.55,27610.66,1
2025-08-19,2025-08-19 13:01:00,1774.13,1774.27,1774.13,1774.27,0.01,15.55,27610.66,1
2025-08-19,2025-08-19 13:02:00,1774.27,1774.4,1774.27,1774.4,0.01,15.55,27610.66,1
2025-08-19,2025-08-19 13:03:00,1774.4,1774.53,1774.4,1774.53,0.01,15.55,27610.66,1
2025-08-19,2025-08-19 13:04:00,1774.53,1774.67,1774.53,1774.67,0.01,15.55,27610.66,1
2025-08-19,2025-08-19 13:05:00,1774.67,1774.8,1774.67,1774.8,0.01,15.55,27610.66,1
2025-08-19,2025-08-19 13:06:00,1774.8,1774.93,1774.8,1774.93,0.01,15.55,27610.66,1
2025-08-19,2025-08-19 13:07:00,1774.93,1775.07,1774.93,1775.07,0.01,15.55,27610.66,1
2025-08-19,2025-08-19 13:08:00,1775.07,1775.2,1775.07,1775.2,0.01,15.55,27610.66,1
2025-08-19,2025-08-19 13:09:00,1775.2,1775.33,1775.2,1775.33,0.01,15.55,27610.66,1
2025-08-19,2025-08-19 13:10:00,1775.33,1775.47,1775.33,1775.47,0.01,15.55,27610.66,1
2025-08-19,2025-08-19 13:11:00,1775.47,1775.6,1775.47,1775.6,0.01,15.55,27610.66,1
2025-08-19,2025-08-19 13:12:00,1775.6,1775.73,1775.6,1775.73,0.01,15.55,27610.66,1
2025-08-19,2025-08-19 13:13:00,1775.73,1775.87,1775.73,1775.87,0.01,15.55,27610.66,1
2025-08-19,2025-08-19 13:14:00,1775.87,1776.0,1775.87,1776.0,0.01,15.55,27610.66,1
2025-08-19,2025-08-19 13:15:00,1776.0,1776.13,1776.0,1776.13,0.01,15.55,27610.66,1
2025-08-19,2025-08-19 13:16:00,1776.13,1776.27,1776.13,1776.27,0.01,15.55,27610.66,1
2025-08-19,2025-08-19 13:17:00,1776.27,1776.4,1776.27,1776.4,0.01,15.55,27610.66,1
2025-08-19,2025-08-19 13:18:00,1776.4,1776.53,1776.4,1776.53,0.01,15.55,27610.66,1
2025-08-19,2025-08-19 13:19:00,1776.53,1776.67,1776.53,1776.67,0.01,15.55,27610.66,1
2025-08-19,2025-08-19 13:20:00,1776.67,1776.8,1776.67,1776.8,0.01,15.55,27610.66,1
2025-08-19,2025-08-19 13:21:00,1776.8,1776.93,1776.8,1776.93,0.01,15.55,27610.66,1
2025-08-19,2025-08-19 13:22:00,1776.93,1777.07,1776.93,1777.07,0.01,15.55,27610.66,1
2025-08-19,2025-08-19 13:23:00,1777.07,1777.2,1777.07,1777.2,0.01,15.55,27610.66,1
2025-08-19,2025-08-19 13:24:00,1777.2,1777.33,1777.2,1777.33,0.01,15.55,27610.66,1
2025-08-19,2025-08-19 13:25:00,1777.33,1777.47,1777.33,1777.47,0.01,15.55,27610.66,1
2025-08-19,2025-08-19 13:26:00,1777.47,1777.6,1777.47,1777.6,0.01,15.55,27610.66,1
2025-08-19,2025-08-19 13:27:00,1777.6,1777.73,1777.6,1777.73,0.01,15.55,27610.66,1
2025-08-19,2025-08-19 13:28:00,1777.73,1777.87,1777.73,1777.87,0.01,15.55,27610.66,1
2025-08-19,2025-08-19 13:29:00,1777.87,1778.0,1777.87,1778.0,0.01,15.55,27610.66,1
2025-08-19,2025-08-19 13:30:00,1778.0,1778.13,1778.0,1778.13,0.01,15.55,27610.66,1
2025-08-19,2025-08-19 13:31:00,1778.13,1778.27,1778.13,1778.27,0.01,15.55,27610.66,1
2025-08-19,2025-08-19 13:32:00,1778.27,1778.4,1778.27,1778.4,0.01,15.55,27610.66,1
2025-08-19,2025-08-19 13:33:00,1778.4,1778.53,1778.4,1778.53,0.01,15.55,27610.66,1
2025-08-19,2025-08-19 13:34:00,1778.53,1778.67,1778.53,1778.67,0.01,15.55,27610.66,1
2025-08-19,2025-08-19 13:35:00,1778.67,1778.8,1778.67,1778.8,0.01,15.55,27610.66,1
2025-08-19,2025-08-19 13:36:00,1778.8,1778.93,1778.8,1778.93,0.01,15.55,27610.66,1
2025-08-19,2025-08-19 13:37:00,1778.93,1779.07,1778.93,1779.07,0.01,15.55,27610.66,1
2025-08-19,2025-08-19 13:38:00,1779.07,1779.2,1779.07,1779.2,0.01,15.55,27610.66,1
2025-08-19,2025-08-19 13:39:00,1779.2,1779.33,1779.2,1779.33,0.01,15.55,27610.66,1
2025-08-19,2025-08-19 13:40:00,1779.33,1779.47,1779.33,1779.47,0.01,15.55,27610.66,1
2025-08-19,2025-08-19 13:41:00,1779.47,1779.6,1779.47,1779.6,0.01,15.55,27610.66,1
2025-08-19,2025-08-19 13:42:00,1779.6,1779.73,1779.6,1779.73,0.01,15.55,27610.66,1
2025-08-19,2025-08-19 13:43:00,1779.73,1779.87,1779.73,1779.87,0.01,15.55,27610.66,1
2025-08-19,2025-08-19 13:44:00,1779.87,1780.0,1779.87,1780.0,0.01,15.55,27610.66,1
2025-08-19,2025-08-19 13:45:00,1780.0,1780.13,1780.0,1780.13,0.01,15.55,27610.66,1
2025-08-19,2025-08-19 13:46:00,1780.13,1780.27,1780.13,1780.27,0.01,15.55,27610.66,1
2025-08-19,2025-08-19 13:47:00,1780.27,1780.4,1780.27,1780.4,0.01,15.55,27610.66,1
2025-08-19,2025-08-19 13:48:00,1780.4,1780.53,1780.4,1780.53,0.01,15.55,27610.66,1
2025-08-19,2025-08-19 13:49:00,1780.53,1780.67,1780.53,1780.67,0.01,15.55,27610.66,1
2025-08-19,2025-08-19 13:50:00,1780.67,1780.8,1780.67,1780.8,0.01,15.55,27610.66,1
2025-08-19,2025-08-19 13:51:00,1780.8,1780.93,1780.8,1780.93,0.01,15.55,27610.66,1
2025-08-19,2025-08-19 13:52:00,1780.93,1781.07,1780.93,1781.07,0.01,15.55,27610.66,1
2025-08-19,2025-08-19 13:53:00,1781.07,1781.2,1781.07,1781.2,0.01,15.55,27610.66,1
2025-08-19,2025-08-19 13:54:00,1781.2,1781.33,1781.2,1781.33,0.01,15.55,27610.66,1
2025-08-19,2025-08-19 13:55:00,1781.33,1781.47,1781.33,1781.47,0.01,15.55,27610.66,1
2025-08-19,2025-08-19 13:56:00,1781.47,1781.6,1781.47,1781.6,0.01,15.55,27610.66,1
2025-08-19,2025-08-19 13:57:00,1781.6,1781.73,1781.6,1781.73,0.01,15.55,27610.66,1
2025-08-19,2025-08-19 13:58:00,1781.73,1781.87,1781.73,1781.87,0.01,15.55,27610.66,1
2025-08-19,2025-08-19 13:59:00,1781.87,1782.0,1781.87,1782.0,0.01,15.55,27610.66,1
2025-08-19,2025-08-19 14:00:00,1782.0,1782.13,1782.0,1782.13,0.01,15.55,27610.66,1
2025-08-19,2025-08-19 14:01:00,1782.13,1782.27,1782.13,1782.27,0.01,15.55,27610.66,1
2025-08-19,2025-08-19 14:02:00,1782.27,1782.4,1782.27,1782.4,0.01,15.55,27610.66,1
2025-08-19,2025-08-19 14:03:00,1782.4,1782.53,1782.4,1782.53,0.01,15.55,27610.66,1
2025-08-19,2025-08-19 14:04:00,1782.53,1782.67,1782.53,1782.67,0.01,15.55,27610.66,1
2025-08-19,2025-08-19 14:05:00,1782.67,1782.8,1782.67,1782.8,0.01,15.55,27610.66,1
2025-08-19,2025-08-19 14:06:00,1782.8,1782.93,1782.8,1782.93,0.01,15.55,27610.66,1
2025-08-19,2025-08-19 14:07:00,1782.93,1783.07,1782.93,1783.07,0.01,15.55,27610.66,1
2025-08-19,2025-08-19 14:08:00,1783.07,1783.2,1783.07,1783.2,0.01,15.55,27610.66,1
2025-08-19,2025-08-19 14:09:00,1783.2,1783.33,1783.2,1783.33,0.01,15.55,27610.66,1
2025-08-19,2025-08-19 14:10:00,1783.33,1783.47,1783.33,1783.47,0.01,15.55,27610.66,1
2025-08-19,2025-08-19 14:11:00,1783.47,1783.6,1783.47,1783.6,0.01,15.55,27610.66,1
2025-08-19,2025-08-19 14:12:00,1783.6,1783.73,1783.6,1783.73,0.01,15.55,27610.66,1
2025-08-19,2025-08-19 14:13:00,1783.73,1783.87,1783.73,1783.87,0.01,15.55,27610.66,1
2025-08-19,2025-08-19 14:14:00,1783.87,1784.0,1783.87,1784.0,0.01,15.55,27610.66,1
2025-08-19,2025-08-19 14:15:00,1784.0,1784.13,1784.0,1784.13,0.01,15.55,27610.66,1
2025-08-19,2025-08-19 14:16:00,1784.13,1784.27,1784.13,1784.27,0.01,15.55,27610.66,1
2025-08-19,2025-08-19 14:17:00,1784.27,1784.4,1784.27,1784.4,0.01,15.55,27610.66,1
2025-08-19,2025-08-19 14:18:00,1784.4,1784.53,1784.4,1784.53,0.01,15.55,27610.66,1
2025-08-19,2025-08-19 14:19:00,1784.53,1784.67,1784.53,1784.67,0.01,15.55,27610.66,1
2025-08-19,2025-08-19 14:20:00,1784.67,1784.8,1784.67,1784.8,0.01,15.55,27610.66,1
2025-08-19,2025-08-19 14:21:00,1784.8,1784.93,1784.8,1784.93,0.01,15.55,27610.66,1
2025-08-19,2025-08-19 14:22:00,1784.93,1785.07,1784.93,1785.07,0.01,15.55,27610.66,1
2025-08-19,2025-08-19 14:23:00,1785.07,1785.2,1785.07,1785.2,0.01,15.55,27610.66,1
2025-08-19,2025-08-19 14:24:00,1785.2,1785.33,1785.2,1785.33,0.01,15.55,27610.66,1
2025-08-19,2025-08-19 14:25:00,1785.33,1785.47,1785.33,1785.47,0.01,15.55,27610.66,1
2025-08-19,2025-08-19 14:26:00,1785.47,1785.6,1785.47,1785.6,0.01,15.55,27610.66,1
2025-08-19,2025-08-19 14:27:00,1785.6,1785.73,1785.6,1785.73,0.01,15.55,27610.66,1
2025-08-19,2025-08-19 14:28:00,1785.73,1785.87,1785.73,1785.87,0.01,15.55,27610.66,1
2025-08-19,2025-08-19 14:29:00,1785.87,1786.0,1785.87,1786.0,0.01,15.55,27610.66,1
2025-08-19,2025-08-19 14:30:00,1786.0,1786.13,1786.0,1786.13,0.01,15.55,27610.66,1
2025-08-19,2025-08-19 14:31:00,1786.13,1786.27,1786.13,1786.27,0.01,15.55,27610.66,1
2025-08-19,2025-08-19 14:32:00,1786.27,1786.4,1786.27,1786.4,0.01,15.55,27610.66,1
2025-08-19,2025-08-19 14:33:00,1786.4,1786.53,1786.4,1786.53,0.01,15.55,27610.66,1
2025-08-19,2025-08-19 14:34:00,1786.53,1786.67,1786.53,1786.67,0.01,15.55,27610.66,1
2025-08-19,2025-08-19 14:35:00,1786.67,1786.8,1786.67,1786.8,0.01,15.55,27610.66,1
2025-08-19,2025-08-19 14:36:00,1786.8,1786.93,1786.8,1786.93,0.01,15.55,27610.66,1
2025-08-19,2025-08-19 14:37:00,1786.93,1787.07,1786.93,1787.07,0.01,15.55,27610.66,1
2025-08-19,2025-08-19 14:38:00,1787.07,1787.2,1787.07,1787.2,0.01,15.55,27610.66,1
2025-08-19,2025-08-19 14:39:00,1787.2,1787.33,1787.2,1787.33,0.01,15.55,27610.66,1
2025-08-19,2025-08-19 14:40:00,1787.33,1787.47,1787.33,1787.47,0.01,15.55,27610.66,1
2025-08-19,2025-08-19 14:41:00,1787.47,1787.6,1787.47,1787.6,0.01,15.55,27610.66,1
2025-08-19,2025-08-19 14:42:00,1787.6,1787.73,1787.6,1787.73,0.01,15.55,27610.66,1
2025-08-19,2025-08-19 14:43:00,1787.73,1787.87,1787.73,1787.87,0.01,15.55,27610.66,1
2025-08-19,2025-08-19 14:44:00,1787.87,1788.0,1787.87,1788.0,0.01,15.55,27610.66,1
2025-08-19,2025-08-19 14:45:00,1788.0,1788.13,1788.0,1788.13,0.01,15.55,27610.66,1
2025-08-19,2025-08-19 14:46:00,1788.13,1788.27,1788.13,1788.27,0.01,15.55,27610.66,1
2025-08-19,2025-08-19 14:47:00,1788.27,1788.4,1788.27,1788.4,0.01,15.55,27610.66,1
2025-08-19,2025-08-19 14:48:00,1788.4,1788.53,1788.4,1788.53,0.01,15.55,27610.66,1
2025-08-19,2025-08-19 14:49:00,1788.53,1788.67,1788.53,1788.67,0.01,15.55,27610.66,1
2025-08-19,2025-08-19 14:50:00,1788.67,1788.8,1788.67,1788.8,0.01,15.55,27610.66,1
2025-08-19,2025-08-19 14:51:00,1788.8,1788.93,1788.8,1788.93,0.01,15.55,27610.66,1
2025-08-19,2025-08-19 14:52:00,1788.93,1789.07,1788.93,1789.07,0.01,15.55,27610.66,1
2025-08-19,2025-08-19 14:53:00,1789.07,1789.2,1789.07,1789.2,0.01,15.55,27610.66,1
2025-08-19,2025-08-19 14:54:00,1789.2,1789.33,1789.2,1789.33,0.01,15.55,27610.66,1
2025-08-19,2025-08-19 14:55:00,1789.33,1789.47,1789.33,1789.47,0.01,15.55,27610.66,1
2025-08-19,2025-08-19 14:56:00,1789.47,1789.6,1789.47,1789.6,0.01,15.55,27610.66,1
2025-08-19,2025-08-19 14:57:00,1789.6,1789.73,1789.6,1789.73,0.01,15.55,27610.66,1
2025-08-19,2025-08-19 14:58:00,1789.73,1789.87,1789.73,1789.87,0.01,15.55,27610.66,1
2025-08-19,2025-08-19 14:59:00,1789.87,1790.0,1789.87,1790.0,0.01,15.55,27610.66,1
2025-08-19,2025-08-19 15:00:00,1790.0,1850.0,1690.0,1790.0,0.0,15.55,27610.66,0
2025-08-20,2025-08-20 11:00:00,1771.0,1785.4,1764.4,1771.0,0.0,16.86,29647.47,0
2025-08-20,2025-08-20 11:01:00,1771.0,1771.0,1771.0,1771.0,0.0,16.86,29647.47,0
2025-08-20,2025-08-20 11:02:00,1771.0,1771.0,1770.99,1770.99,-0.0,16.86,29647.47,-1
2025-08-20,2025-08-20 11:03:00,1770.99,1770.99,1770.99,1770.99,0.0,16.86,29647.47,0
2025-08-20,2025-08-20 11:04:00,1770.99,1770.99,1770.99,1770.99,0.0,16.86,29647.47,0
2025-08-20,2025-08-20 11:05:00,1770.99,1770.99,1770.99,1770.99,0.0,16.86,29647.47,0
2025-08-20,2025-08-20 11:06:00,1770.99,1770.99,1770.99,1770.99,0.0,16.86,29647.47,0
2025-08-20,2025-08-20 11:07:00,1770.99,1770.99,1770.98,1770.98,-0.0,16.86,29647.47,-1
2025-08-20,2025-08-20 11:08:00,1770.98,1770.98,1770.98,1770.98,0.0,16.86,29647.47,0
2025-08-20,2025-08-20 11:09:00,1770.98,1770.98,1770.98,1770.98,0.0,16.86,29647.47,0
2025-08-20,2025-08-20 11:10:00,1770.98,1770.98,1770.98,1770.98,0.0,16.86,29647.47,0
2025-08-20,2025-08-20 11:11:00,1770.98,1770.98,1770.97,1770.97,-0.0,16.86,29647.47,-1
2025-08-20,2025-08-20 11:12:00,1770.97,1770.97,1770.97,1770.97,0.0,16.86,29647.47,0
2025-08-20,2025-08-20 11:13:00,1770.97,1770.97,1770.97,1770.97,0.0,16.86,29647.47,0
2025-08-20,2025-08-20 11:14:00,1770.97,1770.97,1770.97,1770.97,0.0,16.86,29647.47,0
2025-08-20,2025-08-20 11:15:00,1770.97,1770.97,1770.97,1770.97,0.0,16.86,29647.47,0
2025-08-20,2025-08-20 11:16:00,1770.97,1770.97,1770.96,1770.96,-0.0,16.86,29647.47,-1
2025-08-20,2025-08-20 11:17:00,1770.96,1770.96,1770.96,1770.96,0.0,16.86,29647.47,0
2025-08-20,2025-08-20 11:18:00,1770.96,1770.96,1770.96,1770.96,0.0,16.86,29647.47,0
2025-08-20,2025-08-20 11:19:00,1770.96,1770.96,1770.96,1770.96,0.0,16.86,29647.47,0
2025-08-20,2025-08-20 11:20:00,1770.96,1770.96,1770.96,1770.96,0.0,16.86,29647.47,0
2025-08-20,2025-08-20 11:21:00,1770.96,1770.96,1770.95,1770.95,-0.0,16.86,29647.47,-1
2025-08-20,2025-08-20 11:22:00,1770.95,1770.95,1770.95,1770.95,0.0,16.86,29647.47,0
2025-08-20,2025-08-20 11:23:00,1770.95,1770.95,1770.95,1770.95,0.0,16.86,29647.47,0
2025-08-20,2025-08-20 11:24:00,1770.95,1770.95,1770.95,1770.95,0.0,16.86,29647.47,0
2025-08-20,2025-08-20 11:25:00,1770.95,1770.95,1770.95,1770.95,0.0,16.86,29647.47,0
2025-08-20,2025-08-20 11:26:00,1770.95,1770.95,1770.94,1770.94,-0.0,16.86,29647.47,-1
2025-08-20,2025-08-20 11:27:00,1770.94,1770.94,1770.94,1770.94,0.0,16.86,29647.47,0
2025-08-20,2025-08-20 11:28:00,1770.94,1770.94,1770.94,1770.94,0.0,16.86,29647.47,0
2025-08-20,2025-08-20 11:29:00,1770.94,1770.94,1770.94,1770.94,0.0,16.86,29647.47,0
2025-08-20,2025-08-20 11:30:00,1770.94,1770.94,1770.94,1770.94,0.0,16.86,29647.47,0
2025-08-20,2025-08-20 11:31:00,1770.94,1770.94,1770.93,1770.93,-0.0,16.86,29647.47,-1
2025-08-20,2025-08-20 11:32:00,1770.93,1770.93,1770.93,1770.93,0.0,16.86,29647.47,0
2025-08-20,2025-08-20 11:33:00,1770.93,1770.93,1770.93,1770.93,0.0,16.86,29647.47,0
2025-08-20,2025-08-20 11:34:00,1770.93,1770.93,1770.93,1770.93,0.0,16.86,29647.47,0
2025-08-20,2025-08-20 11:35:00,1770.93,1770.93,1770.92,1770.92,-0.0,16.86,29647.47,-1
2025-08-20,2025-08-20 11:36:00,1770.92,1770.92,1770.92,1770.92,0.0,16.86,29647.47,0
2025-08-20,2025-08-20 11:37:00,1770.92,1770.92,1770.92,1770.92,0.0,16.86,29647.47,0
2025-08-20,2025-08-20 11:38:00,1770.92,1770.92,1770.92,1770.92,0.0,16.86,29647.47,0
2025-08-20,2025-08-20 11:39:00,1770.92,1770.92,1770.92,1770.92,0.0,16.86,29647.47,0
2025-08-20,2025-08-20 11:40:00,1770.92,1770.92,1770.91,1770.91,-0.0,16.86,29647.47,-1
2025-08-20,2025-08-20 11:41:00,1770.91,1770.91,1770.91,1770.91,0.0,16.86,29647.47,0
2025-08-20,2025-08-20 11:42:00,1770.91,1770.91,1770.91,1770.91,0.0,16.86,29647.47,0
2025-08-20,2025-08-20 11:43:00,1770.91,1770.91,1770.91,1770.91,0.0,16.86,29647.47,0
2025-08-20,2025-08-20 11:44:00,1770.91,1770.91,1770.91,1770.91,0.0,16.86,29647.47,0
2025-08-20,2025-08-20 11:45:00,1770.91,1770.91,1770.9,1770.9,-0.0,16.86,29647.47,-1
2025-08-20,2025-08-20 11:46:00,1770.9,1770.9,1770.9,1770.9,0.0,16.86,29647.47,0
2025-08-20,2025-08-20 11:47:00,1770.9,1770.9,1770.9,1770.9,0.0,16.86,29647.47,0
2025-08-20,2025-08-20 11:48:00,1770.9,1770.9,1770.9,1770.9,0.0,16.86,29647.47,0
2025-08-20,2025-08-20 11:49:00,1770.9,1770.9,1770.9,1770.9,0.0,16.86,29647.47,0
2025-08-20,2025-08-20 11:50:00,1770.9,1770.9,1770.89,1770.89,-0.0,16.86,29647.47,-1
2025-08-20,2025-08-20 11:51:00,1770.89,1770.89,1770.89,1770.89,0.0,16.86,29647.47,0
2025-08-20,2025-08-20 11:52:00,1770.89,1770.89,1770.89,1770.89,0.0,16.86,29647.47,0
2025-08-20,2025-08-20 11:53:00,1770.89,1770.89,1770.89,1770.89,0.0,16.86,29647.47,0
2025-08-20,2025-08-20 11:54:00,1770.89,1770.89,1770.89,1770.89,0.0,16.86,29647.47,0
2025-08-20,2025-08-20 11:55:00,1770.89,1770.89,1770.88,1770.88,-0.0,16.86,29647.47,-1
2025-08-20,2025-08-20 11:56:00,1770.88,1770.88,1770.88,1770.88,0.0,16.86,29647.47,0
2025-08-20,2025-08-20 11:57:00,1770.88,1770.88,1770.88,1770.88,0.0,16.86,29647.47,0
2025-08-20,2025-08-20 11:58:00,1770.88,1770.88,1770.88,1770.88,0.0,16.86,29647.47,0
2025-08-20,2025-08-20 11:59:00,1770.88,1770.88,1770.88,1770.88,0.0,16.86,29647.47,0
2025-08-20,2025-08-20 12:00:00,1770.88,1770.88,1770.87,1770.87,-0.0,16.86,29647.47,-1
2025-08-20,2025-08-20 12:01:00,1770.87,1770.87,1770.87,1770.87,0.0,16.86,29647.47,0
2025-08-20,2025-08-20 12:02:00,1770.87,1770.87,1770.87,1770.87,0.0,16.86,29647.47,0
2025-08-20,2025-08-20 12:03:00,1770.87,1770.87,1770.87,1770.87,0.0,16.86,29647.47,0
2025-08-20,2025-08-20 12:04:00,1770.87,1770.87,1770.86,1770.86,-0.0,16.86,29647.47,-1
2025-08-20,2025-08-20 12:05:00,1770.86,1770.86,1770.86,1770.86,0.0,16.86,29647.47,0
2025-08-20,2025-08-20 12:06:00,1770.86,1770.86,1770.86,1770.86,0.0,16.86,29647.47,0
2025-08-20,2025-08-20 12:07:00,1770.86,1770.86,1770.86,1770.86,0.0,16.86,29647.47,0
2025-08-20,2025-08-20 12:08:00,1770.86,1770.86,1770.86,1770.86,0.0,16.86,29647.47,0
2025-08-20,2025-08-20 12:09:00,1770.86,1770.86,1770.85,1770.85,-0.0,16.86,29647.47,-1
2025-08-20,2025-08-20 12:10:00,1770.85,1770.85,1770.85,1770.85,0.0,16.86,29647.47,0
2025-08-20,2025-08-20 12:11:00,1770.85,1770.85,1770.85,1770.85,0.0,16.86,29647.47,0
2025-08-20,2025-08-20 12:12:00,1770.85,1770.85,1770.85,1770.85,0.0,16.86,29647.47,0
2025-08-20,2025-08-20 12:13:00,1770.85,1770.85,1770.85,1770.85,0.0,16.86,29647.47,0
2025-08-20,2025-08-20 12:14:00,1770.85,1770.85,1770.84,1770.84,-0.0,16.86,29647.47,-1
2025-08-20,2025-08-20 12:15:00,1770.84,1770.84,1770.84,1770.84,0.0,16.86,29647.47,0
2025-08-20,2025-08-20 12:16:00,1770.84,1770.84,1770.84,1770.84,0.0,16.86,29647.47,0
2025-08-20,2025-08-20 12:17:00,1770.84,1770.84,1770.84,1770.84,0.0,16.86,29647.47,0
2025-08-20,2025-08-20 12:18:00,1770.84,1770.84,1770.84,1770.84,0.0,16.86,29647.47,0
2025-08-20,2025-08-20 12:19:00,1770.84,1770.84,1770.83,1770.83,-0.0,16.86,29647.47,-1
2025-08-20,2025-08-20 12:20:00,1770.83,1770.83,1770.83,1770.83,0.0,16.86,29647.47,0
2025-08-20,2025-08-20 12:21:00,1770.83,1770.83,1770.83,1770.83,0.0,16.86,29647.47,0
2025-08-20,2025-08-20 12:22:00,1770.83,1770.83,1770.83,1770.83,0.0,16.86,29647.47,0
2025-08-20,2025-08-20 12:23:00,1770.83,1770.83,1770.83,1770.83,0.0,16.86,29647.47,0
2025-08-20,2025-08-20 12:24:00,1770.83,1770.83,1770.82,1770.82,-0.0,16.86,29647.47,-1
2025-08-20,2025-08-20 12:25:00,1770.82,1770.82,1770.82,1770.82,0.0,16.86,29647.47,0
2025-08-20,2025-08-20 12:26:00,1770.82,1770.82,1770.82,1770.82,0.0,16.86,29647.47,0
2025-08-20,2025-08-20 12:27:00,1770.82,1770.82,1770.82,1770.82,0.0,16.86,29647.47,0
2025-08-20,2025-08-20 12:28:00,1770.82,1770.82,1770.81,1770.81,-0.0,16.86,29647.47,-1
2025-08-20,2025-08-20 12:29:00,1770.81,1770.81,1770.81,1770.81,0.0,16.86,29647.47,0
2025-08-20,2025-08-20 12:30:00,1770.81,1770.81,1770.81,1770.81,0.0,16.86,29647.47,0
2025-08-20,2025-08-20 12:31:00,1770.81,1770.81,1770.81,1770.81,0.0,16.86,29647.47,0
2025-08-20,2025-08-20 12:32:00,1770.81,1770.81,1770.81,1770.81,0.0,16.86,29647.47,0
2025-08-20,2025-08-20 12:33:00,1770.81,1770.81,1770.8,1770.8,-0.0,16.86,29647.47,-1
2025-08-20,2025-08-20 12:34:00,1770.8,1770.8,1770.8,1770.8,0.0,16.86,29647.47,0
2025-08-20,2025-08-20 12:35:00,1770.8,1770.8,1770.8,1770.8,0.0,16.86,29647.47,0
2025-08-20,2025-08-20 12:36:00,1770.8,1770.8,1770.8,1770.8,0.0,16.86,29647.47,0
2025-08-20,2025-08-20 12:37:00,1770.8,1770.8,1770.8,1770.8,0.0,16.86,29647.47,0
2025-08-20,2025-08-20 12:38:00,1770.8,1770.8,1770.79,1770.79,-0.0,16.86,29647.47,-1
2025-08-20,2025-08-20 12:39:00,1770.79,1770.79,1770.79,1770.79,0.0,16.86,29647.47,0
2025-08-20,2025-08-20 12:40:00,1770.79,1770.79,1770.79,1770.79,0.0,16.86,29647.47,0
2025-08-20,2025-08-20 12:41:00,1770.79,1770.79,1770.79,1770.79,0.0,16.86,29647.47,0
2025-08-20,2025-08-20 12:42:00,1770.79,1770.79,1770.79,1770.79,0.0,16.86,29647.47,0
2025-08-20,2025-08-20 12:43:00,1770.79,1770.79,1770.78,1770.78,-0.0,16.86,29647.47,-1
2025-08-20,2025-08-20 12:44:00,1770.78,1770.78,1770.78,1770.78,0.0,16.86,29647.47,0
2025-08-20,2025-08-20 12:45:00,1770.78,1770.78,1770.78,1770.78,0.0,16.86,29647.47,0
2025-08-20,2025-08-20 12:46:00,1770.78,1770.78,1770.78,1770.78,0.0,16.86,29647.47,0
2025-08-20,2025-08-20 12:47:00,1770.78,1770.78,1770.78,1770.78,0.0,16.86,29647.47,0
2025-08-20,2025-08-20 12:48:00,1770.78,1770.78,1770.77,1770.77,-0.0,16.86,29647.47,-1
2025-08-20,2025-08-20 12:49:00,1770.77,1770.77,1770.77,1770.77,0.0,16.86,29647.47,0
2025-08-20,2025-08-20 12:50:00,1770.77,1770.77,1770.77,1770.77,0.0,16.86,29647.47,0
2025-08-20,2025-08-20 12:51:00,1770.77,1770.77,1770.77,1770.77,0.0,16.86,29647.47,0
2025-08-20,2025-08-20 12:52:00,1770.77,1770.77,1770.76,1770.76,-0.0,16.86,29647.47,-1
2025-08-20,2025-08-20 12:53:00,1770.76,1770.76,1770.76,1770.76,0.0,16.86,29647.47,0
2025-08-20,2025-08-20 12:54:00,1770.76,1770.76,1770.76,1770.76,0.0,16.86,29647.47,0
2025-08-20,2025-08-20 12:55:00,1770.76,1770.76,1770.76,1770.76,0.0,16.86,29647.47,0
2025-08-20,2025-08-20 12:56:00,1770.76,1770.76,1770.76,1770.76,0.0,16.86,29647.47,0
2025-08-20,2025-08-20 12:57:00,1770.76,1770.76,1770.75,1770.75,-0.0,16.86,29647.47,-1
2025-08-20,2025-08-20 12:58:00,1770.75,1770.75,1770.75,1770.75,0.0,16.86,29647.47,0
2025-08-20,2025-08-20 12:59:00,1770.75,1770.75,1770.75,1770.75,0.0,16.86,29647.47,0
2025-08-20,2025-08-20 13:00:00,1770.75,1819.0,1749.0,1770.75,0.0,16.86,29647.47,0
2025-08-20,2025-08-20 13:01:00,1770.75,1770.75,1770.75,1770.75,0.0,16.86,29647.47,0
2025-08-20,2025-08-20 13:02:00,1770.75,1770.75,1770.74,1770.74,-0.0,16.86,29647.47,-1
2025-08-20,2025-08-20 13:03:00,1770.74,1770.74,1770.74,1770.74,0.0,16.86,29647.47,0
2025-08-20,2025-08-20 13:04:00,1770.74,1770.74,1770.74,1770.74,0.0,16.86,29647.47,0
2025-08-20,2025-08-20 13:05:00,1770.74,1770.74,1770.74,1770.74,0.0,16.86,29647.47,0
2025-08-20,2025-08-20 13:06:00,1770.74,1770.74,1770.74,1770.74,0.0,16.86,29647.47,0
2025-08-20,2025-08-20 13:07:00,1770.74,1770.74,1770.73,1770.73,-0.0,16.86,29647.47,-1
2025-08-20,2025-08-20 13:08:00,1770.73,1770.73,1770.73,1770.73,0.0,16.86,29647.47,0
2025-08-20,2025-08-20 13:09:00,1770.73,1770.73,1770.73,1770.73,0.0,16.86,29647.47,0
2025-08-20,2025-08-20 13:10:00,1770.73,1770.73,1770.73,1770.73,0.0,16.86,29647.47,0
2025-08-20,2025-08-20 13:11:00,1770.73,1770.73,1770.72,1770.72,-0.0,16.86,29647.47,-1
2025-08-20,2025-08-20 13:12:00,1770.72,1770.72,1770.72,1770.72,0.0,16.86,29647.47,0
2025-08-20,2025-08-20 13:13:00,1770.72,1770.72,1770.72,1770.72,0.0,16.86,29647.47,0
2025-08-20,2025-08-20 13:14:00,1770.72,1770.72,1770.72,1770.72,0.0,16.86,29647.47,0
2025-08-20,2025-08-20 13:15:00,1770.72,1770.72,1770.72,1770.72,0.0,16.86,29647.47,0
2025-08-20,2025-08-20 13:16:00,1770.72,1770.72,1770.71,1770.71,-0.0,16.86,29647.47,-1
2025-08-20,2025-08-20 13:17:00,1770.71,1770.71,1770.71,1770.71,0.0,16.86,29647.47,0
2025-08-20,2025-08-20 13:18:00,1770.71,1770.71,1770.71,1770.71,0.0,16.86,29647.47,0
2025-08-20,2025-08-20 13:19:00,1770.71,1770.71,1770.71,1770.71,0.0,16.86,29647.47,0
2025-08-20,2025-08-20 13:20:00,1770.71,1770.71,1770.71,1770.71,0.0,16.86,29647.47,0
2025-08-20,2025-08-20 13:21:00,1770.71,1770.71,1770.7,1770.7,-0.0,16.86,29647.47,-1
2025-08-20,2025-08-20 13:22:00,1770.7,1770.7,1770.7,1770.7,0.0,16.86,29647.47,0
2025-08-20,2025-08-20 13:23:00,1770.7,1770.7,1770.7,1770.7,0.0,16.86,29647.47,0
2025-08-20,2025-08-20 13:24:00,1770.7,1770.7,1770.7,1770.7,0.0,16.86,29647.47,0
2025-08-20,2025-08-20 13:25:00,1770.7,1770.7,1770.7,1770.7,0.0,16.86,29647.47,0
2025-08-20,2025-08-20 13:26:00,1770.7,1770.7,1770.69,1770.69,-0.0,16.86,29647.47,-1
2025-08-20,2025-08-20 13:27:00,1770.69,1770.69,1770.69,1770.69,0.0,16.86,29647.47,0
2025-08-20,2025-08-20 13:28:00,1770.69,1770.69,1770.69,1770.69,0.0,16.86,29647.47,0
2025-08-20,2025-08-20 13:29:00,1770.69,1770.69,1770.69,1770.69,0.0,16.86,29647.47,0
2025-08-20,2025-08-20 13:30:00,1770.69,1770.69,1770.69,1770.69,0.0,16.86,29647.47,0
2025-08-20,2025-08-20 13:31:00,1770.69,1770.69,1770.68,1770.68,-0.0,16.86,29647.47,-1
2025-08-20,2025-08-20 13:32:00,1770.68,1770.68,1770.68,1770.68,0.0,16.86,29647.47,0
2025-08-20,2025-08-20 13:33:00,1770.68,1770.68,1770.68,1770.68,0.0,16.86,29647.47,0
2025-08-20,2025-08-20 13:34:00,1770.68,1770.68,1770.68,1770.68,0.0,16.86,29647.47,0
2025-08-20,2025-08-20 13:35:00,1770.68,1770.68,1770.67,1770.67,-0.0,16.86,29647.47,-1
2025-08-20,2025-08-20 13:36:00,1770.67,1770.67,1770.67,1770.67,0.0,16.86,29647.47,0
2025-08-20,2025-08-20 13:37:00,1770.67,1770.67,1770.67,1770.67,0.0,16.86,29647.47,0
2025-08-20,2025-08-20 13:38:00,1770.67,1770.67,1770.67,1770.67,0.0,16.86,29647.47,0
2025-08-20,2025-08-20 13:39:00,1770.67,1770.67,1770.67,1770.67,0.0,16.86,29647.47,0
2025-08-20,2025-08-20 13:40:00,1770.67,1770.67,1770.66,1770.66,-0.0,16.86,29647.47,-1
2025-08-20,2025-08-20 13:41:00,1770.66,1770.66,1770.66,1770.66,0.0,16.86,29647.47,0
2025-08-20,2025-08-20 13:42:00,1770.66,1770.66,1770.66,1770.66,0.0,16.86,29647.47,0
2025-08-20,2025-08-20 13:43:00,1770.66,1770.66,1770.66,1770.66,0.0,16.86,29647.47,0
2025-08-20,2025-08-20 13:44:00,1770.66,1770.66,1770.66,1770.66,0.0,16.86,29647.47,0
2025-08-20,2025-08-20 13:45:00,1770.66,1770.66,1770.65,1770.65,-0.0,16.86,29647.47,-1
2025-08-20,2025-08-20 13:46:00,1770.65,1770.65,1770.65,1770.65,0.0,16.86,29647.47,0
2025-08-20,2025-08-20 13:47:00,1770.65,1770.65,1770.65,1770.65,0.0,16.86,29647.47,0
2025-08-20,2025-08-20 13:48:00,1770.65,1770.65,1770.65,1770.65,0.0,16.86,29647.47,0
2025-08-20,2025-08-20 13:49:00,1770.65,1770.65,1770.65,1770.65,0.0,16.86,29647.47,0
2025-08-20,2025-08-20 13:50:00,1770.65,1770.65,1770.64,1770.64,-0.0,16.86,29647.47,-1
2025-08-20,2025-08-20 13:51:00,1770.64,1770.64,1770.64,1770.64,0.0,16.86,29647.47,0
2025-08-20,2025-08-20 13:52:00,1770.64,1770.64,1770.64,1770.64,0.0,16.86,29647.47,0
2025-08-20,2025-08-20 13:53:00,1770.64,1770.64,1770.64,1770.64,0.0,16.86,29647.47,0
2025-08-20,2025-08-20 13:54:00,1770.64,1770.64,1770.64,1770.64,0.0,16.86,29647.47,0
2025-08-20,2025-08-20 13:55:00,1770.64,1770.64,1770.63,1770.63,-0.0,16.86,29647.47,-1
2025-08-20,2025-08-20 13:56:00,1770.63,1770.63,1770.63,1770.63,0.0,16.86,29647.47,0
2025-08-20,2025-08-20 13:57:00,1770.63,1770.63,1770.63,1770.63,0.0,16.86,29647.47,0
2025-08-20,2025-08-20 13:58:00,1770.63,1770.63,1770.63,1770.63,0.0,16.86,29647.47,0
2025-08-20,2025-08-20 13:59:00,1770.63,1770.63,1770.62,1770.62,-0.0,16.86,29647.47,-1
2025-08-20,2025-08-20 14:00:00,1770.62,1770.62,1770.62,1770.62,0.0,16.86,29647.47,0
2025-08-20,2025-08-20 14:01:00,1770.62,1770.62,1770.62,1770.62,0.0,16.86,29647.47,0
2025-08-20,2025-08-20 14:02:00,1770.62,1770.62,1770.62,1770.62,0.0,16.86,29647.47,0
2025-08-20,2025-08-20 14:03:00,1770.62,1770.62,1770.62,1770.62,0.0,16.86,29647.47,0
2025-08-20,2025-08-20 14:04:00,1770.62,1770.62,1770.61,1770.61,-0.0,16.86,29647.47,-1
2025-08-20,2025-08-20 14:05:00,1770.61,1770.61,1770.61,1770.61,0.0,16.86,29647.47,0
2025-08-20,2025-08-20 14:06:00,1770.61,1770.61,1770.61,1770.61,0.0,16.86,29647.47,0
2025-08-20,2025-08-20 14:07:00,1770.61,1770.61,1770.61,1770.61,0.0,16.86,29647.47,0
2025-08-20,2025-08-20 14:08:00,1770.61,1770.61,1770.61,1770.61,0.0,16.86,29647.47,0
2025-08-20,2025-08-20 14:09:00,1770.61,1770.61,1770.6,1770.6,-0.0,16.86,29647.47,-1
2025-08-20,2025-08-20 14:10:00,1770.6,1770.6,1770.6,1770.6,0.0,16.86,29647.47,0
2025-08-20,2025-08-20 14:11:00,1770.6,1770.6,1770.6,1770.6,0.0,16.86,29647.47,0
2025-08-20,2025-08-20 14:12:00,1770.6,1770.6,1770.6,1770.6,0.0,16.86,29647.47,0
2025-08-20,2025-08-20 14:13:00,1770.6,1770.6,1770.6,1770.6,0.0,16.86,29647.47,0
2025-08-20,2025-08-20 14:14:00,1770.6,1770.6,1770.59,1770.59,-0.0,16.86,29647.47,-1
2025-08-20,2025-08-20 14:15:00,1770.59,1770.59,1770.59,1770.59,0.0,16.86,29647.47,0
2025-08-20,2025-08-20 14:16:00,1770.59,1770.59,1770.59,1770.59,0.0,16.86,29647.47,0
2025-08-20,2025-08-20 14:17:00,1770.59,1770.59,1770.59,1770.59,0.0,16.86,29647.47,0
2025-08-20,2025-08-20 14:18:00,1770.59,1770.59,1770.59,1770.59,0.0,16.86,29647.47,0
2025-08-20,2025-08-20 14:19:00,1770.59,1770.59,1770.58,1770.58,-0.0,16.86,29647.47,-1
2025-08-20,2025-08-20 14:20:00,1770.58,1770.58,1770.58,1770.58,0.0,16.86,29647.47,0
2025-08-20,2025-08-20 14:21:00,1770.58,1770.58,1770.58,1770.58,0.0,16.86,29647.47,0
2025-08-20,2025-08-20 14:22:00,1770.58,1770.58,1770.58,1770.58,0.0,16.86,29647.47,0
2025-08-20,2025-08-20 14:23:00,1770.58,1770.58,1770.58,1770.58,0.0,16.86,29647.47,0
2025-08-20,2025-08-20 14:24:00,1770.58,1770.58,1770.57,1770.57,-0.0,16.86,29647.47,-1
2025-08-20,2025-08-20 14:25:00,1770.57,1770.57,1770.57,1770.57,0.0,16.86,29647.47,0
2025-08-20,2025-08-20 14:26:00,1770.57,1770.57,1770.57,1770.57,0.0,16.86,29647.47,0
2025-08-20,2025-08-20 14:27:00,1770.57,1770.57,1770.57,1770.57,0.0,16.86,29647.47,0
2025-08-20,2025-08-20 14:28:00,1770.57,1770.57,1770.56,1770.56,-0.0,16.86,29647.47,-1
2025-08-20,2025-08-20 14:29:00,1770.56,1770.56,1770.56,1770.56,0.0,16.86,29647.47,0
2025-08-20,2025-08-20 14:30:00,1770.56,1770.56,1770.56,1770.56,0.0,16.86,29647.47,0
2025-08-20,2025-08-20 14:31:00,1770.56,1770.56,1770.56,1770.56,0.0,16.86,29647.47,0
2025-08-20,2025-08-20 14:32:00,1770.56,1770.56,1770.56,1770.56,0.0,16.86,29647.47,0
2025-08-20,2025-08-20 14:33:00,1770.56,1770.56,1770.55,1770.55,-0.0,16.86,29647.47,-1
2025-08-20,2025-08-20 14:34:00,1770.55,1770.55,1770.55,1770.55,0.0,16.86,29647.47,0
2025-08-20,2025-08-20 14:35:00,1770.55,1770.55,1770.55,1770.55,0.0,16.86,29647.47,0
2025-08-20,2025-08-20 14:36:00,1770.55,1770.55,1770.55,1770.55,0.0,16.86,29647.47,0
2025-08-20,2025-08-20 14:37:00,1770.55,1770.55,1770.55,1770.55,0.0,16.86,29647.47,0
2025-08-20,2025-08-20 14:38:00,1770.55,1770.55,1770.54,1770.54,-0.0,16.86,29647.47,-1
2025-08-20,2025-08-20 14:39:00,1770.54,1770.54,1770.54,1770.54,0.0,16.86,29647.47,0
2025-08-20,2025-08-20 14:40:00,1770.54,1770.54,1770.54,1770.54,0.0,16.86,29647.47,0
2025-08-20,2025-08-20 14:41:00,1770.54,1770.54,1770.54,1770.54,0.0,16.86,29647.47,0
2025-08-20,2025-08-20 14:42:00,1770.54,1770.54,1770.54,1770.54,0.0,16.86,29647.47,0
2025-08-20,2025-08-20 14:43:00,1770.54,1770.54,1770.53,1770.53,-0.0,16.86,29647.47,-1
2025-08-20,2025-08-20 14:44:00,1770.53,1770.53,1770.53,1770.53,0.0,16.86,29647.47,0
2025-08-20,2025-08-20 14:45:00,1770.53,1770.53,1770.53,1770.53,0.0,16.86,29647.47,0
2025-08-20,2025-08-20 14:46:00,1770.53,1770.53,1770.53,1770.53,0.0,16.86,29647.47,0
2025-08-20,2025-08-20 14:47:00,1770.53,1770.53,1770.53,1770.53,0.0,16.86,29647.47,0
2025-08-20,2025-08-20 14:48:00,1770.53,1770.53,1770.52,1770.52,-0.0,16.86,29647.47,-1
2025-08-20,2025-08-20 14:49:00,1770.52,1770.52,1770.52,1770.52,0.0,16.86,29647.47,0
2025-08-20,2025-08-20 14:50:00,1770.52,1770.52,1770.52,1770.52,0.0,16.86,29647.47,0
2025-08-20,2025-08-20 14:51:00,1770.52,1770.52,1770.52,1770.52,0.0,16.86,29647.47,0
2025-08-20,2025-08-20 14:52:00,1770.52,1770.52,1770.51,1770.51,-0.0,16.86,29647.47,-1
2025-08-20,2025-08-20 14:53:00,1770.51,1770.51,1770.51,1770.51,0.0,16.86,29647.47,0
2025-08-20,2025-08-20 14:54:00,1770.51,1770.51,1770.51,1770.51,0.0,16.86,29647.47,0
2025-08-20,2025-08-20 14:55:00,1770.51,1770.51,1770.51,1770.51,0.0,16.86,29647.47,0
2025-08-20,2025-08-20 14:56:00,1770.51,1770.51,1770.51,1770.51,0.0,16.86,29647.47,0
2025-08-20,2025-08-20 14:57:00,1770.51,1770.51,1770.5,1770.5,-0.0,16.86,29647.47,-1
2025-08-20,2025-08-20 14:58:00,1770.5,1770.5,1770.5,1770.5,0.0,16.86,29647.47,0
2025-08-20,2025-08-20 14:59:00,1770.5,1770.5,1770.5,1770.5,0.0,16.86,29647.47,0
2025-08-20,2025-08-20 15:00:00,1770.5,1819.0,1749.0,1770.5,0.0,16.86,29647.47,0
2025-08-21,2025-08-21 11:00:00,1767.0,1767.9,1755.0,1766.88,-0.01,18.51,32178.07,-1
2025-08-21,2025-08-21 11:01:00,1766.88,1766.88,1766.77,1766.77,-0.01,18.51,32178.07,-1
2025-08-21,2025-08-21 11:02:00,1766.77,1766.77,1766.65,1766.65,-0.01,18.51,32178.07,-1
2025-08-21,2025-08-21 11:03:00,1766.65,1766.65,1766.53,1766.53,-0.01,18.51,32178.07,-1
2025-08-21,2025-08-21 11:04:00,1766.53,1766.53,1766.41,1766.41,-0.01,18.51,32178.07,-1
2025-08-21,2025-08-21 11:05:00,1766.41,1766.41,1766.3,1766.3,-0.01,18.51,32178.07,-1
2025-08-21,2025-08-21 11:06:00,1766.3,1766.3,1766.18,1766.18,-0.01,18.51,32178.07,-1
2025-08-21,2025-08-21 11:07:00,1766.18,1766.18,1766.06,1766.06,-0.01,18.51,32178.07,-1
2025-08-21,2025-08-21 11:08:00,1766.06,1766.06,1765.94,1765.94,-0.01,18.51,32178.07,-1
2025-08-21,2025-08-21 11:09:00,1765.94,1765.94,1765.83,1765.83,-0.01,18.51,32178.07,-1
2025-08-21,2025-08-21 11:10:00,1765.83,1765.83,1765.71,1765.71,-0.01,18.51,32178.07,-1
2025-08-21,2025-08-21 11:11:00,1765.71,1765.71,1765.59,1765.59,-0.01,18.51,32178.07,-1
2025-08-21,2025-08-21 11:12:00,1765.59,1765.59,1765.47,1765.47,-0.01,18.51,32178.07,-1
2025-08-21,2025-08-21 11:13:00,1765.47,1765.47,1765.36,1765.36,-0.01,18.51,32178.07,-1
2025-08-21,2025-08-21 11:14:00,1765.36,1765.36,1765.24,1765.24,-0.01,18.51,32178.07,-1
2025-08-21,2025-08-21 11:15:00,1765.24,1765.24,1765.12,1765.12,-0.01,18.51,32178.07,-1
2025-08-21,2025-08-21 11:16:00,1765.12,1765.12,1765.0,1765.0,-0.01,18.51,32178.07,-1
2025-08-21,2025-08-21 11:17:00,1765.0,1765.0,1764.89,1764.89,-0.01,18.51,32178.07,-1
2025-08-21,2025-08-21 11:18:00,1764.89,1764.89,1764.77,1764.77,-0.01,18.51,32178.07,-1
2025-08-21,2025-08-21 11:19:00,1764.77,1764.77,1764.65,1764.65,-0.01,18.51,32178.07,-1
2025-08-21,2025-08-21 11:20:00,1764.65,1764.65,1764.53,1764.53,-0.01,18.51,32178.07,-1
2025-08-21,2025-08-21 11:21:00,1764.53,1764.53,1764.42,1764.42,-0.01,18.51,32178.07,-1
2025-08-21,2025-08-21 11:22:00,1764.42,1764.42,1764.3,1764.3,-0.01,18.51,32178.07,-1
2025-08-21,2025-08-21 11:23:00,1764.3,1764.3,1764.18,1764.18,-0.01,18.51,32178.07,-1
2025-08-21,2025-08-21 11:24:00,1764.18,1764.18,1764.06,1764.06,-0.01,18.51,32178.07,-1
2025-08-21,2025-08-21 11:25:00,1764.06,1764.06,1763.95,1763.95,-0.01,18.51,32178.07,-1
2025-08-21,2025-08-21 11:26:00,1763.95,1763.95,1763.83,1763.83,-0.01,18.51,32178.07,-1
2025-08-21,2025-08-21 11:27:00,1763.83,1763.83,1763.71,1763.71,-0.01,18.51,32178.07,-1
2025-08-21,2025-08-21 11:28:00,1763.71,1763.71,1763.59,1763.59,-0.01,18.51,32178.07,-1
2025-08-21,2025-08-21 11:29:00,1763.59,1763.59,1763.48,1763.48,-0.01,18.51,32178.07,-1
2025-08-21,2025-08-21 11:30:00,1763.48,1763.48,1763.36,1763.36,-0.01,18.51,32178.07,-1
2025-08-21,2025-08-21 11:31:00,1763.36,1763.36,1763.24,1763.24,-0.01,18.51,32178.07,-1
2025-08-21,2025-08-21 11:32:00,1763.24,1763.24,1763.13,1763.13,-0.01,18.51,32178.07,-1
2025-08-21,2025-08-21 11:33:00,1763.13,1763.13,1763.01,1763.01,-0.01,18.51,32178.07,-1
2025-08-21,2025-08-21 11:34:00,1763.01,1763.01,1762.89,1762.89,-0.01,18.51,32178.07,-1
2025-08-21,2025-08-21 11:35:00,1762.89,1762.89,1762.77,1762.77,-0.01,18.51,32178.07,-1
2025-08-21,2025-08-21 11:36:00,1762.77,1762.77,1762.66,1762.66,-0.01,18.51,32178.07,-1
2025-08-21,2025-08-21 11:37:00,1762.66,1762.66,1762.54,1762.54,-0.01,18.51,32178.07,-1
2025-08-21,2025-08-21 11:38:00,1762.54,1762.54,1762.42,1762.42,-0.01,18.51,32178.07,-1
2025-08-21,2025-08-21 11:39:00,1762.42,1762.42,1762.3,1762.3,-0.01,18.51,32178.07,-1
2025-08-21,2025-08-21 11:40:00,1762.3,1762.3,1762.19,1762.19,-0.01,18.51,32178.07,-1
2025-08-21,2025-08-21 11:41:00,1762.19,1762.19,1762.07,1762.07,-0.01,18.51,32178.07,-1
2025-08-21,2025-08-21 11:42:00,1762.07,1762.07,1761.95,1761.95,-0.01,18.51,32178.07,-1
2025-08-21,2025-08-21 11:43:00,1761.95,1761.95,1761.83,1761.83,-0.01,18.51,32178.07,-1
2025-08-21,2025-08-21 11:44:00,1761.83,1761.83,1761.72,1761.72,-0.01,18.51,32178.07,-1
2025-08-21,2025-08-21 11:45:00,1761.72,1761.72,1761.6,1761.6,-0.01,18.51,32178.07,-1
2025-08-21,2025-08-21 11:46:00,1761.6,1761.6,1761.48,1761.48,-0.01,18.51,32178.07,-1
2025-08-21,2025-08-21 11:47:00,1761.48,1761.48,1761.36,1761.36,-0.01,18.51,32178.07,-1
2025-08-21,2025-08-21 11:48:00,1761.36,1761.36,1761.25,1761.25,-0.01,18.51,32178.07,-1
2025-08-21,2025-08-21 11:49:00,1761.25,1761.25,1761.13,1761.13,-0.01,18.51,32178.07,-1
2025-08-21,2025-08-21 11:50:00,1761.13,1761.13,1761.01,1761.01,-0.01,18.51,32178.07,-1
2025-08-21,2025-08-21 11:51:00,1761.01,1761.01,1760.89,1760.89,-0.01,18.51,32178.07,-1
2025-08-21,2025-08-21 11:52:00,1760.89,1760.89,1760.78,1760.78,-0.01,18.51,32178.07,-1
2025-08-21,2025-08-21 11:53:00,1760.78,1760.78,1760.66,1760.66,-0.01,18.51,32178.07,-1
2025-08-21,2025-08-21 11:54:00,1760.66,1760.66,1760.54,1760.54,-0.01,18.51,32178.07,-1
2025-08-21,2025-08-21 11:55:00,1760.54,1760.54,1760.42,1760.42,-0.01,18.51,32178.07,-1
2025-08-21,2025-08-21 11:56:00,1760.42,1760.42,1760.31,1760.31,-0.01,18.51,32178.07,-1
2025-08-21,2025-08-21 11:57:00,1760.31,1760.31,1760.19,1760.19,-0.01,18.51,32178.07,-1
2025-08-21,2025-08-21 11:58:00,1760.19,1760.19,1760.07,1760.07,-0.01,18.51,32178.07,-1
2025-08-21,2025-08-21 11:59:00,1760.07,1760.07,1759.95,1759.95,-0.01,18.51,32178.07,-1
2025-08-21,2025-08-21 12:00:00,1759.95,1759.95,1759.84,1759.84,-0.01,18.51,32178.07,-1
2025-08-21,2025-08-21 12:01:00,1759.84,1759.84,1759.72,1759.72,-0.01,18.51,32178.07,-1
2025-08-21,2025-08-21 12:02:00,1759.72,1759.72,1759.6,1759.6,-0.01,18.51,32178.07,-1
2025-08-21,2025-08-21 12:03:00,1759.6,1759.6,1759.49,1759.49,-0.01,18.51,32178.07,-1
2025-08-21,2025-08-21 12:04:00,1759.49,1759.49,1759.37,1759.37,-0.01,18.51,32178.07,-1
2025-08-21,2025-08-21 12:05:00,1759.37,1759.37,1759.25,1759.25,-0.01,18.51,32178.07,-1
2025-08-21,2025-08-21 12:06:00,1759.25,1759.25,1759.13,1759.13,-0.01,18.51,32178.07,-1
2025-08-21,2025-08-21 12:07:00,1759.13,1759.13,1759.02,1759.02,-0.01,18.51,32178.07,-1
2025-08-21,2025-08-21 12:08:00,1759.02,1759.02,1758.9,1758.9,-0.01,18.51,32178.07,-1
2025-08-21,2025-08-21 12:09:00,1758.9,1758.9,1758.78,1758.78,-0.01,18.51,32178.07,-1
2025-08-21,2025-08-21 12:10:00,1758.78,1758.78,1758.66,1758.66,-0.01,18.51,32178.07,-1
2025-08-21,2025-08-21 12:11:00,1758.66,1758.66,1758.55,1758.55,-0.01,18.51,32178.07,-1
2025-08-21,2025-08-21 12:12:00,1758.55,1758.55,1758.43,1758.43,-0.01,18.51,32178.07,-1
2025-08-21,2025-08-21 12:13:00,1758.43,1758.43,1758.31,1758.31,-0.01,18.51,32178.07,-1
2025-08-21,2025-08-21 12:14:00,1758.31,1758.31,1758.19,1758.19,-0.01,18.51,32178.07,-1
2025-08-21,2025-08-21 12:15:00,1758.19,1758.19,1758.08,1758.08,-0.01,18.51,32178.07,-1
2025-08-21,2025-08-21 12:16:00,1758.08,1758.08,1757.96,1757.96,-0.01,18.51,32178.07,-1
2025-08-21,2025-08-21 12:17:00,1757.96,1757.96,1757.84,1757.84,-0.01,18.51,32178.07,-1
2025-08-21,2025-08-21 12:18:00,1757.84,1757.84,1757.72,1757.72,-0.01,18.51,32178.07,-1
2025-08-21,2025-08-21 12:19:00,1757.72,1757.72,1757.61,1757.61,-0.01,18.51,32178.07,-1
2025-08-21,2025-08-21 12:20:00,1757.61,1757.61,1757.49,1757.49,-0.01,18.51,32178.07,-1
2025-08-21,2025-08-21 12:21:00,1757.49,1757.49,1757.37,1757.37,-0.01,18.51,32178.07,-1
2025-08-21,2025-08-21 12:22:00,1757.37,1757.37,1757.25,1757.25,-0.01,18.51,32178.07,-1
2025-08-21,2025-08-21 12:23:00,1757.25,1757.25,1757.14,1757.14,-0.01,18.51,32178.07,-1
2025-08-21,2025-08-21 12:24:00,1757.14,1757.14,1757.02,1757.02,-0.01,18.51,32178.07,-1
2025-08-21,2025-08-21 12:25:00,1757.02,1757.02,1756.9,1756.9,-0.01,18.51,32178.07,-1
2025-08-21,2025-08-21 12:26:00,1756.9,1756.9,1756.78,1756.78,-0.01,18.51,32178.07,-1
2025-08-21,2025-08-21 12:27:00,1756.78,1756.78,1756.67,1756.67,-0.01,18.51,32178.07,-1
2025-08-21,2025-08-21 12:28:00,1756.67,1756.67,1756.55,1756.55,-0.01,18.51,32178.07,-1
2025-08-21,2025-08-21 12:29:00,1756.55,1756.55,1756.43,1756.43,-0.01,18.51,32178.07,-1
2025-08-21,2025-08-21 12:30:00,1756.43,1756.43,1756.32,1756.32,-0.01,18.51,32178.07,-1
2025-08-21,2025-08-21 12:31:00,1756.32,1756.32,1756.2,1756.2,-0.01,18.51,32178.07,-1
2025-08-21,2025-08-21 12:32:00,1756.2,1756.2,1756.08,1756.08,-0.01,18.51,32178.07,-1
2025-08-21,2025-08-21 12:33:00,1756.08,1756.08,1755.96,1755.96,-0.01,18.51,32178.07,-1
2025-08-21,2025-08-21 12:34:00,1755.96,1755.96,1755.85,1755.85,-0.01,18.51,32178.07,-1
2025-08-21,2025-08-21 12:35:00,1755.85,1755.85,1755.73,1755.73,-0.01,18.51,32178.07,-1
2025-08-21,2025-08-21 12:36:00,1755.73,1755.73,1755.61,1755.61,-0.01,18.51,32178.07,-1
2025-08-21,2025-08-21 12:37:00,1755.61,1755.61,1755.49,1755.49,-0.01,18.51,32178.07,-1
2025-08-21,2025-08-21 12:38:00,1755.49,1755.49,1755.38,1755.38,-0.01,18.51,32178.07,-1
2025-08-21,2025-08-21 12:39:00,1755.38,1755.38,1755.26,1755.26,-0.01,18.51,32178.07,-1
2025-08-21,2025-08-21 12:40:00,1755.26,1755.26,1755.14,1755.14,-0.01,18.51,32178.07,-1
2025-08-21,2025-08-21 12:41:00,1755.14,1755.14,1755.02,1755.02,-0.01,18.51,32178.07,-1
2025-08-21,2025-08-21 12:42:00,1755.02,1755.02,1754.91,1754.91,-0.01,18.51,32178.07,-1
2025-08-21,2025-08-21 12:43:00,1754.91,1754.91,1754.79,1754.79,-0.01,18.51,32178.07,-1
2025-08-21,2025-08-21 12:44:00,1754.79,1754.79,1754.67,1754.67,-0.01,18.51,32178.07,-1
2025-08-21,2025-08-21 12:45:00,1754.67,1754.67,1754.55,1754.55,-0.01,18.51,32178.07,-1
2025-08-21,2025-08-21 12:46:00,1754.55,1754.55,1754.44,1754.44,-0.01,18.51,32178.07,-1
2025-08-21,2025-08-21 12:47:00,1754.44,1754.44,1754.32,1754.32,-0.01,18.51,32178.07,-1
2025-08-21,2025-08-21 12:48:00,1754.32,1754.32,1754.2,1754.2,-0.01,18.51,32178.07,-1
2025-08-21,2025-08-21 12:49:00,1754.2,1754.2,1754.08,1754.08,-0.01,18.51,32178.07,-1
2025-08-21,2025-08-21 12:50:00,1754.08,1754.08,1753.97,1753.97,-0.01,18.51,32178.07,-1
2025-08-21,2025-08-21 12:51:00,1753.97,1753.97,1753.85,1753.85,-0.01,18.51,32178.07,-1
2025-08-21,2025-08-21 12:52:00,1753.85,1753.85,1753.73,1753.73,-0.01,18.51,32178.07,-1
2025-08-21,2025-08-21 12:53:00,1753.73,1753.73,1753.61,1753.61,-0.01,18.51,32178.07,-1
2025-08-21,2025-08-21 12:54:00,1753.61,1753.61,1753.5,1753.5,-0.01,18.51,32178.07,-1
2025-08-21,2025-08-21 12:55:00,1753.5,1753.5,1753.38,1753.38,-0.01,18.51,32178.07,-1
2025-08-21,2025-08-21 12:56:00,1753.38,1753.38,1753.26,1753.26,-0.01,18.51,32178.07,-1
2025-08-21,2025-08-21 12:57:00,1753.26,1753.26,1753.14,1753.14,-0.01,18.51,32178.07,-1
2025-08-21,2025-08-21 12:58:00,1753.14,1753.14,1753.03,1753.03,-0.01,18.51,32178.07,-1
2025-08-21,2025-08-21 12:59:00,1753.03,1753.03,1752.91,1752.91,-0.01,18.51,32178.07,-1
2025-08-21,2025-08-21 13:00:00,1752.91,1770.0,1727.0,1752.79,-0.01,18.51,32178.07,-1
2025-08-21,2025-08-21 13:01:00,1752.79,1752.79,1752.68,1752.68,-0.01,18.51,32178.07,-1
2025-08-21,2025-08-21 13:02:00,1752.68,1752.68,1752.56,1752.56,-0.01,18.51,32178.07,-1
2025-08-21,2025-08-21 13:03:00,1752.56,1752.56,1752.44,1752.44,-0.01,18.51,32178.07,-1
2025-08-21,2025-08-21 13:04:00,1752.44,1752.44,1752.32,1752.32,-0.01,18.51,32178.07,-1
2025-08-21,2025-08-21 13:05:00,1752.32,1752.32,1752.21,1752.21,-0.01,18.51,32178.07,-1
2025-08-21,2025-08-21 13:06:00,1752.21,1752.21,1752.09,1752.09,-0.01,18.51,32178.07,-1
2025-08-21,2025-08-21 13:07:00,1752.09,1752.09,1751.97,1751.97,-0.01,18.51,32178.07,-1
2025-08-21,2025-08-21 13:08:00,1751.97,1751.97,1751.85,1751.85,-0.01,18.51,32178.07,-1
2025-08-21,2025-08-21 13:09:00,1751.85,1751.85,1751.74,1751.74,-0.01,18.51,32178.07,-1
2025-08-21,2025-08-21 13:10:00,1751.74,1751.74,1751.62,1751.62,-0.01,18.51,32178.07,-1
2025-08-21,2025-08-21 13:11:00,1751.62,1751.62,1751.5,1751.5,-0.01,18.51,32178.07,-1
2025-08-21,2025-08-21 13:12:00,1751.5,1751.5,1751.38,1751.38,-0.01,18.51,32178.07,-1
2025-08-21,2025-08-21 13:13:00,1751.38,1751.38,1751.27,1751.27,-0.01,18.51,32178.07,-1
2025-08-21,2025-08-21 13:14:00,1751.27,1751.27,1751.15,1751.15,-0.01,18.51,32178.07,-1
2025-08-21,2025-08-21 13:15:00,1751.15,1751.15,1751.03,1751.03,-0.01,18.51,32178.07,-1
2025-08-21,2025-08-21 13:16:00,1751.03,1751.03,1750.91,1750.91,-0.01,18.51,32178.07,-1
2025-08-21,2025-08-21 13:17:00,1750.91,1750.91,1750.8,1750.8,-0.01,18.51,32178.07,-1
2025-08-21,2025-08-21 13:18:00,1750.8,1750.8,1750.68,1750.68,-0.01,18.51,32178.07,-1
2025-08-21,2025-08-21 13:19:00,1750.68,1750.68,1750.56,1750.56,-0.01,18.51,32178.07,-1
2025-08-21,2025-08-21 13:20:00,1750.56,1750.56,1750.44,1750.44,-0.01,18.51,32178.07,-1
2025-08-21,2025-08-21 13:21:00,1750.44,1750.44,1750.33,1750.33,-0.01,18.51,32178.07,-1
2025-08-21,2025-08-21 13:22:00,1750.33,1750.33,1750.21,1750.21,-0.01,18.51,32178.07,-1
2025-08-21,2025-08-21 13:23:00,1750.21,1750.21,1750.09,1750.09,-0.01,18.51,32178.07,-1
2025-08-21,2025-08-21 13:24:00,1750.09,1750.09,1749.97,1749.97,-0.01,18.51,32178.07,-1
2025-08-21,2025-08-21 13:25:00,1749.97,1749.97,1749.86,1749.86,-0.01,18.51,32178.07,-1
2025-08-21,2025-08-21 13:26:00,1749.86,1749.86,1749.74,1749.74,-0.01,18.51,32178.07,-1
2025-08-21,2025-08-21 13:27:00,1749.74,1749.74,1749.62,1749.62,-0.01,18.51,32178.07,-1
2025-08-21,2025-08-21 13:28:00,1749.62,1749.62,1749.5,1749.5,-0.01,18.51,32178.07,-1
2025-08-21,2025-08-21 13:29:00,1749.5,1749.5,1749.39,1749.39,-0.01,18.51,32178.07,-1
2025-08-21,2025-08-21 13:30:00,1749.39,1749.39,1749.27,1749.27,-0.01,18.51,32178.07,-1
2025-08-21,2025-08-21 13:31:00,1749.27,1749.27,1749.15,1749.15,-0.01,18.51,32178.07,-1
2025-08-21,2025-08-21 13:32:00,1749.15,1749.15,1749.04,1749.04,-0.01,18.51,32178.07,-1
2025-08-21,2025-08-21 13:33:00,1749.04,1749.04,1748.92,1748.92,-0.01,18.51,32178.07,-1
2025-08-21,2025-08-21 13:34:00,1748.92,1748.92,1748.8,1748.8,-0.01,18.51,32178.07,-1
2025-08-21,2025-08-21 13:35:00,1748.8,1748.8,1748.68,1748.68,-0.01,18.51,32178.07,-1
2025-08-21,2025-08-21 13:36:00,1748.68,1748.68,1748.57,1748.57,-0.01,18.51,32178.07,-1
2025-08-21,2025-08-21 13:37:00,1748.57,1748.57,1748.45,1748.45,-0.01,18.51,32178.07,-1
2025-08-21,2025-08-21 13:38:00,1748.45,1748.45,1748.33,1748.33,-0.01,18.51,32178.07,-1
2025-08-21,2025-08-21 13:39:00,1748.33,1748.33,1748.21,1748.21,-0.01,18.51,32178.07,-1
2025-08-21,2025-08-21 13:40:00,1748.21,1748.21,1748.1,1748.1,-0.01,18.51,32178.07,-1
2025-08-21,2025-08-21 13:41:00,1748.1,1748.1,1747.98,1747.98,-0.01,18.51,32178.07,-1
2025-08-21,2025-08-21 13:42:00,1747.98,1747.98,1747.86,1747.86,-0.01,18.51,32178.07,-1
2025-08-21,2025-08-21 13:43:00,1747.86,1747.86,1747.74,1747.74,-0.01,18.51,32178.07,-1
2025-08-21,2025-08-21 13:44:00,1747.74,1747.74,1747.63,1747.63,-0.01,18.51,32178.07,-1
2025-08-21,2025-08-21 13:45:00,1747.63,1747.63,1747.51,1747.51,-0.01,18.51,32178.07,-1
2025-08-21,2025-08-21 13:46:00,1747.51,1747.51,1747.39,1747.39,-0.01,18.51,32178.07,-1
2025-08-21,2025-08-21 13:47:00,1747.39,1747.39,1747.27,1747.27,-0.01,18.51,32178.07,-1
2025-08-21,2025-08-21 13:48:00,1747.27,1747.27,1747.16,1747.16,-0.01,18.51,32178.07,-1
2025-08-21,2025-08-21 13:49:00,1747.16,1747.16,1747.04,1747.04,-0.01,18.51,32178.07,-1
2025-08-21,2025-08-21 13:50:00,1747.04,1747.04,1746.92,1746.92,-0.01,18.51,32178.07,-1
2025-08-21,2025-08-21 13:51:00,1746.92,1746.92,1746.8,1746.8,-0.01,18.51,32178.07,-1
2025-08-21,2025-08-21 13:52:00,1746.8,1746.8,1746.69,1746.69,-0.01,18.51,32178.07,-1
2025-08-21,2025-08-21 13:53:00,1746.69,1746.69,1746.57,1746.57,-0.01,18.51,32178.07,-1
2025-08-21,2025-08-21 13:54:00,1746.57,1746.57,1746.45,1746.45,-0.01,18.51,32178.07,-1
2025-08-21,2025-08-21 13:55:00,1746.45,1746.45,1746.33,1746.33,-0.01,18.51,32178.07,-1
2025-08-21,2025-08-21 13:56:00,1746.33,1746.33,1746.22,1746.22,-0.01,18.51,32178.07,-1
2025-08-21,2025-08-21 13:57:00,1746.22,1746.22,1746.1,1746.1,-0.01,18.51,32178.07,-1
2025-08-21,2025-08-21 13:58:00,1746.1,1746.1,1745.98,1745.98,-0.01,18.51,32178.07,-1
2025-08-21,2025-08-21 13:59:00,1745.98,1745.98,1745.87,1745.87,-0.01,18.51,32178.07,-1
2025-08-21,2025-08-21 14:00:00,1745.87,1745.87,1745.75,1745.75,-0.01,18.51,32178.07,-1
2025-08-21,2025-08-21 14:01:00,1745.75,1745.75,1745.63,1745.63,-0.01,18.51,32178.07,-1
2025-08-21,2025-08-21 14:02:00,1745.63,1745.63,1745.51,1745.51,-0.01,18.51,32178.07,-1
2025-08-21,2025-08-21 14:03:00,1745.51,1745.51,1745.4,1745.4,-0.01,18.51,32178.07,-1
2025-08-21,2025-08-21 14:04:00,1745.4,1745.4,1745.28,1745.28,-0.01,18.51,32178.07,-1
2025-08-21,2025-08-21 14:05:00,1745.28,1745.28,1745.16,1745.16,-0.01,18.51,32178.07,-1
2025-08-21,2025-08-21 14:06:00,1745.16,1745.16,1745.04,1745.04,-0.01,18.51,32178.07,-1
2025-08-21,2025-08-21 14:07:00,1745.04,1745.04,1744.93,1744.93,-0.01,18.51,32178.07,-1
2025-08-21,2025-08-21 14:08:00,1744.93,1744.93,1744.81,1744.81,-0.01,18.51,32178.07,-1
2025-08-21,2025-08-21 14:09:00,1744.81,1744.81,1744.69,1744.69,-0.01,18.51,32178.07,-1
2025-08-21,2025-08-21 14:10:00,1744.69,1744.69,1744.57,1744.57,-0.01,18.51,32178.07,-1
2025-08-21,2025-08-21 14:11:00,1744.57,1744.57,1744.46,1744.46,-0.01,18.51,32178.07,-1
2025-08-21,2025-08-21 14:12:00,1744.46,1744.46,1744.34,1744.34,-0.01,18.51,32178.07,-1
2025-08-21,2025-08-21 14:13:00,1744.34,1744.34,1744.22,1744.22,-0.01,18.51,32178.07,-1
2025-08-21,2025-08-21 14:14:00,1744.22,1744.22,1744.1,1744.1,-0.01,18.51,32178.07,-1
2025-08-21,2025-08-21 14:15:00,1744.1,1744.1,1743.99,1743.99,-0.01,18.51,32178.07,-1
2025-08-21,2025-08-21 14:16:00,1743.99,1743.99,1743.87,1743.87,-0.01,18.51,32178.07,-1
2025-08-21,2025-08-21 14:17:00,1743.87,1743.87,1743.75,1743.75,-0.01,18.51,32178.07,-1
2025-08-21,2025-08-21 14:18:00,1743.75,1743.75,1743.63,1743.63,-0.01,18.51,32178.07,-1
2025-08-21,2025-08-21 14:19:00,1743.63,1743.63,1743.52,1743.52,-0.01,18.51,32178.07,-1
2025-08-21,2025-08-21 14:20:00,1743.52,1743.52,1743.4,1743.4,-0.01,18.51,32178.07,-1
2025-08-21,2025-08-21 14:21:00,1743.4,1743.4,1743.28,1743.28,-0.01,18.51,32178.07,-1
2025-08-21,2025-08-21 14:22:00,1743.28,1743.28,1743.16,1743.16,-0.01,18.51,32178.07,-1
2025-08-21,2025-08-21 14:23:00,1743.16,1743.16,1743.05,1743.05,-0.01,18.51,32178.07,-1
2025-08-21,2025-08-21 14:24:00,1743.05,1743.05,1742.93,1742.93,-0.01,18.51,32178.07,-1
2025-08-21,2025-08-21 14:25:00,1742.93,1742.93,1742.81,1742.81,-0.01,18.51,32178.07,-1
2025-08-21,2025-08-21 14:26:00,1742.81,1742.81,1742.69,1742.69,-0.01,18.51,32178.07,-1
2025-08-21,2025-08-21 14:27:00,1742.69,1742.69,1742.58,1742.58,-0.01,18.51,32178.07,-1
2025-08-21,2025-08-21 14:28:00,1742.58,1742.58,1742.46,1742.46,-0.01,18.51,32178.07,-1
2025-08-21,2025-08-21 14:29:00,1742.46,1742.46,1742.34,1742.34,-0.01,18.51,32178.07,-1
2025-08-21,2025-08-21 14:30:00,1742.34,1742.34,1742.23,1742.23,-0.01,18.51,32178.07,-1
2025-08-21,2025-08-21 14:31:00,1742.23,1742.23,1742.11,1742.11,-0.01,18.51,32178.07,-1
2025-08-21,2025-08-21 14:32:00,1742.11,1742.11,1741.99,1741.99,-0.01,18.51,32178.07,-1
2025-08-21,2025-08-21 14:33:00,1741.99,1741.99,1741.87,1741.87,-0.01,18.51,32178.07,-1
2025-08-21,2025-08-21 14:34:00,1741.87,1741.87,1741.76,1741.76,-0.01,18.51,32178.07,-1
2025-08-21,2025-08-21 14:35:00,1741.76,1741.76,1741.64,1741.64,-0.01,18.51,32178.07,-1
2025-08-21,2025-08-21 14:36:00,1741.64,1741.64,1741.52,1741.52,-0.01,18.51,32178.07,-1
2025-08-21,2025-08-21 14:37:00,1741.52,1741.52,1741.4,1741.4,-0.01,18.51,32178.07,-1
2025-08-21,2025-08-21 14:38:00,1741.4,1741.4,1741.29,1741.29,-0.01,18.51,32178.07,-1
2025-08-21,2025-08-21 14:39:00,1741.29,1741.29,1741.17,1741.17,-0.01,18.51,32178.07,-1
2025-08-21,2025-08-21 14:40:00,1741.17,1741.17,1741.05,1741.05,-0.01,18.51,32178.07,-1
2025-08-21,2025-08-21 14:41:00,1741.05,1741.05,1740.93,1740.93,-0.01,18.51,32178.07,-1
2025-08-21,2025-08-21 14:42:00,1740.93,1740.93,1740.82,1740.82,-0.01,18.51,32178.07,-1
2025-08-21,2025-08-21 14:43:00,1740.82,1740.82,1740.7,1740.7,-0.01,18.51,32178.07,-1
2025-08-21,2025-08-21 14:44:00,1740.7,1740.7,1740.58,1740.58,-0.01,18.51,32178.07,-1
2025-08-21,2025-08-21 14:45:00,1740.58,1740.58,1740.46,1740.46,-0.01,18.51,32178.07,-1
2025-08-21,2025-08-21 14:46:00,1740.46,1740.46,1740.35,1740.35,-0.01,18.51,32178.07,-1
2025-08-21,2025-08-21 14:47:00,1740.35,1740.35,1740.23,1740.23,-0.01,18.51,32178.07,-1
2025-08-21,2025-08-21 14:48:00,1740.23,1740.23,1740.11,1740.11,-0.01,18.51,32178.07,-1
2025-08-21,2025-08-21 14:49:00,1740.11,1740.11,1739.99,1739.99,-0.01,18.51,32178.07,-1
2025-08-21,2025-08-21 14:50:00,1739.99,1739.99,1739.88,1739.88,-0.01,18.51,32178.07,-1
2025-08-21,2025-08-21 14:51:00,1739.88,1739.88,1739.76,1739.76,-0.01,18.51,32178.07,-1
2025-08-21,2025-08-21 14:52:00,1739.76,1739.76,1739.64,1739.64,-0.01,18.51,32178.07,-1
2025-08-21,2025-08-21 14:53:00,1739.64,1739.64,1739.52,1739.52,-0.01,18.51,32178.07,-1
2025-08-21,2025-08-21 14:54:00,1739.52,1739.52,1739.41,1739.41,-0.01,18.51,32178.07,-1
2025-08-21,2025-08-21 14:55:00,1739.41,1739.41,1739.29,1739.29,-0.01,18.51,32178.07,-1
2025-08-21,2025-08-21 14:56:00,1739.29,1739.29,1739.17,1739.17,-0.01,18.51,32178.07,-1
2025-08-21,2025-08-21 14:57:00,1739.17,1739.17,1739.05,1739.05,-0.01,18.51,32178.07,-1
2025-08-21,2025-08-21 14:58:00,1739.05,1739.05,1738.94,1738.94,-0.01,18.51,32178.07,-1
2025-08-21,2025-08-21 14:59:00,1738.94,1738.94,1738.82,1738.82,-0.01,18.51,32178.07,-1
2025-08-21,2025-08-21 15:00:00,1738.82,1770.0,1727.0,1738.82,0.0,18.51,32178.07,0
2025-08-24,2025-08-24 11:00:00,1705.0,1757.2,1705.0,1705.48,0.03,20.25,35762.18,1
2025-08-24,2025-08-24 11:01:00,1705.48,1705.97,1705.48,1705.97,0.03,20.25,35762.18,1
2025-08-24,2025-08-24 11:02:00,1705.97,1706.45,1705.97,1706.45,0.03,20.25,35762.18,1
2025-08-24,2025-08-24 11:03:00,1706.45,1706.94,1706.45,1706.94,0.03,20.25,35762.18,1
2025-08-24,2025-08-24 11:04:00,1706.94,1707.42,1706.94,1707.42,0.03,20.25,35762.18,1
2025-08-24,2025-08-24 11:05:00,1707.42,1707.91,1707.42,1707.91,0.03,20.25,35762.18,1
2025-08-24,2025-08-24 11:06:00,1707.91,1708.39,1707.91,1708.39,0.03,20.25,35762.18,1
2025-08-24,2025-08-24 11:07:00,1708.39,1708.87,1708.39,1708.87,0.03,20.25,35762.18,1
2025-08-24,2025-08-24 11:08:00,1708.87,1709.36,1708.87,1709.36,0.03,20.25,35762.18,1
2025-08-24,2025-08-24 11:09:00,1709.36,1709.84,1709.36,1709.84,0.03,20.25,35762.18,1
2025-08-24,2025-08-24 11:10:00,1709.84,1710.33,1709.84,1710.33,0.03,20.25,35762.18,1
2025-08-24,2025-08-24 11:11:00,1710.33,1710.81,1710.33,1710.81,0.03,20.25,35762.18,1
2025-08-24,2025-08-24 11:12:00,1710.81,1711.3,1710.81,1711.3,0.03,20.25,35762.18,1
2025-08-24,2025-08-24 11:13:00,1711.3,1711.78,1711.3,1711.78,0.03,20.25,35762.18,1
2025-08-24,2025-08-24 11:14:00,1711.78,1712.26,1711.78,1712.26,0.03,20.25,35762.18,1
2025-08-24,2025-08-24 11:15:00,1712.26,1712.75,1712.26,1712.75,0.03,20.25,35762.18,1
2025-08-24,2025-08-24 11:16:00,1712.75,1713.23,1712.75,1713.23,0.03,20.25,35762.18,1
2025-08-24,2025-08-24 11:17:00,1713.23,1713.72,1713.23,1713.72,0.03,20.25,35762.18,1
2025-08-24,2025-08-24 11:18:00,1713.72,1714.2,1713.72,1714.2,0.03,20.25,35762.18,1
2025-08-24,2025-08-24 11:19:00,1714.2,1714.69,1714.2,1714.69,0.03,20.25,35762.18,1
2025-08-24,2025-08-24 11:20:00,1714.69,1715.17,1714.69,1715.17,0.03,20.25,35762.18,1
2025-08-24,2025-08-24 11:21:00,1715.17,1715.65,1715.17,1715.65,0.03,20.25,35762.18,1
2025-08-24,2025-08-24 11:22:00,1715.65,1716.14,1715.65,1716.14,0.03,20.25,35762.18,1
2025-08-24,2025-08-24 11:23:00,1716.14,1716.62,1716.14,1716.62,0.03,20.25,35762.18,1
2025-08-24,2025-08-24 11:24:00,1716.62,1717.11,1716.62,1717.11,0.03,20.25,35762.18,1
2025-08-24,2025-08-24 11:25:00,1717.11,1717.59,1717.11,1717.59,0.03,20.25,35762.18,1
2025-08-24,2025-08-24 11:26:00,1717.59,1718.08,1717.59,1718.08,0.03,20.25,35762.18,1
2025-08-24,2025-08-24 11:27:00,1718.08,1718.56,1718.08,1718.56,0.03,20.25,35762.18,1
2025-08-24,2025-08-24 11:28:00,1718.56,1719.04,1718.56,1719.04,0.03,20.25,35762.18,1
2025-08-24,2025-08-24 11:29:00,1719.04,1719.53,1719.04,1719.53,0.03,20.25,35762.18,1
2025-08-24,2025-08-24 11:30:00,1719.53,1720.01,1719.53,1720.01,0.03,20.25,35762.18,1
2025-08-24,2025-08-24 11:31:00,1720.01,1720.5,1720.01,1720.5,0.03,20.25,35762.18,1
2025-08-24,2025-08-24 11:32:00,1720.5,1720.98,1720.5,1720.98,0.03,20.25,35762.18,1
2025-08-24,2025-08-24 11:33:00,1720.98,1721.47,1720.98,1721.47,0.03,20.25,35762.18,1
2025-08-24,2025-08-24 11:34:00,1721.47,1721.95,1721.47,1721.95,0.03,20.25,35762.18,1
2025-08-24,2025-08-24 11:35:00,1721.95,1722.43,1721.95,1722.43,0.03,20.25,35762.18,1
2025-08-24,2025-08-24 11:36:00,1722.43,1722.92,1722.43,1722.92,0.03,20.25,35762.18,1
2025-08-24,2025-08-24 11:37:00,1722.92,1723.4,1722.92,1723.4,0.03,20.25,35762.18,1
2025-08-24,2025-08-24 11:38:00,1723.4,1723.89,1723.4,1723.89,0.03,20.25,35762.18,1
2025-08-24,2025-08-24 11:39:00,1723.89,1724.37,1723.89,1724.37,0.03,20.25,35762.18,1
2025-08-24,2025-08-24 11:40:00,1724.37,1724.86,1724.37,1724.86,0.03,20.25,35762.18,1
2025-08-24,2025-08-24 11:41:00,1724.86,1725.34,1724.86,1725.34,0.03,20.25,35762.18,1
2025-08-24,2025-08-24 11:42:00,1725.34,1725.82,1725.34,1725.82,0.03,20.25,35762.18,1
2025-08-24,2025-08-24 11:43:00,1725.82,1726.31,1725.82,1726.31,0.03,20.25,35762.18,1
2025-08-24,2025-08-24 11:44:00,1726.31,1726.79,1726.31,1726.79,0.03,20.25,35762.18,1
2025-08-24,2025-08-24 11:45:00,1726.79,1727.28,1726.79,1727.28,0.03,20.25,35762.18,1
2025-08-24,2025-08-24 11:46:00,1727.28,1727.76,1727.28,1727.76,0.03,20.25,35762.18,1
2025-08-24,2025-08-24 11:47:00,1727.76,1728.25,1727.76,1728.25,0.03,20.25,35762.18,1
2025-08-24,2025-08-24 11:48:00,1728.25,1728.73,1728.25,1728.73,0.03,20.25,35762.18,1
2025-08-24,2025-08-24 11:49:00,1728.73,1729.21,1728.73,1729.21,0.03,20.25,35762.18,1
2025-08-24,2025-08-24 11:50:00,1729.21,1729.7,1729.21,1729.7,0.03,20.25,35762.18,1
2025-08-24,2025-08-24 11:51:00,1729.7,1730.18,1729.7,1730.18,0.03,20.25,35762.18,1
2025-08-24,2025-08-24 11:52:00,1730.18,1730.67,1730.18,1730.67,0.03,20.25,35762.18,1
2025-08-24,2025-08-24 11:53:00,1730.67,1731.15,1730.67,1731.15,0.03,20.25,35762.18,1
2025-08-24,2025-08-24 11:54:00,1731.15,1731.64,1731.15,1731.64,0.03,20.25,35762.18,1
2025-08-24,2025-08-24 11:55:00,1731.64,1732.12,1731.64,1732.12,0.03,20.25,35762.18,1
2025-08-24,2025-08-24 11:56:00,1732.12,1732.6,1732.12,1732.6,0.03,20.25,35762.18,1
2025-08-24,2025-08-24 11:57:00,1732.6,1733.09,1732.6,1733.09,0.03,20.25,35762.18,1
2025-08-24,2025-08-24 11:58:00,1733.09,1733.57,1733.09,1733.57,0.03,20.25,35762.18,1
2025-08-24,2025-08-24 11:59:00,1733.57,1734.06,1733.57,1734.06,0.03,20.25,35762.18,1
2025-08-24,2025-08-24 12:00:00,1734.06,1734.54,1734.06,1734.54,0.03,20.25,35762.18,1
2025-08-24,2025-08-24 12:01:00,1734.54,1735.03,1734.54,1735.03,0.03,20.25,35762.18,1
2025-08-24,2025-08-24 12:02:00,1735.03,1735.51,1735.03,1735.51,0.03,20.25,35762.18,1
2025-08-24,2025-08-24 12:03:00,1735.51,1735.99,1735.51,1735.99,0.03,20.25,35762.18,1
2025-08-24,2025-08-24 12:04:00,1735.99,1736.48,1735.99,1736.48,0.03,20.25,35762.18,1
2025-08-24,2025-08-24 12:05:00,1736.48,1736.96,1736.48,1736.96,0.03,20.25,35762.18,1
2025-08-24,2025-08-24 12:06:00,1736.96,1737.45,1736.96,1737.45,0.03,20.25,35762.18,1
2025-08-24,2025-08-24 12:07:00,1737.45,1737.93,1737.45,1737.93,0.03,20.25,35762.18,1
2025-08-24,2025-08-24 12:08:00,1737.93,1738.42,1737.93,1738.42,0.03,20.25,35762.18,1
2025-08-24,2025-08-24 12:09:00,1738.42,1738.9,1738.42,1738.9,0.03,20.25,35762.18,1
2025-08-24,2025-08-24 12:10:00,1738.9,1739.38,1738.9,1739.38,0.03,20.25,35762.18,1
2025-08-24,2025-08-24 12:11:00,1739.38,1739.87,1739.38,1739.87,0.03,20.25,35762.18,1
2025-08-24,2025-08-24 12:12:00,1739.87,1740.35,1739.87,1740.35,0.03,20.25,35762.18,1
2025-08-24,2025-08-24 12:13:00,1740.35,1740.84,1740.35,1740.84,0.03,20.25,35762.18,1
2025-08-24,2025-08-24 12:14:00,1740.84,1741.32,1740.84,1741.32,0.03,20.25,35762.18,1
2025-08-24,2025-08-24 12:15:00,1741.32,1741.81,1741.32,1741.81,0.03,20.25,35762.18,1
2025-08-24,2025-08-24 12:16:00,1741.81,1742.29,1741.81,1742.29,0.03,20.25,35762.18,1
2025-08-24,2025-08-24 12:17:00,1742.29,1742.77,1742.29,1742.77,0.03,20.25,35762.18,1
2025-08-24,2025-08-24 12:18:00,1742.77,1743.26,1742.77,1743.26,0.03,20.25,35762.18,1
2025-08-24,2025-08-24 12:19:00,1743.26,1743.74,1743.26,1743.74,0.03,20.25,35762.18,1
2025-08-24,2025-08-24 12:20:00,1743.74,1744.23,1743.74,1744.23,0.03,20.25,35762.18,1
2025-08-24,2025-08-24 12:21:00,1744.23,1744.71,1744.23,1744.71,0.03,20.25,35762.18,1
2025-08-24,2025-08-24 12:22:00,1744.71,1745.2,1744.71,1745.2,0.03,20.25,35762.18,1
2025-08-24,2025-08-24 12:23:00,1745.2,1745.68,1745.2,1745.68,0.03,20.25,35762.18,1
2025-08-24,2025-08-24 12:24:00,1745.68,1746.16,1745.68,1746.16,0.03,20.25,35762.18,1
2025-08-24,2025-08-24 12:25:00,1746.16,1746.65,1746.16,1746.65,0.03,20.25,35762.18,1
2025-08-24,2025-08-24 12:26:00,1746.65,1747.13,1746.65,1747.13,0.03,20.25,35762.18,1
2025-08-24,2025-08-24 12:27:00,1747.13,1747.62,1747.13,1747.62,0.03,20.25,35762.18,1
2025-08-24,2025-08-24 12:28:00,1747.62,1748.1,1747.62,1748.1,0.03,20.25,35762.18,1
2025-08-24,2025-08-24 12:29:00,1748.1,1748.59,1748.1,1748.59,0.03,20.25,35762.18,1
2025-08-24,2025-08-24 12:30:00,1748.59,1749.07,1748.59,1749.07,0.03,20.25,35762.18,1
2025-08-24,2025-08-24 12:31:00,1749.07,1749.55,1749.07,1749.55,0.03,20.25,35762.18,1
2025-08-24,2025-08-24 12:32:00,1749.55,1750.04,1749.55,1750.04,0.03,20.25,35762.18,1
2025-08-24,2025-08-24 12:33:00,1750.04,1750.52,1750.04,1750.52,0.03,20.25,35762.18,1
2025-08-24,2025-08-24 12:34:00,1750.52,1751.01,1750.52,1751.01,0.03,20.25,35762.18,1
2025-08-24,2025-08-24 12:35:00,1751.01,1751.49,1751.01,1751.49,0.03,20.25,35762.18,1
2025-08-24,2025-08-24 12:36:00,1751.49,1751.98,1751.49,1751.98,0.03,20.25,35762.18,1
2025-08-24,2025-08-24 12:37:00,1751.98,1752.46,1751.98,1752.46,0.03,20.25,35762.18,1
2025-08-24,2025-08-24 12:38:00,1752.46,1752.94,1752.46,1752.94,0.03,20.25,35762.18,1
2025-08-24,2025-08-24 12:39:00,1752.94,1753.43,1752.94,1753.43,0.03,20.25,35762.18,1
2025-08-24,2025-08-24 12:40:00,1753.43,1753.91,1753.43,1753.91,0.03,20.25,35762.18,1
2025-08-24,2025-08-24 12:41:00,1753.91,1754.4,1753.91,1754.4,0.03,20.25,35762.18,1
2025-08-24,2025-08-24 12:42:00,1754.4,1754.88,1754.4,1754.88,0.03,20.25,35762.18,1
2025-08-24,2025-08-24 12:43:00,1754.88,1755.37,1754.88,1755.37,0.03,20.25,35762.18,1
2025-08-24,2025-08-24 12:44:00,1755.37,1755.85,1755.37,1755.85,0.03,20.25,35762.18,1
2025-08-24,2025-08-24 12:45:00,1755.85,1756.33,1755.85,1756.33,0.03,20.25,35762.18,1
2025-08-24,2025-08-24 12:46:00,1756.33,1756.82,1756.33,1756.82,0.03,20.25,35762.18,1
2025-08-24,2025-08-24 12:47:00,1756.82,1757.3,1756.82,1757.3,0.03,20.25,35762.18,1
2025-08-24,2025-08-24 12:48:00,1757.3,1757.79,1757.3,1757.79,0.03,20.25,35762.18,1
2025-08-24,2025-08-24 12:49:00,1757.79,1758.27,1757.79,1758.27,0.03,20.25,35762.18,1
2025-08-24,2025-08-24 12:50:00,1758.27,1758.76,1758.27,1758.76,0.03,20.25,35762.18,1
2025-08-24,2025-08-24 12:51:00,1758.76,1759.24,1758.76,1759.24,0.03,20.25,35762.18,1
2025-08-24,2025-08-24 12:52:00,1759.24,1759.72,1759.24,1759.72,0.03,20.25,35762.18,1
2025-08-24,2025-08-24 12:53:00,1759.72,1760.21,1759.72,1760.21,0.03,20.25,35762.18,1
2025-08-24,2025-08-24 12:54:00,1760.21,1760.69,1760.21,1760.69,0.03,20.25,35762.18,1
2025-08-24,2025-08-24 12:55:00,1760.69,1761.18,1760.69,1761.18,0.03,20.25,35762.18,1
2025-08-24,2025-08-24 12:56:00,1761.18,1761.66,1761.18,1761.66,0.03,20.25,35762.18,1
2025-08-24,2025-08-24 12:57:00,1761.66,1762.15,1761.66,1762.15,0.03,20.25,35762.18,1
2025-08-24,2025-08-24 12:58:00,1762.15,1762.63,1762.15,1762.63,0.03,20.25,35762.18,1
2025-08-24,2025-08-24 12:59:00,1762.63,1763.12,1762.63,1763.12,0.03,20.25,35762.18,1
2025-08-24,2025-08-24 13:00:00,1763.12,1879.0,1705.0,1763.6,0.03,20.25,35762.18,1
2025-08-24,2025-08-24 13:01:00,1763.6,1764.08,1763.6,1764.08,0.03,20.25,35762.18,1
2025-08-24,2025-08-24 13:02:00,1764.08,1764.57,1764.08,1764.57,0.03,20.25,35762.18,1
2025-08-24,2025-08-24 13:03:00,1764.57,1765.05,1764.57,1765.05,0.03,20.25,35762.18,1
2025-08-24,2025-08-24 13:04:00,1765.05,1765.54,1765.05,1765.54,0.03,20.25,35762.18,1
2025-08-24,2025-08-24 13:05:00,1765.54,1766.02,1765.54,1766.02,0.03,20.25,35762.18,1
2025-08-24,2025-08-24 13:06:00,1766.02,1766.51,1766.02,1766.51,0.03,20.25,35762.18,1
2025-08-24,2025-08-24 13:07:00,1766.51,1766.99,1766.51,1766.99,0.03,20.25,35762.18,1
2025-08-24,2025-08-24 13:08:00,1766.99,1767.47,1766.99,1767.47,0.03,20.25,35762.18,1
2025-08-24,2025-08-24 13:09:00,1767.47,1767.96,1767.47,1767.96,0.03,20.25,35762.18,1
2025-08-24,2025-08-24 13:10:00,1767.96,1768.44,1767.96,1768.44,0.03,20.25,35762.18,1
2025-08-24,2025-08-24 13:11:00,1768.44,1768.93,1768.44,1768.93,0.03,20.25,35762.18,1
2025-08-24,2025-08-24 13:12:00,1768.93,1769.41,1768.93,1769.41,0.03,20.25,35762.18,1
2025-08-24,2025-08-24 13:13:00,1769.41,1769.9,1769.41,1769.9,0.03,20.25,35762.18,1
2025-08-24,2025-08-24 13:14:00,1769.9,1770.38,1769.9,1770.38,0.03,20.25,35762.18,1
2025-08-24,2025-08-24 13:15:00,1770.38,1770.86,1770.38,1770.86,0.03,20.25,35762.18,1
2025-08-24,2025-08-24 13:16:00,1770.86,1771.35,1770.86,1771.35,0.03,20.25,35762.18,1
2025-08-24,2025-08-24 13:17:00,1771.35,1771.83,1771.35,1771.83,0.03,20.25,35762.18,1
2025-08-24,2025-08-24 13:18:00,1771.83,1772.32,1771.83,1772.32,0.03,20.25,35762.18,1
2025-08-24,2025-08-24 13:19:00,1772.32,1772.8,1772.32,1772.8,0.03,20.25,35762.18,1
2025-08-24,2025-08-24 13:20:00,1772.8,1773.29,1772.8,1773.29,0.03,20.25,35762.18,1
2025-08-24,2025-08-24 13:21:00,1773.29,1773.77,1773.29,1773.77,0.03,20.25,35762.18,1
2025-08-24,2025-08-24 13:22:00,1773.77,1774.25,1773.77,1774.25,0.03,20.25,35762.18,1
2025-08-24,2025-08-24 13:23:00,1774.25,1774.74,1774.25,1774.74,0.03,20.25,35762.18,1
2025-08-24,2025-08-24 13:24:00,1774.74,1775.22,1774.74,1775.22,0.03,20.25,35762.18,1
2025-08-24,2025-08-24 13:25:00,1775.22,1775.71,1775.22,1775.71,0.03,20.25,35762.18,1
2025-08-24,2025-08-24 13:26:00,1775.71,1776.19,1775.71,1776.19,0.03,20.25,35762.18,1
2025-08-24,2025-08-24 13:27:00,1776.19,1776.68,1776.19,1776.68,0.03,20.25,35762.18,1
2025-08-24,2025-08-24 13:28:00,1776.68,1777.16,1776.68,1777.16,0.03,20.25,35762.18,1
2025-08-24,2025-08-24 13:29:00,1777.16,1777.64,1777.16,1777.64,0.03,20.25,35762.18,1
2025-08-24,2025-08-24 13:30:00,1777.64,1778.13,1777.64,1778.13,0.03,20.25,35762.18,1
2025-08-24,2025-08-24 13:31:00,1778.13,1778.61,1778.13,1778.61,0.03,20.25,35762.18,1
2025-08-24,2025-08-24 13:32:00,1778.61,1779.1,1778.61,1779.1,0.03,20.25,35762.18,1
2025-08-24,2025-08-24 13:33:00,1779.1,1779.58,1779.1,1779.58,0.03,20.25,35762.18,1
2025-08-24,2025-08-24 13:34:00,1779.58,1780.07,1779.58,1780.07,0.03,20.25,35762.18,1
2025-08-24,2025-08-24 13:35:00,1780.07,1780.55,1780.07,1780.55,0.03,20.25,35762.18,1
2025-08-24,2025-08-24 13:36:00,1780.55,1781.03,1780.55,1781.03,0.03,20.25,35762.18,1
2025-08-24,2025-08-24 13:37:00,1781.03,1781.52,1781.03,1781.52,0.03,20.25,35762.18,1
2025-08-24,2025-08-24 13:38:00,1781.52,1782.0,1781.52,1782.0,0.03,20.25,35762.18,1
2025-08-24,2025-08-24 13:39:00,1782.0,1782.49,1782.0,1782.49,0.03,20.25,35762.18,1
2025-08-24,2025-08-24 13:40:00,1782.49,1782.97,1782.49,1782.97,0.03,20.25,35762.18,1
2025-08-24,2025-08-24 13:41:00,1782.97,1783.46,1782.97,1783.46,0.03,20.25,35762.18,1
2025-08-24,2025-08-24 13:42:00,1783.46,1783.94,1783.46,1783.94,0.03,20.25,35762.18,1
2025-08-24,2025-08-24 13:43:00,1783.94,1784.42,1783.94,1784.42,0.03,20.25,35762.18,1
2025-08-24,2025-08-24 13:44:00,1784.42,1784.91,1784.42,1784.91,0.03,20.25,35762.18,1
2025-08-24,2025-08-24 13:45:00,1784.91,1785.39,1784.91,1785.39,0.03,20.25,35762.18,1
2025-08-24,2025-08-24 13:46:00,1785.39,1785.88,1785.39,1785.88,0.03,20.25,35762.18,1
2025-08-24,2025-08-24 13:47:00,1785.88,1786.36,1785.88,1786.36,0.03,20.25,35762.18,1
2025-08-24,2025-08-24 13:48:00,1786.36,1786.85,1786.36,1786.85,0.03,20.25,35762.18,1
2025-08-24,2025-08-24 13:49:00,1786.85,1787.33,1786.85,1787.33,0.03,20.25,35762.18,1
2025-08-24,2025-08-24 13:50:00,1787.33,1787.81,1787.33,1787.81,0.03,20.25,35762.18,1
2025-08-24,2025-08-24 13:51:00,1787.81,1788.3,1787.81,1788.3,0.03,20.25,35762.18,1
2025-08-24,2025-08-24 13:52:00,1788.3,1788.78,1788.3,1788.78,0.03,20.25,35762.18,1
2025-08-24,2025-08-24 13:53:00,1788.78,1789.27,1788.78,1789.27,0.03,20.25,35762.18,1
2025-08-24,2025-08-24 13:54:00,1789.27,1789.75,1789.27,1789.75,0.03,20.25,35762.18,1
2025-08-24,2025-08-24 13:55:00,1789.75,1790.24,1789.75,1790.24,0.03,20.25,35762.18,1
2025-08-24,2025-08-24 13:56:00,1790.24,1790.72,1790.24,1790.72,0.03,20.25,35762.18,1
2025-08-24,2025-08-24 13:57:00,1790.72,1791.2,1790.72,1791.2,0.03,20.25,35762.18,1
2025-08-24,2025-08-24 13:58:00,1791.2,1791.69,1791.2,1791.69,0.03,20.25,35762.18,1
2025-08-24,2025-08-24 13:59:00,1791.69,1792.17,1791.69,1792.17,0.03,20.25,35762.18,1
2025-08-24,2025-08-24 14:00:00,1792.17,1792.66,1792.17,1792.66,0.03,20.25,35762.18,1
2025-08-24,2025-08-24 14:01:00,1792.66,1793.14,1792.66,1793.14,0.03,20.25,35762.18,1
2025-08-24,2025-08-24 14:02:00,1793.14,1793.63,1793.14,1793.63,0.03,20.25,35762.18,1
2025-08-24,2025-08-24 14:03:00,1793.63,1794.11,1793.63,1794.11,0.03,20.25,35762.18,1
2025-08-24,2025-08-24 14:04:00,1794.11,1794.59,1794.11,1794.59,0.03,20.25,35762.18,1
2025-08-24,2025-08-24 14:05:00,1794.59,1795.08,1794.59,1795.08,0.03,20.25,35762.18,1
2025-08-24,2025-08-24 14:06:00,1795.08,1795.56,1795.08,1795.56,0.03,20.25,35762.18,1
2025-08-24,2025-08-24 14:07:00,1795.56,1796.05,1795.56,1796.05,0.03,20.25,35762.18,1
2025-08-24,2025-08-24 14:08:00,1796.05,1796.53,1796.05,1796.53,0.03,20.25,35762.18,1
2025-08-24,2025-08-24 14:09:00,1796.53,1797.02,1796.53,1797.02,0.03,20.25,35762.18,1
2025-08-24,2025-08-24 14:10:00,1797.02,1797.5,1797.02,1797.5,0.03,20.25,35762.18,1
2025-08-24,2025-08-24 14:11:00,1797.5,1797.98,1797.5,1797.98,0.03,20.25,35762.18,1
2025-08-24,2025-08-24 14:12:00,1797.98,1798.47,1797.98,1798.47,0.03,20.25,35762.18,1
2025-08-24,2025-08-24 14:13:00,1798.47,1798.95,1798.47,1798.95,0.03,20.25,35762.18,1
2025-08-24,2025-08-24 14:14:00,1798.95,1799.44,1798.95,1799.44,0.03,20.25,35762.18,1
2025-08-24,2025-08-24 14:15:00,1799.44,1799.92,1799.44,1799.92,0.03,20.25,35762.18,1
2025-08-24,2025-08-24 14:16:00,1799.92,1800.41,1799.92,1800.41,0.03,20.25,35762.18,1
2025-08-24,2025-08-24 14:17:00,1800.41,1800.89,1800.41,1800.89,0.03,20.25,35762.18,1
2025-08-24,2025-08-24 14:18:00,1800.89,1801.37,1800.89,1801.37,0.03,20.25,35762.18,1
2025-08-24,2025-08-24 14:19:00,1801.37,1801.86,1801.37,1801.86,0.03,20.25,35762.18,1
2025-08-24,2025-08-24 14:20:00,1801.86,1802.34,1801.86,1802.34,0.03,20.25,35762.18,1
2025-08-24,2025-08-24 14:21:00,1802.34,1802.83,1802.34,1802.83,0.03,20.25,35762.18,1
2025-08-24,2025-08-24 14:22:00,1802.83,1803.31,1802.83,1803.31,0.03,20.25,35762.18,1
2025-08-24,2025-08-24 14:23:00,1803.31,1803.8,1803.31,1803.8,0.03,20.25,35762.18,1
2025-08-24,2025-08-24 14:24:00,1803.8,1804.28,1803.8,1804.28,0.03,20.25,35762.18,1
2025-08-24,2025-08-24 14:25:00,1804.28,1804.76,1804.28,1804.76,0.03,20.25,35762.18,1
2025-08-24,2025-08-24 14:26:00,1804.76,1805.25,1804.76,1805.25,0.03,20.25,35762.18,1
2025-08-24,2025-08-24 14:27:00,1805.25,1805.73,1805.25,1805.73,0.03,20.25,35762.18,1
2025-08-24,2025-08-24 14:28:00,1805.73,1806.22,1805.73,1806.22,0.03,20.25,35762.18,1
2025-08-24,2025-08-24 14:29:00,1806.22,1806.7,1806.22,1806.7,0.03,20.25,35762.18,1
2025-08-24,2025-08-24 14:30:00,1806.7,1807.19,1806.7,1807.19,0.03,20.25,35762.18,1
2025-08-24,2025-08-24 14:31:00,1807.19,1807.67,1807.19,1807.67,0.03,20.25,35762.18,1
2025-08-24,2025-08-24 14:32:00,1807.67,1808.15,1807.67,1808.15,0.03,20.25,35762.18,1
2025-08-24,2025-08-24 14:33:00,1808.15,1808.64,1808.15,1808.64,0.03,20.25,35762.18,1
2025-08-24,2025-08-24 14:34:00,1808.64,1809.12,1808.64,1809.12,0.03,20.25,35762.18,1
2025-08-24,2025-08-24 14:35:00,1809.12,1809.61,1809.12,1809.61,0.03,20.25,35762.18,1
2025-08-24,2025-08-24 14:36:00,1809.61,1810.09,1809.61,1810.09,0.03,20.25,35762.18,1
2025-08-24,2025-08-24 14:37:00,1810.09,1810.58,1810.09,1810.58,0.03,20.25,35762.18,1
2025-08-24,2025-08-24 14:38:00,1810.58,1811.06,1810.58,1811.06,0.03,20.25,35762.18,1
2025-08-24,2025-08-24 14:39:00,1811.06,1811.54,1811.06,1811.54,0.03,20.25,35762.18,1
2025-08-24,2025-08-24 14:40:00,1811.54,1812.03,1811.54,1812.03,0.03,20.25,35762.18,1
2025-08-24,2025-08-24 14:41:00,1812.03,1812.51,1812.03,1812.51,0.03,20.25,35762.18,1
2025-08-24,2025-08-24 14:42:00,1812.51,1813.0,1812.51,1813.0,0.03,20.25,35762.18,1
2025-08-24,2025-08-24 14:43:00,1813.0,1813.48,1813.0,1813.48,0.03,20.25,35762.18,1
2025-08-24,2025-08-24 14:44:00,1813.48,1813.97,1813.48,1813.97,0.03,20.25,35762.18,1
2025-08-24,2025-08-24 14:45:00,1813.97,1814.45,1813.97,1814.45,0.03,20.25,35762.18,1
2025-08-24,2025-08-24 14:46:00,1814.45,1814.93,1814.45,1814.93,0.03,20.25,35762.18,1
2025-08-24,2025-08-24 14:47:00,1814.93,1815.42,1814.93,1815.42,0.03,20.25,35762.18,1
2025-08-24,2025-08-24 14:48:00,1815.42,1815.9,1815.42,1815.9,0.03,20.25,35762.18,1
2025-08-24,2025-08-24 14:49:00,1815.9,1816.39,1815.9,1816.39,0.03,20.25,35762.18,1
2025-08-24,2025-08-24 14:50:00,1816.39,1816.87,1816.39,1816.87,0.03,20.25,35762.18,1
2025-08-24,2025-08-24 14:51:00,1816.87,1817.36,1816.87,1817.36,0.03,20.25,35762.18,1
2025-08-24,2025-08-24 14:52:00,1817.36,1817.84,1817.36,1817.84,0.03,20.25,35762.18,1
2025-08-24,2025-08-24 14:53:00,1817.84,1818.32,1817.84,1818.32,0.03,20.25,35762.18,1
2025-08-24,2025-08-24 14:54:00,1818.32,1818.81,1818.32,1818.81,0.03,20.25,35762.18,1
2025-08-24,2025-08-24 14:55:00,1818.81,1819.29,1818.81,1819.29,0.03,20.25,35762.18,1
2025-08-24,2025-08-24 14:56:00,1819.29,1819.78,1819.29,1819.78,0.03,20.25,35762.18,1
2025-08-24,2025-08-24 14:57:00,1819.78,1820.26,1819.78,1820.26,0.03,20.25,35762.18,1
2025-08-24,2025-08-24 14:58:00,1820.26,1820.75,1820.26,1820.75,0.03,20.25,35762.18,1
2025-08-24,2025-08-24 14:59:00,1820.75,1821.23,1820.75,1821.23,0.03,20.25,35762.18,1
2025-08-24,2025-08-24 15:00:00,1821.23,1879.0,1705.0,1821.23,0.0,20.25,35762.18,0
2025-08-25,2025-08-25 11:00:00,1849.0,1850.8,1816.63,1848.62,-0.02,46.53,82265.08,-1
2025-08-25,2025-08-25 11:01:00,1848.62,1848.62,1848.24,1848.24,-0.02,46.53,82265.08,-1
2025-08-25,2025-08-25 11:02:00,1848.24,1848.24,1847.86,1847.86,-0.02,46.53,82265.08,-1
2025-08-25,2025-08-25 11:03:00,1847.86,1847.86,1847.48,1847.48,-0.02,46.53,82265.08,-1
2025-08-25,2025-08-25 11:04:00,1847.48,1847.48,1847.1,1847.1,-0.02,46.53,82265.08,-1
2025-08-25,2025-08-25 11:05:00,1847.1,1847.1,1846.71,1846.71,-0.02,46.53,82265.08,-1
2025-08-25,2025-08-25 11:06:00,1846.71,1846.71,1846.33,1846.33,-0.02,46.53,82265.08,-1
2025-08-25,2025-08-25 11:07:00,1846.33,1846.33,1845.95,1845.95,-0.02,46.53,82265.08,-1
2025-08-25,2025-08-25 11:08:00,1845.95,1845.95,1845.57,1845.57,-0.02,46.53,82265.08,-1
2025-08-25,2025-08-25 11:09:00,1845.57,1845.57,1845.19,1845.19,-0.02,46.53,82265.08,-1
2025-08-25,2025-08-25 11:10:00,1845.19,1845.19,1844.81,1844.81,-0.02,46.53,82265.08,-1
2025-08-25,2025-08-25 11:11:00,1844.81,1844.81,1844.43,1844.43,-0.02,46.53,82265.08,-1
2025-08-25,2025-08-25 11:12:00,1844.43,1844.43,1844.05,1844.05,-0.02,46.53,82265.08,-1
2025-08-25,2025-08-25 11:13:00,1844.05,1844.05,1843.67,1843.67,-0.02,46.53,82265.08,-1
2025-08-25,2025-08-25 11:14:00,1843.67,1843.67,1843.29,1843.29,-0.02,46.53,82265.08,-1
2025-08-25,2025-08-25 11:15:00,1843.29,1843.29,1842.9,1842.9,-0.02,46.53,82265.08,-1
2025-08-25,2025-08-25 11:16:00,1842.9,1842.9,1842.52,1842.52,-0.02,46.53,82265.08,-1
2025-08-25,2025-08-25 11:17:00,1842.52,1842.52,1842.14,1842.14,-0.02,46.53,82265.08,-1
2025-08-25,2025-08-25 11:18:00,1842.14,1842.14,1841.76,1841.76,-0.02,46.53,82265.08,-1
2025-08-25,2025-08-25 11:19:00,1841.76,1841.76,1841.38,1841.38,-0.02,46.53,82265.08,-1
2025-08-25,2025-08-25 11:20:00,1841.38,1841.38,1841.0,1841.0,-0.02,46.53,82265.08,-1
2025-08-25,2025-08-25 11:21:00,1841.0,1841.0,1840.62,1840.62,-0.02,46.53,82265.08,-1
2025-08-25,2025-08-25 11:22:00,1840.62,1840.62,1840.24,1840.24,-0.02,46.53,82265.08,-1
2025-08-25,2025-08-25 11:23:00,1840.24,1840.24,1839.86,1839.86,-0.02,46.53,82265.08,-1
2025-08-25,2025-08-25 11:24:00,1839.86,1839.86,1839.47,1839.47,-0.02,46.53,82265.08,-1
2025-08-25,2025-08-25 11:25:00,1839.47,1839.47,1839.09,1839.09,-0.02,46.53,82265.08,-1
2025-08-25,2025-08-25 11:26:00,1839.09,1839.09,1838.71,1838.71,-0.02,46.53,82265.08,-1
2025-08-25,2025-08-25 11:27:00,1838.71,1838.71,1838.33,1838.33,-0.02,46.53,82265.08,-1
2025-08-25,2025-08-25 11:28:00,1838.33,1838.33,1837.95,1837.95,-0.02,46.53,82265.08,-1
2025-08-25,2025-08-25 11:29:00,1837.95,1837.95,1837.57,1837.57,-0.02,46.53,82265.08,-1
2025-08-25,2025-08-25 11:30:00,1837.57,1837.57,1837.19,1837.19,-0.02,46.53,82265.08,-1
2025-08-25,2025-08-25 11:31:00,1837.19,1837.19,1836.81,1836.81,-0.02,46.53,82265.08,-1
2025-08-25,2025-08-25 11:32:00,1836.81,1836.81,1836.43,1836.43,-0.02,46.53,82265.08,-1
2025-08-25,2025-08-25 11:33:00,1836.43,1836.43,1836.05,1836.05,-0.02,46.53,82265.08,-1
2025-08-25,2025-08-25 11:34:00,1836.05,1836.05,1835.66,1835.66,-0.02,46.53,82265.08,-1
2025-08-25,2025-08-25 11:35:00,1835.66,1835.66,1835.28,1835.28,-0.02,46.53,82265.08,-1
2025-08-25,2025-08-25 11:36:00,1835.28,1835.28,1834.9,1834.9,-0.02,46.53,82265.08,-1
2025-08-25,2025-08-25 11:37:00,1834.9,1834.9,1834.52,1834.52,-0.02,46.53,82265.08,-1
2025-08-25,2025-08-25 11:38:00,1834.52,1834.52,1834.14,1834.14,-0.02,46.53,82265.08,-1
2025-08-25,2025-08-25 11:39:00,1834.14,1834.14,1833.76,1833.76,-0.02,46.53,82265.08,-1
2025-08-25,2025-08-25 11:40:00,1833.76,1833.76,1833.38,1833.38,-0.02,46.53,82265.08,-1
2025-08-25,2025-08-25 11:41:00,1833.38,1833.38,1833.0,1833.0,-0.02,46.53,82265.08,-1
2025-08-25,2025-08-25 11:42:00,1833.0,1833.0,1832.62,1832.62,-0.02,46.53,82265.08,-1
2025-08-25,2025-08-25 11:43:00,1832.62,1832.62,1832.24,1832.24,-0.02,46.53,82265.08,-1
2025-08-25,2025-08-25 11:44:00,1832.24,1832.24,1831.86,1831.86,-0.02,46.53,82265.08,-1
2025-08-25,2025-08-25 11:45:00,1831.86,1831.86,1831.47,1831.47,-0.02,46.53,82265.08,-1
2025-08-25,2025-08-25 11:46:00,1831.47,1831.47,1831.09,1831.09,-0.02,46.53,82265.08,-1
2025-08-25,2025-08-25 11:47:00,1831.09,1831.09,1830.71,1830.71,-0.02,46.53,82265.08,-1
2025-08-25,2025-08-25 11:48:00,1830.71,1830.71,1830.33,1830.33,-0.02,46.53,82265.08,-1
2025-08-25,2025-08-25 11:49:00,1830.33,1830.33,1829.95,1829.95,-0.02,46.53,82265.08,-1
2025-08-25,2025-08-25 11:50:00,1829.95,1829.95,1829.57,1829.57,-0.02,46.53,82265.08,-1
2025-08-25,2025-08-25 11:51:00,1829.57,1829.57,1829.19,1829.19,-0.02,46.53,82265.08,-1
2025-08-25,2025-08-25 11:52:00,1829.19,1829.19,1828.81,1828.81,-0.02,46.53,82265.08,-1
2025-08-25,2025-08-25 11:53:00,1828.81,1828.81,1828.43,1828.43,-0.02,46.53,82265.08,-1
2025-08-25,2025-08-25 11:54:00,1828.43,1828.43,1828.05,1828.05,-0.02,46.53,82265.08,-1
2025-08-25,2025-08-25 11:55:00,1828.05,1828.05,1827.66,1827.66,-0.02,46.53,82265.08,-1
2025-08-25,2025-08-25 11:56:00,1827.66,1827.66,1827.28,1827.28,-0.02,46.53,82265.08,-1
2025-08-25,2025-08-25 11:57:00,1827.28,1827.28,1826.9,1826.9,-0.02,46.53,82265.08,-1
2025-08-25,2025-08-25 11:58:00,1826.9,1826.9,1826.52,1826.52,-0.02,46.53,82265.08,-1
2025-08-25,2025-08-25 11:59:00,1826.52,1826.52,1826.14,1826.14,-0.02,46.53,82265.08,-1
2025-08-25,2025-08-25 12:00:00,1826.14,1826.14,1825.76,1825.76,-0.02,46.53,82265.08,-1
2025-08-25,2025-08-25 12:01:00,1825.76,1825.76,1825.38,1825.38,-0.02,46.53,82265.08,-1
2025-08-25,2025-08-25 12:02:00,1825.38,1825.38,1825.0,1825.0,-0.02,46.53,82265.08,-1
2025-08-25,2025-08-25 12:03:00,1825.0,1825.0,1824.62,1824.62,-0.02,46.53,82265.08,-1
2025-08-25,2025-08-25 12:04:00,1824.62,1824.62,1824.23,1824.23,-0.02,46.53,82265.08,-1
2025-08-25,2025-08-25 12:05:00,1824.23,1824.23,1823.85,1823.85,-0.02,46.53,82265.08,-1
2025-08-25,2025-08-25 12:06:00,1823.85,1823.85,1823.47,1823.47,-0.02,46.53,82265.08,-1
2025-08-25,2025-08-25 12:07:00,1823.47,1823.47,1823.09,1823.09,-0.02,46.53,82265.08,-1
2025-08-25,2025-08-25 12:08:00,1823.09,1823.09,1822.71,1822.71,-0.02,46.53,82265.08,-1
2025-08-25,2025-08-25 12:09:00,1822.71,1822.71,1822.33,1822.33,-0.02,46.53,82265.08,-1
2025-08-25,2025-08-25 12:10:00,1822.33,1822.33,1821.95,1821.95,-0.02,46.53,82265.08,-1
2025-08-25,2025-08-25 12:11:00,1821.95,1821.95,1821.57,1821.57,-0.02,46.53,82265.08,-1
2025-08-25,2025-08-25 12:12:00,1821.57,1821.57,1821.19,1821.19,-0.02,46.53,82265.08,-1
2025-08-25,2025-08-25 12:13:00,1821.19,1821.19,1820.81,1820.81,-0.02,46.53,82265.08,-1
2025-08-25,2025-08-25 12:14:00,1820.81,1820.81,1820.42,1820.42,-0.02,46.53,82265.08,-1
2025-08-25,2025-08-25 12:15:00,1820.42,1820.42,1820.04,1820.04,-0.02,46.53,82265.08,-1
2025-08-25,2025-08-25 12:16:00,1820.04,1820.04,1819.66,1819.66,-0.02,46.53,82265.08,-1
2025-08-25,2025-08-25 12:17:00,1819.66,1819.66,1819.28,1819.28,-0.02,46.53,82265.08,-1
2025-08-25,2025-08-25 12:18:00,1819.28,1819.28,1818.9,1818.9,-0.02,46.53,82265.08,-1
2025-08-25,2025-08-25 12:19:00,1818.9,1818.9,1818.52,1818.52,-0.02,46.53,82265.08,-1
2025-08-25,2025-08-25 12:20:00,1818.52,1818.52,1818.14,1818.14,-0.02,46.53,82265.08,-1
2025-08-25,2025-08-25 12:21:00,1818.14,1818.14,1817.76,1817.76,-0.02,46.53,82265.08,-1
2025-08-25,2025-08-25 12:22:00,1817.76,1817.76,1817.38,1817.38,-0.02,46.53,82265.08,-1
2025-08-25,2025-08-25 12:23:00,1817.38,1817.38,1817.0,1817.0,-0.02,46.53,82265.08,-1
2025-08-25,2025-08-25 12:24:00,1817.0,1817.0,1816.62,1816.62,-0.02,46.53,82265.08,-1
2025-08-25,2025-08-25 12:25:00,1816.62,1816.62,1816.23,1816.23,-0.02,46.53,82265.08,-1
2025-08-25,2025-08-25 12:26:00,1816.23,1816.23,1815.85,1815.85,-0.02,46.53,82265.08,-1
2025-08-25,2025-08-25 12:27:00,1815.85,1815.85,1815.47,1815.47,-0.02,46.53,82265.08,-1
2025-08-25,2025-08-25 12:28:00,1815.47,1815.47,1815.09,1815.09,-0.02,46.53,82265.08,-1
2025-08-25,2025-08-25 12:29:00,1815.09,1815.09,1814.71,1814.71,-0.02,46.53,82265.08,-1
2025-08-25,2025-08-25 12:30:00,1814.71,1814.71,1814.33,1814.33,-0.02,46.53,82265.08,-1
2025-08-25,2025-08-25 12:31:00,1814.33,1814.33,1813.95,1813.95,-0.02,46.53,82265.08,-1
2025-08-25,2025-08-25 12:32:00,1813.95,1813.95,1813.57,1813.57,-0.02,46.53,82265.08,-1
2025-08-25,2025-08-25 12:33:00,1813.57,1813.57,1813.19,1813.19,-0.02,46.53,82265.08,-1
2025-08-25,2025-08-25 12:34:00,1813.19,1813.19,1812.81,1812.81,-0.02,46.53,82265.08,-1
2025-08-25,2025-08-25 12:35:00,1812.81,1812.81,1812.42,1812.42,-0.02,46.53,82265.08,-1
2025-08-25,2025-08-25 12:36:00,1812.42,1812.42,1812.04,1812.04,-0.02,46.53,82265.08,-1
2025-08-25,2025-08-25 12:37:00,1812.04,1812.04,1811.66,1811.66,-0.02,46.53,82265.08,-1
2025-08-25,2025-08-25 12:38:00,1811.66,1811.66,1811.28,1811.28,-0.02,46.53,82265.08,-1
2025-08-25,2025-08-25 12:39:00,1811.28,1811.28,1810.9,1810.9,-0.02,46.53,82265.08,-1
2025-08-25,2025-08-25 12:40:00,1810.9,1810.9,1810.52,1810.52,-0.02,46.53,82265.08,-1
2025-08-25,2025-08-25 12:41:00,1810.52,1810.52,1810.14,1810.14,-0.02,46.53,82265.08,-1
2025-08-25,2025-08-25 12:42:00,1810.14,1810.14,1809.76,1809.76,-0.02,46.53,82265.08,-1
2025-08-25,2025-08-25 12:43:00,1809.76,1809.76,1809.38,1809.38,-0.02,46.53,82265.08,-1
2025-08-25,2025-08-25 12:44:00,1809.38,1809.38,1808.99,1808.99,-0.02,46.53,82265.08,-1
2025-08-25,2025-08-25 12:45:00,1808.99,1808.99,1808.61,1808.61,-0.02,46.53,82265.08,-1
2025-08-25,2025-08-25 12:46:00,1808.61,1808.61,1808.23,1808.23,-0.02,46.53,82265.08,-1
2025-08-25,2025-08-25 12:47:00,1808.23,1808.23,1807.85,1807.85,-0.02,46.53,82265.08,-1
2025-08-25,2025-08-25 12:48:00,1807.85,1807.85,1807.47,1807.47,-0.02,46.53,82265.08,-1
2025-08-25,2025-08-25 12:49:00,1807.47,1807.47,1807.09,1807.09,-0.02,46.53,82265.08,-1
2025-08-25,2025-08-25 12:50:00,1807.09,1807.09,1806.71,1806.71,-0.02,46.53,82265.08,-1
2025-08-25,2025-08-25 12:51:00,1806.71,1806.71,1806.33,1806.33,-0.02,46.53,82265.08,-1
2025-08-25,2025-08-25 12:52:00,1806.33,1806.33,1805.95,1805.95,-0.02,46.53,82265.08,-1
2025-08-25,2025-08-25 12:53:00,1805.95,1805.95,1805.57,1805.57,-0.02,46.53,82265.08,-1
2025-08-25,2025-08-25 12:54:00,1805.57,1805.57,1805.18,1805.18,-0.02,46.53,82265.08,-1
2025-08-25,2025-08-25 12:55:00,1805.18,1805.18,1804.8,1804.8,-0.02,46.53,82265.08,-1
2025-08-25,2025-08-25 12:56:00,1804.8,1804.8,1804.42,1804.42,-0.02,46.53,82265.08,-1
2025-08-25,2025-08-25 12:57:00,1804.42,1804.42,1804.04,1804.04,-0.02,46.53,82265.08,-1
2025-08-25,2025-08-25 12:58:00,1804.04,1804.04,1803.66,1803.66,-0.02,46.53,82265.08,-1
2025-08-25,2025-08-25 12:59:00,1803.66,1803.66,1803.28,1803.28,-0.02,46.53,82265.08,-1
2025-08-25,2025-08-25 13:00:00,1803.28,1855.0,1741.1,1802.9,-0.02,46.53,82265.08,-1
2025-08-25,2025-08-25 13:01:00,1802.9,1802.9,1802.52,1802.52,-0.02,46.53,82265.08,-1
2025-08-25,2025-08-25 13:02:00,1802.52,1802.52,1802.14,1802.14,-0.02,46.53,82265.08,-1
2025-08-25,2025-08-25 13:03:00,1802.14,1802.14,1801.76,1801.76,-0.02,46.53,82265.08,-1
2025-08-25,2025-08-25 13:04:00,1801.76,1801.76,1801.38,1801.38,-0.02,46.53,82265.08,-1
2025-08-25,2025-08-25 13:05:00,1801.38,1801.38,1800.99,1800.99,-0.02,46.53,82265.08,-1
2025-08-25,2025-08-25 13:06:00,1800.99,1800.99,1800.61,1800.61,-0.02,46.53,82265.08,-1
2025-08-25,2025-08-25 13:07:00,1800.61,1800.61,1800.23,1800.23,-0.02,46.53,82265.08,-1
2025-08-25,2025-08-25 13:08:00,1800.23,1800.23,1799.85,1799.85,-0.02,46.53,82265.08,-1
2025-08-25,2025-08-25 13:09:00,1799.85,1799.85,1799.47,1799.47,-0.02,46.53,82265.08,-1
2025-08-25,2025-08-25 13:10:00,1799.47,1799.47,1799.09,1799.09,-0.02,46.53,82265.08,-1
2025-08-25,2025-08-25 13:11:00,1799.09,1799.09,1798.71,1798.71,-0.02,46.53,82265.08,-1
2025-08-25,2025-08-25 13:12:00,1798.71,1798.71,1798.33,1798.33,-0.02,46.53,82265.08,-1
2025-08-25,2025-08-25 13:13:00,1798.33,1798.33,1797.95,1797.95,-0.02,46.53,82265.08,-1
2025-08-25,2025-08-25 13:14:00,1797.95,1797.95,1797.57,1797.57,-0.02,46.53,82265.08,-1
2025-08-25,2025-08-25 13:15:00,1797.57,1797.57,1797.18,1797.18,-0.02,46.53,82265.08,-1
2025-08-25,2025-08-25 13:16:00,1797.18,1797.18,1796.8,1796.8,-0.02,46.53,82265.08,-1
2025-08-25,2025-08-25 13:17:00,1796.8,1796.8,1796.42,1796.42,-0.02,46.53,82265.08,-1
2025-08-25,2025-08-25 13:18:00,1796.42,1796.42,1796.04,1796.04,-0.02,46.53,82265.08,-1
2025-08-25,2025-08-25 13:19:00,1796.04,1796.04,1795.66,1795.66,-0.02,46.53,82265.08,-1
2025-08-25,2025-08-25 13:20:00,1795.66,1795.66,1795.28,1795.28,-0.02,46.53,82265.08,-1
2025-08-25,2025-08-25 13:21:00,1795.28,1795.28,1794.9,1794.9,-0.02,46.53,82265.08,-1
2025-08-25,2025-08-25 13:22:00,1794.9,1794.9,1794.52,1794.52,-0.02,46.53,82265.08,-1
2025-08-25,2025-08-25 13:23:00,1794.52,1794.52,1794.14,1794.14,-0.02,46.53,82265.08,-1
2025-08-25,2025-08-25 13:24:00,1794.14,1794.14,1793.75,1793.75,-0.02,46.53,82265.08,-1
2025-08-25,2025-08-25 13:25:00,1793.75,1793.75,1793.37,1793.37,-0.02,46.53,82265.08,-1
2025-08-25,2025-08-25 13:26:00,1793.37,1793.37,1792.99,1792.99,-0.02,46.53,82265.08,-1
2025-08-25,2025-08-25 13:27:00,1792.99,1792.99,1792.61,1792.61,-0.02,46.53,82265.08,-1
2025-08-25,2025-08-25 13:28:00,1792.61,1792.61,1792.23,1792.23,-0.02,46.53,82265.08,-1
2025-08-25,2025-08-25 13:29:00,1792.23,1792.23,1791.85,1791.85,-0.02,46.53,82265.08,-1
2025-08-25,2025-08-25 13:30:00,1791.85,1791.85,1791.47,1791.47,-0.02,46.53,82265.08,-1
2025-08-25,2025-08-25 13:31:00,1791.47,1791.47,1791.09,1791.09,-0.02,46.53,82265.08,-1
2025-08-25,2025-08-25 13:32:00,1791.09,1791.09,1790.71,1790.71,-0.02,46.53,82265.08,-1
2025-08-25,2025-08-25 13:33:00,1790.71,1790.71,1790.33,1790.33,-0.02,46.53,82265.08,-1
2025-08-25,2025-08-25 13:34:00,1790.33,1790.33,1789.94,1789.94,-0.02,46.53,82265.08,-1
2025-08-25,2025-08-25 13:35:00,1789.94,1789.94,1789.56,1789.56,-0.02,46.53,82265.08,-1
2025-08-25,2025-08-25 13:36:00,1789.56,1789.56,1789.18,1789.18,-0.02,46.53,82265.08,-1
2025-08-25,2025-08-25 13:37:00,1789.18,1789.18,1788.8,1788.8,-0.02,46.53,82265.08,-1
2025-08-25,2025-08-25 13:38:00,1788.8,1788.8,1788.42,1788.42,-0.02,46.53,82265.08,-1
2025-08-25,2025-08-25 13:39:00,1788.42,1788.42,1788.04,1788.04,-0.02,46.53,82265.08,-1
2025-08-25,2025-08-25 13:40:00,1788.04,1788.04,1787.66,1787.66,-0.02,46.53,82265.08,-1
2025-08-25,2025-08-25 13:41:00,1787.66,1787.66,1787.28,1787.28,-0.02,46.53,82265.08,-1
2025-08-25,2025-08-25 13:42:00,1787.28,1787.28,1786.9,1786.9,-0.02,46.53,82265.08,-1
2025-08-25,2025-08-25 13:43:00,1786.9,1786.9,1786.52,1786.52,-0.02,46.53,82265.08,-1
2025-08-25,2025-08-25 13:44:00,1786.52,1786.52,1786.13,1786.13,-0.02,46.53,82265.08,-1
2025-08-25,2025-08-25 13:45:00,1786.13,1786.13,1785.75,1785.75,-0.02,46.53,82265.08,-1
2025-08-25,2025-08-25 13:46:00,1785.75,1785.75,1785.37,1785.37,-0.02,46.53,82265.08,-1
2025-08-25,2025-08-25 13:47:00,1785.37,1785.37,1784.99,1784.99,-0.02,46.53,82265.08,-1
2025-08-25,2025-08-25 13:48:00,1784.99,1784.99,1784.61,1784.61,-0.02,46.53,82265.08,-1
2025-08-25,2025-08-25 13:49:00,1784.61,1784.61,1784.23,1784.23,-0.02,46.53,82265.08,-1
2025-08-25,2025-08-25 13:50:00,1784.23,1784.23,1783.85,1783.85,-0.02,46.53,82265.08,-1
2025-08-25,2025-08-25 13:51:00,1783.85,1783.85,1783.47,1783.47,-0.02,46.53,82265.08,-1
2025-08-25,2025-08-25 13:52:00,1783.47,1783.47,1783.09,1783.09,-0.02,46.53,82265.08,-1
2025-08-25,2025-08-25 13:53:00,1783.09,1783.09,1782.71,1782.71,-0.02,46.53,82265.08,-1
2025-08-25,2025-08-25 13:54:00,1782.71,1782.71,1782.33,1782.33,-0.02,46.53,82265.08,-1
2025-08-25,2025-08-25 13:55:00,1782.33,1782.33,1781.94,1781.94,-0.02,46.53,82265.08,-1
2025-08-25,2025-08-25 13:56:00,1781.94,1781.94,1781.56,1781.56,-0.02,46.53,82265.08,-1
2025-08-25,2025-08-25 13:57:00,1781.56,1781.56,1781.18,1781.18,-0.02,46.53,82265.08,-1
2025-08-25,2025-08-25 13:58:00,1781.18,1781.18,1780.8,1780.8,-0.02,46.53,82265.08,-1
2025-08-25,2025-08-25 13:59:00,1780.8,1780.8,1780.42,1780.42,-0.02,46.53,82265.08,-1
2025-08-25,2025-08-25 14:00:00,1780.42,1780.42,1780.04,1780.04,-0.02,46.53,82265.08,-1
2025-08-25,2025-08-25 14:01:00,1780.04,1780.04,1779.66,1779.66,-0.02,46.53,82265.08,-1
2025-08-25,2025-08-25 14:02:00,1779.66,1779.66,1779.28,1779.28,-0.02,46.53,82265.08,-1
2025-08-25,2025-08-25 14:03:00,1779.28,1779.28,1778.9,1778.9,-0.02,46.53,82265.08,-1
2025-08-25,2025-08-25 14:04:00,1778.9,1778.9,1778.51,1778.51,-0.02,46.53,82265.08,-1
2025-08-25,2025-08-25 14:05:00,1778.51,1778.51,1778.13,1778.13,-0.02,46.53,82265.08,-1
2025-08-25,2025-08-25 14:06:00,1778.13,1778.13,1777.75,1777.75,-0.02,46.53,82265.08,-1
2025-08-25,2025-08-25 14:07:00,1777.75,1777.75,1777.37,1777.37,-0.02,46.53,82265.08,-1
2025-08-25,2025-08-25 14:08:00,1777.37,1777.37,1776.99,1776.99,-0.02,46.53,82265.08,-1
2025-08-25,2025-08-25 14:09:00,1776.99,1776.99,1776.61,1776.61,-0.02,46.53,82265.08,-1
2025-08-25,2025-08-25 14:10:00,1776.61,1776.61,1776.23,1776.23,-0.02,46.53,82265.08,-1
2025-08-25,2025-08-25 14:11:00,1776.23,1776.23,1775.85,1775.85,-0.02,46.53,82265.08,-1
2025-08-25,2025-08-25 14:12:00,1775.85,1775.85,1775.47,1775.47,-0.02,46.53,82265.08,-1
2025-08-25,2025-08-25 14:13:00,1775.47,1775.47,1775.09,1775.09,-0.02,46.53,82265.08,-1
2025-08-25,2025-08-25 14:14:00,1775.09,1775.09,1774.7,1774.7,-0.02,46.53,82265.08,-1
2025-08-25,2025-08-25 14:15:00,1774.7,1774.7,1774.32,1774.32,-0.02,46.53,82265.08,-1
2025-08-25,2025-08-25 14:16:00,1774.32,1774.32,1773.94,1773.94,-0.02,46.53,82265.08,-1
2025-08-25,2025-08-25 14:17:00,1773.94,1773.94,1773.56,1773.56,-0.02,46.53,82265.08,-1
2025-08-25,2025-08-25 14:18:00,1773.56,1773.56,1773.18,1773.18,-0.02,46.53,82265.08,-1
2025-08-25,2025-08-25 14:19:00,1773.18,1773.18,1772.8,1772.8,-0.02,46.53,82265.08,-1
2025-08-25,2025-08-25 14:20:00,1772.8,1772.8,1772.42,1772.42,-0.02,46.53,82265.08,-1
2025-08-25,2025-08-25 14:21:00,1772.42,1772.42,1772.04,1772.04,-0.02,46.53,82265.08,-1
2025-08-25,2025-08-25 14:22:00,1772.04,1772.04,1771.66,1771.66,-0.02,46.53,82265.08,-1
2025-08-25,2025-08-25 14:23:00,1771.66,1771.66,1771.28,1771.28,-0.02,46.53,82265.08,-1
2025-08-25,2025-08-25 14:24:00,1771.28,1771.28,1770.89,1770.89,-0.02,46.53,82265.08,-1
2025-08-25,2025-08-25 14:25:00,1770.89,1770.89,1770.51,1770.51,-0.02,46.53,82265.08,-1
2025-08-25,2025-08-25 14:26:00,1770.51,1770.51,1770.13,1770.13,-0.02,46.53,82265.08,-1
2025-08-25,2025-08-25 14:27:00,1770.13,1770.13,1769.75,1769.75,-0.02,46.53,82265.08,-1
2025-08-25,2025-08-25 14:28:00,1769.75,1769.75,1769.37,1769.37,-0.02,46.53,82265.08,-1
2025-08-25,2025-08-25 14:29:00,1769.37,1769.37,1768.99,1768.99,-0.02,46.53,82265.08,-1
2025-08-25,2025-08-25 14:30:00,1768.99,1768.99,1768.61,1768.61,-0.02,46.53,82265.08,-1
2025-08-25,2025-08-25 14:31:00,1768.61,1768.61,1768.23,1768.23,-0.02,46.53,82265.08,-1
2025-08-25,2025-08-25 14:32:00,1768.23,1768.23,1767.85,1767.85,-0.02,46.53,82265.08,-1
2025-08-25,2025-08-25 14:33:00,1767.85,1767.85,1767.47,1767.47,-0.02,46.53,82265.08,-1
2025-08-25,2025-08-25 14:34:00,1767.47,1767.47,1767.09,1767.09,-0.02,46.53,82265.08,-1
2025-08-25,2025-08-25 14:35:00,1767.09,1767.09,1766.7,1766.7,-0.02,46.53,82265.08,-1
2025-08-25,2025-08-25 14:36:00,1766.7,1766.7,1766.32,1766.32,-0.02,46.53,82265.08,-1
2025-08-25,2025-08-25 14:37:00,1766.32,1766.32,1765.94,1765.94,-0.02,46.53,82265.08,-1
2025-08-25,2025-08-25 14:38:00,1765.94,1765.94,1765.56,1765.56,-0.02,46.53,82265.08,-1
2025-08-25,2025-08-25 14:39:00,1765.56,1765.56,1765.18,1765.18,-0.02,46.53,82265.08,-1
2025-08-25,2025-08-25 14:40:00,1765.18,1765.18,1764.8,1764.8,-0.02,46.53,82265.08,-1
2025-08-25,2025-08-25 14:41:00,1764.8,1764.8,1764.42,1764.42,-0.02,46.53,82265.08,-1
2025-08-25,2025-08-25 14:42:00,1764.42,1764.42,1764.04,1764.04,-0.02,46.53,82265.08,-1
2025-08-25,2025-08-25 14:43:00,1764.04,1764.04,1763.66,1763.66,-0.02,46.53,82265.08,-1
2025-08-25,2025-08-25 14:44:00,1763.66,1763.66,1763.27,1763.27,-0.02,46.53,82265.08,-1
2025-08-25,2025-08-25 14:45:00,1763.27,1763.27,1762.89,1762.89,-0.02,46.53,82265.08,-1
2025-08-25,2025-08-25 14:46:00,1762.89,1762.89,1762.51,1762.51,-0.02,46.53,82265.08,-1
2025-08-25,2025-08-25 14:47:00,1762.51,1762.51,1762.13,1762.13,-0.02,46.53,82265.08,-1
2025-08-25,2025-08-25 14:48:00,1762.13,1762.13,1761.75,1761.75,-0.02,46.53,82265.08,-1
2025-08-25,2025-08-25 14:49:00,1761.75,1761.75,1761.37,1761.37,-0.02,46.53,82265.08,-1
2025-08-25,2025-08-25 14:50:00,1761.37,1761.37,1760.99,1760.99,-0.02,46.53,82265.08,-1
2025-08-25,2025-08-25 14:51:00,1760.99,1760.99,1760.61,1760.61,-0.02,46.53,82265.08,-1
2025-08-25,2025-08-25 14:52:00,1760.61,1760.61,1760.23,1760.23,-0.02,46.53,82265.08,-1
2025-08-25,2025-08-25 14:53:00,1760.23,1760.23,1759.85,1759.85,-0.02,46.53,82265.08,-1
2025-08-25,2025-08-25 14:54:00,1759.85,1759.85,1759.46,1759.46,-0.02,46.53,82265.08,-1
2025-08-25,2025-08-25 14:55:00,1759.46,1759.46,1759.08,1759.08,-0.02,46.53,82265.08,-1
2025-08-25,2025-08-25 14:56:00,1759.08,1759.08,1758.7,1758.7,-0.02,46.53,82265.08,-1
2025-08-25,2025-08-25 14:57:00,1758.7,1758.7,1758.32,1758.32,-0.02,46.53,82265.08,-1
2025-08-25,2025-08-25 14:58:00,1758.32,1758.32,1757.94,1757.94,-0.02,46.53,82265.08,-1
2025-08-25,2025-08-25 14:59:00,1757.94,1757.94,1757.56,1757.56,-0.02,46.53,82265.08,-1
2025-08-25,2025-08-25 15:00:00,1757.56,1855.0,1741.1,1757.56,0.0,46.53,82265.08,0
2025-08-26,2025-08-26 11:00:00,1723.1,1764.17,1723.1,1723.58,0.03,25.44,44698.14,1
2025-08-26,2025-08-26 11:01:00,1723.58,1724.05,1723.58,1724.05,0.03,25.44,44698.14,1
2025-08-26,2025-08-26 11:02:00,1724.05,1724.53,1724.05,1724.53,0.03,25.44,44698.14,1
2025-08-26,2025-08-26 11:03:00,1724.53,1725.0,1724.53,1725.0,0.03,25.44,44698.14,1
2025-08-26,2025-08-26 11:04:00,1725.0,1725.48,1725.0,1725.48,0.03,25.44,44698.14,1
2025-08-26,2025-08-26 11:05:00,1725.48,1725.95,1725.48,1725.95,0.03,25.44,44698.14,1
2025-08-26,2025-08-26 11:06:00,1725.95,1726.43,1725.95,1726.43,0.03,25.44,44698.14,1
2025-08-26,2025-08-26 11:07:00,1726.43,1726.9,1726.43,1726.9,0.03,25.44,44698.14,1
2025-08-26,2025-08-26 11:08:00,1726.9,1727.38,1726.9,1727.38,0.03,25.44,44698.14,1
2025-08-26,2025-08-26 11:09:00,1727.38,1727.86,1727.38,1727.86,0.03,25.44,44698.14,1
2025-08-26,2025-08-26 11:10:00,1727.86,1728.33,1727.86,1728.33,0.03,25.44,44698.14,1
2025-08-26,2025-08-26 11:11:00,1728.33,1728.81,1728.33,1728.81,0.03,25.44,44698.14,1
2025-08-26,2025-08-26 11:12:00,1728.81,1729.28,1728.81,1729.28,0.03,25.44,44698.14,1
2025-08-26,2025-08-26 11:13:00,1729.28,1729.76,1729.28,1729.76,0.03,25.44,44698.14,1
2025-08-26,2025-08-26 11:14:00,1729.76,1730.23,1729.76,1730.23,0.03,25.44,44698.14,1
2025-08-26,2025-08-26 11:15:00,1730.23,1730.71,1730.23,1730.71,0.03,25.44,44698.14,1
2025-08-26,2025-08-26 11:16:00,1730.71,1731.18,1730.71,1731.18,0.03,25.44,44698.14,1
2025-08-26,2025-08-26 11:17:00,1731.18,1731.66,1731.18,1731.66,0.03,25.44,44698.14,1
2025-08-26,2025-08-26 11:18:00,1731.66,1732.14,1731.66,1732.14,0.03,25.44,44698.14,1
2025-08-26,2025-08-26 11:19:00,1732.14,1732.61,1732.14,1732.61,0.03,25.44,44698.14,1
2025-08-26,2025-08-26 11:20:00,1732.61,1733.09,1732.61,1733.09,0.03,25.44,44698.14,1
2025-08-26,2025-08-26 11:21:00,1733.09,1733.56,1733.09,1733.56,0.03,25.44,44698.14,1
2025-08-26,2025-08-26 11:22:00,1733.56,1734.04,1733.56,1734.04,0.03,25.44,44698.14,1
2025-08-26,2025-08-26 11:23:00,1734.04,1734.51,1734.04,1734.51,0.03,25.44,44698.14,1
2025-08-26,2025-08-26 11:24:00,1734.51,1734.99,1734.51,1734.99,0.03,25.44,44698.14,1
2025-08-26,2025-08-26 11:25:00,1734.99,1735.46,1734.99,1735.46,0.03,25.44,44698.14,1
2025-08-26,2025-08-26 11:26:00,1735.46,1735.94,1735.46,1735.94,0.03,25.44,44698.14,1
2025-08-26,2025-08-26 11:27:00,1735.94,1736.42,1735.94,1736.42,0.03,25.44,44698.14,1
2025-08-26,2025-08-26 11:28:00,1736.42,1736.89,1736.42,1736.89,0.03,25.44,44698.14,1
2025-08-26,2025-08-26 11:29:00,1736.89,1737.37,1736.89,1737.37,0.03,25.44,44698.14,1
2025-08-26,2025-08-26 11:30:00,1737.37,1737.84,1737.37,1737.84,0.03,25.44,44698.14,1
2025-08-26,2025-08-26 11:31:00,1737.84,1738.32,1737.84,1738.32,0.03,25.44,44698.14,1
2025-08-26,2025-08-26 11:32:00,1738.32,1738.79,1738.32,1738.79,0.03,25.44,44698.14,1
2025-08-26,2025-08-26 11:33:00,1738.79,1739.27,1738.79,1739.27,0.03,25.44,44698.14,1
2025-08-26,2025-08-26 11:34:00,1739.27,1739.74,1739.27,1739.74,0.03,25.44,44698.14,1
2025-08-26,2025-08-26 11:35:00,1739.74,1740.22,1739.74,1740.22,0.03,25.44,44698.14,1
2025-08-26,2025-08-26 11:36:00,1740.22,1740.7,1740.22,1740.7,0.03,25.44,44698.14,1
2025-08-26,2025-08-26 11:37:00,1740.7,1741.17,1740.7,1741.17,0.03,25.44,44698.14,1
2025-08-26,2025-08-26 11:38:00,1741.17,1741.65,1741.17,1741.65,0.03,25.44,44698.14,1
2025-08-26,2025-08-26 11:39:00,1741.65,1742.12,1741.65,1742.12,0.03,25.44,44698.14,1
2025-08-26,2025-08-26 11:40:00,1742.12,1742.6,1742.12,1742.6,0.03,25.44,44698.14,1
2025-08-26,2025-08-26 11:41:00,1742.6,1743.07,1742.6,1743.07,0.03,25.44,44698.14,1
2025-08-26,2025-08-26 11:42:00,1743.07,1743.55,1743.07,1743.55,0.03,25.44,44698.14,1
2025-08-26,2025-08-26 11:43:00,1743.55,1744.02,1743.55,1744.02,0.03,25.44,44698.14,1
2025-08-26,2025-08-26 11:44:00,1744.02,1744.5,1744.02,1744.5,0.03,25.44,44698.14,1
2025-08-26,2025-08-26 11:45:00,1744.5,1744.97,1744.5,1744.97,0.03,25.44,44698.14,1
2025-08-26,2025-08-26 11:46:00,1744.97,1745.45,1744.97,1745.45,0.03,25.44,44698.14,1
2025-08-26,2025-08-26 11:47:00,1745.45,1745.93,1745.45,1745.93,0.03,25.44,44698.14,1
2025-08-26,2025-08-26 11:48:00,1745.93,1746.4,1745.93,1746.4,0.03,25.44,44698.14,1
2025-08-26,2025-08-26 11:49:00,1746.4,1746.88,1746.4,1746.88,0.03,25.44,44698.14,1
2025-08-26,2025-08-26 11:50:00,1746.88,1747.35,1746.88,1747.35,0.03,25.44,44698.14,1
2025-08-26,2025-08-26 11:51:00,1747.35,1747.83,1747.35,1747.83,0.03,25.44,44698.14,1
2025-08-26,2025-08-26 11:52:00,1747.83,1748.3,1747.83,1748.3,0.03,25.44,44698.14,1
2025-08-26,2025-08-26 11:53:00,1748.3,1748.78,1748.3,1748.78,0.03,25.44,44698.14,1
2025-08-26,2025-08-26 11:54:00,1748.78,1749.25,1748.78,1749.25,0.03,25.44,44698.14,1
2025-08-26,2025-08-26 11:55:00,1749.25,1749.73,1749.25,1749.73,0.03,25.44,44698.14,1
2025-08-26,2025-08-26 11:56:00,1749.73,1750.21,1749.73,1750.21,0.03,25.44,44698.14,1
2025-08-26,2025-08-26 11:57:00,1750.21,1750.68,1750.21,1750.68,0.03,25.44,44698.14,1
2025-08-26,2025-08-26 11:58:00,1750.68,1751.16,1750.68,1751.16,0.03,25.44,44698.14,1
2025-08-26,2025-08-26 11:59:00,1751.16,1751.63,1751.16,1751.63,0.03,25.44,44698.14,1
2025-08-26,2025-08-26 12:00:00,1751.63,1752.11,1751.63,1752.11,0.03,25.44,44698.14,1
2025-08-26,2025-08-26 12:01:00,1752.11,1752.58,1752.11,1752.58,0.03,25.44,44698.14,1
2025-08-26,2025-08-26 12:02:00,1752.58,1753.06,1752.58,1753.06,0.03,25.44,44698.14,1
2025-08-26,2025-08-26 12:03:00,1753.06,1753.53,1753.06,1753.53,0.03,25.44,44698.14,1
2025-08-26,2025-08-26 12:04:00,1753.53,1754.01,1753.53,1754.01,0.03,25.44,44698.14,1
2025-08-26,2025-08-26 12:05:00,1754.01,1754.49,1754.01,1754.49,0.03,25.44,44698.14,1
2025-08-26,2025-08-26 12:06:00,1754.49,1754.96,1754.49,1754.96,0.03,25.44,44698.14,1
2025-08-26,2025-08-26 12:07:00,1754.96,1755.44,1754.96,1755.44,0.03,25.44,44698.14,1
2025-08-26,2025-08-26 12:08:00,1755.44,1755.91,1755.44,1755.91,0.03,25.44,44698.14,1
2025-08-26,2025-08-26 12:09:00,1755.91,1756.39,1755.91,1756.39,0.03,25.44,44698.14,1
2025-08-26,2025-08-26 12:10:00,1756.39,1756.86,1756.39,1756.86,0.03,25.44,44698.14,1
2025-08-26,2025-08-26 12:11:00,1756.86,1757.34,1756.86,1757.34,0.03,25.44,44698.14,1
2025-08-26,2025-08-26 12:12:00,1757.34,1757.81,1757.34,1757.81,0.03,25.44,44698.14,1
2025-08-26,2025-08-26 12:13:00,1757.81,1758.29,1757.81,1758.29,0.03,25.44,44698.14,1
2025-08-26,2025-08-26 12:14:00,1758.29,1758.77,1758.29,1758.77,0.03,25.44,44698.14,1
2025-08-26,2025-08-26 12:15:00,1758.77,1759.24,1758.77,1759.24,0.03,25.44,44698.14,1
2025-08-26,2025-08-26 12:16:00,1759.24,1759.72,1759.24,1759.72,0.03,25.44,44698.14,1
2025-08-26,2025-08-26 12:17:00,1759.72,1760.19,1759.72,1760.19,0.03,25.44,44698.14,1
2025-08-26,2025-08-26 12:18:00,1760.19,1760.67,1760.19,1760.67,0.03,25.44,44698.14,1
2025-08-26,2025-08-26 12:19:00,1760.67,1761.14,1760.67,1761.14,0.03,25.44,44698.14,1
2025-08-26,2025-08-26 12:20:00,1761.14,1761.62,1761.14,1761.62,0.03,25.44,44698.14,1
2025-08-26,2025-08-26 12:21:00,1761.62,1762.09,1761.62,1762.09,0.03,25.44,44698.14,1
2025-08-26,2025-08-26 12:22:00,1762.09,1762.57,1762.09,1762.57,0.03,25.44,44698.14,1
2025-08-26,2025-08-26 12:23:00,1762.57,1763.05,1762.57,1763.05,0.03,25.44,44698.14,1
2025-08-26,2025-08-26 12:24:00,1763.05,1763.52,1763.05,1763.52,0.03,25.44,44698.14,1
2025-08-26,2025-08-26 12:25:00,1763.52,1764.0,1763.52,1764.0,0.03,25.44,44698.14,1
2025-08-26,2025-08-26 12:26:00,1764.0,1764.47,1764.0,1764.47,0.03,25.44,44698.14,1
2025-08-26,2025-08-26 12:27:00,1764.47,1764.95,1764.47,1764.95,0.03,25.44,44698.14,1
2025-08-26,2025-08-26 12:28:00,1764.95,1765.42,1764.95,1765.42,0.03,25.44,44698.14,1
2025-08-26,2025-08-26 12:29:00,1765.42,1765.9,1765.42,1765.9,0.03,25.44,44698.14,1
2025-08-26,2025-08-26 12:30:00,1765.9,1766.37,1765.9,1766.37,0.03,25.44,44698.14,1
2025-08-26,2025-08-26 12:31:00,1766.37,1766.85,1766.37,1766.85,0.03,25.44,44698.14,1
2025-08-26,2025-08-26 12:32:00,1766.85,1767.33,1766.85,1767.33,0.03,25.44,44698.14,1
2025-08-26,2025-08-26 12:33:00,1767.33,1767.8,1767.33,1767.8,0.03,25.44,44698.14,1
2025-08-26,2025-08-26 12:34:00,1767.8,1768.28,1767.8,1768.28,0.03,25.44,44698.14,1
2025-08-26,2025-08-26 12:35:00,1768.28,1768.75,1768.28,1768.75,0.03,25.44,44698.14,1
2025-08-26,2025-08-26 12:36:00,1768.75,1769.23,1768.75,1769.23,0.03,25.44,44698.14,1
2025-08-26,2025-08-26 12:37:00,1769.23,1769.7,1769.23,1769.7,0.03,25.44,44698.14,1
2025-08-26,2025-08-26 12:38:00,1769.7,1770.18,1769.7,1770.18,0.03,25.44,44698.14,1
2025-08-26,2025-08-26 12:39:00,1770.18,1770.65,1770.18,1770.65,0.03,25.44,44698.14,1
2025-08-26,2025-08-26 12:40:00,1770.65,1771.13,1770.65,1771.13,0.03,25.44,44698.14,1
2025-08-26,2025-08-26 12:41:00,1771.13,1771.61,1771.13,1771.61,0.03,25.44,44698.14,1
2025-08-26,2025-08-26 12:42:00,1771.61,1772.08,1771.61,1772.08,0.03,25.44,44698.14,1
2025-08-26,2025-08-26 12:43:00,1772.08,1772.56,1772.08,1772.56,0.03,25.44,44698.14,1
2025-08-26,2025-08-26 12:44:00,1772.56,1773.03,1772.56,1773.03,0.03,25.44,44698.14,1
2025-08-26,2025-08-26 12:45:00,1773.03,1773.51,1773.03,1773.51,0.03,25.44,44698.14,1
2025-08-26,2025-08-26 12:46:00,1773.51,1773.98,1773.51,1773.98,0.03,25.44,44698.14,1
2025-08-26,2025-08-26 12:47:00,1773.98,1774.46,1773.98,1774.46,0.03,25.44,44698.14,1
2025-08-26,2025-08-26 12:48:00,1774.46,1774.93,1774.46,1774.93,0.03,25.44,44698.14,1
2025-08-26,2025-08-26 12:49:00,1774.93,1775.41,1774.93,1775.41,0.03,25.44,44698.14,1
2025-08-26,2025-08-26 12:50:00,1775.41,1775.89,1775.41,1775.89,0.03,25.44,44698.14,1
2025-08-26,2025-08-26 12:51:00,1775.89,1776.36,1775.89,1776.36,0.03,25.44,44698.14,1
2025-08-26,2025-08-26 12:52:00,1776.36,1776.84,1776.36,1776.84,0.03,25.44,44698.14,1
2025-08-26,2025-08-26 12:53:00,1776.84,1777.31,1776.84,1777.31,0.03,25.44,44698.14,1
2025-08-26,2025-08-26 12:54:00,1777.31,1777.79,1777.31,1777.79,0.03,25.44,44698.14,1
2025-08-26,2025-08-26 12:55:00,1777.79,1778.26,1777.79,1778.26,0.03,25.44,44698.14,1
2025-08-26,2025-08-26 12:56:00,1778.26,1778.74,1778.26,1778.74,0.03,25.44,44698.14,1
2025-08-26,2025-08-26 12:57:00,1778.74,1779.21,1778.74,1779.21,0.03,25.44,44698.14,1
2025-08-26,2025-08-26 12:58:00,1779.21,1779.69,1779.21,1779.69,0.03,25.44,44698.14,1
2025-08-26,2025-08-26 12:59:00,1779.69,1780.16,1779.69,1780.16,0.03,25.44,44698.14,1
2025-08-26,2025-08-26 13:00:00,1780.16,1860.0,1723.1,1780.64,0.03,25.44,44698.14,1
2025-08-26,2025-08-26 13:01:00,1780.64,1781.12,1780.64,1781.12,0.03,25.44,44698.14,1
2025-08-26,2025-08-26 13:02:00,1781.12,1781.59,1781.12,1781.59,0.03,25.44,44698.14,1
2025-08-26,2025-08-26 13:03:00,1781.59,1782.07,1781.59,1782.07,0.03,25.44,44698.14,1
2025-08-26,2025-08-26 13:04:00,1782.07,1782.54,1782.07,1782.54,0.03,25.44,44698.14,1
2025-08-26,2025-08-26 13:05:00,1782.54,1783.02,1782.54,1783.02,0.03,25.44,44698.14,1
2025-08-26,2025-08-26 13:06:00,1783.02,1783.49,1783.02,1783.49,0.03,25.44,44698.14,1
2025-08-26,2025-08-26 13:07:00,1783.49,1783.97,1783.49,1783.97,0.03,25.44,44698.14,1
2025-08-26,2025-08-26 13:08:00,1783.97,1784.44,1783.97,1784.44,0.03,25.44,44698.14,1
2025-08-26,2025-08-26 13:09:00,1784.44,1784.92,1784.44,1784.92,0.03,25.44,44698.14,1
2025-08-26,2025-08-26 13:10:00,1784.92,1785.4,1784.92,1785.4,0.03,25.44,44698.14,1
2025-08-26,2025-08-26 13:11:00,1785.4,1785.87,1785.4,1785.87,0.03,25.44,44698.14,1
2025-08-26,2025-08-26 13:12:00,1785.87,1786.35,1785.87,1786.35,0.03,25.44,44698.14,1
2025-08-26,2025-08-26 13:13:00,1786.35,1786.82,1786.35,1786.82,0.03,25.44,44698.14,1
2025-08-26,2025-08-26 13:14:00,1786.82,1787.3,1786.82,1787.3,0.03,25.44,44698.14,1
2025-08-26,2025-08-26 13:15:00,1787.3,1787.77,1787.3,1787.77,0.03,25.44,44698.14,1
2025-08-26,2025-08-26 13:16:00,1787.77,1788.25,1787.77,1788.25,0.03,25.44,44698.14,1
2025-08-26,2025-08-26 13:17:00,1788.25,1788.72,1788.25,1788.72,0.03,25.44,44698.14,1
2025-08-26,2025-08-26 13:18:00,1788.72,1789.2,1788.72,1789.2,0.03,25.44,44698.14,1
2025-08-26,2025-08-26 13:19:00,1789.2,1789.68,1789.2,1789.68,0.03,25.44,44698.14,1
2025-08-26,2025-08-26 13:20:00,1789.68,1790.15,1789.68,1790.15,0.03,25.44,44698.14,1
2025-08-26,2025-08-26 13:21:00,1790.15,1790.63,1790.15,1790.63,0.03,25.44,44698.14,1
2025-08-26,2025-08-26 13:22:00,1790.63,1791.1,1790.63,1791.1,0.03,25.44,44698.14,1
2025-08-26,2025-08-26 13:23:00,1791.1,1791.58,1791.1,1791.58,0.03,25.44,44698.14,1
2025-08-26,2025-08-26 13:24:00,1791.58,1792.05,1791.58,1792.05,0.03,25.44,44698.14,1
2025-08-26,2025-08-26 13:25:00,1792.05,1792.53,1792.05,1792.53,0.03,25.44,44698.14,1
2025-08-26,2025-08-26 13:26:00,1792.53,1793.0,1792.53,1793.0,0.03,25.44,44698.14,1
2025-08-26,2025-08-26 13:27:00,1793.0,1793.48,1793.0,1793.48,0.03,25.44,44698.14,1
2025-08-26,2025-08-26 13:28:00,1793.48,1793.96,1793.48,1793.96,0.03,25.44,44698.14,1
2025-08-26,2025-08-26 13:29:00,1793.96,1794.43,1793.96,1794.43,0.03,25.44,44698.14,1
2025-08-26,2025-08-26 13:30:00,1794.43,1794.91,1794.43,1794.91,0.03,25.44,44698.14,1
2025-08-26,2025-08-26 13:31:00,1794.91,1795.38,1794.91,1795.38,0.03,25.44,44698.14,1
2025-08-26,2025-08-26 13:32:00,1795.38,1795.86,1795.38,1795.86,0.03,25.44,44698.14,1
2025-08-26,2025-08-26 13:33:00,1795.86,1796.33,1795.86,1796.33,0.03,25.44,44698.14,1
2025-08-26,2025-08-26 13:34:00,1796.33,1796.81,1796.33,1796.81,0.03,25.44,44698.14,1
2025-08-26,2025-08-26 13:35:00,1796.81,1797.28,1796.81,1797.28,0.03,25.44,44698.14,1
2025-08-26,2025-08-26 13:36:00,1797.28,1797.76,1797.28,1797.76,0.03,25.44,44698.14,1
2025-08-26,2025-08-26 13:37:00,1797.76,1798.24,1797.76,1798.24,0.03,25.44,44698.14,1
2025-08-26,2025-08-26 13:38:00,1798.24,1798.71,1798.24,1798.71,0.03,25.44,44698.14,1
2025-08-26,2025-08-26 13:39:00,1798.71,1799.19,1798.71,1799.19,0.03,25.44,44698.14,1
2025-08-26,2025-08-26 13:40:00,1799.19,1799.66,1799.19,1799.66,0.03,25.44,44698.14,1
2025-08-26,2025-08-26 13:41:00,1799.66,1800.14,1799.66,1800.14,0.03,25.44,44698.14,1
2025-08-26,2025-08-26 13:42:00,1800.14,1800.61,1800.14,1800.61,0.03,25.44,44698.14,1
2025-08-26,2025-08-26 13:43:00,1800.61,1801.09,1800.61,1801.09,0.03,25.44,44698.14,1
2025-08-26,2025-08-26 13:44:00,1801.09,1801.56,1801.09,1801.56,0.03,25.44,44698.14,1
2025-08-26,2025-08-26 13:45:00,1801.56,1802.04,1801.56,1802.04,0.03,25.44,44698.14,1
2025-08-26,2025-08-26 13:46:00,1802.04,1802.52,1802.04,1802.52,0.03,25.44,44698.14,1
2025-08-26,2025-08-26 13:47:00,1802.52,1802.99,1802.52,1802.99,0.03,25.44,44698.14,1
2025-08-26,2025-08-26 13:48:00,1802.99,1803.47,1802.99,1803.47,0.03,25.44,44698.14,1
2025-08-26,2025-08-26 13:49:00,1803.47,1803.94,1803.47,1803.94,0.03,25.44,44698.14,1
2025-08-26,2025-08-26 13:50:00,1803.94,1804.42,1803.94,1804.42,0.03,25.44,44698.14,1
2025-08-26,2025-08-26 13:51:00,1804.42,1804.89,1804.42,1804.89,0.03,25.44,44698.14,1
2025-08-26,2025-08-26 13:52:00,1804.89,1805.37,1804.89,1805.37,0.03,25.44,44698.14,1
2025-08-26,2025-08-26 13:53:00,1805.37,1805.84,1805.37,1805.84,0.03,25.44,44698.14,1
2025-08-26,2025-08-26 13:54:00,1805.84,1806.32,1805.84,1806.32,0.03,25.44,44698.14,1
2025-08-26,2025-08-26 13:55:00,1806.32,1806.8,1806.32,1806.8,0.03,25.44,44698.14,1
2025-08-26,2025-08-26 13:56:00,1806.8,1807.27,1806.8,1807.27,0.03,25.44,44698.14,1
2025-08-26,2025-08-26 13:57:00,1807.27,1807.75,1807.27,1807.75,0.03,25.44,44698.14,1
2025-08-26,2025-08-26 13:58:00,1807.75,1808.22,1807.75,1808.22,0.03,25.44,44698.14,1
2025-08-26,2025-08-26 13:59:00,1808.22,1808.7,1808.22,1808.7,0.03,25.44,44698.14,1
2025-08-26,2025-08-26 14:00:00,1808.7,1809.17,1808.7,1809.17,0.03,25.44,44698.14,1
2025-08-26,2025-08-26 14:01:00,1809.17,1809.65,1809.17,1809.65,0.03,25.44,44698.14,1
2025-08-26,2025-08-26 14:02:00,1809.65,1810.12,1809.65,1810.12,0.03,25.44,44698.14,1
2025-08-26,2025-08-26 14:03:00,1810.12,1810.6,1810.12,1810.6,0.03,25.44,44698.14,1
2025-08-26,2025-08-26 14:04:00,1810.6,1811.08,1810.6,1811.08,0.03,25.44,44698.14,1
2025-08-26,2025-08-26 14:05:00,1811.08,1811.55,1811.08,1811.55,0.03,25.44,44698.14,1
2025-08-26,2025-08-26 14:06:00,1811.55,1812.03,1811.55,1812.03,0.03,25.44,44698.14,1
2025-08-26,2025-08-26 14:07:00,1812.03,1812.5,1812.03,1812.5,0.03,25.44,44698.14,1
2025-08-26,2025-08-26 14:08:00,1812.5,1812.98,1812.5,1812.98,0.03,25.44,44698.14,1
2025-08-26,2025-08-26 14:09:00,1812.98,1813.45,1812.98,1813.45,0.03,25.44,44698.14,1
2025-08-26,2025-08-26 14:10:00,1813.45,1813.93,1813.45,1813.93,0.03,25.44,44698.14,1
2025-08-26,2025-08-26 14:11:00,1813.93,1814.4,1813.93,1814.4,0.03,25.44,44698.14,1
2025-08-26,2025-08-26 14:12:00,1814.4,1814.88,1814.4,1814.88,0.03,25.44,44698.14,1
2025-08-26,2025-08-26 14:13:00,1814.88,1815.36,1814.88,1815.36,0.03,25.44,44698.14,1
2025-08-26,2025-08-26 14:14:00,1815.36,1815.83,1815.36,1815.83,0.03,25.44,44698.14,1
2025-08-26,2025-08-26 14:15:00,1815.83,1816.31,1815.83,1816.31,0.03,25.44,44698.14,1
2025-08-26,2025-08-26 14:16:00,1816.31,1816.78,1816.31,1816.78,0.03,25.44,44698.14,1
2025-08-26,2025-08-26 14:17:00,1816.78,1817.26,1816.78,1817.26,0.03,25.44,44698.14,1
2025-08-26,2025-08-26 14:18:00,1817.26,1817.73,1817.26,1817.73,0.03,25.44,44698.14,1
2025-08-26,2025-08-26 14:19:00,1817.73,1818.21,1817.73,1818.21,0.03,25.44,44698.14,1
2025-08-26,2025-08-26 14:20:00,1818.21,1818.68,1818.21,1818.68,0.03,25.44,44698.14,1
2025-08-26,2025-08-26 14:21:00,1818.68,1819.16,1818.68,1819.16,0.03,25.44,44698.14,1
2025-08-26,2025-08-26 14:22:00,1819.16,1819.63,1819.16,1819.63,0.03,25.44,44698.14,1
2025-08-26,2025-08-26 14:23:00,1819.63,1820.11,1819.63,1820.11,0.03,25.44,44698.14,1
2025-08-26,2025-08-26 14:24:00,1820.11,1820.59,1820.11,1820.59,0.03,25.44,44698.14,1
2025-08-26,2025-08-26 14:25:00,1820.59,1821.06,1820.59,1821.06,0.03,25.44,44698.14,1
2025-08-26,2025-08-26 14:26:00,1821.06,1821.54,1821.06,1821.54,0.03,25.44,44698.14,1
2025-08-26,2025-08-26 14:27:00,1821.54,1822.01,1821.54,1822.01,0.03,25.44,44698.14,1
2025-08-26,2025-08-26 14:28:00,1822.01,1822.49,1822.01,1822.49,0.03,25.44,44698.14,1
2025-08-26,2025-08-26 14:29:00,1822.49,1822.96,1822.49,1822.96,0.03,25.44,44698.14,1
2025-08-26,2025-08-26 14:30:00,1822.96,1823.44,1822.96,1823.44,0.03,25.44,44698.14,1
2025-08-26,2025-08-26 14:31:00,1823.44,1823.91,1823.44,1823.91,0.03,25.44,44698.14,1
2025-08-26,2025-08-26 14:32:00,1823.91,1824.39,1823.91,1824.39,0.03,25.44,44698.14,1
2025-08-26,2025-08-26 14:33:00,1824.39,1824.87,1824.39,1824.87,0.03,25.44,44698.14,1
2025-08-26,2025-08-26 14:34:00,1824.87,1825.34,1824.87,1825.34,0.03,25.44,44698.14,1
2025-08-26,2025-08-26 14:35:00,1825.34,1825.82,1825.34,1825.82,0.03,25.44,44698.14,1
2025-08-26,2025-08-26 14:36:00,1825.82,1826.29,1825.82,1826.29,0.03,25.44,44698.14,1
2025-08-26,2025-08-26 14:37:00,1826.29,1826.77,1826.29,1826.77,0.03,25.44,44698.14,1
2025-08-26,2025-08-26 14:38:00,1826.77,1827.24,1826.77,1827.24,0.03,25.44,44698.14,1
2025-08-26,2025-08-26 14:39:00,1827.24,1827.72,1827.24,1827.72,0.03,25.44,44698.14,1
2025-08-26,2025-08-26 14:40:00,1827.72,1828.19,1827.72,1828.19,0.03,25.44,44698.14,1
2025-08-26,2025-08-26 14:41:00,1828.19,1828.67,1828.19,1828.67,0.03,25.44,44698.14,1
2025-08-26,2025-08-26 14:42:00,1828.67,1829.15,1828.67,1829.15,0.03,25.44,44698.14,1
2025-08-26,2025-08-26 14:43:00,1829.15,1829.62,1829.15,1829.62,0.03,25.44,44698.14,1
2025-08-26,2025-08-26 14:44:00,1829.62,1830.1,1829.62,1830.1,0.03,25.44,44698.14,1
2025-08-26,2025-08-26 14:45:00,1830.1,1830.57,1830.1,1830.57,0.03,25.44,44698.14,1
2025-08-26,2025-08-26 14:46:00,1830.57,1831.05,1830.57,1831.05,0.03,25.44,44698.14,1
2025-08-26,2025-08-26 14:47:00,1831.05,1831.52,1831.05,1831.52,0.03,25.44,44698.14,1
2025-08-26,2025-08-26 14:48:00,1831.52,1832.0,1831.52,1832.0,0.03,25.44,44698.14,1
2025-08-26,2025-08-26 14:49:00,1832.0,1832.47,1832.0,1832.47,0.03,25.44,44698.14,1
2025-08-26,2025-08-26 14:50:00,1832.47,1832.95,1832.47,1832.95,0.03,25.44,44698.14,1
2025-08-26,2025-08-26 14:51:00,1832.95,1833.43,1832.95,1833.43,0.03,25.44,44698.14,1
2025-08-26,2025-08-26 14:52:00,1833.43,1833.9,1833.43,1833.9,0.03,25.44,44698.14,1
2025-08-26,2025-08-26 14:53:00,1833.9,1834.38,1833.9,1834.38,0.03,25.44,44698.14,1
2025-08-26,2025-08-26 14:54:00,1834.38,1834.85,1834.38,1834.85,0.03,25.44,44698.14,1
2025-08-26,2025-08-26 14:55:00,1834.85,1835.33,1834.85,1835.33,0.03,25.44,44698.14,1
2025-08-26,2025-08-26 14:56:00,1835.33,1835.8,1835.33,1835.8,0.03,25.44,44698.14,1
2025-08-26,2025-08-26 14:57:00,1835.8,1836.28,1835.8,1836.28,0.03,25.44,44698.14,1
2025-08-26,2025-08-26 14:58:00,1836.28,1836.75,1836.28,1836.75,0.03,25.44,44698.14,1
2025-08-26,2025-08-26 14:59:00,1836.75,1837.23,1836.75,1837.23,0.03,25.44,44698.14,1
2025-08-26,2025-08-26 15:00:00,1837.23,1860.0,1723.1,1837.23,0.0,25.44,44698.14,0
2025-08-27,2025-08-27 11:00:00,1800.5,1809.05,1786.85,1800.42,-0.0,18.63,33056.59,-1
2025-08-27,2025-08-27 11:01:00,1800.42,1800.42,1800.34,1800.34,-0.0,18.63,33056.59,-1
2025-08-27,2025-08-27 11:02:00,1800.34,1800.34,1800.26,1800.26,-0.0,18.63,33056.59,-1
2025-08-27,2025-08-27 11:03:00,1800.26,1800.26,1800.18,1800.18,-0.0,18.63,33056.59,-1
2025-08-27,2025-08-27 11:04:00,1800.18,1800.18,1800.1,1800.1,-0.0,18.63,33056.59,-1
2025-08-27,2025-08-27 11:05:00,1800.1,1800.1,1800.02,1800.02,-0.0,18.63,33056.59,-1
2025-08-27,2025-08-27 11:06:00,1800.02,1800.02,1799.94,1799.94,-0.0,18.63,33056.59,-1
2025-08-27,2025-08-27 11:07:00,1799.94,1799.94,1799.86,1799.86,-0.0,18.63,33056.59,-1
2025-08-27,2025-08-27 11:08:00,1799.86,1799.86,1799.78,1799.78,-0.0,18.63,33056.59,-1
2025-08-27,2025-08-27 11:09:00,1799.78,1799.78,1799.69,1799.69,-0.01,18.63,33056.59,-1
2025-08-27,2025-08-27 11:10:00,1799.69,1799.69,1799.61,1799.61,-0.0,18.63,33056.59,-1
2025-08-27,2025-08-27 11:11:00,1799.61,1799.61,1799.53,1799.53,-0.0,18.63,33056.59,-1
2025-08-27,2025-08-27 11:12:00,1799.53,1799.53,1799.45,1799.45,-0.0,18.63,33056.59,-1
2025-08-27,2025-08-27 11:13:00,1799.45,1799.45,1799.37,1799.37,-0.0,18.63,33056.59,-1
2025-08-27,2025-08-27 11:14:00,1799.37,1799.37,1799.29,1799.29,-0.0,18.63,33056.59,-1
2025-08-27,2025-08-27 11:15:00,1799.29,1799.29,1799.21,1799.21,-0.0,18.63,33056.59,-1
2025-08-27,2025-08-27 11:16:00,1799.21,1799.21,1799.13,1799.13,-0.0,18.63,33056.59,-1
2025-08-27,2025-08-27 11:17:00,1799.13,1799.13,1799.05,1799.05,-0.0,18.63,33056.59,-1
2025-08-27,2025-08-27 11:18:00,1799.05,1799.05,1798.97,1798.97,-0.0,18.63,33056.59,-1
2025-08-27,2025-08-27 11:19:00,1798.97,1798.97,1798.89,1798.89,-0.0,18.63,33056.59,-1
2025-08-27,2025-08-27 11:20:00,1798.89,1798.89,1798.81,1798.81,-0.0,18.63,33056.59,-1
2025-08-27,2025-08-27 11:21:00,1798.81,1798.81,1798.73,1798.73,-0.0,18.63,33056.59,-1
2025-08-27,2025-08-27 11:22:00,1798.73,1798.73,1798.65,1798.65,-0.0,18.63,33056.59,-1
2025-08-27,2025-08-27 11:23:00,1798.65,1798.65,1798.57,1798.57,-0.0,18.63,33056.59,-1
2025-08-27,2025-08-27 11:24:00,1798.57,1798.57,1798.49,1798.49,-0.0,18.63,33056.59,-1
2025-08-27,2025-08-27 11:25:00,1798.49,1798.49,1798.41,1798.41,-0.0,18.63,33056.59,-1
2025-08-27,2025-08-27 11:26:00,1798.41,1798.41,1798.33,1798.33,-0.0,18.63,33056.59,-1
2025-08-27,2025-08-27 11:27:00,1798.33,1798.33,1798.24,1798.24,-0.01,18.63,33056.59,-1
2025-08-27,2025-08-27 11:28:00,1798.24,1798.24,1798.16,1798.16,-0.0,18.63,33056.59,-1
2025-08-27,2025-08-27 11:29:00,1798.16,1798.16,1798.08,1798.08,-0.0,18.63,33056.59,-1
2025-08-27,2025-08-27 11:30:00,1798.08,1798.08,1798.0,1798.0,-0.0,18.63,33056.59,-1
2025-08-27,2025-08-27 11:31:00,1798.0,1798.0,1797.92,1797.92,-0.0,18.63,33056.59,-1
2025-08-27,2025-08-27 11:32:00,1797.92,1797.92,1797.84,1797.84,-0.0,18.63,33056.59,-1
2025-08-27,2025-08-27 11:33:00,1797.84,1797.84,1797.76,1797.76,-0.0,18.63,33056.59,-1
2025-08-27,2025-08-27 11:34:00,1797.76,1797.76,1797.68,1797.68,-0.0,18.63,33056.59,-1
2025-08-27,2025-08-27 11:35:00,1797.68,1797.68,1797.6,1797.6,-0.0,18.63,33056.59,-1
2025-08-27,2025-08-27 11:36:00,1797.6,1797.6,1797.52,1797.52,-0.0,18.63,33056.59,-1
2025-08-27,2025-08-27 11:37:00,1797.52,1797.52,1797.44,1797.44,-0.0,18.63,33056.59,-1
2025-08-27,2025-08-27 11:38:00,1797.44,1797.44,1797.36,1797.36,-0.0,18.63,33056.59,-1
2025-08-27,2025-08-27 11:39:00,1797.36,1797.36,1797.28,1797.28,-0.0,18.63,33056.59,-1
2025-08-27,2025-08-27 11:40:00,1797.28,1797.28,1797.2,1797.2,-0.0,18.63,33056.59,-1
2025-08-27,2025-08-27 11:41:00,1797.2,1797.2,1797.12,1797.12,-0.0,18.63,33056.59,-1
2025-08-27,2025-08-27 11:42:00,1797.12,1797.12,1797.04,1797.04,-0.0,18.63,33056.59,-1
2025-08-27,2025-08-27 11:43:00,1797.04,1797.04,1796.96,1796.96,-0.0,18.63,33056.59,-1
2025-08-27,2025-08-27 11:44:00,1796.96,1796.96,1796.88,1796.88,-0.0,18.63,33056.59,-1
2025-08-27,2025-08-27 11:45:00,1796.88,1796.88,1796.8,1796.8,-0.0,18.63,33056.59,-1
2025-08-27,2025-08-27 11:46:00,1796.8,1796.8,1796.71,1796.71,-0.01,18.63,33056.59,-1
2025-08-27,2025-08-27 11:47:00,1796.71,1796.71,1796.63,1796.63,-0.0,18.63,33056.59,-1
2025-08-27,2025-08-27 11:48:00,1796.63,1796.63,1796.55,1796.55,-0.0,18.63,33056.59,-1
2025-08-27,2025-08-27 11:49:00,1796.55,1796.55,1796.47,1796.47,-0.0,18.63,33056.59,-1
2025-08-27,2025-08-27 11:50:00,1796.47,1796.47,1796.39,1796.39,-0.0,18.63,33056.59,-1
2025-08-27,2025-08-27 11:51:00,1796.39,1796.39,1796.31,1796.31,-0.0,18.63,33056.59,-1
2025-08-27,2025-08-27 11:52:00,1796.31,1796.31,1796.23,1796.23,-0.0,18.63,33056.59,-1
2025-08-27,2025-08-27 11:53:00,1796.23,1796.23,1796.15,1796.15,-0.0,18.63,33056.59,-1
2025-08-27,2025-08-27 11:54:00,1796.15,1796.15,1796.07,1796.07,-0.0,18.63,33056.59,-1
2025-08-27,2025-08-27 11:55:00,1796.07,1796.07,1795.99,1795.99,-0.0,18.63,33056.59,-1
2025-08-27,2025-08-27 11:56:00,1795.99,1795.99,1795.91,1795.91,-0.0,18.63,33056.59,-1
2025-08-27,2025-08-27 11:57:00,1795.91,1795.91,1795.83,1795.83,-0.0,18.63,33056.59,-1
2025-08-27,2025-08-27 11:58:00,1795.83,1795.83,1795.75,1795.75,-0.0,18.63,33056.59,-1
2025-08-27,2025-08-27 11:59:00,1795.75,1795.75,1795.67,1795.67,-0.0,18.63,33056.59,-1
2025-08-27,2025-08-27 12:00:00,1795.67,1795.67,1795.59,1795.59,-0.0,18.63,33056.59,-1
2025-08-27,2025-08-27 12:01:00,1795.59,1795.59,1795.51,1795.51,-0.0,18.63,33056.59,-1
2025-08-27,2025-08-27 12:02:00,1795.51,1795.51,1795.43,1795.43,-0.0,18.63,33056.59,-1
2025-08-27,2025-08-27 12:03:00,1795.43,1795.43,1795.35,1795.35,-0.0,18.63,33056.59,-1
2025-08-27,2025-08-27 12:04:00,1795.35,1795.35,1795.26,1795.26,-0.01,18.63,33056.59,-1
2025-08-27,2025-08-27 12:05:00,1795.26,1795.26,1795.18,1795.18,-0.0,18.63,33056.59,-1
2025-08-27,2025-08-27 12:06:00,1795.18,1795.18,1795.1,1795.1,-0.0,18.63,33056.59,-1
2025-08-27,2025-08-27 12:07:00,1795.1,1795.1,1795.02,1795.02,-0.0,18.63,33056.59,-1
2025-08-27,2025-08-27 12:08:00,1795.02,1795.02,1794.94,1794.94,-0.0,18.63,33056.59,-1
2025-08-27,2025-08-27 12:09:00,1794.94,1794.94,1794.86,1794.86,-0.0,18.63,33056.59,-1
2025-08-27,2025-08-27 12:10:00,1794.86,1794.86,1794.78,1794.78,-0.0,18.63,33056.59,-1
2025-08-27,2025-08-27 12:11:00,1794.78,1794.78,1794.7,1794.7,-0.0,18.63,33056.59,-1
2025-08-27,2025-08-27 12:12:00,1794.7,1794.7,1794.62,1794.62,-0.0,18.63,33056.59,-1
2025-08-27,2025-08-27 12:13:00,1794.62,1794.62,1794.54,1794.54,-0.0,18.63,33056.59,-1
2025-08-27,2025-08-27 12:14:00,1794.54,1794.54,1794.46,1794.46,-0.0,18.63,33056.59,-1
2025-08-27,2025-08-27 12:15:00,1794.46,1794.46,1794.38,1794.38,-0.0,18.63,33056.59,-1
2025-08-27,2025-08-27 12:16:00,1794.38,1794.38,1794.3,1794.3,-0.0,18.63,33056.59,-1
2025-08-27,2025-08-27 12:17:00,1794.3,1794.3,1794.22,1794.22,-0.0,18.63,33056.59,-1
2025-08-27,2025-08-27 12:18:00,1794.22,1794.22,1794.14,1794.14,-0.0,18.63,33056.59,-1
2025-08-27,2025-08-27 12:19:00,1794.14,1794.14,1794.06,1794.06,-0.0,18.63,33056.59,-1
2025-08-27,2025-08-27 12:20:00,1794.06,1794.06,1793.98,1793.98,-0.0,18.63,33056.59,-1
2025-08-27,2025-08-27 12:21:00,1793.98,1793.98,1793.9,1793.9,-0.0,18.63,33056.59,-1
2025-08-27,2025-08-27 12:22:00,1793.9,1793.9,1793.82,1793.82,-0.0,18.63,33056.59,-1
2025-08-27,2025-08-27 12:23:00,1793.82,1793.82,1793.73,1793.73,-0.01,18.63,33056.59,-1
2025-08-27,2025-08-27 12:24:00,1793.73,1793.73,1793.65,1793.65,-0.0,18.63,33056.59,-1
2025-08-27,2025-08-27 12:25:00,1793.65,1793.65,1793.57,1793.57,-0.0,18.63,33056.59,-1
2025-08-27,2025-08-27 12:26:00,1793.57,1793.57,1793.49,1793.49,-0.0,18.63,33056.59,-1
2025-08-27,2025-08-27 12:27:00,1793.49,1793.49,1793.41,1793.41,-0.0,18.63,33056.59,-1
2025-08-27,2025-08-27 12:28:00,1793.41,1793.41,1793.33,1793.33,-0.0,18.63,33056.59,-1
2025-08-27,2025-08-27 12:29:00,1793.33,1793.33,1793.25,1793.25,-0.0,18.63,33056.59,-1
2025-08-27,2025-08-27 12:30:00,1793.25,1793.25,1793.17,1793.17,-0.0,18.63,33056.59,-1
2025-08-27,2025-08-27 12:31:00,1793.17,1793.17,1793.09,1793.09,-0.0,18.63,33056.59,-1
2025-08-27,2025-08-27 12:32:00,1793.09,1793.09,1793.01,1793.01,-0.0,18.63,33056.59,-1
2025-08-27,2025-08-27 12:33:00,1793.01,1793.01,1792.93,1792.93,-0.0,18.63,33056.59,-1
2025-08-27,2025-08-27 12:34:00,1792.93,1792.93,1792.85,1792.85,-0.0,18.63,33056.59,-1
2025-08-27,2025-08-27 12:35:00,1792.85,1792.85,1792.77,1792.77,-0.0,18.63,33056.59,-1
2025-08-27,2025-08-27 12:36:00,1792.77,1792.77,1792.69,1792.69,-0.0,18.63,33056.59,-1
2025-08-27,2025-08-27 12:37:00,1792.69,1792.69,1792.61,1792.61,-0.0,18.63,33056.59,-1
2025-08-27,2025-08-27 12:38:00,1792.61,1792.61,1792.53,1792.53,-0.0,18.63,33056.59,-1
2025-08-27,2025-08-27 12:39:00,1792.53,1792.53,1792.45,1792.45,-0.0,18.63,33056.59,-1
2025-08-27,2025-08-27 12:40:00,1792.45,1792.45,1792.37,1792.37,-0.0,18.63,33056.59,-1
2025-08-27,2025-08-27 12:41:00,1792.37,1792.37,1792.28,1792.28,-0.01,18.63,33056.59,-1
2025-08-27,2025-08-27 12:42:00,1792.28,1792.28,1792.2,1792.2,-0.0,18.63,33056.59,-1
2025-08-27,2025-08-27 12:43:00,1792.2,1792.2,1792.12,1792.12,-0.0,18.63,33056.59,-1
2025-08-27,2025-08-27 12:44:00,1792.12,1792.12,1792.04,1792.04,-0.0,18.63,33056.59,-1
2025-08-27,2025-08-27 12:45:00,1792.04,1792.04,1791.96,1791.96,-0.0,18.63,33056.59,-1
2025-08-27,2025-08-27 12:46:00,1791.96,1791.96,1791.88,1791.88,-0.0,18.63,33056.59,-1
2025-08-27,2025-08-27 12:47:00,1791.88,1791.88,1791.8,1791.8,-0.0,18.63,33056.59,-1
2025-08-27,2025-08-27 12:48:00,1791.8,1791.8,1791.72,1791.72,-0.0,18.63,33056.59,-1
2025-08-27,2025-08-27 12:49:00,1791.72,1791.72,1791.64,1791.64,-0.0,18.63,33056.59,-1
2025-08-27,2025-08-27 12:50:00,1791.64,1791.64,1791.56,1791.56,-0.0,18.63,33056.59,-1
2025-08-27,2025-08-27 12:51:00,1791.56,1791.56,1791.48,1791.48,-0.0,18.63,33056.59,-1
2025-08-27,2025-08-27 12:52:00,1791.48,1791.48,1791.4,1791.4,-0.0,18.63,33056.59,-1
2025-08-27,2025-08-27 12:53:00,1791.4,1791.4,1791.32,1791.32,-0.0,18.63,33056.59,-1
2025-08-27,2025-08-27 12:54:00,1791.32,1791.32,1791.24,1791.24,-0.0,18.63,33056.59,-1
2025-08-27,2025-08-27 12:55:00,1791.24,1791.24,1791.16,1791.16,-0.0,18.63,33056.59,-1
2025-08-27,2025-08-27 12:56:00,1791.16,1791.16,1791.08,1791.08,-0.0,18.63,33056.59,-1
2025-08-27,2025-08-27 12:57:00,1791.08,1791.08,1791.0,1791.0,-0.0,18.63,33056.59,-1
2025-08-27,2025-08-27 12:58:00,1791.0,1791.0,1790.92,1790.92,-0.0,18.63,33056.59,-1
2025-08-27,2025-08-27 12:59:00,1790.92,1790.92,1790.84,1790.84,-0.0,18.63,33056.59,-1
2025-08-27,2025-08-27 13:00:00,1790.84,1829.0,1755.0,1790.75,-0.01,18.63,33056.59,-1
2025-08-27,2025-08-27 13:01:00,1790.75,1790.75,1790.67,1790.67,-0.0,18.63,33056.59,-1
2025-08-27,2025-08-27 13:02:00,1790.67,1790.67,1790.59,1790.59,-0.0,18.63,33056.59,-1
2025-08-27,2025-08-27 13:03:00,1790.59,1790.59,1790.51,1790.51,-0.0,18.63,33056.59,-1
2025-08-27,2025-08-27 13:04:00,1790.51,1790.51,1790.43,1790.43,-0.0,18.63,33056.59,-1
2025-08-27,2025-08-27 13:05:00,1790.43,1790.43,1790.35,1790.35,-0.0,18.63,33056.59,-1
2025-08-27,2025-08-27 13:06:00,1790.35,1790.35,1790.27,1790.27,-0.0,18.63,33056.59,-1
2025-08-27,2025-08-27 13:07:00,1790.27,1790.27,1790.19,1790.19,-0.0,18.63,33056.59,-1
2025-08-27,2025-08-27 13:08:00,1790.19,1790.19,1790.11,1790.11,-0.0,18.63,33056.59,-1
2025-08-27,2025-08-27 13:09:00,1790.11,1790.11,1790.03,1790.03,-0.0,18.63,33056.59,-1
2025-08-27,2025-08-27 13:10:00,1790.03,1790.03,1789.95,1789.95,-0.0,18.63,33056.59,-1
2025-08-27,2025-08-27 13:11:00,1789.95,1789.95,1789.87,1789.87,-0.0,18.63,33056.59,-1
2025-08-27,2025-08-27 13:12:00,1789.87,1789.87,1789.79,1789.79,-0.0,18.63,33056.59,-1
2025-08-27,2025-08-27 13:13:00,1789.79,1789.79,1789.71,1789.71,-0.0,18.63,33056.59,-1
2025-08-27,2025-08-27 13:14:00,1789.71,1789.71,1789.63,1789.63,-0.0,18.63,33056.59,-1
2025-08-27,2025-08-27 13:15:00,1789.63,1789.63,1789.55,1789.55,-0.0,18.63,33056.59,-1
2025-08-27,2025-08-27 13:16:00,1789.55,1789.55,1789.47,1789.47,-0.0,18.63,33056.59,-1
2025-08-27,2025-08-27 13:17:00,1789.47,1789.47,1789.39,1789.39,-0.0,18.63,33056.59,-1
2025-08-27,2025-08-27 13:18:00,1789.39,1789.39,1789.3,1789.3,-0.01,18.63,33056.59,-1
2025-08-27,2025-08-27 13:19:00,1789.3,1789.3,1789.22,1789.22,-0.0,18.63,33056.59,-1
2025-08-27,2025-08-27 13:20:00,1789.22,1789.22,1789.14,1789.14,-0.0,18.63,33056.59,-1
2025-08-27,2025-08-27 13:21:00,1789.14,1789.14,1789.06,1789.06,-0.0,18.63,33056.59,-1
2025-08-27,2025-08-27 13:22:00,1789.06,1789.06,1788.98,1788.98,-0.0,18.63,33056.59,-1
2025-08-27,2025-08-27 13:23:00,1788.98,1788.98,1788.9,1788.9,-0.0,18.63,33056.59,-1
2025-08-27,2025-08-27 13:24:00,1788.9,1788.9,1788.82,1788.82,-0.0,18.63,33056.59,-1
2025-08-27,2025-08-27 13:25:00,1788.82,1788.82,1788.74,1788.74,-0.0,18.63,33056.59,-1
2025-08-27,2025-08-27 13:26:00,1788.74,1788.74,1788.66,1788.66,-0.0,18.63,33056.59,-1
2025-08-27,2025-08-27 13:27:00,1788.66,1788.66,1788.58,1788.58,-0.0,18.63,33056.59,-1
2025-08-27,2025-08-27 13:28:00,1788.58,1788.58,1788.5,1788.5,-0.0,18.63,33056.59,-1
2025-08-27,2025-08-27 13:29:00,1788.5,1788.5,1788.42,1788.42,-0.0,18.63,33056.59,-1
2025-08-27,2025-08-27 13:30:00,1788.42,1788.42,1788.34,1788.34,-0.0,18.63,33056.59,-1
2025-08-27,2025-08-27 13:31:00,1788.34,1788.34,1788.26,1788.26,-0.0,18.63,33056.59,-1
2025-08-27,2025-08-27 13:32:00,1788.26,1788.26,1788.18,1788.18,-0.0,18.63,33056.59,-1
2025-08-27,2025-08-27 13:33:00,1788.18,1788.18,1788.1,1788.1,-0.0,18.63,33056.59,-1
2025-08-27,2025-08-27 13:34:00,1788.1,1788.1,1788.02,1788.02,-0.0,18.63,33056.59,-1
2025-08-27,2025-08-27 13:35:00,1788.02,1788.02,1787.94,1787.94,-0.0,18.63,33056.59,-1
2025-08-27,2025-08-27 13:36:00,1787.94,1787.94,1787.85,1787.85,-0.01,18.63,33056.59,-1
2025-08-27,2025-08-27 13:37:00,1787.85,1787.85,1787.77,1787.77,-0.0,18.63,33056.59,-1
2025-08-27,2025-08-27 13:38:00,1787.77,1787.77,1787.69,1787.69,-0.0,18.63,33056.59,-1
2025-08-27,2025-08-27 13:39:00,1787.69,1787.69,1787.61,1787.61,-0.0,18.63,33056.59,-1
2025-08-27,2025-08-27 13:40:00,1787.61,1787.61,1787.53,1787.53,-0.0,18.63,33056.59,-1
2025-08-27,2025-08-27 13:41:00,1787.53,1787.53,1787.45,1787.45,-0.0,18.63,33056.59,-1
2025-08-27,2025-08-27 13:42:00,1787.45,1787.45,1787.37,1787.37,-0.0,18.63,33056.59,-1
2025-08-27,2025-08-27 13:43:00,1787.37,1787.37,1787.29,1787.29,-0.0,18.63,33056.59,-1
2025-08-27,2025-08-27 13:44:00,1787.29,1787.29,1787.21,1787.21,-0.0,18.63,33056.59,-1
2025-08-27,2025-08-27 13:45:00,1787.21,1787.21,1787.13,1787.13,-0.0,18.63,33056.59,-1
2025-08-27,2025-08-27 13:46:00,1787.13,1787.13,1787.05,1787.05,-0.0,18.63,33056.59,-1
2025-08-27,2025-08-27 13:47:00,1787.05,1787.05,1786.97,1786.97,-0.0,18.63,33056.59,-1
2025-08-27,2025-08-27 13:48:00,1786.97,1786.97,1786.89,1786.89,-0.0,18.63,33056.59,-1
2025-08-27,2025-08-27 13:49:00,1786.89,1786.89,1786.81,1786.81,-0.0,18.63,33056.59,-1
2025-08-27,2025-08-27 13:50:00,1786.81,1786.81,1786.73,1786.73,-0.0,18.63,33056.59,-1
2025-08-27,2025-08-27 13:51:00,1786.73,1786.73,1786.65,1786.65,-0.0,18.63,33056.59,-1
2025-08-27,2025-08-27 13:52:00,1786.65,1786.65,1786.57,1786.57,-0.0,18.63,33056.59,-1
2025-08-27,2025-08-27 13:53:00,1786.57,1786.57,1786.49,1786.49,-0.0,18.63,33056.59,-1
2025-08-27,2025-08-27 13:54:00,1786.49,1786.49,1786.41,1786.41,-0.0,18.63,33056.59,-1
2025-08-27,2025-08-27 13:55:00,1786.41,1786.41,1786.32,1786.32,-0.01,18.63,33056.59,-1
2025-08-27,2025-08-27 13:56:00,1786.32,1786.32,1786.24,1786.24,-0.0,18.63,33056.59,-1
2025-08-27,2025-08-27 13:57:00,1786.24,1786.24,1786.16,1786.16,-0.0,18.63,33056.59,-1
2025-08-27,2025-08-27 13:58:00,1786.16,1786.16,1786.08,1786.08,-0.0,18.63,33056.59,-1
2025-08-27,2025-08-27 13:59:00,1786.08,1786.08,1786.0,1786.0,-0.0,18.63,33056.59,-1
2025-08-27,2025-08-27 14:00:00,1786.0,1786.0,1785.92,1785.92,-0.0,18.63,33056.59,-1
2025-08-27,2025-08-27 14:01:00,1785.92,1785.92,1785.84,1785.84,-0.0,18.63,33056.59,-1
2025-08-27,2025-08-27 14:02:00,1785.84,1785.84,1785.76,1785.76,-0.0,18.63,33056.59,-1
2025-08-27,2025-08-27 14:03:00,1785.76,1785.76,1785.68,1785.68,-0.0,18.63,33056.59,-1
2025-08-27,2025-08-27 14:04:00,1785.68,1785.68,1785.6,1785.6,-0.0,18.63,33056.59,-1
2025-08-27,2025-08-27 14:05:00,1785.6,1785.6,1785.52,1785.52,-0.0,18.63,33056.59,-1
2025-08-27,2025-08-27 14:06:00,1785.52,1785.52,1785.44,1785.44,-0.0,18.63,33056.59,-1
2025-08-27,2025-08-27 14:07:00,1785.44,1785.44,1785.36,1785.36,-0.0,18.63,33056.59,-1
2025-08-27,2025-08-27 14:08:00,1785.36,1785.36,1785.28,1785.28,-0.0,18.63,33056.59,-1
2025-08-27,2025-08-27 14:09:00,1785.28,1785.28,1785.2,1785.2,-0.0,18.63,33056.59,-1
2025-08-27,2025-08-27 14:10:00,1785.2,1785.2,1785.12,1785.12,-0.0,18.63,33056.59,-1
2025-08-27,2025-08-27 14:11:00,1785.12,1785.12,1785.04,1785.04,-0.0,18.63,33056.59,-1
2025-08-27,2025-08-27 14:12:00,1785.04,1785.04,1784.96,1784.96,-0.0,18.63,33056.59,-1
2025-08-27,2025-08-27 14:13:00,1784.96,1784.96,1784.87,1784.87,-0.01,18.63,33056.59,-1
2025-08-27,2025-08-27 14:14:00,1784.87,1784.87,1784.79,1784.79,-0.0,18.63,33056.59,-1
2025-08-27,2025-08-27 14:15:00,1784.79,1784.79,1784.71,1784.71,-0.0,18.63,33056.59,-1
2025-08-27,2025-08-27 14:16:00,1784.71,1784.71,1784.63,1784.63,-0.0,18.63,33056.59,-1
2025-08-27,2025-08-27 14:17:00,1784.63,1784.63,1784.55,1784.55,-0.0,18.63,33056.59,-1
2025-08-27,2025-08-27 14:18:00,1784.55,1784.55,1784.47,1784.47,-0.0,18.63,33056.59,-1
2025-08-27,2025-08-27 14:19:00,1784.47,1784.47,1784.39,1784.39,-0.0,18.63,33056.59,-1
2025-08-27,2025-08-27 14:20:00,1784.39,1784.39,1784.31,1784.31,-0.0,18.63,33056.59,-1
2025-08-27,2025-08-27 14:21:00,1784.31,1784.31,1784.23,1784.23,-0.0,18.63,33056.59,-1
2025-08-27,2025-08-27 14:22:00,1784.23,1784.23,1784.15,1784.15,-0.0,18.63,33056.59,-1
2025-08-27,2025-08-27 14:23:00,1784.15,1784.15,1784.07,1784.07,-0.0,18.63,33056.59,-1
2025-08-27,2025-08-27 14:24:00,1784.07,1784.07,1783.99,1783.99,-0.0,18.63,33056.59,-1
2025-08-27,2025-08-27 14:25:00,1783.99,1783.99,1783.91,1783.91,-0.0,18.63,33056.59,-1
2025-08-27,2025-08-27 14:26:00,1783.91,1783.91,1783.83,1783.83,-0.0,18.63,33056.59,-1
2025-08-27,2025-08-27 14:27:00,1783.83,1783.83,1783.75,1783.75,-0.0,18.63,33056.59,-1
2025-08-27,2025-08-27 14:28:00,1783.75,1783.75,1783.67,1783.67,-0.0,18.63,33056.59,-1
2025-08-27,2025-08-27 14:29:00,1783.67,1783.67,1783.59,1783.59,-0.0,18.63,33056.59,-1
2025-08-27,2025-08-27 14:30:00,1783.59,1783.59,1783.51,1783.51,-0.0,18.63,33056.59,-1
2025-08-27,2025-08-27 14:31:00,1783.51,1783.51,1783.43,1783.43,-0.0,18.63,33056.59,-1
2025-08-27,2025-08-27 14:32:00,1783.43,1783.43,1783.34,1783.34,-0.01,18.63,33056.59,-1
2025-08-27,2025-08-27 14:33:00,1783.34,1783.34,1783.26,1783.26,-0.0,18.63,33056.59,-1
2025-08-27,2025-08-27 14:34:00,1783.26,1783.26,1783.18,1783.18,-0.0,18.63,33056.59,-1
2025-08-27,2025-08-27 14:35:00,1783.18,1783.18,1783.1,1783.1,-0.0,18.63,33056.59,-1
2025-08-27,2025-08-27 14:36:00,1783.1,1783.1,1783.02,1783.02,-0.0,18.63,33056.59,-1
2025-08-27,2025-08-27 14:37:00,1783.02,1783.02,1782.94,1782.94,-0.0,18.63,33056.59,-1
2025-08-27,2025-08-27 14:38:00,1782.94,1782.94,1782.86,1782.86,-0.0,18.63,33056.59,-1
2025-08-27,2025-08-27 14:39:00,1782.86,1782.86,1782.78,1782.78,-0.0,18.63,33056.59,-1
2025-08-27,2025-08-27 14:40:00,1782.78,1782.78,1782.7,1782.7,-0.0,18.63,33056.59,-1
2025-08-27,2025-08-27 14:41:00,1782.7,1782.7,1782.62,1782.62,-0.0,18.63,33056.59,-1
2025-08-27,2025-08-27 14:42:00,1782.62,1782.62,1782.54,1782.54,-0.0,18.63,33056.59,-1
2025-08-27,2025-08-27 14:43:00,1782.54,1782.54,1782.46,1782.46,-0.0,18.63,33056.59,-1
2025-08-27,2025-08-27 14:44:00,1782.46,1782.46,1782.38,1782.38,-0.0,18.63,33056.59,-1
2025-08-27,2025-08-27 14:45:00,1782.38,1782.38,1782.3,1782.3,-0.0,18.63,33056.59,-1
2025-08-27,2025-08-27 14:46:00,1782.3,1782.3,1782.22,1782.22,-0.0,18.63,33056.59,-1
2025-08-27,2025-08-27 14:47:00,1782.22,1782.22,1782.14,1782.14,-0.0,18.63,33056.59,-1
2025-08-27,2025-08-27 14:48:00,1782.14,1782.14,1782.06,1782.06,-0.0,18.63,33056.59,-1
2025-08-27,2025-08-27 14:49:00,1782.06,1782.06,1781.98,1781.98,-0.0,18.63,33056.59,-1
2025-08-27,2025-08-27 14:50:00,1781.98,1781.98,1781.89,1781.89,-0.01,18.63,33056.59,-1
2025-08-27,2025-08-27 14:51:00,1781.89,1781.89,1781.81,1781.81,-0.0,18.63,33056.59,-1
2025-08-27,2025-08-27 14:52:00,1781.81,1781.81,1781.73,1781.73,-0.0,18.63,33056.59,-1
2025-08-27,2025-08-27 14:53:00,1781.73,1781.73,1781.65,1781.65,-0.0,18.63,33056.59,-1
2025-08-27,2025-08-27 14:54:00,1781.65,1781.65,1781.57,1781.57,-0.0,18.63,33056.59,-1
2025-08-27,2025-08-27 14:55:00,1781.57,1781.57,1781.49,1781.49,-0.0,18.63,33056.59,-1
2025-08-27,2025-08-27 14:56:00,1781.49,1781.49,1781.41,1781.41,-0.0,18.63,33056.59,-1
2025-08-27,2025-08-27 14:57:00,1781.41,1781.41,1781.33,1781.33,-0.0,18.63,33056.59,-1
2025-08-27,2025-08-27 14:58:00,1781.33,1781.33,1781.25,1781.25,-0.0,18.63,33056.59,-1
2025-08-27,2025-08-27 14:59:00,1781.25,1781.25,1781.17,1781.17,-0.0,18.63,33056.59,-1
2025-08-27,2025-08-27 15:00:00,1781.17,1829.0,1755.0,1781.17,0.0,18.63,33056.59,0
2025-08-28,2025-08-28 11:00:00,1752.0,1761.6,1744.2,1751.9,-0.01,23.0,39941.68,-1
2025-08-28,2025-08-28 11:01:00,1751.9,1751.9,1751.8,1751.8,-0.01,23.0,39941.68,-1
2025-08-28,2025-08-28 11:02:00,1751.8,1751.8,1751.7,1751.7,-0.01,23.0,39941.68,-1
2025-08-28,2025-08-28 11:03:00,1751.7,1751.7,1751.6,1751.6,-0.01,23.0,39941.68,-1
2025-08-28,2025-08-28 11:04:00,1751.6,1751.6,1751.49,1751.49,-0.01,23.0,39941.68,-1
2025-08-28,2025-08-28 11:05:00,1751.49,1751.49,1751.39,1751.39,-0.01,23.0,39941.68,-1
2025-08-28,2025-08-28 11:06:00,1751.39,1751.39,1751.29,1751.29,-0.01,23.0,39941.68,-1
2025-08-28,2025-08-28 11:07:00,1751.29,1751.29,1751.19,1751.19,-0.01,23.0,39941.68,-1
2025-08-28,2025-08-28 11:08:00,1751.19,1751.19,1751.09,1751.09,-0.01,23.0,39941.68,-1
2025-08-28,2025-08-28 11:09:00,1751.09,1751.09,1750.99,1750.99,-0.01,23.0,39941.68,-1
2025-08-28,2025-08-28 11:10:00,1750.99,1750.99,1750.89,1750.89,-0.01,23.0,39941.68,-1
2025-08-28,2025-08-28 11:11:00,1750.89,1750.89,1750.79,1750.79,-0.01,23.0,39941.68,-1
2025-08-28,2025-08-28 11:12:00,1750.79,1750.79,1750.68,1750.68,-0.01,23.0,39941.68,-1
2025-08-28,2025-08-28 11:13:00,1750.68,1750.68,1750.58,1750.58,-0.01,23.0,39941.68,-1
2025-08-28,2025-08-28 11:14:00,1750.58,1750.58,1750.48,1750.48,-0.01,23.0,39941.68,-1
2025-08-28,2025-08-28 11:15:00,1750.48,1750.48,1750.38,1750.38,-0.01,23.0,39941.68,-1
2025-08-28,2025-08-28 11:16:00,1750.38,1750.38,1750.28,1750.28,-0.01,23.0,39941.68,-1
2025-08-28,2025-08-28 11:17:00,1750.28,1750.28,1750.18,1750.18,-0.01,23.0,39941.68,-1
2025-08-28,2025-08-28 11:18:00,1750.18,1750.18,1750.08,1750.08,-0.01,23.0,39941.68,-1
2025-08-28,2025-08-28 11:19:00,1750.08,1750.08,1749.98,1749.98,-0.01,23.0,39941.68,-1
2025-08-28,2025-08-28 11:20:00,1749.98,1749.98,1749.88,1749.88,-0.01,23.0,39941.68,-1
2025-08-28,2025-08-28 11:21:00,1749.88,1749.88,1749.77,1749.77,-0.01,23.0,39941.68,-1
2025-08-28,2025-08-28 11:22:00,1749.77,1749.77,1749.67,1749.67,-0.01,23.0,39941.68,-1
2025-08-28,2025-08-28 11:23:00,1749.67,1749.67,1749.57,1749.57,-0.01,23.0,39941.68,-1
2025-08-28,2025-08-28 11:24:00,1749.57,1749.57,1749.47,1749.47,-0.01,23.0,39941.68,-1
2025-08-28,2025-08-28 11:25:00,1749.47,1749.47,1749.37,1749.37,-0.01,23.0,39941.68,-1
2025-08-28,2025-08-28 11:26:00,1749.37,1749.37,1749.27,1749.27,-0.01,23.0,39941.68,-1
2025-08-28,2025-08-28 11:27:00,1749.27,1749.27,1749.17,1749.17,-0.01,23.0,39941.68,-1
2025-08-28,2025-08-28 11:28:00,1749.17,1749.17,1749.07,1749.07,-0.01,23.0,39941.68,-1
2025-08-28,2025-08-28 11:29:00,1749.07,1749.07,1748.96,1748.96,-0.01,23.0,39941.68,-1
2025-08-28,2025-08-28 11:30:00,1748.96,1748.96,1748.86,1748.86,-0.01,23.0,39941.68,-1
2025-08-28,2025-08-28 11:31:00,1748.86,1748.86,1748.76,1748.76,-0.01,23.0,39941.68,-1
2025-08-28,2025-08-28 11:32:00,1748.76,1748.76,1748.66,1748.66,-0.01,23.0,39941.68,-1
2025-08-28,2025-08-28 11:33:00,1748.66,1748.66,1748.56,1748.56,-0.01,23.0,39941.68,-1
2025-08-28,2025-08-28 11:34:00,1748.56,1748.56,1748.46,1748.46,-0.01,23.0,39941.68,-1
2025-08-28,2025-08-28 11:35:00,1748.46,1748.46,1748.36,1748.36,-0.01,23.0,39941.68,-1
2025-08-28,2025-08-28 11:36:00,1748.36,1748.36,1748.26,1748.26,-0.01,23.0,39941.68,-1
2025-08-28,2025-08-28 11:37:00,1748.26,1748.26,1748.16,1748.16,-0.01,23.0,39941.68,-1
2025-08-28,2025-08-28 11:38:00,1748.16,1748.16,1748.05,1748.05,-0.01,23.0,39941.68,-1
2025-08-28,2025-08-28 11:39:00,1748.05,1748.05,1747.95,1747.95,-0.01,23.0,39941.68,-1
2025-08-28,2025-08-28 11:40:00,1747.95,1747.95,1747.85,1747.85,-0.01,23.0,39941.68,-1
2025-08-28,2025-08-28 11:41:00,1747.85,1747.85,1747.75,1747.75,-0.01,23.0,39941.68,-1
2025-08-28,2025-08-28 11:42:00,1747.75,1747.75,1747.65,1747.65,-0.01,23.0,39941.68,-1
2025-08-28,2025-08-28 11:43:00,1747.65,1747.65,1747.55,1747.55,-0.01,23.0,39941.68,-1
2025-08-28,2025-08-28 11:44:00,1747.55,1747.55,1747.45,1747.45,-0.01,23.0,39941.68,-1
2025-08-28,2025-08-28 11:45:00,1747.45,1747.45,1747.35,1747.35,-0.01,23.0,39941.68,-1
2025-08-28,2025-08-28 11:46:00,1747.35,1747.35,1747.25,1747.25,-0.01,23.0,39941.68,-1
2025-08-28,2025-08-28 11:47:00,1747.25,1747.25,1747.14,1747.14,-0.01,23.0,39941.68,-1
2025-08-28,2025-08-28 11:48:00,1747.14,1747.14,1747.04,1747.04,-0.01,23.0,39941.68,-1
2025-08-28,2025-08-28 11:49:00,1747.04,1747.04,1746.94,1746.94,-0.01,23.0,39941.68,-1
2025-08-28,2025-08-28 11:50:00,1746.94,1746.94,1746.84,1746.84,-0.01,23.0,39941.68,-1
2025-08-28,2025-08-28 11:51:00,1746.84,1746.84,1746.74,1746.74,-0.01,23.0,39941.68,-1
2025-08-28,2025-08-28 11:52:00,1746.74,1746.74,1746.64,1746.64,-0.01,23.0,39941.68,-1
2025-08-28,2025-08-28 11:53:00,1746.64,1746.64,1746.54,1746.54,-0.01,23.0,39941.68,-1
2025-08-28,2025-08-28 11:54:00,1746.54,1746.54,1746.44,1746.44,-0.01,23.0,39941.68,-1
2025-08-28,2025-08-28 11:55:00,1746.44,1746.44,1746.33,1746.33,-0.01,23.0,39941.68,-1
2025-08-28,2025-08-28 11:56:00,1746.33,1746.33,1746.23,1746.23,-0.01,23.0,39941.68,-1
2025-08-28,2025-08-28 11:57:00,1746.23,1746.23,1746.13,1746.13,-0.01,23.0,39941.68,-1
2025-08-28,2025-08-28 11:58:00,1746.13,1746.13,1746.03,1746.03,-0.01,23.0,39941.68,-1
2025-08-28,2025-08-28 11:59:00,1746.03,1746.03,1745.93,1745.93,-0.01,23.0,39941.68,-1
2025-08-28,2025-08-28 12:00:00,1745.93,1745.93,1745.83,1745.83,-0.01,23.0,39941.68,-1
2025-08-28,2025-08-28 12:01:00,1745.83,1745.83,1745.73,1745.73,-0.01,23.0,39941.68,-1
2025-08-28,2025-08-28 12:02:00,1745.73,1745.73,1745.63,1745.63,-0.01,23.0,39941.68,-1
2025-08-28,2025-08-28 12:03:00,1745.63,1745.63,1745.53,1745.53,-0.01,23.0,39941.68,-1
2025-08-28,2025-08-28 12:04:00,1745.53,1745.53,1745.42,1745.42,-0.01,23.0,39941.68,-1
2025-08-28,2025-08-28 12:05:00,1745.42,1745.42,1745.32,1745.32,-0.01,23.0,39941.68,-1
2025-08-28,2025-08-28 12:06:00,1745.32,1745.32,1745.22,1745.22,-0.01,23.0,39941.68,-1
2025-08-28,2025-08-28 12:07:00,1745.22,1745.22,1745.12,1745.12,-0.01,23.0,39941.68,-1
2025-08-28,2025-08-28 12:08:00,1745.12,1745.12,1745.02,1745.02,-0.01,23.0,39941.68,-1
2025-08-28,2025-08-28 12:09:00,1745.02,1745.02,1744.92,1744.92,-0.01,23.0,39941.68,-1
2025-08-28,2025-08-28 12:10:00,1744.92,1744.92,1744.82,1744.82,-0.01,23.0,39941.68,-1
2025-08-28,2025-08-28 12:11:00,1744.82,1744.82,1744.72,1744.72,-0.01,23.0,39941.68,-1
2025-08-28,2025-08-28 12:12:00,1744.72,1744.72,1744.61,1744.61,-0.01,23.0,39941.68,-1
2025-08-28,2025-08-28 12:13:00,1744.61,1744.61,1744.51,1744.51,-0.01,23.0,39941.68,-1
2025-08-28,2025-08-28 12:14:00,1744.51,1744.51,1744.41,1744.41,-0.01,23.0,39941.68,-1
2025-08-28,2025-08-28 12:15:00,1744.41,1744.41,1744.31,1744.31,-0.01,23.0,39941.68,-1
2025-08-28,2025-08-28 12:16:00,1744.31,1744.31,1744.21,1744.21,-0.01,23.0,39941.68,-1
2025-08-28,2025-08-28 12:17:00,1744.21,1744.21,1744.11,1744.11,-0.01,23.0,39941.68,-1
2025-08-28,2025-08-28 12:18:00,1744.11,1744.11,1744.01,1744.01,-0.01,23.0,39941.68,-1
2025-08-28,2025-08-28 12:19:00,1744.01,1744.01,1743.91,1743.91,-0.01,23.0,39941.68,-1
2025-08-28,2025-08-28 12:20:00,1743.91,1743.91,1743.81,1743.81,-0.01,23.0,39941.68,-1
2025-08-28,2025-08-28 12:21:00,1743.81,1743.81,1743.7,1743.7,-0.01,23.0,39941.68,-1
2025-08-28,2025-08-28 12:22:00,1743.7,1743.7,1743.6,1743.6,-0.01,23.0,39941.68,-1
2025-08-28,2025-08-28 12:23:00,1743.6,1743.6,1743.5,1743.5,-0.01,23.0,39941.68,-1
2025-08-28,2025-08-28 12:24:00,1743.5,1743.5,1743.4,1743.4,-0.01,23.0,39941.68,-1
2025-08-28,2025-08-28 12:25:00,1743.4,1743.4,1743.3,1743.3,-0.01,23.0,39941.68,-1
2025-08-28,2025-08-28 12:26:00,1743.3,1743.3,1743.2,1743.2,-0.01,23.0,39941.68,-1
2025-08-28,2025-08-28 12:27:00,1743.2,1743.2,1743.1,1743.1,-0.01,23.0,39941.68,-1
2025-08-28,2025-08-28 12:28:00,1743.1,1743.1,1743.0,1743.0,-0.01,23.0,39941.68,-1
2025-08-28,2025-08-28 12:29:00,1743.0,1743.0,1742.89,1742.89,-0.01,23.0,39941.68,-1
2025-08-28,2025-08-28 12:30:00,1742.89,1742.89,1742.79,1742.79,-0.01,23.0,39941.68,-1
2025-08-28,2025-08-28 12:31:00,1742.79,1742.79,1742.69,1742.69,-0.01,23.0,39941.68,-1
2025-08-28,2025-08-28 12:32:00,1742.69,1742.69,1742.59,1742.59,-0.01,23.0,39941.68,-1
2025-08-28,2025-08-28 12:33:00,1742.59,1742.59,1742.49,1742.49,-0.01,23.0,39941.68,-1
2025-08-28,2025-08-28 12:34:00,1742.49,1742.49,1742.39,1742.39,-0.01,23.0,39941.68,-1
2025-08-28,2025-08-28 12:35:00,1742.39,1742.39,1742.29,1742.29,-0.01,23.0,39941.68,-1
2025-08-28,2025-08-28 12:36:00,1742.29,1742.29,1742.19,1742.19,-0.01,23.0,39941.68,-1
2025-08-28,2025-08-28 12:37:00,1742.19,1742.19,1742.09,1742.09,-0.01,23.0,39941.68,-1
2025-08-28,2025-08-28 12:38:00,1742.09,1742.09,1741.98,1741.98,-0.01,23.0,39941.68,-1
2025-08-28,2025-08-28 12:39:00,1741.98,1741.98,1741.88,1741.88,-0.01,23.0,39941.68,-1
2025-08-28,2025-08-28 12:40:00,1741.88,1741.88,1741.78,1741.78,-0.01,23.0,39941.68,-1
2025-08-28,2025-08-28 12:41:00,1741.78,1741.78,1741.68,1741.68,-0.01,23.0,39941.68,-1
2025-08-28,2025-08-28 12:42:00,1741.68,1741.68,1741.58,1741.58,-0.01,23.0,39941.68,-1
2025-08-28,2025-08-28 12:43:00,1741.58,1741.58,1741.48,1741.48,-0.01,23.0,39941.68,-1
2025-08-28,2025-08-28 12:44:00,1741.48,1741.48,1741.38,1741.38,-0.01,23.0,39941.68,-1
2025-08-28,2025-08-28 12:45:00,1741.38,1741.38,1741.28,1741.28,-0.01,23.0,39941.68,-1
2025-08-28,2025-08-28 12:46:00,1741.28,1741.28,1741.18,1741.18,-0.01,23.0,39941.68,-1
2025-08-28,2025-08-28 12:47:00,1741.18,1741.18,1741.07,1741.07,-0.01,23.0,39941.68,-1
2025-08-28,2025-08-28 12:48:00,1741.07,1741.07,1740.97,1740.97,-0.01,23.0,39941.68,-1
2025-08-28,2025-08-28 12:49:00,1740.97,1740.97,1740.87,1740.87,-0.01,23.0,39941.68,-1
2025-08-28,2025-08-28 12:50:00,1740.87,1740.87,1740.77,1740.77,-0.01,23.0,39941.68,-1
2025-08-28,2025-08-28 12:51:00,1740.77,1740.77,1740.67,1740.67,-0.01,23.0,39941.68,-1
2025-08-28,2025-08-28 12:52:00,1740.67,1740.67,1740.57,1740.57,-0.01,23.0,39941.68,-1
2025-08-28,2025-08-28 12:53:00,1740.57,1740.57,1740.47,1740.47,-0.01,23.0,39941.68,-1
2025-08-28,2025-08-28 12:54:00,1740.47,1740.47,1740.37,1740.37,-0.01,23.0,39941.68,-1
2025-08-28,2025-08-28 12:55:00,1740.37,1740.37,1740.26,1740.26,-0.01,23.0,39941.68,-1
2025-08-28,2025-08-28 12:56:00,1740.26,1740.26,1740.16,1740.16,-0.01,23.0,39941.68,-1
2025-08-28,2025-08-28 12:57:00,1740.16,1740.16,1740.06,1740.06,-0.01,23.0,39941.68,-1
2025-08-28,2025-08-28 12:58:00,1740.06,1740.06,1739.96,1739.96,-0.01,23.0,39941.68,-1
2025-08-28,2025-08-28 12:59:00,1739.96,1739.96,1739.86,1739.86,-0.01,23.0,39941.68,-1
2025-08-28,2025-08-28 13:00:00,1739.86,1784.0,1726.0,1739.76,-0.01,23.0,39941.68,-1
2025-08-28,2025-08-28 13:01:00,1739.76,1739.76,1739.66,1739.66,-0.01,23.0,39941.68,-1
2025-08-28,2025-08-28 13:02:00,1739.66,1739.66,1739.56,1739.56,-0.01,23.0,39941.68,-1
2025-08-28,2025-08-28 13:03:00,1739.56,1739.56,1739.46,1739.46,-0.01,23.0,39941.68,-1
2025-08-28,2025-08-28 13:04:00,1739.46,1739.46,1739.35,1739.35,-0.01,23.0,39941.68,-1
2025-08-28,2025-08-28 13:05:00,1739.35,1739.35,1739.25,1739.25,-0.01,23.0,39941.68,-1
2025-08-28,2025-08-28 13:06:00,1739.25,1739.25,1739.15,1739.15,-0.01,23.0,39941.68,-1
2025-08-28,2025-08-28 13:07:00,1739.15,1739.15,1739.05,1739.05,-0.01,23.0,39941.68,-1
2025-08-28,2025-08-28 13:08:00,1739.05,1739.05,1738.95,1738.95,-0.01,23.0,39941.68,-1
2025-08-28,2025-08-28 13:09:00,1738.95,1738.95,1738.85,1738.85,-0.01,23.0,39941.68,-1
2025-08-28,2025-08-28 13:10:00,1738.85,1738.85,1738.75,1738.75,-0.01,23.0,39941.68,-1
2025-08-28,2025-08-28 13:11:00,1738.75,1738.75,1738.65,1738.65,-0.01,23.0,39941.68,-1
2025-08-28,2025-08-28 13:12:00,1738.65,1738.65,1738.54,1738.54,-0.01,23.0,39941.68,-1
2025-08-28,2025-08-28 13:13:00,1738.54,1738.54,1738.44,1738.44,-0.01,23.0,39941.68,-1
2025-08-28,2025-08-28 13:14:00,1738.44,1738.44,1738.34,1738.34,-0.01,23.0,39941.68,-1
2025-08-28,2025-08-28 13:15:00,1738.34,1738.34,1738.24,1738.24,-0.01,23.0,39941.68,-1
2025-08-28,2025-08-28 13:16:00,1738.24,1738.24,1738.14,1738.14,-0.01,23.0,39941.68,-1
2025-08-28,2025-08-28 13:17:00,1738.14,1738.14,1738.04,1738.04,-0.01,23.0,39941.68,-1
2025-08-28,2025-08-28 13:18:00,1738.04,1738.04,1737.94,1737.94,-0.01,23.0,39941.68,-1
2025-08-28,2025-08-28 13:19:00,1737.94,1737.94,1737.84,1737.84,-0.01,23.0,39941.68,-1
2025-08-28,2025-08-28 13:20:00,1737.84,1737.84,1737.74,1737.74,-0.01,23.0,39941.68,-1
2025-08-28,2025-08-28 13:21:00,1737.74,1737.74,1737.63,1737.63,-0.01,23.0,39941.68,-1
2025-08-28,2025-08-28 13:22:00,1737.63,1737.63,1737.53,1737.53,-0.01,23.0,39941.68,-1
2025-08-28,2025-08-28 13:23:00,1737.53,1737.53,1737.43,1737.43,-0.01,23.0,39941.68,-1
2025-08-28,2025-08-28 13:24:00,1737.43,1737.43,1737.33,1737.33,-0.01,23.0,39941.68,-1
2025-08-28,2025-08-28 13:25:00,1737.33,1737.33,1737.23,1737.23,-0.01,23.0,39941.68,-1
2025-08-28,2025-08-28 13:26:00,1737.23,1737.23,1737.13,1737.13,-0.01,23.0,39941.68,-1
2025-08-28,2025-08-28 13:27:00,1737.13,1737.13,1737.03,1737.03,-0.01,23.0,39941.68,-1
2025-08-28,2025-08-28 13:28:00,1737.03,1737.03,1736.93,1736.93,-0.01,23.0,39941.68,-1
2025-08-28,2025-08-28 13:29:00,1736.93,1736.93,1736.83,1736.83,-0.01,23.0,39941.68,-1
2025-08-28,2025-08-28 13:30:00,1736.83,1736.83,1736.72,1736.72,-0.01,23.0,39941.68,-1
2025-08-28,2025-08-28 13:31:00,1736.72,1736.72,1736.62,1736.62,-0.01,23.0,39941.68,-1
2025-08-28,2025-08-28 13:32:00,1736.62,1736.62,1736.52,1736.52,-0.01,23.0,39941.68,-1
2025-08-28,2025-08-28 13:33:00,1736.52,1736.52,1736.42,1736.42,-0.01,23.0,39941.68,-1
2025-08-28,2025-08-28 13:34:00,1736.42,1736.42,1736.32,1736.32,-0.01,23.0,39941.68,-1
2025-08-28,2025-08-28 13:35:00,1736.32,1736.32,1736.22,1736.22,-0.01,23.0,39941.68,-1
2025-08-28,2025-08-28 13:36:00,1736.22,1736.22,1736.12,1736.12,-0.01,23.0,39941.68,-1
2025-08-28,2025-08-28 13:37:00,1736.12,1736.12,1736.02,1736.02,-0.01,23.0,39941.68,-1
2025-08-28,2025-08-28 13:38:00,1736.02,1736.02,1735.91,1735.91,-0.01,23.0,39941.68,-1
2025-08-28,2025-08-28 13:39:00,1735.91,1735.91,1735.81,1735.81,-0.01,23.0,39941.68,-1
2025-08-28,2025-08-28 13:40:00,1735.81,1735.81,1735.71,1735.71,-0.01,23.0,39941.68,-1
2025-08-28,2025-08-28 13:41:00,1735.71,1735.71,1735.61,1735.61,-0.01,23.0,39941.68,-1
2025-08-28,2025-08-28 13:42:00,1735.61,1735.61,1735.51,1735.51,-0.01,23.0,39941.68,-1
2025-08-28,2025-08-28 13:43:00,1735.51,1735.51,1735.41,1735.41,-0.01,23.0,39941.68,-1
2025-08-28,2025-08-28 13:44:00,1735.41,1735.41,1735.31,1735.31,-0.01,23.0,39941.68,-1
2025-08-28,2025-08-28 13:45:00,1735.31,1735.31,1735.21,1735.21,-0.01,23.0,39941.68,-1
2025-08-28,2025-08-28 13:46:00,1735.21,1735.21,1735.11,1735.11,-0.01,23.0,39941.68,-1
2025-08-28,2025-08-28 13:47:00,1735.11,1735.11,1735.0,1735.0,-0.01,23.0,39941.68,-1
2025-08-28,2025-08-28 13:48:00,1735.0,1735.0,1734.9,1734.9,-0.01,23.0,39941.68,-1
2025-08-28,2025-08-28 13:49:00,1734.9,1734.9,1734.8,1734.8,-0.01,23.0,39941.68,-1
2025-08-28,2025-08-28 13:50:00,1734.8,1734.8,1734.7,1734.7,-0.01,23.0,39941.68,-1
2025-08-28,2025-08-28 13:51:00,1734.7,1734.7,1734.6,1734.6,-0.01,23.0,39941.68,-1
2025-08-28,2025-08-28 13:52:00,1734.6,1734.6,1734.5,1734.5,-0.01,23.0,39941.68,-1
2025-08-28,2025-08-28 13:53:00,1734.5,1734.5,1734.4,1734.4,-0.01,23.0,39941.68,-1
2025-08-28,2025-08-28 13:54:00,1734.4,1734.4,1734.3,1734.3,-0.01,23.0,39941.68,-1
2025-08-28,2025-08-28 13:55:00,1734.3,1734.3,1734.19,1734.19,-0.01,23.0,39941.68,-1
2025-08-28,2025-08-28 13:56:00,1734.19,1734.19,1734.09,1734.09,-0.01,23.0,39941.68,-1
2025-08-28,2025-08-28 13:57:00,1734.09,1734.09,1733.99,1733.99,-0.01,23.0,39941.68,-1
2025-08-28,2025-08-28 13:58:00,1733.99,1733.99,1733.89,1733.89,-0.01,23.0,39941.68,-1
2025-08-28,2025-08-28 13:59:00,1733.89,1733.89,1733.79,1733.79,-0.01,23.0,39941.68,-1
2025-08-28,2025-08-28 14:00:00,1733.79,1733.79,1733.69,1733.69,-0.01,23.0,39941.68,-1
2025-08-28,2025-08-28 14:01:00,1733.69,1733.69,1733.59,1733.59,-0.01,23.0,39941.68,-1
2025-08-28,2025-08-28 14:02:00,1733.59,1733.59,1733.49,1733.49,-0.01,23.0,39941.68,-1
2025-08-28,2025-08-28 14:03:00,1733.49,1733.49,1733.39,1733.39,-0.01,23.0,39941.68,-1
2025-08-28,2025-08-28 14:04:00,1733.39,1733.39,1733.28,1733.28,-0.01,23.0,39941.68,-1
2025-08-28,2025-08-28 14:05:00,1733.28,1733.28,1733.18,1733.18,-0.01,23.0,39941.68,-1
2025-08-28,2025-08-28 14:06:00,1733.18,1733.18,1733.08,1733.08,-0.01,23.0,39941.68,-1
2025-08-28,2025-08-28 14:07:00,1733.08,1733.08,1732.98,1732.98,-0.01,23.0,39941.68,-1
2025-08-28,2025-08-28 14:08:00,1732.98,1732.98,1732.88,1732.88,-0.01,23.0,39941.68,-1
2025-08-28,2025-08-28 14:09:00,1732.88,1732.88,1732.78,1732.78,-0.01,23.0,39941.68,-1
2025-08-28,2025-08-28 14:10:00,1732.78,1732.78,1732.68,1732.68,-0.01,23.0,39941.68,-1
2025-08-28,2025-08-28 14:11:00,1732.68,1732.68,1732.58,1732.58,-0.01,23.0,39941.68,-1
2025-08-28,2025-08-28 14:12:00,1732.58,1732.58,1732.47,1732.47,-0.01,23.0,39941.68,-1
2025-08-28,2025-08-28 14:13:00,1732.47,1732.47,1732.37,1732.37,-0.01,23.0,39941.68,-1
2025-08-28,2025-08-28 14:14:00,1732.37,1732.37,1732.27,1732.27,-0.01,23.0,39941.68,-1
2025-08-28,2025-08-28 14:15:00,1732.27,1732.27,1732.17,1732.17,-0.01,23.0,39941.68,-1
2025-08-28,2025-08-28 14:16:00,1732.17,1732.17,1732.07,1732.07,-0.01,23.0,39941.68,-1
2025-08-28,2025-08-28 14:17:00,1732.07,1732.07,1731.97,1731.97,-0.01,23.0,39941.68,-1
2025-08-28,2025-08-28 14:18:00,1731.97,1731.97,1731.87,1731.87,-0.01,23.0,39941.68,-1
2025-08-28,2025-08-28 14:19:00,1731.87,1731.87,1731.77,1731.77,-0.01,23.0,39941.68,-1
2025-08-28,2025-08-28 14:20:00,1731.77,1731.77,1731.67,1731.67,-0.01,23.0,39941.68,-1
2025-08-28,2025-08-28 14:21:00,1731.67,1731.67,1731.56,1731.56,-0.01,23.0,39941.68,-1
2025-08-28,2025-08-28 14:22:00,1731.56,1731.56,1731.46,1731.46,-0.01,23.0,39941.68,-1
2025-08-28,2025-08-28 14:23:00,1731.46,1731.46,1731.36,1731.36,-0.01,23.0,39941.68,-1
2025-08-28,2025-08-28 14:24:00,1731.36,1731.36,1731.26,1731.26,-0.01,23.0,39941.68,-1
2025-08-28,2025-08-28 14:25:00,1731.26,1731.26,1731.16,1731.16,-0.01,23.0,39941.68,-1
2025-08-28,2025-08-28 14:26:00,1731.16,1731.16,1731.06,1731.06,-0.01,23.0,39941.68,-1
2025-08-28,2025-08-28 14:27:00,1731.06,1731.06,1730.96,1730.96,-0.01,23.0,39941.68,-1
2025-08-28,2025-08-28 14:28:00,1730.96,1730.96,1730.86,1730.86,-0.01,23.0,39941.68,-1
2025-08-28,2025-08-28 14:29:00,1730.86,1730.86,1730.76,1730.76,-0.01,23.0,39941.68,-1
2025-08-28,2025-08-28 14:30:00,1730.76,1730.76,1730.65,1730.65,-0.01,23.0,39941.68,-1
2025-08-28,2025-08-28 14:31:00,1730.65,1730.65,1730.55,1730.55,-0.01,23.0,39941.68,-1
2025-08-28,2025-08-28 14:32:00,1730.55,1730.55,1730.45,1730.45,-0.01,23.0,39941.68,-1
2025-08-28,2025-08-28 14:33:00,1730.45,1730.45,1730.35,1730.35,-0.01,23.0,39941.68,-1
2025-08-28,2025-08-28 14:34:00,1730.35,1730.35,1730.25,1730.25,-0.01,23.0,39941.68,-1
2025-08-28,2025-08-28 14:35:00,1730.25,1730.25,1730.15,1730.15,-0.01,23.0,39941.68,-1
2025-08-28,2025-08-28 14:36:00,1730.15,1730.15,1730.05,1730.05,-0.01,23.0,39941.68,-1
2025-08-28,2025-08-28 14:37:00,1730.05,1730.05,1729.95,1729.95,-0.01,23.0,39941.68,-1
2025-08-28,2025-08-28 14:38:00,1729.95,1729.95,1729.84,1729.84,-0.01,23.0,39941.68,-1
2025-08-28,2025-08-28 14:39:00,1729.84,1729.84,1729.74,1729.74,-0.01,23.0,39941.68,-1
2025-08-28,2025-08-28 14:40:00,1729.74,1729.74,1729.64,1729.64,-0.01,23.0,39941.68,-1
2025-08-28,2025-08-28 14:41:00,1729.64,1729.64,1729.54,1729.54,-0.01,23.0,39941.68,-1
2025-08-28,2025-08-28 14:42:00,1729.54,1729.54,1729.44,1729.44,-0.01,23.0,39941.68,-1
2025-08-28,2025-08-28 14:43:00,1729.44,1729.44,1729.34,1729.34,-0.01,23.0,39941.68,-1
2025-08-28,2025-08-28 14:44:00,1729.34,1729.34,1729.24,1729.24,-0.01,23.0,39941.68,-1
2025-08-28,2025-08-28 14:45:00,1729.24,1729.24,1729.14,1729.14,-0.01,23.0,39941.68,-1
2025-08-28,2025-08-28 14:46:00,1729.14,1729.14,1729.04,1729.04,-0.01,23.0,39941.68,-1
2025-08-28,2025-08-28 14:47:00,1729.04,1729.04,1728.93,1728.93,-0.01,23.0,39941.68,-1
2025-08-28,2025-08-28 14:48:00,1728.93,1728.93,1728.83,1728.83,-0.01,23.0,39941.68,-1
2025-08-28,2025-08-28 14:49:00,1728.83,1728.83,1728.73,1728.73,-0.01,23.0,39941.68,-1
2025-08-28,2025-08-28 14:50:00,1728.73,1728.73,1728.63,1728.63,-0.01,23.0,39941.68,-1
2025-08-28,2025-08-28 14:51:00,1728.63,1728.63,1728.53,1728.53,-0.01,23.0,39941.68,-1
2025-08-28,2025-08-28 14:52:00,1728.53,1728.53,1728.43,1728.43,-0.01,23.0,39941.68,-1
2025-08-28,2025-08-28 14:53:00,1728.43,1728.43,1728.33,1728.33,-0.01,23.0,39941.68,-1
2025-08-28,2025-08-28 14:54:00,1728.33,1728.33,1728.23,1728.23,-0.01,23.0,39941.68,-1
2025-08-28,2025-08-28 14:55:00,1728.23,1728.23,1728.12,1728.12,-0.01,23.0,39941.68,-1
2025-08-28,2025-08-28 14:56:00,1728.12,1728.12,1728.02,1728.02,-0.01,23.0,39941.68,-1
2025-08-28,2025-08-28 14:57:00,1728.02,1728.02,1727.92,1727.92,-0.01,23.0,39941.68,-1
2025-08-28,2025-08-28 14:58:00,1727.92,1727.92,1727.82,1727.82,-0.01,23.0,39941.68,-1
2025-08-28,2025-08-28 14:59:00,1727.82,1727.82,1727.72,1727.72,-0.01,23.0,39941.68,-1
2025-08-28,2025-08-28 15:00:00,1727.72,1784.0,1726.0,1727.72,0.0,23.0,39941.68,0
2025-08-31,2025-08-31 11:00:00,1711.0,1747.69,1706.2,1711.01,0.0,14.54,24975.14,1
2025-08-31,2025-08-31 11:01:00,1711.01,1711.02,1711.01,1711.02,0.0,14.54,24975.14,1
2025-08-31,2025-08-31 11:02:00,1711.02,1711.04,1711.02,1711.04,0.0,14.54,24975.14,1
2025-08-31,2025-08-31 11:03:00,1711.04,1711.05,1711.04,1711.05,0.0,14.54,24975.14,1
2025-08-31,2025-08-31 11:04:00,1711.05,1711.06,1711.05,1711.06,0.0,14.54,24975.14,1
2025-08-31,2025-08-31 11:05:00,1711.06,1711.07,1711.06,1711.07,0.0,14.54,24975.14,1
2025-08-31,2025-08-31 11:06:00,1711.07,1711.09,1711.07,1711.09,0.0,14.54,24975.14,1
2025-08-31,2025-08-31 11:07:00,1711.09,1711.1,1711.09,1711.1,0.0,14.54,24975.14,1
2025-08-31,2025-08-31 11:08:00,1711.1,1711.11,1711.1,1711.11,0.0,14.54,24975.14,1
2025-08-31,2025-08-31 11:09:00,1711.11,1711.12,1711.11,1711.12,0.0,14.54,24975.14,1
2025-08-31,2025-08-31 11:10:00,1711.12,1711.14,1711.12,1711.14,0.0,14.54,24975.14,1
2025-08-31,2025-08-31 11:11:00,1711.14,1711.15,1711.14,1711.15,0.0,14.54,24975.14,1
2025-08-31,2025-08-31 11:12:00,1711.15,1711.16,1711.15,1711.16,0.0,14.54,24975.14,1
2025-08-31,2025-08-31 11:13:00,1711.16,1711.17,1711.16,1711.17,0.0,14.54,24975.14,1
2025-08-31,2025-08-31 11:14:00,1711.17,1711.18,1711.17,1711.18,0.0,14.54,24975.14,1
2025-08-31,2025-08-31 11:15:00,1711.18,1711.2,1711.18,1711.2,0.0,14.54,24975.14,1
2025-08-31,2025-08-31 11:16:00,1711.2,1711.21,1711.2,1711.21,0.0,14.54,24975.14,1
2025-08-31,2025-08-31 11:17:00,1711.21,1711.22,1711.21,1711.22,0.0,14.54,24975.14,1
2025-08-31,2025-08-31 11:18:00,1711.22,1711.23,1711.22,1711.23,0.0,14.54,24975.14,1
2025-08-31,2025-08-31 11:19:00,1711.23,1711.25,1711.23,1711.25,0.0,14.54,24975.14,1
2025-08-31,2025-08-31 11:20:00,1711.25,1711.26,1711.25,1711.26,0.0,14.54,24975.14,1
2025-08-31,2025-08-31 11:21:00,1711.26,1711.27,1711.26,1711.27,0.0,14.54,24975.14,1
2025-08-31,2025-08-31 11:22:00,1711.27,1711.28,1711.27,1711.28,0.0,14.54,24975.14,1
2025-08-31,2025-08-31 11:23:00,1711.28,1711.3,1711.28,1711.3,0.0,14.54,24975.14,1
2025-08-31,2025-08-31 11:24:00,1711.3,1711.31,1711.3,1711.31,0.0,14.54,24975.14,1
2025-08-31,2025-08-31 11:25:00,1711.31,1711.32,1711.31,1711.32,0.0,14.54,24975.14,1
2025-08-31,2025-08-31 11:26:00,1711.32,1711.33,1711.32,1711.33,0.0,14.54,24975.14,1
2025-08-31,2025-08-31 11:27:00,1711.33,1711.35,1711.33,1711.35,0.0,14.54,24975.14,1
2025-08-31,2025-08-31 11:28:00,1711.35,1711.36,1711.35,1711.36,0.0,14.54,24975.14,1
2025-08-31,2025-08-31 11:29:00,1711.36,1711.37,1711.36,1711.37,0.0,14.54,24975.14,1
2025-08-31,2025-08-31 11:30:00,1711.37,1711.38,1711.37,1711.38,0.0,14.54,24975.14,1
2025-08-31,2025-08-31 11:31:00,1711.38,1711.39,1711.38,1711.39,0.0,14.54,24975.14,1
2025-08-31,2025-08-31 11:32:00,1711.39,1711.41,1711.39,1711.41,0.0,14.54,24975.14,1
2025-08-31,2025-08-31 11:33:00,1711.41,1711.42,1711.41,1711.42,0.0,14.54,24975.14,1
2025-08-31,2025-08-31 11:34:00,1711.42,1711.43,1711.42,1711.43,0.0,14.54,24975.14,1
2025-08-31,2025-08-31 11:35:00,1711.43,1711.44,1711.43,1711.44,0.0,14.54,24975.14,1
2025-08-31,2025-08-31 11:36:00,1711.44,1711.46,1711.44,1711.46,0.0,14.54,24975.14,1
2025-08-31,2025-08-31 11:37:00,1711.46,1711.47,1711.46,1711.47,0.0,14.54,24975.14,1
2025-08-31,2025-08-31 11:38:00,1711.47,1711.48,1711.47,1711.48,0.0,14.54,24975.14,1
2025-08-31,2025-08-31 11:39:00,1711.48,1711.49,1711.48,1711.49,0.0,14.54,24975.14,1
2025-08-31,2025-08-31 11:40:00,1711.49,1711.51,1711.49,1711.51,0.0,14.54,24975.14,1
2025-08-31,2025-08-31 11:41:00,1711.51,1711.52,1711.51,1711.52,0.0,14.54,24975.14,1
2025-08-31,2025-08-31 11:42:00,1711.52,1711.53,1711.52,1711.53,0.0,14.54,24975.14,1
2025-08-31,2025-08-31 11:43:00,1711.53,1711.54,1711.53,1711.54,0.0,14.54,24975.14,1
2025-08-31,2025-08-31 11:44:00,1711.54,1711.56,1711.54,1711.56,0.0,14.54,24975.14,1
2025-08-31,2025-08-31 11:45:00,1711.56,1711.57,1711.56,1711.57,0.0,14.54,24975.14,1
2025-08-31,2025-08-31 11:46:00,1711.57,1711.58,1711.57,1711.58,0.0,14.54,24975.14,1
2025-08-31,2025-08-31 11:47:00,1711.58,1711.59,1711.58,1711.59,0.0,14.54,24975.14,1
2025-08-31,2025-08-31 11:48:00,1711.59,1711.6,1711.59,1711.6,0.0,14.54,24975.14,1
2025-08-31,2025-08-31 11:49:00,1711.6,1711.62,1711.6,1711.62,0.0,14.54,24975.14,1
2025-08-31,2025-08-31 11:50:00,1711.62,1711.63,1711.62,1711.63,0.0,14.54,24975.14,1
2025-08-31,2025-08-31 11:51:00,1711.63,1711.64,1711.63,1711.64,0.0,14.54,24975.14,1
2025-08-31,2025-08-31 11:52:00,1711.64,1711.65,1711.64,1711.65,0.0,14.54,24975.14,1
2025-08-31,2025-08-31 11:53:00,1711.65,1711.67,1711.65,1711.67,0.0,14.54,24975.14,1
2025-08-31,2025-08-31 11:54:00,1711.67,1711.68,1711.67,1711.68,0.0,14.54,24975.14,1
2025-08-31,2025-08-31 11:55:00,1711.68,1711.69,1711.68,1711.69,0.0,14.54,24975.14,1
2025-08-31,2025-08-31 11:56:00,1711.69,1711.7,1711.69,1711.7,0.0,14.54,24975.14,1
2025-08-31,2025-08-31 11:57:00,1711.7,1711.72,1711.7,1711.72,0.0,14.54,24975.14,1
2025-08-31,2025-08-31 11:58:00,1711.72,1711.73,1711.72,1711.73,0.0,14.54,24975.14,1
2025-08-31,2025-08-31 11:59:00,1711.73,1711.74,1711.73,1711.74,0.0,14.54,24975.14,1
2025-08-31,2025-08-31 12:00:00,1711.74,1711.75,1711.74,1711.75,0.0,14.54,24975.14,1
2025-08-31,2025-08-31 12:01:00,1711.75,1711.76,1711.75,1711.76,0.0,14.54,24975.14,1
2025-08-31,2025-08-31 12:02:00,1711.76,1711.78,1711.76,1711.78,0.0,14.54,24975.14,1
2025-08-31,2025-08-31 12:03:00,1711.78,1711.79,1711.78,1711.79,0.0,14.54,24975.14,1
2025-08-31,2025-08-31 12:04:00,1711.79,1711.8,1711.79,1711.8,0.0,14.54,24975.14,1
2025-08-31,2025-08-31 12:05:00,1711.8,1711.81,1711.8,1711.81,0.0,14.54,24975.14,1
2025-08-31,2025-08-31 12:06:00,1711.81,1711.83,1711.81,1711.83,0.0,14.54,24975.14,1
2025-08-31,2025-08-31 12:07:00,1711.83,1711.84,1711.83,1711.84,0.0,14.54,24975.14,1
2025-08-31,2025-08-31 12:08:00,1711.84,1711.85,1711.84,1711.85,0.0,14.54,24975.14,1
2025-08-31,2025-08-31 12:09:00,1711.85,1711.86,1711.85,1711.86,0.0,14.54,24975.14,1
2025-08-31,2025-08-31 12:10:00,1711.86,1711.88,1711.86,1711.88,0.0,14.54,24975.14,1
2025-08-31,2025-08-31 12:11:00,1711.88,1711.89,1711.88,1711.89,0.0,14.54,24975.14,1
2025-08-31,2025-08-31 12:12:00,1711.89,1711.9,1711.89,1711.9,0.0,14.54,24975.14,1
2025-08-31,2025-08-31 12:13:00,1711.9,1711.91,1711.9,1711.91,0.0,14.54,24975.14,1
2025-08-31,2025-08-31 12:14:00,1711.91,1711.92,1711.91,1711.92,0.0,14.54,24975.14,1
2025-08-31,2025-08-31 12:15:00,1711.92,1711.94,1711.92,1711.94,0.0,14.54,24975.14,1
2025-08-31,2025-08-31 12:16:00,1711.94,1711.95,1711.94,1711.95,0.0,14.54,24975.14,1
2025-08-31,2025-08-31 12:17:00,1711.95,1711.96,1711.95,1711.96,0.0,14.54,24975.14,1
2025-08-31,2025-08-31 12:18:00,1711.96,1711.97,1711.96,1711.97,0.0,14.54,24975.14,1
2025-08-31,2025-08-31 12:19:00,1711.97,1711.99,1711.97,1711.99,0.0,14.54,24975.14,1
2025-08-31,2025-08-31 12:20:00,1711.99,1712.0,1711.99,1712.0,0.0,14.54,24975.14,1
2025-08-31,2025-08-31 12:21:00,1712.0,1712.01,1712.0,1712.01,0.0,14.54,24975.14,1
2025-08-31,2025-08-31 12:22:00,1712.01,1712.02,1712.01,1712.02,0.0,14.54,24975.14,1
2025-08-31,2025-08-31 12:23:00,1712.02,1712.04,1712.02,1712.04,0.0,14.54,24975.14,1
2025-08-31,2025-08-31 12:24:00,1712.04,1712.05,1712.04,1712.05,0.0,14.54,24975.14,1
2025-08-31,2025-08-31 12:25:00,1712.05,1712.06,1712.05,1712.06,0.0,14.54,24975.14,1
2025-08-31,2025-08-31 12:26:00,1712.06,1712.07,1712.06,1712.07,0.0,14.54,24975.14,1
2025-08-31,2025-08-31 12:27:00,1712.07,1712.09,1712.07,1712.09,0.0,14.54,24975.14,1
2025-08-31,2025-08-31 12:28:00,1712.09,1712.1,1712.09,1712.1,0.0,14.54,24975.14,1
2025-08-31,2025-08-31 12:29:00,1712.1,1712.11,1712.1,1712.11,0.0,14.54,24975.14,1
2025-08-31,2025-08-31 12:30:00,1712.11,1712.12,1712.11,1712.12,0.0,14.54,24975.14,1
2025-08-31,2025-08-31 12:31:00,1712.12,1712.13,1712.12,1712.13,0.0,14.54,24975.14,1
2025-08-31,2025-08-31 12:32:00,1712.13,1712.15,1712.13,1712.15,0.0,14.54,24975.14,1
2025-08-31,2025-08-31 12:33:00,1712.15,1712.16,1712.15,1712.16,0.0,14.54,24975.14,1
2025-08-31,2025-08-31 12:34:00,1712.16,1712.17,1712.16,1712.17,0.0,14.54,24975.14,1
2025-08-31,2025-08-31 12:35:00,1712.17,1712.18,1712.17,1712.18,0.0,14.54,24975.14,1
2025-08-31,2025-08-31 12:36:00,1712.18,1712.2,1712.18,1712.2,0.0,14.54,24975.14,1
2025-08-31,2025-08-31 12:37:00,1712.2,1712.21,1712.2,1712.21,0.0,14.54,24975.14,1
2025-08-31,2025-08-31 12:38:00,1712.21,1712.22,1712.21,1712.22,0.0,14.54,24975.14,1
2025-08-31,2025-08-31 12:39:00,1712.22,1712.23,1712.22,1712.23,0.0,14.54,24975.14,1
2025-08-31,2025-08-31 12:40:00,1712.23,1712.25,1712.23,1712.25,0.0,14.54,24975.14,1
2025-08-31,2025-08-31 12:41:00,1712.25,1712.26,1712.25,1712.26,0.0,14.54,24975.14,1
2025-08-31,2025-08-31 12:42:00,1712.26,1712.27,1712.26,1712.27,0.0,14.54,24975.14,1
2025-08-31,2025-08-31 12:43:00,1712.27,1712.28,1712.27,1712.28,0.0,14.54,24975.14,1
2025-08-31,2025-08-31 12:44:00,1712.28,1712.3,1712.28,1712.3,0.0,14.54,24975.14,1
2025-08-31,2025-08-31 12:45:00,1712.3,1712.31,1712.3,1712.31,0.0,14.54,24975.14,1
2025-08-31,2025-08-31 12:46:00,1712.31,1712.32,1712.31,1712.32,0.0,14.54,24975.14,1
2025-08-31,2025-08-31 12:47:00,1712.32,1712.33,1712.32,1712.33,0.0,14.54,24975.14,1
2025-08-31,2025-08-31 12:48:00,1712.33,1712.34,1712.33,1712.34,0.0,14.54,24975.14,1
2025-08-31,2025-08-31 12:49:00,1712.34,1712.36,1712.34,1712.36,0.0,14.54,24975.14,1
2025-08-31,2025-08-31 12:50:00,1712.36,1712.37,1712.36,1712.37,0.0,14.54,24975.14,1
2025-08-31,2025-08-31 12:51:00,1712.37,1712.38,1712.37,1712.38,0.0,14.54,24975.14,1
2025-08-31,2025-08-31 12:52:00,1712.38,1712.39,1712.38,1712.39,0.0,14.54,24975.14,1
2025-08-31,2025-08-31 12:53:00,1712.39,1712.41,1712.39,1712.41,0.0,14.54,24975.14,1
2025-08-31,2025-08-31 12:54:00,1712.41,1712.42,1712.41,1712.42,0.0,14.54,24975.14,1
2025-08-31,2025-08-31 12:55:00,1712.42,1712.43,1712.42,1712.43,0.0,14.54,24975.14,1
2025-08-31,2025-08-31 12:56:00,1712.43,1712.44,1712.43,1712.44,0.0,14.54,24975.14,1
2025-08-31,2025-08-31 12:57:00,1712.44,1712.46,1712.44,1712.46,0.0,14.54,24975.14,1
2025-08-31,2025-08-31 12:58:00,1712.46,1712.47,1712.46,1712.47,0.0,14.54,24975.14,1
2025-08-31,2025-08-31 12:59:00,1712.47,1712.48,1712.47,1712.48,0.0,14.54,24975.14,1
2025-08-31,2025-08-31 13:00:00,1712.48,1833.3,1695.0,1712.49,0.0,14.54,24975.14,1
2025-08-31,2025-08-31 13:01:00,1712.49,1712.5,1712.49,1712.5,0.0,14.54,24975.14,1
2025-08-31,2025-08-31 13:02:00,1712.5,1712.52,1712.5,1712.52,0.0,14.54,24975.14,1
2025-08-31,2025-08-31 13:03:00,1712.52,1712.53,1712.52,1712.53,0.0,14.54,24975.14,1
2025-08-31,2025-08-31 13:04:00,1712.53,1712.54,1712.53,1712.54,0.0,14.54,24975.14,1
2025-08-31,2025-08-31 13:05:00,1712.54,1712.55,1712.54,1712.55,0.0,14.54,24975.14,1
2025-08-31,2025-08-31 13:06:00,1712.55,1712.57,1712.55,1712.57,0.0,14.54,24975.14,1
2025-08-31,2025-08-31 13:07:00,1712.57,1712.58,1712.57,1712.58,0.0,14.54,24975.14,1
2025-08-31,2025-08-31 13:08:00,1712.58,1712.59,1712.58,1712.59,0.0,14.54,24975.14,1
2025-08-31,2025-08-31 13:09:00,1712.59,1712.6,1712.59,1712.6,0.0,14.54,24975.14,1
2025-08-31,2025-08-31 13:10:00,1712.6,1712.62,1712.6,1712.62,0.0,14.54,24975.14,1
2025-08-31,2025-08-31 13:11:00,1712.62,1712.63,1712.62,1712.63,0.0,14.54,24975.14,1
2025-08-31,2025-08-31 13:12:00,1712.63,1712.64,1712.63,1712.64,0.0,14.54,24975.14,1
2025-08-31,2025-08-31 13:13:00,1712.64,1712.65,1712.64,1712.65,0.0,14.54,24975.14,1
2025-08-31,2025-08-31 13:14:00,1712.65,1712.66,1712.65,1712.66,0.0,14.54,24975.14,1
2025-08-31,2025-08-31 13:15:00,1712.66,1712.68,1712.66,1712.68,0.0,14.54,24975.14,1
2025-08-31,2025-08-31 13:16:00,1712.68,1712.69,1712.68,1712.69,0.0,14.54,24975.14,1
2025-08-31,2025-08-31 13:17:00,1712.69,1712.7,1712.69,1712.7,0.0,14.54,24975.14,1
2025-08-31,2025-08-31 13:18:00,1712.7,1712.71,1712.7,1712.71,0.0,14.54,24975.14,1
2025-08-31,2025-08-31 13:19:00,1712.71,1712.73,1712.71,1712.73,0.0,14.54,24975.14,1
2025-08-31,2025-08-31 13:20:00,1712.73,1712.74,1712.73,1712.74,0.0,14.54,24975.14,1
2025-08-31,2025-08-31 13:21:00,1712.74,1712.75,1712.74,1712.75,0.0,14.54,24975.14,1
2025-08-31,2025-08-31 13:22:00,1712.75,1712.76,1712.75,1712.76,0.0,14.54,24975.14,1
2025-08-31,2025-08-31 13:23:00,1712.76,1712.78,1712.76,1712.78,0.0,14.54,24975.14,1
2025-08-31,2025-08-31 13:24:00,1712.78,1712.79,1712.78,1712.79,0.0,14.54,24975.14,1
2025-08-31,2025-08-31 13:25:00,1712.79,1712.8,1712.79,1712.8,0.0,14.54,24975.14,1
2025-08-31,2025-08-31 13:26:00,1712.8,1712.81,1712.8,1712.81,0.0,14.54,24975.14,1
2025-08-31,2025-08-31 13:27:00,1712.81,1712.83,1712.81,1712.83,0.0,14.54,24975.14,1
2025-08-31,2025-08-31 13:28:00,1712.83,1712.84,1712.83,1712.84,0.0,14.54,24975.14,1
2025-08-31,2025-08-31 13:29:00,1712.84,1712.85,1712.84,1712.85,0.0,14.54,24975.14,1
2025-08-31,2025-08-31 13:30:00,1712.85,1712.86,1712.85,1712.86,0.0,14.54,24975.14,1
2025-08-31,2025-08-31 13:31:00,1712.86,1712.87,1712.86,1712.87,0.0,14.54,24975.14,1
2025-08-31,2025-08-31 13:32:00,1712.87,1712.89,1712.87,1712.89,0.0,14.54,24975.14,1
2025-08-31,2025-08-31 13:33:00,1712.89,1712.9,1712.89,1712.9,0.0,14.54,24975.14,1
2025-08-31,2025-08-31 13:34:00,1712.9,1712.91,1712.9,1712.91,0.0,14.54,24975.14,1
2025-08-31,2025-08-31 13:35:00,1712.91,1712.92,1712.91,1712.92,0.0,14.54,24975.14,1
2025-08-31,2025-08-31 13:36:00,1712.92,1712.94,1712.92,1712.94,0.0,14.54,24975.14,1
2025-08-31,2025-08-31 13:37:00,1712.94,1712.95,1712.94,1712.95,0.0,14.54,24975.14,1
2025-08-31,2025-08-31 13:38:00,1712.95,1712.96,1712.95,1712.96,0.0,14.54,24975.14,1
2025-08-31,2025-08-31 13:39:00,1712.96,1712.97,1712.96,1712.97,0.0,14.54,24975.14,1
2025-08-31,2025-08-31 13:40:00,1712.97,1712.99,1712.97,1712.99,0.0,14.54,24975.14,1
2025-08-31,2025-08-31 13:41:00,1712.99,1713.0,1712.99,1713.0,0.0,14.54,24975.14,1
2025-08-31,2025-08-31 13:42:00,1713.0,1713.01,1713.0,1713.01,0.0,14.54,24975.14,1
2025-08-31,2025-08-31 13:43:00,1713.01,1713.02,1713.01,1713.02,0.0,14.54,24975.14,1
2025-08-31,2025-08-31 13:44:00,1713.02,1713.04,1713.02,1713.04,0.0,14.54,24975.14,1
2025-08-31,2025-08-31 13:45:00,1713.04,1713.05,1713.04,1713.05,0.0,14.54,24975.14,1
2025-08-31,2025-08-31 13:46:00,1713.05,1713.06,1713.05,1713.06,0.0,14.54,24975.14,1
2025-08-31,2025-08-31 13:47:00,1713.06,1713.07,1713.06,1713.07,0.0,14.54,24975.14,1
2025-08-31,2025-08-31 13:48:00,1713.07,1713.08,1713.07,1713.08,0.0,14.54,24975.14,1
2025-08-31,2025-08-31 13:49:00,1713.08,1713.1,1713.08,1713.1,0.0,14.54,24975.14,1
2025-08-31,2025-08-31 13:50:00,1713.1,1713.11,1713.1,1713.11,0.0,14.54,24975.14,1
2025-08-31,2025-08-31 13:51:00,1713.11,1713.12,1713.11,1713.12,0.0,14.54,24975.14,1
2025-08-31,2025-08-31 13:52:00,1713.12,1713.13,1713.12,1713.13,0.0,14.54,24975.14,1
2025-08-31,2025-08-31 13:53:00,1713.13,1713.15,1713.13,1713.15,0.0,14.54,24975.14,1
2025-08-31,2025-08-31 13:54:00,1713.15,1713.16,1713.15,1713.16,0.0,14.54,24975.14,1
2025-08-31,2025-08-31 13:55:00,1713.16,1713.17,1713.16,1713.17,0.0,14.54,24975.14,1
2025-08-31,2025-08-31 13:56:00,1713.17,1713.18,1713.17,1713.18,0.0,14.54,24975.14,1
2025-08-31,2025-08-31 13:57:00,1713.18,1713.2,1713.18,1713.2,0.0,14.54,24975.14,1
2025-08-31,2025-08-31 13:58:00,1713.2,1713.21,1713.2,1713.21,0.0,14.54,24975.14,1
2025-08-31,2025-08-31 13:59:00,1713.21,1713.22,1713.21,1713.22,0.0,14.54,24975.14,1
2025-08-31,2025-08-31 14:00:00,1713.22,1713.23,1713.22,1713.23,0.0,14.54,24975.14,1
2025-08-31,2025-08-31 14:01:00,1713.23,1713.24,1713.23,1713.24,0.0,14.54,24975.14,1
2025-08-31,2025-08-31 14:02:00,1713.24,1713.26,1713.24,1713.26,0.0,14.54,24975.14,1
2025-08-31,2025-08-31 14:03:00,1713.26,1713.27,1713.26,1713.27,0.0,14.54,24975.14,1
2025-08-31,2025-08-31 14:04:00,1713.27,1713.28,1713.27,1713.28,0.0,14.54,24975.14,1
2025-08-31,2025-08-31 14:05:00,1713.28,1713.29,1713.28,1713.29,0.0,14.54,24975.14,1
2025-08-31,2025-08-31 14:06:00,1713.29,1713.31,1713.29,1713.31,0.0,14.54,24975.14,1
2025-08-31,2025-08-31 14:07:00,1713.31,1713.32,1713.31,1713.32,0.0,14.54,24975.14,1
2025-08-31,2025-08-31 14:08:00,1713.32,1713.33,1713.32,1713.33,0.0,14.54,24975.14,1
2025-08-31,2025-08-31 14:09:00,1713.33,1713.34,1713.33,1713.34,0.0,14.54,24975.14,1
2025-08-31,2025-08-31 14:10:00,1713.34,1713.36,1713.34,1713.36,0.0,14.54,24975.14,1
2025-08-31,2025-08-31 14:11:00,1713.36,1713.37,1713.36,1713.37,0.0,14.54,24975.14,1
2025-08-31,2025-08-31 14:12:00,1713.37,1713.38,1713.37,1713.38,0.0,14.54,24975.14,1
2025-08-31,2025-08-31 14:13:00,1713.38,1713.39,1713.38,1713.39,0.0,14.54,24975.14,1
2025-08-31,2025-08-31 14:14:00,1713.39,1713.4,1713.39,1713.4,0.0,14.54,24975.14,1
2025-08-31,2025-08-31 14:15:00,1713.4,1713.42,1713.4,1713.42,0.0,14.54,24975.14,1
2025-08-31,2025-08-31 14:16:00,1713.42,1713.43,1713.42,1713.43,0.0,14.54,24975.14,1
2025-08-31,2025-08-31 14:17:00,1713.43,1713.44,1713.43,1713.44,0.0,14.54,24975.14,1
2025-08-31,2025-08-31 14:18:00,1713.44,1713.45,1713.44,1713.45,0.0,14.54,24975.14,1
2025-08-31,2025-08-31 14:19:00,1713.45,1713.47,1713.45,1713.47,0.0,14.54,24975.14,1
2025-08-31,2025-08-31 14:20:00,1713.47,1713.48,1713.47,1713.48,0.0,14.54,24975.14,1
2025-08-31,2025-08-31 14:21:00,1713.48,1713.49,1713.48,1713.49,0.0,14.54,24975.14,1
2025-08-31,2025-08-31 14:22:00,1713.49,1713.5,1713.49,1713.5,0.0,14.54,24975.14,1
2025-08-31,2025-08-31 14:23:00,1713.5,1713.52,1713.5,1713.52,0.0,14.54,24975.14,1
2025-08-31,2025-08-31 14:24:00,1713.52,1713.53,1713.52,1713.53,0.0,14.54,24975.14,1
2025-08-31,2025-08-31 14:25:00,1713.53,1713.54,1713.53,1713.54,0.0,14.54,24975.14,1
2025-08-31,2025-08-31 14:26:00,1713.54,1713.55,1713.54,1713.55,0.0,14.54,24975.14,1
2025-08-31,2025-08-31 14:27:00,1713.55,1713.57,1713.55,1713.57,0.0,14.54,24975.14,1
2025-08-31,2025-08-31 14:28:00,1713.57,1713.58,1713.57,1713.58,0.0,14.54,24975.14,1
2025-08-31,2025-08-31 14:29:00,1713.58,1713.59,1713.58,1713.59,0.0,14.54,24975.14,1
2025-08-31,2025-08-31 14:30:00,1713.59,1713.6,1713.59,1713.6,0.0,14.54,24975.14,1
2025-08-31,2025-08-31 14:31:00,1713.6,1713.61,1713.6,1713.61,0.0,14.54,24975.14,1
2025-08-31,2025-08-31 14:32:00,1713.61,1713.63,1713.61,1713.63,0.0,14.54,24975.14,1
2025-08-31,2025-08-31 14:33:00,1713.63,1713.64,1713.63,1713.64,0.0,14.54,24975.14,1
2025-08-31,2025-08-31 14:34:00,1713.64,1713.65,1713.64,1713.65,0.0,14.54,24975.14,1
2025-08-31,2025-08-31 14:35:00,1713.65,1713.66,1713.65,1713.66,0.0,14.54,24975.14,1
2025-08-31,2025-08-31 14:36:00,1713.66,1713.68,1713.66,1713.68,0.0,14.54,24975.14,1
2025-08-31,2025-08-31 14:37:00,1713.68,1713.69,1713.68,1713.69,0.0,14.54,24975.14,1
2025-08-31,2025-08-31 14:38:00,1713.69,1713.7,1713.69,1713.7,0.0,14.54,24975.14,1
2025-08-31,2025-08-31 14:39:00,1713.7,1713.71,1713.7,1713.71,0.0,14.54,24975.14,1
2025-08-31,2025-08-31 14:40:00,1713.71,1713.73,1713.71,1713.73,0.0,14.54,24975.14,1
2025-08-31,2025-08-31 14:41:00,1713.73,1713.74,1713.73,1713.74,0.0,14.54,24975.14,1
2025-08-31,2025-08-31 14:42:00,1713.74,1713.75,1713.74,1713.75,0.0,14.54,24975.14,1
2025-08-31,2025-08-31 14:43:00,1713.75,1713.76,1713.75,1713.76,0.0,14.54,24975.14,1
2025-08-31,2025-08-31 14:44:00,1713.76,1713.78,1713.76,1713.78,0.0,14.54,24975.14,1
2025-08-31,2025-08-31 14:45:00,1713.78,1713.79,1713.78,1713.79,0.0,14.54,24975.14,1
2025-08-31,2025-08-31 14:46:00,1713.79,1713.8,1713.79,1713.8,0.0,14.54,24975.14,1
2025-08-31,2025-08-31 14:47:00,1713.8,1713.81,1713.8,1713.81,0.0,14.54,24975.14,1
2025-08-31,2025-08-31 14:48:00,1713.81,1713.82,1713.81,1713.82,0.0,14.54,24975.14,1
2025-08-31,2025-08-31 14:49:00,1713.82,1713.84,1713.82,1713.84,0.0,14.54,24975.14,1
2025-08-31,2025-08-31 14:50:00,1713.84,1713.85,1713.84,1713.85,0.0,14.54,24975.14,1
2025-08-31,2025-08-31 14:51:00,1713.85,1713.86,1713.85,1713.86,0.0,14.54,24975.14,1
2025-08-31,2025-08-31 14:52:00,1713.86,1713.87,1713.86,1713.87,0.0,14.54,24975.14,1
2025-08-31,2025-08-31 14:53:00,1713.87,1713.89,1713.87,1713.89,0.0,14.54,24975.14,1
2025-08-31,2025-08-31 14:54:00,1713.89,1713.9,1713.89,1713.9,0.0,14.54,24975.14,1
2025-08-31,2025-08-31 14:55:00,1713.9,1713.91,1713.9,1713.91,0.0,14.54,24975.14,1
2025-08-31,2025-08-31 14:56:00,1713.91,1713.92,1713.91,1713.92,0.0,14.54,24975.14,1
2025-08-31,2025-08-31 14:57:00,1713.92,1713.94,1713.92,1713.94,0.0,14.54,24975.14,1
2025-08-31,2025-08-31 14:58:00,1713.94,1713.95,1713.94,1713.95,0.0,14.54,24975.14,1
2025-08-31,2025-08-31 14:59:00,1713.95,1713.96,1713.95,1713.96,0.0,14.54,24975.14,1
2025-08-31,2025-08-31 15:00:00,1713.96,1833.3,1695.0,1713.96,0.0,14.54,24975.14,0
2025-09-01,2025-09-01 11:00:00,1700.0,1709.0,1694.9,1699.97,-0.0,17.19,29230.59,-1
2025-09-01,2025-09-01 11:01:00,1699.97,1699.97,1699.95,1699.95,-0.0,17.19,29230.59,-1
2025-09-01,2025-09-01 11:02:00,1699.95,1699.95,1699.92,1699.92,-0.0,17.19,29230.59,-1
2025-09-01,2025-09-01 11:03:00,1699.92,1699.92,1699.9,1699.9,-0.0,17.19,29230.59,-1
2025-09-01,2025-09-01 11:04:00,1699.9,1699.9,1699.87,1699.87,-0.0,17.19,29230.59,-1
2025-09-01,2025-09-01 11:05:00,1699.87,1699.87,1699.85,1699.85,-0.0,17.19,29230.59,-1
2025-09-01,2025-09-01 11:06:00,1699.85,1699.85,1699.82,1699.82,-0.0,17.19,29230.59,-1
2025-09-01,2025-09-01 11:07:00,1699.82,1699.82,1699.8,1699.8,-0.0,17.19,29230.59,-1
2025-09-01,2025-09-01 11:08:00,1699.8,1699.8,1699.77,1699.77,-0.0,17.19,29230.59,-1
2025-09-01,2025-09-01 11:09:00,1699.77,1699.77,1699.74,1699.74,-0.0,17.19,29230.59,-1
2025-09-01,2025-09-01 11:10:00,1699.74,1699.74,1699.72,1699.72,-0.0,17.19,29230.59,-1
2025-09-01,2025-09-01 11:11:00,1699.72,1699.72,1699.69,1699.69,-0.0,17.19,29230.59,-1
2025-09-01,2025-09-01 11:12:00,1699.69,1699.69,1699.67,1699.67,-0.0,17.19,29230.59,-1
2025-09-01,2025-09-01 11:13:00,1699.67,1699.67,1699.64,1699.64,-0.0,17.19,29230.59,-1
2025-09-01,2025-09-01 11:14:00,1699.64,1699.64,1699.62,1699.62,-0.0,17.19,29230.59,-1
2025-09-01,2025-09-01 11:15:00,1699.62,1699.62,1699.59,1699.59,-0.0,17.19,29230.59,-1
2025-09-01,2025-09-01 11:16:00,1699.59,1699.59,1699.57,1699.57,-0.0,17.19,29230.59,-1
2025-09-01,2025-09-01 11:17:00,1699.57,1699.57,1699.54,1699.54,-0.0,17.19,29230.59,-1
2025-09-01,2025-09-01 11:18:00,1699.54,1699.54,1699.51,1699.51,-0.0,17.19,29230.59,-1
2025-09-01,2025-09-01 11:19:00,1699.51,1699.51,1699.49,1699.49,-0.0,17.19,29230.59,-1
2025-09-01,2025-09-01 11:20:00,1699.49,1699.49,1699.46,1699.46,-0.0,17.19,29230.59,-1
2025-09-01,2025-09-01 11:21:00,1699.46,1699.46,1699.44,1699.44,-0.0,17.19,29230.59,-1
2025-09-01,2025-09-01 11:22:00,1699.44,1699.44,1699.41,1699.41,-0.0,17.19,29230.59,-1
2025-09-01,2025-09-01 11:23:00,1699.41,1699.41,1699.39,1699.39,-0.0,17.19,29230.59,-1
2025-09-01,2025-09-01 11:24:00,1699.39,1699.39,1699.36,1699.36,-0.0,17.19,29230.59,-1
2025-09-01,2025-09-01 11:25:00,1699.36,1699.36,1699.34,1699.34,-0.0,17.19,29230.59,-1
2025-09-01,2025-09-01 11:26:00,1699.34,1699.34,1699.31,1699.31,-0.0,17.19,29230.59,-1
2025-09-01,2025-09-01 11:27:00,1699.31,1699.31,1699.28,1699.28,-0.0,17.19,29230.59,-1
2025-09-01,2025-09-01 11:28:00,1699.28,1699.28,1699.26,1699.26,-0.0,17.19,29230.59,-1
2025-09-01,2025-09-01 11:29:00,1699.26,1699.26,1699.23,1699.23,-0.0,17.19,29230.59,-1
2025-09-01,2025-09-01 11:30:00,1699.23,1699.23,1699.21,1699.21,-0.0,17.19,29230.59,-1
2025-09-01,2025-09-01 11:31:00,1699.21,1699.21,1699.18,1699.18,-0.0,17.19,29230.59,-1
2025-09-01,2025-09-01 11:32:00,1699.18,1699.18,1699.16,1699.16,-0.0,17.19,29230.59,-1
2025-09-01,2025-09-01 11:33:00,1699.16,1699.16,1699.13,1699.13,-0.0,17.19,29230.59,-1
2025-09-01,2025-09-01 11:34:00,1699.13,1699.13,1699.11,1699.11,-0.0,17.19,29230.59,-1
2025-09-01,2025-09-01 11:35:00,1699.11,1699.11,1699.08,1699.08,-0.0,17.19,29230.59,-1
2025-09-01,2025-09-01 11:36:00,1699.08,1699.08,1699.05,1699.05,-0.0,17.19,29230.59,-1
2025-09-01,2025-09-01 11:37:00,1699.05,1699.05,1699.03,1699.03,-0.0,17.19,29230.59,-1
2025-09-01,2025-09-01 11:38:00,1699.03,1699.03,1699.0,1699.0,-0.0,17.19,29230.59,-1
2025-09-01,2025-09-01 11:39:00,1699.0,1699.0,1698.98,1698.98,-0.0,17.19,29230.59,-1
2025-09-01,2025-09-01 11:40:00,1698.98,1698.98,1698.95,1698.95,-0.0,17.19,29230.59,-1
2025-09-01,2025-09-01 11:41:00,1698.95,1698.95,1698.93,1698.93,-0.0,17.19,29230.59,-1
2025-09-01,2025-09-01 11:42:00,1698.93,1698.93,1698.9,1698.9,-0.0,17.19,29230.59,-1
2025-09-01,2025-09-01 11:43:00,1698.9,1698.9,1698.88,1698.88,-0.0,17.19,29230.59,-1
2025-09-01,2025-09-01 11:44:00,1698.88,1698.88,1698.85,1698.85,-0.0,17.19,29230.59,-1
2025-09-01,2025-09-01 11:45:00,1698.85,1698.85,1698.83,1698.83,-0.0,17.19,29230.59,-1
2025-09-01,2025-09-01 11:46:00,1698.83,1698.83,1698.8,1698.8,-0.0,17.19,29230.59,-1
2025-09-01,2025-09-01 11:47:00,1698.8,1698.8,1698.77,1698.77,-0.0,17.19,29230.59,-1
2025-09-01,2025-09-01 11:48:00,1698.77,1698.77,1698.75,1698.75,-0.0,17.19,29230.59,-1
2025-09-01,2025-09-01 11:49:00,1698.75,1698.75,1698.72,1698.72,-0.0,17.19,29230.59,-1
2025-09-01,2025-09-01 11:50:00,1698.72,1698.72,1698.7,1698.7,-0.0,17.19,29230.59,-1
2025-09-01,2025-09-01 11:51:00,1698.7,1698.7,1698.67,1698.67,-0.0,17.19,29230.59,-1
2025-09-01,2025-09-01 11:52:00,1698.67,1698.67,1698.65,1698.65,-0.0,17.19,29230.59,-1
2025-09-01,2025-09-01 11:53:00,1698.65,1698.65,1698.62,1698.62,-0.0,17.19,29230.59,-1
2025-09-01,2025-09-01 11:54:00,1698.62,1698.62,1698.6,1698.6,-0.0,17.19,29230.59,-1
2025-09-01,2025-09-01 11:55:00,1698.6,1698.6,1698.57,1698.57,-0.0,17.19,29230.59,-1
2025-09-01,2025-09-01 11:56:00,1698.57,1698.57,1698.54,1698.54,-0.0,17.19,29230.59,-1
2025-09-01,2025-09-01 11:57:00,1698.54,1698.54,1698.52,1698.52,-0.0,17.19,29230.59,-1
2025-09-01,2025-09-01 11:58:00,1698.52,1698.52,1698.49,1698.49,-0.0,17.19,29230.59,-1
2025-09-01,2025-09-01 11:59:00,1698.49,1698.49,1698.47,1698.47,-0.0,17.19,29230.59,-1
2025-09-01,2025-09-01 12:00:00,1698.47,1698.47,1698.44,1698.44,-0.0,17.19,29230.59,-1
2025-09-01,2025-09-01 12:01:00,1698.44,1698.44,1698.42,1698.42,-0.0,17.19,29230.59,-1
2025-09-01,2025-09-01 12:02:00,1698.42,1698.42,1698.39,1698.39,-0.0,17.19,29230.59,-1
2025-09-01,2025-09-01 12:03:00,1698.39,1698.39,1698.37,1698.37,-0.0,17.19,29230.59,-1
2025-09-01,2025-09-01 12:04:00,1698.37,1698.37,1698.34,1698.34,-0.0,17.19,29230.59,-1
2025-09-01,2025-09-01 12:05:00,1698.34,1698.34,1698.31,1698.31,-0.0,17.19,29230.59,-1
2025-09-01,2025-09-01 12:06:00,1698.31,1698.31,1698.29,1698.29,-0.0,17.19,29230.59,-1
2025-09-01,2025-09-01 12:07:00,1698.29,1698.29,1698.26,1698.26,-0.0,17.19,29230.59,-1
2025-09-01,2025-09-01 12:08:00,1698.26,1698.26,1698.24,1698.24,-0.0,17.19,29230.59,-1
2025-09-01,2025-09-01 12:09:00,1698.24,1698.24,1698.21,1698.21,-0.0,17.19,29230.59,-1
2025-09-01,2025-09-01 12:10:00,1698.21,1698.21,1698.19,1698.19,-0.0,17.19,29230.59,-1
2025-09-01,2025-09-01 12:11:00,1698.19,1698.19,1698.16,1698.16,-0.0,17.19,29230.59,-1
2025-09-01,2025-09-01 12:12:00,1698.16,1698.16,1698.14,1698.14,-0.0,17.19,29230.59,-1
2025-09-01,2025-09-01 12:13:00,1698.14,1698.14,1698.11,1698.11,-0.0,17.19,29230.59,-1
2025-09-01,2025-09-01 12:14:00,1698.11,1698.11,1698.08,1698.08,-0.0,17.19,29230.59,-1
2025-09-01,2025-09-01 12:15:00,1698.08,1698.08,1698.06,1698.06,-0.0,17.19,29230.59,-1
2025-09-01,2025-09-01 12:16:00,1698.06,1698.06,1698.03,1698.03,-0.0,17.19,29230.59,-1
2025-09-01,2025-09-01 12:17:00,1698.03,1698.03,1698.01,1698.01,-0.0,17.19,29230.59,-1
2025-09-01,2025-09-01 12:18:00,1698.01,1698.01,1697.98,1697.98,-0.0,17.19,29230.59,-1
2025-09-01,2025-09-01 12:19:00,1697.98,1697.98,1697.96,1697.96,-0.0,17.19,29230.59,-1
2025-09-01,2025-09-01 12:20:00,1697.96,1697.96,1697.93,1697.93,-0.0,17.19,29230.59,-1
2025-09-01,2025-09-01 12:21:00,1697.93,1697.93,1697.91,1697.91,-0.0,17.19,29230.59,-1
2025-09-01,2025-09-01 12:22:00,1697.91,1697.91,1697.88,1697.88,-0.0,17.19,29230.59,-1
2025-09-01,2025-09-01 12:23:00,1697.88,1697.88,1697.85,1697.85,-0.0,17.19,29230.59,-1
2025-09-01,2025-09-01 12:24:00,1697.85,1697.85,1697.83,1697.83,-0.0,17.19,29230.59,-1
2025-09-01,2025-09-01 12:25:00,1697.83,1697.83,1697.8,1697.8,-0.0,17.19,29230.59,-1
2025-09-01,2025-09-01 12:26:00,1697.8,1697.8,1697.78,1697.78,-0.0,17.19,29230.59,-1
2025-09-01,2025-09-01 12:27:00,1697.78,1697.78,1697.75,1697.75,-0.0,17.19,29230.59,-1
2025-09-01,2025-09-01 12:28:00,1697.75,1697.75,1697.73,1697.73,-0.0,17.19,29230.59,-1
2025-09-01,2025-09-01 12:29:00,1697.73,1697.73,1697.7,1697.7,-0.0,17.19,29230.59,-1
2025-09-01,2025-09-01 12:30:00,1697.7,1697.7,1697.68,1697.68,-0.0,17.19,29230.59,-1
2025-09-01,2025-09-01 12:31:00,1697.68,1697.68,1697.65,1697.65,-0.0,17.19,29230.59,-1
2025-09-01,2025-09-01 12:32:00,1697.65,1697.65,1697.62,1697.62,-0.0,17.19,29230.59,-1
2025-09-01,2025-09-01 12:33:00,1697.62,1697.62,1697.6,1697.6,-0.0,17.19,29230.59,-1
2025-09-01,2025-09-01 12:34:00,1697.6,1697.6,1697.57,1697.57,-0.0,17.19,29230.59,-1
2025-09-01,2025-09-01 12:35:00,1697.57,1697.57,1697.55,1697.55,-0.0,17.19,29230.59,-1
2025-09-01,2025-09-01 12:36:00,1697.55,1697.55,1697.52,1697.52,-0.0,17.19,29230.59,-1
2025-09-01,2025-09-01 12:37:00,1697.52,1697.52,1697.5,1697.5,-0.0,17.19,29230.59,-1
2025-09-01,2025-09-01 12:38:00,1697.5,1697.5,1697.47,1697.47,-0.0,17.19,29230.59,-1
2025-09-01,2025-09-01 12:39:00,1697.47,1697.47,1697.45,1697.45,-0.0,17.19,29230.59,-1
2025-09-01,2025-09-01 12:40:00,1697.45,1697.45,1697.42,1697.42,-0.0,17.19,29230.59,-1
2025-09-01,2025-09-01 12:41:00,1697.42,1697.42,1697.39,1697.39,-0.0,17.19,29230.59,-1
2025-09-01,2025-09-01 12:42:00,1697.39,1697.39,1697.37,1697.37,-0.0,17.19,29230.59,-1
2025-09-01,2025-09-01 12:43:00,1697.37,1697.37,1697.34,1697.34,-0.0,17.19,29230.59,-1
2025-09-01,2025-09-01 12:44:00,1697.34,1697.34,1697.32,1697.32,-0.0,17.19,29230.59,-1
2025-09-01,2025-09-01 12:45:00,1697.32,1697.32,1697.29,1697.29,-0.0,17.19,29230.59,-1
2025-09-01,2025-09-01 12:46:00,1697.29,1697.29,1697.27,1697.27,-0.0,17.19,29230.59,-1
2025-09-01,2025-09-01 12:47:00,1697.27,1697.27,1697.24,1697.24,-0.0,17.19,29230.59,-1
2025-09-01,2025-09-01 12:48:00,1697.24,1697.24,1697.22,1697.22,-0.0,17.19,29230.59,-1
2025-09-01,2025-09-01 12:49:00,1697.22,1697.22,1697.19,1697.19,-0.0,17.19,29230.59,-1
2025-09-01,2025-09-01 12:50:00,1697.19,1697.19,1697.16,1697.16,-0.0,17.19,29230.59,-1
2025-09-01,2025-09-01 12:51:00,1697.16,1697.16,1697.14,1697.14,-0.0,17.19,29230.59,-1
2025-09-01,2025-09-01 12:52:00,1697.14,1697.14,1697.11,1697.11,-0.0,17.19,29230.59,-1
2025-09-01,2025-09-01 12:53:00,1697.11,1697.11,1697.09,1697.09,-0.0,17.19,29230.59,-1
2025-09-01,2025-09-01 12:54:00,1697.09,1697.09,1697.06,1697.06,-0.0,17.19,29230.59,-1
2025-09-01,2025-09-01 12:55:00,1697.06,1697.06,1697.04,1697.04,-0.0,17.19,29230.59,-1
2025-09-01,2025-09-01 12:56:00,1697.04,1697.04,1697.01,1697.01,-0.0,17.19,29230.59,-1
2025-09-01,2025-09-01 12:57:00,1697.01,1697.01,1696.99,1696.99,-0.0,17.19,29230.59,-1
2025-09-01,2025-09-01 12:58:00,1696.99,1696.99,1696.96,1696.96,-0.0,17.19,29230.59,-1
2025-09-01,2025-09-01 12:59:00,1696.96,1696.96,1696.93,1696.93,-0.0,17.19,29230.59,-1
2025-09-01,2025-09-01 13:00:00,1696.93,1730.0,1683.0,1696.91,-0.0,17.19,29230.59,-1
2025-09-01,2025-09-01 13:01:00,1696.91,1696.91,1696.88,1696.88,-0.0,17.19,29230.59,-1
2025-09-01,2025-09-01 13:02:00,1696.88,1696.88,1696.86,1696.86,-0.0,17.19,29230.59,-1
2025-09-01,2025-09-01 13:03:00,1696.86,1696.86,1696.83,1696.83,-0.0,17.19,29230.59,-1
2025-09-01,2025-09-01 13:04:00,1696.83,1696.83,1696.81,1696.81,-0.0,17.19,29230.59,-1
2025-09-01,2025-09-01 13:05:00,1696.81,1696.81,1696.78,1696.78,-0.0,17.19,29230.59,-1
2025-09-01,2025-09-01 13:06:00,1696.78,1696.78,1696.76,1696.76,-0.0,17.19,29230.59,-1
2025-09-01,2025-09-01 13:07:00,1696.76,1696.76,1696.73,1696.73,-0.0,17.19,29230.59,-1
2025-09-01,2025-09-01 13:08:00,1696.73,1696.73,1696.71,1696.71,-0.0,17.19,29230.59,-1
2025-09-01,2025-09-01 13:09:00,1696.71,1696.71,1696.68,1696.68,-0.0,17.19,29230.59,-1
2025-09-01,2025-09-01 13:10:00,1696.68,1696.68,1696.65,1696.65,-0.0,17.19,29230.59,-1
2025-09-01,2025-09-01 13:11:00,1696.65,1696.65,1696.63,1696.63,-0.0,17.19,29230.59,-1
2025-09-01,2025-09-01 13:12:00,1696.63,1696.63,1696.6,1696.6,-0.0,17.19,29230.59,-1
2025-09-01,2025-09-01 13:13:00,1696.6,1696.6,1696.58,1696.58,-0.0,17.19,29230.59,-1
2025-09-01,2025-09-01 13:14:00,1696.58,1696.58,1696.55,1696.55,-0.0,17.19,29230.59,-1
2025-09-01,2025-09-01 13:15:00,1696.55,1696.55,1696.53,1696.53,-0.0,17.19,29230.59,-1
2025-09-01,2025-09-01 13:16:00,1696.53,1696.53,1696.5,1696.5,-0.0,17.19,29230.59,-1
2025-09-01,2025-09-01 13:17:00,1696.5,1696.5,1696.48,1696.48,-0.0,17.19,29230.59,-1
2025-09-01,2025-09-01 13:18:00,1696.48,1696.48,1696.45,1696.45,-0.0,17.19,29230.59,-1
2025-09-01,2025-09-01 13:19:00,1696.45,1696.45,1696.42,1696.42,-0.0,17.19,29230.59,-1
2025-09-01,2025-09-01 13:20:00,1696.42,1696.42,1696.4,1696.4,-0.0,17.19,29230.59,-1
2025-09-01,2025-09-01 13:21:00,1696.4,1696.4,1696.37,1696.37,-0.0,17.19,29230.59,-1
2025-09-01,2025-09-01 13:22:00,1696.37,1696.37,1696.35,1696.35,-0.0,17.19,29230.59,-1
2025-09-01,2025-09-01 13:23:00,1696.35,1696.35,1696.32,1696.32,-0.0,17.19,29230.59,-1
2025-09-01,2025-09-01 13:24:00,1696.32,1696.32,1696.3,1696.3,-0.0,17.19,29230.59,-1
2025-09-01,2025-09-01 13:25:00,1696.3,1696.3,1696.27,1696.27,-0.0,17.19,29230.59,-1
2025-09-01,2025-09-01 13:26:00,1696.27,1696.27,1696.25,1696.25,-0.0,17.19,29230.59,-1
2025-09-01,2025-09-01 13:27:00,1696.25,1696.25,1696.22,1696.22,-0.0,17.19,29230.59,-1
2025-09-01,2025-09-01 13:28:00,1696.22,1696.22,1696.19,1696.19,-0.0,17.19,29230.59,-1
2025-09-01,2025-09-01 13:29:00,1696.19,1696.19,1696.17,1696.17,-0.0,17.19,29230.59,-1
2025-09-01,2025-09-01 13:30:00,1696.17,1696.17,1696.14,1696.14,-0.0,17.19,29230.59,-1
2025-09-01,2025-09-01 13:31:00,1696.14,1696.14,1696.12,1696.12,-0.0,17.19,29230.59,-1
2025-09-01,2025-09-01 13:32:00,1696.12,1696.12,1696.09,1696.09,-0.0,17.19,29230.59,-1
2025-09-01,2025-09-01 13:33:00,1696.09,1696.09,1696.07,1696.07,-0.0,17.19,29230.59,-1
2025-09-01,2025-09-01 13:34:00,1696.07,1696.07,1696.04,1696.04,-0.0,17.19,29230.59,-1
2025-09-01,2025-09-01 13:35:00,1696.04,1696.04,1696.02,1696.02,-0.0,17.19,29230.59,-1
2025-09-01,2025-09-01 13:36:00,1696.02,1696.02,1695.99,1695.99,-0.0,17.19,29230.59,-1
2025-09-01,2025-09-01 13:37:00,1695.99,1695.99,1695.96,1695.96,-0.0,17.19,29230.59,-1
2025-09-01,2025-09-01 13:38:00,1695.96,1695.96,1695.94,1695.94,-0.0,17.19,29230.59,-1
2025-09-01,2025-09-01 13:39:00,1695.94,1695.94,1695.91,1695.91,-0.0,17.19,29230.59,-1
2025-09-01,2025-09-01 13:40:00,1695.91,1695.91,1695.89,1695.89,-0.0,17.19,29230.59,-1
2025-09-01,2025-09-01 13:41:00,1695.89,1695.89,1695.86,1695.86,-0.0,17.19,29230.59,-1
2025-09-01,2025-09-01 13:42:00,1695.86,1695.86,1695.84,1695.84,-0.0,17.19,29230.59,-1
2025-09-01,2025-09-01 13:43:00,1695.84,1695.84,1695.81,1695.81,-0.0,17.19,29230.59,-1
2025-09-01,2025-09-01 13:44:00,1695.81,1695.81,1695.79,1695.79,-0.0,17.19,29230.59,-1
2025-09-01,2025-09-01 13:45:00,1695.79,1695.79,1695.76,1695.76,-0.0,17.19,29230.59,-1
2025-09-01,2025-09-01 13:46:00,1695.76,1695.76,1695.73,1695.73,-0.0,17.19,29230.59,-1
2025-09-01,2025-09-01 13:47:00,1695.73,1695.73,1695.71,1695.71,-0.0,17.19,29230.59,-1
2025-09-01,2025-09-01 13:48:00,1695.71,1695.71,1695.68,1695.68,-0.0,17.19,29230.59,-1
2025-09-01,2025-09-01 13:49:00,1695.68,1695.68,1695.66,1695.66,-0.0,17.19,29230.59,-1
2025-09-01,2025-09-01 13:50:00,1695.66,1695.66,1695.63,1695.63,-0.0,17.19,29230.59,-1
2025-09-01,2025-09-01 13:51:00,1695.63,1695.63,1695.61,1695.61,-0.0,17.19,29230.59,-1
2025-09-01,2025-09-01 13:52:00,1695.61,1695.61,1695.58,1695.58,-0.0,17.19,29230.59,-1
2025-09-01,2025-09-01 13:53:00,1695.58,1695.58,1695.56,1695.56,-0.0,17.19,29230.59,-1
2025-09-01,2025-09-01 13:54:00,1695.56,1695.56,1695.53,1695.53,-0.0,17.19,29230.59,-1
2025-09-01,2025-09-01 13:55:00,1695.53,1695.53,1695.5,1695.5,-0.0,17.19,29230.59,-1
2025-09-01,2025-09-01 13:56:00,1695.5,1695.5,1695.48,1695.48,-0.0,17.19,29230.59,-1
2025-09-01,2025-09-01 13:57:00,1695.48,1695.48,1695.45,1695.45,-0.0,17.19,29230.59,-1
2025-09-01,2025-09-01 13:58:00,1695.45,1695.45,1695.43,1695.43,-0.0,17.19,29230.59,-1
2025-09-01,2025-09-01 13:59:00,1695.43,1695.43,1695.4,1695.4,-0.0,17.19,29230.59,-1
2025-09-01,2025-09-01 14:00:00,1695.4,1695.4,1695.38,1695.38,-0.0,17.19,29230.59,-1
2025-09-01,2025-09-01 14:01:00,1695.38,1695.38,1695.35,1695.35,-0.0,17.19,29230.59,-1
2025-09-01,2025-09-01 14:02:00,1695.35,1695.35,1695.33,1695.33,-0.0,17.19,29230.59,-1
2025-09-01,2025-09-01 14:03:00,1695.33,1695.33,1695.3,1695.3,-0.0,17.19,29230.59,-1
2025-09-01,2025-09-01 14:04:00,1695.3,1695.3,1695.27,1695.27,-0.0,17.19,29230.59,-1
2025-09-01,2025-09-01 14:05:00,1695.27,1695.27,1695.25,1695.25,-0.0,17.19,29230.59,-1
2025-09-01,2025-09-01 14:06:00,1695.25,1695.25,1695.22,1695.22,-0.0,17.19,29230.59,-1
2025-09-01,2025-09-01 14:07:00,1695.22,1695.22,1695.2,1695.2,-0.0,17.19,29230.59,-1
2025-09-01,2025-09-01 14:08:00,1695.2,1695.2,1695.17,1695.17,-0.0,17.19,29230.59,-1
2025-09-01,2025-09-01 14:09:00,1695.17,1695.17,1695.15,1695.15,-0.0,17.19,29230.59,-1
2025-09-01,2025-09-01 14:10:00,1695.15,1695.15,1695.12,1695.12,-0.0,17.19,29230.59,-1
2025-09-01,2025-09-01 14:11:00,1695.12,1695.12,1695.1,1695.1,-0.0,17.19,29230.59,-1
2025-09-01,2025-09-01 14:12:00,1695.1,1695.1,1695.07,1695.07,-0.0,17.19,29230.59,-1
2025-09-01,2025-09-01 14:13:00,1695.07,1695.07,1695.04,1695.04,-0.0,17.19,29230.59,-1
2025-09-01,2025-09-01 14:14:00,1695.04,1695.04,1695.02,1695.02,-0.0,17.19,29230.59,-1
2025-09-01,2025-09-01 14:15:00,1695.02,1695.02,1694.99,1694.99,-0.0,17.19,29230.59,-1
2025-09-01,2025-09-01 14:16:00,1694.99,1694.99,1694.97,1694.97,-0.0,17.19,29230.59,-1
2025-09-01,2025-09-01 14:17:00,1694.97,1694.97,1694.94,1694.94,-0.0,17.19,29230.59,-1
2025-09-01,2025-09-01 14:18:00,1694.94,1694.94,1694.92,1694.92,-0.0,17.19,29230.59,-1
2025-09-01,2025-09-01 14:19:00,1694.92,1694.92,1694.89,1694.89,-0.0,17.19,29230.59,-1
2025-09-01,2025-09-01 14:20:00,1694.89,1694.89,1694.87,1694.87,-0.0,17.19,29230.59,-1
2025-09-01,2025-09-01 14:21:00,1694.87,1694.87,1694.84,1694.84,-0.0,17.19,29230.59,-1
2025-09-01,2025-09-01 14:22:00,1694.84,1694.84,1694.82,1694.82,-0.0,17.19,29230.59,-1
2025-09-01,2025-09-01 14:23:00,1694.82,1694.82,1694.79,1694.79,-0.0,17.19,29230.59,-1
2025-09-01,2025-09-01 14:24:00,1694.79,1694.79,1694.76,1694.76,-0.0,17.19,29230.59,-1
2025-09-01,2025-09-01 14:25:00,1694.76,1694.76,1694.74,1694.74,-0.0,17.19,29230.59,-1
2025-09-01,2025-09-01 14:26:00,1694.74,1694.74,1694.71,1694.71,-0.0,17.19,29230.59,-1
2025-09-01,2025-09-01 14:27:00,1694.71,1694.71,1694.69,1694.69,-0.0,17.19,29230.59,-1
2025-09-01,2025-09-01 14:28:00,1694.69,1694.69,1694.66,1694.66,-0.0,17.19,29230.59,-1
2025-09-01,2025-09-01 14:29:00,1694.66,1694.66,1694.64,1694.64,-0.0,17.19,29230.59,-1
2025-09-01,2025-09-01 14:30:00,1694.64,1694.64,1694.61,1694.61,-0.0,17.19,29230.59,-1
2025-09-01,2025-09-01 14:31:00,1694.61,1694.61,1694.59,1694.59,-0.0,17.19,29230.59,-1
2025-09-01,2025-09-01 14:32:00,1694.59,1694.59,1694.56,1694.56,-0.0,17.19,29230.59,-1
2025-09-01,2025-09-01 14:33:00,1694.56,1694.56,1694.53,1694.53,-0.0,17.19,29230.59,-1
2025-09-01,2025-09-01 14:34:00,1694.53,1694.53,1694.51,1694.51,-0.0,17.19,29230.59,-1
2025-09-01,2025-09-01 14:35:00,1694.51,1694.51,1694.48,1694.48,-0.0,17.19,29230.59,-1
2025-09-01,2025-09-01 14:36:00,1694.48,1694.48,1694.46,1694.46,-0.0,17.19,29230.59,-1
2025-09-01,2025-09-01 14:37:00,1694.46,1694.46,1694.43,1694.43,-0.0,17.19,29230.59,-1
2025-09-01,2025-09-01 14:38:00,1694.43,1694.43,1694.41,1694.41,-0.0,17.19,29230.59,-1
2025-09-01,2025-09-01 14:39:00,1694.41,1694.41,1694.38,1694.38,-0.0,17.19,29230.59,-1
2025-09-01,2025-09-01 14:40:00,1694.38,1694.38,1694.36,1694.36,-0.0,17.19,29230.59,-1
2025-09-01,2025-09-01 14:41:00,1694.36,1694.36,1694.33,1694.33,-0.0,17.19,29230.59,-1
2025-09-01,2025-09-01 14:42:00,1694.33,1694.33,1694.3,1694.3,-0.0,17.19,29230.59,-1
2025-09-01,2025-09-01 14:43:00,1694.3,1694.3,1694.28,1694.28,-0.0,17.19,29230.59,-1
2025-09-01,2025-09-01 14:44:00,1694.28,1694.28,1694.25,1694.25,-0.0,17.19,29230.59,-1
2025-09-01,2025-09-01 14:45:00,1694.25,1694.25,1694.23,1694.23,-0.0,17.19,29230.59,-1
2025-09-01,2025-09-01 14:46:00,1694.23,1694.23,1694.2,1694.2,-0.0,17.19,29230.59,-1
2025-09-01,2025-09-01 14:47:00,1694.2,1694.2,1694.18,1694.18,-0.0,17.19,29230.59,-1
2025-09-01,2025-09-01 14:48:00,1694.18,1694.18,1694.15,1694.15,-0.0,17.19,29230.59,-1
2025-09-01,2025-09-01 14:49:00,1694.15,1694.15,1694.13,1694.13,-0.0,17.19,29230.59,-1
2025-09-01,2025-09-01 14:50:00,1694.13,1694.13,1694.1,1694.1,-0.0,17.19,29230.59,-1
2025-09-01,2025-09-01 14:51:00,1694.1,1694.1,1694.07,1694.07,-0.0,17.19,29230.59,-1
2025-09-01,2025-09-01 14:52:00,1694.07,1694.07,1694.05,1694.05,-0.0,17.19,29230.59,-1
2025-09-01,2025-09-01 14:53:00,1694.05,1694.05,1694.02,1694.02,-0.0,17.19,29230.59,-1
2025-09-01,2025-09-01 14:54:00,1694.02,1694.02,1694.0,1694.0,-0.0,17.19,29230.59,-1
2025-09-01,2025-09-01 14:55:00,1694.0,1694.0,1693.97,1693.97,-0.0,17.19,29230.59,-1
2025-09-01,2025-09-01 14:56:00,1693.97,1693.97,1693.95,1693.95,-0.0,17.19,29230.59,-1
2025-09-01,2025-09-01 14:57:00,1693.95,1693.95,1693.92,1693.92,-0.0,17.19,29230.59,-1
2025-09-01,2025-09-01 14:58:00,1693.92,1693.92,1693.9,1693.9,-0.0,17.19,29230.59,-1
2025-09-01,2025-09-01 14:59:00,1693.9,1693.9,1693.87,1693.87,-0.0,17.19,29230.59,-1
2025-09-01,2025-09-01 15:00:00,1693.87,1730.0,1683.0,1693.87,0.0,17.19,29230.59,0
2025-09-02,2025-09-02 11:00:00,1693.87,1696.91,1674.71,1693.66,-0.01,23.3,38623.02,-1
2025-09-02,2025-09-02 11:01:00,1693.66,1693.66,1693.44,1693.44,-0.01,23.3,38623.02,-1
2025-09-02,2025-09-02 11:02:00,1693.44,1693.44,1693.23,1693.23,-0.01,23.3,38623.02,-1
2025-09-02,2025-09-02 11:03:00,1693.23,1693.23,1693.01,1693.01,-0.01,23.3,38623.02,-1
2025-09-02,2025-09-02 11:04:00,1693.01,1693.01,1692.8,1692.8,-0.01,23.3,38623.02,-1
2025-09-02,2025-09-02 11:05:00,1692.8,1692.8,1692.58,1692.58,-0.01,23.3,38623.02,-1
2025-09-02,2025-09-02 11:06:00,1692.58,1692.58,1692.37,1692.37,-0.01,23.3,38623.02,-1
2025-09-02,2025-09-02 11:07:00,1692.37,1692.37,1692.15,1692.15,-0.01,23.3,38623.02,-1
2025-09-02,2025-09-02 11:08:00,1692.15,1692.15,1691.94,1691.94,-0.01,23.3,38623.02,-1
2025-09-02,2025-09-02 11:09:00,1691.94,1691.94,1691.72,1691.72,-0.01,23.3,38623.02,-1
2025-09-02,2025-09-02 11:10:00,1691.72,1691.72,1691.51,1691.51,-0.01,23.3,38623.02,-1
2025-09-02,2025-09-02 11:11:00,1691.51,1691.51,1691.3,1691.3,-0.01,23.3,38623.02,-1
2025-09-02,2025-09-02 11:12:00,1691.3,1691.3,1691.08,1691.08,-0.01,23.3,38623.02,-1
2025-09-02,2025-09-02 11:13:00,1691.08,1691.08,1690.87,1690.87,-0.01,23.3,38623.02,-1
2025-09-02,2025-09-02 11:14:00,1690.87,1690.87,1690.65,1690.65,-0.01,23.3,38623.02,-1
2025-09-02,2025-09-02 11:15:00,1690.65,1690.65,1690.44,1690.44,-0.01,23.3,38623.02,-1
2025-09-02,2025-09-02 11:16:00,1690.44,1690.44,1690.22,1690.22,-0.01,23.3,38623.02,-1
2025-09-02,2025-09-02 11:17:00,1690.22,1690.22,1690.01,1690.01,-0.01,23.3,38623.02,-1
2025-09-02,2025-09-02 11:18:00,1690.01,1690.01,1689.79,1689.79,-0.01,23.3,38623.02,-1
2025-09-02,2025-09-02 11:19:00,1689.79,1689.79,1689.58,1689.58,-0.01,23.3,38623.02,-1
2025-09-02,2025-09-02 11:20:00,1689.58,1689.58,1689.37,1689.37,-0.01,23.3,38623.02,-1
2025-09-02,2025-09-02 11:21:00,1689.37,1689.37,1689.15,1689.15,-0.01,23.3,38623.02,-1
2025-09-02,2025-09-02 11:22:00,1689.15,1689.15,1688.94,1688.94,-0.01,23.3,38623.02,-1
2025-09-02,2025-09-02 11:23:00,1688.94,1688.94,1688.72,1688.72,-0.01,23.3,38623.02,-1
2025-09-02,2025-09-02 11:24:00,1688.72,1688.72,1688.51,1688.51,-0.01,23.3,38623.02,-1
2025-09-02,2025-09-02 11:25:00,1688.51,1688.51,1688.29,1688.29,-0.01,23.3,38623.02,-1
2025-09-02,2025-09-02 11:26:00,1688.29,1688.29,1688.08,1688.08,-0.01,23.3,38623.02,-1
2025-09-02,2025-09-02 11:27:00,1688.08,1688.08,1687.86,1687.86,-0.01,23.3,38623.02,-1
2025-09-02,2025-09-02 11:28:00,1687.86,1687.86,1687.65,1687.65,-0.01,23.3,38623.02,-1
2025-09-02,2025-09-02 11:29:00,1687.65,1687.65,1687.43,1687.43,-0.01,23.3,38623.02,-1
2025-09-02,2025-09-02 11:30:00,1687.43,1687.43,1687.22,1687.22,-0.01,23.3,38623.02,-1
2025-09-02,2025-09-02 11:31:00,1687.22,1687.22,1687.01,1687.01,-0.01,23.3,38623.02,-1
2025-09-02,2025-09-02 11:32:00,1687.01,1687.01,1686.79,1686.79,-0.01,23.3,38623.02,-1
2025-09-02,2025-09-02 11:33:00,1686.79,1686.79,1686.58,1686.58,-0.01,23.3,38623.02,-1
2025-09-02,2025-09-02 11:34:00,1686.58,1686.58,1686.36,1686.36,-0.01,23.3,38623.02,-1
2025-09-02,2025-09-02 11:35:00,1686.36,1686.36,1686.15,1686.15,-0.01,23.3,38623.02,-1
2025-09-02,2025-09-02 11:36:00,1686.15,1686.15,1685.93,1685.93,-0.01,23.3,38623.02,-1
2025-09-02,2025-09-02 11:37:00,1685.93,1685.93,1685.72,1685.72,-0.01,23.3,38623.02,-1
2025-09-02,2025-09-02 11:38:00,1685.72,1685.72,1685.5,1685.5,-0.01,23.3,38623.02,-1
2025-09-02,2025-09-02 11:39:00,1685.5,1685.5,1685.29,1685.29,-0.01,23.3,38623.02,-1
2025-09-02,2025-09-02 11:40:00,1685.29,1685.29,1685.08,1685.08,-0.01,23.3,38623.02,-1
2025-09-02,2025-09-02 11:41:00,1685.08,1685.08,1684.86,1684.86,-0.01,23.3,38623.02,-1
2025-09-02,2025-09-02 11:42:00,1684.86,1684.86,1684.65,1684.65,-0.01,23.3,38623.02,-1
2025-09-02,2025-09-02 11:43:00,1684.65,1684.65,1684.43,1684.43,-0.01,23.3,38623.02,-1
2025-09-02,2025-09-02 11:44:00,1684.43,1684.43,1684.22,1684.22,-0.01,23.3,38623.02,-1
2025-09-02,2025-09-02 11:45:00,1684.22,1684.22,1684.0,1684.0,-0.01,23.3,38623.02,-1
2025-09-02,2025-09-02 11:46:00,1684.0,1684.0,1683.79,1683.79,-0.01,23.3,38623.02,-1
2025-09-02,2025-09-02 11:47:00,1683.79,1683.79,1683.57,1683.57,-0.01,23.3,38623.02,-1
2025-09-02,2025-09-02 11:48:00,1683.57,1683.57,1683.36,1683.36,-0.01,23.3,38623.02,-1
2025-09-02,2025-09-02 11:49:00,1683.36,1683.36,1683.14,1683.14,-0.01,23.3,38623.02,-1
2025-09-02,2025-09-02 11:50:00,1683.14,1683.14,1682.93,1682.93,-0.01,23.3,38623.02,-1
2025-09-02,2025-09-02 11:51:00,1682.93,1682.93,1682.72,1682.72,-0.01,23.3,38623.02,-1
2025-09-02,2025-09-02 11:52:00,1682.72,1682.72,1682.5,1682.5,-0.01,23.3,38623.02,-1
2025-09-02,2025-09-02 11:53:00,1682.5,1682.5,1682.29,1682.29,-0.01,23.3,38623.02,-1
2025-09-02,2025-09-02 11:54:00,1682.29,1682.29,1682.07,1682.07,-0.01,23.3,38623.02,-1
2025-09-02,2025-09-02 11:55:00,1682.07,1682.07,1681.86,1681.86,-0.01,23.3,38623.02,-1
2025-09-02,2025-09-02 11:56:00,1681.86,1681.86,1681.64,1681.64,-0.01,23.3,38623.02,-1
2025-09-02,2025-09-02 11:57:00,1681.64,1681.64,1681.43,1681.43,-0.01,23.3,38623.02,-1
2025-09-02,2025-09-02 11:58:00,1681.43,1681.43,1681.21,1681.21,-0.01,23.3,38623.02,-1
2025-09-02,2025-09-02 11:59:00,1681.21,1681.21,1681.0,1681.0,-0.01,23.3,38623.02,-1
2025-09-02,2025-09-02 12:00:00,1681.0,1681.0,1680.79,1680.79,-0.01,23.3,38623.02,-1
2025-09-02,2025-09-02 12:01:00,1680.79,1680.79,1680.57,1680.57,-0.01,23.3,38623.02,-1
2025-09-02,2025-09-02 12:02:00,1680.57,1680.57,1680.36,1680.36,-0.01,23.3,38623.02,-1
2025-09-02,2025-09-02 12:03:00,1680.36,1680.36,1680.14,1680.14,-0.01,23.3,38623.02,-1
2025-09-02,2025-09-02 12:04:00,1680.14,1680.14,1679.93,1679.93,-0.01,23.3,38623.02,-1
2025-09-02,2025-09-02 12:05:00,1679.93,1679.93,1679.71,1679.71,-0.01,23.3,38623.02,-1
2025-09-02,2025-09-02 12:06:00,1679.71,1679.71,1679.5,1679.5,-0.01,23.3,38623.02,-1
2025-09-02,2025-09-02 12:07:00,1679.5,1679.5,1679.28,1679.28,-0.01,23.3,38623.02,-1
2025-09-02,2025-09-02 12:08:00,1679.28,1679.28,1679.07,1679.07,-0.01,23.3,38623.02,-1
2025-09-02,2025-09-02 12:09:00,1679.07,1679.07,1678.86,1678.86,-0.01,23.3,38623.02,-1
2025-09-02,2025-09-02 12:10:00,1678.86,1678.86,1678.64,1678.64,-0.01,23.3,38623.02,-1
2025-09-02,2025-09-02 12:11:00,1678.64,1678.64,1678.43,1678.43,-0.01,23.3,38623.02,-1
2025-09-02,2025-09-02 12:12:00,1678.43,1678.43,1678.21,1678.21,-0.01,23.3,38623.02,-1
2025-09-02,2025-09-02 12:13:00,1678.21,1678.21,1678.0,1678.0,-0.01,23.3,38623.02,-1
2025-09-02,2025-09-02 12:14:00,1678.0,1678.0,1677.78,1677.78,-0.01,23.3,38623.02,-1
2025-09-02,2025-09-02 12:15:00,1677.78,1677.78,1677.57,1677.57,-0.01,23.3,38623.02,-1
2025-09-02,2025-09-02 12:16:00,1677.57,1677.57,1677.35,1677.35,-0.01,23.3,38623.02,-1
2025-09-02,2025-09-02 12:17:00,1677.35,1677.35,1677.14,1677.14,-0.01,23.3,38623.02,-1
2025-09-02,2025-09-02 12:18:00,1677.14,1677.14,1676.92,1676.92,-0.01,23.3,38623.02,-1
2025-09-02,2025-09-02 12:19:00,1676.92,1676.92,1676.71,1676.71,-0.01,23.3,38623.02,-1
2025-09-02,2025-09-02 12:20:00,1676.71,1676.71,1676.5,1676.5,-0.01,23.3,38623.02,-1
2025-09-02,2025-09-02 12:21:00,1676.5,1676.5,1676.28,1676.28,-0.01,23.3,38623.02,-1
2025-09-02,2025-09-02 12:22:00,1676.28,1676.28,1676.07,1676.07,-0.01,23.3,38623.02,-1
2025-09-02,2025-09-02 12:23:00,1676.07,1676.07,1675.85,1675.85,-0.01,23.3,38623.02,-1
2025-09-02,2025-09-02 12:24:00,1675.85,1675.85,1675.64,1675.64,-0.01,23.3,38623.02,-1
2025-09-02,2025-09-02 12:25:00,1675.64,1675.64,1675.42,1675.42,-0.01,23.3,38623.02,-1
2025-09-02,2025-09-02 12:26:00,1675.42,1675.42,1675.21,1675.21,-0.01,23.3,38623.02,-1
2025-09-02,2025-09-02 12:27:00,1675.21,1675.21,1674.99,1674.99,-0.01,23.3,38623.02,-1
2025-09-02,2025-09-02 12:28:00,1674.99,1674.99,1674.78,1674.78,-0.01,23.3,38623.02,-1
2025-09-02,2025-09-02 12:29:00,1674.78,1674.78,1674.57,1674.57,-0.01,23.3,38623.02,-1
2025-09-02,2025-09-02 12:30:00,1674.57,1674.57,1674.35,1674.35,-0.01,23.3,38623.02,-1
2025-09-02,2025-09-02 12:31:00,1674.35,1674.35,1674.14,1674.14,-0.01,23.3,38623.02,-1
2025-09-02,2025-09-02 12:32:00,1674.14,1674.14,1673.92,1673.92,-0.01,23.3,38623.02,-1
2025-09-02,2025-09-02 12:33:00,1673.92,1673.92,1673.71,1673.71,-0.01,23.3,38623.02,-1
2025-09-02,2025-09-02 12:34:00,1673.71,1673.71,1673.49,1673.49,-0.01,23.3,38623.02,-1
2025-09-02,2025-09-02 12:35:00,1673.49,1673.49,1673.28,1673.28,-0.01,23.3,38623.02,-1
2025-09-02,2025-09-02 12:36:00,1673.28,1673.28,1673.06,1673.06,-0.01,23.3,38623.02,-1
2025-09-02,2025-09-02 12:37:00,1673.06,1673.06,1672.85,1672.85,-0.01,23.3,38623.02,-1
2025-09-02,2025-09-02 12:38:00,1672.85,1672.85,1672.63,1672.63,-0.01,23.3,38623.02,-1
2025-09-02,2025-09-02 12:39:00,1672.63,1672.63,1672.42,1672.42,-0.01,23.3,38623.02,-1
2025-09-02,2025-09-02 12:40:00,1672.42,1672.42,1672.21,1672.21,-0.01,23.3,38623.02,-1
2025-09-02,2025-09-02 12:41:00,1672.21,1672.21,1671.99,1671.99,-0.01,23.3,38623.02,-1
2025-09-02,2025-09-02 12:42:00,1671.99,1671.99,1671.78,1671.78,-0.01,23.3,38623.02,-1
2025-09-02,2025-09-02 12:43:00,1671.78,1671.78,1671.56,1671.56,-0.01,23.3,38623.02,-1
2025-09-02,2025-09-02 12:44:00,1671.56,1671.56,1671.35,1671.35,-0.01,23.3,38623.02,-1
2025-09-02,2025-09-02 12:45:00,1671.35,1671.35,1671.13,1671.13,-0.01,23.3,38623.02,-1
2025-09-02,2025-09-02 12:46:00,1671.13,1671.13,1670.92,1670.92,-0.01,23.3,38623.02,-1
2025-09-02,2025-09-02 12:47:00,1670.92,1670.92,1670.7,1670.7,-0.01,23.3,38623.02,-1
2025-09-02,2025-09-02 12:48:00,1670.7,1670.7,1670.49,1670.49,-0.01,23.3,38623.02,-1
2025-09-02,2025-09-02 12:49:00,1670.49,1670.49,1670.28,1670.28,-0.01,23.3,38623.02,-1
2025-09-02,2025-09-02 12:50:00,1670.28,1670.28,1670.06,1670.06,-0.01,23.3,38623.02,-1
2025-09-02,2025-09-02 12:51:00,1670.06,1670.06,1669.85,1669.85,-0.01,23.3,38623.02,-1
2025-09-02,2025-09-02 12:52:00,1669.85,1669.85,1669.63,1669.63,-0.01,23.3,38623.02,-1
2025-09-02,2025-09-02 12:53:00,1669.63,1669.63,1669.42,1669.42,-0.01,23.3,38623.02,-1
2025-09-02,2025-09-02 12:54:00,1669.42,1669.42,1669.2,1669.2,-0.01,23.3,38623.02,-1
2025-09-02,2025-09-02 12:55:00,1669.2,1669.2,1668.99,1668.99,-0.01,23.3,38623.02,-1
2025-09-02,2025-09-02 12:56:00,1668.99,1668.99,1668.77,1668.77,-0.01,23.3,38623.02,-1
2025-09-02,2025-09-02 12:57:00,1668.77,1668.77,1668.56,1668.56,-0.01,23.3,38623.02,-1
2025-09-02,2025-09-02 12:58:00,1668.56,1668.56,1668.34,1668.34,-0.01,23.3,38623.02,-1
2025-09-02,2025-09-02 12:59:00,1668.34,1668.34,1668.13,1668.13,-0.01,23.3,38623.02,-1
2025-09-02,2025-09-02 13:00:00,1668.13,1704.0,1630.0,1667.92,-0.01,23.3,38623.02,-1
2025-09-02,2025-09-02 13:01:00,1667.92,1667.92,1667.7,1667.7,-0.01,23.3,38623.02,-1
2025-09-02,2025-09-02 13:02:00,1667.7,1667.7,1667.49,1667.49,-0.01,23.3,38623.02,-1
2025-09-02,2025-09-02 13:03:00,1667.49,1667.49,1667.27,1667.27,-0.01,23.3,38623.02,-1
2025-09-02,2025-09-02 13:04:00,1667.27,1667.27,1667.06,1667.06,-0.01,23.3,38623.02,-1
2025-09-02,2025-09-02 13:05:00,1667.06,1667.06,1666.84,1666.84,-0.01,23.3,38623.02,-1
2025-09-02,2025-09-02 13:06:00,1666.84,1666.84,1666.63,1666.63,-0.01,23.3,38623.02,-1
2025-09-02,2025-09-02 13:07:00,1666.63,1666.63,1666.41,1666.41,-0.01,23.3,38623.02,-1
2025-09-02,2025-09-02 13:08:00,1666.41,1666.41,1666.2,1666.2,-0.01,23.3,38623.02,-1
2025-09-02,2025-09-02 13:09:00,1666.2,1666.2,1665.98,1665.98,-0.01,23.3,38623.02,-1
2025-09-02,2025-09-02 13:10:00,1665.98,1665.98,1665.77,1665.77,-0.01,23.3,38623.02,-1
2025-09-02,2025-09-02 13:11:00,1665.77,1665.77,1665.56,1665.56,-0.01,23.3,38623.02,-1
2025-09-02,2025-09-02 13:12:00,1665.56,1665.56,1665.34,1665.34,-0.01,23.3,38623.02,-1
2025-09-02,2025-09-02 13:13:00,1665.34,1665.34,1665.13,1665.13,-0.01,23.3,38623.02,-1
2025-09-02,2025-09-02 13:14:00,1665.13,1665.13,1664.91,1664.91,-0.01,23.3,38623.02,-1
2025-09-02,2025-09-02 13:15:00,1664.91,1664.91,1664.7,1664.7,-0.01,23.3,38623.02,-1
2025-09-02,2025-09-02 13:16:00,1664.7,1664.7,1664.48,1664.48,-0.01,23.3,38623.02,-1
2025-09-02,2025-09-02 13:17:00,1664.48,1664.48,1664.27,1664.27,-0.01,23.3,38623.02,-1
2025-09-02,2025-09-02 13:18:00,1664.27,1664.27,1664.05,1664.05,-0.01,23.3,38623.02,-1
2025-09-02,2025-09-02 13:19:00,1664.05,1664.05,1663.84,1663.84,-0.01,23.3,38623.02,-1
2025-09-02,2025-09-02 13:20:00,1663.84,1663.84,1663.63,1663.63,-0.01,23.3,38623.02,-1
2025-09-02,2025-09-02 13:21:00,1663.63,1663.63,1663.41,1663.41,-0.01,23.3,38623.02,-1
2025-09-02,2025-09-02 13:22:00,1663.41,1663.41,1663.2,1663.2,-0.01,23.3,38623.02,-1
2025-09-02,2025-09-02 13:23:00,1663.2,1663.2,1662.98,1662.98,-0.01,23.3,38623.02,-1
2025-09-02,2025-09-02 13:24:00,1662.98,1662.98,1662.77,1662.77,-0.01,23.3,38623.02,-1
2025-09-02,2025-09-02 13:25:00,1662.77,1662.77,1662.55,1662.55,-0.01,23.3,38623.02,-1
2025-09-02,2025-09-02 13:26:00,1662.55,1662.55,1662.34,1662.34,-0.01,23.3,38623.02,-1
2025-09-02,2025-09-02 13:27:00,1662.34,1662.34,1662.12,1662.12,-0.01,23.3,38623.02,-1
2025-09-02,2025-09-02 13:28:00,1662.12,1662.12,1661.91,1661.91,-0.01,23.3,38623.02,-1
2025-09-02,2025-09-02 13:29:00,1661.91,1661.91,1661.69,1661.69,-0.01,23.3,38623.02,-1
2025-09-02,2025-09-02 13:30:00,1661.69,1661.69,1661.48,1661.48,-0.01,23.3,38623.02,-1
2025-09-02,2025-09-02 13:31:00,1661.48,1661.48,1661.27,1661.27,-0.01,23.3,38623.02,-1
2025-09-02,2025-09-02 13:32:00,1661.27,1661.27,1661.05,1661.05,-0.01,23.3,38623.02,-1
2025-09-02,2025-09-02 13:33:00,1661.05,1661.05,1660.84,1660.84,-0.01,23.3,38623.02,-1
2025-09-02,2025-09-02 13:34:00,1660.84,1660.84,1660.62,1660.62,-0.01,23.3,38623.02,-1
2025-09-02,2025-09-02 13:35:00,1660.62,1660.62,1660.41,1660.41,-0.01,23.3,38623.02,-1
2025-09-02,2025-09-02 13:36:00,1660.41,1660.41,1660.19,1660.19,-0.01,23.3,38623.02,-1
2025-09-02,2025-09-02 13:37:00,1660.19,1660.19,1659.98,1659.98,-0.01,23.3,38623.02,-1
2025-09-02,2025-09-02 13:38:00,1659.98,1659.98,1659.76,1659.76,-0.01,23.3,38623.02,-1
2025-09-02,2025-09-02 13:39:00,1659.76,1659.76,1659.55,1659.55,-0.01,23.3,38623.02,-1
2025-09-02,2025-09-02 13:40:00,1659.55,1659.55,1659.34,1659.34,-0.01,23.3,38623.02,-1
2025-09-02,2025-09-02 13:41:00,1659.34,1659.34,1659.12,1659.12,-0.01,23.3,38623.02,-1
2025-09-02,2025-09-02 13:42:00,1659.12,1659.12,1658.91,1658.91,-0.01,23.3,38623.02,-1
2025-09-02,2025-09-02 13:43:00,1658.91,1658.91,1658.69,1658.69,-0.01,23.3,38623.02,-1
2025-09-02,2025-09-02 13:44:00,1658.69,1658.69,1658.48,1658.48,-0.01,23.3,38623.02,-1
2025-09-02,2025-09-02 13:45:00,1658.48,1658.48,1658.26,1658.26,-0.01,23.3,38623.02,-1
2025-09-02,2025-09-02 13:46:00,1658.26,1658.26,1658.05,1658.05,-0.01,23.3,38623.02,-1
2025-09-02,2025-09-02 13:47:00,1658.05,1658.05,1657.83,1657.83,-0.01,23.3,38623.02,-1
2025-09-02,2025-09-02 13:48:00,1657.83,1657.83,1657.62,1657.62,-0.01,23.3,38623.02,-1
2025-09-02,2025-09-02 13:49:00,1657.62,1657.62,1657.4,1657.4,-0.01,23.3,38623.02,-1
2025-09-02,2025-09-02 13:50:00,1657.4,1657.4,1657.19,1657.19,-0.01,23.3,38623.02,-1
2025-09-02,2025-09-02 13:51:00,1657.19,1657.19,1656.98,1656.98,-0.01,23.3,38623.02,-1
2025-09-02,2025-09-02 13:52:00,1656.98,1656.98,1656.76,1656.76,-0.01,23.3,38623.02,-1
2025-09-02,2025-09-02 13:53:00,1656.76,1656.76,1656.55,1656.55,-0.01,23.3,38623.02,-1
2025-09-02,2025-09-02 13:54:00,1656.55,1656.55,1656.33,1656.33,-0.01,23.3,38623.02,-1
2025-09-02,2025-09-02 13:55:00,1656.33,1656.33,1656.12,1656.12,-0.01,23.3,38623.02,-1
2025-09-02,2025-09-02 13:56:00,1656.12,1656.12,1655.9,1655.9,-0.01,23.3,38623.02,-1
2025-09-02,2025-09-02 13:57:00,1655.9,1655.9,1655.69,1655.69,-0.01,23.3,38623.02,-1
2025-09-02,2025-09-02 13:58:00,1655.69,1655.69,1655.47,1655.47,-0.01,23.3,38623.02,-1
2025-09-02,2025-09-02 13:59:00,1655.47,1655.47,1655.26,1655.26,-0.01,23.3,38623.02,-1
2025-09-02,2025-09-02 14:00:00,1655.26,1655.26,1655.05,1655.05,-0.01,23.3,38623.02,-1
2025-09-02,2025-09-02 14:01:00,1655.05,1655.05,1654.83,1654.83,-0.01,23.3,38623.02,-1
2025-09-02,2025-09-02 14:02:00,1654.83,1654.83,1654.62,1654.62,-0.01,23.3,38623.02,-1
2025-09-02,2025-09-02 14:03:00,1654.62,1654.62,1654.4,1654.4,-0.01,23.3,38623.02,-1
2025-09-02,2025-09-02 14:04:00,1654.4,1654.4,1654.19,1654.19,-0.01,23.3,38623.02,-1
2025-09-02,2025-09-02 14:05:00,1654.19,1654.19,1653.97,1653.97,-0.01,23.3,38623.02,-1
2025-09-02,2025-09-02 14:06:00,1653.97,1653.97,1653.76,1653.76,-0.01,23.3,38623.02,-1
2025-09-02,2025-09-02 14:07:00,1653.76,1653.76,1653.54,1653.54,-0.01,23.3,38623.02,-1
2025-09-02,2025-09-02 14:08:00,1653.54,1653.54,1653.33,1653.33,-0.01,23.3,38623.02,-1
2025-09-02,2025-09-02 14:09:00,1653.33,1653.33,1653.12,1653.12,-0.01,23.3,38623.02,-1
2025-09-02,2025-09-02 14:10:00,1653.12,1653.12,1652.9,1652.9,-0.01,23.3,38623.02,-1
2025-09-02,2025-09-02 14:11:00,1652.9,1652.9,1652.69,1652.69,-0.01,23.3,38623.02,-1
2025-09-02,2025-09-02 14:12:00,1652.69,1652.69,1652.47,1652.47,-0.01,23.3,38623.02,-1
2025-09-02,2025-09-02 14:13:00,1652.47,1652.47,1652.26,1652.26,-0.01,23.3,38623.02,-1
2025-09-02,2025-09-02 14:14:00,1652.26,1652.26,1652.04,1652.04,-0.01,23.3,38623.02,-1
2025-09-02,2025-09-02 14:15:00,1652.04,1652.04,1651.83,1651.83,-0.01,23.3,38623.02,-1
2025-09-02,2025-09-02 14:16:00,1651.83,1651.83,1651.61,1651.61,-0.01,23.3,38623.02,-1
2025-09-02,2025-09-02 14:17:00,1651.61,1651.61,1651.4,1651.4,-0.01,23.3,38623.02,-1
2025-09-02,2025-09-02 14:18:00,1651.4,1651.4,1651.18,1651.18,-0.01,23.3,38623.02,-1
2025-09-02,2025-09-02 14:19:00,1651.18,1651.18,1650.97,1650.97,-0.01,23.3,38623.02,-1
2025-09-02,2025-09-02 14:20:00,1650.97,1650.97,1650.76,1650.76,-0.01,23.3,38623.02,-1
2025-09-02,2025-09-02 14:21:00,1650.76,1650.76,1650.54,1650.54,-0.01,23.3,38623.02,-1
2025-09-02,2025-09-02 14:22:00,1650.54,1650.54,1650.33,1650.33,-0.01,23.3,38623.02,-1
2025-09-02,2025-09-02 14:23:00,1650.33,1650.33,1650.11,1650.11,-0.01,23.3,38623.02,-1
2025-09-02,2025-09-02 14:24:00,1650.11,1650.11,1649.9,1649.9,-0.01,23.3,38623.02,-1
2025-09-02,2025-09-02 14:25:00,1649.9,1649.9,1649.68,1649.68,-0.01,23.3,38623.02,-1
2025-09-02,2025-09-02 14:26:00,1649.68,1649.68,1649.47,1649.47,-0.01,23.3,38623.02,-1
2025-09-02,2025-09-02 14:27:00,1649.47,1649.47,1649.25,1649.25,-0.01,23.3,38623.02,-1
2025-09-02,2025-09-02 14:28:00,1649.25,1649.25,1649.04,1649.04,-0.01,23.3,38623.02,-1
2025-09-02,2025-09-02 14:29:00,1649.04,1649.04,1648.83,1648.83,-0.01,23.3,38623.02,-1
2025-09-02,2025-09-02 14:30:00,1648.83,1648.83,1648.61,1648.61,-0.01,23.3,38623.02,-1
2025-09-02,2025-09-02 14:31:00,1648.61,1648.61,1648.4,1648.4,-0.01,23.3,38623.02,-1
2025-09-02,2025-09-02 14:32:00,1648.4,1648.4,1648.18,1648.18,-0.01,23.3,38623.02,-1
2025-09-02,2025-09-02 14:33:00,1648.18,1648.18,1647.97,1647.97,-0.01,23.3,38623.02,-1
2025-09-02,2025-09-02 14:34:00,1647.97,1647.97,1647.75,1647.75,-0.01,23.3,38623.02,-1
2025-09-02,2025-09-02 14:35:00,1647.75,1647.75,1647.54,1647.54,-0.01,23.3,38623.02,-1
2025-09-02,2025-09-02 14:36:00,1647.54,1647.54,1647.32,1647.32,-0.01,23.3,38623.02,-1
2025-09-02,2025-09-02 14:37:00,1647.32,1647.32,1647.11,1647.11,-0.01,23.3,38623.02,-1
2025-09-02,2025-09-02 14:38:00,1647.11,1647.11,1646.89,1646.89,-0.01,23.3,38623.02,-1
2025-09-02,2025-09-02 14:39:00,1646.89,1646.89,1646.68,1646.68,-0.01,23.3,38623.02,-1
2025-09-02,2025-09-02 14:40:00,1646.68,1646.68,1646.47,1646.47,-0.01,23.3,38623.02,-1
2025-09-02,2025-09-02 14:41:00,1646.47,1646.47,1646.25,1646.25,-0.01,23.3,38623.02,-1
2025-09-02,2025-09-02 14:42:00,1646.25,1646.25,1646.04,1646.04,-0.01,23.3,38623.02,-1
2025-09-02,2025-09-02 14:43:00,1646.04,1646.04,1645.82,1645.82,-0.01,23.3,38623.02,-1
2025-09-02,2025-09-02 14:44:00,1645.82,1645.82,1645.61,1645.61,-0.01,23.3,38623.02,-1
2025-09-02,2025-09-02 14:45:00,1645.61,1645.61,1645.39,1645.39,-0.01,23.3,38623.02,-1
2025-09-02,2025-09-02 14:46:00,1645.39,1645.39,1645.18,1645.18,-0.01,23.3,38623.02,-1
2025-09-02,2025-09-02 14:47:00,1645.18,1645.18,1644.96,1644.96,-0.01,23.3,38623.02,-1
2025-09-02,2025-09-02 14:48:00,1644.96,1644.96,1644.75,1644.75,-0.01,23.3,38623.02,-1
2025-09-02,2025-09-02 14:49:00,1644.75,1644.75,1644.54,1644.54,-0.01,23.3,38623.02,-1
2025-09-02,2025-09-02 14:50:00,1644.54,1644.54,1644.32,1644.32,-0.01,23.3,38623.02,-1
2025-09-02,2025-09-02 14:51:00,1644.32,1644.32,1644.11,1644.11,-0.01,23.3,38623.02,-1
2025-09-02,2025-09-02 14:52:00,1644.11,1644.11,1643.89,1643.89,-0.01,23.3,38623.02,-1
2025-09-02,2025-09-02 14:53:00,1643.89,1643.89,1643.68,1643.68,-0.01,23.3,38623.02,-1
2025-09-02,2025-09-02 14:54:00,1643.68,1643.68,1643.46,1643.46,-0.01,23.3,38623.02,-1
2025-09-02,2025-09-02 14:55:00,1643.46,1643.46,1643.25,1643.25,-0.01,23.3,38623.02,-1
2025-09-02,2025-09-02 14:56:00,1643.25,1643.25,1643.03,1643.03,-0.01,23.3,38623.02,-1
2025-09-02,2025-09-02 14:57:00,1643.03,1643.03,1642.82,1642.82,-0.01,23.3,38623.02,-1
2025-09-02,2025-09-02 14:58:00,1642.82,1642.82,1642.6,1642.6,-0.01,23.3,38623.02,-1
2025-09-02,2025-09-02 14:59:00,1642.6,1642.6,1642.39,1642.39,-0.01,23.3,38623.02,-1
2025-09-02,2025-09-02 15:00:00,1642.39,1704.0,1630.0,1642.39,0.0,23.3,38623.02,0
2025-09-03,2025-09-03 11:00:00,1635.1,1644.07,1630.57,1635.09,-0.0,14.12,23111.51,-1
2025-09-03,2025-09-03 11:01:00,1635.09,1635.09,1635.09,1635.09,0.0,14.12,23111.51,0
2025-09-03,2025-09-03 11:02:00,1635.09,1635.09,1635.08,1635.08,-0.0,14.12,23111.51,-1
2025-09-03,2025-09-03 11:03:00,1635.08,1635.08,1635.08,1635.08,0.0,14.12,23111.51,0
2025-09-03,2025-09-03 11:04:00,1635.08,1635.08,1635.07,1635.07,-0.0,14.12,23111.51,-1
2025-09-03,2025-09-03 11:05:00,1635.07,1635.07,1635.07,1635.07,0.0,14.12,23111.51,0
2025-09-03,2025-09-03 11:06:00,1635.07,1635.07,1635.06,1635.06,-0.0,14.12,23111.51,-1
2025-09-03,2025-09-03 11:07:00,1635.06,1635.06,1635.06,1635.06,0.0,14.12,23111.51,0
2025-09-03,2025-09-03 11:08:00,1635.06,1635.06,1635.05,1635.05,-0.0,14.12,23111.51,-1
2025-09-03,2025-09-03 11:09:00,1635.05,1635.05,1635.04,1635.04,-0.0,14.12,23111.51,-1
2025-09-03,2025-09-03 11:10:00,1635.04,1635.04,1635.04,1635.04,0.0,14.12,23111.51,0
2025-09-03,2025-09-03 11:11:00,1635.04,1635.04,1635.03,1635.03,-0.0,14.12,23111.51,-1
2025-09-03,2025-09-03 11:12:00,1635.03,1635.03,1635.03,1635.03,0.0,14.12,23111.51,0
2025-09-03,2025-09-03 11:13:00,1635.03,1635.03,1635.02,1635.02,-0.0,14.12,23111.51,-1
2025-09-03,2025-09-03 11:14:00,1635.02,1635.02,1635.02,1635.02,0.0,14.12,23111.51,0
2025-09-03,2025-09-03 11:15:00,1635.02,1635.02,1635.01,1635.01,-0.0,14.12,23111.51,-1
2025-09-03,2025-09-03 11:16:00,1635.01,1635.01,1635.01,1635.01,0.0,14.12,23111.51,0
2025-09-03,2025-09-03 11:17:00,1635.01,1635.01,1635.0,1635.0,-0.0,14.12,23111.51,-1
2025-09-03,2025-09-03 11:18:00,1635.0,1635.0,1634.99,1634.99,-0.0,14.12,23111.51,-1
2025-09-03,2025-09-03 11:19:00,1634.99,1634.99,1634.99,1634.99,0.0,14.12,23111.51,0
2025-09-03,2025-09-03 11:20:00,1634.99,1634.99,1634.98,1634.98,-0.0,14.12,23111.51,-1
2025-09-03,2025-09-03 11:21:00,1634.98,1634.98,1634.98,1634.98,0.0,14.12,23111.51,0
2025-09-03,2025-09-03 11:22:00,1634.98,1634.98,1634.97,1634.97,-0.0,14.12,23111.51,-1
2025-09-03,2025-09-03 11:23:00,1634.97,1634.97,1634.97,1634.97,0.0,14.12,23111.51,0
2025-09-03,2025-09-03 11:24:00,1634.97,1634.97,1634.96,1634.96,-0.0,14.12,23111.51,-1
2025-09-03,2025-09-03 11:25:00,1634.96,1634.96,1634.95,1634.95,-0.0,14.12,23111.51,-1
2025-09-03,2025-09-03 11:26:00,1634.95,1634.95,1634.95,1634.95,0.0,14.12,23111.51,0
2025-09-03,2025-09-03 11:27:00,1634.95,1634.95,1634.94,1634.94,-0.0,14.12,23111.51,-1
2025-09-03,2025-09-03 11:28:00,1634.94,1634.94,1634.94,1634.94,0.0,14.12,23111.51,0
2025-09-03,2025-09-03 11:29:00,1634.94,1634.94,1634.93,1634.93,-0.0,14.12,23111.51,-1
2025-09-03,2025-09-03 11:30:00,1634.93,1634.93,1634.93,1634.93,0.0,14.12,23111.51,0
2025-09-03,2025-09-03 11:31:00,1634.93,1634.93,1634.92,1634.92,-0.0,14.12,23111.51,-1
2025-09-03,2025-09-03 11:32:00,1634.92,1634.92,1634.92,1634.92,0.0,14.12,23111.51,0
2025-09-03,2025-09-03 11:33:00,1634.92,1634.92,1634.91,1634.91,-0.0,14.12,23111.51,-1
2025-09-03,2025-09-03 11:34:00,1634.91,1634.91,1634.9,1634.9,-0.0,14.12,23111.51,-1
2025-09-03,2025-09-03 11:35:00,1634.9,1634.9,1634.9,1634.9,0.0,14.12,23111.51,0
2025-09-03,2025-09-03 11:36:00,1634.9,1634.9,1634.89,1634.89,-0.0,14.12,23111.51,-1
2025-09-03,2025-09-03 11:37:00,1634.89,1634.89,1634.89,1634.89,0.0,14.12,23111.51,0
2025-09-03,2025-09-03 11:38:00,1634.89,1634.89,1634.88,1634.88,-0.0,14.12,23111.51,-1
2025-09-03,2025-09-03 11:39:00,1634.88,1634.88,1634.88,1634.88,0.0,14.12,23111.51,0
2025-09-03,2025-09-03 11:40:00,1634.88,1634.88,1634.87,1634.87,-0.0,14.12,23111.51,-1
2025-09-03,2025-09-03 11:41:00,1634.87,1634.87,1634.87,1634.87,0.0,14.12,23111.51,0
2025-09-03,2025-09-03 11:42:00,1634.87,1634.87,1634.86,1634.86,-0.0,14.12,23111.51,-1
2025-09-03,2025-09-03 11:43:00,1634.86,1634.86,1634.85,1634.85,-0.0,14.12,23111.51,-1
2025-09-03,2025-09-03 11:44:00,1634.85,1634.85,1634.85,1634.85,0.0,14.12,23111.51,0
2025-09-03,2025-09-03 11:45:00,1634.85,1634.85,1634.84,1634.84,-0.0,14.12,23111.51,-1
2025-09-03,2025-09-03 11:46:00,1634.84,1634.84,1634.84,1634.84,0.0,14.12,23111.51,0
2025-09-03,2025-09-03 11:47:00,1634.84,1634.84,1634.83,1634.83,-0.0,14.12,23111.51,-1
2025-09-03,2025-09-03 11:48:00,1634.83,1634.83,1634.83,1634.83,0.0,14.12,23111.51,0
2025-09-03,2025-09-03 11:49:00,1634.83,1634.83,1634.82,1634.82,-0.0,14.12,23111.51,-1
2025-09-03,2025-09-03 11:50:00,1634.82,1634.82,1634.82,1634.82,0.0,14.12,23111.51,0
2025-09-03,2025-09-03 11:51:00,1634.82,1634.82,1634.81,1634.81,-0.0,14.12,23111.51,-1
2025-09-03,2025-09-03 11:52:00,1634.81,1634.81,1634.8,1634.8,-0.0,14.12,23111.51,-1
2025-09-03,2025-09-03 11:53:00,1634.8,1634.8,1634.8,1634.8,0.0,14.12,23111.51,0
2025-09-03,2025-09-03 11:54:00,1634.8,1634.8,1634.79,1634.79,-0.0,14.12,23111.51,-1
2025-09-03,2025-09-03 11:55:00,1634.79,1634.79,1634.79,1634.79,0.0,14.12,23111.51,0
2025-09-03,2025-09-03 11:56:00,1634.79,1634.79,1634.78,1634.78,-0.0,14.12,23111.51,-1
2025-09-03,2025-09-03 11:57:00,1634.78,1634.78,1634.78,1634.78,0.0,14.12,23111.51,0
2025-09-03,2025-09-03 11:58:00,1634.78,1634.78,1634.77,1634.77,-0.0,14.12,23111.51,-1
2025-09-03,2025-09-03 11:59:00,1634.77,1634.77,1634.76,1634.76,-0.0,14.12,23111.51,-1
2025-09-03,2025-09-03 12:00:00,1634.76,1634.76,1634.76,1634.76,0.0,14.12,23111.51,0
2025-09-03,2025-09-03 12:01:00,1634.76,1634.76,1634.75,1634.75,-0.0,14.12,23111.51,-1
2025-09-03,2025-09-03 12:02:00,1634.75,1634.75,1634.75,1634.75,0.0,14.12,23111.51,0
2025-09-03,2025-09-03 12:03:00,1634.75,1634.75,1634.74,1634.74,-0.0,14.12,23111.51,-1
2025-09-03,2025-09-03 12:04:00,1634.74,1634.74,1634.74,1634.74,0.0,14.12,23111.51,0
2025-09-03,2025-09-03 12:05:00,1634.74,1634.74,1634.73,1634.73,-0.0,14.12,23111.51,-1
2025-09-03,2025-09-03 12:06:00,1634.73,1634.73,1634.73,1634.73,0.0,14.12,23111.51,0
2025-09-03,2025-09-03 12:07:00,1634.73,1634.73,1634.72,1634.72,-0.0,14.12,23111.51,-1
2025-09-03,2025-09-03 12:08:00,1634.72,1634.72,1634.71,1634.71,-0.0,14.12,23111.51,-1
2025-09-03,2025-09-03 12:09:00,1634.71,1634.71,1634.71,1634.71,0.0,14.12,23111.51,0
2025-09-03,2025-09-03 12:10:00,1634.71,1634.71,1634.7,1634.7,-0.0,14.12,23111.51,-1
2025-09-03,2025-09-03 12:11:00,1634.7,1634.7,1634.7,1634.7,0.0,14.12,23111.51,0
2025-09-03,2025-09-03 12:12:00,1634.7,1634.7,1634.69,1634.69,-0.0,14.12,23111.51,-1
2025-09-03,2025-09-03 12:13:00,1634.69,1634.69,1634.69,1634.69,0.0,14.12,23111.51,0
2025-09-03,2025-09-03 12:14:00,1634.69,1634.69,1634.68,1634.68,-0.0,14.12,23111.51,-1
2025-09-03,2025-09-03 12:15:00,1634.68,1634.68,1634.68,1634.68,0.0,14.12,23111.51,0
2025-09-03,2025-09-03 12:16:00,1634.68,1634.68,1634.67,1634.67,-0.0,14.12,23111.51,-1
2025-09-03,2025-09-03 12:17:00,1634.67,1634.67,1634.66,1634.66,-0.0,14.12,23111.51,-1
2025-09-03,2025-09-03 12:18:00,1634.66,1634.66,1634.66,1634.66,0.0,14.12,23111.51,0
2025-09-03,2025-09-03 12:19:00,1634.66,1634.66,1634.65,1634.65,-0.0,14.12,23111.51,-1
2025-09-03,2025-09-03 12:20:00,1634.65,1634.65,1634.65,1634.65,0.0,14.12,23111.51,0
2025-09-03,2025-09-03 12:21:00,1634.65,1634.65,1634.64,1634.64,-0.0,14.12,23111.51,-1
2025-09-03,2025-09-03 12:22:00,1634.64,1634.64,1634.64,1634.64,0.0,14.12,23111.51,0
2025-09-03,2025-09-03 12:23:00,1634.64,1634.64,1634.63,1634.63,-0.0,14.12,23111.51,-1
2025-09-03,2025-09-03 12:24:00,1634.63,1634.63,1634.63,1634.63,0.0,14.12,23111.51,0
2025-09-03,2025-09-03 12:25:00,1634.63,1634.63,1634.62,1634.62,-0.0,14.12,23111.51,-1
2025-09-03,2025-09-03 12:26:00,1634.62,1634.62,1634.61,1634.61,-0.0,14.12,23111.51,-1
2025-09-03,2025-09-03 12:27:00,1634.61,1634.61,1634.61,1634.61,0.0,14.12,23111.51,0
2025-09-03,2025-09-03 12:28:00,1634.61,1634.61,1634.6,1634.6,-0.0,14.12,23111.51,-1
2025-09-03,2025-09-03 12:29:00,1634.6,1634.6,1634.6,1634.6,0.0,14.12,23111.51,0
2025-09-03,2025-09-03 12:30:00,1634.6,1634.6,1634.59,1634.59,-0.0,14.12,23111.51,-1
2025-09-03,2025-09-03 12:31:00,1634.59,1634.59,1634.59,1634.59,0.0,14.12,23111.51,0
2025-09-03,2025-09-03 12:32:00,1634.59,1634.59,1634.58,1634.58,-0.0,14.12,23111.51,-1
2025-09-03,2025-09-03 12:33:00,1634.58,1634.58,1634.58,1634.58,0.0,14.12,23111.51,0
2025-09-03,2025-09-03 12:34:00,1634.58,1634.58,1634.57,1634.57,-0.0,14.12,23111.51,-1
2025-09-03,2025-09-03 12:35:00,1634.57,1634.57,1634.56,1634.56,-0.0,14.12,23111.51,-1
2025-09-03,2025-09-03 12:36:00,1634.56,1634.56,1634.56,1634.56,0.0,14.12,23111.51,0
2025-09-03,2025-09-03 12:37:00,1634.56,1634.56,1634.55,1634.55,-0.0,14.12,23111.51,-1
2025-09-03,2025-09-03 12:38:00,1634.55,1634.55,1634.55,1634.55,0.0,14.12,23111.51,0
2025-09-03,2025-09-03 12:39:00,1634.55,1634.55,1634.54,1634.54,-0.0,14.12,23111.51,-1
2025-09-03,2025-09-03 12:40:00,1634.54,1634.54,1634.54,1634.54,0.0,14.12,23111.51,0
2025-09-03,2025-09-03 12:41:00,1634.54,1634.54,1634.53,1634.53,-0.0,14.12,23111.51,-1
2025-09-03,2025-09-03 12:42:00,1634.53,1634.53,1634.52,1634.52,-0.0,14.12,23111.51,-1
2025-09-03,2025-09-03 12:43:00,1634.52,1634.52,1634.52,1634.52,0.0,14.12,23111.51,0
2025-09-03,2025-09-03 12:44:00,1634.52,1634.52,1634.51,1634.51,-0.0,14.12,23111.51,-1
2025-09-03,2025-09-03 12:45:00,1634.51,1634.51,1634.51,1634.51,0.0,14.12,23111.51,0
2025-09-03,2025-09-03 12:46:00,1634.51,1634.51,1634.5,1634.5,-0.0,14.12,23111.51,-1
2025-09-03,2025-09-03 12:47:00,1634.5,1634.5,1634.5,1634.5,0.0,14.12,23111.51,0
2025-09-03,2025-09-03 12:48:00,1634.5,1634.5,1634.49,1634.49,-0.0,14.12,23111.51,-1
2025-09-03,2025-09-03 12:49:00,1634.49,1634.49,1634.49,1634.49,0.0,14.12,23111.51,0
2025-09-03,2025-09-03 12:50:00,1634.49,1634.49,1634.48,1634.48,-0.0,14.12,23111.51,-1
2025-09-03,2025-09-03 12:51:00,1634.48,1634.48,1634.47,1634.47,-0.0,14.12,23111.51,-1
2025-09-03,2025-09-03 12:52:00,1634.47,1634.47,1634.47,1634.47,0.0,14.12,23111.51,0
2025-09-03,2025-09-03 12:53:00,1634.47,1634.47,1634.46,1634.46,-0.0,14.12,23111.51,-1
2025-09-03,2025-09-03 12:54:00,1634.46,1634.46,1634.46,1634.46,0.0,14.12,23111.51,0
2025-09-03,2025-09-03 12:55:00,1634.46,1634.46,1634.45,1634.45,-0.0,14.12,23111.51,-1
2025-09-03,2025-09-03 12:56:00,1634.45,1634.45,1634.45,1634.45,0.0,14.12,23111.51,0
2025-09-03,2025-09-03 12:57:00,1634.45,1634.45,1634.44,1634.44,-0.0,14.12,23111.51,-1
2025-09-03,2025-09-03 12:58:00,1634.44,1634.44,1634.44,1634.44,0.0,14.12,23111.51,0
2025-09-03,2025-09-03 12:59:00,1634.44,1634.44,1634.43,1634.43,-0.0,14.12,23111.51,-1
2025-09-03,2025-09-03 13:00:00,1634.43,1665.0,1620.0,1634.42,-0.0,14.12,23111.51,-1
2025-09-03,2025-09-03 13:01:00,1634.42,1634.42,1634.42,1634.42,0.0,14.12,23111.51,0
2025-09-03,2025-09-03 13:02:00,1634.42,1634.42,1634.41,1634.41,-0.0,14.12,23111.51,-1
2025-09-03,2025-09-03 13:03:00,1634.41,1634.41,1634.41,1634.41,0.0,14.12,23111.51,0
2025-09-03,2025-09-03 13:04:00,1634.41,1634.41,1634.4,1634.4,-0.0,14.12,23111.51,-1
2025-09-03,2025-09-03 13:05:00,1634.4,1634.4,1634.4,1634.4,0.0,14.12,23111.51,0
2025-09-03,2025-09-03 13:06:00,1634.4,1634.4,1634.39,1634.39,-0.0,14.12,23111.51,-1
2025-09-03,2025-09-03 13:07:00,1634.39,1634.39,1634.39,1634.39,0.0,14.12,23111.51,0
2025-09-03,2025-09-03 13:08:00,1634.39,1634.39,1634.38,1634.38,-0.0,14.12,23111.51,-1
2025-09-03,2025-09-03 13:09:00,1634.38,1634.38,1634.37,1634.37,-0.0,14.12,23111.51,-1
2025-09-03,2025-09-03 13:10:00,1634.37,1634.37,1634.37,1634.37,0.0,14.12,23111.51,0
2025-09-03,2025-09-03 13:11:00,1634.37,1634.37,1634.36,1634.36,-0.0,14.12,23111.51,-1
2025-09-03,2025-09-03 13:12:00,1634.36,1634.36,1634.36,1634.36,0.0,14.12,23111.51,0
2025-09-03,2025-09-03 13:13:00,1634.36,1634.36,1634.35,1634.35,-0.0,14.12,23111.51,-1
2025-09-03,2025-09-03 13:14:00,1634.35,1634.35,1634.35,1634.35,0.0,14.12,23111.51,0
2025-09-03,2025-09-03 13:15:00,1634.35,1634.35,1634.34,1634.34,-0.0,14.12,23111.51,-1
2025-09-03,2025-09-03 13:16:00,1634.34,1634.34,1634.34,1634.34,0.0,14.12,23111.51,0
2025-09-03,2025-09-03 13:17:00,1634.34,1634.34,1634.33,1634.33,-0.0,14.12,23111.51,-1
2025-09-03,2025-09-03 13:18:00,1634.33,1634.33,1634.32,1634.32,-0.0,14.12,23111.51,-1
2025-09-03,2025-09-03 13:19:00,1634.32,1634.32,1634.32,1634.32,0.0,14.12,23111.51,0
2025-09-03,2025-09-03 13:20:00,1634.32,1634.32,1634.31,1634.31,-0.0,14.12,23111.51,-1
2025-09-03,2025-09-03 13:21:00,1634.31,1634.31,1634.31,1634.31,0.0,14.12,23111.51,0
2025-09-03,2025-09-03 13:22:00,1634.31,1634.31,1634.3,1634.3,-0.0,14.12,23111.51,-1
2025-09-03,2025-09-03 13:23:00,1634.3,1634.3,1634.3,1634.3,0.0,14.12,23111.51,0
2025-09-03,2025-09-03 13:24:00,1634.3,1634.3,1634.29,1634.29,-0.0,14.12,23111.51,-1
2025-09-03,2025-09-03 13:25:00,1634.29,1634.29,1634.28,1634.28,-0.0,14.12,23111.51,-1
2025-09-03,2025-09-03 13:26:00,1634.28,1634.28,1634.28,1634.28,0.0,14.12,23111.51,0
2025-09-03,2025-09-03 13:27:00,1634.28,1634.28,1634.27,1634.27,-0.0,14.12,23111.51,-1
2025-09-03,2025-09-03 13:28:00,1634.27,1634.27,1634.27,1634.27,0.0,14.12,23111.51,0
2025-09-03,2025-09-03 13:29:00,1634.27,1634.27,1634.26,1634.26,-0.0,14.12,23111.51,-1
2025-09-03,2025-09-03 13:30:00,1634.26,1634.26,1634.26,1634.26,0.0,14.12,23111.51,0
2025-09-03,2025-09-03 13:31:00,1634.26,1634.26,1634.25,1634.25,-0.0,14.12,23111.51,-1
2025-09-03,2025-09-03 13:32:00,1634.25,1634.25,1634.25,1634.25,0.0,14.12,23111.51,0
2025-09-03,2025-09-03 13:33:00,1634.25,1634.25,1634.24,1634.24,-0.0,14.12,23111.51,-1
2025-09-03,2025-09-03 13:34:00,1634.24,1634.24,1634.23,1634.23,-0.0,14.12,23111.51,-1
2025-09-03,2025-09-03 13:35:00,1634.23,1634.23,1634.23,1634.23,0.0,14.12,23111.51,0
2025-09-03,2025-09-03 13:36:00,1634.23,1634.23,1634.22,1634.22,-0.0,14.12,23111.51,-1
2025-09-03,2025-09-03 13:37:00,1634.22,1634.22,1634.22,1634.22,0.0,14.12,23111.51,0
2025-09-03,2025-09-03 13:38:00,1634.22,1634.22,1634.21,1634.21,-0.0,14.12,23111.51,-1
2025-09-03,2025-09-03 13:39:00,1634.21,1634.21,1634.21,1634.21,0.0,14.12,23111.51,0
2025-09-03,2025-09-03 13:40:00,1634.21,1634.21,1634.2,1634.2,-0.0,14.12,23111.51,-1
2025-09-03,2025-09-03 13:41:00,1634.2,1634.2,1634.2,1634.2,0.0,14.12,23111.51,0
2025-09-03,2025-09-03 13:42:00,1634.2,1634.2,1634.19,1634.19,-0.0,14.12,23111.51,-1
2025-09-03,2025-09-03 13:43:00,1634.19,1634.19,1634.18,1634.18,-0.0,14.12,23111.51,-1
2025-09-03,2025-09-03 13:44:00,1634.18,1634.18,1634.18,1634.18,0.0,14.12,23111.51,0
2025-09-03,2025-09-03 13:45:00,1634.18,1634.18,1634.17,1634.17,-0.0,14.12,23111.51,-1
2025-09-03,2025-09-03 13:46:00,1634.17,1634.17,1634.17,1634.17,0.0,14.12,23111.51,0
2025-09-03,2025-09-03 13:47:00,1634.17,1634.17,1634.16,1634.16,-0.0,14.12,23111.51,-1
2025-09-03,2025-09-03 13:48:00,1634.16,1634.16,1634.16,1634.16,0.0,14.12,23111.51,0
2025-09-03,2025-09-03 13:49:00,1634.16,1634.16,1634.15,1634.15,-0.0,14.12,23111.51,-1
2025-09-03,2025-09-03 13:50:00,1634.15,1634.15,1634.15,1634.15,0.0,14.12,23111.51,0
2025-09-03,2025-09-03 13:51:00,1634.15,1634.15,1634.14,1634.14,-0.0,14.12,23111.51,-1
2025-09-03,2025-09-03 13:52:00,1634.14,1634.14,1634.13,1634.13,-0.0,14.12,23111.51,-1
2025-09-03,2025-09-03 13:53:00,1634.13,1634.13,1634.13,1634.13,0.0,14.12,23111.51,0
2025-09-03,2025-09-03 13:54:00,1634.13,1634.13,1634.12,1634.12,-0.0,14.12,23111.51,-1
2025-09-03,2025-09-03 13:55:00,1634.12,1634.12,1634.12,1634.12,0.0,14.12,23111.51,0
2025-09-03,2025-09-03 13:56:00,1634.12,1634.12,1634.11,1634.11,-0.0,14.12,23111.51,-1
2025-09-03,2025-09-03 13:57:00,1634.11,1634.11,1634.11,1634.11,0.0,14.12,23111.51,0
2025-09-03,2025-09-03 13:58:00,1634.11,1634.11,1634.1,1634.1,-0.0,14.12,23111.51,-1
2025-09-03,2025-09-03 13:59:00,1634.1,1634.1,1634.1,1634.1,0.0,14.12,23111.51,0
2025-09-03,2025-09-03 14:00:00,1634.1,1634.1,1634.09,1634.09,-0.0,14.12,23111.51,-1
2025-09-03,2025-09-03 14:01:00,1634.09,1634.09,1634.08,1634.08,-0.0,14.12,23111.51,-1
2025-09-03,2025-09-03 14:02:00,1634.08,1634.08,1634.08,1634.08,0.0,14.12,23111.51,0
2025-09-03,2025-09-03 14:03:00,1634.08,1634.08,1634.07,1634.07,-0.0,14.12,23111.51,-1
2025-09-03,2025-09-03 14:04:00,1634.07,1634.07,1634.07,1634.07,0.0,14.12,23111.51,0
2025-09-03,2025-09-03 14:05:00,1634.07,1634.07,1634.06,1634.06,-0.0,14.12,23111.51,-1
2025-09-03,2025-09-03 14:06:00,1634.06,1634.06,1634.06,1634.06,0.0,14.12,23111.51,0
2025-09-03,2025-09-03 14:07:00,1634.06,1634.06,1634.05,1634.05,-0.0,14.12,23111.51,-1
2025-09-03,2025-09-03 14:08:00,1634.05,1634.05,1634.04,1634.04,-0.0,14.12,23111.51,-1
2025-09-03,2025-09-03 14:09:00,1634.04,1634.04,1634.04,1634.04,0.0,14.12,23111.51,0
2025-09-03,2025-09-03 14:10:00,1634.04,1634.04,1634.03,1634.03,-0.0,14.12,23111.51,-1
2025-09-03,2025-09-03 14:11:00,1634.03,1634.03,1634.03,1634.03,0.0,14.12,23111.51,0
2025-09-03,2025-09-03 14:12:00,1634.03,1634.03,1634.02,1634.02,-0.0,14.12,23111.51,-1
2025-09-03,2025-09-03 14:13:00,1634.02,1634.02,1634.02,1634.02,0.0,14.12,23111.51,0
2025-09-03,2025-09-03 14:14:00,1634.02,1634.02,1634.01,1634.01,-0.0,14.12,23111.51,-1
2025-09-03,2025-09-03 14:15:00,1634.01,1634.01,1634.01,1634.01,0.0,14.12,23111.51,0
2025-09-03,2025-09-03 14:16:00,1634.01,1634.01,1634.0,1634.0,-0.0,14.12,23111.51,-1
2025-09-03,2025-09-03 14:17:00,1634.0,1634.0,1633.99,1633.99,-0.0,14.12,23111.51,-1
2025-09-03,2025-09-03 14:18:00,1633.99,1633.99,1633.99,1633.99,0.0,14.12,23111.51,0
2025-09-03,2025-09-03 14:19:00,1633.99,1633.99,1633.98,1633.98,-0.0,14.12,23111.51,-1
2025-09-03,2025-09-03 14:20:00,1633.98,1633.98,1633.98,1633.98,0.0,14.12,23111.51,0
2025-09-03,2025-09-03 14:21:00,1633.98,1633.98,1633.97,1633.97,-0.0,14.12,23111.51,-1
2025-09-03,2025-09-03 14:22:00,1633.97,1633.97,1633.97,1633.97,0.0,14.12,23111.51,0
2025-09-03,2025-09-03 14:23:00,1633.97,1633.97,1633.96,1633.96,-0.0,14.12,23111.51,-1
2025-09-03,2025-09-03 14:24:00,1633.96,1633.96,1633.96,1633.96,0.0,14.12,23111.51,0
2025-09-03,2025-09-03 14:25:00,1633.96,1633.96,1633.95,1633.95,-0.0,14.12,23111.51,-1
2025-09-03,2025-09-03 14:26:00,1633.95,1633.95,1633.94,1633.94,-0.0,14.12,23111.51,-1
2025-09-03,2025-09-03 14:27:00,1633.94,1633.94,1633.94,1633.94,0.0,14.12,23111.51,0
2025-09-03,2025-09-03 14:28:00,1633.94,1633.94,1633.93,1633.93,-0.0,14.12,23111.51,-1
2025-09-03,2025-09-03 14:29:00,1633.93,1633.93,1633.93,1633.93,0.0,14.12,23111.51,0
2025-09-03,2025-09-03 14:30:00,1633.93,1633.93,1633.92,1633.92,-0.0,14.12,23111.51,-1
2025-09-03,2025-09-03 14:31:00,1633.92,1633.92,1633.92,1633.92,0.0,14.12,23111.51,0
2025-09-03,2025-09-03 14:32:00,1633.92,1633.92,1633.91,1633.91,-0.0,14.12,23111.51,-1
2025-09-03,2025-09-03 14:33:00,1633.91,1633.91,1633.91,1633.91,0.0,14.12,23111.51,0
2025-09-03,2025-09-03 14:34:00,1633.91,1633.91,1633.9,1633.9,-0.0,14.12,23111.51,-1
2025-09-03,2025-09-03 14:35:00,1633.9,1633.9,1633.89,1633.89,-0.0,14.12,23111.51,-1
2025-09-03,2025-09-03 14:36:00,1633.89,1633.89,1633.89,1633.89,0.0,14.12,23111.51,0
2025-09-03,2025-09-03 14:37:00,1633.89,1633.89,1633.88,1633.88,-0.0,14.12,23111.51,-1
2025-09-03,2025-09-03 14:38:00,1633.88,1633.88,1633.88,1633.88,0.0,14.12,23111.51,0
2025-09-03,2025-09-03 14:39:00,1633.88,1633.88,1633.87,1633.87,-0.0,14.12,23111.51,-1
2025-09-03,2025-09-03 14:40:00,1633.87,1633.87,1633.87,1633.87,0.0,14.12,23111.51,0
2025-09-03,2025-09-03 14:41:00,1633.87,1633.87,1633.86,1633.86,-0.0,14.12,23111.51,-1
2025-09-03,2025-09-03 14:42:00,1633.86,1633.86,1633.85,1633.85,-0.0,14.12,23111.51,-1
2025-09-03,2025-09-03 14:43:00,1633.85,1633.85,1633.85,1633.85,0.0,14.12,23111.51,0
2025-09-03,2025-09-03 14:44:00,1633.85,1633.85,1633.84,1633.84,-0.0,14.12,23111.51,-1
2025-09-03,2025-09-03 14:45:00,1633.84,1633.84,1633.84,1633.84,0.0,14.12,23111.51,0
2025-09-03,2025-09-03 14:46:00,1633.84,1633.84,1633.83,1633.83,-0.0,14.12,23111.51,-1
2025-09-03,2025-09-03 14:47:00,1633.83,1633.83,1633.83,1633.83,0.0,14.12,23111.51,0
2025-09-03,2025-09-03 14:48:00,1633.83,1633.83,1633.82,1633.82,-0.0,14.12,23111.51,-1
2025-09-03,2025-09-03 14:49:00,1633.82,1633.82,1633.82,1633.82,0.0,14.12,23111.51,0
2025-09-03,2025-09-03 14:50:00,1633.82,1633.82,1633.81,1633.81,-0.0,14.12,23111.51,-1
2025-09-03,2025-09-03 14:51:00,1633.81,1633.81,1633.8,1633.8,-0.0,14.12,23111.51,-1
2025-09-03,2025-09-03 14:52:00,1633.8,1633.8,1633.8,1633.8,0.0,14.12,23111.51,0
2025-09-03,2025-09-03 14:53:00,1633.8,1633.8,1633.79,1633.79,-0.0,14.12,23111.51,-1
2025-09-03,2025-09-03 14:54:00,1633.79,1633.79,1633.79,1633.79,0.0,14.12,23111.51,0
2025-09-03,2025-09-03 14:55:00,1633.79,1633.79,1633.78,1633.78,-0.0,14.12,23111.51,-1
2025-09-03,2025-09-03 14:56:00,1633.78,1633.78,1633.78,1633.78,0.0,14.12,23111.51,0
2025-09-03,2025-09-03 14:57:00,1633.78,1633.78,1633.77,1633.77,-0.0,14.12,23111.51,-1
2025-09-03,2025-09-03 14:58:00,1633.77,1633.77,1633.77,1633.77,0.0,14.12,23111.51,0
2025-09-03,2025-09-03 14:59:00,1633.77,1633.77,1633.76,1633.76,-0.0,14.12,23111.51,-1
2025-09-03,2025-09-03 15:00:00,1633.76,1665.0,1620.0,1633.76,0.0,14.12,23111.51,0
2025-09-04,2025-09-04 11:00:00,1623.0,1635.6,1613.1,1623.0,0.0,18.09,29238.59,0
2025-09-04,2025-09-04 11:01:00,1623.0,1623.0,1623.0,1623.0,0.0,18.09,29238.59,0
2025-09-04,2025-09-04 11:02:00,1623.0,1623.0,1623.0,1623.0,0.0,18.09,29238.59,0
2025-09-04,2025-09-04 11:03:00,1623.0,1623.0,1622.99,1622.99,-0.0,18.09,29238.59,-1
2025-09-04,2025-09-04 11:04:00,1622.99,1622.99,1622.99,1622.99,0.0,18.09,29238.59,0
2025-09-04,2025-09-04 11:05:00,1622.99,1622.99,1622.99,1622.99,0.0,18.09,29238.59,0
2025-09-04,2025-09-04 11:06:00,1622.99,1622.99,1622.99,1622.99,0.0,18.09,29238.59,0
2025-09-04,2025-09-04 11:07:00,1622.99,1622.99,1622.99,1622.99,0.0,18.09,29238.59,0
2025-09-04,2025-09-04 11:08:00,1622.99,1622.99,1622.99,1622.99,0.0,18.09,29238.59,0
2025-09-04,2025-09-04 11:09:00,1622.99,1622.99,1622.98,1622.98,-0.0,18.09,29238.59,-1
2025-09-04,2025-09-04 11:10:00,1622.98,1622.98,1622.98,1622.98,0.0,18.09,29238.59,0
2025-09-04,2025-09-04 11:11:00,1622.98,1622.98,1622.98,1622.98,0.0,18.09,29238.59,0
2025-09-04,2025-09-04 11:12:00,1622.98,1622.98,1622.98,1622.98,0.0,18.09,29238.59,0
2025-09-04,2025-09-04 11:13:00,1622.98,1622.98,1622.98,1622.98,0.0,18.09,29238.59,0
2025-09-04,2025-09-04 11:14:00,1622.98,1622.98,1622.98,1622.98,0.0,18.09,29238.59,0
2025-09-04,2025-09-04 11:15:00,1622.98,1622.98,1622.98,1622.98,0.0,18.09,29238.59,0
2025-09-04,2025-09-04 11:16:00,1622.98,1622.98,1622.97,1622.97,-0.0,18.09,29238.59,-1
2025-09-04,2025-09-04 11:17:00,1622.97,1622.97,1622.97,1622.97,0.0,18.09,29238.59,0
2025-09-04,2025-09-04 11:18:00,1622.97,1622.97,1622.97,1622.97,0.0,18.09,29238.59,0
2025-09-04,2025-09-04 11:19:00,1622.97,1622.97,1622.97,1622.97,0.0,18.09,29238.59,0
2025-09-04,2025-09-04 11:20:00,1622.97,1622.97,1622.97,1622.97,0.0,18.09,29238.59,0
2025-09-04,2025-09-04 11:21:00,1622.97,1622.97,1622.97,1622.97,0.0,18.09,29238.59,0
2025-09-04,2025-09-04 11:22:00,1622.97,1622.97,1622.97,1622.97,0.0,18.09,29238.59,0
2025-09-04,2025-09-04 11:23:00,1622.97,1622.97,1622.96,1622.96,-0.0,18.09,29238.59,-1
2025-09-04,2025-09-04 11:24:00,1622.96,1622.96,1622.96,1622.96,0.0,18.09,29238.59,0
2025-09-04,2025-09-04 11:25:00,1622.96,1622.96,1622.96,1622.96,0.0,18.09,29238.59,0
2025-09-04,2025-09-04 11:26:00,1622.96,1622.96,1622.96,1622.96,0.0,18.09,29238.59,0
2025-09-04,2025-09-04 11:27:00,1622.96,1622.96,1622.96,1622.96,0.0,18.09,29238.59,0
2025-09-04,2025-09-04 11:28:00,1622.96,1622.96,1622.96,1622.96,0.0,18.09,29238.59,0
2025-09-04,2025-09-04 11:29:00,1622.96,1622.96,1622.95,1622.95,-0.0,18.09,29238.59,-1
2025-09-04,2025-09-04 11:30:00,1622.95,1622.95,1622.95,1622.95,0.0,18.09,29238.59,0
2025-09-04,2025-09-04 11:31:00,1622.95,1622.95,1622.95,1622.95,0.0,18.09,29238.59,0
2025-09-04,2025-09-04 11:32:00,1622.95,1622.95,1622.95,1622.95,0.0,18.09,29238.59,0
2025-09-04,2025-09-04 11:33:00,1622.95,1622.95,1622.95,1622.95,0.0,18.09,29238.59,0
2025-09-04,2025-09-04 11:34:00,1622.95,1622.95,1622.95,1622.95,0.0,18.09,29238.59,0
2025-09-04,2025-09-04 11:35:00,1622.95,1622.95,1622.95,1622.95,0.0,18.09,29238.59,0
2025-09-04,2025-09-04 11:36:00,1622.95,1622.95,1622.94,1622.94,-0.0,18.09,29238.59,-1
2025-09-04,2025-09-04 11:37:00,1622.94,1622.94,1622.94,1622.94,0.0,18.09,29238.59,0
2025-09-04,2025-09-04 11:38:00,1622.94,1622.94,1622.94,1622.94,0.0,18.09,29238.59,0
2025-09-04,2025-09-04 11:39:00,1622.94,1622.94,1622.94,1622.94,0.0,18.09,29238.59,0
2025-09-04,2025-09-04 11:40:00,1622.94,1622.94,1622.94,1622.94,0.0,18.09,29238.59,0
2025-09-04,2025-09-04 11:41:00,1622.94,1622.94,1622.94,1622.94,0.0,18.09,29238.59,0
2025-09-04,2025-09-04 11:42:00,1622.94,1622.94,1622.94,1622.94,0.0,18.09,29238.59,0
2025-09-04,2025-09-04 11:43:00,1622.94,1622.94,1622.93,1622.93,-0.0,18.09,29238.59,-1
2025-09-04,2025-09-04 11:44:00,1622.93,1622.93,1622.93,1622.93,0.0,18.09,29238.59,0
2025-09-04,2025-09-04 11:45:00,1622.93,1622.93,1622.93,1622.93,0.0,18.09,29238.59,0
2025-09-04,2025-09-04 11:46:00,1622.93,1622.93,1622.93,1622.93,0.0,18.09,29238.59,0
2025-09-04,2025-09-04 11:47:00,1622.93,1622.93,1622.93,1622.93,0.0,18.09,29238.59,0
2025-09-04,2025-09-04 11:48:00,1622.93,1622.93,1622.93,1622.93,0.0,18.09,29238.59,0
2025-09-04,2025-09-04 11:49:00,1622.93,1622.93,1622.92,1622.92,-0.0,18.09,29238.59,-1
2025-09-04,2025-09-04 11:50:00,1622.92,1622.92,1622.92,1622.92,0.0,18.09,29238.59,0
2025-09-04,2025-09-04 11:51:00,1622.92,1622.92,1622.92,1622.92,0.0,18.09,29238.59,0
2025-09-04,2025-09-04 11:52:00,1622.92,1622.92,1622.92,1622.92,0.0,18.09,29238.59,0
2025-09-04,2025-09-04 11:53:00,1622.92,1622.92,1622.92,1622.92,0.0,18.09,29238.59,0
2025-09-04,2025-09-04 11:54:00,1622.92,1622.92,1622.92,1622.92,0.0,18.09,29238.59,0
2025-09-04,2025-09-04 11:55:00,1622.92,1622.92,1622.92,1622.92,0.0,18.09,29238.59,0
2025-09-04,2025-09-04 11:56:00,1622.92,1622.92,1622.91,1622.91,-0.0,18.09,29238.59,-1
2025-09-04,2025-09-04 11:57:00,1622.91,1622.91,1622.91,1622.91,0.0,18.09,29238.59,0
2025-09-04,2025-09-04 11:58:00,1622.91,1622.91,1622.91,1622.91,0.0,18.09,29238.59,0
2025-09-04,2025-09-04 11:59:00,1622.91,1622.91,1622.91,1622.91,0.0,18.09,29238.59,0
2025-09-04,2025-09-04 12:00:00,1622.91,1622.91,1622.91,1622.91,0.0,18.09,29238.59,0
2025-09-04,2025-09-04 12:01:00,1622.91,1622.91,1622.91,1622.91,0.0,18.09,29238.59,0
2025-09-04,2025-09-04 12:02:00,1622.91,1622.91,1622.91,1622.91,0.0,18.09,29238.59,0
2025-09-04,2025-09-04 12:03:00,1622.91,1622.91,1622.9,1622.9,-0.0,18.09,29238.59,-1
2025-09-04,2025-09-04 12:04:00,1622.9,1622.9,1622.9,1622.9,0.0,18.09,29238.59,0
2025-09-04,2025-09-04 12:05:00,1622.9,1622.9,1622.9,1622.9,0.0,18.09,29238.59,0
2025-09-04,2025-09-04 12:06:00,1622.9,1622.9,1622.9,1622.9,0.0,18.09,29238.59,0
2025-09-04,2025-09-04 12:07:00,1622.9,1622.9,1622.9,1622.9,0.0,18.09,29238.59,0
2025-09-04,2025-09-04 12:08:00,1622.9,1622.9,1622.9,1622.9,0.0,18.09,29238.59,0
2025-09-04,2025-09-04 12:09:00,1622.9,1622.9,1622.89,1622.89,-0.0,18.09,29238.59,-1
2025-09-04,2025-09-04 12:10:00,1622.89,1622.89,1622.89,1622.89,0.0,18.09,29238.59,0
2025-09-04,2025-09-04 12:11:00,1622.89,1622.89,1622.89,1622.89,0.0,18.09,29238.59,0
2025-09-04,2025-09-04 12:12:00,1622.89,1622.89,1622.89,1622.89,0.0,18.09,29238.59,0
2025-09-04,2025-09-04 12:13:00,1622.89,1622.89,1622.89,1622.89,0.0,18.09,29238.59,0
2025-09-04,2025-09-04 12:14:00,1622.89,1622.89,1622.89,1622.89,0.0,18.09,29238.59,0
2025-09-04,2025-09-04 12:15:00,1622.89,1622.89,1622.89,1622.89,0.0,18.09,29238.59,0
2025-09-04,2025-09-04 12:16:00,1622.89,1622.89,1622.88,1622.88,-0.0,18.09,29238.59,-1
2025-09-04,2025-09-04 12:17:00,1622.88,1622.88,1622.88,1622.88,0.0,18.09,29238.59,0
2025-09-04,2025-09-04 12:18:00,1622.88,1622.88,1622.88,1622.88,0.0,18.09,29238.59,0
2025-09-04,2025-09-04 12:19:00,1622.88,1622.88,1622.88,1622.88,0.0,18.09,29238.59,0
2025-09-04,2025-09-04 12:20:00,1622.88,1622.88,1622.88,1622.88,0.0,18.09,29238.59,0
2025-09-04,2025-09-04 12:21:00,1622.88,1622.88,1622.88,1622.88,0.0,18.09,29238.59,0
2025-09-04,2025-09-04 12:22:00,1622.88,1622.88,1622.88,1622.88,0.0,18.09,29238.59,0
2025-09-04,2025-09-04 12:23:00,1622.88,1622.88,1622.87,1622.87,-0.0,18.09,29238.59,-1
2025-09-04,2025-09-04 12:24:00,1622.87,1622.87,1622.87,1622.87,0.0,18.09,29238.59,0
2025-09-04,2025-09-04 12:25:00,1622.87,1622.87,1622.87,1622.87,0.0,18.09,29238.59,0
2025-09-04,2025-09-04 12:26:00,1622.87,1622.87,1622.87,1622.87,0.0,18.09,29238.59,0
2025-09-04,2025-09-04 12:27:00,1622.87,1622.87,1622.87,1622.87,0.0,18.09,29238.59,0
2025-09-04,2025-09-04 12:28:00,1622.87,1622.87,1622.87,1622.87,0.0,18.09,29238.59,0
2025-09-04,2025-09-04 12:29:00,1622.87,1622.87,1622.87,1622.87,0.0,18.09,29238.59,0
2025-09-04,2025-09-04 12:30:00,1622.87,1622.87,1622.86,1622.86,-0.0,18.09,29238.59,-1
2025-09-04,2025-09-04 12:31:00,1622.86,1622.86,1622.86,1622.86,0.0,18.09,29238.59,0
2025-09-04,2025-09-04 12:32:00,1622.86,1622.86,1622.86,1622.86,0.0,18.09,29238.59,0
2025-09-04,2025-09-04 12:33:00,1622.86,1622.86,1622.86,1622.86,0.0,18.09,29238.59,0
2025-09-04,2025-09-04 12:34:00,1622.86,1622.86,1622.86,1622.86,0.0,18.09,29238.59,0
2025-09-04,2025-09-04 12:35:00,1622.86,1622.86,1622.86,1622.86,0.0,18.09,29238.59,0
2025-09-04,2025-09-04 12:36:00,1622.86,1622.86,1622.85,1622.85,-0.0,18.09,29238.59,-1
2025-09-04,2025-09-04 12:37:00,1622.85,1622.85,1622.85,1622.85,0.0,18.09,29238.59,0
2025-09-04,2025-09-04 12:38:00,1622.85,1622.85,1622.85,1622.85,0.0,18.09,29238.59,0
2025-09-04,2025-09-04 12:39:00,1622.85,1622.85,1622.85,1622.85,0.0,18.09,29238.59,0
2025-09-04,2025-09-04 12:40:00,1622.85,1622.85,1622.85,1622.85,0.0,18.09,29238.59,0
2025-09-04,2025-09-04 12:41:00,1622.85,1622.85,1622.85,1622.85,0.0,18.09,29238.59,0
2025-09-04,2025-09-04 12:42:00,1622.85,1622.85,1622.85,1622.85,0.0,18.09,29238.59,0
2025-09-04,2025-09-04 12:43:00,1622.85,1622.85,1622.84,1622.84,-0.0,18.09,29238.59,-1
2025-09-04,2025-09-04 12:44:00,1622.84,1622.84,1622.84,1622.84,0.0,18.09,29238.59,0
2025-09-04,2025-09-04 12:45:00,1622.84,1622.84,1622.84,1622.84,0.0,18.09,29238.59,0
2025-09-04,2025-09-04 12:46:00,1622.84,1622.84,1622.84,1622.84,0.0,18.09,29238.59,0
2025-09-04,2025-09-04 12:47:00,1622.84,1622.84,1622.84,1622.84,0.0,18.09,29238.59,0
2025-09-04,2025-09-04 12:48:00,1622.84,1622.84,1622.84,1622.84,0.0,18.09,29238.59,0
2025-09-04,2025-09-04 12:49:00,1622.84,1622.84,1622.84,1622.84,0.0,18.09,29238.59,0
2025-09-04,2025-09-04 12:50:00,1622.84,1622.84,1622.83,1622.83,-0.0,18.09,29238.59,-1
2025-09-04,2025-09-04 12:51:00,1622.83,1622.83,1622.83,1622.83,0.0,18.09,29238.59,0
2025-09-04,2025-09-04 12:52:00,1622.83,1622.83,1622.83,1622.83,0.0,18.09,29238.59,0
2025-09-04,2025-09-04 12:53:00,1622.83,1622.83,1622.83,1622.83,0.0,18.09,29238.59,0
2025-09-04,2025-09-04 12:54:00,1622.83,1622.83,1622.83,1622.83,0.0,18.09,29238.59,0
2025-09-04,2025-09-04 12:55:00,1622.83,1622.83,1622.83,1622.83,0.0,18.09,29238.59,0
2025-09-04,2025-09-04 12:56:00,1622.83,1622.83,1622.82,1622.82,-0.0,18.09,29238.59,-1
2025-09-04,2025-09-04 12:57:00,1622.82,1622.82,1622.82,1622.82,0.0,18.09,29238.59,0
2025-09-04,2025-09-04 12:58:00,1622.82,1622.82,1622.82,1622.82,0.0,18.09,29238.59,0
2025-09-04,2025-09-04 12:59:00,1622.82,1622.82,1622.82,1622.82,0.0,18.09,29238.59,0
2025-09-04,2025-09-04 13:00:00,1622.82,1665.0,1590.0,1622.82,0.0,18.09,29238.59,0
2025-09-04,2025-09-04 13:01:00,1622.82,1622.82,1622.82,1622.82,0.0,18.09,29238.59,0
2025-09-04,2025-09-04 13:02:00,1622.82,1622.82,1622.82,1622.82,0.0,18.09,29238.59,0
2025-09-04,2025-09-04 13:03:00,1622.82,1622.82,1622.81,1622.81,-0.0,18.09,29238.59,-1
2025-09-04,2025-09-04 13:04:00,1622.81,1622.81,1622.81,1622.81,0.0,18.09,29238.59,0
2025-09-04,2025-09-04 13:05:00,1622.81,1622.81,1622.81,1622.81,0.0,18.09,29238.59,0
2025-09-04,2025-09-04 13:06:00,1622.81,1622.81,1622.81,1622.81,0.0,18.09,29238.59,0
2025-09-04,2025-09-04 13:07:00,1622.81,1622.81,1622.81,1622.81,0.0,18.09,29238.59,0
2025-09-04,2025-09-04 13:08:00,1622.81,1622.81,1622.81,1622.81,0.0,18.09,29238.59,0
2025-09-04,2025-09-04 13:09:00,1622.81,1622.81,1622.81,1622.81,0.0,18.09,29238.59,0
2025-09-04,2025-09-04 13:10:00,1622.81,1622.81,1622.8,1622.8,-0.0,18.09,29238.59,-1
2025-09-04,2025-09-04 13:11:00,1622.8,1622.8,1622.8,1622.8,0.0,18.09,29238.59,0
2025-09-04,2025-09-04 13:12:00,1622.8,1622.8,1622.8,1622.8,0.0,18.09,29238.59,0
2025-09-04,2025-09-04 13:13:00,1622.8,1622.8,1622.8,1622.8,0.0,18.09,29238.59,0
2025-09-04,2025-09-04 13:14:00,1622.8,1622.8,1622.8,1622.8,0.0,18.09,29238.59,0
2025-09-04,2025-09-04 13:15:00,1622.8,1622.8,1622.8,1622.8,0.0,18.09,29238.59,0
2025-09-04,2025-09-04 13:16:00,1622.8,1622.8,1622.79,1622.79,-0.0,18.09,29238.59,-1
2025-09-04,2025-09-04 13:17:00,1622.79,1622.79,1622.79,1622.79,0.0,18.09,29238.59,0
2025-09-04,2025-09-04 13:18:00,1622.79,1622.79,1622.79,1622.79,0.0,18.09,29238.59,0
2025-09-04,2025-09-04 13:19:00,1622.79,1622.79,1622.79,1622.79,0.0,18.09,29238.59,0
2025-09-04,2025-09-04 13:20:00,1622.79,1622.79,1622.79,1622.79,0.0,18.09,29238.59,0
2025-09-04,2025-09-04 13:21:00,1622.79,1622.79,1622.79,1622.79,0.0,18.09,29238.59,0
2025-09-04,2025-09-04 13:22:00,1622.79,1622.79,1622.79,1622.79,0.0,18.09,29238.59,0
2025-09-04,2025-09-04 13:23:00,1622.79,1622.79,1622.78,1622.78,-0.0,18.09,29238.59,-1
2025-09-04,2025-09-04 13:24:00,1622.78,1622.78,1622.78,1622.78,0.0,18.09,29238.59,0
2025-09-04,2025-09-04 13:25:00,1622.78,1622.78,1622.78,1622.78,0.0,18.09,29238.59,0
2025-09-04,2025-09-04 13:26:00,1622.78,1622.78,1622.78,1622.78,0.0,18.09,29238.59,0
2025-09-04,2025-09-04 13:27:00,1622.78,1622.78,1622.78,1622.78,0.0,18.09,29238.59,0
2025-09-04,2025-09-04 13:28:00,1622.78,1622.78,1622.78,1622.78,0.0,18.09,29238.59,0
2025-09-04,2025-09-04 13:29:00,1622.78,1622.78,1622.78,1622.78,0.0,18.09,29238.59,0
2025-09-04,2025-09-04 13:30:00,1622.78,1622.78,1622.77,1622.77,-0.0,18.09,29238.59,-1
2025-09-04,2025-09-04 13:31:00,1622.77,1622.77,1622.77,1622.77,0.0,18.09,29238.59,0
2025-09-04,2025-09-04 13:32:00,1622.77,1622.77,1622.77,1622.77,0.0,18.09,29238.59,0
2025-09-04,2025-09-04 13:33:00,1622.77,1622.77,1622.77,1622.77,0.0,18.09,29238.59,0
2025-09-04,2025-09-04 13:34:00,1622.77,1622.77,1622.77,1622.77,0.0,18.09,29238.59,0
2025-09-04,2025-09-04 13:35:00,1622.77,1622.77,1622.77,1622.77,0.0,18.09,29238.59,0
2025-09-04,2025-09-04 13:36:00,1622.77,1622.77,1622.76,1622.76,-0.0,18.09,29238.59,-1
2025-09-04,2025-09-04 13:37:00,1622.76,1622.76,1622.76,1622.76,0.0,18.09,29238.59,0
2025-09-04,2025-09-04 13:38:00,1622.76,1622.76,1622.76,1622.76,0.0,18.09,29238.59,0
2025-09-04,2025-09-04 13:39:00,1622.76,1622.76,1622.76,1622.76,0.0,18.09,29238.59,0
2025-09-04,2025-09-04 13:40:00,1622.76,1622.76,1622.76,1622.76,0.0,18.09,29238.59,0
2025-09-04,2025-09-04 13:41:00,1622.76,1622.76,1622.76,1622.76,0.0,18.09,29238.59,0
2025-09-04,2025-09-04 13:42:00,1622.76,1622.76,1622.76,1622.76,0.0,18.09,29238.59,0
2025-09-04,2025-09-04 13:43:00,1622.76,1622.76,1622.75,1622.75,-0.0,18.09,29238.59,-1
2025-09-04,2025-09-04 13:44:00,1622.75,1622.75,1622.75,1622.75,0.0,18.09,29238.59,0
2025-09-04,2025-09-04 13:45:00,1622.75,1622.75,1622.75,1622.75,0.0,18.09,29238.59,0
2025-09-04,2025-09-04 13:46:00,1622.75,1622.75,1622.75,1622.75,0.0,18.09,29238.59,0
2025-09-04,2025-09-04 13:47:00,1622.75,1622.75,1622.75,1622.75,0.0,18.09,29238.59,0
2025-09-04,2025-09-04 13:48:00,1622.75,1622.75,1622.75,1622.75,0.0,18.09,29238.59,0
2025-09-04,2025-09-04 13:49:00,1622.75,1622.75,1622.75,1622.75,0.0,18.09,29238.59,0
2025-09-04,2025-09-04 13:50:00,1622.75,1622.75,1622.74,1622.74,-0.0,18.09,29238.59,-1
2025-09-04,2025-09-04 13:51:00,1622.74,1622.74,1622.74,1622.74,0.0,18.09,29238.59,0
2025-09-04,2025-09-04 13:52:00,1622.74,1622.74,1622.74,1622.74,0.0,18.09,29238.59,0
2025-09-04,2025-09-04 13:53:00,1622.74,1622.74,1622.74,1622.74,0.0,18.09,29238.59,0
2025-09-04,2025-09-04 13:54:00,1622.74,1622.74,1622.74,1622.74,0.0,18.09,29238.59,0
2025-09-04,2025-09-04 13:55:00,1622.74,1622.74,1622.74,1622.74,0.0,18.09,29238.59,0
2025-09-04,2025-09-04 13:56:00,1622.74,1622.74,1622.73,1622.73,-0.0,18.09,29238.59,-1
2025-09-04,2025-09-04 13:57:00,1622.73,1622.73,1622.73,1622.73,0.0,18.09,29238.59,0
2025-09-04,2025-09-04 13:58:00,1622.73,1622.73,1622.73,1622.73,0.0,18.09,29238.59,0
2025-09-04,2025-09-04 13:59:00,1622.73,1622.73,1622.73,1622.73,0.0,18.09,29238.59,0
2025-09-04,2025-09-04 14:00:00,1622.73,1622.73,1622.73,1622.73,0.0,18.09,29238.59,0
2025-09-04,2025-09-04 14:01:00,1622.73,1622.73,1622.73,1622.73,0.0,18.09,29238.59,0
2025-09-04,2025-09-04 14:02:00,1622.73,1622.73,1622.73,1622.73,0.0,18.09,29238.59,0
2025-09-04,2025-09-04 14:03:00,1622.73,1622.73,1622.72,1622.72,-0.0,18.09,29238.59,-1
2025-09-04,2025-09-04 14:04:00,1622.72,1622.72,1622.72,1622.72,0.0,18.09,29238.59,0
2025-09-04,2025-09-04 14:05:00,1622.72,1622.72,1622.72,1622.72,0.0,18.09,29238.59,0
2025-09-04,2025-09-04 14:06:00,1622.72,1622.72,1622.72,1622.72,0.0,18.09,29238.59,0
2025-09-04,2025-09-04 14:07:00,1622.72,1622.72,1622.72,1622.72,0.0,18.09,29238.59,0
2025-09-04,2025-09-04 14:08:00,1622.72,1622.72,1622.72,1622.72,0.0,18.09,29238.59,0
2025-09-04,2025-09-04 14:09:00,1622.72,1622.72,1622.72,1622.72,0.0,18.09,29238.59,0
2025-09-04,2025-09-04 14:10:00,1622.72,1622.72,1622.71,1622.71,-0.0,18.09,29238.59,-1
2025-09-04,2025-09-04 14:11:00,1622.71,1622.71,1622.71,1622.71,0.0,18.09,29238.59,0
2025-09-04,2025-09-04 14:12:00,1622.71,1622.71,1622.71,1622.71,0.0,18.09,29238.59,0
2025-09-04,2025-09-04 14:13:00,1622.71,1622.71,1622.71,1622.71,0.0,18.09,29238.59,0
2025-09-04,2025-09-04 14:14:00,1622.71,1622.71,1622.71,1622.71,0.0,18.09,29238.59,0
2025-09-04,2025-09-04 14:15:00,1622.71,1622.71,1622.71,1622.71,0.0,18.09,29238.59,0
2025-09-04,2025-09-04 14:16:00,1622.71,1622.71,1622.7,1622.7,-0.0,18.09,29238.59,-1
2025-09-04,2025-09-04 14:17:00,1622.7,1622.7,1622.7,1622.7,0.0,18.09,29238.59,0
2025-09-04,2025-09-04 14:18:00,1622.7,1622.7,1622.7,1622.7,0.0,18.09,29238.59,0
2025-09-04,2025-09-04 14:19:00,1622.7,1622.7,1622.7,1622.7,0.0,18.09,29238.59,0
2025-09-04,2025-09-04 14:20:00,1622.7,1622.7,1622.7,1622.7,0.0,18.09,29238.59,0
2025-09-04,2025-09-04 14:21:00,1622.7,1622.7,1622.7,1622.7,0.0,18.09,29238.59,0
2025-09-04,2025-09-04 14:22:00,1622.7,1622.7,1622.7,1622.7,0.0,18.09,29238.59,0
2025-09-04,2025-09-04 14:23:00,1622.7,1622.7,1622.69,1622.69,-0.0,18.09,29238.59,-1
2025-09-04,2025-09-04 14:24:00,1622.69,1622.69,1622.69,1622.69,0.0,18.09,29238.59,0
2025-09-04,2025-09-04 14:25:00,1622.69,1622.69,1622.69,1622.69,0.0,18.09,29238.59,0
2025-09-04,2025-09-04 14:26:00,1622.69,1622.69,1622.69,1622.69,0.0,18.09,29238.59,0
2025-09-04,2025-09-04 14:27:00,1622.69,1622.69,1622.69,1622.69,0.0,18.09,29238.59,0
2025-09-04,2025-09-04 14:28:00,1622.69,1622.69,1622.69,1622.69,0.0,18.09,29238.59,0
2025-09-04,2025-09-04 14:29:00,1622.69,1622.69,1622.69,1622.69,0.0,18.09,29238.59,0
2025-09-04,2025-09-04 14:30:00,1622.69,1622.69,1622.68,1622.68,-0.0,18.09,29238.59,-1
2025-09-04,2025-09-04 14:31:00,1622.68,1622.68,1622.68,1622.68,0.0,18.09,29238.59,0
2025-09-04,2025-09-04 14:32:00,1622.68,1622.68,1622.68,1622.68,0.0,18.09,29238.59,0
2025-09-04,2025-09-04 14:33:00,1622.68,1622.68,1622.68,1622.68,0.0,18.09,29238.59,0
2025-09-04,2025-09-04 14:34:00,1622.68,1622.68,1622.68,1622.68,0.0,18.09,29238.59,0
2025-09-04,2025-09-04 14:35:00,1622.68,1622.68,1622.68,1622.68,0.0,18.09,29238.59,0
2025-09-04,2025-09-04 14:36:00,1622.68,1622.68,1622.67,1622.67,-0.0,18.09,29238.59,-1
2025-09-04,2025-09-04 14:37:00,1622.67,1622.67,1622.67,1622.67,0.0,18.09,29238.59,0
2025-09-04,2025-09-04 14:38:00,1622.67,1622.67,1622.67,1622.67,0.0,18.09,29238.59,0
2025-09-04,2025-09-04 14:39:00,1622.67,1622.67,1622.67,1622.67,0.0,18.09,29238.59,0
2025-09-04,2025-09-04 14:40:00,1622.67,1622.67,1622.67,1622.67,0.0,18.09,29238.59,0
2025-09-04,2025-09-04 14:41:00,1622.67,1622.67,1622.67,1622.67,0.0,18.09,29238.59,0
2025-09-04,2025-09-04 14:42:00,1622.67,1622.67,1622.67,1622.67,0.0,18.09,29238.59,0
2025-09-04,2025-09-04 14:43:00,1622.67,1622.67,1622.66,1622.66,-0.0,18.09,29238.59,-1
2025-09-04,2025-09-04 14:44:00,1622.66,1622.66,1622.66,1622.66,0.0,18.09,29238.59,0
2025-09-04,2025-09-04 14:45:00,1622.66,1622.66,1622.66,1622.66,0.0,18.09,29238.59,0
2025-09-04,2025-09-04 14:46:00,1622.66,1622.66,1622.66,1622.66,0.0,18.09,29238.59,0
2025-09-04,2025-09-04 14:47:00,1622.66,1622.66,1622.66,1622.66,0.0,18.09,29238.59,0
2025-09-04,2025-09-04 14:48:00,1622.66,1622.66,1622.66,1622.66,0.0,18.09,29238.59,0
2025-09-04,2025-09-04 14:49:00,1622.66,1622.66,1622.66,1622.66,0.0,18.09,29238.59,0
2025-09-04,2025-09-04 14:50:00,1622.66,1622.66,1622.65,1622.65,-0.0,18.09,29238.59,-1
2025-09-04,2025-09-04 14:51:00,1622.65,1622.65,1622.65,1622.65,0.0,18.09,29238.59,0
2025-09-04,2025-09-04 14:52:00,1622.65,1622.65,1622.65,1622.65,0.0,18.09,29238.59,0
2025-09-04,2025-09-04 14:53:00,1622.65,1622.65,1622.65,1622.65,0.0,18.09,29238.59,0
2025-09-04,2025-09-04 14:54:00,1622.65,1622.65,1622.65,1622.65,0.0,18.09,29238.59,0
2025-09-04,2025-09-04 14:55:00,1622.65,1622.65,1622.65,1622.65,0.0,18.09,29238.59,0
2025-09-04,2025-09-04 14:56:00,1622.65,1622.65,1622.64,1622.64,-0.0,18.09,29238.59,-1
2025-09-04,2025-09-04 14:57:00,1622.64,1622.64,1622.64,1622.64,0.0,18.09,29238.59,0
2025-09-04,2025-09-04 14:58:00,1622.64,1622.64,1622.64,1622.64,0.0,18.09,29238.59,0
2025-09-04,2025-09-04 14:59:00,1622.64,1622.64,1622.64,1622.64,0.0,18.09,29238.59,0
2025-09-04,2025-09-04 15:00:00,1622.64,1665.0,1590.0,1622.64,0.0,18.09,29238.59,0
2025-09-07,2025-09-07 11:00:00,1623.0,1636.05,1621.5,1623.08,0.0,8.12,13372.41,1
2025-09-07,2025-09-07 11:01:00,1623.08,1623.16,1623.08,1623.16,0.0,8.12,13372.41,1
2025-09-07,2025-09-07 11:02:00,1623.16,1623.23,1623.16,1623.23,0.0,8.12,13372.41,1
2025-09-07,2025-09-07 11:03:00,1623.23,1623.31,1623.23,1623.31,0.0,8.12,13372.41,1
2025-09-07,2025-09-07 11:04:00,1623.31,1623.39,1623.31,1623.39,0.0,8.12,13372.41,1
2025-09-07,2025-09-07 11:05:00,1623.39,1623.47,1623.39,1623.47,0.0,8.12,13372.41,1
2025-09-07,2025-09-07 11:06:00,1623.47,1623.55,1623.47,1623.55,0.0,8.12,13372.41,1
2025-09-07,2025-09-07 11:07:00,1623.55,1623.62,1623.55,1623.62,0.0,8.12,13372.41,1
2025-09-07,2025-09-07 11:08:00,1623.62,1623.7,1623.62,1623.7,0.0,8.12,13372.41,1
2025-09-07,2025-09-07 11:09:00,1623.7,1623.78,1623.7,1623.78,0.0,8.12,13372.41,1
2025-09-07,2025-09-07 11:10:00,1623.78,1623.86,1623.78,1623.86,0.0,8.12,13372.41,1
2025-09-07,2025-09-07 11:11:00,1623.86,1623.94,1623.86,1623.94,0.0,8.12,13372.41,1
2025-09-07,2025-09-07 11:12:00,1623.94,1624.02,1623.94,1624.02,0.0,8.12,13372.41,1
2025-09-07,2025-09-07 11:13:00,1624.02,1624.09,1624.02,1624.09,0.0,8.12,13372.41,1
2025-09-07,2025-09-07 11:14:00,1624.09,1624.17,1624.09,1624.17,0.0,8.12,13372.41,1
2025-09-07,2025-09-07 11:15:00,1624.17,1624.25,1624.17,1624.25,0.0,8.12,13372.41,1
2025-09-07,2025-09-07 11:16:00,1624.25,1624.33,1624.25,1624.33,0.0,8.12,13372.41,1
2025-09-07,2025-09-07 11:17:00,1624.33,1624.41,1624.33,1624.41,0.0,8.12,13372.41,1
2025-09-07,2025-09-07 11:18:00,1624.41,1624.48,1624.41,1624.48,0.0,8.12,13372.41,1
2025-09-07,2025-09-07 11:19:00,1624.48,1624.56,1624.48,1624.56,0.0,8.12,13372.41,1
2025-09-07,2025-09-07 11:20:00,1624.56,1624.64,1624.56,1624.64,0.0,8.12,13372.41,1
2025-09-07,2025-09-07 11:21:00,1624.64,1624.72,1624.64,1624.72,0.0,8.12,13372.41,1
2025-09-07,2025-09-07 11:22:00,1624.72,1624.8,1624.72,1624.8,0.0,8.12,13372.41,1
2025-09-07,2025-09-07 11:23:00,1624.8,1624.88,1624.8,1624.88,0.0,8.12,13372.41,1
2025-09-07,2025-09-07 11:24:00,1624.88,1624.95,1624.88,1624.95,0.0,8.12,13372.41,1
2025-09-07,2025-09-07 11:25:00,1624.95,1625.03,1624.95,1625.03,0.0,8.12,13372.41,1
2025-09-07,2025-09-07 11:26:00,1625.03,1625.11,1625.03,1625.11,0.0,8.12,13372.41,1
2025-09-07,2025-09-07 11:27:00,1625.11,1625.19,1625.11,1625.19,0.0,8.12,13372.41,1
2025-09-07,2025-09-07 11:28:00,1625.19,1625.27,1625.19,1625.27,0.0,8.12,13372.41,1
2025-09-07,2025-09-07 11:29:00,1625.27,1625.34,1625.27,1625.34,0.0,8.12,13372.41,1
2025-09-07,2025-09-07 11:30:00,1625.34,1625.42,1625.34,1625.42,0.0,8.12,13372.41,1
2025-09-07,2025-09-07 11:31:00,1625.42,1625.5,1625.42,1625.5,0.0,8.12,13372.41,1
2025-09-07,2025-09-07 11:32:00,1625.5,1625.58,1625.5,1625.58,0.0,8.12,13372.41,1
2025-09-07,2025-09-07 11:33:00,1625.58,1625.66,1625.58,1625.66,0.0,8.12,13372.41,1
2025-09-07,2025-09-07 11:34:00,1625.66,1625.73,1625.66,1625.73,0.0,8.12,13372.41,1
2025-09-07,2025-09-07 11:35:00,1625.73,1625.81,1625.73,1625.81,0.0,8.12,13372.41,1
2025-09-07,2025-09-07 11:36:00,1625.81,1625.89,1625.81,1625.89,0.0,8.12,13372.41,1
2025-09-07,2025-09-07 11:37:00,1625.89,1625.97,1625.89,1625.97,0.0,8.12,13372.41,1
2025-09-07,2025-09-07 11:38:00,1625.97,1626.05,1625.97,1626.05,0.0,8.12,13372.41,1
2025-09-07,2025-09-07 11:39:00,1626.05,1626.12,1626.05,1626.12,0.0,8.12,13372.41,1
2025-09-07,2025-09-07 11:40:00,1626.12,1626.2,1626.12,1626.2,0.0,8.12,13372.41,1
2025-09-07,2025-09-07 11:41:00,1626.2,1626.28,1626.2,1626.28,0.0,8.12,13372.41,1
2025-09-07,2025-09-07 11:42:00,1626.28,1626.36,1626.28,1626.36,0.0,8.12,13372.41,1
2025-09-07,2025-09-07 11:43:00,1626.36,1626.44,1626.36,1626.44,0.0,8.12,13372.41,1
2025-09-07,2025-09-07 11:44:00,1626.44,1626.52,1626.44,1626.52,0.0,8.12,13372.41,1
2025-09-07,2025-09-07 11:45:00,1626.52,1626.59,1626.52,1626.59,0.0,8.12,13372.41,1
2025-09-07,2025-09-07 11:46:00,1626.59,1626.67,1626.59,1626.67,0.0,8.12,13372.41,1
2025-09-07,2025-09-07 11:47:00,1626.67,1626.75,1626.67,1626.75,0.0,8.12,13372.41,1
2025-09-07,2025-09-07 11:48:00,1626.75,1626.83,1626.75,1626.83,0.0,8.12,13372.41,1
2025-09-07,2025-09-07 11:49:00,1626.83,1626.91,1626.83,1626.91,0.0,8.12,13372.41,1
2025-09-07,2025-09-07 11:50:00,1626.91,1626.98,1626.91,1626.98,0.0,8.12,13372.41,1
2025-09-07,2025-09-07 11:51:00,1626.98,1627.06,1626.98,1627.06,0.0,8.12,13372.41,1
2025-09-07,2025-09-07 11:52:00,1627.06,1627.14,1627.06,1627.14,0.0,8.12,13372.41,1
2025-09-07,2025-09-07 11:53:00,1627.14,1627.22,1627.14,1627.22,0.0,8.12,13372.41,1
2025-09-07,2025-09-07 11:54:00,1627.22,1627.3,1627.22,1627.3,0.0,8.12,13372.41,1
2025-09-07,2025-09-07 11:55:00,1627.3,1627.38,1627.3,1627.38,0.0,8.12,13372.41,1
2025-09-07,2025-09-07 11:56:00,1627.38,1627.45,1627.38,1627.45,0.0,8.12,13372.41,1
2025-09-07,2025-09-07 11:57:00,1627.45,1627.53,1627.45,1627.53,0.0,8.12,13372.41,1
2025-09-07,2025-09-07 11:58:00,1627.53,1627.61,1627.53,1627.61,0.0,8.12,13372.41,1
2025-09-07,2025-09-07 11:59:00,1627.61,1627.69,1627.61,1627.69,0.0,8.12,13372.41,1
2025-09-07,2025-09-07 12:00:00,1627.69,1627.77,1627.69,1627.77,0.0,8.12,13372.41,1
2025-09-07,2025-09-07 12:01:00,1627.77,1627.84,1627.77,1627.84,0.0,8.12,13372.41,1
2025-09-07,2025-09-07 12:02:00,1627.84,1627.92,1627.84,1627.92,0.0,8.12,13372.41,1
2025-09-07,2025-09-07 12:03:00,1627.92,1628.0,1627.92,1628.0,0.0,8.12,13372.41,1
2025-09-07,2025-09-07 12:04:00,1628.0,1628.08,1628.0,1628.08,0.0,8.12,13372.41,1
2025-09-07,2025-09-07 12:05:00,1628.08,1628.16,1628.08,1628.16,0.0,8.12,13372.41,1
2025-09-07,2025-09-07 12:06:00,1628.16,1628.23,1628.16,1628.23,0.0,8.12,13372.41,1
2025-09-07,2025-09-07 12:07:00,1628.23,1628.31,1628.23,1628.31,0.0,8.12,13372.41,1
2025-09-07,2025-09-07 12:08:00,1628.31,1628.39,1628.31,1628.39,0.0,8.12,13372.41,1
2025-09-07,2025-09-07 12:09:00,1628.39,1628.47,1628.39,1628.47,0.0,8.12,13372.41,1
2025-09-07,2025-09-07 12:10:00,1628.47,1628.55,1628.47,1628.55,0.0,8.12,13372.41,1
2025-09-07,2025-09-07 12:11:00,1628.55,1628.62,1628.55,1628.62,0.0,8.12,13372.41,1
2025-09-07,2025-09-07 12:12:00,1628.62,1628.7,1628.62,1628.7,0.0,8.12,13372.41,1
2025-09-07,2025-09-07 12:13:00,1628.7,1628.78,1628.7,1628.78,0.0,8.12,13372.41,1
2025-09-07,2025-09-07 12:14:00,1628.78,1628.86,1628.78,1628.86,0.0,8.12,13372.41,1
2025-09-07,2025-09-07 12:15:00,1628.86,1628.94,1628.86,1628.94,0.0,8.12,13372.41,1
2025-09-07,2025-09-07 12:16:00,1628.94,1629.02,1628.94,1629.02,0.0,8.12,13372.41,1
2025-09-07,2025-09-07 12:17:00,1629.02,1629.09,1629.02,1629.09,0.0,8.12,13372.41,1
2025-09-07,2025-09-07 12:18:00,1629.09,1629.17,1629.09,1629.17,0.0,8.12,13372.41,1
2025-09-07,2025-09-07 12:19:00,1629.17,1629.25,1629.17,1629.25,0.0,8.12,13372.41,1
2025-09-07,2025-09-07 12:20:00,1629.25,1629.33,1629.25,1629.33,0.0,8.12,13372.41,1
2025-09-07,2025-09-07 12:21:00,1629.33,1629.41,1629.33,1629.41,0.0,8.12,13372.41,1
2025-09-07,2025-09-07 12:22:00,1629.41,1629.48,1629.41,1629.48,0.0,8.12,13372.41,1
2025-09-07,2025-09-07 12:23:00,1629.48,1629.56,1629.48,1629.56,0.0,8.12,13372.41,1
2025-09-07,2025-09-07 12:24:00,1629.56,1629.64,1629.56,1629.64,0.0,8.12,13372.41,1
2025-09-07,2025-09-07 12:25:00,1629.64,1629.72,1629.64,1629.72,0.0,8.12,13372.41,1
2025-09-07,2025-09-07 12:26:00,1629.72,1629.8,1629.72,1629.8,0.0,8.12,13372.41,1
2025-09-07,2025-09-07 12:27:00,1629.8,1629.88,1629.8,1629.88,0.0,8.12,13372.41,1
2025-09-07,2025-09-07 12:28:00,1629.88,1629.95,1629.88,1629.95,0.0,8.12,13372.41,1
2025-09-07,2025-09-07 12:29:00,1629.95,1630.03,1629.95,1630.03,0.0,8.12,13372.41,1
2025-09-07,2025-09-07 12:30:00,1630.03,1630.11,1630.03,1630.11,0.0,8.12,13372.41,1
2025-09-07,2025-09-07 12:31:00,1630.11,1630.19,1630.11,1630.19,0.0,8.12,13372.41,1
2025-09-07,2025-09-07 12:32:00,1630.19,1630.27,1630.19,1630.27,0.0,8.12,13372.41,1
2025-09-07,2025-09-07 12:33:00,1630.27,1630.34,1630.27,1630.34,0.0,8.12,13372.41,1
2025-09-07,2025-09-07 12:34:00,1630.34,1630.42,1630.34,1630.42,0.0,8.12,13372.41,1
2025-09-07,2025-09-07 12:35:00,1630.42,1630.5,1630.42,1630.5,0.0,8.12,13372.41,1
2025-09-07,2025-09-07 12:36:00,1630.5,1630.58,1630.5,1630.58,0.0,8.12,13372.41,1
2025-09-07,2025-09-07 12:37:00,1630.58,1630.66,1630.58,1630.66,0.0,8.12,13372.41,1
2025-09-07,2025-09-07 12:38:00,1630.66,1630.73,1630.66,1630.73,0.0,8.12,13372.41,1
2025-09-07,2025-09-07 12:39:00,1630.73,1630.81,1630.73,1630.81,0.0,8.12,13372.41,1
2025-09-07,2025-09-07 12:40:00,1630.81,1630.89,1630.81,1630.89,0.0,8.12,13372.41,1
2025-09-07,2025-09-07 12:41:00,1630.89,1630.97,1630.89,1630.97,0.0,8.12,13372.41,1
2025-09-07,2025-09-07 12:42:00,1630.97,1631.05,1630.97,1631.05,0.0,8.12,13372.41,1
2025-09-07,2025-09-07 12:43:00,1631.05,1631.12,1631.05,1631.12,0.0,8.12,13372.41,1
2025-09-07,2025-09-07 12:44:00,1631.12,1631.2,1631.12,1631.2,0.0,8.12,13372.41,1
2025-09-07,2025-09-07 12:45:00,1631.2,1631.28,1631.2,1631.28,0.0,8.12,13372.41,1
2025-09-07,2025-09-07 12:46:00,1631.28,1631.36,1631.28,1631.36,0.0,8.12,13372.41,1
2025-09-07,2025-09-07 12:47:00,1631.36,1631.44,1631.36,1631.44,0.0,8.12,13372.41,1
2025-09-07,2025-09-07 12:48:00,1631.44,1631.52,1631.44,1631.52,0.0,8.12,13372.41,1
2025-09-07,2025-09-07 12:49:00,1631.52,1631.59,1631.52,1631.59,0.0,8.12,13372.41,1
2025-09-07,2025-09-07 12:50:00,1631.59,1631.67,1631.59,1631.67,0.0,8.12,13372.41,1
2025-09-07,2025-09-07 12:51:00,1631.67,1631.75,1631.67,1631.75,0.0,8.12,13372.41,1
2025-09-07,2025-09-07 12:52:00,1631.75,1631.83,1631.75,1631.83,0.0,8.12,13372.41,1
2025-09-07,2025-09-07 12:53:00,1631.83,1631.91,1631.83,1631.91,0.0,8.12,13372.41,1
2025-09-07,2025-09-07 12:54:00,1631.91,1631.98,1631.91,1631.98,0.0,8.12,13372.41,1
2025-09-07,2025-09-07 12:55:00,1631.98,1632.06,1631.98,1632.06,0.0,8.12,13372.41,1
2025-09-07,2025-09-07 12:56:00,1632.06,1632.14,1632.06,1632.14,0.0,8.12,13372.41,1
2025-09-07,2025-09-07 12:57:00,1632.14,1632.22,1632.14,1632.22,0.0,8.12,13372.41,1
2025-09-07,2025-09-07 12:58:00,1632.22,1632.3,1632.22,1632.3,0.0,8.12,13372.41,1
2025-09-07,2025-09-07 12:59:00,1632.3,1632.38,1632.3,1632.38,0.0,8.12,13372.41,1
2025-09-07,2025-09-07 13:00:00,1632.38,1666.5,1618.0,1632.45,0.0,8.12,13372.41,1
2025-09-07,2025-09-07 13:01:00,1632.45,1632.53,1632.45,1632.53,0.0,8.12,13372.41,1
2025-09-07,2025-09-07 13:02:00,1632.53,1632.61,1632.53,1632.61,0.0,8.12,13372.41,1
2025-09-07,2025-09-07 13:03:00,1632.61,1632.69,1632.61,1632.69,0.0,8.12,13372.41,1
2025-09-07,2025-09-07 13:04:00,1632.69,1632.77,1632.69,1632.77,0.0,8.12,13372.41,1
2025-09-07,2025-09-07 13:05:00,1632.77,1632.84,1632.77,1632.84,0.0,8.12,13372.41,1
2025-09-07,2025-09-07 13:06:00,1632.84,1632.92,1632.84,1632.92,0.0,8.12,13372.41,1
2025-09-07,2025-09-07 13:07:00,1632.92,1633.0,1632.92,1633.0,0.0,8.12,13372.41,1
2025-09-07,2025-09-07 13:08:00,1633.0,1633.08,1633.0,1633.08,0.0,8.12,13372.41,1
2025-09-07,2025-09-07 13:09:00,1633.08,1633.16,1633.08,1633.16,0.0,8.12,13372.41,1
2025-09-07,2025-09-07 13:10:00,1633.16,1633.23,1633.16,1633.23,0.0,8.12,13372.41,1
2025-09-07,2025-09-07 13:11:00,1633.23,1633.31,1633.23,1633.31,0.0,8.12,13372.41,1
2025-09-07,2025-09-07 13:12:00,1633.31,1633.39,1633.31,1633.39,0.0,8.12,13372.41,1
2025-09-07,2025-09-07 13:13:00,1633.39,1633.47,1633.39,1633.47,0.0,8.12,13372.41,1
2025-09-07,2025-09-07 13:14:00,1633.47,1633.55,1633.47,1633.55,0.0,8.12,13372.41,1
2025-09-07,2025-09-07 13:15:00,1633.55,1633.62,1633.55,1633.62,0.0,8.12,13372.41,1
2025-09-07,2025-09-07 13:16:00,1633.62,1633.7,1633.62,1633.7,0.0,8.12,13372.41,1
2025-09-07,2025-09-07 13:17:00,1633.7,1633.78,1633.7,1633.78,0.0,8.12,13372.41,1
2025-09-07,2025-09-07 13:18:00,1633.78,1633.86,1633.78,1633.86,0.0,8.12,13372.41,1
2025-09-07,2025-09-07 13:19:00,1633.86,1633.94,1633.86,1633.94,0.0,8.12,13372.41,1
2025-09-07,2025-09-07 13:20:00,1633.94,1634.02,1633.94,1634.02,0.0,8.12,13372.41,1
2025-09-07,2025-09-07 13:21:00,1634.02,1634.09,1634.02,1634.09,0.0,8.12,13372.41,1
2025-09-07,2025-09-07 13:22:00,1634.09,1634.17,1634.09,1634.17,0.0,8.12,13372.41,1
2025-09-07,2025-09-07 13:23:00,1634.17,1634.25,1634.17,1634.25,0.0,8.12,13372.41,1
2025-09-07,2025-09-07 13:24:00,1634.25,1634.33,1634.25,1634.33,0.0,8.12,13372.41,1
2025-09-07,2025-09-07 13:25:00,1634.33,1634.41,1634.33,1634.41,0.0,8.12,13372.41,1
2025-09-07,2025-09-07 13:26:00,1634.41,1634.48,1634.41,1634.48,0.0,8.12,13372.41,1
2025-09-07,2025-09-07 13:27:00,1634.48,1634.56,1634.48,1634.56,0.0,8.12,13372.41,1
2025-09-07,2025-09-07 13:28:00,1634.56,1634.64,1634.56,1634.64,0.0,8.12,13372.41,1
2025-09-07,2025-09-07 13:29:00,1634.64,1634.72,1634.64,1634.72,0.0,8.12,13372.41,1
2025-09-07,2025-09-07 13:30:00,1634.72,1634.8,1634.72,1634.8,0.0,8.12,13372.41,1
2025-09-07,2025-09-07 13:31:00,1634.8,1634.88,1634.8,1634.88,0.0,8.12,13372.41,1
2025-09-07,2025-09-07 13:32:00,1634.88,1634.95,1634.88,1634.95,0.0,8.12,13372.41,1
2025-09-07,2025-09-07 13:33:00,1634.95,1635.03,1634.95,1635.03,0.0,8.12,13372.41,1
2025-09-07,2025-09-07 13:34:00,1635.03,1635.11,1635.03,1635.11,0.0,8.12,13372.41,1
2025-09-07,2025-09-07 13:35:00,1635.11,1635.19,1635.11,1635.19,0.0,8.12,13372.41,1
2025-09-07,2025-09-07 13:36:00,1635.19,1635.27,1635.19,1635.27,0.0,8.12,13372.41,1
2025-09-07,2025-09-07 13:37:00,1635.27,1635.34,1635.27,1635.34,0.0,8.12,13372.41,1
2025-09-07,2025-09-07 13:38:00,1635.34,1635.42,1635.34,1635.42,0.0,8.12,13372.41,1
2025-09-07,2025-09-07 13:39:00,1635.42,1635.5,1635.42,1635.5,0.0,8.12,13372.41,1
2025-09-07,2025-09-07 13:40:00,1635.5,1635.58,1635.5,1635.58,0.0,8.12,13372.41,1
2025-09-07,2025-09-07 13:41:00,1635.58,1635.66,1635.58,1635.66,0.0,8.12,13372.41,1
2025-09-07,2025-09-07 13:42:00,1635.66,1635.73,1635.66,1635.73,0.0,8.12,13372.41,1
2025-09-07,2025-09-07 13:43:00,1635.73,1635.81,1635.73,1635.81,0.0,8.12,13372.41,1
2025-09-07,2025-09-07 13:44:00,1635.81,1635.89,1635.81,1635.89,0.0,8.12,13372.41,1
2025-09-07,2025-09-07 13:45:00,1635.89,1635.97,1635.89,1635.97,0.0,8.12,13372.41,1
2025-09-07,2025-09-07 13:46:00,1635.97,1636.05,1635.97,1636.05,0.0,8.12,13372.41,1
2025-09-07,2025-09-07 13:47:00,1636.05,1636.12,1636.05,1636.12,0.0,8.12,13372.41,1
2025-09-07,2025-09-07 13:48:00,1636.12,1636.2,1636.12,1636.2,0.0,8.12,13372.41,1
2025-09-07,2025-09-07 13:49:00,1636.2,1636.28,1636.2,1636.28,0.0,8.12,13372.41,1
2025-09-07,2025-09-07 13:50:00,1636.28,1636.36,1636.28,1636.36,0.0,8.12,13372.41,1
2025-09-07,2025-09-07 13:51:00,1636.36,1636.44,1636.36,1636.44,0.0,8.12,13372.41,1
2025-09-07,2025-09-07 13:52:00,1636.44,1636.52,1636.44,1636.52,0.0,8.12,13372.41,1
2025-09-07,2025-09-07 13:53:00,1636.52,1636.59,1636.52,1636.59,0.0,8.12,13372.41,1
2025-09-07,2025-09-07 13:54:00,1636.59,1636.67,1636.59,1636.67,0.0,8.12,13372.41,1
2025-09-07,2025-09-07 13:55:00,1636.67,1636.75,1636.67,1636.75,0.0,8.12,13372.41,1
2025-09-07,2025-09-07 13:56:00,1636.75,1636.83,1636.75,1636.83,0.0,8.12,13372.41,1
2025-09-07,2025-09-07 13:57:00,1636.83,1636.91,1636.83,1636.91,0.0,8.12,13372.41,1
2025-09-07,2025-09-07 13:58:00,1636.91,1636.98,1636.91,1636.98,0.0,8.12,13372.41,1
2025-09-07,2025-09-07 13:59:00,1636.98,1637.06,1636.98,1637.06,0.0,8.12,13372.41,1
2025-09-07,2025-09-07 14:00:00,1637.06,1637.14,1637.06,1637.14,0.0,8.12,13372.41,1
2025-09-07,2025-09-07 14:01:00,1637.14,1637.22,1637.14,1637.22,0.0,8.12,13372.41,1
2025-09-07,2025-09-07 14:02:00,1637.22,1637.3,1637.22,1637.3,0.0,8.12,13372.41,1
2025-09-07,2025-09-07 14:03:00,1637.3,1637.38,1637.3,1637.38,0.0,8.12,13372.41,1
2025-09-07,2025-09-07 14:04:00,1637.38,1637.45,1637.38,1637.45,0.0,8.12,13372.41,1
2025-09-07,2025-09-07 14:05:00,1637.45,1637.53,1637.45,1637.53,0.0,8.12,13372.41,1
2025-09-07,2025-09-07 14:06:00,1637.53,1637.61,1637.53,1637.61,0.0,8.12,13372.41,1
2025-09-07,2025-09-07 14:07:00,1637.61,1637.69,1637.61,1637.69,0.0,8.12,13372.41,1
2025-09-07,2025-09-07 14:08:00,1637.69,1637.77,1637.69,1637.77,0.0,8.12,13372.41,1
2025-09-07,2025-09-07 14:09:00,1637.77,1637.84,1637.77,1637.84,0.0,8.12,13372.41,1
2025-09-07,2025-09-07 14:10:00,1637.84,1637.92,1637.84,1637.92,0.0,8.12,13372.41,1
2025-09-07,2025-09-07 14:11:00,1637.92,1638.0,1637.92,1638.0,0.0,8.12,13372.41,1
2025-09-07,2025-09-07 14:12:00,1638.0,1638.08,1638.0,1638.08,0.0,8.12,13372.41,1
2025-09-07,2025-09-07 14:13:00,1638.08,1638.16,1638.08,1638.16,0.0,8.12,13372.41,1
2025-09-07,2025-09-07 14:14:00,1638.16,1638.23,1638.16,1638.23,0.0,8.12,13372.41,1
2025-09-07,2025-09-07 14:15:00,1638.23,1638.31,1638.23,1638.31,0.0,8.12,13372.41,1
2025-09-07,2025-09-07 14:16:00,1638.31,1638.39,1638.31,1638.39,0.0,8.12,13372.41,1
2025-09-07,2025-09-07 14:17:00,1638.39,1638.47,1638.39,1638.47,0.0,8.12,13372.41,1
2025-09-07,2025-09-07 14:18:00,1638.47,1638.55,1638.47,1638.55,0.0,8.12,13372.41,1
2025-09-07,2025-09-07 14:19:00,1638.55,1638.62,1638.55,1638.62,0.0,8.12,13372.41,1
2025-09-07,2025-09-07 14:20:00,1638.62,1638.7,1638.62,1638.7,0.0,8.12,13372.41,1
2025-09-07,2025-09-07 14:21:00,1638.7,1638.78,1638.7,1638.78,0.0,8.12,13372.41,1
2025-09-07,2025-09-07 14:22:00,1638.78,1638.86,1638.78,1638.86,0.0,8.12,13372.41,1
2025-09-07,2025-09-07 14:23:00,1638.86,1638.94,1638.86,1638.94,0.0,8.12,13372.41,1
2025-09-07,2025-09-07 14:24:00,1638.94,1639.02,1638.94,1639.02,0.0,8.12,13372.41,1
2025-09-07,2025-09-07 14:25:00,1639.02,1639.09,1639.02,1639.09,0.0,8.12,13372.41,1
2025-09-07,2025-09-07 14:26:00,1639.09,1639.17,1639.09,1639.17,0.0,8.12,13372.41,1
2025-09-07,2025-09-07 14:27:00,1639.17,1639.25,1639.17,1639.25,0.0,8.12,13372.41,1
2025-09-07,2025-09-07 14:28:00,1639.25,1639.33,1639.25,1639.33,0.0,8.12,13372.41,1
2025-09-07,2025-09-07 14:29:00,1639.33,1639.41,1639.33,1639.41,0.0,8.12,13372.41,1
2025-09-07,2025-09-07 14:30:00,1639.41,1639.48,1639.41,1639.48,0.0,8.12,13372.41,1
2025-09-07,2025-09-07 14:31:00,1639.48,1639.56,1639.48,1639.56,0.0,8.12,13372.41,1
2025-09-07,2025-09-07 14:32:00,1639.56,1639.64,1639.56,1639.64,0.0,8.12,13372.41,1
2025-09-07,2025-09-07 14:33:00,1639.64,1639.72,1639.64,1639.72,0.0,8.12,13372.41,1
2025-09-07,2025-09-07 14:34:00,1639.72,1639.8,1639.72,1639.8,0.0,8.12,13372.41,1
2025-09-07,2025-09-07 14:35:00,1639.8,1639.88,1639.8,1639.88,0.0,8.12,13372.41,1
2025-09-07,2025-09-07 14:36:00,1639.88,1639.95,1639.88,1639.95,0.0,8.12,13372.41,1
2025-09-07,2025-09-07 14:37:00,1639.95,1640.03,1639.95,1640.03,0.0,8.12,13372.41,1
2025-09-07,2025-09-07 14:38:00,1640.03,1640.11,1640.03,1640.11,0.0,8.12,13372.41,1
2025-09-07,2025-09-07 14:39:00,1640.11,1640.19,1640.11,1640.19,0.0,8.12,13372.41,1
2025-09-07,2025-09-07 14:40:00,1640.19,1640.27,1640.19,1640.27,0.0,8.12,13372.41,1
2025-09-07,2025-09-07 14:41:00,1640.27,1640.34,1640.27,1640.34,0.0,8.12,13372.41,1
2025-09-07,2025-09-07 14:42:00,1640.34,1640.42,1640.34,1640.42,0.0,8.12,13372.41,1
2025-09-07,2025-09-07 14:43:00,1640.42,1640.5,1640.42,1640.5,0.0,8.12,13372.41,1
2025-09-07,2025-09-07 14:44:00,1640.5,1640.58,1640.5,1640.58,0.0,8.12,13372.41,1
2025-09-07,2025-09-07 14:45:00,1640.58,1640.66,1640.58,1640.66,0.0,8.12,13372.41,1
2025-09-07,2025-09-07 14:46:00,1640.66,1640.73,1640.66,1640.73,0.0,8.12,13372.41,1
2025-09-07,2025-09-07 14:47:00,1640.73,1640.81,1640.73,1640.81,0.0,8.12,13372.41,1
2025-09-07,2025-09-07 14:48:00,1640.81,1640.89,1640.81,1640.89,0.0,8.12,13372.41,1
2025-09-07,2025-09-07 14:49:00,1640.89,1640.97,1640.89,1640.97,0.0,8.12,13372.41,1
2025-09-07,2025-09-07 14:50:00,1640.97,1641.05,1640.97,1641.05,0.0,8.12,13372.41,1
2025-09-07,2025-09-07 14:51:00,1641.05,1641.12,1641.05,1641.12,0.0,8.12,13372.41,1
2025-09-07,2025-09-07 14:52:00,1641.12,1641.2,1641.12,1641.2,0.0,8.12,13372.41,1
2025-09-07,2025-09-07 14:53:00,1641.2,1641.28,1641.2,1641.28,0.0,8.12,13372.41,1
2025-09-07,2025-09-07 14:54:00,1641.28,1641.36,1641.28,1641.36,0.0,8.12,13372.41,1
2025-09-07,2025-09-07 14:55:00,1641.36,1641.44,1641.36,1641.44,0.0,8.12,13372.41,1
2025-09-07,2025-09-07 14:56:00,1641.44,1641.52,1641.44,1641.52,0.0,8.12,13372.41,1
2025-09-07,2025-09-07 14:57:00,1641.52,1641.59,1641.52,1641.59,0.0,8.12,13372.41,1
2025-09-07,2025-09-07 14:58:00,1641.59,1641.67,1641.59,1641.67,0.0,8.12,13372.41,1
2025-09-07,2025-09-07 14:59:00,1641.67,1641.75,1641.67,1641.75,0.0,8.12,13372.41,1
2025-09-07,2025-09-07 15:00:00,1641.75,1666.5,1618.0,1641.75,0.0,8.12,13372.41,0
2025-09-08,2025-09-08 11:00:00,1641.75,1648.12,1631.92,1641.68,-0.0,6.27,10215.15,-1
2025-09-08,2025-09-08 11:01:00,1641.68,1641.68,1641.61,1641.61,-0.0,6.27,10215.15,-1
2025-09-08,2025-09-08 11:02:00,1641.61,1641.61,1641.55,1641.55,-0.0,6.27,10215.15,-1
2025-09-08,2025-09-08 11:03:00,1641.55,1641.55,1641.48,1641.48,-0.0,6.27,10215.15,-1
2025-09-08,2025-09-08 11:04:00,1641.48,1641.48,1641.41,1641.41,-0.0,6.27,10215.15,-1
2025-09-08,2025-09-08 11:05:00,1641.41,1641.41,1641.34,1641.34,-0.0,6.27,10215.15,-1
2025-09-08,2025-09-08 11:06:00,1641.34,1641.34,1641.28,1641.28,-0.0,6.27,10215.15,-1
2025-09-08,2025-09-08 11:07:00,1641.28,1641.28,1641.21,1641.21,-0.0,6.27,10215.15,-1
2025-09-08,2025-09-08 11:08:00,1641.21,1641.21,1641.14,1641.14,-0.0,6.27,10215.15,-1
2025-09-08,2025-09-08 11:09:00,1641.14,1641.14,1641.07,1641.07,-0.0,6.27,10215.15,-1
2025-09-08,2025-09-08 11:10:00,1641.07,1641.07,1641.01,1641.01,-0.0,6.27,10215.15,-1
2025-09-08,2025-09-08 11:11:00,1641.01,1641.01,1640.94,1640.94,-0.0,6.27,10215.15,-1
2025-09-08,2025-09-08 11:12:00,1640.94,1640.94,1640.87,1640.87,-0.0,6.27,10215.15,-1
2025-09-08,2025-09-08 11:13:00,1640.87,1640.87,1640.8,1640.8,-0.0,6.27,10215.15,-1
2025-09-08,2025-09-08 11:14:00,1640.8,1640.8,1640.74,1640.74,-0.0,6.27,10215.15,-1
2025-09-08,2025-09-08 11:15:00,1640.74,1640.74,1640.67,1640.67,-0.0,6.27,10215.15,-1
2025-09-08,2025-09-08 11:16:00,1640.67,1640.67,1640.6,1640.6,-0.0,6.27,10215.15,-1
2025-09-08,2025-09-08 11:17:00,1640.6,1640.6,1640.53,1640.53,-0.0,6.27,10215.15,-1
2025-09-08,2025-09-08 11:18:00,1640.53,1640.53,1640.47,1640.47,-0.0,6.27,10215.15,-1
2025-09-08,2025-09-08 11:19:00,1640.47,1640.47,1640.4,1640.4,-0.0,6.27,10215.15,-1
2025-09-08,2025-09-08 11:20:00,1640.4,1640.4,1640.33,1640.33,-0.0,6.27,10215.15,-1
2025-09-08,2025-09-08 11:21:00,1640.33,1640.33,1640.26,1640.26,-0.0,6.27,10215.15,-1
2025-09-08,2025-09-08 11:22:00,1640.26,1640.26,1640.19,1640.19,-0.0,6.27,10215.15,-1
2025-09-08,2025-09-08 11:23:00,1640.19,1640.19,1640.13,1640.13,-0.0,6.27,10215.15,-1
2025-09-08,2025-09-08 11:24:00,1640.13,1640.13,1640.06,1640.06,-0.0,6.27,10215.15,-1
2025-09-08,2025-09-08 11:25:00,1640.06,1640.06,1639.99,1639.99,-0.0,6.27,10215.15,-1
2025-09-08,2025-09-08 11:26:00,1639.99,1639.99,1639.92,1639.92,-0.0,6.27,10215.15,-1
2025-09-08,2025-09-08 11:27:00,1639.92,1639.92,1639.86,1639.86,-0.0,6.27,10215.15,-1
2025-09-08,2025-09-08 11:28:00,1639.86,1639.86,1639.79,1639.79,-0.0,6.27,10215.15,-1
2025-09-08,2025-09-08 11:29:00,1639.79,1639.79,1639.72,1639.72,-0.0,6.27,10215.15,-1
2025-09-08,2025-09-08 11:30:00,1639.72,1639.72,1639.65,1639.65,-0.0,6.27,10215.15,-1
2025-09-08,2025-09-08 11:31:00,1639.65,1639.65,1639.59,1639.59,-0.0,6.27,10215.15,-1
2025-09-08,2025-09-08 11:32:00,1639.59,1639.59,1639.52,1639.52,-0.0,6.27,10215.15,-1
2025-09-08,2025-09-08 11:33:00,1639.52,1639.52,1639.45,1639.45,-0.0,6.27,10215.15,-1
2025-09-08,2025-09-08 11:34:00,1639.45,1639.45,1639.38,1639.38,-0.0,6.27,10215.15,-1
2025-09-08,2025-09-08 11:35:00,1639.38,1639.38,1639.32,1639.32,-0.0,6.27,10215.15,-1
2025-09-08,2025-09-08 11:36:00,1639.32,1639.32,1639.25,1639.25,-0.0,6.27,10215.15,-1
2025-09-08,2025-09-08 11:37:00,1639.25,1639.25,1639.18,1639.18,-0.0,6.27,10215.15,-1
2025-09-08,2025-09-08 11:38:00,1639.18,1639.18,1639.11,1639.11,-0.0,6.27,10215.15,-1
2025-09-08,2025-09-08 11:39:00,1639.11,1639.11,1639.05,1639.05,-0.0,6.27,10215.15,-1
2025-09-08,2025-09-08 11:40:00,1639.05,1639.05,1638.98,1638.98,-0.0,6.27,10215.15,-1
2025-09-08,2025-09-08 11:41:00,1638.98,1638.98,1638.91,1638.91,-0.0,6.27,10215.15,-1
2025-09-08,2025-09-08 11:42:00,1638.91,1638.91,1638.84,1638.84,-0.0,6.27,10215.15,-1
2025-09-08,2025-09-08 11:43:00,1638.84,1638.84,1638.77,1638.77,-0.0,6.27,10215.15,-1
2025-09-08,2025-09-08 11:44:00,1638.77,1638.77,1638.71,1638.71,-0.0,6.27,10215.15,-1
2025-09-08,2025-09-08 11:45:00,1638.71,1638.71,1638.64,1638.64,-0.0,6.27,10215.15,-1
2025-09-08,2025-09-08 11:46:00,1638.64,1638.64,1638.57,1638.57,-0.0,6.27,10215.15,-1
2025-09-08,2025-09-08 11:47:00,1638.57,1638.57,1638.5,1638.5,-0.0,6.27,10215.15,-1
2025-09-08,2025-09-08 11:48:00,1638.5,1638.5,1638.44,1638.44,-0.0,6.27,10215.15,-1
2025-09-08,2025-09-08 11:49:00,1638.44,1638.44,1638.37,1638.37,-0.0,6.27,10215.15,-1
2025-09-08,2025-09-08 11:50:00,1638.37,1638.37,1638.3,1638.3,-0.0,6.27,10215.15,-1
2025-09-08,2025-09-08 11:51:00,1638.3,1638.3,1638.23,1638.23,-0.0,6.27,10215.15,-1
2025-09-08,2025-09-08 11:52:00,1638.23,1638.23,1638.17,1638.17,-0.0,6.27,10215.15,-1
2025-09-08,2025-09-08 11:53:00,1638.17,1638.17,1638.1,1638.1,-0.0,6.27,10215.15,-1
2025-09-08,2025-09-08 11:54:00,1638.1,1638.1,1638.03,1638.03,-0.0,6.27,10215.15,-1
2025-09-08,2025-09-08 11:55:00,1638.03,1638.03,1637.96,1637.96,-0.0,6.27,10215.15,-1
2025-09-08,2025-09-08 11:56:00,1637.96,1637.96,1637.9,1637.9,-0.0,6.27,10215.15,-1
2025-09-08,2025-09-08 11:57:00,1637.9,1637.9,1637.83,1637.83,-0.0,6.27,10215.15,-1
2025-09-08,2025-09-08 11:58:00,1637.83,1637.83,1637.76,1637.76,-0.0,6.27,10215.15,-1
2025-09-08,2025-09-08 11:59:00,1637.76,1637.76,1637.69,1637.69,-0.0,6.27,10215.15,-1
2025-09-08,2025-09-08 12:00:00,1637.69,1637.69,1637.62,1637.62,-0.0,6.27,10215.15,-1
2025-09-08,2025-09-08 12:01:00,1637.62,1637.62,1637.56,1637.56,-0.0,6.27,10215.15,-1
2025-09-08,2025-09-08 12:02:00,1637.56,1637.56,1637.49,1637.49,-0.0,6.27,10215.15,-1
2025-09-08,2025-09-08 12:03:00,1637.49,1637.49,1637.42,1637.42,-0.0,6.27,10215.15,-1
2025-09-08,2025-09-08 12:04:00,1637.42,1637.42,1637.35,1637.35,-0.0,6.27,10215.15,-1
2025-09-08,2025-09-08 12:05:00,1637.35,1637.35,1637.29,1637.29,-0.0,6.27,10215.15,-1
2025-09-08,2025-09-08 12:06:00,1637.29,1637.29,1637.22,1637.22,-0.0,6.27,10215.15,-1
2025-09-08,2025-09-08 12:07:00,1637.22,1637.22,1637.15,1637.15,-0.0,6.27,10215.15,-1
2025-09-08,2025-09-08 12:08:00,1637.15,1637.15,1637.08,1637.08,-0.0,6.27,10215.15,-1
2025-09-08,2025-09-08 12:09:00,1637.08,1637.08,1637.02,1637.02,-0.0,6.27,10215.15,-1
2025-09-08,2025-09-08 12:10:00,1637.02,1637.02,1636.95,1636.95,-0.0,6.27,10215.15,-1
2025-09-08,2025-09-08 12:11:00,1636.95,1636.95,1636.88,1636.88,-0.0,6.27,10215.15,-1
2025-09-08,2025-09-08 12:12:00,1636.88,1636.88,1636.81,1636.81,-0.0,6.27,10215.15,-1
2025-09-08,2025-09-08 12:13:00,1636.81,1636.81,1636.75,1636.75,-0.0,6.27,10215.15,-1
2025-09-08,2025-09-08 12:14:00,1636.75,1636.75,1636.68,1636.68,-0.0,6.27,10215.15,-1
2025-09-08,2025-09-08 12:15:00,1636.68,1636.68,1636.61,1636.61,-0.0,6.27,10215.15,-1
2025-09-08,2025-09-08 12:16:00,1636.61,1636.61,1636.54,1636.54,-0.0,6.27,10215.15,-1
2025-09-08,2025-09-08 12:17:00,1636.54,1636.54,1636.48,1636.48,-0.0,6.27,10215.15,-1
2025-09-08,2025-09-08 12:18:00,1636.48,1636.48,1636.41,1636.41,-0.0,6.27,10215.15,-1
2025-09-08,2025-09-08 12:19:00,1636.41,1636.41,1636.34,1636.34,-0.0,6.27,10215.15,-1
2025-09-08,2025-09-08 12:20:00,1636.34,1636.34,1636.27,1636.27,-0.0,6.27,10215.15,-1
2025-09-08,2025-09-08 12:21:00,1636.27,1636.27,1636.2,1636.2,-0.0,6.27,10215.15,-1
2025-09-08,2025-09-08 12:22:00,1636.2,1636.2,1636.14,1636.14,-0.0,6.27,10215.15,-1
2025-09-08,2025-09-08 12:23:00,1636.14,1636.14,1636.07,1636.07,-0.0,6.27,10215.15,-1
2025-09-08,2025-09-08 12:24:00,1636.07,1636.07,1636.0,1636.0,-0.0,6.27,10215.15,-1
2025-09-08,2025-09-08 12:25:00,1636.0,1636.0,1635.93,1635.93,-0.0,6.27,10215.15,-1
2025-09-08,2025-09-08 12:26:00,1635.93,1635.93,1635.87,1635.87,-0.0,6.27,10215.15,-1
2025-09-08,2025-09-08 12:27:00,1635.87,1635.87,1635.8,1635.8,-0.0,6.27,10215.15,-1
2025-09-08,2025-09-08 12:28:00,1635.8,1635.8,1635.73,1635.73,-0.0,6.27,10215.15,-1
2025-09-08,2025-09-08 12:29:00,1635.73,1635.73,1635.66,1635.66,-0.0,6.27,10215.15,-1
2025-09-08,2025-09-08 12:30:00,1635.66,1635.66,1635.6,1635.6,-0.0,6.27,10215.15,-1
2025-09-08,2025-09-08 12:31:00,1635.6,1635.6,1635.53,1635.53,-0.0,6.27,10215.15,-1
2025-09-08,2025-09-08 12:32:00,1635.53,1635.53,1635.46,1635.46,-0.0,6.27,10215.15,-1
2025-09-08,2025-09-08 12:33:00,1635.46,1635.46,1635.39,1635.39,-0.0,6.27,10215.15,-1
2025-09-08,2025-09-08 12:34:00,1635.39,1635.39,1635.33,1635.33,-0.0,6.27,10215.15,-1
2025-09-08,2025-09-08 12:35:00,1635.33,1635.33,1635.26,1635.26,-0.0,6.27,10215.15,-1
2025-09-08,2025-09-08 12:36:00,1635.26,1635.26,1635.19,1635.19,-0.0,6.27,10215.15,-1
2025-09-08,2025-09-08 12:37:00,1635.19,1635.19,1635.12,1635.12,-0.0,6.27,10215.15,-1
2025-09-08,2025-09-08 12:38:00,1635.12,1635.12,1635.06,1635.06,-0.0,6.27,10215.15,-1
2025-09-08,2025-09-08 12:39:00,1635.06,1635.06,1634.99,1634.99,-0.0,6.27,10215.15,-1
2025-09-08,2025-09-08 12:40:00,1634.99,1634.99,1634.92,1634.92,-0.0,6.27,10215.15,-1
2025-09-08,2025-09-08 12:41:00,1634.92,1634.92,1634.85,1634.85,-0.0,6.27,10215.15,-1
2025-09-08,2025-09-08 12:42:00,1634.85,1634.85,1634.78,1634.78,-0.0,6.27,10215.15,-1
2025-09-08,2025-09-08 12:43:00,1634.78,1634.78,1634.72,1634.72,-0.0,6.27,10215.15,-1
2025-09-08,2025-09-08 12:44:00,1634.72,1634.72,1634.65,1634.65,-0.0,6.27,10215.15,-1
2025-09-08,2025-09-08 12:45:00,1634.65,1634.65,1634.58,1634.58,-0.0,6.27,10215.15,-1
2025-09-08,2025-09-08 12:46:00,1634.58,1634.58,1634.51,1634.51,-0.0,6.27,10215.15,-1
2025-09-08,2025-09-08 12:47:00,1634.51,1634.51,1634.45,1634.45,-0.0,6.27,10215.15,-1
2025-09-08,2025-09-08 12:48:00,1634.45,1634.45,1634.38,1634.38,-0.0,6.27,10215.15,-1
2025-09-08,2025-09-08 12:49:00,1634.38,1634.38,1634.31,1634.31,-0.0,6.27,10215.15,-1
2025-09-08,2025-09-08 12:50:00,1634.31,1634.31,1634.24,1634.24,-0.0,6.27,10215.15,-1
2025-09-08,2025-09-08 12:51:00,1634.24,1634.24,1634.18,1634.18,-0.0,6.27,10215.15,-1
2025-09-08,2025-09-08 12:52:00,1634.18,1634.18,1634.11,1634.11,-0.0,6.27,10215.15,-1
2025-09-08,2025-09-08 12:53:00,1634.11,1634.11,1634.04,1634.04,-0.0,6.27,10215.15,-1
2025-09-08,2025-09-08 12:54:00,1634.04,1634.04,1633.97,1633.97,-0.0,6.27,10215.15,-1
2025-09-08,2025-09-08 12:55:00,1633.97,1633.97,1633.91,1633.91,-0.0,6.27,10215.15,-1
2025-09-08,2025-09-08 12:56:00,1633.91,1633.91,1633.84,1633.84,-0.0,6.27,10215.15,-1
2025-09-08,2025-09-08 12:57:00,1633.84,1633.84,1633.77,1633.77,-0.0,6.27,10215.15,-1
2025-09-08,2025-09-08 12:58:00,1633.77,1633.77,1633.7,1633.7,-0.0,6.27,10215.15,-1
2025-09-08,2025-09-08 12:59:00,1633.7,1633.7,1633.63,1633.63,-0.0,6.27,10215.15,-1
2025-09-08,2025-09-08 13:00:00,1633.63,1663.0,1609.0,1633.57,-0.0,6.27,10215.15,-1
2025-09-08,2025-09-08 13:01:00,1633.57,1633.57,1633.5,1633.5,-0.0,6.27,10215.15,-1
2025-09-08,2025-09-08 13:02:00,1633.5,1633.5,1633.43,1633.43,-0.0,6.27,10215.15,-1
2025-09-08,2025-09-08 13:03:00,1633.43,1633.43,1633.36,1633.36,-0.0,6.27,10215.15,-1
2025-09-08,2025-09-08 13:04:00,1633.36,1633.36,1633.3,1633.3,-0.0,6.27,10215.15,-1
2025-09-08,2025-09-08 13:05:00,1633.3,1633.3,1633.23,1633.23,-0.0,6.27,10215.15,-1
2025-09-08,2025-09-08 13:06:00,1633.23,1633.23,1633.16,1633.16,-0.0,6.27,10215.15,-1
2025-09-08,2025-09-08 13:07:00,1633.16,1633.16,1633.09,1633.09,-0.0,6.27,10215.15,-1
2025-09-08,2025-09-08 13:08:00,1633.09,1633.09,1633.03,1633.03,-0.0,6.27,10215.15,-1
2025-09-08,2025-09-08 13:09:00,1633.03,1633.03,1632.96,1632.96,-0.0,6.27,10215.15,-1
2025-09-08,2025-09-08 13:10:00,1632.96,1632.96,1632.89,1632.89,-0.0,6.27,10215.15,-1
2025-09-08,2025-09-08 13:11:00,1632.89,1632.89,1632.82,1632.82,-0.0,6.27,10215.15,-1
2025-09-08,2025-09-08 13:12:00,1632.82,1632.82,1632.76,1632.76,-0.0,6.27,10215.15,-1
2025-09-08,2025-09-08 13:13:00,1632.76,1632.76,1632.69,1632.69,-0.0,6.27,10215.15,-1
2025-09-08,2025-09-08 13:14:00,1632.69,1632.69,1632.62,1632.62,-0.0,6.27,10215.15,-1
2025-09-08,2025-09-08 13:15:00,1632.62,1632.62,1632.55,1632.55,-0.0,6.27,10215.15,-1
2025-09-08,2025-09-08 13:16:00,1632.55,1632.55,1632.49,1632.49,-0.0,6.27,10215.15,-1
2025-09-08,2025-09-08 13:17:00,1632.49,1632.49,1632.42,1632.42,-0.0,6.27,10215.15,-1
2025-09-08,2025-09-08 13:18:00,1632.42,1632.42,1632.35,1632.35,-0.0,6.27,10215.15,-1
2025-09-08,2025-09-08 13:19:00,1632.35,1632.35,1632.28,1632.28,-0.0,6.27,10215.15,-1
2025-09-08,2025-09-08 13:20:00,1632.28,1632.28,1632.21,1632.21,-0.0,6.27,10215.15,-1
2025-09-08,2025-09-08 13:21:00,1632.21,1632.21,1632.15,1632.15,-0.0,6.27,10215.15,-1
2025-09-08,2025-09-08 13:22:00,1632.15,1632.15,1632.08,1632.08,-0.0,6.27,10215.15,-1
2025-09-08,2025-09-08 13:23:00,1632.08,1632.08,1632.01,1632.01,-0.0,6.27,10215.15,-1
2025-09-08,2025-09-08 13:24:00,1632.01,1632.01,1631.94,1631.94,-0.0,6.27,10215.15,-1
2025-09-08,2025-09-08 13:25:00,1631.94,1631.94,1631.88,1631.88,-0.0,6.27,10215.15,-1
2025-09-08,2025-09-08 13:26:00,1631.88,1631.88,1631.81,1631.81,-0.0,6.27,10215.15,-1
2025-09-08,2025-09-08 13:27:00,1631.81,1631.81,1631.74,1631.74,-0.0,6.27,10215.15,-1
2025-09-08,2025-09-08 13:28:00,1631.74,1631.74,1631.67,1631.67,-0.0,6.27,10215.15,-1
2025-09-08,2025-09-08 13:29:00,1631.67,1631.67,1631.61,1631.61,-0.0,6.27,10215.15,-1
2025-09-08,2025-09-08 13:30:00,1631.61,1631.61,1631.54,1631.54,-0.0,6.27,10215.15,-1
2025-09-08,2025-09-08 13:31:00,1631.54,1631.54,1631.47,1631.47,-0.0,6.27,10215.15,-1
2025-09-08,2025-09-08 13:32:00,1631.47,1631.47,1631.4,1631.4,-0.0,6.27,10215.15,-1
2025-09-08,2025-09-08 13:33:00,1631.4,1631.4,1631.34,1631.34,-0.0,6.27,10215.15,-1
2025-09-08,2025-09-08 13:34:00,1631.34,1631.34,1631.27,1631.27,-0.0,6.27,10215.15,-1
2025-09-08,2025-09-08 13:35:00,1631.27,1631.27,1631.2,1631.2,-0.0,6.27,10215.15,-1
2025-09-08,2025-09-08 13:36:00,1631.2,1631.2,1631.13,1631.13,-0.0,6.27,10215.15,-1
2025-09-08,2025-09-08 13:37:00,1631.13,1631.13,1631.07,1631.07,-0.0,6.27,10215.15,-1
2025-09-08,2025-09-08 13:38:00,1631.07,1631.07,1631.0,1631.0,-0.0,6.27,10215.15,-1
2025-09-08,2025-09-08 13:39:00,1631.0,1631.0,1630.93,1630.93,-0.0,6.27,10215.15,-1
2025-09-08,2025-09-08 13:40:00,1630.93,1630.93,1630.86,1630.86,-0.0,6.27,10215.15,-1
2025-09-08,2025-09-08 13:41:00,1630.86,1630.86,1630.79,1630.79,-0.0,6.27,10215.15,-1
2025-09-08,2025-09-08 13:42:00,1630.79,1630.79,1630.73,1630.73,-0.0,6.27,10215.15,-1
2025-09-08,2025-09-08 13:43:00,1630.73,1630.73,1630.66,1630.66,-0.0,6.27,10215.15,-1
2025-09-08,2025-09-08 13:44:00,1630.66,1630.66,1630.59,1630.59,-0.0,6.27,10215.15,-1
2025-09-08,2025-09-08 13:45:00,1630.59,1630.59,1630.52,1630.52,-0.0,6.27,10215.15,-1
2025-09-08,2025-09-08 13:46:00,1630.52,1630.52,1630.46,1630.46,-0.0,6.27,10215.15,-1
2025-09-08,2025-09-08 13:47:00,1630.46,1630.46,1630.39,1630.39,-0.0,6.27,10215.15,-1
2025-09-08,2025-09-08 13:48:00,1630.39,1630.39,1630.32,1630.32,-0.0,6.27,10215.15,-1
2025-09-08,2025-09-08 13:49:00,1630.32,1630.32,1630.25,1630.25,-0.0,6.27,10215.15,-1
2025-09-08,2025-09-08 13:50:00,1630.25,1630.25,1630.19,1630.19,-0.0,6.27,10215.15,-1
2025-09-08,2025-09-08 13:51:00,1630.19,1630.19,1630.12,1630.12,-0.0,6.27,10215.15,-1
2025-09-08,2025-09-08 13:52:00,1630.12,1630.12,1630.05,1630.05,-0.0,6.27,10215.15,-1
2025-09-08,2025-09-08 13:53:00,1630.05,1630.05,1629.98,1629.98,-0.0,6.27,10215.15,-1
2025-09-08,2025-09-08 13:54:00,1629.98,1629.98,1629.92,1629.92,-0.0,6.27,10215.15,-1
2025-09-08,2025-09-08 13:55:00,1629.92,1629.92,1629.85,1629.85,-0.0,6.27,10215.15,-1
2025-09-08,2025-09-08 13:56:00,1629.85,1629.85,1629.78,1629.78,-0.0,6.27,10215.15,-1
2025-09-08,2025-09-08 13:57:00,1629.78,1629.78,1629.71,1629.71,-0.0,6.27,10215.15,-1
2025-09-08,2025-09-08 13:58:00,1629.71,1629.71,1629.65,1629.65,-0.0,6.27,10215.15,-1
2025-09-08,2025-09-08 13:59:00,1629.65,1629.65,1629.58,1629.58,-0.0,6.27,10215.15,-1
2025-09-08,2025-09-08 14:00:00,1629.58,1629.58,1629.51,1629.51,-0.0,6.27,10215.15,-1
2025-09-08,2025-09-08 14:01:00,1629.51,1629.51,1629.44,1629.44,-0.0,6.27,10215.15,-1
2025-09-08,2025-09-08 14:02:00,1629.44,1629.44,1629.37,1629.37,-0.0,6.27,10215.15,-1
2025-09-08,2025-09-08 14:03:00,1629.37,1629.37,1629.31,1629.31,-0.0,6.27,10215.15,-1
2025-09-08,2025-09-08 14:04:00,1629.31,1629.31,1629.24,1629.24,-0.0,6.27,10215.15,-1
2025-09-08,2025-09-08 14:05:00,1629.24,1629.24,1629.17,1629.17,-0.0,6.27,10215.15,-1
2025-09-08,2025-09-08 14:06:00,1629.17,1629.17,1629.1,1629.1,-0.0,6.27,10215.15,-1
2025-09-08,2025-09-08 14:07:00,1629.1,1629.1,1629.04,1629.04,-0.0,6.27,10215.15,-1
2025-09-08,2025-09-08 14:08:00,1629.04,1629.04,1628.97,1628.97,-0.0,6.27,10215.15,-1
2025-09-08,2025-09-08 14:09:00,1628.97,1628.97,1628.9,1628.9,-0.0,6.27,10215.15,-1
2025-09-08,2025-09-08 14:10:00,1628.9,1628.9,1628.83,1628.83,-0.0,6.27,10215.15,-1
2025-09-08,2025-09-08 14:11:00,1628.83,1628.83,1628.77,1628.77,-0.0,6.27,10215.15,-1
2025-09-08,2025-09-08 14:12:00,1628.77,1628.77,1628.7,1628.7,-0.0,6.27,10215.15,-1
2025-09-08,2025-09-08 14:13:00,1628.7,1628.7,1628.63,1628.63,-0.0,6.27,10215.15,-1
2025-09-08,2025-09-08 14:14:00,1628.63,1628.63,1628.56,1628.56,-0.0,6.27,10215.15,-1
2025-09-08,2025-09-08 14:15:00,1628.56,1628.56,1628.5,1628.5,-0.0,6.27,10215.15,-1
2025-09-08,2025-09-08 14:16:00,1628.5,1628.5,1628.43,1628.43,-0.0,6.27,10215.15,-1
2025-09-08,2025-09-08 14:17:00,1628.43,1628.43,1628.36,1628.36,-0.0,6.27,10215.15,-1
2025-09-08,2025-09-08 14:18:00,1628.36,1628.36,1628.29,1628.29,-0.0,6.27,10215.15,-1
2025-09-08,2025-09-08 14:19:00,1628.29,1628.29,1628.22,1628.22,-0.0,6.27,10215.15,-1
2025-09-08,2025-09-08 14:20:00,1628.22,1628.22,1628.16,1628.16,-0.0,6.27,10215.15,-1
2025-09-08,2025-09-08 14:21:00,1628.16,1628.16,1628.09,1628.09,-0.0,6.27,10215.15,-1
2025-09-08,2025-09-08 14:22:00,1628.09,1628.09,1628.02,1628.02,-0.0,6.27,10215.15,-1
2025-09-08,2025-09-08 14:23:00,1628.02,1628.02,1627.95,1627.95,-0.0,6.27,10215.15,-1
2025-09-08,2025-09-08 14:24:00,1627.95,1627.95,1627.89,1627.89,-0.0,6.27,10215.15,-1
2025-09-08,2025-09-08 14:25:00,1627.89,1627.89,1627.82,1627.82,-0.0,6.27,10215.15,-1
2025-09-08,2025-09-08 14:26:00,1627.82,1627.82,1627.75,1627.75,-0.0,6.27,10215.15,-1
2025-09-08,2025-09-08 14:27:00,1627.75,1627.75,1627.68,1627.68,-0.0,6.27,10215.15,-1
2025-09-08,2025-09-08 14:28:00,1627.68,1627.68,1627.62,1627.62,-0.0,6.27,10215.15,-1
2025-09-08,2025-09-08 14:29:00,1627.62,1627.62,1627.55,1627.55,-0.0,6.27,10215.15,-1
2025-09-08,2025-09-08 14:30:00,1627.55,1627.55,1627.48,1627.48,-0.0,6.27,10215.15,-1
2025-09-08,2025-09-08 14:31:00,1627.48,1627.48,1627.41,1627.41,-0.0,6.27,10215.15,-1
2025-09-08,2025-09-08 14:32:00,1627.41,1627.41,1627.35,1627.35,-0.0,6.27,10215.15,-1
2025-09-08,2025-09-08 14:33:00,1627.35,1627.35,1627.28,1627.28,-0.0,6.27,10215.15,-1
2025-09-08,2025-09-08 14:34:00,1627.28,1627.28,1627.21,1627.21,-0.0,6.27,10215.15,-1
2025-09-08,2025-09-08 14:35:00,1627.21,1627.21,1627.14,1627.14,-0.0,6.27,10215.15,-1
2025-09-08,2025-09-08 14:36:00,1627.14,1627.14,1627.08,1627.08,-0.0,6.27,10215.15,-1
2025-09-08,2025-09-08 14:37:00,1627.08,1627.08,1627.01,1627.01,-0.0,6.27,10215.15,-1
2025-09-08,2025-09-08 14:38:00,1627.01,1627.01,1626.94,1626.94,-0.0,6.27,10215.15,-1
2025-09-08,2025-09-08 14:39:00,1626.94,1626.94,1626.87,1626.87,-0.0,6.27,10215.15,-1
2025-09-08,2025-09-08 14:40:00,1626.87,1626.87,1626.8,1626.8,-0.0,6.27,10215.15,-1
2025-09-08,2025-09-08 14:41:00,1626.8,1626.8,1626.74,1626.74,-0.0,6.27,10215.15,-1
2025-09-08,2025-09-08 14:42:00,1626.74,1626.74,1626.67,1626.67,-0.0,6.27,10215.15,-1
2025-09-08,2025-09-08 14:43:00,1626.67,1626.67,1626.6,1626.6,-0.0,6.27,10215.15,-1
2025-09-08,2025-09-08 14:44:00,1626.6,1626.6,1626.53,1626.53,-0.0,6.27,10215.15,-1
2025-09-08,2025-09-08 14:45:00,1626.53,1626.53,1626.47,1626.47,-0.0,6.27,10215.15,-1
2025-09-08,2025-09-08 14:46:00,1626.47,1626.47,1626.4,1626.4,-0.0,6.27,10215.15,-1
2025-09-08,2025-09-08 14:47:00,1626.4,1626.4,1626.33,1626.33,-0.0,6.27,10215.15,-1
2025-09-08,2025-09-08 14:48:00,1626.33,1626.33,1626.26,1626.26,-0.0,6.27,10215.15,-1
2025-09-08,2025-09-08 14:49:00,1626.26,1626.26,1626.2,1626.2,-0.0,6.27,10215.15,-1
2025-09-08,2025-09-08 14:50:00,1626.2,1626.2,1626.13,1626.13,-0.0,6.27,10215.15,-1
2025-09-08,2025-09-08 14:51:00,1626.13,1626.13,1626.06,1626.06,-0.0,6.27,10215.15,-1
2025-09-08,2025-09-08 14:52:00,1626.06,1626.06,1625.99,1625.99,-0.0,6.27,10215.15,-1
2025-09-08,2025-09-08 14:53:00,1625.99,1625.99,1625.93,1625.93,-0.0,6.27,10215.15,-1
2025-09-08,2025-09-08 14:54:00,1625.93,1625.93,1625.86,1625.86,-0.0,6.27,10215.15,-1
2025-09-08,2025-09-08 14:55:00,1625.86,1625.86,1625.79,1625.79,-0.0,6.27,10215.15,-1
2025-09-08,2025-09-08 14:56:00,1625.79,1625.79,1625.72,1625.72,-0.0,6.27,10215.15,-1
2025-09-08,2025-09-08 14:57:00,1625.72,1625.72,1625.66,1625.66,-0.0,6.27,10215.15,-1
2025-09-08,2025-09-08 14:58:00,1625.66,1625.66,1625.59,1625.59,-0.0,6.27,10215.15,-1
2025-09-08,2025-09-08 14:59:00,1625.59,1625.59,1625.52,1625.52,-0.0,6.27,10215.15,-1
2025-09-08,2025-09-08 15:00:00,1625.52,1663.0,1609.0,1625.52,0.0,6.27,10215.15,0
2025-09-18,2025-09-18 11:00:00,1596.3,1596.3,1570.41,1596.04,-0.02,1.7,2614.44,-1
2025-09-18,2025-09-18 11:01:00,1596.04,1596.04,1595.79,1595.79,-0.02,1.7,2614.44,-1
2025-09-18,2025-09-18 11:02:00,1595.79,1595.79,1595.53,1595.53,-0.02,1.7,2614.44,-1
2025-09-18,2025-09-18 11:03:00,1595.53,1595.53,1595.28,1595.28,-0.02,1.7,2614.44,-1
2025-09-18,2025-09-18 11:04:00,1595.28,1595.28,1595.02,1595.02,-0.02,1.7,2614.44,-1
2025-09-18,2025-09-18 11:05:00,1595.02,1595.02,1594.77,1594.77,-0.02,1.7,2614.44,-1
2025-09-18,2025-09-18 11:06:00,1594.77,1594.77,1594.51,1594.51,-0.02,1.7,2614.44,-1
2025-09-18,2025-09-18 11:07:00,1594.51,1594.51,1594.26,1594.26,-0.02,1.7,2614.44,-1
2025-09-18,2025-09-18 11:08:00,1594.26,1594.26,1594.0,1594.0,-0.02,1.7,2614.44,-1
2025-09-18,2025-09-18 11:09:00,1594.0,1594.0,1593.75,1593.75,-0.02,1.7,2614.44,-1
2025-09-18,2025-09-18 11:10:00,1593.75,1593.75,1593.49,1593.49,-0.02,1.7,2614.44,-1
2025-09-18,2025-09-18 11:11:00,1593.49,1593.49,1593.23,1593.23,-0.02,1.7,2614.44,-1
2025-09-18,2025-09-18 11:12:00,1593.23,1593.23,1592.98,1592.98,-0.02,1.7,2614.44,-1
2025-09-18,2025-09-18 11:13:00,1592.98,1592.98,1592.72,1592.72,-0.02,1.7,2614.44,-1
2025-09-18,2025-09-18 11:14:00,1592.72,1592.72,1592.47,1592.47,-0.02,1.7,2614.44,-1
2025-09-18,2025-09-18 11:15:00,1592.47,1592.47,1592.21,1592.21,-0.02,1.7,2614.44,-1
2025-09-18,2025-09-18 11:16:00,1592.21,1592.21,1591.96,1591.96,-0.02,1.7,2614.44,-1
2025-09-18,2025-09-18 11:17:00,1591.96,1591.96,1591.7,1591.7,-0.02,1.7,2614.44,-1
2025-09-18,2025-09-18 11:18:00,1591.7,1591.7,1591.45,1591.45,-0.02,1.7,2614.44,-1
2025-09-18,2025-09-18 11:19:00,1591.45,1591.45,1591.19,1591.19,-0.02,1.7,2614.44,-1
2025-09-18,2025-09-18 11:20:00,1591.19,1591.19,1590.94,1590.94,-0.02,1.7,2614.44,-1
2025-09-18,2025-09-18 11:21:00,1590.94,1590.94,1590.68,1590.68,-0.02,1.7,2614.44,-1
2025-09-18,2025-09-18 11:22:00,1590.68,1590.68,1590.43,1590.43,-0.02,1.7,2614.44,-1
2025-09-18,2025-09-18 11:23:00,1590.43,1590.43,1590.17,1590.17,-0.02,1.7,2614.44,-1
2025-09-18,2025-09-18 11:24:00,1590.17,1590.17,1589.91,1589.91,-0.02,1.7,2614.44,-1
2025-09-18,2025-09-18 11:25:00,1589.91,1589.91,1589.66,1589.66,-0.02,1.7,2614.44,-1
2025-09-18,2025-09-18 11:26:00,1589.66,1589.66,1589.4,1589.4,-0.02,1.7,2614.44,-1
2025-09-18,2025-09-18 11:27:00,1589.4,1589.4,1589.15,1589.15,-0.02,1.7,2614.44,-1
2025-09-18,2025-09-18 11:28:00,1589.15,1589.15,1588.89,1588.89,-0.02,1.7,2614.44,-1
2025-09-18,2025-09-18 11:29:00,1588.89,1588.89,1588.64,1588.64,-0.02,1.7,2614.44,-1
2025-09-18,2025-09-18 11:30:00,1588.64,1588.64,1588.38,1588.38,-0.02,1.7,2614.44,-1
2025-09-18,2025-09-18 11:31:00,1588.38,1588.38,1588.13,1588.13,-0.02,1.7,2614.44,-1
2025-09-18,2025-09-18 11:32:00,1588.13,1588.13,1587.87,1587.87,-0.02,1.7,2614.44,-1
2025-09-18,2025-09-18 11:33:00,1587.87,1587.87,1587.62,1587.62,-0.02,1.7,2614.44,-1
2025-09-18,2025-09-18 11:34:00,1587.62,1587.62,1587.36,1587.36,-0.02,1.7,2614.44,-1
2025-09-18,2025-09-18 11:35:00,1587.36,1587.36,1587.11,1587.11,-0.02,1.7,2614.44,-1
2025-09-18,2025-09-18 11:36:00,1587.11,1587.11,1586.85,1586.85,-0.02,1.7,2614.44,-1
2025-09-18,2025-09-18 11:37:00,1586.85,1586.85,1586.59,1586.59,-0.02,1.7,2614.44,-1
2025-09-18,2025-09-18 11:38:00,1586.59,1586.59,1586.34,1586.34,-0.02,1.7,2614.44,-1
2025-09-18,2025-09-18 11:39:00,1586.34,1586.34,1586.08,1586.08,-0.02,1.7,2614.44,-1
2025-09-18,2025-09-18 11:40:00,1586.08,1586.08,1585.83,1585.83,-0.02,1.7,2614.44,-1
2025-09-18,2025-09-18 11:41:00,1585.83,1585.83,1585.57,1585.57,-0.02,1.7,2614.44,-1
2025-09-18,2025-09-18 11:42:00,1585.57,1585.57,1585.32,1585.32,-0.02,1.7,2614.44,-1
2025-09-18,2025-09-18 11:43:00,1585.32,1585.32,1585.06,1585.06,-0.02,1.7,2614.44,-1
2025-09-18,2025-09-18 11:44:00,1585.06,1585.06,1584.81,1584.81,-0.02,1.7,2614.44,-1
2025-09-18,2025-09-18 11:45:00,1584.81,1584.81,1584.55,1584.55,-0.02,1.7,2614.44,-1
2025-09-18,2025-09-18 11:46:00,1584.55,1584.55,1584.3,1584.3,-0.02,1.7,2614.44,-1
2025-09-18,2025-09-18 11:47:00,1584.3,1584.3,1584.04,1584.04,-0.02,1.7,2614.44,-1
2025-09-18,2025-09-18 11:48:00,1584.04,1584.04,1583.78,1583.78,-0.02,1.7,2614.44,-1
2025-09-18,2025-09-18 11:49:00,1583.78,1583.78,1583.53,1583.53,-0.02,1.7,2614.44,-1
2025-09-18,2025-09-18 11:50:00,1583.53,1583.53,1583.27,1583.27,-0.02,1.7,2614.44,-1
2025-09-18,2025-09-18 11:51:00,1583.27,1583.27,1583.02,1583.02,-0.02,1.7,2614.44,-1
2025-09-18,2025-09-18 11:52:00,1583.02,1583.02,1582.76,1582.76,-0.02,1.7,2614.44,-1
2025-09-18,2025-09-18 11:53:00,1582.76,1582.76,1582.51,1582.51,-0.02,1.7,2614.44,-1
2025-09-18,2025-09-18 11:54:00,1582.51,1582.51,1582.25,1582.25,-0.02,1.7,2614.44,-1
2025-09-18,2025-09-18 11:55:00,1582.25,1582.25,1582.0,1582.0,-0.02,1.7,2614.44,-1
2025-09-18,2025-09-18 11:56:00,1582.0,1582.0,1581.74,1581.74,-0.02,1.7,2614.44,-1
2025-09-18,2025-09-18 11:57:00,1581.74,1581.74,1581.49,1581.49,-0.02,1.7,2614.44,-1
2025-09-18,2025-09-18 11:58:00,1581.49,1581.49,1581.23,1581.23,-0.02,1.7,2614.44,-1
2025-09-18,2025-09-18 11:59:00,1581.23,1581.23,1580.97,1580.97,-0.02,1.7,2614.44,-1
2025-09-18,2025-09-18 12:00:00,1580.97,1580.97,1580.72,1580.72,-0.02,1.7,2614.44,-1
2025-09-18,2025-09-18 12:01:00,1580.72,1580.72,1580.46,1580.46,-0.02,1.7,2614.44,-1
2025-09-18,2025-09-18 12:02:00,1580.46,1580.46,1580.21,1580.21,-0.02,1.7,2614.44,-1
2025-09-18,2025-09-18 12:03:00,1580.21,1580.21,1579.95,1579.95,-0.02,1.7,2614.44,-1
2025-09-18,2025-09-18 12:04:00,1579.95,1579.95,1579.7,1579.7,-0.02,1.7,2614.44,-1
2025-09-18,2025-09-18 12:05:00,1579.7,1579.7,1579.44,1579.44,-0.02,1.7,2614.44,-1
2025-09-18,2025-09-18 12:06:00,1579.44,1579.44,1579.19,1579.19,-0.02,1.7,2614.44,-1
2025-09-18,2025-09-18 12:07:00,1579.19,1579.19,1578.93,1578.93,-0.02,1.7,2614.44,-1
2025-09-18,2025-09-18 12:08:00,1578.93,1578.93,1578.68,1578.68,-0.02,1.7,2614.44,-1
2025-09-18,2025-09-18 12:09:00,1578.68,1578.68,1578.42,1578.42,-0.02,1.7,2614.44,-1
2025-09-18,2025-09-18 12:10:00,1578.42,1578.42,1578.17,1578.17,-0.02,1.7,2614.44,-1
2025-09-18,2025-09-18 12:11:00,1578.17,1578.17,1577.91,1577.91,-0.02,1.7,2614.44,-1
2025-09-18,2025-09-18 12:12:00,1577.91,1577.91,1577.65,1577.65,-0.02,1.7,2614.44,-1
2025-09-18,2025-09-18 12:13:00,1577.65,1577.65,1577.4,1577.4,-0.02,1.7,2614.44,-1
2025-09-18,2025-09-18 12:14:00,1577.4,1577.4,1577.14,1577.14,-0.02,1.7,2614.44,-1
2025-09-18,2025-09-18 12:15:00,1577.14,1577.14,1576.89,1576.89,-0.02,1.7,2614.44,-1
2025-09-18,2025-09-18 12:16:00,1576.89,1576.89,1576.63,1576.63,-0.02,1.7,2614.44,-1
2025-09-18,2025-09-18 12:17:00,1576.63,1576.63,1576.38,1576.38,-0.02,1.7,2614.44,-1
2025-09-18,2025-09-18 12:18:00,1576.38,1576.38,1576.12,1576.12,-0.02,1.7,2614.44,-1
2025-09-18,2025-09-18 12:19:00,1576.12,1576.12,1575.87,1575.87,-0.02,1.7,2614.44,-1
2025-09-18,2025-09-18 12:20:00,1575.87,1575.87,1575.61,1575.61,-0.02,1.7,2614.44,-1
2025-09-18,2025-09-18 12:21:00,1575.61,1575.61,1575.36,1575.36,-0.02,1.7,2614.44,-1
2025-09-18,2025-09-18 12:22:00,1575.36,1575.36,1575.1,1575.1,-0.02,1.7,2614.44,-1
2025-09-18,2025-09-18 12:23:00,1575.1,1575.1,1574.85,1574.85,-0.02,1.7,2614.44,-1
2025-09-18,2025-09-18 12:24:00,1574.85,1574.85,1574.59,1574.59,-0.02,1.7,2614.44,-1
2025-09-18,2025-09-18 12:25:00,1574.59,1574.59,1574.33,1574.33,-0.02,1.7,2614.44,-1
2025-09-18,2025-09-18 12:26:00,1574.33,1574.33,1574.08,1574.08,-0.02,1.7,2614.44,-1
2025-09-18,2025-09-18 12:27:00,1574.08,1574.08,1573.82,1573.82,-0.02,1.7,2614.44,-1
2025-09-18,2025-09-18 12:28:00,1573.82,1573.82,1573.57,1573.57,-0.02,1.7,2614.44,-1
2025-09-18,2025-09-18 12:29:00,1573.57,1573.57,1573.31,1573.31,-0.02,1.7,2614.44,-1
2025-09-18,2025-09-18 12:30:00,1573.31,1573.31,1573.06,1573.06,-0.02,1.7,2614.44,-1
2025-09-18,2025-09-18 12:31:00,1573.06,1573.06,1572.8,1572.8,-0.02,1.7,2614.44,-1
2025-09-18,2025-09-18 12:32:00,1572.8,1572.8,1572.55,1572.55,-0.02,1.7,2614.44,-1
2025-09-18,2025-09-18 12:33:00,1572.55,1572.55,1572.29,1572.29,-0.02,1.7,2614.44,-1
2025-09-18,2025-09-18 12:34:00,1572.29,1572.29,1572.04,1572.04,-0.02,1.7,2614.44,-1
2025-09-18,2025-09-18 12:35:00,1572.04,1572.04,1571.78,1571.78,-0.02,1.7,2614.44,-1
2025-09-18,2025-09-18 12:36:00,1571.78,1571.78,1571.52,1571.52,-0.02,1.7,2614.44,-1
2025-09-18,2025-09-18 12:37:00,1571.52,1571.52,1571.27,1571.27,-0.02,1.7,2614.44,-1
2025-09-18,2025-09-18 12:38:00,1571.27,1571.27,1571.01,1571.01,-0.02,1.7,2614.44,-1
2025-09-18,2025-09-18 12:39:00,1571.01,1571.01,1570.76,1570.76,-0.02,1.7,2614.44,-1
2025-09-18,2025-09-18 12:40:00,1570.76,1570.76,1570.5,1570.5,-0.02,1.7,2614.44,-1
2025-09-18,2025-09-18 12:41:00,1570.5,1570.5,1570.25,1570.25,-0.02,1.7,2614.44,-1
2025-09-18,2025-09-18 12:42:00,1570.25,1570.25,1569.99,1569.99,-0.02,1.7,2614.44,-1
2025-09-18,2025-09-18 12:43:00,1569.99,1569.99,1569.74,1569.74,-0.02,1.7,2614.44,-1
2025-09-18,2025-09-18 12:44:00,1569.74,1569.74,1569.48,1569.48,-0.02,1.7,2614.44,-1
2025-09-18,2025-09-18 12:45:00,1569.48,1569.48,1569.23,1569.23,-0.02,1.7,2614.44,-1
2025-09-18,2025-09-18 12:46:00,1569.23,1569.23,1568.97,1568.97,-0.02,1.7,2614.44,-1
2025-09-18,2025-09-18 12:47:00,1568.97,1568.97,1568.71,1568.71,-0.02,1.7,2614.44,-1
2025-09-18,2025-09-18 12:48:00,1568.71,1568.71,1568.46,1568.46,-0.02,1.7,2614.44,-1
2025-09-18,2025-09-18 12:49:00,1568.46,1568.46,1568.2,1568.2,-0.02,1.7,2614.44,-1
2025-09-18,2025-09-18 12:50:00,1568.2,1568.2,1567.95,1567.95,-0.02,1.7,2614.44,-1
2025-09-18,2025-09-18 12:51:00,1567.95,1567.95,1567.69,1567.69,-0.02,1.7,2614.44,-1
2025-09-18,2025-09-18 12:52:00,1567.69,1567.69,1567.44,1567.44,-0.02,1.7,2614.44,-1
2025-09-18,2025-09-18 12:53:00,1567.44,1567.44,1567.18,1567.18,-0.02,1.7,2614.44,-1
2025-09-18,2025-09-18 12:54:00,1567.18,1567.18,1566.93,1566.93,-0.02,1.7,2614.44,-1
2025-09-18,2025-09-18 12:55:00,1566.93,1566.93,1566.67,1566.67,-0.02,1.7,2614.44,-1
2025-09-18,2025-09-18 12:56:00,1566.67,1566.67,1566.42,1566.42,-0.02,1.7,2614.44,-1
2025-09-18,2025-09-18 12:57:00,1566.42,1566.42,1566.16,1566.16,-0.02,1.7,2614.44,-1
2025-09-18,2025-09-18 12:58:00,1566.16,1566.16,1565.91,1565.91,-0.02,1.7,2614.44,-1
2025-09-18,2025-09-18 12:59:00,1565.91,1565.91,1565.65,1565.65,-0.02,1.7,2614.44,-1
2025-09-18,2025-09-18 13:00:00,1565.65,1596.3,1510.0,1565.39,-0.02,1.7,2614.44,-1
2025-09-18,2025-09-18 13:01:00,1565.39,1565.39,1565.14,1565.14,-0.02,1.7,2614.44,-1
2025-09-18,2025-09-18 13:02:00,1565.14,1565.14,1564.88,1564.88,-0.02,1.7,2614.44,-1
2025-09-18,2025-09-18 13:03:00,1564.88,1564.88,1564.63,1564.63,-0.02,1.7,2614.44,-1
2025-09-18,2025-09-18 13:04:00,1564.63,1564.63,1564.37,1564.37,-0.02,1.7,2614.44,-1
2025-09-18,2025-09-18 13:05:00,1564.37,1564.37,1564.12,1564.12,-0.02,1.7,2614.44,-1
2025-09-18,2025-09-18 13:06:00,1564.12,1564.12,1563.86,1563.86,-0.02,1.7,2614.44,-1
2025-09-18,2025-09-18 13:07:00,1563.86,1563.86,1563.61,1563.61,-0.02,1.7,2614.44,-1
2025-09-18,2025-09-18 13:08:00,1563.61,1563.61,1563.35,1563.35,-0.02,1.7,2614.44,-1
2025-09-18,2025-09-18 13:09:00,1563.35,1563.35,1563.1,1563.1,-0.02,1.7,2614.44,-1
2025-09-18,2025-09-18 13:10:00,1563.1,1563.1,1562.84,1562.84,-0.02,1.7,2614.44,-1
2025-09-18,2025-09-18 13:11:00,1562.84,1562.84,1562.59,1562.59,-0.02,1.7,2614.44,-1
2025-09-18,2025-09-18 13:12:00,1562.59,1562.59,1562.33,1562.33,-0.02,1.7,2614.44,-1
2025-09-18,2025-09-18 13:13:00,1562.33,1562.33,1562.07,1562.07,-0.02,1.7,2614.44,-1
2025-09-18,2025-09-18 13:14:00,1562.07,1562.07,1561.82,1561.82,-0.02,1.7,2614.44,-1
2025-09-18,2025-09-18 13:15:00,1561.82,1561.82,1561.56,1561.56,-0.02,1.7,2614.44,-1
2025-09-18,2025-09-18 13:16:00,1561.56,1561.56,1561.31,1561.31,-0.02,1.7,2614.44,-1
2025-09-18,2025-09-18 13:17:00,1561.31,1561.31,1561.05,1561.05,-0.02,1.7,2614.44,-1
2025-09-18,2025-09-18 13:18:00,1561.05,1561.05,1560.8,1560.8,-0.02,1.7,2614.44,-1
2025-09-18,2025-09-18 13:19:00,1560.8,1560.8,1560.54,1560.54,-0.02,1.7,2614.44,-1
2025-09-18,2025-09-18 13:20:00,1560.54,1560.54,1560.29,1560.29,-0.02,1.7,2614.44,-1
2025-09-18,2025-09-18 13:21:00,1560.29,1560.29,1560.03,1560.03,-0.02,1.7,2614.44,-1
2025-09-18,2025-09-18 13:22:00,1560.03,1560.03,1559.78,1559.78,-0.02,1.7,2614.44,-1
2025-09-18,2025-09-18 13:23:00,1559.78,1559.78,1559.52,1559.52,-0.02,1.7,2614.44,-1
2025-09-18,2025-09-18 13:24:00,1559.52,1559.52,1559.26,1559.26,-0.02,1.7,2614.44,-1
2025-09-18,2025-09-18 13:25:00,1559.26,1559.26,1559.01,1559.01,-0.02,1.7,2614.44,-1
2025-09-18,2025-09-18 13:26:00,1559.01,1559.01,1558.75,1558.75,-0.02,1.7,2614.44,-1
2025-09-18,2025-09-18 13:27:00,1558.75,1558.75,1558.5,1558.5,-0.02,1.7,2614.44,-1
2025-09-18,2025-09-18 13:28:00,1558.5,1558.5,1558.24,1558.24,-0.02,1.7,2614.44,-1
2025-09-18,2025-09-18 13:29:00,1558.24,1558.24,1557.99,1557.99,-0.02,1.7,2614.44,-1
2025-09-18,2025-09-18 13:30:00,1557.99,1557.99,1557.73,1557.73,-0.02,1.7,2614.44,-1
2025-09-18,2025-09-18 13:31:00,1557.73,1557.73,1557.48,1557.48,-0.02,1.7,2614.44,-1
2025-09-18,2025-09-18 13:32:00,1557.48,1557.48,1557.22,1557.22,-0.02,1.7,2614.44,-1
2025-09-18,2025-09-18 13:33:00,1557.22,1557.22,1556.97,1556.97,-0.02,1.7,2614.44,-1
2025-09-18,2025-09-18 13:34:00,1556.97,1556.97,1556.71,1556.71,-0.02,1.7,2614.44,-1
2025-09-18,2025-09-18 13:35:00,1556.71,1556.71,1556.45,1556.45,-0.02,1.7,2614.44,-1
2025-09-18,2025-09-18 13:36:00,1556.45,1556.45,1556.2,1556.2,-0.02,1.7,2614.44,-1
2025-09-18,2025-09-18 13:37:00,1556.2,1556.2,1555.94,1555.94,-0.02,1.7,2614.44,-1
2025-09-18,2025-09-18 13:38:00,1555.94,1555.94,1555.69,1555.69,-0.02,1.7,2614.44,-1
2025-09-18,2025-09-18 13:39:00,1555.69,1555.69,1555.43,1555.43,-0.02,1.7,2614.44,-1
2025-09-18,2025-09-18 13:40:00,1555.43,1555.43,1555.18,1555.18,-0.02,1.7,2614.44,-1
2025-09-18,2025-09-18 13:41:00,1555.18,1555.18,1554.92,1554.92,-0.02,1.7,2614.44,-1
2025-09-18,2025-09-18 13:42:00,1554.92,1554.92,1554.67,1554.67,-0.02,1.7,2614.44,-1
2025-09-18,2025-09-18 13:43:00,1554.67,1554.67,1554.41,1554.41,-0.02,1.7,2614.44,-1
2025-09-18,2025-09-18 13:44:00,1554.41,1554.41,1554.16,1554.16,-0.02,1.7,2614.44,-1
2025-09-18,2025-09-18 13:45:00,1554.16,1554.16,1553.9,1553.9,-0.02,1.7,2614.44,-1
2025-09-18,2025-09-18 13:46:00,1553.9,1553.9,1553.65,1553.65,-0.02,1.7,2614.44,-1
2025-09-18,2025-09-18 13:47:00,1553.65,1553.65,1553.39,1553.39,-0.02,1.7,2614.44,-1
2025-09-18,2025-09-18 13:48:00,1553.39,1553.39,1553.13,1553.13,-0.02,1.7,2614.44,-1
2025-09-18,2025-09-18 13:49:00,1553.13,1553.13,1552.88,1552.88,-0.02,1.7,2614.44,-1
2025-09-18,2025-09-18 13:50:00,1552.88,1552.88,1552.62,1552.62,-0.02,1.7,2614.44,-1
2025-09-18,2025-09-18 13:51:00,1552.62,1552.62,1552.37,1552.37,-0.02,1.7,2614.44,-1
2025-09-18,2025-09-18 13:52:00,1552.37,1552.37,1552.11,1552.11,-0.02,1.7,2614.44,-1
2025-09-18,2025-09-18 13:53:00,1552.11,1552.11,1551.86,1551.86,-0.02,1.7,2614.44,-1
2025-09-18,2025-09-18 13:54:00,1551.86,1551.86,1551.6,1551.6,-0.02,1.7,2614.44,-1
2025-09-18,2025-09-18 13:55:00,1551.6,1551.6,1551.35,1551.35,-0.02,1.7,2614.44,-1
2025-09-18,2025-09-18 13:56:00,1551.35,1551.35,1551.09,1551.09,-0.02,1.7,2614.44,-1
2025-09-18,2025-09-18 13:57:00,1551.09,1551.09,1550.84,1550.84,-0.02,1.7,2614.44,-1
2025-09-18,2025-09-18 13:58:00,1550.84,1550.84,1550.58,1550.58,-0.02,1.7,2614.44,-1
2025-09-18,2025-09-18 13:59:00,1550.58,1550.58,1550.33,1550.33,-0.02,1.7,2614.44,-1
2025-09-18,2025-09-18 14:00:00,1550.33,1550.33,1550.07,1550.07,-0.02,1.7,2614.44,-1
2025-09-18,2025-09-18 14:01:00,1550.07,1550.07,1549.81,1549.81,-0.02,1.7,2614.44,-1
2025-09-18,2025-09-18 14:02:00,1549.81,1549.81,1549.56,1549.56,-0.02,1.7,2614.44,-1
2025-09-18,2025-09-18 14:03:00,1549.56,1549.56,1549.3,1549.3,-0.02,1.7,2614.44,-1
2025-09-18,2025-09-18 14:04:00,1549.3,1549.3,1549.05,1549.05,-0.02,1.7,2614.44,-1
2025-09-18,2025-09-18 14:05:00,1549.05,1549.05,1548.79,1548.79,-0.02,1.7,2614.44,-1
2025-09-18,2025-09-18 14:06:00,1548.79,1548.79,1548.54,1548.54,-0.02,1.7,2614.44,-1
2025-09-18,2025-09-18 14:07:00,1548.54,1548.54,1548.28,1548.28,-0.02,1.7,2614.44,-1
2025-09-18,2025-09-18 14:08:00,1548.28,1548.28,1548.03,1548.03,-0.02,1.7,2614.44,-1
2025-09-18,2025-09-18 14:09:00,1548.03,1548.03,1547.77,1547.77,-0.02,1.7,2614.44,-1
2025-09-18,2025-09-18 14:10:00,1547.77,1547.77,1547.52,1547.52,-0.02,1.7,2614.44,-1
2025-09-18,2025-09-18 14:11:00,1547.52,1547.52,1547.26,1547.26,-0.02,1.7,2614.44,-1
2025-09-18,2025-09-18 14:12:00,1547.26,1547.26,1547.0,1547.0,-0.02,1.7,2614.44,-1
2025-09-18,2025-09-18 14:13:00,1547.0,1547.0,1546.75,1546.75,-0.02,1.7,2614.44,-1
2025-09-18,2025-09-18 14:14:00,1546.75,1546.75,1546.49,1546.49,-0.02,1.7,2614.44,-1
2025-09-18,2025-09-18 14:15:00,1546.49,1546.49,1546.24,1546.24,-0.02,1.7,2614.44,-1
2025-09-18,2025-09-18 14:16:00,1546.24,1546.24,1545.98,1545.98,-0.02,1.7,2614.44,-1
2025-09-18,2025-09-18 14:17:00,1545.98,1545.98,1545.73,1545.73,-0.02,1.7,2614.44,-1
2025-09-18,2025-09-18 14:18:00,1545.73,1545.73,1545.47,1545.47,-0.02,1.7,2614.44,-1
2025-09-18,2025-09-18 14:19:00,1545.47,1545.47,1545.22,1545.22,-0.02,1.7,2614.44,-1
2025-09-18,2025-09-18 14:20:00,1545.22,1545.22,1544.96,1544.96,-0.02,1.7,2614.44,-1
2025-09-18,2025-09-18 14:21:00,1544.96,1544.96,1544.71,1544.71,-0.02,1.7,2614.44,-1
2025-09-18,2025-09-18 14:22:00,1544.71,1544.71,1544.45,1544.45,-0.02,1.7,2614.44,-1
2025-09-18,2025-09-18 14:23:00,1544.45,1544.45,1544.19,1544.19,-0.02,1.7,2614.44,-1
2025-09-18,2025-09-18 14:24:00,1544.19,1544.19,1543.94,1543.94,-0.02,1.7,2614.44,-1
2025-09-18,2025-09-18 14:25:00,1543.94,1543.94,1543.68,1543.68,-0.02,1.7,2614.44,-1
2025-09-18,2025-09-18 14:26:00,1543.68,1543.68,1543.43,1543.43,-0.02,1.7,2614.44,-1
2025-09-18,2025-09-18 14:27:00,1543.43,1543.43,1543.17,1543.17,-0.02,1.7,2614.44,-1
2025-09-18,2025-09-18 14:28:00,1543.17,1543.17,1542.92,1542.92,-0.02,1.7,2614.44,-1
2025-09-18,2025-09-18 14:29:00,1542.92,1542.92,1542.66,1542.66,-0.02,1.7,2614.44,-1
2025-09-18,2025-09-18 14:30:00,1542.66,1542.66,1542.41,1542.41,-0.02,1.7,2614.44,-1
2025-09-18,2025-09-18 14:31:00,1542.41,1542.41,1542.15,1542.15,-0.02,1.7,2614.44,-1
2025-09-18,2025-09-18 14:32:00,1542.15,1542.15,1541.9,1541.9,-0.02,1.7,2614.44,-1
2025-09-18,2025-09-18 14:33:00,1541.9,1541.9,1541.64,1541.64,-0.02,1.7,2614.44,-1
2025-09-18,2025-09-18 14:34:00,1541.64,1541.64,1541.39,1541.39,-0.02,1.7,2614.44,-1
2025-09-18,2025-09-18 14:35:00,1541.39,1541.39,1541.13,1541.13,-0.02,1.7,2614.44,-1
2025-09-18,2025-09-18 14:36:00,1541.13,1541.13,1540.87,1540.87,-0.02,1.7,2614.44,-1
2025-09-18,2025-09-18 14:37:00,1540.87,1540.87,1540.62,1540.62,-0.02,1.7,2614.44,-1
2025-09-18,2025-09-18 14:38:00,1540.62,1540.62,1540.36,1540.36,-0.02,1.7,2614.44,-1
2025-09-18,2025-09-18 14:39:00,1540.36,1540.36,1540.11,1540.11,-0.02,1.7,2614.44,-1
2025-09-18,2025-09-18 14:40:00,1540.11,1540.11,1539.85,1539.85,-0.02,1.7,2614.44,-1
2025-09-18,2025-09-18 14:41:00,1539.85,1539.85,1539.6,1539.6,-0.02,1.7,2614.44,-1
2025-09-18,2025-09-18 14:42:00,1539.6,1539.6,1539.34,1539.34,-0.02,1.7,2614.44,-1
2025-09-18,2025-09-18 14:43:00,1539.34,1539.34,1539.09,1539.09,-0.02,1.7,2614.44,-1
2025-09-18,2025-09-18 14:44:00,1539.09,1539.09,1538.83,1538.83,-0.02,1.7,2614.44,-1
2025-09-18,2025-09-18 14:45:00,1538.83,1538.83,1538.58,1538.58,-0.02,1.7,2614.44,-1
2025-09-18,2025-09-18 14:46:00,1538.58,1538.58,1538.32,1538.32,-0.02,1.7,2614.44,-1
2025-09-18,2025-09-18 14:47:00,1538.32,1538.32,1538.07,1538.07,-0.02,1.7,2614.44,-1
2025-09-18,2025-09-18 14:48:00,1538.07,1538.07,1537.81,1537.81,-0.02,1.7,2614.44,-1
2025-09-18,2025-09-18 14:49:00,1537.81,1537.81,1537.55,1537.55,-0.02,1.7,2614.44,-1
2025-09-18,2025-09-18 14:50:00,1537.55,1537.55,1537.3,1537.3,-0.02,1.7,2614.44,-1
2025-09-18,2025-09-18 14:51:00,1537.3,1537.3,1537.04,1537.04,-0.02,1.7,2614.44,-1
2025-09-18,2025-09-18 14:52:00,1537.04,1537.04,1536.79,1536.79,-0.02,1.7,2614.44,-1
2025-09-18,2025-09-18 14:53:00,1536.79,1536.79,1536.53,1536.53,-0.02,1.7,2614.44,-1
2025-09-18,2025-09-18 14:54:00,1536.53,1536.53,1536.28,1536.28,-0.02,1.7,2614.44,-1
2025-09-18,2025-09-18 14:55:00,1536.28,1536.28,1536.02,1536.02,-0.02,1.7,2614.44,-1
2025-09-18,2025-09-18 14:56:00,1536.02,1536.02,1535.77,1535.77,-0.02,1.7,2614.44,-1
2025-09-18,2025-09-18 14:57:00,1535.77,1535.77,1535.51,1535.51,-0.02,1.7,2614.44,-1
2025-09-18,2025-09-18 14:58:00,1535.51,1535.51,1535.26,1535.26,-0.02,1.7,2614.44,-1
2025-09-18,2025-09-18 14:59:00,1535.26,1535.26,1535.0,1535.0,-0.02,1.7,2614.44,-1
2025-09-18,2025-09-18 15:00:00,1535.0,1596.3,1510.0,1535.0,0.0,1.7,2614.44,0
2025-09-21,2025-09-21 11:00:00,1532.0,1558.4,1522.4,1532.21,0.01,16.46,25644.79,1
2025-09-21,2025-09-21 11:01:00,1532.21,1532.41,1532.21,1532.41,0.01,16.46,25644.79,1
2025-09-21,2025-09-21 11:02:00,1532.41,1532.62,1532.41,1532.62,0.01,16.46,25644.79,1
2025-09-21,2025-09-21 11:03:00,1532.62,1532.83,1532.62,1532.83,0.01,16.46,25644.79,1
2025-09-21,2025-09-21 11:04:00,1532.83,1533.03,1532.83,1533.03,0.01,16.46,25644.79,1
2025-09-21,2025-09-21 11:05:00,1533.03,1533.24,1533.03,1533.24,0.01,16.46,25644.79,1
2025-09-21,2025-09-21 11:06:00,1533.24,1533.45,1533.24,1533.45,0.01,16.46,25644.79,1
2025-09-21,2025-09-21 11:07:00,1533.45,1533.65,1533.45,1533.65,0.01,16.46,25644.79,1
2025-09-21,2025-09-21 11:08:00,1533.65,1533.86,1533.65,1533.86,0.01,16.46,25644.79,1
2025-09-21,2025-09-21 11:09:00,1533.86,1534.07,1533.86,1534.07,0.01,16.46,25644.79,1
2025-09-21,2025-09-21 11:10:00,1534.07,1534.27,1534.07,1534.27,0.01,16.46,25644.79,1
2025-09-21,2025-09-21 11:11:00,1534.27,1534.48,1534.27,1534.48,0.01,16.46,25644.79,1
2025-09-21,2025-09-21 11:12:00,1534.48,1534.69,1534.48,1534.69,0.01,16.46,25644.79,1
2025-09-21,2025-09-21 11:13:00,1534.69,1534.89,1534.69,1534.89,0.01,16.46,25644.79,1
2025-09-21,2025-09-21 11:14:00,1534.89,1535.1,1534.89,1535.1,0.01,16.46,25644.79,1
2025-09-21,2025-09-21 11:15:00,1535.1,1535.31,1535.1,1535.31,0.01,16.46,25644.79,1
2025-09-21,2025-09-21 11:16:00,1535.31,1535.51,1535.31,1535.51,0.01,16.46,25644.79,1
2025-09-21,2025-09-21 11:17:00,1535.51,1535.72,1535.51,1535.72,0.01,16.46,25644.79,1
2025-09-21,2025-09-21 11:18:00,1535.72,1535.93,1535.72,1535.93,0.01,16.46,25644.79,1
2025-09-21,2025-09-21 11:19:00,1535.93,1536.13,1535.93,1536.13,0.01,16.46,25644.79,1
2025-09-21,2025-09-21 11:20:00,1536.13,1536.34,1536.13,1536.34,0.01,16.46,25644.79,1
2025-09-21,2025-09-21 11:21:00,1536.34,1536.54,1536.34,1536.54,0.01,16.46,25644.79,1
2025-09-21,2025-09-21 11:22:00,1536.54,1536.75,1536.54,1536.75,0.01,16.46,25644.79,1
2025-09-21,2025-09-21 11:23:00,1536.75,1536.96,1536.75,1536.96,0.01,16.46,25644.79,1
2025-09-21,2025-09-21 11:24:00,1536.96,1537.16,1536.96,1537.16,0.01,16.46,25644.79,1
2025-09-21,2025-09-21 11:25:00,1537.16,1537.37,1537.16,1537.37,0.01,16.46,25644.79,1
2025-09-21,2025-09-21 11:26:00,1537.37,1537.58,1537.37,1537.58,0.01,16.46,25644.79,1
2025-09-21,2025-09-21 11:27:00,1537.58,1537.78,1537.58,1537.78,0.01,16.46,25644.79,1
2025-09-21,2025-09-21 11:28:00,1537.78,1537.99,1537.78,1537.99,0.01,16.46,25644.79,1
2025-09-21,2025-09-21 11:29:00,1537.99,1538.2,1537.99,1538.2,0.01,16.46,25644.79,1
2025-09-21,2025-09-21 11:30:00,1538.2,1538.4,1538.2,1538.4,0.01,16.46,25644.79,1
2025-09-21,2025-09-21 11:31:00,1538.4,1538.61,1538.4,1538.61,0.01,16.46,25644.79,1
2025-09-21,2025-09-21 11:32:00,1538.61,1538.82,1538.61,1538.82,0.01,16.46,25644.79,1
2025-09-21,2025-09-21 11:33:00,1538.82,1539.02,1538.82,1539.02,0.01,16.46,25644.79,1
2025-09-21,2025-09-21 11:34:00,1539.02,1539.23,1539.02,1539.23,0.01,16.46,25644.79,1
2025-09-21,2025-09-21 11:35:00,1539.23,1539.44,1539.23,1539.44,0.01,16.46,25644.79,1
2025-09-21,2025-09-21 11:36:00,1539.44,1539.64,1539.44,1539.64,0.01,16.46,25644.79,1
2025-09-21,2025-09-21 11:37:00,1539.64,1539.85,1539.64,1539.85,0.01,16.46,25644.79,1
2025-09-21,2025-09-21 11:38:00,1539.85,1540.06,1539.85,1540.06,0.01,16.46,25644.79,1
2025-09-21,2025-09-21 11:39:00,1540.06,1540.26,1540.06,1540.26,0.01,16.46,25644.79,1
2025-09-21,2025-09-21 11:40:00,1540.26,1540.47,1540.26,1540.47,0.01,16.46,25644.79,1
2025-09-21,2025-09-21 11:41:00,1540.47,1540.68,1540.47,1540.68,0.01,16.46,25644.79,1
2025-09-21,2025-09-21 11:42:00,1540.68,1540.88,1540.68,1540.88,0.01,16.46,25644.79,1
2025-09-21,2025-09-21 11:43:00,1540.88,1541.09,1540.88,1541.09,0.01,16.46,25644.79,1
2025-09-21,2025-09-21 11:44:00,1541.09,1541.3,1541.09,1541.3,0.01,16.46,25644.79,1
2025-09-21,2025-09-21 11:45:00,1541.3,1541.5,1541.3,1541.5,0.01,16.46,25644.79,1
2025-09-21,2025-09-21 11:46:00,1541.5,1541.71,1541.5,1541.71,0.01,16.46,25644.79,1
2025-09-21,2025-09-21 11:47:00,1541.71,1541.92,1541.71,1541.92,0.01,16.46,25644.79,1
2025-09-21,2025-09-21 11:48:00,1541.92,1542.12,1541.92,1542.12,0.01,16.46,25644.79,1
2025-09-21,2025-09-21 11:49:00,1542.12,1542.33,1542.12,1542.33,0.01,16.46,25644.79,1
2025-09-21,2025-09-21 11:50:00,1542.33,1542.54,1542.33,1542.54,0.01,16.46,25644.79,1
2025-09-21,2025-09-21 11:51:00,1542.54,1542.74,1542.54,1542.74,0.01,16.46,25644.79,1
2025-09-21,2025-09-21 11:52:00,1542.74,1542.95,1542.74,1542.95,0.01,16.46,25644.79,1
2025-09-21,2025-09-21 11:53:00,1542.95,1543.16,1542.95,1543.16,0.01,16.46,25644.79,1
2025-09-21,2025-09-21 11:54:00,1543.16,1543.36,1543.16,1543.36,0.01,16.46,25644.79,1
2025-09-21,2025-09-21 11:55:00,1543.36,1543.57,1543.36,1543.57,0.01,16.46,25644.79,1
2025-09-21,2025-09-21 11:56:00,1543.57,1543.78,1543.57,1543.78,0.01,16.46,25644.79,1
2025-09-21,2025-09-21 11:57:00,1543.78,1543.98,1543.78,1543.98,0.01,16.46,25644.79,1
2025-09-21,2025-09-21 11:58:00,1543.98,1544.19,1543.98,1544.19,0.01,16.46,25644.79,1
2025-09-21,2025-09-21 11:59:00,1544.19,1544.39,1544.19,1544.39,0.01,16.46,25644.79,1
2025-09-21,2025-09-21 12:00:00,1544.39,1544.6,1544.39,1544.6,0.01,16.46,25644.79,1
2025-09-21,2025-09-21 12:01:00,1544.6,1544.81,1544.6,1544.81,0.01,16.46,25644.79,1
2025-09-21,2025-09-21 12:02:00,1544.81,1545.01,1544.81,1545.01,0.01,16.46,25644.79,1
2025-09-21,2025-09-21 12:03:00,1545.01,1545.22,1545.01,1545.22,0.01,16.46,25644.79,1
2025-09-21,2025-09-21 12:04:00,1545.22,1545.43,1545.22,1545.43,0.01,16.46,25644.79,1
2025-09-21,2025-09-21 12:05:00,1545.43,1545.63,1545.43,1545.63,0.01,16.46,25644.79,1
2025-09-21,2025-09-21 12:06:00,1545.63,1545.84,1545.63,1545.84,0.01,16.46,25644.79,1
2025-09-21,2025-09-21 12:07:00,1545.84,1546.05,1545.84,1546.05,0.01,16.46,25644.79,1
2025-09-21,2025-09-21 12:08:00,1546.05,1546.25,1546.05,1546.25,0.01,16.46,25644.79,1
2025-09-21,2025-09-21 12:09:00,1546.25,1546.46,1546.25,1546.46,0.01,16.46,25644.79,1
2025-09-21,2025-09-21 12:10:00,1546.46,1546.67,1546.46,1546.67,0.01,16.46,25644.79,1
2025-09-21,2025-09-21 12:11:00,1546.67,1546.87,1546.67,1546.87,0.01,16.46,25644.79,1
2025-09-21,2025-09-21 12:12:00,1546.87,1547.08,1546.87,1547.08,0.01,16.46,25644.79,1
2025-09-21,2025-09-21 12:13:00,1547.08,1547.29,1547.08,1547.29,0.01,16.46,25644.79,1
2025-09-21,2025-09-21 12:14:00,1547.29,1547.49,1547.29,1547.49,0.01,16.46,25644.79,1
2025-09-21,2025-09-21 12:15:00,1547.49,1547.7,1547.49,1547.7,0.01,16.46,25644.79,1
2025-09-21,2025-09-21 12:16:00,1547.7,1547.91,1547.7,1547.91,0.01,16.46,25644.79,1
2025-09-21,2025-09-21 12:17:00,1547.91,1548.11,1547.91,1548.11,0.01,16.46,25644.79,1
2025-09-21,2025-09-21 12:18:00,1548.11,1548.32,1548.11,1548.32,0.01,16.46,25644.79,1
2025-09-21,2025-09-21 12:19:00,1548.32,1548.53,1548.32,1548.53,0.01,16.46,25644.79,1
2025-09-21,2025-09-21 12:20:00,1548.53,1548.73,1548.53,1548.73,0.01,16.46,25644.79,1
2025-09-21,2025-09-21 12:21:00,1548.73,1548.94,1548.73,1548.94,0.01,16.46,25644.79,1
2025-09-21,2025-09-21 12:22:00,1548.94,1549.15,1548.94,1549.15,0.01,16.46,25644.79,1
2025-09-21,2025-09-21 12:23:00,1549.15,1549.35,1549.15,1549.35,0.01,16.46,25644.79,1
2025-09-21,2025-09-21 12:24:00,1549.35,1549.56,1549.35,1549.56,0.01,16.46,25644.79,1
2025-09-21,2025-09-21 12:25:00,1549.56,1549.77,1549.56,1549.77,0.01,16.46,25644.79,1
2025-09-21,2025-09-21 12:26:00,1549.77,1549.97,1549.77,1549.97,0.01,16.46,25644.79,1
2025-09-21,2025-09-21 12:27:00,1549.97,1550.18,1549.97,1550.18,0.01,16.46,25644.79,1
2025-09-21,2025-09-21 12:28:00,1550.18,1550.39,1550.18,1550.39,0.01,16.46,25644.79,1
2025-09-21,2025-09-21 12:29:00,1550.39,1550.59,1550.39,1550.59,0.01,16.46,25644.79,1
2025-09-21,2025-09-21 12:30:00,1550.59,1550.8,1550.59,1550.8,0.01,16.46,25644.79,1
2025-09-21,2025-09-21 12:31:00,1550.8,1551.01,1550.8,1551.01,0.01,16.46,25644.79,1
2025-09-21,2025-09-21 12:32:00,1551.01,1551.21,1551.01,1551.21,0.01,16.46,25644.79,1
2025-09-21,2025-09-21 12:33:00,1551.21,1551.42,1551.21,1551.42,0.01,16.46,25644.79,1
2025-09-21,2025-09-21 12:34:00,1551.42,1551.63,1551.42,1551.63,0.01,16.46,25644.79,1
2025-09-21,2025-09-21 12:35:00,1551.63,1551.83,1551.63,1551.83,0.01,16.46,25644.79,1
2025-09-21,2025-09-21 12:36:00,1551.83,1552.04,1551.83,1552.04,0.01,16.46,25644.79,1
2025-09-21,2025-09-21 12:37:00,1552.04,1552.25,1552.04,1552.25,0.01,16.46,25644.79,1
2025-09-21,2025-09-21 12:38:00,1552.25,1552.45,1552.25,1552.45,0.01,16.46,25644.79,1
2025-09-21,2025-09-21 12:39:00,1552.45,1552.66,1552.45,1552.66,0.01,16.46,25644.79,1
2025-09-21,2025-09-21 12:40:00,1552.66,1552.86,1552.66,1552.86,0.01,16.46,25644.79,1
2025-09-21,2025-09-21 12:41:00,1552.86,1553.07,1552.86,1553.07,0.01,16.46,25644.79,1
2025-09-21,2025-09-21 12:42:00,1553.07,1553.28,1553.07,1553.28,0.01,16.46,25644.79,1
2025-09-21,2025-09-21 12:43:00,1553.28,1553.48,1553.28,1553.48,0.01,16.46,25644.79,1
2025-09-21,2025-09-21 12:44:00,1553.48,1553.69,1553.48,1553.69,0.01,16.46,25644.79,1
2025-09-21,2025-09-21 12:45:00,1553.69,1553.9,1553.69,1553.9,0.01,16.46,25644.79,1
2025-09-21,2025-09-21 12:46:00,1553.9,1554.1,1553.9,1554.1,0.01,16.46,25644.79,1
2025-09-21,2025-09-21 12:47:00,1554.1,1554.31,1554.1,1554.31,0.01,16.46,25644.79,1
2025-09-21,2025-09-21 12:48:00,1554.31,1554.52,1554.31,1554.52,0.01,16.46,25644.79,1
2025-09-21,2025-09-21 12:49:00,1554.52,1554.72,1554.52,1554.72,0.01,16.46,25644.79,1
2025-09-21,2025-09-21 12:50:00,1554.72,1554.93,1554.72,1554.93,0.01,16.46,25644.79,1
2025-09-21,2025-09-21 12:51:00,1554.93,1555.14,1554.93,1555.14,0.01,16.46,25644.79,1
2025-09-21,2025-09-21 12:52:00,1555.14,1555.34,1555.14,1555.34,0.01,16.46,25644.79,1
2025-09-21,2025-09-21 12:53:00,1555.34,1555.55,1555.34,1555.55,0.01,16.46,25644.79,1
2025-09-21,2025-09-21 12:54:00,1555.55,1555.76,1555.55,1555.76,0.01,16.46,25644.79,1
2025-09-21,2025-09-21 12:55:00,1555.76,1555.96,1555.76,1555.96,0.01,16.46,25644.79,1
2025-09-21,2025-09-21 12:56:00,1555.96,1556.17,1555.96,1556.17,0.01,16.46,25644.79,1
2025-09-21,2025-09-21 12:57:00,1556.17,1556.38,1556.17,1556.38,0.01,16.46,25644.79,1
2025-09-21,2025-09-21 12:58:00,1556.38,1556.58,1556.38,1556.58,0.01,16.46,25644.79,1
2025-09-21,2025-09-21 12:59:00,1556.58,1556.79,1556.58,1556.79,0.01,16.46,25644.79,1
2025-09-21,2025-09-21 13:00:00,1556.79,1620.0,1500.0,1557.0,0.01,16.46,25644.79,1
2025-09-21,2025-09-21 13:01:00,1557.0,1557.2,1557.0,1557.2,0.01,16.46,25644.79,1
2025-09-21,2025-09-21 13:02:00,1557.2,1557.41,1557.2,1557.41,0.01,16.46,25644.79,1
2025-09-21,2025-09-21 13:03:00,1557.41,1557.62,1557.41,1557.62,0.01,16.46,25644.79,1
2025-09-21,2025-09-21 13:04:00,1557.62,1557.82,1557.62,1557.82,0.01,16.46,25644.79,1
2025-09-21,2025-09-21 13:05:00,1557.82,1558.03,1557.82,1558.03,0.01,16.46,25644.79,1
2025-09-21,2025-09-21 13:06:00,1558.03,1558.24,1558.03,1558.24,0.01,16.46,25644.79,1
2025-09-21,2025-09-21 13:07:00,1558.24,1558.44,1558.24,1558.44,0.01,16.46,25644.79,1
2025-09-21,2025-09-21 13:08:00,1558.44,1558.65,1558.44,1558.65,0.01,16.46,25644.79,1
2025-09-21,2025-09-21 13:09:00,1558.65,1558.86,1558.65,1558.86,0.01,16.46,25644.79,1
2025-09-21,2025-09-21 13:10:00,1558.86,1559.06,1558.86,1559.06,0.01,16.46,25644.79,1
2025-09-21,2025-09-21 13:11:00,1559.06,1559.27,1559.06,1559.27,0.01,16.46,25644.79,1
2025-09-21,2025-09-21 13:12:00,1559.27,1559.48,1559.27,1559.48,0.01,16.46,25644.79,1
2025-09-21,2025-09-21 13:13:00,1559.48,1559.68,1559.48,1559.68,0.01,16.46,25644.79,1
2025-09-21,2025-09-21 13:14:00,1559.68,1559.89,1559.68,1559.89,0.01,16.46,25644.79,1
2025-09-21,2025-09-21 13:15:00,1559.89,1560.1,1559.89,1560.1,0.01,16.46,25644.79,1
2025-09-21,2025-09-21 13:16:00,1560.1,1560.3,1560.1,1560.3,0.01,16.46,25644.79,1
2025-09-21,2025-09-21 13:17:00,1560.3,1560.51,1560.3,1560.51,0.01,16.46,25644.79,1
2025-09-21,2025-09-21 13:18:00,1560.51,1560.72,1560.51,1560.72,0.01,16.46,25644.79,1
2025-09-21,2025-09-21 13:19:00,1560.72,1560.92,1560.72,1560.92,0.01,16.46,25644.79,1
2025-09-21,2025-09-21 13:20:00,1560.92,1561.13,1560.92,1561.13,0.01,16.46,25644.79,1
2025-09-21,2025-09-21 13:21:00,1561.13,1561.33,1561.13,1561.33,0.01,16.46,25644.79,1
2025-09-21,2025-09-21 13:22:00,1561.33,1561.54,1561.33,1561.54,0.01,16.46,25644.79,1
2025-09-21,2025-09-21 13:23:00,1561.54,1561.75,1561.54,1561.75,0.01,16.46,25644.79,1
2025-09-21,2025-09-21 13:24:00,1561.75,1561.95,1561.75,1561.95,0.01,16.46,25644.79,1
2025-09-21,2025-09-21 13:25:00,1561.95,1562.16,1561.95,1562.16,0.01,16.46,25644.79,1
2025-09-21,2025-09-21 13:26:00,1562.16,1562.37,1562.16,1562.37,0.01,16.46,25644.79,1
2025-09-21,2025-09-21 13:27:00,1562.37,1562.57,1562.37,1562.57,0.01,16.46,25644.79,1
2025-09-21,2025-09-21 13:28:00,1562.57,1562.78,1562.57,1562.78,0.01,16.46,25644.79,1
2025-09-21,2025-09-21 13:29:00,1562.78,1562.99,1562.78,1562.99,0.01,16.46,25644.79,1
2025-09-21,2025-09-21 13:30:00,1562.99,1563.19,1562.99,1563.19,0.01,16.46,25644.79,1
2025-09-21,2025-09-21 13:31:00,1563.19,1563.4,1563.19,1563.4,0.01,16.46,25644.79,1
2025-09-21,2025-09-21 13:32:00,1563.4,1563.61,1563.4,1563.61,0.01,16.46,25644.79,1
2025-09-21,2025-09-21 13:33:00,1563.61,1563.81,1563.61,1563.81,0.01,16.46,25644.79,1
2025-09-21,2025-09-21 13:34:00,1563.81,1564.02,1563.81,1564.02,0.01,16.46,25644.79,1
2025-09-21,2025-09-21 13:35:00,1564.02,1564.23,1564.02,1564.23,0.01,16.46,25644.79,1
2025-09-21,2025-09-21 13:36:00,1564.23,1564.43,1564.23,1564.43,0.01,16.46,25644.79,1
2025-09-21,2025-09-21 13:37:00,1564.43,1564.64,1564.43,1564.64,0.01,16.46,25644.79,1
2025-09-21,2025-09-21 13:38:00,1564.64,1564.85,1564.64,1564.85,0.01,16.46,25644.79,1
2025-09-21,2025-09-21 13:39:00,1564.85,1565.05,1564.85,1565.05,0.01,16.46,25644.79,1
2025-09-21,2025-09-21 13:40:00,1565.05,1565.26,1565.05,1565.26,0.01,16.46,25644.79,1
2025-09-21,2025-09-21 13:41:00,1565.26,1565.47,1565.26,1565.47,0.01,16.46,25644.79,1
2025-09-21,2025-09-21 13:42:00,1565.47,1565.67,1565.47,1565.67,0.01,16.46,25644.79,1
2025-09-21,2025-09-21 13:43:00,1565.67,1565.88,1565.67,1565.88,0.01,16.46,25644.79,1
2025-09-21,2025-09-21 13:44:00,1565.88,1566.09,1565.88,1566.09,0.01,16.46,25644.79,1
2025-09-21,2025-09-21 13:45:00,1566.09,1566.29,1566.09,1566.29,0.01,16.46,25644.79,1
2025-09-21,2025-09-21 13:46:00,1566.29,1566.5,1566.29,1566.5,0.01,16.46,25644.79,1
2025-09-21,2025-09-21 13:47:00,1566.5,1566.71,1566.5,1566.71,0.01,16.46,25644.79,1
2025-09-21,2025-09-21 13:48:00,1566.71,1566.91,1566.71,1566.91,0.01,16.46,25644.79,1
2025-09-21,2025-09-21 13:49:00,1566.91,1567.12,1566.91,1567.12,0.01,16.46,25644.79,1
2025-09-21,2025-09-21 13:50:00,1567.12,1567.33,1567.12,1567.33,0.01,16.46,25644.79,1
2025-09-21,2025-09-21 13:51:00,1567.33,1567.53,1567.33,1567.53,0.01,16.46,25644.79,1
2025-09-21,2025-09-21 13:52:00,1567.53,1567.74,1567.53,1567.74,0.01,16.46,25644.79,1
2025-09-21,2025-09-21 13:53:00,1567.74,1567.95,1567.74,1567.95,0.01,16.46,25644.79,1
2025-09-21,2025-09-21 13:54:00,1567.95,1568.15,1567.95,1568.15,0.01,16.46,25644.79,1
2025-09-21,2025-09-21 13:55:00,1568.15,1568.36,1568.15,1568.36,0.01,16.46,25644.79,1
2025-09-21,2025-09-21 13:56:00,1568.36,1568.57,1568.36,1568.57,0.01,16.46,25644.79,1
2025-09-21,2025-09-21 13:57:00,1568.57,1568.77,1568.57,1568.77,0.01,16.46,25644.79,1
2025-09-21,2025-09-21 13:58:00,1568.77,1568.98,1568.77,1568.98,0.01,16.46,25644.79,1
2025-09-21,2025-09-21 13:59:00,1568.98,1569.18,1568.98,1569.18,0.01,16.46,25644.79,1
2025-09-21,2025-09-21 14:00:00,1569.18,1569.39,1569.18,1569.39,0.01,16.46,25644.79,1
2025-09-21,2025-09-21 14:01:00,1569.39,1569.6,1569.39,1569.6,0.01,16.46,25644.79,1
2025-09-21,2025-09-21 14:02:00,1569.6,1569.8,1569.6,1569.8,0.01,16.46,25644.79,1
2025-09-21,2025-09-21 14:03:00,1569.8,1570.01,1569.8,1570.01,0.01,16.46,25644.79,1
2025-09-21,2025-09-21 14:04:00,1570.01,1570.22,1570.01,1570.22,0.01,16.46,25644.79,1
2025-09-21,2025-09-21 14:05:00,1570.22,1570.42,1570.22,1570.42,0.01,16.46,25644.79,1
2025-09-21,2025-09-21 14:06:00,1570.42,1570.63,1570.42,1570.63,0.01,16.46,25644.79,1
2025-09-21,2025-09-21 14:07:00,1570.63,1570.84,1570.63,1570.84,0.01,16.46,25644.79,1
2025-09-21,2025-09-21 14:08:00,1570.84,1571.04,1570.84,1571.04,0.01,16.46,25644.79,1
2025-09-21,2025-09-21 14:09:00,1571.04,1571.25,1571.04,1571.25,0.01,16.46,25644.79,1
2025-09-21,2025-09-21 14:10:00,1571.25,1571.46,1571.25,1571.46,0.01,16.46,25644.79,1
2025-09-21,2025-09-21 14:11:00,1571.46,1571.66,1571.46,1571.66,0.01,16.46,25644.79,1
2025-09-21,2025-09-21 14:12:00,1571.66,1571.87,1571.66,1571.87,0.01,16.46,25644.79,1
2025-09-21,2025-09-21 14:13:00,1571.87,1572.08,1571.87,1572.08,0.01,16.46,25644.79,1
2025-09-21,2025-09-21 14:14:00,1572.08,1572.28,1572.08,1572.28,0.01,16.46,25644.79,1
2025-09-21,2025-09-21 14:15:00,1572.28,1572.49,1572.28,1572.49,0.01,16.46,25644.79,1
2025-09-21,2025-09-21 14:16:00,1572.49,1572.7,1572.49,1572.7,0.01,16.46,25644.79,1
2025-09-21,2025-09-21 14:17:00,1572.7,1572.9,1572.7,1572.9,0.01,16.46,25644.79,1
2025-09-21,2025-09-21 14:18:00,1572.9,1573.11,1572.9,1573.11,0.01,16.46,25644.79,1
2025-09-21,2025-09-21 14:19:00,1573.11,1573.32,1573.11,1573.32,0.01,16.46,25644.79,1
2025-09-21,2025-09-21 14:20:00,1573.32,1573.52,1573.32,1573.52,0.01,16.46,25644.79,1
2025-09-21,2025-09-21 14:21:00,1573.52,1573.73,1573.52,1573.73,0.01,16.46,25644.79,1
2025-09-21,2025-09-21 14:22:00,1573.73,1573.94,1573.73,1573.94,0.01,16.46,25644.79,1
2025-09-21,2025-09-21 14:23:00,1573.94,1574.14,1573.94,1574.14,0.01,16.46,25644.79,1
2025-09-21,2025-09-21 14:24:00,1574.14,1574.35,1574.14,1574.35,0.01,16.46,25644.79,1
2025-09-21,2025-09-21 14:25:00,1574.35,1574.56,1574.35,1574.56,0.01,16.46,25644.79,1
2025-09-21,2025-09-21 14:26:00,1574.56,1574.76,1574.56,1574.76,0.01,16.46,25644.79,1
2025-09-21,2025-09-21 14:27:00,1574.76,1574.97,1574.76,1574.97,0.01,16.46,25644.79,1
2025-09-21,2025-09-21 14:28:00,1574.97,1575.18,1574.97,1575.18,0.01,16.46,25644.79,1
2025-09-21,2025-09-21 14:29:00,1575.18,1575.38,1575.18,1575.38,0.01,16.46,25644.79,1
2025-09-21,2025-09-21 14:30:00,1575.38,1575.59,1575.38,1575.59,0.01,16.46,25644.79,1
2025-09-21,2025-09-21 14:31:00,1575.59,1575.8,1575.59,1575.8,0.01,16.46,25644.79,1
2025-09-21,2025-09-21 14:32:00,1575.8,1576.0,1575.8,1576.0,0.01,16.46,25644.79,1
2025-09-21,2025-09-21 14:33:00,1576.0,1576.21,1576.0,1576.21,0.01,16.46,25644.79,1
2025-09-21,2025-09-21 14:34:00,1576.21,1576.42,1576.21,1576.42,0.01,16.46,25644.79,1
2025-09-21,2025-09-21 14:35:00,1576.42,1576.62,1576.42,1576.62,0.01,16.46,25644.79,1
2025-09-21,2025-09-21 14:36:00,1576.62,1576.83,1576.62,1576.83,0.01,16.46,25644.79,1
2025-09-21,2025-09-21 14:37:00,1576.83,1577.04,1576.83,1577.04,0.01,16.46,25644.79,1
2025-09-21,2025-09-21 14:38:00,1577.04,1577.24,1577.04,1577.24,0.01,16.46,25644.79,1
2025-09-21,2025-09-21 14:39:00,1577.24,1577.45,1577.24,1577.45,0.01,16.46,25644.79,1
2025-09-21,2025-09-21 14:40:00,1577.45,1577.65,1577.45,1577.65,0.01,16.46,25644.79,1
2025-09-21,2025-09-21 14:41:00,1577.65,1577.86,1577.65,1577.86,0.01,16.46,25644.79,1
2025-09-21,2025-09-21 14:42:00,1577.86,1578.07,1577.86,1578.07,0.01,16.46,25644.79,1
2025-09-21,2025-09-21 14:43:00,1578.07,1578.27,1578.07,1578.27,0.01,16.46,25644.79,1
2025-09-21,2025-09-21 14:44:00,1578.27,1578.48,1578.27,1578.48,0.01,16.46,25644.79,1
2025-09-21,2025-09-21 14:45:00,1578.48,1578.69,1578.48,1578.69,0.01,16.46,25644.79,1
2025-09-21,2025-09-21 14:46:00,1578.69,1578.89,1578.69,1578.89,0.01,16.46,25644.79,1
2025-09-21,2025-09-21 14:47:00,1578.89,1579.1,1578.89,1579.1,0.01,16.46,25644.79,1
2025-09-21,2025-09-21 14:48:00,1579.1,1579.31,1579.1,1579.31,0.01,16.46,25644.79,1
2025-09-21,2025-09-21 14:49:00,1579.31,1579.51,1579.31,1579.51,0.01,16.46,25644.79,1
2025-09-21,2025-09-21 14:50:00,1579.51,1579.72,1579.51,1579.72,0.01,16.46,25644.79,1
2025-09-21,2025-09-21 14:51:00,1579.72,1579.93,1579.72,1579.93,0.01,16.46,25644.79,1
2025-09-21,2025-09-21 14:52:00,1579.93,1580.13,1579.93,1580.13,0.01,16.46,25644.79,1
2025-09-21,2025-09-21 14:53:00,1580.13,1580.34,1580.13,1580.34,0.01,16.46,25644.79,1
2025-09-21,2025-09-21 14:54:00,1580.34,1580.55,1580.34,1580.55,0.01,16.46,25644.79,1
2025-09-21,2025-09-21 14:55:00,1580.55,1580.75,1580.55,1580.75,0.01,16.46,25644.79,1
2025-09-21,2025-09-21 14:56:00,1580.75,1580.96,1580.75,1580.96,0.01,16.46,25644.79,1
2025-09-21,2025-09-21 14:57:00,1580.96,1581.17,1580.96,1581.17,0.01,16.46,25644.79,1
2025-09-21,2025-09-21 14:58:00,1581.17,1581.37,1581.17,1581.37,0.01,16.46,25644.79,1
2025-09-21,2025-09-21 14:59:00,1581.37,1581.58,1581.37,1581.58,0.01,16.46,25644.79,1
2025-09-21,2025-09-21 15:00:00,1581.58,1620.0,1500.0,1581.58,0.0,16.46,25644.79,0
2025-09-23,2025-09-23 11:00:00,1612.9,1617.43,1609.03,1612.93,0.0,12.33,19815.63,1
2025-09-23,2025-09-23 11:01:00,1612.93,1612.96,1612.93,1612.96,0.0,12.33,19815.63,1
2025-09-23,2025-09-23 11:02:00,1612.96,1612.99,1612.96,1612.99,0.0,12.33,19815.63,1
2025-09-23,2025-09-23 11:03:00,1612.99,1613.02,1612.99,1613.02,0.0,12.33,19815.63,1
2025-09-23,2025-09-23 11:04:00,1613.02,1613.05,1613.02,1613.05,0.0,12.33,19815.63,1
2025-09-23,2025-09-23 11:05:00,1613.05,1613.08,1613.05,1613.08,0.0,12.33,19815.63,1
2025-09-23,2025-09-23 11:06:00,1613.08,1613.11,1613.08,1613.11,0.0,12.33,19815.63,1
2025-09-23,2025-09-23 11:07:00,1613.11,1613.14,1613.11,1613.14,0.0,12.33,19815.63,1
2025-09-23,2025-09-23 11:08:00,1613.14,1613.17,1613.14,1613.17,0.0,12.33,19815.63,1
2025-09-23,2025-09-23 11:09:00,1613.17,1613.2,1613.17,1613.2,0.0,12.33,19815.63,1
2025-09-23,2025-09-23 11:10:00,1613.2,1613.23,1613.2,1613.23,0.0,12.33,19815.63,1
2025-09-23,2025-09-23 11:11:00,1613.23,1613.26,1613.23,1613.26,0.0,12.33,19815.63,1
2025-09-23,2025-09-23 11:12:00,1613.26,1613.28,1613.26,1613.28,0.0,12.33,19815.63,1
2025-09-23,2025-09-23 11:13:00,1613.28,1613.31,1613.28,1613.31,0.0,12.33,19815.63,1
2025-09-23,2025-09-23 11:14:00,1613.31,1613.34,1613.31,1613.34,0.0,12.33,19815.63,1
2025-09-23,2025-09-23 11:15:00,1613.34,1613.37,1613.34,1613.37,0.0,12.33,19815.63,1
2025-09-23,2025-09-23 11:16:00,1613.37,1613.4,1613.37,1613.4,0.0,12.33,19815.63,1
2025-09-23,2025-09-23 11:17:00,1613.4,1613.43,1613.4,1613.43,0.0,12.33,19815.63,1
2025-09-23,2025-09-23 11:18:00,1613.43,1613.46,1613.43,1613.46,0.0,12.33,19815.63,1
2025-09-23,2025-09-23 11:19:00,1613.46,1613.49,1613.46,1613.49,0.0,12.33,19815.63,1
2025-09-23,2025-09-23 11:20:00,1613.49,1613.52,1613.49,1613.52,0.0,12.33,19815.63,1
2025-09-23,2025-09-23 11:21:00,1613.52,1613.55,1613.52,1613.55,0.0,12.33,19815.63,1
2025-09-23,2025-09-23 11:22:00,1613.55,1613.58,1613.55,1613.58,0.0,12.33,19815.63,1
2025-09-23,2025-09-23 11:23:00,1613.58,1613.61,1613.58,1613.61,0.0,12.33,19815.63,1
2025-09-23,2025-09-23 11:24:00,1613.61,1613.64,1613.61,1613.64,0.0,12.33,19815.63,1
2025-09-23,2025-09-23 11:25:00,1613.64,1613.67,1613.64,1613.67,0.0,12.33,19815.63,1
2025-09-23,2025-09-23 11:26:00,1613.67,1613.7,1613.67,1613.7,0.0,12.33,19815.63,1
2025-09-23,2025-09-23 11:27:00,1613.7,1613.73,1613.7,1613.73,0.0,12.33,19815.63,1
2025-09-23,2025-09-23 11:28:00,1613.73,1613.76,1613.73,1613.76,0.0,12.33,19815.63,1
2025-09-23,2025-09-23 11:29:00,1613.76,1613.79,1613.76,1613.79,0.0,12.33,19815.63,1
2025-09-23,2025-09-23 11:30:00,1613.79,1613.82,1613.79,1613.82,0.0,12.33,19815.63,1
2025-09-23,2025-09-23 11:31:00,1613.82,1613.85,1613.82,1613.85,0.0,12.33,19815.63,1
2025-09-23,2025-09-23 11:32:00,1613.85,1613.88,1613.85,1613.88,0.0,12.33,19815.63,1
2025-09-23,2025-09-23 11:33:00,1613.88,1613.91,1613.88,1613.91,0.0,12.33,19815.63,1
2025-09-23,2025-09-23 11:34:00,1613.91,1613.94,1613.91,1613.94,0.0,12.33,19815.63,1
2025-09-23,2025-09-23 11:35:00,1613.94,1613.97,1613.94,1613.97,0.0,12.33,19815.63,1
2025-09-23,2025-09-23 11:36:00,1613.97,1613.99,1613.97,1613.99,0.0,12.33,19815.63,1
2025-09-23,2025-09-23 11:37:00,1613.99,1614.02,1613.99,1614.02,0.0,12.33,19815.63,1
2025-09-23,2025-09-23 11:38:00,1614.02,1614.05,1614.02,1614.05,0.0,12.33,19815.63,1
2025-09-23,2025-09-23 11:39:00,1614.05,1614.08,1614.05,1614.08,0.0,12.33,19815.63,1
2025-09-23,2025-09-23 11:40:00,1614.08,1614.11,1614.08,1614.11,0.0,12.33,19815.63,1
2025-09-23,2025-09-23 11:41:00,1614.11,1614.14,1614.11,1614.14,0.0,12.33,19815.63,1
2025-09-23,2025-09-23 11:42:00,1614.14,1614.17,1614.14,1614.17,0.0,12.33,19815.63,1
2025-09-23,2025-09-23 11:43:00,1614.17,1614.2,1614.17,1614.2,0.0,12.33,19815.63,1
2025-09-23,2025-09-23 11:44:00,1614.2,1614.23,1614.2,1614.23,0.0,12.33,19815.63,1
2025-09-23,2025-09-23 11:45:00,1614.23,1614.26,1614.23,1614.26,0.0,12.33,19815.63,1
2025-09-23,2025-09-23 11:46:00,1614.26,1614.29,1614.26,1614.29,0.0,12.33,19815.63,1
2025-09-23,2025-09-23 11:47:00,1614.29,1614.32,1614.29,1614.32,0.0,12.33,19815.63,1
2025-09-23,2025-09-23 11:48:00,1614.32,1614.35,1614.32,1614.35,0.0,12.33,19815.63,1
2025-09-23,2025-09-23 11:49:00,1614.35,1614.38,1614.35,1614.38,0.0,12.33,19815.63,1
2025-09-23,2025-09-23 11:50:00,1614.38,1614.41,1614.38,1614.41,0.0,12.33,19815.63,1
2025-09-23,2025-09-23 11:51:00,1614.41,1614.44,1614.41,1614.44,0.0,12.33,19815.63,1
2025-09-23,2025-09-23 11:52:00,1614.44,1614.47,1614.44,1614.47,0.0,12.33,19815.63,1
2025-09-23,2025-09-23 11:53:00,1614.47,1614.5,1614.47,1614.5,0.0,12.33,19815.63,1
2025-09-23,2025-09-23 11:54:00,1614.5,1614.53,1614.5,1614.53,0.0,12.33,19815.63,1
2025-09-23,2025-09-23 11:55:00,1614.53,1614.56,1614.53,1614.56,0.0,12.33,19815.63,1
2025-09-23,2025-09-23 11:56:00,1614.56,1614.59,1614.56,1614.59,0.0,12.33,19815.63,1
2025-09-23,2025-09-23 11:57:00,1614.59,1614.62,1614.59,1614.62,0.0,12.33,19815.63,1
2025-09-23,2025-09-23 11:58:00,1614.62,1614.65,1614.62,1614.65,0.0,12.33,19815.63,1
2025-09-23,2025-09-23 11:59:00,1614.65,1614.68,1614.65,1614.68,0.0,12.33,19815.63,1
2025-09-23,2025-09-23 12:00:00,1614.68,1614.7,1614.68,1614.7,0.0,12.33,19815.63,1
2025-09-23,2025-09-23 12:01:00,1614.7,1614.73,1614.7,1614.73,0.0,12.33,19815.63,1
2025-09-23,2025-09-23 12:02:00,1614.73,1614.76,1614.73,1614.76,0.0,12.33,19815.63,1
2025-09-23,2025-09-23 12:03:00,1614.76,1614.79,1614.76,1614.79,0.0,12.33,19815.63,1
2025-09-23,2025-09-23 12:04:00,1614.79,1614.82,1614.79,1614.82,0.0,12.33,19815.63,1
2025-09-23,2025-09-23 12:05:00,1614.82,1614.85,1614.82,1614.85,0.0,12.33,19815.63,1
2025-09-23,2025-09-23 12:06:00,1614.85,1614.88,1614.85,1614.88,0.0,12.33,19815.63,1
2025-09-23,2025-09-23 12:07:00,1614.88,1614.91,1614.88,1614.91,0.0,12.33,19815.63,1
2025-09-23,2025-09-23 12:08:00,1614.91,1614.94,1614.91,1614.94,0.0,12.33,19815.63,1
2025-09-23,2025-09-23 12:09:00,1614.94,1614.97,1614.94,1614.97,0.0,12.33,19815.63,1
2025-09-23,2025-09-23 12:10:00,1614.97,1615.0,1614.97,1615.0,0.0,12.33,19815.63,1
2025-09-23,2025-09-23 12:11:00,1615.0,1615.03,1615.0,1615.03,0.0,12.33,19815.63,1
2025-09-23,2025-09-23 12:12:00,1615.03,1615.06,1615.03,1615.06,0.0,12.33,19815.63,1
2025-09-23,2025-09-23 12:13:00,1615.06,1615.09,1615.06,1615.09,0.0,12.33,19815.63,1
2025-09-23,2025-09-23 12:14:00,1615.09,1615.12,1615.09,1615.12,0.0,12.33,19815.63,1
2025-09-23,2025-09-23 12:15:00,1615.12,1615.15,1615.12,1615.15,0.0,12.33,19815.63,1
2025-09-23,2025-09-23 12:16:00,1615.15,1615.18,1615.15,1615.18,0.0,12.33,19815.63,1
2025-09-23,2025-09-23 12:17:00,1615.18,1615.21,1615.18,1615.21,0.0,12.33,19815.63,1
2025-09-23,2025-09-23 12:18:00,1615.21,1615.24,1615.21,1615.24,0.0,12.33,19815.63,1
2025-09-23,2025-09-23 12:19:00,1615.24,1615.27,1615.24,1615.27,0.0,12.33,19815.63,1
2025-09-23,2025-09-23 12:20:00,1615.27,1615.3,1615.27,1615.3,0.0,12.33,19815.63,1
2025-09-23,2025-09-23 12:21:00,1615.3,1615.33,1615.3,1615.33,0.0,12.33,19815.63,1
2025-09-23,2025-09-23 12:22:00,1615.33,1615.36,1615.33,1615.36,0.0,12.33,19815.63,1
2025-09-23,2025-09-23 12:23:00,1615.36,1615.38,1615.36,1615.38,0.0,12.33,19815.63,1
2025-09-23,2025-09-23 12:24:00,1615.38,1615.41,1615.38,1615.41,0.0,12.33,19815.63,1
2025-09-23,2025-09-23 12:25:00,1615.41,1615.44,1615.41,1615.44,0.0,12.33,19815.63,1
2025-09-23,2025-09-23 12:26:00,1615.44,1615.47,1615.44,1615.47,0.0,12.33,19815.63,1
2025-09-23,2025-09-23 12:27:00,1615.47,1615.5,1615.47,1615.5,0.0,12.33,19815.63,1
2025-09-23,2025-09-23 12:28:00,1615.5,1615.53,1615.5,1615.53,0.0,12.33,19815.63,1
2025-09-23,2025-09-23 12:29:00,1615.53,1615.56,1615.53,1615.56,0.0,12.33,19815.63,1
2025-09-23,2025-09-23 12:30:00,1615.56,1615.59,1615.56,1615.59,0.0,12.33,19815.63,1
2025-09-23,2025-09-23 12:31:00,1615.59,1615.62,1615.59,1615.62,0.0,12.33,19815.63,1
2025-09-23,2025-09-23 12:32:00,1615.62,1615.65,1615.62,1615.65,0.0,12.33,19815.63,1
2025-09-23,2025-09-23 12:33:00,1615.65,1615.68,1615.65,1615.68,0.0,12.33,19815.63,1
2025-09-23,2025-09-23 12:34:00,1615.68,1615.71,1615.68,1615.71,0.0,12.33,19815.63,1
2025-09-23,2025-09-23 12:35:00,1615.71,1615.74,1615.71,1615.74,0.0,12.33,19815.63,1
2025-09-23,2025-09-23 12:36:00,1615.74,1615.77,1615.74,1615.77,0.0,12.33,19815.63,1
2025-09-23,2025-09-23 12:37:00,1615.77,1615.8,1615.77,1615.8,0.0,12.33,19815.63,1
2025-09-23,2025-09-23 12:38:00,1615.8,1615.83,1615.8,1615.83,0.0,12.33,19815.63,1
2025-09-23,2025-09-23 12:39:00,1615.83,1615.86,1615.83,1615.86,0.0,12.33,19815.63,1
2025-09-23,2025-09-23 12:40:00,1615.86,1615.89,1615.86,1615.89,0.0,12.33,19815.63,1
2025-09-23,2025-09-23 12:41:00,1615.89,1615.92,1615.89,1615.92,0.0,12.33,19815.63,1
2025-09-23,2025-09-23 12:42:00,1615.92,1615.95,1615.92,1615.95,0.0,12.33,19815.63,1
2025-09-23,2025-09-23 12:43:00,1615.95,1615.98,1615.95,1615.98,0.0,12.33,19815.63,1
2025-09-23,2025-09-23 12:44:00,1615.98,1616.01,1615.98,1616.01,0.0,12.33,19815.63,1
2025-09-23,2025-09-23 12:45:00,1616.01,1616.04,1616.01,1616.04,0.0,12.33,19815.63,1
2025-09-23,2025-09-23 12:46:00,1616.04,1616.07,1616.04,1616.07,0.0,12.33,19815.63,1
2025-09-23,2025-09-23 12:47:00,1616.07,1616.1,1616.07,1616.1,0.0,12.33,19815.63,1
2025-09-23,2025-09-23 12:48:00,1616.1,1616.12,1616.1,1616.12,0.0,12.33,19815.63,1
2025-09-23,2025-09-23 12:49:00,1616.12,1616.15,1616.12,1616.15,0.0,12.33,19815.63,1
2025-09-23,2025-09-23 12:50:00,1616.15,1616.18,1616.15,1616.18,0.0,12.33,19815.63,1
2025-09-23,2025-09-23 12:51:00,1616.18,1616.21,1616.18,1616.21,0.0,12.33,19815.63,1
2025-09-23,2025-09-23 12:52:00,1616.21,1616.24,1616.21,1616.24,0.0,12.33,19815.63,1
2025-09-23,2025-09-23 12:53:00,1616.24,1616.27,1616.24,1616.27,0.0,12.33,19815.63,1
2025-09-23,2025-09-23 12:54:00,1616.27,1616.3,1616.27,1616.3,0.0,12.33,19815.63,1
2025-09-23,2025-09-23 12:55:00,1616.3,1616.33,1616.3,1616.33,0.0,12.33,19815.63,1
2025-09-23,2025-09-23 12:56:00,1616.33,1616.36,1616.33,1616.36,0.0,12.33,19815.63,1
2025-09-23,2025-09-23 12:57:00,1616.36,1616.39,1616.36,1616.39,0.0,12.33,19815.63,1
2025-09-23,2025-09-23 12:58:00,1616.39,1616.42,1616.39,1616.42,0.0,12.33,19815.63,1
2025-09-23,2025-09-23 12:59:00,1616.42,1616.45,1616.42,1616.45,0.0,12.33,19815.63,1
2025-09-23,2025-09-23 13:00:00,1616.45,1628.0,1600.0,1616.48,0.0,12.33,19815.63,1
2025-09-23,2025-09-23 13:01:00,1616.48,1616.51,1616.48,1616.51,0.0,12.33,19815.63,1
2025-09-23,2025-09-23 13:02:00,1616.51,1616.54,1616.51,1616.54,0.0,12.33,19815.63,1
2025-09-23,2025-09-23 13:03:00,1616.54,1616.57,1616.54,1616.57,0.0,12.33,19815.63,1
2025-09-23,2025-09-23 13:04:00,1616.57,1616.6,1616.57,1616.6,0.0,12.33,19815.63,1
2025-09-23,2025-09-23 13:05:00,1616.6,1616.63,1616.6,1616.63,0.0,12.33,19815.63,1
2025-09-23,2025-09-23 13:06:00,1616.63,1616.66,1616.63,1616.66,0.0,12.33,19815.63,1
2025-09-23,2025-09-23 13:07:00,1616.66,1616.69,1616.66,1616.69,0.0,12.33,19815.63,1
2025-09-23,2025-09-23 13:08:00,1616.69,1616.72,1616.69,1616.72,0.0,12.33,19815.63,1
2025-09-23,2025-09-23 13:09:00,1616.72,1616.75,1616.72,1616.75,0.0,12.33,19815.63,1
2025-09-23,2025-09-23 13:10:00,1616.75,1616.78,1616.75,1616.78,0.0,12.33,19815.63,1
2025-09-23,2025-09-23 13:11:00,1616.78,1616.81,1616.78,1616.81,0.0,12.33,19815.63,1
2025-09-23,2025-09-23 13:12:00,1616.81,1616.83,1616.81,1616.83,0.0,12.33,19815.63,1
2025-09-23,2025-09-23 13:13:00,1616.83,1616.86,1616.83,1616.86,0.0,12.33,19815.63,1
2025-09-23,2025-09-23 13:14:00,1616.86,1616.89,1616.86,1616.89,0.0,12.33,19815.63,1
2025-09-23,2025-09-23 13:15:00,1616.89,1616.92,1616.89,1616.92,0.0,12.33,19815.63,1
2025-09-23,2025-09-23 13:16:00,1616.92,1616.95,1616.92,1616.95,0.0,12.33,19815.63,1
2025-09-23,2025-09-23 13:17:00,1616.95,1616.98,1616.95,1616.98,0.0,12.33,19815.63,1
2025-09-23,2025-09-23 13:18:00,1616.98,1617.01,1616.98,1617.01,0.0,12.33,19815.63,1
2025-09-23,2025-09-23 13:19:00,1617.01,1617.04,1617.01,1617.04,0.0,12.33,19815.63,1
2025-09-23,2025-09-23 13:20:00,1617.04,1617.07,1617.04,1617.07,0.0,12.33,19815.63,1
2025-09-23,2025-09-23 13:21:00,1617.07,1617.1,1617.07,1617.1,0.0,12.33,19815.63,1
2025-09-23,2025-09-23 13:22:00,1617.1,1617.13,1617.1,1617.13,0.0,12.33,19815.63,1
2025-09-23,2025-09-23 13:23:00,1617.13,1617.16,1617.13,1617.16,0.0,12.33,19815.63,1
2025-09-23,2025-09-23 13:24:00,1617.16,1617.19,1617.16,1617.19,0.0,12.33,19815.63,1
2025-09-23,2025-09-23 13:25:00,1617.19,1617.22,1617.19,1617.22,0.0,12.33,19815.63,1
2025-09-23,2025-09-23 13:26:00,1617.22,1617.25,1617.22,1617.25,0.0,12.33,19815.63,1
2025-09-23,2025-09-23 13:27:00,1617.25,1617.28,1617.25,1617.28,0.0,12.33,19815.63,1
2025-09-23,2025-09-23 13:28:00,1617.28,1617.31,1617.28,1617.31,0.0,12.33,19815.63,1
2025-09-23,2025-09-23 13:29:00,1617.31,1617.34,1617.31,1617.34,0.0,12.33,19815.63,1
2025-09-23,2025-09-23 13:30:00,1617.34,1617.37,1617.34,1617.37,0.0,12.33,19815.63,1
2025-09-23,2025-09-23 13:31:00,1617.37,1617.4,1617.37,1617.4,0.0,12.33,19815.63,1
2025-09-23,2025-09-23 13:32:00,1617.4,1617.43,1617.4,1617.43,0.0,12.33,19815.63,1
2025-09-23,2025-09-23 13:33:00,1617.43,1617.46,1617.43,1617.46,0.0,12.33,19815.63,1
2025-09-23,2025-09-23 13:34:00,1617.46,1617.49,1617.46,1617.49,0.0,12.33,19815.63,1
2025-09-23,2025-09-23 13:35:00,1617.49,1617.52,1617.49,1617.52,0.0,12.33,19815.63,1
2025-09-23,2025-09-23 13:36:00,1617.52,1617.54,1617.52,1617.54,0.0,12.33,19815.63,1
2025-09-23,2025-09-23 13:37:00,1617.54,1617.57,1617.54,1617.57,0.0,12.33,19815.63,1
2025-09-23,2025-09-23 13:38:00,1617.57,1617.6,1617.57,1617.6,0.0,12.33,19815.63,1
2025-09-23,2025-09-23 13:39:00,1617.6,1617.63,1617.6,1617.63,0.0,12.33,19815.63,1
2025-09-23,2025-09-23 13:40:00,1617.63,1617.66,1617.63,1617.66,0.0,12.33,19815.63,1
2025-09-23,2025-09-23 13:41:00,1617.66,1617.69,1617.66,1617.69,0.0,12.33,19815.63,1
2025-09-23,2025-09-23 13:42:00,1617.69,1617.72,1617.69,1617.72,0.0,12.33,19815.63,1
2025-09-23,2025-09-23 13:43:00,1617.72,1617.75,1617.72,1617.75,0.0,12.33,19815.63,1
2025-09-23,2025-09-23 13:44:00,1617.75,1617.78,1617.75,1617.78,0.0,12.33,19815.63,1
2025-09-23,2025-09-23 13:45:00,1617.78,1617.81,1617.78,1617.81,0.0,12.33,19815.63,1
2025-09-23,2025-09-23 13:46:00,1617.81,1617.84,1617.81,1617.84,0.0,12.33,19815.63,1
2025-09-23,2025-09-23 13:47:00,1617.84,1617.87,1617.84,1617.87,0.0,12.33,19815.63,1
2025-09-23,2025-09-23 13:48:00,1617.87,1617.9,1617.87,1617.9,0.0,12.33,19815.63,1
2025-09-23,2025-09-23 13:49:00,1617.9,1617.93,1617.9,1617.93,0.0,12.33,19815.63,1
2025-09-23,2025-09-23 13:50:00,1617.93,1617.96,1617.93,1617.96,0.0,12.33,19815.63,1
2025-09-23,2025-09-23 13:51:00,1617.96,1617.99,1617.96,1617.99,0.0,12.33,19815.63,1
2025-09-23,2025-09-23 13:52:00,1617.99,1618.02,1617.99,1618.02,0.0,12.33,19815.63,1
2025-09-23,2025-09-23 13:53:00,1618.02,1618.05,1618.02,1618.05,0.0,12.33,19815.63,1
2025-09-23,2025-09-23 13:54:00,1618.05,1618.08,1618.05,1618.08,0.0,12.33,19815.63,1
2025-09-23,2025-09-23 13:55:00,1618.08,1618.11,1618.08,1618.11,0.0,12.33,19815.63,1
2025-09-23,2025-09-23 13:56:00,1618.11,1618.14,1618.11,1618.14,0.0,12.33,19815.63,1
2025-09-23,2025-09-23 13:57:00,1618.14,1618.17,1618.14,1618.17,0.0,12.33,19815.63,1
2025-09-23,2025-09-23 13:58:00,1618.17,1618.2,1618.17,1618.2,0.0,12.33,19815.63,1
2025-09-23,2025-09-23 13:59:00,1618.2,1618.22,1618.2,1618.22,0.0,12.33,19815.63,1
2025-09-23,2025-09-23 14:00:00,1618.22,1618.25,1618.22,1618.25,0.0,12.33,19815.63,1
2025-09-23,2025-09-23 14:01:00,1618.25,1618.28,1618.25,1618.28,0.0,12.33,19815.63,1
2025-09-23,2025-09-23 14:02:00,1618.28,1618.31,1618.28,1618.31,0.0,12.33,19815.63,1
2025-09-23,2025-09-23 14:03:00,1618.31,1618.34,1618.31,1618.34,0.0,12.33,19815.63,1
2025-09-23,2025-09-23 14:04:00,1618.34,1618.37,1618.34,1618.37,0.0,12.33,19815.63,1
2025-09-23,2025-09-23 14:05:00,1618.37,1618.4,1618.37,1618.4,0.0,12.33,19815.63,1
2025-09-23,2025-09-23 14:06:00,1618.4,1618.43,1618.4,1618.43,0.0,12.33,19815.63,1
2025-09-23,2025-09-23 14:07:00,1618.43,1618.46,1618.43,1618.46,0.0,12.33,19815.63,1
2025-09-23,2025-09-23 14:08:00,1618.46,1618.49,1618.46,1618.49,0.0,12.33,19815.63,1
2025-09-23,2025-09-23 14:09:00,1618.49,1618.52,1618.49,1618.52,0.0,12.33,19815.63,1
2025-09-23,2025-09-23 14:10:00,1618.52,1618.55,1618.52,1618.55,0.0,12.33,19815.63,1
2025-09-23,2025-09-23 14:11:00,1618.55,1618.58,1618.55,1618.58,0.0,12.33,19815.63,1
2025-09-23,2025-09-23 14:12:00,1618.58,1618.61,1618.58,1618.61,0.0,12.33,19815.63,1
2025-09-23,2025-09-23 14:13:00,1618.61,1618.64,1618.61,1618.64,0.0,12.33,19815.63,1
2025-09-23,2025-09-23 14:14:00,1618.64,1618.67,1618.64,1618.67,0.0,12.33,19815.63,1
2025-09-23,2025-09-23 14:15:00,1618.67,1618.7,1618.67,1618.7,0.0,12.33,19815.63,1
2025-09-23,2025-09-23 14:16:00,1618.7,1618.73,1618.7,1618.73,0.0,12.33,19815.63,1
2025-09-23,2025-09-23 14:17:00,1618.73,1618.76,1618.73,1618.76,0.0,12.33,19815.63,1
2025-09-23,2025-09-23 14:18:00,1618.76,1618.79,1618.76,1618.79,0.0,12.33,19815.63,1
2025-09-23,2025-09-23 14:19:00,1618.79,1618.82,1618.79,1618.82,0.0,12.33,19815.63,1
2025-09-23,2025-09-23 14:20:00,1618.82,1618.85,1618.82,1618.85,0.0,12.33,19815.63,1
2025-09-23,2025-09-23 14:21:00,1618.85,1618.88,1618.85,1618.88,0.0,12.33,19815.63,1
2025-09-23,2025-09-23 14:22:00,1618.88,1618.91,1618.88,1618.91,0.0,12.33,19815.63,1
2025-09-23,2025-09-23 14:23:00,1618.91,1618.93,1618.91,1618.93,0.0,12.33,19815.63,1
2025-09-23,2025-09-23 14:24:00,1618.93,1618.96,1618.93,1618.96,0.0,12.33,19815.63,1
2025-09-23,2025-09-23 14:25:00,1618.96,1618.99,1618.96,1618.99,0.0,12.33,19815.63,1
2025-09-23,2025-09-23 14:26:00,1618.99,1619.02,1618.99,1619.02,0.0,12.33,19815.63,1
2025-09-23,2025-09-23 14:27:00,1619.02,1619.05,1619.02,1619.05,0.0,12.33,19815.63,1
2025-09-23,2025-09-23 14:28:00,1619.05,1619.08,1619.05,1619.08,0.0,12.33,19815.63,1
2025-09-23,2025-09-23 14:29:00,1619.08,1619.11,1619.08,1619.11,0.0,12.33,19815.63,1
2025-09-23,2025-09-23 14:30:00,1619.11,1619.14,1619.11,1619.14,0.0,12.33,19815.63,1
2025-09-23,2025-09-23 14:31:00,1619.14,1619.17,1619.14,1619.17,0.0,12.33,19815.63,1
2025-09-23,2025-09-23 14:32:00,1619.17,1619.2,1619.17,1619.2,0.0,12.33,19815.63,1
2025-09-23,2025-09-23 14:33:00,1619.2,1619.23,1619.2,1619.23,0.0,12.33,19815.63,1
2025-09-23,2025-09-23 14:34:00,1619.23,1619.26,1619.23,1619.26,0.0,12.33,19815.63,1
2025-09-23,2025-09-23 14:35:00,1619.26,1619.29,1619.26,1619.29,0.0,12.33,19815.63,1
2025-09-23,2025-09-23 14:36:00,1619.29,1619.32,1619.29,1619.32,0.0,12.33,19815.63,1
2025-09-23,2025-09-23 14:37:00,1619.32,1619.35,1619.32,1619.35,0.0,12.33,19815.63,1
2025-09-23,2025-09-23 14:38:00,1619.35,1619.38,1619.35,1619.38,0.0,12.33,19815.63,1
2025-09-23,2025-09-23 14:39:00,1619.38,1619.41,1619.38,1619.41,0.0,12.33,19815.63,1
2025-09-23,2025-09-23 14:40:00,1619.41,1619.44,1619.41,1619.44,0.0,12.33,19815.63,1
2025-09-23,2025-09-23 14:41:00,1619.44,1619.47,1619.44,1619.47,0.0,12.33,19815.63,1
2025-09-23,2025-09-23 14:42:00,1619.47,1619.5,1619.47,1619.5,0.0,12.33,19815.63,1
2025-09-23,2025-09-23 14:43:00,1619.5,1619.53,1619.5,1619.53,0.0,12.33,19815.63,1
2025-09-23,2025-09-23 14:44:00,1619.53,1619.56,1619.53,1619.56,0.0,12.33,19815.63,1
2025-09-23,2025-09-23 14:45:00,1619.56,1619.59,1619.56,1619.59,0.0,12.33,19815.63,1
2025-09-23,2025-09-23 14:46:00,1619.59,1619.62,1619.59,1619.62,0.0,12.33,19815.63,1
2025-09-23,2025-09-23 14:47:00,1619.62,1619.64,1619.62,1619.64,0.0,12.33,19815.63,1
2025-09-23,2025-09-23 14:48:00,1619.64,1619.67,1619.64,1619.67,0.0,12.33,19815.63,1
2025-09-23,2025-09-23 14:49:00,1619.67,1619.7,1619.67,1619.7,0.0,12.33,19815.63,1
2025-09-23,2025-09-23 14:50:00,1619.7,1619.73,1619.7,1619.73,0.0,12.33,19815.63,1
2025-09-23,2025-09-23 14:51:00,1619.73,1619.76,1619.73,1619.76,0.0,12.33,19815.63,1
2025-09-23,2025-09-23 14:52:00,1619.76,1619.79,1619.76,1619.79,0.0,12.33,19815.63,1
2025-09-23,2025-09-23 14:53:00,1619.79,1619.82,1619.79,1619.82,0.0,12.33,19815.63,1
2025-09-23,2025-09-23 14:54:00,1619.82,1619.85,1619.82,1619.85,0.0,12.33,19815.63,1
2025-09-23,2025-09-23 14:55:00,1619.85,1619.88,1619.85,1619.88,0.0,12.33,19815.63,1
2025-09-23,2025-09-23 14:56:00,1619.88,1619.91,1619.88,1619.91,0.0,12.33,19815.63,1
2025-09-23,2025-09-23 14:57:00,1619.91,1619.94,1619.91,1619.94,0.0,12.33,19815.63,1
2025-09-23,2025-09-23 14:58:00,1619.94,1619.97,1619.94,1619.97,0.0,12.33,19815.63,1
2025-09-23,2025-09-23 14:59:00,1619.97,1620.0,1619.97,1620.0,0.0,12.33,19815.63,1
2025-09-23,2025-09-23 15:00:00,1620.0,1628.0,1600.0,1620.0,0.0,12.33,19815.63,0
2025-09-24,2025-09-24 11:00:00,1591.0,1605.7,1591.0,1591.06,0.0,7.15,11553.98,1
2025-09-24,2025-09-24 11:01:00,1591.06,1591.12,1591.06,1591.12,0.0,7.15,11553.98,1
2025-09-24,2025-09-24 11:02:00,1591.12,1591.19,1591.12,1591.19,0.0,7.15,11553.98,1
2025-09-24,2025-09-24 11:03:00,1591.19,1591.25,1591.19,1591.25,0.0,7.15,11553.98,1
2025-09-24,2025-09-24 11:04:00,1591.25,1591.31,1591.25,1591.31,0.0,7.15,11553.98,1
2025-09-24,2025-09-24 11:05:00,1591.31,1591.38,1591.31,1591.38,0.0,7.15,11553.98,1
2025-09-24,2025-09-24 11:06:00,1591.38,1591.44,1591.38,1591.44,0.0,7.15,11553.98,1
2025-09-24,2025-09-24 11:07:00,1591.44,1591.5,1591.44,1591.5,0.0,7.15,11553.98,1
2025-09-24,2025-09-24 11:08:00,1591.5,1591.56,1591.5,1591.56,0.0,7.15,11553.98,1
2025-09-24,2025-09-24 11:09:00,1591.56,1591.62,1591.56,1591.62,0.0,7.15,11553.98,1
2025-09-24,2025-09-24 11:10:00,1591.62,1591.69,1591.62,1591.69,0.0,7.15,11553.98,1
2025-09-24,2025-09-24 11:11:00,1591.69,1591.75,1591.69,1591.75,0.0,7.15,11553.98,1
2025-09-24,2025-09-24 11:12:00,1591.75,1591.81,1591.75,1591.81,0.0,7.15,11553.98,1
2025-09-24,2025-09-24 11:13:00,1591.81,1591.88,1591.81,1591.88,0.0,7.15,11553.98,1
2025-09-24,2025-09-24 11:14:00,1591.88,1591.94,1591.88,1591.94,0.0,7.15,11553.98,1
2025-09-24,2025-09-24 11:15:00,1591.94,1592.0,1591.94,1592.0,0.0,7.15,11553.98,1
2025-09-24,2025-09-24 11:16:00,1592.0,1592.06,1592.0,1592.06,0.0,7.15,11553.98,1
2025-09-24,2025-09-24 11:17:00,1592.06,1592.12,1592.06,1592.12,0.0,7.15,11553.98,1
2025-09-24,2025-09-24 11:18:00,1592.12,1592.19,1592.12,1592.19,0.0,7.15,11553.98,1
2025-09-24,2025-09-24 11:19:00,1592.19,1592.25,1592.19,1592.25,0.0,7.15,11553.98,1
2025-09-24,2025-09-24 11:20:00,1592.25,1592.31,1592.25,1592.31,0.0,7.15,11553.98,1
2025-09-24,2025-09-24 11:21:00,1592.31,1592.38,1592.31,1592.38,0.0,7.15,11553.98,1
2025-09-24,2025-09-24 11:22:00,1592.38,1592.44,1592.38,1592.44,0.0,7.15,11553.98,1
2025-09-24,2025-09-24 11:23:00,1592.44,1592.5,1592.44,1592.5,0.0,7.15,11553.98,1
2025-09-24,2025-09-24 11:24:00,1592.5,1592.56,1592.5,1592.56,0.0,7.15,11553.98,1
2025-09-24,2025-09-24 11:25:00,1592.56,1592.62,1592.56,1592.62,0.0,7.15,11553.98,1
2025-09-24,2025-09-24 11:26:00,1592.62,1592.69,1592.62,1592.69,0.0,7.15,11553.98,1
2025-09-24,2025-09-24 11:27:00,1592.69,1592.75,1592.69,1592.75,0.0,7.15,11553.98,1
2025-09-24,2025-09-24 11:28:00,1592.75,1592.81,1592.75,1592.81,0.0,7.15,11553.98,1
2025-09-24,2025-09-24 11:29:00,1592.81,1592.88,1592.81,1592.88,0.0,7.15,11553.98,1
2025-09-24,2025-09-24 11:30:00,1592.88,1592.94,1592.88,1592.94,0.0,7.15,11553.98,1
2025-09-24,2025-09-24 11:31:00,1592.94,1593.0,1592.94,1593.0,0.0,7.15,11553.98,1
2025-09-24,2025-09-24 11:32:00,1593.0,1593.06,1593.0,1593.06,0.0,7.15,11553.98,1
2025-09-24,2025-09-24 11:33:00,1593.06,1593.12,1593.06,1593.12,0.0,7.15,11553.98,1
2025-09-24,2025-09-24 11:34:00,1593.12,1593.19,1593.12,1593.19,0.0,7.15,11553.98,1
2025-09-24,2025-09-24 11:35:00,1593.19,1593.25,1593.19,1593.25,0.0,7.15,11553.98,1
2025-09-24,2025-09-24 11:36:00,1593.25,1593.31,1593.25,1593.31,0.0,7.15,11553.98,1
2025-09-24,2025-09-24 11:37:00,1593.31,1593.38,1593.31,1593.38,0.0,7.15,11553.98,1
2025-09-24,2025-09-24 11:38:00,1593.38,1593.44,1593.38,1593.44,0.0,7.15,11553.98,1
2025-09-24,2025-09-24 11:39:00,1593.44,1593.5,1593.44,1593.5,0.0,7.15,11553.98,1
2025-09-24,2025-09-24 11:40:00,1593.5,1593.56,1593.5,1593.56,0.0,7.15,11553.98,1
2025-09-24,2025-09-24 11:41:00,1593.56,1593.62,1593.56,1593.62,0.0,7.15,11553.98,1
2025-09-24,2025-09-24 11:42:00,1593.62,1593.69,1593.62,1593.69,0.0,7.15,11553.98,1
2025-09-24,2025-09-24 11:43:00,1593.69,1593.75,1593.69,1593.75,0.0,7.15,11553.98,1
2025-09-24,2025-09-24 11:44:00,1593.75,1593.81,1593.75,1593.81,0.0,7.15,11553.98,1
2025-09-24,2025-09-24 11:45:00,1593.81,1593.88,1593.81,1593.88,0.0,7.15,11553.98,1
2025-09-24,2025-09-24 11:46:00,1593.88,1593.94,1593.88,1593.94,0.0,7.15,11553.98,1
2025-09-24,2025-09-24 11:47:00,1593.94,1594.0,1593.94,1594.0,0.0,7.15,11553.98,1
2025-09-24,2025-09-24 11:48:00,1594.0,1594.06,1594.0,1594.06,0.0,7.15,11553.98,1
2025-09-24,2025-09-24 11:49:00,1594.06,1594.12,1594.06,1594.12,0.0,7.15,11553.98,1
2025-09-24,2025-09-24 11:50:00,1594.12,1594.19,1594.12,1594.19,0.0,7.15,11553.98,1
2025-09-24,2025-09-24 11:51:00,1594.19,1594.25,1594.19,1594.25,0.0,7.15,11553.98,1
2025-09-24,2025-09-24 11:52:00,1594.25,1594.31,1594.25,1594.31,0.0,7.15,11553.98,1
2025-09-24,2025-09-24 11:53:00,1594.31,1594.38,1594.31,1594.38,0.0,7.15,11553.98,1
2025-09-24,2025-09-24 11:54:00,1594.38,1594.44,1594.38,1594.44,0.0,7.15,11553.98,1
2025-09-24,2025-09-24 11:55:00,1594.44,1594.5,1594.44,1594.5,0.0,7.15,11553.98,1
2025-09-24,2025-09-24 11:56:00,1594.5,1594.56,1594.5,1594.56,0.0,7.15,11553.98,1
2025-09-24,2025-09-24 11:57:00,1594.56,1594.62,1594.56,1594.62,0.0,7.15,11553.98,1
2025-09-24,2025-09-24 11:58:00,1594.62,1594.69,1594.62,1594.69,0.0,7.15,11553.98,1
2025-09-24,2025-09-24 11:59:00,1594.69,1594.75,1594.69,1594.75,0.0,7.15,11553.98,1
2025-09-24,2025-09-24 12:00:00,1594.75,1594.81,1594.75,1594.81,0.0,7.15,11553.98,1
2025-09-24,2025-09-24 12:01:00,1594.81,1594.88,1594.81,1594.88,0.0,7.15,11553.98,1
2025-09-24,2025-09-24 12:02:00,1594.88,1594.94,1594.88,1594.94,0.0,7.15,11553.98,1
2025-09-24,2025-09-24 12:03:00,1594.94,1595.0,1594.94,1595.0,0.0,7.15,11553.98,1
2025-09-24,2025-09-24 12:04:00,1595.0,1595.06,1595.0,1595.06,0.0,7.15,11553.98,1
2025-09-24,2025-09-24 12:05:00,1595.06,1595.12,1595.06,1595.12,0.0,7.15,11553.98,1
2025-09-24,2025-09-24 12:06:00,1595.12,1595.19,1595.12,1595.19,0.0,7.15,11553.98,1
2025-09-24,2025-09-24 12:07:00,1595.19,1595.25,1595.19,1595.25,0.0,7.15,11553.98,1
2025-09-24,2025-09-24 12:08:00,1595.25,1595.31,1595.25,1595.31,0.0,7.15,11553.98,1
2025-09-24,2025-09-24 12:09:00,1595.31,1595.38,1595.31,1595.38,0.0,7.15,11553.98,1
2025-09-24,2025-09-24 12:10:00,1595.38,1595.44,1595.38,1595.44,0.0,7.15,11553.98,1
2025-09-24,2025-09-24 12:11:00,1595.44,1595.5,1595.44,1595.5,0.0,7.15,11553.98,1
2025-09-24,2025-09-24 12:12:00,1595.5,1595.56,1595.5,1595.56,0.0,7.15,11553.98,1
2025-09-24,2025-09-24 12:13:00,1595.56,1595.62,1595.56,1595.62,0.0,7.15,11553.98,1
2025-09-24,2025-09-24 12:14:00,1595.62,1595.69,1595.62,1595.69,0.0,7.15,11553.98,1
2025-09-24,2025-09-24 12:15:00,1595.69,1595.75,1595.69,1595.75,0.0,7.15,11553.98,1
2025-09-24,2025-09-24 12:16:00,1595.75,1595.81,1595.75,1595.81,0.0,7.15,11553.98,1
2025-09-24,2025-09-24 12:17:00,1595.81,1595.88,1595.81,1595.88,0.0,7.15,11553.98,1
2025-09-24,2025-09-24 12:18:00,1595.88,1595.94,1595.88,1595.94,0.0,7.15,11553.98,1
2025-09-24,2025-09-24 12:19:00,1595.94,1596.0,1595.94,1596.0,0.0,7.15,11553.98,1
2025-09-24,2025-09-24 12:20:00,1596.0,1596.06,1596.0,1596.06,0.0,7.15,11553.98,1
2025-09-24,2025-09-24 12:21:00,1596.06,1596.12,1596.06,1596.12,0.0,7.15,11553.98,1
2025-09-24,2025-09-24 12:22:00,1596.12,1596.19,1596.12,1596.19,0.0,7.15,11553.98,1
2025-09-24,2025-09-24 12:23:00,1596.19,1596.25,1596.19,1596.25,0.0,7.15,11553.98,1
2025-09-24,2025-09-24 12:24:00,1596.25,1596.31,1596.25,1596.31,0.0,7.15,11553.98,1
2025-09-24,2025-09-24 12:25:00,1596.31,1596.38,1596.31,1596.38,0.0,7.15,11553.98,1
2025-09-24,2025-09-24 12:26:00,1596.38,1596.44,1596.38,1596.44,0.0,7.15,11553.98,1
2025-09-24,2025-09-24 12:27:00,1596.44,1596.5,1596.44,1596.5,0.0,7.15,11553.98,1
2025-09-24,2025-09-24 12:28:00,1596.5,1596.56,1596.5,1596.56,0.0,7.15,11553.98,1
2025-09-24,2025-09-24 12:29:00,1596.56,1596.62,1596.56,1596.62,0.0,7.15,11553.98,1
2025-09-24,2025-09-24 12:30:00,1596.62,1596.69,1596.62,1596.69,0.0,7.15,11553.98,1
2025-09-24,2025-09-24 12:31:00,1596.69,1596.75,1596.69,1596.75,0.0,7.15,11553.98,1
2025-09-24,2025-09-24 12:32:00,1596.75,1596.81,1596.75,1596.81,0.0,7.15,11553.98,1
2025-09-24,2025-09-24 12:33:00,1596.81,1596.88,1596.81,1596.88,0.0,7.15,11553.98,1
2025-09-24,2025-09-24 12:34:00,1596.88,1596.94,1596.88,1596.94,0.0,7.15,11553.98,1
2025-09-24,2025-09-24 12:35:00,1596.94,1597.0,1596.94,1597.0,0.0,7.15,11553.98,1
2025-09-24,2025-09-24 12:36:00,1597.0,1597.06,1597.0,1597.06,0.0,7.15,11553.98,1
2025-09-24,2025-09-24 12:37:00,1597.06,1597.12,1597.06,1597.12,0.0,7.15,11553.98,1
2025-09-24,2025-09-24 12:38:00,1597.12,1597.19,1597.12,1597.19,0.0,7.15,11553.98,1
2025-09-24,2025-09-24 12:39:00,1597.19,1597.25,1597.19,1597.25,0.0,7.15,11553.98,1
2025-09-24,2025-09-24 12:40:00,1597.25,1597.31,1597.25,1597.31,0.0,7.15,11553.98,1
2025-09-24,2025-09-24 12:41:00,1597.31,1597.38,1597.31,1597.38,0.0,7.15,11553.98,1
2025-09-24,2025-09-24 12:42:00,1597.38,1597.44,1597.38,1597.44,0.0,7.15,11553.98,1
2025-09-24,2025-09-24 12:43:00,1597.44,1597.5,1597.44,1597.5,0.0,7.15,11553.98,1
2025-09-24,2025-09-24 12:44:00,1597.5,1597.56,1597.5,1597.56,0.0,7.15,11553.98,1
2025-09-24,2025-09-24 12:45:00,1597.56,1597.62,1597.56,1597.62,0.0,7.15,11553.98,1
2025-09-24,2025-09-24 12:46:00,1597.62,1597.69,1597.62,1597.69,0.0,7.15,11553.98,1
2025-09-24,2025-09-24 12:47:00,1597.69,1597.75,1597.69,1597.75,0.0,7.15,11553.98,1
2025-09-24,2025-09-24 12:48:00,1597.75,1597.81,1597.75,1597.81,0.0,7.15,11553.98,1
2025-09-24,2025-09-24 12:49:00,1597.81,1597.88,1597.81,1597.88,0.0,7.15,11553.98,1
2025-09-24,2025-09-24 12:50:00,1597.88,1597.94,1597.88,1597.94,0.0,7.15,11553.98,1
2025-09-24,2025-09-24 12:51:00,1597.94,1598.0,1597.94,1598.0,0.0,7.15,11553.98,1
2025-09-24,2025-09-24 12:52:00,1598.0,1598.06,1598.0,1598.06,0.0,7.15,11553.98,1
2025-09-24,2025-09-24 12:53:00,1598.06,1598.12,1598.06,1598.12,0.0,7.15,11553.98,1
2025-09-24,2025-09-24 12:54:00,1598.12,1598.19,1598.12,1598.19,0.0,7.15,11553.98,1
2025-09-24,2025-09-24 12:55:00,1598.19,1598.25,1598.19,1598.25,0.0,7.15,11553.98,1
2025-09-24,2025-09-24 12:56:00,1598.25,1598.31,1598.25,1598.31,0.0,7.15,11553.98,1
2025-09-24,2025-09-24 12:57:00,1598.31,1598.38,1598.31,1598.38,0.0,7.15,11553.98,1
2025-09-24,2025-09-24 12:58:00,1598.38,1598.44,1598.38,1598.44,0.0,7.15,11553.98,1
2025-09-24,2025-09-24 12:59:00,1598.44,1598.5,1598.44,1598.5,0.0,7.15,11553.98,1
2025-09-24,2025-09-24 13:00:00,1598.5,1640.0,1591.0,1598.56,0.0,7.15,11553.98,1
2025-09-24,2025-09-24 13:01:00,1598.56,1598.62,1598.56,1598.62,0.0,7.15,11553.98,1
2025-09-24,2025-09-24 13:02:00,1598.62,1598.69,1598.62,1598.69,0.0,7.15,11553.98,1
2025-09-24,2025-09-24 13:03:00,1598.69,1598.75,1598.69,1598.75,0.0,7.15,11553.98,1
2025-09-24,2025-09-24 13:04:00,1598.75,1598.81,1598.75,1598.81,0.0,7.15,11553.98,1
2025-09-24,2025-09-24 13:05:00,1598.81,1598.88,1598.81,1598.88,0.0,7.15,11553.98,1
2025-09-24,2025-09-24 13:06:00,1598.88,1598.94,1598.88,1598.94,0.0,7.15,11553.98,1
2025-09-24,2025-09-24 13:07:00,1598.94,1599.0,1598.94,1599.0,0.0,7.15,11553.98,1
2025-09-24,2025-09-24 13:08:00,1599.0,1599.06,1599.0,1599.06,0.0,7.15,11553.98,1
2025-09-24,2025-09-24 13:09:00,1599.06,1599.12,1599.06,1599.12,0.0,7.15,11553.98,1
2025-09-24,2025-09-24 13:10:00,1599.12,1599.19,1599.12,1599.19,0.0,7.15,11553.98,1
2025-09-24,2025-09-24 13:11:00,1599.19,1599.25,1599.19,1599.25,0.0,7.15,11553.98,1
2025-09-24,2025-09-24 13:12:00,1599.25,1599.31,1599.25,1599.31,0.0,7.15,11553.98,1
2025-09-24,2025-09-24 13:13:00,1599.31,1599.38,1599.31,1599.38,0.0,7.15,11553.98,1
2025-09-24,2025-09-24 13:14:00,1599.38,1599.44,1599.38,1599.44,0.0,7.15,11553.98,1
2025-09-24,2025-09-24 13:15:00,1599.44,1599.5,1599.44,1599.5,0.0,7.15,11553.98,1
2025-09-24,2025-09-24 13:16:00,1599.5,1599.56,1599.5,1599.56,0.0,7.15,11553.98,1
2025-09-24,2025-09-24 13:17:00,1599.56,1599.62,1599.56,1599.62,0.0,7.15,11553.98,1
2025-09-24,2025-09-24 13:18:00,1599.62,1599.69,1599.62,1599.69,0.0,7.15,11553.98,1
2025-09-24,2025-09-24 13:19:00,1599.69,1599.75,1599.69,1599.75,0.0,7.15,11553.98,1
2025-09-24,2025-09-24 13:20:00,1599.75,1599.81,1599.75,1599.81,0.0,7.15,11553.98,1
2025-09-24,2025-09-24 13:21:00,1599.81,1599.88,1599.81,1599.88,0.0,7.15,11553.98,1
2025-09-24,2025-09-24 13:22:00,1599.88,1599.94,1599.88,1599.94,0.0,7.15,11553.98,1
2025-09-24,2025-09-24 13:23:00,1599.94,1600.0,1599.94,1600.0,0.0,7.15,11553.98,1
2025-09-24,2025-09-24 13:24:00,1600.0,1600.06,1600.0,1600.06,0.0,7.15,11553.98,1
2025-09-24,2025-09-24 13:25:00,1600.06,1600.12,1600.06,1600.12,0.0,7.15,11553.98,1
2025-09-24,2025-09-24 13:26:00,1600.12,1600.19,1600.12,1600.19,0.0,7.15,11553.98,1
2025-09-24,2025-09-24 13:27:00,1600.19,1600.25,1600.19,1600.25,0.0,7.15,11553.98,1
2025-09-24,2025-09-24 13:28:00,1600.25,1600.31,1600.25,1600.31,0.0,7.15,11553.98,1
2025-09-24,2025-09-24 13:29:00,1600.31,1600.38,1600.31,1600.38,0.0,7.15,11553.98,1
2025-09-24,2025-09-24 13:30:00,1600.38,1600.44,1600.38,1600.44,0.0,7.15,11553.98,1
2025-09-24,2025-09-24 13:31:00,1600.44,1600.5,1600.44,1600.5,0.0,7.15,11553.98,1
2025-09-24,2025-09-24 13:32:00,1600.5,1600.56,1600.5,1600.56,0.0,7.15,11553.98,1
2025-09-24,2025-09-24 13:33:00,1600.56,1600.62,1600.56,1600.62,0.0,7.15,11553.98,1
2025-09-24,2025-09-24 13:34:00,1600.62,1600.69,1600.62,1600.69,0.0,7.15,11553.98,1
2025-09-24,2025-09-24 13:35:00,1600.69,1600.75,1600.69,1600.75,0.0,7.15,11553.98,1
2025-09-24,2025-09-24 13:36:00,1600.75,1600.81,1600.75,1600.81,0.0,7.15,11553.98,1
2025-09-24,2025-09-24 13:37:00,1600.81,1600.88,1600.81,1600.88,0.0,7.15,11553.98,1
2025-09-24,2025-09-24 13:38:00,1600.88,1600.94,1600.88,1600.94,0.0,7.15,11553.98,1
2025-09-24,2025-09-24 13:39:00,1600.94,1601.0,1600.94,1601.0,0.0,7.15,11553.98,1
2025-09-24,2025-09-24 13:40:00,1601.0,1601.06,1601.0,1601.06,0.0,7.15,11553.98,1
2025-09-24,2025-09-24 13:41:00,1601.06,1601.12,1601.06,1601.12,0.0,7.15,11553.98,1
2025-09-24,2025-09-24 13:42:00,1601.12,1601.19,1601.12,1601.19,0.0,7.15,11553.98,1
2025-09-24,2025-09-24 13:43:00,1601.19,1601.25,1601.19,1601.25,0.0,7.15,11553.98,1
2025-09-24,2025-09-24 13:44:00,1601.25,1601.31,1601.25,1601.31,0.0,7.15,11553.98,1
2025-09-24,2025-09-24 13:45:00,1601.31,1601.38,1601.31,1601.38,0.0,7.15,11553.98,1
2025-09-24,2025-09-24 13:46:00,1601.38,1601.44,1601.38,1601.44,0.0,7.15,11553.98,1
2025-09-24,2025-09-24 13:47:00,1601.44,1601.5,1601.44,1601.5,0.0,7.15,11553.98,1
2025-09-24,2025-09-24 13:48:00,1601.5,1601.56,1601.5,1601.56,0.0,7.15,11553.98,1
2025-09-24,2025-09-24 13:49:00,1601.56,1601.62,1601.56,1601.62,0.0,7.15,11553.98,1
2025-09-24,2025-09-24 13:50:00,1601.62,1601.69,1601.62,1601.69,0.0,7.15,11553.98,1
2025-09-24,2025-09-24 13:51:00,1601.69,1601.75,1601.69,1601.75,0.0,7.15,11553.98,1
2025-09-24,2025-09-24 13:52:00,1601.75,1601.81,1601.75,1601.81,0.0,7.15,11553.98,1
2025-09-24,2025-09-24 13:53:00,1601.81,1601.88,1601.81,1601.88,0.0,7.15,11553.98,1
2025-09-24,2025-09-24 13:54:00,1601.88,1601.94,1601.88,1601.94,0.0,7.15,11553.98,1
2025-09-24,2025-09-24 13:55:00,1601.94,1602.0,1601.94,1602.0,0.0,7.15,11553.98,1
2025-09-24,2025-09-24 13:56:00,1602.0,1602.06,1602.0,1602.06,0.0,7.15,11553.98,1
2025-09-24,2025-09-24 13:57:00,1602.06,1602.12,1602.06,1602.12,0.0,7.15,11553.98,1
2025-09-24,2025-09-24 13:58:00,1602.12,1602.19,1602.12,1602.19,0.0,7.15,11553.98,1
2025-09-24,2025-09-24 13:59:00,1602.19,1602.25,1602.19,1602.25,0.0,7.15,11553.98,1
2025-09-24,2025-09-24 14:00:00,1602.25,1602.31,1602.25,1602.31,0.0,7.15,11553.98,1
2025-09-24,2025-09-24 14:01:00,1602.31,1602.38,1602.31,1602.38,0.0,7.15,11553.98,1
2025-09-24,2025-09-24 14:02:00,1602.38,1602.44,1602.38,1602.44,0.0,7.15,11553.98,1
2025-09-24,2025-09-24 14:03:00,1602.44,1602.5,1602.44,1602.5,0.0,7.15,11553.98,1
2025-09-24,2025-09-24 14:04:00,1602.5,1602.56,1602.5,1602.56,0.0,7.15,11553.98,1
2025-09-24,2025-09-24 14:05:00,1602.56,1602.62,1602.56,1602.62,0.0,7.15,11553.98,1
2025-09-24,2025-09-24 14:06:00,1602.62,1602.69,1602.62,1602.69,0.0,7.15,11553.98,1
2025-09-24,2025-09-24 14:07:00,1602.69,1602.75,1602.69,1602.75,0.0,7.15,11553.98,1
2025-09-24,2025-09-24 14:08:00,1602.75,1602.81,1602.75,1602.81,0.0,7.15,11553.98,1
2025-09-24,2025-09-24 14:09:00,1602.81,1602.88,1602.81,1602.88,0.0,7.15,11553.98,1
2025-09-24,2025-09-24 14:10:00,1602.88,1602.94,1602.88,1602.94,0.0,7.15,11553.98,1
2025-09-24,2025-09-24 14:11:00,1602.94,1603.0,1602.94,1603.0,0.0,7.15,11553.98,1
2025-09-24,2025-09-24 14:12:00,1603.0,1603.06,1603.0,1603.06,0.0,7.15,11553.98,1
2025-09-24,2025-09-24 14:13:00,1603.06,1603.12,1603.06,1603.12,0.0,7.15,11553.98,1
2025-09-24,2025-09-24 14:14:00,1603.12,1603.19,1603.12,1603.19,0.0,7.15,11553.98,1
2025-09-24,2025-09-24 14:15:00,1603.19,1603.25,1603.19,1603.25,0.0,7.15,11553.98,1
2025-09-24,2025-09-24 14:16:00,1603.25,1603.31,1603.25,1603.31,0.0,7.15,11553.98,1
2025-09-24,2025-09-24 14:17:00,1603.31,1603.38,1603.31,1603.38,0.0,7.15,11553.98,1
2025-09-24,2025-09-24 14:18:00,1603.38,1603.44,1603.38,1603.44,0.0,7.15,11553.98,1
2025-09-24,2025-09-24 14:19:00,1603.44,1603.5,1603.44,1603.5,0.0,7.15,11553.98,1
2025-09-24,2025-09-24 14:20:00,1603.5,1603.56,1603.5,1603.56,0.0,7.15,11553.98,1
2025-09-24,2025-09-24 14:21:00,1603.56,1603.62,1603.56,1603.62,0.0,7.15,11553.98,1
2025-09-24,2025-09-24 14:22:00,1603.62,1603.69,1603.62,1603.69,0.0,7.15,11553.98,1
2025-09-24,2025-09-24 14:23:00,1603.69,1603.75,1603.69,1603.75,0.0,7.15,11553.98,1
2025-09-24,2025-09-24 14:24:00,1603.75,1603.81,1603.75,1603.81,0.0,7.15,11553.98,1
2025-09-24,2025-09-24 14:25:00,1603.81,1603.88,1603.81,1603.88,0.0,7.15,11553.98,1
2025-09-24,2025-09-24 14:26:00,1603.88,1603.94,1603.88,1603.94,0.0,7.15,11553.98,1
2025-09-24,2025-09-24 14:27:00,1603.94,1604.0,1603.94,1604.0,0.0,7.15,11553.98,1
2025-09-24,2025-09-24 14:28:00,1604.0,1604.06,1604.0,1604.06,0.0,7.15,11553.98,1
2025-09-24,2025-09-24 14:29:00,1604.06,1604.12,1604.06,1604.12,0.0,7.15,11553.98,1
2025-09-24,2025-09-24 14:30:00,1604.12,1604.19,1604.12,1604.19,0.0,7.15,11553.98,1
2025-09-24,2025-09-24 14:31:00,1604.19,1604.25,1604.19,1604.25,0.0,7.15,11553.98,1
2025-09-24,2025-09-24 14:32:00,1604.25,1604.31,1604.25,1604.31,0.0,7.15,11553.98,1
2025-09-24,2025-09-24 14:33:00,1604.31,1604.38,1604.31,1604.38,0.0,7.15,11553.98,1
2025-09-24,2025-09-24 14:34:00,1604.38,1604.44,1604.38,1604.44,0.0,7.15,11553.98,1
2025-09-24,2025-09-24 14:35:00,1604.44,1604.5,1604.44,1604.5,0.0,7.15,11553.98,1
2025-09-24,2025-09-24 14:36:00,1604.5,1604.56,1604.5,1604.56,0.0,7.15,11553.98,1
2025-09-24,2025-09-24 14:37:00,1604.56,1604.62,1604.56,1604.62,0.0,7.15,11553.98,1
2025-09-24,2025-09-24 14:38:00,1604.62,1604.69,1604.62,1604.69,0.0,7.15,11553.98,1
2025-09-24,2025-09-24 14:39:00,1604.69,1604.75,1604.69,1604.75,0.0,7.15,11553.98,1
2025-09-24,2025-09-24 14:40:00,1604.75,1604.81,1604.75,1604.81,0.0,7.15,11553.98,1
2025-09-24,2025-09-24 14:41:00,1604.81,1604.88,1604.81,1604.88,0.0,7.15,11553.98,1
2025-09-24,2025-09-24 14:42:00,1604.88,1604.94,1604.88,1604.94,0.0,7.15,11553.98,1
2025-09-24,2025-09-24 14:43:00,1604.94,1605.0,1604.94,1605.0,0.0,7.15,11553.98,1
2025-09-24,2025-09-24 14:44:00,1605.0,1605.06,1605.0,1605.06,0.0,7.15,11553.98,1
2025-09-24,2025-09-24 14:45:00,1605.06,1605.12,1605.06,1605.12,0.0,7.15,11553.98,1
2025-09-24,2025-09-24 14:46:00,1605.12,1605.19,1605.12,1605.19,0.0,7.15,11553.98,1
2025-09-24,2025-09-24 14:47:00,1605.19,1605.25,1605.19,1605.25,0.0,7.15,11553.98,1
2025-09-24,2025-09-24 14:48:00,1605.25,1605.31,1605.25,1605.31,0.0,7.15,11553.98,1
2025-09-24,2025-09-24 14:49:00,1605.31,1605.38,1605.31,1605.38,0.0,7.15,11553.98,1
2025-09-24,2025-09-24 14:50:00,1605.38,1605.44,1605.38,1605.44,0.0,7.15,11553.98,1
2025-09-24,2025-09-24 14:51:00,1605.44,1605.5,1605.44,1605.5,0.0,7.15,11553.98,1
2025-09-24,2025-09-24 14:52:00,1605.5,1605.56,1605.5,1605.56,0.0,7.15,11553.98,1
2025-09-24,2025-09-24 14:53:00,1605.56,1605.62,1605.56,1605.62,0.0,7.15,11553.98,1
2025-09-24,2025-09-24 14:54:00,1605.62,1605.69,1605.62,1605.69,0.0,7.15,11553.98,1
2025-09-24,2025-09-24 14:55:00,1605.69,1605.75,1605.69,1605.75,0.0,7.15,11553.98,1
2025-09-24,2025-09-24 14:56:00,1605.75,1605.81,1605.75,1605.81,0.0,7.15,11553.98,1
2025-09-24,2025-09-24 14:57:00,1605.81,1605.88,1605.81,1605.88,0.0,7.15,11553.98,1
2025-09-24,2025-09-24 14:58:00,1605.88,1605.94,1605.88,1605.94,0.0,7.15,11553.98,1
2025-09-24,2025-09-24 14:59:00,1605.94,1606.0,1605.94,1606.0,0.0,7.15,11553.98,1
2025-09-24,2025-09-24 15:00:00,1606.0,1640.0,1591.0,1606.0,0.0,7.15,11553.98,0
2025-09-25,2025-09-25 11:00:00,1600.0,1608.97,1598.92,1600.04,0.0,3.03,4895.45,1
2025-09-25,2025-09-25 11:01:00,1600.04,1600.08,1600.04,1600.08,0.0,3.03,4895.45,1
2025-09-25,2025-09-25 11:02:00,1600.08,1600.12,1600.08,1600.12,0.0,3.03,4895.45,1
2025-09-25,2025-09-25 11:03:00,1600.12,1600.17,1600.12,1600.17,0.0,3.03,4895.45,1
2025-09-25,2025-09-25 11:04:00,1600.17,1600.21,1600.17,1600.21,0.0,3.03,4895.45,1
2025-09-25,2025-09-25 11:05:00,1600.21,1600.25,1600.21,1600.25,0.0,3.03,4895.45,1
2025-09-25,2025-09-25 11:06:00,1600.25,1600.29,1600.25,1600.29,0.0,3.03,4895.45,1
2025-09-25,2025-09-25 11:07:00,1600.29,1600.33,1600.29,1600.33,0.0,3.03,4895.45,1
2025-09-25,2025-09-25 11:08:00,1600.33,1600.38,1600.33,1600.38,0.0,3.03,4895.45,1
2025-09-25,2025-09-25 11:09:00,1600.38,1600.42,1600.38,1600.42,0.0,3.03,4895.45,1
2025-09-25,2025-09-25 11:10:00,1600.42,1600.46,1600.42,1600.46,0.0,3.03,4895.45,1
2025-09-25,2025-09-25 11:11:00,1600.46,1600.5,1600.46,1600.5,0.0,3.03,4895.45,1
2025-09-25,2025-09-25 11:12:00,1600.5,1600.54,1600.5,1600.54,0.0,3.03,4895.45,1
2025-09-25,2025-09-25 11:13:00,1600.54,1600.58,1600.54,1600.58,0.0,3.03,4895.45,1
2025-09-25,2025-09-25 11:14:00,1600.58,1600.62,1600.58,1600.62,0.0,3.03,4895.45,1
2025-09-25,2025-09-25 11:15:00,1600.62,1600.67,1600.62,1600.67,0.0,3.03,4895.45,1
2025-09-25,2025-09-25 11:16:00,1600.67,1600.71,1600.67,1600.71,0.0,3.03,4895.45,1
2025-09-25,2025-09-25 11:17:00,1600.71,1600.75,1600.71,1600.75,0.0,3.03,4895.45,1
2025-09-25,2025-09-25 11:18:00,1600.75,1600.79,1600.75,1600.79,0.0,3.03,4895.45,1
2025-09-25,2025-09-25 11:19:00,1600.79,1600.83,1600.79,1600.83,0.0,3.03,4895.45,1
2025-09-25,2025-09-25 11:20:00,1600.83,1600.88,1600.83,1600.88,0.0,3.03,4895.45,1
2025-09-25,2025-09-25 11:21:00,1600.88,1600.92,1600.88,1600.92,0.0,3.03,4895.45,1
2025-09-25,2025-09-25 11:22:00,1600.92,1600.96,1600.92,1600.96,0.0,3.03,4895.45,1
2025-09-25,2025-09-25 11:23:00,1600.96,1601.0,1600.96,1601.0,0.0,3.03,4895.45,1
2025-09-25,2025-09-25 11:24:00,1601.0,1601.04,1601.0,1601.04,0.0,3.03,4895.45,1
2025-09-25,2025-09-25 11:25:00,1601.04,1601.08,1601.04,1601.08,0.0,3.03,4895.45,1
2025-09-25,2025-09-25 11:26:00,1601.08,1601.12,1601.08,1601.12,0.0,3.03,4895.45,1
2025-09-25,2025-09-25 11:27:00,1601.12,1601.17,1601.12,1601.17,0.0,3.03,4895.45,1
2025-09-25,2025-09-25 11:28:00,1601.17,1601.21,1601.17,1601.21,0.0,3.03,4895.45,1
2025-09-25,2025-09-25 11:29:00,1601.21,1601.25,1601.21,1601.25,0.0,3.03,4895.45,1
2025-09-25,2025-09-25 11:30:00,1601.25,1601.29,1601.25,1601.29,0.0,3.03,4895.45,1
2025-09-25,2025-09-25 11:31:00,1601.29,1601.33,1601.29,1601.33,0.0,3.03,4895.45,1
2025-09-25,2025-09-25 11:32:00,1601.33,1601.38,1601.33,1601.38,0.0,3.03,4895.45,1
2025-09-25,2025-09-25 11:33:00,1601.38,1601.42,1601.38,1601.42,0.0,3.03,4895.45,1
2025-09-25,2025-09-25 11:34:00,1601.42,1601.46,1601.42,1601.46,0.0,3.03,4895.45,1
2025-09-25,2025-09-25 11:35:00,1601.46,1601.5,1601.46,1601.5,0.0,3.03,4895.45,1
2025-09-25,2025-09-25 11:36:00,1601.5,1601.54,1601.5,1601.54,0.0,3.03,4895.45,1
2025-09-25,2025-09-25 11:37:00,1601.54,1601.58,1601.54,1601.58,0.0,3.03,4895.45,1
2025-09-25,2025-09-25 11:38:00,1601.58,1601.62,1601.58,1601.62,0.0,3.03,4895.45,1
2025-09-25,2025-09-25 11:39:00,1601.62,1601.67,1601.62,1601.67,0.0,3.03,4895.45,1
2025-09-25,2025-09-25 11:40:00,1601.67,1601.71,1601.67,1601.71,0.0,3.03,4895.45,1
2025-09-25,2025-09-25 11:41:00,1601.71,1601.75,1601.71,1601.75,0.0,3.03,4895.45,1
2025-09-25,2025-09-25 11:42:00,1601.75,1601.79,1601.75,1601.79,0.0,3.03,4895.45,1
2025-09-25,2025-09-25 11:43:00,1601.79,1601.83,1601.79,1601.83,0.0,3.03,4895.45,1
2025-09-25,2025-09-25 11:44:00,1601.83,1601.88,1601.83,1601.88,0.0,3.03,4895.45,1
2025-09-25,2025-09-25 11:45:00,1601.88,1601.92,1601.88,1601.92,0.0,3.03,4895.45,1
2025-09-25,2025-09-25 11:46:00,1601.92,1601.96,1601.92,1601.96,0.0,3.03,4895.45,1
2025-09-25,2025-09-25 11:47:00,1601.96,1602.0,1601.96,1602.0,0.0,3.03,4895.45,1
2025-09-25,2025-09-25 11:48:00,1602.0,1602.04,1602.0,1602.04,0.0,3.03,4895.45,1
2025-09-25,2025-09-25 11:49:00,1602.04,1602.08,1602.04,1602.08,0.0,3.03,4895.45,1
2025-09-25,2025-09-25 11:50:00,1602.08,1602.12,1602.08,1602.12,0.0,3.03,4895.45,1
2025-09-25,2025-09-25 11:51:00,1602.12,1602.17,1602.12,1602.17,0.0,3.03,4895.45,1
2025-09-25,2025-09-25 11:52:00,1602.17,1602.21,1602.17,1602.21,0.0,3.03,4895.45,1
2025-09-25,2025-09-25 11:53:00,1602.21,1602.25,1602.21,1602.25,0.0,3.03,4895.45,1
2025-09-25,2025-09-25 11:54:00,1602.25,1602.29,1602.25,1602.29,0.0,3.03,4895.45,1
2025-09-25,2025-09-25 11:55:00,1602.29,1602.33,1602.29,1602.33,0.0,3.03,4895.45,1
2025-09-25,2025-09-25 11:56:00,1602.33,1602.38,1602.33,1602.38,0.0,3.03,4895.45,1
2025-09-25,2025-09-25 11:57:00,1602.38,1602.42,1602.38,1602.42,0.0,3.03,4895.45,1
2025-09-25,2025-09-25 11:58:00,1602.42,1602.46,1602.42,1602.46,0.0,3.03,4895.45,1
2025-09-25,2025-09-25 11:59:00,1602.46,1602.5,1602.46,1602.5,0.0,3.03,4895.45,1
2025-09-25,2025-09-25 12:00:00,1602.5,1602.54,1602.5,1602.54,0.0,3.03,4895.45,1
2025-09-25,2025-09-25 12:01:00,1602.54,1602.58,1602.54,1602.58,0.0,3.03,4895.45,1
2025-09-25,2025-09-25 12:02:00,1602.58,1602.62,1602.58,1602.62,0.0,3.03,4895.45,1
2025-09-25,2025-09-25 12:03:00,1602.62,1602.67,1602.62,1602.67,0.0,3.03,4895.45,1
2025-09-25,2025-09-25 12:04:00,1602.67,1602.71,1602.67,1602.71,0.0,3.03,4895.45,1
2025-09-25,2025-09-25 12:05:00,1602.71,1602.75,1602.71,1602.75,0.0,3.03,4895.45,1
2025-09-25,2025-09-25 12:06:00,1602.75,1602.79,1602.75,1602.79,0.0,3.03,4895.45,1
2025-09-25,2025-09-25 12:07:00,1602.79,1602.83,1602.79,1602.83,0.0,3.03,4895.45,1
2025-09-25,2025-09-25 12:08:00,1602.83,1602.88,1602.83,1602.88,0.0,3.03,4895.45,1
2025-09-25,2025-09-25 12:09:00,1602.88,1602.92,1602.88,1602.92,0.0,3.03,4895.45,1
2025-09-25,2025-09-25 12:10:00,1602.92,1602.96,1602.92,1602.96,0.0,3.03,4895.45,1
2025-09-25,2025-09-25 12:11:00,1602.96,1603.0,1602.96,1603.0,0.0,3.03,4895.45,1
2025-09-25,2025-09-25 12:12:00,1603.0,1603.04,1603.0,1603.04,0.0,3.03,4895.45,1
2025-09-25,2025-09-25 12:13:00,1603.04,1603.08,1603.04,1603.08,0.0,3.03,4895.45,1
2025-09-25,2025-09-25 12:14:00,1603.08,1603.12,1603.08,1603.12,0.0,3.03,4895.45,1
2025-09-25,2025-09-25 12:15:00,1603.12,1603.17,1603.12,1603.17,0.0,3.03,4895.45,1
2025-09-25,2025-09-25 12:16:00,1603.17,1603.21,1603.17,1603.21,0.0,3.03,4895.45,1
2025-09-25,2025-09-25 12:17:00,1603.21,1603.25,1603.21,1603.25,0.0,3.03,4895.45,1
2025-09-25,2025-09-25 12:18:00,1603.25,1603.29,1603.25,1603.29,0.0,3.03,4895.45,1
2025-09-25,2025-09-25 12:19:00,1603.29,1603.33,1603.29,1603.33,0.0,3.03,4895.45,1
2025-09-25,2025-09-25 12:20:00,1603.33,1603.38,1603.33,1603.38,0.0,3.03,4895.45,1
2025-09-25,2025-09-25 12:21:00,1603.38,1603.42,1603.38,1603.42,0.0,3.03,4895.45,1
2025-09-25,2025-09-25 12:22:00,1603.42,1603.46,1603.42,1603.46,0.0,3.03,4895.45,1
2025-09-25,2025-09-25 12:23:00,1603.46,1603.5,1603.46,1603.5,0.0,3.03,4895.45,1
2025-09-25,2025-09-25 12:24:00,1603.5,1603.54,1603.5,1603.54,0.0,3.03,4895.45,1
2025-09-25,2025-09-25 12:25:00,1603.54,1603.58,1603.54,1603.58,0.0,3.03,4895.45,1
2025-09-25,2025-09-25 12:26:00,1603.58,1603.62,1603.58,1603.62,0.0,3.03,4895.45,1
2025-09-25,2025-09-25 12:27:00,1603.62,1603.67,1603.62,1603.67,0.0,3.03,4895.45,1
2025-09-25,2025-09-25 12:28:00,1603.67,1603.71,1603.67,1603.71,0.0,3.03,4895.45,1
2025-09-25,2025-09-25 12:29:00,1603.71,1603.75,1603.71,1603.75,0.0,3.03,4895.45,1
2025-09-25,2025-09-25 12:30:00,1603.75,1603.79,1603.75,1603.79,0.0,3.03,4895.45,1
2025-09-25,2025-09-25 12:31:00,1603.79,1603.83,1603.79,1603.83,0.0,3.03,4895.45,1
2025-09-25,2025-09-25 12:32:00,1603.83,1603.88,1603.83,1603.88,0.0,3.03,4895.45,1
2025-09-25,2025-09-25 12:33:00,1603.88,1603.92,1603.88,1603.92,0.0,3.03,4895.45,1
2025-09-25,2025-09-25 12:34:00,1603.92,1603.96,1603.92,1603.96,0.0,3.03,4895.45,1
2025-09-25,2025-09-25 12:35:00,1603.96,1604.0,1603.96,1604.0,0.0,3.03,4895.45,1
2025-09-25,2025-09-25 12:36:00,1604.0,1604.04,1604.0,1604.04,0.0,3.03,4895.45,1
2025-09-25,2025-09-25 12:37:00,1604.04,1604.08,1604.04,1604.08,0.0,3.03,4895.45,1
2025-09-25,2025-09-25 12:38:00,1604.08,1604.12,1604.08,1604.12,0.0,3.03,4895.45,1
2025-09-25,2025-09-25 12:39:00,1604.12,1604.17,1604.12,1604.17,0.0,3.03,4895.45,1
2025-09-25,2025-09-25 12:40:00,1604.17,1604.21,1604.17,1604.21,0.0,3.03,4895.45,1
2025-09-25,2025-09-25 12:41:00,1604.21,1604.25,1604.21,1604.25,0.0,3.03,4895.45,1
2025-09-25,2025-09-25 12:42:00,1604.25,1604.29,1604.25,1604.29,0.0,3.03,4895.45,1
2025-09-25,2025-09-25 12:43:00,1604.29,1604.33,1604.29,1604.33,0.0,3.03,4895.45,1
2025-09-25,2025-09-25 12:44:00,1604.33,1604.38,1604.33,1604.38,0.0,3.03,4895.45,1
2025-09-25,2025-09-25 12:45:00,1604.38,1604.42,1604.38,1604.42,0.0,3.03,4895.45,1
2025-09-25,2025-09-25 12:46:00,1604.42,1604.46,1604.42,1604.46,0.0,3.03,4895.45,1
2025-09-25,2025-09-25 12:47:00,1604.46,1604.5,1604.46,1604.5,0.0,3.03,4895.45,1
2025-09-25,2025-09-25 12:48:00,1604.5,1604.54,1604.5,1604.54,0.0,3.03,4895.45,1
2025-09-25,2025-09-25 12:49:00,1604.54,1604.58,1604.54,1604.58,0.0,3.03,4895.45,1
2025-09-25,2025-09-25 12:50:00,1604.58,1604.62,1604.58,1604.62,0.0,3.03,4895.45,1
2025-09-25,2025-09-25 12:51:00,1604.62,1604.67,1604.62,1604.67,0.0,3.03,4895.45,1
2025-09-25,2025-09-25 12:52:00,1604.67,1604.71,1604.67,1604.71,0.0,3.03,4895.45,1
2025-09-25,2025-09-25 12:53:00,1604.71,1604.75,1604.71,1604.75,0.0,3.03,4895.45,1
2025-09-25,2025-09-25 12:54:00,1604.75,1604.79,1604.75,1604.79,0.0,3.03,4895.45,1
2025-09-25,2025-09-25 12:55:00,1604.79,1604.83,1604.79,1604.83,0.0,3.03,4895.45,1
2025-09-25,2025-09-25 12:56:00,1604.83,1604.88,1604.83,1604.88,0.0,3.03,4895.45,1
2025-09-25,2025-09-25 12:57:00,1604.88,1604.92,1604.88,1604.92,0.0,3.03,4895.45,1
2025-09-25,2025-09-25 12:58:00,1604.92,1604.96,1604.92,1604.96,0.0,3.03,4895.45,1
2025-09-25,2025-09-25 12:59:00,1604.96,1605.0,1604.96,1605.0,0.0,3.03,4895.45,1
2025-09-25,2025-09-25 13:00:00,1605.0,1629.9,1596.4,1605.04,0.0,3.03,4895.45,1
2025-09-25,2025-09-25 13:01:00,1605.04,1605.08,1605.04,1605.08,0.0,3.03,4895.45,1
2025-09-25,2025-09-25 13:02:00,1605.08,1605.12,1605.08,1605.12,0.0,3.03,4895.45,1
2025-09-25,2025-09-25 13:03:00,1605.12,1605.17,1605.12,1605.17,0.0,3.03,4895.45,1
2025-09-25,2025-09-25 13:04:00,1605.17,1605.21,1605.17,1605.21,0.0,3.03,4895.45,1
2025-09-25,2025-09-25 13:05:00,1605.21,1605.25,1605.21,1605.25,0.0,3.03,4895.45,1
2025-09-25,2025-09-25 13:06:00,1605.25,1605.29,1605.25,1605.29,0.0,3.03,4895.45,1
2025-09-25,2025-09-25 13:07:00,1605.29,1605.33,1605.29,1605.33,0.0,3.03,4895.45,1
2025-09-25,2025-09-25 13:08:00,1605.33,1605.38,1605.33,1605.38,0.0,3.03,4895.45,1
2025-09-25,2025-09-25 13:09:00,1605.38,1605.42,1605.38,1605.42,0.0,3.03,4895.45,1
2025-09-25,2025-09-25 13:10:00,1605.42,1605.46,1605.42,1605.46,0.0,3.03,4895.45,1
2025-09-25,2025-09-25 13:11:00,1605.46,1605.5,1605.46,1605.5,0.0,3.03,4895.45,1
2025-09-25,2025-09-25 13:12:00,1605.5,1605.54,1605.5,1605.54,0.0,3.03,4895.45,1
2025-09-25,2025-09-25 13:13:00,1605.54,1605.58,1605.54,1605.58,0.0,3.03,4895.45,1
2025-09-25,2025-09-25 13:14:00,1605.58,1605.62,1605.58,1605.62,0.0,3.03,4895.45,1
2025-09-25,2025-09-25 13:15:00,1605.62,1605.67,1605.62,1605.67,0.0,3.03,4895.45,1
2025-09-25,2025-09-25 13:16:00,1605.67,1605.71,1605.67,1605.71,0.0,3.03,4895.45,1
2025-09-25,2025-09-25 13:17:00,1605.71,1605.75,1605.71,1605.75,0.0,3.03,4895.45,1
2025-09-25,2025-09-25 13:18:00,1605.75,1605.79,1605.75,1605.79,0.0,3.03,4895.45,1
2025-09-25,2025-09-25 13:19:00,1605.79,1605.83,1605.79,1605.83,0.0,3.03,4895.45,1
2025-09-25,2025-09-25 13:20:00,1605.83,1605.88,1605.83,1605.88,0.0,3.03,4895.45,1
2025-09-25,2025-09-25 13:21:00,1605.88,1605.92,1605.88,1605.92,0.0,3.03,4895.45,1
2025-09-25,2025-09-25 13:22:00,1605.92,1605.96,1605.92,1605.96,0.0,3.03,4895.45,1
2025-09-25,2025-09-25 13:23:00,1605.96,1606.0,1605.96,1606.0,0.0,3.03,4895.45,1
2025-09-25,2025-09-25 13:24:00,1606.0,1606.04,1606.0,1606.04,0.0,3.03,4895.45,1
2025-09-25,2025-09-25 13:25:00,1606.04,1606.08,1606.04,1606.08,0.0,3.03,4895.45,1
2025-09-25,2025-09-25 13:26:00,1606.08,1606.12,1606.08,1606.12,0.0,3.03,4895.45,1
2025-09-25,2025-09-25 13:27:00,1606.12,1606.17,1606.12,1606.17,0.0,3.03,4895.45,1
2025-09-25,2025-09-25 13:28:00,1606.17,1606.21,1606.17,1606.21,0.0,3.03,4895.45,1
2025-09-25,2025-09-25 13:29:00,1606.21,1606.25,1606.21,1606.25,0.0,3.03,4895.45,1
2025-09-25,2025-09-25 13:30:00,1606.25,1606.29,1606.25,1606.29,0.0,3.03,4895.45,1
2025-09-25,2025-09-25 13:31:00,1606.29,1606.33,1606.29,1606.33,0.0,3.03,4895.45,1
2025-09-25,2025-09-25 13:32:00,1606.33,1606.38,1606.33,1606.38,0.0,3.03,4895.45,1
2025-09-25,2025-09-25 13:33:00,1606.38,1606.42,1606.38,1606.42,0.0,3.03,4895.45,1
2025-09-25,2025-09-25 13:34:00,1606.42,1606.46,1606.42,1606.46,0.0,3.03,4895.45,1
2025-09-25,2025-09-25 13:35:00,1606.46,1606.5,1606.46,1606.5,0.0,3.03,4895.45,1
2025-09-25,2025-09-25 13:36:00,1606.5,1606.54,1606.5,1606.54,0.0,3.03,4895.45,1
2025-09-25,2025-09-25 13:37:00,1606.54,1606.58,1606.54,1606.58,0.0,3.03,4895.45,1
2025-09-25,2025-09-25 13:38:00,1606.58,1606.62,1606.58,1606.62,0.0,3.03,4895.45,1
2025-09-25,2025-09-25 13:39:00,1606.62,1606.67,1606.62,1606.67,0.0,3.03,4895.45,1
2025-09-25,2025-09-25 13:40:00,1606.67,1606.71,1606.67,1606.71,0.0,3.03,4895.45,1
2025-09-25,2025-09-25 13:41:00,1606.71,1606.75,1606.71,1606.75,0.0,3.03,4895.45,1
2025-09-25,2025-09-25 13:42:00,1606.75,1606.79,1606.75,1606.79,0.0,3.03,4895.45,1
2025-09-25,2025-09-25 13:43:00,1606.79,1606.83,1606.79,1606.83,0.0,3.03,4895.45,1
2025-09-25,2025-09-25 13:44:00,1606.83,1606.88,1606.83,1606.88,0.0,3.03,4895.45,1
2025-09-25,2025-09-25 13:45:00,1606.88,1606.92,1606.88,1606.92,0.0,3.03,4895.45,1
2025-09-25,2025-09-25 13:46:00,1606.92,1606.96,1606.92,1606.96,0.0,3.03,4895.45,1
2025-09-25,2025-09-25 13:47:00,1606.96,1607.0,1606.96,1607.0,0.0,3.03,4895.45,1
2025-09-25,2025-09-25 13:48:00,1607.0,1607.04,1607.0,1607.04,0.0,3.03,4895.45,1
2025-09-25,2025-09-25 13:49:00,1607.04,1607.08,1607.04,1607.08,0.0,3.03,4895.45,1
2025-09-25,2025-09-25 13:50:00,1607.08,1607.12,1607.08,1607.12,0.0,3.03,4895.45,1
2025-09-25,2025-09-25 13:51:00,1607.12,1607.17,1607.12,1607.17,0.0,3.03,4895.45,1
2025-09-25,2025-09-25 13:52:00,1607.17,1607.21,1607.17,1607.21,0.0,3.03,4895.45,1
2025-09-25,2025-09-25 13:53:00,1607.21,1607.25,1607.21,1607.25,0.0,3.03,4895.45,1
2025-09-25,2025-09-25 13:54:00,1607.25,1607.29,1607.25,1607.29,0.0,3.03,4895.45,1
2025-09-25,2025-09-25 13:55:00,1607.29,1607.33,1607.29,1607.33,0.0,3.03,4895.45,1
2025-09-25,2025-09-25 13:56:00,1607.33,1607.38,1607.33,1607.38,0.0,3.03,4895.45,1
2025-09-25,2025-09-25 13:57:00,1607.38,1607.42,1607.38,1607.42,0.0,3.03,4895.45,1
2025-09-25,2025-09-25 13:58:00,1607.42,1607.46,1607.42,1607.46,0.0,3.03,4895.45,1
2025-09-25,2025-09-25 13:59:00,1607.46,1607.5,1607.46,1607.5,0.0,3.03,4895.45,1
2025-09-25,2025-09-25 14:00:00,1607.5,1607.54,1607.5,1607.54,0.0,3.03,4895.45,1
2025-09-25,2025-09-25 14:01:00,1607.54,1607.58,1607.54,1607.58,0.0,3.03,4895.45,1
2025-09-25,2025-09-25 14:02:00,1607.58,1607.62,1607.58,1607.62,0.0,3.03,4895.45,1
2025-09-25,2025-09-25 14:03:00,1607.62,1607.67,1607.62,1607.67,0.0,3.03,4895.45,1
2025-09-25,2025-09-25 14:04:00,1607.67,1607.71,1607.67,1607.71,0.0,3.03,4895.45,1
2025-09-25,2025-09-25 14:05:00,1607.71,1607.75,1607.71,1607.75,0.0,3.03,4895.45,1
2025-09-25,2025-09-25 14:06:00,1607.75,1607.79,1607.75,1607.79,0.0,3.03,4895.45,1
2025-09-25,2025-09-25 14:07:00,1607.79,1607.83,1607.79,1607.83,0.0,3.03,4895.45,1
2025-09-25,2025-09-25 14:08:00,1607.83,1607.88,1607.83,1607.88,0.0,3.03,4895.45,1
2025-09-25,2025-09-25 14:09:00,1607.88,1607.92,1607.88,1607.92,0.0,3.03,4895.45,1
2025-09-25,2025-09-25 14:10:00,1607.92,1607.96,1607.92,1607.96,0.0,3.03,4895.45,1
2025-09-25,2025-09-25 14:11:00,1607.96,1608.0,1607.96,1608.0,0.0,3.03,4895.45,1
2025-09-25,2025-09-25 14:12:00,1608.0,1608.04,1608.0,1608.04,0.0,3.03,4895.45,1
2025-09-25,2025-09-25 14:13:00,1608.04,1608.08,1608.04,1608.08,0.0,3.03,4895.45,1
2025-09-25,2025-09-25 14:14:00,1608.08,1608.12,1608.08,1608.12,0.0,3.03,4895.45,1
2025-09-25,2025-09-25 14:15:00,1608.12,1608.17,1608.12,1608.17,0.0,3.03,4895.45,1
2025-09-25,2025-09-25 14:16:00,1608.17,1608.21,1608.17,1608.21,0.0,3.03,4895.45,1
2025-09-25,2025-09-25 14:17:00,1608.21,1608.25,1608.21,1608.25,0.0,3.03,4895.45,1
2025-09-25,2025-09-25 14:18:00,1608.25,1608.29,1608.25,1608.29,0.0,3.03,4895.45,1
2025-09-25,2025-09-25 14:19:00,1608.29,1608.33,1608.29,1608.33,0.0,3.03,4895.45,1
2025-09-25,2025-09-25 14:20:00,1608.33,1608.38,1608.33,1608.38,0.0,3.03,4895.45,1
2025-09-25,2025-09-25 14:21:00,1608.38,1608.42,1608.38,1608.42,0.0,3.03,4895.45,1
2025-09-25,2025-09-25 14:22:00,1608.42,1608.46,1608.42,1608.46,0.0,3.03,4895.45,1
2025-09-25,2025-09-25 14:23:00,1608.46,1608.5,1608.46,1608.5,0.0,3.03,4895.45,1
2025-09-25,2025-09-25 14:24:00,1608.5,1608.54,1608.5,1608.54,0.0,3.03,4895.45,1
2025-09-25,2025-09-25 14:25:00,1608.54,1608.58,1608.54,1608.58,0.0,3.03,4895.45,1
2025-09-25,2025-09-25 14:26:00,1608.58,1608.62,1608.58,1608.62,0.0,3.03,4895.45,1
2025-09-25,2025-09-25 14:27:00,1608.62,1608.67,1608.62,1608.67,0.0,3.03,4895.45,1
2025-09-25,2025-09-25 14:28:00,1608.67,1608.71,1608.67,1608.71,0.0,3.03,4895.45,1
2025-09-25,2025-09-25 14:29:00,1608.71,1608.75,1608.71,1608.75,0.0,3.03,4895.45,1
2025-09-25,2025-09-25 14:30:00,1608.75,1608.79,1608.75,1608.79,0.0,3.03,4895.45,1
2025-09-25,2025-09-25 14:31:00,1608.79,1608.83,1608.79,1608.83,0.0,3.03,4895.45,1
2025-09-25,2025-09-25 14:32:00,1608.83,1608.88,1608.83,1608.88,0.0,3.03,4895.45,1
2025-09-25,2025-09-25 14:33:00,1608.88,1608.92,1608.88,1608.92,0.0,3.03,4895.45,1
2025-09-25,2025-09-25 14:34:00,1608.92,1608.96,1608.92,1608.96,0.0,3.03,4895.45,1
2025-09-25,2025-09-25 14:35:00,1608.96,1609.0,1608.96,1609.0,0.0,3.03,4895.45,1
2025-09-25,2025-09-25 14:36:00,1609.0,1609.04,1609.0,1609.04,0.0,3.03,4895.45,1
2025-09-25,2025-09-25 14:37:00,1609.04,1609.08,1609.04,1609.08,0.0,3.03,4895.45,1
2025-09-25,2025-09-25 14:38:00,1609.08,1609.12,1609.08,1609.12,0.0,3.03,4895.45,1
2025-09-25,2025-09-25 14:39:00,1609.12,1609.17,1609.12,1609.17,0.0,3.03,4895.45,1
2025-09-25,2025-09-25 14:40:00,1609.17,1609.21,1609.17,1609.21,0.0,3.03,4895.45,1
2025-09-25,2025-09-25 14:41:00,1609.21,1609.25,1609.21,1609.25,0.0,3.03,4895.45,1
2025-09-25,2025-09-25 14:42:00,1609.25,1609.29,1609.25,1609.29,0.0,3.03,4895.45,1
2025-09-25,2025-09-25 14:43:00,1609.29,1609.33,1609.29,1609.33,0.0,3.03,4895.45,1
2025-09-25,2025-09-25 14:44:00,1609.33,1609.38,1609.33,1609.38,0.0,3.03,4895.45,1
2025-09-25,2025-09-25 14:45:00,1609.38,1609.42,1609.38,1609.42,0.0,3.03,4895.45,1
2025-09-25,2025-09-25 14:46:00,1609.42,1609.46,1609.42,1609.46,0.0,3.03,4895.45,1
2025-09-25,2025-09-25 14:47:00,1609.46,1609.5,1609.46,1609.5,0.0,3.03,4895.45,1
2025-09-25,2025-09-25 14:48:00,1609.5,1609.54,1609.5,1609.54,0.0,3.03,4895.45,1
2025-09-25,2025-09-25 14:49:00,1609.54,1609.58,1609.54,1609.58,0.0,3.03,4895.45,1
2025-09-25,2025-09-25 14:50:00,1609.58,1609.62,1609.58,1609.62,0.0,3.03,4895.45,1
2025-09-25,2025-09-25 14:51:00,1609.62,1609.67,1609.62,1609.67,0.0,3.03,4895.45,1
2025-09-25,2025-09-25 14:52:00,1609.67,1609.71,1609.67,1609.71,0.0,3.03,4895.45,1
2025-09-25,2025-09-25 14:53:00,1609.71,1609.75,1609.71,1609.75,0.0,3.03,4895.45,1
2025-09-25,2025-09-25 14:54:00,1609.75,1609.79,1609.75,1609.79,0.0,3.03,4895.45,1
2025-09-25,2025-09-25 14:55:00,1609.79,1609.83,1609.79,1609.83,0.0,3.03,4895.45,1
2025-09-25,2025-09-25 14:56:00,1609.83,1609.88,1609.83,1609.88,0.0,3.03,4895.45,1
2025-09-25,2025-09-25 14:57:00,1609.88,1609.92,1609.88,1609.92,0.0,3.03,4895.45,1
2025-09-25,2025-09-25 14:58:00,1609.92,1609.96,1609.92,1609.96,0.0,3.03,4895.45,1
2025-09-25,2025-09-25 14:59:00,1609.96,1610.0,1609.96,1610.0,0.0,3.03,4895.45,1
2025-09-25,2025-09-25 15:00:00,1610.0,1629.9,1596.4,1610.0,0.0,3.03,4895.45,0
2025-09-28,2025-09-28 11:00:00,1639.0,1649.8,1631.95,1639.02,0.0,6.27,10205.59,1
2025-09-28,2025-09-28 11:01:00,1639.02,1639.04,1639.02,1639.04,0.0,6.27,10205.59,1
2025-09-28,2025-09-28 11:02:00,1639.04,1639.06,1639.04,1639.06,0.0,6.27,10205.59,1
2025-09-28,2025-09-28 11:03:00,1639.06,1639.08,1639.06,1639.08,0.0,6.27,10205.59,1
2025-09-28,2025-09-28 11:04:00,1639.08,1639.1,1639.08,1639.1,0.0,6.27,10205.59,1
2025-09-28,2025-09-28 11:05:00,1639.1,1639.12,1639.1,1639.12,0.0,6.27,10205.59,1
2025-09-28,2025-09-28 11:06:00,1639.12,1639.15,1639.12,1639.15,0.0,6.27,10205.59,1
2025-09-28,2025-09-28 11:07:00,1639.15,1639.17,1639.15,1639.17,0.0,6.27,10205.59,1
2025-09-28,2025-09-28 11:08:00,1639.17,1639.19,1639.17,1639.19,0.0,6.27,10205.59,1
2025-09-28,2025-09-28 11:09:00,1639.19,1639.21,1639.19,1639.21,0.0,6.27,10205.59,1
2025-09-28,2025-09-28 11:10:00,1639.21,1639.23,1639.21,1639.23,0.0,6.27,10205.59,1
2025-09-28,2025-09-28 11:11:00,1639.23,1639.25,1639.23,1639.25,0.0,6.27,10205.59,1
2025-09-28,2025-09-28 11:12:00,1639.25,1639.27,1639.25,1639.27,0.0,6.27,10205.59,1
2025-09-28,2025-09-28 11:13:00,1639.27,1639.29,1639.27,1639.29,0.0,6.27,10205.59,1
2025-09-28,2025-09-28 11:14:00,1639.29,1639.31,1639.29,1639.31,0.0,6.27,10205.59,1
2025-09-28,2025-09-28 11:15:00,1639.31,1639.33,1639.31,1639.33,0.0,6.27,10205.59,1
2025-09-28,2025-09-28 11:16:00,1639.33,1639.35,1639.33,1639.35,0.0,6.27,10205.59,1
2025-09-28,2025-09-28 11:17:00,1639.35,1639.38,1639.35,1639.38,0.0,6.27,10205.59,1
2025-09-28,2025-09-28 11:18:00,1639.38,1639.4,1639.38,1639.4,0.0,6.27,10205.59,1
2025-09-28,2025-09-28 11:19:00,1639.4,1639.42,1639.4,1639.42,0.0,6.27,10205.59,1
2025-09-28,2025-09-28 11:20:00,1639.42,1639.44,1639.42,1639.44,0.0,6.27,10205.59,1
2025-09-28,2025-09-28 11:21:00,1639.44,1639.46,1639.44,1639.46,0.0,6.27,10205.59,1
2025-09-28,2025-09-28 11:22:00,1639.46,1639.48,1639.46,1639.48,0.0,6.27,10205.59,1
2025-09-28,2025-09-28 11:23:00,1639.48,1639.5,1639.48,1639.5,0.0,6.27,10205.59,1
2025-09-28,2025-09-28 11:24:00,1639.5,1639.52,1639.5,1639.52,0.0,6.27,10205.59,1
2025-09-28,2025-09-28 11:25:00,1639.52,1639.54,1639.52,1639.54,0.0,6.27,10205.59,1
2025-09-28,2025-09-28 11:26:00,1639.54,1639.56,1639.54,1639.56,0.0,6.27,10205.59,1
2025-09-28,2025-09-28 11:27:00,1639.56,1639.58,1639.56,1639.58,0.0,6.27,10205.59,1
2025-09-28,2025-09-28 11:28:00,1639.58,1639.6,1639.58,1639.6,0.0,6.27,10205.59,1
2025-09-28,2025-09-28 11:29:00,1639.6,1639.62,1639.6,1639.62,0.0,6.27,10205.59,1
2025-09-28,2025-09-28 11:30:00,1639.62,1639.65,1639.62,1639.65,0.0,6.27,10205.59,1
2025-09-28,2025-09-28 11:31:00,1639.65,1639.67,1639.65,1639.67,0.0,6.27,10205.59,1
2025-09-28,2025-09-28 11:32:00,1639.67,1639.69,1639.67,1639.69,0.0,6.27,10205.59,1
2025-09-28,2025-09-28 11:33:00,1639.69,1639.71,1639.69,1639.71,0.0,6.27,10205.59,1
2025-09-28,2025-09-28 11:34:00,1639.71,1639.73,1639.71,1639.73,0.0,6.27,10205.59,1
2025-09-28,2025-09-28 11:35:00,1639.73,1639.75,1639.73,1639.75,0.0,6.27,10205.59,1
2025-09-28,2025-09-28 11:36:00,1639.75,1639.77,1639.75,1639.77,0.0,6.27,10205.59,1
2025-09-28,2025-09-28 11:37:00,1639.77,1639.79,1639.77,1639.79,0.0,6.27,10205.59,1
2025-09-28,2025-09-28 11:38:00,1639.79,1639.81,1639.79,1639.81,0.0,6.27,10205.59,1
2025-09-28,2025-09-28 11:39:00,1639.81,1639.83,1639.81,1639.83,0.0,6.27,10205.59,1
2025-09-28,2025-09-28 11:40:00,1639.83,1639.85,1639.83,1639.85,0.0,6.27,10205.59,1
2025-09-28,2025-09-28 11:41:00,1639.85,1639.88,1639.85,1639.88,0.0,6.27,10205.59,1
2025-09-28,2025-09-28 11:42:00,1639.88,1639.9,1639.88,1639.9,0.0,6.27,10205.59,1
2025-09-28,2025-09-28 11:43:00,1639.9,1639.92,1639.9,1639.92,0.0,6.27,10205.59,1
2025-09-28,2025-09-28 11:44:00,1639.92,1639.94,1639.92,1639.94,0.0,6.27,10205.59,1
2025-09-28,2025-09-28 11:45:00,1639.94,1639.96,1639.94,1639.96,0.0,6.27,10205.59,1
2025-09-28,2025-09-28 11:46:00,1639.96,1639.98,1639.96,1639.98,0.0,6.27,10205.59,1
2025-09-28,2025-09-28 11:47:00,1639.98,1640.0,1639.98,1640.0,0.0,6.27,10205.59,1
2025-09-28,2025-09-28 11:48:00,1640.0,1640.02,1640.0,1640.02,0.0,6.27,10205.59,1
2025-09-28,2025-09-28 11:49:00,1640.02,1640.04,1640.02,1640.04,0.0,6.27,10205.59,1
2025-09-28,2025-09-28 11:50:00,1640.04,1640.06,1640.04,1640.06,0.0,6.27,10205.59,1
2025-09-28,2025-09-28 11:51:00,1640.06,1640.08,1640.06,1640.08,0.0,6.27,10205.59,1
2025-09-28,2025-09-28 11:52:00,1640.08,1640.1,1640.08,1640.1,0.0,6.27,10205.59,1
2025-09-28,2025-09-28 11:53:00,1640.1,1640.12,1640.1,1640.12,0.0,6.27,10205.59,1
2025-09-28,2025-09-28 11:54:00,1640.12,1640.15,1640.12,1640.15,0.0,6.27,10205.59,1
2025-09-28,2025-09-28 11:55:00,1640.15,1640.17,1640.15,1640.17,0.0,6.27,10205.59,1
2025-09-28,2025-09-28 11:56:00,1640.17,1640.19,1640.17,1640.19,0.0,6.27,10205.59,1
2025-09-28,2025-09-28 11:57:00,1640.19,1640.21,1640.19,1640.21,0.0,6.27,10205.59,1
2025-09-28,2025-09-28 11:58:00,1640.21,1640.23,1640.21,1640.23,0.0,6.27,10205.59,1
2025-09-28,2025-09-28 11:59:00,1640.23,1640.25,1640.23,1640.25,0.0,6.27,10205.59,1
2025-09-28,2025-09-28 12:00:00,1640.25,1640.27,1640.25,1640.27,0.0,6.27,10205.59,1
2025-09-28,2025-09-28 12:01:00,1640.27,1640.29,1640.27,1640.29,0.0,6.27,10205.59,1
2025-09-28,2025-09-28 12:02:00,1640.29,1640.31,1640.29,1640.31,0.0,6.27,10205.59,1
2025-09-28,2025-09-28 12:03:00,1640.31,1640.33,1640.31,1640.33,0.0,6.27,10205.59,1
2025-09-28,2025-09-28 12:04:00,1640.33,1640.35,1640.33,1640.35,0.0,6.27,10205.59,1
2025-09-28,2025-09-28 12:05:00,1640.35,1640.38,1640.35,1640.38,0.0,6.27,10205.59,1
2025-09-28,2025-09-28 12:06:00,1640.38,1640.4,1640.38,1640.4,0.0,6.27,10205.59,1
2025-09-28,2025-09-28 12:07:00,1640.4,1640.42,1640.4,1640.42,0.0,6.27,10205.59,1
2025-09-28,2025-09-28 12:08:00,1640.42,1640.44,1640.42,1640.44,0.0,6.27,10205.59,1
2025-09-28,2025-09-28 12:09:00,1640.44,1640.46,1640.44,1640.46,0.0,6.27,10205.59,1
2025-09-28,2025-09-28 12:10:00,1640.46,1640.48,1640.46,1640.48,0.0,6.27,10205.59,1
2025-09-28,2025-09-28 12:11:00,1640.48,1640.5,1640.48,1640.5,0.0,6.27,10205.59,1
2025-09-28,2025-09-28 12:12:00,1640.5,1640.52,1640.5,1640.52,0.0,6.27,10205.59,1
2025-09-28,2025-09-28 12:13:00,1640.52,1640.54,1640.52,1640.54,0.0,6.27,10205.59,1
2025-09-28,2025-09-28 12:14:00,1640.54,1640.56,1640.54,1640.56,0.0,6.27,10205.59,1
2025-09-28,2025-09-28 12:15:00,1640.56,1640.58,1640.56,1640.58,0.0,6.27,10205.59,1
2025-09-28,2025-09-28 12:16:00,1640.58,1640.6,1640.58,1640.6,0.0,6.27,10205.59,1
2025-09-28,2025-09-28 12:17:00,1640.6,1640.62,1640.6,1640.62,0.0,6.27,10205.59,1
2025-09-28,2025-09-28 12:18:00,1640.62,1640.65,1640.62,1640.65,0.0,6.27,10205.59,1
2025-09-28,2025-09-28 12:19:00,1640.65,1640.67,1640.65,1640.67,0.0,6.27,10205.59,1
2025-09-28,2025-09-28 12:20:00,1640.67,1640.69,1640.67,1640.69,0.0,6.27,10205.59,1
2025-09-28,2025-09-28 12:21:00,1640.69,1640.71,1640.69,1640.71,0.0,6.27,10205.59,1
2025-09-28,2025-09-28 12:22:00,1640.71,1640.73,1640.71,1640.73,0.0,6.27,10205.59,1
2025-09-28,2025-09-28 12:23:00,1640.73,1640.75,1640.73,1640.75,0.0,6.27,10205.59,1
2025-09-28,2025-09-28 12:24:00,1640.75,1640.77,1640.75,1640.77,0.0,6.27,10205.59,1
2025-09-28,2025-09-28 12:25:00,1640.77,1640.79,1640.77,1640.79,0.0,6.27,10205.59,1
2025-09-28,2025-09-28 12:26:00,1640.79,1640.81,1640.79,1640.81,0.0,6.27,10205.59,1
2025-09-28,2025-09-28 12:27:00,1640.81,1640.83,1640.81,1640.83,0.0,6.27,10205.59,1
2025-09-28,2025-09-28 12:28:00,1640.83,1640.85,1640.83,1640.85,0.0,6.27,10205.59,1
2025-09-28,2025-09-28 12:29:00,1640.85,1640.88,1640.85,1640.88,0.0,6.27,10205.59,1
2025-09-28,2025-09-28 12:30:00,1640.88,1640.9,1640.88,1640.9,0.0,6.27,10205.59,1
2025-09-28,2025-09-28 12:31:00,1640.9,1640.92,1640.9,1640.92,0.0,6.27,10205.59,1
2025-09-28,2025-09-28 12:32:00,1640.92,1640.94,1640.92,1640.94,0.0,6.27,10205.59,1
2025-09-28,2025-09-28 12:33:00,1640.94,1640.96,1640.94,1640.96,0.0,6.27,10205.59,1
2025-09-28,2025-09-28 12:34:00,1640.96,1640.98,1640.96,1640.98,0.0,6.27,10205.59,1
2025-09-28,2025-09-28 12:35:00,1640.98,1641.0,1640.98,1641.0,0.0,6.27,10205.59,1
2025-09-28,2025-09-28 12:36:00,1641.0,1641.02,1641.0,1641.02,0.0,6.27,10205.59,1
2025-09-28,2025-09-28 12:37:00,1641.02,1641.04,1641.02,1641.04,0.0,6.27,10205.59,1
2025-09-28,2025-09-28 12:38:00,1641.04,1641.06,1641.04,1641.06,0.0,6.27,10205.59,1
2025-09-28,2025-09-28 12:39:00,1641.06,1641.08,1641.06,1641.08,0.0,6.27,10205.59,1
2025-09-28,2025-09-28 12:40:00,1641.08,1641.1,1641.08,1641.1,0.0,6.27,10205.59,1
2025-09-28,2025-09-28 12:41:00,1641.1,1641.12,1641.1,1641.12,0.0,6.27,10205.59,1
2025-09-28,2025-09-28 12:42:00,1641.12,1641.15,1641.12,1641.15,0.0,6.27,10205.59,1
2025-09-28,2025-09-28 12:43:00,1641.15,1641.17,1641.15,1641.17,0.0,6.27,10205.59,1
2025-09-28,2025-09-28 12:44:00,1641.17,1641.19,1641.17,1641.19,0.0,6.27,10205.59,1
2025-09-28,2025-09-28 12:45:00,1641.19,1641.21,1641.19,1641.21,0.0,6.27,10205.59,1
2025-09-28,2025-09-28 12:46:00,1641.21,1641.23,1641.21,1641.23,0.0,6.27,10205.59,1
2025-09-28,2025-09-28 12:47:00,1641.23,1641.25,1641.23,1641.25,0.0,6.27,10205.59,1
2025-09-28,2025-09-28 12:48:00,1641.25,1641.27,1641.25,1641.27,0.0,6.27,10205.59,1
2025-09-28,2025-09-28 12:49:00,1641.27,1641.29,1641.27,1641.29,0.0,6.27,10205.59,1
2025-09-28,2025-09-28 12:50:00,1641.29,1641.31,1641.29,1641.31,0.0,6.27,10205.59,1
2025-09-28,2025-09-28 12:51:00,1641.31,1641.33,1641.31,1641.33,0.0,6.27,10205.59,1
2025-09-28,2025-09-28 12:52:00,1641.33,1641.35,1641.33,1641.35,0.0,6.27,10205.59,1
2025-09-28,2025-09-28 12:53:00,1641.35,1641.38,1641.35,1641.38,0.0,6.27,10205.59,1
2025-09-28,2025-09-28 12:54:00,1641.38,1641.4,1641.38,1641.4,0.0,6.27,10205.59,1
2025-09-28,2025-09-28 12:55:00,1641.4,1641.42,1641.4,1641.42,0.0,6.27,10205.59,1
2025-09-28,2025-09-28 12:56:00,1641.42,1641.44,1641.42,1641.44,0.0,6.27,10205.59,1
2025-09-28,2025-09-28 12:57:00,1641.44,1641.46,1641.44,1641.46,0.0,6.27,10205.59,1
2025-09-28,2025-09-28 12:58:00,1641.46,1641.48,1641.46,1641.48,0.0,6.27,10205.59,1
2025-09-28,2025-09-28 12:59:00,1641.48,1641.5,1641.48,1641.5,0.0,6.27,10205.59,1
2025-09-28,2025-09-28 13:00:00,1641.5,1675.0,1615.5,1641.52,0.0,6.27,10205.59,1
2025-09-28,2025-09-28 13:01:00,1641.52,1641.54,1641.52,1641.54,0.0,6.27,10205.59,1
2025-09-28,2025-09-28 13:02:00,1641.54,1641.56,1641.54,1641.56,0.0,6.27,10205.59,1
2025-09-28,2025-09-28 13:03:00,1641.56,1641.58,1641.56,1641.58,0.0,6.27,10205.59,1
2025-09-28,2025-09-28 13:04:00,1641.58,1641.6,1641.58,1641.6,0.0,6.27,10205.59,1
2025-09-28,2025-09-28 13:05:00,1641.6,1641.62,1641.6,1641.62,0.0,6.27,10205.59,1
2025-09-28,2025-09-28 13:06:00,1641.62,1641.65,1641.62,1641.65,0.0,6.27,10205.59,1
2025-09-28,2025-09-28 13:07:00,1641.65,1641.67,1641.65,1641.67,0.0,6.27,10205.59,1
2025-09-28,2025-09-28 13:08:00,1641.67,1641.69,1641.67,1641.69,0.0,6.27,10205.59,1
2025-09-28,2025-09-28 13:09:00,1641.69,1641.71,1641.69,1641.71,0.0,6.27,10205.59,1
2025-09-28,2025-09-28 13:10:00,1641.71,1641.73,1641.71,1641.73,0.0,6.27,10205.59,1
2025-09-28,2025-09-28 13:11:00,1641.73,1641.75,1641.73,1641.75,0.0,6.27,10205.59,1
2025-09-28,2025-09-28 13:12:00,1641.75,1641.77,1641.75,1641.77,0.0,6.27,10205.59,1
2025-09-28,2025-09-28 13:13:00,1641.77,1641.79,1641.77,1641.79,0.0,6.27,10205.59,1
2025-09-28,2025-09-28 13:14:00,1641.79,1641.81,1641.79,1641.81,0.0,6.27,10205.59,1
2025-09-28,2025-09-28 13:15:00,1641.81,1641.83,1641.81,1641.83,0.0,6.27,10205.59,1
2025-09-28,2025-09-28 13:16:00,1641.83,1641.85,1641.83,1641.85,0.0,6.27,10205.59,1
2025-09-28,2025-09-28 13:17:00,1641.85,1641.88,1641.85,1641.88,0.0,6.27,10205.59,1
2025-09-28,2025-09-28 13:18:00,1641.88,1641.9,1641.88,1641.9,0.0,6.27,10205.59,1
2025-09-28,2025-09-28 13:19:00,1641.9,1641.92,1641.9,1641.92,0.0,6.27,10205.59,1
2025-09-28,2025-09-28 13:20:00,1641.92,1641.94,1641.92,1641.94,0.0,6.27,10205.59,1
2025-09-28,2025-09-28 13:21:00,1641.94,1641.96,1641.94,1641.96,0.0,6.27,10205.59,1
2025-09-28,2025-09-28 13:22:00,1641.96,1641.98,1641.96,1641.98,0.0,6.27,10205.59,1
2025-09-28,2025-09-28 13:23:00,1641.98,1642.0,1641.98,1642.0,0.0,6.27,10205.59,1
2025-09-28,2025-09-28 13:24:00,1642.0,1642.02,1642.0,1642.02,0.0,6.27,10205.59,1
2025-09-28,2025-09-28 13:25:00,1642.02,1642.04,1642.02,1642.04,0.0,6.27,10205.59,1
2025-09-28,2025-09-28 13:26:00,1642.04,1642.06,1642.04,1642.06,0.0,6.27,10205.59,1
2025-09-28,2025-09-28 13:27:00,1642.06,1642.08,1642.06,1642.08,0.0,6.27,10205.59,1
2025-09-28,2025-09-28 13:28:00,1642.08,1642.1,1642.08,1642.1,0.0,6.27,10205.59,1
2025-09-28,2025-09-28 13:29:00,1642.1,1642.12,1642.1,1642.12,0.0,6.27,10205.59,1
2025-09-28,2025-09-28 13:30:00,1642.12,1642.15,1642.12,1642.15,0.0,6.27,10205.59,1
2025-09-28,2025-09-28 13:31:00,1642.15,1642.17,1642.15,1642.17,0.0,6.27,10205.59,1
2025-09-28,2025-09-28 13:32:00,1642.17,1642.19,1642.17,1642.19,0.0,6.27,10205.59,1
2025-09-28,2025-09-28 13:33:00,1642.19,1642.21,1642.19,1642.21,0.0,6.27,10205.59,1
2025-09-28,2025-09-28 13:34:00,1642.21,1642.23,1642.21,1642.23,0.0,6.27,10205.59,1
2025-09-28,2025-09-28 13:35:00,1642.23,1642.25,1642.23,1642.25,0.0,6.27,10205.59,1
2025-09-28,2025-09-28 13:36:00,1642.25,1642.27,1642.25,1642.27,0.0,6.27,10205.59,1
2025-09-28,2025-09-28 13:37:00,1642.27,1642.29,1642.27,1642.29,0.0,6.27,10205.59,1
2025-09-28,2025-09-28 13:38:00,1642.29,1642.31,1642.29,1642.31,0.0,6.27,10205.59,1
2025-09-28,2025-09-28 13:39:00,1642.31,1642.33,1642.31,1642.33,0.0,6.27,10205.59,1
2025-09-28,2025-09-28 13:40:00,1642.33,1642.35,1642.33,1642.35,0.0,6.27,10205.59,1
2025-09-28,2025-09-28 13:41:00,1642.35,1642.38,1642.35,1642.38,0.0,6.27,10205.59,1
2025-09-28,2025-09-28 13:42:00,1642.38,1642.4,1642.38,1642.4,0.0,6.27,10205.59,1
2025-09-28,2025-09-28 13:43:00,1642.4,1642.42,1642.4,1642.42,0.0,6.27,10205.59,1
2025-09-28,2025-09-28 13:44:00,1642.42,1642.44,1642.42,1642.44,0.0,6.27,10205.59,1
2025-09-28,2025-09-28 13:45:00,1642.44,1642.46,1642.44,1642.46,0.0,6.27,10205.59,1
2025-09-28,2025-09-28 13:46:00,1642.46,1642.48,1642.46,1642.48,0.0,6.27,10205.59,1
2025-09-28,2025-09-28 13:47:00,1642.48,1642.5,1642.48,1642.5,0.0,6.27,10205.59,1
2025-09-28,2025-09-28 13:48:00,1642.5,1642.52,1642.5,1642.52,0.0,6.27,10205.59,1
2025-09-28,2025-09-28 13:49:00,1642.52,1642.54,1642.52,1642.54,0.0,6.27,10205.59,1
2025-09-28,2025-09-28 13:50:00,1642.54,1642.56,1642.54,1642.56,0.0,6.27,10205.59,1
2025-09-28,2025-09-28 13:51:00,1642.56,1642.58,1642.56,1642.58,0.0,6.27,10205.59,1
2025-09-28,2025-09-28 13:52:00,1642.58,1642.6,1642.58,1642.6,0.0,6.27,10205.59,1
2025-09-28,2025-09-28 13:53:00,1642.6,1642.62,1642.6,1642.62,0.0,6.27,10205.59,1
2025-09-28,2025-09-28 13:54:00,1642.62,1642.65,1642.62,1642.65,0.0,6.27,10205.59,1
2025-09-28,2025-09-28 13:55:00,1642.65,1642.67,1642.65,1642.67,0.0,6.27,10205.59,1
2025-09-28,2025-09-28 13:56:00,1642.67,1642.69,1642.67,1642.69,0.0,6.27,10205.59,1
2025-09-28,2025-09-28 13:57:00,1642.69,1642.71,1642.69,1642.71,0.0,6.27,10205.59,1
2025-09-28,2025-09-28 13:58:00,1642.71,1642.73,1642.71,1642.73,0.0,6.27,10205.59,1
2025-09-28,2025-09-28 13:59:00,1642.73,1642.75,1642.73,1642.75,0.0,6.27,10205.59,1
2025-09-28,2025-09-28 14:00:00,1642.75,1642.77,1642.75,1642.77,0.0,6.27,10205.59,1
2025-09-28,2025-09-28 14:01:00,1642.77,1642.79,1642.77,1642.79,0.0,6.27,10205.59,1
2025-09-28,2025-09-28 14:02:00,1642.79,1642.81,1642.79,1642.81,0.0,6.27,10205.59,1
2025-09-28,2025-09-28 14:03:00,1642.81,1642.83,1642.81,1642.83,0.0,6.27,10205.59,1
2025-09-28,2025-09-28 14:04:00,1642.83,1642.85,1642.83,1642.85,0.0,6.27,10205.59,1
2025-09-28,2025-09-28 14:05:00,1642.85,1642.88,1642.85,1642.88,0.0,6.27,10205.59,1
2025-09-28,2025-09-28 14:06:00,1642.88,1642.9,1642.88,1642.9,0.0,6.27,10205.59,1
2025-09-28,2025-09-28 14:07:00,1642.9,1642.92,1642.9,1642.92,0.0,6.27,10205.59,1
2025-09-28,2025-09-28 14:08:00,1642.92,1642.94,1642.92,1642.94,0.0,6.27,10205.59,1
2025-09-28,2025-09-28 14:09:00,1642.94,1642.96,1642.94,1642.96,0.0,6.27,10205.59,1
2025-09-28,2025-09-28 14:10:00,1642.96,1642.98,1642.96,1642.98,0.0,6.27,10205.59,1
2025-09-28,2025-09-28 14:11:00,1642.98,1643.0,1642.98,1643.0,0.0,6.27,10205.59,1
2025-09-28,2025-09-28 14:12:00,1643.0,1643.02,1643.0,1643.02,0.0,6.27,10205.59,1
2025-09-28,2025-09-28 14:13:00,1643.02,1643.04,1643.02,1643.04,0.0,6.27,10205.59,1
2025-09-28,2025-09-28 14:14:00,1643.04,1643.06,1643.04,1643.06,0.0,6.27,10205.59,1
2025-09-28,2025-09-28 14:15:00,1643.06,1643.08,1643.06,1643.08,0.0,6.27,10205.59,1
2025-09-28,2025-09-28 14:16:00,1643.08,1643.1,1643.08,1643.1,0.0,6.27,10205.59,1
2025-09-28,2025-09-28 14:17:00,1643.1,1643.12,1643.1,1643.12,0.0,6.27,10205.59,1
2025-09-28,2025-09-28 14:18:00,1643.12,1643.15,1643.12,1643.15,0.0,6.27,10205.59,1
2025-09-28,2025-09-28 14:19:00,1643.15,1643.17,1643.15,1643.17,0.0,6.27,10205.59,1
2025-09-28,2025-09-28 14:20:00,1643.17,1643.19,1643.17,1643.19,0.0,6.27,10205.59,1
2025-09-28,2025-09-28 14:21:00,1643.19,1643.21,1643.19,1643.21,0.0,6.27,10205.59,1
2025-09-28,2025-09-28 14:22:00,1643.21,1643.23,1643.21,1643.23,0.0,6.27,10205.59,1
2025-09-28,2025-09-28 14:23:00,1643.23,1643.25,1643.23,1643.25,0.0,6.27,10205.59,1
2025-09-28,2025-09-28 14:24:00,1643.25,1643.27,1643.25,1643.27,0.0,6.27,10205.59,1
2025-09-28,2025-09-28 14:25:00,1643.27,1643.29,1643.27,1643.29,0.0,6.27,10205.59,1
2025-09-28,2025-09-28 14:26:00,1643.29,1643.31,1643.29,1643.31,0.0,6.27,10205.59,1
2025-09-28,2025-09-28 14:27:00,1643.31,1643.33,1643.31,1643.33,0.0,6.27,10205.59,1
2025-09-28,2025-09-28 14:28:00,1643.33,1643.35,1643.33,1643.35,0.0,6.27,10205.59,1
2025-09-28,2025-09-28 14:29:00,1643.35,1643.38,1643.35,1643.38,0.0,6.27,10205.59,1
2025-09-28,2025-09-28 14:30:00,1643.38,1643.4,1643.38,1643.4,0.0,6.27,10205.59,1
2025-09-28,2025-09-28 14:31:00,1643.4,1643.42,1643.4,1643.42,0.0,6.27,10205.59,1
2025-09-28,2025-09-28 14:32:00,1643.42,1643.44,1643.42,1643.44,0.0,6.27,10205.59,1
2025-09-28,2025-09-28 14:33:00,1643.44,1643.46,1643.44,1643.46,0.0,6.27,10205.59,1
2025-09-28,2025-09-28 14:34:00,1643.46,1643.48,1643.46,1643.48,0.0,6.27,10205.59,1
2025-09-28,2025-09-28 14:35:00,1643.48,1643.5,1643.48,1643.5,0.0,6.27,10205.59,1
2025-09-28,2025-09-28 14:36:00,1643.5,1643.52,1643.5,1643.52,0.0,6.27,10205.59,1
2025-09-28,2025-09-28 14:37:00,1643.52,1643.54,1643.52,1643.54,0.0,6.27,10205.59,1
2025-09-28,2025-09-28 14:38:00,1643.54,1643.56,1643.54,1643.56,0.0,6.27,10205.59,1
2025-09-28,2025-09-28 14:39:00,1643.56,1643.58,1643.56,1643.58,0.0,6.27,10205.59,1
2025-09-28,2025-09-28 14:40:00,1643.58,1643.6,1643.58,1643.6,0.0,6.27,10205.59,1
2025-09-28,2025-09-28 14:41:00,1643.6,1643.62,1643.6,1643.62,0.0,6.27,10205.59,1
2025-09-28,2025-09-28 14:42:00,1643.62,1643.65,1643.62,1643.65,0.0,6.27,10205.59,1
2025-09-28,2025-09-28 14:43:00,1643.65,1643.67,1643.65,1643.67,0.0,6.27,10205.59,1
2025-09-28,2025-09-28 14:44:00,1643.67,1643.69,1643.67,1643.69,0.0,6.27,10205.59,1
2025-09-28,2025-09-28 14:45:00,1643.69,1643.71,1643.69,1643.71,0.0,6.27,10205.59,1
2025-09-28,2025-09-28 14:46:00,1643.71,1643.73,1643.71,1643.73,0.0,6.27,10205.59,1
2025-09-28,2025-09-28 14:47:00,1643.73,1643.75,1643.73,1643.75,0.0,6.27,10205.59,1
2025-09-28,2025-09-28 14:48:00,1643.75,1643.77,1643.75,1643.77,0.0,6.27,10205.59,1
2025-09-28,2025-09-28 14:49:00,1643.77,1643.79,1643.77,1643.79,0.0,6.27,10205.59,1
2025-09-28,2025-09-28 14:50:00,1643.79,1643.81,1643.79,1643.81,0.0,6.27,10205.59,1
2025-09-28,2025-09-28 14:51:00,1643.81,1643.83,1643.81,1643.83,0.0,6.27,10205.59,1
2025-09-28,2025-09-28 14:52:00,1643.83,1643.85,1643.83,1643.85,0.0,6.27,10205.59,1
2025-09-28,2025-09-28 14:53:00,1643.85,1643.88,1643.85,1643.88,0.0,6.27,10205.59,1
2025-09-28,2025-09-28 14:54:00,1643.88,1643.9,1643.88,1643.9,0.0,6.27,10205.59,1
2025-09-28,2025-09-28 14:55:00,1643.9,1643.92,1643.9,1643.92,0.0,6.27,10205.59,1
2025-09-28,2025-09-28 14:56:00,1643.92,1643.94,1643.92,1643.94,0.0,6.27,10205.59,1
2025-09-28,2025-09-28 14:57:00,1643.94,1643.96,1643.94,1643.96,0.0,6.27,10205.59,1
2025-09-28,2025-09-28 14:58:00,1643.96,1643.98,1643.96,1643.98,0.0,6.27,10205.59,1
2025-09-28,2025-09-28 14:59:00,1643.98,1644.0,1643.98,1644.0,0.0,6.27,10205.59,1
2025-09-28,2025-09-28 15:00:00,1644.0,1675.0,1615.5,1644.0,0.0,6.27,10205.59,0
2025-10-07,2025-10-07 11:00:00,1644.0,1644.0,1630.8,1643.85,-0.01,3.53,5681.03,-1
2025-10-07,2025-10-07 11:01:00,1643.85,1643.85,1643.71,1643.71,-0.01,3.53,5681.03,-1
2025-10-07,2025-10-07 11:02:00,1643.71,1643.71,1643.56,1643.56,-0.01,3.53,5681.03,-1
2025-10-07,2025-10-07 11:03:00,1643.56,1643.56,1643.42,1643.42,-0.01,3.53,5681.03,-1
2025-10-07,2025-10-07 11:04:00,1643.42,1643.42,1643.27,1643.27,-0.01,3.53,5681.03,-1
2025-10-07,2025-10-07 11:05:00,1643.27,1643.27,1643.12,1643.12,-0.01,3.53,5681.03,-1
2025-10-07,2025-10-07 11:06:00,1643.12,1643.12,1642.98,1642.98,-0.01,3.53,5681.03,-1
2025-10-07,2025-10-07 11:07:00,1642.98,1642.98,1642.83,1642.83,-0.01,3.53,5681.03,-1
2025-10-07,2025-10-07 11:08:00,1642.83,1642.83,1642.69,1642.69,-0.01,3.53,5681.03,-1
2025-10-07,2025-10-07 11:09:00,1642.69,1642.69,1642.54,1642.54,-0.01,3.53,5681.03,-1
2025-10-07,2025-10-07 11:10:00,1642.54,1642.54,1642.4,1642.4,-0.01,3.53,5681.03,-1
2025-10-07,2025-10-07 11:11:00,1642.4,1642.4,1642.25,1642.25,-0.01,3.53,5681.03,-1
2025-10-07,2025-10-07 11:12:00,1642.25,1642.25,1642.1,1642.1,-0.01,3.53,5681.03,-1
2025-10-07,2025-10-07 11:13:00,1642.1,1642.1,1641.96,1641.96,-0.01,3.53,5681.03,-1
2025-10-07,2025-10-07 11:14:00,1641.96,1641.96,1641.81,1641.81,-0.01,3.53,5681.03,-1
2025-10-07,2025-10-07 11:15:00,1641.81,1641.81,1641.67,1641.67,-0.01,3.53,5681.03,-1
2025-10-07,2025-10-07 11:16:00,1641.67,1641.67,1641.52,1641.52,-0.01,3.53,5681.03,-1
2025-10-07,2025-10-07 11:17:00,1641.52,1641.52,1641.38,1641.38,-0.01,3.53,5681.03,-1
2025-10-07,2025-10-07 11:18:00,1641.38,1641.38,1641.23,1641.23,-0.01,3.53,5681.03,-1
2025-10-07,2025-10-07 11:19:00,1641.23,1641.23,1641.08,1641.08,-0.01,3.53,5681.03,-1
2025-10-07,2025-10-07 11:20:00,1641.08,1641.08,1640.94,1640.94,-0.01,3.53,5681.03,-1
2025-10-07,2025-10-07 11:21:00,1640.94,1640.94,1640.79,1640.79,-0.01,3.53,5681.03,-1
2025-10-07,2025-10-07 11:22:00,1640.79,1640.79,1640.65,1640.65,-0.01,3.53,5681.03,-1
2025-10-07,2025-10-07 11:23:00,1640.65,1640.65,1640.5,1640.5,-0.01,3.53,5681.03,-1
2025-10-07,2025-10-07 11:24:00,1640.5,1640.5,1640.35,1640.35,-0.01,3.53,5681.03,-1
2025-10-07,2025-10-07 11:25:00,1640.35,1640.35,1640.21,1640.21,-0.01,3.53,5681.03,-1
2025-10-07,2025-10-07 11:26:00,1640.21,1640.21,1640.06,1640.06,-0.01,3.53,5681.03,-1
2025-10-07,2025-10-07 11:27:00,1640.06,1640.06,1639.92,1639.92,-0.01,3.53,5681.03,-1
2025-10-07,2025-10-07 11:28:00,1639.92,1639.92,1639.77,1639.77,-0.01,3.53,5681.03,-1
2025-10-07,2025-10-07 11:29:00,1639.77,1639.77,1639.62,1639.62,-0.01,3.53,5681.03,-1
2025-10-07,2025-10-07 11:30:00,1639.62,1639.62,1639.48,1639.48,-0.01,3.53,5681.03,-1
2025-10-07,2025-10-07 11:31:00,1639.48,1639.48,1639.33,1639.33,-0.01,3.53,5681.03,-1
2025-10-07,2025-10-07 11:32:00,1639.33,1639.33,1639.19,1639.19,-0.01,3.53,5681.03,-1
2025-10-07,2025-10-07 11:33:00,1639.19,1639.19,1639.04,1639.04,-0.01,3.53,5681.03,-1
2025-10-07,2025-10-07 11:34:00,1639.04,1639.04,1638.9,1638.9,-0.01,3.53,5681.03,-1
2025-10-07,2025-10-07 11:35:00,1638.9,1638.9,1638.75,1638.75,-0.01,3.53,5681.03,-1
2025-10-07,2025-10-07 11:36:00,1638.75,1638.75,1638.6,1638.6,-0.01,3.53,5681.03,-1
2025-10-07,2025-10-07 11:37:00,1638.6,1638.6,1638.46,1638.46,-0.01,3.53,5681.03,-1
2025-10-07,2025-10-07 11:38:00,1638.46,1638.46,1638.31,1638.31,-0.01,3.53,5681.03,-1
2025-10-07,2025-10-07 11:39:00,1638.31,1638.31,1638.17,1638.17,-0.01,3.53,5681.03,-1
2025-10-07,2025-10-07 11:40:00,1638.17,1638.17,1638.02,1638.02,-0.01,3.53,5681.03,-1
2025-10-07,2025-10-07 11:41:00,1638.02,1638.02,1637.88,1637.88,-0.01,3.53,5681.03,-1
2025-10-07,2025-10-07 11:42:00,1637.88,1637.88,1637.73,1637.73,-0.01,3.53,5681.03,-1
2025-10-07,2025-10-07 11:43:00,1637.73,1637.73,1637.58,1637.58,-0.01,3.53,5681.03,-1
2025-10-07,2025-10-07 11:44:00,1637.58,1637.58,1637.44,1637.44,-0.01,3.53,5681.03,-1
2025-10-07,2025-10-07 11:45:00,1637.44,1637.44,1637.29,1637.29,-0.01,3.53,5681.03,-1
2025-10-07,2025-10-07 11:46:00,1637.29,1637.29,1637.15,1637.15,-0.01,3.53,5681.03,-1
2025-10-07,2025-10-07 11:47:00,1637.15,1637.15,1637.0,1637.0,-0.01,3.53,5681.03,-1
2025-10-07,2025-10-07 11:48:00,1637.0,1637.0,1636.85,1636.85,-0.01,3.53,5681.03,-1
2025-10-07,2025-10-07 11:49:00,1636.85,1636.85,1636.71,1636.71,-0.01,3.53,5681.03,-1
2025-10-07,2025-10-07 11:50:00,1636.71,1636.71,1636.56,1636.56,-0.01,3.53,5681.03,-1
2025-10-07,2025-10-07 11:51:00,1636.56,1636.56,1636.42,1636.42,-0.01,3.53,5681.03,-1
2025-10-07,2025-10-07 11:52:00,1636.42,1636.42,1636.27,1636.27,-0.01,3.53,5681.03,-1
2025-10-07,2025-10-07 11:53:00,1636.27,1636.27,1636.12,1636.12,-0.01,3.53,5681.03,-1
2025-10-07,2025-10-07 11:54:00,1636.12,1636.12,1635.98,1635.98,-0.01,3.53,5681.03,-1
2025-10-07,2025-10-07 11:55:00,1635.98,1635.98,1635.83,1635.83,-0.01,3.53,5681.03,-1
2025-10-07,2025-10-07 11:56:00,1635.83,1635.83,1635.69,1635.69,-0.01,3.53,5681.03,-1
2025-10-07,2025-10-07 11:57:00,1635.69,1635.69,1635.54,1635.54,-0.01,3.53,5681.03,-1
2025-10-07,2025-10-07 11:58:00,1635.54,1635.54,1635.4,1635.4,-0.01,3.53,5681.03,-1
2025-10-07,2025-10-07 11:59:00,1635.4,1635.4,1635.25,1635.25,-0.01,3.53,5681.03,-1
2025-10-07,2025-10-07 12:00:00,1635.25,1635.25,1635.1,1635.1,-0.01,3.53,5681.03,-1
2025-10-07,2025-10-07 12:01:00,1635.1,1635.1,1634.96,1634.96,-0.01,3.53,5681.03,-1
2025-10-07,2025-10-07 12:02:00,1634.96,1634.96,1634.81,1634.81,-0.01,3.53,5681.03,-1
2025-10-07,2025-10-07 12:03:00,1634.81,1634.81,1634.67,1634.67,-0.01,3.53,5681.03,-1
2025-10-07,2025-10-07 12:04:00,1634.67,1634.67,1634.52,1634.52,-0.01,3.53,5681.03,-1
2025-10-07,2025-10-07 12:05:00,1634.52,1634.52,1634.38,1634.38,-0.01,3.53,5681.03,-1
2025-10-07,2025-10-07 12:06:00,1634.38,1634.38,1634.23,1634.23,-0.01,3.53,5681.03,-1
2025-10-07,2025-10-07 12:07:00,1634.23,1634.23,1634.08,1634.08,-0.01,3.53,5681.03,-1
2025-10-07,2025-10-07 12:08:00,1634.08,1634.08,1633.94,1633.94,-0.01,3.53,5681.03,-1
2025-10-07,2025-10-07 12:09:00,1633.94,1633.94,1633.79,1633.79,-0.01,3.53,5681.03,-1
2025-10-07,2025-10-07 12:10:00,1633.79,1633.79,1633.65,1633.65,-0.01,3.53,5681.03,-1
2025-10-07,2025-10-07 12:11:00,1633.65,1633.65,1633.5,1633.5,-0.01,3.53,5681.03,-1
2025-10-07,2025-10-07 12:12:00,1633.5,1633.5,1633.35,1633.35,-0.01,3.53,5681.03,-1
2025-10-07,2025-10-07 12:13:00,1633.35,1633.35,1633.21,1633.21,-0.01,3.53,5681.03,-1
2025-10-07,2025-10-07 12:14:00,1633.21,1633.21,1633.06,1633.06,-0.01,3.53,5681.03,-1
2025-10-07,2025-10-07 12:15:00,1633.06,1633.06,1632.92,1632.92,-0.01,3.53,5681.03,-1
2025-10-07,2025-10-07 12:16:00,1632.92,1632.92,1632.77,1632.77,-0.01,3.53,5681.03,-1
2025-10-07,2025-10-07 12:17:00,1632.77,1632.77,1632.62,1632.62,-0.01,3.53,5681.03,-1
2025-10-07,2025-10-07 12:18:00,1632.62,1632.62,1632.48,1632.48,-0.01,3.53,5681.03,-1
2025-10-07,2025-10-07 12:19:00,1632.48,1632.48,1632.33,1632.33,-0.01,3.53,5681.03,-1
2025-10-07,2025-10-07 12:20:00,1632.33,1632.33,1632.19,1632.19,-0.01,3.53,5681.03,-1
2025-10-07,2025-10-07 12:21:00,1632.19,1632.19,1632.04,1632.04,-0.01,3.53,5681.03,-1
2025-10-07,2025-10-07 12:22:00,1632.04,1632.04,1631.9,1631.9,-0.01,3.53,5681.03,-1
2025-10-07,2025-10-07 12:23:00,1631.9,1631.9,1631.75,1631.75,-0.01,3.53,5681.03,-1
2025-10-07,2025-10-07 12:24:00,1631.75,1631.75,1631.6,1631.6,-0.01,3.53,5681.03,-1
2025-10-07,2025-10-07 12:25:00,1631.6,1631.6,1631.46,1631.46,-0.01,3.53,5681.03,-1
2025-10-07,2025-10-07 12:26:00,1631.46,1631.46,1631.31,1631.31,-0.01,3.53,5681.03,-1
2025-10-07,2025-10-07 12:27:00,1631.31,1631.31,1631.17,1631.17,-0.01,3.53,5681.03,-1
2025-10-07,2025-10-07 12:28:00,1631.17,1631.17,1631.02,1631.02,-0.01,3.53,5681.03,-1
2025-10-07,2025-10-07 12:29:00,1631.02,1631.02,1630.88,1630.88,-0.01,3.53,5681.03,-1
2025-10-07,2025-10-07 12:30:00,1630.88,1630.88,1630.73,1630.73,-0.01,3.53,5681.03,-1
2025-10-07,2025-10-07 12:31:00,1630.73,1630.73,1630.58,1630.58,-0.01,3.53,5681.03,-1
2025-10-07,2025-10-07 12:32:00,1630.58,1630.58,1630.44,1630.44,-0.01,3.53,5681.03,-1
2025-10-07,2025-10-07 12:33:00,1630.44,1630.44,1630.29,1630.29,-0.01,3.53,5681.03,-1
2025-10-07,2025-10-07 12:34:00,1630.29,1630.29,1630.15,1630.15,-0.01,3.53,5681.03,-1
2025-10-07,2025-10-07 12:35:00,1630.15,1630.15,1630.0,1630.0,-0.01,3.53,5681.03,-1
2025-10-07,2025-10-07 12:36:00,1630.0,1630.0,1629.85,1629.85,-0.01,3.53,5681.03,-1
2025-10-07,2025-10-07 12:37:00,1629.85,1629.85,1629.71,1629.71,-0.01,3.53,5681.03,-1
2025-10-07,2025-10-07 12:38:00,1629.71,1629.71,1629.56,1629.56,-0.01,3.53,5681.03,-1
2025-10-07,2025-10-07 12:39:00,1629.56,1629.56,1629.42,1629.42,-0.01,3.53,5681.03,-1
2025-10-07,2025-10-07 12:40:00,1629.42,1629.42,1629.27,1629.27,-0.01,3.53,5681.03,-1
2025-10-07,2025-10-07 12:41:00,1629.27,1629.27,1629.12,1629.12,-0.01,3.53,5681.03,-1
2025-10-07,2025-10-07 12:42:00,1629.12,1629.12,1628.98,1628.98,-0.01,3.53,5681.03,-1
2025-10-07,2025-10-07 12:43:00,1628.98,1628.98,1628.83,1628.83,-0.01,3.53,5681.03,-1
2025-10-07,2025-10-07 12:44:00,1628.83,1628.83,1628.69,1628.69,-0.01,3.53,5681.03,-1
2025-10-07,2025-10-07 12:45:00,1628.69,1628.69,1628.54,1628.54,-0.01,3.53,5681.03,-1
2025-10-07,2025-10-07 12:46:00,1628.54,1628.54,1628.4,1628.4,-0.01,3.53,5681.03,-1
2025-10-07,2025-10-07 12:47:00,1628.4,1628.4,1628.25,1628.25,-0.01,3.53,5681.03,-1
2025-10-07,2025-10-07 12:48:00,1628.25,1628.25,1628.1,1628.1,-0.01,3.53,5681.03,-1
2025-10-07,2025-10-07 12:49:00,1628.1,1628.1,1627.96,1627.96,-0.01,3.53,5681.03,-1
2025-10-07,2025-10-07 12:50:00,1627.96,1627.96,1627.81,1627.81,-0.01,3.53,5681.03,-1
2025-10-07,2025-10-07 12:51:00,1627.81,1627.81,1627.67,1627.67,-0.01,3.53,5681.03,-1
2025-10-07,2025-10-07 12:52:00,1627.67,1627.67,1627.52,1627.52,-0.01,3.53,5681.03,-1
2025-10-07,2025-10-07 12:53:00,1627.52,1627.52,1627.38,1627.38,-0.01,3.53,5681.03,-1
2025-10-07,2025-10-07 12:54:00,1627.38,1627.38,1627.23,1627.23,-0.01,3.53,5681.03,-1
2025-10-07,2025-10-07 12:55:00,1627.23,1627.23,1627.08,1627.08,-0.01,3.53,5681.03,-1
2025-10-07,2025-10-07 12:56:00,1627.08,1627.08,1626.94,1626.94,-0.01,3.53,5681.03,-1
2025-10-07,2025-10-07 12:57:00,1626.94,1626.94,1626.79,1626.79,-0.01,3.53,5681.03,-1
2025-10-07,2025-10-07 12:58:00,1626.79,1626.79,1626.65,1626.65,-0.01,3.53,5681.03,-1
2025-10-07,2025-10-07 12:59:00,1626.65,1626.65,1626.5,1626.5,-0.01,3.53,5681.03,-1
2025-10-07,2025-10-07 13:00:00,1626.5,1644.0,1600.0,1626.35,-0.01,3.53,5681.03,-1
2025-10-07,2025-10-07 13:01:00,1626.35,1626.35,1626.21,1626.21,-0.01,3.53,5681.03,-1
2025-10-07,2025-10-07 13:02:00,1626.21,1626.21,1626.06,1626.06,-0.01,3.53,5681.03,-1
2025-10-07,2025-10-07 13:03:00,1626.06,1626.06,1625.92,1625.92,-0.01,3.53,5681.03,-1
2025-10-07,2025-10-07 13:04:00,1625.92,1625.92,1625.77,1625.77,-0.01,3.53,5681.03,-1
2025-10-07,2025-10-07 13:05:00,1625.77,1625.77,1625.62,1625.62,-0.01,3.53,5681.03,-1
2025-10-07,2025-10-07 13:06:00,1625.62,1625.62,1625.48,1625.48,-0.01,3.53,5681.03,-1
2025-10-07,2025-10-07 13:07:00,1625.48,1625.48,1625.33,1625.33,-0.01,3.53,5681.03,-1
2025-10-07,2025-10-07 13:08:00,1625.33,1625.33,1625.19,1625.19,-0.01,3.53,5681.03,-1
2025-10-07,2025-10-07 13:09:00,1625.19,1625.19,1625.04,1625.04,-0.01,3.53,5681.03,-1
2025-10-07,2025-10-07 13:10:00,1625.04,1625.04,1624.9,1624.9,-0.01,3.53,5681.03,-1
2025-10-07,2025-10-07 13:11:00,1624.9,1624.9,1624.75,1624.75,-0.01,3.53,5681.03,-1
2025-10-07,2025-10-07 13:12:00,1624.75,1624.75,1624.6,1624.6,-0.01,3.53,5681.03,-1
2025-10-07,2025-10-07 13:13:00,1624.6,1624.6,1624.46,1624.46,-0.01,3.53,5681.03,-1
2025-10-07,2025-10-07 13:14:00,1624.46,1624.46,1624.31,1624.31,-0.01,3.53,5681.03,-1
2025-10-07,2025-10-07 13:15:00,1624.31,1624.31,1624.17,1624.17,-0.01,3.53,5681.03,-1
2025-10-07,2025-10-07 13:16:00,1624.17,1624.17,1624.02,1624.02,-0.01,3.53,5681.03,-1
2025-10-07,2025-10-07 13:17:00,1624.02,1624.02,1623.88,1623.88,-0.01,3.53,5681.03,-1
2025-10-07,2025-10-07 13:18:00,1623.88,1623.88,1623.73,1623.73,-0.01,3.53,5681.03,-1
2025-10-07,2025-10-07 13:19:00,1623.73,1623.73,1623.58,1623.58,-0.01,3.53,5681.03,-1
2025-10-07,2025-10-07 13:20:00,1623.58,1623.58,1623.44,1623.44,-0.01,3.53,5681.03,-1
2025-10-07,2025-10-07 13:21:00,1623.44,1623.44,1623.29,1623.29,-0.01,3.53,5681.03,-1
2025-10-07,2025-10-07 13:22:00,1623.29,1623.29,1623.15,1623.15,-0.01,3.53,5681.03,-1
2025-10-07,2025-10-07 13:23:00,1623.15,1623.15,1623.0,1623.0,-0.01,3.53,5681.03,-1
2025-10-07,2025-10-07 13:24:00,1623.0,1623.0,1622.85,1622.85,-0.01,3.53,5681.03,-1
2025-10-07,2025-10-07 13:25:00,1622.85,1622.85,1622.71,1622.71,-0.01,3.53,5681.03,-1
2025-10-07,2025-10-07 13:26:00,1622.71,1622.71,1622.56,1622.56,-0.01,3.53,5681.03,-1
2025-10-07,2025-10-07 13:27:00,1622.56,1622.56,1622.42,1622.42,-0.01,3.53,5681.03,-1
2025-10-07,2025-10-07 13:28:00,1622.42,1622.42,1622.27,1622.27,-0.01,3.53,5681.03,-1
2025-10-07,2025-10-07 13:29:00,1622.27,1622.27,1622.12,1622.12,-0.01,3.53,5681.03,-1
2025-10-07,2025-10-07 13:30:00,1622.12,1622.12,1621.98,1621.98,-0.01,3.53,5681.03,-1
2025-10-07,2025-10-07 13:31:00,1621.98,1621.98,1621.83,1621.83,-0.01,3.53,5681.03,-1
2025-10-07,2025-10-07 13:32:00,1621.83,1621.83,1621.69,1621.69,-0.01,3.53,5681.03,-1
2025-10-07,2025-10-07 13:33:00,1621.69,1621.69,1621.54,1621.54,-0.01,3.53,5681.03,-1
2025-10-07,2025-10-07 13:34:00,1621.54,1621.54,1621.4,1621.4,-0.01,3.53,5681.03,-1
2025-10-07,2025-10-07 13:35:00,1621.4,1621.4,1621.25,1621.25,-0.01,3.53,5681.03,-1
2025-10-07,2025-10-07 13:36:00,1621.25,1621.25,1621.1,1621.1,-0.01,3.53,5681.03,-1
2025-10-07,2025-10-07 13:37:00,1621.1,1621.1,1620.96,1620.96,-0.01,3.53,5681.03,-1
2025-10-07,2025-10-07 13:38:00,1620.96,1620.96,1620.81,1620.81,-0.01,3.53,5681.03,-1
2025-10-07,2025-10-07 13:39:00,1620.81,1620.81,1620.67,1620.67,-0.01,3.53,5681.03,-1
2025-10-07,2025-10-07 13:40:00,1620.67,1620.67,1620.52,1620.52,-0.01,3.53,5681.03,-1
2025-10-07,2025-10-07 13:41:00,1620.52,1620.52,1620.38,1620.38,-0.01,3.53,5681.03,-1
2025-10-07,2025-10-07 13:42:00,1620.38,1620.38,1620.23,1620.23,-0.01,3.53,5681.03,-1
2025-10-07,2025-10-07 13:43:00,1620.23,1620.23,1620.08,1620.08,-0.01,3.53,5681.03,-1
2025-10-07,2025-10-07 13:44:00,1620.08,1620.08,1619.94,1619.94,-0.01,3.53,5681.03,-1
2025-10-07,2025-10-07 13:45:00,1619.94,1619.94,1619.79,1619.79,-0.01,3.53,5681.03,-1
2025-10-07,2025-10-07 13:46:00,1619.79,1619.79,1619.65,1619.65,-0.01,3.53,5681.03,-1
2025-10-07,2025-10-07 13:47:00,1619.65,1619.65,1619.5,1619.5,-0.01,3.53,5681.03,-1
2025-10-07,2025-10-07 13:48:00,1619.5,1619.5,1619.35,1619.35,-0.01,3.53,5681.03,-1
2025-10-07,2025-10-07 13:49:00,1619.35,1619.35,1619.21,1619.21,-0.01,3.53,5681.03,-1
2025-10-07,2025-10-07 13:50:00,1619.21,1619.21,1619.06,1619.06,-0.01,3.53,5681.03,-1
2025-10-07,2025-10-07 13:51:00,1619.06,1619.06,1618.92,1618.92,-0.01,3.53,5681.03,-1
2025-10-07,2025-10-07 13:52:00,1618.92,1618.92,1618.77,1618.77,-0.01,3.53,5681.03,-1
2025-10-07,2025-10-07 13:53:00,1618.77,1618.77,1618.62,1618.62,-0.01,3.53,5681.03,-1
2025-10-07,2025-10-07 13:54:00,1618.62,1618.62,1618.48,1618.48,-0.01,3.53,5681.03,-1
2025-10-07,2025-10-07 13:55:00,1618.48,1618.48,1618.33,1618.33,-0.01,3.53,5681.03,-1
2025-10-07,2025-10-07 13:56:00,1618.33,1618.33,1618.19,1618.19,-0.01,3.53,5681.03,-1
2025-10-07,2025-10-07 13:57:00,1618.19,1618.19,1618.04,1618.04,-0.01,3.53,5681.03,-1
2025-10-07,2025-10-07 13:58:00,1618.04,1618.04,1617.9,1617.9,-0.01,3.53,5681.03,-1
2025-10-07,2025-10-07 13:59:00,1617.9,1617.9,1617.75,1617.75,-0.01,3.53,5681.03,-1
2025-10-07,2025-10-07 14:00:00,1617.75,1617.75,1617.6,1617.6,-0.01,3.53,5681.03,-1
2025-10-07,2025-10-07 14:01:00,1617.6,1617.6,1617.46,1617.46,-0.01,3.53,5681.03,-1
2025-10-07,2025-10-07 14:02:00,1617.46,1617.46,1617.31,1617.31,-0.01,3.53,5681.03,-1
2025-10-07,2025-10-07 14:03:00,1617.31,1617.31,1617.17,1617.17,-0.01,3.53,5681.03,-1
2025-10-07,2025-10-07 14:04:00,1617.17,1617.17,1617.02,1617.02,-0.01,3.53,5681.03,-1
2025-10-07,2025-10-07 14:05:00,1617.02,1617.02,1616.88,1616.88,-0.01,3.53,5681.03,-1
2025-10-07,2025-10-07 14:06:00,1616.88,1616.88,1616.73,1616.73,-0.01,3.53,5681.03,-1
2025-10-07,2025-10-07 14:07:00,1616.73,1616.73,1616.58,1616.58,-0.01,3.53,5681.03,-1
2025-10-07,2025-10-07 14:08:00,1616.58,1616.58,1616.44,1616.44,-0.01,3.53,5681.03,-1
2025-10-07,2025-10-07 14:09:00,1616.44,1616.44,1616.29,1616.29,-0.01,3.53,5681.03,-1
2025-10-07,2025-10-07 14:10:00,1616.29,1616.29,1616.15,1616.15,-0.01,3.53,5681.03,-1
2025-10-07,2025-10-07 14:11:00,1616.15,1616.15,1616.0,1616.0,-0.01,3.53,5681.03,-1
2025-10-07,2025-10-07 14:12:00,1616.0,1616.0,1615.85,1615.85,-0.01,3.53,5681.03,-1
2025-10-07,2025-10-07 14:13:00,1615.85,1615.85,1615.71,1615.71,-0.01,3.53,5681.03,-1
2025-10-07,2025-10-07 14:14:00,1615.71,1615.71,1615.56,1615.56,-0.01,3.53,5681.03,-1
2025-10-07,2025-10-07 14:15:00,1615.56,1615.56,1615.42,1615.42,-0.01,3.53,5681.03,-1
2025-10-07,2025-10-07 14:16:00,1615.42,1615.42,1615.27,1615.27,-0.01,3.53,5681.03,-1
2025-10-07,2025-10-07 14:17:00,1615.27,1615.27,1615.12,1615.12,-0.01,3.53,5681.03,-1
2025-10-07,2025-10-07 14:18:00,1615.12,1615.12,1614.98,1614.98,-0.01,3.53,5681.03,-1
2025-10-07,2025-10-07 14:19:00,1614.98,1614.98,1614.83,1614.83,-0.01,3.53,5681.03,-1
2025-10-07,2025-10-07 14:20:00,1614.83,1614.83,1614.69,1614.69,-0.01,3.53,5681.03,-1
2025-10-07,2025-10-07 14:21:00,1614.69,1614.69,1614.54,1614.54,-0.01,3.53,5681.03,-1
2025-10-07,2025-10-07 14:22:00,1614.54,1614.54,1614.4,1614.4,-0.01,3.53,5681.03,-1
2025-10-07,2025-10-07 14:23:00,1614.4,1614.4,1614.25,1614.25,-0.01,3.53,5681.03,-1
2025-10-07,2025-10-07 14:24:00,1614.25,1614.25,1614.1,1614.1,-0.01,3.53,5681.03,-1
2025-10-07,2025-10-07 14:25:00,1614.1,1614.1,1613.96,1613.96,-0.01,3.53,5681.03,-1
2025-10-07,2025-10-07 14:26:00,1613.96,1613.96,1613.81,1613.81,-0.01,3.53,5681.03,-1
2025-10-07,2025-10-07 14:27:00,1613.81,1613.81,1613.67,1613.67,-0.01,3.53,5681.03,-1
2025-10-07,2025-10-07 14:28:00,1613.67,1613.67,1613.52,1613.52,-0.01,3.53,5681.03,-1
2025-10-07,2025-10-07 14:29:00,1613.52,1613.52,1613.38,1613.38,-0.01,3.53,5681.03,-1
2025-10-07,2025-10-07 14:30:00,1613.38,1613.38,1613.23,1613.23,-0.01,3.53,5681.03,-1
2025-10-07,2025-10-07 14:31:00,1613.23,1613.23,1613.08,1613.08,-0.01,3.53,5681.03,-1
2025-10-07,2025-10-07 14:32:00,1613.08,1613.08,1612.94,1612.94,-0.01,3.53,5681.03,-1
2025-10-07,2025-10-07 14:33:00,1612.94,1612.94,1612.79,1612.79,-0.01,3.53,5681.03,-1
2025-10-07,2025-10-07 14:34:00,1612.79,1612.79,1612.65,1612.65,-0.01,3.53,5681.03,-1
2025-10-07,2025-10-07 14:35:00,1612.65,1612.65,1612.5,1612.5,-0.01,3.53,5681.03,-1
2025-10-07,2025-10-07 14:36:00,1612.5,1612.5,1612.35,1612.35,-0.01,3.53,5681.03,-1
2025-10-07,2025-10-07 14:37:00,1612.35,1612.35,1612.21,1612.21,-0.01,3.53,5681.03,-1
2025-10-07,2025-10-07 14:38:00,1612.21,1612.21,1612.06,1612.06,-0.01,3.53,5681.03,-1
2025-10-07,2025-10-07 14:39:00,1612.06,1612.06,1611.92,1611.92,-0.01,3.53,5681.03,-1
2025-10-07,2025-10-07 14:40:00,1611.92,1611.92,1611.77,1611.77,-0.01,3.53,5681.03,-1
2025-10-07,2025-10-07 14:41:00,1611.77,1611.77,1611.62,1611.62,-0.01,3.53,5681.03,-1
2025-10-07,2025-10-07 14:42:00,1611.62,1611.62,1611.48,1611.48,-0.01,3.53,5681.03,-1
2025-10-07,2025-10-07 14:43:00,1611.48,1611.48,1611.33,1611.33,-0.01,3.53,5681.03,-1
2025-10-07,2025-10-07 14:44:00,1611.33,1611.33,1611.19,1611.19,-0.01,3.53,5681.03,-1
2025-10-07,2025-10-07 14:45:00,1611.19,1611.19,1611.04,1611.04,-0.01,3.53,5681.03,-1
2025-10-07,2025-10-07 14:46:00,1611.04,1611.04,1610.9,1610.9,-0.01,3.53,5681.03,-1
2025-10-07,2025-10-07 14:47:00,1610.9,1610.9,1610.75,1610.75,-0.01,3.53,5681.03,-1
2025-10-07,2025-10-07 14:48:00,1610.75,1610.75,1610.6,1610.6,-0.01,3.53,5681.03,-1
2025-10-07,2025-10-07 14:49:00,1610.6,1610.6,1610.46,1610.46,-0.01,3.53,5681.03,-1
2025-10-07,2025-10-07 14:50:00,1610.46,1610.46,1610.31,1610.31,-0.01,3.53,5681.03,-1
2025-10-07,2025-10-07 14:51:00,1610.31,1610.31,1610.17,1610.17,-0.01,3.53,5681.03,-1
2025-10-07,2025-10-07 14:52:00,1610.17,1610.17,1610.02,1610.02,-0.01,3.53,5681.03,-1
2025-10-07,2025-10-07 14:53:00,1610.02,1610.02,1609.88,1609.88,-0.01,3.53,5681.03,-1
2025-10-07,2025-10-07 14:54:00,1609.88,1609.88,1609.73,1609.73,-0.01,3.53,5681.03,-1
2025-10-07,2025-10-07 14:55:00,1609.73,1609.73,1609.58,1609.58,-0.01,3.53,5681.03,-1
2025-10-07,2025-10-07 14:56:00,1609.58,1609.58,1609.44,1609.44,-0.01,3.53,5681.03,-1
2025-10-07,2025-10-07 14:57:00,1609.44,1609.44,1609.29,1609.29,-0.01,3.53,5681.03,-1
2025-10-07,2025-10-07 14:58:00,1609.29,1609.29,1609.15,1609.15,-0.01,3.53,5681.03,-1
2025-10-07,2025-10-07 14:59:00,1609.15,1609.15,1609.0,1609.0,-0.01,3.53,5681.03,-1
2025-10-07,2025-10-07 15:00:00,1609.0,1644.0,1600.0,1609.0,0.0,3.53,5681.03,0
2025-10-08,2025-10-08 11:00:00,1590.0,1596.0,1579.5,1589.98,-0.0,18.5,29087.09,-1
2025-10-08,2025-10-08 11:01:00,1589.98,1589.98,1589.97,1589.97,-0.0,18.5,29087.09,-1
2025-10-08,2025-10-08 11:02:00,1589.97,1589.97,1589.95,1589.95,-0.0,18.5,29087.09,-1
2025-10-08,2025-10-08 11:03:00,1589.95,1589.95,1589.93,1589.93,-0.0,18.5,29087.09,-1
2025-10-08,2025-10-08 11:04:00,1589.93,1589.93,1589.91,1589.91,-0.0,18.5,29087.09,-1
2025-10-08,2025-10-08 11:05:00,1589.91,1589.91,1589.9,1589.9,-0.0,18.5,29087.09,-1
2025-10-08,2025-10-08 11:06:00,1589.9,1589.9,1589.88,1589.88,-0.0,18.5,29087.09,-1
2025-10-08,2025-10-08 11:07:00,1589.88,1589.88,1589.86,1589.86,-0.0,18.5,29087.09,-1
2025-10-08,2025-10-08 11:08:00,1589.86,1589.86,1589.85,1589.85,-0.0,18.5,29087.09,-1
2025-10-08,2025-10-08 11:09:00,1589.85,1589.85,1589.83,1589.83,-0.0,18.5,29087.09,-1
2025-10-08,2025-10-08 11:10:00,1589.83,1589.83,1589.81,1589.81,-0.0,18.5,29087.09,-1
2025-10-08,2025-10-08 11:11:00,1589.81,1589.81,1589.8,1589.8,-0.0,18.5,29087.09,-1
2025-10-08,2025-10-08 11:12:00,1589.8,1589.8,1589.78,1589.78,-0.0,18.5,29087.09,-1
2025-10-08,2025-10-08 11:13:00,1589.78,1589.78,1589.76,1589.76,-0.0,18.5,29087.09,-1
2025-10-08,2025-10-08 11:14:00,1589.76,1589.76,1589.74,1589.74,-0.0,18.5,29087.09,-1
2025-10-08,2025-10-08 11:15:00,1589.74,1589.74,1589.73,1589.73,-0.0,18.5,29087.09,-1
2025-10-08,2025-10-08 11:16:00,1589.73,1589.73,1589.71,1589.71,-0.0,18.5,29087.09,-1
2025-10-08,2025-10-08 11:17:00,1589.71,1589.71,1589.69,1589.69,-0.0,18.5,29087.09,-1
2025-10-08,2025-10-08 11:18:00,1589.69,1589.69,1589.68,1589.68,-0.0,18.5,29087.09,-1
2025-10-08,2025-10-08 11:19:00,1589.68,1589.68,1589.66,1589.66,-0.0,18.5,29087.09,-1
2025-10-08,2025-10-08 11:20:00,1589.66,1589.66,1589.64,1589.64,-0.0,18.5,29087.09,-1
2025-10-08,2025-10-08 11:21:00,1589.64,1589.64,1589.62,1589.62,-0.0,18.5,29087.09,-1
2025-10-08,2025-10-08 11:22:00,1589.62,1589.62,1589.61,1589.61,-0.0,18.5,29087.09,-1
2025-10-08,2025-10-08 11:23:00,1589.61,1589.61,1589.59,1589.59,-0.0,18.5,29087.09,-1
2025-10-08,2025-10-08 11:24:00,1589.59,1589.59,1589.57,1589.57,-0.0,18.5,29087.09,-1
2025-10-08,2025-10-08 11:25:00,1589.57,1589.57,1589.56,1589.56,-0.0,18.5,29087.09,-1
2025-10-08,2025-10-08 11:26:00,1589.56,1589.56,1589.54,1589.54,-0.0,18.5,29087.09,-1
2025-10-08,2025-10-08 11:27:00,1589.54,1589.54,1589.52,1589.52,-0.0,18.5,29087.09,-1
2025-10-08,2025-10-08 11:28:00,1589.52,1589.52,1589.5,1589.5,-0.0,18.5,29087.09,-1
2025-10-08,2025-10-08 11:29:00,1589.5,1589.5,1589.49,1589.49,-0.0,18.5,29087.09,-1
2025-10-08,2025-10-08 11:30:00,1589.49,1589.49,1589.47,1589.47,-0.0,18.5,29087.09,-1
2025-10-08,2025-10-08 11:31:00,1589.47,1589.47,1589.45,1589.45,-0.0,18.5,29087.09,-1
2025-10-08,2025-10-08 11:32:00,1589.45,1589.45,1589.44,1589.44,-0.0,18.5,29087.09,-1
2025-10-08,2025-10-08 11:33:00,1589.44,1589.44,1589.42,1589.42,-0.0,18.5,29087.09,-1
2025-10-08,2025-10-08 11:34:00,1589.42,1589.42,1589.4,1589.4,-0.0,18.5,29087.09,-1
2025-10-08,2025-10-08 11:35:00,1589.4,1589.4,1589.38,1589.38,-0.0,18.5,29087.09,-1
2025-10-08,2025-10-08 11:36:00,1589.38,1589.38,1589.37,1589.37,-0.0,18.5,29087.09,-1
2025-10-08,2025-10-08 11:37:00,1589.37,1589.37,1589.35,1589.35,-0.0,18.5,29087.09,-1
2025-10-08,2025-10-08 11:38:00,1589.35,1589.35,1589.33,1589.33,-0.0,18.5,29087.09,-1
2025-10-08,2025-10-08 11:39:00,1589.33,1589.33,1589.32,1589.32,-0.0,18.5,29087.09,-1
2025-10-08,2025-10-08 11:40:00,1589.32,1589.32,1589.3,1589.3,-0.0,18.5,29087.09,-1
2025-10-08,2025-10-08 11:41:00,1589.3,1589.3,1589.28,1589.28,-0.0,18.5,29087.09,-1
2025-10-08,2025-10-08 11:42:00,1589.28,1589.28,1589.27,1589.27,-0.0,18.5,29087.09,-1
2025-10-08,2025-10-08 11:43:00,1589.27,1589.27,1589.25,1589.25,-0.0,18.5,29087.09,-1
2025-10-08,2025-10-08 11:44:00,1589.25,1589.25,1589.23,1589.23,-0.0,18.5,29087.09,-1
2025-10-08,2025-10-08 11:45:00,1589.23,1589.23,1589.21,1589.21,-0.0,18.5,29087.09,-1
2025-10-08,2025-10-08 11:46:00,1589.21,1589.21,1589.2,1589.2,-0.0,18.5,29087.09,-1
2025-10-08,2025-10-08 11:47:00,1589.2,1589.2,1589.18,1589.18,-0.0,18.5,29087.09,-1
2025-10-08,2025-10-08 11:48:00,1589.18,1589.18,1589.16,1589.16,-0.0,18.5,29087.09,-1
2025-10-08,2025-10-08 11:49:00,1589.16,1589.16,1589.15,1589.15,-0.0,18.5,29087.09,-1
2025-10-08,2025-10-08 11:50:00,1589.15,1589.15,1589.13,1589.13,-0.0,18.5,29087.09,-1
2025-10-08,2025-10-08 11:51:00,1589.13,1589.13,1589.11,1589.11,-0.0,18.5,29087.09,-1
2025-10-08,2025-10-08 11:52:00,1589.11,1589.11,1589.09,1589.09,-0.0,18.5,29087.09,-1
2025-10-08,2025-10-08 11:53:00,1589.09,1589.09,1589.08,1589.08,-0.0,18.5,29087.09,-1
2025-10-08,2025-10-08 11:54:00,1589.08,1589.08,1589.06,1589.06,-0.0,18.5,29087.09,-1
2025-10-08,2025-10-08 11:55:00,1589.06,1589.06,1589.04,1589.04,-0.0,18.5,29087.09,-1
2025-10-08,2025-10-08 11:56:00,1589.04,1589.04,1589.03,1589.03,-0.0,18.5,29087.09,-1
2025-10-08,2025-10-08 11:57:00,1589.03,1589.03,1589.01,1589.01,-0.0,18.5,29087.09,-1
2025-10-08,2025-10-08 11:58:00,1589.01,1589.01,1588.99,1588.99,-0.0,18.5,29087.09,-1
2025-10-08,2025-10-08 11:59:00,1588.99,1588.99,1588.97,1588.97,-0.0,18.5,29087.09,-1
2025-10-08,2025-10-08 12:00:00,1588.97,1588.97,1588.96,1588.96,-0.0,18.5,29087.09,-1
2025-10-08,2025-10-08 12:01:00,1588.96,1588.96,1588.94,1588.94,-0.0,18.5,29087.09,-1
2025-10-08,2025-10-08 12:02:00,1588.94,1588.94,1588.92,1588.92,-0.0,18.5,29087.09,-1
2025-10-08,2025-10-08 12:03:00,1588.92,1588.92,1588.91,1588.91,-0.0,18.5,29087.09,-1
2025-10-08,2025-10-08 12:04:00,1588.91,1588.91,1588.89,1588.89,-0.0,18.5,29087.09,-1
2025-10-08,2025-10-08 12:05:00,1588.89,1588.89,1588.87,1588.87,-0.0,18.5,29087.09,-1
2025-10-08,2025-10-08 12:06:00,1588.87,1588.87,1588.86,1588.86,-0.0,18.5,29087.09,-1
2025-10-08,2025-10-08 12:07:00,1588.86,1588.86,1588.84,1588.84,-0.0,18.5,29087.09,-1
2025-10-08,2025-10-08 12:08:00,1588.84,1588.84,1588.82,1588.82,-0.0,18.5,29087.09,-1
2025-10-08,2025-10-08 12:09:00,1588.82,1588.82,1588.8,1588.8,-0.0,18.5,29087.09,-1
2025-10-08,2025-10-08 12:10:00,1588.8,1588.8,1588.79,1588.79,-0.0,18.5,29087.09,-1
2025-10-08,2025-10-08 12:11:00,1588.79,1588.79,1588.77,1588.77,-0.0,18.5,29087.09,-1
2025-10-08,2025-10-08 12:12:00,1588.77,1588.77,1588.75,1588.75,-0.0,18.5,29087.09,-1
2025-10-08,2025-10-08 12:13:00,1588.75,1588.75,1588.74,1588.74,-0.0,18.5,29087.09,-1
2025-10-08,2025-10-08 12:14:00,1588.74,1588.74,1588.72,1588.72,-0.0,18.5,29087.09,-1
2025-10-08,2025-10-08 12:15:00,1588.72,1588.72,1588.7,1588.7,-0.0,18.5,29087.09,-1
2025-10-08,2025-10-08 12:16:00,1588.7,1588.7,1588.68,1588.68,-0.0,18.5,29087.09,-1
2025-10-08,2025-10-08 12:17:00,1588.68,1588.68,1588.67,1588.67,-0.0,18.5,29087.09,-1
2025-10-08,2025-10-08 12:18:00,1588.67,1588.67,1588.65,1588.65,-0.0,18.5,29087.09,-1
2025-10-08,2025-10-08 12:19:00,1588.65,1588.65,1588.63,1588.63,-0.0,18.5,29087.09,-1
2025-10-08,2025-10-08 12:20:00,1588.63,1588.63,1588.62,1588.62,-0.0,18.5,29087.09,-1
2025-10-08,2025-10-08 12:21:00,1588.62,1588.62,1588.6,1588.6,-0.0,18.5,29087.09,-1
2025-10-08,2025-10-08 12:22:00,1588.6,1588.6,1588.58,1588.58,-0.0,18.5,29087.09,-1
2025-10-08,2025-10-08 12:23:00,1588.58,1588.58,1588.57,1588.57,-0.0,18.5,29087.09,-1
2025-10-08,2025-10-08 12:24:00,1588.57,1588.57,1588.55,1588.55,-0.0,18.5,29087.09,-1
2025-10-08,2025-10-08 12:25:00,1588.55,1588.55,1588.53,1588.53,-0.0,18.5,29087.09,-1
2025-10-08,2025-10-08 12:26:00,1588.53,1588.53,1588.51,1588.51,-0.0,18.5,29087.09,-1
2025-10-08,2025-10-08 12:27:00,1588.51,1588.51,1588.5,1588.5,-0.0,18.5,29087.09,-1
2025-10-08,2025-10-08 12:28:00,1588.5,1588.5,1588.48,1588.48,-0.0,18.5,29087.09,-1
2025-10-08,2025-10-08 12:29:00,1588.48,1588.48,1588.46,1588.46,-0.0,18.5,29087.09,-1
2025-10-08,2025-10-08 12:30:00,1588.46,1588.46,1588.45,1588.45,-0.0,18.5,29087.09,-1
2025-10-08,2025-10-08 12:31:00,1588.45,1588.45,1588.43,1588.43,-0.0,18.5,29087.09,-1
2025-10-08,2025-10-08 12:32:00,1588.43,1588.43,1588.41,1588.41,-0.0,18.5,29087.09,-1
2025-10-08,2025-10-08 12:33:00,1588.41,1588.41,1588.39,1588.39,-0.0,18.5,29087.09,-1
2025-10-08,2025-10-08 12:34:00,1588.39,1588.39,1588.38,1588.38,-0.0,18.5,29087.09,-1
2025-10-08,2025-10-08 12:35:00,1588.38,1588.38,1588.36,1588.36,-0.0,18.5,29087.09,-1
2025-10-08,2025-10-08 12:36:00,1588.36,1588.36,1588.34,1588.34,-0.0,18.5,29087.09,-1
2025-10-08,2025-10-08 12:37:00,1588.34,1588.34,1588.33,1588.33,-0.0,18.5,29087.09,-1
2025-10-08,2025-10-08 12:38:00,1588.33,1588.33,1588.31,1588.31,-0.0,18.5,29087.09,-1
2025-10-08,2025-10-08 12:39:00,1588.31,1588.31,1588.29,1588.29,-0.0,18.5,29087.09,-1
2025-10-08,2025-10-08 12:40:00,1588.29,1588.29,1588.27,1588.27,-0.0,18.5,29087.09,-1
2025-10-08,2025-10-08 12:41:00,1588.27,1588.27,1588.26,1588.26,-0.0,18.5,29087.09,-1
2025-10-08,2025-10-08 12:42:00,1588.26,1588.26,1588.24,1588.24,-0.0,18.5,29087.09,-1
2025-10-08,2025-10-08 12:43:00,1588.24,1588.24,1588.22,1588.22,-0.0,18.5,29087.09,-1
2025-10-08,2025-10-08 12:44:00,1588.22,1588.22,1588.21,1588.21,-0.0,18.5,29087.09,-1
2025-10-08,2025-10-08 12:45:00,1588.21,1588.21,1588.19,1588.19,-0.0,18.5,29087.09,-1
2025-10-08,2025-10-08 12:46:00,1588.19,1588.19,1588.17,1588.17,-0.0,18.5,29087.09,-1
2025-10-08,2025-10-08 12:47:00,1588.17,1588.17,1588.15,1588.15,-0.0,18.5,29087.09,-1
2025-10-08,2025-10-08 12:48:00,1588.15,1588.15,1588.14,1588.14,-0.0,18.5,29087.09,-1
2025-10-08,2025-10-08 12:49:00,1588.14,1588.14,1588.12,1588.12,-0.0,18.5,29087.09,-1
2025-10-08,2025-10-08 12:50:00,1588.12,1588.12,1588.1,1588.1,-0.0,18.5,29087.09,-1
2025-10-08,2025-10-08 12:51:00,1588.1,1588.1,1588.09,1588.09,-0.0,18.5,29087.09,-1
2025-10-08,2025-10-08 12:52:00,1588.09,1588.09,1588.07,1588.07,-0.0,18.5,29087.09,-1
2025-10-08,2025-10-08 12:53:00,1588.07,1588.07,1588.05,1588.05,-0.0,18.5,29087.09,-1
2025-10-08,2025-10-08 12:54:00,1588.05,1588.05,1588.04,1588.04,-0.0,18.5,29087.09,-1
2025-10-08,2025-10-08 12:55:00,1588.04,1588.04,1588.02,1588.02,-0.0,18.5,29087.09,-1
2025-10-08,2025-10-08 12:56:00,1588.02,1588.02,1588.0,1588.0,-0.0,18.5,29087.09,-1
2025-10-08,2025-10-08 12:57:00,1588.0,1588.0,1587.98,1587.98,-0.0,18.5,29087.09,-1
2025-10-08,2025-10-08 12:58:00,1587.98,1587.98,1587.97,1587.97,-0.0,18.5,29087.09,-1
2025-10-08,2025-10-08 12:59:00,1587.97,1587.97,1587.95,1587.95,-0.0,18.5,29087.09,-1
2025-10-08,2025-10-08 13:00:00,1587.95,1610.0,1555.0,1587.93,-0.0,18.5,29087.09,-1
2025-10-08,2025-10-08 13:01:00,1587.93,1587.93,1587.92,1587.92,-0.0,18.5,29087.09,-1
2025-10-08,2025-10-08 13:02:00,1587.92,1587.92,1587.9,1587.9,-0.0,18.5,29087.09,-1
2025-10-08,2025-10-08 13:03:00,1587.9,1587.9,1587.88,1587.88,-0.0,18.5,29087.09,-1
2025-10-08,2025-10-08 13:04:00,1587.88,1587.88,1587.86,1587.86,-0.0,18.5,29087.09,-1
2025-10-08,2025-10-08 13:05:00,1587.86,1587.86,1587.85,1587.85,-0.0,18.5,29087.09,-1
2025-10-08,2025-10-08 13:06:00,1587.85,1587.85,1587.83,1587.83,-0.0,18.5,29087.09,-1
2025-10-08,2025-10-08 13:07:00,1587.83,1587.83,1587.81,1587.81,-0.0,18.5,29087.09,-1
2025-10-08,2025-10-08 13:08:00,1587.81,1587.81,1587.8,1587.8,-0.0,18.5,29087.09,-1
2025-10-08,2025-10-08 13:09:00,1587.8,1587.8,1587.78,1587.78,-0.0,18.5,29087.09,-1
2025-10-08,2025-10-08 13:10:00,1587.78,1587.78,1587.76,1587.76,-0.0,18.5,29087.09,-1
2025-10-08,2025-10-08 13:11:00,1587.76,1587.76,1587.75,1587.75,-0.0,18.5,29087.09,-1
2025-10-08,2025-10-08 13:12:00,1587.75,1587.75,1587.73,1587.73,-0.0,18.5,29087.09,-1
2025-10-08,2025-10-08 13:13:00,1587.73,1587.73,1587.71,1587.71,-0.0,18.5,29087.09,-1
2025-10-08,2025-10-08 13:14:00,1587.71,1587.71,1587.69,1587.69,-0.0,18.5,29087.09,-1
2025-10-08,2025-10-08 13:15:00,1587.69,1587.69,1587.68,1587.68,-0.0,18.5,29087.09,-1
2025-10-08,2025-10-08 13:16:00,1587.68,1587.68,1587.66,1587.66,-0.0,18.5,29087.09,-1
2025-10-08,2025-10-08 13:17:00,1587.66,1587.66,1587.64,1587.64,-0.0,18.5,29087.09,-1
2025-10-08,2025-10-08 13:18:00,1587.64,1587.64,1587.63,1587.63,-0.0,18.5,29087.09,-1
2025-10-08,2025-10-08 13:19:00,1587.63,1587.63,1587.61,1587.61,-0.0,18.5,29087.09,-1
2025-10-08,2025-10-08 13:20:00,1587.61,1587.61,1587.59,1587.59,-0.0,18.5,29087.09,-1
2025-10-08,2025-10-08 13:21:00,1587.59,1587.59,1587.57,1587.57,-0.0,18.5,29087.09,-1
2025-10-08,2025-10-08 13:22:00,1587.57,1587.57,1587.56,1587.56,-0.0,18.5,29087.09,-1
2025-10-08,2025-10-08 13:23:00,1587.56,1587.56,1587.54,1587.54,-0.0,18.5,29087.09,-1
2025-10-08,2025-10-08 13:24:00,1587.54,1587.54,1587.52,1587.52,-0.0,18.5,29087.09,-1
2025-10-08,2025-10-08 13:25:00,1587.52,1587.52,1587.51,1587.51,-0.0,18.5,29087.09,-1
2025-10-08,2025-10-08 13:26:00,1587.51,1587.51,1587.49,1587.49,-0.0,18.5,29087.09,-1
2025-10-08,2025-10-08 13:27:00,1587.49,1587.49,1587.47,1587.47,-0.0,18.5,29087.09,-1
2025-10-08,2025-10-08 13:28:00,1587.47,1587.47,1587.45,1587.45,-0.0,18.5,29087.09,-1
2025-10-08,2025-10-08 13:29:00,1587.45,1587.45,1587.44,1587.44,-0.0,18.5,29087.09,-1
2025-10-08,2025-10-08 13:30:00,1587.44,1587.44,1587.42,1587.42,-0.0,18.5,29087.09,-1
2025-10-08,2025-10-08 13:31:00,1587.42,1587.42,1587.4,1587.4,-0.0,18.5,29087.09,-1
2025-10-08,2025-10-08 13:32:00,1587.4,1587.4,1587.39,1587.39,-0.0,18.5,29087.09,-1
2025-10-08,2025-10-08 13:33:00,1587.39,1587.39,1587.37,1587.37,-0.0,18.5,29087.09,-1
2025-10-08,2025-10-08 13:34:00,1587.37,1587.37,1587.35,1587.35,-0.0,18.5,29087.09,-1
2025-10-08,2025-10-08 13:35:00,1587.35,1587.35,1587.34,1587.34,-0.0,18.5,29087.09,-1
2025-10-08,2025-10-08 13:36:00,1587.34,1587.34,1587.32,1587.32,-0.0,18.5,29087.09,-1
2025-10-08,2025-10-08 13:37:00,1587.32,1587.32,1587.3,1587.3,-0.0,18.5,29087.09,-1
2025-10-08,2025-10-08 13:38:00,1587.3,1587.3,1587.28,1587.28,-0.0,18.5,29087.09,-1
2025-10-08,2025-10-08 13:39:00,1587.28,1587.28,1587.27,1587.27,-0.0,18.5,29087.09,-1
2025-10-08,2025-10-08 13:40:00,1587.27,1587.27,1587.25,1587.25,-0.0,18.5,29087.09,-1
2025-10-08,2025-10-08 13:41:00,1587.25,1587.25,1587.23,1587.23,-0.0,18.5,29087.09,-1
2025-10-08,2025-10-08 13:42:00,1587.23,1587.23,1587.22,1587.22,-0.0,18.5,29087.09,-1
2025-10-08,2025-10-08 13:43:00,1587.22,1587.22,1587.2,1587.2,-0.0,18.5,29087.09,-1
2025-10-08,2025-10-08 13:44:00,1587.2,1587.2,1587.18,1587.18,-0.0,18.5,29087.09,-1
2025-10-08,2025-10-08 13:45:00,1587.18,1587.18,1587.16,1587.16,-0.0,18.5,29087.09,-1
2025-10-08,2025-10-08 13:46:00,1587.16,1587.16,1587.15,1587.15,-0.0,18.5,29087.09,-1
2025-10-08,2025-10-08 13:47:00,1587.15,1587.15,1587.13,1587.13,-0.0,18.5,29087.09,-1
2025-10-08,2025-10-08 13:48:00,1587.13,1587.13,1587.11,1587.11,-0.0,18.5,29087.09,-1
2025-10-08,2025-10-08 13:49:00,1587.11,1587.11,1587.1,1587.1,-0.0,18.5,29087.09,-1
2025-10-08,2025-10-08 13:50:00,1587.1,1587.1,1587.08,1587.08,-0.0,18.5,29087.09,-1
2025-10-08,2025-10-08 13:51:00,1587.08,1587.08,1587.06,1587.06,-0.0,18.5,29087.09,-1
2025-10-08,2025-10-08 13:52:00,1587.06,1587.06,1587.04,1587.04,-0.0,18.5,29087.09,-1
2025-10-08,2025-10-08 13:53:00,1587.04,1587.04,1587.03,1587.03,-0.0,18.5,29087.09,-1
2025-10-08,2025-10-08 13:54:00,1587.03,1587.03,1587.01,1587.01,-0.0,18.5,29087.09,-1
2025-10-08,2025-10-08 13:55:00,1587.01,1587.01,1586.99,1586.99,-0.0,18.5,29087.09,-1
2025-10-08,2025-10-08 13:56:00,1586.99,1586.99,1586.98,1586.98,-0.0,18.5,29087.09,-1
2025-10-08,2025-10-08 13:57:00,1586.98,1586.98,1586.96,1586.96,-0.0,18.5,29087.09,-1
2025-10-08,2025-10-08 13:58:00,1586.96,1586.96,1586.94,1586.94,-0.0,18.5,29087.09,-1
2025-10-08,2025-10-08 13:59:00,1586.94,1586.94,1586.93,1586.93,-0.0,18.5,29087.09,-1
2025-10-08,2025-10-08 14:00:00,1586.93,1586.93,1586.91,1586.91,-0.0,18.5,29087.09,-1
2025-10-08,2025-10-08 14:01:00,1586.91,1586.91,1586.89,1586.89,-0.0,18.5,29087.09,-1
2025-10-08,2025-10-08 14:02:00,1586.89,1586.89,1586.87,1586.87,-0.0,18.5,29087.09,-1
2025-10-08,2025-10-08 14:03:00,1586.87,1586.87,1586.86,1586.86,-0.0,18.5,29087.09,-1
2025-10-08,2025-10-08 14:04:00,1586.86,1586.86,1586.84,1586.84,-0.0,18.5,29087.09,-1
2025-10-08,2025-10-08 14:05:00,1586.84,1586.84,1586.82,1586.82,-0.0,18.5,29087.09,-1
2025-10-08,2025-10-08 14:06:00,1586.82,1586.82,1586.81,1586.81,-0.0,18.5,29087.09,-1
2025-10-08,2025-10-08 14:07:00,1586.81,1586.81,1586.79,1586.79,-0.0,18.5,29087.09,-1
2025-10-08,2025-10-08 14:08:00,1586.79,1586.79,1586.77,1586.77,-0.0,18.5,29087.09,-1
2025-10-08,2025-10-08 14:09:00,1586.77,1586.77,1586.75,1586.75,-0.0,18.5,29087.09,-1
2025-10-08,2025-10-08 14:10:00,1586.75,1586.75,1586.74,1586.74,-0.0,18.5,29087.09,-1
2025-10-08,2025-10-08 14:11:00,1586.74,1586.74,1586.72,1586.72,-0.0,18.5,29087.09,-1
2025-10-08,2025-10-08 14:12:00,1586.72,1586.72,1586.7,1586.7,-0.0,18.5,29087.09,-1
2025-10-08,2025-10-08 14:13:00,1586.7,1586.7,1586.69,1586.69,-0.0,18.5,29087.09,-1
2025-10-08,2025-10-08 14:14:00,1586.69,1586.69,1586.67,1586.67,-0.0,18.5,29087.09,-1
2025-10-08,2025-10-08 14:15:00,1586.67,1586.67,1586.65,1586.65,-0.0,18.5,29087.09,-1
2025-10-08,2025-10-08 14:16:00,1586.65,1586.65,1586.63,1586.63,-0.0,18.5,29087.09,-1
2025-10-08,2025-10-08 14:17:00,1586.63,1586.63,1586.62,1586.62,-0.0,18.5,29087.09,-1
2025-10-08,2025-10-08 14:18:00,1586.62,1586.62,1586.6,1586.6,-0.0,18.5,29087.09,-1
2025-10-08,2025-10-08 14:19:00,1586.6,1586.6,1586.58,1586.58,-0.0,18.5,29087.09,-1
2025-10-08,2025-10-08 14:20:00,1586.58,1586.58,1586.57,1586.57,-0.0,18.5,29087.09,-1
2025-10-08,2025-10-08 14:21:00,1586.57,1586.57,1586.55,1586.55,-0.0,18.5,29087.09,-1
2025-10-08,2025-10-08 14:22:00,1586.55,1586.55,1586.53,1586.53,-0.0,18.5,29087.09,-1
2025-10-08,2025-10-08 14:23:00,1586.53,1586.53,1586.52,1586.52,-0.0,18.5,29087.09,-1
2025-10-08,2025-10-08 14:24:00,1586.52,1586.52,1586.5,1586.5,-0.0,18.5,29087.09,-1
2025-10-08,2025-10-08 14:25:00,1586.5,1586.5,1586.48,1586.48,-0.0,18.5,29087.09,-1
2025-10-08,2025-10-08 14:26:00,1586.48,1586.48,1586.46,1586.46,-0.0,18.5,29087.09,-1
2025-10-08,2025-10-08 14:27:00,1586.46,1586.46,1586.45,1586.45,-0.0,18.5,29087.09,-1
2025-10-08,2025-10-08 14:28:00,1586.45,1586.45,1586.43,1586.43,-0.0,18.5,29087.09,-1
2025-10-08,2025-10-08 14:29:00,1586.43,1586.43,1586.41,1586.41,-0.0,18.5,29087.09,-1
2025-10-08,2025-10-08 14:30:00,1586.41,1586.41,1586.4,1586.4,-0.0,18.5,29087.09,-1
2025-10-08,2025-10-08 14:31:00,1586.4,1586.4,1586.38,1586.38,-0.0,18.5,29087.09,-1
2025-10-08,2025-10-08 14:32:00,1586.38,1586.38,1586.36,1586.36,-0.0,18.5,29087.09,-1
2025-10-08,2025-10-08 14:33:00,1586.36,1586.36,1586.34,1586.34,-0.0,18.5,29087.09,-1
2025-10-08,2025-10-08 14:34:00,1586.34,1586.34,1586.33,1586.33,-0.0,18.5,29087.09,-1
2025-10-08,2025-10-08 14:35:00,1586.33,1586.33,1586.31,1586.31,-0.0,18.5,29087.09,-1
2025-10-08,2025-10-08 14:36:00,1586.31,1586.31,1586.29,1586.29,-0.0,18.5,29087.09,-1
2025-10-08,2025-10-08 14:37:00,1586.29,1586.29,1586.28,1586.28,-0.0,18.5,29087.09,-1
2025-10-08,2025-10-08 14:38:00,1586.28,1586.28,1586.26,1586.26,-0.0,18.5,29087.09,-1
2025-10-08,2025-10-08 14:39:00,1586.26,1586.26,1586.24,1586.24,-0.0,18.5,29087.09,-1
2025-10-08,2025-10-08 14:40:00,1586.24,1586.24,1586.22,1586.22,-0.0,18.5,29087.09,-1
2025-10-08,2025-10-08 14:41:00,1586.22,1586.22,1586.21,1586.21,-0.0,18.5,29087.09,-1
2025-10-08,2025-10-08 14:42:00,1586.21,1586.21,1586.19,1586.19,-0.0,18.5,29087.09,-1
2025-10-08,2025-10-08 14:43:00,1586.19,1586.19,1586.17,1586.17,-0.0,18.5,29087.09,-1
2025-10-08,2025-10-08 14:44:00,1586.17,1586.17,1586.16,1586.16,-0.0,18.5,29087.09,-1
2025-10-08,2025-10-08 14:45:00,1586.16,1586.16,1586.14,1586.14,-0.0,18.5,29087.09,-1
2025-10-08,2025-10-08 14:46:00,1586.14,1586.14,1586.12,1586.12,-0.0,18.5,29087.09,-1
2025-10-08,2025-10-08 14:47:00,1586.12,1586.12,1586.11,1586.11,-0.0,18.5,29087.09,-1
2025-10-08,2025-10-08 14:48:00,1586.11,1586.11,1586.09,1586.09,-0.0,18.5,29087.09,-1
2025-10-08,2025-10-08 14:49:00,1586.09,1586.09,1586.07,1586.07,-0.0,18.5,29087.09,-1
2025-10-08,2025-10-08 14:50:00,1586.07,1586.07,1586.05,1586.05,-0.0,18.5,29087.09,-1
2025-10-08,2025-10-08 14:51:00,1586.05,1586.05,1586.04,1586.04,-0.0,18.5,29087.09,-1
2025-10-08,2025-10-08 14:52:00,1586.04,1586.04,1586.02,1586.02,-0.0,18.5,29087.09,-1
2025-10-08,2025-10-08 14:53:00,1586.02,1586.02,1586.0,1586.0,-0.0,18.5,29087.09,-1
2025-10-08,2025-10-08 14:54:00,1586.0,1586.0,1585.99,1585.99,-0.0,18.5,29087.09,-1
2025-10-08,2025-10-08 14:55:00,1585.99,1585.99,1585.97,1585.97,-0.0,18.5,29087.09,-1
2025-10-08,2025-10-08 14:56:00,1585.97,1585.97,1585.95,1585.95,-0.0,18.5,29087.09,-1
2025-10-08,2025-10-08 14:57:00,1585.95,1585.95,1585.93,1585.93,-0.0,18.5,29087.09,-1
2025-10-08,2025-10-08 14:58:00,1585.93,1585.93,1585.92,1585.92,-0.0,18.5,29087.09,-1
2025-10-08,2025-10-08 14:59:00,1585.92,1585.92,1585.9,1585.9,-0.0,18.5,29087.09,-1
2025-10-08,2025-10-08 15:00:00,1585.9,1610.0,1555.0,1585.9,0.0,18.5,29087.09,0
2025-10-09,2025-10-09 11:00:00,1605.0,1624.44,1597.5,1604.9,-0.01,18.79,30152.0,-1
2025-10-09,2025-10-09 11:01:00,1604.9,1604.9,1604.79,1604.79,-0.01,18.79,30152.0,-1
2025-10-09,2025-10-09 11:02:00,1604.79,1604.79,1604.69,1604.69,-0.01,18.79,30152.0,-1
2025-10-09,2025-10-09 11:03:00,1604.69,1604.69,1604.58,1604.58,-0.01,18.79,30152.0,-1
2025-10-09,2025-10-09 11:04:00,1604.58,1604.58,1604.48,1604.48,-0.01,18.79,30152.0,-1
2025-10-09,2025-10-09 11:05:00,1604.48,1604.48,1604.38,1604.38,-0.01,18.79,30152.0,-1
2025-10-09,2025-10-09 11:06:00,1604.38,1604.38,1604.27,1604.27,-0.01,18.79,30152.0,-1
2025-10-09,2025-10-09 11:07:00,1604.27,1604.27,1604.17,1604.17,-0.01,18.79,30152.0,-1
2025-10-09,2025-10-09 11:08:00,1604.17,1604.17,1604.06,1604.06,-0.01,18.79,30152.0,-1
2025-10-09,2025-10-09 11:09:00,1604.06,1604.06,1603.96,1603.96,-0.01,18.79,30152.0,-1
2025-10-09,2025-10-09 11:10:00,1603.96,1603.96,1603.85,1603.85,-0.01,18.79,30152.0,-1
2025-10-09,2025-10-09 11:11:00,1603.85,1603.85,1603.75,1603.75,-0.01,18.79,30152.0,-1
2025-10-09,2025-10-09 11:12:00,1603.75,1603.75,1603.65,1603.65,-0.01,18.79,30152.0,-1
2025-10-09,2025-10-09 11:13:00,1603.65,1603.65,1603.54,1603.54,-0.01,18.79,30152.0,-1
2025-10-09,2025-10-09 11:14:00,1603.54,1603.54,1603.44,1603.44,-0.01,18.79,30152.0,-1
2025-10-09,2025-10-09 11:15:00,1603.44,1603.44,1603.33,1603.33,-0.01,18.79,30152.0,-1
2025-10-09,2025-10-09 11:16:00,1603.33,1603.33,1603.23,1603.23,-0.01,18.79,30152.0,-1
2025-10-09,2025-10-09 11:17:00,1603.23,1603.23,1603.12,1603.12,-0.01,18.79,30152.0,-1
2025-10-09,2025-10-09 11:18:00,1603.12,1603.12,1603.02,1603.02,-0.01,18.79,30152.0,-1
2025-10-09,2025-10-09 11:19:00,1603.02,1603.02,1602.92,1602.92,-0.01,18.79,30152.0,-1
2025-10-09,2025-10-09 11:20:00,1602.92,1602.92,1602.81,1602.81,-0.01,18.79,30152.0,-1
2025-10-09,2025-10-09 11:21:00,1602.81,1602.81,1602.71,1602.71,-0.01,18.79,30152.0,-1
2025-10-09,2025-10-09 11:22:00,1602.71,1602.71,1602.6,1602.6,-0.01,18.79,30152.0,-1
2025-10-09,2025-10-09 11:23:00,1602.6,1602.6,1602.5,1602.5,-0.01,18.79,30152.0,-1
2025-10-09,2025-10-09 11:24:00,1602.5,1602.5,1602.4,1602.4,-0.01,18.79,30152.0,-1
2025-10-09,2025-10-09 11:25:00,1602.4,1602.4,1602.29,1602.29,-0.01,18.79,30152.0,-1
2025-10-09,2025-10-09 11:26:00,1602.29,1602.29,1602.19,1602.19,-0.01,18.79,30152.0,-1
2025-10-09,2025-10-09 11:27:00,1602.19,1602.19,1602.08,1602.08,-0.01,18.79,30152.0,-1
2025-10-09,2025-10-09 11:28:00,1602.08,1602.08,1601.98,1601.98,-0.01,18.79,30152.0,-1
2025-10-09,2025-10-09 11:29:00,1601.98,1601.98,1601.88,1601.88,-0.01,18.79,30152.0,-1
2025-10-09,2025-10-09 11:30:00,1601.88,1601.88,1601.77,1601.77,-0.01,18.79,30152.0,-1
2025-10-09,2025-10-09 11:31:00,1601.77,1601.77,1601.67,1601.67,-0.01,18.79,30152.0,-1
2025-10-09,2025-10-09 11:32:00,1601.67,1601.67,1601.56,1601.56,-0.01,18.79,30152.0,-1
2025-10-09,2025-10-09 11:33:00,1601.56,1601.56,1601.46,1601.46,-0.01,18.79,30152.0,-1
2025-10-09,2025-10-09 11:34:00,1601.46,1601.46,1601.35,1601.35,-0.01,18.79,30152.0,-1
2025-10-09,2025-10-09 11:35:00,1601.35,1601.35,1601.25,1601.25,-0.01,18.79,30152.0,-1
2025-10-09,2025-10-09 11:36:00,1601.25,1601.25,1601.15,1601.15,-0.01,18.79,30152.0,-1
2025-10-09,2025-10-09 11:37:00,1601.15,1601.15,1601.04,1601.04,-0.01,18.79,30152.0,-1
2025-10-09,2025-10-09 11:38:00,1601.04,1601.04,1600.94,1600.94,-0.01,18.79,30152.0,-1
2025-10-09,2025-10-09 11:39:00,1600.94,1600.94,1600.83,1600.83,-0.01,18.79,30152.0,-1
2025-10-09,2025-10-09 11:40:00,1600.83,1600.83,1600.73,1600.73,-0.01,18.79,30152.0,-1
2025-10-09,2025-10-09 11:41:00,1600.73,1600.73,1600.62,1600.62,-0.01,18.79,30152.0,-1
2025-10-09,2025-10-09 11:42:00,1600.62,1600.62,1600.52,1600.52,-0.01,18.79,30152.0,-1
2025-10-09,2025-10-09 11:43:00,1600.52,1600.52,1600.42,1600.42,-0.01,18.79,30152.0,-1
2025-10-09,2025-10-09 11:44:00,1600.42,1600.42,1600.31,1600.31,-0.01,18.79,30152.0,-1
2025-10-09,2025-10-09 11:45:00,1600.31,1600.31,1600.21,1600.21,-0.01,18.79,30152.0,-1
2025-10-09,2025-10-09 11:46:00,1600.21,1600.21,1600.1,1600.1,-0.01,18.79,30152.0,-1
2025-10-09,2025-10-09 11:47:00,1600.1,1600.1,1600.0,1600.0,-0.01,18.79,30152.0,-1
2025-10-09,2025-10-09 11:48:00,1600.0,1600.0,1599.9,1599.9,-0.01,18.79,30152.0,-1
2025-10-09,2025-10-09 11:49:00,1599.9,1599.9,1599.79,1599.79,-0.01,18.79,30152.0,-1
2025-10-09,2025-10-09 11:50:00,1599.79,1599.79,1599.69,1599.69,-0.01,18.79,30152.0,-1
2025-10-09,2025-10-09 11:51:00,1599.69,1599.69,1599.58,1599.58,-0.01,18.79,30152.0,-1
2025-10-09,2025-10-09 11:52:00,1599.58,1599.58,1599.48,1599.48,-0.01,18.79,30152.0,-1
2025-10-09,2025-10-09 11:53:00,1599.48,1599.48,1599.38,1599.38,-0.01,18.79,30152.0,-1
2025-10-09,2025-10-09 11:54:00,1599.38,1599.38,1599.27,1599.27,-0.01,18.79,30152.0,-1
2025-10-09,2025-10-09 11:55:00,1599.27,1599.27,1599.17,1599.17,-0.01,18.79,30152.0,-1
2025-10-09,2025-10-09 11:56:00,1599.17,1599.17,1599.06,1599.06,-0.01,18.79,30152.0,-1
2025-10-09,2025-10-09 11:57:00,1599.06,1599.06,1598.96,1598.96,-0.01,18.79,30152.0,-1
2025-10-09,2025-10-09 11:58:00,1598.96,1598.96,1598.85,1598.85,-0.01,18.79,30152.0,-1
2025-10-09,2025-10-09 11:59:00,1598.85,1598.85,1598.75,1598.75,-0.01,18.79,30152.0,-1
2025-10-09,2025-10-09 12:00:00,1598.75,1598.75,1598.65,1598.65,-0.01,18.79,30152.0,-1
2025-10-09,2025-10-09 12:01:00,1598.65,1598.65,1598.54,1598.54,-0.01,18.79,30152.0,-1
2025-10-09,2025-10-09 12:02:00,1598.54,1598.54,1598.44,1598.44,-0.01,18.79,30152.0,-1
2025-10-09,2025-10-09 12:03:00,1598.44,1598.44,1598.33,1598.33,-0.01,18.79,30152.0,-1
2025-10-09,2025-10-09 12:04:00,1598.33,1598.33,1598.23,1598.23,-0.01,18.79,30152.0,-1
2025-10-09,2025-10-09 12:05:00,1598.23,1598.23,1598.12,1598.12,-0.01,18.79,30152.0,-1
2025-10-09,2025-10-09 12:06:00,1598.12,1598.12,1598.02,1598.02,-0.01,18.79,30152.0,-1
2025-10-09,2025-10-09 12:07:00,1598.02,1598.02,1597.92,1597.92,-0.01,18.79,30152.0,-1
2025-10-09,2025-10-09 12:08:00,1597.92,1597.92,1597.81,1597.81,-0.01,18.79,30152.0,-1
2025-10-09,2025-10-09 12:09:00,1597.81,1597.81,1597.71,1597.71,-0.01,18.79,30152.0,-1
2025-10-09,2025-10-09 12:10:00,1597.71,1597.71,1597.6,1597.6,-0.01,18.79,30152.0,-1
2025-10-09,2025-10-09 12:11:00,1597.6,1597.6,1597.5,1597.5,-0.01,18.79,30152.0,-1
2025-10-09,2025-10-09 12:12:00,1597.5,1597.5,1597.4,1597.4,-0.01,18.79,30152.0,-1
2025-10-09,2025-10-09 12:13:00,1597.4,1597.4,1597.29,1597.29,-0.01,18.79,30152.0,-1
2025-10-09,2025-10-09 12:14:00,1597.29,1597.29,1597.19,1597.19,-0.01,18.79,30152.0,-1
2025-10-09,2025-10-09 12:15:00,1597.19,1597.19,1597.08,1597.08,-0.01,18.79,30152.0,-1
2025-10-09,2025-10-09 12:16:00,1597.08,1597.08,1596.98,1596.98,-0.01,18.79,30152.0,-1
2025-10-09,2025-10-09 12:17:00,1596.98,1596.98,1596.88,1596.88,-0.01,18.79,30152.0,-1
2025-10-09,2025-10-09 12:18:00,1596.88,1596.88,1596.77,1596.77,-0.01,18.79,30152.0,-1
2025-10-09,2025-10-09 12:19:00,1596.77,1596.77,1596.67,1596.67,-0.01,18.79,30152.0,-1
2025-10-09,2025-10-09 12:20:00,1596.67,1596.67,1596.56,1596.56,-0.01,18.79,30152.0,-1
2025-10-09,2025-10-09 12:21:00,1596.56,1596.56,1596.46,1596.46,-0.01,18.79,30152.0,-1
2025-10-09,2025-10-09 12:22:00,1596.46,1596.46,1596.35,1596.35,-0.01,18.79,30152.0,-1
2025-10-09,2025-10-09 12:23:00,1596.35,1596.35,1596.25,1596.25,-0.01,18.79,30152.0,-1
2025-10-09,2025-10-09 12:24:00,1596.25,1596.25,1596.15,1596.15,-0.01,18.79,30152.0,-1
2025-10-09,2025-10-09 12:25:00,1596.15,1596.15,1596.04,1596.04,-0.01,18.79,30152.0,-1
2025-10-09,2025-10-09 12:26:00,1596.04,1596.04,1595.94,1595.94,-0.01,18.79,30152.0,-1
2025-10-09,2025-10-09 12:27:00,1595.94,1595.94,1595.83,1595.83,-0.01,18.79,30152.0,-1
2025-10-09,2025-10-09 12:28:00,1595.83,1595.83,1595.73,1595.73,-0.01,18.79,30152.0,-1
2025-10-09,2025-10-09 12:29:00,1595.73,1595.73,1595.62,1595.62,-0.01,18.79,30152.0,-1
2025-10-09,2025-10-09 12:30:00,1595.62,1595.62,1595.52,1595.52,-0.01,18.79,30152.0,-1
2025-10-09,2025-10-09 12:31:00,1595.52,1595.52,1595.42,1595.42,-0.01,18.79,30152.0,-1
2025-10-09,2025-10-09 12:32:00,1595.42,1595.42,1595.31,1595.31,-0.01,18.79,30152.0,-1
2025-10-09,2025-10-09 12:33:00,1595.31,1595.31,1595.21,1595.21,-0.01,18.79,30152.0,-1
2025-10-09,2025-10-09 12:34:00,1595.21,1595.21,1595.1,1595.1,-0.01,18.79,30152.0,-1
2025-10-09,2025-10-09 12:35:00,1595.1,1595.1,1595.0,1595.0,-0.01,18.79,30152.0,-1
2025-10-09,2025-10-09 12:36:00,1595.0,1595.0,1594.9,1594.9,-0.01,18.79,30152.0,-1
2025-10-09,2025-10-09 12:37:00,1594.9,1594.9,1594.79,1594.79,-0.01,18.79,30152.0,-1
2025-10-09,2025-10-09 12:38:00,1594.79,1594.79,1594.69,1594.69,-0.01,18.79,30152.0,-1
2025-10-09,2025-10-09 12:39:00,1594.69,1594.69,1594.58,1594.58,-0.01,18.79,30152.0,-1
2025-10-09,2025-10-09 12:40:00,1594.58,1594.58,1594.48,1594.48,-0.01,18.79,30152.0,-1
2025-10-09,2025-10-09 12:41:00,1594.48,1594.48,1594.38,1594.38,-0.01,18.79,30152.0,-1
2025-10-09,2025-10-09 12:42:00,1594.38,1594.38,1594.27,1594.27,-0.01,18.79,30152.0,-1
2025-10-09,2025-10-09 12:43:00,1594.27,1594.27,1594.17,1594.17,-0.01,18.79,30152.0,-1
2025-10-09,2025-10-09 12:44:00,1594.17,1594.17,1594.06,1594.06,-0.01,18.79,30152.0,-1
2025-10-09,2025-10-09 12:45:00,1594.06,1594.06,1593.96,1593.96,-0.01,18.79,30152.0,-1
2025-10-09,2025-10-09 12:46:00,1593.96,1593.96,1593.85,1593.85,-0.01,18.79,30152.0,-1
2025-10-09,2025-10-09 12:47:00,1593.85,1593.85,1593.75,1593.75,-0.01,18.79,30152.0,-1
2025-10-09,2025-10-09 12:48:00,1593.75,1593.75,1593.65,1593.65,-0.01,18.79,30152.0,-1
2025-10-09,2025-10-09 12:49:00,1593.65,1593.65,1593.54,1593.54,-0.01,18.79,30152.0,-1
2025-10-09,2025-10-09 12:50:00,1593.54,1593.54,1593.44,1593.44,-0.01,18.79,30152.0,-1
2025-10-09,2025-10-09 12:51:00,1593.44,1593.44,1593.33,1593.33,-0.01,18.79,30152.0,-1
2025-10-09,2025-10-09 12:52:00,1593.33,1593.33,1593.23,1593.23,-0.01,18.79,30152.0,-1
2025-10-09,2025-10-09 12:53:00,1593.23,1593.23,1593.12,1593.12,-0.01,18.79,30152.0,-1
2025-10-09,2025-10-09 12:54:00,1593.12,1593.12,1593.02,1593.02,-0.01,18.79,30152.0,-1
2025-10-09,2025-10-09 12:55:00,1593.02,1593.02,1592.92,1592.92,-0.01,18.79,30152.0,-1
2025-10-09,2025-10-09 12:56:00,1592.92,1592.92,1592.81,1592.81,-0.01,18.79,30152.0,-1
2025-10-09,2025-10-09 12:57:00,1592.81,1592.81,1592.71,1592.71,-0.01,18.79,30152.0,-1
2025-10-09,2025-10-09 12:58:00,1592.71,1592.71,1592.6,1592.6,-0.01,18.79,30152.0,-1
2025-10-09,2025-10-09 12:59:00,1592.6,1592.6,1592.5,1592.5,-0.01,18.79,30152.0,-1
2025-10-09,2025-10-09 13:00:00,1592.5,1669.8,1580.0,1592.4,-0.01,18.79,30152.0,-1
2025-10-09,2025-10-09 13:01:00,1592.4,1592.4,1592.29,1592.29,-0.01,18.79,30152.0,-1
2025-10-09,2025-10-09 13:02:00,1592.29,1592.29,1592.19,1592.19,-0.01,18.79,30152.0,-1
2025-10-09,2025-10-09 13:03:00,1592.19,1592.19,1592.08,1592.08,-0.01,18.79,30152.0,-1
2025-10-09,2025-10-09 13:04:00,1592.08,1592.08,1591.98,1591.98,-0.01,18.79,30152.0,-1
2025-10-09,2025-10-09 13:05:00,1591.98,1591.98,1591.88,1591.88,-0.01,18.79,30152.0,-1
2025-10-09,2025-10-09 13:06:00,1591.88,1591.88,1591.77,1591.77,-0.01,18.79,30152.0,-1
2025-10-09,2025-10-09 13:07:00,1591.77,1591.77,1591.67,1591.67,-0.01,18.79,30152.0,-1
2025-10-09,2025-10-09 13:08:00,1591.67,1591.67,1591.56,1591.56,-0.01,18.79,30152.0,-1
2025-10-09,2025-10-09 13:09:00,1591.56,1591.56,1591.46,1591.46,-0.01,18.79,30152.0,-1
2025-10-09,2025-10-09 13:10:00,1591.46,1591.46,1591.35,1591.35,-0.01,18.79,30152.0,-1
2025-10-09,2025-10-09 13:11:00,1591.35,1591.35,1591.25,1591.25,-0.01,18.79,30152.0,-1
2025-10-09,2025-10-09 13:12:00,1591.25,1591.25,1591.15,1591.15,-0.01,18.79,30152.0,-1
2025-10-09,2025-10-09 13:13:00,1591.15,1591.15,1591.04,1591.04,-0.01,18.79,30152.0,-1
2025-10-09,2025-10-09 13:14:00,1591.04,1591.04,1590.94,1590.94,-0.01,18.79,30152.0,-1
2025-10-09,2025-10-09 13:15:00,1590.94,1590.94,1590.83,1590.83,-0.01,18.79,30152.0,-1
2025-10-09,2025-10-09 13:16:00,1590.83,1590.83,1590.73,1590.73,-0.01,18.79,30152.0,-1
2025-10-09,2025-10-09 13:17:00,1590.73,1590.73,1590.62,1590.62,-0.01,18.79,30152.0,-1
2025-10-09,2025-10-09 13:18:00,1590.62,1590.62,1590.52,1590.52,-0.01,18.79,30152.0,-1
2025-10-09,2025-10-09 13:19:00,1590.52,1590.52,1590.42,1590.42,-0.01,18.79,30152.0,-1
2025-10-09,2025-10-09 13:20:00,1590.42,1590.42,1590.31,1590.31,-0.01,18.79,30152.0,-1
2025-10-09,2025-10-09 13:21:00,1590.31,1590.31,1590.21,1590.21,-0.01,18.79,30152.0,-1
2025-10-09,2025-10-09 13:22:00,1590.21,1590.21,1590.1,1590.1,-0.01,18.79,30152.0,-1
2025-10-09,2025-10-09 13:23:00,1590.1,1590.1,1590.0,1590.0,-0.01,18.79,30152.0,-1
2025-10-09,2025-10-09 13:24:00,1590.0,1590.0,1589.9,1589.9,-0.01,18.79,30152.0,-1
2025-10-09,2025-10-09 13:25:00,1589.9,1589.9,1589.79,1589.79,-0.01,18.79,30152.0,-1
2025-10-09,2025-10-09 13:26:00,1589.79,1589.79,1589.69,1589.69,-0.01,18.79,30152.0,-1
2025-10-09,2025-10-09 13:27:00,1589.69,1589.69,1589.58,1589.58,-0.01,18.79,30152.0,-1
2025-10-09,2025-10-09 13:28:00,1589.58,1589.58,1589.48,1589.48,-0.01,18.79,30152.0,-1
2025-10-09,2025-10-09 13:29:00,1589.48,1589.48,1589.38,1589.38,-0.01,18.79,30152.0,-1
2025-10-09,2025-10-09 13:30:00,1589.38,1589.38,1589.27,1589.27,-0.01,18.79,30152.0,-1
2025-10-09,2025-10-09 13:31:00,1589.27,1589.27,1589.17,1589.17,-0.01,18.79,30152.0,-1
2025-10-09,2025-10-09 13:32:00,1589.17,1589.17,1589.06,1589.06,-0.01,18.79,30152.0,-1
2025-10-09,2025-10-09 13:33:00,1589.06,1589.06,1588.96,1588.96,-0.01,18.79,30152.0,-1
2025-10-09,2025-10-09 13:34:00,1588.96,1588.96,1588.85,1588.85,-0.01,18.79,30152.0,-1
2025-10-09,2025-10-09 13:35:00,1588.85,1588.85,1588.75,1588.75,-0.01,18.79,30152.0,-1
2025-10-09,2025-10-09 13:36:00,1588.75,1588.75,1588.65,1588.65,-0.01,18.79,30152.0,-1
2025-10-09,2025-10-09 13:37:00,1588.65,1588.65,1588.54,1588.54,-0.01,18.79,30152.0,-1
2025-10-09,2025-10-09 13:38:00,1588.54,1588.54,1588.44,1588.44,-0.01,18.79,30152.0,-1
2025-10-09,2025-10-09 13:39:00,1588.44,1588.44,1588.33,1588.33,-0.01,18.79,30152.0,-1
2025-10-09,2025-10-09 13:40:00,1588.33,1588.33,1588.23,1588.23,-0.01,18.79,30152.0,-1
2025-10-09,2025-10-09 13:41:00,1588.23,1588.23,1588.12,1588.12,-0.01,18.79,30152.0,-1
2025-10-09,2025-10-09 13:42:00,1588.12,1588.12,1588.02,1588.02,-0.01,18.79,30152.0,-1
2025-10-09,2025-10-09 13:43:00,1588.02,1588.02,1587.92,1587.92,-0.01,18.79,30152.0,-1
2025-10-09,2025-10-09 13:44:00,1587.92,1587.92,1587.81,1587.81,-0.01,18.79,30152.0,-1
2025-10-09,2025-10-09 13:45:00,1587.81,1587.81,1587.71,1587.71,-0.01,18.79,30152.0,-1
2025-10-09,2025-10-09 13:46:00,1587.71,1587.71,1587.6,1587.6,-0.01,18.79,30152.0,-1
2025-10-09,2025-10-09 13:47:00,1587.6,1587.6,1587.5,1587.5,-0.01,18.79,30152.0,-1
2025-10-09,2025-10-09 13:48:00,1587.5,1587.5,1587.4,1587.4,-0.01,18.79,30152.0,-1
2025-10-09,2025-10-09 13:49:00,1587.4,1587.4,1587.29,1587.29,-0.01,18.79,30152.0,-1
2025-10-09,2025-10-09 13:50:00,1587.29,1587.29,1587.19,1587.19,-0.01,18.79,30152.0,-1
2025-10-09,2025-10-09 13:51:00,1587.19,1587.19,1587.08,1587.08,-0.01,18.79,30152.0,-1
2025-10-09,2025-10-09 13:52:00,1587.08,1587.08,1586.98,1586.98,-0.01,18.79,30152.0,-1
2025-10-09,2025-10-09 13:53:00,1586.98,1586.98,1586.88,1586.88,-0.01,18.79,30152.0,-1
2025-10-09,2025-10-09 13:54:00,1586.88,1586.88,1586.77,1586.77,-0.01,18.79,30152.0,-1
2025-10-09,2025-10-09 13:55:00,1586.77,1586.77,1586.67,1586.67,-0.01,18.79,30152.0,-1
2025-10-09,2025-10-09 13:56:00,1586.67,1586.67,1586.56,1586.56,-0.01,18.79,30152.0,-1
2025-10-09,2025-10-09 13:57:00,1586.56,1586.56,1586.46,1586.46,-0.01,18.79,30152.0,-1
2025-10-09,2025-10-09 13:58:00,1586.46,1586.46,1586.35,1586.35,-0.01,18.79,30152.0,-1
2025-10-09,2025-10-09 13:59:00,1586.35,1586.35,1586.25,1586.25,-0.01,18.79,30152.0,-1
2025-10-09,2025-10-09 14:00:00,1586.25,1586.25,1586.15,1586.15,-0.01,18.79,30152.0,-1
2025-10-09,2025-10-09 14:01:00,1586.15,1586.15,1586.04,1586.04,-0.01,18.79,30152.0,-1
2025-10-09,2025-10-09 14:02:00,1586.04,1586.04,1585.94,1585.94,-0.01,18.79,30152.0,-1
2025-10-09,2025-10-09 14:03:00,1585.94,1585.94,1585.83,1585.83,-0.01,18.79,30152.0,-1
2025-10-09,2025-10-09 14:04:00,1585.83,1585.83,1585.73,1585.73,-0.01,18.79,30152.0,-1
2025-10-09,2025-10-09 14:05:00,1585.73,1585.73,1585.62,1585.62,-0.01,18.79,30152.0,-1
2025-10-09,2025-10-09 14:06:00,1585.62,1585.62,1585.52,1585.52,-0.01,18.79,30152.0,-1
2025-10-09,2025-10-09 14:07:00,1585.52,1585.52,1585.42,1585.42,-0.01,18.79,30152.0,-1
2025-10-09,2025-10-09 14:08:00,1585.42,1585.42,1585.31,1585.31,-0.01,18.79,30152.0,-1
2025-10-09,2025-10-09 14:09:00,1585.31,1585.31,1585.21,1585.21,-0.01,18.79,30152.0,-1
2025-10-09,2025-10-09 14:10:00,1585.21,1585.21,1585.1,1585.1,-0.01,18.79,30152.0,-1
2025-10-09,2025-10-09 14:11:00,1585.1,1585.1,1585.0,1585.0,-0.01,18.79,30152.0,-1
2025-10-09,2025-10-09 14:12:00,1585.0,1585.0,1584.9,1584.9,-0.01,18.79,30152.0,-1
2025-10-09,2025-10-09 14:13:00,1584.9,1584.9,1584.79,1584.79,-0.01,18.79,30152.0,-1
2025-10-09,2025-10-09 14:14:00,1584.79,1584.79,1584.69,1584.69,-0.01,18.79,30152.0,-1
2025-10-09,2025-10-09 14:15:00,1584.69,1584.69,1584.58,1584.58,-0.01,18.79,30152.0,-1
2025-10-09,2025-10-09 14:16:00,1584.58,1584.58,1584.48,1584.48,-0.01,18.79,30152.0,-1
2025-10-09,2025-10-09 14:17:00,1584.48,1584.48,1584.38,1584.38,-0.01,18.79,30152.0,-1
2025-10-09,2025-10-09 14:18:00,1584.38,1584.38,1584.27,1584.27,-0.01,18.79,30152.0,-1
2025-10-09,2025-10-09 14:19:00,1584.27,1584.27,1584.17,1584.17,-0.01,18.79,30152.0,-1
2025-10-09,2025-10-09 14:20:00,1584.17,1584.17,1584.06,1584.06,-0.01,18.79,30152.0,-1
2025-10-09,2025-10-09 14:21:00,1584.06,1584.06,1583.96,1583.96,-0.01,18.79,30152.0,-1
2025-10-09,2025-10-09 14:22:00,1583.96,1583.96,1583.85,1583.85,-0.01,18.79,30152.0,-1
2025-10-09,2025-10-09 14:23:00,1583.85,1583.85,1583.75,1583.75,-0.01,18.79,30152.0,-1
2025-10-09,2025-10-09 14:24:00,1583.75,1583.75,1583.65,1583.65,-0.01,18.79,30152.0,-1
2025-10-09,2025-10-09 14:25:00,1583.65,1583.65,1583.54,1583.54,-0.01,18.79,30152.0,-1
2025-10-09,2025-10-09 14:26:00,1583.54,1583.54,1583.44,1583.44,-0.01,18.79,30152.0,-1
2025-10-09,2025-10-09 14:27:00,1583.44,1583.44,1583.33,1583.33,-0.01,18.79,30152.0,-1
2025-10-09,2025-10-09 14:28:00,1583.33,1583.33,1583.23,1583.23,-0.01,18.79,30152.0,-1
2025-10-09,2025-10-09 14:29:00,1583.23,1583.23,1583.12,1583.12,-0.01,18.79,30152.0,-1
2025-10-09,2025-10-09 14:30:00,1583.12,1583.12,1583.02,1583.02,-0.01,18.79,30152.0,-1
2025-10-09,2025-10-09 14:31:00,1583.02,1583.02,1582.92,1582.92,-0.01,18.79,30152.0,-1
2025-10-09,2025-10-09 14:32:00,1582.92,1582.92,1582.81,1582.81,-0.01,18.79,30152.0,-1
2025-10-09,2025-10-09 14:33:00,1582.81,1582.81,1582.71,1582.71,-0.01,18.79,30152.0,-1
2025-10-09,2025-10-09 14:34:00,1582.71,1582.71,1582.6,1582.6,-0.01,18.79,30152.0,-1
2025-10-09,2025-10-09 14:35:00,1582.6,1582.6,1582.5,1582.5,-0.01,18.79,30152.0,-1
2025-10-09,2025-10-09 14:36:00,1582.5,1582.5,1582.4,1582.4,-0.01,18.79,30152.0,-1
2025-10-09,2025-10-09 14:37:00,1582.4,1582.4,1582.29,1582.29,-0.01,18.79,30152.0,-1
2025-10-09,2025-10-09 14:38:00,1582.29,1582.29,1582.19,1582.19,-0.01,18.79,30152.0,-1
2025-10-09,2025-10-09 14:39:00,1582.19,1582.19,1582.08,1582.08,-0.01,18.79,30152.0,-1
2025-10-09,2025-10-09 14:40:00,1582.08,1582.08,1581.98,1581.98,-0.01,18.79,30152.0,-1
2025-10-09,2025-10-09 14:41:00,1581.98,1581.98,1581.88,1581.88,-0.01,18.79,30152.0,-1
2025-10-09,2025-10-09 14:42:00,1581.88,1581.88,1581.77,1581.77,-0.01,18.79,30152.0,-1
2025-10-09,2025-10-09 14:43:00,1581.77,1581.77,1581.67,1581.67,-0.01,18.79,30152.0,-1
2025-10-09,2025-10-09 14:44:00,1581.67,1581.67,1581.56,1581.56,-0.01,18.79,30152.0,-1
2025-10-09,2025-10-09 14:45:00,1581.56,1581.56,1581.46,1581.46,-0.01,18.79,30152.0,-1
2025-10-09,2025-10-09 14:46:00,1581.46,1581.46,1581.35,1581.35,-0.01,18.79,30152.0,-1
2025-10-09,2025-10-09 14:47:00,1581.35,1581.35,1581.25,1581.25,-0.01,18.79,30152.0,-1
2025-10-09,2025-10-09 14:48:00,1581.25,1581.25,1581.15,1581.15,-0.01,18.79,30152.0,-1
2025-10-09,2025-10-09 14:49:00,1581.15,1581.15,1581.04,1581.04,-0.01,18.79,30152.0,-1
2025-10-09,2025-10-09 14:50:00,1581.04,1581.04,1580.94,1580.94,-0.01,18.79,30152.0,-1
2025-10-09,2025-10-09 14:51:00,1580.94,1580.94,1580.83,1580.83,-0.01,18.79,30152.0,-1
2025-10-09,2025-10-09 14:52:00,1580.83,1580.83,1580.73,1580.73,-0.01,18.79,30152.0,-1
2025-10-09,2025-10-09 14:53:00,1580.73,1580.73,1580.62,1580.62,-0.01,18.79,30152.0,-1
2025-10-09,2025-10-09 14:54:00,1580.62,1580.62,1580.52,1580.52,-0.01,18.79,30152.0,-1
2025-10-09,2025-10-09 14:55:00,1580.52,1580.52,1580.42,1580.42,-0.01,18.79,30152.0,-1
2025-10-09,2025-10-09 14:56:00,1580.42,1580.42,1580.31,1580.31,-0.01,18.79,30152.0,-1
2025-10-09,2025-10-09 14:57:00,1580.31,1580.31,1580.21,1580.21,-0.01,18.79,30152.0,-1
2025-10-09,2025-10-09 14:58:00,1580.21,1580.21,1580.1,1580.1,-0.01,18.79,30152.0,-1
2025-10-09,2025-10-09 14:59:00,1580.1,1580.1,1580.0,1580.0,-0.01,18.79,30152.0,-1
2025-10-09,2025-10-09 15:00:00,1580.0,1669.8,1580.0,1580.0,0.0,18.79,30152.0,0
2025-10-12,2025-10-12 11:00:00,1551.0,1568.7,1541.7,1550.99,-0.0,10.44,16164.46,-1
2025-10-12,2025-10-12 11:01:00,1550.99,1550.99,1550.98,1550.98,-0.0,10.44,16164.46,-1
2025-10-12,2025-10-12 11:02:00,1550.98,1550.98,1550.97,1550.97,-0.0,10.44,16164.46,-1
2025-10-12,2025-10-12 11:03:00,1550.97,1550.97,1550.97,1550.97,0.0,10.44,16164.46,0
2025-10-12,2025-10-12 11:04:00,1550.97,1550.97,1550.96,1550.96,-0.0,10.44,16164.46,-1
2025-10-12,2025-10-12 11:05:00,1550.96,1550.96,1550.95,1550.95,-0.0,10.44,16164.46,-1
2025-10-12,2025-10-12 11:06:00,1550.95,1550.95,1550.94,1550.94,-0.0,10.44,16164.46,-1
2025-10-12,2025-10-12 11:07:00,1550.94,1550.94,1550.93,1550.93,-0.0,10.44,16164.46,-1
2025-10-12,2025-10-12 11:08:00,1550.93,1550.93,1550.92,1550.92,-0.0,10.44,16164.46,-1
2025-10-12,2025-10-12 11:09:00,1550.92,1550.92,1550.92,1550.92,0.0,10.44,16164.46,0
2025-10-12,2025-10-12 11:10:00,1550.92,1550.92,1550.91,1550.91,-0.0,10.44,16164.46,-1
2025-10-12,2025-10-12 11:11:00,1550.91,1550.91,1550.9,1550.9,-0.0,10.44,16164.46,-1
2025-10-12,2025-10-12 11:12:00,1550.9,1550.9,1550.89,1550.89,-0.0,10.44,16164.46,-1
2025-10-12,2025-10-12 11:13:00,1550.89,1550.89,1550.88,1550.88,-0.0,10.44,16164.46,-1
2025-10-12,2025-10-12 11:14:00,1550.88,1550.88,1550.88,1550.88,0.0,10.44,16164.46,0
2025-10-12,2025-10-12 11:15:00,1550.88,1550.88,1550.87,1550.87,-0.0,10.44,16164.46,-1
2025-10-12,2025-10-12 11:16:00,1550.87,1550.87,1550.86,1550.86,-0.0,10.44,16164.46,-1
2025-10-12,2025-10-12 11:17:00,1550.86,1550.86,1550.85,1550.85,-0.0,10.44,16164.46,-1
2025-10-12,2025-10-12 11:18:00,1550.85,1550.85,1550.84,1550.84,-0.0,10.44,16164.46,-1
2025-10-12,2025-10-12 11:19:00,1550.84,1550.84,1550.83,1550.83,-0.0,10.44,16164.46,-1
2025-10-12,2025-10-12 11:20:00,1550.83,1550.83,1550.83,1550.83,0.0,10.44,16164.46,0
2025-10-12,2025-10-12 11:21:00,1550.83,1550.83,1550.82,1550.82,-0.0,10.44,16164.46,-1
2025-10-12,2025-10-12 11:22:00,1550.82,1550.82,1550.81,1550.81,-0.0,10.44,16164.46,-1
2025-10-12,2025-10-12 11:23:00,1550.81,1550.81,1550.8,1550.8,-0.0,10.44,16164.46,-1
2025-10-12,2025-10-12 11:24:00,1550.8,1550.8,1550.79,1550.79,-0.0,10.44,16164.46,-1
2025-10-12,2025-10-12 11:25:00,1550.79,1550.79,1550.78,1550.78,-0.0,10.44,16164.46,-1
2025-10-12,2025-10-12 11:26:00,1550.78,1550.78,1550.78,1550.78,0.0,10.44,16164.46,0
2025-10-12,2025-10-12 11:27:00,1550.78,1550.78,1550.77,1550.77,-0.0,10.44,16164.46,-1
2025-10-12,2025-10-12 11:28:00,1550.77,1550.77,1550.76,1550.76,-0.0,10.44,16164.46,-1
2025-10-12,2025-10-12 11:29:00,1550.76,1550.76,1550.75,1550.75,-0.0,10.44,16164.46,-1
2025-10-12,2025-10-12 11:30:00,1550.75,1550.75,1550.74,1550.74,-0.0,10.44,16164.46,-1
2025-10-12,2025-10-12 11:31:00,1550.74,1550.74,1550.73,1550.73,-0.0,10.44,16164.46,-1
2025-10-12,2025-10-12 11:32:00,1550.73,1550.73,1550.72,1550.72,-0.0,10.44,16164.46,-1
2025-10-12,2025-10-12 11:33:00,1550.72,1550.72,1550.72,1550.72,0.0,10.44,16164.46,0
2025-10-12,2025-10-12 11:34:00,1550.72,1550.72,1550.71,1550.71,-0.0,10.44,16164.46,-1
2025-10-12,2025-10-12 11:35:00,1550.71,1550.71,1550.7,1550.7,-0.0,10.44,16164.46,-1
2025-10-12,2025-10-12 11:36:00,1550.7,1550.7,1550.69,1550.69,-0.0,10.44,16164.46,-1
2025-10-12,2025-10-12 11:37:00,1550.69,1550.69,1550.68,1550.68,-0.0,10.44,16164.46,-1
2025-10-12,2025-10-12 11:38:00,1550.68,1550.68,1550.67,1550.67,-0.0,10.44,16164.46,-1
2025-10-12,2025-10-12 11:39:00,1550.67,1550.67,1550.67,1550.67,0.0,10.44,16164.46,0
2025-10-12,2025-10-12 11:40:00,1550.67,1550.67,1550.66,1550.66,-0.0,10.44,16164.46,-1
2025-10-12,2025-10-12 11:41:00,1550.66,1550.66,1550.65,1550.65,-0.0,10.44,16164.46,-1
2025-10-12,2025-10-12 11:42:00,1550.65,1550.65,1550.64,1550.64,-0.0,10.44,16164.46,-1
2025-10-12,2025-10-12 11:43:00,1550.64,1550.64,1550.63,1550.63,-0.0,10.44,16164.46,-1
2025-10-12,2025-10-12 11:44:00,1550.63,1550.63,1550.62,1550.62,-0.0,10.44,16164.46,-1
2025-10-12,2025-10-12 11:45:00,1550.62,1550.62,1550.62,1550.62,0.0,10.44,16164.46,0
2025-10-12,2025-10-12 11:46:00,1550.62,1550.62,1550.61,1550.61,-0.0,10.44,16164.46,-1
2025-10-12,2025-10-12 11:47:00,1550.61,1550.61,1550.6,1550.6,-0.0,10.44,16164.46,-1
2025-10-12,2025-10-12 11:48:00,1550.6,1550.6,1550.59,1550.59,-0.0,10.44,16164.46,-1
2025-10-12,2025-10-12 11:49:00,1550.59,1550.59,1550.58,1550.58,-0.0,10.44,16164.46,-1
2025-10-12,2025-10-12 11:50:00,1550.58,1550.58,1550.58,1550.58,0.0,10.44,16164.46,0
2025-10-12,2025-10-12 11:51:00,1550.58,1550.58,1550.57,1550.57,-0.0,10.44,16164.46,-1
2025-10-12,2025-10-12 11:52:00,1550.57,1550.57,1550.56,1550.56,-0.0,10.44,16164.46,-1
2025-10-12,2025-10-12 11:53:00,1550.56,1550.56,1550.55,1550.55,-0.0,10.44,16164.46,-1
2025-10-12,2025-10-12 11:54:00,1550.55,1550.55,1550.54,1550.54,-0.0,10.44,16164.46,-1
2025-10-12,2025-10-12 11:55:00,1550.54,1550.54,1550.53,1550.53,-0.0,10.44,16164.46,-1
2025-10-12,2025-10-12 11:56:00,1550.53,1550.53,1550.53,1550.53,0.0,10.44,16164.46,0
2025-10-12,2025-10-12 11:57:00,1550.53,1550.53,1550.52,1550.52,-0.0,10.44,16164.46,-1
2025-10-12,2025-10-12 11:58:00,1550.52,1550.52,1550.51,1550.51,-0.0,10.44,16164.46,-1
2025-10-12,2025-10-12 11:59:00,1550.51,1550.51,1550.5,1550.5,-0.0,10.44,16164.46,-1
2025-10-12,2025-10-12 12:00:00,1550.5,1550.5,1550.49,1550.49,-0.0,10.44,16164.46,-1
2025-10-12,2025-10-12 12:01:00,1550.49,1550.49,1550.48,1550.48,-0.0,10.44,16164.46,-1
2025-10-12,2025-10-12 12:02:00,1550.48,1550.48,1550.47,1550.47,-0.0,10.44,16164.46,-1
2025-10-12,2025-10-12 12:03:00,1550.47,1550.47,1550.47,1550.47,0.0,10.44,16164.46,0
2025-10-12,2025-10-12 12:04:00,1550.47,1550.47,1550.46,1550.46,-0.0,10.44,16164.46,-1
2025-10-12,2025-10-12 12:05:00,1550.46,1550.46,1550.45,1550.45,-0.0,10.44,16164.46,-1
2025-10-12,2025-10-12 12:06:00,1550.45,1550.45,1550.44,1550.44,-0.0,10.44,16164.46,-1
2025-10-12,2025-10-12 12:07:00,1550.44,1550.44,1550.43,1550.43,-0.0,10.44,16164.46,-1
2025-10-12,2025-10-12 12:08:00,1550.43,1550.43,1550.42,1550.42,-0.0,10.44,16164.46,-1
2025-10-12,2025-10-12 12:09:00,1550.42,1550.42,1550.42,1550.42,0.0,10.44,16164.46,0
2025-10-12,2025-10-12 12:10:00,1550.42,1550.42,1550.41,1550.41,-0.0,10.44,16164.46,-1
2025-10-12,2025-10-12 12:11:00,1550.41,1550.41,1550.4,1550.4,-0.0,10.44,16164.46,-1
2025-10-12,2025-10-12 12:12:00,1550.4,1550.4,1550.39,1550.39,-0.0,10.44,16164.46,-1
2025-10-12,2025-10-12 12:13:00,1550.39,1550.39,1550.38,1550.38,-0.0,10.44,16164.46,-1
2025-10-12,2025-10-12 12:14:00,1550.38,1550.38,1550.38,1550.38,0.0,10.44,16164.46,0
2025-10-12,2025-10-12 12:15:00,1550.38,1550.38,1550.37,1550.37,-0.0,10.44,16164.46,-1
2025-10-12,2025-10-12 12:16:00,1550.37,1550.37,1550.36,1550.36,-0.0,10.44,16164.46,-1
2025-10-12,2025-10-12 12:17:00,1550.36,1550.36,1550.35,1550.35,-0.0,10.44,16164.46,-1
2025-10-12,2025-10-12 12:18:00,1550.35,1550.35,1550.34,1550.34,-0.0,10.44,16164.46,-1
2025-10-12,2025-10-12 12:19:00,1550.34,1550.34,1550.33,1550.33,-0.0,10.44,16164.46,-1
2025-10-12,2025-10-12 12:20:00,1550.33,1550.33,1550.33,1550.33,0.0,10.44,16164.46,0
2025-10-12,2025-10-12 12:21:00,1550.33,1550.33,1550.32,1550.32,-0.0,10.44,16164.46,-1
2025-10-12,2025-10-12 12:22:00,1550.32,1550.32,1550.31,1550.31,-0.0,10.44,16164.46,-1
2025-10-12,2025-10-12 12:23:00,1550.31,1550.31,1550.3,1550.3,-0.0,10.44,16164.46,-1
2025-10-12,2025-10-12 12:24:00,1550.3,1550.3,1550.29,1550.29,-0.0,10.44,16164.46,-1
2025-10-12,2025-10-12 12:25:00,1550.29,1550.29,1550.28,1550.28,-0.0,10.44,16164.46,-1
2025-10-12,2025-10-12 12:26:00,1550.28,1550.28,1550.28,1550.28,0.0,10.44,16164.46,0
2025-10-12,2025-10-12 12:27:00,1550.28,1550.28,1550.27,1550.27,-0.0,10.44,16164.46,-1
2025-10-12,2025-10-12 12:28:00,1550.27,1550.27,1550.26,1550.26,-0.0,10.44,16164.46,-1
2025-10-12,2025-10-12 12:29:00,1550.26,1550.26,1550.25,1550.25,-0.0,10.44,16164.46,-1
2025-10-12,2025-10-12 12:30:00,1550.25,1550.25,1550.24,1550.24,-0.0,10.44,16164.46,-1
2025-10-12,2025-10-12 12:31:00,1550.24,1550.24,1550.23,1550.23,-0.0,10.44,16164.46,-1
2025-10-12,2025-10-12 12:32:00,1550.23,1550.23,1550.22,1550.22,-0.0,10.44,16164.46,-1
2025-10-12,2025-10-12 12:33:00,1550.22,1550.22,1550.22,1550.22,0.0,10.44,16164.46,0
2025-10-12,2025-10-12 12:34:00,1550.22,1550.22,1550.21,1550.21,-0.0,10.44,16164.46,-1
2025-10-12,2025-10-12 12:35:00,1550.21,1550.21,1550.2,1550.2,-0.0,10.44,16164.46,-1
2025-10-12,2025-10-12 12:36:00,1550.2,1550.2,1550.19,1550.19,-0.0,10.44,16164.46,-1
2025-10-12,2025-10-12 12:37:00,1550.19,1550.19,1550.18,1550.18,-0.0,10.44,16164.46,-1
2025-10-12,2025-10-12 12:38:00,1550.18,1550.18,1550.17,1550.17,-0.0,10.44,16164.46,-1
2025-10-12,2025-10-12 12:39:00,1550.17,1550.17,1550.17,1550.17,0.0,10.44,16164.46,0
2025-10-12,2025-10-12 12:40:00,1550.17,1550.17,1550.16,1550.16,-0.0,10.44,16164.46,-1
2025-10-12,2025-10-12 12:41:00,1550.16,1550.16,1550.15,1550.15,-0.0,10.44,16164.46,-1
2025-10-12,2025-10-12 12:42:00,1550.15,1550.15,1550.14,1550.14,-0.0,10.44,16164.46,-1
2025-10-12,2025-10-12 12:43:00,1550.14,1550.14,1550.13,1550.13,-0.0,10.44,16164.46,-1
2025-10-12,2025-10-12 12:44:00,1550.13,1550.13,1550.12,1550.12,-0.0,10.44,16164.46,-1
2025-10-12,2025-10-12 12:45:00,1550.12,1550.12,1550.12,1550.12,0.0,10.44,16164.46,0
2025-10-12,2025-10-12 12:46:00,1550.12,1550.12,1550.11,1550.11,-0.0,10.44,16164.46,-1
2025-10-12,2025-10-12 12:47:00,1550.11,1550.11,1550.1,1550.1,-0.0,10.44,16164.46,-1
2025-10-12,2025-10-12 12:48:00,1550.1,1550.1,1550.09,1550.09,-0.0,10.44,16164.46,-1
2025-10-12,2025-10-12 12:49:00,1550.09,1550.09,1550.08,1550.08,-0.0,10.44,16164.46,-1
2025-10-12,2025-10-12 12:50:00,1550.08,1550.08,1550.08,1550.08,0.0,10.44,16164.46,0
2025-10-12,2025-10-12 12:51:00,1550.08,1550.08,1550.07,1550.07,-0.0,10.44,16164.46,-1
2025-10-12,2025-10-12 12:52:00,1550.07,1550.07,1550.06,1550.06,-0.0,10.44,16164.46,-1
2025-10-12,2025-10-12 12:53:00,1550.06,1550.06,1550.05,1550.05,-0.0,10.44,16164.46,-1
2025-10-12,2025-10-12 12:54:00,1550.05,1550.05,1550.04,1550.04,-0.0,10.44,16164.46,-1
2025-10-12,2025-10-12 12:55:00,1550.04,1550.04,1550.03,1550.03,-0.0,10.44,16164.46,-1
2025-10-12,2025-10-12 12:56:00,1550.03,1550.03,1550.03,1550.03,0.0,10.44,16164.46,0
2025-10-12,2025-10-12 12:57:00,1550.03,1550.03,1550.02,1550.02,-0.0,10.44,16164.46,-1
2025-10-12,2025-10-12 12:58:00,1550.02,1550.02,1550.01,1550.01,-0.0,10.44,16164.46,-1
2025-10-12,2025-10-12 12:59:00,1550.01,1550.01,1550.0,1550.0,-0.0,10.44,16164.46,-1
2025-10-12,2025-10-12 13:00:00,1550.0,1610.0,1520.0,1549.99,-0.0,10.44,16164.46,-1
2025-10-12,2025-10-12 13:01:00,1549.99,1549.99,1549.98,1549.98,-0.0,10.44,16164.46,-1
2025-10-12,2025-10-12 13:02:00,1549.98,1549.98,1549.97,1549.97,-0.0,10.44,16164.46,-1
2025-10-12,2025-10-12 13:03:00,1549.97,1549.97,1549.97,1549.97,0.0,10.44,16164.46,0
2025-10-12,2025-10-12 13:04:00,1549.97,1549.97,1549.96,1549.96,-0.0,10.44,16164.46,-1
2025-10-12,2025-10-12 13:05:00,1549.96,1549.96,1549.95,1549.95,-0.0,10.44,16164.46,-1
2025-10-12,2025-10-12 13:06:00,1549.95,1549.95,1549.94,1549.94,-0.0,10.44,16164.46,-1
2025-10-12,2025-10-12 13:07:00,1549.94,1549.94,1549.93,1549.93,-0.0,10.44,16164.46,-1
2025-10-12,2025-10-12 13:08:00,1549.93,1549.93,1549.92,1549.92,-0.0,10.44,16164.46,-1
2025-10-12,2025-10-12 13:09:00,1549.92,1549.92,1549.92,1549.92,0.0,10.44,16164.46,0
2025-10-12,2025-10-12 13:10:00,1549.92,1549.92,1549.91,1549.91,-0.0,10.44,16164.46,-1
2025-10-12,2025-10-12 13:11:00,1549.91,1549.91,1549.9,1549.9,-0.0,10.44,16164.46,-1
2025-10-12,2025-10-12 13:12:00,1549.9,1549.9,1549.89,1549.89,-0.0,10.44,16164.46,-1
2025-10-12,2025-10-12 13:13:00,1549.89,1549.89,1549.88,1549.88,-0.0,10.44,16164.46,-1
2025-10-12,2025-10-12 13:14:00,1549.88,1549.88,1549.88,1549.88,0.0,10.44,16164.46,0
2025-10-12,2025-10-12 13:15:00,1549.88,1549.88,1549.87,1549.87,-0.0,10.44,16164.46,-1
2025-10-12,2025-10-12 13:16:00,1549.87,1549.87,1549.86,1549.86,-0.0,10.44,16164.46,-1
2025-10-12,2025-10-12 13:17:00,1549.86,1549.86,1549.85,1549.85,-0.0,10.44,16164.46,-1
2025-10-12,2025-10-12 13:18:00,1549.85,1549.85,1549.84,1549.84,-0.0,10.44,16164.46,-1
2025-10-12,2025-10-12 13:19:00,1549.84,1549.84,1549.83,1549.83,-0.0,10.44,16164.46,-1
2025-10-12,2025-10-12 13:20:00,1549.83,1549.83,1549.83,1549.83,0.0,10.44,16164.46,0
2025-10-12,2025-10-12 13:21:00,1549.83,1549.83,1549.82,1549.82,-0.0,10.44,16164.46,-1
2025-10-12,2025-10-12 13:22:00,1549.82,1549.82,1549.81,1549.81,-0.0,10.44,16164.46,-1
2025-10-12,2025-10-12 13:23:00,1549.81,1549.81,1549.8,1549.8,-0.0,10.44,16164.46,-1
2025-10-12,2025-10-12 13:24:00,1549.8,1549.8,1549.79,1549.79,-0.0,10.44,16164.46,-1
2025-10-12,2025-10-12 13:25:00,1549.79,1549.79,1549.78,1549.78,-0.0,10.44,16164.46,-1
2025-10-12,2025-10-12 13:26:00,1549.78,1549.78,1549.78,1549.78,0.0,10.44,16164.46,0
2025-10-12,2025-10-12 13:27:00,1549.78,1549.78,1549.77,1549.77,-0.0,10.44,16164.46,-1
2025-10-12,2025-10-12 13:28:00,1549.77,1549.77,1549.76,1549.76,-0.0,10.44,16164.46,-1
2025-10-12,2025-10-12 13:29:00,1549.76,1549.76,1549.75,1549.75,-0.0,10.44,16164.46,-1
2025-10-12,2025-10-12 13:30:00,1549.75,1549.75,1549.74,1549.74,-0.0,10.44,16164.46,-1
2025-10-12,2025-10-12 13:31:00,1549.74,1549.74,1549.73,1549.73,-0.0,10.44,16164.46,-1
2025-10-12,2025-10-12 13:32:00,1549.73,1549.73,1549.72,1549.72,-0.0,10.44,16164.46,-1
2025-10-12,2025-10-12 13:33:00,1549.72,1549.72,1549.72,1549.72,0.0,10.44,16164.46,0
2025-10-12,2025-10-12 13:34:00,1549.72,1549.72,1549.71,1549.71,-0.0,10.44,16164.46,-1
2025-10-12,2025-10-12 13:35:00,1549.71,1549.71,1549.7,1549.7,-0.0,10.44,16164.46,-1
2025-10-12,2025-10-12 13:36:00,1549.7,1549.7,1549.69,1549.69,-0.0,10.44,16164.46,-1
2025-10-12,2025-10-12 13:37:00,1549.69,1549.69,1549.68,1549.68,-0.0,10.44,16164.46,-1
2025-10-12,2025-10-12 13:38:00,1549.68,1549.68,1549.67,1549.67,-0.0,10.44,16164.46,-1
2025-10-12,2025-10-12 13:39:00,1549.67,1549.67,1549.67,1549.67,0.0,10.44,16164.46,0
2025-10-12,2025-10-12 13:40:00,1549.67,1549.67,1549.66,1549.66,-0.0,10.44,16164.46,-1
2025-10-12,2025-10-12 13:41:00,1549.66,1549.66,1549.65,1549.65,-0.0,10.44,16164.46,-1
2025-10-12,2025-10-12 13:42:00,1549.65,1549.65,1549.64,1549.64,-0.0,10.44,16164.46,-1
2025-10-12,2025-10-12 13:43:00,1549.64,1549.64,1549.63,1549.63,-0.0,10.44,16164.46,-1
2025-10-12,2025-10-12 13:44:00,1549.63,1549.63,1549.62,1549.62,-0.0,10.44,16164.46,-1
2025-10-12,2025-10-12 13:45:00,1549.62,1549.62,1549.62,1549.62,0.0,10.44,16164.46,0
2025-10-12,2025-10-12 13:46:00,1549.62,1549.62,1549.61,1549.61,-0.0,10.44,16164.46,-1
2025-10-12,2025-10-12 13:47:00,1549.61,1549.61,1549.6,1549.6,-0.0,10.44,16164.46,-1
2025-10-12,2025-10-12 13:48:00,1549.6,1549.6,1549.59,1549.59,-0.0,10.44,16164.46,-1
2025-10-12,2025-10-12 13:49:00,1549.59,1549.59,1549.58,1549.58,-0.0,10.44,16164.46,-1
2025-10-12,2025-10-12 13:50:00,1549.58,1549.58,1549.58,1549.58,0.0,10.44,16164.46,0
2025-10-12,2025-10-12 13:51:00,1549.58,1549.58,1549.57,1549.57,-0.0,10.44,16164.46,-1
2025-10-12,2025-10-12 13:52:00,1549.57,1549.57,1549.56,1549.56,-0.0,10.44,16164.46,-1
2025-10-12,2025-10-12 13:53:00,1549.56,1549.56,1549.55,1549.55,-0.0,10.44,16164.46,-1
2025-10-12,2025-10-12 13:54:00,1549.55,1549.55,1549.54,1549.54,-0.0,10.44,16164.46,-1
2025-10-12,2025-10-12 13:55:00,1549.54,1549.54,1549.53,1549.53,-0.0,10.44,16164.46,-1
2025-10-12,2025-10-12 13:56:00,1549.53,1549.53,1549.53,1549.53,0.0,10.44,16164.46,0
2025-10-12,2025-10-12 13:57:00,1549.53,1549.53,1549.52,1549.52,-0.0,10.44,16164.46,-1
2025-10-12,2025-10-12 13:58:00,1549.52,1549.52,1549.51,1549.51,-0.0,10.44,16164.46,-1
2025-10-12,2025-10-12 13:59:00,1549.51,1549.51,1549.5,1549.5,-0.0,10.44,16164.46,-1
2025-10-12,2025-10-12 14:00:00,1549.5,1549.5,1549.49,1549.49,-0.0,10.44,16164.46,-1
2025-10-12,2025-10-12 14:01:00,1549.49,1549.49,1549.48,1549.48,-0.0,10.44,16164.46,-1
2025-10-12,2025-10-12 14:02:00,1549.48,1549.48,1549.47,1549.47,-0.0,10.44,16164.46,-1
2025-10-12,2025-10-12 14:03:00,1549.47,1549.47,1549.47,1549.47,0.0,10.44,16164.46,0
2025-10-12,2025-10-12 14:04:00,1549.47,1549.47,1549.46,1549.46,-0.0,10.44,16164.46,-1
2025-10-12,2025-10-12 14:05:00,1549.46,1549.46,1549.45,1549.45,-0.0,10.44,16164.46,-1
2025-10-12,2025-10-12 14:06:00,1549.45,1549.45,1549.44,1549.44,-0.0,10.44,16164.46,-1
2025-10-12,2025-10-12 14:07:00,1549.44,1549.44,1549.43,1549.43,-0.0,10.44,16164.46,-1
2025-10-12,2025-10-12 14:08:00,1549.43,1549.43,1549.42,1549.42,-0.0,10.44,16164.46,-1
2025-10-12,2025-10-12 14:09:00,1549.42,1549.42,1549.42,1549.42,0.0,10.44,16164.46,0
2025-10-12,2025-10-12 14:10:00,1549.42,1549.42,1549.41,1549.41,-0.0,10.44,16164.46,-1
2025-10-12,2025-10-12 14:11:00,1549.41,1549.41,1549.4,1549.4,-0.0,10.44,16164.46,-1
2025-10-12,2025-10-12 14:12:00,1549.4,1549.4,1549.39,1549.39,-0.0,10.44,16164.46,-1
2025-10-12,2025-10-12 14:13:00,1549.39,1549.39,1549.38,1549.38,-0.0,10.44,16164.46,-1
2025-10-12,2025-10-12 14:14:00,1549.38,1549.38,1549.38,1549.38,0.0,10.44,16164.46,0
2025-10-12,2025-10-12 14:15:00,1549.38,1549.38,1549.37,1549.37,-0.0,10.44,16164.46,-1
2025-10-12,2025-10-12 14:16:00,1549.37,1549.37,1549.36,1549.36,-0.0,10.44,16164.46,-1
2025-10-12,2025-10-12 14:17:00,1549.36,1549.36,1549.35,1549.35,-0.0,10.44,16164.46,-1
2025-10-12,2025-10-12 14:18:00,1549.35,1549.35,1549.34,1549.34,-0.0,10.44,16164.46,-1
2025-10-12,2025-10-12 14:19:00,1549.34,1549.34,1549.33,1549.33,-0.0,10.44,16164.46,-1
2025-10-12,2025-10-12 14:20:00,1549.33,1549.33,1549.33,1549.33,0.0,10.44,16164.46,0
2025-10-12,2025-10-12 14:21:00,1549.33,1549.33,1549.32,1549.32,-0.0,10.44,16164.46,-1
2025-10-12,2025-10-12 14:22:00,1549.32,1549.32,1549.31,1549.31,-0.0,10.44,16164.46,-1
2025-10-12,2025-10-12 14:23:00,1549.31,1549.31,1549.3,1549.3,-0.0,10.44,16164.46,-1
2025-10-12,2025-10-12 14:24:00,1549.3,1549.3,1549.29,1549.29,-0.0,10.44,16164.46,-1
2025-10-12,2025-10-12 14:25:00,1549.29,1549.29,1549.28,1549.28,-0.0,10.44,16164.46,-1
2025-10-12,2025-10-12 14:26:00,1549.28,1549.28,1549.28,1549.28,0.0,10.44,16164.46,0
2025-10-12,2025-10-12 14:27:00,1549.28,1549.28,1549.27,1549.27,-0.0,10.44,16164.46,-1
2025-10-12,2025-10-12 14:28:00,1549.27,1549.27,1549.26,1549.26,-0.0,10.44,16164.46,-1
2025-10-12,2025-10-12 14:29:00,1549.26,1549.26,1549.25,1549.25,-0.0,10.44,16164.46,-1
2025-10-12,2025-10-12 14:30:00,1549.25,1549.25,1549.24,1549.24,-0.0,10.44,16164.46,-1
2025-10-12,2025-10-12 14:31:00,1549.24,1549.24,1549.23,1549.23,-0.0,10.44,16164.46,-1
2025-10-12,2025-10-12 14:32:00,1549.23,1549.23,1549.22,1549.22,-0.0,10.44,16164.46,-1
2025-10-12,2025-10-12 14:33:00,1549.22,1549.22,1549.22,1549.22,0.0,10.44,16164.46,0
2025-10-12,2025-10-12 14:34:00,1549.22,1549.22,1549.21,1549.21,-0.0,10.44,16164.46,-1
2025-10-12,2025-10-12 14:35:00,1549.21,1549.21,1549.2,1549.2,-0.0,10.44,16164.46,-1
2025-10-12,2025-10-12 14:36:00,1549.2,1549.2,1549.19,1549.19,-0.0,10.44,16164.46,-1
2025-10-12,2025-10-12 14:37:00,1549.19,1549.19,1549.18,1549.18,-0.0,10.44,16164.46,-1
2025-10-12,2025-10-12 14:38:00,1549.18,1549.18,1549.17,1549.17,-0.0,10.44,16164.46,-1
2025-10-12,2025-10-12 14:39:00,1549.17,1549.17,1549.17,1549.17,0.0,10.44,16164.46,0
2025-10-12,2025-10-12 14:40:00,1549.17,1549.17,1549.16,1549.16,-0.0,10.44,16164.46,-1
2025-10-12,2025-10-12 14:41:00,1549.16,1549.16,1549.15,1549.15,-0.0,10.44,16164.46,-1
2025-10-12,2025-10-12 14:42:00,1549.15,1549.15,1549.14,1549.14,-0.0,10.44,16164.46,-1
2025-10-12,2025-10-12 14:43:00,1549.14,1549.14,1549.13,1549.13,-0.0,10.44,16164.46,-1
2025-10-12,2025-10-12 14:44:00,1549.13,1549.13,1549.12,1549.12,-0.0,10.44,16164.46,-1
2025-10-12,2025-10-12 14:45:00,1549.12,1549.12,1549.12,1549.12,0.0,10.44,16164.46,0
2025-10-12,2025-10-12 14:46:00,1549.12,1549.12,1549.11,1549.11,-0.0,10.44,16164.46,-1
2025-10-12,2025-10-12 14:47:00,1549.11,1549.11,1549.1,1549.1,-0.0,10.44,16164.46,-1
2025-10-12,2025-10-12 14:48:00,1549.1,1549.1,1549.09,1549.09,-0.0,10.44,16164.46,-1
2025-10-12,2025-10-12 14:49:00,1549.09,1549.09,1549.08,1549.08,-0.0,10.44,16164.46,-1
2025-10-12,2025-10-12 14:50:00,1549.08,1549.08,1549.08,1549.08,0.0,10.44,16164.46,0
2025-10-12,2025-10-12 14:51:00,1549.08,1549.08,1549.07,1549.07,-0.0,10.44,16164.46,-1
2025-10-12,2025-10-12 14:52:00,1549.07,1549.07,1549.06,1549.06,-0.0,10.44,16164.46,-1
2025-10-12,2025-10-12 14:53:00,1549.06,1549.06,1549.05,1549.05,-0.0,10.44,16164.46,-1
2025-10-12,2025-10-12 14:54:00,1549.05,1549.05,1549.04,1549.04,-0.0,10.44,16164.46,-1
2025-10-12,2025-10-12 14:55:00,1549.04,1549.04,1549.03,1549.03,-0.0,10.44,16164.46,-1
2025-10-12,2025-10-12 14:56:00,1549.03,1549.03,1549.03,1549.03,0.0,10.44,16164.46,0
2025-10-12,2025-10-12 14:57:00,1549.03,1549.03,1549.02,1549.02,-0.0,10.44,16164.46,-1
2025-10-12,2025-10-12 14:58:00,1549.02,1549.02,1549.01,1549.01,-0.0,10.44,16164.46,-1
2025-10-12,2025-10-12 14:59:00,1549.01,1549.01,1549.0,1549.0,-0.0,10.44,16164.46,-1
2025-10-12,2025-10-12 15:00:00,1549.0,1610.0,1520.0,1549.0,0.0,10.44,16164.46,0
2025-10-13,2025-10-13 11:00:00,1525.0,1540.87,1522.99,1525.19,0.01,4.98,7737.74,1
2025-10-13,2025-10-13 11:01:00,1525.19,1525.38,1525.19,1525.38,0.01,4.98,7737.74,1
2025-10-13,2025-10-13 11:02:00,1525.38,1525.56,1525.38,1525.56,0.01,4.98,7737.74,1
2025-10-13,2025-10-13 11:03:00,1525.56,1525.75,1525.56,1525.75,0.01,4.98,7737.74,1
2025-10-13,2025-10-13 11:04:00,1525.75,1525.94,1525.75,1525.94,0.01,4.98,7737.74,1
2025-10-13,2025-10-13 11:05:00,1525.94,1526.12,1525.94,1526.12,0.01,4.98,7737.74,1
2025-10-13,2025-10-13 11:06:00,1526.12,1526.31,1526.12,1526.31,0.01,4.98,7737.74,1
2025-10-13,2025-10-13 11:07:00,1526.31,1526.5,1526.31,1526.5,0.01,4.98,7737.74,1
2025-10-13,2025-10-13 11:08:00,1526.5,1526.69,1526.5,1526.69,0.01,4.98,7737.74,1
2025-10-13,2025-10-13 11:09:00,1526.69,1526.88,1526.69,1526.88,0.01,4.98,7737.74,1
2025-10-13,2025-10-13 11:10:00,1526.88,1527.06,1526.88,1527.06,0.01,4.98,7737.74,1
2025-10-13,2025-10-13 11:11:00,1527.06,1527.25,1527.06,1527.25,0.01,4.98,7737.74,1
2025-10-13,2025-10-13 11:12:00,1527.25,1527.44,1527.25,1527.44,0.01,4.98,7737.74,1
2025-10-13,2025-10-13 11:13:00,1527.44,1527.62,1527.44,1527.62,0.01,4.98,7737.74,1
2025-10-13,2025-10-13 11:14:00,1527.62,1527.81,1527.62,1527.81,0.01,4.98,7737.74,1
2025-10-13,2025-10-13 11:15:00,1527.81,1528.0,1527.81,1528.0,0.01,4.98,7737.74,1
2025-10-13,2025-10-13 11:16:00,1528.0,1528.19,1528.0,1528.19,0.01,4.98,7737.74,1
2025-10-13,2025-10-13 11:17:00,1528.19,1528.38,1528.19,1528.38,0.01,4.98,7737.74,1
2025-10-13,2025-10-13 11:18:00,1528.38,1528.56,1528.38,1528.56,0.01,4.98,7737.74,1
2025-10-13,2025-10-13 11:19:00,1528.56,1528.75,1528.56,1528.75,0.01,4.98,7737.74,1
2025-10-13,2025-10-13 11:20:00,1528.75,1528.94,1528.75,1528.94,0.01,4.98,7737.74,1
2025-10-13,2025-10-13 11:21:00,1528.94,1529.12,1528.94,1529.12,0.01,4.98,7737.74,1
2025-10-13,2025-10-13 11:22:00,1529.12,1529.31,1529.12,1529.31,0.01,4.98,7737.74,1
2025-10-13,2025-10-13 11:23:00,1529.31,1529.5,1529.31,1529.5,0.01,4.98,7737.74,1
2025-10-13,2025-10-13 11:24:00,1529.5,1529.69,1529.5,1529.69,0.01,4.98,7737.74,1
2025-10-13,2025-10-13 11:25:00,1529.69,1529.88,1529.69,1529.88,0.01,4.98,7737.74,1
2025-10-13,2025-10-13 11:26:00,1529.88,1530.06,1529.88,1530.06,0.01,4.98,7737.74,1
2025-10-13,2025-10-13 11:27:00,1530.06,1530.25,1530.06,1530.25,0.01,4.98,7737.74,1
2025-10-13,2025-10-13 11:28:00,1530.25,1530.44,1530.25,1530.44,0.01,4.98,7737.74,1
2025-10-13,2025-10-13 11:29:00,1530.44,1530.62,1530.44,1530.62,0.01,4.98,7737.74,1
2025-10-13,2025-10-13 11:30:00,1530.62,1530.81,1530.62,1530.81,0.01,4.98,7737.74,1
2025-10-13,2025-10-13 11:31:00,1530.81,1531.0,1530.81,1531.0,0.01,4.98,7737.74,1
2025-10-13,2025-10-13 11:32:00,1531.0,1531.19,1531.0,1531.19,0.01,4.98,7737.74,1
2025-10-13,2025-10-13 11:33:00,1531.19,1531.38,1531.19,1531.38,0.01,4.98,7737.74,1
2025-10-13,2025-10-13 11:34:00,1531.38,1531.56,1531.38,1531.56,0.01,4.98,7737.74,1
2025-10-13,2025-10-13 11:35:00,1531.56,1531.75,1531.56,1531.75,0.01,4.98,7737.74,1
2025-10-13,2025-10-13 11:36:00,1531.75,1531.94,1531.75,1531.94,0.01,4.98,7737.74,1
2025-10-13,2025-10-13 11:37:00,1531.94,1532.12,1531.94,1532.12,0.01,4.98,7737.74,1
2025-10-13,2025-10-13 11:38:00,1532.12,1532.31,1532.12,1532.31,0.01,4.98,7737.74,1
2025-10-13,2025-10-13 11:39:00,1532.31,1532.5,1532.31,1532.5,0.01,4.98,7737.74,1
2025-10-13,2025-10-13 11:40:00,1532.5,1532.69,1532.5,1532.69,0.01,4.98,7737.74,1
2025-10-13,2025-10-13 11:41:00,1532.69,1532.88,1532.69,1532.88,0.01,4.98,7737.74,1
2025-10-13,2025-10-13 11:42:00,1532.88,1533.06,1532.88,1533.06,0.01,4.98,7737.74,1
2025-10-13,2025-10-13 11:43:00,1533.06,1533.25,1533.06,1533.25,0.01,4.98,7737.74,1
2025-10-13,2025-10-13 11:44:00,1533.25,1533.44,1533.25,1533.44,0.01,4.98,7737.74,1
2025-10-13,2025-10-13 11:45:00,1533.44,1533.62,1533.44,1533.62,0.01,4.98,7737.74,1
2025-10-13,2025-10-13 11:46:00,1533.62,1533.81,1533.62,1533.81,0.01,4.98,7737.74,1
2025-10-13,2025-10-13 11:47:00,1533.81,1534.0,1533.81,1534.0,0.01,4.98,7737.74,1
2025-10-13,2025-10-13 11:48:00,1534.0,1534.19,1534.0,1534.19,0.01,4.98,7737.74,1
2025-10-13,2025-10-13 11:49:00,1534.19,1534.38,1534.19,1534.38,0.01,4.98,7737.74,1
2025-10-13,2025-10-13 11:50:00,1534.38,1534.56,1534.38,1534.56,0.01,4.98,7737.74,1
2025-10-13,2025-10-13 11:51:00,1534.56,1534.75,1534.56,1534.75,0.01,4.98,7737.74,1
2025-10-13,2025-10-13 11:52:00,1534.75,1534.94,1534.75,1534.94,0.01,4.98,7737.74,1
2025-10-13,2025-10-13 11:53:00,1534.94,1535.12,1534.94,1535.12,0.01,4.98,7737.74,1
2025-10-13,2025-10-13 11:54:00,1535.12,1535.31,1535.12,1535.31,0.01,4.98,7737.74,1
2025-10-13,2025-10-13 11:55:00,1535.31,1535.5,1535.31,1535.5,0.01,4.98,7737.74,1
2025-10-13,2025-10-13 11:56:00,1535.5,1535.69,1535.5,1535.69,0.01,4.98,7737.74,1
2025-10-13,2025-10-13 11:57:00,1535.69,1535.88,1535.69,1535.88,0.01,4.98,7737.74,1
2025-10-13,2025-10-13 11:58:00,1535.88,1536.06,1535.88,1536.06,0.01,4.98,7737.74,1
2025-10-13,2025-10-13 11:59:00,1536.06,1536.25,1536.06,1536.25,0.01,4.98,7737.74,1
2025-10-13,2025-10-13 12:00:00,1536.25,1536.44,1536.25,1536.44,0.01,4.98,7737.74,1
2025-10-13,2025-10-13 12:01:00,1536.44,1536.62,1536.44,1536.62,0.01,4.98,7737.74,1
2025-10-13,2025-10-13 12:02:00,1536.62,1536.81,1536.62,1536.81,0.01,4.98,7737.74,1
2025-10-13,2025-10-13 12:03:00,1536.81,1537.0,1536.81,1537.0,0.01,4.98,7737.74,1
2025-10-13,2025-10-13 12:04:00,1537.0,1537.19,1537.0,1537.19,0.01,4.98,7737.74,1
2025-10-13,2025-10-13 12:05:00,1537.19,1537.38,1537.19,1537.38,0.01,4.98,7737.74,1
2025-10-13,2025-10-13 12:06:00,1537.38,1537.56,1537.38,1537.56,0.01,4.98,7737.74,1
2025-10-13,2025-10-13 12:07:00,1537.56,1537.75,1537.56,1537.75,0.01,4.98,7737.74,1
2025-10-13,2025-10-13 12:08:00,1537.75,1537.94,1537.75,1537.94,0.01,4.98,7737.74,1
2025-10-13,2025-10-13 12:09:00,1537.94,1538.12,1537.94,1538.12,0.01,4.98,7737.74,1
2025-10-13,2025-10-13 12:10:00,1538.12,1538.31,1538.12,1538.31,0.01,4.98,7737.74,1
2025-10-13,2025-10-13 12:11:00,1538.31,1538.5,1538.31,1538.5,0.01,4.98,7737.74,1
2025-10-13,2025-10-13 12:12:00,1538.5,1538.69,1538.5,1538.69,0.01,4.98,7737.74,1
2025-10-13,2025-10-13 12:13:00,1538.69,1538.88,1538.69,1538.88,0.01,4.98,7737.74,1
2025-10-13,2025-10-13 12:14:00,1538.88,1539.06,1538.88,1539.06,0.01,4.98,7737.74,1
2025-10-13,2025-10-13 12:15:00,1539.06,1539.25,1539.06,1539.25,0.01,4.98,7737.74,1
2025-10-13,2025-10-13 12:16:00,1539.25,1539.44,1539.25,1539.44,0.01,4.98,7737.74,1
2025-10-13,2025-10-13 12:17:00,1539.44,1539.62,1539.44,1539.62,0.01,4.98,7737.74,1
2025-10-13,2025-10-13 12:18:00,1539.62,1539.81,1539.62,1539.81,0.01,4.98,7737.74,1
2025-10-13,2025-10-13 12:19:00,1539.81,1540.0,1539.81,1540.0,0.01,4.98,7737.74,1
2025-10-13,2025-10-13 12:20:00,1540.0,1540.19,1540.0,1540.19,0.01,4.98,7737.74,1
2025-10-13,2025-10-13 12:21:00,1540.19,1540.38,1540.19,1540.38,0.01,4.98,7737.74,1
2025-10-13,2025-10-13 12:22:00,1540.38,1540.56,1540.38,1540.56,0.01,4.98,7737.74,1
2025-10-13,2025-10-13 12:23:00,1540.56,1540.75,1540.56,1540.75,0.01,4.98,7737.74,1
2025-10-13,2025-10-13 12:24:00,1540.75,1540.94,1540.75,1540.94,0.01,4.98,7737.74,1
2025-10-13,2025-10-13 12:25:00,1540.94,1541.12,1540.94,1541.12,0.01,4.98,7737.74,1
2025-10-13,2025-10-13 12:26:00,1541.12,1541.31,1541.12,1541.31,0.01,4.98,7737.74,1
2025-10-13,2025-10-13 12:27:00,1541.31,1541.5,1541.31,1541.5,0.01,4.98,7737.74,1
2025-10-13,2025-10-13 12:28:00,1541.5,1541.69,1541.5,1541.69,0.01,4.98,7737.74,1
2025-10-13,2025-10-13 12:29:00,1541.69,1541.88,1541.69,1541.88,0.01,4.98,7737.74,1
2025-10-13,2025-10-13 12:30:00,1541.88,1542.06,1541.88,1542.06,0.01,4.98,7737.74,1
2025-10-13,2025-10-13 12:31:00,1542.06,1542.25,1542.06,1542.25,0.01,4.98,7737.74,1
2025-10-13,2025-10-13 12:32:00,1542.25,1542.44,1542.25,1542.44,0.01,4.98,7737.74,1
2025-10-13,2025-10-13 12:33:00,1542.44,1542.62,1542.44,1542.62,0.01,4.98,7737.74,1
2025-10-13,2025-10-13 12:34:00,1542.62,1542.81,1542.62,1542.81,0.01,4.98,7737.74,1
2025-10-13,2025-10-13 12:35:00,1542.81,1543.0,1542.81,1543.0,0.01,4.98,7737.74,1
2025-10-13,2025-10-13 12:36:00,1543.0,1543.19,1543.0,1543.19,0.01,4.98,7737.74,1
2025-10-13,2025-10-13 12:37:00,1543.19,1543.38,1543.19,1543.38,0.01,4.98,7737.74,1
2025-10-13,2025-10-13 12:38:00,1543.38,1543.56,1543.38,1543.56,0.01,4.98,7737.74,1
2025-10-13,2025-10-13 12:39:00,1543.56,1543.75,1543.56,1543.75,0.01,4.98,7737.74,1
2025-10-13,2025-10-13 12:40:00,1543.75,1543.94,1543.75,1543.94,0.01,4.98,7737.74,1
2025-10-13,2025-10-13 12:41:00,1543.94,1544.12,1543.94,1544.12,0.01,4.98,7737.74,1
2025-10-13,2025-10-13 12:42:00,1544.12,1544.31,1544.12,1544.31,0.01,4.98,7737.74,1
2025-10-13,2025-10-13 12:43:00,1544.31,1544.5,1544.31,1544.5,0.01,4.98,7737.74,1
2025-10-13,2025-10-13 12:44:00,1544.5,1544.69,1544.5,1544.69,0.01,4.98,7737.74,1
2025-10-13,2025-10-13 12:45:00,1544.69,1544.88,1544.69,1544.88,0.01,4.98,7737.74,1
2025-10-13,2025-10-13 12:46:00,1544.88,1545.06,1544.88,1545.06,0.01,4.98,7737.74,1
2025-10-13,2025-10-13 12:47:00,1545.06,1545.25,1545.06,1545.25,0.01,4.98,7737.74,1
2025-10-13,2025-10-13 12:48:00,1545.25,1545.44,1545.25,1545.44,0.01,4.98,7737.74,1
2025-10-13,2025-10-13 12:49:00,1545.44,1545.62,1545.44,1545.62,0.01,4.98,7737.74,1
2025-10-13,2025-10-13 12:50:00,1545.62,1545.81,1545.62,1545.81,0.01,4.98,7737.74,1
2025-10-13,2025-10-13 12:51:00,1545.81,1546.0,1545.81,1546.0,0.01,4.98,7737.74,1
2025-10-13,2025-10-13 12:52:00,1546.0,1546.19,1546.0,1546.19,0.01,4.98,7737.74,1
2025-10-13,2025-10-13 12:53:00,1546.19,1546.38,1546.19,1546.38,0.01,4.98,7737.74,1
2025-10-13,2025-10-13 12:54:00,1546.38,1546.56,1546.38,1546.56,0.01,4.98,7737.74,1
2025-10-13,2025-10-13 12:55:00,1546.56,1546.75,1546.56,1546.75,0.01,4.98,7737.74,1
2025-10-13,2025-10-13 12:56:00,1546.75,1546.94,1546.75,1546.94,0.01,4.98,7737.74,1
2025-10-13,2025-10-13 12:57:00,1546.94,1547.12,1546.94,1547.12,0.01,4.98,7737.74,1
2025-10-13,2025-10-13 12:58:00,1547.12,1547.31,1547.12,1547.31,0.01,4.98,7737.74,1
2025-10-13,2025-10-13 12:59:00,1547.31,1547.5,1547.31,1547.5,0.01,4.98,7737.74,1
2025-10-13,2025-10-13 13:00:00,1547.5,1577.9,1518.3,1547.69,0.01,4.98,7737.74,1
2025-10-13,2025-10-13 13:01:00,1547.69,1547.88,1547.69,1547.88,0.01,4.98,7737.74,1
2025-10-13,2025-10-13 13:02:00,1547.88,1548.06,1547.88,1548.06,0.01,4.98,7737.74,1
2025-10-13,2025-10-13 13:03:00,1548.06,1548.25,1548.06,1548.25,0.01,4.98,7737.74,1
2025-10-13,2025-10-13 13:04:00,1548.25,1548.44,1548.25,1548.44,0.01,4.98,7737.74,1
2025-10-13,2025-10-13 13:05:00,1548.44,1548.62,1548.44,1548.62,0.01,4.98,7737.74,1
2025-10-13,2025-10-13 13:06:00,1548.62,1548.81,1548.62,1548.81,0.01,4.98,7737.74,1
2025-10-13,2025-10-13 13:07:00,1548.81,1549.0,1548.81,1549.0,0.01,4.98,7737.74,1
2025-10-13,2025-10-13 13:08:00,1549.0,1549.19,1549.0,1549.19,0.01,4.98,7737.74,1
2025-10-13,2025-10-13 13:09:00,1549.19,1549.38,1549.19,1549.38,0.01,4.98,7737.74,1
2025-10-13,2025-10-13 13:10:00,1549.38,1549.56,1549.38,1549.56,0.01,4.98,7737.74,1
2025-10-13,2025-10-13 13:11:00,1549.56,1549.75,1549.56,1549.75,0.01,4.98,7737.74,1
2025-10-13,2025-10-13 13:12:00,1549.75,1549.94,1549.75,1549.94,0.01,4.98,7737.74,1
2025-10-13,2025-10-13 13:13:00,1549.94,1550.12,1549.94,1550.12,0.01,4.98,7737.74,1
2025-10-13,2025-10-13 13:14:00,1550.12,1550.31,1550.12,1550.31,0.01,4.98,7737.74,1
2025-10-13,2025-10-13 13:15:00,1550.31,1550.5,1550.31,1550.5,0.01,4.98,7737.74,1
2025-10-13,2025-10-13 13:16:00,1550.5,1550.69,1550.5,1550.69,0.01,4.98,7737.74,1
2025-10-13,2025-10-13 13:17:00,1550.69,1550.88,1550.69,1550.88,0.01,4.98,7737.74,1
2025-10-13,2025-10-13 13:18:00,1550.88,1551.06,1550.88,1551.06,0.01,4.98,7737.74,1
2025-10-13,2025-10-13 13:19:00,1551.06,1551.25,1551.06,1551.25,0.01,4.98,7737.74,1
2025-10-13,2025-10-13 13:20:00,1551.25,1551.44,1551.25,1551.44,0.01,4.98,7737.74,1
2025-10-13,2025-10-13 13:21:00,1551.44,1551.62,1551.44,1551.62,0.01,4.98,7737.74,1
2025-10-13,2025-10-13 13:22:00,1551.62,1551.81,1551.62,1551.81,0.01,4.98,7737.74,1
2025-10-13,2025-10-13 13:23:00,1551.81,1552.0,1551.81,1552.0,0.01,4.98,7737.74,1
2025-10-13,2025-10-13 13:24:00,1552.0,1552.19,1552.0,1552.19,0.01,4.98,7737.74,1
2025-10-13,2025-10-13 13:25:00,1552.19,1552.38,1552.19,1552.38,0.01,4.98,7737.74,1
2025-10-13,2025-10-13 13:26:00,1552.38,1552.56,1552.38,1552.56,0.01,4.98,7737.74,1
2025-10-13,2025-10-13 13:27:00,1552.56,1552.75,1552.56,1552.75,0.01,4.98,7737.74,1
2025-10-13,2025-10-13 13:28:00,1552.75,1552.94,1552.75,1552.94,0.01,4.98,7737.74,1
2025-10-13,2025-10-13 13:29:00,1552.94,1553.12,1552.94,1553.12,0.01,4.98,7737.74,1
2025-10-13,2025-10-13 13:30:00,1553.12,1553.31,1553.12,1553.31,0.01,4.98,7737.74,1
2025-10-13,2025-10-13 13:31:00,1553.31,1553.5,1553.31,1553.5,0.01,4.98,7737.74,1
2025-10-13,2025-10-13 13:32:00,1553.5,1553.69,1553.5,1553.69,0.01,4.98,7737.74,1
2025-10-13,2025-10-13 13:33:00,1553.69,1553.88,1553.69,1553.88,0.01,4.98,7737.74,1
2025-10-13,2025-10-13 13:34:00,1553.88,1554.06,1553.88,1554.06,0.01,4.98,7737.74,1
2025-10-13,2025-10-13 13:35:00,1554.06,1554.25,1554.06,1554.25,0.01,4.98,7737.74,1
2025-10-13,2025-10-13 13:36:00,1554.25,1554.44,1554.25,1554.44,0.01,4.98,7737.74,1
2025-10-13,2025-10-13 13:37:00,1554.44,1554.62,1554.44,1554.62,0.01,4.98,7737.74,1
2025-10-13,2025-10-13 13:38:00,1554.62,1554.81,1554.62,1554.81,0.01,4.98,7737.74,1
2025-10-13,2025-10-13 13:39:00,1554.81,1555.0,1554.81,1555.0,0.01,4.98,7737.74,1
2025-10-13,2025-10-13 13:40:00,1555.0,1555.19,1555.0,1555.19,0.01,4.98,7737.74,1
2025-10-13,2025-10-13 13:41:00,1555.19,1555.38,1555.19,1555.38,0.01,4.98,7737.74,1
2025-10-13,2025-10-13 13:42:00,1555.38,1555.56,1555.38,1555.56,0.01,4.98,7737.74,1
2025-10-13,2025-10-13 13:43:00,1555.56,1555.75,1555.56,1555.75,0.01,4.98,7737.74,1
2025-10-13,2025-10-13 13:44:00,1555.75,1555.94,1555.75,1555.94,0.01,4.98,7737.74,1
2025-10-13,2025-10-13 13:45:00,1555.94,1556.12,1555.94,1556.12,0.01,4.98,7737.74,1
2025-10-13,2025-10-13 13:46:00,1556.12,1556.31,1556.12,1556.31,0.01,4.98,7737.74,1
2025-10-13,2025-10-13 13:47:00,1556.31,1556.5,1556.31,1556.5,0.01,4.98,7737.74,1
2025-10-13,2025-10-13 13:48:00,1556.5,1556.69,1556.5,1556.69,0.01,4.98,7737.74,1
2025-10-13,2025-10-13 13:49:00,1556.69,1556.88,1556.69,1556.88,0.01,4.98,7737.74,1
2025-10-13,2025-10-13 13:50:00,1556.88,1557.06,1556.88,1557.06,0.01,4.98,7737.74,1
2025-10-13,2025-10-13 13:51:00,1557.06,1557.25,1557.06,1557.25,0.01,4.98,7737.74,1
2025-10-13,2025-10-13 13:52:00,1557.25,1557.44,1557.25,1557.44,0.01,4.98,7737.74,1
2025-10-13,2025-10-13 13:53:00,1557.44,1557.62,1557.44,1557.62,0.01,4.98,7737.74,1
2025-10-13,2025-10-13 13:54:00,1557.62,1557.81,1557.62,1557.81,0.01,4.98,7737.74,1
2025-10-13,2025-10-13 13:55:00,1557.81,1558.0,1557.81,1558.0,0.01,4.98,7737.74,1
2025-10-13,2025-10-13 13:56:00,1558.0,1558.19,1558.0,1558.19,0.01,4.98,7737.74,1
2025-10-13,2025-10-13 13:57:00,1558.19,1558.38,1558.19,1558.38,0.01,4.98,7737.74,1
2025-10-13,2025-10-13 13:58:00,1558.38,1558.56,1558.38,1558.56,0.01,4.98,7737.74,1
2025-10-13,2025-10-13 13:59:00,1558.56,1558.75,1558.56,1558.75,0.01,4.98,7737.74,1
2025-10-13,2025-10-13 14:00:00,1558.75,1558.94,1558.75,1558.94,0.01,4.98,7737.74,1
2025-10-13,2025-10-13 14:01:00,1558.94,1559.12,1558.94,1559.12,0.01,4.98,7737.74,1
2025-10-13,2025-10-13 14:02:00,1559.12,1559.31,1559.12,1559.31,0.01,4.98,7737.74,1
2025-10-13,2025-10-13 14:03:00,1559.31,1559.5,1559.31,1559.5,0.01,4.98,7737.74,1
2025-10-13,2025-10-13 14:04:00,1559.5,1559.69,1559.5,1559.69,0.01,4.98,7737.74,1
2025-10-13,2025-10-13 14:05:00,1559.69,1559.88,1559.69,1559.88,0.01,4.98,7737.74,1
2025-10-13,2025-10-13 14:06:00,1559.88,1560.06,1559.88,1560.06,0.01,4.98,7737.74,1
2025-10-13,2025-10-13 14:07:00,1560.06,1560.25,1560.06,1560.25,0.01,4.98,7737.74,1
2025-10-13,2025-10-13 14:08:00,1560.25,1560.44,1560.25,1560.44,0.01,4.98,7737.74,1
2025-10-13,2025-10-13 14:09:00,1560.44,1560.62,1560.44,1560.62,0.01,4.98,7737.74,1
2025-10-13,2025-10-13 14:10:00,1560.62,1560.81,1560.62,1560.81,0.01,4.98,7737.74,1
2025-10-13,2025-10-13 14:11:00,1560.81,1561.0,1560.81,1561.0,0.01,4.98,7737.74,1
2025-10-13,2025-10-13 14:12:00,1561.0,1561.19,1561.0,1561.19,0.01,4.98,7737.74,1
2025-10-13,2025-10-13 14:13:00,1561.19,1561.38,1561.19,1561.38,0.01,4.98,7737.74,1
2025-10-13,2025-10-13 14:14:00,1561.38,1561.56,1561.38,1561.56,0.01,4.98,7737.74,1
2025-10-13,2025-10-13 14:15:00,1561.56,1561.75,1561.56,1561.75,0.01,4.98,7737.74,1
2025-10-13,2025-10-13 14:16:00,1561.75,1561.94,1561.75,1561.94,0.01,4.98,7737.74,1
2025-10-13,2025-10-13 14:17:00,1561.94,1562.12,1561.94,1562.12,0.01,4.98,7737.74,1
2025-10-13,2025-10-13 14:18:00,1562.12,1562.31,1562.12,1562.31,0.01,4.98,7737.74,1
2025-10-13,2025-10-13 14:19:00,1562.31,1562.5,1562.31,1562.5,0.01,4.98,7737.74,1
2025-10-13,2025-10-13 14:20:00,1562.5,1562.69,1562.5,1562.69,0.01,4.98,7737.74,1
2025-10-13,2025-10-13 14:21:00,1562.69,1562.88,1562.69,1562.88,0.01,4.98,7737.74,1
2025-10-13,2025-10-13 14:22:00,1562.88,1563.06,1562.88,1563.06,0.01,4.98,7737.74,1
2025-10-13,2025-10-13 14:23:00,1563.06,1563.25,1563.06,1563.25,0.01,4.98,7737.74,1
2025-10-13,2025-10-13 14:24:00,1563.25,1563.44,1563.25,1563.44,0.01,4.98,7737.74,1
2025-10-13,2025-10-13 14:25:00,1563.44,1563.62,1563.44,1563.62,0.01,4.98,7737.74,1
2025-10-13,2025-10-13 14:26:00,1563.62,1563.81,1563.62,1563.81,0.01,4.98,7737.74,1
2025-10-13,2025-10-13 14:27:00,1563.81,1564.0,1563.81,1564.0,0.01,4.98,7737.74,1
2025-10-13,2025-10-13 14:28:00,1564.0,1564.19,1564.0,1564.19,0.01,4.98,7737.74,1
2025-10-13,2025-10-13 14:29:00,1564.19,1564.38,1564.19,1564.38,0.01,4.98,7737.74,1
2025-10-13,2025-10-13 14:30:00,1564.38,1564.56,1564.38,1564.56,0.01,4.98,7737.74,1
2025-10-13,2025-10-13 14:31:00,1564.56,1564.75,1564.56,1564.75,0.01,4.98,7737.74,1
2025-10-13,2025-10-13 14:32:00,1564.75,1564.94,1564.75,1564.94,0.01,4.98,7737.74,1
2025-10-13,2025-10-13 14:33:00,1564.94,1565.12,1564.94,1565.12,0.01,4.98,7737.74,1
2025-10-13,2025-10-13 14:34:00,1565.12,1565.31,1565.12,1565.31,0.01,4.98,7737.74,1
2025-10-13,2025-10-13 14:35:00,1565.31,1565.5,1565.31,1565.5,0.01,4.98,7737.74,1
2025-10-13,2025-10-13 14:36:00,1565.5,1565.69,1565.5,1565.69,0.01,4.98,7737.74,1
2025-10-13,2025-10-13 14:37:00,1565.69,1565.88,1565.69,1565.88,0.01,4.98,7737.74,1
2025-10-13,2025-10-13 14:38:00,1565.88,1566.06,1565.88,1566.06,0.01,4.98,7737.74,1
2025-10-13,2025-10-13 14:39:00,1566.06,1566.25,1566.06,1566.25,0.01,4.98,7737.74,1
2025-10-13,2025-10-13 14:40:00,1566.25,1566.44,1566.25,1566.44,0.01,4.98,7737.74,1
2025-10-13,2025-10-13 14:41:00,1566.44,1566.62,1566.44,1566.62,0.01,4.98,7737.74,1
2025-10-13,2025-10-13 14:42:00,1566.62,1566.81,1566.62,1566.81,0.01,4.98,7737.74,1
2025-10-13,2025-10-13 14:43:00,1566.81,1567.0,1566.81,1567.0,0.01,4.98,7737.74,1
2025-10-13,2025-10-13 14:44:00,1567.0,1567.19,1567.0,1567.19,0.01,4.98,7737.74,1
2025-10-13,2025-10-13 14:45:00,1567.19,1567.38,1567.19,1567.38,0.01,4.98,7737.74,1
2025-10-13,2025-10-13 14:46:00,1567.38,1567.56,1567.38,1567.56,0.01,4.98,7737.74,1
2025-10-13,2025-10-13 14:47:00,1567.56,1567.75,1567.56,1567.75,0.01,4.98,7737.74,1
2025-10-13,2025-10-13 14:48:00,1567.75,1567.94,1567.75,1567.94,0.01,4.98,7737.74,1
2025-10-13,2025-10-13 14:49:00,1567.94,1568.12,1567.94,1568.12,0.01,4.98,7737.74,1
2025-10-13,2025-10-13 14:50:00,1568.12,1568.31,1568.12,1568.31,0.01,4.98,7737.74,1
2025-10-13,2025-10-13 14:51:00,1568.31,1568.5,1568.31,1568.5,0.01,4.98,7737.74,1
2025-10-13,2025-10-13 14:52:00,1568.5,1568.69,1568.5,1568.69,0.01,4.98,7737.74,1
2025-10-13,2025-10-13 14:53:00,1568.69,1568.88,1568.69,1568.88,0.01,4.98,7737.74,1
2025-10-13,2025-10-13 14:54:00,1568.88,1569.06,1568.88,1569.06,0.01,4.98,7737.74,1
2025-10-13,2025-10-13 14:55:00,1569.06,1569.25,1569.06,1569.25,0.01,4.98,7737.74,1
2025-10-13,2025-10-13 14:56:00,1569.25,1569.44,1569.25,1569.44,0.01,4.98,7737.74,1
2025-10-13,2025-10-13 14:57:00,1569.44,1569.62,1569.44,1569.62,0.01,4.98,7737.74,1
2025-10-13,2025-10-13 14:58:00,1569.62,1569.81,1569.62,1569.81,0.01,4.98,7737.74,1
2025-10-13,2025-10-13 14:59:00,1569.81,1570.0,1569.81,1570.0,0.01,4.98,7737.74,1
2025-10-13,2025-10-13 15:00:00,1570.0,1577.9,1518.3,1570.0,0.0,4.98,7737.74,0
2025-10-14,2025-10-14 11:00:00,1550.0,1559.3,1550.0,1550.01,0.0,4.09,6383.78,1
2025-10-14,2025-10-14 11:01:00,1550.01,1550.03,1550.01,1550.03,0.0,4.09,6383.78,1
2025-10-14,2025-10-14 11:02:00,1550.03,1550.04,1550.03,1550.04,0.0,4.09,6383.78,1
2025-10-14,2025-10-14 11:03:00,1550.04,1550.05,1550.04,1550.05,0.0,4.09,6383.78,1
2025-10-14,2025-10-14 11:04:00,1550.05,1550.06,1550.05,1550.06,0.0,4.09,6383.78,1
2025-10-14,2025-10-14 11:05:00,1550.06,1550.08,1550.06,1550.08,0.0,4.09,6383.78,1
2025-10-14,2025-10-14 11:06:00,1550.08,1550.09,1550.08,1550.09,0.0,4.09,6383.78,1
2025-10-14,2025-10-14 11:07:00,1550.09,1550.1,1550.09,1550.1,0.0,4.09,6383.78,1
2025-10-14,2025-10-14 11:08:00,1550.1,1550.11,1550.1,1550.11,0.0,4.09,6383.78,1
2025-10-14,2025-10-14 11:09:00,1550.11,1550.12,1550.11,1550.12,0.0,4.09,6383.78,1
2025-10-14,2025-10-14 11:10:00,1550.12,1550.14,1550.12,1550.14,0.0,4.09,6383.78,1
2025-10-14,2025-10-14 11:11:00,1550.14,1550.15,1550.14,1550.15,0.0,4.09,6383.78,1
2025-10-14,2025-10-14 11:12:00,1550.15,1550.16,1550.15,1550.16,0.0,4.09,6383.78,1
2025-10-14,2025-10-14 11:13:00,1550.16,1550.17,1550.16,1550.17,0.0,4.09,6383.78,1
2025-10-14,2025-10-14 11:14:00,1550.17,1550.19,1550.17,1550.19,0.0,4.09,6383.78,1
2025-10-14,2025-10-14 11:15:00,1550.19,1550.2,1550.19,1550.2,0.0,4.09,6383.78,1
2025-10-14,2025-10-14 11:16:00,1550.2,1550.21,1550.2,1550.21,0.0,4.09,6383.78,1
2025-10-14,2025-10-14 11:17:00,1550.21,1550.22,1550.21,1550.22,0.0,4.09,6383.78,1
2025-10-14,2025-10-14 11:18:00,1550.22,1550.24,1550.22,1550.24,0.0,4.09,6383.78,1
2025-10-14,2025-10-14 11:19:00,1550.24,1550.25,1550.24,1550.25,0.0,4.09,6383.78,1
2025-10-14,2025-10-14 11:20:00,1550.25,1550.26,1550.25,1550.26,0.0,4.09,6383.78,1
2025-10-14,2025-10-14 11:21:00,1550.26,1550.28,1550.26,1550.28,0.0,4.09,6383.78,1
2025-10-14,2025-10-14 11:22:00,1550.28,1550.29,1550.28,1550.29,0.0,4.09,6383.78,1
2025-10-14,2025-10-14 11:23:00,1550.29,1550.3,1550.29,1550.3,0.0,4.09,6383.78,1
2025-10-14,2025-10-14 11:24:00,1550.3,1550.31,1550.3,1550.31,0.0,4.09,6383.78,1
2025-10-14,2025-10-14 11:25:00,1550.31,1550.33,1550.31,1550.33,0.0,4.09,6383.78,1
2025-10-14,2025-10-14 11:26:00,1550.33,1550.34,1550.33,1550.34,0.0,4.09,6383.78,1
2025-10-14,2025-10-14 11:27:00,1550.34,1550.35,1550.34,1550.35,0.0,4.09,6383.78,1
2025-10-14,2025-10-14 11:28:00,1550.35,1550.36,1550.35,1550.36,0.0,4.09,6383.78,1
2025-10-14,2025-10-14 11:29:00,1550.36,1550.38,1550.36,1550.38,0.0,4.09,6383.78,1
2025-10-14,2025-10-14 11:30:00,1550.38,1550.39,1550.38,1550.39,0.0,4.09,6383.78,1
2025-10-14,2025-10-14 11:31:00,1550.39,1550.4,1550.39,1550.4,0.0,4.09,6383.78,1
2025-10-14,2025-10-14 11:32:00,1550.4,1550.41,1550.4,1550.41,0.0,4.09,6383.78,1
2025-10-14,2025-10-14 11:33:00,1550.41,1550.42,1550.41,1550.42,0.0,4.09,6383.78,1
2025-10-14,2025-10-14 11:34:00,1550.42,1550.44,1550.42,1550.44,0.0,4.09,6383.78,1
2025-10-14,2025-10-14 11:35:00,1550.44,1550.45,1550.44,1550.45,0.0,4.09,6383.78,1
2025-10-14,2025-10-14 11:36:00,1550.45,1550.46,1550.45,1550.46,0.0,4.09,6383.78,1
2025-10-14,2025-10-14 11:37:00,1550.46,1550.47,1550.46,1550.47,0.0,4.09,6383.78,1
2025-10-14,2025-10-14 11:38:00,1550.47,1550.49,1550.47,1550.49,0.0,4.09,6383.78,1
2025-10-14,2025-10-14 11:39:00,1550.49,1550.5,1550.49,1550.5,0.0,4.09,6383.78,1
2025-10-14,2025-10-14 11:40:00,1550.5,1550.51,1550.5,1550.51,0.0,4.09,6383.78,1
2025-10-14,2025-10-14 11:41:00,1550.51,1550.53,1550.51,1550.53,0.0,4.09,6383.78,1
2025-10-14,2025-10-14 11:42:00,1550.53,1550.54,1550.53,1550.54,0.0,4.09,6383.78,1
2025-10-14,2025-10-14 11:43:00,1550.54,1550.55,1550.54,1550.55,0.0,4.09,6383.78,1
2025-10-14,2025-10-14 11:44:00,1550.55,1550.56,1550.55,1550.56,0.0,4.09,6383.78,1
2025-10-14,2025-10-14 11:45:00,1550.56,1550.58,1550.56,1550.58,0.0,4.09,6383.78,1
2025-10-14,2025-10-14 11:46:00,1550.58,1550.59,1550.58,1550.59,0.0,4.09,6383.78,1
2025-10-14,2025-10-14 11:47:00,1550.59,1550.6,1550.59,1550.6,0.0,4.09,6383.78,1
2025-10-14,2025-10-14 11:48:00,1550.6,1550.61,1550.6,1550.61,0.0,4.09,6383.78,1
2025-10-14,2025-10-14 11:49:00,1550.61,1550.62,1550.61,1550.62,0.0,4.09,6383.78,1
2025-10-14,2025-10-14 11:50:00,1550.62,1550.64,1550.62,1550.64,0.0,4.09,6383.78,1
2025-10-14,2025-10-14 11:51:00,1550.64,1550.65,1550.64,1550.65,0.0,4.09,6383.78,1
2025-10-14,2025-10-14 11:52:00,1550.65,1550.66,1550.65,1550.66,0.0,4.09,6383.78,1
2025-10-14,2025-10-14 11:53:00,1550.66,1550.67,1550.66,1550.67,0.0,4.09,6383.78,1
2025-10-14,2025-10-14 11:54:00,1550.67,1550.69,1550.67,1550.69,0.0,4.09,6383.78,1
2025-10-14,2025-10-14 11:55:00,1550.69,1550.7,1550.69,1550.7,0.0,4.09,6383.78,1
2025-10-14,2025-10-14 11:56:00,1550.7,1550.71,1550.7,1550.71,0.0,4.09,6383.78,1
2025-10-14,2025-10-14 11:57:00,1550.71,1550.72,1550.71,1550.72,0.0,4.09,6383.78,1
2025-10-14,2025-10-14 11:58:00,1550.72,1550.74,1550.72,1550.74,0.0,4.09,6383.78,1
2025-10-14,2025-10-14 11:59:00,1550.74,1550.75,1550.74,1550.75,0.0,4.09,6383.78,1
2025-10-14,2025-10-14 12:00:00,1550.75,1550.76,1550.75,1550.76,0.0,4.09,6383.78,1
2025-10-14,2025-10-14 12:01:00,1550.76,1550.78,1550.76,1550.78,0.0,4.09,6383.78,1
2025-10-14,2025-10-14 12:02:00,1550.78,1550.79,1550.78,1550.79,0.0,4.09,6383.78,1
2025-10-14,2025-10-14 12:03:00,1550.79,1550.8,1550.79,1550.8,0.0,4.09,6383.78,1
2025-10-14,2025-10-14 12:04:00,1550.8,1550.81,1550.8,1550.81,0.0,4.09,6383.78,1
2025-10-14,2025-10-14 12:05:00,1550.81,1550.83,1550.81,1550.83,0.0,4.09,6383.78,1
2025-10-14,2025-10-14 12:06:00,1550.83,1550.84,1550.83,1550.84,0.0,4.09,6383.78,1
2025-10-14,2025-10-14 12:07:00,1550.84,1550.85,1550.84,1550.85,0.0,4.09,6383.78,1
2025-10-14,2025-10-14 12:08:00,1550.85,1550.86,1550.85,1550.86,0.0,4.09,6383.78,1
2025-10-14,2025-10-14 12:09:00,1550.86,1550.88,1550.86,1550.88,0.0,4.09,6383.78,1
2025-10-14,2025-10-14 12:10:00,1550.88,1550.89,1550.88,1550.89,0.0,4.09,6383.78,1
2025-10-14,2025-10-14 12:11:00,1550.89,1550.9,1550.89,1550.9,0.0,4.09,6383.78,1
2025-10-14,2025-10-14 12:12:00,1550.9,1550.91,1550.9,1550.91,0.0,4.09,6383.78,1
2025-10-14,2025-10-14 12:13:00,1550.91,1550.92,1550.91,1550.92,0.0,4.09,6383.78,1
2025-10-14,2025-10-14 12:14:00,1550.92,1550.94,1550.92,1550.94,0.0,4.09,6383.78,1
2025-10-14,2025-10-14 12:15:00,1550.94,1550.95,1550.94,1550.95,0.0,4.09,6383.78,1
2025-10-14,2025-10-14 12:16:00,1550.95,1550.96,1550.95,1550.96,0.0,4.09,6383.78,1
2025-10-14,2025-10-14 12:17:00,1550.96,1550.97,1550.96,1550.97,0.0,4.09,6383.78,1
2025-10-14,2025-10-14 12:18:00,1550.97,1550.99,1550.97,1550.99,0.0,4.09,6383.78,1
2025-10-14,2025-10-14 12:19:00,1550.99,1551.0,1550.99,1551.0,0.0,4.09,6383.78,1
2025-10-14,2025-10-14 12:20:00,1551.0,1551.01,1551.0,1551.01,0.0,4.09,6383.78,1
2025-10-14,2025-10-14 12:21:00,1551.01,1551.03,1551.01,1551.03,0.0,4.09,6383.78,1
2025-10-14,2025-10-14 12:22:00,1551.03,1551.04,1551.03,1551.04,0.0,4.09,6383.78,1
2025-10-14,2025-10-14 12:23:00,1551.04,1551.05,1551.04,1551.05,0.0,4.09,6383.78,1
2025-10-14,2025-10-14 12:24:00,1551.05,1551.06,1551.05,1551.06,0.0,4.09,6383.78,1
2025-10-14,2025-10-14 12:25:00,1551.06,1551.08,1551.06,1551.08,0.0,4.09,6383.78,1
2025-10-14,2025-10-14 12:26:00,1551.08,1551.09,1551.08,1551.09,0.0,4.09,6383.78,1
2025-10-14,2025-10-14 12:27:00,1551.09,1551.1,1551.09,1551.1,0.0,4.09,6383.78,1
2025-10-14,2025-10-14 12:28:00,1551.1,1551.11,1551.1,1551.11,0.0,4.09,6383.78,1
2025-10-14,2025-10-14 12:29:00,1551.11,1551.12,1551.11,1551.12,0.0,4.09,6383.78,1
2025-10-14,2025-10-14 12:30:00,1551.12,1551.14,1551.12,1551.14,0.0,4.09,6383.78,1
2025-10-14,2025-10-14 12:31:00,1551.14,1551.15,1551.14,1551.15,0.0,4.09,6383.78,1
2025-10-14,2025-10-14 12:32:00,1551.15,1551.16,1551.15,1551.16,0.0,4.09,6383.78,1
2025-10-14,2025-10-14 12:33:00,1551.16,1551.17,1551.16,1551.17,0.0,4.09,6383.78,1
2025-10-14,2025-10-14 12:34:00,1551.17,1551.19,1551.17,1551.19,0.0,4.09,6383.78,1
2025-10-14,2025-10-14 12:35:00,1551.19,1551.2,1551.19,1551.2,0.0,4.09,6383.78,1
2025-10-14,2025-10-14 12:36:00,1551.2,1551.21,1551.2,1551.21,0.0,4.09,6383.78,1
2025-10-14,2025-10-14 12:37:00,1551.21,1551.22,1551.21,1551.22,0.0,4.09,6383.78,1
2025-10-14,2025-10-14 12:38:00,1551.22,1551.24,1551.22,1551.24,0.0,4.09,6383.78,1
2025-10-14,2025-10-14 12:39:00,1551.24,1551.25,1551.24,1551.25,0.0,4.09,6383.78,1
2025-10-14,2025-10-14 12:40:00,1551.25,1551.26,1551.25,1551.26,0.0,4.09,6383.78,1
2025-10-14,2025-10-14 12:41:00,1551.26,1551.28,1551.26,1551.28,0.0,4.09,6383.78,1
2025-10-14,2025-10-14 12:42:00,1551.28,1551.29,1551.28,1551.29,0.0,4.09,6383.78,1
2025-10-14,2025-10-14 12:43:00,1551.29,1551.3,1551.29,1551.3,0.0,4.09,6383.78,1
2025-10-14,2025-10-14 12:44:00,1551.3,1551.31,1551.3,1551.31,0.0,4.09,6383.78,1
2025-10-14,2025-10-14 12:45:00,1551.31,1551.33,1551.31,1551.33,0.0,4.09,6383.78,1
2025-10-14,2025-10-14 12:46:00,1551.33,1551.34,1551.33,1551.34,0.0,4.09,6383.78,1
2025-10-14,2025-10-14 12:47:00,1551.34,1551.35,1551.34,1551.35,0.0,4.09,6383.78,1
2025-10-14,2025-10-14 12:48:00,1551.35,1551.36,1551.35,1551.36,0.0,4.09,6383.78,1
2025-10-14,2025-10-14 12:49:00,1551.36,1551.38,1551.36,1551.38,0.0,4.09,6383.78,1
2025-10-14,2025-10-14 12:50:00,1551.38,1551.39,1551.38,1551.39,0.0,4.09,6383.78,1
2025-10-14,2025-10-14 12:51:00,1551.39,1551.4,1551.39,1551.4,0.0,4.09,6383.78,1
2025-10-14,2025-10-14 12:52:00,1551.4,1551.41,1551.4,1551.41,0.0,4.09,6383.78,1
2025-10-14,2025-10-14 12:53:00,1551.41,1551.42,1551.41,1551.42,0.0,4.09,6383.78,1
2025-10-14,2025-10-14 12:54:00,1551.42,1551.44,1551.42,1551.44,0.0,4.09,6383.78,1
2025-10-14,2025-10-14 12:55:00,1551.44,1551.45,1551.44,1551.45,0.0,4.09,6383.78,1
2025-10-14,2025-10-14 12:56:00,1551.45,1551.46,1551.45,1551.46,0.0,4.09,6383.78,1
2025-10-14,2025-10-14 12:57:00,1551.46,1551.47,1551.46,1551.47,0.0,4.09,6383.78,1
2025-10-14,2025-10-14 12:58:00,1551.47,1551.49,1551.47,1551.49,0.0,4.09,6383.78,1
2025-10-14,2025-10-14 12:59:00,1551.49,1551.5,1551.49,1551.5,0.0,4.09,6383.78,1
2025-10-14,2025-10-14 13:00:00,1551.5,1581.0,1550.0,1551.51,0.0,4.09,6383.78,1
2025-10-14,2025-10-14 13:01:00,1551.51,1551.53,1551.51,1551.53,0.0,4.09,6383.78,1
2025-10-14,2025-10-14 13:02:00,1551.53,1551.54,1551.53,1551.54,0.0,4.09,6383.78,1
2025-10-14,2025-10-14 13:03:00,1551.54,1551.55,1551.54,1551.55,0.0,4.09,6383.78,1
2025-10-14,2025-10-14 13:04:00,1551.55,1551.56,1551.55,1551.56,0.0,4.09,6383.78,1
2025-10-14,2025-10-14 13:05:00,1551.56,1551.58,1551.56,1551.58,0.0,4.09,6383.78,1
2025-10-14,2025-10-14 13:06:00,1551.58,1551.59,1551.58,1551.59,0.0,4.09,6383.78,1
2025-10-14,2025-10-14 13:07:00,1551.59,1551.6,1551.59,1551.6,0.0,4.09,6383.78,1
2025-10-14,2025-10-14 13:08:00,1551.6,1551.61,1551.6,1551.61,0.0,4.09,6383.78,1
2025-10-14,2025-10-14 13:09:00,1551.61,1551.62,1551.61,1551.62,0.0,4.09,6383.78,1
2025-10-14,2025-10-14 13:10:00,1551.62,1551.64,1551.62,1551.64,0.0,4.09,6383.78,1
2025-10-14,2025-10-14 13:11:00,1551.64,1551.65,1551.64,1551.65,0.0,4.09,6383.78,1
2025-10-14,2025-10-14 13:12:00,1551.65,1551.66,1551.65,1551.66,0.0,4.09,6383.78,1
2025-10-14,2025-10-14 13:13:00,1551.66,1551.67,1551.66,1551.67,0.0,4.09,6383.78,1
2025-10-14,2025-10-14 13:14:00,1551.67,1551.69,1551.67,1551.69,0.0,4.09,6383.78,1
2025-10-14,2025-10-14 13:15:00,1551.69,1551.7,1551.69,1551.7,0.0,4.09,6383.78,1
2025-10-14,2025-10-14 13:16:00,1551.7,1551.71,1551.7,1551.71,0.0,4.09,6383.78,1
2025-10-14,2025-10-14 13:17:00,1551.71,1551.72,1551.71,1551.72,0.0,4.09,6383.78,1
2025-10-14,2025-10-14 13:18:00,1551.72,1551.74,1551.72,1551.74,0.0,4.09,6383.78,1
2025-10-14,2025-10-14 13:19:00,1551.74,1551.75,1551.74,1551.75,0.0,4.09,6383.78,1
2025-10-14,2025-10-14 13:20:00,1551.75,1551.76,1551.75,1551.76,0.0,4.09,6383.78,1
2025-10-14,2025-10-14 13:21:00,1551.76,1551.78,1551.76,1551.78,0.0,4.09,6383.78,1
2025-10-14,2025-10-14 13:22:00,1551.78,1551.79,1551.78,1551.79,0.0,4.09,6383.78,1
2025-10-14,2025-10-14 13:23:00,1551.79,1551.8,1551.79,1551.8,0.0,4.09,6383.78,1
2025-10-14,2025-10-14 13:24:00,1551.8,1551.81,1551.8,1551.81,0.0,4.09,6383.78,1
2025-10-14,2025-10-14 13:25:00,1551.81,1551.83,1551.81,1551.83,0.0,4.09,6383.78,1
2025-10-14,2025-10-14 13:26:00,1551.83,1551.84,1551.83,1551.84,0.0,4.09,6383.78,1
2025-10-14,2025-10-14 13:27:00,1551.84,1551.85,1551.84,1551.85,0.0,4.09,6383.78,1
2025-10-14,2025-10-14 13:28:00,1551.85,1551.86,1551.85,1551.86,0.0,4.09,6383.78,1
2025-10-14,2025-10-14 13:29:00,1551.86,1551.88,1551.86,1551.88,0.0,4.09,6383.78,1
2025-10-14,2025-10-14 13:30:00,1551.88,1551.89,1551.88,1551.89,0.0,4.09,6383.78,1
2025-10-14,2025-10-14 13:31:00,1551.89,1551.9,1551.89,1551.9,0.0,4.09,6383.78,1
2025-10-14,2025-10-14 13:32:00,1551.9,1551.91,1551.9,1551.91,0.0,4.09,6383.78,1
2025-10-14,2025-10-14 13:33:00,1551.91,1551.92,1551.91,1551.92,0.0,4.09,6383.78,1
2025-10-14,2025-10-14 13:34:00,1551.92,1551.94,1551.92,1551.94,0.0,4.09,6383.78,1
2025-10-14,2025-10-14 13:35:00,1551.94,1551.95,1551.94,1551.95,0.0,4.09,6383.78,1
2025-10-14,2025-10-14 13:36:00,1551.95,1551.96,1551.95,1551.96,0.0,4.09,6383.78,1
2025-10-14,2025-10-14 13:37:00,1551.96,1551.97,1551.96,1551.97,0.0,4.09,6383.78,1
2025-10-14,2025-10-14 13:38:00,1551.97,1551.99,1551.97,1551.99,0.0,4.09,6383.78,1
2025-10-14,2025-10-14 13:39:00,1551.99,1552.0,1551.99,1552.0,0.0,4.09,6383.78,1
2025-10-14,2025-10-14 13:40:00,1552.0,1552.01,1552.0,1552.01,0.0,4.09,6383.78,1
2025-10-14,2025-10-14 13:41:00,1552.01,1552.03,1552.01,1552.03,0.0,4.09,6383.78,1
2025-10-14,2025-10-14 13:42:00,1552.03,1552.04,1552.03,1552.04,0.0,4.09,6383.78,1
2025-10-14,2025-10-14 13:43:00,1552.04,1552.05,1552.04,1552.05,0.0,4.09,6383.78,1
2025-10-14,2025-10-14 13:44:00,1552.05,1552.06,1552.05,1552.06,0.0,4.09,6383.78,1
2025-10-14,2025-10-14 13:45:00,1552.06,1552.08,1552.06,1552.08,0.0,4.09,6383.78,1
2025-10-14,2025-10-14 13:46:00,1552.08,1552.09,1552.08,1552.09,0.0,4.09,6383.78,1
2025-10-14,2025-10-14 13:47:00,1552.09,1552.1,1552.09,1552.1,0.0,4.09,6383.78,1
2025-10-14,2025-10-14 13:48:00,1552.1,1552.11,1552.1,1552.11,0.0,4.09,6383.78,1
2025-10-14,2025-10-14 13:49:00,1552.11,1552.12,1552.11,1552.12,0.0,4.09,6383.78,1
2025-10-14,2025-10-14 13:50:00,1552.12,1552.14,1552.12,1552.14,0.0,4.09,6383.78,1
2025-10-14,2025-10-14 13:51:00,1552.14,1552.15,1552.14,1552.15,0.0,4.09,6383.78,1
2025-10-14,2025-10-14 13:52:00,1552.15,1552.16,1552.15,1552.16,0.0,4.09,6383.78,1
2025-10-14,2025-10-14 13:53:00,1552.16,1552.17,1552.16,1552.17,0.0,4.09,6383.78,1
2025-10-14,2025-10-14 13:54:00,1552.17,1552.19,1552.17,1552.19,0.0,4.09,6383.78,1
2025-10-14,2025-10-14 13:55:00,1552.19,1552.2,1552.19,1552.2,0.0,4.09,6383.78,1
2025-10-14,2025-10-14 13:56:00,1552.2,1552.21,1552.2,1552.21,0.0,4.09,6383.78,1
2025-10-14,2025-10-14 13:57:00,1552.21,1552.22,1552.21,1552.22,0.0,4.09,6383.78,1
2025-10-14,2025-10-14 13:58:00,1552.22,1552.24,1552.22,1552.24,0.0,4.09,6383.78,1
2025-10-14,2025-10-14 13:59:00,1552.24,1552.25,1552.24,1552.25,0.0,4.09,6383.78,1
2025-10-14,2025-10-14 14:00:00,1552.25,1552.26,1552.25,1552.26,0.0,4.09,6383.78,1
2025-10-14,2025-10-14 14:01:00,1552.26,1552.28,1552.26,1552.28,0.0,4.09,6383.78,1
2025-10-14,2025-10-14 14:02:00,1552.28,1552.29,1552.28,1552.29,0.0,4.09,6383.78,1
2025-10-14,2025-10-14 14:03:00,1552.29,1552.3,1552.29,1552.3,0.0,4.09,6383.78,1
2025-10-14,2025-10-14 14:04:00,1552.3,1552.31,1552.3,1552.31,0.0,4.09,6383.78,1
2025-10-14,2025-10-14 14:05:00,1552.31,1552.33,1552.31,1552.33,0.0,4.09,6383.78,1
2025-10-14,2025-10-14 14:06:00,1552.33,1552.34,1552.33,1552.34,0.0,4.09,6383.78,1
2025-10-14,2025-10-14 14:07:00,1552.34,1552.35,1552.34,1552.35,0.0,4.09,6383.78,1
2025-10-14,2025-10-14 14:08:00,1552.35,1552.36,1552.35,1552.36,0.0,4.09,6383.78,1
2025-10-14,2025-10-14 14:09:00,1552.36,1552.38,1552.36,1552.38,0.0,4.09,6383.78,1
2025-10-14,2025-10-14 14:10:00,1552.38,1552.39,1552.38,1552.39,0.0,4.09,6383.78,1
2025-10-14,2025-10-14 14:11:00,1552.39,1552.4,1552.39,1552.4,0.0,4.09,6383.78,1
2025-10-14,2025-10-14 14:12:00,1552.4,1552.41,1552.4,1552.41,0.0,4.09,6383.78,1
2025-10-14,2025-10-14 14:13:00,1552.41,1552.42,1552.41,1552.42,0.0,4.09,6383.78,1
2025-10-14,2025-10-14 14:14:00,1552.42,1552.44,1552.42,1552.44,0.0,4.09,6383.78,1
2025-10-14,2025-10-14 14:15:00,1552.44,1552.45,1552.44,1552.45,0.0,4.09,6383.78,1
2025-10-14,2025-10-14 14:16:00,1552.45,1552.46,1552.45,1552.46,0.0,4.09,6383.78,1
2025-10-14,2025-10-14 14:17:00,1552.46,1552.47,1552.46,1552.47,0.0,4.09,6383.78,1
2025-10-14,2025-10-14 14:18:00,1552.47,1552.49,1552.47,1552.49,0.0,4.09,6383.78,1
2025-10-14,2025-10-14 14:19:00,1552.49,1552.5,1552.49,1552.5,0.0,4.09,6383.78,1
2025-10-14,2025-10-14 14:20:00,1552.5,1552.51,1552.5,1552.51,0.0,4.09,6383.78,1
2025-10-14,2025-10-14 14:21:00,1552.51,1552.53,1552.51,1552.53,0.0,4.09,6383.78,1
2025-10-14,2025-10-14 14:22:00,1552.53,1552.54,1552.53,1552.54,0.0,4.09,6383.78,1
2025-10-14,2025-10-14 14:23:00,1552.54,1552.55,1552.54,1552.55,0.0,4.09,6383.78,1
2025-10-14,2025-10-14 14:24:00,1552.55,1552.56,1552.55,1552.56,0.0,4.09,6383.78,1
2025-10-14,2025-10-14 14:25:00,1552.56,1552.58,1552.56,1552.58,0.0,4.09,6383.78,1
2025-10-14,2025-10-14 14:26:00,1552.58,1552.59,1552.58,1552.59,0.0,4.09,6383.78,1
2025-10-14,2025-10-14 14:27:00,1552.59,1552.6,1552.59,1552.6,0.0,4.09,6383.78,1
2025-10-14,2025-10-14 14:28:00,1552.6,1552.61,1552.6,1552.61,0.0,4.09,6383.78,1
2025-10-14,2025-10-14 14:29:00,1552.61,1552.62,1552.61,1552.62,0.0,4.09,6383.78,1
2025-10-14,2025-10-14 14:30:00,1552.62,1552.64,1552.62,1552.64,0.0,4.09,6383.78,1
2025-10-14,2025-10-14 14:31:00,1552.64,1552.65,1552.64,1552.65,0.0,4.09,6383.78,1
2025-10-14,2025-10-14 14:32:00,1552.65,1552.66,1552.65,1552.66,0.0,4.09,6383.78,1
2025-10-14,2025-10-14 14:33:00,1552.66,1552.67,1552.66,1552.67,0.0,4.09,6383.78,1
2025-10-14,2025-10-14 14:34:00,1552.67,1552.69,1552.67,1552.69,0.0,4.09,6383.78,1
2025-10-14,2025-10-14 14:35:00,1552.69,1552.7,1552.69,1552.7,0.0,4.09,6383.78,1
2025-10-14,2025-10-14 14:36:00,1552.7,1552.71,1552.7,1552.71,0.0,4.09,6383.78,1
2025-10-14,2025-10-14 14:37:00,1552.71,1552.72,1552.71,1552.72,0.0,4.09,6383.78,1
2025-10-14,2025-10-14 14:38:00,1552.72,1552.74,1552.72,1552.74,0.0,4.09,6383.78,1
2025-10-14,2025-10-14 14:39:00,1552.74,1552.75,1552.74,1552.75,0.0,4.09,6383.78,1
2025-10-14,2025-10-14 14:40:00,1552.75,1552.76,1552.75,1552.76,0.0,4.09,6383.78,1
2025-10-14,2025-10-14 14:41:00,1552.76,1552.78,1552.76,1552.78,0.0,4.09,6383.78,1
2025-10-14,2025-10-14 14:42:00,1552.78,1552.79,1552.78,1552.79,0.0,4.09,6383.78,1
2025-10-14,2025-10-14 14:43:00,1552.79,1552.8,1552.79,1552.8,0.0,4.09,6383.78,1
2025-10-14,2025-10-14 14:44:00,1552.8,1552.81,1552.8,1552.81,0.0,4.09,6383.78,1
2025-10-14,2025-10-14 14:45:00,1552.81,1552.83,1552.81,1552.83,0.0,4.09,6383.78,1
2025-10-14,2025-10-14 14:46:00,1552.83,1552.84,1552.83,1552.84,0.0,4.09,6383.78,1
2025-10-14,2025-10-14 14:47:00,1552.84,1552.85,1552.84,1552.85,0.0,4.09,6383.78,1
2025-10-14,2025-10-14 14:48:00,1552.85,1552.86,1552.85,1552.86,0.0,4.09,6383.78,1
2025-10-14,2025-10-14 14:49:00,1552.86,1552.88,1552.86,1552.88,0.0,4.09,6383.78,1
2025-10-14,2025-10-14 14:50:00,1552.88,1552.89,1552.88,1552.89,0.0,4.09,6383.78,1
2025-10-14,2025-10-14 14:51:00,1552.89,1552.9,1552.89,1552.9,0.0,4.09,6383.78,1
2025-10-14,2025-10-14 14:52:00,1552.9,1552.91,1552.9,1552.91,0.0,4.09,6383.78,1
2025-10-14,2025-10-14 14:53:00,1552.91,1552.92,1552.91,1552.92,0.0,4.09,6383.78,1
2025-10-14,2025-10-14 14:54:00,1552.92,1552.94,1552.92,1552.94,0.0,4.09,6383.78,1
2025-10-14,2025-10-14 14:55:00,1552.94,1552.95,1552.94,1552.95,0.0,4.09,6383.78,1
2025-10-14,2025-10-14 14:56:00,1552.95,1552.96,1552.95,1552.96,0.0,4.09,6383.78,1
2025-10-14,2025-10-14 14:57:00,1552.96,1552.97,1552.96,1552.97,0.0,4.09,6383.78,1
2025-10-14,2025-10-14 14:58:00,1552.97,1552.99,1552.97,1552.99,0.0,4.09,6383.78,1
2025-10-14,2025-10-14 14:59:00,1552.99,1553.0,1552.99,1553.0,0.0,4.09,6383.78,1
2025-10-14,2025-10-14 15:00:00,1553.0,1581.0,1550.0,1553.0,0.0,4.09,6383.78,0
2025-10-15,2025-10-15 11:00:00,1583.0,1583.0,1558.13,1582.7,-0.02,11.68,17799.5,-1
2025-10-15,2025-10-15 11:01:00,1582.7,1582.7,1582.39,1582.39,-0.02,11.68,17799.5,-1
2025-10-15,2025-10-15 11:02:00,1582.39,1582.39,1582.09,1582.09,-0.02,11.68,17799.5,-1
2025-10-15,2025-10-15 11:03:00,1582.09,1582.09,1581.78,1581.78,-0.02,11.68,17799.5,-1
2025-10-15,2025-10-15 11:04:00,1581.78,1581.78,1581.48,1581.48,-0.02,11.68,17799.5,-1
2025-10-15,2025-10-15 11:05:00,1581.48,1581.48,1581.17,1581.17,-0.02,11.68,17799.5,-1
2025-10-15,2025-10-15 11:06:00,1581.17,1581.17,1580.87,1580.87,-0.02,11.68,17799.5,-1
2025-10-15,2025-10-15 11:07:00,1580.87,1580.87,1580.57,1580.57,-0.02,11.68,17799.5,-1
2025-10-15,2025-10-15 11:08:00,1580.57,1580.57,1580.26,1580.26,-0.02,11.68,17799.5,-1
2025-10-15,2025-10-15 11:09:00,1580.26,1580.26,1579.96,1579.96,-0.02,11.68,17799.5,-1
2025-10-15,2025-10-15 11:10:00,1579.96,1579.96,1579.65,1579.65,-0.02,11.68,17799.5,-1
2025-10-15,2025-10-15 11:11:00,1579.65,1579.65,1579.35,1579.35,-0.02,11.68,17799.5,-1
2025-10-15,2025-10-15 11:12:00,1579.35,1579.35,1579.05,1579.05,-0.02,11.68,17799.5,-1
2025-10-15,2025-10-15 11:13:00,1579.05,1579.05,1578.74,1578.74,-0.02,11.68,17799.5,-1
2025-10-15,2025-10-15 11:14:00,1578.74,1578.74,1578.44,1578.44,-0.02,11.68,17799.5,-1
2025-10-15,2025-10-15 11:15:00,1578.44,1578.44,1578.13,1578.13,-0.02,11.68,17799.5,-1
2025-10-15,2025-10-15 11:16:00,1578.13,1578.13,1577.83,1577.83,-0.02,11.68,17799.5,-1
2025-10-15,2025-10-15 11:17:00,1577.83,1577.83,1577.53,1577.53,-0.02,11.68,17799.5,-1
2025-10-15,2025-10-15 11:18:00,1577.53,1577.53,1577.22,1577.22,-0.02,11.68,17799.5,-1
2025-10-15,2025-10-15 11:19:00,1577.22,1577.22,1576.92,1576.92,-0.02,11.68,17799.5,-1
2025-10-15,2025-10-15 11:20:00,1576.92,1576.92,1576.61,1576.61,-0.02,11.68,17799.5,-1
2025-10-15,2025-10-15 11:21:00,1576.61,1576.61,1576.31,1576.31,-0.02,11.68,17799.5,-1
2025-10-15,2025-10-15 11:22:00,1576.31,1576.31,1576.0,1576.0,-0.02,11.68,17799.5,-1
2025-10-15,2025-10-15 11:23:00,1576.0,1576.0,1575.7,1575.7,-0.02,11.68,17799.5,-1
2025-10-15,2025-10-15 11:24:00,1575.7,1575.7,1575.4,1575.4,-0.02,11.68,17799.5,-1
2025-10-15,2025-10-15 11:25:00,1575.4,1575.4,1575.09,1575.09,-0.02,11.68,17799.5,-1
2025-10-15,2025-10-15 11:26:00,1575.09,1575.09,1574.79,1574.79,-0.02,11.68,17799.5,-1
2025-10-15,2025-10-15 11:27:00,1574.79,1574.79,1574.48,1574.48,-0.02,11.68,17799.5,-1
2025-10-15,2025-10-15 11:28:00,1574.48,1574.48,1574.18,1574.18,-0.02,11.68,17799.5,-1
2025-10-15,2025-10-15 11:29:00,1574.18,1574.18,1573.88,1573.88,-0.02,11.68,17799.5,-1
2025-10-15,2025-10-15 11:30:00,1573.88,1573.88,1573.57,1573.57,-0.02,11.68,17799.5,-1
2025-10-15,2025-10-15 11:31:00,1573.57,1573.57,1573.27,1573.27,-0.02,11.68,17799.5,-1
2025-10-15,2025-10-15 11:32:00,1573.27,1573.27,1572.96,1572.96,-0.02,11.68,17799.5,-1
2025-10-15,2025-10-15 11:33:00,1572.96,1572.96,1572.66,1572.66,-0.02,11.68,17799.5,-1
2025-10-15,2025-10-15 11:34:00,1572.66,1572.66,1572.35,1572.35,-0.02,11.68,17799.5,-1
2025-10-15,2025-10-15 11:35:00,1572.35,1572.35,1572.05,1572.05,-0.02,11.68,17799.5,-1
2025-10-15,2025-10-15 11:36:00,1572.05,1572.05,1571.75,1571.75,-0.02,11.68,17799.5,-1
2025-10-15,2025-10-15 11:37:00,1571.75,1571.75,1571.44,1571.44,-0.02,11.68,17799.5,-1
2025-10-15,2025-10-15 11:38:00,1571.44,1571.44,1571.14,1571.14,-0.02,11.68,17799.5,-1
2025-10-15,2025-10-15 11:39:00,1571.14,1571.14,1570.83,1570.83,-0.02,11.68,17799.5,-1
2025-10-15,2025-10-15 11:40:00,1570.83,1570.83,1570.53,1570.53,-0.02,11.68,17799.5,-1
2025-10-15,2025-10-15 11:41:00,1570.53,1570.53,1570.22,1570.22,-0.02,11.68,17799.5,-1
2025-10-15,2025-10-15 11:42:00,1570.22,1570.22,1569.92,1569.92,-0.02,11.68,17799.5,-1
2025-10-15,2025-10-15 11:43:00,1569.92,1569.92,1569.62,1569.62,-0.02,11.68,17799.5,-1
2025-10-15,2025-10-15 11:44:00,1569.62,1569.62,1569.31,1569.31,-0.02,11.68,17799.5,-1
2025-10-15,2025-10-15 11:45:00,1569.31,1569.31,1569.01,1569.01,-0.02,11.68,17799.5,-1
2025-10-15,2025-10-15 11:46:00,1569.01,1569.01,1568.7,1568.7,-0.02,11.68,17799.5,-1
2025-10-15,2025-10-15 11:47:00,1568.7,1568.7,1568.4,1568.4,-0.02,11.68,17799.5,-1
2025-10-15,2025-10-15 11:48:00,1568.4,1568.4,1568.1,1568.1,-0.02,11.68,17799.5,-1
2025-10-15,2025-10-15 11:49:00,1568.1,1568.1,1567.79,1567.79,-0.02,11.68,17799.5,-1
2025-10-15,2025-10-15 11:50:00,1567.79,1567.79,1567.49,1567.49,-0.02,11.68,17799.5,-1
2025-10-15,2025-10-15 11:51:00,1567.49,1567.49,1567.18,1567.18,-0.02,11.68,17799.5,-1
2025-10-15,2025-10-15 11:52:00,1567.18,1567.18,1566.88,1566.88,-0.02,11.68,17799.5,-1
2025-10-15,2025-10-15 11:53:00,1566.88,1566.88,1566.58,1566.58,-0.02,11.68,17799.5,-1
2025-10-15,2025-10-15 11:54:00,1566.58,1566.58,1566.27,1566.27,-0.02,11.68,17799.5,-1
2025-10-15,2025-10-15 11:55:00,1566.27,1566.27,1565.97,1565.97,-0.02,11.68,17799.5,-1
2025-10-15,2025-10-15 11:56:00,1565.97,1565.97,1565.66,1565.66,-0.02,11.68,17799.5,-1
2025-10-15,2025-10-15 11:57:00,1565.66,1565.66,1565.36,1565.36,-0.02,11.68,17799.5,-1
2025-10-15,2025-10-15 11:58:00,1565.36,1565.36,1565.05,1565.05,-0.02,11.68,17799.5,-1
2025-10-15,2025-10-15 11:59:00,1565.05,1565.05,1564.75,1564.75,-0.02,11.68,17799.5,-1
2025-10-15,2025-10-15 12:00:00,1564.75,1564.75,1564.45,1564.45,-0.02,11.68,17799.5,-1
2025-10-15,2025-10-15 12:01:00,1564.45,1564.45,1564.14,1564.14,-0.02,11.68,17799.5,-1
2025-10-15,2025-10-15 12:02:00,1564.14,1564.14,1563.84,1563.84,-0.02,11.68,17799.5,-1
2025-10-15,2025-10-15 12:03:00,1563.84,1563.84,1563.53,1563.53,-0.02,11.68,17799.5,-1
2025-10-15,2025-10-15 12:04:00,1563.53,1563.53,1563.23,1563.23,-0.02,11.68,17799.5,-1
2025-10-15,2025-10-15 12:05:00,1563.23,1563.23,1562.92,1562.92,-0.02,11.68,17799.5,-1
2025-10-15,2025-10-15 12:06:00,1562.92,1562.92,1562.62,1562.62,-0.02,11.68,17799.5,-1
2025-10-15,2025-10-15 12:07:00,1562.62,1562.62,1562.32,1562.32,-0.02,11.68,17799.5,-1
2025-10-15,2025-10-15 12:08:00,1562.32,1562.32,1562.01,1562.01,-0.02,11.68,17799.5,-1
2025-10-15,2025-10-15 12:09:00,1562.01,1562.01,1561.71,1561.71,-0.02,11.68,17799.5,-1
2025-10-15,2025-10-15 12:10:00,1561.71,1561.71,1561.4,1561.4,-0.02,11.68,17799.5,-1
2025-10-15,2025-10-15 12:11:00,1561.4,1561.4,1561.1,1561.1,-0.02,11.68,17799.5,-1
2025-10-15,2025-10-15 12:12:00,1561.1,1561.1,1560.8,1560.8,-0.02,11.68,17799.5,-1
2025-10-15,2025-10-15 12:13:00,1560.8,1560.8,1560.49,1560.49,-0.02,11.68,17799.5,-1
2025-10-15,2025-10-15 12:14:00,1560.49,1560.49,1560.19,1560.19,-0.02,11.68,17799.5,-1
2025-10-15,2025-10-15 12:15:00,1560.19,1560.19,1559.88,1559.88,-0.02,11.68,17799.5,-1
2025-10-15,2025-10-15 12:16:00,1559.88,1559.88,1559.58,1559.58,-0.02,11.68,17799.5,-1
2025-10-15,2025-10-15 12:17:00,1559.58,1559.58,1559.28,1559.28,-0.02,11.68,17799.5,-1
2025-10-15,2025-10-15 12:18:00,1559.28,1559.28,1558.97,1558.97,-0.02,11.68,17799.5,-1
2025-10-15,2025-10-15 12:19:00,1558.97,1558.97,1558.67,1558.67,-0.02,11.68,17799.5,-1
2025-10-15,2025-10-15 12:20:00,1558.67,1558.67,1558.36,1558.36,-0.02,11.68,17799.5,-1
2025-10-15,2025-10-15 12:21:00,1558.36,1558.36,1558.06,1558.06,-0.02,11.68,17799.5,-1
2025-10-15,2025-10-15 12:22:00,1558.06,1558.06,1557.75,1557.75,-0.02,11.68,17799.5,-1
2025-10-15,2025-10-15 12:23:00,1557.75,1557.75,1557.45,1557.45,-0.02,11.68,17799.5,-1
2025-10-15,2025-10-15 12:24:00,1557.45,1557.45,1557.15,1557.15,-0.02,11.68,17799.5,-1
2025-10-15,2025-10-15 12:25:00,1557.15,1557.15,1556.84,1556.84,-0.02,11.68,17799.5,-1
2025-10-15,2025-10-15 12:26:00,1556.84,1556.84,1556.54,1556.54,-0.02,11.68,17799.5,-1
2025-10-15,2025-10-15 12:27:00,1556.54,1556.54,1556.23,1556.23,-0.02,11.68,17799.5,-1
2025-10-15,2025-10-15 12:28:00,1556.23,1556.23,1555.93,1555.93,-0.02,11.68,17799.5,-1
2025-10-15,2025-10-15 12:29:00,1555.93,1555.93,1555.62,1555.62,-0.02,11.68,17799.5,-1
2025-10-15,2025-10-15 12:30:00,1555.62,1555.62,1555.32,1555.32,-0.02,11.68,17799.5,-1
2025-10-15,2025-10-15 12:31:00,1555.32,1555.32,1555.02,1555.02,-0.02,11.68,17799.5,-1
2025-10-15,2025-10-15 12:32:00,1555.02,1555.02,1554.71,1554.71,-0.02,11.68,17799.5,-1
2025-10-15,2025-10-15 12:33:00,1554.71,1554.71,1554.41,1554.41,-0.02,11.68,17799.5,-1
2025-10-15,2025-10-15 12:34:00,1554.41,1554.41,1554.1,1554.1,-0.02,11.68,17799.5,-1
2025-10-15,2025-10-15 12:35:00,1554.1,1554.1,1553.8,1553.8,-0.02,11.68,17799.5,-1
2025-10-15,2025-10-15 12:36:00,1553.8,1553.8,1553.5,1553.5,-0.02,11.68,17799.5,-1
2025-10-15,2025-10-15 12:37:00,1553.5,1553.5,1553.19,1553.19,-0.02,11.68,17799.5,-1
2025-10-15,2025-10-15 12:38:00,1553.19,1553.19,1552.89,1552.89,-0.02,11.68,17799.5,-1
2025-10-15,2025-10-15 12:39:00,1552.89,1552.89,1552.58,1552.58,-0.02,11.68,17799.5,-1
2025-10-15,2025-10-15 12:40:00,1552.58,1552.58,1552.28,1552.28,-0.02,11.68,17799.5,-1
2025-10-15,2025-10-15 12:41:00,1552.28,1552.28,1551.97,1551.97,-0.02,11.68,17799.5,-1
2025-10-15,2025-10-15 12:42:00,1551.97,1551.97,1551.67,1551.67,-0.02,11.68,17799.5,-1
2025-10-15,2025-10-15 12:43:00,1551.67,1551.67,1551.37,1551.37,-0.02,11.68,17799.5,-1
2025-10-15,2025-10-15 12:44:00,1551.37,1551.37,1551.06,1551.06,-0.02,11.68,17799.5,-1
2025-10-15,2025-10-15 12:45:00,1551.06,1551.06,1550.76,1550.76,-0.02,11.68,17799.5,-1
2025-10-15,2025-10-15 12:46:00,1550.76,1550.76,1550.45,1550.45,-0.02,11.68,17799.5,-1
2025-10-15,2025-10-15 12:47:00,1550.45,1550.45,1550.15,1550.15,-0.02,11.68,17799.5,-1
2025-10-15,2025-10-15 12:48:00,1550.15,1550.15,1549.85,1549.85,-0.02,11.68,17799.5,-1
2025-10-15,2025-10-15 12:49:00,1549.85,1549.85,1549.54,1549.54,-0.02,11.68,17799.5,-1
2025-10-15,2025-10-15 12:50:00,1549.54,1549.54,1549.24,1549.24,-0.02,11.68,17799.5,-1
2025-10-15,2025-10-15 12:51:00,1549.24,1549.24,1548.93,1548.93,-0.02,11.68,17799.5,-1
2025-10-15,2025-10-15 12:52:00,1548.93,1548.93,1548.63,1548.63,-0.02,11.68,17799.5,-1
2025-10-15,2025-10-15 12:53:00,1548.63,1548.63,1548.33,1548.33,-0.02,11.68,17799.5,-1
2025-10-15,2025-10-15 12:54:00,1548.33,1548.33,1548.02,1548.02,-0.02,11.68,17799.5,-1
2025-10-15,2025-10-15 12:55:00,1548.02,1548.02,1547.72,1547.72,-0.02,11.68,17799.5,-1
2025-10-15,2025-10-15 12:56:00,1547.72,1547.72,1547.41,1547.41,-0.02,11.68,17799.5,-1
2025-10-15,2025-10-15 12:57:00,1547.41,1547.41,1547.11,1547.11,-0.02,11.68,17799.5,-1
2025-10-15,2025-10-15 12:58:00,1547.11,1547.11,1546.8,1546.8,-0.02,11.68,17799.5,-1
2025-10-15,2025-10-15 12:59:00,1546.8,1546.8,1546.5,1546.5,-0.02,11.68,17799.5,-1
2025-10-15,2025-10-15 13:00:00,1546.5,1583.0,1500.1,1546.2,-0.02,11.68,17799.5,-1
2025-10-15,2025-10-15 13:01:00,1546.2,1546.2,1545.89,1545.89,-0.02,11.68,17799.5,-1
2025-10-15,2025-10-15 13:02:00,1545.89,1545.89,1545.59,1545.59,-0.02,11.68,17799.5,-1
2025-10-15,2025-10-15 13:03:00,1545.59,1545.59,1545.28,1545.28,-0.02,11.68,17799.5,-1
2025-10-15,2025-10-15 13:04:00,1545.28,1545.28,1544.98,1544.98,-0.02,11.68,17799.5,-1
2025-10-15,2025-10-15 13:05:00,1544.98,1544.98,1544.67,1544.67,-0.02,11.68,17799.5,-1
2025-10-15,2025-10-15 13:06:00,1544.67,1544.67,1544.37,1544.37,-0.02,11.68,17799.5,-1
2025-10-15,2025-10-15 13:07:00,1544.37,1544.37,1544.07,1544.07,-0.02,11.68,17799.5,-1
2025-10-15,2025-10-15 13:08:00,1544.07,1544.07,1543.76,1543.76,-0.02,11.68,17799.5,-1
2025-10-15,2025-10-15 13:09:00,1543.76,1543.76,1543.46,1543.46,-0.02,11.68,17799.5,-1
2025-10-15,2025-10-15 13:10:00,1543.46,1543.46,1543.15,1543.15,-0.02,11.68,17799.5,-1
2025-10-15,2025-10-15 13:11:00,1543.15,1543.15,1542.85,1542.85,-0.02,11.68,17799.5,-1
2025-10-15,2025-10-15 13:12:00,1542.85,1542.85,1542.55,1542.55,-0.02,11.68,17799.5,-1
2025-10-15,2025-10-15 13:13:00,1542.55,1542.55,1542.24,1542.24,-0.02,11.68,17799.5,-1
2025-10-15,2025-10-15 13:14:00,1542.24,1542.24,1541.94,1541.94,-0.02,11.68,17799.5,-1
2025-10-15,2025-10-15 13:15:00,1541.94,1541.94,1541.63,1541.63,-0.02,11.68,17799.5,-1
2025-10-15,2025-10-15 13:16:00,1541.63,1541.63,1541.33,1541.33,-0.02,11.68,17799.5,-1
2025-10-15,2025-10-15 13:17:00,1541.33,1541.33,1541.03,1541.03,-0.02,11.68,17799.5,-1
2025-10-15,2025-10-15 13:18:00,1541.03,1541.03,1540.72,1540.72,-0.02,11.68,17799.5,-1
2025-10-15,2025-10-15 13:19:00,1540.72,1540.72,1540.42,1540.42,-0.02,11.68,17799.5,-1
2025-10-15,2025-10-15 13:20:00,1540.42,1540.42,1540.11,1540.11,-0.02,11.68,17799.5,-1
2025-10-15,2025-10-15 13:21:00,1540.11,1540.11,1539.81,1539.81,-0.02,11.68,17799.5,-1
2025-10-15,2025-10-15 13:22:00,1539.81,1539.81,1539.5,1539.5,-0.02,11.68,17799.5,-1
2025-10-15,2025-10-15 13:23:00,1539.5,1539.5,1539.2,1539.2,-0.02,11.68,17799.5,-1
2025-10-15,2025-10-15 13:24:00,1539.2,1539.2,1538.9,1538.9,-0.02,11.68,17799.5,-1
2025-10-15,2025-10-15 13:25:00,1538.9,1538.9,1538.59,1538.59,-0.02,11.68,17799.5,-1
2025-10-15,2025-10-15 13:26:00,1538.59,1538.59,1538.29,1538.29,-0.02,11.68,17799.5,-1
2025-10-15,2025-10-15 13:27:00,1538.29,1538.29,1537.98,1537.98,-0.02,11.68,17799.5,-1
2025-10-15,2025-10-15 13:28:00,1537.98,1537.98,1537.68,1537.68,-0.02,11.68,17799.5,-1
2025-10-15,2025-10-15 13:29:00,1537.68,1537.68,1537.38,1537.38,-0.02,11.68,17799.5,-1
2025-10-15,2025-10-15 13:30:00,1537.38,1537.38,1537.07,1537.07,-0.02,11.68,17799.5,-1
2025-10-15,2025-10-15 13:31:00,1537.07,1537.07,1536.77,1536.77,-0.02,11.68,17799.5,-1
2025-10-15,2025-10-15 13:32:00,1536.77,1536.77,1536.46,1536.46,-0.02,11.68,17799.5,-1
2025-10-15,2025-10-15 13:33:00,1536.46,1536.46,1536.16,1536.16,-0.02,11.68,17799.5,-1
2025-10-15,2025-10-15 13:34:00,1536.16,1536.16,1535.85,1535.85,-0.02,11.68,17799.5,-1
2025-10-15,2025-10-15 13:35:00,1535.85,1535.85,1535.55,1535.55,-0.02,11.68,17799.5,-1
2025-10-15,2025-10-15 13:36:00,1535.55,1535.55,1535.25,1535.25,-0.02,11.68,17799.5,-1
2025-10-15,2025-10-15 13:37:00,1535.25,1535.25,1534.94,1534.94,-0.02,11.68,17799.5,-1
2025-10-15,2025-10-15 13:38:00,1534.94,1534.94,1534.64,1534.64,-0.02,11.68,17799.5,-1
2025-10-15,2025-10-15 13:39:00,1534.64,1534.64,1534.33,1534.33,-0.02,11.68,17799.5,-1
2025-10-15,2025-10-15 13:40:00,1534.33,1534.33,1534.03,1534.03,-0.02,11.68,17799.5,-1
2025-10-15,2025-10-15 13:41:00,1534.03,1534.03,1533.72,1533.72,-0.02,11.68,17799.5,-1
2025-10-15,2025-10-15 13:42:00,1533.72,1533.72,1533.42,1533.42,-0.02,11.68,17799.5,-1
2025-10-15,2025-10-15 13:43:00,1533.42,1533.42,1533.12,1533.12,-0.02,11.68,17799.5,-1
2025-10-15,2025-10-15 13:44:00,1533.12,1533.12,1532.81,1532.81,-0.02,11.68,17799.5,-1
2025-10-15,2025-10-15 13:45:00,1532.81,1532.81,1532.51,1532.51,-0.02,11.68,17799.5,-1
2025-10-15,2025-10-15 13:46:00,1532.51,1532.51,1532.2,1532.2,-0.02,11.68,17799.5,-1
2025-10-15,2025-10-15 13:47:00,1532.2,1532.2,1531.9,1531.9,-0.02,11.68,17799.5,-1
2025-10-15,2025-10-15 13:48:00,1531.9,1531.9,1531.6,1531.6,-0.02,11.68,17799.5,-1
2025-10-15,2025-10-15 13:49:00,1531.6,1531.6,1531.29,1531.29,-0.02,11.68,17799.5,-1
2025-10-15,2025-10-15 13:50:00,1531.29,1531.29,1530.99,1530.99,-0.02,11.68,17799.5,-1
2025-10-15,2025-10-15 13:51:00,1530.99,1530.99,1530.68,1530.68,-0.02,11.68,17799.5,-1
2025-10-15,2025-10-15 13:52:00,1530.68,1530.68,1530.38,1530.38,-0.02,11.68,17799.5,-1
2025-10-15,2025-10-15 13:53:00,1530.38,1530.38,1530.08,1530.08,-0.02,11.68,17799.5,-1
2025-10-15,2025-10-15 13:54:00,1530.08,1530.08,1529.77,1529.77,-0.02,11.68,17799.5,-1
2025-10-15,2025-10-15 13:55:00,1529.77,1529.77,1529.47,1529.47,-0.02,11.68,17799.5,-1
2025-10-15,2025-10-15 13:56:00,1529.47,1529.47,1529.16,1529.16,-0.02,11.68,17799.5,-1
2025-10-15,2025-10-15 13:57:00,1529.16,1529.16,1528.86,1528.86,-0.02,11.68,17799.5,-1
2025-10-15,2025-10-15 13:58:00,1528.86,1528.86,1528.55,1528.55,-0.02,11.68,17799.5,-1
2025-10-15,2025-10-15 13:59:00,1528.55,1528.55,1528.25,1528.25,-0.02,11.68,17799.5,-1
2025-10-15,2025-10-15 14:00:00,1528.25,1528.25,1527.95,1527.95,-0.02,11.68,17799.5,-1
2025-10-15,2025-10-15 14:01:00,1527.95,1527.95,1527.64,1527.64,-0.02,11.68,17799.5,-1
2025-10-15,2025-10-15 14:02:00,1527.64,1527.64,1527.34,1527.34,-0.02,11.68,17799.5,-1
2025-10-15,2025-10-15 14:03:00,1527.34,1527.34,1527.03,1527.03,-0.02,11.68,17799.5,-1
2025-10-15,2025-10-15 14:04:00,1527.03,1527.03,1526.73,1526.73,-0.02,11.68,17799.5,-1
2025-10-15,2025-10-15 14:05:00,1526.73,1526.73,1526.42,1526.42,-0.02,11.68,17799.5,-1
2025-10-15,2025-10-15 14:06:00,1526.42,1526.42,1526.12,1526.12,-0.02,11.68,17799.5,-1
2025-10-15,2025-10-15 14:07:00,1526.12,1526.12,1525.82,1525.82,-0.02,11.68,17799.5,-1
2025-10-15,2025-10-15 14:08:00,1525.82,1525.82,1525.51,1525.51,-0.02,11.68,17799.5,-1
2025-10-15,2025-10-15 14:09:00,1525.51,1525.51,1525.21,1525.21,-0.02,11.68,17799.5,-1
2025-10-15,2025-10-15 14:10:00,1525.21,1525.21,1524.9,1524.9,-0.02,11.68,17799.5,-1
2025-10-15,2025-10-15 14:11:00,1524.9,1524.9,1524.6,1524.6,-0.02,11.68,17799.5,-1
2025-10-15,2025-10-15 14:12:00,1524.6,1524.6,1524.3,1524.3,-0.02,11.68,17799.5,-1
2025-10-15,2025-10-15 14:13:00,1524.3,1524.3,1523.99,1523.99,-0.02,11.68,17799.5,-1
2025-10-15,2025-10-15 14:14:00,1523.99,1523.99,1523.69,1523.69,-0.02,11.68,17799.5,-1
2025-10-15,2025-10-15 14:15:00,1523.69,1523.69,1523.38,1523.38,-0.02,11.68,17799.5,-1
2025-10-15,2025-10-15 14:16:00,1523.38,1523.38,1523.08,1523.08,-0.02,11.68,17799.5,-1
2025-10-15,2025-10-15 14:17:00,1523.08,1523.08,1522.78,1522.78,-0.02,11.68,17799.5,-1
2025-10-15,2025-10-15 14:18:00,1522.78,1522.78,1522.47,1522.47,-0.02,11.68,17799.5,-1
2025-10-15,2025-10-15 14:19:00,1522.47,1522.47,1522.17,1522.17,-0.02,11.68,17799.5,-1
2025-10-15,2025-10-15 14:20:00,1522.17,1522.17,1521.86,1521.86,-0.02,11.68,17799.5,-1
2025-10-15,2025-10-15 14:21:00,1521.86,1521.86,1521.56,1521.56,-0.02,11.68,17799.5,-1
2025-10-15,2025-10-15 14:22:00,1521.56,1521.56,1521.25,1521.25,-0.02,11.68,17799.5,-1
2025-10-15,2025-10-15 14:23:00,1521.25,1521.25,1520.95,1520.95,-0.02,11.68,17799.5,-1
2025-10-15,2025-10-15 14:24:00,1520.95,1520.95,1520.65,1520.65,-0.02,11.68,17799.5,-1
2025-10-15,2025-10-15 14:25:00,1520.65,1520.65,1520.34,1520.34,-0.02,11.68,17799.5,-1
2025-10-15,2025-10-15 14:26:00,1520.34,1520.34,1520.04,1520.04,-0.02,11.68,17799.5,-1
2025-10-15,2025-10-15 14:27:00,1520.04,1520.04,1519.73,1519.73,-0.02,11.68,17799.5,-1
2025-10-15,2025-10-15 14:28:00,1519.73,1519.73,1519.43,1519.43,-0.02,11.68,17799.5,-1
2025-10-15,2025-10-15 14:29:00,1519.43,1519.43,1519.12,1519.12,-0.02,11.68,17799.5,-1
2025-10-15,2025-10-15 14:30:00,1519.12,1519.12,1518.82,1518.82,-0.02,11.68,17799.5,-1
2025-10-15,2025-10-15 14:31:00,1518.82,1518.82,1518.52,1518.52,-0.02,11.68,17799.5,-1
2025-10-15,2025-10-15 14:32:00,1518.52,1518.52,1518.21,1518.21,-0.02,11.68,17799.5,-1
2025-10-15,2025-10-15 14:33:00,1518.21,1518.21,1517.91,1517.91,-0.02,11.68,17799.5,-1
2025-10-15,2025-10-15 14:34:00,1517.91,1517.91,1517.6,1517.6,-0.02,11.68,17799.5,-1
2025-10-15,2025-10-15 14:35:00,1517.6,1517.6,1517.3,1517.3,-0.02,11.68,17799.5,-1
2025-10-15,2025-10-15 14:36:00,1517.3,1517.3,1517.0,1517.0,-0.02,11.68,17799.5,-1
2025-10-15,2025-10-15 14:37:00,1517.0,1517.0,1516.69,1516.69,-0.02,11.68,17799.5,-1
2025-10-15,2025-10-15 14:38:00,1516.69,1516.69,1516.39,1516.39,-0.02,11.68,17799.5,-1
2025-10-15,2025-10-15 14:39:00,1516.39,1516.39,1516.08,1516.08,-0.02,11.68,17799.5,-1
2025-10-15,2025-10-15 14:40:00,1516.08,1516.08,1515.78,1515.78,-0.02,11.68,17799.5,-1
2025-10-15,2025-10-15 14:41:00,1515.78,1515.78,1515.47,1515.47,-0.02,11.68,17799.5,-1
2025-10-15,2025-10-15 14:42:00,1515.47,1515.47,1515.17,1515.17,-0.02,11.68,17799.5,-1
2025-10-15,2025-10-15 14:43:00,1515.17,1515.17,1514.87,1514.87,-0.02,11.68,17799.5,-1
2025-10-15,2025-10-15 14:44:00,1514.87,1514.87,1514.56,1514.56,-0.02,11.68,17799.5,-1
2025-10-15,2025-10-15 14:45:00,1514.56,1514.56,1514.26,1514.26,-0.02,11.68,17799.5,-1
2025-10-15,2025-10-15 14:46:00,1514.26,1514.26,1513.95,1513.95,-0.02,11.68,17799.5,-1
2025-10-15,2025-10-15 14:47:00,1513.95,1513.95,1513.65,1513.65,-0.02,11.68,17799.5,-1
2025-10-15,2025-10-15 14:48:00,1513.65,1513.65,1513.35,1513.35,-0.02,11.68,17799.5,-1
2025-10-15,2025-10-15 14:49:00,1513.35,1513.35,1513.04,1513.04,-0.02,11.68,17799.5,-1
2025-10-15,2025-10-15 14:50:00,1513.04,1513.04,1512.74,1512.74,-0.02,11.68,17799.5,-1
2025-10-15,2025-10-15 14:51:00,1512.74,1512.74,1512.43,1512.43,-0.02,11.68,17799.5,-1
2025-10-15,2025-10-15 14:52:00,1512.43,1512.43,1512.13,1512.13,-0.02,11.68,17799.5,-1
2025-10-15,2025-10-15 14:53:00,1512.13,1512.13,1511.83,1511.83,-0.02,11.68,17799.5,-1
2025-10-15,2025-10-15 14:54:00,1511.83,1511.83,1511.52,1511.52,-0.02,11.68,17799.5,-1
2025-10-15,2025-10-15 14:55:00,1511.52,1511.52,1511.22,1511.22,-0.02,11.68,17799.5,-1
2025-10-15,2025-10-15 14:56:00,1511.22,1511.22,1510.91,1510.91,-0.02,11.68,17799.5,-1
2025-10-15,2025-10-15 14:57:00,1510.91,1510.91,1510.61,1510.61,-0.02,11.68,17799.5,-1
2025-10-15,2025-10-15 14:58:00,1510.61,1510.61,1510.3,1510.3,-0.02,11.68,17799.5,-1
2025-10-15,2025-10-15 14:59:00,1510.3,1510.3,1510.0,1510.0,-0.02,11.68,17799.5,-1
2025-10-15,2025-10-15 15:00:00,1510.0,1583.0,1500.1,1510.0,0.0,11.68,17799.5,0
2025-10-16,2025-10-16 11:00:00,1520.0,1529.0,1515.53,1519.94,-0.0,5.03,7614.08,-1
2025-10-16,2025-10-16 11:01:00,1519.94,1519.94,1519.89,1519.89,-0.0,5.03,7614.08,-1
2025-10-16,2025-10-16 11:02:00,1519.89,1519.89,1519.83,1519.83,-0.0,5.03,7614.08,-1
2025-10-16,2025-10-16 11:03:00,1519.83,1519.83,1519.78,1519.78,-0.0,5.03,7614.08,-1
2025-10-16,2025-10-16 11:04:00,1519.78,1519.78,1519.72,1519.72,-0.0,5.03,7614.08,-1
2025-10-16,2025-10-16 11:05:00,1519.72,1519.72,1519.66,1519.66,-0.0,5.03,7614.08,-1
2025-10-16,2025-10-16 11:06:00,1519.66,1519.66,1519.61,1519.61,-0.0,5.03,7614.08,-1
2025-10-16,2025-10-16 11:07:00,1519.61,1519.61,1519.55,1519.55,-0.0,5.03,7614.08,-1
2025-10-16,2025-10-16 11:08:00,1519.55,1519.55,1519.49,1519.49,-0.0,5.03,7614.08,-1
2025-10-16,2025-10-16 11:09:00,1519.49,1519.49,1519.44,1519.44,-0.0,5.03,7614.08,-1
2025-10-16,2025-10-16 11:10:00,1519.44,1519.44,1519.38,1519.38,-0.0,5.03,7614.08,-1
2025-10-16,2025-10-16 11:11:00,1519.38,1519.38,1519.33,1519.33,-0.0,5.03,7614.08,-1
2025-10-16,2025-10-16 11:12:00,1519.33,1519.33,1519.27,1519.27,-0.0,5.03,7614.08,-1
2025-10-16,2025-10-16 11:13:00,1519.27,1519.27,1519.21,1519.21,-0.0,5.03,7614.08,-1
2025-10-16,2025-10-16 11:14:00,1519.21,1519.21,1519.16,1519.16,-0.0,5.03,7614.08,-1
2025-10-16,2025-10-16 11:15:00,1519.16,1519.16,1519.1,1519.1,-0.0,5.03,7614.08,-1
2025-10-16,2025-10-16 11:16:00,1519.1,1519.1,1519.04,1519.04,-0.0,5.03,7614.08,-1
2025-10-16,2025-10-16 11:17:00,1519.04,1519.04,1518.99,1518.99,-0.0,5.03,7614.08,-1
2025-10-16,2025-10-16 11:18:00,1518.99,1518.99,1518.93,1518.93,-0.0,5.03,7614.08,-1
2025-10-16,2025-10-16 11:19:00,1518.93,1518.93,1518.88,1518.88,-0.0,5.03,7614.08,-1
2025-10-16,2025-10-16 11:20:00,1518.88,1518.88,1518.82,1518.82,-0.0,5.03,7614.08,-1
2025-10-16,2025-10-16 11:21:00,1518.82,1518.82,1518.76,1518.76,-0.0,5.03,7614.08,-1
2025-10-16,2025-10-16 11:22:00,1518.76,1518.76,1518.71,1518.71,-0.0,5.03,7614.08,-1
2025-10-16,2025-10-16 11:23:00,1518.71,1518.71,1518.65,1518.65,-0.0,5.03,7614.08,-1
2025-10-16,2025-10-16 11:24:00,1518.65,1518.65,1518.59,1518.59,-0.0,5.03,7614.08,-1
2025-10-16,2025-10-16 11:25:00,1518.59,1518.59,1518.54,1518.54,-0.0,5.03,7614.08,-1
2025-10-16,2025-10-16 11:26:00,1518.54,1518.54,1518.48,1518.48,-0.0,5.03,7614.08,-1
2025-10-16,2025-10-16 11:27:00,1518.48,1518.48,1518.42,1518.42,-0.0,5.03,7614.08,-1
2025-10-16,2025-10-16 11:28:00,1518.42,1518.42,1518.37,1518.37,-0.0,5.03,7614.08,-1
2025-10-16,2025-10-16 11:29:00,1518.37,1518.37,1518.31,1518.31,-0.0,5.03,7614.08,-1
2025-10-16,2025-10-16 11:30:00,1518.31,1518.31,1518.26,1518.26,-0.0,5.03,7614.08,-1
2025-10-16,2025-10-16 11:31:00,1518.26,1518.26,1518.2,1518.2,-0.0,5.03,7614.08,-1
2025-10-16,2025-10-16 11:32:00,1518.2,1518.2,1518.14,1518.14,-0.0,5.03,7614.08,-1
2025-10-16,2025-10-16 11:33:00,1518.14,1518.14,1518.09,1518.09,-0.0,5.03,7614.08,-1
2025-10-16,2025-10-16 11:34:00,1518.09,1518.09,1518.03,1518.03,-0.0,5.03,7614.08,-1
2025-10-16,2025-10-16 11:35:00,1518.03,1518.03,1517.97,1517.97,-0.0,5.03,7614.08,-1
2025-10-16,2025-10-16 11:36:00,1517.97,1517.97,1517.92,1517.92,-0.0,5.03,7614.08,-1
2025-10-16,2025-10-16 11:37:00,1517.92,1517.92,1517.86,1517.86,-0.0,5.03,7614.08,-1
2025-10-16,2025-10-16 11:38:00,1517.86,1517.86,1517.81,1517.81,-0.0,5.03,7614.08,-1
2025-10-16,2025-10-16 11:39:00,1517.81,1517.81,1517.75,1517.75,-0.0,5.03,7614.08,-1
2025-10-16,2025-10-16 11:40:00,1517.75,1517.75,1517.69,1517.69,-0.0,5.03,7614.08,-1
2025-10-16,2025-10-16 11:41:00,1517.69,1517.69,1517.64,1517.64,-0.0,5.03,7614.08,-1
2025-10-16,2025-10-16 11:42:00,1517.64,1517.64,1517.58,1517.58,-0.0,5.03,7614.08,-1
2025-10-16,2025-10-16 11:43:00,1517.58,1517.58,1517.53,1517.53,-0.0,5.03,7614.08,-1
2025-10-16,2025-10-16 11:44:00,1517.53,1517.53,1517.47,1517.47,-0.0,5.03,7614.08,-1
2025-10-16,2025-10-16 11:45:00,1517.47,1517.47,1517.41,1517.41,-0.0,5.03,7614.08,-1
2025-10-16,2025-10-16 11:46:00,1517.41,1517.41,1517.36,1517.36,-0.0,5.03,7614.08,-1
2025-10-16,2025-10-16 11:47:00,1517.36,1517.36,1517.3,1517.3,-0.0,5.03,7614.08,-1
2025-10-16,2025-10-16 11:48:00,1517.3,1517.3,1517.24,1517.24,-0.0,5.03,7614.08,-1
2025-10-16,2025-10-16 11:49:00,1517.24,1517.24,1517.19,1517.19,-0.0,5.03,7614.08,-1
2025-10-16,2025-10-16 11:50:00,1517.19,1517.19,1517.13,1517.13,-0.0,5.03,7614.08,-1
2025-10-16,2025-10-16 11:51:00,1517.13,1517.13,1517.08,1517.08,-0.0,5.03,7614.08,-1
2025-10-16,2025-10-16 11:52:00,1517.08,1517.08,1517.02,1517.02,-0.0,5.03,7614.08,-1
2025-10-16,2025-10-16 11:53:00,1517.02,1517.02,1516.96,1516.96,-0.0,5.03,7614.08,-1
2025-10-16,2025-10-16 11:54:00,1516.96,1516.96,1516.91,1516.91,-0.0,5.03,7614.08,-1
2025-10-16,2025-10-16 11:55:00,1516.91,1516.91,1516.85,1516.85,-0.0,5.03,7614.08,-1
2025-10-16,2025-10-16 11:56:00,1516.85,1516.85,1516.79,1516.79,-0.0,5.03,7614.08,-1
2025-10-16,2025-10-16 11:57:00,1516.79,1516.79,1516.74,1516.74,-0.0,5.03,7614.08,-1
2025-10-16,2025-10-16 11:58:00,1516.74,1516.74,1516.68,1516.68,-0.0,5.03,7614.08,-1
2025-10-16,2025-10-16 11:59:00,1516.68,1516.68,1516.62,1516.62,-0.0,5.03,7614.08,-1
2025-10-16,2025-10-16 12:00:00,1516.62,1516.62,1516.57,1516.57,-0.0,5.03,7614.08,-1
2025-10-16,2025-10-16 12:01:00,1516.57,1516.57,1516.51,1516.51,-0.0,5.03,7614.08,-1
2025-10-16,2025-10-16 12:02:00,1516.51,1516.51,1516.46,1516.46,-0.0,5.03,7614.08,-1
2025-10-16,2025-10-16 12:03:00,1516.46,1516.46,1516.4,1516.4,-0.0,5.03,7614.08,-1
2025-10-16,2025-10-16 12:04:00,1516.4,1516.4,1516.34,1516.34,-0.0,5.03,7614.08,-1
2025-10-16,2025-10-16 12:05:00,1516.34,1516.34,1516.29,1516.29,-0.0,5.03,7614.08,-1
2025-10-16,2025-10-16 12:06:00,1516.29,1516.29,1516.23,1516.23,-0.0,5.03,7614.08,-1
2025-10-16,2025-10-16 12:07:00,1516.23,1516.23,1516.17,1516.17,-0.0,5.03,7614.08,-1
2025-10-16,2025-10-16 12:08:00,1516.17,1516.17,1516.12,1516.12,-0.0,5.03,7614.08,-1
2025-10-16,2025-10-16 12:09:00,1516.12,1516.12,1516.06,1516.06,-0.0,5.03,7614.08,-1
2025-10-16,2025-10-16 12:10:00,1516.06,1516.06,1516.01,1516.01,-0.0,5.03,7614.08,-1
2025-10-16,2025-10-16 12:11:00,1516.01,1516.01,1515.95,1515.95,-0.0,5.03,7614.08,-1
2025-10-16,2025-10-16 12:12:00,1515.95,1515.95,1515.89,1515.89,-0.0,5.03,7614.08,-1
2025-10-16,2025-10-16 12:13:00,1515.89,1515.89,1515.84,1515.84,-0.0,5.03,7614.08,-1
2025-10-16,2025-10-16 12:14:00,1515.84,1515.84,1515.78,1515.78,-0.0,5.03,7614.08,-1
2025-10-16,2025-10-16 12:15:00,1515.78,1515.78,1515.72,1515.72,-0.0,5.03,7614.08,-1
2025-10-16,2025-10-16 12:16:00,1515.72,1515.72,1515.67,1515.67,-0.0,5.03,7614.08,-1
2025-10-16,2025-10-16 12:17:00,1515.67,1515.67,1515.61,1515.61,-0.0,5.03,7614.08,-1
2025-10-16,2025-10-16 12:18:00,1515.61,1515.61,1515.56,1515.56,-0.0,5.03,7614.08,-1
2025-10-16,2025-10-16 12:19:00,1515.56,1515.56,1515.5,1515.5,-0.0,5.03,7614.08,-1
2025-10-16,2025-10-16 12:20:00,1515.5,1515.5,1515.44,1515.44,-0.0,5.03,7614.08,-1
2025-10-16,2025-10-16 12:21:00,1515.44,1515.44,1515.39,1515.39,-0.0,5.03,7614.08,-1
2025-10-16,2025-10-16 12:22:00,1515.39,1515.39,1515.33,1515.33,-0.0,5.03,7614.08,-1
2025-10-16,2025-10-16 12:23:00,1515.33,1515.33,1515.28,1515.28,-0.0,5.03,7614.08,-1
2025-10-16,2025-10-16 12:24:00,1515.28,1515.28,1515.22,1515.22,-0.0,5.03,7614.08,-1
2025-10-16,2025-10-16 12:25:00,1515.22,1515.22,1515.16,1515.16,-0.0,5.03,7614.08,-1
2025-10-16,2025-10-16 12:26:00,1515.16,1515.16,1515.11,1515.11,-0.0,5.03,7614.08,-1
2025-10-16,2025-10-16 12:27:00,1515.11,1515.11,1515.05,1515.05,-0.0,5.03,7614.08,-1
2025-10-16,2025-10-16 12:28:00,1515.05,1515.05,1514.99,1514.99,-0.0,5.03,7614.08,-1
2025-10-16,2025-10-16 12:29:00,1514.99,1514.99,1514.94,1514.94,-0.0,5.03,7614.08,-1
2025-10-16,2025-10-16 12:30:00,1514.94,1514.94,1514.88,1514.88,-0.0,5.03,7614.08,-1
2025-10-16,2025-10-16 12:31:00,1514.88,1514.88,1514.83,1514.83,-0.0,5.03,7614.08,-1
2025-10-16,2025-10-16 12:32:00,1514.83,1514.83,1514.77,1514.77,-0.0,5.03,7614.08,-1
2025-10-16,2025-10-16 12:33:00,1514.77,1514.77,1514.71,1514.71,-0.0,5.03,7614.08,-1
2025-10-16,2025-10-16 12:34:00,1514.71,1514.71,1514.66,1514.66,-0.0,5.03,7614.08,-1
2025-10-16,2025-10-16 12:35:00,1514.66,1514.66,1514.6,1514.6,-0.0,5.03,7614.08,-1
2025-10-16,2025-10-16 12:36:00,1514.6,1514.6,1514.54,1514.54,-0.0,5.03,7614.08,-1
2025-10-16,2025-10-16 12:37:00,1514.54,1514.54,1514.49,1514.49,-0.0,5.03,7614.08,-1
2025-10-16,2025-10-16 12:38:00,1514.49,1514.49,1514.43,1514.43,-0.0,5.03,7614.08,-1
2025-10-16,2025-10-16 12:39:00,1514.43,1514.43,1514.38,1514.38,-0.0,5.03,7614.08,-1
2025-10-16,2025-10-16 12:40:00,1514.38,1514.38,1514.32,1514.32,-0.0,5.03,7614.08,-1
2025-10-16,2025-10-16 12:41:00,1514.32,1514.32,1514.26,1514.26,-0.0,5.03,7614.08,-1
2025-10-16,2025-10-16 12:42:00,1514.26,1514.26,1514.21,1514.21,-0.0,5.03,7614.08,-1
2025-10-16,2025-10-16 12:43:00,1514.21,1514.21,1514.15,1514.15,-0.0,5.03,7614.08,-1
2025-10-16,2025-10-16 12:44:00,1514.15,1514.15,1514.09,1514.09,-0.0,5.03,7614.08,-1
2025-10-16,2025-10-16 12:45:00,1514.09,1514.09,1514.04,1514.04,-0.0,5.03,7614.08,-1
2025-10-16,2025-10-16 12:46:00,1514.04,1514.04,1513.98,1513.98,-0.0,5.03,7614.08,-1
2025-10-16,2025-10-16 12:47:00,1513.98,1513.98,1513.92,1513.92,-0.0,5.03,7614.08,-1
2025-10-16,2025-10-16 12:48:00,1513.92,1513.92,1513.87,1513.87,-0.0,5.03,7614.08,-1
2025-10-16,2025-10-16 12:49:00,1513.87,1513.87,1513.81,1513.81,-0.0,5.03,7614.08,-1
2025-10-16,2025-10-16 12:50:00,1513.81,1513.81,1513.76,1513.76,-0.0,5.03,7614.08,-1
2025-10-16,2025-10-16 12:51:00,1513.76,1513.76,1513.7,1513.7,-0.0,5.03,7614.08,-1
2025-10-16,2025-10-16 12:52:00,1513.7,1513.7,1513.64,1513.64,-0.0,5.03,7614.08,-1
2025-10-16,2025-10-16 12:53:00,1513.64,1513.64,1513.59,1513.59,-0.0,5.03,7614.08,-1
2025-10-16,2025-10-16 12:54:00,1513.59,1513.59,1513.53,1513.53,-0.0,5.03,7614.08,-1
2025-10-16,2025-10-16 12:55:00,1513.53,1513.53,1513.47,1513.47,-0.0,5.03,7614.08,-1
2025-10-16,2025-10-16 12:56:00,1513.47,1513.47,1513.42,1513.42,-0.0,5.03,7614.08,-1
2025-10-16,2025-10-16 12:57:00,1513.42,1513.42,1513.36,1513.36,-0.0,5.03,7614.08,-1
2025-10-16,2025-10-16 12:58:00,1513.36,1513.36,1513.31,1513.31,-0.0,5.03,7614.08,-1
2025-10-16,2025-10-16 12:59:00,1513.31,1513.31,1513.25,1513.25,-0.0,5.03,7614.08,-1
2025-10-16,2025-10-16 13:00:00,1513.25,1550.0,1505.1,1513.19,-0.0,5.03,7614.08,-1
2025-10-16,2025-10-16 13:01:00,1513.19,1513.19,1513.14,1513.14,-0.0,5.03,7614.08,-1
2025-10-16,2025-10-16 13:02:00,1513.14,1513.14,1513.08,1513.08,-0.0,5.03,7614.08,-1
2025-10-16,2025-10-16 13:03:00,1513.08,1513.08,1513.03,1513.03,-0.0,5.03,7614.08,-1
2025-10-16,2025-10-16 13:04:00,1513.03,1513.03,1512.97,1512.97,-0.0,5.03,7614.08,-1
2025-10-16,2025-10-16 13:05:00,1512.97,1512.97,1512.91,1512.91,-0.0,5.03,7614.08,-1
2025-10-16,2025-10-16 13:06:00,1512.91,1512.91,1512.86,1512.86,-0.0,5.03,7614.08,-1
2025-10-16,2025-10-16 13:07:00,1512.86,1512.86,1512.8,1512.8,-0.0,5.03,7614.08,-1
2025-10-16,2025-10-16 13:08:00,1512.8,1512.8,1512.74,1512.74,-0.0,5.03,7614.08,-1
2025-10-16,2025-10-16 13:09:00,1512.74,1512.74,1512.69,1512.69,-0.0,5.03,7614.08,-1
2025-10-16,2025-10-16 13:10:00,1512.69,1512.69,1512.63,1512.63,-0.0,5.03,7614.08,-1
2025-10-16,2025-10-16 13:11:00,1512.63,1512.63,1512.58,1512.58,-0.0,5.03,7614.08,-1
2025-10-16,2025-10-16 13:12:00,1512.58,1512.58,1512.52,1512.52,-0.0,5.03,7614.08,-1
2025-10-16,2025-10-16 13:13:00,1512.52,1512.52,1512.46,1512.46,-0.0,5.03,7614.08,-1
2025-10-16,2025-10-16 13:14:00,1512.46,1512.46,1512.41,1512.41,-0.0,5.03,7614.08,-1
2025-10-16,2025-10-16 13:15:00,1512.41,1512.41,1512.35,1512.35,-0.0,5.03,7614.08,-1
2025-10-16,2025-10-16 13:16:00,1512.35,1512.35,1512.29,1512.29,-0.0,5.03,7614.08,-1
2025-10-16,2025-10-16 13:17:00,1512.29,1512.29,1512.24,1512.24,-0.0,5.03,7614.08,-1
2025-10-16,2025-10-16 13:18:00,1512.24,1512.24,1512.18,1512.18,-0.0,5.03,7614.08,-1
2025-10-16,2025-10-16 13:19:00,1512.18,1512.18,1512.12,1512.12,-0.0,5.03,7614.08,-1
2025-10-16,2025-10-16 13:20:00,1512.12,1512.12,1512.07,1512.07,-0.0,5.03,7614.08,-1
2025-10-16,2025-10-16 13:21:00,1512.07,1512.07,1512.01,1512.01,-0.0,5.03,7614.08,-1
2025-10-16,2025-10-16 13:22:00,1512.01,1512.01,1511.96,1511.96,-0.0,5.03,7614.08,-1
2025-10-16,2025-10-16 13:23:00,1511.96,1511.96,1511.9,1511.9,-0.0,5.03,7614.08,-1
2025-10-16,2025-10-16 13:24:00,1511.9,1511.9,1511.84,1511.84,-0.0,5.03,7614.08,-1
2025-10-16,2025-10-16 13:25:00,1511.84,1511.84,1511.79,1511.79,-0.0,5.03,7614.08,-1
2025-10-16,2025-10-16 13:26:00,1511.79,1511.79,1511.73,1511.73,-0.0,5.03,7614.08,-1
2025-10-16,2025-10-16 13:27:00,1511.73,1511.73,1511.67,1511.67,-0.0,5.03,7614.08,-1
2025-10-16,2025-10-16 13:28:00,1511.67,1511.67,1511.62,1511.62,-0.0,5.03,7614.08,-1
2025-10-16,2025-10-16 13:29:00,1511.62,1511.62,1511.56,1511.56,-0.0,5.03,7614.08,-1
2025-10-16,2025-10-16 13:30:00,1511.56,1511.56,1511.51,1511.51,-0.0,5.03,7614.08,-1
2025-10-16,2025-10-16 13:31:00,1511.51,1511.51,1511.45,1511.45,-0.0,5.03,7614.08,-1
2025-10-16,2025-10-16 13:32:00,1511.45,1511.45,1511.39,1511.39,-0.0,5.03,7614.08,-1
2025-10-16,2025-10-16 13:33:00,1511.39,1511.39,1511.34,1511.34,-0.0,5.03,7614.08,-1
2025-10-16,2025-10-16 13:34:00,1511.34,1511.34,1511.28,1511.28,-0.0,5.03,7614.08,-1
2025-10-16,2025-10-16 13:35:00,1511.28,1511.28,1511.22,1511.22,-0.0,5.03,7614.08,-1
2025-10-16,2025-10-16 13:36:00,1511.22,1511.22,1511.17,1511.17,-0.0,5.03,7614.08,-1
2025-10-16,2025-10-16 13:37:00,1511.17,1511.17,1511.11,1511.11,-0.0,5.03,7614.08,-1
2025-10-16,2025-10-16 13:38:00,1511.11,1511.11,1511.06,1511.06,-0.0,5.03,7614.08,-1
2025-10-16,2025-10-16 13:39:00,1511.06,1511.06,1511.0,1511.0,-0.0,5.03,7614.08,-1
2025-10-16,2025-10-16 13:40:00,1511.0,1511.0,1510.94,1510.94,-0.0,5.03,7614.08,-1
2025-10-16,2025-10-16 13:41:00,1510.94,1510.94,1510.89,1510.89,-0.0,5.03,7614.08,-1
2025-10-16,2025-10-16 13:42:00,1510.89,1510.89,1510.83,1510.83,-0.0,5.03,7614.08,-1
2025-10-16,2025-10-16 13:43:00,1510.83,1510.83,1510.78,1510.78,-0.0,5.03,7614.08,-1
2025-10-16,2025-10-16 13:44:00,1510.78,1510.78,1510.72,1510.72,-0.0,5.03,7614.08,-1
2025-10-16,2025-10-16 13:45:00,1510.72,1510.72,1510.66,1510.66,-0.0,5.03,7614.08,-1
2025-10-16,2025-10-16 13:46:00,1510.66,1510.66,1510.61,1510.61,-0.0,5.03,7614.08,-1
2025-10-16,2025-10-16 13:47:00,1510.61,1510.61,1510.55,1510.55,-0.0,5.03,7614.08,-1
2025-10-16,2025-10-16 13:48:00,1510.55,1510.55,1510.49,1510.49,-0.0,5.03,7614.08,-1
2025-10-16,2025-10-16 13:49:00,1510.49,1510.49,1510.44,1510.44,-0.0,5.03,7614.08,-1
2025-10-16,2025-10-16 13:50:00,1510.44,1510.44,1510.38,1510.38,-0.0,5.03,7614.08,-1
2025-10-16,2025-10-16 13:51:00,1510.38,1510.38,1510.33,1510.33,-0.0,5.03,7614.08,-1
2025-10-16,2025-10-16 13:52:00,1510.33,1510.33,1510.27,1510.27,-0.0,5.03,7614.08,-1
2025-10-16,2025-10-16 13:53:00,1510.27,1510.27,1510.21,1510.21,-0.0,5.03,7614.08,-1
2025-10-16,2025-10-16 13:54:00,1510.21,1510.21,1510.16,1510.16,-0.0,5.03,7614.08,-1
2025-10-16,2025-10-16 13:55:00,1510.16,1510.16,1510.1,1510.1,-0.0,5.03,7614.08,-1
2025-10-16,2025-10-16 13:56:00,1510.1,1510.1,1510.04,1510.04,-0.0,5.03,7614.08,-1
2025-10-16,2025-10-16 13:57:00,1510.04,1510.04,1509.99,1509.99,-0.0,5.03,7614.08,-1
2025-10-16,2025-10-16 13:58:00,1509.99,1509.99,1509.93,1509.93,-0.0,5.03,7614.08,-1
2025-10-16,2025-10-16 13:59:00,1509.93,1509.93,1509.88,1509.88,-0.0,5.03,7614.08,-1
2025-10-16,2025-10-16 14:00:00,1509.88,1509.88,1509.82,1509.82,-0.0,5.03,7614.08,-1
2025-10-16,2025-10-16 14:01:00,1509.82,1509.82,1509.76,1509.76,-0.0,5.03,7614.08,-1
2025-10-16,2025-10-16 14:02:00,1509.76,1509.76,1509.71,1509.71,-0.0,5.03,7614.08,-1
2025-10-16,2025-10-16 14:03:00,1509.71,1509.71,1509.65,1509.65,-0.0,5.03,7614.08,-1
2025-10-16,2025-10-16 14:04:00,1509.65,1509.65,1509.59,1509.59,-0.0,5.03,7614.08,-1
2025-10-16,2025-10-16 14:05:00,1509.59,1509.59,1509.54,1509.54,-0.0,5.03,7614.08,-1
2025-10-16,2025-10-16 14:06:00,1509.54,1509.54,1509.48,1509.48,-0.0,5.03,7614.08,-1
2025-10-16,2025-10-16 14:07:00,1509.48,1509.48,1509.42,1509.42,-0.0,5.03,7614.08,-1
2025-10-16,2025-10-16 14:08:00,1509.42,1509.42,1509.37,1509.37,-0.0,5.03,7614.08,-1
2025-10-16,2025-10-16 14:09:00,1509.37,1509.37,1509.31,1509.31,-0.0,5.03,7614.08,-1
2025-10-16,2025-10-16 14:10:00,1509.31,1509.31,1509.26,1509.26,-0.0,5.03,7614.08,-1
2025-10-16,2025-10-16 14:11:00,1509.26,1509.26,1509.2,1509.2,-0.0,5.03,7614.08,-1
2025-10-16,2025-10-16 14:12:00,1509.2,1509.2,1509.14,1509.14,-0.0,5.03,7614.08,-1
2025-10-16,2025-10-16 14:13:00,1509.14,1509.14,1509.09,1509.09,-0.0,5.03,7614.08,-1
2025-10-16,2025-10-16 14:14:00,1509.09,1509.09,1509.03,1509.03,-0.0,5.03,7614.08,-1
2025-10-16,2025-10-16 14:15:00,1509.03,1509.03,1508.97,1508.97,-0.0,5.03,7614.08,-1
2025-10-16,2025-10-16 14:16:00,1508.97,1508.97,1508.92,1508.92,-0.0,5.03,7614.08,-1
2025-10-16,2025-10-16 14:17:00,1508.92,1508.92,1508.86,1508.86,-0.0,5.03,7614.08,-1
2025-10-16,2025-10-16 14:18:00,1508.86,1508.86,1508.81,1508.81,-0.0,5.03,7614.08,-1
2025-10-16,2025-10-16 14:19:00,1508.81,1508.81,1508.75,1508.75,-0.0,5.03,7614.08,-1
2025-10-16,2025-10-16 14:20:00,1508.75,1508.75,1508.69,1508.69,-0.0,5.03,7614.08,-1
2025-10-16,2025-10-16 14:21:00,1508.69,1508.69,1508.64,1508.64,-0.0,5.03,7614.08,-1
2025-10-16,2025-10-16 14:22:00,1508.64,1508.64,1508.58,1508.58,-0.0,5.03,7614.08,-1
2025-10-16,2025-10-16 14:23:00,1508.58,1508.58,1508.53,1508.53,-0.0,5.03,7614.08,-1
2025-10-16,2025-10-16 14:24:00,1508.53,1508.53,1508.47,1508.47,-0.0,5.03,7614.08,-1
2025-10-16,2025-10-16 14:25:00,1508.47,1508.47,1508.41,1508.41,-0.0,5.03,7614.08,-1
2025-10-16,2025-10-16 14:26:00,1508.41,1508.41,1508.36,1508.36,-0.0,5.03,7614.08,-1
2025-10-16,2025-10-16 14:27:00,1508.36,1508.36,1508.3,1508.3,-0.0,5.03,7614.08,-1
2025-10-16,2025-10-16 14:28:00,1508.3,1508.3,1508.24,1508.24,-0.0,5.03,7614.08,-1
2025-10-16,2025-10-16 14:29:00,1508.24,1508.24,1508.19,1508.19,-0.0,5.03,7614.08,-1
2025-10-16,2025-10-16 14:30:00,1508.19,1508.19,1508.13,1508.13,-0.0,5.03,7614.08,-1
2025-10-16,2025-10-16 14:31:00,1508.13,1508.13,1508.08,1508.08,-0.0,5.03,7614.08,-1
2025-10-16,2025-10-16 14:32:00,1508.08,1508.08,1508.02,1508.02,-0.0,5.03,7614.08,-1
2025-10-16,2025-10-16 14:33:00,1508.02,1508.02,1507.96,1507.96,-0.0,5.03,7614.08,-1
2025-10-16,2025-10-16 14:34:00,1507.96,1507.96,1507.91,1507.91,-0.0,5.03,7614.08,-1
2025-10-16,2025-10-16 14:35:00,1507.91,1507.91,1507.85,1507.85,-0.0,5.03,7614.08,-1
2025-10-16,2025-10-16 14:36:00,1507.85,1507.85,1507.79,1507.79,-0.0,5.03,7614.08,-1
2025-10-16,2025-10-16 14:37:00,1507.79,1507.79,1507.74,1507.74,-0.0,5.03,7614.08,-1
2025-10-16,2025-10-16 14:38:00,1507.74,1507.74,1507.68,1507.68,-0.0,5.03,7614.08,-1
2025-10-16,2025-10-16 14:39:00,1507.68,1507.68,1507.62,1507.62,-0.0,5.03,7614.08,-1
2025-10-16,2025-10-16 14:40:00,1507.62,1507.62,1507.57,1507.57,-0.0,5.03,7614.08,-1
2025-10-16,2025-10-16 14:41:00,1507.57,1507.57,1507.51,1507.51,-0.0,5.03,7614.08,-1
2025-10-16,2025-10-16 14:42:00,1507.51,1507.51,1507.46,1507.46,-0.0,5.03,7614.08,-1
2025-10-16,2025-10-16 14:43:00,1507.46,1507.46,1507.4,1507.4,-0.0,5.03,7614.08,-1
2025-10-16,2025-10-16 14:44:00,1507.4,1507.4,1507.34,1507.34,-0.0,5.03,7614.08,-1
2025-10-16,2025-10-16 14:45:00,1507.34,1507.34,1507.29,1507.29,-0.0,5.03,7614.08,-1
2025-10-16,2025-10-16 14:46:00,1507.29,1507.29,1507.23,1507.23,-0.0,5.03,7614.08,-1
2025-10-16,2025-10-16 14:47:00,1507.23,1507.23,1507.17,1507.17,-0.0,5.03,7614.08,-1
2025-10-16,2025-10-16 14:48:00,1507.17,1507.17,1507.12,1507.12,-0.0,5.03,7614.08,-1
2025-10-16,2025-10-16 14:49:00,1507.12,1507.12,1507.06,1507.06,-0.0,5.03,7614.08,-1
2025-10-16,2025-10-16 14:50:00,1507.06,1507.06,1507.01,1507.01,-0.0,5.03,7614.08,-1
2025-10-16,2025-10-16 14:51:00,1507.01,1507.01,1506.95,1506.95,-0.0,5.03,7614.08,-1
2025-10-16,2025-10-16 14:52:00,1506.95,1506.95,1506.89,1506.89,-0.0,5.03,7614.08,-1
2025-10-16,2025-10-16 14:53:00,1506.89,1506.89,1506.84,1506.84,-0.0,5.03,7614.08,-1
2025-10-16,2025-10-16 14:54:00,1506.84,1506.84,1506.78,1506.78,-0.0,5.03,7614.08,-1
2025-10-16,2025-10-16 14:55:00,1506.78,1506.78,1506.72,1506.72,-0.0,5.03,7614.08,-1
2025-10-16,2025-10-16 14:56:00,1506.72,1506.72,1506.67,1506.67,-0.0,5.03,7614.08,-1
2025-10-16,2025-10-16 14:57:00,1506.67,1506.67,1506.61,1506.61,-0.0,5.03,7614.08,-1
2025-10-16,2025-10-16 14:58:00,1506.61,1506.61,1506.56,1506.56,-0.0,5.03,7614.08,-1
2025-10-16,2025-10-16 14:59:00,1506.56,1506.56,1506.5,1506.5,-0.0,5.03,7614.08,-1
2025-10-16,2025-10-16 15:00:00,1506.5,1550.0,1505.1,1506.5,0.0,5.03,7614.08,0
2025-10-19,2025-10-19 11:00:00,1502.0,1510.4,1502.0,1502.08,0.01,2.81,4250.03,1
2025-10-19,2025-10-19 11:01:00,1502.08,1502.15,1502.08,1502.15,0.0,2.81,4250.03,1
2025-10-19,2025-10-19 11:02:00,1502.15,1502.22,1502.15,1502.22,0.0,2.81,4250.03,1
2025-10-19,2025-10-19 11:03:00,1502.22,1502.3,1502.22,1502.3,0.01,2.81,4250.03,1
2025-10-19,2025-10-19 11:04:00,1502.3,1502.38,1502.3,1502.38,0.01,2.81,4250.03,1
2025-10-19,2025-10-19 11:05:00,1502.38,1502.45,1502.38,1502.45,0.0,2.81,4250.03,1
2025-10-19,2025-10-19 11:06:00,1502.45,1502.53,1502.45,1502.53,0.01,2.81,4250.03,1
2025-10-19,2025-10-19 11:07:00,1502.53,1502.6,1502.53,1502.6,0.0,2.81,4250.03,1
2025-10-19,2025-10-19 11:08:00,1502.6,1502.67,1502.6,1502.67,0.0,2.81,4250.03,1
2025-10-19,2025-10-19 11:09:00,1502.67,1502.75,1502.67,1502.75,0.01,2.81,4250.03,1
2025-10-19,2025-10-19 11:10:00,1502.75,1502.83,1502.75,1502.83,0.01,2.81,4250.03,1
2025-10-19,2025-10-19 11:11:00,1502.83,1502.9,1502.83,1502.9,0.0,2.81,4250.03,1
2025-10-19,2025-10-19 11:12:00,1502.9,1502.97,1502.9,1502.97,0.0,2.81,4250.03,1
2025-10-19,2025-10-19 11:13:00,1502.97,1503.05,1502.97,1503.05,0.01,2.81,4250.03,1
2025-10-19,2025-10-19 11:14:00,1503.05,1503.12,1503.05,1503.12,0.0,2.81,4250.03,1
2025-10-19,2025-10-19 11:15:00,1503.12,1503.2,1503.12,1503.2,0.01,2.81,4250.03,1
2025-10-19,2025-10-19 11:16:00,1503.2,1503.28,1503.2,1503.28,0.01,2.81,4250.03,1
2025-10-19,2025-10-19 11:17:00,1503.28,1503.35,1503.28,1503.35,0.0,2.81,4250.03,1
2025-10-19,2025-10-19 11:18:00,1503.35,1503.42,1503.35,1503.42,0.0,2.81,4250.03,1
2025-10-19,2025-10-19 11:19:00,1503.42,1503.5,1503.42,1503.5,0.01,2.81,4250.03,1
2025-10-19,2025-10-19 11:20:00,1503.5,1503.58,1503.5,1503.58,0.01,2.81,4250.03,1
2025-10-19,2025-10-19 11:21:00,1503.58,1503.65,1503.58,1503.65,0.0,2.81,4250.03,1
2025-10-19,2025-10-19 11:22:00,1503.65,1503.72,1503.65,1503.72,0.0,2.81,4250.03,1
2025-10-19,2025-10-19 11:23:00,1503.72,1503.8,1503.72,1503.8,0.01,2.81,4250.03,1
2025-10-19,2025-10-19 11:24:00,1503.8,1503.88,1503.8,1503.88,0.01,2.81,4250.03,1
2025-10-19,2025-10-19 11:25:00,1503.88,1503.95,1503.88,1503.95,0.0,2.81,4250.03,1
2025-10-19,2025-10-19 11:26:00,1503.95,1504.03,1503.95,1504.03,0.01,2.81,4250.03,1
2025-10-19,2025-10-19 11:27:00,1504.03,1504.1,1504.03,1504.1,0.0,2.81,4250.03,1
2025-10-19,2025-10-19 11:28:00,1504.1,1504.17,1504.1,1504.17,0.0,2.81,4250.03,1
2025-10-19,2025-10-19 11:29:00,1504.17,1504.25,1504.17,1504.25,0.01,2.81,4250.03,1
2025-10-19,2025-10-19 11:30:00,1504.25,1504.33,1504.25,1504.33,0.01,2.81,4250.03,1
2025-10-19,2025-10-19 11:31:00,1504.33,1504.4,1504.33,1504.4,0.0,2.81,4250.03,1
2025-10-19,2025-10-19 11:32:00,1504.4,1504.47,1504.4,1504.47,0.0,2.81,4250.03,1
2025-10-19,2025-10-19 11:33:00,1504.47,1504.55,1504.47,1504.55,0.01,2.81,4250.03,1
2025-10-19,2025-10-19 11:34:00,1504.55,1504.62,1504.55,1504.62,0.0,2.81,4250.03,1
2025-10-19,2025-10-19 11:35:00,1504.62,1504.7,1504.62,1504.7,0.01,2.81,4250.03,1
2025-10-19,2025-10-19 11:36:00,1504.7,1504.78,1504.7,1504.78,0.01,2.81,4250.03,1
2025-10-19,2025-10-19 11:37:00,1504.78,1504.85,1504.78,1504.85,0.0,2.81,4250.03,1
2025-10-19,2025-10-19 11:38:00,1504.85,1504.92,1504.85,1504.92,0.0,2.81,4250.03,1
2025-10-19,2025-10-19 11:39:00,1504.92,1505.0,1504.92,1505.0,0.01,2.81,4250.03,1
2025-10-19,2025-10-19 11:40:00,1505.0,1505.08,1505.0,1505.08,0.01,2.81,4250.03,1
2025-10-19,2025-10-19 11:41:00,1505.08,1505.15,1505.08,1505.15,0.0,2.81,4250.03,1
2025-10-19,2025-10-19 11:42:00,1505.15,1505.22,1505.15,1505.22,0.0,2.81,4250.03,1
2025-10-19,2025-10-19 11:43:00,1505.22,1505.3,1505.22,1505.3,0.01,2.81,4250.03,1
2025-10-19,2025-10-19 11:44:00,1505.3,1505.38,1505.3,1505.38,0.01,2.81,4250.03,1
2025-10-19,2025-10-19 11:45:00,1505.38,1505.45,1505.38,1505.45,0.0,2.81,4250.03,1
2025-10-19,2025-10-19 11:46:00,1505.45,1505.53,1505.45,1505.53,0.01,2.81,4250.03,1
2025-10-19,2025-10-19 11:47:00,1505.53,1505.6,1505.53,1505.6,0.0,2.81,4250.03,1
2025-10-19,2025-10-19 11:48:00,1505.6,1505.67,1505.6,1505.67,0.0,2.81,4250.03,1
2025-10-19,2025-10-19 11:49:00,1505.67,1505.75,1505.67,1505.75,0.01,2.81,4250.03,1
2025-10-19,2025-10-19 11:50:00,1505.75,1505.83,1505.75,1505.83,0.01,2.81,4250.03,1
2025-10-19,2025-10-19 11:51:00,1505.83,1505.9,1505.83,1505.9,0.0,2.81,4250.03,1
2025-10-19,2025-10-19 11:52:00,1505.9,1505.97,1505.9,1505.97,0.0,2.81,4250.03,1
2025-10-19,2025-10-19 11:53:00,1505.97,1506.05,1505.97,1506.05,0.01,2.81,4250.03,1
2025-10-19,2025-10-19 11:54:00,1506.05,1506.12,1506.05,1506.12,0.0,2.81,4250.03,1
2025-10-19,2025-10-19 11:55:00,1506.12,1506.2,1506.12,1506.2,0.01,2.81,4250.03,1
2025-10-19,2025-10-19 11:56:00,1506.2,1506.28,1506.2,1506.28,0.01,2.81,4250.03,1
2025-10-19,2025-10-19 11:57:00,1506.28,1506.35,1506.28,1506.35,0.0,2.81,4250.03,1
2025-10-19,2025-10-19 11:58:00,1506.35,1506.42,1506.35,1506.42,0.0,2.81,4250.03,1
2025-10-19,2025-10-19 11:59:00,1506.42,1506.5,1506.42,1506.5,0.01,2.81,4250.03,1
2025-10-19,2025-10-19 12:00:00,1506.5,1506.58,1506.5,1506.58,0.01,2.81,4250.03,1
2025-10-19,2025-10-19 12:01:00,1506.58,1506.65,1506.58,1506.65,0.0,2.81,4250.03,1
2025-10-19,2025-10-19 12:02:00,1506.65,1506.72,1506.65,1506.72,0.0,2.81,4250.03,1
2025-10-19,2025-10-19 12:03:00,1506.72,1506.8,1506.72,1506.8,0.01,2.81,4250.03,1
2025-10-19,2025-10-19 12:04:00,1506.8,1506.88,1506.8,1506.88,0.01,2.81,4250.03,1
2025-10-19,2025-10-19 12:05:00,1506.88,1506.95,1506.88,1506.95,0.0,2.81,4250.03,1
2025-10-19,2025-10-19 12:06:00,1506.95,1507.03,1506.95,1507.03,0.01,2.81,4250.03,1
2025-10-19,2025-10-19 12:07:00,1507.03,1507.1,1507.03,1507.1,0.0,2.81,4250.03,1
2025-10-19,2025-10-19 12:08:00,1507.1,1507.17,1507.1,1507.17,0.0,2.81,4250.03,1
2025-10-19,2025-10-19 12:09:00,1507.17,1507.25,1507.17,1507.25,0.01,2.81,4250.03,1
2025-10-19,2025-10-19 12:10:00,1507.25,1507.33,1507.25,1507.33,0.01,2.81,4250.03,1
2025-10-19,2025-10-19 12:11:00,1507.33,1507.4,1507.33,1507.4,0.0,2.81,4250.03,1
2025-10-19,2025-10-19 12:12:00,1507.4,1507.47,1507.4,1507.47,0.0,2.81,4250.03,1
2025-10-19,2025-10-19 12:13:00,1507.47,1507.55,1507.47,1507.55,0.01,2.81,4250.03,1
2025-10-19,2025-10-19 12:14:00,1507.55,1507.62,1507.55,1507.62,0.0,2.81,4250.03,1
2025-10-19,2025-10-19 12:15:00,1507.62,1507.7,1507.62,1507.7,0.01,2.81,4250.03,1
2025-10-19,2025-10-19 12:16:00,1507.7,1507.78,1507.7,1507.78,0.01,2.81,4250.03,1
2025-10-19,2025-10-19 12:17:00,1507.78,1507.85,1507.78,1507.85,0.0,2.81,4250.03,1
2025-10-19,2025-10-19 12:18:00,1507.85,1507.92,1507.85,1507.92,0.0,2.81,4250.03,1
2025-10-19,2025-10-19 12:19:00,1507.92,1508.0,1507.92,1508.0,0.01,2.81,4250.03,1
2025-10-19,2025-10-19 12:20:00,1508.0,1508.08,1508.0,1508.08,0.01,2.81,4250.03,1
2025-10-19,2025-10-19 12:21:00,1508.08,1508.15,1508.08,1508.15,0.0,2.81,4250.03,1
2025-10-19,2025-10-19 12:22:00,1508.15,1508.22,1508.15,1508.22,0.0,2.81,4250.03,1
2025-10-19,2025-10-19 12:23:00,1508.22,1508.3,1508.22,1508.3,0.01,2.81,4250.03,1
2025-10-19,2025-10-19 12:24:00,1508.3,1508.38,1508.3,1508.38,0.01,2.81,4250.03,1
2025-10-19,2025-10-19 12:25:00,1508.38,1508.45,1508.38,1508.45,0.0,2.81,4250.03,1
2025-10-19,2025-10-19 12:26:00,1508.45,1508.53,1508.45,1508.53,0.01,2.81,4250.03,1
2025-10-19,2025-10-19 12:27:00,1508.53,1508.6,1508.53,1508.6,0.0,2.81,4250.03,1
2025-10-19,2025-10-19 12:28:00,1508.6,1508.67,1508.6,1508.67,0.0,2.81,4250.03,1
2025-10-19,2025-10-19 12:29:00,1508.67,1508.75,1508.67,1508.75,0.01,2.81,4250.03,1
2025-10-19,2025-10-19 12:30:00,1508.75,1508.83,1508.75,1508.83,0.01,2.81,4250.03,1
2025-10-19,2025-10-19 12:31:00,1508.83,1508.9,1508.83,1508.9,0.0,2.81,4250.03,1
2025-10-19,2025-10-19 12:32:00,1508.9,1508.97,1508.9,1508.97,0.0,2.81,4250.03,1
2025-10-19,2025-10-19 12:33:00,1508.97,1509.05,1508.97,1509.05,0.01,2.81,4250.03,1
2025-10-19,2025-10-19 12:34:00,1509.05,1509.12,1509.05,1509.12,0.0,2.81,4250.03,1
2025-10-19,2025-10-19 12:35:00,1509.12,1509.2,1509.12,1509.2,0.01,2.81,4250.03,1
2025-10-19,2025-10-19 12:36:00,1509.2,1509.28,1509.2,1509.28,0.01,2.81,4250.03,1
2025-10-19,2025-10-19 12:37:00,1509.28,1509.35,1509.28,1509.35,0.0,2.81,4250.03,1
2025-10-19,2025-10-19 12:38:00,1509.35,1509.42,1509.35,1509.42,0.0,2.81,4250.03,1
2025-10-19,2025-10-19 12:39:00,1509.42,1509.5,1509.42,1509.5,0.01,2.81,4250.03,1
2025-10-19,2025-10-19 12:40:00,1509.5,1509.58,1509.5,1509.58,0.01,2.81,4250.03,1
2025-10-19,2025-10-19 12:41:00,1509.58,1509.65,1509.58,1509.65,0.0,2.81,4250.03,1
2025-10-19,2025-10-19 12:42:00,1509.65,1509.72,1509.65,1509.72,0.0,2.81,4250.03,1
2025-10-19,2025-10-19 12:43:00,1509.72,1509.8,1509.72,1509.8,0.01,2.81,4250.03,1
2025-10-19,2025-10-19 12:44:00,1509.8,1509.88,1509.8,1509.88,0.01,2.81,4250.03,1
2025-10-19,2025-10-19 12:45:00,1509.88,1509.95,1509.88,1509.95,0.0,2.81,4250.03,1
2025-10-19,2025-10-19 12:46:00,1509.95,1510.03,1509.95,1510.03,0.01,2.81,4250.03,1
2025-10-19,2025-10-19 12:47:00,1510.03,1510.1,1510.03,1510.1,0.0,2.81,4250.03,1
2025-10-19,2025-10-19 12:48:00,1510.1,1510.17,1510.1,1510.17,0.0,2.81,4250.03,1
2025-10-19,2025-10-19 12:49:00,1510.17,1510.25,1510.17,1510.25,0.01,2.81,4250.03,1
2025-10-19,2025-10-19 12:50:00,1510.25,1510.33,1510.25,1510.33,0.01,2.81,4250.03,1
2025-10-19,2025-10-19 12:51:00,1510.33,1510.4,1510.33,1510.4,0.0,2.81,4250.03,1
2025-10-19,2025-10-19 12:52:00,1510.4,1510.47,1510.4,1510.47,0.0,2.81,4250.03,1
2025-10-19,2025-10-19 12:53:00,1510.47,1510.55,1510.47,1510.55,0.01,2.81,4250.03,1
2025-10-19,2025-10-19 12:54:00,1510.55,1510.62,1510.55,1510.62,0.0,2.81,4250.03,1
2025-10-19,2025-10-19 12:55:00,1510.62,1510.7,1510.62,1510.7,0.01,2.81,4250.03,1
2025-10-19,2025-10-19 12:56:00,1510.7,1510.78,1510.7,1510.78,0.01,2.81,4250.03,1
2025-10-19,2025-10-19 12:57:00,1510.78,1510.85,1510.78,1510.85,0.0,2.81,4250.03,1
2025-10-19,2025-10-19 12:58:00,1510.85,1510.92,1510.85,1510.92,0.0,2.81,4250.03,1
2025-10-19,2025-10-19 12:59:00,1510.92,1511.0,1510.92,1511.0,0.01,2.81,4250.03,1
2025-10-19,2025-10-19 13:00:00,1511.0,1530.0,1502.0,1511.08,0.01,2.81,4250.03,1
2025-10-19,2025-10-19 13:01:00,1511.08,1511.15,1511.08,1511.15,0.0,2.81,4250.03,1
2025-10-19,2025-10-19 13:02:00,1511.15,1511.22,1511.15,1511.22,0.0,2.81,4250.03,1
2025-10-19,2025-10-19 13:03:00,1511.22,1511.3,1511.22,1511.3,0.01,2.81,4250.03,1
2025-10-19,2025-10-19 13:04:00,1511.3,1511.38,1511.3,1511.38,0.01,2.81,4250.03,1
2025-10-19,2025-10-19 13:05:00,1511.38,1511.45,1511.38,1511.45,0.0,2.81,4250.03,1
2025-10-19,2025-10-19 13:06:00,1511.45,1511.53,1511.45,1511.53,0.01,2.81,4250.03,1
2025-10-19,2025-10-19 13:07:00,1511.53,1511.6,1511.53,1511.6,0.0,2.81,4250.03,1
2025-10-19,2025-10-19 13:08:00,1511.6,1511.67,1511.6,1511.67,0.0,2.81,4250.03,1
2025-10-19,2025-10-19 13:09:00,1511.67,1511.75,1511.67,1511.75,0.01,2.81,4250.03,1
2025-10-19,2025-10-19 13:10:00,1511.75,1511.83,1511.75,1511.83,0.01,2.81,4250.03,1
2025-10-19,2025-10-19 13:11:00,1511.83,1511.9,1511.83,1511.9,0.0,2.81,4250.03,1
2025-10-19,2025-10-19 13:12:00,1511.9,1511.97,1511.9,1511.97,0.0,2.81,4250.03,1
2025-10-19,2025-10-19 13:13:00,1511.97,1512.05,1511.97,1512.05,0.01,2.81,4250.03,1
2025-10-19,2025-10-19 13:14:00,1512.05,1512.12,1512.05,1512.12,0.0,2.81,4250.03,1
2025-10-19,2025-10-19 13:15:00,1512.12,1512.2,1512.12,1512.2,0.01,2.81,4250.03,1
2025-10-19,2025-10-19 13:16:00,1512.2,1512.28,1512.2,1512.28,0.01,2.81,4250.03,1
2025-10-19,2025-10-19 13:17:00,1512.28,1512.35,1512.28,1512.35,0.0,2.81,4250.03,1
2025-10-19,2025-10-19 13:18:00,1512.35,1512.42,1512.35,1512.42,0.0,2.81,4250.03,1
2025-10-19,2025-10-19 13:19:00,1512.42,1512.5,1512.42,1512.5,0.01,2.81,4250.03,1
2025-10-19,2025-10-19 13:20:00,1512.5,1512.58,1512.5,1512.58,0.01,2.81,4250.03,1
2025-10-19,2025-10-19 13:21:00,1512.58,1512.65,1512.58,1512.65,0.0,2.81,4250.03,1
2025-10-19,2025-10-19 13:22:00,1512.65,1512.72,1512.65,1512.72,0.0,2.81,4250.03,1
2025-10-19,2025-10-19 13:23:00,1512.72,1512.8,1512.72,1512.8,0.01,2.81,4250.03,1
2025-10-19,2025-10-19 13:24:00,1512.8,1512.88,1512.8,1512.88,0.01,2.81,4250.03,1
2025-10-19,2025-10-19 13:25:00,1512.88,1512.95,1512.88,1512.95,0.0,2.81,4250.03,1
2025-10-19,2025-10-19 13:26:00,1512.95,1513.03,1512.95,1513.03,0.01,2.81,4250.03,1
2025-10-19,2025-10-19 13:27:00,1513.03,1513.1,1513.03,1513.1,0.0,2.81,4250.03,1
2025-10-19,2025-10-19 13:28:00,1513.1,1513.17,1513.1,1513.17,0.0,2.81,4250.03,1
2025-10-19,2025-10-19 13:29:00,1513.17,1513.25,1513.17,1513.25,0.01,2.81,4250.03,1
2025-10-19,2025-10-19 13:30:00,1513.25,1513.33,1513.25,1513.33,0.01,2.81,4250.03,1
2025-10-19,2025-10-19 13:31:00,1513.33,1513.4,1513.33,1513.4,0.0,2.81,4250.03,1
2025-10-19,2025-10-19 13:32:00,1513.4,1513.47,1513.4,1513.47,0.0,2.81,4250.03,1
2025-10-19,2025-10-19 13:33:00,1513.47,1513.55,1513.47,1513.55,0.01,2.81,4250.03,1
2025-10-19,2025-10-19 13:34:00,1513.55,1513.62,1513.55,1513.62,0.0,2.81,4250.03,1
2025-10-19,2025-10-19 13:35:00,1513.62,1513.7,1513.62,1513.7,0.01,2.81,4250.03,1
2025-10-19,2025-10-19 13:36:00,1513.7,1513.78,1513.7,1513.78,0.01,2.81,4250.03,1
2025-10-19,2025-10-19 13:37:00,1513.78,1513.85,1513.78,1513.85,0.0,2.81,4250.03,1
2025-10-19,2025-10-19 13:38:00,1513.85,1513.92,1513.85,1513.92,0.0,2.81,4250.03,1
2025-10-19,2025-10-19 13:39:00,1513.92,1514.0,1513.92,1514.0,0.01,2.81,4250.03,1
2025-10-19,2025-10-19 13:40:00,1514.0,1514.08,1514.0,1514.08,0.01,2.81,4250.03,1
2025-10-19,2025-10-19 13:41:00,1514.08,1514.15,1514.08,1514.15,0.0,2.81,4250.03,1
2025-10-19,2025-10-19 13:42:00,1514.15,1514.22,1514.15,1514.22,0.0,2.81,4250.03,1
2025-10-19,2025-10-19 13:43:00,1514.22,1514.3,1514.22,1514.3,0.01,2.81,4250.03,1
2025-10-19,2025-10-19 13:44:00,1514.3,1514.38,1514.3,1514.38,0.01,2.81,4250.03,1
2025-10-19,2025-10-19 13:45:00,1514.38,1514.45,1514.38,1514.45,0.0,2.81,4250.03,1
2025-10-19,2025-10-19 13:46:00,1514.45,1514.53,1514.45,1514.53,0.01,2.81,4250.03,1
2025-10-19,2025-10-19 13:47:00,1514.53,1514.6,1514.53,1514.6,0.0,2.81,4250.03,1
2025-10-19,2025-10-19 13:48:00,1514.6,1514.67,1514.6,1514.67,0.0,2.81,4250.03,1
2025-10-19,2025-10-19 13:49:00,1514.67,1514.75,1514.67,1514.75,0.01,2.81,4250.03,1
2025-10-19,2025-10-19 13:50:00,1514.75,1514.83,1514.75,1514.83,0.01,2.81,4250.03,1
2025-10-19,2025-10-19 13:51:00,1514.83,1514.9,1514.83,1514.9,0.0,2.81,4250.03,1
2025-10-19,2025-10-19 13:52:00,1514.9,1514.97,1514.9,1514.97,0.0,2.81,4250.03,1
2025-10-19,2025-10-19 13:53:00,1514.97,1515.05,1514.97,1515.05,0.01,2.81,4250.03,1
2025-10-19,2025-10-19 13:54:00,1515.05,1515.12,1515.05,1515.12,0.0,2.81,4250.03,1
2025-10-19,2025-10-19 13:55:00,1515.12,1515.2,1515.12,1515.2,0.01,2.81,4250.03,1
2025-10-19,2025-10-19 13:56:00,1515.2,1515.28,1515.2,1515.28,0.01,2.81,4250.03,1
2025-10-19,2025-10-19 13:57:00,1515.28,1515.35,1515.28,1515.35,0.0,2.81,4250.03,1
2025-10-19,2025-10-19 13:58:00,1515.35,1515.42,1515.35,1515.42,0.0,2.81,4250.03,1
2025-10-19,2025-10-19 13:59:00,1515.42,1515.5,1515.42,1515.5,0.01,2.81,4250.03,1
2025-10-19,2025-10-19 14:00:00,1515.5,1515.58,1515.5,1515.58,0.01,2.81,4250.03,1
2025-10-19,2025-10-19 14:01:00,1515.58,1515.65,1515.58,1515.65,0.0,2.81,4250.03,1
2025-10-19,2025-10-19 14:02:00,1515.65,1515.72,1515.65,1515.72,0.0,2.81,4250.03,1
2025-10-19,2025-10-19 14:03:00,1515.72,1515.8,1515.72,1515.8,0.01,2.81,4250.03,1
2025-10-19,2025-10-19 14:04:00,1515.8,1515.88,1515.8,1515.88,0.01,2.81,4250.03,1
2025-10-19,2025-10-19 14:05:00,1515.88,1515.95,1515.88,1515.95,0.0,2.81,4250.03,1
2025-10-19,2025-10-19 14:06:00,1515.95,1516.03,1515.95,1516.03,0.01,2.81,4250.03,1
2025-10-19,2025-10-19 14:07:00,1516.03,1516.1,1516.03,1516.1,0.0,2.81,4250.03,1
2025-10-19,2025-10-19 14:08:00,1516.1,1516.17,1516.1,1516.17,0.0,2.81,4250.03,1
2025-10-19,2025-10-19 14:09:00,1516.17,1516.25,1516.17,1516.25,0.01,2.81,4250.03,1
2025-10-19,2025-10-19 14:10:00,1516.25,1516.33,1516.25,1516.33,0.01,2.81,4250.03,1
2025-10-19,2025-10-19 14:11:00,1516.33,1516.4,1516.33,1516.4,0.0,2.81,4250.03,1
2025-10-19,2025-10-19 14:12:00,1516.4,1516.47,1516.4,1516.47,0.0,2.81,4250.03,1
2025-10-19,2025-10-19 14:13:00,1516.47,1516.55,1516.47,1516.55,0.01,2.81,4250.03,1
2025-10-19,2025-10-19 14:14:00,1516.55,1516.62,1516.55,1516.62,0.0,2.81,4250.03,1
2025-10-19,2025-10-19 14:15:00,1516.62,1516.7,1516.62,1516.7,0.01,2.81,4250.03,1
2025-10-19,2025-10-19 14:16:00,1516.7,1516.78,1516.7,1516.78,0.01,2.81,4250.03,1
2025-10-19,2025-10-19 14:17:00,1516.78,1516.85,1516.78,1516.85,0.0,2.81,4250.03,1
2025-10-19,2025-10-19 14:18:00,1516.85,1516.92,1516.85,1516.92,0.0,2.81,4250.03,1
2025-10-19,2025-10-19 14:19:00,1516.92,1517.0,1516.92,1517.0,0.01,2.81,4250.03,1
2025-10-19,2025-10-19 14:20:00,1517.0,1517.08,1517.0,1517.08,0.01,2.81,4250.03,1
2025-10-19,2025-10-19 14:21:00,1517.08,1517.15,1517.08,1517.15,0.0,2.81,4250.03,1
2025-10-19,2025-10-19 14:22:00,1517.15,1517.22,1517.15,1517.22,0.0,2.81,4250.03,1
2025-10-19,2025-10-19 14:23:00,1517.22,1517.3,1517.22,1517.3,0.01,2.81,4250.03,1
2025-10-19,2025-10-19 14:24:00,1517.3,1517.38,1517.3,1517.38,0.01,2.81,4250.03,1
2025-10-19,2025-10-19 14:25:00,1517.38,1517.45,1517.38,1517.45,0.0,2.81,4250.03,1
2025-10-19,2025-10-19 14:26:00,1517.45,1517.53,1517.45,1517.53,0.01,2.81,4250.03,1
2025-10-19,2025-10-19 14:27:00,1517.53,1517.6,1517.53,1517.6,0.0,2.81,4250.03,1
2025-10-19,2025-10-19 14:28:00,1517.6,1517.67,1517.6,1517.67,0.0,2.81,4250.03,1
2025-10-19,2025-10-19 14:29:00,1517.67,1517.75,1517.67,1517.75,0.01,2.81,4250.03,1
2025-10-19,2025-10-19 14:30:00,1517.75,1517.83,1517.75,1517.83,0.01,2.81,4250.03,1
2025-10-19,2025-10-19 14:31:00,1517.83,1517.9,1517.83,1517.9,0.0,2.81,4250.03,1
2025-10-19,2025-10-19 14:32:00,1517.9,1517.97,1517.9,1517.97,0.0,2.81,4250.03,1
2025-10-19,2025-10-19 14:33:00,1517.97,1518.05,1517.97,1518.05,0.01,2.81,4250.03,1
2025-10-19,2025-10-19 14:34:00,1518.05,1518.12,1518.05,1518.12,0.0,2.81,4250.03,1
2025-10-19,2025-10-19 14:35:00,1518.12,1518.2,1518.12,1518.2,0.01,2.81,4250.03,1
2025-10-19,2025-10-19 14:36:00,1518.2,1518.28,1518.2,1518.28,0.01,2.81,4250.03,1
2025-10-19,2025-10-19 14:37:00,1518.28,1518.35,1518.28,1518.35,0.0,2.81,4250.03,1
2025-10-19,2025-10-19 14:38:00,1518.35,1518.42,1518.35,1518.42,0.0,2.81,4250.03,1
2025-10-19,2025-10-19 14:39:00,1518.42,1518.5,1518.42,1518.5,0.01,2.81,4250.03,1
2025-10-19,2025-10-19 14:40:00,1518.5,1518.58,1518.5,1518.58,0.01,2.81,4250.03,1
2025-10-19,2025-10-19 14:41:00,1518.58,1518.65,1518.58,1518.65,0.0,2.81,4250.03,1
2025-10-19,2025-10-19 14:42:00,1518.65,1518.72,1518.65,1518.72,0.0,2.81,4250.03,1
2025-10-19,2025-10-19 14:43:00,1518.72,1518.8,1518.72,1518.8,0.01,2.81,4250.03,1
2025-10-19,2025-10-19 14:44:00,1518.8,1518.88,1518.8,1518.88,0.01,2.81,4250.03,1
2025-10-19,2025-10-19 14:45:00,1518.88,1518.95,1518.88,1518.95,0.0,2.81,4250.03,1
2025-10-19,2025-10-19 14:46:00,1518.95,1519.03,1518.95,1519.03,0.01,2.81,4250.03,1
2025-10-19,2025-10-19 14:47:00,1519.03,1519.1,1519.03,1519.1,0.0,2.81,4250.03,1
2025-10-19,2025-10-19 14:48:00,1519.1,1519.17,1519.1,1519.17,0.0,2.81,4250.03,1
2025-10-19,2025-10-19 14:49:00,1519.17,1519.25,1519.17,1519.25,0.01,2.81,4250.03,1
2025-10-19,2025-10-19 14:50:00,1519.25,1519.33,1519.25,1519.33,0.01,2.81,4250.03,1
2025-10-19,2025-10-19 14:51:00,1519.33,1519.4,1519.33,1519.4,0.0,2.81,4250.03,1
2025-10-19,2025-10-19 14:52:00,1519.4,1519.47,1519.4,1519.47,0.0,2.81,4250.03,1
2025-10-19,2025-10-19 14:53:00,1519.47,1519.55,1519.47,1519.55,0.01,2.81,4250.03,1
2025-10-19,2025-10-19 14:54:00,1519.55,1519.62,1519.55,1519.62,0.0,2.81,4250.03,1
2025-10-19,2025-10-19 14:55:00,1519.62,1519.7,1519.62,1519.7,0.01,2.81,4250.03,1
2025-10-19,2025-10-19 14:56:00,1519.7,1519.78,1519.7,1519.78,0.01,2.81,4250.03,1
2025-10-19,2025-10-19 14:57:00,1519.78,1519.85,1519.78,1519.85,0.0,2.81,4250.03,1
2025-10-19,2025-10-19 14:58:00,1519.85,1519.92,1519.85,1519.92,0.0,2.81,4250.03,1
2025-10-19,2025-10-19 14:59:00,1519.92,1520.0,1519.92,1520.0,0.01,2.81,4250.03,1
2025-10-19,2025-10-19 15:00:00,1520.0,1530.0,1502.0,1520.0,0.0,2.81,4250.03,0
2025-10-26,2025-10-26 11:00:00,1492.0,1528.0,1486.3,1492.15,0.01,11.38,16982.81,1
2025-10-26,2025-10-26 11:01:00,1492.15,1492.29,1492.15,1492.29,0.01,11.38,16982.81,1
2025-10-26,2025-10-26 11:02:00,1492.29,1492.44,1492.29,1492.44,0.01,11.38,16982.81,1
2025-10-26,2025-10-26 11:03:00,1492.44,1492.58,1492.44,1492.58,0.01,11.38,16982.81,1
2025-10-26,2025-10-26 11:04:00,1492.58,1492.73,1492.58,1492.73,0.01,11.38,16982.81,1
2025-10-26,2025-10-26 11:05:00,1492.73,1492.88,1492.73,1492.88,0.01,11.38,16982.81,1
2025-10-26,2025-10-26 11:06:00,1492.88,1493.02,1492.88,1493.02,0.01,11.38,16982.81,1
2025-10-26,2025-10-26 11:07:00,1493.02,1493.17,1493.02,1493.17,0.01,11.38,16982.81,1
2025-10-26,2025-10-26 11:08:00,1493.17,1493.31,1493.17,1493.31,0.01,11.38,16982.81,1
2025-10-26,2025-10-26 11:09:00,1493.31,1493.46,1493.31,1493.46,0.01,11.38,16982.81,1
2025-10-26,2025-10-26 11:10:00,1493.46,1493.6,1493.46,1493.6,0.01,11.38,16982.81,1
2025-10-26,2025-10-26 11:11:00,1493.6,1493.75,1493.6,1493.75,0.01,11.38,16982.81,1
2025-10-26,2025-10-26 11:12:00,1493.75,1493.9,1493.75,1493.9,0.01,11.38,16982.81,1
2025-10-26,2025-10-26 11:13:00,1493.9,1494.04,1493.9,1494.04,0.01,11.38,16982.81,1
2025-10-26,2025-10-26 11:14:00,1494.04,1494.19,1494.04,1494.19,0.01,11.38,16982.81,1
2025-10-26,2025-10-26 11:15:00,1494.19,1494.33,1494.19,1494.33,0.01,11.38,16982.81,1
2025-10-26,2025-10-26 11:16:00,1494.33,1494.48,1494.33,1494.48,0.01,11.38,16982.81,1
2025-10-26,2025-10-26 11:17:00,1494.48,1494.62,1494.48,1494.62,0.01,11.38,16982.81,1
2025-10-26,2025-10-26 11:18:00,1494.62,1494.77,1494.62,1494.77,0.01,11.38,16982.81,1
2025-10-26,2025-10-26 11:19:00,1494.77,1494.92,1494.77,1494.92,0.01,11.38,16982.81,1
2025-10-26,2025-10-26 11:20:00,1494.92,1495.06,1494.92,1495.06,0.01,11.38,16982.81,1
2025-10-26,2025-10-26 11:21:00,1495.06,1495.21,1495.06,1495.21,0.01,11.38,16982.81,1
2025-10-26,2025-10-26 11:22:00,1495.21,1495.35,1495.21,1495.35,0.01,11.38,16982.81,1
2025-10-26,2025-10-26 11:23:00,1495.35,1495.5,1495.35,1495.5,0.01,11.38,16982.81,1
2025-10-26,2025-10-26 11:24:00,1495.5,1495.65,1495.5,1495.65,0.01,11.38,16982.81,1
2025-10-26,2025-10-26 11:25:00,1495.65,1495.79,1495.65,1495.79,0.01,11.38,16982.81,1
2025-10-26,2025-10-26 11:26:00,1495.79,1495.94,1495.79,1495.94,0.01,11.38,16982.81,1
2025-10-26,2025-10-26 11:27:00,1495.94,1496.08,1495.94,1496.08,0.01,11.38,16982.81,1
2025-10-26,2025-10-26 11:28:00,1496.08,1496.23,1496.08,1496.23,0.01,11.38,16982.81,1
2025-10-26,2025-10-26 11:29:00,1496.23,1496.38,1496.23,1496.38,0.01,11.38,16982.81,1
2025-10-26,2025-10-26 11:30:00,1496.38,1496.52,1496.38,1496.52,0.01,11.38,16982.81,1
2025-10-26,2025-10-26 11:31:00,1496.52,1496.67,1496.52,1496.67,0.01,11.38,16982.81,1
2025-10-26,2025-10-26 11:32:00,1496.67,1496.81,1496.67,1496.81,0.01,11.38,16982.81,1
2025-10-26,2025-10-26 11:33:00,1496.81,1496.96,1496.81,1496.96,0.01,11.38,16982.81,1
2025-10-26,2025-10-26 11:34:00,1496.96,1497.1,1496.96,1497.1,0.01,11.38,16982.81,1
2025-10-26,2025-10-26 11:35:00,1497.1,1497.25,1497.1,1497.25,0.01,11.38,16982.81,1
2025-10-26,2025-10-26 11:36:00,1497.25,1497.4,1497.25,1497.4,0.01,11.38,16982.81,1
2025-10-26,2025-10-26 11:37:00,1497.4,1497.54,1497.4,1497.54,0.01,11.38,16982.81,1
2025-10-26,2025-10-26 11:38:00,1497.54,1497.69,1497.54,1497.69,0.01,11.38,16982.81,1
2025-10-26,2025-10-26 11:39:00,1497.69,1497.83,1497.69,1497.83,0.01,11.38,16982.81,1
2025-10-26,2025-10-26 11:40:00,1497.83,1497.98,1497.83,1497.98,0.01,11.38,16982.81,1
2025-10-26,2025-10-26 11:41:00,1497.98,1498.12,1497.98,1498.12,0.01,11.38,16982.81,1
2025-10-26,2025-10-26 11:42:00,1498.12,1498.27,1498.12,1498.27,0.01,11.38,16982.81,1
2025-10-26,2025-10-26 11:43:00,1498.27,1498.42,1498.27,1498.42,0.01,11.38,16982.81,1
2025-10-26,2025-10-26 11:44:00,1498.42,1498.56,1498.42,1498.56,0.01,11.38,16982.81,1
2025-10-26,2025-10-26 11:45:00,1498.56,1498.71,1498.56,1498.71,0.01,11.38,16982.81,1
2025-10-26,2025-10-26 11:46:00,1498.71,1498.85,1498.71,1498.85,0.01,11.38,16982.81,1
2025-10-26,2025-10-26 11:47:00,1498.85,1499.0,1498.85,1499.0,0.01,11.38,16982.81,1
2025-10-26,2025-10-26 11:48:00,1499.0,1499.15,1499.0,1499.15,0.01,11.38,16982.81,1
2025-10-26,2025-10-26 11:49:00,1499.15,1499.29,1499.15,1499.29,0.01,11.38,16982.81,1
2025-10-26,2025-10-26 11:50:00,1499.29,1499.44,1499.29,1499.44,0.01,11.38,16982.81,1
2025-10-26,2025-10-26 11:51:00,1499.44,1499.58,1499.44,1499.58,0.01,11.38,16982.81,1
2025-10-26,2025-10-26 11:52:00,1499.58,1499.73,1499.58,1499.73,0.01,11.38,16982.81,1
2025-10-26,2025-10-26 11:53:00,1499.73,1499.88,1499.73,1499.88,0.01,11.38,16982.81,1
2025-10-26,2025-10-26 11:54:00,1499.88,1500.02,1499.88,1500.02,0.01,11.38,16982.81,1
2025-10-26,2025-10-26 11:55:00,1500.02,1500.17,1500.02,1500.17,0.01,11.38,16982.81,1
2025-10-26,2025-10-26 11:56:00,1500.17,1500.31,1500.17,1500.31,0.01,11.38,16982.81,1
2025-10-26,2025-10-26 11:57:00,1500.31,1500.46,1500.31,1500.46,0.01,11.38,16982.81,1
2025-10-26,2025-10-26 11:58:00,1500.46,1500.6,1500.46,1500.6,0.01,11.38,16982.81,1
2025-10-26,2025-10-26 11:59:00,1500.6,1500.75,1500.6,1500.75,0.01,11.38,16982.81,1
2025-10-26,2025-10-26 12:00:00,1500.75,1500.9,1500.75,1500.9,0.01,11.38,16982.81,1
2025-10-26,2025-10-26 12:01:00,1500.9,1501.04,1500.9,1501.04,0.01,11.38,16982.81,1
2025-10-26,2025-10-26 12:02:00,1501.04,1501.19,1501.04,1501.19,0.01,11.38,16982.81,1
2025-10-26,2025-10-26 12:03:00,1501.19,1501.33,1501.19,1501.33,0.01,11.38,16982.81,1
2025-10-26,2025-10-26 12:04:00,1501.33,1501.48,1501.33,1501.48,0.01,11.38,16982.81,1
2025-10-26,2025-10-26 12:05:00,1501.48,1501.62,1501.48,1501.62,0.01,11.38,16982.81,1
2025-10-26,2025-10-26 12:06:00,1501.62,1501.77,1501.62,1501.77,0.01,11.38,16982.81,1
2025-10-26,2025-10-26 12:07:00,1501.77,1501.92,1501.77,1501.92,0.01,11.38,16982.81,1
2025-10-26,2025-10-26 12:08:00,1501.92,1502.06,1501.92,1502.06,0.01,11.38,16982.81,1
2025-10-26,2025-10-26 12:09:00,1502.06,1502.21,1502.06,1502.21,0.01,11.38,16982.81,1
2025-10-26,2025-10-26 12:10:00,1502.21,1502.35,1502.21,1502.35,0.01,11.38,16982.81,1
2025-10-26,2025-10-26 12:11:00,1502.35,1502.5,1502.35,1502.5,0.01,11.38,16982.81,1
2025-10-26,2025-10-26 12:12:00,1502.5,1502.65,1502.5,1502.65,0.01,11.38,16982.81,1
2025-10-26,2025-10-26 12:13:00,1502.65,1502.79,1502.65,1502.79,0.01,11.38,16982.81,1
2025-10-26,2025-10-26 12:14:00,1502.79,1502.94,1502.79,1502.94,0.01,11.38,16982.81,1
2025-10-26,2025-10-26 12:15:00,1502.94,1503.08,1502.94,1503.08,0.01,11.38,16982.81,1
2025-10-26,2025-10-26 12:16:00,1503.08,1503.23,1503.08,1503.23,0.01,11.38,16982.81,1
2025-10-26,2025-10-26 12:17:00,1503.23,1503.38,1503.23,1503.38,0.01,11.38,16982.81,1
2025-10-26,2025-10-26 12:18:00,1503.38,1503.52,1503.38,1503.52,0.01,11.38,16982.81,1
2025-10-26,2025-10-26 12:19:00,1503.52,1503.67,1503.52,1503.67,0.01,11.38,16982.81,1
2025-10-26,2025-10-26 12:20:00,1503.67,1503.81,1503.67,1503.81,0.01,11.38,16982.81,1
2025-10-26,2025-10-26 12:21:00,1503.81,1503.96,1503.81,1503.96,0.01,11.38,16982.81,1
2025-10-26,2025-10-26 12:22:00,1503.96,1504.1,1503.96,1504.1,0.01,11.38,16982.81,1
2025-10-26,2025-10-26 12:23:00,1504.1,1504.25,1504.1,1504.25,0.01,11.38,16982.81,1
2025-10-26,2025-10-26 12:24:00,1504.25,1504.4,1504.25,1504.4,0.01,11.38,16982.81,1
2025-10-26,2025-10-26 12:25:00,1504.4,1504.54,1504.4,1504.54,0.01,11.38,16982.81,1
2025-10-26,2025-10-26 12:26:00,1504.54,1504.69,1504.54,1504.69,0.01,11.38,16982.81,1
2025-10-26,2025-10-26 12:27:00,1504.69,1504.83,1504.69,1504.83,0.01,11.38,16982.81,1
2025-10-26,2025-10-26 12:28:00,1504.83,1504.98,1504.83,1504.98,0.01,11.38,16982.81,1
2025-10-26,2025-10-26 12:29:00,1504.98,1505.12,1504.98,1505.12,0.01,11.38,16982.81,1
2025-10-26,2025-10-26 12:30:00,1505.12,1505.27,1505.12,1505.27,0.01,11.38,16982.81,1
2025-10-26,2025-10-26 12:31:00,1505.27,1505.42,1505.27,1505.42,0.01,11.38,16982.81,1
2025-10-26,2025-10-26 12:32:00,1505.42,1505.56,1505.42,1505.56,0.01,11.38,16982.81,1
2025-10-26,2025-10-26 12:33:00,1505.56,1505.71,1505.56,1505.71,0.01,11.38,16982.81,1
2025-10-26,2025-10-26 12:34:00,1505.71,1505.85,1505.71,1505.85,0.01,11.38,16982.81,1
2025-10-26,2025-10-26 12:35:00,1505.85,1506.0,1505.85,1506.0,0.01,11.38,16982.81,1
2025-10-26,2025-10-26 12:36:00,1506.0,1506.15,1506.0,1506.15,0.01,11.38,16982.81,1
2025-10-26,2025-10-26 12:37:00,1506.15,1506.29,1506.15,1506.29,0.01,11.38,16982.81,1
2025-10-26,2025-10-26 12:38:00,1506.29,1506.44,1506.29,1506.44,0.01,11.38,16982.81,1
2025-10-26,2025-10-26 12:39:00,1506.44,1506.58,1506.44,1506.58,0.01,11.38,16982.81,1
2025-10-26,2025-10-26 12:40:00,1506.58,1506.73,1506.58,1506.73,0.01,11.38,16982.81,1
2025-10-26,2025-10-26 12:41:00,1506.73,1506.88,1506.73,1506.88,0.01,11.38,16982.81,1
2025-10-26,2025-10-26 12:42:00,1506.88,1507.02,1506.88,1507.02,0.01,11.38,16982.81,1
2025-10-26,2025-10-26 12:43:00,1507.02,1507.17,1507.02,1507.17,0.01,11.38,16982.81,1
2025-10-26,2025-10-26 12:44:00,1507.17,1507.31,1507.17,1507.31,0.01,11.38,16982.81,1
2025-10-26,2025-10-26 12:45:00,1507.31,1507.46,1507.31,1507.46,0.01,11.38,16982.81,1
2025-10-26,2025-10-26 12:46:00,1507.46,1507.6,1507.46,1507.6,0.01,11.38,16982.81,1
2025-10-26,2025-10-26 12:47:00,1507.6,1507.75,1507.6,1507.75,0.01,11.38,16982.81,1
2025-10-26,2025-10-26 12:48:00,1507.75,1507.9,1507.75,1507.9,0.01,11.38,16982.81,1
2025-10-26,2025-10-26 12:49:00,1507.9,1508.04,1507.9,1508.04,0.01,11.38,16982.81,1
2025-10-26,2025-10-26 12:50:00,1508.04,1508.19,1508.04,1508.19,0.01,11.38,16982.81,1
2025-10-26,2025-10-26 12:51:00,1508.19,1508.33,1508.19,1508.33,0.01,11.38,16982.81,1
2025-10-26,2025-10-26 12:52:00,1508.33,1508.48,1508.33,1508.48,0.01,11.38,16982.81,1
2025-10-26,2025-10-26 12:53:00,1508.48,1508.62,1508.48,1508.62,0.01,11.38,16982.81,1
2025-10-26,2025-10-26 12:54:00,1508.62,1508.77,1508.62,1508.77,0.01,11.38,16982.81,1
2025-10-26,2025-10-26 12:55:00,1508.77,1508.92,1508.77,1508.92,0.01,11.38,16982.81,1
2025-10-26,2025-10-26 12:56:00,1508.92,1509.06,1508.92,1509.06,0.01,11.38,16982.81,1
2025-10-26,2025-10-26 12:57:00,1509.06,1509.21,1509.06,1509.21,0.01,11.38,16982.81,1
2025-10-26,2025-10-26 12:58:00,1509.21,1509.35,1509.21,1509.35,0.01,11.38,16982.81,1
2025-10-26,2025-10-26 12:59:00,1509.35,1509.5,1509.35,1509.5,0.01,11.38,16982.81,1
2025-10-26,2025-10-26 13:00:00,1509.5,1612.0,1473.0,1509.65,0.01,11.38,16982.81,1
2025-10-26,2025-10-26 13:01:00,1509.65,1509.79,1509.65,1509.79,0.01,11.38,16982.81,1
2025-10-26,2025-10-26 13:02:00,1509.79,1509.94,1509.79,1509.94,0.01,11.38,16982.81,1
2025-10-26,2025-10-26 13:03:00,1509.94,1510.08,1509.94,1510.08,0.01,11.38,16982.81,1
2025-10-26,2025-10-26 13:04:00,1510.08,1510.23,1510.08,1510.23,0.01,11.38,16982.81,1
2025-10-26,2025-10-26 13:05:00,1510.23,1510.38,1510.23,1510.38,0.01,11.38,16982.81,1
2025-10-26,2025-10-26 13:06:00,1510.38,1510.52,1510.38,1510.52,0.01,11.38,16982.81,1
2025-10-26,2025-10-26 13:07:00,1510.52,1510.67,1510.52,1510.67,0.01,11.38,16982.81,1
2025-10-26,2025-10-26 13:08:00,1510.67,1510.81,1510.67,1510.81,0.01,11.38,16982.81,1
2025-10-26,2025-10-26 13:09:00,1510.81,1510.96,1510.81,1510.96,0.01,11.38,16982.81,1
2025-10-26,2025-10-26 13:10:00,1510.96,1511.1,1510.96,1511.1,0.01,11.38,16982.81,1
2025-10-26,2025-10-26 13:11:00,1511.1,1511.25,1511.1,1511.25,0.01,11.38,16982.81,1
2025-10-26,2025-10-26 13:12:00,1511.25,1511.4,1511.25,1511.4,0.01,11.38,16982.81,1
2025-10-26,2025-10-26 13:13:00,1511.4,1511.54,1511.4,1511.54,0.01,11.38,16982.81,1
2025-10-26,2025-10-26 13:14:00,1511.54,1511.69,1511.54,1511.69,0.01,11.38,16982.81,1
2025-10-26,2025-10-26 13:15:00,1511.69,1511.83,1511.69,1511.83,0.01,11.38,16982.81,1
2025-10-26,2025-10-26 13:16:00,1511.83,1511.98,1511.83,1511.98,0.01,11.38,16982.81,1
2025-10-26,2025-10-26 13:17:00,1511.98,1512.12,1511.98,1512.12,0.01,11.38,16982.81,1
2025-10-26,2025-10-26 13:18:00,1512.12,1512.27,1512.12,1512.27,0.01,11.38,16982.81,1
2025-10-26,2025-10-26 13:19:00,1512.27,1512.42,1512.27,1512.42,0.01,11.38,16982.81,1
2025-10-26,2025-10-26 13:20:00,1512.42,1512.56,1512.42,1512.56,0.01,11.38,16982.81,1
2025-10-26,2025-10-26 13:21:00,1512.56,1512.71,1512.56,1512.71,0.01,11.38,16982.81,1
2025-10-26,2025-10-26 13:22:00,1512.71,1512.85,1512.71,1512.85,0.01,11.38,16982.81,1
2025-10-26,2025-10-26 13:23:00,1512.85,1513.0,1512.85,1513.0,0.01,11.38,16982.81,1
2025-10-26,2025-10-26 13:24:00,1513.0,1513.15,1513.0,1513.15,0.01,11.38,16982.81,1
2025-10-26,2025-10-26 13:25:00,1513.15,1513.29,1513.15,1513.29,0.01,11.38,16982.81,1
2025-10-26,2025-10-26 13:26:00,1513.29,1513.44,1513.29,1513.44,0.01,11.38,16982.81,1
2025-10-26,2025-10-26 13:27:00,1513.44,1513.58,1513.44,1513.58,0.01,11.38,16982.81,1
2025-10-26,2025-10-26 13:28:00,1513.58,1513.73,1513.58,1513.73,0.01,11.38,16982.81,1
2025-10-26,2025-10-26 13:29:00,1513.73,1513.88,1513.73,1513.88,0.01,11.38,16982.81,1
2025-10-26,2025-10-26 13:30:00,1513.88,1514.02,1513.88,1514.02,0.01,11.38,16982.81,1
2025-10-26,2025-10-26 13:31:00,1514.02,1514.17,1514.02,1514.17,0.01,11.38,16982.81,1
2025-10-26,2025-10-26 13:32:00,1514.17,1514.31,1514.17,1514.31,0.01,11.38,16982.81,1
2025-10-26,2025-10-26 13:33:00,1514.31,1514.46,1514.31,1514.46,0.01,11.38,16982.81,1
2025-10-26,2025-10-26 13:34:00,1514.46,1514.6,1514.46,1514.6,0.01,11.38,16982.81,1
2025-10-26,2025-10-26 13:35:00,1514.6,1514.75,1514.6,1514.75,0.01,11.38,16982.81,1
2025-10-26,2025-10-26 13:36:00,1514.75,1514.9,1514.75,1514.9,0.01,11.38,16982.81,1
2025-10-26,2025-10-26 13:37:00,1514.9,1515.04,1514.9,1515.04,0.01,11.38,16982.81,1
2025-10-26,2025-10-26 13:38:00,1515.04,1515.19,1515.04,1515.19,0.01,11.38,16982.81,1
2025-10-26,2025-10-26 13:39:00,1515.19,1515.33,1515.19,1515.33,0.01,11.38,16982.81,1
2025-10-26,2025-10-26 13:40:00,1515.33,1515.48,1515.33,1515.48,0.01,11.38,16982.81,1
2025-10-26,2025-10-26 13:41:00,1515.48,1515.62,1515.48,1515.62,0.01,11.38,16982.81,1
2025-10-26,2025-10-26 13:42:00,1515.62,1515.77,1515.62,1515.77,0.01,11.38,16982.81,1
2025-10-26,2025-10-26 13:43:00,1515.77,1515.92,1515.77,1515.92,0.01,11.38,16982.81,1
2025-10-26,2025-10-26 13:44:00,1515.92,1516.06,1515.92,1516.06,0.01,11.38,16982.81,1
2025-10-26,2025-10-26 13:45:00,1516.06,1516.21,1516.06,1516.21,0.01,11.38,16982.81,1
2025-10-26,2025-10-26 13:46:00,1516.21,1516.35,1516.21,1516.35,0.01,11.38,16982.81,1
2025-10-26,2025-10-26 13:47:00,1516.35,1516.5,1516.35,1516.5,0.01,11.38,16982.81,1
2025-10-26,2025-10-26 13:48:00,1516.5,1516.65,1516.5,1516.65,0.01,11.38,16982.81,1
2025-10-26,2025-10-26 13:49:00,1516.65,1516.79,1516.65,1516.79,0.01,11.38,16982.81,1
2025-10-26,2025-10-26 13:50:00,1516.79,1516.94,1516.79,1516.94,0.01,11.38,16982.81,1
2025-10-26,2025-10-26 13:51:00,1516.94,1517.08,1516.94,1517.08,0.01,11.38,16982.81,1
2025-10-26,2025-10-26 13:52:00,1517.08,1517.23,1517.08,1517.23,0.01,11.38,16982.81,1
2025-10-26,2025-10-26 13:53:00,1517.23,1517.38,1517.23,1517.38,0.01,11.38,16982.81,1
2025-10-26,2025-10-26 13:54:00,1517.38,1517.52,1517.38,1517.52,0.01,11.38,16982.81,1
2025-10-26,2025-10-26 13:55:00,1517.52,1517.67,1517.52,1517.67,0.01,11.38,16982.81,1
2025-10-26,2025-10-26 13:56:00,1517.67,1517.81,1517.67,1517.81,0.01,11.38,16982.81,1
2025-10-26,2025-10-26 13:57:00,1517.81,1517.96,1517.81,1517.96,0.01,11.38,16982.81,1
2025-10-26,2025-10-26 13:58:00,1517.96,1518.1,1517.96,1518.1,0.01,11.38,16982.81,1
2025-10-26,2025-10-26 13:59:00,1518.1,1518.25,1518.1,1518.25,0.01,11.38,16982.81,1
2025-10-26,2025-10-26 14:00:00,1518.25,1518.4,1518.25,1518.4,0.01,11.38,16982.81,1
2025-10-26,2025-10-26 14:01:00,1518.4,1518.54,1518.4,1518.54,0.01,11.38,16982.81,1
2025-10-26,2025-10-26 14:02:00,1518.54,1518.69,1518.54,1518.69,0.01,11.38,16982.81,1
2025-10-26,2025-10-26 14:03:00,1518.69,1518.83,1518.69,1518.83,0.01,11.38,16982.81,1
2025-10-26,2025-10-26 14:04:00,1518.83,1518.98,1518.83,1518.98,0.01,11.38,16982.81,1
2025-10-26,2025-10-26 14:05:00,1518.98,1519.12,1518.98,1519.12,0.01,11.38,16982.81,1
2025-10-26,2025-10-26 14:06:00,1519.12,1519.27,1519.12,1519.27,0.01,11.38,16982.81,1
2025-10-26,2025-10-26 14:07:00,1519.27,1519.42,1519.27,1519.42,0.01,11.38,16982.81,1
2025-10-26,2025-10-26 14:08:00,1519.42,1519.56,1519.42,1519.56,0.01,11.38,16982.81,1
2025-10-26,2025-10-26 14:09:00,1519.56,1519.71,1519.56,1519.71,0.01,11.38,16982.81,1
2025-10-26,2025-10-26 14:10:00,1519.71,1519.85,1519.71,1519.85,0.01,11.38,16982.81,1
2025-10-26,2025-10-26 14:11:00,1519.85,1520.0,1519.85,1520.0,0.01,11.38,16982.81,1
2025-10-26,2025-10-26 14:12:00,1520.0,1520.15,1520.0,1520.15,0.01,11.38,16982.81,1
2025-10-26,2025-10-26 14:13:00,1520.15,1520.29,1520.15,1520.29,0.01,11.38,16982.81,1
2025-10-26,2025-10-26 14:14:00,1520.29,1520.44,1520.29,1520.44,0.01,11.38,16982.81,1
2025-10-26,2025-10-26 14:15:00,1520.44,1520.58,1520.44,1520.58,0.01,11.38,16982.81,1
2025-10-26,2025-10-26 14:16:00,1520.58,1520.73,1520.58,1520.73,0.01,11.38,16982.81,1
2025-10-26,2025-10-26 14:17:00,1520.73,1520.88,1520.73,1520.88,0.01,11.38,16982.81,1
2025-10-26,2025-10-26 14:18:00,1520.88,1521.02,1520.88,1521.02,0.01,11.38,16982.81,1
2025-10-26,2025-10-26 14:19:00,1521.02,1521.17,1521.02,1521.17,0.01,11.38,16982.81,1
2025-10-26,2025-10-26 14:20:00,1521.17,1521.31,1521.17,1521.31,0.01,11.38,16982.81,1
2025-10-26,2025-10-26 14:21:00,1521.31,1521.46,1521.31,1521.46,0.01,11.38,16982.81,1
2025-10-26,2025-10-26 14:22:00,1521.46,1521.6,1521.46,1521.6,0.01,11.38,16982.81,1
2025-10-26,2025-10-26 14:23:00,1521.6,1521.75,1521.6,1521.75,0.01,11.38,16982.81,1
2025-10-26,2025-10-26 14:24:00,1521.75,1521.9,1521.75,1521.9,0.01,11.38,16982.81,1
2025-10-26,2025-10-26 14:25:00,1521.9,1522.04,1521.9,1522.04,0.01,11.38,16982.81,1
2025-10-26,2025-10-26 14:26:00,1522.04,1522.19,1522.04,1522.19,0.01,11.38,16982.81,1
2025-10-26,2025-10-26 14:27:00,1522.19,1522.33,1522.19,1522.33,0.01,11.38,16982.81,1
2025-10-26,2025-10-26 14:28:00,1522.33,1522.48,1522.33,1522.48,0.01,11.38,16982.81,1
2025-10-26,2025-10-26 14:29:00,1522.48,1522.62,1522.48,1522.62,0.01,11.38,16982.81,1
2025-10-26,2025-10-26 14:30:00,1522.62,1522.77,1522.62,1522.77,0.01,11.38,16982.81,1
2025-10-26,2025-10-26 14:31:00,1522.77,1522.92,1522.77,1522.92,0.01,11.38,16982.81,1
2025-10-26,2025-10-26 14:32:00,1522.92,1523.06,1522.92,1523.06,0.01,11.38,16982.81,1
2025-10-26,2025-10-26 14:33:00,1523.06,1523.21,1523.06,1523.21,0.01,11.38,16982.81,1
2025-10-26,2025-10-26 14:34:00,1523.21,1523.35,1523.21,1523.35,0.01,11.38,16982.81,1
2025-10-26,2025-10-26 14:35:00,1523.35,1523.5,1523.35,1523.5,0.01,11.38,16982.81,1
2025-10-26,2025-10-26 14:36:00,1523.5,1523.65,1523.5,1523.65,0.01,11.38,16982.81,1
2025-10-26,2025-10-26 14:37:00,1523.65,1523.79,1523.65,1523.79,0.01,11.38,16982.81,1
2025-10-26,2025-10-26 14:38:00,1523.79,1523.94,1523.79,1523.94,0.01,11.38,16982.81,1
2025-10-26,2025-10-26 14:39:00,1523.94,1524.08,1523.94,1524.08,0.01,11.38,16982.81,1
2025-10-26,2025-10-26 14:40:00,1524.08,1524.23,1524.08,1524.23,0.01,11.38,16982.81,1
2025-10-26,2025-10-26 14:41:00,1524.23,1524.38,1524.23,1524.38,0.01,11.38,16982.81,1
2025-10-26,2025-10-26 14:42:00,1524.38,1524.52,1524.38,1524.52,0.01,11.38,16982.81,1
2025-10-26,2025-10-26 14:43:00,1524.52,1524.67,1524.52,1524.67,0.01,11.38,16982.81,1
2025-10-26,2025-10-26 14:44:00,1524.67,1524.81,1524.67,1524.81,0.01,11.38,16982.81,1
2025-10-26,2025-10-26 14:45:00,1524.81,1524.96,1524.81,1524.96,0.01,11.38,16982.81,1
2025-10-26,2025-10-26 14:46:00,1524.96,1525.1,1524.96,1525.1,0.01,11.38,16982.81,1
2025-10-26,2025-10-26 14:47:00,1525.1,1525.25,1525.1,1525.25,0.01,11.38,16982.81,1
2025-10-26,2025-10-26 14:48:00,1525.25,1525.4,1525.25,1525.4,0.01,11.38,16982.81,1
2025-10-26,2025-10-26 14:49:00,1525.4,1525.54,1525.4,1525.54,0.01,11.38,16982.81,1
2025-10-26,2025-10-26 14:50:00,1525.54,1525.69,1525.54,1525.69,0.01,11.38,16982.81,1
2025-10-26,2025-10-26 14:51:00,1525.69,1525.83,1525.69,1525.83,0.01,11.38,16982.81,1
2025-10-26,2025-10-26 14:52:00,1525.83,1525.98,1525.83,1525.98,0.01,11.38,16982.81,1
2025-10-26,2025-10-26 14:53:00,1525.98,1526.12,1525.98,1526.12,0.01,11.38,16982.81,1
2025-10-26,2025-10-26 14:54:00,1526.12,1526.27,1526.12,1526.27,0.01,11.38,16982.81,1
2025-10-26,2025-10-26 14:55:00,1526.27,1526.42,1526.27,1526.42,0.01,11.38,16982.81,1
2025-10-26,2025-10-26 14:56:00,1526.42,1526.56,1526.42,1526.56,0.01,11.38,16982.81,1
2025-10-26,2025-10-26 14:57:00,1526.56,1526.71,1526.56,1526.71,0.01,11.38,16982.81,1
2025-10-26,2025-10-26 14:58:00,1526.71,1526.85,1526.71,1526.85,0.01,11.38,16982.81,1
2025-10-26,2025-10-26 14:59:00,1526.85,1527.0,1526.85,1527.0,0.01,11.38,16982.81,1
2025-10-26,2025-10-26 15:00:00,1527.0,1612.0,1473.0,1527.0,0.0,11.38,16982.81,0
2025-10-28,2025-10-28 11:00:00,1534.0,1547.8,1534.0,1534.17,0.01,4.91,7666.7,1
2025-10-28,2025-10-28 11:01:00,1534.17,1534.34,1534.17,1534.34,0.01,4.91,7666.7,1
2025-10-28,2025-10-28 11:02:00,1534.34,1534.51,1534.34,1534.51,0.01,4.91,7666.7,1
2025-10-28,2025-10-28 11:03:00,1534.51,1534.68,1534.51,1534.68,0.01,4.91,7666.7,1
2025-10-28,2025-10-28 11:04:00,1534.68,1534.85,1534.68,1534.85,0.01,4.91,7666.7,1
2025-10-28,2025-10-28 11:05:00,1534.85,1535.03,1534.85,1535.03,0.01,4.91,7666.7,1
2025-10-28,2025-10-28 11:06:00,1535.03,1535.2,1535.03,1535.2,0.01,4.91,7666.7,1
2025-10-28,2025-10-28 11:07:00,1535.2,1535.37,1535.2,1535.37,0.01,4.91,7666.7,1
2025-10-28,2025-10-28 11:08:00,1535.37,1535.54,1535.37,1535.54,0.01,4.91,7666.7,1
2025-10-28,2025-10-28 11:09:00,1535.54,1535.71,1535.54,1535.71,0.01,4.91,7666.7,1
2025-10-28,2025-10-28 11:10:00,1535.71,1535.88,1535.71,1535.88,0.01,4.91,7666.7,1
2025-10-28,2025-10-28 11:11:00,1535.88,1536.05,1535.88,1536.05,0.01,4.91,7666.7,1
2025-10-28,2025-10-28 11:12:00,1536.05,1536.22,1536.05,1536.22,0.01,4.91,7666.7,1
2025-10-28,2025-10-28 11:13:00,1536.22,1536.39,1536.22,1536.39,0.01,4.91,7666.7,1
2025-10-28,2025-10-28 11:14:00,1536.39,1536.56,1536.39,1536.56,0.01,4.91,7666.7,1
2025-10-28,2025-10-28 11:15:00,1536.56,1536.73,1536.56,1536.73,0.01,4.91,7666.7,1
2025-10-28,2025-10-28 11:16:00,1536.73,1536.9,1536.73,1536.9,0.01,4.91,7666.7,1
2025-10-28,2025-10-28 11:17:00,1536.9,1537.08,1536.9,1537.08,0.01,4.91,7666.7,1
2025-10-28,2025-10-28 11:18:00,1537.08,1537.25,1537.08,1537.25,0.01,4.91,7666.7,1
2025-10-28,2025-10-28 11:19:00,1537.25,1537.42,1537.25,1537.42,0.01,4.91,7666.7,1
2025-10-28,2025-10-28 11:20:00,1537.42,1537.59,1537.42,1537.59,0.01,4.91,7666.7,1
2025-10-28,2025-10-28 11:21:00,1537.59,1537.76,1537.59,1537.76,0.01,4.91,7666.7,1
2025-10-28,2025-10-28 11:22:00,1537.76,1537.93,1537.76,1537.93,0.01,4.91,7666.7,1
2025-10-28,2025-10-28 11:23:00,1537.93,1538.1,1537.93,1538.1,0.01,4.91,7666.7,1
2025-10-28,2025-10-28 11:24:00,1538.1,1538.27,1538.1,1538.27,0.01,4.91,7666.7,1
2025-10-28,2025-10-28 11:25:00,1538.27,1538.44,1538.27,1538.44,0.01,4.91,7666.7,1
2025-10-28,2025-10-28 11:26:00,1538.44,1538.61,1538.44,1538.61,0.01,4.91,7666.7,1
2025-10-28,2025-10-28 11:27:00,1538.61,1538.78,1538.61,1538.78,0.01,4.91,7666.7,1
2025-10-28,2025-10-28 11:28:00,1538.78,1538.95,1538.78,1538.95,0.01,4.91,7666.7,1
2025-10-28,2025-10-28 11:29:00,1538.95,1539.12,1538.95,1539.12,0.01,4.91,7666.7,1
2025-10-28,2025-10-28 11:30:00,1539.12,1539.3,1539.12,1539.3,0.01,4.91,7666.7,1
2025-10-28,2025-10-28 11:31:00,1539.3,1539.47,1539.3,1539.47,0.01,4.91,7666.7,1
2025-10-28,2025-10-28 11:32:00,1539.47,1539.64,1539.47,1539.64,0.01,4.91,7666.7,1
2025-10-28,2025-10-28 11:33:00,1539.64,1539.81,1539.64,1539.81,0.01,4.91,7666.7,1
2025-10-28,2025-10-28 11:34:00,1539.81,1539.98,1539.81,1539.98,0.01,4.91,7666.7,1
2025-10-28,2025-10-28 11:35:00,1539.98,1540.15,1539.98,1540.15,0.01,4.91,7666.7,1
2025-10-28,2025-10-28 11:36:00,1540.15,1540.32,1540.15,1540.32,0.01,4.91,7666.7,1
2025-10-28,2025-10-28 11:37:00,1540.32,1540.49,1540.32,1540.49,0.01,4.91,7666.7,1
2025-10-28,2025-10-28 11:38:00,1540.49,1540.66,1540.49,1540.66,0.01,4.91,7666.7,1
2025-10-28,2025-10-28 11:39:00,1540.66,1540.83,1540.66,1540.83,0.01,4.91,7666.7,1
2025-10-28,2025-10-28 11:40:00,1540.83,1541.0,1540.83,1541.0,0.01,4.91,7666.7,1
2025-10-28,2025-10-28 11:41:00,1541.0,1541.17,1541.0,1541.17,0.01,4.91,7666.7,1
2025-10-28,2025-10-28 11:42:00,1541.17,1541.35,1541.17,1541.35,0.01,4.91,7666.7,1
2025-10-28,2025-10-28 11:43:00,1541.35,1541.52,1541.35,1541.52,0.01,4.91,7666.7,1
2025-10-28,2025-10-28 11:44:00,1541.52,1541.69,1541.52,1541.69,0.01,4.91,7666.7,1
2025-10-28,2025-10-28 11:45:00,1541.69,1541.86,1541.69,1541.86,0.01,4.91,7666.7,1
2025-10-28,2025-10-28 11:46:00,1541.86,1542.03,1541.86,1542.03,0.01,4.91,7666.7,1
2025-10-28,2025-10-28 11:47:00,1542.03,1542.2,1542.03,1542.2,0.01,4.91,7666.7,1
2025-10-28,2025-10-28 11:48:00,1542.2,1542.37,1542.2,1542.37,0.01,4.91,7666.7,1
2025-10-28,2025-10-28 11:49:00,1542.37,1542.54,1542.37,1542.54,0.01,4.91,7666.7,1
2025-10-28,2025-10-28 11:50:00,1542.54,1542.71,1542.54,1542.71,0.01,4.91,7666.7,1
2025-10-28,2025-10-28 11:51:00,1542.71,1542.88,1542.71,1542.88,0.01,4.91,7666.7,1
2025-10-28,2025-10-28 11:52:00,1542.88,1543.05,1542.88,1543.05,0.01,4.91,7666.7,1
2025-10-28,2025-10-28 11:53:00,1543.05,1543.22,1543.05,1543.22,0.01,4.91,7666.7,1
2025-10-28,2025-10-28 11:54:00,1543.22,1543.4,1543.22,1543.4,0.01,4.91,7666.7,1
2025-10-28,2025-10-28 11:55:00,1543.4,1543.57,1543.4,1543.57,0.01,4.91,7666.7,1
2025-10-28,2025-10-28 11:56:00,1543.57,1543.74,1543.57,1543.74,0.01,4.91,7666.7,1
2025-10-28,2025-10-28 11:57:00,1543.74,1543.91,1543.74,1543.91,0.01,4.91,7666.7,1
2025-10-28,2025-10-28 11:58:00,1543.91,1544.08,1543.91,1544.08,0.01,4.91,7666.7,1
2025-10-28,2025-10-28 11:59:00,1544.08,1544.25,1544.08,1544.25,0.01,4.91,7666.7,1
2025-10-28,2025-10-28 12:00:00,1544.25,1544.42,1544.25,1544.42,0.01,4.91,7666.7,1
2025-10-28,2025-10-28 12:01:00,1544.42,1544.59,1544.42,1544.59,0.01,4.91,7666.7,1
2025-10-28,2025-10-28 12:02:00,1544.59,1544.76,1544.59,1544.76,0.01,4.91,7666.7,1
2025-10-28,2025-10-28 12:03:00,1544.76,1544.93,1544.76,1544.93,0.01,4.91,7666.7,1
2025-10-28,2025-10-28 12:04:00,1544.93,1545.1,1544.93,1545.1,0.01,4.91,7666.7,1
2025-10-28,2025-10-28 12:05:00,1545.1,1545.28,1545.1,1545.28,0.01,4.91,7666.7,1
2025-10-28,2025-10-28 12:06:00,1545.28,1545.45,1545.28,1545.45,0.01,4.91,7666.7,1
2025-10-28,2025-10-28 12:07:00,1545.45,1545.62,1545.45,1545.62,0.01,4.91,7666.7,1
2025-10-28,2025-10-28 12:08:00,1545.62,1545.79,1545.62,1545.79,0.01,4.91,7666.7,1
2025-10-28,2025-10-28 12:09:00,1545.79,1545.96,1545.79,1545.96,0.01,4.91,7666.7,1
2025-10-28,2025-10-28 12:10:00,1545.96,1546.13,1545.96,1546.13,0.01,4.91,7666.7,1
2025-10-28,2025-10-28 12:11:00,1546.13,1546.3,1546.13,1546.3,0.01,4.91,7666.7,1
2025-10-28,2025-10-28 12:12:00,1546.3,1546.47,1546.3,1546.47,0.01,4.91,7666.7,1
2025-10-28,2025-10-28 12:13:00,1546.47,1546.64,1546.47,1546.64,0.01,4.91,7666.7,1
2025-10-28,2025-10-28 12:14:00,1546.64,1546.81,1546.64,1546.81,0.01,4.91,7666.7,1
2025-10-28,2025-10-28 12:15:00,1546.81,1546.98,1546.81,1546.98,0.01,4.91,7666.7,1
2025-10-28,2025-10-28 12:16:00,1546.98,1547.15,1546.98,1547.15,0.01,4.91,7666.7,1
2025-10-28,2025-10-28 12:17:00,1547.15,1547.33,1547.15,1547.33,0.01,4.91,7666.7,1
2025-10-28,2025-10-28 12:18:00,1547.33,1547.5,1547.33,1547.5,0.01,4.91,7666.7,1
2025-10-28,2025-10-28 12:19:00,1547.5,1547.67,1547.5,1547.67,0.01,4.91,7666.7,1
2025-10-28,2025-10-28 12:20:00,1547.67,1547.84,1547.67,1547.84,0.01,4.91,7666.7,1
2025-10-28,2025-10-28 12:21:00,1547.84,1548.01,1547.84,1548.01,0.01,4.91,7666.7,1
2025-10-28,2025-10-28 12:22:00,1548.01,1548.18,1548.01,1548.18,0.01,4.91,7666.7,1
2025-10-28,2025-10-28 12:23:00,1548.18,1548.35,1548.18,1548.35,0.01,4.91,7666.7,1
2025-10-28,2025-10-28 12:24:00,1548.35,1548.52,1548.35,1548.52,0.01,4.91,7666.7,1
2025-10-28,2025-10-28 12:25:00,1548.52,1548.69,1548.52,1548.69,0.01,4.91,7666.7,1
2025-10-28,2025-10-28 12:26:00,1548.69,1548.86,1548.69,1548.86,0.01,4.91,7666.7,1
2025-10-28,2025-10-28 12:27:00,1548.86,1549.03,1548.86,1549.03,0.01,4.91,7666.7,1
2025-10-28,2025-10-28 12:28:00,1549.03,1549.2,1549.03,1549.2,0.01,4.91,7666.7,1
2025-10-28,2025-10-28 12:29:00,1549.2,1549.38,1549.2,1549.38,0.01,4.91,7666.7,1
2025-10-28,2025-10-28 12:30:00,1549.38,1549.55,1549.38,1549.55,0.01,4.91,7666.7,1
2025-10-28,2025-10-28 12:31:00,1549.55,1549.72,1549.55,1549.72,0.01,4.91,7666.7,1
2025-10-28,2025-10-28 12:32:00,1549.72,1549.89,1549.72,1549.89,0.01,4.91,7666.7,1
2025-10-28,2025-10-28 12:33:00,1549.89,1550.06,1549.89,1550.06,0.01,4.91,7666.7,1
2025-10-28,2025-10-28 12:34:00,1550.06,1550.23,1550.06,1550.23,0.01,4.91,7666.7,1
2025-10-28,2025-10-28 12:35:00,1550.23,1550.4,1550.23,1550.4,0.01,4.91,7666.7,1
2025-10-28,2025-10-28 12:36:00,1550.4,1550.57,1550.4,1550.57,0.01,4.91,7666.7,1
2025-10-28,2025-10-28 12:37:00,1550.57,1550.74,1550.57,1550.74,0.01,4.91,7666.7,1
2025-10-28,2025-10-28 12:38:00,1550.74,1550.91,1550.74,1550.91,0.01,4.91,7666.7,1
2025-10-28,2025-10-28 12:39:00,1550.91,1551.08,1550.91,1551.08,0.01,4.91,7666.7,1
2025-10-28,2025-10-28 12:40:00,1551.08,1551.25,1551.08,1551.25,0.01,4.91,7666.7,1
2025-10-28,2025-10-28 12:41:00,1551.25,1551.42,1551.25,1551.42,0.01,4.91,7666.7,1
2025-10-28,2025-10-28 12:42:00,1551.42,1551.6,1551.42,1551.6,0.01,4.91,7666.7,1
2025-10-28,2025-10-28 12:43:00,1551.6,1551.77,1551.6,1551.77,0.01,4.91,7666.7,1
2025-10-28,2025-10-28 12:44:00,1551.77,1551.94,1551.77,1551.94,0.01,4.91,7666.7,1
2025-10-28,2025-10-28 12:45:00,1551.94,1552.11,1551.94,1552.11,0.01,4.91,7666.7,1
2025-10-28,2025-10-28 12:46:00,1552.11,1552.28,1552.11,1552.28,0.01,4.91,7666.7,1
2025-10-28,2025-10-28 12:47:00,1552.28,1552.45,1552.28,1552.45,0.01,4.91,7666.7,1
2025-10-28,2025-10-28 12:48:00,1552.45,1552.62,1552.45,1552.62,0.01,4.91,7666.7,1
2025-10-28,2025-10-28 12:49:00,1552.62,1552.79,1552.62,1552.79,0.01,4.91,7666.7,1
2025-10-28,2025-10-28 12:50:00,1552.79,1552.96,1552.79,1552.96,0.01,4.91,7666.7,1
2025-10-28,2025-10-28 12:51:00,1552.96,1553.13,1552.96,1553.13,0.01,4.91,7666.7,1
2025-10-28,2025-10-28 12:52:00,1553.13,1553.3,1553.13,1553.3,0.01,4.91,7666.7,1
2025-10-28,2025-10-28 12:53:00,1553.3,1553.47,1553.3,1553.47,0.01,4.91,7666.7,1
2025-10-28,2025-10-28 12:54:00,1553.47,1553.65,1553.47,1553.65,0.01,4.91,7666.7,1
2025-10-28,2025-10-28 12:55:00,1553.65,1553.82,1553.65,1553.82,0.01,4.91,7666.7,1
2025-10-28,2025-10-28 12:56:00,1553.82,1553.99,1553.82,1553.99,0.01,4.91,7666.7,1
2025-10-28,2025-10-28 12:57:00,1553.99,1554.16,1553.99,1554.16,0.01,4.91,7666.7,1
2025-10-28,2025-10-28 12:58:00,1554.16,1554.33,1554.16,1554.33,0.01,4.91,7666.7,1
2025-10-28,2025-10-28 12:59:00,1554.33,1554.5,1554.33,1554.5,0.01,4.91,7666.7,1
2025-10-28,2025-10-28 13:00:00,1554.5,1580.0,1534.0,1554.67,0.01,4.91,7666.7,1
2025-10-28,2025-10-28 13:01:00,1554.67,1554.84,1554.67,1554.84,0.01,4.91,7666.7,1
2025-10-28,2025-10-28 13:02:00,1554.84,1555.01,1554.84,1555.01,0.01,4.91,7666.7,1
2025-10-28,2025-10-28 13:03:00,1555.01,1555.18,1555.01,1555.18,0.01,4.91,7666.7,1
2025-10-28,2025-10-28 13:04:00,1555.18,1555.35,1555.18,1555.35,0.01,4.91,7666.7,1
2025-10-28,2025-10-28 13:05:00,1555.35,1555.53,1555.35,1555.53,0.01,4.91,7666.7,1
2025-10-28,2025-10-28 13:06:00,1555.53,1555.7,1555.53,1555.7,0.01,4.91,7666.7,1
2025-10-28,2025-10-28 13:07:00,1555.7,1555.87,1555.7,1555.87,0.01,4.91,7666.7,1
2025-10-28,2025-10-28 13:08:00,1555.87,1556.04,1555.87,1556.04,0.01,4.91,7666.7,1
2025-10-28,2025-10-28 13:09:00,1556.04,1556.21,1556.04,1556.21,0.01,4.91,7666.7,1
2025-10-28,2025-10-28 13:10:00,1556.21,1556.38,1556.21,1556.38,0.01,4.91,7666.7,1
2025-10-28,2025-10-28 13:11:00,1556.38,1556.55,1556.38,1556.55,0.01,4.91,7666.7,1
2025-10-28,2025-10-28 13:12:00,1556.55,1556.72,1556.55,1556.72,0.01,4.91,7666.7,1
2025-10-28,2025-10-28 13:13:00,1556.72,1556.89,1556.72,1556.89,0.01,4.91,7666.7,1
2025-10-28,2025-10-28 13:14:00,1556.89,1557.06,1556.89,1557.06,0.01,4.91,7666.7,1
2025-10-28,2025-10-28 13:15:00,1557.06,1557.23,1557.06,1557.23,0.01,4.91,7666.7,1
2025-10-28,2025-10-28 13:16:00,1557.23,1557.4,1557.23,1557.4,0.01,4.91,7666.7,1
2025-10-28,2025-10-28 13:17:00,1557.4,1557.58,1557.4,1557.58,0.01,4.91,7666.7,1
2025-10-28,2025-10-28 13:18:00,1557.58,1557.75,1557.58,1557.75,0.01,4.91,7666.7,1
2025-10-28,2025-10-28 13:19:00,1557.75,1557.92,1557.75,1557.92,0.01,4.91,7666.7,1
2025-10-28,2025-10-28 13:20:00,1557.92,1558.09,1557.92,1558.09,0.01,4.91,7666.7,1
2025-10-28,2025-10-28 13:21:00,1558.09,1558.26,1558.09,1558.26,0.01,4.91,7666.7,1
2025-10-28,2025-10-28 13:22:00,1558.26,1558.43,1558.26,1558.43,0.01,4.91,7666.7,1
2025-10-28,2025-10-28 13:23:00,1558.43,1558.6,1558.43,1558.6,0.01,4.91,7666.7,1
2025-10-28,2025-10-28 13:24:00,1558.6,1558.77,1558.6,1558.77,0.01,4.91,7666.7,1
2025-10-28,2025-10-28 13:25:00,1558.77,1558.94,1558.77,1558.94,0.01,4.91,7666.7,1
2025-10-28,2025-10-28 13:26:00,1558.94,1559.11,1558.94,1559.11,0.01,4.91,7666.7,1
2025-10-28,2025-10-28 13:27:00,1559.11,1559.28,1559.11,1559.28,0.01,4.91,7666.7,1
2025-10-28,2025-10-28 13:28:00,1559.28,1559.45,1559.28,1559.45,0.01,4.91,7666.7,1
2025-10-28,2025-10-28 13:29:00,1559.45,1559.62,1559.45,1559.62,0.01,4.91,7666.7,1
2025-10-28,2025-10-28 13:30:00,1559.62,1559.8,1559.62,1559.8,0.01,4.91,7666.7,1
2025-10-28,2025-10-28 13:31:00,1559.8,1559.97,1559.8,1559.97,0.01,4.91,7666.7,1
2025-10-28,2025-10-28 13:32:00,1559.97,1560.14,1559.97,1560.14,0.01,4.91,7666.7,1
2025-10-28,2025-10-28 13:33:00,1560.14,1560.31,1560.14,1560.31,0.01,4.91,7666.7,1
2025-10-28,2025-10-28 13:34:00,1560.31,1560.48,1560.31,1560.48,0.01,4.91,7666.7,1
2025-10-28,2025-10-28 13:35:00,1560.48,1560.65,1560.48,1560.65,0.01,4.91,7666.7,1
2025-10-28,2025-10-28 13:36:00,1560.65,1560.82,1560.65,1560.82,0.01,4.91,7666.7,1
2025-10-28,2025-10-28 13:37:00,1560.82,1560.99,1560.82,1560.99,0.01,4.91,7666.7,1
2025-10-28,2025-10-28 13:38:00,1560.99,1561.16,1560.99,1561.16,0.01,4.91,7666.7,1
2025-10-28,2025-10-28 13:39:00,1561.16,1561.33,1561.16,1561.33,0.01,4.91,7666.7,1
2025-10-28,2025-10-28 13:40:00,1561.33,1561.5,1561.33,1561.5,0.01,4.91,7666.7,1
2025-10-28,2025-10-28 13:41:00,1561.5,1561.67,1561.5,1561.67,0.01,4.91,7666.7,1
2025-10-28,2025-10-28 13:42:00,1561.67,1561.85,1561.67,1561.85,0.01,4.91,7666.7,1
2025-10-28,2025-10-28 13:43:00,1561.85,1562.02,1561.85,1562.02,0.01,4.91,7666.7,1
2025-10-28,2025-10-28 13:44:00,1562.02,1562.19,1562.02,1562.19,0.01,4.91,7666.7,1
2025-10-28,2025-10-28 13:45:00,1562.19,1562.36,1562.19,1562.36,0.01,4.91,7666.7,1
2025-10-28,2025-10-28 13:46:00,1562.36,1562.53,1562.36,1562.53,0.01,4.91,7666.7,1
2025-10-28,2025-10-28 13:47:00,1562.53,1562.7,1562.53,1562.7,0.01,4.91,7666.7,1
2025-10-28,2025-10-28 13:48:00,1562.7,1562.87,1562.7,1562.87,0.01,4.91,7666.7,1
2025-10-28,2025-10-28 13:49:00,1562.87,1563.04,1562.87,1563.04,0.01,4.91,7666.7,1
2025-10-28,2025-10-28 13:50:00,1563.04,1563.21,1563.04,1563.21,0.01,4.91,7666.7,1
2025-10-28,2025-10-28 13:51:00,1563.21,1563.38,1563.21,1563.38,0.01,4.91,7666.7,1
2025-10-28,2025-10-28 13:52:00,1563.38,1563.55,1563.38,1563.55,0.01,4.91,7666.7,1
2025-10-28,2025-10-28 13:53:00,1563.55,1563.72,1563.55,1563.72,0.01,4.91,7666.7,1
2025-10-28,2025-10-28 13:54:00,1563.72,1563.9,1563.72,1563.9,0.01,4.91,7666.7,1
2025-10-28,2025-10-28 13:55:00,1563.9,1564.07,1563.9,1564.07,0.01,4.91,7666.7,1
2025-10-28,2025-10-28 13:56:00,1564.07,1564.24,1564.07,1564.24,0.01,4.91,7666.7,1
2025-10-28,2025-10-28 13:57:00,1564.24,1564.41,1564.24,1564.41,0.01,4.91,7666.7,1
2025-10-28,2025-10-28 13:58:00,1564.41,1564.58,1564.41,1564.58,0.01,4.91,7666.7,1
2025-10-28,2025-10-28 13:59:00,1564.58,1564.75,1564.58,1564.75,0.01,4.91,7666.7,1
2025-10-28,2025-10-28 14:00:00,1564.75,1564.92,1564.75,1564.92,0.01,4.91,7666.7,1
2025-10-28,2025-10-28 14:01:00,1564.92,1565.09,1564.92,1565.09,0.01,4.91,7666.7,1
2025-10-28,2025-10-28 14:02:00,1565.09,1565.26,1565.09,1565.26,0.01,4.91,7666.7,1
2025-10-28,2025-10-28 14:03:00,1565.26,1565.43,1565.26,1565.43,0.01,4.91,7666.7,1
2025-10-28,2025-10-28 14:04:00,1565.43,1565.6,1565.43,1565.6,0.01,4.91,7666.7,1
2025-10-28,2025-10-28 14:05:00,1565.6,1565.78,1565.6,1565.78,0.01,4.91,7666.7,1
2025-10-28,2025-10-28 14:06:00,1565.78,1565.95,1565.78,1565.95,0.01,4.91,7666.7,1
2025-10-28,2025-10-28 14:07:00,1565.95,1566.12,1565.95,1566.12,0.01,4.91,7666.7,1
2025-10-28,2025-10-28 14:08:00,1566.12,1566.29,1566.12,1566.29,0.01,4.91,7666.7,1
2025-10-28,2025-10-28 14:09:00,1566.29,1566.46,1566.29,1566.46,0.01,4.91,7666.7,1
2025-10-28,2025-10-28 14:10:00,1566.46,1566.63,1566.46,1566.63,0.01,4.91,7666.7,1
2025-10-28,2025-10-28 14:11:00,1566.63,1566.8,1566.63,1566.8,0.01,4.91,7666.7,1
2025-10-28,2025-10-28 14:12:00,1566.8,1566.97,1566.8,1566.97,0.01,4.91,7666.7,1
2025-10-28,2025-10-28 14:13:00,1566.97,1567.14,1566.97,1567.14,0.01,4.91,7666.7,1
2025-10-28,2025-10-28 14:14:00,1567.14,1567.31,1567.14,1567.31,0.01,4.91,7666.7,1
2025-10-28,2025-10-28 14:15:00,1567.31,1567.48,1567.31,1567.48,0.01,4.91,7666.7,1
2025-10-28,2025-10-28 14:16:00,1567.48,1567.65,1567.48,1567.65,0.01,4.91,7666.7,1
2025-10-28,2025-10-28 14:17:00,1567.65,1567.83,1567.65,1567.83,0.01,4.91,7666.7,1
2025-10-28,2025-10-28 14:18:00,1567.83,1568.0,1567.83,1568.0,0.01,4.91,7666.7,1
2025-10-28,2025-10-28 14:19:00,1568.0,1568.17,1568.0,1568.17,0.01,4.91,7666.7,1
2025-10-28,2025-10-28 14:20:00,1568.17,1568.34,1568.17,1568.34,0.01,4.91,7666.7,1
2025-10-28,2025-10-28 14:21:00,1568.34,1568.51,1568.34,1568.51,0.01,4.91,7666.7,1
2025-10-28,2025-10-28 14:22:00,1568.51,1568.68,1568.51,1568.68,0.01,4.91,7666.7,1
2025-10-28,2025-10-28 14:23:00,1568.68,1568.85,1568.68,1568.85,0.01,4.91,7666.7,1
2025-10-28,2025-10-28 14:24:00,1568.85,1569.02,1568.85,1569.02,0.01,4.91,7666.7,1
2025-10-28,2025-10-28 14:25:00,1569.02,1569.19,1569.02,1569.19,0.01,4.91,7666.7,1
2025-10-28,2025-10-28 14:26:00,1569.19,1569.36,1569.19,1569.36,0.01,4.91,7666.7,1
2025-10-28,2025-10-28 14:27:00,1569.36,1569.53,1569.36,1569.53,0.01,4.91,7666.7,1
2025-10-28,2025-10-28 14:28:00,1569.53,1569.7,1569.53,1569.7,0.01,4.91,7666.7,1
2025-10-28,2025-10-28 14:29:00,1569.7,1569.88,1569.7,1569.88,0.01,4.91,7666.7,1
2025-10-28,2025-10-28 14:30:00,1569.88,1570.05,1569.88,1570.05,0.01,4.91,7666.7,1
2025-10-28,2025-10-28 14:31:00,1570.05,1570.22,1570.05,1570.22,0.01,4.91,7666.7,1
2025-10-28,2025-10-28 14:32:00,1570.22,1570.39,1570.22,1570.39,0.01,4.91,7666.7,1
2025-10-28,2025-10-28 14:33:00,1570.39,1570.56,1570.39,1570.56,0.01,4.91,7666.7,1
2025-10-28,2025-10-28 14:34:00,1570.56,1570.73,1570.56,1570.73,0.01,4.91,7666.7,1
2025-10-28,2025-10-28 14:35:00,1570.73,1570.9,1570.73,1570.9,0.01,4.91,7666.7,1
2025-10-28,2025-10-28 14:36:00,1570.9,1571.07,1570.9,1571.07,0.01,4.91,7666.7,1
2025-10-28,2025-10-28 14:37:00,1571.07,1571.24,1571.07,1571.24,0.01,4.91,7666.7,1
2025-10-28,2025-10-28 14:38:00,1571.24,1571.41,1571.24,1571.41,0.01,4.91,7666.7,1
2025-10-28,2025-10-28 14:39:00,1571.41,1571.58,1571.41,1571.58,0.01,4.91,7666.7,1
2025-10-28,2025-10-28 14:40:00,1571.58,1571.75,1571.58,1571.75,0.01,4.91,7666.7,1
2025-10-28,2025-10-28 14:41:00,1571.75,1571.92,1571.75,1571.92,0.01,4.91,7666.7,1
2025-10-28,2025-10-28 14:42:00,1571.92,1572.1,1571.92,1572.1,0.01,4.91,7666.7,1
2025-10-28,2025-10-28 14:43:00,1572.1,1572.27,1572.1,1572.27,0.01,4.91,7666.7,1
2025-10-28,2025-10-28 14:44:00,1572.27,1572.44,1572.27,1572.44,0.01,4.91,7666.7,1
2025-10-28,2025-10-28 14:45:00,1572.44,1572.61,1572.44,1572.61,0.01,4.91,7666.7,1
2025-10-28,2025-10-28 14:46:00,1572.61,1572.78,1572.61,1572.78,0.01,4.91,7666.7,1
2025-10-28,2025-10-28 14:47:00,1572.78,1572.95,1572.78,1572.95,0.01,4.91,7666.7,1
2025-10-28,2025-10-28 14:48:00,1572.95,1573.12,1572.95,1573.12,0.01,4.91,7666.7,1
2025-10-28,2025-10-28 14:49:00,1573.12,1573.29,1573.12,1573.29,0.01,4.91,7666.7,1
2025-10-28,2025-10-28 14:50:00,1573.29,1573.46,1573.29,1573.46,0.01,4.91,7666.7,1
2025-10-28,2025-10-28 14:51:00,1573.46,1573.63,1573.46,1573.63,0.01,4.91,7666.7,1
2025-10-28,2025-10-28 14:52:00,1573.63,1573.8,1573.63,1573.8,0.01,4.91,7666.7,1
2025-10-28,2025-10-28 14:53:00,1573.8,1573.97,1573.8,1573.97,0.01,4.91,7666.7,1
2025-10-28,2025-10-28 14:54:00,1573.97,1574.15,1573.97,1574.15,0.01,4.91,7666.7,1
2025-10-28,2025-10-28 14:55:00,1574.15,1574.32,1574.15,1574.32,0.01,4.91,7666.7,1
2025-10-28,2025-10-28 14:56:00,1574.32,1574.49,1574.32,1574.49,0.01,4.91,7666.7,1
2025-10-28,2025-10-28 14:57:00,1574.49,1574.66,1574.49,1574.66,0.01,4.91,7666.7,1
2025-10-28,2025-10-28 14:58:00,1574.66,1574.83,1574.66,1574.83,0.01,4.91,7666.7,1
2025-10-28,2025-10-28 14:59:00,1574.83,1575.0,1574.83,1575.0,0.01,4.91,7666.7,1
2025-10-28,2025-10-28 15:00:00,1575.0,1580.0,1534.0,1575.0,0.0,4.91,7666.7,0
2025-10-29,2025-10-29 11:00:00,1575.0,1579.5,1564.8,1575.03,0.0,7.97,12457.95,1
2025-10-29,2025-10-29 11:01:00,1575.03,1575.05,1575.03,1575.05,0.0,7.97,12457.95,1
2025-10-29,2025-10-29 11:02:00,1575.05,1575.08,1575.05,1575.08,0.0,7.97,12457.95,1
2025-10-29,2025-10-29 11:03:00,1575.08,1575.1,1575.08,1575.1,0.0,7.97,12457.95,1
2025-10-29,2025-10-29 11:04:00,1575.1,1575.13,1575.1,1575.13,0.0,7.97,12457.95,1
2025-10-29,2025-10-29 11:05:00,1575.13,1575.15,1575.13,1575.15,0.0,7.97,12457.95,1
2025-10-29,2025-10-29 11:06:00,1575.15,1575.18,1575.15,1575.18,0.0,7.97,12457.95,1
2025-10-29,2025-10-29 11:07:00,1575.18,1575.2,1575.18,1575.2,0.0,7.97,12457.95,1
2025-10-29,2025-10-29 11:08:00,1575.2,1575.23,1575.2,1575.23,0.0,7.97,12457.95,1
2025-10-29,2025-10-29 11:09:00,1575.23,1575.25,1575.23,1575.25,0.0,7.97,12457.95,1
2025-10-29,2025-10-29 11:10:00,1575.25,1575.28,1575.25,1575.28,0.0,7.97,12457.95,1
2025-10-29,2025-10-29 11:11:00,1575.28,1575.31,1575.28,1575.31,0.0,7.97,12457.95,1
2025-10-29,2025-10-29 11:12:00,1575.31,1575.33,1575.31,1575.33,0.0,7.97,12457.95,1
2025-10-29,2025-10-29 11:13:00,1575.33,1575.36,1575.33,1575.36,0.0,7.97,12457.95,1
2025-10-29,2025-10-29 11:14:00,1575.36,1575.38,1575.36,1575.38,0.0,7.97,12457.95,1
2025-10-29,2025-10-29 11:15:00,1575.38,1575.41,1575.38,1575.41,0.0,7.97,12457.95,1
2025-10-29,2025-10-29 11:16:00,1575.41,1575.43,1575.41,1575.43,0.0,7.97,12457.95,1
2025-10-29,2025-10-29 11:17:00,1575.43,1575.46,1575.43,1575.46,0.0,7.97,12457.95,1
2025-10-29,2025-10-29 11:18:00,1575.46,1575.48,1575.46,1575.48,0.0,7.97,12457.95,1
2025-10-29,2025-10-29 11:19:00,1575.48,1575.51,1575.48,1575.51,0.0,7.97,12457.95,1
2025-10-29,2025-10-29 11:20:00,1575.51,1575.53,1575.51,1575.53,0.0,7.97,12457.95,1
2025-10-29,2025-10-29 11:21:00,1575.53,1575.56,1575.53,1575.56,0.0,7.97,12457.95,1
2025-10-29,2025-10-29 11:22:00,1575.56,1575.58,1575.56,1575.58,0.0,7.97,12457.95,1
2025-10-29,2025-10-29 11:23:00,1575.58,1575.61,1575.58,1575.61,0.0,7.97,12457.95,1
2025-10-29,2025-10-29 11:24:00,1575.61,1575.64,1575.61,1575.64,0.0,7.97,12457.95,1
2025-10-29,2025-10-29 11:25:00,1575.64,1575.66,1575.64,1575.66,0.0,7.97,12457.95,1
2025-10-29,2025-10-29 11:26:00,1575.66,1575.69,1575.66,1575.69,0.0,7.97,12457.95,1
2025-10-29,2025-10-29 11:27:00,1575.69,1575.71,1575.69,1575.71,0.0,7.97,12457.95,1
2025-10-29,2025-10-29 11:28:00,1575.71,1575.74,1575.71,1575.74,0.0,7.97,12457.95,1
2025-10-29,2025-10-29 11:29:00,1575.74,1575.76,1575.74,1575.76,0.0,7.97,12457.95,1
2025-10-29,2025-10-29 11:30:00,1575.76,1575.79,1575.76,1575.79,0.0,7.97,12457.95,1
2025-10-29,2025-10-29 11:31:00,1575.79,1575.81,1575.79,1575.81,0.0,7.97,12457.95,1
2025-10-29,2025-10-29 11:32:00,1575.81,1575.84,1575.81,1575.84,0.0,7.97,12457.95,1
2025-10-29,2025-10-29 11:33:00,1575.84,1575.86,1575.84,1575.86,0.0,7.97,12457.95,1
2025-10-29,2025-10-29 11:34:00,1575.86,1575.89,1575.86,1575.89,0.0,7.97,12457.95,1
2025-10-29,2025-10-29 11:35:00,1575.89,1575.91,1575.89,1575.91,0.0,7.97,12457.95,1
2025-10-29,2025-10-29 11:36:00,1575.91,1575.94,1575.91,1575.94,0.0,7.97,12457.95,1
2025-10-29,2025-10-29 11:37:00,1575.94,1575.97,1575.94,1575.97,0.0,7.97,12457.95,1
2025-10-29,2025-10-29 11:38:00,1575.97,1575.99,1575.97,1575.99,0.0,7.97,12457.95,1
2025-10-29,2025-10-29 11:39:00,1575.99,1576.02,1575.99,1576.02,0.0,7.97,12457.95,1
2025-10-29,2025-10-29 11:40:00,1576.02,1576.04,1576.02,1576.04,0.0,7.97,12457.95,1
2025-10-29,2025-10-29 11:41:00,1576.04,1576.07,1576.04,1576.07,0.0,7.97,12457.95,1
2025-10-29,2025-10-29 11:42:00,1576.07,1576.09,1576.07,1576.09,0.0,7.97,12457.95,1
2025-10-29,2025-10-29 11:43:00,1576.09,1576.12,1576.09,1576.12,0.0,7.97,12457.95,1
2025-10-29,2025-10-29 11:44:00,1576.12,1576.14,1576.12,1576.14,0.0,7.97,12457.95,1
2025-10-29,2025-10-29 11:45:00,1576.14,1576.17,1576.14,1576.17,0.0,7.97,12457.95,1
2025-10-29,2025-10-29 11:46:00,1576.17,1576.19,1576.17,1576.19,0.0,7.97,12457.95,1
2025-10-29,2025-10-29 11:47:00,1576.19,1576.22,1576.19,1576.22,0.0,7.97,12457.95,1
2025-10-29,2025-10-29 11:48:00,1576.22,1576.25,1576.22,1576.25,0.0,7.97,12457.95,1
2025-10-29,2025-10-29 11:49:00,1576.25,1576.27,1576.25,1576.27,0.0,7.97,12457.95,1
2025-10-29,2025-10-29 11:50:00,1576.27,1576.3,1576.27,1576.3,0.0,7.97,12457.95,1
2025-10-29,2025-10-29 11:51:00,1576.3,1576.32,1576.3,1576.32,0.0,7.97,12457.95,1
2025-10-29,2025-10-29 11:52:00,1576.32,1576.35,1576.32,1576.35,0.0,7.97,12457.95,1
2025-10-29,2025-10-29 11:53:00,1576.35,1576.37,1576.35,1576.37,0.0,7.97,12457.95,1
2025-10-29,2025-10-29 11:54:00,1576.37,1576.4,1576.37,1576.4,0.0,7.97,12457.95,1
2025-10-29,2025-10-29 11:55:00,1576.4,1576.42,1576.4,1576.42,0.0,7.97,12457.95,1
2025-10-29,2025-10-29 11:56:00,1576.42,1576.45,1576.42,1576.45,0.0,7.97,12457.95,1
2025-10-29,2025-10-29 11:57:00,1576.45,1576.47,1576.45,1576.47,0.0,7.97,12457.95,1
2025-10-29,2025-10-29 11:58:00,1576.47,1576.5,1576.47,1576.5,0.0,7.97,12457.95,1
2025-10-29,2025-10-29 11:59:00,1576.5,1576.53,1576.5,1576.53,0.0,7.97,12457.95,1
2025-10-29,2025-10-29 12:00:00,1576.53,1576.55,1576.53,1576.55,0.0,7.97,12457.95,1
2025-10-29,2025-10-29 12:01:00,1576.55,1576.58,1576.55,1576.58,0.0,7.97,12457.95,1
2025-10-29,2025-10-29 12:02:00,1576.58,1576.6,1576.58,1576.6,0.0,7.97,12457.95,1
2025-10-29,2025-10-29 12:03:00,1576.6,1576.63,1576.6,1576.63,0.0,7.97,12457.95,1
2025-10-29,2025-10-29 12:04:00,1576.63,1576.65,1576.63,1576.65,0.0,7.97,12457.95,1
2025-10-29,2025-10-29 12:05:00,1576.65,1576.68,1576.65,1576.68,0.0,7.97,12457.95,1
2025-10-29,2025-10-29 12:06:00,1576.68,1576.7,1576.68,1576.7,0.0,7.97,12457.95,1
2025-10-29,2025-10-29 12:07:00,1576.7,1576.73,1576.7,1576.73,0.0,7.97,12457.95,1
2025-10-29,2025-10-29 12:08:00,1576.73,1576.75,1576.73,1576.75,0.0,7.97,12457.95,1
2025-10-29,2025-10-29 12:09:00,1576.75,1576.78,1576.75,1576.78,0.0,7.97,12457.95,1
2025-10-29,2025-10-29 12:10:00,1576.78,1576.8,1576.78,1576.8,0.0,7.97,12457.95,1
2025-10-29,2025-10-29 12:11:00,1576.8,1576.83,1576.8,1576.83,0.0,7.97,12457.95,1
2025-10-29,2025-10-29 12:12:00,1576.83,1576.86,1576.83,1576.86,0.0,7.97,12457.95,1
2025-10-29,2025-10-29 12:13:00,1576.86,1576.88,1576.86,1576.88,0.0,7.97,12457.95,1
2025-10-29,2025-10-29 12:14:00,1576.88,1576.91,1576.88,1576.91,0.0,7.97,12457.95,1
2025-10-29,2025-10-29 12:15:00,1576.91,1576.93,1576.91,1576.93,0.0,7.97,12457.95,1
2025-10-29,2025-10-29 12:16:00,1576.93,1576.96,1576.93,1576.96,0.0,7.97,12457.95,1
2025-10-29,2025-10-29 12:17:00,1576.96,1576.98,1576.96,1576.98,0.0,7.97,12457.95,1
2025-10-29,2025-10-29 12:18:00,1576.98,1577.01,1576.98,1577.01,0.0,7.97,12457.95,1
2025-10-29,2025-10-29 12:19:00,1577.01,1577.03,1577.01,1577.03,0.0,7.97,12457.95,1
2025-10-29,2025-10-29 12:20:00,1577.03,1577.06,1577.03,1577.06,0.0,7.97,12457.95,1
2025-10-29,2025-10-29 12:21:00,1577.06,1577.08,1577.06,1577.08,0.0,7.97,12457.95,1
2025-10-29,2025-10-29 12:22:00,1577.08,1577.11,1577.08,1577.11,0.0,7.97,12457.95,1
2025-10-29,2025-10-29 12:23:00,1577.11,1577.13,1577.11,1577.13,0.0,7.97,12457.95,1
2025-10-29,2025-10-29 12:24:00,1577.13,1577.16,1577.13,1577.16,0.0,7.97,12457.95,1
2025-10-29,2025-10-29 12:25:00,1577.16,1577.19,1577.16,1577.19,0.0,7.97,12457.95,1
2025-10-29,2025-10-29 12:26:00,1577.19,1577.21,1577.19,1577.21,0.0,7.97,12457.95,1
2025-10-29,2025-10-29 12:27:00,1577.21,1577.24,1577.21,1577.24,0.0,7.97,12457.95,1
2025-10-29,2025-10-29 12:28:00,1577.24,1577.26,1577.24,1577.26,0.0,7.97,12457.95,1
2025-10-29,2025-10-29 12:29:00,1577.26,1577.29,1577.26,1577.29,0.0,7.97,12457.95,1
2025-10-29,2025-10-29 12:30:00,1577.29,1577.31,1577.29,1577.31,0.0,7.97,12457.95,1
2025-10-29,2025-10-29 12:31:00,1577.31,1577.34,1577.31,1577.34,0.0,7.97,12457.95,1
2025-10-29,2025-10-29 12:32:00,1577.34,1577.36,1577.34,1577.36,0.0,7.97,12457.95,1
2025-10-29,2025-10-29 12:33:00,1577.36,1577.39,1577.36,1577.39,0.0,7.97,12457.95,1
2025-10-29,2025-10-29 12:34:00,1577.39,1577.41,1577.39,1577.41,0.0,7.97,12457.95,1
2025-10-29,2025-10-29 12:35:00,1577.41,1577.44,1577.41,1577.44,0.0,7.97,12457.95,1
2025-10-29,2025-10-29 12:36:00,1577.44,1577.47,1577.44,1577.47,0.0,7.97,12457.95,1
2025-10-29,2025-10-29 12:37:00,1577.47,1577.49,1577.47,1577.49,0.0,7.97,12457.95,1
2025-10-29,2025-10-29 12:38:00,1577.49,1577.52,1577.49,1577.52,0.0,7.97,12457.95,1
2025-10-29,2025-10-29 12:39:00,1577.52,1577.54,1577.52,1577.54,0.0,7.97,12457.95,1
2025-10-29,2025-10-29 12:40:00,1577.54,1577.57,1577.54,1577.57,0.0,7.97,12457.95,1
2025-10-29,2025-10-29 12:41:00,1577.57,1577.59,1577.57,1577.59,0.0,7.97,12457.95,1
2025-10-29,2025-10-29 12:42:00,1577.59,1577.62,1577.59,1577.62,0.0,7.97,12457.95,1
2025-10-29,2025-10-29 12:43:00,1577.62,1577.64,1577.62,1577.64,0.0,7.97,12457.95,1
2025-10-29,2025-10-29 12:44:00,1577.64,1577.67,1577.64,1577.67,0.0,7.97,12457.95,1
2025-10-29,2025-10-29 12:45:00,1577.67,1577.69,1577.67,1577.69,0.0,7.97,12457.95,1
2025-10-29,2025-10-29 12:46:00,1577.69,1577.72,1577.69,1577.72,0.0,7.97,12457.95,1
2025-10-29,2025-10-29 12:47:00,1577.72,1577.74,1577.72,1577.74,0.0,7.97,12457.95,1
2025-10-29,2025-10-29 12:48:00,1577.74,1577.77,1577.74,1577.77,0.0,7.97,12457.95,1
2025-10-29,2025-10-29 12:49:00,1577.77,1577.8,1577.77,1577.8,0.0,7.97,12457.95,1
2025-10-29,2025-10-29 12:50:00,1577.8,1577.82,1577.8,1577.82,0.0,7.97,12457.95,1
2025-10-29,2025-10-29 12:51:00,1577.82,1577.85,1577.82,1577.85,0.0,7.97,12457.95,1
2025-10-29,2025-10-29 12:52:00,1577.85,1577.87,1577.85,1577.87,0.0,7.97,12457.95,1
2025-10-29,2025-10-29 12:53:00,1577.87,1577.9,1577.87,1577.9,0.0,7.97,12457.95,1
2025-10-29,2025-10-29 12:54:00,1577.9,1577.92,1577.9,1577.92,0.0,7.97,12457.95,1
2025-10-29,2025-10-29 12:55:00,1577.92,1577.95,1577.92,1577.95,0.0,7.97,12457.95,1
2025-10-29,2025-10-29 12:56:00,1577.95,1577.97,1577.95,1577.97,0.0,7.97,12457.95,1
2025-10-29,2025-10-29 12:57:00,1577.97,1578.0,1577.97,1578.0,0.0,7.97,12457.95,1
2025-10-29,2025-10-29 12:58:00,1578.0,1578.02,1578.0,1578.02,0.0,7.97,12457.95,1
2025-10-29,2025-10-29 12:59:00,1578.02,1578.05,1578.02,1578.05,0.0,7.97,12457.95,1
2025-10-29,2025-10-29 13:00:00,1578.05,1590.0,1541.0,1578.08,0.0,7.97,12457.95,1
2025-10-29,2025-10-29 13:01:00,1578.08,1578.1,1578.08,1578.1,0.0,7.97,12457.95,1
2025-10-29,2025-10-29 13:02:00,1578.1,1578.13,1578.1,1578.13,0.0,7.97,12457.95,1
2025-10-29,2025-10-29 13:03:00,1578.13,1578.15,1578.13,1578.15,0.0,7.97,12457.95,1
2025-10-29,2025-10-29 13:04:00,1578.15,1578.18,1578.15,1578.18,0.0,7.97,12457.95,1
2025-10-29,2025-10-29 13:05:00,1578.18,1578.2,1578.18,1578.2,0.0,7.97,12457.95,1
2025-10-29,2025-10-29 13:06:00,1578.2,1578.23,1578.2,1578.23,0.0,7.97,12457.95,1
2025-10-29,2025-10-29 13:07:00,1578.23,1578.25,1578.23,1578.25,0.0,7.97,12457.95,1
2025-10-29,2025-10-29 13:08:00,1578.25,1578.28,1578.25,1578.28,0.0,7.97,12457.95,1
2025-10-29,2025-10-29 13:09:00,1578.28,1578.3,1578.28,1578.3,0.0,7.97,12457.95,1
2025-10-29,2025-10-29 13:10:00,1578.3,1578.33,1578.3,1578.33,0.0,7.97,12457.95,1
2025-10-29,2025-10-29 13:11:00,1578.33,1578.36,1578.33,1578.36,0.0,7.97,12457.95,1
2025-10-29,2025-10-29 13:12:00,1578.36,1578.38,1578.36,1578.38,0.0,7.97,12457.95,1
2025-10-29,2025-10-29 13:13:00,1578.38,1578.41,1578.38,1578.41,0.0,7.97,12457.95,1
2025-10-29,2025-10-29 13:14:00,1578.41,1578.43,1578.41,1578.43,0.0,7.97,12457.95,1
2025-10-29,2025-10-29 13:15:00,1578.43,1578.46,1578.43,1578.46,0.0,7.97,12457.95,1
2025-10-29,2025-10-29 13:16:00,1578.46,1578.48,1578.46,1578.48,0.0,7.97,12457.95,1
2025-10-29,2025-10-29 13:17:00,1578.48,1578.51,1578.48,1578.51,0.0,7.97,12457.95,1
2025-10-29,2025-10-29 13:18:00,1578.51,1578.53,1578.51,1578.53,0.0,7.97,12457.95,1
2025-10-29,2025-10-29 13:19:00,1578.53,1578.56,1578.53,1578.56,0.0,7.97,12457.95,1
2025-10-29,2025-10-29 13:20:00,1578.56,1578.58,1578.56,1578.58,0.0,7.97,12457.95,1
2025-10-29,2025-10-29 13:21:00,1578.58,1578.61,1578.58,1578.61,0.0,7.97,12457.95,1
2025-10-29,2025-10-29 13:22:00,1578.61,1578.63,1578.61,1578.63,0.0,7.97,12457.95,1
2025-10-29,2025-10-29 13:23:00,1578.63,1578.66,1578.63,1578.66,0.0,7.97,12457.95,1
2025-10-29,2025-10-29 13:24:00,1578.66,1578.69,1578.66,1578.69,0.0,7.97,12457.95,1
2025-10-29,2025-10-29 13:25:00,1578.69,1578.71,1578.69,1578.71,0.0,7.97,12457.95,1
2025-10-29,2025-10-29 13:26:00,1578.71,1578.74,1578.71,1578.74,0.0,7.97,12457.95,1
2025-10-29,2025-10-29 13:27:00,1578.74,1578.76,1578.74,1578.76,0.0,7.97,12457.95,1
2025-10-29,2025-10-29 13:28:00,1578.76,1578.79,1578.76,1578.79,0.0,7.97,12457.95,1
2025-10-29,2025-10-29 13:29:00,1578.79,1578.81,1578.79,1578.81,0.0,7.97,12457.95,1
2025-10-29,2025-10-29 13:30:00,1578.81,1578.84,1578.81,1578.84,0.0,7.97,12457.95,1
2025-10-29,2025-10-29 13:31:00,1578.84,1578.86,1578.84,1578.86,0.0,7.97,12457.95,1
2025-10-29,2025-10-29 13:32:00,1578.86,1578.89,1578.86,1578.89,0.0,7.97,12457.95,1
2025-10-29,2025-10-29 13:33:00,1578.89,1578.91,1578.89,1578.91,0.0,7.97,12457.95,1
2025-10-29,2025-10-29 13:34:00,1578.91,1578.94,1578.91,1578.94,0.0,7.97,12457.95,1
2025-10-29,2025-10-29 13:35:00,1578.94,1578.96,1578.94,1578.96,0.0,7.97,12457.95,1
2025-10-29,2025-10-29 13:36:00,1578.96,1578.99,1578.96,1578.99,0.0,7.97,12457.95,1
2025-10-29,2025-10-29 13:37:00,1578.99,1579.02,1578.99,1579.02,0.0,7.97,12457.95,1
2025-10-29,2025-10-29 13:38:00,1579.02,1579.04,1579.02,1579.04,0.0,7.97,12457.95,1
2025-10-29,2025-10-29 13:39:00,1579.04,1579.07,1579.04,1579.07,0.0,7.97,12457.95,1
2025-10-29,2025-10-29 13:40:00,1579.07,1579.09,1579.07,1579.09,0.0,7.97,12457.95,1
2025-10-29,2025-10-29 13:41:00,1579.09,1579.12,1579.09,1579.12,0.0,7.97,12457.95,1
2025-10-29,2025-10-29 13:42:00,1579.12,1579.14,1579.12,1579.14,0.0,7.97,12457.95,1
2025-10-29,2025-10-29 13:43:00,1579.14,1579.17,1579.14,1579.17,0.0,7.97,12457.95,1
2025-10-29,2025-10-29 13:44:00,1579.17,1579.19,1579.17,1579.19,0.0,7.97,12457.95,1
2025-10-29,2025-10-29 13:45:00,1579.19,1579.22,1579.19,1579.22,0.0,7.97,12457.95,1
2025-10-29,2025-10-29 13:46:00,1579.22,1579.24,1579.22,1579.24,0.0,7.97,12457.95,1
2025-10-29,2025-10-29 13:47:00,1579.24,1579.27,1579.24,1579.27,0.0,7.97,12457.95,1
2025-10-29,2025-10-29 13:48:00,1579.27,1579.3,1579.27,1579.3,0.0,7.97,12457.95,1
2025-10-29,2025-10-29 13:49:00,1579.3,1579.32,1579.3,1579.32,0.0,7.97,12457.95,1
2025-10-29,2025-10-29 13:50:00,1579.32,1579.35,1579.32,1579.35,0.0,7.97,12457.95,1
2025-10-29,2025-10-29 13:51:00,1579.35,1579.37,1579.35,1579.37,0.0,7.97,12457.95,1
2025-10-29,2025-10-29 13:52:00,1579.37,1579.4,1579.37,1579.4,0.0,7.97,12457.95,1
2025-10-29,2025-10-29 13:53:00,1579.4,1579.42,1579.4,1579.42,0.0,7.97,12457.95,1
2025-10-29,2025-10-29 13:54:00,1579.42,1579.45,1579.42,1579.45,0.0,7.97,12457.95,1
2025-10-29,2025-10-29 13:55:00,1579.45,1579.47,1579.45,1579.47,0.0,7.97,12457.95,1
2025-10-29,2025-10-29 13:56:00,1579.47,1579.5,1579.47,1579.5,0.0,7.97,12457.95,1
2025-10-29,2025-10-29 13:57:00,1579.5,1579.52,1579.5,1579.52,0.0,7.97,12457.95,1
2025-10-29,2025-10-29 13:58:00,1579.52,1579.55,1579.52,1579.55,0.0,7.97,12457.95,1
2025-10-29,2025-10-29 13:59:00,1579.55,1579.57,1579.55,1579.57,0.0,7.97,12457.95,1
2025-10-29,2025-10-29 14:00:00,1579.57,1579.6,1579.57,1579.6,0.0,7.97,12457.95,1
2025-10-29,2025-10-29 14:01:00,1579.6,1579.63,1579.6,1579.63,0.0,7.97,12457.95,1
2025-10-29,2025-10-29 14:02:00,1579.63,1579.65,1579.63,1579.65,0.0,7.97,12457.95,1
2025-10-29,2025-10-29 14:03:00,1579.65,1579.68,1579.65,1579.68,0.0,7.97,12457.95,1
2025-10-29,2025-10-29 14:04:00,1579.68,1579.7,1579.68,1579.7,0.0,7.97,12457.95,1
2025-10-29,2025-10-29 14:05:00,1579.7,1579.73,1579.7,1579.73,0.0,7.97,12457.95,1
2025-10-29,2025-10-29 14:06:00,1579.73,1579.75,1579.73,1579.75,0.0,7.97,12457.95,1
2025-10-29,2025-10-29 14:07:00,1579.75,1579.78,1579.75,1579.78,0.0,7.97,12457.95,1
2025-10-29,2025-10-29 14:08:00,1579.78,1579.8,1579.78,1579.8,0.0,7.97,12457.95,1
2025-10-29,2025-10-29 14:09:00,1579.8,1579.83,1579.8,1579.83,0.0,7.97,12457.95,1
2025-10-29,2025-10-29 14:10:00,1579.83,1579.85,1579.83,1579.85,0.0,7.97,12457.95,1
2025-10-29,2025-10-29 14:11:00,1579.85,1579.88,1579.85,1579.88,0.0,7.97,12457.95,1
2025-10-29,2025-10-29 14:12:00,1579.88,1579.91,1579.88,1579.91,0.0,7.97,12457.95,1
2025-10-29,2025-10-29 14:13:00,1579.91,1579.93,1579.91,1579.93,0.0,7.97,12457.95,1
2025-10-29,2025-10-29 14:14:00,1579.93,1579.96,1579.93,1579.96,0.0,7.97,12457.95,1
2025-10-29,2025-10-29 14:15:00,1579.96,1579.98,1579.96,1579.98,0.0,7.97,12457.95,1
2025-10-29,2025-10-29 14:16:00,1579.98,1580.01,1579.98,1580.01,0.0,7.97,12457.95,1
2025-10-29,2025-10-29 14:17:00,1580.01,1580.03,1580.01,1580.03,0.0,7.97,12457.95,1
2025-10-29,2025-10-29 14:18:00,1580.03,1580.06,1580.03,1580.06,0.0,7.97,12457.95,1
2025-10-29,2025-10-29 14:19:00,1580.06,1580.08,1580.06,1580.08,0.0,7.97,12457.95,1
2025-10-29,2025-10-29 14:20:00,1580.08,1580.11,1580.08,1580.11,0.0,7.97,12457.95,1
2025-10-29,2025-10-29 14:21:00,1580.11,1580.13,1580.11,1580.13,0.0,7.97,12457.95,1
2025-10-29,2025-10-29 14:22:00,1580.13,1580.16,1580.13,1580.16,0.0,7.97,12457.95,1
2025-10-29,2025-10-29 14:23:00,1580.16,1580.18,1580.16,1580.18,0.0,7.97,12457.95,1
2025-10-29,2025-10-29 14:24:00,1580.18,1580.21,1580.18,1580.21,0.0,7.97,12457.95,1
2025-10-29,2025-10-29 14:25:00,1580.21,1580.24,1580.21,1580.24,0.0,7.97,12457.95,1
2025-10-29,2025-10-29 14:26:00,1580.24,1580.26,1580.24,1580.26,0.0,7.97,12457.95,1
2025-10-29,2025-10-29 14:27:00,1580.26,1580.29,1580.26,1580.29,0.0,7.97,12457.95,1
2025-10-29,2025-10-29 14:28:00,1580.29,1580.31,1580.29,1580.31,0.0,7.97,12457.95,1
2025-10-29,2025-10-29 14:29:00,1580.31,1580.34,1580.31,1580.34,0.0,7.97,12457.95,1
2025-10-29,2025-10-29 14:30:00,1580.34,1580.36,1580.34,1580.36,0.0,7.97,12457.95,1
2025-10-29,2025-10-29 14:31:00,1580.36,1580.39,1580.36,1580.39,0.0,7.97,12457.95,1
2025-10-29,2025-10-29 14:32:00,1580.39,1580.41,1580.39,1580.41,0.0,7.97,12457.95,1
2025-10-29,2025-10-29 14:33:00,1580.41,1580.44,1580.41,1580.44,0.0,7.97,12457.95,1
2025-10-29,2025-10-29 14:34:00,1580.44,1580.46,1580.44,1580.46,0.0,7.97,12457.95,1
2025-10-29,2025-10-29 14:35:00,1580.46,1580.49,1580.46,1580.49,0.0,7.97,12457.95,1
2025-10-29,2025-10-29 14:36:00,1580.49,1580.52,1580.49,1580.52,0.0,7.97,12457.95,1
2025-10-29,2025-10-29 14:37:00,1580.52,1580.54,1580.52,1580.54,0.0,7.97,12457.95,1
2025-10-29,2025-10-29 14:38:00,1580.54,1580.57,1580.54,1580.57,0.0,7.97,12457.95,1
2025-10-29,2025-10-29 14:39:00,1580.57,1580.59,1580.57,1580.59,0.0,7.97,12457.95,1
2025-10-29,2025-10-29 14:40:00,1580.59,1580.62,1580.59,1580.62,0.0,7.97,12457.95,1
2025-10-29,2025-10-29 14:41:00,1580.62,1580.64,1580.62,1580.64,0.0,7.97,12457.95,1
2025-10-29,2025-10-29 14:42:00,1580.64,1580.67,1580.64,1580.67,0.0,7.97,12457.95,1
2025-10-29,2025-10-29 14:43:00,1580.67,1580.69,1580.67,1580.69,0.0,7.97,12457.95,1
2025-10-29,2025-10-29 14:44:00,1580.69,1580.72,1580.69,1580.72,0.0,7.97,12457.95,1
2025-10-29,2025-10-29 14:45:00,1580.72,1580.74,1580.72,1580.74,0.0,7.97,12457.95,1
2025-10-29,2025-10-29 14:46:00,1580.74,1580.77,1580.74,1580.77,0.0,7.97,12457.95,1
2025-10-29,2025-10-29 14:47:00,1580.77,1580.79,1580.77,1580.79,0.0,7.97,12457.95,1
2025-10-29,2025-10-29 14:48:00,1580.79,1580.82,1580.79,1580.82,0.0,7.97,12457.95,1
2025-10-29,2025-10-29 14:49:00,1580.82,1580.85,1580.82,1580.85,0.0,7.97,12457.95,1
2025-10-29,2025-10-29 14:50:00,1580.85,1580.87,1580.85,1580.87,0.0,7.97,12457.95,1
2025-10-29,2025-10-29 14:51:00,1580.87,1580.9,1580.87,1580.9,0.0,7.97,12457.95,1
2025-10-29,2025-10-29 14:52:00,1580.9,1580.92,1580.9,1580.92,0.0,7.97,12457.95,1
2025-10-29,2025-10-29 14:53:00,1580.92,1580.95,1580.92,1580.95,0.0,7.97,12457.95,1
2025-10-29,2025-10-29 14:54:00,1580.95,1580.97,1580.95,1580.97,0.0,7.97,12457.95,1
2025-10-29,2025-10-29 14:55:00,1580.97,1581.0,1580.97,1581.0,0.0,7.97,12457.95,1
2025-10-29,2025-10-29 14:56:00,1581.0,1581.02,1581.0,1581.02,0.0,7.97,12457.95,1
2025-10-29,2025-10-29 14:57:00,1581.02,1581.05,1581.02,1581.05,0.0,7.97,12457.95,1
2025-10-29,2025-10-29 14:58:00,1581.05,1581.07,1581.05,1581.07,0.0,7.97,12457.95,1
2025-10-29,2025-10-29 14:59:00,1581.07,1581.1,1581.07,1581.1,0.0,7.97,12457.95,1
2025-10-29,2025-10-29 15:00:00,1581.1,1590.0,1541.0,1581.1,0.0,7.97,12457.95,0
2025-10-30,2025-10-30 11:00:00,1551.0,1568.7,1551.0,1551.21,0.01,7.76,12316.57,1
2025-10-30,2025-10-30 11:01:00,1551.21,1551.42,1551.21,1551.42,0.01,7.76,12316.57,1
2025-10-30,2025-10-30 11:02:00,1551.42,1551.64,1551.42,1551.64,0.01,7.76,12316.57,1
2025-10-30,2025-10-30 11:03:00,1551.64,1551.85,1551.64,1551.85,0.01,7.76,12316.57,1
2025-10-30,2025-10-30 11:04:00,1551.85,1552.06,1551.85,1552.06,0.01,7.76,12316.57,1
2025-10-30,2025-10-30 11:05:00,1552.06,1552.28,1552.06,1552.28,0.01,7.76,12316.57,1
2025-10-30,2025-10-30 11:06:00,1552.28,1552.49,1552.28,1552.49,0.01,7.76,12316.57,1
2025-10-30,2025-10-30 11:07:00,1552.49,1552.7,1552.49,1552.7,0.01,7.76,12316.57,1
2025-10-30,2025-10-30 11:08:00,1552.7,1552.91,1552.7,1552.91,0.01,7.76,12316.57,1
2025-10-30,2025-10-30 11:09:00,1552.91,1553.12,1552.91,1553.12,0.01,7.76,12316.57,1
2025-10-30,2025-10-30 11:10:00,1553.12,1553.34,1553.12,1553.34,0.01,7.76,12316.57,1
2025-10-30,2025-10-30 11:11:00,1553.34,1553.55,1553.34,1553.55,0.01,7.76,12316.57,1
2025-10-30,2025-10-30 11:12:00,1553.55,1553.76,1553.55,1553.76,0.01,7.76,12316.57,1
2025-10-30,2025-10-30 11:13:00,1553.76,1553.97,1553.76,1553.97,0.01,7.76,12316.57,1
2025-10-30,2025-10-30 11:14:00,1553.97,1554.19,1553.97,1554.19,0.01,7.76,12316.57,1
2025-10-30,2025-10-30 11:15:00,1554.19,1554.4,1554.19,1554.4,0.01,7.76,12316.57,1
2025-10-30,2025-10-30 11:16:00,1554.4,1554.61,1554.4,1554.61,0.01,7.76,12316.57,1
2025-10-30,2025-10-30 11:17:00,1554.61,1554.83,1554.61,1554.83,0.01,7.76,12316.57,1
2025-10-30,2025-10-30 11:18:00,1554.83,1555.04,1554.83,1555.04,0.01,7.76,12316.57,1
2025-10-30,2025-10-30 11:19:00,1555.04,1555.25,1555.04,1555.25,0.01,7.76,12316.57,1
2025-10-30,2025-10-30 11:20:00,1555.25,1555.46,1555.25,1555.46,0.01,7.76,12316.57,1
2025-10-30,2025-10-30 11:21:00,1555.46,1555.67,1555.46,1555.67,0.01,7.76,12316.57,1
2025-10-30,2025-10-30 11:22:00,1555.67,1555.89,1555.67,1555.89,0.01,7.76,12316.57,1
2025-10-30,2025-10-30 11:23:00,1555.89,1556.1,1555.89,1556.1,0.01,7.76,12316.57,1
2025-10-30,2025-10-30 11:24:00,1556.1,1556.31,1556.1,1556.31,0.01,7.76,12316.57,1
2025-10-30,2025-10-30 11:25:00,1556.31,1556.53,1556.31,1556.53,0.01,7.76,12316.57,1
2025-10-30,2025-10-30 11:26:00,1556.53,1556.74,1556.53,1556.74,0.01,7.76,12316.57,1
2025-10-30,2025-10-30 11:27:00,1556.74,1556.95,1556.74,1556.95,0.01,7.76,12316.57,1
2025-10-30,2025-10-30 11:28:00,1556.95,1557.16,1556.95,1557.16,0.01,7.76,12316.57,1
2025-10-30,2025-10-30 11:29:00,1557.16,1557.38,1557.16,1557.38,0.01,7.76,12316.57,1
2025-10-30,2025-10-30 11:30:00,1557.38,1557.59,1557.38,1557.59,0.01,7.76,12316.57,1
2025-10-30,2025-10-30 11:31:00,1557.59,1557.8,1557.59,1557.8,0.01,7.76,12316.57,1
2025-10-30,2025-10-30 11:32:00,1557.8,1558.01,1557.8,1558.01,0.01,7.76,12316.57,1
2025-10-30,2025-10-30 11:33:00,1558.01,1558.22,1558.01,1558.22,0.01,7.76,12316.57,1
2025-10-30,2025-10-30 11:34:00,1558.22,1558.44,1558.22,1558.44,0.01,7.76,12316.57,1
2025-10-30,2025-10-30 11:35:00,1558.44,1558.65,1558.44,1558.65,0.01,7.76,12316.57,1
2025-10-30,2025-10-30 11:36:00,1558.65,1558.86,1558.65,1558.86,0.01,7.76,12316.57,1
2025-10-30,2025-10-30 11:37:00,1558.86,1559.08,1558.86,1559.08,0.01,7.76,12316.57,1
2025-10-30,2025-10-30 11:38:00,1559.08,1559.29,1559.08,1559.29,0.01,7.76,12316.57,1
2025-10-30,2025-10-30 11:39:00,1559.29,1559.5,1559.29,1559.5,0.01,7.76,12316.57,1
2025-10-30,2025-10-30 11:40:00,1559.5,1559.71,1559.5,1559.71,0.01,7.76,12316.57,1
2025-10-30,2025-10-30 11:41:00,1559.71,1559.92,1559.71,1559.92,0.01,7.76,12316.57,1
2025-10-30,2025-10-30 11:42:00,1559.92,1560.14,1559.92,1560.14,0.01,7.76,12316.57,1
2025-10-30,2025-10-30 11:43:00,1560.14,1560.35,1560.14,1560.35,0.01,7.76,12316.57,1
2025-10-30,2025-10-30 11:44:00,1560.35,1560.56,1560.35,1560.56,0.01,7.76,12316.57,1
2025-10-30,2025-10-30 11:45:00,1560.56,1560.78,1560.56,1560.78,0.01,7.76,12316.57,1
2025-10-30,2025-10-30 11:46:00,1560.78,1560.99,1560.78,1560.99,0.01,7.76,12316.57,1
2025-10-30,2025-10-30 11:47:00,1560.99,1561.2,1560.99,1561.2,0.01,7.76,12316.57,1
2025-10-30,2025-10-30 11:48:00,1561.2,1561.41,1561.2,1561.41,0.01,7.76,12316.57,1
2025-10-30,2025-10-30 11:49:00,1561.41,1561.62,1561.41,1561.62,0.01,7.76,12316.57,1
2025-10-30,2025-10-30 11:50:00,1561.62,1561.84,1561.62,1561.84,0.01,7.76,12316.57,1
2025-10-30,2025-10-30 11:51:00,1561.84,1562.05,1561.84,1562.05,0.01,7.76,12316.57,1
2025-10-30,2025-10-30 11:52:00,1562.05,1562.26,1562.05,1562.26,0.01,7.76,12316.57,1
2025-10-30,2025-10-30 11:53:00,1562.26,1562.47,1562.26,1562.47,0.01,7.76,12316.57,1
2025-10-30,2025-10-30 11:54:00,1562.47,1562.69,1562.47,1562.69,0.01,7.76,12316.57,1
2025-10-30,2025-10-30 11:55:00,1562.69,1562.9,1562.69,1562.9,0.01,7.76,12316.57,1
2025-10-30,2025-10-30 11:56:00,1562.9,1563.11,1562.9,1563.11,0.01,7.76,12316.57,1
2025-10-30,2025-10-30 11:57:00,1563.11,1563.33,1563.11,1563.33,0.01,7.76,12316.57,1
2025-10-30,2025-10-30 11:58:00,1563.33,1563.54,1563.33,1563.54,0.01,7.76,12316.57,1
2025-10-30,2025-10-30 11:59:00,1563.54,1563.75,1563.54,1563.75,0.01,7.76,12316.57,1
2025-10-30,2025-10-30 12:00:00,1563.75,1563.96,1563.75,1563.96,0.01,7.76,12316.57,1
2025-10-30,2025-10-30 12:01:00,1563.96,1564.17,1563.96,1564.17,0.01,7.76,12316.57,1
2025-10-30,2025-10-30 12:02:00,1564.17,1564.39,1564.17,1564.39,0.01,7.76,12316.57,1
2025-10-30,2025-10-30 12:03:00,1564.39,1564.6,1564.39,1564.6,0.01,7.76,12316.57,1
2025-10-30,2025-10-30 12:04:00,1564.6,1564.81,1564.6,1564.81,0.01,7.76,12316.57,1
2025-10-30,2025-10-30 12:05:00,1564.81,1565.03,1564.81,1565.03,0.01,7.76,12316.57,1
2025-10-30,2025-10-30 12:06:00,1565.03,1565.24,1565.03,1565.24,0.01,7.76,12316.57,1
2025-10-30,2025-10-30 12:07:00,1565.24,1565.45,1565.24,1565.45,0.01,7.76,12316.57,1
2025-10-30,2025-10-30 12:08:00,1565.45,1565.66,1565.45,1565.66,0.01,7.76,12316.57,1
2025-10-30,2025-10-30 12:09:00,1565.66,1565.88,1565.66,1565.88,0.01,7.76,12316.57,1
2025-10-30,2025-10-30 12:10:00,1565.88,1566.09,1565.88,1566.09,0.01,7.76,12316.57,1
2025-10-30,2025-10-30 12:11:00,1566.09,1566.3,1566.09,1566.3,0.01,7.76,12316.57,1
2025-10-30,2025-10-30 12:12:00,1566.3,1566.51,1566.3,1566.51,0.01,7.76,12316.57,1
2025-10-30,2025-10-30 12:13:00,1566.51,1566.72,1566.51,1566.72,0.01,7.76,12316.57,1
2025-10-30,2025-10-30 12:14:00,1566.72,1566.94,1566.72,1566.94,0.01,7.76,12316.57,1
2025-10-30,2025-10-30 12:15:00,1566.94,1567.15,1566.94,1567.15,0.01,7.76,12316.57,1
2025-10-30,2025-10-30 12:16:00,1567.15,1567.36,1567.15,1567.36,0.01,7.76,12316.57,1
2025-10-30,2025-10-30 12:17:00,1567.36,1567.58,1567.36,1567.58,0.01,7.76,12316.57,1
2025-10-30,2025-10-30 12:18:00,1567.58,1567.79,1567.58,1567.79,0.01,7.76,12316.57,1
2025-10-30,2025-10-30 12:19:00,1567.79,1568.0,1567.79,1568.0,0.01,7.76,12316.57,1
2025-10-30,2025-10-30 12:20:00,1568.0,1568.21,1568.0,1568.21,0.01,7.76,12316.57,1
2025-10-30,2025-10-30 12:21:00,1568.21,1568.42,1568.21,1568.42,0.01,7.76,12316.57,1
2025-10-30,2025-10-30 12:22:00,1568.42,1568.64,1568.42,1568.64,0.01,7.76,12316.57,1
2025-10-30,2025-10-30 12:23:00,1568.64,1568.85,1568.64,1568.85,0.01,7.76,12316.57,1
2025-10-30,2025-10-30 12:24:00,1568.85,1569.06,1568.85,1569.06,0.01,7.76,12316.57,1
2025-10-30,2025-10-30 12:25:00,1569.06,1569.28,1569.06,1569.28,0.01,7.76,12316.57,1
2025-10-30,2025-10-30 12:26:00,1569.28,1569.49,1569.28,1569.49,0.01,7.76,12316.57,1
2025-10-30,2025-10-30 12:27:00,1569.49,1569.7,1569.49,1569.7,0.01,7.76,12316.57,1
2025-10-30,2025-10-30 12:28:00,1569.7,1569.91,1569.7,1569.91,0.01,7.76,12316.57,1
2025-10-30,2025-10-30 12:29:00,1569.91,1570.12,1569.91,1570.12,0.01,7.76,12316.57,1
2025-10-30,2025-10-30 12:30:00,1570.12,1570.34,1570.12,1570.34,0.01,7.76,12316.57,1
2025-10-30,2025-10-30 12:31:00,1570.34,1570.55,1570.34,1570.55,0.01,7.76,12316.57,1
2025-10-30,2025-10-30 12:32:00,1570.55,1570.76,1570.55,1570.76,0.01,7.76,12316.57,1
2025-10-30,2025-10-30 12:33:00,1570.76,1570.97,1570.76,1570.97,0.01,7.76,12316.57,1
2025-10-30,2025-10-30 12:34:00,1570.97,1571.19,1570.97,1571.19,0.01,7.76,12316.57,1
2025-10-30,2025-10-30 12:35:00,1571.19,1571.4,1571.19,1571.4,0.01,7.76,12316.57,1
2025-10-30,2025-10-30 12:36:00,1571.4,1571.61,1571.4,1571.61,0.01,7.76,12316.57,1
2025-10-30,2025-10-30 12:37:00,1571.61,1571.83,1571.61,1571.83,0.01,7.76,12316.57,1
2025-10-30,2025-10-30 12:38:00,1571.83,1572.04,1571.83,1572.04,0.01,7.76,12316.57,1
2025-10-30,2025-10-30 12:39:00,1572.04,1572.25,1572.04,1572.25,0.01,7.76,12316.57,1
2025-10-30,2025-10-30 12:40:00,1572.25,1572.46,1572.25,1572.46,0.01,7.76,12316.57,1
2025-10-30,2025-10-30 12:41:00,1572.46,1572.67,1572.46,1572.67,0.01,7.76,12316.57,1
2025-10-30,2025-10-30 12:42:00,1572.67,1572.89,1572.67,1572.89,0.01,7.76,12316.57,1
2025-10-30,2025-10-30 12:43:00,1572.89,1573.1,1572.89,1573.1,0.01,7.76,12316.57,1
2025-10-30,2025-10-30 12:44:00,1573.1,1573.31,1573.1,1573.31,0.01,7.76,12316.57,1
2025-10-30,2025-10-30 12:45:00,1573.31,1573.53,1573.31,1573.53,0.01,7.76,12316.57,1
2025-10-30,2025-10-30 12:46:00,1573.53,1573.74,1573.53,1573.74,0.01,7.76,12316.57,1
2025-10-30,2025-10-30 12:47:00,1573.74,1573.95,1573.74,1573.95,0.01,7.76,12316.57,1
2025-10-30,2025-10-30 12:48:00,1573.95,1574.16,1573.95,1574.16,0.01,7.76,12316.57,1
2025-10-30,2025-10-30 12:49:00,1574.16,1574.38,1574.16,1574.38,0.01,7.76,12316.57,1
2025-10-30,2025-10-30 12:50:00,1574.38,1574.59,1574.38,1574.59,0.01,7.76,12316.57,1
2025-10-30,2025-10-30 12:51:00,1574.59,1574.8,1574.59,1574.8,0.01,7.76,12316.57,1
2025-10-30,2025-10-30 12:52:00,1574.8,1575.01,1574.8,1575.01,0.01,7.76,12316.57,1
2025-10-30,2025-10-30 12:53:00,1575.01,1575.22,1575.01,1575.22,0.01,7.76,12316.57,1
2025-10-30,2025-10-30 12:54:00,1575.22,1575.44,1575.22,1575.44,0.01,7.76,12316.57,1
2025-10-30,2025-10-30 12:55:00,1575.44,1575.65,1575.44,1575.65,0.01,7.76,12316.57,1
2025-10-30,2025-10-30 12:56:00,1575.65,1575.86,1575.65,1575.86,0.01,7.76,12316.57,1
2025-10-30,2025-10-30 12:57:00,1575.86,1576.08,1575.86,1576.08,0.01,7.76,12316.57,1
2025-10-30,2025-10-30 12:58:00,1576.08,1576.29,1576.08,1576.29,0.01,7.76,12316.57,1
2025-10-30,2025-10-30 12:59:00,1576.29,1576.5,1576.29,1576.5,0.01,7.76,12316.57,1
2025-10-30,2025-10-30 13:00:00,1576.5,1610.0,1551.0,1576.71,0.01,7.76,12316.57,1
2025-10-30,2025-10-30 13:01:00,1576.71,1576.92,1576.71,1576.92,0.01,7.76,12316.57,1
2025-10-30,2025-10-30 13:02:00,1576.92,1577.14,1576.92,1577.14,0.01,7.76,12316.57,1
2025-10-30,2025-10-30 13:03:00,1577.14,1577.35,1577.14,1577.35,0.01,7.76,12316.57,1
2025-10-30,2025-10-30 13:04:00,1577.35,1577.56,1577.35,1577.56,0.01,7.76,12316.57,1
2025-10-30,2025-10-30 13:05:00,1577.56,1577.78,1577.56,1577.78,0.01,7.76,12316.57,1
2025-10-30,2025-10-30 13:06:00,1577.78,1577.99,1577.78,1577.99,0.01,7.76,12316.57,1
2025-10-30,2025-10-30 13:07:00,1577.99,1578.2,1577.99,1578.2,0.01,7.76,12316.57,1
2025-10-30,2025-10-30 13:08:00,1578.2,1578.41,1578.2,1578.41,0.01,7.76,12316.57,1
2025-10-30,2025-10-30 13:09:00,1578.41,1578.62,1578.41,1578.62,0.01,7.76,12316.57,1
2025-10-30,2025-10-30 13:10:00,1578.62,1578.84,1578.62,1578.84,0.01,7.76,12316.57,1
2025-10-30,2025-10-30 13:11:00,1578.84,1579.05,1578.84,1579.05,0.01,7.76,12316.57,1
2025-10-30,2025-10-30 13:12:00,1579.05,1579.26,1579.05,1579.26,0.01,7.76,12316.57,1
2025-10-30,2025-10-30 13:13:00,1579.26,1579.47,1579.26,1579.47,0.01,7.76,12316.57,1
2025-10-30,2025-10-30 13:14:00,1579.47,1579.69,1579.47,1579.69,0.01,7.76,12316.57,1
2025-10-30,2025-10-30 13:15:00,1579.69,1579.9,1579.69,1579.9,0.01,7.76,12316.57,1
2025-10-30,2025-10-30 13:16:00,1579.9,1580.11,1579.9,1580.11,0.01,7.76,12316.57,1
2025-10-30,2025-10-30 13:17:00,1580.11,1580.33,1580.11,1580.33,0.01,7.76,12316.57,1
2025-10-30,2025-10-30 13:18:00,1580.33,1580.54,1580.33,1580.54,0.01,7.76,12316.57,1
2025-10-30,2025-10-30 13:19:00,1580.54,1580.75,1580.54,1580.75,0.01,7.76,12316.57,1
2025-10-30,2025-10-30 13:20:00,1580.75,1580.96,1580.75,1580.96,0.01,7.76,12316.57,1
2025-10-30,2025-10-30 13:21:00,1580.96,1581.17,1580.96,1581.17,0.01,7.76,12316.57,1
2025-10-30,2025-10-30 13:22:00,1581.17,1581.39,1581.17,1581.39,0.01,7.76,12316.57,1
2025-10-30,2025-10-30 13:23:00,1581.39,1581.6,1581.39,1581.6,0.01,7.76,12316.57,1
2025-10-30,2025-10-30 13:24:00,1581.6,1581.81,1581.6,1581.81,0.01,7.76,12316.57,1
2025-10-30,2025-10-30 13:25:00,1581.81,1582.03,1581.81,1582.03,0.01,7.76,12316.57,1
2025-10-30,2025-10-30 13:26:00,1582.03,1582.24,1582.03,1582.24,0.01,7.76,12316.57,1
2025-10-30,2025-10-30 13:27:00,1582.24,1582.45,1582.24,1582.45,0.01,7.76,12316.57,1
2025-10-30,2025-10-30 13:28:00,1582.45,1582.66,1582.45,1582.66,0.01,7.76,12316.57,1
2025-10-30,2025-10-30 13:29:00,1582.66,1582.88,1582.66,1582.88,0.01,7.76,12316.57,1
2025-10-30,2025-10-30 13:30:00,1582.88,1583.09,1582.88,1583.09,0.01,7.76,12316.57,1
2025-10-30,2025-10-30 13:31:00,1583.09,1583.3,1583.09,1583.3,0.01,7.76,12316.57,1
2025-10-30,2025-10-30 13:32:00,1583.3,1583.51,1583.3,1583.51,0.01,7.76,12316.57,1
2025-10-30,2025-10-30 13:33:00,1583.51,1583.72,1583.51,1583.72,0.01,7.76,12316.57,1
2025-10-30,2025-10-30 13:34:00,1583.72,1583.94,1583.72,1583.94,0.01,7.76,12316.57,1
2025-10-30,2025-10-30 13:35:00,1583.94,1584.15,1583.94,1584.15,0.01,7.76,12316.57,1
2025-10-30,2025-10-30 13:36:00,1584.15,1584.36,1584.15,1584.36,0.01,7.76,12316.57,1
2025-10-30,2025-10-30 13:37:00,1584.36,1584.58,1584.36,1584.58,0.01,7.76,12316.57,1
2025-10-30,2025-10-30 13:38:00,1584.58,1584.79,1584.58,1584.79,0.01,7.76,12316.57,1
2025-10-30,2025-10-30 13:39:00,1584.79,1585.0,1584.79,1585.0,0.01,7.76,12316.57,1
2025-10-30,2025-10-30 13:40:00,1585.0,1585.21,1585.0,1585.21,0.01,7.76,12316.57,1
2025-10-30,2025-10-30 13:41:00,1585.21,1585.42,1585.21,1585.42,0.01,7.76,12316.57,1
2025-10-30,2025-10-30 13:42:00,1585.42,1585.64,1585.42,1585.64,0.01,7.76,12316.57,1
2025-10-30,2025-10-30 13:43:00,1585.64,1585.85,1585.64,1585.85,0.01,7.76,12316.57,1
2025-10-30,2025-10-30 13:44:00,1585.85,1586.06,1585.85,1586.06,0.01,7.76,12316.57,1
2025-10-30,2025-10-30 13:45:00,1586.06,1586.28,1586.06,1586.28,0.01,7.76,12316.57,1
2025-10-30,2025-10-30 13:46:00,1586.28,1586.49,1586.28,1586.49,0.01,7.76,12316.57,1
2025-10-30,2025-10-30 13:47:00,1586.49,1586.7,1586.49,1586.7,0.01,7.76,12316.57,1
2025-10-30,2025-10-30 13:48:00,1586.7,1586.91,1586.7,1586.91,0.01,7.76,12316.57,1
2025-10-30,2025-10-30 13:49:00,1586.91,1587.12,1586.91,1587.12,0.01,7.76,12316.57,1
2025-10-30,2025-10-30 13:50:00,1587.12,1587.34,1587.12,1587.34,0.01,7.76,12316.57,1
2025-10-30,2025-10-30 13:51:00,1587.34,1587.55,1587.34,1587.55,0.01,7.76,12316.57,1
2025-10-30,2025-10-30 13:52:00,1587.55,1587.76,1587.55,1587.76,0.01,7.76,12316.57,1
2025-10-30,2025-10-30 13:53:00,1587.76,1587.97,1587.76,1587.97,0.01,7.76,12316.57,1
2025-10-30,2025-10-30 13:54:00,1587.97,1588.19,1587.97,1588.19,0.01,7.76,12316.57,1
2025-10-30,2025-10-30 13:55:00,1588.19,1588.4,1588.19,1588.4,0.01,7.76,12316.57,1
2025-10-30,2025-10-30 13:56:00,1588.4,1588.61,1588.4,1588.61,0.01,7.76,12316.57,1
2025-10-30,2025-10-30 13:57:00,1588.61,1588.83,1588.61,1588.83,0.01,7.76,12316.57,1
2025-10-30,2025-10-30 13:58:00,1588.83,1589.04,1588.83,1589.04,0.01,7.76,12316.57,1
2025-10-30,2025-10-30 13:59:00,1589.04,1589.25,1589.04,1589.25,0.01,7.76,12316.57,1
2025-10-30,2025-10-30 14:00:00,1589.25,1589.46,1589.25,1589.46,0.01,7.76,12316.57,1
2025-10-30,2025-10-30 14:01:00,1589.46,1589.67,1589.46,1589.67,0.01,7.76,12316.57,1
2025-10-30,2025-10-30 14:02:00,1589.67,1589.89,1589.67,1589.89,0.01,7.76,12316.57,1
2025-10-30,2025-10-30 14:03:00,1589.89,1590.1,1589.89,1590.1,0.01,7.76,12316.57,1
2025-10-30,2025-10-30 14:04:00,1590.1,1590.31,1590.1,1590.31,0.01,7.76,12316.57,1
2025-10-30,2025-10-30 14:05:00,1590.31,1590.53,1590.31,1590.53,0.01,7.76,12316.57,1
2025-10-30,2025-10-30 14:06:00,1590.53,1590.74,1590.53,1590.74,0.01,7.76,12316.57,1
2025-10-30,2025-10-30 14:07:00,1590.74,1590.95,1590.74,1590.95,0.01,7.76,12316.57,1
2025-10-30,2025-10-30 14:08:00,1590.95,1591.16,1590.95,1591.16,0.01,7.76,12316.57,1
2025-10-30,2025-10-30 14:09:00,1591.16,1591.38,1591.16,1591.38,0.01,7.76,12316.57,1
2025-10-30,2025-10-30 14:10:00,1591.38,1591.59,1591.38,1591.59,0.01,7.76,12316.57,1
2025-10-30,2025-10-30 14:11:00,1591.59,1591.8,1591.59,1591.8,0.01,7.76,12316.57,1
2025-10-30,2025-10-30 14:12:00,1591.8,1592.01,1591.8,1592.01,0.01,7.76,12316.57,1
2025-10-30,2025-10-30 14:13:00,1592.01,1592.22,1592.01,1592.22,0.01,7.76,12316.57,1
2025-10-30,2025-10-30 14:14:00,1592.22,1592.44,1592.22,1592.44,0.01,7.76,12316.57,1
2025-10-30,2025-10-30 14:15:00,1592.44,1592.65,1592.44,1592.65,0.01,7.76,12316.57,1
2025-10-30,2025-10-30 14:16:00,1592.65,1592.86,1592.65,1592.86,0.01,7.76,12316.57,1
2025-10-30,2025-10-30 14:17:00,1592.86,1593.08,1592.86,1593.08,0.01,7.76,12316.57,1
2025-10-30,2025-10-30 14:18:00,1593.08,1593.29,1593.08,1593.29,0.01,7.76,12316.57,1
2025-10-30,2025-10-30 14:19:00,1593.29,1593.5,1593.29,1593.5,0.01,7.76,12316.57,1
2025-10-30,2025-10-30 14:20:00,1593.5,1593.71,1593.5,1593.71,0.01,7.76,12316.57,1
2025-10-30,2025-10-30 14:21:00,1593.71,1593.92,1593.71,1593.92,0.01,7.76,12316.57,1
2025-10-30,2025-10-30 14:22:00,1593.92,1594.14,1593.92,1594.14,0.01,7.76,12316.57,1
2025-10-30,2025-10-30 14:23:00,1594.14,1594.35,1594.14,1594.35,0.01,7.76,12316.57,1
2025-10-30,2025-10-30 14:24:00,1594.35,1594.56,1594.35,1594.56,0.01,7.76,12316.57,1
2025-10-30,2025-10-30 14:25:00,1594.56,1594.78,1594.56,1594.78,0.01,7.76,12316.57,1
2025-10-30,2025-10-30 14:26:00,1594.78,1594.99,1594.78,1594.99,0.01,7.76,12316.57,1
2025-10-30,2025-10-30 14:27:00,1594.99,1595.2,1594.99,1595.2,0.01,7.76,12316.57,1
2025-10-30,2025-10-30 14:28:00,1595.2,1595.41,1595.2,1595.41,0.01,7.76,12316.57,1
2025-10-30,2025-10-30 14:29:00,1595.41,1595.62,1595.41,1595.62,0.01,7.76,12316.57,1
2025-10-30,2025-10-30 14:30:00,1595.62,1595.84,1595.62,1595.84,0.01,7.76,12316.57,1
2025-10-30,2025-10-30 14:31:00,1595.84,1596.05,1595.84,1596.05,0.01,7.76,12316.57,1
2025-10-30,2025-10-30 14:32:00,1596.05,1596.26,1596.05,1596.26,0.01,7.76,12316.57,1
2025-10-30,2025-10-30 14:33:00,1596.26,1596.47,1596.26,1596.47,0.01,7.76,12316.57,1
2025-10-30,2025-10-30 14:34:00,1596.47,1596.69,1596.47,1596.69,0.01,7.76,12316.57,1
2025-10-30,2025-10-30 14:35:00,1596.69,1596.9,1596.69,1596.9,0.01,7.76,12316.57,1
2025-10-30,2025-10-30 14:36:00,1596.9,1597.11,1596.9,1597.11,0.01,7.76,12316.57,1
2025-10-30,2025-10-30 14:37:00,1597.11,1597.33,1597.11,1597.33,0.01,7.76,12316.57,1
2025-10-30,2025-10-30 14:38:00,1597.33,1597.54,1597.33,1597.54,0.01,7.76,12316.57,1
2025-10-30,2025-10-30 14:39:00,1597.54,1597.75,1597.54,1597.75,0.01,7.76,12316.57,1
2025-10-30,2025-10-30 14:40:00,1597.75,1597.96,1597.75,1597.96,0.01,7.76,12316.57,1
2025-10-30,2025-10-30 14:41:00,1597.96,1598.17,1597.96,1598.17,0.01,7.76,12316.57,1
2025-10-30,2025-10-30 14:42:00,1598.17,1598.39,1598.17,1598.39,0.01,7.76,12316.57,1
2025-10-30,2025-10-30 14:43:00,1598.39,1598.6,1598.39,1598.6,0.01,7.76,12316.57,1
2025-10-30,2025-10-30 14:44:00,1598.6,1598.81,1598.6,1598.81,0.01,7.76,12316.57,1
2025-10-30,2025-10-30 14:45:00,1598.81,1599.03,1598.81,1599.03,0.01,7.76,12316.57,1
2025-10-30,2025-10-30 14:46:00,1599.03,1599.24,1599.03,1599.24,0.01,7.76,12316.57,1
2025-10-30,2025-10-30 14:47:00,1599.24,1599.45,1599.24,1599.45,0.01,7.76,12316.57,1
2025-10-30,2025-10-30 14:48:00,1599.45,1599.66,1599.45,1599.66,0.01,7.76,12316.57,1
2025-10-30,2025-10-30 14:49:00,1599.66,1599.88,1599.66,1599.88,0.01,7.76,12316.57,1
2025-10-30,2025-10-30 14:50:00,1599.88,1600.09,1599.88,1600.09,0.01,7.76,12316.57,1
2025-10-30,2025-10-30 14:51:00,1600.09,1600.3,1600.09,1600.3,0.01,7.76,12316.57,1
2025-10-30,2025-10-30 14:52:00,1600.3,1600.51,1600.3,1600.51,0.01,7.76,12316.57,1
2025-10-30,2025-10-30 14:53:00,1600.51,1600.72,1600.51,1600.72,0.01,7.76,12316.57,1
2025-10-30,2025-10-30 14:54:00,1600.72,1600.94,1600.72,1600.94,0.01,7.76,12316.57,1
2025-10-30,2025-10-30 14:55:00,1600.94,1601.15,1600.94,1601.15,0.01,7.76,12316.57,1
2025-10-30,2025-10-30 14:56:00,1601.15,1601.36,1601.15,1601.36,0.01,7.76,12316.57,1
2025-10-30,2025-10-30 14:57:00,1601.36,1601.58,1601.36,1601.58,0.01,7.76,12316.57,1
2025-10-30,2025-10-30 14:58:00,1601.58,1601.79,1601.58,1601.79,0.01,7.76,12316.57,1
2025-10-30,2025-10-30 14:59:00,1601.79,1602.0,1601.79,1602.0,0.01,7.76,12316.57,1
2025-10-30,2025-10-30 15:00:00,1602.0,1610.0,1551.0,1602.0,0.0,7.76,12316.57,0
2025-11-02,2025-11-02 11:00:00,1580.0,1595.6,1580.0,1580.2,0.01,7.62,12364.69,1
2025-11-02,2025-11-02 11:01:00,1580.2,1580.41,1580.2,1580.41,0.01,7.62,12364.69,1
2025-11-02,2025-11-02 11:02:00,1580.41,1580.61,1580.41,1580.61,0.01,7.62,12364.69,1
2025-11-02,2025-11-02 11:03:00,1580.61,1580.82,1580.61,1580.82,0.01,7.62,12364.69,1
2025-11-02,2025-11-02 11:04:00,1580.82,1581.02,1580.82,1581.02,0.01,7.62,12364.69,1
2025-11-02,2025-11-02 11:05:00,1581.02,1581.22,1581.02,1581.22,0.01,7.62,12364.69,1
2025-11-02,2025-11-02 11:06:00,1581.22,1581.43,1581.22,1581.43,0.01,7.62,12364.69,1
2025-11-02,2025-11-02 11:07:00,1581.43,1581.63,1581.43,1581.63,0.01,7.62,12364.69,1
2025-11-02,2025-11-02 11:08:00,1581.63,1581.84,1581.63,1581.84,0.01,7.62,12364.69,1
2025-11-02,2025-11-02 11:09:00,1581.84,1582.04,1581.84,1582.04,0.01,7.62,12364.69,1
2025-11-02,2025-11-02 11:10:00,1582.04,1582.25,1582.04,1582.25,0.01,7.62,12364.69,1
2025-11-02,2025-11-02 11:11:00,1582.25,1582.45,1582.25,1582.45,0.01,7.62,12364.69,1
2025-11-02,2025-11-02 11:12:00,1582.45,1582.65,1582.45,1582.65,0.01,7.62,12364.69,1
2025-11-02,2025-11-02 11:13:00,1582.65,1582.86,1582.65,1582.86,0.01,7.62,12364.69,1
2025-11-02,2025-11-02 11:14:00,1582.86,1583.06,1582.86,1583.06,0.01,7.62,12364.69,1
2025-11-02,2025-11-02 11:15:00,1583.06,1583.27,1583.06,1583.27,0.01,7.62,12364.69,1
2025-11-02,2025-11-02 11:16:00,1583.27,1583.47,1583.27,1583.47,0.01,7.62,12364.69,1
2025-11-02,2025-11-02 11:17:00,1583.47,1583.67,1583.47,1583.67,0.01,7.62,12364.69,1
2025-11-02,2025-11-02 11:18:00,1583.67,1583.88,1583.67,1583.88,0.01,7.62,12364.69,1
2025-11-02,2025-11-02 11:19:00,1583.88,1584.08,1583.88,1584.08,0.01,7.62,12364.69,1
2025-11-02,2025-11-02 11:20:00,1584.08,1584.29,1584.08,1584.29,0.01,7.62,12364.69,1
2025-11-02,2025-11-02 11:21:00,1584.29,1584.49,1584.29,1584.49,0.01,7.62,12364.69,1
2025-11-02,2025-11-02 11:22:00,1584.49,1584.7,1584.49,1584.7,0.01,7.62,12364.69,1
2025-11-02,2025-11-02 11:23:00,1584.7,1584.9,1584.7,1584.9,0.01,7.62,12364.69,1
2025-11-02,2025-11-02 11:24:00,1584.9,1585.1,1584.9,1585.1,0.01,7.62,12364.69,1
2025-11-02,2025-11-02 11:25:00,1585.1,1585.31,1585.1,1585.31,0.01,7.62,12364.69,1
2025-11-02,2025-11-02 11:26:00,1585.31,1585.51,1585.31,1585.51,0.01,7.62,12364.69,1
2025-11-02,2025-11-02 11:27:00,1585.51,1585.72,1585.51,1585.72,0.01,7.62,12364.69,1
2025-11-02,2025-11-02 11:28:00,1585.72,1585.92,1585.72,1585.92,0.01,7.62,12364.69,1
2025-11-02,2025-11-02 11:29:00,1585.92,1586.12,1585.92,1586.12,0.01,7.62,12364.69,1
2025-11-02,2025-11-02 11:30:00,1586.12,1586.33,1586.12,1586.33,0.01,7.62,12364.69,1
2025-11-02,2025-11-02 11:31:00,1586.33,1586.53,1586.33,1586.53,0.01,7.62,12364.69,1
2025-11-02,2025-11-02 11:32:00,1586.53,1586.74,1586.53,1586.74,0.01,7.62,12364.69,1
2025-11-02,2025-11-02 11:33:00,1586.74,1586.94,1586.74,1586.94,0.01,7.62,12364.69,1
2025-11-02,2025-11-02 11:34:00,1586.94,1587.15,1586.94,1587.15,0.01,7.62,12364.69,1
2025-11-02,2025-11-02 11:35:00,1587.15,1587.35,1587.15,1587.35,0.01,7.62,12364.69,1
2025-11-02,2025-11-02 11:36:00,1587.35,1587.55,1587.35,1587.55,0.01,7.62,12364.69,1
2025-11-02,2025-11-02 11:37:00,1587.55,1587.76,1587.55,1587.76,0.01,7.62,12364.69,1
2025-11-02,2025-11-02 11:38:00,1587.76,1587.96,1587.76,1587.96,0.01,7.62,12364.69,1
2025-11-02,2025-11-02 11:39:00,1587.96,1588.17,1587.96,1588.17,0.01,7.62,12364.69,1
2025-11-02,2025-11-02 11:40:00,1588.17,1588.37,1588.17,1588.37,0.01,7.62,12364.69,1
2025-11-02,2025-11-02 11:41:00,1588.37,1588.58,1588.37,1588.58,0.01,7.62,12364.69,1
2025-11-02,2025-11-02 11:42:00,1588.58,1588.78,1588.58,1588.78,0.01,7.62,12364.69,1
2025-11-02,2025-11-02 11:43:00,1588.78,1588.98,1588.78,1588.98,0.01,7.62,12364.69,1
2025-11-02,2025-11-02 11:44:00,1588.98,1589.19,1588.98,1589.19,0.01,7.62,12364.69,1
2025-11-02,2025-11-02 11:45:00,1589.19,1589.39,1589.19,1589.39,0.01,7.62,12364.69,1
2025-11-02,2025-11-02 11:46:00,1589.39,1589.6,1589.39,1589.6,0.01,7.62,12364.69,1
2025-11-02,2025-11-02 11:47:00,1589.6,1589.8,1589.6,1589.8,0.01,7.62,12364.69,1
2025-11-02,2025-11-02 11:48:00,1589.8,1590.0,1589.8,1590.0,0.01,7.62,12364.69,1
2025-11-02,2025-11-02 11:49:00,1590.0,1590.21,1590.0,1590.21,0.01,7.62,12364.69,1
2025-11-02,2025-11-02 11:50:00,1590.21,1590.41,1590.21,1590.41,0.01,7.62,12364.69,1
2025-11-02,2025-11-02 11:51:00,1590.41,1590.62,1590.41,1590.62,0.01,7.62,12364.69,1
2025-11-02,2025-11-02 11:52:00,1590.62,1590.82,1590.62,1590.82,0.01,7.62,12364.69,1
2025-11-02,2025-11-02 11:53:00,1590.82,1591.03,1590.82,1591.03,0.01,7.62,12364.69,1
2025-11-02,2025-11-02 11:54:00,1591.03,1591.23,1591.03,1591.23,0.01,7.62,12364.69,1
2025-11-02,2025-11-02 11:55:00,1591.23,1591.43,1591.23,1591.43,0.01,7.62,12364.69,1
2025-11-02,2025-11-02 11:56:00,1591.43,1591.64,1591.43,1591.64,0.01,7.62,12364.69,1
2025-11-02,2025-11-02 11:57:00,1591.64,1591.84,1591.64,1591.84,0.01,7.62,12364.69,1
2025-11-02,2025-11-02 11:58:00,1591.84,1592.05,1591.84,1592.05,0.01,7.62,12364.69,1
2025-11-02,2025-11-02 11:59:00,1592.05,1592.25,1592.05,1592.25,0.01,7.62,12364.69,1
2025-11-02,2025-11-02 12:00:00,1592.25,1592.45,1592.25,1592.45,0.01,7.62,12364.69,1
2025-11-02,2025-11-02 12:01:00,1592.45,1592.66,1592.45,1592.66,0.01,7.62,12364.69,1
2025-11-02,2025-11-02 12:02:00,1592.66,1592.86,1592.66,1592.86,0.01,7.62,12364.69,1
2025-11-02,2025-11-02 12:03:00,1592.86,1593.07,1592.86,1593.07,0.01,7.62,12364.69,1
2025-11-02,2025-11-02 12:04:00,1593.07,1593.27,1593.07,1593.27,0.01,7.62,12364.69,1
2025-11-02,2025-11-02 12:05:00,1593.27,1593.47,1593.27,1593.47,0.01,7.62,12364.69,1
2025-11-02,2025-11-02 12:06:00,1593.47,1593.68,1593.47,1593.68,0.01,7.62,12364.69,1
2025-11-02,2025-11-02 12:07:00,1593.68,1593.88,1593.68,1593.88,0.01,7.62,12364.69,1
2025-11-02,2025-11-02 12:08:00,1593.88,1594.09,1593.88,1594.09,0.01,7.62,12364.69,1
2025-11-02,2025-11-02 12:09:00,1594.09,1594.29,1594.09,1594.29,0.01,7.62,12364.69,1
2025-11-02,2025-11-02 12:10:00,1594.29,1594.5,1594.29,1594.5,0.01,7.62,12364.69,1
2025-11-02,2025-11-02 12:11:00,1594.5,1594.7,1594.5,1594.7,0.01,7.62,12364.69,1
2025-11-02,2025-11-02 12:12:00,1594.7,1594.9,1594.7,1594.9,0.01,7.62,12364.69,1
2025-11-02,2025-11-02 12:13:00,1594.9,1595.11,1594.9,1595.11,0.01,7.62,12364.69,1
2025-11-02,2025-11-02 12:14:00,1595.11,1595.31,1595.11,1595.31,0.01,7.62,12364.69,1
2025-11-02,2025-11-02 12:15:00,1595.31,1595.52,1595.31,1595.52,0.01,7.62,12364.69,1
2025-11-02,2025-11-02 12:16:00,1595.52,1595.72,1595.52,1595.72,0.01,7.62,12364.69,1
2025-11-02,2025-11-02 12:17:00,1595.72,1595.92,1595.72,1595.92,0.01,7.62,12364.69,1
2025-11-02,2025-11-02 12:18:00,1595.92,1596.13,1595.92,1596.13,0.01,7.62,12364.69,1
2025-11-02,2025-11-02 12:19:00,1596.13,1596.33,1596.13,1596.33,0.01,7.62,12364.69,1
2025-11-02,2025-11-02 12:20:00,1596.33,1596.54,1596.33,1596.54,0.01,7.62,12364.69,1
2025-11-02,2025-11-02 12:21:00,1596.54,1596.74,1596.54,1596.74,0.01,7.62,12364.69,1
2025-11-02,2025-11-02 12:22:00,1596.74,1596.95,1596.74,1596.95,0.01,7.62,12364.69,1
2025-11-02,2025-11-02 12:23:00,1596.95,1597.15,1596.95,1597.15,0.01,7.62,12364.69,1
2025-11-02,2025-11-02 12:24:00,1597.15,1597.35,1597.15,1597.35,0.01,7.62,12364.69,1
2025-11-02,2025-11-02 12:25:00,1597.35,1597.56,1597.35,1597.56,0.01,7.62,12364.69,1
2025-11-02,2025-11-02 12:26:00,1597.56,1597.76,1597.56,1597.76,0.01,7.62,12364.69,1
2025-11-02,2025-11-02 12:27:00,1597.76,1597.97,1597.76,1597.97,0.01,7.62,12364.69,1
2025-11-02,2025-11-02 12:28:00,1597.97,1598.17,1597.97,1598.17,0.01,7.62,12364.69,1
2025-11-02,2025-11-02 12:29:00,1598.17,1598.38,1598.17,1598.38,0.01,7.62,12364.69,1
2025-11-02,2025-11-02 12:30:00,1598.38,1598.58,1598.38,1598.58,0.01,7.62,12364.69,1
2025-11-02,2025-11-02 12:31:00,1598.58,1598.78,1598.58,1598.78,0.01,7.62,12364.69,1
2025-11-02,2025-11-02 12:32:00,1598.78,1598.99,1598.78,1598.99,0.01,7.62,12364.69,1
2025-11-02,2025-11-02 12:33:00,1598.99,1599.19,1598.99,1599.19,0.01,7.62,12364.69,1
2025-11-02,2025-11-02 12:34:00,1599.19,1599.4,1599.19,1599.4,0.01,7.62,12364.69,1
2025-11-02,2025-11-02 12:35:00,1599.4,1599.6,1599.4,1599.6,0.01,7.62,12364.69,1
2025-11-02,2025-11-02 12:36:00,1599.6,1599.8,1599.6,1599.8,0.01,7.62,12364.69,1
2025-11-02,2025-11-02 12:37:00,1599.8,1600.01,1599.8,1600.01,0.01,7.62,12364.69,1
2025-11-02,2025-11-02 12:38:00,1600.01,1600.21,1600.01,1600.21,0.01,7.62,12364.69,1
2025-11-02,2025-11-02 12:39:00,1600.21,1600.42,1600.21,1600.42,0.01,7.62,12364.69,1
2025-11-02,2025-11-02 12:40:00,1600.42,1600.62,1600.42,1600.62,0.01,7.62,12364.69,1
2025-11-02,2025-11-02 12:41:00,1600.62,1600.83,1600.62,1600.83,0.01,7.62,12364.69,1
2025-11-02,2025-11-02 12:42:00,1600.83,1601.03,1600.83,1601.03,0.01,7.62,12364.69,1
2025-11-02,2025-11-02 12:43:00,1601.03,1601.23,1601.03,1601.23,0.01,7.62,12364.69,1
2025-11-02,2025-11-02 12:44:00,1601.23,1601.44,1601.23,1601.44,0.01,7.62,12364.69,1
2025-11-02,2025-11-02 12:45:00,1601.44,1601.64,1601.44,1601.64,0.01,7.62,12364.69,1
2025-11-02,2025-11-02 12:46:00,1601.64,1601.85,1601.64,1601.85,0.01,7.62,12364.69,1
2025-11-02,2025-11-02 12:47:00,1601.85,1602.05,1601.85,1602.05,0.01,7.62,12364.69,1
2025-11-02,2025-11-02 12:48:00,1602.05,1602.25,1602.05,1602.25,0.01,7.62,12364.69,1
2025-11-02,2025-11-02 12:49:00,1602.25,1602.46,1602.25,1602.46,0.01,7.62,12364.69,1
2025-11-02,2025-11-02 12:50:00,1602.46,1602.66,1602.46,1602.66,0.01,7.62,12364.69,1
2025-11-02,2025-11-02 12:51:00,1602.66,1602.87,1602.66,1602.87,0.01,7.62,12364.69,1
2025-11-02,2025-11-02 12:52:00,1602.87,1603.07,1602.87,1603.07,0.01,7.62,12364.69,1
2025-11-02,2025-11-02 12:53:00,1603.07,1603.28,1603.07,1603.28,0.01,7.62,12364.69,1
2025-11-02,2025-11-02 12:54:00,1603.28,1603.48,1603.28,1603.48,0.01,7.62,12364.69,1
2025-11-02,2025-11-02 12:55:00,1603.48,1603.68,1603.48,1603.68,0.01,7.62,12364.69,1
2025-11-02,2025-11-02 12:56:00,1603.68,1603.89,1603.68,1603.89,0.01,7.62,12364.69,1
2025-11-02,2025-11-02 12:57:00,1603.89,1604.09,1603.89,1604.09,0.01,7.62,12364.69,1
2025-11-02,2025-11-02 12:58:00,1604.09,1604.3,1604.09,1604.3,0.01,7.62,12364.69,1
2025-11-02,2025-11-02 12:59:00,1604.3,1604.5,1604.3,1604.5,0.01,7.62,12364.69,1
2025-11-02,2025-11-02 13:00:00,1604.5,1632.0,1580.0,1604.7,0.01,7.62,12364.69,1
2025-11-02,2025-11-02 13:01:00,1604.7,1604.91,1604.7,1604.91,0.01,7.62,12364.69,1
2025-11-02,2025-11-02 13:02:00,1604.91,1605.11,1604.91,1605.11,0.01,7.62,12364.69,1
2025-11-02,2025-11-02 13:03:00,1605.11,1605.32,1605.11,1605.32,0.01,7.62,12364.69,1
2025-11-02,2025-11-02 13:04:00,1605.32,1605.52,1605.32,1605.52,0.01,7.62,12364.69,1
2025-11-02,2025-11-02 13:05:00,1605.52,1605.72,1605.52,1605.72,0.01,7.62,12364.69,1
2025-11-02,2025-11-02 13:06:00,1605.72,1605.93,1605.72,1605.93,0.01,7.62,12364.69,1
2025-11-02,2025-11-02 13:07:00,1605.93,1606.13,1605.93,1606.13,0.01,7.62,12364.69,1
2025-11-02,2025-11-02 13:08:00,1606.13,1606.34,1606.13,1606.34,0.01,7.62,12364.69,1
2025-11-02,2025-11-02 13:09:00,1606.34,1606.54,1606.34,1606.54,0.01,7.62,12364.69,1
2025-11-02,2025-11-02 13:10:00,1606.54,1606.75,1606.54,1606.75,0.01,7.62,12364.69,1
2025-11-02,2025-11-02 13:11:00,1606.75,1606.95,1606.75,1606.95,0.01,7.62,12364.69,1
2025-11-02,2025-11-02 13:12:00,1606.95,1607.15,1606.95,1607.15,0.01,7.62,12364.69,1
2025-11-02,2025-11-02 13:13:00,1607.15,1607.36,1607.15,1607.36,0.01,7.62,12364.69,1
2025-11-02,2025-11-02 13:14:00,1607.36,1607.56,1607.36,1607.56,0.01,7.62,12364.69,1
2025-11-02,2025-11-02 13:15:00,1607.56,1607.77,1607.56,1607.77,0.01,7.62,12364.69,1
2025-11-02,2025-11-02 13:16:00,1607.77,1607.97,1607.77,1607.97,0.01,7.62,12364.69,1
2025-11-02,2025-11-02 13:17:00,1607.97,1608.17,1607.97,1608.17,0.01,7.62,12364.69,1
2025-11-02,2025-11-02 13:18:00,1608.17,1608.38,1608.17,1608.38,0.01,7.62,12364.69,1
2025-11-02,2025-11-02 13:19:00,1608.38,1608.58,1608.38,1608.58,0.01,7.62,12364.69,1
2025-11-02,2025-11-02 13:20:00,1608.58,1608.79,1608.58,1608.79,0.01,7.62,12364.69,1
2025-11-02,2025-11-02 13:21:00,1608.79,1608.99,1608.79,1608.99,0.01,7.62,12364.69,1
2025-11-02,2025-11-02 13:22:00,1608.99,1609.2,1608.99,1609.2,0.01,7.62,12364.69,1
2025-11-02,2025-11-02 13:23:00,1609.2,1609.4,1609.2,1609.4,0.01,7.62,12364.69,1
2025-11-02,2025-11-02 13:24:00,1609.4,1609.6,1609.4,1609.6,0.01,7.62,12364.69,1
2025-11-02,2025-11-02 13:25:00,1609.6,1609.81,1609.6,1609.81,0.01,7.62,12364.69,1
2025-11-02,2025-11-02 13:26:00,1609.81,1610.01,1609.81,1610.01,0.01,7.62,12364.69,1
2025-11-02,2025-11-02 13:27:00,1610.01,1610.22,1610.01,1610.22,0.01,7.62,12364.69,1
2025-11-02,2025-11-02 13:28:00,1610.22,1610.42,1610.22,1610.42,0.01,7.62,12364.69,1
2025-11-02,2025-11-02 13:29:00,1610.42,1610.62,1610.42,1610.62,0.01,7.62,12364.69,1
2025-11-02,2025-11-02 13:30:00,1610.62,1610.83,1610.62,1610.83,0.01,7.62,12364.69,1
2025-11-02,2025-11-02 13:31:00,1610.83,1611.03,1610.83,1611.03,0.01,7.62,12364.69,1
2025-11-02,2025-11-02 13:32:00,1611.03,1611.24,1611.03,1611.24,0.01,7.62,12364.69,1
2025-11-02,2025-11-02 13:33:00,1611.24,1611.44,1611.24,1611.44,0.01,7.62,12364.69,1
2025-11-02,2025-11-02 13:34:00,1611.44,1611.65,1611.44,1611.65,0.01,7.62,12364.69,1
2025-11-02,2025-11-02 13:35:00,1611.65,1611.85,1611.65,1611.85,0.01,7.62,12364.69,1
2025-11-02,2025-11-02 13:36:00,1611.85,1612.05,1611.85,1612.05,0.01,7.62,12364.69,1
2025-11-02,2025-11-02 13:37:00,1612.05,1612.26,1612.05,1612.26,0.01,7.62,12364.69,1
2025-11-02,2025-11-02 13:38:00,1612.26,1612.46,1612.26,1612.46,0.01,7.62,12364.69,1
2025-11-02,2025-11-02 13:39:00,1612.46,1612.67,1612.46,1612.67,0.01,7.62,12364.69,1
2025-11-02,2025-11-02 13:40:00,1612.67,1612.87,1612.67,1612.87,0.01,7.62,12364.69,1
2025-11-02,2025-11-02 13:41:00,1612.87,1613.08,1612.87,1613.08,0.01,7.62,12364.69,1
2025-11-02,2025-11-02 13:42:00,1613.08,1613.28,1613.08,1613.28,0.01,7.62,12364.69,1
2025-11-02,2025-11-02 13:43:00,1613.28,1613.48,1613.28,1613.48,0.01,7.62,12364.69,1
2025-11-02,2025-11-02 13:44:00,1613.48,1613.69,1613.48,1613.69,0.01,7.62,12364.69,1
2025-11-02,2025-11-02 13:45:00,1613.69,1613.89,1613.69,1613.89,0.01,7.62,12364.69,1
2025-11-02,2025-11-02 13:46:00,1613.89,1614.1,1613.89,1614.1,0.01,7.62,12364.69,1
2025-11-02,2025-11-02 13:47:00,1614.1,1614.3,1614.1,1614.3,0.01,7.62,12364.69,1
2025-11-02,2025-11-02 13:48:00,1614.3,1614.5,1614.3,1614.5,0.01,7.62,12364.69,1
2025-11-02,2025-11-02 13:49:00,1614.5,1614.71,1614.5,1614.71,0.01,7.62,12364.69,1
2025-11-02,2025-11-02 13:50:00,1614.71,1614.91,1614.71,1614.91,0.01,7.62,12364.69,1
2025-11-02,2025-11-02 13:51:00,1614.91,1615.12,1614.91,1615.12,0.01,7.62,12364.69,1
2025-11-02,2025-11-02 13:52:00,1615.12,1615.32,1615.12,1615.32,0.01,7.62,12364.69,1
2025-11-02,2025-11-02 13:53:00,1615.32,1615.53,1615.32,1615.53,0.01,7.62,12364.69,1
2025-11-02,2025-11-02 13:54:00,1615.53,1615.73,1615.53,1615.73,0.01,7.62,12364.69,1
2025-11-02,2025-11-02 13:55:00,1615.73,1615.93,1615.73,1615.93,0.01,7.62,12364.69,1
2025-11-02,2025-11-02 13:56:00,1615.93,1616.14,1615.93,1616.14,0.01,7.62,12364.69,1
2025-11-02,2025-11-02 13:57:00,1616.14,1616.34,1616.14,1616.34,0.01,7.62,12364.69,1
2025-11-02,2025-11-02 13:58:00,1616.34,1616.55,1616.34,1616.55,0.01,7.62,12364.69,1
2025-11-02,2025-11-02 13:59:00,1616.55,1616.75,1616.55,1616.75,0.01,7.62,12364.69,1
2025-11-02,2025-11-02 14:00:00,1616.75,1616.95,1616.75,1616.95,0.01,7.62,12364.69,1
2025-11-02,2025-11-02 14:01:00,1616.95,1617.16,1616.95,1617.16,0.01,7.62,12364.69,1
2025-11-02,2025-11-02 14:02:00,1617.16,1617.36,1617.16,1617.36,0.01,7.62,12364.69,1
2025-11-02,2025-11-02 14:03:00,1617.36,1617.57,1617.36,1617.57,0.01,7.62,12364.69,1
2025-11-02,2025-11-02 14:04:00,1617.57,1617.77,1617.57,1617.77,0.01,7.62,12364.69,1
2025-11-02,2025-11-02 14:05:00,1617.77,1617.97,1617.77,1617.97,0.01,7.62,12364.69,1
2025-11-02,2025-11-02 14:06:00,1617.97,1618.18,1617.97,1618.18,0.01,7.62,12364.69,1
2025-11-02,2025-11-02 14:07:00,1618.18,1618.38,1618.18,1618.38,0.01,7.62,12364.69,1
2025-11-02,2025-11-02 14:08:00,1618.38,1618.59,1618.38,1618.59,0.01,7.62,12364.69,1
2025-11-02,2025-11-02 14:09:00,1618.59,1618.79,1618.59,1618.79,0.01,7.62,12364.69,1
2025-11-02,2025-11-02 14:10:00,1618.79,1619.0,1618.79,1619.0,0.01,7.62,12364.69,1
2025-11-02,2025-11-02 14:11:00,1619.0,1619.2,1619.0,1619.2,0.01,7.62,12364.69,1
2025-11-02,2025-11-02 14:12:00,1619.2,1619.4,1619.2,1619.4,0.01,7.62,12364.69,1
2025-11-02,2025-11-02 14:13:00,1619.4,1619.61,1619.4,1619.61,0.01,7.62,12364.69,1
2025-11-02,2025-11-02 14:14:00,1619.61,1619.81,1619.61,1619.81,0.01,7.62,12364.69,1
2025-11-02,2025-11-02 14:15:00,1619.81,1620.02,1619.81,1620.02,0.01,7.62,12364.69,1
2025-11-02,2025-11-02 14:16:00,1620.02,1620.22,1620.02,1620.22,0.01,7.62,12364.69,1
2025-11-02,2025-11-02 14:17:00,1620.22,1620.42,1620.22,1620.42,0.01,7.62,12364.69,1
2025-11-02,2025-11-02 14:18:00,1620.42,1620.63,1620.42,1620.63,0.01,7.62,12364.69,1
2025-11-02,2025-11-02 14:19:00,1620.63,1620.83,1620.63,1620.83,0.01,7.62,12364.69,1
2025-11-02,2025-11-02 14:20:00,1620.83,1621.04,1620.83,1621.04,0.01,7.62,12364.69,1
2025-11-02,2025-11-02 14:21:00,1621.04,1621.24,1621.04,1621.24,0.01,7.62,12364.69,1
2025-11-02,2025-11-02 14:22:00,1621.24,1621.45,1621.24,1621.45,0.01,7.62,12364.69,1
2025-11-02,2025-11-02 14:23:00,1621.45,1621.65,1621.45,1621.65,0.01,7.62,12364.69,1
2025-11-02,2025-11-02 14:24:00,1621.65,1621.85,1621.65,1621.85,0.01,7.62,12364.69,1
2025-11-02,2025-11-02 14:25:00,1621.85,1622.06,1621.85,1622.06,0.01,7.62,12364.69,1
2025-11-02,2025-11-02 14:26:00,1622.06,1622.26,1622.06,1622.26,0.01,7.62,12364.69,1
2025-11-02,2025-11-02 14:27:00,1622.26,1622.47,1622.26,1622.47,0.01,7.62,12364.69,1
2025-11-02,2025-11-02 14:28:00,1622.47,1622.67,1622.47,1622.67,0.01,7.62,12364.69,1
2025-11-02,2025-11-02 14:29:00,1622.67,1622.88,1622.67,1622.88,0.01,7.62,12364.69,1
2025-11-02,2025-11-02 14:30:00,1622.88,1623.08,1622.88,1623.08,0.01,7.62,12364.69,1
2025-11-02,2025-11-02 14:31:00,1623.08,1623.28,1623.08,1623.28,0.01,7.62,12364.69,1
2025-11-02,2025-11-02 14:32:00,1623.28,1623.49,1623.28,1623.49,0.01,7.62,12364.69,1
2025-11-02,2025-11-02 14:33:00,1623.49,1623.69,1623.49,1623.69,0.01,7.62,12364.69,1
2025-11-02,2025-11-02 14:34:00,1623.69,1623.9,1623.69,1623.9,0.01,7.62,12364.69,1
2025-11-02,2025-11-02 14:35:00,1623.9,1624.1,1623.9,1624.1,0.01,7.62,12364.69,1
2025-11-02,2025-11-02 14:36:00,1624.1,1624.3,1624.1,1624.3,0.01,7.62,12364.69,1
2025-11-02,2025-11-02 14:37:00,1624.3,1624.51,1624.3,1624.51,0.01,7.62,12364.69,1
2025-11-02,2025-11-02 14:38:00,1624.51,1624.71,1624.51,1624.71,0.01,7.62,12364.69,1
2025-11-02,2025-11-02 14:39:00,1624.71,1624.92,1624.71,1624.92,0.01,7.62,12364.69,1
2025-11-02,2025-11-02 14:40:00,1624.92,1625.12,1624.92,1625.12,0.01,7.62,12364.69,1
2025-11-02,2025-11-02 14:41:00,1625.12,1625.33,1625.12,1625.33,0.01,7.62,12364.69,1
2025-11-02,2025-11-02 14:42:00,1625.33,1625.53,1625.33,1625.53,0.01,7.62,12364.69,1
2025-11-02,2025-11-02 14:43:00,1625.53,1625.73,1625.53,1625.73,0.01,7.62,12364.69,1
2025-11-02,2025-11-02 14:44:00,1625.73,1625.94,1625.73,1625.94,0.01,7.62,12364.69,1
2025-11-02,2025-11-02 14:45:00,1625.94,1626.14,1625.94,1626.14,0.01,7.62,12364.69,1
2025-11-02,2025-11-02 14:46:00,1626.14,1626.35,1626.14,1626.35,0.01,7.62,12364.69,1
2025-11-02,2025-11-02 14:47:00,1626.35,1626.55,1626.35,1626.55,0.01,7.62,12364.69,1
2025-11-02,2025-11-02 14:48:00,1626.55,1626.75,1626.55,1626.75,0.01,7.62,12364.69,1
2025-11-02,2025-11-02 14:49:00,1626.75,1626.96,1626.75,1626.96,0.01,7.62,12364.69,1
2025-11-02,2025-11-02 14:50:00,1626.96,1627.16,1626.96,1627.16,0.01,7.62,12364.69,1
2025-11-02,2025-11-02 14:51:00,1627.16,1627.37,1627.16,1627.37,0.01,7.62,12364.69,1
2025-11-02,2025-11-02 14:52:00,1627.37,1627.57,1627.37,1627.57,0.01,7.62,12364.69,1
2025-11-02,2025-11-02 14:53:00,1627.57,1627.78,1627.57,1627.78,0.01,7.62,12364.69,1
2025-11-02,2025-11-02 14:54:00,1627.78,1627.98,1627.78,1627.98,0.01,7.62,12364.69,1
2025-11-02,2025-11-02 14:55:00,1627.98,1628.18,1627.98,1628.18,0.01,7.62,12364.69,1
2025-11-02,2025-11-02 14:56:00,1628.18,1628.39,1628.18,1628.39,0.01,7.62,12364.69,1
2025-11-02,2025-11-02 14:57:00,1628.39,1628.59,1628.39,1628.59,0.01,7.62,12364.69,1
2025-11-02,2025-11-02 14:58:00,1628.59,1628.8,1628.59,1628.8,0.01,7.62,12364.69,1
2025-11-02,2025-11-02 14:59:00,1628.8,1629.0,1628.8,1629.0,0.01,7.62,12364.69,1
2025-11-02,2025-11-02 15:00:00,1629.0,1632.0,1580.0,1629.0,0.0,7.62,12364.69,0
2025-11-03,2025-11-03 11:00:00,1599.2,1603.94,1599.14,1599.24,0.0,7.31,11739.13,1
2025-11-03,2025-11-03 11:01:00,1599.24,1599.28,1599.24,1599.28,0.0,7.31,11739.13,1
2025-11-03,2025-11-03 11:02:00,1599.28,1599.32,1599.28,1599.32,0.0,7.31,11739.13,1
2025-11-03,2025-11-03 11:03:00,1599.32,1599.36,1599.32,1599.36,0.0,7.31,11739.13,1
2025-11-03,2025-11-03 11:04:00,1599.36,1599.4,1599.36,1599.4,0.0,7.31,11739.13,1
2025-11-03,2025-11-03 11:05:00,1599.4,1599.44,1599.4,1599.44,0.0,7.31,11739.13,1
2025-11-03,2025-11-03 11:06:00,1599.44,1599.49,1599.44,1599.49,0.0,7.31,11739.13,1
2025-11-03,2025-11-03 11:07:00,1599.49,1599.53,1599.49,1599.53,0.0,7.31,11739.13,1
2025-11-03,2025-11-03 11:08:00,1599.53,1599.57,1599.53,1599.57,0.0,7.31,11739.13,1
2025-11-03,2025-11-03 11:09:00,1599.57,1599.61,1599.57,1599.61,0.0,7.31,11739.13,1
2025-11-03,2025-11-03 11:10:00,1599.61,1599.65,1599.61,1599.65,0.0,7.31,11739.13,1
2025-11-03,2025-11-03 11:11:00,1599.65,1599.69,1599.65,1599.69,0.0,7.31,11739.13,1
2025-11-03,2025-11-03 11:12:00,1599.69,1599.73,1599.69,1599.73,0.0,7.31,11739.13,1
2025-11-03,2025-11-03 11:13:00,1599.73,1599.77,1599.73,1599.77,0.0,7.31,11739.13,1
2025-11-03,2025-11-03 11:14:00,1599.77,1599.81,1599.77,1599.81,0.0,7.31,11739.13,1
2025-11-03,2025-11-03 11:15:00,1599.81,1599.85,1599.81,1599.85,0.0,7.31,11739.13,1
2025-11-03,2025-11-03 11:16:00,1599.85,1599.89,1599.85,1599.89,0.0,7.31,11739.13,1
2025-11-03,2025-11-03 11:17:00,1599.89,1599.93,1599.89,1599.93,0.0,7.31,11739.13,1
2025-11-03,2025-11-03 11:18:00,1599.93,1599.98,1599.93,1599.98,0.0,7.31,11739.13,1
2025-11-03,2025-11-03 11:19:00,1599.98,1600.02,1599.98,1600.02,0.0,7.31,11739.13,1
2025-11-03,2025-11-03 11:20:00,1600.02,1600.06,1600.02,1600.06,0.0,7.31,11739.13,1
2025-11-03,2025-11-03 11:21:00,1600.06,1600.1,1600.06,1600.1,0.0,7.31,11739.13,1
2025-11-03,2025-11-03 11:22:00,1600.1,1600.14,1600.1,1600.14,0.0,7.31,11739.13,1
2025-11-03,2025-11-03 11:23:00,1600.14,1600.18,1600.14,1600.18,0.0,7.31,11739.13,1
2025-11-03,2025-11-03 11:24:00,1600.18,1600.22,1600.18,1600.22,0.0,7.31,11739.13,1
2025-11-03,2025-11-03 11:25:00,1600.22,1600.26,1600.22,1600.26,0.0,7.31,11739.13,1
2025-11-03,2025-11-03 11:26:00,1600.26,1600.3,1600.26,1600.3,0.0,7.31,11739.13,1
2025-11-03,2025-11-03 11:27:00,1600.3,1600.34,1600.3,1600.34,0.0,7.31,11739.13,1
2025-11-03,2025-11-03 11:28:00,1600.34,1600.38,1600.34,1600.38,0.0,7.31,11739.13,1
2025-11-03,2025-11-03 11:29:00,1600.38,1600.42,1600.38,1600.42,0.0,7.31,11739.13,1
2025-11-03,2025-11-03 11:30:00,1600.42,1600.47,1600.42,1600.47,0.0,7.31,11739.13,1
2025-11-03,2025-11-03 11:31:00,1600.47,1600.51,1600.47,1600.51,0.0,7.31,11739.13,1
2025-11-03,2025-11-03 11:32:00,1600.51,1600.55,1600.51,1600.55,0.0,7.31,11739.13,1
2025-11-03,2025-11-03 11:33:00,1600.55,1600.59,1600.55,1600.59,0.0,7.31,11739.13,1
2025-11-03,2025-11-03 11:34:00,1600.59,1600.63,1600.59,1600.63,0.0,7.31,11739.13,1
2025-11-03,2025-11-03 11:35:00,1600.63,1600.67,1600.63,1600.67,0.0,7.31,11739.13,1
2025-11-03,2025-11-03 11:36:00,1600.67,1600.71,1600.67,1600.71,0.0,7.31,11739.13,1
2025-11-03,2025-11-03 11:37:00,1600.71,1600.75,1600.71,1600.75,0.0,7.31,11739.13,1
2025-11-03,2025-11-03 11:38:00,1600.75,1600.79,1600.75,1600.79,0.0,7.31,11739.13,1
2025-11-03,2025-11-03 11:39:00,1600.79,1600.83,1600.79,1600.83,0.0,7.31,11739.13,1
2025-11-03,2025-11-03 11:40:00,1600.83,1600.87,1600.83,1600.87,0.0,7.31,11739.13,1
2025-11-03,2025-11-03 11:41:00,1600.87,1600.91,1600.87,1600.91,0.0,7.31,11739.13,1
2025-11-03,2025-11-03 11:42:00,1600.91,1600.96,1600.91,1600.96,0.0,7.31,11739.13,1
2025-11-03,2025-11-03 11:43:00,1600.96,1601.0,1600.96,1601.0,0.0,7.31,11739.13,1
2025-11-03,2025-11-03 11:44:00,1601.0,1601.04,1601.0,1601.04,0.0,7.31,11739.13,1
2025-11-03,2025-11-03 11:45:00,1601.04,1601.08,1601.04,1601.08,0.0,7.31,11739.13,1
2025-11-03,2025-11-03 11:46:00,1601.08,1601.12,1601.08,1601.12,0.0,7.31,11739.13,1
2025-11-03,2025-11-03 11:47:00,1601.12,1601.16,1601.12,1601.16,0.0,7.31,11739.13,1
2025-11-03,2025-11-03 11:48:00,1601.16,1601.2,1601.16,1601.2,0.0,7.31,11739.13,1
2025-11-03,2025-11-03 11:49:00,1601.2,1601.24,1601.2,1601.24,0.0,7.31,11739.13,1
2025-11-03,2025-11-03 11:50:00,1601.24,1601.28,1601.24,1601.28,0.0,7.31,11739.13,1
2025-11-03,2025-11-03 11:51:00,1601.28,1601.32,1601.28,1601.32,0.0,7.31,11739.13,1
2025-11-03,2025-11-03 11:52:00,1601.32,1601.36,1601.32,1601.36,0.0,7.31,11739.13,1
2025-11-03,2025-11-03 11:53:00,1601.36,1601.4,1601.36,1601.4,0.0,7.31,11739.13,1
2025-11-03,2025-11-03 11:54:00,1601.4,1601.45,1601.4,1601.45,0.0,7.31,11739.13,1
2025-11-03,2025-11-03 11:55:00,1601.45,1601.49,1601.45,1601.49,0.0,7.31,11739.13,1
2025-11-03,2025-11-03 11:56:00,1601.49,1601.53,1601.49,1601.53,0.0,7.31,11739.13,1
2025-11-03,2025-11-03 11:57:00,1601.53,1601.57,1601.53,1601.57,0.0,7.31,11739.13,1
2025-11-03,2025-11-03 11:58:00,1601.57,1601.61,1601.57,1601.61,0.0,7.31,11739.13,1
2025-11-03,2025-11-03 11:59:00,1601.61,1601.65,1601.61,1601.65,0.0,7.31,11739.13,1
2025-11-03,2025-11-03 12:00:00,1601.65,1601.69,1601.65,1601.69,0.0,7.31,11739.13,1
2025-11-03,2025-11-03 12:01:00,1601.69,1601.73,1601.69,1601.73,0.0,7.31,11739.13,1
2025-11-03,2025-11-03 12:02:00,1601.73,1601.77,1601.73,1601.77,0.0,7.31,11739.13,1
2025-11-03,2025-11-03 12:03:00,1601.77,1601.81,1601.77,1601.81,0.0,7.31,11739.13,1
2025-11-03,2025-11-03 12:04:00,1601.81,1601.85,1601.81,1601.85,0.0,7.31,11739.13,1
2025-11-03,2025-11-03 12:05:00,1601.85,1601.89,1601.85,1601.89,0.0,7.31,11739.13,1
2025-11-03,2025-11-03 12:06:00,1601.89,1601.94,1601.89,1601.94,0.0,7.31,11739.13,1
2025-11-03,2025-11-03 12:07:00,1601.94,1601.98,1601.94,1601.98,0.0,7.31,11739.13,1
2025-11-03,2025-11-03 12:08:00,1601.98,1602.02,1601.98,1602.02,0.0,7.31,11739.13,1
2025-11-03,2025-11-03 12:09:00,1602.02,1602.06,1602.02,1602.06,0.0,7.31,11739.13,1
2025-11-03,2025-11-03 12:10:00,1602.06,1602.1,1602.06,1602.1,0.0,7.31,11739.13,1
2025-11-03,2025-11-03 12:11:00,1602.1,1602.14,1602.1,1602.14,0.0,7.31,11739.13,1
2025-11-03,2025-11-03 12:12:00,1602.14,1602.18,1602.14,1602.18,0.0,7.31,11739.13,1
2025-11-03,2025-11-03 12:13:00,1602.18,1602.22,1602.18,1602.22,0.0,7.31,11739.13,1
2025-11-03,2025-11-03 12:14:00,1602.22,1602.26,1602.22,1602.26,0.0,7.31,11739.13,1
2025-11-03,2025-11-03 12:15:00,1602.26,1602.3,1602.26,1602.3,0.0,7.31,11739.13,1
2025-11-03,2025-11-03 12:16:00,1602.3,1602.34,1602.3,1602.34,0.0,7.31,11739.13,1
2025-11-03,2025-11-03 12:17:00,1602.34,1602.38,1602.34,1602.38,0.0,7.31,11739.13,1
2025-11-03,2025-11-03 12:18:00,1602.38,1602.43,1602.38,1602.43,0.0,7.31,11739.13,1
2025-11-03,2025-11-03 12:19:00,1602.43,1602.47,1602.43,1602.47,0.0,7.31,11739.13,1
2025-11-03,2025-11-03 12:20:00,1602.47,1602.51,1602.47,1602.51,0.0,7.31,11739.13,1
2025-11-03,2025-11-03 12:21:00,1602.51,1602.55,1602.51,1602.55,0.0,7.31,11739.13,1
2025-11-03,2025-11-03 12:22:00,1602.55,1602.59,1602.55,1602.59,0.0,7.31,11739.13,1
2025-11-03,2025-11-03 12:23:00,1602.59,1602.63,1602.59,1602.63,0.0,7.31,11739.13,1
2025-11-03,2025-11-03 12:24:00,1602.63,1602.67,1602.63,1602.67,0.0,7.31,11739.13,1
2025-11-03,2025-11-03 12:25:00,1602.67,1602.71,1602.67,1602.71,0.0,7.31,11739.13,1
2025-11-03,2025-11-03 12:26:00,1602.71,1602.75,1602.71,1602.75,0.0,7.31,11739.13,1
2025-11-03,2025-11-03 12:27:00,1602.75,1602.79,1602.75,1602.79,0.0,7.31,11739.13,1
2025-11-03,2025-11-03 12:28:00,1602.79,1602.83,1602.79,1602.83,0.0,7.31,11739.13,1
2025-11-03,2025-11-03 12:29:00,1602.83,1602.88,1602.83,1602.88,0.0,7.31,11739.13,1
2025-11-03,2025-11-03 12:30:00,1602.88,1602.92,1602.88,1602.92,0.0,7.31,11739.13,1
2025-11-03,2025-11-03 12:31:00,1602.92,1602.96,1602.92,1602.96,0.0,7.31,11739.13,1
2025-11-03,2025-11-03 12:32:00,1602.96,1603.0,1602.96,1603.0,0.0,7.31,11739.13,1
2025-11-03,2025-11-03 12:33:00,1603.0,1603.04,1603.0,1603.04,0.0,7.31,11739.13,1
2025-11-03,2025-11-03 12:34:00,1603.04,1603.08,1603.04,1603.08,0.0,7.31,11739.13,1
2025-11-03,2025-11-03 12:35:00,1603.08,1603.12,1603.08,1603.12,0.0,7.31,11739.13,1
2025-11-03,2025-11-03 12:36:00,1603.12,1603.16,1603.12,1603.16,0.0,7.31,11739.13,1
2025-11-03,2025-11-03 12:37:00,1603.16,1603.2,1603.16,1603.2,0.0,7.31,11739.13,1
2025-11-03,2025-11-03 12:38:00,1603.2,1603.24,1603.2,1603.24,0.0,7.31,11739.13,1
2025-11-03,2025-11-03 12:39:00,1603.24,1603.28,1603.24,1603.28,0.0,7.31,11739.13,1
2025-11-03,2025-11-03 12:40:00,1603.28,1603.32,1603.28,1603.32,0.0,7.31,11739.13,1
2025-11-03,2025-11-03 12:41:00,1603.32,1603.37,1603.32,1603.37,0.0,7.31,11739.13,1
2025-11-03,2025-11-03 12:42:00,1603.37,1603.41,1603.37,1603.41,0.0,7.31,11739.13,1
2025-11-03,2025-11-03 12:43:00,1603.41,1603.45,1603.41,1603.45,0.0,7.31,11739.13,1
2025-11-03,2025-11-03 12:44:00,1603.45,1603.49,1603.45,1603.49,0.0,7.31,11739.13,1
2025-11-03,2025-11-03 12:45:00,1603.49,1603.53,1603.49,1603.53,0.0,7.31,11739.13,1
2025-11-03,2025-11-03 12:46:00,1603.53,1603.57,1603.53,1603.57,0.0,7.31,11739.13,1
2025-11-03,2025-11-03 12:47:00,1603.57,1603.61,1603.57,1603.61,0.0,7.31,11739.13,1
2025-11-03,2025-11-03 12:48:00,1603.61,1603.65,1603.61,1603.65,0.0,7.31,11739.13,1
2025-11-03,2025-11-03 12:49:00,1603.65,1603.69,1603.65,1603.69,0.0,7.31,11739.13,1
2025-11-03,2025-11-03 12:50:00,1603.69,1603.73,1603.69,1603.73,0.0,7.31,11739.13,1
2025-11-03,2025-11-03 12:51:00,1603.73,1603.77,1603.73,1603.77,0.0,7.31,11739.13,1
2025-11-03,2025-11-03 12:52:00,1603.77,1603.81,1603.77,1603.81,0.0,7.31,11739.13,1
2025-11-03,2025-11-03 12:53:00,1603.81,1603.86,1603.81,1603.86,0.0,7.31,11739.13,1
2025-11-03,2025-11-03 12:54:00,1603.86,1603.9,1603.86,1603.9,0.0,7.31,11739.13,1
2025-11-03,2025-11-03 12:55:00,1603.9,1603.94,1603.9,1603.94,0.0,7.31,11739.13,1
2025-11-03,2025-11-03 12:56:00,1603.94,1603.98,1603.94,1603.98,0.0,7.31,11739.13,1
2025-11-03,2025-11-03 12:57:00,1603.98,1604.02,1603.98,1604.02,0.0,7.31,11739.13,1
2025-11-03,2025-11-03 12:58:00,1604.02,1604.06,1604.02,1604.06,0.0,7.31,11739.13,1
2025-11-03,2025-11-03 12:59:00,1604.06,1604.1,1604.06,1604.1,0.0,7.31,11739.13,1
2025-11-03,2025-11-03 13:00:00,1604.1,1615.0,1599.0,1604.14,0.0,7.31,11739.13,1
2025-11-03,2025-11-03 13:01:00,1604.14,1604.18,1604.14,1604.18,0.0,7.31,11739.13,1
2025-11-03,2025-11-03 13:02:00,1604.18,1604.22,1604.18,1604.22,0.0,7.31,11739.13,1
2025-11-03,2025-11-03 13:03:00,1604.22,1604.26,1604.22,1604.26,0.0,7.31,11739.13,1
2025-11-03,2025-11-03 13:04:00,1604.26,1604.3,1604.26,1604.3,0.0,7.31,11739.13,1
2025-11-03,2025-11-03 13:05:00,1604.3,1604.35,1604.3,1604.35,0.0,7.31,11739.13,1
2025-11-03,2025-11-03 13:06:00,1604.35,1604.39,1604.35,1604.39,0.0,7.31,11739.13,1
2025-11-03,2025-11-03 13:07:00,1604.39,1604.43,1604.39,1604.43,0.0,7.31,11739.13,1
2025-11-03,2025-11-03 13:08:00,1604.43,1604.47,1604.43,1604.47,0.0,7.31,11739.13,1
2025-11-03,2025-11-03 13:09:00,1604.47,1604.51,1604.47,1604.51,0.0,7.31,11739.13,1
2025-11-03,2025-11-03 13:10:00,1604.51,1604.55,1604.51,1604.55,0.0,7.31,11739.13,1
2025-11-03,2025-11-03 13:11:00,1604.55,1604.59,1604.55,1604.59,0.0,7.31,11739.13,1
2025-11-03,2025-11-03 13:12:00,1604.59,1604.63,1604.59,1604.63,0.0,7.31,11739.13,1
2025-11-03,2025-11-03 13:13:00,1604.63,1604.67,1604.63,1604.67,0.0,7.31,11739.13,1
2025-11-03,2025-11-03 13:14:00,1604.67,1604.71,1604.67,1604.71,0.0,7.31,11739.13,1
2025-11-03,2025-11-03 13:15:00,1604.71,1604.75,1604.71,1604.75,0.0,7.31,11739.13,1
2025-11-03,2025-11-03 13:16:00,1604.75,1604.79,1604.75,1604.79,0.0,7.31,11739.13,1
2025-11-03,2025-11-03 13:17:00,1604.79,1604.84,1604.79,1604.84,0.0,7.31,11739.13,1
2025-11-03,2025-11-03 13:18:00,1604.84,1604.88,1604.84,1604.88,0.0,7.31,11739.13,1
2025-11-03,2025-11-03 13:19:00,1604.88,1604.92,1604.88,1604.92,0.0,7.31,11739.13,1
2025-11-03,2025-11-03 13:20:00,1604.92,1604.96,1604.92,1604.96,0.0,7.31,11739.13,1
2025-11-03,2025-11-03 13:21:00,1604.96,1605.0,1604.96,1605.0,0.0,7.31,11739.13,1
2025-11-03,2025-11-03 13:22:00,1605.0,1605.04,1605.0,1605.04,0.0,7.31,11739.13,1
2025-11-03,2025-11-03 13:23:00,1605.04,1605.08,1605.04,1605.08,0.0,7.31,11739.13,1
2025-11-03,2025-11-03 13:24:00,1605.08,1605.12,1605.08,1605.12,0.0,7.31,11739.13,1
2025-11-03,2025-11-03 13:25:00,1605.12,1605.16,1605.12,1605.16,0.0,7.31,11739.13,1
2025-11-03,2025-11-03 13:26:00,1605.16,1605.2,1605.16,1605.2,0.0,7.31,11739.13,1
2025-11-03,2025-11-03 13:27:00,1605.2,1605.24,1605.2,1605.24,0.0,7.31,11739.13,1
2025-11-03,2025-11-03 13:28:00,1605.24,1605.28,1605.24,1605.28,0.0,7.31,11739.13,1
2025-11-03,2025-11-03 13:29:00,1605.28,1605.33,1605.28,1605.33,0.0,7.31,11739.13,1
2025-11-03,2025-11-03 13:30:00,1605.33,1605.37,1605.33,1605.37,0.0,7.31,11739.13,1
2025-11-03,2025-11-03 13:31:00,1605.37,1605.41,1605.37,1605.41,0.0,7.31,11739.13,1
2025-11-03,2025-11-03 13:32:00,1605.41,1605.45,1605.41,1605.45,0.0,7.31,11739.13,1
2025-11-03,2025-11-03 13:33:00,1605.45,1605.49,1605.45,1605.49,0.0,7.31,11739.13,1
2025-11-03,2025-11-03 13:34:00,1605.49,1605.53,1605.49,1605.53,0.0,7.31,11739.13,1
2025-11-03,2025-11-03 13:35:00,1605.53,1605.57,1605.53,1605.57,0.0,7.31,11739.13,1
2025-11-03,2025-11-03 13:36:00,1605.57,1605.61,1605.57,1605.61,0.0,7.31,11739.13,1
2025-11-03,2025-11-03 13:37:00,1605.61,1605.65,1605.61,1605.65,0.0,7.31,11739.13,1
2025-11-03,2025-11-03 13:38:00,1605.65,1605.69,1605.65,1605.69,0.0,7.31,11739.13,1
2025-11-03,2025-11-03 13:39:00,1605.69,1605.73,1605.69,1605.73,0.0,7.31,11739.13,1
2025-11-03,2025-11-03 13:40:00,1605.73,1605.77,1605.73,1605.77,0.0,7.31,11739.13,1
2025-11-03,2025-11-03 13:41:00,1605.77,1605.82,1605.77,1605.82,0.0,7.31,11739.13,1
2025-11-03,2025-11-03 13:42:00,1605.82,1605.86,1605.82,1605.86,0.0,7.31,11739.13,1
2025-11-03,2025-11-03 13:43:00,1605.86,1605.9,1605.86,1605.9,0.0,7.31,11739.13,1
2025-11-03,2025-11-03 13:44:00,1605.9,1605.94,1605.9,1605.94,0.0,7.31,11739.13,1
2025-11-03,2025-11-03 13:45:00,1605.94,1605.98,1605.94,1605.98,0.0,7.31,11739.13,1
2025-11-03,2025-11-03 13:46:00,1605.98,1606.02,1605.98,1606.02,0.0,7.31,11739.13,1
2025-11-03,2025-11-03 13:47:00,1606.02,1606.06,1606.02,1606.06,0.0,7.31,11739.13,1
2025-11-03,2025-11-03 13:48:00,1606.06,1606.1,1606.06,1606.1,0.0,7.31,11739.13,1
2025-11-03,2025-11-03 13:49:00,1606.1,1606.14,1606.1,1606.14,0.0,7.31,11739.13,1
2025-11-03,2025-11-03 13:50:00,1606.14,1606.18,1606.14,1606.18,0.0,7.31,11739.13,1
2025-11-03,2025-11-03 13:51:00,1606.18,1606.22,1606.18,1606.22,0.0,7.31,11739.13,1
2025-11-03,2025-11-03 13:52:00,1606.22,1606.26,1606.22,1606.26,0.0,7.31,11739.13,1
2025-11-03,2025-11-03 13:53:00,1606.26,1606.31,1606.26,1606.31,0.0,7.31,11739.13,1
2025-11-03,2025-11-03 13:54:00,1606.31,1606.35,1606.31,1606.35,0.0,7.31,11739.13,1
2025-11-03,2025-11-03 13:55:00,1606.35,1606.39,1606.35,1606.39,0.0,7.31,11739.13,1
2025-11-03,2025-11-03 13:56:00,1606.39,1606.43,1606.39,1606.43,0.0,7.31,11739.13,1
2025-11-03,2025-11-03 13:57:00,1606.43,1606.47,1606.43,1606.47,0.0,7.31,11739.13,1
2025-11-03,2025-11-03 13:58:00,1606.47,1606.51,1606.47,1606.51,0.0,7.31,11739.13,1
2025-11-03,2025-11-03 13:59:00,1606.51,1606.55,1606.51,1606.55,0.0,7.31,11739.13,1
2025-11-03,2025-11-03 14:00:00,1606.55,1606.59,1606.55,1606.59,0.0,7.31,11739.13,1
2025-11-03,2025-11-03 14:01:00,1606.59,1606.63,1606.59,1606.63,0.0,7.31,11739.13,1
2025-11-03,2025-11-03 14:02:00,1606.63,1606.67,1606.63,1606.67,0.0,7.31,11739.13,1
2025-11-03,2025-11-03 14:03:00,1606.67,1606.71,1606.67,1606.71,0.0,7.31,11739.13,1
2025-11-03,2025-11-03 14:04:00,1606.71,1606.75,1606.71,1606.75,0.0,7.31,11739.13,1
2025-11-03,2025-11-03 14:05:00,1606.75,1606.8,1606.75,1606.8,0.0,7.31,11739.13,1
2025-11-03,2025-11-03 14:06:00,1606.8,1606.84,1606.8,1606.84,0.0,7.31,11739.13,1
2025-11-03,2025-11-03 14:07:00,1606.84,1606.88,1606.84,1606.88,0.0,7.31,11739.13,1
2025-11-03,2025-11-03 14:08:00,1606.88,1606.92,1606.88,1606.92,0.0,7.31,11739.13,1
2025-11-03,2025-11-03 14:09:00,1606.92,1606.96,1606.92,1606.96,0.0,7.31,11739.13,1
2025-11-03,2025-11-03 14:10:00,1606.96,1607.0,1606.96,1607.0,0.0,7.31,11739.13,1
2025-11-03,2025-11-03 14:11:00,1607.0,1607.04,1607.0,1607.04,0.0,7.31,11739.13,1
2025-11-03,2025-11-03 14:12:00,1607.04,1607.08,1607.04,1607.08,0.0,7.31,11739.13,1
2025-11-03,2025-11-03 14:13:00,1607.08,1607.12,1607.08,1607.12,0.0,7.31,11739.13,1
2025-11-03,2025-11-03 14:14:00,1607.12,1607.16,1607.12,1607.16,0.0,7.31,11739.13,1
2025-11-03,2025-11-03 14:15:00,1607.16,1607.2,1607.16,1607.2,0.0,7.31,11739.13,1
2025-11-03,2025-11-03 14:16:00,1607.2,1607.24,1607.2,1607.24,0.0,7.31,11739.13,1
2025-11-03,2025-11-03 14:17:00,1607.24,1607.29,1607.24,1607.29,0.0,7.31,11739.13,1
2025-11-03,2025-11-03 14:18:00,1607.29,1607.33,1607.29,1607.33,0.0,7.31,11739.13,1
2025-11-03,2025-11-03 14:19:00,1607.33,1607.37,1607.33,1607.37,0.0,7.31,11739.13,1
2025-11-03,2025-11-03 14:20:00,1607.37,1607.41,1607.37,1607.41,0.0,7.31,11739.13,1
2025-11-03,2025-11-03 14:21:00,1607.41,1607.45,1607.41,1607.45,0.0,7.31,11739.13,1
2025-11-03,2025-11-03 14:22:00,1607.45,1607.49,1607.45,1607.49,0.0,7.31,11739.13,1
2025-11-03,2025-11-03 14:23:00,1607.49,1607.53,1607.49,1607.53,0.0,7.31,11739.13,1
2025-11-03,2025-11-03 14:24:00,1607.53,1607.57,1607.53,1607.57,0.0,7.31,11739.13,1
2025-11-03,2025-11-03 14:25:00,1607.57,1607.61,1607.57,1607.61,0.0,7.31,11739.13,1
2025-11-03,2025-11-03 14:26:00,1607.61,1607.65,1607.61,1607.65,0.0,7.31,11739.13,1
2025-11-03,2025-11-03 14:27:00,1607.65,1607.69,1607.65,1607.69,0.0,7.31,11739.13,1
2025-11-03,2025-11-03 14:28:00,1607.69,1607.73,1607.69,1607.73,0.0,7.31,11739.13,1
2025-11-03,2025-11-03 14:29:00,1607.73,1607.78,1607.73,1607.78,0.0,7.31,11739.13,1
2025-11-03,2025-11-03 14:30:00,1607.78,1607.82,1607.78,1607.82,0.0,7.31,11739.13,1
2025-11-03,2025-11-03 14:31:00,1607.82,1607.86,1607.82,1607.86,0.0,7.31,11739.13,1
2025-11-03,2025-11-03 14:32:00,1607.86,1607.9,1607.86,1607.9,0.0,7.31,11739.13,1
2025-11-03,2025-11-03 14:33:00,1607.9,1607.94,1607.9,1607.94,0.0,7.31,11739.13,1
2025-11-03,2025-11-03 14:34:00,1607.94,1607.98,1607.94,1607.98,0.0,7.31,11739.13,1
2025-11-03,2025-11-03 14:35:00,1607.98,1608.02,1607.98,1608.02,0.0,7.31,11739.13,1
2025-11-03,2025-11-03 14:36:00,1608.02,1608.06,1608.02,1608.06,0.0,7.31,11739.13,1
2025-11-03,2025-11-03 14:37:00,1608.06,1608.1,1608.06,1608.1,0.0,7.31,11739.13,1
2025-11-03,2025-11-03 14:38:00,1608.1,1608.14,1608.1,1608.14,0.0,7.31,11739.13,1
2025-11-03,2025-11-03 14:39:00,1608.14,1608.18,1608.14,1608.18,0.0,7.31,11739.13,1
2025-11-03,2025-11-03 14:40:00,1608.18,1608.22,1608.18,1608.22,0.0,7.31,11739.13,1
2025-11-03,2025-11-03 14:41:00,1608.22,1608.27,1608.22,1608.27,0.0,7.31,11739.13,1
2025-11-03,2025-11-03 14:42:00,1608.27,1608.31,1608.27,1608.31,0.0,7.31,11739.13,1
2025-11-03,2025-11-03 14:43:00,1608.31,1608.35,1608.31,1608.35,0.0,7.31,11739.13,1
2025-11-03,2025-11-03 14:44:00,1608.35,1608.39,1608.35,1608.39,0.0,7.31,11739.13,1
2025-11-03,2025-11-03 14:45:00,1608.39,1608.43,1608.39,1608.43,0.0,7.31,11739.13,1
2025-11-03,2025-11-03 14:46:00,1608.43,1608.47,1608.43,1608.47,0.0,7.31,11739.13,1
2025-11-03,2025-11-03 14:47:00,1608.47,1608.51,1608.47,1608.51,0.0,7.31,11739.13,1
2025-11-03,2025-11-03 14:48:00,1608.51,1608.55,1608.51,1608.55,0.0,7.31,11739.13,1
2025-11-03,2025-11-03 14:49:00,1608.55,1608.59,1608.55,1608.59,0.0,7.31,11739.13,1
2025-11-03,2025-11-03 14:50:00,1608.59,1608.63,1608.59,1608.63,0.0,7.31,11739.13,1
2025-11-03,2025-11-03 14:51:00,1608.63,1608.67,1608.63,1608.67,0.0,7.31,11739.13,1
2025-11-03,2025-11-03 14:52:00,1608.67,1608.71,1608.67,1608.71,0.0,7.31,11739.13,1
2025-11-03,2025-11-03 14:53:00,1608.71,1608.76,1608.71,1608.76,0.0,7.31,11739.13,1
2025-11-03,2025-11-03 14:54:00,1608.76,1608.8,1608.76,1608.8,0.0,7.31,11739.13,1
2025-11-03,2025-11-03 14:55:00,1608.8,1608.84,1608.8,1608.84,0.0,7.31,11739.13,1
2025-11-03,2025-11-03 14:56:00,1608.84,1608.88,1608.84,1608.88,0.0,7.31,11739.13,1
2025-11-03,2025-11-03 14:57:00,1608.88,1608.92,1608.88,1608.92,0.0,7.31,11739.13,1
2025-11-03,2025-11-03 14:58:00,1608.92,1608.96,1608.92,1608.96,0.0,7.31,11739.13,1
2025-11-03,2025-11-03 14:59:00,1608.96,1609.0,1608.96,1609.0,0.0,7.31,11739.13,1
2025-11-03,2025-11-03 15:00:00,1609.0,1615.0,1599.0,1609.0,0.0,7.31,11739.13,0
2025-11-04,2025-11-04 11:00:00,1577.3,1606.61,1577.3,1577.39,0.01,6.83,10925.58,1
2025-11-04,2025-11-04 11:01:00,1577.39,1577.49,1577.39,1577.49,0.01,6.83,10925.58,1
2025-11-04,2025-11-04 11:02:00,1577.49,1577.58,1577.49,1577.58,0.01,6.83,10925.58,1
2025-11-04,2025-11-04 11:03:00,1577.58,1577.68,1577.58,1577.68,0.01,6.83,10925.58,1
2025-11-04,2025-11-04 11:04:00,1577.68,1577.77,1577.68,1577.77,0.01,6.83,10925.58,1
2025-11-04,2025-11-04 11:05:00,1577.77,1577.87,1577.77,1577.87,0.01,6.83,10925.58,1
2025-11-04,2025-11-04 11:06:00,1577.87,1577.96,1577.87,1577.96,0.01,6.83,10925.58,1
2025-11-04,2025-11-04 11:07:00,1577.96,1578.06,1577.96,1578.06,0.01,6.83,10925.58,1
2025-11-04,2025-11-04 11:08:00,1578.06,1578.15,1578.06,1578.15,0.01,6.83,10925.58,1
2025-11-04,2025-11-04 11:09:00,1578.15,1578.25,1578.15,1578.25,0.01,6.83,10925.58,1
2025-11-04,2025-11-04 11:10:00,1578.25,1578.34,1578.25,1578.34,0.01,6.83,10925.58,1
2025-11-04,2025-11-04 11:11:00,1578.34,1578.43,1578.34,1578.43,0.01,6.83,10925.58,1
2025-11-04,2025-11-04 11:12:00,1578.43,1578.53,1578.43,1578.53,0.01,6.83,10925.58,1
2025-11-04,2025-11-04 11:13:00,1578.53,1578.62,1578.53,1578.62,0.01,6.83,10925.58,1
2025-11-04,2025-11-04 11:14:00,1578.62,1578.72,1578.62,1578.72,0.01,6.83,10925.58,1
2025-11-04,2025-11-04 11:15:00,1578.72,1578.81,1578.72,1578.81,0.01,6.83,10925.58,1
2025-11-04,2025-11-04 11:16:00,1578.81,1578.91,1578.81,1578.91,0.01,6.83,10925.58,1
2025-11-04,2025-11-04 11:17:00,1578.91,1579.0,1578.91,1579.0,0.01,6.83,10925.58,1
2025-11-04,2025-11-04 11:18:00,1579.0,1579.1,1579.0,1579.1,0.01,6.83,10925.58,1
2025-11-04,2025-11-04 11:19:00,1579.1,1579.19,1579.1,1579.19,0.01,6.83,10925.58,1
2025-11-04,2025-11-04 11:20:00,1579.19,1579.29,1579.19,1579.29,0.01,6.83,10925.58,1
2025-11-04,2025-11-04 11:21:00,1579.29,1579.38,1579.29,1579.38,0.01,6.83,10925.58,1
2025-11-04,2025-11-04 11:22:00,1579.38,1579.48,1579.38,1579.48,0.01,6.83,10925.58,1
2025-11-04,2025-11-04 11:23:00,1579.48,1579.57,1579.48,1579.57,0.01,6.83,10925.58,1
2025-11-04,2025-11-04 11:24:00,1579.57,1579.66,1579.57,1579.66,0.01,6.83,10925.58,1
2025-11-04,2025-11-04 11:25:00,1579.66,1579.76,1579.66,1579.76,0.01,6.83,10925.58,1
2025-11-04,2025-11-04 11:26:00,1579.76,1579.85,1579.76,1579.85,0.01,6.83,10925.58,1
2025-11-04,2025-11-04 11:27:00,1579.85,1579.95,1579.85,1579.95,0.01,6.83,10925.58,1
2025-11-04,2025-11-04 11:28:00,1579.95,1580.04,1579.95,1580.04,0.01,6.83,10925.58,1
2025-11-04,2025-11-04 11:29:00,1580.04,1580.14,1580.04,1580.14,0.01,6.83,10925.58,1
2025-11-04,2025-11-04 11:30:00,1580.14,1580.23,1580.14,1580.23,0.01,6.83,10925.58,1
2025-11-04,2025-11-04 11:31:00,1580.23,1580.33,1580.23,1580.33,0.01,6.83,10925.58,1
2025-11-04,2025-11-04 11:32:00,1580.33,1580.42,1580.33,1580.42,0.01,6.83,10925.58,1
2025-11-04,2025-11-04 11:33:00,1580.42,1580.52,1580.42,1580.52,0.01,6.83,10925.58,1
2025-11-04,2025-11-04 11:34:00,1580.52,1580.61,1580.52,1580.61,0.01,6.83,10925.58,1
2025-11-04,2025-11-04 11:35:00,1580.61,1580.7,1580.61,1580.7,0.01,6.83,10925.58,1
2025-11-04,2025-11-04 11:36:00,1580.7,1580.8,1580.7,1580.8,0.01,6.83,10925.58,1
2025-11-04,2025-11-04 11:37:00,1580.8,1580.89,1580.8,1580.89,0.01,6.83,10925.58,1
2025-11-04,2025-11-04 11:38:00,1580.89,1580.99,1580.89,1580.99,0.01,6.83,10925.58,1
2025-11-04,2025-11-04 11:39:00,1580.99,1581.08,1580.99,1581.08,0.01,6.83,10925.58,1
2025-11-04,2025-11-04 11:40:00,1581.08,1581.18,1581.08,1581.18,0.01,6.83,10925.58,1
2025-11-04,2025-11-04 11:41:00,1581.18,1581.27,1581.18,1581.27,0.01,6.83,10925.58,1
2025-11-04,2025-11-04 11:42:00,1581.27,1581.37,1581.27,1581.37,0.01,6.83,10925.58,1
2025-11-04,2025-11-04 11:43:00,1581.37,1581.46,1581.37,1581.46,0.01,6.83,10925.58,1
2025-11-04,2025-11-04 11:44:00,1581.46,1581.56,1581.46,1581.56,0.01,6.83,10925.58,1
2025-11-04,2025-11-04 11:45:00,1581.56,1581.65,1581.56,1581.65,0.01,6.83,10925.58,1
2025-11-04,2025-11-04 11:46:00,1581.65,1581.75,1581.65,1581.75,0.01,6.83,10925.58,1
2025-11-04,2025-11-04 11:47:00,1581.75,1581.84,1581.75,1581.84,0.01,6.83,10925.58,1
2025-11-04,2025-11-04 11:48:00,1581.84,1581.93,1581.84,1581.93,0.01,6.83,10925.58,1
2025-11-04,2025-11-04 11:49:00,1581.93,1582.03,1581.93,1582.03,0.01,6.83,10925.58,1
2025-11-04,2025-11-04 11:50:00,1582.03,1582.12,1582.03,1582.12,0.01,6.83,10925.58,1
2025-11-04,2025-11-04 11:51:00,1582.12,1582.22,1582.12,1582.22,0.01,6.83,10925.58,1
2025-11-04,2025-11-04 11:52:00,1582.22,1582.31,1582.22,1582.31,0.01,6.83,10925.58,1
2025-11-04,2025-11-04 11:53:00,1582.31,1582.41,1582.31,1582.41,0.01,6.83,10925.58,1
2025-11-04,2025-11-04 11:54:00,1582.41,1582.5,1582.41,1582.5,0.01,6.83,10925.58,1
2025-11-04,2025-11-04 11:55:00,1582.5,1582.6,1582.5,1582.6,0.01,6.83,10925.58,1
2025-11-04,2025-11-04 11:56:00,1582.6,1582.69,1582.6,1582.69,0.01,6.83,10925.58,1
2025-11-04,2025-11-04 11:57:00,1582.69,1582.79,1582.69,1582.79,0.01,6.83,10925.58,1
2025-11-04,2025-11-04 11:58:00,1582.79,1582.88,1582.79,1582.88,0.01,6.83,10925.58,1
2025-11-04,2025-11-04 11:59:00,1582.88,1582.97,1582.88,1582.97,0.01,6.83,10925.58,1
2025-11-04,2025-11-04 12:00:00,1582.97,1583.07,1582.97,1583.07,0.01,6.83,10925.58,1
2025-11-04,2025-11-04 12:01:00,1583.07,1583.16,1583.07,1583.16,0.01,6.83,10925.58,1
2025-11-04,2025-11-04 12:02:00,1583.16,1583.26,1583.16,1583.26,0.01,6.83,10925.58,1
2025-11-04,2025-11-04 12:03:00,1583.26,1583.35,1583.26,1583.35,0.01,6.83,10925.58,1
2025-11-04,2025-11-04 12:04:00,1583.35,1583.45,1583.35,1583.45,0.01,6.83,10925.58,1
2025-11-04,2025-11-04 12:05:00,1583.45,1583.54,1583.45,1583.54,0.01,6.83,10925.58,1
2025-11-04,2025-11-04 12:06:00,1583.54,1583.64,1583.54,1583.64,0.01,6.83,10925.58,1
2025-11-04,2025-11-04 12:07:00,1583.64,1583.73,1583.64,1583.73,0.01,6.83,10925.58,1
2025-11-04,2025-11-04 12:08:00,1583.73,1583.83,1583.73,1583.83,0.01,6.83,10925.58,1
2025-11-04,2025-11-04 12:09:00,1583.83,1583.92,1583.83,1583.92,0.01,6.83,10925.58,1
2025-11-04,2025-11-04 12:10:00,1583.92,1584.02,1583.92,1584.02,0.01,6.83,10925.58,1
2025-11-04,2025-11-04 12:11:00,1584.02,1584.11,1584.02,1584.11,0.01,6.83,10925.58,1
2025-11-04,2025-11-04 12:12:00,1584.11,1584.2,1584.11,1584.2,0.01,6.83,10925.58,1
2025-11-04,2025-11-04 12:13:00,1584.2,1584.3,1584.2,1584.3,0.01,6.83,10925.58,1
2025-11-04,2025-11-04 12:14:00,1584.3,1584.39,1584.3,1584.39,0.01,6.83,10925.58,1
2025-11-04,2025-11-04 12:15:00,1584.39,1584.49,1584.39,1584.49,0.01,6.83,10925.58,1
2025-11-04,2025-11-04 12:16:00,1584.49,1584.58,1584.49,1584.58,0.01,6.83,10925.58,1
2025-11-04,2025-11-04 12:17:00,1584.58,1584.68,1584.58,1584.68,0.01,6.83,10925.58,1
2025-11-04,2025-11-04 12:18:00,1584.68,1584.77,1584.68,1584.77,0.01,6.83,10925.58,1
2025-11-04,2025-11-04 12:19:00,1584.77,1584.87,1584.77,1584.87,0.01,6.83,10925.58,1
2025-11-04,2025-11-04 12:20:00,1584.87,1584.96,1584.87,1584.96,0.01,6.83,10925.58,1
2025-11-04,2025-11-04 12:21:00,1584.96,1585.06,1584.96,1585.06,0.01,6.83,10925.58,1
2025-11-04,2025-11-04 12:22:00,1585.06,1585.15,1585.06,1585.15,0.01,6.83,10925.58,1
2025-11-04,2025-11-04 12:23:00,1585.15,1585.24,1585.15,1585.24,0.01,6.83,10925.58,1
2025-11-04,2025-11-04 12:24:00,1585.24,1585.34,1585.24,1585.34,0.01,6.83,10925.58,1
2025-11-04,2025-11-04 12:25:00,1585.34,1585.43,1585.34,1585.43,0.01,6.83,10925.58,1
2025-11-04,2025-11-04 12:26:00,1585.43,1585.53,1585.43,1585.53,0.01,6.83,10925.58,1
2025-11-04,2025-11-04 12:27:00,1585.53,1585.62,1585.53,1585.62,0.01,6.83,10925.58,1
2025-11-04,2025-11-04 12:28:00,1585.62,1585.72,1585.62,1585.72,0.01,6.83,10925.58,1
2025-11-04,2025-11-04 12:29:00,1585.72,1585.81,1585.72,1585.81,0.01,6.83,10925.58,1
2025-11-04,2025-11-04 12:30:00,1585.81,1585.91,1585.81,1585.91,0.01,6.83,10925.58,1
2025-11-04,2025-11-04 12:31:00,1585.91,1586.0,1585.91,1586.0,0.01,6.83,10925.58,1
2025-11-04,2025-11-04 12:32:00,1586.0,1586.1,1586.0,1586.1,0.01,6.83,10925.58,1
2025-11-04,2025-11-04 12:33:00,1586.1,1586.19,1586.1,1586.19,0.01,6.83,10925.58,1
2025-11-04,2025-11-04 12:34:00,1586.19,1586.29,1586.19,1586.29,0.01,6.83,10925.58,1
2025-11-04,2025-11-04 12:35:00,1586.29,1586.38,1586.29,1586.38,0.01,6.83,10925.58,1
2025-11-04,2025-11-04 12:36:00,1586.38,1586.47,1586.38,1586.47,0.01,6.83,10925.58,1
2025-11-04,2025-11-04 12:37:00,1586.47,1586.57,1586.47,1586.57,0.01,6.83,10925.58,1
2025-11-04,2025-11-04 12:38:00,1586.57,1586.66,1586.57,1586.66,0.01,6.83,10925.58,1
2025-11-04,2025-11-04 12:39:00,1586.66,1586.76,1586.66,1586.76,0.01,6.83,10925.58,1
2025-11-04,2025-11-04 12:40:00,1586.76,1586.85,1586.76,1586.85,0.01,6.83,10925.58,1
2025-11-04,2025-11-04 12:41:00,1586.85,1586.95,1586.85,1586.95,0.01,6.83,10925.58,1
2025-11-04,2025-11-04 12:42:00,1586.95,1587.04,1586.95,1587.04,0.01,6.83,10925.58,1
2025-11-04,2025-11-04 12:43:00,1587.04,1587.14,1587.04,1587.14,0.01,6.83,10925.58,1
2025-11-04,2025-11-04 12:44:00,1587.14,1587.23,1587.14,1587.23,0.01,6.83,10925.58,1
2025-11-04,2025-11-04 12:45:00,1587.23,1587.33,1587.23,1587.33,0.01,6.83,10925.58,1
2025-11-04,2025-11-04 12:46:00,1587.33,1587.42,1587.33,1587.42,0.01,6.83,10925.58,1
2025-11-04,2025-11-04 12:47:00,1587.42,1587.51,1587.42,1587.51,0.01,6.83,10925.58,1
2025-11-04,2025-11-04 12:48:00,1587.51,1587.61,1587.51,1587.61,0.01,6.83,10925.58,1
2025-11-04,2025-11-04 12:49:00,1587.61,1587.7,1587.61,1587.7,0.01,6.83,10925.58,1
2025-11-04,2025-11-04 12:50:00,1587.7,1587.8,1587.7,1587.8,0.01,6.83,10925.58,1
2025-11-04,2025-11-04 12:51:00,1587.8,1587.89,1587.8,1587.89,0.01,6.83,10925.58,1
2025-11-04,2025-11-04 12:52:00,1587.89,1587.99,1587.89,1587.99,0.01,6.83,10925.58,1
2025-11-04,2025-11-04 12:53:00,1587.99,1588.08,1587.99,1588.08,0.01,6.83,10925.58,1
2025-11-04,2025-11-04 12:54:00,1588.08,1588.18,1588.08,1588.18,0.01,6.83,10925.58,1
2025-11-04,2025-11-04 12:55:00,1588.18,1588.27,1588.18,1588.27,0.01,6.83,10925.58,1
2025-11-04,2025-11-04 12:56:00,1588.27,1588.37,1588.27,1588.37,0.01,6.83,10925.58,1
2025-11-04,2025-11-04 12:57:00,1588.37,1588.46,1588.37,1588.46,0.01,6.83,10925.58,1
2025-11-04,2025-11-04 12:58:00,1588.46,1588.56,1588.46,1588.56,0.01,6.83,10925.58,1
2025-11-04,2025-11-04 12:59:00,1588.56,1588.65,1588.56,1588.65,0.01,6.83,10925.58,1
2025-11-04,2025-11-04 13:00:00,1588.65,1675.0,1577.3,1588.74,0.01,6.83,10925.58,1
2025-11-04,2025-11-04 13:01:00,1588.74,1588.84,1588.74,1588.84,0.01,6.83,10925.58,1
2025-11-04,2025-11-04 13:02:00,1588.84,1588.93,1588.84,1588.93,0.01,6.83,10925.58,1
2025-11-04,2025-11-04 13:03:00,1588.93,1589.03,1588.93,1589.03,0.01,6.83,10925.58,1
2025-11-04,2025-11-04 13:04:00,1589.03,1589.12,1589.03,1589.12,0.01,6.83,10925.58,1
2025-11-04,2025-11-04 13:05:00,1589.12,1589.22,1589.12,1589.22,0.01,6.83,10925.58,1
2025-11-04,2025-11-04 13:06:00,1589.22,1589.31,1589.22,1589.31,0.01,6.83,10925.58,1
2025-11-04,2025-11-04 13:07:00,1589.31,1589.41,1589.31,1589.41,0.01,6.83,10925.58,1
2025-11-04,2025-11-04 13:08:00,1589.41,1589.5,1589.41,1589.5,0.01,6.83,10925.58,1
2025-11-04,2025-11-04 13:09:00,1589.5,1589.6,1589.5,1589.6,0.01,6.83,10925.58,1
2025-11-04,2025-11-04 13:10:00,1589.6,1589.69,1589.6,1589.69,0.01,6.83,10925.58,1
2025-11-04,2025-11-04 13:11:00,1589.69,1589.79,1589.69,1589.79,0.01,6.83,10925.58,1
2025-11-04,2025-11-04 13:12:00,1589.79,1589.88,1589.79,1589.88,0.01,6.83,10925.58,1
2025-11-04,2025-11-04 13:13:00,1589.88,1589.97,1589.88,1589.97,0.01,6.83,10925.58,1
2025-11-04,2025-11-04 13:14:00,1589.97,1590.07,1589.97,1590.07,0.01,6.83,10925.58,1
2025-11-04,2025-11-04 13:15:00,1590.07,1590.16,1590.07,1590.16,0.01,6.83,10925.58,1
2025-11-04,2025-11-04 13:16:00,1590.16,1590.26,1590.16,1590.26,0.01,6.83,10925.58,1
2025-11-04,2025-11-04 13:17:00,1590.26,1590.35,1590.26,1590.35,0.01,6.83,10925.58,1
2025-11-04,2025-11-04 13:18:00,1590.35,1590.45,1590.35,1590.45,0.01,6.83,10925.58,1
2025-11-04,2025-11-04 13:19:00,1590.45,1590.54,1590.45,1590.54,0.01,6.83,10925.58,1
2025-11-04,2025-11-04 13:20:00,1590.54,1590.64,1590.54,1590.64,0.01,6.83,10925.58,1
2025-11-04,2025-11-04 13:21:00,1590.64,1590.73,1590.64,1590.73,0.01,6.83,10925.58,1
2025-11-04,2025-11-04 13:22:00,1590.73,1590.83,1590.73,1590.83,0.01,6.83,10925.58,1
2025-11-04,2025-11-04 13:23:00,1590.83,1590.92,1590.83,1590.92,0.01,6.83,10925.58,1
2025-11-04,2025-11-04 13:24:00,1590.92,1591.01,1590.92,1591.01,0.01,6.83,10925.58,1
2025-11-04,2025-11-04 13:25:00,1591.01,1591.11,1591.01,1591.11,0.01,6.83,10925.58,1
2025-11-04,2025-11-04 13:26:00,1591.11,1591.2,1591.11,1591.2,0.01,6.83,10925.58,1
2025-11-04,2025-11-04 13:27:00,1591.2,1591.3,1591.2,1591.3,0.01,6.83,10925.58,1
2025-11-04,2025-11-04 13:28:00,1591.3,1591.39,1591.3,1591.39,0.01,6.83,10925.58,1
2025-11-04,2025-11-04 13:29:00,1591.39,1591.49,1591.39,1591.49,0.01,6.83,10925.58,1
2025-11-04,2025-11-04 13:30:00,1591.49,1591.58,1591.49,1591.58,0.01,6.83,10925.58,1
2025-11-04,2025-11-04 13:31:00,1591.58,1591.68,1591.58,1591.68,0.01,6.83,10925.58,1
2025-11-04,2025-11-04 13:32:00,1591.68,1591.77,1591.68,1591.77,0.01,6.83,10925.58,1
2025-11-04,2025-11-04 13:33:00,1591.77,1591.87,1591.77,1591.87,0.01,6.83,10925.58,1
2025-11-04,2025-11-04 13:34:00,1591.87,1591.96,1591.87,1591.96,0.01,6.83,10925.58,1
2025-11-04,2025-11-04 13:35:00,1591.96,1592.06,1591.96,1592.06,0.01,6.83,10925.58,1
2025-11-04,2025-11-04 13:36:00,1592.06,1592.15,1592.06,1592.15,0.01,6.83,10925.58,1
2025-11-04,2025-11-04 13:37:00,1592.15,1592.24,1592.15,1592.24,0.01,6.83,10925.58,1
2025-11-04,2025-11-04 13:38:00,1592.24,1592.34,1592.24,1592.34,0.01,6.83,10925.58,1
2025-11-04,2025-11-04 13:39:00,1592.34,1592.43,1592.34,1592.43,0.01,6.83,10925.58,1
2025-11-04,2025-11-04 13:40:00,1592.43,1592.53,1592.43,1592.53,0.01,6.83,10925.58,1
2025-11-04,2025-11-04 13:41:00,1592.53,1592.62,1592.53,1592.62,0.01,6.83,10925.58,1
2025-11-04,2025-11-04 13:42:00,1592.62,1592.72,1592.62,1592.72,0.01,6.83,10925.58,1
2025-11-04,2025-11-04 13:43:00,1592.72,1592.81,1592.72,1592.81,0.01,6.83,10925.58,1
2025-11-04,2025-11-04 13:44:00,1592.81,1592.91,1592.81,1592.91,0.01,6.83,10925.58,1
2025-11-04,2025-11-04 13:45:00,1592.91,1593.0,1592.91,1593.0,0.01,6.83,10925.58,1
2025-11-04,2025-11-04 13:46:00,1593.0,1593.1,1593.0,1593.1,0.01,6.83,10925.58,1
2025-11-04,2025-11-04 13:47:00,1593.1,1593.19,1593.1,1593.19,0.01,6.83,10925.58,1
2025-11-04,2025-11-04 13:48:00,1593.19,1593.28,1593.19,1593.28,0.01,6.83,10925.58,1
2025-11-04,2025-11-04 13:49:00,1593.28,1593.38,1593.28,1593.38,0.01,6.83,10925.58,1
2025-11-04,2025-11-04 13:50:00,1593.38,1593.47,1593.38,1593.47,0.01,6.83,10925.58,1
2025-11-04,2025-11-04 13:51:00,1593.47,1593.57,1593.47,1593.57,0.01,6.83,10925.58,1
2025-11-04,2025-11-04 13:52:00,1593.57,1593.66,1593.57,1593.66,0.01,6.83,10925.58,1
2025-11-04,2025-11-04 13:53:00,1593.66,1593.76,1593.66,1593.76,0.01,6.83,10925.58,1
2025-11-04,2025-11-04 13:54:00,1593.76,1593.85,1593.76,1593.85,0.01,6.83,10925.58,1
2025-11-04,2025-11-04 13:55:00,1593.85,1593.95,1593.85,1593.95,0.01,6.83,10925.58,1
2025-11-04,2025-11-04 13:56:00,1593.95,1594.04,1593.95,1594.04,0.01,6.83,10925.58,1
2025-11-04,2025-11-04 13:57:00,1594.04,1594.14,1594.04,1594.14,0.01,6.83,10925.58,1
2025-11-04,2025-11-04 13:58:00,1594.14,1594.23,1594.14,1594.23,0.01,6.83,10925.58,1
2025-11-04,2025-11-04 13:59:00,1594.23,1594.33,1594.23,1594.33,0.01,6.83,10925.58,1
2025-11-04,2025-11-04 14:00:00,1594.33,1594.42,1594.33,1594.42,0.01,6.83,10925.58,1
2025-11-04,2025-11-04 14:01:00,1594.42,1594.51,1594.42,1594.51,0.01,6.83,10925.58,1
2025-11-04,2025-11-04 14:02:00,1594.51,1594.61,1594.51,1594.61,0.01,6.83,10925.58,1
2025-11-04,2025-11-04 14:03:00,1594.61,1594.7,1594.61,1594.7,0.01,6.83,10925.58,1
2025-11-04,2025-11-04 14:04:00,1594.7,1594.8,1594.7,1594.8,0.01,6.83,10925.58,1
2025-11-04,2025-11-04 14:05:00,1594.8,1594.89,1594.8,1594.89,0.01,6.83,10925.58,1
2025-11-04,2025-11-04 14:06:00,1594.89,1594.99,1594.89,1594.99,0.01,6.83,10925.58,1
2025-11-04,2025-11-04 14:07:00,1594.99,1595.08,1594.99,1595.08,0.01,6.83,10925.58,1
2025-11-04,2025-11-04 14:08:00,1595.08,1595.18,1595.08,1595.18,0.01,6.83,10925.58,1
2025-11-04,2025-11-04 14:09:00,1595.18,1595.27,1595.18,1595.27,0.01,6.83,10925.58,1
2025-11-04,2025-11-04 14:10:00,1595.27,1595.37,1595.27,1595.37,0.01,6.83,10925.58,1
2025-11-04,2025-11-04 14:11:00,1595.37,1595.46,1595.37,1595.46,0.01,6.83,10925.58,1
2025-11-04,2025-11-04 14:12:00,1595.46,1595.55,1595.46,1595.55,0.01,6.83,10925.58,1
2025-11-04,2025-11-04 14:13:00,1595.55,1595.65,1595.55,1595.65,0.01,6.83,10925.58,1
2025-11-04,2025-11-04 14:14:00,1595.65,1595.74,1595.65,1595.74,0.01,6.83,10925.58,1
2025-11-04,2025-11-04 14:15:00,1595.74,1595.84,1595.74,1595.84,0.01,6.83,10925.58,1
2025-11-04,2025-11-04 14:16:00,1595.84,1595.93,1595.84,1595.93,0.01,6.83,10925.58,1
2025-11-04,2025-11-04 14:17:00,1595.93,1596.03,1595.93,1596.03,0.01,6.83,10925.58,1
2025-11-04,2025-11-04 14:18:00,1596.03,1596.12,1596.03,1596.12,0.01,6.83,10925.58,1
2025-11-04,2025-11-04 14:19:00,1596.12,1596.22,1596.12,1596.22,0.01,6.83,10925.58,1
2025-11-04,2025-11-04 14:20:00,1596.22,1596.31,1596.22,1596.31,0.01,6.83,10925.58,1
2025-11-04,2025-11-04 14:21:00,1596.31,1596.41,1596.31,1596.41,0.01,6.83,10925.58,1
2025-11-04,2025-11-04 14:22:00,1596.41,1596.5,1596.41,1596.5,0.01,6.83,10925.58,1
2025-11-04,2025-11-04 14:23:00,1596.5,1596.6,1596.5,1596.6,0.01,6.83,10925.58,1
2025-11-04,2025-11-04 14:24:00,1596.6,1596.69,1596.6,1596.69,0.01,6.83,10925.58,1
2025-11-04,2025-11-04 14:25:00,1596.69,1596.78,1596.69,1596.78,0.01,6.83,10925.58,1
2025-11-04,2025-11-04 14:26:00,1596.78,1596.88,1596.78,1596.88,0.01,6.83,10925.58,1
2025-11-04,2025-11-04 14:27:00,1596.88,1596.97,1596.88,1596.97,0.01,6.83,10925.58,1
2025-11-04,2025-11-04 14:28:00,1596.97,1597.07,1596.97,1597.07,0.01,6.83,10925.58,1
2025-11-04,2025-11-04 14:29:00,1597.07,1597.16,1597.07,1597.16,0.01,6.83,10925.58,1
2025-11-04,2025-11-04 14:30:00,1597.16,1597.26,1597.16,1597.26,0.01,6.83,10925.58,1
2025-11-04,2025-11-04 14:31:00,1597.26,1597.35,1597.26,1597.35,0.01,6.83,10925.58,1
2025-11-04,2025-11-04 14:32:00,1597.35,1597.45,1597.35,1597.45,0.01,6.83,10925.58,1
2025-11-04,2025-11-04 14:33:00,1597.45,1597.54,1597.45,1597.54,0.01,6.83,10925.58,1
2025-11-04,2025-11-04 14:34:00,1597.54,1597.64,1597.54,1597.64,0.01,6.83,10925.58,1
2025-11-04,2025-11-04 14:35:00,1597.64,1597.73,1597.64,1597.73,0.01,6.83,10925.58,1
2025-11-04,2025-11-04 14:36:00,1597.73,1597.82,1597.73,1597.82,0.01,6.83,10925.58,1
2025-11-04,2025-11-04 14:37:00,1597.82,1597.92,1597.82,1597.92,0.01,6.83,10925.58,1
2025-11-04,2025-11-04 14:38:00,1597.92,1598.01,1597.92,1598.01,0.01,6.83,10925.58,1
2025-11-04,2025-11-04 14:39:00,1598.01,1598.11,1598.01,1598.11,0.01,6.83,10925.58,1
2025-11-04,2025-11-04 14:40:00,1598.11,1598.2,1598.11,1598.2,0.01,6.83,10925.58,1
2025-11-04,2025-11-04 14:41:00,1598.2,1598.3,1598.2,1598.3,0.01,6.83,10925.58,1
2025-11-04,2025-11-04 14:42:00,1598.3,1598.39,1598.3,1598.39,0.01,6.83,10925.58,1
2025-11-04,2025-11-04 14:43:00,1598.39,1598.49,1598.39,1598.49,0.01,6.83,10925.58,1
2025-11-04,2025-11-04 14:44:00,1598.49,1598.58,1598.49,1598.58,0.01,6.83,10925.58,1
2025-11-04,2025-11-04 14:45:00,1598.58,1598.68,1598.58,1598.68,0.01,6.83,10925.58,1
2025-11-04,2025-11-04 14:46:00,1598.68,1598.77,1598.68,1598.77,0.01,6.83,10925.58,1
2025-11-04,2025-11-04 14:47:00,1598.77,1598.87,1598.77,1598.87,0.01,6.83,10925.58,1
2025-11-04,2025-11-04 14:48:00,1598.87,1598.96,1598.87,1598.96,0.01,6.83,10925.58,1
2025-11-04,2025-11-04 14:49:00,1598.96,1599.05,1598.96,1599.05,0.01,6.83,10925.58,1
2025-11-04,2025-11-04 14:50:00,1599.05,1599.15,1599.05,1599.15,0.01,6.83,10925.58,1
2025-11-04,2025-11-04 14:51:00,1599.15,1599.24,1599.15,1599.24,0.01,6.83,10925.58,1
2025-11-04,2025-11-04 14:52:00,1599.24,1599.34,1599.24,1599.34,0.01,6.83,10925.58,1
2025-11-04,2025-11-04 14:53:00,1599.34,1599.43,1599.34,1599.43,0.01,6.83,10925.58,1
2025-11-04,2025-11-04 14:54:00,1599.43,1599.53,1599.43,1599.53,0.01,6.83,10925.58,1
2025-11-04,2025-11-04 14:55:00,1599.53,1599.62,1599.53,1599.62,0.01,6.83,10925.58,1
2025-11-04,2025-11-04 14:56:00,1599.62,1599.72,1599.62,1599.72,0.01,6.83,10925.58,1
2025-11-04,2025-11-04 14:57:00,1599.72,1599.81,1599.72,1599.81,0.01,6.83,10925.58,1
2025-11-04,2025-11-04 14:58:00,1599.81,1599.91,1599.81,1599.91,0.01,6.83,10925.58,1
2025-11-04,2025-11-04 14:59:00,1599.91,1600.0,1599.91,1600.0,0.01,6.83,10925.58,1
2025-11-04,2025-11-04 15:00:00,1600.0,1675.0,1577.3,1600.0,0.0,6.83,10925.58,0
2025-11-05,2025-11-05 11:00:00,1600.0,1604.5,1599.13,1600.0,0.0,2.96,4737.84,0
2025-11-05,2025-11-05 11:01:00,1600.0,1600.0,1599.99,1599.99,-0.0,2.96,4737.84,-1
2025-11-05,2025-11-05 11:02:00,1599.99,1599.99,1599.99,1599.99,0.0,2.96,4737.84,0
2025-11-05,2025-11-05 11:03:00,1599.99,1599.99,1599.98,1599.98,-0.0,2.96,4737.84,-1
2025-11-05,2025-11-05 11:04:00,1599.98,1599.98,1599.98,1599.98,0.0,2.96,4737.84,0
2025-11-05,2025-11-05 11:05:00,1599.98,1599.98,1599.97,1599.97,-0.0,2.96,4737.84,-1
2025-11-05,2025-11-05 11:06:00,1599.97,1599.97,1599.97,1599.97,0.0,2.96,4737.84,0
2025-11-05,2025-11-05 11:07:00,1599.97,1599.97,1599.97,1599.97,0.0,2.96,4737.84,0
2025-11-05,2025-11-05 11:08:00,1599.97,1599.97,1599.96,1599.96,-0.0,2.96,4737.84,-1
2025-11-05,2025-11-05 11:09:00,1599.96,1599.96,1599.96,1599.96,0.0,2.96,4737.84,0
2025-11-05,2025-11-05 11:10:00,1599.96,1599.96,1599.95,1599.95,-0.0,2.96,4737.84,-1
2025-11-05,2025-11-05 11:11:00,1599.95,1599.95,1599.95,1599.95,0.0,2.96,4737.84,0
2025-11-05,2025-11-05 11:12:00,1599.95,1599.95,1599.95,1599.95,0.0,2.96,4737.84,0
2025-11-05,2025-11-05 11:13:00,1599.95,1599.95,1599.94,1599.94,-0.0,2.96,4737.84,-1
2025-11-05,2025-11-05 11:14:00,1599.94,1599.94,1599.94,1599.94,0.0,2.96,4737.84,0
2025-11-05,2025-11-05 11:15:00,1599.94,1599.94,1599.93,1599.93,-0.0,2.96,4737.84,-1
2025-11-05,2025-11-05 11:16:00,1599.93,1599.93,1599.93,1599.93,0.0,2.96,4737.84,0
2025-11-05,2025-11-05 11:17:00,1599.93,1599.93,1599.92,1599.92,-0.0,2.96,4737.84,-1
2025-11-05,2025-11-05 11:18:00,1599.92,1599.92,1599.92,1599.92,0.0,2.96,4737.84,0
2025-11-05,2025-11-05 11:19:00,1599.92,1599.92,1599.92,1599.92,0.0,2.96,4737.84,0
2025-11-05,2025-11-05 11:20:00,1599.92,1599.92,1599.91,1599.91,-0.0,2.96,4737.84,-1
2025-11-05,2025-11-05 11:21:00,1599.91,1599.91,1599.91,1599.91,0.0,2.96,4737.84,0
2025-11-05,2025-11-05 11:22:00,1599.91,1599.91,1599.9,1599.9,-0.0,2.96,4737.84,-1
2025-11-05,2025-11-05 11:23:00,1599.9,1599.9,1599.9,1599.9,0.0,2.96,4737.84,0
2025-11-05,2025-11-05 11:24:00,1599.9,1599.9,1599.9,1599.9,0.0,2.96,4737.84,0
2025-11-05,2025-11-05 11:25:00,1599.9,1599.9,1599.89,1599.89,-0.0,2.96,4737.84,-1
2025-11-05,2025-11-05 11:26:00,1599.89,1599.89,1599.89,1599.89,0.0,2.96,4737.84,0
2025-11-05,2025-11-05 11:27:00,1599.89,1599.89,1599.88,1599.88,-0.0,2.96,4737.84,-1
2025-11-05,2025-11-05 11:28:00,1599.88,1599.88,1599.88,1599.88,0.0,2.96,4737.84,0
2025-11-05,2025-11-05 11:29:00,1599.88,1599.88,1599.88,1599.88,0.0,2.96,4737.84,0
2025-11-05,2025-11-05 11:30:00,1599.88,1599.88,1599.87,1599.87,-0.0,2.96,4737.84,-1
2025-11-05,2025-11-05 11:31:00,1599.87,1599.87,1599.87,1599.87,0.0,2.96,4737.84,0
2025-11-05,2025-11-05 11:32:00,1599.87,1599.87,1599.86,1599.86,-0.0,2.96,4737.84,-1
2025-11-05,2025-11-05 11:33:00,1599.86,1599.86,1599.86,1599.86,0.0,2.96,4737.84,0
2025-11-05,2025-11-05 11:34:00,1599.86,1599.86,1599.85,1599.85,-0.0,2.96,4737.84,-1
2025-11-05,2025-11-05 11:35:00,1599.85,1599.85,1599.85,1599.85,0.0,2.96,4737.84,0
2025-11-05,2025-11-05 11:36:00,1599.85,1599.85,1599.85,1599.85,0.0,2.96,4737.84,0
2025-11-05,2025-11-05 11:37:00,1599.85,1599.85,1599.84,1599.84,-0.0,2.96,4737.84,-1
2025-11-05,2025-11-05 11:38:00,1599.84,1599.84,1599.84,1599.84,0.0,2.96,4737.84,0
2025-11-05,2025-11-05 11:39:00,1599.84,1599.84,1599.83,1599.83,-0.0,2.96,4737.84,-1
2025-11-05,2025-11-05 11:40:00,1599.83,1599.83,1599.83,1599.83,0.0,2.96,4737.84,0
2025-11-05,2025-11-05 11:41:00,1599.83,1599.83,1599.83,1599.83,0.0,2.96,4737.84,0
2025-11-05,2025-11-05 11:42:00,1599.83,1599.83,1599.82,1599.82,-0.0,2.96,4737.84,-1
2025-11-05,2025-11-05 11:43:00,1599.82,1599.82,1599.82,1599.82,0.0,2.96,4737.84,0
2025-11-05,2025-11-05 11:44:00,1599.82,1599.82,1599.81,1599.81,-0.0,2.96,4737.84,-1
2025-11-05,2025-11-05 11:45:00,1599.81,1599.81,1599.81,1599.81,0.0,2.96,4737.84,0
2025-11-05,2025-11-05 11:46:00,1599.81,1599.81,1599.8,1599.8,-0.0,2.96,4737.84,-1
2025-11-05,2025-11-05 11:47:00,1599.8,1599.8,1599.8,1599.8,0.0,2.96,4737.84,0
2025-11-05,2025-11-05 11:48:00,1599.8,1599.8,1599.8,1599.8,0.0,2.96,4737.84,0
2025-11-05,2025-11-05 11:49:00,1599.8,1599.8,1599.79,1599.79,-0.0,2.96,4737.84,-1
2025-11-05,2025-11-05 11:50:00,1599.79,1599.79,1599.79,1599.79,0.0,2.96,4737.84,0
2025-11-05,2025-11-05 11:51:00,1599.79,1599.79,1599.78,1599.78,-0.0,2.96,4737.84,-1
2025-11-05,2025-11-05 11:52:00,1599.78,1599.78,1599.78,1599.78,0.0,2.96,4737.84,0
2025-11-05,2025-11-05 11:53:00,1599.78,1599.78,1599.78,1599.78,0.0,2.96,4737.84,0
2025-11-05,2025-11-05 11:54:00,1599.78,1599.78,1599.77,1599.77,-0.0,2.96,4737.84,-1
2025-11-05,2025-11-05 11:55:00,1599.77,1599.77,1599.77,1599.77,0.0,2.96,4737.84,0
2025-11-05,2025-11-05 11:56:00,1599.77,1599.77,1599.76,1599.76,-0.0,2.96,4737.84,-1
2025-11-05,2025-11-05 11:57:00,1599.76,1599.76,1599.76,1599.76,0.0,2.96,4737.84,0
2025-11-05,2025-11-05 11:58:00,1599.76,1599.76,1599.75,1599.75,-0.0,2.96,4737.84,-1
2025-11-05,2025-11-05 11:59:00,1599.75,1599.75,1599.75,1599.75,0.0,2.96,4737.84,0
2025-11-05,2025-11-05 12:00:00,1599.75,1599.75,1599.75,1599.75,0.0,2.96,4737.84,0
2025-11-05,2025-11-05 12:01:00,1599.75,1599.75,1599.74,1599.74,-0.0,2.96,4737.84,-1
2025-11-05,2025-11-05 12:02:00,1599.74,1599.74,1599.74,1599.74,0.0,2.96,4737.84,0
2025-11-05,2025-11-05 12:03:00,1599.74,1599.74,1599.73,1599.73,-0.0,2.96,4737.84,-1
2025-11-05,2025-11-05 12:04:00,1599.73,1599.73,1599.73,1599.73,0.0,2.96,4737.84,0
2025-11-05,2025-11-05 12:05:00,1599.73,1599.73,1599.72,1599.72,-0.0,2.96,4737.84,-1
2025-11-05,2025-11-05 12:06:00,1599.72,1599.72,1599.72,1599.72,0.0,2.96,4737.84,0
2025-11-05,2025-11-05 12:07:00,1599.72,1599.72,1599.72,1599.72,0.0,2.96,4737.84,0
2025-11-05,2025-11-05 12:08:00,1599.72,1599.72,1599.71,1599.71,-0.0,2.96,4737.84,-1
2025-11-05,2025-11-05 12:09:00,1599.71,1599.71,1599.71,1599.71,0.0,2.96,4737.84,0
2025-11-05,2025-11-05 12:10:00,1599.71,1599.71,1599.7,1599.7,-0.0,2.96,4737.84,-1
2025-11-05,2025-11-05 12:11:00,1599.7,1599.7,1599.7,1599.7,0.0,2.96,4737.84,0
2025-11-05,2025-11-05 12:12:00,1599.7,1599.7,1599.7,1599.7,0.0,2.96,4737.84,0
2025-11-05,2025-11-05 12:13:00,1599.7,1599.7,1599.69,1599.69,-0.0,2.96,4737.84,-1
2025-11-05,2025-11-05 12:14:00,1599.69,1599.69,1599.69,1599.69,0.0,2.96,4737.84,0
2025-11-05,2025-11-05 12:15:00,1599.69,1599.69,1599.68,1599.68,-0.0,2.96,4737.84,-1
2025-11-05,2025-11-05 12:16:00,1599.68,1599.68,1599.68,1599.68,0.0,2.96,4737.84,0
2025-11-05,2025-11-05 12:17:00,1599.68,1599.68,1599.67,1599.67,-0.0,2.96,4737.84,-1
2025-11-05,2025-11-05 12:18:00,1599.67,1599.67,1599.67,1599.67,0.0,2.96,4737.84,0
2025-11-05,2025-11-05 12:19:00,1599.67,1599.67,1599.67,1599.67,0.0,2.96,4737.84,0
2025-11-05,2025-11-05 12:20:00,1599.67,1599.67,1599.66,1599.66,-0.0,2.96,4737.84,-1
2025-11-05,2025-11-05 12:21:00,1599.66,1599.66,1599.66,1599.66,0.0,2.96,4737.84,0
2025-11-05,2025-11-05 12:22:00,1599.66,1599.66,1599.65,1599.65,-0.0,2.96,4737.84,-1
2025-11-05,2025-11-05 12:23:00,1599.65,1599.65,1599.65,1599.65,0.0,2.96,4737.84,0
2025-11-05,2025-11-05 12:24:00,1599.65,1599.65,1599.65,1599.65,0.0,2.96,4737.84,0
2025-11-05,2025-11-05 12:25:00,1599.65,1599.65,1599.64,1599.64,-0.0,2.96,4737.84,-1
2025-11-05,2025-11-05 12:26:00,1599.64,1599.64,1599.64,1599.64,0.0,2.96,4737.84,0
2025-11-05,2025-11-05 12:27:00,1599.64,1599.64,1599.63,1599.63,-0.0,2.96,4737.84,-1
2025-11-05,2025-11-05 12:28:00,1599.63,1599.63,1599.63,1599.63,0.0,2.96,4737.84,0
2025-11-05,2025-11-05 12:29:00,1599.63,1599.63,1599.62,1599.62,-0.0,2.96,4737.84,-1
2025-11-05,2025-11-05 12:30:00,1599.62,1599.62,1599.62,1599.62,0.0,2.96,4737.84,0
2025-11-05,2025-11-05 12:31:00,1599.62,1599.62,1599.62,1599.62,0.0,2.96,4737.84,0
2025-11-05,2025-11-05 12:32:00,1599.62,1599.62,1599.61,1599.61,-0.0,2.96,4737.84,-1
2025-11-05,2025-11-05 12:33:00,1599.61,1599.61,1599.61,1599.61,0.0,2.96,4737.84,0
2025-11-05,2025-11-05 12:34:00,1599.61,1599.61,1599.6,1599.6,-0.0,2.96,4737.84,-1
2025-11-05,2025-11-05 12:35:00,1599.6,1599.6,1599.6,1599.6,0.0,2.96,4737.84,0
2025-11-05,2025-11-05 12:36:00,1599.6,1599.6,1599.6,1599.6,0.0,2.96,4737.84,0
2025-11-05,2025-11-05 12:37:00,1599.6,1599.6,1599.59,1599.59,-0.0,2.96,4737.84,-1
2025-11-05,2025-11-05 12:38:00,1599.59,1599.59,1599.59,1599.59,0.0,2.96,4737.84,0
2025-11-05,2025-11-05 12:39:00,1599.59,1599.59,1599.58,1599.58,-0.0,2.96,4737.84,-1
2025-11-05,2025-11-05 12:40:00,1599.58,1599.58,1599.58,1599.58,0.0,2.96,4737.84,0
2025-11-05,2025-11-05 12:41:00,1599.58,1599.58,1599.58,1599.58,0.0,2.96,4737.84,0
2025-11-05,2025-11-05 12:42:00,1599.58,1599.58,1599.57,1599.57,-0.0,2.96,4737.84,-1
2025-11-05,2025-11-05 12:43:00,1599.57,1599.57,1599.57,1599.57,0.0,2.96,4737.84,0
2025-11-05,2025-11-05 12:44:00,1599.57,1599.57,1599.56,1599.56,-0.0,2.96,4737.84,-1
2025-11-05,2025-11-05 12:45:00,1599.56,1599.56,1599.56,1599.56,0.0,2.96,4737.84,0
2025-11-05,2025-11-05 12:46:00,1599.56,1599.56,1599.55,1599.55,-0.0,2.96,4737.84,-1
2025-11-05,2025-11-05 12:47:00,1599.55,1599.55,1599.55,1599.55,0.0,2.96,4737.84,0
2025-11-05,2025-11-05 12:48:00,1599.55,1599.55,1599.55,1599.55,0.0,2.96,4737.84,0
2025-11-05,2025-11-05 12:49:00,1599.55,1599.55,1599.54,1599.54,-0.0,2.96,4737.84,-1
2025-11-05,2025-11-05 12:50:00,1599.54,1599.54,1599.54,1599.54,0.0,2.96,4737.84,0
2025-11-05,2025-11-05 12:51:00,1599.54,1599.54,1599.53,1599.53,-0.0,2.96,4737.84,-1
2025-11-05,2025-11-05 12:52:00,1599.53,1599.53,1599.53,1599.53,0.0,2.96,4737.84,0
2025-11-05,2025-11-05 12:53:00,1599.53,1599.53,1599.53,1599.53,0.0,2.96,4737.84,0
2025-11-05,2025-11-05 12:54:00,1599.53,1599.53,1599.52,1599.52,-0.0,2.96,4737.84,-1
2025-11-05,2025-11-05 12:55:00,1599.52,1599.52,1599.52,1599.52,0.0,2.96,4737.84,0
2025-11-05,2025-11-05 12:56:00,1599.52,1599.52,1599.51,1599.51,-0.0,2.96,4737.84,-1
2025-11-05,2025-11-05 12:57:00,1599.51,1599.51,1599.51,1599.51,0.0,2.96,4737.84,0
2025-11-05,2025-11-05 12:58:00,1599.51,1599.51,1599.5,1599.5,-0.0,2.96,4737.84,-1
2025-11-05,2025-11-05 12:59:00,1599.5,1599.5,1599.5,1599.5,0.0,2.96,4737.84,0
2025-11-05,2025-11-05 13:00:00,1599.5,1615.0,1597.1,1599.5,0.0,2.96,4737.84,0
2025-11-05,2025-11-05 13:01:00,1599.5,1599.5,1599.49,1599.49,-0.0,2.96,4737.84,-1
2025-11-05,2025-11-05 13:02:00,1599.49,1599.49,1599.49,1599.49,0.0,2.96,4737.84,0
2025-11-05,2025-11-05 13:03:00,1599.49,1599.49,1599.48,1599.48,-0.0,2.96,4737.84,-1
2025-11-05,2025-11-05 13:04:00,1599.48,1599.48,1599.48,1599.48,0.0,2.96,4737.84,0
2025-11-05,2025-11-05 13:05:00,1599.48,1599.48,1599.47,1599.47,-0.0,2.96,4737.84,-1
2025-11-05,2025-11-05 13:06:00,1599.47,1599.47,1599.47,1599.47,0.0,2.96,4737.84,0
2025-11-05,2025-11-05 13:07:00,1599.47,1599.47,1599.47,1599.47,0.0,2.96,4737.84,0
2025-11-05,2025-11-05 13:08:00,1599.47,1599.47,1599.46,1599.46,-0.0,2.96,4737.84,-1
2025-11-05,2025-11-05 13:09:00,1599.46,1599.46,1599.46,1599.46,0.0,2.96,4737.84,0
2025-11-05,2025-11-05 13:10:00,1599.46,1599.46,1599.45,1599.45,-0.0,2.96,4737.84,-1
2025-11-05,2025-11-05 13:11:00,1599.45,1599.45,1599.45,1599.45,0.0,2.96,4737.84,0
2025-11-05,2025-11-05 13:12:00,1599.45,1599.45,1599.45,1599.45,0.0,2.96,4737.84,0
2025-11-05,2025-11-05 13:13:00,1599.45,1599.45,1599.44,1599.44,-0.0,2.96,4737.84,-1
2025-11-05,2025-11-05 13:14:00,1599.44,1599.44,1599.44,1599.44,0.0,2.96,4737.84,0
2025-11-05,2025-11-05 13:15:00,1599.44,1599.44,1599.43,1599.43,-0.0,2.96,4737.84,-1
2025-11-05,2025-11-05 13:16:00,1599.43,1599.43,1599.43,1599.43,0.0,2.96,4737.84,0
2025-11-05,2025-11-05 13:17:00,1599.43,1599.43,1599.42,1599.42,-0.0,2.96,4737.84,-1
2025-11-05,2025-11-05 13:18:00,1599.42,1599.42,1599.42,1599.42,0.0,2.96,4737.84,0
2025-11-05,2025-11-05 13:19:00,1599.42,1599.42,1599.42,1599.42,0.0,2.96,4737.84,0
2025-11-05,2025-11-05 13:20:00,1599.42,1599.42,1599.41,1599.41,-0.0,2.96,4737.84,-1
2025-11-05,2025-11-05 13:21:00,1599.41,1599.41,1599.41,1599.41,0.0,2.96,4737.84,0
2025-11-05,2025-11-05 13:22:00,1599.41,1599.41,1599.4,1599.4,-0.0,2.96,4737.84,-1
2025-11-05,2025-11-05 13:23:00,1599.4,1599.4,1599.4,1599.4,0.0,2.96,4737.84,0
2025-11-05,2025-11-05 13:24:00,1599.4,1599.4,1599.4,1599.4,0.0,2.96,4737.84,0
2025-11-05,2025-11-05 13:25:00,1599.4,1599.4,1599.39,1599.39,-0.0,2.96,4737.84,-1
2025-11-05,2025-11-05 13:26:00,1599.39,1599.39,1599.39,1599.39,0.0,2.96,4737.84,0
2025-11-05,2025-11-05 13:27:00,1599.39,1599.39,1599.38,1599.38,-0.0,2.96,4737.84,-1
2025-11-05,2025-11-05 13:28:00,1599.38,1599.38,1599.38,1599.38,0.0,2.96,4737.84,0
2025-11-05,2025-11-05 13:29:00,1599.38,1599.38,1599.38,1599.38,0.0,2.96,4737.84,0
2025-11-05,2025-11-05 13:30:00,1599.38,1599.38,1599.37,1599.37,-0.0,2.96,4737.84,-1
2025-11-05,2025-11-05 13:31:00,1599.37,1599.37,1599.37,1599.37,0.0,2.96,4737.84,0
2025-11-05,2025-11-05 13:32:00,1599.37,1599.37,1599.36,1599.36,-0.0,2.96,4737.84,-1
2025-11-05,2025-11-05 13:33:00,1599.36,1599.36,1599.36,1599.36,0.0,2.96,4737.84,0
2025-11-05,2025-11-05 13:34:00,1599.36,1599.36,1599.35,1599.35,-0.0,2.96,4737.84,-1
2025-11-05,2025-11-05 13:35:00,1599.35,1599.35,1599.35,1599.35,0.0,2.96,4737.84,0
2025-11-05,2025-11-05 13:36:00,1599.35,1599.35,1599.35,1599.35,0.0,2.96,4737.84,0
2025-11-05,2025-11-05 13:37:00,1599.35,1599.35,1599.34,1599.34,-0.0,2.96,4737.84,-1
2025-11-05,2025-11-05 13:38:00,1599.34,1599.34,1599.34,1599.34,0.0,2.96,4737.84,0
2025-11-05,2025-11-05 13:39:00,1599.34,1599.34,1599.33,1599.33,-0.0,2.96,4737.84,-1
2025-11-05,2025-11-05 13:40:00,1599.33,1599.33,1599.33,1599.33,0.0,2.96,4737.84,0
2025-11-05,2025-11-05 13:41:00,1599.33,1599.33,1599.33,1599.33,0.0,2.96,4737.84,0
2025-11-05,2025-11-05 13:42:00,1599.33,1599.33,1599.32,1599.32,-0.0,2.96,4737.84,-1
2025-11-05,2025-11-05 13:43:00,1599.32,1599.32,1599.32,1599.32,0.0,2.96,4737.84,0
2025-11-05,2025-11-05 13:44:00,1599.32,1599.32,1599.31,1599.31,-0.0,2.96,4737.84,-1
2025-11-05,2025-11-05 13:45:00,1599.31,1599.31,1599.31,1599.31,0.0,2.96,4737.84,0
2025-11-05,2025-11-05 13:46:00,1599.31,1599.31,1599.3,1599.3,-0.0,2.96,4737.84,-1
2025-11-05,2025-11-05 13:47:00,1599.3,1599.3,1599.3,1599.3,0.0,2.96,4737.84,0
2025-11-05,2025-11-05 13:48:00,1599.3,1599.3,1599.3,1599.3,0.0,2.96,4737.84,0
2025-11-05,2025-11-05 13:49:00,1599.3,1599.3,1599.29,1599.29,-0.0,2.96,4737.84,-1
2025-11-05,2025-11-05 13:50:00,1599.29,1599.29,1599.29,1599.29,0.0,2.96,4737.84,0
2025-11-05,2025-11-05 13:51:00,1599.29,1599.29,1599.28,1599.28,-0.0,2.96,4737.84,-1
2025-11-05,2025-11-05 13:52:00,1599.28,1599.28,1599.28,1599.28,0.0,2.96,4737.84,0
2025-11-05,2025-11-05 13:53:00,1599.28,1599.28,1599.28,1599.28,0.0,2.96,4737.84,0
2025-11-05,2025-11-05 13:54:00,1599.28,1599.28,1599.27,1599.27,-0.0,2.96,4737.84,-1
2025-11-05,2025-11-05 13:55:00,1599.27,1599.27,1599.27,1599.27,0.0,2.96,4737.84,0
2025-11-05,2025-11-05 13:56:00,1599.27,1599.27,1599.26,1599.26,-0.0,2.96,4737.84,-1
2025-11-05,2025-11-05 13:57:00,1599.26,1599.26,1599.26,1599.26,0.0,2.96,4737.84,0
2025-11-05,2025-11-05 13:58:00,1599.26,1599.26,1599.25,1599.25,-0.0,2.96,4737.84,-1
2025-11-05,2025-11-05 13:59:00,1599.25,1599.25,1599.25,1599.25,0.0,2.96,4737.84,0
2025-11-05,2025-11-05 14:00:00,1599.25,1599.25,1599.25,1599.25,0.0,2.96,4737.84,0
2025-11-05,2025-11-05 14:01:00,1599.25,1599.25,1599.24,1599.24,-0.0,2.96,4737.84,-1
2025-11-05,2025-11-05 14:02:00,1599.24,1599.24,1599.24,1599.24,0.0,2.96,4737.84,0
2025-11-05,2025-11-05 14:03:00,1599.24,1599.24,1599.23,1599.23,-0.0,2.96,4737.84,-1
2025-11-05,2025-11-05 14:04:00,1599.23,1599.23,1599.23,1599.23,0.0,2.96,4737.84,0
2025-11-05,2025-11-05 14:05:00,1599.23,1599.23,1599.22,1599.22,-0.0,2.96,4737.84,-1
2025-11-05,2025-11-05 14:06:00,1599.22,1599.22,1599.22,1599.22,0.0,2.96,4737.84,0
2025-11-05,2025-11-05 14:07:00,1599.22,1599.22,1599.22,1599.22,0.0,2.96,4737.84,0
2025-11-05,2025-11-05 14:08:00,1599.22,1599.22,1599.21,1599.21,-0.0,2.96,4737.84,-1
2025-11-05,2025-11-05 14:09:00,1599.21,1599.21,1599.21,1599.21,0.0,2.96,4737.84,0
2025-11-05,2025-11-05 14:10:00,1599.21,1599.21,1599.2,1599.2,-0.0,2.96,4737.84,-1
2025-11-05,2025-11-05 14:11:00,1599.2,1599.2,1599.2,1599.2,0.0,2.96,4737.84,0
2025-11-05,2025-11-05 14:12:00,1599.2,1599.2,1599.2,1599.2,0.0,2.96,4737.84,0
2025-11-05,2025-11-05 14:13:00,1599.2,1599.2,1599.19,1599.19,-0.0,2.96,4737.84,-1
2025-11-05,2025-11-05 14:14:00,1599.19,1599.19,1599.19,1599.19,0.0,2.96,4737.84,0
2025-11-05,2025-11-05 14:15:00,1599.19,1599.19,1599.18,1599.18,-0.0,2.96,4737.84,-1
2025-11-05,2025-11-05 14:16:00,1599.18,1599.18,1599.18,1599.18,0.0,2.96,4737.84,0
2025-11-05,2025-11-05 14:17:00,1599.18,1599.18,1599.17,1599.17,-0.0,2.96,4737.84,-1
2025-11-05,2025-11-05 14:18:00,1599.17,1599.17,1599.17,1599.17,0.0,2.96,4737.84,0
2025-11-05,2025-11-05 14:19:00,1599.17,1599.17,1599.17,1599.17,0.0,2.96,4737.84,0
2025-11-05,2025-11-05 14:20:00,1599.17,1599.17,1599.16,1599.16,-0.0,2.96,4737.84,-1
2025-11-05,2025-11-05 14:21:00,1599.16,1599.16,1599.16,1599.16,0.0,2.96,4737.84,0
2025-11-05,2025-11-05 14:22:00,1599.16,1599.16,1599.15,1599.15,-0.0,2.96,4737.84,-1
2025-11-05,2025-11-05 14:23:00,1599.15,1599.15,1599.15,1599.15,0.0,2.96,4737.84,0
2025-11-05,2025-11-05 14:24:00,1599.15,1599.15,1599.15,1599.15,0.0,2.96,4737.84,0
2025-11-05,2025-11-05 14:25:00,1599.15,1599.15,1599.14,1599.14,-0.0,2.96,4737.84,-1
2025-11-05,2025-11-05 14:26:00,1599.14,1599.14,1599.14,1599.14,0.0,2.96,4737.84,0
2025-11-05,2025-11-05 14:27:00,1599.14,1599.14,1599.13,1599.13,-0.0,2.96,4737.84,-1
2025-11-05,2025-11-05 14:28:00,1599.13,1599.13,1599.13,1599.13,0.0,2.96,4737.84,0
2025-11-05,2025-11-05 14:29:00,1599.13,1599.13,1599.12,1599.12,-0.0,2.96,4737.84,-1
2025-11-05,2025-11-05 14:30:00,1599.12,1599.12,1599.12,1599.12,0.0,2.96,4737.84,0
2025-11-05,2025-11-05 14:31:00,1599.12,1599.12,1599.12,1599.12,0.0,2.96,4737.84,0
2025-11-05,2025-11-05 14:32:00,1599.12,1599.12,1599.11,1599.11,-0.0,2.96,4737.84,-1
2025-11-05,2025-11-05 14:33:00,1599.11,1599.11,1599.11,1599.11,0.0,2.96,4737.84,0
2025-11-05,2025-11-05 14:34:00,1599.11,1599.11,1599.1,1599.1,-0.0,2.96,4737.84,-1
2025-11-05,2025-11-05 14:35:00,1599.1,1599.1,1599.1,1599.1,0.0,2.96,4737.84,0
2025-11-05,2025-11-05 14:36:00,1599.1,1599.1,1599.1,1599.1,0.0,2.96,4737.84,0
2025-11-05,2025-11-05 14:37:00,1599.1,1599.1,1599.09,1599.09,-0.0,2.96,4737.84,-1
2025-11-05,2025-11-05 14:38:00,1599.09,1599.09,1599.09,1599.09,0.0,2.96,4737.84,0
2025-11-05,2025-11-05 14:39:00,1599.09,1599.09,1599.08,1599.08,-0.0,2.96,4737.84,-1
2025-11-05,2025-11-05 14:40:00,1599.08,1599.08,1599.08,1599.08,0.0,2.96,4737.84,0
2025-11-05,2025-11-05 14:41:00,1599.08,1599.08,1599.08,1599.08,0.0,2.96,4737.84,0
2025-11-05,2025-11-05 14:42:00,1599.08,1599.08,1599.07,1599.07,-0.0,2.96,4737.84,-1
2025-11-05,2025-11-05 14:43:00,1599.07,1599.07,1599.07,1599.07,0.0,2.96,4737.84,0
2025-11-05,2025-11-05 14:44:00,1599.07,1599.07,1599.06,1599.06,-0.0,2.96,4737.84,-1
2025-11-05,2025-11-05 14:45:00,1599.06,1599.06,1599.06,1599.06,0.0,2.96,4737.84,0
2025-11-05,2025-11-05 14:46:00,1599.06,1599.06,1599.05,1599.05,-0.0,2.96,4737.84,-1
2025-11-05,2025-11-05 14:47:00,1599.05,1599.05,1599.05,1599.05,0.0,2.96,4737.84,0
2025-11-05,2025-11-05 14:48:00,1599.05,1599.05,1599.05,1599.05,0.0,2.96,4737.84,0
2025-11-05,2025-11-05 14:49:00,1599.05,1599.05,1599.04,1599.04,-0.0,2.96,4737.84,-1
2025-11-05,2025-11-05 14:50:00,1599.04,1599.04,1599.04,1599.04,0.0,2.96,4737.84,0
2025-11-05,2025-11-05 14:51:00,1599.04,1599.04,1599.03,1599.03,-0.0,2.96,4737.84,-1
2025-11-05,2025-11-05 14:52:00,1599.03,1599.03,1599.03,1599.03,0.0,2.96,4737.84,0
2025-11-05,2025-11-05 14:53:00,1599.03,1599.03,1599.03,1599.03,0.0,2.96,4737.84,0
2025-11-05,2025-11-05 14:54:00,1599.03,1599.03,1599.02,1599.02,-0.0,2.96,4737.84,-1
2025-11-05,2025-11-05 14:55:00,1599.02,1599.02,1599.02,1599.02,0.0,2.96,4737.84,0
2025-11-05,2025-11-05 14:56:00,1599.02,1599.02,1599.01,1599.01,-0.0,2.96,4737.84,-1
2025-11-05,2025-11-05 14:57:00,1599.01,1599.01,1599.01,1599.01,0.0,2.96,4737.84,0
2025-11-05,2025-11-05 14:58:00,1599.01,1599.01,1599.0,1599.0,-0.0,2.96,4737.84,-1
2025-11-05,2025-11-05 14:59:00,1599.0,1599.0,1599.0,1599.0,0.0,2.96,4737.84,0
2025-11-05,2025-11-05 15:00:00,1599.0,1615.0,1597.1,1599.0,0.0,2.96,4737.84,0
2025-11-06,2025-11-06 11:00:00,1600.0,1601.2,1590.7,1600.0,0.0,33.28,52920.31,0
2025-11-06,2025-11-06 11:01:00,1600.0,1600.0,1600.0,1600.0,0.0,33.28,52920.31,0
2025-11-06,2025-11-06 11:02:00,1600.0,1600.0,1600.0,1600.0,0.0,33.28,52920.31,0
2025-11-06,2025-11-06 11:03:00,1600.0,1600.0,1600.0,1600.0,0.0,33.28,52920.31,0
2025-11-06,2025-11-06 11:04:00,1600.0,1600.0,1600.0,1600.0,0.0,33.28,52920.31,0
2025-11-06,2025-11-06 11:05:00,1600.0,1600.0,1600.0,1600.0,0.0,33.28,52920.31,0
2025-11-06,2025-11-06 11:06:00,1600.0,1600.0,1600.0,1600.0,0.0,33.28,52920.31,0
2025-11-06,2025-11-06 11:07:00,1600.0,1600.0,1600.0,1600.0,0.0,33.28,52920.31,0
2025-11-06,2025-11-06 11:08:00,1600.0,1600.0,1600.0,1600.0,0.0,33.28,52920.31,0
2025-11-06,2025-11-06 11:09:00,1600.0,1600.0,1600.0,1600.0,0.0,33.28,52920.31,0
2025-11-06,2025-11-06 11:10:00,1600.0,1600.0,1600.0,1600.0,0.0,33.28,52920.31,0
2025-11-06,2025-11-06 11:11:00,1600.0,1600.0,1600.0,1600.0,0.0,33.28,52920.31,0
2025-11-06,2025-11-06 11:12:00,1600.0,1600.0,1600.0,1600.0,0.0,33.28,52920.31,0
2025-11-06,2025-11-06 11:13:00,1600.0,1600.0,1600.0,1600.0,0.0,33.28,52920.31,0
2025-11-06,2025-11-06 11:14:00,1600.0,1600.0,1600.0,1600.0,0.0,33.28,52920.31,0
2025-11-06,2025-11-06 11:15:00,1600.0,1600.0,1600.0,1600.0,0.0,33.28,52920.31,0
2025-11-06,2025-11-06 11:16:00,1600.0,1600.0,1600.0,1600.0,0.0,33.28,52920.31,0
2025-11-06,2025-11-06 11:17:00,1600.0,1600.0,1600.0,1600.0,0.0,33.28,52920.31,0
2025-11-06,2025-11-06 11:18:00,1600.0,1600.0,1600.0,1600.0,0.0,33.28,52920.31,0
2025-11-06,2025-11-06 11:19:00,1600.0,1600.0,1600.0,1600.0,0.0,33.28,52920.31,0
2025-11-06,2025-11-06 11:20:00,1600.0,1600.0,1600.0,1600.0,0.0,33.28,52920.31,0
2025-11-06,2025-11-06 11:21:00,1600.0,1600.0,1600.0,1600.0,0.0,33.28,52920.31,0
2025-11-06,2025-11-06 11:22:00,1600.0,1600.0,1600.0,1600.0,0.0,33.28,52920.31,0
2025-11-06,2025-11-06 11:23:00,1600.0,1600.0,1600.0,1600.0,0.0,33.28,52920.31,0
2025-11-06,2025-11-06 11:24:00,1600.0,1600.0,1600.0,1600.0,0.0,33.28,52920.31,0
2025-11-06,2025-11-06 11:25:00,1600.0,1600.0,1600.0,1600.0,0.0,33.28,52920.31,0
2025-11-06,2025-11-06 11:26:00,1600.0,1600.0,1600.0,1600.0,0.0,33.28,52920.31,0
2025-11-06,2025-11-06 11:27:00,1600.0,1600.0,1600.0,1600.0,0.0,33.28,52920.31,0
2025-11-06,2025-11-06 11:28:00,1600.0,1600.0,1600.0,1600.0,0.0,33.28,52920.31,0
2025-11-06,2025-11-06 11:29:00,1600.0,1600.0,1600.0,1600.0,0.0,33.28,52920.31,0
2025-11-06,2025-11-06 11:30:00,1600.0,1600.0,1600.0,1600.0,0.0,33.28,52920.31,0
2025-11-06,2025-11-06 11:31:00,1600.0,1600.0,1600.0,1600.0,0.0,33.28,52920.31,0
2025-11-06,2025-11-06 11:32:00,1600.0,1600.0,1600.0,1600.0,0.0,33.28,52920.31,0
2025-11-06,2025-11-06 11:33:00,1600.0,1600.0,1600.0,1600.0,0.0,33.28,52920.31,0
2025-11-06,2025-11-06 11:34:00,1600.0,1600.0,1600.0,1600.0,0.0,33.28,52920.31,0
2025-11-06,2025-11-06 11:35:00,1600.0,1600.0,1600.0,1600.0,0.0,33.28,52920.31,0
2025-11-06,2025-11-06 11:36:00,1600.0,1600.0,1600.0,1600.0,0.0,33.28,52920.31,0
2025-11-06,2025-11-06 11:37:00,1600.0,1600.0,1600.0,1600.0,0.0,33.28,52920.31,0
2025-11-06,2025-11-06 11:38:00,1600.0,1600.0,1600.0,1600.0,0.0,33.28,52920.31,0
2025-11-06,2025-11-06 11:39:00,1600.0,1600.0,1600.0,1600.0,0.0,33.28,52920.31,0
2025-11-06,2025-11-06 11:40:00,1600.0,1600.0,1600.0,1600.0,0.0,33.28,52920.31,0
2025-11-06,2025-11-06 11:41:00,1600.0,1600.0,1600.0,1600.0,0.0,33.28,52920.31,0
2025-11-06,2025-11-06 11:42:00,1600.0,1600.0,1600.0,1600.0,0.0,33.28,52920.31,0
2025-11-06,2025-11-06 11:43:00,1600.0,1600.0,1600.0,1600.0,0.0,33.28,52920.31,0
2025-11-06,2025-11-06 11:44:00,1600.0,1600.0,1600.0,1600.0,0.0,33.28,52920.31,0
2025-11-06,2025-11-06 11:45:00,1600.0,1600.0,1600.0,1600.0,0.0,33.28,52920.31,0
2025-11-06,2025-11-06 11:46:00,1600.0,1600.0,1600.0,1600.0,0.0,33.28,52920.31,0
2025-11-06,2025-11-06 11:47:00,1600.0,1600.0,1600.0,1600.0,0.0,33.28,52920.31,0
2025-11-06,2025-11-06 11:48:00,1600.0,1600.0,1600.0,1600.0,0.0,33.28,52920.31,0
2025-11-06,2025-11-06 11:49:00,1600.0,1600.0,1600.0,1600.0,0.0,33.28,52920.31,0
2025-11-06,2025-11-06 11:50:00,1600.0,1600.0,1600.0,1600.0,0.0,33.28,52920.31,0
2025-11-06,2025-11-06 11:51:00,1600.0,1600.0,1600.0,1600.0,0.0,33.28,52920.31,0
2025-11-06,2025-11-06 11:52:00,1600.0,1600.0,1600.0,1600.0,0.0,33.28,52920.31,0
2025-11-06,2025-11-06 11:53:00,1600.0,1600.0,1600.0,1600.0,0.0,33.28,52920.31,0
2025-11-06,2025-11-06 11:54:00,1600.0,1600.0,1600.0,1600.0,0.0,33.28,52920.31,0
2025-11-06,2025-11-06 11:55:00,1600.0,1600.0,1600.0,1600.0,0.0,33.28,52920.31,0
2025-11-06,2025-11-06 11:56:00,1600.0,1600.0,1600.0,1600.0,0.0,33.28,52920.31,0
2025-11-06,2025-11-06 11:57:00,1600.0,1600.0,1600.0,1600.0,0.0,33.28,52920.31,0
2025-11-06,2025-11-06 11:58:00,1600.0,1600.0,1600.0,1600.0,0.0,33.28,52920.31,0
2025-11-06,2025-11-06 11:59:00,1600.0,1600.0,1600.0,1600.0,0.0,33.28,52920.31,0
2025-11-06,2025-11-06 12:00:00,1600.0,1600.0,1600.0,1600.0,0.0,33.28,52920.31,0
2025-11-06,2025-11-06 12:01:00,1600.0,1600.0,1600.0,1600.0,0.0,33.28,52920.31,0
2025-11-06,2025-11-06 12:02:00,1600.0,1600.0,1600.0,1600.0,0.0,33.28,52920.31,0
2025-11-06,2025-11-06 12:03:00,1600.0,1600.0,1600.0,1600.0,0.0,33.28,52920.31,0
2025-11-06,2025-11-06 12:04:00,1600.0,1600.0,1600.0,1600.0,0.0,33.28,52920.31,0
2025-11-06,2025-11-06 12:05:00,1600.0,1600.0,1600.0,1600.0,0.0,33.28,52920.31,0
2025-11-06,2025-11-06 12:06:00,1600.0,1600.0,1600.0,1600.0,0.0,33.28,52920.31,0
2025-11-06,2025-11-06 12:07:00,1600.0,1600.0,1600.0,1600.0,0.0,33.28,52920.31,0
2025-11-06,2025-11-06 12:08:00,1600.0,1600.0,1600.0,1600.0,0.0,33.28,52920.31,0
2025-11-06,2025-11-06 12:09:00,1600.0,1600.0,1600.0,1600.0,0.0,33.28,52920.31,0
2025-11-06,2025-11-06 12:10:00,1600.0,1600.0,1600.0,1600.0,0.0,33.28,52920.31,0
2025-11-06,2025-11-06 12:11:00,1600.0,1600.0,1600.0,1600.0,0.0,33.28,52920.31,0
2025-11-06,2025-11-06 12:12:00,1600.0,1600.0,1600.0,1600.0,0.0,33.28,52920.31,0
2025-11-06,2025-11-06 12:13:00,1600.0,1600.0,1600.0,1600.0,0.0,33.28,52920.31,0
2025-11-06,2025-11-06 12:14:00,1600.0,1600.0,1600.0,1600.0,0.0,33.28,52920.31,0
2025-11-06,2025-11-06 12:15:00,1600.0,1600.0,1600.0,1600.0,0.0,33.28,52920.31,0
2025-11-06,2025-11-06 12:16:00,1600.0,1600.0,1600.0,1600.0,0.0,33.28,52920.31,0
2025-11-06,2025-11-06 12:17:00,1600.0,1600.0,1600.0,1600.0,0.0,33.28,52920.31,0
2025-11-06,2025-11-06 12:18:00,1600.0,1600.0,1600.0,1600.0,0.0,33.28,52920.31,0
2025-11-06,2025-11-06 12:19:00,1600.0,1600.0,1600.0,1600.0,0.0,33.28,52920.31,0
2025-11-06,2025-11-06 12:20:00,1600.0,1600.0,1600.0,1600.0,0.0,33.28,52920.31,0
2025-11-06,2025-11-06 12:21:00,1600.0,1600.0,1600.0,1600.0,0.0,33.28,52920.31,0
2025-11-06,2025-11-06 12:22:00,1600.0,1600.0,1600.0,1600.0,0.0,33.28,52920.31,0
2025-11-06,2025-11-06 12:23:00,1600.0,1600.0,1600.0,1600.0,0.0,33.28,52920.31,0
2025-11-06,2025-11-06 12:24:00,1600.0,1600.0,1600.0,1600.0,0.0,33.28,52920.31,0
2025-11-06,2025-11-06 12:25:00,1600.0,1600.0,1600.0,1600.0,0.0,33.28,52920.31,0
2025-11-06,2025-11-06 12:26:00,1600.0,1600.0,1600.0,1600.0,0.0,33.28,52920.31,0
2025-11-06,2025-11-06 12:27:00,1600.0,1600.0,1600.0,1600.0,0.0,33.28,52920.31,0
2025-11-06,2025-11-06 12:28:00,1600.0,1600.0,1600.0,1600.0,0.0,33.28,52920.31,0
2025-11-06,2025-11-06 12:29:00,1600.0,1600.0,1600.0,1600.0,0.0,33.28,52920.31,0
2025-11-06,2025-11-06 12:30:00,1600.0,1600.0,1600.0,1600.0,0.0,33.28,52920.31,0
2025-11-06,2025-11-06 12:31:00,1600.0,1600.0,1600.0,1600.0,0.0,33.28,52920.31,0
2025-11-06,2025-11-06 12:32:00,1600.0,1600.0,1600.0,1600.0,0.0,33.28,52920.31,0
2025-11-06,2025-11-06 12:33:00,1600.0,1600.0,1600.0,1600.0,0.0,33.28,52920.31,0
2025-11-06,2025-11-06 12:34:00,1600.0,1600.0,1600.0,1600.0,0.0,33.28,52920.31,0
2025-11-06,2025-11-06 12:35:00,1600.0,1600.0,1600.0,1600.0,0.0,33.28,52920.31,0
2025-11-06,2025-11-06 12:36:00,1600.0,1600.0,1600.0,1600.0,0.0,33.28,52920.31,0
2025-11-06,2025-11-06 12:37:00,1600.0,1600.0,1600.0,1600.0,0.0,33.28,52920.31,0
2025-11-06,2025-11-06 12:38:00,1600.0,1600.0,1600.0,1600.0,0.0,33.28,52920.31,0
2025-11-06,2025-11-06 12:39:00,1600.0,1600.0,1600.0,1600.0,0.0,33.28,52920.31,0
2025-11-06,2025-11-06 12:40:00,1600.0,1600.0,1600.0,1600.0,0.0,33.28,52920.31,0
2025-11-06,2025-11-06 12:41:00,1600.0,1600.0,1600.0,1600.0,0.0,33.28,52920.31,0
2025-11-06,2025-11-06 12:42:00,1600.0,1600.0,1600.0,1600.0,0.0,33.28,52920.31,0
2025-11-06,2025-11-06 12:43:00,1600.0,1600.0,1600.0,1600.0,0.0,33.28,52920.31,0
2025-11-06,2025-11-06 12:44:00,1600.0,1600.0,1600.0,1600.0,0.0,33.28,52920.31,0
2025-11-06,2025-11-06 12:45:00,1600.0,1600.0,1600.0,1600.0,0.0,33.28,52920.31,0
2025-11-06,2025-11-06 12:46:00,1600.0,1600.0,1600.0,1600.0,0.0,33.28,52920.31,0
2025-11-06,2025-11-06 12:47:00,1600.0,1600.0,1600.0,1600.0,0.0,33.28,52920.31,0
2025-11-06,2025-11-06 12:48:00,1600.0,1600.0,1600.0,1600.0,0.0,33.28,52920.31,0
2025-11-06,2025-11-06 12:49:00,1600.0,1600.0,1600.0,1600.0,0.0,33.28,52920.31,0
2025-11-06,2025-11-06 12:50:00,1600.0,1600.0,1600.0,1600.0,0.0,33.28,52920.31,0
2025-11-06,2025-11-06 12:51:00,1600.0,1600.0,1600.0,1600.0,0.0,33.28,52920.31,0
2025-11-06,2025-11-06 12:52:00,1600.0,1600.0,1600.0,1600.0,0.0,33.28,52920.31,0
2025-11-06,2025-11-06 12:53:00,1600.0,1600.0,1600.0,1600.0,0.0,33.28,52920.31,0
2025-11-06,2025-11-06 12:54:00,1600.0,1600.0,1600.0,1600.0,0.0,33.28,52920.31,0
2025-11-06,2025-11-06 12:55:00,1600.0,1600.0,1600.0,1600.0,0.0,33.28,52920.31,0
2025-11-06,2025-11-06 12:56:00,1600.0,1600.0,1600.0,1600.0,0.0,33.28,52920.31,0
2025-11-06,2025-11-06 12:57:00,1600.0,1600.0,1600.0,1600.0,0.0,33.28,52920.31,0
2025-11-06,2025-11-06 12:58:00,1600.0,1600.0,1600.0,1600.0,0.0,33.28,52920.31,0
2025-11-06,2025-11-06 12:59:00,1600.0,1600.0,1600.0,1600.0,0.0,33.28,52920.31,0
2025-11-06,2025-11-06 13:00:00,1600.0,1604.0,1569.0,1600.0,0.0,33.28,52920.31,0
2025-11-06,2025-11-06 13:01:00,1600.0,1600.0,1600.0,1600.0,0.0,33.28,52920.31,0
2025-11-06,2025-11-06 13:02:00,1600.0,1600.0,1600.0,1600.0,0.0,33.28,52920.31,0
2025-11-06,2025-11-06 13:03:00,1600.0,1600.0,1600.0,1600.0,0.0,33.28,52920.31,0
2025-11-06,2025-11-06 13:04:00,1600.0,1600.0,1600.0,1600.0,0.0,33.28,52920.31,0
2025-11-06,2025-11-06 13:05:00,1600.0,1600.0,1600.0,1600.0,0.0,33.28,52920.31,0
2025-11-06,2025-11-06 13:06:00,1600.0,1600.0,1600.0,1600.0,0.0,33.28,52920.31,0
2025-11-06,2025-11-06 13:07:00,1600.0,1600.0,1600.0,1600.0,0.0,33.28,52920.31,0
2025-11-06,2025-11-06 13:08:00,1600.0,1600.0,1600.0,1600.0,0.0,33.28,52920.31,0
2025-11-06,2025-11-06 13:09:00,1600.0,1600.0,1600.0,1600.0,0.0,33.28,52920.31,0
2025-11-06,2025-11-06 13:10:00,1600.0,1600.0,1600.0,1600.0,0.0,33.28,52920.31,0
2025-11-06,2025-11-06 13:11:00,1600.0,1600.0,1600.0,1600.0,0.0,33.28,52920.31,0
2025-11-06,2025-11-06 13:12:00,1600.0,1600.0,1600.0,1600.0,0.0,33.28,52920.31,0
2025-11-06,2025-11-06 13:13:00,1600.0,1600.0,1600.0,1600.0,0.0,33.28,52920.31,0
2025-11-06,2025-11-06 13:14:00,1600.0,1600.0,1600.0,1600.0,0.0,33.28,52920.31,0
2025-11-06,2025-11-06 13:15:00,1600.0,1600.0,1600.0,1600.0,0.0,33.28,52920.31,0
2025-11-06,2025-11-06 13:16:00,1600.0,1600.0,1600.0,1600.0,0.0,33.28,52920.31,0
2025-11-06,2025-11-06 13:17:00,1600.0,1600.0,1600.0,1600.0,0.0,33.28,52920.31,0
2025-11-06,2025-11-06 13:18:00,1600.0,1600.0,1600.0,1600.0,0.0,33.28,52920.31,0
2025-11-06,2025-11-06 13:19:00,1600.0,1600.0,1600.0,1600.0,0.0,33.28,52920.31,0
2025-11-06,2025-11-06 13:20:00,1600.0,1600.0,1600.0,1600.0,0.0,33.28,52920.31,0
2025-11-06,2025-11-06 13:21:00,1600.0,1600.0,1600.0,1600.0,0.0,33.28,52920.31,0
2025-11-06,2025-11-06 13:22:00,1600.0,1600.0,1600.0,1600.0,0.0,33.28,52920.31,0
2025-11-06,2025-11-06 13:23:00,1600.0,1600.0,1600.0,1600.0,0.0,33.28,52920.31,0
2025-11-06,2025-11-06 13:24:00,1600.0,1600.0,1600.0,1600.0,0.0,33.28,52920.31,0
2025-11-06,2025-11-06 13:25:00,1600.0,1600.0,1600.0,1600.0,0.0,33.28,52920.31,0
2025-11-06,2025-11-06 13:26:00,1600.0,1600.0,1600.0,1600.0,0.0,33.28,52920.31,0
2025-11-06,2025-11-06 13:27:00,1600.0,1600.0,1600.0,1600.0,0.0,33.28,52920.31,0
2025-11-06,2025-11-06 13:28:00,1600.0,1600.0,1600.0,1600.0,0.0,33.28,52920.31,0
2025-11-06,2025-11-06 13:29:00,1600.0,1600.0,1600.0,1600.0,0.0,33.28,52920.31,0
2025-11-06,2025-11-06 13:30:00,1600.0,1600.0,1600.0,1600.0,0.0,33.28,52920.31,0
2025-11-06,2025-11-06 13:31:00,1600.0,1600.0,1600.0,1600.0,0.0,33.28,52920.31,0
2025-11-06,2025-11-06 13:32:00,1600.0,1600.0,1600.0,1600.0,0.0,33.28,52920.31,0
2025-11-06,2025-11-06 13:33:00,1600.0,1600.0,1600.0,1600.0,0.0,33.28,52920.31,0
2025-11-06,2025-11-06 13:34:00,1600.0,1600.0,1600.0,1600.0,0.0,33.28,52920.31,0
2025-11-06,2025-11-06 13:35:00,1600.0,1600.0,1600.0,1600.0,0.0,33.28,52920.31,0
2025-11-06,2025-11-06 13:36:00,1600.0,1600.0,1600.0,1600.0,0.0,33.28,52920.31,0
2025-11-06,2025-11-06 13:37:00,1600.0,1600.0,1600.0,1600.0,0.0,33.28,52920.31,0
2025-11-06,2025-11-06 13:38:00,1600.0,1600.0,1600.0,1600.0,0.0,33.28,52920.31,0
2025-11-06,2025-11-06 13:39:00,1600.0,1600.0,1600.0,1600.0,0.0,33.28,52920.31,0
2025-11-06,2025-11-06 13:40:00,1600.0,1600.0,1600.0,1600.0,0.0,33.28,52920.31,0
2025-11-06,2025-11-06 13:41:00,1600.0,1600.0,1600.0,1600.0,0.0,33.28,52920.31,0
2025-11-06,2025-11-06 13:42:00,1600.0,1600.0,1600.0,1600.0,0.0,33.28,52920.31,0
2025-11-06,2025-11-06 13:43:00,1600.0,1600.0,1600.0,1600.0,0.0,33.28,52920.31,0
2025-11-06,2025-11-06 13:44:00,1600.0,1600.0,1600.0,1600.0,0.0,33.28,52920.31,0
2025-11-06,2025-11-06 13:45:00,1600.0,1600.0,1600.0,1600.0,0.0,33.28,52920.31,0
2025-11-06,2025-11-06 13:46:00,1600.0,1600.0,1600.0,1600.0,0.0,33.28,52920.31,0
2025-11-06,2025-11-06 13:47:00,1600.0,1600.0,1600.0,1600.0,0.0,33.28,52920.31,0
2025-11-06,2025-11-06 13:48:00,1600.0,1600.0,1600.0,1600.0,0.0,33.28,52920.31,0
2025-11-06,2025-11-06 13:49:00,1600.0,1600.0,1600.0,1600.0,0.0,33.28,52920.31,0
2025-11-06,2025-11-06 13:50:00,1600.0,1600.0,1600.0,1600.0,0.0,33.28,52920.31,0
2025-11-06,2025-11-06 13:51:00,1600.0,1600.0,1600.0,1600.0,0.0,33.28,52920.31,0
2025-11-06,2025-11-06 13:52:00,1600.0,1600.0,1600.0,1600.0,0.0,33.28,52920.31,0
2025-11-06,2025-11-06 13:53:00,1600.0,1600.0,1600.0,1600.0,0.0,33.28,52920.31,0
2025-11-06,2025-11-06 13:54:00,1600.0,1600.0,1600.0,1600.0,0.0,33.28,52920.31,0
2025-11-06,2025-11-06 13:55:00,1600.0,1600.0,1600.0,1600.0,0.0,33.28,52920.31,0
2025-11-06,2025-11-06 13:56:00,1600.0,1600.0,1600.0,1600.0,0.0,33.28,52920.31,0
2025-11-06,2025-11-06 13:57:00,1600.0,1600.0,1600.0,1600.0,0.0,33.28,52920.31,0
2025-11-06,2025-11-06 13:58:00,1600.0,1600.0,1600.0,1600.0,0.0,33.28,52920.31,0
2025-11-06,2025-11-06 13:59:00,1600.0,1600.0,1600.0,1600.0,0.0,33.28,52920.31,0
2025-11-06,2025-11-06 14:00:00,1600.0,1600.0,1600.0,1600.0,0.0,33.28,52920.31,0
2025-11-06,2025-11-06 14:01:00,1600.0,1600.0,1600.0,1600.0,0.0,33.28,52920.31,0
2025-11-06,2025-11-06 14:02:00,1600.0,1600.0,1600.0,1600.0,0.0,33.28,52920.31,0
2025-11-06,2025-11-06 14:03:00,1600.0,1600.0,1600.0,1600.0,0.0,33.28,52920.31,0
2025-11-06,2025-11-06 14:04:00,1600.0,1600.0,1600.0,1600.0,0.0,33.28,52920.31,0
2025-11-06,2025-11-06 14:05:00,1600.0,1600.0,1600.0,1600.0,0.0,33.28,52920.31,0
2025-11-06,2025-11-06 14:06:00,1600.0,1600.0,1600.0,1600.0,0.0,33.28,52920.31,0
2025-11-06,2025-11-06 14:07:00,1600.0,1600.0,1600.0,1600.0,0.0,33.28,52920.31,0
2025-11-06,2025-11-06 14:08:00,1600.0,1600.0,1600.0,1600.0,0.0,33.28,52920.31,0
2025-11-06,2025-11-06 14:09:00,1600.0,1600.0,1600.0,1600.0,0.0,33.28,52920.31,0
2025-11-06,2025-11-06 14:10:00,1600.0,1600.0,1600.0,1600.0,0.0,33.28,52920.31,0
2025-11-06,2025-11-06 14:11:00,1600.0,1600.0,1600.0,1600.0,0.0,33.28,52920.31,0
2025-11-06,2025-11-06 14:12:00,1600.0,1600.0,1600.0,1600.0,0.0,33.28,52920.31,0
2025-11-06,2025-11-06 14:13:00,1600.0,1600.0,1600.0,1600.0,0.0,33.28,52920.31,0
2025-11-06,2025-11-06 14:14:00,1600.0,1600.0,1600.0,1600.0,0.0,33.28,52920.31,0
2025-11-06,2025-11-06 14:15:00,1600.0,1600.0,1600.0,1600.0,0.0,33.28,52920.31,0
2025-11-06,2025-11-06 14:16:00,1600.0,1600.0,1600.0,1600.0,0.0,33.28,52920.31,0
2025-11-06,2025-11-06 14:17:00,1600.0,1600.0,1600.0,1600.0,0.0,33.28,52920.31,0
2025-11-06,2025-11-06 14:18:00,1600.0,1600.0,1600.0,1600.0,0.0,33.28,52920.31,0
2025-11-06,2025-11-06 14:19:00,1600.0,1600.0,1600.0,1600.0,0.0,33.28,52920.31,0
2025-11-06,2025-11-06 14:20:00,1600.0,1600.0,1600.0,1600.0,0.0,33.28,52920.31,0
2025-11-06,2025-11-06 14:21:00,1600.0,1600.0,1600.0,1600.0,0.0,33.28,52920.31,0
2025-11-06,2025-11-06 14:22:00,1600.0,1600.0,1600.0,1600.0,0.0,33.28,52920.31,0
2025-11-06,2025-11-06 14:23:00,1600.0,1600.0,1600.0,1600.0,0.0,33.28,52920.31,0
2025-11-06,2025-11-06 14:24:00,1600.0,1600.0,1600.0,1600.0,0.0,33.28,52920.31,0
2025-11-06,2025-11-06 14:25:00,1600.0,1600.0,1600.0,1600.0,0.0,33.28,52920.31,0
2025-11-06,2025-11-06 14:26:00,1600.0,1600.0,1600.0,1600.0,0.0,33.28,52920.31,0
2025-11-06,2025-11-06 14:27:00,1600.0,1600.0,1600.0,1600.0,0.0,33.28,52920.31,0
2025-11-06,2025-11-06 14:28:00,1600.0,1600.0,1600.0,1600.0,0.0,33.28,52920.31,0
2025-11-06,2025-11-06 14:29:00,1600.0,1600.0,1600.0,1600.0,0.0,33.28,52920.31,0
2025-11-06,2025-11-06 14:30:00,1600.0,1600.0,1600.0,1600.0,0.0,33.28,52920.31,0
2025-11-06,2025-11-06 14:31:00,1600.0,1600.0,1600.0,1600.0,0.0,33.28,52920.31,0
2025-11-06,2025-11-06 14:32:00,1600.0,1600.0,1600.0,1600.0,0.0,33.28,52920.31,0
2025-11-06,2025-11-06 14:33:00,1600.0,1600.0,1600.0,1600.0,0.0,33.28,52920.31,0
2025-11-06,2025-11-06 14:34:00,1600.0,1600.0,1600.0,1600.0,0.0,33.28,52920.31,0
2025-11-06,2025-11-06 14:35:00,1600.0,1600.0,1600.0,1600.0,0.0,33.28,52920.31,0
2025-11-06,2025-11-06 14:36:00,1600.0,1600.0,1600.0,1600.0,0.0,33.28,52920.31,0
2025-11-06,2025-11-06 14:37:00,1600.0,1600.0,1600.0,1600.0,0.0,33.28,52920.31,0
2025-11-06,2025-11-06 14:38:00,1600.0,1600.0,1600.0,1600.0,0.0,33.28,52920.31,0
2025-11-06,2025-11-06 14:39:00,1600.0,1600.0,1600.0,1600.0,0.0,33.28,52920.31,0
2025-11-06,2025-11-06 14:40:00,1600.0,1600.0,1600.0,1600.0,0.0,33.28,52920.31,0
2025-11-06,2025-11-06 14:41:00,1600.0,1600.0,1600.0,1600.0,0.0,33.28,52920.31,0
2025-11-06,2025-11-06 14:42:00,1600.0,1600.0,1600.0,1600.0,0.0,33.28,52920.31,0
2025-11-06,2025-11-06 14:43:00,1600.0,1600.0,1600.0,1600.0,0.0,33.28,52920.31,0
2025-11-06,2025-11-06 14:44:00,1600.0,1600.0,1600.0,1600.0,0.0,33.28,52920.31,0
2025-11-06,2025-11-06 14:45:00,1600.0,1600.0,1600.0,1600.0,0.0,33.28,52920.31,0
2025-11-06,2025-11-06 14:46:00,1600.0,1600.0,1600.0,1600.0,0.0,33.28,52920.31,0
2025-11-06,2025-11-06 14:47:00,1600.0,1600.0,1600.0,1600.0,0.0,33.28,52920.31,0
2025-11-06,2025-11-06 14:48:00,1600.0,1600.0,1600.0,1600.0,0.0,33.28,52920.31,0
2025-11-06,2025-11-06 14:49:00,1600.0,1600.0,1600.0,1600.0,0.0,33.28,52920.31,0
2025-11-06,2025-11-06 14:50:00,1600.0,1600.0,1600.0,1600.0,0.0,33.28,52920.31,0
2025-11-06,2025-11-06 14:51:00,1600.0,1600.0,1600.0,1600.0,0.0,33.28,52920.31,0
2025-11-06,2025-11-06 14:52:00,1600.0,1600.0,1600.0,1600.0,0.0,33.28,52920.31,0
2025-11-06,2025-11-06 14:53:00,1600.0,1600.0,1600.0,1600.0,0.0,33.28,52920.31,0
2025-11-06,2025-11-06 14:54:00,1600.0,1600.0,1600.0,1600.0,0.0,33.28,52920.31,0
2025-11-06,2025-11-06 14:55:00,1600.0,1600.0,1600.0,1600.0,0.0,33.28,52920.31,0
2025-11-06,2025-11-06 14:56:00,1600.0,1600.0,1600.0,1600.0,0.0,33.28,52920.31,0
2025-11-06,2025-11-06 14:57:00,1600.0,1600.0,1600.0,1600.0,0.0,33.28,52920.31,0
2025-11-06,2025-11-06 14:58:00,1600.0,1600.0,1600.0,1600.0,0.0,33.28,52920.31,0
2025-11-06,2025-11-06 14:59:00,1600.0,1600.0,1600.0,1600.0,0.0,33.28,52920.31,0
2025-11-06,2025-11-06 15:00:00,1600.0,1604.0,1569.0,1600.0,0.0,33.28,52920.31,0
2025-11-09,2025-11-09 11:00:00,1600.0,1600.0,1584.7,1599.92,-0.0,13.62,21435.82,-1
2025-11-09,2025-11-09 11:01:00,1599.92,1599.92,1599.83,1599.83,-0.01,13.62,21435.82,-1
2025-11-09,2025-11-09 11:02:00,1599.83,1599.83,1599.75,1599.75,-0.01,13.62,21435.82,-1
2025-11-09,2025-11-09 11:03:00,1599.75,1599.75,1599.66,1599.66,-0.01,13.62,21435.82,-1
2025-11-09,2025-11-09 11:04:00,1599.66,1599.66,1599.58,1599.58,-0.01,13.62,21435.82,-1
2025-11-09,2025-11-09 11:05:00,1599.58,1599.58,1599.5,1599.5,-0.01,13.62,21435.82,-1
2025-11-09,2025-11-09 11:06:00,1599.5,1599.5,1599.41,1599.41,-0.01,13.62,21435.82,-1
2025-11-09,2025-11-09 11:07:00,1599.41,1599.41,1599.33,1599.33,-0.01,13.62,21435.82,-1
2025-11-09,2025-11-09 11:08:00,1599.33,1599.33,1599.25,1599.25,-0.01,13.62,21435.82,-1
2025-11-09,2025-11-09 11:09:00,1599.25,1599.25,1599.16,1599.16,-0.01,13.62,21435.82,-1
2025-11-09,2025-11-09 11:10:00,1599.16,1599.16,1599.08,1599.08,-0.01,13.62,21435.82,-1
2025-11-09,2025-11-09 11:11:00,1599.08,1599.08,1598.99,1598.99,-0.01,13.62,21435.82,-1
2025-11-09,2025-11-09 11:12:00,1598.99,1598.99,1598.91,1598.91,-0.01,13.62,21435.82,-1
2025-11-09,2025-11-09 11:13:00,1598.91,1598.91,1598.83,1598.83,-0.01,13.62,21435.82,-1
2025-11-09,2025-11-09 11:14:00,1598.83,1598.83,1598.74,1598.74,-0.01,13.62,21435.82,-1
2025-11-09,2025-11-09 11:15:00,1598.74,1598.74,1598.66,1598.66,-0.01,13.62,21435.82,-1
2025-11-09,2025-11-09 11:16:00,1598.66,1598.66,1598.58,1598.58,-0.01,13.62,21435.82,-1
2025-11-09,2025-11-09 11:17:00,1598.58,1598.58,1598.49,1598.49,-0.01,13.62,21435.82,-1
2025-11-09,2025-11-09 11:18:00,1598.49,1598.49,1598.41,1598.41,-0.01,13.62,21435.82,-1
2025-11-09,2025-11-09 11:19:00,1598.41,1598.41,1598.33,1598.33,-0.01,13.62,21435.82,-1
2025-11-09,2025-11-09 11:20:00,1598.33,1598.33,1598.24,1598.24,-0.01,13.62,21435.82,-1
2025-11-09,2025-11-09 11:21:00,1598.24,1598.24,1598.16,1598.16,-0.01,13.62,21435.82,-1
2025-11-09,2025-11-09 11:22:00,1598.16,1598.16,1598.07,1598.07,-0.01,13.62,21435.82,-1
2025-11-09,2025-11-09 11:23:00,1598.07,1598.07,1597.99,1597.99,-0.01,13.62,21435.82,-1
2025-11-09,2025-11-09 11:24:00,1597.99,1597.99,1597.91,1597.91,-0.01,13.62,21435.82,-1
2025-11-09,2025-11-09 11:25:00,1597.91,1597.91,1597.82,1597.82,-0.01,13.62,21435.82,-1
2025-11-09,2025-11-09 11:26:00,1597.82,1597.82,1597.74,1597.74,-0.01,13.62,21435.82,-1
2025-11-09,2025-11-09 11:27:00,1597.74,1597.74,1597.65,1597.65,-0.01,13.62,21435.82,-1
2025-11-09,2025-11-09 11:28:00,1597.65,1597.65,1597.57,1597.57,-0.01,13.62,21435.82,-1
2025-11-09,2025-11-09 11:29:00,1597.57,1597.57,1597.49,1597.49,-0.01,13.62,21435.82,-1
2025-11-09,2025-11-09 11:30:00,1597.49,1597.49,1597.4,1597.4,-0.01,13.62,21435.82,-1
2025-11-09,2025-11-09 11:31:00,1597.4,1597.4,1597.32,1597.32,-0.01,13.62,21435.82,-1
2025-11-09,2025-11-09 11:32:00,1597.32,1597.32,1597.24,1597.24,-0.01,13.62,21435.82,-1
2025-11-09,2025-11-09 11:33:00,1597.24,1597.24,1597.15,1597.15,-0.01,13.62,21435.82,-1
2025-11-09,2025-11-09 11:34:00,1597.15,1597.15,1597.07,1597.07,-0.01,13.62,21435.82,-1
2025-11-09,2025-11-09 11:35:00,1597.07,1597.07,1596.99,1596.99,-0.01,13.62,21435.82,-1
2025-11-09,2025-11-09 11:36:00,1596.99,1596.99,1596.9,1596.9,-0.01,13.62,21435.82,-1
2025-11-09,2025-11-09 11:37:00,1596.9,1596.9,1596.82,1596.82,-0.01,13.62,21435.82,-1
2025-11-09,2025-11-09 11:38:00,1596.82,1596.82,1596.73,1596.73,-0.01,13.62,21435.82,-1
2025-11-09,2025-11-09 11:39:00,1596.73,1596.73,1596.65,1596.65,-0.01,13.62,21435.82,-1
2025-11-09,2025-11-09 11:40:00,1596.65,1596.65,1596.57,1596.57,-0.01,13.62,21435.82,-1
2025-11-09,2025-11-09 11:41:00,1596.57,1596.57,1596.48,1596.48,-0.01,13.62,21435.82,-1
2025-11-09,2025-11-09 11:42:00,1596.48,1596.48,1596.4,1596.4,-0.01,13.62,21435.82,-1
2025-11-09,2025-11-09 11:43:00,1596.4,1596.4,1596.32,1596.32,-0.01,13.62,21435.82,-1
2025-11-09,2025-11-09 11:44:00,1596.32,1596.32,1596.23,1596.23,-0.01,13.62,21435.82,-1
2025-11-09,2025-11-09 11:45:00,1596.23,1596.23,1596.15,1596.15,-0.01,13.62,21435.82,-1
2025-11-09,2025-11-09 11:46:00,1596.15,1596.15,1596.06,1596.06,-0.01,13.62,21435.82,-1
2025-11-09,2025-11-09 11:47:00,1596.06,1596.06,1595.98,1595.98,-0.01,13.62,21435.82,-1
2025-11-09,2025-11-09 11:48:00,1595.98,1595.98,1595.9,1595.9,-0.01,13.62,21435.82,-1
2025-11-09,2025-11-09 11:49:00,1595.9,1595.9,1595.81,1595.81,-0.01,13.62,21435.82,-1
2025-11-09,2025-11-09 11:50:00,1595.81,1595.81,1595.73,1595.73,-0.01,13.62,21435.82,-1
2025-11-09,2025-11-09 11:51:00,1595.73,1595.73,1595.64,1595.64,-0.01,13.62,21435.82,-1
2025-11-09,2025-11-09 11:52:00,1595.64,1595.64,1595.56,1595.56,-0.01,13.62,21435.82,-1
2025-11-09,2025-11-09 11:53:00,1595.56,1595.56,1595.48,1595.48,-0.01,13.62,21435.82,-1
2025-11-09,2025-11-09 11:54:00,1595.48,1595.48,1595.39,1595.39,-0.01,13.62,21435.82,-1
2025-11-09,2025-11-09 11:55:00,1595.39,1595.39,1595.31,1595.31,-0.01,13.62,21435.82,-1
2025-11-09,2025-11-09 11:56:00,1595.31,1595.31,1595.23,1595.23,-0.01,13.62,21435.82,-1
2025-11-09,2025-11-09 11:57:00,1595.23,1595.23,1595.14,1595.14,-0.01,13.62,21435.82,-1
2025-11-09,2025-11-09 11:58:00,1595.14,1595.14,1595.06,1595.06,-0.01,13.62,21435.82,-1
2025-11-09,2025-11-09 11:59:00,1595.06,1595.06,1594.97,1594.97,-0.01,13.62,21435.82,-1
2025-11-09,2025-11-09 12:00:00,1594.97,1594.97,1594.89,1594.89,-0.01,13.62,21435.82,-1
2025-11-09,2025-11-09 12:01:00,1594.89,1594.89,1594.81,1594.81,-0.01,13.62,21435.82,-1
2025-11-09,2025-11-09 12:02:00,1594.81,1594.81,1594.72,1594.72,-0.01,13.62,21435.82,-1
2025-11-09,2025-11-09 12:03:00,1594.72,1594.72,1594.64,1594.64,-0.01,13.62,21435.82,-1
2025-11-09,2025-11-09 12:04:00,1594.64,1594.64,1594.56,1594.56,-0.01,13.62,21435.82,-1
2025-11-09,2025-11-09 12:05:00,1594.56,1594.56,1594.47,1594.47,-0.01,13.62,21435.82,-1
2025-11-09,2025-11-09 12:06:00,1594.47,1594.47,1594.39,1594.39,-0.01,13.62,21435.82,-1
2025-11-09,2025-11-09 12:07:00,1594.39,1594.39,1594.31,1594.31,-0.01,13.62,21435.82,-1
2025-11-09,2025-11-09 12:08:00,1594.31,1594.31,1594.22,1594.22,-0.01,13.62,21435.82,-1
2025-11-09,2025-11-09 12:09:00,1594.22,1594.22,1594.14,1594.14,-0.01,13.62,21435.82,-1
2025-11-09,2025-11-09 12:10:00,1594.14,1594.14,1594.05,1594.05,-0.01,13.62,21435.82,-1
2025-11-09,2025-11-09 12:11:00,1594.05,1594.05,1593.97,1593.97,-0.01,13.62,21435.82,-1
2025-11-09,2025-11-09 12:12:00,1593.97,1593.97,1593.89,1593.89,-0.01,13.62,21435.82,-1
2025-11-09,2025-11-09 12:13:00,1593.89,1593.89,1593.8,1593.8,-0.01,13.62,21435.82,-1
2025-11-09,2025-11-09 12:14:00,1593.8,1593.8,1593.72,1593.72,-0.01,13.62,21435.82,-1
2025-11-09,2025-11-09 12:15:00,1593.72,1593.72,1593.63,1593.63,-0.01,13.62,21435.82,-1
2025-11-09,2025-11-09 12:16:00,1593.63,1593.63,1593.55,1593.55,-0.01,13.62,21435.82,-1
2025-11-09,2025-11-09 12:17:00,1593.55,1593.55,1593.47,1593.47,-0.01,13.62,21435.82,-1
2025-11-09,2025-11-09 12:18:00,1593.47,1593.47,1593.38,1593.38,-0.01,13.62,21435.82,-1
2025-11-09,2025-11-09 12:19:00,1593.38,1593.38,1593.3,1593.3,-0.01,13.62,21435.82,-1
2025-11-09,2025-11-09 12:20:00,1593.3,1593.3,1593.22,1593.22,-0.01,13.62,21435.82,-1
2025-11-09,2025-11-09 12:21:00,1593.22,1593.22,1593.13,1593.13,-0.01,13.62,21435.82,-1
2025-11-09,2025-11-09 12:22:00,1593.13,1593.13,1593.05,1593.05,-0.01,13.62,21435.82,-1
2025-11-09,2025-11-09 12:23:00,1593.05,1593.05,1592.97,1592.97,-0.01,13.62,21435.82,-1
2025-11-09,2025-11-09 12:24:00,1592.97,1592.97,1592.88,1592.88,-0.01,13.62,21435.82,-1
2025-11-09,2025-11-09 12:25:00,1592.88,1592.88,1592.8,1592.8,-0.01,13.62,21435.82,-1
2025-11-09,2025-11-09 12:26:00,1592.8,1592.8,1592.71,1592.71,-0.01,13.62,21435.82,-1
2025-11-09,2025-11-09 12:27:00,1592.71,1592.71,1592.63,1592.63,-0.01,13.62,21435.82,-1
2025-11-09,2025-11-09 12:28:00,1592.63,1592.63,1592.55,1592.55,-0.01,13.62,21435.82,-1
2025-11-09,2025-11-09 12:29:00,1592.55,1592.55,1592.46,1592.46,-0.01,13.62,21435.82,-1
2025-11-09,2025-11-09 12:30:00,1592.46,1592.46,1592.38,1592.38,-0.01,13.62,21435.82,-1
2025-11-09,2025-11-09 12:31:00,1592.38,1592.38,1592.3,1592.3,-0.01,13.62,21435.82,-1
2025-11-09,2025-11-09 12:32:00,1592.3,1592.3,1592.21,1592.21,-0.01,13.62,21435.82,-1
2025-11-09,2025-11-09 12:33:00,1592.21,1592.21,1592.13,1592.13,-0.01,13.62,21435.82,-1
2025-11-09,2025-11-09 12:34:00,1592.13,1592.13,1592.04,1592.04,-0.01,13.62,21435.82,-1
2025-11-09,2025-11-09 12:35:00,1592.04,1592.04,1591.96,1591.96,-0.01,13.62,21435.82,-1
2025-11-09,2025-11-09 12:36:00,1591.96,1591.96,1591.88,1591.88,-0.01,13.62,21435.82,-1
2025-11-09,2025-11-09 12:37:00,1591.88,1591.88,1591.79,1591.79,-0.01,13.62,21435.82,-1
2025-11-09,2025-11-09 12:38:00,1591.79,1591.79,1591.71,1591.71,-0.01,13.62,21435.82,-1
2025-11-09,2025-11-09 12:39:00,1591.71,1591.71,1591.62,1591.62,-0.01,13.62,21435.82,-1
2025-11-09,2025-11-09 12:40:00,1591.62,1591.62,1591.54,1591.54,-0.01,13.62,21435.82,-1
2025-11-09,2025-11-09 12:41:00,1591.54,1591.54,1591.46,1591.46,-0.01,13.62,21435.82,-1
2025-11-09,2025-11-09 12:42:00,1591.46,1591.46,1591.37,1591.37,-0.01,13.62,21435.82,-1
2025-11-09,2025-11-09 12:43:00,1591.37,1591.37,1591.29,1591.29,-0.01,13.62,21435.82,-1
2025-11-09,2025-11-09 12:44:00,1591.29,1591.29,1591.21,1591.21,-0.01,13.62,21435.82,-1
2025-11-09,2025-11-09 12:45:00,1591.21,1591.21,1591.12,1591.12,-0.01,13.62,21435.82,-1
2025-11-09,2025-11-09 12:46:00,1591.12,1591.12,1591.04,1591.04,-0.01,13.62,21435.82,-1
2025-11-09,2025-11-09 12:47:00,1591.04,1591.04,1590.95,1590.95,-0.01,13.62,21435.82,-1
2025-11-09,2025-11-09 12:48:00,1590.95,1590.95,1590.87,1590.87,-0.01,13.62,21435.82,-1
2025-11-09,2025-11-09 12:49:00,1590.87,1590.87,1590.79,1590.79,-0.01,13.62,21435.82,-1
2025-11-09,2025-11-09 12:50:00,1590.79,1590.79,1590.7,1590.7,-0.01,13.62,21435.82,-1
2025-11-09,2025-11-09 12:51:00,1590.7,1590.7,1590.62,1590.62,-0.01,13.62,21435.82,-1
2025-11-09,2025-11-09 12:52:00,1590.62,1590.62,1590.54,1590.54,-0.01,13.62,21435.82,-1
2025-11-09,2025-11-09 12:53:00,1590.54,1590.54,1590.45,1590.45,-0.01,13.62,21435.82,-1
2025-11-09,2025-11-09 12:54:00,1590.45,1590.45,1590.37,1590.37,-0.01,13.62,21435.82,-1
2025-11-09,2025-11-09 12:55:00,1590.37,1590.37,1590.29,1590.29,-0.01,13.62,21435.82,-1
2025-11-09,2025-11-09 12:56:00,1590.29,1590.29,1590.2,1590.2,-0.01,13.62,21435.82,-1
2025-11-09,2025-11-09 12:57:00,1590.2,1590.2,1590.12,1590.12,-0.01,13.62,21435.82,-1
2025-11-09,2025-11-09 12:58:00,1590.12,1590.12,1590.03,1590.03,-0.01,13.62,21435.82,-1
2025-11-09,2025-11-09 12:59:00,1590.03,1590.03,1589.95,1589.95,-0.01,13.62,21435.82,-1
2025-11-09,2025-11-09 13:00:00,1589.95,1600.0,1549.0,1589.87,-0.01,13.62,21435.82,-1
2025-11-09,2025-11-09 13:01:00,1589.87,1589.87,1589.78,1589.78,-0.01,13.62,21435.82,-1
2025-11-09,2025-11-09 13:02:00,1589.78,1589.78,1589.7,1589.7,-0.01,13.62,21435.82,-1
2025-11-09,2025-11-09 13:03:00,1589.7,1589.7,1589.62,1589.62,-0.01,13.62,21435.82,-1
2025-11-09,2025-11-09 13:04:00,1589.62,1589.62,1589.53,1589.53,-0.01,13.62,21435.82,-1
2025-11-09,2025-11-09 13:05:00,1589.53,1589.53,1589.45,1589.45,-0.01,13.62,21435.82,-1
2025-11-09,2025-11-09 13:06:00,1589.45,1589.45,1589.36,1589.36,-0.01,13.62,21435.82,-1
2025-11-09,2025-11-09 13:07:00,1589.36,1589.36,1589.28,1589.28,-0.01,13.62,21435.82,-1
2025-11-09,2025-11-09 13:08:00,1589.28,1589.28,1589.2,1589.2,-0.01,13.62,21435.82,-1
2025-11-09,2025-11-09 13:09:00,1589.2,1589.2,1589.11,1589.11,-0.01,13.62,21435.82,-1
2025-11-09,2025-11-09 13:10:00,1589.11,1589.11,1589.03,1589.03,-0.01,13.62,21435.82,-1
2025-11-09,2025-11-09 13:11:00,1589.03,1589.03,1588.94,1588.94,-0.01,13.62,21435.82,-1
2025-11-09,2025-11-09 13:12:00,1588.94,1588.94,1588.86,1588.86,-0.01,13.62,21435.82,-1
2025-11-09,2025-11-09 13:13:00,1588.86,1588.86,1588.78,1588.78,-0.01,13.62,21435.82,-1
2025-11-09,2025-11-09 13:14:00,1588.78,1588.78,1588.69,1588.69,-0.01,13.62,21435.82,-1
2025-11-09,2025-11-09 13:15:00,1588.69,1588.69,1588.61,1588.61,-0.01,13.62,21435.82,-1
2025-11-09,2025-11-09 13:16:00,1588.61,1588.61,1588.53,1588.53,-0.01,13.62,21435.82,-1
2025-11-09,2025-11-09 13:17:00,1588.53,1588.53,1588.44,1588.44,-0.01,13.62,21435.82,-1
2025-11-09,2025-11-09 13:18:00,1588.44,1588.44,1588.36,1588.36,-0.01,13.62,21435.82,-1
2025-11-09,2025-11-09 13:19:00,1588.36,1588.36,1588.28,1588.28,-0.01,13.62,21435.82,-1
2025-11-09,2025-11-09 13:20:00,1588.28,1588.28,1588.19,1588.19,-0.01,13.62,21435.82,-1
2025-11-09,2025-11-09 13:21:00,1588.19,1588.19,1588.11,1588.11,-0.01,13.62,21435.82,-1
2025-11-09,2025-11-09 13:22:00,1588.11,1588.11,1588.02,1588.02,-0.01,13.62,21435.82,-1
2025-11-09,2025-11-09 13:23:00,1588.02,1588.02,1587.94,1587.94,-0.01,13.62,21435.82,-1
2025-11-09,2025-11-09 13:24:00,1587.94,1587.94,1587.86,1587.86,-0.01,13.62,21435.82,-1
2025-11-09,2025-11-09 13:25:00,1587.86,1587.86,1587.77,1587.77,-0.01,13.62,21435.82,-1
2025-11-09,2025-11-09 13:26:00,1587.77,1587.77,1587.69,1587.69,-0.01,13.62,21435.82,-1
2025-11-09,2025-11-09 13:27:00,1587.69,1587.69,1587.61,1587.61,-0.01,13.62,21435.82,-1
2025-11-09,2025-11-09 13:28:00,1587.61,1587.61,1587.52,1587.52,-0.01,13.62,21435.82,-1
2025-11-09,2025-11-09 13:29:00,1587.52,1587.52,1587.44,1587.44,-0.01,13.62,21435.82,-1
2025-11-09,2025-11-09 13:30:00,1587.44,1587.44,1587.35,1587.35,-0.01,13.62,21435.82,-1
2025-11-09,2025-11-09 13:31:00,1587.35,1587.35,1587.27,1587.27,-0.01,13.62,21435.82,-1
2025-11-09,2025-11-09 13:32:00,1587.27,1587.27,1587.19,1587.19,-0.01,13.62,21435.82,-1
2025-11-09,2025-11-09 13:33:00,1587.19,1587.19,1587.1,1587.1,-0.01,13.62,21435.82,-1
2025-11-09,2025-11-09 13:34:00,1587.1,1587.1,1587.02,1587.02,-0.01,13.62,21435.82,-1
2025-11-09,2025-11-09 13:35:00,1587.02,1587.02,1586.93,1586.93,-0.01,13.62,21435.82,-1
2025-11-09,2025-11-09 13:36:00,1586.93,1586.93,1586.85,1586.85,-0.01,13.62,21435.82,-1
2025-11-09,2025-11-09 13:37:00,1586.85,1586.85,1586.77,1586.77,-0.01,13.62,21435.82,-1
2025-11-09,2025-11-09 13:38:00,1586.77,1586.77,1586.68,1586.68,-0.01,13.62,21435.82,-1
2025-11-09,2025-11-09 13:39:00,1586.68,1586.68,1586.6,1586.6,-0.01,13.62,21435.82,-1
2025-11-09,2025-11-09 13:40:00,1586.6,1586.6,1586.52,1586.52,-0.01,13.62,21435.82,-1
2025-11-09,2025-11-09 13:41:00,1586.52,1586.52,1586.43,1586.43,-0.01,13.62,21435.82,-1
2025-11-09,2025-11-09 13:42:00,1586.43,1586.43,1586.35,1586.35,-0.01,13.62,21435.82,-1
2025-11-09,2025-11-09 13:43:00,1586.35,1586.35,1586.27,1586.27,-0.01,13.62,21435.82,-1
2025-11-09,2025-11-09 13:44:00,1586.27,1586.27,1586.18,1586.18,-0.01,13.62,21435.82,-1
2025-11-09,2025-11-09 13:45:00,1586.18,1586.18,1586.1,1586.1,-0.01,13.62,21435.82,-1
2025-11-09,2025-11-09 13:46:00,1586.1,1586.1,1586.01,1586.01,-0.01,13.62,21435.82,-1
2025-11-09,2025-11-09 13:47:00,1586.01,1586.01,1585.93,1585.93,-0.01,13.62,21435.82,-1
2025-11-09,2025-11-09 13:48:00,1585.93,1585.93,1585.85,1585.85,-0.01,13.62,21435.82,-1
2025-11-09,2025-11-09 13:49:00,1585.85,1585.85,1585.76,1585.76,-0.01,13.62,21435.82,-1
2025-11-09,2025-11-09 13:50:00,1585.76,1585.76,1585.68,1585.68,-0.01,13.62,21435.82,-1
2025-11-09,2025-11-09 13:51:00,1585.68,1585.68,1585.6,1585.6,-0.01,13.62,21435.82,-1
2025-11-09,2025-11-09 13:52:00,1585.6,1585.6,1585.51,1585.51,-0.01,13.62,21435.82,-1
2025-11-09,2025-11-09 13:53:00,1585.51,1585.51,1585.43,1585.43,-0.01,13.62,21435.82,-1
2025-11-09,2025-11-09 13:54:00,1585.43,1585.43,1585.34,1585.34,-0.01,13.62,21435.82,-1
2025-11-09,2025-11-09 13:55:00,1585.34,1585.34,1585.26,1585.26,-0.01,13.62,21435.82,-1
2025-11-09,2025-11-09 13:56:00,1585.26,1585.26,1585.18,1585.18,-0.01,13.62,21435.82,-1
2025-11-09,2025-11-09 13:57:00,1585.18,1585.18,1585.09,1585.09,-0.01,13.62,21435.82,-1
2025-11-09,2025-11-09 13:58:00,1585.09,1585.09,1585.01,1585.01,-0.01,13.62,21435.82,-1
2025-11-09,2025-11-09 13:59:00,1585.01,1585.01,1584.93,1584.93,-0.01,13.62,21435.82,-1
2025-11-09,2025-11-09 14:00:00,1584.93,1584.93,1584.84,1584.84,-0.01,13.62,21435.82,-1
2025-11-09,2025-11-09 14:01:00,1584.84,1584.84,1584.76,1584.76,-0.01,13.62,21435.82,-1
2025-11-09,2025-11-09 14:02:00,1584.76,1584.76,1584.67,1584.67,-0.01,13.62,21435.82,-1
2025-11-09,2025-11-09 14:03:00,1584.67,1584.67,1584.59,1584.59,-0.01,13.62,21435.82,-1
2025-11-09,2025-11-09 14:04:00,1584.59,1584.59,1584.51,1584.51,-0.01,13.62,21435.82,-1
2025-11-09,2025-11-09 14:05:00,1584.51,1584.51,1584.42,1584.42,-0.01,13.62,21435.82,-1
2025-11-09,2025-11-09 14:06:00,1584.42,1584.42,1584.34,1584.34,-0.01,13.62,21435.82,-1
2025-11-09,2025-11-09 14:07:00,1584.34,1584.34,1584.26,1584.26,-0.01,13.62,21435.82,-1
2025-11-09,2025-11-09 14:08:00,1584.26,1584.26,1584.17,1584.17,-0.01,13.62,21435.82,-1
2025-11-09,2025-11-09 14:09:00,1584.17,1584.17,1584.09,1584.09,-0.01,13.62,21435.82,-1
2025-11-09,2025-11-09 14:10:00,1584.09,1584.09,1584.0,1584.0,-0.01,13.62,21435.82,-1
2025-11-09,2025-11-09 14:11:00,1584.0,1584.0,1583.92,1583.92,-0.01,13.62,21435.82,-1
2025-11-09,2025-11-09 14:12:00,1583.92,1583.92,1583.84,1583.84,-0.01,13.62,21435.82,-1
2025-11-09,2025-11-09 14:13:00,1583.84,1583.84,1583.75,1583.75,-0.01,13.62,21435.82,-1
2025-11-09,2025-11-09 14:14:00,1583.75,1583.75,1583.67,1583.67,-0.01,13.62,21435.82,-1
2025-11-09,2025-11-09 14:15:00,1583.67,1583.67,1583.59,1583.59,-0.01,13.62,21435.82,-1
2025-11-09,2025-11-09 14:16:00,1583.59,1583.59,1583.5,1583.5,-0.01,13.62,21435.82,-1
2025-11-09,2025-11-09 14:17:00,1583.5,1583.5,1583.42,1583.42,-0.01,13.62,21435.82,-1
2025-11-09,2025-11-09 14:18:00,1583.42,1583.42,1583.33,1583.33,-0.01,13.62,21435.82,-1
2025-11-09,2025-11-09 14:19:00,1583.33,1583.33,1583.25,1583.25,-0.01,13.62,21435.82,-1
2025-11-09,2025-11-09 14:20:00,1583.25,1583.25,1583.17,1583.17,-0.01,13.62,21435.82,-1
2025-11-09,2025-11-09 14:21:00,1583.17,1583.17,1583.08,1583.08,-0.01,13.62,21435.82,-1
2025-11-09,2025-11-09 14:22:00,1583.08,1583.08,1583.0,1583.0,-0.01,13.62,21435.82,-1
2025-11-09,2025-11-09 14:23:00,1583.0,1583.0,1582.91,1582.91,-0.01,13.62,21435.82,-1
2025-11-09,2025-11-09 14:24:00,1582.91,1582.91,1582.83,1582.83,-0.01,13.62,21435.82,-1
2025-11-09,2025-11-09 14:25:00,1582.83,1582.83,1582.75,1582.75,-0.01,13.62,21435.82,-1
2025-11-09,2025-11-09 14:26:00,1582.75,1582.75,1582.66,1582.66,-0.01,13.62,21435.82,-1
2025-11-09,2025-11-09 14:27:00,1582.66,1582.66,1582.58,1582.58,-0.01,13.62,21435.82,-1
2025-11-09,2025-11-09 14:28:00,1582.58,1582.58,1582.5,1582.5,-0.01,13.62,21435.82,-1
2025-11-09,2025-11-09 14:29:00,1582.5,1582.5,1582.41,1582.41,-0.01,13.62,21435.82,-1
2025-11-09,2025-11-09 14:30:00,1582.41,1582.41,1582.33,1582.33,-0.01,13.62,21435.82,-1
2025-11-09,2025-11-09 14:31:00,1582.33,1582.33,1582.25,1582.25,-0.01,13.62,21435.82,-1
2025-11-09,2025-11-09 14:32:00,1582.25,1582.25,1582.16,1582.16,-0.01,13.62,21435.82,-1
2025-11-09,2025-11-09 14:33:00,1582.16,1582.16,1582.08,1582.08,-0.01,13.62,21435.82,-1
2025-11-09,2025-11-09 14:34:00,1582.08,1582.08,1581.99,1581.99,-0.01,13.62,21435.82,-1
2025-11-09,2025-11-09 14:35:00,1581.99,1581.99,1581.91,1581.91,-0.01,13.62,21435.82,-1
2025-11-09,2025-11-09 14:36:00,1581.91,1581.91,1581.83,1581.83,-0.01,13.62,21435.82,-1
2025-11-09,2025-11-09 14:37:00,1581.83,1581.83,1581.74,1581.74,-0.01,13.62,21435.82,-1
2025-11-09,2025-11-09 14:38:00,1581.74,1581.74,1581.66,1581.66,-0.01,13.62,21435.82,-1
2025-11-09,2025-11-09 14:39:00,1581.66,1581.66,1581.58,1581.58,-0.01,13.62,21435.82,-1
2025-11-09,2025-11-09 14:40:00,1581.58,1581.58,1581.49,1581.49,-0.01,13.62,21435.82,-1
2025-11-09,2025-11-09 14:41:00,1581.49,1581.49,1581.41,1581.41,-0.01,13.62,21435.82,-1
2025-11-09,2025-11-09 14:42:00,1581.41,1581.41,1581.32,1581.32,-0.01,13.62,21435.82,-1
2025-11-09,2025-11-09 14:43:00,1581.32,1581.32,1581.24,1581.24,-0.01,13.62,21435.82,-1
2025-11-09,2025-11-09 14:44:00,1581.24,1581.24,1581.16,1581.16,-0.01,13.62,21435.82,-1
2025-11-09,2025-11-09 14:45:00,1581.16,1581.16,1581.07,1581.07,-0.01,13.62,21435.82,-1
2025-11-09,2025-11-09 14:46:00,1581.07,1581.07,1580.99,1580.99,-0.01,13.62,21435.82,-1
2025-11-09,2025-11-09 14:47:00,1580.99,1580.99,1580.91,1580.91,-0.01,13.62,21435.82,-1
2025-11-09,2025-11-09 14:48:00,1580.91,1580.91,1580.82,1580.82,-0.01,13.62,21435.82,-1
2025-11-09,2025-11-09 14:49:00,1580.82,1580.82,1580.74,1580.74,-0.01,13.62,21435.82,-1
2025-11-09,2025-11-09 14:50:00,1580.74,1580.74,1580.65,1580.65,-0.01,13.62,21435.82,-1
2025-11-09,2025-11-09 14:51:00,1580.65,1580.65,1580.57,1580.57,-0.01,13.62,21435.82,-1
2025-11-09,2025-11-09 14:52:00,1580.57,1580.57,1580.49,1580.49,-0.01,13.62,21435.82,-1
2025-11-09,2025-11-09 14:53:00,1580.49,1580.49,1580.4,1580.4,-0.01,13.62,21435.82,-1
2025-11-09,2025-11-09 14:54:00,1580.4,1580.4,1580.32,1580.32,-0.01,13.62,21435.82,-1
2025-11-09,2025-11-09 14:55:00,1580.32,1580.32,1580.24,1580.24,-0.01,13.62,21435.82,-1
2025-11-09,2025-11-09 14:56:00,1580.24,1580.24,1580.15,1580.15,-0.01,13.62,21435.82,-1
2025-11-09,2025-11-09 14:57:00,1580.15,1580.15,1580.07,1580.07,-0.01,13.62,21435.82,-1
2025-11-09,2025-11-09 14:58:00,1580.07,1580.07,1579.98,1579.98,-0.01,13.62,21435.82,-1
2025-11-09,2025-11-09 14:59:00,1579.98,1579.98,1579.9,1579.9,-0.01,13.62,21435.82,-1
2025-11-09,2025-11-09 15:00:00,1579.9,1600.0,1549.0,1579.9,0.0,13.62,21435.82,0
2025-11-10,2025-11-10 11:00:00,1585.0,1585.0,1568.2,1584.92,-0.01,24.43,37844.62,-1
2025-11-10,2025-11-10 11:01:00,1584.92,1584.92,1584.83,1584.83,-0.01,24.43,37844.62,-1
2025-11-10,2025-11-10 11:02:00,1584.83,1584.83,1584.75,1584.75,-0.01,24.43,37844.62,-1
2025-11-10,2025-11-10 11:03:00,1584.75,1584.75,1584.67,1584.67,-0.01,24.43,37844.62,-1
2025-11-10,2025-11-10 11:04:00,1584.67,1584.67,1584.58,1584.58,-0.01,24.43,37844.62,-1
2025-11-10,2025-11-10 11:05:00,1584.58,1584.58,1584.5,1584.5,-0.01,24.43,37844.62,-1
2025-11-10,2025-11-10 11:06:00,1584.5,1584.5,1584.42,1584.42,-0.01,24.43,37844.62,-1
2025-11-10,2025-11-10 11:07:00,1584.42,1584.42,1584.33,1584.33,-0.01,24.43,37844.62,-1
2025-11-10,2025-11-10 11:08:00,1584.33,1584.33,1584.25,1584.25,-0.01,24.43,37844.62,-1
2025-11-10,2025-11-10 11:09:00,1584.25,1584.25,1584.17,1584.17,-0.01,24.43,37844.62,-1
2025-11-10,2025-11-10 11:10:00,1584.17,1584.17,1584.08,1584.08,-0.01,24.43,37844.62,-1
2025-11-10,2025-11-10 11:11:00,1584.08,1584.08,1584.0,1584.0,-0.01,24.43,37844.62,-1
2025-11-10,2025-11-10 11:12:00,1584.0,1584.0,1583.92,1583.92,-0.01,24.43,37844.62,-1
2025-11-10,2025-11-10 11:13:00,1583.92,1583.92,1583.83,1583.83,-0.01,24.43,37844.62,-1
2025-11-10,2025-11-10 11:14:00,1583.83,1583.83,1583.75,1583.75,-0.01,24.43,37844.62,-1
2025-11-10,2025-11-10 11:15:00,1583.75,1583.75,1583.67,1583.67,-0.01,24.43,37844.62,-1
2025-11-10,2025-11-10 11:16:00,1583.67,1583.67,1583.58,1583.58,-0.01,24.43,37844.62,-1
2025-11-10,2025-11-10 11:17:00,1583.58,1583.58,1583.5,1583.5,-0.01,24.43,37844.62,-1
2025-11-10,2025-11-10 11:18:00,1583.5,1583.5,1583.42,1583.42,-0.01,24.43,37844.62,-1
2025-11-10,2025-11-10 11:19:00,1583.42,1583.42,1583.33,1583.33,-0.01,24.43,37844.62,-1
2025-11-10,2025-11-10 11:20:00,1583.33,1583.33,1583.25,1583.25,-0.01,24.43,37844.62,-1
2025-11-10,2025-11-10 11:21:00,1583.25,1583.25,1583.17,1583.17,-0.01,24.43,37844.62,-1
2025-11-10,2025-11-10 11:22:00,1583.17,1583.17,1583.08,1583.08,-0.01,24.43,37844.62,-1
2025-11-10,2025-11-10 11:23:00,1583.08,1583.08,1583.0,1583.0,-0.01,24.43,37844.62,-1
2025-11-10,2025-11-10 11:24:00,1583.0,1583.0,1582.92,1582.92,-0.01,24.43,37844.62,-1
2025-11-10,2025-11-10 11:25:00,1582.92,1582.92,1582.83,1582.83,-0.01,24.43,37844.62,-1
2025-11-10,2025-11-10 11:26:00,1582.83,1582.83,1582.75,1582.75,-0.01,24.43,37844.62,-1
2025-11-10,2025-11-10 11:27:00,1582.75,1582.75,1582.67,1582.67,-0.01,24.43,37844.62,-1
2025-11-10,2025-11-10 11:28:00,1582.67,1582.67,1582.58,1582.58,-0.01,24.43,37844.62,-1
2025-11-10,2025-11-10 11:29:00,1582.58,1582.58,1582.5,1582.5,-0.01,24.43,37844.62,-1
2025-11-10,2025-11-10 11:30:00,1582.5,1582.5,1582.42,1582.42,-0.01,24.43,37844.62,-1
2025-11-10,2025-11-10 11:31:00,1582.42,1582.42,1582.33,1582.33,-0.01,24.43,37844.62,-1
2025-11-10,2025-11-10 11:32:00,1582.33,1582.33,1582.25,1582.25,-0.01,24.43,37844.62,-1
2025-11-10,2025-11-10 11:33:00,1582.25,1582.25,1582.17,1582.17,-0.01,24.43,37844.62,-1
2025-11-10,2025-11-10 11:34:00,1582.17,1582.17,1582.08,1582.08,-0.01,24.43,37844.62,-1
2025-11-10,2025-11-10 11:35:00,1582.08,1582.08,1582.0,1582.0,-0.01,24.43,37844.62,-1
2025-11-10,2025-11-10 11:36:00,1582.0,1582.0,1581.92,1581.92,-0.01,24.43,37844.62,-1
2025-11-10,2025-11-10 11:37:00,1581.92,1581.92,1581.83,1581.83,-0.01,24.43,37844.62,-1
2025-11-10,2025-11-10 11:38:00,1581.83,1581.83,1581.75,1581.75,-0.01,24.43,37844.62,-1
2025-11-10,2025-11-10 11:39:00,1581.75,1581.75,1581.67,1581.67,-0.01,24.43,37844.62,-1
2025-11-10,2025-11-10 11:40:00,1581.67,1581.67,1581.58,1581.58,-0.01,24.43,37844.62,-1
2025-11-10,2025-11-10 11:41:00,1581.58,1581.58,1581.5,1581.5,-0.01,24.43,37844.62,-1
2025-11-10,2025-11-10 11:42:00,1581.5,1581.5,1581.42,1581.42,-0.01,24.43,37844.62,-1
2025-11-10,2025-11-10 11:43:00,1581.42,1581.42,1581.33,1581.33,-0.01,24.43,37844.62,-1
2025-11-10,2025-11-10 11:44:00,1581.33,1581.33,1581.25,1581.25,-0.01,24.43,37844.62,-1
2025-11-10,2025-11-10 11:45:00,1581.25,1581.25,1581.17,1581.17,-0.01,24.43,37844.62,-1
2025-11-10,2025-11-10 11:46:00,1581.17,1581.17,1581.08,1581.08,-0.01,24.43,37844.62,-1
2025-11-10,2025-11-10 11:47:00,1581.08,1581.08,1581.0,1581.0,-0.01,24.43,37844.62,-1
2025-11-10,2025-11-10 11:48:00,1581.0,1581.0,1580.92,1580.92,-0.01,24.43,37844.62,-1
2025-11-10,2025-11-10 11:49:00,1580.92,1580.92,1580.83,1580.83,-0.01,24.43,37844.62,-1
2025-11-10,2025-11-10 11:50:00,1580.83,1580.83,1580.75,1580.75,-0.01,24.43,37844.62,-1
2025-11-10,2025-11-10 11:51:00,1580.75,1580.75,1580.67,1580.67,-0.01,24.43,37844.62,-1
2025-11-10,2025-11-10 11:52:00,1580.67,1580.67,1580.58,1580.58,-0.01,24.43,37844.62,-1
2025-11-10,2025-11-10 11:53:00,1580.58,1580.58,1580.5,1580.5,-0.01,24.43,37844.62,-1
2025-11-10,2025-11-10 11:54:00,1580.5,1580.5,1580.42,1580.42,-0.01,24.43,37844.62,-1
2025-11-10,2025-11-10 11:55:00,1580.42,1580.42,1580.33,1580.33,-0.01,24.43,37844.62,-1
2025-11-10,2025-11-10 11:56:00,1580.33,1580.33,1580.25,1580.25,-0.01,24.43,37844.62,-1
2025-11-10,2025-11-10 11:57:00,1580.25,1580.25,1580.17,1580.17,-0.01,24.43,37844.62,-1
2025-11-10,2025-11-10 11:58:00,1580.17,1580.17,1580.08,1580.08,-0.01,24.43,37844.62,-1
2025-11-10,2025-11-10 11:59:00,1580.08,1580.08,1580.0,1580.0,-0.01,24.43,37844.62,-1
2025-11-10,2025-11-10 12:00:00,1580.0,1580.0,1579.92,1579.92,-0.01,24.43,37844.62,-1
2025-11-10,2025-11-10 12:01:00,1579.92,1579.92,1579.83,1579.83,-0.01,24.43,37844.62,-1
2025-11-10,2025-11-10 12:02:00,1579.83,1579.83,1579.75,1579.75,-0.01,24.43,37844.62,-1
2025-11-10,2025-11-10 12:03:00,1579.75,1579.75,1579.67,1579.67,-0.01,24.43,37844.62,-1
2025-11-10,2025-11-10 12:04:00,1579.67,1579.67,1579.58,1579.58,-0.01,24.43,37844.62,-1
2025-11-10,2025-11-10 12:05:00,1579.58,1579.58,1579.5,1579.5,-0.01,24.43,37844.62,-1
2025-11-10,2025-11-10 12:06:00,1579.5,1579.5,1579.42,1579.42,-0.01,24.43,37844.62,-1
2025-11-10,2025-11-10 12:07:00,1579.42,1579.42,1579.33,1579.33,-0.01,24.43,37844.62,-1
2025-11-10,2025-11-10 12:08:00,1579.33,1579.33,1579.25,1579.25,-0.01,24.43,37844.62,-1
2025-11-10,2025-11-10 12:09:00,1579.25,1579.25,1579.17,1579.17,-0.01,24.43,37844.62,-1
2025-11-10,2025-11-10 12:10:00,1579.17,1579.17,1579.08,1579.08,-0.01,24.43,37844.62,-1
2025-11-10,2025-11-10 12:11:00,1579.08,1579.08,1579.0,1579.0,-0.01,24.43,37844.62,-1
2025-11-10,2025-11-10 12:12:00,1579.0,1579.0,1578.92,1578.92,-0.01,24.43,37844.62,-1
2025-11-10,2025-11-10 12:13:00,1578.92,1578.92,1578.83,1578.83,-0.01,24.43,37844.62,-1
2025-11-10,2025-11-10 12:14:00,1578.83,1578.83,1578.75,1578.75,-0.01,24.43,37844.62,-1
2025-11-10,2025-11-10 12:15:00,1578.75,1578.75,1578.67,1578.67,-0.01,24.43,37844.62,-1
2025-11-10,2025-11-10 12:16:00,1578.67,1578.67,1578.58,1578.58,-0.01,24.43,37844.62,-1
2025-11-10,2025-11-10 12:17:00,1578.58,1578.58,1578.5,1578.5,-0.01,24.43,37844.62,-1
2025-11-10,2025-11-10 12:18:00,1578.5,1578.5,1578.42,1578.42,-0.01,24.43,37844.62,-1
2025-11-10,2025-11-10 12:19:00,1578.42,1578.42,1578.33,1578.33,-0.01,24.43,37844.62,-1
2025-11-10,2025-11-10 12:20:00,1578.33,1578.33,1578.25,1578.25,-0.01,24.43,37844.62,-1
2025-11-10,2025-11-10 12:21:00,1578.25,1578.25,1578.17,1578.17,-0.01,24.43,37844.62,-1
2025-11-10,2025-11-10 12:22:00,1578.17,1578.17,1578.08,1578.08,-0.01,24.43,37844.62,-1
2025-11-10,2025-11-10 12:23:00,1578.08,1578.08,1578.0,1578.0,-0.01,24.43,37844.62,-1
2025-11-10,2025-11-10 12:24:00,1578.0,1578.0,1577.92,1577.92,-0.01,24.43,37844.62,-1
2025-11-10,2025-11-10 12:25:00,1577.92,1577.92,1577.83,1577.83,-0.01,24.43,37844.62,-1
2025-11-10,2025-11-10 12:26:00,1577.83,1577.83,1577.75,1577.75,-0.01,24.43,37844.62,-1
2025-11-10,2025-11-10 12:27:00,1577.75,1577.75,1577.67,1577.67,-0.01,24.43,37844.62,-1
2025-11-10,2025-11-10 12:28:00,1577.67,1577.67,1577.58,1577.58,-0.01,24.43,37844.62,-1
2025-11-10,2025-11-10 12:29:00,1577.58,1577.58,1577.5,1577.5,-0.01,24.43,37844.62,-1
2025-11-10,2025-11-10 12:30:00,1577.5,1577.5,1577.42,1577.42,-0.01,24.43,37844.62,-1
2025-11-10,2025-11-10 12:31:00,1577.42,1577.42,1577.33,1577.33,-0.01,24.43,37844.62,-1
2025-11-10,2025-11-10 12:32:00,1577.33,1577.33,1577.25,1577.25,-0.01,24.43,37844.62,-1
2025-11-10,2025-11-10 12:33:00,1577.25,1577.25,1577.17,1577.17,-0.01,24.43,37844.62,-1
2025-11-10,2025-11-10 12:34:00,1577.17,1577.17,1577.08,1577.08,-0.01,24.43,37844.62,-1
2025-11-10,2025-11-10 12:35:00,1577.08,1577.08,1577.0,1577.0,-0.01,24.43,37844.62,-1
2025-11-10,2025-11-10 12:36:00,1577.0,1577.0,1576.92,1576.92,-0.01,24.43,37844.62,-1
2025-11-10,2025-11-10 12:37:00,1576.92,1576.92,1576.83,1576.83,-0.01,24.43,37844.62,-1
2025-11-10,2025-11-10 12:38:00,1576.83,1576.83,1576.75,1576.75,-0.01,24.43,37844.62,-1
2025-11-10,2025-11-10 12:39:00,1576.75,1576.75,1576.67,1576.67,-0.01,24.43,37844.62,-1
2025-11-10,2025-11-10 12:40:00,1576.67,1576.67,1576.58,1576.58,-0.01,24.43,37844.62,-1
2025-11-10,2025-11-10 12:41:00,1576.58,1576.58,1576.5,1576.5,-0.01,24.43,37844.62,-1
2025-11-10,2025-11-10 12:42:00,1576.5,1576.5,1576.42,1576.42,-0.01,24.43,37844.62,-1
2025-11-10,2025-11-10 12:43:00,1576.42,1576.42,1576.33,1576.33,-0.01,24.43,37844.62,-1
2025-11-10,2025-11-10 12:44:00,1576.33,1576.33,1576.25,1576.25,-0.01,24.43,37844.62,-1
2025-11-10,2025-11-10 12:45:00,1576.25,1576.25,1576.17,1576.17,-0.01,24.43,37844.62,-1
2025-11-10,2025-11-10 12:46:00,1576.17,1576.17,1576.08,1576.08,-0.01,24.43,37844.62,-1
2025-11-10,2025-11-10 12:47:00,1576.08,1576.08,1576.0,1576.0,-0.01,24.43,37844.62,-1
2025-11-10,2025-11-10 12:48:00,1576.0,1576.0,1575.92,1575.92,-0.01,24.43,37844.62,-1
2025-11-10,2025-11-10 12:49:00,1575.92,1575.92,1575.83,1575.83,-0.01,24.43,37844.62,-1
2025-11-10,2025-11-10 12:50:00,1575.83,1575.83,1575.75,1575.75,-0.01,24.43,37844.62,-1
2025-11-10,2025-11-10 12:51:00,1575.75,1575.75,1575.67,1575.67,-0.01,24.43,37844.62,-1
2025-11-10,2025-11-10 12:52:00,1575.67,1575.67,1575.58,1575.58,-0.01,24.43,37844.62,-1
2025-11-10,2025-11-10 12:53:00,1575.58,1575.58,1575.5,1575.5,-0.01,24.43,37844.62,-1
2025-11-10,2025-11-10 12:54:00,1575.5,1575.5,1575.42,1575.42,-0.01,24.43,37844.62,-1
2025-11-10,2025-11-10 12:55:00,1575.42,1575.42,1575.33,1575.33,-0.01,24.43,37844.62,-1
2025-11-10,2025-11-10 12:56:00,1575.33,1575.33,1575.25,1575.25,-0.01,24.43,37844.62,-1
2025-11-10,2025-11-10 12:57:00,1575.25,1575.25,1575.17,1575.17,-0.01,24.43,37844.62,-1
2025-11-10,2025-11-10 12:58:00,1575.17,1575.17,1575.08,1575.08,-0.01,24.43,37844.62,-1
2025-11-10,2025-11-10 12:59:00,1575.08,1575.08,1575.0,1575.0,-0.01,24.43,37844.62,-1
2025-11-10,2025-11-10 13:00:00,1575.0,1585.0,1529.0,1574.92,-0.01,24.43,37844.62,-1
2025-11-10,2025-11-10 13:01:00,1574.92,1574.92,1574.83,1574.83,-0.01,24.43,37844.62,-1
2025-11-10,2025-11-10 13:02:00,1574.83,1574.83,1574.75,1574.75,-0.01,24.43,37844.62,-1
2025-11-10,2025-11-10 13:03:00,1574.75,1574.75,1574.67,1574.67,-0.01,24.43,37844.62,-1
2025-11-10,2025-11-10 13:04:00,1574.67,1574.67,1574.58,1574.58,-0.01,24.43,37844.62,-1
2025-11-10,2025-11-10 13:05:00,1574.58,1574.58,1574.5,1574.5,-0.01,24.43,37844.62,-1
2025-11-10,2025-11-10 13:06:00,1574.5,1574.5,1574.42,1574.42,-0.01,24.43,37844.62,-1
2025-11-10,2025-11-10 13:07:00,1574.42,1574.42,1574.33,1574.33,-0.01,24.43,37844.62,-1
2025-11-10,2025-11-10 13:08:00,1574.33,1574.33,1574.25,1574.25,-0.01,24.43,37844.62,-1
2025-11-10,2025-11-10 13:09:00,1574.25,1574.25,1574.17,1574.17,-0.01,24.43,37844.62,-1
2025-11-10,2025-11-10 13:10:00,1574.17,1574.17,1574.08,1574.08,-0.01,24.43,37844.62,-1
2025-11-10,2025-11-10 13:11:00,1574.08,1574.08,1574.0,1574.0,-0.01,24.43,37844.62,-1
2025-11-10,2025-11-10 13:12:00,1574.0,1574.0,1573.92,1573.92,-0.01,24.43,37844.62,-1
2025-11-10,2025-11-10 13:13:00,1573.92,1573.92,1573.83,1573.83,-0.01,24.43,37844.62,-1
2025-11-10,2025-11-10 13:14:00,1573.83,1573.83,1573.75,1573.75,-0.01,24.43,37844.62,-1
2025-11-10,2025-11-10 13:15:00,1573.75,1573.75,1573.67,1573.67,-0.01,24.43,37844.62,-1
2025-11-10,2025-11-10 13:16:00,1573.67,1573.67,1573.58,1573.58,-0.01,24.43,37844.62,-1
2025-11-10,2025-11-10 13:17:00,1573.58,1573.58,1573.5,1573.5,-0.01,24.43,37844.62,-1
2025-11-10,2025-11-10 13:18:00,1573.5,1573.5,1573.42,1573.42,-0.01,24.43,37844.62,-1
2025-11-10,2025-11-10 13:19:00,1573.42,1573.42,1573.33,1573.33,-0.01,24.43,37844.62,-1
2025-11-10,2025-11-10 13:20:00,1573.33,1573.33,1573.25,1573.25,-0.01,24.43,37844.62,-1
2025-11-10,2025-11-10 13:21:00,1573.25,1573.25,1573.17,1573.17,-0.01,24.43,37844.62,-1
2025-11-10,2025-11-10 13:22:00,1573.17,1573.17,1573.08,1573.08,-0.01,24.43,37844.62,-1
2025-11-10,2025-11-10 13:23:00,1573.08,1573.08,1573.0,1573.0,-0.01,24.43,37844.62,-1
2025-11-10,2025-11-10 13:24:00,1573.0,1573.0,1572.92,1572.92,-0.01,24.43,37844.62,-1
2025-11-10,2025-11-10 13:25:00,1572.92,1572.92,1572.83,1572.83,-0.01,24.43,37844.62,-1
2025-11-10,2025-11-10 13:26:00,1572.83,1572.83,1572.75,1572.75,-0.01,24.43,37844.62,-1
2025-11-10,2025-11-10 13:27:00,1572.75,1572.75,1572.67,1572.67,-0.01,24.43,37844.62,-1
2025-11-10,2025-11-10 13:28:00,1572.67,1572.67,1572.58,1572.58,-0.01,24.43,37844.62,-1
2025-11-10,2025-11-10 13:29:00,1572.58,1572.58,1572.5,1572.5,-0.01,24.43,37844.62,-1
2025-11-10,2025-11-10 13:30:00,1572.5,1572.5,1572.42,1572.42,-0.01,24.43,37844.62,-1
2025-11-10,2025-11-10 13:31:00,1572.42,1572.42,1572.33,1572.33,-0.01,24.43,37844.62,-1
2025-11-10,2025-11-10 13:32:00,1572.33,1572.33,1572.25,1572.25,-0.01,24.43,37844.62,-1
2025-11-10,2025-11-10 13:33:00,1572.25,1572.25,1572.17,1572.17,-0.01,24.43,37844.62,-1
2025-11-10,2025-11-10 13:34:00,1572.17,1572.17,1572.08,1572.08,-0.01,24.43,37844.62,-1
2025-11-10,2025-11-10 13:35:00,1572.08,1572.08,1572.0,1572.0,-0.01,24.43,37844.62,-1
2025-11-10,2025-11-10 13:36:00,1572.0,1572.0,1571.92,1571.92,-0.01,24.43,37844.62,-1
2025-11-10,2025-11-10 13:37:00,1571.92,1571.92,1571.83,1571.83,-0.01,24.43,37844.62,-1
2025-11-10,2025-11-10 13:38:00,1571.83,1571.83,1571.75,1571.75,-0.01,24.43,37844.62,-1
2025-11-10,2025-11-10 13:39:00,1571.75,1571.75,1571.67,1571.67,-0.01,24.43,37844.62,-1
2025-11-10,2025-11-10 13:40:00,1571.67,1571.67,1571.58,1571.58,-0.01,24.43,37844.62,-1
2025-11-10,2025-11-10 13:41:00,1571.58,1571.58,1571.5,1571.5,-0.01,24.43,37844.62,-1
2025-11-10,2025-11-10 13:42:00,1571.5,1571.5,1571.42,1571.42,-0.01,24.43,37844.62,-1
2025-11-10,2025-11-10 13:43:00,1571.42,1571.42,1571.33,1571.33,-0.01,24.43,37844.62,-1
2025-11-10,2025-11-10 13:44:00,1571.33,1571.33,1571.25,1571.25,-0.01,24.43,37844.62,-1
2025-11-10,2025-11-10 13:45:00,1571.25,1571.25,1571.17,1571.17,-0.01,24.43,37844.62,-1
2025-11-10,2025-11-10 13:46:00,1571.17,1571.17,1571.08,1571.08,-0.01,24.43,37844.62,-1
2025-11-10,2025-11-10 13:47:00,1571.08,1571.08,1571.0,1571.0,-0.01,24.43,37844.62,-1
2025-11-10,2025-11-10 13:48:00,1571.0,1571.0,1570.92,1570.92,-0.01,24.43,37844.62,-1
2025-11-10,2025-11-10 13:49:00,1570.92,1570.92,1570.83,1570.83,-0.01,24.43,37844.62,-1
2025-11-10,2025-11-10 13:50:00,1570.83,1570.83,1570.75,1570.75,-0.01,24.43,37844.62,-1
2025-11-10,2025-11-10 13:51:00,1570.75,1570.75,1570.67,1570.67,-0.01,24.43,37844.62,-1
2025-11-10,2025-11-10 13:52:00,1570.67,1570.67,1570.58,1570.58,-0.01,24.43,37844.62,-1
2025-11-10,2025-11-10 13:53:00,1570.58,1570.58,1570.5,1570.5,-0.01,24.43,37844.62,-1
2025-11-10,2025-11-10 13:54:00,1570.5,1570.5,1570.42,1570.42,-0.01,24.43,37844.62,-1
2025-11-10,2025-11-10 13:55:00,1570.42,1570.42,1570.33,1570.33,-0.01,24.43,37844.62,-1
2025-11-10,2025-11-10 13:56:00,1570.33,1570.33,1570.25,1570.25,-0.01,24.43,37844.62,-1
2025-11-10,2025-11-10 13:57:00,1570.25,1570.25,1570.17,1570.17,-0.01,24.43,37844.62,-1
2025-11-10,2025-11-10 13:58:00,1570.17,1570.17,1570.08,1570.08,-0.01,24.43,37844.62,-1
2025-11-10,2025-11-10 13:59:00,1570.08,1570.08,1570.0,1570.0,-0.01,24.43,37844.62,-1
2025-11-10,2025-11-10 14:00:00,1570.0,1570.0,1569.92,1569.92,-0.01,24.43,37844.62,-1
2025-11-10,2025-11-10 14:01:00,1569.92,1569.92,1569.83,1569.83,-0.01,24.43,37844.62,-1
2025-11-10,2025-11-10 14:02:00,1569.83,1569.83,1569.75,1569.75,-0.01,24.43,37844.62,-1
2025-11-10,2025-11-10 14:03:00,1569.75,1569.75,1569.67,1569.67,-0.01,24.43,37844.62,-1
2025-11-10,2025-11-10 14:04:00,1569.67,1569.67,1569.58,1569.58,-0.01,24.43,37844.62,-1
2025-11-10,2025-11-10 14:05:00,1569.58,1569.58,1569.5,1569.5,-0.01,24.43,37844.62,-1
2025-11-10,2025-11-10 14:06:00,1569.5,1569.5,1569.42,1569.42,-0.01,24.43,37844.62,-1
2025-11-10,2025-11-10 14:07:00,1569.42,1569.42,1569.33,1569.33,-0.01,24.43,37844.62,-1
2025-11-10,2025-11-10 14:08:00,1569.33,1569.33,1569.25,1569.25,-0.01,24.43,37844.62,-1
2025-11-10,2025-11-10 14:09:00,1569.25,1569.25,1569.17,1569.17,-0.01,24.43,37844.62,-1
2025-11-10,2025-11-10 14:10:00,1569.17,1569.17,1569.08,1569.08,-0.01,24.43,37844.62,-1
2025-11-10,2025-11-10 14:11:00,1569.08,1569.08,1569.0,1569.0,-0.01,24.43,37844.62,-1
2025-11-10,2025-11-10 14:12:00,1569.0,1569.0,1568.92,1568.92,-0.01,24.43,37844.62,-1
2025-11-10,2025-11-10 14:13:00,1568.92,1568.92,1568.83,1568.83,-0.01,24.43,37844.62,-1
2025-11-10,2025-11-10 14:14:00,1568.83,1568.83,1568.75,1568.75,-0.01,24.43,37844.62,-1
2025-11-10,2025-11-10 14:15:00,1568.75,1568.75,1568.67,1568.67,-0.01,24.43,37844.62,-1
2025-11-10,2025-11-10 14:16:00,1568.67,1568.67,1568.58,1568.58,-0.01,24.43,37844.62,-1
2025-11-10,2025-11-10 14:17:00,1568.58,1568.58,1568.5,1568.5,-0.01,24.43,37844.62,-1
2025-11-10,2025-11-10 14:18:00,1568.5,1568.5,1568.42,1568.42,-0.01,24.43,37844.62,-1
2025-11-10,2025-11-10 14:19:00,1568.42,1568.42,1568.33,1568.33,-0.01,24.43,37844.62,-1
2025-11-10,2025-11-10 14:20:00,1568.33,1568.33,1568.25,1568.25,-0.01,24.43,37844.62,-1
2025-11-10,2025-11-10 14:21:00,1568.25,1568.25,1568.17,1568.17,-0.01,24.43,37844.62,-1
2025-11-10,2025-11-10 14:22:00,1568.17,1568.17,1568.08,1568.08,-0.01,24.43,37844.62,-1
2025-11-10,2025-11-10 14:23:00,1568.08,1568.08,1568.0,1568.0,-0.01,24.43,37844.62,-1
2025-11-10,2025-11-10 14:24:00,1568.0,1568.0,1567.92,1567.92,-0.01,24.43,37844.62,-1
2025-11-10,2025-11-10 14:25:00,1567.92,1567.92,1567.83,1567.83,-0.01,24.43,37844.62,-1
2025-11-10,2025-11-10 14:26:00,1567.83,1567.83,1567.75,1567.75,-0.01,24.43,37844.62,-1
2025-11-10,2025-11-10 14:27:00,1567.75,1567.75,1567.67,1567.67,-0.01,24.43,37844.62,-1
2025-11-10,2025-11-10 14:28:00,1567.67,1567.67,1567.58,1567.58,-0.01,24.43,37844.62,-1
2025-11-10,2025-11-10 14:29:00,1567.58,1567.58,1567.5,1567.5,-0.01,24.43,37844.62,-1
2025-11-10,2025-11-10 14:30:00,1567.5,1567.5,1567.42,1567.42,-0.01,24.43,37844.62,-1
2025-11-10,2025-11-10 14:31:00,1567.42,1567.42,1567.33,1567.33,-0.01,24.43,37844.62,-1
2025-11-10,2025-11-10 14:32:00,1567.33,1567.33,1567.25,1567.25,-0.01,24.43,37844.62,-1
2025-11-10,2025-11-10 14:33:00,1567.25,1567.25,1567.17,1567.17,-0.01,24.43,37844.62,-1
2025-11-10,2025-11-10 14:34:00,1567.17,1567.17,1567.08,1567.08,-0.01,24.43,37844.62,-1
2025-11-10,2025-11-10 14:35:00,1567.08,1567.08,1567.0,1567.0,-0.01,24.43,37844.62,-1
2025-11-10,2025-11-10 14:36:00,1567.0,1567.0,1566.92,1566.92,-0.01,24.43,37844.62,-1
2025-11-10,2025-11-10 14:37:00,1566.92,1566.92,1566.83,1566.83,-0.01,24.43,37844.62,-1
2025-11-10,2025-11-10 14:38:00,1566.83,1566.83,1566.75,1566.75,-0.01,24.43,37844.62,-1
2025-11-10,2025-11-10 14:39:00,1566.75,1566.75,1566.67,1566.67,-0.01,24.43,37844.62,-1
2025-11-10,2025-11-10 14:40:00,1566.67,1566.67,1566.58,1566.58,-0.01,24.43,37844.62,-1
2025-11-10,2025-11-10 14:41:00,1566.58,1566.58,1566.5,1566.5,-0.01,24.43,37844.62,-1
2025-11-10,2025-11-10 14:42:00,1566.5,1566.5,1566.42,1566.42,-0.01,24.43,37844.62,-1
2025-11-10,2025-11-10 14:43:00,1566.42,1566.42,1566.33,1566.33,-0.01,24.43,37844.62,-1
2025-11-10,2025-11-10 14:44:00,1566.33,1566.33,1566.25,1566.25,-0.01,24.43,37844.62,-1
2025-11-10,2025-11-10 14:45:00,1566.25,1566.25,1566.17,1566.17,-0.01,24.43,37844.62,-1
2025-11-10,2025-11-10 14:46:00,1566.17,1566.17,1566.08,1566.08,-0.01,24.43,37844.62,-1
2025-11-10,2025-11-10 14:47:00,1566.08,1566.08,1566.0,1566.0,-0.01,24.43,37844.62,-1
2025-11-10,2025-11-10 14:48:00,1566.0,1566.0,1565.92,1565.92,-0.01,24.43,37844.62,-1
2025-11-10,2025-11-10 14:49:00,1565.92,1565.92,1565.83,1565.83,-0.01,24.43,37844.62,-1
2025-11-10,2025-11-10 14:50:00,1565.83,1565.83,1565.75,1565.75,-0.01,24.43,37844.62,-1
2025-11-10,2025-11-10 14:51:00,1565.75,1565.75,1565.67,1565.67,-0.01,24.43,37844.62,-1
2025-11-10,2025-11-10 14:52:00,1565.67,1565.67,1565.58,1565.58,-0.01,24.43,37844.62,-1
2025-11-10,2025-11-10 14:53:00,1565.58,1565.58,1565.5,1565.5,-0.01,24.43,37844.62,-1
2025-11-10,2025-11-10 14:54:00,1565.5,1565.5,1565.42,1565.42,-0.01,24.43,37844.62,-1
2025-11-10,2025-11-10 14:55:00,1565.42,1565.42,1565.33,1565.33,-0.01,24.43,37844.62,-1
2025-11-10,2025-11-10 14:56:00,1565.33,1565.33,1565.25,1565.25,-0.01,24.43,37844.62,-1
2025-11-10,2025-11-10 14:57:00,1565.25,1565.25,1565.17,1565.17,-0.01,24.43,37844.62,-1
2025-11-10,2025-11-10 14:58:00,1565.17,1565.17,1565.08,1565.08,-0.01,24.43,37844.62,-1
2025-11-10,2025-11-10 14:59:00,1565.08,1565.08,1565.0,1565.0,-0.01,24.43,37844.62,-1
2025-11-10,2025-11-10 15:00:00,1565.0,1585.0,1529.0,1565.0,0.0,24.43,37844.62,0
2025-11-11,2025-11-11 11:00:00,1590.0,1611.12,1579.8,1589.87,-0.01,7.21,11421.78,-1
2025-11-11,2025-11-11 11:01:00,1589.87,1589.87,1589.73,1589.73,-0.01,7.21,11421.78,-1
2025-11-11,2025-11-11 11:02:00,1589.73,1589.73,1589.6,1589.6,-0.01,7.21,11421.78,-1
2025-11-11,2025-11-11 11:03:00,1589.6,1589.6,1589.47,1589.47,-0.01,7.21,11421.78,-1
2025-11-11,2025-11-11 11:04:00,1589.47,1589.47,1589.33,1589.33,-0.01,7.21,11421.78,-1
2025-11-11,2025-11-11 11:05:00,1589.33,1589.33,1589.2,1589.2,-0.01,7.21,11421.78,-1
2025-11-11,2025-11-11 11:06:00,1589.2,1589.2,1589.07,1589.07,-0.01,7.21,11421.78,-1
2025-11-11,2025-11-11 11:07:00,1589.07,1589.07,1588.93,1588.93,-0.01,7.21,11421.78,-1
2025-11-11,2025-11-11 11:08:00,1588.93,1588.93,1588.8,1588.8,-0.01,7.21,11421.78,-1
2025-11-11,2025-11-11 11:09:00,1588.8,1588.8,1588.67,1588.67,-0.01,7.21,11421.78,-1
2025-11-11,2025-11-11 11:10:00,1588.67,1588.67,1588.53,1588.53,-0.01,7.21,11421.78,-1
2025-11-11,2025-11-11 11:11:00,1588.53,1588.53,1588.4,1588.4,-0.01,7.21,11421.78,-1
2025-11-11,2025-11-11 11:12:00,1588.4,1588.4,1588.27,1588.27,-0.01,7.21,11421.78,-1
2025-11-11,2025-11-11 11:13:00,1588.27,1588.27,1588.13,1588.13,-0.01,7.21,11421.78,-1
2025-11-11,2025-11-11 11:14:00,1588.13,1588.13,1588.0,1588.0,-0.01,7.21,11421.78,-1
2025-11-11,2025-11-11 11:15:00,1588.0,1588.0,1587.87,1587.87,-0.01,7.21,11421.78,-1
2025-11-11,2025-11-11 11:16:00,1587.87,1587.87,1587.73,1587.73,-0.01,7.21,11421.78,-1
2025-11-11,2025-11-11 11:17:00,1587.73,1587.73,1587.6,1587.6,-0.01,7.21,11421.78,-1
2025-11-11,2025-11-11 11:18:00,1587.6,1587.6,1587.47,1587.47,-0.01,7.21,11421.78,-1
2025-11-11,2025-11-11 11:19:00,1587.47,1587.47,1587.33,1587.33,-0.01,7.21,11421.78,-1
2025-11-11,2025-11-11 11:20:00,1587.33,1587.33,1587.2,1587.2,-0.01,7.21,11421.78,-1
2025-11-11,2025-11-11 11:21:00,1587.2,1587.2,1587.07,1587.07,-0.01,7.21,11421.78,-1
2025-11-11,2025-11-11 11:22:00,1587.07,1587.07,1586.93,1586.93,-0.01,7.21,11421.78,-1
2025-11-11,2025-11-11 11:23:00,1586.93,1586.93,1586.8,1586.8,-0.01,7.21,11421.78,-1
2025-11-11,2025-11-11 11:24:00,1586.8,1586.8,1586.67,1586.67,-0.01,7.21,11421.78,-1
2025-11-11,2025-11-11 11:25:00,1586.67,1586.67,1586.53,1586.53,-0.01,7.21,11421.78,-1
2025-11-11,2025-11-11 11:26:00,1586.53,1586.53,1586.4,1586.4,-0.01,7.21,11421.78,-1
2025-11-11,2025-11-11 11:27:00,1586.4,1586.4,1586.27,1586.27,-0.01,7.21,11421.78,-1
2025-11-11,2025-11-11 11:28:00,1586.27,1586.27,1586.13,1586.13,-0.01,7.21,11421.78,-1
2025-11-11,2025-11-11 11:29:00,1586.13,1586.13,1586.0,1586.0,-0.01,7.21,11421.78,-1
2025-11-11,2025-11-11 11:30:00,1586.0,1586.0,1585.87,1585.87,-0.01,7.21,11421.78,-1
2025-11-11,2025-11-11 11:31:00,1585.87,1585.87,1585.73,1585.73,-0.01,7.21,11421.78,-1
2025-11-11,2025-11-11 11:32:00,1585.73,1585.73,1585.6,1585.6,-0.01,7.21,11421.78,-1
2025-11-11,2025-11-11 11:33:00,1585.6,1585.6,1585.47,1585.47,-0.01,7.21,11421.78,-1
2025-11-11,2025-11-11 11:34:00,1585.47,1585.47,1585.33,1585.33,-0.01,7.21,11421.78,-1
2025-11-11,2025-11-11 11:35:00,1585.33,1585.33,1585.2,1585.2,-0.01,7.21,11421.78,-1
2025-11-11,2025-11-11 11:36:00,1585.2,1585.2,1585.07,1585.07,-0.01,7.21,11421.78,-1
2025-11-11,2025-11-11 11:37:00,1585.07,1585.07,1584.93,1584.93,-0.01,7.21,11421.78,-1
2025-11-11,2025-11-11 11:38:00,1584.93,1584.93,1584.8,1584.8,-0.01,7.21,11421.78,-1
2025-11-11,2025-11-11 11:39:00,1584.8,1584.8,1584.67,1584.67,-0.01,7.21,11421.78,-1
2025-11-11,2025-11-11 11:40:00,1584.67,1584.67,1584.53,1584.53,-0.01,7.21,11421.78,-1
2025-11-11,2025-11-11 11:41:00,1584.53,1584.53,1584.4,1584.4,-0.01,7.21,11421.78,-1
2025-11-11,2025-11-11 11:42:00,1584.4,1584.4,1584.27,1584.27,-0.01,7.21,11421.78,-1
2025-11-11,2025-11-11 11:43:00,1584.27,1584.27,1584.13,1584.13,-0.01,7.21,11421.78,-1
2025-11-11,2025-11-11 11:44:00,1584.13,1584.13,1584.0,1584.0,-0.01,7.21,11421.78,-1
2025-11-11,2025-11-11 11:45:00,1584.0,1584.0,1583.87,1583.87,-0.01,7.21,11421.78,-1
2025-11-11,2025-11-11 11:46:00,1583.87,1583.87,1583.73,1583.73,-0.01,7.21,11421.78,-1
2025-11-11,2025-11-11 11:47:00,1583.73,1583.73,1583.6,1583.6,-0.01,7.21,11421.78,-1
2025-11-11,2025-11-11 11:48:00,1583.6,1583.6,1583.47,1583.47,-0.01,7.21,11421.78,-1
2025-11-11,2025-11-11 11:49:00,1583.47,1583.47,1583.33,1583.33,-0.01,7.21,11421.78,-1
2025-11-11,2025-11-11 11:50:00,1583.33,1583.33,1583.2,1583.2,-0.01,7.21,11421.78,-1
2025-11-11,2025-11-11 11:51:00,1583.2,1583.2,1583.07,1583.07,-0.01,7.21,11421.78,-1
2025-11-11,2025-11-11 11:52:00,1583.07,1583.07,1582.93,1582.93,-0.01,7.21,11421.78,-1
2025-11-11,2025-11-11 11:53:00,1582.93,1582.93,1582.8,1582.8,-0.01,7.21,11421.78,-1
2025-11-11,2025-11-11 11:54:00,1582.8,1582.8,1582.67,1582.67,-0.01,7.21,11421.78,-1
2025-11-11,2025-11-11 11:55:00,1582.67,1582.67,1582.53,1582.53,-0.01,7.21,11421.78,-1
2025-11-11,2025-11-11 11:56:00,1582.53,1582.53,1582.4,1582.4,-0.01,7.21,11421.78,-1
2025-11-11,2025-11-11 11:57:00,1582.4,1582.4,1582.27,1582.27,-0.01,7.21,11421.78,-1
2025-11-11,2025-11-11 11:58:00,1582.27,1582.27,1582.13,1582.13,-0.01,7.21,11421.78,-1
2025-11-11,2025-11-11 11:59:00,1582.13,1582.13,1582.0,1582.0,-0.01,7.21,11421.78,-1
2025-11-11,2025-11-11 12:00:00,1582.0,1582.0,1581.87,1581.87,-0.01,7.21,11421.78,-1
2025-11-11,2025-11-11 12:01:00,1581.87,1581.87,1581.73,1581.73,-0.01,7.21,11421.78,-1
2025-11-11,2025-11-11 12:02:00,1581.73,1581.73,1581.6,1581.6,-0.01,7.21,11421.78,-1
2025-11-11,2025-11-11 12:03:00,1581.6,1581.6,1581.47,1581.47,-0.01,7.21,11421.78,-1
2025-11-11,2025-11-11 12:04:00,1581.47,1581.47,1581.33,1581.33,-0.01,7.21,11421.78,-1
2025-11-11,2025-11-11 12:05:00,1581.33,1581.33,1581.2,1581.2,-0.01,7.21,11421.78,-1
2025-11-11,2025-11-11 12:06:00,1581.2,1581.2,1581.07,1581.07,-0.01,7.21,11421.78,-1
2025-11-11,2025-11-11 12:07:00,1581.07,1581.07,1580.93,1580.93,-0.01,7.21,11421.78,-1
2025-11-11,2025-11-11 12:08:00,1580.93,1580.93,1580.8,1580.8,-0.01,7.21,11421.78,-1
2025-11-11,2025-11-11 12:09:00,1580.8,1580.8,1580.67,1580.67,-0.01,7.21,11421.78,-1
2025-11-11,2025-11-11 12:10:00,1580.67,1580.67,1580.53,1580.53,-0.01,7.21,11421.78,-1
2025-11-11,2025-11-11 12:11:00,1580.53,1580.53,1580.4,1580.4,-0.01,7.21,11421.78,-1
2025-11-11,2025-11-11 12:12:00,1580.4,1580.4,1580.27,1580.27,-0.01,7.21,11421.78,-1
2025-11-11,2025-11-11 12:13:00,1580.27,1580.27,1580.13,1580.13,-0.01,7.21,11421.78,-1
2025-11-11,2025-11-11 12:14:00,1580.13,1580.13,1580.0,1580.0,-0.01,7.21,11421.78,-1
2025-11-11,2025-11-11 12:15:00,1580.0,1580.0,1579.87,1579.87,-0.01,7.21,11421.78,-1
2025-11-11,2025-11-11 12:16:00,1579.87,1579.87,1579.73,1579.73,-0.01,7.21,11421.78,-1
2025-11-11,2025-11-11 12:17:00,1579.73,1579.73,1579.6,1579.6,-0.01,7.21,11421.78,-1
2025-11-11,2025-11-11 12:18:00,1579.6,1579.6,1579.47,1579.47,-0.01,7.21,11421.78,-1
2025-11-11,2025-11-11 12:19:00,1579.47,1579.47,1579.33,1579.33,-0.01,7.21,11421.78,-1
2025-11-11,2025-11-11 12:20:00,1579.33,1579.33,1579.2,1579.2,-0.01,7.21,11421.78,-1
2025-11-11,2025-11-11 12:21:00,1579.2,1579.2,1579.07,1579.07,-0.01,7.21,11421.78,-1
2025-11-11,2025-11-11 12:22:00,1579.07,1579.07,1578.93,1578.93,-0.01,7.21,11421.78,-1
2025-11-11,2025-11-11 12:23:00,1578.93,1578.93,1578.8,1578.8,-0.01,7.21,11421.78,-1
2025-11-11,2025-11-11 12:24:00,1578.8,1578.8,1578.67,1578.67,-0.01,7.21,11421.78,-1
2025-11-11,2025-11-11 12:25:00,1578.67,1578.67,1578.53,1578.53,-0.01,7.21,11421.78,-1
2025-11-11,2025-11-11 12:26:00,1578.53,1578.53,1578.4,1578.4,-0.01,7.21,11421.78,-1
2025-11-11,2025-11-11 12:27:00,1578.4,1578.4,1578.27,1578.27,-0.01,7.21,11421.78,-1
2025-11-11,2025-11-11 12:28:00,1578.27,1578.27,1578.13,1578.13,-0.01,7.21,11421.78,-1
2025-11-11,2025-11-11 12:29:00,1578.13,1578.13,1578.0,1578.0,-0.01,7.21,11421.78,-1
2025-11-11,2025-11-11 12:30:00,1578.0,1578.0,1577.87,1577.87,-0.01,7.21,11421.78,-1
2025-11-11,2025-11-11 12:31:00,1577.87,1577.87,1577.73,1577.73,-0.01,7.21,11421.78,-1
2025-11-11,2025-11-11 12:32:00,1577.73,1577.73,1577.6,1577.6,-0.01,7.21,11421.78,-1
2025-11-11,2025-11-11 12:33:00,1577.6,1577.6,1577.47,1577.47,-0.01,7.21,11421.78,-1
2025-11-11,2025-11-11 12:34:00,1577.47,1577.47,1577.33,1577.33,-0.01,7.21,11421.78,-1
2025-11-11,2025-11-11 12:35:00,1577.33,1577.33,1577.2,1577.2,-0.01,7.21,11421.78,-1
2025-11-11,2025-11-11 12:36:00,1577.2,1577.2,1577.07,1577.07,-0.01,7.21,11421.78,-1
2025-11-11,2025-11-11 12:37:00,1577.07,1577.07,1576.93,1576.93,-0.01,7.21,11421.78,-1
2025-11-11,2025-11-11 12:38:00,1576.93,1576.93,1576.8,1576.8,-0.01,7.21,11421.78,-1
2025-11-11,2025-11-11 12:39:00,1576.8,1576.8,1576.67,1576.67,-0.01,7.21,11421.78,-1
2025-11-11,2025-11-11 12:40:00,1576.67,1576.67,1576.53,1576.53,-0.01,7.21,11421.78,-1
2025-11-11,2025-11-11 12:41:00,1576.53,1576.53,1576.4,1576.4,-0.01,7.21,11421.78,-1
2025-11-11,2025-11-11 12:42:00,1576.4,1576.4,1576.27,1576.27,-0.01,7.21,11421.78,-1
2025-11-11,2025-11-11 12:43:00,1576.27,1576.27,1576.13,1576.13,-0.01,7.21,11421.78,-1
2025-11-11,2025-11-11 12:44:00,1576.13,1576.13,1576.0,1576.0,-0.01,7.21,11421.78,-1
2025-11-11,2025-11-11 12:45:00,1576.0,1576.0,1575.87,1575.87,-0.01,7.21,11421.78,-1
2025-11-11,2025-11-11 12:46:00,1575.87,1575.87,1575.73,1575.73,-0.01,7.21,11421.78,-1
2025-11-11,2025-11-11 12:47:00,1575.73,1575.73,1575.6,1575.6,-0.01,7.21,11421.78,-1
2025-11-11,2025-11-11 12:48:00,1575.6,1575.6,1575.47,1575.47,-0.01,7.21,11421.78,-1
2025-11-11,2025-11-11 12:49:00,1575.47,1575.47,1575.33,1575.33,-0.01,7.21,11421.78,-1
2025-11-11,2025-11-11 12:50:00,1575.33,1575.33,1575.2,1575.2,-0.01,7.21,11421.78,-1
2025-11-11,2025-11-11 12:51:00,1575.2,1575.2,1575.07,1575.07,-0.01,7.21,11421.78,-1
2025-11-11,2025-11-11 12:52:00,1575.07,1575.07,1574.93,1574.93,-0.01,7.21,11421.78,-1
2025-11-11,2025-11-11 12:53:00,1574.93,1574.93,1574.8,1574.8,-0.01,7.21,11421.78,-1
2025-11-11,2025-11-11 12:54:00,1574.8,1574.8,1574.67,1574.67,-0.01,7.21,11421.78,-1
2025-11-11,2025-11-11 12:55:00,1574.67,1574.67,1574.53,1574.53,-0.01,7.21,11421.78,-1
2025-11-11,2025-11-11 12:56:00,1574.53,1574.53,1574.4,1574.4,-0.01,7.21,11421.78,-1
2025-11-11,2025-11-11 12:57:00,1574.4,1574.4,1574.27,1574.27,-0.01,7.21,11421.78,-1
2025-11-11,2025-11-11 12:58:00,1574.27,1574.27,1574.13,1574.13,-0.01,7.21,11421.78,-1
2025-11-11,2025-11-11 12:59:00,1574.13,1574.13,1574.0,1574.0,-0.01,7.21,11421.78,-1
2025-11-11,2025-11-11 13:00:00,1574.0,1660.4,1556.0,1573.87,-0.01,7.21,11421.78,-1
2025-11-11,2025-11-11 13:01:00,1573.87,1573.87,1573.73,1573.73,-0.01,7.21,11421.78,-1
2025-11-11,2025-11-11 13:02:00,1573.73,1573.73,1573.6,1573.6,-0.01,7.21,11421.78,-1
2025-11-11,2025-11-11 13:03:00,1573.6,1573.6,1573.47,1573.47,-0.01,7.21,11421.78,-1
2025-11-11,2025-11-11 13:04:00,1573.47,1573.47,1573.33,1573.33,-0.01,7.21,11421.78,-1
2025-11-11,2025-11-11 13:05:00,1573.33,1573.33,1573.2,1573.2,-0.01,7.21,11421.78,-1
2025-11-11,2025-11-11 13:06:00,1573.2,1573.2,1573.07,1573.07,-0.01,7.21,11421.78,-1
2025-11-11,2025-11-11 13:07:00,1573.07,1573.07,1572.93,1572.93,-0.01,7.21,11421.78,-1
2025-11-11,2025-11-11 13:08:00,1572.93,1572.93,1572.8,1572.8,-0.01,7.21,11421.78,-1
2025-11-11,2025-11-11 13:09:00,1572.8,1572.8,1572.67,1572.67,-0.01,7.21,11421.78,-1
2025-11-11,2025-11-11 13:10:00,1572.67,1572.67,1572.53,1572.53,-0.01,7.21,11421.78,-1
2025-11-11,2025-11-11 13:11:00,1572.53,1572.53,1572.4,1572.4,-0.01,7.21,11421.78,-1
2025-11-11,2025-11-11 13:12:00,1572.4,1572.4,1572.27,1572.27,-0.01,7.21,11421.78,-1
2025-11-11,2025-11-11 13:13:00,1572.27,1572.27,1572.13,1572.13,-0.01,7.21,11421.78,-1
2025-11-11,2025-11-11 13:14:00,1572.13,1572.13,1572.0,1572.0,-0.01,7.21,11421.78,-1
2025-11-11,2025-11-11 13:15:00,1572.0,1572.0,1571.87,1571.87,-0.01,7.21,11421.78,-1
2025-11-11,2025-11-11 13:16:00,1571.87,1571.87,1571.73,1571.73,-0.01,7.21,11421.78,-1
2025-11-11,2025-11-11 13:17:00,1571.73,1571.73,1571.6,1571.6,-0.01,7.21,11421.78,-1
2025-11-11,2025-11-11 13:18:00,1571.6,1571.6,1571.47,1571.47,-0.01,7.21,11421.78,-1
2025-11-11,2025-11-11 13:19:00,1571.47,1571.47,1571.33,1571.33,-0.01,7.21,11421.78,-1
2025-11-11,2025-11-11 13:20:00,1571.33,1571.33,1571.2,1571.2,-0.01,7.21,11421.78,-1
2025-11-11,2025-11-11 13:21:00,1571.2,1571.2,1571.07,1571.07,-0.01,7.21,11421.78,-1
2025-11-11,2025-11-11 13:22:00,1571.07,1571.07,1570.93,1570.93,-0.01,7.21,11421.78,-1
2025-11-11,2025-11-11 13:23:00,1570.93,1570.93,1570.8,1570.8,-0.01,7.21,11421.78,-1
2025-11-11,2025-11-11 13:24:00,1570.8,1570.8,1570.67,1570.67,-0.01,7.21,11421.78,-1
2025-11-11,2025-11-11 13:25:00,1570.67,1570.67,1570.53,1570.53,-0.01,7.21,11421.78,-1
2025-11-11,2025-11-11 13:26:00,1570.53,1570.53,1570.4,1570.4,-0.01,7.21,11421.78,-1
2025-11-11,2025-11-11 13:27:00,1570.4,1570.4,1570.27,1570.27,-0.01,7.21,11421.78,-1
2025-11-11,2025-11-11 13:28:00,1570.27,1570.27,1570.13,1570.13,-0.01,7.21,11421.78,-1
2025-11-11,2025-11-11 13:29:00,1570.13,1570.13,1570.0,1570.0,-0.01,7.21,11421.78,-1
2025-11-11,2025-11-11 13:30:00,1570.0,1570.0,1569.87,1569.87,-0.01,7.21,11421.78,-1
2025-11-11,2025-11-11 13:31:00,1569.87,1569.87,1569.73,1569.73,-0.01,7.21,11421.78,-1
2025-11-11,2025-11-11 13:32:00,1569.73,1569.73,1569.6,1569.6,-0.01,7.21,11421.78,-1
2025-11-11,2025-11-11 13:33:00,1569.6,1569.6,1569.47,1569.47,-0.01,7.21,11421.78,-1
2025-11-11,2025-11-11 13:34:00,1569.47,1569.47,1569.33,1569.33,-0.01,7.21,11421.78,-1
2025-11-11,2025-11-11 13:35:00,1569.33,1569.33,1569.2,1569.2,-0.01,7.21,11421.78,-1
2025-11-11,2025-11-11 13:36:00,1569.2,1569.2,1569.07,1569.07,-0.01,7.21,11421.78,-1
2025-11-11,2025-11-11 13:37:00,1569.07,1569.07,1568.93,1568.93,-0.01,7.21,11421.78,-1
2025-11-11,2025-11-11 13:38:00,1568.93,1568.93,1568.8,1568.8,-0.01,7.21,11421.78,-1
2025-11-11,2025-11-11 13:39:00,1568.8,1568.8,1568.67,1568.67,-0.01,7.21,11421.78,-1
2025-11-11,2025-11-11 13:40:00,1568.67,1568.67,1568.53,1568.53,-0.01,7.21,11421.78,-1
2025-11-11,2025-11-11 13:41:00,1568.53,1568.53,1568.4,1568.4,-0.01,7.21,11421.78,-1
2025-11-11,2025-11-11 13:42:00,1568.4,1568.4,1568.27,1568.27,-0.01,7.21,11421.78,-1
2025-11-11,2025-11-11 13:43:00,1568.27,1568.27,1568.13,1568.13,-0.01,7.21,11421.78,-1
2025-11-11,2025-11-11 13:44:00,1568.13,1568.13,1568.0,1568.0,-0.01,7.21,11421.78,-1
2025-11-11,2025-11-11 13:45:00,1568.0,1568.0,1567.87,1567.87,-0.01,7.21,11421.78,-1
2025-11-11,2025-11-11 13:46:00,1567.87,1567.87,1567.73,1567.73,-0.01,7.21,11421.78,-1
2025-11-11,2025-11-11 13:47:00,1567.73,1567.73,1567.6,1567.6,-0.01,7.21,11421.78,-1
2025-11-11,2025-11-11 13:48:00,1567.6,1567.6,1567.47,1567.47,-0.01,7.21,11421.78,-1
2025-11-11,2025-11-11 13:49:00,1567.47,1567.47,1567.33,1567.33,-0.01,7.21,11421.78,-1
2025-11-11,2025-11-11 13:50:00,1567.33,1567.33,1567.2,1567.2,-0.01,7.21,11421.78,-1
2025-11-11,2025-11-11 13:51:00,1567.2,1567.2,1567.07,1567.07,-0.01,7.21,11421.78,-1
2025-11-11,2025-11-11 13:52:00,1567.07,1567.07,1566.93,1566.93,-0.01,7.21,11421.78,-1
2025-11-11,2025-11-11 13:53:00,1566.93,1566.93,1566.8,1566.8,-0.01,7.21,11421.78,-1
2025-11-11,2025-11-11 13:54:00,1566.8,1566.8,1566.67,1566.67,-0.01,7.21,11421.78,-1
2025-11-11,2025-11-11 13:55:00,1566.67,1566.67,1566.53,1566.53,-0.01,7.21,11421.78,-1
2025-11-11,2025-11-11 13:56:00,1566.53,1566.53,1566.4,1566.4,-0.01,7.21,11421.78,-1
2025-11-11,2025-11-11 13:57:00,1566.4,1566.4,1566.27,1566.27,-0.01,7.21,11421.78,-1
2025-11-11,2025-11-11 13:58:00,1566.27,1566.27,1566.13,1566.13,-0.01,7.21,11421.78,-1
2025-11-11,2025-11-11 13:59:00,1566.13,1566.13,1566.0,1566.0,-0.01,7.21,11421.78,-1
2025-11-11,2025-11-11 14:00:00,1566.0,1566.0,1565.87,1565.87,-0.01,7.21,11421.78,-1
2025-11-11,2025-11-11 14:01:00,1565.87,1565.87,1565.73,1565.73,-0.01,7.21,11421.78,-1
2025-11-11,2025-11-11 14:02:00,1565.73,1565.73,1565.6,1565.6,-0.01,7.21,11421.78,-1
2025-11-11,2025-11-11 14:03:00,1565.6,1565.6,1565.47,1565.47,-0.01,7.21,11421.78,-1
2025-11-11,2025-11-11 14:04:00,1565.47,1565.47,1565.33,1565.33,-0.01,7.21,11421.78,-1
2025-11-11,2025-11-11 14:05:00,1565.33,1565.33,1565.2,1565.2,-0.01,7.21,11421.78,-1
2025-11-11,2025-11-11 14:06:00,1565.2,1565.2,1565.07,1565.07,-0.01,7.21,11421.78,-1
2025-11-11,2025-11-11 14:07:00,1565.07,1565.07,1564.93,1564.93,-0.01,7.21,11421.78,-1
2025-11-11,2025-11-11 14:08:00,1564.93,1564.93,1564.8,1564.8,-0.01,7.21,11421.78,-1
2025-11-11,2025-11-11 14:09:00,1564.8,1564.8,1564.67,1564.67,-0.01,7.21,11421.78,-1
2025-11-11,2025-11-11 14:10:00,1564.67,1564.67,1564.53,1564.53,-0.01,7.21,11421.78,-1
2025-11-11,2025-11-11 14:11:00,1564.53,1564.53,1564.4,1564.4,-0.01,7.21,11421.78,-1
2025-11-11,2025-11-11 14:12:00,1564.4,1564.4,1564.27,1564.27,-0.01,7.21,11421.78,-1
2025-11-11,2025-11-11 14:13:00,1564.27,1564.27,1564.13,1564.13,-0.01,7.21,11421.78,-1
2025-11-11,2025-11-11 14:14:00,1564.13,1564.13,1564.0,1564.0,-0.01,7.21,11421.78,-1
2025-11-11,2025-11-11 14:15:00,1564.0,1564.0,1563.87,1563.87,-0.01,7.21,11421.78,-1
2025-11-11,2025-11-11 14:16:00,1563.87,1563.87,1563.73,1563.73,-0.01,7.21,11421.78,-1
2025-11-11,2025-11-11 14:17:00,1563.73,1563.73,1563.6,1563.6,-0.01,7.21,11421.78,-1
2025-11-11,2025-11-11 14:18:00,1563.6,1563.6,1563.47,1563.47,-0.01,7.21,11421.78,-1
2025-11-11,2025-11-11 14:19:00,1563.47,1563.47,1563.33,1563.33,-0.01,7.21,11421.78,-1
2025-11-11,2025-11-11 14:20:00,1563.33,1563.33,1563.2,1563.2,-0.01,7.21,11421.78,-1
2025-11-11,2025-11-11 14:21:00,1563.2,1563.2,1563.07,1563.07,-0.01,7.21,11421.78,-1
2025-11-11,2025-11-11 14:22:00,1563.07,1563.07,1562.93,1562.93,-0.01,7.21,11421.78,-1
2025-11-11,2025-11-11 14:23:00,1562.93,1562.93,1562.8,1562.8,-0.01,7.21,11421.78,-1
2025-11-11,2025-11-11 14:24:00,1562.8,1562.8,1562.67,1562.67,-0.01,7.21,11421.78,-1
2025-11-11,2025-11-11 14:25:00,1562.67,1562.67,1562.53,1562.53,-0.01,7.21,11421.78,-1
2025-11-11,2025-11-11 14:26:00,1562.53,1562.53,1562.4,1562.4,-0.01,7.21,11421.78,-1
2025-11-11,2025-11-11 14:27:00,1562.4,1562.4,1562.27,1562.27,-0.01,7.21,11421.78,-1
2025-11-11,2025-11-11 14:28:00,1562.27,1562.27,1562.13,1562.13,-0.01,7.21,11421.78,-1
2025-11-11,2025-11-11 14:29:00,1562.13,1562.13,1562.0,1562.0,-0.01,7.21,11421.78,-1
2025-11-11,2025-11-11 14:30:00,1562.0,1562.0,1561.87,1561.87,-0.01,7.21,11421.78,-1
2025-11-11,2025-11-11 14:31:00,1561.87,1561.87,1561.73,1561.73,-0.01,7.21,11421.78,-1
2025-11-11,2025-11-11 14:32:00,1561.73,1561.73,1561.6,1561.6,-0.01,7.21,11421.78,-1
2025-11-11,2025-11-11 14:33:00,1561.6,1561.6,1561.47,1561.47,-0.01,7.21,11421.78,-1
2025-11-11,2025-11-11 14:34:00,1561.47,1561.47,1561.33,1561.33,-0.01,7.21,11421.78,-1
2025-11-11,2025-11-11 14:35:00,1561.33,1561.33,1561.2,1561.2,-0.01,7.21,11421.78,-1
2025-11-11,2025-11-11 14:36:00,1561.2,1561.2,1561.07,1561.07,-0.01,7.21,11421.78,-1
2025-11-11,2025-11-11 14:37:00,1561.07,1561.07,1560.93,1560.93,-0.01,7.21,11421.78,-1
2025-11-11,2025-11-11 14:38:00,1560.93,1560.93,1560.8,1560.8,-0.01,7.21,11421.78,-1
2025-11-11,2025-11-11 14:39:00,1560.8,1560.8,1560.67,1560.67,-0.01,7.21,11421.78,-1
2025-11-11,2025-11-11 14:40:00,1560.67,1560.67,1560.53,1560.53,-0.01,7.21,11421.78,-1
2025-11-11,2025-11-11 14:41:00,1560.53,1560.53,1560.4,1560.4,-0.01,7.21,11421.78,-1
2025-11-11,2025-11-11 14:42:00,1560.4,1560.4,1560.27,1560.27,-0.01,7.21,11421.78,-1
2025-11-11,2025-11-11 14:43:00,1560.27,1560.27,1560.13,1560.13,-0.01,7.21,11421.78,-1
2025-11-11,2025-11-11 14:44:00,1560.13,1560.13,1560.0,1560.0,-0.01,7.21,11421.78,-1
2025-11-11,2025-11-11 14:45:00,1560.0,1560.0,1559.87,1559.87,-0.01,7.21,11421.78,-1
2025-11-11,2025-11-11 14:46:00,1559.87,1559.87,1559.73,1559.73,-0.01,7.21,11421.78,-1
2025-11-11,2025-11-11 14:47:00,1559.73,1559.73,1559.6,1559.6,-0.01,7.21,11421.78,-1
2025-11-11,2025-11-11 14:48:00,1559.6,1559.6,1559.47,1559.47,-0.01,7.21,11421.78,-1
2025-11-11,2025-11-11 14:49:00,1559.47,1559.47,1559.33,1559.33,-0.01,7.21,11421.78,-1
2025-11-11,2025-11-11 14:50:00,1559.33,1559.33,1559.2,1559.2,-0.01,7.21,11421.78,-1
2025-11-11,2025-11-11 14:51:00,1559.2,1559.2,1559.07,1559.07,-0.01,7.21,11421.78,-1
2025-11-11,2025-11-11 14:52:00,1559.07,1559.07,1558.93,1558.93,-0.01,7.21,11421.78,-1
2025-11-11,2025-11-11 14:53:00,1558.93,1558.93,1558.8,1558.8,-0.01,7.21,11421.78,-1
2025-11-11,2025-11-11 14:54:00,1558.8,1558.8,1558.67,1558.67,-0.01,7.21,11421.78,-1
2025-11-11,2025-11-11 14:55:00,1558.67,1558.67,1558.53,1558.53,-0.01,7.21,11421.78,-1
2025-11-11,2025-11-11 14:56:00,1558.53,1558.53,1558.4,1558.4,-0.01,7.21,11421.78,-1
2025-11-11,2025-11-11 14:57:00,1558.4,1558.4,1558.27,1558.27,-0.01,7.21,11421.78,-1
2025-11-11,2025-11-11 14:58:00,1558.27,1558.27,1558.13,1558.13,-0.01,7.21,11421.78,-1
2025-11-11,2025-11-11 14:59:00,1558.13,1558.13,1558.0,1558.0,-0.01,7.21,11421.78,-1
2025-11-11,2025-11-11 15:00:00,1558.0,1660.4,1556.0,1558.0,0.0,7.21,11421.78,0
2025-11-12,2025-11-12 11:00:00,1560.0,1560.0,1545.3,1559.8,-0.01,19.03,29015.24,-1
2025-11-12,2025-11-12 11:01:00,1559.8,1559.8,1559.59,1559.59,-0.01,19.03,29015.24,-1
2025-11-12,2025-11-12 11:02:00,1559.59,1559.59,1559.39,1559.39,-0.01,19.03,29015.24,-1
2025-11-12,2025-11-12 11:03:00,1559.39,1559.39,1559.18,1559.18,-0.01,19.03,29015.24,-1
2025-11-12,2025-11-12 11:04:00,1559.18,1559.18,1558.98,1558.98,-0.01,19.03,29015.24,-1
2025-11-12,2025-11-12 11:05:00,1558.98,1558.98,1558.78,1558.78,-0.01,19.03,29015.24,-1
2025-11-12,2025-11-12 11:06:00,1558.78,1558.78,1558.57,1558.57,-0.01,19.03,29015.24,-1
2025-11-12,2025-11-12 11:07:00,1558.57,1558.57,1558.37,1558.37,-0.01,19.03,29015.24,-1
2025-11-12,2025-11-12 11:08:00,1558.37,1558.37,1558.16,1558.16,-0.01,19.03,29015.24,-1
2025-11-12,2025-11-12 11:09:00,1558.16,1558.16,1557.96,1557.96,-0.01,19.03,29015.24,-1
2025-11-12,2025-11-12 11:10:00,1557.96,1557.96,1557.75,1557.75,-0.01,19.03,29015.24,-1
2025-11-12,2025-11-12 11:11:00,1557.75,1557.75,1557.55,1557.55,-0.01,19.03,29015.24,-1
2025-11-12,2025-11-12 11:12:00,1557.55,1557.55,1557.35,1557.35,-0.01,19.03,29015.24,-1
2025-11-12,2025-11-12 11:13:00,1557.35,1557.35,1557.14,1557.14,-0.01,19.03,29015.24,-1
2025-11-12,2025-11-12 11:14:00,1557.14,1557.14,1556.94,1556.94,-0.01,19.03,29015.24,-1
2025-11-12,2025-11-12 11:15:00,1556.94,1556.94,1556.73,1556.73,-0.01,19.03,29015.24,-1
2025-11-12,2025-11-12 11:16:00,1556.73,1556.73,1556.53,1556.53,-0.01,19.03,29015.24,-1
2025-11-12,2025-11-12 11:17:00,1556.53,1556.53,1556.33,1556.33,-0.01,19.03,29015.24,-1
2025-11-12,2025-11-12 11:18:00,1556.33,1556.33,1556.12,1556.12,-0.01,19.03,29015.24,-1
2025-11-12,2025-11-12 11:19:00,1556.12,1556.12,1555.92,1555.92,-0.01,19.03,29015.24,-1
2025-11-12,2025-11-12 11:20:00,1555.92,1555.92,1555.71,1555.71,-0.01,19.03,29015.24,-1
2025-11-12,2025-11-12 11:21:00,1555.71,1555.71,1555.51,1555.51,-0.01,19.03,29015.24,-1
2025-11-12,2025-11-12 11:22:00,1555.51,1555.51,1555.3,1555.3,-0.01,19.03,29015.24,-1
2025-11-12,2025-11-12 11:23:00,1555.3,1555.3,1555.1,1555.1,-0.01,19.03,29015.24,-1
2025-11-12,2025-11-12 11:24:00,1555.1,1555.1,1554.9,1554.9,-0.01,19.03,29015.24,-1
2025-11-12,2025-11-12 11:25:00,1554.9,1554.9,1554.69,1554.69,-0.01,19.03,29015.24,-1
2025-11-12,2025-11-12 11:26:00,1554.69,1554.69,1554.49,1554.49,-0.01,19.03,29015.24,-1
2025-11-12,2025-11-12 11:27:00,1554.49,1554.49,1554.28,1554.28,-0.01,19.03,29015.24,-1
2025-11-12,2025-11-12 11:28:00,1554.28,1554.28,1554.08,1554.08,-0.01,19.03,29015.24,-1
2025-11-12,2025-11-12 11:29:00,1554.08,1554.08,1553.88,1553.88,-0.01,19.03,29015.24,-1
2025-11-12,2025-11-12 11:30:00,1553.88,1553.88,1553.67,1553.67,-0.01,19.03,29015.24,-1
2025-11-12,2025-11-12 11:31:00,1553.67,1553.67,1553.47,1553.47,-0.01,19.03,29015.24,-1
2025-11-12,2025-11-12 11:32:00,1553.47,1553.47,1553.26,1553.26,-0.01,19.03,29015.24,-1
2025-11-12,2025-11-12 11:33:00,1553.26,1553.26,1553.06,1553.06,-0.01,19.03,29015.24,-1
2025-11-12,2025-11-12 11:34:00,1553.06,1553.06,1552.85,1552.85,-0.01,19.03,29015.24,-1
2025-11-12,2025-11-12 11:35:00,1552.85,1552.85,1552.65,1552.65,-0.01,19.03,29015.24,-1
2025-11-12,2025-11-12 11:36:00,1552.65,1552.65,1552.45,1552.45,-0.01,19.03,29015.24,-1
2025-11-12,2025-11-12 11:37:00,1552.45,1552.45,1552.24,1552.24,-0.01,19.03,29015.24,-1
2025-11-12,2025-11-12 11:38:00,1552.24,1552.24,1552.04,1552.04,-0.01,19.03,29015.24,-1
2025-11-12,2025-11-12 11:39:00,1552.04,1552.04,1551.83,1551.83,-0.01,19.03,29015.24,-1
2025-11-12,2025-11-12 11:40:00,1551.83,1551.83,1551.63,1551.63,-0.01,19.03,29015.24,-1
2025-11-12,2025-11-12 11:41:00,1551.63,1551.63,1551.42,1551.42,-0.01,19.03,29015.24,-1
2025-11-12,2025-11-12 11:42:00,1551.42,1551.42,1551.22,1551.22,-0.01,19.03,29015.24,-1
2025-11-12,2025-11-12 11:43:00,1551.22,1551.22,1551.02,1551.02,-0.01,19.03,29015.24,-1
2025-11-12,2025-11-12 11:44:00,1551.02,1551.02,1550.81,1550.81,-0.01,19.03,29015.24,-1
2025-11-12,2025-11-12 11:45:00,1550.81,1550.81,1550.61,1550.61,-0.01,19.03,29015.24,-1
2025-11-12,2025-11-12 11:46:00,1550.61,1550.61,1550.4,1550.4,-0.01,19.03,29015.24,-1
2025-11-12,2025-11-12 11:47:00,1550.4,1550.4,1550.2,1550.2,-0.01,19.03,29015.24,-1
2025-11-12,2025-11-12 11:48:00,1550.2,1550.2,1550.0,1550.0,-0.01,19.03,29015.24,-1
2025-11-12,2025-11-12 11:49:00,1550.0,1550.0,1549.79,1549.79,-0.01,19.03,29015.24,-1
2025-11-12,2025-11-12 11:50:00,1549.79,1549.79,1549.59,1549.59,-0.01,19.03,29015.24,-1
2025-11-12,2025-11-12 11:51:00,1549.59,1549.59,1549.38,1549.38,-0.01,19.03,29015.24,-1
2025-11-12,2025-11-12 11:52:00,1549.38,1549.38,1549.18,1549.18,-0.01,19.03,29015.24,-1
2025-11-12,2025-11-12 11:53:00,1549.18,1549.18,1548.97,1548.97,-0.01,19.03,29015.24,-1
2025-11-12,2025-11-12 11:54:00,1548.97,1548.97,1548.77,1548.77,-0.01,19.03,29015.24,-1
2025-11-12,2025-11-12 11:55:00,1548.77,1548.77,1548.57,1548.57,-0.01,19.03,29015.24,-1
2025-11-12,2025-11-12 11:56:00,1548.57,1548.57,1548.36,1548.36,-0.01,19.03,29015.24,-1
2025-11-12,2025-11-12 11:57:00,1548.36,1548.36,1548.16,1548.16,-0.01,19.03,29015.24,-1
2025-11-12,2025-11-12 11:58:00,1548.16,1548.16,1547.95,1547.95,-0.01,19.03,29015.24,-1
2025-11-12,2025-11-12 11:59:00,1547.95,1547.95,1547.75,1547.75,-0.01,19.03,29015.24,-1
2025-11-12,2025-11-12 12:00:00,1547.75,1547.75,1547.55,1547.55,-0.01,19.03,29015.24,-1
2025-11-12,2025-11-12 12:01:00,1547.55,1547.55,1547.34,1547.34,-0.01,19.03,29015.24,-1
2025-11-12,2025-11-12 12:02:00,1547.34,1547.34,1547.14,1547.14,-0.01,19.03,29015.24,-1
2025-11-12,2025-11-12 12:03:00,1547.14,1547.14,1546.93,1546.93,-0.01,19.03,29015.24,-1
2025-11-12,2025-11-12 12:04:00,1546.93,1546.93,1546.73,1546.73,-0.01,19.03,29015.24,-1
2025-11-12,2025-11-12 12:05:00,1546.73,1546.73,1546.53,1546.53,-0.01,19.03,29015.24,-1
2025-11-12,2025-11-12 12:06:00,1546.53,1546.53,1546.32,1546.32,-0.01,19.03,29015.24,-1
2025-11-12,2025-11-12 12:07:00,1546.32,1546.32,1546.12,1546.12,-0.01,19.03,29015.24,-1
2025-11-12,2025-11-12 12:08:00,1546.12,1546.12,1545.91,1545.91,-0.01,19.03,29015.24,-1
2025-11-12,2025-11-12 12:09:00,1545.91,1545.91,1545.71,1545.71,-0.01,19.03,29015.24,-1
2025-11-12,2025-11-12 12:10:00,1545.71,1545.71,1545.5,1545.5,-0.01,19.03,29015.24,-1
2025-11-12,2025-11-12 12:11:00,1545.5,1545.5,1545.3,1545.3,-0.01,19.03,29015.24,-1
2025-11-12,2025-11-12 12:12:00,1545.3,1545.3,1545.1,1545.1,-0.01,19.03,29015.24,-1
2025-11-12,2025-11-12 12:13:00,1545.1,1545.1,1544.89,1544.89,-0.01,19.03,29015.24,-1
2025-11-12,2025-11-12 12:14:00,1544.89,1544.89,1544.69,1544.69,-0.01,19.03,29015.24,-1
2025-11-12,2025-11-12 12:15:00,1544.69,1544.69,1544.48,1544.48,-0.01,19.03,29015.24,-1
2025-11-12,2025-11-12 12:16:00,1544.48,1544.48,1544.28,1544.28,-0.01,19.03,29015.24,-1
2025-11-12,2025-11-12 12:17:00,1544.28,1544.28,1544.08,1544.08,-0.01,19.03,29015.24,-1
2025-11-12,2025-11-12 12:18:00,1544.08,1544.08,1543.87,1543.87,-0.01,19.03,29015.24,-1
2025-11-12,2025-11-12 12:19:00,1543.87,1543.87,1543.67,1543.67,-0.01,19.03,29015.24,-1
2025-11-12,2025-11-12 12:20:00,1543.67,1543.67,1543.46,1543.46,-0.01,19.03,29015.24,-1
2025-11-12,2025-11-12 12:21:00,1543.46,1543.46,1543.26,1543.26,-0.01,19.03,29015.24,-1
2025-11-12,2025-11-12 12:22:00,1543.26,1543.26,1543.05,1543.05,-0.01,19.03,29015.24,-1
2025-11-12,2025-11-12 12:23:00,1543.05,1543.05,1542.85,1542.85,-0.01,19.03,29015.24,-1
2025-11-12,2025-11-12 12:24:00,1542.85,1542.85,1542.65,1542.65,-0.01,19.03,29015.24,-1
2025-11-12,2025-11-12 12:25:00,1542.65,1542.65,1542.44,1542.44,-0.01,19.03,29015.24,-1
2025-11-12,2025-11-12 12:26:00,1542.44,1542.44,1542.24,1542.24,-0.01,19.03,29015.24,-1
2025-11-12,2025-11-12 12:27:00,1542.24,1542.24,1542.03,1542.03,-0.01,19.03,29015.24,-1
2025-11-12,2025-11-12 12:28:00,1542.03,1542.03,1541.83,1541.83,-0.01,19.03,29015.24,-1
2025-11-12,2025-11-12 12:29:00,1541.83,1541.83,1541.62,1541.62,-0.01,19.03,29015.24,-1
2025-11-12,2025-11-12 12:30:00,1541.62,1541.62,1541.42,1541.42,-0.01,19.03,29015.24,-1
2025-11-12,2025-11-12 12:31:00,1541.42,1541.42,1541.22,1541.22,-0.01,19.03,29015.24,-1
2025-11-12,2025-11-12 12:32:00,1541.22,1541.22,1541.01,1541.01,-0.01,19.03,29015.24,-1
2025-11-12,2025-11-12 12:33:00,1541.01,1541.01,1540.81,1540.81,-0.01,19.03,29015.24,-1
2025-11-12,2025-11-12 12:34:00,1540.81,1540.81,1540.6,1540.6,-0.01,19.03,29015.24,-1
2025-11-12,2025-11-12 12:35:00,1540.6,1540.6,1540.4,1540.4,-0.01,19.03,29015.24,-1
2025-11-12,2025-11-12 12:36:00,1540.4,1540.4,1540.2,1540.2,-0.01,19.03,29015.24,-1
2025-11-12,2025-11-12 12:37:00,1540.2,1540.2,1539.99,1539.99,-0.01,19.03,29015.24,-1
2025-11-12,2025-11-12 12:38:00,1539.99,1539.99,1539.79,1539.79,-0.01,19.03,29015.24,-1
2025-11-12,2025-11-12 12:39:00,1539.79,1539.79,1539.58,1539.58,-0.01,19.03,29015.24,-1
2025-11-12,2025-11-12 12:40:00,1539.58,1539.58,1539.38,1539.38,-0.01,19.03,29015.24,-1
2025-11-12,2025-11-12 12:41:00,1539.38,1539.38,1539.17,1539.17,-0.01,19.03,29015.24,-1
2025-11-12,2025-11-12 12:42:00,1539.17,1539.17,1538.97,1538.97,-0.01,19.03,29015.24,-1
2025-11-12,2025-11-12 12:43:00,1538.97,1538.97,1538.77,1538.77,-0.01,19.03,29015.24,-1
2025-11-12,2025-11-12 12:44:00,1538.77,1538.77,1538.56,1538.56,-0.01,19.03,29015.24,-1
2025-11-12,2025-11-12 12:45:00,1538.56,1538.56,1538.36,1538.36,-0.01,19.03,29015.24,-1
2025-11-12,2025-11-12 12:46:00,1538.36,1538.36,1538.15,1538.15,-0.01,19.03,29015.24,-1
2025-11-12,2025-11-12 12:47:00,1538.15,1538.15,1537.95,1537.95,-0.01,19.03,29015.24,-1
2025-11-12,2025-11-12 12:48:00,1537.95,1537.95,1537.75,1537.75,-0.01,19.03,29015.24,-1
2025-11-12,2025-11-12 12:49:00,1537.75,1537.75,1537.54,1537.54,-0.01,19.03,29015.24,-1
2025-11-12,2025-11-12 12:50:00,1537.54,1537.54,1537.34,1537.34,-0.01,19.03,29015.24,-1
2025-11-12,2025-11-12 12:51:00,1537.34,1537.34,1537.13,1537.13,-0.01,19.03,29015.24,-1
2025-11-12,2025-11-12 12:52:00,1537.13,1537.13,1536.93,1536.93,-0.01,19.03,29015.24,-1
2025-11-12,2025-11-12 12:53:00,1536.93,1536.93,1536.72,1536.72,-0.01,19.03,29015.24,-1
2025-11-12,2025-11-12 12:54:00,1536.72,1536.72,1536.52,1536.52,-0.01,19.03,29015.24,-1
2025-11-12,2025-11-12 12:55:00,1536.52,1536.52,1536.32,1536.32,-0.01,19.03,29015.24,-1
2025-11-12,2025-11-12 12:56:00,1536.32,1536.32,1536.11,1536.11,-0.01,19.03,29015.24,-1
2025-11-12,2025-11-12 12:57:00,1536.11,1536.11,1535.91,1535.91,-0.01,19.03,29015.24,-1
2025-11-12,2025-11-12 12:58:00,1535.91,1535.91,1535.7,1535.7,-0.01,19.03,29015.24,-1
2025-11-12,2025-11-12 12:59:00,1535.7,1535.7,1535.5,1535.5,-0.01,19.03,29015.24,-1
2025-11-12,2025-11-12 13:00:00,1535.5,1560.0,1511.0,1535.3,-0.01,19.03,29015.24,-1
2025-11-12,2025-11-12 13:01:00,1535.3,1535.3,1535.09,1535.09,-0.01,19.03,29015.24,-1
2025-11-12,2025-11-12 13:02:00,1535.09,1535.09,1534.89,1534.89,-0.01,19.03,29015.24,-1
2025-11-12,2025-11-12 13:03:00,1534.89,1534.89,1534.68,1534.68,-0.01,19.03,29015.24,-1
2025-11-12,2025-11-12 13:04:00,1534.68,1534.68,1534.48,1534.48,-0.01,19.03,29015.24,-1
2025-11-12,2025-11-12 13:05:00,1534.48,1534.48,1534.28,1534.28,-0.01,19.03,29015.24,-1
2025-11-12,2025-11-12 13:06:00,1534.28,1534.28,1534.07,1534.07,-0.01,19.03,29015.24,-1
2025-11-12,2025-11-12 13:07:00,1534.07,1534.07,1533.87,1533.87,-0.01,19.03,29015.24,-1
2025-11-12,2025-11-12 13:08:00,1533.87,1533.87,1533.66,1533.66,-0.01,19.03,29015.24,-1
2025-11-12,2025-11-12 13:09:00,1533.66,1533.66,1533.46,1533.46,-0.01,19.03,29015.24,-1
2025-11-12,2025-11-12 13:10:00,1533.46,1533.46,1533.25,1533.25,-0.01,19.03,29015.24,-1
2025-11-12,2025-11-12 13:11:00,1533.25,1533.25,1533.05,1533.05,-0.01,19.03,29015.24,-1
2025-11-12,2025-11-12 13:12:00,1533.05,1533.05,1532.85,1532.85,-0.01,19.03,29015.24,-1
2025-11-12,2025-11-12 13:13:00,1532.85,1532.85,1532.64,1532.64,-0.01,19.03,29015.24,-1
2025-11-12,2025-11-12 13:14:00,1532.64,1532.64,1532.44,1532.44,-0.01,19.03,29015.24,-1
2025-11-12,2025-11-12 13:15:00,1532.44,1532.44,1532.23,1532.23,-0.01,19.03,29015.24,-1
2025-11-12,2025-11-12 13:16:00,1532.23,1532.23,1532.03,1532.03,-0.01,19.03,29015.24,-1
2025-11-12,2025-11-12 13:17:00,1532.03,1532.03,1531.83,1531.83,-0.01,19.03,29015.24,-1
2025-11-12,2025-11-12 13:18:00,1531.83,1531.83,1531.62,1531.62,-0.01,19.03,29015.24,-1
2025-11-12,2025-11-12 13:19:00,1531.62,1531.62,1531.42,1531.42,-0.01,19.03,29015.24,-1
2025-11-12,2025-11-12 13:20:00,1531.42,1531.42,1531.21,1531.21,-0.01,19.03,29015.24,-1
2025-11-12,2025-11-12 13:21:00,1531.21,1531.21,1531.01,1531.01,-0.01,19.03,29015.24,-1
2025-11-12,2025-11-12 13:22:00,1531.01,1531.01,1530.8,1530.8,-0.01,19.03,29015.24,-1
2025-11-12,2025-11-12 13:23:00,1530.8,1530.8,1530.6,1530.6,-0.01,19.03,29015.24,-1
2025-11-12,2025-11-12 13:24:00,1530.6,1530.6,1530.4,1530.4,-0.01,19.03,29015.24,-1
2025-11-12,2025-11-12 13:25:00,1530.4,1530.4,1530.19,1530.19,-0.01,19.03,29015.24,-1
2025-11-12,2025-11-12 13:26:00,1530.19,1530.19,1529.99,1529.99,-0.01,19.03,29015.24,-1
2025-11-12,2025-11-12 13:27:00,1529.99,1529.99,1529.78,1529.78,-0.01,19.03,29015.24,-1
2025-11-12,2025-11-12 13:28:00,1529.78,1529.78,1529.58,1529.58,-0.01,19.03,29015.24,-1
2025-11-12,2025-11-12 13:29:00,1529.58,1529.58,1529.38,1529.38,-0.01,19.03,29015.24,-1
2025-11-12,2025-11-12 13:30:00,1529.38,1529.38,1529.17,1529.17,-0.01,19.03,29015.24,-1
2025-11-12,2025-11-12 13:31:00,1529.17,1529.17,1528.97,1528.97,-0.01,19.03,29015.24,-1
2025-11-12,2025-11-12 13:32:00,1528.97,1528.97,1528.76,1528.76,-0.01,19.03,29015.24,-1
2025-11-12,2025-11-12 13:33:00,1528.76,1528.76,1528.56,1528.56,-0.01,19.03,29015.24,-1
2025-11-12,2025-11-12 13:34:00,1528.56,1528.56,1528.35,1528.35,-0.01,19.03,29015.24,-1
2025-11-12,2025-11-12 13:35:00,1528.35,1528.35,1528.15,1528.15,-0.01,19.03,29015.24,-1
2025-11-12,2025-11-12 13:36:00,1528.15,1528.15,1527.95,1527.95,-0.01,19.03,29015.24,-1
2025-11-12,2025-11-12 13:37:00,1527.95,1527.95,1527.74,1527.74,-0.01,19.03,29015.24,-1
2025-11-12,2025-11-12 13:38:00,1527.74,1527.74,1527.54,1527.54,-0.01,19.03,29015.24,-1
2025-11-12,2025-11-12 13:39:00,1527.54,1527.54,1527.33,1527.33,-0.01,19.03,29015.24,-1
2025-11-12,2025-11-12 13:40:00,1527.33,1527.33,1527.13,1527.13,-0.01,19.03,29015.24,-1
2025-11-12,2025-11-12 13:41:00,1527.13,1527.13,1526.92,1526.92,-0.01,19.03,29015.24,-1
2025-11-12,2025-11-12 13:42:00,1526.92,1526.92,1526.72,1526.72,-0.01,19.03,29015.24,-1
2025-11-12,2025-11-12 13:43:00,1526.72,1526.72,1526.52,1526.52,-0.01,19.03,29015.24,-1
2025-11-12,2025-11-12 13:44:00,1526.52,1526.52,1526.31,1526.31,-0.01,19.03,29015.24,-1
2025-11-12,2025-11-12 13:45:00,1526.31,1526.31,1526.11,1526.11,-0.01,19.03,29015.24,-1
2025-11-12,2025-11-12 13:46:00,1526.11,1526.11,1525.9,1525.9,-0.01,19.03,29015.24,-1
2025-11-12,2025-11-12 13:47:00,1525.9,1525.9,1525.7,1525.7,-0.01,19.03,29015.24,-1
2025-11-12,2025-11-12 13:48:00,1525.7,1525.7,1525.5,1525.5,-0.01,19.03,29015.24,-1
2025-11-12,2025-11-12 13:49:00,1525.5,1525.5,1525.29,1525.29,-0.01,19.03,29015.24,-1
2025-11-12,2025-11-12 13:50:00,1525.29,1525.29,1525.09,1525.09,-0.01,19.03,29015.24,-1
2025-11-12,2025-11-12 13:51:00,1525.09,1525.09,1524.88,1524.88,-0.01,19.03,29015.24,-1
2025-11-12,2025-11-12 13:52:00,1524.88,1524.88,1524.68,1524.68,-0.01,19.03,29015.24,-1
2025-11-12,2025-11-12 13:53:00,1524.68,1524.68,1524.47,1524.47,-0.01,19.03,29015.24,-1
2025-11-12,2025-11-12 13:54:00,1524.47,1524.47,1524.27,1524.27,-0.01,19.03,29015.24,-1
2025-11-12,2025-11-12 13:55:00,1524.27,1524.27,1524.07,1524.07,-0.01,19.03,29015.24,-1
2025-11-12,2025-11-12 13:56:00,1524.07,1524.07,1523.86,1523.86,-0.01,19.03,29015.24,-1
2025-11-12,2025-11-12 13:57:00,1523.86,1523.86,1523.66,1523.66,-0.01,19.03,29015.24,-1
2025-11-12,2025-11-12 13:58:00,1523.66,1523.66,1523.45,1523.45,-0.01,19.03,29015.24,-1
2025-11-12,2025-11-12 13:59:00,1523.45,1523.45,1523.25,1523.25,-0.01,19.03,29015.24,-1
2025-11-12,2025-11-12 14:00:00,1523.25,1523.25,1523.05,1523.05,-0.01,19.03,29015.24,-1
2025-11-12,2025-11-12 14:01:00,1523.05,1523.05,1522.84,1522.84,-0.01,19.03,29015.24,-1
2025-11-12,2025-11-12 14:02:00,1522.84,1522.84,1522.64,1522.64,-0.01,19.03,29015.24,-1
2025-11-12,2025-11-12 14:03:00,1522.64,1522.64,1522.43,1522.43,-0.01,19.03,29015.24,-1
2025-11-12,2025-11-12 14:04:00,1522.43,1522.43,1522.23,1522.23,-0.01,19.03,29015.24,-1
2025-11-12,2025-11-12 14:05:00,1522.23,1522.23,1522.03,1522.03,-0.01,19.03,29015.24,-1
2025-11-12,2025-11-12 14:06:00,1522.03,1522.03,1521.82,1521.82,-0.01,19.03,29015.24,-1
2025-11-12,2025-11-12 14:07:00,1521.82,1521.82,1521.62,1521.62,-0.01,19.03,29015.24,-1
2025-11-12,2025-11-12 14:08:00,1521.62,1521.62,1521.41,1521.41,-0.01,19.03,29015.24,-1
2025-11-12,2025-11-12 14:09:00,1521.41,1521.41,1521.21,1521.21,-0.01,19.03,29015.24,-1
2025-11-12,2025-11-12 14:10:00,1521.21,1521.21,1521.0,1521.0,-0.01,19.03,29015.24,-1
2025-11-12,2025-11-12 14:11:00,1521.0,1521.0,1520.8,1520.8,-0.01,19.03,29015.24,-1
2025-11-12,2025-11-12 14:12:00,1520.8,1520.8,1520.6,1520.6,-0.01,19.03,29015.24,-1
2025-11-12,2025-11-12 14:13:00,1520.6,1520.6,1520.39,1520.39,-0.01,19.03,29015.24,-1
2025-11-12,2025-11-12 14:14:00,1520.39,1520.39,1520.19,1520.19,-0.01,19.03,29015.24,-1
2025-11-12,2025-11-12 14:15:00,1520.19,1520.19,1519.98,1519.98,-0.01,19.03,29015.24,-1
2025-11-12,2025-11-12 14:16:00,1519.98,1519.98,1519.78,1519.78,-0.01,19.03,29015.24,-1
2025-11-12,2025-11-12 14:17:00,1519.78,1519.78,1519.58,1519.58,-0.01,19.03,29015.24,-1
2025-11-12,2025-11-12 14:18:00,1519.58,1519.58,1519.37,1519.37,-0.01,19.03,29015.24,-1
2025-11-12,2025-11-12 14:19:00,1519.37,1519.37,1519.17,1519.17,-0.01,19.03,29015.24,-1
2025-11-12,2025-11-12 14:20:00,1519.17,1519.17,1518.96,1518.96,-0.01,19.03,29015.24,-1
2025-11-12,2025-11-12 14:21:00,1518.96,1518.96,1518.76,1518.76,-0.01,19.03,29015.24,-1
2025-11-12,2025-11-12 14:22:00,1518.76,1518.76,1518.55,1518.55,-0.01,19.03,29015.24,-1
2025-11-12,2025-11-12 14:23:00,1518.55,1518.55,1518.35,1518.35,-0.01,19.03,29015.24,-1
2025-11-12,2025-11-12 14:24:00,1518.35,1518.35,1518.15,1518.15,-0.01,19.03,29015.24,-1
2025-11-12,2025-11-12 14:25:00,1518.15,1518.15,1517.94,1517.94,-0.01,19.03,29015.24,-1
2025-11-12,2025-11-12 14:26:00,1517.94,1517.94,1517.74,1517.74,-0.01,19.03,29015.24,-1
2025-11-12,2025-11-12 14:27:00,1517.74,1517.74,1517.53,1517.53,-0.01,19.03,29015.24,-1
2025-11-12,2025-11-12 14:28:00,1517.53,1517.53,1517.33,1517.33,-0.01,19.03,29015.24,-1
2025-11-12,2025-11-12 14:29:00,1517.33,1517.33,1517.12,1517.12,-0.01,19.03,29015.24,-1
2025-11-12,2025-11-12 14:30:00,1517.12,1517.12,1516.92,1516.92,-0.01,19.03,29015.24,-1
2025-11-12,2025-11-12 14:31:00,1516.92,1516.92,1516.72,1516.72,-0.01,19.03,29015.24,-1
2025-11-12,2025-11-12 14:32:00,1516.72,1516.72,1516.51,1516.51,-0.01,19.03,29015.24,-1
2025-11-12,2025-11-12 14:33:00,1516.51,1516.51,1516.31,1516.31,-0.01,19.03,29015.24,-1
2025-11-12,2025-11-12 14:34:00,1516.31,1516.31,1516.1,1516.1,-0.01,19.03,29015.24,-1
2025-11-12,2025-11-12 14:35:00,1516.1,1516.1,1515.9,1515.9,-0.01,19.03,29015.24,-1
2025-11-12,2025-11-12 14:36:00,1515.9,1515.9,1515.7,1515.7,-0.01,19.03,29015.24,-1
2025-11-12,2025-11-12 14:37:00,1515.7,1515.7,1515.49,1515.49,-0.01,19.03,29015.24,-1
2025-11-12,2025-11-12 14:38:00,1515.49,1515.49,1515.29,1515.29,-0.01,19.03,29015.24,-1
2025-11-12,2025-11-12 14:39:00,1515.29,1515.29,1515.08,1515.08,-0.01,19.03,29015.24,-1
2025-11-12,2025-11-12 14:40:00,1515.08,1515.08,1514.88,1514.88,-0.01,19.03,29015.24,-1
2025-11-12,2025-11-12 14:41:00,1514.88,1514.88,1514.67,1514.67,-0.01,19.03,29015.24,-1
2025-11-12,2025-11-12 14:42:00,1514.67,1514.67,1514.47,1514.47,-0.01,19.03,29015.24,-1
2025-11-12,2025-11-12 14:43:00,1514.47,1514.47,1514.27,1514.27,-0.01,19.03,29015.24,-1
2025-11-12,2025-11-12 14:44:00,1514.27,1514.27,1514.06,1514.06,-0.01,19.03,29015.24,-1
2025-11-12,2025-11-12 14:45:00,1514.06,1514.06,1513.86,1513.86,-0.01,19.03,29015.24,-1
2025-11-12,2025-11-12 14:46:00,1513.86,1513.86,1513.65,1513.65,-0.01,19.03,29015.24,-1
2025-11-12,2025-11-12 14:47:00,1513.65,1513.65,1513.45,1513.45,-0.01,19.03,29015.24,-1
2025-11-12,2025-11-12 14:48:00,1513.45,1513.45,1513.25,1513.25,-0.01,19.03,29015.24,-1
2025-11-12,2025-11-12 14:49:00,1513.25,1513.25,1513.04,1513.04,-0.01,19.03,29015.24,-1
2025-11-12,2025-11-12 14:50:00,1513.04,1513.04,1512.84,1512.84,-0.01,19.03,29015.24,-1
2025-11-12,2025-11-12 14:51:00,1512.84,1512.84,1512.63,1512.63,-0.01,19.03,29015.24,-1
2025-11-12,2025-11-12 14:52:00,1512.63,1512.63,1512.43,1512.43,-0.01,19.03,29015.24,-1
2025-11-12,2025-11-12 14:53:00,1512.43,1512.43,1512.22,1512.22,-0.01,19.03,29015.24,-1
2025-11-12,2025-11-12 14:54:00,1512.22,1512.22,1512.02,1512.02,-0.01,19.03,29015.24,-1
2025-11-12,2025-11-12 14:55:00,1512.02,1512.02,1511.82,1511.82,-0.01,19.03,29015.24,-1
2025-11-12,2025-11-12 14:56:00,1511.82,1511.82,1511.61,1511.61,-0.01,19.03,29015.24,-1
2025-11-12,2025-11-12 14:57:00,1511.61,1511.61,1511.41,1511.41,-0.01,19.03,29015.24,-1
2025-11-12,2025-11-12 14:58:00,1511.41,1511.41,1511.2,1511.2,-0.01,19.03,29015.24,-1
2025-11-12,2025-11-12 14:59:00,1511.2,1511.2,1511.0,1511.0,-0.01,19.03,29015.24,-1
2025-11-12,2025-11-12 15:00:00,1511.0,1560.0,1511.0,1511.0,0.0,19.03,29015.24,0
2025-11-13,2025-11-13 11:00:00,1500.0,1506.87,1495.5,1500.02,0.0,17.83,26684.67,1
2025-11-13,2025-11-13 11:01:00,1500.02,1500.03,1500.02,1500.03,0.0,17.83,26684.67,1
2025-11-13,2025-11-13 11:02:00,1500.03,1500.05,1500.03,1500.05,0.0,17.83,26684.67,1
2025-11-13,2025-11-13 11:03:00,1500.05,1500.07,1500.05,1500.07,0.0,17.83,26684.67,1
2025-11-13,2025-11-13 11:04:00,1500.07,1500.08,1500.07,1500.08,0.0,17.83,26684.67,1
2025-11-13,2025-11-13 11:05:00,1500.08,1500.1,1500.08,1500.1,0.0,17.83,26684.67,1
2025-11-13,2025-11-13 11:06:00,1500.1,1500.12,1500.1,1500.12,0.0,17.83,26684.67,1
2025-11-13,2025-11-13 11:07:00,1500.12,1500.13,1500.12,1500.13,0.0,17.83,26684.67,1
2025-11-13,2025-11-13 11:08:00,1500.13,1500.15,1500.13,1500.15,0.0,17.83,26684.67,1
2025-11-13,2025-11-13 11:09:00,1500.15,1500.17,1500.15,1500.17,0.0,17.83,26684.67,1
2025-11-13,2025-11-13 11:10:00,1500.17,1500.18,1500.17,1500.18,0.0,17.83,26684.67,1
2025-11-13,2025-11-13 11:11:00,1500.18,1500.2,1500.18,1500.2,0.0,17.83,26684.67,1
2025-11-13,2025-11-13 11:12:00,1500.2,1500.22,1500.2,1500.22,0.0,17.83,26684.67,1
2025-11-13,2025-11-13 11:13:00,1500.22,1500.23,1500.22,1500.23,0.0,17.83,26684.67,1
2025-11-13,2025-11-13 11:14:00,1500.23,1500.25,1500.23,1500.25,0.0,17.83,26684.67,1
2025-11-13,2025-11-13 11:15:00,1500.25,1500.27,1500.25,1500.27,0.0,17.83,26684.67,1
2025-11-13,2025-11-13 11:16:00,1500.27,1500.28,1500.27,1500.28,0.0,17.83,26684.67,1
2025-11-13,2025-11-13 11:17:00,1500.28,1500.3,1500.28,1500.3,0.0,17.83,26684.67,1
2025-11-13,2025-11-13 11:18:00,1500.3,1500.32,1500.3,1500.32,0.0,17.83,26684.67,1
2025-11-13,2025-11-13 11:19:00,1500.32,1500.33,1500.32,1500.33,0.0,17.83,26684.67,1
2025-11-13,2025-11-13 11:20:00,1500.33,1500.35,1500.33,1500.35,0.0,17.83,26684.67,1
2025-11-13,2025-11-13 11:21:00,1500.35,1500.37,1500.35,1500.37,0.0,17.83,26684.67,1
2025-11-13,2025-11-13 11:22:00,1500.37,1500.38,1500.37,1500.38,0.0,17.83,26684.67,1
2025-11-13,2025-11-13 11:23:00,1500.38,1500.4,1500.38,1500.4,0.0,17.83,26684.67,1
2025-11-13,2025-11-13 11:24:00,1500.4,1500.42,1500.4,1500.42,0.0,17.83,26684.67,1
2025-11-13,2025-11-13 11:25:00,1500.42,1500.43,1500.42,1500.43,0.0,17.83,26684.67,1
2025-11-13,2025-11-13 11:26:00,1500.43,1500.45,1500.43,1500.45,0.0,17.83,26684.67,1
2025-11-13,2025-11-13 11:27:00,1500.45,1500.47,1500.45,1500.47,0.0,17.83,26684.67,1
2025-11-13,2025-11-13 11:28:00,1500.47,1500.48,1500.47,1500.48,0.0,17.83,26684.67,1
2025-11-13,2025-11-13 11:29:00,1500.48,1500.5,1500.48,1500.5,0.0,17.83,26684.67,1
2025-11-13,2025-11-13 11:30:00,1500.5,1500.52,1500.5,1500.52,0.0,17.83,26684.67,1
2025-11-13,2025-11-13 11:31:00,1500.52,1500.53,1500.52,1500.53,0.0,17.83,26684.67,1
2025-11-13,2025-11-13 11:32:00,1500.53,1500.55,1500.53,1500.55,0.0,17.83,26684.67,1
2025-11-13,2025-11-13 11:33:00,1500.55,1500.57,1500.55,1500.57,0.0,17.83,26684.67,1
2025-11-13,2025-11-13 11:34:00,1500.57,1500.58,1500.57,1500.58,0.0,17.83,26684.67,1
2025-11-13,2025-11-13 11:35:00,1500.58,1500.6,1500.58,1500.6,0.0,17.83,26684.67,1
2025-11-13,2025-11-13 11:36:00,1500.6,1500.62,1500.6,1500.62,0.0,17.83,26684.67,1
2025-11-13,2025-11-13 11:37:00,1500.62,1500.63,1500.62,1500.63,0.0,17.83,26684.67,1
2025-11-13,2025-11-13 11:38:00,1500.63,1500.65,1500.63,1500.65,0.0,17.83,26684.67,1
2025-11-13,2025-11-13 11:39:00,1500.65,1500.67,1500.65,1500.67,0.0,17.83,26684.67,1
2025-11-13,2025-11-13 11:40:00,1500.67,1500.68,1500.67,1500.68,0.0,17.83,26684.67,1
2025-11-13,2025-11-13 11:41:00,1500.68,1500.7,1500.68,1500.7,0.0,17.83,26684.67,1
2025-11-13,2025-11-13 11:42:00,1500.7,1500.72,1500.7,1500.72,0.0,17.83,26684.67,1
2025-11-13,2025-11-13 11:43:00,1500.72,1500.73,1500.72,1500.73,0.0,17.83,26684.67,1
2025-11-13,2025-11-13 11:44:00,1500.73,1500.75,1500.73,1500.75,0.0,17.83,26684.67,1
2025-11-13,2025-11-13 11:45:00,1500.75,1500.77,1500.75,1500.77,0.0,17.83,26684.67,1
2025-11-13,2025-11-13 11:46:00,1500.77,1500.78,1500.77,1500.78,0.0,17.83,26684.67,1
2025-11-13,2025-11-13 11:47:00,1500.78,1500.8,1500.78,1500.8,0.0,17.83,26684.67,1
2025-11-13,2025-11-13 11:48:00,1500.8,1500.82,1500.8,1500.82,0.0,17.83,26684.67,1
2025-11-13,2025-11-13 11:49:00,1500.82,1500.83,1500.82,1500.83,0.0,17.83,26684.67,1
2025-11-13,2025-11-13 11:50:00,1500.83,1500.85,1500.83,1500.85,0.0,17.83,26684.67,1
2025-11-13,2025-11-13 11:51:00,1500.85,1500.87,1500.85,1500.87,0.0,17.83,26684.67,1
2025-11-13,2025-11-13 11:52:00,1500.87,1500.88,1500.87,1500.88,0.0,17.83,26684.67,1
2025-11-13,2025-11-13 11:53:00,1500.88,1500.9,1500.88,1500.9,0.0,17.83,26684.67,1
2025-11-13,2025-11-13 11:54:00,1500.9,1500.92,1500.9,1500.92,0.0,17.83,26684.67,1
2025-11-13,2025-11-13 11:55:00,1500.92,1500.93,1500.92,1500.93,0.0,17.83,26684.67,1
2025-11-13,2025-11-13 11:56:00,1500.93,1500.95,1500.93,1500.95,0.0,17.83,26684.67,1
2025-11-13,2025-11-13 11:57:00,1500.95,1500.97,1500.95,1500.97,0.0,17.83,26684.67,1
2025-11-13,2025-11-13 11:58:00,1500.97,1500.98,1500.97,1500.98,0.0,17.83,26684.67,1
2025-11-13,2025-11-13 11:59:00,1500.98,1501.0,1500.98,1501.0,0.0,17.83,26684.67,1
2025-11-13,2025-11-13 12:00:00,1501.0,1501.02,1501.0,1501.02,0.0,17.83,26684.67,1
2025-11-13,2025-11-13 12:01:00,1501.02,1501.03,1501.02,1501.03,0.0,17.83,26684.67,1
2025-11-13,2025-11-13 12:02:00,1501.03,1501.05,1501.03,1501.05,0.0,17.83,26684.67,1
2025-11-13,2025-11-13 12:03:00,1501.05,1501.07,1501.05,1501.07,0.0,17.83,26684.67,1
2025-11-13,2025-11-13 12:04:00,1501.07,1501.08,1501.07,1501.08,0.0,17.83,26684.67,1
2025-11-13,2025-11-13 12:05:00,1501.08,1501.1,1501.08,1501.1,0.0,17.83,26684.67,1
2025-11-13,2025-11-13 12:06:00,1501.1,1501.12,1501.1,1501.12,0.0,17.83,26684.67,1
2025-11-13,2025-11-13 12:07:00,1501.12,1501.13,1501.12,1501.13,0.0,17.83,26684.67,1
2025-11-13,2025-11-13 12:08:00,1501.13,1501.15,1501.13,1501.15,0.0,17.83,26684.67,1
2025-11-13,2025-11-13 12:09:00,1501.15,1501.17,1501.15,1501.17,0.0,17.83,26684.67,1
2025-11-13,2025-11-13 12:10:00,1501.17,1501.18,1501.17,1501.18,0.0,17.83,26684.67,1
2025-11-13,2025-11-13 12:11:00,1501.18,1501.2,1501.18,1501.2,0.0,17.83,26684.67,1
2025-11-13,2025-11-13 12:12:00,1501.2,1501.22,1501.2,1501.22,0.0,17.83,26684.67,1
2025-11-13,2025-11-13 12:13:00,1501.22,1501.23,1501.22,1501.23,0.0,17.83,26684.67,1
2025-11-13,2025-11-13 12:14:00,1501.23,1501.25,1501.23,1501.25,0.0,17.83,26684.67,1
2025-11-13,2025-11-13 12:15:00,1501.25,1501.27,1501.25,1501.27,0.0,17.83,26684.67,1
2025-11-13,2025-11-13 12:16:00,1501.27,1501.28,1501.27,1501.28,0.0,17.83,26684.67,1
2025-11-13,2025-11-13 12:17:00,1501.28,1501.3,1501.28,1501.3,0.0,17.83,26684.67,1
2025-11-13,2025-11-13 12:18:00,1501.3,1501.32,1501.3,1501.32,0.0,17.83,26684.67,1
2025-11-13,2025-11-13 12:19:00,1501.32,1501.33,1501.32,1501.33,0.0,17.83,26684.67,1
2025-11-13,2025-11-13 12:20:00,1501.33,1501.35,1501.33,1501.35,0.0,17.83,26684.67,1
2025-11-13,2025-11-13 12:21:00,1501.35,1501.37,1501.35,1501.37,0.0,17.83,26684.67,1
2025-11-13,2025-11-13 12:22:00,1501.37,1501.38,1501.37,1501.38,0.0,17.83,26684.67,1
2025-11-13,2025-11-13 12:23:00,1501.38,1501.4,1501.38,1501.4,0.0,17.83,26684.67,1
2025-11-13,2025-11-13 12:24:00,1501.4,1501.42,1501.4,1501.42,0.0,17.83,26684.67,1
2025-11-13,2025-11-13 12:25:00,1501.42,1501.43,1501.42,1501.43,0.0,17.83,26684.67,1
2025-11-13,2025-11-13 12:26:00,1501.43,1501.45,1501.43,1501.45,0.0,17.83,26684.67,1
2025-11-13,2025-11-13 12:27:00,1501.45,1501.47,1501.45,1501.47,0.0,17.83,26684.67,1
2025-11-13,2025-11-13 12:28:00,1501.47,1501.48,1501.47,1501.48,0.0,17.83,26684.67,1
2025-11-13,2025-11-13 12:29:00,1501.48,1501.5,1501.48,1501.5,0.0,17.83,26684.67,1
2025-11-13,2025-11-13 12:30:00,1501.5,1501.52,1501.5,1501.52,0.0,17.83,26684.67,1
2025-11-13,2025-11-13 12:31:00,1501.52,1501.53,1501.52,1501.53,0.0,17.83,26684.67,1
2025-11-13,2025-11-13 12:32:00,1501.53,1501.55,1501.53,1501.55,0.0,17.83,26684.67,1
2025-11-13,2025-11-13 12:33:00,1501.55,1501.57,1501.55,1501.57,0.0,17.83,26684.67,1
2025-11-13,2025-11-13 12:34:00,1501.57,1501.58,1501.57,1501.58,0.0,17.83,26684.67,1
2025-11-13,2025-11-13 12:35:00,1501.58,1501.6,1501.58,1501.6,0.0,17.83,26684.67,1
2025-11-13,2025-11-13 12:36:00,1501.6,1501.62,1501.6,1501.62,0.0,17.83,26684.67,1
2025-11-13,2025-11-13 12:37:00,1501.62,1501.63,1501.62,1501.63,0.0,17.83,26684.67,1
2025-11-13,2025-11-13 12:38:00,1501.63,1501.65,1501.63,1501.65,0.0,17.83,26684.67,1
2025-11-13,2025-11-13 12:39:00,1501.65,1501.67,1501.65,1501.67,0.0,17.83,26684.67,1
2025-11-13,2025-11-13 12:40:00,1501.67,1501.68,1501.67,1501.68,0.0,17.83,26684.67,1
2025-11-13,2025-11-13 12:41:00,1501.68,1501.7,1501.68,1501.7,0.0,17.83,26684.67,1
2025-11-13,2025-11-13 12:42:00,1501.7,1501.72,1501.7,1501.72,0.0,17.83,26684.67,1
2025-11-13,2025-11-13 12:43:00,1501.72,1501.73,1501.72,1501.73,0.0,17.83,26684.67,1
2025-11-13,2025-11-13 12:44:00,1501.73,1501.75,1501.73,1501.75,0.0,17.83,26684.67,1
2025-11-13,2025-11-13 12:45:00,1501.75,1501.77,1501.75,1501.77,0.0,17.83,26684.67,1
2025-11-13,2025-11-13 12:46:00,1501.77,1501.78,1501.77,1501.78,0.0,17.83,26684.67,1
2025-11-13,2025-11-13 12:47:00,1501.78,1501.8,1501.78,1501.8,0.0,17.83,26684.67,1
2025-11-13,2025-11-13 12:48:00,1501.8,1501.82,1501.8,1501.82,0.0,17.83,26684.67,1
2025-11-13,2025-11-13 12:49:00,1501.82,1501.83,1501.82,1501.83,0.0,17.83,26684.67,1
2025-11-13,2025-11-13 12:50:00,1501.83,1501.85,1501.83,1501.85,0.0,17.83,26684.67,1
2025-11-13,2025-11-13 12:51:00,1501.85,1501.87,1501.85,1501.87,0.0,17.83,26684.67,1
2025-11-13,2025-11-13 12:52:00,1501.87,1501.88,1501.87,1501.88,0.0,17.83,26684.67,1
2025-11-13,2025-11-13 12:53:00,1501.88,1501.9,1501.88,1501.9,0.0,17.83,26684.67,1
2025-11-13,2025-11-13 12:54:00,1501.9,1501.92,1501.9,1501.92,0.0,17.83,26684.67,1
2025-11-13,2025-11-13 12:55:00,1501.92,1501.93,1501.92,1501.93,0.0,17.83,26684.67,1
2025-11-13,2025-11-13 12:56:00,1501.93,1501.95,1501.93,1501.95,0.0,17.83,26684.67,1
2025-11-13,2025-11-13 12:57:00,1501.95,1501.97,1501.95,1501.97,0.0,17.83,26684.67,1
2025-11-13,2025-11-13 12:58:00,1501.97,1501.98,1501.97,1501.98,0.0,17.83,26684.67,1
2025-11-13,2025-11-13 12:59:00,1501.98,1502.0,1501.98,1502.0,0.0,17.83,26684.67,1
2025-11-13,2025-11-13 13:00:00,1502.0,1522.9,1485.0,1502.02,0.0,17.83,26684.67,1
2025-11-13,2025-11-13 13:01:00,1502.02,1502.03,1502.02,1502.03,0.0,17.83,26684.67,1
2025-11-13,2025-11-13 13:02:00,1502.03,1502.05,1502.03,1502.05,0.0,17.83,26684.67,1
2025-11-13,2025-11-13 13:03:00,1502.05,1502.07,1502.05,1502.07,0.0,17.83,26684.67,1
2025-11-13,2025-11-13 13:04:00,1502.07,1502.08,1502.07,1502.08,0.0,17.83,26684.67,1
2025-11-13,2025-11-13 13:05:00,1502.08,1502.1,1502.08,1502.1,0.0,17.83,26684.67,1
2025-11-13,2025-11-13 13:06:00,1502.1,1502.12,1502.1,1502.12,0.0,17.83,26684.67,1
2025-11-13,2025-11-13 13:07:00,1502.12,1502.13,1502.12,1502.13,0.0,17.83,26684.67,1
2025-11-13,2025-11-13 13:08:00,1502.13,1502.15,1502.13,1502.15,0.0,17.83,26684.67,1
2025-11-13,2025-11-13 13:09:00,1502.15,1502.17,1502.15,1502.17,0.0,17.83,26684.67,1
2025-11-13,2025-11-13 13:10:00,1502.17,1502.18,1502.17,1502.18,0.0,17.83,26684.67,1
2025-11-13,2025-11-13 13:11:00,1502.18,1502.2,1502.18,1502.2,0.0,17.83,26684.67,1
2025-11-13,2025-11-13 13:12:00,1502.2,1502.22,1502.2,1502.22,0.0,17.83,26684.67,1
2025-11-13,2025-11-13 13:13:00,1502.22,1502.23,1502.22,1502.23,0.0,17.83,26684.67,1
2025-11-13,2025-11-13 13:14:00,1502.23,1502.25,1502.23,1502.25,0.0,17.83,26684.67,1
2025-11-13,2025-11-13 13:15:00,1502.25,1502.27,1502.25,1502.27,0.0,17.83,26684.67,1
2025-11-13,2025-11-13 13:16:00,1502.27,1502.28,1502.27,1502.28,0.0,17.83,26684.67,1
2025-11-13,2025-11-13 13:17:00,1502.28,1502.3,1502.28,1502.3,0.0,17.83,26684.67,1
2025-11-13,2025-11-13 13:18:00,1502.3,1502.32,1502.3,1502.32,0.0,17.83,26684.67,1
2025-11-13,2025-11-13 13:19:00,1502.32,1502.33,1502.32,1502.33,0.0,17.83,26684.67,1
2025-11-13,2025-11-13 13:20:00,1502.33,1502.35,1502.33,1502.35,0.0,17.83,26684.67,1
2025-11-13,2025-11-13 13:21:00,1502.35,1502.37,1502.35,1502.37,0.0,17.83,26684.67,1
2025-11-13,2025-11-13 13:22:00,1502.37,1502.38,1502.37,1502.38,0.0,17.83,26684.67,1
2025-11-13,2025-11-13 13:23:00,1502.38,1502.4,1502.38,1502.4,0.0,17.83,26684.67,1
2025-11-13,2025-11-13 13:24:00,1502.4,1502.42,1502.4,1502.42,0.0,17.83,26684.67,1
2025-11-13,2025-11-13 13:25:00,1502.42,1502.43,1502.42,1502.43,0.0,17.83,26684.67,1
2025-11-13,2025-11-13 13:26:00,1502.43,1502.45,1502.43,1502.45,0.0,17.83,26684.67,1
2025-11-13,2025-11-13 13:27:00,1502.45,1502.47,1502.45,1502.47,0.0,17.83,26684.67,1
2025-11-13,2025-11-13 13:28:00,1502.47,1502.48,1502.47,1502.48,0.0,17.83,26684.67,1
2025-11-13,2025-11-13 13:29:00,1502.48,1502.5,1502.48,1502.5,0.0,17.83,26684.67,1
2025-11-13,2025-11-13 13:30:00,1502.5,1502.52,1502.5,1502.52,0.0,17.83,26684.67,1
2025-11-13,2025-11-13 13:31:00,1502.52,1502.53,1502.52,1502.53,0.0,17.83,26684.67,1
2025-11-13,2025-11-13 13:32:00,1502.53,1502.55,1502.53,1502.55,0.0,17.83,26684.67,1
2025-11-13,2025-11-13 13:33:00,1502.55,1502.57,1502.55,1502.57,0.0,17.83,26684.67,1
2025-11-13,2025-11-13 13:34:00,1502.57,1502.58,1502.57,1502.58,0.0,17.83,26684.67,1
2025-11-13,2025-11-13 13:35:00,1502.58,1502.6,1502.58,1502.6,0.0,17.83,26684.67,1
2025-11-13,2025-11-13 13:36:00,1502.6,1502.62,1502.6,1502.62,0.0,17.83,26684.67,1
2025-11-13,2025-11-13 13:37:00,1502.62,1502.63,1502.62,1502.63,0.0,17.83,26684.67,1
2025-11-13,2025-11-13 13:38:00,1502.63,1502.65,1502.63,1502.65,0.0,17.83,26684.67,1
2025-11-13,2025-11-13 13:39:00,1502.65,1502.67,1502.65,1502.67,0.0,17.83,26684.67,1
2025-11-13,2025-11-13 13:40:00,1502.67,1502.68,1502.67,1502.68,0.0,17.83,26684.67,1
2025-11-13,2025-11-13 13:41:00,1502.68,1502.7,1502.68,1502.7,0.0,17.83,26684.67,1
2025-11-13,2025-11-13 13:42:00,1502.7,1502.72,1502.7,1502.72,0.0,17.83,26684.67,1
2025-11-13,2025-11-13 13:43:00,1502.72,1502.73,1502.72,1502.73,0.0,17.83,26684.67,1
2025-11-13,2025-11-13 13:44:00,1502.73,1502.75,1502.73,1502.75,0.0,17.83,26684.67,1
2025-11-13,2025-11-13 13:45:00,1502.75,1502.77,1502.75,1502.77,0.0,17.83,26684.67,1
2025-11-13,2025-11-13 13:46:00,1502.77,1502.78,1502.77,1502.78,0.0,17.83,26684.67,1
2025-11-13,2025-11-13 13:47:00,1502.78,1502.8,1502.78,1502.8,0.0,17.83,26684.67,1
2025-11-13,2025-11-13 13:48:00,1502.8,1502.82,1502.8,1502.82,0.0,17.83,26684.67,1
2025-11-13,2025-11-13 13:49:00,1502.82,1502.83,1502.82,1502.83,0.0,17.83,26684.67,1
2025-11-13,2025-11-13 13:50:00,1502.83,1502.85,1502.83,1502.85,0.0,17.83,26684.67,1
2025-11-13,2025-11-13 13:51:00,1502.85,1502.87,1502.85,1502.87,0.0,17.83,26684.67,1
2025-11-13,2025-11-13 13:52:00,1502.87,1502.88,1502.87,1502.88,0.0,17.83,26684.67,1
2025-11-13,2025-11-13 13:53:00,1502.88,1502.9,1502.88,1502.9,0.0,17.83,26684.67,1
2025-11-13,2025-11-13 13:54:00,1502.9,1502.92,1502.9,1502.92,0.0,17.83,26684.67,1
2025-11-13,2025-11-13 13:55:00,1502.92,1502.93,1502.92,1502.93,0.0,17.83,26684.67,1
2025-11-13,2025-11-13 13:56:00,1502.93,1502.95,1502.93,1502.95,0.0,17.83,26684.67,1
2025-11-13,2025-11-13 13:57:00,1502.95,1502.97,1502.95,1502.97,0.0,17.83,26684.67,1
2025-11-13,2025-11-13 13:58:00,1502.97,1502.98,1502.97,1502.98,0.0,17.83,26684.67,1
2025-11-13,2025-11-13 13:59:00,1502.98,1503.0,1502.98,1503.0,0.0,17.83,26684.67,1
2025-11-13,2025-11-13 14:00:00,1503.0,1503.02,1503.0,1503.02,0.0,17.83,26684.67,1
2025-11-13,2025-11-13 14:01:00,1503.02,1503.03,1503.02,1503.03,0.0,17.83,26684.67,1
2025-11-13,2025-11-13 14:02:00,1503.03,1503.05,1503.03,1503.05,0.0,17.83,26684.67,1
2025-11-13,2025-11-13 14:03:00,1503.05,1503.07,1503.05,1503.07,0.0,17.83,26684.67,1
2025-11-13,2025-11-13 14:04:00,1503.07,1503.08,1503.07,1503.08,0.0,17.83,26684.67,1
2025-11-13,2025-11-13 14:05:00,1503.08,1503.1,1503.08,1503.1,0.0,17.83,26684.67,1
2025-11-13,2025-11-13 14:06:00,1503.1,1503.12,1503.1,1503.12,0.0,17.83,26684.67,1
2025-11-13,2025-11-13 14:07:00,1503.12,1503.13,1503.12,1503.13,0.0,17.83,26684.67,1
2025-11-13,2025-11-13 14:08:00,1503.13,1503.15,1503.13,1503.15,0.0,17.83,26684.67,1
2025-11-13,2025-11-13 14:09:00,1503.15,1503.17,1503.15,1503.17,0.0,17.83,26684.67,1
2025-11-13,2025-11-13 14:10:00,1503.17,1503.18,1503.17,1503.18,0.0,17.83,26684.67,1
2025-11-13,2025-11-13 14:11:00,1503.18,1503.2,1503.18,1503.2,0.0,17.83,26684.67,1
2025-11-13,2025-11-13 14:12:00,1503.2,1503.22,1503.2,1503.22,0.0,17.83,26684.67,1
2025-11-13,2025-11-13 14:13:00,1503.22,1503.23,1503.22,1503.23,0.0,17.83,26684.67,1
2025-11-13,2025-11-13 14:14:00,1503.23,1503.25,1503.23,1503.25,0.0,17.83,26684.67,1
2025-11-13,2025-11-13 14:15:00,1503.25,1503.27,1503.25,1503.27,0.0,17.83,26684.67,1
2025-11-13,2025-11-13 14:16:00,1503.27,1503.28,1503.27,1503.28,0.0,17.83,26684.67,1
2025-11-13,2025-11-13 14:17:00,1503.28,1503.3,1503.28,1503.3,0.0,17.83,26684.67,1
2025-11-13,2025-11-13 14:18:00,1503.3,1503.32,1503.3,1503.32,0.0,17.83,26684.67,1
2025-11-13,2025-11-13 14:19:00,1503.32,1503.33,1503.32,1503.33,0.0,17.83,26684.67,1
2025-11-13,2025-11-13 14:20:00,1503.33,1503.35,1503.33,1503.35,0.0,17.83,26684.67,1
2025-11-13,2025-11-13 14:21:00,1503.35,1503.37,1503.35,1503.37,0.0,17.83,26684.67,1
2025-11-13,2025-11-13 14:22:00,1503.37,1503.38,1503.37,1503.38,0.0,17.83,26684.67,1
2025-11-13,2025-11-13 14:23:00,1503.38,1503.4,1503.38,1503.4,0.0,17.83,26684.67,1
2025-11-13,2025-11-13 14:24:00,1503.4,1503.42,1503.4,1503.42,0.0,17.83,26684.67,1
2025-11-13,2025-11-13 14:25:00,1503.42,1503.43,1503.42,1503.43,0.0,17.83,26684.67,1
2025-11-13,2025-11-13 14:26:00,1503.43,1503.45,1503.43,1503.45,0.0,17.83,26684.67,1
2025-11-13,2025-11-13 14:27:00,1503.45,1503.47,1503.45,1503.47,0.0,17.83,26684.67,1
2025-11-13,2025-11-13 14:28:00,1503.47,1503.48,1503.47,1503.48,0.0,17.83,26684.67,1
2025-11-13,2025-11-13 14:29:00,1503.48,1503.5,1503.48,1503.5,0.0,17.83,26684.67,1
2025-11-13,2025-11-13 14:30:00,1503.5,1503.52,1503.5,1503.52,0.0,17.83,26684.67,1
2025-11-13,2025-11-13 14:31:00,1503.52,1503.53,1503.52,1503.53,0.0,17.83,26684.67,1
2025-11-13,2025-11-13 14:32:00,1503.53,1503.55,1503.53,1503.55,0.0,17.83,26684.67,1
2025-11-13,2025-11-13 14:33:00,1503.55,1503.57,1503.55,1503.57,0.0,17.83,26684.67,1
2025-11-13,2025-11-13 14:34:00,1503.57,1503.58,1503.57,1503.58,0.0,17.83,26684.67,1
2025-11-13,2025-11-13 14:35:00,1503.58,1503.6,1503.58,1503.6,0.0,17.83,26684.67,1
2025-11-13,2025-11-13 14:36:00,1503.6,1503.62,1503.6,1503.62,0.0,17.83,26684.67,1
2025-11-13,2025-11-13 14:37:00,1503.62,1503.63,1503.62,1503.63,0.0,17.83,26684.67,1
2025-11-13,2025-11-13 14:38:00,1503.63,1503.65,1503.63,1503.65,0.0,17.83,26684.67,1
2025-11-13,2025-11-13 14:39:00,1503.65,1503.67,1503.65,1503.67,0.0,17.83,26684.67,1
2025-11-13,2025-11-13 14:40:00,1503.67,1503.68,1503.67,1503.68,0.0,17.83,26684.67,1
2025-11-13,2025-11-13 14:41:00,1503.68,1503.7,1503.68,1503.7,0.0,17.83,26684.67,1
2025-11-13,2025-11-13 14:42:00,1503.7,1503.72,1503.7,1503.72,0.0,17.83,26684.67,1
2025-11-13,2025-11-13 14:43:00,1503.72,1503.73,1503.72,1503.73,0.0,17.83,26684.67,1
2025-11-13,2025-11-13 14:44:00,1503.73,1503.75,1503.73,1503.75,0.0,17.83,26684.67,1
2025-11-13,2025-11-13 14:45:00,1503.75,1503.77,1503.75,1503.77,0.0,17.83,26684.67,1
2025-11-13,2025-11-13 14:46:00,1503.77,1503.78,1503.77,1503.78,0.0,17.83,26684.67,1
2025-11-13,2025-11-13 14:47:00,1503.78,1503.8,1503.78,1503.8,0.0,17.83,26684.67,1
2025-11-13,2025-11-13 14:48:00,1503.8,1503.82,1503.8,1503.82,0.0,17.83,26684.67,1
2025-11-13,2025-11-13 14:49:00,1503.82,1503.83,1503.82,1503.83,0.0,17.83,26684.67,1
2025-11-13,2025-11-13 14:50:00,1503.83,1503.85,1503.83,1503.85,0.0,17.83,26684.67,1
2025-11-13,2025-11-13 14:51:00,1503.85,1503.87,1503.85,1503.87,0.0,17.83,26684.67,1
2025-11-13,2025-11-13 14:52:00,1503.87,1503.88,1503.87,1503.88,0.0,17.83,26684.67,1
2025-11-13,2025-11-13 14:53:00,1503.88,1503.9,1503.88,1503.9,0.0,17.83,26684.67,1
2025-11-13,2025-11-13 14:54:00,1503.9,1503.92,1503.9,1503.92,0.0,17.83,26684.67,1
2025-11-13,2025-11-13 14:55:00,1503.92,1503.93,1503.92,1503.93,0.0,17.83,26684.67,1
2025-11-13,2025-11-13 14:56:00,1503.93,1503.95,1503.93,1503.95,0.0,17.83,26684.67,1
2025-11-13,2025-11-13 14:57:00,1503.95,1503.97,1503.95,1503.97,0.0,17.83,26684.67,1
2025-11-13,2025-11-13 14:58:00,1503.97,1503.98,1503.97,1503.98,0.0,17.83,26684.67,1
2025-11-13,2025-11-13 14:59:00,1503.98,1504.0,1503.98,1504.0,0.0,17.83,26684.67,1
2025-11-13,2025-11-13 15:00:00,1504.0,1522.9,1485.0,1504.0,0.0,17.83,26684.67,0
2025-11-16,2025-11-16 11:00:00,1481.0,1486.4,1480.7,1481.04,0.0,7.68,11406.67,1
2025-11-16,2025-11-16 11:01:00,1481.04,1481.07,1481.04,1481.07,0.0,7.68,11406.67,1
2025-11-16,2025-11-16 11:02:00,1481.07,1481.11,1481.07,1481.11,0.0,7.68,11406.67,1
2025-11-16,2025-11-16 11:03:00,1481.11,1481.15,1481.11,1481.15,0.0,7.68,11406.67,1
2025-11-16,2025-11-16 11:04:00,1481.15,1481.19,1481.15,1481.19,0.0,7.68,11406.67,1
2025-11-16,2025-11-16 11:05:00,1481.19,1481.22,1481.19,1481.22,0.0,7.68,11406.67,1
2025-11-16,2025-11-16 11:06:00,1481.22,1481.26,1481.22,1481.26,0.0,7.68,11406.67,1
2025-11-16,2025-11-16 11:07:00,1481.26,1481.3,1481.26,1481.3,0.0,7.68,11406.67,1
2025-11-16,2025-11-16 11:08:00,1481.3,1481.33,1481.3,1481.33,0.0,7.68,11406.67,1
2025-11-16,2025-11-16 11:09:00,1481.33,1481.37,1481.33,1481.37,0.0,7.68,11406.67,1
2025-11-16,2025-11-16 11:10:00,1481.37,1481.41,1481.37,1481.41,0.0,7.68,11406.67,1
2025-11-16,2025-11-16 11:11:00,1481.41,1481.44,1481.41,1481.44,0.0,7.68,11406.67,1
2025-11-16,2025-11-16 11:12:00,1481.44,1481.48,1481.44,1481.48,0.0,7.68,11406.67,1
2025-11-16,2025-11-16 11:13:00,1481.48,1481.52,1481.48,1481.52,0.0,7.68,11406.67,1
2025-11-16,2025-11-16 11:14:00,1481.52,1481.56,1481.52,1481.56,0.0,7.68,11406.67,1
2025-11-16,2025-11-16 11:15:00,1481.56,1481.59,1481.56,1481.59,0.0,7.68,11406.67,1
2025-11-16,2025-11-16 11:16:00,1481.59,1481.63,1481.59,1481.63,0.0,7.68,11406.67,1
2025-11-16,2025-11-16 11:17:00,1481.63,1481.67,1481.63,1481.67,0.0,7.68,11406.67,1
2025-11-16,2025-11-16 11:18:00,1481.67,1481.7,1481.67,1481.7,0.0,7.68,11406.67,1
2025-11-16,2025-11-16 11:19:00,1481.7,1481.74,1481.7,1481.74,0.0,7.68,11406.67,1
2025-11-16,2025-11-16 11:20:00,1481.74,1481.78,1481.74,1481.78,0.0,7.68,11406.67,1
2025-11-16,2025-11-16 11:21:00,1481.78,1481.82,1481.78,1481.82,0.0,7.68,11406.67,1
2025-11-16,2025-11-16 11:22:00,1481.82,1481.85,1481.82,1481.85,0.0,7.68,11406.67,1
2025-11-16,2025-11-16 11:23:00,1481.85,1481.89,1481.85,1481.89,0.0,7.68,11406.67,1
2025-11-16,2025-11-16 11:24:00,1481.89,1481.93,1481.89,1481.93,0.0,7.68,11406.67,1
2025-11-16,2025-11-16 11:25:00,1481.93,1481.96,1481.93,1481.96,0.0,7.68,11406.67,1
2025-11-16,2025-11-16 11:26:00,1481.96,1482.0,1481.96,1482.0,0.0,7.68,11406.67,1
2025-11-16,2025-11-16 11:27:00,1482.0,1482.04,1482.0,1482.04,0.0,7.68,11406.67,1
2025-11-16,2025-11-16 11:28:00,1482.04,1482.08,1482.04,1482.08,0.0,7.68,11406.67,1
2025-11-16,2025-11-16 11:29:00,1482.08,1482.11,1482.08,1482.11,0.0,7.68,11406.67,1
2025-11-16,2025-11-16 11:30:00,1482.11,1482.15,1482.11,1482.15,0.0,7.68,11406.67,1
2025-11-16,2025-11-16 11:31:00,1482.15,1482.19,1482.15,1482.19,0.0,7.68,11406.67,1
2025-11-16,2025-11-16 11:32:00,1482.19,1482.22,1482.19,1482.22,0.0,7.68,11406.67,1
2025-11-16,2025-11-16 11:33:00,1482.22,1482.26,1482.22,1482.26,0.0,7.68,11406.67,1
2025-11-16,2025-11-16 11:34:00,1482.26,1482.3,1482.26,1482.3,0.0,7.68,11406.67,1
2025-11-16,2025-11-16 11:35:00,1482.3,1482.34,1482.3,1482.34,0.0,7.68,11406.67,1
2025-11-16,2025-11-16 11:36:00,1482.34,1482.37,1482.34,1482.37,0.0,7.68,11406.67,1
2025-11-16,2025-11-16 11:37:00,1482.37,1482.41,1482.37,1482.41,0.0,7.68,11406.67,1
2025-11-16,2025-11-16 11:38:00,1482.41,1482.45,1482.41,1482.45,0.0,7.68,11406.67,1
2025-11-16,2025-11-16 11:39:00,1482.45,1482.48,1482.45,1482.48,0.0,7.68,11406.67,1
2025-11-16,2025-11-16 11:40:00,1482.48,1482.52,1482.48,1482.52,0.0,7.68,11406.67,1
2025-11-16,2025-11-16 11:41:00,1482.52,1482.56,1482.52,1482.56,0.0,7.68,11406.67,1
2025-11-16,2025-11-16 11:42:00,1482.56,1482.59,1482.56,1482.59,0.0,7.68,11406.67,1
2025-11-16,2025-11-16 11:43:00,1482.59,1482.63,1482.59,1482.63,0.0,7.68,11406.67,1
2025-11-16,2025-11-16 11:44:00,1482.63,1482.67,1482.63,1482.67,0.0,7.68,11406.67,1
2025-11-16,2025-11-16 11:45:00,1482.67,1482.71,1482.67,1482.71,0.0,7.68,11406.67,1
2025-11-16,2025-11-16 11:46:00,1482.71,1482.74,1482.71,1482.74,0.0,7.68,11406.67,1
2025-11-16,2025-11-16 11:47:00,1482.74,1482.78,1482.74,1482.78,0.0,7.68,11406.67,1
2025-11-16,2025-11-16 11:48:00,1482.78,1482.82,1482.78,1482.82,0.0,7.68,11406.67,1
2025-11-16,2025-11-16 11:49:00,1482.82,1482.85,1482.82,1482.85,0.0,7.68,11406.67,1
2025-11-16,2025-11-16 11:50:00,1482.85,1482.89,1482.85,1482.89,0.0,7.68,11406.67,1
2025-11-16,2025-11-16 11:51:00,1482.89,1482.93,1482.89,1482.93,0.0,7.68,11406.67,1
2025-11-16,2025-11-16 11:52:00,1482.93,1482.97,1482.93,1482.97,0.0,7.68,11406.67,1
2025-11-16,2025-11-16 11:53:00,1482.97,1483.0,1482.97,1483.0,0.0,7.68,11406.67,1
2025-11-16,2025-11-16 11:54:00,1483.0,1483.04,1483.0,1483.04,0.0,7.68,11406.67,1
2025-11-16,2025-11-16 11:55:00,1483.04,1483.08,1483.04,1483.08,0.0,7.68,11406.67,1
2025-11-16,2025-11-16 11:56:00,1483.08,1483.11,1483.08,1483.11,0.0,7.68,11406.67,1
2025-11-16,2025-11-16 11:57:00,1483.11,1483.15,1483.11,1483.15,0.0,7.68,11406.67,1
2025-11-16,2025-11-16 11:58:00,1483.15,1483.19,1483.15,1483.19,0.0,7.68,11406.67,1
2025-11-16,2025-11-16 11:59:00,1483.19,1483.22,1483.19,1483.22,0.0,7.68,11406.67,1
2025-11-16,2025-11-16 12:00:00,1483.22,1483.26,1483.22,1483.26,0.0,7.68,11406.67,1
2025-11-16,2025-11-16 12:01:00,1483.26,1483.3,1483.26,1483.3,0.0,7.68,11406.67,1
2025-11-16,2025-11-16 12:02:00,1483.3,1483.34,1483.3,1483.34,0.0,7.68,11406.67,1
2025-11-16,2025-11-16 12:03:00,1483.34,1483.37,1483.34,1483.37,0.0,7.68,11406.67,1
2025-11-16,2025-11-16 12:04:00,1483.37,1483.41,1483.37,1483.41,0.0,7.68,11406.67,1
2025-11-16,2025-11-16 12:05:00,1483.41,1483.45,1483.41,1483.45,0.0,7.68,11406.67,1
2025-11-16,2025-11-16 12:06:00,1483.45,1483.48,1483.45,1483.48,0.0,7.68,11406.67,1
2025-11-16,2025-11-16 12:07:00,1483.48,1483.52,1483.48,1483.52,0.0,7.68,11406.67,1
2025-11-16,2025-11-16 12:08:00,1483.52,1483.56,1483.52,1483.56,0.0,7.68,11406.67,1
2025-11-16,2025-11-16 12:09:00,1483.56,1483.6,1483.56,1483.6,0.0,7.68,11406.67,1
2025-11-16,2025-11-16 12:10:00,1483.6,1483.63,1483.6,1483.63,0.0,7.68,11406.67,1
2025-11-16,2025-11-16 12:11:00,1483.63,1483.67,1483.63,1483.67,0.0,7.68,11406.67,1
2025-11-16,2025-11-16 12:12:00,1483.67,1483.71,1483.67,1483.71,0.0,7.68,11406.67,1
2025-11-16,2025-11-16 12:13:00,1483.71,1483.74,1483.71,1483.74,0.0,7.68,11406.67,1
2025-11-16,2025-11-16 12:14:00,1483.74,1483.78,1483.74,1483.78,0.0,7.68,11406.67,1
2025-11-16,2025-11-16 12:15:00,1483.78,1483.82,1483.78,1483.82,0.0,7.68,11406.67,1
2025-11-16,2025-11-16 12:16:00,1483.82,1483.86,1483.82,1483.86,0.0,7.68,11406.67,1
2025-11-16,2025-11-16 12:17:00,1483.86,1483.89,1483.86,1483.89,0.0,7.68,11406.67,1
2025-11-16,2025-11-16 12:18:00,1483.89,1483.93,1483.89,1483.93,0.0,7.68,11406.67,1
2025-11-16,2025-11-16 12:19:00,1483.93,1483.97,1483.93,1483.97,0.0,7.68,11406.67,1
2025-11-16,2025-11-16 12:20:00,1483.97,1484.0,1483.97,1484.0,0.0,7.68,11406.67,1
2025-11-16,2025-11-16 12:21:00,1484.0,1484.04,1484.0,1484.04,0.0,7.68,11406.67,1
2025-11-16,2025-11-16 12:22:00,1484.04,1484.08,1484.04,1484.08,0.0,7.68,11406.67,1
2025-11-16,2025-11-16 12:23:00,1484.08,1484.12,1484.08,1484.12,0.0,7.68,11406.67,1
2025-11-16,2025-11-16 12:24:00,1484.12,1484.15,1484.12,1484.15,0.0,7.68,11406.67,1
2025-11-16,2025-11-16 12:25:00,1484.15,1484.19,1484.15,1484.19,0.0,7.68,11406.67,1
2025-11-16,2025-11-16 12:26:00,1484.19,1484.23,1484.19,1484.23,0.0,7.68,11406.67,1
2025-11-16,2025-11-16 12:27:00,1484.23,1484.26,1484.23,1484.26,0.0,7.68,11406.67,1
2025-11-16,2025-11-16 12:28:00,1484.26,1484.3,1484.26,1484.3,0.0,7.68,11406.67,1
2025-11-16,2025-11-16 12:29:00,1484.3,1484.34,1484.3,1484.34,0.0,7.68,11406.67,1
2025-11-16,2025-11-16 12:30:00,1484.34,1484.37,1484.34,1484.37,0.0,7.68,11406.67,1
2025-11-16,2025-11-16 12:31:00,1484.37,1484.41,1484.37,1484.41,0.0,7.68,11406.67,1
2025-11-16,2025-11-16 12:32:00,1484.41,1484.45,1484.41,1484.45,0.0,7.68,11406.67,1
2025-11-16,2025-11-16 12:33:00,1484.45,1484.49,1484.45,1484.49,0.0,7.68,11406.67,1
2025-11-16,2025-11-16 12:34:00,1484.49,1484.52,1484.49,1484.52,0.0,7.68,11406.67,1
2025-11-16,2025-11-16 12:35:00,1484.52,1484.56,1484.52,1484.56,0.0,7.68,11406.67,1
2025-11-16,2025-11-16 12:36:00,1484.56,1484.6,1484.56,1484.6,0.0,7.68,11406.67,1
2025-11-16,2025-11-16 12:37:00,1484.6,1484.63,1484.6,1484.63,0.0,7.68,11406.67,1
2025-11-16,2025-11-16 12:38:00,1484.63,1484.67,1484.63,1484.67,0.0,7.68,11406.67,1
2025-11-16,2025-11-16 12:39:00,1484.67,1484.71,1484.67,1484.71,0.0,7.68,11406.67,1
2025-11-16,2025-11-16 12:40:00,1484.71,1484.75,1484.71,1484.75,0.0,7.68,11406.67,1
2025-11-16,2025-11-16 12:41:00,1484.75,1484.78,1484.75,1484.78,0.0,7.68,11406.67,1
2025-11-16,2025-11-16 12:42:00,1484.78,1484.82,1484.78,1484.82,0.0,7.68,11406.67,1
2025-11-16,2025-11-16 12:43:00,1484.82,1484.86,1484.82,1484.86,0.0,7.68,11406.67,1
2025-11-16,2025-11-16 12:44:00,1484.86,1484.89,1484.86,1484.89,0.0,7.68,11406.67,1
2025-11-16,2025-11-16 12:45:00,1484.89,1484.93,1484.89,1484.93,0.0,7.68,11406.67,1
2025-11-16,2025-11-16 12:46:00,1484.93,1484.97,1484.93,1484.97,0.0,7.68,11406.67,1
2025-11-16,2025-11-16 12:47:00,1484.97,1485.01,1484.97,1485.01,0.0,7.68,11406.67,1
2025-11-16,2025-11-16 12:48:00,1485.01,1485.04,1485.01,1485.04,0.0,7.68,11406.67,1
2025-11-16,2025-11-16 12:49:00,1485.04,1485.08,1485.04,1485.08,0.0,7.68,11406.67,1
2025-11-16,2025-11-16 12:50:00,1485.08,1485.12,1485.08,1485.12,0.0,7.68,11406.67,1
2025-11-16,2025-11-16 12:51:00,1485.12,1485.15,1485.12,1485.15,0.0,7.68,11406.67,1
2025-11-16,2025-11-16 12:52:00,1485.15,1485.19,1485.15,1485.19,0.0,7.68,11406.67,1
2025-11-16,2025-11-16 12:53:00,1485.19,1485.23,1485.19,1485.23,0.0,7.68,11406.67,1
2025-11-16,2025-11-16 12:54:00,1485.23,1485.26,1485.23,1485.26,0.0,7.68,11406.67,1
2025-11-16,2025-11-16 12:55:00,1485.26,1485.3,1485.26,1485.3,0.0,7.68,11406.67,1
2025-11-16,2025-11-16 12:56:00,1485.3,1485.34,1485.3,1485.34,0.0,7.68,11406.67,1
2025-11-16,2025-11-16 12:57:00,1485.34,1485.38,1485.34,1485.38,0.0,7.68,11406.67,1
2025-11-16,2025-11-16 12:58:00,1485.38,1485.41,1485.38,1485.41,0.0,7.68,11406.67,1
2025-11-16,2025-11-16 12:59:00,1485.41,1485.45,1485.41,1485.45,0.0,7.68,11406.67,1
2025-11-16,2025-11-16 13:00:00,1485.45,1499.0,1480.0,1485.49,0.0,7.68,11406.67,1
2025-11-16,2025-11-16 13:01:00,1485.49,1485.52,1485.49,1485.52,0.0,7.68,11406.67,1
2025-11-16,2025-11-16 13:02:00,1485.52,1485.56,1485.52,1485.56,0.0,7.68,11406.67,1
2025-11-16,2025-11-16 13:03:00,1485.56,1485.6,1485.56,1485.6,0.0,7.68,11406.67,1
2025-11-16,2025-11-16 13:04:00,1485.6,1485.64,1485.6,1485.64,0.0,7.68,11406.67,1
2025-11-16,2025-11-16 13:05:00,1485.64,1485.67,1485.64,1485.67,0.0,7.68,11406.67,1
2025-11-16,2025-11-16 13:06:00,1485.67,1485.71,1485.67,1485.71,0.0,7.68,11406.67,1
2025-11-16,2025-11-16 13:07:00,1485.71,1485.75,1485.71,1485.75,0.0,7.68,11406.67,1
2025-11-16,2025-11-16 13:08:00,1485.75,1485.78,1485.75,1485.78,0.0,7.68,11406.67,1
2025-11-16,2025-11-16 13:09:00,1485.78,1485.82,1485.78,1485.82,0.0,7.68,11406.67,1
2025-11-16,2025-11-16 13:10:00,1485.82,1485.86,1485.82,1485.86,0.0,7.68,11406.67,1
2025-11-16,2025-11-16 13:11:00,1485.86,1485.89,1485.86,1485.89,0.0,7.68,11406.67,1
2025-11-16,2025-11-16 13:12:00,1485.89,1485.93,1485.89,1485.93,0.0,7.68,11406.67,1
2025-11-16,2025-11-16 13:13:00,1485.93,1485.97,1485.93,1485.97,0.0,7.68,11406.67,1
2025-11-16,2025-11-16 13:14:00,1485.97,1486.01,1485.97,1486.01,0.0,7.68,11406.67,1
2025-11-16,2025-11-16 13:15:00,1486.01,1486.04,1486.01,1486.04,0.0,7.68,11406.67,1
2025-11-16,2025-11-16 13:16:00,1486.04,1486.08,1486.04,1486.08,0.0,7.68,11406.67,1
2025-11-16,2025-11-16 13:17:00,1486.08,1486.12,1486.08,1486.12,0.0,7.68,11406.67,1
2025-11-16,2025-11-16 13:18:00,1486.12,1486.15,1486.12,1486.15,0.0,7.68,11406.67,1
2025-11-16,2025-11-16 13:19:00,1486.15,1486.19,1486.15,1486.19,0.0,7.68,11406.67,1
2025-11-16,2025-11-16 13:20:00,1486.19,1486.23,1486.19,1486.23,0.0,7.68,11406.67,1
2025-11-16,2025-11-16 13:21:00,1486.23,1486.27,1486.23,1486.27,0.0,7.68,11406.67,1
2025-11-16,2025-11-16 13:22:00,1486.27,1486.3,1486.27,1486.3,0.0,7.68,11406.67,1
2025-11-16,2025-11-16 13:23:00,1486.3,1486.34,1486.3,1486.34,0.0,7.68,11406.67,1
2025-11-16,2025-11-16 13:24:00,1486.34,1486.38,1486.34,1486.38,0.0,7.68,11406.67,1
2025-11-16,2025-11-16 13:25:00,1486.38,1486.41,1486.38,1486.41,0.0,7.68,11406.67,1
2025-11-16,2025-11-16 13:26:00,1486.41,1486.45,1486.41,1486.45,0.0,7.68,11406.67,1
2025-11-16,2025-11-16 13:27:00,1486.45,1486.49,1486.45,1486.49,0.0,7.68,11406.67,1
2025-11-16,2025-11-16 13:28:00,1486.49,1486.53,1486.49,1486.53,0.0,7.68,11406.67,1
2025-11-16,2025-11-16 13:29:00,1486.53,1486.56,1486.53,1486.56,0.0,7.68,11406.67,1
2025-11-16,2025-11-16 13:30:00,1486.56,1486.6,1486.56,1486.6,0.0,7.68,11406.67,1
2025-11-16,2025-11-16 13:31:00,1486.6,1486.64,1486.6,1486.64,0.0,7.68,11406.67,1
2025-11-16,2025-11-16 13:32:00,1486.64,1486.67,1486.64,1486.67,0.0,7.68,11406.67,1
2025-11-16,2025-11-16 13:33:00,1486.67,1486.71,1486.67,1486.71,0.0,7.68,11406.67,1
2025-11-16,2025-11-16 13:34:00,1486.71,1486.75,1486.71,1486.75,0.0,7.68,11406.67,1
2025-11-16,2025-11-16 13:35:00,1486.75,1486.79,1486.75,1486.79,0.0,7.68,11406.67,1
2025-11-16,2025-11-16 13:36:00,1486.79,1486.82,1486.79,1486.82,0.0,7.68,11406.67,1
2025-11-16,2025-11-16 13:37:00,1486.82,1486.86,1486.82,1486.86,0.0,7.68,11406.67,1
2025-11-16,2025-11-16 13:38:00,1486.86,1486.9,1486.86,1486.9,0.0,7.68,11406.67,1
2025-11-16,2025-11-16 13:39:00,1486.9,1486.93,1486.9,1486.93,0.0,7.68,11406.67,1
2025-11-16,2025-11-16 13:40:00,1486.93,1486.97,1486.93,1486.97,0.0,7.68,11406.67,1
2025-11-16,2025-11-16 13:41:00,1486.97,1487.01,1486.97,1487.01,0.0,7.68,11406.67,1
2025-11-16,2025-11-16 13:42:00,1487.01,1487.04,1487.01,1487.04,0.0,7.68,11406.67,1
2025-11-16,2025-11-16 13:43:00,1487.04,1487.08,1487.04,1487.08,0.0,7.68,11406.67,1
2025-11-16,2025-11-16 13:44:00,1487.08,1487.12,1487.08,1487.12,0.0,7.68,11406.67,1
2025-11-16,2025-11-16 13:45:00,1487.12,1487.16,1487.12,1487.16,0.0,7.68,11406.67,1
2025-11-16,2025-11-16 13:46:00,1487.16,1487.19,1487.16,1487.19,0.0,7.68,11406.67,1
2025-11-16,2025-11-16 13:47:00,1487.19,1487.23,1487.19,1487.23,0.0,7.68,11406.67,1
2025-11-16,2025-11-16 13:48:00,1487.23,1487.27,1487.23,1487.27,0.0,7.68,11406.67,1
2025-11-16,2025-11-16 13:49:00,1487.27,1487.3,1487.27,1487.3,0.0,7.68,11406.67,1
2025-11-16,2025-11-16 13:50:00,1487.3,1487.34,1487.3,1487.34,0.0,7.68,11406.67,1
2025-11-16,2025-11-16 13:51:00,1487.34,1487.38,1487.34,1487.38,0.0,7.68,11406.67,1
2025-11-16,2025-11-16 13:52:00,1487.38,1487.42,1487.38,1487.42,0.0,7.68,11406.67,1
2025-11-16,2025-11-16 13:53:00,1487.42,1487.45,1487.42,1487.45,0.0,7.68,11406.67,1
2025-11-16,2025-11-16 13:54:00,1487.45,1487.49,1487.45,1487.49,0.0,7.68,11406.67,1
2025-11-16,2025-11-16 13:55:00,1487.49,1487.53,1487.49,1487.53,0.0,7.68,11406.67,1
2025-11-16,2025-11-16 13:56:00,1487.53,1487.56,1487.53,1487.56,0.0,7.68,11406.67,1
2025-11-16,2025-11-16 13:57:00,1487.56,1487.6,1487.56,1487.6,0.0,7.68,11406.67,1
2025-11-16,2025-11-16 13:58:00,1487.6,1487.64,1487.6,1487.64,0.0,7.68,11406.67,1
2025-11-16,2025-11-16 13:59:00,1487.64,1487.68,1487.64,1487.68,0.0,7.68,11406.67,1
2025-11-16,2025-11-16 14:00:00,1487.68,1487.71,1487.68,1487.71,0.0,7.68,11406.67,1
2025-11-16,2025-11-16 14:01:00,1487.71,1487.75,1487.71,1487.75,0.0,7.68,11406.67,1
2025-11-16,2025-11-16 14:02:00,1487.75,1487.79,1487.75,1487.79,0.0,7.68,11406.67,1
2025-11-16,2025-11-16 14:03:00,1487.79,1487.82,1487.79,1487.82,0.0,7.68,11406.67,1
2025-11-16,2025-11-16 14:04:00,1487.82,1487.86,1487.82,1487.86,0.0,7.68,11406.67,1
2025-11-16,2025-11-16 14:05:00,1487.86,1487.9,1487.86,1487.9,0.0,7.68,11406.67,1
2025-11-16,2025-11-16 14:06:00,1487.9,1487.93,1487.9,1487.93,0.0,7.68,11406.67,1
2025-11-16,2025-11-16 14:07:00,1487.93,1487.97,1487.93,1487.97,0.0,7.68,11406.67,1
2025-11-16,2025-11-16 14:08:00,1487.97,1488.01,1487.97,1488.01,0.0,7.68,11406.67,1
2025-11-16,2025-11-16 14:09:00,1488.01,1488.05,1488.01,1488.05,0.0,7.68,11406.67,1
2025-11-16,2025-11-16 14:10:00,1488.05,1488.08,1488.05,1488.08,0.0,7.68,11406.67,1
2025-11-16,2025-11-16 14:11:00,1488.08,1488.12,1488.08,1488.12,0.0,7.68,11406.67,1
2025-11-16,2025-11-16 14:12:00,1488.12,1488.16,1488.12,1488.16,0.0,7.68,11406.67,1
2025-11-16,2025-11-16 14:13:00,1488.16,1488.19,1488.16,1488.19,0.0,7.68,11406.67,1
2025-11-16,2025-11-16 14:14:00,1488.19,1488.23,1488.19,1488.23,0.0,7.68,11406.67,1
2025-11-16,2025-11-16 14:15:00,1488.23,1488.27,1488.23,1488.27,0.0,7.68,11406.67,1
2025-11-16,2025-11-16 14:16:00,1488.27,1488.31,1488.27,1488.31,0.0,7.68,11406.67,1
2025-11-16,2025-11-16 14:17:00,1488.31,1488.34,1488.31,1488.34,0.0,7.68,11406.67,1
2025-11-16,2025-11-16 14:18:00,1488.34,1488.38,1488.34,1488.38,0.0,7.68,11406.67,1
2025-11-16,2025-11-16 14:19:00,1488.38,1488.42,1488.38,1488.42,0.0,7.68,11406.67,1
2025-11-16,2025-11-16 14:20:00,1488.42,1488.45,1488.42,1488.45,0.0,7.68,11406.67,1
2025-11-16,2025-11-16 14:21:00,1488.45,1488.49,1488.45,1488.49,0.0,7.68,11406.67,1
2025-11-16,2025-11-16 14:22:00,1488.49,1488.53,1488.49,1488.53,0.0,7.68,11406.67,1
2025-11-16,2025-11-16 14:23:00,1488.53,1488.57,1488.53,1488.57,0.0,7.68,11406.67,1
2025-11-16,2025-11-16 14:24:00,1488.57,1488.6,1488.57,1488.6,0.0,7.68,11406.67,1
2025-11-16,2025-11-16 14:25:00,1488.6,1488.64,1488.6,1488.64,0.0,7.68,11406.67,1
2025-11-16,2025-11-16 14:26:00,1488.64,1488.68,1488.64,1488.68,0.0,7.68,11406.67,1
2025-11-16,2025-11-16 14:27:00,1488.68,1488.71,1488.68,1488.71,0.0,7.68,11406.67,1
2025-11-16,2025-11-16 14:28:00,1488.71,1488.75,1488.71,1488.75,0.0,7.68,11406.67,1
2025-11-16,2025-11-16 14:29:00,1488.75,1488.79,1488.75,1488.79,0.0,7.68,11406.67,1
2025-11-16,2025-11-16 14:30:00,1488.79,1488.82,1488.79,1488.82,0.0,7.68,11406.67,1
2025-11-16,2025-11-16 14:31:00,1488.82,1488.86,1488.82,1488.86,0.0,7.68,11406.67,1
2025-11-16,2025-11-16 14:32:00,1488.86,1488.9,1488.86,1488.9,0.0,7.68,11406.67,1
2025-11-16,2025-11-16 14:33:00,1488.9,1488.94,1488.9,1488.94,0.0,7.68,11406.67,1
2025-11-16,2025-11-16 14:34:00,1488.94,1488.97,1488.94,1488.97,0.0,7.68,11406.67,1
2025-11-16,2025-11-16 14:35:00,1488.97,1489.01,1488.97,1489.01,0.0,7.68,11406.67,1
2025-11-16,2025-11-16 14:36:00,1489.01,1489.05,1489.01,1489.05,0.0,7.68,11406.67,1
2025-11-16,2025-11-16 14:37:00,1489.05,1489.08,1489.05,1489.08,0.0,7.68,11406.67,1
2025-11-16,2025-11-16 14:38:00,1489.08,1489.12,1489.08,1489.12,0.0,7.68,11406.67,1
2025-11-16,2025-11-16 14:39:00,1489.12,1489.16,1489.12,1489.16,0.0,7.68,11406.67,1
2025-11-16,2025-11-16 14:40:00,1489.16,1489.2,1489.16,1489.2,0.0,7.68,11406.67,1
2025-11-16,2025-11-16 14:41:00,1489.2,1489.23,1489.2,1489.23,0.0,7.68,11406.67,1
2025-11-16,2025-11-16 14:42:00,1489.23,1489.27,1489.23,1489.27,0.0,7.68,11406.67,1
2025-11-16,2025-11-16 14:43:00,1489.27,1489.31,1489.27,1489.31,0.0,7.68,11406.67,1
2025-11-16,2025-11-16 14:44:00,1489.31,1489.34,1489.31,1489.34,0.0,7.68,11406.67,1
2025-11-16,2025-11-16 14:45:00,1489.34,1489.38,1489.34,1489.38,0.0,7.68,11406.67,1
2025-11-16,2025-11-16 14:46:00,1489.38,1489.42,1489.38,1489.42,0.0,7.68,11406.67,1
2025-11-16,2025-11-16 14:47:00,1489.42,1489.46,1489.42,1489.46,0.0,7.68,11406.67,1
2025-11-16,2025-11-16 14:48:00,1489.46,1489.49,1489.46,1489.49,0.0,7.68,11406.67,1
2025-11-16,2025-11-16 14:49:00,1489.49,1489.53,1489.49,1489.53,0.0,7.68,11406.67,1
2025-11-16,2025-11-16 14:50:00,1489.53,1489.57,1489.53,1489.57,0.0,7.68,11406.67,1
2025-11-16,2025-11-16 14:51:00,1489.57,1489.6,1489.57,1489.6,0.0,7.68,11406.67,1
2025-11-16,2025-11-16 14:52:00,1489.6,1489.64,1489.6,1489.64,0.0,7.68,11406.67,1
2025-11-16,2025-11-16 14:53:00,1489.64,1489.68,1489.64,1489.68,0.0,7.68,11406.67,1
2025-11-16,2025-11-16 14:54:00,1489.68,1489.71,1489.68,1489.71,0.0,7.68,11406.67,1
2025-11-16,2025-11-16 14:55:00,1489.71,1489.75,1489.71,1489.75,0.0,7.68,11406.67,1
2025-11-16,2025-11-16 14:56:00,1489.75,1489.79,1489.75,1489.79,0.0,7.68,11406.67,1
2025-11-16,2025-11-16 14:57:00,1489.79,1489.83,1489.79,1489.83,0.0,7.68,11406.67,1
2025-11-16,2025-11-16 14:58:00,1489.83,1489.86,1489.83,1489.86,0.0,7.68,11406.67,1
2025-11-16,2025-11-16 14:59:00,1489.86,1489.9,1489.86,1489.9,0.0,7.68,11406.67,1
2025-11-16,2025-11-16 15:00:00,1489.9,1499.0,1480.0,1489.9,0.0,7.68,11406.67,0
2025-11-17,2025-11-17 11:00:00,1470.0,1481.1,1468.86,1470.08,0.01,11.7,17371.53,1
2025-11-17,2025-11-17 11:01:00,1470.08,1470.17,1470.08,1470.17,0.01,11.7,17371.53,1
2025-11-17,2025-11-17 11:02:00,1470.17,1470.25,1470.17,1470.25,0.01,11.7,17371.53,1
2025-11-17,2025-11-17 11:03:00,1470.25,1470.33,1470.25,1470.33,0.01,11.7,17371.53,1
2025-11-17,2025-11-17 11:04:00,1470.33,1470.42,1470.33,1470.42,0.01,11.7,17371.53,1
2025-11-17,2025-11-17 11:05:00,1470.42,1470.5,1470.42,1470.5,0.01,11.7,17371.53,1
2025-11-17,2025-11-17 11:06:00,1470.5,1470.58,1470.5,1470.58,0.01,11.7,17371.53,1
2025-11-17,2025-11-17 11:07:00,1470.58,1470.67,1470.58,1470.67,0.01,11.7,17371.53,1
2025-11-17,2025-11-17 11:08:00,1470.67,1470.75,1470.67,1470.75,0.01,11.7,17371.53,1
2025-11-17,2025-11-17 11:09:00,1470.75,1470.83,1470.75,1470.83,0.01,11.7,17371.53,1
2025-11-17,2025-11-17 11:10:00,1470.83,1470.92,1470.83,1470.92,0.01,11.7,17371.53,1
2025-11-17,2025-11-17 11:11:00,1470.92,1471.0,1470.92,1471.0,0.01,11.7,17371.53,1
2025-11-17,2025-11-17 11:12:00,1471.0,1471.08,1471.0,1471.08,0.01,11.7,17371.53,1
2025-11-17,2025-11-17 11:13:00,1471.08,1471.17,1471.08,1471.17,0.01,11.7,17371.53,1
2025-11-17,2025-11-17 11:14:00,1471.17,1471.25,1471.17,1471.25,0.01,11.7,17371.53,1
2025-11-17,2025-11-17 11:15:00,1471.25,1471.33,1471.25,1471.33,0.01,11.7,17371.53,1
2025-11-17,2025-11-17 11:16:00,1471.33,1471.42,1471.33,1471.42,0.01,11.7,17371.53,1
2025-11-17,2025-11-17 11:17:00,1471.42,1471.5,1471.42,1471.5,0.01,11.7,17371.53,1
2025-11-17,2025-11-17 11:18:00,1471.5,1471.58,1471.5,1471.58,0.01,11.7,17371.53,1
2025-11-17,2025-11-17 11:19:00,1471.58,1471.67,1471.58,1471.67,0.01,11.7,17371.53,1
2025-11-17,2025-11-17 11:20:00,1471.67,1471.75,1471.67,1471.75,0.01,11.7,17371.53,1
2025-11-17,2025-11-17 11:21:00,1471.75,1471.83,1471.75,1471.83,0.01,11.7,17371.53,1
2025-11-17,2025-11-17 11:22:00,1471.83,1471.92,1471.83,1471.92,0.01,11.7,17371.53,1
2025-11-17,2025-11-17 11:23:00,1471.92,1472.0,1471.92,1472.0,0.01,11.7,17371.53,1
2025-11-17,2025-11-17 11:24:00,1472.0,1472.08,1472.0,1472.08,0.01,11.7,17371.53,1
2025-11-17,2025-11-17 11:25:00,1472.08,1472.17,1472.08,1472.17,0.01,11.7,17371.53,1
2025-11-17,2025-11-17 11:26:00,1472.17,1472.25,1472.17,1472.25,0.01,11.7,17371.53,1
2025-11-17,2025-11-17 11:27:00,1472.25,1472.33,1472.25,1472.33,0.01,11.7,17371.53,1
2025-11-17,2025-11-17 11:28:00,1472.33,1472.42,1472.33,1472.42,0.01,11.7,17371.53,1
2025-11-17,2025-11-17 11:29:00,1472.42,1472.5,1472.42,1472.5,0.01,11.7,17371.53,1
2025-11-17,2025-11-17 11:30:00,1472.5,1472.58,1472.5,1472.58,0.01,11.7,17371.53,1
2025-11-17,2025-11-17 11:31:00,1472.58,1472.67,1472.58,1472.67,0.01,11.7,17371.53,1
2025-11-17,2025-11-17 11:32:00,1472.67,1472.75,1472.67,1472.75,0.01,11.7,17371.53,1
2025-11-17,2025-11-17 11:33:00,1472.75,1472.83,1472.75,1472.83,0.01,11.7,17371.53,1
2025-11-17,2025-11-17 11:34:00,1472.83,1472.92,1472.83,1472.92,0.01,11.7,17371.53,1
2025-11-17,2025-11-17 11:35:00,1472.92,1473.0,1472.92,1473.0,0.01,11.7,17371.53,1
2025-11-17,2025-11-17 11:36:00,1473.0,1473.08,1473.0,1473.08,0.01,11.7,17371.53,1
2025-11-17,2025-11-17 11:37:00,1473.08,1473.17,1473.08,1473.17,0.01,11.7,17371.53,1
2025-11-17,2025-11-17 11:38:00,1473.17,1473.25,1473.17,1473.25,0.01,11.7,17371.53,1
2025-11-17,2025-11-17 11:39:00,1473.25,1473.33,1473.25,1473.33,0.01,11.7,17371.53,1
2025-11-17,2025-11-17 11:40:00,1473.33,1473.42,1473.33,1473.42,0.01,11.7,17371.53,1
2025-11-17,2025-11-17 11:41:00,1473.42,1473.5,1473.42,1473.5,0.01,11.7,17371.53,1
2025-11-17,2025-11-17 11:42:00,1473.5,1473.58,1473.5,1473.58,0.01,11.7,17371.53,1
2025-11-17,2025-11-17 11:43:00,1473.58,1473.67,1473.58,1473.67,0.01,11.7,17371.53,1
2025-11-17,2025-11-17 11:44:00,1473.67,1473.75,1473.67,1473.75,0.01,11.7,17371.53,1
2025-11-17,2025-11-17 11:45:00,1473.75,1473.83,1473.75,1473.83,0.01,11.7,17371.53,1
2025-11-17,2025-11-17 11:46:00,1473.83,1473.92,1473.83,1473.92,0.01,11.7,17371.53,1
2025-11-17,2025-11-17 11:47:00,1473.92,1474.0,1473.92,1474.0,0.01,11.7,17371.53,1
2025-11-17,2025-11-17 11:48:00,1474.0,1474.08,1474.0,1474.08,0.01,11.7,17371.53,1
2025-11-17,2025-11-17 11:49:00,1474.08,1474.17,1474.08,1474.17,0.01,11.7,17371.53,1
2025-11-17,2025-11-17 11:50:00,1474.17,1474.25,1474.17,1474.25,0.01,11.7,17371.53,1
2025-11-17,2025-11-17 11:51:00,1474.25,1474.33,1474.25,1474.33,0.01,11.7,17371.53,1
2025-11-17,2025-11-17 11:52:00,1474.33,1474.42,1474.33,1474.42,0.01,11.7,17371.53,1
2025-11-17,2025-11-17 11:53:00,1474.42,1474.5,1474.42,1474.5,0.01,11.7,17371.53,1
2025-11-17,2025-11-17 11:54:00,1474.5,1474.58,1474.5,1474.58,0.01,11.7,17371.53,1
2025-11-17,2025-11-17 11:55:00,1474.58,1474.67,1474.58,1474.67,0.01,11.7,17371.53,1
2025-11-17,2025-11-17 11:56:00,1474.67,1474.75,1474.67,1474.75,0.01,11.7,17371.53,1
2025-11-17,2025-11-17 11:57:00,1474.75,1474.83,1474.75,1474.83,0.01,11.7,17371.53,1
2025-11-17,2025-11-17 11:58:00,1474.83,1474.92,1474.83,1474.92,0.01,11.7,17371.53,1
2025-11-17,2025-11-17 11:59:00,1474.92,1475.0,1474.92,1475.0,0.01,11.7,17371.53,1
2025-11-17,2025-11-17 12:00:00,1475.0,1475.08,1475.0,1475.08,0.01,11.7,17371.53,1
2025-11-17,2025-11-17 12:01:00,1475.08,1475.17,1475.08,1475.17,0.01,11.7,17371.53,1
2025-11-17,2025-11-17 12:02:00,1475.17,1475.25,1475.17,1475.25,0.01,11.7,17371.53,1
2025-11-17,2025-11-17 12:03:00,1475.25,1475.33,1475.25,1475.33,0.01,11.7,17371.53,1
2025-11-17,2025-11-17 12:04:00,1475.33,1475.42,1475.33,1475.42,0.01,11.7,17371.53,1
2025-11-17,2025-11-17 12:05:00,1475.42,1475.5,1475.42,1475.5,0.01,11.7,17371.53,1
2025-11-17,2025-11-17 12:06:00,1475.5,1475.58,1475.5,1475.58,0.01,11.7,17371.53,1
2025-11-17,2025-11-17 12:07:00,1475.58,1475.67,1475.58,1475.67,0.01,11.7,17371.53,1
2025-11-17,2025-11-17 12:08:00,1475.67,1475.75,1475.67,1475.75,0.01,11.7,17371.53,1
2025-11-17,2025-11-17 12:09:00,1475.75,1475.83,1475.75,1475.83,0.01,11.7,17371.53,1
2025-11-17,2025-11-17 12:10:00,1475.83,1475.92,1475.83,1475.92,0.01,11.7,17371.53,1
2025-11-17,2025-11-17 12:11:00,1475.92,1476.0,1475.92,1476.0,0.01,11.7,17371.53,1
2025-11-17,2025-11-17 12:12:00,1476.0,1476.08,1476.0,1476.08,0.01,11.7,17371.53,1
2025-11-17,2025-11-17 12:13:00,1476.08,1476.17,1476.08,1476.17,0.01,11.7,17371.53,1
2025-11-17,2025-11-17 12:14:00,1476.17,1476.25,1476.17,1476.25,0.01,11.7,17371.53,1
2025-11-17,2025-11-17 12:15:00,1476.25,1476.33,1476.25,1476.33,0.01,11.7,17371.53,1
2025-11-17,2025-11-17 12:16:00,1476.33,1476.42,1476.33,1476.42,0.01,11.7,17371.53,1
2025-11-17,2025-11-17 12:17:00,1476.42,1476.5,1476.42,1476.5,0.01,11.7,17371.53,1
2025-11-17,2025-11-17 12:18:00,1476.5,1476.58,1476.5,1476.58,0.01,11.7,17371.53,1
2025-11-17,2025-11-17 12:19:00,1476.58,1476.67,1476.58,1476.67,0.01,11.7,17371.53,1
2025-11-17,2025-11-17 12:20:00,1476.67,1476.75,1476.67,1476.75,0.01,11.7,17371.53,1
2025-11-17,2025-11-17 12:21:00,1476.75,1476.83,1476.75,1476.83,0.01,11.7,17371.53,1
2025-11-17,2025-11-17 12:22:00,1476.83,1476.92,1476.83,1476.92,0.01,11.7,17371.53,1
2025-11-17,2025-11-17 12:23:00,1476.92,1477.0,1476.92,1477.0,0.01,11.7,17371.53,1
2025-11-17,2025-11-17 12:24:00,1477.0,1477.08,1477.0,1477.08,0.01,11.7,17371.53,1
2025-11-17,2025-11-17 12:25:00,1477.08,1477.17,1477.08,1477.17,0.01,11.7,17371.53,1
2025-11-17,2025-11-17 12:26:00,1477.17,1477.25,1477.17,1477.25,0.01,11.7,17371.53,1
2025-11-17,2025-11-17 12:27:00,1477.25,1477.33,1477.25,1477.33,0.01,11.7,17371.53,1
2025-11-17,2025-11-17 12:28:00,1477.33,1477.42,1477.33,1477.42,0.01,11.7,17371.53,1
2025-11-17,2025-11-17 12:29:00,1477.42,1477.5,1477.42,1477.5,0.01,11.7,17371.53,1
2025-11-17,2025-11-17 12:30:00,1477.5,1477.58,1477.5,1477.58,0.01,11.7,17371.53,1
2025-11-17,2025-11-17 12:31:00,1477.58,1477.67,1477.58,1477.67,0.01,11.7,17371.53,1
2025-11-17,2025-11-17 12:32:00,1477.67,1477.75,1477.67,1477.75,0.01,11.7,17371.53,1
2025-11-17,2025-11-17 12:33:00,1477.75,1477.83,1477.75,1477.83,0.01,11.7,17371.53,1
2025-11-17,2025-11-17 12:34:00,1477.83,1477.92,1477.83,1477.92,0.01,11.7,17371.53,1
2025-11-17,2025-11-17 12:35:00,1477.92,1478.0,1477.92,1478.0,0.01,11.7,17371.53,1
2025-11-17,2025-11-17 12:36:00,1478.0,1478.08,1478.0,1478.08,0.01,11.7,17371.53,1
2025-11-17,2025-11-17 12:37:00,1478.08,1478.17,1478.08,1478.17,0.01,11.7,17371.53,1
2025-11-17,2025-11-17 12:38:00,1478.17,1478.25,1478.17,1478.25,0.01,11.7,17371.53,1
2025-11-17,2025-11-17 12:39:00,1478.25,1478.33,1478.25,1478.33,0.01,11.7,17371.53,1
2025-11-17,2025-11-17 12:40:00,1478.33,1478.42,1478.33,1478.42,0.01,11.7,17371.53,1
2025-11-17,2025-11-17 12:41:00,1478.42,1478.5,1478.42,1478.5,0.01,11.7,17371.53,1
2025-11-17,2025-11-17 12:42:00,1478.5,1478.58,1478.5,1478.58,0.01,11.7,17371.53,1
2025-11-17,2025-11-17 12:43:00,1478.58,1478.67,1478.58,1478.67,0.01,11.7,17371.53,1
2025-11-17,2025-11-17 12:44:00,1478.67,1478.75,1478.67,1478.75,0.01,11.7,17371.53,1
2025-11-17,2025-11-17 12:45:00,1478.75,1478.83,1478.75,1478.83,0.01,11.7,17371.53,1
2025-11-17,2025-11-17 12:46:00,1478.83,1478.92,1478.83,1478.92,0.01,11.7,17371.53,1
2025-11-17,2025-11-17 12:47:00,1478.92,1479.0,1478.92,1479.0,0.01,11.7,17371.53,1
2025-11-17,2025-11-17 12:48:00,1479.0,1479.08,1479.0,1479.08,0.01,11.7,17371.53,1
2025-11-17,2025-11-17 12:49:00,1479.08,1479.17,1479.08,1479.17,0.01,11.7,17371.53,1
2025-11-17,2025-11-17 12:50:00,1479.17,1479.25,1479.17,1479.25,0.01,11.7,17371.53,1
2025-11-17,2025-11-17 12:51:00,1479.25,1479.33,1479.25,1479.33,0.01,11.7,17371.53,1
2025-11-17,2025-11-17 12:52:00,1479.33,1479.42,1479.33,1479.42,0.01,11.7,17371.53,1
2025-11-17,2025-11-17 12:53:00,1479.42,1479.5,1479.42,1479.5,0.01,11.7,17371.53,1
2025-11-17,2025-11-17 12:54:00,1479.5,1479.58,1479.5,1479.58,0.01,11.7,17371.53,1
2025-11-17,2025-11-17 12:55:00,1479.58,1479.67,1479.58,1479.67,0.01,11.7,17371.53,1
2025-11-17,2025-11-17 12:56:00,1479.67,1479.75,1479.67,1479.75,0.01,11.7,17371.53,1
2025-11-17,2025-11-17 12:57:00,1479.75,1479.83,1479.75,1479.83,0.01,11.7,17371.53,1
2025-11-17,2025-11-17 12:58:00,1479.83,1479.92,1479.83,1479.92,0.01,11.7,17371.53,1
2025-11-17,2025-11-17 12:59:00,1479.92,1480.0,1479.92,1480.0,0.01,11.7,17371.53,1
2025-11-17,2025-11-17 13:00:00,1480.0,1507.0,1466.2,1480.08,0.01,11.7,17371.53,1
2025-11-17,2025-11-17 13:01:00,1480.08,1480.17,1480.08,1480.17,0.01,11.7,17371.53,1
2025-11-17,2025-11-17 13:02:00,1480.17,1480.25,1480.17,1480.25,0.01,11.7,17371.53,1
2025-11-17,2025-11-17 13:03:00,1480.25,1480.33,1480.25,1480.33,0.01,11.7,17371.53,1
2025-11-17,2025-11-17 13:04:00,1480.33,1480.42,1480.33,1480.42,0.01,11.7,17371.53,1
2025-11-17,2025-11-17 13:05:00,1480.42,1480.5,1480.42,1480.5,0.01,11.7,17371.53,1
2025-11-17,2025-11-17 13:06:00,1480.5,1480.58,1480.5,1480.58,0.01,11.7,17371.53,1
2025-11-17,2025-11-17 13:07:00,1480.58,1480.67,1480.58,1480.67,0.01,11.7,17371.53,1
2025-11-17,2025-11-17 13:08:00,1480.67,1480.75,1480.67,1480.75,0.01,11.7,17371.53,1
2025-11-17,2025-11-17 13:09:00,1480.75,1480.83,1480.75,1480.83,0.01,11.7,17371.53,1
2025-11-17,2025-11-17 13:10:00,1480.83,1480.92,1480.83,1480.92,0.01,11.7,17371.53,1
2025-11-17,2025-11-17 13:11:00,1480.92,1481.0,1480.92,1481.0,0.01,11.7,17371.53,1
2025-11-17,2025-11-17 13:12:00,1481.0,1481.08,1481.0,1481.08,0.01,11.7,17371.53,1
2025-11-17,2025-11-17 13:13:00,1481.08,1481.17,1481.08,1481.17,0.01,11.7,17371.53,1
2025-11-17,2025-11-17 13:14:00,1481.17,1481.25,1481.17,1481.25,0.01,11.7,17371.53,1
2025-11-17,2025-11-17 13:15:00,1481.25,1481.33,1481.25,1481.33,0.01,11.7,17371.53,1
2025-11-17,2025-11-17 13:16:00,1481.33,1481.42,1481.33,1481.42,0.01,11.7,17371.53,1
2025-11-17,2025-11-17 13:17:00,1481.42,1481.5,1481.42,1481.5,0.01,11.7,17371.53,1
2025-11-17,2025-11-17 13:18:00,1481.5,1481.58,1481.5,1481.58,0.01,11.7,17371.53,1
2025-11-17,2025-11-17 13:19:00,1481.58,1481.67,1481.58,1481.67,0.01,11.7,17371.53,1
2025-11-17,2025-11-17 13:20:00,1481.67,1481.75,1481.67,1481.75,0.01,11.7,17371.53,1
2025-11-17,2025-11-17 13:21:00,1481.75,1481.83,1481.75,1481.83,0.01,11.7,17371.53,1
2025-11-17,2025-11-17 13:22:00,1481.83,1481.92,1481.83,1481.92,0.01,11.7,17371.53,1
2025-11-17,2025-11-17 13:23:00,1481.92,1482.0,1481.92,1482.0,0.01,11.7,17371.53,1
2025-11-17,2025-11-17 13:24:00,1482.0,1482.08,1482.0,1482.08,0.01,11.7,17371.53,1
2025-11-17,2025-11-17 13:25:00,1482.08,1482.17,1482.08,1482.17,0.01,11.7,17371.53,1
2025-11-17,2025-11-17 13:26:00,1482.17,1482.25,1482.17,1482.25,0.01,11.7,17371.53,1
2025-11-17,2025-11-17 13:27:00,1482.25,1482.33,1482.25,1482.33,0.01,11.7,17371.53,1
2025-11-17,2025-11-17 13:28:00,1482.33,1482.42,1482.33,1482.42,0.01,11.7,17371.53,1
2025-11-17,2025-11-17 13:29:00,1482.42,1482.5,1482.42,1482.5,0.01,11.7,17371.53,1
2025-11-17,2025-11-17 13:30:00,1482.5,1482.58,1482.5,1482.58,0.01,11.7,17371.53,1
2025-11-17,2025-11-17 13:31:00,1482.58,1482.67,1482.58,1482.67,0.01,11.7,17371.53,1
2025-11-17,2025-11-17 13:32:00,1482.67,1482.75,1482.67,1482.75,0.01,11.7,17371.53,1
2025-11-17,2025-11-17 13:33:00,1482.75,1482.83,1482.75,1482.83,0.01,11.7,17371.53,1
2025-11-17,2025-11-17 13:34:00,1482.83,1482.92,1482.83,1482.92,0.01,11.7,17371.53,1
2025-11-17,2025-11-17 13:35:00,1482.92,1483.0,1482.92,1483.0,0.01,11.7,17371.53,1
2025-11-17,2025-11-17 13:36:00,1483.0,1483.08,1483.0,1483.08,0.01,11.7,17371.53,1
2025-11-17,2025-11-17 13:37:00,1483.08,1483.17,1483.08,1483.17,0.01,11.7,17371.53,1
2025-11-17,2025-11-17 13:38:00,1483.17,1483.25,1483.17,1483.25,0.01,11.7,17371.53,1
2025-11-17,2025-11-17 13:39:00,1483.25,1483.33,1483.25,1483.33,0.01,11.7,17371.53,1
2025-11-17,2025-11-17 13:40:00,1483.33,1483.42,1483.33,1483.42,0.01,11.7,17371.53,1
2025-11-17,2025-11-17 13:41:00,1483.42,1483.5,1483.42,1483.5,0.01,11.7,17371.53,1
2025-11-17,2025-11-17 13:42:00,1483.5,1483.58,1483.5,1483.58,0.01,11.7,17371.53,1
2025-11-17,2025-11-17 13:43:00,1483.58,1483.67,1483.58,1483.67,0.01,11.7,17371.53,1
2025-11-17,2025-11-17 13:44:00,1483.67,1483.75,1483.67,1483.75,0.01,11.7,17371.53,1
2025-11-17,2025-11-17 13:45:00,1483.75,1483.83,1483.75,1483.83,0.01,11.7,17371.53,1
2025-11-17,2025-11-17 13:46:00,1483.83,1483.92,1483.83,1483.92,0.01,11.7,17371.53,1
2025-11-17,2025-11-17 13:47:00,1483.92,1484.0,1483.92,1484.0,0.01,11.7,17371.53,1
2025-11-17,2025-11-17 13:48:00,1484.0,1484.08,1484.0,1484.08,0.01,11.7,17371.53,1
2025-11-17,2025-11-17 13:49:00,1484.08,1484.17,1484.08,1484.17,0.01,11.7,17371.53,1
2025-11-17,2025-11-17 13:50:00,1484.17,1484.25,1484.17,1484.25,0.01,11.7,17371.53,1
2025-11-17,2025-11-17 13:51:00,1484.25,1484.33,1484.25,1484.33,0.01,11.7,17371.53,1
2025-11-17,2025-11-17 13:52:00,1484.33,1484.42,1484.33,1484.42,0.01,11.7,17371.53,1
2025-11-17,2025-11-17 13:53:00,1484.42,1484.5,1484.42,1484.5,0.01,11.7,17371.53,1
2025-11-17,2025-11-17 13:54:00,1484.5,1484.58,1484.5,1484.58,0.01,11.7,17371.53,1
2025-11-17,2025-11-17 13:55:00,1484.58,1484.67,1484.58,1484.67,0.01,11.7,17371.53,1
2025-11-17,2025-11-17 13:56:00,1484.67,1484.75,1484.67,1484.75,0.01,11.7,17371.53,1
2025-11-17,2025-11-17 13:57:00,1484.75,1484.83,1484.75,1484.83,0.01,11.7,17371.53,1
2025-11-17,2025-11-17 13:58:00,1484.83,1484.92,1484.83,1484.92,0.01,11.7,17371.53,1
2025-11-17,2025-11-17 13:59:00,1484.92,1485.0,1484.92,1485.0,0.01,11.7,17371.53,1
2025-11-17,2025-11-17 14:00:00,1485.0,1485.08,1485.0,1485.08,0.01,11.7,17371.53,1
2025-11-17,2025-11-17 14:01:00,1485.08,1485.17,1485.08,1485.17,0.01,11.7,17371.53,1
2025-11-17,2025-11-17 14:02:00,1485.17,1485.25,1485.17,1485.25,0.01,11.7,17371.53,1
2025-11-17,2025-11-17 14:03:00,1485.25,1485.33,1485.25,1485.33,0.01,11.7,17371.53,1
2025-11-17,2025-11-17 14:04:00,1485.33,1485.42,1485.33,1485.42,0.01,11.7,17371.53,1
2025-11-17,2025-11-17 14:05:00,1485.42,1485.5,1485.42,1485.5,0.01,11.7,17371.53,1
2025-11-17,2025-11-17 14:06:00,1485.5,1485.58,1485.5,1485.58,0.01,11.7,17371.53,1
2025-11-17,2025-11-17 14:07:00,1485.58,1485.67,1485.58,1485.67,0.01,11.7,17371.53,1
2025-11-17,2025-11-17 14:08:00,1485.67,1485.75,1485.67,1485.75,0.01,11.7,17371.53,1
2025-11-17,2025-11-17 14:09:00,1485.75,1485.83,1485.75,1485.83,0.01,11.7,17371.53,1
2025-11-17,2025-11-17 14:10:00,1485.83,1485.92,1485.83,1485.92,0.01,11.7,17371.53,1
2025-11-17,2025-11-17 14:11:00,1485.92,1486.0,1485.92,1486.0,0.01,11.7,17371.53,1
2025-11-17,2025-11-17 14:12:00,1486.0,1486.08,1486.0,1486.08,0.01,11.7,17371.53,1
2025-11-17,2025-11-17 14:13:00,1486.08,1486.17,1486.08,1486.17,0.01,11.7,17371.53,1
2025-11-17,2025-11-17 14:14:00,1486.17,1486.25,1486.17,1486.25,0.01,11.7,17371.53,1
2025-11-17,2025-11-17 14:15:00,1486.25,1486.33,1486.25,1486.33,0.01,11.7,17371.53,1
2025-11-17,2025-11-17 14:16:00,1486.33,1486.42,1486.33,1486.42,0.01,11.7,17371.53,1
2025-11-17,2025-11-17 14:17:00,1486.42,1486.5,1486.42,1486.5,0.01,11.7,17371.53,1
2025-11-17,2025-11-17 14:18:00,1486.5,1486.58,1486.5,1486.58,0.01,11.7,17371.53,1
2025-11-17,2025-11-17 14:19:00,1486.58,1486.67,1486.58,1486.67,0.01,11.7,17371.53,1
2025-11-17,2025-11-17 14:20:00,1486.67,1486.75,1486.67,1486.75,0.01,11.7,17371.53,1
2025-11-17,2025-11-17 14:21:00,1486.75,1486.83,1486.75,1486.83,0.01,11.7,17371.53,1
2025-11-17,2025-11-17 14:22:00,1486.83,1486.92,1486.83,1486.92,0.01,11.7,17371.53,1
2025-11-17,2025-11-17 14:23:00,1486.92,1487.0,1486.92,1487.0,0.01,11.7,17371.53,1
2025-11-17,2025-11-17 14:24:00,1487.0,1487.08,1487.0,1487.08,0.01,11.7,17371.53,1
2025-11-17,2025-11-17 14:25:00,1487.08,1487.17,1487.08,1487.17,0.01,11.7,17371.53,1
2025-11-17,2025-11-17 14:26:00,1487.17,1487.25,1487.17,1487.25,0.01,11.7,17371.53,1
2025-11-17,2025-11-17 14:27:00,1487.25,1487.33,1487.25,1487.33,0.01,11.7,17371.53,1
2025-11-17,2025-11-17 14:28:00,1487.33,1487.42,1487.33,1487.42,0.01,11.7,17371.53,1
2025-11-17,2025-11-17 14:29:00,1487.42,1487.5,1487.42,1487.5,0.01,11.7,17371.53,1
2025-11-17,2025-11-17 14:30:00,1487.5,1487.58,1487.5,1487.58,0.01,11.7,17371.53,1
2025-11-17,2025-11-17 14:31:00,1487.58,1487.67,1487.58,1487.67,0.01,11.7,17371.53,1
2025-11-17,2025-11-17 14:32:00,1487.67,1487.75,1487.67,1487.75,0.01,11.7,17371.53,1
2025-11-17,2025-11-17 14:33:00,1487.75,1487.83,1487.75,1487.83,0.01,11.7,17371.53,1
2025-11-17,2025-11-17 14:34:00,1487.83,1487.92,1487.83,1487.92,0.01,11.7,17371.53,1
2025-11-17,2025-11-17 14:35:00,1487.92,1488.0,1487.92,1488.0,0.01,11.7,17371.53,1
2025-11-17,2025-11-17 14:36:00,1488.0,1488.08,1488.0,1488.08,0.01,11.7,17371.53,1
2025-11-17,2025-11-17 14:37:00,1488.08,1488.17,1488.08,1488.17,0.01,11.7,17371.53,1
2025-11-17,2025-11-17 14:38:00,1488.17,1488.25,1488.17,1488.25,0.01,11.7,17371.53,1
2025-11-17,2025-11-17 14:39:00,1488.25,1488.33,1488.25,1488.33,0.01,11.7,17371.53,1
2025-11-17,2025-11-17 14:40:00,1488.33,1488.42,1488.33,1488.42,0.01,11.7,17371.53,1
2025-11-17,2025-11-17 14:41:00,1488.42,1488.5,1488.42,1488.5,0.01,11.7,17371.53,1
2025-11-17,2025-11-17 14:42:00,1488.5,1488.58,1488.5,1488.58,0.01,11.7,17371.53,1
2025-11-17,2025-11-17 14:43:00,1488.58,1488.67,1488.58,1488.67,0.01,11.7,17371.53,1
2025-11-17,2025-11-17 14:44:00,1488.67,1488.75,1488.67,1488.75,0.01,11.7,17371.53,1
2025-11-17,2025-11-17 14:45:00,1488.75,1488.83,1488.75,1488.83,0.01,11.7,17371.53,1
2025-11-17,2025-11-17 14:46:00,1488.83,1488.92,1488.83,1488.92,0.01,11.7,17371.53,1
2025-11-17,2025-11-17 14:47:00,1488.92,1489.0,1488.92,1489.0,0.01,11.7,17371.53,1
2025-11-17,2025-11-17 14:48:00,1489.0,1489.08,1489.0,1489.08,0.01,11.7,17371.53,1
2025-11-17,2025-11-17 14:49:00,1489.08,1489.17,1489.08,1489.17,0.01,11.7,17371.53,1
2025-11-17,2025-11-17 14:50:00,1489.17,1489.25,1489.17,1489.25,0.01,11.7,17371.53,1
2025-11-17,2025-11-17 14:51:00,1489.25,1489.33,1489.25,1489.33,0.01,11.7,17371.53,1
2025-11-17,2025-11-17 14:52:00,1489.33,1489.42,1489.33,1489.42,0.01,11.7,17371.53,1
2025-11-17,2025-11-17 14:53:00,1489.42,1489.5,1489.42,1489.5,0.01,11.7,17371.53,1
2025-11-17,2025-11-17 14:54:00,1489.5,1489.58,1489.5,1489.58,0.01,11.7,17371.53,1
2025-11-17,2025-11-17 14:55:00,1489.58,1489.67,1489.58,1489.67,0.01,11.7,17371.53,1
2025-11-17,2025-11-17 14:56:00,1489.67,1489.75,1489.67,1489.75,0.01,11.7,17371.53,1
2025-11-17,2025-11-17 14:57:00,1489.75,1489.83,1489.75,1489.83,0.01,11.7,17371.53,1
2025-11-17,2025-11-17 14:58:00,1489.83,1489.92,1489.83,1489.92,0.01,11.7,17371.53,1
2025-11-17,2025-11-17 14:59:00,1489.92,1490.0,1489.92,1490.0,0.01,11.7,17371.53,1
2025-11-17,2025-11-17 15:00:00,1490.0,1507.0,1466.2,1490.0,0.0,11.7,17371.53,0
2025-11-18,2025-11-18 11:00:00,1515.9,1516.83,1507.74,1515.83,-0.0,4.82,7229.47,-1
2025-11-18,2025-11-18 11:01:00,1515.83,1515.83,1515.77,1515.77,-0.0,4.82,7229.47,-1
2025-11-18,2025-11-18 11:02:00,1515.77,1515.77,1515.7,1515.7,-0.0,4.82,7229.47,-1
2025-11-18,2025-11-18 11:03:00,1515.7,1515.7,1515.63,1515.63,-0.0,4.82,7229.47,-1
2025-11-18,2025-11-18 11:04:00,1515.63,1515.63,1515.57,1515.57,-0.0,4.82,7229.47,-1
2025-11-18,2025-11-18 11:05:00,1515.57,1515.57,1515.5,1515.5,-0.0,4.82,7229.47,-1
2025-11-18,2025-11-18 11:06:00,1515.5,1515.5,1515.44,1515.44,-0.0,4.82,7229.47,-1
2025-11-18,2025-11-18 11:07:00,1515.44,1515.44,1515.37,1515.37,-0.0,4.82,7229.47,-1
2025-11-18,2025-11-18 11:08:00,1515.37,1515.37,1515.3,1515.3,-0.0,4.82,7229.47,-1
2025-11-18,2025-11-18 11:09:00,1515.3,1515.3,1515.24,1515.24,-0.0,4.82,7229.47,-1
2025-11-18,2025-11-18 11:10:00,1515.24,1515.24,1515.17,1515.17,-0.0,4.82,7229.47,-1
2025-11-18,2025-11-18 11:11:00,1515.17,1515.17,1515.11,1515.11,-0.0,4.82,7229.47,-1
2025-11-18,2025-11-18 11:12:00,1515.11,1515.11,1515.04,1515.04,-0.0,4.82,7229.47,-1
2025-11-18,2025-11-18 11:13:00,1515.04,1515.04,1514.97,1514.97,-0.0,4.82,7229.47,-1
2025-11-18,2025-11-18 11:14:00,1514.97,1514.97,1514.91,1514.91,-0.0,4.82,7229.47,-1
2025-11-18,2025-11-18 11:15:00,1514.91,1514.91,1514.84,1514.84,-0.0,4.82,7229.47,-1
2025-11-18,2025-11-18 11:16:00,1514.84,1514.84,1514.77,1514.77,-0.0,4.82,7229.47,-1
2025-11-18,2025-11-18 11:17:00,1514.77,1514.77,1514.71,1514.71,-0.0,4.82,7229.47,-1
2025-11-18,2025-11-18 11:18:00,1514.71,1514.71,1514.64,1514.64,-0.0,4.82,7229.47,-1
2025-11-18,2025-11-18 11:19:00,1514.64,1514.64,1514.58,1514.58,-0.0,4.82,7229.47,-1
2025-11-18,2025-11-18 11:20:00,1514.58,1514.58,1514.51,1514.51,-0.0,4.82,7229.47,-1
2025-11-18,2025-11-18 11:21:00,1514.51,1514.51,1514.44,1514.44,-0.0,4.82,7229.47,-1
2025-11-18,2025-11-18 11:22:00,1514.44,1514.44,1514.38,1514.38,-0.0,4.82,7229.47,-1
2025-11-18,2025-11-18 11:23:00,1514.38,1514.38,1514.31,1514.31,-0.0,4.82,7229.47,-1
2025-11-18,2025-11-18 11:24:00,1514.31,1514.31,1514.24,1514.24,-0.0,4.82,7229.47,-1
2025-11-18,2025-11-18 11:25:00,1514.24,1514.24,1514.18,1514.18,-0.0,4.82,7229.47,-1
2025-11-18,2025-11-18 11:26:00,1514.18,1514.18,1514.11,1514.11,-0.0,4.82,7229.47,-1
2025-11-18,2025-11-18 11:27:00,1514.11,1514.11,1514.05,1514.05,-0.0,4.82,7229.47,-1
2025-11-18,2025-11-18 11:28:00,1514.05,1514.05,1513.98,1513.98,-0.0,4.82,7229.47,-1
2025-11-18,2025-11-18 11:29:00,1513.98,1513.98,1513.91,1513.91,-0.0,4.82,7229.47,-1
2025-11-18,2025-11-18 11:30:00,1513.91,1513.91,1513.85,1513.85,-0.0,4.82,7229.47,-1
2025-11-18,2025-11-18 11:31:00,1513.85,1513.85,1513.78,1513.78,-0.0,4.82,7229.47,-1
2025-11-18,2025-11-18 11:32:00,1513.78,1513.78,1513.71,1513.71,-0.0,4.82,7229.47,-1
2025-11-18,2025-11-18 11:33:00,1513.71,1513.71,1513.65,1513.65,-0.0,4.82,7229.47,-1
2025-11-18,2025-11-18 11:34:00,1513.65,1513.65,1513.58,1513.58,-0.0,4.82,7229.47,-1
2025-11-18,2025-11-18 11:35:00,1513.58,1513.58,1513.52,1513.52,-0.0,4.82,7229.47,-1
2025-11-18,2025-11-18 11:36:00,1513.52,1513.52,1513.45,1513.45,-0.0,4.82,7229.47,-1
2025-11-18,2025-11-18 11:37:00,1513.45,1513.45,1513.38,1513.38,-0.0,4.82,7229.47,-1
2025-11-18,2025-11-18 11:38:00,1513.38,1513.38,1513.32,1513.32,-0.0,4.82,7229.47,-1
2025-11-18,2025-11-18 11:39:00,1513.32,1513.32,1513.25,1513.25,-0.0,4.82,7229.47,-1
2025-11-18,2025-11-18 11:40:00,1513.25,1513.25,1513.18,1513.18,-0.0,4.82,7229.47,-1
2025-11-18,2025-11-18 11:41:00,1513.18,1513.18,1513.12,1513.12,-0.0,4.82,7229.47,-1
2025-11-18,2025-11-18 11:42:00,1513.12,1513.12,1513.05,1513.05,-0.0,4.82,7229.47,-1
2025-11-18,2025-11-18 11:43:00,1513.05,1513.05,1512.99,1512.99,-0.0,4.82,7229.47,-1
2025-11-18,2025-11-18 11:44:00,1512.99,1512.99,1512.92,1512.92,-0.0,4.82,7229.47,-1
2025-11-18,2025-11-18 11:45:00,1512.92,1512.92,1512.85,1512.85,-0.0,4.82,7229.47,-1
2025-11-18,2025-11-18 11:46:00,1512.85,1512.85,1512.79,1512.79,-0.0,4.82,7229.47,-1
2025-11-18,2025-11-18 11:47:00,1512.79,1512.79,1512.72,1512.72,-0.0,4.82,7229.47,-1
2025-11-18,2025-11-18 11:48:00,1512.72,1512.72,1512.65,1512.65,-0.0,4.82,7229.47,-1
2025-11-18,2025-11-18 11:49:00,1512.65,1512.65,1512.59,1512.59,-0.0,4.82,7229.47,-1
2025-11-18,2025-11-18 11:50:00,1512.59,1512.59,1512.52,1512.52,-0.0,4.82,7229.47,-1
2025-11-18,2025-11-18 11:51:00,1512.52,1512.52,1512.46,1512.46,-0.0,4.82,7229.47,-1
2025-11-18,2025-11-18 11:52:00,1512.46,1512.46,1512.39,1512.39,-0.0,4.82,7229.47,-1
2025-11-18,2025-11-18 11:53:00,1512.39,1512.39,1512.32,1512.32,-0.0,4.82,7229.47,-1
2025-11-18,2025-11-18 11:54:00,1512.32,1512.32,1512.26,1512.26,-0.0,4.82,7229.47,-1
2025-11-18,2025-11-18 11:55:00,1512.26,1512.26,1512.19,1512.19,-0.0,4.82,7229.47,-1
2025-11-18,2025-11-18 11:56:00,1512.19,1512.19,1512.12,1512.12,-0.0,4.82,7229.47,-1
2025-11-18,2025-11-18 11:57:00,1512.12,1512.12,1512.06,1512.06,-0.0,4.82,7229.47,-1
2025-11-18,2025-11-18 11:58:00,1512.06,1512.06,1511.99,1511.99,-0.0,4.82,7229.47,-1
2025-11-18,2025-11-18 11:59:00,1511.99,1511.99,1511.93,1511.93,-0.0,4.82,7229.47,-1
2025-11-18,2025-11-18 12:00:00,1511.93,1511.93,1511.86,1511.86,-0.0,4.82,7229.47,-1
2025-11-18,2025-11-18 12:01:00,1511.86,1511.86,1511.79,1511.79,-0.0,4.82,7229.47,-1
2025-11-18,2025-11-18 12:02:00,1511.79,1511.79,1511.73,1511.73,-0.0,4.82,7229.47,-1
2025-11-18,2025-11-18 12:03:00,1511.73,1511.73,1511.66,1511.66,-0.0,4.82,7229.47,-1
2025-11-18,2025-11-18 12:04:00,1511.66,1511.66,1511.59,1511.59,-0.0,4.82,7229.47,-1
2025-11-18,2025-11-18 12:05:00,1511.59,1511.59,1511.53,1511.53,-0.0,4.82,7229.47,-1
2025-11-18,2025-11-18 12:06:00,1511.53,1511.53,1511.46,1511.46,-0.0,4.82,7229.47,-1
2025-11-18,2025-11-18 12:07:00,1511.46,1511.46,1511.39,1511.39,-0.0,4.82,7229.47,-1
2025-11-18,2025-11-18 12:08:00,1511.39,1511.39,1511.33,1511.33,-0.0,4.82,7229.47,-1
2025-11-18,2025-11-18 12:09:00,1511.33,1511.33,1511.26,1511.26,-0.0,4.82,7229.47,-1
2025-11-18,2025-11-18 12:10:00,1511.26,1511.26,1511.2,1511.2,-0.0,4.82,7229.47,-1
2025-11-18,2025-11-18 12:11:00,1511.2,1511.2,1511.13,1511.13,-0.0,4.82,7229.47,-1
2025-11-18,2025-11-18 12:12:00,1511.13,1511.13,1511.06,1511.06,-0.0,4.82,7229.47,-1
2025-11-18,2025-11-18 12:13:00,1511.06,1511.06,1511.0,1511.0,-0.0,4.82,7229.47,-1
2025-11-18,2025-11-18 12:14:00,1511.0,1511.0,1510.93,1510.93,-0.0,4.82,7229.47,-1
2025-11-18,2025-11-18 12:15:00,1510.93,1510.93,1510.87,1510.87,-0.0,4.82,7229.47,-1
2025-11-18,2025-11-18 12:16:00,1510.87,1510.87,1510.8,1510.8,-0.0,4.82,7229.47,-1
2025-11-18,2025-11-18 12:17:00,1510.8,1510.8,1510.73,1510.73,-0.0,4.82,7229.47,-1
2025-11-18,2025-11-18 12:18:00,1510.73,1510.73,1510.67,1510.67,-0.0,4.82,7229.47,-1
2025-11-18,2025-11-18 12:19:00,1510.67,1510.67,1510.6,1510.6,-0.0,4.82,7229.47,-1
2025-11-18,2025-11-18 12:20:00,1510.6,1510.6,1510.53,1510.53,-0.0,4.82,7229.47,-1
2025-11-18,2025-11-18 12:21:00,1510.53,1510.53,1510.47,1510.47,-0.0,4.82,7229.47,-1
2025-11-18,2025-11-18 12:22:00,1510.47,1510.47,1510.4,1510.4,-0.0,4.82,7229.47,-1
2025-11-18,2025-11-18 12:23:00,1510.4,1510.4,1510.34,1510.34,-0.0,4.82,7229.47,-1
2025-11-18,2025-11-18 12:24:00,1510.34,1510.34,1510.27,1510.27,-0.0,4.82,7229.47,-1
2025-11-18,2025-11-18 12:25:00,1510.27,1510.27,1510.2,1510.2,-0.0,4.82,7229.47,-1
2025-11-18,2025-11-18 12:26:00,1510.2,1510.2,1510.14,1510.14,-0.0,4.82,7229.47,-1
2025-11-18,2025-11-18 12:27:00,1510.14,1510.14,1510.07,1510.07,-0.0,4.82,7229.47,-1
2025-11-18,2025-11-18 12:28:00,1510.07,1510.07,1510.0,1510.0,-0.0,4.82,7229.47,-1
2025-11-18,2025-11-18 12:29:00,1510.0,1510.0,1509.94,1509.94,-0.0,4.82,7229.47,-1
2025-11-18,2025-11-18 12:30:00,1509.94,1509.94,1509.87,1509.87,-0.0,4.82,7229.47,-1
2025-11-18,2025-11-18 12:31:00,1509.87,1509.87,1509.81,1509.81,-0.0,4.82,7229.47,-1
2025-11-18,2025-11-18 12:32:00,1509.81,1509.81,1509.74,1509.74,-0.0,4.82,7229.47,-1
2025-11-18,2025-11-18 12:33:00,1509.74,1509.74,1509.67,1509.67,-0.0,4.82,7229.47,-1
2025-11-18,2025-11-18 12:34:00,1509.67,1509.67,1509.61,1509.61,-0.0,4.82,7229.47,-1
2025-11-18,2025-11-18 12:35:00,1509.61,1509.61,1509.54,1509.54,-0.0,4.82,7229.47,-1
2025-11-18,2025-11-18 12:36:00,1509.54,1509.54,1509.47,1509.47,-0.0,4.82,7229.47,-1
2025-11-18,2025-11-18 12:37:00,1509.47,1509.47,1509.41,1509.41,-0.0,4.82,7229.47,-1
2025-11-18,2025-11-18 12:38:00,1509.41,1509.41,1509.34,1509.34,-0.0,4.82,7229.47,-1
2025-11-18,2025-11-18 12:39:00,1509.34,1509.34,1509.28,1509.28,-0.0,4.82,7229.47,-1
2025-11-18,2025-11-18 12:40:00,1509.28,1509.28,1509.21,1509.21,-0.0,4.82,7229.47,-1
2025-11-18,2025-11-18 12:41:00,1509.21,1509.21,1509.14,1509.14,-0.0,4.82,7229.47,-1
2025-11-18,2025-11-18 12:42:00,1509.14,1509.14,1509.08,1509.08,-0.0,4.82,7229.47,-1
2025-11-18,2025-11-18 12:43:00,1509.08,1509.08,1509.01,1509.01,-0.0,4.82,7229.47,-1
2025-11-18,2025-11-18 12:44:00,1509.01,1509.01,1508.94,1508.94,-0.0,4.82,7229.47,-1
2025-11-18,2025-11-18 12:45:00,1508.94,1508.94,1508.88,1508.88,-0.0,4.82,7229.47,-1
2025-11-18,2025-11-18 12:46:00,1508.88,1508.88,1508.81,1508.81,-0.0,4.82,7229.47,-1
2025-11-18,2025-11-18 12:47:00,1508.81,1508.81,1508.75,1508.75,-0.0,4.82,7229.47,-1
2025-11-18,2025-11-18 12:48:00,1508.75,1508.75,1508.68,1508.68,-0.0,4.82,7229.47,-1
2025-11-18,2025-11-18 12:49:00,1508.68,1508.68,1508.61,1508.61,-0.0,4.82,7229.47,-1
2025-11-18,2025-11-18 12:50:00,1508.61,1508.61,1508.55,1508.55,-0.0,4.82,7229.47,-1
2025-11-18,2025-11-18 12:51:00,1508.55,1508.55,1508.48,1508.48,-0.0,4.82,7229.47,-1
2025-11-18,2025-11-18 12:52:00,1508.48,1508.48,1508.41,1508.41,-0.0,4.82,7229.47,-1
2025-11-18,2025-11-18 12:53:00,1508.41,1508.41,1508.35,1508.35,-0.0,4.82,7229.47,-1
2025-11-18,2025-11-18 12:54:00,1508.35,1508.35,1508.28,1508.28,-0.0,4.82,7229.47,-1
2025-11-18,2025-11-18 12:55:00,1508.28,1508.28,1508.22,1508.22,-0.0,4.82,7229.47,-1
2025-11-18,2025-11-18 12:56:00,1508.22,1508.22,1508.15,1508.15,-0.0,4.82,7229.47,-1
2025-11-18,2025-11-18 12:57:00,1508.15,1508.15,1508.08,1508.08,-0.0,4.82,7229.47,-1
2025-11-18,2025-11-18 12:58:00,1508.08,1508.08,1508.02,1508.02,-0.0,4.82,7229.47,-1
2025-11-18,2025-11-18 12:59:00,1508.02,1508.02,1507.95,1507.95,-0.0,4.82,7229.47,-1
2025-11-18,2025-11-18 13:00:00,1507.95,1519.0,1488.7,1507.88,-0.0,4.82,7229.47,-1
2025-11-18,2025-11-18 13:01:00,1507.88,1507.88,1507.82,1507.82,-0.0,4.82,7229.47,-1
2025-11-18,2025-11-18 13:02:00,1507.82,1507.82,1507.75,1507.75,-0.0,4.82,7229.47,-1
2025-11-18,2025-11-18 13:03:00,1507.75,1507.75,1507.68,1507.68,-0.0,4.82,7229.47,-1
2025-11-18,2025-11-18 13:04:00,1507.68,1507.68,1507.62,1507.62,-0.0,4.82,7229.47,-1
2025-11-18,2025-11-18 13:05:00,1507.62,1507.62,1507.55,1507.55,-0.0,4.82,7229.47,-1
2025-11-18,2025-11-18 13:06:00,1507.55,1507.55,1507.49,1507.49,-0.0,4.82,7229.47,-1
2025-11-18,2025-11-18 13:07:00,1507.49,1507.49,1507.42,1507.42,-0.0,4.82,7229.47,-1
2025-11-18,2025-11-18 13:08:00,1507.42,1507.42,1507.35,1507.35,-0.0,4.82,7229.47,-1
2025-11-18,2025-11-18 13:09:00,1507.35,1507.35,1507.29,1507.29,-0.0,4.82,7229.47,-1
2025-11-18,2025-11-18 13:10:00,1507.29,1507.29,1507.22,1507.22,-0.0,4.82,7229.47,-1
2025-11-18,2025-11-18 13:11:00,1507.22,1507.22,1507.15,1507.15,-0.0,4.82,7229.47,-1
2025-11-18,2025-11-18 13:12:00,1507.15,1507.15,1507.09,1507.09,-0.0,4.82,7229.47,-1
2025-11-18,2025-11-18 13:13:00,1507.09,1507.09,1507.02,1507.02,-0.0,4.82,7229.47,-1
2025-11-18,2025-11-18 13:14:00,1507.02,1507.02,1506.96,1506.96,-0.0,4.82,7229.47,-1
2025-11-18,2025-11-18 13:15:00,1506.96,1506.96,1506.89,1506.89,-0.0,4.82,7229.47,-1
2025-11-18,2025-11-18 13:16:00,1506.89,1506.89,1506.82,1506.82,-0.0,4.82,7229.47,-1
2025-11-18,2025-11-18 13:17:00,1506.82,1506.82,1506.76,1506.76,-0.0,4.82,7229.47,-1
2025-11-18,2025-11-18 13:18:00,1506.76,1506.76,1506.69,1506.69,-0.0,4.82,7229.47,-1
2025-11-18,2025-11-18 13:19:00,1506.69,1506.69,1506.62,1506.62,-0.0,4.82,7229.47,-1
2025-11-18,2025-11-18 13:20:00,1506.62,1506.62,1506.56,1506.56,-0.0,4.82,7229.47,-1
2025-11-18,2025-11-18 13:21:00,1506.56,1506.56,1506.49,1506.49,-0.0,4.82,7229.47,-1
2025-11-18,2025-11-18 13:22:00,1506.49,1506.49,1506.43,1506.43,-0.0,4.82,7229.47,-1
2025-11-18,2025-11-18 13:23:00,1506.43,1506.43,1506.36,1506.36,-0.0,4.82,7229.47,-1
2025-11-18,2025-11-18 13:24:00,1506.36,1506.36,1506.29,1506.29,-0.0,4.82,7229.47,-1
2025-11-18,2025-11-18 13:25:00,1506.29,1506.29,1506.23,1506.23,-0.0,4.82,7229.47,-1
2025-11-18,2025-11-18 13:26:00,1506.23,1506.23,1506.16,1506.16,-0.0,4.82,7229.47,-1
2025-11-18,2025-11-18 13:27:00,1506.16,1506.16,1506.1,1506.1,-0.0,4.82,7229.47,-1
2025-11-18,2025-11-18 13:28:00,1506.1,1506.1,1506.03,1506.03,-0.0,4.82,7229.47,-1
2025-11-18,2025-11-18 13:29:00,1506.03,1506.03,1505.96,1505.96,-0.0,4.82,7229.47,-1
2025-11-18,2025-11-18 13:30:00,1505.96,1505.96,1505.9,1505.9,-0.0,4.82,7229.47,-1
2025-11-18,2025-11-18 13:31:00,1505.9,1505.9,1505.83,1505.83,-0.0,4.82,7229.47,-1
2025-11-18,2025-11-18 13:32:00,1505.83,1505.83,1505.76,1505.76,-0.0,4.82,7229.47,-1
2025-11-18,2025-11-18 13:33:00,1505.76,1505.76,1505.7,1505.7,-0.0,4.82,7229.47,-1
2025-11-18,2025-11-18 13:34:00,1505.7,1505.7,1505.63,1505.63,-0.0,4.82,7229.47,-1
2025-11-18,2025-11-18 13:35:00,1505.63,1505.63,1505.57,1505.57,-0.0,4.82,7229.47,-1
2025-11-18,2025-11-18 13:36:00,1505.57,1505.57,1505.5,1505.5,-0.0,4.82,7229.47,-1
2025-11-18,2025-11-18 13:37:00,1505.5,1505.5,1505.43,1505.43,-0.0,4.82,7229.47,-1
2025-11-18,2025-11-18 13:38:00,1505.43,1505.43,1505.37,1505.37,-0.0,4.82,7229.47,-1
2025-11-18,2025-11-18 13:39:00,1505.37,1505.37,1505.3,1505.3,-0.0,4.82,7229.47,-1
2025-11-18,2025-11-18 13:40:00,1505.3,1505.3,1505.23,1505.23,-0.0,4.82,7229.47,-1
2025-11-18,2025-11-18 13:41:00,1505.23,1505.23,1505.17,1505.17,-0.0,4.82,7229.47,-1
2025-11-18,2025-11-18 13:42:00,1505.17,1505.17,1505.1,1505.1,-0.0,4.82,7229.47,-1
2025-11-18,2025-11-18 13:43:00,1505.1,1505.1,1505.04,1505.04,-0.0,4.82,7229.47,-1
2025-11-18,2025-11-18 13:44:00,1505.04,1505.04,1504.97,1504.97,-0.0,4.82,7229.47,-1
2025-11-18,2025-11-18 13:45:00,1504.97,1504.97,1504.9,1504.9,-0.0,4.82,7229.47,-1
2025-11-18,2025-11-18 13:46:00,1504.9,1504.9,1504.84,1504.84,-0.0,4.82,7229.47,-1
2025-11-18,2025-11-18 13:47:00,1504.84,1504.84,1504.77,1504.77,-0.0,4.82,7229.47,-1
2025-11-18,2025-11-18 13:48:00,1504.77,1504.77,1504.7,1504.7,-0.0,4.82,7229.47,-1
2025-11-18,2025-11-18 13:49:00,1504.7,1504.7,1504.64,1504.64,-0.0,4.82,7229.47,-1
2025-11-18,2025-11-18 13:50:00,1504.64,1504.64,1504.57,1504.57,-0.0,4.82,7229.47,-1
2025-11-18,2025-11-18 13:51:00,1504.57,1504.57,1504.51,1504.51,-0.0,4.82,7229.47,-1
2025-11-18,2025-11-18 13:52:00,1504.51,1504.51,1504.44,1504.44,-0.0,4.82,7229.47,-1
2025-11-18,2025-11-18 13:53:00,1504.44,1504.44,1504.37,1504.37,-0.0,4.82,7229.47,-1
2025-11-18,2025-11-18 13:54:00,1504.37,1504.37,1504.31,1504.31,-0.0,4.82,7229.47,-1
2025-11-18,2025-11-18 13:55:00,1504.31,1504.31,1504.24,1504.24,-0.0,4.82,7229.47,-1
2025-11-18,2025-11-18 13:56:00,1504.24,1504.24,1504.17,1504.17,-0.0,4.82,7229.47,-1
2025-11-18,2025-11-18 13:57:00,1504.17,1504.17,1504.11,1504.11,-0.0,4.82,7229.47,-1
2025-11-18,2025-11-18 13:58:00,1504.11,1504.11,1504.04,1504.04,-0.0,4.82,7229.47,-1
2025-11-18,2025-11-18 13:59:00,1504.04,1504.04,1503.97,1503.97,-0.0,4.82,7229.47,-1
2025-11-18,2025-11-18 14:00:00,1503.97,1503.97,1503.91,1503.91,-0.0,4.82,7229.47,-1
2025-11-18,2025-11-18 14:01:00,1503.91,1503.91,1503.84,1503.84,-0.0,4.82,7229.47,-1
2025-11-18,2025-11-18 14:02:00,1503.84,1503.84,1503.78,1503.78,-0.0,4.82,7229.47,-1
2025-11-18,2025-11-18 14:03:00,1503.78,1503.78,1503.71,1503.71,-0.0,4.82,7229.47,-1
2025-11-18,2025-11-18 14:04:00,1503.71,1503.71,1503.64,1503.64,-0.0,4.82,7229.47,-1
2025-11-18,2025-11-18 14:05:00,1503.64,1503.64,1503.58,1503.58,-0.0,4.82,7229.47,-1
2025-11-18,2025-11-18 14:06:00,1503.58,1503.58,1503.51,1503.51,-0.0,4.82,7229.47,-1
2025-11-18,2025-11-18 14:07:00,1503.51,1503.51,1503.44,1503.44,-0.0,4.82,7229.47,-1
2025-11-18,2025-11-18 14:08:00,1503.44,1503.44,1503.38,1503.38,-0.0,4.82,7229.47,-1
2025-11-18,2025-11-18 14:09:00,1503.38,1503.38,1503.31,1503.31,-0.0,4.82,7229.47,-1
2025-11-18,2025-11-18 14:10:00,1503.31,1503.31,1503.25,1503.25,-0.0,4.82,7229.47,-1
2025-11-18,2025-11-18 14:11:00,1503.25,1503.25,1503.18,1503.18,-0.0,4.82,7229.47,-1
2025-11-18,2025-11-18 14:12:00,1503.18,1503.18,1503.11,1503.11,-0.0,4.82,7229.47,-1
2025-11-18,2025-11-18 14:13:00,1503.11,1503.11,1503.05,1503.05,-0.0,4.82,7229.47,-1
2025-11-18,2025-11-18 14:14:00,1503.05,1503.05,1502.98,1502.98,-0.0,4.82,7229.47,-1
2025-11-18,2025-11-18 14:15:00,1502.98,1502.98,1502.91,1502.91,-0.0,4.82,7229.47,-1
2025-11-18,2025-11-18 14:16:00,1502.91,1502.91,1502.85,1502.85,-0.0,4.82,7229.47,-1
2025-11-18,2025-11-18 14:17:00,1502.85,1502.85,1502.78,1502.78,-0.0,4.82,7229.47,-1
2025-11-18,2025-11-18 14:18:00,1502.78,1502.78,1502.72,1502.72,-0.0,4.82,7229.47,-1
2025-11-18,2025-11-18 14:19:00,1502.72,1502.72,1502.65,1502.65,-0.0,4.82,7229.47,-1
2025-11-18,2025-11-18 14:20:00,1502.65,1502.65,1502.58,1502.58,-0.0,4.82,7229.47,-1
2025-11-18,2025-11-18 14:21:00,1502.58,1502.58,1502.52,1502.52,-0.0,4.82,7229.47,-1
2025-11-18,2025-11-18 14:22:00,1502.52,1502.52,1502.45,1502.45,-0.0,4.82,7229.47,-1
2025-11-18,2025-11-18 14:23:00,1502.45,1502.45,1502.38,1502.38,-0.0,4.82,7229.47,-1
2025-11-18,2025-11-18 14:24:00,1502.38,1502.38,1502.32,1502.32,-0.0,4.82,7229.47,-1
2025-11-18,2025-11-18 14:25:00,1502.32,1502.32,1502.25,1502.25,-0.0,4.82,7229.47,-1
2025-11-18,2025-11-18 14:26:00,1502.25,1502.25,1502.19,1502.19,-0.0,4.82,7229.47,-1
2025-11-18,2025-11-18 14:27:00,1502.19,1502.19,1502.12,1502.12,-0.0,4.82,7229.47,-1
2025-11-18,2025-11-18 14:28:00,1502.12,1502.12,1502.05,1502.05,-0.0,4.82,7229.47,-1
2025-11-18,2025-11-18 14:29:00,1502.05,1502.05,1501.99,1501.99,-0.0,4.82,7229.47,-1
2025-11-18,2025-11-18 14:30:00,1501.99,1501.99,1501.92,1501.92,-0.0,4.82,7229.47,-1
2025-11-18,2025-11-18 14:31:00,1501.92,1501.92,1501.86,1501.86,-0.0,4.82,7229.47,-1
2025-11-18,2025-11-18 14:32:00,1501.86,1501.86,1501.79,1501.79,-0.0,4.82,7229.47,-1
2025-11-18,2025-11-18 14:33:00,1501.79,1501.79,1501.72,1501.72,-0.0,4.82,7229.47,-1
2025-11-18,2025-11-18 14:34:00,1501.72,1501.72,1501.66,1501.66,-0.0,4.82,7229.47,-1
2025-11-18,2025-11-18 14:35:00,1501.66,1501.66,1501.59,1501.59,-0.0,4.82,7229.47,-1
2025-11-18,2025-11-18 14:36:00,1501.59,1501.59,1501.52,1501.52,-0.0,4.82,7229.47,-1
2025-11-18,2025-11-18 14:37:00,1501.52,1501.52,1501.46,1501.46,-0.0,4.82,7229.47,-1
2025-11-18,2025-11-18 14:38:00,1501.46,1501.46,1501.39,1501.39,-0.0,4.82,7229.47,-1
2025-11-18,2025-11-18 14:39:00,1501.39,1501.39,1501.33,1501.33,-0.0,4.82,7229.47,-1
2025-11-18,2025-11-18 14:40:00,1501.33,1501.33,1501.26,1501.26,-0.0,4.82,7229.47,-1
2025-11-18,2025-11-18 14:41:00,1501.26,1501.26,1501.19,1501.19,-0.0,4.82,7229.47,-1
2025-11-18,2025-11-18 14:42:00,1501.19,1501.19,1501.13,1501.13,-0.0,4.82,7229.47,-1
2025-11-18,2025-11-18 14:43:00,1501.13,1501.13,1501.06,1501.06,-0.0,4.82,7229.47,-1
2025-11-18,2025-11-18 14:44:00,1501.06,1501.06,1500.99,1500.99,-0.0,4.82,7229.47,-1
2025-11-18,2025-11-18 14:45:00,1500.99,1500.99,1500.93,1500.93,-0.0,4.82,7229.47,-1
2025-11-18,2025-11-18 14:46:00,1500.93,1500.93,1500.86,1500.86,-0.0,4.82,7229.47,-1
2025-11-18,2025-11-18 14:47:00,1500.86,1500.86,1500.8,1500.8,-0.0,4.82,7229.47,-1
2025-11-18,2025-11-18 14:48:00,1500.8,1500.8,1500.73,1500.73,-0.0,4.82,7229.47,-1
2025-11-18,2025-11-18 14:49:00,1500.73,1500.73,1500.66,1500.66,-0.0,4.82,7229.47,-1
2025-11-18,2025-11-18 14:50:00,1500.66,1500.66,1500.6,1500.6,-0.0,4.82,7229.47,-1
2025-11-18,2025-11-18 14:51:00,1500.6,1500.6,1500.53,1500.53,-0.0,4.82,7229.47,-1
2025-11-18,2025-11-18 14:52:00,1500.53,1500.53,1500.46,1500.46,-0.0,4.82,7229.47,-1
2025-11-18,2025-11-18 14:53:00,1500.46,1500.46,1500.4,1500.4,-0.0,4.82,7229.47,-1
2025-11-18,2025-11-18 14:54:00,1500.4,1500.4,1500.33,1500.33,-0.0,4.82,7229.47,-1
2025-11-18,2025-11-18 14:55:00,1500.33,1500.33,1500.27,1500.27,-0.0,4.82,7229.47,-1
2025-11-18,2025-11-18 14:56:00,1500.27,1500.27,1500.2,1500.2,-0.0,4.82,7229.47,-1
2025-11-18,2025-11-18 14:57:00,1500.2,1500.2,1500.13,1500.13,-0.0,4.82,7229.47,-1
2025-11-18,2025-11-18 14:58:00,1500.13,1500.13,1500.07,1500.07,-0.0,4.82,7229.47,-1
2025-11-18,2025-11-18 14:59:00,1500.07,1500.07,1500.0,1500.0,-0.0,4.82,7229.47,-1
2025-11-18,2025-11-18 15:00:00,1500.0,1519.0,1488.7,1500.0,0.0,4.82,7229.47,0
2025-11-19,2025-11-19 11:00:00,1490.0,1493.0,1487.3,1490.03,0.0,6.75,10040.89,1
2025-11-19,2025-11-19 11:01:00,1490.03,1490.05,1490.03,1490.05,0.0,6.75,10040.89,1
2025-11-19,2025-11-19 11:02:00,1490.05,1490.08,1490.05,1490.08,0.0,6.75,10040.89,1
2025-11-19,2025-11-19 11:03:00,1490.08,1490.1,1490.08,1490.1,0.0,6.75,10040.89,1
2025-11-19,2025-11-19 11:04:00,1490.1,1490.12,1490.1,1490.12,0.0,6.75,10040.89,1
2025-11-19,2025-11-19 11:05:00,1490.12,1490.15,1490.12,1490.15,0.0,6.75,10040.89,1
2025-11-19,2025-11-19 11:06:00,1490.15,1490.17,1490.15,1490.17,0.0,6.75,10040.89,1
2025-11-19,2025-11-19 11:07:00,1490.17,1490.2,1490.17,1490.2,0.0,6.75,10040.89,1
2025-11-19,2025-11-19 11:08:00,1490.2,1490.22,1490.2,1490.22,0.0,6.75,10040.89,1
2025-11-19,2025-11-19 11:09:00,1490.22,1490.25,1490.22,1490.25,0.0,6.75,10040.89,1
2025-11-19,2025-11-19 11:10:00,1490.25,1490.28,1490.25,1490.28,0.0,6.75,10040.89,1
2025-11-19,2025-11-19 11:11:00,1490.28,1490.3,1490.28,1490.3,0.0,6.75,10040.89,1
2025-11-19,2025-11-19 11:12:00,1490.3,1490.33,1490.3,1490.33,0.0,6.75,10040.89,1
2025-11-19,2025-11-19 11:13:00,1490.33,1490.35,1490.33,1490.35,0.0,6.75,10040.89,1
2025-11-19,2025-11-19 11:14:00,1490.35,1490.38,1490.35,1490.38,0.0,6.75,10040.89,1
2025-11-19,2025-11-19 11:15:00,1490.38,1490.4,1490.38,1490.4,0.0,6.75,10040.89,1
2025-11-19,2025-11-19 11:16:00,1490.4,1490.42,1490.4,1490.42,0.0,6.75,10040.89,1
2025-11-19,2025-11-19 11:17:00,1490.42,1490.45,1490.42,1490.45,0.0,6.75,10040.89,1
2025-11-19,2025-11-19 11:18:00,1490.45,1490.47,1490.45,1490.47,0.0,6.75,10040.89,1
2025-11-19,2025-11-19 11:19:00,1490.47,1490.5,1490.47,1490.5,0.0,6.75,10040.89,1
2025-11-19,2025-11-19 11:20:00,1490.5,1490.53,1490.5,1490.53,0.0,6.75,10040.89,1
2025-11-19,2025-11-19 11:21:00,1490.53,1490.55,1490.53,1490.55,0.0,6.75,10040.89,1
2025-11-19,2025-11-19 11:22:00,1490.55,1490.58,1490.55,1490.58,0.0,6.75,10040.89,1
2025-11-19,2025-11-19 11:23:00,1490.58,1490.6,1490.58,1490.6,0.0,6.75,10040.89,1
2025-11-19,2025-11-19 11:24:00,1490.6,1490.62,1490.6,1490.62,0.0,6.75,10040.89,1
2025-11-19,2025-11-19 11:25:00,1490.62,1490.65,1490.62,1490.65,0.0,6.75,10040.89,1
2025-11-19,2025-11-19 11:26:00,1490.65,1490.67,1490.65,1490.67,0.0,6.75,10040.89,1
2025-11-19,2025-11-19 11:27:00,1490.67,1490.7,1490.67,1490.7,0.0,6.75,10040.89,1
2025-11-19,2025-11-19 11:28:00,1490.7,1490.72,1490.7,1490.72,0.0,6.75,10040.89,1
2025-11-19,2025-11-19 11:29:00,1490.72,1490.75,1490.72,1490.75,0.0,6.75,10040.89,1
2025-11-19,2025-11-19 11:30:00,1490.75,1490.78,1490.75,1490.78,0.0,6.75,10040.89,1
2025-11-19,2025-11-19 11:31:00,1490.78,1490.8,1490.78,1490.8,0.0,6.75,10040.89,1
2025-11-19,2025-11-19 11:32:00,1490.8,1490.83,1490.8,1490.83,0.0,6.75,10040.89,1
2025-11-19,2025-11-19 11:33:00,1490.83,1490.85,1490.83,1490.85,0.0,6.75,10040.89,1
2025-11-19,2025-11-19 11:34:00,1490.85,1490.88,1490.85,1490.88,0.0,6.75,10040.89,1
2025-11-19,2025-11-19 11:35:00,1490.88,1490.9,1490.88,1490.9,0.0,6.75,10040.89,1
2025-11-19,2025-11-19 11:36:00,1490.9,1490.92,1490.9,1490.92,0.0,6.75,10040.89,1
2025-11-19,2025-11-19 11:37:00,1490.92,1490.95,1490.92,1490.95,0.0,6.75,10040.89,1
2025-11-19,2025-11-19 11:38:00,1490.95,1490.97,1490.95,1490.97,0.0,6.75,10040.89,1
2025-11-19,2025-11-19 11:39:00,1490.97,1491.0,1490.97,1491.0,0.0,6.75,10040.89,1
2025-11-19,2025-11-19 11:40:00,1491.0,1491.03,1491.0,1491.03,0.0,6.75,10040.89,1
2025-11-19,2025-11-19 11:41:00,1491.03,1491.05,1491.03,1491.05,0.0,6.75,10040.89,1
2025-11-19,2025-11-19 11:42:00,1491.05,1491.08,1491.05,1491.08,0.0,6.75,10040.89,1
2025-11-19,2025-11-19 11:43:00,1491.08,1491.1,1491.08,1491.1,0.0,6.75,10040.89,1
2025-11-19,2025-11-19 11:44:00,1491.1,1491.12,1491.1,1491.12,0.0,6.75,10040.89,1
2025-11-19,2025-11-19 11:45:00,1491.12,1491.15,1491.12,1491.15,0.0,6.75,10040.89,1
2025-11-19,2025-11-19 11:46:00,1491.15,1491.17,1491.15,1491.17,0.0,6.75,10040.89,1
2025-11-19,2025-11-19 11:47:00,1491.17,1491.2,1491.17,1491.2,0.0,6.75,10040.89,1
2025-11-19,2025-11-19 11:48:00,1491.2,1491.22,1491.2,1491.22,0.0,6.75,10040.89,1
2025-11-19,2025-11-19 11:49:00,1491.22,1491.25,1491.22,1491.25,0.0,6.75,10040.89,1
2025-11-19,2025-11-19 11:50:00,1491.25,1491.28,1491.25,1491.28,0.0,6.75,10040.89,1
2025-11-19,2025-11-19 11:51:00,1491.28,1491.3,1491.28,1491.3,0.0,6.75,10040.89,1
2025-11-19,2025-11-19 11:52:00,1491.3,1491.33,1491.3,1491.33,0.0,6.75,10040.89,1
2025-11-19,2025-11-19 11:53:00,1491.33,1491.35,1491.33,1491.35,0.0,6.75,10040.89,1
2025-11-19,2025-11-19 11:54:00,1491.35,1491.38,1491.35,1491.38,0.0,6.75,10040.89,1
2025-11-19,2025-11-19 11:55:00,1491.38,1491.4,1491.38,1491.4,0.0,6.75,10040.89,1
2025-11-19,2025-11-19 11:56:00,1491.4,1491.42,1491.4,1491.42,0.0,6.75,10040.89,1
2025-11-19,2025-11-19 11:57:00,1491.42,1491.45,1491.42,1491.45,0.0,6.75,10040.89,1
2025-11-19,2025-11-19 11:58:00,1491.45,1491.47,1491.45,1491.47,0.0,6.75,10040.89,1
2025-11-19,2025-11-19 11:59:00,1491.47,1491.5,1491.47,1491.5,0.0,6.75,10040.89,1
2025-11-19,2025-11-19 12:00:00,1491.5,1491.53,1491.5,1491.53,0.0,6.75,10040.89,1
2025-11-19,2025-11-19 12:01:00,1491.53,1491.55,1491.53,1491.55,0.0,6.75,10040.89,1
2025-11-19,2025-11-19 12:02:00,1491.55,1491.58,1491.55,1491.58,0.0,6.75,10040.89,1
2025-11-19,2025-11-19 12:03:00,1491.58,1491.6,1491.58,1491.6,0.0,6.75,10040.89,1
2025-11-19,2025-11-19 12:04:00,1491.6,1491.62,1491.6,1491.62,0.0,6.75,10040.89,1
2025-11-19,2025-11-19 12:05:00,1491.62,1491.65,1491.62,1491.65,0.0,6.75,10040.89,1
2025-11-19,2025-11-19 12:06:00,1491.65,1491.67,1491.65,1491.67,0.0,6.75,10040.89,1
2025-11-19,2025-11-19 12:07:00,1491.67,1491.7,1491.67,1491.7,0.0,6.75,10040.89,1
2025-11-19,2025-11-19 12:08:00,1491.7,1491.72,1491.7,1491.72,0.0,6.75,10040.89,1
2025-11-19,2025-11-19 12:09:00,1491.72,1491.75,1491.72,1491.75,0.0,6.75,10040.89,1
2025-11-19,2025-11-19 12:10:00,1491.75,1491.78,1491.75,1491.78,0.0,6.75,10040.89,1
2025-11-19,2025-11-19 12:11:00,1491.78,1491.8,1491.78,1491.8,0.0,6.75,10040.89,1
2025-11-19,2025-11-19 12:12:00,1491.8,1491.83,1491.8,1491.83,0.0,6.75,10040.89,1
2025-11-19,2025-11-19 12:13:00,1491.83,1491.85,1491.83,1491.85,0.0,6.75,10040.89,1
2025-11-19,2025-11-19 12:14:00,1491.85,1491.88,1491.85,1491.88,0.0,6.75,10040.89,1
2025-11-19,2025-11-19 12:15:00,1491.88,1491.9,1491.88,1491.9,0.0,6.75,10040.89,1
2025-11-19,2025-11-19 12:16:00,1491.9,1491.92,1491.9,1491.92,0.0,6.75,10040.89,1
2025-11-19,2025-11-19 12:17:00,1491.92,1491.95,1491.92,1491.95,0.0,6.75,10040.89,1
2025-11-19,2025-11-19 12:18:00,1491.95,1491.97,1491.95,1491.97,0.0,6.75,10040.89,1
2025-11-19,2025-11-19 12:19:00,1491.97,1492.0,1491.97,1492.0,0.0,6.75,10040.89,1
2025-11-19,2025-11-19 12:20:00,1492.0,1492.03,1492.0,1492.03,0.0,6.75,10040.89,1
2025-11-19,2025-11-19 12:21:00,1492.03,1492.05,1492.03,1492.05,0.0,6.75,10040.89,1
2025-11-19,2025-11-19 12:22:00,1492.05,1492.08,1492.05,1492.08,0.0,6.75,10040.89,1
2025-11-19,2025-11-19 12:23:00,1492.08,1492.1,1492.08,1492.1,0.0,6.75,10040.89,1
2025-11-19,2025-11-19 12:24:00,1492.1,1492.12,1492.1,1492.12,0.0,6.75,10040.89,1
2025-11-19,2025-11-19 12:25:00,1492.12,1492.15,1492.12,1492.15,0.0,6.75,10040.89,1
2025-11-19,2025-11-19 12:26:00,1492.15,1492.17,1492.15,1492.17,0.0,6.75,10040.89,1
2025-11-19,2025-11-19 12:27:00,1492.17,1492.2,1492.17,1492.2,0.0,6.75,10040.89,1
2025-11-19,2025-11-19 12:28:00,1492.2,1492.22,1492.2,1492.22,0.0,6.75,10040.89,1
2025-11-19,2025-11-19 12:29:00,1492.22,1492.25,1492.22,1492.25,0.0,6.75,10040.89,1
2025-11-19,2025-11-19 12:30:00,1492.25,1492.28,1492.25,1492.28,0.0,6.75,10040.89,1
2025-11-19,2025-11-19 12:31:00,1492.28,1492.3,1492.28,1492.3,0.0,6.75,10040.89,1
2025-11-19,2025-11-19 12:32:00,1492.3,1492.33,1492.3,1492.33,0.0,6.75,10040.89,1
2025-11-19,2025-11-19 12:33:00,1492.33,1492.35,1492.33,1492.35,0.0,6.75,10040.89,1
2025-11-19,2025-11-19 12:34:00,1492.35,1492.38,1492.35,1492.38,0.0,6.75,10040.89,1
2025-11-19,2025-11-19 12:35:00,1492.38,1492.4,1492.38,1492.4,0.0,6.75,10040.89,1
2025-11-19,2025-11-19 12:36:00,1492.4,1492.42,1492.4,1492.42,0.0,6.75,10040.89,1
2025-11-19,2025-11-19 12:37:00,1492.42,1492.45,1492.42,1492.45,0.0,6.75,10040.89,1
2025-11-19,2025-11-19 12:38:00,1492.45,1492.47,1492.45,1492.47,0.0,6.75,10040.89,1
2025-11-19,2025-11-19 12:39:00,1492.47,1492.5,1492.47,1492.5,0.0,6.75,10040.89,1
2025-11-19,2025-11-19 12:40:00,1492.5,1492.53,1492.5,1492.53,0.0,6.75,10040.89,1
2025-11-19,2025-11-19 12:41:00,1492.53,1492.55,1492.53,1492.55,0.0,6.75,10040.89,1
2025-11-19,2025-11-19 12:42:00,1492.55,1492.58,1492.55,1492.58,0.0,6.75,10040.89,1
2025-11-19,2025-11-19 12:43:00,1492.58,1492.6,1492.58,1492.6,0.0,6.75,10040.89,1
2025-11-19,2025-11-19 12:44:00,1492.6,1492.62,1492.6,1492.62,0.0,6.75,10040.89,1
2025-11-19,2025-11-19 12:45:00,1492.62,1492.65,1492.62,1492.65,0.0,6.75,10040.89,1
2025-11-19,2025-11-19 12:46:00,1492.65,1492.67,1492.65,1492.67,0.0,6.75,10040.89,1
2025-11-19,2025-11-19 12:47:00,1492.67,1492.7,1492.67,1492.7,0.0,6.75,10040.89,1
2025-11-19,2025-11-19 12:48:00,1492.7,1492.72,1492.7,1492.72,0.0,6.75,10040.89,1
2025-11-19,2025-11-19 12:49:00,1492.72,1492.75,1492.72,1492.75,0.0,6.75,10040.89,1
2025-11-19,2025-11-19 12:50:00,1492.75,1492.78,1492.75,1492.78,0.0,6.75,10040.89,1
2025-11-19,2025-11-19 12:51:00,1492.78,1492.8,1492.78,1492.8,0.0,6.75,10040.89,1
2025-11-19,2025-11-19 12:52:00,1492.8,1492.83,1492.8,1492.83,0.0,6.75,10040.89,1
2025-11-19,2025-11-19 12:53:00,1492.83,1492.85,1492.83,1492.85,0.0,6.75,10040.89,1
2025-11-19,2025-11-19 12:54:00,1492.85,1492.88,1492.85,1492.88,0.0,6.75,10040.89,1
2025-11-19,2025-11-19 12:55:00,1492.88,1492.9,1492.88,1492.9,0.0,6.75,10040.89,1
2025-11-19,2025-11-19 12:56:00,1492.9,1492.92,1492.9,1492.92,0.0,6.75,10040.89,1
2025-11-19,2025-11-19 12:57:00,1492.92,1492.95,1492.92,1492.95,0.0,6.75,10040.89,1
2025-11-19,2025-11-19 12:58:00,1492.95,1492.97,1492.95,1492.97,0.0,6.75,10040.89,1
2025-11-19,2025-11-19 12:59:00,1492.97,1493.0,1492.97,1493.0,0.0,6.75,10040.89,1
2025-11-19,2025-11-19 13:00:00,1493.0,1500.0,1481.0,1493.03,0.0,6.75,10040.89,1
2025-11-19,2025-11-19 13:01:00,1493.03,1493.05,1493.03,1493.05,0.0,6.75,10040.89,1
2025-11-19,2025-11-19 13:02:00,1493.05,1493.08,1493.05,1493.08,0.0,6.75,10040.89,1
2025-11-19,2025-11-19 13:03:00,1493.08,1493.1,1493.08,1493.1,0.0,6.75,10040.89,1
2025-11-19,2025-11-19 13:04:00,1493.1,1493.12,1493.1,1493.12,0.0,6.75,10040.89,1
2025-11-19,2025-11-19 13:05:00,1493.12,1493.15,1493.12,1493.15,0.0,6.75,10040.89,1
2025-11-19,2025-11-19 13:06:00,1493.15,1493.17,1493.15,1493.17,0.0,6.75,10040.89,1
2025-11-19,2025-11-19 13:07:00,1493.17,1493.2,1493.17,1493.2,0.0,6.75,10040.89,1
2025-11-19,2025-11-19 13:08:00,1493.2,1493.22,1493.2,1493.22,0.0,6.75,10040.89,1
2025-11-19,2025-11-19 13:09:00,1493.22,1493.25,1493.22,1493.25,0.0,6.75,10040.89,1
2025-11-19,2025-11-19 13:10:00,1493.25,1493.28,1493.25,1493.28,0.0,6.75,10040.89,1
2025-11-19,2025-11-19 13:11:00,1493.28,1493.3,1493.28,1493.3,0.0,6.75,10040.89,1
2025-11-19,2025-11-19 13:12:00,1493.3,1493.33,1493.3,1493.33,0.0,6.75,10040.89,1
2025-11-19,2025-11-19 13:13:00,1493.33,1493.35,1493.33,1493.35,0.0,6.75,10040.89,1
2025-11-19,2025-11-19 13:14:00,1493.35,1493.38,1493.35,1493.38,0.0,6.75,10040.89,1
2025-11-19,2025-11-19 13:15:00,1493.38,1493.4,1493.38,1493.4,0.0,6.75,10040.89,1
2025-11-19,2025-11-19 13:16:00,1493.4,1493.42,1493.4,1493.42,0.0,6.75,10040.89,1
2025-11-19,2025-11-19 13:17:00,1493.42,1493.45,1493.42,1493.45,0.0,6.75,10040.89,1
2025-11-19,2025-11-19 13:18:00,1493.45,1493.47,1493.45,1493.47,0.0,6.75,10040.89,1
2025-11-19,2025-11-19 13:19:00,1493.47,1493.5,1493.47,1493.5,0.0,6.75,10040.89,1
2025-11-19,2025-11-19 13:20:00,1493.5,1493.53,1493.5,1493.53,0.0,6.75,10040.89,1
2025-11-19,2025-11-19 13:21:00,1493.53,1493.55,1493.53,1493.55,0.0,6.75,10040.89,1
2025-11-19,2025-11-19 13:22:00,1493.55,1493.58,1493.55,1493.58,0.0,6.75,10040.89,1
2025-11-19,2025-11-19 13:23:00,1493.58,1493.6,1493.58,1493.6,0.0,6.75,10040.89,1
2025-11-19,2025-11-19 13:24:00,1493.6,1493.62,1493.6,1493.62,0.0,6.75,10040.89,1
2025-11-19,2025-11-19 13:25:00,1493.62,1493.65,1493.62,1493.65,0.0,6.75,10040.89,1
2025-11-19,2025-11-19 13:26:00,1493.65,1493.67,1493.65,1493.67,0.0,6.75,10040.89,1
2025-11-19,2025-11-19 13:27:00,1493.67,1493.7,1493.67,1493.7,0.0,6.75,10040.89,1
2025-11-19,2025-11-19 13:28:00,1493.7,1493.72,1493.7,1493.72,0.0,6.75,10040.89,1
2025-11-19,2025-11-19 13:29:00,1493.72,1493.75,1493.72,1493.75,0.0,6.75,10040.89,1
2025-11-19,2025-11-19 13:30:00,1493.75,1493.78,1493.75,1493.78,0.0,6.75,10040.89,1
2025-11-19,2025-11-19 13:31:00,1493.78,1493.8,1493.78,1493.8,0.0,6.75,10040.89,1
2025-11-19,2025-11-19 13:32:00,1493.8,1493.83,1493.8,1493.83,0.0,6.75,10040.89,1
2025-11-19,2025-11-19 13:33:00,1493.83,1493.85,1493.83,1493.85,0.0,6.75,10040.89,1
2025-11-19,2025-11-19 13:34:00,1493.85,1493.88,1493.85,1493.88,0.0,6.75,10040.89,1
2025-11-19,2025-11-19 13:35:00,1493.88,1493.9,1493.88,1493.9,0.0,6.75,10040.89,1
2025-11-19,2025-11-19 13:36:00,1493.9,1493.92,1493.9,1493.92,0.0,6.75,10040.89,1
2025-11-19,2025-11-19 13:37:00,1493.92,1493.95,1493.92,1493.95,0.0,6.75,10040.89,1
2025-11-19,2025-11-19 13:38:00,1493.95,1493.97,1493.95,1493.97,0.0,6.75,10040.89,1
2025-11-19,2025-11-19 13:39:00,1493.97,1494.0,1493.97,1494.0,0.0,6.75,10040.89,1
2025-11-19,2025-11-19 13:40:00,1494.0,1494.03,1494.0,1494.03,0.0,6.75,10040.89,1
2025-11-19,2025-11-19 13:41:00,1494.03,1494.05,1494.03,1494.05,0.0,6.75,10040.89,1
2025-11-19,2025-11-19 13:42:00,1494.05,1494.08,1494.05,1494.08,0.0,6.75,10040.89,1
2025-11-19,2025-11-19 13:43:00,1494.08,1494.1,1494.08,1494.1,0.0,6.75,10040.89,1
2025-11-19,2025-11-19 13:44:00,1494.1,1494.12,1494.1,1494.12,0.0,6.75,10040.89,1
2025-11-19,2025-11-19 13:45:00,1494.12,1494.15,1494.12,1494.15,0.0,6.75,10040.89,1
2025-11-19,2025-11-19 13:46:00,1494.15,1494.17,1494.15,1494.17,0.0,6.75,10040.89,1
2025-11-19,2025-11-19 13:47:00,1494.17,1494.2,1494.17,1494.2,0.0,6.75,10040.89,1
2025-11-19,2025-11-19 13:48:00,1494.2,1494.22,1494.2,1494.22,0.0,6.75,10040.89,1
2025-11-19,2025-11-19 13:49:00,1494.22,1494.25,1494.22,1494.25,0.0,6.75,10040.89,1
2025-11-19,2025-11-19 13:50:00,1494.25,1494.28,1494.25,1494.28,0.0,6.75,10040.89,1
2025-11-19,2025-11-19 13:51:00,1494.28,1494.3,1494.28,1494.3,0.0,6.75,10040.89,1
2025-11-19,2025-11-19 13:52:00,1494.3,1494.33,1494.3,1494.33,0.0,6.75,10040.89,1
2025-11-19,2025-11-19 13:53:00,1494.33,1494.35,1494.33,1494.35,0.0,6.75,10040.89,1
2025-11-19,2025-11-19 13:54:00,1494.35,1494.38,1494.35,1494.38,0.0,6.75,10040.89,1
2025-11-19,2025-11-19 13:55:00,1494.38,1494.4,1494.38,1494.4,0.0,6.75,10040.89,1
2025-11-19,2025-11-19 13:56:00,1494.4,1494.42,1494.4,1494.42,0.0,6.75,10040.89,1
2025-11-19,2025-11-19 13:57:00,1494.42,1494.45,1494.42,1494.45,0.0,6.75,10040.89,1
2025-11-19,2025-11-19 13:58:00,1494.45,1494.47,1494.45,1494.47,0.0,6.75,10040.89,1
2025-11-19,2025-11-19 13:59:00,1494.47,1494.5,1494.47,1494.5,0.0,6.75,10040.89,1
2025-11-19,2025-11-19 14:00:00,1494.5,1494.53,1494.5,1494.53,0.0,6.75,10040.89,1
2025-11-19,2025-11-19 14:01:00,1494.53,1494.55,1494.53,1494.55,0.0,6.75,10040.89,1
2025-11-19,2025-11-19 14:02:00,1494.55,1494.58,1494.55,1494.58,0.0,6.75,10040.89,1
2025-11-19,2025-11-19 14:03:00,1494.58,1494.6,1494.58,1494.6,0.0,6.75,10040.89,1
2025-11-19,2025-11-19 14:04:00,1494.6,1494.62,1494.6,1494.62,0.0,6.75,10040.89,1
2025-11-19,2025-11-19 14:05:00,1494.62,1494.65,1494.62,1494.65,0.0,6.75,10040.89,1
2025-11-19,2025-11-19 14:06:00,1494.65,1494.67,1494.65,1494.67,0.0,6.75,10040.89,1
2025-11-19,2025-11-19 14:07:00,1494.67,1494.7,1494.67,1494.7,0.0,6.75,10040.89,1
2025-11-19,2025-11-19 14:08:00,1494.7,1494.72,1494.7,1494.72,0.0,6.75,10040.89,1
2025-11-19,2025-11-19 14:09:00,1494.72,1494.75,1494.72,1494.75,0.0,6.75,10040.89,1
2025-11-19,2025-11-19 14:10:00,1494.75,1494.78,1494.75,1494.78,0.0,6.75,10040.89,1
2025-11-19,2025-11-19 14:11:00,1494.78,1494.8,1494.78,1494.8,0.0,6.75,10040.89,1
2025-11-19,2025-11-19 14:12:00,1494.8,1494.83,1494.8,1494.83,0.0,6.75,10040.89,1
2025-11-19,2025-11-19 14:13:00,1494.83,1494.85,1494.83,1494.85,0.0,6.75,10040.89,1
2025-11-19,2025-11-19 14:14:00,1494.85,1494.88,1494.85,1494.88,0.0,6.75,10040.89,1
2025-11-19,2025-11-19 14:15:00,1494.88,1494.9,1494.88,1494.9,0.0,6.75,10040.89,1
2025-11-19,2025-11-19 14:16:00,1494.9,1494.92,1494.9,1494.92,0.0,6.75,10040.89,1
2025-11-19,2025-11-19 14:17:00,1494.92,1494.95,1494.92,1494.95,0.0,6.75,10040.89,1
2025-11-19,2025-11-19 14:18:00,1494.95,1494.97,1494.95,1494.97,0.0,6.75,10040.89,1
2025-11-19,2025-11-19 14:19:00,1494.97,1495.0,1494.97,1495.0,0.0,6.75,10040.89,1
2025-11-19,2025-11-19 14:20:00,1495.0,1495.03,1495.0,1495.03,0.0,6.75,10040.89,1
2025-11-19,2025-11-19 14:21:00,1495.03,1495.05,1495.03,1495.05,0.0,6.75,10040.89,1
2025-11-19,2025-11-19 14:22:00,1495.05,1495.08,1495.05,1495.08,0.0,6.75,10040.89,1
2025-11-19,2025-11-19 14:23:00,1495.08,1495.1,1495.08,1495.1,0.0,6.75,10040.89,1
2025-11-19,2025-11-19 14:24:00,1495.1,1495.12,1495.1,1495.12,0.0,6.75,10040.89,1
2025-11-19,2025-11-19 14:25:00,1495.12,1495.15,1495.12,1495.15,0.0,6.75,10040.89,1
2025-11-19,2025-11-19 14:26:00,1495.15,1495.17,1495.15,1495.17,0.0,6.75,10040.89,1
2025-11-19,2025-11-19 14:27:00,1495.17,1495.2,1495.17,1495.2,0.0,6.75,10040.89,1
2025-11-19,2025-11-19 14:28:00,1495.2,1495.22,1495.2,1495.22,0.0,6.75,10040.89,1
2025-11-19,2025-11-19 14:29:00,1495.22,1495.25,1495.22,1495.25,0.0,6.75,10040.89,1
2025-11-19,2025-11-19 14:30:00,1495.25,1495.28,1495.25,1495.28,0.0,6.75,10040.89,1
2025-11-19,2025-11-19 14:31:00,1495.28,1495.3,1495.28,1495.3,0.0,6.75,10040.89,1
2025-11-19,2025-11-19 14:32:00,1495.3,1495.33,1495.3,1495.33,0.0,6.75,10040.89,1
2025-11-19,2025-11-19 14:33:00,1495.33,1495.35,1495.33,1495.35,0.0,6.75,10040.89,1
2025-11-19,2025-11-19 14:34:00,1495.35,1495.38,1495.35,1495.38,0.0,6.75,10040.89,1
2025-11-19,2025-11-19 14:35:00,1495.38,1495.4,1495.38,1495.4,0.0,6.75,10040.89,1
2025-11-19,2025-11-19 14:36:00,1495.4,1495.42,1495.4,1495.42,0.0,6.75,10040.89,1
2025-11-19,2025-11-19 14:37:00,1495.42,1495.45,1495.42,1495.45,0.0,6.75,10040.89,1
2025-11-19,2025-11-19 14:38:00,1495.45,1495.47,1495.45,1495.47,0.0,6.75,10040.89,1
2025-11-19,2025-11-19 14:39:00,1495.47,1495.5,1495.47,1495.5,0.0,6.75,10040.89,1
2025-11-19,2025-11-19 14:40:00,1495.5,1495.53,1495.5,1495.53,0.0,6.75,10040.89,1
2025-11-19,2025-11-19 14:41:00,1495.53,1495.55,1495.53,1495.55,0.0,6.75,10040.89,1
2025-11-19,2025-11-19 14:42:00,1495.55,1495.58,1495.55,1495.58,0.0,6.75,10040.89,1
2025-11-19,2025-11-19 14:43:00,1495.58,1495.6,1495.58,1495.6,0.0,6.75,10040.89,1
2025-11-19,2025-11-19 14:44:00,1495.6,1495.62,1495.6,1495.62,0.0,6.75,10040.89,1
2025-11-19,2025-11-19 14:45:00,1495.62,1495.65,1495.62,1495.65,0.0,6.75,10040.89,1
2025-11-19,2025-11-19 14:46:00,1495.65,1495.67,1495.65,1495.67,0.0,6.75,10040.89,1
2025-11-19,2025-11-19 14:47:00,1495.67,1495.7,1495.67,1495.7,0.0,6.75,10040.89,1
2025-11-19,2025-11-19 14:48:00,1495.7,1495.72,1495.7,1495.72,0.0,6.75,10040.89,1
2025-11-19,2025-11-19 14:49:00,1495.72,1495.75,1495.72,1495.75,0.0,6.75,10040.89,1
2025-11-19,2025-11-19 14:50:00,1495.75,1495.78,1495.75,1495.78,0.0,6.75,10040.89,1
2025-11-19,2025-11-19 14:51:00,1495.78,1495.8,1495.78,1495.8,0.0,6.75,10040.89,1
2025-11-19,2025-11-19 14:52:00,1495.8,1495.83,1495.8,1495.83,0.0,6.75,10040.89,1
2025-11-19,2025-11-19 14:53:00,1495.83,1495.85,1495.83,1495.85,0.0,6.75,10040.89,1
2025-11-19,2025-11-19 14:54:00,1495.85,1495.88,1495.85,1495.88,0.0,6.75,10040.89,1
2025-11-19,2025-11-19 14:55:00,1495.88,1495.9,1495.88,1495.9,0.0,6.75,10040.89,1
2025-11-19,2025-11-19 14:56:00,1495.9,1495.92,1495.9,1495.92,0.0,6.75,10040.89,1
2025-11-19,2025-11-19 14:57:00,1495.92,1495.95,1495.92,1495.95,0.0,6.75,10040.89,1
2025-11-19,2025-11-19 14:58:00,1495.95,1495.97,1495.95,1495.97,0.0,6.75,10040.89,1
2025-11-19,2025-11-19 14:59:00,1495.97,1496.0,1495.97,1496.0,0.0,6.75,10040.89,1
2025-11-19,2025-11-19 15:00:00,1496.0,1500.0,1481.0,1496.0,0.0,6.75,10040.89,0
2025-11-20,2025-11-20 11:00:00,1472.3,1478.36,1472.3,1472.33,0.0,4.65,6873.3,1
2025-11-20,2025-11-20 11:01:00,1472.33,1472.36,1472.33,1472.36,0.0,4.65,6873.3,1
2025-11-20,2025-11-20 11:02:00,1472.36,1472.4,1472.36,1472.4,0.0,4.65,6873.3,1
2025-11-20,2025-11-20 11:03:00,1472.4,1472.43,1472.4,1472.43,0.0,4.65,6873.3,1
2025-11-20,2025-11-20 11:04:00,1472.43,1472.46,1472.43,1472.46,0.0,4.65,6873.3,1
2025-11-20,2025-11-20 11:05:00,1472.46,1472.49,1472.46,1472.49,0.0,4.65,6873.3,1
2025-11-20,2025-11-20 11:06:00,1472.49,1472.52,1472.49,1472.52,0.0,4.65,6873.3,1
2025-11-20,2025-11-20 11:07:00,1472.52,1472.56,1472.52,1472.56,0.0,4.65,6873.3,1
2025-11-20,2025-11-20 11:08:00,1472.56,1472.59,1472.56,1472.59,0.0,4.65,6873.3,1
2025-11-20,2025-11-20 11:09:00,1472.59,1472.62,1472.59,1472.62,0.0,4.65,6873.3,1
2025-11-20,2025-11-20 11:10:00,1472.62,1472.65,1472.62,1472.65,0.0,4.65,6873.3,1
2025-11-20,2025-11-20 11:11:00,1472.65,1472.68,1472.65,1472.68,0.0,4.65,6873.3,1
2025-11-20,2025-11-20 11:12:00,1472.68,1472.72,1472.68,1472.72,0.0,4.65,6873.3,1
2025-11-20,2025-11-20 11:13:00,1472.72,1472.75,1472.72,1472.75,0.0,4.65,6873.3,1
2025-11-20,2025-11-20 11:14:00,1472.75,1472.78,1472.75,1472.78,0.0,4.65,6873.3,1
2025-11-20,2025-11-20 11:15:00,1472.78,1472.81,1472.78,1472.81,0.0,4.65,6873.3,1
2025-11-20,2025-11-20 11:16:00,1472.81,1472.85,1472.81,1472.85,0.0,4.65,6873.3,1
2025-11-20,2025-11-20 11:17:00,1472.85,1472.88,1472.85,1472.88,0.0,4.65,6873.3,1
2025-11-20,2025-11-20 11:18:00,1472.88,1472.91,1472.88,1472.91,0.0,4.65,6873.3,1
2025-11-20,2025-11-20 11:19:00,1472.91,1472.94,1472.91,1472.94,0.0,4.65,6873.3,1
2025-11-20,2025-11-20 11:20:00,1472.94,1472.97,1472.94,1472.97,0.0,4.65,6873.3,1
2025-11-20,2025-11-20 11:21:00,1472.97,1473.01,1472.97,1473.01,0.0,4.65,6873.3,1
2025-11-20,2025-11-20 11:22:00,1473.01,1473.04,1473.01,1473.04,0.0,4.65,6873.3,1
2025-11-20,2025-11-20 11:23:00,1473.04,1473.07,1473.04,1473.07,0.0,4.65,6873.3,1
2025-11-20,2025-11-20 11:24:00,1473.07,1473.1,1473.07,1473.1,0.0,4.65,6873.3,1
2025-11-20,2025-11-20 11:25:00,1473.1,1473.13,1473.1,1473.13,0.0,4.65,6873.3,1
2025-11-20,2025-11-20 11:26:00,1473.13,1473.17,1473.13,1473.17,0.0,4.65,6873.3,1
2025-11-20,2025-11-20 11:27:00,1473.17,1473.2,1473.17,1473.2,0.0,4.65,6873.3,1
2025-11-20,2025-11-20 11:28:00,1473.2,1473.23,1473.2,1473.23,0.0,4.65,6873.3,1
2025-11-20,2025-11-20 11:29:00,1473.23,1473.26,1473.23,1473.26,0.0,4.65,6873.3,1
2025-11-20,2025-11-20 11:30:00,1473.26,1473.29,1473.26,1473.29,0.0,4.65,6873.3,1
2025-11-20,2025-11-20 11:31:00,1473.29,1473.33,1473.29,1473.33,0.0,4.65,6873.3,1
2025-11-20,2025-11-20 11:32:00,1473.33,1473.36,1473.33,1473.36,0.0,4.65,6873.3,1
2025-11-20,2025-11-20 11:33:00,1473.36,1473.39,1473.36,1473.39,0.0,4.65,6873.3,1
2025-11-20,2025-11-20 11:34:00,1473.39,1473.42,1473.39,1473.42,0.0,4.65,6873.3,1
2025-11-20,2025-11-20 11:35:00,1473.42,1473.45,1473.42,1473.45,0.0,4.65,6873.3,1
2025-11-20,2025-11-20 11:36:00,1473.45,1473.49,1473.45,1473.49,0.0,4.65,6873.3,1
2025-11-20,2025-11-20 11:37:00,1473.49,1473.52,1473.49,1473.52,0.0,4.65,6873.3,1
2025-11-20,2025-11-20 11:38:00,1473.52,1473.55,1473.52,1473.55,0.0,4.65,6873.3,1
2025-11-20,2025-11-20 11:39:00,1473.55,1473.58,1473.55,1473.58,0.0,4.65,6873.3,1
2025-11-20,2025-11-20 11:40:00,1473.58,1473.62,1473.58,1473.62,0.0,4.65,6873.3,1
2025-11-20,2025-11-20 11:41:00,1473.62,1473.65,1473.62,1473.65,0.0,4.65,6873.3,1
2025-11-20,2025-11-20 11:42:00,1473.65,1473.68,1473.65,1473.68,0.0,4.65,6873.3,1
2025-11-20,2025-11-20 11:43:00,1473.68,1473.71,1473.68,1473.71,0.0,4.65,6873.3,1
2025-11-20,2025-11-20 11:44:00,1473.71,1473.74,1473.71,1473.74,0.0,4.65,6873.3,1
2025-11-20,2025-11-20 11:45:00,1473.74,1473.78,1473.74,1473.78,0.0,4.65,6873.3,1
2025-11-20,2025-11-20 11:46:00,1473.78,1473.81,1473.78,1473.81,0.0,4.65,6873.3,1
2025-11-20,2025-11-20 11:47:00,1473.81,1473.84,1473.81,1473.84,0.0,4.65,6873.3,1
2025-11-20,2025-11-20 11:48:00,1473.84,1473.87,1473.84,1473.87,0.0,4.65,6873.3,1
2025-11-20,2025-11-20 11:49:00,1473.87,1473.9,1473.87,1473.9,0.0,4.65,6873.3,1
2025-11-20,2025-11-20 11:50:00,1473.9,1473.94,1473.9,1473.94,0.0,4.65,6873.3,1
2025-11-20,2025-11-20 11:51:00,1473.94,1473.97,1473.94,1473.97,0.0,4.65,6873.3,1
2025-11-20,2025-11-20 11:52:00,1473.97,1474.0,1473.97,1474.0,0.0,4.65,6873.3,1
2025-11-20,2025-11-20 11:53:00,1474.0,1474.03,1474.0,1474.03,0.0,4.65,6873.3,1
2025-11-20,2025-11-20 11:54:00,1474.03,1474.06,1474.03,1474.06,0.0,4.65,6873.3,1
2025-11-20,2025-11-20 11:55:00,1474.06,1474.1,1474.06,1474.1,0.0,4.65,6873.3,1
2025-11-20,2025-11-20 11:56:00,1474.1,1474.13,1474.1,1474.13,0.0,4.65,6873.3,1
2025-11-20,2025-11-20 11:57:00,1474.13,1474.16,1474.13,1474.16,0.0,4.65,6873.3,1
2025-11-20,2025-11-20 11:58:00,1474.16,1474.19,1474.16,1474.19,0.0,4.65,6873.3,1
2025-11-20,2025-11-20 11:59:00,1474.19,1474.22,1474.19,1474.22,0.0,4.65,6873.3,1
2025-11-20,2025-11-20 12:00:00,1474.22,1474.26,1474.22,1474.26,0.0,4.65,6873.3,1
2025-11-20,2025-11-20 12:01:00,1474.26,1474.29,1474.26,1474.29,0.0,4.65,6873.3,1
2025-11-20,2025-11-20 12:02:00,1474.29,1474.32,1474.29,1474.32,0.0,4.65,6873.3,1
2025-11-20,2025-11-20 12:03:00,1474.32,1474.35,1474.32,1474.35,0.0,4.65,6873.3,1
2025-11-20,2025-11-20 12:04:00,1474.35,1474.39,1474.35,1474.39,0.0,4.65,6873.3,1
2025-11-20,2025-11-20 12:05:00,1474.39,1474.42,1474.39,1474.42,0.0,4.65,6873.3,1
2025-11-20,2025-11-20 12:06:00,1474.42,1474.45,1474.42,1474.45,0.0,4.65,6873.3,1
2025-11-20,2025-11-20 12:07:00,1474.45,1474.48,1474.45,1474.48,0.0,4.65,6873.3,1
2025-11-20,2025-11-20 12:08:00,1474.48,1474.51,1474.48,1474.51,0.0,4.65,6873.3,1
2025-11-20,2025-11-20 12:09:00,1474.51,1474.55,1474.51,1474.55,0.0,4.65,6873.3,1
2025-11-20,2025-11-20 12:10:00,1474.55,1474.58,1474.55,1474.58,0.0,4.65,6873.3,1
2025-11-20,2025-11-20 12:11:00,1474.58,1474.61,1474.58,1474.61,0.0,4.65,6873.3,1
2025-11-20,2025-11-20 12:12:00,1474.61,1474.64,1474.61,1474.64,0.0,4.65,6873.3,1
2025-11-20,2025-11-20 12:13:00,1474.64,1474.67,1474.64,1474.67,0.0,4.65,6873.3,1
2025-11-20,2025-11-20 12:14:00,1474.67,1474.71,1474.67,1474.71,0.0,4.65,6873.3,1
2025-11-20,2025-11-20 12:15:00,1474.71,1474.74,1474.71,1474.74,0.0,4.65,6873.3,1
2025-11-20,2025-11-20 12:16:00,1474.74,1474.77,1474.74,1474.77,0.0,4.65,6873.3,1
2025-11-20,2025-11-20 12:17:00,1474.77,1474.8,1474.77,1474.8,0.0,4.65,6873.3,1
2025-11-20,2025-11-20 12:18:00,1474.8,1474.83,1474.8,1474.83,0.0,4.65,6873.3,1
2025-11-20,2025-11-20 12:19:00,1474.83,1474.87,1474.83,1474.87,0.0,4.65,6873.3,1
2025-11-20,2025-11-20 12:20:00,1474.87,1474.9,1474.87,1474.9,0.0,4.65,6873.3,1
2025-11-20,2025-11-20 12:21:00,1474.9,1474.93,1474.9,1474.93,0.0,4.65,6873.3,1
2025-11-20,2025-11-20 12:22:00,1474.93,1474.96,1474.93,1474.96,0.0,4.65,6873.3,1
2025-11-20,2025-11-20 12:23:00,1474.96,1474.99,1474.96,1474.99,0.0,4.65,6873.3,1
2025-11-20,2025-11-20 12:24:00,1474.99,1475.03,1474.99,1475.03,0.0,4.65,6873.3,1
2025-11-20,2025-11-20 12:25:00,1475.03,1475.06,1475.03,1475.06,0.0,4.65,6873.3,1
2025-11-20,2025-11-20 12:26:00,1475.06,1475.09,1475.06,1475.09,0.0,4.65,6873.3,1
2025-11-20,2025-11-20 12:27:00,1475.09,1475.12,1475.09,1475.12,0.0,4.65,6873.3,1
2025-11-20,2025-11-20 12:28:00,1475.12,1475.16,1475.12,1475.16,0.0,4.65,6873.3,1
2025-11-20,2025-11-20 12:29:00,1475.16,1475.19,1475.16,1475.19,0.0,4.65,6873.3,1
2025-11-20,2025-11-20 12:30:00,1475.19,1475.22,1475.19,1475.22,0.0,4.65,6873.3,1
2025-11-20,2025-11-20 12:31:00,1475.22,1475.25,1475.22,1475.25,0.0,4.65,6873.3,1
2025-11-20,2025-11-20 12:32:00,1475.25,1475.28,1475.25,1475.28,0.0,4.65,6873.3,1
2025-11-20,2025-11-20 12:33:00,1475.28,1475.32,1475.28,1475.32,0.0,4.65,6873.3,1
2025-11-20,2025-11-20 12:34:00,1475.32,1475.35,1475.32,1475.35,0.0,4.65,6873.3,1
2025-11-20,2025-11-20 12:35:00,1475.35,1475.38,1475.35,1475.38,0.0,4.65,6873.3,1
2025-11-20,2025-11-20 12:36:00,1475.38,1475.41,1475.38,1475.41,0.0,4.65,6873.3,1
2025-11-20,2025-11-20 12:37:00,1475.41,1475.44,1475.41,1475.44,0.0,4.65,6873.3,1
2025-11-20,2025-11-20 12:38:00,1475.44,1475.48,1475.44,1475.48,0.0,4.65,6873.3,1
2025-11-20,2025-11-20 12:39:00,1475.48,1475.51,1475.48,1475.51,0.0,4.65,6873.3,1
2025-11-20,2025-11-20 12:40:00,1475.51,1475.54,1475.51,1475.54,0.0,4.65,6873.3,1
2025-11-20,2025-11-20 12:41:00,1475.54,1475.57,1475.54,1475.57,0.0,4.65,6873.3,1
2025-11-20,2025-11-20 12:42:00,1475.57,1475.6,1475.57,1475.6,0.0,4.65,6873.3,1
2025-11-20,2025-11-20 12:43:00,1475.6,1475.64,1475.6,1475.64,0.0,4.65,6873.3,1
2025-11-20,2025-11-20 12:44:00,1475.64,1475.67,1475.64,1475.67,0.0,4.65,6873.3,1
2025-11-20,2025-11-20 12:45:00,1475.67,1475.7,1475.67,1475.7,0.0,4.65,6873.3,1
2025-11-20,2025-11-20 12:46:00,1475.7,1475.73,1475.7,1475.73,0.0,4.65,6873.3,1
2025-11-20,2025-11-20 12:47:00,1475.73,1475.76,1475.73,1475.76,0.0,4.65,6873.3,1
2025-11-20,2025-11-20 12:48:00,1475.76,1475.8,1475.76,1475.8,0.0,4.65,6873.3,1
2025-11-20,2025-11-20 12:49:00,1475.8,1475.83,1475.8,1475.83,0.0,4.65,6873.3,1
2025-11-20,2025-11-20 12:50:00,1475.83,1475.86,1475.83,1475.86,0.0,4.65,6873.3,1
2025-11-20,2025-11-20 12:51:00,1475.86,1475.89,1475.86,1475.89,0.0,4.65,6873.3,1
2025-11-20,2025-11-20 12:52:00,1475.89,1475.93,1475.89,1475.93,0.0,4.65,6873.3,1
2025-11-20,2025-11-20 12:53:00,1475.93,1475.96,1475.93,1475.96,0.0,4.65,6873.3,1
2025-11-20,2025-11-20 12:54:00,1475.96,1475.99,1475.96,1475.99,0.0,4.65,6873.3,1
2025-11-20,2025-11-20 12:55:00,1475.99,1476.02,1475.99,1476.02,0.0,4.65,6873.3,1
2025-11-20,2025-11-20 12:56:00,1476.02,1476.05,1476.02,1476.05,0.0,4.65,6873.3,1
2025-11-20,2025-11-20 12:57:00,1476.05,1476.09,1476.05,1476.09,0.0,4.65,6873.3,1
2025-11-20,2025-11-20 12:58:00,1476.09,1476.12,1476.09,1476.12,0.0,4.65,6873.3,1
2025-11-20,2025-11-20 12:59:00,1476.12,1476.15,1476.12,1476.15,0.0,4.65,6873.3,1
2025-11-20,2025-11-20 13:00:00,1476.15,1492.5,1472.3,1476.18,0.0,4.65,6873.3,1
2025-11-20,2025-11-20 13:01:00,1476.18,1476.21,1476.18,1476.21,0.0,4.65,6873.3,1
2025-11-20,2025-11-20 13:02:00,1476.21,1476.25,1476.21,1476.25,0.0,4.65,6873.3,1
2025-11-20,2025-11-20 13:03:00,1476.25,1476.28,1476.25,1476.28,0.0,4.65,6873.3,1
2025-11-20,2025-11-20 13:04:00,1476.28,1476.31,1476.28,1476.31,0.0,4.65,6873.3,1
2025-11-20,2025-11-20 13:05:00,1476.31,1476.34,1476.31,1476.34,0.0,4.65,6873.3,1
2025-11-20,2025-11-20 13:06:00,1476.34,1476.37,1476.34,1476.37,0.0,4.65,6873.3,1
2025-11-20,2025-11-20 13:07:00,1476.37,1476.41,1476.37,1476.41,0.0,4.65,6873.3,1
2025-11-20,2025-11-20 13:08:00,1476.41,1476.44,1476.41,1476.44,0.0,4.65,6873.3,1
2025-11-20,2025-11-20 13:09:00,1476.44,1476.47,1476.44,1476.47,0.0,4.65,6873.3,1
2025-11-20,2025-11-20 13:10:00,1476.47,1476.5,1476.47,1476.5,0.0,4.65,6873.3,1
2025-11-20,2025-11-20 13:11:00,1476.5,1476.54,1476.5,1476.54,0.0,4.65,6873.3,1
2025-11-20,2025-11-20 13:12:00,1476.54,1476.57,1476.54,1476.57,0.0,4.65,6873.3,1
2025-11-20,2025-11-20 13:13:00,1476.57,1476.6,1476.57,1476.6,0.0,4.65,6873.3,1
2025-11-20,2025-11-20 13:14:00,1476.6,1476.63,1476.6,1476.63,0.0,4.65,6873.3,1
2025-11-20,2025-11-20 13:15:00,1476.63,1476.66,1476.63,1476.66,0.0,4.65,6873.3,1
2025-11-20,2025-11-20 13:16:00,1476.66,1476.7,1476.66,1476.7,0.0,4.65,6873.3,1
2025-11-20,2025-11-20 13:17:00,1476.7,1476.73,1476.7,1476.73,0.0,4.65,6873.3,1
2025-11-20,2025-11-20 13:18:00,1476.73,1476.76,1476.73,1476.76,0.0,4.65,6873.3,1
2025-11-20,2025-11-20 13:19:00,1476.76,1476.79,1476.76,1476.79,0.0,4.65,6873.3,1
2025-11-20,2025-11-20 13:20:00,1476.79,1476.82,1476.79,1476.82,0.0,4.65,6873.3,1
2025-11-20,2025-11-20 13:21:00,1476.82,1476.86,1476.82,1476.86,0.0,4.65,6873.3,1
2025-11-20,2025-11-20 13:22:00,1476.86,1476.89,1476.86,1476.89,0.0,4.65,6873.3,1
2025-11-20,2025-11-20 13:23:00,1476.89,1476.92,1476.89,1476.92,0.0,4.65,6873.3,1
2025-11-20,2025-11-20 13:24:00,1476.92,1476.95,1476.92,1476.95,0.0,4.65,6873.3,1
2025-11-20,2025-11-20 13:25:00,1476.95,1476.98,1476.95,1476.98,0.0,4.65,6873.3,1
2025-11-20,2025-11-20 13:26:00,1476.98,1477.02,1476.98,1477.02,0.0,4.65,6873.3,1
2025-11-20,2025-11-20 13:27:00,1477.02,1477.05,1477.02,1477.05,0.0,4.65,6873.3,1
2025-11-20,2025-11-20 13:28:00,1477.05,1477.08,1477.05,1477.08,0.0,4.65,6873.3,1
2025-11-20,2025-11-20 13:29:00,1477.08,1477.11,1477.08,1477.11,0.0,4.65,6873.3,1
2025-11-20,2025-11-20 13:30:00,1477.11,1477.14,1477.11,1477.14,0.0,4.65,6873.3,1
2025-11-20,2025-11-20 13:31:00,1477.14,1477.18,1477.14,1477.18,0.0,4.65,6873.3,1
2025-11-20,2025-11-20 13:32:00,1477.18,1477.21,1477.18,1477.21,0.0,4.65,6873.3,1
2025-11-20,2025-11-20 13:33:00,1477.21,1477.24,1477.21,1477.24,0.0,4.65,6873.3,1
2025-11-20,2025-11-20 13:34:00,1477.24,1477.27,1477.24,1477.27,0.0,4.65,6873.3,1
2025-11-20,2025-11-20 13:35:00,1477.27,1477.31,1477.27,1477.31,0.0,4.65,6873.3,1
2025-11-20,2025-11-20 13:36:00,1477.31,1477.34,1477.31,1477.34,0.0,4.65,6873.3,1
2025-11-20,2025-11-20 13:37:00,1477.34,1477.37,1477.34,1477.37,0.0,4.65,6873.3,1
2025-11-20,2025-11-20 13:38:00,1477.37,1477.4,1477.37,1477.4,0.0,4.65,6873.3,1
2025-11-20,2025-11-20 13:39:00,1477.4,1477.43,1477.4,1477.43,0.0,4.65,6873.3,1
2025-11-20,2025-11-20 13:40:00,1477.43,1477.47,1477.43,1477.47,0.0,4.65,6873.3,1
2025-11-20,2025-11-20 13:41:00,1477.47,1477.5,1477.47,1477.5,0.0,4.65,6873.3,1
2025-11-20,2025-11-20 13:42:00,1477.5,1477.53,1477.5,1477.53,0.0,4.65,6873.3,1
2025-11-20,2025-11-20 13:43:00,1477.53,1477.56,1477.53,1477.56,0.0,4.65,6873.3,1
2025-11-20,2025-11-20 13:44:00,1477.56,1477.59,1477.56,1477.59,0.0,4.65,6873.3,1
2025-11-20,2025-11-20 13:45:00,1477.59,1477.63,1477.59,1477.63,0.0,4.65,6873.3,1
2025-11-20,2025-11-20 13:46:00,1477.63,1477.66,1477.63,1477.66,0.0,4.65,6873.3,1
2025-11-20,2025-11-20 13:47:00,1477.66,1477.69,1477.66,1477.69,0.0,4.65,6873.3,1
2025-11-20,2025-11-20 13:48:00,1477.69,1477.72,1477.69,1477.72,0.0,4.65,6873.3,1
2025-11-20,2025-11-20 13:49:00,1477.72,1477.75,1477.72,1477.75,0.0,4.65,6873.3,1
2025-11-20,2025-11-20 13:50:00,1477.75,1477.79,1477.75,1477.79,0.0,4.65,6873.3,1
2025-11-20,2025-11-20 13:51:00,1477.79,1477.82,1477.79,1477.82,0.0,4.65,6873.3,1
2025-11-20,2025-11-20 13:52:00,1477.82,1477.85,1477.82,1477.85,0.0,4.65,6873.3,1
2025-11-20,2025-11-20 13:53:00,1477.85,1477.88,1477.85,1477.88,0.0,4.65,6873.3,1
2025-11-20,2025-11-20 13:54:00,1477.88,1477.91,1477.88,1477.91,0.0,4.65,6873.3,1
2025-11-20,2025-11-20 13:55:00,1477.91,1477.95,1477.91,1477.95,0.0,4.65,6873.3,1
2025-11-20,2025-11-20 13:56:00,1477.95,1477.98,1477.95,1477.98,0.0,4.65,6873.3,1
2025-11-20,2025-11-20 13:57:00,1477.98,1478.01,1477.98,1478.01,0.0,4.65,6873.3,1
2025-11-20,2025-11-20 13:58:00,1478.01,1478.04,1478.01,1478.04,0.0,4.65,6873.3,1
2025-11-20,2025-11-20 13:59:00,1478.04,1478.08,1478.04,1478.08,0.0,4.65,6873.3,1
2025-11-20,2025-11-20 14:00:00,1478.08,1478.11,1478.08,1478.11,0.0,4.65,6873.3,1
2025-11-20,2025-11-20 14:01:00,1478.11,1478.14,1478.11,1478.14,0.0,4.65,6873.3,1
2025-11-20,2025-11-20 14:02:00,1478.14,1478.17,1478.14,1478.17,0.0,4.65,6873.3,1
2025-11-20,2025-11-20 14:03:00,1478.17,1478.2,1478.17,1478.2,0.0,4.65,6873.3,1
2025-11-20,2025-11-20 14:04:00,1478.2,1478.24,1478.2,1478.24,0.0,4.65,6873.3,1
2025-11-20,2025-11-20 14:05:00,1478.24,1478.27,1478.24,1478.27,0.0,4.65,6873.3,1
2025-11-20,2025-11-20 14:06:00,1478.27,1478.3,1478.27,1478.3,0.0,4.65,6873.3,1
2025-11-20,2025-11-20 14:07:00,1478.3,1478.33,1478.3,1478.33,0.0,4.65,6873.3,1
2025-11-20,2025-11-20 14:08:00,1478.33,1478.36,1478.33,1478.36,0.0,4.65,6873.3,1
2025-11-20,2025-11-20 14:09:00,1478.36,1478.4,1478.36,1478.4,0.0,4.65,6873.3,1
2025-11-20,2025-11-20 14:10:00,1478.4,1478.43,1478.4,1478.43,0.0,4.65,6873.3,1
2025-11-20,2025-11-20 14:11:00,1478.43,1478.46,1478.43,1478.46,0.0,4.65,6873.3,1
2025-11-20,2025-11-20 14:12:00,1478.46,1478.49,1478.46,1478.49,0.0,4.65,6873.3,1
2025-11-20,2025-11-20 14:13:00,1478.49,1478.52,1478.49,1478.52,0.0,4.65,6873.3,1
2025-11-20,2025-11-20 14:14:00,1478.52,1478.56,1478.52,1478.56,0.0,4.65,6873.3,1
2025-11-20,2025-11-20 14:15:00,1478.56,1478.59,1478.56,1478.59,0.0,4.65,6873.3,1
2025-11-20,2025-11-20 14:16:00,1478.59,1478.62,1478.59,1478.62,0.0,4.65,6873.3,1
2025-11-20,2025-11-20 14:17:00,1478.62,1478.65,1478.62,1478.65,0.0,4.65,6873.3,1
2025-11-20,2025-11-20 14:18:00,1478.65,1478.68,1478.65,1478.68,0.0,4.65,6873.3,1
2025-11-20,2025-11-20 14:19:00,1478.68,1478.72,1478.68,1478.72,0.0,4.65,6873.3,1
2025-11-20,2025-11-20 14:20:00,1478.72,1478.75,1478.72,1478.75,0.0,4.65,6873.3,1
2025-11-20,2025-11-20 14:21:00,1478.75,1478.78,1478.75,1478.78,0.0,4.65,6873.3,1
2025-11-20,2025-11-20 14:22:00,1478.78,1478.81,1478.78,1478.81,0.0,4.65,6873.3,1
2025-11-20,2025-11-20 14:23:00,1478.81,1478.85,1478.81,1478.85,0.0,4.65,6873.3,1
2025-11-20,2025-11-20 14:24:00,1478.85,1478.88,1478.85,1478.88,0.0,4.65,6873.3,1
2025-11-20,2025-11-20 14:25:00,1478.88,1478.91,1478.88,1478.91,0.0,4.65,6873.3,1
2025-11-20,2025-11-20 14:26:00,1478.91,1478.94,1478.91,1478.94,0.0,4.65,6873.3,1
2025-11-20,2025-11-20 14:27:00,1478.94,1478.97,1478.94,1478.97,0.0,4.65,6873.3,1
2025-11-20,2025-11-20 14:28:00,1478.97,1479.01,1478.97,1479.01,0.0,4.65,6873.3,1
2025-11-20,2025-11-20 14:29:00,1479.01,1479.04,1479.01,1479.04,0.0,4.65,6873.3,1
2025-11-20,2025-11-20 14:30:00,1479.04,1479.07,1479.04,1479.07,0.0,4.65,6873.3,1
2025-11-20,2025-11-20 14:31:00,1479.07,1479.1,1479.07,1479.1,0.0,4.65,6873.3,1
2025-11-20,2025-11-20 14:32:00,1479.1,1479.13,1479.1,1479.13,0.0,4.65,6873.3,1
2025-11-20,2025-11-20 14:33:00,1479.13,1479.17,1479.13,1479.17,0.0,4.65,6873.3,1
2025-11-20,2025-11-20 14:34:00,1479.17,1479.2,1479.17,1479.2,0.0,4.65,6873.3,1
2025-11-20,2025-11-20 14:35:00,1479.2,1479.23,1479.2,1479.23,0.0,4.65,6873.3,1
2025-11-20,2025-11-20 14:36:00,1479.23,1479.26,1479.23,1479.26,0.0,4.65,6873.3,1
2025-11-20,2025-11-20 14:37:00,1479.26,1479.29,1479.26,1479.29,0.0,4.65,6873.3,1
2025-11-20,2025-11-20 14:38:00,1479.29,1479.33,1479.29,1479.33,0.0,4.65,6873.3,1
2025-11-20,2025-11-20 14:39:00,1479.33,1479.36,1479.33,1479.36,0.0,4.65,6873.3,1
2025-11-20,2025-11-20 14:40:00,1479.36,1479.39,1479.36,1479.39,0.0,4.65,6873.3,1
2025-11-20,2025-11-20 14:41:00,1479.39,1479.42,1479.39,1479.42,0.0,4.65,6873.3,1
2025-11-20,2025-11-20 14:42:00,1479.42,1479.45,1479.42,1479.45,0.0,4.65,6873.3,1
2025-11-20,2025-11-20 14:43:00,1479.45,1479.49,1479.45,1479.49,0.0,4.65,6873.3,1
2025-11-20,2025-11-20 14:44:00,1479.49,1479.52,1479.49,1479.52,0.0,4.65,6873.3,1
2025-11-20,2025-11-20 14:45:00,1479.52,1479.55,1479.52,1479.55,0.0,4.65,6873.3,1
2025-11-20,2025-11-20 14:46:00,1479.55,1479.58,1479.55,1479.58,0.0,4.65,6873.3,1
2025-11-20,2025-11-20 14:47:00,1479.58,1479.62,1479.58,1479.62,0.0,4.65,6873.3,1
2025-11-20,2025-11-20 14:48:00,1479.62,1479.65,1479.62,1479.65,0.0,4.65,6873.3,1
2025-11-20,2025-11-20 14:49:00,1479.65,1479.68,1479.65,1479.68,0.0,4.65,6873.3,1
2025-11-20,2025-11-20 14:50:00,1479.68,1479.71,1479.68,1479.71,0.0,4.65,6873.3,1
2025-11-20,2025-11-20 14:51:00,1479.71,1479.74,1479.71,1479.74,0.0,4.65,6873.3,1
2025-11-20,2025-11-20 14:52:00,1479.74,1479.78,1479.74,1479.78,0.0,4.65,6873.3,1
2025-11-20,2025-11-20 14:53:00,1479.78,1479.81,1479.78,1479.81,0.0,4.65,6873.3,1
2025-11-20,2025-11-20 14:54:00,1479.81,1479.84,1479.81,1479.84,0.0,4.65,6873.3,1
2025-11-20,2025-11-20 14:55:00,1479.84,1479.87,1479.84,1479.87,0.0,4.65,6873.3,1
2025-11-20,2025-11-20 14:56:00,1479.87,1479.9,1479.87,1479.9,0.0,4.65,6873.3,1
2025-11-20,2025-11-20 14:57:00,1479.9,1479.94,1479.9,1479.94,0.0,4.65,6873.3,1
2025-11-20,2025-11-20 14:58:00,1479.94,1479.97,1479.94,1479.97,0.0,4.65,6873.3,1
2025-11-20,2025-11-20 14:59:00,1479.97,1480.0,1479.97,1480.0,0.0,4.65,6873.3,1
2025-11-20,2025-11-20 15:00:00,1480.0,1492.5,1472.3,1480.0,0.0,4.65,6873.3,0
2025-11-23,2025-11-23 11:00:00,1480.0,1487.5,1480.0,1480.06,0.0,7.76,11589.46,1
2025-11-23,2025-11-23 11:01:00,1480.06,1480.12,1480.06,1480.12,0.0,7.76,11589.46,1
2025-11-23,2025-11-23 11:02:00,1480.12,1480.17,1480.12,1480.17,0.0,7.76,11589.46,1
2025-11-23,2025-11-23 11:03:00,1480.17,1480.23,1480.17,1480.23,0.0,7.76,11589.46,1
2025-11-23,2025-11-23 11:04:00,1480.23,1480.29,1480.23,1480.29,0.0,7.76,11589.46,1
2025-11-23,2025-11-23 11:05:00,1480.29,1480.35,1480.29,1480.35,0.0,7.76,11589.46,1
2025-11-23,2025-11-23 11:06:00,1480.35,1480.41,1480.35,1480.41,0.0,7.76,11589.46,1
2025-11-23,2025-11-23 11:07:00,1480.41,1480.47,1480.41,1480.47,0.0,7.76,11589.46,1
2025-11-23,2025-11-23 11:08:00,1480.47,1480.53,1480.47,1480.53,0.0,7.76,11589.46,1
2025-11-23,2025-11-23 11:09:00,1480.53,1480.58,1480.53,1480.58,0.0,7.76,11589.46,1
2025-11-23,2025-11-23 11:10:00,1480.58,1480.64,1480.58,1480.64,0.0,7.76,11589.46,1
2025-11-23,2025-11-23 11:11:00,1480.64,1480.7,1480.64,1480.7,0.0,7.76,11589.46,1
2025-11-23,2025-11-23 11:12:00,1480.7,1480.76,1480.7,1480.76,0.0,7.76,11589.46,1
2025-11-23,2025-11-23 11:13:00,1480.76,1480.82,1480.76,1480.82,0.0,7.76,11589.46,1
2025-11-23,2025-11-23 11:14:00,1480.82,1480.88,1480.82,1480.88,0.0,7.76,11589.46,1
2025-11-23,2025-11-23 11:15:00,1480.88,1480.93,1480.88,1480.93,0.0,7.76,11589.46,1
2025-11-23,2025-11-23 11:16:00,1480.93,1480.99,1480.93,1480.99,0.0,7.76,11589.46,1
2025-11-23,2025-11-23 11:17:00,1480.99,1481.05,1480.99,1481.05,0.0,7.76,11589.46,1
2025-11-23,2025-11-23 11:18:00,1481.05,1481.11,1481.05,1481.11,0.0,7.76,11589.46,1
2025-11-23,2025-11-23 11:19:00,1481.11,1481.17,1481.11,1481.17,0.0,7.76,11589.46,1
2025-11-23,2025-11-23 11:20:00,1481.17,1481.22,1481.17,1481.22,0.0,7.76,11589.46,1
2025-11-23,2025-11-23 11:21:00,1481.22,1481.28,1481.22,1481.28,0.0,7.76,11589.46,1
2025-11-23,2025-11-23 11:22:00,1481.28,1481.34,1481.28,1481.34,0.0,7.76,11589.46,1
2025-11-23,2025-11-23 11:23:00,1481.34,1481.4,1481.34,1481.4,0.0,7.76,11589.46,1
2025-11-23,2025-11-23 11:24:00,1481.4,1481.46,1481.4,1481.46,0.0,7.76,11589.46,1
2025-11-23,2025-11-23 11:25:00,1481.46,1481.52,1481.46,1481.52,0.0,7.76,11589.46,1
2025-11-23,2025-11-23 11:26:00,1481.52,1481.58,1481.52,1481.58,0.0,7.76,11589.46,1
2025-11-23,2025-11-23 11:27:00,1481.58,1481.63,1481.58,1481.63,0.0,7.76,11589.46,1
2025-11-23,2025-11-23 11:28:00,1481.63,1481.69,1481.63,1481.69,0.0,7.76,11589.46,1
2025-11-23,2025-11-23 11:29:00,1481.69,1481.75,1481.69,1481.75,0.0,7.76,11589.46,1
2025-11-23,2025-11-23 11:30:00,1481.75,1481.81,1481.75,1481.81,0.0,7.76,11589.46,1
2025-11-23,2025-11-23 11:31:00,1481.81,1481.87,1481.81,1481.87,0.0,7.76,11589.46,1
2025-11-23,2025-11-23 11:32:00,1481.87,1481.92,1481.87,1481.92,0.0,7.76,11589.46,1
2025-11-23,2025-11-23 11:33:00,1481.92,1481.98,1481.92,1481.98,0.0,7.76,11589.46,1
2025-11-23,2025-11-23 11:34:00,1481.98,1482.04,1481.98,1482.04,0.0,7.76,11589.46,1
2025-11-23,2025-11-23 11:35:00,1482.04,1482.1,1482.04,1482.1,0.0,7.76,11589.46,1
2025-11-23,2025-11-23 11:36:00,1482.1,1482.16,1482.1,1482.16,0.0,7.76,11589.46,1
2025-11-23,2025-11-23 11:37:00,1482.16,1482.22,1482.16,1482.22,0.0,7.76,11589.46,1
2025-11-23,2025-11-23 11:38:00,1482.22,1482.28,1482.22,1482.28,0.0,7.76,11589.46,1
2025-11-23,2025-11-23 11:39:00,1482.28,1482.33,1482.28,1482.33,0.0,7.76,11589.46,1
2025-11-23,2025-11-23 11:40:00,1482.33,1482.39,1482.33,1482.39,0.0,7.76,11589.46,1
2025-11-23,2025-11-23 11:41:00,1482.39,1482.45,1482.39,1482.45,0.0,7.76,11589.46,1
2025-11-23,2025-11-23 11:42:00,1482.45,1482.51,1482.45,1482.51,0.0,7.76,11589.46,1
2025-11-23,2025-11-23 11:43:00,1482.51,1482.57,1482.51,1482.57,0.0,7.76,11589.46,1
2025-11-23,2025-11-23 11:44:00,1482.57,1482.62,1482.57,1482.62,0.0,7.76,11589.46,1
2025-11-23,2025-11-23 11:45:00,1482.62,1482.68,1482.62,1482.68,0.0,7.76,11589.46,1
2025-11-23,2025-11-23 11:46:00,1482.68,1482.74,1482.68,1482.74,0.0,7.76,11589.46,1
2025-11-23,2025-11-23 11:47:00,1482.74,1482.8,1482.74,1482.8,0.0,7.76,11589.46,1
2025-11-23,2025-11-23 11:48:00,1482.8,1482.86,1482.8,1482.86,0.0,7.76,11589.46,1
2025-11-23,2025-11-23 11:49:00,1482.86,1482.92,1482.86,1482.92,0.0,7.76,11589.46,1
2025-11-23,2025-11-23 11:50:00,1482.92,1482.97,1482.92,1482.97,0.0,7.76,11589.46,1
2025-11-23,2025-11-23 11:51:00,1482.97,1483.03,1482.97,1483.03,0.0,7.76,11589.46,1
2025-11-23,2025-11-23 11:52:00,1483.03,1483.09,1483.03,1483.09,0.0,7.76,11589.46,1
2025-11-23,2025-11-23 11:53:00,1483.09,1483.15,1483.09,1483.15,0.0,7.76,11589.46,1
2025-11-23,2025-11-23 11:54:00,1483.15,1483.21,1483.15,1483.21,0.0,7.76,11589.46,1
2025-11-23,2025-11-23 11:55:00,1483.21,1483.27,1483.21,1483.27,0.0,7.76,11589.46,1
2025-11-23,2025-11-23 11:56:00,1483.27,1483.33,1483.27,1483.33,0.0,7.76,11589.46,1
2025-11-23,2025-11-23 11:57:00,1483.33,1483.38,1483.33,1483.38,0.0,7.76,11589.46,1
2025-11-23,2025-11-23 11:58:00,1483.38,1483.44,1483.38,1483.44,0.0,7.76,11589.46,1
2025-11-23,2025-11-23 11:59:00,1483.44,1483.5,1483.44,1483.5,0.0,7.76,11589.46,1
2025-11-23,2025-11-23 12:00:00,1483.5,1483.56,1483.5,1483.56,0.0,7.76,11589.46,1
2025-11-23,2025-11-23 12:01:00,1483.56,1483.62,1483.56,1483.62,0.0,7.76,11589.46,1
2025-11-23,2025-11-23 12:02:00,1483.62,1483.67,1483.62,1483.67,0.0,7.76,11589.46,1
2025-11-23,2025-11-23 12:03:00,1483.67,1483.73,1483.67,1483.73,0.0,7.76,11589.46,1
2025-11-23,2025-11-23 12:04:00,1483.73,1483.79,1483.73,1483.79,0.0,7.76,11589.46,1
2025-11-23,2025-11-23 12:05:00,1483.79,1483.85,1483.79,1483.85,0.0,7.76,11589.46,1
2025-11-23,2025-11-23 12:06:00,1483.85,1483.91,1483.85,1483.91,0.0,7.76,11589.46,1
2025-11-23,2025-11-23 12:07:00,1483.91,1483.97,1483.91,1483.97,0.0,7.76,11589.46,1
2025-11-23,2025-11-23 12:08:00,1483.97,1484.03,1483.97,1484.03,0.0,7.76,11589.46,1
2025-11-23,2025-11-23 12:09:00,1484.03,1484.08,1484.03,1484.08,0.0,7.76,11589.46,1
2025-11-23,2025-11-23 12:10:00,1484.08,1484.14,1484.08,1484.14,0.0,7.76,11589.46,1
2025-11-23,2025-11-23 12:11:00,1484.14,1484.2,1484.14,1484.2,0.0,7.76,11589.46,1
2025-11-23,2025-11-23 12:12:00,1484.2,1484.26,1484.2,1484.26,0.0,7.76,11589.46,1
2025-11-23,2025-11-23 12:13:00,1484.26,1484.32,1484.26,1484.32,0.0,7.76,11589.46,1
2025-11-23,2025-11-23 12:14:00,1484.32,1484.38,1484.32,1484.38,0.0,7.76,11589.46,1
2025-11-23,2025-11-23 12:15:00,1484.38,1484.43,1484.38,1484.43,0.0,7.76,11589.46,1
2025-11-23,2025-11-23 12:16:00,1484.43,1484.49,1484.43,1484.49,0.0,7.76,11589.46,1
2025-11-23,2025-11-23 12:17:00,1484.49,1484.55,1484.49,1484.55,0.0,7.76,11589.46,1
2025-11-23,2025-11-23 12:18:00,1484.55,1484.61,1484.55,1484.61,0.0,7.76,11589.46,1
2025-11-23,2025-11-23 12:19:00,1484.61,1484.67,1484.61,1484.67,0.0,7.76,11589.46,1
2025-11-23,2025-11-23 12:20:00,1484.67,1484.72,1484.67,1484.72,0.0,7.76,11589.46,1
2025-11-23,2025-11-23 12:21:00,1484.72,1484.78,1484.72,1484.78,0.0,7.76,11589.46,1
2025-11-23,2025-11-23 12:22:00,1484.78,1484.84,1484.78,1484.84,0.0,7.76,11589.46,1
2025-11-23,2025-11-23 12:23:00,1484.84,1484.9,1484.84,1484.9,0.0,7.76,11589.46,1
2025-11-23,2025-11-23 12:24:00,1484.9,1484.96,1484.9,1484.96,0.0,7.76,11589.46,1
2025-11-23,2025-11-23 12:25:00,1484.96,1485.02,1484.96,1485.02,0.0,7.76,11589.46,1
2025-11-23,2025-11-23 12:26:00,1485.02,1485.08,1485.02,1485.08,0.0,7.76,11589.46,1
2025-11-23,2025-11-23 12:27:00,1485.08,1485.13,1485.08,1485.13,0.0,7.76,11589.46,1
2025-11-23,2025-11-23 12:28:00,1485.13,1485.19,1485.13,1485.19,0.0,7.76,11589.46,1
2025-11-23,2025-11-23 12:29:00,1485.19,1485.25,1485.19,1485.25,0.0,7.76,11589.46,1
2025-11-23,2025-11-23 12:30:00,1485.25,1485.31,1485.25,1485.31,0.0,7.76,11589.46,1
2025-11-23,2025-11-23 12:31:00,1485.31,1485.37,1485.31,1485.37,0.0,7.76,11589.46,1
2025-11-23,2025-11-23 12:32:00,1485.37,1485.42,1485.37,1485.42,0.0,7.76,11589.46,1
2025-11-23,2025-11-23 12:33:00,1485.42,1485.48,1485.42,1485.48,0.0,7.76,11589.46,1
2025-11-23,2025-11-23 12:34:00,1485.48,1485.54,1485.48,1485.54,0.0,7.76,11589.46,1
2025-11-23,2025-11-23 12:35:00,1485.54,1485.6,1485.54,1485.6,0.0,7.76,11589.46,1
2025-11-23,2025-11-23 12:36:00,1485.6,1485.66,1485.6,1485.66,0.0,7.76,11589.46,1
2025-11-23,2025-11-23 12:37:00,1485.66,1485.72,1485.66,1485.72,0.0,7.76,11589.46,1
2025-11-23,2025-11-23 12:38:00,1485.72,1485.78,1485.72,1485.78,0.0,7.76,11589.46,1
2025-11-23,2025-11-23 12:39:00,1485.78,1485.83,1485.78,1485.83,0.0,7.76,11589.46,1
2025-11-23,2025-11-23 12:40:00,1485.83,1485.89,1485.83,1485.89,0.0,7.76,11589.46,1
2025-11-23,2025-11-23 12:41:00,1485.89,1485.95,1485.89,1485.95,0.0,7.76,11589.46,1
2025-11-23,2025-11-23 12:42:00,1485.95,1486.01,1485.95,1486.01,0.0,7.76,11589.46,1
2025-11-23,2025-11-23 12:43:00,1486.01,1486.07,1486.01,1486.07,0.0,7.76,11589.46,1
2025-11-23,2025-11-23 12:44:00,1486.07,1486.12,1486.07,1486.12,0.0,7.76,11589.46,1
2025-11-23,2025-11-23 12:45:00,1486.12,1486.18,1486.12,1486.18,0.0,7.76,11589.46,1
2025-11-23,2025-11-23 12:46:00,1486.18,1486.24,1486.18,1486.24,0.0,7.76,11589.46,1
2025-11-23,2025-11-23 12:47:00,1486.24,1486.3,1486.24,1486.3,0.0,7.76,11589.46,1
2025-11-23,2025-11-23 12:48:00,1486.3,1486.36,1486.3,1486.36,0.0,7.76,11589.46,1
2025-11-23,2025-11-23 12:49:00,1486.36,1486.42,1486.36,1486.42,0.0,7.76,11589.46,1
2025-11-23,2025-11-23 12:50:00,1486.42,1486.47,1486.42,1486.47,0.0,7.76,11589.46,1
2025-11-23,2025-11-23 12:51:00,1486.47,1486.53,1486.47,1486.53,0.0,7.76,11589.46,1
2025-11-23,2025-11-23 12:52:00,1486.53,1486.59,1486.53,1486.59,0.0,7.76,11589.46,1
2025-11-23,2025-11-23 12:53:00,1486.59,1486.65,1486.59,1486.65,0.0,7.76,11589.46,1
2025-11-23,2025-11-23 12:54:00,1486.65,1486.71,1486.65,1486.71,0.0,7.76,11589.46,1
2025-11-23,2025-11-23 12:55:00,1486.71,1486.77,1486.71,1486.77,0.0,7.76,11589.46,1
2025-11-23,2025-11-23 12:56:00,1486.77,1486.83,1486.77,1486.83,0.0,7.76,11589.46,1
2025-11-23,2025-11-23 12:57:00,1486.83,1486.88,1486.83,1486.88,0.0,7.76,11589.46,1
2025-11-23,2025-11-23 12:58:00,1486.88,1486.94,1486.88,1486.94,0.0,7.76,11589.46,1
2025-11-23,2025-11-23 12:59:00,1486.94,1487.0,1486.94,1487.0,0.0,7.76,11589.46,1
2025-11-23,2025-11-23 13:00:00,1487.0,1505.0,1480.0,1487.06,0.0,7.76,11589.46,1
2025-11-23,2025-11-23 13:01:00,1487.06,1487.12,1487.06,1487.12,0.0,7.76,11589.46,1
2025-11-23,2025-11-23 13:02:00,1487.12,1487.17,1487.12,1487.17,0.0,7.76,11589.46,1
2025-11-23,2025-11-23 13:03:00,1487.17,1487.23,1487.17,1487.23,0.0,7.76,11589.46,1
2025-11-23,2025-11-23 13:04:00,1487.23,1487.29,1487.23,1487.29,0.0,7.76,11589.46,1
2025-11-23,2025-11-23 13:05:00,1487.29,1487.35,1487.29,1487.35,0.0,7.76,11589.46,1
2025-11-23,2025-11-23 13:06:00,1487.35,1487.41,1487.35,1487.41,0.0,7.76,11589.46,1
2025-11-23,2025-11-23 13:07:00,1487.41,1487.47,1487.41,1487.47,0.0,7.76,11589.46,1
2025-11-23,2025-11-23 13:08:00,1487.47,1487.53,1487.47,1487.53,0.0,7.76,11589.46,1
2025-11-23,2025-11-23 13:09:00,1487.53,1487.58,1487.53,1487.58,0.0,7.76,11589.46,1
2025-11-23,2025-11-23 13:10:00,1487.58,1487.64,1487.58,1487.64,0.0,7.76,11589.46,1
2025-11-23,2025-11-23 13:11:00,1487.64,1487.7,1487.64,1487.7,0.0,7.76,11589.46,1
2025-11-23,2025-11-23 13:12:00,1487.7,1487.76,1487.7,1487.76,0.0,7.76,11589.46,1
2025-11-23,2025-11-23 13:13:00,1487.76,1487.82,1487.76,1487.82,0.0,7.76,11589.46,1
2025-11-23,2025-11-23 13:14:00,1487.82,1487.88,1487.82,1487.88,0.0,7.76,11589.46,1
2025-11-23,2025-11-23 13:15:00,1487.88,1487.93,1487.88,1487.93,0.0,7.76,11589.46,1
2025-11-23,2025-11-23 13:16:00,1487.93,1487.99,1487.93,1487.99,0.0,7.76,11589.46,1
2025-11-23,2025-11-23 13:17:00,1487.99,1488.05,1487.99,1488.05,0.0,7.76,11589.46,1
2025-11-23,2025-11-23 13:18:00,1488.05,1488.11,1488.05,1488.11,0.0,7.76,11589.46,1
2025-11-23,2025-11-23 13:19:00,1488.11,1488.17,1488.11,1488.17,0.0,7.76,11589.46,1
2025-11-23,2025-11-23 13:20:00,1488.17,1488.22,1488.17,1488.22,0.0,7.76,11589.46,1
2025-11-23,2025-11-23 13:21:00,1488.22,1488.28,1488.22,1488.28,0.0,7.76,11589.46,1
2025-11-23,2025-11-23 13:22:00,1488.28,1488.34,1488.28,1488.34,0.0,7.76,11589.46,1
2025-11-23,2025-11-23 13:23:00,1488.34,1488.4,1488.34,1488.4,0.0,7.76,11589.46,1
2025-11-23,2025-11-23 13:24:00,1488.4,1488.46,1488.4,1488.46,0.0,7.76,11589.46,1
2025-11-23,2025-11-23 13:25:00,1488.46,1488.52,1488.46,1488.52,0.0,7.76,11589.46,1
2025-11-23,2025-11-23 13:26:00,1488.52,1488.58,1488.52,1488.58,0.0,7.76,11589.46,1
2025-11-23,2025-11-23 13:27:00,1488.58,1488.63,1488.58,1488.63,0.0,7.76,11589.46,1
2025-11-23,2025-11-23 13:28:00,1488.63,1488.69,1488.63,1488.69,0.0,7.76,11589.46,1
2025-11-23,2025-11-23 13:29:00,1488.69,1488.75,1488.69,1488.75,0.0,7.76,11589.46,1
2025-11-23,2025-11-23 13:30:00,1488.75,1488.81,1488.75,1488.81,0.0,7.76,11589.46,1
2025-11-23,2025-11-23 13:31:00,1488.81,1488.87,1488.81,1488.87,0.0,7.76,11589.46,1
2025-11-23,2025-11-23 13:32:00,1488.87,1488.92,1488.87,1488.92,0.0,7.76,11589.46,1
2025-11-23,2025-11-23 13:33:00,1488.92,1488.98,1488.92,1488.98,0.0,7.76,11589.46,1
2025-11-23,2025-11-23 13:34:00,1488.98,1489.04,1488.98,1489.04,0.0,7.76,11589.46,1
2025-11-23,2025-11-23 13:35:00,1489.04,1489.1,1489.04,1489.1,0.0,7.76,11589.46,1
2025-11-23,2025-11-23 13:36:00,1489.1,1489.16,1489.1,1489.16,0.0,7.76,11589.46,1
2025-11-23,2025-11-23 13:37:00,1489.16,1489.22,1489.16,1489.22,0.0,7.76,11589.46,1
2025-11-23,2025-11-23 13:38:00,1489.22,1489.28,1489.22,1489.28,0.0,7.76,11589.46,1
2025-11-23,2025-11-23 13:39:00,1489.28,1489.33,1489.28,1489.33,0.0,7.76,11589.46,1
2025-11-23,2025-11-23 13:40:00,1489.33,1489.39,1489.33,1489.39,0.0,7.76,11589.46,1
2025-11-23,2025-11-23 13:41:00,1489.39,1489.45,1489.39,1489.45,0.0,7.76,11589.46,1
2025-11-23,2025-11-23 13:42:00,1489.45,1489.51,1489.45,1489.51,0.0,7.76,11589.46,1
2025-11-23,2025-11-23 13:43:00,1489.51,1489.57,1489.51,1489.57,0.0,7.76,11589.46,1
2025-11-23,2025-11-23 13:44:00,1489.57,1489.62,1489.57,1489.62,0.0,7.76,11589.46,1
2025-11-23,2025-11-23 13:45:00,1489.62,1489.68,1489.62,1489.68,0.0,7.76,11589.46,1
2025-11-23,2025-11-23 13:46:00,1489.68,1489.74,1489.68,1489.74,0.0,7.76,11589.46,1
2025-11-23,2025-11-23 13:47:00,1489.74,1489.8,1489.74,1489.8,0.0,7.76,11589.46,1
2025-11-23,2025-11-23 13:48:00,1489.8,1489.86,1489.8,1489.86,0.0,7.76,11589.46,1
2025-11-23,2025-11-23 13:49:00,1489.86,1489.92,1489.86,1489.92,0.0,7.76,11589.46,1
2025-11-23,2025-11-23 13:50:00,1489.92,1489.97,1489.92,1489.97,0.0,7.76,11589.46,1
2025-11-23,2025-11-23 13:51:00,1489.97,1490.03,1489.97,1490.03,0.0,7.76,11589.46,1
2025-11-23,2025-11-23 13:52:00,1490.03,1490.09,1490.03,1490.09,0.0,7.76,11589.46,1
2025-11-23,2025-11-23 13:53:00,1490.09,1490.15,1490.09,1490.15,0.0,7.76,11589.46,1
2025-11-23,2025-11-23 13:54:00,1490.15,1490.21,1490.15,1490.21,0.0,7.76,11589.46,1
2025-11-23,2025-11-23 13:55:00,1490.21,1490.27,1490.21,1490.27,0.0,7.76,11589.46,1
2025-11-23,2025-11-23 13:56:00,1490.27,1490.33,1490.27,1490.33,0.0,7.76,11589.46,1
2025-11-23,2025-11-23 13:57:00,1490.33,1490.38,1490.33,1490.38,0.0,7.76,11589.46,1
2025-11-23,2025-11-23 13:58:00,1490.38,1490.44,1490.38,1490.44,0.0,7.76,11589.46,1
2025-11-23,2025-11-23 13:59:00,1490.44,1490.5,1490.44,1490.5,0.0,7.76,11589.46,1
2025-11-23,2025-11-23 14:00:00,1490.5,1490.56,1490.5,1490.56,0.0,7.76,11589.46,1
2025-11-23,2025-11-23 14:01:00,1490.56,1490.62,1490.56,1490.62,0.0,7.76,11589.46,1
2025-11-23,2025-11-23 14:02:00,1490.62,1490.67,1490.62,1490.67,0.0,7.76,11589.46,1
2025-11-23,2025-11-23 14:03:00,1490.67,1490.73,1490.67,1490.73,0.0,7.76,11589.46,1
2025-11-23,2025-11-23 14:04:00,1490.73,1490.79,1490.73,1490.79,0.0,7.76,11589.46,1
2025-11-23,2025-11-23 14:05:00,1490.79,1490.85,1490.79,1490.85,0.0,7.76,11589.46,1
2025-11-23,2025-11-23 14:06:00,1490.85,1490.91,1490.85,1490.91,0.0,7.76,11589.46,1
2025-11-23,2025-11-23 14:07:00,1490.91,1490.97,1490.91,1490.97,0.0,7.76,11589.46,1
2025-11-23,2025-11-23 14:08:00,1490.97,1491.03,1490.97,1491.03,0.0,7.76,11589.46,1
2025-11-23,2025-11-23 14:09:00,1491.03,1491.08,1491.03,1491.08,0.0,7.76,11589.46,1
2025-11-23,2025-11-23 14:10:00,1491.08,1491.14,1491.08,1491.14,0.0,7.76,11589.46,1
2025-11-23,2025-11-23 14:11:00,1491.14,1491.2,1491.14,1491.2,0.0,7.76,11589.46,1
2025-11-23,2025-11-23 14:12:00,1491.2,1491.26,1491.2,1491.26,0.0,7.76,11589.46,1
2025-11-23,2025-11-23 14:13:00,1491.26,1491.32,1491.26,1491.32,0.0,7.76,11589.46,1
2025-11-23,2025-11-23 14:14:00,1491.32,1491.38,1491.32,1491.38,0.0,7.76,11589.46,1
2025-11-23,2025-11-23 14:15:00,1491.38,1491.43,1491.38,1491.43,0.0,7.76,11589.46,1
2025-11-23,2025-11-23 14:16:00,1491.43,1491.49,1491.43,1491.49,0.0,7.76,11589.46,1
2025-11-23,2025-11-23 14:17:00,1491.49,1491.55,1491.49,1491.55,0.0,7.76,11589.46,1
2025-11-23,2025-11-23 14:18:00,1491.55,1491.61,1491.55,1491.61,0.0,7.76,11589.46,1
2025-11-23,2025-11-23 14:19:00,1491.61,1491.67,1491.61,1491.67,0.0,7.76,11589.46,1
2025-11-23,2025-11-23 14:20:00,1491.67,1491.72,1491.67,1491.72,0.0,7.76,11589.46,1
2025-11-23,2025-11-23 14:21:00,1491.72,1491.78,1491.72,1491.78,0.0,7.76,11589.46,1
2025-11-23,2025-11-23 14:22:00,1491.78,1491.84,1491.78,1491.84,0.0,7.76,11589.46,1
2025-11-23,2025-11-23 14:23:00,1491.84,1491.9,1491.84,1491.9,0.0,7.76,11589.46,1
2025-11-23,2025-11-23 14:24:00,1491.9,1491.96,1491.9,1491.96,0.0,7.76,11589.46,1
2025-11-23,2025-11-23 14:25:00,1491.96,1492.02,1491.96,1492.02,0.0,7.76,11589.46,1
2025-11-23,2025-11-23 14:26:00,1492.02,1492.08,1492.02,1492.08,0.0,7.76,11589.46,1
2025-11-23,2025-11-23 14:27:00,1492.08,1492.13,1492.08,1492.13,0.0,7.76,11589.46,1
2025-11-23,2025-11-23 14:28:00,1492.13,1492.19,1492.13,1492.19,0.0,7.76,11589.46,1
2025-11-23,2025-11-23 14:29:00,1492.19,1492.25,1492.19,1492.25,0.0,7.76,11589.46,1
2025-11-23,2025-11-23 14:30:00,1492.25,1492.31,1492.25,1492.31,0.0,7.76,11589.46,1
2025-11-23,2025-11-23 14:31:00,1492.31,1492.37,1492.31,1492.37,0.0,7.76,11589.46,1
2025-11-23,2025-11-23 14:32:00,1492.37,1492.42,1492.37,1492.42,0.0,7.76,11589.46,1
2025-11-23,2025-11-23 14:33:00,1492.42,1492.48,1492.42,1492.48,0.0,7.76,11589.46,1
2025-11-23,2025-11-23 14:34:00,1492.48,1492.54,1492.48,1492.54,0.0,7.76,11589.46,1
2025-11-23,2025-11-23 14:35:00,1492.54,1492.6,1492.54,1492.6,0.0,7.76,11589.46,1
2025-11-23,2025-11-23 14:36:00,1492.6,1492.66,1492.6,1492.66,0.0,7.76,11589.46,1
2025-11-23,2025-11-23 14:37:00,1492.66,1492.72,1492.66,1492.72,0.0,7.76,11589.46,1
2025-11-23,2025-11-23 14:38:00,1492.72,1492.78,1492.72,1492.78,0.0,7.76,11589.46,1
2025-11-23,2025-11-23 14:39:00,1492.78,1492.83,1492.78,1492.83,0.0,7.76,11589.46,1
2025-11-23,2025-11-23 14:40:00,1492.83,1492.89,1492.83,1492.89,0.0,7.76,11589.46,1
2025-11-23,2025-11-23 14:41:00,1492.89,1492.95,1492.89,1492.95,0.0,7.76,11589.46,1
2025-11-23,2025-11-23 14:42:00,1492.95,1493.01,1492.95,1493.01,0.0,7.76,11589.46,1
2025-11-23,2025-11-23 14:43:00,1493.01,1493.07,1493.01,1493.07,0.0,7.76,11589.46,1
2025-11-23,2025-11-23 14:44:00,1493.07,1493.12,1493.07,1493.12,0.0,7.76,11589.46,1
2025-11-23,2025-11-23 14:45:00,1493.12,1493.18,1493.12,1493.18,0.0,7.76,11589.46,1
2025-11-23,2025-11-23 14:46:00,1493.18,1493.24,1493.18,1493.24,0.0,7.76,11589.46,1
2025-11-23,2025-11-23 14:47:00,1493.24,1493.3,1493.24,1493.3,0.0,7.76,11589.46,1
2025-11-23,2025-11-23 14:48:00,1493.3,1493.36,1493.3,1493.36,0.0,7.76,11589.46,1
2025-11-23,2025-11-23 14:49:00,1493.36,1493.42,1493.36,1493.42,0.0,7.76,11589.46,1
2025-11-23,2025-11-23 14:50:00,1493.42,1493.47,1493.42,1493.47,0.0,7.76,11589.46,1
2025-11-23,2025-11-23 14:51:00,1493.47,1493.53,1493.47,1493.53,0.0,7.76,11589.46,1
2025-11-23,2025-11-23 14:52:00,1493.53,1493.59,1493.53,1493.59,0.0,7.76,11589.46,1
2025-11-23,2025-11-23 14:53:00,1493.59,1493.65,1493.59,1493.65,0.0,7.76,11589.46,1
2025-11-23,2025-11-23 14:54:00,1493.65,1493.71,1493.65,1493.71,0.0,7.76,11589.46,1
2025-11-23,2025-11-23 14:55:00,1493.71,1493.77,1493.71,1493.77,0.0,7.76,11589.46,1
2025-11-23,2025-11-23 14:56:00,1493.77,1493.83,1493.77,1493.83,0.0,7.76,11589.46,1
2025-11-23,2025-11-23 14:57:00,1493.83,1493.88,1493.83,1493.88,0.0,7.76,11589.46,1
2025-11-23,2025-11-23 14:58:00,1493.88,1493.94,1493.88,1493.94,0.0,7.76,11589.46,1
2025-11-23,2025-11-23 14:59:00,1493.94,1494.0,1493.94,1494.0,0.0,7.76,11589.46,1
2025-11-23,2025-11-23 15:00:00,1494.0,1505.0,1480.0,1494.0,0.0,7.76,11589.46,0
2025-11-24,2025-11-24 11:00:00,1514.0,1518.17,1509.8,1514.01,0.0,9.11,13797.69,1
2025-11-24,2025-11-24 11:01:00,1514.01,1514.02,1514.01,1514.02,0.0,9.11,13797.69,1
2025-11-24,2025-11-24 11:02:00,1514.02,1514.03,1514.02,1514.03,0.0,9.11,13797.69,1
2025-11-24,2025-11-24 11:03:00,1514.03,1514.03,1514.03,1514.03,0.0,9.11,13797.69,0
2025-11-24,2025-11-24 11:04:00,1514.03,1514.04,1514.03,1514.04,0.0,9.11,13797.69,1
2025-11-24,2025-11-24 11:05:00,1514.04,1514.05,1514.04,1514.05,0.0,9.11,13797.69,1
2025-11-24,2025-11-24 11:06:00,1514.05,1514.06,1514.05,1514.06,0.0,9.11,13797.69,1
2025-11-24,2025-11-24 11:07:00,1514.06,1514.07,1514.06,1514.07,0.0,9.11,13797.69,1
2025-11-24,2025-11-24 11:08:00,1514.07,1514.08,1514.07,1514.08,0.0,9.11,13797.69,1
2025-11-24,2025-11-24 11:09:00,1514.08,1514.08,1514.08,1514.08,0.0,9.11,13797.69,0
2025-11-24,2025-11-24 11:10:00,1514.08,1514.09,1514.08,1514.09,0.0,9.11,13797.69,1
2025-11-24,2025-11-24 11:11:00,1514.09,1514.1,1514.09,1514.1,0.0,9.11,13797.69,1
2025-11-24,2025-11-24 11:12:00,1514.1,1514.11,1514.1,1514.11,0.0,9.11,13797.69,1
2025-11-24,2025-11-24 11:13:00,1514.11,1514.12,1514.11,1514.12,0.0,9.11,13797.69,1
2025-11-24,2025-11-24 11:14:00,1514.12,1514.12,1514.12,1514.12,0.0,9.11,13797.69,0
2025-11-24,2025-11-24 11:15:00,1514.12,1514.13,1514.12,1514.13,0.0,9.11,13797.69,1
2025-11-24,2025-11-24 11:16:00,1514.13,1514.14,1514.13,1514.14,0.0,9.11,13797.69,1
2025-11-24,2025-11-24 11:17:00,1514.14,1514.15,1514.14,1514.15,0.0,9.11,13797.69,1
2025-11-24,2025-11-24 11:18:00,1514.15,1514.16,1514.15,1514.16,0.0,9.11,13797.69,1
2025-11-24,2025-11-24 11:19:00,1514.16,1514.17,1514.16,1514.17,0.0,9.11,13797.69,1
2025-11-24,2025-11-24 11:20:00,1514.17,1514.17,1514.17,1514.17,0.0,9.11,13797.69,0
2025-11-24,2025-11-24 11:21:00,1514.17,1514.18,1514.17,1514.18,0.0,9.11,13797.69,1
2025-11-24,2025-11-24 11:22:00,1514.18,1514.19,1514.18,1514.19,0.0,9.11,13797.69,1
2025-11-24,2025-11-24 11:23:00,1514.19,1514.2,1514.19,1514.2,0.0,9.11,13797.69,1
2025-11-24,2025-11-24 11:24:00,1514.2,1514.21,1514.2,1514.21,0.0,9.11,13797.69,1
2025-11-24,2025-11-24 11:25:00,1514.21,1514.22,1514.21,1514.22,0.0,9.11,13797.69,1
2025-11-24,2025-11-24 11:26:00,1514.22,1514.22,1514.22,1514.22,0.0,9.11,13797.69,0
2025-11-24,2025-11-24 11:27:00,1514.22,1514.23,1514.22,1514.23,0.0,9.11,13797.69,1
2025-11-24,2025-11-24 11:28:00,1514.23,1514.24,1514.23,1514.24,0.0,9.11,13797.69,1
2025-11-24,2025-11-24 11:29:00,1514.24,1514.25,1514.24,1514.25,0.0,9.11,13797.69,1
2025-11-24,2025-11-24 11:30:00,1514.25,1514.26,1514.25,1514.26,0.0,9.11,13797.69,1
2025-11-24,2025-11-24 11:31:00,1514.26,1514.27,1514.26,1514.27,0.0,9.11,13797.69,1
2025-11-24,2025-11-24 11:32:00,1514.27,1514.28,1514.27,1514.28,0.0,9.11,13797.69,1
2025-11-24,2025-11-24 11:33:00,1514.28,1514.28,1514.28,1514.28,0.0,9.11,13797.69,0
2025-11-24,2025-11-24 11:34:00,1514.28,1514.29,1514.28,1514.29,0.0,9.11,13797.69,1
2025-11-24,2025-11-24 11:35:00,1514.29,1514.3,1514.29,1514.3,0.0,9.11,13797.69,1
2025-11-24,2025-11-24 11:36:00,1514.3,1514.31,1514.3,1514.31,0.0,9.11,13797.69,1
2025-11-24,2025-11-24 11:37:00,1514.31,1514.32,1514.31,1514.32,0.0,9.11,13797.69,1
2025-11-24,2025-11-24 11:38:00,1514.32,1514.33,1514.32,1514.33,0.0,9.11,13797.69,1
2025-11-24,2025-11-24 11:39:00,1514.33,1514.33,1514.33,1514.33,0.0,9.11,13797.69,0
2025-11-24,2025-11-24 11:40:00,1514.33,1514.34,1514.33,1514.34,0.0,9.11,13797.69,1
2025-11-24,2025-11-24 11:41:00,1514.34,1514.35,1514.34,1514.35,0.0,9.11,13797.69,1
2025-11-24,2025-11-24 11:42:00,1514.35,1514.36,1514.35,1514.36,0.0,9.11,13797.69,1
2025-11-24,2025-11-24 11:43:00,1514.36,1514.37,1514.36,1514.37,0.0,9.11,13797.69,1
2025-11-24,2025-11-24 11:44:00,1514.37,1514.38,1514.37,1514.38,0.0,9.11,13797.69,1
2025-11-24,2025-11-24 11:45:00,1514.38,1514.38,1514.38,1514.38,0.0,9.11,13797.69,0
2025-11-24,2025-11-24 11:46:00,1514.38,1514.39,1514.38,1514.39,0.0,9.11,13797.69,1
2025-11-24,2025-11-24 11:47:00,1514.39,1514.4,1514.39,1514.4,0.0,9.11,13797.69,1
2025-11-24,2025-11-24 11:48:00,1514.4,1514.41,1514.4,1514.41,0.0,9.11,13797.69,1
2025-11-24,2025-11-24 11:49:00,1514.41,1514.42,1514.41,1514.42,0.0,9.11,13797.69,1
2025-11-24,2025-11-24 11:50:00,1514.42,1514.42,1514.42,1514.42,0.0,9.11,13797.69,0
2025-11-24,2025-11-24 11:51:00,1514.42,1514.43,1514.42,1514.43,0.0,9.11,13797.69,1
2025-11-24,2025-11-24 11:52:00,1514.43,1514.44,1514.43,1514.44,0.0,9.11,13797.69,1
2025-11-24,2025-11-24 11:53:00,1514.44,1514.45,1514.44,1514.45,0.0,9.11,13797.69,1
2025-11-24,2025-11-24 11:54:00,1514.45,1514.46,1514.45,1514.46,0.0,9.11,13797.69,1
2025-11-24,2025-11-24 11:55:00,1514.46,1514.47,1514.46,1514.47,0.0,9.11,13797.69,1
2025-11-24,2025-11-24 11:56:00,1514.47,1514.47,1514.47,1514.47,0.0,9.11,13797.69,0
2025-11-24,2025-11-24 11:57:00,1514.47,1514.48,1514.47,1514.48,0.0,9.11,13797.69,1
2025-11-24,2025-11-24 11:58:00,1514.48,1514.49,1514.48,1514.49,0.0,9.11,13797.69,1
2025-11-24,2025-11-24 11:59:00,1514.49,1514.5,1514.49,1514.5,0.0,9.11,13797.69,1
2025-11-24,2025-11-24 12:00:00,1514.5,1514.51,1514.5,1514.51,0.0,9.11,13797.69,1
2025-11-24,2025-11-24 12:01:00,1514.51,1514.52,1514.51,1514.52,0.0,9.11,13797.69,1
2025-11-24,2025-11-24 12:02:00,1514.52,1514.53,1514.52,1514.53,0.0,9.11,13797.69,1
2025-11-24,2025-11-24 12:03:00,1514.53,1514.53,1514.53,1514.53,0.0,9.11,13797.69,0
2025-11-24,2025-11-24 12:04:00,1514.53,1514.54,1514.53,1514.54,0.0,9.11,13797.69,1
2025-11-24,2025-11-24 12:05:00,1514.54,1514.55,1514.54,1514.55,0.0,9.11,13797.69,1
2025-11-24,2025-11-24 12:06:00,1514.55,1514.56,1514.55,1514.56,0.0,9.11,13797.69,1
2025-11-24,2025-11-24 12:07:00,1514.56,1514.57,1514.56,1514.57,0.0,9.11,13797.69,1
2025-11-24,2025-11-24 12:08:00,1514.57,1514.58,1514.57,1514.58,0.0,9.11,13797.69,1
2025-11-24,2025-11-24 12:09:00,1514.58,1514.58,1514.58,1514.58,0.0,9.11,13797.69,0
2025-11-24,2025-11-24 12:10:00,1514.58,1514.59,1514.58,1514.59,0.0,9.11,13797.69,1
2025-11-24,2025-11-24 12:11:00,1514.59,1514.6,1514.59,1514.6,0.0,9.11,13797.69,1
2025-11-24,2025-11-24 12:12:00,1514.6,1514.61,1514.6,1514.61,0.0,9.11,13797.69,1
2025-11-24,2025-11-24 12:13:00,1514.61,1514.62,1514.61,1514.62,0.0,9.11,13797.69,1
2025-11-24,2025-11-24 12:14:00,1514.62,1514.62,1514.62,1514.62,0.0,9.11,13797.69,0
2025-11-24,2025-11-24 12:15:00,1514.62,1514.63,1514.62,1514.63,0.0,9.11,13797.69,1
2025-11-24,2025-11-24 12:16:00,1514.63,1514.64,1514.63,1514.64,0.0,9.11,13797.69,1
2025-11-24,2025-11-24 12:17:00,1514.64,1514.65,1514.64,1514.65,0.0,9.11,13797.69,1
2025-11-24,2025-11-24 12:18:00,1514.65,1514.66,1514.65,1514.66,0.0,9.11,13797.69,1
2025-11-24,2025-11-24 12:19:00,1514.66,1514.67,1514.66,1514.67,0.0,9.11,13797.69,1
2025-11-24,2025-11-24 12:20:00,1514.67,1514.67,1514.67,1514.67,0.0,9.11,13797.69,0
2025-11-24,2025-11-24 12:21:00,1514.67,1514.68,1514.67,1514.68,0.0,9.11,13797.69,1
2025-11-24,2025-11-24 12:22:00,1514.68,1514.69,1514.68,1514.69,0.0,9.11,13797.69,1
2025-11-24,2025-11-24 12:23:00,1514.69,1514.7,1514.69,1514.7,0.0,9.11,13797.69,1
2025-11-24,2025-11-24 12:24:00,1514.7,1514.71,1514.7,1514.71,0.0,9.11,13797.69,1
2025-11-24,2025-11-24 12:25:00,1514.71,1514.72,1514.71,1514.72,0.0,9.11,13797.69,1
2025-11-24,2025-11-24 12:26:00,1514.72,1514.72,1514.72,1514.72,0.0,9.11,13797.69,0
2025-11-24,2025-11-24 12:27:00,1514.72,1514.73,1514.72,1514.73,0.0,9.11,13797.69,1
2025-11-24,2025-11-24 12:28:00,1514.73,1514.74,1514.73,1514.74,0.0,9.11,13797.69,1
2025-11-24,2025-11-24 12:29:00,1514.74,1514.75,1514.74,1514.75,0.0,9.11,13797.69,1
2025-11-24,2025-11-24 12:30:00,1514.75,1514.76,1514.75,1514.76,0.0,9.11,13797.69,1
2025-11-24,2025-11-24 12:31:00,1514.76,1514.77,1514.76,1514.77,0.0,9.11,13797.69,1
2025-11-24,2025-11-24 12:32:00,1514.77,1514.78,1514.77,1514.78,0.0,9.11,13797.69,1
2025-11-24,2025-11-24 12:33:00,1514.78,1514.78,1514.78,1514.78,0.0,9.11,13797.69,0
2025-11-24,2025-11-24 12:34:00,1514.78,1514.79,1514.78,1514.79,0.0,9.11,13797.69,1
2025-11-24,2025-11-24 12:35:00,1514.79,1514.8,1514.79,1514.8,0.0,9.11,13797.69,1
2025-11-24,2025-11-24 12:36:00,1514.8,1514.81,1514.8,1514.81,0.0,9.11,13797.69,1
2025-11-24,2025-11-24 12:37:00,1514.81,1514.82,1514.81,1514.82,0.0,9.11,13797.69,1
2025-11-24,2025-11-24 12:38:00,1514.82,1514.83,1514.82,1514.83,0.0,9.11,13797.69,1
2025-11-24,2025-11-24 12:39:00,1514.83,1514.83,1514.83,1514.83,0.0,9.11,13797.69,0
2025-11-24,2025-11-24 12:40:00,1514.83,1514.84,1514.83,1514.84,0.0,9.11,13797.69,1
2025-11-24,2025-11-24 12:41:00,1514.84,1514.85,1514.84,1514.85,0.0,9.11,13797.69,1
2025-11-24,2025-11-24 12:42:00,1514.85,1514.86,1514.85,1514.86,0.0,9.11,13797.69,1
2025-11-24,2025-11-24 12:43:00,1514.86,1514.87,1514.86,1514.87,0.0,9.11,13797.69,1
2025-11-24,2025-11-24 12:44:00,1514.87,1514.88,1514.87,1514.88,0.0,9.11,13797.69,1
2025-11-24,2025-11-24 12:45:00,1514.88,1514.88,1514.88,1514.88,0.0,9.11,13797.69,0
2025-11-24,2025-11-24 12:46:00,1514.88,1514.89,1514.88,1514.89,0.0,9.11,13797.69,1
2025-11-24,2025-11-24 12:47:00,1514.89,1514.9,1514.89,1514.9,0.0,9.11,13797.69,1
2025-11-24,2025-11-24 12:48:00,1514.9,1514.91,1514.9,1514.91,0.0,9.11,13797.69,1
2025-11-24,2025-11-24 12:49:00,1514.91,1514.92,1514.91,1514.92,0.0,9.11,13797.69,1
2025-11-24,2025-11-24 12:50:00,1514.92,1514.92,1514.92,1514.92,0.0,9.11,13797.69,0
2025-11-24,2025-11-24 12:51:00,1514.92,1514.93,1514.92,1514.93,0.0,9.11,13797.69,1
2025-11-24,2025-11-24 12:52:00,1514.93,1514.94,1514.93,1514.94,0.0,9.11,13797.69,1
2025-11-24,2025-11-24 12:53:00,1514.94,1514.95,1514.94,1514.95,0.0,9.11,13797.69,1
2025-11-24,2025-11-24 12:54:00,1514.95,1514.96,1514.95,1514.96,0.0,9.11,13797.69,1
2025-11-24,2025-11-24 12:55:00,1514.96,1514.97,1514.96,1514.97,0.0,9.11,13797.69,1
2025-11-24,2025-11-24 12:56:00,1514.97,1514.97,1514.97,1514.97,0.0,9.11,13797.69,0
2025-11-24,2025-11-24 12:57:00,1514.97,1514.98,1514.97,1514.98,0.0,9.11,13797.69,1
2025-11-24,2025-11-24 12:58:00,1514.98,1514.99,1514.98,1514.99,0.0,9.11,13797.69,1
2025-11-24,2025-11-24 12:59:00,1514.99,1515.0,1514.99,1515.0,0.0,9.11,13797.69,1
2025-11-24,2025-11-24 13:00:00,1515.0,1527.9,1500.0,1515.01,0.0,9.11,13797.69,1
2025-11-24,2025-11-24 13:01:00,1515.01,1515.02,1515.01,1515.02,0.0,9.11,13797.69,1
2025-11-24,2025-11-24 13:02:00,1515.02,1515.03,1515.02,1515.03,0.0,9.11,13797.69,1
2025-11-24,2025-11-24 13:03:00,1515.03,1515.03,1515.03,1515.03,0.0,9.11,13797.69,0
2025-11-24,2025-11-24 13:04:00,1515.03,1515.04,1515.03,1515.04,0.0,9.11,13797.69,1
2025-11-24,2025-11-24 13:05:00,1515.04,1515.05,1515.04,1515.05,0.0,9.11,13797.69,1
2025-11-24,2025-11-24 13:06:00,1515.05,1515.06,1515.05,1515.06,0.0,9.11,13797.69,1
2025-11-24,2025-11-24 13:07:00,1515.06,1515.07,1515.06,1515.07,0.0,9.11,13797.69,1
2025-11-24,2025-11-24 13:08:00,1515.07,1515.08,1515.07,1515.08,0.0,9.11,13797.69,1
2025-11-24,2025-11-24 13:09:00,1515.08,1515.08,1515.08,1515.08,0.0,9.11,13797.69,0
2025-11-24,2025-11-24 13:10:00,1515.08,1515.09,1515.08,1515.09,0.0,9.11,13797.69,1
2025-11-24,2025-11-24 13:11:00,1515.09,1515.1,1515.09,1515.1,0.0,9.11,13797.69,1
2025-11-24,2025-11-24 13:12:00,1515.1,1515.11,1515.1,1515.11,0.0,9.11,13797.69,1
2025-11-24,2025-11-24 13:13:00,1515.11,1515.12,1515.11,1515.12,0.0,9.11,13797.69,1
2025-11-24,2025-11-24 13:14:00,1515.12,1515.12,1515.12,1515.12,0.0,9.11,13797.69,0
2025-11-24,2025-11-24 13:15:00,1515.12,1515.13,1515.12,1515.13,0.0,9.11,13797.69,1
2025-11-24,2025-11-24 13:16:00,1515.13,1515.14,1515.13,1515.14,0.0,9.11,13797.69,1
2025-11-24,2025-11-24 13:17:00,1515.14,1515.15,1515.14,1515.15,0.0,9.11,13797.69,1
2025-11-24,2025-11-24 13:18:00,1515.15,1515.16,1515.15,1515.16,0.0,9.11,13797.69,1
2025-11-24,2025-11-24 13:19:00,1515.16,1515.17,1515.16,1515.17,0.0,9.11,13797.69,1
2025-11-24,2025-11-24 13:20:00,1515.17,1515.17,1515.17,1515.17,0.0,9.11,13797.69,0
2025-11-24,2025-11-24 13:21:00,1515.17,1515.18,1515.17,1515.18,0.0,9.11,13797.69,1
2025-11-24,2025-11-24 13:22:00,1515.18,1515.19,1515.18,1515.19,0.0,9.11,13797.69,1
2025-11-24,2025-11-24 13:23:00,1515.19,1515.2,1515.19,1515.2,0.0,9.11,13797.69,1
2025-11-24,2025-11-24 13:24:00,1515.2,1515.21,1515.2,1515.21,0.0,9.11,13797.69,1
2025-11-24,2025-11-24 13:25:00,1515.21,1515.22,1515.21,1515.22,0.0,9.11,13797.69,1
2025-11-24,2025-11-24 13:26:00,1515.22,1515.22,1515.22,1515.22,0.0,9.11,13797.69,0
2025-11-24,2025-11-24 13:27:00,1515.22,1515.23,1515.22,1515.23,0.0,9.11,13797.69,1
2025-11-24,2025-11-24 13:28:00,1515.23,1515.24,1515.23,1515.24,0.0,9.11,13797.69,1
2025-11-24,2025-11-24 13:29:00,1515.24,1515.25,1515.24,1515.25,0.0,9.11,13797.69,1
2025-11-24,2025-11-24 13:30:00,1515.25,1515.26,1515.25,1515.26,0.0,9.11,13797.69,1
2025-11-24,2025-11-24 13:31:00,1515.26,1515.27,1515.26,1515.27,0.0,9.11,13797.69,1
2025-11-24,2025-11-24 13:32:00,1515.27,1515.28,1515.27,1515.28,0.0,9.11,13797.69,1
2025-11-24,2025-11-24 13:33:00,1515.28,1515.28,1515.28,1515.28,0.0,9.11,13797.69,0
2025-11-24,2025-11-24 13:34:00,1515.28,1515.29,1515.28,1515.29,0.0,9.11,13797.69,1
2025-11-24,2025-11-24 13:35:00,1515.29,1515.3,1515.29,1515.3,0.0,9.11,13797.69,1
2025-11-24,2025-11-24 13:36:00,1515.3,1515.31,1515.3,1515.31,0.0,9.11,13797.69,1
2025-11-24,2025-11-24 13:37:00,1515.31,1515.32,1515.31,1515.32,0.0,9.11,13797.69,1
2025-11-24,2025-11-24 13:38:00,1515.32,1515.33,1515.32,1515.33,0.0,9.11,13797.69,1
2025-11-24,2025-11-24 13:39:00,1515.33,1515.33,1515.33,1515.33,0.0,9.11,13797.69,0
2025-11-24,2025-11-24 13:40:00,1515.33,1515.34,1515.33,1515.34,0.0,9.11,13797.69,1
2025-11-24,2025-11-24 13:41:00,1515.34,1515.35,1515.34,1515.35,0.0,9.11,13797.69,1
2025-11-24,2025-11-24 13:42:00,1515.35,1515.36,1515.35,1515.36,0.0,9.11,13797.69,1
2025-11-24,2025-11-24 13:43:00,1515.36,1515.37,1515.36,1515.37,0.0,9.11,13797.69,1
2025-11-24,2025-11-24 13:44:00,1515.37,1515.38,1515.37,1515.38,0.0,9.11,13797.69,1
2025-11-24,2025-11-24 13:45:00,1515.38,1515.38,1515.38,1515.38,0.0,9.11,13797.69,0
2025-11-24,2025-11-24 13:46:00,1515.38,1515.39,1515.38,1515.39,0.0,9.11,13797.69,1
2025-11-24,2025-11-24 13:47:00,1515.39,1515.4,1515.39,1515.4,0.0,9.11,13797.69,1
2025-11-24,2025-11-24 13:48:00,1515.4,1515.41,1515.4,1515.41,0.0,9.11,13797.69,1
2025-11-24,2025-11-24 13:49:00,1515.41,1515.42,1515.41,1515.42,0.0,9.11,13797.69,1
2025-11-24,2025-11-24 13:50:00,1515.42,1515.42,1515.42,1515.42,0.0,9.11,13797.69,0
2025-11-24,2025-11-24 13:51:00,1515.42,1515.43,1515.42,1515.43,0.0,9.11,13797.69,1
2025-11-24,2025-11-24 13:52:00,1515.43,1515.44,1515.43,1515.44,0.0,9.11,13797.69,1
2025-11-24,2025-11-24 13:53:00,1515.44,1515.45,1515.44,1515.45,0.0,9.11,13797.69,1
2025-11-24,2025-11-24 13:54:00,1515.45,1515.46,1515.45,1515.46,0.0,9.11,13797.69,1
2025-11-24,2025-11-24 13:55:00,1515.46,1515.47,1515.46,1515.47,0.0,9.11,13797.69,1
2025-11-24,2025-11-24 13:56:00,1515.47,1515.47,1515.47,1515.47,0.0,9.11,13797.69,0
2025-11-24,2025-11-24 13:57:00,1515.47,1515.48,1515.47,1515.48,0.0,9.11,13797.69,1
2025-11-24,2025-11-24 13:58:00,1515.48,1515.49,1515.48,1515.49,0.0,9.11,13797.69,1
2025-11-24,2025-11-24 13:59:00,1515.49,1515.5,1515.49,1515.5,0.0,9.11,13797.69,1
2025-11-24,2025-11-24 14:00:00,1515.5,1515.51,1515.5,1515.51,0.0,9.11,13797.69,1
2025-11-24,2025-11-24 14:01:00,1515.51,1515.52,1515.51,1515.52,0.0,9.11,13797.69,1
2025-11-24,2025-11-24 14:02:00,1515.52,1515.53,1515.52,1515.53,0.0,9.11,13797.69,1
2025-11-24,2025-11-24 14:03:00,1515.53,1515.53,1515.53,1515.53,0.0,9.11,13797.69,0
2025-11-24,2025-11-24 14:04:00,1515.53,1515.54,1515.53,1515.54,0.0,9.11,13797.69,1
2025-11-24,2025-11-24 14:05:00,1515.54,1515.55,1515.54,1515.55,0.0,9.11,13797.69,1
2025-11-24,2025-11-24 14:06:00,1515.55,1515.56,1515.55,1515.56,0.0,9.11,13797.69,1
2025-11-24,2025-11-24 14:07:00,1515.56,1515.57,1515.56,1515.57,0.0,9.11,13797.69,1
2025-11-24,2025-11-24 14:08:00,1515.57,1515.58,1515.57,1515.58,0.0,9.11,13797.69,1
2025-11-24,2025-11-24 14:09:00,1515.58,1515.58,1515.58,1515.58,0.0,9.11,13797.69,0
2025-11-24,2025-11-24 14:10:00,1515.58,1515.59,1515.58,1515.59,0.0,9.11,13797.69,1
2025-11-24,2025-11-24 14:11:00,1515.59,1515.6,1515.59,1515.6,0.0,9.11,13797.69,1
2025-11-24,2025-11-24 14:12:00,1515.6,1515.61,1515.6,1515.61,0.0,9.11,13797.69,1
2025-11-24,2025-11-24 14:13:00,1515.61,1515.62,1515.61,1515.62,0.0,9.11,13797.69,1
2025-11-24,2025-11-24 14:14:00,1515.62,1515.62,1515.62,1515.62,0.0,9.11,13797.69,0
2025-11-24,2025-11-24 14:15:00,1515.62,1515.63,1515.62,1515.63,0.0,9.11,13797.69,1
2025-11-24,2025-11-24 14:16:00,1515.63,1515.64,1515.63,1515.64,0.0,9.11,13797.69,1
2025-11-24,2025-11-24 14:17:00,1515.64,1515.65,1515.64,1515.65,0.0,9.11,13797.69,1
2025-11-24,2025-11-24 14:18:00,1515.65,1515.66,1515.65,1515.66,0.0,9.11,13797.69,1
2025-11-24,2025-11-24 14:19:00,1515.66,1515.67,1515.66,1515.67,0.0,9.11,13797.69,1
2025-11-24,2025-11-24 14:20:00,1515.67,1515.67,1515.67,1515.67,0.0,9.11,13797.69,0
2025-11-24,2025-11-24 14:21:00,1515.67,1515.68,1515.67,1515.68,0.0,9.11,13797.69,1
2025-11-24,2025-11-24 14:22:00,1515.68,1515.69,1515.68,1515.69,0.0,9.11,13797.69,1
2025-11-24,2025-11-24 14:23:00,1515.69,1515.7,1515.69,1515.7,0.0,9.11,13797.69,1
2025-11-24,2025-11-24 14:24:00,1515.7,1515.71,1515.7,1515.71,0.0,9.11,13797.69,1
2025-11-24,2025-11-24 14:25:00,1515.71,1515.72,1515.71,1515.72,0.0,9.11,13797.69,1
2025-11-24,2025-11-24 14:26:00,1515.72,1515.72,1515.72,1515.72,0.0,9.11,13797.69,0
2025-11-24,2025-11-24 14:27:00,1515.72,1515.73,1515.72,1515.73,0.0,9.11,13797.69,1
2025-11-24,2025-11-24 14:28:00,1515.73,1515.74,1515.73,1515.74,0.0,9.11,13797.69,1
2025-11-24,2025-11-24 14:29:00,1515.74,1515.75,1515.74,1515.75,0.0,9.11,13797.69,1
2025-11-24,2025-11-24 14:30:00,1515.75,1515.76,1515.75,1515.76,0.0,9.11,13797.69,1
2025-11-24,2025-11-24 14:31:00,1515.76,1515.77,1515.76,1515.77,0.0,9.11,13797.69,1
2025-11-24,2025-11-24 14:32:00,1515.77,1515.78,1515.77,1515.78,0.0,9.11,13797.69,1
2025-11-24,2025-11-24 14:33:00,1515.78,1515.78,1515.78,1515.78,0.0,9.11,13797.69,0
2025-11-24,2025-11-24 14:34:00,1515.78,1515.79,1515.78,1515.79,0.0,9.11,13797.69,1
2025-11-24,2025-11-24 14:35:00,1515.79,1515.8,1515.79,1515.8,0.0,9.11,13797.69,1
2025-11-24,2025-11-24 14:36:00,1515.8,1515.81,1515.8,1515.81,0.0,9.11,13797.69,1
2025-11-24,2025-11-24 14:37:00,1515.81,1515.82,1515.81,1515.82,0.0,9.11,13797.69,1
2025-11-24,2025-11-24 14:38:00,1515.82,1515.83,1515.82,1515.83,0.0,9.11,13797.69,1
2025-11-24,2025-11-24 14:39:00,1515.83,1515.83,1515.83,1515.83,0.0,9.11,13797.69,0
2025-11-24,2025-11-24 14:40:00,1515.83,1515.84,1515.83,1515.84,0.0,9.11,13797.69,1
2025-11-24,2025-11-24 14:41:00,1515.84,1515.85,1515.84,1515.85,0.0,9.11,13797.69,1
2025-11-24,2025-11-24 14:42:00,1515.85,1515.86,1515.85,1515.86,0.0,9.11,13797.69,1
2025-11-24,2025-11-24 14:43:00,1515.86,1515.87,1515.86,1515.87,0.0,9.11,13797.69,1
2025-11-24,2025-11-24 14:44:00,1515.87,1515.88,1515.87,1515.88,0.0,9.11,13797.69,1
2025-11-24,2025-11-24 14:45:00,1515.88,1515.88,1515.88,1515.88,0.0,9.11,13797.69,0
2025-11-24,2025-11-24 14:46:00,1515.88,1515.89,1515.88,1515.89,0.0,9.11,13797.69,1
2025-11-24,2025-11-24 14:47:00,1515.89,1515.9,1515.89,1515.9,0.0,9.11,13797.69,1
2025-11-24,2025-11-24 14:48:00,1515.9,1515.91,1515.9,1515.91,0.0,9.11,13797.69,1
2025-11-24,2025-11-24 14:49:00,1515.91,1515.92,1515.91,1515.92,0.0,9.11,13797.69,1
2025-11-24,2025-11-24 14:50:00,1515.92,1515.92,1515.92,1515.92,0.0,9.11,13797.69,0
2025-11-24,2025-11-24 14:51:00,1515.92,1515.93,1515.92,1515.93,0.0,9.11,13797.69,1
2025-11-24,2025-11-24 14:52:00,1515.93,1515.94,1515.93,1515.94,0.0,9.11,13797.69,1
2025-11-24,2025-11-24 14:53:00,1515.94,1515.95,1515.94,1515.95,0.0,9.11,13797.69,1
2025-11-24,2025-11-24 14:54:00,1515.95,1515.96,1515.95,1515.96,0.0,9.11,13797.69,1
2025-11-24,2025-11-24 14:55:00,1515.96,1515.97,1515.96,1515.97,0.0,9.11,13797.69,1
2025-11-24,2025-11-24 14:56:00,1515.97,1515.97,1515.97,1515.97,0.0,9.11,13797.69,0
2025-11-24,2025-11-24 14:57:00,1515.97,1515.98,1515.97,1515.98,0.0,9.11,13797.69,1
2025-11-24,2025-11-24 14:58:00,1515.98,1515.99,1515.98,1515.99,0.0,9.11,13797.69,1
2025-11-24,2025-11-24 14:59:00,1515.99,1516.0,1515.99,1516.0,0.0,9.11,13797.69,1
2025-11-24,2025-11-24 15:00:00,1516.0,1527.9,1500.0,1516.0,0.0,9.11,13797.69,0
2025-11-25,2025-11-25 11:00:00,1530.0,1530.0,1521.6,1529.96,-0.0,8.86,13380.57,-1
2025-11-25,2025-11-25 11:01:00,1529.96,1529.96,1529.92,1529.92,-0.0,8.86,13380.57,-1
2025-11-25,2025-11-25 11:02:00,1529.92,1529.92,1529.87,1529.87,-0.0,8.86,13380.57,-1
2025-11-25,2025-11-25 11:03:00,1529.87,1529.87,1529.83,1529.83,-0.0,8.86,13380.57,-1
2025-11-25,2025-11-25 11:04:00,1529.83,1529.83,1529.79,1529.79,-0.0,8.86,13380.57,-1
2025-11-25,2025-11-25 11:05:00,1529.79,1529.79,1529.75,1529.75,-0.0,8.86,13380.57,-1
2025-11-25,2025-11-25 11:06:00,1529.75,1529.75,1529.71,1529.71,-0.0,8.86,13380.57,-1
2025-11-25,2025-11-25 11:07:00,1529.71,1529.71,1529.66,1529.66,-0.0,8.86,13380.57,-1
2025-11-25,2025-11-25 11:08:00,1529.66,1529.66,1529.62,1529.62,-0.0,8.86,13380.57,-1
2025-11-25,2025-11-25 11:09:00,1529.62,1529.62,1529.58,1529.58,-0.0,8.86,13380.57,-1
2025-11-25,2025-11-25 11:10:00,1529.58,1529.58,1529.54,1529.54,-0.0,8.86,13380.57,-1
2025-11-25,2025-11-25 11:11:00,1529.54,1529.54,1529.49,1529.49,-0.0,8.86,13380.57,-1
2025-11-25,2025-11-25 11:12:00,1529.49,1529.49,1529.45,1529.45,-0.0,8.86,13380.57,-1
2025-11-25,2025-11-25 11:13:00,1529.45,1529.45,1529.41,1529.41,-0.0,8.86,13380.57,-1
2025-11-25,2025-11-25 11:14:00,1529.41,1529.41,1529.37,1529.37,-0.0,8.86,13380.57,-1
2025-11-25,2025-11-25 11:15:00,1529.37,1529.37,1529.33,1529.33,-0.0,8.86,13380.57,-1
2025-11-25,2025-11-25 11:16:00,1529.33,1529.33,1529.28,1529.28,-0.0,8.86,13380.57,-1
2025-11-25,2025-11-25 11:17:00,1529.28,1529.28,1529.24,1529.24,-0.0,8.86,13380.57,-1
2025-11-25,2025-11-25 11:18:00,1529.24,1529.24,1529.2,1529.2,-0.0,8.86,13380.57,-1
2025-11-25,2025-11-25 11:19:00,1529.2,1529.2,1529.16,1529.16,-0.0,8.86,13380.57,-1
2025-11-25,2025-11-25 11:20:00,1529.16,1529.16,1529.12,1529.12,-0.0,8.86,13380.57,-1
2025-11-25,2025-11-25 11:21:00,1529.12,1529.12,1529.07,1529.07,-0.0,8.86,13380.57,-1
2025-11-25,2025-11-25 11:22:00,1529.07,1529.07,1529.03,1529.03,-0.0,8.86,13380.57,-1
2025-11-25,2025-11-25 11:23:00,1529.03,1529.03,1528.99,1528.99,-0.0,8.86,13380.57,-1
2025-11-25,2025-11-25 11:24:00,1528.99,1528.99,1528.95,1528.95,-0.0,8.86,13380.57,-1
2025-11-25,2025-11-25 11:25:00,1528.95,1528.95,1528.91,1528.91,-0.0,8.86,13380.57,-1
2025-11-25,2025-11-25 11:26:00,1528.91,1528.91,1528.86,1528.86,-0.0,8.86,13380.57,-1
2025-11-25,2025-11-25 11:27:00,1528.86,1528.86,1528.82,1528.82,-0.0,8.86,13380.57,-1
2025-11-25,2025-11-25 11:28:00,1528.82,1528.82,1528.78,1528.78,-0.0,8.86,13380.57,-1
2025-11-25,2025-11-25 11:29:00,1528.78,1528.78,1528.74,1528.74,-0.0,8.86,13380.57,-1
2025-11-25,2025-11-25 11:30:00,1528.74,1528.74,1528.7,1528.7,-0.0,8.86,13380.57,-1
2025-11-25,2025-11-25 11:31:00,1528.7,1528.7,1528.65,1528.65,-0.0,8.86,13380.57,-1
2025-11-25,2025-11-25 11:32:00,1528.65,1528.65,1528.61,1528.61,-0.0,8.86,13380.57,-1
2025-11-25,2025-11-25 11:33:00,1528.61,1528.61,1528.57,1528.57,-0.0,8.86,13380.57,-1
2025-11-25,2025-11-25 11:34:00,1528.57,1528.57,1528.53,1528.53,-0.0,8.86,13380.57,-1
2025-11-25,2025-11-25 11:35:00,1528.53,1528.53,1528.49,1528.49,-0.0,8.86,13380.57,-1
2025-11-25,2025-11-25 11:36:00,1528.49,1528.49,1528.44,1528.44,-0.0,8.86,13380.57,-1
2025-11-25,2025-11-25 11:37:00,1528.44,1528.44,1528.4,1528.4,-0.0,8.86,13380.57,-1
2025-11-25,2025-11-25 11:38:00,1528.4,1528.4,1528.36,1528.36,-0.0,8.86,13380.57,-1
2025-11-25,2025-11-25 11:39:00,1528.36,1528.36,1528.32,1528.32,-0.0,8.86,13380.57,-1
2025-11-25,2025-11-25 11:40:00,1528.32,1528.32,1528.27,1528.27,-0.0,8.86,13380.57,-1
2025-11-25,2025-11-25 11:41:00,1528.27,1528.27,1528.23,1528.23,-0.0,8.86,13380.57,-1
2025-11-25,2025-11-25 11:42:00,1528.23,1528.23,1528.19,1528.19,-0.0,8.86,13380.57,-1
2025-11-25,2025-11-25 11:43:00,1528.19,1528.19,1528.15,1528.15,-0.0,8.86,13380.57,-1
2025-11-25,2025-11-25 11:44:00,1528.15,1528.15,1528.11,1528.11,-0.0,8.86,13380.57,-1
2025-11-25,2025-11-25 11:45:00,1528.11,1528.11,1528.06,1528.06,-0.0,8.86,13380.57,-1
2025-11-25,2025-11-25 11:46:00,1528.06,1528.06,1528.02,1528.02,-0.0,8.86,13380.57,-1
2025-11-25,2025-11-25 11:47:00,1528.02,1528.02,1527.98,1527.98,-0.0,8.86,13380.57,-1
2025-11-25,2025-11-25 11:48:00,1527.98,1527.98,1527.94,1527.94,-0.0,8.86,13380.57,-1
2025-11-25,2025-11-25 11:49:00,1527.94,1527.94,1527.9,1527.9,-0.0,8.86,13380.57,-1
2025-11-25,2025-11-25 11:50:00,1527.9,1527.9,1527.85,1527.85,-0.0,8.86,13380.57,-1
2025-11-25,2025-11-25 11:51:00,1527.85,1527.85,1527.81,1527.81,-0.0,8.86,13380.57,-1
2025-11-25,2025-11-25 11:52:00,1527.81,1527.81,1527.77,1527.77,-0.0,8.86,13380.57,-1
2025-11-25,2025-11-25 11:53:00,1527.77,1527.77,1527.73,1527.73,-0.0,8.86,13380.57,-1
2025-11-25,2025-11-25 11:54:00,1527.73,1527.73,1527.69,1527.69,-0.0,8.86,13380.57,-1
2025-11-25,2025-11-25 11:55:00,1527.69,1527.69,1527.64,1527.64,-0.0,8.86,13380.57,-1
2025-11-25,2025-11-25 11:56:00,1527.64,1527.64,1527.6,1527.6,-0.0,8.86,13380.57,-1
2025-11-25,2025-11-25 11:57:00,1527.6,1527.6,1527.56,1527.56,-0.0,8.86,13380.57,-1
2025-11-25,2025-11-25 11:58:00,1527.56,1527.56,1527.52,1527.52,-0.0,8.86,13380.57,-1
2025-11-25,2025-11-25 11:59:00,1527.52,1527.52,1527.47,1527.47,-0.0,8.86,13380.57,-1
2025-11-25,2025-11-25 12:00:00,1527.47,1527.47,1527.43,1527.43,-0.0,8.86,13380.57,-1
2025-11-25,2025-11-25 12:01:00,1527.43,1527.43,1527.39,1527.39,-0.0,8.86,13380.57,-1
2025-11-25,2025-11-25 12:02:00,1527.39,1527.39,1527.35,1527.35,-0.0,8.86,13380.57,-1
2025-11-25,2025-11-25 12:03:00,1527.35,1527.35,1527.31,1527.31,-0.0,8.86,13380.57,-1
2025-11-25,2025-11-25 12:04:00,1527.31,1527.31,1527.26,1527.26,-0.0,8.86,13380.57,-1
2025-11-25,2025-11-25 12:05:00,1527.26,1527.26,1527.22,1527.22,-0.0,8.86,13380.57,-1
2025-11-25,2025-11-25 12:06:00,1527.22,1527.22,1527.18,1527.18,-0.0,8.86,13380.57,-1
2025-11-25,2025-11-25 12:07:00,1527.18,1527.18,1527.14,1527.14,-0.0,8.86,13380.57,-1
2025-11-25,2025-11-25 12:08:00,1527.14,1527.14,1527.1,1527.1,-0.0,8.86,13380.57,-1
2025-11-25,2025-11-25 12:09:00,1527.1,1527.1,1527.05,1527.05,-0.0,8.86,13380.57,-1
2025-11-25,2025-11-25 12:10:00,1527.05,1527.05,1527.01,1527.01,-0.0,8.86,13380.57,-1
2025-11-25,2025-11-25 12:11:00,1527.01,1527.01,1526.97,1526.97,-0.0,8.86,13380.57,-1
2025-11-25,2025-11-25 12:12:00,1526.97,1526.97,1526.93,1526.93,-0.0,8.86,13380.57,-1
2025-11-25,2025-11-25 12:13:00,1526.93,1526.93,1526.89,1526.89,-0.0,8.86,13380.57,-1
2025-11-25,2025-11-25 12:14:00,1526.89,1526.89,1526.84,1526.84,-0.0,8.86,13380.57,-1
2025-11-25,2025-11-25 12:15:00,1526.84,1526.84,1526.8,1526.8,-0.0,8.86,13380.57,-1
2025-11-25,2025-11-25 12:16:00,1526.8,1526.8,1526.76,1526.76,-0.0,8.86,13380.57,-1
2025-11-25,2025-11-25 12:17:00,1526.76,1526.76,1526.72,1526.72,-0.0,8.86,13380.57,-1
2025-11-25,2025-11-25 12:18:00,1526.72,1526.72,1526.68,1526.68,-0.0,8.86,13380.57,-1
2025-11-25,2025-11-25 12:19:00,1526.68,1526.68,1526.63,1526.63,-0.0,8.86,13380.57,-1
2025-11-25,2025-11-25 12:20:00,1526.63,1526.63,1526.59,1526.59,-0.0,8.86,13380.57,-1
2025-11-25,2025-11-25 12:21:00,1526.59,1526.59,1526.55,1526.55,-0.0,8.86,13380.57,-1
2025-11-25,2025-11-25 12:22:00,1526.55,1526.55,1526.51,1526.51,-0.0,8.86,13380.57,-1
2025-11-25,2025-11-25 12:23:00,1526.51,1526.51,1526.47,1526.47,-0.0,8.86,13380.57,-1
2025-11-25,2025-11-25 12:24:00,1526.47,1526.47,1526.42,1526.42,-0.0,8.86,13380.57,-1
2025-11-25,2025-11-25 12:25:00,1526.42,1526.42,1526.38,1526.38,-0.0,8.86,13380.57,-1
2025-11-25,2025-11-25 12:26:00,1526.38,1526.38,1526.34,1526.34,-0.0,8.86,13380.57,-1
2025-11-25,2025-11-25 12:27:00,1526.34,1526.34,1526.3,1526.3,-0.0,8.86,13380.57,-1
2025-11-25,2025-11-25 12:28:00,1526.3,1526.3,1526.25,1526.25,-0.0,8.86,13380.57,-1
2025-11-25,2025-11-25 12:29:00,1526.25,1526.25,1526.21,1526.21,-0.0,8.86,13380.57,-1
2025-11-25,2025-11-25 12:30:00,1526.21,1526.21,1526.17,1526.17,-0.0,8.86,13380.57,-1
2025-11-25,2025-11-25 12:31:00,1526.17,1526.17,1526.13,1526.13,-0.0,8.86,13380.57,-1
2025-11-25,2025-11-25 12:32:00,1526.13,1526.13,1526.09,1526.09,-0.0,8.86,13380.57,-1
2025-11-25,2025-11-25 12:33:00,1526.09,1526.09,1526.04,1526.04,-0.0,8.86,13380.57,-1
2025-11-25,2025-11-25 12:34:00,1526.04,1526.04,1526.0,1526.0,-0.0,8.86,13380.57,-1
2025-11-25,2025-11-25 12:35:00,1526.0,1526.0,1525.96,1525.96,-0.0,8.86,13380.57,-1
2025-11-25,2025-11-25 12:36:00,1525.96,1525.96,1525.92,1525.92,-0.0,8.86,13380.57,-1
2025-11-25,2025-11-25 12:37:00,1525.92,1525.92,1525.88,1525.88,-0.0,8.86,13380.57,-1
2025-11-25,2025-11-25 12:38:00,1525.88,1525.88,1525.83,1525.83,-0.0,8.86,13380.57,-1
2025-11-25,2025-11-25 12:39:00,1525.83,1525.83,1525.79,1525.79,-0.0,8.86,13380.57,-1
2025-11-25,2025-11-25 12:40:00,1525.79,1525.79,1525.75,1525.75,-0.0,8.86,13380.57,-1
2025-11-25,2025-11-25 12:41:00,1525.75,1525.75,1525.71,1525.71,-0.0,8.86,13380.57,-1
2025-11-25,2025-11-25 12:42:00,1525.71,1525.71,1525.67,1525.67,-0.0,8.86,13380.57,-1
2025-11-25,2025-11-25 12:43:00,1525.67,1525.67,1525.62,1525.62,-0.0,8.86,13380.57,-1
2025-11-25,2025-11-25 12:44:00,1525.62,1525.62,1525.58,1525.58,-0.0,8.86,13380.57,-1
2025-11-25,2025-11-25 12:45:00,1525.58,1525.58,1525.54,1525.54,-0.0,8.86,13380.57,-1
2025-11-25,2025-11-25 12:46:00,1525.54,1525.54,1525.5,1525.5,-0.0,8.86,13380.57,-1
2025-11-25,2025-11-25 12:47:00,1525.5,1525.5,1525.45,1525.45,-0.0,8.86,13380.57,-1
2025-11-25,2025-11-25 12:48:00,1525.45,1525.45,1525.41,1525.41,-0.0,8.86,13380.57,-1
2025-11-25,2025-11-25 12:49:00,1525.41,1525.41,1525.37,1525.37,-0.0,8.86,13380.57,-1
2025-11-25,2025-11-25 12:50:00,1525.37,1525.37,1525.33,1525.33,-0.0,8.86,13380.57,-1
2025-11-25,2025-11-25 12:51:00,1525.33,1525.33,1525.29,1525.29,-0.0,8.86,13380.57,-1
2025-11-25,2025-11-25 12:52:00,1525.29,1525.29,1525.24,1525.24,-0.0,8.86,13380.57,-1
2025-11-25,2025-11-25 12:53:00,1525.24,1525.24,1525.2,1525.2,-0.0,8.86,13380.57,-1
2025-11-25,2025-11-25 12:54:00,1525.2,1525.2,1525.16,1525.16,-0.0,8.86,13380.57,-1
2025-11-25,2025-11-25 12:55:00,1525.16,1525.16,1525.12,1525.12,-0.0,8.86,13380.57,-1
2025-11-25,2025-11-25 12:56:00,1525.12,1525.12,1525.08,1525.08,-0.0,8.86,13380.57,-1
2025-11-25,2025-11-25 12:57:00,1525.08,1525.08,1525.03,1525.03,-0.0,8.86,13380.57,-1
2025-11-25,2025-11-25 12:58:00,1525.03,1525.03,1524.99,1524.99,-0.0,8.86,13380.57,-1
2025-11-25,2025-11-25 12:59:00,1524.99,1524.99,1524.95,1524.95,-0.0,8.86,13380.57,-1
2025-11-25,2025-11-25 13:00:00,1524.95,1530.0,1502.0,1524.91,-0.0,8.86,13380.57,-1
2025-11-25,2025-11-25 13:01:00,1524.91,1524.91,1524.87,1524.87,-0.0,8.86,13380.57,-1
2025-11-25,2025-11-25 13:02:00,1524.87,1524.87,1524.82,1524.82,-0.0,8.86,13380.57,-1
2025-11-25,2025-11-25 13:03:00,1524.82,1524.82,1524.78,1524.78,-0.0,8.86,13380.57,-1
2025-11-25,2025-11-25 13:04:00,1524.78,1524.78,1524.74,1524.74,-0.0,8.86,13380.57,-1
2025-11-25,2025-11-25 13:05:00,1524.74,1524.74,1524.7,1524.7,-0.0,8.86,13380.57,-1
2025-11-25,2025-11-25 13:06:00,1524.7,1524.7,1524.66,1524.66,-0.0,8.86,13380.57,-1
2025-11-25,2025-11-25 13:07:00,1524.66,1524.66,1524.61,1524.61,-0.0,8.86,13380.57,-1
2025-11-25,2025-11-25 13:08:00,1524.61,1524.61,1524.57,1524.57,-0.0,8.86,13380.57,-1
2025-11-25,2025-11-25 13:09:00,1524.57,1524.57,1524.53,1524.53,-0.0,8.86,13380.57,-1
2025-11-25,2025-11-25 13:10:00,1524.53,1524.53,1524.49,1524.49,-0.0,8.86,13380.57,-1
2025-11-25,2025-11-25 13:11:00,1524.49,1524.49,1524.44,1524.44,-0.0,8.86,13380.57,-1
2025-11-25,2025-11-25 13:12:00,1524.44,1524.44,1524.4,1524.4,-0.0,8.86,13380.57,-1
2025-11-25,2025-11-25 13:13:00,1524.4,1524.4,1524.36,1524.36,-0.0,8.86,13380.57,-1
2025-11-25,2025-11-25 13:14:00,1524.36,1524.36,1524.32,1524.32,-0.0,8.86,13380.57,-1
2025-11-25,2025-11-25 13:15:00,1524.32,1524.32,1524.28,1524.28,-0.0,8.86,13380.57,-1
2025-11-25,2025-11-25 13:16:00,1524.28,1524.28,1524.23,1524.23,-0.0,8.86,13380.57,-1
2025-11-25,2025-11-25 13:17:00,1524.23,1524.23,1524.19,1524.19,-0.0,8.86,13380.57,-1
2025-11-25,2025-11-25 13:18:00,1524.19,1524.19,1524.15,1524.15,-0.0,8.86,13380.57,-1
2025-11-25,2025-11-25 13:19:00,1524.15,1524.15,1524.11,1524.11,-0.0,8.86,13380.57,-1
2025-11-25,2025-11-25 13:20:00,1524.11,1524.11,1524.07,1524.07,-0.0,8.86,13380.57,-1
2025-11-25,2025-11-25 13:21:00,1524.07,1524.07,1524.02,1524.02,-0.0,8.86,13380.57,-1
2025-11-25,2025-11-25 13:22:00,1524.02,1524.02,1523.98,1523.98,-0.0,8.86,13380.57,-1
2025-11-25,2025-11-25 13:23:00,1523.98,1523.98,1523.94,1523.94,-0.0,8.86,13380.57,-1
2025-11-25,2025-11-25 13:24:00,1523.94,1523.94,1523.9,1523.9,-0.0,8.86,13380.57,-1
2025-11-25,2025-11-25 13:25:00,1523.9,1523.9,1523.86,1523.86,-0.0,8.86,13380.57,-1
2025-11-25,2025-11-25 13:26:00,1523.86,1523.86,1523.81,1523.81,-0.0,8.86,13380.57,-1
2025-11-25,2025-11-25 13:27:00,1523.81,1523.81,1523.77,1523.77,-0.0,8.86,13380.57,-1
2025-11-25,2025-11-25 13:28:00,1523.77,1523.77,1523.73,1523.73,-0.0,8.86,13380.57,-1
2025-11-25,2025-11-25 13:29:00,1523.73,1523.73,1523.69,1523.69,-0.0,8.86,13380.57,-1
2025-11-25,2025-11-25 13:30:00,1523.69,1523.69,1523.65,1523.65,-0.0,8.86,13380.57,-1
2025-11-25,2025-11-25 13:31:00,1523.65,1523.65,1523.6,1523.6,-0.0,8.86,13380.57,-1
2025-11-25,2025-11-25 13:32:00,1523.6,1523.6,1523.56,1523.56,-0.0,8.86,13380.57,-1
2025-11-25,2025-11-25 13:33:00,1523.56,1523.56,1523.52,1523.52,-0.0,8.86,13380.57,-1
2025-11-25,2025-11-25 13:34:00,1523.52,1523.52,1523.48,1523.48,-0.0,8.86,13380.57,-1
2025-11-25,2025-11-25 13:35:00,1523.48,1523.48,1523.43,1523.43,-0.0,8.86,13380.57,-1
2025-11-25,2025-11-25 13:36:00,1523.43,1523.43,1523.39,1523.39,-0.0,8.86,13380.57,-1
2025-11-25,2025-11-25 13:37:00,1523.39,1523.39,1523.35,1523.35,-0.0,8.86,13380.57,-1
2025-11-25,2025-11-25 13:38:00,1523.35,1523.35,1523.31,1523.31,-0.0,8.86,13380.57,-1
2025-11-25,2025-11-25 13:39:00,1523.31,1523.31,1523.27,1523.27,-0.0,8.86,13380.57,-1
2025-11-25,2025-11-25 13:40:00,1523.27,1523.27,1523.22,1523.22,-0.0,8.86,13380.57,-1
2025-11-25,2025-11-25 13:41:00,1523.22,1523.22,1523.18,1523.18,-0.0,8.86,13380.57,-1
2025-11-25,2025-11-25 13:42:00,1523.18,1523.18,1523.14,1523.14,-0.0,8.86,13380.57,-1
2025-11-25,2025-11-25 13:43:00,1523.14,1523.14,1523.1,1523.1,-0.0,8.86,13380.57,-1
2025-11-25,2025-11-25 13:44:00,1523.1,1523.1,1523.06,1523.06,-0.0,8.86,13380.57,-1
2025-11-25,2025-11-25 13:45:00,1523.06,1523.06,1523.01,1523.01,-0.0,8.86,13380.57,-1
2025-11-25,2025-11-25 13:46:00,1523.01,1523.01,1522.97,1522.97,-0.0,8.86,13380.57,-1
2025-11-25,2025-11-25 13:47:00,1522.97,1522.97,1522.93,1522.93,-0.0,8.86,13380.57,-1
2025-11-25,2025-11-25 13:48:00,1522.93,1522.93,1522.89,1522.89,-0.0,8.86,13380.57,-1
2025-11-25,2025-11-25 13:49:00,1522.89,1522.89,1522.85,1522.85,-0.0,8.86,13380.57,-1
2025-11-25,2025-11-25 13:50:00,1522.85,1522.85,1522.8,1522.8,-0.0,8.86,13380.57,-1
2025-11-25,2025-11-25 13:51:00,1522.8,1522.8,1522.76,1522.76,-0.0,8.86,13380.57,-1
2025-11-25,2025-11-25 13:52:00,1522.76,1522.76,1522.72,1522.72,-0.0,8.86,13380.57,-1
2025-11-25,2025-11-25 13:53:00,1522.72,1522.72,1522.68,1522.68,-0.0,8.86,13380.57,-1
2025-11-25,2025-11-25 13:54:00,1522.68,1522.68,1522.64,1522.64,-0.0,8.86,13380.57,-1
2025-11-25,2025-11-25 13:55:00,1522.64,1522.64,1522.59,1522.59,-0.0,8.86,13380.57,-1
2025-11-25,2025-11-25 13:56:00,1522.59,1522.59,1522.55,1522.55,-0.0,8.86,13380.57,-1
2025-11-25,2025-11-25 13:57:00,1522.55,1522.55,1522.51,1522.51,-0.0,8.86,13380.57,-1
2025-11-25,2025-11-25 13:58:00,1522.51,1522.51,1522.47,1522.47,-0.0,8.86,13380.57,-1
2025-11-25,2025-11-25 13:59:00,1522.47,1522.47,1522.43,1522.43,-0.0,8.86,13380.57,-1
2025-11-25,2025-11-25 14:00:00,1522.43,1522.43,1522.38,1522.38,-0.0,8.86,13380.57,-1
2025-11-25,2025-11-25 14:01:00,1522.38,1522.38,1522.34,1522.34,-0.0,8.86,13380.57,-1
2025-11-25,2025-11-25 14:02:00,1522.34,1522.34,1522.3,1522.3,-0.0,8.86,13380.57,-1
2025-11-25,2025-11-25 14:03:00,1522.3,1522.3,1522.26,1522.26,-0.0,8.86,13380.57,-1
2025-11-25,2025-11-25 14:04:00,1522.26,1522.26,1522.21,1522.21,-0.0,8.86,13380.57,-1
2025-11-25,2025-11-25 14:05:00,1522.21,1522.21,1522.17,1522.17,-0.0,8.86,13380.57,-1
2025-11-25,2025-11-25 14:06:00,1522.17,1522.17,1522.13,1522.13,-0.0,8.86,13380.57,-1
2025-11-25,2025-11-25 14:07:00,1522.13,1522.13,1522.09,1522.09,-0.0,8.86,13380.57,-1
2025-11-25,2025-11-25 14:08:00,1522.09,1522.09,1522.05,1522.05,-0.0,8.86,13380.57,-1
2025-11-25,2025-11-25 14:09:00,1522.05,1522.05,1522.0,1522.0,-0.0,8.86,13380.57,-1
2025-11-25,2025-11-25 14:10:00,1522.0,1522.0,1521.96,1521.96,-0.0,8.86,13380.57,-1
2025-11-25,2025-11-25 14:11:00,1521.96,1521.96,1521.92,1521.92,-0.0,8.86,13380.57,-1
2025-11-25,2025-11-25 14:12:00,1521.92,1521.92,1521.88,1521.88,-0.0,8.86,13380.57,-1
2025-11-25,2025-11-25 14:13:00,1521.88,1521.88,1521.84,1521.84,-0.0,8.86,13380.57,-1
2025-11-25,2025-11-25 14:14:00,1521.84,1521.84,1521.79,1521.79,-0.0,8.86,13380.57,-1
2025-11-25,2025-11-25 14:15:00,1521.79,1521.79,1521.75,1521.75,-0.0,8.86,13380.57,-1
2025-11-25,2025-11-25 14:16:00,1521.75,1521.75,1521.71,1521.71,-0.0,8.86,13380.57,-1
2025-11-25,2025-11-25 14:17:00,1521.71,1521.71,1521.67,1521.67,-0.0,8.86,13380.57,-1
2025-11-25,2025-11-25 14:18:00,1521.67,1521.67,1521.63,1521.63,-0.0,8.86,13380.57,-1
2025-11-25,2025-11-25 14:19:00,1521.63,1521.63,1521.58,1521.58,-0.0,8.86,13380.57,-1
2025-11-25,2025-11-25 14:20:00,1521.58,1521.58,1521.54,1521.54,-0.0,8.86,13380.57,-1
2025-11-25,2025-11-25 14:21:00,1521.54,1521.54,1521.5,1521.5,-0.0,8.86,13380.57,-1
2025-11-25,2025-11-25 14:22:00,1521.5,1521.5,1521.46,1521.46,-0.0,8.86,13380.57,-1
2025-11-25,2025-11-25 14:23:00,1521.46,1521.46,1521.41,1521.41,-0.0,8.86,13380.57,-1
2025-11-25,2025-11-25 14:24:00,1521.41,1521.41,1521.37,1521.37,-0.0,8.86,13380.57,-1
2025-11-25,2025-11-25 14:25:00,1521.37,1521.37,1521.33,1521.33,-0.0,8.86,13380.57,-1
2025-11-25,2025-11-25 14:26:00,1521.33,1521.33,1521.29,1521.29,-0.0,8.86,13380.57,-1
2025-11-25,2025-11-25 14:27:00,1521.29,1521.29,1521.25,1521.25,-0.0,8.86,13380.57,-1
2025-11-25,2025-11-25 14:28:00,1521.25,1521.25,1521.2,1521.2,-0.0,8.86,13380.57,-1
2025-11-25,2025-11-25 14:29:00,1521.2,1521.2,1521.16,1521.16,-0.0,8.86,13380.57,-1
2025-11-25,2025-11-25 14:30:00,1521.16,1521.16,1521.12,1521.12,-0.0,8.86,13380.57,-1
2025-11-25,2025-11-25 14:31:00,1521.12,1521.12,1521.08,1521.08,-0.0,8.86,13380.57,-1
2025-11-25,2025-11-25 14:32:00,1521.08,1521.08,1521.04,1521.04,-0.0,8.86,13380.57,-1
2025-11-25,2025-11-25 14:33:00,1521.04,1521.04,1520.99,1520.99,-0.0,8.86,13380.57,-1
2025-11-25,2025-11-25 14:34:00,1520.99,1520.99,1520.95,1520.95,-0.0,8.86,13380.57,-1
2025-11-25,2025-11-25 14:35:00,1520.95,1520.95,1520.91,1520.91,-0.0,8.86,13380.57,-1
2025-11-25,2025-11-25 14:36:00,1520.91,1520.91,1520.87,1520.87,-0.0,8.86,13380.57,-1
2025-11-25,2025-11-25 14:37:00,1520.87,1520.87,1520.83,1520.83,-0.0,8.86,13380.57,-1
2025-11-25,2025-11-25 14:38:00,1520.83,1520.83,1520.78,1520.78,-0.0,8.86,13380.57,-1
2025-11-25,2025-11-25 14:39:00,1520.78,1520.78,1520.74,1520.74,-0.0,8.86,13380.57,-1
2025-11-25,2025-11-25 14:40:00,1520.74,1520.74,1520.7,1520.7,-0.0,8.86,13380.57,-1
2025-11-25,2025-11-25 14:41:00,1520.7,1520.7,1520.66,1520.66,-0.0,8.86,13380.57,-1
2025-11-25,2025-11-25 14:42:00,1520.66,1520.66,1520.62,1520.62,-0.0,8.86,13380.57,-1
2025-11-25,2025-11-25 14:43:00,1520.62,1520.62,1520.57,1520.57,-0.0,8.86,13380.57,-1
2025-11-25,2025-11-25 14:44:00,1520.57,1520.57,1520.53,1520.53,-0.0,8.86,13380.57,-1
2025-11-25,2025-11-25 14:45:00,1520.53,1520.53,1520.49,1520.49,-0.0,8.86,13380.57,-1
2025-11-25,2025-11-25 14:46:00,1520.49,1520.49,1520.45,1520.45,-0.0,8.86,13380.57,-1
2025-11-25,2025-11-25 14:47:00,1520.45,1520.45,1520.41,1520.41,-0.0,8.86,13380.57,-1
2025-11-25,2025-11-25 14:48:00,1520.41,1520.41,1520.36,1520.36,-0.0,8.86,13380.57,-1
2025-11-25,2025-11-25 14:49:00,1520.36,1520.36,1520.32,1520.32,-0.0,8.86,13380.57,-1
2025-11-25,2025-11-25 14:50:00,1520.32,1520.32,1520.28,1520.28,-0.0,8.86,13380.57,-1
2025-11-25,2025-11-25 14:51:00,1520.28,1520.28,1520.24,1520.24,-0.0,8.86,13380.57,-1
2025-11-25,2025-11-25 14:52:00,1520.24,1520.24,1520.19,1520.19,-0.0,8.86,13380.57,-1
2025-11-25,2025-11-25 14:53:00,1520.19,1520.19,1520.15,1520.15,-0.0,8.86,13380.57,-1
2025-11-25,2025-11-25 14:54:00,1520.15,1520.15,1520.11,1520.11,-0.0,8.86,13380.57,-1
2025-11-25,2025-11-25 14:55:00,1520.11,1520.11,1520.07,1520.07,-0.0,8.86,13380.57,-1
2025-11-25,2025-11-25 14:56:00,1520.07,1520.07,1520.03,1520.03,-0.0,8.86,13380.57,-1
2025-11-25,2025-11-25 14:57:00,1520.03,1520.03,1519.98,1519.98,-0.0,8.86,13380.57,-1
2025-11-25,2025-11-25 14:58:00,1519.98,1519.98,1519.94,1519.94,-0.0,8.86,13380.57,-1
2025-11-25,2025-11-25 14:59:00,1519.94,1519.94,1519.9,1519.9,-0.0,8.86,13380.57,-1
2025-11-25,2025-11-25 15:00:00,1519.9,1530.0,1502.0,1519.9,0.0,8.86,13380.57,0
2025-11-26,2025-11-26 11:00:00,1501.0,1506.67,1500.7,1501.0,0.0,8.57,12886.94,0
2025-11-26,2025-11-26 11:01:00,1501.0,1501.0,1500.99,1500.99,-0.0,8.57,12886.94,-1
2025-11-26,2025-11-26 11:02:00,1500.99,1500.99,1500.99,1500.99,0.0,8.57,12886.94,0
2025-11-26,2025-11-26 11:03:00,1500.99,1500.99,1500.98,1500.98,-0.0,8.57,12886.94,-1
2025-11-26,2025-11-26 11:04:00,1500.98,1500.98,1500.98,1500.98,0.0,8.57,12886.94,0
2025-11-26,2025-11-26 11:05:00,1500.98,1500.98,1500.97,1500.97,-0.0,8.57,12886.94,-1
2025-11-26,2025-11-26 11:06:00,1500.97,1500.97,1500.97,1500.97,0.0,8.57,12886.94,0
2025-11-26,2025-11-26 11:07:00,1500.97,1500.97,1500.97,1500.97,0.0,8.57,12886.94,0
2025-11-26,2025-11-26 11:08:00,1500.97,1500.97,1500.96,1500.96,-0.0,8.57,12886.94,-1
2025-11-26,2025-11-26 11:09:00,1500.96,1500.96,1500.96,1500.96,0.0,8.57,12886.94,0
2025-11-26,2025-11-26 11:10:00,1500.96,1500.96,1500.95,1500.95,-0.0,8.57,12886.94,-1
2025-11-26,2025-11-26 11:11:00,1500.95,1500.95,1500.95,1500.95,0.0,8.57,12886.94,0
2025-11-26,2025-11-26 11:12:00,1500.95,1500.95,1500.95,1500.95,0.0,8.57,12886.94,0
2025-11-26,2025-11-26 11:13:00,1500.95,1500.95,1500.94,1500.94,-0.0,8.57,12886.94,-1
2025-11-26,2025-11-26 11:14:00,1500.94,1500.94,1500.94,1500.94,0.0,8.57,12886.94,0
2025-11-26,2025-11-26 11:15:00,1500.94,1500.94,1500.93,1500.93,-0.0,8.57,12886.94,-1
2025-11-26,2025-11-26 11:16:00,1500.93,1500.93,1500.93,1500.93,0.0,8.57,12886.94,0
2025-11-26,2025-11-26 11:17:00,1500.93,1500.93,1500.92,1500.92,-0.0,8.57,12886.94,-1
2025-11-26,2025-11-26 11:18:00,1500.92,1500.92,1500.92,1500.92,0.0,8.57,12886.94,0
2025-11-26,2025-11-26 11:19:00,1500.92,1500.92,1500.92,1500.92,0.0,8.57,12886.94,0
2025-11-26,2025-11-26 11:20:00,1500.92,1500.92,1500.91,1500.91,-0.0,8.57,12886.94,-1
2025-11-26,2025-11-26 11:21:00,1500.91,1500.91,1500.91,1500.91,0.0,8.57,12886.94,0
2025-11-26,2025-11-26 11:22:00,1500.91,1500.91,1500.9,1500.9,-0.0,8.57,12886.94,-1
2025-11-26,2025-11-26 11:23:00,1500.9,1500.9,1500.9,1500.9,0.0,8.57,12886.94,0
2025-11-26,2025-11-26 11:24:00,1500.9,1500.9,1500.9,1500.9,0.0,8.57,12886.94,0
2025-11-26,2025-11-26 11:25:00,1500.9,1500.9,1500.89,1500.89,-0.0,8.57,12886.94,-1
2025-11-26,2025-11-26 11:26:00,1500.89,1500.89,1500.89,1500.89,0.0,8.57,12886.94,0
2025-11-26,2025-11-26 11:27:00,1500.89,1500.89,1500.88,1500.88,-0.0,8.57,12886.94,-1
2025-11-26,2025-11-26 11:28:00,1500.88,1500.88,1500.88,1500.88,0.0,8.57,12886.94,0
2025-11-26,2025-11-26 11:29:00,1500.88,1500.88,1500.88,1500.88,0.0,8.57,12886.94,0
2025-11-26,2025-11-26 11:30:00,1500.88,1500.88,1500.87,1500.87,-0.0,8.57,12886.94,-1
2025-11-26,2025-11-26 11:31:00,1500.87,1500.87,1500.87,1500.87,0.0,8.57,12886.94,0
2025-11-26,2025-11-26 11:32:00,1500.87,1500.87,1500.86,1500.86,-0.0,8.57,12886.94,-1
2025-11-26,2025-11-26 11:33:00,1500.86,1500.86,1500.86,1500.86,0.0,8.57,12886.94,0
2025-11-26,2025-11-26 11:34:00,1500.86,1500.86,1500.85,1500.85,-0.0,8.57,12886.94,-1
2025-11-26,2025-11-26 11:35:00,1500.85,1500.85,1500.85,1500.85,0.0,8.57,12886.94,0
2025-11-26,2025-11-26 11:36:00,1500.85,1500.85,1500.85,1500.85,0.0,8.57,12886.94,0
2025-11-26,2025-11-26 11:37:00,1500.85,1500.85,1500.84,1500.84,-0.0,8.57,12886.94,-1
2025-11-26,2025-11-26 11:38:00,1500.84,1500.84,1500.84,1500.84,0.0,8.57,12886.94,0
2025-11-26,2025-11-26 11:39:00,1500.84,1500.84,1500.83,1500.83,-0.0,8.57,12886.94,-1
2025-11-26,2025-11-26 11:40:00,1500.83,1500.83,1500.83,1500.83,0.0,8.57,12886.94,0
2025-11-26,2025-11-26 11:41:00,1500.83,1500.83,1500.83,1500.83,0.0,8.57,12886.94,0
2025-11-26,2025-11-26 11:42:00,1500.83,1500.83,1500.82,1500.82,-0.0,8.57,12886.94,-1
2025-11-26,2025-11-26 11:43:00,1500.82,1500.82,1500.82,1500.82,0.0,8.57,12886.94,0
2025-11-26,2025-11-26 11:44:00,1500.82,1500.82,1500.81,1500.81,-0.0,8.57,12886.94,-1
2025-11-26,2025-11-26 11:45:00,1500.81,1500.81,1500.81,1500.81,0.0,8.57,12886.94,0
2025-11-26,2025-11-26 11:46:00,1500.81,1500.81,1500.8,1500.8,-0.0,8.57,12886.94,-1
2025-11-26,2025-11-26 11:47:00,1500.8,1500.8,1500.8,1500.8,0.0,8.57,12886.94,0
2025-11-26,2025-11-26 11:48:00,1500.8,1500.8,1500.8,1500.8,0.0,8.57,12886.94,0
2025-11-26,2025-11-26 11:49:00,1500.8,1500.8,1500.79,1500.79,-0.0,8.57,12886.94,-1
2025-11-26,2025-11-26 11:50:00,1500.79,1500.79,1500.79,1500.79,0.0,8.57,12886.94,0
2025-11-26,2025-11-26 11:51:00,1500.79,1500.79,1500.78,1500.78,-0.0,8.57,12886.94,-1
2025-11-26,2025-11-26 11:52:00,1500.78,1500.78,1500.78,1500.78,0.0,8.57,12886.94,0
2025-11-26,2025-11-26 11:53:00,1500.78,1500.78,1500.78,1500.78,0.0,8.57,12886.94,0
2025-11-26,2025-11-26 11:54:00,1500.78,1500.78,1500.77,1500.77,-0.0,8.57,12886.94,-1
2025-11-26,2025-11-26 11:55:00,1500.77,1500.77,1500.77,1500.77,0.0,8.57,12886.94,0
2025-11-26,2025-11-26 11:56:00,1500.77,1500.77,1500.76,1500.76,-0.0,8.57,12886.94,-1
2025-11-26,2025-11-26 11:57:00,1500.76,1500.76,1500.76,1500.76,0.0,8.57,12886.94,0
2025-11-26,2025-11-26 11:58:00,1500.76,1500.76,1500.75,1500.75,-0.0,8.57,12886.94,-1
2025-11-26,2025-11-26 11:59:00,1500.75,1500.75,1500.75,1500.75,0.0,8.57,12886.94,0
2025-11-26,2025-11-26 12:00:00,1500.75,1500.75,1500.75,1500.75,0.0,8.57,12886.94,0
2025-11-26,2025-11-26 12:01:00,1500.75,1500.75,1500.74,1500.74,-0.0,8.57,12886.94,-1
2025-11-26,2025-11-26 12:02:00,1500.74,1500.74,1500.74,1500.74,0.0,8.57,12886.94,0
2025-11-26,2025-11-26 12:03:00,1500.74,1500.74,1500.73,1500.73,-0.0,8.57,12886.94,-1
2025-11-26,2025-11-26 12:04:00,1500.73,1500.73,1500.73,1500.73,0.0,8.57,12886.94,0
2025-11-26,2025-11-26 12:05:00,1500.73,1500.73,1500.72,1500.72,-0.0,8.57,12886.94,-1
2025-11-26,2025-11-26 12:06:00,1500.72,1500.72,1500.72,1500.72,0.0,8.57,12886.94,0
2025-11-26,2025-11-26 12:07:00,1500.72,1500.72,1500.72,1500.72,0.0,8.57,12886.94,0
2025-11-26,2025-11-26 12:08:00,1500.72,1500.72,1500.71,1500.71,-0.0,8.57,12886.94,-1
2025-11-26,2025-11-26 12:09:00,1500.71,1500.71,1500.71,1500.71,0.0,8.57,12886.94,0
2025-11-26,2025-11-26 12:10:00,1500.71,1500.71,1500.7,1500.7,-0.0,8.57,12886.94,-1
2025-11-26,2025-11-26 12:11:00,1500.7,1500.7,1500.7,1500.7,0.0,8.57,12886.94,0
2025-11-26,2025-11-26 12:12:00,1500.7,1500.7,1500.7,1500.7,0.0,8.57,12886.94,0
2025-11-26,2025-11-26 12:13:00,1500.7,1500.7,1500.69,1500.69,-0.0,8.57,12886.94,-1
2025-11-26,2025-11-26 12:14:00,1500.69,1500.69,1500.69,1500.69,0.0,8.57,12886.94,0
2025-11-26,2025-11-26 12:15:00,1500.69,1500.69,1500.68,1500.68,-0.0,8.57,12886.94,-1
2025-11-26,2025-11-26 12:16:00,1500.68,1500.68,1500.68,1500.68,0.0,8.57,12886.94,0
2025-11-26,2025-11-26 12:17:00,1500.68,1500.68,1500.67,1500.67,-0.0,8.57,12886.94,-1
2025-11-26,2025-11-26 12:18:00,1500.67,1500.67,1500.67,1500.67,0.0,8.57,12886.94,0
2025-11-26,2025-11-26 12:19:00,1500.67,1500.67,1500.67,1500.67,0.0,8.57,12886.94,0
2025-11-26,2025-11-26 12:20:00,1500.67,1500.67,1500.66,1500.66,-0.0,8.57,12886.94,-1
2025-11-26,2025-11-26 12:21:00,1500.66,1500.66,1500.66,1500.66,0.0,8.57,12886.94,0
2025-11-26,2025-11-26 12:22:00,1500.66,1500.66,1500.65,1500.65,-0.0,8.57,12886.94,-1
2025-11-26,2025-11-26 12:23:00,1500.65,1500.65,1500.65,1500.65,0.0,8.57,12886.94,0
2025-11-26,2025-11-26 12:24:00,1500.65,1500.65,1500.65,1500.65,0.0,8.57,12886.94,0
2025-11-26,2025-11-26 12:25:00,1500.65,1500.65,1500.64,1500.64,-0.0,8.57,12886.94,-1
2025-11-26,2025-11-26 12:26:00,1500.64,1500.64,1500.64,1500.64,0.0,8.57,12886.94,0
2025-11-26,2025-11-26 12:27:00,1500.64,1500.64,1500.63,1500.63,-0.0,8.57,12886.94,-1
2025-11-26,2025-11-26 12:28:00,1500.63,1500.63,1500.63,1500.63,0.0,8.57,12886.94,0
2025-11-26,2025-11-26 12:29:00,1500.63,1500.63,1500.62,1500.62,-0.0,8.57,12886.94,-1
2025-11-26,2025-11-26 12:30:00,1500.62,1500.62,1500.62,1500.62,0.0,8.57,12886.94,0
2025-11-26,2025-11-26 12:31:00,1500.62,1500.62,1500.62,1500.62,0.0,8.57,12886.94,0
2025-11-26,2025-11-26 12:32:00,1500.62,1500.62,1500.61,1500.61,-0.0,8.57,12886.94,-1
2025-11-26,2025-11-26 12:33:00,1500.61,1500.61,1500.61,1500.61,0.0,8.57,12886.94,0
2025-11-26,2025-11-26 12:34:00,1500.61,1500.61,1500.6,1500.6,-0.0,8.57,12886.94,-1
2025-11-26,2025-11-26 12:35:00,1500.6,1500.6,1500.6,1500.6,0.0,8.57,12886.94,0
2025-11-26,2025-11-26 12:36:00,1500.6,1500.6,1500.6,1500.6,0.0,8.57,12886.94,0
2025-11-26,2025-11-26 12:37:00,1500.6,1500.6,1500.59,1500.59,-0.0,8.57,12886.94,-1
2025-11-26,2025-11-26 12:38:00,1500.59,1500.59,1500.59,1500.59,0.0,8.57,12886.94,0
2025-11-26,2025-11-26 12:39:00,1500.59,1500.59,1500.58,1500.58,-0.0,8.57,12886.94,-1
2025-11-26,2025-11-26 12:40:00,1500.58,1500.58,1500.58,1500.58,0.0,8.57,12886.94,0
2025-11-26,2025-11-26 12:41:00,1500.58,1500.58,1500.58,1500.58,0.0,8.57,12886.94,0
2025-11-26,2025-11-26 12:42:00,1500.58,1500.58,1500.57,1500.57,-0.0,8.57,12886.94,-1
2025-11-26,2025-11-26 12:43:00,1500.57,1500.57,1500.57,1500.57,0.0,8.57,12886.94,0
2025-11-26,2025-11-26 12:44:00,1500.57,1500.57,1500.56,1500.56,-0.0,8.57,12886.94,-1
2025-11-26,2025-11-26 12:45:00,1500.56,1500.56,1500.56,1500.56,0.0,8.57,12886.94,0
2025-11-26,2025-11-26 12:46:00,1500.56,1500.56,1500.55,1500.55,-0.0,8.57,12886.94,-1
2025-11-26,2025-11-26 12:47:00,1500.55,1500.55,1500.55,1500.55,0.0,8.57,12886.94,0
2025-11-26,2025-11-26 12:48:00,1500.55,1500.55,1500.55,1500.55,0.0,8.57,12886.94,0
2025-11-26,2025-11-26 12:49:00,1500.55,1500.55,1500.54,1500.54,-0.0,8.57,12886.94,-1
2025-11-26,2025-11-26 12:50:00,1500.54,1500.54,1500.54,1500.54,0.0,8.57,12886.94,0
2025-11-26,2025-11-26 12:51:00,1500.54,1500.54,1500.53,1500.53,-0.0,8.57,12886.94,-1
2025-11-26,2025-11-26 12:52:00,1500.53,1500.53,1500.53,1500.53,0.0,8.57,12886.94,0
2025-11-26,2025-11-26 12:53:00,1500.53,1500.53,1500.53,1500.53,0.0,8.57,12886.94,0
2025-11-26,2025-11-26 12:54:00,1500.53,1500.53,1500.52,1500.52,-0.0,8.57,12886.94,-1
2025-11-26,2025-11-26 12:55:00,1500.52,1500.52,1500.52,1500.52,0.0,8.57,12886.94,0
2025-11-26,2025-11-26 12:56:00,1500.52,1500.52,1500.51,1500.51,-0.0,8.57,12886.94,-1
2025-11-26,2025-11-26 12:57:00,1500.51,1500.51,1500.51,1500.51,0.0,8.57,12886.94,0
2025-11-26,2025-11-26 12:58:00,1500.51,1500.51,1500.5,1500.5,-0.0,8.57,12886.94,-1
2025-11-26,2025-11-26 12:59:00,1500.5,1500.5,1500.5,1500.5,0.0,8.57,12886.94,0
2025-11-26,2025-11-26 13:00:00,1500.5,1519.9,1500.0,1500.5,0.0,8.57,12886.94,0
2025-11-26,2025-11-26 13:01:00,1500.5,1500.5,1500.49,1500.49,-0.0,8.57,12886.94,-1
2025-11-26,2025-11-26 13:02:00,1500.49,1500.49,1500.49,1500.49,0.0,8.57,12886.94,0
2025-11-26,2025-11-26 13:03:00,1500.49,1500.49,1500.48,1500.48,-0.0,8.57,12886.94,-1
2025-11-26,2025-11-26 13:04:00,1500.48,1500.48,1500.48,1500.48,0.0,8.57,12886.94,0
2025-11-26,2025-11-26 13:05:00,1500.48,1500.48,1500.47,1500.47,-0.0,8.57,12886.94,-1
2025-11-26,2025-11-26 13:06:00,1500.47,1500.47,1500.47,1500.47,0.0,8.57,12886.94,0
2025-11-26,2025-11-26 13:07:00,1500.47,1500.47,1500.47,1500.47,0.0,8.57,12886.94,0
2025-11-26,2025-11-26 13:08:00,1500.47,1500.47,1500.46,1500.46,-0.0,8.57,12886.94,-1
2025-11-26,2025-11-26 13:09:00,1500.46,1500.46,1500.46,1500.46,0.0,8.57,12886.94,0
2025-11-26,2025-11-26 13:10:00,1500.46,1500.46,1500.45,1500.45,-0.0,8.57,12886.94,-1
2025-11-26,2025-11-26 13:11:00,1500.45,1500.45,1500.45,1500.45,0.0,8.57,12886.94,0
2025-11-26,2025-11-26 13:12:00,1500.45,1500.45,1500.45,1500.45,0.0,8.57,12886.94,0
2025-11-26,2025-11-26 13:13:00,1500.45,1500.45,1500.44,1500.44,-0.0,8.57,12886.94,-1
2025-11-26,2025-11-26 13:14:00,1500.44,1500.44,1500.44,1500.44,0.0,8.57,12886.94,0
2025-11-26,2025-11-26 13:15:00,1500.44,1500.44,1500.43,1500.43,-0.0,8.57,12886.94,-1
2025-11-26,2025-11-26 13:16:00,1500.43,1500.43,1500.43,1500.43,0.0,8.57,12886.94,0
2025-11-26,2025-11-26 13:17:00,1500.43,1500.43,1500.42,1500.42,-0.0,8.57,12886.94,-1
2025-11-26,2025-11-26 13:18:00,1500.42,1500.42,1500.42,1500.42,0.0,8.57,12886.94,0
2025-11-26,2025-11-26 13:19:00,1500.42,1500.42,1500.42,1500.42,0.0,8.57,12886.94,0
2025-11-26,2025-11-26 13:20:00,1500.42,1500.42,1500.41,1500.41,-0.0,8.57,12886.94,-1
2025-11-26,2025-11-26 13:21:00,1500.41,1500.41,1500.41,1500.41,0.0,8.57,12886.94,0
2025-11-26,2025-11-26 13:22:00,1500.41,1500.41,1500.4,1500.4,-0.0,8.57,12886.94,-1
2025-11-26,2025-11-26 13:23:00,1500.4,1500.4,1500.4,1500.4,0.0,8.57,12886.94,0
2025-11-26,2025-11-26 13:24:00,1500.4,1500.4,1500.4,1500.4,0.0,8.57,12886.94,0
2025-11-26,2025-11-26 13:25:00,1500.4,1500.4,1500.39,1500.39,-0.0,8.57,12886.94,-1
2025-11-26,2025-11-26 13:26:00,1500.39,1500.39,1500.39,1500.39,0.0,8.57,12886.94,0
2025-11-26,2025-11-26 13:27:00,1500.39,1500.39,1500.38,1500.38,-0.0,8.57,12886.94,-1
2025-11-26,2025-11-26 13:28:00,1500.38,1500.38,1500.38,1500.38,0.0,8.57,12886.94,0
2025-11-26,2025-11-26 13:29:00,1500.38,1500.38,1500.38,1500.38,0.0,8.57,12886.94,0
2025-11-26,2025-11-26 13:30:00,1500.38,1500.38,1500.37,1500.37,-0.0,8.57,12886.94,-1
2025-11-26,2025-11-26 13:31:00,1500.37,1500.37,1500.37,1500.37,0.0,8.57,12886.94,0
2025-11-26,2025-11-26 13:32:00,1500.37,1500.37,1500.36,1500.36,-0.0,8.57,12886.94,-1
2025-11-26,2025-11-26 13:33:00,1500.36,1500.36,1500.36,1500.36,0.0,8.57,12886.94,0
2025-11-26,2025-11-26 13:34:00,1500.36,1500.36,1500.35,1500.35,-0.0,8.57,12886.94,-1
2025-11-26,2025-11-26 13:35:00,1500.35,1500.35,1500.35,1500.35,0.0,8.57,12886.94,0
2025-11-26,2025-11-26 13:36:00,1500.35,1500.35,1500.35,1500.35,0.0,8.57,12886.94,0
2025-11-26,2025-11-26 13:37:00,1500.35,1500.35,1500.34,1500.34,-0.0,8.57,12886.94,-1
2025-11-26,2025-11-26 13:38:00,1500.34,1500.34,1500.34,1500.34,0.0,8.57,12886.94,0
2025-11-26,2025-11-26 13:39:00,1500.34,1500.34,1500.33,1500.33,-0.0,8.57,12886.94,-1
2025-11-26,2025-11-26 13:40:00,1500.33,1500.33,1500.33,1500.33,0.0,8.57,12886.94,0
2025-11-26,2025-11-26 13:41:00,1500.33,1500.33,1500.33,1500.33,0.0,8.57,12886.94,0
2025-11-26,2025-11-26 13:42:00,1500.33,1500.33,1500.32,1500.32,-0.0,8.57,12886.94,-1
2025-11-26,2025-11-26 13:43:00,1500.32,1500.32,1500.32,1500.32,0.0,8.57,12886.94,0
2025-11-26,2025-11-26 13:44:00,1500.32,1500.32,1500.31,1500.31,-0.0,8.57,12886.94,-1
2025-11-26,2025-11-26 13:45:00,1500.31,1500.31,1500.31,1500.31,0.0,8.57,12886.94,0
2025-11-26,2025-11-26 13:46:00,1500.31,1500.31,1500.3,1500.3,-0.0,8.57,12886.94,-1
2025-11-26,2025-11-26 13:47:00,1500.3,1500.3,1500.3,1500.3,0.0,8.57,12886.94,0
2025-11-26,2025-11-26 13:48:00,1500.3,1500.3,1500.3,1500.3,0.0,8.57,12886.94,0
2025-11-26,2025-11-26 13:49:00,1500.3,1500.3,1500.29,1500.29,-0.0,8.57,12886.94,-1
2025-11-26,2025-11-26 13:50:00,1500.29,1500.29,1500.29,1500.29,0.0,8.57,12886.94,0
2025-11-26,2025-11-26 13:51:00,1500.29,1500.29,1500.28,1500.28,-0.0,8.57,12886.94,-1
2025-11-26,2025-11-26 13:52:00,1500.28,1500.28,1500.28,1500.28,0.0,8.57,12886.94,0
2025-11-26,2025-11-26 13:53:00,1500.28,1500.28,1500.28,1500.28,0.0,8.57,12886.94,0
2025-11-26,2025-11-26 13:54:00,1500.28,1500.28,1500.27,1500.27,-0.0,8.57,12886.94,-1
2025-11-26,2025-11-26 13:55:00,1500.27,1500.27,1500.27,1500.27,0.0,8.57,12886.94,0
2025-11-26,2025-11-26 13:56:00,1500.27,1500.27,1500.26,1500.26,-0.0,8.57,12886.94,-1
2025-11-26,2025-11-26 13:57:00,1500.26,1500.26,1500.26,1500.26,0.0,8.57,12886.94,0
2025-11-26,2025-11-26 13:58:00,1500.26,1500.26,1500.25,1500.25,-0.0,8.57,12886.94,-1
2025-11-26,2025-11-26 13:59:00,1500.25,1500.25,1500.25,1500.25,0.0,8.57,12886.94,0
2025-11-26,2025-11-26 14:00:00,1500.25,1500.25,1500.25,1500.25,0.0,8.57,12886.94,0
2025-11-26,2025-11-26 14:01:00,1500.25,1500.25,1500.24,1500.24,-0.0,8.57,12886.94,-1
2025-11-26,2025-11-26 14:02:00,1500.24,1500.24,1500.24,1500.24,0.0,8.57,12886.94,0
2025-11-26,2025-11-26 14:03:00,1500.24,1500.24,1500.23,1500.23,-0.0,8.57,12886.94,-1
2025-11-26,2025-11-26 14:04:00,1500.23,1500.23,1500.23,1500.23,0.0,8.57,12886.94,0
2025-11-26,2025-11-26 14:05:00,1500.23,1500.23,1500.22,1500.22,-0.0,8.57,12886.94,-1
2025-11-26,2025-11-26 14:06:00,1500.22,1500.22,1500.22,1500.22,0.0,8.57,12886.94,0
2025-11-26,2025-11-26 14:07:00,1500.22,1500.22,1500.22,1500.22,0.0,8.57,12886.94,0
2025-11-26,2025-11-26 14:08:00,1500.22,1500.22,1500.21,1500.21,-0.0,8.57,12886.94,-1
2025-11-26,2025-11-26 14:09:00,1500.21,1500.21,1500.21,1500.21,0.0,8.57,12886.94,0
2025-11-26,2025-11-26 14:10:00,1500.21,1500.21,1500.2,1500.2,-0.0,8.57,12886.94,-1
2025-11-26,2025-11-26 14:11:00,1500.2,1500.2,1500.2,1500.2,0.0,8.57,12886.94,0
2025-11-26,2025-11-26 14:12:00,1500.2,1500.2,1500.2,1500.2,0.0,8.57,12886.94,0
2025-11-26,2025-11-26 14:13:00,1500.2,1500.2,1500.19,1500.19,-0.0,8.57,12886.94,-1
2025-11-26,2025-11-26 14:14:00,1500.19,1500.19,1500.19,1500.19,0.0,8.57,12886.94,0
2025-11-26,2025-11-26 14:15:00,1500.19,1500.19,1500.18,1500.18,-0.0,8.57,12886.94,-1
2025-11-26,2025-11-26 14:16:00,1500.18,1500.18,1500.18,1500.18,0.0,8.57,12886.94,0
2025-11-26,2025-11-26 14:17:00,1500.18,1500.18,1500.17,1500.17,-0.0,8.57,12886.94,-1
2025-11-26,2025-11-26 14:18:00,1500.17,1500.17,1500.17,1500.17,0.0,8.57,12886.94,0
2025-11-26,2025-11-26 14:19:00,1500.17,1500.17,1500.17,1500.17,0.0,8.57,12886.94,0
2025-11-26,2025-11-26 14:20:00,1500.17,1500.17,1500.16,1500.16,-0.0,8.57,12886.94,-1
2025-11-26,2025-11-26 14:21:00,1500.16,1500.16,1500.16,1500.16,0.0,8.57,12886.94,0
2025-11-26,2025-11-26 14:22:00,1500.16,1500.16,1500.15,1500.15,-0.0,8.57,12886.94,-1
2025-11-26,2025-11-26 14:23:00,1500.15,1500.15,1500.15,1500.15,0.0,8.57,12886.94,0
2025-11-26,2025-11-26 14:24:00,1500.15,1500.15,1500.15,1500.15,0.0,8.57,12886.94,0
2025-11-26,2025-11-26 14:25:00,1500.15,1500.15,1500.14,1500.14,-0.0,8.57,12886.94,-1
2025-11-26,2025-11-26 14:26:00,1500.14,1500.14,1500.14,1500.14,0.0,8.57,12886.94,0
2025-11-26,2025-11-26 14:27:00,1500.14,1500.14,1500.13,1500.13,-0.0,8.57,12886.94,-1
2025-11-26,2025-11-26 14:28:00,1500.13,1500.13,1500.13,1500.13,0.0,8.57,12886.94,0
2025-11-26,2025-11-26 14:29:00,1500.13,1500.13,1500.12,1500.12,-0.0,8.57,12886.94,-1
2025-11-26,2025-11-26 14:30:00,1500.12,1500.12,1500.12,1500.12,0.0,8.57,12886.94,0
2025-11-26,2025-11-26 14:31:00,1500.12,1500.12,1500.12,1500.12,0.0,8.57,12886.94,0
2025-11-26,2025-11-26 14:32:00,1500.12,1500.12,1500.11,1500.11,-0.0,8.57,12886.94,-1
2025-11-26,2025-11-26 14:33:00,1500.11,1500.11,1500.11,1500.11,0.0,8.57,12886.94,0
2025-11-26,2025-11-26 14:34:00,1500.11,1500.11,1500.1,1500.1,-0.0,8.57,12886.94,-1
2025-11-26,2025-11-26 14:35:00,1500.1,1500.1,1500.1,1500.1,0.0,8.57,12886.94,0
2025-11-26,2025-11-26 14:36:00,1500.1,1500.1,1500.1,1500.1,0.0,8.57,12886.94,0
2025-11-26,2025-11-26 14:37:00,1500.1,1500.1,1500.09,1500.09,-0.0,8.57,12886.94,-1
2025-11-26,2025-11-26 14:38:00,1500.09,1500.09,1500.09,1500.09,0.0,8.57,12886.94,0
2025-11-26,2025-11-26 14:39:00,1500.09,1500.09,1500.08,1500.08,-0.0,8.57,12886.94,-1
2025-11-26,2025-11-26 14:40:00,1500.08,1500.08,1500.08,1500.08,0.0,8.57,12886.94,0
2025-11-26,2025-11-26 14:41:00,1500.08,1500.08,1500.08,1500.08,0.0,8.57,12886.94,0
2025-11-26,2025-11-26 14:42:00,1500.08,1500.08,1500.07,1500.07,-0.0,8.57,12886.94,-1
2025-11-26,2025-11-26 14:43:00,1500.07,1500.07,1500.07,1500.07,0.0,8.57,12886.94,0
2025-11-26,2025-11-26 14:44:00,1500.07,1500.07,1500.06,1500.06,-0.0,8.57,12886.94,-1
2025-11-26,2025-11-26 14:45:00,1500.06,1500.06,1500.06,1500.06,0.0,8.57,12886.94,0
2025-11-26,2025-11-26 14:46:00,1500.06,1500.06,1500.05,1500.05,-0.0,8.57,12886.94,-1
2025-11-26,2025-11-26 14:47:00,1500.05,1500.05,1500.05,1500.05,0.0,8.57,12886.94,0
2025-11-26,2025-11-26 14:48:00,1500.05,1500.05,1500.05,1500.05,0.0,8.57,12886.94,0
2025-11-26,2025-11-26 14:49:00,1500.05,1500.05,1500.04,1500.04,-0.0,8.57,12886.94,-1
2025-11-26,2025-11-26 14:50:00,1500.04,1500.04,1500.04,1500.04,0.0,8.57,12886.94,0
2025-11-26,2025-11-26 14:51:00,1500.04,1500.04,1500.03,1500.03,-0.0,8.57,12886.94,-1
2025-11-26,2025-11-26 14:52:00,1500.03,1500.03,1500.03,1500.03,0.0,8.57,12886.94,0
2025-11-26,2025-11-26 14:53:00,1500.03,1500.03,1500.03,1500.03,0.0,8.57,12886.94,0
2025-11-26,2025-11-26 14:54:00,1500.03,1500.03,1500.02,1500.02,-0.0,8.57,12886.94,-1
2025-11-26,2025-11-26 14:55:00,1500.02,1500.02,1500.02,1500.02,0.0,8.57,12886.94,0
2025-11-26,2025-11-26 14:56:00,1500.02,1500.02,1500.01,1500.01,-0.0,8.57,12886.94,-1
2025-11-26,2025-11-26 14:57:00,1500.01,1500.01,1500.01,1500.01,0.0,8.57,12886.94,0
2025-11-26,2025-11-26 14:58:00,1500.01,1500.01,1500.0,1500.0,-0.0,8.57,12886.94,-1
2025-11-26,2025-11-26 14:59:00,1500.0,1500.0,1500.0,1500.0,0.0,8.57,12886.94,0
2025-11-26,2025-11-26 15:00:00,1500.0,1519.9,1500.0,1500.0,0.0,8.57,12886.94,0
2025-11-27,2025-11-27 11:00:00,1500.0,1500.0,1496.1,1499.96,-0.0,10.14,15097.51,-1
2025-11-27,2025-11-27 11:01:00,1499.96,1499.96,1499.92,1499.92,-0.0,10.14,15097.51,-1
2025-11-27,2025-11-27 11:02:00,1499.92,1499.92,1499.88,1499.88,-0.0,10.14,15097.51,-1
2025-11-27,2025-11-27 11:03:00,1499.88,1499.88,1499.83,1499.83,-0.0,10.14,15097.51,-1
2025-11-27,2025-11-27 11:04:00,1499.83,1499.83,1499.79,1499.79,-0.0,10.14,15097.51,-1
2025-11-27,2025-11-27 11:05:00,1499.79,1499.79,1499.75,1499.75,-0.0,10.14,15097.51,-1
2025-11-27,2025-11-27 11:06:00,1499.75,1499.75,1499.71,1499.71,-0.0,10.14,15097.51,-1
2025-11-27,2025-11-27 11:07:00,1499.71,1499.71,1499.67,1499.67,-0.0,10.14,15097.51,-1
2025-11-27,2025-11-27 11:08:00,1499.67,1499.67,1499.62,1499.62,-0.0,10.14,15097.51,-1
2025-11-27,2025-11-27 11:09:00,1499.62,1499.62,1499.58,1499.58,-0.0,10.14,15097.51,-1
2025-11-27,2025-11-27 11:10:00,1499.58,1499.58,1499.54,1499.54,-0.0,10.14,15097.51,-1
2025-11-27,2025-11-27 11:11:00,1499.54,1499.54,1499.5,1499.5,-0.0,10.14,15097.51,-1
2025-11-27,2025-11-27 11:12:00,1499.5,1499.5,1499.46,1499.46,-0.0,10.14,15097.51,-1
2025-11-27,2025-11-27 11:13:00,1499.46,1499.46,1499.42,1499.42,-0.0,10.14,15097.51,-1
2025-11-27,2025-11-27 11:14:00,1499.42,1499.42,1499.38,1499.38,-0.0,10.14,15097.51,-1
2025-11-27,2025-11-27 11:15:00,1499.38,1499.38,1499.33,1499.33,-0.0,10.14,15097.51,-1
2025-11-27,2025-11-27 11:16:00,1499.33,1499.33,1499.29,1499.29,-0.0,10.14,15097.51,-1
2025-11-27,2025-11-27 11:17:00,1499.29,1499.29,1499.25,1499.25,-0.0,10.14,15097.51,-1
2025-11-27,2025-11-27 11:18:00,1499.25,1499.25,1499.21,1499.21,-0.0,10.14,15097.51,-1
2025-11-27,2025-11-27 11:19:00,1499.21,1499.21,1499.17,1499.17,-0.0,10.14,15097.51,-1
2025-11-27,2025-11-27 11:20:00,1499.17,1499.17,1499.12,1499.12,-0.0,10.14,15097.51,-1
2025-11-27,2025-11-27 11:21:00,1499.12,1499.12,1499.08,1499.08,-0.0,10.14,15097.51,-1
2025-11-27,2025-11-27 11:22:00,1499.08,1499.08,1499.04,1499.04,-0.0,10.14,15097.51,-1
2025-11-27,2025-11-27 11:23:00,1499.04,1499.04,1499.0,1499.0,-0.0,10.14,15097.51,-1
2025-11-27,2025-11-27 11:24:00,1499.0,1499.0,1498.96,1498.96,-0.0,10.14,15097.51,-1
2025-11-27,2025-11-27 11:25:00,1498.96,1498.96,1498.92,1498.92,-0.0,10.14,15097.51,-1
2025-11-27,2025-11-27 11:26:00,1498.92,1498.92,1498.88,1498.88,-0.0,10.14,15097.51,-1
2025-11-27,2025-11-27 11:27:00,1498.88,1498.88,1498.83,1498.83,-0.0,10.14,15097.51,-1
2025-11-27,2025-11-27 11:28:00,1498.83,1498.83,1498.79,1498.79,-0.0,10.14,15097.51,-1
2025-11-27,2025-11-27 11:29:00,1498.79,1498.79,1498.75,1498.75,-0.0,10.14,15097.51,-1
2025-11-27,2025-11-27 11:30:00,1498.75,1498.75,1498.71,1498.71,-0.0,10.14,15097.51,-1
2025-11-27,2025-11-27 11:31:00,1498.71,1498.71,1498.67,1498.67,-0.0,10.14,15097.51,-1
2025-11-27,2025-11-27 11:32:00,1498.67,1498.67,1498.62,1498.62,-0.0,10.14,15097.51,-1
2025-11-27,2025-11-27 11:33:00,1498.62,1498.62,1498.58,1498.58,-0.0,10.14,15097.51,-1
2025-11-27,2025-11-27 11:34:00,1498.58,1498.58,1498.54,1498.54,-0.0,10.14,15097.51,-1
2025-11-27,2025-11-27 11:35:00,1498.54,1498.54,1498.5,1498.5,-0.0,10.14,15097.51,-1
2025-11-27,2025-11-27 11:36:00,1498.5,1498.5,1498.46,1498.46,-0.0,10.14,15097.51,-1
2025-11-27,2025-11-27 11:37:00,1498.46,1498.46,1498.42,1498.42,-0.0,10.14,15097.51,-1
2025-11-27,2025-11-27 11:38:00,1498.42,1498.42,1498.38,1498.38,-0.0,10.14,15097.51,-1
2025-11-27,2025-11-27 11:39:00,1498.38,1498.38,1498.33,1498.33,-0.0,10.14,15097.51,-1
2025-11-27,2025-11-27 11:40:00,1498.33,1498.33,1498.29,1498.29,-0.0,10.14,15097.51,-1
2025-11-27,2025-11-27 11:41:00,1498.29,1498.29,1498.25,1498.25,-0.0,10.14,15097.51,-1
2025-11-27,2025-11-27 11:42:00,1498.25,1498.25,1498.21,1498.21,-0.0,10.14,15097.51,-1
2025-11-27,2025-11-27 11:43:00,1498.21,1498.21,1498.17,1498.17,-0.0,10.14,15097.51,-1
2025-11-27,2025-11-27 11:44:00,1498.17,1498.17,1498.12,1498.12,-0.0,10.14,15097.51,-1
2025-11-27,2025-11-27 11:45:00,1498.12,1498.12,1498.08,1498.08,-0.0,10.14,15097.51,-1
2025-11-27,2025-11-27 11:46:00,1498.08,1498.08,1498.04,1498.04,-0.0,10.14,15097.51,-1
2025-11-27,2025-11-27 11:47:00,1498.04,1498.04,1498.0,1498.0,-0.0,10.14,15097.51,-1
2025-11-27,2025-11-27 11:48:00,1498.0,1498.0,1497.96,1497.96,-0.0,10.14,15097.51,-1
2025-11-27,2025-11-27 11:49:00,1497.96,1497.96,1497.92,1497.92,-0.0,10.14,15097.51,-1
2025-11-27,2025-11-27 11:50:00,1497.92,1497.92,1497.88,1497.88,-0.0,10.14,15097.51,-1
2025-11-27,2025-11-27 11:51:00,1497.88,1497.88,1497.83,1497.83,-0.0,10.14,15097.51,-1
2025-11-27,2025-11-27 11:52:00,1497.83,1497.83,1497.79,1497.79,-0.0,10.14,15097.51,-1
2025-11-27,2025-11-27 11:53:00,1497.79,1497.79,1497.75,1497.75,-0.0,10.14,15097.51,-1
2025-11-27,2025-11-27 11:54:00,1497.75,1497.75,1497.71,1497.71,-0.0,10.14,15097.51,-1
2025-11-27,2025-11-27 11:55:00,1497.71,1497.71,1497.67,1497.67,-0.0,10.14,15097.51,-1
2025-11-27,2025-11-27 11:56:00,1497.67,1497.67,1497.62,1497.62,-0.0,10.14,15097.51,-1
2025-11-27,2025-11-27 11:57:00,1497.62,1497.62,1497.58,1497.58,-0.0,10.14,15097.51,-1
2025-11-27,2025-11-27 11:58:00,1497.58,1497.58,1497.54,1497.54,-0.0,10.14,15097.51,-1
2025-11-27,2025-11-27 11:59:00,1497.54,1497.54,1497.5,1497.5,-0.0,10.14,15097.51,-1
2025-11-27,2025-11-27 12:00:00,1497.5,1497.5,1497.46,1497.46,-0.0,10.14,15097.51,-1
2025-11-27,2025-11-27 12:01:00,1497.46,1497.46,1497.42,1497.42,-0.0,10.14,15097.51,-1
2025-11-27,2025-11-27 12:02:00,1497.42,1497.42,1497.38,1497.38,-0.0,10.14,15097.51,-1
2025-11-27,2025-11-27 12:03:00,1497.38,1497.38,1497.33,1497.33,-0.0,10.14,15097.51,-1
2025-11-27,2025-11-27 12:04:00,1497.33,1497.33,1497.29,1497.29,-0.0,10.14,15097.51,-1
2025-11-27,2025-11-27 12:05:00,1497.29,1497.29,1497.25,1497.25,-0.0,10.14,15097.51,-1
2025-11-27,2025-11-27 12:06:00,1497.25,1497.25,1497.21,1497.21,-0.0,10.14,15097.51,-1
2025-11-27,2025-11-27 12:07:00,1497.21,1497.21,1497.17,1497.17,-0.0,10.14,15097.51,-1
2025-11-27,2025-11-27 12:08:00,1497.17,1497.17,1497.12,1497.12,-0.0,10.14,15097.51,-1
2025-11-27,2025-11-27 12:09:00,1497.12,1497.12,1497.08,1497.08,-0.0,10.14,15097.51,-1
2025-11-27,2025-11-27 12:10:00,1497.08,1497.08,1497.04,1497.04,-0.0,10.14,15097.51,-1
2025-11-27,2025-11-27 12:11:00,1497.04,1497.04,1497.0,1497.0,-0.0,10.14,15097.51,-1
2025-11-27,2025-11-27 12:12:00,1497.0,1497.0,1496.96,1496.96,-0.0,10.14,15097.51,-1
2025-11-27,2025-11-27 12:13:00,1496.96,1496.96,1496.92,1496.92,-0.0,10.14,15097.51,-1
2025-11-27,2025-11-27 12:14:00,1496.92,1496.92,1496.88,1496.88,-0.0,10.14,15097.51,-1
2025-11-27,2025-11-27 12:15:00,1496.88,1496.88,1496.83,1496.83,-0.0,10.14,15097.51,-1
2025-11-27,2025-11-27 12:16:00,1496.83,1496.83,1496.79,1496.79,-0.0,10.14,15097.51,-1
2025-11-27,2025-11-27 12:17:00,1496.79,1496.79,1496.75,1496.75,-0.0,10.14,15097.51,-1
2025-11-27,2025-11-27 12:18:00,1496.75,1496.75,1496.71,1496.71,-0.0,10.14,15097.51,-1
2025-11-27,2025-11-27 12:19:00,1496.71,1496.71,1496.67,1496.67,-0.0,10.14,15097.51,-1
2025-11-27,2025-11-27 12:20:00,1496.67,1496.67,1496.62,1496.62,-0.0,10.14,15097.51,-1
2025-11-27,2025-11-27 12:21:00,1496.62,1496.62,1496.58,1496.58,-0.0,10.14,15097.51,-1
2025-11-27,2025-11-27 12:22:00,1496.58,1496.58,1496.54,1496.54,-0.0,10.14,15097.51,-1
2025-11-27,2025-11-27 12:23:00,1496.54,1496.54,1496.5,1496.5,-0.0,10.14,15097.51,-1
2025-11-27,2025-11-27 12:24:00,1496.5,1496.5,1496.46,1496.46,-0.0,10.14,15097.51,-1
2025-11-27,2025-11-27 12:25:00,1496.46,1496.46,1496.42,1496.42,-0.0,10.14,15097.51,-1
2025-11-27,2025-11-27 12:26:00,1496.42,1496.42,1496.38,1496.38,-0.0,10.14,15097.51,-1
2025-11-27,2025-11-27 12:27:00,1496.38,1496.38,1496.33,1496.33,-0.0,10.14,15097.51,-1
2025-11-27,2025-11-27 12:28:00,1496.33,1496.33,1496.29,1496.29,-0.0,10.14,15097.51,-1
2025-11-27,2025-11-27 12:29:00,1496.29,1496.29,1496.25,1496.25,-0.0,10.14,15097.51,-1
2025-11-27,2025-11-27 12:30:00,1496.25,1496.25,1496.21,1496.21,-0.0,10.14,15097.51,-1
2025-11-27,2025-11-27 12:31:00,1496.21,1496.21,1496.17,1496.17,-0.0,10.14,15097.51,-1
2025-11-27,2025-11-27 12:32:00,1496.17,1496.17,1496.12,1496.12,-0.0,10.14,15097.51,-1
2025-11-27,2025-11-27 12:33:00,1496.12,1496.12,1496.08,1496.08,-0.0,10.14,15097.51,-1
2025-11-27,2025-11-27 12:34:00,1496.08,1496.08,1496.04,1496.04,-0.0,10.14,15097.51,-1
2025-11-27,2025-11-27 12:35:00,1496.04,1496.04,1496.0,1496.0,-0.0,10.14,15097.51,-1
2025-11-27,2025-11-27 12:36:00,1496.0,1496.0,1495.96,1495.96,-0.0,10.14,15097.51,-1
2025-11-27,2025-11-27 12:37:00,1495.96,1495.96,1495.92,1495.92,-0.0,10.14,15097.51,-1
2025-11-27,2025-11-27 12:38:00,1495.92,1495.92,1495.88,1495.88,-0.0,10.14,15097.51,-1
2025-11-27,2025-11-27 12:39:00,1495.88,1495.88,1495.83,1495.83,-0.0,10.14,15097.51,-1
2025-11-27,2025-11-27 12:40:00,1495.83,1495.83,1495.79,1495.79,-0.0,10.14,15097.51,-1
2025-11-27,2025-11-27 12:41:00,1495.79,1495.79,1495.75,1495.75,-0.0,10.14,15097.51,-1
2025-11-27,2025-11-27 12:42:00,1495.75,1495.75,1495.71,1495.71,-0.0,10.14,15097.51,-1
2025-11-27,2025-11-27 12:43:00,1495.71,1495.71,1495.67,1495.67,-0.0,10.14,15097.51,-1
2025-11-27,2025-11-27 12:44:00,1495.67,1495.67,1495.62,1495.62,-0.0,10.14,15097.51,-1
2025-11-27,2025-11-27 12:45:00,1495.62,1495.62,1495.58,1495.58,-0.0,10.14,15097.51,-1
2025-11-27,2025-11-27 12:46:00,1495.58,1495.58,1495.54,1495.54,-0.0,10.14,15097.51,-1
2025-11-27,2025-11-27 12:47:00,1495.54,1495.54,1495.5,1495.5,-0.0,10.14,15097.51,-1
2025-11-27,2025-11-27 12:48:00,1495.5,1495.5,1495.46,1495.46,-0.0,10.14,15097.51,-1
2025-11-27,2025-11-27 12:49:00,1495.46,1495.46,1495.42,1495.42,-0.0,10.14,15097.51,-1
2025-11-27,2025-11-27 12:50:00,1495.42,1495.42,1495.38,1495.38,-0.0,10.14,15097.51,-1
2025-11-27,2025-11-27 12:51:00,1495.38,1495.38,1495.33,1495.33,-0.0,10.14,15097.51,-1
2025-11-27,2025-11-27 12:52:00,1495.33,1495.33,1495.29,1495.29,-0.0,10.14,15097.51,-1
2025-11-27,2025-11-27 12:53:00,1495.29,1495.29,1495.25,1495.25,-0.0,10.14,15097.51,-1
2025-11-27,2025-11-27 12:54:00,1495.25,1495.25,1495.21,1495.21,-0.0,10.14,15097.51,-1
2025-11-27,2025-11-27 12:55:00,1495.21,1495.21,1495.17,1495.17,-0.0,10.14,15097.51,-1
2025-11-27,2025-11-27 12:56:00,1495.17,1495.17,1495.12,1495.12,-0.0,10.14,15097.51,-1
2025-11-27,2025-11-27 12:57:00,1495.12,1495.12,1495.08,1495.08,-0.0,10.14,15097.51,-1
2025-11-27,2025-11-27 12:58:00,1495.08,1495.08,1495.04,1495.04,-0.0,10.14,15097.51,-1
2025-11-27,2025-11-27 12:59:00,1495.04,1495.04,1495.0,1495.0,-0.0,10.14,15097.51,-1
2025-11-27,2025-11-27 13:00:00,1495.0,1500.0,1487.0,1494.96,-0.0,10.14,15097.51,-1
2025-11-27,2025-11-27 13:01:00,1494.96,1494.96,1494.92,1494.92,-0.0,10.14,15097.51,-1
2025-11-27,2025-11-27 13:02:00,1494.92,1494.92,1494.88,1494.88,-0.0,10.14,15097.51,-1
2025-11-27,2025-11-27 13:03:00,1494.88,1494.88,1494.83,1494.83,-0.0,10.14,15097.51,-1
2025-11-27,2025-11-27 13:04:00,1494.83,1494.83,1494.79,1494.79,-0.0,10.14,15097.51,-1
2025-11-27,2025-11-27 13:05:00,1494.79,1494.79,1494.75,1494.75,-0.0,10.14,15097.51,-1
2025-11-27,2025-11-27 13:06:00,1494.75,1494.75,1494.71,1494.71,-0.0,10.14,15097.51,-1
2025-11-27,2025-11-27 13:07:00,1494.71,1494.71,1494.67,1494.67,-0.0,10.14,15097.51,-1
2025-11-27,2025-11-27 13:08:00,1494.67,1494.67,1494.62,1494.62,-0.0,10.14,15097.51,-1
2025-11-27,2025-11-27 13:09:00,1494.62,1494.62,1494.58,1494.58,-0.0,10.14,15097.51,-1
2025-11-27,2025-11-27 13:10:00,1494.58,1494.58,1494.54,1494.54,-0.0,10.14,15097.51,-1
2025-11-27,2025-11-27 13:11:00,1494.54,1494.54,1494.5,1494.5,-0.0,10.14,15097.51,-1
2025-11-27,2025-11-27 13:12:00,1494.5,1494.5,1494.46,1494.46,-0.0,10.14,15097.51,-1
2025-11-27,2025-11-27 13:13:00,1494.46,1494.46,1494.42,1494.42,-0.0,10.14,15097.51,-1
2025-11-27,2025-11-27 13:14:00,1494.42,1494.42,1494.38,1494.38,-0.0,10.14,15097.51,-1
2025-11-27,2025-11-27 13:15:00,1494.38,1494.38,1494.33,1494.33,-0.0,10.14,15097.51,-1
2025-11-27,2025-11-27 13:16:00,1494.33,1494.33,1494.29,1494.29,-0.0,10.14,15097.51,-1
2025-11-27,2025-11-27 13:17:00,1494.29,1494.29,1494.25,1494.25,-0.0,10.14,15097.51,-1
2025-11-27,2025-11-27 13:18:00,1494.25,1494.25,1494.21,1494.21,-0.0,10.14,15097.51,-1
2025-11-27,2025-11-27 13:19:00,1494.21,1494.21,1494.17,1494.17,-0.0,10.14,15097.51,-1
2025-11-27,2025-11-27 13:20:00,1494.17,1494.17,1494.12,1494.12,-0.0,10.14,15097.51,-1
2025-11-27,2025-11-27 13:21:00,1494.12,1494.12,1494.08,1494.08,-0.0,10.14,15097.51,-1
2025-11-27,2025-11-27 13:22:00,1494.08,1494.08,1494.04,1494.04,-0.0,10.14,15097.51,-1
2025-11-27,2025-11-27 13:23:00,1494.04,1494.04,1494.0,1494.0,-0.0,10.14,15097.51,-1
2025-11-27,2025-11-27 13:24:00,1494.0,1494.0,1493.96,1493.96,-0.0,10.14,15097.51,-1
2025-11-27,2025-11-27 13:25:00,1493.96,1493.96,1493.92,1493.92,-0.0,10.14,15097.51,-1
2025-11-27,2025-11-27 13:26:00,1493.92,1493.92,1493.88,1493.88,-0.0,10.14,15097.51,-1
2025-11-27,2025-11-27 13:27:00,1493.88,1493.88,1493.83,1493.83,-0.0,10.14,15097.51,-1
2025-11-27,2025-11-27 13:28:00,1493.83,1493.83,1493.79,1493.79,-0.0,10.14,15097.51,-1
2025-11-27,2025-11-27 13:29:00,1493.79,1493.79,1493.75,1493.75,-0.0,10.14,15097.51,-1
2025-11-27,2025-11-27 13:30:00,1493.75,1493.75,1493.71,1493.71,-0.0,10.14,15097.51,-1
2025-11-27,2025-11-27 13:31:00,1493.71,1493.71,1493.67,1493.67,-0.0,10.14,15097.51,-1
2025-11-27,2025-11-27 13:32:00,1493.67,1493.67,1493.62,1493.62,-0.0,10.14,15097.51,-1
2025-11-27,2025-11-27 13:33:00,1493.62,1493.62,1493.58,1493.58,-0.0,10.14,15097.51,-1
2025-11-27,2025-11-27 13:34:00,1493.58,1493.58,1493.54,1493.54,-0.0,10.14,15097.51,-1
2025-11-27,2025-11-27 13:35:00,1493.54,1493.54,1493.5,1493.5,-0.0,10.14,15097.51,-1
2025-11-27,2025-11-27 13:36:00,1493.5,1493.5,1493.46,1493.46,-0.0,10.14,15097.51,-1
2025-11-27,2025-11-27 13:37:00,1493.46,1493.46,1493.42,1493.42,-0.0,10.14,15097.51,-1
2025-11-27,2025-11-27 13:38:00,1493.42,1493.42,1493.38,1493.38,-0.0,10.14,15097.51,-1
2025-11-27,2025-11-27 13:39:00,1493.38,1493.38,1493.33,1493.33,-0.0,10.14,15097.51,-1
2025-11-27,2025-11-27 13:40:00,1493.33,1493.33,1493.29,1493.29,-0.0,10.14,15097.51,-1
2025-11-27,2025-11-27 13:41:00,1493.29,1493.29,1493.25,1493.25,-0.0,10.14,15097.51,-1
2025-11-27,2025-11-27 13:42:00,1493.25,1493.25,1493.21,1493.21,-0.0,10.14,15097.51,-1
2025-11-27,2025-11-27 13:43:00,1493.21,1493.21,1493.17,1493.17,-0.0,10.14,15097.51,-1
2025-11-27,2025-11-27 13:44:00,1493.17,1493.17,1493.12,1493.12,-0.0,10.14,15097.51,-1
2025-11-27,2025-11-27 13:45:00,1493.12,1493.12,1493.08,1493.08,-0.0,10.14,15097.51,-1
2025-11-27,2025-11-27 13:46:00,1493.08,1493.08,1493.04,1493.04,-0.0,10.14,15097.51,-1
2025-11-27,2025-11-27 13:47:00,1493.04,1493.04,1493.0,1493.0,-0.0,10.14,15097.51,-1
2025-11-27,2025-11-27 13:48:00,1493.0,1493.0,1492.96,1492.96,-0.0,10.14,15097.51,-1
2025-11-27,2025-11-27 13:49:00,1492.96,1492.96,1492.92,1492.92,-0.0,10.14,15097.51,-1
2025-11-27,2025-11-27 13:50:00,1492.92,1492.92,1492.88,1492.88,-0.0,10.14,15097.51,-1
2025-11-27,2025-11-27 13:51:00,1492.88,1492.88,1492.83,1492.83,-0.0,10.14,15097.51,-1
2025-11-27,2025-11-27 13:52:00,1492.83,1492.83,1492.79,1492.79,-0.0,10.14,15097.51,-1
2025-11-27,2025-11-27 13:53:00,1492.79,1492.79,1492.75,1492.75,-0.0,10.14,15097.51,-1
2025-11-27,2025-11-27 13:54:00,1492.75,1492.75,1492.71,1492.71,-0.0,10.14,15097.51,-1
2025-11-27,2025-11-27 13:55:00,1492.71,1492.71,1492.67,1492.67,-0.0,10.14,15097.51,-1
2025-11-27,2025-11-27 13:56:00,1492.67,1492.67,1492.62,1492.62,-0.0,10.14,15097.51,-1
2025-11-27,2025-11-27 13:57:00,1492.62,1492.62,1492.58,1492.58,-0.0,10.14,15097.51,-1
2025-11-27,2025-11-27 13:58:00,1492.58,1492.58,1492.54,1492.54,-0.0,10.14,15097.51,-1
2025-11-27,2025-11-27 13:59:00,1492.54,1492.54,1492.5,1492.5,-0.0,10.14,15097.51,-1
2025-11-27,2025-11-27 14:00:00,1492.5,1492.5,1492.46,1492.46,-0.0,10.14,15097.51,-1
2025-11-27,2025-11-27 14:01:00,1492.46,1492.46,1492.42,1492.42,-0.0,10.14,15097.51,-1
2025-11-27,2025-11-27 14:02:00,1492.42,1492.42,1492.38,1492.38,-0.0,10.14,15097.51,-1
2025-11-27,2025-11-27 14:03:00,1492.38,1492.38,1492.33,1492.33,-0.0,10.14,15097.51,-1
2025-11-27,2025-11-27 14:04:00,1492.33,1492.33,1492.29,1492.29,-0.0,10.14,15097.51,-1
2025-11-27,2025-11-27 14:05:00,1492.29,1492.29,1492.25,1492.25,-0.0,10.14,15097.51,-1
2025-11-27,2025-11-27 14:06:00,1492.25,1492.25,1492.21,1492.21,-0.0,10.14,15097.51,-1
2025-11-27,2025-11-27 14:07:00,1492.21,1492.21,1492.17,1492.17,-0.0,10.14,15097.51,-1
2025-11-27,2025-11-27 14:08:00,1492.17,1492.17,1492.12,1492.12,-0.0,10.14,15097.51,-1
2025-11-27,2025-11-27 14:09:00,1492.12,1492.12,1492.08,1492.08,-0.0,10.14,15097.51,-1
2025-11-27,2025-11-27 14:10:00,1492.08,1492.08,1492.04,1492.04,-0.0,10.14,15097.51,-1
2025-11-27,2025-11-27 14:11:00,1492.04,1492.04,1492.0,1492.0,-0.0,10.14,15097.51,-1
2025-11-27,2025-11-27 14:12:00,1492.0,1492.0,1491.96,1491.96,-0.0,10.14,15097.51,-1
2025-11-27,2025-11-27 14:13:00,1491.96,1491.96,1491.92,1491.92,-0.0,10.14,15097.51,-1
2025-11-27,2025-11-27 14:14:00,1491.92,1491.92,1491.88,1491.88,-0.0,10.14,15097.51,-1
2025-11-27,2025-11-27 14:15:00,1491.88,1491.88,1491.83,1491.83,-0.0,10.14,15097.51,-1
2025-11-27,2025-11-27 14:16:00,1491.83,1491.83,1491.79,1491.79,-0.0,10.14,15097.51,-1
2025-11-27,2025-11-27 14:17:00,1491.79,1491.79,1491.75,1491.75,-0.0,10.14,15097.51,-1
2025-11-27,2025-11-27 14:18:00,1491.75,1491.75,1491.71,1491.71,-0.0,10.14,15097.51,-1
2025-11-27,2025-11-27 14:19:00,1491.71,1491.71,1491.67,1491.67,-0.0,10.14,15097.51,-1
2025-11-27,2025-11-27 14:20:00,1491.67,1491.67,1491.62,1491.62,-0.0,10.14,15097.51,-1
2025-11-27,2025-11-27 14:21:00,1491.62,1491.62,1491.58,1491.58,-0.0,10.14,15097.51,-1
2025-11-27,2025-11-27 14:22:00,1491.58,1491.58,1491.54,1491.54,-0.0,10.14,15097.51,-1
2025-11-27,2025-11-27 14:23:00,1491.54,1491.54,1491.5,1491.5,-0.0,10.14,15097.51,-1
2025-11-27,2025-11-27 14:24:00,1491.5,1491.5,1491.46,1491.46,-0.0,10.14,15097.51,-1
2025-11-27,2025-11-27 14:25:00,1491.46,1491.46,1491.42,1491.42,-0.0,10.14,15097.51,-1
2025-11-27,2025-11-27 14:26:00,1491.42,1491.42,1491.38,1491.38,-0.0,10.14,15097.51,-1
2025-11-27,2025-11-27 14:27:00,1491.38,1491.38,1491.33,1491.33,-0.0,10.14,15097.51,-1
2025-11-27,2025-11-27 14:28:00,1491.33,1491.33,1491.29,1491.29,-0.0,10.14,15097.51,-1
2025-11-27,2025-11-27 14:29:00,1491.29,1491.29,1491.25,1491.25,-0.0,10.14,15097.51,-1
2025-11-27,2025-11-27 14:30:00,1491.25,1491.25,1491.21,1491.21,-0.0,10.14,15097.51,-1
2025-11-27,2025-11-27 14:31:00,1491.21,1491.21,1491.17,1491.17,-0.0,10.14,15097.51,-1
2025-11-27,2025-11-27 14:32:00,1491.17,1491.17,1491.12,1491.12,-0.0,10.14,15097.51,-1
2025-11-27,2025-11-27 14:33:00,1491.12,1491.12,1491.08,1491.08,-0.0,10.14,15097.51,-1
2025-11-27,2025-11-27 14:34:00,1491.08,1491.08,1491.04,1491.04,-0.0,10.14,15097.51,-1
2025-11-27,2025-11-27 14:35:00,1491.04,1491.04,1491.0,1491.0,-0.0,10.14,15097.51,-1
2025-11-27,2025-11-27 14:36:00,1491.0,1491.0,1490.96,1490.96,-0.0,10.14,15097.51,-1
2025-11-27,2025-11-27 14:37:00,1490.96,1490.96,1490.92,1490.92,-0.0,10.14,15097.51,-1
2025-11-27,2025-11-27 14:38:00,1490.92,1490.92,1490.88,1490.88,-0.0,10.14,15097.51,-1
2025-11-27,2025-11-27 14:39:00,1490.88,1490.88,1490.83,1490.83,-0.0,10.14,15097.51,-1
2025-11-27,2025-11-27 14:40:00,1490.83,1490.83,1490.79,1490.79,-0.0,10.14,15097.51,-1
2025-11-27,2025-11-27 14:41:00,1490.79,1490.79,1490.75,1490.75,-0.0,10.14,15097.51,-1
2025-11-27,2025-11-27 14:42:00,1490.75,1490.75,1490.71,1490.71,-0.0,10.14,15097.51,-1
2025-11-27,2025-11-27 14:43:00,1490.71,1490.71,1490.67,1490.67,-0.0,10.14,15097.51,-1
2025-11-27,2025-11-27 14:44:00,1490.67,1490.67,1490.62,1490.62,-0.0,10.14,15097.51,-1
2025-11-27,2025-11-27 14:45:00,1490.62,1490.62,1490.58,1490.58,-0.0,10.14,15097.51,-1
2025-11-27,2025-11-27 14:46:00,1490.58,1490.58,1490.54,1490.54,-0.0,10.14,15097.51,-1
2025-11-27,2025-11-27 14:47:00,1490.54,1490.54,1490.5,1490.5,-0.0,10.14,15097.51,-1
2025-11-27,2025-11-27 14:48:00,1490.5,1490.5,1490.46,1490.46,-0.0,10.14,15097.51,-1
2025-11-27,2025-11-27 14:49:00,1490.46,1490.46,1490.42,1490.42,-0.0,10.14,15097.51,-1
2025-11-27,2025-11-27 14:50:00,1490.42,1490.42,1490.38,1490.38,-0.0,10.14,15097.51,-1
2025-11-27,2025-11-27 14:51:00,1490.38,1490.38,1490.33,1490.33,-0.0,10.14,15097.51,-1
2025-11-27,2025-11-27 14:52:00,1490.33,1490.33,1490.29,1490.29,-0.0,10.14,15097.51,-1
2025-11-27,2025-11-27 14:53:00,1490.29,1490.29,1490.25,1490.25,-0.0,10.14,15097.51,-1
2025-11-27,2025-11-27 14:54:00,1490.25,1490.25,1490.21,1490.21,-0.0,10.14,15097.51,-1
2025-11-27,2025-11-27 14:55:00,1490.21,1490.21,1490.17,1490.17,-0.0,10.14,15097.51,-1
2025-11-27,2025-11-27 14:56:00,1490.17,1490.17,1490.12,1490.12,-0.0,10.14,15097.51,-1
2025-11-27,2025-11-27 14:57:00,1490.12,1490.12,1490.08,1490.08,-0.0,10.14,15097.51,-1
2025-11-27,2025-11-27 14:58:00,1490.08,1490.08,1490.04,1490.04,-0.0,10.14,15097.51,-1
2025-11-27,2025-11-27 14:59:00,1490.04,1490.04,1490.0,1490.0,-0.0,10.14,15097.51,-1
2025-11-27,2025-11-27 15:00:00,1490.0,1500.0,1487.0,1490.0,0.0,10.14,15097.51,0
2025-11-30,2025-11-30 11:00:00,1480.1,1497.8,1480.1,1480.15,0.0,11.59,17521.72,1
2025-11-30,2025-11-30 11:01:00,1480.15,1480.2,1480.15,1480.2,0.0,11.59,17521.72,1
2025-11-30,2025-11-30 11:02:00,1480.2,1480.25,1480.2,1480.25,0.0,11.59,17521.72,1
2025-11-30,2025-11-30 11:03:00,1480.25,1480.3,1480.25,1480.3,0.0,11.59,17521.72,1
2025-11-30,2025-11-30 11:04:00,1480.3,1480.35,1480.3,1480.35,0.0,11.59,17521.72,1
2025-11-30,2025-11-30 11:05:00,1480.35,1480.4,1480.35,1480.4,0.0,11.59,17521.72,1
2025-11-30,2025-11-30 11:06:00,1480.4,1480.45,1480.4,1480.45,0.0,11.59,17521.72,1
2025-11-30,2025-11-30 11:07:00,1480.45,1480.5,1480.45,1480.5,0.0,11.59,17521.72,1
2025-11-30,2025-11-30 11:08:00,1480.5,1480.55,1480.5,1480.55,0.0,11.59,17521.72,1
2025-11-30,2025-11-30 11:09:00,1480.55,1480.6,1480.55,1480.6,0.0,11.59,17521.72,1
2025-11-30,2025-11-30 11:10:00,1480.6,1480.65,1480.6,1480.65,0.0,11.59,17521.72,1
2025-11-30,2025-11-30 11:11:00,1480.65,1480.69,1480.65,1480.69,0.0,11.59,17521.72,1
2025-11-30,2025-11-30 11:12:00,1480.69,1480.74,1480.69,1480.74,0.0,11.59,17521.72,1
2025-11-30,2025-11-30 11:13:00,1480.74,1480.79,1480.74,1480.79,0.0,11.59,17521.72,1
2025-11-30,2025-11-30 11:14:00,1480.79,1480.84,1480.79,1480.84,0.0,11.59,17521.72,1
2025-11-30,2025-11-30 11:15:00,1480.84,1480.89,1480.84,1480.89,0.0,11.59,17521.72,1
2025-11-30,2025-11-30 11:16:00,1480.89,1480.94,1480.89,1480.94,0.0,11.59,17521.72,1
2025-11-30,2025-11-30 11:17:00,1480.94,1480.99,1480.94,1480.99,0.0,11.59,17521.72,1
2025-11-30,2025-11-30 11:18:00,1480.99,1481.04,1480.99,1481.04,0.0,11.59,17521.72,1
2025-11-30,2025-11-30 11:19:00,1481.04,1481.09,1481.04,1481.09,0.0,11.59,17521.72,1
2025-11-30,2025-11-30 11:20:00,1481.09,1481.14,1481.09,1481.14,0.0,11.59,17521.72,1
2025-11-30,2025-11-30 11:21:00,1481.14,1481.19,1481.14,1481.19,0.0,11.59,17521.72,1
2025-11-30,2025-11-30 11:22:00,1481.19,1481.24,1481.19,1481.24,0.0,11.59,17521.72,1
2025-11-30,2025-11-30 11:23:00,1481.24,1481.29,1481.24,1481.29,0.0,11.59,17521.72,1
2025-11-30,2025-11-30 11:24:00,1481.29,1481.34,1481.29,1481.34,0.0,11.59,17521.72,1
2025-11-30,2025-11-30 11:25:00,1481.34,1481.39,1481.34,1481.39,0.0,11.59,17521.72,1
2025-11-30,2025-11-30 11:26:00,1481.39,1481.44,1481.39,1481.44,0.0,11.59,17521.72,1
2025-11-30,2025-11-30 11:27:00,1481.44,1481.49,1481.44,1481.49,0.0,11.59,17521.72,1
2025-11-30,2025-11-30 11:28:00,1481.49,1481.54,1481.49,1481.54,0.0,11.59,17521.72,1
2025-11-30,2025-11-30 11:29:00,1481.54,1481.59,1481.54,1481.59,0.0,11.59,17521.72,1
2025-11-30,2025-11-30 11:30:00,1481.59,1481.64,1481.59,1481.64,0.0,11.59,17521.72,1
2025-11-30,2025-11-30 11:31:00,1481.64,1481.69,1481.64,1481.69,0.0,11.59,17521.72,1
2025-11-30,2025-11-30 11:32:00,1481.69,1481.74,1481.69,1481.74,0.0,11.59,17521.72,1
2025-11-30,2025-11-30 11:33:00,1481.74,1481.79,1481.74,1481.79,0.0,11.59,17521.72,1
2025-11-30,2025-11-30 11:34:00,1481.79,1481.84,1481.79,1481.84,0.0,11.59,17521.72,1
2025-11-30,2025-11-30 11:35:00,1481.84,1481.88,1481.84,1481.88,0.0,11.59,17521.72,1
2025-11-30,2025-11-30 11:36:00,1481.88,1481.93,1481.88,1481.93,0.0,11.59,17521.72,1
2025-11-30,2025-11-30 11:37:00,1481.93,1481.98,1481.93,1481.98,0.0,11.59,17521.72,1
2025-11-30,2025-11-30 11:38:00,1481.98,1482.03,1481.98,1482.03,0.0,11.59,17521.72,1
2025-11-30,2025-11-30 11:39:00,1482.03,1482.08,1482.03,1482.08,0.0,11.59,17521.72,1
2025-11-30,2025-11-30 11:40:00,1482.08,1482.13,1482.08,1482.13,0.0,11.59,17521.72,1
2025-11-30,2025-11-30 11:41:00,1482.13,1482.18,1482.13,1482.18,0.0,11.59,17521.72,1
2025-11-30,2025-11-30 11:42:00,1482.18,1482.23,1482.18,1482.23,0.0,11.59,17521.72,1
2025-11-30,2025-11-30 11:43:00,1482.23,1482.28,1482.23,1482.28,0.0,11.59,17521.72,1
2025-11-30,2025-11-30 11:44:00,1482.28,1482.33,1482.28,1482.33,0.0,11.59,17521.72,1
2025-11-30,2025-11-30 11:45:00,1482.33,1482.38,1482.33,1482.38,0.0,11.59,17521.72,1
2025-11-30,2025-11-30 11:46:00,1482.38,1482.43,1482.38,1482.43,0.0,11.59,17521.72,1
2025-11-30,2025-11-30 11:47:00,1482.43,1482.48,1482.43,1482.48,0.0,11.59,17521.72,1
2025-11-30,2025-11-30 11:48:00,1482.48,1482.53,1482.48,1482.53,0.0,11.59,17521.72,1
2025-11-30,2025-11-30 11:49:00,1482.53,1482.58,1482.53,1482.58,0.0,11.59,17521.72,1
2025-11-30,2025-11-30 11:50:00,1482.58,1482.63,1482.58,1482.63,0.0,11.59,17521.72,1
2025-11-30,2025-11-30 11:51:00,1482.63,1482.68,1482.63,1482.68,0.0,11.59,17521.72,1
2025-11-30,2025-11-30 11:52:00,1482.68,1482.73,1482.68,1482.73,0.0,11.59,17521.72,1
2025-11-30,2025-11-30 11:53:00,1482.73,1482.78,1482.73,1482.78,0.0,11.59,17521.72,1
2025-11-30,2025-11-30 11:54:00,1482.78,1482.83,1482.78,1482.83,0.0,11.59,17521.72,1
2025-11-30,2025-11-30 11:55:00,1482.83,1482.88,1482.83,1482.88,0.0,11.59,17521.72,1
2025-11-30,2025-11-30 11:56:00,1482.88,1482.93,1482.88,1482.93,0.0,11.59,17521.72,1
2025-11-30,2025-11-30 11:57:00,1482.93,1482.98,1482.93,1482.98,0.0,11.59,17521.72,1
2025-11-30,2025-11-30 11:58:00,1482.98,1483.03,1482.98,1483.03,0.0,11.59,17521.72,1
2025-11-30,2025-11-30 11:59:00,1483.03,1483.07,1483.03,1483.07,0.0,11.59,17521.72,1
2025-11-30,2025-11-30 12:00:00,1483.07,1483.12,1483.07,1483.12,0.0,11.59,17521.72,1
2025-11-30,2025-11-30 12:01:00,1483.12,1483.17,1483.12,1483.17,0.0,11.59,17521.72,1
2025-11-30,2025-11-30 12:02:00,1483.17,1483.22,1483.17,1483.22,0.0,11.59,17521.72,1
2025-11-30,2025-11-30 12:03:00,1483.22,1483.27,1483.22,1483.27,0.0,11.59,17521.72,1
2025-11-30,2025-11-30 12:04:00,1483.27,1483.32,1483.27,1483.32,0.0,11.59,17521.72,1
2025-11-30,2025-11-30 12:05:00,1483.32,1483.37,1483.32,1483.37,0.0,11.59,17521.72,1
2025-11-30,2025-11-30 12:06:00,1483.37,1483.42,1483.37,1483.42,0.0,11.59,17521.72,1
2025-11-30,2025-11-30 12:07:00,1483.42,1483.47,1483.42,1483.47,0.0,11.59,17521.72,1
2025-11-30,2025-11-30 12:08:00,1483.47,1483.52,1483.47,1483.52,0.0,11.59,17521.72,1
2025-11-30,2025-11-30 12:09:00,1483.52,1483.57,1483.52,1483.57,0.0,11.59,17521.72,1
2025-11-30,2025-11-30 12:10:00,1483.57,1483.62,1483.57,1483.62,0.0,11.59,17521.72,1
2025-11-30,2025-11-30 12:11:00,1483.62,1483.67,1483.62,1483.67,0.0,11.59,17521.72,1
2025-11-30,2025-11-30 12:12:00,1483.67,1483.72,1483.67,1483.72,0.0,11.59,17521.72,1
2025-11-30,2025-11-30 12:13:00,1483.72,1483.77,1483.72,1483.77,0.0,11.59,17521.72,1
2025-11-30,2025-11-30 12:14:00,1483.77,1483.82,1483.77,1483.82,0.0,11.59,17521.72,1
2025-11-30,2025-11-30 12:15:00,1483.82,1483.87,1483.82,1483.87,0.0,11.59,17521.72,1
2025-11-30,2025-11-30 12:16:00,1483.87,1483.92,1483.87,1483.92,0.0,11.59,17521.72,1
2025-11-30,2025-11-30 12:17:00,1483.92,1483.97,1483.92,1483.97,0.0,11.59,17521.72,1
2025-11-30,2025-11-30 12:18:00,1483.97,1484.02,1483.97,1484.02,0.0,11.59,17521.72,1
2025-11-30,2025-11-30 12:19:00,1484.02,1484.07,1484.02,1484.07,0.0,11.59,17521.72,1
2025-11-30,2025-11-30 12:20:00,1484.07,1484.12,1484.07,1484.12,0.0,11.59,17521.72,1
2025-11-30,2025-11-30 12:21:00,1484.12,1484.17,1484.12,1484.17,0.0,11.59,17521.72,1
2025-11-30,2025-11-30 12:22:00,1484.17,1484.22,1484.17,1484.22,0.0,11.59,17521.72,1
2025-11-30,2025-11-30 12:23:00,1484.22,1484.26,1484.22,1484.26,0.0,11.59,17521.72,1
2025-11-30,2025-11-30 12:24:00,1484.26,1484.31,1484.26,1484.31,0.0,11.59,17521.72,1
2025-11-30,2025-11-30 12:25:00,1484.31,1484.36,1484.31,1484.36,0.0,11.59,17521.72,1
2025-11-30,2025-11-30 12:26:00,1484.36,1484.41,1484.36,1484.41,0.0,11.59,17521.72,1
2025-11-30,2025-11-30 12:27:00,1484.41,1484.46,1484.41,1484.46,0.0,11.59,17521.72,1
2025-11-30,2025-11-30 12:28:00,1484.46,1484.51,1484.46,1484.51,0.0,11.59,17521.72,1
2025-11-30,2025-11-30 12:29:00,1484.51,1484.56,1484.51,1484.56,0.0,11.59,17521.72,1
2025-11-30,2025-11-30 12:30:00,1484.56,1484.61,1484.56,1484.61,0.0,11.59,17521.72,1
2025-11-30,2025-11-30 12:31:00,1484.61,1484.66,1484.61,1484.66,0.0,11.59,17521.72,1
2025-11-30,2025-11-30 12:32:00,1484.66,1484.71,1484.66,1484.71,0.0,11.59,17521.72,1
2025-11-30,2025-11-30 12:33:00,1484.71,1484.76,1484.71,1484.76,0.0,11.59,17521.72,1
2025-11-30,2025-11-30 12:34:00,1484.76,1484.81,1484.76,1484.81,0.0,11.59,17521.72,1
2025-11-30,2025-11-30 12:35:00,1484.81,1484.86,1484.81,1484.86,0.0,11.59,17521.72,1
2025-11-30,2025-11-30 12:36:00,1484.86,1484.91,1484.86,1484.91,0.0,11.59,17521.72,1
2025-11-30,2025-11-30 12:37:00,1484.91,1484.96,1484.91,1484.96,0.0,11.59,17521.72,1
2025-11-30,2025-11-30 12:38:00,1484.96,1485.01,1484.96,1485.01,0.0,11.59,17521.72,1
2025-11-30,2025-11-30 12:39:00,1485.01,1485.06,1485.01,1485.06,0.0,11.59,17521.72,1
2025-11-30,2025-11-30 12:40:00,1485.06,1485.11,1485.06,1485.11,0.0,11.59,17521.72,1
2025-11-30,2025-11-30 12:41:00,1485.11,1485.16,1485.11,1485.16,0.0,11.59,17521.72,1
2025-11-30,2025-11-30 12:42:00,1485.16,1485.21,1485.16,1485.21,0.0,11.59,17521.72,1
2025-11-30,2025-11-30 12:43:00,1485.21,1485.26,1485.21,1485.26,0.0,11.59,17521.72,1
2025-11-30,2025-11-30 12:44:00,1485.26,1485.31,1485.26,1485.31,0.0,11.59,17521.72,1
2025-11-30,2025-11-30 12:45:00,1485.31,1485.36,1485.31,1485.36,0.0,11.59,17521.72,1
2025-11-30,2025-11-30 12:46:00,1485.36,1485.41,1485.36,1485.41,0.0,11.59,17521.72,1
2025-11-30,2025-11-30 12:47:00,1485.41,1485.45,1485.41,1485.45,0.0,11.59,17521.72,1
2025-11-30,2025-11-30 12:48:00,1485.45,1485.5,1485.45,1485.5,0.0,11.59,17521.72,1
2025-11-30,2025-11-30 12:49:00,1485.5,1485.55,1485.5,1485.55,0.0,11.59,17521.72,1
2025-11-30,2025-11-30 12:50:00,1485.55,1485.6,1485.55,1485.6,0.0,11.59,17521.72,1
2025-11-30,2025-11-30 12:51:00,1485.6,1485.65,1485.6,1485.65,0.0,11.59,17521.72,1
2025-11-30,2025-11-30 12:52:00,1485.65,1485.7,1485.65,1485.7,0.0,11.59,17521.72,1
2025-11-30,2025-11-30 12:53:00,1485.7,1485.75,1485.7,1485.75,0.0,11.59,17521.72,1
2025-11-30,2025-11-30 12:54:00,1485.75,1485.8,1485.75,1485.8,0.0,11.59,17521.72,1
2025-11-30,2025-11-30 12:55:00,1485.8,1485.85,1485.8,1485.85,0.0,11.59,17521.72,1
2025-11-30,2025-11-30 12:56:00,1485.85,1485.9,1485.85,1485.9,0.0,11.59,17521.72,1
2025-11-30,2025-11-30 12:57:00,1485.9,1485.95,1485.9,1485.95,0.0,11.59,17521.72,1
2025-11-30,2025-11-30 12:58:00,1485.95,1486.0,1485.95,1486.0,0.0,11.59,17521.72,1
2025-11-30,2025-11-30 12:59:00,1486.0,1486.05,1486.0,1486.05,0.0,11.59,17521.72,1
2025-11-30,2025-11-30 13:00:00,1486.05,1539.1,1480.1,1486.1,0.0,11.59,17521.72,1
2025-11-30,2025-11-30 13:01:00,1486.1,1486.15,1486.1,1486.15,0.0,11.59,17521.72,1
2025-11-30,2025-11-30 13:02:00,1486.15,1486.2,1486.15,1486.2,0.0,11.59,17521.72,1
2025-11-30,2025-11-30 13:03:00,1486.2,1486.25,1486.2,1486.25,0.0,11.59,17521.72,1
2025-11-30,2025-11-30 13:04:00,1486.25,1486.3,1486.25,1486.3,0.0,11.59,17521.72,1
2025-11-30,2025-11-30 13:05:00,1486.3,1486.35,1486.3,1486.35,0.0,11.59,17521.72,1
2025-11-30,2025-11-30 13:06:00,1486.35,1486.4,1486.35,1486.4,0.0,11.59,17521.72,1
2025-11-30,2025-11-30 13:07:00,1486.4,1486.45,1486.4,1486.45,0.0,11.59,17521.72,1
2025-11-30,2025-11-30 13:08:00,1486.45,1486.5,1486.45,1486.5,0.0,11.59,17521.72,1
2025-11-30,2025-11-30 13:09:00,1486.5,1486.55,1486.5,1486.55,0.0,11.59,17521.72,1
2025-11-30,2025-11-30 13:10:00,1486.55,1486.6,1486.55,1486.6,0.0,11.59,17521.72,1
2025-11-30,2025-11-30 13:11:00,1486.6,1486.64,1486.6,1486.64,0.0,11.59,17521.72,1
2025-11-30,2025-11-30 13:12:00,1486.64,1486.69,1486.64,1486.69,0.0,11.59,17521.72,1
2025-11-30,2025-11-30 13:13:00,1486.69,1486.74,1486.69,1486.74,0.0,11.59,17521.72,1
2025-11-30,2025-11-30 13:14:00,1486.74,1486.79,1486.74,1486.79,0.0,11.59,17521.72,1
2025-11-30,2025-11-30 13:15:00,1486.79,1486.84,1486.79,1486.84,0.0,11.59,17521.72,1
2025-11-30,2025-11-30 13:16:00,1486.84,1486.89,1486.84,1486.89,0.0,11.59,17521.72,1
2025-11-30,2025-11-30 13:17:00,1486.89,1486.94,1486.89,1486.94,0.0,11.59,17521.72,1
2025-11-30,2025-11-30 13:18:00,1486.94,1486.99,1486.94,1486.99,0.0,11.59,17521.72,1
2025-11-30,2025-11-30 13:19:00,1486.99,1487.04,1486.99,1487.04,0.0,11.59,17521.72,1
2025-11-30,2025-11-30 13:20:00,1487.04,1487.09,1487.04,1487.09,0.0,11.59,17521.72,1
2025-11-30,2025-11-30 13:21:00,1487.09,1487.14,1487.09,1487.14,0.0,11.59,17521.72,1
2025-11-30,2025-11-30 13:22:00,1487.14,1487.19,1487.14,1487.19,0.0,11.59,17521.72,1
2025-11-30,2025-11-30 13:23:00,1487.19,1487.24,1487.19,1487.24,0.0,11.59,17521.72,1
2025-11-30,2025-11-30 13:24:00,1487.24,1487.29,1487.24,1487.29,0.0,11.59,17521.72,1
2025-11-30,2025-11-30 13:25:00,1487.29,1487.34,1487.29,1487.34,0.0,11.59,17521.72,1
2025-11-30,2025-11-30 13:26:00,1487.34,1487.39,1487.34,1487.39,0.0,11.59,17521.72,1
2025-11-30,2025-11-30 13:27:00,1487.39,1487.44,1487.39,1487.44,0.0,11.59,17521.72,1
2025-11-30,2025-11-30 13:28:00,1487.44,1487.49,1487.44,1487.49,0.0,11.59,17521.72,1
2025-11-30,2025-11-30 13:29:00,1487.49,1487.54,1487.49,1487.54,0.0,11.59,17521.72,1
2025-11-30,2025-11-30 13:30:00,1487.54,1487.59,1487.54,1487.59,0.0,11.59,17521.72,1
2025-11-30,2025-11-30 13:31:00,1487.59,1487.64,1487.59,1487.64,0.0,11.59,17521.72,1
2025-11-30,2025-11-30 13:32:00,1487.64,1487.69,1487.64,1487.69,0.0,11.59,17521.72,1
2025-11-30,2025-11-30 13:33:00,1487.69,1487.74,1487.69,1487.74,0.0,11.59,17521.72,1
2025-11-30,2025-11-30 13:34:00,1487.74,1487.79,1487.74,1487.79,0.0,11.59,17521.72,1
2025-11-30,2025-11-30 13:35:00,1487.79,1487.84,1487.79,1487.84,0.0,11.59,17521.72,1
2025-11-30,2025-11-30 13:36:00,1487.84,1487.88,1487.84,1487.88,0.0,11.59,17521.72,1
2025-11-30,2025-11-30 13:37:00,1487.88,1487.93,1487.88,1487.93,0.0,11.59,17521.72,1
2025-11-30,2025-11-30 13:38:00,1487.93,1487.98,1487.93,1487.98,0.0,11.59,17521.72,1
2025-11-30,2025-11-30 13:39:00,1487.98,1488.03,1487.98,1488.03,0.0,11.59,17521.72,1
2025-11-30,2025-11-30 13:40:00,1488.03,1488.08,1488.03,1488.08,0.0,11.59,17521.72,1
2025-11-30,2025-11-30 13:41:00,1488.08,1488.13,1488.08,1488.13,0.0,11.59,17521.72,1
2025-11-30,2025-11-30 13:42:00,1488.13,1488.18,1488.13,1488.18,0.0,11.59,17521.72,1
2025-11-30,2025-11-30 13:43:00,1488.18,1488.23,1488.18,1488.23,0.0,11.59,17521.72,1
2025-11-30,2025-11-30 13:44:00,1488.23,1488.28,1488.23,1488.28,0.0,11.59,17521.72,1
2025-11-30,2025-11-30 13:45:00,1488.28,1488.33,1488.28,1488.33,0.0,11.59,17521.72,1
2025-11-30,2025-11-30 13:46:00,1488.33,1488.38,1488.33,1488.38,0.0,11.59,17521.72,1
2025-11-30,2025-11-30 13:47:00,1488.38,1488.43,1488.38,1488.43,0.0,11.59,17521.72,1
2025-11-30,2025-11-30 13:48:00,1488.43,1488.48,1488.43,1488.48,0.0,11.59,17521.72,1
2025-11-30,2025-11-30 13:49:00,1488.48,1488.53,1488.48,1488.53,0.0,11.59,17521.72,1
2025-11-30,2025-11-30 13:50:00,1488.53,1488.58,1488.53,1488.58,0.0,11.59,17521.72,1
2025-11-30,2025-11-30 13:51:00,1488.58,1488.63,1488.58,1488.63,0.0,11.59,17521.72,1
2025-11-30,2025-11-30 13:52:00,1488.63,1488.68,1488.63,1488.68,0.0,11.59,17521.72,1
2025-11-30,2025-11-30 13:53:00,1488.68,1488.73,1488.68,1488.73,0.0,11.59,17521.72,1
2025-11-30,2025-11-30 13:54:00,1488.73,1488.78,1488.73,1488.78,0.0,11.59,17521.72,1
2025-11-30,2025-11-30 13:55:00,1488.78,1488.83,1488.78,1488.83,0.0,11.59,17521.72,1
2025-11-30,2025-11-30 13:56:00,1488.83,1488.88,1488.83,1488.88,0.0,11.59,17521.72,1
2025-11-30,2025-11-30 13:57:00,1488.88,1488.93,1488.88,1488.93,0.0,11.59,17521.72,1
2025-11-30,2025-11-30 13:58:00,1488.93,1488.98,1488.93,1488.98,0.0,11.59,17521.72,1
2025-11-30,2025-11-30 13:59:00,1488.98,1489.03,1488.98,1489.03,0.0,11.59,17521.72,1
2025-11-30,2025-11-30 14:00:00,1489.03,1489.07,1489.03,1489.07,0.0,11.59,17521.72,1
2025-11-30,2025-11-30 14:01:00,1489.07,1489.12,1489.07,1489.12,0.0,11.59,17521.72,1
2025-11-30,2025-11-30 14:02:00,1489.12,1489.17,1489.12,1489.17,0.0,11.59,17521.72,1
2025-11-30,2025-11-30 14:03:00,1489.17,1489.22,1489.17,1489.22,0.0,11.59,17521.72,1
2025-11-30,2025-11-30 14:04:00,1489.22,1489.27,1489.22,1489.27,0.0,11.59,17521.72,1
2025-11-30,2025-11-30 14:05:00,1489.27,1489.32,1489.27,1489.32,0.0,11.59,17521.72,1
2025-11-30,2025-11-30 14:06:00,1489.32,1489.37,1489.32,1489.37,0.0,11.59,17521.72,1
2025-11-30,2025-11-30 14:07:00,1489.37,1489.42,1489.37,1489.42,0.0,11.59,17521.72,1
2025-11-30,2025-11-30 14:08:00,1489.42,1489.47,1489.42,1489.47,0.0,11.59,17521.72,1
2025-11-30,2025-11-30 14:09:00,1489.47,1489.52,1489.47,1489.52,0.0,11.59,17521.72,1
2025-11-30,2025-11-30 14:10:00,1489.52,1489.57,1489.52,1489.57,0.0,11.59,17521.72,1
2025-11-30,2025-11-30 14:11:00,1489.57,1489.62,1489.57,1489.62,0.0,11.59,17521.72,1
2025-11-30,2025-11-30 14:12:00,1489.62,1489.67,1489.62,1489.67,0.0,11.59,17521.72,1
2025-11-30,2025-11-30 14:13:00,1489.67,1489.72,1489.67,1489.72,0.0,11.59,17521.72,1
2025-11-30,2025-11-30 14:14:00,1489.72,1489.77,1489.72,1489.77,0.0,11.59,17521.72,1
2025-11-30,2025-11-30 14:15:00,1489.77,1489.82,1489.77,1489.82,0.0,11.59,17521.72,1
2025-11-30,2025-11-30 14:16:00,1489.82,1489.87,1489.82,1489.87,0.0,11.59,17521.72,1
2025-11-30,2025-11-30 14:17:00,1489.87,1489.92,1489.87,1489.92,0.0,11.59,17521.72,1
2025-11-30,2025-11-30 14:18:00,1489.92,1489.97,1489.92,1489.97,0.0,11.59,17521.72,1
2025-11-30,2025-11-30 14:19:00,1489.97,1490.02,1489.97,1490.02,0.0,11.59,17521.72,1
2025-11-30,2025-11-30 14:20:00,1490.02,1490.07,1490.02,1490.07,0.0,11.59,17521.72,1
2025-11-30,2025-11-30 14:21:00,1490.07,1490.12,1490.07,1490.12,0.0,11.59,17521.72,1
2025-11-30,2025-11-30 14:22:00,1490.12,1490.17,1490.12,1490.17,0.0,11.59,17521.72,1
2025-11-30,2025-11-30 14:23:00,1490.17,1490.21,1490.17,1490.21,0.0,11.59,17521.72,1
2025-11-30,2025-11-30 14:24:00,1490.21,1490.26,1490.21,1490.26,0.0,11.59,17521.72,1
2025-11-30,2025-11-30 14:25:00,1490.26,1490.31,1490.26,1490.31,0.0,11.59,17521.72,1
2025-11-30,2025-11-30 14:26:00,1490.31,1490.36,1490.31,1490.36,0.0,11.59,17521.72,1
2025-11-30,2025-11-30 14:27:00,1490.36,1490.41,1490.36,1490.41,0.0,11.59,17521.72,1
2025-11-30,2025-11-30 14:28:00,1490.41,1490.46,1490.41,1490.46,0.0,11.59,17521.72,1
2025-11-30,2025-11-30 14:29:00,1490.46,1490.51,1490.46,1490.51,0.0,11.59,17521.72,1
2025-11-30,2025-11-30 14:30:00,1490.51,1490.56,1490.51,1490.56,0.0,11.59,17521.72,1
2025-11-30,2025-11-30 14:31:00,1490.56,1490.61,1490.56,1490.61,0.0,11.59,17521.72,1
2025-11-30,2025-11-30 14:32:00,1490.61,1490.66,1490.61,1490.66,0.0,11.59,17521.72,1
2025-11-30,2025-11-30 14:33:00,1490.66,1490.71,1490.66,1490.71,0.0,11.59,17521.72,1
2025-11-30,2025-11-30 14:34:00,1490.71,1490.76,1490.71,1490.76,0.0,11.59,17521.72,1
2025-11-30,2025-11-30 14:35:00,1490.76,1490.81,1490.76,1490.81,0.0,11.59,17521.72,1
2025-11-30,2025-11-30 14:36:00,1490.81,1490.86,1490.81,1490.86,0.0,11.59,17521.72,1
2025-11-30,2025-11-30 14:37:00,1490.86,1490.91,1490.86,1490.91,0.0,11.59,17521.72,1
2025-11-30,2025-11-30 14:38:00,1490.91,1490.96,1490.91,1490.96,0.0,11.59,17521.72,1
2025-11-30,2025-11-30 14:39:00,1490.96,1491.01,1490.96,1491.01,0.0,11.59,17521.72,1
2025-11-30,2025-11-30 14:40:00,1491.01,1491.06,1491.01,1491.06,0.0,11.59,17521.72,1
2025-11-30,2025-11-30 14:41:00,1491.06,1491.11,1491.06,1491.11,0.0,11.59,17521.72,1
2025-11-30,2025-11-30 14:42:00,1491.11,1491.16,1491.11,1491.16,0.0,11.59,17521.72,1
2025-11-30,2025-11-30 14:43:00,1491.16,1491.21,1491.16,1491.21,0.0,11.59,17521.72,1
2025-11-30,2025-11-30 14:44:00,1491.21,1491.26,1491.21,1491.26,0.0,11.59,17521.72,1
2025-11-30,2025-11-30 14:45:00,1491.26,1491.31,1491.26,1491.31,0.0,11.59,17521.72,1
2025-11-30,2025-11-30 14:46:00,1491.31,1491.36,1491.31,1491.36,0.0,11.59,17521.72,1
2025-11-30,2025-11-30 14:47:00,1491.36,1491.4,1491.36,1491.4,0.0,11.59,17521.72,1
2025-11-30,2025-11-30 14:48:00,1491.4,1491.45,1491.4,1491.45,0.0,11.59,17521.72,1
2025-11-30,2025-11-30 14:49:00,1491.45,1491.5,1491.45,1491.5,0.0,11.59,17521.72,1
2025-11-30,2025-11-30 14:50:00,1491.5,1491.55,1491.5,1491.55,0.0,11.59,17521.72,1
2025-11-30,2025-11-30 14:51:00,1491.55,1491.6,1491.55,1491.6,0.0,11.59,17521.72,1
2025-11-30,2025-11-30 14:52:00,1491.6,1491.65,1491.6,1491.65,0.0,11.59,17521.72,1
2025-11-30,2025-11-30 14:53:00,1491.65,1491.7,1491.65,1491.7,0.0,11.59,17521.72,1
2025-11-30,2025-11-30 14:54:00,1491.7,1491.75,1491.7,1491.75,0.0,11.59,17521.72,1
2025-11-30,2025-11-30 14:55:00,1491.75,1491.8,1491.75,1491.8,0.0,11.59,17521.72,1
2025-11-30,2025-11-30 14:56:00,1491.8,1491.85,1491.8,1491.85,0.0,11.59,17521.72,1
2025-11-30,2025-11-30 14:57:00,1491.85,1491.9,1491.85,1491.9,0.0,11.59,17521.72,1
2025-11-30,2025-11-30 14:58:00,1491.9,1491.95,1491.9,1491.95,0.0,11.59,17521.72,1
2025-11-30,2025-11-30 14:59:00,1491.95,1492.0,1491.95,1492.0,0.0,11.59,17521.72,1
2025-11-30,2025-11-30 15:00:00,1492.0,1539.1,1480.1,1492.0,0.0,11.59,17521.72,0
2025-12-01,2025-12-01 11:00:00,1462.2,1485.54,1462.2,1462.48,0.02,16.34,24822.44,1
2025-12-01,2025-12-01 11:01:00,1462.48,1462.77,1462.48,1462.77,0.02,16.34,24822.44,1
2025-12-01,2025-12-01 11:02:00,1462.77,1463.05,1462.77,1463.05,0.02,16.34,24822.44,1
2025-12-01,2025-12-01 11:03:00,1463.05,1463.33,1463.05,1463.33,0.02,16.34,24822.44,1
2025-12-01,2025-12-01 11:04:00,1463.33,1463.61,1463.33,1463.61,0.02,16.34,24822.44,1
2025-12-01,2025-12-01 11:05:00,1463.61,1463.89,1463.61,1463.89,0.02,16.34,24822.44,1
2025-12-01,2025-12-01 11:06:00,1463.89,1464.18,1463.89,1464.18,0.02,16.34,24822.44,1
2025-12-01,2025-12-01 11:07:00,1464.18,1464.46,1464.18,1464.46,0.02,16.34,24822.44,1
2025-12-01,2025-12-01 11:08:00,1464.46,1464.74,1464.46,1464.74,0.02,16.34,24822.44,1
2025-12-01,2025-12-01 11:09:00,1464.74,1465.03,1464.74,1465.03,0.02,16.34,24822.44,1
2025-12-01,2025-12-01 11:10:00,1465.03,1465.31,1465.03,1465.31,0.02,16.34,24822.44,1
2025-12-01,2025-12-01 11:11:00,1465.31,1465.59,1465.31,1465.59,0.02,16.34,24822.44,1
2025-12-01,2025-12-01 11:12:00,1465.59,1465.87,1465.59,1465.87,0.02,16.34,24822.44,1
2025-12-01,2025-12-01 11:13:00,1465.87,1466.15,1465.87,1466.15,0.02,16.34,24822.44,1
2025-12-01,2025-12-01 11:14:00,1466.15,1466.44,1466.15,1466.44,0.02,16.34,24822.44,1
2025-12-01,2025-12-01 11:15:00,1466.44,1466.72,1466.44,1466.72,0.02,16.34,24822.44,1
2025-12-01,2025-12-01 11:16:00,1466.72,1467.0,1466.72,1467.0,0.02,16.34,24822.44,1
2025-12-01,2025-12-01 11:17:00,1467.0,1467.29,1467.0,1467.29,0.02,16.34,24822.44,1
2025-12-01,2025-12-01 11:18:00,1467.29,1467.57,1467.29,1467.57,0.02,16.34,24822.44,1
2025-12-01,2025-12-01 11:19:00,1467.57,1467.85,1467.57,1467.85,0.02,16.34,24822.44,1
2025-12-01,2025-12-01 11:20:00,1467.85,1468.13,1467.85,1468.13,0.02,16.34,24822.44,1
2025-12-01,2025-12-01 11:21:00,1468.13,1468.41,1468.13,1468.41,0.02,16.34,24822.44,1
2025-12-01,2025-12-01 11:22:00,1468.41,1468.7,1468.41,1468.7,0.02,16.34,24822.44,1
2025-12-01,2025-12-01 11:23:00,1468.7,1468.98,1468.7,1468.98,0.02,16.34,24822.44,1
2025-12-01,2025-12-01 11:24:00,1468.98,1469.26,1468.98,1469.26,0.02,16.34,24822.44,1
2025-12-01,2025-12-01 11:25:00,1469.26,1469.55,1469.26,1469.55,0.02,16.34,24822.44,1
2025-12-01,2025-12-01 11:26:00,1469.55,1469.83,1469.55,1469.83,0.02,16.34,24822.44,1
2025-12-01,2025-12-01 11:27:00,1469.83,1470.11,1469.83,1470.11,0.02,16.34,24822.44,1
2025-12-01,2025-12-01 11:28:00,1470.11,1470.39,1470.11,1470.39,0.02,16.34,24822.44,1
2025-12-01,2025-12-01 11:29:00,1470.39,1470.67,1470.39,1470.67,0.02,16.34,24822.44,1
2025-12-01,2025-12-01 11:30:00,1470.67,1470.96,1470.67,1470.96,0.02,16.34,24822.44,1
2025-12-01,2025-12-01 11:31:00,1470.96,1471.24,1470.96,1471.24,0.02,16.34,24822.44,1
2025-12-01,2025-12-01 11:32:00,1471.24,1471.52,1471.24,1471.52,0.02,16.34,24822.44,1
2025-12-01,2025-12-01 11:33:00,1471.52,1471.81,1471.52,1471.81,0.02,16.34,24822.44,1
2025-12-01,2025-12-01 11:34:00,1471.81,1472.09,1471.81,1472.09,0.02,16.34,24822.44,1
2025-12-01,2025-12-01 11:35:00,1472.09,1472.37,1472.09,1472.37,0.02,16.34,24822.44,1
2025-12-01,2025-12-01 11:36:00,1472.37,1472.65,1472.37,1472.65,0.02,16.34,24822.44,1
2025-12-01,2025-12-01 11:37:00,1472.65,1472.93,1472.65,1472.93,0.02,16.34,24822.44,1
2025-12-01,2025-12-01 11:38:00,1472.93,1473.22,1472.93,1473.22,0.02,16.34,24822.44,1
2025-12-01,2025-12-01 11:39:00,1473.22,1473.5,1473.22,1473.5,0.02,16.34,24822.44,1
2025-12-01,2025-12-01 11:40:00,1473.5,1473.78,1473.5,1473.78,0.02,16.34,24822.44,1
2025-12-01,2025-12-01 11:41:00,1473.78,1474.07,1473.78,1474.07,0.02,16.34,24822.44,1
2025-12-01,2025-12-01 11:42:00,1474.07,1474.35,1474.07,1474.35,0.02,16.34,24822.44,1
2025-12-01,2025-12-01 11:43:00,1474.35,1474.63,1474.35,1474.63,0.02,16.34,24822.44,1
2025-12-01,2025-12-01 11:44:00,1474.63,1474.91,1474.63,1474.91,0.02,16.34,24822.44,1
2025-12-01,2025-12-01 11:45:00,1474.91,1475.19,1474.91,1475.19,0.02,16.34,24822.44,1
2025-12-01,2025-12-01 11:46:00,1475.19,1475.48,1475.19,1475.48,0.02,16.34,24822.44,1
2025-12-01,2025-12-01 11:47:00,1475.48,1475.76,1475.48,1475.76,0.02,16.34,24822.44,1
2025-12-01,2025-12-01 11:48:00,1475.76,1476.04,1475.76,1476.04,0.02,16.34,24822.44,1
2025-12-01,2025-12-01 11:49:00,1476.04,1476.33,1476.04,1476.33,0.02,16.34,24822.44,1
2025-12-01,2025-12-01 11:50:00,1476.33,1476.61,1476.33,1476.61,0.02,16.34,24822.44,1
2025-12-01,2025-12-01 11:51:00,1476.61,1476.89,1476.61,1476.89,0.02,16.34,24822.44,1
2025-12-01,2025-12-01 11:52:00,1476.89,1477.17,1476.89,1477.17,0.02,16.34,24822.44,1
2025-12-01,2025-12-01 11:53:00,1477.17,1477.45,1477.17,1477.45,0.02,16.34,24822.44,1
2025-12-01,2025-12-01 11:54:00,1477.45,1477.74,1477.45,1477.74,0.02,16.34,24822.44,1
2025-12-01,2025-12-01 11:55:00,1477.74,1478.02,1477.74,1478.02,0.02,16.34,24822.44,1
2025-12-01,2025-12-01 11:56:00,1478.02,1478.3,1478.02,1478.3,0.02,16.34,24822.44,1
2025-12-01,2025-12-01 11:57:00,1478.3,1478.59,1478.3,1478.59,0.02,16.34,24822.44,1
2025-12-01,2025-12-01 11:58:00,1478.59,1478.87,1478.59,1478.87,0.02,16.34,24822.44,1
2025-12-01,2025-12-01 11:59:00,1478.87,1479.15,1478.87,1479.15,0.02,16.34,24822.44,1
2025-12-01,2025-12-01 12:00:00,1479.15,1479.43,1479.15,1479.43,0.02,16.34,24822.44,1
2025-12-01,2025-12-01 12:01:00,1479.43,1479.72,1479.43,1479.72,0.02,16.34,24822.44,1
2025-12-01,2025-12-01 12:02:00,1479.72,1480.0,1479.72,1480.0,0.02,16.34,24822.44,1
2025-12-01,2025-12-01 12:03:00,1480.0,1480.28,1480.0,1480.28,0.02,16.34,24822.44,1
2025-12-01,2025-12-01 12:04:00,1480.28,1480.56,1480.28,1480.56,0.02,16.34,24822.44,1
2025-12-01,2025-12-01 12:05:00,1480.56,1480.85,1480.56,1480.85,0.02,16.34,24822.44,1
2025-12-01,2025-12-01 12:06:00,1480.85,1481.13,1480.85,1481.13,0.02,16.34,24822.44,1
2025-12-01,2025-12-01 12:07:00,1481.13,1481.41,1481.13,1481.41,0.02,16.34,24822.44,1
2025-12-01,2025-12-01 12:08:00,1481.41,1481.69,1481.41,1481.69,0.02,16.34,24822.44,1
2025-12-01,2025-12-01 12:09:00,1481.69,1481.98,1481.69,1481.98,0.02,16.34,24822.44,1
2025-12-01,2025-12-01 12:10:00,1481.98,1482.26,1481.98,1482.26,0.02,16.34,24822.44,1
2025-12-01,2025-12-01 12:11:00,1482.26,1482.54,1482.26,1482.54,0.02,16.34,24822.44,1
2025-12-01,2025-12-01 12:12:00,1482.54,1482.82,1482.54,1482.82,0.02,16.34,24822.44,1
2025-12-01,2025-12-01 12:13:00,1482.82,1483.11,1482.82,1483.11,0.02,16.34,24822.44,1
2025-12-01,2025-12-01 12:14:00,1483.11,1483.39,1483.11,1483.39,0.02,16.34,24822.44,1
2025-12-01,2025-12-01 12:15:00,1483.39,1483.67,1483.39,1483.67,0.02,16.34,24822.44,1
2025-12-01,2025-12-01 12:16:00,1483.67,1483.95,1483.67,1483.95,0.02,16.34,24822.44,1
2025-12-01,2025-12-01 12:17:00,1483.95,1484.24,1483.95,1484.24,0.02,16.34,24822.44,1
2025-12-01,2025-12-01 12:18:00,1484.24,1484.52,1484.24,1484.52,0.02,16.34,24822.44,1
2025-12-01,2025-12-01 12:19:00,1484.52,1484.8,1484.52,1484.8,0.02,16.34,24822.44,1
2025-12-01,2025-12-01 12:20:00,1484.8,1485.08,1484.8,1485.08,0.02,16.34,24822.44,1
2025-12-01,2025-12-01 12:21:00,1485.08,1485.37,1485.08,1485.37,0.02,16.34,24822.44,1
2025-12-01,2025-12-01 12:22:00,1485.37,1485.65,1485.37,1485.65,0.02,16.34,24822.44,1
2025-12-01,2025-12-01 12:23:00,1485.65,1485.93,1485.65,1485.93,0.02,16.34,24822.44,1
2025-12-01,2025-12-01 12:24:00,1485.93,1486.21,1485.93,1486.21,0.02,16.34,24822.44,1
2025-12-01,2025-12-01 12:25:00,1486.21,1486.5,1486.21,1486.5,0.02,16.34,24822.44,1
2025-12-01,2025-12-01 12:26:00,1486.5,1486.78,1486.5,1486.78,0.02,16.34,24822.44,1
2025-12-01,2025-12-01 12:27:00,1486.78,1487.06,1486.78,1487.06,0.02,16.34,24822.44,1
2025-12-01,2025-12-01 12:28:00,1487.06,1487.34,1487.06,1487.34,0.02,16.34,24822.44,1
2025-12-01,2025-12-01 12:29:00,1487.34,1487.62,1487.34,1487.62,0.02,16.34,24822.44,1
2025-12-01,2025-12-01 12:30:00,1487.62,1487.91,1487.62,1487.91,0.02,16.34,24822.44,1
2025-12-01,2025-12-01 12:31:00,1487.91,1488.19,1487.91,1488.19,0.02,16.34,24822.44,1
2025-12-01,2025-12-01 12:32:00,1488.19,1488.47,1488.19,1488.47,0.02,16.34,24822.44,1
2025-12-01,2025-12-01 12:33:00,1488.47,1488.76,1488.47,1488.76,0.02,16.34,24822.44,1
2025-12-01,2025-12-01 12:34:00,1488.76,1489.04,1488.76,1489.04,0.02,16.34,24822.44,1
2025-12-01,2025-12-01 12:35:00,1489.04,1489.32,1489.04,1489.32,0.02,16.34,24822.44,1
2025-12-01,2025-12-01 12:36:00,1489.32,1489.6,1489.32,1489.6,0.02,16.34,24822.44,1
2025-12-01,2025-12-01 12:37:00,1489.6,1489.88,1489.6,1489.88,0.02,16.34,24822.44,1
2025-12-01,2025-12-01 12:38:00,1489.88,1490.17,1489.88,1490.17,0.02,16.34,24822.44,1
2025-12-01,2025-12-01 12:39:00,1490.17,1490.45,1490.17,1490.45,0.02,16.34,24822.44,1
2025-12-01,2025-12-01 12:40:00,1490.45,1490.73,1490.45,1490.73,0.02,16.34,24822.44,1
2025-12-01,2025-12-01 12:41:00,1490.73,1491.02,1490.73,1491.02,0.02,16.34,24822.44,1
2025-12-01,2025-12-01 12:42:00,1491.02,1491.3,1491.02,1491.3,0.02,16.34,24822.44,1
2025-12-01,2025-12-01 12:43:00,1491.3,1491.58,1491.3,1491.58,0.02,16.34,24822.44,1
2025-12-01,2025-12-01 12:44:00,1491.58,1491.86,1491.58,1491.86,0.02,16.34,24822.44,1
2025-12-01,2025-12-01 12:45:00,1491.86,1492.14,1491.86,1492.14,0.02,16.34,24822.44,1
2025-12-01,2025-12-01 12:46:00,1492.14,1492.43,1492.14,1492.43,0.02,16.34,24822.44,1
2025-12-01,2025-12-01 12:47:00,1492.43,1492.71,1492.43,1492.71,0.02,16.34,24822.44,1
2025-12-01,2025-12-01 12:48:00,1492.71,1492.99,1492.71,1492.99,0.02,16.34,24822.44,1
2025-12-01,2025-12-01 12:49:00,1492.99,1493.28,1492.99,1493.28,0.02,16.34,24822.44,1
2025-12-01,2025-12-01 12:50:00,1493.28,1493.56,1493.28,1493.56,0.02,16.34,24822.44,1
2025-12-01,2025-12-01 12:51:00,1493.56,1493.84,1493.56,1493.84,0.02,16.34,24822.44,1
2025-12-01,2025-12-01 12:52:00,1493.84,1494.12,1493.84,1494.12,0.02,16.34,24822.44,1
2025-12-01,2025-12-01 12:53:00,1494.12,1494.4,1494.12,1494.4,0.02,16.34,24822.44,1
2025-12-01,2025-12-01 12:54:00,1494.4,1494.69,1494.4,1494.69,0.02,16.34,24822.44,1
2025-12-01,2025-12-01 12:55:00,1494.69,1494.97,1494.69,1494.97,0.02,16.34,24822.44,1
2025-12-01,2025-12-01 12:56:00,1494.97,1495.25,1494.97,1495.25,0.02,16.34,24822.44,1
2025-12-01,2025-12-01 12:57:00,1495.25,1495.54,1495.25,1495.54,0.02,16.34,24822.44,1
2025-12-01,2025-12-01 12:58:00,1495.54,1495.82,1495.54,1495.82,0.02,16.34,24822.44,1
2025-12-01,2025-12-01 12:59:00,1495.82,1496.1,1495.82,1496.1,0.02,16.34,24822.44,1
2025-12-01,2025-12-01 13:00:00,1496.1,1540.0,1462.2,1496.38,0.02,16.34,24822.44,1
2025-12-01,2025-12-01 13:01:00,1496.38,1496.66,1496.38,1496.66,0.02,16.34,24822.44,1
2025-12-01,2025-12-01 13:02:00,1496.66,1496.95,1496.66,1496.95,0.02,16.34,24822.44,1
2025-12-01,2025-12-01 13:03:00,1496.95,1497.23,1496.95,1497.23,0.02,16.34,24822.44,1
2025-12-01,2025-12-01 13:04:00,1497.23,1497.51,1497.23,1497.51,0.02,16.34,24822.44,1
2025-12-01,2025-12-01 13:05:00,1497.51,1497.8,1497.51,1497.8,0.02,16.34,24822.44,1
2025-12-01,2025-12-01 13:06:00,1497.8,1498.08,1497.8,1498.08,0.02,16.34,24822.44,1
2025-12-01,2025-12-01 13:07:00,1498.08,1498.36,1498.08,1498.36,0.02,16.34,24822.44,1
2025-12-01,2025-12-01 13:08:00,1498.36,1498.64,1498.36,1498.64,0.02,16.34,24822.44,1
2025-12-01,2025-12-01 13:09:00,1498.64,1498.92,1498.64,1498.92,0.02,16.34,24822.44,1
2025-12-01,2025-12-01 13:10:00,1498.92,1499.21,1498.92,1499.21,0.02,16.34,24822.44,1
2025-12-01,2025-12-01 13:11:00,1499.21,1499.49,1499.21,1499.49,0.02,16.34,24822.44,1
2025-12-01,2025-12-01 13:12:00,1499.49,1499.77,1499.49,1499.77,0.02,16.34,24822.44,1
2025-12-01,2025-12-01 13:13:00,1499.77,1500.06,1499.77,1500.06,0.02,16.34,24822.44,1
2025-12-01,2025-12-01 13:14:00,1500.06,1500.34,1500.06,1500.34,0.02,16.34,24822.44,1
2025-12-01,2025-12-01 13:15:00,1500.34,1500.62,1500.34,1500.62,0.02,16.34,24822.44,1
2025-12-01,2025-12-01 13:16:00,1500.62,1500.9,1500.62,1500.9,0.02,16.34,24822.44,1
2025-12-01,2025-12-01 13:17:00,1500.9,1501.18,1500.9,1501.18,0.02,16.34,24822.44,1
2025-12-01,2025-12-01 13:18:00,1501.18,1501.47,1501.18,1501.47,0.02,16.34,24822.44,1
2025-12-01,2025-12-01 13:19:00,1501.47,1501.75,1501.47,1501.75,0.02,16.34,24822.44,1
2025-12-01,2025-12-01 13:20:00,1501.75,1502.03,1501.75,1502.03,0.02,16.34,24822.44,1
2025-12-01,2025-12-01 13:21:00,1502.03,1502.32,1502.03,1502.32,0.02,16.34,24822.44,1
2025-12-01,2025-12-01 13:22:00,1502.32,1502.6,1502.32,1502.6,0.02,16.34,24822.44,1
2025-12-01,2025-12-01 13:23:00,1502.6,1502.88,1502.6,1502.88,0.02,16.34,24822.44,1
2025-12-01,2025-12-01 13:24:00,1502.88,1503.16,1502.88,1503.16,0.02,16.34,24822.44,1
2025-12-01,2025-12-01 13:25:00,1503.16,1503.44,1503.16,1503.44,0.02,16.34,24822.44,1
2025-12-01,2025-12-01 13:26:00,1503.44,1503.73,1503.44,1503.73,0.02,16.34,24822.44,1
2025-12-01,2025-12-01 13:27:00,1503.73,1504.01,1503.73,1504.01,0.02,16.34,24822.44,1
2025-12-01,2025-12-01 13:28:00,1504.01,1504.29,1504.01,1504.29,0.02,16.34,24822.44,1
2025-12-01,2025-12-01 13:29:00,1504.29,1504.58,1504.29,1504.58,0.02,16.34,24822.44,1
2025-12-01,2025-12-01 13:30:00,1504.58,1504.86,1504.58,1504.86,0.02,16.34,24822.44,1
2025-12-01,2025-12-01 13:31:00,1504.86,1505.14,1504.86,1505.14,0.02,16.34,24822.44,1
2025-12-01,2025-12-01 13:32:00,1505.14,1505.42,1505.14,1505.42,0.02,16.34,24822.44,1
2025-12-01,2025-12-01 13:33:00,1505.42,1505.7,1505.42,1505.7,0.02,16.34,24822.44,1
2025-12-01,2025-12-01 13:34:00,1505.7,1505.99,1505.7,1505.99,0.02,16.34,24822.44,1
2025-12-01,2025-12-01 13:35:00,1505.99,1506.27,1505.99,1506.27,0.02,16.34,24822.44,1
2025-12-01,2025-12-01 13:36:00,1506.27,1506.55,1506.27,1506.55,0.02,16.34,24822.44,1
2025-12-01,2025-12-01 13:37:00,1506.55,1506.84,1506.55,1506.84,0.02,16.34,24822.44,1
2025-12-01,2025-12-01 13:38:00,1506.84,1507.12,1506.84,1507.12,0.02,16.34,24822.44,1
2025-12-01,2025-12-01 13:39:00,1507.12,1507.4,1507.12,1507.4,0.02,16.34,24822.44,1
2025-12-01,2025-12-01 13:40:00,1507.4,1507.68,1507.4,1507.68,0.02,16.34,24822.44,1
2025-12-01,2025-12-01 13:41:00,1507.68,1507.96,1507.68,1507.96,0.02,16.34,24822.44,1
2025-12-01,2025-12-01 13:42:00,1507.96,1508.25,1507.96,1508.25,0.02,16.34,24822.44,1
2025-12-01,2025-12-01 13:43:00,1508.25,1508.53,1508.25,1508.53,0.02,16.34,24822.44,1
2025-12-01,2025-12-01 13:44:00,1508.53,1508.81,1508.53,1508.81,0.02,16.34,24822.44,1
2025-12-01,2025-12-01 13:45:00,1508.81,1509.1,1508.81,1509.1,0.02,16.34,24822.44,1
2025-12-01,2025-12-01 13:46:00,1509.1,1509.38,1509.1,1509.38,0.02,16.34,24822.44,1
2025-12-01,2025-12-01 13:47:00,1509.38,1509.66,1509.38,1509.66,0.02,16.34,24822.44,1
2025-12-01,2025-12-01 13:48:00,1509.66,1509.94,1509.66,1509.94,0.02,16.34,24822.44,1
2025-12-01,2025-12-01 13:49:00,1509.94,1510.22,1509.94,1510.22,0.02,16.34,24822.44,1
2025-12-01,2025-12-01 13:50:00,1510.22,1510.51,1510.22,1510.51,0.02,16.34,24822.44,1
2025-12-01,2025-12-01 13:51:00,1510.51,1510.79,1510.51,1510.79,0.02,16.34,24822.44,1
2025-12-01,2025-12-01 13:52:00,1510.79,1511.07,1510.79,1511.07,0.02,16.34,24822.44,1
2025-12-01,2025-12-01 13:53:00,1511.07,1511.36,1511.07,1511.36,0.02,16.34,24822.44,1
2025-12-01,2025-12-01 13:54:00,1511.36,1511.64,1511.36,1511.64,0.02,16.34,24822.44,1
2025-12-01,2025-12-01 13:55:00,1511.64,1511.92,1511.64,1511.92,0.02,16.34,24822.44,1
2025-12-01,2025-12-01 13:56:00,1511.92,1512.2,1511.92,1512.2,0.02,16.34,24822.44,1
2025-12-01,2025-12-01 13:57:00,1512.2,1512.49,1512.2,1512.49,0.02,16.34,24822.44,1
2025-12-01,2025-12-01 13:58:00,1512.49,1512.77,1512.49,1512.77,0.02,16.34,24822.44,1
2025-12-01,2025-12-01 13:59:00,1512.77,1513.05,1512.77,1513.05,0.02,16.34,24822.44,1
2025-12-01,2025-12-01 14:00:00,1513.05,1513.33,1513.05,1513.33,0.02,16.34,24822.44,1
2025-12-01,2025-12-01 14:01:00,1513.33,1513.62,1513.33,1513.62,0.02,16.34,24822.44,1
2025-12-01,2025-12-01 14:02:00,1513.62,1513.9,1513.62,1513.9,0.02,16.34,24822.44,1
2025-12-01,2025-12-01 14:03:00,1513.9,1514.18,1513.9,1514.18,0.02,16.34,24822.44,1
2025-12-01,2025-12-01 14:04:00,1514.18,1514.46,1514.18,1514.46,0.02,16.34,24822.44,1
2025-12-01,2025-12-01 14:05:00,1514.46,1514.75,1514.46,1514.75,0.02,16.34,24822.44,1
2025-12-01,2025-12-01 14:06:00,1514.75,1515.03,1514.75,1515.03,0.02,16.34,24822.44,1
2025-12-01,2025-12-01 14:07:00,1515.03,1515.31,1515.03,1515.31,0.02,16.34,24822.44,1
2025-12-01,2025-12-01 14:08:00,1515.31,1515.59,1515.31,1515.59,0.02,16.34,24822.44,1
2025-12-01,2025-12-01 14:09:00,1515.59,1515.88,1515.59,1515.88,0.02,16.34,24822.44,1
2025-12-01,2025-12-01 14:10:00,1515.88,1516.16,1515.88,1516.16,0.02,16.34,24822.44,1
2025-12-01,2025-12-01 14:11:00,1516.16,1516.44,1516.16,1516.44,0.02,16.34,24822.44,1
2025-12-01,2025-12-01 14:12:00,1516.44,1516.72,1516.44,1516.72,0.02,16.34,24822.44,1
2025-12-01,2025-12-01 14:13:00,1516.72,1517.01,1516.72,1517.01,0.02,16.34,24822.44,1
2025-12-01,2025-12-01 14:14:00,1517.01,1517.29,1517.01,1517.29,0.02,16.34,24822.44,1
2025-12-01,2025-12-01 14:15:00,1517.29,1517.57,1517.29,1517.57,0.02,16.34,24822.44,1
2025-12-01,2025-12-01 14:16:00,1517.57,1517.85,1517.57,1517.85,0.02,16.34,24822.44,1
2025-12-01,2025-12-01 14:17:00,1517.85,1518.13,1517.85,1518.13,0.02,16.34,24822.44,1
2025-12-01,2025-12-01 14:18:00,1518.13,1518.42,1518.13,1518.42,0.02,16.34,24822.44,1
2025-12-01,2025-12-01 14:19:00,1518.42,1518.7,1518.42,1518.7,0.02,16.34,24822.44,1
2025-12-01,2025-12-01 14:20:00,1518.7,1518.98,1518.7,1518.98,0.02,16.34,24822.44,1
2025-12-01,2025-12-01 14:21:00,1518.98,1519.27,1518.98,1519.27,0.02,16.34,24822.44,1
2025-12-01,2025-12-01 14:22:00,1519.27,1519.55,1519.27,1519.55,0.02,16.34,24822.44,1
2025-12-01,2025-12-01 14:23:00,1519.55,1519.83,1519.55,1519.83,0.02,16.34,24822.44,1
2025-12-01,2025-12-01 14:24:00,1519.83,1520.11,1519.83,1520.11,0.02,16.34,24822.44,1
2025-12-01,2025-12-01 14:25:00,1520.11,1520.39,1520.11,1520.39,0.02,16.34,24822.44,1
2025-12-01,2025-12-01 14:26:00,1520.39,1520.68,1520.39,1520.68,0.02,16.34,24822.44,1
2025-12-01,2025-12-01 14:27:00,1520.68,1520.96,1520.68,1520.96,0.02,16.34,24822.44,1
2025-12-01,2025-12-01 14:28:00,1520.96,1521.24,1520.96,1521.24,0.02,16.34,24822.44,1
2025-12-01,2025-12-01 14:29:00,1521.24,1521.53,1521.24,1521.53,0.02,16.34,24822.44,1
2025-12-01,2025-12-01 14:30:00,1521.53,1521.81,1521.53,1521.81,0.02,16.34,24822.44,1
2025-12-01,2025-12-01 14:31:00,1521.81,1522.09,1521.81,1522.09,0.02,16.34,24822.44,1
2025-12-01,2025-12-01 14:32:00,1522.09,1522.37,1522.09,1522.37,0.02,16.34,24822.44,1
2025-12-01,2025-12-01 14:33:00,1522.37,1522.65,1522.37,1522.65,0.02,16.34,24822.44,1
2025-12-01,2025-12-01 14:34:00,1522.65,1522.94,1522.65,1522.94,0.02,16.34,24822.44,1
2025-12-01,2025-12-01 14:35:00,1522.94,1523.22,1522.94,1523.22,0.02,16.34,24822.44,1
2025-12-01,2025-12-01 14:36:00,1523.22,1523.5,1523.22,1523.5,0.02,16.34,24822.44,1
2025-12-01,2025-12-01 14:37:00,1523.5,1523.79,1523.5,1523.79,0.02,16.34,24822.44,1
2025-12-01,2025-12-01 14:38:00,1523.79,1524.07,1523.79,1524.07,0.02,16.34,24822.44,1
2025-12-01,2025-12-01 14:39:00,1524.07,1524.35,1524.07,1524.35,0.02,16.34,24822.44,1
2025-12-01,2025-12-01 14:40:00,1524.35,1524.63,1524.35,1524.63,0.02,16.34,24822.44,1
2025-12-01,2025-12-01 14:41:00,1524.63,1524.91,1524.63,1524.91,0.02,16.34,24822.44,1
2025-12-01,2025-12-01 14:42:00,1524.91,1525.2,1524.91,1525.2,0.02,16.34,24822.44,1
2025-12-01,2025-12-01 14:43:00,1525.2,1525.48,1525.2,1525.48,0.02,16.34,24822.44,1
2025-12-01,2025-12-01 14:44:00,1525.48,1525.76,1525.48,1525.76,0.02,16.34,24822.44,1
2025-12-01,2025-12-01 14:45:00,1525.76,1526.05,1525.76,1526.05,0.02,16.34,24822.44,1
2025-12-01,2025-12-01 14:46:00,1526.05,1526.33,1526.05,1526.33,0.02,16.34,24822.44,1
2025-12-01,2025-12-01 14:47:00,1526.33,1526.61,1526.33,1526.61,0.02,16.34,24822.44,1
2025-12-01,2025-12-01 14:48:00,1526.61,1526.89,1526.61,1526.89,0.02,16.34,24822.44,1
2025-12-01,2025-12-01 14:49:00,1526.89,1527.17,1526.89,1527.17,0.02,16.34,24822.44,1
2025-12-01,2025-12-01 14:50:00,1527.17,1527.46,1527.17,1527.46,0.02,16.34,24822.44,1
2025-12-01,2025-12-01 14:51:00,1527.46,1527.74,1527.46,1527.74,0.02,16.34,24822.44,1
2025-12-01,2025-12-01 14:52:00,1527.74,1528.02,1527.74,1528.02,0.02,16.34,24822.44,1
2025-12-01,2025-12-01 14:53:00,1528.02,1528.31,1528.02,1528.31,0.02,16.34,24822.44,1
2025-12-01,2025-12-01 14:54:00,1528.31,1528.59,1528.31,1528.59,0.02,16.34,24822.44,1
2025-12-01,2025-12-01 14:55:00,1528.59,1528.87,1528.59,1528.87,0.02,16.34,24822.44,1
2025-12-01,2025-12-01 14:56:00,1528.87,1529.15,1528.87,1529.15,0.02,16.34,24822.44,1
2025-12-01,2025-12-01 14:57:00,1529.15,1529.43,1529.15,1529.43,0.02,16.34,24822.44,1
2025-12-01,2025-12-01 14:58:00,1529.43,1529.72,1529.43,1529.72,0.02,16.34,24822.44,1
2025-12-01,2025-12-01 14:59:00,1529.72,1530.0,1529.72,1530.0,0.02,16.34,24822.44,1
2025-12-01,2025-12-01 15:00:00,1530.0,1540.0,1462.2,1530.0,0.0,16.34,24822.44,0
2025-12-02,2025-12-02 11:00:00,1502.0,1517.3,1502.0,1502.15,0.01,3.65,5605.22,1
2025-12-02,2025-12-02 11:01:00,1502.15,1502.29,1502.15,1502.29,0.01,3.65,5605.22,1
2025-12-02,2025-12-02 11:02:00,1502.29,1502.44,1502.29,1502.44,0.01,3.65,5605.22,1
2025-12-02,2025-12-02 11:03:00,1502.44,1502.58,1502.44,1502.58,0.01,3.65,5605.22,1
2025-12-02,2025-12-02 11:04:00,1502.58,1502.73,1502.58,1502.73,0.01,3.65,5605.22,1
2025-12-02,2025-12-02 11:05:00,1502.73,1502.88,1502.73,1502.88,0.01,3.65,5605.22,1
2025-12-02,2025-12-02 11:06:00,1502.88,1503.02,1502.88,1503.02,0.01,3.65,5605.22,1
2025-12-02,2025-12-02 11:07:00,1503.02,1503.17,1503.02,1503.17,0.01,3.65,5605.22,1
2025-12-02,2025-12-02 11:08:00,1503.17,1503.31,1503.17,1503.31,0.01,3.65,5605.22,1
2025-12-02,2025-12-02 11:09:00,1503.31,1503.46,1503.31,1503.46,0.01,3.65,5605.22,1
2025-12-02,2025-12-02 11:10:00,1503.46,1503.6,1503.46,1503.6,0.01,3.65,5605.22,1
2025-12-02,2025-12-02 11:11:00,1503.6,1503.75,1503.6,1503.75,0.01,3.65,5605.22,1
2025-12-02,2025-12-02 11:12:00,1503.75,1503.9,1503.75,1503.9,0.01,3.65,5605.22,1
2025-12-02,2025-12-02 11:13:00,1503.9,1504.04,1503.9,1504.04,0.01,3.65,5605.22,1
2025-12-02,2025-12-02 11:14:00,1504.04,1504.19,1504.04,1504.19,0.01,3.65,5605.22,1
2025-12-02,2025-12-02 11:15:00,1504.19,1504.33,1504.19,1504.33,0.01,3.65,5605.22,1
2025-12-02,2025-12-02 11:16:00,1504.33,1504.48,1504.33,1504.48,0.01,3.65,5605.22,1
2025-12-02,2025-12-02 11:17:00,1504.48,1504.62,1504.48,1504.62,0.01,3.65,5605.22,1
2025-12-02,2025-12-02 11:18:00,1504.62,1504.77,1504.62,1504.77,0.01,3.65,5605.22,1
2025-12-02,2025-12-02 11:19:00,1504.77,1504.92,1504.77,1504.92,0.01,3.65,5605.22,1
2025-12-02,2025-12-02 11:20:00,1504.92,1505.06,1504.92,1505.06,0.01,3.65,5605.22,1
2025-12-02,2025-12-02 11:21:00,1505.06,1505.21,1505.06,1505.21,0.01,3.65,5605.22,1
2025-12-02,2025-12-02 11:22:00,1505.21,1505.35,1505.21,1505.35,0.01,3.65,5605.22,1
2025-12-02,2025-12-02 11:23:00,1505.35,1505.5,1505.35,1505.5,0.01,3.65,5605.22,1
2025-12-02,2025-12-02 11:24:00,1505.5,1505.65,1505.5,1505.65,0.01,3.65,5605.22,1
2025-12-02,2025-12-02 11:25:00,1505.65,1505.79,1505.65,1505.79,0.01,3.65,5605.22,1
2025-12-02,2025-12-02 11:26:00,1505.79,1505.94,1505.79,1505.94,0.01,3.65,5605.22,1
2025-12-02,2025-12-02 11:27:00,1505.94,1506.08,1505.94,1506.08,0.01,3.65,5605.22,1
2025-12-02,2025-12-02 11:28:00,1506.08,1506.23,1506.08,1506.23,0.01,3.65,5605.22,1
2025-12-02,2025-12-02 11:29:00,1506.23,1506.38,1506.23,1506.38,0.01,3.65,5605.22,1
2025-12-02,2025-12-02 11:30:00,1506.38,1506.52,1506.38,1506.52,0.01,3.65,5605.22,1
2025-12-02,2025-12-02 11:31:00,1506.52,1506.67,1506.52,1506.67,0.01,3.65,5605.22,1
2025-12-02,2025-12-02 11:32:00,1506.67,1506.81,1506.67,1506.81,0.01,3.65,5605.22,1
2025-12-02,2025-12-02 11:33:00,1506.81,1506.96,1506.81,1506.96,0.01,3.65,5605.22,1
2025-12-02,2025-12-02 11:34:00,1506.96,1507.1,1506.96,1507.1,0.01,3.65,5605.22,1
2025-12-02,2025-12-02 11:35:00,1507.1,1507.25,1507.1,1507.25,0.01,3.65,5605.22,1
2025-12-02,2025-12-02 11:36:00,1507.25,1507.4,1507.25,1507.4,0.01,3.65,5605.22,1
2025-12-02,2025-12-02 11:37:00,1507.4,1507.54,1507.4,1507.54,0.01,3.65,5605.22,1
2025-12-02,2025-12-02 11:38:00,1507.54,1507.69,1507.54,1507.69,0.01,3.65,5605.22,1
2025-12-02,2025-12-02 11:39:00,1507.69,1507.83,1507.69,1507.83,0.01,3.65,5605.22,1
2025-12-02,2025-12-02 11:40:00,1507.83,1507.98,1507.83,1507.98,0.01,3.65,5605.22,1
2025-12-02,2025-12-02 11:41:00,1507.98,1508.12,1507.98,1508.12,0.01,3.65,5605.22,1
2025-12-02,2025-12-02 11:42:00,1508.12,1508.27,1508.12,1508.27,0.01,3.65,5605.22,1
2025-12-02,2025-12-02 11:43:00,1508.27,1508.42,1508.27,1508.42,0.01,3.65,5605.22,1
2025-12-02,2025-12-02 11:44:00,1508.42,1508.56,1508.42,1508.56,0.01,3.65,5605.22,1
2025-12-02,2025-12-02 11:45:00,1508.56,1508.71,1508.56,1508.71,0.01,3.65,5605.22,1
2025-12-02,2025-12-02 11:46:00,1508.71,1508.85,1508.71,1508.85,0.01,3.65,5605.22,1
2025-12-02,2025-12-02 11:47:00,1508.85,1509.0,1508.85,1509.0,0.01,3.65,5605.22,1
2025-12-02,2025-12-02 11:48:00,1509.0,1509.15,1509.0,1509.15,0.01,3.65,5605.22,1
2025-12-02,2025-12-02 11:49:00,1509.15,1509.29,1509.15,1509.29,0.01,3.65,5605.22,1
2025-12-02,2025-12-02 11:50:00,1509.29,1509.44,1509.29,1509.44,0.01,3.65,5605.22,1
2025-12-02,2025-12-02 11:51:00,1509.44,1509.58,1509.44,1509.58,0.01,3.65,5605.22,1
2025-12-02,2025-12-02 11:52:00,1509.58,1509.73,1509.58,1509.73,0.01,3.65,5605.22,1
2025-12-02,2025-12-02 11:53:00,1509.73,1509.88,1509.73,1509.88,0.01,3.65,5605.22,1
2025-12-02,2025-12-02 11:54:00,1509.88,1510.02,1509.88,1510.02,0.01,3.65,5605.22,1
2025-12-02,2025-12-02 11:55:00,1510.02,1510.17,1510.02,1510.17,0.01,3.65,5605.22,1
2025-12-02,2025-12-02 11:56:00,1510.17,1510.31,1510.17,1510.31,0.01,3.65,5605.22,1
2025-12-02,2025-12-02 11:57:00,1510.31,1510.46,1510.31,1510.46,0.01,3.65,5605.22,1
2025-12-02,2025-12-02 11:58:00,1510.46,1510.6,1510.46,1510.6,0.01,3.65,5605.22,1
2025-12-02,2025-12-02 11:59:00,1510.6,1510.75,1510.6,1510.75,0.01,3.65,5605.22,1
2025-12-02,2025-12-02 12:00:00,1510.75,1510.9,1510.75,1510.9,0.01,3.65,5605.22,1
2025-12-02,2025-12-02 12:01:00,1510.9,1511.04,1510.9,1511.04,0.01,3.65,5605.22,1
2025-12-02,2025-12-02 12:02:00,1511.04,1511.19,1511.04,1511.19,0.01,3.65,5605.22,1
2025-12-02,2025-12-02 12:03:00,1511.19,1511.33,1511.19,1511.33,0.01,3.65,5605.22,1
2025-12-02,2025-12-02 12:04:00,1511.33,1511.48,1511.33,1511.48,0.01,3.65,5605.22,1
2025-12-02,2025-12-02 12:05:00,1511.48,1511.62,1511.48,1511.62,0.01,3.65,5605.22,1
2025-12-02,2025-12-02 12:06:00,1511.62,1511.77,1511.62,1511.77,0.01,3.65,5605.22,1
2025-12-02,2025-12-02 12:07:00,1511.77,1511.92,1511.77,1511.92,0.01,3.65,5605.22,1
2025-12-02,2025-12-02 12:08:00,1511.92,1512.06,1511.92,1512.06,0.01,3.65,5605.22,1
2025-12-02,2025-12-02 12:09:00,1512.06,1512.21,1512.06,1512.21,0.01,3.65,5605.22,1
2025-12-02,2025-12-02 12:10:00,1512.21,1512.35,1512.21,1512.35,0.01,3.65,5605.22,1
2025-12-02,2025-12-02 12:11:00,1512.35,1512.5,1512.35,1512.5,0.01,3.65,5605.22,1
2025-12-02,2025-12-02 12:12:00,1512.5,1512.65,1512.5,1512.65,0.01,3.65,5605.22,1
2025-12-02,2025-12-02 12:13:00,1512.65,1512.79,1512.65,1512.79,0.01,3.65,5605.22,1
2025-12-02,2025-12-02 12:14:00,1512.79,1512.94,1512.79,1512.94,0.01,3.65,5605.22,1
2025-12-02,2025-12-02 12:15:00,1512.94,1513.08,1512.94,1513.08,0.01,3.65,5605.22,1
2025-12-02,2025-12-02 12:16:00,1513.08,1513.23,1513.08,1513.23,0.01,3.65,5605.22,1
2025-12-02,2025-12-02 12:17:00,1513.23,1513.38,1513.23,1513.38,0.01,3.65,5605.22,1
2025-12-02,2025-12-02 12:18:00,1513.38,1513.52,1513.38,1513.52,0.01,3.65,5605.22,1
2025-12-02,2025-12-02 12:19:00,1513.52,1513.67,1513.52,1513.67,0.01,3.65,5605.22,1
2025-12-02,2025-12-02 12:20:00,1513.67,1513.81,1513.67,1513.81,0.01,3.65,5605.22,1
2025-12-02,2025-12-02 12:21:00,1513.81,1513.96,1513.81,1513.96,0.01,3.65,5605.22,1
2025-12-02,2025-12-02 12:22:00,1513.96,1514.1,1513.96,1514.1,0.01,3.65,5605.22,1
2025-12-02,2025-12-02 12:23:00,1514.1,1514.25,1514.1,1514.25,0.01,3.65,5605.22,1
2025-12-02,2025-12-02 12:24:00,1514.25,1514.4,1514.25,1514.4,0.01,3.65,5605.22,1
2025-12-02,2025-12-02 12:25:00,1514.4,1514.54,1514.4,1514.54,0.01,3.65,5605.22,1
2025-12-02,2025-12-02 12:26:00,1514.54,1514.69,1514.54,1514.69,0.01,3.65,5605.22,1
2025-12-02,2025-12-02 12:27:00,1514.69,1514.83,1514.69,1514.83,0.01,3.65,5605.22,1
2025-12-02,2025-12-02 12:28:00,1514.83,1514.98,1514.83,1514.98,0.01,3.65,5605.22,1
2025-12-02,2025-12-02 12:29:00,1514.98,1515.12,1514.98,1515.12,0.01,3.65,5605.22,1
2025-12-02,2025-12-02 12:30:00,1515.12,1515.27,1515.12,1515.27,0.01,3.65,5605.22,1
2025-12-02,2025-12-02 12:31:00,1515.27,1515.42,1515.27,1515.42,0.01,3.65,5605.22,1
2025-12-02,2025-12-02 12:32:00,1515.42,1515.56,1515.42,1515.56,0.01,3.65,5605.22,1
2025-12-02,2025-12-02 12:33:00,1515.56,1515.71,1515.56,1515.71,0.01,3.65,5605.22,1
2025-12-02,2025-12-02 12:34:00,1515.71,1515.85,1515.71,1515.85,0.01,3.65,5605.22,1
2025-12-02,2025-12-02 12:35:00,1515.85,1516.0,1515.85,1516.0,0.01,3.65,5605.22,1
2025-12-02,2025-12-02 12:36:00,1516.0,1516.15,1516.0,1516.15,0.01,3.65,5605.22,1
2025-12-02,2025-12-02 12:37:00,1516.15,1516.29,1516.15,1516.29,0.01,3.65,5605.22,1
2025-12-02,2025-12-02 12:38:00,1516.29,1516.44,1516.29,1516.44,0.01,3.65,5605.22,1
2025-12-02,2025-12-02 12:39:00,1516.44,1516.58,1516.44,1516.58,0.01,3.65,5605.22,1
2025-12-02,2025-12-02 12:40:00,1516.58,1516.73,1516.58,1516.73,0.01,3.65,5605.22,1
2025-12-02,2025-12-02 12:41:00,1516.73,1516.88,1516.73,1516.88,0.01,3.65,5605.22,1
2025-12-02,2025-12-02 12:42:00,1516.88,1517.02,1516.88,1517.02,0.01,3.65,5605.22,1
2025-12-02,2025-12-02 12:43:00,1517.02,1517.17,1517.02,1517.17,0.01,3.65,5605.22,1
2025-12-02,2025-12-02 12:44:00,1517.17,1517.31,1517.17,1517.31,0.01,3.65,5605.22,1
2025-12-02,2025-12-02 12:45:00,1517.31,1517.46,1517.31,1517.46,0.01,3.65,5605.22,1
2025-12-02,2025-12-02 12:46:00,1517.46,1517.6,1517.46,1517.6,0.01,3.65,5605.22,1
2025-12-02,2025-12-02 12:47:00,1517.6,1517.75,1517.6,1517.75,0.01,3.65,5605.22,1
2025-12-02,2025-12-02 12:48:00,1517.75,1517.9,1517.75,1517.9,0.01,3.65,5605.22,1
2025-12-02,2025-12-02 12:49:00,1517.9,1518.04,1517.9,1518.04,0.01,3.65,5605.22,1
2025-12-02,2025-12-02 12:50:00,1518.04,1518.19,1518.04,1518.19,0.01,3.65,5605.22,1
2025-12-02,2025-12-02 12:51:00,1518.19,1518.33,1518.19,1518.33,0.01,3.65,5605.22,1
2025-12-02,2025-12-02 12:52:00,1518.33,1518.48,1518.33,1518.48,0.01,3.65,5605.22,1
2025-12-02,2025-12-02 12:53:00,1518.48,1518.62,1518.48,1518.62,0.01,3.65,5605.22,1
2025-12-02,2025-12-02 12:54:00,1518.62,1518.77,1518.62,1518.77,0.01,3.65,5605.22,1
2025-12-02,2025-12-02 12:55:00,1518.77,1518.92,1518.77,1518.92,0.01,3.65,5605.22,1
2025-12-02,2025-12-02 12:56:00,1518.92,1519.06,1518.92,1519.06,0.01,3.65,5605.22,1
2025-12-02,2025-12-02 12:57:00,1519.06,1519.21,1519.06,1519.21,0.01,3.65,5605.22,1
2025-12-02,2025-12-02 12:58:00,1519.21,1519.35,1519.21,1519.35,0.01,3.65,5605.22,1
2025-12-02,2025-12-02 12:59:00,1519.35,1519.5,1519.35,1519.5,0.01,3.65,5605.22,1
2025-12-02,2025-12-02 13:00:00,1519.5,1553.0,1502.0,1519.65,0.01,3.65,5605.22,1
2025-12-02,2025-12-02 13:01:00,1519.65,1519.79,1519.65,1519.79,0.01,3.65,5605.22,1
2025-12-02,2025-12-02 13:02:00,1519.79,1519.94,1519.79,1519.94,0.01,3.65,5605.22,1
2025-12-02,2025-12-02 13:03:00,1519.94,1520.08,1519.94,1520.08,0.01,3.65,5605.22,1
2025-12-02,2025-12-02 13:04:00,1520.08,1520.23,1520.08,1520.23,0.01,3.65,5605.22,1
2025-12-02,2025-12-02 13:05:00,1520.23,1520.38,1520.23,1520.38,0.01,3.65,5605.22,1
2025-12-02,2025-12-02 13:06:00,1520.38,1520.52,1520.38,1520.52,0.01,3.65,5605.22,1
2025-12-02,2025-12-02 13:07:00,1520.52,1520.67,1520.52,1520.67,0.01,3.65,5605.22,1
2025-12-02,2025-12-02 13:08:00,1520.67,1520.81,1520.67,1520.81,0.01,3.65,5605.22,1
2025-12-02,2025-12-02 13:09:00,1520.81,1520.96,1520.81,1520.96,0.01,3.65,5605.22,1
2025-12-02,2025-12-02 13:10:00,1520.96,1521.1,1520.96,1521.1,0.01,3.65,5605.22,1
2025-12-02,2025-12-02 13:11:00,1521.1,1521.25,1521.1,1521.25,0.01,3.65,5605.22,1
2025-12-02,2025-12-02 13:12:00,1521.25,1521.4,1521.25,1521.4,0.01,3.65,5605.22,1
2025-12-02,2025-12-02 13:13:00,1521.4,1521.54,1521.4,1521.54,0.01,3.65,5605.22,1
2025-12-02,2025-12-02 13:14:00,1521.54,1521.69,1521.54,1521.69,0.01,3.65,5605.22,1
2025-12-02,2025-12-02 13:15:00,1521.69,1521.83,1521.69,1521.83,0.01,3.65,5605.22,1
2025-12-02,2025-12-02 13:16:00,1521.83,1521.98,1521.83,1521.98,0.01,3.65,5605.22,1
2025-12-02,2025-12-02 13:17:00,1521.98,1522.12,1521.98,1522.12,0.01,3.65,5605.22,1
2025-12-02,2025-12-02 13:18:00,1522.12,1522.27,1522.12,1522.27,0.01,3.65,5605.22,1
2025-12-02,2025-12-02 13:19:00,1522.27,1522.42,1522.27,1522.42,0.01,3.65,5605.22,1
2025-12-02,2025-12-02 13:20:00,1522.42,1522.56,1522.42,1522.56,0.01,3.65,5605.22,1
2025-12-02,2025-12-02 13:21:00,1522.56,1522.71,1522.56,1522.71,0.01,3.65,5605.22,1
2025-12-02,2025-12-02 13:22:00,1522.71,1522.85,1522.71,1522.85,0.01,3.65,5605.22,1
2025-12-02,2025-12-02 13:23:00,1522.85,1523.0,1522.85,1523.0,0.01,3.65,5605.22,1
2025-12-02,2025-12-02 13:24:00,1523.0,1523.15,1523.0,1523.15,0.01,3.65,5605.22,1
2025-12-02,2025-12-02 13:25:00,1523.15,1523.29,1523.15,1523.29,0.01,3.65,5605.22,1
2025-12-02,2025-12-02 13:26:00,1523.29,1523.44,1523.29,1523.44,0.01,3.65,5605.22,1
2025-12-02,2025-12-02 13:27:00,1523.44,1523.58,1523.44,1523.58,0.01,3.65,5605.22,1
2025-12-02,2025-12-02 13:28:00,1523.58,1523.73,1523.58,1523.73,0.01,3.65,5605.22,1
2025-12-02,2025-12-02 13:29:00,1523.73,1523.88,1523.73,1523.88,0.01,3.65,5605.22,1
2025-12-02,2025-12-02 13:30:00,1523.88,1524.02,1523.88,1524.02,0.01,3.65,5605.22,1
2025-12-02,2025-12-02 13:31:00,1524.02,1524.17,1524.02,1524.17,0.01,3.65,5605.22,1
2025-12-02,2025-12-02 13:32:00,1524.17,1524.31,1524.17,1524.31,0.01,3.65,5605.22,1
2025-12-02,2025-12-02 13:33:00,1524.31,1524.46,1524.31,1524.46,0.01,3.65,5605.22,1
2025-12-02,2025-12-02 13:34:00,1524.46,1524.6,1524.46,1524.6,0.01,3.65,5605.22,1
2025-12-02,2025-12-02 13:35:00,1524.6,1524.75,1524.6,1524.75,0.01,3.65,5605.22,1
2025-12-02,2025-12-02 13:36:00,1524.75,1524.9,1524.75,1524.9,0.01,3.65,5605.22,1
2025-12-02,2025-12-02 13:37:00,1524.9,1525.04,1524.9,1525.04,0.01,3.65,5605.22,1
2025-12-02,2025-12-02 13:38:00,1525.04,1525.19,1525.04,1525.19,0.01,3.65,5605.22,1
2025-12-02,2025-12-02 13:39:00,1525.19,1525.33,1525.19,1525.33,0.01,3.65,5605.22,1
2025-12-02,2025-12-02 13:40:00,1525.33,1525.48,1525.33,1525.48,0.01,3.65,5605.22,1
2025-12-02,2025-12-02 13:41:00,1525.48,1525.62,1525.48,1525.62,0.01,3.65,5605.22,1
2025-12-02,2025-12-02 13:42:00,1525.62,1525.77,1525.62,1525.77,0.01,3.65,5605.22,1
2025-12-02,2025-12-02 13:43:00,1525.77,1525.92,1525.77,1525.92,0.01,3.65,5605.22,1
2025-12-02,2025-12-02 13:44:00,1525.92,1526.06,1525.92,1526.06,0.01,3.65,5605.22,1
2025-12-02,2025-12-02 13:45:00,1526.06,1526.21,1526.06,1526.21,0.01,3.65,5605.22,1
2025-12-02,2025-12-02 13:46:00,1526.21,1526.35,1526.21,1526.35,0.01,3.65,5605.22,1
2025-12-02,2025-12-02 13:47:00,1526.35,1526.5,1526.35,1526.5,0.01,3.65,5605.22,1
2025-12-02,2025-12-02 13:48:00,1526.5,1526.65,1526.5,1526.65,0.01,3.65,5605.22,1
2025-12-02,2025-12-02 13:49:00,1526.65,1526.79,1526.65,1526.79,0.01,3.65,5605.22,1
2025-12-02,2025-12-02 13:50:00,1526.79,1526.94,1526.79,1526.94,0.01,3.65,5605.22,1
2025-12-02,2025-12-02 13:51:00,1526.94,1527.08,1526.94,1527.08,0.01,3.65,5605.22,1
2025-12-02,2025-12-02 13:52:00,1527.08,1527.23,1527.08,1527.23,0.01,3.65,5605.22,1
2025-12-02,2025-12-02 13:53:00,1527.23,1527.38,1527.23,1527.38,0.01,3.65,5605.22,1
2025-12-02,2025-12-02 13:54:00,1527.38,1527.52,1527.38,1527.52,0.01,3.65,5605.22,1
2025-12-02,2025-12-02 13:55:00,1527.52,1527.67,1527.52,1527.67,0.01,3.65,5605.22,1
2025-12-02,2025-12-02 13:56:00,1527.67,1527.81,1527.67,1527.81,0.01,3.65,5605.22,1
2025-12-02,2025-12-02 13:57:00,1527.81,1527.96,1527.81,1527.96,0.01,3.65,5605.22,1
2025-12-02,2025-12-02 13:58:00,1527.96,1528.1,1527.96,1528.1,0.01,3.65,5605.22,1
2025-12-02,2025-12-02 13:59:00,1528.1,1528.25,1528.1,1528.25,0.01,3.65,5605.22,1
2025-12-02,2025-12-02 14:00:00,1528.25,1528.4,1528.25,1528.4,0.01,3.65,5605.22,1
2025-12-02,2025-12-02 14:01:00,1528.4,1528.54,1528.4,1528.54,0.01,3.65,5605.22,1
2025-12-02,2025-12-02 14:02:00,1528.54,1528.69,1528.54,1528.69,0.01,3.65,5605.22,1
2025-12-02,2025-12-02 14:03:00,1528.69,1528.83,1528.69,1528.83,0.01,3.65,5605.22,1
2025-12-02,2025-12-02 14:04:00,1528.83,1528.98,1528.83,1528.98,0.01,3.65,5605.22,1
2025-12-02,2025-12-02 14:05:00,1528.98,1529.12,1528.98,1529.12,0.01,3.65,5605.22,1
2025-12-02,2025-12-02 14:06:00,1529.12,1529.27,1529.12,1529.27,0.01,3.65,5605.22,1
2025-12-02,2025-12-02 14:07:00,1529.27,1529.42,1529.27,1529.42,0.01,3.65,5605.22,1
2025-12-02,2025-12-02 14:08:00,1529.42,1529.56,1529.42,1529.56,0.01,3.65,5605.22,1
2025-12-02,2025-12-02 14:09:00,1529.56,1529.71,1529.56,1529.71,0.01,3.65,5605.22,1
2025-12-02,2025-12-02 14:10:00,1529.71,1529.85,1529.71,1529.85,0.01,3.65,5605.22,1
2025-12-02,2025-12-02 14:11:00,1529.85,1530.0,1529.85,1530.0,0.01,3.65,5605.22,1
2025-12-02,2025-12-02 14:12:00,1530.0,1530.15,1530.0,1530.15,0.01,3.65,5605.22,1
2025-12-02,2025-12-02 14:13:00,1530.15,1530.29,1530.15,1530.29,0.01,3.65,5605.22,1
2025-12-02,2025-12-02 14:14:00,1530.29,1530.44,1530.29,1530.44,0.01,3.65,5605.22,1
2025-12-02,2025-12-02 14:15:00,1530.44,1530.58,1530.44,1530.58,0.01,3.65,5605.22,1
2025-12-02,2025-12-02 14:16:00,1530.58,1530.73,1530.58,1530.73,0.01,3.65,5605.22,1
2025-12-02,2025-12-02 14:17:00,1530.73,1530.88,1530.73,1530.88,0.01,3.65,5605.22,1
2025-12-02,2025-12-02 14:18:00,1530.88,1531.02,1530.88,1531.02,0.01,3.65,5605.22,1
2025-12-02,2025-12-02 14:19:00,1531.02,1531.17,1531.02,1531.17,0.01,3.65,5605.22,1
2025-12-02,2025-12-02 14:20:00,1531.17,1531.31,1531.17,1531.31,0.01,3.65,5605.22,1
2025-12-02,2025-12-02 14:21:00,1531.31,1531.46,1531.31,1531.46,0.01,3.65,5605.22,1
2025-12-02,2025-12-02 14:22:00,1531.46,1531.6,1531.46,1531.6,0.01,3.65,5605.22,1
2025-12-02,2025-12-02 14:23:00,1531.6,1531.75,1531.6,1531.75,0.01,3.65,5605.22,1
2025-12-02,2025-12-02 14:24:00,1531.75,1531.9,1531.75,1531.9,0.01,3.65,5605.22,1
2025-12-02,2025-12-02 14:25:00,1531.9,1532.04,1531.9,1532.04,0.01,3.65,5605.22,1
2025-12-02,2025-12-02 14:26:00,1532.04,1532.19,1532.04,1532.19,0.01,3.65,5605.22,1
2025-12-02,2025-12-02 14:27:00,1532.19,1532.33,1532.19,1532.33,0.01,3.65,5605.22,1
2025-12-02,2025-12-02 14:28:00,1532.33,1532.48,1532.33,1532.48,0.01,3.65,5605.22,1
2025-12-02,2025-12-02 14:29:00,1532.48,1532.62,1532.48,1532.62,0.01,3.65,5605.22,1
2025-12-02,2025-12-02 14:30:00,1532.62,1532.77,1532.62,1532.77,0.01,3.65,5605.22,1
2025-12-02,2025-12-02 14:31:00,1532.77,1532.92,1532.77,1532.92,0.01,3.65,5605.22,1
2025-12-02,2025-12-02 14:32:00,1532.92,1533.06,1532.92,1533.06,0.01,3.65,5605.22,1
2025-12-02,2025-12-02 14:33:00,1533.06,1533.21,1533.06,1533.21,0.01,3.65,5605.22,1
2025-12-02,2025-12-02 14:34:00,1533.21,1533.35,1533.21,1533.35,0.01,3.65,5605.22,1
2025-12-02,2025-12-02 14:35:00,1533.35,1533.5,1533.35,1533.5,0.01,3.65,5605.22,1
2025-12-02,2025-12-02 14:36:00,1533.5,1533.65,1533.5,1533.65,0.01,3.65,5605.22,1
2025-12-02,2025-12-02 14:37:00,1533.65,1533.79,1533.65,1533.79,0.01,3.65,5605.22,1
2025-12-02,2025-12-02 14:38:00,1533.79,1533.94,1533.79,1533.94,0.01,3.65,5605.22,1
2025-12-02,2025-12-02 14:39:00,1533.94,1534.08,1533.94,1534.08,0.01,3.65,5605.22,1
2025-12-02,2025-12-02 14:40:00,1534.08,1534.23,1534.08,1534.23,0.01,3.65,5605.22,1
2025-12-02,2025-12-02 14:41:00,1534.23,1534.38,1534.23,1534.38,0.01,3.65,5605.22,1
2025-12-02,2025-12-02 14:42:00,1534.38,1534.52,1534.38,1534.52,0.01,3.65,5605.22,1
2025-12-02,2025-12-02 14:43:00,1534.52,1534.67,1534.52,1534.67,0.01,3.65,5605.22,1
2025-12-02,2025-12-02 14:44:00,1534.67,1534.81,1534.67,1534.81,0.01,3.65,5605.22,1
2025-12-02,2025-12-02 14:45:00,1534.81,1534.96,1534.81,1534.96,0.01,3.65,5605.22,1
2025-12-02,2025-12-02 14:46:00,1534.96,1535.1,1534.96,1535.1,0.01,3.65,5605.22,1
2025-12-02,2025-12-02 14:47:00,1535.1,1535.25,1535.1,1535.25,0.01,3.65,5605.22,1
2025-12-02,2025-12-02 14:48:00,1535.25,1535.4,1535.25,1535.4,0.01,3.65,5605.22,1
2025-12-02,2025-12-02 14:49:00,1535.4,1535.54,1535.4,1535.54,0.01,3.65,5605.22,1
2025-12-02,2025-12-02 14:50:00,1535.54,1535.69,1535.54,1535.69,0.01,3.65,5605.22,1
2025-12-02,2025-12-02 14:51:00,1535.69,1535.83,1535.69,1535.83,0.01,3.65,5605.22,1
2025-12-02,2025-12-02 14:52:00,1535.83,1535.98,1535.83,1535.98,0.01,3.65,5605.22,1
2025-12-02,2025-12-02 14:53:00,1535.98,1536.12,1535.98,1536.12,0.01,3.65,5605.22,1
2025-12-02,2025-12-02 14:54:00,1536.12,1536.27,1536.12,1536.27,0.01,3.65,5605.22,1
2025-12-02,2025-12-02 14:55:00,1536.27,1536.42,1536.27,1536.42,0.01,3.65,5605.22,1
2025-12-02,2025-12-02 14:56:00,1536.42,1536.56,1536.42,1536.56,0.01,3.65,5605.22,1
2025-12-02,2025-12-02 14:57:00,1536.56,1536.71,1536.56,1536.71,0.01,3.65,5605.22,1
2025-12-02,2025-12-02 14:58:00,1536.71,1536.85,1536.71,1536.85,0.01,3.65,5605.22,1
2025-12-02,2025-12-02 14:59:00,1536.85,1537.0,1536.85,1537.0,0.01,3.65,5605.22,1
2025-12-02,2025-12-02 15:00:00,1537.0,1553.0,1502.0,1537.0,0.0,3.65,5605.22,0
2025-12-03,2025-12-03 11:00:00,1560.0,1560.9,1548.0,1559.89,-0.01,23.5,36272.66,-1
2025-12-03,2025-12-03 11:01:00,1559.89,1559.89,1559.78,1559.78,-0.01,23.5,36272.66,-1
2025-12-03,2025-12-03 11:02:00,1559.78,1559.78,1559.66,1559.66,-0.01,23.5,36272.66,-1
2025-12-03,2025-12-03 11:03:00,1559.66,1559.66,1559.55,1559.55,-0.01,23.5,36272.66,-1
2025-12-03,2025-12-03 11:04:00,1559.55,1559.55,1559.44,1559.44,-0.01,23.5,36272.66,-1
2025-12-03,2025-12-03 11:05:00,1559.44,1559.44,1559.33,1559.33,-0.01,23.5,36272.66,-1
2025-12-03,2025-12-03 11:06:00,1559.33,1559.33,1559.21,1559.21,-0.01,23.5,36272.66,-1
2025-12-03,2025-12-03 11:07:00,1559.21,1559.21,1559.1,1559.1,-0.01,23.5,36272.66,-1
2025-12-03,2025-12-03 11:08:00,1559.1,1559.1,1558.99,1558.99,-0.01,23.5,36272.66,-1
2025-12-03,2025-12-03 11:09:00,1558.99,1558.99,1558.88,1558.88,-0.01,23.5,36272.66,-1
2025-12-03,2025-12-03 11:10:00,1558.88,1558.88,1558.76,1558.76,-0.01,23.5,36272.66,-1
2025-12-03,2025-12-03 11:11:00,1558.76,1558.76,1558.65,1558.65,-0.01,23.5,36272.66,-1
2025-12-03,2025-12-03 11:12:00,1558.65,1558.65,1558.54,1558.54,-0.01,23.5,36272.66,-1
2025-12-03,2025-12-03 11:13:00,1558.54,1558.54,1558.42,1558.42,-0.01,23.5,36272.66,-1
2025-12-03,2025-12-03 11:14:00,1558.42,1558.42,1558.31,1558.31,-0.01,23.5,36272.66,-1
2025-12-03,2025-12-03 11:15:00,1558.31,1558.31,1558.2,1558.2,-0.01,23.5,36272.66,-1
2025-12-03,2025-12-03 11:16:00,1558.2,1558.2,1558.09,1558.09,-0.01,23.5,36272.66,-1
2025-12-03,2025-12-03 11:17:00,1558.09,1558.09,1557.97,1557.97,-0.01,23.5,36272.66,-1
2025-12-03,2025-12-03 11:18:00,1557.97,1557.97,1557.86,1557.86,-0.01,23.5,36272.66,-1
2025-12-03,2025-12-03 11:19:00,1557.86,1557.86,1557.75,1557.75,-0.01,23.5,36272.66,-1
2025-12-03,2025-12-03 11:20:00,1557.75,1557.75,1557.64,1557.64,-0.01,23.5,36272.66,-1
2025-12-03,2025-12-03 11:21:00,1557.64,1557.64,1557.53,1557.53,-0.01,23.5,36272.66,-1
2025-12-03,2025-12-03 11:22:00,1557.53,1557.53,1557.41,1557.41,-0.01,23.5,36272.66,-1
2025-12-03,2025-12-03 11:23:00,1557.41,1557.41,1557.3,1557.3,-0.01,23.5,36272.66,-1
2025-12-03,2025-12-03 11:24:00,1557.3,1557.3,1557.19,1557.19,-0.01,23.5,36272.66,-1
2025-12-03,2025-12-03 11:25:00,1557.19,1557.19,1557.08,1557.08,-0.01,23.5,36272.66,-1
2025-12-03,2025-12-03 11:26:00,1557.08,1557.08,1556.96,1556.96,-0.01,23.5,36272.66,-1
2025-12-03,2025-12-03 11:27:00,1556.96,1556.96,1556.85,1556.85,-0.01,23.5,36272.66,-1
2025-12-03,2025-12-03 11:28:00,1556.85,1556.85,1556.74,1556.74,-0.01,23.5,36272.66,-1
2025-12-03,2025-12-03 11:29:00,1556.74,1556.74,1556.62,1556.62,-0.01,23.5,36272.66,-1
2025-12-03,2025-12-03 11:30:00,1556.62,1556.62,1556.51,1556.51,-0.01,23.5,36272.66,-1
2025-12-03,2025-12-03 11:31:00,1556.51,1556.51,1556.4,1556.4,-0.01,23.5,36272.66,-1
2025-12-03,2025-12-03 11:32:00,1556.4,1556.4,1556.29,1556.29,-0.01,23.5,36272.66,-1
2025-12-03,2025-12-03 11:33:00,1556.29,1556.29,1556.17,1556.17,-0.01,23.5,36272.66,-1
2025-12-03,2025-12-03 11:34:00,1556.17,1556.17,1556.06,1556.06,-0.01,23.5,36272.66,-1
2025-12-03,2025-12-03 11:35:00,1556.06,1556.06,1555.95,1555.95,-0.01,23.5,36272.66,-1
2025-12-03,2025-12-03 11:36:00,1555.95,1555.95,1555.84,1555.84,-0.01,23.5,36272.66,-1
2025-12-03,2025-12-03 11:37:00,1555.84,1555.84,1555.72,1555.72,-0.01,23.5,36272.66,-1
2025-12-03,2025-12-03 11:38:00,1555.72,1555.72,1555.61,1555.61,-0.01,23.5,36272.66,-1
2025-12-03,2025-12-03 11:39:00,1555.61,1555.61,1555.5,1555.5,-0.01,23.5,36272.66,-1
2025-12-03,2025-12-03 11:40:00,1555.5,1555.5,1555.39,1555.39,-0.01,23.5,36272.66,-1
2025-12-03,2025-12-03 11:41:00,1555.39,1555.39,1555.28,1555.28,-0.01,23.5,36272.66,-1
2025-12-03,2025-12-03 11:42:00,1555.28,1555.28,1555.16,1555.16,-0.01,23.5,36272.66,-1
2025-12-03,2025-12-03 11:43:00,1555.16,1555.16,1555.05,1555.05,-0.01,23.5,36272.66,-1
2025-12-03,2025-12-03 11:44:00,1555.05,1555.05,1554.94,1554.94,-0.01,23.5,36272.66,-1
2025-12-03,2025-12-03 11:45:00,1554.94,1554.94,1554.83,1554.83,-0.01,23.5,36272.66,-1
2025-12-03,2025-12-03 11:46:00,1554.83,1554.83,1554.71,1554.71,-0.01,23.5,36272.66,-1
2025-12-03,2025-12-03 11:47:00,1554.71,1554.71,1554.6,1554.6,-0.01,23.5,36272.66,-1
2025-12-03,2025-12-03 11:48:00,1554.6,1554.6,1554.49,1554.49,-0.01,23.5,36272.66,-1
2025-12-03,2025-12-03 11:49:00,1554.49,1554.49,1554.38,1554.38,-0.01,23.5,36272.66,-1
2025-12-03,2025-12-03 11:50:00,1554.38,1554.38,1554.26,1554.26,-0.01,23.5,36272.66,-1
2025-12-03,2025-12-03 11:51:00,1554.26,1554.26,1554.15,1554.15,-0.01,23.5,36272.66,-1
2025-12-03,2025-12-03 11:52:00,1554.15,1554.15,1554.04,1554.04,-0.01,23.5,36272.66,-1
2025-12-03,2025-12-03 11:53:00,1554.04,1554.04,1553.92,1553.92,-0.01,23.5,36272.66,-1
2025-12-03,2025-12-03 11:54:00,1553.92,1553.92,1553.81,1553.81,-0.01,23.5,36272.66,-1
2025-12-03,2025-12-03 11:55:00,1553.81,1553.81,1553.7,1553.7,-0.01,23.5,36272.66,-1
2025-12-03,2025-12-03 11:56:00,1553.7,1553.7,1553.59,1553.59,-0.01,23.5,36272.66,-1
2025-12-03,2025-12-03 11:57:00,1553.59,1553.59,1553.47,1553.47,-0.01,23.5,36272.66,-1
2025-12-03,2025-12-03 11:58:00,1553.47,1553.47,1553.36,1553.36,-0.01,23.5,36272.66,-1
2025-12-03,2025-12-03 11:59:00,1553.36,1553.36,1553.25,1553.25,-0.01,23.5,36272.66,-1
2025-12-03,2025-12-03 12:00:00,1553.25,1553.25,1553.14,1553.14,-0.01,23.5,36272.66,-1
2025-12-03,2025-12-03 12:01:00,1553.14,1553.14,1553.03,1553.03,-0.01,23.5,36272.66,-1
2025-12-03,2025-12-03 12:02:00,1553.03,1553.03,1552.91,1552.91,-0.01,23.5,36272.66,-1
2025-12-03,2025-12-03 12:03:00,1552.91,1552.91,1552.8,1552.8,-0.01,23.5,36272.66,-1
2025-12-03,2025-12-03 12:04:00,1552.8,1552.8,1552.69,1552.69,-0.01,23.5,36272.66,-1
2025-12-03,2025-12-03 12:05:00,1552.69,1552.69,1552.58,1552.58,-0.01,23.5,36272.66,-1
2025-12-03,2025-12-03 12:06:00,1552.58,1552.58,1552.46,1552.46,-0.01,23.5,36272.66,-1
2025-12-03,2025-12-03 12:07:00,1552.46,1552.46,1552.35,1552.35,-0.01,23.5,36272.66,-1
2025-12-03,2025-12-03 12:08:00,1552.35,1552.35,1552.24,1552.24,-0.01,23.5,36272.66,-1
2025-12-03,2025-12-03 12:09:00,1552.24,1552.24,1552.12,1552.12,-0.01,23.5,36272.66,-1
2025-12-03,2025-12-03 12:10:00,1552.12,1552.12,1552.01,1552.01,-0.01,23.5,36272.66,-1
2025-12-03,2025-12-03 12:11:00,1552.01,1552.01,1551.9,1551.9,-0.01,23.5,36272.66,-1
2025-12-03,2025-12-03 12:12:00,1551.9,1551.9,1551.79,1551.79,-0.01,23.5,36272.66,-1
2025-12-03,2025-12-03 12:13:00,1551.79,1551.79,1551.67,1551.67,-0.01,23.5,36272.66,-1
2025-12-03,2025-12-03 12:14:00,1551.67,1551.67,1551.56,1551.56,-0.01,23.5,36272.66,-1
2025-12-03,2025-12-03 12:15:00,1551.56,1551.56,1551.45,1551.45,-0.01,23.5,36272.66,-1
2025-12-03,2025-12-03 12:16:00,1551.45,1551.45,1551.34,1551.34,-0.01,23.5,36272.66,-1
2025-12-03,2025-12-03 12:17:00,1551.34,1551.34,1551.22,1551.22,-0.01,23.5,36272.66,-1
2025-12-03,2025-12-03 12:18:00,1551.22,1551.22,1551.11,1551.11,-0.01,23.5,36272.66,-1
2025-12-03,2025-12-03 12:19:00,1551.11,1551.11,1551.0,1551.0,-0.01,23.5,36272.66,-1
2025-12-03,2025-12-03 12:20:00,1551.0,1551.0,1550.89,1550.89,-0.01,23.5,36272.66,-1
2025-12-03,2025-12-03 12:21:00,1550.89,1550.89,1550.78,1550.78,-0.01,23.5,36272.66,-1
2025-12-03,2025-12-03 12:22:00,1550.78,1550.78,1550.66,1550.66,-0.01,23.5,36272.66,-1
2025-12-03,2025-12-03 12:23:00,1550.66,1550.66,1550.55,1550.55,-0.01,23.5,36272.66,-1
2025-12-03,2025-12-03 12:24:00,1550.55,1550.55,1550.44,1550.44,-0.01,23.5,36272.66,-1
2025-12-03,2025-12-03 12:25:00,1550.44,1550.44,1550.33,1550.33,-0.01,23.5,36272.66,-1
2025-12-03,2025-12-03 12:26:00,1550.33,1550.33,1550.21,1550.21,-0.01,23.5,36272.66,-1
2025-12-03,2025-12-03 12:27:00,1550.21,1550.21,1550.1,1550.1,-0.01,23.5,36272.66,-1
2025-12-03,2025-12-03 12:28:00,1550.1,1550.1,1549.99,1549.99,-0.01,23.5,36272.66,-1
2025-12-03,2025-12-03 12:29:00,1549.99,1549.99,1549.88,1549.88,-0.01,23.5,36272.66,-1
2025-12-03,2025-12-03 12:30:00,1549.88,1549.88,1549.76,1549.76,-0.01,23.5,36272.66,-1
2025-12-03,2025-12-03 12:31:00,1549.76,1549.76,1549.65,1549.65,-0.01,23.5,36272.66,-1
2025-12-03,2025-12-03 12:32:00,1549.65,1549.65,1549.54,1549.54,-0.01,23.5,36272.66,-1
2025-12-03,2025-12-03 12:33:00,1549.54,1549.54,1549.42,1549.42,-0.01,23.5,36272.66,-1
2025-12-03,2025-12-03 12:34:00,1549.42,1549.42,1549.31,1549.31,-0.01,23.5,36272.66,-1
2025-12-03,2025-12-03 12:35:00,1549.31,1549.31,1549.2,1549.2,-0.01,23.5,36272.66,-1
2025-12-03,2025-12-03 12:36:00,1549.2,1549.2,1549.09,1549.09,-0.01,23.5,36272.66,-1
2025-12-03,2025-12-03 12:37:00,1549.09,1549.09,1548.97,1548.97,-0.01,23.5,36272.66,-1
2025-12-03,2025-12-03 12:38:00,1548.97,1548.97,1548.86,1548.86,-0.01,23.5,36272.66,-1
2025-12-03,2025-12-03 12:39:00,1548.86,1548.86,1548.75,1548.75,-0.01,23.5,36272.66,-1
2025-12-03,2025-12-03 12:40:00,1548.75,1548.75,1548.64,1548.64,-0.01,23.5,36272.66,-1
2025-12-03,2025-12-03 12:41:00,1548.64,1548.64,1548.53,1548.53,-0.01,23.5,36272.66,-1
2025-12-03,2025-12-03 12:42:00,1548.53,1548.53,1548.41,1548.41,-0.01,23.5,36272.66,-1
2025-12-03,2025-12-03 12:43:00,1548.41,1548.41,1548.3,1548.3,-0.01,23.5,36272.66,-1
2025-12-03,2025-12-03 12:44:00,1548.3,1548.3,1548.19,1548.19,-0.01,23.5,36272.66,-1
2025-12-03,2025-12-03 12:45:00,1548.19,1548.19,1548.08,1548.08,-0.01,23.5,36272.66,-1
2025-12-03,2025-12-03 12:46:00,1548.08,1548.08,1547.96,1547.96,-0.01,23.5,36272.66,-1
2025-12-03,2025-12-03 12:47:00,1547.96,1547.96,1547.85,1547.85,-0.01,23.5,36272.66,-1
2025-12-03,2025-12-03 12:48:00,1547.85,1547.85,1547.74,1547.74,-0.01,23.5,36272.66,-1
2025-12-03,2025-12-03 12:49:00,1547.74,1547.74,1547.62,1547.62,-0.01,23.5,36272.66,-1
2025-12-03,2025-12-03 12:50:00,1547.62,1547.62,1547.51,1547.51,-0.01,23.5,36272.66,-1
2025-12-03,2025-12-03 12:51:00,1547.51,1547.51,1547.4,1547.4,-0.01,23.5,36272.66,-1
2025-12-03,2025-12-03 12:52:00,1547.4,1547.4,1547.29,1547.29,-0.01,23.5,36272.66,-1
2025-12-03,2025-12-03 12:53:00,1547.29,1547.29,1547.17,1547.17,-0.01,23.5,36272.66,-1
2025-12-03,2025-12-03 12:54:00,1547.17,1547.17,1547.06,1547.06,-0.01,23.5,36272.66,-1
2025-12-03,2025-12-03 12:55:00,1547.06,1547.06,1546.95,1546.95,-0.01,23.5,36272.66,-1
2025-12-03,2025-12-03 12:56:00,1546.95,1546.95,1546.84,1546.84,-0.01,23.5,36272.66,-1
2025-12-03,2025-12-03 12:57:00,1546.84,1546.84,1546.72,1546.72,-0.01,23.5,36272.66,-1
2025-12-03,2025-12-03 12:58:00,1546.72,1546.72,1546.61,1546.61,-0.01,23.5,36272.66,-1
2025-12-03,2025-12-03 12:59:00,1546.61,1546.61,1546.5,1546.5,-0.01,23.5,36272.66,-1
2025-12-03,2025-12-03 13:00:00,1546.5,1563.0,1520.0,1546.39,-0.01,23.5,36272.66,-1
2025-12-03,2025-12-03 13:01:00,1546.39,1546.39,1546.28,1546.28,-0.01,23.5,36272.66,-1
2025-12-03,2025-12-03 13:02:00,1546.28,1546.28,1546.16,1546.16,-0.01,23.5,36272.66,-1
2025-12-03,2025-12-03 13:03:00,1546.16,1546.16,1546.05,1546.05,-0.01,23.5,36272.66,-1
2025-12-03,2025-12-03 13:04:00,1546.05,1546.05,1545.94,1545.94,-0.01,23.5,36272.66,-1
2025-12-03,2025-12-03 13:05:00,1545.94,1545.94,1545.83,1545.83,-0.01,23.5,36272.66,-1
2025-12-03,2025-12-03 13:06:00,1545.83,1545.83,1545.71,1545.71,-0.01,23.5,36272.66,-1
2025-12-03,2025-12-03 13:07:00,1545.71,1545.71,1545.6,1545.6,-0.01,23.5,36272.66,-1
2025-12-03,2025-12-03 13:08:00,1545.6,1545.6,1545.49,1545.49,-0.01,23.5,36272.66,-1
2025-12-03,2025-12-03 13:09:00,1545.49,1545.49,1545.38,1545.38,-0.01,23.5,36272.66,-1
2025-12-03,2025-12-03 13:10:00,1545.38,1545.38,1545.26,1545.26,-0.01,23.5,36272.66,-1
2025-12-03,2025-12-03 13:11:00,1545.26,1545.26,1545.15,1545.15,-0.01,23.5,36272.66,-1
2025-12-03,2025-12-03 13:12:00,1545.15,1545.15,1545.04,1545.04,-0.01,23.5,36272.66,-1
2025-12-03,2025-12-03 13:13:00,1545.04,1545.04,1544.92,1544.92,-0.01,23.5,36272.66,-1
2025-12-03,2025-12-03 13:14:00,1544.92,1544.92,1544.81,1544.81,-0.01,23.5,36272.66,-1
2025-12-03,2025-12-03 13:15:00,1544.81,1544.81,1544.7,1544.7,-0.01,23.5,36272.66,-1
2025-12-03,2025-12-03 13:16:00,1544.7,1544.7,1544.59,1544.59,-0.01,23.5,36272.66,-1
2025-12-03,2025-12-03 13:17:00,1544.59,1544.59,1544.47,1544.47,-0.01,23.5,36272.66,-1
2025-12-03,2025-12-03 13:18:00,1544.47,1544.47,1544.36,1544.36,-0.01,23.5,36272.66,-1
2025-12-03,2025-12-03 13:19:00,1544.36,1544.36,1544.25,1544.25,-0.01,23.5,36272.66,-1
2025-12-03,2025-12-03 13:20:00,1544.25,1544.25,1544.14,1544.14,-0.01,23.5,36272.66,-1
2025-12-03,2025-12-03 13:21:00,1544.14,1544.14,1544.03,1544.03,-0.01,23.5,36272.66,-1
2025-12-03,2025-12-03 13:22:00,1544.03,1544.03,1543.91,1543.91,-0.01,23.5,36272.66,-1
2025-12-03,2025-12-03 13:23:00,1543.91,1543.91,1543.8,1543.8,-0.01,23.5,36272.66,-1
2025-12-03,2025-12-03 13:24:00,1543.8,1543.8,1543.69,1543.69,-0.01,23.5,36272.66,-1
2025-12-03,2025-12-03 13:25:00,1543.69,1543.69,1543.58,1543.58,-0.01,23.5,36272.66,-1
2025-12-03,2025-12-03 13:26:00,1543.58,1543.58,1543.46,1543.46,-0.01,23.5,36272.66,-1
2025-12-03,2025-12-03 13:27:00,1543.46,1543.46,1543.35,1543.35,-0.01,23.5,36272.66,-1
2025-12-03,2025-12-03 13:28:00,1543.35,1543.35,1543.24,1543.24,-0.01,23.5,36272.66,-1
2025-12-03,2025-12-03 13:29:00,1543.24,1543.24,1543.12,1543.12,-0.01,23.5,36272.66,-1
2025-12-03,2025-12-03 13:30:00,1543.12,1543.12,1543.01,1543.01,-0.01,23.5,36272.66,-1
2025-12-03,2025-12-03 13:31:00,1543.01,1543.01,1542.9,1542.9,-0.01,23.5,36272.66,-1
2025-12-03,2025-12-03 13:32:00,1542.9,1542.9,1542.79,1542.79,-0.01,23.5,36272.66,-1
2025-12-03,2025-12-03 13:33:00,1542.79,1542.79,1542.67,1542.67,-0.01,23.5,36272.66,-1
2025-12-03,2025-12-03 13:34:00,1542.67,1542.67,1542.56,1542.56,-0.01,23.5,36272.66,-1
2025-12-03,2025-12-03 13:35:00,1542.56,1542.56,1542.45,1542.45,-0.01,23.5,36272.66,-1
2025-12-03,2025-12-03 13:36:00,1542.45,1542.45,1542.34,1542.34,-0.01,23.5,36272.66,-1
2025-12-03,2025-12-03 13:37:00,1542.34,1542.34,1542.22,1542.22,-0.01,23.5,36272.66,-1
2025-12-03,2025-12-03 13:38:00,1542.22,1542.22,1542.11,1542.11,-0.01,23.5,36272.66,-1
2025-12-03,2025-12-03 13:39:00,1542.11,1542.11,1542.0,1542.0,-0.01,23.5,36272.66,-1
2025-12-03,2025-12-03 13:40:00,1542.0,1542.0,1541.89,1541.89,-0.01,23.5,36272.66,-1
2025-12-03,2025-12-03 13:41:00,1541.89,1541.89,1541.78,1541.78,-0.01,23.5,36272.66,-1
2025-12-03,2025-12-03 13:42:00,1541.78,1541.78,1541.66,1541.66,-0.01,23.5,36272.66,-1
2025-12-03,2025-12-03 13:43:00,1541.66,1541.66,1541.55,1541.55,-0.01,23.5,36272.66,-1
2025-12-03,2025-12-03 13:44:00,1541.55,1541.55,1541.44,1541.44,-0.01,23.5,36272.66,-1
2025-12-03,2025-12-03 13:45:00,1541.44,1541.44,1541.33,1541.33,-0.01,23.5,36272.66,-1
2025-12-03,2025-12-03 13:46:00,1541.33,1541.33,1541.21,1541.21,-0.01,23.5,36272.66,-1
2025-12-03,2025-12-03 13:47:00,1541.21,1541.21,1541.1,1541.1,-0.01,23.5,36272.66,-1
2025-12-03,2025-12-03 13:48:00,1541.1,1541.1,1540.99,1540.99,-0.01,23.5,36272.66,-1
2025-12-03,2025-12-03 13:49:00,1540.99,1540.99,1540.88,1540.88,-0.01,23.5,36272.66,-1
2025-12-03,2025-12-03 13:50:00,1540.88,1540.88,1540.76,1540.76,-0.01,23.5,36272.66,-1
2025-12-03,2025-12-03 13:51:00,1540.76,1540.76,1540.65,1540.65,-0.01,23.5,36272.66,-1
2025-12-03,2025-12-03 13:52:00,1540.65,1540.65,1540.54,1540.54,-0.01,23.5,36272.66,-1
2025-12-03,2025-12-03 13:53:00,1540.54,1540.54,1540.42,1540.42,-0.01,23.5,36272.66,-1
2025-12-03,2025-12-03 13:54:00,1540.42,1540.42,1540.31,1540.31,-0.01,23.5,36272.66,-1
2025-12-03,2025-12-03 13:55:00,1540.31,1540.31,1540.2,1540.2,-0.01,23.5,36272.66,-1
2025-12-03,2025-12-03 13:56:00,1540.2,1540.2,1540.09,1540.09,-0.01,23.5,36272.66,-1
2025-12-03,2025-12-03 13:57:00,1540.09,1540.09,1539.97,1539.97,-0.01,23.5,36272.66,-1
2025-12-03,2025-12-03 13:58:00,1539.97,1539.97,1539.86,1539.86,-0.01,23.5,36272.66,-1
2025-12-03,2025-12-03 13:59:00,1539.86,1539.86,1539.75,1539.75,-0.01,23.5,36272.66,-1
2025-12-03,2025-12-03 14:00:00,1539.75,1539.75,1539.64,1539.64,-0.01,23.5,36272.66,-1
2025-12-03,2025-12-03 14:01:00,1539.64,1539.64,1539.53,1539.53,-0.01,23.5,36272.66,-1
2025-12-03,2025-12-03 14:02:00,1539.53,1539.53,1539.41,1539.41,-0.01,23.5,36272.66,-1
2025-12-03,2025-12-03 14:03:00,1539.41,1539.41,1539.3,1539.3,-0.01,23.5,36272.66,-1
2025-12-03,2025-12-03 14:04:00,1539.3,1539.3,1539.19,1539.19,-0.01,23.5,36272.66,-1
2025-12-03,2025-12-03 14:05:00,1539.19,1539.19,1539.08,1539.08,-0.01,23.5,36272.66,-1
2025-12-03,2025-12-03 14:06:00,1539.08,1539.08,1538.96,1538.96,-0.01,23.5,36272.66,-1
2025-12-03,2025-12-03 14:07:00,1538.96,1538.96,1538.85,1538.85,-0.01,23.5,36272.66,-1
2025-12-03,2025-12-03 14:08:00,1538.85,1538.85,1538.74,1538.74,-0.01,23.5,36272.66,-1
2025-12-03,2025-12-03 14:09:00,1538.74,1538.74,1538.62,1538.62,-0.01,23.5,36272.66,-1
2025-12-03,2025-12-03 14:10:00,1538.62,1538.62,1538.51,1538.51,-0.01,23.5,36272.66,-1
2025-12-03,2025-12-03 14:11:00,1538.51,1538.51,1538.4,1538.4,-0.01,23.5,36272.66,-1
2025-12-03,2025-12-03 14:12:00,1538.4,1538.4,1538.29,1538.29,-0.01,23.5,36272.66,-1
2025-12-03,2025-12-03 14:13:00,1538.29,1538.29,1538.17,1538.17,-0.01,23.5,36272.66,-1
2025-12-03,2025-12-03 14:14:00,1538.17,1538.17,1538.06,1538.06,-0.01,23.5,36272.66,-1
2025-12-03,2025-12-03 14:15:00,1538.06,1538.06,1537.95,1537.95,-0.01,23.5,36272.66,-1
2025-12-03,2025-12-03 14:16:00,1537.95,1537.95,1537.84,1537.84,-0.01,23.5,36272.66,-1
2025-12-03,2025-12-03 14:17:00,1537.84,1537.84,1537.72,1537.72,-0.01,23.5,36272.66,-1
2025-12-03,2025-12-03 14:18:00,1537.72,1537.72,1537.61,1537.61,-0.01,23.5,36272.66,-1
2025-12-03,2025-12-03 14:19:00,1537.61,1537.61,1537.5,1537.5,-0.01,23.5,36272.66,-1
2025-12-03,2025-12-03 14:20:00,1537.5,1537.5,1537.39,1537.39,-0.01,23.5,36272.66,-1
2025-12-03,2025-12-03 14:21:00,1537.39,1537.39,1537.28,1537.28,-0.01,23.5,36272.66,-1
2025-12-03,2025-12-03 14:22:00,1537.28,1537.28,1537.16,1537.16,-0.01,23.5,36272.66,-1
2025-12-03,2025-12-03 14:23:00,1537.16,1537.16,1537.05,1537.05,-0.01,23.5,36272.66,-1
2025-12-03,2025-12-03 14:24:00,1537.05,1537.05,1536.94,1536.94,-0.01,23.5,36272.66,-1
2025-12-03,2025-12-03 14:25:00,1536.94,1536.94,1536.83,1536.83,-0.01,23.5,36272.66,-1
2025-12-03,2025-12-03 14:26:00,1536.83,1536.83,1536.71,1536.71,-0.01,23.5,36272.66,-1
2025-12-03,2025-12-03 14:27:00,1536.71,1536.71,1536.6,1536.6,-0.01,23.5,36272.66,-1
2025-12-03,2025-12-03 14:28:00,1536.6,1536.6,1536.49,1536.49,-0.01,23.5,36272.66,-1
2025-12-03,2025-12-03 14:29:00,1536.49,1536.49,1536.38,1536.38,-0.01,23.5,36272.66,-1
2025-12-03,2025-12-03 14:30:00,1536.38,1536.38,1536.26,1536.26,-0.01,23.5,36272.66,-1
2025-12-03,2025-12-03 14:31:00,1536.26,1536.26,1536.15,1536.15,-0.01,23.5,36272.66,-1
2025-12-03,2025-12-03 14:32:00,1536.15,1536.15,1536.04,1536.04,-0.01,23.5,36272.66,-1
2025-12-03,2025-12-03 14:33:00,1536.04,1536.04,1535.92,1535.92,-0.01,23.5,36272.66,-1
2025-12-03,2025-12-03 14:34:00,1535.92,1535.92,1535.81,1535.81,-0.01,23.5,36272.66,-1
2025-12-03,2025-12-03 14:35:00,1535.81,1535.81,1535.7,1535.7,-0.01,23.5,36272.66,-1
2025-12-03,2025-12-03 14:36:00,1535.7,1535.7,1535.59,1535.59,-0.01,23.5,36272.66,-1
2025-12-03,2025-12-03 14:37:00,1535.59,1535.59,1535.47,1535.47,-0.01,23.5,36272.66,-1
2025-12-03,2025-12-03 14:38:00,1535.47,1535.47,1535.36,1535.36,-0.01,23.5,36272.66,-1
2025-12-03,2025-12-03 14:39:00,1535.36,1535.36,1535.25,1535.25,-0.01,23.5,36272.66,-1
2025-12-03,2025-12-03 14:40:00,1535.25,1535.25,1535.14,1535.14,-0.01,23.5,36272.66,-1
2025-12-03,2025-12-03 14:41:00,1535.14,1535.14,1535.03,1535.03,-0.01,23.5,36272.66,-1
2025-12-03,2025-12-03 14:42:00,1535.03,1535.03,1534.91,1534.91,-0.01,23.5,36272.66,-1
2025-12-03,2025-12-03 14:43:00,1534.91,1534.91,1534.8,1534.8,-0.01,23.5,36272.66,-1
2025-12-03,2025-12-03 14:44:00,1534.8,1534.8,1534.69,1534.69,-0.01,23.5,36272.66,-1
2025-12-03,2025-12-03 14:45:00,1534.69,1534.69,1534.58,1534.58,-0.01,23.5,36272.66,-1
2025-12-03,2025-12-03 14:46:00,1534.58,1534.58,1534.46,1534.46,-0.01,23.5,36272.66,-1
2025-12-03,2025-12-03 14:47:00,1534.46,1534.46,1534.35,1534.35,-0.01,23.5,36272.66,-1
2025-12-03,2025-12-03 14:48:00,1534.35,1534.35,1534.24,1534.24,-0.01,23.5,36272.66,-1
2025-12-03,2025-12-03 14:49:00,1534.24,1534.24,1534.12,1534.12,-0.01,23.5,36272.66,-1
2025-12-03,2025-12-03 14:50:00,1534.12,1534.12,1534.01,1534.01,-0.01,23.5,36272.66,-1
2025-12-03,2025-12-03 14:51:00,1534.01,1534.01,1533.9,1533.9,-0.01,23.5,36272.66,-1
2025-12-03,2025-12-03 14:52:00,1533.9,1533.9,1533.79,1533.79,-0.01,23.5,36272.66,-1
2025-12-03,2025-12-03 14:53:00,1533.79,1533.79,1533.67,1533.67,-0.01,23.5,36272.66,-1
2025-12-03,2025-12-03 14:54:00,1533.67,1533.67,1533.56,1533.56,-0.01,23.5,36272.66,-1
2025-12-03,2025-12-03 14:55:00,1533.56,1533.56,1533.45,1533.45,-0.01,23.5,36272.66,-1
2025-12-03,2025-12-03 14:56:00,1533.45,1533.45,1533.34,1533.34,-0.01,23.5,36272.66,-1
2025-12-03,2025-12-03 14:57:00,1533.34,1533.34,1533.22,1533.22,-0.01,23.5,36272.66,-1
2025-12-03,2025-12-03 14:58:00,1533.22,1533.22,1533.11,1533.11,-0.01,23.5,36272.66,-1
2025-12-03,2025-12-03 14:59:00,1533.11,1533.11,1533.0,1533.0,-0.01,23.5,36272.66,-1
2025-12-03,2025-12-03 15:00:00,1533.0,1563.0,1520.0,1533.0,0.0,23.5,36272.66,0
2025-12-07,2025-12-07 11:00:00,1502.4,1525.98,1502.4,1502.56,0.01,30.09,45878.11,1
2025-12-07,2025-12-07 11:01:00,1502.56,1502.71,1502.56,1502.71,0.01,30.09,45878.11,1
2025-12-07,2025-12-07 11:02:00,1502.71,1502.87,1502.71,1502.87,0.01,30.09,45878.11,1
2025-12-07,2025-12-07 11:03:00,1502.87,1503.03,1502.87,1503.03,0.01,30.09,45878.11,1
2025-12-07,2025-12-07 11:04:00,1503.03,1503.18,1503.03,1503.18,0.01,30.09,45878.11,1
2025-12-07,2025-12-07 11:05:00,1503.18,1503.34,1503.18,1503.34,0.01,30.09,45878.11,1
2025-12-07,2025-12-07 11:06:00,1503.34,1503.49,1503.34,1503.49,0.01,30.09,45878.11,1
2025-12-07,2025-12-07 11:07:00,1503.49,1503.65,1503.49,1503.65,0.01,30.09,45878.11,1
2025-12-07,2025-12-07 11:08:00,1503.65,1503.81,1503.65,1503.81,0.01,30.09,45878.11,1
2025-12-07,2025-12-07 11:09:00,1503.81,1503.96,1503.81,1503.96,0.01,30.09,45878.11,1
2025-12-07,2025-12-07 11:10:00,1503.96,1504.12,1503.96,1504.12,0.01,30.09,45878.11,1
2025-12-07,2025-12-07 11:11:00,1504.12,1504.28,1504.12,1504.28,0.01,30.09,45878.11,1
2025-12-07,2025-12-07 11:12:00,1504.28,1504.43,1504.28,1504.43,0.01,30.09,45878.11,1
2025-12-07,2025-12-07 11:13:00,1504.43,1504.59,1504.43,1504.59,0.01,30.09,45878.11,1
2025-12-07,2025-12-07 11:14:00,1504.59,1504.74,1504.59,1504.74,0.01,30.09,45878.11,1
2025-12-07,2025-12-07 11:15:00,1504.74,1504.9,1504.74,1504.9,0.01,30.09,45878.11,1
2025-12-07,2025-12-07 11:16:00,1504.9,1505.06,1504.9,1505.06,0.01,30.09,45878.11,1
2025-12-07,2025-12-07 11:17:00,1505.06,1505.21,1505.06,1505.21,0.01,30.09,45878.11,1
2025-12-07,2025-12-07 11:18:00,1505.21,1505.37,1505.21,1505.37,0.01,30.09,45878.11,1
2025-12-07,2025-12-07 11:19:00,1505.37,1505.53,1505.37,1505.53,0.01,30.09,45878.11,1
2025-12-07,2025-12-07 11:20:00,1505.53,1505.68,1505.53,1505.68,0.01,30.09,45878.11,1
2025-12-07,2025-12-07 11:21:00,1505.68,1505.84,1505.68,1505.84,0.01,30.09,45878.11,1
2025-12-07,2025-12-07 11:22:00,1505.84,1505.99,1505.84,1505.99,0.01,30.09,45878.11,1
2025-12-07,2025-12-07 11:23:00,1505.99,1506.15,1505.99,1506.15,0.01,30.09,45878.11,1
2025-12-07,2025-12-07 11:24:00,1506.15,1506.31,1506.15,1506.31,0.01,30.09,45878.11,1
2025-12-07,2025-12-07 11:25:00,1506.31,1506.46,1506.31,1506.46,0.01,30.09,45878.11,1
2025-12-07,2025-12-07 11:26:00,1506.46,1506.62,1506.46,1506.62,0.01,30.09,45878.11,1
2025-12-07,2025-12-07 11:27:00,1506.62,1506.78,1506.62,1506.78,0.01,30.09,45878.11,1
2025-12-07,2025-12-07 11:28:00,1506.78,1506.93,1506.78,1506.93,0.01,30.09,45878.11,1
2025-12-07,2025-12-07 11:29:00,1506.93,1507.09,1506.93,1507.09,0.01,30.09,45878.11,1
2025-12-07,2025-12-07 11:30:00,1507.09,1507.24,1507.09,1507.24,0.01,30.09,45878.11,1
2025-12-07,2025-12-07 11:31:00,1507.24,1507.4,1507.24,1507.4,0.01,30.09,45878.11,1
2025-12-07,2025-12-07 11:32:00,1507.4,1507.56,1507.4,1507.56,0.01,30.09,45878.11,1
2025-12-07,2025-12-07 11:33:00,1507.56,1507.71,1507.56,1507.71,0.01,30.09,45878.11,1
2025-12-07,2025-12-07 11:34:00,1507.71,1507.87,1507.71,1507.87,0.01,30.09,45878.11,1
2025-12-07,2025-12-07 11:35:00,1507.87,1508.03,1507.87,1508.03,0.01,30.09,45878.11,1
2025-12-07,2025-12-07 11:36:00,1508.03,1508.18,1508.03,1508.18,0.01,30.09,45878.11,1
2025-12-07,2025-12-07 11:37:00,1508.18,1508.34,1508.18,1508.34,0.01,30.09,45878.11,1
2025-12-07,2025-12-07 11:38:00,1508.34,1508.49,1508.34,1508.49,0.01,30.09,45878.11,1
2025-12-07,2025-12-07 11:39:00,1508.49,1508.65,1508.49,1508.65,0.01,30.09,45878.11,1
2025-12-07,2025-12-07 11:40:00,1508.65,1508.81,1508.65,1508.81,0.01,30.09,45878.11,1
2025-12-07,2025-12-07 11:41:00,1508.81,1508.96,1508.81,1508.96,0.01,30.09,45878.11,1
2025-12-07,2025-12-07 11:42:00,1508.96,1509.12,1508.96,1509.12,0.01,30.09,45878.11,1
2025-12-07,2025-12-07 11:43:00,1509.12,1509.28,1509.12,1509.28,0.01,30.09,45878.11,1
2025-12-07,2025-12-07 11:44:00,1509.28,1509.43,1509.28,1509.43,0.01,30.09,45878.11,1
2025-12-07,2025-12-07 11:45:00,1509.43,1509.59,1509.43,1509.59,0.01,30.09,45878.11,1
2025-12-07,2025-12-07 11:46:00,1509.59,1509.74,1509.59,1509.74,0.01,30.09,45878.11,1
2025-12-07,2025-12-07 11:47:00,1509.74,1509.9,1509.74,1509.9,0.01,30.09,45878.11,1
2025-12-07,2025-12-07 11:48:00,1509.9,1510.06,1509.9,1510.06,0.01,30.09,45878.11,1
2025-12-07,2025-12-07 11:49:00,1510.06,1510.21,1510.06,1510.21,0.01,30.09,45878.11,1
2025-12-07,2025-12-07 11:50:00,1510.21,1510.37,1510.21,1510.37,0.01,30.09,45878.11,1
2025-12-07,2025-12-07 11:51:00,1510.37,1510.53,1510.37,1510.53,0.01,30.09,45878.11,1
2025-12-07,2025-12-07 11:52:00,1510.53,1510.68,1510.53,1510.68,0.01,30.09,45878.11,1
2025-12-07,2025-12-07 11:53:00,1510.68,1510.84,1510.68,1510.84,0.01,30.09,45878.11,1
2025-12-07,2025-12-07 11:54:00,1510.84,1510.99,1510.84,1510.99,0.01,30.09,45878.11,1
2025-12-07,2025-12-07 11:55:00,1510.99,1511.15,1510.99,1511.15,0.01,30.09,45878.11,1
2025-12-07,2025-12-07 11:56:00,1511.15,1511.31,1511.15,1511.31,0.01,30.09,45878.11,1
2025-12-07,2025-12-07 11:57:00,1511.31,1511.46,1511.31,1511.46,0.01,30.09,45878.11,1
2025-12-07,2025-12-07 11:58:00,1511.46,1511.62,1511.46,1511.62,0.01,30.09,45878.11,1
2025-12-07,2025-12-07 11:59:00,1511.62,1511.78,1511.62,1511.78,0.01,30.09,45878.11,1
2025-12-07,2025-12-07 12:00:00,1511.78,1511.93,1511.78,1511.93,0.01,30.09,45878.11,1
2025-12-07,2025-12-07 12:01:00,1511.93,1512.09,1511.93,1512.09,0.01,30.09,45878.11,1
2025-12-07,2025-12-07 12:02:00,1512.09,1512.24,1512.09,1512.24,0.01,30.09,45878.11,1
2025-12-07,2025-12-07 12:03:00,1512.24,1512.4,1512.24,1512.4,0.01,30.09,45878.11,1
2025-12-07,2025-12-07 12:04:00,1512.4,1512.56,1512.4,1512.56,0.01,30.09,45878.11,1
2025-12-07,2025-12-07 12:05:00,1512.56,1512.71,1512.56,1512.71,0.01,30.09,45878.11,1
2025-12-07,2025-12-07 12:06:00,1512.71,1512.87,1512.71,1512.87,0.01,30.09,45878.11,1
2025-12-07,2025-12-07 12:07:00,1512.87,1513.03,1512.87,1513.03,0.01,30.09,45878.11,1
2025-12-07,2025-12-07 12:08:00,1513.03,1513.18,1513.03,1513.18,0.01,30.09,45878.11,1
2025-12-07,2025-12-07 12:09:00,1513.18,1513.34,1513.18,1513.34,0.01,30.09,45878.11,1
2025-12-07,2025-12-07 12:10:00,1513.34,1513.49,1513.34,1513.49,0.01,30.09,45878.11,1
2025-12-07,2025-12-07 12:11:00,1513.49,1513.65,1513.49,1513.65,0.01,30.09,45878.11,1
2025-12-07,2025-12-07 12:12:00,1513.65,1513.81,1513.65,1513.81,0.01,30.09,45878.11,1
2025-12-07,2025-12-07 12:13:00,1513.81,1513.96,1513.81,1513.96,0.01,30.09,45878.11,1
2025-12-07,2025-12-07 12:14:00,1513.96,1514.12,1513.96,1514.12,0.01,30.09,45878.11,1
2025-12-07,2025-12-07 12:15:00,1514.12,1514.28,1514.12,1514.28,0.01,30.09,45878.11,1
2025-12-07,2025-12-07 12:16:00,1514.28,1514.43,1514.28,1514.43,0.01,30.09,45878.11,1
2025-12-07,2025-12-07 12:17:00,1514.43,1514.59,1514.43,1514.59,0.01,30.09,45878.11,1
2025-12-07,2025-12-07 12:18:00,1514.59,1514.74,1514.59,1514.74,0.01,30.09,45878.11,1
2025-12-07,2025-12-07 12:19:00,1514.74,1514.9,1514.74,1514.9,0.01,30.09,45878.11,1
2025-12-07,2025-12-07 12:20:00,1514.9,1515.06,1514.9,1515.06,0.01,30.09,45878.11,1
2025-12-07,2025-12-07 12:21:00,1515.06,1515.21,1515.06,1515.21,0.01,30.09,45878.11,1
2025-12-07,2025-12-07 12:22:00,1515.21,1515.37,1515.21,1515.37,0.01,30.09,45878.11,1
2025-12-07,2025-12-07 12:23:00,1515.37,1515.53,1515.37,1515.53,0.01,30.09,45878.11,1
2025-12-07,2025-12-07 12:24:00,1515.53,1515.68,1515.53,1515.68,0.01,30.09,45878.11,1
2025-12-07,2025-12-07 12:25:00,1515.68,1515.84,1515.68,1515.84,0.01,30.09,45878.11,1
2025-12-07,2025-12-07 12:26:00,1515.84,1515.99,1515.84,1515.99,0.01,30.09,45878.11,1
2025-12-07,2025-12-07 12:27:00,1515.99,1516.15,1515.99,1516.15,0.01,30.09,45878.11,1
2025-12-07,2025-12-07 12:28:00,1516.15,1516.31,1516.15,1516.31,0.01,30.09,45878.11,1
2025-12-07,2025-12-07 12:29:00,1516.31,1516.46,1516.31,1516.46,0.01,30.09,45878.11,1
2025-12-07,2025-12-07 12:30:00,1516.46,1516.62,1516.46,1516.62,0.01,30.09,45878.11,1
2025-12-07,2025-12-07 12:31:00,1516.62,1516.78,1516.62,1516.78,0.01,30.09,45878.11,1
2025-12-07,2025-12-07 12:32:00,1516.78,1516.93,1516.78,1516.93,0.01,30.09,45878.11,1
2025-12-07,2025-12-07 12:33:00,1516.93,1517.09,1516.93,1517.09,0.01,30.09,45878.11,1
2025-12-07,2025-12-07 12:34:00,1517.09,1517.24,1517.09,1517.24,0.01,30.09,45878.11,1
2025-12-07,2025-12-07 12:35:00,1517.24,1517.4,1517.24,1517.4,0.01,30.09,45878.11,1
2025-12-07,2025-12-07 12:36:00,1517.4,1517.56,1517.4,1517.56,0.01,30.09,45878.11,1
2025-12-07,2025-12-07 12:37:00,1517.56,1517.71,1517.56,1517.71,0.01,30.09,45878.11,1
2025-12-07,2025-12-07 12:38:00,1517.71,1517.87,1517.71,1517.87,0.01,30.09,45878.11,1
2025-12-07,2025-12-07 12:39:00,1517.87,1518.03,1517.87,1518.03,0.01,30.09,45878.11,1
2025-12-07,2025-12-07 12:40:00,1518.03,1518.18,1518.03,1518.18,0.01,30.09,45878.11,1
2025-12-07,2025-12-07 12:41:00,1518.18,1518.34,1518.18,1518.34,0.01,30.09,45878.11,1
2025-12-07,2025-12-07 12:42:00,1518.34,1518.49,1518.34,1518.49,0.01,30.09,45878.11,1
2025-12-07,2025-12-07 12:43:00,1518.49,1518.65,1518.49,1518.65,0.01,30.09,45878.11,1
2025-12-07,2025-12-07 12:44:00,1518.65,1518.81,1518.65,1518.81,0.01,30.09,45878.11,1
2025-12-07,2025-12-07 12:45:00,1518.81,1518.96,1518.81,1518.96,0.01,30.09,45878.11,1
2025-12-07,2025-12-07 12:46:00,1518.96,1519.12,1518.96,1519.12,0.01,30.09,45878.11,1
2025-12-07,2025-12-07 12:47:00,1519.12,1519.28,1519.12,1519.28,0.01,30.09,45878.11,1
2025-12-07,2025-12-07 12:48:00,1519.28,1519.43,1519.28,1519.43,0.01,30.09,45878.11,1
2025-12-07,2025-12-07 12:49:00,1519.43,1519.59,1519.43,1519.59,0.01,30.09,45878.11,1
2025-12-07,2025-12-07 12:50:00,1519.59,1519.74,1519.59,1519.74,0.01,30.09,45878.11,1
2025-12-07,2025-12-07 12:51:00,1519.74,1519.9,1519.74,1519.9,0.01,30.09,45878.11,1
2025-12-07,2025-12-07 12:52:00,1519.9,1520.06,1519.9,1520.06,0.01,30.09,45878.11,1
2025-12-07,2025-12-07 12:53:00,1520.06,1520.21,1520.06,1520.21,0.01,30.09,45878.11,1
2025-12-07,2025-12-07 12:54:00,1520.21,1520.37,1520.21,1520.37,0.01,30.09,45878.11,1
2025-12-07,2025-12-07 12:55:00,1520.37,1520.53,1520.37,1520.53,0.01,30.09,45878.11,1
2025-12-07,2025-12-07 12:56:00,1520.53,1520.68,1520.53,1520.68,0.01,30.09,45878.11,1
2025-12-07,2025-12-07 12:57:00,1520.68,1520.84,1520.68,1520.84,0.01,30.09,45878.11,1
2025-12-07,2025-12-07 12:58:00,1520.84,1520.99,1520.84,1520.99,0.01,30.09,45878.11,1
2025-12-07,2025-12-07 12:59:00,1520.99,1521.15,1520.99,1521.15,0.01,30.09,45878.11,1
2025-12-07,2025-12-07 13:00:00,1521.15,1581.0,1502.4,1521.31,0.01,30.09,45878.11,1
2025-12-07,2025-12-07 13:01:00,1521.31,1521.46,1521.31,1521.46,0.01,30.09,45878.11,1
2025-12-07,2025-12-07 13:02:00,1521.46,1521.62,1521.46,1521.62,0.01,30.09,45878.11,1
2025-12-07,2025-12-07 13:03:00,1521.62,1521.78,1521.62,1521.78,0.01,30.09,45878.11,1
2025-12-07,2025-12-07 13:04:00,1521.78,1521.93,1521.78,1521.93,0.01,30.09,45878.11,1
2025-12-07,2025-12-07 13:05:00,1521.93,1522.09,1521.93,1522.09,0.01,30.09,45878.11,1
2025-12-07,2025-12-07 13:06:00,1522.09,1522.24,1522.09,1522.24,0.01,30.09,45878.11,1
2025-12-07,2025-12-07 13:07:00,1522.24,1522.4,1522.24,1522.4,0.01,30.09,45878.11,1
2025-12-07,2025-12-07 13:08:00,1522.4,1522.56,1522.4,1522.56,0.01,30.09,45878.11,1
2025-12-07,2025-12-07 13:09:00,1522.56,1522.71,1522.56,1522.71,0.01,30.09,45878.11,1
2025-12-07,2025-12-07 13:10:00,1522.71,1522.87,1522.71,1522.87,0.01,30.09,45878.11,1
2025-12-07,2025-12-07 13:11:00,1522.87,1523.03,1522.87,1523.03,0.01,30.09,45878.11,1
2025-12-07,2025-12-07 13:12:00,1523.03,1523.18,1523.03,1523.18,0.01,30.09,45878.11,1
2025-12-07,2025-12-07 13:13:00,1523.18,1523.34,1523.18,1523.34,0.01,30.09,45878.11,1
2025-12-07,2025-12-07 13:14:00,1523.34,1523.49,1523.34,1523.49,0.01,30.09,45878.11,1
2025-12-07,2025-12-07 13:15:00,1523.49,1523.65,1523.49,1523.65,0.01,30.09,45878.11,1
2025-12-07,2025-12-07 13:16:00,1523.65,1523.81,1523.65,1523.81,0.01,30.09,45878.11,1
2025-12-07,2025-12-07 13:17:00,1523.81,1523.96,1523.81,1523.96,0.01,30.09,45878.11,1
2025-12-07,2025-12-07 13:18:00,1523.96,1524.12,1523.96,1524.12,0.01,30.09,45878.11,1
2025-12-07,2025-12-07 13:19:00,1524.12,1524.28,1524.12,1524.28,0.01,30.09,45878.11,1
2025-12-07,2025-12-07 13:20:00,1524.28,1524.43,1524.28,1524.43,0.01,30.09,45878.11,1
2025-12-07,2025-12-07 13:21:00,1524.43,1524.59,1524.43,1524.59,0.01,30.09,45878.11,1
2025-12-07,2025-12-07 13:22:00,1524.59,1524.74,1524.59,1524.74,0.01,30.09,45878.11,1
2025-12-07,2025-12-07 13:23:00,1524.74,1524.9,1524.74,1524.9,0.01,30.09,45878.11,1
2025-12-07,2025-12-07 13:24:00,1524.9,1525.06,1524.9,1525.06,0.01,30.09,45878.11,1
2025-12-07,2025-12-07 13:25:00,1525.06,1525.21,1525.06,1525.21,0.01,30.09,45878.11,1
2025-12-07,2025-12-07 13:26:00,1525.21,1525.37,1525.21,1525.37,0.01,30.09,45878.11,1
2025-12-07,2025-12-07 13:27:00,1525.37,1525.53,1525.37,1525.53,0.01,30.09,45878.11,1
2025-12-07,2025-12-07 13:28:00,1525.53,1525.68,1525.53,1525.68,0.01,30.09,45878.11,1
2025-12-07,2025-12-07 13:29:00,1525.68,1525.84,1525.68,1525.84,0.01,30.09,45878.11,1
2025-12-07,2025-12-07 13:30:00,1525.84,1525.99,1525.84,1525.99,0.01,30.09,45878.11,1
2025-12-07,2025-12-07 13:31:00,1525.99,1526.15,1525.99,1526.15,0.01,30.09,45878.11,1
2025-12-07,2025-12-07 13:32:00,1526.15,1526.31,1526.15,1526.31,0.01,30.09,45878.11,1
2025-12-07,2025-12-07 13:33:00,1526.31,1526.46,1526.31,1526.46,0.01,30.09,45878.11,1
2025-12-07,2025-12-07 13:34:00,1526.46,1526.62,1526.46,1526.62,0.01,30.09,45878.11,1
2025-12-07,2025-12-07 13:35:00,1526.62,1526.78,1526.62,1526.78,0.01,30.09,45878.11,1
2025-12-07,2025-12-07 13:36:00,1526.78,1526.93,1526.78,1526.93,0.01,30.09,45878.11,1
2025-12-07,2025-12-07 13:37:00,1526.93,1527.09,1526.93,1527.09,0.01,30.09,45878.11,1
2025-12-07,2025-12-07 13:38:00,1527.09,1527.24,1527.09,1527.24,0.01,30.09,45878.11,1
2025-12-07,2025-12-07 13:39:00,1527.24,1527.4,1527.24,1527.4,0.01,30.09,45878.11,1
2025-12-07,2025-12-07 13:40:00,1527.4,1527.56,1527.4,1527.56,0.01,30.09,45878.11,1
2025-12-07,2025-12-07 13:41:00,1527.56,1527.71,1527.56,1527.71,0.01,30.09,45878.11,1
2025-12-07,2025-12-07 13:42:00,1527.71,1527.87,1527.71,1527.87,0.01,30.09,45878.11,1
2025-12-07,2025-12-07 13:43:00,1527.87,1528.03,1527.87,1528.03,0.01,30.09,45878.11,1
2025-12-07,2025-12-07 13:44:00,1528.03,1528.18,1528.03,1528.18,0.01,30.09,45878.11,1
2025-12-07,2025-12-07 13:45:00,1528.18,1528.34,1528.18,1528.34,0.01,30.09,45878.11,1
2025-12-07,2025-12-07 13:46:00,1528.34,1528.49,1528.34,1528.49,0.01,30.09,45878.11,1
2025-12-07,2025-12-07 13:47:00,1528.49,1528.65,1528.49,1528.65,0.01,30.09,45878.11,1
2025-12-07,2025-12-07 13:48:00,1528.65,1528.81,1528.65,1528.81,0.01,30.09,45878.11,1
2025-12-07,2025-12-07 13:49:00,1528.81,1528.96,1528.81,1528.96,0.01,30.09,45878.11,1
2025-12-07,2025-12-07 13:50:00,1528.96,1529.12,1528.96,1529.12,0.01,30.09,45878.11,1
2025-12-07,2025-12-07 13:51:00,1529.12,1529.28,1529.12,1529.28,0.01,30.09,45878.11,1
2025-12-07,2025-12-07 13:52:00,1529.28,1529.43,1529.28,1529.43,0.01,30.09,45878.11,1
2025-12-07,2025-12-07 13:53:00,1529.43,1529.59,1529.43,1529.59,0.01,30.09,45878.11,1
2025-12-07,2025-12-07 13:54:00,1529.59,1529.74,1529.59,1529.74,0.01,30.09,45878.11,1
2025-12-07,2025-12-07 13:55:00,1529.74,1529.9,1529.74,1529.9,0.01,30.09,45878.11,1
2025-12-07,2025-12-07 13:56:00,1529.9,1530.06,1529.9,1530.06,0.01,30.09,45878.11,1
2025-12-07,2025-12-07 13:57:00,1530.06,1530.21,1530.06,1530.21,0.01,30.09,45878.11,1
2025-12-07,2025-12-07 13:58:00,1530.21,1530.37,1530.21,1530.37,0.01,30.09,45878.11,1
2025-12-07,2025-12-07 13:59:00,1530.37,1530.53,1530.37,1530.53,0.01,30.09,45878.11,1
2025-12-07,2025-12-07 14:00:00,1530.53,1530.68,1530.53,1530.68,0.01,30.09,45878.11,1
2025-12-07,2025-12-07 14:01:00,1530.68,1530.84,1530.68,1530.84,0.01,30.09,45878.11,1
2025-12-07,2025-12-07 14:02:00,1530.84,1530.99,1530.84,1530.99,0.01,30.09,45878.11,1
2025-12-07,2025-12-07 14:03:00,1530.99,1531.15,1530.99,1531.15,0.01,30.09,45878.11,1
2025-12-07,2025-12-07 14:04:00,1531.15,1531.31,1531.15,1531.31,0.01,30.09,45878.11,1
2025-12-07,2025-12-07 14:05:00,1531.31,1531.46,1531.31,1531.46,0.01,30.09,45878.11,1
2025-12-07,2025-12-07 14:06:00,1531.46,1531.62,1531.46,1531.62,0.01,30.09,45878.11,1
2025-12-07,2025-12-07 14:07:00,1531.62,1531.78,1531.62,1531.78,0.01,30.09,45878.11,1
2025-12-07,2025-12-07 14:08:00,1531.78,1531.93,1531.78,1531.93,0.01,30.09,45878.11,1
2025-12-07,2025-12-07 14:09:00,1531.93,1532.09,1531.93,1532.09,0.01,30.09,45878.11,1
2025-12-07,2025-12-07 14:10:00,1532.09,1532.24,1532.09,1532.24,0.01,30.09,45878.11,1
2025-12-07,2025-12-07 14:11:00,1532.24,1532.4,1532.24,1532.4,0.01,30.09,45878.11,1
2025-12-07,2025-12-07 14:12:00,1532.4,1532.56,1532.4,1532.56,0.01,30.09,45878.11,1
2025-12-07,2025-12-07 14:13:00,1532.56,1532.71,1532.56,1532.71,0.01,30.09,45878.11,1
2025-12-07,2025-12-07 14:14:00,1532.71,1532.87,1532.71,1532.87,0.01,30.09,45878.11,1
2025-12-07,2025-12-07 14:15:00,1532.87,1533.03,1532.87,1533.03,0.01,30.09,45878.11,1
2025-12-07,2025-12-07 14:16:00,1533.03,1533.18,1533.03,1533.18,0.01,30.09,45878.11,1
2025-12-07,2025-12-07 14:17:00,1533.18,1533.34,1533.18,1533.34,0.01,30.09,45878.11,1
2025-12-07,2025-12-07 14:18:00,1533.34,1533.49,1533.34,1533.49,0.01,30.09,45878.11,1
2025-12-07,2025-12-07 14:19:00,1533.49,1533.65,1533.49,1533.65,0.01,30.09,45878.11,1
2025-12-07,2025-12-07 14:20:00,1533.65,1533.81,1533.65,1533.81,0.01,30.09,45878.11,1
2025-12-07,2025-12-07 14:21:00,1533.81,1533.96,1533.81,1533.96,0.01,30.09,45878.11,1
2025-12-07,2025-12-07 14:22:00,1533.96,1534.12,1533.96,1534.12,0.01,30.09,45878.11,1
2025-12-07,2025-12-07 14:23:00,1534.12,1534.28,1534.12,1534.28,0.01,30.09,45878.11,1
2025-12-07,2025-12-07 14:24:00,1534.28,1534.43,1534.28,1534.43,0.01,30.09,45878.11,1
2025-12-07,2025-12-07 14:25:00,1534.43,1534.59,1534.43,1534.59,0.01,30.09,45878.11,1
2025-12-07,2025-12-07 14:26:00,1534.59,1534.74,1534.59,1534.74,0.01,30.09,45878.11,1
2025-12-07,2025-12-07 14:27:00,1534.74,1534.9,1534.74,1534.9,0.01,30.09,45878.11,1
2025-12-07,2025-12-07 14:28:00,1534.9,1535.06,1534.9,1535.06,0.01,30.09,45878.11,1
2025-12-07,2025-12-07 14:29:00,1535.06,1535.21,1535.06,1535.21,0.01,30.09,45878.11,1
2025-12-07,2025-12-07 14:30:00,1535.21,1535.37,1535.21,1535.37,0.01,30.09,45878.11,1
2025-12-07,2025-12-07 14:31:00,1535.37,1535.53,1535.37,1535.53,0.01,30.09,45878.11,1
2025-12-07,2025-12-07 14:32:00,1535.53,1535.68,1535.53,1535.68,0.01,30.09,45878.11,1
2025-12-07,2025-12-07 14:33:00,1535.68,1535.84,1535.68,1535.84,0.01,30.09,45878.11,1
2025-12-07,2025-12-07 14:34:00,1535.84,1535.99,1535.84,1535.99,0.01,30.09,45878.11,1
2025-12-07,2025-12-07 14:35:00,1535.99,1536.15,1535.99,1536.15,0.01,30.09,45878.11,1
2025-12-07,2025-12-07 14:36:00,1536.15,1536.31,1536.15,1536.31,0.01,30.09,45878.11,1
2025-12-07,2025-12-07 14:37:00,1536.31,1536.46,1536.31,1536.46,0.01,30.09,45878.11,1
2025-12-07,2025-12-07 14:38:00,1536.46,1536.62,1536.46,1536.62,0.01,30.09,45878.11,1
2025-12-07,2025-12-07 14:39:00,1536.62,1536.78,1536.62,1536.78,0.01,30.09,45878.11,1
2025-12-07,2025-12-07 14:40:00,1536.78,1536.93,1536.78,1536.93,0.01,30.09,45878.11,1
2025-12-07,2025-12-07 14:41:00,1536.93,1537.09,1536.93,1537.09,0.01,30.09,45878.11,1
2025-12-07,2025-12-07 14:42:00,1537.09,1537.24,1537.09,1537.24,0.01,30.09,45878.11,1
2025-12-07,2025-12-07 14:43:00,1537.24,1537.4,1537.24,1537.4,0.01,30.09,45878.11,1
2025-12-07,2025-12-07 14:44:00,1537.4,1537.56,1537.4,1537.56,0.01,30.09,45878.11,1
2025-12-07,2025-12-07 14:45:00,1537.56,1537.71,1537.56,1537.71,0.01,30.09,45878.11,1
2025-12-07,2025-12-07 14:46:00,1537.71,1537.87,1537.71,1537.87,0.01,30.09,45878.11,1
2025-12-07,2025-12-07 14:47:00,1537.87,1538.03,1537.87,1538.03,0.01,30.09,45878.11,1
2025-12-07,2025-12-07 14:48:00,1538.03,1538.18,1538.03,1538.18,0.01,30.09,45878.11,1
2025-12-07,2025-12-07 14:49:00,1538.18,1538.34,1538.18,1538.34,0.01,30.09,45878.11,1
2025-12-07,2025-12-07 14:50:00,1538.34,1538.49,1538.34,1538.49,0.01,30.09,45878.11,1
2025-12-07,2025-12-07 14:51:00,1538.49,1538.65,1538.49,1538.65,0.01,30.09,45878.11,1
2025-12-07,2025-12-07 14:52:00,1538.65,1538.81,1538.65,1538.81,0.01,30.09,45878.11,1
2025-12-07,2025-12-07 14:53:00,1538.81,1538.96,1538.81,1538.96,0.01,30.09,45878.11,1
2025-12-07,2025-12-07 14:54:00,1538.96,1539.12,1538.96,1539.12,0.01,30.09,45878.11,1
2025-12-07,2025-12-07 14:55:00,1539.12,1539.28,1539.12,1539.28,0.01,30.09,45878.11,1
2025-12-07,2025-12-07 14:56:00,1539.28,1539.43,1539.28,1539.43,0.01,30.09,45878.11,1
2025-12-07,2025-12-07 14:57:00,1539.43,1539.59,1539.43,1539.59,0.01,30.09,45878.11,1
2025-12-07,2025-12-07 14:58:00,1539.59,1539.74,1539.59,1539.74,0.01,30.09,45878.11,1
2025-12-07,2025-12-07 14:59:00,1539.74,1539.9,1539.74,1539.9,0.01,30.09,45878.11,1
2025-12-07,2025-12-07 15:00:00,1539.9,1581.0,1502.4,1539.9,0.0,30.09,45878.11,0
2025-12-08,2025-12-08 11:00:00,1509.2,1525.04,1506.77,1509.23,0.0,5.71,8724.65,1
2025-12-08,2025-12-08 11:01:00,1509.23,1509.27,1509.23,1509.27,0.0,5.71,8724.65,1
2025-12-08,2025-12-08 11:02:00,1509.27,1509.3,1509.27,1509.3,0.0,5.71,8724.65,1
2025-12-08,2025-12-08 11:03:00,1509.3,1509.33,1509.3,1509.33,0.0,5.71,8724.65,1
2025-12-08,2025-12-08 11:04:00,1509.33,1509.36,1509.33,1509.36,0.0,5.71,8724.65,1
2025-12-08,2025-12-08 11:05:00,1509.36,1509.4,1509.36,1509.4,0.0,5.71,8724.65,1
2025-12-08,2025-12-08 11:06:00,1509.4,1509.43,1509.4,1509.43,0.0,5.71,8724.65,1
2025-12-08,2025-12-08 11:07:00,1509.43,1509.46,1509.43,1509.46,0.0,5.71,8724.65,1
2025-12-08,2025-12-08 11:08:00,1509.46,1509.5,1509.46,1509.5,0.0,5.71,8724.65,1
2025-12-08,2025-12-08 11:09:00,1509.5,1509.53,1509.5,1509.53,0.0,5.71,8724.65,1
2025-12-08,2025-12-08 11:10:00,1509.53,1509.56,1509.53,1509.56,0.0,5.71,8724.65,1
2025-12-08,2025-12-08 11:11:00,1509.56,1509.6,1509.56,1509.6,0.0,5.71,8724.65,1
2025-12-08,2025-12-08 11:12:00,1509.6,1509.63,1509.6,1509.63,0.0,5.71,8724.65,1
2025-12-08,2025-12-08 11:13:00,1509.63,1509.66,1509.63,1509.66,0.0,5.71,8724.65,1
2025-12-08,2025-12-08 11:14:00,1509.66,1509.69,1509.66,1509.69,0.0,5.71,8724.65,1
2025-12-08,2025-12-08 11:15:00,1509.69,1509.73,1509.69,1509.73,0.0,5.71,8724.65,1
2025-12-08,2025-12-08 11:16:00,1509.73,1509.76,1509.73,1509.76,0.0,5.71,8724.65,1
2025-12-08,2025-12-08 11:17:00,1509.76,1509.79,1509.76,1509.79,0.0,5.71,8724.65,1
2025-12-08,2025-12-08 11:18:00,1509.79,1509.83,1509.79,1509.83,0.0,5.71,8724.65,1
2025-12-08,2025-12-08 11:19:00,1509.83,1509.86,1509.83,1509.86,0.0,5.71,8724.65,1
2025-12-08,2025-12-08 11:20:00,1509.86,1509.89,1509.86,1509.89,0.0,5.71,8724.65,1
2025-12-08,2025-12-08 11:21:00,1509.89,1509.92,1509.89,1509.92,0.0,5.71,8724.65,1
2025-12-08,2025-12-08 11:22:00,1509.92,1509.96,1509.92,1509.96,0.0,5.71,8724.65,1
2025-12-08,2025-12-08 11:23:00,1509.96,1509.99,1509.96,1509.99,0.0,5.71,8724.65,1
2025-12-08,2025-12-08 11:24:00,1509.99,1510.02,1509.99,1510.02,0.0,5.71,8724.65,1
2025-12-08,2025-12-08 11:25:00,1510.02,1510.06,1510.02,1510.06,0.0,5.71,8724.65,1
2025-12-08,2025-12-08 11:26:00,1510.06,1510.09,1510.06,1510.09,0.0,5.71,8724.65,1
2025-12-08,2025-12-08 11:27:00,1510.09,1510.12,1510.09,1510.12,0.0,5.71,8724.65,1
2025-12-08,2025-12-08 11:28:00,1510.12,1510.15,1510.12,1510.15,0.0,5.71,8724.65,1
2025-12-08,2025-12-08 11:29:00,1510.15,1510.19,1510.15,1510.19,0.0,5.71,8724.65,1
2025-12-08,2025-12-08 11:30:00,1510.19,1510.22,1510.19,1510.22,0.0,5.71,8724.65,1
2025-12-08,2025-12-08 11:31:00,1510.22,1510.25,1510.22,1510.25,0.0,5.71,8724.65,1
2025-12-08,2025-12-08 11:32:00,1510.25,1510.29,1510.25,1510.29,0.0,5.71,8724.65,1
2025-12-08,2025-12-08 11:33:00,1510.29,1510.32,1510.29,1510.32,0.0,5.71,8724.65,1
2025-12-08,2025-12-08 11:34:00,1510.32,1510.35,1510.32,1510.35,0.0,5.71,8724.65,1
2025-12-08,2025-12-08 11:35:00,1510.35,1510.38,1510.35,1510.38,0.0,5.71,8724.65,1
2025-12-08,2025-12-08 11:36:00,1510.38,1510.42,1510.38,1510.42,0.0,5.71,8724.65,1
2025-12-08,2025-12-08 11:37:00,1510.42,1510.45,1510.42,1510.45,0.0,5.71,8724.65,1
2025-12-08,2025-12-08 11:38:00,1510.45,1510.48,1510.45,1510.48,0.0,5.71,8724.65,1
2025-12-08,2025-12-08 11:39:00,1510.48,1510.52,1510.48,1510.52,0.0,5.71,8724.65,1
2025-12-08,2025-12-08 11:40:00,1510.52,1510.55,1510.52,1510.55,0.0,5.71,8724.65,1
2025-12-08,2025-12-08 11:41:00,1510.55,1510.58,1510.55,1510.58,0.0,5.71,8724.65,1
2025-12-08,2025-12-08 11:42:00,1510.58,1510.62,1510.58,1510.62,0.0,5.71,8724.65,1
2025-12-08,2025-12-08 11:43:00,1510.62,1510.65,1510.62,1510.65,0.0,5.71,8724.65,1
2025-12-08,2025-12-08 11:44:00,1510.65,1510.68,1510.65,1510.68,0.0,5.71,8724.65,1
2025-12-08,2025-12-08 11:45:00,1510.68,1510.71,1510.68,1510.71,0.0,5.71,8724.65,1
2025-12-08,2025-12-08 11:46:00,1510.71,1510.75,1510.71,1510.75,0.0,5.71,8724.65,1
2025-12-08,2025-12-08 11:47:00,1510.75,1510.78,1510.75,1510.78,0.0,5.71,8724.65,1
2025-12-08,2025-12-08 11:48:00,1510.78,1510.81,1510.78,1510.81,0.0,5.71,8724.65,1
2025-12-08,2025-12-08 11:49:00,1510.81,1510.85,1510.81,1510.85,0.0,5.71,8724.65,1
2025-12-08,2025-12-08 11:50:00,1510.85,1510.88,1510.85,1510.88,0.0,5.71,8724.65,1
2025-12-08,2025-12-08 11:51:00,1510.88,1510.91,1510.88,1510.91,0.0,5.71,8724.65,1
2025-12-08,2025-12-08 11:52:00,1510.91,1510.94,1510.91,1510.94,0.0,5.71,8724.65,1
2025-12-08,2025-12-08 11:53:00,1510.94,1510.98,1510.94,1510.98,0.0,5.71,8724.65,1
2025-12-08,2025-12-08 11:54:00,1510.98,1511.01,1510.98,1511.01,0.0,5.71,8724.65,1
2025-12-08,2025-12-08 11:55:00,1511.01,1511.04,1511.01,1511.04,0.0,5.71,8724.65,1
2025-12-08,2025-12-08 11:56:00,1511.04,1511.08,1511.04,1511.08,0.0,5.71,8724.65,1
2025-12-08,2025-12-08 11:57:00,1511.08,1511.11,1511.08,1511.11,0.0,5.71,8724.65,1
2025-12-08,2025-12-08 11:58:00,1511.11,1511.14,1511.11,1511.14,0.0,5.71,8724.65,1
2025-12-08,2025-12-08 11:59:00,1511.14,1511.17,1511.14,1511.17,0.0,5.71,8724.65,1
2025-12-08,2025-12-08 12:00:00,1511.17,1511.21,1511.17,1511.21,0.0,5.71,8724.65,1
2025-12-08,2025-12-08 12:01:00,1511.21,1511.24,1511.21,1511.24,0.0,5.71,8724.65,1
2025-12-08,2025-12-08 12:02:00,1511.24,1511.27,1511.24,1511.27,0.0,5.71,8724.65,1
2025-12-08,2025-12-08 12:03:00,1511.27,1511.31,1511.27,1511.31,0.0,5.71,8724.65,1
2025-12-08,2025-12-08 12:04:00,1511.31,1511.34,1511.31,1511.34,0.0,5.71,8724.65,1
2025-12-08,2025-12-08 12:05:00,1511.34,1511.37,1511.34,1511.37,0.0,5.71,8724.65,1
2025-12-08,2025-12-08 12:06:00,1511.37,1511.41,1511.37,1511.41,0.0,5.71,8724.65,1
2025-12-08,2025-12-08 12:07:00,1511.41,1511.44,1511.41,1511.44,0.0,5.71,8724.65,1
2025-12-08,2025-12-08 12:08:00,1511.44,1511.47,1511.44,1511.47,0.0,5.71,8724.65,1
2025-12-08,2025-12-08 12:09:00,1511.47,1511.5,1511.47,1511.5,0.0,5.71,8724.65,1
2025-12-08,2025-12-08 12:10:00,1511.5,1511.54,1511.5,1511.54,0.0,5.71,8724.65,1
2025-12-08,2025-12-08 12:11:00,1511.54,1511.57,1511.54,1511.57,0.0,5.71,8724.65,1
2025-12-08,2025-12-08 12:12:00,1511.57,1511.6,1511.57,1511.6,0.0,5.71,8724.65,1
2025-12-08,2025-12-08 12:13:00,1511.6,1511.64,1511.6,1511.64,0.0,5.71,8724.65,1
2025-12-08,2025-12-08 12:14:00,1511.64,1511.67,1511.64,1511.67,0.0,5.71,8724.65,1
2025-12-08,2025-12-08 12:15:00,1511.67,1511.7,1511.67,1511.7,0.0,5.71,8724.65,1
2025-12-08,2025-12-08 12:16:00,1511.7,1511.73,1511.7,1511.73,0.0,5.71,8724.65,1
2025-12-08,2025-12-08 12:17:00,1511.73,1511.77,1511.73,1511.77,0.0,5.71,8724.65,1
2025-12-08,2025-12-08 12:18:00,1511.77,1511.8,1511.77,1511.8,0.0,5.71,8724.65,1
2025-12-08,2025-12-08 12:19:00,1511.8,1511.83,1511.8,1511.83,0.0,5.71,8724.65,1
2025-12-08,2025-12-08 12:20:00,1511.83,1511.87,1511.83,1511.87,0.0,5.71,8724.65,1
2025-12-08,2025-12-08 12:21:00,1511.87,1511.9,1511.87,1511.9,0.0,5.71,8724.65,1
2025-12-08,2025-12-08 12:22:00,1511.9,1511.93,1511.9,1511.93,0.0,5.71,8724.65,1
2025-12-08,2025-12-08 12:23:00,1511.93,1511.96,1511.93,1511.96,0.0,5.71,8724.65,1
2025-12-08,2025-12-08 12:24:00,1511.96,1512.0,1511.96,1512.0,0.0,5.71,8724.65,1
2025-12-08,2025-12-08 12:25:00,1512.0,1512.03,1512.0,1512.03,0.0,5.71,8724.65,1
2025-12-08,2025-12-08 12:26:00,1512.03,1512.06,1512.03,1512.06,0.0,5.71,8724.65,1
2025-12-08,2025-12-08 12:27:00,1512.06,1512.1,1512.06,1512.1,0.0,5.71,8724.65,1
2025-12-08,2025-12-08 12:28:00,1512.1,1512.13,1512.1,1512.13,0.0,5.71,8724.65,1
2025-12-08,2025-12-08 12:29:00,1512.13,1512.16,1512.13,1512.16,0.0,5.71,8724.65,1
2025-12-08,2025-12-08 12:30:00,1512.16,1512.2,1512.16,1512.2,0.0,5.71,8724.65,1
2025-12-08,2025-12-08 12:31:00,1512.2,1512.23,1512.2,1512.23,0.0,5.71,8724.65,1
2025-12-08,2025-12-08 12:32:00,1512.23,1512.26,1512.23,1512.26,0.0,5.71,8724.65,1
2025-12-08,2025-12-08 12:33:00,1512.26,1512.29,1512.26,1512.29,0.0,5.71,8724.65,1
2025-12-08,2025-12-08 12:34:00,1512.29,1512.33,1512.29,1512.33,0.0,5.71,8724.65,1
2025-12-08,2025-12-08 12:35:00,1512.33,1512.36,1512.33,1512.36,0.0,5.71,8724.65,1
2025-12-08,2025-12-08 12:36:00,1512.36,1512.39,1512.36,1512.39,0.0,5.71,8724.65,1
2025-12-08,2025-12-08 12:37:00,1512.39,1512.43,1512.39,1512.43,0.0,5.71,8724.65,1
2025-12-08,2025-12-08 12:38:00,1512.43,1512.46,1512.43,1512.46,0.0,5.71,8724.65,1
2025-12-08,2025-12-08 12:39:00,1512.46,1512.49,1512.46,1512.49,0.0,5.71,8724.65,1
2025-12-08,2025-12-08 12:40:00,1512.49,1512.52,1512.49,1512.52,0.0,5.71,8724.65,1
2025-12-08,2025-12-08 12:41:00,1512.52,1512.56,1512.52,1512.56,0.0,5.71,8724.65,1
2025-12-08,2025-12-08 12:42:00,1512.56,1512.59,1512.56,1512.59,0.0,5.71,8724.65,1
2025-12-08,2025-12-08 12:43:00,1512.59,1512.62,1512.59,1512.62,0.0,5.71,8724.65,1
2025-12-08,2025-12-08 12:44:00,1512.62,1512.66,1512.62,1512.66,0.0,5.71,8724.65,1
2025-12-08,2025-12-08 12:45:00,1512.66,1512.69,1512.66,1512.69,0.0,5.71,8724.65,1
2025-12-08,2025-12-08 12:46:00,1512.69,1512.72,1512.69,1512.72,0.0,5.71,8724.65,1
2025-12-08,2025-12-08 12:47:00,1512.72,1512.75,1512.72,1512.75,0.0,5.71,8724.65,1
2025-12-08,2025-12-08 12:48:00,1512.75,1512.79,1512.75,1512.79,0.0,5.71,8724.65,1
2025-12-08,2025-12-08 12:49:00,1512.79,1512.82,1512.79,1512.82,0.0,5.71,8724.65,1
2025-12-08,2025-12-08 12:50:00,1512.82,1512.85,1512.82,1512.85,0.0,5.71,8724.65,1
2025-12-08,2025-12-08 12:51:00,1512.85,1512.89,1512.85,1512.89,0.0,5.71,8724.65,1
2025-12-08,2025-12-08 12:52:00,1512.89,1512.92,1512.89,1512.92,0.0,5.71,8724.65,1
2025-12-08,2025-12-08 12:53:00,1512.92,1512.95,1512.92,1512.95,0.0,5.71,8724.65,1
2025-12-08,2025-12-08 12:54:00,1512.95,1512.99,1512.95,1512.99,0.0,5.71,8724.65,1
2025-12-08,2025-12-08 12:55:00,1512.99,1513.02,1512.99,1513.02,0.0,5.71,8724.65,1
2025-12-08,2025-12-08 12:56:00,1513.02,1513.05,1513.02,1513.05,0.0,5.71,8724.65,1
2025-12-08,2025-12-08 12:57:00,1513.05,1513.08,1513.05,1513.08,0.0,5.71,8724.65,1
2025-12-08,2025-12-08 12:58:00,1513.08,1513.12,1513.08,1513.12,0.0,5.71,8724.65,1
2025-12-08,2025-12-08 12:59:00,1513.12,1513.15,1513.12,1513.15,0.0,5.71,8724.65,1
2025-12-08,2025-12-08 13:00:00,1513.15,1562.0,1501.1,1513.18,0.0,5.71,8724.65,1
2025-12-08,2025-12-08 13:01:00,1513.18,1513.22,1513.18,1513.22,0.0,5.71,8724.65,1
2025-12-08,2025-12-08 13:02:00,1513.22,1513.25,1513.22,1513.25,0.0,5.71,8724.65,1
2025-12-08,2025-12-08 13:03:00,1513.25,1513.28,1513.25,1513.28,0.0,5.71,8724.65,1
2025-12-08,2025-12-08 13:04:00,1513.28,1513.31,1513.28,1513.31,0.0,5.71,8724.65,1
2025-12-08,2025-12-08 13:05:00,1513.31,1513.35,1513.31,1513.35,0.0,5.71,8724.65,1
2025-12-08,2025-12-08 13:06:00,1513.35,1513.38,1513.35,1513.38,0.0,5.71,8724.65,1
2025-12-08,2025-12-08 13:07:00,1513.38,1513.41,1513.38,1513.41,0.0,5.71,8724.65,1
2025-12-08,2025-12-08 13:08:00,1513.41,1513.45,1513.41,1513.45,0.0,5.71,8724.65,1
2025-12-08,2025-12-08 13:09:00,1513.45,1513.48,1513.45,1513.48,0.0,5.71,8724.65,1
2025-12-08,2025-12-08 13:10:00,1513.48,1513.51,1513.48,1513.51,0.0,5.71,8724.65,1
2025-12-08,2025-12-08 13:11:00,1513.51,1513.55,1513.51,1513.55,0.0,5.71,8724.65,1
2025-12-08,2025-12-08 13:12:00,1513.55,1513.58,1513.55,1513.58,0.0,5.71,8724.65,1
2025-12-08,2025-12-08 13:13:00,1513.58,1513.61,1513.58,1513.61,0.0,5.71,8724.65,1
2025-12-08,2025-12-08 13:14:00,1513.61,1513.64,1513.61,1513.64,0.0,5.71,8724.65,1
2025-12-08,2025-12-08 13:15:00,1513.64,1513.68,1513.64,1513.68,0.0,5.71,8724.65,1
2025-12-08,2025-12-08 13:16:00,1513.68,1513.71,1513.68,1513.71,0.0,5.71,8724.65,1
2025-12-08,2025-12-08 13:17:00,1513.71,1513.74,1513.71,1513.74,0.0,5.71,8724.65,1
2025-12-08,2025-12-08 13:18:00,1513.74,1513.78,1513.74,1513.78,0.0,5.71,8724.65,1
2025-12-08,2025-12-08 13:19:00,1513.78,1513.81,1513.78,1513.81,0.0,5.71,8724.65,1
2025-12-08,2025-12-08 13:20:00,1513.81,1513.84,1513.81,1513.84,0.0,5.71,8724.65,1
2025-12-08,2025-12-08 13:21:00,1513.84,1513.87,1513.84,1513.87,0.0,5.71,8724.65,1
2025-12-08,2025-12-08 13:22:00,1513.87,1513.91,1513.87,1513.91,0.0,5.71,8724.65,1
2025-12-08,2025-12-08 13:23:00,1513.91,1513.94,1513.91,1513.94,0.0,5.71,8724.65,1
2025-12-08,2025-12-08 13:24:00,1513.94,1513.97,1513.94,1513.97,0.0,5.71,8724.65,1
2025-12-08,2025-12-08 13:25:00,1513.97,1514.01,1513.97,1514.01,0.0,5.71,8724.65,1
2025-12-08,2025-12-08 13:26:00,1514.01,1514.04,1514.01,1514.04,0.0,5.71,8724.65,1
2025-12-08,2025-12-08 13:27:00,1514.04,1514.07,1514.04,1514.07,0.0,5.71,8724.65,1
2025-12-08,2025-12-08 13:28:00,1514.07,1514.1,1514.07,1514.1,0.0,5.71,8724.65,1
2025-12-08,2025-12-08 13:29:00,1514.1,1514.14,1514.1,1514.14,0.0,5.71,8724.65,1
2025-12-08,2025-12-08 13:30:00,1514.14,1514.17,1514.14,1514.17,0.0,5.71,8724.65,1
2025-12-08,2025-12-08 13:31:00,1514.17,1514.2,1514.17,1514.2,0.0,5.71,8724.65,1
2025-12-08,2025-12-08 13:32:00,1514.2,1514.24,1514.2,1514.24,0.0,5.71,8724.65,1
2025-12-08,2025-12-08 13:33:00,1514.24,1514.27,1514.24,1514.27,0.0,5.71,8724.65,1
2025-12-08,2025-12-08 13:34:00,1514.27,1514.3,1514.27,1514.3,0.0,5.71,8724.65,1
2025-12-08,2025-12-08 13:35:00,1514.3,1514.34,1514.3,1514.34,0.0,5.71,8724.65,1
2025-12-08,2025-12-08 13:36:00,1514.34,1514.37,1514.34,1514.37,0.0,5.71,8724.65,1
2025-12-08,2025-12-08 13:37:00,1514.37,1514.4,1514.37,1514.4,0.0,5.71,8724.65,1
2025-12-08,2025-12-08 13:38:00,1514.4,1514.43,1514.4,1514.43,0.0,5.71,8724.65,1
2025-12-08,2025-12-08 13:39:00,1514.43,1514.47,1514.43,1514.47,0.0,5.71,8724.65,1
2025-12-08,2025-12-08 13:40:00,1514.47,1514.5,1514.47,1514.5,0.0,5.71,8724.65,1
2025-12-08,2025-12-08 13:41:00,1514.5,1514.53,1514.5,1514.53,0.0,5.71,8724.65,1
2025-12-08,2025-12-08 13:42:00,1514.53,1514.57,1514.53,1514.57,0.0,5.71,8724.65,1
2025-12-08,2025-12-08 13:43:00,1514.57,1514.6,1514.57,1514.6,0.0,5.71,8724.65,1
2025-12-08,2025-12-08 13:44:00,1514.6,1514.63,1514.6,1514.63,0.0,5.71,8724.65,1
2025-12-08,2025-12-08 13:45:00,1514.63,1514.66,1514.63,1514.66,0.0,5.71,8724.65,1
2025-12-08,2025-12-08 13:46:00,1514.66,1514.7,1514.66,1514.7,0.0,5.71,8724.65,1
2025-12-08,2025-12-08 13:47:00,1514.7,1514.73,1514.7,1514.73,0.0,5.71,8724.65,1
2025-12-08,2025-12-08 13:48:00,1514.73,1514.76,1514.73,1514.76,0.0,5.71,8724.65,1
2025-12-08,2025-12-08 13:49:00,1514.76,1514.8,1514.76,1514.8,0.0,5.71,8724.65,1
2025-12-08,2025-12-08 13:50:00,1514.8,1514.83,1514.8,1514.83,0.0,5.71,8724.65,1
2025-12-08,2025-12-08 13:51:00,1514.83,1514.86,1514.83,1514.86,0.0,5.71,8724.65,1
2025-12-08,2025-12-08 13:52:00,1514.86,1514.89,1514.86,1514.89,0.0,5.71,8724.65,1
2025-12-08,2025-12-08 13:53:00,1514.89,1514.93,1514.89,1514.93,0.0,5.71,8724.65,1
2025-12-08,2025-12-08 13:54:00,1514.93,1514.96,1514.93,1514.96,0.0,5.71,8724.65,1
2025-12-08,2025-12-08 13:55:00,1514.96,1514.99,1514.96,1514.99,0.0,5.71,8724.65,1
2025-12-08,2025-12-08 13:56:00,1514.99,1515.03,1514.99,1515.03,0.0,5.71,8724.65,1
2025-12-08,2025-12-08 13:57:00,1515.03,1515.06,1515.03,1515.06,0.0,5.71,8724.65,1
2025-12-08,2025-12-08 13:58:00,1515.06,1515.09,1515.06,1515.09,0.0,5.71,8724.65,1
2025-12-08,2025-12-08 13:59:00,1515.09,1515.12,1515.09,1515.12,0.0,5.71,8724.65,1
2025-12-08,2025-12-08 14:00:00,1515.12,1515.16,1515.12,1515.16,0.0,5.71,8724.65,1
2025-12-08,2025-12-08 14:01:00,1515.16,1515.19,1515.16,1515.19,0.0,5.71,8724.65,1
2025-12-08,2025-12-08 14:02:00,1515.19,1515.22,1515.19,1515.22,0.0,5.71,8724.65,1
2025-12-08,2025-12-08 14:03:00,1515.22,1515.26,1515.22,1515.26,0.0,5.71,8724.65,1
2025-12-08,2025-12-08 14:04:00,1515.26,1515.29,1515.26,1515.29,0.0,5.71,8724.65,1
2025-12-08,2025-12-08 14:05:00,1515.29,1515.32,1515.29,1515.32,0.0,5.71,8724.65,1
2025-12-08,2025-12-08 14:06:00,1515.32,1515.36,1515.32,1515.36,0.0,5.71,8724.65,1
2025-12-08,2025-12-08 14:07:00,1515.36,1515.39,1515.36,1515.39,0.0,5.71,8724.65,1
2025-12-08,2025-12-08 14:08:00,1515.39,1515.42,1515.39,1515.42,0.0,5.71,8724.65,1
2025-12-08,2025-12-08 14:09:00,1515.42,1515.45,1515.42,1515.45,0.0,5.71,8724.65,1
2025-12-08,2025-12-08 14:10:00,1515.45,1515.49,1515.45,1515.49,0.0,5.71,8724.65,1
2025-12-08,2025-12-08 14:11:00,1515.49,1515.52,1515.49,1515.52,0.0,5.71,8724.65,1
2025-12-08,2025-12-08 14:12:00,1515.52,1515.55,1515.52,1515.55,0.0,5.71,8724.65,1
2025-12-08,2025-12-08 14:13:00,1515.55,1515.59,1515.55,1515.59,0.0,5.71,8724.65,1
2025-12-08,2025-12-08 14:14:00,1515.59,1515.62,1515.59,1515.62,0.0,5.71,8724.65,1
2025-12-08,2025-12-08 14:15:00,1515.62,1515.65,1515.62,1515.65,0.0,5.71,8724.65,1
2025-12-08,2025-12-08 14:16:00,1515.65,1515.68,1515.65,1515.68,0.0,5.71,8724.65,1
2025-12-08,2025-12-08 14:17:00,1515.68,1515.72,1515.68,1515.72,0.0,5.71,8724.65,1
2025-12-08,2025-12-08 14:18:00,1515.72,1515.75,1515.72,1515.75,0.0,5.71,8724.65,1
2025-12-08,2025-12-08 14:19:00,1515.75,1515.78,1515.75,1515.78,0.0,5.71,8724.65,1
2025-12-08,2025-12-08 14:20:00,1515.78,1515.82,1515.78,1515.82,0.0,5.71,8724.65,1
2025-12-08,2025-12-08 14:21:00,1515.82,1515.85,1515.82,1515.85,0.0,5.71,8724.65,1
2025-12-08,2025-12-08 14:22:00,1515.85,1515.88,1515.85,1515.88,0.0,5.71,8724.65,1
2025-12-08,2025-12-08 14:23:00,1515.88,1515.91,1515.88,1515.91,0.0,5.71,8724.65,1
2025-12-08,2025-12-08 14:24:00,1515.91,1515.95,1515.91,1515.95,0.0,5.71,8724.65,1
2025-12-08,2025-12-08 14:25:00,1515.95,1515.98,1515.95,1515.98,0.0,5.71,8724.65,1
2025-12-08,2025-12-08 14:26:00,1515.98,1516.01,1515.98,1516.01,0.0,5.71,8724.65,1
2025-12-08,2025-12-08 14:27:00,1516.01,1516.05,1516.01,1516.05,0.0,5.71,8724.65,1
2025-12-08,2025-12-08 14:28:00,1516.05,1516.08,1516.05,1516.08,0.0,5.71,8724.65,1
2025-12-08,2025-12-08 14:29:00,1516.08,1516.11,1516.08,1516.11,0.0,5.71,8724.65,1
2025-12-08,2025-12-08 14:30:00,1516.11,1516.15,1516.11,1516.15,0.0,5.71,8724.65,1
2025-12-08,2025-12-08 14:31:00,1516.15,1516.18,1516.15,1516.18,0.0,5.71,8724.65,1
2025-12-08,2025-12-08 14:32:00,1516.18,1516.21,1516.18,1516.21,0.0,5.71,8724.65,1
2025-12-08,2025-12-08 14:33:00,1516.21,1516.24,1516.21,1516.24,0.0,5.71,8724.65,1
2025-12-08,2025-12-08 14:34:00,1516.24,1516.28,1516.24,1516.28,0.0,5.71,8724.65,1
2025-12-08,2025-12-08 14:35:00,1516.28,1516.31,1516.28,1516.31,0.0,5.71,8724.65,1
2025-12-08,2025-12-08 14:36:00,1516.31,1516.34,1516.31,1516.34,0.0,5.71,8724.65,1
2025-12-08,2025-12-08 14:37:00,1516.34,1516.38,1516.34,1516.38,0.0,5.71,8724.65,1
2025-12-08,2025-12-08 14:38:00,1516.38,1516.41,1516.38,1516.41,0.0,5.71,8724.65,1
2025-12-08,2025-12-08 14:39:00,1516.41,1516.44,1516.41,1516.44,0.0,5.71,8724.65,1
2025-12-08,2025-12-08 14:40:00,1516.44,1516.47,1516.44,1516.47,0.0,5.71,8724.65,1
2025-12-08,2025-12-08 14:41:00,1516.47,1516.51,1516.47,1516.51,0.0,5.71,8724.65,1
2025-12-08,2025-12-08 14:42:00,1516.51,1516.54,1516.51,1516.54,0.0,5.71,8724.65,1
2025-12-08,2025-12-08 14:43:00,1516.54,1516.57,1516.54,1516.57,0.0,5.71,8724.65,1
2025-12-08,2025-12-08 14:44:00,1516.57,1516.61,1516.57,1516.61,0.0,5.71,8724.65,1
2025-12-08,2025-12-08 14:45:00,1516.61,1516.64,1516.61,1516.64,0.0,5.71,8724.65,1
2025-12-08,2025-12-08 14:46:00,1516.64,1516.67,1516.64,1516.67,0.0,5.71,8724.65,1
2025-12-08,2025-12-08 14:47:00,1516.67,1516.7,1516.67,1516.7,0.0,5.71,8724.65,1
2025-12-08,2025-12-08 14:48:00,1516.7,1516.74,1516.7,1516.74,0.0,5.71,8724.65,1
2025-12-08,2025-12-08 14:49:00,1516.74,1516.77,1516.74,1516.77,0.0,5.71,8724.65,1
2025-12-08,2025-12-08 14:50:00,1516.77,1516.8,1516.77,1516.8,0.0,5.71,8724.65,1
2025-12-08,2025-12-08 14:51:00,1516.8,1516.84,1516.8,1516.84,0.0,5.71,8724.65,1
2025-12-08,2025-12-08 14:52:00,1516.84,1516.87,1516.84,1516.87,0.0,5.71,8724.65,1
2025-12-08,2025-12-08 14:53:00,1516.87,1516.9,1516.87,1516.9,0.0,5.71,8724.65,1
2025-12-08,2025-12-08 14:54:00,1516.9,1516.94,1516.9,1516.94,0.0,5.71,8724.65,1
2025-12-08,2025-12-08 14:55:00,1516.94,1516.97,1516.94,1516.97,0.0,5.71,8724.65,1
2025-12-08,2025-12-08 14:56:00,1516.97,1517.0,1516.97,1517.0,0.0,5.71,8724.65,1
2025-12-08,2025-12-08 14:57:00,1517.0,1517.03,1517.0,1517.03,0.0,5.71,8724.65,1
2025-12-08,2025-12-08 14:58:00,1517.03,1517.07,1517.03,1517.07,0.0,5.71,8724.65,1
2025-12-08,2025-12-08 14:59:00,1517.07,1517.1,1517.07,1517.1,0.0,5.71,8724.65,1
2025-12-08,2025-12-08 15:00:00,1517.1,1562.0,1501.1,1517.1,0.0,5.71,8724.65,0
2025-12-09,2025-12-09 11:00:00,1486.8,1504.56,1486.8,1486.94,0.01,4.7,7214.02,1
2025-12-09,2025-12-09 11:01:00,1486.94,1487.08,1486.94,1487.08,0.01,4.7,7214.02,1
2025-12-09,2025-12-09 11:02:00,1487.08,1487.21,1487.08,1487.21,0.01,4.7,7214.02,1
2025-12-09,2025-12-09 11:03:00,1487.21,1487.35,1487.21,1487.35,0.01,4.7,7214.02,1
2025-12-09,2025-12-09 11:04:00,1487.35,1487.49,1487.35,1487.49,0.01,4.7,7214.02,1
2025-12-09,2025-12-09 11:05:00,1487.49,1487.63,1487.49,1487.63,0.01,4.7,7214.02,1
2025-12-09,2025-12-09 11:06:00,1487.63,1487.77,1487.63,1487.77,0.01,4.7,7214.02,1
2025-12-09,2025-12-09 11:07:00,1487.77,1487.91,1487.77,1487.91,0.01,4.7,7214.02,1
2025-12-09,2025-12-09 11:08:00,1487.91,1488.04,1487.91,1488.04,0.01,4.7,7214.02,1
2025-12-09,2025-12-09 11:09:00,1488.04,1488.18,1488.04,1488.18,0.01,4.7,7214.02,1
2025-12-09,2025-12-09 11:10:00,1488.18,1488.32,1488.18,1488.32,0.01,4.7,7214.02,1
2025-12-09,2025-12-09 11:11:00,1488.32,1488.46,1488.32,1488.46,0.01,4.7,7214.02,1
2025-12-09,2025-12-09 11:12:00,1488.46,1488.6,1488.46,1488.6,0.01,4.7,7214.02,1
2025-12-09,2025-12-09 11:13:00,1488.6,1488.74,1488.6,1488.74,0.01,4.7,7214.02,1
2025-12-09,2025-12-09 11:14:00,1488.74,1488.88,1488.74,1488.88,0.01,4.7,7214.02,1
2025-12-09,2025-12-09 11:15:00,1488.88,1489.01,1488.88,1489.01,0.01,4.7,7214.02,1
2025-12-09,2025-12-09 11:16:00,1489.01,1489.15,1489.01,1489.15,0.01,4.7,7214.02,1
2025-12-09,2025-12-09 11:17:00,1489.15,1489.29,1489.15,1489.29,0.01,4.7,7214.02,1
2025-12-09,2025-12-09 11:18:00,1489.29,1489.43,1489.29,1489.43,0.01,4.7,7214.02,1
2025-12-09,2025-12-09 11:19:00,1489.43,1489.57,1489.43,1489.57,0.01,4.7,7214.02,1
2025-12-09,2025-12-09 11:20:00,1489.57,1489.7,1489.57,1489.7,0.01,4.7,7214.02,1
2025-12-09,2025-12-09 11:21:00,1489.7,1489.84,1489.7,1489.84,0.01,4.7,7214.02,1
2025-12-09,2025-12-09 11:22:00,1489.84,1489.98,1489.84,1489.98,0.01,4.7,7214.02,1
2025-12-09,2025-12-09 11:23:00,1489.98,1490.12,1489.98,1490.12,0.01,4.7,7214.02,1
2025-12-09,2025-12-09 11:24:00,1490.12,1490.26,1490.12,1490.26,0.01,4.7,7214.02,1
2025-12-09,2025-12-09 11:25:00,1490.26,1490.4,1490.26,1490.4,0.01,4.7,7214.02,1
2025-12-09,2025-12-09 11:26:00,1490.4,1490.53,1490.4,1490.53,0.01,4.7,7214.02,1
2025-12-09,2025-12-09 11:27:00,1490.53,1490.67,1490.53,1490.67,0.01,4.7,7214.02,1
2025-12-09,2025-12-09 11:28:00,1490.67,1490.81,1490.67,1490.81,0.01,4.7,7214.02,1
2025-12-09,2025-12-09 11:29:00,1490.81,1490.95,1490.81,1490.95,0.01,4.7,7214.02,1
2025-12-09,2025-12-09 11:30:00,1490.95,1491.09,1490.95,1491.09,0.01,4.7,7214.02,1
2025-12-09,2025-12-09 11:31:00,1491.09,1491.23,1491.09,1491.23,0.01,4.7,7214.02,1
2025-12-09,2025-12-09 11:32:00,1491.23,1491.37,1491.23,1491.37,0.01,4.7,7214.02,1
2025-12-09,2025-12-09 11:33:00,1491.37,1491.5,1491.37,1491.5,0.01,4.7,7214.02,1
2025-12-09,2025-12-09 11:34:00,1491.5,1491.64,1491.5,1491.64,0.01,4.7,7214.02,1
2025-12-09,2025-12-09 11:35:00,1491.64,1491.78,1491.64,1491.78,0.01,4.7,7214.02,1
2025-12-09,2025-12-09 11:36:00,1491.78,1491.92,1491.78,1491.92,0.01,4.7,7214.02,1
2025-12-09,2025-12-09 11:37:00,1491.92,1492.06,1491.92,1492.06,0.01,4.7,7214.02,1
2025-12-09,2025-12-09 11:38:00,1492.06,1492.19,1492.06,1492.19,0.01,4.7,7214.02,1
2025-12-09,2025-12-09 11:39:00,1492.19,1492.33,1492.19,1492.33,0.01,4.7,7214.02,1
2025-12-09,2025-12-09 11:40:00,1492.33,1492.47,1492.33,1492.47,0.01,4.7,7214.02,1
2025-12-09,2025-12-09 11:41:00,1492.47,1492.61,1492.47,1492.61,0.01,4.7,7214.02,1
2025-12-09,2025-12-09 11:42:00,1492.61,1492.75,1492.61,1492.75,0.01,4.7,7214.02,1
2025-12-09,2025-12-09 11:43:00,1492.75,1492.89,1492.75,1492.89,0.01,4.7,7214.02,1
2025-12-09,2025-12-09 11:44:00,1492.89,1493.02,1492.89,1493.02,0.01,4.7,7214.02,1
2025-12-09,2025-12-09 11:45:00,1493.02,1493.16,1493.02,1493.16,0.01,4.7,7214.02,1
2025-12-09,2025-12-09 11:46:00,1493.16,1493.3,1493.16,1493.3,0.01,4.7,7214.02,1
2025-12-09,2025-12-09 11:47:00,1493.3,1493.44,1493.3,1493.44,0.01,4.7,7214.02,1
2025-12-09,2025-12-09 11:48:00,1493.44,1493.58,1493.44,1493.58,0.01,4.7,7214.02,1
2025-12-09,2025-12-09 11:49:00,1493.58,1493.72,1493.58,1493.72,0.01,4.7,7214.02,1
2025-12-09,2025-12-09 11:50:00,1493.72,1493.86,1493.72,1493.86,0.01,4.7,7214.02,1
2025-12-09,2025-12-09 11:51:00,1493.86,1493.99,1493.86,1493.99,0.01,4.7,7214.02,1
2025-12-09,2025-12-09 11:52:00,1493.99,1494.13,1493.99,1494.13,0.01,4.7,7214.02,1
2025-12-09,2025-12-09 11:53:00,1494.13,1494.27,1494.13,1494.27,0.01,4.7,7214.02,1
2025-12-09,2025-12-09 11:54:00,1494.27,1494.41,1494.27,1494.41,0.01,4.7,7214.02,1
2025-12-09,2025-12-09 11:55:00,1494.41,1494.55,1494.41,1494.55,0.01,4.7,7214.02,1
2025-12-09,2025-12-09 11:56:00,1494.55,1494.68,1494.55,1494.68,0.01,4.7,7214.02,1
2025-12-09,2025-12-09 11:57:00,1494.68,1494.82,1494.68,1494.82,0.01,4.7,7214.02,1
2025-12-09,2025-12-09 11:58:00,1494.82,1494.96,1494.82,1494.96,0.01,4.7,7214.02,1
2025-12-09,2025-12-09 11:59:00,1494.96,1495.1,1494.96,1495.1,0.01,4.7,7214.02,1
2025-12-09,2025-12-09 12:00:00,1495.1,1495.24,1495.1,1495.24,0.01,4.7,7214.02,1
2025-12-09,2025-12-09 12:01:00,1495.24,1495.38,1495.24,1495.38,0.01,4.7,7214.02,1
2025-12-09,2025-12-09 12:02:00,1495.38,1495.51,1495.38,1495.51,0.01,4.7,7214.02,1
2025-12-09,2025-12-09 12:03:00,1495.51,1495.65,1495.51,1495.65,0.01,4.7,7214.02,1
2025-12-09,2025-12-09 12:04:00,1495.65,1495.79,1495.65,1495.79,0.01,4.7,7214.02,1
2025-12-09,2025-12-09 12:05:00,1495.79,1495.93,1495.79,1495.93,0.01,4.7,7214.02,1
2025-12-09,2025-12-09 12:06:00,1495.93,1496.07,1495.93,1496.07,0.01,4.7,7214.02,1
2025-12-09,2025-12-09 12:07:00,1496.07,1496.21,1496.07,1496.21,0.01,4.7,7214.02,1
2025-12-09,2025-12-09 12:08:00,1496.21,1496.35,1496.21,1496.35,0.01,4.7,7214.02,1
2025-12-09,2025-12-09 12:09:00,1496.35,1496.48,1496.35,1496.48,0.01,4.7,7214.02,1
2025-12-09,2025-12-09 12:10:00,1496.48,1496.62,1496.48,1496.62,0.01,4.7,7214.02,1
2025-12-09,2025-12-09 12:11:00,1496.62,1496.76,1496.62,1496.76,0.01,4.7,7214.02,1
2025-12-09,2025-12-09 12:12:00,1496.76,1496.9,1496.76,1496.9,0.01,4.7,7214.02,1
2025-12-09,2025-12-09 12:13:00,1496.9,1497.04,1496.9,1497.04,0.01,4.7,7214.02,1
2025-12-09,2025-12-09 12:14:00,1497.04,1497.17,1497.04,1497.17,0.01,4.7,7214.02,1
2025-12-09,2025-12-09 12:15:00,1497.17,1497.31,1497.17,1497.31,0.01,4.7,7214.02,1
2025-12-09,2025-12-09 12:16:00,1497.31,1497.45,1497.31,1497.45,0.01,4.7,7214.02,1
2025-12-09,2025-12-09 12:17:00,1497.45,1497.59,1497.45,1497.59,0.01,4.7,7214.02,1
2025-12-09,2025-12-09 12:18:00,1497.59,1497.73,1497.59,1497.73,0.01,4.7,7214.02,1
2025-12-09,2025-12-09 12:19:00,1497.73,1497.87,1497.73,1497.87,0.01,4.7,7214.02,1
2025-12-09,2025-12-09 12:20:00,1497.87,1498.0,1497.87,1498.0,0.01,4.7,7214.02,1
2025-12-09,2025-12-09 12:21:00,1498.0,1498.14,1498.0,1498.14,0.01,4.7,7214.02,1
2025-12-09,2025-12-09 12:22:00,1498.14,1498.28,1498.14,1498.28,0.01,4.7,7214.02,1
2025-12-09,2025-12-09 12:23:00,1498.28,1498.42,1498.28,1498.42,0.01,4.7,7214.02,1
2025-12-09,2025-12-09 12:24:00,1498.42,1498.56,1498.42,1498.56,0.01,4.7,7214.02,1
2025-12-09,2025-12-09 12:25:00,1498.56,1498.7,1498.56,1498.7,0.01,4.7,7214.02,1
2025-12-09,2025-12-09 12:26:00,1498.7,1498.84,1498.7,1498.84,0.01,4.7,7214.02,1
2025-12-09,2025-12-09 12:27:00,1498.84,1498.97,1498.84,1498.97,0.01,4.7,7214.02,1
2025-12-09,2025-12-09 12:28:00,1498.97,1499.11,1498.97,1499.11,0.01,4.7,7214.02,1
2025-12-09,2025-12-09 12:29:00,1499.11,1499.25,1499.11,1499.25,0.01,4.7,7214.02,1
2025-12-09,2025-12-09 12:30:00,1499.25,1499.39,1499.25,1499.39,0.01,4.7,7214.02,1
2025-12-09,2025-12-09 12:31:00,1499.39,1499.53,1499.39,1499.53,0.01,4.7,7214.02,1
2025-12-09,2025-12-09 12:32:00,1499.53,1499.66,1499.53,1499.66,0.01,4.7,7214.02,1
2025-12-09,2025-12-09 12:33:00,1499.66,1499.8,1499.66,1499.8,0.01,4.7,7214.02,1
2025-12-09,2025-12-09 12:34:00,1499.8,1499.94,1499.8,1499.94,0.01,4.7,7214.02,1
2025-12-09,2025-12-09 12:35:00,1499.94,1500.08,1499.94,1500.08,0.01,4.7,7214.02,1
2025-12-09,2025-12-09 12:36:00,1500.08,1500.22,1500.08,1500.22,0.01,4.7,7214.02,1
2025-12-09,2025-12-09 12:37:00,1500.22,1500.36,1500.22,1500.36,0.01,4.7,7214.02,1
2025-12-09,2025-12-09 12:38:00,1500.36,1500.49,1500.36,1500.49,0.01,4.7,7214.02,1
2025-12-09,2025-12-09 12:39:00,1500.49,1500.63,1500.49,1500.63,0.01,4.7,7214.02,1
2025-12-09,2025-12-09 12:40:00,1500.63,1500.77,1500.63,1500.77,0.01,4.7,7214.02,1
2025-12-09,2025-12-09 12:41:00,1500.77,1500.91,1500.77,1500.91,0.01,4.7,7214.02,1
2025-12-09,2025-12-09 12:42:00,1500.91,1501.05,1500.91,1501.05,0.01,4.7,7214.02,1
2025-12-09,2025-12-09 12:43:00,1501.05,1501.19,1501.05,1501.19,0.01,4.7,7214.02,1
2025-12-09,2025-12-09 12:44:00,1501.19,1501.33,1501.19,1501.33,0.01,4.7,7214.02,1
2025-12-09,2025-12-09 12:45:00,1501.33,1501.46,1501.33,1501.46,0.01,4.7,7214.02,1
2025-12-09,2025-12-09 12:46:00,1501.46,1501.6,1501.46,1501.6,0.01,4.7,7214.02,1
2025-12-09,2025-12-09 12:47:00,1501.6,1501.74,1501.6,1501.74,0.01,4.7,7214.02,1
2025-12-09,2025-12-09 12:48:00,1501.74,1501.88,1501.74,1501.88,0.01,4.7,7214.02,1
2025-12-09,2025-12-09 12:49:00,1501.88,1502.02,1501.88,1502.02,0.01,4.7,7214.02,1
2025-12-09,2025-12-09 12:50:00,1502.02,1502.15,1502.02,1502.15,0.01,4.7,7214.02,1
2025-12-09,2025-12-09 12:51:00,1502.15,1502.29,1502.15,1502.29,0.01,4.7,7214.02,1
2025-12-09,2025-12-09 12:52:00,1502.29,1502.43,1502.29,1502.43,0.01,4.7,7214.02,1
2025-12-09,2025-12-09 12:53:00,1502.43,1502.57,1502.43,1502.57,0.01,4.7,7214.02,1
2025-12-09,2025-12-09 12:54:00,1502.57,1502.71,1502.57,1502.71,0.01,4.7,7214.02,1
2025-12-09,2025-12-09 12:55:00,1502.71,1502.85,1502.71,1502.85,0.01,4.7,7214.02,1
2025-12-09,2025-12-09 12:56:00,1502.85,1502.98,1502.85,1502.98,0.01,4.7,7214.02,1
2025-12-09,2025-12-09 12:57:00,1502.98,1503.12,1502.98,1503.12,0.01,4.7,7214.02,1
2025-12-09,2025-12-09 12:58:00,1503.12,1503.26,1503.12,1503.26,0.01,4.7,7214.02,1
2025-12-09,2025-12-09 12:59:00,1503.26,1503.4,1503.26,1503.4,0.01,4.7,7214.02,1
2025-12-09,2025-12-09 13:00:00,1503.4,1546.0,1486.8,1503.54,0.01,4.7,7214.02,1
2025-12-09,2025-12-09 13:01:00,1503.54,1503.68,1503.54,1503.68,0.01,4.7,7214.02,1
2025-12-09,2025-12-09 13:02:00,1503.68,1503.82,1503.68,1503.82,0.01,4.7,7214.02,1
2025-12-09,2025-12-09 13:03:00,1503.82,1503.95,1503.82,1503.95,0.01,4.7,7214.02,1
2025-12-09,2025-12-09 13:04:00,1503.95,1504.09,1503.95,1504.09,0.01,4.7,7214.02,1
2025-12-09,2025-12-09 13:05:00,1504.09,1504.23,1504.09,1504.23,0.01,4.7,7214.02,1
2025-12-09,2025-12-09 13:06:00,1504.23,1504.37,1504.23,1504.37,0.01,4.7,7214.02,1
2025-12-09,2025-12-09 13:07:00,1504.37,1504.51,1504.37,1504.51,0.01,4.7,7214.02,1
2025-12-09,2025-12-09 13:08:00,1504.51,1504.64,1504.51,1504.64,0.01,4.7,7214.02,1
2025-12-09,2025-12-09 13:09:00,1504.64,1504.78,1504.64,1504.78,0.01,4.7,7214.02,1
2025-12-09,2025-12-09 13:10:00,1504.78,1504.92,1504.78,1504.92,0.01,4.7,7214.02,1
2025-12-09,2025-12-09 13:11:00,1504.92,1505.06,1504.92,1505.06,0.01,4.7,7214.02,1
2025-12-09,2025-12-09 13:12:00,1505.06,1505.2,1505.06,1505.2,0.01,4.7,7214.02,1
2025-12-09,2025-12-09 13:13:00,1505.2,1505.34,1505.2,1505.34,0.01,4.7,7214.02,1
2025-12-09,2025-12-09 13:14:00,1505.34,1505.47,1505.34,1505.47,0.01,4.7,7214.02,1
2025-12-09,2025-12-09 13:15:00,1505.47,1505.61,1505.47,1505.61,0.01,4.7,7214.02,1
2025-12-09,2025-12-09 13:16:00,1505.61,1505.75,1505.61,1505.75,0.01,4.7,7214.02,1
2025-12-09,2025-12-09 13:17:00,1505.75,1505.89,1505.75,1505.89,0.01,4.7,7214.02,1
2025-12-09,2025-12-09 13:18:00,1505.89,1506.03,1505.89,1506.03,0.01,4.7,7214.02,1
2025-12-09,2025-12-09 13:19:00,1506.03,1506.17,1506.03,1506.17,0.01,4.7,7214.02,1
2025-12-09,2025-12-09 13:20:00,1506.17,1506.31,1506.17,1506.31,0.01,4.7,7214.02,1
2025-12-09,2025-12-09 13:21:00,1506.31,1506.44,1506.31,1506.44,0.01,4.7,7214.02,1
2025-12-09,2025-12-09 13:22:00,1506.44,1506.58,1506.44,1506.58,0.01,4.7,7214.02,1
2025-12-09,2025-12-09 13:23:00,1506.58,1506.72,1506.58,1506.72,0.01,4.7,7214.02,1
2025-12-09,2025-12-09 13:24:00,1506.72,1506.86,1506.72,1506.86,0.01,4.7,7214.02,1
2025-12-09,2025-12-09 13:25:00,1506.86,1507.0,1506.86,1507.0,0.01,4.7,7214.02,1
2025-12-09,2025-12-09 13:26:00,1507.0,1507.13,1507.0,1507.13,0.01,4.7,7214.02,1
2025-12-09,2025-12-09 13:27:00,1507.13,1507.27,1507.13,1507.27,0.01,4.7,7214.02,1
2025-12-09,2025-12-09 13:28:00,1507.27,1507.41,1507.27,1507.41,0.01,4.7,7214.02,1
2025-12-09,2025-12-09 13:29:00,1507.41,1507.55,1507.41,1507.55,0.01,4.7,7214.02,1
2025-12-09,2025-12-09 13:30:00,1507.55,1507.69,1507.55,1507.69,0.01,4.7,7214.02,1
2025-12-09,2025-12-09 13:31:00,1507.69,1507.83,1507.69,1507.83,0.01,4.7,7214.02,1
2025-12-09,2025-12-09 13:32:00,1507.83,1507.96,1507.83,1507.96,0.01,4.7,7214.02,1
2025-12-09,2025-12-09 13:33:00,1507.96,1508.1,1507.96,1508.1,0.01,4.7,7214.02,1
2025-12-09,2025-12-09 13:34:00,1508.1,1508.24,1508.1,1508.24,0.01,4.7,7214.02,1
2025-12-09,2025-12-09 13:35:00,1508.24,1508.38,1508.24,1508.38,0.01,4.7,7214.02,1
2025-12-09,2025-12-09 13:36:00,1508.38,1508.52,1508.38,1508.52,0.01,4.7,7214.02,1
2025-12-09,2025-12-09 13:37:00,1508.52,1508.66,1508.52,1508.66,0.01,4.7,7214.02,1
2025-12-09,2025-12-09 13:38:00,1508.66,1508.8,1508.66,1508.8,0.01,4.7,7214.02,1
2025-12-09,2025-12-09 13:39:00,1508.8,1508.93,1508.8,1508.93,0.01,4.7,7214.02,1
2025-12-09,2025-12-09 13:40:00,1508.93,1509.07,1508.93,1509.07,0.01,4.7,7214.02,1
2025-12-09,2025-12-09 13:41:00,1509.07,1509.21,1509.07,1509.21,0.01,4.7,7214.02,1
2025-12-09,2025-12-09 13:42:00,1509.21,1509.35,1509.21,1509.35,0.01,4.7,7214.02,1
2025-12-09,2025-12-09 13:43:00,1509.35,1509.49,1509.35,1509.49,0.01,4.7,7214.02,1
2025-12-09,2025-12-09 13:44:00,1509.49,1509.62,1509.49,1509.62,0.01,4.7,7214.02,1
2025-12-09,2025-12-09 13:45:00,1509.62,1509.76,1509.62,1509.76,0.01,4.7,7214.02,1
2025-12-09,2025-12-09 13:46:00,1509.76,1509.9,1509.76,1509.9,0.01,4.7,7214.02,1
2025-12-09,2025-12-09 13:47:00,1509.9,1510.04,1509.9,1510.04,0.01,4.7,7214.02,1
2025-12-09,2025-12-09 13:48:00,1510.04,1510.18,1510.04,1510.18,0.01,4.7,7214.02,1
2025-12-09,2025-12-09 13:49:00,1510.18,1510.32,1510.18,1510.32,0.01,4.7,7214.02,1
2025-12-09,2025-12-09 13:50:00,1510.32,1510.45,1510.32,1510.45,0.01,4.7,7214.02,1
2025-12-09,2025-12-09 13:51:00,1510.45,1510.59,1510.45,1510.59,0.01,4.7,7214.02,1
2025-12-09,2025-12-09 13:52:00,1510.59,1510.73,1510.59,1510.73,0.01,4.7,7214.02,1
2025-12-09,2025-12-09 13:53:00,1510.73,1510.87,1510.73,1510.87,0.01,4.7,7214.02,1
2025-12-09,2025-12-09 13:54:00,1510.87,1511.01,1510.87,1511.01,0.01,4.7,7214.02,1
2025-12-09,2025-12-09 13:55:00,1511.01,1511.15,1511.01,1511.15,0.01,4.7,7214.02,1
2025-12-09,2025-12-09 13:56:00,1511.15,1511.29,1511.15,1511.29,0.01,4.7,7214.02,1
2025-12-09,2025-12-09 13:57:00,1511.29,1511.42,1511.29,1511.42,0.01,4.7,7214.02,1
2025-12-09,2025-12-09 13:58:00,1511.42,1511.56,1511.42,1511.56,0.01,4.7,7214.02,1
2025-12-09,2025-12-09 13:59:00,1511.56,1511.7,1511.56,1511.7,0.01,4.7,7214.02,1
2025-12-09,2025-12-09 14:00:00,1511.7,1511.84,1511.7,1511.84,0.01,4.7,7214.02,1
2025-12-09,2025-12-09 14:01:00,1511.84,1511.98,1511.84,1511.98,0.01,4.7,7214.02,1
2025-12-09,2025-12-09 14:02:00,1511.98,1512.12,1511.98,1512.12,0.01,4.7,7214.02,1
2025-12-09,2025-12-09 14:03:00,1512.12,1512.25,1512.12,1512.25,0.01,4.7,7214.02,1
2025-12-09,2025-12-09 14:04:00,1512.25,1512.39,1512.25,1512.39,0.01,4.7,7214.02,1
2025-12-09,2025-12-09 14:05:00,1512.39,1512.53,1512.39,1512.53,0.01,4.7,7214.02,1
2025-12-09,2025-12-09 14:06:00,1512.53,1512.67,1512.53,1512.67,0.01,4.7,7214.02,1
2025-12-09,2025-12-09 14:07:00,1512.67,1512.81,1512.67,1512.81,0.01,4.7,7214.02,1
2025-12-09,2025-12-09 14:08:00,1512.81,1512.94,1512.81,1512.94,0.01,4.7,7214.02,1
2025-12-09,2025-12-09 14:09:00,1512.94,1513.08,1512.94,1513.08,0.01,4.7,7214.02,1
2025-12-09,2025-12-09 14:10:00,1513.08,1513.22,1513.08,1513.22,0.01,4.7,7214.02,1
2025-12-09,2025-12-09 14:11:00,1513.22,1513.36,1513.22,1513.36,0.01,4.7,7214.02,1
2025-12-09,2025-12-09 14:12:00,1513.36,1513.5,1513.36,1513.5,0.01,4.7,7214.02,1
2025-12-09,2025-12-09 14:13:00,1513.5,1513.64,1513.5,1513.64,0.01,4.7,7214.02,1
2025-12-09,2025-12-09 14:14:00,1513.64,1513.78,1513.64,1513.78,0.01,4.7,7214.02,1
2025-12-09,2025-12-09 14:15:00,1513.78,1513.91,1513.78,1513.91,0.01,4.7,7214.02,1
2025-12-09,2025-12-09 14:16:00,1513.91,1514.05,1513.91,1514.05,0.01,4.7,7214.02,1
2025-12-09,2025-12-09 14:17:00,1514.05,1514.19,1514.05,1514.19,0.01,4.7,7214.02,1
2025-12-09,2025-12-09 14:18:00,1514.19,1514.33,1514.19,1514.33,0.01,4.7,7214.02,1
2025-12-09,2025-12-09 14:19:00,1514.33,1514.47,1514.33,1514.47,0.01,4.7,7214.02,1
2025-12-09,2025-12-09 14:20:00,1514.47,1514.61,1514.47,1514.61,0.01,4.7,7214.02,1
2025-12-09,2025-12-09 14:21:00,1514.61,1514.74,1514.61,1514.74,0.01,4.7,7214.02,1
2025-12-09,2025-12-09 14:22:00,1514.74,1514.88,1514.74,1514.88,0.01,4.7,7214.02,1
2025-12-09,2025-12-09 14:23:00,1514.88,1515.02,1514.88,1515.02,0.01,4.7,7214.02,1
2025-12-09,2025-12-09 14:24:00,1515.02,1515.16,1515.02,1515.16,0.01,4.7,7214.02,1
2025-12-09,2025-12-09 14:25:00,1515.16,1515.3,1515.16,1515.3,0.01,4.7,7214.02,1
2025-12-09,2025-12-09 14:26:00,1515.3,1515.43,1515.3,1515.43,0.01,4.7,7214.02,1
2025-12-09,2025-12-09 14:27:00,1515.43,1515.57,1515.43,1515.57,0.01,4.7,7214.02,1
2025-12-09,2025-12-09 14:28:00,1515.57,1515.71,1515.57,1515.71,0.01,4.7,7214.02,1
2025-12-09,2025-12-09 14:29:00,1515.71,1515.85,1515.71,1515.85,0.01,4.7,7214.02,1
2025-12-09,2025-12-09 14:30:00,1515.85,1515.99,1515.85,1515.99,0.01,4.7,7214.02,1
2025-12-09,2025-12-09 14:31:00,1515.99,1516.13,1515.99,1516.13,0.01,4.7,7214.02,1
2025-12-09,2025-12-09 14:32:00,1516.13,1516.27,1516.13,1516.27,0.01,4.7,7214.02,1
2025-12-09,2025-12-09 14:33:00,1516.27,1516.4,1516.27,1516.4,0.01,4.7,7214.02,1
2025-12-09,2025-12-09 14:34:00,1516.4,1516.54,1516.4,1516.54,0.01,4.7,7214.02,1
2025-12-09,2025-12-09 14:35:00,1516.54,1516.68,1516.54,1516.68,0.01,4.7,7214.02,1
2025-12-09,2025-12-09 14:36:00,1516.68,1516.82,1516.68,1516.82,0.01,4.7,7214.02,1
2025-12-09,2025-12-09 14:37:00,1516.82,1516.96,1516.82,1516.96,0.01,4.7,7214.02,1
2025-12-09,2025-12-09 14:38:00,1516.96,1517.1,1516.96,1517.1,0.01,4.7,7214.02,1
2025-12-09,2025-12-09 14:39:00,1517.1,1517.23,1517.1,1517.23,0.01,4.7,7214.02,1
2025-12-09,2025-12-09 14:40:00,1517.23,1517.37,1517.23,1517.37,0.01,4.7,7214.02,1
2025-12-09,2025-12-09 14:41:00,1517.37,1517.51,1517.37,1517.51,0.01,4.7,7214.02,1
2025-12-09,2025-12-09 14:42:00,1517.51,1517.65,1517.51,1517.65,0.01,4.7,7214.02,1
2025-12-09,2025-12-09 14:43:00,1517.65,1517.79,1517.65,1517.79,0.01,4.7,7214.02,1
2025-12-09,2025-12-09 14:44:00,1517.79,1517.92,1517.79,1517.92,0.01,4.7,7214.02,1
2025-12-09,2025-12-09 14:45:00,1517.92,1518.06,1517.92,1518.06,0.01,4.7,7214.02,1
2025-12-09,2025-12-09 14:46:00,1518.06,1518.2,1518.06,1518.2,0.01,4.7,7214.02,1
2025-12-09,2025-12-09 14:47:00,1518.2,1518.34,1518.2,1518.34,0.01,4.7,7214.02,1
2025-12-09,2025-12-09 14:48:00,1518.34,1518.48,1518.34,1518.48,0.01,4.7,7214.02,1
2025-12-09,2025-12-09 14:49:00,1518.48,1518.62,1518.48,1518.62,0.01,4.7,7214.02,1
2025-12-09,2025-12-09 14:50:00,1518.62,1518.76,1518.62,1518.76,0.01,4.7,7214.02,1
2025-12-09,2025-12-09 14:51:00,1518.76,1518.89,1518.76,1518.89,0.01,4.7,7214.02,1
2025-12-09,2025-12-09 14:52:00,1518.89,1519.03,1518.89,1519.03,0.01,4.7,7214.02,1
2025-12-09,2025-12-09 14:53:00,1519.03,1519.17,1519.03,1519.17,0.01,4.7,7214.02,1
2025-12-09,2025-12-09 14:54:00,1519.17,1519.31,1519.17,1519.31,0.01,4.7,7214.02,1
2025-12-09,2025-12-09 14:55:00,1519.31,1519.45,1519.31,1519.45,0.01,4.7,7214.02,1
2025-12-09,2025-12-09 14:56:00,1519.45,1519.59,1519.45,1519.59,0.01,4.7,7214.02,1
2025-12-09,2025-12-09 14:57:00,1519.59,1519.72,1519.59,1519.72,0.01,4.7,7214.02,1
2025-12-09,2025-12-09 14:58:00,1519.72,1519.86,1519.72,1519.86,0.01,4.7,7214.02,1
2025-12-09,2025-12-09 14:59:00,1519.86,1520.0,1519.86,1520.0,0.01,4.7,7214.02,1
2025-12-09,2025-12-09 15:00:00,1520.0,1546.0,1486.8,1520.0,0.0,4.7,7214.02,0
2025-12-10,2025-12-10 11:00:00,1520.0,1521.5,1514.0,1519.96,-0.0,15.66,23617.04,-1
2025-12-10,2025-12-10 11:01:00,1519.96,1519.96,1519.92,1519.92,-0.0,15.66,23617.04,-1
2025-12-10,2025-12-10 11:02:00,1519.92,1519.92,1519.88,1519.88,-0.0,15.66,23617.04,-1
2025-12-10,2025-12-10 11:03:00,1519.88,1519.88,1519.83,1519.83,-0.0,15.66,23617.04,-1
2025-12-10,2025-12-10 11:04:00,1519.83,1519.83,1519.79,1519.79,-0.0,15.66,23617.04,-1
2025-12-10,2025-12-10 11:05:00,1519.79,1519.79,1519.75,1519.75,-0.0,15.66,23617.04,-1
2025-12-10,2025-12-10 11:06:00,1519.75,1519.75,1519.71,1519.71,-0.0,15.66,23617.04,-1
2025-12-10,2025-12-10 11:07:00,1519.71,1519.71,1519.67,1519.67,-0.0,15.66,23617.04,-1
2025-12-10,2025-12-10 11:08:00,1519.67,1519.67,1519.62,1519.62,-0.0,15.66,23617.04,-1
2025-12-10,2025-12-10 11:09:00,1519.62,1519.62,1519.58,1519.58,-0.0,15.66,23617.04,-1
2025-12-10,2025-12-10 11:10:00,1519.58,1519.58,1519.54,1519.54,-0.0,15.66,23617.04,-1
2025-12-10,2025-12-10 11:11:00,1519.54,1519.54,1519.5,1519.5,-0.0,15.66,23617.04,-1
2025-12-10,2025-12-10 11:12:00,1519.5,1519.5,1519.46,1519.46,-0.0,15.66,23617.04,-1
2025-12-10,2025-12-10 11:13:00,1519.46,1519.46,1519.42,1519.42,-0.0,15.66,23617.04,-1
2025-12-10,2025-12-10 11:14:00,1519.42,1519.42,1519.38,1519.38,-0.0,15.66,23617.04,-1
2025-12-10,2025-12-10 11:15:00,1519.38,1519.38,1519.33,1519.33,-0.0,15.66,23617.04,-1
2025-12-10,2025-12-10 11:16:00,1519.33,1519.33,1519.29,1519.29,-0.0,15.66,23617.04,-1
2025-12-10,2025-12-10 11:17:00,1519.29,1519.29,1519.25,1519.25,-0.0,15.66,23617.04,-1
2025-12-10,2025-12-10 11:18:00,1519.25,1519.25,1519.21,1519.21,-0.0,15.66,23617.04,-1
2025-12-10,2025-12-10 11:19:00,1519.21,1519.21,1519.17,1519.17,-0.0,15.66,23617.04,-1
2025-12-10,2025-12-10 11:20:00,1519.17,1519.17,1519.12,1519.12,-0.0,15.66,23617.04,-1
2025-12-10,2025-12-10 11:21:00,1519.12,1519.12,1519.08,1519.08,-0.0,15.66,23617.04,-1
2025-12-10,2025-12-10 11:22:00,1519.08,1519.08,1519.04,1519.04,-0.0,15.66,23617.04,-1
2025-12-10,2025-12-10 11:23:00,1519.04,1519.04,1519.0,1519.0,-0.0,15.66,23617.04,-1
2025-12-10,2025-12-10 11:24:00,1519.0,1519.0,1518.96,1518.96,-0.0,15.66,23617.04,-1
2025-12-10,2025-12-10 11:25:00,1518.96,1518.96,1518.92,1518.92,-0.0,15.66,23617.04,-1
2025-12-10,2025-12-10 11:26:00,1518.92,1518.92,1518.88,1518.88,-0.0,15.66,23617.04,-1
2025-12-10,2025-12-10 11:27:00,1518.88,1518.88,1518.83,1518.83,-0.0,15.66,23617.04,-1
2025-12-10,2025-12-10 11:28:00,1518.83,1518.83,1518.79,1518.79,-0.0,15.66,23617.04,-1
2025-12-10,2025-12-10 11:29:00,1518.79,1518.79,1518.75,1518.75,-0.0,15.66,23617.04,-1
2025-12-10,2025-12-10 11:30:00,1518.75,1518.75,1518.71,1518.71,-0.0,15.66,23617.04,-1
2025-12-10,2025-12-10 11:31:00,1518.71,1518.71,1518.67,1518.67,-0.0,15.66,23617.04,-1
2025-12-10,2025-12-10 11:32:00,1518.67,1518.67,1518.62,1518.62,-0.0,15.66,23617.04,-1
2025-12-10,2025-12-10 11:33:00,1518.62,1518.62,1518.58,1518.58,-0.0,15.66,23617.04,-1
2025-12-10,2025-12-10 11:34:00,1518.58,1518.58,1518.54,1518.54,-0.0,15.66,23617.04,-1
2025-12-10,2025-12-10 11:35:00,1518.54,1518.54,1518.5,1518.5,-0.0,15.66,23617.04,-1
2025-12-10,2025-12-10 11:36:00,1518.5,1518.5,1518.46,1518.46,-0.0,15.66,23617.04,-1
2025-12-10,2025-12-10 11:37:00,1518.46,1518.46,1518.42,1518.42,-0.0,15.66,23617.04,-1
2025-12-10,2025-12-10 11:38:00,1518.42,1518.42,1518.38,1518.38,-0.0,15.66,23617.04,-1
2025-12-10,2025-12-10 11:39:00,1518.38,1518.38,1518.33,1518.33,-0.0,15.66,23617.04,-1
2025-12-10,2025-12-10 11:40:00,1518.33,1518.33,1518.29,1518.29,-0.0,15.66,23617.04,-1
2025-12-10,2025-12-10 11:41:00,1518.29,1518.29,1518.25,1518.25,-0.0,15.66,23617.04,-1
2025-12-10,2025-12-10 11:42:00,1518.25,1518.25,1518.21,1518.21,-0.0,15.66,23617.04,-1
2025-12-10,2025-12-10 11:43:00,1518.21,1518.21,1518.17,1518.17,-0.0,15.66,23617.04,-1
2025-12-10,2025-12-10 11:44:00,1518.17,1518.17,1518.12,1518.12,-0.0,15.66,23617.04,-1
2025-12-10,2025-12-10 11:45:00,1518.12,1518.12,1518.08,1518.08,-0.0,15.66,23617.04,-1
2025-12-10,2025-12-10 11:46:00,1518.08,1518.08,1518.04,1518.04,-0.0,15.66,23617.04,-1
2025-12-10,2025-12-10 11:47:00,1518.04,1518.04,1518.0,1518.0,-0.0,15.66,23617.04,-1
2025-12-10,2025-12-10 11:48:00,1518.0,1518.0,1517.96,1517.96,-0.0,15.66,23617.04,-1
2025-12-10,2025-12-10 11:49:00,1517.96,1517.96,1517.92,1517.92,-0.0,15.66,23617.04,-1
2025-12-10,2025-12-10 11:50:00,1517.92,1517.92,1517.88,1517.88,-0.0,15.66,23617.04,-1
2025-12-10,2025-12-10 11:51:00,1517.88,1517.88,1517.83,1517.83,-0.0,15.66,23617.04,-1
2025-12-10,2025-12-10 11:52:00,1517.83,1517.83,1517.79,1517.79,-0.0,15.66,23617.04,-1
2025-12-10,2025-12-10 11:53:00,1517.79,1517.79,1517.75,1517.75,-0.0,15.66,23617.04,-1
2025-12-10,2025-12-10 11:54:00,1517.75,1517.75,1517.71,1517.71,-0.0,15.66,23617.04,-1
2025-12-10,2025-12-10 11:55:00,1517.71,1517.71,1517.67,1517.67,-0.0,15.66,23617.04,-1
2025-12-10,2025-12-10 11:56:00,1517.67,1517.67,1517.62,1517.62,-0.0,15.66,23617.04,-1
2025-12-10,2025-12-10 11:57:00,1517.62,1517.62,1517.58,1517.58,-0.0,15.66,23617.04,-1
2025-12-10,2025-12-10 11:58:00,1517.58,1517.58,1517.54,1517.54,-0.0,15.66,23617.04,-1
2025-12-10,2025-12-10 11:59:00,1517.54,1517.54,1517.5,1517.5,-0.0,15.66,23617.04,-1
2025-12-10,2025-12-10 12:00:00,1517.5,1517.5,1517.46,1517.46,-0.0,15.66,23617.04,-1
2025-12-10,2025-12-10 12:01:00,1517.46,1517.46,1517.42,1517.42,-0.0,15.66,23617.04,-1
2025-12-10,2025-12-10 12:02:00,1517.42,1517.42,1517.38,1517.38,-0.0,15.66,23617.04,-1
2025-12-10,2025-12-10 12:03:00,1517.38,1517.38,1517.33,1517.33,-0.0,15.66,23617.04,-1
2025-12-10,2025-12-10 12:04:00,1517.33,1517.33,1517.29,1517.29,-0.0,15.66,23617.04,-1
2025-12-10,2025-12-10 12:05:00,1517.29,1517.29,1517.25,1517.25,-0.0,15.66,23617.04,-1
2025-12-10,2025-12-10 12:06:00,1517.25,1517.25,1517.21,1517.21,-0.0,15.66,23617.04,-1
2025-12-10,2025-12-10 12:07:00,1517.21,1517.21,1517.17,1517.17,-0.0,15.66,23617.04,-1
2025-12-10,2025-12-10 12:08:00,1517.17,1517.17,1517.12,1517.12,-0.0,15.66,23617.04,-1
2025-12-10,2025-12-10 12:09:00,1517.12,1517.12,1517.08,1517.08,-0.0,15.66,23617.04,-1
2025-12-10,2025-12-10 12:10:00,1517.08,1517.08,1517.04,1517.04,-0.0,15.66,23617.04,-1
2025-12-10,2025-12-10 12:11:00,1517.04,1517.04,1517.0,1517.0,-0.0,15.66,23617.04,-1
2025-12-10,2025-12-10 12:12:00,1517.0,1517.0,1516.96,1516.96,-0.0,15.66,23617.04,-1
2025-12-10,2025-12-10 12:13:00,1516.96,1516.96,1516.92,1516.92,-0.0,15.66,23617.04,-1
2025-12-10,2025-12-10 12:14:00,1516.92,1516.92,1516.88,1516.88,-0.0,15.66,23617.04,-1
2025-12-10,2025-12-10 12:15:00,1516.88,1516.88,1516.83,1516.83,-0.0,15.66,23617.04,-1
2025-12-10,2025-12-10 12:16:00,1516.83,1516.83,1516.79,1516.79,-0.0,15.66,23617.04,-1
2025-12-10,2025-12-10 12:17:00,1516.79,1516.79,1516.75,1516.75,-0.0,15.66,23617.04,-1
2025-12-10,2025-12-10 12:18:00,1516.75,1516.75,1516.71,1516.71,-0.0,15.66,23617.04,-1
2025-12-10,2025-12-10 12:19:00,1516.71,1516.71,1516.67,1516.67,-0.0,15.66,23617.04,-1
2025-12-10,2025-12-10 12:20:00,1516.67,1516.67,1516.62,1516.62,-0.0,15.66,23617.04,-1
2025-12-10,2025-12-10 12:21:00,1516.62,1516.62,1516.58,1516.58,-0.0,15.66,23617.04,-1
2025-12-10,2025-12-10 12:22:00,1516.58,1516.58,1516.54,1516.54,-0.0,15.66,23617.04,-1
2025-12-10,2025-12-10 12:23:00,1516.54,1516.54,1516.5,1516.5,-0.0,15.66,23617.04,-1
2025-12-10,2025-12-10 12:24:00,1516.5,1516.5,1516.46,1516.46,-0.0,15.66,23617.04,-1
2025-12-10,2025-12-10 12:25:00,1516.46,1516.46,1516.42,1516.42,-0.0,15.66,23617.04,-1
2025-12-10,2025-12-10 12:26:00,1516.42,1516.42,1516.38,1516.38,-0.0,15.66,23617.04,-1
2025-12-10,2025-12-10 12:27:00,1516.38,1516.38,1516.33,1516.33,-0.0,15.66,23617.04,-1
2025-12-10,2025-12-10 12:28:00,1516.33,1516.33,1516.29,1516.29,-0.0,15.66,23617.04,-1
2025-12-10,2025-12-10 12:29:00,1516.29,1516.29,1516.25,1516.25,-0.0,15.66,23617.04,-1
2025-12-10,2025-12-10 12:30:00,1516.25,1516.25,1516.21,1516.21,-0.0,15.66,23617.04,-1
2025-12-10,2025-12-10 12:31:00,1516.21,1516.21,1516.17,1516.17,-0.0,15.66,23617.04,-1
2025-12-10,2025-12-10 12:32:00,1516.17,1516.17,1516.12,1516.12,-0.0,15.66,23617.04,-1
2025-12-10,2025-12-10 12:33:00,1516.12,1516.12,1516.08,1516.08,-0.0,15.66,23617.04,-1
2025-12-10,2025-12-10 12:34:00,1516.08,1516.08,1516.04,1516.04,-0.0,15.66,23617.04,-1
2025-12-10,2025-12-10 12:35:00,1516.04,1516.04,1516.0,1516.0,-0.0,15.66,23617.04,-1
2025-12-10,2025-12-10 12:36:00,1516.0,1516.0,1515.96,1515.96,-0.0,15.66,23617.04,-1
2025-12-10,2025-12-10 12:37:00,1515.96,1515.96,1515.92,1515.92,-0.0,15.66,23617.04,-1
2025-12-10,2025-12-10 12:38:00,1515.92,1515.92,1515.88,1515.88,-0.0,15.66,23617.04,-1
2025-12-10,2025-12-10 12:39:00,1515.88,1515.88,1515.83,1515.83,-0.0,15.66,23617.04,-1
2025-12-10,2025-12-10 12:40:00,1515.83,1515.83,1515.79,1515.79,-0.0,15.66,23617.04,-1
2025-12-10,2025-12-10 12:41:00,1515.79,1515.79,1515.75,1515.75,-0.0,15.66,23617.04,-1
2025-12-10,2025-12-10 12:42:00,1515.75,1515.75,1515.71,1515.71,-0.0,15.66,23617.04,-1
2025-12-10,2025-12-10 12:43:00,1515.71,1515.71,1515.67,1515.67,-0.0,15.66,23617.04,-1
2025-12-10,2025-12-10 12:44:00,1515.67,1515.67,1515.62,1515.62,-0.0,15.66,23617.04,-1
2025-12-10,2025-12-10 12:45:00,1515.62,1515.62,1515.58,1515.58,-0.0,15.66,23617.04,-1
2025-12-10,2025-12-10 12:46:00,1515.58,1515.58,1515.54,1515.54,-0.0,15.66,23617.04,-1
2025-12-10,2025-12-10 12:47:00,1515.54,1515.54,1515.5,1515.5,-0.0,15.66,23617.04,-1
2025-12-10,2025-12-10 12:48:00,1515.5,1515.5,1515.46,1515.46,-0.0,15.66,23617.04,-1
2025-12-10,2025-12-10 12:49:00,1515.46,1515.46,1515.42,1515.42,-0.0,15.66,23617.04,-1
2025-12-10,2025-12-10 12:50:00,1515.42,1515.42,1515.38,1515.38,-0.0,15.66,23617.04,-1
2025-12-10,2025-12-10 12:51:00,1515.38,1515.38,1515.33,1515.33,-0.0,15.66,23617.04,-1
2025-12-10,2025-12-10 12:52:00,1515.33,1515.33,1515.29,1515.29,-0.0,15.66,23617.04,-1
2025-12-10,2025-12-10 12:53:00,1515.29,1515.29,1515.25,1515.25,-0.0,15.66,23617.04,-1
2025-12-10,2025-12-10 12:54:00,1515.25,1515.25,1515.21,1515.21,-0.0,15.66,23617.04,-1
2025-12-10,2025-12-10 12:55:00,1515.21,1515.21,1515.17,1515.17,-0.0,15.66,23617.04,-1
2025-12-10,2025-12-10 12:56:00,1515.17,1515.17,1515.12,1515.12,-0.0,15.66,23617.04,-1
2025-12-10,2025-12-10 12:57:00,1515.12,1515.12,1515.08,1515.08,-0.0,15.66,23617.04,-1
2025-12-10,2025-12-10 12:58:00,1515.08,1515.08,1515.04,1515.04,-0.0,15.66,23617.04,-1
2025-12-10,2025-12-10 12:59:00,1515.04,1515.04,1515.0,1515.0,-0.0,15.66,23617.04,-1
2025-12-10,2025-12-10 13:00:00,1515.0,1525.0,1500.0,1514.96,-0.0,15.66,23617.04,-1
2025-12-10,2025-12-10 13:01:00,1514.96,1514.96,1514.92,1514.92,-0.0,15.66,23617.04,-1
2025-12-10,2025-12-10 13:02:00,1514.92,1514.92,1514.88,1514.88,-0.0,15.66,23617.04,-1
2025-12-10,2025-12-10 13:03:00,1514.88,1514.88,1514.83,1514.83,-0.0,15.66,23617.04,-1
2025-12-10,2025-12-10 13:04:00,1514.83,1514.83,1514.79,1514.79,-0.0,15.66,23617.04,-1
2025-12-10,2025-12-10 13:05:00,1514.79,1514.79,1514.75,1514.75,-0.0,15.66,23617.04,-1
2025-12-10,2025-12-10 13:06:00,1514.75,1514.75,1514.71,1514.71,-0.0,15.66,23617.04,-1
2025-12-10,2025-12-10 13:07:00,1514.71,1514.71,1514.67,1514.67,-0.0,15.66,23617.04,-1
2025-12-10,2025-12-10 13:08:00,1514.67,1514.67,1514.62,1514.62,-0.0,15.66,23617.04,-1
2025-12-10,2025-12-10 13:09:00,1514.62,1514.62,1514.58,1514.58,-0.0,15.66,23617.04,-1
2025-12-10,2025-12-10 13:10:00,1514.58,1514.58,1514.54,1514.54,-0.0,15.66,23617.04,-1
2025-12-10,2025-12-10 13:11:00,1514.54,1514.54,1514.5,1514.5,-0.0,15.66,23617.04,-1
2025-12-10,2025-12-10 13:12:00,1514.5,1514.5,1514.46,1514.46,-0.0,15.66,23617.04,-1
2025-12-10,2025-12-10 13:13:00,1514.46,1514.46,1514.42,1514.42,-0.0,15.66,23617.04,-1
2025-12-10,2025-12-10 13:14:00,1514.42,1514.42,1514.38,1514.38,-0.0,15.66,23617.04,-1
2025-12-10,2025-12-10 13:15:00,1514.38,1514.38,1514.33,1514.33,-0.0,15.66,23617.04,-1
2025-12-10,2025-12-10 13:16:00,1514.33,1514.33,1514.29,1514.29,-0.0,15.66,23617.04,-1
2025-12-10,2025-12-10 13:17:00,1514.29,1514.29,1514.25,1514.25,-0.0,15.66,23617.04,-1
2025-12-10,2025-12-10 13:18:00,1514.25,1514.25,1514.21,1514.21,-0.0,15.66,23617.04,-1
2025-12-10,2025-12-10 13:19:00,1514.21,1514.21,1514.17,1514.17,-0.0,15.66,23617.04,-1
2025-12-10,2025-12-10 13:20:00,1514.17,1514.17,1514.12,1514.12,-0.0,15.66,23617.04,-1
2025-12-10,2025-12-10 13:21:00,1514.12,1514.12,1514.08,1514.08,-0.0,15.66,23617.04,-1
2025-12-10,2025-12-10 13:22:00,1514.08,1514.08,1514.04,1514.04,-0.0,15.66,23617.04,-1
2025-12-10,2025-12-10 13:23:00,1514.04,1514.04,1514.0,1514.0,-0.0,15.66,23617.04,-1
2025-12-10,2025-12-10 13:24:00,1514.0,1514.0,1513.96,1513.96,-0.0,15.66,23617.04,-1
2025-12-10,2025-12-10 13:25:00,1513.96,1513.96,1513.92,1513.92,-0.0,15.66,23617.04,-1
2025-12-10,2025-12-10 13:26:00,1513.92,1513.92,1513.88,1513.88,-0.0,15.66,23617.04,-1
2025-12-10,2025-12-10 13:27:00,1513.88,1513.88,1513.83,1513.83,-0.0,15.66,23617.04,-1
2025-12-10,2025-12-10 13:28:00,1513.83,1513.83,1513.79,1513.79,-0.0,15.66,23617.04,-1
2025-12-10,2025-12-10 13:29:00,1513.79,1513.79,1513.75,1513.75,-0.0,15.66,23617.04,-1
2025-12-10,2025-12-10 13:30:00,1513.75,1513.75,1513.71,1513.71,-0.0,15.66,23617.04,-1
2025-12-10,2025-12-10 13:31:00,1513.71,1513.71,1513.67,1513.67,-0.0,15.66,23617.04,-1
2025-12-10,2025-12-10 13:32:00,1513.67,1513.67,1513.62,1513.62,-0.0,15.66,23617.04,-1
2025-12-10,2025-12-10 13:33:00,1513.62,1513.62,1513.58,1513.58,-0.0,15.66,23617.04,-1
2025-12-10,2025-12-10 13:34:00,1513.58,1513.58,1513.54,1513.54,-0.0,15.66,23617.04,-1
2025-12-10,2025-12-10 13:35:00,1513.54,1513.54,1513.5,1513.5,-0.0,15.66,23617.04,-1
2025-12-10,2025-12-10 13:36:00,1513.5,1513.5,1513.46,1513.46,-0.0,15.66,23617.04,-1
2025-12-10,2025-12-10 13:37:00,1513.46,1513.46,1513.42,1513.42,-0.0,15.66,23617.04,-1
2025-12-10,2025-12-10 13:38:00,1513.42,1513.42,1513.38,1513.38,-0.0,15.66,23617.04,-1
2025-12-10,2025-12-10 13:39:00,1513.38,1513.38,1513.33,1513.33,-0.0,15.66,23617.04,-1
2025-12-10,2025-12-10 13:40:00,1513.33,1513.33,1513.29,1513.29,-0.0,15.66,23617.04,-1
2025-12-10,2025-12-10 13:41:00,1513.29,1513.29,1513.25,1513.25,-0.0,15.66,23617.04,-1
2025-12-10,2025-12-10 13:42:00,1513.25,1513.25,1513.21,1513.21,-0.0,15.66,23617.04,-1
2025-12-10,2025-12-10 13:43:00,1513.21,1513.21,1513.17,1513.17,-0.0,15.66,23617.04,-1
2025-12-10,2025-12-10 13:44:00,1513.17,1513.17,1513.12,1513.12,-0.0,15.66,23617.04,-1
2025-12-10,2025-12-10 13:45:00,1513.12,1513.12,1513.08,1513.08,-0.0,15.66,23617.04,-1
2025-12-10,2025-12-10 13:46:00,1513.08,1513.08,1513.04,1513.04,-0.0,15.66,23617.04,-1
2025-12-10,2025-12-10 13:47:00,1513.04,1513.04,1513.0,1513.0,-0.0,15.66,23617.04,-1
2025-12-10,2025-12-10 13:48:00,1513.0,1513.0,1512.96,1512.96,-0.0,15.66,23617.04,-1
2025-12-10,2025-12-10 13:49:00,1512.96,1512.96,1512.92,1512.92,-0.0,15.66,23617.04,-1
2025-12-10,2025-12-10 13:50:00,1512.92,1512.92,1512.88,1512.88,-0.0,15.66,23617.04,-1
2025-12-10,2025-12-10 13:51:00,1512.88,1512.88,1512.83,1512.83,-0.0,15.66,23617.04,-1
2025-12-10,2025-12-10 13:52:00,1512.83,1512.83,1512.79,1512.79,-0.0,15.66,23617.04,-1
2025-12-10,2025-12-10 13:53:00,1512.79,1512.79,1512.75,1512.75,-0.0,15.66,23617.04,-1
2025-12-10,2025-12-10 13:54:00,1512.75,1512.75,1512.71,1512.71,-0.0,15.66,23617.04,-1
2025-12-10,2025-12-10 13:55:00,1512.71,1512.71,1512.67,1512.67,-0.0,15.66,23617.04,-1
2025-12-10,2025-12-10 13:56:00,1512.67,1512.67,1512.62,1512.62,-0.0,15.66,23617.04,-1
2025-12-10,2025-12-10 13:57:00,1512.62,1512.62,1512.58,1512.58,-0.0,15.66,23617.04,-1
2025-12-10,2025-12-10 13:58:00,1512.58,1512.58,1512.54,1512.54,-0.0,15.66,23617.04,-1
2025-12-10,2025-12-10 13:59:00,1512.54,1512.54,1512.5,1512.5,-0.0,15.66,23617.04,-1
2025-12-10,2025-12-10 14:00:00,1512.5,1512.5,1512.46,1512.46,-0.0,15.66,23617.04,-1
2025-12-10,2025-12-10 14:01:00,1512.46,1512.46,1512.42,1512.42,-0.0,15.66,23617.04,-1
2025-12-10,2025-12-10 14:02:00,1512.42,1512.42,1512.38,1512.38,-0.0,15.66,23617.04,-1
2025-12-10,2025-12-10 14:03:00,1512.38,1512.38,1512.33,1512.33,-0.0,15.66,23617.04,-1
2025-12-10,2025-12-10 14:04:00,1512.33,1512.33,1512.29,1512.29,-0.0,15.66,23617.04,-1
2025-12-10,2025-12-10 14:05:00,1512.29,1512.29,1512.25,1512.25,-0.0,15.66,23617.04,-1
2025-12-10,2025-12-10 14:06:00,1512.25,1512.25,1512.21,1512.21,-0.0,15.66,23617.04,-1
2025-12-10,2025-12-10 14:07:00,1512.21,1512.21,1512.17,1512.17,-0.0,15.66,23617.04,-1
2025-12-10,2025-12-10 14:08:00,1512.17,1512.17,1512.12,1512.12,-0.0,15.66,23617.04,-1
2025-12-10,2025-12-10 14:09:00,1512.12,1512.12,1512.08,1512.08,-0.0,15.66,23617.04,-1
2025-12-10,2025-12-10 14:10:00,1512.08,1512.08,1512.04,1512.04,-0.0,15.66,23617.04,-1
2025-12-10,2025-12-10 14:11:00,1512.04,1512.04,1512.0,1512.0,-0.0,15.66,23617.04,-1
2025-12-10,2025-12-10 14:12:00,1512.0,1512.0,1511.96,1511.96,-0.0,15.66,23617.04,-1
2025-12-10,2025-12-10 14:13:00,1511.96,1511.96,1511.92,1511.92,-0.0,15.66,23617.04,-1
2025-12-10,2025-12-10 14:14:00,1511.92,1511.92,1511.88,1511.88,-0.0,15.66,23617.04,-1
2025-12-10,2025-12-10 14:15:00,1511.88,1511.88,1511.83,1511.83,-0.0,15.66,23617.04,-1
2025-12-10,2025-12-10 14:16:00,1511.83,1511.83,1511.79,1511.79,-0.0,15.66,23617.04,-1
2025-12-10,2025-12-10 14:17:00,1511.79,1511.79,1511.75,1511.75,-0.0,15.66,23617.04,-1
2025-12-10,2025-12-10 14:18:00,1511.75,1511.75,1511.71,1511.71,-0.0,15.66,23617.04,-1
2025-12-10,2025-12-10 14:19:00,1511.71,1511.71,1511.67,1511.67,-0.0,15.66,23617.04,-1
2025-12-10,2025-12-10 14:20:00,1511.67,1511.67,1511.62,1511.62,-0.0,15.66,23617.04,-1
2025-12-10,2025-12-10 14:21:00,1511.62,1511.62,1511.58,1511.58,-0.0,15.66,23617.04,-1
2025-12-10,2025-12-10 14:22:00,1511.58,1511.58,1511.54,1511.54,-0.0,15.66,23617.04,-1
2025-12-10,2025-12-10 14:23:00,1511.54,1511.54,1511.5,1511.5,-0.0,15.66,23617.04,-1
2025-12-10,2025-12-10 14:24:00,1511.5,1511.5,1511.46,1511.46,-0.0,15.66,23617.04,-1
2025-12-10,2025-12-10 14:25:00,1511.46,1511.46,1511.42,1511.42,-0.0,15.66,23617.04,-1
2025-12-10,2025-12-10 14:26:00,1511.42,1511.42,1511.38,1511.38,-0.0,15.66,23617.04,-1
2025-12-10,2025-12-10 14:27:00,1511.38,1511.38,1511.33,1511.33,-0.0,15.66,23617.04,-1
2025-12-10,2025-12-10 14:28:00,1511.33,1511.33,1511.29,1511.29,-0.0,15.66,23617.04,-1
2025-12-10,2025-12-10 14:29:00,1511.29,1511.29,1511.25,1511.25,-0.0,15.66,23617.04,-1
2025-12-10,2025-12-10 14:30:00,1511.25,1511.25,1511.21,1511.21,-0.0,15.66,23617.04,-1
2025-12-10,2025-12-10 14:31:00,1511.21,1511.21,1511.17,1511.17,-0.0,15.66,23617.04,-1
2025-12-10,2025-12-10 14:32:00,1511.17,1511.17,1511.12,1511.12,-0.0,15.66,23617.04,-1
2025-12-10,2025-12-10 14:33:00,1511.12,1511.12,1511.08,1511.08,-0.0,15.66,23617.04,-1
2025-12-10,2025-12-10 14:34:00,1511.08,1511.08,1511.04,1511.04,-0.0,15.66,23617.04,-1
2025-12-10,2025-12-10 14:35:00,1511.04,1511.04,1511.0,1511.0,-0.0,15.66,23617.04,-1
2025-12-10,2025-12-10 14:36:00,1511.0,1511.0,1510.96,1510.96,-0.0,15.66,23617.04,-1
2025-12-10,2025-12-10 14:37:00,1510.96,1510.96,1510.92,1510.92,-0.0,15.66,23617.04,-1
2025-12-10,2025-12-10 14:38:00,1510.92,1510.92,1510.88,1510.88,-0.0,15.66,23617.04,-1
2025-12-10,2025-12-10 14:39:00,1510.88,1510.88,1510.83,1510.83,-0.0,15.66,23617.04,-1
2025-12-10,2025-12-10 14:40:00,1510.83,1510.83,1510.79,1510.79,-0.0,15.66,23617.04,-1
2025-12-10,2025-12-10 14:41:00,1510.79,1510.79,1510.75,1510.75,-0.0,15.66,23617.04,-1
2025-12-10,2025-12-10 14:42:00,1510.75,1510.75,1510.71,1510.71,-0.0,15.66,23617.04,-1
2025-12-10,2025-12-10 14:43:00,1510.71,1510.71,1510.67,1510.67,-0.0,15.66,23617.04,-1
2025-12-10,2025-12-10 14:44:00,1510.67,1510.67,1510.62,1510.62,-0.0,15.66,23617.04,-1
2025-12-10,2025-12-10 14:45:00,1510.62,1510.62,1510.58,1510.58,-0.0,15.66,23617.04,-1
2025-12-10,2025-12-10 14:46:00,1510.58,1510.58,1510.54,1510.54,-0.0,15.66,23617.04,-1
2025-12-10,2025-12-10 14:47:00,1510.54,1510.54,1510.5,1510.5,-0.0,15.66,23617.04,-1
2025-12-10,2025-12-10 14:48:00,1510.5,1510.5,1510.46,1510.46,-0.0,15.66,23617.04,-1
2025-12-10,2025-12-10 14:49:00,1510.46,1510.46,1510.42,1510.42,-0.0,15.66,23617.04,-1
2025-12-10,2025-12-10 14:50:00,1510.42,1510.42,1510.38,1510.38,-0.0,15.66,23617.04,-1
2025-12-10,2025-12-10 14:51:00,1510.38,1510.38,1510.33,1510.33,-0.0,15.66,23617.04,-1
2025-12-10,2025-12-10 14:52:00,1510.33,1510.33,1510.29,1510.29,-0.0,15.66,23617.04,-1
2025-12-10,2025-12-10 14:53:00,1510.29,1510.29,1510.25,1510.25,-0.0,15.66,23617.04,-1
2025-12-10,2025-12-10 14:54:00,1510.25,1510.25,1510.21,1510.21,-0.0,15.66,23617.04,-1
2025-12-10,2025-12-10 14:55:00,1510.21,1510.21,1510.17,1510.17,-0.0,15.66,23617.04,-1
2025-12-10,2025-12-10 14:56:00,1510.17,1510.17,1510.12,1510.12,-0.0,15.66,23617.04,-1
2025-12-10,2025-12-10 14:57:00,1510.12,1510.12,1510.08,1510.08,-0.0,15.66,23617.04,-1
2025-12-10,2025-12-10 14:58:00,1510.08,1510.08,1510.04,1510.04,-0.0,15.66,23617.04,-1
2025-12-10,2025-12-10 14:59:00,1510.04,1510.04,1510.0,1510.0,-0.0,15.66,23617.04,-1
2025-12-10,2025-12-10 15:00:00,1510.0,1525.0,1500.0,1510.0,0.0,15.66,23617.04,0
2025-12-11,2025-12-11 11:00:00,1479.8,1497.56,1479.8,1479.96,0.01,12.29,18454.15,1
2025-12-11,2025-12-11 11:01:00,1479.96,1480.13,1479.96,1480.13,0.01,12.29,18454.15,1
2025-12-11,2025-12-11 11:02:00,1480.13,1480.29,1480.13,1480.29,0.01,12.29,18454.15,1
2025-12-11,2025-12-11 11:03:00,1480.29,1480.45,1480.29,1480.45,0.01,12.29,18454.15,1
2025-12-11,2025-12-11 11:04:00,1480.45,1480.62,1480.45,1480.62,0.01,12.29,18454.15,1
2025-12-11,2025-12-11 11:05:00,1480.62,1480.78,1480.62,1480.78,0.01,12.29,18454.15,1
2025-12-11,2025-12-11 11:06:00,1480.78,1480.94,1480.78,1480.94,0.01,12.29,18454.15,1
2025-12-11,2025-12-11 11:07:00,1480.94,1481.11,1480.94,1481.11,0.01,12.29,18454.15,1
2025-12-11,2025-12-11 11:08:00,1481.11,1481.27,1481.11,1481.27,0.01,12.29,18454.15,1
2025-12-11,2025-12-11 11:09:00,1481.27,1481.43,1481.27,1481.43,0.01,12.29,18454.15,1
2025-12-11,2025-12-11 11:10:00,1481.43,1481.6,1481.43,1481.6,0.01,12.29,18454.15,1
2025-12-11,2025-12-11 11:11:00,1481.6,1481.76,1481.6,1481.76,0.01,12.29,18454.15,1
2025-12-11,2025-12-11 11:12:00,1481.76,1481.92,1481.76,1481.92,0.01,12.29,18454.15,1
2025-12-11,2025-12-11 11:13:00,1481.92,1482.09,1481.92,1482.09,0.01,12.29,18454.15,1
2025-12-11,2025-12-11 11:14:00,1482.09,1482.25,1482.09,1482.25,0.01,12.29,18454.15,1
2025-12-11,2025-12-11 11:15:00,1482.25,1482.41,1482.25,1482.41,0.01,12.29,18454.15,1
2025-12-11,2025-12-11 11:16:00,1482.41,1482.58,1482.41,1482.58,0.01,12.29,18454.15,1
2025-12-11,2025-12-11 11:17:00,1482.58,1482.74,1482.58,1482.74,0.01,12.29,18454.15,1
2025-12-11,2025-12-11 11:18:00,1482.74,1482.9,1482.74,1482.9,0.01,12.29,18454.15,1
2025-12-11,2025-12-11 11:19:00,1482.9,1483.07,1482.9,1483.07,0.01,12.29,18454.15,1
2025-12-11,2025-12-11 11:20:00,1483.07,1483.23,1483.07,1483.23,0.01,12.29,18454.15,1
2025-12-11,2025-12-11 11:21:00,1483.23,1483.39,1483.23,1483.39,0.01,12.29,18454.15,1
2025-12-11,2025-12-11 11:22:00,1483.39,1483.56,1483.39,1483.56,0.01,12.29,18454.15,1
2025-12-11,2025-12-11 11:23:00,1483.56,1483.72,1483.56,1483.72,0.01,12.29,18454.15,1
2025-12-11,2025-12-11 11:24:00,1483.72,1483.88,1483.72,1483.88,0.01,12.29,18454.15,1
2025-12-11,2025-12-11 11:25:00,1483.88,1484.05,1483.88,1484.05,0.01,12.29,18454.15,1
2025-12-11,2025-12-11 11:26:00,1484.05,1484.21,1484.05,1484.21,0.01,12.29,18454.15,1
2025-12-11,2025-12-11 11:27:00,1484.21,1484.37,1484.21,1484.37,0.01,12.29,18454.15,1
2025-12-11,2025-12-11 11:28:00,1484.37,1484.54,1484.37,1484.54,0.01,12.29,18454.15,1
2025-12-11,2025-12-11 11:29:00,1484.54,1484.7,1484.54,1484.7,0.01,12.29,18454.15,1
2025-12-11,2025-12-11 11:30:00,1484.7,1484.86,1484.7,1484.86,0.01,12.29,18454.15,1
2025-12-11,2025-12-11 11:31:00,1484.86,1485.03,1484.86,1485.03,0.01,12.29,18454.15,1
2025-12-11,2025-12-11 11:32:00,1485.03,1485.19,1485.03,1485.19,0.01,12.29,18454.15,1
2025-12-11,2025-12-11 11:33:00,1485.19,1485.35,1485.19,1485.35,0.01,12.29,18454.15,1
2025-12-11,2025-12-11 11:34:00,1485.35,1485.52,1485.35,1485.52,0.01,12.29,18454.15,1
2025-12-11,2025-12-11 11:35:00,1485.52,1485.68,1485.52,1485.68,0.01,12.29,18454.15,1
2025-12-11,2025-12-11 11:36:00,1485.68,1485.84,1485.68,1485.84,0.01,12.29,18454.15,1
2025-12-11,2025-12-11 11:37:00,1485.84,1486.01,1485.84,1486.01,0.01,12.29,18454.15,1
2025-12-11,2025-12-11 11:38:00,1486.01,1486.17,1486.01,1486.17,0.01,12.29,18454.15,1
2025-12-11,2025-12-11 11:39:00,1486.17,1486.33,1486.17,1486.33,0.01,12.29,18454.15,1
2025-12-11,2025-12-11 11:40:00,1486.33,1486.5,1486.33,1486.5,0.01,12.29,18454.15,1
2025-12-11,2025-12-11 11:41:00,1486.5,1486.66,1486.5,1486.66,0.01,12.29,18454.15,1
2025-12-11,2025-12-11 11:42:00,1486.66,1486.82,1486.66,1486.82,0.01,12.29,18454.15,1
2025-12-11,2025-12-11 11:43:00,1486.82,1486.99,1486.82,1486.99,0.01,12.29,18454.15,1
2025-12-11,2025-12-11 11:44:00,1486.99,1487.15,1486.99,1487.15,0.01,12.29,18454.15,1
2025-12-11,2025-12-11 11:45:00,1487.15,1487.31,1487.15,1487.31,0.01,12.29,18454.15,1
2025-12-11,2025-12-11 11:46:00,1487.31,1487.48,1487.31,1487.48,0.01,12.29,18454.15,1
2025-12-11,2025-12-11 11:47:00,1487.48,1487.64,1487.48,1487.64,0.01,12.29,18454.15,1
2025-12-11,2025-12-11 11:48:00,1487.64,1487.8,1487.64,1487.8,0.01,12.29,18454.15,1
2025-12-11,2025-12-11 11:49:00,1487.8,1487.97,1487.8,1487.97,0.01,12.29,18454.15,1
2025-12-11,2025-12-11 11:50:00,1487.97,1488.13,1487.97,1488.13,0.01,12.29,18454.15,1
2025-12-11,2025-12-11 11:51:00,1488.13,1488.29,1488.13,1488.29,0.01,12.29,18454.15,1
2025-12-11,2025-12-11 11:52:00,1488.29,1488.46,1488.29,1488.46,0.01,12.29,18454.15,1
2025-12-11,2025-12-11 11:53:00,1488.46,1488.62,1488.46,1488.62,0.01,12.29,18454.15,1
2025-12-11,2025-12-11 11:54:00,1488.62,1488.78,1488.62,1488.78,0.01,12.29,18454.15,1
2025-12-11,2025-12-11 11:55:00,1488.78,1488.95,1488.78,1488.95,0.01,12.29,18454.15,1
2025-12-11,2025-12-11 11:56:00,1488.95,1489.11,1488.95,1489.11,0.01,12.29,18454.15,1
2025-12-11,2025-12-11 11:57:00,1489.11,1489.27,1489.11,1489.27,0.01,12.29,18454.15,1
2025-12-11,2025-12-11 11:58:00,1489.27,1489.44,1489.27,1489.44,0.01,12.29,18454.15,1
2025-12-11,2025-12-11 11:59:00,1489.44,1489.6,1489.44,1489.6,0.01,12.29,18454.15,1
2025-12-11,2025-12-11 12:00:00,1489.6,1489.76,1489.6,1489.76,0.01,12.29,18454.15,1
2025-12-11,2025-12-11 12:01:00,1489.76,1489.93,1489.76,1489.93,0.01,12.29,18454.15,1
2025-12-11,2025-12-11 12:02:00,1489.93,1490.09,1489.93,1490.09,0.01,12.29,18454.15,1
2025-12-11,2025-12-11 12:03:00,1490.09,1490.25,1490.09,1490.25,0.01,12.29,18454.15,1
2025-12-11,2025-12-11 12:04:00,1490.25,1490.42,1490.25,1490.42,0.01,12.29,18454.15,1
2025-12-11,2025-12-11 12:05:00,1490.42,1490.58,1490.42,1490.58,0.01,12.29,18454.15,1
2025-12-11,2025-12-11 12:06:00,1490.58,1490.74,1490.58,1490.74,0.01,12.29,18454.15,1
2025-12-11,2025-12-11 12:07:00,1490.74,1490.91,1490.74,1490.91,0.01,12.29,18454.15,1
2025-12-11,2025-12-11 12:08:00,1490.91,1491.07,1490.91,1491.07,0.01,12.29,18454.15,1
2025-12-11,2025-12-11 12:09:00,1491.07,1491.23,1491.07,1491.23,0.01,12.29,18454.15,1
2025-12-11,2025-12-11 12:10:00,1491.23,1491.4,1491.23,1491.4,0.01,12.29,18454.15,1
2025-12-11,2025-12-11 12:11:00,1491.4,1491.56,1491.4,1491.56,0.01,12.29,18454.15,1
2025-12-11,2025-12-11 12:12:00,1491.56,1491.72,1491.56,1491.72,0.01,12.29,18454.15,1
2025-12-11,2025-12-11 12:13:00,1491.72,1491.89,1491.72,1491.89,0.01,12.29,18454.15,1
2025-12-11,2025-12-11 12:14:00,1491.89,1492.05,1491.89,1492.05,0.01,12.29,18454.15,1
2025-12-11,2025-12-11 12:15:00,1492.05,1492.21,1492.05,1492.21,0.01,12.29,18454.15,1
2025-12-11,2025-12-11 12:16:00,1492.21,1492.38,1492.21,1492.38,0.01,12.29,18454.15,1
2025-12-11,2025-12-11 12:17:00,1492.38,1492.54,1492.38,1492.54,0.01,12.29,18454.15,1
2025-12-11,2025-12-11 12:18:00,1492.54,1492.7,1492.54,1492.7,0.01,12.29,18454.15,1
2025-12-11,2025-12-11 12:19:00,1492.7,1492.87,1492.7,1492.87,0.01,12.29,18454.15,1
2025-12-11,2025-12-11 12:20:00,1492.87,1493.03,1492.87,1493.03,0.01,12.29,18454.15,1
2025-12-11,2025-12-11 12:21:00,1493.03,1493.19,1493.03,1493.19,0.01,12.29,18454.15,1
2025-12-11,2025-12-11 12:22:00,1493.19,1493.36,1493.19,1493.36,0.01,12.29,18454.15,1
2025-12-11,2025-12-11 12:23:00,1493.36,1493.52,1493.36,1493.52,0.01,12.29,18454.15,1
2025-12-11,2025-12-11 12:24:00,1493.52,1493.68,1493.52,1493.68,0.01,12.29,18454.15,1
2025-12-11,2025-12-11 12:25:00,1493.68,1493.85,1493.68,1493.85,0.01,12.29,18454.15,1
2025-12-11,2025-12-11 12:26:00,1493.85,1494.01,1493.85,1494.01,0.01,12.29,18454.15,1
2025-12-11,2025-12-11 12:27:00,1494.01,1494.17,1494.01,1494.17,0.01,12.29,18454.15,1
2025-12-11,2025-12-11 12:28:00,1494.17,1494.34,1494.17,1494.34,0.01,12.29,18454.15,1
2025-12-11,2025-12-11 12:29:00,1494.34,1494.5,1494.34,1494.5,0.01,12.29,18454.15,1
2025-12-11,2025-12-11 12:30:00,1494.5,1494.66,1494.5,1494.66,0.01,12.29,18454.15,1
2025-12-11,2025-12-11 12:31:00,1494.66,1494.83,1494.66,1494.83,0.01,12.29,18454.15,1
2025-12-11,2025-12-11 12:32:00,1494.83,1494.99,1494.83,1494.99,0.01,12.29,18454.15,1
2025-12-11,2025-12-11 12:33:00,1494.99,1495.15,1494.99,1495.15,0.01,12.29,18454.15,1
2025-12-11,2025-12-11 12:34:00,1495.15,1495.32,1495.15,1495.32,0.01,12.29,18454.15,1
2025-12-11,2025-12-11 12:35:00,1495.32,1495.48,1495.32,1495.48,0.01,12.29,18454.15,1
2025-12-11,2025-12-11 12:36:00,1495.48,1495.64,1495.48,1495.64,0.01,12.29,18454.15,1
2025-12-11,2025-12-11 12:37:00,1495.64,1495.81,1495.64,1495.81,0.01,12.29,18454.15,1
2025-12-11,2025-12-11 12:38:00,1495.81,1495.97,1495.81,1495.97,0.01,12.29,18454.15,1
2025-12-11,2025-12-11 12:39:00,1495.97,1496.13,1495.97,1496.13,0.01,12.29,18454.15,1
2025-12-11,2025-12-11 12:40:00,1496.13,1496.3,1496.13,1496.3,0.01,12.29,18454.15,1
2025-12-11,2025-12-11 12:41:00,1496.3,1496.46,1496.3,1496.46,0.01,12.29,18454.15,1
2025-12-11,2025-12-11 12:42:00,1496.46,1496.62,1496.46,1496.62,0.01,12.29,18454.15,1
2025-12-11,2025-12-11 12:43:00,1496.62,1496.79,1496.62,1496.79,0.01,12.29,18454.15,1
2025-12-11,2025-12-11 12:44:00,1496.79,1496.95,1496.79,1496.95,0.01,12.29,18454.15,1
2025-12-11,2025-12-11 12:45:00,1496.95,1497.11,1496.95,1497.11,0.01,12.29,18454.15,1
2025-12-11,2025-12-11 12:46:00,1497.11,1497.28,1497.11,1497.28,0.01,12.29,18454.15,1
2025-12-11,2025-12-11 12:47:00,1497.28,1497.44,1497.28,1497.44,0.01,12.29,18454.15,1
2025-12-11,2025-12-11 12:48:00,1497.44,1497.6,1497.44,1497.6,0.01,12.29,18454.15,1
2025-12-11,2025-12-11 12:49:00,1497.6,1497.77,1497.6,1497.77,0.01,12.29,18454.15,1
2025-12-11,2025-12-11 12:50:00,1497.77,1497.93,1497.77,1497.93,0.01,12.29,18454.15,1
2025-12-11,2025-12-11 12:51:00,1497.93,1498.09,1497.93,1498.09,0.01,12.29,18454.15,1
2025-12-11,2025-12-11 12:52:00,1498.09,1498.26,1498.09,1498.26,0.01,12.29,18454.15,1
2025-12-11,2025-12-11 12:53:00,1498.26,1498.42,1498.26,1498.42,0.01,12.29,18454.15,1
2025-12-11,2025-12-11 12:54:00,1498.42,1498.58,1498.42,1498.58,0.01,12.29,18454.15,1
2025-12-11,2025-12-11 12:55:00,1498.58,1498.75,1498.58,1498.75,0.01,12.29,18454.15,1
2025-12-11,2025-12-11 12:56:00,1498.75,1498.91,1498.75,1498.91,0.01,12.29,18454.15,1
2025-12-11,2025-12-11 12:57:00,1498.91,1499.07,1498.91,1499.07,0.01,12.29,18454.15,1
2025-12-11,2025-12-11 12:58:00,1499.07,1499.24,1499.07,1499.24,0.01,12.29,18454.15,1
2025-12-11,2025-12-11 12:59:00,1499.24,1499.4,1499.24,1499.4,0.01,12.29,18454.15,1
2025-12-11,2025-12-11 13:00:00,1499.4,1539.0,1479.8,1499.56,0.01,12.29,18454.15,1
2025-12-11,2025-12-11 13:01:00,1499.56,1499.73,1499.56,1499.73,0.01,12.29,18454.15,1
2025-12-11,2025-12-11 13:02:00,1499.73,1499.89,1499.73,1499.89,0.01,12.29,18454.15,1
2025-12-11,2025-12-11 13:03:00,1499.89,1500.05,1499.89,1500.05,0.01,12.29,18454.15,1
2025-12-11,2025-12-11 13:04:00,1500.05,1500.22,1500.05,1500.22,0.01,12.29,18454.15,1
2025-12-11,2025-12-11 13:05:00,1500.22,1500.38,1500.22,1500.38,0.01,12.29,18454.15,1
2025-12-11,2025-12-11 13:06:00,1500.38,1500.54,1500.38,1500.54,0.01,12.29,18454.15,1
2025-12-11,2025-12-11 13:07:00,1500.54,1500.71,1500.54,1500.71,0.01,12.29,18454.15,1
2025-12-11,2025-12-11 13:08:00,1500.71,1500.87,1500.71,1500.87,0.01,12.29,18454.15,1
2025-12-11,2025-12-11 13:09:00,1500.87,1501.03,1500.87,1501.03,0.01,12.29,18454.15,1
2025-12-11,2025-12-11 13:10:00,1501.03,1501.2,1501.03,1501.2,0.01,12.29,18454.15,1
2025-12-11,2025-12-11 13:11:00,1501.2,1501.36,1501.2,1501.36,0.01,12.29,18454.15,1
2025-12-11,2025-12-11 13:12:00,1501.36,1501.52,1501.36,1501.52,0.01,12.29,18454.15,1
2025-12-11,2025-12-11 13:13:00,1501.52,1501.69,1501.52,1501.69,0.01,12.29,18454.15,1
2025-12-11,2025-12-11 13:14:00,1501.69,1501.85,1501.69,1501.85,0.01,12.29,18454.15,1
2025-12-11,2025-12-11 13:15:00,1501.85,1502.01,1501.85,1502.01,0.01,12.29,18454.15,1
2025-12-11,2025-12-11 13:16:00,1502.01,1502.18,1502.01,1502.18,0.01,12.29,18454.15,1
2025-12-11,2025-12-11 13:17:00,1502.18,1502.34,1502.18,1502.34,0.01,12.29,18454.15,1
2025-12-11,2025-12-11 13:18:00,1502.34,1502.5,1502.34,1502.5,0.01,12.29,18454.15,1
2025-12-11,2025-12-11 13:19:00,1502.5,1502.67,1502.5,1502.67,0.01,12.29,18454.15,1
2025-12-11,2025-12-11 13:20:00,1502.67,1502.83,1502.67,1502.83,0.01,12.29,18454.15,1
2025-12-11,2025-12-11 13:21:00,1502.83,1502.99,1502.83,1502.99,0.01,12.29,18454.15,1
2025-12-11,2025-12-11 13:22:00,1502.99,1503.16,1502.99,1503.16,0.01,12.29,18454.15,1
2025-12-11,2025-12-11 13:23:00,1503.16,1503.32,1503.16,1503.32,0.01,12.29,18454.15,1
2025-12-11,2025-12-11 13:24:00,1503.32,1503.48,1503.32,1503.48,0.01,12.29,18454.15,1
2025-12-11,2025-12-11 13:25:00,1503.48,1503.65,1503.48,1503.65,0.01,12.29,18454.15,1
2025-12-11,2025-12-11 13:26:00,1503.65,1503.81,1503.65,1503.81,0.01,12.29,18454.15,1
2025-12-11,2025-12-11 13:27:00,1503.81,1503.97,1503.81,1503.97,0.01,12.29,18454.15,1
2025-12-11,2025-12-11 13:28:00,1503.97,1504.14,1503.97,1504.14,0.01,12.29,18454.15,1
2025-12-11,2025-12-11 13:29:00,1504.14,1504.3,1504.14,1504.3,0.01,12.29,18454.15,1
2025-12-11,2025-12-11 13:30:00,1504.3,1504.46,1504.3,1504.46,0.01,12.29,18454.15,1
2025-12-11,2025-12-11 13:31:00,1504.46,1504.63,1504.46,1504.63,0.01,12.29,18454.15,1
2025-12-11,2025-12-11 13:32:00,1504.63,1504.79,1504.63,1504.79,0.01,12.29,18454.15,1
2025-12-11,2025-12-11 13:33:00,1504.79,1504.95,1504.79,1504.95,0.01,12.29,18454.15,1
2025-12-11,2025-12-11 13:34:00,1504.95,1505.12,1504.95,1505.12,0.01,12.29,18454.15,1
2025-12-11,2025-12-11 13:35:00,1505.12,1505.28,1505.12,1505.28,0.01,12.29,18454.15,1
2025-12-11,2025-12-11 13:36:00,1505.28,1505.44,1505.28,1505.44,0.01,12.29,18454.15,1
2025-12-11,2025-12-11 13:37:00,1505.44,1505.61,1505.44,1505.61,0.01,12.29,18454.15,1
2025-12-11,2025-12-11 13:38:00,1505.61,1505.77,1505.61,1505.77,0.01,12.29,18454.15,1
2025-12-11,2025-12-11 13:39:00,1505.77,1505.93,1505.77,1505.93,0.01,12.29,18454.15,1
2025-12-11,2025-12-11 13:40:00,1505.93,1506.1,1505.93,1506.1,0.01,12.29,18454.15,1
2025-12-11,2025-12-11 13:41:00,1506.1,1506.26,1506.1,1506.26,0.01,12.29,18454.15,1
2025-12-11,2025-12-11 13:42:00,1506.26,1506.42,1506.26,1506.42,0.01,12.29,18454.15,1
2025-12-11,2025-12-11 13:43:00,1506.42,1506.59,1506.42,1506.59,0.01,12.29,18454.15,1
2025-12-11,2025-12-11 13:44:00,1506.59,1506.75,1506.59,1506.75,0.01,12.29,18454.15,1
2025-12-11,2025-12-11 13:45:00,1506.75,1506.91,1506.75,1506.91,0.01,12.29,18454.15,1
2025-12-11,2025-12-11 13:46:00,1506.91,1507.08,1506.91,1507.08,0.01,12.29,18454.15,1
2025-12-11,2025-12-11 13:47:00,1507.08,1507.24,1507.08,1507.24,0.01,12.29,18454.15,1
2025-12-11,2025-12-11 13:48:00,1507.24,1507.4,1507.24,1507.4,0.01,12.29,18454.15,1
2025-12-11,2025-12-11 13:49:00,1507.4,1507.57,1507.4,1507.57,0.01,12.29,18454.15,1
2025-12-11,2025-12-11 13:50:00,1507.57,1507.73,1507.57,1507.73,0.01,12.29,18454.15,1
2025-12-11,2025-12-11 13:51:00,1507.73,1507.89,1507.73,1507.89,0.01,12.29,18454.15,1
2025-12-11,2025-12-11 13:52:00,1507.89,1508.06,1507.89,1508.06,0.01,12.29,18454.15,1
2025-12-11,2025-12-11 13:53:00,1508.06,1508.22,1508.06,1508.22,0.01,12.29,18454.15,1
2025-12-11,2025-12-11 13:54:00,1508.22,1508.38,1508.22,1508.38,0.01,12.29,18454.15,1
2025-12-11,2025-12-11 13:55:00,1508.38,1508.55,1508.38,1508.55,0.01,12.29,18454.15,1
2025-12-11,2025-12-11 13:56:00,1508.55,1508.71,1508.55,1508.71,0.01,12.29,18454.15,1
2025-12-11,2025-12-11 13:57:00,1508.71,1508.87,1508.71,1508.87,0.01,12.29,18454.15,1
2025-12-11,2025-12-11 13:58:00,1508.87,1509.04,1508.87,1509.04,0.01,12.29,18454.15,1
2025-12-11,2025-12-11 13:59:00,1509.04,1509.2,1509.04,1509.2,0.01,12.29,18454.15,1
2025-12-11,2025-12-11 14:00:00,1509.2,1509.36,1509.2,1509.36,0.01,12.29,18454.15,1
2025-12-11,2025-12-11 14:01:00,1509.36,1509.53,1509.36,1509.53,0.01,12.29,18454.15,1
2025-12-11,2025-12-11 14:02:00,1509.53,1509.69,1509.53,1509.69,0.01,12.29,18454.15,1
2025-12-11,2025-12-11 14:03:00,1509.69,1509.85,1509.69,1509.85,0.01,12.29,18454.15,1
2025-12-11,2025-12-11 14:04:00,1509.85,1510.02,1509.85,1510.02,0.01,12.29,18454.15,1
2025-12-11,2025-12-11 14:05:00,1510.02,1510.18,1510.02,1510.18,0.01,12.29,18454.15,1
2025-12-11,2025-12-11 14:06:00,1510.18,1510.34,1510.18,1510.34,0.01,12.29,18454.15,1
2025-12-11,2025-12-11 14:07:00,1510.34,1510.51,1510.34,1510.51,0.01,12.29,18454.15,1
2025-12-11,2025-12-11 14:08:00,1510.51,1510.67,1510.51,1510.67,0.01,12.29,18454.15,1
2025-12-11,2025-12-11 14:09:00,1510.67,1510.83,1510.67,1510.83,0.01,12.29,18454.15,1
2025-12-11,2025-12-11 14:10:00,1510.83,1511.0,1510.83,1511.0,0.01,12.29,18454.15,1
2025-12-11,2025-12-11 14:11:00,1511.0,1511.16,1511.0,1511.16,0.01,12.29,18454.15,1
2025-12-11,2025-12-11 14:12:00,1511.16,1511.32,1511.16,1511.32,0.01,12.29,18454.15,1
2025-12-11,2025-12-11 14:13:00,1511.32,1511.49,1511.32,1511.49,0.01,12.29,18454.15,1
2025-12-11,2025-12-11 14:14:00,1511.49,1511.65,1511.49,1511.65,0.01,12.29,18454.15,1
2025-12-11,2025-12-11 14:15:00,1511.65,1511.81,1511.65,1511.81,0.01,12.29,18454.15,1
2025-12-11,2025-12-11 14:16:00,1511.81,1511.98,1511.81,1511.98,0.01,12.29,18454.15,1
2025-12-11,2025-12-11 14:17:00,1511.98,1512.14,1511.98,1512.14,0.01,12.29,18454.15,1
2025-12-11,2025-12-11 14:18:00,1512.14,1512.3,1512.14,1512.3,0.01,12.29,18454.15,1
2025-12-11,2025-12-11 14:19:00,1512.3,1512.47,1512.3,1512.47,0.01,12.29,18454.15,1
2025-12-11,2025-12-11 14:20:00,1512.47,1512.63,1512.47,1512.63,0.01,12.29,18454.15,1
2025-12-11,2025-12-11 14:21:00,1512.63,1512.79,1512.63,1512.79,0.01,12.29,18454.15,1
2025-12-11,2025-12-11 14:22:00,1512.79,1512.96,1512.79,1512.96,0.01,12.29,18454.15,1
2025-12-11,2025-12-11 14:23:00,1512.96,1513.12,1512.96,1513.12,0.01,12.29,18454.15,1
2025-12-11,2025-12-11 14:24:00,1513.12,1513.28,1513.12,1513.28,0.01,12.29,18454.15,1
2025-12-11,2025-12-11 14:25:00,1513.28,1513.45,1513.28,1513.45,0.01,12.29,18454.15,1
2025-12-11,2025-12-11 14:26:00,1513.45,1513.61,1513.45,1513.61,0.01,12.29,18454.15,1
2025-12-11,2025-12-11 14:27:00,1513.61,1513.77,1513.61,1513.77,0.01,12.29,18454.15,1
2025-12-11,2025-12-11 14:28:00,1513.77,1513.94,1513.77,1513.94,0.01,12.29,18454.15,1
2025-12-11,2025-12-11 14:29:00,1513.94,1514.1,1513.94,1514.1,0.01,12.29,18454.15,1
2025-12-11,2025-12-11 14:30:00,1514.1,1514.26,1514.1,1514.26,0.01,12.29,18454.15,1
2025-12-11,2025-12-11 14:31:00,1514.26,1514.43,1514.26,1514.43,0.01,12.29,18454.15,1
2025-12-11,2025-12-11 14:32:00,1514.43,1514.59,1514.43,1514.59,0.01,12.29,18454.15,1
2025-12-11,2025-12-11 14:33:00,1514.59,1514.75,1514.59,1514.75,0.01,12.29,18454.15,1
2025-12-11,2025-12-11 14:34:00,1514.75,1514.92,1514.75,1514.92,0.01,12.29,18454.15,1
2025-12-11,2025-12-11 14:35:00,1514.92,1515.08,1514.92,1515.08,0.01,12.29,18454.15,1
2025-12-11,2025-12-11 14:36:00,1515.08,1515.24,1515.08,1515.24,0.01,12.29,18454.15,1
2025-12-11,2025-12-11 14:37:00,1515.24,1515.41,1515.24,1515.41,0.01,12.29,18454.15,1
2025-12-11,2025-12-11 14:38:00,1515.41,1515.57,1515.41,1515.57,0.01,12.29,18454.15,1
2025-12-11,2025-12-11 14:39:00,1515.57,1515.73,1515.57,1515.73,0.01,12.29,18454.15,1
2025-12-11,2025-12-11 14:40:00,1515.73,1515.9,1515.73,1515.9,0.01,12.29,18454.15,1
2025-12-11,2025-12-11 14:41:00,1515.9,1516.06,1515.9,1516.06,0.01,12.29,18454.15,1
2025-12-11,2025-12-11 14:42:00,1516.06,1516.22,1516.06,1516.22,0.01,12.29,18454.15,1
2025-12-11,2025-12-11 14:43:00,1516.22,1516.39,1516.22,1516.39,0.01,12.29,18454.15,1
2025-12-11,2025-12-11 14:44:00,1516.39,1516.55,1516.39,1516.55,0.01,12.29,18454.15,1
2025-12-11,2025-12-11 14:45:00,1516.55,1516.71,1516.55,1516.71,0.01,12.29,18454.15,1
2025-12-11,2025-12-11 14:46:00,1516.71,1516.88,1516.71,1516.88,0.01,12.29,18454.15,1
2025-12-11,2025-12-11 14:47:00,1516.88,1517.04,1516.88,1517.04,0.01,12.29,18454.15,1
2025-12-11,2025-12-11 14:48:00,1517.04,1517.2,1517.04,1517.2,0.01,12.29,18454.15,1
2025-12-11,2025-12-11 14:49:00,1517.2,1517.37,1517.2,1517.37,0.01,12.29,18454.15,1
2025-12-11,2025-12-11 14:50:00,1517.37,1517.53,1517.37,1517.53,0.01,12.29,18454.15,1
2025-12-11,2025-12-11 14:51:00,1517.53,1517.69,1517.53,1517.69,0.01,12.29,18454.15,1
2025-12-11,2025-12-11 14:52:00,1517.69,1517.86,1517.69,1517.86,0.01,12.29,18454.15,1
2025-12-11,2025-12-11 14:53:00,1517.86,1518.02,1517.86,1518.02,0.01,12.29,18454.15,1
2025-12-11,2025-12-11 14:54:00,1518.02,1518.18,1518.02,1518.18,0.01,12.29,18454.15,1
2025-12-11,2025-12-11 14:55:00,1518.18,1518.35,1518.18,1518.35,0.01,12.29,18454.15,1
2025-12-11,2025-12-11 14:56:00,1518.35,1518.51,1518.35,1518.51,0.01,12.29,18454.15,1
2025-12-11,2025-12-11 14:57:00,1518.51,1518.67,1518.51,1518.67,0.01,12.29,18454.15,1
2025-12-11,2025-12-11 14:58:00,1518.67,1518.84,1518.67,1518.84,0.01,12.29,18454.15,1
2025-12-11,2025-12-11 14:59:00,1518.84,1519.0,1518.84,1519.0,0.01,12.29,18454.15,1
2025-12-11,2025-12-11 15:00:00,1519.0,1539.0,1479.8,1519.0,0.0,12.29,18454.15,0
2025-12-14,2025-12-14 11:00:00,1519.0,1520.5,1501.9,1518.84,-0.01,15.49,23002.24,-1
2025-12-14,2025-12-14 11:01:00,1518.84,1518.84,1518.67,1518.67,-0.01,15.49,23002.24,-1
2025-12-14,2025-12-14 11:02:00,1518.67,1518.67,1518.51,1518.51,-0.01,15.49,23002.24,-1
2025-12-14,2025-12-14 11:03:00,1518.51,1518.51,1518.35,1518.35,-0.01,15.49,23002.24,-1
2025-12-14,2025-12-14 11:04:00,1518.35,1518.35,1518.19,1518.19,-0.01,15.49,23002.24,-1
2025-12-14,2025-12-14 11:05:00,1518.19,1518.19,1518.02,1518.02,-0.01,15.49,23002.24,-1
2025-12-14,2025-12-14 11:06:00,1518.02,1518.02,1517.86,1517.86,-0.01,15.49,23002.24,-1
2025-12-14,2025-12-14 11:07:00,1517.86,1517.86,1517.7,1517.7,-0.01,15.49,23002.24,-1
2025-12-14,2025-12-14 11:08:00,1517.7,1517.7,1517.53,1517.53,-0.01,15.49,23002.24,-1
2025-12-14,2025-12-14 11:09:00,1517.53,1517.53,1517.37,1517.37,-0.01,15.49,23002.24,-1
2025-12-14,2025-12-14 11:10:00,1517.37,1517.37,1517.21,1517.21,-0.01,15.49,23002.24,-1
2025-12-14,2025-12-14 11:11:00,1517.21,1517.21,1517.05,1517.05,-0.01,15.49,23002.24,-1
2025-12-14,2025-12-14 11:12:00,1517.05,1517.05,1516.88,1516.88,-0.01,15.49,23002.24,-1
2025-12-14,2025-12-14 11:13:00,1516.88,1516.88,1516.72,1516.72,-0.01,15.49,23002.24,-1
2025-12-14,2025-12-14 11:14:00,1516.72,1516.72,1516.56,1516.56,-0.01,15.49,23002.24,-1
2025-12-14,2025-12-14 11:15:00,1516.56,1516.56,1516.39,1516.39,-0.01,15.49,23002.24,-1
2025-12-14,2025-12-14 11:16:00,1516.39,1516.39,1516.23,1516.23,-0.01,15.49,23002.24,-1
2025-12-14,2025-12-14 11:17:00,1516.23,1516.23,1516.07,1516.07,-0.01,15.49,23002.24,-1
2025-12-14,2025-12-14 11:18:00,1516.07,1516.07,1515.9,1515.9,-0.01,15.49,23002.24,-1
2025-12-14,2025-12-14 11:19:00,1515.9,1515.9,1515.74,1515.74,-0.01,15.49,23002.24,-1
2025-12-14,2025-12-14 11:20:00,1515.74,1515.74,1515.58,1515.58,-0.01,15.49,23002.24,-1
2025-12-14,2025-12-14 11:21:00,1515.58,1515.58,1515.42,1515.42,-0.01,15.49,23002.24,-1
2025-12-14,2025-12-14 11:22:00,1515.42,1515.42,1515.25,1515.25,-0.01,15.49,23002.24,-1
2025-12-14,2025-12-14 11:23:00,1515.25,1515.25,1515.09,1515.09,-0.01,15.49,23002.24,-1
2025-12-14,2025-12-14 11:24:00,1515.09,1515.09,1514.93,1514.93,-0.01,15.49,23002.24,-1
2025-12-14,2025-12-14 11:25:00,1514.93,1514.93,1514.76,1514.76,-0.01,15.49,23002.24,-1
2025-12-14,2025-12-14 11:26:00,1514.76,1514.76,1514.6,1514.6,-0.01,15.49,23002.24,-1
2025-12-14,2025-12-14 11:27:00,1514.6,1514.6,1514.44,1514.44,-0.01,15.49,23002.24,-1
2025-12-14,2025-12-14 11:28:00,1514.44,1514.44,1514.28,1514.28,-0.01,15.49,23002.24,-1
2025-12-14,2025-12-14 11:29:00,1514.28,1514.28,1514.11,1514.11,-0.01,15.49,23002.24,-1
2025-12-14,2025-12-14 11:30:00,1514.11,1514.11,1513.95,1513.95,-0.01,15.49,23002.24,-1
2025-12-14,2025-12-14 11:31:00,1513.95,1513.95,1513.79,1513.79,-0.01,15.49,23002.24,-1
2025-12-14,2025-12-14 11:32:00,1513.79,1513.79,1513.62,1513.62,-0.01,15.49,23002.24,-1
2025-12-14,2025-12-14 11:33:00,1513.62,1513.62,1513.46,1513.46,-0.01,15.49,23002.24,-1
2025-12-14,2025-12-14 11:34:00,1513.46,1513.46,1513.3,1513.3,-0.01,15.49,23002.24,-1
2025-12-14,2025-12-14 11:35:00,1513.3,1513.3,1513.13,1513.13,-0.01,15.49,23002.24,-1
2025-12-14,2025-12-14 11:36:00,1513.13,1513.13,1512.97,1512.97,-0.01,15.49,23002.24,-1
2025-12-14,2025-12-14 11:37:00,1512.97,1512.97,1512.81,1512.81,-0.01,15.49,23002.24,-1
2025-12-14,2025-12-14 11:38:00,1512.81,1512.81,1512.65,1512.65,-0.01,15.49,23002.24,-1
2025-12-14,2025-12-14 11:39:00,1512.65,1512.65,1512.48,1512.48,-0.01,15.49,23002.24,-1
2025-12-14,2025-12-14 11:40:00,1512.48,1512.48,1512.32,1512.32,-0.01,15.49,23002.24,-1
2025-12-14,2025-12-14 11:41:00,1512.32,1512.32,1512.16,1512.16,-0.01,15.49,23002.24,-1
2025-12-14,2025-12-14 11:42:00,1512.16,1512.16,1511.99,1511.99,-0.01,15.49,23002.24,-1
2025-12-14,2025-12-14 11:43:00,1511.99,1511.99,1511.83,1511.83,-0.01,15.49,23002.24,-1
2025-12-14,2025-12-14 11:44:00,1511.83,1511.83,1511.67,1511.67,-0.01,15.49,23002.24,-1
2025-12-14,2025-12-14 11:45:00,1511.67,1511.67,1511.51,1511.51,-0.01,15.49,23002.24,-1
2025-12-14,2025-12-14 11:46:00,1511.51,1511.51,1511.34,1511.34,-0.01,15.49,23002.24,-1
2025-12-14,2025-12-14 11:47:00,1511.34,1511.34,1511.18,1511.18,-0.01,15.49,23002.24,-1
2025-12-14,2025-12-14 11:48:00,1511.18,1511.18,1511.02,1511.02,-0.01,15.49,23002.24,-1
2025-12-14,2025-12-14 11:49:00,1511.02,1511.02,1510.85,1510.85,-0.01,15.49,23002.24,-1
2025-12-14,2025-12-14 11:50:00,1510.85,1510.85,1510.69,1510.69,-0.01,15.49,23002.24,-1
2025-12-14,2025-12-14 11:51:00,1510.69,1510.69,1510.53,1510.53,-0.01,15.49,23002.24,-1
2025-12-14,2025-12-14 11:52:00,1510.53,1510.53,1510.37,1510.37,-0.01,15.49,23002.24,-1
2025-12-14,2025-12-14 11:53:00,1510.37,1510.37,1510.2,1510.2,-0.01,15.49,23002.24,-1
2025-12-14,2025-12-14 11:54:00,1510.2,1510.2,1510.04,1510.04,-0.01,15.49,23002.24,-1
2025-12-14,2025-12-14 11:55:00,1510.04,1510.04,1509.88,1509.88,-0.01,15.49,23002.24,-1
2025-12-14,2025-12-14 11:56:00,1509.88,1509.88,1509.71,1509.71,-0.01,15.49,23002.24,-1
2025-12-14,2025-12-14 11:57:00,1509.71,1509.71,1509.55,1509.55,-0.01,15.49,23002.24,-1
2025-12-14,2025-12-14 11:58:00,1509.55,1509.55,1509.39,1509.39,-0.01,15.49,23002.24,-1
2025-12-14,2025-12-14 11:59:00,1509.39,1509.39,1509.22,1509.22,-0.01,15.49,23002.24,-1
2025-12-14,2025-12-14 12:00:00,1509.22,1509.22,1509.06,1509.06,-0.01,15.49,23002.24,-1
2025-12-14,2025-12-14 12:01:00,1509.06,1509.06,1508.9,1508.9,-0.01,15.49,23002.24,-1
2025-12-14,2025-12-14 12:02:00,1508.9,1508.9,1508.74,1508.74,-0.01,15.49,23002.24,-1
2025-12-14,2025-12-14 12:03:00,1508.74,1508.74,1508.57,1508.57,-0.01,15.49,23002.24,-1
2025-12-14,2025-12-14 12:04:00,1508.57,1508.57,1508.41,1508.41,-0.01,15.49,23002.24,-1
2025-12-14,2025-12-14 12:05:00,1508.41,1508.41,1508.25,1508.25,-0.01,15.49,23002.24,-1
2025-12-14,2025-12-14 12:06:00,1508.25,1508.25,1508.08,1508.08,-0.01,15.49,23002.24,-1
2025-12-14,2025-12-14 12:07:00,1508.08,1508.08,1507.92,1507.92,-0.01,15.49,23002.24,-1
2025-12-14,2025-12-14 12:08:00,1507.92,1507.92,1507.76,1507.76,-0.01,15.49,23002.24,-1
2025-12-14,2025-12-14 12:09:00,1507.76,1507.76,1507.6,1507.6,-0.01,15.49,23002.24,-1
2025-12-14,2025-12-14 12:10:00,1507.6,1507.6,1507.43,1507.43,-0.01,15.49,23002.24,-1
2025-12-14,2025-12-14 12:11:00,1507.43,1507.43,1507.27,1507.27,-0.01,15.49,23002.24,-1
2025-12-14,2025-12-14 12:12:00,1507.27,1507.27,1507.11,1507.11,-0.01,15.49,23002.24,-1
2025-12-14,2025-12-14 12:13:00,1507.11,1507.11,1506.94,1506.94,-0.01,15.49,23002.24,-1
2025-12-14,2025-12-14 12:14:00,1506.94,1506.94,1506.78,1506.78,-0.01,15.49,23002.24,-1
2025-12-14,2025-12-14 12:15:00,1506.78,1506.78,1506.62,1506.62,-0.01,15.49,23002.24,-1
2025-12-14,2025-12-14 12:16:00,1506.62,1506.62,1506.46,1506.46,-0.01,15.49,23002.24,-1
2025-12-14,2025-12-14 12:17:00,1506.46,1506.46,1506.29,1506.29,-0.01,15.49,23002.24,-1
2025-12-14,2025-12-14 12:18:00,1506.29,1506.29,1506.13,1506.13,-0.01,15.49,23002.24,-1
2025-12-14,2025-12-14 12:19:00,1506.13,1506.13,1505.97,1505.97,-0.01,15.49,23002.24,-1
2025-12-14,2025-12-14 12:20:00,1505.97,1505.97,1505.8,1505.8,-0.01,15.49,23002.24,-1
2025-12-14,2025-12-14 12:21:00,1505.8,1505.8,1505.64,1505.64,-0.01,15.49,23002.24,-1
2025-12-14,2025-12-14 12:22:00,1505.64,1505.64,1505.48,1505.48,-0.01,15.49,23002.24,-1
2025-12-14,2025-12-14 12:23:00,1505.48,1505.48,1505.32,1505.32,-0.01,15.49,23002.24,-1
2025-12-14,2025-12-14 12:24:00,1505.32,1505.32,1505.15,1505.15,-0.01,15.49,23002.24,-1
2025-12-14,2025-12-14 12:25:00,1505.15,1505.15,1504.99,1504.99,-0.01,15.49,23002.24,-1
2025-12-14,2025-12-14 12:26:00,1504.99,1504.99,1504.83,1504.83,-0.01,15.49,23002.24,-1
2025-12-14,2025-12-14 12:27:00,1504.83,1504.83,1504.66,1504.66,-0.01,15.49,23002.24,-1
2025-12-14,2025-12-14 12:28:00,1504.66,1504.66,1504.5,1504.5,-0.01,15.49,23002.24,-1
2025-12-14,2025-12-14 12:29:00,1504.5,1504.5,1504.34,1504.34,-0.01,15.49,23002.24,-1
2025-12-14,2025-12-14 12:30:00,1504.34,1504.34,1504.17,1504.17,-0.01,15.49,23002.24,-1
2025-12-14,2025-12-14 12:31:00,1504.17,1504.17,1504.01,1504.01,-0.01,15.49,23002.24,-1
2025-12-14,2025-12-14 12:32:00,1504.01,1504.01,1503.85,1503.85,-0.01,15.49,23002.24,-1
2025-12-14,2025-12-14 12:33:00,1503.85,1503.85,1503.69,1503.69,-0.01,15.49,23002.24,-1
2025-12-14,2025-12-14 12:34:00,1503.69,1503.69,1503.52,1503.52,-0.01,15.49,23002.24,-1
2025-12-14,2025-12-14 12:35:00,1503.52,1503.52,1503.36,1503.36,-0.01,15.49,23002.24,-1
2025-12-14,2025-12-14 12:36:00,1503.36,1503.36,1503.2,1503.2,-0.01,15.49,23002.24,-1
2025-12-14,2025-12-14 12:37:00,1503.2,1503.2,1503.03,1503.03,-0.01,15.49,23002.24,-1
2025-12-14,2025-12-14 12:38:00,1503.03,1503.03,1502.87,1502.87,-0.01,15.49,23002.24,-1
2025-12-14,2025-12-14 12:39:00,1502.87,1502.87,1502.71,1502.71,-0.01,15.49,23002.24,-1
2025-12-14,2025-12-14 12:40:00,1502.71,1502.71,1502.55,1502.55,-0.01,15.49,23002.24,-1
2025-12-14,2025-12-14 12:41:00,1502.55,1502.55,1502.38,1502.38,-0.01,15.49,23002.24,-1
2025-12-14,2025-12-14 12:42:00,1502.38,1502.38,1502.22,1502.22,-0.01,15.49,23002.24,-1
2025-12-14,2025-12-14 12:43:00,1502.22,1502.22,1502.06,1502.06,-0.01,15.49,23002.24,-1
2025-12-14,2025-12-14 12:44:00,1502.06,1502.06,1501.89,1501.89,-0.01,15.49,23002.24,-1
2025-12-14,2025-12-14 12:45:00,1501.89,1501.89,1501.73,1501.73,-0.01,15.49,23002.24,-1
2025-12-14,2025-12-14 12:46:00,1501.73,1501.73,1501.57,1501.57,-0.01,15.49,23002.24,-1
2025-12-14,2025-12-14 12:47:00,1501.57,1501.57,1501.4,1501.4,-0.01,15.49,23002.24,-1
2025-12-14,2025-12-14 12:48:00,1501.4,1501.4,1501.24,1501.24,-0.01,15.49,23002.24,-1
2025-12-14,2025-12-14 12:49:00,1501.24,1501.24,1501.08,1501.08,-0.01,15.49,23002.24,-1
2025-12-14,2025-12-14 12:50:00,1501.08,1501.08,1500.92,1500.92,-0.01,15.49,23002.24,-1
2025-12-14,2025-12-14 12:51:00,1500.92,1500.92,1500.75,1500.75,-0.01,15.49,23002.24,-1
2025-12-14,2025-12-14 12:52:00,1500.75,1500.75,1500.59,1500.59,-0.01,15.49,23002.24,-1
2025-12-14,2025-12-14 12:53:00,1500.59,1500.59,1500.43,1500.43,-0.01,15.49,23002.24,-1
2025-12-14,2025-12-14 12:54:00,1500.43,1500.43,1500.26,1500.26,-0.01,15.49,23002.24,-1
2025-12-14,2025-12-14 12:55:00,1500.26,1500.26,1500.1,1500.1,-0.01,15.49,23002.24,-1
2025-12-14,2025-12-14 12:56:00,1500.1,1500.1,1499.94,1499.94,-0.01,15.49,23002.24,-1
2025-12-14,2025-12-14 12:57:00,1499.94,1499.94,1499.78,1499.78,-0.01,15.49,23002.24,-1
2025-12-14,2025-12-14 12:58:00,1499.78,1499.78,1499.61,1499.61,-0.01,15.49,23002.24,-1
2025-12-14,2025-12-14 12:59:00,1499.61,1499.61,1499.45,1499.45,-0.01,15.49,23002.24,-1
2025-12-14,2025-12-14 13:00:00,1499.45,1524.0,1462.0,1499.29,-0.01,15.49,23002.24,-1
2025-12-14,2025-12-14 13:01:00,1499.29,1499.29,1499.12,1499.12,-0.01,15.49,23002.24,-1
2025-12-14,2025-12-14 13:02:00,1499.12,1499.12,1498.96,1498.96,-0.01,15.49,23002.24,-1
2025-12-14,2025-12-14 13:03:00,1498.96,1498.96,1498.8,1498.8,-0.01,15.49,23002.24,-1
2025-12-14,2025-12-14 13:04:00,1498.8,1498.8,1498.64,1498.64,-0.01,15.49,23002.24,-1
2025-12-14,2025-12-14 13:05:00,1498.64,1498.64,1498.47,1498.47,-0.01,15.49,23002.24,-1
2025-12-14,2025-12-14 13:06:00,1498.47,1498.47,1498.31,1498.31,-0.01,15.49,23002.24,-1
2025-12-14,2025-12-14 13:07:00,1498.31,1498.31,1498.15,1498.15,-0.01,15.49,23002.24,-1
2025-12-14,2025-12-14 13:08:00,1498.15,1498.15,1497.98,1497.98,-0.01,15.49,23002.24,-1
2025-12-14,2025-12-14 13:09:00,1497.98,1497.98,1497.82,1497.82,-0.01,15.49,23002.24,-1
2025-12-14,2025-12-14 13:10:00,1497.82,1497.82,1497.66,1497.66,-0.01,15.49,23002.24,-1
2025-12-14,2025-12-14 13:11:00,1497.66,1497.66,1497.5,1497.5,-0.01,15.49,23002.24,-1
2025-12-14,2025-12-14 13:12:00,1497.5,1497.5,1497.33,1497.33,-0.01,15.49,23002.24,-1
2025-12-14,2025-12-14 13:13:00,1497.33,1497.33,1497.17,1497.17,-0.01,15.49,23002.24,-1
2025-12-14,2025-12-14 13:14:00,1497.17,1497.17,1497.01,1497.01,-0.01,15.49,23002.24,-1
2025-12-14,2025-12-14 13:15:00,1497.01,1497.01,1496.84,1496.84,-0.01,15.49,23002.24,-1
2025-12-14,2025-12-14 13:16:00,1496.84,1496.84,1496.68,1496.68,-0.01,15.49,23002.24,-1
2025-12-14,2025-12-14 13:17:00,1496.68,1496.68,1496.52,1496.52,-0.01,15.49,23002.24,-1
2025-12-14,2025-12-14 13:18:00,1496.52,1496.52,1496.35,1496.35,-0.01,15.49,23002.24,-1
2025-12-14,2025-12-14 13:19:00,1496.35,1496.35,1496.19,1496.19,-0.01,15.49,23002.24,-1
2025-12-14,2025-12-14 13:20:00,1496.19,1496.19,1496.03,1496.03,-0.01,15.49,23002.24,-1
2025-12-14,2025-12-14 13:21:00,1496.03,1496.03,1495.87,1495.87,-0.01,15.49,23002.24,-1
2025-12-14,2025-12-14 13:22:00,1495.87,1495.87,1495.7,1495.7,-0.01,15.49,23002.24,-1
2025-12-14,2025-12-14 13:23:00,1495.7,1495.7,1495.54,1495.54,-0.01,15.49,23002.24,-1
2025-12-14,2025-12-14 13:24:00,1495.54,1495.54,1495.38,1495.38,-0.01,15.49,23002.24,-1
2025-12-14,2025-12-14 13:25:00,1495.38,1495.38,1495.21,1495.21,-0.01,15.49,23002.24,-1
2025-12-14,2025-12-14 13:26:00,1495.21,1495.21,1495.05,1495.05,-0.01,15.49,23002.24,-1
2025-12-14,2025-12-14 13:27:00,1495.05,1495.05,1494.89,1494.89,-0.01,15.49,23002.24,-1
2025-12-14,2025-12-14 13:28:00,1494.89,1494.89,1494.73,1494.73,-0.01,15.49,23002.24,-1
2025-12-14,2025-12-14 13:29:00,1494.73,1494.73,1494.56,1494.56,-0.01,15.49,23002.24,-1
2025-12-14,2025-12-14 13:30:00,1494.56,1494.56,1494.4,1494.4,-0.01,15.49,23002.24,-1
2025-12-14,2025-12-14 13:31:00,1494.4,1494.4,1494.24,1494.24,-0.01,15.49,23002.24,-1
2025-12-14,2025-12-14 13:32:00,1494.24,1494.24,1494.07,1494.07,-0.01,15.49,23002.24,-1
2025-12-14,2025-12-14 13:33:00,1494.07,1494.07,1493.91,1493.91,-0.01,15.49,23002.24,-1
2025-12-14,2025-12-14 13:34:00,1493.91,1493.91,1493.75,1493.75,-0.01,15.49,23002.24,-1
2025-12-14,2025-12-14 13:35:00,1493.75,1493.75,1493.59,1493.59,-0.01,15.49,23002.24,-1
2025-12-14,2025-12-14 13:36:00,1493.59,1493.59,1493.42,1493.42,-0.01,15.49,23002.24,-1
2025-12-14,2025-12-14 13:37:00,1493.42,1493.42,1493.26,1493.26,-0.01,15.49,23002.24,-1
2025-12-14,2025-12-14 13:38:00,1493.26,1493.26,1493.1,1493.1,-0.01,15.49,23002.24,-1
2025-12-14,2025-12-14 13:39:00,1493.1,1493.1,1492.93,1492.93,-0.01,15.49,23002.24,-1
2025-12-14,2025-12-14 13:40:00,1492.93,1492.93,1492.77,1492.77,-0.01,15.49,23002.24,-1
2025-12-14,2025-12-14 13:41:00,1492.77,1492.77,1492.61,1492.61,-0.01,15.49,23002.24,-1
2025-12-14,2025-12-14 13:42:00,1492.61,1492.61,1492.44,1492.44,-0.01,15.49,23002.24,-1
2025-12-14,2025-12-14 13:43:00,1492.44,1492.44,1492.28,1492.28,-0.01,15.49,23002.24,-1
2025-12-14,2025-12-14 13:44:00,1492.28,1492.28,1492.12,1492.12,-0.01,15.49,23002.24,-1
2025-12-14,2025-12-14 13:45:00,1492.12,1492.12,1491.96,1491.96,-0.01,15.49,23002.24,-1
2025-12-14,2025-12-14 13:46:00,1491.96,1491.96,1491.79,1491.79,-0.01,15.49,23002.24,-1
2025-12-14,2025-12-14 13:47:00,1491.79,1491.79,1491.63,1491.63,-0.01,15.49,23002.24,-1
2025-12-14,2025-12-14 13:48:00,1491.63,1491.63,1491.47,1491.47,-0.01,15.49,23002.24,-1
2025-12-14,2025-12-14 13:49:00,1491.47,1491.47,1491.3,1491.3,-0.01,15.49,23002.24,-1
2025-12-14,2025-12-14 13:50:00,1491.3,1491.3,1491.14,1491.14,-0.01,15.49,23002.24,-1
2025-12-14,2025-12-14 13:51:00,1491.14,1491.14,1490.98,1490.98,-0.01,15.49,23002.24,-1
2025-12-14,2025-12-14 13:52:00,1490.98,1490.98,1490.82,1490.82,-0.01,15.49,23002.24,-1
2025-12-14,2025-12-14 13:53:00,1490.82,1490.82,1490.65,1490.65,-0.01,15.49,23002.24,-1
2025-12-14,2025-12-14 13:54:00,1490.65,1490.65,1490.49,1490.49,-0.01,15.49,23002.24,-1
2025-12-14,2025-12-14 13:55:00,1490.49,1490.49,1490.33,1490.33,-0.01,15.49,23002.24,-1
2025-12-14,2025-12-14 13:56:00,1490.33,1490.33,1490.16,1490.16,-0.01,15.49,23002.24,-1
2025-12-14,2025-12-14 13:57:00,1490.16,1490.16,1490.0,1490.0,-0.01,15.49,23002.24,-1
2025-12-14,2025-12-14 13:58:00,1490.0,1490.0,1489.84,1489.84,-0.01,15.49,23002.24,-1
2025-12-14,2025-12-14 13:59:00,1489.84,1489.84,1489.68,1489.68,-0.01,15.49,23002.24,-1
2025-12-14,2025-12-14 14:00:00,1489.68,1489.68,1489.51,1489.51,-0.01,15.49,23002.24,-1
2025-12-14,2025-12-14 14:01:00,1489.51,1489.51,1489.35,1489.35,-0.01,15.49,23002.24,-1
2025-12-14,2025-12-14 14:02:00,1489.35,1489.35,1489.19,1489.19,-0.01,15.49,23002.24,-1
2025-12-14,2025-12-14 14:03:00,1489.19,1489.19,1489.02,1489.02,-0.01,15.49,23002.24,-1
2025-12-14,2025-12-14 14:04:00,1489.02,1489.02,1488.86,1488.86,-0.01,15.49,23002.24,-1
2025-12-14,2025-12-14 14:05:00,1488.86,1488.86,1488.7,1488.7,-0.01,15.49,23002.24,-1
2025-12-14,2025-12-14 14:06:00,1488.7,1488.7,1488.53,1488.53,-0.01,15.49,23002.24,-1
2025-12-14,2025-12-14 14:07:00,1488.53,1488.53,1488.37,1488.37,-0.01,15.49,23002.24,-1
2025-12-14,2025-12-14 14:08:00,1488.37,1488.37,1488.21,1488.21,-0.01,15.49,23002.24,-1
2025-12-14,2025-12-14 14:09:00,1488.21,1488.21,1488.05,1488.05,-0.01,15.49,23002.24,-1
2025-12-14,2025-12-14 14:10:00,1488.05,1488.05,1487.88,1487.88,-0.01,15.49,23002.24,-1
2025-12-14,2025-12-14 14:11:00,1487.88,1487.88,1487.72,1487.72,-0.01,15.49,23002.24,-1
2025-12-14,2025-12-14 14:12:00,1487.72,1487.72,1487.56,1487.56,-0.01,15.49,23002.24,-1
2025-12-14,2025-12-14 14:13:00,1487.56,1487.56,1487.39,1487.39,-0.01,15.49,23002.24,-1
2025-12-14,2025-12-14 14:14:00,1487.39,1487.39,1487.23,1487.23,-0.01,15.49,23002.24,-1
2025-12-14,2025-12-14 14:15:00,1487.23,1487.23,1487.07,1487.07,-0.01,15.49,23002.24,-1
2025-12-14,2025-12-14 14:16:00,1487.07,1487.07,1486.91,1486.91,-0.01,15.49,23002.24,-1
2025-12-14,2025-12-14 14:17:00,1486.91,1486.91,1486.74,1486.74,-0.01,15.49,23002.24,-1
2025-12-14,2025-12-14 14:18:00,1486.74,1486.74,1486.58,1486.58,-0.01,15.49,23002.24,-1
2025-12-14,2025-12-14 14:19:00,1486.58,1486.58,1486.42,1486.42,-0.01,15.49,23002.24,-1
2025-12-14,2025-12-14 14:20:00,1486.42,1486.42,1486.25,1486.25,-0.01,15.49,23002.24,-1
2025-12-14,2025-12-14 14:21:00,1486.25,1486.25,1486.09,1486.09,-0.01,15.49,23002.24,-1
2025-12-14,2025-12-14 14:22:00,1486.09,1486.09,1485.93,1485.93,-0.01,15.49,23002.24,-1
2025-12-14,2025-12-14 14:23:00,1485.93,1485.93,1485.77,1485.77,-0.01,15.49,23002.24,-1
2025-12-14,2025-12-14 14:24:00,1485.77,1485.77,1485.6,1485.6,-0.01,15.49,23002.24,-1
2025-12-14,2025-12-14 14:25:00,1485.6,1485.6,1485.44,1485.44,-0.01,15.49,23002.24,-1
2025-12-14,2025-12-14 14:26:00,1485.44,1485.44,1485.28,1485.28,-0.01,15.49,23002.24,-1
2025-12-14,2025-12-14 14:27:00,1485.28,1485.28,1485.11,1485.11,-0.01,15.49,23002.24,-1
2025-12-14,2025-12-14 14:28:00,1485.11,1485.11,1484.95,1484.95,-0.01,15.49,23002.24,-1
2025-12-14,2025-12-14 14:29:00,1484.95,1484.95,1484.79,1484.79,-0.01,15.49,23002.24,-1
2025-12-14,2025-12-14 14:30:00,1484.79,1484.79,1484.62,1484.62,-0.01,15.49,23002.24,-1
2025-12-14,2025-12-14 14:31:00,1484.62,1484.62,1484.46,1484.46,-0.01,15.49,23002.24,-1
2025-12-14,2025-12-14 14:32:00,1484.46,1484.46,1484.3,1484.3,-0.01,15.49,23002.24,-1
2025-12-14,2025-12-14 14:33:00,1484.3,1484.3,1484.14,1484.14,-0.01,15.49,23002.24,-1
2025-12-14,2025-12-14 14:34:00,1484.14,1484.14,1483.97,1483.97,-0.01,15.49,23002.24,-1
2025-12-14,2025-12-14 14:35:00,1483.97,1483.97,1483.81,1483.81,-0.01,15.49,23002.24,-1
2025-12-14,2025-12-14 14:36:00,1483.81,1483.81,1483.65,1483.65,-0.01,15.49,23002.24,-1
2025-12-14,2025-12-14 14:37:00,1483.65,1483.65,1483.48,1483.48,-0.01,15.49,23002.24,-1
2025-12-14,2025-12-14 14:38:00,1483.48,1483.48,1483.32,1483.32,-0.01,15.49,23002.24,-1
2025-12-14,2025-12-14 14:39:00,1483.32,1483.32,1483.16,1483.16,-0.01,15.49,23002.24,-1
2025-12-14,2025-12-14 14:40:00,1483.16,1483.16,1483.0,1483.0,-0.01,15.49,23002.24,-1
2025-12-14,2025-12-14 14:41:00,1483.0,1483.0,1482.83,1482.83,-0.01,15.49,23002.24,-1
2025-12-14,2025-12-14 14:42:00,1482.83,1482.83,1482.67,1482.67,-0.01,15.49,23002.24,-1
2025-12-14,2025-12-14 14:43:00,1482.67,1482.67,1482.51,1482.51,-0.01,15.49,23002.24,-1
2025-12-14,2025-12-14 14:44:00,1482.51,1482.51,1482.34,1482.34,-0.01,15.49,23002.24,-1
2025-12-14,2025-12-14 14:45:00,1482.34,1482.34,1482.18,1482.18,-0.01,15.49,23002.24,-1
2025-12-14,2025-12-14 14:46:00,1482.18,1482.18,1482.02,1482.02,-0.01,15.49,23002.24,-1
2025-12-14,2025-12-14 14:47:00,1482.02,1482.02,1481.86,1481.86,-0.01,15.49,23002.24,-1
2025-12-14,2025-12-14 14:48:00,1481.86,1481.86,1481.69,1481.69,-0.01,15.49,23002.24,-1
2025-12-14,2025-12-14 14:49:00,1481.69,1481.69,1481.53,1481.53,-0.01,15.49,23002.24,-1
2025-12-14,2025-12-14 14:50:00,1481.53,1481.53,1481.37,1481.37,-0.01,15.49,23002.24,-1
2025-12-14,2025-12-14 14:51:00,1481.37,1481.37,1481.2,1481.2,-0.01,15.49,23002.24,-1
2025-12-14,2025-12-14 14:52:00,1481.2,1481.2,1481.04,1481.04,-0.01,15.49,23002.24,-1
2025-12-14,2025-12-14 14:53:00,1481.04,1481.04,1480.88,1480.88,-0.01,15.49,23002.24,-1
2025-12-14,2025-12-14 14:54:00,1480.88,1480.88,1480.71,1480.71,-0.01,15.49,23002.24,-1
2025-12-14,2025-12-14 14:55:00,1480.71,1480.71,1480.55,1480.55,-0.01,15.49,23002.24,-1
2025-12-14,2025-12-14 14:56:00,1480.55,1480.55,1480.39,1480.39,-0.01,15.49,23002.24,-1
2025-12-14,2025-12-14 14:57:00,1480.39,1480.39,1480.23,1480.23,-0.01,15.49,23002.24,-1
2025-12-14,2025-12-14 14:58:00,1480.23,1480.23,1480.06,1480.06,-0.01,15.49,23002.24,-1
2025-12-14,2025-12-14 14:59:00,1480.06,1480.06,1479.9,1479.9,-0.01,15.49,23002.24,-1
2025-12-14,2025-12-14 15:00:00,1479.9,1524.0,1462.0,1479.9,0.0,15.49,23002.24,0
2025-12-15,2025-12-15 11:00:00,1490.0,1493.0,1484.36,1489.92,-0.01,5.72,8470.75,-1
2025-12-15,2025-12-15 11:01:00,1489.92,1489.92,1489.84,1489.84,-0.01,5.72,8470.75,-1
2025-12-15,2025-12-15 11:02:00,1489.84,1489.84,1489.77,1489.77,-0.0,5.72,8470.75,-1
2025-12-15,2025-12-15 11:03:00,1489.77,1489.77,1489.69,1489.69,-0.01,5.72,8470.75,-1
2025-12-15,2025-12-15 11:04:00,1489.69,1489.69,1489.61,1489.61,-0.01,5.72,8470.75,-1
2025-12-15,2025-12-15 11:05:00,1489.61,1489.61,1489.53,1489.53,-0.01,5.72,8470.75,-1
2025-12-15,2025-12-15 11:06:00,1489.53,1489.53,1489.45,1489.45,-0.01,5.72,8470.75,-1
2025-12-15,2025-12-15 11:07:00,1489.45,1489.45,1489.37,1489.37,-0.01,5.72,8470.75,-1
2025-12-15,2025-12-15 11:08:00,1489.37,1489.37,1489.3,1489.3,-0.0,5.72,8470.75,-1
2025-12-15,2025-12-15 11:09:00,1489.3,1489.3,1489.22,1489.22,-0.01,5.72,8470.75,-1
2025-12-15,2025-12-15 11:10:00,1489.22,1489.22,1489.14,1489.14,-0.01,5.72,8470.75,-1
2025-12-15,2025-12-15 11:11:00,1489.14,1489.14,1489.06,1489.06,-0.01,5.72,8470.75,-1
2025-12-15,2025-12-15 11:12:00,1489.06,1489.06,1488.98,1488.98,-0.01,5.72,8470.75,-1
2025-12-15,2025-12-15 11:13:00,1488.98,1488.98,1488.9,1488.9,-0.01,5.72,8470.75,-1
2025-12-15,2025-12-15 11:14:00,1488.9,1488.9,1488.83,1488.83,-0.0,5.72,8470.75,-1
2025-12-15,2025-12-15 11:15:00,1488.83,1488.83,1488.75,1488.75,-0.01,5.72,8470.75,-1
2025-12-15,2025-12-15 11:16:00,1488.75,1488.75,1488.67,1488.67,-0.01,5.72,8470.75,-1
2025-12-15,2025-12-15 11:17:00,1488.67,1488.67,1488.59,1488.59,-0.01,5.72,8470.75,-1
2025-12-15,2025-12-15 11:18:00,1488.59,1488.59,1488.51,1488.51,-0.01,5.72,8470.75,-1
2025-12-15,2025-12-15 11:19:00,1488.51,1488.51,1488.43,1488.43,-0.01,5.72,8470.75,-1
2025-12-15,2025-12-15 11:20:00,1488.43,1488.43,1488.36,1488.36,-0.0,5.72,8470.75,-1
2025-12-15,2025-12-15 11:21:00,1488.36,1488.36,1488.28,1488.28,-0.01,5.72,8470.75,-1
2025-12-15,2025-12-15 11:22:00,1488.28,1488.28,1488.2,1488.2,-0.01,5.72,8470.75,-1
2025-12-15,2025-12-15 11:23:00,1488.2,1488.2,1488.12,1488.12,-0.01,5.72,8470.75,-1
2025-12-15,2025-12-15 11:24:00,1488.12,1488.12,1488.04,1488.04,-0.01,5.72,8470.75,-1
2025-12-15,2025-12-15 11:25:00,1488.04,1488.04,1487.96,1487.96,-0.01,5.72,8470.75,-1
2025-12-15,2025-12-15 11:26:00,1487.96,1487.96,1487.88,1487.88,-0.01,5.72,8470.75,-1
2025-12-15,2025-12-15 11:27:00,1487.88,1487.88,1487.81,1487.81,-0.0,5.72,8470.75,-1
2025-12-15,2025-12-15 11:28:00,1487.81,1487.81,1487.73,1487.73,-0.01,5.72,8470.75,-1
2025-12-15,2025-12-15 11:29:00,1487.73,1487.73,1487.65,1487.65,-0.01,5.72,8470.75,-1
2025-12-15,2025-12-15 11:30:00,1487.65,1487.65,1487.57,1487.57,-0.01,5.72,8470.75,-1
2025-12-15,2025-12-15 11:31:00,1487.57,1487.57,1487.49,1487.49,-0.01,5.72,8470.75,-1
2025-12-15,2025-12-15 11:32:00,1487.49,1487.49,1487.41,1487.41,-0.01,5.72,8470.75,-1
2025-12-15,2025-12-15 11:33:00,1487.41,1487.41,1487.34,1487.34,-0.0,5.72,8470.75,-1
2025-12-15,2025-12-15 11:34:00,1487.34,1487.34,1487.26,1487.26,-0.01,5.72,8470.75,-1
2025-12-15,2025-12-15 11:35:00,1487.26,1487.26,1487.18,1487.18,-0.01,5.72,8470.75,-1
2025-12-15,2025-12-15 11:36:00,1487.18,1487.18,1487.1,1487.1,-0.01,5.72,8470.75,-1
2025-12-15,2025-12-15 11:37:00,1487.1,1487.1,1487.02,1487.02,-0.01,5.72,8470.75,-1
2025-12-15,2025-12-15 11:38:00,1487.02,1487.02,1486.94,1486.94,-0.01,5.72,8470.75,-1
2025-12-15,2025-12-15 11:39:00,1486.94,1486.94,1486.87,1486.87,-0.0,5.72,8470.75,-1
2025-12-15,2025-12-15 11:40:00,1486.87,1486.87,1486.79,1486.79,-0.01,5.72,8470.75,-1
2025-12-15,2025-12-15 11:41:00,1486.79,1486.79,1486.71,1486.71,-0.01,5.72,8470.75,-1
2025-12-15,2025-12-15 11:42:00,1486.71,1486.71,1486.63,1486.63,-0.01,5.72,8470.75,-1
2025-12-15,2025-12-15 11:43:00,1486.63,1486.63,1486.55,1486.55,-0.01,5.72,8470.75,-1
2025-12-15,2025-12-15 11:44:00,1486.55,1486.55,1486.47,1486.47,-0.01,5.72,8470.75,-1
2025-12-15,2025-12-15 11:45:00,1486.47,1486.47,1486.4,1486.4,-0.0,5.72,8470.75,-1
2025-12-15,2025-12-15 11:46:00,1486.4,1486.4,1486.32,1486.32,-0.01,5.72,8470.75,-1
2025-12-15,2025-12-15 11:47:00,1486.32,1486.32,1486.24,1486.24,-0.01,5.72,8470.75,-1
2025-12-15,2025-12-15 11:48:00,1486.24,1486.24,1486.16,1486.16,-0.01,5.72,8470.75,-1
2025-12-15,2025-12-15 11:49:00,1486.16,1486.16,1486.08,1486.08,-0.01,5.72,8470.75,-1
2025-12-15,2025-12-15 11:50:00,1486.08,1486.08,1486.01,1486.01,-0.0,5.72,8470.75,-1
2025-12-15,2025-12-15 11:51:00,1486.01,1486.01,1485.93,1485.93,-0.01,5.72,8470.75,-1
2025-12-15,2025-12-15 11:52:00,1485.93,1485.93,1485.85,1485.85,-0.01,5.72,8470.75,-1
2025-12-15,2025-12-15 11:53:00,1485.85,1485.85,1485.77,1485.77,-0.01,5.72,8470.75,-1
2025-12-15,2025-12-15 11:54:00,1485.77,1485.77,1485.69,1485.69,-0.01,5.72,8470.75,-1
2025-12-15,2025-12-15 11:55:00,1485.69,1485.69,1485.61,1485.61,-0.01,5.72,8470.75,-1
2025-12-15,2025-12-15 11:56:00,1485.61,1485.61,1485.54,1485.54,-0.0,5.72,8470.75,-1
2025-12-15,2025-12-15 11:57:00,1485.54,1485.54,1485.46,1485.46,-0.01,5.72,8470.75,-1
2025-12-15,2025-12-15 11:58:00,1485.46,1485.46,1485.38,1485.38,-0.01,5.72,8470.75,-1
2025-12-15,2025-12-15 11:59:00,1485.38,1485.38,1485.3,1485.3,-0.01,5.72,8470.75,-1
2025-12-15,2025-12-15 12:00:00,1485.3,1485.3,1485.22,1485.22,-0.01,5.72,8470.75,-1
2025-12-15,2025-12-15 12:01:00,1485.22,1485.22,1485.14,1485.14,-0.01,5.72,8470.75,-1
2025-12-15,2025-12-15 12:02:00,1485.14,1485.14,1485.07,1485.07,-0.0,5.72,8470.75,-1
2025-12-15,2025-12-15 12:03:00,1485.07,1485.07,1484.99,1484.99,-0.01,5.72,8470.75,-1
2025-12-15,2025-12-15 12:04:00,1484.99,1484.99,1484.91,1484.91,-0.01,5.72,8470.75,-1
2025-12-15,2025-12-15 12:05:00,1484.91,1484.91,1484.83,1484.83,-0.01,5.72,8470.75,-1
2025-12-15,2025-12-15 12:06:00,1484.83,1484.83,1484.75,1484.75,-0.01,5.72,8470.75,-1
2025-12-15,2025-12-15 12:07:00,1484.75,1484.75,1484.67,1484.67,-0.01,5.72,8470.75,-1
2025-12-15,2025-12-15 12:08:00,1484.67,1484.67,1484.6,1484.6,-0.0,5.72,8470.75,-1
2025-12-15,2025-12-15 12:09:00,1484.6,1484.6,1484.52,1484.52,-0.01,5.72,8470.75,-1
2025-12-15,2025-12-15 12:10:00,1484.52,1484.52,1484.44,1484.44,-0.01,5.72,8470.75,-1
2025-12-15,2025-12-15 12:11:00,1484.44,1484.44,1484.36,1484.36,-0.01,5.72,8470.75,-1
2025-12-15,2025-12-15 12:12:00,1484.36,1484.36,1484.28,1484.28,-0.01,5.72,8470.75,-1
2025-12-15,2025-12-15 12:13:00,1484.28,1484.28,1484.2,1484.2,-0.01,5.72,8470.75,-1
2025-12-15,2025-12-15 12:14:00,1484.2,1484.2,1484.12,1484.12,-0.01,5.72,8470.75,-1
2025-12-15,2025-12-15 12:15:00,1484.12,1484.12,1484.05,1484.05,-0.0,5.72,8470.75,-1
2025-12-15,2025-12-15 12:16:00,1484.05,1484.05,1483.97,1483.97,-0.01,5.72,8470.75,-1
2025-12-15,2025-12-15 12:17:00,1483.97,1483.97,1483.89,1483.89,-0.01,5.72,8470.75,-1
2025-12-15,2025-12-15 12:18:00,1483.89,1483.89,1483.81,1483.81,-0.01,5.72,8470.75,-1
2025-12-15,2025-12-15 12:19:00,1483.81,1483.81,1483.73,1483.73,-0.01,5.72,8470.75,-1
2025-12-15,2025-12-15 12:20:00,1483.73,1483.73,1483.65,1483.65,-0.01,5.72,8470.75,-1
2025-12-15,2025-12-15 12:21:00,1483.65,1483.65,1483.58,1483.58,-0.0,5.72,8470.75,-1
2025-12-15,2025-12-15 12:22:00,1483.58,1483.58,1483.5,1483.5,-0.01,5.72,8470.75,-1
2025-12-15,2025-12-15 12:23:00,1483.5,1483.5,1483.42,1483.42,-0.01,5.72,8470.75,-1
2025-12-15,2025-12-15 12:24:00,1483.42,1483.42,1483.34,1483.34,-0.01,5.72,8470.75,-1
2025-12-15,2025-12-15 12:25:00,1483.34,1483.34,1483.26,1483.26,-0.01,5.72,8470.75,-1
2025-12-15,2025-12-15 12:26:00,1483.26,1483.26,1483.18,1483.18,-0.01,5.72,8470.75,-1
2025-12-15,2025-12-15 12:27:00,1483.18,1483.18,1483.11,1483.11,-0.0,5.72,8470.75,-1
2025-12-15,2025-12-15 12:28:00,1483.11,1483.11,1483.03,1483.03,-0.01,5.72,8470.75,-1
2025-12-15,2025-12-15 12:29:00,1483.03,1483.03,1482.95,1482.95,-0.01,5.72,8470.75,-1
2025-12-15,2025-12-15 12:30:00,1482.95,1482.95,1482.87,1482.87,-0.01,5.72,8470.75,-1
2025-12-15,2025-12-15 12:31:00,1482.87,1482.87,1482.79,1482.79,-0.01,5.72,8470.75,-1
2025-12-15,2025-12-15 12:32:00,1482.79,1482.79,1482.71,1482.71,-0.01,5.72,8470.75,-1
2025-12-15,2025-12-15 12:33:00,1482.71,1482.71,1482.64,1482.64,-0.0,5.72,8470.75,-1
2025-12-15,2025-12-15 12:34:00,1482.64,1482.64,1482.56,1482.56,-0.01,5.72,8470.75,-1
2025-12-15,2025-12-15 12:35:00,1482.56,1482.56,1482.48,1482.48,-0.01,5.72,8470.75,-1
2025-12-15,2025-12-15 12:36:00,1482.48,1482.48,1482.4,1482.4,-0.01,5.72,8470.75,-1
2025-12-15,2025-12-15 12:37:00,1482.4,1482.4,1482.32,1482.32,-0.01,5.72,8470.75,-1
2025-12-15,2025-12-15 12:38:00,1482.32,1482.32,1482.25,1482.25,-0.0,5.72,8470.75,-1
2025-12-15,2025-12-15 12:39:00,1482.25,1482.25,1482.17,1482.17,-0.01,5.72,8470.75,-1
2025-12-15,2025-12-15 12:40:00,1482.17,1482.17,1482.09,1482.09,-0.01,5.72,8470.75,-1
2025-12-15,2025-12-15 12:41:00,1482.09,1482.09,1482.01,1482.01,-0.01,5.72,8470.75,-1
2025-12-15,2025-12-15 12:42:00,1482.01,1482.01,1481.93,1481.93,-0.01,5.72,8470.75,-1
2025-12-15,2025-12-15 12:43:00,1481.93,1481.93,1481.85,1481.85,-0.01,5.72,8470.75,-1
2025-12-15,2025-12-15 12:44:00,1481.85,1481.85,1481.78,1481.78,-0.0,5.72,8470.75,-1
2025-12-15,2025-12-15 12:45:00,1481.78,1481.78,1481.7,1481.7,-0.01,5.72,8470.75,-1
2025-12-15,2025-12-15 12:46:00,1481.7,1481.7,1481.62,1481.62,-0.01,5.72,8470.75,-1
2025-12-15,2025-12-15 12:47:00,1481.62,1481.62,1481.54,1481.54,-0.01,5.72,8470.75,-1
2025-12-15,2025-12-15 12:48:00,1481.54,1481.54,1481.46,1481.46,-0.01,5.72,8470.75,-1
2025-12-15,2025-12-15 12:49:00,1481.46,1481.46,1481.38,1481.38,-0.01,5.72,8470.75,-1
2025-12-15,2025-12-15 12:50:00,1481.38,1481.38,1481.31,1481.31,-0.0,5.72,8470.75,-1
2025-12-15,2025-12-15 12:51:00,1481.31,1481.31,1481.23,1481.23,-0.01,5.72,8470.75,-1
2025-12-15,2025-12-15 12:52:00,1481.23,1481.23,1481.15,1481.15,-0.01,5.72,8470.75,-1
2025-12-15,2025-12-15 12:53:00,1481.15,1481.15,1481.07,1481.07,-0.01,5.72,8470.75,-1
2025-12-15,2025-12-15 12:54:00,1481.07,1481.07,1480.99,1480.99,-0.01,5.72,8470.75,-1
2025-12-15,2025-12-15 12:55:00,1480.99,1480.99,1480.91,1480.91,-0.01,5.72,8470.75,-1
2025-12-15,2025-12-15 12:56:00,1480.91,1480.91,1480.84,1480.84,-0.0,5.72,8470.75,-1
2025-12-15,2025-12-15 12:57:00,1480.84,1480.84,1480.76,1480.76,-0.01,5.72,8470.75,-1
2025-12-15,2025-12-15 12:58:00,1480.76,1480.76,1480.68,1480.68,-0.01,5.72,8470.75,-1
2025-12-15,2025-12-15 12:59:00,1480.68,1480.68,1480.6,1480.6,-0.01,5.72,8470.75,-1
2025-12-15,2025-12-15 13:00:00,1480.6,1500.0,1471.2,1480.52,-0.01,5.72,8470.75,-1
2025-12-15,2025-12-15 13:01:00,1480.52,1480.52,1480.44,1480.44,-0.01,5.72,8470.75,-1
2025-12-15,2025-12-15 13:02:00,1480.44,1480.44,1480.37,1480.37,-0.0,5.72,8470.75,-1
2025-12-15,2025-12-15 13:03:00,1480.37,1480.37,1480.29,1480.29,-0.01,5.72,8470.75,-1
2025-12-15,2025-12-15 13:04:00,1480.29,1480.29,1480.21,1480.21,-0.01,5.72,8470.75,-1
2025-12-15,2025-12-15 13:05:00,1480.21,1480.21,1480.13,1480.13,-0.01,5.72,8470.75,-1
2025-12-15,2025-12-15 13:06:00,1480.13,1480.13,1480.05,1480.05,-0.01,5.72,8470.75,-1
2025-12-15,2025-12-15 13:07:00,1480.05,1480.05,1479.97,1479.97,-0.01,5.72,8470.75,-1
2025-12-15,2025-12-15 13:08:00,1479.97,1479.97,1479.89,1479.89,-0.01,5.72,8470.75,-1
2025-12-15,2025-12-15 13:09:00,1479.89,1479.89,1479.82,1479.82,-0.0,5.72,8470.75,-1
2025-12-15,2025-12-15 13:10:00,1479.82,1479.82,1479.74,1479.74,-0.01,5.72,8470.75,-1
2025-12-15,2025-12-15 13:11:00,1479.74,1479.74,1479.66,1479.66,-0.01,5.72,8470.75,-1
2025-12-15,2025-12-15 13:12:00,1479.66,1479.66,1479.58,1479.58,-0.01,5.72,8470.75,-1
2025-12-15,2025-12-15 13:13:00,1479.58,1479.58,1479.5,1479.5,-0.01,5.72,8470.75,-1
2025-12-15,2025-12-15 13:14:00,1479.5,1479.5,1479.42,1479.42,-0.01,5.72,8470.75,-1
2025-12-15,2025-12-15 13:15:00,1479.42,1479.42,1479.35,1479.35,-0.0,5.72,8470.75,-1
2025-12-15,2025-12-15 13:16:00,1479.35,1479.35,1479.27,1479.27,-0.01,5.72,8470.75,-1
2025-12-15,2025-12-15 13:17:00,1479.27,1479.27,1479.19,1479.19,-0.01,5.72,8470.75,-1
2025-12-15,2025-12-15 13:18:00,1479.19,1479.19,1479.11,1479.11,-0.01,5.72,8470.75,-1
2025-12-15,2025-12-15 13:19:00,1479.11,1479.11,1479.03,1479.03,-0.01,5.72,8470.75,-1
2025-12-15,2025-12-15 13:20:00,1479.03,1479.03,1478.95,1478.95,-0.01,5.72,8470.75,-1
2025-12-15,2025-12-15 13:21:00,1478.95,1478.95,1478.88,1478.88,-0.0,5.72,8470.75,-1
2025-12-15,2025-12-15 13:22:00,1478.88,1478.88,1478.8,1478.8,-0.01,5.72,8470.75,-1
2025-12-15,2025-12-15 13:23:00,1478.8,1478.8,1478.72,1478.72,-0.01,5.72,8470.75,-1
2025-12-15,2025-12-15 13:24:00,1478.72,1478.72,1478.64,1478.64,-0.01,5.72,8470.75,-1
2025-12-15,2025-12-15 13:25:00,1478.64,1478.64,1478.56,1478.56,-0.01,5.72,8470.75,-1
2025-12-15,2025-12-15 13:26:00,1478.56,1478.56,1478.49,1478.49,-0.0,5.72,8470.75,-1
2025-12-15,2025-12-15 13:27:00,1478.49,1478.49,1478.41,1478.41,-0.01,5.72,8470.75,-1
2025-12-15,2025-12-15 13:28:00,1478.41,1478.41,1478.33,1478.33,-0.01,5.72,8470.75,-1
2025-12-15,2025-12-15 13:29:00,1478.33,1478.33,1478.25,1478.25,-0.01,5.72,8470.75,-1
2025-12-15,2025-12-15 13:30:00,1478.25,1478.25,1478.17,1478.17,-0.01,5.72,8470.75,-1
2025-12-15,2025-12-15 13:31:00,1478.17,1478.17,1478.09,1478.09,-0.01,5.72,8470.75,-1
2025-12-15,2025-12-15 13:32:00,1478.09,1478.09,1478.02,1478.02,-0.0,5.72,8470.75,-1
2025-12-15,2025-12-15 13:33:00,1478.02,1478.02,1477.94,1477.94,-0.01,5.72,8470.75,-1
2025-12-15,2025-12-15 13:34:00,1477.94,1477.94,1477.86,1477.86,-0.01,5.72,8470.75,-1
2025-12-15,2025-12-15 13:35:00,1477.86,1477.86,1477.78,1477.78,-0.01,5.72,8470.75,-1
2025-12-15,2025-12-15 13:36:00,1477.78,1477.78,1477.7,1477.7,-0.01,5.72,8470.75,-1
2025-12-15,2025-12-15 13:37:00,1477.7,1477.7,1477.62,1477.62,-0.01,5.72,8470.75,-1
2025-12-15,2025-12-15 13:38:00,1477.62,1477.62,1477.55,1477.55,-0.0,5.72,8470.75,-1
2025-12-15,2025-12-15 13:39:00,1477.55,1477.55,1477.47,1477.47,-0.01,5.72,8470.75,-1
2025-12-15,2025-12-15 13:40:00,1477.47,1477.47,1477.39,1477.39,-0.01,5.72,8470.75,-1
2025-12-15,2025-12-15 13:41:00,1477.39,1477.39,1477.31,1477.31,-0.01,5.72,8470.75,-1
2025-12-15,2025-12-15 13:42:00,1477.31,1477.31,1477.23,1477.23,-0.01,5.72,8470.75,-1
2025-12-15,2025-12-15 13:43:00,1477.23,1477.23,1477.15,1477.15,-0.01,5.72,8470.75,-1
2025-12-15,2025-12-15 13:44:00,1477.15,1477.15,1477.08,1477.08,-0.0,5.72,8470.75,-1
2025-12-15,2025-12-15 13:45:00,1477.08,1477.08,1477.0,1477.0,-0.01,5.72,8470.75,-1
2025-12-15,2025-12-15 13:46:00,1477.0,1477.0,1476.92,1476.92,-0.01,5.72,8470.75,-1
2025-12-15,2025-12-15 13:47:00,1476.92,1476.92,1476.84,1476.84,-0.01,5.72,8470.75,-1
2025-12-15,2025-12-15 13:48:00,1476.84,1476.84,1476.76,1476.76,-0.01,5.72,8470.75,-1
2025-12-15,2025-12-15 13:49:00,1476.76,1476.76,1476.68,1476.68,-0.01,5.72,8470.75,-1
2025-12-15,2025-12-15 13:50:00,1476.68,1476.68,1476.61,1476.61,-0.0,5.72,8470.75,-1
2025-12-15,2025-12-15 13:51:00,1476.61,1476.61,1476.53,1476.53,-0.01,5.72,8470.75,-1
2025-12-15,2025-12-15 13:52:00,1476.53,1476.53,1476.45,1476.45,-0.01,5.72,8470.75,-1
2025-12-15,2025-12-15 13:53:00,1476.45,1476.45,1476.37,1476.37,-0.01,5.72,8470.75,-1
2025-12-15,2025-12-15 13:54:00,1476.37,1476.37,1476.29,1476.29,-0.01,5.72,8470.75,-1
2025-12-15,2025-12-15 13:55:00,1476.29,1476.29,1476.21,1476.21,-0.01,5.72,8470.75,-1
2025-12-15,2025-12-15 13:56:00,1476.21,1476.21,1476.13,1476.13,-0.01,5.72,8470.75,-1
2025-12-15,2025-12-15 13:57:00,1476.13,1476.13,1476.06,1476.06,-0.0,5.72,8470.75,-1
2025-12-15,2025-12-15 13:58:00,1476.06,1476.06,1475.98,1475.98,-0.01,5.72,8470.75,-1
2025-12-15,2025-12-15 13:59:00,1475.98,1475.98,1475.9,1475.9,-0.01,5.72,8470.75,-1
2025-12-15,2025-12-15 14:00:00,1475.9,1475.9,1475.82,1475.82,-0.01,5.72,8470.75,-1
2025-12-15,2025-12-15 14:01:00,1475.82,1475.82,1475.74,1475.74,-0.01,5.72,8470.75,-1
2025-12-15,2025-12-15 14:02:00,1475.74,1475.74,1475.66,1475.66,-0.01,5.72,8470.75,-1
2025-12-15,2025-12-15 14:03:00,1475.66,1475.66,1475.59,1475.59,-0.0,5.72,8470.75,-1
2025-12-15,2025-12-15 14:04:00,1475.59,1475.59,1475.51,1475.51,-0.01,5.72,8470.75,-1
2025-12-15,2025-12-15 14:05:00,1475.51,1475.51,1475.43,1475.43,-0.01,5.72,8470.75,-1
2025-12-15,2025-12-15 14:06:00,1475.43,1475.43,1475.35,1475.35,-0.01,5.72,8470.75,-1
2025-12-15,2025-12-15 14:07:00,1475.35,1475.35,1475.27,1475.27,-0.01,5.72,8470.75,-1
2025-12-15,2025-12-15 14:08:00,1475.27,1475.27,1475.19,1475.19,-0.01,5.72,8470.75,-1
2025-12-15,2025-12-15 14:09:00,1475.19,1475.19,1475.12,1475.12,-0.0,5.72,8470.75,-1
2025-12-15,2025-12-15 14:10:00,1475.12,1475.12,1475.04,1475.04,-0.01,5.72,8470.75,-1
2025-12-15,2025-12-15 14:11:00,1475.04,1475.04,1474.96,1474.96,-0.01,5.72,8470.75,-1
2025-12-15,2025-12-15 14:12:00,1474.96,1474.96,1474.88,1474.88,-0.01,5.72,8470.75,-1
2025-12-15,2025-12-15 14:13:00,1474.88,1474.88,1474.8,1474.8,-0.01,5.72,8470.75,-1
2025-12-15,2025-12-15 14:14:00,1474.8,1474.8,1474.73,1474.73,-0.0,5.72,8470.75,-1
2025-12-15,2025-12-15 14:15:00,1474.73,1474.73,1474.65,1474.65,-0.01,5.72,8470.75,-1
2025-12-15,2025-12-15 14:16:00,1474.65,1474.65,1474.57,1474.57,-0.01,5.72,8470.75,-1
2025-12-15,2025-12-15 14:17:00,1474.57,1474.57,1474.49,1474.49,-0.01,5.72,8470.75,-1
2025-12-15,2025-12-15 14:18:00,1474.49,1474.49,1474.41,1474.41,-0.01,5.72,8470.75,-1
2025-12-15,2025-12-15 14:19:00,1474.41,1474.41,1474.33,1474.33,-0.01,5.72,8470.75,-1
2025-12-15,2025-12-15 14:20:00,1474.33,1474.33,1474.26,1474.26,-0.0,5.72,8470.75,-1
2025-12-15,2025-12-15 14:21:00,1474.26,1474.26,1474.18,1474.18,-0.01,5.72,8470.75,-1
2025-12-15,2025-12-15 14:22:00,1474.18,1474.18,1474.1,1474.1,-0.01,5.72,8470.75,-1
2025-12-15,2025-12-15 14:23:00,1474.1,1474.1,1474.02,1474.02,-0.01,5.72,8470.75,-1
2025-12-15,2025-12-15 14:24:00,1474.02,1474.02,1473.94,1473.94,-0.01,5.72,8470.75,-1
2025-12-15,2025-12-15 14:25:00,1473.94,1473.94,1473.86,1473.86,-0.01,5.72,8470.75,-1
2025-12-15,2025-12-15 14:26:00,1473.86,1473.86,1473.79,1473.79,-0.0,5.72,8470.75,-1
2025-12-15,2025-12-15 14:27:00,1473.79,1473.79,1473.71,1473.71,-0.01,5.72,8470.75,-1
2025-12-15,2025-12-15 14:28:00,1473.71,1473.71,1473.63,1473.63,-0.01,5.72,8470.75,-1
2025-12-15,2025-12-15 14:29:00,1473.63,1473.63,1473.55,1473.55,-0.01,5.72,8470.75,-1
2025-12-15,2025-12-15 14:30:00,1473.55,1473.55,1473.47,1473.47,-0.01,5.72,8470.75,-1
2025-12-15,2025-12-15 14:31:00,1473.47,1473.47,1473.39,1473.39,-0.01,5.72,8470.75,-1
2025-12-15,2025-12-15 14:32:00,1473.39,1473.39,1473.32,1473.32,-0.0,5.72,8470.75,-1
2025-12-15,2025-12-15 14:33:00,1473.32,1473.32,1473.24,1473.24,-0.01,5.72,8470.75,-1
2025-12-15,2025-12-15 14:34:00,1473.24,1473.24,1473.16,1473.16,-0.01,5.72,8470.75,-1
2025-12-15,2025-12-15 14:35:00,1473.16,1473.16,1473.08,1473.08,-0.01,5.72,8470.75,-1
2025-12-15,2025-12-15 14:36:00,1473.08,1473.08,1473.0,1473.0,-0.01,5.72,8470.75,-1
2025-12-15,2025-12-15 14:37:00,1473.0,1473.0,1472.92,1472.92,-0.01,5.72,8470.75,-1
2025-12-15,2025-12-15 14:38:00,1472.92,1472.92,1472.85,1472.85,-0.0,5.72,8470.75,-1
2025-12-15,2025-12-15 14:39:00,1472.85,1472.85,1472.77,1472.77,-0.01,5.72,8470.75,-1
2025-12-15,2025-12-15 14:40:00,1472.77,1472.77,1472.69,1472.69,-0.01,5.72,8470.75,-1
2025-12-15,2025-12-15 14:41:00,1472.69,1472.69,1472.61,1472.61,-0.01,5.72,8470.75,-1
2025-12-15,2025-12-15 14:42:00,1472.61,1472.61,1472.53,1472.53,-0.01,5.72,8470.75,-1
2025-12-15,2025-12-15 14:43:00,1472.53,1472.53,1472.45,1472.45,-0.01,5.72,8470.75,-1
2025-12-15,2025-12-15 14:44:00,1472.45,1472.45,1472.38,1472.38,-0.0,5.72,8470.75,-1
2025-12-15,2025-12-15 14:45:00,1472.38,1472.38,1472.3,1472.3,-0.01,5.72,8470.75,-1
2025-12-15,2025-12-15 14:46:00,1472.3,1472.3,1472.22,1472.22,-0.01,5.72,8470.75,-1
2025-12-15,2025-12-15 14:47:00,1472.22,1472.22,1472.14,1472.14,-0.01,5.72,8470.75,-1
2025-12-15,2025-12-15 14:48:00,1472.14,1472.14,1472.06,1472.06,-0.01,5.72,8470.75,-1
2025-12-15,2025-12-15 14:49:00,1472.06,1472.06,1471.98,1471.98,-0.01,5.72,8470.75,-1
2025-12-15,2025-12-15 14:50:00,1471.98,1471.98,1471.9,1471.9,-0.01,5.72,8470.75,-1
2025-12-15,2025-12-15 14:51:00,1471.9,1471.9,1471.83,1471.83,-0.0,5.72,8470.75,-1
2025-12-15,2025-12-15 14:52:00,1471.83,1471.83,1471.75,1471.75,-0.01,5.72,8470.75,-1
2025-12-15,2025-12-15 14:53:00,1471.75,1471.75,1471.67,1471.67,-0.01,5.72,8470.75,-1
2025-12-15,2025-12-15 14:54:00,1471.67,1471.67,1471.59,1471.59,-0.01,5.72,8470.75,-1
2025-12-15,2025-12-15 14:55:00,1471.59,1471.59,1471.51,1471.51,-0.01,5.72,8470.75,-1
2025-12-15,2025-12-15 14:56:00,1471.51,1471.51,1471.43,1471.43,-0.01,5.72,8470.75,-1
2025-12-15,2025-12-15 14:57:00,1471.43,1471.43,1471.36,1471.36,-0.0,5.72,8470.75,-1
2025-12-15,2025-12-15 14:58:00,1471.36,1471.36,1471.28,1471.28,-0.01,5.72,8470.75,-1
2025-12-15,2025-12-15 14:59:00,1471.28,1471.28,1471.2,1471.2,-0.01,5.72,8470.75,-1
2025-12-15,2025-12-15 15:00:00,1471.2,1500.0,1471.2,1471.2,0.0,5.72,8470.75,0
2025-12-16,2025-12-16 11:00:00,1466.2,1478.44,1466.14,1466.32,0.01,14.73,21799.51,1
2025-12-16,2025-12-16 11:01:00,1466.32,1466.44,1466.32,1466.44,0.01,14.73,21799.51,1
2025-12-16,2025-12-16 11:02:00,1466.44,1466.56,1466.44,1466.56,0.01,14.73,21799.51,1
2025-12-16,2025-12-16 11:03:00,1466.56,1466.68,1466.56,1466.68,0.01,14.73,21799.51,1
2025-12-16,2025-12-16 11:04:00,1466.68,1466.8,1466.68,1466.8,0.01,14.73,21799.51,1
2025-12-16,2025-12-16 11:05:00,1466.8,1466.92,1466.8,1466.92,0.01,14.73,21799.51,1
2025-12-16,2025-12-16 11:06:00,1466.92,1467.04,1466.92,1467.04,0.01,14.73,21799.51,1
2025-12-16,2025-12-16 11:07:00,1467.04,1467.16,1467.04,1467.16,0.01,14.73,21799.51,1
2025-12-16,2025-12-16 11:08:00,1467.16,1467.28,1467.16,1467.28,0.01,14.73,21799.51,1
2025-12-16,2025-12-16 11:09:00,1467.28,1467.4,1467.28,1467.4,0.01,14.73,21799.51,1
2025-12-16,2025-12-16 11:10:00,1467.4,1467.52,1467.4,1467.52,0.01,14.73,21799.51,1
2025-12-16,2025-12-16 11:11:00,1467.52,1467.64,1467.52,1467.64,0.01,14.73,21799.51,1
2025-12-16,2025-12-16 11:12:00,1467.64,1467.76,1467.64,1467.76,0.01,14.73,21799.51,1
2025-12-16,2025-12-16 11:13:00,1467.76,1467.88,1467.76,1467.88,0.01,14.73,21799.51,1
2025-12-16,2025-12-16 11:14:00,1467.88,1468.0,1467.88,1468.0,0.01,14.73,21799.51,1
2025-12-16,2025-12-16 11:15:00,1468.0,1468.12,1468.0,1468.12,0.01,14.73,21799.51,1
2025-12-16,2025-12-16 11:16:00,1468.12,1468.24,1468.12,1468.24,0.01,14.73,21799.51,1
2025-12-16,2025-12-16 11:17:00,1468.24,1468.36,1468.24,1468.36,0.01,14.73,21799.51,1
2025-12-16,2025-12-16 11:18:00,1468.36,1468.48,1468.36,1468.48,0.01,14.73,21799.51,1
2025-12-16,2025-12-16 11:19:00,1468.48,1468.6,1468.48,1468.6,0.01,14.73,21799.51,1
2025-12-16,2025-12-16 11:20:00,1468.6,1468.72,1468.6,1468.72,0.01,14.73,21799.51,1
2025-12-16,2025-12-16 11:21:00,1468.72,1468.84,1468.72,1468.84,0.01,14.73,21799.51,1
2025-12-16,2025-12-16 11:22:00,1468.84,1468.96,1468.84,1468.96,0.01,14.73,21799.51,1
2025-12-16,2025-12-16 11:23:00,1468.96,1469.08,1468.96,1469.08,0.01,14.73,21799.51,1
2025-12-16,2025-12-16 11:24:00,1469.08,1469.2,1469.08,1469.2,0.01,14.73,21799.51,1
2025-12-16,2025-12-16 11:25:00,1469.2,1469.32,1469.2,1469.32,0.01,14.73,21799.51,1
2025-12-16,2025-12-16 11:26:00,1469.32,1469.44,1469.32,1469.44,0.01,14.73,21799.51,1
2025-12-16,2025-12-16 11:27:00,1469.44,1469.56,1469.44,1469.56,0.01,14.73,21799.51,1
2025-12-16,2025-12-16 11:28:00,1469.56,1469.68,1469.56,1469.68,0.01,14.73,21799.51,1
2025-12-16,2025-12-16 11:29:00,1469.68,1469.8,1469.68,1469.8,0.01,14.73,21799.51,1
2025-12-16,2025-12-16 11:30:00,1469.8,1469.92,1469.8,1469.92,0.01,14.73,21799.51,1
2025-12-16,2025-12-16 11:31:00,1469.92,1470.04,1469.92,1470.04,0.01,14.73,21799.51,1
2025-12-16,2025-12-16 11:32:00,1470.04,1470.16,1470.04,1470.16,0.01,14.73,21799.51,1
2025-12-16,2025-12-16 11:33:00,1470.16,1470.28,1470.16,1470.28,0.01,14.73,21799.51,1
2025-12-16,2025-12-16 11:34:00,1470.28,1470.4,1470.28,1470.4,0.01,14.73,21799.51,1
2025-12-16,2025-12-16 11:35:00,1470.4,1470.52,1470.4,1470.52,0.01,14.73,21799.51,1
2025-12-16,2025-12-16 11:36:00,1470.52,1470.64,1470.52,1470.64,0.01,14.73,21799.51,1
2025-12-16,2025-12-16 11:37:00,1470.64,1470.76,1470.64,1470.76,0.01,14.73,21799.51,1
2025-12-16,2025-12-16 11:38:00,1470.76,1470.88,1470.76,1470.88,0.01,14.73,21799.51,1
2025-12-16,2025-12-16 11:39:00,1470.88,1471.0,1470.88,1471.0,0.01,14.73,21799.51,1
2025-12-16,2025-12-16 11:40:00,1471.0,1471.12,1471.0,1471.12,0.01,14.73,21799.51,1
2025-12-16,2025-12-16 11:41:00,1471.12,1471.24,1471.12,1471.24,0.01,14.73,21799.51,1
2025-12-16,2025-12-16 11:42:00,1471.24,1471.36,1471.24,1471.36,0.01,14.73,21799.51,1
2025-12-16,2025-12-16 11:43:00,1471.36,1471.48,1471.36,1471.48,0.01,14.73,21799.51,1
2025-12-16,2025-12-16 11:44:00,1471.48,1471.6,1471.48,1471.6,0.01,14.73,21799.51,1
2025-12-16,2025-12-16 11:45:00,1471.6,1471.72,1471.6,1471.72,0.01,14.73,21799.51,1
2025-12-16,2025-12-16 11:46:00,1471.72,1471.84,1471.72,1471.84,0.01,14.73,21799.51,1
2025-12-16,2025-12-16 11:47:00,1471.84,1471.96,1471.84,1471.96,0.01,14.73,21799.51,1
2025-12-16,2025-12-16 11:48:00,1471.96,1472.08,1471.96,1472.08,0.01,14.73,21799.51,1
2025-12-16,2025-12-16 11:49:00,1472.08,1472.2,1472.08,1472.2,0.01,14.73,21799.51,1
2025-12-16,2025-12-16 11:50:00,1472.2,1472.32,1472.2,1472.32,0.01,14.73,21799.51,1
2025-12-16,2025-12-16 11:51:00,1472.32,1472.44,1472.32,1472.44,0.01,14.73,21799.51,1
2025-12-16,2025-12-16 11:52:00,1472.44,1472.56,1472.44,1472.56,0.01,14.73,21799.51,1
2025-12-16,2025-12-16 11:53:00,1472.56,1472.68,1472.56,1472.68,0.01,14.73,21799.51,1
2025-12-16,2025-12-16 11:54:00,1472.68,1472.8,1472.68,1472.8,0.01,14.73,21799.51,1
2025-12-16,2025-12-16 11:55:00,1472.8,1472.92,1472.8,1472.92,0.01,14.73,21799.51,1
2025-12-16,2025-12-16 11:56:00,1472.92,1473.04,1472.92,1473.04,0.01,14.73,21799.51,1
2025-12-16,2025-12-16 11:57:00,1473.04,1473.16,1473.04,1473.16,0.01,14.73,21799.51,1
2025-12-16,2025-12-16 11:58:00,1473.16,1473.28,1473.16,1473.28,0.01,14.73,21799.51,1
2025-12-16,2025-12-16 11:59:00,1473.28,1473.4,1473.28,1473.4,0.01,14.73,21799.51,1
2025-12-16,2025-12-16 12:00:00,1473.4,1473.52,1473.4,1473.52,0.01,14.73,21799.51,1
2025-12-16,2025-12-16 12:01:00,1473.52,1473.64,1473.52,1473.64,0.01,14.73,21799.51,1
2025-12-16,2025-12-16 12:02:00,1473.64,1473.76,1473.64,1473.76,0.01,14.73,21799.51,1
2025-12-16,2025-12-16 12:03:00,1473.76,1473.88,1473.76,1473.88,0.01,14.73,21799.51,1
2025-12-16,2025-12-16 12:04:00,1473.88,1474.0,1473.88,1474.0,0.01,14.73,21799.51,1
2025-12-16,2025-12-16 12:05:00,1474.0,1474.12,1474.0,1474.12,0.01,14.73,21799.51,1
2025-12-16,2025-12-16 12:06:00,1474.12,1474.24,1474.12,1474.24,0.01,14.73,21799.51,1
2025-12-16,2025-12-16 12:07:00,1474.24,1474.36,1474.24,1474.36,0.01,14.73,21799.51,1
2025-12-16,2025-12-16 12:08:00,1474.36,1474.48,1474.36,1474.48,0.01,14.73,21799.51,1
2025-12-16,2025-12-16 12:09:00,1474.48,1474.6,1474.48,1474.6,0.01,14.73,21799.51,1
2025-12-16,2025-12-16 12:10:00,1474.6,1474.72,1474.6,1474.72,0.01,14.73,21799.51,1
2025-12-16,2025-12-16 12:11:00,1474.72,1474.84,1474.72,1474.84,0.01,14.73,21799.51,1
2025-12-16,2025-12-16 12:12:00,1474.84,1474.96,1474.84,1474.96,0.01,14.73,21799.51,1
2025-12-16,2025-12-16 12:13:00,1474.96,1475.08,1474.96,1475.08,0.01,14.73,21799.51,1
2025-12-16,2025-12-16 12:14:00,1475.08,1475.2,1475.08,1475.2,0.01,14.73,21799.51,1
2025-12-16,2025-12-16 12:15:00,1475.2,1475.32,1475.2,1475.32,0.01,14.73,21799.51,1
2025-12-16,2025-12-16 12:16:00,1475.32,1475.44,1475.32,1475.44,0.01,14.73,21799.51,1
2025-12-16,2025-12-16 12:17:00,1475.44,1475.56,1475.44,1475.56,0.01,14.73,21799.51,1
2025-12-16,2025-12-16 12:18:00,1475.56,1475.68,1475.56,1475.68,0.01,14.73,21799.51,1
2025-12-16,2025-12-16 12:19:00,1475.68,1475.8,1475.68,1475.8,0.01,14.73,21799.51,1
2025-12-16,2025-12-16 12:20:00,1475.8,1475.92,1475.8,1475.92,0.01,14.73,21799.51,1
2025-12-16,2025-12-16 12:21:00,1475.92,1476.04,1475.92,1476.04,0.01,14.73,21799.51,1
2025-12-16,2025-12-16 12:22:00,1476.04,1476.16,1476.04,1476.16,0.01,14.73,21799.51,1
2025-12-16,2025-12-16 12:23:00,1476.16,1476.28,1476.16,1476.28,0.01,14.73,21799.51,1
2025-12-16,2025-12-16 12:24:00,1476.28,1476.4,1476.28,1476.4,0.01,14.73,21799.51,1
2025-12-16,2025-12-16 12:25:00,1476.4,1476.52,1476.4,1476.52,0.01,14.73,21799.51,1
2025-12-16,2025-12-16 12:26:00,1476.52,1476.64,1476.52,1476.64,0.01,14.73,21799.51,1
2025-12-16,2025-12-16 12:27:00,1476.64,1476.76,1476.64,1476.76,0.01,14.73,21799.51,1
2025-12-16,2025-12-16 12:28:00,1476.76,1476.88,1476.76,1476.88,0.01,14.73,21799.51,1
2025-12-16,2025-12-16 12:29:00,1476.88,1477.0,1476.88,1477.0,0.01,14.73,21799.51,1
2025-12-16,2025-12-16 12:30:00,1477.0,1477.12,1477.0,1477.12,0.01,14.73,21799.51,1
2025-12-16,2025-12-16 12:31:00,1477.12,1477.24,1477.12,1477.24,0.01,14.73,21799.51,1
2025-12-16,2025-12-16 12:32:00,1477.24,1477.36,1477.24,1477.36,0.01,14.73,21799.51,1
2025-12-16,2025-12-16 12:33:00,1477.36,1477.48,1477.36,1477.48,0.01,14.73,21799.51,1
2025-12-16,2025-12-16 12:34:00,1477.48,1477.6,1477.48,1477.6,0.01,14.73,21799.51,1
2025-12-16,2025-12-16 12:35:00,1477.6,1477.72,1477.6,1477.72,0.01,14.73,21799.51,1
2025-12-16,2025-12-16 12:36:00,1477.72,1477.84,1477.72,1477.84,0.01,14.73,21799.51,1
2025-12-16,2025-12-16 12:37:00,1477.84,1477.96,1477.84,1477.96,0.01,14.73,21799.51,1
2025-12-16,2025-12-16 12:38:00,1477.96,1478.08,1477.96,1478.08,0.01,14.73,21799.51,1
2025-12-16,2025-12-16 12:39:00,1478.08,1478.2,1478.08,1478.2,0.01,14.73,21799.51,1
2025-12-16,2025-12-16 12:40:00,1478.2,1478.32,1478.2,1478.32,0.01,14.73,21799.51,1
2025-12-16,2025-12-16 12:41:00,1478.32,1478.44,1478.32,1478.44,0.01,14.73,21799.51,1
2025-12-16,2025-12-16 12:42:00,1478.44,1478.56,1478.44,1478.56,0.01,14.73,21799.51,1
2025-12-16,2025-12-16 12:43:00,1478.56,1478.68,1478.56,1478.68,0.01,14.73,21799.51,1
2025-12-16,2025-12-16 12:44:00,1478.68,1478.8,1478.68,1478.8,0.01,14.73,21799.51,1
2025-12-16,2025-12-16 12:45:00,1478.8,1478.92,1478.8,1478.92,0.01,14.73,21799.51,1
2025-12-16,2025-12-16 12:46:00,1478.92,1479.04,1478.92,1479.04,0.01,14.73,21799.51,1
2025-12-16,2025-12-16 12:47:00,1479.04,1479.16,1479.04,1479.16,0.01,14.73,21799.51,1
2025-12-16,2025-12-16 12:48:00,1479.16,1479.28,1479.16,1479.28,0.01,14.73,21799.51,1
2025-12-16,2025-12-16 12:49:00,1479.28,1479.4,1479.28,1479.4,0.01,14.73,21799.51,1
2025-12-16,2025-12-16 12:50:00,1479.4,1479.52,1479.4,1479.52,0.01,14.73,21799.51,1
2025-12-16,2025-12-16 12:51:00,1479.52,1479.64,1479.52,1479.64,0.01,14.73,21799.51,1
2025-12-16,2025-12-16 12:52:00,1479.64,1479.76,1479.64,1479.76,0.01,14.73,21799.51,1
2025-12-16,2025-12-16 12:53:00,1479.76,1479.88,1479.76,1479.88,0.01,14.73,21799.51,1
2025-12-16,2025-12-16 12:54:00,1479.88,1480.0,1479.88,1480.0,0.01,14.73,21799.51,1
2025-12-16,2025-12-16 12:55:00,1480.0,1480.12,1480.0,1480.12,0.01,14.73,21799.51,1
2025-12-16,2025-12-16 12:56:00,1480.12,1480.24,1480.12,1480.24,0.01,14.73,21799.51,1
2025-12-16,2025-12-16 12:57:00,1480.24,1480.36,1480.24,1480.36,0.01,14.73,21799.51,1
2025-12-16,2025-12-16 12:58:00,1480.36,1480.48,1480.36,1480.48,0.01,14.73,21799.51,1
2025-12-16,2025-12-16 12:59:00,1480.48,1480.6,1480.48,1480.6,0.01,14.73,21799.51,1
2025-12-16,2025-12-16 13:00:00,1480.6,1507.0,1466.0,1480.72,0.01,14.73,21799.51,1
2025-12-16,2025-12-16 13:01:00,1480.72,1480.84,1480.72,1480.84,0.01,14.73,21799.51,1
2025-12-16,2025-12-16 13:02:00,1480.84,1480.96,1480.84,1480.96,0.01,14.73,21799.51,1
2025-12-16,2025-12-16 13:03:00,1480.96,1481.08,1480.96,1481.08,0.01,14.73,21799.51,1
2025-12-16,2025-12-16 13:04:00,1481.08,1481.2,1481.08,1481.2,0.01,14.73,21799.51,1
2025-12-16,2025-12-16 13:05:00,1481.2,1481.32,1481.2,1481.32,0.01,14.73,21799.51,1
2025-12-16,2025-12-16 13:06:00,1481.32,1481.44,1481.32,1481.44,0.01,14.73,21799.51,1
2025-12-16,2025-12-16 13:07:00,1481.44,1481.56,1481.44,1481.56,0.01,14.73,21799.51,1
2025-12-16,2025-12-16 13:08:00,1481.56,1481.68,1481.56,1481.68,0.01,14.73,21799.51,1
2025-12-16,2025-12-16 13:09:00,1481.68,1481.8,1481.68,1481.8,0.01,14.73,21799.51,1
2025-12-16,2025-12-16 13:10:00,1481.8,1481.92,1481.8,1481.92,0.01,14.73,21799.51,1
2025-12-16,2025-12-16 13:11:00,1481.92,1482.04,1481.92,1482.04,0.01,14.73,21799.51,1
2025-12-16,2025-12-16 13:12:00,1482.04,1482.16,1482.04,1482.16,0.01,14.73,21799.51,1
2025-12-16,2025-12-16 13:13:00,1482.16,1482.28,1482.16,1482.28,0.01,14.73,21799.51,1
2025-12-16,2025-12-16 13:14:00,1482.28,1482.4,1482.28,1482.4,0.01,14.73,21799.51,1
2025-12-16,2025-12-16 13:15:00,1482.4,1482.52,1482.4,1482.52,0.01,14.73,21799.51,1
2025-12-16,2025-12-16 13:16:00,1482.52,1482.64,1482.52,1482.64,0.01,14.73,21799.51,1
2025-12-16,2025-12-16 13:17:00,1482.64,1482.76,1482.64,1482.76,0.01,14.73,21799.51,1
2025-12-16,2025-12-16 13:18:00,1482.76,1482.88,1482.76,1482.88,0.01,14.73,21799.51,1
2025-12-16,2025-12-16 13:19:00,1482.88,1483.0,1482.88,1483.0,0.01,14.73,21799.51,1
2025-12-16,2025-12-16 13:20:00,1483.0,1483.12,1483.0,1483.12,0.01,14.73,21799.51,1
2025-12-16,2025-12-16 13:21:00,1483.12,1483.24,1483.12,1483.24,0.01,14.73,21799.51,1
2025-12-16,2025-12-16 13:22:00,1483.24,1483.36,1483.24,1483.36,0.01,14.73,21799.51,1
2025-12-16,2025-12-16 13:23:00,1483.36,1483.48,1483.36,1483.48,0.01,14.73,21799.51,1
2025-12-16,2025-12-16 13:24:00,1483.48,1483.6,1483.48,1483.6,0.01,14.73,21799.51,1
2025-12-16,2025-12-16 13:25:00,1483.6,1483.72,1483.6,1483.72,0.01,14.73,21799.51,1
2025-12-16,2025-12-16 13:26:00,1483.72,1483.84,1483.72,1483.84,0.01,14.73,21799.51,1
2025-12-16,2025-12-16 13:27:00,1483.84,1483.96,1483.84,1483.96,0.01,14.73,21799.51,1
2025-12-16,2025-12-16 13:28:00,1483.96,1484.08,1483.96,1484.08,0.01,14.73,21799.51,1
2025-12-16,2025-12-16 13:29:00,1484.08,1484.2,1484.08,1484.2,0.01,14.73,21799.51,1
2025-12-16,2025-12-16 13:30:00,1484.2,1484.32,1484.2,1484.32,0.01,14.73,21799.51,1
2025-12-16,2025-12-16 13:31:00,1484.32,1484.44,1484.32,1484.44,0.01,14.73,21799.51,1
2025-12-16,2025-12-16 13:32:00,1484.44,1484.56,1484.44,1484.56,0.01,14.73,21799.51,1
2025-12-16,2025-12-16 13:33:00,1484.56,1484.68,1484.56,1484.68,0.01,14.73,21799.51,1
2025-12-16,2025-12-16 13:34:00,1484.68,1484.8,1484.68,1484.8,0.01,14.73,21799.51,1
2025-12-16,2025-12-16 13:35:00,1484.8,1484.92,1484.8,1484.92,0.01,14.73,21799.51,1
2025-12-16,2025-12-16 13:36:00,1484.92,1485.04,1484.92,1485.04,0.01,14.73,21799.51,1
2025-12-16,2025-12-16 13:37:00,1485.04,1485.16,1485.04,1485.16,0.01,14.73,21799.51,1
2025-12-16,2025-12-16 13:38:00,1485.16,1485.28,1485.16,1485.28,0.01,14.73,21799.51,1
2025-12-16,2025-12-16 13:39:00,1485.28,1485.4,1485.28,1485.4,0.01,14.73,21799.51,1
2025-12-16,2025-12-16 13:40:00,1485.4,1485.52,1485.4,1485.52,0.01,14.73,21799.51,1
2025-12-16,2025-12-16 13:41:00,1485.52,1485.64,1485.52,1485.64,0.01,14.73,21799.51,1
2025-12-16,2025-12-16 13:42:00,1485.64,1485.76,1485.64,1485.76,0.01,14.73,21799.51,1
2025-12-16,2025-12-16 13:43:00,1485.76,1485.88,1485.76,1485.88,0.01,14.73,21799.51,1
2025-12-16,2025-12-16 13:44:00,1485.88,1486.0,1485.88,1486.0,0.01,14.73,21799.51,1
2025-12-16,2025-12-16 13:45:00,1486.0,1486.12,1486.0,1486.12,0.01,14.73,21799.51,1
2025-12-16,2025-12-16 13:46:00,1486.12,1486.24,1486.12,1486.24,0.01,14.73,21799.51,1
2025-12-16,2025-12-16 13:47:00,1486.24,1486.36,1486.24,1486.36,0.01,14.73,21799.51,1
2025-12-16,2025-12-16 13:48:00,1486.36,1486.48,1486.36,1486.48,0.01,14.73,21799.51,1
2025-12-16,2025-12-16 13:49:00,1486.48,1486.6,1486.48,1486.6,0.01,14.73,21799.51,1
2025-12-16,2025-12-16 13:50:00,1486.6,1486.72,1486.6,1486.72,0.01,14.73,21799.51,1
2025-12-16,2025-12-16 13:51:00,1486.72,1486.84,1486.72,1486.84,0.01,14.73,21799.51,1
2025-12-16,2025-12-16 13:52:00,1486.84,1486.96,1486.84,1486.96,0.01,14.73,21799.51,1
2025-12-16,2025-12-16 13:53:00,1486.96,1487.08,1486.96,1487.08,0.01,14.73,21799.51,1
2025-12-16,2025-12-16 13:54:00,1487.08,1487.2,1487.08,1487.2,0.01,14.73,21799.51,1
2025-12-16,2025-12-16 13:55:00,1487.2,1487.32,1487.2,1487.32,0.01,14.73,21799.51,1
2025-12-16,2025-12-16 13:56:00,1487.32,1487.44,1487.32,1487.44,0.01,14.73,21799.51,1
2025-12-16,2025-12-16 13:57:00,1487.44,1487.56,1487.44,1487.56,0.01,14.73,21799.51,1
2025-12-16,2025-12-16 13:58:00,1487.56,1487.68,1487.56,1487.68,0.01,14.73,21799.51,1
2025-12-16,2025-12-16 13:59:00,1487.68,1487.8,1487.68,1487.8,0.01,14.73,21799.51,1
2025-12-16,2025-12-16 14:00:00,1487.8,1487.92,1487.8,1487.92,0.01,14.73,21799.51,1
2025-12-16,2025-12-16 14:01:00,1487.92,1488.04,1487.92,1488.04,0.01,14.73,21799.51,1
2025-12-16,2025-12-16 14:02:00,1488.04,1488.16,1488.04,1488.16,0.01,14.73,21799.51,1
2025-12-16,2025-12-16 14:03:00,1488.16,1488.28,1488.16,1488.28,0.01,14.73,21799.51,1
2025-12-16,2025-12-16 14:04:00,1488.28,1488.4,1488.28,1488.4,0.01,14.73,21799.51,1
2025-12-16,2025-12-16 14:05:00,1488.4,1488.52,1488.4,1488.52,0.01,14.73,21799.51,1
2025-12-16,2025-12-16 14:06:00,1488.52,1488.64,1488.52,1488.64,0.01,14.73,21799.51,1
2025-12-16,2025-12-16 14:07:00,1488.64,1488.76,1488.64,1488.76,0.01,14.73,21799.51,1
2025-12-16,2025-12-16 14:08:00,1488.76,1488.88,1488.76,1488.88,0.01,14.73,21799.51,1
2025-12-16,2025-12-16 14:09:00,1488.88,1489.0,1488.88,1489.0,0.01,14.73,21799.51,1
2025-12-16,2025-12-16 14:10:00,1489.0,1489.12,1489.0,1489.12,0.01,14.73,21799.51,1
2025-12-16,2025-12-16 14:11:00,1489.12,1489.24,1489.12,1489.24,0.01,14.73,21799.51,1
2025-12-16,2025-12-16 14:12:00,1489.24,1489.36,1489.24,1489.36,0.01,14.73,21799.51,1
2025-12-16,2025-12-16 14:13:00,1489.36,1489.48,1489.36,1489.48,0.01,14.73,21799.51,1
2025-12-16,2025-12-16 14:14:00,1489.48,1489.6,1489.48,1489.6,0.01,14.73,21799.51,1
2025-12-16,2025-12-16 14:15:00,1489.6,1489.72,1489.6,1489.72,0.01,14.73,21799.51,1
2025-12-16,2025-12-16 14:16:00,1489.72,1489.84,1489.72,1489.84,0.01,14.73,21799.51,1
2025-12-16,2025-12-16 14:17:00,1489.84,1489.96,1489.84,1489.96,0.01,14.73,21799.51,1
2025-12-16,2025-12-16 14:18:00,1489.96,1490.08,1489.96,1490.08,0.01,14.73,21799.51,1
2025-12-16,2025-12-16 14:19:00,1490.08,1490.2,1490.08,1490.2,0.01,14.73,21799.51,1
2025-12-16,2025-12-16 14:20:00,1490.2,1490.32,1490.2,1490.32,0.01,14.73,21799.51,1
2025-12-16,2025-12-16 14:21:00,1490.32,1490.44,1490.32,1490.44,0.01,14.73,21799.51,1
2025-12-16,2025-12-16 14:22:00,1490.44,1490.56,1490.44,1490.56,0.01,14.73,21799.51,1
2025-12-16,2025-12-16 14:23:00,1490.56,1490.68,1490.56,1490.68,0.01,14.73,21799.51,1
2025-12-16,2025-12-16 14:24:00,1490.68,1490.8,1490.68,1490.8,0.01,14.73,21799.51,1
2025-12-16,2025-12-16 14:25:00,1490.8,1490.92,1490.8,1490.92,0.01,14.73,21799.51,1
2025-12-16,2025-12-16 14:26:00,1490.92,1491.04,1490.92,1491.04,0.01,14.73,21799.51,1
2025-12-16,2025-12-16 14:27:00,1491.04,1491.16,1491.04,1491.16,0.01,14.73,21799.51,1
2025-12-16,2025-12-16 14:28:00,1491.16,1491.28,1491.16,1491.28,0.01,14.73,21799.51,1
2025-12-16,2025-12-16 14:29:00,1491.28,1491.4,1491.28,1491.4,0.01,14.73,21799.51,1
2025-12-16,2025-12-16 14:30:00,1491.4,1491.52,1491.4,1491.52,0.01,14.73,21799.51,1
2025-12-16,2025-12-16 14:31:00,1491.52,1491.64,1491.52,1491.64,0.01,14.73,21799.51,1
2025-12-16,2025-12-16 14:32:00,1491.64,1491.76,1491.64,1491.76,0.01,14.73,21799.51,1
2025-12-16,2025-12-16 14:33:00,1491.76,1491.88,1491.76,1491.88,0.01,14.73,21799.51,1
2025-12-16,2025-12-16 14:34:00,1491.88,1492.0,1491.88,1492.0,0.01,14.73,21799.51,1
2025-12-16,2025-12-16 14:35:00,1492.0,1492.12,1492.0,1492.12,0.01,14.73,21799.51,1
2025-12-16,2025-12-16 14:36:00,1492.12,1492.24,1492.12,1492.24,0.01,14.73,21799.51,1
2025-12-16,2025-12-16 14:37:00,1492.24,1492.36,1492.24,1492.36,0.01,14.73,21799.51,1
2025-12-16,2025-12-16 14:38:00,1492.36,1492.48,1492.36,1492.48,0.01,14.73,21799.51,1
2025-12-16,2025-12-16 14:39:00,1492.48,1492.6,1492.48,1492.6,0.01,14.73,21799.51,1
2025-12-16,2025-12-16 14:40:00,1492.6,1492.72,1492.6,1492.72,0.01,14.73,21799.51,1
2025-12-16,2025-12-16 14:41:00,1492.72,1492.84,1492.72,1492.84,0.01,14.73,21799.51,1
2025-12-16,2025-12-16 14:42:00,1492.84,1492.96,1492.84,1492.96,0.01,14.73,21799.51,1
2025-12-16,2025-12-16 14:43:00,1492.96,1493.08,1492.96,1493.08,0.01,14.73,21799.51,1
2025-12-16,2025-12-16 14:44:00,1493.08,1493.2,1493.08,1493.2,0.01,14.73,21799.51,1
2025-12-16,2025-12-16 14:45:00,1493.2,1493.32,1493.2,1493.32,0.01,14.73,21799.51,1
2025-12-16,2025-12-16 14:46:00,1493.32,1493.44,1493.32,1493.44,0.01,14.73,21799.51,1
2025-12-16,2025-12-16 14:47:00,1493.44,1493.56,1493.44,1493.56,0.01,14.73,21799.51,1
2025-12-16,2025-12-16 14:48:00,1493.56,1493.68,1493.56,1493.68,0.01,14.73,21799.51,1
2025-12-16,2025-12-16 14:49:00,1493.68,1493.8,1493.68,1493.8,0.01,14.73,21799.51,1
2025-12-16,2025-12-16 14:50:00,1493.8,1493.92,1493.8,1493.92,0.01,14.73,21799.51,1
2025-12-16,2025-12-16 14:51:00,1493.92,1494.04,1493.92,1494.04,0.01,14.73,21799.51,1
2025-12-16,2025-12-16 14:52:00,1494.04,1494.16,1494.04,1494.16,0.01,14.73,21799.51,1
2025-12-16,2025-12-16 14:53:00,1494.16,1494.28,1494.16,1494.28,0.01,14.73,21799.51,1
2025-12-16,2025-12-16 14:54:00,1494.28,1494.4,1494.28,1494.4,0.01,14.73,21799.51,1
2025-12-16,2025-12-16 14:55:00,1494.4,1494.52,1494.4,1494.52,0.01,14.73,21799.51,1
2025-12-16,2025-12-16 14:56:00,1494.52,1494.64,1494.52,1494.64,0.01,14.73,21799.51,1
2025-12-16,2025-12-16 14:57:00,1494.64,1494.76,1494.64,1494.76,0.01,14.73,21799.51,1
2025-12-16,2025-12-16 14:58:00,1494.76,1494.88,1494.76,1494.88,0.01,14.73,21799.51,1
2025-12-16,2025-12-16 14:59:00,1494.88,1495.0,1494.88,1495.0,0.01,14.73,21799.51,1
2025-12-16,2025-12-16 15:00:00,1495.0,1507.0,1466.0,1495.0,0.0,14.73,21799.51,0
2025-12-17,2025-12-17 11:00:00,1495.0,1498.0,1490.8,1495.02,0.0,3.29,4917.4,1
2025-12-17,2025-12-17 11:01:00,1495.02,1495.03,1495.02,1495.03,0.0,3.29,4917.4,1
2025-12-17,2025-12-17 11:02:00,1495.03,1495.05,1495.03,1495.05,0.0,3.29,4917.4,1
2025-12-17,2025-12-17 11:03:00,1495.05,1495.07,1495.05,1495.07,0.0,3.29,4917.4,1
2025-12-17,2025-12-17 11:04:00,1495.07,1495.08,1495.07,1495.08,0.0,3.29,4917.4,1
2025-12-17,2025-12-17 11:05:00,1495.08,1495.1,1495.08,1495.1,0.0,3.29,4917.4,1
2025-12-17,2025-12-17 11:06:00,1495.1,1495.12,1495.1,1495.12,0.0,3.29,4917.4,1
2025-12-17,2025-12-17 11:07:00,1495.12,1495.13,1495.12,1495.13,0.0,3.29,4917.4,1
2025-12-17,2025-12-17 11:08:00,1495.13,1495.15,1495.13,1495.15,0.0,3.29,4917.4,1
2025-12-17,2025-12-17 11:09:00,1495.15,1495.17,1495.15,1495.17,0.0,3.29,4917.4,1
2025-12-17,2025-12-17 11:10:00,1495.17,1495.18,1495.17,1495.18,0.0,3.29,4917.4,1
2025-12-17,2025-12-17 11:11:00,1495.18,1495.2,1495.18,1495.2,0.0,3.29,4917.4,1
2025-12-17,2025-12-17 11:12:00,1495.2,1495.22,1495.2,1495.22,0.0,3.29,4917.4,1
2025-12-17,2025-12-17 11:13:00,1495.22,1495.23,1495.22,1495.23,0.0,3.29,4917.4,1
2025-12-17,2025-12-17 11:14:00,1495.23,1495.25,1495.23,1495.25,0.0,3.29,4917.4,1
2025-12-17,2025-12-17 11:15:00,1495.25,1495.27,1495.25,1495.27,0.0,3.29,4917.4,1
2025-12-17,2025-12-17 11:16:00,1495.27,1495.28,1495.27,1495.28,0.0,3.29,4917.4,1
2025-12-17,2025-12-17 11:17:00,1495.28,1495.3,1495.28,1495.3,0.0,3.29,4917.4,1
2025-12-17,2025-12-17 11:18:00,1495.3,1495.32,1495.3,1495.32,0.0,3.29,4917.4,1
2025-12-17,2025-12-17 11:19:00,1495.32,1495.33,1495.32,1495.33,0.0,3.29,4917.4,1
2025-12-17,2025-12-17 11:20:00,1495.33,1495.35,1495.33,1495.35,0.0,3.29,4917.4,1
2025-12-17,2025-12-17 11:21:00,1495.35,1495.37,1495.35,1495.37,0.0,3.29,4917.4,1
2025-12-17,2025-12-17 11:22:00,1495.37,1495.38,1495.37,1495.38,0.0,3.29,4917.4,1
2025-12-17,2025-12-17 11:23:00,1495.38,1495.4,1495.38,1495.4,0.0,3.29,4917.4,1
2025-12-17,2025-12-17 11:24:00,1495.4,1495.42,1495.4,1495.42,0.0,3.29,4917.4,1
2025-12-17,2025-12-17 11:25:00,1495.42,1495.43,1495.42,1495.43,0.0,3.29,4917.4,1
2025-12-17,2025-12-17 11:26:00,1495.43,1495.45,1495.43,1495.45,0.0,3.29,4917.4,1
2025-12-17,2025-12-17 11:27:00,1495.45,1495.47,1495.45,1495.47,0.0,3.29,4917.4,1
2025-12-17,2025-12-17 11:28:00,1495.47,1495.48,1495.47,1495.48,0.0,3.29,4917.4,1
2025-12-17,2025-12-17 11:29:00,1495.48,1495.5,1495.48,1495.5,0.0,3.29,4917.4,1
2025-12-17,2025-12-17 11:30:00,1495.5,1495.52,1495.5,1495.52,0.0,3.29,4917.4,1
2025-12-17,2025-12-17 11:31:00,1495.52,1495.53,1495.52,1495.53,0.0,3.29,4917.4,1
2025-12-17,2025-12-17 11:32:00,1495.53,1495.55,1495.53,1495.55,0.0,3.29,4917.4,1
2025-12-17,2025-12-17 11:33:00,1495.55,1495.57,1495.55,1495.57,0.0,3.29,4917.4,1
2025-12-17,2025-12-17 11:34:00,1495.57,1495.58,1495.57,1495.58,0.0,3.29,4917.4,1
2025-12-17,2025-12-17 11:35:00,1495.58,1495.6,1495.58,1495.6,0.0,3.29,4917.4,1
2025-12-17,2025-12-17 11:36:00,1495.6,1495.62,1495.6,1495.62,0.0,3.29,4917.4,1
2025-12-17,2025-12-17 11:37:00,1495.62,1495.63,1495.62,1495.63,0.0,3.29,4917.4,1
2025-12-17,2025-12-17 11:38:00,1495.63,1495.65,1495.63,1495.65,0.0,3.29,4917.4,1
2025-12-17,2025-12-17 11:39:00,1495.65,1495.67,1495.65,1495.67,0.0,3.29,4917.4,1
2025-12-17,2025-12-17 11:40:00,1495.67,1495.68,1495.67,1495.68,0.0,3.29,4917.4,1
2025-12-17,2025-12-17 11:41:00,1495.68,1495.7,1495.68,1495.7,0.0,3.29,4917.4,1
2025-12-17,2025-12-17 11:42:00,1495.7,1495.72,1495.7,1495.72,0.0,3.29,4917.4,1
2025-12-17,2025-12-17 11:43:00,1495.72,1495.73,1495.72,1495.73,0.0,3.29,4917.4,1
2025-12-17,2025-12-17 11:44:00,1495.73,1495.75,1495.73,1495.75,0.0,3.29,4917.4,1
2025-12-17,2025-12-17 11:45:00,1495.75,1495.77,1495.75,1495.77,0.0,3.29,4917.4,1
2025-12-17,2025-12-17 11:46:00,1495.77,1495.78,1495.77,1495.78,0.0,3.29,4917.4,1
2025-12-17,2025-12-17 11:47:00,1495.78,1495.8,1495.78,1495.8,0.0,3.29,4917.4,1
2025-12-17,2025-12-17 11:48:00,1495.8,1495.82,1495.8,1495.82,0.0,3.29,4917.4,1
2025-12-17,2025-12-17 11:49:00,1495.82,1495.83,1495.82,1495.83,0.0,3.29,4917.4,1
2025-12-17,2025-12-17 11:50:00,1495.83,1495.85,1495.83,1495.85,0.0,3.29,4917.4,1
2025-12-17,2025-12-17 11:51:00,1495.85,1495.87,1495.85,1495.87,0.0,3.29,4917.4,1
2025-12-17,2025-12-17 11:52:00,1495.87,1495.88,1495.87,1495.88,0.0,3.29,4917.4,1
2025-12-17,2025-12-17 11:53:00,1495.88,1495.9,1495.88,1495.9,0.0,3.29,4917.4,1
2025-12-17,2025-12-17 11:54:00,1495.9,1495.92,1495.9,1495.92,0.0,3.29,4917.4,1
2025-12-17,2025-12-17 11:55:00,1495.92,1495.93,1495.92,1495.93,0.0,3.29,4917.4,1
2025-12-17,2025-12-17 11:56:00,1495.93,1495.95,1495.93,1495.95,0.0,3.29,4917.4,1
2025-12-17,2025-12-17 11:57:00,1495.95,1495.97,1495.95,1495.97,0.0,3.29,4917.4,1
2025-12-17,2025-12-17 11:58:00,1495.97,1495.98,1495.97,1495.98,0.0,3.29,4917.4,1
2025-12-17,2025-12-17 11:59:00,1495.98,1496.0,1495.98,1496.0,0.0,3.29,4917.4,1
2025-12-17,2025-12-17 12:00:00,1496.0,1496.02,1496.0,1496.02,0.0,3.29,4917.4,1
2025-12-17,2025-12-17 12:01:00,1496.02,1496.03,1496.02,1496.03,0.0,3.29,4917.4,1
2025-12-17,2025-12-17 12:02:00,1496.03,1496.05,1496.03,1496.05,0.0,3.29,4917.4,1
2025-12-17,2025-12-17 12:03:00,1496.05,1496.07,1496.05,1496.07,0.0,3.29,4917.4,1
2025-12-17,2025-12-17 12:04:00,1496.07,1496.08,1496.07,1496.08,0.0,3.29,4917.4,1
2025-12-17,2025-12-17 12:05:00,1496.08,1496.1,1496.08,1496.1,0.0,3.29,4917.4,1
2025-12-17,2025-12-17 12:06:00,1496.1,1496.12,1496.1,1496.12,0.0,3.29,4917.4,1
2025-12-17,2025-12-17 12:07:00,1496.12,1496.13,1496.12,1496.13,0.0,3.29,4917.4,1
2025-12-17,2025-12-17 12:08:00,1496.13,1496.15,1496.13,1496.15,0.0,3.29,4917.4,1
2025-12-17,2025-12-17 12:09:00,1496.15,1496.17,1496.15,1496.17,0.0,3.29,4917.4,1
2025-12-17,2025-12-17 12:10:00,1496.17,1496.18,1496.17,1496.18,0.0,3.29,4917.4,1
2025-12-17,2025-12-17 12:11:00,1496.18,1496.2,1496.18,1496.2,0.0,3.29,4917.4,1
2025-12-17,2025-12-17 12:12:00,1496.2,1496.22,1496.2,1496.22,0.0,3.29,4917.4,1
2025-12-17,2025-12-17 12:13:00,1496.22,1496.23,1496.22,1496.23,0.0,3.29,4917.4,1
2025-12-17,2025-12-17 12:14:00,1496.23,1496.25,1496.23,1496.25,0.0,3.29,4917.4,1
2025-12-17,2025-12-17 12:15:00,1496.25,1496.27,1496.25,1496.27,0.0,3.29,4917.4,1
2025-12-17,2025-12-17 12:16:00,1496.27,1496.28,1496.27,1496.28,0.0,3.29,4917.4,1
2025-12-17,2025-12-17 12:17:00,1496.28,1496.3,1496.28,1496.3,0.0,3.29,4917.4,1
2025-12-17,2025-12-17 12:18:00,1496.3,1496.32,1496.3,1496.32,0.0,3.29,4917.4,1
2025-12-17,2025-12-17 12:19:00,1496.32,1496.33,1496.32,1496.33,0.0,3.29,4917.4,1
2025-12-17,2025-12-17 12:20:00,1496.33,1496.35,1496.33,1496.35,0.0,3.29,4917.4,1
2025-12-17,2025-12-17 12:21:00,1496.35,1496.37,1496.35,1496.37,0.0,3.29,4917.4,1
2025-12-17,2025-12-17 12:22:00,1496.37,1496.38,1496.37,1496.38,0.0,3.29,4917.4,1
2025-12-17,2025-12-17 12:23:00,1496.38,1496.4,1496.38,1496.4,0.0,3.29,4917.4,1
2025-12-17,2025-12-17 12:24:00,1496.4,1496.42,1496.4,1496.42,0.0,3.29,4917.4,1
2025-12-17,2025-12-17 12:25:00,1496.42,1496.43,1496.42,1496.43,0.0,3.29,4917.4,1
2025-12-17,2025-12-17 12:26:00,1496.43,1496.45,1496.43,1496.45,0.0,3.29,4917.4,1
2025-12-17,2025-12-17 12:27:00,1496.45,1496.47,1496.45,1496.47,0.0,3.29,4917.4,1
2025-12-17,2025-12-17 12:28:00,1496.47,1496.48,1496.47,1496.48,0.0,3.29,4917.4,1
2025-12-17,2025-12-17 12:29:00,1496.48,1496.5,1496.48,1496.5,0.0,3.29,4917.4,1
2025-12-17,2025-12-17 12:30:00,1496.5,1496.52,1496.5,1496.52,0.0,3.29,4917.4,1
2025-12-17,2025-12-17 12:31:00,1496.52,1496.53,1496.52,1496.53,0.0,3.29,4917.4,1
2025-12-17,2025-12-17 12:32:00,1496.53,1496.55,1496.53,1496.55,0.0,3.29,4917.4,1
2025-12-17,2025-12-17 12:33:00,1496.55,1496.57,1496.55,1496.57,0.0,3.29,4917.4,1
2025-12-17,2025-12-17 12:34:00,1496.57,1496.58,1496.57,1496.58,0.0,3.29,4917.4,1
2025-12-17,2025-12-17 12:35:00,1496.58,1496.6,1496.58,1496.6,0.0,3.29,4917.4,1
2025-12-17,2025-12-17 12:36:00,1496.6,1496.62,1496.6,1496.62,0.0,3.29,4917.4,1
2025-12-17,2025-12-17 12:37:00,1496.62,1496.63,1496.62,1496.63,0.0,3.29,4917.4,1
2025-12-17,2025-12-17 12:38:00,1496.63,1496.65,1496.63,1496.65,0.0,3.29,4917.4,1
2025-12-17,2025-12-17 12:39:00,1496.65,1496.67,1496.65,1496.67,0.0,3.29,4917.4,1
2025-12-17,2025-12-17 12:40:00,1496.67,1496.68,1496.67,1496.68,0.0,3.29,4917.4,1
2025-12-17,2025-12-17 12:41:00,1496.68,1496.7,1496.68,1496.7,0.0,3.29,4917.4,1
2025-12-17,2025-12-17 12:42:00,1496.7,1496.72,1496.7,1496.72,0.0,3.29,4917.4,1
2025-12-17,2025-12-17 12:43:00,1496.72,1496.73,1496.72,1496.73,0.0,3.29,4917.4,1
2025-12-17,2025-12-17 12:44:00,1496.73,1496.75,1496.73,1496.75,0.0,3.29,4917.4,1
2025-12-17,2025-12-17 12:45:00,1496.75,1496.77,1496.75,1496.77,0.0,3.29,4917.4,1
2025-12-17,2025-12-17 12:46:00,1496.77,1496.78,1496.77,1496.78,0.0,3.29,4917.4,1
2025-12-17,2025-12-17 12:47:00,1496.78,1496.8,1496.78,1496.8,0.0,3.29,4917.4,1
2025-12-17,2025-12-17 12:48:00,1496.8,1496.82,1496.8,1496.82,0.0,3.29,4917.4,1
2025-12-17,2025-12-17 12:49:00,1496.82,1496.83,1496.82,1496.83,0.0,3.29,4917.4,1
2025-12-17,2025-12-17 12:50:00,1496.83,1496.85,1496.83,1496.85,0.0,3.29,4917.4,1
2025-12-17,2025-12-17 12:51:00,1496.85,1496.87,1496.85,1496.87,0.0,3.29,4917.4,1
2025-12-17,2025-12-17 12:52:00,1496.87,1496.88,1496.87,1496.88,0.0,3.29,4917.4,1
2025-12-17,2025-12-17 12:53:00,1496.88,1496.9,1496.88,1496.9,0.0,3.29,4917.4,1
2025-12-17,2025-12-17 12:54:00,1496.9,1496.92,1496.9,1496.92,0.0,3.29,4917.4,1
2025-12-17,2025-12-17 12:55:00,1496.92,1496.93,1496.92,1496.93,0.0,3.29,4917.4,1
2025-12-17,2025-12-17 12:56:00,1496.93,1496.95,1496.93,1496.95,0.0,3.29,4917.4,1
2025-12-17,2025-12-17 12:57:00,1496.95,1496.97,1496.95,1496.97,0.0,3.29,4917.4,1
2025-12-17,2025-12-17 12:58:00,1496.97,1496.98,1496.97,1496.98,0.0,3.29,4917.4,1
2025-12-17,2025-12-17 12:59:00,1496.98,1497.0,1496.98,1497.0,0.0,3.29,4917.4,1
2025-12-17,2025-12-17 13:00:00,1497.0,1505.0,1481.0,1497.02,0.0,3.29,4917.4,1
2025-12-17,2025-12-17 13:01:00,1497.02,1497.03,1497.02,1497.03,0.0,3.29,4917.4,1
2025-12-17,2025-12-17 13:02:00,1497.03,1497.05,1497.03,1497.05,0.0,3.29,4917.4,1
2025-12-17,2025-12-17 13:03:00,1497.05,1497.07,1497.05,1497.07,0.0,3.29,4917.4,1
2025-12-17,2025-12-17 13:04:00,1497.07,1497.08,1497.07,1497.08,0.0,3.29,4917.4,1
2025-12-17,2025-12-17 13:05:00,1497.08,1497.1,1497.08,1497.1,0.0,3.29,4917.4,1
2025-12-17,2025-12-17 13:06:00,1497.1,1497.12,1497.1,1497.12,0.0,3.29,4917.4,1
2025-12-17,2025-12-17 13:07:00,1497.12,1497.13,1497.12,1497.13,0.0,3.29,4917.4,1
2025-12-17,2025-12-17 13:08:00,1497.13,1497.15,1497.13,1497.15,0.0,3.29,4917.4,1
2025-12-17,2025-12-17 13:09:00,1497.15,1497.17,1497.15,1497.17,0.0,3.29,4917.4,1
2025-12-17,2025-12-17 13:10:00,1497.17,1497.18,1497.17,1497.18,0.0,3.29,4917.4,1
2025-12-17,2025-12-17 13:11:00,1497.18,1497.2,1497.18,1497.2,0.0,3.29,4917.4,1
2025-12-17,2025-12-17 13:12:00,1497.2,1497.22,1497.2,1497.22,0.0,3.29,4917.4,1
2025-12-17,2025-12-17 13:13:00,1497.22,1497.23,1497.22,1497.23,0.0,3.29,4917.4,1
2025-12-17,2025-12-17 13:14:00,1497.23,1497.25,1497.23,1497.25,0.0,3.29,4917.4,1
2025-12-17,2025-12-17 13:15:00,1497.25,1497.27,1497.25,1497.27,0.0,3.29,4917.4,1
2025-12-17,2025-12-17 13:16:00,1497.27,1497.28,1497.27,1497.28,0.0,3.29,4917.4,1
2025-12-17,2025-12-17 13:17:00,1497.28,1497.3,1497.28,1497.3,0.0,3.29,4917.4,1
2025-12-17,2025-12-17 13:18:00,1497.3,1497.32,1497.3,1497.32,0.0,3.29,4917.4,1
2025-12-17,2025-12-17 13:19:00,1497.32,1497.33,1497.32,1497.33,0.0,3.29,4917.4,1
2025-12-17,2025-12-17 13:20:00,1497.33,1497.35,1497.33,1497.35,0.0,3.29,4917.4,1
2025-12-17,2025-12-17 13:21:00,1497.35,1497.37,1497.35,1497.37,0.0,3.29,4917.4,1
2025-12-17,2025-12-17 13:22:00,1497.37,1497.38,1497.37,1497.38,0.0,3.29,4917.4,1
2025-12-17,2025-12-17 13:23:00,1497.38,1497.4,1497.38,1497.4,0.0,3.29,4917.4,1
2025-12-17,2025-12-17 13:24:00,1497.4,1497.42,1497.4,1497.42,0.0,3.29,4917.4,1
2025-12-17,2025-12-17 13:25:00,1497.42,1497.43,1497.42,1497.43,0.0,3.29,4917.4,1
2025-12-17,2025-12-17 13:26:00,1497.43,1497.45,1497.43,1497.45,0.0,3.29,4917.4,1
2025-12-17,2025-12-17 13:27:00,1497.45,1497.47,1497.45,1497.47,0.0,3.29,4917.4,1
2025-12-17,2025-12-17 13:28:00,1497.47,1497.48,1497.47,1497.48,0.0,3.29,4917.4,1
2025-12-17,2025-12-17 13:29:00,1497.48,1497.5,1497.48,1497.5,0.0,3.29,4917.4,1
2025-12-17,2025-12-17 13:30:00,1497.5,1497.52,1497.5,1497.52,0.0,3.29,4917.4,1
2025-12-17,2025-12-17 13:31:00,1497.52,1497.53,1497.52,1497.53,0.0,3.29,4917.4,1
2025-12-17,2025-12-17 13:32:00,1497.53,1497.55,1497.53,1497.55,0.0,3.29,4917.4,1
2025-12-17,2025-12-17 13:33:00,1497.55,1497.57,1497.55,1497.57,0.0,3.29,4917.4,1
2025-12-17,2025-12-17 13:34:00,1497.57,1497.58,1497.57,1497.58,0.0,3.29,4917.4,1
2025-12-17,2025-12-17 13:35:00,1497.58,1497.6,1497.58,1497.6,0.0,3.29,4917.4,1
2025-12-17,2025-12-17 13:36:00,1497.6,1497.62,1497.6,1497.62,0.0,3.29,4917.4,1
2025-12-17,2025-12-17 13:37:00,1497.62,1497.63,1497.62,1497.63,0.0,3.29,4917.4,1
2025-12-17,2025-12-17 13:38:00,1497.63,1497.65,1497.63,1497.65,0.0,3.29,4917.4,1
2025-12-17,2025-12-17 13:39:00,1497.65,1497.67,1497.65,1497.67,0.0,3.29,4917.4,1
2025-12-17,2025-12-17 13:40:00,1497.67,1497.68,1497.67,1497.68,0.0,3.29,4917.4,1
2025-12-17,2025-12-17 13:41:00,1497.68,1497.7,1497.68,1497.7,0.0,3.29,4917.4,1
2025-12-17,2025-12-17 13:42:00,1497.7,1497.72,1497.7,1497.72,0.0,3.29,4917.4,1
2025-12-17,2025-12-17 13:43:00,1497.72,1497.73,1497.72,1497.73,0.0,3.29,4917.4,1
2025-12-17,2025-12-17 13:44:00,1497.73,1497.75,1497.73,1497.75,0.0,3.29,4917.4,1
2025-12-17,2025-12-17 13:45:00,1497.75,1497.77,1497.75,1497.77,0.0,3.29,4917.4,1
2025-12-17,2025-12-17 13:46:00,1497.77,1497.78,1497.77,1497.78,0.0,3.29,4917.4,1
2025-12-17,2025-12-17 13:47:00,1497.78,1497.8,1497.78,1497.8,0.0,3.29,4917.4,1
2025-12-17,2025-12-17 13:48:00,1497.8,1497.82,1497.8,1497.82,0.0,3.29,4917.4,1
2025-12-17,2025-12-17 13:49:00,1497.82,1497.83,1497.82,1497.83,0.0,3.29,4917.4,1
2025-12-17,2025-12-17 13:50:00,1497.83,1497.85,1497.83,1497.85,0.0,3.29,4917.4,1
2025-12-17,2025-12-17 13:51:00,1497.85,1497.87,1497.85,1497.87,0.0,3.29,4917.4,1
2025-12-17,2025-12-17 13:52:00,1497.87,1497.88,1497.87,1497.88,0.0,3.29,4917.4,1
2025-12-17,2025-12-17 13:53:00,1497.88,1497.9,1497.88,1497.9,0.0,3.29,4917.4,1
2025-12-17,2025-12-17 13:54:00,1497.9,1497.92,1497.9,1497.92,0.0,3.29,4917.4,1
2025-12-17,2025-12-17 13:55:00,1497.92,1497.93,1497.92,1497.93,0.0,3.29,4917.4,1
2025-12-17,2025-12-17 13:56:00,1497.93,1497.95,1497.93,1497.95,0.0,3.29,4917.4,1
2025-12-17,2025-12-17 13:57:00,1497.95,1497.97,1497.95,1497.97,0.0,3.29,4917.4,1
2025-12-17,2025-12-17 13:58:00,1497.97,1497.98,1497.97,1497.98,0.0,3.29,4917.4,1
2025-12-17,2025-12-17 13:59:00,1497.98,1498.0,1497.98,1498.0,0.0,3.29,4917.4,1
2025-12-17,2025-12-17 14:00:00,1498.0,1498.02,1498.0,1498.02,0.0,3.29,4917.4,1
2025-12-17,2025-12-17 14:01:00,1498.02,1498.03,1498.02,1498.03,0.0,3.29,4917.4,1
2025-12-17,2025-12-17 14:02:00,1498.03,1498.05,1498.03,1498.05,0.0,3.29,4917.4,1
2025-12-17,2025-12-17 14:03:00,1498.05,1498.07,1498.05,1498.07,0.0,3.29,4917.4,1
2025-12-17,2025-12-17 14:04:00,1498.07,1498.08,1498.07,1498.08,0.0,3.29,4917.4,1
2025-12-17,2025-12-17 14:05:00,1498.08,1498.1,1498.08,1498.1,0.0,3.29,4917.4,1
2025-12-17,2025-12-17 14:06:00,1498.1,1498.12,1498.1,1498.12,0.0,3.29,4917.4,1
2025-12-17,2025-12-17 14:07:00,1498.12,1498.13,1498.12,1498.13,0.0,3.29,4917.4,1
2025-12-17,2025-12-17 14:08:00,1498.13,1498.15,1498.13,1498.15,0.0,3.29,4917.4,1
2025-12-17,2025-12-17 14:09:00,1498.15,1498.17,1498.15,1498.17,0.0,3.29,4917.4,1
2025-12-17,2025-12-17 14:10:00,1498.17,1498.18,1498.17,1498.18,0.0,3.29,4917.4,1
2025-12-17,2025-12-17 14:11:00,1498.18,1498.2,1498.18,1498.2,0.0,3.29,4917.4,1
2025-12-17,2025-12-17 14:12:00,1498.2,1498.22,1498.2,1498.22,0.0,3.29,4917.4,1
2025-12-17,2025-12-17 14:13:00,1498.22,1498.23,1498.22,1498.23,0.0,3.29,4917.4,1
2025-12-17,2025-12-17 14:14:00,1498.23,1498.25,1498.23,1498.25,0.0,3.29,4917.4,1
2025-12-17,2025-12-17 14:15:00,1498.25,1498.27,1498.25,1498.27,0.0,3.29,4917.4,1
2025-12-17,2025-12-17 14:16:00,1498.27,1498.28,1498.27,1498.28,0.0,3.29,4917.4,1
2025-12-17,2025-12-17 14:17:00,1498.28,1498.3,1498.28,1498.3,0.0,3.29,4917.4,1
2025-12-17,2025-12-17 14:18:00,1498.3,1498.32,1498.3,1498.32,0.0,3.29,4917.4,1
2025-12-17,2025-12-17 14:19:00,1498.32,1498.33,1498.32,1498.33,0.0,3.29,4917.4,1
2025-12-17,2025-12-17 14:20:00,1498.33,1498.35,1498.33,1498.35,0.0,3.29,4917.4,1
2025-12-17,2025-12-17 14:21:00,1498.35,1498.37,1498.35,1498.37,0.0,3.29,4917.4,1
2025-12-17,2025-12-17 14:22:00,1498.37,1498.38,1498.37,1498.38,0.0,3.29,4917.4,1
2025-12-17,2025-12-17 14:23:00,1498.38,1498.4,1498.38,1498.4,0.0,3.29,4917.4,1
2025-12-17,2025-12-17 14:24:00,1498.4,1498.42,1498.4,1498.42,0.0,3.29,4917.4,1
2025-12-17,2025-12-17 14:25:00,1498.42,1498.43,1498.42,1498.43,0.0,3.29,4917.4,1
2025-12-17,2025-12-17 14:26:00,1498.43,1498.45,1498.43,1498.45,0.0,3.29,4917.4,1
2025-12-17,2025-12-17 14:27:00,1498.45,1498.47,1498.45,1498.47,0.0,3.29,4917.4,1
2025-12-17,2025-12-17 14:28:00,1498.47,1498.48,1498.47,1498.48,0.0,3.29,4917.4,1
2025-12-17,2025-12-17 14:29:00,1498.48,1498.5,1498.48,1498.5,0.0,3.29,4917.4,1
2025-12-17,2025-12-17 14:30:00,1498.5,1498.52,1498.5,1498.52,0.0,3.29,4917.4,1
2025-12-17,2025-12-17 14:31:00,1498.52,1498.53,1498.52,1498.53,0.0,3.29,4917.4,1
2025-12-17,2025-12-17 14:32:00,1498.53,1498.55,1498.53,1498.55,0.0,3.29,4917.4,1
2025-12-17,2025-12-17 14:33:00,1498.55,1498.57,1498.55,1498.57,0.0,3.29,4917.4,1
2025-12-17,2025-12-17 14:34:00,1498.57,1498.58,1498.57,1498.58,0.0,3.29,4917.4,1
2025-12-17,2025-12-17 14:35:00,1498.58,1498.6,1498.58,1498.6,0.0,3.29,4917.4,1
2025-12-17,2025-12-17 14:36:00,1498.6,1498.62,1498.6,1498.62,0.0,3.29,4917.4,1
2025-12-17,2025-12-17 14:37:00,1498.62,1498.63,1498.62,1498.63,0.0,3.29,4917.4,1
2025-12-17,2025-12-17 14:38:00,1498.63,1498.65,1498.63,1498.65,0.0,3.29,4917.4,1
2025-12-17,2025-12-17 14:39:00,1498.65,1498.67,1498.65,1498.67,0.0,3.29,4917.4,1
2025-12-17,2025-12-17 14:40:00,1498.67,1498.68,1498.67,1498.68,0.0,3.29,4917.4,1
2025-12-17,2025-12-17 14:41:00,1498.68,1498.7,1498.68,1498.7,0.0,3.29,4917.4,1
2025-12-17,2025-12-17 14:42:00,1498.7,1498.72,1498.7,1498.72,0.0,3.29,4917.4,1
2025-12-17,2025-12-17 14:43:00,1498.72,1498.73,1498.72,1498.73,0.0,3.29,4917.4,1
2025-12-17,2025-12-17 14:44:00,1498.73,1498.75,1498.73,1498.75,0.0,3.29,4917.4,1
2025-12-17,2025-12-17 14:45:00,1498.75,1498.77,1498.75,1498.77,0.0,3.29,4917.4,1
2025-12-17,2025-12-17 14:46:00,1498.77,1498.78,1498.77,1498.78,0.0,3.29,4917.4,1
2025-12-17,2025-12-17 14:47:00,1498.78,1498.8,1498.78,1498.8,0.0,3.29,4917.4,1
2025-12-17,2025-12-17 14:48:00,1498.8,1498.82,1498.8,1498.82,0.0,3.29,4917.4,1
2025-12-17,2025-12-17 14:49:00,1498.82,1498.83,1498.82,1498.83,0.0,3.29,4917.4,1
2025-12-17,2025-12-17 14:50:00,1498.83,1498.85,1498.83,1498.85,0.0,3.29,4917.4,1
2025-12-17,2025-12-17 14:51:00,1498.85,1498.87,1498.85,1498.87,0.0,3.29,4917.4,1
2025-12-17,2025-12-17 14:52:00,1498.87,1498.88,1498.87,1498.88,0.0,3.29,4917.4,1
2025-12-17,2025-12-17 14:53:00,1498.88,1498.9,1498.88,1498.9,0.0,3.29,4917.4,1
2025-12-17,2025-12-17 14:54:00,1498.9,1498.92,1498.9,1498.92,0.0,3.29,4917.4,1
2025-12-17,2025-12-17 14:55:00,1498.92,1498.93,1498.92,1498.93,0.0,3.29,4917.4,1
2025-12-17,2025-12-17 14:56:00,1498.93,1498.95,1498.93,1498.95,0.0,3.29,4917.4,1
2025-12-17,2025-12-17 14:57:00,1498.95,1498.97,1498.95,1498.97,0.0,3.29,4917.4,1
2025-12-17,2025-12-17 14:58:00,1498.97,1498.98,1498.97,1498.98,0.0,3.29,4917.4,1
2025-12-17,2025-12-17 14:59:00,1498.98,1499.0,1498.98,1499.0,0.0,3.29,4917.4,1
2025-12-17,2025-12-17 15:00:00,1499.0,1505.0,1481.0,1499.0,0.0,3.29,4917.4,0
2025-12-18,2025-12-18 11:00:00,1469.1,1502.07,1469.1,1469.53,0.03,33.2,50604.1,1
2025-12-18,2025-12-18 11:01:00,1469.53,1469.96,1469.53,1469.96,0.03,33.2,50604.1,1
2025-12-18,2025-12-18 11:02:00,1469.96,1470.39,1469.96,1470.39,0.03,33.2,50604.1,1
2025-12-18,2025-12-18 11:03:00,1470.39,1470.81,1470.39,1470.81,0.03,33.2,50604.1,1
2025-12-18,2025-12-18 11:04:00,1470.81,1471.24,1470.81,1471.24,0.03,33.2,50604.1,1
2025-12-18,2025-12-18 11:05:00,1471.24,1471.67,1471.24,1471.67,0.03,33.2,50604.1,1
2025-12-18,2025-12-18 11:06:00,1471.67,1472.1,1471.67,1472.1,0.03,33.2,50604.1,1
2025-12-18,2025-12-18 11:07:00,1472.1,1472.53,1472.1,1472.53,0.03,33.2,50604.1,1
2025-12-18,2025-12-18 11:08:00,1472.53,1472.96,1472.53,1472.96,0.03,33.2,50604.1,1
2025-12-18,2025-12-18 11:09:00,1472.96,1473.39,1472.96,1473.39,0.03,33.2,50604.1,1
2025-12-18,2025-12-18 11:10:00,1473.39,1473.82,1473.39,1473.82,0.03,33.2,50604.1,1
2025-12-18,2025-12-18 11:11:00,1473.82,1474.24,1473.82,1474.24,0.03,33.2,50604.1,1
2025-12-18,2025-12-18 11:12:00,1474.24,1474.67,1474.24,1474.67,0.03,33.2,50604.1,1
2025-12-18,2025-12-18 11:13:00,1474.67,1475.1,1474.67,1475.1,0.03,33.2,50604.1,1
2025-12-18,2025-12-18 11:14:00,1475.1,1475.53,1475.1,1475.53,0.03,33.2,50604.1,1
2025-12-18,2025-12-18 11:15:00,1475.53,1475.96,1475.53,1475.96,0.03,33.2,50604.1,1
2025-12-18,2025-12-18 11:16:00,1475.96,1476.39,1475.96,1476.39,0.03,33.2,50604.1,1
2025-12-18,2025-12-18 11:17:00,1476.39,1476.82,1476.39,1476.82,0.03,33.2,50604.1,1
2025-12-18,2025-12-18 11:18:00,1476.82,1477.25,1476.82,1477.25,0.03,33.2,50604.1,1
2025-12-18,2025-12-18 11:19:00,1477.25,1477.67,1477.25,1477.67,0.03,33.2,50604.1,1
2025-12-18,2025-12-18 11:20:00,1477.67,1478.1,1477.67,1478.1,0.03,33.2,50604.1,1
2025-12-18,2025-12-18 11:21:00,1478.1,1478.53,1478.1,1478.53,0.03,33.2,50604.1,1
2025-12-18,2025-12-18 11:22:00,1478.53,1478.96,1478.53,1478.96,0.03,33.2,50604.1,1
2025-12-18,2025-12-18 11:23:00,1478.96,1479.39,1478.96,1479.39,0.03,33.2,50604.1,1
2025-12-18,2025-12-18 11:24:00,1479.39,1479.82,1479.39,1479.82,0.03,33.2,50604.1,1
2025-12-18,2025-12-18 11:25:00,1479.82,1480.25,1479.82,1480.25,0.03,33.2,50604.1,1
2025-12-18,2025-12-18 11:26:00,1480.25,1480.68,1480.25,1480.68,0.03,33.2,50604.1,1
2025-12-18,2025-12-18 11:27:00,1480.68,1481.11,1480.68,1481.11,0.03,33.2,50604.1,1
2025-12-18,2025-12-18 11:28:00,1481.11,1481.53,1481.11,1481.53,0.03,33.2,50604.1,1
2025-12-18,2025-12-18 11:29:00,1481.53,1481.96,1481.53,1481.96,0.03,33.2,50604.1,1
2025-12-18,2025-12-18 11:30:00,1481.96,1482.39,1481.96,1482.39,0.03,33.2,50604.1,1
2025-12-18,2025-12-18 11:31:00,1482.39,1482.82,1482.39,1482.82,0.03,33.2,50604.1,1
2025-12-18,2025-12-18 11:32:00,1482.82,1483.25,1482.82,1483.25,0.03,33.2,50604.1,1
2025-12-18,2025-12-18 11:33:00,1483.25,1483.68,1483.25,1483.68,0.03,33.2,50604.1,1
2025-12-18,2025-12-18 11:34:00,1483.68,1484.11,1483.68,1484.11,0.03,33.2,50604.1,1
2025-12-18,2025-12-18 11:35:00,1484.11,1484.53,1484.11,1484.53,0.03,33.2,50604.1,1
2025-12-18,2025-12-18 11:36:00,1484.53,1484.96,1484.53,1484.96,0.03,33.2,50604.1,1
2025-12-18,2025-12-18 11:37:00,1484.96,1485.39,1484.96,1485.39,0.03,33.2,50604.1,1
2025-12-18,2025-12-18 11:38:00,1485.39,1485.82,1485.39,1485.82,0.03,33.2,50604.1,1
2025-12-18,2025-12-18 11:39:00,1485.82,1486.25,1485.82,1486.25,0.03,33.2,50604.1,1
2025-12-18,2025-12-18 11:40:00,1486.25,1486.68,1486.25,1486.68,0.03,33.2,50604.1,1
2025-12-18,2025-12-18 11:41:00,1486.68,1487.11,1486.68,1487.11,0.03,33.2,50604.1,1
2025-12-18,2025-12-18 11:42:00,1487.11,1487.54,1487.11,1487.54,0.03,33.2,50604.1,1
2025-12-18,2025-12-18 11:43:00,1487.54,1487.96,1487.54,1487.96,0.03,33.2,50604.1,1
2025-12-18,2025-12-18 11:44:00,1487.96,1488.39,1487.96,1488.39,0.03,33.2,50604.1,1
2025-12-18,2025-12-18 11:45:00,1488.39,1488.82,1488.39,1488.82,0.03,33.2,50604.1,1
2025-12-18,2025-12-18 11:46:00,1488.82,1489.25,1488.82,1489.25,0.03,33.2,50604.1,1
2025-12-18,2025-12-18 11:47:00,1489.25,1489.68,1489.25,1489.68,0.03,33.2,50604.1,1
2025-12-18,2025-12-18 11:48:00,1489.68,1490.11,1489.68,1490.11,0.03,33.2,50604.1,1
2025-12-18,2025-12-18 11:49:00,1490.11,1490.54,1490.11,1490.54,0.03,33.2,50604.1,1
2025-12-18,2025-12-18 11:50:00,1490.54,1490.97,1490.54,1490.97,0.03,33.2,50604.1,1
2025-12-18,2025-12-18 11:51:00,1490.97,1491.39,1490.97,1491.39,0.03,33.2,50604.1,1
2025-12-18,2025-12-18 11:52:00,1491.39,1491.82,1491.39,1491.82,0.03,33.2,50604.1,1
2025-12-18,2025-12-18 11:53:00,1491.82,1492.25,1491.82,1492.25,0.03,33.2,50604.1,1
2025-12-18,2025-12-18 11:54:00,1492.25,1492.68,1492.25,1492.68,0.03,33.2,50604.1,1
2025-12-18,2025-12-18 11:55:00,1492.68,1493.11,1492.68,1493.11,0.03,33.2,50604.1,1
2025-12-18,2025-12-18 11:56:00,1493.11,1493.54,1493.11,1493.54,0.03,33.2,50604.1,1
2025-12-18,2025-12-18 11:57:00,1493.54,1493.97,1493.54,1493.97,0.03,33.2,50604.1,1
2025-12-18,2025-12-18 11:58:00,1493.97,1494.4,1493.97,1494.4,0.03,33.2,50604.1,1
2025-12-18,2025-12-18 11:59:00,1494.4,1494.82,1494.4,1494.82,0.03,33.2,50604.1,1
2025-12-18,2025-12-18 12:00:00,1494.82,1495.25,1494.82,1495.25,0.03,33.2,50604.1,1
2025-12-18,2025-12-18 12:01:00,1495.25,1495.68,1495.25,1495.68,0.03,33.2,50604.1,1
2025-12-18,2025-12-18 12:02:00,1495.68,1496.11,1495.68,1496.11,0.03,33.2,50604.1,1
2025-12-18,2025-12-18 12:03:00,1496.11,1496.54,1496.11,1496.54,0.03,33.2,50604.1,1
2025-12-18,2025-12-18 12:04:00,1496.54,1496.97,1496.54,1496.97,0.03,33.2,50604.1,1
2025-12-18,2025-12-18 12:05:00,1496.97,1497.4,1496.97,1497.4,0.03,33.2,50604.1,1
2025-12-18,2025-12-18 12:06:00,1497.4,1497.83,1497.4,1497.83,0.03,33.2,50604.1,1
2025-12-18,2025-12-18 12:07:00,1497.83,1498.25,1497.83,1498.25,0.03,33.2,50604.1,1
2025-12-18,2025-12-18 12:08:00,1498.25,1498.68,1498.25,1498.68,0.03,33.2,50604.1,1
2025-12-18,2025-12-18 12:09:00,1498.68,1499.11,1498.68,1499.11,0.03,33.2,50604.1,1
2025-12-18,2025-12-18 12:10:00,1499.11,1499.54,1499.11,1499.54,0.03,33.2,50604.1,1
2025-12-18,2025-12-18 12:11:00,1499.54,1499.97,1499.54,1499.97,0.03,33.2,50604.1,1
2025-12-18,2025-12-18 12:12:00,1499.97,1500.4,1499.97,1500.4,0.03,33.2,50604.1,1
2025-12-18,2025-12-18 12:13:00,1500.4,1500.83,1500.4,1500.83,0.03,33.2,50604.1,1
2025-12-18,2025-12-18 12:14:00,1500.83,1501.26,1500.83,1501.26,0.03,33.2,50604.1,1
2025-12-18,2025-12-18 12:15:00,1501.26,1501.68,1501.26,1501.68,0.03,33.2,50604.1,1
2025-12-18,2025-12-18 12:16:00,1501.68,1502.11,1501.68,1502.11,0.03,33.2,50604.1,1
2025-12-18,2025-12-18 12:17:00,1502.11,1502.54,1502.11,1502.54,0.03,33.2,50604.1,1
2025-12-18,2025-12-18 12:18:00,1502.54,1502.97,1502.54,1502.97,0.03,33.2,50604.1,1
2025-12-18,2025-12-18 12:19:00,1502.97,1503.4,1502.97,1503.4,0.03,33.2,50604.1,1
2025-12-18,2025-12-18 12:20:00,1503.4,1503.83,1503.4,1503.83,0.03,33.2,50604.1,1
2025-12-18,2025-12-18 12:21:00,1503.83,1504.26,1503.83,1504.26,0.03,33.2,50604.1,1
2025-12-18,2025-12-18 12:22:00,1504.26,1504.69,1504.26,1504.69,0.03,33.2,50604.1,1
2025-12-18,2025-12-18 12:23:00,1504.69,1505.12,1504.69,1505.12,0.03,33.2,50604.1,1
2025-12-18,2025-12-18 12:24:00,1505.12,1505.54,1505.12,1505.54,0.03,33.2,50604.1,1
2025-12-18,2025-12-18 12:25:00,1505.54,1505.97,1505.54,1505.97,0.03,33.2,50604.1,1
2025-12-18,2025-12-18 12:26:00,1505.97,1506.4,1505.97,1506.4,0.03,33.2,50604.1,1
2025-12-18,2025-12-18 12:27:00,1506.4,1506.83,1506.4,1506.83,0.03,33.2,50604.1,1
2025-12-18,2025-12-18 12:28:00,1506.83,1507.26,1506.83,1507.26,0.03,33.2,50604.1,1
2025-12-18,2025-12-18 12:29:00,1507.26,1507.69,1507.26,1507.69,0.03,33.2,50604.1,1
2025-12-18,2025-12-18 12:30:00,1507.69,1508.12,1507.69,1508.12,0.03,33.2,50604.1,1
2025-12-18,2025-12-18 12:31:00,1508.12,1508.54,1508.12,1508.54,0.03,33.2,50604.1,1
2025-12-18,2025-12-18 12:32:00,1508.54,1508.97,1508.54,1508.97,0.03,33.2,50604.1,1
2025-12-18,2025-12-18 12:33:00,1508.97,1509.4,1508.97,1509.4,0.03,33.2,50604.1,1
2025-12-18,2025-12-18 12:34:00,1509.4,1509.83,1509.4,1509.83,0.03,33.2,50604.1,1
2025-12-18,2025-12-18 12:35:00,1509.83,1510.26,1509.83,1510.26,0.03,33.2,50604.1,1
2025-12-18,2025-12-18 12:36:00,1510.26,1510.69,1510.26,1510.69,0.03,33.2,50604.1,1
2025-12-18,2025-12-18 12:37:00,1510.69,1511.12,1510.69,1511.12,0.03,33.2,50604.1,1
2025-12-18,2025-12-18 12:38:00,1511.12,1511.55,1511.12,1511.55,0.03,33.2,50604.1,1
2025-12-18,2025-12-18 12:39:00,1511.55,1511.97,1511.55,1511.97,0.03,33.2,50604.1,1
2025-12-18,2025-12-18 12:40:00,1511.97,1512.4,1511.97,1512.4,0.03,33.2,50604.1,1
2025-12-18,2025-12-18 12:41:00,1512.4,1512.83,1512.4,1512.83,0.03,33.2,50604.1,1
2025-12-18,2025-12-18 12:42:00,1512.83,1513.26,1512.83,1513.26,0.03,33.2,50604.1,1
2025-12-18,2025-12-18 12:43:00,1513.26,1513.69,1513.26,1513.69,0.03,33.2,50604.1,1
2025-12-18,2025-12-18 12:44:00,1513.69,1514.12,1513.69,1514.12,0.03,33.2,50604.1,1
2025-12-18,2025-12-18 12:45:00,1514.12,1514.55,1514.12,1514.55,0.03,33.2,50604.1,1
2025-12-18,2025-12-18 12:46:00,1514.55,1514.98,1514.55,1514.98,0.03,33.2,50604.1,1
2025-12-18,2025-12-18 12:47:00,1514.98,1515.4,1514.98,1515.4,0.03,33.2,50604.1,1
2025-12-18,2025-12-18 12:48:00,1515.4,1515.83,1515.4,1515.83,0.03,33.2,50604.1,1
2025-12-18,2025-12-18 12:49:00,1515.83,1516.26,1515.83,1516.26,0.03,33.2,50604.1,1
2025-12-18,2025-12-18 12:50:00,1516.26,1516.69,1516.26,1516.69,0.03,33.2,50604.1,1
2025-12-18,2025-12-18 12:51:00,1516.69,1517.12,1516.69,1517.12,0.03,33.2,50604.1,1
2025-12-18,2025-12-18 12:52:00,1517.12,1517.55,1517.12,1517.55,0.03,33.2,50604.1,1
2025-12-18,2025-12-18 12:53:00,1517.55,1517.98,1517.55,1517.98,0.03,33.2,50604.1,1
2025-12-18,2025-12-18 12:54:00,1517.98,1518.41,1517.98,1518.41,0.03,33.2,50604.1,1
2025-12-18,2025-12-18 12:55:00,1518.41,1518.84,1518.41,1518.84,0.03,33.2,50604.1,1
2025-12-18,2025-12-18 12:56:00,1518.84,1519.26,1518.84,1519.26,0.03,33.2,50604.1,1
2025-12-18,2025-12-18 12:57:00,1519.26,1519.69,1519.26,1519.69,0.03,33.2,50604.1,1
2025-12-18,2025-12-18 12:58:00,1519.69,1520.12,1519.69,1520.12,0.03,33.2,50604.1,1
2025-12-18,2025-12-18 12:59:00,1520.12,1520.55,1520.12,1520.55,0.03,33.2,50604.1,1
2025-12-18,2025-12-18 13:00:00,1520.55,1579.0,1469.1,1520.98,0.03,33.2,50604.1,1
2025-12-18,2025-12-18 13:01:00,1520.98,1521.41,1520.98,1521.41,0.03,33.2,50604.1,1
2025-12-18,2025-12-18 13:02:00,1521.41,1521.84,1521.41,1521.84,0.03,33.2,50604.1,1
2025-12-18,2025-12-18 13:03:00,1521.84,1522.26,1521.84,1522.26,0.03,33.2,50604.1,1
2025-12-18,2025-12-18 13:04:00,1522.26,1522.69,1522.26,1522.69,0.03,33.2,50604.1,1
2025-12-18,2025-12-18 13:05:00,1522.69,1523.12,1522.69,1523.12,0.03,33.2,50604.1,1
2025-12-18,2025-12-18 13:06:00,1523.12,1523.55,1523.12,1523.55,0.03,33.2,50604.1,1
2025-12-18,2025-12-18 13:07:00,1523.55,1523.98,1523.55,1523.98,0.03,33.2,50604.1,1
2025-12-18,2025-12-18 13:08:00,1523.98,1524.41,1523.98,1524.41,0.03,33.2,50604.1,1
2025-12-18,2025-12-18 13:09:00,1524.41,1524.84,1524.41,1524.84,0.03,33.2,50604.1,1
2025-12-18,2025-12-18 13:10:00,1524.84,1525.27,1524.84,1525.27,0.03,33.2,50604.1,1
2025-12-18,2025-12-18 13:11:00,1525.27,1525.69,1525.27,1525.69,0.03,33.2,50604.1,1
2025-12-18,2025-12-18 13:12:00,1525.69,1526.12,1525.69,1526.12,0.03,33.2,50604.1,1
2025-12-18,2025-12-18 13:13:00,1526.12,1526.55,1526.12,1526.55,0.03,33.2,50604.1,1
2025-12-18,2025-12-18 13:14:00,1526.55,1526.98,1526.55,1526.98,0.03,33.2,50604.1,1
2025-12-18,2025-12-18 13:15:00,1526.98,1527.41,1526.98,1527.41,0.03,33.2,50604.1,1
2025-12-18,2025-12-18 13:16:00,1527.41,1527.84,1527.41,1527.84,0.03,33.2,50604.1,1
2025-12-18,2025-12-18 13:17:00,1527.84,1528.27,1527.84,1528.27,0.03,33.2,50604.1,1
2025-12-18,2025-12-18 13:18:00,1528.27,1528.7,1528.27,1528.7,0.03,33.2,50604.1,1
2025-12-18,2025-12-18 13:19:00,1528.7,1529.12,1528.7,1529.12,0.03,33.2,50604.1,1
2025-12-18,2025-12-18 13:20:00,1529.12,1529.55,1529.12,1529.55,0.03,33.2,50604.1,1
2025-12-18,2025-12-18 13:21:00,1529.55,1529.98,1529.55,1529.98,0.03,33.2,50604.1,1
2025-12-18,2025-12-18 13:22:00,1529.98,1530.41,1529.98,1530.41,0.03,33.2,50604.1,1
2025-12-18,2025-12-18 13:23:00,1530.41,1530.84,1530.41,1530.84,0.03,33.2,50604.1,1
2025-12-18,2025-12-18 13:24:00,1530.84,1531.27,1530.84,1531.27,0.03,33.2,50604.1,1
2025-12-18,2025-12-18 13:25:00,1531.27,1531.7,1531.27,1531.7,0.03,33.2,50604.1,1
2025-12-18,2025-12-18 13:26:00,1531.7,1532.13,1531.7,1532.13,0.03,33.2,50604.1,1
2025-12-18,2025-12-18 13:27:00,1532.13,1532.56,1532.13,1532.56,0.03,33.2,50604.1,1
2025-12-18,2025-12-18 13:28:00,1532.56,1532.98,1532.56,1532.98,0.03,33.2,50604.1,1
2025-12-18,2025-12-18 13:29:00,1532.98,1533.41,1532.98,1533.41,0.03,33.2,50604.1,1
2025-12-18,2025-12-18 13:30:00,1533.41,1533.84,1533.41,1533.84,0.03,33.2,50604.1,1
2025-12-18,2025-12-18 13:31:00,1533.84,1534.27,1533.84,1534.27,0.03,33.2,50604.1,1
2025-12-18,2025-12-18 13:32:00,1534.27,1534.7,1534.27,1534.7,0.03,33.2,50604.1,1
2025-12-18,2025-12-18 13:33:00,1534.7,1535.13,1534.7,1535.13,0.03,33.2,50604.1,1
2025-12-18,2025-12-18 13:34:00,1535.13,1535.56,1535.13,1535.56,0.03,33.2,50604.1,1
2025-12-18,2025-12-18 13:35:00,1535.56,1535.98,1535.56,1535.98,0.03,33.2,50604.1,1
2025-12-18,2025-12-18 13:36:00,1535.98,1536.41,1535.98,1536.41,0.03,33.2,50604.1,1
2025-12-18,2025-12-18 13:37:00,1536.41,1536.84,1536.41,1536.84,0.03,33.2,50604.1,1
2025-12-18,2025-12-18 13:38:00,1536.84,1537.27,1536.84,1537.27,0.03,33.2,50604.1,1
2025-12-18,2025-12-18 13:39:00,1537.27,1537.7,1537.27,1537.7,0.03,33.2,50604.1,1
2025-12-18,2025-12-18 13:40:00,1537.7,1538.13,1537.7,1538.13,0.03,33.2,50604.1,1
2025-12-18,2025-12-18 13:41:00,1538.13,1538.56,1538.13,1538.56,0.03,33.2,50604.1,1
2025-12-18,2025-12-18 13:42:00,1538.56,1538.99,1538.56,1538.99,0.03,33.2,50604.1,1
2025-12-18,2025-12-18 13:43:00,1538.99,1539.41,1538.99,1539.41,0.03,33.2,50604.1,1
2025-12-18,2025-12-18 13:44:00,1539.41,1539.84,1539.41,1539.84,0.03,33.2,50604.1,1
2025-12-18,2025-12-18 13:45:00,1539.84,1540.27,1539.84,1540.27,0.03,33.2,50604.1,1
2025-12-18,2025-12-18 13:46:00,1540.27,1540.7,1540.27,1540.7,0.03,33.2,50604.1,1
2025-12-18,2025-12-18 13:47:00,1540.7,1541.13,1540.7,1541.13,0.03,33.2,50604.1,1
2025-12-18,2025-12-18 13:48:00,1541.13,1541.56,1541.13,1541.56,0.03,33.2,50604.1,1
2025-12-18,2025-12-18 13:49:00,1541.56,1541.99,1541.56,1541.99,0.03,33.2,50604.1,1
2025-12-18,2025-12-18 13:50:00,1541.99,1542.42,1541.99,1542.42,0.03,33.2,50604.1,1
2025-12-18,2025-12-18 13:51:00,1542.42,1542.85,1542.42,1542.85,0.03,33.2,50604.1,1
2025-12-18,2025-12-18 13:52:00,1542.85,1543.27,1542.85,1543.27,0.03,33.2,50604.1,1
2025-12-18,2025-12-18 13:53:00,1543.27,1543.7,1543.27,1543.7,0.03,33.2,50604.1,1
2025-12-18,2025-12-18 13:54:00,1543.7,1544.13,1543.7,1544.13,0.03,33.2,50604.1,1
2025-12-18,2025-12-18 13:55:00,1544.13,1544.56,1544.13,1544.56,0.03,33.2,50604.1,1
2025-12-18,2025-12-18 13:56:00,1544.56,1544.99,1544.56,1544.99,0.03,33.2,50604.1,1
2025-12-18,2025-12-18 13:57:00,1544.99,1545.42,1544.99,1545.42,0.03,33.2,50604.1,1
2025-12-18,2025-12-18 13:58:00,1545.42,1545.85,1545.42,1545.85,0.03,33.2,50604.1,1
2025-12-18,2025-12-18 13:59:00,1545.85,1546.28,1545.85,1546.28,0.03,33.2,50604.1,1
2025-12-18,2025-12-18 14:00:00,1546.28,1546.7,1546.28,1546.7,0.03,33.2,50604.1,1
2025-12-18,2025-12-18 14:01:00,1546.7,1547.13,1546.7,1547.13,0.03,33.2,50604.1,1
2025-12-18,2025-12-18 14:02:00,1547.13,1547.56,1547.13,1547.56,0.03,33.2,50604.1,1
2025-12-18,2025-12-18 14:03:00,1547.56,1547.99,1547.56,1547.99,0.03,33.2,50604.1,1
2025-12-18,2025-12-18 14:04:00,1547.99,1548.42,1547.99,1548.42,0.03,33.2,50604.1,1
2025-12-18,2025-12-18 14:05:00,1548.42,1548.85,1548.42,1548.85,0.03,33.2,50604.1,1
2025-12-18,2025-12-18 14:06:00,1548.85,1549.28,1548.85,1549.28,0.03,33.2,50604.1,1
2025-12-18,2025-12-18 14:07:00,1549.28,1549.7,1549.28,1549.7,0.03,33.2,50604.1,1
2025-12-18,2025-12-18 14:08:00,1549.7,1550.13,1549.7,1550.13,0.03,33.2,50604.1,1
2025-12-18,2025-12-18 14:09:00,1550.13,1550.56,1550.13,1550.56,0.03,33.2,50604.1,1
2025-12-18,2025-12-18 14:10:00,1550.56,1550.99,1550.56,1550.99,0.03,33.2,50604.1,1
2025-12-18,2025-12-18 14:11:00,1550.99,1551.42,1550.99,1551.42,0.03,33.2,50604.1,1
2025-12-18,2025-12-18 14:12:00,1551.42,1551.85,1551.42,1551.85,0.03,33.2,50604.1,1
2025-12-18,2025-12-18 14:13:00,1551.85,1552.28,1551.85,1552.28,0.03,33.2,50604.1,1
2025-12-18,2025-12-18 14:14:00,1552.28,1552.71,1552.28,1552.71,0.03,33.2,50604.1,1
2025-12-18,2025-12-18 14:15:00,1552.71,1553.13,1552.71,1553.13,0.03,33.2,50604.1,1
2025-12-18,2025-12-18 14:16:00,1553.13,1553.56,1553.13,1553.56,0.03,33.2,50604.1,1
2025-12-18,2025-12-18 14:17:00,1553.56,1553.99,1553.56,1553.99,0.03,33.2,50604.1,1
2025-12-18,2025-12-18 14:18:00,1553.99,1554.42,1553.99,1554.42,0.03,33.2,50604.1,1
2025-12-18,2025-12-18 14:19:00,1554.42,1554.85,1554.42,1554.85,0.03,33.2,50604.1,1
2025-12-18,2025-12-18 14:20:00,1554.85,1555.28,1554.85,1555.28,0.03,33.2,50604.1,1
2025-12-18,2025-12-18 14:21:00,1555.28,1555.71,1555.28,1555.71,0.03,33.2,50604.1,1
2025-12-18,2025-12-18 14:22:00,1555.71,1556.14,1555.71,1556.14,0.03,33.2,50604.1,1
2025-12-18,2025-12-18 14:23:00,1556.14,1556.57,1556.14,1556.57,0.03,33.2,50604.1,1
2025-12-18,2025-12-18 14:24:00,1556.57,1556.99,1556.57,1556.99,0.03,33.2,50604.1,1
2025-12-18,2025-12-18 14:25:00,1556.99,1557.42,1556.99,1557.42,0.03,33.2,50604.1,1
2025-12-18,2025-12-18 14:26:00,1557.42,1557.85,1557.42,1557.85,0.03,33.2,50604.1,1
2025-12-18,2025-12-18 14:27:00,1557.85,1558.28,1557.85,1558.28,0.03,33.2,50604.1,1
2025-12-18,2025-12-18 14:28:00,1558.28,1558.71,1558.28,1558.71,0.03,33.2,50604.1,1
2025-12-18,2025-12-18 14:29:00,1558.71,1559.14,1558.71,1559.14,0.03,33.2,50604.1,1
2025-12-18,2025-12-18 14:30:00,1559.14,1559.57,1559.14,1559.57,0.03,33.2,50604.1,1
2025-12-18,2025-12-18 14:31:00,1559.57,1559.99,1559.57,1559.99,0.03,33.2,50604.1,1
2025-12-18,2025-12-18 14:32:00,1559.99,1560.42,1559.99,1560.42,0.03,33.2,50604.1,1
2025-12-18,2025-12-18 14:33:00,1560.42,1560.85,1560.42,1560.85,0.03,33.2,50604.1,1
2025-12-18,2025-12-18 14:34:00,1560.85,1561.28,1560.85,1561.28,0.03,33.2,50604.1,1
2025-12-18,2025-12-18 14:35:00,1561.28,1561.71,1561.28,1561.71,0.03,33.2,50604.1,1
2025-12-18,2025-12-18 14:36:00,1561.71,1562.14,1561.71,1562.14,0.03,33.2,50604.1,1
2025-12-18,2025-12-18 14:37:00,1562.14,1562.57,1562.14,1562.57,0.03,33.2,50604.1,1
2025-12-18,2025-12-18 14:38:00,1562.57,1563.0,1562.57,1563.0,0.03,33.2,50604.1,1
2025-12-18,2025-12-18 14:39:00,1563.0,1563.42,1563.0,1563.42,0.03,33.2,50604.1,1
2025-12-18,2025-12-18 14:40:00,1563.42,1563.85,1563.42,1563.85,0.03,33.2,50604.1,1
2025-12-18,2025-12-18 14:41:00,1563.85,1564.28,1563.85,1564.28,0.03,33.2,50604.1,1
2025-12-18,2025-12-18 14:42:00,1564.28,1564.71,1564.28,1564.71,0.03,33.2,50604.1,1
2025-12-18,2025-12-18 14:43:00,1564.71,1565.14,1564.71,1565.14,0.03,33.2,50604.1,1
2025-12-18,2025-12-18 14:44:00,1565.14,1565.57,1565.14,1565.57,0.03,33.2,50604.1,1
2025-12-18,2025-12-18 14:45:00,1565.57,1566.0,1565.57,1566.0,0.03,33.2,50604.1,1
2025-12-18,2025-12-18 14:46:00,1566.0,1566.43,1566.0,1566.43,0.03,33.2,50604.1,1
2025-12-18,2025-12-18 14:47:00,1566.43,1566.86,1566.43,1566.86,0.03,33.2,50604.1,1
2025-12-18,2025-12-18 14:48:00,1566.86,1567.28,1566.86,1567.28,0.03,33.2,50604.1,1
2025-12-18,2025-12-18 14:49:00,1567.28,1567.71,1567.28,1567.71,0.03,33.2,50604.1,1
2025-12-18,2025-12-18 14:50:00,1567.71,1568.14,1567.71,1568.14,0.03,33.2,50604.1,1
2025-12-18,2025-12-18 14:51:00,1568.14,1568.57,1568.14,1568.57,0.03,33.2,50604.1,1
2025-12-18,2025-12-18 14:52:00,1568.57,1569.0,1568.57,1569.0,0.03,33.2,50604.1,1
2025-12-18,2025-12-18 14:53:00,1569.0,1569.43,1569.0,1569.43,0.03,33.2,50604.1,1
2025-12-18,2025-12-18 14:54:00,1569.43,1569.86,1569.43,1569.86,0.03,33.2,50604.1,1
2025-12-18,2025-12-18 14:55:00,1569.86,1570.29,1569.86,1570.29,0.03,33.2,50604.1,1
2025-12-18,2025-12-18 14:56:00,1570.29,1570.71,1570.29,1570.71,0.03,33.2,50604.1,1
2025-12-18,2025-12-18 14:57:00,1570.71,1571.14,1570.71,1571.14,0.03,33.2,50604.1,1
2025-12-18,2025-12-18 14:58:00,1571.14,1571.57,1571.14,1571.57,0.03,33.2,50604.1,1
2025-12-18,2025-12-18 14:59:00,1571.57,1572.0,1571.57,1572.0,0.03,33.2,50604.1,1
2025-12-18,2025-12-18 15:00:00,1572.0,1579.0,1469.1,1572.0,0.0,33.2,50604.1,0
2025-12-21,2025-12-21 11:00:00,1540.6,1557.82,1531.18,1540.72,0.01,27.92,43334.07,1
2025-12-21,2025-12-21 11:01:00,1540.72,1540.84,1540.72,1540.84,0.01,27.92,43334.07,1
2025-12-21,2025-12-21 11:02:00,1540.84,1540.97,1540.84,1540.97,0.01,27.92,43334.07,1
2025-12-21,2025-12-21 11:03:00,1540.97,1541.09,1540.97,1541.09,0.01,27.92,43334.07,1
2025-12-21,2025-12-21 11:04:00,1541.09,1541.21,1541.09,1541.21,0.01,27.92,43334.07,1
2025-12-21,2025-12-21 11:05:00,1541.21,1541.33,1541.21,1541.33,0.01,27.92,43334.07,1
2025-12-21,2025-12-21 11:06:00,1541.33,1541.46,1541.33,1541.46,0.01,27.92,43334.07,1
2025-12-21,2025-12-21 11:07:00,1541.46,1541.58,1541.46,1541.58,0.01,27.92,43334.07,1
2025-12-21,2025-12-21 11:08:00,1541.58,1541.7,1541.58,1541.7,0.01,27.92,43334.07,1
2025-12-21,2025-12-21 11:09:00,1541.7,1541.82,1541.7,1541.82,0.01,27.92,43334.07,1
2025-12-21,2025-12-21 11:10:00,1541.82,1541.95,1541.82,1541.95,0.01,27.92,43334.07,1
2025-12-21,2025-12-21 11:11:00,1541.95,1542.07,1541.95,1542.07,0.01,27.92,43334.07,1
2025-12-21,2025-12-21 11:12:00,1542.07,1542.19,1542.07,1542.19,0.01,27.92,43334.07,1
2025-12-21,2025-12-21 11:13:00,1542.19,1542.31,1542.19,1542.31,0.01,27.92,43334.07,1
2025-12-21,2025-12-21 11:14:00,1542.31,1542.44,1542.31,1542.44,0.01,27.92,43334.07,1
2025-12-21,2025-12-21 11:15:00,1542.44,1542.56,1542.44,1542.56,0.01,27.92,43334.07,1
2025-12-21,2025-12-21 11:16:00,1542.56,1542.68,1542.56,1542.68,0.01,27.92,43334.07,1
2025-12-21,2025-12-21 11:17:00,1542.68,1542.8,1542.68,1542.8,0.01,27.92,43334.07,1
2025-12-21,2025-12-21 11:18:00,1542.8,1542.93,1542.8,1542.93,0.01,27.92,43334.07,1
2025-12-21,2025-12-21 11:19:00,1542.93,1543.05,1542.93,1543.05,0.01,27.92,43334.07,1
2025-12-21,2025-12-21 11:20:00,1543.05,1543.17,1543.05,1543.17,0.01,27.92,43334.07,1
2025-12-21,2025-12-21 11:21:00,1543.17,1543.29,1543.17,1543.29,0.01,27.92,43334.07,1
2025-12-21,2025-12-21 11:22:00,1543.29,1543.42,1543.29,1543.42,0.01,27.92,43334.07,1
2025-12-21,2025-12-21 11:23:00,1543.42,1543.54,1543.42,1543.54,0.01,27.92,43334.07,1
2025-12-21,2025-12-21 11:24:00,1543.54,1543.66,1543.54,1543.66,0.01,27.92,43334.07,1
2025-12-21,2025-12-21 11:25:00,1543.66,1543.78,1543.66,1543.78,0.01,27.92,43334.07,1
2025-12-21,2025-12-21 11:26:00,1543.78,1543.91,1543.78,1543.91,0.01,27.92,43334.07,1
2025-12-21,2025-12-21 11:27:00,1543.91,1544.03,1543.91,1544.03,0.01,27.92,43334.07,1
2025-12-21,2025-12-21 11:28:00,1544.03,1544.15,1544.03,1544.15,0.01,27.92,43334.07,1
2025-12-21,2025-12-21 11:29:00,1544.15,1544.27,1544.15,1544.27,0.01,27.92,43334.07,1
2025-12-21,2025-12-21 11:30:00,1544.27,1544.4,1544.27,1544.4,0.01,27.92,43334.07,1
2025-12-21,2025-12-21 11:31:00,1544.4,1544.52,1544.4,1544.52,0.01,27.92,43334.07,1
2025-12-21,2025-12-21 11:32:00,1544.52,1544.64,1544.52,1544.64,0.01,27.92,43334.07,1
2025-12-21,2025-12-21 11:33:00,1544.64,1544.76,1544.64,1544.76,0.01,27.92,43334.07,1
2025-12-21,2025-12-21 11:34:00,1544.76,1544.89,1544.76,1544.89,0.01,27.92,43334.07,1
2025-12-21,2025-12-21 11:35:00,1544.89,1545.01,1544.89,1545.01,0.01,27.92,43334.07,1
2025-12-21,2025-12-21 11:36:00,1545.01,1545.13,1545.01,1545.13,0.01,27.92,43334.07,1
2025-12-21,2025-12-21 11:37:00,1545.13,1545.25,1545.13,1545.25,0.01,27.92,43334.07,1
2025-12-21,2025-12-21 11:38:00,1545.25,1545.38,1545.25,1545.38,0.01,27.92,43334.07,1
2025-12-21,2025-12-21 11:39:00,1545.38,1545.5,1545.38,1545.5,0.01,27.92,43334.07,1
2025-12-21,2025-12-21 11:40:00,1545.5,1545.62,1545.5,1545.62,0.01,27.92,43334.07,1
2025-12-21,2025-12-21 11:41:00,1545.62,1545.74,1545.62,1545.74,0.01,27.92,43334.07,1
2025-12-21,2025-12-21 11:42:00,1545.74,1545.87,1545.74,1545.87,0.01,27.92,43334.07,1
2025-12-21,2025-12-21 11:43:00,1545.87,1545.99,1545.87,1545.99,0.01,27.92,43334.07,1
2025-12-21,2025-12-21 11:44:00,1545.99,1546.11,1545.99,1546.11,0.01,27.92,43334.07,1
2025-12-21,2025-12-21 11:45:00,1546.11,1546.23,1546.11,1546.23,0.01,27.92,43334.07,1
2025-12-21,2025-12-21 11:46:00,1546.23,1546.36,1546.23,1546.36,0.01,27.92,43334.07,1
2025-12-21,2025-12-21 11:47:00,1546.36,1546.48,1546.36,1546.48,0.01,27.92,43334.07,1
2025-12-21,2025-12-21 11:48:00,1546.48,1546.6,1546.48,1546.6,0.01,27.92,43334.07,1
2025-12-21,2025-12-21 11:49:00,1546.6,1546.72,1546.6,1546.72,0.01,27.92,43334.07,1
2025-12-21,2025-12-21 11:50:00,1546.72,1546.85,1546.72,1546.85,0.01,27.92,43334.07,1
2025-12-21,2025-12-21 11:51:00,1546.85,1546.97,1546.85,1546.97,0.01,27.92,43334.07,1
2025-12-21,2025-12-21 11:52:00,1546.97,1547.09,1546.97,1547.09,0.01,27.92,43334.07,1
2025-12-21,2025-12-21 11:53:00,1547.09,1547.21,1547.09,1547.21,0.01,27.92,43334.07,1
2025-12-21,2025-12-21 11:54:00,1547.21,1547.34,1547.21,1547.34,0.01,27.92,43334.07,1
2025-12-21,2025-12-21 11:55:00,1547.34,1547.46,1547.34,1547.46,0.01,27.92,43334.07,1
2025-12-21,2025-12-21 11:56:00,1547.46,1547.58,1547.46,1547.58,0.01,27.92,43334.07,1
2025-12-21,2025-12-21 11:57:00,1547.58,1547.7,1547.58,1547.7,0.01,27.92,43334.07,1
2025-12-21,2025-12-21 11:58:00,1547.7,1547.83,1547.7,1547.83,0.01,27.92,43334.07,1
2025-12-21,2025-12-21 11:59:00,1547.83,1547.95,1547.83,1547.95,0.01,27.92,43334.07,1
2025-12-21,2025-12-21 12:00:00,1547.95,1548.07,1547.95,1548.07,0.01,27.92,43334.07,1
2025-12-21,2025-12-21 12:01:00,1548.07,1548.19,1548.07,1548.19,0.01,27.92,43334.07,1
2025-12-21,2025-12-21 12:02:00,1548.19,1548.32,1548.19,1548.32,0.01,27.92,43334.07,1
2025-12-21,2025-12-21 12:03:00,1548.32,1548.44,1548.32,1548.44,0.01,27.92,43334.07,1
2025-12-21,2025-12-21 12:04:00,1548.44,1548.56,1548.44,1548.56,0.01,27.92,43334.07,1
2025-12-21,2025-12-21 12:05:00,1548.56,1548.68,1548.56,1548.68,0.01,27.92,43334.07,1
2025-12-21,2025-12-21 12:06:00,1548.68,1548.81,1548.68,1548.81,0.01,27.92,43334.07,1
2025-12-21,2025-12-21 12:07:00,1548.81,1548.93,1548.81,1548.93,0.01,27.92,43334.07,1
2025-12-21,2025-12-21 12:08:00,1548.93,1549.05,1548.93,1549.05,0.01,27.92,43334.07,1
2025-12-21,2025-12-21 12:09:00,1549.05,1549.17,1549.05,1549.17,0.01,27.92,43334.07,1
2025-12-21,2025-12-21 12:10:00,1549.17,1549.3,1549.17,1549.3,0.01,27.92,43334.07,1
2025-12-21,2025-12-21 12:11:00,1549.3,1549.42,1549.3,1549.42,0.01,27.92,43334.07,1
2025-12-21,2025-12-21 12:12:00,1549.42,1549.54,1549.42,1549.54,0.01,27.92,43334.07,1
2025-12-21,2025-12-21 12:13:00,1549.54,1549.66,1549.54,1549.66,0.01,27.92,43334.07,1
2025-12-21,2025-12-21 12:14:00,1549.66,1549.79,1549.66,1549.79,0.01,27.92,43334.07,1
2025-12-21,2025-12-21 12:15:00,1549.79,1549.91,1549.79,1549.91,0.01,27.92,43334.07,1
2025-12-21,2025-12-21 12:16:00,1549.91,1550.03,1549.91,1550.03,0.01,27.92,43334.07,1
2025-12-21,2025-12-21 12:17:00,1550.03,1550.15,1550.03,1550.15,0.01,27.92,43334.07,1
2025-12-21,2025-12-21 12:18:00,1550.15,1550.28,1550.15,1550.28,0.01,27.92,43334.07,1
2025-12-21,2025-12-21 12:19:00,1550.28,1550.4,1550.28,1550.4,0.01,27.92,43334.07,1
2025-12-21,2025-12-21 12:20:00,1550.4,1550.52,1550.4,1550.52,0.01,27.92,43334.07,1
2025-12-21,2025-12-21 12:21:00,1550.52,1550.64,1550.52,1550.64,0.01,27.92,43334.07,1
2025-12-21,2025-12-21 12:22:00,1550.64,1550.77,1550.64,1550.77,0.01,27.92,43334.07,1
2025-12-21,2025-12-21 12:23:00,1550.77,1550.89,1550.77,1550.89,0.01,27.92,43334.07,1
2025-12-21,2025-12-21 12:24:00,1550.89,1551.01,1550.89,1551.01,0.01,27.92,43334.07,1
2025-12-21,2025-12-21 12:25:00,1551.01,1551.13,1551.01,1551.13,0.01,27.92,43334.07,1
2025-12-21,2025-12-21 12:26:00,1551.13,1551.26,1551.13,1551.26,0.01,27.92,43334.07,1
2025-12-21,2025-12-21 12:27:00,1551.26,1551.38,1551.26,1551.38,0.01,27.92,43334.07,1
2025-12-21,2025-12-21 12:28:00,1551.38,1551.5,1551.38,1551.5,0.01,27.92,43334.07,1
2025-12-21,2025-12-21 12:29:00,1551.5,1551.62,1551.5,1551.62,0.01,27.92,43334.07,1
2025-12-21,2025-12-21 12:30:00,1551.62,1551.75,1551.62,1551.75,0.01,27.92,43334.07,1
2025-12-21,2025-12-21 12:31:00,1551.75,1551.87,1551.75,1551.87,0.01,27.92,43334.07,1
2025-12-21,2025-12-21 12:32:00,1551.87,1551.99,1551.87,1551.99,0.01,27.92,43334.07,1
2025-12-21,2025-12-21 12:33:00,1551.99,1552.12,1551.99,1552.12,0.01,27.92,43334.07,1
2025-12-21,2025-12-21 12:34:00,1552.12,1552.24,1552.12,1552.24,0.01,27.92,43334.07,1
2025-12-21,2025-12-21 12:35:00,1552.24,1552.36,1552.24,1552.36,0.01,27.92,43334.07,1
2025-12-21,2025-12-21 12:36:00,1552.36,1552.48,1552.36,1552.48,0.01,27.92,43334.07,1
2025-12-21,2025-12-21 12:37:00,1552.48,1552.61,1552.48,1552.61,0.01,27.92,43334.07,1
2025-12-21,2025-12-21 12:38:00,1552.61,1552.73,1552.61,1552.73,0.01,27.92,43334.07,1
2025-12-21,2025-12-21 12:39:00,1552.73,1552.85,1552.73,1552.85,0.01,27.92,43334.07,1
2025-12-21,2025-12-21 12:40:00,1552.85,1552.97,1552.85,1552.97,0.01,27.92,43334.07,1
2025-12-21,2025-12-21 12:41:00,1552.97,1553.1,1552.97,1553.1,0.01,27.92,43334.07,1
2025-12-21,2025-12-21 12:42:00,1553.1,1553.22,1553.1,1553.22,0.01,27.92,43334.07,1
2025-12-21,2025-12-21 12:43:00,1553.22,1553.34,1553.22,1553.34,0.01,27.92,43334.07,1
2025-12-21,2025-12-21 12:44:00,1553.34,1553.46,1553.34,1553.46,0.01,27.92,43334.07,1
2025-12-21,2025-12-21 12:45:00,1553.46,1553.59,1553.46,1553.59,0.01,27.92,43334.07,1
2025-12-21,2025-12-21 12:46:00,1553.59,1553.71,1553.59,1553.71,0.01,27.92,43334.07,1
2025-12-21,2025-12-21 12:47:00,1553.71,1553.83,1553.71,1553.83,0.01,27.92,43334.07,1
2025-12-21,2025-12-21 12:48:00,1553.83,1553.95,1553.83,1553.95,0.01,27.92,43334.07,1
2025-12-21,2025-12-21 12:49:00,1553.95,1554.08,1553.95,1554.08,0.01,27.92,43334.07,1
2025-12-21,2025-12-21 12:50:00,1554.08,1554.2,1554.08,1554.2,0.01,27.92,43334.07,1
2025-12-21,2025-12-21 12:51:00,1554.2,1554.32,1554.2,1554.32,0.01,27.92,43334.07,1
2025-12-21,2025-12-21 12:52:00,1554.32,1554.44,1554.32,1554.44,0.01,27.92,43334.07,1
2025-12-21,2025-12-21 12:53:00,1554.44,1554.57,1554.44,1554.57,0.01,27.92,43334.07,1
2025-12-21,2025-12-21 12:54:00,1554.57,1554.69,1554.57,1554.69,0.01,27.92,43334.07,1
2025-12-21,2025-12-21 12:55:00,1554.69,1554.81,1554.69,1554.81,0.01,27.92,43334.07,1
2025-12-21,2025-12-21 12:56:00,1554.81,1554.93,1554.81,1554.93,0.01,27.92,43334.07,1
2025-12-21,2025-12-21 12:57:00,1554.93,1555.06,1554.93,1555.06,0.01,27.92,43334.07,1
2025-12-21,2025-12-21 12:58:00,1555.06,1555.18,1555.06,1555.18,0.01,27.92,43334.07,1
2025-12-21,2025-12-21 12:59:00,1555.18,1555.3,1555.18,1555.3,0.01,27.92,43334.07,1
2025-12-21,2025-12-21 13:00:00,1555.3,1598.0,1509.2,1555.42,0.01,27.92,43334.07,1
2025-12-21,2025-12-21 13:01:00,1555.42,1555.54,1555.42,1555.54,0.01,27.92,43334.07,1
2025-12-21,2025-12-21 13:02:00,1555.54,1555.67,1555.54,1555.67,0.01,27.92,43334.07,1
2025-12-21,2025-12-21 13:03:00,1555.67,1555.79,1555.67,1555.79,0.01,27.92,43334.07,1
2025-12-21,2025-12-21 13:04:00,1555.79,1555.91,1555.79,1555.91,0.01,27.92,43334.07,1
2025-12-21,2025-12-21 13:05:00,1555.91,1556.03,1555.91,1556.03,0.01,27.92,43334.07,1
2025-12-21,2025-12-21 13:06:00,1556.03,1556.16,1556.03,1556.16,0.01,27.92,43334.07,1
2025-12-21,2025-12-21 13:07:00,1556.16,1556.28,1556.16,1556.28,0.01,27.92,43334.07,1
2025-12-21,2025-12-21 13:08:00,1556.28,1556.4,1556.28,1556.4,0.01,27.92,43334.07,1
2025-12-21,2025-12-21 13:09:00,1556.4,1556.52,1556.4,1556.52,0.01,27.92,43334.07,1
2025-12-21,2025-12-21 13:10:00,1556.52,1556.65,1556.52,1556.65,0.01,27.92,43334.07,1
2025-12-21,2025-12-21 13:11:00,1556.65,1556.77,1556.65,1556.77,0.01,27.92,43334.07,1
2025-12-21,2025-12-21 13:12:00,1556.77,1556.89,1556.77,1556.89,0.01,27.92,43334.07,1
2025-12-21,2025-12-21 13:13:00,1556.89,1557.01,1556.89,1557.01,0.01,27.92,43334.07,1
2025-12-21,2025-12-21 13:14:00,1557.01,1557.14,1557.01,1557.14,0.01,27.92,43334.07,1
2025-12-21,2025-12-21 13:15:00,1557.14,1557.26,1557.14,1557.26,0.01,27.92,43334.07,1
2025-12-21,2025-12-21 13:16:00,1557.26,1557.38,1557.26,1557.38,0.01,27.92,43334.07,1
2025-12-21,2025-12-21 13:17:00,1557.38,1557.5,1557.38,1557.5,0.01,27.92,43334.07,1
2025-12-21,2025-12-21 13:18:00,1557.5,1557.63,1557.5,1557.63,0.01,27.92,43334.07,1
2025-12-21,2025-12-21 13:19:00,1557.63,1557.75,1557.63,1557.75,0.01,27.92,43334.07,1
2025-12-21,2025-12-21 13:20:00,1557.75,1557.87,1557.75,1557.87,0.01,27.92,43334.07,1
2025-12-21,2025-12-21 13:21:00,1557.87,1557.99,1557.87,1557.99,0.01,27.92,43334.07,1
2025-12-21,2025-12-21 13:22:00,1557.99,1558.12,1557.99,1558.12,0.01,27.92,43334.07,1
2025-12-21,2025-12-21 13:23:00,1558.12,1558.24,1558.12,1558.24,0.01,27.92,43334.07,1
2025-12-21,2025-12-21 13:24:00,1558.24,1558.36,1558.24,1558.36,0.01,27.92,43334.07,1
2025-12-21,2025-12-21 13:25:00,1558.36,1558.48,1558.36,1558.48,0.01,27.92,43334.07,1
2025-12-21,2025-12-21 13:26:00,1558.48,1558.61,1558.48,1558.61,0.01,27.92,43334.07,1
2025-12-21,2025-12-21 13:27:00,1558.61,1558.73,1558.61,1558.73,0.01,27.92,43334.07,1
2025-12-21,2025-12-21 13:28:00,1558.73,1558.85,1558.73,1558.85,0.01,27.92,43334.07,1
2025-12-21,2025-12-21 13:29:00,1558.85,1558.97,1558.85,1558.97,0.01,27.92,43334.07,1
2025-12-21,2025-12-21 13:30:00,1558.97,1559.1,1558.97,1559.1,0.01,27.92,43334.07,1
2025-12-21,2025-12-21 13:31:00,1559.1,1559.22,1559.1,1559.22,0.01,27.92,43334.07,1
2025-12-21,2025-12-21 13:32:00,1559.22,1559.34,1559.22,1559.34,0.01,27.92,43334.07,1
2025-12-21,2025-12-21 13:33:00,1559.34,1559.46,1559.34,1559.46,0.01,27.92,43334.07,1
2025-12-21,2025-12-21 13:34:00,1559.46,1559.59,1559.46,1559.59,0.01,27.92,43334.07,1
2025-12-21,2025-12-21 13:35:00,1559.59,1559.71,1559.59,1559.71,0.01,27.92,43334.07,1
2025-12-21,2025-12-21 13:36:00,1559.71,1559.83,1559.71,1559.83,0.01,27.92,43334.07,1
2025-12-21,2025-12-21 13:37:00,1559.83,1559.95,1559.83,1559.95,0.01,27.92,43334.07,1
2025-12-21,2025-12-21 13:38:00,1559.95,1560.08,1559.95,1560.08,0.01,27.92,43334.07,1
2025-12-21,2025-12-21 13:39:00,1560.08,1560.2,1560.08,1560.2,0.01,27.92,43334.07,1
2025-12-21,2025-12-21 13:40:00,1560.2,1560.32,1560.2,1560.32,0.01,27.92,43334.07,1
2025-12-21,2025-12-21 13:41:00,1560.32,1560.44,1560.32,1560.44,0.01,27.92,43334.07,1
2025-12-21,2025-12-21 13:42:00,1560.44,1560.57,1560.44,1560.57,0.01,27.92,43334.07,1
2025-12-21,2025-12-21 13:43:00,1560.57,1560.69,1560.57,1560.69,0.01,27.92,43334.07,1
2025-12-21,2025-12-21 13:44:00,1560.69,1560.81,1560.69,1560.81,0.01,27.92,43334.07,1
2025-12-21,2025-12-21 13:45:00,1560.81,1560.93,1560.81,1560.93,0.01,27.92,43334.07,1
2025-12-21,2025-12-21 13:46:00,1560.93,1561.06,1560.93,1561.06,0.01,27.92,43334.07,1
2025-12-21,2025-12-21 13:47:00,1561.06,1561.18,1561.06,1561.18,0.01,27.92,43334.07,1
2025-12-21,2025-12-21 13:48:00,1561.18,1561.3,1561.18,1561.3,0.01,27.92,43334.07,1
2025-12-21,2025-12-21 13:49:00,1561.3,1561.42,1561.3,1561.42,0.01,27.92,43334.07,1
2025-12-21,2025-12-21 13:50:00,1561.42,1561.55,1561.42,1561.55,0.01,27.92,43334.07,1
2025-12-21,2025-12-21 13:51:00,1561.55,1561.67,1561.55,1561.67,0.01,27.92,43334.07,1
2025-12-21,2025-12-21 13:52:00,1561.67,1561.79,1561.67,1561.79,0.01,27.92,43334.07,1
2025-12-21,2025-12-21 13:53:00,1561.79,1561.91,1561.79,1561.91,0.01,27.92,43334.07,1
2025-12-21,2025-12-21 13:54:00,1561.91,1562.04,1561.91,1562.04,0.01,27.92,43334.07,1
2025-12-21,2025-12-21 13:55:00,1562.04,1562.16,1562.04,1562.16,0.01,27.92,43334.07,1
2025-12-21,2025-12-21 13:56:00,1562.16,1562.28,1562.16,1562.28,0.01,27.92,43334.07,1
2025-12-21,2025-12-21 13:57:00,1562.28,1562.4,1562.28,1562.4,0.01,27.92,43334.07,1
2025-12-21,2025-12-21 13:58:00,1562.4,1562.53,1562.4,1562.53,0.01,27.92,43334.07,1
2025-12-21,2025-12-21 13:59:00,1562.53,1562.65,1562.53,1562.65,0.01,27.92,43334.07,1
2025-12-21,2025-12-21 14:00:00,1562.65,1562.77,1562.65,1562.77,0.01,27.92,43334.07,1
2025-12-21,2025-12-21 14:01:00,1562.77,1562.89,1562.77,1562.89,0.01,27.92,43334.07,1
2025-12-21,2025-12-21 14:02:00,1562.89,1563.02,1562.89,1563.02,0.01,27.92,43334.07,1
2025-12-21,2025-12-21 14:03:00,1563.02,1563.14,1563.02,1563.14,0.01,27.92,43334.07,1
2025-12-21,2025-12-21 14:04:00,1563.14,1563.26,1563.14,1563.26,0.01,27.92,43334.07,1
2025-12-21,2025-12-21 14:05:00,1563.26,1563.38,1563.26,1563.38,0.01,27.92,43334.07,1
2025-12-21,2025-12-21 14:06:00,1563.38,1563.51,1563.38,1563.51,0.01,27.92,43334.07,1
2025-12-21,2025-12-21 14:07:00,1563.51,1563.63,1563.51,1563.63,0.01,27.92,43334.07,1
2025-12-21,2025-12-21 14:08:00,1563.63,1563.75,1563.63,1563.75,0.01,27.92,43334.07,1
2025-12-21,2025-12-21 14:09:00,1563.75,1563.88,1563.75,1563.88,0.01,27.92,43334.07,1
2025-12-21,2025-12-21 14:10:00,1563.88,1564.0,1563.88,1564.0,0.01,27.92,43334.07,1
2025-12-21,2025-12-21 14:11:00,1564.0,1564.12,1564.0,1564.12,0.01,27.92,43334.07,1
2025-12-21,2025-12-21 14:12:00,1564.12,1564.24,1564.12,1564.24,0.01,27.92,43334.07,1
2025-12-21,2025-12-21 14:13:00,1564.24,1564.37,1564.24,1564.37,0.01,27.92,43334.07,1
2025-12-21,2025-12-21 14:14:00,1564.37,1564.49,1564.37,1564.49,0.01,27.92,43334.07,1
2025-12-21,2025-12-21 14:15:00,1564.49,1564.61,1564.49,1564.61,0.01,27.92,43334.07,1
2025-12-21,2025-12-21 14:16:00,1564.61,1564.73,1564.61,1564.73,0.01,27.92,43334.07,1
2025-12-21,2025-12-21 14:17:00,1564.73,1564.86,1564.73,1564.86,0.01,27.92,43334.07,1
2025-12-21,2025-12-21 14:18:00,1564.86,1564.98,1564.86,1564.98,0.01,27.92,43334.07,1
2025-12-21,2025-12-21 14:19:00,1564.98,1565.1,1564.98,1565.1,0.01,27.92,43334.07,1
2025-12-21,2025-12-21 14:20:00,1565.1,1565.22,1565.1,1565.22,0.01,27.92,43334.07,1
2025-12-21,2025-12-21 14:21:00,1565.22,1565.35,1565.22,1565.35,0.01,27.92,43334.07,1
2025-12-21,2025-12-21 14:22:00,1565.35,1565.47,1565.35,1565.47,0.01,27.92,43334.07,1
2025-12-21,2025-12-21 14:23:00,1565.47,1565.59,1565.47,1565.59,0.01,27.92,43334.07,1
2025-12-21,2025-12-21 14:24:00,1565.59,1565.71,1565.59,1565.71,0.01,27.92,43334.07,1
2025-12-21,2025-12-21 14:25:00,1565.71,1565.84,1565.71,1565.84,0.01,27.92,43334.07,1
2025-12-21,2025-12-21 14:26:00,1565.84,1565.96,1565.84,1565.96,0.01,27.92,43334.07,1
2025-12-21,2025-12-21 14:27:00,1565.96,1566.08,1565.96,1566.08,0.01,27.92,43334.07,1
2025-12-21,2025-12-21 14:28:00,1566.08,1566.2,1566.08,1566.2,0.01,27.92,43334.07,1
2025-12-21,2025-12-21 14:29:00,1566.2,1566.33,1566.2,1566.33,0.01,27.92,43334.07,1
2025-12-21,2025-12-21 14:30:00,1566.33,1566.45,1566.33,1566.45,0.01,27.92,43334.07,1
2025-12-21,2025-12-21 14:31:00,1566.45,1566.57,1566.45,1566.57,0.01,27.92,43334.07,1
2025-12-21,2025-12-21 14:32:00,1566.57,1566.69,1566.57,1566.69,0.01,27.92,43334.07,1
2025-12-21,2025-12-21 14:33:00,1566.69,1566.82,1566.69,1566.82,0.01,27.92,43334.07,1
2025-12-21,2025-12-21 14:34:00,1566.82,1566.94,1566.82,1566.94,0.01,27.92,43334.07,1
2025-12-21,2025-12-21 14:35:00,1566.94,1567.06,1566.94,1567.06,0.01,27.92,43334.07,1
2025-12-21,2025-12-21 14:36:00,1567.06,1567.18,1567.06,1567.18,0.01,27.92,43334.07,1
2025-12-21,2025-12-21 14:37:00,1567.18,1567.31,1567.18,1567.31,0.01,27.92,43334.07,1
2025-12-21,2025-12-21 14:38:00,1567.31,1567.43,1567.31,1567.43,0.01,27.92,43334.07,1
2025-12-21,2025-12-21 14:39:00,1567.43,1567.55,1567.43,1567.55,0.01,27.92,43334.07,1
2025-12-21,2025-12-21 14:40:00,1567.55,1567.67,1567.55,1567.67,0.01,27.92,43334.07,1
2025-12-21,2025-12-21 14:41:00,1567.67,1567.8,1567.67,1567.8,0.01,27.92,43334.07,1
2025-12-21,2025-12-21 14:42:00,1567.8,1567.92,1567.8,1567.92,0.01,27.92,43334.07,1
2025-12-21,2025-12-21 14:43:00,1567.92,1568.04,1567.92,1568.04,0.01,27.92,43334.07,1
2025-12-21,2025-12-21 14:44:00,1568.04,1568.16,1568.04,1568.16,0.01,27.92,43334.07,1
2025-12-21,2025-12-21 14:45:00,1568.16,1568.29,1568.16,1568.29,0.01,27.92,43334.07,1
2025-12-21,2025-12-21 14:46:00,1568.29,1568.41,1568.29,1568.41,0.01,27.92,43334.07,1
2025-12-21,2025-12-21 14:47:00,1568.41,1568.53,1568.41,1568.53,0.01,27.92,43334.07,1
2025-12-21,2025-12-21 14:48:00,1568.53,1568.65,1568.53,1568.65,0.01,27.92,43334.07,1
2025-12-21,2025-12-21 14:49:00,1568.65,1568.78,1568.65,1568.78,0.01,27.92,43334.07,1
2025-12-21,2025-12-21 14:50:00,1568.78,1568.9,1568.78,1568.9,0.01,27.92,43334.07,1
2025-12-21,2025-12-21 14:51:00,1568.9,1569.02,1568.9,1569.02,0.01,27.92,43334.07,1
2025-12-21,2025-12-21 14:52:00,1569.02,1569.14,1569.02,1569.14,0.01,27.92,43334.07,1
2025-12-21,2025-12-21 14:53:00,1569.14,1569.27,1569.14,1569.27,0.01,27.92,43334.07,1
2025-12-21,2025-12-21 14:54:00,1569.27,1569.39,1569.27,1569.39,0.01,27.92,43334.07,1
2025-12-21,2025-12-21 14:55:00,1569.39,1569.51,1569.39,1569.51,0.01,27.92,43334.07,1
2025-12-21,2025-12-21 14:56:00,1569.51,1569.63,1569.51,1569.63,0.01,27.92,43334.07,1
2025-12-21,2025-12-21 14:57:00,1569.63,1569.76,1569.63,1569.76,0.01,27.92,43334.07,1
2025-12-21,2025-12-21 14:58:00,1569.76,1569.88,1569.76,1569.88,0.01,27.92,43334.07,1
2025-12-21,2025-12-21 14:59:00,1569.88,1570.0,1569.88,1570.0,0.01,27.92,43334.07,1
2025-12-21,2025-12-21 15:00:00,1570.0,1598.0,1509.2,1570.0,0.0,27.92,43334.07,0
2025-12-22,2025-12-22 11:00:00,1570.0,1597.78,1552.15,1570.39,0.02,23.67,36903.61,1
2025-12-22,2025-12-22 11:01:00,1570.39,1570.77,1570.39,1570.77,0.02,23.67,36903.61,1
2025-12-22,2025-12-22 11:02:00,1570.77,1571.16,1570.77,1571.16,0.02,23.67,36903.61,1
2025-12-22,2025-12-22 11:03:00,1571.16,1571.54,1571.16,1571.54,0.02,23.67,36903.61,1
2025-12-22,2025-12-22 11:04:00,1571.54,1571.93,1571.54,1571.93,0.02,23.67,36903.61,1
2025-12-22,2025-12-22 11:05:00,1571.93,1572.32,1571.93,1572.32,0.02,23.67,36903.61,1
2025-12-22,2025-12-22 11:06:00,1572.32,1572.7,1572.32,1572.7,0.02,23.67,36903.61,1
2025-12-22,2025-12-22 11:07:00,1572.7,1573.09,1572.7,1573.09,0.02,23.67,36903.61,1
2025-12-22,2025-12-22 11:08:00,1573.09,1573.47,1573.09,1573.47,0.02,23.67,36903.61,1
2025-12-22,2025-12-22 11:09:00,1573.47,1573.86,1573.47,1573.86,0.02,23.67,36903.61,1
2025-12-22,2025-12-22 11:10:00,1573.86,1574.24,1573.86,1574.24,0.02,23.67,36903.61,1
2025-12-22,2025-12-22 11:11:00,1574.24,1574.63,1574.24,1574.63,0.02,23.67,36903.61,1
2025-12-22,2025-12-22 11:12:00,1574.63,1575.02,1574.63,1575.02,0.02,23.67,36903.61,1
2025-12-22,2025-12-22 11:13:00,1575.02,1575.4,1575.02,1575.4,0.02,23.67,36903.61,1
2025-12-22,2025-12-22 11:14:00,1575.4,1575.79,1575.4,1575.79,0.02,23.67,36903.61,1
2025-12-22,2025-12-22 11:15:00,1575.79,1576.17,1575.79,1576.17,0.02,23.67,36903.61,1
2025-12-22,2025-12-22 11:16:00,1576.17,1576.56,1576.17,1576.56,0.02,23.67,36903.61,1
2025-12-22,2025-12-22 11:17:00,1576.56,1576.94,1576.56,1576.94,0.02,23.67,36903.61,1
2025-12-22,2025-12-22 11:18:00,1576.94,1577.33,1576.94,1577.33,0.02,23.67,36903.61,1
2025-12-22,2025-12-22 11:19:00,1577.33,1577.72,1577.33,1577.72,0.02,23.67,36903.61,1
2025-12-22,2025-12-22 11:20:00,1577.72,1578.1,1577.72,1578.1,0.02,23.67,36903.61,1
2025-12-22,2025-12-22 11:21:00,1578.1,1578.49,1578.1,1578.49,0.02,23.67,36903.61,1
2025-12-22,2025-12-22 11:22:00,1578.49,1578.87,1578.49,1578.87,0.02,23.67,36903.61,1
2025-12-22,2025-12-22 11:23:00,1578.87,1579.26,1578.87,1579.26,0.02,23.67,36903.61,1
2025-12-22,2025-12-22 11:24:00,1579.26,1579.65,1579.26,1579.65,0.02,23.67,36903.61,1
2025-12-22,2025-12-22 11:25:00,1579.65,1580.03,1579.65,1580.03,0.02,23.67,36903.61,1
2025-12-22,2025-12-22 11:26:00,1580.03,1580.42,1580.03,1580.42,0.02,23.67,36903.61,1
2025-12-22,2025-12-22 11:27:00,1580.42,1580.8,1580.42,1580.8,0.02,23.67,36903.61,1
2025-12-22,2025-12-22 11:28:00,1580.8,1581.19,1580.8,1581.19,0.02,23.67,36903.61,1
2025-12-22,2025-12-22 11:29:00,1581.19,1581.58,1581.19,1581.58,0.02,23.67,36903.61,1
2025-12-22,2025-12-22 11:30:00,1581.58,1581.96,1581.58,1581.96,0.02,23.67,36903.61,1
2025-12-22,2025-12-22 11:31:00,1581.96,1582.35,1581.96,1582.35,0.02,23.67,36903.61,1
2025-12-22,2025-12-22 11:32:00,1582.35,1582.73,1582.35,1582.73,0.02,23.67,36903.61,1
2025-12-22,2025-12-22 11:33:00,1582.73,1583.12,1582.73,1583.12,0.02,23.67,36903.61,1
2025-12-22,2025-12-22 11:34:00,1583.12,1583.5,1583.12,1583.5,0.02,23.67,36903.61,1
2025-12-22,2025-12-22 11:35:00,1583.5,1583.89,1583.5,1583.89,0.02,23.67,36903.61,1
2025-12-22,2025-12-22 11:36:00,1583.89,1584.28,1583.89,1584.28,0.02,23.67,36903.61,1
2025-12-22,2025-12-22 11:37:00,1584.28,1584.66,1584.28,1584.66,0.02,23.67,36903.61,1
2025-12-22,2025-12-22 11:38:00,1584.66,1585.05,1584.66,1585.05,0.02,23.67,36903.61,1
2025-12-22,2025-12-22 11:39:00,1585.05,1585.43,1585.05,1585.43,0.02,23.67,36903.61,1
2025-12-22,2025-12-22 11:40:00,1585.43,1585.82,1585.43,1585.82,0.02,23.67,36903.61,1
2025-12-22,2025-12-22 11:41:00,1585.82,1586.2,1585.82,1586.2,0.02,23.67,36903.61,1
2025-12-22,2025-12-22 11:42:00,1586.2,1586.59,1586.2,1586.59,0.02,23.67,36903.61,1
2025-12-22,2025-12-22 11:43:00,1586.59,1586.98,1586.59,1586.98,0.02,23.67,36903.61,1
2025-12-22,2025-12-22 11:44:00,1586.98,1587.36,1586.98,1587.36,0.02,23.67,36903.61,1
2025-12-22,2025-12-22 11:45:00,1587.36,1587.75,1587.36,1587.75,0.02,23.67,36903.61,1
2025-12-22,2025-12-22 11:46:00,1587.75,1588.13,1587.75,1588.13,0.02,23.67,36903.61,1
2025-12-22,2025-12-22 11:47:00,1588.13,1588.52,1588.13,1588.52,0.02,23.67,36903.61,1
2025-12-22,2025-12-22 11:48:00,1588.52,1588.91,1588.52,1588.91,0.02,23.67,36903.61,1
2025-12-22,2025-12-22 11:49:00,1588.91,1589.29,1588.91,1589.29,0.02,23.67,36903.61,1
2025-12-22,2025-12-22 11:50:00,1589.29,1589.68,1589.29,1589.68,0.02,23.67,36903.61,1
2025-12-22,2025-12-22 11:51:00,1589.68,1590.06,1589.68,1590.06,0.02,23.67,36903.61,1
2025-12-22,2025-12-22 11:52:00,1590.06,1590.45,1590.06,1590.45,0.02,23.67,36903.61,1
2025-12-22,2025-12-22 11:53:00,1590.45,1590.84,1590.45,1590.84,0.02,23.67,36903.61,1
2025-12-22,2025-12-22 11:54:00,1590.84,1591.22,1590.84,1591.22,0.02,23.67,36903.61,1
2025-12-22,2025-12-22 11:55:00,1591.22,1591.61,1591.22,1591.61,0.02,23.67,36903.61,1
2025-12-22,2025-12-22 11:56:00,1591.61,1591.99,1591.61,1591.99,0.02,23.67,36903.61,1
2025-12-22,2025-12-22 11:57:00,1591.99,1592.38,1591.99,1592.38,0.02,23.67,36903.61,1
2025-12-22,2025-12-22 11:58:00,1592.38,1592.76,1592.38,1592.76,0.02,23.67,36903.61,1
2025-12-22,2025-12-22 11:59:00,1592.76,1593.15,1592.76,1593.15,0.02,23.67,36903.61,1
2025-12-22,2025-12-22 12:00:00,1593.15,1593.54,1593.15,1593.54,0.02,23.67,36903.61,1
2025-12-22,2025-12-22 12:01:00,1593.54,1593.92,1593.54,1593.92,0.02,23.67,36903.61,1
2025-12-22,2025-12-22 12:02:00,1593.92,1594.31,1593.92,1594.31,0.02,23.67,36903.61,1
2025-12-22,2025-12-22 12:03:00,1594.31,1594.69,1594.31,1594.69,0.02,23.67,36903.61,1
2025-12-22,2025-12-22 12:04:00,1594.69,1595.08,1594.69,1595.08,0.02,23.67,36903.61,1
2025-12-22,2025-12-22 12:05:00,1595.08,1595.46,1595.08,1595.46,0.02,23.67,36903.61,1
2025-12-22,2025-12-22 12:06:00,1595.46,1595.85,1595.46,1595.85,0.02,23.67,36903.61,1
2025-12-22,2025-12-22 12:07:00,1595.85,1596.24,1595.85,1596.24,0.02,23.67,36903.61,1
2025-12-22,2025-12-22 12:08:00,1596.24,1596.62,1596.24,1596.62,0.02,23.67,36903.61,1
2025-12-22,2025-12-22 12:09:00,1596.62,1597.01,1596.62,1597.01,0.02,23.67,36903.61,1
2025-12-22,2025-12-22 12:10:00,1597.01,1597.39,1597.01,1597.39,0.02,23.67,36903.61,1
2025-12-22,2025-12-22 12:11:00,1597.39,1597.78,1597.39,1597.78,0.02,23.67,36903.61,1
2025-12-22,2025-12-22 12:12:00,1597.78,1598.17,1597.78,1598.17,0.02,23.67,36903.61,1
2025-12-22,2025-12-22 12:13:00,1598.17,1598.55,1598.17,1598.55,0.02,23.67,36903.61,1
2025-12-22,2025-12-22 12:14:00,1598.55,1598.94,1598.55,1598.94,0.02,23.67,36903.61,1
2025-12-22,2025-12-22 12:15:00,1598.94,1599.32,1598.94,1599.32,0.02,23.67,36903.61,1
2025-12-22,2025-12-22 12:16:00,1599.32,1599.71,1599.32,1599.71,0.02,23.67,36903.61,1
2025-12-22,2025-12-22 12:17:00,1599.71,1600.1,1599.71,1600.1,0.02,23.67,36903.61,1
2025-12-22,2025-12-22 12:18:00,1600.1,1600.48,1600.1,1600.48,0.02,23.67,36903.61,1
2025-12-22,2025-12-22 12:19:00,1600.48,1600.87,1600.48,1600.87,0.02,23.67,36903.61,1
2025-12-22,2025-12-22 12:20:00,1600.87,1601.25,1600.87,1601.25,0.02,23.67,36903.61,1
2025-12-22,2025-12-22 12:21:00,1601.25,1601.64,1601.25,1601.64,0.02,23.67,36903.61,1
2025-12-22,2025-12-22 12:22:00,1601.64,1602.02,1601.64,1602.02,0.02,23.67,36903.61,1
2025-12-22,2025-12-22 12:23:00,1602.02,1602.41,1602.02,1602.41,0.02,23.67,36903.61,1
2025-12-22,2025-12-22 12:24:00,1602.41,1602.8,1602.41,1602.8,0.02,23.67,36903.61,1
2025-12-22,2025-12-22 12:25:00,1602.8,1603.18,1602.8,1603.18,0.02,23.67,36903.61,1
2025-12-22,2025-12-22 12:26:00,1603.18,1603.57,1603.18,1603.57,0.02,23.67,36903.61,1
2025-12-22,2025-12-22 12:27:00,1603.57,1603.95,1603.57,1603.95,0.02,23.67,36903.61,1
2025-12-22,2025-12-22 12:28:00,1603.95,1604.34,1603.95,1604.34,0.02,23.67,36903.61,1
2025-12-22,2025-12-22 12:29:00,1604.34,1604.72,1604.34,1604.72,0.02,23.67,36903.61,1
2025-12-22,2025-12-22 12:30:00,1604.72,1605.11,1604.72,1605.11,0.02,23.67,36903.61,1
2025-12-22,2025-12-22 12:31:00,1605.11,1605.5,1605.11,1605.5,0.02,23.67,36903.61,1
2025-12-22,2025-12-22 12:32:00,1605.5,1605.88,1605.5,1605.88,0.02,23.67,36903.61,1
2025-12-22,2025-12-22 12:33:00,1605.88,1606.27,1605.88,1606.27,0.02,23.67,36903.61,1
2025-12-22,2025-12-22 12:34:00,1606.27,1606.65,1606.27,1606.65,0.02,23.67,36903.61,1
2025-12-22,2025-12-22 12:35:00,1606.65,1607.04,1606.65,1607.04,0.02,23.67,36903.61,1
2025-12-22,2025-12-22 12:36:00,1607.04,1607.43,1607.04,1607.43,0.02,23.67,36903.61,1
2025-12-22,2025-12-22 12:37:00,1607.43,1607.81,1607.43,1607.81,0.02,23.67,36903.61,1
2025-12-22,2025-12-22 12:38:00,1607.81,1608.2,1607.81,1608.2,0.02,23.67,36903.61,1
2025-12-22,2025-12-22 12:39:00,1608.2,1608.58,1608.2,1608.58,0.02,23.67,36903.61,1
2025-12-22,2025-12-22 12:40:00,1608.58,1608.97,1608.58,1608.97,0.02,23.67,36903.61,1
2025-12-22,2025-12-22 12:41:00,1608.97,1609.36,1608.97,1609.36,0.02,23.67,36903.61,1
2025-12-22,2025-12-22 12:42:00,1609.36,1609.74,1609.36,1609.74,0.02,23.67,36903.61,1
2025-12-22,2025-12-22 12:43:00,1609.74,1610.13,1609.74,1610.13,0.02,23.67,36903.61,1
2025-12-22,2025-12-22 12:44:00,1610.13,1610.51,1610.13,1610.51,0.02,23.67,36903.61,1
2025-12-22,2025-12-22 12:45:00,1610.51,1610.9,1610.51,1610.9,0.02,23.67,36903.61,1
2025-12-22,2025-12-22 12:46:00,1610.9,1611.28,1610.9,1611.28,0.02,23.67,36903.61,1
2025-12-22,2025-12-22 12:47:00,1611.28,1611.67,1611.28,1611.67,0.02,23.67,36903.61,1
2025-12-22,2025-12-22 12:48:00,1611.67,1612.06,1611.67,1612.06,0.02,23.67,36903.61,1
2025-12-22,2025-12-22 12:49:00,1612.06,1612.44,1612.06,1612.44,0.02,23.67,36903.61,1
2025-12-22,2025-12-22 12:50:00,1612.44,1612.83,1612.44,1612.83,0.02,23.67,36903.61,1
2025-12-22,2025-12-22 12:51:00,1612.83,1613.21,1612.83,1613.21,0.02,23.67,36903.61,1
2025-12-22,2025-12-22 12:52:00,1613.21,1613.6,1613.21,1613.6,0.02,23.67,36903.61,1
2025-12-22,2025-12-22 12:53:00,1613.6,1613.98,1613.6,1613.98,0.02,23.67,36903.61,1
2025-12-22,2025-12-22 12:54:00,1613.98,1614.37,1613.98,1614.37,0.02,23.67,36903.61,1
2025-12-22,2025-12-22 12:55:00,1614.37,1614.76,1614.37,1614.76,0.02,23.67,36903.61,1
2025-12-22,2025-12-22 12:56:00,1614.76,1615.14,1614.76,1615.14,0.02,23.67,36903.61,1
2025-12-22,2025-12-22 12:57:00,1615.14,1615.53,1615.14,1615.53,0.02,23.67,36903.61,1
2025-12-22,2025-12-22 12:58:00,1615.53,1615.91,1615.53,1615.91,0.02,23.67,36903.61,1
2025-12-22,2025-12-22 12:59:00,1615.91,1616.3,1615.91,1616.3,0.02,23.67,36903.61,1
2025-12-22,2025-12-22 13:00:00,1616.3,1662.6,1510.5,1616.69,0.02,23.67,36903.61,1
2025-12-22,2025-12-22 13:01:00,1616.69,1617.07,1616.69,1617.07,0.02,23.67,36903.61,1
2025-12-22,2025-12-22 13:02:00,1617.07,1617.46,1617.07,1617.46,0.02,23.67,36903.61,1
2025-12-22,2025-12-22 13:03:00,1617.46,1617.84,1617.46,1617.84,0.02,23.67,36903.61,1
2025-12-22,2025-12-22 13:04:00,1617.84,1618.23,1617.84,1618.23,0.02,23.67,36903.61,1
2025-12-22,2025-12-22 13:05:00,1618.23,1618.62,1618.23,1618.62,0.02,23.67,36903.61,1
2025-12-22,2025-12-22 13:06:00,1618.62,1619.0,1618.62,1619.0,0.02,23.67,36903.61,1
2025-12-22,2025-12-22 13:07:00,1619.0,1619.39,1619.0,1619.39,0.02,23.67,36903.61,1
2025-12-22,2025-12-22 13:08:00,1619.39,1619.77,1619.39,1619.77,0.02,23.67,36903.61,1
2025-12-22,2025-12-22 13:09:00,1619.77,1620.16,1619.77,1620.16,0.02,23.67,36903.61,1
2025-12-22,2025-12-22 13:10:00,1620.16,1620.54,1620.16,1620.54,0.02,23.67,36903.61,1
2025-12-22,2025-12-22 13:11:00,1620.54,1620.93,1620.54,1620.93,0.02,23.67,36903.61,1
2025-12-22,2025-12-22 13:12:00,1620.93,1621.32,1620.93,1621.32,0.02,23.67,36903.61,1
2025-12-22,2025-12-22 13:13:00,1621.32,1621.7,1621.32,1621.7,0.02,23.67,36903.61,1
2025-12-22,2025-12-22 13:14:00,1621.7,1622.09,1621.7,1622.09,0.02,23.67,36903.61,1
2025-12-22,2025-12-22 13:15:00,1622.09,1622.47,1622.09,1622.47,0.02,23.67,36903.61,1
2025-12-22,2025-12-22 13:16:00,1622.47,1622.86,1622.47,1622.86,0.02,23.67,36903.61,1
2025-12-22,2025-12-22 13:17:00,1622.86,1623.24,1622.86,1623.24,0.02,23.67,36903.61,1
2025-12-22,2025-12-22 13:18:00,1623.24,1623.63,1623.24,1623.63,0.02,23.67,36903.61,1
2025-12-22,2025-12-22 13:19:00,1623.63,1624.02,1623.63,1624.02,0.02,23.67,36903.61,1
2025-12-22,2025-12-22 13:20:00,1624.02,1624.4,1624.02,1624.4,0.02,23.67,36903.61,1
2025-12-22,2025-12-22 13:21:00,1624.4,1624.79,1624.4,1624.79,0.02,23.67,36903.61,1
2025-12-22,2025-12-22 13:22:00,1624.79,1625.17,1624.79,1625.17,0.02,23.67,36903.61,1
2025-12-22,2025-12-22 13:23:00,1625.17,1625.56,1625.17,1625.56,0.02,23.67,36903.61,1
2025-12-22,2025-12-22 13:24:00,1625.56,1625.95,1625.56,1625.95,0.02,23.67,36903.61,1
2025-12-22,2025-12-22 13:25:00,1625.95,1626.33,1625.95,1626.33,0.02,23.67,36903.61,1
2025-12-22,2025-12-22 13:26:00,1626.33,1626.72,1626.33,1626.72,0.02,23.67,36903.61,1
2025-12-22,2025-12-22 13:27:00,1626.72,1627.1,1626.72,1627.1,0.02,23.67,36903.61,1
2025-12-22,2025-12-22 13:28:00,1627.1,1627.49,1627.1,1627.49,0.02,23.67,36903.61,1
2025-12-22,2025-12-22 13:29:00,1627.49,1627.88,1627.49,1627.88,0.02,23.67,36903.61,1
2025-12-22,2025-12-22 13:30:00,1627.88,1628.26,1627.88,1628.26,0.02,23.67,36903.61,1
2025-12-22,2025-12-22 13:31:00,1628.26,1628.65,1628.26,1628.65,0.02,23.67,36903.61,1
2025-12-22,2025-12-22 13:32:00,1628.65,1629.03,1628.65,1629.03,0.02,23.67,36903.61,1
2025-12-22,2025-12-22 13:33:00,1629.03,1629.42,1629.03,1629.42,0.02,23.67,36903.61,1
2025-12-22,2025-12-22 13:34:00,1629.42,1629.8,1629.42,1629.8,0.02,23.67,36903.61,1
2025-12-22,2025-12-22 13:35:00,1629.8,1630.19,1629.8,1630.19,0.02,23.67,36903.61,1
2025-12-22,2025-12-22 13:36:00,1630.19,1630.58,1630.19,1630.58,0.02,23.67,36903.61,1
2025-12-22,2025-12-22 13:37:00,1630.58,1630.96,1630.58,1630.96,0.02,23.67,36903.61,1
2025-12-22,2025-12-22 13:38:00,1630.96,1631.35,1630.96,1631.35,0.02,23.67,36903.61,1
2025-12-22,2025-12-22 13:39:00,1631.35,1631.73,1631.35,1631.73,0.02,23.67,36903.61,1
2025-12-22,2025-12-22 13:40:00,1631.73,1632.12,1631.73,1632.12,0.02,23.67,36903.61,1
2025-12-22,2025-12-22 13:41:00,1632.12,1632.5,1632.12,1632.5,0.02,23.67,36903.61,1
2025-12-22,2025-12-22 13:42:00,1632.5,1632.89,1632.5,1632.89,0.02,23.67,36903.61,1
2025-12-22,2025-12-22 13:43:00,1632.89,1633.28,1632.89,1633.28,0.02,23.67,36903.61,1
2025-12-22,2025-12-22 13:44:00,1633.28,1633.66,1633.28,1633.66,0.02,23.67,36903.61,1
2025-12-22,2025-12-22 13:45:00,1633.66,1634.05,1633.66,1634.05,0.02,23.67,36903.61,1
2025-12-22,2025-12-22 13:46:00,1634.05,1634.43,1634.05,1634.43,0.02,23.67,36903.61,1
2025-12-22,2025-12-22 13:47:00,1634.43,1634.82,1634.43,1634.82,0.02,23.67,36903.61,1
2025-12-22,2025-12-22 13:48:00,1634.82,1635.21,1634.82,1635.21,0.02,23.67,36903.61,1
2025-12-22,2025-12-22 13:49:00,1635.21,1635.59,1635.21,1635.59,0.02,23.67,36903.61,1
2025-12-22,2025-12-22 13:50:00,1635.59,1635.98,1635.59,1635.98,0.02,23.67,36903.61,1
2025-12-22,2025-12-22 13:51:00,1635.98,1636.36,1635.98,1636.36,0.02,23.67,36903.61,1
2025-12-22,2025-12-22 13:52:00,1636.36,1636.75,1636.36,1636.75,0.02,23.67,36903.61,1
2025-12-22,2025-12-22 13:53:00,1636.75,1637.13,1636.75,1637.13,0.02,23.67,36903.61,1
2025-12-22,2025-12-22 13:54:00,1637.13,1637.52,1637.13,1637.52,0.02,23.67,36903.61,1
2025-12-22,2025-12-22 13:55:00,1637.52,1637.91,1637.52,1637.91,0.02,23.67,36903.61,1
2025-12-22,2025-12-22 13:56:00,1637.91,1638.29,1637.91,1638.29,0.02,23.67,36903.61,1
2025-12-22,2025-12-22 13:57:00,1638.29,1638.68,1638.29,1638.68,0.02,23.67,36903.61,1
2025-12-22,2025-12-22 13:58:00,1638.68,1639.06,1638.68,1639.06,0.02,23.67,36903.61,1
2025-12-22,2025-12-22 13:59:00,1639.06,1639.45,1639.06,1639.45,0.02,23.67,36903.61,1
2025-12-22,2025-12-22 14:00:00,1639.45,1639.84,1639.45,1639.84,0.02,23.67,36903.61,1
2025-12-22,2025-12-22 14:01:00,1639.84,1640.22,1639.84,1640.22,0.02,23.67,36903.61,1
2025-12-22,2025-12-22 14:02:00,1640.22,1640.61,1640.22,1640.61,0.02,23.67,36903.61,1
2025-12-22,2025-12-22 14:03:00,1640.61,1640.99,1640.61,1640.99,0.02,23.67,36903.61,1
2025-12-22,2025-12-22 14:04:00,1640.99,1641.38,1640.99,1641.38,0.02,23.67,36903.61,1
2025-12-22,2025-12-22 14:05:00,1641.38,1641.76,1641.38,1641.76,0.02,23.67,36903.61,1
2025-12-22,2025-12-22 14:06:00,1641.76,1642.15,1641.76,1642.15,0.02,23.67,36903.61,1
2025-12-22,2025-12-22 14:07:00,1642.15,1642.54,1642.15,1642.54,0.02,23.67,36903.61,1
2025-12-22,2025-12-22 14:08:00,1642.54,1642.92,1642.54,1642.92,0.02,23.67,36903.61,1
2025-12-22,2025-12-22 14:09:00,1642.92,1643.31,1642.92,1643.31,0.02,23.67,36903.61,1
2025-12-22,2025-12-22 14:10:00,1643.31,1643.69,1643.31,1643.69,0.02,23.67,36903.61,1
2025-12-22,2025-12-22 14:11:00,1643.69,1644.08,1643.69,1644.08,0.02,23.67,36903.61,1
2025-12-22,2025-12-22 14:12:00,1644.08,1644.47,1644.08,1644.47,0.02,23.67,36903.61,1
2025-12-22,2025-12-22 14:13:00,1644.47,1644.85,1644.47,1644.85,0.02,23.67,36903.61,1
2025-12-22,2025-12-22 14:14:00,1644.85,1645.24,1644.85,1645.24,0.02,23.67,36903.61,1
2025-12-22,2025-12-22 14:15:00,1645.24,1645.62,1645.24,1645.62,0.02,23.67,36903.61,1
2025-12-22,2025-12-22 14:16:00,1645.62,1646.01,1645.62,1646.01,0.02,23.67,36903.61,1
2025-12-22,2025-12-22 14:17:00,1646.01,1646.39,1646.01,1646.39,0.02,23.67,36903.61,1
2025-12-22,2025-12-22 14:18:00,1646.39,1646.78,1646.39,1646.78,0.02,23.67,36903.61,1
2025-12-22,2025-12-22 14:19:00,1646.78,1647.17,1646.78,1647.17,0.02,23.67,36903.61,1
2025-12-22,2025-12-22 14:20:00,1647.17,1647.55,1647.17,1647.55,0.02,23.67,36903.61,1
2025-12-22,2025-12-22 14:21:00,1647.55,1647.94,1647.55,1647.94,0.02,23.67,36903.61,1
2025-12-22,2025-12-22 14:22:00,1647.94,1648.32,1647.94,1648.32,0.02,23.67,36903.61,1
2025-12-22,2025-12-22 14:23:00,1648.32,1648.71,1648.32,1648.71,0.02,23.67,36903.61,1
2025-12-22,2025-12-22 14:24:00,1648.71,1649.1,1648.71,1649.1,0.02,23.67,36903.61,1
2025-12-22,2025-12-22 14:25:00,1649.1,1649.48,1649.1,1649.48,0.02,23.67,36903.61,1
2025-12-22,2025-12-22 14:26:00,1649.48,1649.87,1649.48,1649.87,0.02,23.67,36903.61,1
2025-12-22,2025-12-22 14:27:00,1649.87,1650.25,1649.87,1650.25,0.02,23.67,36903.61,1
2025-12-22,2025-12-22 14:28:00,1650.25,1650.64,1650.25,1650.64,0.02,23.67,36903.61,1
2025-12-22,2025-12-22 14:29:00,1650.64,1651.02,1650.64,1651.02,0.02,23.67,36903.61,1
2025-12-22,2025-12-22 14:30:00,1651.02,1651.41,1651.02,1651.41,0.02,23.67,36903.61,1
2025-12-22,2025-12-22 14:31:00,1651.41,1651.8,1651.41,1651.8,0.02,23.67,36903.61,1
2025-12-22,2025-12-22 14:32:00,1651.8,1652.18,1651.8,1652.18,0.02,23.67,36903.61,1
2025-12-22,2025-12-22 14:33:00,1652.18,1652.57,1652.18,1652.57,0.02,23.67,36903.61,1
2025-12-22,2025-12-22 14:34:00,1652.57,1652.95,1652.57,1652.95,0.02,23.67,36903.61,1
2025-12-22,2025-12-22 14:35:00,1652.95,1653.34,1652.95,1653.34,0.02,23.67,36903.61,1
2025-12-22,2025-12-22 14:36:00,1653.34,1653.73,1653.34,1653.73,0.02,23.67,36903.61,1
2025-12-22,2025-12-22 14:37:00,1653.73,1654.11,1653.73,1654.11,0.02,23.67,36903.61,1
2025-12-22,2025-12-22 14:38:00,1654.11,1654.5,1654.11,1654.5,0.02,23.67,36903.61,1
2025-12-22,2025-12-22 14:39:00,1654.5,1654.88,1654.5,1654.88,0.02,23.67,36903.61,1
2025-12-22,2025-12-22 14:40:00,1654.88,1655.27,1654.88,1655.27,0.02,23.67,36903.61,1
2025-12-22,2025-12-22 14:41:00,1655.27,1655.65,1655.27,1655.65,0.02,23.67,36903.61,1
2025-12-22,2025-12-22 14:42:00,1655.65,1656.04,1655.65,1656.04,0.02,23.67,36903.61,1
2025-12-22,2025-12-22 14:43:00,1656.04,1656.43,1656.04,1656.43,0.02,23.67,36903.61,1
2025-12-22,2025-12-22 14:44:00,1656.43,1656.81,1656.43,1656.81,0.02,23.67,36903.61,1
2025-12-22,2025-12-22 14:45:00,1656.81,1657.2,1656.81,1657.2,0.02,23.67,36903.61,1
2025-12-22,2025-12-22 14:46:00,1657.2,1657.58,1657.2,1657.58,0.02,23.67,36903.61,1
2025-12-22,2025-12-22 14:47:00,1657.58,1657.97,1657.58,1657.97,0.02,23.67,36903.61,1
2025-12-22,2025-12-22 14:48:00,1657.97,1658.36,1657.97,1658.36,0.02,23.67,36903.61,1
2025-12-22,2025-12-22 14:49:00,1658.36,1658.74,1658.36,1658.74,0.02,23.67,36903.61,1
2025-12-22,2025-12-22 14:50:00,1658.74,1659.13,1658.74,1659.13,0.02,23.67,36903.61,1
2025-12-22,2025-12-22 14:51:00,1659.13,1659.51,1659.13,1659.51,0.02,23.67,36903.61,1
2025-12-22,2025-12-22 14:52:00,1659.51,1659.9,1659.51,1659.9,0.02,23.67,36903.61,1
2025-12-22,2025-12-22 14:53:00,1659.9,1660.28,1659.9,1660.28,0.02,23.67,36903.61,1
2025-12-22,2025-12-22 14:54:00,1660.28,1660.67,1660.28,1660.67,0.02,23.67,36903.61,1
2025-12-22,2025-12-22 14:55:00,1660.67,1661.06,1660.67,1661.06,0.02,23.67,36903.61,1
2025-12-22,2025-12-22 14:56:00,1661.06,1661.44,1661.06,1661.44,0.02,23.67,36903.61,1
2025-12-22,2025-12-22 14:57:00,1661.44,1661.83,1661.44,1661.83,0.02,23.67,36903.61,1
2025-12-22,2025-12-22 14:58:00,1661.83,1662.21,1661.83,1662.21,0.02,23.67,36903.61,1
2025-12-22,2025-12-22 14:59:00,1662.21,1662.6,1662.21,1662.6,0.02,23.67,36903.61,1
2025-12-22,2025-12-22 15:00:00,1662.6,1662.6,1510.5,1662.6,0.0,23.67,36903.61,0
2025-12-23,2025-12-23 11:00:00,1629.4,1629.4,1592.38,1629.13,-0.02,20.2,31403.27,-1
2025-12-23,2025-12-23 11:01:00,1629.13,1629.13,1628.86,1628.86,-0.02,20.2,31403.27,-1
2025-12-23,2025-12-23 11:02:00,1628.86,1628.86,1628.6,1628.6,-0.02,20.2,31403.27,-1
2025-12-23,2025-12-23 11:03:00,1628.6,1628.6,1628.33,1628.33,-0.02,20.2,31403.27,-1
2025-12-23,2025-12-23 11:04:00,1628.33,1628.33,1628.06,1628.06,-0.02,20.2,31403.27,-1
2025-12-23,2025-12-23 11:05:00,1628.06,1628.06,1627.79,1627.79,-0.02,20.2,31403.27,-1
2025-12-23,2025-12-23 11:06:00,1627.79,1627.79,1627.52,1627.52,-0.02,20.2,31403.27,-1
2025-12-23,2025-12-23 11:07:00,1627.52,1627.52,1627.25,1627.25,-0.02,20.2,31403.27,-1
2025-12-23,2025-12-23 11:08:00,1627.25,1627.25,1626.99,1626.99,-0.02,20.2,31403.27,-1
2025-12-23,2025-12-23 11:09:00,1626.99,1626.99,1626.72,1626.72,-0.02,20.2,31403.27,-1
2025-12-23,2025-12-23 11:10:00,1626.72,1626.72,1626.45,1626.45,-0.02,20.2,31403.27,-1
2025-12-23,2025-12-23 11:11:00,1626.45,1626.45,1626.18,1626.18,-0.02,20.2,31403.27,-1
2025-12-23,2025-12-23 11:12:00,1626.18,1626.18,1625.91,1625.91,-0.02,20.2,31403.27,-1
2025-12-23,2025-12-23 11:13:00,1625.91,1625.91,1625.64,1625.64,-0.02,20.2,31403.27,-1
2025-12-23,2025-12-23 11:14:00,1625.64,1625.64,1625.38,1625.38,-0.02,20.2,31403.27,-1
2025-12-23,2025-12-23 11:15:00,1625.38,1625.38,1625.11,1625.11,-0.02,20.2,31403.27,-1
2025-12-23,2025-12-23 11:16:00,1625.11,1625.11,1624.84,1624.84,-0.02,20.2,31403.27,-1
2025-12-23,2025-12-23 11:17:00,1624.84,1624.84,1624.57,1624.57,-0.02,20.2,31403.27,-1
2025-12-23,2025-12-23 11:18:00,1624.57,1624.57,1624.3,1624.3,-0.02,20.2,31403.27,-1
2025-12-23,2025-12-23 11:19:00,1624.3,1624.3,1624.03,1624.03,-0.02,20.2,31403.27,-1
2025-12-23,2025-12-23 11:20:00,1624.03,1624.03,1623.77,1623.77,-0.02,20.2,31403.27,-1
2025-12-23,2025-12-23 11:21:00,1623.77,1623.77,1623.5,1623.5,-0.02,20.2,31403.27,-1
2025-12-23,2025-12-23 11:22:00,1623.5,1623.5,1623.23,1623.23,-0.02,20.2,31403.27,-1
2025-12-23,2025-12-23 11:23:00,1623.23,1623.23,1622.96,1622.96,-0.02,20.2,31403.27,-1
2025-12-23,2025-12-23 11:24:00,1622.96,1622.96,1622.69,1622.69,-0.02,20.2,31403.27,-1
2025-12-23,2025-12-23 11:25:00,1622.69,1622.69,1622.42,1622.42,-0.02,20.2,31403.27,-1
2025-12-23,2025-12-23 11:26:00,1622.42,1622.42,1622.15,1622.15,-0.02,20.2,31403.27,-1
2025-12-23,2025-12-23 11:27:00,1622.15,1622.15,1621.89,1621.89,-0.02,20.2,31403.27,-1
2025-12-23,2025-12-23 11:28:00,1621.89,1621.89,1621.62,1621.62,-0.02,20.2,31403.27,-1
2025-12-23,2025-12-23 11:29:00,1621.62,1621.62,1621.35,1621.35,-0.02,20.2,31403.27,-1
2025-12-23,2025-12-23 11:30:00,1621.35,1621.35,1621.08,1621.08,-0.02,20.2,31403.27,-1
2025-12-23,2025-12-23 11:31:00,1621.08,1621.08,1620.81,1620.81,-0.02,20.2,31403.27,-1
2025-12-23,2025-12-23 11:32:00,1620.81,1620.81,1620.55,1620.55,-0.02,20.2,31403.27,-1
2025-12-23,2025-12-23 11:33:00,1620.55,1620.55,1620.28,1620.28,-0.02,20.2,31403.27,-1
2025-12-23,2025-12-23 11:34:00,1620.28,1620.28,1620.01,1620.01,-0.02,20.2,31403.27,-1
2025-12-23,2025-12-23 11:35:00,1620.01,1620.01,1619.74,1619.74,-0.02,20.2,31403.27,-1
2025-12-23,2025-12-23 11:36:00,1619.74,1619.74,1619.47,1619.47,-0.02,20.2,31403.27,-1
2025-12-23,2025-12-23 11:37:00,1619.47,1619.47,1619.2,1619.2,-0.02,20.2,31403.27,-1
2025-12-23,2025-12-23 11:38:00,1619.2,1619.2,1618.94,1618.94,-0.02,20.2,31403.27,-1
2025-12-23,2025-12-23 11:39:00,1618.94,1618.94,1618.67,1618.67,-0.02,20.2,31403.27,-1
2025-12-23,2025-12-23 11:40:00,1618.67,1618.67,1618.4,1618.4,-0.02,20.2,31403.27,-1
2025-12-23,2025-12-23 11:41:00,1618.4,1618.4,1618.13,1618.13,-0.02,20.2,31403.27,-1
2025-12-23,2025-12-23 11:42:00,1618.13,1618.13,1617.86,1617.86,-0.02,20.2,31403.27,-1
2025-12-23,2025-12-23 11:43:00,1617.86,1617.86,1617.59,1617.59,-0.02,20.2,31403.27,-1
2025-12-23,2025-12-23 11:44:00,1617.59,1617.59,1617.33,1617.33,-0.02,20.2,31403.27,-1
2025-12-23,2025-12-23 11:45:00,1617.33,1617.33,1617.06,1617.06,-0.02,20.2,31403.27,-1
2025-12-23,2025-12-23 11:46:00,1617.06,1617.06,1616.79,1616.79,-0.02,20.2,31403.27,-1
2025-12-23,2025-12-23 11:47:00,1616.79,1616.79,1616.52,1616.52,-0.02,20.2,31403.27,-1
2025-12-23,2025-12-23 11:48:00,1616.52,1616.52,1616.25,1616.25,-0.02,20.2,31403.27,-1
2025-12-23,2025-12-23 11:49:00,1616.25,1616.25,1615.98,1615.98,-0.02,20.2,31403.27,-1
2025-12-23,2025-12-23 11:50:00,1615.98,1615.98,1615.72,1615.72,-0.02,20.2,31403.27,-1
2025-12-23,2025-12-23 11:51:00,1615.72,1615.72,1615.45,1615.45,-0.02,20.2,31403.27,-1
2025-12-23,2025-12-23 11:52:00,1615.45,1615.45,1615.18,1615.18,-0.02,20.2,31403.27,-1
2025-12-23,2025-12-23 11:53:00,1615.18,1615.18,1614.91,1614.91,-0.02,20.2,31403.27,-1
2025-12-23,2025-12-23 11:54:00,1614.91,1614.91,1614.64,1614.64,-0.02,20.2,31403.27,-1
2025-12-23,2025-12-23 11:55:00,1614.64,1614.64,1614.37,1614.37,-0.02,20.2,31403.27,-1
2025-12-23,2025-12-23 11:56:00,1614.37,1614.37,1614.11,1614.11,-0.02,20.2,31403.27,-1
2025-12-23,2025-12-23 11:57:00,1614.11,1614.11,1613.84,1613.84,-0.02,20.2,31403.27,-1
2025-12-23,2025-12-23 11:58:00,1613.84,1613.84,1613.57,1613.57,-0.02,20.2,31403.27,-1
2025-12-23,2025-12-23 11:59:00,1613.57,1613.57,1613.3,1613.3,-0.02,20.2,31403.27,-1
2025-12-23,2025-12-23 12:00:00,1613.3,1613.3,1613.03,1613.03,-0.02,20.2,31403.27,-1
2025-12-23,2025-12-23 12:01:00,1613.03,1613.03,1612.76,1612.76,-0.02,20.2,31403.27,-1
2025-12-23,2025-12-23 12:02:00,1612.76,1612.76,1612.5,1612.5,-0.02,20.2,31403.27,-1
2025-12-23,2025-12-23 12:03:00,1612.5,1612.5,1612.23,1612.23,-0.02,20.2,31403.27,-1
2025-12-23,2025-12-23 12:04:00,1612.23,1612.23,1611.96,1611.96,-0.02,20.2,31403.27,-1
2025-12-23,2025-12-23 12:05:00,1611.96,1611.96,1611.69,1611.69,-0.02,20.2,31403.27,-1
2025-12-23,2025-12-23 12:06:00,1611.69,1611.69,1611.42,1611.42,-0.02,20.2,31403.27,-1
2025-12-23,2025-12-23 12:07:00,1611.42,1611.42,1611.15,1611.15,-0.02,20.2,31403.27,-1
2025-12-23,2025-12-23 12:08:00,1611.15,1611.15,1610.88,1610.88,-0.02,20.2,31403.27,-1
2025-12-23,2025-12-23 12:09:00,1610.88,1610.88,1610.62,1610.62,-0.02,20.2,31403.27,-1
2025-12-23,2025-12-23 12:10:00,1610.62,1610.62,1610.35,1610.35,-0.02,20.2,31403.27,-1
2025-12-23,2025-12-23 12:11:00,1610.35,1610.35,1610.08,1610.08,-0.02,20.2,31403.27,-1
2025-12-23,2025-12-23 12:12:00,1610.08,1610.08,1609.81,1609.81,-0.02,20.2,31403.27,-1
2025-12-23,2025-12-23 12:13:00,1609.81,1609.81,1609.54,1609.54,-0.02,20.2,31403.27,-1
2025-12-23,2025-12-23 12:14:00,1609.54,1609.54,1609.28,1609.28,-0.02,20.2,31403.27,-1
2025-12-23,2025-12-23 12:15:00,1609.28,1609.28,1609.01,1609.01,-0.02,20.2,31403.27,-1
2025-12-23,2025-12-23 12:16:00,1609.01,1609.01,1608.74,1608.74,-0.02,20.2,31403.27,-1
2025-12-23,2025-12-23 12:17:00,1608.74,1608.74,1608.47,1608.47,-0.02,20.2,31403.27,-1
2025-12-23,2025-12-23 12:18:00,1608.47,1608.47,1608.2,1608.2,-0.02,20.2,31403.27,-1
2025-12-23,2025-12-23 12:19:00,1608.2,1608.2,1607.93,1607.93,-0.02,20.2,31403.27,-1
2025-12-23,2025-12-23 12:20:00,1607.93,1607.93,1607.66,1607.66,-0.02,20.2,31403.27,-1
2025-12-23,2025-12-23 12:21:00,1607.66,1607.66,1607.4,1607.4,-0.02,20.2,31403.27,-1
2025-12-23,2025-12-23 12:22:00,1607.4,1607.4,1607.13,1607.13,-0.02,20.2,31403.27,-1
2025-12-23,2025-12-23 12:23:00,1607.13,1607.13,1606.86,1606.86,-0.02,20.2,31403.27,-1
2025-12-23,2025-12-23 12:24:00,1606.86,1606.86,1606.59,1606.59,-0.02,20.2,31403.27,-1
2025-12-23,2025-12-23 12:25:00,1606.59,1606.59,1606.32,1606.32,-0.02,20.2,31403.27,-1
2025-12-23,2025-12-23 12:26:00,1606.32,1606.32,1606.06,1606.06,-0.02,20.2,31403.27,-1
2025-12-23,2025-12-23 12:27:00,1606.06,1606.06,1605.79,1605.79,-0.02,20.2,31403.27,-1
2025-12-23,2025-12-23 12:28:00,1605.79,1605.79,1605.52,1605.52,-0.02,20.2,31403.27,-1
2025-12-23,2025-12-23 12:29:00,1605.52,1605.52,1605.25,1605.25,-0.02,20.2,31403.27,-1
2025-12-23,2025-12-23 12:30:00,1605.25,1605.25,1604.98,1604.98,-0.02,20.2,31403.27,-1
2025-12-23,2025-12-23 12:31:00,1604.98,1604.98,1604.71,1604.71,-0.02,20.2,31403.27,-1
2025-12-23,2025-12-23 12:32:00,1604.71,1604.71,1604.45,1604.45,-0.02,20.2,31403.27,-1
2025-12-23,2025-12-23 12:33:00,1604.45,1604.45,1604.18,1604.18,-0.02,20.2,31403.27,-1
2025-12-23,2025-12-23 12:34:00,1604.18,1604.18,1603.91,1603.91,-0.02,20.2,31403.27,-1
2025-12-23,2025-12-23 12:35:00,1603.91,1603.91,1603.64,1603.64,-0.02,20.2,31403.27,-1
2025-12-23,2025-12-23 12:36:00,1603.64,1603.64,1603.37,1603.37,-0.02,20.2,31403.27,-1
2025-12-23,2025-12-23 12:37:00,1603.37,1603.37,1603.1,1603.1,-0.02,20.2,31403.27,-1
2025-12-23,2025-12-23 12:38:00,1603.1,1603.1,1602.84,1602.84,-0.02,20.2,31403.27,-1
2025-12-23,2025-12-23 12:39:00,1602.84,1602.84,1602.57,1602.57,-0.02,20.2,31403.27,-1
2025-12-23,2025-12-23 12:40:00,1602.57,1602.57,1602.3,1602.3,-0.02,20.2,31403.27,-1
2025-12-23,2025-12-23 12:41:00,1602.3,1602.3,1602.03,1602.03,-0.02,20.2,31403.27,-1
2025-12-23,2025-12-23 12:42:00,1602.03,1602.03,1601.76,1601.76,-0.02,20.2,31403.27,-1
2025-12-23,2025-12-23 12:43:00,1601.76,1601.76,1601.49,1601.49,-0.02,20.2,31403.27,-1
2025-12-23,2025-12-23 12:44:00,1601.49,1601.49,1601.23,1601.23,-0.02,20.2,31403.27,-1
2025-12-23,2025-12-23 12:45:00,1601.23,1601.23,1600.96,1600.96,-0.02,20.2,31403.27,-1
2025-12-23,2025-12-23 12:46:00,1600.96,1600.96,1600.69,1600.69,-0.02,20.2,31403.27,-1
2025-12-23,2025-12-23 12:47:00,1600.69,1600.69,1600.42,1600.42,-0.02,20.2,31403.27,-1
2025-12-23,2025-12-23 12:48:00,1600.42,1600.42,1600.15,1600.15,-0.02,20.2,31403.27,-1
2025-12-23,2025-12-23 12:49:00,1600.15,1600.15,1599.88,1599.88,-0.02,20.2,31403.27,-1
2025-12-23,2025-12-23 12:50:00,1599.88,1599.88,1599.62,1599.62,-0.02,20.2,31403.27,-1
2025-12-23,2025-12-23 12:51:00,1599.62,1599.62,1599.35,1599.35,-0.02,20.2,31403.27,-1
2025-12-23,2025-12-23 12:52:00,1599.35,1599.35,1599.08,1599.08,-0.02,20.2,31403.27,-1
2025-12-23,2025-12-23 12:53:00,1599.08,1599.08,1598.81,1598.81,-0.02,20.2,31403.27,-1
2025-12-23,2025-12-23 12:54:00,1598.81,1598.81,1598.54,1598.54,-0.02,20.2,31403.27,-1
2025-12-23,2025-12-23 12:55:00,1598.54,1598.54,1598.27,1598.27,-0.02,20.2,31403.27,-1
2025-12-23,2025-12-23 12:56:00,1598.27,1598.27,1598.01,1598.01,-0.02,20.2,31403.27,-1
2025-12-23,2025-12-23 12:57:00,1598.01,1598.01,1597.74,1597.74,-0.02,20.2,31403.27,-1
2025-12-23,2025-12-23 12:58:00,1597.74,1597.74,1597.47,1597.47,-0.02,20.2,31403.27,-1
2025-12-23,2025-12-23 12:59:00,1597.47,1597.47,1597.2,1597.2,-0.02,20.2,31403.27,-1
2025-12-23,2025-12-23 13:00:00,1597.2,1629.4,1506.0,1596.93,-0.02,20.2,31403.27,-1
2025-12-23,2025-12-23 13:01:00,1596.93,1596.93,1596.66,1596.66,-0.02,20.2,31403.27,-1
2025-12-23,2025-12-23 13:02:00,1596.66,1596.66,1596.39,1596.39,-0.02,20.2,31403.27,-1
2025-12-23,2025-12-23 13:03:00,1596.39,1596.39,1596.13,1596.13,-0.02,20.2,31403.27,-1
2025-12-23,2025-12-23 13:04:00,1596.13,1596.13,1595.86,1595.86,-0.02,20.2,31403.27,-1
2025-12-23,2025-12-23 13:05:00,1595.86,1595.86,1595.59,1595.59,-0.02,20.2,31403.27,-1
2025-12-23,2025-12-23 13:06:00,1595.59,1595.59,1595.32,1595.32,-0.02,20.2,31403.27,-1
2025-12-23,2025-12-23 13:07:00,1595.32,1595.32,1595.05,1595.05,-0.02,20.2,31403.27,-1
2025-12-23,2025-12-23 13:08:00,1595.05,1595.05,1594.79,1594.79,-0.02,20.2,31403.27,-1
2025-12-23,2025-12-23 13:09:00,1594.79,1594.79,1594.52,1594.52,-0.02,20.2,31403.27,-1
2025-12-23,2025-12-23 13:10:00,1594.52,1594.52,1594.25,1594.25,-0.02,20.2,31403.27,-1
2025-12-23,2025-12-23 13:11:00,1594.25,1594.25,1593.98,1593.98,-0.02,20.2,31403.27,-1
2025-12-23,2025-12-23 13:12:00,1593.98,1593.98,1593.71,1593.71,-0.02,20.2,31403.27,-1
2025-12-23,2025-12-23 13:13:00,1593.71,1593.71,1593.44,1593.44,-0.02,20.2,31403.27,-1
2025-12-23,2025-12-23 13:14:00,1593.44,1593.44,1593.17,1593.17,-0.02,20.2,31403.27,-1
2025-12-23,2025-12-23 13:15:00,1593.17,1593.17,1592.91,1592.91,-0.02,20.2,31403.27,-1
2025-12-23,2025-12-23 13:16:00,1592.91,1592.91,1592.64,1592.64,-0.02,20.2,31403.27,-1
2025-12-23,2025-12-23 13:17:00,1592.64,1592.64,1592.37,1592.37,-0.02,20.2,31403.27,-1
2025-12-23,2025-12-23 13:18:00,1592.37,1592.37,1592.1,1592.1,-0.02,20.2,31403.27,-1
2025-12-23,2025-12-23 13:19:00,1592.1,1592.1,1591.83,1591.83,-0.02,20.2,31403.27,-1
2025-12-23,2025-12-23 13:20:00,1591.83,1591.83,1591.57,1591.57,-0.02,20.2,31403.27,-1
2025-12-23,2025-12-23 13:21:00,1591.57,1591.57,1591.3,1591.3,-0.02,20.2,31403.27,-1
2025-12-23,2025-12-23 13:22:00,1591.3,1591.3,1591.03,1591.03,-0.02,20.2,31403.27,-1
2025-12-23,2025-12-23 13:23:00,1591.03,1591.03,1590.76,1590.76,-0.02,20.2,31403.27,-1
2025-12-23,2025-12-23 13:24:00,1590.76,1590.76,1590.49,1590.49,-0.02,20.2,31403.27,-1
2025-12-23,2025-12-23 13:25:00,1590.49,1590.49,1590.22,1590.22,-0.02,20.2,31403.27,-1
2025-12-23,2025-12-23 13:26:00,1590.22,1590.22,1589.95,1589.95,-0.02,20.2,31403.27,-1
2025-12-23,2025-12-23 13:27:00,1589.95,1589.95,1589.69,1589.69,-0.02,20.2,31403.27,-1
2025-12-23,2025-12-23 13:28:00,1589.69,1589.69,1589.42,1589.42,-0.02,20.2,31403.27,-1
2025-12-23,2025-12-23 13:29:00,1589.42,1589.42,1589.15,1589.15,-0.02,20.2,31403.27,-1
2025-12-23,2025-12-23 13:30:00,1589.15,1589.15,1588.88,1588.88,-0.02,20.2,31403.27,-1
2025-12-23,2025-12-23 13:31:00,1588.88,1588.88,1588.61,1588.61,-0.02,20.2,31403.27,-1
2025-12-23,2025-12-23 13:32:00,1588.61,1588.61,1588.35,1588.35,-0.02,20.2,31403.27,-1
2025-12-23,2025-12-23 13:33:00,1588.35,1588.35,1588.08,1588.08,-0.02,20.2,31403.27,-1
2025-12-23,2025-12-23 13:34:00,1588.08,1588.08,1587.81,1587.81,-0.02,20.2,31403.27,-1
2025-12-23,2025-12-23 13:35:00,1587.81,1587.81,1587.54,1587.54,-0.02,20.2,31403.27,-1
2025-12-23,2025-12-23 13:36:00,1587.54,1587.54,1587.27,1587.27,-0.02,20.2,31403.27,-1
2025-12-23,2025-12-23 13:37:00,1587.27,1587.27,1587.0,1587.0,-0.02,20.2,31403.27,-1
2025-12-23,2025-12-23 13:38:00,1587.0,1587.0,1586.74,1586.74,-0.02,20.2,31403.27,-1
2025-12-23,2025-12-23 13:39:00,1586.74,1586.74,1586.47,1586.47,-0.02,20.2,31403.27,-1
2025-12-23,2025-12-23 13:40:00,1586.47,1586.47,1586.2,1586.2,-0.02,20.2,31403.27,-1
2025-12-23,2025-12-23 13:41:00,1586.2,1586.2,1585.93,1585.93,-0.02,20.2,31403.27,-1
2025-12-23,2025-12-23 13:42:00,1585.93,1585.93,1585.66,1585.66,-0.02,20.2,31403.27,-1
2025-12-23,2025-12-23 13:43:00,1585.66,1585.66,1585.39,1585.39,-0.02,20.2,31403.27,-1
2025-12-23,2025-12-23 13:44:00,1585.39,1585.39,1585.12,1585.12,-0.02,20.2,31403.27,-1
2025-12-23,2025-12-23 13:45:00,1585.12,1585.12,1584.86,1584.86,-0.02,20.2,31403.27,-1
2025-12-23,2025-12-23 13:46:00,1584.86,1584.86,1584.59,1584.59,-0.02,20.2,31403.27,-1
2025-12-23,2025-12-23 13:47:00,1584.59,1584.59,1584.32,1584.32,-0.02,20.2,31403.27,-1
2025-12-23,2025-12-23 13:48:00,1584.32,1584.32,1584.05,1584.05,-0.02,20.2,31403.27,-1
2025-12-23,2025-12-23 13:49:00,1584.05,1584.05,1583.78,1583.78,-0.02,20.2,31403.27,-1
2025-12-23,2025-12-23 13:50:00,1583.78,1583.78,1583.52,1583.52,-0.02,20.2,31403.27,-1
2025-12-23,2025-12-23 13:51:00,1583.52,1583.52,1583.25,1583.25,-0.02,20.2,31403.27,-1
2025-12-23,2025-12-23 13:52:00,1583.25,1583.25,1582.98,1582.98,-0.02,20.2,31403.27,-1
2025-12-23,2025-12-23 13:53:00,1582.98,1582.98,1582.71,1582.71,-0.02,20.2,31403.27,-1
2025-12-23,2025-12-23 13:54:00,1582.71,1582.71,1582.44,1582.44,-0.02,20.2,31403.27,-1
2025-12-23,2025-12-23 13:55:00,1582.44,1582.44,1582.17,1582.17,-0.02,20.2,31403.27,-1
2025-12-23,2025-12-23 13:56:00,1582.17,1582.17,1581.9,1581.9,-0.02,20.2,31403.27,-1
2025-12-23,2025-12-23 13:57:00,1581.9,1581.9,1581.64,1581.64,-0.02,20.2,31403.27,-1
2025-12-23,2025-12-23 13:58:00,1581.64,1581.64,1581.37,1581.37,-0.02,20.2,31403.27,-1
2025-12-23,2025-12-23 13:59:00,1581.37,1581.37,1581.1,1581.1,-0.02,20.2,31403.27,-1
2025-12-23,2025-12-23 14:00:00,1581.1,1581.1,1580.83,1580.83,-0.02,20.2,31403.27,-1
2025-12-23,2025-12-23 14:01:00,1580.83,1580.83,1580.56,1580.56,-0.02,20.2,31403.27,-1
2025-12-23,2025-12-23 14:02:00,1580.56,1580.56,1580.3,1580.3,-0.02,20.2,31403.27,-1
2025-12-23,2025-12-23 14:03:00,1580.3,1580.3,1580.03,1580.03,-0.02,20.2,31403.27,-1
2025-12-23,2025-12-23 14:04:00,1580.03,1580.03,1579.76,1579.76,-0.02,20.2,31403.27,-1
2025-12-23,2025-12-23 14:05:00,1579.76,1579.76,1579.49,1579.49,-0.02,20.2,31403.27,-1
2025-12-23,2025-12-23 14:06:00,1579.49,1579.49,1579.22,1579.22,-0.02,20.2,31403.27,-1
2025-12-23,2025-12-23 14:07:00,1579.22,1579.22,1578.95,1578.95,-0.02,20.2,31403.27,-1
2025-12-23,2025-12-23 14:08:00,1578.95,1578.95,1578.68,1578.68,-0.02,20.2,31403.27,-1
2025-12-23,2025-12-23 14:09:00,1578.68,1578.68,1578.42,1578.42,-0.02,20.2,31403.27,-1
2025-12-23,2025-12-23 14:10:00,1578.42,1578.42,1578.15,1578.15,-0.02,20.2,31403.27,-1
2025-12-23,2025-12-23 14:11:00,1578.15,1578.15,1577.88,1577.88,-0.02,20.2,31403.27,-1
2025-12-23,2025-12-23 14:12:00,1577.88,1577.88,1577.61,1577.61,-0.02,20.2,31403.27,-1
2025-12-23,2025-12-23 14:13:00,1577.61,1577.61,1577.34,1577.34,-0.02,20.2,31403.27,-1
2025-12-23,2025-12-23 14:14:00,1577.34,1577.34,1577.08,1577.08,-0.02,20.2,31403.27,-1
2025-12-23,2025-12-23 14:15:00,1577.08,1577.08,1576.81,1576.81,-0.02,20.2,31403.27,-1
2025-12-23,2025-12-23 14:16:00,1576.81,1576.81,1576.54,1576.54,-0.02,20.2,31403.27,-1
2025-12-23,2025-12-23 14:17:00,1576.54,1576.54,1576.27,1576.27,-0.02,20.2,31403.27,-1
2025-12-23,2025-12-23 14:18:00,1576.27,1576.27,1576.0,1576.0,-0.02,20.2,31403.27,-1
2025-12-23,2025-12-23 14:19:00,1576.0,1576.0,1575.73,1575.73,-0.02,20.2,31403.27,-1
2025-12-23,2025-12-23 14:20:00,1575.73,1575.73,1575.46,1575.46,-0.02,20.2,31403.27,-1
2025-12-23,2025-12-23 14:21:00,1575.46,1575.46,1575.2,1575.2,-0.02,20.2,31403.27,-1
2025-12-23,2025-12-23 14:22:00,1575.2,1575.2,1574.93,1574.93,-0.02,20.2,31403.27,-1
2025-12-23,2025-12-23 14:23:00,1574.93,1574.93,1574.66,1574.66,-0.02,20.2,31403.27,-1
2025-12-23,2025-12-23 14:24:00,1574.66,1574.66,1574.39,1574.39,-0.02,20.2,31403.27,-1
2025-12-23,2025-12-23 14:25:00,1574.39,1574.39,1574.12,1574.12,-0.02,20.2,31403.27,-1
2025-12-23,2025-12-23 14:26:00,1574.12,1574.12,1573.86,1573.86,-0.02,20.2,31403.27,-1
2025-12-23,2025-12-23 14:27:00,1573.86,1573.86,1573.59,1573.59,-0.02,20.2,31403.27,-1
2025-12-23,2025-12-23 14:28:00,1573.59,1573.59,1573.32,1573.32,-0.02,20.2,31403.27,-1
2025-12-23,2025-12-23 14:29:00,1573.32,1573.32,1573.05,1573.05,-0.02,20.2,31403.27,-1
2025-12-23,2025-12-23 14:30:00,1573.05,1573.05,1572.78,1572.78,-0.02,20.2,31403.27,-1
2025-12-23,2025-12-23 14:31:00,1572.78,1572.78,1572.51,1572.51,-0.02,20.2,31403.27,-1
2025-12-23,2025-12-23 14:32:00,1572.51,1572.51,1572.25,1572.25,-0.02,20.2,31403.27,-1
2025-12-23,2025-12-23 14:33:00,1572.25,1572.25,1571.98,1571.98,-0.02,20.2,31403.27,-1
2025-12-23,2025-12-23 14:34:00,1571.98,1571.98,1571.71,1571.71,-0.02,20.2,31403.27,-1
2025-12-23,2025-12-23 14:35:00,1571.71,1571.71,1571.44,1571.44,-0.02,20.2,31403.27,-1
2025-12-23,2025-12-23 14:36:00,1571.44,1571.44,1571.17,1571.17,-0.02,20.2,31403.27,-1
2025-12-23,2025-12-23 14:37:00,1571.17,1571.17,1570.9,1570.9,-0.02,20.2,31403.27,-1
2025-12-23,2025-12-23 14:38:00,1570.9,1570.9,1570.63,1570.63,-0.02,20.2,31403.27,-1
2025-12-23,2025-12-23 14:39:00,1570.63,1570.63,1570.37,1570.37,-0.02,20.2,31403.27,-1
2025-12-23,2025-12-23 14:40:00,1570.37,1570.37,1570.1,1570.1,-0.02,20.2,31403.27,-1
2025-12-23,2025-12-23 14:41:00,1570.1,1570.1,1569.83,1569.83,-0.02,20.2,31403.27,-1
2025-12-23,2025-12-23 14:42:00,1569.83,1569.83,1569.56,1569.56,-0.02,20.2,31403.27,-1
2025-12-23,2025-12-23 14:43:00,1569.56,1569.56,1569.29,1569.29,-0.02,20.2,31403.27,-1
2025-12-23,2025-12-23 14:44:00,1569.29,1569.29,1569.03,1569.03,-0.02,20.2,31403.27,-1
2025-12-23,2025-12-23 14:45:00,1569.03,1569.03,1568.76,1568.76,-0.02,20.2,31403.27,-1
2025-12-23,2025-12-23 14:46:00,1568.76,1568.76,1568.49,1568.49,-0.02,20.2,31403.27,-1
2025-12-23,2025-12-23 14:47:00,1568.49,1568.49,1568.22,1568.22,-0.02,20.2,31403.27,-1
2025-12-23,2025-12-23 14:48:00,1568.22,1568.22,1567.95,1567.95,-0.02,20.2,31403.27,-1
2025-12-23,2025-12-23 14:49:00,1567.95,1567.95,1567.68,1567.68,-0.02,20.2,31403.27,-1
2025-12-23,2025-12-23 14:50:00,1567.68,1567.68,1567.41,1567.41,-0.02,20.2,31403.27,-1
2025-12-23,2025-12-23 14:51:00,1567.41,1567.41,1567.15,1567.15,-0.02,20.2,31403.27,-1
2025-12-23,2025-12-23 14:52:00,1567.15,1567.15,1566.88,1566.88,-0.02,20.2,31403.27,-1
2025-12-23,2025-12-23 14:53:00,1566.88,1566.88,1566.61,1566.61,-0.02,20.2,31403.27,-1
2025-12-23,2025-12-23 14:54:00,1566.61,1566.61,1566.34,1566.34,-0.02,20.2,31403.27,-1
2025-12-23,2025-12-23 14:55:00,1566.34,1566.34,1566.07,1566.07,-0.02,20.2,31403.27,-1
2025-12-23,2025-12-23 14:56:00,1566.07,1566.07,1565.81,1565.81,-0.02,20.2,31403.27,-1
2025-12-23,2025-12-23 14:57:00,1565.81,1565.81,1565.54,1565.54,-0.02,20.2,31403.27,-1
2025-12-23,2025-12-23 14:58:00,1565.54,1565.54,1565.27,1565.27,-0.02,20.2,31403.27,-1
2025-12-23,2025-12-23 14:59:00,1565.27,1565.27,1565.0,1565.0,-0.02,20.2,31403.27,-1
2025-12-23,2025-12-23 15:00:00,1565.0,1629.4,1506.0,1565.0,0.0,20.2,31403.27,0
2025-12-24,2025-12-24 11:00:00,1553.7,1561.59,1545.69,1553.6,-0.01,7.55,11606.18,-1
2025-12-24,2025-12-24 11:01:00,1553.6,1553.6,1553.49,1553.49,-0.01,7.55,11606.18,-1
2025-12-24,2025-12-24 11:02:00,1553.49,1553.49,1553.38,1553.38,-0.01,7.55,11606.18,-1
2025-12-24,2025-12-24 11:03:00,1553.38,1553.38,1553.28,1553.28,-0.01,7.55,11606.18,-1
2025-12-24,2025-12-24 11:04:00,1553.28,1553.28,1553.17,1553.17,-0.01,7.55,11606.18,-1
2025-12-24,2025-12-24 11:05:00,1553.17,1553.17,1553.07,1553.07,-0.01,7.55,11606.18,-1
2025-12-24,2025-12-24 11:06:00,1553.07,1553.07,1552.97,1552.97,-0.01,7.55,11606.18,-1
2025-12-24,2025-12-24 11:07:00,1552.97,1552.97,1552.86,1552.86,-0.01,7.55,11606.18,-1
2025-12-24,2025-12-24 11:08:00,1552.86,1552.86,1552.76,1552.76,-0.01,7.55,11606.18,-1
2025-12-24,2025-12-24 11:09:00,1552.76,1552.76,1552.65,1552.65,-0.01,7.55,11606.18,-1
2025-12-24,2025-12-24 11:10:00,1552.65,1552.65,1552.55,1552.55,-0.01,7.55,11606.18,-1
2025-12-24,2025-12-24 11:11:00,1552.55,1552.55,1552.44,1552.44,-0.01,7.55,11606.18,-1
2025-12-24,2025-12-24 11:12:00,1552.44,1552.44,1552.34,1552.34,-0.01,7.55,11606.18,-1
2025-12-24,2025-12-24 11:13:00,1552.34,1552.34,1552.23,1552.23,-0.01,7.55,11606.18,-1
2025-12-24,2025-12-24 11:14:00,1552.23,1552.23,1552.12,1552.12,-0.01,7.55,11606.18,-1
2025-12-24,2025-12-24 11:15:00,1552.12,1552.12,1552.02,1552.02,-0.01,7.55,11606.18,-1
2025-12-24,2025-12-24 11:16:00,1552.02,1552.02,1551.91,1551.91,-0.01,7.55,11606.18,-1
2025-12-24,2025-12-24 11:17:00,1551.91,1551.91,1551.81,1551.81,-0.01,7.55,11606.18,-1
2025-12-24,2025-12-24 11:18:00,1551.81,1551.81,1551.71,1551.71,-0.01,7.55,11606.18,-1
2025-12-24,2025-12-24 11:19:00,1551.71,1551.71,1551.6,1551.6,-0.01,7.55,11606.18,-1
2025-12-24,2025-12-24 11:20:00,1551.6,1551.6,1551.5,1551.5,-0.01,7.55,11606.18,-1
2025-12-24,2025-12-24 11:21:00,1551.5,1551.5,1551.39,1551.39,-0.01,7.55,11606.18,-1
2025-12-24,2025-12-24 11:22:00,1551.39,1551.39,1551.29,1551.29,-0.01,7.55,11606.18,-1
2025-12-24,2025-12-24 11:23:00,1551.29,1551.29,1551.18,1551.18,-0.01,7.55,11606.18,-1
2025-12-24,2025-12-24 11:24:00,1551.18,1551.18,1551.08,1551.08,-0.01,7.55,11606.18,-1
2025-12-24,2025-12-24 11:25:00,1551.08,1551.08,1550.97,1550.97,-0.01,7.55,11606.18,-1
2025-12-24,2025-12-24 11:26:00,1550.97,1550.97,1550.87,1550.87,-0.01,7.55,11606.18,-1
2025-12-24,2025-12-24 11:27:00,1550.87,1550.87,1550.76,1550.76,-0.01,7.55,11606.18,-1
2025-12-24,2025-12-24 11:28:00,1550.76,1550.76,1550.65,1550.65,-0.01,7.55,11606.18,-1
2025-12-24,2025-12-24 11:29:00,1550.65,1550.65,1550.55,1550.55,-0.01,7.55,11606.18,-1
2025-12-24,2025-12-24 11:30:00,1550.55,1550.55,1550.44,1550.44,-0.01,7.55,11606.18,-1
2025-12-24,2025-12-24 11:31:00,1550.44,1550.44,1550.34,1550.34,-0.01,7.55,11606.18,-1
2025-12-24,2025-12-24 11:32:00,1550.34,1550.34,1550.24,1550.24,-0.01,7.55,11606.18,-1
2025-12-24,2025-12-24 11:33:00,1550.24,1550.24,1550.13,1550.13,-0.01,7.55,11606.18,-1
2025-12-24,2025-12-24 11:34:00,1550.13,1550.13,1550.03,1550.03,-0.01,7.55,11606.18,-1
2025-12-24,2025-12-24 11:35:00,1550.03,1550.03,1549.92,1549.92,-0.01,7.55,11606.18,-1
2025-12-24,2025-12-24 11:36:00,1549.92,1549.92,1549.82,1549.82,-0.01,7.55,11606.18,-1
2025-12-24,2025-12-24 11:37:00,1549.82,1549.82,1549.71,1549.71,-0.01,7.55,11606.18,-1
2025-12-24,2025-12-24 11:38:00,1549.71,1549.71,1549.61,1549.61,-0.01,7.55,11606.18,-1
2025-12-24,2025-12-24 11:39:00,1549.61,1549.61,1549.5,1549.5,-0.01,7.55,11606.18,-1
2025-12-24,2025-12-24 11:40:00,1549.5,1549.5,1549.39,1549.39,-0.01,7.55,11606.18,-1
2025-12-24,2025-12-24 11:41:00,1549.39,1549.39,1549.29,1549.29,-0.01,7.55,11606.18,-1
2025-12-24,2025-12-24 11:42:00,1549.29,1549.29,1549.18,1549.18,-0.01,7.55,11606.18,-1
2025-12-24,2025-12-24 11:43:00,1549.18,1549.18,1549.08,1549.08,-0.01,7.55,11606.18,-1
2025-12-24,2025-12-24 11:44:00,1549.08,1549.08,1548.98,1548.98,-0.01,7.55,11606.18,-1
2025-12-24,2025-12-24 11:45:00,1548.98,1548.98,1548.87,1548.87,-0.01,7.55,11606.18,-1
2025-12-24,2025-12-24 11:46:00,1548.87,1548.87,1548.77,1548.77,-0.01,7.55,11606.18,-1
2025-12-24,2025-12-24 11:47:00,1548.77,1548.77,1548.66,1548.66,-0.01,7.55,11606.18,-1
2025-12-24,2025-12-24 11:48:00,1548.66,1548.66,1548.56,1548.56,-0.01,7.55,11606.18,-1
2025-12-24,2025-12-24 11:49:00,1548.56,1548.56,1548.45,1548.45,-0.01,7.55,11606.18,-1
2025-12-24,2025-12-24 11:50:00,1548.45,1548.45,1548.35,1548.35,-0.01,7.55,11606.18,-1
2025-12-24,2025-12-24 11:51:00,1548.35,1548.35,1548.24,1548.24,-0.01,7.55,11606.18,-1
2025-12-24,2025-12-24 11:52:00,1548.24,1548.24,1548.13,1548.13,-0.01,7.55,11606.18,-1
2025-12-24,2025-12-24 11:53:00,1548.13,1548.13,1548.03,1548.03,-0.01,7.55,11606.18,-1
2025-12-24,2025-12-24 11:54:00,1548.03,1548.03,1547.92,1547.92,-0.01,7.55,11606.18,-1
2025-12-24,2025-12-24 11:55:00,1547.92,1547.92,1547.82,1547.82,-0.01,7.55,11606.18,-1
2025-12-24,2025-12-24 11:56:00,1547.82,1547.82,1547.72,1547.72,-0.01,7.55,11606.18,-1
2025-12-24,2025-12-24 11:57:00,1547.72,1547.72,1547.61,1547.61,-0.01,7.55,11606.18,-1
2025-12-24,2025-12-24 11:58:00,1547.61,1547.61,1547.51,1547.51,-0.01,7.55,11606.18,-1
2025-12-24,2025-12-24 11:59:00,1547.51,1547.51,1547.4,1547.4,-0.01,7.55,11606.18,-1
2025-12-24,2025-12-24 12:00:00,1547.4,1547.4,1547.3,1547.3,-0.01,7.55,11606.18,-1
2025-12-24,2025-12-24 12:01:00,1547.3,1547.3,1547.19,1547.19,-0.01,7.55,11606.18,-1
2025-12-24,2025-12-24 12:02:00,1547.19,1547.19,1547.09,1547.09,-0.01,7.55,11606.18,-1
2025-12-24,2025-12-24 12:03:00,1547.09,1547.09,1546.98,1546.98,-0.01,7.55,11606.18,-1
2025-12-24,2025-12-24 12:04:00,1546.98,1546.98,1546.88,1546.88,-0.01,7.55,11606.18,-1
2025-12-24,2025-12-24 12:05:00,1546.88,1546.88,1546.77,1546.77,-0.01,7.55,11606.18,-1
2025-12-24,2025-12-24 12:06:00,1546.77,1546.77,1546.66,1546.66,-0.01,7.55,11606.18,-1
2025-12-24,2025-12-24 12:07:00,1546.66,1546.66,1546.56,1546.56,-0.01,7.55,11606.18,-1
2025-12-24,2025-12-24 12:08:00,1546.56,1546.56,1546.45,1546.45,-0.01,7.55,11606.18,-1
2025-12-24,2025-12-24 12:09:00,1546.45,1546.45,1546.35,1546.35,-0.01,7.55,11606.18,-1
2025-12-24,2025-12-24 12:10:00,1546.35,1546.35,1546.25,1546.25,-0.01,7.55,11606.18,-1
2025-12-24,2025-12-24 12:11:00,1546.25,1546.25,1546.14,1546.14,-0.01,7.55,11606.18,-1
2025-12-24,2025-12-24 12:12:00,1546.14,1546.14,1546.04,1546.04,-0.01,7.55,11606.18,-1
2025-12-24,2025-12-24 12:13:00,1546.04,1546.04,1545.93,1545.93,-0.01,7.55,11606.18,-1
2025-12-24,2025-12-24 12:14:00,1545.93,1545.93,1545.83,1545.83,-0.01,7.55,11606.18,-1
2025-12-24,2025-12-24 12:15:00,1545.83,1545.83,1545.72,1545.72,-0.01,7.55,11606.18,-1
2025-12-24,2025-12-24 12:16:00,1545.72,1545.72,1545.62,1545.62,-0.01,7.55,11606.18,-1
2025-12-24,2025-12-24 12:17:00,1545.62,1545.62,1545.51,1545.51,-0.01,7.55,11606.18,-1
2025-12-24,2025-12-24 12:18:00,1545.51,1545.51,1545.4,1545.4,-0.01,7.55,11606.18,-1
2025-12-24,2025-12-24 12:19:00,1545.4,1545.4,1545.3,1545.3,-0.01,7.55,11606.18,-1
2025-12-24,2025-12-24 12:20:00,1545.3,1545.3,1545.19,1545.19,-0.01,7.55,11606.18,-1
2025-12-24,2025-12-24 12:21:00,1545.19,1545.19,1545.09,1545.09,-0.01,7.55,11606.18,-1
2025-12-24,2025-12-24 12:22:00,1545.09,1545.09,1544.99,1544.99,-0.01,7.55,11606.18,-1
2025-12-24,2025-12-24 12:23:00,1544.99,1544.99,1544.88,1544.88,-0.01,7.55,11606.18,-1
2025-12-24,2025-12-24 12:24:00,1544.88,1544.88,1544.78,1544.78,-0.01,7.55,11606.18,-1
2025-12-24,2025-12-24 12:25:00,1544.78,1544.78,1544.67,1544.67,-0.01,7.55,11606.18,-1
2025-12-24,2025-12-24 12:26:00,1544.67,1544.67,1544.57,1544.57,-0.01,7.55,11606.18,-1
2025-12-24,2025-12-24 12:27:00,1544.57,1544.57,1544.46,1544.46,-0.01,7.55,11606.18,-1
2025-12-24,2025-12-24 12:28:00,1544.46,1544.46,1544.36,1544.36,-0.01,7.55,11606.18,-1
2025-12-24,2025-12-24 12:29:00,1544.36,1544.36,1544.25,1544.25,-0.01,7.55,11606.18,-1
2025-12-24,2025-12-24 12:30:00,1544.25,1544.25,1544.14,1544.14,-0.01,7.55,11606.18,-1
2025-12-24,2025-12-24 12:31:00,1544.14,1544.14,1544.04,1544.04,-0.01,7.55,11606.18,-1
2025-12-24,2025-12-24 12:32:00,1544.04,1544.04,1543.93,1543.93,-0.01,7.55,11606.18,-1
2025-12-24,2025-12-24 12:33:00,1543.93,1543.93,1543.83,1543.83,-0.01,7.55,11606.18,-1
2025-12-24,2025-12-24 12:34:00,1543.83,1543.83,1543.73,1543.73,-0.01,7.55,11606.18,-1
2025-12-24,2025-12-24 12:35:00,1543.73,1543.73,1543.62,1543.62,-0.01,7.55,11606.18,-1
2025-12-24,2025-12-24 12:36:00,1543.62,1543.62,1543.52,1543.52,-0.01,7.55,11606.18,-1
2025-12-24,2025-12-24 12:37:00,1543.52,1543.52,1543.41,1543.41,-0.01,7.55,11606.18,-1
2025-12-24,2025-12-24 12:38:00,1543.41,1543.41,1543.31,1543.31,-0.01,7.55,11606.18,-1
2025-12-24,2025-12-24 12:39:00,1543.31,1543.31,1543.2,1543.2,-0.01,7.55,11606.18,-1
2025-12-24,2025-12-24 12:40:00,1543.2,1543.2,1543.1,1543.1,-0.01,7.55,11606.18,-1
2025-12-24,2025-12-24 12:41:00,1543.1,1543.1,1542.99,1542.99,-0.01,7.55,11606.18,-1
2025-12-24,2025-12-24 12:42:00,1542.99,1542.99,1542.88,1542.88,-0.01,7.55,11606.18,-1
2025-12-24,2025-12-24 12:43:00,1542.88,1542.88,1542.78,1542.78,-0.01,7.55,11606.18,-1
2025-12-24,2025-12-24 12:44:00,1542.78,1542.78,1542.67,1542.67,-0.01,7.55,11606.18,-1
2025-12-24,2025-12-24 12:45:00,1542.67,1542.67,1542.57,1542.57,-0.01,7.55,11606.18,-1
2025-12-24,2025-12-24 12:46:00,1542.57,1542.57,1542.46,1542.46,-0.01,7.55,11606.18,-1
2025-12-24,2025-12-24 12:47:00,1542.46,1542.46,1542.36,1542.36,-0.01,7.55,11606.18,-1
2025-12-24,2025-12-24 12:48:00,1542.36,1542.36,1542.26,1542.26,-0.01,7.55,11606.18,-1
2025-12-24,2025-12-24 12:49:00,1542.26,1542.26,1542.15,1542.15,-0.01,7.55,11606.18,-1
2025-12-24,2025-12-24 12:50:00,1542.15,1542.15,1542.05,1542.05,-0.01,7.55,11606.18,-1
2025-12-24,2025-12-24 12:51:00,1542.05,1542.05,1541.94,1541.94,-0.01,7.55,11606.18,-1
2025-12-24,2025-12-24 12:52:00,1541.94,1541.94,1541.84,1541.84,-0.01,7.55,11606.18,-1
2025-12-24,2025-12-24 12:53:00,1541.84,1541.84,1541.73,1541.73,-0.01,7.55,11606.18,-1
2025-12-24,2025-12-24 12:54:00,1541.73,1541.73,1541.62,1541.62,-0.01,7.55,11606.18,-1
2025-12-24,2025-12-24 12:55:00,1541.62,1541.62,1541.52,1541.52,-0.01,7.55,11606.18,-1
2025-12-24,2025-12-24 12:56:00,1541.52,1541.52,1541.41,1541.41,-0.01,7.55,11606.18,-1
2025-12-24,2025-12-24 12:57:00,1541.41,1541.41,1541.31,1541.31,-0.01,7.55,11606.18,-1
2025-12-24,2025-12-24 12:58:00,1541.31,1541.31,1541.2,1541.2,-0.01,7.55,11606.18,-1
2025-12-24,2025-12-24 12:59:00,1541.2,1541.2,1541.1,1541.1,-0.01,7.55,11606.18,-1
2025-12-24,2025-12-24 13:00:00,1541.1,1580.0,1527.0,1541.0,-0.01,7.55,11606.18,-1
2025-12-24,2025-12-24 13:01:00,1541.0,1541.0,1540.89,1540.89,-0.01,7.55,11606.18,-1
2025-12-24,2025-12-24 13:02:00,1540.89,1540.89,1540.79,1540.79,-0.01,7.55,11606.18,-1
2025-12-24,2025-12-24 13:03:00,1540.79,1540.79,1540.68,1540.68,-0.01,7.55,11606.18,-1
2025-12-24,2025-12-24 13:04:00,1540.68,1540.68,1540.58,1540.58,-0.01,7.55,11606.18,-1
2025-12-24,2025-12-24 13:05:00,1540.58,1540.58,1540.47,1540.47,-0.01,7.55,11606.18,-1
2025-12-24,2025-12-24 13:06:00,1540.47,1540.47,1540.37,1540.37,-0.01,7.55,11606.18,-1
2025-12-24,2025-12-24 13:07:00,1540.37,1540.37,1540.26,1540.26,-0.01,7.55,11606.18,-1
2025-12-24,2025-12-24 13:08:00,1540.26,1540.26,1540.15,1540.15,-0.01,7.55,11606.18,-1
2025-12-24,2025-12-24 13:09:00,1540.15,1540.15,1540.05,1540.05,-0.01,7.55,11606.18,-1
2025-12-24,2025-12-24 13:10:00,1540.05,1540.05,1539.94,1539.94,-0.01,7.55,11606.18,-1
2025-12-24,2025-12-24 13:11:00,1539.94,1539.94,1539.84,1539.84,-0.01,7.55,11606.18,-1
2025-12-24,2025-12-24 13:12:00,1539.84,1539.84,1539.74,1539.74,-0.01,7.55,11606.18,-1
2025-12-24,2025-12-24 13:13:00,1539.74,1539.74,1539.63,1539.63,-0.01,7.55,11606.18,-1
2025-12-24,2025-12-24 13:14:00,1539.63,1539.63,1539.53,1539.53,-0.01,7.55,11606.18,-1
2025-12-24,2025-12-24 13:15:00,1539.53,1539.53,1539.42,1539.42,-0.01,7.55,11606.18,-1
2025-12-24,2025-12-24 13:16:00,1539.42,1539.42,1539.32,1539.32,-0.01,7.55,11606.18,-1
2025-12-24,2025-12-24 13:17:00,1539.32,1539.32,1539.21,1539.21,-0.01,7.55,11606.18,-1
2025-12-24,2025-12-24 13:18:00,1539.21,1539.21,1539.11,1539.11,-0.01,7.55,11606.18,-1
2025-12-24,2025-12-24 13:19:00,1539.11,1539.11,1539.0,1539.0,-0.01,7.55,11606.18,-1
2025-12-24,2025-12-24 13:20:00,1539.0,1539.0,1538.89,1538.89,-0.01,7.55,11606.18,-1
2025-12-24,2025-12-24 13:21:00,1538.89,1538.89,1538.79,1538.79,-0.01,7.55,11606.18,-1
2025-12-24,2025-12-24 13:22:00,1538.79,1538.79,1538.68,1538.68,-0.01,7.55,11606.18,-1
2025-12-24,2025-12-24 13:23:00,1538.68,1538.68,1538.58,1538.58,-0.01,7.55,11606.18,-1
2025-12-24,2025-12-24 13:24:00,1538.58,1538.58,1538.47,1538.47,-0.01,7.55,11606.18,-1
2025-12-24,2025-12-24 13:25:00,1538.47,1538.47,1538.37,1538.37,-0.01,7.55,11606.18,-1
2025-12-24,2025-12-24 13:26:00,1538.37,1538.37,1538.27,1538.27,-0.01,7.55,11606.18,-1
2025-12-24,2025-12-24 13:27:00,1538.27,1538.27,1538.16,1538.16,-0.01,7.55,11606.18,-1
2025-12-24,2025-12-24 13:28:00,1538.16,1538.16,1538.06,1538.06,-0.01,7.55,11606.18,-1
2025-12-24,2025-12-24 13:29:00,1538.06,1538.06,1537.95,1537.95,-0.01,7.55,11606.18,-1
2025-12-24,2025-12-24 13:30:00,1537.95,1537.95,1537.85,1537.85,-0.01,7.55,11606.18,-1
2025-12-24,2025-12-24 13:31:00,1537.85,1537.85,1537.74,1537.74,-0.01,7.55,11606.18,-1
2025-12-24,2025-12-24 13:32:00,1537.74,1537.74,1537.63,1537.63,-0.01,7.55,11606.18,-1
2025-12-24,2025-12-24 13:33:00,1537.63,1537.63,1537.53,1537.53,-0.01,7.55,11606.18,-1
2025-12-24,2025-12-24 13:34:00,1537.53,1537.53,1537.42,1537.42,-0.01,7.55,11606.18,-1
2025-12-24,2025-12-24 13:35:00,1537.42,1537.42,1537.32,1537.32,-0.01,7.55,11606.18,-1
2025-12-24,2025-12-24 13:36:00,1537.32,1537.32,1537.21,1537.21,-0.01,7.55,11606.18,-1
2025-12-24,2025-12-24 13:37:00,1537.21,1537.21,1537.11,1537.11,-0.01,7.55,11606.18,-1
2025-12-24,2025-12-24 13:38:00,1537.11,1537.11,1537.01,1537.01,-0.01,7.55,11606.18,-1
2025-12-24,2025-12-24 13:39:00,1537.01,1537.01,1536.9,1536.9,-0.01,7.55,11606.18,-1
2025-12-24,2025-12-24 13:40:00,1536.9,1536.9,1536.8,1536.8,-0.01,7.55,11606.18,-1
2025-12-24,2025-12-24 13:41:00,1536.8,1536.8,1536.69,1536.69,-0.01,7.55,11606.18,-1
2025-12-24,2025-12-24 13:42:00,1536.69,1536.69,1536.59,1536.59,-0.01,7.55,11606.18,-1
2025-12-24,2025-12-24 13:43:00,1536.59,1536.59,1536.48,1536.48,-0.01,7.55,11606.18,-1
2025-12-24,2025-12-24 13:44:00,1536.48,1536.48,1536.38,1536.38,-0.01,7.55,11606.18,-1
2025-12-24,2025-12-24 13:45:00,1536.38,1536.38,1536.27,1536.27,-0.01,7.55,11606.18,-1
2025-12-24,2025-12-24 13:46:00,1536.27,1536.27,1536.16,1536.16,-0.01,7.55,11606.18,-1
2025-12-24,2025-12-24 13:47:00,1536.16,1536.16,1536.06,1536.06,-0.01,7.55,11606.18,-1
2025-12-24,2025-12-24 13:48:00,1536.06,1536.06,1535.95,1535.95,-0.01,7.55,11606.18,-1
2025-12-24,2025-12-24 13:49:00,1535.95,1535.95,1535.85,1535.85,-0.01,7.55,11606.18,-1
2025-12-24,2025-12-24 13:50:00,1535.85,1535.85,1535.75,1535.75,-0.01,7.55,11606.18,-1
2025-12-24,2025-12-24 13:51:00,1535.75,1535.75,1535.64,1535.64,-0.01,7.55,11606.18,-1
2025-12-24,2025-12-24 13:52:00,1535.64,1535.64,1535.54,1535.54,-0.01,7.55,11606.18,-1
2025-12-24,2025-12-24 13:53:00,1535.54,1535.54,1535.43,1535.43,-0.01,7.55,11606.18,-1
2025-12-24,2025-12-24 13:54:00,1535.43,1535.43,1535.33,1535.33,-0.01,7.55,11606.18,-1
2025-12-24,2025-12-24 13:55:00,1535.33,1535.33,1535.22,1535.22,-0.01,7.55,11606.18,-1
2025-12-24,2025-12-24 13:56:00,1535.22,1535.22,1535.12,1535.12,-0.01,7.55,11606.18,-1
2025-12-24,2025-12-24 13:57:00,1535.12,1535.12,1535.01,1535.01,-0.01,7.55,11606.18,-1
2025-12-24,2025-12-24 13:58:00,1535.01,1535.01,1534.9,1534.9,-0.01,7.55,11606.18,-1
2025-12-24,2025-12-24 13:59:00,1534.9,1534.9,1534.8,1534.8,-0.01,7.55,11606.18,-1
2025-12-24,2025-12-24 14:00:00,1534.8,1534.8,1534.69,1534.69,-0.01,7.55,11606.18,-1
2025-12-24,2025-12-24 14:01:00,1534.69,1534.69,1534.59,1534.59,-0.01,7.55,11606.18,-1
2025-12-24,2025-12-24 14:02:00,1534.59,1534.59,1534.49,1534.49,-0.01,7.55,11606.18,-1
2025-12-24,2025-12-24 14:03:00,1534.49,1534.49,1534.38,1534.38,-0.01,7.55,11606.18,-1
2025-12-24,2025-12-24 14:04:00,1534.38,1534.38,1534.28,1534.28,-0.01,7.55,11606.18,-1
2025-12-24,2025-12-24 14:05:00,1534.28,1534.28,1534.17,1534.17,-0.01,7.55,11606.18,-1
2025-12-24,2025-12-24 14:06:00,1534.17,1534.17,1534.07,1534.07,-0.01,7.55,11606.18,-1
2025-12-24,2025-12-24 14:07:00,1534.07,1534.07,1533.96,1533.96,-0.01,7.55,11606.18,-1
2025-12-24,2025-12-24 14:08:00,1533.96,1533.96,1533.86,1533.86,-0.01,7.55,11606.18,-1
2025-12-24,2025-12-24 14:09:00,1533.86,1533.86,1533.75,1533.75,-0.01,7.55,11606.18,-1
2025-12-24,2025-12-24 14:10:00,1533.75,1533.75,1533.64,1533.64,-0.01,7.55,11606.18,-1
2025-12-24,2025-12-24 14:11:00,1533.64,1533.64,1533.54,1533.54,-0.01,7.55,11606.18,-1
2025-12-24,2025-12-24 14:12:00,1533.54,1533.54,1533.43,1533.43,-0.01,7.55,11606.18,-1
2025-12-24,2025-12-24 14:13:00,1533.43,1533.43,1533.33,1533.33,-0.01,7.55,11606.18,-1
2025-12-24,2025-12-24 14:14:00,1533.33,1533.33,1533.22,1533.22,-0.01,7.55,11606.18,-1
2025-12-24,2025-12-24 14:15:00,1533.22,1533.22,1533.12,1533.12,-0.01,7.55,11606.18,-1
2025-12-24,2025-12-24 14:16:00,1533.12,1533.12,1533.02,1533.02,-0.01,7.55,11606.18,-1
2025-12-24,2025-12-24 14:17:00,1533.02,1533.02,1532.91,1532.91,-0.01,7.55,11606.18,-1
2025-12-24,2025-12-24 14:18:00,1532.91,1532.91,1532.81,1532.81,-0.01,7.55,11606.18,-1
2025-12-24,2025-12-24 14:19:00,1532.81,1532.81,1532.7,1532.7,-0.01,7.55,11606.18,-1
2025-12-24,2025-12-24 14:20:00,1532.7,1532.7,1532.6,1532.6,-0.01,7.55,11606.18,-1
2025-12-24,2025-12-24 14:21:00,1532.6,1532.6,1532.49,1532.49,-0.01,7.55,11606.18,-1
2025-12-24,2025-12-24 14:22:00,1532.49,1532.49,1532.38,1532.38,-0.01,7.55,11606.18,-1
2025-12-24,2025-12-24 14:23:00,1532.38,1532.38,1532.28,1532.28,-0.01,7.55,11606.18,-1
2025-12-24,2025-12-24 14:24:00,1532.28,1532.28,1532.17,1532.17,-0.01,7.55,11606.18,-1
2025-12-24,2025-12-24 14:25:00,1532.17,1532.17,1532.07,1532.07,-0.01,7.55,11606.18,-1
2025-12-24,2025-12-24 14:26:00,1532.07,1532.07,1531.96,1531.96,-0.01,7.55,11606.18,-1
2025-12-24,2025-12-24 14:27:00,1531.96,1531.96,1531.86,1531.86,-0.01,7.55,11606.18,-1
2025-12-24,2025-12-24 14:28:00,1531.86,1531.86,1531.76,1531.76,-0.01,7.55,11606.18,-1
2025-12-24,2025-12-24 14:29:00,1531.76,1531.76,1531.65,1531.65,-0.01,7.55,11606.18,-1
2025-12-24,2025-12-24 14:30:00,1531.65,1531.65,1531.55,1531.55,-0.01,7.55,11606.18,-1
2025-12-24,2025-12-24 14:31:00,1531.55,1531.55,1531.44,1531.44,-0.01,7.55,11606.18,-1
2025-12-24,2025-12-24 14:32:00,1531.44,1531.44,1531.34,1531.34,-0.01,7.55,11606.18,-1
2025-12-24,2025-12-24 14:33:00,1531.34,1531.34,1531.23,1531.23,-0.01,7.55,11606.18,-1
2025-12-24,2025-12-24 14:34:00,1531.23,1531.23,1531.12,1531.12,-0.01,7.55,11606.18,-1
2025-12-24,2025-12-24 14:35:00,1531.12,1531.12,1531.02,1531.02,-0.01,7.55,11606.18,-1
2025-12-24,2025-12-24 14:36:00,1531.02,1531.02,1530.91,1530.91,-0.01,7.55,11606.18,-1
2025-12-24,2025-12-24 14:37:00,1530.91,1530.91,1530.81,1530.81,-0.01,7.55,11606.18,-1
2025-12-24,2025-12-24 14:38:00,1530.81,1530.81,1530.7,1530.7,-0.01,7.55,11606.18,-1
2025-12-24,2025-12-24 14:39:00,1530.7,1530.7,1530.6,1530.6,-0.01,7.55,11606.18,-1
2025-12-24,2025-12-24 14:40:00,1530.6,1530.6,1530.49,1530.49,-0.01,7.55,11606.18,-1
2025-12-24,2025-12-24 14:41:00,1530.49,1530.49,1530.39,1530.39,-0.01,7.55,11606.18,-1
2025-12-24,2025-12-24 14:42:00,1530.39,1530.39,1530.29,1530.29,-0.01,7.55,11606.18,-1
2025-12-24,2025-12-24 14:43:00,1530.29,1530.29,1530.18,1530.18,-0.01,7.55,11606.18,-1
2025-12-24,2025-12-24 14:44:00,1530.18,1530.18,1530.08,1530.08,-0.01,7.55,11606.18,-1
2025-12-24,2025-12-24 14:45:00,1530.08,1530.08,1529.97,1529.97,-0.01,7.55,11606.18,-1
2025-12-24,2025-12-24 14:46:00,1529.97,1529.97,1529.87,1529.87,-0.01,7.55,11606.18,-1
2025-12-24,2025-12-24 14:47:00,1529.87,1529.87,1529.76,1529.76,-0.01,7.55,11606.18,-1
2025-12-24,2025-12-24 14:48:00,1529.76,1529.76,1529.65,1529.65,-0.01,7.55,11606.18,-1
2025-12-24,2025-12-24 14:49:00,1529.65,1529.65,1529.55,1529.55,-0.01,7.55,11606.18,-1
2025-12-24,2025-12-24 14:50:00,1529.55,1529.55,1529.44,1529.44,-0.01,7.55,11606.18,-1
2025-12-24,2025-12-24 14:51:00,1529.44,1529.44,1529.34,1529.34,-0.01,7.55,11606.18,-1
2025-12-24,2025-12-24 14:52:00,1529.34,1529.34,1529.23,1529.23,-0.01,7.55,11606.18,-1
2025-12-24,2025-12-24 14:53:00,1529.23,1529.23,1529.13,1529.13,-0.01,7.55,11606.18,-1
2025-12-24,2025-12-24 14:54:00,1529.13,1529.13,1529.03,1529.03,-0.01,7.55,11606.18,-1
2025-12-24,2025-12-24 14:55:00,1529.03,1529.03,1528.92,1528.92,-0.01,7.55,11606.18,-1
2025-12-24,2025-12-24 14:56:00,1528.92,1528.92,1528.82,1528.82,-0.01,7.55,11606.18,-1
2025-12-24,2025-12-24 14:57:00,1528.82,1528.82,1528.71,1528.71,-0.01,7.55,11606.18,-1
2025-12-24,2025-12-24 14:58:00,1528.71,1528.71,1528.61,1528.61,-0.01,7.55,11606.18,-1
2025-12-24,2025-12-24 14:59:00,1528.61,1528.61,1528.5,1528.5,-0.01,7.55,11606.18,-1
2025-12-24,2025-12-24 15:00:00,1528.5,1580.0,1527.0,1528.5,0.0,7.55,11606.18,0
2025-12-28,2025-12-28 11:00:00,1555.0,1558.3,1541.53,1555.05,0.0,5.93,9175.75,1
2025-12-28,2025-12-28 11:01:00,1555.05,1555.09,1555.05,1555.09,0.0,5.93,9175.75,1
2025-12-28,2025-12-28 11:02:00,1555.09,1555.14,1555.09,1555.14,0.0,5.93,9175.75,1
2025-12-28,2025-12-28 11:03:00,1555.14,1555.18,1555.14,1555.18,0.0,5.93,9175.75,1
2025-12-28,2025-12-28 11:04:00,1555.18,1555.23,1555.18,1555.23,0.0,5.93,9175.75,1
2025-12-28,2025-12-28 11:05:00,1555.23,1555.28,1555.23,1555.28,0.0,5.93,9175.75,1
2025-12-28,2025-12-28 11:06:00,1555.28,1555.32,1555.28,1555.32,0.0,5.93,9175.75,1
2025-12-28,2025-12-28 11:07:00,1555.32,1555.37,1555.32,1555.37,0.0,5.93,9175.75,1
2025-12-28,2025-12-28 11:08:00,1555.37,1555.41,1555.37,1555.41,0.0,5.93,9175.75,1
2025-12-28,2025-12-28 11:09:00,1555.41,1555.46,1555.41,1555.46,0.0,5.93,9175.75,1
2025-12-28,2025-12-28 11:10:00,1555.46,1555.5,1555.46,1555.5,0.0,5.93,9175.75,1
2025-12-28,2025-12-28 11:11:00,1555.5,1555.55,1555.5,1555.55,0.0,5.93,9175.75,1
2025-12-28,2025-12-28 11:12:00,1555.55,1555.6,1555.55,1555.6,0.0,5.93,9175.75,1
2025-12-28,2025-12-28 11:13:00,1555.6,1555.64,1555.6,1555.64,0.0,5.93,9175.75,1
2025-12-28,2025-12-28 11:14:00,1555.64,1555.69,1555.64,1555.69,0.0,5.93,9175.75,1
2025-12-28,2025-12-28 11:15:00,1555.69,1555.73,1555.69,1555.73,0.0,5.93,9175.75,1
2025-12-28,2025-12-28 11:16:00,1555.73,1555.78,1555.73,1555.78,0.0,5.93,9175.75,1
2025-12-28,2025-12-28 11:17:00,1555.78,1555.83,1555.78,1555.83,0.0,5.93,9175.75,1
2025-12-28,2025-12-28 11:18:00,1555.83,1555.87,1555.83,1555.87,0.0,5.93,9175.75,1
2025-12-28,2025-12-28 11:19:00,1555.87,1555.92,1555.87,1555.92,0.0,5.93,9175.75,1
2025-12-28,2025-12-28 11:20:00,1555.92,1555.96,1555.92,1555.96,0.0,5.93,9175.75,1
2025-12-28,2025-12-28 11:21:00,1555.96,1556.01,1555.96,1556.01,0.0,5.93,9175.75,1
2025-12-28,2025-12-28 11:22:00,1556.01,1556.05,1556.01,1556.05,0.0,5.93,9175.75,1
2025-12-28,2025-12-28 11:23:00,1556.05,1556.1,1556.05,1556.1,0.0,5.93,9175.75,1
2025-12-28,2025-12-28 11:24:00,1556.1,1556.15,1556.1,1556.15,0.0,5.93,9175.75,1
2025-12-28,2025-12-28 11:25:00,1556.15,1556.19,1556.15,1556.19,0.0,5.93,9175.75,1
2025-12-28,2025-12-28 11:26:00,1556.19,1556.24,1556.19,1556.24,0.0,5.93,9175.75,1
2025-12-28,2025-12-28 11:27:00,1556.24,1556.28,1556.24,1556.28,0.0,5.93,9175.75,1
2025-12-28,2025-12-28 11:28:00,1556.28,1556.33,1556.28,1556.33,0.0,5.93,9175.75,1
2025-12-28,2025-12-28 11:29:00,1556.33,1556.38,1556.33,1556.38,0.0,5.93,9175.75,1
2025-12-28,2025-12-28 11:30:00,1556.38,1556.42,1556.38,1556.42,0.0,5.93,9175.75,1
2025-12-28,2025-12-28 11:31:00,1556.42,1556.47,1556.42,1556.47,0.0,5.93,9175.75,1
2025-12-28,2025-12-28 11:32:00,1556.47,1556.51,1556.47,1556.51,0.0,5.93,9175.75,1
2025-12-28,2025-12-28 11:33:00,1556.51,1556.56,1556.51,1556.56,0.0,5.93,9175.75,1
2025-12-28,2025-12-28 11:34:00,1556.56,1556.6,1556.56,1556.6,0.0,5.93,9175.75,1
2025-12-28,2025-12-28 11:35:00,1556.6,1556.65,1556.6,1556.65,0.0,5.93,9175.75,1
2025-12-28,2025-12-28 11:36:00,1556.65,1556.7,1556.65,1556.7,0.0,5.93,9175.75,1
2025-12-28,2025-12-28 11:37:00,1556.7,1556.74,1556.7,1556.74,0.0,5.93,9175.75,1
2025-12-28,2025-12-28 11:38:00,1556.74,1556.79,1556.74,1556.79,0.0,5.93,9175.75,1
2025-12-28,2025-12-28 11:39:00,1556.79,1556.83,1556.79,1556.83,0.0,5.93,9175.75,1
2025-12-28,2025-12-28 11:40:00,1556.83,1556.88,1556.83,1556.88,0.0,5.93,9175.75,1
2025-12-28,2025-12-28 11:41:00,1556.88,1556.92,1556.88,1556.92,0.0,5.93,9175.75,1
2025-12-28,2025-12-28 11:42:00,1556.92,1556.97,1556.92,1556.97,0.0,5.93,9175.75,1
2025-12-28,2025-12-28 11:43:00,1556.97,1557.02,1556.97,1557.02,0.0,5.93,9175.75,1
2025-12-28,2025-12-28 11:44:00,1557.02,1557.06,1557.02,1557.06,0.0,5.93,9175.75,1
2025-12-28,2025-12-28 11:45:00,1557.06,1557.11,1557.06,1557.11,0.0,5.93,9175.75,1
2025-12-28,2025-12-28 11:46:00,1557.11,1557.15,1557.11,1557.15,0.0,5.93,9175.75,1
2025-12-28,2025-12-28 11:47:00,1557.15,1557.2,1557.15,1557.2,0.0,5.93,9175.75,1
2025-12-28,2025-12-28 11:48:00,1557.2,1557.25,1557.2,1557.25,0.0,5.93,9175.75,1
2025-12-28,2025-12-28 11:49:00,1557.25,1557.29,1557.25,1557.29,0.0,5.93,9175.75,1
2025-12-28,2025-12-28 11:50:00,1557.29,1557.34,1557.29,1557.34,0.0,5.93,9175.75,1
2025-12-28,2025-12-28 11:51:00,1557.34,1557.38,1557.34,1557.38,0.0,5.93,9175.75,1
2025-12-28,2025-12-28 11:52:00,1557.38,1557.43,1557.38,1557.43,0.0,5.93,9175.75,1
2025-12-28,2025-12-28 11:53:00,1557.43,1557.47,1557.43,1557.47,0.0,5.93,9175.75,1
2025-12-28,2025-12-28 11:54:00,1557.47,1557.52,1557.47,1557.52,0.0,5.93,9175.75,1
2025-12-28,2025-12-28 11:55:00,1557.52,1557.57,1557.52,1557.57,0.0,5.93,9175.75,1
2025-12-28,2025-12-28 11:56:00,1557.57,1557.61,1557.57,1557.61,0.0,5.93,9175.75,1
2025-12-28,2025-12-28 11:57:00,1557.61,1557.66,1557.61,1557.66,0.0,5.93,9175.75,1
2025-12-28,2025-12-28 11:58:00,1557.66,1557.7,1557.66,1557.7,0.0,5.93,9175.75,1
2025-12-28,2025-12-28 11:59:00,1557.7,1557.75,1557.7,1557.75,0.0,5.93,9175.75,1
2025-12-28,2025-12-28 12:00:00,1557.75,1557.8,1557.75,1557.8,0.0,5.93,9175.75,1
2025-12-28,2025-12-28 12:01:00,1557.8,1557.84,1557.8,1557.84,0.0,5.93,9175.75,1
2025-12-28,2025-12-28 12:02:00,1557.84,1557.89,1557.84,1557.89,0.0,5.93,9175.75,1
2025-12-28,2025-12-28 12:03:00,1557.89,1557.93,1557.89,1557.93,0.0,5.93,9175.75,1
2025-12-28,2025-12-28 12:04:00,1557.93,1557.98,1557.93,1557.98,0.0,5.93,9175.75,1
2025-12-28,2025-12-28 12:05:00,1557.98,1558.03,1557.98,1558.03,0.0,5.93,9175.75,1
2025-12-28,2025-12-28 12:06:00,1558.03,1558.07,1558.03,1558.07,0.0,5.93,9175.75,1
2025-12-28,2025-12-28 12:07:00,1558.07,1558.12,1558.07,1558.12,0.0,5.93,9175.75,1
2025-12-28,2025-12-28 12:08:00,1558.12,1558.16,1558.12,1558.16,0.0,5.93,9175.75,1
2025-12-28,2025-12-28 12:09:00,1558.16,1558.21,1558.16,1558.21,0.0,5.93,9175.75,1
2025-12-28,2025-12-28 12:10:00,1558.21,1558.25,1558.21,1558.25,0.0,5.93,9175.75,1
2025-12-28,2025-12-28 12:11:00,1558.25,1558.3,1558.25,1558.3,0.0,5.93,9175.75,1
2025-12-28,2025-12-28 12:12:00,1558.3,1558.35,1558.3,1558.35,0.0,5.93,9175.75,1
2025-12-28,2025-12-28 12:13:00,1558.35,1558.39,1558.35,1558.39,0.0,5.93,9175.75,1
2025-12-28,2025-12-28 12:14:00,1558.39,1558.44,1558.39,1558.44,0.0,5.93,9175.75,1
2025-12-28,2025-12-28 12:15:00,1558.44,1558.48,1558.44,1558.48,0.0,5.93,9175.75,1
2025-12-28,2025-12-28 12:16:00,1558.48,1558.53,1558.48,1558.53,0.0,5.93,9175.75,1
2025-12-28,2025-12-28 12:17:00,1558.53,1558.58,1558.53,1558.58,0.0,5.93,9175.75,1
2025-12-28,2025-12-28 12:18:00,1558.58,1558.62,1558.58,1558.62,0.0,5.93,9175.75,1
2025-12-28,2025-12-28 12:19:00,1558.62,1558.67,1558.62,1558.67,0.0,5.93,9175.75,1
2025-12-28,2025-12-28 12:20:00,1558.67,1558.71,1558.67,1558.71,0.0,5.93,9175.75,1
2025-12-28,2025-12-28 12:21:00,1558.71,1558.76,1558.71,1558.76,0.0,5.93,9175.75,1
2025-12-28,2025-12-28 12:22:00,1558.76,1558.8,1558.76,1558.8,0.0,5.93,9175.75,1
2025-12-28,2025-12-28 12:23:00,1558.8,1558.85,1558.8,1558.85,0.0,5.93,9175.75,1
2025-12-28,2025-12-28 12:24:00,1558.85,1558.9,1558.85,1558.9,0.0,5.93,9175.75,1
2025-12-28,2025-12-28 12:25:00,1558.9,1558.94,1558.9,1558.94,0.0,5.93,9175.75,1
2025-12-28,2025-12-28 12:26:00,1558.94,1558.99,1558.94,1558.99,0.0,5.93,9175.75,1
2025-12-28,2025-12-28 12:27:00,1558.99,1559.03,1558.99,1559.03,0.0,5.93,9175.75,1
2025-12-28,2025-12-28 12:28:00,1559.03,1559.08,1559.03,1559.08,0.0,5.93,9175.75,1
2025-12-28,2025-12-28 12:29:00,1559.08,1559.12,1559.08,1559.12,0.0,5.93,9175.75,1
2025-12-28,2025-12-28 12:30:00,1559.12,1559.17,1559.12,1559.17,0.0,5.93,9175.75,1
2025-12-28,2025-12-28 12:31:00,1559.17,1559.22,1559.17,1559.22,0.0,5.93,9175.75,1
2025-12-28,2025-12-28 12:32:00,1559.22,1559.26,1559.22,1559.26,0.0,5.93,9175.75,1
2025-12-28,2025-12-28 12:33:00,1559.26,1559.31,1559.26,1559.31,0.0,5.93,9175.75,1
2025-12-28,2025-12-28 12:34:00,1559.31,1559.35,1559.31,1559.35,0.0,5.93,9175.75,1
2025-12-28,2025-12-28 12:35:00,1559.35,1559.4,1559.35,1559.4,0.0,5.93,9175.75,1
2025-12-28,2025-12-28 12:36:00,1559.4,1559.45,1559.4,1559.45,0.0,5.93,9175.75,1
2025-12-28,2025-12-28 12:37:00,1559.45,1559.49,1559.45,1559.49,0.0,5.93,9175.75,1
2025-12-28,2025-12-28 12:38:00,1559.49,1559.54,1559.49,1559.54,0.0,5.93,9175.75,1
2025-12-28,2025-12-28 12:39:00,1559.54,1559.58,1559.54,1559.58,0.0,5.93,9175.75,1
2025-12-28,2025-12-28 12:40:00,1559.58,1559.63,1559.58,1559.63,0.0,5.93,9175.75,1
2025-12-28,2025-12-28 12:41:00,1559.63,1559.67,1559.63,1559.67,0.0,5.93,9175.75,1
2025-12-28,2025-12-28 12:42:00,1559.67,1559.72,1559.67,1559.72,0.0,5.93,9175.75,1
2025-12-28,2025-12-28 12:43:00,1559.72,1559.77,1559.72,1559.77,0.0,5.93,9175.75,1
2025-12-28,2025-12-28 12:44:00,1559.77,1559.81,1559.77,1559.81,0.0,5.93,9175.75,1
2025-12-28,2025-12-28 12:45:00,1559.81,1559.86,1559.81,1559.86,0.0,5.93,9175.75,1
2025-12-28,2025-12-28 12:46:00,1559.86,1559.9,1559.86,1559.9,0.0,5.93,9175.75,1
2025-12-28,2025-12-28 12:47:00,1559.9,1559.95,1559.9,1559.95,0.0,5.93,9175.75,1
2025-12-28,2025-12-28 12:48:00,1559.95,1560.0,1559.95,1560.0,0.0,5.93,9175.75,1
2025-12-28,2025-12-28 12:49:00,1560.0,1560.04,1560.0,1560.04,0.0,5.93,9175.75,1
2025-12-28,2025-12-28 12:50:00,1560.04,1560.09,1560.04,1560.09,0.0,5.93,9175.75,1
2025-12-28,2025-12-28 12:51:00,1560.09,1560.13,1560.09,1560.13,0.0,5.93,9175.75,1
2025-12-28,2025-12-28 12:52:00,1560.13,1560.18,1560.13,1560.18,0.0,5.93,9175.75,1
2025-12-28,2025-12-28 12:53:00,1560.18,1560.22,1560.18,1560.22,0.0,5.93,9175.75,1
2025-12-28,2025-12-28 12:54:00,1560.22,1560.27,1560.22,1560.27,0.0,5.93,9175.75,1
2025-12-28,2025-12-28 12:55:00,1560.27,1560.32,1560.27,1560.32,0.0,5.93,9175.75,1
2025-12-28,2025-12-28 12:56:00,1560.32,1560.36,1560.32,1560.36,0.0,5.93,9175.75,1
2025-12-28,2025-12-28 12:57:00,1560.36,1560.41,1560.36,1560.41,0.0,5.93,9175.75,1
2025-12-28,2025-12-28 12:58:00,1560.41,1560.45,1560.41,1560.45,0.0,5.93,9175.75,1
2025-12-28,2025-12-28 12:59:00,1560.45,1560.5,1560.45,1560.5,0.0,5.93,9175.75,1
2025-12-28,2025-12-28 13:00:00,1560.5,1566.0,1510.1,1560.55,0.0,5.93,9175.75,1
2025-12-28,2025-12-28 13:01:00,1560.55,1560.59,1560.55,1560.59,0.0,5.93,9175.75,1
2025-12-28,2025-12-28 13:02:00,1560.59,1560.64,1560.59,1560.64,0.0,5.93,9175.75,1
2025-12-28,2025-12-28 13:03:00,1560.64,1560.68,1560.64,1560.68,0.0,5.93,9175.75,1
2025-12-28,2025-12-28 13:04:00,1560.68,1560.73,1560.68,1560.73,0.0,5.93,9175.75,1
2025-12-28,2025-12-28 13:05:00,1560.73,1560.78,1560.73,1560.78,0.0,5.93,9175.75,1
2025-12-28,2025-12-28 13:06:00,1560.78,1560.82,1560.78,1560.82,0.0,5.93,9175.75,1
2025-12-28,2025-12-28 13:07:00,1560.82,1560.87,1560.82,1560.87,0.0,5.93,9175.75,1
2025-12-28,2025-12-28 13:08:00,1560.87,1560.91,1560.87,1560.91,0.0,5.93,9175.75,1
2025-12-28,2025-12-28 13:09:00,1560.91,1560.96,1560.91,1560.96,0.0,5.93,9175.75,1
2025-12-28,2025-12-28 13:10:00,1560.96,1561.0,1560.96,1561.0,0.0,5.93,9175.75,1
2025-12-28,2025-12-28 13:11:00,1561.0,1561.05,1561.0,1561.05,0.0,5.93,9175.75,1
2025-12-28,2025-12-28 13:12:00,1561.05,1561.1,1561.05,1561.1,0.0,5.93,9175.75,1
2025-12-28,2025-12-28 13:13:00,1561.1,1561.14,1561.1,1561.14,0.0,5.93,9175.75,1
2025-12-28,2025-12-28 13:14:00,1561.14,1561.19,1561.14,1561.19,0.0,5.93,9175.75,1
2025-12-28,2025-12-28 13:15:00,1561.19,1561.23,1561.19,1561.23,0.0,5.93,9175.75,1
2025-12-28,2025-12-28 13:16:00,1561.23,1561.28,1561.23,1561.28,0.0,5.93,9175.75,1
2025-12-28,2025-12-28 13:17:00,1561.28,1561.33,1561.28,1561.33,0.0,5.93,9175.75,1
2025-12-28,2025-12-28 13:18:00,1561.33,1561.37,1561.33,1561.37,0.0,5.93,9175.75,1
2025-12-28,2025-12-28 13:19:00,1561.37,1561.42,1561.37,1561.42,0.0,5.93,9175.75,1
2025-12-28,2025-12-28 13:20:00,1561.42,1561.46,1561.42,1561.46,0.0,5.93,9175.75,1
2025-12-28,2025-12-28 13:21:00,1561.46,1561.51,1561.46,1561.51,0.0,5.93,9175.75,1
2025-12-28,2025-12-28 13:22:00,1561.51,1561.55,1561.51,1561.55,0.0,5.93,9175.75,1
2025-12-28,2025-12-28 13:23:00,1561.55,1561.6,1561.55,1561.6,0.0,5.93,9175.75,1
2025-12-28,2025-12-28 13:24:00,1561.6,1561.65,1561.6,1561.65,0.0,5.93,9175.75,1
2025-12-28,2025-12-28 13:25:00,1561.65,1561.69,1561.65,1561.69,0.0,5.93,9175.75,1
2025-12-28,2025-12-28 13:26:00,1561.69,1561.74,1561.69,1561.74,0.0,5.93,9175.75,1
2025-12-28,2025-12-28 13:27:00,1561.74,1561.78,1561.74,1561.78,0.0,5.93,9175.75,1
2025-12-28,2025-12-28 13:28:00,1561.78,1561.83,1561.78,1561.83,0.0,5.93,9175.75,1
2025-12-28,2025-12-28 13:29:00,1561.83,1561.88,1561.83,1561.88,0.0,5.93,9175.75,1
2025-12-28,2025-12-28 13:30:00,1561.88,1561.92,1561.88,1561.92,0.0,5.93,9175.75,1
2025-12-28,2025-12-28 13:31:00,1561.92,1561.97,1561.92,1561.97,0.0,5.93,9175.75,1
2025-12-28,2025-12-28 13:32:00,1561.97,1562.01,1561.97,1562.01,0.0,5.93,9175.75,1
2025-12-28,2025-12-28 13:33:00,1562.01,1562.06,1562.01,1562.06,0.0,5.93,9175.75,1
2025-12-28,2025-12-28 13:34:00,1562.06,1562.1,1562.06,1562.1,0.0,5.93,9175.75,1
2025-12-28,2025-12-28 13:35:00,1562.1,1562.15,1562.1,1562.15,0.0,5.93,9175.75,1
2025-12-28,2025-12-28 13:36:00,1562.15,1562.2,1562.15,1562.2,0.0,5.93,9175.75,1
2025-12-28,2025-12-28 13:37:00,1562.2,1562.24,1562.2,1562.24,0.0,5.93,9175.75,1
2025-12-28,2025-12-28 13:38:00,1562.24,1562.29,1562.24,1562.29,0.0,5.93,9175.75,1
2025-12-28,2025-12-28 13:39:00,1562.29,1562.33,1562.29,1562.33,0.0,5.93,9175.75,1
2025-12-28,2025-12-28 13:40:00,1562.33,1562.38,1562.33,1562.38,0.0,5.93,9175.75,1
2025-12-28,2025-12-28 13:41:00,1562.38,1562.42,1562.38,1562.42,0.0,5.93,9175.75,1
2025-12-28,2025-12-28 13:42:00,1562.42,1562.47,1562.42,1562.47,0.0,5.93,9175.75,1
2025-12-28,2025-12-28 13:43:00,1562.47,1562.52,1562.47,1562.52,0.0,5.93,9175.75,1
2025-12-28,2025-12-28 13:44:00,1562.52,1562.56,1562.52,1562.56,0.0,5.93,9175.75,1
2025-12-28,2025-12-28 13:45:00,1562.56,1562.61,1562.56,1562.61,0.0,5.93,9175.75,1
2025-12-28,2025-12-28 13:46:00,1562.61,1562.65,1562.61,1562.65,0.0,5.93,9175.75,1
2025-12-28,2025-12-28 13:47:00,1562.65,1562.7,1562.65,1562.7,0.0,5.93,9175.75,1
2025-12-28,2025-12-28 13:48:00,1562.7,1562.75,1562.7,1562.75,0.0,5.93,9175.75,1
2025-12-28,2025-12-28 13:49:00,1562.75,1562.79,1562.75,1562.79,0.0,5.93,9175.75,1
2025-12-28,2025-12-28 13:50:00,1562.79,1562.84,1562.79,1562.84,0.0,5.93,9175.75,1
2025-12-28,2025-12-28 13:51:00,1562.84,1562.88,1562.84,1562.88,0.0,5.93,9175.75,1
2025-12-28,2025-12-28 13:52:00,1562.88,1562.93,1562.88,1562.93,0.0,5.93,9175.75,1
2025-12-28,2025-12-28 13:53:00,1562.93,1562.97,1562.93,1562.97,0.0,5.93,9175.75,1
2025-12-28,2025-12-28 13:54:00,1562.97,1563.02,1562.97,1563.02,0.0,5.93,9175.75,1
2025-12-28,2025-12-28 13:55:00,1563.02,1563.07,1563.02,1563.07,0.0,5.93,9175.75,1
2025-12-28,2025-12-28 13:56:00,1563.07,1563.11,1563.07,1563.11,0.0,5.93,9175.75,1
2025-12-28,2025-12-28 13:57:00,1563.11,1563.16,1563.11,1563.16,0.0,5.93,9175.75,1
2025-12-28,2025-12-28 13:58:00,1563.16,1563.2,1563.16,1563.2,0.0,5.93,9175.75,1
2025-12-28,2025-12-28 13:59:00,1563.2,1563.25,1563.2,1563.25,0.0,5.93,9175.75,1
2025-12-28,2025-12-28 14:00:00,1563.25,1563.3,1563.25,1563.3,0.0,5.93,9175.75,1
2025-12-28,2025-12-28 14:01:00,1563.3,1563.34,1563.3,1563.34,0.0,5.93,9175.75,1
2025-12-28,2025-12-28 14:02:00,1563.34,1563.39,1563.34,1563.39,0.0,5.93,9175.75,1
2025-12-28,2025-12-28 14:03:00,1563.39,1563.43,1563.39,1563.43,0.0,5.93,9175.75,1
2025-12-28,2025-12-28 14:04:00,1563.43,1563.48,1563.43,1563.48,0.0,5.93,9175.75,1
2025-12-28,2025-12-28 14:05:00,1563.48,1563.53,1563.48,1563.53,0.0,5.93,9175.75,1
2025-12-28,2025-12-28 14:06:00,1563.53,1563.57,1563.53,1563.57,0.0,5.93,9175.75,1
2025-12-28,2025-12-28 14:07:00,1563.57,1563.62,1563.57,1563.62,0.0,5.93,9175.75,1
2025-12-28,2025-12-28 14:08:00,1563.62,1563.66,1563.62,1563.66,0.0,5.93,9175.75,1
2025-12-28,2025-12-28 14:09:00,1563.66,1563.71,1563.66,1563.71,0.0,5.93,9175.75,1
2025-12-28,2025-12-28 14:10:00,1563.71,1563.75,1563.71,1563.75,0.0,5.93,9175.75,1
2025-12-28,2025-12-28 14:11:00,1563.75,1563.8,1563.75,1563.8,0.0,5.93,9175.75,1
2025-12-28,2025-12-28 14:12:00,1563.8,1563.85,1563.8,1563.85,0.0,5.93,9175.75,1
2025-12-28,2025-12-28 14:13:00,1563.85,1563.89,1563.85,1563.89,0.0,5.93,9175.75,1
2025-12-28,2025-12-28 14:14:00,1563.89,1563.94,1563.89,1563.94,0.0,5.93,9175.75,1
2025-12-28,2025-12-28 14:15:00,1563.94,1563.98,1563.94,1563.98,0.0,5.93,9175.75,1
2025-12-28,2025-12-28 14:16:00,1563.98,1564.03,1563.98,1564.03,0.0,5.93,9175.75,1
2025-12-28,2025-12-28 14:17:00,1564.03,1564.08,1564.03,1564.08,0.0,5.93,9175.75,1
2025-12-28,2025-12-28 14:18:00,1564.08,1564.12,1564.08,1564.12,0.0,5.93,9175.75,1
2025-12-28,2025-12-28 14:19:00,1564.12,1564.17,1564.12,1564.17,0.0,5.93,9175.75,1
2025-12-28,2025-12-28 14:20:00,1564.17,1564.21,1564.17,1564.21,0.0,5.93,9175.75,1
2025-12-28,2025-12-28 14:21:00,1564.21,1564.26,1564.21,1564.26,0.0,5.93,9175.75,1
2025-12-28,2025-12-28 14:22:00,1564.26,1564.3,1564.26,1564.3,0.0,5.93,9175.75,1
2025-12-28,2025-12-28 14:23:00,1564.3,1564.35,1564.3,1564.35,0.0,5.93,9175.75,1
2025-12-28,2025-12-28 14:24:00,1564.35,1564.4,1564.35,1564.4,0.0,5.93,9175.75,1
2025-12-28,2025-12-28 14:25:00,1564.4,1564.44,1564.4,1564.44,0.0,5.93,9175.75,1
2025-12-28,2025-12-28 14:26:00,1564.44,1564.49,1564.44,1564.49,0.0,5.93,9175.75,1
2025-12-28,2025-12-28 14:27:00,1564.49,1564.53,1564.49,1564.53,0.0,5.93,9175.75,1
2025-12-28,2025-12-28 14:28:00,1564.53,1564.58,1564.53,1564.58,0.0,5.93,9175.75,1
2025-12-28,2025-12-28 14:29:00,1564.58,1564.62,1564.58,1564.62,0.0,5.93,9175.75,1
2025-12-28,2025-12-28 14:30:00,1564.62,1564.67,1564.62,1564.67,0.0,5.93,9175.75,1
2025-12-28,2025-12-28 14:31:00,1564.67,1564.72,1564.67,1564.72,0.0,5.93,9175.75,1
2025-12-28,2025-12-28 14:32:00,1564.72,1564.76,1564.72,1564.76,0.0,5.93,9175.75,1
2025-12-28,2025-12-28 14:33:00,1564.76,1564.81,1564.76,1564.81,0.0,5.93,9175.75,1
2025-12-28,2025-12-28 14:34:00,1564.81,1564.85,1564.81,1564.85,0.0,5.93,9175.75,1
2025-12-28,2025-12-28 14:35:00,1564.85,1564.9,1564.85,1564.9,0.0,5.93,9175.75,1
2025-12-28,2025-12-28 14:36:00,1564.9,1564.95,1564.9,1564.95,0.0,5.93,9175.75,1
2025-12-28,2025-12-28 14:37:00,1564.95,1564.99,1564.95,1564.99,0.0,5.93,9175.75,1
2025-12-28,2025-12-28 14:38:00,1564.99,1565.04,1564.99,1565.04,0.0,5.93,9175.75,1
2025-12-28,2025-12-28 14:39:00,1565.04,1565.08,1565.04,1565.08,0.0,5.93,9175.75,1
2025-12-28,2025-12-28 14:40:00,1565.08,1565.13,1565.08,1565.13,0.0,5.93,9175.75,1
2025-12-28,2025-12-28 14:41:00,1565.13,1565.17,1565.13,1565.17,0.0,5.93,9175.75,1
2025-12-28,2025-12-28 14:42:00,1565.17,1565.22,1565.17,1565.22,0.0,5.93,9175.75,1
2025-12-28,2025-12-28 14:43:00,1565.22,1565.27,1565.22,1565.27,0.0,5.93,9175.75,1
2025-12-28,2025-12-28 14:44:00,1565.27,1565.31,1565.27,1565.31,0.0,5.93,9175.75,1
2025-12-28,2025-12-28 14:45:00,1565.31,1565.36,1565.31,1565.36,0.0,5.93,9175.75,1
2025-12-28,2025-12-28 14:46:00,1565.36,1565.4,1565.36,1565.4,0.0,5.93,9175.75,1
2025-12-28,2025-12-28 14:47:00,1565.4,1565.45,1565.4,1565.45,0.0,5.93,9175.75,1
2025-12-28,2025-12-28 14:48:00,1565.45,1565.5,1565.45,1565.5,0.0,5.93,9175.75,1
2025-12-28,2025-12-28 14:49:00,1565.5,1565.54,1565.5,1565.54,0.0,5.93,9175.75,1
2025-12-28,2025-12-28 14:50:00,1565.54,1565.59,1565.54,1565.59,0.0,5.93,9175.75,1
2025-12-28,2025-12-28 14:51:00,1565.59,1565.63,1565.59,1565.63,0.0,5.93,9175.75,1
2025-12-28,2025-12-28 14:52:00,1565.63,1565.68,1565.63,1565.68,0.0,5.93,9175.75,1
2025-12-28,2025-12-28 14:53:00,1565.68,1565.72,1565.68,1565.72,0.0,5.93,9175.75,1
2025-12-28,2025-12-28 14:54:00,1565.72,1565.77,1565.72,1565.77,0.0,5.93,9175.75,1
2025-12-28,2025-12-28 14:55:00,1565.77,1565.82,1565.77,1565.82,0.0,5.93,9175.75,1
2025-12-28,2025-12-28 14:56:00,1565.82,1565.86,1565.82,1565.86,0.0,5.93,9175.75,1
2025-12-28,2025-12-28 14:57:00,1565.86,1565.91,1565.86,1565.91,0.0,5.93,9175.75,1
2025-12-28,2025-12-28 14:58:00,1565.91,1565.95,1565.91,1565.95,0.0,5.93,9175.75,1
2025-12-28,2025-12-28 14:59:00,1565.95,1566.0,1565.95,1566.0,0.0,5.93,9175.75,1
2025-12-28,2025-12-28 15:00:00,1566.0,1566.0,1510.1,1566.0,0.0,5.93,9175.75,0
2025-12-29,2025-12-29 11:00:00,1534.7,1572.29,1530.38,1535.06,0.02,21.39,33162.82,1
2025-12-29,2025-12-29 11:01:00,1535.06,1535.41,1535.06,1535.41,0.02,21.39,33162.82,1
2025-12-29,2025-12-29 11:02:00,1535.41,1535.77,1535.41,1535.77,0.02,21.39,33162.82,1
2025-12-29,2025-12-29 11:03:00,1535.77,1536.12,1535.77,1536.12,0.02,21.39,33162.82,1
2025-12-29,2025-12-29 11:04:00,1536.12,1536.48,1536.12,1536.48,0.02,21.39,33162.82,1
2025-12-29,2025-12-29 11:05:00,1536.48,1536.83,1536.48,1536.83,0.02,21.39,33162.82,1
2025-12-29,2025-12-29 11:06:00,1536.83,1537.19,1536.83,1537.19,0.02,21.39,33162.82,1
2025-12-29,2025-12-29 11:07:00,1537.19,1537.54,1537.19,1537.54,0.02,21.39,33162.82,1
2025-12-29,2025-12-29 11:08:00,1537.54,1537.9,1537.54,1537.9,0.02,21.39,33162.82,1
2025-12-29,2025-12-29 11:09:00,1537.9,1538.25,1537.9,1538.25,0.02,21.39,33162.82,1
2025-12-29,2025-12-29 11:10:00,1538.25,1538.61,1538.25,1538.61,0.02,21.39,33162.82,1
2025-12-29,2025-12-29 11:11:00,1538.61,1538.97,1538.61,1538.97,0.02,21.39,33162.82,1
2025-12-29,2025-12-29 11:12:00,1538.97,1539.32,1538.97,1539.32,0.02,21.39,33162.82,1
2025-12-29,2025-12-29 11:13:00,1539.32,1539.68,1539.32,1539.68,0.02,21.39,33162.82,1
2025-12-29,2025-12-29 11:14:00,1539.68,1540.03,1539.68,1540.03,0.02,21.39,33162.82,1
2025-12-29,2025-12-29 11:15:00,1540.03,1540.39,1540.03,1540.39,0.02,21.39,33162.82,1
2025-12-29,2025-12-29 11:16:00,1540.39,1540.74,1540.39,1540.74,0.02,21.39,33162.82,1
2025-12-29,2025-12-29 11:17:00,1540.74,1541.1,1540.74,1541.1,0.02,21.39,33162.82,1
2025-12-29,2025-12-29 11:18:00,1541.1,1541.45,1541.1,1541.45,0.02,21.39,33162.82,1
2025-12-29,2025-12-29 11:19:00,1541.45,1541.81,1541.45,1541.81,0.02,21.39,33162.82,1
2025-12-29,2025-12-29 11:20:00,1541.81,1542.16,1541.81,1542.16,0.02,21.39,33162.82,1
2025-12-29,2025-12-29 11:21:00,1542.16,1542.52,1542.16,1542.52,0.02,21.39,33162.82,1
2025-12-29,2025-12-29 11:22:00,1542.52,1542.87,1542.52,1542.87,0.02,21.39,33162.82,1
2025-12-29,2025-12-29 11:23:00,1542.87,1543.23,1542.87,1543.23,0.02,21.39,33162.82,1
2025-12-29,2025-12-29 11:24:00,1543.23,1543.59,1543.23,1543.59,0.02,21.39,33162.82,1
2025-12-29,2025-12-29 11:25:00,1543.59,1543.94,1543.59,1543.94,0.02,21.39,33162.82,1
2025-12-29,2025-12-29 11:26:00,1543.94,1544.3,1543.94,1544.3,0.02,21.39,33162.82,1
2025-12-29,2025-12-29 11:27:00,1544.3,1544.65,1544.3,1544.65,0.02,21.39,33162.82,1
2025-12-29,2025-12-29 11:28:00,1544.65,1545.01,1544.65,1545.01,0.02,21.39,33162.82,1
2025-12-29,2025-12-29 11:29:00,1545.01,1545.36,1545.01,1545.36,0.02,21.39,33162.82,1
2025-12-29,2025-12-29 11:30:00,1545.36,1545.72,1545.36,1545.72,0.02,21.39,33162.82,1
2025-12-29,2025-12-29 11:31:00,1545.72,1546.07,1545.72,1546.07,0.02,21.39,33162.82,1
2025-12-29,2025-12-29 11:32:00,1546.07,1546.43,1546.07,1546.43,0.02,21.39,33162.82,1
2025-12-29,2025-12-29 11:33:00,1546.43,1546.78,1546.43,1546.78,0.02,21.39,33162.82,1
2025-12-29,2025-12-29 11:34:00,1546.78,1547.14,1546.78,1547.14,0.02,21.39,33162.82,1
2025-12-29,2025-12-29 11:35:00,1547.14,1547.5,1547.14,1547.5,0.02,21.39,33162.82,1
2025-12-29,2025-12-29 11:36:00,1547.5,1547.85,1547.5,1547.85,0.02,21.39,33162.82,1
2025-12-29,2025-12-29 11:37:00,1547.85,1548.21,1547.85,1548.21,0.02,21.39,33162.82,1
2025-12-29,2025-12-29 11:38:00,1548.21,1548.56,1548.21,1548.56,0.02,21.39,33162.82,1
2025-12-29,2025-12-29 11:39:00,1548.56,1548.92,1548.56,1548.92,0.02,21.39,33162.82,1
2025-12-29,2025-12-29 11:40:00,1548.92,1549.27,1548.92,1549.27,0.02,21.39,33162.82,1
2025-12-29,2025-12-29 11:41:00,1549.27,1549.63,1549.27,1549.63,0.02,21.39,33162.82,1
2025-12-29,2025-12-29 11:42:00,1549.63,1549.98,1549.63,1549.98,0.02,21.39,33162.82,1
2025-12-29,2025-12-29 11:43:00,1549.98,1550.34,1549.98,1550.34,0.02,21.39,33162.82,1
2025-12-29,2025-12-29 11:44:00,1550.34,1550.69,1550.34,1550.69,0.02,21.39,33162.82,1
2025-12-29,2025-12-29 11:45:00,1550.69,1551.05,1550.69,1551.05,0.02,21.39,33162.82,1
2025-12-29,2025-12-29 11:46:00,1551.05,1551.4,1551.05,1551.4,0.02,21.39,33162.82,1
2025-12-29,2025-12-29 11:47:00,1551.4,1551.76,1551.4,1551.76,0.02,21.39,33162.82,1
2025-12-29,2025-12-29 11:48:00,1551.76,1552.12,1551.76,1552.12,0.02,21.39,33162.82,1
2025-12-29,2025-12-29 11:49:00,1552.12,1552.47,1552.12,1552.47,0.02,21.39,33162.82,1
2025-12-29,2025-12-29 11:50:00,1552.47,1552.83,1552.47,1552.83,0.02,21.39,33162.82,1
2025-12-29,2025-12-29 11:51:00,1552.83,1553.18,1552.83,1553.18,0.02,21.39,33162.82,1
2025-12-29,2025-12-29 11:52:00,1553.18,1553.54,1553.18,1553.54,0.02,21.39,33162.82,1
2025-12-29,2025-12-29 11:53:00,1553.54,1553.89,1553.54,1553.89,0.02,21.39,33162.82,1
2025-12-29,2025-12-29 11:54:00,1553.89,1554.25,1553.89,1554.25,0.02,21.39,33162.82,1
2025-12-29,2025-12-29 11:55:00,1554.25,1554.6,1554.25,1554.6,0.02,21.39,33162.82,1
2025-12-29,2025-12-29 11:56:00,1554.6,1554.96,1554.6,1554.96,0.02,21.39,33162.82,1
2025-12-29,2025-12-29 11:57:00,1554.96,1555.31,1554.96,1555.31,0.02,21.39,33162.82,1
2025-12-29,2025-12-29 11:58:00,1555.31,1555.67,1555.31,1555.67,0.02,21.39,33162.82,1
2025-12-29,2025-12-29 11:59:00,1555.67,1556.03,1555.67,1556.03,0.02,21.39,33162.82,1
2025-12-29,2025-12-29 12:00:00,1556.03,1556.38,1556.03,1556.38,0.02,21.39,33162.82,1
2025-12-29,2025-12-29 12:01:00,1556.38,1556.74,1556.38,1556.74,0.02,21.39,33162.82,1
2025-12-29,2025-12-29 12:02:00,1556.74,1557.09,1556.74,1557.09,0.02,21.39,33162.82,1
2025-12-29,2025-12-29 12:03:00,1557.09,1557.45,1557.09,1557.45,0.02,21.39,33162.82,1
2025-12-29,2025-12-29 12:04:00,1557.45,1557.8,1557.45,1557.8,0.02,21.39,33162.82,1
2025-12-29,2025-12-29 12:05:00,1557.8,1558.16,1557.8,1558.16,0.02,21.39,33162.82,1
2025-12-29,2025-12-29 12:06:00,1558.16,1558.51,1558.16,1558.51,0.02,21.39,33162.82,1
2025-12-29,2025-12-29 12:07:00,1558.51,1558.87,1558.51,1558.87,0.02,21.39,33162.82,1
2025-12-29,2025-12-29 12:08:00,1558.87,1559.22,1558.87,1559.22,0.02,21.39,33162.82,1
2025-12-29,2025-12-29 12:09:00,1559.22,1559.58,1559.22,1559.58,0.02,21.39,33162.82,1
2025-12-29,2025-12-29 12:10:00,1559.58,1559.93,1559.58,1559.93,0.02,21.39,33162.82,1
2025-12-29,2025-12-29 12:11:00,1559.93,1560.29,1559.93,1560.29,0.02,21.39,33162.82,1
2025-12-29,2025-12-29 12:12:00,1560.29,1560.65,1560.29,1560.65,0.02,21.39,33162.82,1
2025-12-29,2025-12-29 12:13:00,1560.65,1561.0,1560.65,1561.0,0.02,21.39,33162.82,1
2025-12-29,2025-12-29 12:14:00,1561.0,1561.36,1561.0,1561.36,0.02,21.39,33162.82,1
2025-12-29,2025-12-29 12:15:00,1561.36,1561.71,1561.36,1561.71,0.02,21.39,33162.82,1
2025-12-29,2025-12-29 12:16:00,1561.71,1562.07,1561.71,1562.07,0.02,21.39,33162.82,1
2025-12-29,2025-12-29 12:17:00,1562.07,1562.42,1562.07,1562.42,0.02,21.39,33162.82,1
2025-12-29,2025-12-29 12:18:00,1562.42,1562.78,1562.42,1562.78,0.02,21.39,33162.82,1
2025-12-29,2025-12-29 12:19:00,1562.78,1563.13,1562.78,1563.13,0.02,21.39,33162.82,1
2025-12-29,2025-12-29 12:20:00,1563.13,1563.49,1563.13,1563.49,0.02,21.39,33162.82,1
2025-12-29,2025-12-29 12:21:00,1563.49,1563.84,1563.49,1563.84,0.02,21.39,33162.82,1
2025-12-29,2025-12-29 12:22:00,1563.84,1564.2,1563.84,1564.2,0.02,21.39,33162.82,1
2025-12-29,2025-12-29 12:23:00,1564.2,1564.56,1564.2,1564.56,0.02,21.39,33162.82,1
2025-12-29,2025-12-29 12:24:00,1564.56,1564.91,1564.56,1564.91,0.02,21.39,33162.82,1
2025-12-29,2025-12-29 12:25:00,1564.91,1565.27,1564.91,1565.27,0.02,21.39,33162.82,1
2025-12-29,2025-12-29 12:26:00,1565.27,1565.62,1565.27,1565.62,0.02,21.39,33162.82,1
2025-12-29,2025-12-29 12:27:00,1565.62,1565.98,1565.62,1565.98,0.02,21.39,33162.82,1
2025-12-29,2025-12-29 12:28:00,1565.98,1566.33,1565.98,1566.33,0.02,21.39,33162.82,1
2025-12-29,2025-12-29 12:29:00,1566.33,1566.69,1566.33,1566.69,0.02,21.39,33162.82,1
2025-12-29,2025-12-29 12:30:00,1566.69,1567.04,1566.69,1567.04,0.02,21.39,33162.82,1
2025-12-29,2025-12-29 12:31:00,1567.04,1567.4,1567.04,1567.4,0.02,21.39,33162.82,1
2025-12-29,2025-12-29 12:32:00,1567.4,1567.75,1567.4,1567.75,0.02,21.39,33162.82,1
2025-12-29,2025-12-29 12:33:00,1567.75,1568.11,1567.75,1568.11,0.02,21.39,33162.82,1
2025-12-29,2025-12-29 12:34:00,1568.11,1568.46,1568.11,1568.46,0.02,21.39,33162.82,1
2025-12-29,2025-12-29 12:35:00,1568.46,1568.82,1568.46,1568.82,0.02,21.39,33162.82,1
2025-12-29,2025-12-29 12:36:00,1568.82,1569.18,1568.82,1569.18,0.02,21.39,33162.82,1
2025-12-29,2025-12-29 12:37:00,1569.18,1569.53,1569.18,1569.53,0.02,21.39,33162.82,1
2025-12-29,2025-12-29 12:38:00,1569.53,1569.89,1569.53,1569.89,0.02,21.39,33162.82,1
2025-12-29,2025-12-29 12:39:00,1569.89,1570.24,1569.89,1570.24,0.02,21.39,33162.82,1
2025-12-29,2025-12-29 12:40:00,1570.24,1570.6,1570.24,1570.6,0.02,21.39,33162.82,1
2025-12-29,2025-12-29 12:41:00,1570.6,1570.95,1570.6,1570.95,0.02,21.39,33162.82,1
2025-12-29,2025-12-29 12:42:00,1570.95,1571.31,1570.95,1571.31,0.02,21.39,33162.82,1
2025-12-29,2025-12-29 12:43:00,1571.31,1571.66,1571.31,1571.66,0.02,21.39,33162.82,1
2025-12-29,2025-12-29 12:44:00,1571.66,1572.02,1571.66,1572.02,0.02,21.39,33162.82,1
2025-12-29,2025-12-29 12:45:00,1572.02,1572.37,1572.02,1572.37,0.02,21.39,33162.82,1
2025-12-29,2025-12-29 12:46:00,1572.37,1572.73,1572.37,1572.73,0.02,21.39,33162.82,1
2025-12-29,2025-12-29 12:47:00,1572.73,1573.09,1572.73,1573.09,0.02,21.39,33162.82,1
2025-12-29,2025-12-29 12:48:00,1573.09,1573.44,1573.09,1573.44,0.02,21.39,33162.82,1
2025-12-29,2025-12-29 12:49:00,1573.44,1573.8,1573.44,1573.8,0.02,21.39,33162.82,1
2025-12-29,2025-12-29 12:50:00,1573.8,1574.15,1573.8,1574.15,0.02,21.39,33162.82,1
2025-12-29,2025-12-29 12:51:00,1574.15,1574.51,1574.15,1574.51,0.02,21.39,33162.82,1
2025-12-29,2025-12-29 12:52:00,1574.51,1574.86,1574.51,1574.86,0.02,21.39,33162.82,1
2025-12-29,2025-12-29 12:53:00,1574.86,1575.22,1574.86,1575.22,0.02,21.39,33162.82,1
2025-12-29,2025-12-29 12:54:00,1575.22,1575.57,1575.22,1575.57,0.02,21.39,33162.82,1
2025-12-29,2025-12-29 12:55:00,1575.57,1575.93,1575.57,1575.93,0.02,21.39,33162.82,1
2025-12-29,2025-12-29 12:56:00,1575.93,1576.28,1575.93,1576.28,0.02,21.39,33162.82,1
2025-12-29,2025-12-29 12:57:00,1576.28,1576.64,1576.28,1576.64,0.02,21.39,33162.82,1
2025-12-29,2025-12-29 12:58:00,1576.64,1576.99,1576.64,1576.99,0.02,21.39,33162.82,1
2025-12-29,2025-12-29 12:59:00,1576.99,1577.35,1576.99,1577.35,0.02,21.39,33162.82,1
2025-12-29,2025-12-29 13:00:00,1577.35,1660.0,1520.3,1577.71,0.02,21.39,33162.82,1
2025-12-29,2025-12-29 13:01:00,1577.71,1578.06,1577.71,1578.06,0.02,21.39,33162.82,1
2025-12-29,2025-12-29 13:02:00,1578.06,1578.42,1578.06,1578.42,0.02,21.39,33162.82,1
2025-12-29,2025-12-29 13:03:00,1578.42,1578.77,1578.42,1578.77,0.02,21.39,33162.82,1
2025-12-29,2025-12-29 13:04:00,1578.77,1579.13,1578.77,1579.13,0.02,21.39,33162.82,1
2025-12-29,2025-12-29 13:05:00,1579.13,1579.48,1579.13,1579.48,0.02,21.39,33162.82,1
2025-12-29,2025-12-29 13:06:00,1579.48,1579.84,1579.48,1579.84,0.02,21.39,33162.82,1
2025-12-29,2025-12-29 13:07:00,1579.84,1580.19,1579.84,1580.19,0.02,21.39,33162.82,1
2025-12-29,2025-12-29 13:08:00,1580.19,1580.55,1580.19,1580.55,0.02,21.39,33162.82,1
2025-12-29,2025-12-29 13:09:00,1580.55,1580.9,1580.55,1580.9,0.02,21.39,33162.82,1
2025-12-29,2025-12-29 13:10:00,1580.9,1581.26,1580.9,1581.26,0.02,21.39,33162.82,1
2025-12-29,2025-12-29 13:11:00,1581.26,1581.62,1581.26,1581.62,0.02,21.39,33162.82,1
2025-12-29,2025-12-29 13:12:00,1581.62,1581.97,1581.62,1581.97,0.02,21.39,33162.82,1
2025-12-29,2025-12-29 13:13:00,1581.97,1582.33,1581.97,1582.33,0.02,21.39,33162.82,1
2025-12-29,2025-12-29 13:14:00,1582.33,1582.68,1582.33,1582.68,0.02,21.39,33162.82,1
2025-12-29,2025-12-29 13:15:00,1582.68,1583.04,1582.68,1583.04,0.02,21.39,33162.82,1
2025-12-29,2025-12-29 13:16:00,1583.04,1583.39,1583.04,1583.39,0.02,21.39,33162.82,1
2025-12-29,2025-12-29 13:17:00,1583.39,1583.75,1583.39,1583.75,0.02,21.39,33162.82,1
2025-12-29,2025-12-29 13:18:00,1583.75,1584.1,1583.75,1584.1,0.02,21.39,33162.82,1
2025-12-29,2025-12-29 13:19:00,1584.1,1584.46,1584.1,1584.46,0.02,21.39,33162.82,1
2025-12-29,2025-12-29 13:20:00,1584.46,1584.81,1584.46,1584.81,0.02,21.39,33162.82,1
2025-12-29,2025-12-29 13:21:00,1584.81,1585.17,1584.81,1585.17,0.02,21.39,33162.82,1
2025-12-29,2025-12-29 13:22:00,1585.17,1585.52,1585.17,1585.52,0.02,21.39,33162.82,1
2025-12-29,2025-12-29 13:23:00,1585.52,1585.88,1585.52,1585.88,0.02,21.39,33162.82,1
2025-12-29,2025-12-29 13:24:00,1585.88,1586.24,1585.88,1586.24,0.02,21.39,33162.82,1
2025-12-29,2025-12-29 13:25:00,1586.24,1586.59,1586.24,1586.59,0.02,21.39,33162.82,1
2025-12-29,2025-12-29 13:26:00,1586.59,1586.95,1586.59,1586.95,0.02,21.39,33162.82,1
2025-12-29,2025-12-29 13:27:00,1586.95,1587.3,1586.95,1587.3,0.02,21.39,33162.82,1
2025-12-29,2025-12-29 13:28:00,1587.3,1587.66,1587.3,1587.66,0.02,21.39,33162.82,1
2025-12-29,2025-12-29 13:29:00,1587.66,1588.01,1587.66,1588.01,0.02,21.39,33162.82,1
2025-12-29,2025-12-29 13:30:00,1588.01,1588.37,1588.01,1588.37,0.02,21.39,33162.82,1
2025-12-29,2025-12-29 13:31:00,1588.37,1588.72,1588.37,1588.72,0.02,21.39,33162.82,1
2025-12-29,2025-12-29 13:32:00,1588.72,1589.08,1588.72,1589.08,0.02,21.39,33162.82,1
2025-12-29,2025-12-29 13:33:00,1589.08,1589.43,1589.08,1589.43,0.02,21.39,33162.82,1
2025-12-29,2025-12-29 13:34:00,1589.43,1589.79,1589.43,1589.79,0.02,21.39,33162.82,1
2025-12-29,2025-12-29 13:35:00,1589.79,1590.14,1589.79,1590.14,0.02,21.39,33162.82,1
2025-12-29,2025-12-29 13:36:00,1590.14,1590.5,1590.14,1590.5,0.02,21.39,33162.82,1
2025-12-29,2025-12-29 13:37:00,1590.5,1590.86,1590.5,1590.86,0.02,21.39,33162.82,1
2025-12-29,2025-12-29 13:38:00,1590.86,1591.21,1590.86,1591.21,0.02,21.39,33162.82,1
2025-12-29,2025-12-29 13:39:00,1591.21,1591.57,1591.21,1591.57,0.02,21.39,33162.82,1
2025-12-29,2025-12-29 13:40:00,1591.57,1591.92,1591.57,1591.92,0.02,21.39,33162.82,1
2025-12-29,2025-12-29 13:41:00,1591.92,1592.28,1591.92,1592.28,0.02,21.39,33162.82,1
2025-12-29,2025-12-29 13:42:00,1592.28,1592.63,1592.28,1592.63,0.02,21.39,33162.82,1
2025-12-29,2025-12-29 13:43:00,1592.63,1592.99,1592.63,1592.99,0.02,21.39,33162.82,1
2025-12-29,2025-12-29 13:44:00,1592.99,1593.34,1592.99,1593.34,0.02,21.39,33162.82,1
2025-12-29,2025-12-29 13:45:00,1593.34,1593.7,1593.34,1593.7,0.02,21.39,33162.82,1
2025-12-29,2025-12-29 13:46:00,1593.7,1594.05,1593.7,1594.05,0.02,21.39,33162.82,1
2025-12-29,2025-12-29 13:47:00,1594.05,1594.41,1594.05,1594.41,0.02,21.39,33162.82,1
2025-12-29,2025-12-29 13:48:00,1594.41,1594.77,1594.41,1594.77,0.02,21.39,33162.82,1
2025-12-29,2025-12-29 13:49:00,1594.77,1595.12,1594.77,1595.12,0.02,21.39,33162.82,1
2025-12-29,2025-12-29 13:50:00,1595.12,1595.48,1595.12,1595.48,0.02,21.39,33162.82,1
2025-12-29,2025-12-29 13:51:00,1595.48,1595.83,1595.48,1595.83,0.02,21.39,33162.82,1
2025-12-29,2025-12-29 13:52:00,1595.83,1596.19,1595.83,1596.19,0.02,21.39,33162.82,1
2025-12-29,2025-12-29 13:53:00,1596.19,1596.54,1596.19,1596.54,0.02,21.39,33162.82,1
2025-12-29,2025-12-29 13:54:00,1596.54,1596.9,1596.54,1596.9,0.02,21.39,33162.82,1
2025-12-29,2025-12-29 13:55:00,1596.9,1597.25,1596.9,1597.25,0.02,21.39,33162.82,1
2025-12-29,2025-12-29 13:56:00,1597.25,1597.61,1597.25,1597.61,0.02,21.39,33162.82,1
2025-12-29,2025-12-29 13:57:00,1597.61,1597.96,1597.61,1597.96,0.02,21.39,33162.82,1
2025-12-29,2025-12-29 13:58:00,1597.96,1598.32,1597.96,1598.32,0.02,21.39,33162.82,1
2025-12-29,2025-12-29 13:59:00,1598.32,1598.67,1598.32,1598.67,0.02,21.39,33162.82,1
2025-12-29,2025-12-29 14:00:00,1598.67,1599.03,1598.67,1599.03,0.02,21.39,33162.82,1
2025-12-29,2025-12-29 14:01:00,1599.03,1599.39,1599.03,1599.39,0.02,21.39,33162.82,1
2025-12-29,2025-12-29 14:02:00,1599.39,1599.74,1599.39,1599.74,0.02,21.39,33162.82,1
2025-12-29,2025-12-29 14:03:00,1599.74,1600.1,1599.74,1600.1,0.02,21.39,33162.82,1
2025-12-29,2025-12-29 14:04:00,1600.1,1600.45,1600.1,1600.45,0.02,21.39,33162.82,1
2025-12-29,2025-12-29 14:05:00,1600.45,1600.81,1600.45,1600.81,0.02,21.39,33162.82,1
2025-12-29,2025-12-29 14:06:00,1600.81,1601.16,1600.81,1601.16,0.02,21.39,33162.82,1
2025-12-29,2025-12-29 14:07:00,1601.16,1601.52,1601.16,1601.52,0.02,21.39,33162.82,1
2025-12-29,2025-12-29 14:08:00,1601.52,1601.87,1601.52,1601.87,0.02,21.39,33162.82,1
2025-12-29,2025-12-29 14:09:00,1601.87,1602.23,1601.87,1602.23,0.02,21.39,33162.82,1
2025-12-29,2025-12-29 14:10:00,1602.23,1602.58,1602.23,1602.58,0.02,21.39,33162.82,1
2025-12-29,2025-12-29 14:11:00,1602.58,1602.94,1602.58,1602.94,0.02,21.39,33162.82,1
2025-12-29,2025-12-29 14:12:00,1602.94,1603.3,1602.94,1603.3,0.02,21.39,33162.82,1
2025-12-29,2025-12-29 14:13:00,1603.3,1603.65,1603.3,1603.65,0.02,21.39,33162.82,1
2025-12-29,2025-12-29 14:14:00,1603.65,1604.01,1603.65,1604.01,0.02,21.39,33162.82,1
2025-12-29,2025-12-29 14:15:00,1604.01,1604.36,1604.01,1604.36,0.02,21.39,33162.82,1
2025-12-29,2025-12-29 14:16:00,1604.36,1604.72,1604.36,1604.72,0.02,21.39,33162.82,1
2025-12-29,2025-12-29 14:17:00,1604.72,1605.07,1604.72,1605.07,0.02,21.39,33162.82,1
2025-12-29,2025-12-29 14:18:00,1605.07,1605.43,1605.07,1605.43,0.02,21.39,33162.82,1
2025-12-29,2025-12-29 14:19:00,1605.43,1605.78,1605.43,1605.78,0.02,21.39,33162.82,1
2025-12-29,2025-12-29 14:20:00,1605.78,1606.14,1605.78,1606.14,0.02,21.39,33162.82,1
2025-12-29,2025-12-29 14:21:00,1606.14,1606.49,1606.14,1606.49,0.02,21.39,33162.82,1
2025-12-29,2025-12-29 14:22:00,1606.49,1606.85,1606.49,1606.85,0.02,21.39,33162.82,1
2025-12-29,2025-12-29 14:23:00,1606.85,1607.2,1606.85,1607.2,0.02,21.39,33162.82,1
2025-12-29,2025-12-29 14:24:00,1607.2,1607.56,1607.2,1607.56,0.02,21.39,33162.82,1
2025-12-29,2025-12-29 14:25:00,1607.56,1607.92,1607.56,1607.92,0.02,21.39,33162.82,1
2025-12-29,2025-12-29 14:26:00,1607.92,1608.27,1607.92,1608.27,0.02,21.39,33162.82,1
2025-12-29,2025-12-29 14:27:00,1608.27,1608.63,1608.27,1608.63,0.02,21.39,33162.82,1
2025-12-29,2025-12-29 14:28:00,1608.63,1608.98,1608.63,1608.98,0.02,21.39,33162.82,1
2025-12-29,2025-12-29 14:29:00,1608.98,1609.34,1608.98,1609.34,0.02,21.39,33162.82,1
2025-12-29,2025-12-29 14:30:00,1609.34,1609.69,1609.34,1609.69,0.02,21.39,33162.82,1
2025-12-29,2025-12-29 14:31:00,1609.69,1610.05,1609.69,1610.05,0.02,21.39,33162.82,1
2025-12-29,2025-12-29 14:32:00,1610.05,1610.4,1610.05,1610.4,0.02,21.39,33162.82,1
2025-12-29,2025-12-29 14:33:00,1610.4,1610.76,1610.4,1610.76,0.02,21.39,33162.82,1
2025-12-29,2025-12-29 14:34:00,1610.76,1611.11,1610.76,1611.11,0.02,21.39,33162.82,1
2025-12-29,2025-12-29 14:35:00,1611.11,1611.47,1611.11,1611.47,0.02,21.39,33162.82,1
2025-12-29,2025-12-29 14:36:00,1611.47,1611.83,1611.47,1611.83,0.02,21.39,33162.82,1
2025-12-29,2025-12-29 14:37:00,1611.83,1612.18,1611.83,1612.18,0.02,21.39,33162.82,1
2025-12-29,2025-12-29 14:38:00,1612.18,1612.54,1612.18,1612.54,0.02,21.39,33162.82,1
2025-12-29,2025-12-29 14:39:00,1612.54,1612.89,1612.54,1612.89,0.02,21.39,33162.82,1
2025-12-29,2025-12-29 14:40:00,1612.89,1613.25,1612.89,1613.25,0.02,21.39,33162.82,1
2025-12-29,2025-12-29 14:41:00,1613.25,1613.6,1613.25,1613.6,0.02,21.39,33162.82,1
2025-12-29,2025-12-29 14:42:00,1613.6,1613.96,1613.6,1613.96,0.02,21.39,33162.82,1
2025-12-29,2025-12-29 14:43:00,1613.96,1614.31,1613.96,1614.31,0.02,21.39,33162.82,1
2025-12-29,2025-12-29 14:44:00,1614.31,1614.67,1614.31,1614.67,0.02,21.39,33162.82,1
2025-12-29,2025-12-29 14:45:00,1614.67,1615.02,1614.67,1615.02,0.02,21.39,33162.82,1
2025-12-29,2025-12-29 14:46:00,1615.02,1615.38,1615.02,1615.38,0.02,21.39,33162.82,1
2025-12-29,2025-12-29 14:47:00,1615.38,1615.73,1615.38,1615.73,0.02,21.39,33162.82,1
2025-12-29,2025-12-29 14:48:00,1615.73,1616.09,1615.73,1616.09,0.02,21.39,33162.82,1
2025-12-29,2025-12-29 14:49:00,1616.09,1616.45,1616.09,1616.45,0.02,21.39,33162.82,1
2025-12-29,2025-12-29 14:50:00,1616.45,1616.8,1616.45,1616.8,0.02,21.39,33162.82,1
2025-12-29,2025-12-29 14:51:00,1616.8,1617.16,1616.8,1617.16,0.02,21.39,33162.82,1
2025-12-29,2025-12-29 14:52:00,1617.16,1617.51,1617.16,1617.51,0.02,21.39,33162.82,1
2025-12-29,2025-12-29 14:53:00,1617.51,1617.87,1617.51,1617.87,0.02,21.39,33162.82,1
2025-12-29,2025-12-29 14:54:00,1617.87,1618.22,1617.87,1618.22,0.02,21.39,33162.82,1
2025-12-29,2025-12-29 14:55:00,1618.22,1618.58,1618.22,1618.58,0.02,21.39,33162.82,1
2025-12-29,2025-12-29 14:56:00,1618.58,1618.93,1618.58,1618.93,0.02,21.39,33162.82,1
2025-12-29,2025-12-29 14:57:00,1618.93,1619.29,1618.93,1619.29,0.02,21.39,33162.82,1
2025-12-29,2025-12-29 14:58:00,1619.29,1619.64,1619.29,1619.64,0.02,21.39,33162.82,1
2025-12-29,2025-12-29 14:59:00,1619.64,1620.0,1619.64,1620.0,0.02,21.39,33162.82,1
2025-12-29,2025-12-29 15:00:00,1620.0,1660.0,1520.3,1620.0,0.0,21.39,33162.82,0
2025-12-31,2025-12-31 11:00:00,1587.6,1587.6,1569.72,1587.57,-0.0,11.6,18039.56,-1
2025-12-31,2025-12-31 11:01:00,1587.57,1587.57,1587.54,1587.54,-0.0,11.6,18039.56,-1
2025-12-31,2025-12-31 11:02:00,1587.54,1587.54,1587.5,1587.5,-0.0,11.6,18039.56,-1
2025-12-31,2025-12-31 11:03:00,1587.5,1587.5,1587.47,1587.47,-0.0,11.6,18039.56,-1
2025-12-31,2025-12-31 11:04:00,1587.47,1587.47,1587.44,1587.44,-0.0,11.6,18039.56,-1
2025-12-31,2025-12-31 11:05:00,1587.44,1587.44,1587.41,1587.41,-0.0,11.6,18039.56,-1
2025-12-31,2025-12-31 11:06:00,1587.41,1587.41,1587.38,1587.38,-0.0,11.6,18039.56,-1
2025-12-31,2025-12-31 11:07:00,1587.38,1587.38,1587.35,1587.35,-0.0,11.6,18039.56,-1
2025-12-31,2025-12-31 11:08:00,1587.35,1587.35,1587.31,1587.31,-0.0,11.6,18039.56,-1
2025-12-31,2025-12-31 11:09:00,1587.31,1587.31,1587.28,1587.28,-0.0,11.6,18039.56,-1
2025-12-31,2025-12-31 11:10:00,1587.28,1587.28,1587.25,1587.25,-0.0,11.6,18039.56,-1
2025-12-31,2025-12-31 11:11:00,1587.25,1587.25,1587.22,1587.22,-0.0,11.6,18039.56,-1
2025-12-31,2025-12-31 11:12:00,1587.22,1587.22,1587.19,1587.19,-0.0,11.6,18039.56,-1
2025-12-31,2025-12-31 11:13:00,1587.19,1587.19,1587.16,1587.16,-0.0,11.6,18039.56,-1
2025-12-31,2025-12-31 11:14:00,1587.16,1587.16,1587.12,1587.12,-0.0,11.6,18039.56,-1
2025-12-31,2025-12-31 11:15:00,1587.12,1587.12,1587.09,1587.09,-0.0,11.6,18039.56,-1
2025-12-31,2025-12-31 11:16:00,1587.09,1587.09,1587.06,1587.06,-0.0,11.6,18039.56,-1
2025-12-31,2025-12-31 11:17:00,1587.06,1587.06,1587.03,1587.03,-0.0,11.6,18039.56,-1
2025-12-31,2025-12-31 11:18:00,1587.03,1587.03,1587.0,1587.0,-0.0,11.6,18039.56,-1
2025-12-31,2025-12-31 11:19:00,1587.0,1587.0,1586.97,1586.97,-0.0,11.6,18039.56,-1
2025-12-31,2025-12-31 11:20:00,1586.97,1586.97,1586.93,1586.93,-0.0,11.6,18039.56,-1
2025-12-31,2025-12-31 11:21:00,1586.93,1586.93,1586.9,1586.9,-0.0,11.6,18039.56,-1
2025-12-31,2025-12-31 11:22:00,1586.9,1586.9,1586.87,1586.87,-0.0,11.6,18039.56,-1
2025-12-31,2025-12-31 11:23:00,1586.87,1586.87,1586.84,1586.84,-0.0,11.6,18039.56,-1
2025-12-31,2025-12-31 11:24:00,1586.84,1586.84,1586.81,1586.81,-0.0,11.6,18039.56,-1
2025-12-31,2025-12-31 11:25:00,1586.81,1586.81,1586.78,1586.78,-0.0,11.6,18039.56,-1
2025-12-31,2025-12-31 11:26:00,1586.78,1586.78,1586.74,1586.74,-0.0,11.6,18039.56,-1
2025-12-31,2025-12-31 11:27:00,1586.74,1586.74,1586.71,1586.71,-0.0,11.6,18039.56,-1
2025-12-31,2025-12-31 11:28:00,1586.71,1586.71,1586.68,1586.68,-0.0,11.6,18039.56,-1
2025-12-31,2025-12-31 11:29:00,1586.68,1586.68,1586.65,1586.65,-0.0,11.6,18039.56,-1
2025-12-31,2025-12-31 11:30:00,1586.65,1586.65,1586.62,1586.62,-0.0,11.6,18039.56,-1
2025-12-31,2025-12-31 11:31:00,1586.62,1586.62,1586.59,1586.59,-0.0,11.6,18039.56,-1
2025-12-31,2025-12-31 11:32:00,1586.59,1586.59,1586.55,1586.55,-0.0,11.6,18039.56,-1
2025-12-31,2025-12-31 11:33:00,1586.55,1586.55,1586.52,1586.52,-0.0,11.6,18039.56,-1
2025-12-31,2025-12-31 11:34:00,1586.52,1586.52,1586.49,1586.49,-0.0,11.6,18039.56,-1
2025-12-31,2025-12-31 11:35:00,1586.49,1586.49,1586.46,1586.46,-0.0,11.6,18039.56,-1
2025-12-31,2025-12-31 11:36:00,1586.46,1586.46,1586.43,1586.43,-0.0,11.6,18039.56,-1
2025-12-31,2025-12-31 11:37:00,1586.43,1586.43,1586.4,1586.4,-0.0,11.6,18039.56,-1
2025-12-31,2025-12-31 11:38:00,1586.4,1586.4,1586.37,1586.37,-0.0,11.6,18039.56,-1
2025-12-31,2025-12-31 11:39:00,1586.37,1586.37,1586.33,1586.33,-0.0,11.6,18039.56,-1
2025-12-31,2025-12-31 11:40:00,1586.33,1586.33,1586.3,1586.3,-0.0,11.6,18039.56,-1
2025-12-31,2025-12-31 11:41:00,1586.3,1586.3,1586.27,1586.27,-0.0,11.6,18039.56,-1
2025-12-31,2025-12-31 11:42:00,1586.27,1586.27,1586.24,1586.24,-0.0,11.6,18039.56,-1
2025-12-31,2025-12-31 11:43:00,1586.24,1586.24,1586.21,1586.21,-0.0,11.6,18039.56,-1
2025-12-31,2025-12-31 11:44:00,1586.21,1586.21,1586.17,1586.17,-0.0,11.6,18039.56,-1
2025-12-31,2025-12-31 11:45:00,1586.17,1586.17,1586.14,1586.14,-0.0,11.6,18039.56,-1
2025-12-31,2025-12-31 11:46:00,1586.14,1586.14,1586.11,1586.11,-0.0,11.6,18039.56,-1
2025-12-31,2025-12-31 11:47:00,1586.11,1586.11,1586.08,1586.08,-0.0,11.6,18039.56,-1
2025-12-31,2025-12-31 11:48:00,1586.08,1586.08,1586.05,1586.05,-0.0,11.6,18039.56,-1
2025-12-31,2025-12-31 11:49:00,1586.05,1586.05,1586.02,1586.02,-0.0,11.6,18039.56,-1
2025-12-31,2025-12-31 11:50:00,1586.02,1586.02,1585.98,1585.98,-0.0,11.6,18039.56,-1
2025-12-31,2025-12-31 11:51:00,1585.98,1585.98,1585.95,1585.95,-0.0,11.6,18039.56,-1
2025-12-31,2025-12-31 11:52:00,1585.95,1585.95,1585.92,1585.92,-0.0,11.6,18039.56,-1
2025-12-31,2025-12-31 11:53:00,1585.92,1585.92,1585.89,1585.89,-0.0,11.6,18039.56,-1
2025-12-31,2025-12-31 11:54:00,1585.89,1585.89,1585.86,1585.86,-0.0,11.6,18039.56,-1
2025-12-31,2025-12-31 11:55:00,1585.86,1585.86,1585.83,1585.83,-0.0,11.6,18039.56,-1
2025-12-31,2025-12-31 11:56:00,1585.83,1585.83,1585.79,1585.79,-0.0,11.6,18039.56,-1
2025-12-31,2025-12-31 11:57:00,1585.79,1585.79,1585.76,1585.76,-0.0,11.6,18039.56,-1
2025-12-31,2025-12-31 11:58:00,1585.76,1585.76,1585.73,1585.73,-0.0,11.6,18039.56,-1
2025-12-31,2025-12-31 11:59:00,1585.73,1585.73,1585.7,1585.7,-0.0,11.6,18039.56,-1
2025-12-31,2025-12-31 12:00:00,1585.7,1585.7,1585.67,1585.67,-0.0,11.6,18039.56,-1
2025-12-31,2025-12-31 12:01:00,1585.67,1585.67,1585.64,1585.64,-0.0,11.6,18039.56,-1
2025-12-31,2025-12-31 12:02:00,1585.64,1585.64,1585.61,1585.61,-0.0,11.6,18039.56,-1
2025-12-31,2025-12-31 12:03:00,1585.61,1585.61,1585.57,1585.57,-0.0,11.6,18039.56,-1
2025-12-31,2025-12-31 12:04:00,1585.57,1585.57,1585.54,1585.54,-0.0,11.6,18039.56,-1
2025-12-31,2025-12-31 12:05:00,1585.54,1585.54,1585.51,1585.51,-0.0,11.6,18039.56,-1
2025-12-31,2025-12-31 12:06:00,1585.51,1585.51,1585.48,1585.48,-0.0,11.6,18039.56,-1
2025-12-31,2025-12-31 12:07:00,1585.48,1585.48,1585.45,1585.45,-0.0,11.6,18039.56,-1
2025-12-31,2025-12-31 12:08:00,1585.45,1585.45,1585.41,1585.41,-0.0,11.6,18039.56,-1
2025-12-31,2025-12-31 12:09:00,1585.41,1585.41,1585.38,1585.38,-0.0,11.6,18039.56,-1
2025-12-31,2025-12-31 12:10:00,1585.38,1585.38,1585.35,1585.35,-0.0,11.6,18039.56,-1
2025-12-31,2025-12-31 12:11:00,1585.35,1585.35,1585.32,1585.32,-0.0,11.6,18039.56,-1
2025-12-31,2025-12-31 12:12:00,1585.32,1585.32,1585.29,1585.29,-0.0,11.6,18039.56,-1
2025-12-31,2025-12-31 12:13:00,1585.29,1585.29,1585.26,1585.26,-0.0,11.6,18039.56,-1
2025-12-31,2025-12-31 12:14:00,1585.26,1585.26,1585.22,1585.22,-0.0,11.6,18039.56,-1
2025-12-31,2025-12-31 12:15:00,1585.22,1585.22,1585.19,1585.19,-0.0,11.6,18039.56,-1
2025-12-31,2025-12-31 12:16:00,1585.19,1585.19,1585.16,1585.16,-0.0,11.6,18039.56,-1
2025-12-31,2025-12-31 12:17:00,1585.16,1585.16,1585.13,1585.13,-0.0,11.6,18039.56,-1
2025-12-31,2025-12-31 12:18:00,1585.13,1585.13,1585.1,1585.1,-0.0,11.6,18039.56,-1
2025-12-31,2025-12-31 12:19:00,1585.1,1585.1,1585.07,1585.07,-0.0,11.6,18039.56,-1
2025-12-31,2025-12-31 12:20:00,1585.07,1585.07,1585.03,1585.03,-0.0,11.6,18039.56,-1
2025-12-31,2025-12-31 12:21:00,1585.03,1585.03,1585.0,1585.0,-0.0,11.6,18039.56,-1
2025-12-31,2025-12-31 12:22:00,1585.0,1585.0,1584.97,1584.97,-0.0,11.6,18039.56,-1
2025-12-31,2025-12-31 12:23:00,1584.97,1584.97,1584.94,1584.94,-0.0,11.6,18039.56,-1
2025-12-31,2025-12-31 12:24:00,1584.94,1584.94,1584.91,1584.91,-0.0,11.6,18039.56,-1
2025-12-31,2025-12-31 12:25:00,1584.91,1584.91,1584.88,1584.88,-0.0,11.6,18039.56,-1
2025-12-31,2025-12-31 12:26:00,1584.88,1584.88,1584.85,1584.85,-0.0,11.6,18039.56,-1
2025-12-31,2025-12-31 12:27:00,1584.85,1584.85,1584.81,1584.81,-0.0,11.6,18039.56,-1
2025-12-31,2025-12-31 12:28:00,1584.81,1584.81,1584.78,1584.78,-0.0,11.6,18039.56,-1
2025-12-31,2025-12-31 12:29:00,1584.78,1584.78,1584.75,1584.75,-0.0,11.6,18039.56,-1
2025-12-31,2025-12-31 12:30:00,1584.75,1584.75,1584.72,1584.72,-0.0,11.6,18039.56,-1
2025-12-31,2025-12-31 12:31:00,1584.72,1584.72,1584.69,1584.69,-0.0,11.6,18039.56,-1
2025-12-31,2025-12-31 12:32:00,1584.69,1584.69,1584.65,1584.65,-0.0,11.6,18039.56,-1
2025-12-31,2025-12-31 12:33:00,1584.65,1584.65,1584.62,1584.62,-0.0,11.6,18039.56,-1
2025-12-31,2025-12-31 12:34:00,1584.62,1584.62,1584.59,1584.59,-0.0,11.6,18039.56,-1
2025-12-31,2025-12-31 12:35:00,1584.59,1584.59,1584.56,1584.56,-0.0,11.6,18039.56,-1
2025-12-31,2025-12-31 12:36:00,1584.56,1584.56,1584.53,1584.53,-0.0,11.6,18039.56,-1
2025-12-31,2025-12-31 12:37:00,1584.53,1584.53,1584.5,1584.5,-0.0,11.6,18039.56,-1
2025-12-31,2025-12-31 12:38:00,1584.5,1584.5,1584.46,1584.46,-0.0,11.6,18039.56,-1
2025-12-31,2025-12-31 12:39:00,1584.46,1584.46,1584.43,1584.43,-0.0,11.6,18039.56,-1
2025-12-31,2025-12-31 12:40:00,1584.43,1584.43,1584.4,1584.4,-0.0,11.6,18039.56,-1
2025-12-31,2025-12-31 12:41:00,1584.4,1584.4,1584.37,1584.37,-0.0,11.6,18039.56,-1
2025-12-31,2025-12-31 12:42:00,1584.37,1584.37,1584.34,1584.34,-0.0,11.6,18039.56,-1
2025-12-31,2025-12-31 12:43:00,1584.34,1584.34,1584.31,1584.31,-0.0,11.6,18039.56,-1
2025-12-31,2025-12-31 12:44:00,1584.31,1584.31,1584.27,1584.27,-0.0,11.6,18039.56,-1
2025-12-31,2025-12-31 12:45:00,1584.27,1584.27,1584.24,1584.24,-0.0,11.6,18039.56,-1
2025-12-31,2025-12-31 12:46:00,1584.24,1584.24,1584.21,1584.21,-0.0,11.6,18039.56,-1
2025-12-31,2025-12-31 12:47:00,1584.21,1584.21,1584.18,1584.18,-0.0,11.6,18039.56,-1
2025-12-31,2025-12-31 12:48:00,1584.18,1584.18,1584.15,1584.15,-0.0,11.6,18039.56,-1
2025-12-31,2025-12-31 12:49:00,1584.15,1584.15,1584.12,1584.12,-0.0,11.6,18039.56,-1
2025-12-31,2025-12-31 12:50:00,1584.12,1584.12,1584.09,1584.09,-0.0,11.6,18039.56,-1
2025-12-31,2025-12-31 12:51:00,1584.09,1584.09,1584.05,1584.05,-0.0,11.6,18039.56,-1
2025-12-31,2025-12-31 12:52:00,1584.05,1584.05,1584.02,1584.02,-0.0,11.6,18039.56,-1
2025-12-31,2025-12-31 12:53:00,1584.02,1584.02,1583.99,1583.99,-0.0,11.6,18039.56,-1
2025-12-31,2025-12-31 12:54:00,1583.99,1583.99,1583.96,1583.96,-0.0,11.6,18039.56,-1
2025-12-31,2025-12-31 12:55:00,1583.96,1583.96,1583.93,1583.93,-0.0,11.6,18039.56,-1
2025-12-31,2025-12-31 12:56:00,1583.93,1583.93,1583.89,1583.89,-0.0,11.6,18039.56,-1
2025-12-31,2025-12-31 12:57:00,1583.89,1583.89,1583.86,1583.86,-0.0,11.6,18039.56,-1
2025-12-31,2025-12-31 12:58:00,1583.86,1583.86,1583.83,1583.83,-0.0,11.6,18039.56,-1
2025-12-31,2025-12-31 12:59:00,1583.83,1583.83,1583.8,1583.8,-0.0,11.6,18039.56,-1
2025-12-31,2025-12-31 13:00:00,1583.8,1587.6,1528.0,1583.77,-0.0,11.6,18039.56,-1
2025-12-31,2025-12-31 13:01:00,1583.77,1583.77,1583.74,1583.74,-0.0,11.6,18039.56,-1
2025-12-31,2025-12-31 13:02:00,1583.74,1583.74,1583.7,1583.7,-0.0,11.6,18039.56,-1
2025-12-31,2025-12-31 13:03:00,1583.7,1583.7,1583.67,1583.67,-0.0,11.6,18039.56,-1
2025-12-31,2025-12-31 13:04:00,1583.67,1583.67,1583.64,1583.64,-0.0,11.6,18039.56,-1
2025-12-31,2025-12-31 13:05:00,1583.64,1583.64,1583.61,1583.61,-0.0,11.6,18039.56,-1
2025-12-31,2025-12-31 13:06:00,1583.61,1583.61,1583.58,1583.58,-0.0,11.6,18039.56,-1
2025-12-31,2025-12-31 13:07:00,1583.58,1583.58,1583.55,1583.55,-0.0,11.6,18039.56,-1
2025-12-31,2025-12-31 13:08:00,1583.55,1583.55,1583.51,1583.51,-0.0,11.6,18039.56,-1
2025-12-31,2025-12-31 13:09:00,1583.51,1583.51,1583.48,1583.48,-0.0,11.6,18039.56,-1
2025-12-31,2025-12-31 13:10:00,1583.48,1583.48,1583.45,1583.45,-0.0,11.6,18039.56,-1
2025-12-31,2025-12-31 13:11:00,1583.45,1583.45,1583.42,1583.42,-0.0,11.6,18039.56,-1
2025-12-31,2025-12-31 13:12:00,1583.42,1583.42,1583.39,1583.39,-0.0,11.6,18039.56,-1
2025-12-31,2025-12-31 13:13:00,1583.39,1583.39,1583.36,1583.36,-0.0,11.6,18039.56,-1
2025-12-31,2025-12-31 13:14:00,1583.36,1583.36,1583.33,1583.33,-0.0,11.6,18039.56,-1
2025-12-31,2025-12-31 13:15:00,1583.33,1583.33,1583.29,1583.29,-0.0,11.6,18039.56,-1
2025-12-31,2025-12-31 13:16:00,1583.29,1583.29,1583.26,1583.26,-0.0,11.6,18039.56,-1
2025-12-31,2025-12-31 13:17:00,1583.26,1583.26,1583.23,1583.23,-0.0,11.6,18039.56,-1
2025-12-31,2025-12-31 13:18:00,1583.23,1583.23,1583.2,1583.2,-0.0,11.6,18039.56,-1
2025-12-31,2025-12-31 13:19:00,1583.2,1583.2,1583.17,1583.17,-0.0,11.6,18039.56,-1
2025-12-31,2025-12-31 13:20:00,1583.17,1583.17,1583.13,1583.13,-0.0,11.6,18039.56,-1
2025-12-31,2025-12-31 13:21:00,1583.13,1583.13,1583.1,1583.1,-0.0,11.6,18039.56,-1
2025-12-31,2025-12-31 13:22:00,1583.1,1583.1,1583.07,1583.07,-0.0,11.6,18039.56,-1
2025-12-31,2025-12-31 13:23:00,1583.07,1583.07,1583.04,1583.04,-0.0,11.6,18039.56,-1
2025-12-31,2025-12-31 13:24:00,1583.04,1583.04,1583.01,1583.01,-0.0,11.6,18039.56,-1
2025-12-31,2025-12-31 13:25:00,1583.01,1583.01,1582.98,1582.98,-0.0,11.6,18039.56,-1
2025-12-31,2025-12-31 13:26:00,1582.98,1582.98,1582.94,1582.94,-0.0,11.6,18039.56,-1
2025-12-31,2025-12-31 13:27:00,1582.94,1582.94,1582.91,1582.91,-0.0,11.6,18039.56,-1
2025-12-31,2025-12-31 13:28:00,1582.91,1582.91,1582.88,1582.88,-0.0,11.6,18039.56,-1
2025-12-31,2025-12-31 13:29:00,1582.88,1582.88,1582.85,1582.85,-0.0,11.6,18039.56,-1
2025-12-31,2025-12-31 13:30:00,1582.85,1582.85,1582.82,1582.82,-0.0,11.6,18039.56,-1
2025-12-31,2025-12-31 13:31:00,1582.82,1582.82,1582.79,1582.79,-0.0,11.6,18039.56,-1
2025-12-31,2025-12-31 13:32:00,1582.79,1582.79,1582.75,1582.75,-0.0,11.6,18039.56,-1
2025-12-31,2025-12-31 13:33:00,1582.75,1582.75,1582.72,1582.72,-0.0,11.6,18039.56,-1
2025-12-31,2025-12-31 13:34:00,1582.72,1582.72,1582.69,1582.69,-0.0,11.6,18039.56,-1
2025-12-31,2025-12-31 13:35:00,1582.69,1582.69,1582.66,1582.66,-0.0,11.6,18039.56,-1
2025-12-31,2025-12-31 13:36:00,1582.66,1582.66,1582.63,1582.63,-0.0,11.6,18039.56,-1
2025-12-31,2025-12-31 13:37:00,1582.63,1582.63,1582.6,1582.6,-0.0,11.6,18039.56,-1
2025-12-31,2025-12-31 13:38:00,1582.6,1582.6,1582.57,1582.57,-0.0,11.6,18039.56,-1
2025-12-31,2025-12-31 13:39:00,1582.57,1582.57,1582.53,1582.53,-0.0,11.6,18039.56,-1
2025-12-31,2025-12-31 13:40:00,1582.53,1582.53,1582.5,1582.5,-0.0,11.6,18039.56,-1
2025-12-31,2025-12-31 13:41:00,1582.5,1582.5,1582.47,1582.47,-0.0,11.6,18039.56,-1
2025-12-31,2025-12-31 13:42:00,1582.47,1582.47,1582.44,1582.44,-0.0,11.6,18039.56,-1
2025-12-31,2025-12-31 13:43:00,1582.44,1582.44,1582.41,1582.41,-0.0,11.6,18039.56,-1
2025-12-31,2025-12-31 13:44:00,1582.41,1582.41,1582.38,1582.38,-0.0,11.6,18039.56,-1
2025-12-31,2025-12-31 13:45:00,1582.38,1582.38,1582.34,1582.34,-0.0,11.6,18039.56,-1
2025-12-31,2025-12-31 13:46:00,1582.34,1582.34,1582.31,1582.31,-0.0,11.6,18039.56,-1
2025-12-31,2025-12-31 13:47:00,1582.31,1582.31,1582.28,1582.28,-0.0,11.6,18039.56,-1
2025-12-31,2025-12-31 13:48:00,1582.28,1582.28,1582.25,1582.25,-0.0,11.6,18039.56,-1
2025-12-31,2025-12-31 13:49:00,1582.25,1582.25,1582.22,1582.22,-0.0,11.6,18039.56,-1
2025-12-31,2025-12-31 13:50:00,1582.22,1582.22,1582.18,1582.18,-0.0,11.6,18039.56,-1
2025-12-31,2025-12-31 13:51:00,1582.18,1582.18,1582.15,1582.15,-0.0,11.6,18039.56,-1
2025-12-31,2025-12-31 13:52:00,1582.15,1582.15,1582.12,1582.12,-0.0,11.6,18039.56,-1
2025-12-31,2025-12-31 13:53:00,1582.12,1582.12,1582.09,1582.09,-0.0,11.6,18039.56,-1
2025-12-31,2025-12-31 13:54:00,1582.09,1582.09,1582.06,1582.06,-0.0,11.6,18039.56,-1
2025-12-31,2025-12-31 13:55:00,1582.06,1582.06,1582.03,1582.03,-0.0,11.6,18039.56,-1
2025-12-31,2025-12-31 13:56:00,1582.03,1582.03,1581.99,1581.99,-0.0,11.6,18039.56,-1
2025-12-31,2025-12-31 13:57:00,1581.99,1581.99,1581.96,1581.96,-0.0,11.6,18039.56,-1
2025-12-31,2025-12-31 13:58:00,1581.96,1581.96,1581.93,1581.93,-0.0,11.6,18039.56,-1
2025-12-31,2025-12-31 13:59:00,1581.93,1581.93,1581.9,1581.9,-0.0,11.6,18039.56,-1
2025-12-31,2025-12-31 14:00:00,1581.9,1581.9,1581.87,1581.87,-0.0,11.6,18039.56,-1
2025-12-31,2025-12-31 14:01:00,1581.87,1581.87,1581.84,1581.84,-0.0,11.6,18039.56,-1
2025-12-31,2025-12-31 14:02:00,1581.84,1581.84,1581.81,1581.81,-0.0,11.6,18039.56,-1
2025-12-31,2025-12-31 14:03:00,1581.81,1581.81,1581.77,1581.77,-0.0,11.6,18039.56,-1
2025-12-31,2025-12-31 14:04:00,1581.77,1581.77,1581.74,1581.74,-0.0,11.6,18039.56,-1
2025-12-31,2025-12-31 14:05:00,1581.74,1581.74,1581.71,1581.71,-0.0,11.6,18039.56,-1
2025-12-31,2025-12-31 14:06:00,1581.71,1581.71,1581.68,1581.68,-0.0,11.6,18039.56,-1
2025-12-31,2025-12-31 14:07:00,1581.68,1581.68,1581.65,1581.65,-0.0,11.6,18039.56,-1
2025-12-31,2025-12-31 14:08:00,1581.65,1581.65,1581.62,1581.62,-0.0,11.6,18039.56,-1
2025-12-31,2025-12-31 14:09:00,1581.62,1581.62,1581.58,1581.58,-0.0,11.6,18039.56,-1
2025-12-31,2025-12-31 14:10:00,1581.58,1581.58,1581.55,1581.55,-0.0,11.6,18039.56,-1
2025-12-31,2025-12-31 14:11:00,1581.55,1581.55,1581.52,1581.52,-0.0,11.6,18039.56,-1
2025-12-31,2025-12-31 14:12:00,1581.52,1581.52,1581.49,1581.49,-0.0,11.6,18039.56,-1
2025-12-31,2025-12-31 14:13:00,1581.49,1581.49,1581.46,1581.46,-0.0,11.6,18039.56,-1
2025-12-31,2025-12-31 14:14:00,1581.46,1581.46,1581.42,1581.42,-0.0,11.6,18039.56,-1
2025-12-31,2025-12-31 14:15:00,1581.42,1581.42,1581.39,1581.39,-0.0,11.6,18039.56,-1
2025-12-31,2025-12-31 14:16:00,1581.39,1581.39,1581.36,1581.36,-0.0,11.6,18039.56,-1
2025-12-31,2025-12-31 14:17:00,1581.36,1581.36,1581.33,1581.33,-0.0,11.6,18039.56,-1
2025-12-31,2025-12-31 14:18:00,1581.33,1581.33,1581.3,1581.3,-0.0,11.6,18039.56,-1
2025-12-31,2025-12-31 14:19:00,1581.3,1581.3,1581.27,1581.27,-0.0,11.6,18039.56,-1
2025-12-31,2025-12-31 14:20:00,1581.27,1581.27,1581.23,1581.23,-0.0,11.6,18039.56,-1
2025-12-31,2025-12-31 14:21:00,1581.23,1581.23,1581.2,1581.2,-0.0,11.6,18039.56,-1
2025-12-31,2025-12-31 14:22:00,1581.2,1581.2,1581.17,1581.17,-0.0,11.6,18039.56,-1
2025-12-31,2025-12-31 14:23:00,1581.17,1581.17,1581.14,1581.14,-0.0,11.6,18039.56,-1
2025-12-31,2025-12-31 14:24:00,1581.14,1581.14,1581.11,1581.11,-0.0,11.6,18039.56,-1
2025-12-31,2025-12-31 14:25:00,1581.11,1581.11,1581.08,1581.08,-0.0,11.6,18039.56,-1
2025-12-31,2025-12-31 14:26:00,1581.08,1581.08,1581.05,1581.05,-0.0,11.6,18039.56,-1
2025-12-31,2025-12-31 14:27:00,1581.05,1581.05,1581.01,1581.01,-0.0,11.6,18039.56,-1
2025-12-31,2025-12-31 14:28:00,1581.01,1581.01,1580.98,1580.98,-0.0,11.6,18039.56,-1
2025-12-31,2025-12-31 14:29:00,1580.98,1580.98,1580.95,1580.95,-0.0,11.6,18039.56,-1
2025-12-31,2025-12-31 14:30:00,1580.95,1580.95,1580.92,1580.92,-0.0,11.6,18039.56,-1
2025-12-31,2025-12-31 14:31:00,1580.92,1580.92,1580.89,1580.89,-0.0,11.6,18039.56,-1
2025-12-31,2025-12-31 14:32:00,1580.89,1580.89,1580.86,1580.86,-0.0,11.6,18039.56,-1
2025-12-31,2025-12-31 14:33:00,1580.86,1580.86,1580.82,1580.82,-0.0,11.6,18039.56,-1
2025-12-31,2025-12-31 14:34:00,1580.82,1580.82,1580.79,1580.79,-0.0,11.6,18039.56,-1
2025-12-31,2025-12-31 14:35:00,1580.79,1580.79,1580.76,1580.76,-0.0,11.6,18039.56,-1
2025-12-31,2025-12-31 14:36:00,1580.76,1580.76,1580.73,1580.73,-0.0,11.6,18039.56,-1
2025-12-31,2025-12-31 14:37:00,1580.73,1580.73,1580.7,1580.7,-0.0,11.6,18039.56,-1
2025-12-31,2025-12-31 14:38:00,1580.7,1580.7,1580.66,1580.66,-0.0,11.6,18039.56,-1
2025-12-31,2025-12-31 14:39:00,1580.66,1580.66,1580.63,1580.63,-0.0,11.6,18039.56,-1
2025-12-31,2025-12-31 14:40:00,1580.63,1580.63,1580.6,1580.6,-0.0,11.6,18039.56,-1
2025-12-31,2025-12-31 14:41:00,1580.6,1580.6,1580.57,1580.57,-0.0,11.6,18039.56,-1
2025-12-31,2025-12-31 14:42:00,1580.57,1580.57,1580.54,1580.54,-0.0,11.6,18039.56,-1
2025-12-31,2025-12-31 14:43:00,1580.54,1580.54,1580.51,1580.51,-0.0,11.6,18039.56,-1
2025-12-31,2025-12-31 14:44:00,1580.51,1580.51,1580.47,1580.47,-0.0,11.6,18039.56,-1
2025-12-31,2025-12-31 14:45:00,1580.47,1580.47,1580.44,1580.44,-0.0,11.6,18039.56,-1
2025-12-31,2025-12-31 14:46:00,1580.44,1580.44,1580.41,1580.41,-0.0,11.6,18039.56,-1
2025-12-31,2025-12-31 14:47:00,1580.41,1580.41,1580.38,1580.38,-0.0,11.6,18039.56,-1
2025-12-31,2025-12-31 14:48:00,1580.38,1580.38,1580.35,1580.35,-0.0,11.6,18039.56,-1
2025-12-31,2025-12-31 14:49:00,1580.35,1580.35,1580.32,1580.32,-0.0,11.6,18039.56,-1
2025-12-31,2025-12-31 14:50:00,1580.32,1580.32,1580.29,1580.29,-0.0,11.6,18039.56,-1
2025-12-31,2025-12-31 14:51:00,1580.29,1580.29,1580.25,1580.25,-0.0,11.6,18039.56,-1
2025-12-31,2025-12-31 14:52:00,1580.25,1580.25,1580.22,1580.22,-0.0,11.6,18039.56,-1
2025-12-31,2025-12-31 14:53:00,1580.22,1580.22,1580.19,1580.19,-0.0,11.6,18039.56,-1
2025-12-31,2025-12-31 14:54:00,1580.19,1580.19,1580.16,1580.16,-0.0,11.6,18039.56,-1
2025-12-31,2025-12-31 14:55:00,1580.16,1580.16,1580.13,1580.13,-0.0,11.6,18039.56,-1
2025-12-31,2025-12-31 14:56:00,1580.13,1580.13,1580.1,1580.1,-0.0,11.6,18039.56,-1
2025-12-31,2025-12-31 14:57:00,1580.1,1580.1,1580.06,1580.06,-0.0,11.6,18039.56,-1
2025-12-31,2025-12-31 14:58:00,1580.06,1580.06,1580.03,1580.03,-0.0,11.6,18039.56,-1
2025-12-31,2025-12-31 14:59:00,1580.03,1580.03,1580.0,1580.0,-0.0,11.6,18039.56,-1
2025-12-31,2025-12-31 15:00:00,1580.0,1587.6,1528.0,1580.0,0.0,11.6,18039.56,0
2026-01-01,2026-01-01 11:00:00,1548.4,1575.88,1541.98,1548.78,0.02,17.02,26561.44,1
2026-01-01,2026-01-01 11:01:00,1548.78,1549.16,1548.78,1549.16,0.02,17.02,26561.44,1
2026-01-01,2026-01-01 11:02:00,1549.16,1549.53,1549.16,1549.53,0.02,17.02,26561.44,1
2026-01-01,2026-01-01 11:03:00,1549.53,1549.91,1549.53,1549.91,0.02,17.02,26561.44,1
2026-01-01,2026-01-01 11:04:00,1549.91,1550.29,1549.91,1550.29,0.02,17.02,26561.44,1
2026-01-01,2026-01-01 11:05:00,1550.29,1550.67,1550.29,1550.67,0.02,17.02,26561.44,1
2026-01-01,2026-01-01 11:06:00,1550.67,1551.04,1550.67,1551.04,0.02,17.02,26561.44,1
2026-01-01,2026-01-01 11:07:00,1551.04,1551.42,1551.04,1551.42,0.02,17.02,26561.44,1
2026-01-01,2026-01-01 11:08:00,1551.42,1551.8,1551.42,1551.8,0.02,17.02,26561.44,1
2026-01-01,2026-01-01 11:09:00,1551.8,1552.18,1551.8,1552.18,0.02,17.02,26561.44,1
2026-01-01,2026-01-01 11:10:00,1552.18,1552.55,1552.18,1552.55,0.02,17.02,26561.44,1
2026-01-01,2026-01-01 11:11:00,1552.55,1552.93,1552.55,1552.93,0.02,17.02,26561.44,1
2026-01-01,2026-01-01 11:12:00,1552.93,1553.31,1552.93,1553.31,0.02,17.02,26561.44,1
2026-01-01,2026-01-01 11:13:00,1553.31,1553.69,1553.31,1553.69,0.02,17.02,26561.44,1
2026-01-01,2026-01-01 11:14:00,1553.69,1554.06,1553.69,1554.06,0.02,17.02,26561.44,1
2026-01-01,2026-01-01 11:15:00,1554.06,1554.44,1554.06,1554.44,0.02,17.02,26561.44,1
2026-01-01,2026-01-01 11:16:00,1554.44,1554.82,1554.44,1554.82,0.02,17.02,26561.44,1
2026-01-01,2026-01-01 11:17:00,1554.82,1555.2,1554.82,1555.2,0.02,17.02,26561.44,1
2026-01-01,2026-01-01 11:18:00,1555.2,1555.57,1555.2,1555.57,0.02,17.02,26561.44,1
2026-01-01,2026-01-01 11:19:00,1555.57,1555.95,1555.57,1555.95,0.02,17.02,26561.44,1
2026-01-01,2026-01-01 11:20:00,1555.95,1556.33,1555.95,1556.33,0.02,17.02,26561.44,1
2026-01-01,2026-01-01 11:21:00,1556.33,1556.71,1556.33,1556.71,0.02,17.02,26561.44,1
2026-01-01,2026-01-01 11:22:00,1556.71,1557.08,1556.71,1557.08,0.02,17.02,26561.44,1
2026-01-01,2026-01-01 11:23:00,1557.08,1557.46,1557.08,1557.46,0.02,17.02,26561.44,1
2026-01-01,2026-01-01 11:24:00,1557.46,1557.84,1557.46,1557.84,0.02,17.02,26561.44,1
2026-01-01,2026-01-01 11:25:00,1557.84,1558.22,1557.84,1558.22,0.02,17.02,26561.44,1
2026-01-01,2026-01-01 11:26:00,1558.22,1558.59,1558.22,1558.59,0.02,17.02,26561.44,1
2026-01-01,2026-01-01 11:27:00,1558.59,1558.97,1558.59,1558.97,0.02,17.02,26561.44,1
2026-01-01,2026-01-01 11:28:00,1558.97,1559.35,1558.97,1559.35,0.02,17.02,26561.44,1
2026-01-01,2026-01-01 11:29:00,1559.35,1559.73,1559.35,1559.73,0.02,17.02,26561.44,1
2026-01-01,2026-01-01 11:30:00,1559.73,1560.1,1559.73,1560.1,0.02,17.02,26561.44,1
2026-01-01,2026-01-01 11:31:00,1560.1,1560.48,1560.1,1560.48,0.02,17.02,26561.44,1
2026-01-01,2026-01-01 11:32:00,1560.48,1560.86,1560.48,1560.86,0.02,17.02,26561.44,1
2026-01-01,2026-01-01 11:33:00,1560.86,1561.24,1560.86,1561.24,0.02,17.02,26561.44,1
2026-01-01,2026-01-01 11:34:00,1561.24,1561.61,1561.24,1561.61,0.02,17.02,26561.44,1
2026-01-01,2026-01-01 11:35:00,1561.61,1561.99,1561.61,1561.99,0.02,17.02,26561.44,1
2026-01-01,2026-01-01 11:36:00,1561.99,1562.37,1561.99,1562.37,0.02,17.02,26561.44,1
2026-01-01,2026-01-01 11:37:00,1562.37,1562.75,1562.37,1562.75,0.02,17.02,26561.44,1
2026-01-01,2026-01-01 11:38:00,1562.75,1563.12,1562.75,1563.12,0.02,17.02,26561.44,1
2026-01-01,2026-01-01 11:39:00,1563.12,1563.5,1563.12,1563.5,0.02,17.02,26561.44,1
2026-01-01,2026-01-01 11:40:00,1563.5,1563.88,1563.5,1563.88,0.02,17.02,26561.44,1
2026-01-01,2026-01-01 11:41:00,1563.88,1564.26,1563.88,1564.26,0.02,17.02,26561.44,1
2026-01-01,2026-01-01 11:42:00,1564.26,1564.63,1564.26,1564.63,0.02,17.02,26561.44,1
2026-01-01,2026-01-01 11:43:00,1564.63,1565.01,1564.63,1565.01,0.02,17.02,26561.44,1
2026-01-01,2026-01-01 11:44:00,1565.01,1565.39,1565.01,1565.39,0.02,17.02,26561.44,1
2026-01-01,2026-01-01 11:45:00,1565.39,1565.77,1565.39,1565.77,0.02,17.02,26561.44,1
2026-01-01,2026-01-01 11:46:00,1565.77,1566.14,1565.77,1566.14,0.02,17.02,26561.44,1
2026-01-01,2026-01-01 11:47:00,1566.14,1566.52,1566.14,1566.52,0.02,17.02,26561.44,1
2026-01-01,2026-01-01 11:48:00,1566.52,1566.9,1566.52,1566.9,0.02,17.02,26561.44,1
2026-01-01,2026-01-01 11:49:00,1566.9,1567.28,1566.9,1567.28,0.02,17.02,26561.44,1
2026-01-01,2026-01-01 11:50:00,1567.28,1567.65,1567.28,1567.65,0.02,17.02,26561.44,1
2026-01-01,2026-01-01 11:51:00,1567.65,1568.03,1567.65,1568.03,0.02,17.02,26561.44,1
2026-01-01,2026-01-01 11:52:00,1568.03,1568.41,1568.03,1568.41,0.02,17.02,26561.44,1
2026-01-01,2026-01-01 11:53:00,1568.41,1568.79,1568.41,1568.79,0.02,17.02,26561.44,1
2026-01-01,2026-01-01 11:54:00,1568.79,1569.16,1568.79,1569.16,0.02,17.02,26561.44,1
2026-01-01,2026-01-01 11:55:00,1569.16,1569.54,1569.16,1569.54,0.02,17.02,26561.44,1
2026-01-01,2026-01-01 11:56:00,1569.54,1569.92,1569.54,1569.92,0.02,17.02,26561.44,1
2026-01-01,2026-01-01 11:57:00,1569.92,1570.3,1569.92,1570.3,0.02,17.02,26561.44,1
2026-01-01,2026-01-01 11:58:00,1570.3,1570.67,1570.3,1570.67,0.02,17.02,26561.44,1
2026-01-01,2026-01-01 11:59:00,1570.67,1571.05,1570.67,1571.05,0.02,17.02,26561.44,1
2026-01-01,2026-01-01 12:00:00,1571.05,1571.43,1571.05,1571.43,0.02,17.02,26561.44,1
2026-01-01,2026-01-01 12:01:00,1571.43,1571.81,1571.43,1571.81,0.02,17.02,26561.44,1
2026-01-01,2026-01-01 12:02:00,1571.81,1572.18,1571.81,1572.18,0.02,17.02,26561.44,1
2026-01-01,2026-01-01 12:03:00,1572.18,1572.56,1572.18,1572.56,0.02,17.02,26561.44,1
2026-01-01,2026-01-01 12:04:00,1572.56,1572.94,1572.56,1572.94,0.02,17.02,26561.44,1
2026-01-01,2026-01-01 12:05:00,1572.94,1573.32,1572.94,1573.32,0.02,17.02,26561.44,1
2026-01-01,2026-01-01 12:06:00,1573.32,1573.69,1573.32,1573.69,0.02,17.02,26561.44,1
2026-01-01,2026-01-01 12:07:00,1573.69,1574.07,1573.69,1574.07,0.02,17.02,26561.44,1
2026-01-01,2026-01-01 12:08:00,1574.07,1574.45,1574.07,1574.45,0.02,17.02,26561.44,1
2026-01-01,2026-01-01 12:09:00,1574.45,1574.83,1574.45,1574.83,0.02,17.02,26561.44,1
2026-01-01,2026-01-01 12:10:00,1574.83,1575.2,1574.83,1575.2,0.02,17.02,26561.44,1
2026-01-01,2026-01-01 12:11:00,1575.2,1575.58,1575.2,1575.58,0.02,17.02,26561.44,1
2026-01-01,2026-01-01 12:12:00,1575.58,1575.96,1575.58,1575.96,0.02,17.02,26561.44,1
2026-01-01,2026-01-01 12:13:00,1575.96,1576.34,1575.96,1576.34,0.02,17.02,26561.44,1
2026-01-01,2026-01-01 12:14:00,1576.34,1576.71,1576.34,1576.71,0.02,17.02,26561.44,1
2026-01-01,2026-01-01 12:15:00,1576.71,1577.09,1576.71,1577.09,0.02,17.02,26561.44,1
2026-01-01,2026-01-01 12:16:00,1577.09,1577.47,1577.09,1577.47,0.02,17.02,26561.44,1
2026-01-01,2026-01-01 12:17:00,1577.47,1577.85,1577.47,1577.85,0.02,17.02,26561.44,1
2026-01-01,2026-01-01 12:18:00,1577.85,1578.22,1577.85,1578.22,0.02,17.02,26561.44,1
2026-01-01,2026-01-01 12:19:00,1578.22,1578.6,1578.22,1578.6,0.02,17.02,26561.44,1
2026-01-01,2026-01-01 12:20:00,1578.6,1578.98,1578.6,1578.98,0.02,17.02,26561.44,1
2026-01-01,2026-01-01 12:21:00,1578.98,1579.36,1578.98,1579.36,0.02,17.02,26561.44,1
2026-01-01,2026-01-01 12:22:00,1579.36,1579.73,1579.36,1579.73,0.02,17.02,26561.44,1
2026-01-01,2026-01-01 12:23:00,1579.73,1580.11,1579.73,1580.11,0.02,17.02,26561.44,1
2026-01-01,2026-01-01 12:24:00,1580.11,1580.49,1580.11,1580.49,0.02,17.02,26561.44,1
2026-01-01,2026-01-01 12:25:00,1580.49,1580.87,1580.49,1580.87,0.02,17.02,26561.44,1
2026-01-01,2026-01-01 12:26:00,1580.87,1581.24,1580.87,1581.24,0.02,17.02,26561.44,1
2026-01-01,2026-01-01 12:27:00,1581.24,1581.62,1581.24,1581.62,0.02,17.02,26561.44,1
2026-01-01,2026-01-01 12:28:00,1581.62,1582.0,1581.62,1582.0,0.02,17.02,26561.44,1
2026-01-01,2026-01-01 12:29:00,1582.0,1582.38,1582.0,1582.38,0.02,17.02,26561.44,1
2026-01-01,2026-01-01 12:30:00,1582.38,1582.75,1582.38,1582.75,0.02,17.02,26561.44,1
2026-01-01,2026-01-01 12:31:00,1582.75,1583.13,1582.75,1583.13,0.02,17.02,26561.44,1
2026-01-01,2026-01-01 12:32:00,1583.13,1583.51,1583.13,1583.51,0.02,17.02,26561.44,1
2026-01-01,2026-01-01 12:33:00,1583.51,1583.88,1583.51,1583.88,0.02,17.02,26561.44,1
2026-01-01,2026-01-01 12:34:00,1583.88,1584.26,1583.88,1584.26,0.02,17.02,26561.44,1
2026-01-01,2026-01-01 12:35:00,1584.26,1584.64,1584.26,1584.64,0.02,17.02,26561.44,1
2026-01-01,2026-01-01 12:36:00,1584.64,1585.02,1584.64,1585.02,0.02,17.02,26561.44,1
2026-01-01,2026-01-01 12:37:00,1585.02,1585.39,1585.02,1585.39,0.02,17.02,26561.44,1
2026-01-01,2026-01-01 12:38:00,1585.39,1585.77,1585.39,1585.77,0.02,17.02,26561.44,1
2026-01-01,2026-01-01 12:39:00,1585.77,1586.15,1585.77,1586.15,0.02,17.02,26561.44,1
2026-01-01,2026-01-01 12:40:00,1586.15,1586.53,1586.15,1586.53,0.02,17.02,26561.44,1
2026-01-01,2026-01-01 12:41:00,1586.53,1586.9,1586.53,1586.9,0.02,17.02,26561.44,1
2026-01-01,2026-01-01 12:42:00,1586.9,1587.28,1586.9,1587.28,0.02,17.02,26561.44,1
2026-01-01,2026-01-01 12:43:00,1587.28,1587.66,1587.28,1587.66,0.02,17.02,26561.44,1
2026-01-01,2026-01-01 12:44:00,1587.66,1588.04,1587.66,1588.04,0.02,17.02,26561.44,1
2026-01-01,2026-01-01 12:45:00,1588.04,1588.41,1588.04,1588.41,0.02,17.02,26561.44,1
2026-01-01,2026-01-01 12:46:00,1588.41,1588.79,1588.41,1588.79,0.02,17.02,26561.44,1
2026-01-01,2026-01-01 12:47:00,1588.79,1589.17,1588.79,1589.17,0.02,17.02,26561.44,1
2026-01-01,2026-01-01 12:48:00,1589.17,1589.55,1589.17,1589.55,0.02,17.02,26561.44,1
2026-01-01,2026-01-01 12:49:00,1589.55,1589.92,1589.55,1589.92,0.02,17.02,26561.44,1
2026-01-01,2026-01-01 12:50:00,1589.92,1590.3,1589.92,1590.3,0.02,17.02,26561.44,1
2026-01-01,2026-01-01 12:51:00,1590.3,1590.68,1590.3,1590.68,0.02,17.02,26561.44,1
2026-01-01,2026-01-01 12:52:00,1590.68,1591.06,1590.68,1591.06,0.02,17.02,26561.44,1
2026-01-01,2026-01-01 12:53:00,1591.06,1591.43,1591.06,1591.43,0.02,17.02,26561.44,1
2026-01-01,2026-01-01 12:54:00,1591.43,1591.81,1591.43,1591.81,0.02,17.02,26561.44,1
2026-01-01,2026-01-01 12:55:00,1591.81,1592.19,1591.81,1592.19,0.02,17.02,26561.44,1
2026-01-01,2026-01-01 12:56:00,1592.19,1592.57,1592.19,1592.57,0.02,17.02,26561.44,1
2026-01-01,2026-01-01 12:57:00,1592.57,1592.94,1592.57,1592.94,0.02,17.02,26561.44,1
2026-01-01,2026-01-01 12:58:00,1592.94,1593.32,1592.94,1593.32,0.02,17.02,26561.44,1
2026-01-01,2026-01-01 12:59:00,1593.32,1593.7,1593.32,1593.7,0.02,17.02,26561.44,1
2026-01-01,2026-01-01 13:00:00,1593.7,1640.0,1527.0,1594.08,0.02,17.02,26561.44,1
2026-01-01,2026-01-01 13:01:00,1594.08,1594.45,1594.08,1594.45,0.02,17.02,26561.44,1
2026-01-01,2026-01-01 13:02:00,1594.45,1594.83,1594.45,1594.83,0.02,17.02,26561.44,1
2026-01-01,2026-01-01 13:03:00,1594.83,1595.21,1594.83,1595.21,0.02,17.02,26561.44,1
2026-01-01,2026-01-01 13:04:00,1595.21,1595.59,1595.21,1595.59,0.02,17.02,26561.44,1
2026-01-01,2026-01-01 13:05:00,1595.59,1595.97,1595.59,1595.97,0.02,17.02,26561.44,1
2026-01-01,2026-01-01 13:06:00,1595.97,1596.34,1595.97,1596.34,0.02,17.02,26561.44,1
2026-01-01,2026-01-01 13:07:00,1596.34,1596.72,1596.34,1596.72,0.02,17.02,26561.44,1
2026-01-01,2026-01-01 13:08:00,1596.72,1597.1,1596.72,1597.1,0.02,17.02,26561.44,1
2026-01-01,2026-01-01 13:09:00,1597.1,1597.48,1597.1,1597.48,0.02,17.02,26561.44,1
2026-01-01,2026-01-01 13:10:00,1597.48,1597.85,1597.48,1597.85,0.02,17.02,26561.44,1
2026-01-01,2026-01-01 13:11:00,1597.85,1598.23,1597.85,1598.23,0.02,17.02,26561.44,1
2026-01-01,2026-01-01 13:12:00,1598.23,1598.61,1598.23,1598.61,0.02,17.02,26561.44,1
2026-01-01,2026-01-01 13:13:00,1598.61,1598.99,1598.61,1598.99,0.02,17.02,26561.44,1
2026-01-01,2026-01-01 13:14:00,1598.99,1599.36,1598.99,1599.36,0.02,17.02,26561.44,1
2026-01-01,2026-01-01 13:15:00,1599.36,1599.74,1599.36,1599.74,0.02,17.02,26561.44,1
2026-01-01,2026-01-01 13:16:00,1599.74,1600.12,1599.74,1600.12,0.02,17.02,26561.44,1
2026-01-01,2026-01-01 13:17:00,1600.12,1600.5,1600.12,1600.5,0.02,17.02,26561.44,1
2026-01-01,2026-01-01 13:18:00,1600.5,1600.87,1600.5,1600.87,0.02,17.02,26561.44,1
2026-01-01,2026-01-01 13:19:00,1600.87,1601.25,1600.87,1601.25,0.02,17.02,26561.44,1
2026-01-01,2026-01-01 13:20:00,1601.25,1601.63,1601.25,1601.63,0.02,17.02,26561.44,1
2026-01-01,2026-01-01 13:21:00,1601.63,1602.01,1601.63,1602.01,0.02,17.02,26561.44,1
2026-01-01,2026-01-01 13:22:00,1602.01,1602.38,1602.01,1602.38,0.02,17.02,26561.44,1
2026-01-01,2026-01-01 13:23:00,1602.38,1602.76,1602.38,1602.76,0.02,17.02,26561.44,1
2026-01-01,2026-01-01 13:24:00,1602.76,1603.14,1602.76,1603.14,0.02,17.02,26561.44,1
2026-01-01,2026-01-01 13:25:00,1603.14,1603.52,1603.14,1603.52,0.02,17.02,26561.44,1
2026-01-01,2026-01-01 13:26:00,1603.52,1603.89,1603.52,1603.89,0.02,17.02,26561.44,1
2026-01-01,2026-01-01 13:27:00,1603.89,1604.27,1603.89,1604.27,0.02,17.02,26561.44,1
2026-01-01,2026-01-01 13:28:00,1604.27,1604.65,1604.27,1604.65,0.02,17.02,26561.44,1
2026-01-01,2026-01-01 13:29:00,1604.65,1605.03,1604.65,1605.03,0.02,17.02,26561.44,1
2026-01-01,2026-01-01 13:30:00,1605.03,1605.4,1605.03,1605.4,0.02,17.02,26561.44,1
2026-01-01,2026-01-01 13:31:00,1605.4,1605.78,1605.4,1605.78,0.02,17.02,26561.44,1
2026-01-01,2026-01-01 13:32:00,1605.78,1606.16,1605.78,1606.16,0.02,17.02,26561.44,1
2026-01-01,2026-01-01 13:33:00,1606.16,1606.54,1606.16,1606.54,0.02,17.02,26561.44,1
2026-01-01,2026-01-01 13:34:00,1606.54,1606.91,1606.54,1606.91,0.02,17.02,26561.44,1
2026-01-01,2026-01-01 13:35:00,1606.91,1607.29,1606.91,1607.29,0.02,17.02,26561.44,1
2026-01-01,2026-01-01 13:36:00,1607.29,1607.67,1607.29,1607.67,0.02,17.02,26561.44,1
2026-01-01,2026-01-01 13:37:00,1607.67,1608.05,1607.67,1608.05,0.02,17.02,26561.44,1
2026-01-01,2026-01-01 13:38:00,1608.05,1608.42,1608.05,1608.42,0.02,17.02,26561.44,1
2026-01-01,2026-01-01 13:39:00,1608.42,1608.8,1608.42,1608.8,0.02,17.02,26561.44,1
2026-01-01,2026-01-01 13:40:00,1608.8,1609.18,1608.8,1609.18,0.02,17.02,26561.44,1
2026-01-01,2026-01-01 13:41:00,1609.18,1609.56,1609.18,1609.56,0.02,17.02,26561.44,1
2026-01-01,2026-01-01 13:42:00,1609.56,1609.93,1609.56,1609.93,0.02,17.02,26561.44,1
2026-01-01,2026-01-01 13:43:00,1609.93,1610.31,1609.93,1610.31,0.02,17.02,26561.44,1
2026-01-01,2026-01-01 13:44:00,1610.31,1610.69,1610.31,1610.69,0.02,17.02,26561.44,1
2026-01-01,2026-01-01 13:45:00,1610.69,1611.07,1610.69,1611.07,0.02,17.02,26561.44,1
2026-01-01,2026-01-01 13:46:00,1611.07,1611.44,1611.07,1611.44,0.02,17.02,26561.44,1
2026-01-01,2026-01-01 13:47:00,1611.44,1611.82,1611.44,1611.82,0.02,17.02,26561.44,1
2026-01-01,2026-01-01 13:48:00,1611.82,1612.2,1611.82,1612.2,0.02,17.02,26561.44,1
2026-01-01,2026-01-01 13:49:00,1612.2,1612.58,1612.2,1612.58,0.02,17.02,26561.44,1
2026-01-01,2026-01-01 13:50:00,1612.58,1612.95,1612.58,1612.95,0.02,17.02,26561.44,1
2026-01-01,2026-01-01 13:51:00,1612.95,1613.33,1612.95,1613.33,0.02,17.02,26561.44,1
2026-01-01,2026-01-01 13:52:00,1613.33,1613.71,1613.33,1613.71,0.02,17.02,26561.44,1
2026-01-01,2026-01-01 13:53:00,1613.71,1614.09,1613.71,1614.09,0.02,17.02,26561.44,1
2026-01-01,2026-01-01 13:54:00,1614.09,1614.46,1614.09,1614.46,0.02,17.02,26561.44,1
2026-01-01,2026-01-01 13:55:00,1614.46,1614.84,1614.46,1614.84,0.02,17.02,26561.44,1
2026-01-01,2026-01-01 13:56:00,1614.84,1615.22,1614.84,1615.22,0.02,17.02,26561.44,1
2026-01-01,2026-01-01 13:57:00,1615.22,1615.6,1615.22,1615.6,0.02,17.02,26561.44,1
2026-01-01,2026-01-01 13:58:00,1615.6,1615.97,1615.6,1615.97,0.02,17.02,26561.44,1
2026-01-01,2026-01-01 13:59:00,1615.97,1616.35,1615.97,1616.35,0.02,17.02,26561.44,1
2026-01-01,2026-01-01 14:00:00,1616.35,1616.73,1616.35,1616.73,0.02,17.02,26561.44,1
2026-01-01,2026-01-01 14:01:00,1616.73,1617.11,1616.73,1617.11,0.02,17.02,26561.44,1
2026-01-01,2026-01-01 14:02:00,1617.11,1617.48,1617.11,1617.48,0.02,17.02,26561.44,1
2026-01-01,2026-01-01 14:03:00,1617.48,1617.86,1617.48,1617.86,0.02,17.02,26561.44,1
2026-01-01,2026-01-01 14:04:00,1617.86,1618.24,1617.86,1618.24,0.02,17.02,26561.44,1
2026-01-01,2026-01-01 14:05:00,1618.24,1618.62,1618.24,1618.62,0.02,17.02,26561.44,1
2026-01-01,2026-01-01 14:06:00,1618.62,1618.99,1618.62,1618.99,0.02,17.02,26561.44,1
2026-01-01,2026-01-01 14:07:00,1618.99,1619.37,1618.99,1619.37,0.02,17.02,26561.44,1
2026-01-01,2026-01-01 14:08:00,1619.37,1619.75,1619.37,1619.75,0.02,17.02,26561.44,1
2026-01-01,2026-01-01 14:09:00,1619.75,1620.12,1619.75,1620.12,0.02,17.02,26561.44,1
2026-01-01,2026-01-01 14:10:00,1620.12,1620.5,1620.12,1620.5,0.02,17.02,26561.44,1
2026-01-01,2026-01-01 14:11:00,1620.5,1620.88,1620.5,1620.88,0.02,17.02,26561.44,1
2026-01-01,2026-01-01 14:12:00,1620.88,1621.26,1620.88,1621.26,0.02,17.02,26561.44,1
2026-01-01,2026-01-01 14:13:00,1621.26,1621.63,1621.26,1621.63,0.02,17.02,26561.44,1
2026-01-01,2026-01-01 14:14:00,1621.63,1622.01,1621.63,1622.01,0.02,17.02,26561.44,1
2026-01-01,2026-01-01 14:15:00,1622.01,1622.39,1622.01,1622.39,0.02,17.02,26561.44,1
2026-01-01,2026-01-01 14:16:00,1622.39,1622.77,1622.39,1622.77,0.02,17.02,26561.44,1
2026-01-01,2026-01-01 14:17:00,1622.77,1623.14,1622.77,1623.14,0.02,17.02,26561.44,1
2026-01-01,2026-01-01 14:18:00,1623.14,1623.52,1623.14,1623.52,0.02,17.02,26561.44,1
2026-01-01,2026-01-01 14:19:00,1623.52,1623.9,1623.52,1623.9,0.02,17.02,26561.44,1
2026-01-01,2026-01-01 14:20:00,1623.9,1624.28,1623.9,1624.28,0.02,17.02,26561.44,1
2026-01-01,2026-01-01 14:21:00,1624.28,1624.65,1624.28,1624.65,0.02,17.02,26561.44,1
2026-01-01,2026-01-01 14:22:00,1624.65,1625.03,1624.65,1625.03,0.02,17.02,26561.44,1
2026-01-01,2026-01-01 14:23:00,1625.03,1625.41,1625.03,1625.41,0.02,17.02,26561.44,1
2026-01-01,2026-01-01 14:24:00,1625.41,1625.79,1625.41,1625.79,0.02,17.02,26561.44,1
2026-01-01,2026-01-01 14:25:00,1625.79,1626.16,1625.79,1626.16,0.02,17.02,26561.44,1
2026-01-01,2026-01-01 14:26:00,1626.16,1626.54,1626.16,1626.54,0.02,17.02,26561.44,1
2026-01-01,2026-01-01 14:27:00,1626.54,1626.92,1626.54,1626.92,0.02,17.02,26561.44,1
2026-01-01,2026-01-01 14:28:00,1626.92,1627.3,1626.92,1627.3,0.02,17.02,26561.44,1
2026-01-01,2026-01-01 14:29:00,1627.3,1627.67,1627.3,1627.67,0.02,17.02,26561.44,1
2026-01-01,2026-01-01 14:30:00,1627.67,1628.05,1627.67,1628.05,0.02,17.02,26561.44,1
2026-01-01,2026-01-01 14:31:00,1628.05,1628.43,1628.05,1628.43,0.02,17.02,26561.44,1
2026-01-01,2026-01-01 14:32:00,1628.43,1628.81,1628.43,1628.81,0.02,17.02,26561.44,1
2026-01-01,2026-01-01 14:33:00,1628.81,1629.18,1628.81,1629.18,0.02,17.02,26561.44,1
2026-01-01,2026-01-01 14:34:00,1629.18,1629.56,1629.18,1629.56,0.02,17.02,26561.44,1
2026-01-01,2026-01-01 14:35:00,1629.56,1629.94,1629.56,1629.94,0.02,17.02,26561.44,1
2026-01-01,2026-01-01 14:36:00,1629.94,1630.32,1629.94,1630.32,0.02,17.02,26561.44,1
2026-01-01,2026-01-01 14:37:00,1630.32,1630.69,1630.32,1630.69,0.02,17.02,26561.44,1
2026-01-01,2026-01-01 14:38:00,1630.69,1631.07,1630.69,1631.07,0.02,17.02,26561.44,1
2026-01-01,2026-01-01 14:39:00,1631.07,1631.45,1631.07,1631.45,0.02,17.02,26561.44,1
2026-01-01,2026-01-01 14:40:00,1631.45,1631.83,1631.45,1631.83,0.02,17.02,26561.44,1
2026-01-01,2026-01-01 14:41:00,1631.83,1632.2,1631.83,1632.2,0.02,17.02,26561.44,1
2026-01-01,2026-01-01 14:42:00,1632.2,1632.58,1632.2,1632.58,0.02,17.02,26561.44,1
2026-01-01,2026-01-01 14:43:00,1632.58,1632.96,1632.58,1632.96,0.02,17.02,26561.44,1
2026-01-01,2026-01-01 14:44:00,1632.96,1633.34,1632.96,1633.34,0.02,17.02,26561.44,1
2026-01-01,2026-01-01 14:45:00,1633.34,1633.71,1633.34,1633.71,0.02,17.02,26561.44,1
2026-01-01,2026-01-01 14:46:00,1633.71,1634.09,1633.71,1634.09,0.02,17.02,26561.44,1
2026-01-01,2026-01-01 14:47:00,1634.09,1634.47,1634.09,1634.47,0.02,17.02,26561.44,1
2026-01-01,2026-01-01 14:48:00,1634.47,1634.85,1634.47,1634.85,0.02,17.02,26561.44,1
2026-01-01,2026-01-01 14:49:00,1634.85,1635.22,1634.85,1635.22,0.02,17.02,26561.44,1
2026-01-01,2026-01-01 14:50:00,1635.22,1635.6,1635.22,1635.6,0.02,17.02,26561.44,1
2026-01-01,2026-01-01 14:51:00,1635.6,1635.98,1635.6,1635.98,0.02,17.02,26561.44,1
2026-01-01,2026-01-01 14:52:00,1635.98,1636.36,1635.98,1636.36,0.02,17.02,26561.44,1
2026-01-01,2026-01-01 14:53:00,1636.36,1636.73,1636.36,1636.73,0.02,17.02,26561.44,1
2026-01-01,2026-01-01 14:54:00,1636.73,1637.11,1636.73,1637.11,0.02,17.02,26561.44,1
2026-01-01,2026-01-01 14:55:00,1637.11,1637.49,1637.11,1637.49,0.02,17.02,26561.44,1
2026-01-01,2026-01-01 14:56:00,1637.49,1637.87,1637.49,1637.87,0.02,17.02,26561.44,1
2026-01-01,2026-01-01 14:57:00,1637.87,1638.24,1637.87,1638.24,0.02,17.02,26561.44,1
2026-01-01,2026-01-01 14:58:00,1638.24,1638.62,1638.24,1638.62,0.02,17.02,26561.44,1
2026-01-01,2026-01-01 14:59:00,1638.62,1639.0,1638.62,1639.0,0.02,17.02,26561.44,1
2026-01-01,2026-01-01 15:00:00,1639.0,1640.0,1527.0,1639.0,0.0,17.02,26561.44,0
2026-01-04,2026-01-04 11:00:00,1606.3,1606.3,1588.51,1606.15,-0.01,16.52,25739.06,-1
2026-01-04,2026-01-04 11:01:00,1606.15,1606.15,1606.0,1606.0,-0.01,16.52,25739.06,-1
2026-01-04,2026-01-04 11:02:00,1606.0,1606.0,1605.85,1605.85,-0.01,16.52,25739.06,-1
2026-01-04,2026-01-04 11:03:00,1605.85,1605.85,1605.69,1605.69,-0.01,16.52,25739.06,-1
2026-01-04,2026-01-04 11:04:00,1605.69,1605.69,1605.54,1605.54,-0.01,16.52,25739.06,-1
2026-01-04,2026-01-04 11:05:00,1605.54,1605.54,1605.39,1605.39,-0.01,16.52,25739.06,-1
2026-01-04,2026-01-04 11:06:00,1605.39,1605.39,1605.24,1605.24,-0.01,16.52,25739.06,-1
2026-01-04,2026-01-04 11:07:00,1605.24,1605.24,1605.09,1605.09,-0.01,16.52,25739.06,-1
2026-01-04,2026-01-04 11:08:00,1605.09,1605.09,1604.94,1604.94,-0.01,16.52,25739.06,-1
2026-01-04,2026-01-04 11:09:00,1604.94,1604.94,1604.79,1604.79,-0.01,16.52,25739.06,-1
2026-01-04,2026-01-04 11:10:00,1604.79,1604.79,1604.64,1604.64,-0.01,16.52,25739.06,-1
2026-01-04,2026-01-04 11:11:00,1604.64,1604.64,1604.48,1604.48,-0.01,16.52,25739.06,-1
2026-01-04,2026-01-04 11:12:00,1604.48,1604.48,1604.33,1604.33,-0.01,16.52,25739.06,-1
2026-01-04,2026-01-04 11:13:00,1604.33,1604.33,1604.18,1604.18,-0.01,16.52,25739.06,-1
2026-01-04,2026-01-04 11:14:00,1604.18,1604.18,1604.03,1604.03,-0.01,16.52,25739.06,-1
2026-01-04,2026-01-04 11:15:00,1604.03,1604.03,1603.88,1603.88,-0.01,16.52,25739.06,-1
2026-01-04,2026-01-04 11:16:00,1603.88,1603.88,1603.73,1603.73,-0.01,16.52,25739.06,-1
2026-01-04,2026-01-04 11:17:00,1603.73,1603.73,1603.58,1603.58,-0.01,16.52,25739.06,-1
2026-01-04,2026-01-04 11:18:00,1603.58,1603.58,1603.43,1603.43,-0.01,16.52,25739.06,-1
2026-01-04,2026-01-04 11:19:00,1603.43,1603.43,1603.27,1603.27,-0.01,16.52,25739.06,-1
2026-01-04,2026-01-04 11:20:00,1603.27,1603.27,1603.12,1603.12,-0.01,16.52,25739.06,-1
2026-01-04,2026-01-04 11:21:00,1603.12,1603.12,1602.97,1602.97,-0.01,16.52,25739.06,-1
2026-01-04,2026-01-04 11:22:00,1602.97,1602.97,1602.82,1602.82,-0.01,16.52,25739.06,-1
2026-01-04,2026-01-04 11:23:00,1602.82,1602.82,1602.67,1602.67,-0.01,16.52,25739.06,-1
2026-01-04,2026-01-04 11:24:00,1602.67,1602.67,1602.52,1602.52,-0.01,16.52,25739.06,-1
2026-01-04,2026-01-04 11:25:00,1602.52,1602.52,1602.37,1602.37,-0.01,16.52,25739.06,-1
2026-01-04,2026-01-04 11:26:00,1602.37,1602.37,1602.22,1602.22,-0.01,16.52,25739.06,-1
2026-01-04,2026-01-04 11:27:00,1602.22,1602.22,1602.07,1602.07,-0.01,16.52,25739.06,-1
2026-01-04,2026-01-04 11:28:00,1602.07,1602.07,1601.91,1601.91,-0.01,16.52,25739.06,-1
2026-01-04,2026-01-04 11:29:00,1601.91,1601.91,1601.76,1601.76,-0.01,16.52,25739.06,-1
2026-01-04,2026-01-04 11:30:00,1601.76,1601.76,1601.61,1601.61,-0.01,16.52,25739.06,-1
2026-01-04,2026-01-04 11:31:00,1601.61,1601.61,1601.46,1601.46,-0.01,16.52,25739.06,-1
2026-01-04,2026-01-04 11:32:00,1601.46,1601.46,1601.31,1601.31,-0.01,16.52,25739.06,-1
2026-01-04,2026-01-04 11:33:00,1601.31,1601.31,1601.16,1601.16,-0.01,16.52,25739.06,-1
2026-01-04,2026-01-04 11:34:00,1601.16,1601.16,1601.01,1601.01,-0.01,16.52,25739.06,-1
2026-01-04,2026-01-04 11:35:00,1601.01,1601.01,1600.86,1600.86,-0.01,16.52,25739.06,-1
2026-01-04,2026-01-04 11:36:00,1600.86,1600.86,1600.7,1600.7,-0.01,16.52,25739.06,-1
2026-01-04,2026-01-04 11:37:00,1600.7,1600.7,1600.55,1600.55,-0.01,16.52,25739.06,-1
2026-01-04,2026-01-04 11:38:00,1600.55,1600.55,1600.4,1600.4,-0.01,16.52,25739.06,-1
2026-01-04,2026-01-04 11:39:00,1600.4,1600.4,1600.25,1600.25,-0.01,16.52,25739.06,-1
2026-01-04,2026-01-04 11:40:00,1600.25,1600.25,1600.1,1600.1,-0.01,16.52,25739.06,-1
2026-01-04,2026-01-04 11:41:00,1600.1,1600.1,1599.95,1599.95,-0.01,16.52,25739.06,-1
2026-01-04,2026-01-04 11:42:00,1599.95,1599.95,1599.8,1599.8,-0.01,16.52,25739.06,-1
2026-01-04,2026-01-04 11:43:00,1599.8,1599.8,1599.64,1599.64,-0.01,16.52,25739.06,-1
2026-01-04,2026-01-04 11:44:00,1599.64,1599.64,1599.49,1599.49,-0.01,16.52,25739.06,-1
2026-01-04,2026-01-04 11:45:00,1599.49,1599.49,1599.34,1599.34,-0.01,16.52,25739.06,-1
2026-01-04,2026-01-04 11:46:00,1599.34,1599.34,1599.19,1599.19,-0.01,16.52,25739.06,-1
2026-01-04,2026-01-04 11:47:00,1599.19,1599.19,1599.04,1599.04,-0.01,16.52,25739.06,-1
2026-01-04,2026-01-04 11:48:00,1599.04,1599.04,1598.89,1598.89,-0.01,16.52,25739.06,-1
2026-01-04,2026-01-04 11:49:00,1598.89,1598.89,1598.74,1598.74,-0.01,16.52,25739.06,-1
2026-01-04,2026-01-04 11:50:00,1598.74,1598.74,1598.59,1598.59,-0.01,16.52,25739.06,-1
2026-01-04,2026-01-04 11:51:00,1598.59,1598.59,1598.43,1598.43,-0.01,16.52,25739.06,-1
2026-01-04,2026-01-04 11:52:00,1598.43,1598.43,1598.28,1598.28,-0.01,16.52,25739.06,-1
2026-01-04,2026-01-04 11:53:00,1598.28,1598.28,1598.13,1598.13,-0.01,16.52,25739.06,-1
2026-01-04,2026-01-04 11:54:00,1598.13,1598.13,1597.98,1597.98,-0.01,16.52,25739.06,-1
2026-01-04,2026-01-04 11:55:00,1597.98,1597.98,1597.83,1597.83,-0.01,16.52,25739.06,-1
2026-01-04,2026-01-04 11:56:00,1597.83,1597.83,1597.68,1597.68,-0.01,16.52,25739.06,-1
2026-01-04,2026-01-04 11:57:00,1597.68,1597.68,1597.53,1597.53,-0.01,16.52,25739.06,-1
2026-01-04,2026-01-04 11:58:00,1597.53,1597.53,1597.38,1597.38,-0.01,16.52,25739.06,-1
2026-01-04,2026-01-04 11:59:00,1597.38,1597.38,1597.22,1597.22,-0.01,16.52,25739.06,-1
2026-01-04,2026-01-04 12:00:00,1597.22,1597.22,1597.07,1597.07,-0.01,16.52,25739.06,-1
2026-01-04,2026-01-04 12:01:00,1597.07,1597.07,1596.92,1596.92,-0.01,16.52,25739.06,-1
2026-01-04,2026-01-04 12:02:00,1596.92,1596.92,1596.77,1596.77,-0.01,16.52,25739.06,-1
2026-01-04,2026-01-04 12:03:00,1596.77,1596.77,1596.62,1596.62,-0.01,16.52,25739.06,-1
2026-01-04,2026-01-04 12:04:00,1596.62,1596.62,1596.47,1596.47,-0.01,16.52,25739.06,-1
2026-01-04,2026-01-04 12:05:00,1596.47,1596.47,1596.32,1596.32,-0.01,16.52,25739.06,-1
2026-01-04,2026-01-04 12:06:00,1596.32,1596.32,1596.17,1596.17,-0.01,16.52,25739.06,-1
2026-01-04,2026-01-04 12:07:00,1596.17,1596.17,1596.01,1596.01,-0.01,16.52,25739.06,-1
2026-01-04,2026-01-04 12:08:00,1596.01,1596.01,1595.86,1595.86,-0.01,16.52,25739.06,-1
2026-01-04,2026-01-04 12:09:00,1595.86,1595.86,1595.71,1595.71,-0.01,16.52,25739.06,-1
2026-01-04,2026-01-04 12:10:00,1595.71,1595.71,1595.56,1595.56,-0.01,16.52,25739.06,-1
2026-01-04,2026-01-04 12:11:00,1595.56,1595.56,1595.41,1595.41,-0.01,16.52,25739.06,-1
2026-01-04,2026-01-04 12:12:00,1595.41,1595.41,1595.26,1595.26,-0.01,16.52,25739.06,-1
2026-01-04,2026-01-04 12:13:00,1595.26,1595.26,1595.11,1595.11,-0.01,16.52,25739.06,-1
2026-01-04,2026-01-04 12:14:00,1595.11,1595.11,1594.96,1594.96,-0.01,16.52,25739.06,-1
2026-01-04,2026-01-04 12:15:00,1594.96,1594.96,1594.81,1594.81,-0.01,16.52,25739.06,-1
2026-01-04,2026-01-04 12:16:00,1594.81,1594.81,1594.65,1594.65,-0.01,16.52,25739.06,-1
2026-01-04,2026-01-04 12:17:00,1594.65,1594.65,1594.5,1594.5,-0.01,16.52,25739.06,-1
2026-01-04,2026-01-04 12:18:00,1594.5,1594.5,1594.35,1594.35,-0.01,16.52,25739.06,-1
2026-01-04,2026-01-04 12:19:00,1594.35,1594.35,1594.2,1594.2,-0.01,16.52,25739.06,-1
2026-01-04,2026-01-04 12:20:00,1594.2,1594.2,1594.05,1594.05,-0.01,16.52,25739.06,-1
2026-01-04,2026-01-04 12:21:00,1594.05,1594.05,1593.9,1593.9,-0.01,16.52,25739.06,-1
2026-01-04,2026-01-04 12:22:00,1593.9,1593.9,1593.75,1593.75,-0.01,16.52,25739.06,-1
2026-01-04,2026-01-04 12:23:00,1593.75,1593.75,1593.6,1593.6,-0.01,16.52,25739.06,-1
2026-01-04,2026-01-04 12:24:00,1593.6,1593.6,1593.44,1593.44,-0.01,16.52,25739.06,-1
2026-01-04,2026-01-04 12:25:00,1593.44,1593.44,1593.29,1593.29,-0.01,16.52,25739.06,-1
2026-01-04,2026-01-04 12:26:00,1593.29,1593.29,1593.14,1593.14,-0.01,16.52,25739.06,-1
2026-01-04,2026-01-04 12:27:00,1593.14,1593.14,1592.99,1592.99,-0.01,16.52,25739.06,-1
2026-01-04,2026-01-04 12:28:00,1592.99,1592.99,1592.84,1592.84,-0.01,16.52,25739.06,-1
2026-01-04,2026-01-04 12:29:00,1592.84,1592.84,1592.69,1592.69,-0.01,16.52,25739.06,-1
2026-01-04,2026-01-04 12:30:00,1592.69,1592.69,1592.54,1592.54,-0.01,16.52,25739.06,-1
2026-01-04,2026-01-04 12:31:00,1592.54,1592.54,1592.38,1592.38,-0.01,16.52,25739.06,-1
2026-01-04,2026-01-04 12:32:00,1592.38,1592.38,1592.23,1592.23,-0.01,16.52,25739.06,-1
2026-01-04,2026-01-04 12:33:00,1592.23,1592.23,1592.08,1592.08,-0.01,16.52,25739.06,-1
2026-01-04,2026-01-04 12:34:00,1592.08,1592.08,1591.93,1591.93,-0.01,16.52,25739.06,-1
2026-01-04,2026-01-04 12:35:00,1591.93,1591.93,1591.78,1591.78,-0.01,16.52,25739.06,-1
2026-01-04,2026-01-04 12:36:00,1591.78,1591.78,1591.63,1591.63,-0.01,16.52,25739.06,-1
2026-01-04,2026-01-04 12:37:00,1591.63,1591.63,1591.48,1591.48,-0.01,16.52,25739.06,-1
2026-01-04,2026-01-04 12:38:00,1591.48,1591.48,1591.33,1591.33,-0.01,16.52,25739.06,-1
2026-01-04,2026-01-04 12:39:00,1591.33,1591.33,1591.17,1591.17,-0.01,16.52,25739.06,-1
2026-01-04,2026-01-04 12:40:00,1591.17,1591.17,1591.02,1591.02,-0.01,16.52,25739.06,-1
2026-01-04,2026-01-04 12:41:00,1591.02,1591.02,1590.87,1590.87,-0.01,16.52,25739.06,-1
2026-01-04,2026-01-04 12:42:00,1590.87,1590.87,1590.72,1590.72,-0.01,16.52,25739.06,-1
2026-01-04,2026-01-04 12:43:00,1590.72,1590.72,1590.57,1590.57,-0.01,16.52,25739.06,-1
2026-01-04,2026-01-04 12:44:00,1590.57,1590.57,1590.42,1590.42,-0.01,16.52,25739.06,-1
2026-01-04,2026-01-04 12:45:00,1590.42,1590.42,1590.27,1590.27,-0.01,16.52,25739.06,-1
2026-01-04,2026-01-04 12:46:00,1590.27,1590.27,1590.12,1590.12,-0.01,16.52,25739.06,-1
2026-01-04,2026-01-04 12:47:00,1590.12,1590.12,1589.96,1589.96,-0.01,16.52,25739.06,-1
2026-01-04,2026-01-04 12:48:00,1589.96,1589.96,1589.81,1589.81,-0.01,16.52,25739.06,-1
2026-01-04,2026-01-04 12:49:00,1589.81,1589.81,1589.66,1589.66,-0.01,16.52,25739.06,-1
2026-01-04,2026-01-04 12:50:00,1589.66,1589.66,1589.51,1589.51,-0.01,16.52,25739.06,-1
2026-01-04,2026-01-04 12:51:00,1589.51,1589.51,1589.36,1589.36,-0.01,16.52,25739.06,-1
2026-01-04,2026-01-04 12:52:00,1589.36,1589.36,1589.21,1589.21,-0.01,16.52,25739.06,-1
2026-01-04,2026-01-04 12:53:00,1589.21,1589.21,1589.06,1589.06,-0.01,16.52,25739.06,-1
2026-01-04,2026-01-04 12:54:00,1589.06,1589.06,1588.91,1588.91,-0.01,16.52,25739.06,-1
2026-01-04,2026-01-04 12:55:00,1588.91,1588.91,1588.75,1588.75,-0.01,16.52,25739.06,-1
2026-01-04,2026-01-04 12:56:00,1588.75,1588.75,1588.6,1588.6,-0.01,16.52,25739.06,-1
2026-01-04,2026-01-04 12:57:00,1588.6,1588.6,1588.45,1588.45,-0.01,16.52,25739.06,-1
2026-01-04,2026-01-04 12:58:00,1588.45,1588.45,1588.3,1588.3,-0.01,16.52,25739.06,-1
2026-01-04,2026-01-04 12:59:00,1588.3,1588.3,1588.15,1588.15,-0.01,16.52,25739.06,-1
2026-01-04,2026-01-04 13:00:00,1588.15,1606.3,1547.0,1588.0,-0.01,16.52,25739.06,-1
2026-01-04,2026-01-04 13:01:00,1588.0,1588.0,1587.85,1587.85,-0.01,16.52,25739.06,-1
2026-01-04,2026-01-04 13:02:00,1587.85,1587.85,1587.7,1587.7,-0.01,16.52,25739.06,-1
2026-01-04,2026-01-04 13:03:00,1587.7,1587.7,1587.55,1587.55,-0.01,16.52,25739.06,-1
2026-01-04,2026-01-04 13:04:00,1587.55,1587.55,1587.39,1587.39,-0.01,16.52,25739.06,-1
2026-01-04,2026-01-04 13:05:00,1587.39,1587.39,1587.24,1587.24,-0.01,16.52,25739.06,-1
2026-01-04,2026-01-04 13:06:00,1587.24,1587.24,1587.09,1587.09,-0.01,16.52,25739.06,-1
2026-01-04,2026-01-04 13:07:00,1587.09,1587.09,1586.94,1586.94,-0.01,16.52,25739.06,-1
2026-01-04,2026-01-04 13:08:00,1586.94,1586.94,1586.79,1586.79,-0.01,16.52,25739.06,-1
2026-01-04,2026-01-04 13:09:00,1586.79,1586.79,1586.64,1586.64,-0.01,16.52,25739.06,-1
2026-01-04,2026-01-04 13:10:00,1586.64,1586.64,1586.49,1586.49,-0.01,16.52,25739.06,-1
2026-01-04,2026-01-04 13:11:00,1586.49,1586.49,1586.34,1586.34,-0.01,16.52,25739.06,-1
2026-01-04,2026-01-04 13:12:00,1586.34,1586.34,1586.18,1586.18,-0.01,16.52,25739.06,-1
2026-01-04,2026-01-04 13:13:00,1586.18,1586.18,1586.03,1586.03,-0.01,16.52,25739.06,-1
2026-01-04,2026-01-04 13:14:00,1586.03,1586.03,1585.88,1585.88,-0.01,16.52,25739.06,-1
2026-01-04,2026-01-04 13:15:00,1585.88,1585.88,1585.73,1585.73,-0.01,16.52,25739.06,-1
2026-01-04,2026-01-04 13:16:00,1585.73,1585.73,1585.58,1585.58,-0.01,16.52,25739.06,-1
2026-01-04,2026-01-04 13:17:00,1585.58,1585.58,1585.43,1585.43,-0.01,16.52,25739.06,-1
2026-01-04,2026-01-04 13:18:00,1585.43,1585.43,1585.28,1585.28,-0.01,16.52,25739.06,-1
2026-01-04,2026-01-04 13:19:00,1585.28,1585.28,1585.12,1585.12,-0.01,16.52,25739.06,-1
2026-01-04,2026-01-04 13:20:00,1585.12,1585.12,1584.97,1584.97,-0.01,16.52,25739.06,-1
2026-01-04,2026-01-04 13:21:00,1584.97,1584.97,1584.82,1584.82,-0.01,16.52,25739.06,-1
2026-01-04,2026-01-04 13:22:00,1584.82,1584.82,1584.67,1584.67,-0.01,16.52,25739.06,-1
2026-01-04,2026-01-04 13:23:00,1584.67,1584.67,1584.52,1584.52,-0.01,16.52,25739.06,-1
2026-01-04,2026-01-04 13:24:00,1584.52,1584.52,1584.37,1584.37,-0.01,16.52,25739.06,-1
2026-01-04,2026-01-04 13:25:00,1584.37,1584.37,1584.22,1584.22,-0.01,16.52,25739.06,-1
2026-01-04,2026-01-04 13:26:00,1584.22,1584.22,1584.07,1584.07,-0.01,16.52,25739.06,-1
2026-01-04,2026-01-04 13:27:00,1584.07,1584.07,1583.91,1583.91,-0.01,16.52,25739.06,-1
2026-01-04,2026-01-04 13:28:00,1583.91,1583.91,1583.76,1583.76,-0.01,16.52,25739.06,-1
2026-01-04,2026-01-04 13:29:00,1583.76,1583.76,1583.61,1583.61,-0.01,16.52,25739.06,-1
2026-01-04,2026-01-04 13:30:00,1583.61,1583.61,1583.46,1583.46,-0.01,16.52,25739.06,-1
2026-01-04,2026-01-04 13:31:00,1583.46,1583.46,1583.31,1583.31,-0.01,16.52,25739.06,-1
2026-01-04,2026-01-04 13:32:00,1583.31,1583.31,1583.16,1583.16,-0.01,16.52,25739.06,-1
2026-01-04,2026-01-04 13:33:00,1583.16,1583.16,1583.01,1583.01,-0.01,16.52,25739.06,-1
2026-01-04,2026-01-04 13:34:00,1583.01,1583.01,1582.86,1582.86,-0.01,16.52,25739.06,-1
2026-01-04,2026-01-04 13:35:00,1582.86,1582.86,1582.7,1582.7,-0.01,16.52,25739.06,-1
2026-01-04,2026-01-04 13:36:00,1582.7,1582.7,1582.55,1582.55,-0.01,16.52,25739.06,-1
2026-01-04,2026-01-04 13:37:00,1582.55,1582.55,1582.4,1582.4,-0.01,16.52,25739.06,-1
2026-01-04,2026-01-04 13:38:00,1582.4,1582.4,1582.25,1582.25,-0.01,16.52,25739.06,-1
2026-01-04,2026-01-04 13:39:00,1582.25,1582.25,1582.1,1582.1,-0.01,16.52,25739.06,-1
2026-01-04,2026-01-04 13:40:00,1582.1,1582.1,1581.95,1581.95,-0.01,16.52,25739.06,-1
2026-01-04,2026-01-04 13:41:00,1581.95,1581.95,1581.8,1581.8,-0.01,16.52,25739.06,-1
2026-01-04,2026-01-04 13:42:00,1581.8,1581.8,1581.65,1581.65,-0.01,16.52,25739.06,-1
2026-01-04,2026-01-04 13:43:00,1581.65,1581.65,1581.49,1581.49,-0.01,16.52,25739.06,-1
2026-01-04,2026-01-04 13:44:00,1581.49,1581.49,1581.34,1581.34,-0.01,16.52,25739.06,-1
2026-01-04,2026-01-04 13:45:00,1581.34,1581.34,1581.19,1581.19,-0.01,16.52,25739.06,-1
2026-01-04,2026-01-04 13:46:00,1581.19,1581.19,1581.04,1581.04,-0.01,16.52,25739.06,-1
2026-01-04,2026-01-04 13:47:00,1581.04,1581.04,1580.89,1580.89,-0.01,16.52,25739.06,-1
2026-01-04,2026-01-04 13:48:00,1580.89,1580.89,1580.74,1580.74,-0.01,16.52,25739.06,-1
2026-01-04,2026-01-04 13:49:00,1580.74,1580.74,1580.59,1580.59,-0.01,16.52,25739.06,-1
2026-01-04,2026-01-04 13:50:00,1580.59,1580.59,1580.44,1580.44,-0.01,16.52,25739.06,-1
2026-01-04,2026-01-04 13:51:00,1580.44,1580.44,1580.29,1580.29,-0.01,16.52,25739.06,-1
2026-01-04,2026-01-04 13:52:00,1580.29,1580.29,1580.13,1580.13,-0.01,16.52,25739.06,-1
2026-01-04,2026-01-04 13:53:00,1580.13,1580.13,1579.98,1579.98,-0.01,16.52,25739.06,-1
2026-01-04,2026-01-04 13:54:00,1579.98,1579.98,1579.83,1579.83,-0.01,16.52,25739.06,-1
2026-01-04,2026-01-04 13:55:00,1579.83,1579.83,1579.68,1579.68,-0.01,16.52,25739.06,-1
2026-01-04,2026-01-04 13:56:00,1579.68,1579.68,1579.53,1579.53,-0.01,16.52,25739.06,-1
2026-01-04,2026-01-04 13:57:00,1579.53,1579.53,1579.38,1579.38,-0.01,16.52,25739.06,-1
2026-01-04,2026-01-04 13:58:00,1579.38,1579.38,1579.23,1579.23,-0.01,16.52,25739.06,-1
2026-01-04,2026-01-04 13:59:00,1579.23,1579.23,1579.08,1579.08,-0.01,16.52,25739.06,-1
2026-01-04,2026-01-04 14:00:00,1579.08,1579.08,1578.92,1578.92,-0.01,16.52,25739.06,-1
2026-01-04,2026-01-04 14:01:00,1578.92,1578.92,1578.77,1578.77,-0.01,16.52,25739.06,-1
2026-01-04,2026-01-04 14:02:00,1578.77,1578.77,1578.62,1578.62,-0.01,16.52,25739.06,-1
2026-01-04,2026-01-04 14:03:00,1578.62,1578.62,1578.47,1578.47,-0.01,16.52,25739.06,-1
2026-01-04,2026-01-04 14:04:00,1578.47,1578.47,1578.32,1578.32,-0.01,16.52,25739.06,-1
2026-01-04,2026-01-04 14:05:00,1578.32,1578.32,1578.17,1578.17,-0.01,16.52,25739.06,-1
2026-01-04,2026-01-04 14:06:00,1578.17,1578.17,1578.02,1578.02,-0.01,16.52,25739.06,-1
2026-01-04,2026-01-04 14:07:00,1578.02,1578.02,1577.87,1577.87,-0.01,16.52,25739.06,-1
2026-01-04,2026-01-04 14:08:00,1577.87,1577.87,1577.71,1577.71,-0.01,16.52,25739.06,-1
2026-01-04,2026-01-04 14:09:00,1577.71,1577.71,1577.56,1577.56,-0.01,16.52,25739.06,-1
2026-01-04,2026-01-04 14:10:00,1577.56,1577.56,1577.41,1577.41,-0.01,16.52,25739.06,-1
2026-01-04,2026-01-04 14:11:00,1577.41,1577.41,1577.26,1577.26,-0.01,16.52,25739.06,-1
2026-01-04,2026-01-04 14:12:00,1577.26,1577.26,1577.11,1577.11,-0.01,16.52,25739.06,-1
2026-01-04,2026-01-04 14:13:00,1577.11,1577.11,1576.96,1576.96,-0.01,16.52,25739.06,-1
2026-01-04,2026-01-04 14:14:00,1576.96,1576.96,1576.81,1576.81,-0.01,16.52,25739.06,-1
2026-01-04,2026-01-04 14:15:00,1576.81,1576.81,1576.65,1576.65,-0.01,16.52,25739.06,-1
2026-01-04,2026-01-04 14:16:00,1576.65,1576.65,1576.5,1576.5,-0.01,16.52,25739.06,-1
2026-01-04,2026-01-04 14:17:00,1576.5,1576.5,1576.35,1576.35,-0.01,16.52,25739.06,-1
2026-01-04,2026-01-04 14:18:00,1576.35,1576.35,1576.2,1576.2,-0.01,16.52,25739.06,-1
2026-01-04,2026-01-04 14:19:00,1576.2,1576.2,1576.05,1576.05,-0.01,16.52,25739.06,-1
2026-01-04,2026-01-04 14:20:00,1576.05,1576.05,1575.9,1575.9,-0.01,16.52,25739.06,-1
2026-01-04,2026-01-04 14:21:00,1575.9,1575.9,1575.75,1575.75,-0.01,16.52,25739.06,-1
2026-01-04,2026-01-04 14:22:00,1575.75,1575.75,1575.6,1575.6,-0.01,16.52,25739.06,-1
2026-01-04,2026-01-04 14:23:00,1575.6,1575.6,1575.44,1575.44,-0.01,16.52,25739.06,-1
2026-01-04,2026-01-04 14:24:00,1575.44,1575.44,1575.29,1575.29,-0.01,16.52,25739.06,-1
2026-01-04,2026-01-04 14:25:00,1575.29,1575.29,1575.14,1575.14,-0.01,16.52,25739.06,-1
2026-01-04,2026-01-04 14:26:00,1575.14,1575.14,1574.99,1574.99,-0.01,16.52,25739.06,-1
2026-01-04,2026-01-04 14:27:00,1574.99,1574.99,1574.84,1574.84,-0.01,16.52,25739.06,-1
2026-01-04,2026-01-04 14:28:00,1574.84,1574.84,1574.69,1574.69,-0.01,16.52,25739.06,-1
2026-01-04,2026-01-04 14:29:00,1574.69,1574.69,1574.54,1574.54,-0.01,16.52,25739.06,-1
2026-01-04,2026-01-04 14:30:00,1574.54,1574.54,1574.39,1574.39,-0.01,16.52,25739.06,-1
2026-01-04,2026-01-04 14:31:00,1574.39,1574.39,1574.23,1574.23,-0.01,16.52,25739.06,-1
2026-01-04,2026-01-04 14:32:00,1574.23,1574.23,1574.08,1574.08,-0.01,16.52,25739.06,-1
2026-01-04,2026-01-04 14:33:00,1574.08,1574.08,1573.93,1573.93,-0.01,16.52,25739.06,-1
2026-01-04,2026-01-04 14:34:00,1573.93,1573.93,1573.78,1573.78,-0.01,16.52,25739.06,-1
2026-01-04,2026-01-04 14:35:00,1573.78,1573.78,1573.63,1573.63,-0.01,16.52,25739.06,-1
2026-01-04,2026-01-04 14:36:00,1573.63,1573.63,1573.48,1573.48,-0.01,16.52,25739.06,-1
2026-01-04,2026-01-04 14:37:00,1573.48,1573.48,1573.33,1573.33,-0.01,16.52,25739.06,-1
2026-01-04,2026-01-04 14:38:00,1573.33,1573.33,1573.18,1573.18,-0.01,16.52,25739.06,-1
2026-01-04,2026-01-04 14:39:00,1573.18,1573.18,1573.03,1573.03,-0.01,16.52,25739.06,-1
2026-01-04,2026-01-04 14:40:00,1573.03,1573.03,1572.87,1572.87,-0.01,16.52,25739.06,-1
2026-01-04,2026-01-04 14:41:00,1572.87,1572.87,1572.72,1572.72,-0.01,16.52,25739.06,-1
2026-01-04,2026-01-04 14:42:00,1572.72,1572.72,1572.57,1572.57,-0.01,16.52,25739.06,-1
2026-01-04,2026-01-04 14:43:00,1572.57,1572.57,1572.42,1572.42,-0.01,16.52,25739.06,-1
2026-01-04,2026-01-04 14:44:00,1572.42,1572.42,1572.27,1572.27,-0.01,16.52,25739.06,-1
2026-01-04,2026-01-04 14:45:00,1572.27,1572.27,1572.12,1572.12,-0.01,16.52,25739.06,-1
2026-01-04,2026-01-04 14:46:00,1572.12,1572.12,1571.97,1571.97,-0.01,16.52,25739.06,-1
2026-01-04,2026-01-04 14:47:00,1571.97,1571.97,1571.82,1571.82,-0.01,16.52,25739.06,-1
2026-01-04,2026-01-04 14:48:00,1571.82,1571.82,1571.66,1571.66,-0.01,16.52,25739.06,-1
2026-01-04,2026-01-04 14:49:00,1571.66,1571.66,1571.51,1571.51,-0.01,16.52,25739.06,-1
2026-01-04,2026-01-04 14:50:00,1571.51,1571.51,1571.36,1571.36,-0.01,16.52,25739.06,-1
2026-01-04,2026-01-04 14:51:00,1571.36,1571.36,1571.21,1571.21,-0.01,16.52,25739.06,-1
2026-01-04,2026-01-04 14:52:00,1571.21,1571.21,1571.06,1571.06,-0.01,16.52,25739.06,-1
2026-01-04,2026-01-04 14:53:00,1571.06,1571.06,1570.91,1570.91,-0.01,16.52,25739.06,-1
2026-01-04,2026-01-04 14:54:00,1570.91,1570.91,1570.76,1570.76,-0.01,16.52,25739.06,-1
2026-01-04,2026-01-04 14:55:00,1570.76,1570.76,1570.61,1570.61,-0.01,16.52,25739.06,-1
2026-01-04,2026-01-04 14:56:00,1570.61,1570.61,1570.45,1570.45,-0.01,16.52,25739.06,-1
2026-01-04,2026-01-04 14:57:00,1570.45,1570.45,1570.3,1570.3,-0.01,16.52,25739.06,-1
2026-01-04,2026-01-04 14:58:00,1570.3,1570.3,1570.15,1570.15,-0.01,16.52,25739.06,-1
2026-01-04,2026-01-04 14:59:00,1570.15,1570.15,1570.0,1570.0,-0.01,16.52,25739.06,-1
2026-01-04,2026-01-04 15:00:00,1570.0,1606.3,1547.0,1570.0,0.0,16.52,25739.06,0
2026-01-05,2026-01-05 11:00:00,1550.0,1555.7,1540.7,1549.96,-0.0,25.77,39437.96,-1
2026-01-05,2026-01-05 11:01:00,1549.96,1549.96,1549.92,1549.92,-0.0,25.77,39437.96,-1
2026-01-05,2026-01-05 11:02:00,1549.92,1549.92,1549.88,1549.88,-0.0,25.77,39437.96,-1
2026-01-05,2026-01-05 11:03:00,1549.88,1549.88,1549.83,1549.83,-0.0,25.77,39437.96,-1
2026-01-05,2026-01-05 11:04:00,1549.83,1549.83,1549.79,1549.79,-0.0,25.77,39437.96,-1
2026-01-05,2026-01-05 11:05:00,1549.79,1549.79,1549.75,1549.75,-0.0,25.77,39437.96,-1
2026-01-05,2026-01-05 11:06:00,1549.75,1549.75,1549.71,1549.71,-0.0,25.77,39437.96,-1
2026-01-05,2026-01-05 11:07:00,1549.71,1549.71,1549.67,1549.67,-0.0,25.77,39437.96,-1
2026-01-05,2026-01-05 11:08:00,1549.67,1549.67,1549.62,1549.62,-0.0,25.77,39437.96,-1
2026-01-05,2026-01-05 11:09:00,1549.62,1549.62,1549.58,1549.58,-0.0,25.77,39437.96,-1
2026-01-05,2026-01-05 11:10:00,1549.58,1549.58,1549.54,1549.54,-0.0,25.77,39437.96,-1
2026-01-05,2026-01-05 11:11:00,1549.54,1549.54,1549.5,1549.5,-0.0,25.77,39437.96,-1
2026-01-05,2026-01-05 11:12:00,1549.5,1549.5,1549.46,1549.46,-0.0,25.77,39437.96,-1
2026-01-05,2026-01-05 11:13:00,1549.46,1549.46,1549.42,1549.42,-0.0,25.77,39437.96,-1
2026-01-05,2026-01-05 11:14:00,1549.42,1549.42,1549.38,1549.38,-0.0,25.77,39437.96,-1
2026-01-05,2026-01-05 11:15:00,1549.38,1549.38,1549.33,1549.33,-0.0,25.77,39437.96,-1
2026-01-05,2026-01-05 11:16:00,1549.33,1549.33,1549.29,1549.29,-0.0,25.77,39437.96,-1
2026-01-05,2026-01-05 11:17:00,1549.29,1549.29,1549.25,1549.25,-0.0,25.77,39437.96,-1
2026-01-05,2026-01-05 11:18:00,1549.25,1549.25,1549.21,1549.21,-0.0,25.77,39437.96,-1
2026-01-05,2026-01-05 11:19:00,1549.21,1549.21,1549.17,1549.17,-0.0,25.77,39437.96,-1
2026-01-05,2026-01-05 11:20:00,1549.17,1549.17,1549.12,1549.12,-0.0,25.77,39437.96,-1
2026-01-05,2026-01-05 11:21:00,1549.12,1549.12,1549.08,1549.08,-0.0,25.77,39437.96,-1
2026-01-05,2026-01-05 11:22:00,1549.08,1549.08,1549.04,1549.04,-0.0,25.77,39437.96,-1
2026-01-05,2026-01-05 11:23:00,1549.04,1549.04,1549.0,1549.0,-0.0,25.77,39437.96,-1
2026-01-05,2026-01-05 11:24:00,1549.0,1549.0,1548.96,1548.96,-0.0,25.77,39437.96,-1
2026-01-05,2026-01-05 11:25:00,1548.96,1548.96,1548.92,1548.92,-0.0,25.77,39437.96,-1
2026-01-05,2026-01-05 11:26:00,1548.92,1548.92,1548.88,1548.88,-0.0,25.77,39437.96,-1
2026-01-05,2026-01-05 11:27:00,1548.88,1548.88,1548.83,1548.83,-0.0,25.77,39437.96,-1
2026-01-05,2026-01-05 11:28:00,1548.83,1548.83,1548.79,1548.79,-0.0,25.77,39437.96,-1
2026-01-05,2026-01-05 11:29:00,1548.79,1548.79,1548.75,1548.75,-0.0,25.77,39437.96,-1
2026-01-05,2026-01-05 11:30:00,1548.75,1548.75,1548.71,1548.71,-0.0,25.77,39437.96,-1
2026-01-05,2026-01-05 11:31:00,1548.71,1548.71,1548.67,1548.67,-0.0,25.77,39437.96,-1
2026-01-05,2026-01-05 11:32:00,1548.67,1548.67,1548.62,1548.62,-0.0,25.77,39437.96,-1
2026-01-05,2026-01-05 11:33:00,1548.62,1548.62,1548.58,1548.58,-0.0,25.77,39437.96,-1
2026-01-05,2026-01-05 11:34:00,1548.58,1548.58,1548.54,1548.54,-0.0,25.77,39437.96,-1
2026-01-05,2026-01-05 11:35:00,1548.54,1548.54,1548.5,1548.5,-0.0,25.77,39437.96,-1
2026-01-05,2026-01-05 11:36:00,1548.5,1548.5,1548.46,1548.46,-0.0,25.77,39437.96,-1
2026-01-05,2026-01-05 11:37:00,1548.46,1548.46,1548.42,1548.42,-0.0,25.77,39437.96,-1
2026-01-05,2026-01-05 11:38:00,1548.42,1548.42,1548.38,1548.38,-0.0,25.77,39437.96,-1
2026-01-05,2026-01-05 11:39:00,1548.38,1548.38,1548.33,1548.33,-0.0,25.77,39437.96,-1
2026-01-05,2026-01-05 11:40:00,1548.33,1548.33,1548.29,1548.29,-0.0,25.77,39437.96,-1
2026-01-05,2026-01-05 11:41:00,1548.29,1548.29,1548.25,1548.25,-0.0,25.77,39437.96,-1
2026-01-05,2026-01-05 11:42:00,1548.25,1548.25,1548.21,1548.21,-0.0,25.77,39437.96,-1
2026-01-05,2026-01-05 11:43:00,1548.21,1548.21,1548.17,1548.17,-0.0,25.77,39437.96,-1
2026-01-05,2026-01-05 11:44:00,1548.17,1548.17,1548.12,1548.12,-0.0,25.77,39437.96,-1
2026-01-05,2026-01-05 11:45:00,1548.12,1548.12,1548.08,1548.08,-0.0,25.77,39437.96,-1
2026-01-05,2026-01-05 11:46:00,1548.08,1548.08,1548.04,1548.04,-0.0,25.77,39437.96,-1
2026-01-05,2026-01-05 11:47:00,1548.04,1548.04,1548.0,1548.0,-0.0,25.77,39437.96,-1
2026-01-05,2026-01-05 11:48:00,1548.0,1548.0,1547.96,1547.96,-0.0,25.77,39437.96,-1
2026-01-05,2026-01-05 11:49:00,1547.96,1547.96,1547.92,1547.92,-0.0,25.77,39437.96,-1
2026-01-05,2026-01-05 11:50:00,1547.92,1547.92,1547.88,1547.88,-0.0,25.77,39437.96,-1
2026-01-05,2026-01-05 11:51:00,1547.88,1547.88,1547.83,1547.83,-0.0,25.77,39437.96,-1
2026-01-05,2026-01-05 11:52:00,1547.83,1547.83,1547.79,1547.79,-0.0,25.77,39437.96,-1
2026-01-05,2026-01-05 11:53:00,1547.79,1547.79,1547.75,1547.75,-0.0,25.77,39437.96,-1
2026-01-05,2026-01-05 11:54:00,1547.75,1547.75,1547.71,1547.71,-0.0,25.77,39437.96,-1
2026-01-05,2026-01-05 11:55:00,1547.71,1547.71,1547.67,1547.67,-0.0,25.77,39437.96,-1
2026-01-05,2026-01-05 11:56:00,1547.67,1547.67,1547.62,1547.62,-0.0,25.77,39437.96,-1
2026-01-05,2026-01-05 11:57:00,1547.62,1547.62,1547.58,1547.58,-0.0,25.77,39437.96,-1
2026-01-05,2026-01-05 11:58:00,1547.58,1547.58,1547.54,1547.54,-0.0,25.77,39437.96,-1
2026-01-05,2026-01-05 11:59:00,1547.54,1547.54,1547.5,1547.5,-0.0,25.77,39437.96,-1
2026-01-05,2026-01-05 12:00:00,1547.5,1547.5,1547.46,1547.46,-0.0,25.77,39437.96,-1
2026-01-05,2026-01-05 12:01:00,1547.46,1547.46,1547.42,1547.42,-0.0,25.77,39437.96,-1
2026-01-05,2026-01-05 12:02:00,1547.42,1547.42,1547.38,1547.38,-0.0,25.77,39437.96,-1
2026-01-05,2026-01-05 12:03:00,1547.38,1547.38,1547.33,1547.33,-0.0,25.77,39437.96,-1
2026-01-05,2026-01-05 12:04:00,1547.33,1547.33,1547.29,1547.29,-0.0,25.77,39437.96,-1
2026-01-05,2026-01-05 12:05:00,1547.29,1547.29,1547.25,1547.25,-0.0,25.77,39437.96,-1
2026-01-05,2026-01-05 12:06:00,1547.25,1547.25,1547.21,1547.21,-0.0,25.77,39437.96,-1
2026-01-05,2026-01-05 12:07:00,1547.21,1547.21,1547.17,1547.17,-0.0,25.77,39437.96,-1
2026-01-05,2026-01-05 12:08:00,1547.17,1547.17,1547.12,1547.12,-0.0,25.77,39437.96,-1
2026-01-05,2026-01-05 12:09:00,1547.12,1547.12,1547.08,1547.08,-0.0,25.77,39437.96,-1
2026-01-05,2026-01-05 12:10:00,1547.08,1547.08,1547.04,1547.04,-0.0,25.77,39437.96,-1
2026-01-05,2026-01-05 12:11:00,1547.04,1547.04,1547.0,1547.0,-0.0,25.77,39437.96,-1
2026-01-05,2026-01-05 12:12:00,1547.0,1547.0,1546.96,1546.96,-0.0,25.77,39437.96,-1
2026-01-05,2026-01-05 12:13:00,1546.96,1546.96,1546.92,1546.92,-0.0,25.77,39437.96,-1
2026-01-05,2026-01-05 12:14:00,1546.92,1546.92,1546.88,1546.88,-0.0,25.77,39437.96,-1
2026-01-05,2026-01-05 12:15:00,1546.88,1546.88,1546.83,1546.83,-0.0,25.77,39437.96,-1
2026-01-05,2026-01-05 12:16:00,1546.83,1546.83,1546.79,1546.79,-0.0,25.77,39437.96,-1
2026-01-05,2026-01-05 12:17:00,1546.79,1546.79,1546.75,1546.75,-0.0,25.77,39437.96,-1
2026-01-05,2026-01-05 12:18:00,1546.75,1546.75,1546.71,1546.71,-0.0,25.77,39437.96,-1
2026-01-05,2026-01-05 12:19:00,1546.71,1546.71,1546.67,1546.67,-0.0,25.77,39437.96,-1
2026-01-05,2026-01-05 12:20:00,1546.67,1546.67,1546.62,1546.62,-0.0,25.77,39437.96,-1
2026-01-05,2026-01-05 12:21:00,1546.62,1546.62,1546.58,1546.58,-0.0,25.77,39437.96,-1
2026-01-05,2026-01-05 12:22:00,1546.58,1546.58,1546.54,1546.54,-0.0,25.77,39437.96,-1
2026-01-05,2026-01-05 12:23:00,1546.54,1546.54,1546.5,1546.5,-0.0,25.77,39437.96,-1
2026-01-05,2026-01-05 12:24:00,1546.5,1546.5,1546.46,1546.46,-0.0,25.77,39437.96,-1
2026-01-05,2026-01-05 12:25:00,1546.46,1546.46,1546.42,1546.42,-0.0,25.77,39437.96,-1
2026-01-05,2026-01-05 12:26:00,1546.42,1546.42,1546.38,1546.38,-0.0,25.77,39437.96,-1
2026-01-05,2026-01-05 12:27:00,1546.38,1546.38,1546.33,1546.33,-0.0,25.77,39437.96,-1
2026-01-05,2026-01-05 12:28:00,1546.33,1546.33,1546.29,1546.29,-0.0,25.77,39437.96,-1
2026-01-05,2026-01-05 12:29:00,1546.29,1546.29,1546.25,1546.25,-0.0,25.77,39437.96,-1
2026-01-05,2026-01-05 12:30:00,1546.25,1546.25,1546.21,1546.21,-0.0,25.77,39437.96,-1
2026-01-05,2026-01-05 12:31:00,1546.21,1546.21,1546.17,1546.17,-0.0,25.77,39437.96,-1
2026-01-05,2026-01-05 12:32:00,1546.17,1546.17,1546.12,1546.12,-0.0,25.77,39437.96,-1
2026-01-05,2026-01-05 12:33:00,1546.12,1546.12,1546.08,1546.08,-0.0,25.77,39437.96,-1
2026-01-05,2026-01-05 12:34:00,1546.08,1546.08,1546.04,1546.04,-0.0,25.77,39437.96,-1
2026-01-05,2026-01-05 12:35:00,1546.04,1546.04,1546.0,1546.0,-0.0,25.77,39437.96,-1
2026-01-05,2026-01-05 12:36:00,1546.0,1546.0,1545.96,1545.96,-0.0,25.77,39437.96,-1
2026-01-05,2026-01-05 12:37:00,1545.96,1545.96,1545.92,1545.92,-0.0,25.77,39437.96,-1
2026-01-05,2026-01-05 12:38:00,1545.92,1545.92,1545.88,1545.88,-0.0,25.77,39437.96,-1
2026-01-05,2026-01-05 12:39:00,1545.88,1545.88,1545.83,1545.83,-0.0,25.77,39437.96,-1
2026-01-05,2026-01-05 12:40:00,1545.83,1545.83,1545.79,1545.79,-0.0,25.77,39437.96,-1
2026-01-05,2026-01-05 12:41:00,1545.79,1545.79,1545.75,1545.75,-0.0,25.77,39437.96,-1
2026-01-05,2026-01-05 12:42:00,1545.75,1545.75,1545.71,1545.71,-0.0,25.77,39437.96,-1
2026-01-05,2026-01-05 12:43:00,1545.71,1545.71,1545.67,1545.67,-0.0,25.77,39437.96,-1
2026-01-05,2026-01-05 12:44:00,1545.67,1545.67,1545.62,1545.62,-0.0,25.77,39437.96,-1
2026-01-05,2026-01-05 12:45:00,1545.62,1545.62,1545.58,1545.58,-0.0,25.77,39437.96,-1
2026-01-05,2026-01-05 12:46:00,1545.58,1545.58,1545.54,1545.54,-0.0,25.77,39437.96,-1
2026-01-05,2026-01-05 12:47:00,1545.54,1545.54,1545.5,1545.5,-0.0,25.77,39437.96,-1
2026-01-05,2026-01-05 12:48:00,1545.5,1545.5,1545.46,1545.46,-0.0,25.77,39437.96,-1
2026-01-05,2026-01-05 12:49:00,1545.46,1545.46,1545.42,1545.42,-0.0,25.77,39437.96,-1
2026-01-05,2026-01-05 12:50:00,1545.42,1545.42,1545.38,1545.38,-0.0,25.77,39437.96,-1
2026-01-05,2026-01-05 12:51:00,1545.38,1545.38,1545.33,1545.33,-0.0,25.77,39437.96,-1
2026-01-05,2026-01-05 12:52:00,1545.33,1545.33,1545.29,1545.29,-0.0,25.77,39437.96,-1
2026-01-05,2026-01-05 12:53:00,1545.29,1545.29,1545.25,1545.25,-0.0,25.77,39437.96,-1
2026-01-05,2026-01-05 12:54:00,1545.25,1545.25,1545.21,1545.21,-0.0,25.77,39437.96,-1
2026-01-05,2026-01-05 12:55:00,1545.21,1545.21,1545.17,1545.17,-0.0,25.77,39437.96,-1
2026-01-05,2026-01-05 12:56:00,1545.17,1545.17,1545.12,1545.12,-0.0,25.77,39437.96,-1
2026-01-05,2026-01-05 12:57:00,1545.12,1545.12,1545.08,1545.08,-0.0,25.77,39437.96,-1
2026-01-05,2026-01-05 12:58:00,1545.08,1545.08,1545.04,1545.04,-0.0,25.77,39437.96,-1
2026-01-05,2026-01-05 12:59:00,1545.04,1545.04,1545.0,1545.0,-0.0,25.77,39437.96,-1
2026-01-05,2026-01-05 13:00:00,1545.0,1569.0,1519.0,1544.96,-0.0,25.77,39437.96,-1
2026-01-05,2026-01-05 13:01:00,1544.96,1544.96,1544.92,1544.92,-0.0,25.77,39437.96,-1
2026-01-05,2026-01-05 13:02:00,1544.92,1544.92,1544.88,1544.88,-0.0,25.77,39437.96,-1
2026-01-05,2026-01-05 13:03:00,1544.88,1544.88,1544.83,1544.83,-0.0,25.77,39437.96,-1
2026-01-05,2026-01-05 13:04:00,1544.83,1544.83,1544.79,1544.79,-0.0,25.77,39437.96,-1
2026-01-05,2026-01-05 13:05:00,1544.79,1544.79,1544.75,1544.75,-0.0,25.77,39437.96,-1
2026-01-05,2026-01-05 13:06:00,1544.75,1544.75,1544.71,1544.71,-0.0,25.77,39437.96,-1
2026-01-05,2026-01-05 13:07:00,1544.71,1544.71,1544.67,1544.67,-0.0,25.77,39437.96,-1
2026-01-05,2026-01-05 13:08:00,1544.67,1544.67,1544.62,1544.62,-0.0,25.77,39437.96,-1
2026-01-05,2026-01-05 13:09:00,1544.62,1544.62,1544.58,1544.58,-0.0,25.77,39437.96,-1
2026-01-05,2026-01-05 13:10:00,1544.58,1544.58,1544.54,1544.54,-0.0,25.77,39437.96,-1
2026-01-05,2026-01-05 13:11:00,1544.54,1544.54,1544.5,1544.5,-0.0,25.77,39437.96,-1
2026-01-05,2026-01-05 13:12:00,1544.5,1544.5,1544.46,1544.46,-0.0,25.77,39437.96,-1
2026-01-05,2026-01-05 13:13:00,1544.46,1544.46,1544.42,1544.42,-0.0,25.77,39437.96,-1
2026-01-05,2026-01-05 13:14:00,1544.42,1544.42,1544.38,1544.38,-0.0,25.77,39437.96,-1
2026-01-05,2026-01-05 13:15:00,1544.38,1544.38,1544.33,1544.33,-0.0,25.77,39437.96,-1
2026-01-05,2026-01-05 13:16:00,1544.33,1544.33,1544.29,1544.29,-0.0,25.77,39437.96,-1
2026-01-05,2026-01-05 13:17:00,1544.29,1544.29,1544.25,1544.25,-0.0,25.77,39437.96,-1
2026-01-05,2026-01-05 13:18:00,1544.25,1544.25,1544.21,1544.21,-0.0,25.77,39437.96,-1
2026-01-05,2026-01-05 13:19:00,1544.21,1544.21,1544.17,1544.17,-0.0,25.77,39437.96,-1
2026-01-05,2026-01-05 13:20:00,1544.17,1544.17,1544.12,1544.12,-0.0,25.77,39437.96,-1
2026-01-05,2026-01-05 13:21:00,1544.12,1544.12,1544.08,1544.08,-0.0,25.77,39437.96,-1
2026-01-05,2026-01-05 13:22:00,1544.08,1544.08,1544.04,1544.04,-0.0,25.77,39437.96,-1
2026-01-05,2026-01-05 13:23:00,1544.04,1544.04,1544.0,1544.0,-0.0,25.77,39437.96,-1
2026-01-05,2026-01-05 13:24:00,1544.0,1544.0,1543.96,1543.96,-0.0,25.77,39437.96,-1
2026-01-05,2026-01-05 13:25:00,1543.96,1543.96,1543.92,1543.92,-0.0,25.77,39437.96,-1
2026-01-05,2026-01-05 13:26:00,1543.92,1543.92,1543.88,1543.88,-0.0,25.77,39437.96,-1
2026-01-05,2026-01-05 13:27:00,1543.88,1543.88,1543.83,1543.83,-0.0,25.77,39437.96,-1
2026-01-05,2026-01-05 13:28:00,1543.83,1543.83,1543.79,1543.79,-0.0,25.77,39437.96,-1
2026-01-05,2026-01-05 13:29:00,1543.79,1543.79,1543.75,1543.75,-0.0,25.77,39437.96,-1
2026-01-05,2026-01-05 13:30:00,1543.75,1543.75,1543.71,1543.71,-0.0,25.77,39437.96,-1
2026-01-05,2026-01-05 13:31:00,1543.71,1543.71,1543.67,1543.67,-0.0,25.77,39437.96,-1
2026-01-05,2026-01-05 13:32:00,1543.67,1543.67,1543.62,1543.62,-0.0,25.77,39437.96,-1
2026-01-05,2026-01-05 13:33:00,1543.62,1543.62,1543.58,1543.58,-0.0,25.77,39437.96,-1
2026-01-05,2026-01-05 13:34:00,1543.58,1543.58,1543.54,1543.54,-0.0,25.77,39437.96,-1
2026-01-05,2026-01-05 13:35:00,1543.54,1543.54,1543.5,1543.5,-0.0,25.77,39437.96,-1
2026-01-05,2026-01-05 13:36:00,1543.5,1543.5,1543.46,1543.46,-0.0,25.77,39437.96,-1
2026-01-05,2026-01-05 13:37:00,1543.46,1543.46,1543.42,1543.42,-0.0,25.77,39437.96,-1
2026-01-05,2026-01-05 13:38:00,1543.42,1543.42,1543.38,1543.38,-0.0,25.77,39437.96,-1
2026-01-05,2026-01-05 13:39:00,1543.38,1543.38,1543.33,1543.33,-0.0,25.77,39437.96,-1
2026-01-05,2026-01-05 13:40:00,1543.33,1543.33,1543.29,1543.29,-0.0,25.77,39437.96,-1
2026-01-05,2026-01-05 13:41:00,1543.29,1543.29,1543.25,1543.25,-0.0,25.77,39437.96,-1
2026-01-05,2026-01-05 13:42:00,1543.25,1543.25,1543.21,1543.21,-0.0,25.77,39437.96,-1
2026-01-05,2026-01-05 13:43:00,1543.21,1543.21,1543.17,1543.17,-0.0,25.77,39437.96,-1
2026-01-05,2026-01-05 13:44:00,1543.17,1543.17,1543.12,1543.12,-0.0,25.77,39437.96,-1
2026-01-05,2026-01-05 13:45:00,1543.12,1543.12,1543.08,1543.08,-0.0,25.77,39437.96,-1
2026-01-05,2026-01-05 13:46:00,1543.08,1543.08,1543.04,1543.04,-0.0,25.77,39437.96,-1
2026-01-05,2026-01-05 13:47:00,1543.04,1543.04,1543.0,1543.0,-0.0,25.77,39437.96,-1
2026-01-05,2026-01-05 13:48:00,1543.0,1543.0,1542.96,1542.96,-0.0,25.77,39437.96,-1
2026-01-05,2026-01-05 13:49:00,1542.96,1542.96,1542.92,1542.92,-0.0,25.77,39437.96,-1
2026-01-05,2026-01-05 13:50:00,1542.92,1542.92,1542.88,1542.88,-0.0,25.77,39437.96,-1
2026-01-05,2026-01-05 13:51:00,1542.88,1542.88,1542.83,1542.83,-0.0,25.77,39437.96,-1
2026-01-05,2026-01-05 13:52:00,1542.83,1542.83,1542.79,1542.79,-0.0,25.77,39437.96,-1
2026-01-05,2026-01-05 13:53:00,1542.79,1542.79,1542.75,1542.75,-0.0,25.77,39437.96,-1
2026-01-05,2026-01-05 13:54:00,1542.75,1542.75,1542.71,1542.71,-0.0,25.77,39437.96,-1
2026-01-05,2026-01-05 13:55:00,1542.71,1542.71,1542.67,1542.67,-0.0,25.77,39437.96,-1
2026-01-05,2026-01-05 13:56:00,1542.67,1542.67,1542.62,1542.62,-0.0,25.77,39437.96,-1
2026-01-05,2026-01-05 13:57:00,1542.62,1542.62,1542.58,1542.58,-0.0,25.77,39437.96,-1
2026-01-05,2026-01-05 13:58:00,1542.58,1542.58,1542.54,1542.54,-0.0,25.77,39437.96,-1
2026-01-05,2026-01-05 13:59:00,1542.54,1542.54,1542.5,1542.5,-0.0,25.77,39437.96,-1
2026-01-05,2026-01-05 14:00:00,1542.5,1542.5,1542.46,1542.46,-0.0,25.77,39437.96,-1
2026-01-05,2026-01-05 14:01:00,1542.46,1542.46,1542.42,1542.42,-0.0,25.77,39437.96,-1
2026-01-05,2026-01-05 14:02:00,1542.42,1542.42,1542.38,1542.38,-0.0,25.77,39437.96,-1
2026-01-05,2026-01-05 14:03:00,1542.38,1542.38,1542.33,1542.33,-0.0,25.77,39437.96,-1
2026-01-05,2026-01-05 14:04:00,1542.33,1542.33,1542.29,1542.29,-0.0,25.77,39437.96,-1
2026-01-05,2026-01-05 14:05:00,1542.29,1542.29,1542.25,1542.25,-0.0,25.77,39437.96,-1
2026-01-05,2026-01-05 14:06:00,1542.25,1542.25,1542.21,1542.21,-0.0,25.77,39437.96,-1
2026-01-05,2026-01-05 14:07:00,1542.21,1542.21,1542.17,1542.17,-0.0,25.77,39437.96,-1
2026-01-05,2026-01-05 14:08:00,1542.17,1542.17,1542.12,1542.12,-0.0,25.77,39437.96,-1
2026-01-05,2026-01-05 14:09:00,1542.12,1542.12,1542.08,1542.08,-0.0,25.77,39437.96,-1
2026-01-05,2026-01-05 14:10:00,1542.08,1542.08,1542.04,1542.04,-0.0,25.77,39437.96,-1
2026-01-05,2026-01-05 14:11:00,1542.04,1542.04,1542.0,1542.0,-0.0,25.77,39437.96,-1
2026-01-05,2026-01-05 14:12:00,1542.0,1542.0,1541.96,1541.96,-0.0,25.77,39437.96,-1
2026-01-05,2026-01-05 14:13:00,1541.96,1541.96,1541.92,1541.92,-0.0,25.77,39437.96,-1
2026-01-05,2026-01-05 14:14:00,1541.92,1541.92,1541.88,1541.88,-0.0,25.77,39437.96,-1
2026-01-05,2026-01-05 14:15:00,1541.88,1541.88,1541.83,1541.83,-0.0,25.77,39437.96,-1
2026-01-05,2026-01-05 14:16:00,1541.83,1541.83,1541.79,1541.79,-0.0,25.77,39437.96,-1
2026-01-05,2026-01-05 14:17:00,1541.79,1541.79,1541.75,1541.75,-0.0,25.77,39437.96,-1
2026-01-05,2026-01-05 14:18:00,1541.75,1541.75,1541.71,1541.71,-0.0,25.77,39437.96,-1
2026-01-05,2026-01-05 14:19:00,1541.71,1541.71,1541.67,1541.67,-0.0,25.77,39437.96,-1
2026-01-05,2026-01-05 14:20:00,1541.67,1541.67,1541.62,1541.62,-0.0,25.77,39437.96,-1
2026-01-05,2026-01-05 14:21:00,1541.62,1541.62,1541.58,1541.58,-0.0,25.77,39437.96,-1
2026-01-05,2026-01-05 14:22:00,1541.58,1541.58,1541.54,1541.54,-0.0,25.77,39437.96,-1
2026-01-05,2026-01-05 14:23:00,1541.54,1541.54,1541.5,1541.5,-0.0,25.77,39437.96,-1
2026-01-05,2026-01-05 14:24:00,1541.5,1541.5,1541.46,1541.46,-0.0,25.77,39437.96,-1
2026-01-05,2026-01-05 14:25:00,1541.46,1541.46,1541.42,1541.42,-0.0,25.77,39437.96,-1
2026-01-05,2026-01-05 14:26:00,1541.42,1541.42,1541.38,1541.38,-0.0,25.77,39437.96,-1
2026-01-05,2026-01-05 14:27:00,1541.38,1541.38,1541.33,1541.33,-0.0,25.77,39437.96,-1
2026-01-05,2026-01-05 14:28:00,1541.33,1541.33,1541.29,1541.29,-0.0,25.77,39437.96,-1
2026-01-05,2026-01-05 14:29:00,1541.29,1541.29,1541.25,1541.25,-0.0,25.77,39437.96,-1
2026-01-05,2026-01-05 14:30:00,1541.25,1541.25,1541.21,1541.21,-0.0,25.77,39437.96,-1
2026-01-05,2026-01-05 14:31:00,1541.21,1541.21,1541.17,1541.17,-0.0,25.77,39437.96,-1
2026-01-05,2026-01-05 14:32:00,1541.17,1541.17,1541.12,1541.12,-0.0,25.77,39437.96,-1
2026-01-05,2026-01-05 14:33:00,1541.12,1541.12,1541.08,1541.08,-0.0,25.77,39437.96,-1
2026-01-05,2026-01-05 14:34:00,1541.08,1541.08,1541.04,1541.04,-0.0,25.77,39437.96,-1
2026-01-05,2026-01-05 14:35:00,1541.04,1541.04,1541.0,1541.0,-0.0,25.77,39437.96,-1
2026-01-05,2026-01-05 14:36:00,1541.0,1541.0,1540.96,1540.96,-0.0,25.77,39437.96,-1
2026-01-05,2026-01-05 14:37:00,1540.96,1540.96,1540.92,1540.92,-0.0,25.77,39437.96,-1
2026-01-05,2026-01-05 14:38:00,1540.92,1540.92,1540.88,1540.88,-0.0,25.77,39437.96,-1
2026-01-05,2026-01-05 14:39:00,1540.88,1540.88,1540.83,1540.83,-0.0,25.77,39437.96,-1
2026-01-05,2026-01-05 14:40:00,1540.83,1540.83,1540.79,1540.79,-0.0,25.77,39437.96,-1
2026-01-05,2026-01-05 14:41:00,1540.79,1540.79,1540.75,1540.75,-0.0,25.77,39437.96,-1
2026-01-05,2026-01-05 14:42:00,1540.75,1540.75,1540.71,1540.71,-0.0,25.77,39437.96,-1
2026-01-05,2026-01-05 14:43:00,1540.71,1540.71,1540.67,1540.67,-0.0,25.77,39437.96,-1
2026-01-05,2026-01-05 14:44:00,1540.67,1540.67,1540.62,1540.62,-0.0,25.77,39437.96,-1
2026-01-05,2026-01-05 14:45:00,1540.62,1540.62,1540.58,1540.58,-0.0,25.77,39437.96,-1
2026-01-05,2026-01-05 14:46:00,1540.58,1540.58,1540.54,1540.54,-0.0,25.77,39437.96,-1
2026-01-05,2026-01-05 14:47:00,1540.54,1540.54,1540.5,1540.5,-0.0,25.77,39437.96,-1
2026-01-05,2026-01-05 14:48:00,1540.5,1540.5,1540.46,1540.46,-0.0,25.77,39437.96,-1
2026-01-05,2026-01-05 14:49:00,1540.46,1540.46,1540.42,1540.42,-0.0,25.77,39437.96,-1
2026-01-05,2026-01-05 14:50:00,1540.42,1540.42,1540.38,1540.38,-0.0,25.77,39437.96,-1
2026-01-05,2026-01-05 14:51:00,1540.38,1540.38,1540.33,1540.33,-0.0,25.77,39437.96,-1
2026-01-05,2026-01-05 14:52:00,1540.33,1540.33,1540.29,1540.29,-0.0,25.77,39437.96,-1
2026-01-05,2026-01-05 14:53:00,1540.29,1540.29,1540.25,1540.25,-0.0,25.77,39437.96,-1
2026-01-05,2026-01-05 14:54:00,1540.25,1540.25,1540.21,1540.21,-0.0,25.77,39437.96,-1
2026-01-05,2026-01-05 14:55:00,1540.21,1540.21,1540.17,1540.17,-0.0,25.77,39437.96,-1
2026-01-05,2026-01-05 14:56:00,1540.17,1540.17,1540.12,1540.12,-0.0,25.77,39437.96,-1
2026-01-05,2026-01-05 14:57:00,1540.12,1540.12,1540.08,1540.08,-0.0,25.77,39437.96,-1
2026-01-05,2026-01-05 14:58:00,1540.08,1540.08,1540.04,1540.04,-0.0,25.77,39437.96,-1
2026-01-05,2026-01-05 14:59:00,1540.04,1540.04,1540.0,1540.0,-0.0,25.77,39437.96,-1
2026-01-05,2026-01-05 15:00:00,1540.0,1569.0,1519.0,1540.0,0.0,25.77,39437.96,0
2026-01-06,2026-01-06 11:00:00,1526.0,1533.17,1524.2,1525.98,-0.0,7.72,11810.49,-1
2026-01-06,2026-01-06 11:01:00,1525.98,1525.98,1525.97,1525.97,-0.0,7.72,11810.49,-1
2026-01-06,2026-01-06 11:02:00,1525.97,1525.97,1525.95,1525.95,-0.0,7.72,11810.49,-1
2026-01-06,2026-01-06 11:03:00,1525.95,1525.95,1525.93,1525.93,-0.0,7.72,11810.49,-1
2026-01-06,2026-01-06 11:04:00,1525.93,1525.93,1525.92,1525.92,-0.0,7.72,11810.49,-1
2026-01-06,2026-01-06 11:05:00,1525.92,1525.92,1525.9,1525.9,-0.0,7.72,11810.49,-1
2026-01-06,2026-01-06 11:06:00,1525.9,1525.9,1525.88,1525.88,-0.0,7.72,11810.49,-1
2026-01-06,2026-01-06 11:07:00,1525.88,1525.88,1525.87,1525.87,-0.0,7.72,11810.49,-1
2026-01-06,2026-01-06 11:08:00,1525.87,1525.87,1525.85,1525.85,-0.0,7.72,11810.49,-1
2026-01-06,2026-01-06 11:09:00,1525.85,1525.85,1525.83,1525.83,-0.0,7.72,11810.49,-1
2026-01-06,2026-01-06 11:10:00,1525.83,1525.83,1525.82,1525.82,-0.0,7.72,11810.49,-1
2026-01-06,2026-01-06 11:11:00,1525.82,1525.82,1525.8,1525.8,-0.0,7.72,11810.49,-1
2026-01-06,2026-01-06 11:12:00,1525.8,1525.8,1525.78,1525.78,-0.0,7.72,11810.49,-1
2026-01-06,2026-01-06 11:13:00,1525.78,1525.78,1525.77,1525.77,-0.0,7.72,11810.49,-1
2026-01-06,2026-01-06 11:14:00,1525.77,1525.77,1525.75,1525.75,-0.0,7.72,11810.49,-1
2026-01-06,2026-01-06 11:15:00,1525.75,1525.75,1525.73,1525.73,-0.0,7.72,11810.49,-1
2026-01-06,2026-01-06 11:16:00,1525.73,1525.73,1525.72,1525.72,-0.0,7.72,11810.49,-1
2026-01-06,2026-01-06 11:17:00,1525.72,1525.72,1525.7,1525.7,-0.0,7.72,11810.49,-1
2026-01-06,2026-01-06 11:18:00,1525.7,1525.7,1525.68,1525.68,-0.0,7.72,11810.49,-1
2026-01-06,2026-01-06 11:19:00,1525.68,1525.68,1525.67,1525.67,-0.0,7.72,11810.49,-1
2026-01-06,2026-01-06 11:20:00,1525.67,1525.67,1525.65,1525.65,-0.0,7.72,11810.49,-1
2026-01-06,2026-01-06 11:21:00,1525.65,1525.65,1525.63,1525.63,-0.0,7.72,11810.49,-1
2026-01-06,2026-01-06 11:22:00,1525.63,1525.63,1525.62,1525.62,-0.0,7.72,11810.49,-1
2026-01-06,2026-01-06 11:23:00,1525.62,1525.62,1525.6,1525.6,-0.0,7.72,11810.49,-1
2026-01-06,2026-01-06 11:24:00,1525.6,1525.6,1525.58,1525.58,-0.0,7.72,11810.49,-1
2026-01-06,2026-01-06 11:25:00,1525.58,1525.58,1525.57,1525.57,-0.0,7.72,11810.49,-1
2026-01-06,2026-01-06 11:26:00,1525.57,1525.57,1525.55,1525.55,-0.0,7.72,11810.49,-1
2026-01-06,2026-01-06 11:27:00,1525.55,1525.55,1525.53,1525.53,-0.0,7.72,11810.49,-1
2026-01-06,2026-01-06 11:28:00,1525.53,1525.53,1525.52,1525.52,-0.0,7.72,11810.49,-1
2026-01-06,2026-01-06 11:29:00,1525.52,1525.52,1525.5,1525.5,-0.0,7.72,11810.49,-1
2026-01-06,2026-01-06 11:30:00,1525.5,1525.5,1525.48,1525.48,-0.0,7.72,11810.49,-1
2026-01-06,2026-01-06 11:31:00,1525.48,1525.48,1525.47,1525.47,-0.0,7.72,11810.49,-1
2026-01-06,2026-01-06 11:32:00,1525.47,1525.47,1525.45,1525.45,-0.0,7.72,11810.49,-1
2026-01-06,2026-01-06 11:33:00,1525.45,1525.45,1525.43,1525.43,-0.0,7.72,11810.49,-1
2026-01-06,2026-01-06 11:34:00,1525.43,1525.43,1525.42,1525.42,-0.0,7.72,11810.49,-1
2026-01-06,2026-01-06 11:35:00,1525.42,1525.42,1525.4,1525.4,-0.0,7.72,11810.49,-1
2026-01-06,2026-01-06 11:36:00,1525.4,1525.4,1525.38,1525.38,-0.0,7.72,11810.49,-1
2026-01-06,2026-01-06 11:37:00,1525.38,1525.38,1525.37,1525.37,-0.0,7.72,11810.49,-1
2026-01-06,2026-01-06 11:38:00,1525.37,1525.37,1525.35,1525.35,-0.0,7.72,11810.49,-1
2026-01-06,2026-01-06 11:39:00,1525.35,1525.35,1525.33,1525.33,-0.0,7.72,11810.49,-1
2026-01-06,2026-01-06 11:40:00,1525.33,1525.33,1525.32,1525.32,-0.0,7.72,11810.49,-1
2026-01-06,2026-01-06 11:41:00,1525.32,1525.32,1525.3,1525.3,-0.0,7.72,11810.49,-1
2026-01-06,2026-01-06 11:42:00,1525.3,1525.3,1525.28,1525.28,-0.0,7.72,11810.49,-1
2026-01-06,2026-01-06 11:43:00,1525.28,1525.28,1525.27,1525.27,-0.0,7.72,11810.49,-1
2026-01-06,2026-01-06 11:44:00,1525.27,1525.27,1525.25,1525.25,-0.0,7.72,11810.49,-1
2026-01-06,2026-01-06 11:45:00,1525.25,1525.25,1525.23,1525.23,-0.0,7.72,11810.49,-1
2026-01-06,2026-01-06 11:46:00,1525.23,1525.23,1525.22,1525.22,-0.0,7.72,11810.49,-1
2026-01-06,2026-01-06 11:47:00,1525.22,1525.22,1525.2,1525.2,-0.0,7.72,11810.49,-1
2026-01-06,2026-01-06 11:48:00,1525.2,1525.2,1525.18,1525.18,-0.0,7.72,11810.49,-1
2026-01-06,2026-01-06 11:49:00,1525.18,1525.18,1525.17,1525.17,-0.0,7.72,11810.49,-1
2026-01-06,2026-01-06 11:50:00,1525.17,1525.17,1525.15,1525.15,-0.0,7.72,11810.49,-1
2026-01-06,2026-01-06 11:51:00,1525.15,1525.15,1525.13,1525.13,-0.0,7.72,11810.49,-1
2026-01-06,2026-01-06 11:52:00,1525.13,1525.13,1525.12,1525.12,-0.0,7.72,11810.49,-1
2026-01-06,2026-01-06 11:53:00,1525.12,1525.12,1525.1,1525.1,-0.0,7.72,11810.49,-1
2026-01-06,2026-01-06 11:54:00,1525.1,1525.1,1525.08,1525.08,-0.0,7.72,11810.49,-1
2026-01-06,2026-01-06 11:55:00,1525.08,1525.08,1525.07,1525.07,-0.0,7.72,11810.49,-1
2026-01-06,2026-01-06 11:56:00,1525.07,1525.07,1525.05,1525.05,-0.0,7.72,11810.49,-1
2026-01-06,2026-01-06 11:57:00,1525.05,1525.05,1525.03,1525.03,-0.0,7.72,11810.49,-1
2026-01-06,2026-01-06 11:58:00,1525.03,1525.03,1525.02,1525.02,-0.0,7.72,11810.49,-1
2026-01-06,2026-01-06 11:59:00,1525.02,1525.02,1525.0,1525.0,-0.0,7.72,11810.49,-1
2026-01-06,2026-01-06 12:00:00,1525.0,1525.0,1524.98,1524.98,-0.0,7.72,11810.49,-1
2026-01-06,2026-01-06 12:01:00,1524.98,1524.98,1524.97,1524.97,-0.0,7.72,11810.49,-1
2026-01-06,2026-01-06 12:02:00,1524.97,1524.97,1524.95,1524.95,-0.0,7.72,11810.49,-1
2026-01-06,2026-01-06 12:03:00,1524.95,1524.95,1524.93,1524.93,-0.0,7.72,11810.49,-1
2026-01-06,2026-01-06 12:04:00,1524.93,1524.93,1524.92,1524.92,-0.0,7.72,11810.49,-1
2026-01-06,2026-01-06 12:05:00,1524.92,1524.92,1524.9,1524.9,-0.0,7.72,11810.49,-1
2026-01-06,2026-01-06 12:06:00,1524.9,1524.9,1524.88,1524.88,-0.0,7.72,11810.49,-1
2026-01-06,2026-01-06 12:07:00,1524.88,1524.88,1524.87,1524.87,-0.0,7.72,11810.49,-1
2026-01-06,2026-01-06 12:08:00,1524.87,1524.87,1524.85,1524.85,-0.0,7.72,11810.49,-1
2026-01-06,2026-01-06 12:09:00,1524.85,1524.85,1524.83,1524.83,-0.0,7.72,11810.49,-1
2026-01-06,2026-01-06 12:10:00,1524.83,1524.83,1524.82,1524.82,-0.0,7.72,11810.49,-1
2026-01-06,2026-01-06 12:11:00,1524.82,1524.82,1524.8,1524.8,-0.0,7.72,11810.49,-1
2026-01-06,2026-01-06 12:12:00,1524.8,1524.8,1524.78,1524.78,-0.0,7.72,11810.49,-1
2026-01-06,2026-01-06 12:13:00,1524.78,1524.78,1524.77,1524.77,-0.0,7.72,11810.49,-1
2026-01-06,2026-01-06 12:14:00,1524.77,1524.77,1524.75,1524.75,-0.0,7.72,11810.49,-1
2026-01-06,2026-01-06 12:15:00,1524.75,1524.75,1524.73,1524.73,-0.0,7.72,11810.49,-1
2026-01-06,2026-01-06 12:16:00,1524.73,1524.73,1524.72,1524.72,-0.0,7.72,11810.49,-1
2026-01-06,2026-01-06 12:17:00,1524.72,1524.72,1524.7,1524.7,-0.0,7.72,11810.49,-1
2026-01-06,2026-01-06 12:18:00,1524.7,1524.7,1524.68,1524.68,-0.0,7.72,11810.49,-1
2026-01-06,2026-01-06 12:19:00,1524.68,1524.68,1524.67,1524.67,-0.0,7.72,11810.49,-1
2026-01-06,2026-01-06 12:20:00,1524.67,1524.67,1524.65,1524.65,-0.0,7.72,11810.49,-1
2026-01-06,2026-01-06 12:21:00,1524.65,1524.65,1524.63,1524.63,-0.0,7.72,11810.49,-1
2026-01-06,2026-01-06 12:22:00,1524.63,1524.63,1524.62,1524.62,-0.0,7.72,11810.49,-1
2026-01-06,2026-01-06 12:23:00,1524.62,1524.62,1524.6,1524.6,-0.0,7.72,11810.49,-1
2026-01-06,2026-01-06 12:24:00,1524.6,1524.6,1524.58,1524.58,-0.0,7.72,11810.49,-1
2026-01-06,2026-01-06 12:25:00,1524.58,1524.58,1524.57,1524.57,-0.0,7.72,11810.49,-1
2026-01-06,2026-01-06 12:26:00,1524.57,1524.57,1524.55,1524.55,-0.0,7.72,11810.49,-1
2026-01-06,2026-01-06 12:27:00,1524.55,1524.55,1524.53,1524.53,-0.0,7.72,11810.49,-1
2026-01-06,2026-01-06 12:28:00,1524.53,1524.53,1524.52,1524.52,-0.0,7.72,11810.49,-1
2026-01-06,2026-01-06 12:29:00,1524.52,1524.52,1524.5,1524.5,-0.0,7.72,11810.49,-1
2026-01-06,2026-01-06 12:30:00,1524.5,1524.5,1524.48,1524.48,-0.0,7.72,11810.49,-1
2026-01-06,2026-01-06 12:31:00,1524.48,1524.48,1524.47,1524.47,-0.0,7.72,11810.49,-1
2026-01-06,2026-01-06 12:32:00,1524.47,1524.47,1524.45,1524.45,-0.0,7.72,11810.49,-1
2026-01-06,2026-01-06 12:33:00,1524.45,1524.45,1524.43,1524.43,-0.0,7.72,11810.49,-1
2026-01-06,2026-01-06 12:34:00,1524.43,1524.43,1524.42,1524.42,-0.0,7.72,11810.49,-1
2026-01-06,2026-01-06 12:35:00,1524.42,1524.42,1524.4,1524.4,-0.0,7.72,11810.49,-1
2026-01-06,2026-01-06 12:36:00,1524.4,1524.4,1524.38,1524.38,-0.0,7.72,11810.49,-1
2026-01-06,2026-01-06 12:37:00,1524.38,1524.38,1524.37,1524.37,-0.0,7.72,11810.49,-1
2026-01-06,2026-01-06 12:38:00,1524.37,1524.37,1524.35,1524.35,-0.0,7.72,11810.49,-1
2026-01-06,2026-01-06 12:39:00,1524.35,1524.35,1524.33,1524.33,-0.0,7.72,11810.49,-1
2026-01-06,2026-01-06 12:40:00,1524.33,1524.33,1524.32,1524.32,-0.0,7.72,11810.49,-1
2026-01-06,2026-01-06 12:41:00,1524.32,1524.32,1524.3,1524.3,-0.0,7.72,11810.49,-1
2026-01-06,2026-01-06 12:42:00,1524.3,1524.3,1524.28,1524.28,-0.0,7.72,11810.49,-1
2026-01-06,2026-01-06 12:43:00,1524.28,1524.28,1524.27,1524.27,-0.0,7.72,11810.49,-1
2026-01-06,2026-01-06 12:44:00,1524.27,1524.27,1524.25,1524.25,-0.0,7.72,11810.49,-1
2026-01-06,2026-01-06 12:45:00,1524.25,1524.25,1524.23,1524.23,-0.0,7.72,11810.49,-1
2026-01-06,2026-01-06 12:46:00,1524.23,1524.23,1524.22,1524.22,-0.0,7.72,11810.49,-1
2026-01-06,2026-01-06 12:47:00,1524.22,1524.22,1524.2,1524.2,-0.0,7.72,11810.49,-1
2026-01-06,2026-01-06 12:48:00,1524.2,1524.2,1524.18,1524.18,-0.0,7.72,11810.49,-1
2026-01-06,2026-01-06 12:49:00,1524.18,1524.18,1524.17,1524.17,-0.0,7.72,11810.49,-1
2026-01-06,2026-01-06 12:50:00,1524.17,1524.17,1524.15,1524.15,-0.0,7.72,11810.49,-1
2026-01-06,2026-01-06 12:51:00,1524.15,1524.15,1524.13,1524.13,-0.0,7.72,11810.49,-1
2026-01-06,2026-01-06 12:52:00,1524.13,1524.13,1524.12,1524.12,-0.0,7.72,11810.49,-1
2026-01-06,2026-01-06 12:53:00,1524.12,1524.12,1524.1,1524.1,-0.0,7.72,11810.49,-1
2026-01-06,2026-01-06 12:54:00,1524.1,1524.1,1524.08,1524.08,-0.0,7.72,11810.49,-1
2026-01-06,2026-01-06 12:55:00,1524.08,1524.08,1524.07,1524.07,-0.0,7.72,11810.49,-1
2026-01-06,2026-01-06 12:56:00,1524.07,1524.07,1524.05,1524.05,-0.0,7.72,11810.49,-1
2026-01-06,2026-01-06 12:57:00,1524.05,1524.05,1524.03,1524.03,-0.0,7.72,11810.49,-1
2026-01-06,2026-01-06 12:58:00,1524.03,1524.03,1524.02,1524.02,-0.0,7.72,11810.49,-1
2026-01-06,2026-01-06 12:59:00,1524.02,1524.02,1524.0,1524.0,-0.0,7.72,11810.49,-1
2026-01-06,2026-01-06 13:00:00,1524.0,1549.9,1520.0,1523.98,-0.0,7.72,11810.49,-1
2026-01-06,2026-01-06 13:01:00,1523.98,1523.98,1523.97,1523.97,-0.0,7.72,11810.49,-1
2026-01-06,2026-01-06 13:02:00,1523.97,1523.97,1523.95,1523.95,-0.0,7.72,11810.49,-1
2026-01-06,2026-01-06 13:03:00,1523.95,1523.95,1523.93,1523.93,-0.0,7.72,11810.49,-1
2026-01-06,2026-01-06 13:04:00,1523.93,1523.93,1523.92,1523.92,-0.0,7.72,11810.49,-1
2026-01-06,2026-01-06 13:05:00,1523.92,1523.92,1523.9,1523.9,-0.0,7.72,11810.49,-1
2026-01-06,2026-01-06 13:06:00,1523.9,1523.9,1523.88,1523.88,-0.0,7.72,11810.49,-1
2026-01-06,2026-01-06 13:07:00,1523.88,1523.88,1523.87,1523.87,-0.0,7.72,11810.49,-1
2026-01-06,2026-01-06 13:08:00,1523.87,1523.87,1523.85,1523.85,-0.0,7.72,11810.49,-1
2026-01-06,2026-01-06 13:09:00,1523.85,1523.85,1523.83,1523.83,-0.0,7.72,11810.49,-1
2026-01-06,2026-01-06 13:10:00,1523.83,1523.83,1523.82,1523.82,-0.0,7.72,11810.49,-1
2026-01-06,2026-01-06 13:11:00,1523.82,1523.82,1523.8,1523.8,-0.0,7.72,11810.49,-1
2026-01-06,2026-01-06 13:12:00,1523.8,1523.8,1523.78,1523.78,-0.0,7.72,11810.49,-1
2026-01-06,2026-01-06 13:13:00,1523.78,1523.78,1523.77,1523.77,-0.0,7.72,11810.49,-1
2026-01-06,2026-01-06 13:14:00,1523.77,1523.77,1523.75,1523.75,-0.0,7.72,11810.49,-1
2026-01-06,2026-01-06 13:15:00,1523.75,1523.75,1523.73,1523.73,-0.0,7.72,11810.49,-1
2026-01-06,2026-01-06 13:16:00,1523.73,1523.73,1523.72,1523.72,-0.0,7.72,11810.49,-1
2026-01-06,2026-01-06 13:17:00,1523.72,1523.72,1523.7,1523.7,-0.0,7.72,11810.49,-1
2026-01-06,2026-01-06 13:18:00,1523.7,1523.7,1523.68,1523.68,-0.0,7.72,11810.49,-1
2026-01-06,2026-01-06 13:19:00,1523.68,1523.68,1523.67,1523.67,-0.0,7.72,11810.49,-1
2026-01-06,2026-01-06 13:20:00,1523.67,1523.67,1523.65,1523.65,-0.0,7.72,11810.49,-1
2026-01-06,2026-01-06 13:21:00,1523.65,1523.65,1523.63,1523.63,-0.0,7.72,11810.49,-1
2026-01-06,2026-01-06 13:22:00,1523.63,1523.63,1523.62,1523.62,-0.0,7.72,11810.49,-1
2026-01-06,2026-01-06 13:23:00,1523.62,1523.62,1523.6,1523.6,-0.0,7.72,11810.49,-1
2026-01-06,2026-01-06 13:24:00,1523.6,1523.6,1523.58,1523.58,-0.0,7.72,11810.49,-1
2026-01-06,2026-01-06 13:25:00,1523.58,1523.58,1523.57,1523.57,-0.0,7.72,11810.49,-1
2026-01-06,2026-01-06 13:26:00,1523.57,1523.57,1523.55,1523.55,-0.0,7.72,11810.49,-1
2026-01-06,2026-01-06 13:27:00,1523.55,1523.55,1523.53,1523.53,-0.0,7.72,11810.49,-1
2026-01-06,2026-01-06 13:28:00,1523.53,1523.53,1523.52,1523.52,-0.0,7.72,11810.49,-1
2026-01-06,2026-01-06 13:29:00,1523.52,1523.52,1523.5,1523.5,-0.0,7.72,11810.49,-1
2026-01-06,2026-01-06 13:30:00,1523.5,1523.5,1523.48,1523.48,-0.0,7.72,11810.49,-1
2026-01-06,2026-01-06 13:31:00,1523.48,1523.48,1523.47,1523.47,-0.0,7.72,11810.49,-1
2026-01-06,2026-01-06 13:32:00,1523.47,1523.47,1523.45,1523.45,-0.0,7.72,11810.49,-1
2026-01-06,2026-01-06 13:33:00,1523.45,1523.45,1523.43,1523.43,-0.0,7.72,11810.49,-1
2026-01-06,2026-01-06 13:34:00,1523.43,1523.43,1523.42,1523.42,-0.0,7.72,11810.49,-1
2026-01-06,2026-01-06 13:35:00,1523.42,1523.42,1523.4,1523.4,-0.0,7.72,11810.49,-1
2026-01-06,2026-01-06 13:36:00,1523.4,1523.4,1523.38,1523.38,-0.0,7.72,11810.49,-1
2026-01-06,2026-01-06 13:37:00,1523.38,1523.38,1523.37,1523.37,-0.0,7.72,11810.49,-1
2026-01-06,2026-01-06 13:38:00,1523.37,1523.37,1523.35,1523.35,-0.0,7.72,11810.49,-1
2026-01-06,2026-01-06 13:39:00,1523.35,1523.35,1523.33,1523.33,-0.0,7.72,11810.49,-1
2026-01-06,2026-01-06 13:40:00,1523.33,1523.33,1523.32,1523.32,-0.0,7.72,11810.49,-1
2026-01-06,2026-01-06 13:41:00,1523.32,1523.32,1523.3,1523.3,-0.0,7.72,11810.49,-1
2026-01-06,2026-01-06 13:42:00,1523.3,1523.3,1523.28,1523.28,-0.0,7.72,11810.49,-1
2026-01-06,2026-01-06 13:43:00,1523.28,1523.28,1523.27,1523.27,-0.0,7.72,11810.49,-1
2026-01-06,2026-01-06 13:44:00,1523.27,1523.27,1523.25,1523.25,-0.0,7.72,11810.49,-1
2026-01-06,2026-01-06 13:45:00,1523.25,1523.25,1523.23,1523.23,-0.0,7.72,11810.49,-1
2026-01-06,2026-01-06 13:46:00,1523.23,1523.23,1523.22,1523.22,-0.0,7.72,11810.49,-1
2026-01-06,2026-01-06 13:47:00,1523.22,1523.22,1523.2,1523.2,-0.0,7.72,11810.49,-1
2026-01-06,2026-01-06 13:48:00,1523.2,1523.2,1523.18,1523.18,-0.0,7.72,11810.49,-1
2026-01-06,2026-01-06 13:49:00,1523.18,1523.18,1523.17,1523.17,-0.0,7.72,11810.49,-1
2026-01-06,2026-01-06 13:50:00,1523.17,1523.17,1523.15,1523.15,-0.0,7.72,11810.49,-1
2026-01-06,2026-01-06 13:51:00,1523.15,1523.15,1523.13,1523.13,-0.0,7.72,11810.49,-1
2026-01-06,2026-01-06 13:52:00,1523.13,1523.13,1523.12,1523.12,-0.0,7.72,11810.49,-1
2026-01-06,2026-01-06 13:53:00,1523.12,1523.12,1523.1,1523.1,-0.0,7.72,11810.49,-1
2026-01-06,2026-01-06 13:54:00,1523.1,1523.1,1523.08,1523.08,-0.0,7.72,11810.49,-1
2026-01-06,2026-01-06 13:55:00,1523.08,1523.08,1523.07,1523.07,-0.0,7.72,11810.49,-1
2026-01-06,2026-01-06 13:56:00,1523.07,1523.07,1523.05,1523.05,-0.0,7.72,11810.49,-1
2026-01-06,2026-01-06 13:57:00,1523.05,1523.05,1523.03,1523.03,-0.0,7.72,11810.49,-1
2026-01-06,2026-01-06 13:58:00,1523.03,1523.03,1523.02,1523.02,-0.0,7.72,11810.49,-1
2026-01-06,2026-01-06 13:59:00,1523.02,1523.02,1523.0,1523.0,-0.0,7.72,11810.49,-1
2026-01-06,2026-01-06 14:00:00,1523.0,1523.0,1522.98,1522.98,-0.0,7.72,11810.49,-1
2026-01-06,2026-01-06 14:01:00,1522.98,1522.98,1522.97,1522.97,-0.0,7.72,11810.49,-1
2026-01-06,2026-01-06 14:02:00,1522.97,1522.97,1522.95,1522.95,-0.0,7.72,11810.49,-1
2026-01-06,2026-01-06 14:03:00,1522.95,1522.95,1522.93,1522.93,-0.0,7.72,11810.49,-1
2026-01-06,2026-01-06 14:04:00,1522.93,1522.93,1522.92,1522.92,-0.0,7.72,11810.49,-1
2026-01-06,2026-01-06 14:05:00,1522.92,1522.92,1522.9,1522.9,-0.0,7.72,11810.49,-1
2026-01-06,2026-01-06 14:06:00,1522.9,1522.9,1522.88,1522.88,-0.0,7.72,11810.49,-1
2026-01-06,2026-01-06 14:07:00,1522.88,1522.88,1522.87,1522.87,-0.0,7.72,11810.49,-1
2026-01-06,2026-01-06 14:08:00,1522.87,1522.87,1522.85,1522.85,-0.0,7.72,11810.49,-1
2026-01-06,2026-01-06 14:09:00,1522.85,1522.85,1522.83,1522.83,-0.0,7.72,11810.49,-1
2026-01-06,2026-01-06 14:10:00,1522.83,1522.83,1522.82,1522.82,-0.0,7.72,11810.49,-1
2026-01-06,2026-01-06 14:11:00,1522.82,1522.82,1522.8,1522.8,-0.0,7.72,11810.49,-1
2026-01-06,2026-01-06 14:12:00,1522.8,1522.8,1522.78,1522.78,-0.0,7.72,11810.49,-1
2026-01-06,2026-01-06 14:13:00,1522.78,1522.78,1522.77,1522.77,-0.0,7.72,11810.49,-1
2026-01-06,2026-01-06 14:14:00,1522.77,1522.77,1522.75,1522.75,-0.0,7.72,11810.49,-1
2026-01-06,2026-01-06 14:15:00,1522.75,1522.75,1522.73,1522.73,-0.0,7.72,11810.49,-1
2026-01-06,2026-01-06 14:16:00,1522.73,1522.73,1522.72,1522.72,-0.0,7.72,11810.49,-1
2026-01-06,2026-01-06 14:17:00,1522.72,1522.72,1522.7,1522.7,-0.0,7.72,11810.49,-1
2026-01-06,2026-01-06 14:18:00,1522.7,1522.7,1522.68,1522.68,-0.0,7.72,11810.49,-1
2026-01-06,2026-01-06 14:19:00,1522.68,1522.68,1522.67,1522.67,-0.0,7.72,11810.49,-1
2026-01-06,2026-01-06 14:20:00,1522.67,1522.67,1522.65,1522.65,-0.0,7.72,11810.49,-1
2026-01-06,2026-01-06 14:21:00,1522.65,1522.65,1522.63,1522.63,-0.0,7.72,11810.49,-1
2026-01-06,2026-01-06 14:22:00,1522.63,1522.63,1522.62,1522.62,-0.0,7.72,11810.49,-1
2026-01-06,2026-01-06 14:23:00,1522.62,1522.62,1522.6,1522.6,-0.0,7.72,11810.49,-1
2026-01-06,2026-01-06 14:24:00,1522.6,1522.6,1522.58,1522.58,-0.0,7.72,11810.49,-1
2026-01-06,2026-01-06 14:25:00,1522.58,1522.58,1522.57,1522.57,-0.0,7.72,11810.49,-1
2026-01-06,2026-01-06 14:26:00,1522.57,1522.57,1522.55,1522.55,-0.0,7.72,11810.49,-1
2026-01-06,2026-01-06 14:27:00,1522.55,1522.55,1522.53,1522.53,-0.0,7.72,11810.49,-1
2026-01-06,2026-01-06 14:28:00,1522.53,1522.53,1522.52,1522.52,-0.0,7.72,11810.49,-1
2026-01-06,2026-01-06 14:29:00,1522.52,1522.52,1522.5,1522.5,-0.0,7.72,11810.49,-1
2026-01-06,2026-01-06 14:30:00,1522.5,1522.5,1522.48,1522.48,-0.0,7.72,11810.49,-1
2026-01-06,2026-01-06 14:31:00,1522.48,1522.48,1522.47,1522.47,-0.0,7.72,11810.49,-1
2026-01-06,2026-01-06 14:32:00,1522.47,1522.47,1522.45,1522.45,-0.0,7.72,11810.49,-1
2026-01-06,2026-01-06 14:33:00,1522.45,1522.45,1522.43,1522.43,-0.0,7.72,11810.49,-1
2026-01-06,2026-01-06 14:34:00,1522.43,1522.43,1522.42,1522.42,-0.0,7.72,11810.49,-1
2026-01-06,2026-01-06 14:35:00,1522.42,1522.42,1522.4,1522.4,-0.0,7.72,11810.49,-1
2026-01-06,2026-01-06 14:36:00,1522.4,1522.4,1522.38,1522.38,-0.0,7.72,11810.49,-1
2026-01-06,2026-01-06 14:37:00,1522.38,1522.38,1522.37,1522.37,-0.0,7.72,11810.49,-1
2026-01-06,2026-01-06 14:38:00,1522.37,1522.37,1522.35,1522.35,-0.0,7.72,11810.49,-1
2026-01-06,2026-01-06 14:39:00,1522.35,1522.35,1522.33,1522.33,-0.0,7.72,11810.49,-1
2026-01-06,2026-01-06 14:40:00,1522.33,1522.33,1522.32,1522.32,-0.0,7.72,11810.49,-1
2026-01-06,2026-01-06 14:41:00,1522.32,1522.32,1522.3,1522.3,-0.0,7.72,11810.49,-1
2026-01-06,2026-01-06 14:42:00,1522.3,1522.3,1522.28,1522.28,-0.0,7.72,11810.49,-1
2026-01-06,2026-01-06 14:43:00,1522.28,1522.28,1522.27,1522.27,-0.0,7.72,11810.49,-1
2026-01-06,2026-01-06 14:44:00,1522.27,1522.27,1522.25,1522.25,-0.0,7.72,11810.49,-1
2026-01-06,2026-01-06 14:45:00,1522.25,1522.25,1522.23,1522.23,-0.0,7.72,11810.49,-1
2026-01-06,2026-01-06 14:46:00,1522.23,1522.23,1522.22,1522.22,-0.0,7.72,11810.49,-1
2026-01-06,2026-01-06 14:47:00,1522.22,1522.22,1522.2,1522.2,-0.0,7.72,11810.49,-1
2026-01-06,2026-01-06 14:48:00,1522.2,1522.2,1522.18,1522.18,-0.0,7.72,11810.49,-1
2026-01-06,2026-01-06 14:49:00,1522.18,1522.18,1522.17,1522.17,-0.0,7.72,11810.49,-1
2026-01-06,2026-01-06 14:50:00,1522.17,1522.17,1522.15,1522.15,-0.0,7.72,11810.49,-1
2026-01-06,2026-01-06 14:51:00,1522.15,1522.15,1522.13,1522.13,-0.0,7.72,11810.49,-1
2026-01-06,2026-01-06 14:52:00,1522.13,1522.13,1522.12,1522.12,-0.0,7.72,11810.49,-1
2026-01-06,2026-01-06 14:53:00,1522.12,1522.12,1522.1,1522.1,-0.0,7.72,11810.49,-1
2026-01-06,2026-01-06 14:54:00,1522.1,1522.1,1522.08,1522.08,-0.0,7.72,11810.49,-1
2026-01-06,2026-01-06 14:55:00,1522.08,1522.08,1522.07,1522.07,-0.0,7.72,11810.49,-1
2026-01-06,2026-01-06 14:56:00,1522.07,1522.07,1522.05,1522.05,-0.0,7.72,11810.49,-1
2026-01-06,2026-01-06 14:57:00,1522.05,1522.05,1522.03,1522.03,-0.0,7.72,11810.49,-1
2026-01-06,2026-01-06 14:58:00,1522.03,1522.03,1522.02,1522.02,-0.0,7.72,11810.49,-1
2026-01-06,2026-01-06 14:59:00,1522.02,1522.02,1522.0,1522.0,-0.0,7.72,11810.49,-1
2026-01-06,2026-01-06 15:00:00,1522.0,1549.9,1520.0,1522.0,0.0,7.72,11810.49,0
2026-01-07,2026-01-07 11:00:00,1530.0,1530.09,1525.5,1529.94,-0.0,9.3,14144.74,-1
2026-01-07,2026-01-07 11:01:00,1529.94,1529.94,1529.88,1529.88,-0.0,9.3,14144.74,-1
2026-01-07,2026-01-07 11:02:00,1529.88,1529.88,1529.81,1529.81,-0.0,9.3,14144.74,-1
2026-01-07,2026-01-07 11:03:00,1529.81,1529.81,1529.75,1529.75,-0.0,9.3,14144.74,-1
2026-01-07,2026-01-07 11:04:00,1529.75,1529.75,1529.69,1529.69,-0.0,9.3,14144.74,-1
2026-01-07,2026-01-07 11:05:00,1529.69,1529.69,1529.62,1529.62,-0.0,9.3,14144.74,-1
2026-01-07,2026-01-07 11:06:00,1529.62,1529.62,1529.56,1529.56,-0.0,9.3,14144.74,-1
2026-01-07,2026-01-07 11:07:00,1529.56,1529.56,1529.5,1529.5,-0.0,9.3,14144.74,-1
2026-01-07,2026-01-07 11:08:00,1529.5,1529.5,1529.44,1529.44,-0.0,9.3,14144.74,-1
2026-01-07,2026-01-07 11:09:00,1529.44,1529.44,1529.38,1529.38,-0.0,9.3,14144.74,-1
2026-01-07,2026-01-07 11:10:00,1529.38,1529.38,1529.31,1529.31,-0.0,9.3,14144.74,-1
2026-01-07,2026-01-07 11:11:00,1529.31,1529.31,1529.25,1529.25,-0.0,9.3,14144.74,-1
2026-01-07,2026-01-07 11:12:00,1529.25,1529.25,1529.19,1529.19,-0.0,9.3,14144.74,-1
2026-01-07,2026-01-07 11:13:00,1529.19,1529.19,1529.12,1529.12,-0.0,9.3,14144.74,-1
2026-01-07,2026-01-07 11:14:00,1529.12,1529.12,1529.06,1529.06,-0.0,9.3,14144.74,-1
2026-01-07,2026-01-07 11:15:00,1529.06,1529.06,1529.0,1529.0,-0.0,9.3,14144.74,-1
2026-01-07,2026-01-07 11:16:00,1529.0,1529.0,1528.94,1528.94,-0.0,9.3,14144.74,-1
2026-01-07,2026-01-07 11:17:00,1528.94,1528.94,1528.88,1528.88,-0.0,9.3,14144.74,-1
2026-01-07,2026-01-07 11:18:00,1528.88,1528.88,1528.81,1528.81,-0.0,9.3,14144.74,-1
2026-01-07,2026-01-07 11:19:00,1528.81,1528.81,1528.75,1528.75,-0.0,9.3,14144.74,-1
2026-01-07,2026-01-07 11:20:00,1528.75,1528.75,1528.69,1528.69,-0.0,9.3,14144.74,-1
2026-01-07,2026-01-07 11:21:00,1528.69,1528.69,1528.62,1528.62,-0.0,9.3,14144.74,-1
2026-01-07,2026-01-07 11:22:00,1528.62,1528.62,1528.56,1528.56,-0.0,9.3,14144.74,-1
2026-01-07,2026-01-07 11:23:00,1528.56,1528.56,1528.5,1528.5,-0.0,9.3,14144.74,-1
2026-01-07,2026-01-07 11:24:00,1528.5,1528.5,1528.44,1528.44,-0.0,9.3,14144.74,-1
2026-01-07,2026-01-07 11:25:00,1528.44,1528.44,1528.38,1528.38,-0.0,9.3,14144.74,-1
2026-01-07,2026-01-07 11:26:00,1528.38,1528.38,1528.31,1528.31,-0.0,9.3,14144.74,-1
2026-01-07,2026-01-07 11:27:00,1528.31,1528.31,1528.25,1528.25,-0.0,9.3,14144.74,-1
2026-01-07,2026-01-07 11:28:00,1528.25,1528.25,1528.19,1528.19,-0.0,9.3,14144.74,-1
2026-01-07,2026-01-07 11:29:00,1528.19,1528.19,1528.12,1528.12,-0.0,9.3,14144.74,-1
2026-01-07,2026-01-07 11:30:00,1528.12,1528.12,1528.06,1528.06,-0.0,9.3,14144.74,-1
2026-01-07,2026-01-07 11:31:00,1528.06,1528.06,1528.0,1528.0,-0.0,9.3,14144.74,-1
2026-01-07,2026-01-07 11:32:00,1528.0,1528.0,1527.94,1527.94,-0.0,9.3,14144.74,-1
2026-01-07,2026-01-07 11:33:00,1527.94,1527.94,1527.88,1527.88,-0.0,9.3,14144.74,-1
2026-01-07,2026-01-07 11:34:00,1527.88,1527.88,1527.81,1527.81,-0.0,9.3,14144.74,-1
2026-01-07,2026-01-07 11:35:00,1527.81,1527.81,1527.75,1527.75,-0.0,9.3,14144.74,-1
2026-01-07,2026-01-07 11:36:00,1527.75,1527.75,1527.69,1527.69,-0.0,9.3,14144.74,-1
2026-01-07,2026-01-07 11:37:00,1527.69,1527.69,1527.62,1527.62,-0.0,9.3,14144.74,-1
2026-01-07,2026-01-07 11:38:00,1527.62,1527.62,1527.56,1527.56,-0.0,9.3,14144.74,-1
2026-01-07,2026-01-07 11:39:00,1527.56,1527.56,1527.5,1527.5,-0.0,9.3,14144.74,-1
2026-01-07,2026-01-07 11:40:00,1527.5,1527.5,1527.44,1527.44,-0.0,9.3,14144.74,-1
2026-01-07,2026-01-07 11:41:00,1527.44,1527.44,1527.38,1527.38,-0.0,9.3,14144.74,-1
2026-01-07,2026-01-07 11:42:00,1527.38,1527.38,1527.31,1527.31,-0.0,9.3,14144.74,-1
2026-01-07,2026-01-07 11:43:00,1527.31,1527.31,1527.25,1527.25,-0.0,9.3,14144.74,-1
2026-01-07,2026-01-07 11:44:00,1527.25,1527.25,1527.19,1527.19,-0.0,9.3,14144.74,-1
2026-01-07,2026-01-07 11:45:00,1527.19,1527.19,1527.12,1527.12,-0.0,9.3,14144.74,-1
2026-01-07,2026-01-07 11:46:00,1527.12,1527.12,1527.06,1527.06,-0.0,9.3,14144.74,-1
2026-01-07,2026-01-07 11:47:00,1527.06,1527.06,1527.0,1527.0,-0.0,9.3,14144.74,-1
2026-01-07,2026-01-07 11:48:00,1527.0,1527.0,1526.94,1526.94,-0.0,9.3,14144.74,-1
2026-01-07,2026-01-07 11:49:00,1526.94,1526.94,1526.88,1526.88,-0.0,9.3,14144.74,-1
2026-01-07,2026-01-07 11:50:00,1526.88,1526.88,1526.81,1526.81,-0.0,9.3,14144.74,-1
2026-01-07,2026-01-07 11:51:00,1526.81,1526.81,1526.75,1526.75,-0.0,9.3,14144.74,-1
2026-01-07,2026-01-07 11:52:00,1526.75,1526.75,1526.69,1526.69,-0.0,9.3,14144.74,-1
2026-01-07,2026-01-07 11:53:00,1526.69,1526.69,1526.62,1526.62,-0.0,9.3,14144.74,-1
2026-01-07,2026-01-07 11:54:00,1526.62,1526.62,1526.56,1526.56,-0.0,9.3,14144.74,-1
2026-01-07,2026-01-07 11:55:00,1526.56,1526.56,1526.5,1526.5,-0.0,9.3,14144.74,-1
2026-01-07,2026-01-07 11:56:00,1526.5,1526.5,1526.44,1526.44,-0.0,9.3,14144.74,-1
2026-01-07,2026-01-07 11:57:00,1526.44,1526.44,1526.38,1526.38,-0.0,9.3,14144.74,-1
2026-01-07,2026-01-07 11:58:00,1526.38,1526.38,1526.31,1526.31,-0.0,9.3,14144.74,-1
2026-01-07,2026-01-07 11:59:00,1526.31,1526.31,1526.25,1526.25,-0.0,9.3,14144.74,-1
2026-01-07,2026-01-07 12:00:00,1526.25,1526.25,1526.19,1526.19,-0.0,9.3,14144.74,-1
2026-01-07,2026-01-07 12:01:00,1526.19,1526.19,1526.12,1526.12,-0.0,9.3,14144.74,-1
2026-01-07,2026-01-07 12:02:00,1526.12,1526.12,1526.06,1526.06,-0.0,9.3,14144.74,-1
2026-01-07,2026-01-07 12:03:00,1526.06,1526.06,1526.0,1526.0,-0.0,9.3,14144.74,-1
2026-01-07,2026-01-07 12:04:00,1526.0,1526.0,1525.94,1525.94,-0.0,9.3,14144.74,-1
2026-01-07,2026-01-07 12:05:00,1525.94,1525.94,1525.88,1525.88,-0.0,9.3,14144.74,-1
2026-01-07,2026-01-07 12:06:00,1525.88,1525.88,1525.81,1525.81,-0.0,9.3,14144.74,-1
2026-01-07,2026-01-07 12:07:00,1525.81,1525.81,1525.75,1525.75,-0.0,9.3,14144.74,-1
2026-01-07,2026-01-07 12:08:00,1525.75,1525.75,1525.69,1525.69,-0.0,9.3,14144.74,-1
2026-01-07,2026-01-07 12:09:00,1525.69,1525.69,1525.62,1525.62,-0.0,9.3,14144.74,-1
2026-01-07,2026-01-07 12:10:00,1525.62,1525.62,1525.56,1525.56,-0.0,9.3,14144.74,-1
2026-01-07,2026-01-07 12:11:00,1525.56,1525.56,1525.5,1525.5,-0.0,9.3,14144.74,-1
2026-01-07,2026-01-07 12:12:00,1525.5,1525.5,1525.44,1525.44,-0.0,9.3,14144.74,-1
2026-01-07,2026-01-07 12:13:00,1525.44,1525.44,1525.38,1525.38,-0.0,9.3,14144.74,-1
2026-01-07,2026-01-07 12:14:00,1525.38,1525.38,1525.31,1525.31,-0.0,9.3,14144.74,-1
2026-01-07,2026-01-07 12:15:00,1525.31,1525.31,1525.25,1525.25,-0.0,9.3,14144.74,-1
2026-01-07,2026-01-07 12:16:00,1525.25,1525.25,1525.19,1525.19,-0.0,9.3,14144.74,-1
2026-01-07,2026-01-07 12:17:00,1525.19,1525.19,1525.12,1525.12,-0.0,9.3,14144.74,-1
2026-01-07,2026-01-07 12:18:00,1525.12,1525.12,1525.06,1525.06,-0.0,9.3,14144.74,-1
2026-01-07,2026-01-07 12:19:00,1525.06,1525.06,1525.0,1525.0,-0.0,9.3,14144.74,-1
2026-01-07,2026-01-07 12:20:00,1525.0,1525.0,1524.94,1524.94,-0.0,9.3,14144.74,-1
2026-01-07,2026-01-07 12:21:00,1524.94,1524.94,1524.88,1524.88,-0.0,9.3,14144.74,-1
2026-01-07,2026-01-07 12:22:00,1524.88,1524.88,1524.81,1524.81,-0.0,9.3,14144.74,-1
2026-01-07,2026-01-07 12:23:00,1524.81,1524.81,1524.75,1524.75,-0.0,9.3,14144.74,-1
2026-01-07,2026-01-07 12:24:00,1524.75,1524.75,1524.69,1524.69,-0.0,9.3,14144.74,-1
2026-01-07,2026-01-07 12:25:00,1524.69,1524.69,1524.62,1524.62,-0.0,9.3,14144.74,-1
2026-01-07,2026-01-07 12:26:00,1524.62,1524.62,1524.56,1524.56,-0.0,9.3,14144.74,-1
2026-01-07,2026-01-07 12:27:00,1524.56,1524.56,1524.5,1524.5,-0.0,9.3,14144.74,-1
2026-01-07,2026-01-07 12:28:00,1524.5,1524.5,1524.44,1524.44,-0.0,9.3,14144.74,-1
2026-01-07,2026-01-07 12:29:00,1524.44,1524.44,1524.38,1524.38,-0.0,9.3,14144.74,-1
2026-01-07,2026-01-07 12:30:00,1524.38,1524.38,1524.31,1524.31,-0.0,9.3,14144.74,-1
2026-01-07,2026-01-07 12:31:00,1524.31,1524.31,1524.25,1524.25,-0.0,9.3,14144.74,-1
2026-01-07,2026-01-07 12:32:00,1524.25,1524.25,1524.19,1524.19,-0.0,9.3,14144.74,-1
2026-01-07,2026-01-07 12:33:00,1524.19,1524.19,1524.12,1524.12,-0.0,9.3,14144.74,-1
2026-01-07,2026-01-07 12:34:00,1524.12,1524.12,1524.06,1524.06,-0.0,9.3,14144.74,-1
2026-01-07,2026-01-07 12:35:00,1524.06,1524.06,1524.0,1524.0,-0.0,9.3,14144.74,-1
2026-01-07,2026-01-07 12:36:00,1524.0,1524.0,1523.94,1523.94,-0.0,9.3,14144.74,-1
2026-01-07,2026-01-07 12:37:00,1523.94,1523.94,1523.88,1523.88,-0.0,9.3,14144.74,-1
2026-01-07,2026-01-07 12:38:00,1523.88,1523.88,1523.81,1523.81,-0.0,9.3,14144.74,-1
2026-01-07,2026-01-07 12:39:00,1523.81,1523.81,1523.75,1523.75,-0.0,9.3,14144.74,-1
2026-01-07,2026-01-07 12:40:00,1523.75,1523.75,1523.69,1523.69,-0.0,9.3,14144.74,-1
2026-01-07,2026-01-07 12:41:00,1523.69,1523.69,1523.62,1523.62,-0.0,9.3,14144.74,-1
2026-01-07,2026-01-07 12:42:00,1523.62,1523.62,1523.56,1523.56,-0.0,9.3,14144.74,-1
2026-01-07,2026-01-07 12:43:00,1523.56,1523.56,1523.5,1523.5,-0.0,9.3,14144.74,-1
2026-01-07,2026-01-07 12:44:00,1523.5,1523.5,1523.44,1523.44,-0.0,9.3,14144.74,-1
2026-01-07,2026-01-07 12:45:00,1523.44,1523.44,1523.38,1523.38,-0.0,9.3,14144.74,-1
2026-01-07,2026-01-07 12:46:00,1523.38,1523.38,1523.31,1523.31,-0.0,9.3,14144.74,-1
2026-01-07,2026-01-07 12:47:00,1523.31,1523.31,1523.25,1523.25,-0.0,9.3,14144.74,-1
2026-01-07,2026-01-07 12:48:00,1523.25,1523.25,1523.19,1523.19,-0.0,9.3,14144.74,-1
2026-01-07,2026-01-07 12:49:00,1523.19,1523.19,1523.12,1523.12,-0.0,9.3,14144.74,-1
2026-01-07,2026-01-07 12:50:00,1523.12,1523.12,1523.06,1523.06,-0.0,9.3,14144.74,-1
2026-01-07,2026-01-07 12:51:00,1523.06,1523.06,1523.0,1523.0,-0.0,9.3,14144.74,-1
2026-01-07,2026-01-07 12:52:00,1523.0,1523.0,1522.94,1522.94,-0.0,9.3,14144.74,-1
2026-01-07,2026-01-07 12:53:00,1522.94,1522.94,1522.88,1522.88,-0.0,9.3,14144.74,-1
2026-01-07,2026-01-07 12:54:00,1522.88,1522.88,1522.81,1522.81,-0.0,9.3,14144.74,-1
2026-01-07,2026-01-07 12:55:00,1522.81,1522.81,1522.75,1522.75,-0.0,9.3,14144.74,-1
2026-01-07,2026-01-07 12:56:00,1522.75,1522.75,1522.69,1522.69,-0.0,9.3,14144.74,-1
2026-01-07,2026-01-07 12:57:00,1522.69,1522.69,1522.62,1522.62,-0.0,9.3,14144.74,-1
2026-01-07,2026-01-07 12:58:00,1522.62,1522.62,1522.56,1522.56,-0.0,9.3,14144.74,-1
2026-01-07,2026-01-07 12:59:00,1522.56,1522.56,1522.5,1522.5,-0.0,9.3,14144.74,-1
2026-01-07,2026-01-07 13:00:00,1522.5,1530.3,1515.0,1522.44,-0.0,9.3,14144.74,-1
2026-01-07,2026-01-07 13:01:00,1522.44,1522.44,1522.38,1522.38,-0.0,9.3,14144.74,-1
2026-01-07,2026-01-07 13:02:00,1522.38,1522.38,1522.31,1522.31,-0.0,9.3,14144.74,-1
2026-01-07,2026-01-07 13:03:00,1522.31,1522.31,1522.25,1522.25,-0.0,9.3,14144.74,-1
2026-01-07,2026-01-07 13:04:00,1522.25,1522.25,1522.19,1522.19,-0.0,9.3,14144.74,-1
2026-01-07,2026-01-07 13:05:00,1522.19,1522.19,1522.12,1522.12,-0.0,9.3,14144.74,-1
2026-01-07,2026-01-07 13:06:00,1522.12,1522.12,1522.06,1522.06,-0.0,9.3,14144.74,-1
2026-01-07,2026-01-07 13:07:00,1522.06,1522.06,1522.0,1522.0,-0.0,9.3,14144.74,-1
2026-01-07,2026-01-07 13:08:00,1522.0,1522.0,1521.94,1521.94,-0.0,9.3,14144.74,-1
2026-01-07,2026-01-07 13:09:00,1521.94,1521.94,1521.88,1521.88,-0.0,9.3,14144.74,-1
2026-01-07,2026-01-07 13:10:00,1521.88,1521.88,1521.81,1521.81,-0.0,9.3,14144.74,-1
2026-01-07,2026-01-07 13:11:00,1521.81,1521.81,1521.75,1521.75,-0.0,9.3,14144.74,-1
2026-01-07,2026-01-07 13:12:00,1521.75,1521.75,1521.69,1521.69,-0.0,9.3,14144.74,-1
2026-01-07,2026-01-07 13:13:00,1521.69,1521.69,1521.62,1521.62,-0.0,9.3,14144.74,-1
2026-01-07,2026-01-07 13:14:00,1521.62,1521.62,1521.56,1521.56,-0.0,9.3,14144.74,-1
2026-01-07,2026-01-07 13:15:00,1521.56,1521.56,1521.5,1521.5,-0.0,9.3,14144.74,-1
2026-01-07,2026-01-07 13:16:00,1521.5,1521.5,1521.44,1521.44,-0.0,9.3,14144.74,-1
2026-01-07,2026-01-07 13:17:00,1521.44,1521.44,1521.38,1521.38,-0.0,9.3,14144.74,-1
2026-01-07,2026-01-07 13:18:00,1521.38,1521.38,1521.31,1521.31,-0.0,9.3,14144.74,-1
2026-01-07,2026-01-07 13:19:00,1521.31,1521.31,1521.25,1521.25,-0.0,9.3,14144.74,-1
2026-01-07,2026-01-07 13:20:00,1521.25,1521.25,1521.19,1521.19,-0.0,9.3,14144.74,-1
2026-01-07,2026-01-07 13:21:00,1521.19,1521.19,1521.12,1521.12,-0.0,9.3,14144.74,-1
2026-01-07,2026-01-07 13:22:00,1521.12,1521.12,1521.06,1521.06,-0.0,9.3,14144.74,-1
2026-01-07,2026-01-07 13:23:00,1521.06,1521.06,1521.0,1521.0,-0.0,9.3,14144.74,-1
2026-01-07,2026-01-07 13:24:00,1521.0,1521.0,1520.94,1520.94,-0.0,9.3,14144.74,-1
2026-01-07,2026-01-07 13:25:00,1520.94,1520.94,1520.88,1520.88,-0.0,9.3,14144.74,-1
2026-01-07,2026-01-07 13:26:00,1520.88,1520.88,1520.81,1520.81,-0.0,9.3,14144.74,-1
2026-01-07,2026-01-07 13:27:00,1520.81,1520.81,1520.75,1520.75,-0.0,9.3,14144.74,-1
2026-01-07,2026-01-07 13:28:00,1520.75,1520.75,1520.69,1520.69,-0.0,9.3,14144.74,-1
2026-01-07,2026-01-07 13:29:00,1520.69,1520.69,1520.62,1520.62,-0.0,9.3,14144.74,-1
2026-01-07,2026-01-07 13:30:00,1520.62,1520.62,1520.56,1520.56,-0.0,9.3,14144.74,-1
2026-01-07,2026-01-07 13:31:00,1520.56,1520.56,1520.5,1520.5,-0.0,9.3,14144.74,-1
2026-01-07,2026-01-07 13:32:00,1520.5,1520.5,1520.44,1520.44,-0.0,9.3,14144.74,-1
2026-01-07,2026-01-07 13:33:00,1520.44,1520.44,1520.38,1520.38,-0.0,9.3,14144.74,-1
2026-01-07,2026-01-07 13:34:00,1520.38,1520.38,1520.31,1520.31,-0.0,9.3,14144.74,-1
2026-01-07,2026-01-07 13:35:00,1520.31,1520.31,1520.25,1520.25,-0.0,9.3,14144.74,-1
2026-01-07,2026-01-07 13:36:00,1520.25,1520.25,1520.19,1520.19,-0.0,9.3,14144.74,-1
2026-01-07,2026-01-07 13:37:00,1520.19,1520.19,1520.12,1520.12,-0.0,9.3,14144.74,-1
2026-01-07,2026-01-07 13:38:00,1520.12,1520.12,1520.06,1520.06,-0.0,9.3,14144.74,-1
2026-01-07,2026-01-07 13:39:00,1520.06,1520.06,1520.0,1520.0,-0.0,9.3,14144.74,-1
2026-01-07,2026-01-07 13:40:00,1520.0,1520.0,1519.94,1519.94,-0.0,9.3,14144.74,-1
2026-01-07,2026-01-07 13:41:00,1519.94,1519.94,1519.88,1519.88,-0.0,9.3,14144.74,-1
2026-01-07,2026-01-07 13:42:00,1519.88,1519.88,1519.81,1519.81,-0.0,9.3,14144.74,-1
2026-01-07,2026-01-07 13:43:00,1519.81,1519.81,1519.75,1519.75,-0.0,9.3,14144.74,-1
2026-01-07,2026-01-07 13:44:00,1519.75,1519.75,1519.69,1519.69,-0.0,9.3,14144.74,-1
2026-01-07,2026-01-07 13:45:00,1519.69,1519.69,1519.62,1519.62,-0.0,9.3,14144.74,-1
2026-01-07,2026-01-07 13:46:00,1519.62,1519.62,1519.56,1519.56,-0.0,9.3,14144.74,-1
2026-01-07,2026-01-07 13:47:00,1519.56,1519.56,1519.5,1519.5,-0.0,9.3,14144.74,-1
2026-01-07,2026-01-07 13:48:00,1519.5,1519.5,1519.44,1519.44,-0.0,9.3,14144.74,-1
2026-01-07,2026-01-07 13:49:00,1519.44,1519.44,1519.38,1519.38,-0.0,9.3,14144.74,-1
2026-01-07,2026-01-07 13:50:00,1519.38,1519.38,1519.31,1519.31,-0.0,9.3,14144.74,-1
2026-01-07,2026-01-07 13:51:00,1519.31,1519.31,1519.25,1519.25,-0.0,9.3,14144.74,-1
2026-01-07,2026-01-07 13:52:00,1519.25,1519.25,1519.19,1519.19,-0.0,9.3,14144.74,-1
2026-01-07,2026-01-07 13:53:00,1519.19,1519.19,1519.12,1519.12,-0.0,9.3,14144.74,-1
2026-01-07,2026-01-07 13:54:00,1519.12,1519.12,1519.06,1519.06,-0.0,9.3,14144.74,-1
2026-01-07,2026-01-07 13:55:00,1519.06,1519.06,1519.0,1519.0,-0.0,9.3,14144.74,-1
2026-01-07,2026-01-07 13:56:00,1519.0,1519.0,1518.94,1518.94,-0.0,9.3,14144.74,-1
2026-01-07,2026-01-07 13:57:00,1518.94,1518.94,1518.88,1518.88,-0.0,9.3,14144.74,-1
2026-01-07,2026-01-07 13:58:00,1518.88,1518.88,1518.81,1518.81,-0.0,9.3,14144.74,-1
2026-01-07,2026-01-07 13:59:00,1518.81,1518.81,1518.75,1518.75,-0.0,9.3,14144.74,-1
2026-01-07,2026-01-07 14:00:00,1518.75,1518.75,1518.69,1518.69,-0.0,9.3,14144.74,-1
2026-01-07,2026-01-07 14:01:00,1518.69,1518.69,1518.62,1518.62,-0.0,9.3,14144.74,-1
2026-01-07,2026-01-07 14:02:00,1518.62,1518.62,1518.56,1518.56,-0.0,9.3,14144.74,-1
2026-01-07,2026-01-07 14:03:00,1518.56,1518.56,1518.5,1518.5,-0.0,9.3,14144.74,-1
2026-01-07,2026-01-07 14:04:00,1518.5,1518.5,1518.44,1518.44,-0.0,9.3,14144.74,-1
2026-01-07,2026-01-07 14:05:00,1518.44,1518.44,1518.38,1518.38,-0.0,9.3,14144.74,-1
2026-01-07,2026-01-07 14:06:00,1518.38,1518.38,1518.31,1518.31,-0.0,9.3,14144.74,-1
2026-01-07,2026-01-07 14:07:00,1518.31,1518.31,1518.25,1518.25,-0.0,9.3,14144.74,-1
2026-01-07,2026-01-07 14:08:00,1518.25,1518.25,1518.19,1518.19,-0.0,9.3,14144.74,-1
2026-01-07,2026-01-07 14:09:00,1518.19,1518.19,1518.12,1518.12,-0.0,9.3,14144.74,-1
2026-01-07,2026-01-07 14:10:00,1518.12,1518.12,1518.06,1518.06,-0.0,9.3,14144.74,-1
2026-01-07,2026-01-07 14:11:00,1518.06,1518.06,1518.0,1518.0,-0.0,9.3,14144.74,-1
2026-01-07,2026-01-07 14:12:00,1518.0,1518.0,1517.94,1517.94,-0.0,9.3,14144.74,-1
2026-01-07,2026-01-07 14:13:00,1517.94,1517.94,1517.88,1517.88,-0.0,9.3,14144.74,-1
2026-01-07,2026-01-07 14:14:00,1517.88,1517.88,1517.81,1517.81,-0.0,9.3,14144.74,-1
2026-01-07,2026-01-07 14:15:00,1517.81,1517.81,1517.75,1517.75,-0.0,9.3,14144.74,-1
2026-01-07,2026-01-07 14:16:00,1517.75,1517.75,1517.69,1517.69,-0.0,9.3,14144.74,-1
2026-01-07,2026-01-07 14:17:00,1517.69,1517.69,1517.62,1517.62,-0.0,9.3,14144.74,-1
2026-01-07,2026-01-07 14:18:00,1517.62,1517.62,1517.56,1517.56,-0.0,9.3,14144.74,-1
2026-01-07,2026-01-07 14:19:00,1517.56,1517.56,1517.5,1517.5,-0.0,9.3,14144.74,-1
2026-01-07,2026-01-07 14:20:00,1517.5,1517.5,1517.44,1517.44,-0.0,9.3,14144.74,-1
2026-01-07,2026-01-07 14:21:00,1517.44,1517.44,1517.38,1517.38,-0.0,9.3,14144.74,-1
2026-01-07,2026-01-07 14:22:00,1517.38,1517.38,1517.31,1517.31,-0.0,9.3,14144.74,-1
2026-01-07,2026-01-07 14:23:00,1517.31,1517.31,1517.25,1517.25,-0.0,9.3,14144.74,-1
2026-01-07,2026-01-07 14:24:00,1517.25,1517.25,1517.19,1517.19,-0.0,9.3,14144.74,-1
2026-01-07,2026-01-07 14:25:00,1517.19,1517.19,1517.12,1517.12,-0.0,9.3,14144.74,-1
2026-01-07,2026-01-07 14:26:00,1517.12,1517.12,1517.06,1517.06,-0.0,9.3,14144.74,-1
2026-01-07,2026-01-07 14:27:00,1517.06,1517.06,1517.0,1517.0,-0.0,9.3,14144.74,-1
2026-01-07,2026-01-07 14:28:00,1517.0,1517.0,1516.94,1516.94,-0.0,9.3,14144.74,-1
2026-01-07,2026-01-07 14:29:00,1516.94,1516.94,1516.88,1516.88,-0.0,9.3,14144.74,-1
2026-01-07,2026-01-07 14:30:00,1516.88,1516.88,1516.81,1516.81,-0.0,9.3,14144.74,-1
2026-01-07,2026-01-07 14:31:00,1516.81,1516.81,1516.75,1516.75,-0.0,9.3,14144.74,-1
2026-01-07,2026-01-07 14:32:00,1516.75,1516.75,1516.69,1516.69,-0.0,9.3,14144.74,-1
2026-01-07,2026-01-07 14:33:00,1516.69,1516.69,1516.62,1516.62,-0.0,9.3,14144.74,-1
2026-01-07,2026-01-07 14:34:00,1516.62,1516.62,1516.56,1516.56,-0.0,9.3,14144.74,-1
2026-01-07,2026-01-07 14:35:00,1516.56,1516.56,1516.5,1516.5,-0.0,9.3,14144.74,-1
2026-01-07,2026-01-07 14:36:00,1516.5,1516.5,1516.44,1516.44,-0.0,9.3,14144.74,-1
2026-01-07,2026-01-07 14:37:00,1516.44,1516.44,1516.38,1516.38,-0.0,9.3,14144.74,-1
2026-01-07,2026-01-07 14:38:00,1516.38,1516.38,1516.31,1516.31,-0.0,9.3,14144.74,-1
2026-01-07,2026-01-07 14:39:00,1516.31,1516.31,1516.25,1516.25,-0.0,9.3,14144.74,-1
2026-01-07,2026-01-07 14:40:00,1516.25,1516.25,1516.19,1516.19,-0.0,9.3,14144.74,-1
2026-01-07,2026-01-07 14:41:00,1516.19,1516.19,1516.12,1516.12,-0.0,9.3,14144.74,-1
2026-01-07,2026-01-07 14:42:00,1516.12,1516.12,1516.06,1516.06,-0.0,9.3,14144.74,-1
2026-01-07,2026-01-07 14:43:00,1516.06,1516.06,1516.0,1516.0,-0.0,9.3,14144.74,-1
2026-01-07,2026-01-07 14:44:00,1516.0,1516.0,1515.94,1515.94,-0.0,9.3,14144.74,-1
2026-01-07,2026-01-07 14:45:00,1515.94,1515.94,1515.88,1515.88,-0.0,9.3,14144.74,-1
2026-01-07,2026-01-07 14:46:00,1515.88,1515.88,1515.81,1515.81,-0.0,9.3,14144.74,-1
2026-01-07,2026-01-07 14:47:00,1515.81,1515.81,1515.75,1515.75,-0.0,9.3,14144.74,-1
2026-01-07,2026-01-07 14:48:00,1515.75,1515.75,1515.69,1515.69,-0.0,9.3,14144.74,-1
2026-01-07,2026-01-07 14:49:00,1515.69,1515.69,1515.62,1515.62,-0.0,9.3,14144.74,-1
2026-01-07,2026-01-07 14:50:00,1515.62,1515.62,1515.56,1515.56,-0.0,9.3,14144.74,-1
2026-01-07,2026-01-07 14:51:00,1515.56,1515.56,1515.5,1515.5,-0.0,9.3,14144.74,-1
2026-01-07,2026-01-07 14:52:00,1515.5,1515.5,1515.44,1515.44,-0.0,9.3,14144.74,-1
2026-01-07,2026-01-07 14:53:00,1515.44,1515.44,1515.38,1515.38,-0.0,9.3,14144.74,-1
2026-01-07,2026-01-07 14:54:00,1515.38,1515.38,1515.31,1515.31,-0.0,9.3,14144.74,-1
2026-01-07,2026-01-07 14:55:00,1515.31,1515.31,1515.25,1515.25,-0.0,9.3,14144.74,-1
2026-01-07,2026-01-07 14:56:00,1515.25,1515.25,1515.19,1515.19,-0.0,9.3,14144.74,-1
2026-01-07,2026-01-07 14:57:00,1515.19,1515.19,1515.12,1515.12,-0.0,9.3,14144.74,-1
2026-01-07,2026-01-07 14:58:00,1515.12,1515.12,1515.06,1515.06,-0.0,9.3,14144.74,-1
2026-01-07,2026-01-07 14:59:00,1515.06,1515.06,1515.0,1515.0,-0.0,9.3,14144.74,-1
2026-01-07,2026-01-07 15:00:00,1515.0,1530.3,1515.0,1515.0,0.0,9.3,14144.74,0
2026-01-08,2026-01-08 11:00:00,1510.5,1516.35,1510.5,1510.57,0.0,4.52,6852.5,1
2026-01-08,2026-01-08 11:01:00,1510.57,1510.64,1510.57,1510.64,0.0,4.52,6852.5,1
2026-01-08,2026-01-08 11:02:00,1510.64,1510.72,1510.64,1510.72,0.01,4.52,6852.5,1
2026-01-08,2026-01-08 11:03:00,1510.72,1510.79,1510.72,1510.79,0.0,4.52,6852.5,1
2026-01-08,2026-01-08 11:04:00,1510.79,1510.86,1510.79,1510.86,0.0,4.52,6852.5,1
2026-01-08,2026-01-08 11:05:00,1510.86,1510.93,1510.86,1510.93,0.0,4.52,6852.5,1
2026-01-08,2026-01-08 11:06:00,1510.93,1511.01,1510.93,1511.01,0.01,4.52,6852.5,1
2026-01-08,2026-01-08 11:07:00,1511.01,1511.08,1511.01,1511.08,0.0,4.52,6852.5,1
2026-01-08,2026-01-08 11:08:00,1511.08,1511.15,1511.08,1511.15,0.0,4.52,6852.5,1
2026-01-08,2026-01-08 11:09:00,1511.15,1511.22,1511.15,1511.22,0.0,4.52,6852.5,1
2026-01-08,2026-01-08 11:10:00,1511.22,1511.3,1511.22,1511.3,0.01,4.52,6852.5,1
2026-01-08,2026-01-08 11:11:00,1511.3,1511.37,1511.3,1511.37,0.0,4.52,6852.5,1
2026-01-08,2026-01-08 11:12:00,1511.37,1511.44,1511.37,1511.44,0.0,4.52,6852.5,1
2026-01-08,2026-01-08 11:13:00,1511.44,1511.52,1511.44,1511.52,0.01,4.52,6852.5,1
2026-01-08,2026-01-08 11:14:00,1511.52,1511.59,1511.52,1511.59,0.0,4.52,6852.5,1
2026-01-08,2026-01-08 11:15:00,1511.59,1511.66,1511.59,1511.66,0.0,4.52,6852.5,1
2026-01-08,2026-01-08 11:16:00,1511.66,1511.73,1511.66,1511.73,0.0,4.52,6852.5,1
2026-01-08,2026-01-08 11:17:00,1511.73,1511.81,1511.73,1511.81,0.01,4.52,6852.5,1
2026-01-08,2026-01-08 11:18:00,1511.81,1511.88,1511.81,1511.88,0.0,4.52,6852.5,1
2026-01-08,2026-01-08 11:19:00,1511.88,1511.95,1511.88,1511.95,0.0,4.52,6852.5,1
2026-01-08,2026-01-08 11:20:00,1511.95,1512.02,1511.95,1512.02,0.0,4.52,6852.5,1
2026-01-08,2026-01-08 11:21:00,1512.02,1512.1,1512.02,1512.1,0.01,4.52,6852.5,1
2026-01-08,2026-01-08 11:22:00,1512.1,1512.17,1512.1,1512.17,0.0,4.52,6852.5,1
2026-01-08,2026-01-08 11:23:00,1512.17,1512.24,1512.17,1512.24,0.0,4.52,6852.5,1
2026-01-08,2026-01-08 11:24:00,1512.24,1512.31,1512.24,1512.31,0.0,4.52,6852.5,1
2026-01-08,2026-01-08 11:25:00,1512.31,1512.38,1512.31,1512.38,0.0,4.52,6852.5,1
2026-01-08,2026-01-08 11:26:00,1512.38,1512.46,1512.38,1512.46,0.01,4.52,6852.5,1
2026-01-08,2026-01-08 11:27:00,1512.46,1512.53,1512.46,1512.53,0.0,4.52,6852.5,1
2026-01-08,2026-01-08 11:28:00,1512.53,1512.6,1512.53,1512.6,0.0,4.52,6852.5,1
2026-01-08,2026-01-08 11:29:00,1512.6,1512.67,1512.6,1512.67,0.0,4.52,6852.5,1
2026-01-08,2026-01-08 11:30:00,1512.67,1512.75,1512.67,1512.75,0.01,4.52,6852.5,1
2026-01-08,2026-01-08 11:31:00,1512.75,1512.82,1512.75,1512.82,0.0,4.52,6852.5,1
2026-01-08,2026-01-08 11:32:00,1512.82,1512.89,1512.82,1512.89,0.0,4.52,6852.5,1
2026-01-08,2026-01-08 11:33:00,1512.89,1512.96,1512.89,1512.96,0.0,4.52,6852.5,1
2026-01-08,2026-01-08 11:34:00,1512.96,1513.04,1512.96,1513.04,0.01,4.52,6852.5,1
2026-01-08,2026-01-08 11:35:00,1513.04,1513.11,1513.04,1513.11,0.0,4.52,6852.5,1
2026-01-08,2026-01-08 11:36:00,1513.11,1513.18,1513.11,1513.18,0.0,4.52,6852.5,1
2026-01-08,2026-01-08 11:37:00,1513.18,1513.26,1513.18,1513.26,0.01,4.52,6852.5,1
2026-01-08,2026-01-08 11:38:00,1513.26,1513.33,1513.26,1513.33,0.0,4.52,6852.5,1
2026-01-08,2026-01-08 11:39:00,1513.33,1513.4,1513.33,1513.4,0.0,4.52,6852.5,1
2026-01-08,2026-01-08 11:40:00,1513.4,1513.47,1513.4,1513.47,0.0,4.52,6852.5,1
2026-01-08,2026-01-08 11:41:00,1513.47,1513.55,1513.47,1513.55,0.01,4.52,6852.5,1
2026-01-08,2026-01-08 11:42:00,1513.55,1513.62,1513.55,1513.62,0.0,4.52,6852.5,1
2026-01-08,2026-01-08 11:43:00,1513.62,1513.69,1513.62,1513.69,0.0,4.52,6852.5,1
2026-01-08,2026-01-08 11:44:00,1513.69,1513.76,1513.69,1513.76,0.0,4.52,6852.5,1
2026-01-08,2026-01-08 11:45:00,1513.76,1513.84,1513.76,1513.84,0.01,4.52,6852.5,1
2026-01-08,2026-01-08 11:46:00,1513.84,1513.91,1513.84,1513.91,0.0,4.52,6852.5,1
2026-01-08,2026-01-08 11:47:00,1513.91,1513.98,1513.91,1513.98,0.0,4.52,6852.5,1
2026-01-08,2026-01-08 11:48:00,1513.98,1514.05,1513.98,1514.05,0.0,4.52,6852.5,1
2026-01-08,2026-01-08 11:49:00,1514.05,1514.12,1514.05,1514.12,0.0,4.52,6852.5,1
2026-01-08,2026-01-08 11:50:00,1514.12,1514.2,1514.12,1514.2,0.01,4.52,6852.5,1
2026-01-08,2026-01-08 11:51:00,1514.2,1514.27,1514.2,1514.27,0.0,4.52,6852.5,1
2026-01-08,2026-01-08 11:52:00,1514.27,1514.34,1514.27,1514.34,0.0,4.52,6852.5,1
2026-01-08,2026-01-08 11:53:00,1514.34,1514.41,1514.34,1514.41,0.0,4.52,6852.5,1
2026-01-08,2026-01-08 11:54:00,1514.41,1514.49,1514.41,1514.49,0.01,4.52,6852.5,1
2026-01-08,2026-01-08 11:55:00,1514.49,1514.56,1514.49,1514.56,0.0,4.52,6852.5,1
2026-01-08,2026-01-08 11:56:00,1514.56,1514.63,1514.56,1514.63,0.0,4.52,6852.5,1
2026-01-08,2026-01-08 11:57:00,1514.63,1514.7,1514.63,1514.7,0.0,4.52,6852.5,1
2026-01-08,2026-01-08 11:58:00,1514.7,1514.78,1514.7,1514.78,0.01,4.52,6852.5,1
2026-01-08,2026-01-08 11:59:00,1514.78,1514.85,1514.78,1514.85,0.0,4.52,6852.5,1
2026-01-08,2026-01-08 12:00:00,1514.85,1514.92,1514.85,1514.92,0.0,4.52,6852.5,1
2026-01-08,2026-01-08 12:01:00,1514.92,1515.0,1514.92,1515.0,0.01,4.52,6852.5,1
2026-01-08,2026-01-08 12:02:00,1515.0,1515.07,1515.0,1515.07,0.0,4.52,6852.5,1
2026-01-08,2026-01-08 12:03:00,1515.07,1515.14,1515.07,1515.14,0.0,4.52,6852.5,1
2026-01-08,2026-01-08 12:04:00,1515.14,1515.21,1515.14,1515.21,0.0,4.52,6852.5,1
2026-01-08,2026-01-08 12:05:00,1515.21,1515.29,1515.21,1515.29,0.01,4.52,6852.5,1
2026-01-08,2026-01-08 12:06:00,1515.29,1515.36,1515.29,1515.36,0.0,4.52,6852.5,1
2026-01-08,2026-01-08 12:07:00,1515.36,1515.43,1515.36,1515.43,0.0,4.52,6852.5,1
2026-01-08,2026-01-08 12:08:00,1515.43,1515.5,1515.43,1515.5,0.0,4.52,6852.5,1
2026-01-08,2026-01-08 12:09:00,1515.5,1515.58,1515.5,1515.58,0.01,4.52,6852.5,1
2026-01-08,2026-01-08 12:10:00,1515.58,1515.65,1515.58,1515.65,0.0,4.52,6852.5,1
2026-01-08,2026-01-08 12:11:00,1515.65,1515.72,1515.65,1515.72,0.0,4.52,6852.5,1
2026-01-08,2026-01-08 12:12:00,1515.72,1515.79,1515.72,1515.79,0.0,4.52,6852.5,1
2026-01-08,2026-01-08 12:13:00,1515.79,1515.87,1515.79,1515.87,0.01,4.52,6852.5,1
2026-01-08,2026-01-08 12:14:00,1515.87,1515.94,1515.87,1515.94,0.0,4.52,6852.5,1
2026-01-08,2026-01-08 12:15:00,1515.94,1516.01,1515.94,1516.01,0.0,4.52,6852.5,1
2026-01-08,2026-01-08 12:16:00,1516.01,1516.08,1516.01,1516.08,0.0,4.52,6852.5,1
2026-01-08,2026-01-08 12:17:00,1516.08,1516.15,1516.08,1516.15,0.0,4.52,6852.5,1
2026-01-08,2026-01-08 12:18:00,1516.15,1516.23,1516.15,1516.23,0.01,4.52,6852.5,1
2026-01-08,2026-01-08 12:19:00,1516.23,1516.3,1516.23,1516.3,0.0,4.52,6852.5,1
2026-01-08,2026-01-08 12:20:00,1516.3,1516.37,1516.3,1516.37,0.0,4.52,6852.5,1
2026-01-08,2026-01-08 12:21:00,1516.37,1516.44,1516.37,1516.44,0.0,4.52,6852.5,1
2026-01-08,2026-01-08 12:22:00,1516.44,1516.52,1516.44,1516.52,0.01,4.52,6852.5,1
2026-01-08,2026-01-08 12:23:00,1516.52,1516.59,1516.52,1516.59,0.0,4.52,6852.5,1
2026-01-08,2026-01-08 12:24:00,1516.59,1516.66,1516.59,1516.66,0.0,4.52,6852.5,1
2026-01-08,2026-01-08 12:25:00,1516.66,1516.74,1516.66,1516.74,0.01,4.52,6852.5,1
2026-01-08,2026-01-08 12:26:00,1516.74,1516.81,1516.74,1516.81,0.0,4.52,6852.5,1
2026-01-08,2026-01-08 12:27:00,1516.81,1516.88,1516.81,1516.88,0.0,4.52,6852.5,1
2026-01-08,2026-01-08 12:28:00,1516.88,1516.95,1516.88,1516.95,0.0,4.52,6852.5,1
2026-01-08,2026-01-08 12:29:00,1516.95,1517.03,1516.95,1517.03,0.01,4.52,6852.5,1
2026-01-08,2026-01-08 12:30:00,1517.03,1517.1,1517.03,1517.1,0.0,4.52,6852.5,1
2026-01-08,2026-01-08 12:31:00,1517.1,1517.17,1517.1,1517.17,0.0,4.52,6852.5,1
2026-01-08,2026-01-08 12:32:00,1517.17,1517.24,1517.17,1517.24,0.0,4.52,6852.5,1
2026-01-08,2026-01-08 12:33:00,1517.24,1517.32,1517.24,1517.32,0.01,4.52,6852.5,1
2026-01-08,2026-01-08 12:34:00,1517.32,1517.39,1517.32,1517.39,0.0,4.52,6852.5,1
2026-01-08,2026-01-08 12:35:00,1517.39,1517.46,1517.39,1517.46,0.0,4.52,6852.5,1
2026-01-08,2026-01-08 12:36:00,1517.46,1517.53,1517.46,1517.53,0.0,4.52,6852.5,1
2026-01-08,2026-01-08 12:37:00,1517.53,1517.61,1517.53,1517.61,0.01,4.52,6852.5,1
2026-01-08,2026-01-08 12:38:00,1517.61,1517.68,1517.61,1517.68,0.0,4.52,6852.5,1
2026-01-08,2026-01-08 12:39:00,1517.68,1517.75,1517.68,1517.75,0.0,4.52,6852.5,1
2026-01-08,2026-01-08 12:40:00,1517.75,1517.82,1517.75,1517.82,0.0,4.52,6852.5,1
2026-01-08,2026-01-08 12:41:00,1517.82,1517.89,1517.82,1517.89,0.0,4.52,6852.5,1
2026-01-08,2026-01-08 12:42:00,1517.89,1517.97,1517.89,1517.97,0.01,4.52,6852.5,1
2026-01-08,2026-01-08 12:43:00,1517.97,1518.04,1517.97,1518.04,0.0,4.52,6852.5,1
2026-01-08,2026-01-08 12:44:00,1518.04,1518.11,1518.04,1518.11,0.0,4.52,6852.5,1
2026-01-08,2026-01-08 12:45:00,1518.11,1518.18,1518.11,1518.18,0.0,4.52,6852.5,1
2026-01-08,2026-01-08 12:46:00,1518.18,1518.26,1518.18,1518.26,0.01,4.52,6852.5,1
2026-01-08,2026-01-08 12:47:00,1518.26,1518.33,1518.26,1518.33,0.0,4.52,6852.5,1
2026-01-08,2026-01-08 12:48:00,1518.33,1518.4,1518.33,1518.4,0.0,4.52,6852.5,1
2026-01-08,2026-01-08 12:49:00,1518.4,1518.48,1518.4,1518.48,0.01,4.52,6852.5,1
2026-01-08,2026-01-08 12:50:00,1518.48,1518.55,1518.48,1518.55,0.0,4.52,6852.5,1
2026-01-08,2026-01-08 12:51:00,1518.55,1518.62,1518.55,1518.62,0.0,4.52,6852.5,1
2026-01-08,2026-01-08 12:52:00,1518.62,1518.69,1518.62,1518.69,0.0,4.52,6852.5,1
2026-01-08,2026-01-08 12:53:00,1518.69,1518.77,1518.69,1518.77,0.01,4.52,6852.5,1
2026-01-08,2026-01-08 12:54:00,1518.77,1518.84,1518.77,1518.84,0.0,4.52,6852.5,1
2026-01-08,2026-01-08 12:55:00,1518.84,1518.91,1518.84,1518.91,0.0,4.52,6852.5,1
2026-01-08,2026-01-08 12:56:00,1518.91,1518.98,1518.91,1518.98,0.0,4.52,6852.5,1
2026-01-08,2026-01-08 12:57:00,1518.98,1519.06,1518.98,1519.06,0.01,4.52,6852.5,1
2026-01-08,2026-01-08 12:58:00,1519.06,1519.13,1519.06,1519.13,0.0,4.52,6852.5,1
2026-01-08,2026-01-08 12:59:00,1519.13,1519.2,1519.13,1519.2,0.0,4.52,6852.5,1
2026-01-08,2026-01-08 13:00:00,1519.2,1530.0,1510.5,1519.27,0.0,4.52,6852.5,1
2026-01-08,2026-01-08 13:01:00,1519.27,1519.35,1519.27,1519.35,0.01,4.52,6852.5,1
2026-01-08,2026-01-08 13:02:00,1519.35,1519.42,1519.35,1519.42,0.0,4.52,6852.5,1
2026-01-08,2026-01-08 13:03:00,1519.42,1519.49,1519.42,1519.49,0.0,4.52,6852.5,1
2026-01-08,2026-01-08 13:04:00,1519.49,1519.56,1519.49,1519.56,0.0,4.52,6852.5,1
2026-01-08,2026-01-08 13:05:00,1519.56,1519.63,1519.56,1519.63,0.0,4.52,6852.5,1
2026-01-08,2026-01-08 13:06:00,1519.63,1519.71,1519.63,1519.71,0.01,4.52,6852.5,1
2026-01-08,2026-01-08 13:07:00,1519.71,1519.78,1519.71,1519.78,0.0,4.52,6852.5,1
2026-01-08,2026-01-08 13:08:00,1519.78,1519.85,1519.78,1519.85,0.0,4.52,6852.5,1
2026-01-08,2026-01-08 13:09:00,1519.85,1519.92,1519.85,1519.92,0.0,4.52,6852.5,1
2026-01-08,2026-01-08 13:10:00,1519.92,1520.0,1519.92,1520.0,0.01,4.52,6852.5,1
2026-01-08,2026-01-08 13:11:00,1520.0,1520.07,1520.0,1520.07,0.0,4.52,6852.5,1
2026-01-08,2026-01-08 13:12:00,1520.07,1520.14,1520.07,1520.14,0.0,4.52,6852.5,1
2026-01-08,2026-01-08 13:13:00,1520.14,1520.22,1520.14,1520.22,0.01,4.52,6852.5,1
2026-01-08,2026-01-08 13:14:00,1520.22,1520.29,1520.22,1520.29,0.0,4.52,6852.5,1
2026-01-08,2026-01-08 13:15:00,1520.29,1520.36,1520.29,1520.36,0.0,4.52,6852.5,1
2026-01-08,2026-01-08 13:16:00,1520.36,1520.43,1520.36,1520.43,0.0,4.52,6852.5,1
2026-01-08,2026-01-08 13:17:00,1520.43,1520.51,1520.43,1520.51,0.01,4.52,6852.5,1
2026-01-08,2026-01-08 13:18:00,1520.51,1520.58,1520.51,1520.58,0.0,4.52,6852.5,1
2026-01-08,2026-01-08 13:19:00,1520.58,1520.65,1520.58,1520.65,0.0,4.52,6852.5,1
2026-01-08,2026-01-08 13:20:00,1520.65,1520.72,1520.65,1520.72,0.0,4.52,6852.5,1
2026-01-08,2026-01-08 13:21:00,1520.72,1520.8,1520.72,1520.8,0.01,4.52,6852.5,1
2026-01-08,2026-01-08 13:22:00,1520.8,1520.87,1520.8,1520.87,0.0,4.52,6852.5,1
2026-01-08,2026-01-08 13:23:00,1520.87,1520.94,1520.87,1520.94,0.0,4.52,6852.5,1
2026-01-08,2026-01-08 13:24:00,1520.94,1521.01,1520.94,1521.01,0.0,4.52,6852.5,1
2026-01-08,2026-01-08 13:25:00,1521.01,1521.09,1521.01,1521.09,0.01,4.52,6852.5,1
2026-01-08,2026-01-08 13:26:00,1521.09,1521.16,1521.09,1521.16,0.0,4.52,6852.5,1
2026-01-08,2026-01-08 13:27:00,1521.16,1521.23,1521.16,1521.23,0.0,4.52,6852.5,1
2026-01-08,2026-01-08 13:28:00,1521.23,1521.3,1521.23,1521.3,0.0,4.52,6852.5,1
2026-01-08,2026-01-08 13:29:00,1521.3,1521.38,1521.3,1521.38,0.01,4.52,6852.5,1
2026-01-08,2026-01-08 13:30:00,1521.38,1521.45,1521.38,1521.45,0.0,4.52,6852.5,1
2026-01-08,2026-01-08 13:31:00,1521.45,1521.52,1521.45,1521.52,0.0,4.52,6852.5,1
2026-01-08,2026-01-08 13:32:00,1521.52,1521.59,1521.52,1521.59,0.0,4.52,6852.5,1
2026-01-08,2026-01-08 13:33:00,1521.59,1521.66,1521.59,1521.66,0.0,4.52,6852.5,1
2026-01-08,2026-01-08 13:34:00,1521.66,1521.74,1521.66,1521.74,0.01,4.52,6852.5,1
2026-01-08,2026-01-08 13:35:00,1521.74,1521.81,1521.74,1521.81,0.0,4.52,6852.5,1
2026-01-08,2026-01-08 13:36:00,1521.81,1521.88,1521.81,1521.88,0.0,4.52,6852.5,1
2026-01-08,2026-01-08 13:37:00,1521.88,1521.96,1521.88,1521.96,0.01,4.52,6852.5,1
2026-01-08,2026-01-08 13:38:00,1521.96,1522.03,1521.96,1522.03,0.0,4.52,6852.5,1
2026-01-08,2026-01-08 13:39:00,1522.03,1522.1,1522.03,1522.1,0.0,4.52,6852.5,1
2026-01-08,2026-01-08 13:40:00,1522.1,1522.17,1522.1,1522.17,0.0,4.52,6852.5,1
2026-01-08,2026-01-08 13:41:00,1522.17,1522.25,1522.17,1522.25,0.01,4.52,6852.5,1
2026-01-08,2026-01-08 13:42:00,1522.25,1522.32,1522.25,1522.32,0.0,4.52,6852.5,1
2026-01-08,2026-01-08 13:43:00,1522.32,1522.39,1522.32,1522.39,0.0,4.52,6852.5,1
2026-01-08,2026-01-08 13:44:00,1522.39,1522.46,1522.39,1522.46,0.0,4.52,6852.5,1
2026-01-08,2026-01-08 13:45:00,1522.46,1522.54,1522.46,1522.54,0.01,4.52,6852.5,1
2026-01-08,2026-01-08 13:46:00,1522.54,1522.61,1522.54,1522.61,0.0,4.52,6852.5,1
2026-01-08,2026-01-08 13:47:00,1522.61,1522.68,1522.61,1522.68,0.0,4.52,6852.5,1
2026-01-08,2026-01-08 13:48:00,1522.68,1522.75,1522.68,1522.75,0.0,4.52,6852.5,1
2026-01-08,2026-01-08 13:49:00,1522.75,1522.83,1522.75,1522.83,0.01,4.52,6852.5,1
2026-01-08,2026-01-08 13:50:00,1522.83,1522.9,1522.83,1522.9,0.0,4.52,6852.5,1
2026-01-08,2026-01-08 13:51:00,1522.9,1522.97,1522.9,1522.97,0.0,4.52,6852.5,1
2026-01-08,2026-01-08 13:52:00,1522.97,1523.04,1522.97,1523.04,0.0,4.52,6852.5,1
2026-01-08,2026-01-08 13:53:00,1523.04,1523.12,1523.04,1523.12,0.01,4.52,6852.5,1
2026-01-08,2026-01-08 13:54:00,1523.12,1523.19,1523.12,1523.19,0.0,4.52,6852.5,1
2026-01-08,2026-01-08 13:55:00,1523.19,1523.26,1523.19,1523.26,0.0,4.52,6852.5,1
2026-01-08,2026-01-08 13:56:00,1523.26,1523.33,1523.26,1523.33,0.0,4.52,6852.5,1
2026-01-08,2026-01-08 13:57:00,1523.33,1523.4,1523.33,1523.4,0.0,4.52,6852.5,1
2026-01-08,2026-01-08 13:58:00,1523.4,1523.48,1523.4,1523.48,0.01,4.52,6852.5,1
2026-01-08,2026-01-08 13:59:00,1523.48,1523.55,1523.48,1523.55,0.0,4.52,6852.5,1
2026-01-08,2026-01-08 14:00:00,1523.55,1523.62,1523.55,1523.62,0.0,4.52,6852.5,1
2026-01-08,2026-01-08 14:01:00,1523.62,1523.7,1523.62,1523.7,0.01,4.52,6852.5,1
2026-01-08,2026-01-08 14:02:00,1523.7,1523.77,1523.7,1523.77,0.0,4.52,6852.5,1
2026-01-08,2026-01-08 14:03:00,1523.77,1523.84,1523.77,1523.84,0.0,4.52,6852.5,1
2026-01-08,2026-01-08 14:04:00,1523.84,1523.91,1523.84,1523.91,0.0,4.52,6852.5,1
2026-01-08,2026-01-08 14:05:00,1523.91,1523.99,1523.91,1523.99,0.01,4.52,6852.5,1
2026-01-08,2026-01-08 14:06:00,1523.99,1524.06,1523.99,1524.06,0.0,4.52,6852.5,1
2026-01-08,2026-01-08 14:07:00,1524.06,1524.13,1524.06,1524.13,0.0,4.52,6852.5,1
2026-01-08,2026-01-08 14:08:00,1524.13,1524.2,1524.13,1524.2,0.0,4.52,6852.5,1
2026-01-08,2026-01-08 14:09:00,1524.2,1524.28,1524.2,1524.28,0.01,4.52,6852.5,1
2026-01-08,2026-01-08 14:10:00,1524.28,1524.35,1524.28,1524.35,0.0,4.52,6852.5,1
2026-01-08,2026-01-08 14:11:00,1524.35,1524.42,1524.35,1524.42,0.0,4.52,6852.5,1
2026-01-08,2026-01-08 14:12:00,1524.42,1524.49,1524.42,1524.49,0.0,4.52,6852.5,1
2026-01-08,2026-01-08 14:13:00,1524.49,1524.57,1524.49,1524.57,0.01,4.52,6852.5,1
2026-01-08,2026-01-08 14:14:00,1524.57,1524.64,1524.57,1524.64,0.0,4.52,6852.5,1
2026-01-08,2026-01-08 14:15:00,1524.64,1524.71,1524.64,1524.71,0.0,4.52,6852.5,1
2026-01-08,2026-01-08 14:16:00,1524.71,1524.78,1524.71,1524.78,0.0,4.52,6852.5,1
2026-01-08,2026-01-08 14:17:00,1524.78,1524.86,1524.78,1524.86,0.01,4.52,6852.5,1
2026-01-08,2026-01-08 14:18:00,1524.86,1524.93,1524.86,1524.93,0.0,4.52,6852.5,1
2026-01-08,2026-01-08 14:19:00,1524.93,1525.0,1524.93,1525.0,0.0,4.52,6852.5,1
2026-01-08,2026-01-08 14:20:00,1525.0,1525.07,1525.0,1525.07,0.0,4.52,6852.5,1
2026-01-08,2026-01-08 14:21:00,1525.07,1525.14,1525.07,1525.14,0.0,4.52,6852.5,1
2026-01-08,2026-01-08 14:22:00,1525.14,1525.22,1525.14,1525.22,0.01,4.52,6852.5,1
2026-01-08,2026-01-08 14:23:00,1525.22,1525.29,1525.22,1525.29,0.0,4.52,6852.5,1
2026-01-08,2026-01-08 14:24:00,1525.29,1525.36,1525.29,1525.36,0.0,4.52,6852.5,1
2026-01-08,2026-01-08 14:25:00,1525.36,1525.44,1525.36,1525.44,0.01,4.52,6852.5,1
2026-01-08,2026-01-08 14:26:00,1525.44,1525.51,1525.44,1525.51,0.0,4.52,6852.5,1
2026-01-08,2026-01-08 14:27:00,1525.51,1525.58,1525.51,1525.58,0.0,4.52,6852.5,1
2026-01-08,2026-01-08 14:28:00,1525.58,1525.65,1525.58,1525.65,0.0,4.52,6852.5,1
2026-01-08,2026-01-08 14:29:00,1525.65,1525.73,1525.65,1525.73,0.01,4.52,6852.5,1
2026-01-08,2026-01-08 14:30:00,1525.73,1525.8,1525.73,1525.8,0.0,4.52,6852.5,1
2026-01-08,2026-01-08 14:31:00,1525.8,1525.87,1525.8,1525.87,0.0,4.52,6852.5,1
2026-01-08,2026-01-08 14:32:00,1525.87,1525.94,1525.87,1525.94,0.0,4.52,6852.5,1
2026-01-08,2026-01-08 14:33:00,1525.94,1526.02,1525.94,1526.02,0.01,4.52,6852.5,1
2026-01-08,2026-01-08 14:34:00,1526.02,1526.09,1526.02,1526.09,0.0,4.52,6852.5,1
2026-01-08,2026-01-08 14:35:00,1526.09,1526.16,1526.09,1526.16,0.0,4.52,6852.5,1
2026-01-08,2026-01-08 14:36:00,1526.16,1526.23,1526.16,1526.23,0.0,4.52,6852.5,1
2026-01-08,2026-01-08 14:37:00,1526.23,1526.31,1526.23,1526.31,0.01,4.52,6852.5,1
2026-01-08,2026-01-08 14:38:00,1526.31,1526.38,1526.31,1526.38,0.0,4.52,6852.5,1
2026-01-08,2026-01-08 14:39:00,1526.38,1526.45,1526.38,1526.45,0.0,4.52,6852.5,1
2026-01-08,2026-01-08 14:40:00,1526.45,1526.52,1526.45,1526.52,0.0,4.52,6852.5,1
2026-01-08,2026-01-08 14:41:00,1526.52,1526.6,1526.52,1526.6,0.01,4.52,6852.5,1
2026-01-08,2026-01-08 14:42:00,1526.6,1526.67,1526.6,1526.67,0.0,4.52,6852.5,1
2026-01-08,2026-01-08 14:43:00,1526.67,1526.74,1526.67,1526.74,0.0,4.52,6852.5,1
2026-01-08,2026-01-08 14:44:00,1526.74,1526.81,1526.74,1526.81,0.0,4.52,6852.5,1
2026-01-08,2026-01-08 14:45:00,1526.81,1526.88,1526.81,1526.88,0.0,4.52,6852.5,1
2026-01-08,2026-01-08 14:46:00,1526.88,1526.96,1526.88,1526.96,0.01,4.52,6852.5,1
2026-01-08,2026-01-08 14:47:00,1526.96,1527.03,1526.96,1527.03,0.0,4.52,6852.5,1
2026-01-08,2026-01-08 14:48:00,1527.03,1527.1,1527.03,1527.1,0.0,4.52,6852.5,1
2026-01-08,2026-01-08 14:49:00,1527.1,1527.18,1527.1,1527.18,0.01,4.52,6852.5,1
2026-01-08,2026-01-08 14:50:00,1527.18,1527.25,1527.18,1527.25,0.0,4.52,6852.5,1
2026-01-08,2026-01-08 14:51:00,1527.25,1527.32,1527.25,1527.32,0.0,4.52,6852.5,1
2026-01-08,2026-01-08 14:52:00,1527.32,1527.39,1527.32,1527.39,0.0,4.52,6852.5,1
2026-01-08,2026-01-08 14:53:00,1527.39,1527.47,1527.39,1527.47,0.01,4.52,6852.5,1
2026-01-08,2026-01-08 14:54:00,1527.47,1527.54,1527.47,1527.54,0.0,4.52,6852.5,1
2026-01-08,2026-01-08 14:55:00,1527.54,1527.61,1527.54,1527.61,0.0,4.52,6852.5,1
2026-01-08,2026-01-08 14:56:00,1527.61,1527.68,1527.61,1527.68,0.0,4.52,6852.5,1
2026-01-08,2026-01-08 14:57:00,1527.68,1527.76,1527.68,1527.76,0.01,4.52,6852.5,1
2026-01-08,2026-01-08 14:58:00,1527.76,1527.83,1527.76,1527.83,0.0,4.52,6852.5,1
2026-01-08,2026-01-08 14:59:00,1527.83,1527.9,1527.83,1527.9,0.0,4.52,6852.5,1
2026-01-08,2026-01-08 15:00:00,1527.9,1530.0,1510.5,1527.9,0.0,4.52,6852.5,0
2026-01-12,2026-01-12 11:00:00,1513.1,1522.67,1513.07,1513.23,0.01,8.43,12792.88,1
2026-01-12,2026-01-12 11:01:00,1513.23,1513.37,1513.23,1513.37,0.01,8.43,12792.88,1
2026-01-12,2026-01-12 11:02:00,1513.37,1513.5,1513.37,1513.5,0.01,8.43,12792.88,1
2026-01-12,2026-01-12 11:03:00,1513.5,1513.63,1513.5,1513.63,0.01,8.43,12792.88,1
2026-01-12,2026-01-12 11:04:00,1513.63,1513.76,1513.63,1513.76,0.01,8.43,12792.88,1
2026-01-12,2026-01-12 11:05:00,1513.76,1513.9,1513.76,1513.9,0.01,8.43,12792.88,1
2026-01-12,2026-01-12 11:06:00,1513.9,1514.03,1513.9,1514.03,0.01,8.43,12792.88,1
2026-01-12,2026-01-12 11:07:00,1514.03,1514.16,1514.03,1514.16,0.01,8.43,12792.88,1
2026-01-12,2026-01-12 11:08:00,1514.16,1514.3,1514.16,1514.3,0.01,8.43,12792.88,1
2026-01-12,2026-01-12 11:09:00,1514.3,1514.43,1514.3,1514.43,0.01,8.43,12792.88,1
2026-01-12,2026-01-12 11:10:00,1514.43,1514.56,1514.43,1514.56,0.01,8.43,12792.88,1
2026-01-12,2026-01-12 11:11:00,1514.56,1514.69,1514.56,1514.69,0.01,8.43,12792.88,1
2026-01-12,2026-01-12 11:12:00,1514.69,1514.83,1514.69,1514.83,0.01,8.43,12792.88,1
2026-01-12,2026-01-12 11:13:00,1514.83,1514.96,1514.83,1514.96,0.01,8.43,12792.88,1
2026-01-12,2026-01-12 11:14:00,1514.96,1515.09,1514.96,1515.09,0.01,8.43,12792.88,1
2026-01-12,2026-01-12 11:15:00,1515.09,1515.23,1515.09,1515.23,0.01,8.43,12792.88,1
2026-01-12,2026-01-12 11:16:00,1515.23,1515.36,1515.23,1515.36,0.01,8.43,12792.88,1
2026-01-12,2026-01-12 11:17:00,1515.36,1515.49,1515.36,1515.49,0.01,8.43,12792.88,1
2026-01-12,2026-01-12 11:18:00,1515.49,1515.63,1515.49,1515.63,0.01,8.43,12792.88,1
2026-01-12,2026-01-12 11:19:00,1515.63,1515.76,1515.63,1515.76,0.01,8.43,12792.88,1
2026-01-12,2026-01-12 11:20:00,1515.76,1515.89,1515.76,1515.89,0.01,8.43,12792.88,1
2026-01-12,2026-01-12 11:21:00,1515.89,1516.02,1515.89,1516.02,0.01,8.43,12792.88,1
2026-01-12,2026-01-12 11:22:00,1516.02,1516.16,1516.02,1516.16,0.01,8.43,12792.88,1
2026-01-12,2026-01-12 11:23:00,1516.16,1516.29,1516.16,1516.29,0.01,8.43,12792.88,1
2026-01-12,2026-01-12 11:24:00,1516.29,1516.42,1516.29,1516.42,0.01,8.43,12792.88,1
2026-01-12,2026-01-12 11:25:00,1516.42,1516.56,1516.42,1516.56,0.01,8.43,12792.88,1
2026-01-12,2026-01-12 11:26:00,1516.56,1516.69,1516.56,1516.69,0.01,8.43,12792.88,1
2026-01-12,2026-01-12 11:27:00,1516.69,1516.82,1516.69,1516.82,0.01,8.43,12792.88,1
2026-01-12,2026-01-12 11:28:00,1516.82,1516.95,1516.82,1516.95,0.01,8.43,12792.88,1
2026-01-12,2026-01-12 11:29:00,1516.95,1517.09,1516.95,1517.09,0.01,8.43,12792.88,1
2026-01-12,2026-01-12 11:30:00,1517.09,1517.22,1517.09,1517.22,0.01,8.43,12792.88,1
2026-01-12,2026-01-12 11:31:00,1517.22,1517.35,1517.22,1517.35,0.01,8.43,12792.88,1
2026-01-12,2026-01-12 11:32:00,1517.35,1517.49,1517.35,1517.49,0.01,8.43,12792.88,1
2026-01-12,2026-01-12 11:33:00,1517.49,1517.62,1517.49,1517.62,0.01,8.43,12792.88,1
2026-01-12,2026-01-12 11:34:00,1517.62,1517.75,1517.62,1517.75,0.01,8.43,12792.88,1
2026-01-12,2026-01-12 11:35:00,1517.75,1517.88,1517.75,1517.88,0.01,8.43,12792.88,1
2026-01-12,2026-01-12 11:36:00,1517.88,1518.02,1517.88,1518.02,0.01,8.43,12792.88,1
2026-01-12,2026-01-12 11:37:00,1518.02,1518.15,1518.02,1518.15,0.01,8.43,12792.88,1
2026-01-12,2026-01-12 11:38:00,1518.15,1518.28,1518.15,1518.28,0.01,8.43,12792.88,1
2026-01-12,2026-01-12 11:39:00,1518.28,1518.42,1518.28,1518.42,0.01,8.43,12792.88,1
2026-01-12,2026-01-12 11:40:00,1518.42,1518.55,1518.42,1518.55,0.01,8.43,12792.88,1
2026-01-12,2026-01-12 11:41:00,1518.55,1518.68,1518.55,1518.68,0.01,8.43,12792.88,1
2026-01-12,2026-01-12 11:42:00,1518.68,1518.82,1518.68,1518.82,0.01,8.43,12792.88,1
2026-01-12,2026-01-12 11:43:00,1518.82,1518.95,1518.82,1518.95,0.01,8.43,12792.88,1
2026-01-12,2026-01-12 11:44:00,1518.95,1519.08,1518.95,1519.08,0.01,8.43,12792.88,1
2026-01-12,2026-01-12 11:45:00,1519.08,1519.21,1519.08,1519.21,0.01,8.43,12792.88,1
2026-01-12,2026-01-12 11:46:00,1519.21,1519.35,1519.21,1519.35,0.01,8.43,12792.88,1
2026-01-12,2026-01-12 11:47:00,1519.35,1519.48,1519.35,1519.48,0.01,8.43,12792.88,1
2026-01-12,2026-01-12 11:48:00,1519.48,1519.61,1519.48,1519.61,0.01,8.43,12792.88,1
2026-01-12,2026-01-12 11:49:00,1519.61,1519.75,1519.61,1519.75,0.01,8.43,12792.88,1
2026-01-12,2026-01-12 11:50:00,1519.75,1519.88,1519.75,1519.88,0.01,8.43,12792.88,1
2026-01-12,2026-01-12 11:51:00,1519.88,1520.01,1519.88,1520.01,0.01,8.43,12792.88,1
2026-01-12,2026-01-12 11:52:00,1520.01,1520.14,1520.01,1520.14,0.01,8.43,12792.88,1
2026-01-12,2026-01-12 11:53:00,1520.14,1520.28,1520.14,1520.28,0.01,8.43,12792.88,1
2026-01-12,2026-01-12 11:54:00,1520.28,1520.41,1520.28,1520.41,0.01,8.43,12792.88,1
2026-01-12,2026-01-12 11:55:00,1520.41,1520.54,1520.41,1520.54,0.01,8.43,12792.88,1
2026-01-12,2026-01-12 11:56:00,1520.54,1520.68,1520.54,1520.68,0.01,8.43,12792.88,1
2026-01-12,2026-01-12 11:57:00,1520.68,1520.81,1520.68,1520.81,0.01,8.43,12792.88,1
2026-01-12,2026-01-12 11:58:00,1520.81,1520.94,1520.81,1520.94,0.01,8.43,12792.88,1
2026-01-12,2026-01-12 11:59:00,1520.94,1521.07,1520.94,1521.07,0.01,8.43,12792.88,1
2026-01-12,2026-01-12 12:00:00,1521.07,1521.21,1521.07,1521.21,0.01,8.43,12792.88,1
2026-01-12,2026-01-12 12:01:00,1521.21,1521.34,1521.21,1521.34,0.01,8.43,12792.88,1
2026-01-12,2026-01-12 12:02:00,1521.34,1521.47,1521.34,1521.47,0.01,8.43,12792.88,1
2026-01-12,2026-01-12 12:03:00,1521.47,1521.61,1521.47,1521.61,0.01,8.43,12792.88,1
2026-01-12,2026-01-12 12:04:00,1521.61,1521.74,1521.61,1521.74,0.01,8.43,12792.88,1
2026-01-12,2026-01-12 12:05:00,1521.74,1521.87,1521.74,1521.87,0.01,8.43,12792.88,1
2026-01-12,2026-01-12 12:06:00,1521.87,1522.01,1521.87,1522.01,0.01,8.43,12792.88,1
2026-01-12,2026-01-12 12:07:00,1522.01,1522.14,1522.01,1522.14,0.01,8.43,12792.88,1
2026-01-12,2026-01-12 12:08:00,1522.14,1522.27,1522.14,1522.27,0.01,8.43,12792.88,1
2026-01-12,2026-01-12 12:09:00,1522.27,1522.4,1522.27,1522.4,0.01,8.43,12792.88,1
2026-01-12,2026-01-12 12:10:00,1522.4,1522.54,1522.4,1522.54,0.01,8.43,12792.88,1
2026-01-12,2026-01-12 12:11:00,1522.54,1522.67,1522.54,1522.67,0.01,8.43,12792.88,1
2026-01-12,2026-01-12 12:12:00,1522.67,1522.8,1522.67,1522.8,0.01,8.43,12792.88,1
2026-01-12,2026-01-12 12:13:00,1522.8,1522.94,1522.8,1522.94,0.01,8.43,12792.88,1
2026-01-12,2026-01-12 12:14:00,1522.94,1523.07,1522.94,1523.07,0.01,8.43,12792.88,1
2026-01-12,2026-01-12 12:15:00,1523.07,1523.2,1523.07,1523.2,0.01,8.43,12792.88,1
2026-01-12,2026-01-12 12:16:00,1523.2,1523.33,1523.2,1523.33,0.01,8.43,12792.88,1
2026-01-12,2026-01-12 12:17:00,1523.33,1523.47,1523.33,1523.47,0.01,8.43,12792.88,1
2026-01-12,2026-01-12 12:18:00,1523.47,1523.6,1523.47,1523.6,0.01,8.43,12792.88,1
2026-01-12,2026-01-12 12:19:00,1523.6,1523.73,1523.6,1523.73,0.01,8.43,12792.88,1
2026-01-12,2026-01-12 12:20:00,1523.73,1523.87,1523.73,1523.87,0.01,8.43,12792.88,1
2026-01-12,2026-01-12 12:21:00,1523.87,1524.0,1523.87,1524.0,0.01,8.43,12792.88,1
2026-01-12,2026-01-12 12:22:00,1524.0,1524.13,1524.0,1524.13,0.01,8.43,12792.88,1
2026-01-12,2026-01-12 12:23:00,1524.13,1524.26,1524.13,1524.26,0.01,8.43,12792.88,1
2026-01-12,2026-01-12 12:24:00,1524.26,1524.4,1524.26,1524.4,0.01,8.43,12792.88,1
2026-01-12,2026-01-12 12:25:00,1524.4,1524.53,1524.4,1524.53,0.01,8.43,12792.88,1
2026-01-12,2026-01-12 12:26:00,1524.53,1524.66,1524.53,1524.66,0.01,8.43,12792.88,1
2026-01-12,2026-01-12 12:27:00,1524.66,1524.8,1524.66,1524.8,0.01,8.43,12792.88,1
2026-01-12,2026-01-12 12:28:00,1524.8,1524.93,1524.8,1524.93,0.01,8.43,12792.88,1
2026-01-12,2026-01-12 12:29:00,1524.93,1525.06,1524.93,1525.06,0.01,8.43,12792.88,1
2026-01-12,2026-01-12 12:30:00,1525.06,1525.2,1525.06,1525.2,0.01,8.43,12792.88,1
2026-01-12,2026-01-12 12:31:00,1525.2,1525.33,1525.2,1525.33,0.01,8.43,12792.88,1
2026-01-12,2026-01-12 12:32:00,1525.33,1525.46,1525.33,1525.46,0.01,8.43,12792.88,1
2026-01-12,2026-01-12 12:33:00,1525.46,1525.59,1525.46,1525.59,0.01,8.43,12792.88,1
2026-01-12,2026-01-12 12:34:00,1525.59,1525.73,1525.59,1525.73,0.01,8.43,12792.88,1
2026-01-12,2026-01-12 12:35:00,1525.73,1525.86,1525.73,1525.86,0.01,8.43,12792.88,1
2026-01-12,2026-01-12 12:36:00,1525.86,1525.99,1525.86,1525.99,0.01,8.43,12792.88,1
2026-01-12,2026-01-12 12:37:00,1525.99,1526.13,1525.99,1526.13,0.01,8.43,12792.88,1
2026-01-12,2026-01-12 12:38:00,1526.13,1526.26,1526.13,1526.26,0.01,8.43,12792.88,1
2026-01-12,2026-01-12 12:39:00,1526.26,1526.39,1526.26,1526.39,0.01,8.43,12792.88,1
2026-01-12,2026-01-12 12:40:00,1526.39,1526.52,1526.39,1526.52,0.01,8.43,12792.88,1
2026-01-12,2026-01-12 12:41:00,1526.52,1526.66,1526.52,1526.66,0.01,8.43,12792.88,1
2026-01-12,2026-01-12 12:42:00,1526.66,1526.79,1526.66,1526.79,0.01,8.43,12792.88,1
2026-01-12,2026-01-12 12:43:00,1526.79,1526.92,1526.79,1526.92,0.01,8.43,12792.88,1
2026-01-12,2026-01-12 12:44:00,1526.92,1527.06,1526.92,1527.06,0.01,8.43,12792.88,1
2026-01-12,2026-01-12 12:45:00,1527.06,1527.19,1527.06,1527.19,0.01,8.43,12792.88,1
2026-01-12,2026-01-12 12:46:00,1527.19,1527.32,1527.19,1527.32,0.01,8.43,12792.88,1
2026-01-12,2026-01-12 12:47:00,1527.32,1527.45,1527.32,1527.45,0.01,8.43,12792.88,1
2026-01-12,2026-01-12 12:48:00,1527.45,1527.59,1527.45,1527.59,0.01,8.43,12792.88,1
2026-01-12,2026-01-12 12:49:00,1527.59,1527.72,1527.59,1527.72,0.01,8.43,12792.88,1
2026-01-12,2026-01-12 12:50:00,1527.72,1527.85,1527.72,1527.85,0.01,8.43,12792.88,1
2026-01-12,2026-01-12 12:51:00,1527.85,1527.99,1527.85,1527.99,0.01,8.43,12792.88,1
2026-01-12,2026-01-12 12:52:00,1527.99,1528.12,1527.99,1528.12,0.01,8.43,12792.88,1
2026-01-12,2026-01-12 12:53:00,1528.12,1528.25,1528.12,1528.25,0.01,8.43,12792.88,1
2026-01-12,2026-01-12 12:54:00,1528.25,1528.39,1528.25,1528.39,0.01,8.43,12792.88,1
2026-01-12,2026-01-12 12:55:00,1528.39,1528.52,1528.39,1528.52,0.01,8.43,12792.88,1
2026-01-12,2026-01-12 12:56:00,1528.52,1528.65,1528.52,1528.65,0.01,8.43,12792.88,1
2026-01-12,2026-01-12 12:57:00,1528.65,1528.78,1528.65,1528.78,0.01,8.43,12792.88,1
2026-01-12,2026-01-12 12:58:00,1528.78,1528.92,1528.78,1528.92,0.01,8.43,12792.88,1
2026-01-12,2026-01-12 12:59:00,1528.92,1529.05,1528.92,1529.05,0.01,8.43,12792.88,1
2026-01-12,2026-01-12 13:00:00,1529.05,1545.0,1513.0,1529.18,0.01,8.43,12792.88,1
2026-01-12,2026-01-12 13:01:00,1529.18,1529.32,1529.18,1529.32,0.01,8.43,12792.88,1
2026-01-12,2026-01-12 13:02:00,1529.32,1529.45,1529.32,1529.45,0.01,8.43,12792.88,1
2026-01-12,2026-01-12 13:03:00,1529.45,1529.58,1529.45,1529.58,0.01,8.43,12792.88,1
2026-01-12,2026-01-12 13:04:00,1529.58,1529.71,1529.58,1529.71,0.01,8.43,12792.88,1
2026-01-12,2026-01-12 13:05:00,1529.71,1529.85,1529.71,1529.85,0.01,8.43,12792.88,1
2026-01-12,2026-01-12 13:06:00,1529.85,1529.98,1529.85,1529.98,0.01,8.43,12792.88,1
2026-01-12,2026-01-12 13:07:00,1529.98,1530.11,1529.98,1530.11,0.01,8.43,12792.88,1
2026-01-12,2026-01-12 13:08:00,1530.11,1530.25,1530.11,1530.25,0.01,8.43,12792.88,1
2026-01-12,2026-01-12 13:09:00,1530.25,1530.38,1530.25,1530.38,0.01,8.43,12792.88,1
2026-01-12,2026-01-12 13:10:00,1530.38,1530.51,1530.38,1530.51,0.01,8.43,12792.88,1
2026-01-12,2026-01-12 13:11:00,1530.51,1530.64,1530.51,1530.64,0.01,8.43,12792.88,1
2026-01-12,2026-01-12 13:12:00,1530.64,1530.78,1530.64,1530.78,0.01,8.43,12792.88,1
2026-01-12,2026-01-12 13:13:00,1530.78,1530.91,1530.78,1530.91,0.01,8.43,12792.88,1
2026-01-12,2026-01-12 13:14:00,1530.91,1531.04,1530.91,1531.04,0.01,8.43,12792.88,1
2026-01-12,2026-01-12 13:15:00,1531.04,1531.18,1531.04,1531.18,0.01,8.43,12792.88,1
2026-01-12,2026-01-12 13:16:00,1531.18,1531.31,1531.18,1531.31,0.01,8.43,12792.88,1
2026-01-12,2026-01-12 13:17:00,1531.31,1531.44,1531.31,1531.44,0.01,8.43,12792.88,1
2026-01-12,2026-01-12 13:18:00,1531.44,1531.58,1531.44,1531.58,0.01,8.43,12792.88,1
2026-01-12,2026-01-12 13:19:00,1531.58,1531.71,1531.58,1531.71,0.01,8.43,12792.88,1
2026-01-12,2026-01-12 13:20:00,1531.71,1531.84,1531.71,1531.84,0.01,8.43,12792.88,1
2026-01-12,2026-01-12 13:21:00,1531.84,1531.97,1531.84,1531.97,0.01,8.43,12792.88,1
2026-01-12,2026-01-12 13:22:00,1531.97,1532.11,1531.97,1532.11,0.01,8.43,12792.88,1
2026-01-12,2026-01-12 13:23:00,1532.11,1532.24,1532.11,1532.24,0.01,8.43,12792.88,1
2026-01-12,2026-01-12 13:24:00,1532.24,1532.37,1532.24,1532.37,0.01,8.43,12792.88,1
2026-01-12,2026-01-12 13:25:00,1532.37,1532.51,1532.37,1532.51,0.01,8.43,12792.88,1
2026-01-12,2026-01-12 13:26:00,1532.51,1532.64,1532.51,1532.64,0.01,8.43,12792.88,1
2026-01-12,2026-01-12 13:27:00,1532.64,1532.77,1532.64,1532.77,0.01,8.43,12792.88,1
2026-01-12,2026-01-12 13:28:00,1532.77,1532.9,1532.77,1532.9,0.01,8.43,12792.88,1
2026-01-12,2026-01-12 13:29:00,1532.9,1533.04,1532.9,1533.04,0.01,8.43,12792.88,1
2026-01-12,2026-01-12 13:30:00,1533.04,1533.17,1533.04,1533.17,0.01,8.43,12792.88,1
2026-01-12,2026-01-12 13:31:00,1533.17,1533.3,1533.17,1533.3,0.01,8.43,12792.88,1
2026-01-12,2026-01-12 13:32:00,1533.3,1533.44,1533.3,1533.44,0.01,8.43,12792.88,1
2026-01-12,2026-01-12 13:33:00,1533.44,1533.57,1533.44,1533.57,0.01,8.43,12792.88,1
2026-01-12,2026-01-12 13:34:00,1533.57,1533.7,1533.57,1533.7,0.01,8.43,12792.88,1
2026-01-12,2026-01-12 13:35:00,1533.7,1533.84,1533.7,1533.84,0.01,8.43,12792.88,1
2026-01-12,2026-01-12 13:36:00,1533.84,1533.97,1533.84,1533.97,0.01,8.43,12792.88,1
2026-01-12,2026-01-12 13:37:00,1533.97,1534.1,1533.97,1534.1,0.01,8.43,12792.88,1
2026-01-12,2026-01-12 13:38:00,1534.1,1534.23,1534.1,1534.23,0.01,8.43,12792.88,1
2026-01-12,2026-01-12 13:39:00,1534.23,1534.37,1534.23,1534.37,0.01,8.43,12792.88,1
2026-01-12,2026-01-12 13:40:00,1534.37,1534.5,1534.37,1534.5,0.01,8.43,12792.88,1
2026-01-12,2026-01-12 13:41:00,1534.5,1534.63,1534.5,1534.63,0.01,8.43,12792.88,1
2026-01-12,2026-01-12 13:42:00,1534.63,1534.77,1534.63,1534.77,0.01,8.43,12792.88,1
2026-01-12,2026-01-12 13:43:00,1534.77,1534.9,1534.77,1534.9,0.01,8.43,12792.88,1
2026-01-12,2026-01-12 13:44:00,1534.9,1535.03,1534.9,1535.03,0.01,8.43,12792.88,1
2026-01-12,2026-01-12 13:45:00,1535.03,1535.16,1535.03,1535.16,0.01,8.43,12792.88,1
2026-01-12,2026-01-12 13:46:00,1535.16,1535.3,1535.16,1535.3,0.01,8.43,12792.88,1
2026-01-12,2026-01-12 13:47:00,1535.3,1535.43,1535.3,1535.43,0.01,8.43,12792.88,1
2026-01-12,2026-01-12 13:48:00,1535.43,1535.56,1535.43,1535.56,0.01,8.43,12792.88,1
2026-01-12,2026-01-12 13:49:00,1535.56,1535.7,1535.56,1535.7,0.01,8.43,12792.88,1
2026-01-12,2026-01-12 13:50:00,1535.7,1535.83,1535.7,1535.83,0.01,8.43,12792.88,1
2026-01-12,2026-01-12 13:51:00,1535.83,1535.96,1535.83,1535.96,0.01,8.43,12792.88,1
2026-01-12,2026-01-12 13:52:00,1535.96,1536.09,1535.96,1536.09,0.01,8.43,12792.88,1
2026-01-12,2026-01-12 13:53:00,1536.09,1536.23,1536.09,1536.23,0.01,8.43,12792.88,1
2026-01-12,2026-01-12 13:54:00,1536.23,1536.36,1536.23,1536.36,0.01,8.43,12792.88,1
2026-01-12,2026-01-12 13:55:00,1536.36,1536.49,1536.36,1536.49,0.01,8.43,12792.88,1
2026-01-12,2026-01-12 13:56:00,1536.49,1536.63,1536.49,1536.63,0.01,8.43,12792.88,1
2026-01-12,2026-01-12 13:57:00,1536.63,1536.76,1536.63,1536.76,0.01,8.43,12792.88,1
2026-01-12,2026-01-12 13:58:00,1536.76,1536.89,1536.76,1536.89,0.01,8.43,12792.88,1
2026-01-12,2026-01-12 13:59:00,1536.89,1537.03,1536.89,1537.03,0.01,8.43,12792.88,1
2026-01-12,2026-01-12 14:00:00,1537.03,1537.16,1537.03,1537.16,0.01,8.43,12792.88,1
2026-01-12,2026-01-12 14:01:00,1537.16,1537.29,1537.16,1537.29,0.01,8.43,12792.88,1
2026-01-12,2026-01-12 14:02:00,1537.29,1537.42,1537.29,1537.42,0.01,8.43,12792.88,1
2026-01-12,2026-01-12 14:03:00,1537.42,1537.56,1537.42,1537.56,0.01,8.43,12792.88,1
2026-01-12,2026-01-12 14:04:00,1537.56,1537.69,1537.56,1537.69,0.01,8.43,12792.88,1
2026-01-12,2026-01-12 14:05:00,1537.69,1537.82,1537.69,1537.82,0.01,8.43,12792.88,1
2026-01-12,2026-01-12 14:06:00,1537.82,1537.96,1537.82,1537.96,0.01,8.43,12792.88,1
2026-01-12,2026-01-12 14:07:00,1537.96,1538.09,1537.96,1538.09,0.01,8.43,12792.88,1
2026-01-12,2026-01-12 14:08:00,1538.09,1538.22,1538.09,1538.22,0.01,8.43,12792.88,1
2026-01-12,2026-01-12 14:09:00,1538.22,1538.35,1538.22,1538.35,0.01,8.43,12792.88,1
2026-01-12,2026-01-12 14:10:00,1538.35,1538.49,1538.35,1538.49,0.01,8.43,12792.88,1
2026-01-12,2026-01-12 14:11:00,1538.49,1538.62,1538.49,1538.62,0.01,8.43,12792.88,1
2026-01-12,2026-01-12 14:12:00,1538.62,1538.75,1538.62,1538.75,0.01,8.43,12792.88,1
2026-01-12,2026-01-12 14:13:00,1538.75,1538.89,1538.75,1538.89,0.01,8.43,12792.88,1
2026-01-12,2026-01-12 14:14:00,1538.89,1539.02,1538.89,1539.02,0.01,8.43,12792.88,1
2026-01-12,2026-01-12 14:15:00,1539.02,1539.15,1539.02,1539.15,0.01,8.43,12792.88,1
2026-01-12,2026-01-12 14:16:00,1539.15,1539.28,1539.15,1539.28,0.01,8.43,12792.88,1
2026-01-12,2026-01-12 14:17:00,1539.28,1539.42,1539.28,1539.42,0.01,8.43,12792.88,1
2026-01-12,2026-01-12 14:18:00,1539.42,1539.55,1539.42,1539.55,0.01,8.43,12792.88,1
2026-01-12,2026-01-12 14:19:00,1539.55,1539.68,1539.55,1539.68,0.01,8.43,12792.88,1
2026-01-12,2026-01-12 14:20:00,1539.68,1539.82,1539.68,1539.82,0.01,8.43,12792.88,1
2026-01-12,2026-01-12 14:21:00,1539.82,1539.95,1539.82,1539.95,0.01,8.43,12792.88,1
2026-01-12,2026-01-12 14:22:00,1539.95,1540.08,1539.95,1540.08,0.01,8.43,12792.88,1
2026-01-12,2026-01-12 14:23:00,1540.08,1540.21,1540.08,1540.21,0.01,8.43,12792.88,1
2026-01-12,2026-01-12 14:24:00,1540.21,1540.35,1540.21,1540.35,0.01,8.43,12792.88,1
2026-01-12,2026-01-12 14:25:00,1540.35,1540.48,1540.35,1540.48,0.01,8.43,12792.88,1
2026-01-12,2026-01-12 14:26:00,1540.48,1540.61,1540.48,1540.61,0.01,8.43,12792.88,1
2026-01-12,2026-01-12 14:27:00,1540.61,1540.75,1540.61,1540.75,0.01,8.43,12792.88,1
2026-01-12,2026-01-12 14:28:00,1540.75,1540.88,1540.75,1540.88,0.01,8.43,12792.88,1
2026-01-12,2026-01-12 14:29:00,1540.88,1541.01,1540.88,1541.01,0.01,8.43,12792.88,1
2026-01-12,2026-01-12 14:30:00,1541.01,1541.15,1541.01,1541.15,0.01,8.43,12792.88,1
2026-01-12,2026-01-12 14:31:00,1541.15,1541.28,1541.15,1541.28,0.01,8.43,12792.88,1
2026-01-12,2026-01-12 14:32:00,1541.28,1541.41,1541.28,1541.41,0.01,8.43,12792.88,1
2026-01-12,2026-01-12 14:33:00,1541.41,1541.54,1541.41,1541.54,0.01,8.43,12792.88,1
2026-01-12,2026-01-12 14:34:00,1541.54,1541.68,1541.54,1541.68,0.01,8.43,12792.88,1
2026-01-12,2026-01-12 14:35:00,1541.68,1541.81,1541.68,1541.81,0.01,8.43,12792.88,1
2026-01-12,2026-01-12 14:36:00,1541.81,1541.94,1541.81,1541.94,0.01,8.43,12792.88,1
2026-01-12,2026-01-12 14:37:00,1541.94,1542.08,1541.94,1542.08,0.01,8.43,12792.88,1
2026-01-12,2026-01-12 14:38:00,1542.08,1542.21,1542.08,1542.21,0.01,8.43,12792.88,1
2026-01-12,2026-01-12 14:39:00,1542.21,1542.34,1542.21,1542.34,0.01,8.43,12792.88,1
2026-01-12,2026-01-12 14:40:00,1542.34,1542.47,1542.34,1542.47,0.01,8.43,12792.88,1
2026-01-12,2026-01-12 14:41:00,1542.47,1542.61,1542.47,1542.61,0.01,8.43,12792.88,1
2026-01-12,2026-01-12 14:42:00,1542.61,1542.74,1542.61,1542.74,0.01,8.43,12792.88,1
2026-01-12,2026-01-12 14:43:00,1542.74,1542.87,1542.74,1542.87,0.01,8.43,12792.88,1
2026-01-12,2026-01-12 14:44:00,1542.87,1543.01,1542.87,1543.01,0.01,8.43,12792.88,1
2026-01-12,2026-01-12 14:45:00,1543.01,1543.14,1543.01,1543.14,0.01,8.43,12792.88,1
2026-01-12,2026-01-12 14:46:00,1543.14,1543.27,1543.14,1543.27,0.01,8.43,12792.88,1
2026-01-12,2026-01-12 14:47:00,1543.27,1543.4,1543.27,1543.4,0.01,8.43,12792.88,1
2026-01-12,2026-01-12 14:48:00,1543.4,1543.54,1543.4,1543.54,0.01,8.43,12792.88,1
2026-01-12,2026-01-12 14:49:00,1543.54,1543.67,1543.54,1543.67,0.01,8.43,12792.88,1
2026-01-12,2026-01-12 14:50:00,1543.67,1543.8,1543.67,1543.8,0.01,8.43,12792.88,1
2026-01-12,2026-01-12 14:51:00,1543.8,1543.94,1543.8,1543.94,0.01,8.43,12792.88,1
2026-01-12,2026-01-12 14:52:00,1543.94,1544.07,1543.94,1544.07,0.01,8.43,12792.88,1
2026-01-12,2026-01-12 14:53:00,1544.07,1544.2,1544.07,1544.2,0.01,8.43,12792.88,1
2026-01-12,2026-01-12 14:54:00,1544.2,1544.34,1544.2,1544.34,0.01,8.43,12792.88,1
2026-01-12,2026-01-12 14:55:00,1544.34,1544.47,1544.34,1544.47,0.01,8.43,12792.88,1
2026-01-12,2026-01-12 14:56:00,1544.47,1544.6,1544.47,1544.6,0.01,8.43,12792.88,1
2026-01-12,2026-01-12 14:57:00,1544.6,1544.73,1544.6,1544.73,0.01,8.43,12792.88,1
2026-01-12,2026-01-12 14:58:00,1544.73,1544.87,1544.73,1544.87,0.01,8.43,12792.88,1
2026-01-12,2026-01-12 14:59:00,1544.87,1545.0,1544.87,1545.0,0.01,8.43,12792.88,1
2026-01-12,2026-01-12 15:00:00,1545.0,1545.0,1513.0,1545.0,0.0,8.43,12792.88,0
2026-01-13,2026-01-13 11:00:00,1515.0,1521.0,1512.06,1514.98,-0.0,3.86,5852.46,-1
2026-01-13,2026-01-13 11:01:00,1514.98,1514.98,1514.96,1514.96,-0.0,3.86,5852.46,-1
2026-01-13,2026-01-13 11:02:00,1514.96,1514.96,1514.94,1514.94,-0.0,3.86,5852.46,-1
2026-01-13,2026-01-13 11:03:00,1514.94,1514.94,1514.92,1514.92,-0.0,3.86,5852.46,-1
2026-01-13,2026-01-13 11:04:00,1514.92,1514.92,1514.9,1514.9,-0.0,3.86,5852.46,-1
2026-01-13,2026-01-13 11:05:00,1514.9,1514.9,1514.88,1514.88,-0.0,3.86,5852.46,-1
2026-01-13,2026-01-13 11:06:00,1514.88,1514.88,1514.86,1514.86,-0.0,3.86,5852.46,-1
2026-01-13,2026-01-13 11:07:00,1514.86,1514.86,1514.84,1514.84,-0.0,3.86,5852.46,-1
2026-01-13,2026-01-13 11:08:00,1514.84,1514.84,1514.82,1514.82,-0.0,3.86,5852.46,-1
2026-01-13,2026-01-13 11:09:00,1514.82,1514.82,1514.8,1514.8,-0.0,3.86,5852.46,-1
2026-01-13,2026-01-13 11:10:00,1514.8,1514.8,1514.78,1514.78,-0.0,3.86,5852.46,-1
2026-01-13,2026-01-13 11:11:00,1514.78,1514.78,1514.77,1514.77,-0.0,3.86,5852.46,-1
2026-01-13,2026-01-13 11:12:00,1514.77,1514.77,1514.75,1514.75,-0.0,3.86,5852.46,-1
2026-01-13,2026-01-13 11:13:00,1514.75,1514.75,1514.73,1514.73,-0.0,3.86,5852.46,-1
2026-01-13,2026-01-13 11:14:00,1514.73,1514.73,1514.71,1514.71,-0.0,3.86,5852.46,-1
2026-01-13,2026-01-13 11:15:00,1514.71,1514.71,1514.69,1514.69,-0.0,3.86,5852.46,-1
2026-01-13,2026-01-13 11:16:00,1514.69,1514.69,1514.67,1514.67,-0.0,3.86,5852.46,-1
2026-01-13,2026-01-13 11:17:00,1514.67,1514.67,1514.65,1514.65,-0.0,3.86,5852.46,-1
2026-01-13,2026-01-13 11:18:00,1514.65,1514.65,1514.63,1514.63,-0.0,3.86,5852.46,-1
2026-01-13,2026-01-13 11:19:00,1514.63,1514.63,1514.61,1514.61,-0.0,3.86,5852.46,-1
2026-01-13,2026-01-13 11:20:00,1514.61,1514.61,1514.59,1514.59,-0.0,3.86,5852.46,-1
2026-01-13,2026-01-13 11:21:00,1514.59,1514.59,1514.57,1514.57,-0.0,3.86,5852.46,-1
2026-01-13,2026-01-13 11:22:00,1514.57,1514.57,1514.55,1514.55,-0.0,3.86,5852.46,-1
2026-01-13,2026-01-13 11:23:00,1514.55,1514.55,1514.53,1514.53,-0.0,3.86,5852.46,-1
2026-01-13,2026-01-13 11:24:00,1514.53,1514.53,1514.51,1514.51,-0.0,3.86,5852.46,-1
2026-01-13,2026-01-13 11:25:00,1514.51,1514.51,1514.49,1514.49,-0.0,3.86,5852.46,-1
2026-01-13,2026-01-13 11:26:00,1514.49,1514.49,1514.47,1514.47,-0.0,3.86,5852.46,-1
2026-01-13,2026-01-13 11:27:00,1514.47,1514.47,1514.45,1514.45,-0.0,3.86,5852.46,-1
2026-01-13,2026-01-13 11:28:00,1514.45,1514.45,1514.43,1514.43,-0.0,3.86,5852.46,-1
2026-01-13,2026-01-13 11:29:00,1514.43,1514.43,1514.41,1514.41,-0.0,3.86,5852.46,-1
2026-01-13,2026-01-13 11:30:00,1514.41,1514.41,1514.39,1514.39,-0.0,3.86,5852.46,-1
2026-01-13,2026-01-13 11:31:00,1514.39,1514.39,1514.37,1514.37,-0.0,3.86,5852.46,-1
2026-01-13,2026-01-13 11:32:00,1514.37,1514.37,1514.35,1514.35,-0.0,3.86,5852.46,-1
2026-01-13,2026-01-13 11:33:00,1514.35,1514.35,1514.33,1514.33,-0.0,3.86,5852.46,-1
2026-01-13,2026-01-13 11:34:00,1514.33,1514.33,1514.31,1514.31,-0.0,3.86,5852.46,-1
2026-01-13,2026-01-13 11:35:00,1514.31,1514.31,1514.3,1514.3,-0.0,3.86,5852.46,-1
2026-01-13,2026-01-13 11:36:00,1514.3,1514.3,1514.28,1514.28,-0.0,3.86,5852.46,-1
2026-01-13,2026-01-13 11:37:00,1514.28,1514.28,1514.26,1514.26,-0.0,3.86,5852.46,-1
2026-01-13,2026-01-13 11:38:00,1514.26,1514.26,1514.24,1514.24,-0.0,3.86,5852.46,-1
2026-01-13,2026-01-13 11:39:00,1514.24,1514.24,1514.22,1514.22,-0.0,3.86,5852.46,-1
2026-01-13,2026-01-13 11:40:00,1514.22,1514.22,1514.2,1514.2,-0.0,3.86,5852.46,-1
2026-01-13,2026-01-13 11:41:00,1514.2,1514.2,1514.18,1514.18,-0.0,3.86,5852.46,-1
2026-01-13,2026-01-13 11:42:00,1514.18,1514.18,1514.16,1514.16,-0.0,3.86,5852.46,-1
2026-01-13,2026-01-13 11:43:00,1514.16,1514.16,1514.14,1514.14,-0.0,3.86,5852.46,-1
2026-01-13,2026-01-13 11:44:00,1514.14,1514.14,1514.12,1514.12,-0.0,3.86,5852.46,-1
2026-01-13,2026-01-13 11:45:00,1514.12,1514.12,1514.1,1514.1,-0.0,3.86,5852.46,-1
2026-01-13,2026-01-13 11:46:00,1514.1,1514.1,1514.08,1514.08,-0.0,3.86,5852.46,-1
2026-01-13,2026-01-13 11:47:00,1514.08,1514.08,1514.06,1514.06,-0.0,3.86,5852.46,-1
2026-01-13,2026-01-13 11:48:00,1514.06,1514.06,1514.04,1514.04,-0.0,3.86,5852.46,-1
2026-01-13,2026-01-13 11:49:00,1514.04,1514.04,1514.02,1514.02,-0.0,3.86,5852.46,-1
2026-01-13,2026-01-13 11:50:00,1514.02,1514.02,1514.0,1514.0,-0.0,3.86,5852.46,-1
2026-01-13,2026-01-13 11:51:00,1514.0,1514.0,1513.98,1513.98,-0.0,3.86,5852.46,-1
2026-01-13,2026-01-13 11:52:00,1513.98,1513.98,1513.96,1513.96,-0.0,3.86,5852.46,-1
2026-01-13,2026-01-13 11:53:00,1513.96,1513.96,1513.94,1513.94,-0.0,3.86,5852.46,-1
2026-01-13,2026-01-13 11:54:00,1513.94,1513.94,1513.92,1513.92,-0.0,3.86,5852.46,-1
2026-01-13,2026-01-13 11:55:00,1513.92,1513.92,1513.9,1513.9,-0.0,3.86,5852.46,-1
2026-01-13,2026-01-13 11:56:00,1513.9,1513.9,1513.88,1513.88,-0.0,3.86,5852.46,-1
2026-01-13,2026-01-13 11:57:00,1513.88,1513.88,1513.86,1513.86,-0.0,3.86,5852.46,-1
2026-01-13,2026-01-13 11:58:00,1513.86,1513.86,1513.84,1513.84,-0.0,3.86,5852.46,-1
2026-01-13,2026-01-13 11:59:00,1513.84,1513.84,1513.83,1513.83,-0.0,3.86,5852.46,-1
2026-01-13,2026-01-13 12:00:00,1513.83,1513.83,1513.81,1513.81,-0.0,3.86,5852.46,-1
2026-01-13,2026-01-13 12:01:00,1513.81,1513.81,1513.79,1513.79,-0.0,3.86,5852.46,-1
2026-01-13,2026-01-13 12:02:00,1513.79,1513.79,1513.77,1513.77,-0.0,3.86,5852.46,-1
2026-01-13,2026-01-13 12:03:00,1513.77,1513.77,1513.75,1513.75,-0.0,3.86,5852.46,-1
2026-01-13,2026-01-13 12:04:00,1513.75,1513.75,1513.73,1513.73,-0.0,3.86,5852.46,-1
2026-01-13,2026-01-13 12:05:00,1513.73,1513.73,1513.71,1513.71,-0.0,3.86,5852.46,-1
2026-01-13,2026-01-13 12:06:00,1513.71,1513.71,1513.69,1513.69,-0.0,3.86,5852.46,-1
2026-01-13,2026-01-13 12:07:00,1513.69,1513.69,1513.67,1513.67,-0.0,3.86,5852.46,-1
2026-01-13,2026-01-13 12:08:00,1513.67,1513.67,1513.65,1513.65,-0.0,3.86,5852.46,-1
2026-01-13,2026-01-13 12:09:00,1513.65,1513.65,1513.63,1513.63,-0.0,3.86,5852.46,-1
2026-01-13,2026-01-13 12:10:00,1513.63,1513.63,1513.61,1513.61,-0.0,3.86,5852.46,-1
2026-01-13,2026-01-13 12:11:00,1513.61,1513.61,1513.59,1513.59,-0.0,3.86,5852.46,-1
2026-01-13,2026-01-13 12:12:00,1513.59,1513.59,1513.57,1513.57,-0.0,3.86,5852.46,-1
2026-01-13,2026-01-13 12:13:00,1513.57,1513.57,1513.55,1513.55,-0.0,3.86,5852.46,-1
2026-01-13,2026-01-13 12:14:00,1513.55,1513.55,1513.53,1513.53,-0.0,3.86,5852.46,-1
2026-01-13,2026-01-13 12:15:00,1513.53,1513.53,1513.51,1513.51,-0.0,3.86,5852.46,-1
2026-01-13,2026-01-13 12:16:00,1513.51,1513.51,1513.49,1513.49,-0.0,3.86,5852.46,-1
2026-01-13,2026-01-13 12:17:00,1513.49,1513.49,1513.47,1513.47,-0.0,3.86,5852.46,-1
2026-01-13,2026-01-13 12:18:00,1513.47,1513.47,1513.45,1513.45,-0.0,3.86,5852.46,-1
2026-01-13,2026-01-13 12:19:00,1513.45,1513.45,1513.43,1513.43,-0.0,3.86,5852.46,-1
2026-01-13,2026-01-13 12:20:00,1513.43,1513.43,1513.41,1513.41,-0.0,3.86,5852.46,-1
2026-01-13,2026-01-13 12:21:00,1513.41,1513.41,1513.39,1513.39,-0.0,3.86,5852.46,-1
2026-01-13,2026-01-13 12:22:00,1513.39,1513.39,1513.37,1513.37,-0.0,3.86,5852.46,-1
2026-01-13,2026-01-13 12:23:00,1513.37,1513.37,1513.36,1513.36,-0.0,3.86,5852.46,-1
2026-01-13,2026-01-13 12:24:00,1513.36,1513.36,1513.34,1513.34,-0.0,3.86,5852.46,-1
2026-01-13,2026-01-13 12:25:00,1513.34,1513.34,1513.32,1513.32,-0.0,3.86,5852.46,-1
2026-01-13,2026-01-13 12:26:00,1513.32,1513.32,1513.3,1513.3,-0.0,3.86,5852.46,-1
2026-01-13,2026-01-13 12:27:00,1513.3,1513.3,1513.28,1513.28,-0.0,3.86,5852.46,-1
2026-01-13,2026-01-13 12:28:00,1513.28,1513.28,1513.26,1513.26,-0.0,3.86,5852.46,-1
2026-01-13,2026-01-13 12:29:00,1513.26,1513.26,1513.24,1513.24,-0.0,3.86,5852.46,-1
2026-01-13,2026-01-13 12:30:00,1513.24,1513.24,1513.22,1513.22,-0.0,3.86,5852.46,-1
2026-01-13,2026-01-13 12:31:00,1513.22,1513.22,1513.2,1513.2,-0.0,3.86,5852.46,-1
2026-01-13,2026-01-13 12:32:00,1513.2,1513.2,1513.18,1513.18,-0.0,3.86,5852.46,-1
2026-01-13,2026-01-13 12:33:00,1513.18,1513.18,1513.16,1513.16,-0.0,3.86,5852.46,-1
2026-01-13,2026-01-13 12:34:00,1513.16,1513.16,1513.14,1513.14,-0.0,3.86,5852.46,-1
2026-01-13,2026-01-13 12:35:00,1513.14,1513.14,1513.12,1513.12,-0.0,3.86,5852.46,-1
2026-01-13,2026-01-13 12:36:00,1513.12,1513.12,1513.1,1513.1,-0.0,3.86,5852.46,-1
2026-01-13,2026-01-13 12:37:00,1513.1,1513.1,1513.08,1513.08,-0.0,3.86,5852.46,-1
2026-01-13,2026-01-13 12:38:00,1513.08,1513.08,1513.06,1513.06,-0.0,3.86,5852.46,-1
2026-01-13,2026-01-13 12:39:00,1513.06,1513.06,1513.04,1513.04,-0.0,3.86,5852.46,-1
2026-01-13,2026-01-13 12:40:00,1513.04,1513.04,1513.02,1513.02,-0.0,3.86,5852.46,-1
2026-01-13,2026-01-13 12:41:00,1513.02,1513.02,1513.0,1513.0,-0.0,3.86,5852.46,-1
2026-01-13,2026-01-13 12:42:00,1513.0,1513.0,1512.98,1512.98,-0.0,3.86,5852.46,-1
2026-01-13,2026-01-13 12:43:00,1512.98,1512.98,1512.96,1512.96,-0.0,3.86,5852.46,-1
2026-01-13,2026-01-13 12:44:00,1512.96,1512.96,1512.94,1512.94,-0.0,3.86,5852.46,-1
2026-01-13,2026-01-13 12:45:00,1512.94,1512.94,1512.92,1512.92,-0.0,3.86,5852.46,-1
2026-01-13,2026-01-13 12:46:00,1512.92,1512.92,1512.9,1512.9,-0.0,3.86,5852.46,-1
2026-01-13,2026-01-13 12:47:00,1512.9,1512.9,1512.88,1512.88,-0.0,3.86,5852.46,-1
2026-01-13,2026-01-13 12:48:00,1512.88,1512.88,1512.87,1512.87,-0.0,3.86,5852.46,-1
2026-01-13,2026-01-13 12:49:00,1512.87,1512.87,1512.85,1512.85,-0.0,3.86,5852.46,-1
2026-01-13,2026-01-13 12:50:00,1512.85,1512.85,1512.83,1512.83,-0.0,3.86,5852.46,-1
2026-01-13,2026-01-13 12:51:00,1512.83,1512.83,1512.81,1512.81,-0.0,3.86,5852.46,-1
2026-01-13,2026-01-13 12:52:00,1512.81,1512.81,1512.79,1512.79,-0.0,3.86,5852.46,-1
2026-01-13,2026-01-13 12:53:00,1512.79,1512.79,1512.77,1512.77,-0.0,3.86,5852.46,-1
2026-01-13,2026-01-13 12:54:00,1512.77,1512.77,1512.75,1512.75,-0.0,3.86,5852.46,-1
2026-01-13,2026-01-13 12:55:00,1512.75,1512.75,1512.73,1512.73,-0.0,3.86,5852.46,-1
2026-01-13,2026-01-13 12:56:00,1512.73,1512.73,1512.71,1512.71,-0.0,3.86,5852.46,-1
2026-01-13,2026-01-13 12:57:00,1512.71,1512.71,1512.69,1512.69,-0.0,3.86,5852.46,-1
2026-01-13,2026-01-13 12:58:00,1512.69,1512.69,1512.67,1512.67,-0.0,3.86,5852.46,-1
2026-01-13,2026-01-13 12:59:00,1512.67,1512.67,1512.65,1512.65,-0.0,3.86,5852.46,-1
2026-01-13,2026-01-13 13:00:00,1512.65,1535.0,1505.2,1512.63,-0.0,3.86,5852.46,-1
2026-01-13,2026-01-13 13:01:00,1512.63,1512.63,1512.61,1512.61,-0.0,3.86,5852.46,-1
2026-01-13,2026-01-13 13:02:00,1512.61,1512.61,1512.59,1512.59,-0.0,3.86,5852.46,-1
2026-01-13,2026-01-13 13:03:00,1512.59,1512.59,1512.57,1512.57,-0.0,3.86,5852.46,-1
2026-01-13,2026-01-13 13:04:00,1512.57,1512.57,1512.55,1512.55,-0.0,3.86,5852.46,-1
2026-01-13,2026-01-13 13:05:00,1512.55,1512.55,1512.53,1512.53,-0.0,3.86,5852.46,-1
2026-01-13,2026-01-13 13:06:00,1512.53,1512.53,1512.51,1512.51,-0.0,3.86,5852.46,-1
2026-01-13,2026-01-13 13:07:00,1512.51,1512.51,1512.49,1512.49,-0.0,3.86,5852.46,-1
2026-01-13,2026-01-13 13:08:00,1512.49,1512.49,1512.47,1512.47,-0.0,3.86,5852.46,-1
2026-01-13,2026-01-13 13:09:00,1512.47,1512.47,1512.45,1512.45,-0.0,3.86,5852.46,-1
2026-01-13,2026-01-13 13:10:00,1512.45,1512.45,1512.43,1512.43,-0.0,3.86,5852.46,-1
2026-01-13,2026-01-13 13:11:00,1512.43,1512.43,1512.41,1512.41,-0.0,3.86,5852.46,-1
2026-01-13,2026-01-13 13:12:00,1512.41,1512.41,1512.4,1512.4,-0.0,3.86,5852.46,-1
2026-01-13,2026-01-13 13:13:00,1512.4,1512.4,1512.38,1512.38,-0.0,3.86,5852.46,-1
2026-01-13,2026-01-13 13:14:00,1512.38,1512.38,1512.36,1512.36,-0.0,3.86,5852.46,-1
2026-01-13,2026-01-13 13:15:00,1512.36,1512.36,1512.34,1512.34,-0.0,3.86,5852.46,-1
2026-01-13,2026-01-13 13:16:00,1512.34,1512.34,1512.32,1512.32,-0.0,3.86,5852.46,-1
2026-01-13,2026-01-13 13:17:00,1512.32,1512.32,1512.3,1512.3,-0.0,3.86,5852.46,-1
2026-01-13,2026-01-13 13:18:00,1512.3,1512.3,1512.28,1512.28,-0.0,3.86,5852.46,-1
2026-01-13,2026-01-13 13:19:00,1512.28,1512.28,1512.26,1512.26,-0.0,3.86,5852.46,-1
2026-01-13,2026-01-13 13:20:00,1512.26,1512.26,1512.24,1512.24,-0.0,3.86,5852.46,-1
2026-01-13,2026-01-13 13:21:00,1512.24,1512.24,1512.22,1512.22,-0.0,3.86,5852.46,-1
2026-01-13,2026-01-13 13:22:00,1512.22,1512.22,1512.2,1512.2,-0.0,3.86,5852.46,-1
2026-01-13,2026-01-13 13:23:00,1512.2,1512.2,1512.18,1512.18,-0.0,3.86,5852.46,-1
2026-01-13,2026-01-13 13:24:00,1512.18,1512.18,1512.16,1512.16,-0.0,3.86,5852.46,-1
2026-01-13,2026-01-13 13:25:00,1512.16,1512.16,1512.14,1512.14,-0.0,3.86,5852.46,-1
2026-01-13,2026-01-13 13:26:00,1512.14,1512.14,1512.12,1512.12,-0.0,3.86,5852.46,-1
2026-01-13,2026-01-13 13:27:00,1512.12,1512.12,1512.1,1512.1,-0.0,3.86,5852.46,-1
2026-01-13,2026-01-13 13:28:00,1512.1,1512.1,1512.08,1512.08,-0.0,3.86,5852.46,-1
2026-01-13,2026-01-13 13:29:00,1512.08,1512.08,1512.06,1512.06,-0.0,3.86,5852.46,-1
2026-01-13,2026-01-13 13:30:00,1512.06,1512.06,1512.04,1512.04,-0.0,3.86,5852.46,-1
2026-01-13,2026-01-13 13:31:00,1512.04,1512.04,1512.02,1512.02,-0.0,3.86,5852.46,-1
2026-01-13,2026-01-13 13:32:00,1512.02,1512.02,1512.0,1512.0,-0.0,3.86,5852.46,-1
2026-01-13,2026-01-13 13:33:00,1512.0,1512.0,1511.98,1511.98,-0.0,3.86,5852.46,-1
2026-01-13,2026-01-13 13:34:00,1511.98,1511.98,1511.96,1511.96,-0.0,3.86,5852.46,-1
2026-01-13,2026-01-13 13:35:00,1511.96,1511.96,1511.94,1511.94,-0.0,3.86,5852.46,-1
2026-01-13,2026-01-13 13:36:00,1511.94,1511.94,1511.93,1511.93,-0.0,3.86,5852.46,-1
2026-01-13,2026-01-13 13:37:00,1511.93,1511.93,1511.91,1511.91,-0.0,3.86,5852.46,-1
2026-01-13,2026-01-13 13:38:00,1511.91,1511.91,1511.89,1511.89,-0.0,3.86,5852.46,-1
2026-01-13,2026-01-13 13:39:00,1511.89,1511.89,1511.87,1511.87,-0.0,3.86,5852.46,-1
2026-01-13,2026-01-13 13:40:00,1511.87,1511.87,1511.85,1511.85,-0.0,3.86,5852.46,-1
2026-01-13,2026-01-13 13:41:00,1511.85,1511.85,1511.83,1511.83,-0.0,3.86,5852.46,-1
2026-01-13,2026-01-13 13:42:00,1511.83,1511.83,1511.81,1511.81,-0.0,3.86,5852.46,-1
2026-01-13,2026-01-13 13:43:00,1511.81,1511.81,1511.79,1511.79,-0.0,3.86,5852.46,-1
2026-01-13,2026-01-13 13:44:00,1511.79,1511.79,1511.77,1511.77,-0.0,3.86,5852.46,-1
2026-01-13,2026-01-13 13:45:00,1511.77,1511.77,1511.75,1511.75,-0.0,3.86,5852.46,-1
2026-01-13,2026-01-13 13:46:00,1511.75,1511.75,1511.73,1511.73,-0.0,3.86,5852.46,-1
2026-01-13,2026-01-13 13:47:00,1511.73,1511.73,1511.71,1511.71,-0.0,3.86,5852.46,-1
2026-01-13,2026-01-13 13:48:00,1511.71,1511.71,1511.69,1511.69,-0.0,3.86,5852.46,-1
2026-01-13,2026-01-13 13:49:00,1511.69,1511.69,1511.67,1511.67,-0.0,3.86,5852.46,-1
2026-01-13,2026-01-13 13:50:00,1511.67,1511.67,1511.65,1511.65,-0.0,3.86,5852.46,-1
2026-01-13,2026-01-13 13:51:00,1511.65,1511.65,1511.63,1511.63,-0.0,3.86,5852.46,-1
2026-01-13,2026-01-13 13:52:00,1511.63,1511.63,1511.61,1511.61,-0.0,3.86,5852.46,-1
2026-01-13,2026-01-13 13:53:00,1511.61,1511.61,1511.59,1511.59,-0.0,3.86,5852.46,-1
2026-01-13,2026-01-13 13:54:00,1511.59,1511.59,1511.57,1511.57,-0.0,3.86,5852.46,-1
2026-01-13,2026-01-13 13:55:00,1511.57,1511.57,1511.55,1511.55,-0.0,3.86,5852.46,-1
2026-01-13,2026-01-13 13:56:00,1511.55,1511.55,1511.53,1511.53,-0.0,3.86,5852.46,-1
2026-01-13,2026-01-13 13:57:00,1511.53,1511.53,1511.51,1511.51,-0.0,3.86,5852.46,-1
2026-01-13,2026-01-13 13:58:00,1511.51,1511.51,1511.49,1511.49,-0.0,3.86,5852.46,-1
2026-01-13,2026-01-13 13:59:00,1511.49,1511.49,1511.47,1511.47,-0.0,3.86,5852.46,-1
2026-01-13,2026-01-13 14:00:00,1511.47,1511.47,1511.46,1511.46,-0.0,3.86,5852.46,-1
2026-01-13,2026-01-13 14:01:00,1511.46,1511.46,1511.44,1511.44,-0.0,3.86,5852.46,-1
2026-01-13,2026-01-13 14:02:00,1511.44,1511.44,1511.42,1511.42,-0.0,3.86,5852.46,-1
2026-01-13,2026-01-13 14:03:00,1511.42,1511.42,1511.4,1511.4,-0.0,3.86,5852.46,-1
2026-01-13,2026-01-13 14:04:00,1511.4,1511.4,1511.38,1511.38,-0.0,3.86,5852.46,-1
2026-01-13,2026-01-13 14:05:00,1511.38,1511.38,1511.36,1511.36,-0.0,3.86,5852.46,-1
2026-01-13,2026-01-13 14:06:00,1511.36,1511.36,1511.34,1511.34,-0.0,3.86,5852.46,-1
2026-01-13,2026-01-13 14:07:00,1511.34,1511.34,1511.32,1511.32,-0.0,3.86,5852.46,-1
2026-01-13,2026-01-13 14:08:00,1511.32,1511.32,1511.3,1511.3,-0.0,3.86,5852.46,-1
2026-01-13,2026-01-13 14:09:00,1511.3,1511.3,1511.28,1511.28,-0.0,3.86,5852.46,-1
2026-01-13,2026-01-13 14:10:00,1511.28,1511.28,1511.26,1511.26,-0.0,3.86,5852.46,-1
2026-01-13,2026-01-13 14:11:00,1511.26,1511.26,1511.24,1511.24,-0.0,3.86,5852.46,-1
2026-01-13,2026-01-13 14:12:00,1511.24,1511.24,1511.22,1511.22,-0.0,3.86,5852.46,-1
2026-01-13,2026-01-13 14:13:00,1511.22,1511.22,1511.2,1511.2,-0.0,3.86,5852.46,-1
2026-01-13,2026-01-13 14:14:00,1511.2,1511.2,1511.18,1511.18,-0.0,3.86,5852.46,-1
2026-01-13,2026-01-13 14:15:00,1511.18,1511.18,1511.16,1511.16,-0.0,3.86,5852.46,-1
2026-01-13,2026-01-13 14:16:00,1511.16,1511.16,1511.14,1511.14,-0.0,3.86,5852.46,-1
2026-01-13,2026-01-13 14:17:00,1511.14,1511.14,1511.12,1511.12,-0.0,3.86,5852.46,-1
2026-01-13,2026-01-13 14:18:00,1511.12,1511.12,1511.1,1511.1,-0.0,3.86,5852.46,-1
2026-01-13,2026-01-13 14:19:00,1511.1,1511.1,1511.08,1511.08,-0.0,3.86,5852.46,-1
2026-01-13,2026-01-13 14:20:00,1511.08,1511.08,1511.06,1511.06,-0.0,3.86,5852.46,-1
2026-01-13,2026-01-13 14:21:00,1511.06,1511.06,1511.04,1511.04,-0.0,3.86,5852.46,-1
2026-01-13,2026-01-13 14:22:00,1511.04,1511.04,1511.02,1511.02,-0.0,3.86,5852.46,-1
2026-01-13,2026-01-13 14:23:00,1511.02,1511.02,1511.0,1511.0,-0.0,3.86,5852.46,-1
2026-01-13,2026-01-13 14:24:00,1511.0,1511.0,1510.99,1510.99,-0.0,3.86,5852.46,-1
2026-01-13,2026-01-13 14:25:00,1510.99,1510.99,1510.97,1510.97,-0.0,3.86,5852.46,-1
2026-01-13,2026-01-13 14:26:00,1510.97,1510.97,1510.95,1510.95,-0.0,3.86,5852.46,-1
2026-01-13,2026-01-13 14:27:00,1510.95,1510.95,1510.93,1510.93,-0.0,3.86,5852.46,-1
2026-01-13,2026-01-13 14:28:00,1510.93,1510.93,1510.91,1510.91,-0.0,3.86,5852.46,-1
2026-01-13,2026-01-13 14:29:00,1510.91,1510.91,1510.89,1510.89,-0.0,3.86,5852.46,-1
2026-01-13,2026-01-13 14:30:00,1510.89,1510.89,1510.87,1510.87,-0.0,3.86,5852.46,-1
2026-01-13,2026-01-13 14:31:00,1510.87,1510.87,1510.85,1510.85,-0.0,3.86,5852.46,-1
2026-01-13,2026-01-13 14:32:00,1510.85,1510.85,1510.83,1510.83,-0.0,3.86,5852.46,-1
2026-01-13,2026-01-13 14:33:00,1510.83,1510.83,1510.81,1510.81,-0.0,3.86,5852.46,-1
2026-01-13,2026-01-13 14:34:00,1510.81,1510.81,1510.79,1510.79,-0.0,3.86,5852.46,-1
2026-01-13,2026-01-13 14:35:00,1510.79,1510.79,1510.77,1510.77,-0.0,3.86,5852.46,-1
2026-01-13,2026-01-13 14:36:00,1510.77,1510.77,1510.75,1510.75,-0.0,3.86,5852.46,-1
2026-01-13,2026-01-13 14:37:00,1510.75,1510.75,1510.73,1510.73,-0.0,3.86,5852.46,-1
2026-01-13,2026-01-13 14:38:00,1510.73,1510.73,1510.71,1510.71,-0.0,3.86,5852.46,-1
2026-01-13,2026-01-13 14:39:00,1510.71,1510.71,1510.69,1510.69,-0.0,3.86,5852.46,-1
2026-01-13,2026-01-13 14:40:00,1510.69,1510.69,1510.67,1510.67,-0.0,3.86,5852.46,-1
2026-01-13,2026-01-13 14:41:00,1510.67,1510.67,1510.65,1510.65,-0.0,3.86,5852.46,-1
2026-01-13,2026-01-13 14:42:00,1510.65,1510.65,1510.63,1510.63,-0.0,3.86,5852.46,-1
2026-01-13,2026-01-13 14:43:00,1510.63,1510.63,1510.61,1510.61,-0.0,3.86,5852.46,-1
2026-01-13,2026-01-13 14:44:00,1510.61,1510.61,1510.59,1510.59,-0.0,3.86,5852.46,-1
2026-01-13,2026-01-13 14:45:00,1510.59,1510.59,1510.57,1510.57,-0.0,3.86,5852.46,-1
2026-01-13,2026-01-13 14:46:00,1510.57,1510.57,1510.55,1510.55,-0.0,3.86,5852.46,-1
2026-01-13,2026-01-13 14:47:00,1510.55,1510.55,1510.53,1510.53,-0.0,3.86,5852.46,-1
2026-01-13,2026-01-13 14:48:00,1510.53,1510.53,1510.52,1510.52,-0.0,3.86,5852.46,-1
2026-01-13,2026-01-13 14:49:00,1510.52,1510.52,1510.5,1510.5,-0.0,3.86,5852.46,-1
2026-01-13,2026-01-13 14:50:00,1510.5,1510.5,1510.48,1510.48,-0.0,3.86,5852.46,-1
2026-01-13,2026-01-13 14:51:00,1510.48,1510.48,1510.46,1510.46,-0.0,3.86,5852.46,-1
2026-01-13,2026-01-13 14:52:00,1510.46,1510.46,1510.44,1510.44,-0.0,3.86,5852.46,-1
2026-01-13,2026-01-13 14:53:00,1510.44,1510.44,1510.42,1510.42,-0.0,3.86,5852.46,-1
2026-01-13,2026-01-13 14:54:00,1510.42,1510.42,1510.4,1510.4,-0.0,3.86,5852.46,-1
2026-01-13,2026-01-13 14:55:00,1510.4,1510.4,1510.38,1510.38,-0.0,3.86,5852.46,-1
2026-01-13,2026-01-13 14:56:00,1510.38,1510.38,1510.36,1510.36,-0.0,3.86,5852.46,-1
2026-01-13,2026-01-13 14:57:00,1510.36,1510.36,1510.34,1510.34,-0.0,3.86,5852.46,-1
2026-01-13,2026-01-13 14:58:00,1510.34,1510.34,1510.32,1510.32,-0.0,3.86,5852.46,-1
2026-01-13,2026-01-13 14:59:00,1510.32,1510.32,1510.3,1510.3,-0.0,3.86,5852.46,-1
2026-01-13,2026-01-13 15:00:00,1510.3,1535.0,1505.2,1510.3,0.0,3.86,5852.46,0
2026-01-14,2026-01-14 11:00:00,1511.0,1516.1,1509.2,1511.07,0.0,5.61,8486.46,1
2026-01-14,2026-01-14 11:01:00,1511.07,1511.13,1511.07,1511.13,0.0,5.61,8486.46,1
2026-01-14,2026-01-14 11:02:00,1511.13,1511.2,1511.13,1511.2,0.0,5.61,8486.46,1
2026-01-14,2026-01-14 11:03:00,1511.2,1511.27,1511.2,1511.27,0.0,5.61,8486.46,1
2026-01-14,2026-01-14 11:04:00,1511.27,1511.33,1511.27,1511.33,0.0,5.61,8486.46,1
2026-01-14,2026-01-14 11:05:00,1511.33,1511.4,1511.33,1511.4,0.0,5.61,8486.46,1
2026-01-14,2026-01-14 11:06:00,1511.4,1511.47,1511.4,1511.47,0.0,5.61,8486.46,1
2026-01-14,2026-01-14 11:07:00,1511.47,1511.53,1511.47,1511.53,0.0,5.61,8486.46,1
2026-01-14,2026-01-14 11:08:00,1511.53,1511.6,1511.53,1511.6,0.0,5.61,8486.46,1
2026-01-14,2026-01-14 11:09:00,1511.6,1511.67,1511.6,1511.67,0.0,5.61,8486.46,1
2026-01-14,2026-01-14 11:10:00,1511.67,1511.73,1511.67,1511.73,0.0,5.61,8486.46,1
2026-01-14,2026-01-14 11:11:00,1511.73,1511.8,1511.73,1511.8,0.0,5.61,8486.46,1
2026-01-14,2026-01-14 11:12:00,1511.8,1511.87,1511.8,1511.87,0.0,5.61,8486.46,1
2026-01-14,2026-01-14 11:13:00,1511.87,1511.93,1511.87,1511.93,0.0,5.61,8486.46,1
2026-01-14,2026-01-14 11:14:00,1511.93,1512.0,1511.93,1512.0,0.0,5.61,8486.46,1
2026-01-14,2026-01-14 11:15:00,1512.0,1512.07,1512.0,1512.07,0.0,5.61,8486.46,1
2026-01-14,2026-01-14 11:16:00,1512.07,1512.13,1512.07,1512.13,0.0,5.61,8486.46,1
2026-01-14,2026-01-14 11:17:00,1512.13,1512.2,1512.13,1512.2,0.0,5.61,8486.46,1
2026-01-14,2026-01-14 11:18:00,1512.2,1512.27,1512.2,1512.27,0.0,5.61,8486.46,1
2026-01-14,2026-01-14 11:19:00,1512.27,1512.33,1512.27,1512.33,0.0,5.61,8486.46,1
2026-01-14,2026-01-14 11:20:00,1512.33,1512.4,1512.33,1512.4,0.0,5.61,8486.46,1
2026-01-14,2026-01-14 11:21:00,1512.4,1512.47,1512.4,1512.47,0.0,5.61,8486.46,1
2026-01-14,2026-01-14 11:22:00,1512.47,1512.53,1512.47,1512.53,0.0,5.61,8486.46,1
2026-01-14,2026-01-14 11:23:00,1512.53,1512.6,1512.53,1512.6,0.0,5.61,8486.46,1
2026-01-14,2026-01-14 11:24:00,1512.6,1512.67,1512.6,1512.67,0.0,5.61,8486.46,1
2026-01-14,2026-01-14 11:25:00,1512.67,1512.73,1512.67,1512.73,0.0,5.61,8486.46,1
2026-01-14,2026-01-14 11:26:00,1512.73,1512.8,1512.73,1512.8,0.0,5.61,8486.46,1
2026-01-14,2026-01-14 11:27:00,1512.8,1512.87,1512.8,1512.87,0.0,5.61,8486.46,1
2026-01-14,2026-01-14 11:28:00,1512.87,1512.93,1512.87,1512.93,0.0,5.61,8486.46,1
2026-01-14,2026-01-14 11:29:00,1512.93,1513.0,1512.93,1513.0,0.0,5.61,8486.46,1
2026-01-14,2026-01-14 11:30:00,1513.0,1513.07,1513.0,1513.07,0.0,5.61,8486.46,1
2026-01-14,2026-01-14 11:31:00,1513.07,1513.13,1513.07,1513.13,0.0,5.61,8486.46,1
2026-01-14,2026-01-14 11:32:00,1513.13,1513.2,1513.13,1513.2,0.0,5.61,8486.46,1
2026-01-14,2026-01-14 11:33:00,1513.2,1513.27,1513.2,1513.27,0.0,5.61,8486.46,1
2026-01-14,2026-01-14 11:34:00,1513.27,1513.33,1513.27,1513.33,0.0,5.61,8486.46,1
2026-01-14,2026-01-14 11:35:00,1513.33,1513.4,1513.33,1513.4,0.0,5.61,8486.46,1
2026-01-14,2026-01-14 11:36:00,1513.4,1513.47,1513.4,1513.47,0.0,5.61,8486.46,1
2026-01-14,2026-01-14 11:37:00,1513.47,1513.53,1513.47,1513.53,0.0,5.61,8486.46,1
2026-01-14,2026-01-14 11:38:00,1513.53,1513.6,1513.53,1513.6,0.0,5.61,8486.46,1
2026-01-14,2026-01-14 11:39:00,1513.6,1513.67,1513.6,1513.67,0.0,5.61,8486.46,1
2026-01-14,2026-01-14 11:40:00,1513.67,1513.73,1513.67,1513.73,0.0,5.61,8486.46,1
2026-01-14,2026-01-14 11:41:00,1513.73,1513.8,1513.73,1513.8,0.0,5.61,8486.46,1
2026-01-14,2026-01-14 11:42:00,1513.8,1513.87,1513.8,1513.87,0.0,5.61,8486.46,1
2026-01-14,2026-01-14 11:43:00,1513.87,1513.93,1513.87,1513.93,0.0,5.61,8486.46,1
2026-01-14,2026-01-14 11:44:00,1513.93,1514.0,1513.93,1514.0,0.0,5.61,8486.46,1
2026-01-14,2026-01-14 11:45:00,1514.0,1514.07,1514.0,1514.07,0.0,5.61,8486.46,1
2026-01-14,2026-01-14 11:46:00,1514.07,1514.13,1514.07,1514.13,0.0,5.61,8486.46,1
2026-01-14,2026-01-14 11:47:00,1514.13,1514.2,1514.13,1514.2,0.0,5.61,8486.46,1
2026-01-14,2026-01-14 11:48:00,1514.2,1514.27,1514.2,1514.27,0.0,5.61,8486.46,1
2026-01-14,2026-01-14 11:49:00,1514.27,1514.33,1514.27,1514.33,0.0,5.61,8486.46,1
2026-01-14,2026-01-14 11:50:00,1514.33,1514.4,1514.33,1514.4,0.0,5.61,8486.46,1
2026-01-14,2026-01-14 11:51:00,1514.4,1514.47,1514.4,1514.47,0.0,5.61,8486.46,1
2026-01-14,2026-01-14 11:52:00,1514.47,1514.53,1514.47,1514.53,0.0,5.61,8486.46,1
2026-01-14,2026-01-14 11:53:00,1514.53,1514.6,1514.53,1514.6,0.0,5.61,8486.46,1
2026-01-14,2026-01-14 11:54:00,1514.6,1514.67,1514.6,1514.67,0.0,5.61,8486.46,1
2026-01-14,2026-01-14 11:55:00,1514.67,1514.73,1514.67,1514.73,0.0,5.61,8486.46,1
2026-01-14,2026-01-14 11:56:00,1514.73,1514.8,1514.73,1514.8,0.0,5.61,8486.46,1
2026-01-14,2026-01-14 11:57:00,1514.8,1514.87,1514.8,1514.87,0.0,5.61,8486.46,1
2026-01-14,2026-01-14 11:58:00,1514.87,1514.93,1514.87,1514.93,0.0,5.61,8486.46,1
2026-01-14,2026-01-14 11:59:00,1514.93,1515.0,1514.93,1515.0,0.0,5.61,8486.46,1
2026-01-14,2026-01-14 12:00:00,1515.0,1515.07,1515.0,1515.07,0.0,5.61,8486.46,1
2026-01-14,2026-01-14 12:01:00,1515.07,1515.13,1515.07,1515.13,0.0,5.61,8486.46,1
2026-01-14,2026-01-14 12:02:00,1515.13,1515.2,1515.13,1515.2,0.0,5.61,8486.46,1
2026-01-14,2026-01-14 12:03:00,1515.2,1515.27,1515.2,1515.27,0.0,5.61,8486.46,1
2026-01-14,2026-01-14 12:04:00,1515.27,1515.33,1515.27,1515.33,0.0,5.61,8486.46,1
2026-01-14,2026-01-14 12:05:00,1515.33,1515.4,1515.33,1515.4,0.0,5.61,8486.46,1
2026-01-14,2026-01-14 12:06:00,1515.4,1515.47,1515.4,1515.47,0.0,5.61,8486.46,1
2026-01-14,2026-01-14 12:07:00,1515.47,1515.53,1515.47,1515.53,0.0,5.61,8486.46,1
2026-01-14,2026-01-14 12:08:00,1515.53,1515.6,1515.53,1515.6,0.0,5.61,8486.46,1
2026-01-14,2026-01-14 12:09:00,1515.6,1515.67,1515.6,1515.67,0.0,5.61,8486.46,1
2026-01-14,2026-01-14 12:10:00,1515.67,1515.73,1515.67,1515.73,0.0,5.61,8486.46,1
2026-01-14,2026-01-14 12:11:00,1515.73,1515.8,1515.73,1515.8,0.0,5.61,8486.46,1
2026-01-14,2026-01-14 12:12:00,1515.8,1515.87,1515.8,1515.87,0.0,5.61,8486.46,1
2026-01-14,2026-01-14 12:13:00,1515.87,1515.93,1515.87,1515.93,0.0,5.61,8486.46,1
2026-01-14,2026-01-14 12:14:00,1515.93,1516.0,1515.93,1516.0,0.0,5.61,8486.46,1
2026-01-14,2026-01-14 12:15:00,1516.0,1516.07,1516.0,1516.07,0.0,5.61,8486.46,1
2026-01-14,2026-01-14 12:16:00,1516.07,1516.13,1516.07,1516.13,0.0,5.61,8486.46,1
2026-01-14,2026-01-14 12:17:00,1516.13,1516.2,1516.13,1516.2,0.0,5.61,8486.46,1
2026-01-14,2026-01-14 12:18:00,1516.2,1516.27,1516.2,1516.27,0.0,5.61,8486.46,1
2026-01-14,2026-01-14 12:19:00,1516.27,1516.33,1516.27,1516.33,0.0,5.61,8486.46,1
2026-01-14,2026-01-14 12:20:00,1516.33,1516.4,1516.33,1516.4,0.0,5.61,8486.46,1
2026-01-14,2026-01-14 12:21:00,1516.4,1516.47,1516.4,1516.47,0.0,5.61,8486.46,1
2026-01-14,2026-01-14 12:22:00,1516.47,1516.53,1516.47,1516.53,0.0,5.61,8486.46,1
2026-01-14,2026-01-14 12:23:00,1516.53,1516.6,1516.53,1516.6,0.0,5.61,8486.46,1
2026-01-14,2026-01-14 12:24:00,1516.6,1516.67,1516.6,1516.67,0.0,5.61,8486.46,1
2026-01-14,2026-01-14 12:25:00,1516.67,1516.73,1516.67,1516.73,0.0,5.61,8486.46,1
2026-01-14,2026-01-14 12:26:00,1516.73,1516.8,1516.73,1516.8,0.0,5.61,8486.46,1
2026-01-14,2026-01-14 12:27:00,1516.8,1516.87,1516.8,1516.87,0.0,5.61,8486.46,1
2026-01-14,2026-01-14 12:28:00,1516.87,1516.93,1516.87,1516.93,0.0,5.61,8486.46,1
2026-01-14,2026-01-14 12:29:00,1516.93,1517.0,1516.93,1517.0,0.0,5.61,8486.46,1
2026-01-14,2026-01-14 12:30:00,1517.0,1517.07,1517.0,1517.07,0.0,5.61,8486.46,1
2026-01-14,2026-01-14 12:31:00,1517.07,1517.13,1517.07,1517.13,0.0,5.61,8486.46,1
2026-01-14,2026-01-14 12:32:00,1517.13,1517.2,1517.13,1517.2,0.0,5.61,8486.46,1
2026-01-14,2026-01-14 12:33:00,1517.2,1517.27,1517.2,1517.27,0.0,5.61,8486.46,1
2026-01-14,2026-01-14 12:34:00,1517.27,1517.33,1517.27,1517.33,0.0,5.61,8486.46,1
2026-01-14,2026-01-14 12:35:00,1517.33,1517.4,1517.33,1517.4,0.0,5.61,8486.46,1
2026-01-14,2026-01-14 12:36:00,1517.4,1517.47,1517.4,1517.47,0.0,5.61,8486.46,1
2026-01-14,2026-01-14 12:37:00,1517.47,1517.53,1517.47,1517.53,0.0,5.61,8486.46,1
2026-01-14,2026-01-14 12:38:00,1517.53,1517.6,1517.53,1517.6,0.0,5.61,8486.46,1
2026-01-14,2026-01-14 12:39:00,1517.6,1517.67,1517.6,1517.67,0.0,5.61,8486.46,1
2026-01-14,2026-01-14 12:40:00,1517.67,1517.73,1517.67,1517.73,0.0,5.61,8486.46,1
2026-01-14,2026-01-14 12:41:00,1517.73,1517.8,1517.73,1517.8,0.0,5.61,8486.46,1
2026-01-14,2026-01-14 12:42:00,1517.8,1517.87,1517.8,1517.87,0.0,5.61,8486.46,1
2026-01-14,2026-01-14 12:43:00,1517.87,1517.93,1517.87,1517.93,0.0,5.61,8486.46,1
2026-01-14,2026-01-14 12:44:00,1517.93,1518.0,1517.93,1518.0,0.0,5.61,8486.46,1
2026-01-14,2026-01-14 12:45:00,1518.0,1518.07,1518.0,1518.07,0.0,5.61,8486.46,1
2026-01-14,2026-01-14 12:46:00,1518.07,1518.13,1518.07,1518.13,0.0,5.61,8486.46,1
2026-01-14,2026-01-14 12:47:00,1518.13,1518.2,1518.13,1518.2,0.0,5.61,8486.46,1
2026-01-14,2026-01-14 12:48:00,1518.2,1518.27,1518.2,1518.27,0.0,5.61,8486.46,1
2026-01-14,2026-01-14 12:49:00,1518.27,1518.33,1518.27,1518.33,0.0,5.61,8486.46,1
2026-01-14,2026-01-14 12:50:00,1518.33,1518.4,1518.33,1518.4,0.0,5.61,8486.46,1
2026-01-14,2026-01-14 12:51:00,1518.4,1518.47,1518.4,1518.47,0.0,5.61,8486.46,1
2026-01-14,2026-01-14 12:52:00,1518.47,1518.53,1518.47,1518.53,0.0,5.61,8486.46,1
2026-01-14,2026-01-14 12:53:00,1518.53,1518.6,1518.53,1518.6,0.0,5.61,8486.46,1
2026-01-14,2026-01-14 12:54:00,1518.6,1518.67,1518.6,1518.67,0.0,5.61,8486.46,1
2026-01-14,2026-01-14 12:55:00,1518.67,1518.73,1518.67,1518.73,0.0,5.61,8486.46,1
2026-01-14,2026-01-14 12:56:00,1518.73,1518.8,1518.73,1518.8,0.0,5.61,8486.46,1
2026-01-14,2026-01-14 12:57:00,1518.8,1518.87,1518.8,1518.87,0.0,5.61,8486.46,1
2026-01-14,2026-01-14 12:58:00,1518.87,1518.93,1518.87,1518.93,0.0,5.61,8486.46,1
2026-01-14,2026-01-14 12:59:00,1518.93,1519.0,1518.93,1519.0,0.0,5.61,8486.46,1
2026-01-14,2026-01-14 13:00:00,1519.0,1528.0,1505.0,1519.07,0.0,5.61,8486.46,1
2026-01-14,2026-01-14 13:01:00,1519.07,1519.13,1519.07,1519.13,0.0,5.61,8486.46,1
2026-01-14,2026-01-14 13:02:00,1519.13,1519.2,1519.13,1519.2,0.0,5.61,8486.46,1
2026-01-14,2026-01-14 13:03:00,1519.2,1519.27,1519.2,1519.27,0.0,5.61,8486.46,1
2026-01-14,2026-01-14 13:04:00,1519.27,1519.33,1519.27,1519.33,0.0,5.61,8486.46,1
2026-01-14,2026-01-14 13:05:00,1519.33,1519.4,1519.33,1519.4,0.0,5.61,8486.46,1
2026-01-14,2026-01-14 13:06:00,1519.4,1519.47,1519.4,1519.47,0.0,5.61,8486.46,1
2026-01-14,2026-01-14 13:07:00,1519.47,1519.53,1519.47,1519.53,0.0,5.61,8486.46,1
2026-01-14,2026-01-14 13:08:00,1519.53,1519.6,1519.53,1519.6,0.0,5.61,8486.46,1
2026-01-14,2026-01-14 13:09:00,1519.6,1519.67,1519.6,1519.67,0.0,5.61,8486.46,1
2026-01-14,2026-01-14 13:10:00,1519.67,1519.73,1519.67,1519.73,0.0,5.61,8486.46,1
2026-01-14,2026-01-14 13:11:00,1519.73,1519.8,1519.73,1519.8,0.0,5.61,8486.46,1
2026-01-14,2026-01-14 13:12:00,1519.8,1519.87,1519.8,1519.87,0.0,5.61,8486.46,1
2026-01-14,2026-01-14 13:13:00,1519.87,1519.93,1519.87,1519.93,0.0,5.61,8486.46,1
2026-01-14,2026-01-14 13:14:00,1519.93,1520.0,1519.93,1520.0,0.0,5.61,8486.46,1
2026-01-14,2026-01-14 13:15:00,1520.0,1520.07,1520.0,1520.07,0.0,5.61,8486.46,1
2026-01-14,2026-01-14 13:16:00,1520.07,1520.13,1520.07,1520.13,0.0,5.61,8486.46,1
2026-01-14,2026-01-14 13:17:00,1520.13,1520.2,1520.13,1520.2,0.0,5.61,8486.46,1
2026-01-14,2026-01-14 13:18:00,1520.2,1520.27,1520.2,1520.27,0.0,5.61,8486.46,1
2026-01-14,2026-01-14 13:19:00,1520.27,1520.33,1520.27,1520.33,0.0,5.61,8486.46,1
2026-01-14,2026-01-14 13:20:00,1520.33,1520.4,1520.33,1520.4,0.0,5.61,8486.46,1
2026-01-14,2026-01-14 13:21:00,1520.4,1520.47,1520.4,1520.47,0.0,5.61,8486.46,1
2026-01-14,2026-01-14 13:22:00,1520.47,1520.53,1520.47,1520.53,0.0,5.61,8486.46,1
2026-01-14,2026-01-14 13:23:00,1520.53,1520.6,1520.53,1520.6,0.0,5.61,8486.46,1
2026-01-14,2026-01-14 13:24:00,1520.6,1520.67,1520.6,1520.67,0.0,5.61,8486.46,1
2026-01-14,2026-01-14 13:25:00,1520.67,1520.73,1520.67,1520.73,0.0,5.61,8486.46,1
2026-01-14,2026-01-14 13:26:00,1520.73,1520.8,1520.73,1520.8,0.0,5.61,8486.46,1
2026-01-14,2026-01-14 13:27:00,1520.8,1520.87,1520.8,1520.87,0.0,5.61,8486.46,1
2026-01-14,2026-01-14 13:28:00,1520.87,1520.93,1520.87,1520.93,0.0,5.61,8486.46,1
2026-01-14,2026-01-14 13:29:00,1520.93,1521.0,1520.93,1521.0,0.0,5.61,8486.46,1
2026-01-14,2026-01-14 13:30:00,1521.0,1521.07,1521.0,1521.07,0.0,5.61,8486.46,1
2026-01-14,2026-01-14 13:31:00,1521.07,1521.13,1521.07,1521.13,0.0,5.61,8486.46,1
2026-01-14,2026-01-14 13:32:00,1521.13,1521.2,1521.13,1521.2,0.0,5.61,8486.46,1
2026-01-14,2026-01-14 13:33:00,1521.2,1521.27,1521.2,1521.27,0.0,5.61,8486.46,1
2026-01-14,2026-01-14 13:34:00,1521.27,1521.33,1521.27,1521.33,0.0,5.61,8486.46,1
2026-01-14,2026-01-14 13:35:00,1521.33,1521.4,1521.33,1521.4,0.0,5.61,8486.46,1
2026-01-14,2026-01-14 13:36:00,1521.4,1521.47,1521.4,1521.47,0.0,5.61,8486.46,1
2026-01-14,2026-01-14 13:37:00,1521.47,1521.53,1521.47,1521.53,0.0,5.61,8486.46,1
2026-01-14,2026-01-14 13:38:00,1521.53,1521.6,1521.53,1521.6,0.0,5.61,8486.46,1
2026-01-14,2026-01-14 13:39:00,1521.6,1521.67,1521.6,1521.67,0.0,5.61,8486.46,1
2026-01-14,2026-01-14 13:40:00,1521.67,1521.73,1521.67,1521.73,0.0,5.61,8486.46,1
2026-01-14,2026-01-14 13:41:00,1521.73,1521.8,1521.73,1521.8,0.0,5.61,8486.46,1
2026-01-14,2026-01-14 13:42:00,1521.8,1521.87,1521.8,1521.87,0.0,5.61,8486.46,1
2026-01-14,2026-01-14 13:43:00,1521.87,1521.93,1521.87,1521.93,0.0,5.61,8486.46,1
2026-01-14,2026-01-14 13:44:00,1521.93,1522.0,1521.93,1522.0,0.0,5.61,8486.46,1
2026-01-14,2026-01-14 13:45:00,1522.0,1522.07,1522.0,1522.07,0.0,5.61,8486.46,1
2026-01-14,2026-01-14 13:46:00,1522.07,1522.13,1522.07,1522.13,0.0,5.61,8486.46,1
2026-01-14,2026-01-14 13:47:00,1522.13,1522.2,1522.13,1522.2,0.0,5.61,8486.46,1
2026-01-14,2026-01-14 13:48:00,1522.2,1522.27,1522.2,1522.27,0.0,5.61,8486.46,1
2026-01-14,2026-01-14 13:49:00,1522.27,1522.33,1522.27,1522.33,0.0,5.61,8486.46,1
2026-01-14,2026-01-14 13:50:00,1522.33,1522.4,1522.33,1522.4,0.0,5.61,8486.46,1
2026-01-14,2026-01-14 13:51:00,1522.4,1522.47,1522.4,1522.47,0.0,5.61,8486.46,1
2026-01-14,2026-01-14 13:52:00,1522.47,1522.53,1522.47,1522.53,0.0,5.61,8486.46,1
2026-01-14,2026-01-14 13:53:00,1522.53,1522.6,1522.53,1522.6,0.0,5.61,8486.46,1
2026-01-14,2026-01-14 13:54:00,1522.6,1522.67,1522.6,1522.67,0.0,5.61,8486.46,1
2026-01-14,2026-01-14 13:55:00,1522.67,1522.73,1522.67,1522.73,0.0,5.61,8486.46,1
2026-01-14,2026-01-14 13:56:00,1522.73,1522.8,1522.73,1522.8,0.0,5.61,8486.46,1
2026-01-14,2026-01-14 13:57:00,1522.8,1522.87,1522.8,1522.87,0.0,5.61,8486.46,1
2026-01-14,2026-01-14 13:58:00,1522.87,1522.93,1522.87,1522.93,0.0,5.61,8486.46,1
2026-01-14,2026-01-14 13:59:00,1522.93,1523.0,1522.93,1523.0,0.0,5.61,8486.46,1
2026-01-14,2026-01-14 14:00:00,1523.0,1523.07,1523.0,1523.07,0.0,5.61,8486.46,1
2026-01-14,2026-01-14 14:01:00,1523.07,1523.13,1523.07,1523.13,0.0,5.61,8486.46,1
2026-01-14,2026-01-14 14:02:00,1523.13,1523.2,1523.13,1523.2,0.0,5.61,8486.46,1
2026-01-14,2026-01-14 14:03:00,1523.2,1523.27,1523.2,1523.27,0.0,5.61,8486.46,1
2026-01-14,2026-01-14 14:04:00,1523.27,1523.33,1523.27,1523.33,0.0,5.61,8486.46,1
2026-01-14,2026-01-14 14:05:00,1523.33,1523.4,1523.33,1523.4,0.0,5.61,8486.46,1
2026-01-14,2026-01-14 14:06:00,1523.4,1523.47,1523.4,1523.47,0.0,5.61,8486.46,1
2026-01-14,2026-01-14 14:07:00,1523.47,1523.53,1523.47,1523.53,0.0,5.61,8486.46,1
2026-01-14,2026-01-14 14:08:00,1523.53,1523.6,1523.53,1523.6,0.0,5.61,8486.46,1
2026-01-14,2026-01-14 14:09:00,1523.6,1523.67,1523.6,1523.67,0.0,5.61,8486.46,1
2026-01-14,2026-01-14 14:10:00,1523.67,1523.73,1523.67,1523.73,0.0,5.61,8486.46,1
2026-01-14,2026-01-14 14:11:00,1523.73,1523.8,1523.73,1523.8,0.0,5.61,8486.46,1
2026-01-14,2026-01-14 14:12:00,1523.8,1523.87,1523.8,1523.87,0.0,5.61,8486.46,1
2026-01-14,2026-01-14 14:13:00,1523.87,1523.93,1523.87,1523.93,0.0,5.61,8486.46,1
2026-01-14,2026-01-14 14:14:00,1523.93,1524.0,1523.93,1524.0,0.0,5.61,8486.46,1
2026-01-14,2026-01-14 14:15:00,1524.0,1524.07,1524.0,1524.07,0.0,5.61,8486.46,1
2026-01-14,2026-01-14 14:16:00,1524.07,1524.13,1524.07,1524.13,0.0,5.61,8486.46,1
2026-01-14,2026-01-14 14:17:00,1524.13,1524.2,1524.13,1524.2,0.0,5.61,8486.46,1
2026-01-14,2026-01-14 14:18:00,1524.2,1524.27,1524.2,1524.27,0.0,5.61,8486.46,1
2026-01-14,2026-01-14 14:19:00,1524.27,1524.33,1524.27,1524.33,0.0,5.61,8486.46,1
2026-01-14,2026-01-14 14:20:00,1524.33,1524.4,1524.33,1524.4,0.0,5.61,8486.46,1
2026-01-14,2026-01-14 14:21:00,1524.4,1524.47,1524.4,1524.47,0.0,5.61,8486.46,1
2026-01-14,2026-01-14 14:22:00,1524.47,1524.53,1524.47,1524.53,0.0,5.61,8486.46,1
2026-01-14,2026-01-14 14:23:00,1524.53,1524.6,1524.53,1524.6,0.0,5.61,8486.46,1
2026-01-14,2026-01-14 14:24:00,1524.6,1524.67,1524.6,1524.67,0.0,5.61,8486.46,1
2026-01-14,2026-01-14 14:25:00,1524.67,1524.73,1524.67,1524.73,0.0,5.61,8486.46,1
2026-01-14,2026-01-14 14:26:00,1524.73,1524.8,1524.73,1524.8,0.0,5.61,8486.46,1
2026-01-14,2026-01-14 14:27:00,1524.8,1524.87,1524.8,1524.87,0.0,5.61,8486.46,1
2026-01-14,2026-01-14 14:28:00,1524.87,1524.93,1524.87,1524.93,0.0,5.61,8486.46,1
2026-01-14,2026-01-14 14:29:00,1524.93,1525.0,1524.93,1525.0,0.0,5.61,8486.46,1
2026-01-14,2026-01-14 14:30:00,1525.0,1525.07,1525.0,1525.07,0.0,5.61,8486.46,1
2026-01-14,2026-01-14 14:31:00,1525.07,1525.13,1525.07,1525.13,0.0,5.61,8486.46,1
2026-01-14,2026-01-14 14:32:00,1525.13,1525.2,1525.13,1525.2,0.0,5.61,8486.46,1
2026-01-14,2026-01-14 14:33:00,1525.2,1525.27,1525.2,1525.27,0.0,5.61,8486.46,1
2026-01-14,2026-01-14 14:34:00,1525.27,1525.33,1525.27,1525.33,0.0,5.61,8486.46,1
2026-01-14,2026-01-14 14:35:00,1525.33,1525.4,1525.33,1525.4,0.0,5.61,8486.46,1
2026-01-14,2026-01-14 14:36:00,1525.4,1525.47,1525.4,1525.47,0.0,5.61,8486.46,1
2026-01-14,2026-01-14 14:37:00,1525.47,1525.53,1525.47,1525.53,0.0,5.61,8486.46,1
2026-01-14,2026-01-14 14:38:00,1525.53,1525.6,1525.53,1525.6,0.0,5.61,8486.46,1
2026-01-14,2026-01-14 14:39:00,1525.6,1525.67,1525.6,1525.67,0.0,5.61,8486.46,1
2026-01-14,2026-01-14 14:40:00,1525.67,1525.73,1525.67,1525.73,0.0,5.61,8486.46,1
2026-01-14,2026-01-14 14:41:00,1525.73,1525.8,1525.73,1525.8,0.0,5.61,8486.46,1
2026-01-14,2026-01-14 14:42:00,1525.8,1525.87,1525.8,1525.87,0.0,5.61,8486.46,1
2026-01-14,2026-01-14 14:43:00,1525.87,1525.93,1525.87,1525.93,0.0,5.61,8486.46,1
2026-01-14,2026-01-14 14:44:00,1525.93,1526.0,1525.93,1526.0,0.0,5.61,8486.46,1
2026-01-14,2026-01-14 14:45:00,1526.0,1526.07,1526.0,1526.07,0.0,5.61,8486.46,1
2026-01-14,2026-01-14 14:46:00,1526.07,1526.13,1526.07,1526.13,0.0,5.61,8486.46,1
2026-01-14,2026-01-14 14:47:00,1526.13,1526.2,1526.13,1526.2,0.0,5.61,8486.46,1
2026-01-14,2026-01-14 14:48:00,1526.2,1526.27,1526.2,1526.27,0.0,5.61,8486.46,1
2026-01-14,2026-01-14 14:49:00,1526.27,1526.33,1526.27,1526.33,0.0,5.61,8486.46,1
2026-01-14,2026-01-14 14:50:00,1526.33,1526.4,1526.33,1526.4,0.0,5.61,8486.46,1
2026-01-14,2026-01-14 14:51:00,1526.4,1526.47,1526.4,1526.47,0.0,5.61,8486.46,1
2026-01-14,2026-01-14 14:52:00,1526.47,1526.53,1526.47,1526.53,0.0,5.61,8486.46,1
2026-01-14,2026-01-14 14:53:00,1526.53,1526.6,1526.53,1526.6,0.0,5.61,8486.46,1
2026-01-14,2026-01-14 14:54:00,1526.6,1526.67,1526.6,1526.67,0.0,5.61,8486.46,1
2026-01-14,2026-01-14 14:55:00,1526.67,1526.73,1526.67,1526.73,0.0,5.61,8486.46,1
2026-01-14,2026-01-14 14:56:00,1526.73,1526.8,1526.73,1526.8,0.0,5.61,8486.46,1
2026-01-14,2026-01-14 14:57:00,1526.8,1526.87,1526.8,1526.87,0.0,5.61,8486.46,1
2026-01-14,2026-01-14 14:58:00,1526.87,1526.93,1526.87,1526.93,0.0,5.61,8486.46,1
2026-01-14,2026-01-14 14:59:00,1526.93,1527.0,1526.93,1527.0,0.0,5.61,8486.46,1
2026-01-14,2026-01-14 15:00:00,1527.0,1528.0,1505.0,1527.0,0.0,5.61,8486.46,0
2026-01-18,2026-01-18 11:00:00,1506.0,1538.7,1506.0,1506.25,0.02,15.43,23949.68,1
2026-01-18,2026-01-18 11:01:00,1506.25,1506.49,1506.25,1506.49,0.02,15.43,23949.68,1
2026-01-18,2026-01-18 11:02:00,1506.49,1506.74,1506.49,1506.74,0.02,15.43,23949.68,1
2026-01-18,2026-01-18 11:03:00,1506.74,1506.98,1506.74,1506.98,0.02,15.43,23949.68,1
2026-01-18,2026-01-18 11:04:00,1506.98,1507.23,1506.98,1507.23,0.02,15.43,23949.68,1
2026-01-18,2026-01-18 11:05:00,1507.23,1507.47,1507.23,1507.47,0.02,15.43,23949.68,1
2026-01-18,2026-01-18 11:06:00,1507.47,1507.72,1507.47,1507.72,0.02,15.43,23949.68,1
2026-01-18,2026-01-18 11:07:00,1507.72,1507.96,1507.72,1507.96,0.02,15.43,23949.68,1
2026-01-18,2026-01-18 11:08:00,1507.96,1508.21,1507.96,1508.21,0.02,15.43,23949.68,1
2026-01-18,2026-01-18 11:09:00,1508.21,1508.45,1508.21,1508.45,0.02,15.43,23949.68,1
2026-01-18,2026-01-18 11:10:00,1508.45,1508.7,1508.45,1508.7,0.02,15.43,23949.68,1
2026-01-18,2026-01-18 11:11:00,1508.7,1508.94,1508.7,1508.94,0.02,15.43,23949.68,1
2026-01-18,2026-01-18 11:12:00,1508.94,1509.19,1508.94,1509.19,0.02,15.43,23949.68,1
2026-01-18,2026-01-18 11:13:00,1509.19,1509.44,1509.19,1509.44,0.02,15.43,23949.68,1
2026-01-18,2026-01-18 11:14:00,1509.44,1509.68,1509.44,1509.68,0.02,15.43,23949.68,1
2026-01-18,2026-01-18 11:15:00,1509.68,1509.93,1509.68,1509.93,0.02,15.43,23949.68,1
2026-01-18,2026-01-18 11:16:00,1509.93,1510.17,1509.93,1510.17,0.02,15.43,23949.68,1
2026-01-18,2026-01-18 11:17:00,1510.17,1510.42,1510.17,1510.42,0.02,15.43,23949.68,1
2026-01-18,2026-01-18 11:18:00,1510.42,1510.66,1510.42,1510.66,0.02,15.43,23949.68,1
2026-01-18,2026-01-18 11:19:00,1510.66,1510.91,1510.66,1510.91,0.02,15.43,23949.68,1
2026-01-18,2026-01-18 11:20:00,1510.91,1511.15,1510.91,1511.15,0.02,15.43,23949.68,1
2026-01-18,2026-01-18 11:21:00,1511.15,1511.4,1511.15,1511.4,0.02,15.43,23949.68,1
2026-01-18,2026-01-18 11:22:00,1511.4,1511.64,1511.4,1511.64,0.02,15.43,23949.68,1
2026-01-18,2026-01-18 11:23:00,1511.64,1511.89,1511.64,1511.89,0.02,15.43,23949.68,1
2026-01-18,2026-01-18 11:24:00,1511.89,1512.14,1511.89,1512.14,0.02,15.43,23949.68,1
2026-01-18,2026-01-18 11:25:00,1512.14,1512.38,1512.14,1512.38,0.02,15.43,23949.68,1
2026-01-18,2026-01-18 11:26:00,1512.38,1512.63,1512.38,1512.63,0.02,15.43,23949.68,1
2026-01-18,2026-01-18 11:27:00,1512.63,1512.87,1512.63,1512.87,0.02,15.43,23949.68,1
2026-01-18,2026-01-18 11:28:00,1512.87,1513.12,1512.87,1513.12,0.02,15.43,23949.68,1
2026-01-18,2026-01-18 11:29:00,1513.12,1513.36,1513.12,1513.36,0.02,15.43,23949.68,1
2026-01-18,2026-01-18 11:30:00,1513.36,1513.61,1513.36,1513.61,0.02,15.43,23949.68,1
2026-01-18,2026-01-18 11:31:00,1513.61,1513.85,1513.61,1513.85,0.02,15.43,23949.68,1
2026-01-18,2026-01-18 11:32:00,1513.85,1514.1,1513.85,1514.1,0.02,15.43,23949.68,1
2026-01-18,2026-01-18 11:33:00,1514.1,1514.34,1514.1,1514.34,0.02,15.43,23949.68,1
2026-01-18,2026-01-18 11:34:00,1514.34,1514.59,1514.34,1514.59,0.02,15.43,23949.68,1
2026-01-18,2026-01-18 11:35:00,1514.59,1514.84,1514.59,1514.84,0.02,15.43,23949.68,1
2026-01-18,2026-01-18 11:36:00,1514.84,1515.08,1514.84,1515.08,0.02,15.43,23949.68,1
2026-01-18,2026-01-18 11:37:00,1515.08,1515.33,1515.08,1515.33,0.02,15.43,23949.68,1
2026-01-18,2026-01-18 11:38:00,1515.33,1515.57,1515.33,1515.57,0.02,15.43,23949.68,1
2026-01-18,2026-01-18 11:39:00,1515.57,1515.82,1515.57,1515.82,0.02,15.43,23949.68,1
2026-01-18,2026-01-18 11:40:00,1515.82,1516.06,1515.82,1516.06,0.02,15.43,23949.68,1
2026-01-18,2026-01-18 11:41:00,1516.06,1516.31,1516.06,1516.31,0.02,15.43,23949.68,1
2026-01-18,2026-01-18 11:42:00,1516.31,1516.55,1516.31,1516.55,0.02,15.43,23949.68,1
2026-01-18,2026-01-18 11:43:00,1516.55,1516.8,1516.55,1516.8,0.02,15.43,23949.68,1
2026-01-18,2026-01-18 11:44:00,1516.8,1517.04,1516.8,1517.04,0.02,15.43,23949.68,1
2026-01-18,2026-01-18 11:45:00,1517.04,1517.29,1517.04,1517.29,0.02,15.43,23949.68,1
2026-01-18,2026-01-18 11:46:00,1517.29,1517.53,1517.29,1517.53,0.02,15.43,23949.68,1
2026-01-18,2026-01-18 11:47:00,1517.53,1517.78,1517.53,1517.78,0.02,15.43,23949.68,1
2026-01-18,2026-01-18 11:48:00,1517.78,1518.03,1517.78,1518.03,0.02,15.43,23949.68,1
2026-01-18,2026-01-18 11:49:00,1518.03,1518.27,1518.03,1518.27,0.02,15.43,23949.68,1
2026-01-18,2026-01-18 11:50:00,1518.27,1518.52,1518.27,1518.52,0.02,15.43,23949.68,1
2026-01-18,2026-01-18 11:51:00,1518.52,1518.76,1518.52,1518.76,0.02,15.43,23949.68,1
2026-01-18,2026-01-18 11:52:00,1518.76,1519.01,1518.76,1519.01,0.02,15.43,23949.68,1
2026-01-18,2026-01-18 11:53:00,1519.01,1519.25,1519.01,1519.25,0.02,15.43,23949.68,1
2026-01-18,2026-01-18 11:54:00,1519.25,1519.5,1519.25,1519.5,0.02,15.43,23949.68,1
2026-01-18,2026-01-18 11:55:00,1519.5,1519.74,1519.5,1519.74,0.02,15.43,23949.68,1
2026-01-18,2026-01-18 11:56:00,1519.74,1519.99,1519.74,1519.99,0.02,15.43,23949.68,1
2026-01-18,2026-01-18 11:57:00,1519.99,1520.23,1519.99,1520.23,0.02,15.43,23949.68,1
2026-01-18,2026-01-18 11:58:00,1520.23,1520.48,1520.23,1520.48,0.02,15.43,23949.68,1
2026-01-18,2026-01-18 11:59:00,1520.48,1520.72,1520.48,1520.72,0.02,15.43,23949.68,1
2026-01-18,2026-01-18 12:00:00,1520.72,1520.97,1520.72,1520.97,0.02,15.43,23949.68,1
2026-01-18,2026-01-18 12:01:00,1520.97,1521.22,1520.97,1521.22,0.02,15.43,23949.68,1
2026-01-18,2026-01-18 12:02:00,1521.22,1521.46,1521.22,1521.46,0.02,15.43,23949.68,1
2026-01-18,2026-01-18 12:03:00,1521.46,1521.71,1521.46,1521.71,0.02,15.43,23949.68,1
2026-01-18,2026-01-18 12:04:00,1521.71,1521.95,1521.71,1521.95,0.02,15.43,23949.68,1
2026-01-18,2026-01-18 12:05:00,1521.95,1522.2,1521.95,1522.2,0.02,15.43,23949.68,1
2026-01-18,2026-01-18 12:06:00,1522.2,1522.44,1522.2,1522.44,0.02,15.43,23949.68,1
2026-01-18,2026-01-18 12:07:00,1522.44,1522.69,1522.44,1522.69,0.02,15.43,23949.68,1
2026-01-18,2026-01-18 12:08:00,1522.69,1522.93,1522.69,1522.93,0.02,15.43,23949.68,1
2026-01-18,2026-01-18 12:09:00,1522.93,1523.18,1522.93,1523.18,0.02,15.43,23949.68,1
2026-01-18,2026-01-18 12:10:00,1523.18,1523.42,1523.18,1523.42,0.02,15.43,23949.68,1
2026-01-18,2026-01-18 12:11:00,1523.42,1523.67,1523.42,1523.67,0.02,15.43,23949.68,1
2026-01-18,2026-01-18 12:12:00,1523.67,1523.92,1523.67,1523.92,0.02,15.43,23949.68,1
2026-01-18,2026-01-18 12:13:00,1523.92,1524.16,1523.92,1524.16,0.02,15.43,23949.68,1
2026-01-18,2026-01-18 12:14:00,1524.16,1524.41,1524.16,1524.41,0.02,15.43,23949.68,1
2026-01-18,2026-01-18 12:15:00,1524.41,1524.65,1524.41,1524.65,0.02,15.43,23949.68,1
2026-01-18,2026-01-18 12:16:00,1524.65,1524.9,1524.65,1524.9,0.02,15.43,23949.68,1
2026-01-18,2026-01-18 12:17:00,1524.9,1525.14,1524.9,1525.14,0.02,15.43,23949.68,1
2026-01-18,2026-01-18 12:18:00,1525.14,1525.39,1525.14,1525.39,0.02,15.43,23949.68,1
2026-01-18,2026-01-18 12:19:00,1525.39,1525.63,1525.39,1525.63,0.02,15.43,23949.68,1
2026-01-18,2026-01-18 12:20:00,1525.63,1525.88,1525.63,1525.88,0.02,15.43,23949.68,1
2026-01-18,2026-01-18 12:21:00,1525.88,1526.12,1525.88,1526.12,0.02,15.43,23949.68,1
2026-01-18,2026-01-18 12:22:00,1526.12,1526.37,1526.12,1526.37,0.02,15.43,23949.68,1
2026-01-18,2026-01-18 12:23:00,1526.37,1526.62,1526.37,1526.62,0.02,15.43,23949.68,1
2026-01-18,2026-01-18 12:24:00,1526.62,1526.86,1526.62,1526.86,0.02,15.43,23949.68,1
2026-01-18,2026-01-18 12:25:00,1526.86,1527.11,1526.86,1527.11,0.02,15.43,23949.68,1
2026-01-18,2026-01-18 12:26:00,1527.11,1527.35,1527.11,1527.35,0.02,15.43,23949.68,1
2026-01-18,2026-01-18 12:27:00,1527.35,1527.6,1527.35,1527.6,0.02,15.43,23949.68,1
2026-01-18,2026-01-18 12:28:00,1527.6,1527.84,1527.6,1527.84,0.02,15.43,23949.68,1
2026-01-18,2026-01-18 12:29:00,1527.84,1528.09,1527.84,1528.09,0.02,15.43,23949.68,1
2026-01-18,2026-01-18 12:30:00,1528.09,1528.33,1528.09,1528.33,0.02,15.43,23949.68,1
2026-01-18,2026-01-18 12:31:00,1528.33,1528.58,1528.33,1528.58,0.02,15.43,23949.68,1
2026-01-18,2026-01-18 12:32:00,1528.58,1528.82,1528.58,1528.82,0.02,15.43,23949.68,1
2026-01-18,2026-01-18 12:33:00,1528.82,1529.07,1528.82,1529.07,0.02,15.43,23949.68,1
2026-01-18,2026-01-18 12:34:00,1529.07,1529.31,1529.07,1529.31,0.02,15.43,23949.68,1
2026-01-18,2026-01-18 12:35:00,1529.31,1529.56,1529.31,1529.56,0.02,15.43,23949.68,1
2026-01-18,2026-01-18 12:36:00,1529.56,1529.81,1529.56,1529.81,0.02,15.43,23949.68,1
2026-01-18,2026-01-18 12:37:00,1529.81,1530.05,1529.81,1530.05,0.02,15.43,23949.68,1
2026-01-18,2026-01-18 12:38:00,1530.05,1530.3,1530.05,1530.3,0.02,15.43,23949.68,1
2026-01-18,2026-01-18 12:39:00,1530.3,1530.54,1530.3,1530.54,0.02,15.43,23949.68,1
2026-01-18,2026-01-18 12:40:00,1530.54,1530.79,1530.54,1530.79,0.02,15.43,23949.68,1
2026-01-18,2026-01-18 12:41:00,1530.79,1531.03,1530.79,1531.03,0.02,15.43,23949.68,1
2026-01-18,2026-01-18 12:42:00,1531.03,1531.28,1531.03,1531.28,0.02,15.43,23949.68,1
2026-01-18,2026-01-18 12:43:00,1531.28,1531.52,1531.28,1531.52,0.02,15.43,23949.68,1
2026-01-18,2026-01-18 12:44:00,1531.52,1531.77,1531.52,1531.77,0.02,15.43,23949.68,1
2026-01-18,2026-01-18 12:45:00,1531.77,1532.01,1531.77,1532.01,0.02,15.43,23949.68,1
2026-01-18,2026-01-18 12:46:00,1532.01,1532.26,1532.01,1532.26,0.02,15.43,23949.68,1
2026-01-18,2026-01-18 12:47:00,1532.26,1532.51,1532.26,1532.51,0.02,15.43,23949.68,1
2026-01-18,2026-01-18 12:48:00,1532.51,1532.75,1532.51,1532.75,0.02,15.43,23949.68,1
2026-01-18,2026-01-18 12:49:00,1532.75,1533.0,1532.75,1533.0,0.02,15.43,23949.68,1
2026-01-18,2026-01-18 12:50:00,1533.0,1533.24,1533.0,1533.24,0.02,15.43,23949.68,1
2026-01-18,2026-01-18 12:51:00,1533.24,1533.49,1533.24,1533.49,0.02,15.43,23949.68,1
2026-01-18,2026-01-18 12:52:00,1533.49,1533.73,1533.49,1533.73,0.02,15.43,23949.68,1
2026-01-18,2026-01-18 12:53:00,1533.73,1533.98,1533.73,1533.98,0.02,15.43,23949.68,1
2026-01-18,2026-01-18 12:54:00,1533.98,1534.22,1533.98,1534.22,0.02,15.43,23949.68,1
2026-01-18,2026-01-18 12:55:00,1534.22,1534.47,1534.22,1534.47,0.02,15.43,23949.68,1
2026-01-18,2026-01-18 12:56:00,1534.47,1534.71,1534.47,1534.71,0.02,15.43,23949.68,1
2026-01-18,2026-01-18 12:57:00,1534.71,1534.96,1534.71,1534.96,0.02,15.43,23949.68,1
2026-01-18,2026-01-18 12:58:00,1534.96,1535.2,1534.96,1535.2,0.02,15.43,23949.68,1
2026-01-18,2026-01-18 12:59:00,1535.2,1535.45,1535.2,1535.45,0.02,15.43,23949.68,1
2026-01-18,2026-01-18 13:00:00,1535.45,1615.0,1506.0,1535.7,0.02,15.43,23949.68,1
2026-01-18,2026-01-18 13:01:00,1535.7,1535.94,1535.7,1535.94,0.02,15.43,23949.68,1
2026-01-18,2026-01-18 13:02:00,1535.94,1536.19,1535.94,1536.19,0.02,15.43,23949.68,1
2026-01-18,2026-01-18 13:03:00,1536.19,1536.43,1536.19,1536.43,0.02,15.43,23949.68,1
2026-01-18,2026-01-18 13:04:00,1536.43,1536.68,1536.43,1536.68,0.02,15.43,23949.68,1
2026-01-18,2026-01-18 13:05:00,1536.68,1536.92,1536.68,1536.92,0.02,15.43,23949.68,1
2026-01-18,2026-01-18 13:06:00,1536.92,1537.17,1536.92,1537.17,0.02,15.43,23949.68,1
2026-01-18,2026-01-18 13:07:00,1537.17,1537.41,1537.17,1537.41,0.02,15.43,23949.68,1
2026-01-18,2026-01-18 13:08:00,1537.41,1537.66,1537.41,1537.66,0.02,15.43,23949.68,1
2026-01-18,2026-01-18 13:09:00,1537.66,1537.9,1537.66,1537.9,0.02,15.43,23949.68,1
2026-01-18,2026-01-18 13:10:00,1537.9,1538.15,1537.9,1538.15,0.02,15.43,23949.68,1
2026-01-18,2026-01-18 13:11:00,1538.15,1538.39,1538.15,1538.39,0.02,15.43,23949.68,1
2026-01-18,2026-01-18 13:12:00,1538.39,1538.64,1538.39,1538.64,0.02,15.43,23949.68,1
2026-01-18,2026-01-18 13:13:00,1538.64,1538.89,1538.64,1538.89,0.02,15.43,23949.68,1
2026-01-18,2026-01-18 13:14:00,1538.89,1539.13,1538.89,1539.13,0.02,15.43,23949.68,1
2026-01-18,2026-01-18 13:15:00,1539.13,1539.38,1539.13,1539.38,0.02,15.43,23949.68,1
2026-01-18,2026-01-18 13:16:00,1539.38,1539.62,1539.38,1539.62,0.02,15.43,23949.68,1
2026-01-18,2026-01-18 13:17:00,1539.62,1539.87,1539.62,1539.87,0.02,15.43,23949.68,1
2026-01-18,2026-01-18 13:18:00,1539.87,1540.11,1539.87,1540.11,0.02,15.43,23949.68,1
2026-01-18,2026-01-18 13:19:00,1540.11,1540.36,1540.11,1540.36,0.02,15.43,23949.68,1
2026-01-18,2026-01-18 13:20:00,1540.36,1540.6,1540.36,1540.6,0.02,15.43,23949.68,1
2026-01-18,2026-01-18 13:21:00,1540.6,1540.85,1540.6,1540.85,0.02,15.43,23949.68,1
2026-01-18,2026-01-18 13:22:00,1540.85,1541.09,1540.85,1541.09,0.02,15.43,23949.68,1
2026-01-18,2026-01-18 13:23:00,1541.09,1541.34,1541.09,1541.34,0.02,15.43,23949.68,1
2026-01-18,2026-01-18 13:24:00,1541.34,1541.59,1541.34,1541.59,0.02,15.43,23949.68,1
2026-01-18,2026-01-18 13:25:00,1541.59,1541.83,1541.59,1541.83,0.02,15.43,23949.68,1
2026-01-18,2026-01-18 13:26:00,1541.83,1542.08,1541.83,1542.08,0.02,15.43,23949.68,1
2026-01-18,2026-01-18 13:27:00,1542.08,1542.32,1542.08,1542.32,0.02,15.43,23949.68,1
2026-01-18,2026-01-18 13:28:00,1542.32,1542.57,1542.32,1542.57,0.02,15.43,23949.68,1
2026-01-18,2026-01-18 13:29:00,1542.57,1542.81,1542.57,1542.81,0.02,15.43,23949.68,1
2026-01-18,2026-01-18 13:30:00,1542.81,1543.06,1542.81,1543.06,0.02,15.43,23949.68,1
2026-01-18,2026-01-18 13:31:00,1543.06,1543.3,1543.06,1543.3,0.02,15.43,23949.68,1
2026-01-18,2026-01-18 13:32:00,1543.3,1543.55,1543.3,1543.55,0.02,15.43,23949.68,1
2026-01-18,2026-01-18 13:33:00,1543.55,1543.79,1543.55,1543.79,0.02,15.43,23949.68,1
2026-01-18,2026-01-18 13:34:00,1543.79,1544.04,1543.79,1544.04,0.02,15.43,23949.68,1
2026-01-18,2026-01-18 13:35:00,1544.04,1544.29,1544.04,1544.29,0.02,15.43,23949.68,1
2026-01-18,2026-01-18 13:36:00,1544.29,1544.53,1544.29,1544.53,0.02,15.43,23949.68,1
2026-01-18,2026-01-18 13:37:00,1544.53,1544.78,1544.53,1544.78,0.02,15.43,23949.68,1
2026-01-18,2026-01-18 13:38:00,1544.78,1545.02,1544.78,1545.02,0.02,15.43,23949.68,1
2026-01-18,2026-01-18 13:39:00,1545.02,1545.27,1545.02,1545.27,0.02,15.43,23949.68,1
2026-01-18,2026-01-18 13:40:00,1545.27,1545.51,1545.27,1545.51,0.02,15.43,23949.68,1
2026-01-18,2026-01-18 13:41:00,1545.51,1545.76,1545.51,1545.76,0.02,15.43,23949.68,1
2026-01-18,2026-01-18 13:42:00,1545.76,1546.0,1545.76,1546.0,0.02,15.43,23949.68,1
2026-01-18,2026-01-18 13:43:00,1546.0,1546.25,1546.0,1546.25,0.02,15.43,23949.68,1
2026-01-18,2026-01-18 13:44:00,1546.25,1546.49,1546.25,1546.49,0.02,15.43,23949.68,1
2026-01-18,2026-01-18 13:45:00,1546.49,1546.74,1546.49,1546.74,0.02,15.43,23949.68,1
2026-01-18,2026-01-18 13:46:00,1546.74,1546.98,1546.74,1546.98,0.02,15.43,23949.68,1
2026-01-18,2026-01-18 13:47:00,1546.98,1547.23,1546.98,1547.23,0.02,15.43,23949.68,1
2026-01-18,2026-01-18 13:48:00,1547.23,1547.48,1547.23,1547.48,0.02,15.43,23949.68,1
2026-01-18,2026-01-18 13:49:00,1547.48,1547.72,1547.48,1547.72,0.02,15.43,23949.68,1
2026-01-18,2026-01-18 13:50:00,1547.72,1547.97,1547.72,1547.97,0.02,15.43,23949.68,1
2026-01-18,2026-01-18 13:51:00,1547.97,1548.21,1547.97,1548.21,0.02,15.43,23949.68,1
2026-01-18,2026-01-18 13:52:00,1548.21,1548.46,1548.21,1548.46,0.02,15.43,23949.68,1
2026-01-18,2026-01-18 13:53:00,1548.46,1548.7,1548.46,1548.7,0.02,15.43,23949.68,1
2026-01-18,2026-01-18 13:54:00,1548.7,1548.95,1548.7,1548.95,0.02,15.43,23949.68,1
2026-01-18,2026-01-18 13:55:00,1548.95,1549.19,1548.95,1549.19,0.02,15.43,23949.68,1
2026-01-18,2026-01-18 13:56:00,1549.19,1549.44,1549.19,1549.44,0.02,15.43,23949.68,1
2026-01-18,2026-01-18 13:57:00,1549.44,1549.68,1549.44,1549.68,0.02,15.43,23949.68,1
2026-01-18,2026-01-18 13:58:00,1549.68,1549.93,1549.68,1549.93,0.02,15.43,23949.68,1
2026-01-18,2026-01-18 13:59:00,1549.93,1550.18,1549.93,1550.18,0.02,15.43,23949.68,1
2026-01-18,2026-01-18 14:00:00,1550.18,1550.42,1550.18,1550.42,0.02,15.43,23949.68,1
2026-01-18,2026-01-18 14:01:00,1550.42,1550.67,1550.42,1550.67,0.02,15.43,23949.68,1
2026-01-18,2026-01-18 14:02:00,1550.67,1550.91,1550.67,1550.91,0.02,15.43,23949.68,1
2026-01-18,2026-01-18 14:03:00,1550.91,1551.16,1550.91,1551.16,0.02,15.43,23949.68,1
2026-01-18,2026-01-18 14:04:00,1551.16,1551.4,1551.16,1551.4,0.02,15.43,23949.68,1
2026-01-18,2026-01-18 14:05:00,1551.4,1551.65,1551.4,1551.65,0.02,15.43,23949.68,1
2026-01-18,2026-01-18 14:06:00,1551.65,1551.89,1551.65,1551.89,0.02,15.43,23949.68,1
2026-01-18,2026-01-18 14:07:00,1551.89,1552.14,1551.89,1552.14,0.02,15.43,23949.68,1
2026-01-18,2026-01-18 14:08:00,1552.14,1552.38,1552.14,1552.38,0.02,15.43,23949.68,1
2026-01-18,2026-01-18 14:09:00,1552.38,1552.63,1552.38,1552.63,0.02,15.43,23949.68,1
2026-01-18,2026-01-18 14:10:00,1552.63,1552.87,1552.63,1552.87,0.02,15.43,23949.68,1
2026-01-18,2026-01-18 14:11:00,1552.87,1553.12,1552.87,1553.12,0.02,15.43,23949.68,1
2026-01-18,2026-01-18 14:12:00,1553.12,1553.37,1553.12,1553.37,0.02,15.43,23949.68,1
2026-01-18,2026-01-18 14:13:00,1553.37,1553.61,1553.37,1553.61,0.02,15.43,23949.68,1
2026-01-18,2026-01-18 14:14:00,1553.61,1553.86,1553.61,1553.86,0.02,15.43,23949.68,1
2026-01-18,2026-01-18 14:15:00,1553.86,1554.1,1553.86,1554.1,0.02,15.43,23949.68,1
2026-01-18,2026-01-18 14:16:00,1554.1,1554.35,1554.1,1554.35,0.02,15.43,23949.68,1
2026-01-18,2026-01-18 14:17:00,1554.35,1554.59,1554.35,1554.59,0.02,15.43,23949.68,1
2026-01-18,2026-01-18 14:18:00,1554.59,1554.84,1554.59,1554.84,0.02,15.43,23949.68,1
2026-01-18,2026-01-18 14:19:00,1554.84,1555.08,1554.84,1555.08,0.02,15.43,23949.68,1
2026-01-18,2026-01-18 14:20:00,1555.08,1555.33,1555.08,1555.33,0.02,15.43,23949.68,1
2026-01-18,2026-01-18 14:21:00,1555.33,1555.57,1555.33,1555.57,0.02,15.43,23949.68,1
2026-01-18,2026-01-18 14:22:00,1555.57,1555.82,1555.57,1555.82,0.02,15.43,23949.68,1
2026-01-18,2026-01-18 14:23:00,1555.82,1556.07,1555.82,1556.07,0.02,15.43,23949.68,1
2026-01-18,2026-01-18 14:24:00,1556.07,1556.31,1556.07,1556.31,0.02,15.43,23949.68,1
2026-01-18,2026-01-18 14:25:00,1556.31,1556.56,1556.31,1556.56,0.02,15.43,23949.68,1
2026-01-18,2026-01-18 14:26:00,1556.56,1556.8,1556.56,1556.8,0.02,15.43,23949.68,1
2026-01-18,2026-01-18 14:27:00,1556.8,1557.05,1556.8,1557.05,0.02,15.43,23949.68,1
2026-01-18,2026-01-18 14:28:00,1557.05,1557.29,1557.05,1557.29,0.02,15.43,23949.68,1
2026-01-18,2026-01-18 14:29:00,1557.29,1557.54,1557.29,1557.54,0.02,15.43,23949.68,1
2026-01-18,2026-01-18 14:30:00,1557.54,1557.78,1557.54,1557.78,0.02,15.43,23949.68,1
2026-01-18,2026-01-18 14:31:00,1557.78,1558.03,1557.78,1558.03,0.02,15.43,23949.68,1
2026-01-18,2026-01-18 14:32:00,1558.03,1558.27,1558.03,1558.27,0.02,15.43,23949.68,1
2026-01-18,2026-01-18 14:33:00,1558.27,1558.52,1558.27,1558.52,0.02,15.43,23949.68,1
2026-01-18,2026-01-18 14:34:00,1558.52,1558.76,1558.52,1558.76,0.02,15.43,23949.68,1
2026-01-18,2026-01-18 14:35:00,1558.76,1559.01,1558.76,1559.01,0.02,15.43,23949.68,1
2026-01-18,2026-01-18 14:36:00,1559.01,1559.26,1559.01,1559.26,0.02,15.43,23949.68,1
2026-01-18,2026-01-18 14:37:00,1559.26,1559.5,1559.26,1559.5,0.02,15.43,23949.68,1
2026-01-18,2026-01-18 14:38:00,1559.5,1559.75,1559.5,1559.75,0.02,15.43,23949.68,1
2026-01-18,2026-01-18 14:39:00,1559.75,1559.99,1559.75,1559.99,0.02,15.43,23949.68,1
2026-01-18,2026-01-18 14:40:00,1559.99,1560.24,1559.99,1560.24,0.02,15.43,23949.68,1
2026-01-18,2026-01-18 14:41:00,1560.24,1560.48,1560.24,1560.48,0.02,15.43,23949.68,1
2026-01-18,2026-01-18 14:42:00,1560.48,1560.73,1560.48,1560.73,0.02,15.43,23949.68,1
2026-01-18,2026-01-18 14:43:00,1560.73,1560.97,1560.73,1560.97,0.02,15.43,23949.68,1
2026-01-18,2026-01-18 14:44:00,1560.97,1561.22,1560.97,1561.22,0.02,15.43,23949.68,1
2026-01-18,2026-01-18 14:45:00,1561.22,1561.46,1561.22,1561.46,0.02,15.43,23949.68,1
2026-01-18,2026-01-18 14:46:00,1561.46,1561.71,1561.46,1561.71,0.02,15.43,23949.68,1
2026-01-18,2026-01-18 14:47:00,1561.71,1561.96,1561.71,1561.96,0.02,15.43,23949.68,1
2026-01-18,2026-01-18 14:48:00,1561.96,1562.2,1561.96,1562.2,0.02,15.43,23949.68,1
2026-01-18,2026-01-18 14:49:00,1562.2,1562.45,1562.2,1562.45,0.02,15.43,23949.68,1
2026-01-18,2026-01-18 14:50:00,1562.45,1562.69,1562.45,1562.69,0.02,15.43,23949.68,1
2026-01-18,2026-01-18 14:51:00,1562.69,1562.94,1562.69,1562.94,0.02,15.43,23949.68,1
2026-01-18,2026-01-18 14:52:00,1562.94,1563.18,1562.94,1563.18,0.02,15.43,23949.68,1
2026-01-18,2026-01-18 14:53:00,1563.18,1563.43,1563.18,1563.43,0.02,15.43,23949.68,1
2026-01-18,2026-01-18 14:54:00,1563.43,1563.67,1563.43,1563.67,0.02,15.43,23949.68,1
2026-01-18,2026-01-18 14:55:00,1563.67,1563.92,1563.67,1563.92,0.02,15.43,23949.68,1
2026-01-18,2026-01-18 14:56:00,1563.92,1564.16,1563.92,1564.16,0.02,15.43,23949.68,1
2026-01-18,2026-01-18 14:57:00,1564.16,1564.41,1564.16,1564.41,0.02,15.43,23949.68,1
2026-01-18,2026-01-18 14:58:00,1564.41,1564.65,1564.41,1564.65,0.02,15.43,23949.68,1
2026-01-18,2026-01-18 14:59:00,1564.65,1564.9,1564.65,1564.9,0.02,15.43,23949.68,1
2026-01-18,2026-01-18 15:00:00,1564.9,1615.0,1506.0,1564.9,0.0,15.43,23949.68,0
2026-01-20,2026-01-20 11:00:00,1536.2,1550.54,1536.2,1536.38,0.01,9.8,15295.6,1
2026-01-20,2026-01-20 11:01:00,1536.38,1536.57,1536.38,1536.57,0.01,9.8,15295.6,1
2026-01-20,2026-01-20 11:02:00,1536.57,1536.75,1536.57,1536.75,0.01,9.8,15295.6,1
2026-01-20,2026-01-20 11:03:00,1536.75,1536.93,1536.75,1536.93,0.01,9.8,15295.6,1
2026-01-20,2026-01-20 11:04:00,1536.93,1537.11,1536.93,1537.11,0.01,9.8,15295.6,1
2026-01-20,2026-01-20 11:05:00,1537.11,1537.3,1537.11,1537.3,0.01,9.8,15295.6,1
2026-01-20,2026-01-20 11:06:00,1537.3,1537.48,1537.3,1537.48,0.01,9.8,15295.6,1
2026-01-20,2026-01-20 11:07:00,1537.48,1537.66,1537.48,1537.66,0.01,9.8,15295.6,1
2026-01-20,2026-01-20 11:08:00,1537.66,1537.84,1537.66,1537.84,0.01,9.8,15295.6,1
2026-01-20,2026-01-20 11:09:00,1537.84,1538.03,1537.84,1538.03,0.01,9.8,15295.6,1
2026-01-20,2026-01-20 11:10:00,1538.03,1538.21,1538.03,1538.21,0.01,9.8,15295.6,1
2026-01-20,2026-01-20 11:11:00,1538.21,1538.39,1538.21,1538.39,0.01,9.8,15295.6,1
2026-01-20,2026-01-20 11:12:00,1538.39,1538.57,1538.39,1538.57,0.01,9.8,15295.6,1
2026-01-20,2026-01-20 11:13:00,1538.57,1538.76,1538.57,1538.76,0.01,9.8,15295.6,1
2026-01-20,2026-01-20 11:14:00,1538.76,1538.94,1538.76,1538.94,0.01,9.8,15295.6,1
2026-01-20,2026-01-20 11:15:00,1538.94,1539.12,1538.94,1539.12,0.01,9.8,15295.6,1
2026-01-20,2026-01-20 11:16:00,1539.12,1539.3,1539.12,1539.3,0.01,9.8,15295.6,1
2026-01-20,2026-01-20 11:17:00,1539.3,1539.49,1539.3,1539.49,0.01,9.8,15295.6,1
2026-01-20,2026-01-20 11:18:00,1539.49,1539.67,1539.49,1539.67,0.01,9.8,15295.6,1
2026-01-20,2026-01-20 11:19:00,1539.67,1539.85,1539.67,1539.85,0.01,9.8,15295.6,1
2026-01-20,2026-01-20 11:20:00,1539.85,1540.03,1539.85,1540.03,0.01,9.8,15295.6,1
2026-01-20,2026-01-20 11:21:00,1540.03,1540.22,1540.03,1540.22,0.01,9.8,15295.6,1
2026-01-20,2026-01-20 11:22:00,1540.22,1540.4,1540.22,1540.4,0.01,9.8,15295.6,1
2026-01-20,2026-01-20 11:23:00,1540.4,1540.58,1540.4,1540.58,0.01,9.8,15295.6,1
2026-01-20,2026-01-20 11:24:00,1540.58,1540.76,1540.58,1540.76,0.01,9.8,15295.6,1
2026-01-20,2026-01-20 11:25:00,1540.76,1540.94,1540.76,1540.94,0.01,9.8,15295.6,1
2026-01-20,2026-01-20 11:26:00,1540.94,1541.13,1540.94,1541.13,0.01,9.8,15295.6,1
2026-01-20,2026-01-20 11:27:00,1541.13,1541.31,1541.13,1541.31,0.01,9.8,15295.6,1
2026-01-20,2026-01-20 11:28:00,1541.31,1541.49,1541.31,1541.49,0.01,9.8,15295.6,1
2026-01-20,2026-01-20 11:29:00,1541.49,1541.67,1541.49,1541.67,0.01,9.8,15295.6,1
2026-01-20,2026-01-20 11:30:00,1541.67,1541.86,1541.67,1541.86,0.01,9.8,15295.6,1
2026-01-20,2026-01-20 11:31:00,1541.86,1542.04,1541.86,1542.04,0.01,9.8,15295.6,1
2026-01-20,2026-01-20 11:32:00,1542.04,1542.22,1542.04,1542.22,0.01,9.8,15295.6,1
2026-01-20,2026-01-20 11:33:00,1542.22,1542.4,1542.22,1542.4,0.01,9.8,15295.6,1
2026-01-20,2026-01-20 11:34:00,1542.4,1542.59,1542.4,1542.59,0.01,9.8,15295.6,1
2026-01-20,2026-01-20 11:35:00,1542.59,1542.77,1542.59,1542.77,0.01,9.8,15295.6,1
2026-01-20,2026-01-20 11:36:00,1542.77,1542.95,1542.77,1542.95,0.01,9.8,15295.6,1
2026-01-20,2026-01-20 11:37:00,1542.95,1543.13,1542.95,1543.13,0.01,9.8,15295.6,1
2026-01-20,2026-01-20 11:38:00,1543.13,1543.32,1543.13,1543.32,0.01,9.8,15295.6,1
2026-01-20,2026-01-20 11:39:00,1543.32,1543.5,1543.32,1543.5,0.01,9.8,15295.6,1
2026-01-20,2026-01-20 11:40:00,1543.5,1543.68,1543.5,1543.68,0.01,9.8,15295.6,1
2026-01-20,2026-01-20 11:41:00,1543.68,1543.87,1543.68,1543.87,0.01,9.8,15295.6,1
2026-01-20,2026-01-20 11:42:00,1543.87,1544.05,1543.87,1544.05,0.01,9.8,15295.6,1
2026-01-20,2026-01-20 11:43:00,1544.05,1544.23,1544.05,1544.23,0.01,9.8,15295.6,1
2026-01-20,2026-01-20 11:44:00,1544.23,1544.41,1544.23,1544.41,0.01,9.8,15295.6,1
2026-01-20,2026-01-20 11:45:00,1544.41,1544.6,1544.41,1544.6,0.01,9.8,15295.6,1
2026-01-20,2026-01-20 11:46:00,1544.6,1544.78,1544.6,1544.78,0.01,9.8,15295.6,1
2026-01-20,2026-01-20 11:47:00,1544.78,1544.96,1544.78,1544.96,0.01,9.8,15295.6,1
2026-01-20,2026-01-20 11:48:00,1544.96,1545.14,1544.96,1545.14,0.01,9.8,15295.6,1
2026-01-20,2026-01-20 11:49:00,1545.14,1545.33,1545.14,1545.33,0.01,9.8,15295.6,1
2026-01-20,2026-01-20 11:50:00,1545.33,1545.51,1545.33,1545.51,0.01,9.8,15295.6,1
2026-01-20,2026-01-20 11:51:00,1545.51,1545.69,1545.51,1545.69,0.01,9.8,15295.6,1
2026-01-20,2026-01-20 11:52:00,1545.69,1545.87,1545.69,1545.87,0.01,9.8,15295.6,1
2026-01-20,2026-01-20 11:53:00,1545.87,1546.06,1545.87,1546.06,0.01,9.8,15295.6,1
2026-01-20,2026-01-20 11:54:00,1546.06,1546.24,1546.06,1546.24,0.01,9.8,15295.6,1
2026-01-20,2026-01-20 11:55:00,1546.24,1546.42,1546.24,1546.42,0.01,9.8,15295.6,1
2026-01-20,2026-01-20 11:56:00,1546.42,1546.6,1546.42,1546.6,0.01,9.8,15295.6,1
2026-01-20,2026-01-20 11:57:00,1546.6,1546.79,1546.6,1546.79,0.01,9.8,15295.6,1
2026-01-20,2026-01-20 11:58:00,1546.79,1546.97,1546.79,1546.97,0.01,9.8,15295.6,1
2026-01-20,2026-01-20 11:59:00,1546.97,1547.15,1546.97,1547.15,0.01,9.8,15295.6,1
2026-01-20,2026-01-20 12:00:00,1547.15,1547.33,1547.15,1547.33,0.01,9.8,15295.6,1
2026-01-20,2026-01-20 12:01:00,1547.33,1547.52,1547.33,1547.52,0.01,9.8,15295.6,1
2026-01-20,2026-01-20 12:02:00,1547.52,1547.7,1547.52,1547.7,0.01,9.8,15295.6,1
2026-01-20,2026-01-20 12:03:00,1547.7,1547.88,1547.7,1547.88,0.01,9.8,15295.6,1
2026-01-20,2026-01-20 12:04:00,1547.88,1548.06,1547.88,1548.06,0.01,9.8,15295.6,1
2026-01-20,2026-01-20 12:05:00,1548.06,1548.25,1548.06,1548.25,0.01,9.8,15295.6,1
2026-01-20,2026-01-20 12:06:00,1548.25,1548.43,1548.25,1548.43,0.01,9.8,15295.6,1
2026-01-20,2026-01-20 12:07:00,1548.43,1548.61,1548.43,1548.61,0.01,9.8,15295.6,1
2026-01-20,2026-01-20 12:08:00,1548.61,1548.79,1548.61,1548.79,0.01,9.8,15295.6,1
2026-01-20,2026-01-20 12:09:00,1548.79,1548.98,1548.79,1548.98,0.01,9.8,15295.6,1
2026-01-20,2026-01-20 12:10:00,1548.98,1549.16,1548.98,1549.16,0.01,9.8,15295.6,1
2026-01-20,2026-01-20 12:11:00,1549.16,1549.34,1549.16,1549.34,0.01,9.8,15295.6,1
2026-01-20,2026-01-20 12:12:00,1549.34,1549.52,1549.34,1549.52,0.01,9.8,15295.6,1
2026-01-20,2026-01-20 12:13:00,1549.52,1549.7,1549.52,1549.7,0.01,9.8,15295.6,1
2026-01-20,2026-01-20 12:14:00,1549.7,1549.89,1549.7,1549.89,0.01,9.8,15295.6,1
2026-01-20,2026-01-20 12:15:00,1549.89,1550.07,1549.89,1550.07,0.01,9.8,15295.6,1
2026-01-20,2026-01-20 12:16:00,1550.07,1550.25,1550.07,1550.25,0.01,9.8,15295.6,1
2026-01-20,2026-01-20 12:17:00,1550.25,1550.43,1550.25,1550.43,0.01,9.8,15295.6,1
2026-01-20,2026-01-20 12:18:00,1550.43,1550.62,1550.43,1550.62,0.01,9.8,15295.6,1
2026-01-20,2026-01-20 12:19:00,1550.62,1550.8,1550.62,1550.8,0.01,9.8,15295.6,1
2026-01-20,2026-01-20 12:20:00,1550.8,1550.98,1550.8,1550.98,0.01,9.8,15295.6,1
2026-01-20,2026-01-20 12:21:00,1550.98,1551.16,1550.98,1551.16,0.01,9.8,15295.6,1
2026-01-20,2026-01-20 12:22:00,1551.16,1551.35,1551.16,1551.35,0.01,9.8,15295.6,1
2026-01-20,2026-01-20 12:23:00,1551.35,1551.53,1551.35,1551.53,0.01,9.8,15295.6,1
2026-01-20,2026-01-20 12:24:00,1551.53,1551.71,1551.53,1551.71,0.01,9.8,15295.6,1
2026-01-20,2026-01-20 12:25:00,1551.71,1551.89,1551.71,1551.89,0.01,9.8,15295.6,1
2026-01-20,2026-01-20 12:26:00,1551.89,1552.08,1551.89,1552.08,0.01,9.8,15295.6,1
2026-01-20,2026-01-20 12:27:00,1552.08,1552.26,1552.08,1552.26,0.01,9.8,15295.6,1
2026-01-20,2026-01-20 12:28:00,1552.26,1552.44,1552.26,1552.44,0.01,9.8,15295.6,1
2026-01-20,2026-01-20 12:29:00,1552.44,1552.62,1552.44,1552.62,0.01,9.8,15295.6,1
2026-01-20,2026-01-20 12:30:00,1552.62,1552.81,1552.62,1552.81,0.01,9.8,15295.6,1
2026-01-20,2026-01-20 12:31:00,1552.81,1552.99,1552.81,1552.99,0.01,9.8,15295.6,1
2026-01-20,2026-01-20 12:32:00,1552.99,1553.17,1552.99,1553.17,0.01,9.8,15295.6,1
2026-01-20,2026-01-20 12:33:00,1553.17,1553.36,1553.17,1553.36,0.01,9.8,15295.6,1
2026-01-20,2026-01-20 12:34:00,1553.36,1553.54,1553.36,1553.54,0.01,9.8,15295.6,1
2026-01-20,2026-01-20 12:35:00,1553.54,1553.72,1553.54,1553.72,0.01,9.8,15295.6,1
2026-01-20,2026-01-20 12:36:00,1553.72,1553.9,1553.72,1553.9,0.01,9.8,15295.6,1
2026-01-20,2026-01-20 12:37:00,1553.9,1554.09,1553.9,1554.09,0.01,9.8,15295.6,1
2026-01-20,2026-01-20 12:38:00,1554.09,1554.27,1554.09,1554.27,0.01,9.8,15295.6,1
2026-01-20,2026-01-20 12:39:00,1554.27,1554.45,1554.27,1554.45,0.01,9.8,15295.6,1
2026-01-20,2026-01-20 12:40:00,1554.45,1554.63,1554.45,1554.63,0.01,9.8,15295.6,1
2026-01-20,2026-01-20 12:41:00,1554.63,1554.82,1554.63,1554.82,0.01,9.8,15295.6,1
2026-01-20,2026-01-20 12:42:00,1554.82,1555.0,1554.82,1555.0,0.01,9.8,15295.6,1
2026-01-20,2026-01-20 12:43:00,1555.0,1555.18,1555.0,1555.18,0.01,9.8,15295.6,1
2026-01-20,2026-01-20 12:44:00,1555.18,1555.36,1555.18,1555.36,0.01,9.8,15295.6,1
2026-01-20,2026-01-20 12:45:00,1555.36,1555.55,1555.36,1555.55,0.01,9.8,15295.6,1
2026-01-20,2026-01-20 12:46:00,1555.55,1555.73,1555.55,1555.73,0.01,9.8,15295.6,1
2026-01-20,2026-01-20 12:47:00,1555.73,1555.91,1555.73,1555.91,0.01,9.8,15295.6,1
2026-01-20,2026-01-20 12:48:00,1555.91,1556.09,1555.91,1556.09,0.01,9.8,15295.6,1
2026-01-20,2026-01-20 12:49:00,1556.09,1556.28,1556.09,1556.28,0.01,9.8,15295.6,1
2026-01-20,2026-01-20 12:50:00,1556.28,1556.46,1556.28,1556.46,0.01,9.8,15295.6,1
2026-01-20,2026-01-20 12:51:00,1556.46,1556.64,1556.46,1556.64,0.01,9.8,15295.6,1
2026-01-20,2026-01-20 12:52:00,1556.64,1556.82,1556.64,1556.82,0.01,9.8,15295.6,1
2026-01-20,2026-01-20 12:53:00,1556.82,1557.01,1556.82,1557.01,0.01,9.8,15295.6,1
2026-01-20,2026-01-20 12:54:00,1557.01,1557.19,1557.01,1557.19,0.01,9.8,15295.6,1
2026-01-20,2026-01-20 12:55:00,1557.19,1557.37,1557.19,1557.37,0.01,9.8,15295.6,1
2026-01-20,2026-01-20 12:56:00,1557.37,1557.55,1557.37,1557.55,0.01,9.8,15295.6,1
2026-01-20,2026-01-20 12:57:00,1557.55,1557.74,1557.55,1557.74,0.01,9.8,15295.6,1
2026-01-20,2026-01-20 12:58:00,1557.74,1557.92,1557.74,1557.92,0.01,9.8,15295.6,1
2026-01-20,2026-01-20 12:59:00,1557.92,1558.1,1557.92,1558.1,0.01,9.8,15295.6,1
2026-01-20,2026-01-20 13:00:00,1558.1,1584.0,1536.2,1558.28,0.01,9.8,15295.6,1
2026-01-20,2026-01-20 13:01:00,1558.28,1558.46,1558.28,1558.46,0.01,9.8,15295.6,1
2026-01-20,2026-01-20 13:02:00,1558.46,1558.65,1558.46,1558.65,0.01,9.8,15295.6,1
2026-01-20,2026-01-20 13:03:00,1558.65,1558.83,1558.65,1558.83,0.01,9.8,15295.6,1
2026-01-20,2026-01-20 13:04:00,1558.83,1559.01,1558.83,1559.01,0.01,9.8,15295.6,1
2026-01-20,2026-01-20 13:05:00,1559.01,1559.19,1559.01,1559.19,0.01,9.8,15295.6,1
2026-01-20,2026-01-20 13:06:00,1559.19,1559.38,1559.19,1559.38,0.01,9.8,15295.6,1
2026-01-20,2026-01-20 13:07:00,1559.38,1559.56,1559.38,1559.56,0.01,9.8,15295.6,1
2026-01-20,2026-01-20 13:08:00,1559.56,1559.74,1559.56,1559.74,0.01,9.8,15295.6,1
2026-01-20,2026-01-20 13:09:00,1559.74,1559.92,1559.74,1559.92,0.01,9.8,15295.6,1
2026-01-20,2026-01-20 13:10:00,1559.92,1560.11,1559.92,1560.11,0.01,9.8,15295.6,1
2026-01-20,2026-01-20 13:11:00,1560.11,1560.29,1560.11,1560.29,0.01,9.8,15295.6,1
2026-01-20,2026-01-20 13:12:00,1560.29,1560.47,1560.29,1560.47,0.01,9.8,15295.6,1
2026-01-20,2026-01-20 13:13:00,1560.47,1560.65,1560.47,1560.65,0.01,9.8,15295.6,1
2026-01-20,2026-01-20 13:14:00,1560.65,1560.84,1560.65,1560.84,0.01,9.8,15295.6,1
2026-01-20,2026-01-20 13:15:00,1560.84,1561.02,1560.84,1561.02,0.01,9.8,15295.6,1
2026-01-20,2026-01-20 13:16:00,1561.02,1561.2,1561.02,1561.2,0.01,9.8,15295.6,1
2026-01-20,2026-01-20 13:17:00,1561.2,1561.38,1561.2,1561.38,0.01,9.8,15295.6,1
2026-01-20,2026-01-20 13:18:00,1561.38,1561.57,1561.38,1561.57,0.01,9.8,15295.6,1
2026-01-20,2026-01-20 13:19:00,1561.57,1561.75,1561.57,1561.75,0.01,9.8,15295.6,1
2026-01-20,2026-01-20 13:20:00,1561.75,1561.93,1561.75,1561.93,0.01,9.8,15295.6,1
2026-01-20,2026-01-20 13:21:00,1561.93,1562.12,1561.93,1562.12,0.01,9.8,15295.6,1
2026-01-20,2026-01-20 13:22:00,1562.12,1562.3,1562.12,1562.3,0.01,9.8,15295.6,1
2026-01-20,2026-01-20 13:23:00,1562.3,1562.48,1562.3,1562.48,0.01,9.8,15295.6,1
2026-01-20,2026-01-20 13:24:00,1562.48,1562.66,1562.48,1562.66,0.01,9.8,15295.6,1
2026-01-20,2026-01-20 13:25:00,1562.66,1562.85,1562.66,1562.85,0.01,9.8,15295.6,1
2026-01-20,2026-01-20 13:26:00,1562.85,1563.03,1562.85,1563.03,0.01,9.8,15295.6,1
2026-01-20,2026-01-20 13:27:00,1563.03,1563.21,1563.03,1563.21,0.01,9.8,15295.6,1
2026-01-20,2026-01-20 13:28:00,1563.21,1563.39,1563.21,1563.39,0.01,9.8,15295.6,1
2026-01-20,2026-01-20 13:29:00,1563.39,1563.58,1563.39,1563.58,0.01,9.8,15295.6,1
2026-01-20,2026-01-20 13:30:00,1563.58,1563.76,1563.58,1563.76,0.01,9.8,15295.6,1
2026-01-20,2026-01-20 13:31:00,1563.76,1563.94,1563.76,1563.94,0.01,9.8,15295.6,1
2026-01-20,2026-01-20 13:32:00,1563.94,1564.12,1563.94,1564.12,0.01,9.8,15295.6,1
2026-01-20,2026-01-20 13:33:00,1564.12,1564.31,1564.12,1564.31,0.01,9.8,15295.6,1
2026-01-20,2026-01-20 13:34:00,1564.31,1564.49,1564.31,1564.49,0.01,9.8,15295.6,1
2026-01-20,2026-01-20 13:35:00,1564.49,1564.67,1564.49,1564.67,0.01,9.8,15295.6,1
2026-01-20,2026-01-20 13:36:00,1564.67,1564.85,1564.67,1564.85,0.01,9.8,15295.6,1
2026-01-20,2026-01-20 13:37:00,1564.85,1565.04,1564.85,1565.04,0.01,9.8,15295.6,1
2026-01-20,2026-01-20 13:38:00,1565.04,1565.22,1565.04,1565.22,0.01,9.8,15295.6,1
2026-01-20,2026-01-20 13:39:00,1565.22,1565.4,1565.22,1565.4,0.01,9.8,15295.6,1
2026-01-20,2026-01-20 13:40:00,1565.4,1565.58,1565.4,1565.58,0.01,9.8,15295.6,1
2026-01-20,2026-01-20 13:41:00,1565.58,1565.77,1565.58,1565.77,0.01,9.8,15295.6,1
2026-01-20,2026-01-20 13:42:00,1565.77,1565.95,1565.77,1565.95,0.01,9.8,15295.6,1
2026-01-20,2026-01-20 13:43:00,1565.95,1566.13,1565.95,1566.13,0.01,9.8,15295.6,1
2026-01-20,2026-01-20 13:44:00,1566.13,1566.31,1566.13,1566.31,0.01,9.8,15295.6,1
2026-01-20,2026-01-20 13:45:00,1566.31,1566.5,1566.31,1566.5,0.01,9.8,15295.6,1
2026-01-20,2026-01-20 13:46:00,1566.5,1566.68,1566.5,1566.68,0.01,9.8,15295.6,1
2026-01-20,2026-01-20 13:47:00,1566.68,1566.86,1566.68,1566.86,0.01,9.8,15295.6,1
2026-01-20,2026-01-20 13:48:00,1566.86,1567.04,1566.86,1567.04,0.01,9.8,15295.6,1
2026-01-20,2026-01-20 13:49:00,1567.04,1567.22,1567.04,1567.22,0.01,9.8,15295.6,1
2026-01-20,2026-01-20 13:50:00,1567.22,1567.41,1567.22,1567.41,0.01,9.8,15295.6,1
2026-01-20,2026-01-20 13:51:00,1567.41,1567.59,1567.41,1567.59,0.01,9.8,15295.6,1
2026-01-20,2026-01-20 13:52:00,1567.59,1567.77,1567.59,1567.77,0.01,9.8,15295.6,1
2026-01-20,2026-01-20 13:53:00,1567.77,1567.95,1567.77,1567.95,0.01,9.8,15295.6,1
2026-01-20,2026-01-20 13:54:00,1567.95,1568.14,1567.95,1568.14,0.01,9.8,15295.6,1
2026-01-20,2026-01-20 13:55:00,1568.14,1568.32,1568.14,1568.32,0.01,9.8,15295.6,1
2026-01-20,2026-01-20 13:56:00,1568.32,1568.5,1568.32,1568.5,0.01,9.8,15295.6,1
2026-01-20,2026-01-20 13:57:00,1568.5,1568.68,1568.5,1568.68,0.01,9.8,15295.6,1
2026-01-20,2026-01-20 13:58:00,1568.68,1568.87,1568.68,1568.87,0.01,9.8,15295.6,1
2026-01-20,2026-01-20 13:59:00,1568.87,1569.05,1568.87,1569.05,0.01,9.8,15295.6,1
2026-01-20,2026-01-20 14:00:00,1569.05,1569.23,1569.05,1569.23,0.01,9.8,15295.6,1
2026-01-20,2026-01-20 14:01:00,1569.23,1569.41,1569.23,1569.41,0.01,9.8,15295.6,1
2026-01-20,2026-01-20 14:02:00,1569.41,1569.6,1569.41,1569.6,0.01,9.8,15295.6,1
2026-01-20,2026-01-20 14:03:00,1569.6,1569.78,1569.6,1569.78,0.01,9.8,15295.6,1
2026-01-20,2026-01-20 14:04:00,1569.78,1569.96,1569.78,1569.96,0.01,9.8,15295.6,1
2026-01-20,2026-01-20 14:05:00,1569.96,1570.14,1569.96,1570.14,0.01,9.8,15295.6,1
2026-01-20,2026-01-20 14:06:00,1570.14,1570.33,1570.14,1570.33,0.01,9.8,15295.6,1
2026-01-20,2026-01-20 14:07:00,1570.33,1570.51,1570.33,1570.51,0.01,9.8,15295.6,1
2026-01-20,2026-01-20 14:08:00,1570.51,1570.69,1570.51,1570.69,0.01,9.8,15295.6,1
2026-01-20,2026-01-20 14:09:00,1570.69,1570.88,1570.69,1570.88,0.01,9.8,15295.6,1
2026-01-20,2026-01-20 14:10:00,1570.88,1571.06,1570.88,1571.06,0.01,9.8,15295.6,1
2026-01-20,2026-01-20 14:11:00,1571.06,1571.24,1571.06,1571.24,0.01,9.8,15295.6,1
2026-01-20,2026-01-20 14:12:00,1571.24,1571.42,1571.24,1571.42,0.01,9.8,15295.6,1
2026-01-20,2026-01-20 14:13:00,1571.42,1571.61,1571.42,1571.61,0.01,9.8,15295.6,1
2026-01-20,2026-01-20 14:14:00,1571.61,1571.79,1571.61,1571.79,0.01,9.8,15295.6,1
2026-01-20,2026-01-20 14:15:00,1571.79,1571.97,1571.79,1571.97,0.01,9.8,15295.6,1
2026-01-20,2026-01-20 14:16:00,1571.97,1572.15,1571.97,1572.15,0.01,9.8,15295.6,1
2026-01-20,2026-01-20 14:17:00,1572.15,1572.34,1572.15,1572.34,0.01,9.8,15295.6,1
2026-01-20,2026-01-20 14:18:00,1572.34,1572.52,1572.34,1572.52,0.01,9.8,15295.6,1
2026-01-20,2026-01-20 14:19:00,1572.52,1572.7,1572.52,1572.7,0.01,9.8,15295.6,1
2026-01-20,2026-01-20 14:20:00,1572.7,1572.88,1572.7,1572.88,0.01,9.8,15295.6,1
2026-01-20,2026-01-20 14:21:00,1572.88,1573.07,1572.88,1573.07,0.01,9.8,15295.6,1
2026-01-20,2026-01-20 14:22:00,1573.07,1573.25,1573.07,1573.25,0.01,9.8,15295.6,1
2026-01-20,2026-01-20 14:23:00,1573.25,1573.43,1573.25,1573.43,0.01,9.8,15295.6,1
2026-01-20,2026-01-20 14:24:00,1573.43,1573.61,1573.43,1573.61,0.01,9.8,15295.6,1
2026-01-20,2026-01-20 14:25:00,1573.61,1573.8,1573.61,1573.8,0.01,9.8,15295.6,1
2026-01-20,2026-01-20 14:26:00,1573.8,1573.98,1573.8,1573.98,0.01,9.8,15295.6,1
2026-01-20,2026-01-20 14:27:00,1573.98,1574.16,1573.98,1574.16,0.01,9.8,15295.6,1
2026-01-20,2026-01-20 14:28:00,1574.16,1574.34,1574.16,1574.34,0.01,9.8,15295.6,1
2026-01-20,2026-01-20 14:29:00,1574.34,1574.53,1574.34,1574.53,0.01,9.8,15295.6,1
2026-01-20,2026-01-20 14:30:00,1574.53,1574.71,1574.53,1574.71,0.01,9.8,15295.6,1
2026-01-20,2026-01-20 14:31:00,1574.71,1574.89,1574.71,1574.89,0.01,9.8,15295.6,1
2026-01-20,2026-01-20 14:32:00,1574.89,1575.07,1574.89,1575.07,0.01,9.8,15295.6,1
2026-01-20,2026-01-20 14:33:00,1575.07,1575.26,1575.07,1575.26,0.01,9.8,15295.6,1
2026-01-20,2026-01-20 14:34:00,1575.26,1575.44,1575.26,1575.44,0.01,9.8,15295.6,1
2026-01-20,2026-01-20 14:35:00,1575.44,1575.62,1575.44,1575.62,0.01,9.8,15295.6,1
2026-01-20,2026-01-20 14:36:00,1575.62,1575.8,1575.62,1575.8,0.01,9.8,15295.6,1
2026-01-20,2026-01-20 14:37:00,1575.8,1575.98,1575.8,1575.98,0.01,9.8,15295.6,1
2026-01-20,2026-01-20 14:38:00,1575.98,1576.17,1575.98,1576.17,0.01,9.8,15295.6,1
2026-01-20,2026-01-20 14:39:00,1576.17,1576.35,1576.17,1576.35,0.01,9.8,15295.6,1
2026-01-20,2026-01-20 14:40:00,1576.35,1576.53,1576.35,1576.53,0.01,9.8,15295.6,1
2026-01-20,2026-01-20 14:41:00,1576.53,1576.71,1576.53,1576.71,0.01,9.8,15295.6,1
2026-01-20,2026-01-20 14:42:00,1576.71,1576.9,1576.71,1576.9,0.01,9.8,15295.6,1
2026-01-20,2026-01-20 14:43:00,1576.9,1577.08,1576.9,1577.08,0.01,9.8,15295.6,1
2026-01-20,2026-01-20 14:44:00,1577.08,1577.26,1577.08,1577.26,0.01,9.8,15295.6,1
2026-01-20,2026-01-20 14:45:00,1577.26,1577.44,1577.26,1577.44,0.01,9.8,15295.6,1
2026-01-20,2026-01-20 14:46:00,1577.44,1577.63,1577.44,1577.63,0.01,9.8,15295.6,1
2026-01-20,2026-01-20 14:47:00,1577.63,1577.81,1577.63,1577.81,0.01,9.8,15295.6,1
2026-01-20,2026-01-20 14:48:00,1577.81,1577.99,1577.81,1577.99,0.01,9.8,15295.6,1
2026-01-20,2026-01-20 14:49:00,1577.99,1578.17,1577.99,1578.17,0.01,9.8,15295.6,1
2026-01-20,2026-01-20 14:50:00,1578.17,1578.36,1578.17,1578.36,0.01,9.8,15295.6,1
2026-01-20,2026-01-20 14:51:00,1578.36,1578.54,1578.36,1578.54,0.01,9.8,15295.6,1
2026-01-20,2026-01-20 14:52:00,1578.54,1578.72,1578.54,1578.72,0.01,9.8,15295.6,1
2026-01-20,2026-01-20 14:53:00,1578.72,1578.9,1578.72,1578.9,0.01,9.8,15295.6,1
2026-01-20,2026-01-20 14:54:00,1578.9,1579.09,1578.9,1579.09,0.01,9.8,15295.6,1
2026-01-20,2026-01-20 14:55:00,1579.09,1579.27,1579.09,1579.27,0.01,9.8,15295.6,1
2026-01-20,2026-01-20 14:56:00,1579.27,1579.45,1579.27,1579.45,0.01,9.8,15295.6,1
2026-01-20,2026-01-20 14:57:00,1579.45,1579.63,1579.45,1579.63,0.01,9.8,15295.6,1
2026-01-20,2026-01-20 14:58:00,1579.63,1579.82,1579.63,1579.82,0.01,9.8,15295.6,1
2026-01-20,2026-01-20 14:59:00,1579.82,1580.0,1579.82,1580.0,0.01,9.8,15295.6,1
2026-01-20,2026-01-20 15:00:00,1580.0,1584.0,1536.2,1580.0,0.0,9.8,15295.6,0
2026-01-21,2026-01-21 11:00:00,1582.0,1582.0,1567.9,1581.83,-0.01,12.79,19764.92,-1
2026-01-21,2026-01-21 11:01:00,1581.83,1581.83,1581.66,1581.66,-0.01,12.79,19764.92,-1
2026-01-21,2026-01-21 11:02:00,1581.66,1581.66,1581.49,1581.49,-0.01,12.79,19764.92,-1
2026-01-21,2026-01-21 11:03:00,1581.49,1581.49,1581.32,1581.32,-0.01,12.79,19764.92,-1
2026-01-21,2026-01-21 11:04:00,1581.32,1581.32,1581.15,1581.15,-0.01,12.79,19764.92,-1
2026-01-21,2026-01-21 11:05:00,1581.15,1581.15,1580.97,1580.97,-0.01,12.79,19764.92,-1
2026-01-21,2026-01-21 11:06:00,1580.97,1580.97,1580.8,1580.8,-0.01,12.79,19764.92,-1
2026-01-21,2026-01-21 11:07:00,1580.8,1580.8,1580.63,1580.63,-0.01,12.79,19764.92,-1
2026-01-21,2026-01-21 11:08:00,1580.63,1580.63,1580.46,1580.46,-0.01,12.79,19764.92,-1
2026-01-21,2026-01-21 11:09:00,1580.46,1580.46,1580.29,1580.29,-0.01,12.79,19764.92,-1
2026-01-21,2026-01-21 11:10:00,1580.29,1580.29,1580.12,1580.12,-0.01,12.79,19764.92,-1
2026-01-21,2026-01-21 11:11:00,1580.12,1580.12,1579.95,1579.95,-0.01,12.79,19764.92,-1
2026-01-21,2026-01-21 11:12:00,1579.95,1579.95,1579.78,1579.78,-0.01,12.79,19764.92,-1
2026-01-21,2026-01-21 11:13:00,1579.78,1579.78,1579.61,1579.61,-0.01,12.79,19764.92,-1
2026-01-21,2026-01-21 11:14:00,1579.61,1579.61,1579.44,1579.44,-0.01,12.79,19764.92,-1
2026-01-21,2026-01-21 11:15:00,1579.44,1579.44,1579.27,1579.27,-0.01,12.79,19764.92,-1
2026-01-21,2026-01-21 11:16:00,1579.27,1579.27,1579.1,1579.1,-0.01,12.79,19764.92,-1
2026-01-21,2026-01-21 11:17:00,1579.1,1579.1,1578.92,1578.92,-0.01,12.79,19764.92,-1
2026-01-21,2026-01-21 11:18:00,1578.92,1578.92,1578.75,1578.75,-0.01,12.79,19764.92,-1
2026-01-21,2026-01-21 11:19:00,1578.75,1578.75,1578.58,1578.58,-0.01,12.79,19764.92,-1
2026-01-21,2026-01-21 11:20:00,1578.58,1578.58,1578.41,1578.41,-0.01,12.79,19764.92,-1
2026-01-21,2026-01-21 11:21:00,1578.41,1578.41,1578.24,1578.24,-0.01,12.79,19764.92,-1
2026-01-21,2026-01-21 11:22:00,1578.24,1578.24,1578.07,1578.07,-0.01,12.79,19764.92,-1
2026-01-21,2026-01-21 11:23:00,1578.07,1578.07,1577.9,1577.9,-0.01,12.79,19764.92,-1
2026-01-21,2026-01-21 11:24:00,1577.9,1577.9,1577.73,1577.73,-0.01,12.79,19764.92,-1
2026-01-21,2026-01-21 11:25:00,1577.73,1577.73,1577.56,1577.56,-0.01,12.79,19764.92,-1
2026-01-21,2026-01-21 11:26:00,1577.56,1577.56,1577.39,1577.39,-0.01,12.79,19764.92,-1
2026-01-21,2026-01-21 11:27:00,1577.39,1577.39,1577.22,1577.22,-0.01,12.79,19764.92,-1
2026-01-21,2026-01-21 11:28:00,1577.22,1577.22,1577.05,1577.05,-0.01,12.79,19764.92,-1
2026-01-21,2026-01-21 11:29:00,1577.05,1577.05,1576.88,1576.88,-0.01,12.79,19764.92,-1
2026-01-21,2026-01-21 11:30:00,1576.88,1576.88,1576.7,1576.7,-0.01,12.79,19764.92,-1
2026-01-21,2026-01-21 11:31:00,1576.7,1576.7,1576.53,1576.53,-0.01,12.79,19764.92,-1
2026-01-21,2026-01-21 11:32:00,1576.53,1576.53,1576.36,1576.36,-0.01,12.79,19764.92,-1
2026-01-21,2026-01-21 11:33:00,1576.36,1576.36,1576.19,1576.19,-0.01,12.79,19764.92,-1
2026-01-21,2026-01-21 11:34:00,1576.19,1576.19,1576.02,1576.02,-0.01,12.79,19764.92,-1
2026-01-21,2026-01-21 11:35:00,1576.02,1576.02,1575.85,1575.85,-0.01,12.79,19764.92,-1
2026-01-21,2026-01-21 11:36:00,1575.85,1575.85,1575.68,1575.68,-0.01,12.79,19764.92,-1
2026-01-21,2026-01-21 11:37:00,1575.68,1575.68,1575.51,1575.51,-0.01,12.79,19764.92,-1
2026-01-21,2026-01-21 11:38:00,1575.51,1575.51,1575.34,1575.34,-0.01,12.79,19764.92,-1
2026-01-21,2026-01-21 11:39:00,1575.34,1575.34,1575.17,1575.17,-0.01,12.79,19764.92,-1
2026-01-21,2026-01-21 11:40:00,1575.17,1575.17,1575.0,1575.0,-0.01,12.79,19764.92,-1
2026-01-21,2026-01-21 11:41:00,1575.0,1575.0,1574.83,1574.83,-0.01,12.79,19764.92,-1
2026-01-21,2026-01-21 11:42:00,1574.83,1574.83,1574.65,1574.65,-0.01,12.79,19764.92,-1
2026-01-21,2026-01-21 11:43:00,1574.65,1574.65,1574.48,1574.48,-0.01,12.79,19764.92,-1
2026-01-21,2026-01-21 11:44:00,1574.48,1574.48,1574.31,1574.31,-0.01,12.79,19764.92,-1
2026-01-21,2026-01-21 11:45:00,1574.31,1574.31,1574.14,1574.14,-0.01,12.79,19764.92,-1
2026-01-21,2026-01-21 11:46:00,1574.14,1574.14,1573.97,1573.97,-0.01,12.79,19764.92,-1
2026-01-21,2026-01-21 11:47:00,1573.97,1573.97,1573.8,1573.8,-0.01,12.79,19764.92,-1
2026-01-21,2026-01-21 11:48:00,1573.8,1573.8,1573.63,1573.63,-0.01,12.79,19764.92,-1
2026-01-21,2026-01-21 11:49:00,1573.63,1573.63,1573.46,1573.46,-0.01,12.79,19764.92,-1
2026-01-21,2026-01-21 11:50:00,1573.46,1573.46,1573.29,1573.29,-0.01,12.79,19764.92,-1
2026-01-21,2026-01-21 11:51:00,1573.29,1573.29,1573.12,1573.12,-0.01,12.79,19764.92,-1
2026-01-21,2026-01-21 11:52:00,1573.12,1573.12,1572.95,1572.95,-0.01,12.79,19764.92,-1
2026-01-21,2026-01-21 11:53:00,1572.95,1572.95,1572.78,1572.78,-0.01,12.79,19764.92,-1
2026-01-21,2026-01-21 11:54:00,1572.78,1572.78,1572.6,1572.6,-0.01,12.79,19764.92,-1
2026-01-21,2026-01-21 11:55:00,1572.6,1572.6,1572.43,1572.43,-0.01,12.79,19764.92,-1
2026-01-21,2026-01-21 11:56:00,1572.43,1572.43,1572.26,1572.26,-0.01,12.79,19764.92,-1
2026-01-21,2026-01-21 11:57:00,1572.26,1572.26,1572.09,1572.09,-0.01,12.79,19764.92,-1
2026-01-21,2026-01-21 11:58:00,1572.09,1572.09,1571.92,1571.92,-0.01,12.79,19764.92,-1
2026-01-21,2026-01-21 11:59:00,1571.92,1571.92,1571.75,1571.75,-0.01,12.79,19764.92,-1
2026-01-21,2026-01-21 12:00:00,1571.75,1571.75,1571.58,1571.58,-0.01,12.79,19764.92,-1
2026-01-21,2026-01-21 12:01:00,1571.58,1571.58,1571.41,1571.41,-0.01,12.79,19764.92,-1
2026-01-21,2026-01-21 12:02:00,1571.41,1571.41,1571.24,1571.24,-0.01,12.79,19764.92,-1
2026-01-21,2026-01-21 12:03:00,1571.24,1571.24,1571.07,1571.07,-0.01,12.79,19764.92,-1
2026-01-21,2026-01-21 12:04:00,1571.07,1571.07,1570.9,1570.9,-0.01,12.79,19764.92,-1
2026-01-21,2026-01-21 12:05:00,1570.9,1570.9,1570.72,1570.72,-0.01,12.79,19764.92,-1
2026-01-21,2026-01-21 12:06:00,1570.72,1570.72,1570.55,1570.55,-0.01,12.79,19764.92,-1
2026-01-21,2026-01-21 12:07:00,1570.55,1570.55,1570.38,1570.38,-0.01,12.79,19764.92,-1
2026-01-21,2026-01-21 12:08:00,1570.38,1570.38,1570.21,1570.21,-0.01,12.79,19764.92,-1
2026-01-21,2026-01-21 12:09:00,1570.21,1570.21,1570.04,1570.04,-0.01,12.79,19764.92,-1
2026-01-21,2026-01-21 12:10:00,1570.04,1570.04,1569.87,1569.87,-0.01,12.79,19764.92,-1
2026-01-21,2026-01-21 12:11:00,1569.87,1569.87,1569.7,1569.7,-0.01,12.79,19764.92,-1
2026-01-21,2026-01-21 12:12:00,1569.7,1569.7,1569.53,1569.53,-0.01,12.79,19764.92,-1
2026-01-21,2026-01-21 12:13:00,1569.53,1569.53,1569.36,1569.36,-0.01,12.79,19764.92,-1
2026-01-21,2026-01-21 12:14:00,1569.36,1569.36,1569.19,1569.19,-0.01,12.79,19764.92,-1
2026-01-21,2026-01-21 12:15:00,1569.19,1569.19,1569.02,1569.02,-0.01,12.79,19764.92,-1
2026-01-21,2026-01-21 12:16:00,1569.02,1569.02,1568.85,1568.85,-0.01,12.79,19764.92,-1
2026-01-21,2026-01-21 12:17:00,1568.85,1568.85,1568.67,1568.67,-0.01,12.79,19764.92,-1
2026-01-21,2026-01-21 12:18:00,1568.67,1568.67,1568.5,1568.5,-0.01,12.79,19764.92,-1
2026-01-21,2026-01-21 12:19:00,1568.5,1568.5,1568.33,1568.33,-0.01,12.79,19764.92,-1
2026-01-21,2026-01-21 12:20:00,1568.33,1568.33,1568.16,1568.16,-0.01,12.79,19764.92,-1
2026-01-21,2026-01-21 12:21:00,1568.16,1568.16,1567.99,1567.99,-0.01,12.79,19764.92,-1
2026-01-21,2026-01-21 12:22:00,1567.99,1567.99,1567.82,1567.82,-0.01,12.79,19764.92,-1
2026-01-21,2026-01-21 12:23:00,1567.82,1567.82,1567.65,1567.65,-0.01,12.79,19764.92,-1
2026-01-21,2026-01-21 12:24:00,1567.65,1567.65,1567.48,1567.48,-0.01,12.79,19764.92,-1
2026-01-21,2026-01-21 12:25:00,1567.48,1567.48,1567.31,1567.31,-0.01,12.79,19764.92,-1
2026-01-21,2026-01-21 12:26:00,1567.31,1567.31,1567.14,1567.14,-0.01,12.79,19764.92,-1
2026-01-21,2026-01-21 12:27:00,1567.14,1567.14,1566.97,1566.97,-0.01,12.79,19764.92,-1
2026-01-21,2026-01-21 12:28:00,1566.97,1566.97,1566.8,1566.8,-0.01,12.79,19764.92,-1
2026-01-21,2026-01-21 12:29:00,1566.8,1566.8,1566.62,1566.62,-0.01,12.79,19764.92,-1
2026-01-21,2026-01-21 12:30:00,1566.62,1566.62,1566.45,1566.45,-0.01,12.79,19764.92,-1
2026-01-21,2026-01-21 12:31:00,1566.45,1566.45,1566.28,1566.28,-0.01,12.79,19764.92,-1
2026-01-21,2026-01-21 12:32:00,1566.28,1566.28,1566.11,1566.11,-0.01,12.79,19764.92,-1
2026-01-21,2026-01-21 12:33:00,1566.11,1566.11,1565.94,1565.94,-0.01,12.79,19764.92,-1
2026-01-21,2026-01-21 12:34:00,1565.94,1565.94,1565.77,1565.77,-0.01,12.79,19764.92,-1
2026-01-21,2026-01-21 12:35:00,1565.77,1565.77,1565.6,1565.6,-0.01,12.79,19764.92,-1
2026-01-21,2026-01-21 12:36:00,1565.6,1565.6,1565.43,1565.43,-0.01,12.79,19764.92,-1
2026-01-21,2026-01-21 12:37:00,1565.43,1565.43,1565.26,1565.26,-0.01,12.79,19764.92,-1
2026-01-21,2026-01-21 12:38:00,1565.26,1565.26,1565.09,1565.09,-0.01,12.79,19764.92,-1
2026-01-21,2026-01-21 12:39:00,1565.09,1565.09,1564.92,1564.92,-0.01,12.79,19764.92,-1
2026-01-21,2026-01-21 12:40:00,1564.92,1564.92,1564.75,1564.75,-0.01,12.79,19764.92,-1
2026-01-21,2026-01-21 12:41:00,1564.75,1564.75,1564.58,1564.58,-0.01,12.79,19764.92,-1
2026-01-21,2026-01-21 12:42:00,1564.58,1564.58,1564.4,1564.4,-0.01,12.79,19764.92,-1
2026-01-21,2026-01-21 12:43:00,1564.4,1564.4,1564.23,1564.23,-0.01,12.79,19764.92,-1
2026-01-21,2026-01-21 12:44:00,1564.23,1564.23,1564.06,1564.06,-0.01,12.79,19764.92,-1
2026-01-21,2026-01-21 12:45:00,1564.06,1564.06,1563.89,1563.89,-0.01,12.79,19764.92,-1
2026-01-21,2026-01-21 12:46:00,1563.89,1563.89,1563.72,1563.72,-0.01,12.79,19764.92,-1
2026-01-21,2026-01-21 12:47:00,1563.72,1563.72,1563.55,1563.55,-0.01,12.79,19764.92,-1
2026-01-21,2026-01-21 12:48:00,1563.55,1563.55,1563.38,1563.38,-0.01,12.79,19764.92,-1
2026-01-21,2026-01-21 12:49:00,1563.38,1563.38,1563.21,1563.21,-0.01,12.79,19764.92,-1
2026-01-21,2026-01-21 12:50:00,1563.21,1563.21,1563.04,1563.04,-0.01,12.79,19764.92,-1
2026-01-21,2026-01-21 12:51:00,1563.04,1563.04,1562.87,1562.87,-0.01,12.79,19764.92,-1
2026-01-21,2026-01-21 12:52:00,1562.87,1562.87,1562.7,1562.7,-0.01,12.79,19764.92,-1
2026-01-21,2026-01-21 12:53:00,1562.7,1562.7,1562.53,1562.53,-0.01,12.79,19764.92,-1
2026-01-21,2026-01-21 12:54:00,1562.53,1562.53,1562.35,1562.35,-0.01,12.79,19764.92,-1
2026-01-21,2026-01-21 12:55:00,1562.35,1562.35,1562.18,1562.18,-0.01,12.79,19764.92,-1
2026-01-21,2026-01-21 12:56:00,1562.18,1562.18,1562.01,1562.01,-0.01,12.79,19764.92,-1
2026-01-21,2026-01-21 12:57:00,1562.01,1562.01,1561.84,1561.84,-0.01,12.79,19764.92,-1
2026-01-21,2026-01-21 12:58:00,1561.84,1561.84,1561.67,1561.67,-0.01,12.79,19764.92,-1
2026-01-21,2026-01-21 12:59:00,1561.67,1561.67,1561.5,1561.5,-0.01,12.79,19764.92,-1
2026-01-21,2026-01-21 13:00:00,1561.5,1582.0,1535.0,1561.33,-0.01,12.79,19764.92,-1
2026-01-21,2026-01-21 13:01:00,1561.33,1561.33,1561.16,1561.16,-0.01,12.79,19764.92,-1
2026-01-21,2026-01-21 13:02:00,1561.16,1561.16,1560.99,1560.99,-0.01,12.79,19764.92,-1
2026-01-21,2026-01-21 13:03:00,1560.99,1560.99,1560.82,1560.82,-0.01,12.79,19764.92,-1
2026-01-21,2026-01-21 13:04:00,1560.82,1560.82,1560.65,1560.65,-0.01,12.79,19764.92,-1
2026-01-21,2026-01-21 13:05:00,1560.65,1560.65,1560.47,1560.47,-0.01,12.79,19764.92,-1
2026-01-21,2026-01-21 13:06:00,1560.47,1560.47,1560.3,1560.3,-0.01,12.79,19764.92,-1
2026-01-21,2026-01-21 13:07:00,1560.3,1560.3,1560.13,1560.13,-0.01,12.79,19764.92,-1
2026-01-21,2026-01-21 13:08:00,1560.13,1560.13,1559.96,1559.96,-0.01,12.79,19764.92,-1
2026-01-21,2026-01-21 13:09:00,1559.96,1559.96,1559.79,1559.79,-0.01,12.79,19764.92,-1
2026-01-21,2026-01-21 13:10:00,1559.79,1559.79,1559.62,1559.62,-0.01,12.79,19764.92,-1
2026-01-21,2026-01-21 13:11:00,1559.62,1559.62,1559.45,1559.45,-0.01,12.79,19764.92,-1
2026-01-21,2026-01-21 13:12:00,1559.45,1559.45,1559.28,1559.28,-0.01,12.79,19764.92,-1
2026-01-21,2026-01-21 13:13:00,1559.28,1559.28,1559.11,1559.11,-0.01,12.79,19764.92,-1
2026-01-21,2026-01-21 13:14:00,1559.11,1559.11,1558.94,1558.94,-0.01,12.79,19764.92,-1
2026-01-21,2026-01-21 13:15:00,1558.94,1558.94,1558.77,1558.77,-0.01,12.79,19764.92,-1
2026-01-21,2026-01-21 13:16:00,1558.77,1558.77,1558.6,1558.6,-0.01,12.79,19764.92,-1
2026-01-21,2026-01-21 13:17:00,1558.6,1558.6,1558.42,1558.42,-0.01,12.79,19764.92,-1
2026-01-21,2026-01-21 13:18:00,1558.42,1558.42,1558.25,1558.25,-0.01,12.79,19764.92,-1
2026-01-21,2026-01-21 13:19:00,1558.25,1558.25,1558.08,1558.08,-0.01,12.79,19764.92,-1
2026-01-21,2026-01-21 13:20:00,1558.08,1558.08,1557.91,1557.91,-0.01,12.79,19764.92,-1
2026-01-21,2026-01-21 13:21:00,1557.91,1557.91,1557.74,1557.74,-0.01,12.79,19764.92,-1
2026-01-21,2026-01-21 13:22:00,1557.74,1557.74,1557.57,1557.57,-0.01,12.79,19764.92,-1
2026-01-21,2026-01-21 13:23:00,1557.57,1557.57,1557.4,1557.4,-0.01,12.79,19764.92,-1
2026-01-21,2026-01-21 13:24:00,1557.4,1557.4,1557.23,1557.23,-0.01,12.79,19764.92,-1
2026-01-21,2026-01-21 13:25:00,1557.23,1557.23,1557.06,1557.06,-0.01,12.79,19764.92,-1
2026-01-21,2026-01-21 13:26:00,1557.06,1557.06,1556.89,1556.89,-0.01,12.79,19764.92,-1
2026-01-21,2026-01-21 13:27:00,1556.89,1556.89,1556.72,1556.72,-0.01,12.79,19764.92,-1
2026-01-21,2026-01-21 13:28:00,1556.72,1556.72,1556.55,1556.55,-0.01,12.79,19764.92,-1
2026-01-21,2026-01-21 13:29:00,1556.55,1556.55,1556.38,1556.38,-0.01,12.79,19764.92,-1
2026-01-21,2026-01-21 13:30:00,1556.38,1556.38,1556.2,1556.2,-0.01,12.79,19764.92,-1
2026-01-21,2026-01-21 13:31:00,1556.2,1556.2,1556.03,1556.03,-0.01,12.79,19764.92,-1
2026-01-21,2026-01-21 13:32:00,1556.03,1556.03,1555.86,1555.86,-0.01,12.79,19764.92,-1
2026-01-21,2026-01-21 13:33:00,1555.86,1555.86,1555.69,1555.69,-0.01,12.79,19764.92,-1
2026-01-21,2026-01-21 13:34:00,1555.69,1555.69,1555.52,1555.52,-0.01,12.79,19764.92,-1
2026-01-21,2026-01-21 13:35:00,1555.52,1555.52,1555.35,1555.35,-0.01,12.79,19764.92,-1
2026-01-21,2026-01-21 13:36:00,1555.35,1555.35,1555.18,1555.18,-0.01,12.79,19764.92,-1
2026-01-21,2026-01-21 13:37:00,1555.18,1555.18,1555.01,1555.01,-0.01,12.79,19764.92,-1
2026-01-21,2026-01-21 13:38:00,1555.01,1555.01,1554.84,1554.84,-0.01,12.79,19764.92,-1
2026-01-21,2026-01-21 13:39:00,1554.84,1554.84,1554.67,1554.67,-0.01,12.79,19764.92,-1
2026-01-21,2026-01-21 13:40:00,1554.67,1554.67,1554.5,1554.5,-0.01,12.79,19764.92,-1
2026-01-21,2026-01-21 13:41:00,1554.5,1554.5,1554.33,1554.33,-0.01,12.79,19764.92,-1
2026-01-21,2026-01-21 13:42:00,1554.33,1554.33,1554.15,1554.15,-0.01,12.79,19764.92,-1
2026-01-21,2026-01-21 13:43:00,1554.15,1554.15,1553.98,1553.98,-0.01,12.79,19764.92,-1
2026-01-21,2026-01-21 13:44:00,1553.98,1553.98,1553.81,1553.81,-0.01,12.79,19764.92,-1
2026-01-21,2026-01-21 13:45:00,1553.81,1553.81,1553.64,1553.64,-0.01,12.79,19764.92,-1
2026-01-21,2026-01-21 13:46:00,1553.64,1553.64,1553.47,1553.47,-0.01,12.79,19764.92,-1
2026-01-21,2026-01-21 13:47:00,1553.47,1553.47,1553.3,1553.3,-0.01,12.79,19764.92,-1
2026-01-21,2026-01-21 13:48:00,1553.3,1553.3,1553.13,1553.13,-0.01,12.79,19764.92,-1
2026-01-21,2026-01-21 13:49:00,1553.13,1553.13,1552.96,1552.96,-0.01,12.79,19764.92,-1
2026-01-21,2026-01-21 13:50:00,1552.96,1552.96,1552.79,1552.79,-0.01,12.79,19764.92,-1
2026-01-21,2026-01-21 13:51:00,1552.79,1552.79,1552.62,1552.62,-0.01,12.79,19764.92,-1
2026-01-21,2026-01-21 13:52:00,1552.62,1552.62,1552.45,1552.45,-0.01,12.79,19764.92,-1
2026-01-21,2026-01-21 13:53:00,1552.45,1552.45,1552.28,1552.28,-0.01,12.79,19764.92,-1
2026-01-21,2026-01-21 13:54:00,1552.28,1552.28,1552.1,1552.1,-0.01,12.79,19764.92,-1
2026-01-21,2026-01-21 13:55:00,1552.1,1552.1,1551.93,1551.93,-0.01,12.79,19764.92,-1
2026-01-21,2026-01-21 13:56:00,1551.93,1551.93,1551.76,1551.76,-0.01,12.79,19764.92,-1
2026-01-21,2026-01-21 13:57:00,1551.76,1551.76,1551.59,1551.59,-0.01,12.79,19764.92,-1
2026-01-21,2026-01-21 13:58:00,1551.59,1551.59,1551.42,1551.42,-0.01,12.79,19764.92,-1
2026-01-21,2026-01-21 13:59:00,1551.42,1551.42,1551.25,1551.25,-0.01,12.79,19764.92,-1
2026-01-21,2026-01-21 14:00:00,1551.25,1551.25,1551.08,1551.08,-0.01,12.79,19764.92,-1
2026-01-21,2026-01-21 14:01:00,1551.08,1551.08,1550.91,1550.91,-0.01,12.79,19764.92,-1
2026-01-21,2026-01-21 14:02:00,1550.91,1550.91,1550.74,1550.74,-0.01,12.79,19764.92,-1
2026-01-21,2026-01-21 14:03:00,1550.74,1550.74,1550.57,1550.57,-0.01,12.79,19764.92,-1
2026-01-21,2026-01-21 14:04:00,1550.57,1550.57,1550.4,1550.4,-0.01,12.79,19764.92,-1
2026-01-21,2026-01-21 14:05:00,1550.4,1550.4,1550.22,1550.22,-0.01,12.79,19764.92,-1
2026-01-21,2026-01-21 14:06:00,1550.22,1550.22,1550.05,1550.05,-0.01,12.79,19764.92,-1
2026-01-21,2026-01-21 14:07:00,1550.05,1550.05,1549.88,1549.88,-0.01,12.79,19764.92,-1
2026-01-21,2026-01-21 14:08:00,1549.88,1549.88,1549.71,1549.71,-0.01,12.79,19764.92,-1
2026-01-21,2026-01-21 14:09:00,1549.71,1549.71,1549.54,1549.54,-0.01,12.79,19764.92,-1
2026-01-21,2026-01-21 14:10:00,1549.54,1549.54,1549.37,1549.37,-0.01,12.79,19764.92,-1
2026-01-21,2026-01-21 14:11:00,1549.37,1549.37,1549.2,1549.2,-0.01,12.79,19764.92,-1
2026-01-21,2026-01-21 14:12:00,1549.2,1549.2,1549.03,1549.03,-0.01,12.79,19764.92,-1
2026-01-21,2026-01-21 14:13:00,1549.03,1549.03,1548.86,1548.86,-0.01,12.79,19764.92,-1
2026-01-21,2026-01-21 14:14:00,1548.86,1548.86,1548.69,1548.69,-0.01,12.79,19764.92,-1
2026-01-21,2026-01-21 14:15:00,1548.69,1548.69,1548.52,1548.52,-0.01,12.79,19764.92,-1
2026-01-21,2026-01-21 14:16:00,1548.52,1548.52,1548.35,1548.35,-0.01,12.79,19764.92,-1
2026-01-21,2026-01-21 14:17:00,1548.35,1548.35,1548.17,1548.17,-0.01,12.79,19764.92,-1
2026-01-21,2026-01-21 14:18:00,1548.17,1548.17,1548.0,1548.0,-0.01,12.79,19764.92,-1
2026-01-21,2026-01-21 14:19:00,1548.0,1548.0,1547.83,1547.83,-0.01,12.79,19764.92,-1
2026-01-21,2026-01-21 14:20:00,1547.83,1547.83,1547.66,1547.66,-0.01,12.79,19764.92,-1
2026-01-21,2026-01-21 14:21:00,1547.66,1547.66,1547.49,1547.49,-0.01,12.79,19764.92,-1
2026-01-21,2026-01-21 14:22:00,1547.49,1547.49,1547.32,1547.32,-0.01,12.79,19764.92,-1
2026-01-21,2026-01-21 14:23:00,1547.32,1547.32,1547.15,1547.15,-0.01,12.79,19764.92,-1
2026-01-21,2026-01-21 14:24:00,1547.15,1547.15,1546.98,1546.98,-0.01,12.79,19764.92,-1
2026-01-21,2026-01-21 14:25:00,1546.98,1546.98,1546.81,1546.81,-0.01,12.79,19764.92,-1
2026-01-21,2026-01-21 14:26:00,1546.81,1546.81,1546.64,1546.64,-0.01,12.79,19764.92,-1
2026-01-21,2026-01-21 14:27:00,1546.64,1546.64,1546.47,1546.47,-0.01,12.79,19764.92,-1
2026-01-21,2026-01-21 14:28:00,1546.47,1546.47,1546.3,1546.3,-0.01,12.79,19764.92,-1
2026-01-21,2026-01-21 14:29:00,1546.3,1546.3,1546.12,1546.12,-0.01,12.79,19764.92,-1
2026-01-21,2026-01-21 14:30:00,1546.12,1546.12,1545.95,1545.95,-0.01,12.79,19764.92,-1
2026-01-21,2026-01-21 14:31:00,1545.95,1545.95,1545.78,1545.78,-0.01,12.79,19764.92,-1
2026-01-21,2026-01-21 14:32:00,1545.78,1545.78,1545.61,1545.61,-0.01,12.79,19764.92,-1
2026-01-21,2026-01-21 14:33:00,1545.61,1545.61,1545.44,1545.44,-0.01,12.79,19764.92,-1
2026-01-21,2026-01-21 14:34:00,1545.44,1545.44,1545.27,1545.27,-0.01,12.79,19764.92,-1
2026-01-21,2026-01-21 14:35:00,1545.27,1545.27,1545.1,1545.1,-0.01,12.79,19764.92,-1
2026-01-21,2026-01-21 14:36:00,1545.1,1545.1,1544.93,1544.93,-0.01,12.79,19764.92,-1
2026-01-21,2026-01-21 14:37:00,1544.93,1544.93,1544.76,1544.76,-0.01,12.79,19764.92,-1
2026-01-21,2026-01-21 14:38:00,1544.76,1544.76,1544.59,1544.59,-0.01,12.79,19764.92,-1
2026-01-21,2026-01-21 14:39:00,1544.59,1544.59,1544.42,1544.42,-0.01,12.79,19764.92,-1
2026-01-21,2026-01-21 14:40:00,1544.42,1544.42,1544.25,1544.25,-0.01,12.79,19764.92,-1
2026-01-21,2026-01-21 14:41:00,1544.25,1544.25,1544.08,1544.08,-0.01,12.79,19764.92,-1
2026-01-21,2026-01-21 14:42:00,1544.08,1544.08,1543.9,1543.9,-0.01,12.79,19764.92,-1
2026-01-21,2026-01-21 14:43:00,1543.9,1543.9,1543.73,1543.73,-0.01,12.79,19764.92,-1
2026-01-21,2026-01-21 14:44:00,1543.73,1543.73,1543.56,1543.56,-0.01,12.79,19764.92,-1
2026-01-21,2026-01-21 14:45:00,1543.56,1543.56,1543.39,1543.39,-0.01,12.79,19764.92,-1
2026-01-21,2026-01-21 14:46:00,1543.39,1543.39,1543.22,1543.22,-0.01,12.79,19764.92,-1
2026-01-21,2026-01-21 14:47:00,1543.22,1543.22,1543.05,1543.05,-0.01,12.79,19764.92,-1
2026-01-21,2026-01-21 14:48:00,1543.05,1543.05,1542.88,1542.88,-0.01,12.79,19764.92,-1
2026-01-21,2026-01-21 14:49:00,1542.88,1542.88,1542.71,1542.71,-0.01,12.79,19764.92,-1
2026-01-21,2026-01-21 14:50:00,1542.71,1542.71,1542.54,1542.54,-0.01,12.79,19764.92,-1
2026-01-21,2026-01-21 14:51:00,1542.54,1542.54,1542.37,1542.37,-0.01,12.79,19764.92,-1
2026-01-21,2026-01-21 14:52:00,1542.37,1542.37,1542.2,1542.2,-0.01,12.79,19764.92,-1
2026-01-21,2026-01-21 14:53:00,1542.2,1542.2,1542.03,1542.03,-0.01,12.79,19764.92,-1
2026-01-21,2026-01-21 14:54:00,1542.03,1542.03,1541.85,1541.85,-0.01,12.79,19764.92,-1
2026-01-21,2026-01-21 14:55:00,1541.85,1541.85,1541.68,1541.68,-0.01,12.79,19764.92,-1
2026-01-21,2026-01-21 14:56:00,1541.68,1541.68,1541.51,1541.51,-0.01,12.79,19764.92,-1
2026-01-21,2026-01-21 14:57:00,1541.51,1541.51,1541.34,1541.34,-0.01,12.79,19764.92,-1
2026-01-21,2026-01-21 14:58:00,1541.34,1541.34,1541.17,1541.17,-0.01,12.79,19764.92,-1
2026-01-21,2026-01-21 14:59:00,1541.17,1541.17,1541.0,1541.0,-0.01,12.79,19764.92,-1
2026-01-21,2026-01-21 15:00:00,1541.0,1582.0,1535.0,1541.0,0.0,12.79,19764.92,0
2026-01-22,2026-01-22 11:00:00,1530.0,1543.5,1530.0,1530.18,0.01,30.17,47354.62,1
2026-01-22,2026-01-22 11:01:00,1530.18,1530.37,1530.18,1530.37,0.01,30.17,47354.62,1
2026-01-22,2026-01-22 11:02:00,1530.37,1530.55,1530.37,1530.55,0.01,30.17,47354.62,1
2026-01-22,2026-01-22 11:03:00,1530.55,1530.73,1530.55,1530.73,0.01,30.17,47354.62,1
2026-01-22,2026-01-22 11:04:00,1530.73,1530.91,1530.73,1530.91,0.01,30.17,47354.62,1
2026-01-22,2026-01-22 11:05:00,1530.91,1531.1,1530.91,1531.1,0.01,30.17,47354.62,1
2026-01-22,2026-01-22 11:06:00,1531.1,1531.28,1531.1,1531.28,0.01,30.17,47354.62,1
2026-01-22,2026-01-22 11:07:00,1531.28,1531.46,1531.28,1531.46,0.01,30.17,47354.62,1
2026-01-22,2026-01-22 11:08:00,1531.46,1531.65,1531.46,1531.65,0.01,30.17,47354.62,1
2026-01-22,2026-01-22 11:09:00,1531.65,1531.83,1531.65,1531.83,0.01,30.17,47354.62,1
2026-01-22,2026-01-22 11:10:00,1531.83,1532.01,1531.83,1532.01,0.01,30.17,47354.62,1
2026-01-22,2026-01-22 11:11:00,1532.01,1532.19,1532.01,1532.19,0.01,30.17,47354.62,1
2026-01-22,2026-01-22 11:12:00,1532.19,1532.38,1532.19,1532.38,0.01,30.17,47354.62,1
2026-01-22,2026-01-22 11:13:00,1532.38,1532.56,1532.38,1532.56,0.01,30.17,47354.62,1
2026-01-22,2026-01-22 11:14:00,1532.56,1532.74,1532.56,1532.74,0.01,30.17,47354.62,1
2026-01-22,2026-01-22 11:15:00,1532.74,1532.93,1532.74,1532.93,0.01,30.17,47354.62,1
2026-01-22,2026-01-22 11:16:00,1532.93,1533.11,1532.93,1533.11,0.01,30.17,47354.62,1
2026-01-22,2026-01-22 11:17:00,1533.11,1533.29,1533.11,1533.29,0.01,30.17,47354.62,1
2026-01-22,2026-01-22 11:18:00,1533.29,1533.48,1533.29,1533.48,0.01,30.17,47354.62,1
2026-01-22,2026-01-22 11:19:00,1533.48,1533.66,1533.48,1533.66,0.01,30.17,47354.62,1
2026-01-22,2026-01-22 11:20:00,1533.66,1533.84,1533.66,1533.84,0.01,30.17,47354.62,1
2026-01-22,2026-01-22 11:21:00,1533.84,1534.02,1533.84,1534.02,0.01,30.17,47354.62,1
2026-01-22,2026-01-22 11:22:00,1534.02,1534.21,1534.02,1534.21,0.01,30.17,47354.62,1
2026-01-22,2026-01-22 11:23:00,1534.21,1534.39,1534.21,1534.39,0.01,30.17,47354.62,1
2026-01-22,2026-01-22 11:24:00,1534.39,1534.57,1534.39,1534.57,0.01,30.17,47354.62,1
2026-01-22,2026-01-22 11:25:00,1534.57,1534.76,1534.57,1534.76,0.01,30.17,47354.62,1
2026-01-22,2026-01-22 11:26:00,1534.76,1534.94,1534.76,1534.94,0.01,30.17,47354.62,1
2026-01-22,2026-01-22 11:27:00,1534.94,1535.12,1534.94,1535.12,0.01,30.17,47354.62,1
2026-01-22,2026-01-22 11:28:00,1535.12,1535.3,1535.12,1535.3,0.01,30.17,47354.62,1
2026-01-22,2026-01-22 11:29:00,1535.3,1535.49,1535.3,1535.49,0.01,30.17,47354.62,1
2026-01-22,2026-01-22 11:30:00,1535.49,1535.67,1535.49,1535.67,0.01,30.17,47354.62,1
2026-01-22,2026-01-22 11:31:00,1535.67,1535.85,1535.67,1535.85,0.01,30.17,47354.62,1
2026-01-22,2026-01-22 11:32:00,1535.85,1536.04,1535.85,1536.04,0.01,30.17,47354.62,1
2026-01-22,2026-01-22 11:33:00,1536.04,1536.22,1536.04,1536.22,0.01,30.17,47354.62,1
2026-01-22,2026-01-22 11:34:00,1536.22,1536.4,1536.22,1536.4,0.01,30.17,47354.62,1
2026-01-22,2026-01-22 11:35:00,1536.4,1536.59,1536.4,1536.59,0.01,30.17,47354.62,1
2026-01-22,2026-01-22 11:36:00,1536.59,1536.77,1536.59,1536.77,0.01,30.17,47354.62,1
2026-01-22,2026-01-22 11:37:00,1536.77,1536.95,1536.77,1536.95,0.01,30.17,47354.62,1
2026-01-22,2026-01-22 11:38:00,1536.95,1537.13,1536.95,1537.13,0.01,30.17,47354.62,1
2026-01-22,2026-01-22 11:39:00,1537.13,1537.32,1537.13,1537.32,0.01,30.17,47354.62,1
2026-01-22,2026-01-22 11:40:00,1537.32,1537.5,1537.32,1537.5,0.01,30.17,47354.62,1
2026-01-22,2026-01-22 11:41:00,1537.5,1537.68,1537.5,1537.68,0.01,30.17,47354.62,1
2026-01-22,2026-01-22 11:42:00,1537.68,1537.87,1537.68,1537.87,0.01,30.17,47354.62,1
2026-01-22,2026-01-22 11:43:00,1537.87,1538.05,1537.87,1538.05,0.01,30.17,47354.62,1
2026-01-22,2026-01-22 11:44:00,1538.05,1538.23,1538.05,1538.23,0.01,30.17,47354.62,1
2026-01-22,2026-01-22 11:45:00,1538.23,1538.41,1538.23,1538.41,0.01,30.17,47354.62,1
2026-01-22,2026-01-22 11:46:00,1538.41,1538.6,1538.41,1538.6,0.01,30.17,47354.62,1
2026-01-22,2026-01-22 11:47:00,1538.6,1538.78,1538.6,1538.78,0.01,30.17,47354.62,1
2026-01-22,2026-01-22 11:48:00,1538.78,1538.96,1538.78,1538.96,0.01,30.17,47354.62,1
2026-01-22,2026-01-22 11:49:00,1538.96,1539.15,1538.96,1539.15,0.01,30.17,47354.62,1
2026-01-22,2026-01-22 11:50:00,1539.15,1539.33,1539.15,1539.33,0.01,30.17,47354.62,1
2026-01-22,2026-01-22 11:51:00,1539.33,1539.51,1539.33,1539.51,0.01,30.17,47354.62,1
2026-01-22,2026-01-22 11:52:00,1539.51,1539.69,1539.51,1539.69,0.01,30.17,47354.62,1
2026-01-22,2026-01-22 11:53:00,1539.69,1539.88,1539.69,1539.88,0.01,30.17,47354.62,1
2026-01-22,2026-01-22 11:54:00,1539.88,1540.06,1539.88,1540.06,0.01,30.17,47354.62,1
2026-01-22,2026-01-22 11:55:00,1540.06,1540.24,1540.06,1540.24,0.01,30.17,47354.62,1
2026-01-22,2026-01-22 11:56:00,1540.24,1540.43,1540.24,1540.43,0.01,30.17,47354.62,1
2026-01-22,2026-01-22 11:57:00,1540.43,1540.61,1540.43,1540.61,0.01,30.17,47354.62,1
2026-01-22,2026-01-22 11:58:00,1540.61,1540.79,1540.61,1540.79,0.01,30.17,47354.62,1
2026-01-22,2026-01-22 11:59:00,1540.79,1540.97,1540.79,1540.97,0.01,30.17,47354.62,1
2026-01-22,2026-01-22 12:00:00,1540.97,1541.16,1540.97,1541.16,0.01,30.17,47354.62,1
2026-01-22,2026-01-22 12:01:00,1541.16,1541.34,1541.16,1541.34,0.01,30.17,47354.62,1
2026-01-22,2026-01-22 12:02:00,1541.34,1541.52,1541.34,1541.52,0.01,30.17,47354.62,1
2026-01-22,2026-01-22 12:03:00,1541.52,1541.71,1541.52,1541.71,0.01,30.17,47354.62,1
2026-01-22,2026-01-22 12:04:00,1541.71,1541.89,1541.71,1541.89,0.01,30.17,47354.62,1
2026-01-22,2026-01-22 12:05:00,1541.89,1542.07,1541.89,1542.07,0.01,30.17,47354.62,1
2026-01-22,2026-01-22 12:06:00,1542.07,1542.26,1542.07,1542.26,0.01,30.17,47354.62,1
2026-01-22,2026-01-22 12:07:00,1542.26,1542.44,1542.26,1542.44,0.01,30.17,47354.62,1
2026-01-22,2026-01-22 12:08:00,1542.44,1542.62,1542.44,1542.62,0.01,30.17,47354.62,1
2026-01-22,2026-01-22 12:09:00,1542.62,1542.8,1542.62,1542.8,0.01,30.17,47354.62,1
2026-01-22,2026-01-22 12:10:00,1542.8,1542.99,1542.8,1542.99,0.01,30.17,47354.62,1
2026-01-22,2026-01-22 12:11:00,1542.99,1543.17,1542.99,1543.17,0.01,30.17,47354.62,1
2026-01-22,2026-01-22 12:12:00,1543.17,1543.35,1543.17,1543.35,0.01,30.17,47354.62,1
2026-01-22,2026-01-22 12:13:00,1543.35,1543.54,1543.35,1543.54,0.01,30.17,47354.62,1
2026-01-22,2026-01-22 12:14:00,1543.54,1543.72,1543.54,1543.72,0.01,30.17,47354.62,1
2026-01-22,2026-01-22 12:15:00,1543.72,1543.9,1543.72,1543.9,0.01,30.17,47354.62,1
2026-01-22,2026-01-22 12:16:00,1543.9,1544.08,1543.9,1544.08,0.01,30.17,47354.62,1
2026-01-22,2026-01-22 12:17:00,1544.08,1544.27,1544.08,1544.27,0.01,30.17,47354.62,1
2026-01-22,2026-01-22 12:18:00,1544.27,1544.45,1544.27,1544.45,0.01,30.17,47354.62,1
2026-01-22,2026-01-22 12:19:00,1544.45,1544.63,1544.45,1544.63,0.01,30.17,47354.62,1
2026-01-22,2026-01-22 12:20:00,1544.63,1544.82,1544.63,1544.82,0.01,30.17,47354.62,1
2026-01-22,2026-01-22 12:21:00,1544.82,1545.0,1544.82,1545.0,0.01,30.17,47354.62,1
2026-01-22,2026-01-22 12:22:00,1545.0,1545.18,1545.0,1545.18,0.01,30.17,47354.62,1
2026-01-22,2026-01-22 12:23:00,1545.18,1545.37,1545.18,1545.37,0.01,30.17,47354.62,1
2026-01-22,2026-01-22 12:24:00,1545.37,1545.55,1545.37,1545.55,0.01,30.17,47354.62,1
2026-01-22,2026-01-22 12:25:00,1545.55,1545.73,1545.55,1545.73,0.01,30.17,47354.62,1
2026-01-22,2026-01-22 12:26:00,1545.73,1545.91,1545.73,1545.91,0.01,30.17,47354.62,1
2026-01-22,2026-01-22 12:27:00,1545.91,1546.1,1545.91,1546.1,0.01,30.17,47354.62,1
2026-01-22,2026-01-22 12:28:00,1546.1,1546.28,1546.1,1546.28,0.01,30.17,47354.62,1
2026-01-22,2026-01-22 12:29:00,1546.28,1546.46,1546.28,1546.46,0.01,30.17,47354.62,1
2026-01-22,2026-01-22 12:30:00,1546.46,1546.65,1546.46,1546.65,0.01,30.17,47354.62,1
2026-01-22,2026-01-22 12:31:00,1546.65,1546.83,1546.65,1546.83,0.01,30.17,47354.62,1
2026-01-22,2026-01-22 12:32:00,1546.83,1547.01,1546.83,1547.01,0.01,30.17,47354.62,1
2026-01-22,2026-01-22 12:33:00,1547.01,1547.19,1547.01,1547.19,0.01,30.17,47354.62,1
2026-01-22,2026-01-22 12:34:00,1547.19,1547.38,1547.19,1547.38,0.01,30.17,47354.62,1
2026-01-22,2026-01-22 12:35:00,1547.38,1547.56,1547.38,1547.56,0.01,30.17,47354.62,1
2026-01-22,2026-01-22 12:36:00,1547.56,1547.74,1547.56,1547.74,0.01,30.17,47354.62,1
2026-01-22,2026-01-22 12:37:00,1547.74,1547.93,1547.74,1547.93,0.01,30.17,47354.62,1
2026-01-22,2026-01-22 12:38:00,1547.93,1548.11,1547.93,1548.11,0.01,30.17,47354.62,1
2026-01-22,2026-01-22 12:39:00,1548.11,1548.29,1548.11,1548.29,0.01,30.17,47354.62,1
2026-01-22,2026-01-22 12:40:00,1548.29,1548.47,1548.29,1548.47,0.01,30.17,47354.62,1
2026-01-22,2026-01-22 12:41:00,1548.47,1548.66,1548.47,1548.66,0.01,30.17,47354.62,1
2026-01-22,2026-01-22 12:42:00,1548.66,1548.84,1548.66,1548.84,0.01,30.17,47354.62,1
2026-01-22,2026-01-22 12:43:00,1548.84,1549.02,1548.84,1549.02,0.01,30.17,47354.62,1
2026-01-22,2026-01-22 12:44:00,1549.02,1549.21,1549.02,1549.21,0.01,30.17,47354.62,1
2026-01-22,2026-01-22 12:45:00,1549.21,1549.39,1549.21,1549.39,0.01,30.17,47354.62,1
2026-01-22,2026-01-22 12:46:00,1549.39,1549.57,1549.39,1549.57,0.01,30.17,47354.62,1
2026-01-22,2026-01-22 12:47:00,1549.57,1549.76,1549.57,1549.76,0.01,30.17,47354.62,1
2026-01-22,2026-01-22 12:48:00,1549.76,1549.94,1549.76,1549.94,0.01,30.17,47354.62,1
2026-01-22,2026-01-22 12:49:00,1549.94,1550.12,1549.94,1550.12,0.01,30.17,47354.62,1
2026-01-22,2026-01-22 12:50:00,1550.12,1550.3,1550.12,1550.3,0.01,30.17,47354.62,1
2026-01-22,2026-01-22 12:51:00,1550.3,1550.49,1550.3,1550.49,0.01,30.17,47354.62,1
2026-01-22,2026-01-22 12:52:00,1550.49,1550.67,1550.49,1550.67,0.01,30.17,47354.62,1
2026-01-22,2026-01-22 12:53:00,1550.67,1550.85,1550.67,1550.85,0.01,30.17,47354.62,1
2026-01-22,2026-01-22 12:54:00,1550.85,1551.04,1550.85,1551.04,0.01,30.17,47354.62,1
2026-01-22,2026-01-22 12:55:00,1551.04,1551.22,1551.04,1551.22,0.01,30.17,47354.62,1
2026-01-22,2026-01-22 12:56:00,1551.22,1551.4,1551.22,1551.4,0.01,30.17,47354.62,1
2026-01-22,2026-01-22 12:57:00,1551.4,1551.58,1551.4,1551.58,0.01,30.17,47354.62,1
2026-01-22,2026-01-22 12:58:00,1551.58,1551.77,1551.58,1551.77,0.01,30.17,47354.62,1
2026-01-22,2026-01-22 12:59:00,1551.77,1551.95,1551.77,1551.95,0.01,30.17,47354.62,1
2026-01-22,2026-01-22 13:00:00,1551.95,1575.0,1530.0,1552.13,0.01,30.17,47354.62,1
2026-01-22,2026-01-22 13:01:00,1552.13,1552.32,1552.13,1552.32,0.01,30.17,47354.62,1
2026-01-22,2026-01-22 13:02:00,1552.32,1552.5,1552.32,1552.5,0.01,30.17,47354.62,1
2026-01-22,2026-01-22 13:03:00,1552.5,1552.68,1552.5,1552.68,0.01,30.17,47354.62,1
2026-01-22,2026-01-22 13:04:00,1552.68,1552.86,1552.68,1552.86,0.01,30.17,47354.62,1
2026-01-22,2026-01-22 13:05:00,1552.86,1553.05,1552.86,1553.05,0.01,30.17,47354.62,1
2026-01-22,2026-01-22 13:06:00,1553.05,1553.23,1553.05,1553.23,0.01,30.17,47354.62,1
2026-01-22,2026-01-22 13:07:00,1553.23,1553.41,1553.23,1553.41,0.01,30.17,47354.62,1
2026-01-22,2026-01-22 13:08:00,1553.41,1553.6,1553.41,1553.6,0.01,30.17,47354.62,1
2026-01-22,2026-01-22 13:09:00,1553.6,1553.78,1553.6,1553.78,0.01,30.17,47354.62,1
2026-01-22,2026-01-22 13:10:00,1553.78,1553.96,1553.78,1553.96,0.01,30.17,47354.62,1
2026-01-22,2026-01-22 13:11:00,1553.96,1554.14,1553.96,1554.14,0.01,30.17,47354.62,1
2026-01-22,2026-01-22 13:12:00,1554.14,1554.33,1554.14,1554.33,0.01,30.17,47354.62,1
2026-01-22,2026-01-22 13:13:00,1554.33,1554.51,1554.33,1554.51,0.01,30.17,47354.62,1
2026-01-22,2026-01-22 13:14:00,1554.51,1554.69,1554.51,1554.69,0.01,30.17,47354.62,1
2026-01-22,2026-01-22 13:15:00,1554.69,1554.88,1554.69,1554.88,0.01,30.17,47354.62,1
2026-01-22,2026-01-22 13:16:00,1554.88,1555.06,1554.88,1555.06,0.01,30.17,47354.62,1
2026-01-22,2026-01-22 13:17:00,1555.06,1555.24,1555.06,1555.24,0.01,30.17,47354.62,1
2026-01-22,2026-01-22 13:18:00,1555.24,1555.43,1555.24,1555.43,0.01,30.17,47354.62,1
2026-01-22,2026-01-22 13:19:00,1555.43,1555.61,1555.43,1555.61,0.01,30.17,47354.62,1
2026-01-22,2026-01-22 13:20:00,1555.61,1555.79,1555.61,1555.79,0.01,30.17,47354.62,1
2026-01-22,2026-01-22 13:21:00,1555.79,1555.97,1555.79,1555.97,0.01,30.17,47354.62,1
2026-01-22,2026-01-22 13:22:00,1555.97,1556.16,1555.97,1556.16,0.01,30.17,47354.62,1
2026-01-22,2026-01-22 13:23:00,1556.16,1556.34,1556.16,1556.34,0.01,30.17,47354.62,1
2026-01-22,2026-01-22 13:24:00,1556.34,1556.52,1556.34,1556.52,0.01,30.17,47354.62,1
2026-01-22,2026-01-22 13:25:00,1556.52,1556.71,1556.52,1556.71,0.01,30.17,47354.62,1
2026-01-22,2026-01-22 13:26:00,1556.71,1556.89,1556.71,1556.89,0.01,30.17,47354.62,1
2026-01-22,2026-01-22 13:27:00,1556.89,1557.07,1556.89,1557.07,0.01,30.17,47354.62,1
2026-01-22,2026-01-22 13:28:00,1557.07,1557.25,1557.07,1557.25,0.01,30.17,47354.62,1
2026-01-22,2026-01-22 13:29:00,1557.25,1557.44,1557.25,1557.44,0.01,30.17,47354.62,1
2026-01-22,2026-01-22 13:30:00,1557.44,1557.62,1557.44,1557.62,0.01,30.17,47354.62,1
2026-01-22,2026-01-22 13:31:00,1557.62,1557.8,1557.62,1557.8,0.01,30.17,47354.62,1
2026-01-22,2026-01-22 13:32:00,1557.8,1557.99,1557.8,1557.99,0.01,30.17,47354.62,1
2026-01-22,2026-01-22 13:33:00,1557.99,1558.17,1557.99,1558.17,0.01,30.17,47354.62,1
2026-01-22,2026-01-22 13:34:00,1558.17,1558.35,1558.17,1558.35,0.01,30.17,47354.62,1
2026-01-22,2026-01-22 13:35:00,1558.35,1558.54,1558.35,1558.54,0.01,30.17,47354.62,1
2026-01-22,2026-01-22 13:36:00,1558.54,1558.72,1558.54,1558.72,0.01,30.17,47354.62,1
2026-01-22,2026-01-22 13:37:00,1558.72,1558.9,1558.72,1558.9,0.01,30.17,47354.62,1
2026-01-22,2026-01-22 13:38:00,1558.9,1559.08,1558.9,1559.08,0.01,30.17,47354.62,1
2026-01-22,2026-01-22 13:39:00,1559.08,1559.27,1559.08,1559.27,0.01,30.17,47354.62,1
2026-01-22,2026-01-22 13:40:00,1559.27,1559.45,1559.27,1559.45,0.01,30.17,47354.62,1
2026-01-22,2026-01-22 13:41:00,1559.45,1559.63,1559.45,1559.63,0.01,30.17,47354.62,1
2026-01-22,2026-01-22 13:42:00,1559.63,1559.82,1559.63,1559.82,0.01,30.17,47354.62,1
2026-01-22,2026-01-22 13:43:00,1559.82,1560.0,1559.82,1560.0,0.01,30.17,47354.62,1
2026-01-22,2026-01-22 13:44:00,1560.0,1560.18,1560.0,1560.18,0.01,30.17,47354.62,1
2026-01-22,2026-01-22 13:45:00,1560.18,1560.36,1560.18,1560.36,0.01,30.17,47354.62,1
2026-01-22,2026-01-22 13:46:00,1560.36,1560.55,1560.36,1560.55,0.01,30.17,47354.62,1
2026-01-22,2026-01-22 13:47:00,1560.55,1560.73,1560.55,1560.73,0.01,30.17,47354.62,1
2026-01-22,2026-01-22 13:48:00,1560.73,1560.91,1560.73,1560.91,0.01,30.17,47354.62,1
2026-01-22,2026-01-22 13:49:00,1560.91,1561.1,1560.91,1561.1,0.01,30.17,47354.62,1
2026-01-22,2026-01-22 13:50:00,1561.1,1561.28,1561.1,1561.28,0.01,30.17,47354.62,1
2026-01-22,2026-01-22 13:51:00,1561.28,1561.46,1561.28,1561.46,0.01,30.17,47354.62,1
2026-01-22,2026-01-22 13:52:00,1561.46,1561.64,1561.46,1561.64,0.01,30.17,47354.62,1
2026-01-22,2026-01-22 13:53:00,1561.64,1561.83,1561.64,1561.83,0.01,30.17,47354.62,1
2026-01-22,2026-01-22 13:54:00,1561.83,1562.01,1561.83,1562.01,0.01,30.17,47354.62,1
2026-01-22,2026-01-22 13:55:00,1562.01,1562.19,1562.01,1562.19,0.01,30.17,47354.62,1
2026-01-22,2026-01-22 13:56:00,1562.19,1562.38,1562.19,1562.38,0.01,30.17,47354.62,1
2026-01-22,2026-01-22 13:57:00,1562.38,1562.56,1562.38,1562.56,0.01,30.17,47354.62,1
2026-01-22,2026-01-22 13:58:00,1562.56,1562.74,1562.56,1562.74,0.01,30.17,47354.62,1
2026-01-22,2026-01-22 13:59:00,1562.74,1562.93,1562.74,1562.93,0.01,30.17,47354.62,1
2026-01-22,2026-01-22 14:00:00,1562.93,1563.11,1562.93,1563.11,0.01,30.17,47354.62,1
2026-01-22,2026-01-22 14:01:00,1563.11,1563.29,1563.11,1563.29,0.01,30.17,47354.62,1
2026-01-22,2026-01-22 14:02:00,1563.29,1563.47,1563.29,1563.47,0.01,30.17,47354.62,1
2026-01-22,2026-01-22 14:03:00,1563.47,1563.66,1563.47,1563.66,0.01,30.17,47354.62,1
2026-01-22,2026-01-22 14:04:00,1563.66,1563.84,1563.66,1563.84,0.01,30.17,47354.62,1
2026-01-22,2026-01-22 14:05:00,1563.84,1564.02,1563.84,1564.02,0.01,30.17,47354.62,1
2026-01-22,2026-01-22 14:06:00,1564.02,1564.21,1564.02,1564.21,0.01,30.17,47354.62,1
2026-01-22,2026-01-22 14:07:00,1564.21,1564.39,1564.21,1564.39,0.01,30.17,47354.62,1
2026-01-22,2026-01-22 14:08:00,1564.39,1564.57,1564.39,1564.57,0.01,30.17,47354.62,1
2026-01-22,2026-01-22 14:09:00,1564.57,1564.75,1564.57,1564.75,0.01,30.17,47354.62,1
2026-01-22,2026-01-22 14:10:00,1564.75,1564.94,1564.75,1564.94,0.01,30.17,47354.62,1
2026-01-22,2026-01-22 14:11:00,1564.94,1565.12,1564.94,1565.12,0.01,30.17,47354.62,1
2026-01-22,2026-01-22 14:12:00,1565.12,1565.3,1565.12,1565.3,0.01,30.17,47354.62,1
2026-01-22,2026-01-22 14:13:00,1565.3,1565.49,1565.3,1565.49,0.01,30.17,47354.62,1
2026-01-22,2026-01-22 14:14:00,1565.49,1565.67,1565.49,1565.67,0.01,30.17,47354.62,1
2026-01-22,2026-01-22 14:15:00,1565.67,1565.85,1565.67,1565.85,0.01,30.17,47354.62,1
2026-01-22,2026-01-22 14:16:00,1565.85,1566.03,1565.85,1566.03,0.01,30.17,47354.62,1
2026-01-22,2026-01-22 14:17:00,1566.03,1566.22,1566.03,1566.22,0.01,30.17,47354.62,1
2026-01-22,2026-01-22 14:18:00,1566.22,1566.4,1566.22,1566.4,0.01,30.17,47354.62,1
2026-01-22,2026-01-22 14:19:00,1566.4,1566.58,1566.4,1566.58,0.01,30.17,47354.62,1
2026-01-22,2026-01-22 14:20:00,1566.58,1566.77,1566.58,1566.77,0.01,30.17,47354.62,1
2026-01-22,2026-01-22 14:21:00,1566.77,1566.95,1566.77,1566.95,0.01,30.17,47354.62,1
2026-01-22,2026-01-22 14:22:00,1566.95,1567.13,1566.95,1567.13,0.01,30.17,47354.62,1
2026-01-22,2026-01-22 14:23:00,1567.13,1567.32,1567.13,1567.32,0.01,30.17,47354.62,1
2026-01-22,2026-01-22 14:24:00,1567.32,1567.5,1567.32,1567.5,0.01,30.17,47354.62,1
2026-01-22,2026-01-22 14:25:00,1567.5,1567.68,1567.5,1567.68,0.01,30.17,47354.62,1
2026-01-22,2026-01-22 14:26:00,1567.68,1567.86,1567.68,1567.86,0.01,30.17,47354.62,1
2026-01-22,2026-01-22 14:27:00,1567.86,1568.05,1567.86,1568.05,0.01,30.17,47354.62,1
2026-01-22,2026-01-22 14:28:00,1568.05,1568.23,1568.05,1568.23,0.01,30.17,47354.62,1
2026-01-22,2026-01-22 14:29:00,1568.23,1568.41,1568.23,1568.41,0.01,30.17,47354.62,1
2026-01-22,2026-01-22 14:30:00,1568.41,1568.6,1568.41,1568.6,0.01,30.17,47354.62,1
2026-01-22,2026-01-22 14:31:00,1568.6,1568.78,1568.6,1568.78,0.01,30.17,47354.62,1
2026-01-22,2026-01-22 14:32:00,1568.78,1568.96,1568.78,1568.96,0.01,30.17,47354.62,1
2026-01-22,2026-01-22 14:33:00,1568.96,1569.14,1568.96,1569.14,0.01,30.17,47354.62,1
2026-01-22,2026-01-22 14:34:00,1569.14,1569.33,1569.14,1569.33,0.01,30.17,47354.62,1
2026-01-22,2026-01-22 14:35:00,1569.33,1569.51,1569.33,1569.51,0.01,30.17,47354.62,1
2026-01-22,2026-01-22 14:36:00,1569.51,1569.69,1569.51,1569.69,0.01,30.17,47354.62,1
2026-01-22,2026-01-22 14:37:00,1569.69,1569.88,1569.69,1569.88,0.01,30.17,47354.62,1
2026-01-22,2026-01-22 14:38:00,1569.88,1570.06,1569.88,1570.06,0.01,30.17,47354.62,1
2026-01-22,2026-01-22 14:39:00,1570.06,1570.24,1570.06,1570.24,0.01,30.17,47354.62,1
2026-01-22,2026-01-22 14:40:00,1570.24,1570.42,1570.24,1570.42,0.01,30.17,47354.62,1
2026-01-22,2026-01-22 14:41:00,1570.42,1570.61,1570.42,1570.61,0.01,30.17,47354.62,1
2026-01-22,2026-01-22 14:42:00,1570.61,1570.79,1570.61,1570.79,0.01,30.17,47354.62,1
2026-01-22,2026-01-22 14:43:00,1570.79,1570.97,1570.79,1570.97,0.01,30.17,47354.62,1
2026-01-22,2026-01-22 14:44:00,1570.97,1571.16,1570.97,1571.16,0.01,30.17,47354.62,1
2026-01-22,2026-01-22 14:45:00,1571.16,1571.34,1571.16,1571.34,0.01,30.17,47354.62,1
2026-01-22,2026-01-22 14:46:00,1571.34,1571.52,1571.34,1571.52,0.01,30.17,47354.62,1
2026-01-22,2026-01-22 14:47:00,1571.52,1571.71,1571.52,1571.71,0.01,30.17,47354.62,1
2026-01-22,2026-01-22 14:48:00,1571.71,1571.89,1571.71,1571.89,0.01,30.17,47354.62,1
2026-01-22,2026-01-22 14:49:00,1571.89,1572.07,1571.89,1572.07,0.01,30.17,47354.62,1
2026-01-22,2026-01-22 14:50:00,1572.07,1572.25,1572.07,1572.25,0.01,30.17,47354.62,1
2026-01-22,2026-01-22 14:51:00,1572.25,1572.44,1572.25,1572.44,0.01,30.17,47354.62,1
2026-01-22,2026-01-22 14:52:00,1572.44,1572.62,1572.44,1572.62,0.01,30.17,47354.62,1
2026-01-22,2026-01-22 14:53:00,1572.62,1572.8,1572.62,1572.8,0.01,30.17,47354.62,1
2026-01-22,2026-01-22 14:54:00,1572.8,1572.99,1572.8,1572.99,0.01,30.17,47354.62,1
2026-01-22,2026-01-22 14:55:00,1572.99,1573.17,1572.99,1573.17,0.01,30.17,47354.62,1
2026-01-22,2026-01-22 14:56:00,1573.17,1573.35,1573.17,1573.35,0.01,30.17,47354.62,1
2026-01-22,2026-01-22 14:57:00,1573.35,1573.53,1573.35,1573.53,0.01,30.17,47354.62,1
2026-01-22,2026-01-22 14:58:00,1573.53,1573.72,1573.53,1573.72,0.01,30.17,47354.62,1
2026-01-22,2026-01-22 14:59:00,1573.72,1573.9,1573.72,1573.9,0.01,30.17,47354.62,1
2026-01-22,2026-01-22 15:00:00,1573.9,1575.0,1530.0,1573.9,0.0,30.17,47354.62,0
2026-01-25,2026-01-25 11:00:00,1573.9,1585.03,1571.83,1574.01,0.01,39.45,62808.37,1
2026-01-25,2026-01-25 11:01:00,1574.01,1574.12,1574.01,1574.12,0.01,39.45,62808.37,1
2026-01-25,2026-01-25 11:02:00,1574.12,1574.23,1574.12,1574.23,0.01,39.45,62808.37,1
2026-01-25,2026-01-25 11:03:00,1574.23,1574.34,1574.23,1574.34,0.01,39.45,62808.37,1
2026-01-25,2026-01-25 11:04:00,1574.34,1574.44,1574.34,1574.44,0.01,39.45,62808.37,1
2026-01-25,2026-01-25 11:05:00,1574.44,1574.55,1574.44,1574.55,0.01,39.45,62808.37,1
2026-01-25,2026-01-25 11:06:00,1574.55,1574.66,1574.55,1574.66,0.01,39.45,62808.37,1
2026-01-25,2026-01-25 11:07:00,1574.66,1574.77,1574.66,1574.77,0.01,39.45,62808.37,1
2026-01-25,2026-01-25 11:08:00,1574.77,1574.88,1574.77,1574.88,0.01,39.45,62808.37,1
2026-01-25,2026-01-25 11:09:00,1574.88,1574.99,1574.88,1574.99,0.01,39.45,62808.37,1
2026-01-25,2026-01-25 11:10:00,1574.99,1575.1,1574.99,1575.1,0.01,39.45,62808.37,1
2026-01-25,2026-01-25 11:11:00,1575.1,1575.21,1575.1,1575.21,0.01,39.45,62808.37,1
2026-01-25,2026-01-25 11:12:00,1575.21,1575.31,1575.21,1575.31,0.01,39.45,62808.37,1
2026-01-25,2026-01-25 11:13:00,1575.31,1575.42,1575.31,1575.42,0.01,39.45,62808.37,1
2026-01-25,2026-01-25 11:14:00,1575.42,1575.53,1575.42,1575.53,0.01,39.45,62808.37,1
2026-01-25,2026-01-25 11:15:00,1575.53,1575.64,1575.53,1575.64,0.01,39.45,62808.37,1
2026-01-25,2026-01-25 11:16:00,1575.64,1575.75,1575.64,1575.75,0.01,39.45,62808.37,1
2026-01-25,2026-01-25 11:17:00,1575.75,1575.86,1575.75,1575.86,0.01,39.45,62808.37,1
2026-01-25,2026-01-25 11:18:00,1575.86,1575.97,1575.86,1575.97,0.01,39.45,62808.37,1
2026-01-25,2026-01-25 11:19:00,1575.97,1576.08,1575.97,1576.08,0.01,39.45,62808.37,1
2026-01-25,2026-01-25 11:20:00,1576.08,1576.18,1576.08,1576.18,0.01,39.45,62808.37,1
2026-01-25,2026-01-25 11:21:00,1576.18,1576.29,1576.18,1576.29,0.01,39.45,62808.37,1
2026-01-25,2026-01-25 11:22:00,1576.29,1576.4,1576.29,1576.4,0.01,39.45,62808.37,1
2026-01-25,2026-01-25 11:23:00,1576.4,1576.51,1576.4,1576.51,0.01,39.45,62808.37,1
2026-01-25,2026-01-25 11:24:00,1576.51,1576.62,1576.51,1576.62,0.01,39.45,62808.37,1
2026-01-25,2026-01-25 11:25:00,1576.62,1576.73,1576.62,1576.73,0.01,39.45,62808.37,1
2026-01-25,2026-01-25 11:26:00,1576.73,1576.84,1576.73,1576.84,0.01,39.45,62808.37,1
2026-01-25,2026-01-25 11:27:00,1576.84,1576.95,1576.84,1576.95,0.01,39.45,62808.37,1
2026-01-25,2026-01-25 11:28:00,1576.95,1577.05,1576.95,1577.05,0.01,39.45,62808.37,1
2026-01-25,2026-01-25 11:29:00,1577.05,1577.16,1577.05,1577.16,0.01,39.45,62808.37,1
2026-01-25,2026-01-25 11:30:00,1577.16,1577.27,1577.16,1577.27,0.01,39.45,62808.37,1
2026-01-25,2026-01-25 11:31:00,1577.27,1577.38,1577.27,1577.38,0.01,39.45,62808.37,1
2026-01-25,2026-01-25 11:32:00,1577.38,1577.49,1577.38,1577.49,0.01,39.45,62808.37,1
2026-01-25,2026-01-25 11:33:00,1577.49,1577.6,1577.49,1577.6,0.01,39.45,62808.37,1
2026-01-25,2026-01-25 11:34:00,1577.6,1577.71,1577.6,1577.71,0.01,39.45,62808.37,1
2026-01-25,2026-01-25 11:35:00,1577.71,1577.82,1577.71,1577.82,0.01,39.45,62808.37,1
2026-01-25,2026-01-25 11:36:00,1577.82,1577.92,1577.82,1577.92,0.01,39.45,62808.37,1
2026-01-25,2026-01-25 11:37:00,1577.92,1578.03,1577.92,1578.03,0.01,39.45,62808.37,1
2026-01-25,2026-01-25 11:38:00,1578.03,1578.14,1578.03,1578.14,0.01,39.45,62808.37,1
2026-01-25,2026-01-25 11:39:00,1578.14,1578.25,1578.14,1578.25,0.01,39.45,62808.37,1
2026-01-25,2026-01-25 11:40:00,1578.25,1578.36,1578.25,1578.36,0.01,39.45,62808.37,1
2026-01-25,2026-01-25 11:41:00,1578.36,1578.47,1578.36,1578.47,0.01,39.45,62808.37,1
2026-01-25,2026-01-25 11:42:00,1578.47,1578.58,1578.47,1578.58,0.01,39.45,62808.37,1
2026-01-25,2026-01-25 11:43:00,1578.58,1578.69,1578.58,1578.69,0.01,39.45,62808.37,1
2026-01-25,2026-01-25 11:44:00,1578.69,1578.79,1578.69,1578.79,0.01,39.45,62808.37,1
2026-01-25,2026-01-25 11:45:00,1578.79,1578.9,1578.79,1578.9,0.01,39.45,62808.37,1
2026-01-25,2026-01-25 11:46:00,1578.9,1579.01,1578.9,1579.01,0.01,39.45,62808.37,1
2026-01-25,2026-01-25 11:47:00,1579.01,1579.12,1579.01,1579.12,0.01,39.45,62808.37,1
2026-01-25,2026-01-25 11:48:00,1579.12,1579.23,1579.12,1579.23,0.01,39.45,62808.37,1
2026-01-25,2026-01-25 11:49:00,1579.23,1579.34,1579.23,1579.34,0.01,39.45,62808.37,1
2026-01-25,2026-01-25 11:50:00,1579.34,1579.45,1579.34,1579.45,0.01,39.45,62808.37,1
2026-01-25,2026-01-25 11:51:00,1579.45,1579.56,1579.45,1579.56,0.01,39.45,62808.37,1
2026-01-25,2026-01-25 11:52:00,1579.56,1579.66,1579.56,1579.66,0.01,39.45,62808.37,1
2026-01-25,2026-01-25 11:53:00,1579.66,1579.77,1579.66,1579.77,0.01,39.45,62808.37,1
2026-01-25,2026-01-25 11:54:00,1579.77,1579.88,1579.77,1579.88,0.01,39.45,62808.37,1
2026-01-25,2026-01-25 11:55:00,1579.88,1579.99,1579.88,1579.99,0.01,39.45,62808.37,1
2026-01-25,2026-01-25 11:56:00,1579.99,1580.1,1579.99,1580.1,0.01,39.45,62808.37,1
2026-01-25,2026-01-25 11:57:00,1580.1,1580.21,1580.1,1580.21,0.01,39.45,62808.37,1
2026-01-25,2026-01-25 11:58:00,1580.21,1580.32,1580.21,1580.32,0.01,39.45,62808.37,1
2026-01-25,2026-01-25 11:59:00,1580.32,1580.43,1580.32,1580.43,0.01,39.45,62808.37,1
2026-01-25,2026-01-25 12:00:00,1580.43,1580.53,1580.43,1580.53,0.01,39.45,62808.37,1
2026-01-25,2026-01-25 12:01:00,1580.53,1580.64,1580.53,1580.64,0.01,39.45,62808.37,1
2026-01-25,2026-01-25 12:02:00,1580.64,1580.75,1580.64,1580.75,0.01,39.45,62808.37,1
2026-01-25,2026-01-25 12:03:00,1580.75,1580.86,1580.75,1580.86,0.01,39.45,62808.37,1
2026-01-25,2026-01-25 12:04:00,1580.86,1580.97,1580.86,1580.97,0.01,39.45,62808.37,1
2026-01-25,2026-01-25 12:05:00,1580.97,1581.08,1580.97,1581.08,0.01,39.45,62808.37,1
2026-01-25,2026-01-25 12:06:00,1581.08,1581.19,1581.08,1581.19,0.01,39.45,62808.37,1
2026-01-25,2026-01-25 12:07:00,1581.19,1581.3,1581.19,1581.3,0.01,39.45,62808.37,1
2026-01-25,2026-01-25 12:08:00,1581.3,1581.4,1581.3,1581.4,0.01,39.45,62808.37,1
2026-01-25,2026-01-25 12:09:00,1581.4,1581.51,1581.4,1581.51,0.01,39.45,62808.37,1
2026-01-25,2026-01-25 12:10:00,1581.51,1581.62,1581.51,1581.62,0.01,39.45,62808.37,1
2026-01-25,2026-01-25 12:11:00,1581.62,1581.73,1581.62,1581.73,0.01,39.45,62808.37,1
2026-01-25,2026-01-25 12:12:00,1581.73,1581.84,1581.73,1581.84,0.01,39.45,62808.37,1
2026-01-25,2026-01-25 12:13:00,1581.84,1581.95,1581.84,1581.95,0.01,39.45,62808.37,1
2026-01-25,2026-01-25 12:14:00,1581.95,1582.06,1581.95,1582.06,0.01,39.45,62808.37,1
2026-01-25,2026-01-25 12:15:00,1582.06,1582.16,1582.06,1582.16,0.01,39.45,62808.37,1
2026-01-25,2026-01-25 12:16:00,1582.16,1582.27,1582.16,1582.27,0.01,39.45,62808.37,1
2026-01-25,2026-01-25 12:17:00,1582.27,1582.38,1582.27,1582.38,0.01,39.45,62808.37,1
2026-01-25,2026-01-25 12:18:00,1582.38,1582.49,1582.38,1582.49,0.01,39.45,62808.37,1
2026-01-25,2026-01-25 12:19:00,1582.49,1582.6,1582.49,1582.6,0.01,39.45,62808.37,1
2026-01-25,2026-01-25 12:20:00,1582.6,1582.71,1582.6,1582.71,0.01,39.45,62808.37,1
2026-01-25,2026-01-25 12:21:00,1582.71,1582.82,1582.71,1582.82,0.01,39.45,62808.37,1
2026-01-25,2026-01-25 12:22:00,1582.82,1582.93,1582.82,1582.93,0.01,39.45,62808.37,1
2026-01-25,2026-01-25 12:23:00,1582.93,1583.04,1582.93,1583.04,0.01,39.45,62808.37,1
2026-01-25,2026-01-25 12:24:00,1583.04,1583.14,1583.04,1583.14,0.01,39.45,62808.37,1
2026-01-25,2026-01-25 12:25:00,1583.14,1583.25,1583.14,1583.25,0.01,39.45,62808.37,1
2026-01-25,2026-01-25 12:26:00,1583.25,1583.36,1583.25,1583.36,0.01,39.45,62808.37,1
2026-01-25,2026-01-25 12:27:00,1583.36,1583.47,1583.36,1583.47,0.01,39.45,62808.37,1
2026-01-25,2026-01-25 12:28:00,1583.47,1583.58,1583.47,1583.58,0.01,39.45,62808.37,1
2026-01-25,2026-01-25 12:29:00,1583.58,1583.69,1583.58,1583.69,0.01,39.45,62808.37,1
2026-01-25,2026-01-25 12:30:00,1583.69,1583.8,1583.69,1583.8,0.01,39.45,62808.37,1
2026-01-25,2026-01-25 12:31:00,1583.8,1583.9,1583.8,1583.9,0.01,39.45,62808.37,1
2026-01-25,2026-01-25 12:32:00,1583.9,1584.01,1583.9,1584.01,0.01,39.45,62808.37,1
2026-01-25,2026-01-25 12:33:00,1584.01,1584.12,1584.01,1584.12,0.01,39.45,62808.37,1
2026-01-25,2026-01-25 12:34:00,1584.12,1584.23,1584.12,1584.23,0.01,39.45,62808.37,1
2026-01-25,2026-01-25 12:35:00,1584.23,1584.34,1584.23,1584.34,0.01,39.45,62808.37,1
2026-01-25,2026-01-25 12:36:00,1584.34,1584.45,1584.34,1584.45,0.01,39.45,62808.37,1
2026-01-25,2026-01-25 12:37:00,1584.45,1584.56,1584.45,1584.56,0.01,39.45,62808.37,1
2026-01-25,2026-01-25 12:38:00,1584.56,1584.67,1584.56,1584.67,0.01,39.45,62808.37,1
2026-01-25,2026-01-25 12:39:00,1584.67,1584.78,1584.67,1584.78,0.01,39.45,62808.37,1
2026-01-25,2026-01-25 12:40:00,1584.78,1584.88,1584.78,1584.88,0.01,39.45,62808.37,1
2026-01-25,2026-01-25 12:41:00,1584.88,1584.99,1584.88,1584.99,0.01,39.45,62808.37,1
2026-01-25,2026-01-25 12:42:00,1584.99,1585.1,1584.99,1585.1,0.01,39.45,62808.37,1
2026-01-25,2026-01-25 12:43:00,1585.1,1585.21,1585.1,1585.21,0.01,39.45,62808.37,1
2026-01-25,2026-01-25 12:44:00,1585.21,1585.32,1585.21,1585.32,0.01,39.45,62808.37,1
2026-01-25,2026-01-25 12:45:00,1585.32,1585.43,1585.32,1585.43,0.01,39.45,62808.37,1
2026-01-25,2026-01-25 12:46:00,1585.43,1585.54,1585.43,1585.54,0.01,39.45,62808.37,1
2026-01-25,2026-01-25 12:47:00,1585.54,1585.64,1585.54,1585.64,0.01,39.45,62808.37,1
2026-01-25,2026-01-25 12:48:00,1585.64,1585.75,1585.64,1585.75,0.01,39.45,62808.37,1
2026-01-25,2026-01-25 12:49:00,1585.75,1585.86,1585.75,1585.86,0.01,39.45,62808.37,1
2026-01-25,2026-01-25 12:50:00,1585.86,1585.97,1585.86,1585.97,0.01,39.45,62808.37,1
2026-01-25,2026-01-25 12:51:00,1585.97,1586.08,1585.97,1586.08,0.01,39.45,62808.37,1
2026-01-25,2026-01-25 12:52:00,1586.08,1586.19,1586.08,1586.19,0.01,39.45,62808.37,1
2026-01-25,2026-01-25 12:53:00,1586.19,1586.3,1586.19,1586.3,0.01,39.45,62808.37,1
2026-01-25,2026-01-25 12:54:00,1586.3,1586.41,1586.3,1586.41,0.01,39.45,62808.37,1
2026-01-25,2026-01-25 12:55:00,1586.41,1586.52,1586.41,1586.52,0.01,39.45,62808.37,1
2026-01-25,2026-01-25 12:56:00,1586.52,1586.62,1586.52,1586.62,0.01,39.45,62808.37,1
2026-01-25,2026-01-25 12:57:00,1586.62,1586.73,1586.62,1586.73,0.01,39.45,62808.37,1
2026-01-25,2026-01-25 12:58:00,1586.73,1586.84,1586.73,1586.84,0.01,39.45,62808.37,1
2026-01-25,2026-01-25 12:59:00,1586.84,1586.95,1586.84,1586.95,0.01,39.45,62808.37,1
2026-01-25,2026-01-25 13:00:00,1586.95,1611.0,1567.0,1587.06,0.01,39.45,62808.37,1
2026-01-25,2026-01-25 13:01:00,1587.06,1587.17,1587.06,1587.17,0.01,39.45,62808.37,1
2026-01-25,2026-01-25 13:02:00,1587.17,1587.28,1587.17,1587.28,0.01,39.45,62808.37,1
2026-01-25,2026-01-25 13:03:00,1587.28,1587.38,1587.28,1587.38,0.01,39.45,62808.37,1
2026-01-25,2026-01-25 13:04:00,1587.38,1587.49,1587.38,1587.49,0.01,39.45,62808.37,1
2026-01-25,2026-01-25 13:05:00,1587.49,1587.6,1587.49,1587.6,0.01,39.45,62808.37,1
2026-01-25,2026-01-25 13:06:00,1587.6,1587.71,1587.6,1587.71,0.01,39.45,62808.37,1
2026-01-25,2026-01-25 13:07:00,1587.71,1587.82,1587.71,1587.82,0.01,39.45,62808.37,1
2026-01-25,2026-01-25 13:08:00,1587.82,1587.93,1587.82,1587.93,0.01,39.45,62808.37,1
2026-01-25,2026-01-25 13:09:00,1587.93,1588.04,1587.93,1588.04,0.01,39.45,62808.37,1
2026-01-25,2026-01-25 13:10:00,1588.04,1588.15,1588.04,1588.15,0.01,39.45,62808.37,1
2026-01-25,2026-01-25 13:11:00,1588.15,1588.26,1588.15,1588.26,0.01,39.45,62808.37,1
2026-01-25,2026-01-25 13:12:00,1588.26,1588.36,1588.26,1588.36,0.01,39.45,62808.37,1
2026-01-25,2026-01-25 13:13:00,1588.36,1588.47,1588.36,1588.47,0.01,39.45,62808.37,1
2026-01-25,2026-01-25 13:14:00,1588.47,1588.58,1588.47,1588.58,0.01,39.45,62808.37,1
2026-01-25,2026-01-25 13:15:00,1588.58,1588.69,1588.58,1588.69,0.01,39.45,62808.37,1
2026-01-25,2026-01-25 13:16:00,1588.69,1588.8,1588.69,1588.8,0.01,39.45,62808.37,1
2026-01-25,2026-01-25 13:17:00,1588.8,1588.91,1588.8,1588.91,0.01,39.45,62808.37,1
2026-01-25,2026-01-25 13:18:00,1588.91,1589.02,1588.91,1589.02,0.01,39.45,62808.37,1
2026-01-25,2026-01-25 13:19:00,1589.02,1589.12,1589.02,1589.12,0.01,39.45,62808.37,1
2026-01-25,2026-01-25 13:20:00,1589.12,1589.23,1589.12,1589.23,0.01,39.45,62808.37,1
2026-01-25,2026-01-25 13:21:00,1589.23,1589.34,1589.23,1589.34,0.01,39.45,62808.37,1
2026-01-25,2026-01-25 13:22:00,1589.34,1589.45,1589.34,1589.45,0.01,39.45,62808.37,1
2026-01-25,2026-01-25 13:23:00,1589.45,1589.56,1589.45,1589.56,0.01,39.45,62808.37,1
2026-01-25,2026-01-25 13:24:00,1589.56,1589.67,1589.56,1589.67,0.01,39.45,62808.37,1
2026-01-25,2026-01-25 13:25:00,1589.67,1589.78,1589.67,1589.78,0.01,39.45,62808.37,1
2026-01-25,2026-01-25 13:26:00,1589.78,1589.89,1589.78,1589.89,0.01,39.45,62808.37,1
2026-01-25,2026-01-25 13:27:00,1589.89,1590.0,1589.89,1590.0,0.01,39.45,62808.37,1
2026-01-25,2026-01-25 13:28:00,1590.0,1590.1,1590.0,1590.1,0.01,39.45,62808.37,1
2026-01-25,2026-01-25 13:29:00,1590.1,1590.21,1590.1,1590.21,0.01,39.45,62808.37,1
2026-01-25,2026-01-25 13:30:00,1590.21,1590.32,1590.21,1590.32,0.01,39.45,62808.37,1
2026-01-25,2026-01-25 13:31:00,1590.32,1590.43,1590.32,1590.43,0.01,39.45,62808.37,1
2026-01-25,2026-01-25 13:32:00,1590.43,1590.54,1590.43,1590.54,0.01,39.45,62808.37,1
2026-01-25,2026-01-25 13:33:00,1590.54,1590.65,1590.54,1590.65,0.01,39.45,62808.37,1
2026-01-25,2026-01-25 13:34:00,1590.65,1590.76,1590.65,1590.76,0.01,39.45,62808.37,1
2026-01-25,2026-01-25 13:35:00,1590.76,1590.87,1590.76,1590.87,0.01,39.45,62808.37,1
2026-01-25,2026-01-25 13:36:00,1590.87,1590.97,1590.87,1590.97,0.01,39.45,62808.37,1
2026-01-25,2026-01-25 13:37:00,1590.97,1591.08,1590.97,1591.08,0.01,39.45,62808.37,1
2026-01-25,2026-01-25 13:38:00,1591.08,1591.19,1591.08,1591.19,0.01,39.45,62808.37,1
2026-01-25,2026-01-25 13:39:00,1591.19,1591.3,1591.19,1591.3,0.01,39.45,62808.37,1
2026-01-25,2026-01-25 13:40:00,1591.3,1591.41,1591.3,1591.41,0.01,39.45,62808.37,1
2026-01-25,2026-01-25 13:41:00,1591.41,1591.52,1591.41,1591.52,0.01,39.45,62808.37,1
2026-01-25,2026-01-25 13:42:00,1591.52,1591.63,1591.52,1591.63,0.01,39.45,62808.37,1
2026-01-25,2026-01-25 13:43:00,1591.63,1591.74,1591.63,1591.74,0.01,39.45,62808.37,1
2026-01-25,2026-01-25 13:44:00,1591.74,1591.84,1591.74,1591.84,0.01,39.45,62808.37,1
2026-01-25,2026-01-25 13:45:00,1591.84,1591.95,1591.84,1591.95,0.01,39.45,62808.37,1
2026-01-25,2026-01-25 13:46:00,1591.95,1592.06,1591.95,1592.06,0.01,39.45,62808.37,1
2026-01-25,2026-01-25 13:47:00,1592.06,1592.17,1592.06,1592.17,0.01,39.45,62808.37,1
2026-01-25,2026-01-25 13:48:00,1592.17,1592.28,1592.17,1592.28,0.01,39.45,62808.37,1
2026-01-25,2026-01-25 13:49:00,1592.28,1592.39,1592.28,1592.39,0.01,39.45,62808.37,1
2026-01-25,2026-01-25 13:50:00,1592.39,1592.5,1592.39,1592.5,0.01,39.45,62808.37,1
2026-01-25,2026-01-25 13:51:00,1592.5,1592.61,1592.5,1592.61,0.01,39.45,62808.37,1
2026-01-25,2026-01-25 13:52:00,1592.61,1592.71,1592.61,1592.71,0.01,39.45,62808.37,1
2026-01-25,2026-01-25 13:53:00,1592.71,1592.82,1592.71,1592.82,0.01,39.45,62808.37,1
2026-01-25,2026-01-25 13:54:00,1592.82,1592.93,1592.82,1592.93,0.01,39.45,62808.37,1
2026-01-25,2026-01-25 13:55:00,1592.93,1593.04,1592.93,1593.04,0.01,39.45,62808.37,1
2026-01-25,2026-01-25 13:56:00,1593.04,1593.15,1593.04,1593.15,0.01,39.45,62808.37,1
2026-01-25,2026-01-25 13:57:00,1593.15,1593.26,1593.15,1593.26,0.01,39.45,62808.37,1
2026-01-25,2026-01-25 13:58:00,1593.26,1593.37,1593.26,1593.37,0.01,39.45,62808.37,1
2026-01-25,2026-01-25 13:59:00,1593.37,1593.47,1593.37,1593.47,0.01,39.45,62808.37,1
2026-01-25,2026-01-25 14:00:00,1593.47,1593.58,1593.47,1593.58,0.01,39.45,62808.37,1
2026-01-25,2026-01-25 14:01:00,1593.58,1593.69,1593.58,1593.69,0.01,39.45,62808.37,1
2026-01-25,2026-01-25 14:02:00,1593.69,1593.8,1593.69,1593.8,0.01,39.45,62808.37,1
2026-01-25,2026-01-25 14:03:00,1593.8,1593.91,1593.8,1593.91,0.01,39.45,62808.37,1
2026-01-25,2026-01-25 14:04:00,1593.91,1594.02,1593.91,1594.02,0.01,39.45,62808.37,1
2026-01-25,2026-01-25 14:05:00,1594.02,1594.13,1594.02,1594.13,0.01,39.45,62808.37,1
2026-01-25,2026-01-25 14:06:00,1594.13,1594.24,1594.13,1594.24,0.01,39.45,62808.37,1
2026-01-25,2026-01-25 14:07:00,1594.24,1594.35,1594.24,1594.35,0.01,39.45,62808.37,1
2026-01-25,2026-01-25 14:08:00,1594.35,1594.45,1594.35,1594.45,0.01,39.45,62808.37,1
2026-01-25,2026-01-25 14:09:00,1594.45,1594.56,1594.45,1594.56,0.01,39.45,62808.37,1
2026-01-25,2026-01-25 14:10:00,1594.56,1594.67,1594.56,1594.67,0.01,39.45,62808.37,1
2026-01-25,2026-01-25 14:11:00,1594.67,1594.78,1594.67,1594.78,0.01,39.45,62808.37,1
2026-01-25,2026-01-25 14:12:00,1594.78,1594.89,1594.78,1594.89,0.01,39.45,62808.37,1
2026-01-25,2026-01-25 14:13:00,1594.89,1595.0,1594.89,1595.0,0.01,39.45,62808.37,1
2026-01-25,2026-01-25 14:14:00,1595.0,1595.11,1595.0,1595.11,0.01,39.45,62808.37,1
2026-01-25,2026-01-25 14:15:00,1595.11,1595.21,1595.11,1595.21,0.01,39.45,62808.37,1
2026-01-25,2026-01-25 14:16:00,1595.21,1595.32,1595.21,1595.32,0.01,39.45,62808.37,1
2026-01-25,2026-01-25 14:17:00,1595.32,1595.43,1595.32,1595.43,0.01,39.45,62808.37,1
2026-01-25,2026-01-25 14:18:00,1595.43,1595.54,1595.43,1595.54,0.01,39.45,62808.37,1
2026-01-25,2026-01-25 14:19:00,1595.54,1595.65,1595.54,1595.65,0.01,39.45,62808.37,1
2026-01-25,2026-01-25 14:20:00,1595.65,1595.76,1595.65,1595.76,0.01,39.45,62808.37,1
2026-01-25,2026-01-25 14:21:00,1595.76,1595.87,1595.76,1595.87,0.01,39.45,62808.37,1
2026-01-25,2026-01-25 14:22:00,1595.87,1595.98,1595.87,1595.98,0.01,39.45,62808.37,1
2026-01-25,2026-01-25 14:23:00,1595.98,1596.09,1595.98,1596.09,0.01,39.45,62808.37,1
2026-01-25,2026-01-25 14:24:00,1596.09,1596.19,1596.09,1596.19,0.01,39.45,62808.37,1
2026-01-25,2026-01-25 14:25:00,1596.19,1596.3,1596.19,1596.3,0.01,39.45,62808.37,1
2026-01-25,2026-01-25 14:26:00,1596.3,1596.41,1596.3,1596.41,0.01,39.45,62808.37,1
2026-01-25,2026-01-25 14:27:00,1596.41,1596.52,1596.41,1596.52,0.01,39.45,62808.37,1
2026-01-25,2026-01-25 14:28:00,1596.52,1596.63,1596.52,1596.63,0.01,39.45,62808.37,1
2026-01-25,2026-01-25 14:29:00,1596.63,1596.74,1596.63,1596.74,0.01,39.45,62808.37,1
2026-01-25,2026-01-25 14:30:00,1596.74,1596.85,1596.74,1596.85,0.01,39.45,62808.37,1
2026-01-25,2026-01-25 14:31:00,1596.85,1596.95,1596.85,1596.95,0.01,39.45,62808.37,1
2026-01-25,2026-01-25 14:32:00,1596.95,1597.06,1596.95,1597.06,0.01,39.45,62808.37,1
2026-01-25,2026-01-25 14:33:00,1597.06,1597.17,1597.06,1597.17,0.01,39.45,62808.37,1
2026-01-25,2026-01-25 14:34:00,1597.17,1597.28,1597.17,1597.28,0.01,39.45,62808.37,1
2026-01-25,2026-01-25 14:35:00,1597.28,1597.39,1597.28,1597.39,0.01,39.45,62808.37,1
2026-01-25,2026-01-25 14:36:00,1597.39,1597.5,1597.39,1597.5,0.01,39.45,62808.37,1
2026-01-25,2026-01-25 14:37:00,1597.5,1597.61,1597.5,1597.61,0.01,39.45,62808.37,1
2026-01-25,2026-01-25 14:38:00,1597.61,1597.72,1597.61,1597.72,0.01,39.45,62808.37,1
2026-01-25,2026-01-25 14:39:00,1597.72,1597.83,1597.72,1597.83,0.01,39.45,62808.37,1
2026-01-25,2026-01-25 14:40:00,1597.83,1597.93,1597.83,1597.93,0.01,39.45,62808.37,1
2026-01-25,2026-01-25 14:41:00,1597.93,1598.04,1597.93,1598.04,0.01,39.45,62808.37,1
2026-01-25,2026-01-25 14:42:00,1598.04,1598.15,1598.04,1598.15,0.01,39.45,62808.37,1
2026-01-25,2026-01-25 14:43:00,1598.15,1598.26,1598.15,1598.26,0.01,39.45,62808.37,1
2026-01-25,2026-01-25 14:44:00,1598.26,1598.37,1598.26,1598.37,0.01,39.45,62808.37,1
2026-01-25,2026-01-25 14:45:00,1598.37,1598.48,1598.37,1598.48,0.01,39.45,62808.37,1
2026-01-25,2026-01-25 14:46:00,1598.48,1598.59,1598.48,1598.59,0.01,39.45,62808.37,1
2026-01-25,2026-01-25 14:47:00,1598.59,1598.69,1598.59,1598.69,0.01,39.45,62808.37,1
2026-01-25,2026-01-25 14:48:00,1598.69,1598.8,1598.69,1598.8,0.01,39.45,62808.37,1
2026-01-25,2026-01-25 14:49:00,1598.8,1598.91,1598.8,1598.91,0.01,39.45,62808.37,1
2026-01-25,2026-01-25 14:50:00,1598.91,1599.02,1598.91,1599.02,0.01,39.45,62808.37,1
2026-01-25,2026-01-25 14:51:00,1599.02,1599.13,1599.02,1599.13,0.01,39.45,62808.37,1
2026-01-25,2026-01-25 14:52:00,1599.13,1599.24,1599.13,1599.24,0.01,39.45,62808.37,1
2026-01-25,2026-01-25 14:53:00,1599.24,1599.35,1599.24,1599.35,0.01,39.45,62808.37,1
2026-01-25,2026-01-25 14:54:00,1599.35,1599.46,1599.35,1599.46,0.01,39.45,62808.37,1
2026-01-25,2026-01-25 14:55:00,1599.46,1599.57,1599.46,1599.57,0.01,39.45,62808.37,1
2026-01-25,2026-01-25 14:56:00,1599.57,1599.67,1599.57,1599.67,0.01,39.45,62808.37,1
2026-01-25,2026-01-25 14:57:00,1599.67,1599.78,1599.67,1599.78,0.01,39.45,62808.37,1
2026-01-25,2026-01-25 14:58:00,1599.78,1599.89,1599.78,1599.89,0.01,39.45,62808.37,1
2026-01-25,2026-01-25 14:59:00,1599.89,1600.0,1599.89,1600.0,0.01,39.45,62808.37,1
2026-01-25,2026-01-25 15:00:00,1600.0,1611.0,1567.0,1600.0,0.0,39.45,62808.37,0
2026-01-26,2026-01-26 11:00:00,1599.0,1599.0,1592.43,1598.92,-0.01,13.08,20660.28,-1
2026-01-26,2026-01-26 11:01:00,1598.92,1598.92,1598.84,1598.84,-0.01,13.08,20660.28,-1
2026-01-26,2026-01-26 11:02:00,1598.84,1598.84,1598.76,1598.76,-0.01,13.08,20660.28,-1
2026-01-26,2026-01-26 11:03:00,1598.76,1598.76,1598.68,1598.68,-0.01,13.08,20660.28,-1
2026-01-26,2026-01-26 11:04:00,1598.68,1598.68,1598.6,1598.6,-0.01,13.08,20660.28,-1
2026-01-26,2026-01-26 11:05:00,1598.6,1598.6,1598.53,1598.53,-0.0,13.08,20660.28,-1
2026-01-26,2026-01-26 11:06:00,1598.53,1598.53,1598.45,1598.45,-0.01,13.08,20660.28,-1
2026-01-26,2026-01-26 11:07:00,1598.45,1598.45,1598.37,1598.37,-0.01,13.08,20660.28,-1
2026-01-26,2026-01-26 11:08:00,1598.37,1598.37,1598.29,1598.29,-0.01,13.08,20660.28,-1
2026-01-26,2026-01-26 11:09:00,1598.29,1598.29,1598.21,1598.21,-0.01,13.08,20660.28,-1
2026-01-26,2026-01-26 11:10:00,1598.21,1598.21,1598.13,1598.13,-0.01,13.08,20660.28,-1
2026-01-26,2026-01-26 11:11:00,1598.13,1598.13,1598.05,1598.05,-0.01,13.08,20660.28,-1
2026-01-26,2026-01-26 11:12:00,1598.05,1598.05,1597.97,1597.97,-0.01,13.08,20660.28,-1
2026-01-26,2026-01-26 11:13:00,1597.97,1597.97,1597.89,1597.89,-0.01,13.08,20660.28,-1
2026-01-26,2026-01-26 11:14:00,1597.89,1597.89,1597.81,1597.81,-0.01,13.08,20660.28,-1
2026-01-26,2026-01-26 11:15:00,1597.81,1597.81,1597.73,1597.73,-0.01,13.08,20660.28,-1
2026-01-26,2026-01-26 11:16:00,1597.73,1597.73,1597.65,1597.65,-0.01,13.08,20660.28,-1
2026-01-26,2026-01-26 11:17:00,1597.65,1597.65,1597.58,1597.58,-0.0,13.08,20660.28,-1
2026-01-26,2026-01-26 11:18:00,1597.58,1597.58,1597.5,1597.5,-0.01,13.08,20660.28,-1
2026-01-26,2026-01-26 11:19:00,1597.5,1597.5,1597.42,1597.42,-0.01,13.08,20660.28,-1
2026-01-26,2026-01-26 11:20:00,1597.42,1597.42,1597.34,1597.34,-0.01,13.08,20660.28,-1
2026-01-26,2026-01-26 11:21:00,1597.34,1597.34,1597.26,1597.26,-0.01,13.08,20660.28,-1
2026-01-26,2026-01-26 11:22:00,1597.26,1597.26,1597.18,1597.18,-0.01,13.08,20660.28,-1
2026-01-26,2026-01-26 11:23:00,1597.18,1597.18,1597.1,1597.1,-0.01,13.08,20660.28,-1
2026-01-26,2026-01-26 11:24:00,1597.1,1597.1,1597.02,1597.02,-0.01,13.08,20660.28,-1
2026-01-26,2026-01-26 11:25:00,1597.02,1597.02,1596.94,1596.94,-0.01,13.08,20660.28,-1
2026-01-26,2026-01-26 11:26:00,1596.94,1596.94,1596.86,1596.86,-0.01,13.08,20660.28,-1
2026-01-26,2026-01-26 11:27:00,1596.86,1596.86,1596.78,1596.78,-0.01,13.08,20660.28,-1
2026-01-26,2026-01-26 11:28:00,1596.78,1596.78,1596.7,1596.7,-0.01,13.08,20660.28,-1
2026-01-26,2026-01-26 11:29:00,1596.7,1596.7,1596.62,1596.62,-0.01,13.08,20660.28,-1
2026-01-26,2026-01-26 11:30:00,1596.62,1596.62,1596.55,1596.55,-0.0,13.08,20660.28,-1
2026-01-26,2026-01-26 11:31:00,1596.55,1596.55,1596.47,1596.47,-0.01,13.08,20660.28,-1
2026-01-26,2026-01-26 11:32:00,1596.47,1596.47,1596.39,1596.39,-0.01,13.08,20660.28,-1
2026-01-26,2026-01-26 11:33:00,1596.39,1596.39,1596.31,1596.31,-0.01,13.08,20660.28,-1
2026-01-26,2026-01-26 11:34:00,1596.31,1596.31,1596.23,1596.23,-0.01,13.08,20660.28,-1
2026-01-26,2026-01-26 11:35:00,1596.23,1596.23,1596.15,1596.15,-0.01,13.08,20660.28,-1
2026-01-26,2026-01-26 11:36:00,1596.15,1596.15,1596.07,1596.07,-0.01,13.08,20660.28,-1
2026-01-26,2026-01-26 11:37:00,1596.07,1596.07,1595.99,1595.99,-0.01,13.08,20660.28,-1
2026-01-26,2026-01-26 11:38:00,1595.99,1595.99,1595.91,1595.91,-0.01,13.08,20660.28,-1
2026-01-26,2026-01-26 11:39:00,1595.91,1595.91,1595.83,1595.83,-0.01,13.08,20660.28,-1
2026-01-26,2026-01-26 11:40:00,1595.83,1595.83,1595.75,1595.75,-0.01,13.08,20660.28,-1
2026-01-26,2026-01-26 11:41:00,1595.75,1595.75,1595.67,1595.67,-0.01,13.08,20660.28,-1
2026-01-26,2026-01-26 11:42:00,1595.67,1595.67,1595.6,1595.6,-0.0,13.08,20660.28,-1
2026-01-26,2026-01-26 11:43:00,1595.6,1595.6,1595.52,1595.52,-0.01,13.08,20660.28,-1
2026-01-26,2026-01-26 11:44:00,1595.52,1595.52,1595.44,1595.44,-0.01,13.08,20660.28,-1
2026-01-26,2026-01-26 11:45:00,1595.44,1595.44,1595.36,1595.36,-0.01,13.08,20660.28,-1
2026-01-26,2026-01-26 11:46:00,1595.36,1595.36,1595.28,1595.28,-0.01,13.08,20660.28,-1
2026-01-26,2026-01-26 11:47:00,1595.28,1595.28,1595.2,1595.2,-0.01,13.08,20660.28,-1
2026-01-26,2026-01-26 11:48:00,1595.2,1595.2,1595.12,1595.12,-0.01,13.08,20660.28,-1
2026-01-26,2026-01-26 11:49:00,1595.12,1595.12,1595.04,1595.04,-0.01,13.08,20660.28,-1
2026-01-26,2026-01-26 11:50:00,1595.04,1595.04,1594.96,1594.96,-0.01,13.08,20660.28,-1
2026-01-26,2026-01-26 11:51:00,1594.96,1594.96,1594.88,1594.88,-0.01,13.08,20660.28,-1
2026-01-26,2026-01-26 11:52:00,1594.88,1594.88,1594.8,1594.8,-0.01,13.08,20660.28,-1
2026-01-26,2026-01-26 11:53:00,1594.8,1594.8,1594.72,1594.72,-0.01,13.08,20660.28,-1
2026-01-26,2026-01-26 11:54:00,1594.72,1594.72,1594.65,1594.65,-0.0,13.08,20660.28,-1
2026-01-26,2026-01-26 11:55:00,1594.65,1594.65,1594.57,1594.57,-0.01,13.08,20660.28,-1
2026-01-26,2026-01-26 11:56:00,1594.57,1594.57,1594.49,1594.49,-0.01,13.08,20660.28,-1
2026-01-26,2026-01-26 11:57:00,1594.49,1594.49,1594.41,1594.41,-0.01,13.08,20660.28,-1
2026-01-26,2026-01-26 11:58:00,1594.41,1594.41,1594.33,1594.33,-0.01,13.08,20660.28,-1
2026-01-26,2026-01-26 11:59:00,1594.33,1594.33,1594.25,1594.25,-0.01,13.08,20660.28,-1
2026-01-26,2026-01-26 12:00:00,1594.25,1594.25,1594.17,1594.17,-0.01,13.08,20660.28,-1
2026-01-26,2026-01-26 12:01:00,1594.17,1594.17,1594.09,1594.09,-0.01,13.08,20660.28,-1
2026-01-26,2026-01-26 12:02:00,1594.09,1594.09,1594.01,1594.01,-0.01,13.08,20660.28,-1
2026-01-26,2026-01-26 12:03:00,1594.01,1594.01,1593.93,1593.93,-0.01,13.08,20660.28,-1
2026-01-26,2026-01-26 12:04:00,1593.93,1593.93,1593.85,1593.85,-0.01,13.08,20660.28,-1
2026-01-26,2026-01-26 12:05:00,1593.85,1593.85,1593.78,1593.78,-0.0,13.08,20660.28,-1
2026-01-26,2026-01-26 12:06:00,1593.78,1593.78,1593.7,1593.7,-0.01,13.08,20660.28,-1
2026-01-26,2026-01-26 12:07:00,1593.7,1593.7,1593.62,1593.62,-0.01,13.08,20660.28,-1
2026-01-26,2026-01-26 12:08:00,1593.62,1593.62,1593.54,1593.54,-0.01,13.08,20660.28,-1
2026-01-26,2026-01-26 12:09:00,1593.54,1593.54,1593.46,1593.46,-0.01,13.08,20660.28,-1
2026-01-26,2026-01-26 12:10:00,1593.46,1593.46,1593.38,1593.38,-0.01,13.08,20660.28,-1
2026-01-26,2026-01-26 12:11:00,1593.38,1593.38,1593.3,1593.3,-0.01,13.08,20660.28,-1
2026-01-26,2026-01-26 12:12:00,1593.3,1593.3,1593.22,1593.22,-0.01,13.08,20660.28,-1
2026-01-26,2026-01-26 12:13:00,1593.22,1593.22,1593.14,1593.14,-0.01,13.08,20660.28,-1
2026-01-26,2026-01-26 12:14:00,1593.14,1593.14,1593.06,1593.06,-0.01,13.08,20660.28,-1
2026-01-26,2026-01-26 12:15:00,1593.06,1593.06,1592.98,1592.98,-0.01,13.08,20660.28,-1
2026-01-26,2026-01-26 12:16:00,1592.98,1592.98,1592.9,1592.9,-0.01,13.08,20660.28,-1
2026-01-26,2026-01-26 12:17:00,1592.9,1592.9,1592.83,1592.83,-0.0,13.08,20660.28,-1
2026-01-26,2026-01-26 12:18:00,1592.83,1592.83,1592.75,1592.75,-0.01,13.08,20660.28,-1
2026-01-26,2026-01-26 12:19:00,1592.75,1592.75,1592.67,1592.67,-0.01,13.08,20660.28,-1
2026-01-26,2026-01-26 12:20:00,1592.67,1592.67,1592.59,1592.59,-0.01,13.08,20660.28,-1
2026-01-26,2026-01-26 12:21:00,1592.59,1592.59,1592.51,1592.51,-0.01,13.08,20660.28,-1
2026-01-26,2026-01-26 12:22:00,1592.51,1592.51,1592.43,1592.43,-0.01,13.08,20660.28,-1
2026-01-26,2026-01-26 12:23:00,1592.43,1592.43,1592.35,1592.35,-0.01,13.08,20660.28,-1
2026-01-26,2026-01-26 12:24:00,1592.35,1592.35,1592.27,1592.27,-0.01,13.08,20660.28,-1
2026-01-26,2026-01-26 12:25:00,1592.27,1592.27,1592.19,1592.19,-0.01,13.08,20660.28,-1
2026-01-26,2026-01-26 12:26:00,1592.19,1592.19,1592.11,1592.11,-0.01,13.08,20660.28,-1
2026-01-26,2026-01-26 12:27:00,1592.11,1592.11,1592.03,1592.03,-0.01,13.08,20660.28,-1
2026-01-26,2026-01-26 12:28:00,1592.03,1592.03,1591.95,1591.95,-0.01,13.08,20660.28,-1
2026-01-26,2026-01-26 12:29:00,1591.95,1591.95,1591.88,1591.88,-0.0,13.08,20660.28,-1
2026-01-26,2026-01-26 12:30:00,1591.88,1591.88,1591.8,1591.8,-0.01,13.08,20660.28,-1
2026-01-26,2026-01-26 12:31:00,1591.8,1591.8,1591.72,1591.72,-0.01,13.08,20660.28,-1
2026-01-26,2026-01-26 12:32:00,1591.72,1591.72,1591.64,1591.64,-0.01,13.08,20660.28,-1
2026-01-26,2026-01-26 12:33:00,1591.64,1591.64,1591.56,1591.56,-0.01,13.08,20660.28,-1
2026-01-26,2026-01-26 12:34:00,1591.56,1591.56,1591.48,1591.48,-0.01,13.08,20660.28,-1
2026-01-26,2026-01-26 12:35:00,1591.48,1591.48,1591.4,1591.4,-0.01,13.08,20660.28,-1
2026-01-26,2026-01-26 12:36:00,1591.4,1591.4,1591.32,1591.32,-0.01,13.08,20660.28,-1
2026-01-26,2026-01-26 12:37:00,1591.32,1591.32,1591.24,1591.24,-0.01,13.08,20660.28,-1
2026-01-26,2026-01-26 12:38:00,1591.24,1591.24,1591.16,1591.16,-0.01,13.08,20660.28,-1
2026-01-26,2026-01-26 12:39:00,1591.16,1591.16,1591.08,1591.08,-0.01,13.08,20660.28,-1
2026-01-26,2026-01-26 12:40:00,1591.08,1591.08,1591.0,1591.0,-0.01,13.08,20660.28,-1
2026-01-26,2026-01-26 12:41:00,1591.0,1591.0,1590.92,1590.92,-0.01,13.08,20660.28,-1
2026-01-26,2026-01-26 12:42:00,1590.92,1590.92,1590.85,1590.85,-0.0,13.08,20660.28,-1
2026-01-26,2026-01-26 12:43:00,1590.85,1590.85,1590.77,1590.77,-0.01,13.08,20660.28,-1
2026-01-26,2026-01-26 12:44:00,1590.77,1590.77,1590.69,1590.69,-0.01,13.08,20660.28,-1
2026-01-26,2026-01-26 12:45:00,1590.69,1590.69,1590.61,1590.61,-0.01,13.08,20660.28,-1
2026-01-26,2026-01-26 12:46:00,1590.61,1590.61,1590.53,1590.53,-0.01,13.08,20660.28,-1
2026-01-26,2026-01-26 12:47:00,1590.53,1590.53,1590.45,1590.45,-0.01,13.08,20660.28,-1
2026-01-26,2026-01-26 12:48:00,1590.45,1590.45,1590.37,1590.37,-0.01,13.08,20660.28,-1
2026-01-26,2026-01-26 12:49:00,1590.37,1590.37,1590.29,1590.29,-0.01,13.08,20660.28,-1
2026-01-26,2026-01-26 12:50:00,1590.29,1590.29,1590.21,1590.21,-0.01,13.08,20660.28,-1
2026-01-26,2026-01-26 12:51:00,1590.21,1590.21,1590.13,1590.13,-0.01,13.08,20660.28,-1
2026-01-26,2026-01-26 12:52:00,1590.13,1590.13,1590.05,1590.05,-0.01,13.08,20660.28,-1
2026-01-26,2026-01-26 12:53:00,1590.05,1590.05,1589.97,1589.97,-0.01,13.08,20660.28,-1
2026-01-26,2026-01-26 12:54:00,1589.97,1589.97,1589.9,1589.9,-0.0,13.08,20660.28,-1
2026-01-26,2026-01-26 12:55:00,1589.9,1589.9,1589.82,1589.82,-0.01,13.08,20660.28,-1
2026-01-26,2026-01-26 12:56:00,1589.82,1589.82,1589.74,1589.74,-0.01,13.08,20660.28,-1
2026-01-26,2026-01-26 12:57:00,1589.74,1589.74,1589.66,1589.66,-0.01,13.08,20660.28,-1
2026-01-26,2026-01-26 12:58:00,1589.66,1589.66,1589.58,1589.58,-0.01,13.08,20660.28,-1
2026-01-26,2026-01-26 12:59:00,1589.58,1589.58,1589.5,1589.5,-0.01,13.08,20660.28,-1
2026-01-26,2026-01-26 13:00:00,1589.5,1599.0,1577.1,1589.42,-0.01,13.08,20660.28,-1
2026-01-26,2026-01-26 13:01:00,1589.42,1589.42,1589.34,1589.34,-0.01,13.08,20660.28,-1
2026-01-26,2026-01-26 13:02:00,1589.34,1589.34,1589.26,1589.26,-0.01,13.08,20660.28,-1
2026-01-26,2026-01-26 13:03:00,1589.26,1589.26,1589.18,1589.18,-0.01,13.08,20660.28,-1
2026-01-26,2026-01-26 13:04:00,1589.18,1589.18,1589.1,1589.1,-0.01,13.08,20660.28,-1
2026-01-26,2026-01-26 13:05:00,1589.1,1589.1,1589.03,1589.03,-0.0,13.08,20660.28,-1
2026-01-26,2026-01-26 13:06:00,1589.03,1589.03,1588.95,1588.95,-0.01,13.08,20660.28,-1
2026-01-26,2026-01-26 13:07:00,1588.95,1588.95,1588.87,1588.87,-0.01,13.08,20660.28,-1
2026-01-26,2026-01-26 13:08:00,1588.87,1588.87,1588.79,1588.79,-0.01,13.08,20660.28,-1
2026-01-26,2026-01-26 13:09:00,1588.79,1588.79,1588.71,1588.71,-0.01,13.08,20660.28,-1
2026-01-26,2026-01-26 13:10:00,1588.71,1588.71,1588.63,1588.63,-0.01,13.08,20660.28,-1
2026-01-26,2026-01-26 13:11:00,1588.63,1588.63,1588.55,1588.55,-0.01,13.08,20660.28,-1
2026-01-26,2026-01-26 13:12:00,1588.55,1588.55,1588.47,1588.47,-0.01,13.08,20660.28,-1
2026-01-26,2026-01-26 13:13:00,1588.47,1588.47,1588.39,1588.39,-0.01,13.08,20660.28,-1
2026-01-26,2026-01-26 13:14:00,1588.39,1588.39,1588.31,1588.31,-0.01,13.08,20660.28,-1
2026-01-26,2026-01-26 13:15:00,1588.31,1588.31,1588.23,1588.23,-0.01,13.08,20660.28,-1
2026-01-26,2026-01-26 13:16:00,1588.23,1588.23,1588.15,1588.15,-0.01,13.08,20660.28,-1
2026-01-26,2026-01-26 13:17:00,1588.15,1588.15,1588.08,1588.08,-0.0,13.08,20660.28,-1
2026-01-26,2026-01-26 13:18:00,1588.08,1588.08,1588.0,1588.0,-0.01,13.08,20660.28,-1
2026-01-26,2026-01-26 13:19:00,1588.0,1588.0,1587.92,1587.92,-0.01,13.08,20660.28,-1
2026-01-26,2026-01-26 13:20:00,1587.92,1587.92,1587.84,1587.84,-0.01,13.08,20660.28,-1
2026-01-26,2026-01-26 13:21:00,1587.84,1587.84,1587.76,1587.76,-0.01,13.08,20660.28,-1
2026-01-26,2026-01-26 13:22:00,1587.76,1587.76,1587.68,1587.68,-0.01,13.08,20660.28,-1
2026-01-26,2026-01-26 13:23:00,1587.68,1587.68,1587.6,1587.6,-0.01,13.08,20660.28,-1
2026-01-26,2026-01-26 13:24:00,1587.6,1587.6,1587.52,1587.52,-0.01,13.08,20660.28,-1
2026-01-26,2026-01-26 13:25:00,1587.52,1587.52,1587.44,1587.44,-0.01,13.08,20660.28,-1
2026-01-26,2026-01-26 13:26:00,1587.44,1587.44,1587.36,1587.36,-0.01,13.08,20660.28,-1
2026-01-26,2026-01-26 13:27:00,1587.36,1587.36,1587.28,1587.28,-0.01,13.08,20660.28,-1
2026-01-26,2026-01-26 13:28:00,1587.28,1587.28,1587.2,1587.2,-0.01,13.08,20660.28,-1
2026-01-26,2026-01-26 13:29:00,1587.2,1587.2,1587.12,1587.12,-0.01,13.08,20660.28,-1
2026-01-26,2026-01-26 13:30:00,1587.12,1587.12,1587.05,1587.05,-0.0,13.08,20660.28,-1
2026-01-26,2026-01-26 13:31:00,1587.05,1587.05,1586.97,1586.97,-0.01,13.08,20660.28,-1
2026-01-26,2026-01-26 13:32:00,1586.97,1586.97,1586.89,1586.89,-0.01,13.08,20660.28,-1
2026-01-26,2026-01-26 13:33:00,1586.89,1586.89,1586.81,1586.81,-0.01,13.08,20660.28,-1
2026-01-26,2026-01-26 13:34:00,1586.81,1586.81,1586.73,1586.73,-0.01,13.08,20660.28,-1
2026-01-26,2026-01-26 13:35:00,1586.73,1586.73,1586.65,1586.65,-0.01,13.08,20660.28,-1
2026-01-26,2026-01-26 13:36:00,1586.65,1586.65,1586.57,1586.57,-0.01,13.08,20660.28,-1
2026-01-26,2026-01-26 13:37:00,1586.57,1586.57,1586.49,1586.49,-0.01,13.08,20660.28,-1
2026-01-26,2026-01-26 13:38:00,1586.49,1586.49,1586.41,1586.41,-0.01,13.08,20660.28,-1
2026-01-26,2026-01-26 13:39:00,1586.41,1586.41,1586.33,1586.33,-0.01,13.08,20660.28,-1
2026-01-26,2026-01-26 13:40:00,1586.33,1586.33,1586.25,1586.25,-0.01,13.08,20660.28,-1
2026-01-26,2026-01-26 13:41:00,1586.25,1586.25,1586.17,1586.17,-0.01,13.08,20660.28,-1
2026-01-26,2026-01-26 13:42:00,1586.17,1586.17,1586.1,1586.1,-0.0,13.08,20660.28,-1
2026-01-26,2026-01-26 13:43:00,1586.1,1586.1,1586.02,1586.02,-0.01,13.08,20660.28,-1
2026-01-26,2026-01-26 13:44:00,1586.02,1586.02,1585.94,1585.94,-0.01,13.08,20660.28,-1
2026-01-26,2026-01-26 13:45:00,1585.94,1585.94,1585.86,1585.86,-0.01,13.08,20660.28,-1
2026-01-26,2026-01-26 13:46:00,1585.86,1585.86,1585.78,1585.78,-0.01,13.08,20660.28,-1
2026-01-26,2026-01-26 13:47:00,1585.78,1585.78,1585.7,1585.7,-0.01,13.08,20660.28,-1
2026-01-26,2026-01-26 13:48:00,1585.7,1585.7,1585.62,1585.62,-0.01,13.08,20660.28,-1
2026-01-26,2026-01-26 13:49:00,1585.62,1585.62,1585.54,1585.54,-0.01,13.08,20660.28,-1
2026-01-26,2026-01-26 13:50:00,1585.54,1585.54,1585.46,1585.46,-0.01,13.08,20660.28,-1
2026-01-26,2026-01-26 13:51:00,1585.46,1585.46,1585.38,1585.38,-0.01,13.08,20660.28,-1
2026-01-26,2026-01-26 13:52:00,1585.38,1585.38,1585.3,1585.3,-0.01,13.08,20660.28,-1
2026-01-26,2026-01-26 13:53:00,1585.3,1585.3,1585.22,1585.22,-0.01,13.08,20660.28,-1
2026-01-26,2026-01-26 13:54:00,1585.22,1585.22,1585.15,1585.15,-0.0,13.08,20660.28,-1
2026-01-26,2026-01-26 13:55:00,1585.15,1585.15,1585.07,1585.07,-0.01,13.08,20660.28,-1
2026-01-26,2026-01-26 13:56:00,1585.07,1585.07,1584.99,1584.99,-0.01,13.08,20660.28,-1
2026-01-26,2026-01-26 13:57:00,1584.99,1584.99,1584.91,1584.91,-0.01,13.08,20660.28,-1
2026-01-26,2026-01-26 13:58:00,1584.91,1584.91,1584.83,1584.83,-0.01,13.08,20660.28,-1
2026-01-26,2026-01-26 13:59:00,1584.83,1584.83,1584.75,1584.75,-0.01,13.08,20660.28,-1
2026-01-26,2026-01-26 14:00:00,1584.75,1584.75,1584.67,1584.67,-0.01,13.08,20660.28,-1
2026-01-26,2026-01-26 14:01:00,1584.67,1584.67,1584.59,1584.59,-0.01,13.08,20660.28,-1
2026-01-26,2026-01-26 14:02:00,1584.59,1584.59,1584.51,1584.51,-0.01,13.08,20660.28,-1
2026-01-26,2026-01-26 14:03:00,1584.51,1584.51,1584.43,1584.43,-0.01,13.08,20660.28,-1
2026-01-26,2026-01-26 14:04:00,1584.43,1584.43,1584.35,1584.35,-0.01,13.08,20660.28,-1
2026-01-26,2026-01-26 14:05:00,1584.35,1584.35,1584.28,1584.28,-0.0,13.08,20660.28,-1
2026-01-26,2026-01-26 14:06:00,1584.28,1584.28,1584.2,1584.2,-0.01,13.08,20660.28,-1
2026-01-26,2026-01-26 14:07:00,1584.2,1584.2,1584.12,1584.12,-0.01,13.08,20660.28,-1
2026-01-26,2026-01-26 14:08:00,1584.12,1584.12,1584.04,1584.04,-0.01,13.08,20660.28,-1
2026-01-26,2026-01-26 14:09:00,1584.04,1584.04,1583.96,1583.96,-0.01,13.08,20660.28,-1
2026-01-26,2026-01-26 14:10:00,1583.96,1583.96,1583.88,1583.88,-0.01,13.08,20660.28,-1
2026-01-26,2026-01-26 14:11:00,1583.88,1583.88,1583.8,1583.8,-0.01,13.08,20660.28,-1
2026-01-26,2026-01-26 14:12:00,1583.8,1583.8,1583.72,1583.72,-0.01,13.08,20660.28,-1
2026-01-26,2026-01-26 14:13:00,1583.72,1583.72,1583.64,1583.64,-0.01,13.08,20660.28,-1
2026-01-26,2026-01-26 14:14:00,1583.64,1583.64,1583.56,1583.56,-0.01,13.08,20660.28,-1
2026-01-26,2026-01-26 14:15:00,1583.56,1583.56,1583.48,1583.48,-0.01,13.08,20660.28,-1
2026-01-26,2026-01-26 14:16:00,1583.48,1583.48,1583.4,1583.4,-0.01,13.08,20660.28,-1
2026-01-26,2026-01-26 14:17:00,1583.4,1583.4,1583.33,1583.33,-0.0,13.08,20660.28,-1
2026-01-26,2026-01-26 14:18:00,1583.33,1583.33,1583.25,1583.25,-0.01,13.08,20660.28,-1
2026-01-26,2026-01-26 14:19:00,1583.25,1583.25,1583.17,1583.17,-0.01,13.08,20660.28,-1
2026-01-26,2026-01-26 14:20:00,1583.17,1583.17,1583.09,1583.09,-0.01,13.08,20660.28,-1
2026-01-26,2026-01-26 14:21:00,1583.09,1583.09,1583.01,1583.01,-0.01,13.08,20660.28,-1
2026-01-26,2026-01-26 14:22:00,1583.01,1583.01,1582.93,1582.93,-0.01,13.08,20660.28,-1
2026-01-26,2026-01-26 14:23:00,1582.93,1582.93,1582.85,1582.85,-0.01,13.08,20660.28,-1
2026-01-26,2026-01-26 14:24:00,1582.85,1582.85,1582.77,1582.77,-0.01,13.08,20660.28,-1
2026-01-26,2026-01-26 14:25:00,1582.77,1582.77,1582.69,1582.69,-0.01,13.08,20660.28,-1
2026-01-26,2026-01-26 14:26:00,1582.69,1582.69,1582.61,1582.61,-0.01,13.08,20660.28,-1
2026-01-26,2026-01-26 14:27:00,1582.61,1582.61,1582.53,1582.53,-0.01,13.08,20660.28,-1
2026-01-26,2026-01-26 14:28:00,1582.53,1582.53,1582.45,1582.45,-0.01,13.08,20660.28,-1
2026-01-26,2026-01-26 14:29:00,1582.45,1582.45,1582.38,1582.38,-0.0,13.08,20660.28,-1
2026-01-26,2026-01-26 14:30:00,1582.38,1582.38,1582.3,1582.3,-0.01,13.08,20660.28,-1
2026-01-26,2026-01-26 14:31:00,1582.3,1582.3,1582.22,1582.22,-0.01,13.08,20660.28,-1
2026-01-26,2026-01-26 14:32:00,1582.22,1582.22,1582.14,1582.14,-0.01,13.08,20660.28,-1
2026-01-26,2026-01-26 14:33:00,1582.14,1582.14,1582.06,1582.06,-0.01,13.08,20660.28,-1
2026-01-26,2026-01-26 14:34:00,1582.06,1582.06,1581.98,1581.98,-0.01,13.08,20660.28,-1
2026-01-26,2026-01-26 14:35:00,1581.98,1581.98,1581.9,1581.9,-0.01,13.08,20660.28,-1
2026-01-26,2026-01-26 14:36:00,1581.9,1581.9,1581.82,1581.82,-0.01,13.08,20660.28,-1
2026-01-26,2026-01-26 14:37:00,1581.82,1581.82,1581.74,1581.74,-0.01,13.08,20660.28,-1
2026-01-26,2026-01-26 14:38:00,1581.74,1581.74,1581.66,1581.66,-0.01,13.08,20660.28,-1
2026-01-26,2026-01-26 14:39:00,1581.66,1581.66,1581.58,1581.58,-0.01,13.08,20660.28,-1
2026-01-26,2026-01-26 14:40:00,1581.58,1581.58,1581.5,1581.5,-0.01,13.08,20660.28,-1
2026-01-26,2026-01-26 14:41:00,1581.5,1581.5,1581.42,1581.42,-0.01,13.08,20660.28,-1
2026-01-26,2026-01-26 14:42:00,1581.42,1581.42,1581.35,1581.35,-0.0,13.08,20660.28,-1
2026-01-26,2026-01-26 14:43:00,1581.35,1581.35,1581.27,1581.27,-0.01,13.08,20660.28,-1
2026-01-26,2026-01-26 14:44:00,1581.27,1581.27,1581.19,1581.19,-0.01,13.08,20660.28,-1
2026-01-26,2026-01-26 14:45:00,1581.19,1581.19,1581.11,1581.11,-0.01,13.08,20660.28,-1
2026-01-26,2026-01-26 14:46:00,1581.11,1581.11,1581.03,1581.03,-0.01,13.08,20660.28,-1
2026-01-26,2026-01-26 14:47:00,1581.03,1581.03,1580.95,1580.95,-0.01,13.08,20660.28,-1
2026-01-26,2026-01-26 14:48:00,1580.95,1580.95,1580.87,1580.87,-0.01,13.08,20660.28,-1
2026-01-26,2026-01-26 14:49:00,1580.87,1580.87,1580.79,1580.79,-0.01,13.08,20660.28,-1
2026-01-26,2026-01-26 14:50:00,1580.79,1580.79,1580.71,1580.71,-0.01,13.08,20660.28,-1
2026-01-26,2026-01-26 14:51:00,1580.71,1580.71,1580.63,1580.63,-0.01,13.08,20660.28,-1
2026-01-26,2026-01-26 14:52:00,1580.63,1580.63,1580.55,1580.55,-0.01,13.08,20660.28,-1
2026-01-26,2026-01-26 14:53:00,1580.55,1580.55,1580.47,1580.47,-0.01,13.08,20660.28,-1
2026-01-26,2026-01-26 14:54:00,1580.47,1580.47,1580.4,1580.4,-0.0,13.08,20660.28,-1
2026-01-26,2026-01-26 14:55:00,1580.4,1580.4,1580.32,1580.32,-0.01,13.08,20660.28,-1
2026-01-26,2026-01-26 14:56:00,1580.32,1580.32,1580.24,1580.24,-0.01,13.08,20660.28,-1
2026-01-26,2026-01-26 14:57:00,1580.24,1580.24,1580.16,1580.16,-0.01,13.08,20660.28,-1
2026-01-26,2026-01-26 14:58:00,1580.16,1580.16,1580.08,1580.08,-0.01,13.08,20660.28,-1
2026-01-26,2026-01-26 14:59:00,1580.08,1580.08,1580.0,1580.0,-0.01,13.08,20660.28,-1
2026-01-26,2026-01-26 15:00:00,1580.0,1599.0,1577.1,1580.0,0.0,13.08,20660.28,0
2026-01-27,2026-01-27 11:00:00,1570.0,1576.0,1568.5,1569.98,-0.0,12.44,19541.63,-1
2026-01-27,2026-01-27 11:01:00,1569.98,1569.98,1569.96,1569.96,-0.0,12.44,19541.63,-1
2026-01-27,2026-01-27 11:02:00,1569.96,1569.96,1569.94,1569.94,-0.0,12.44,19541.63,-1
2026-01-27,2026-01-27 11:03:00,1569.94,1569.94,1569.92,1569.92,-0.0,12.44,19541.63,-1
2026-01-27,2026-01-27 11:04:00,1569.92,1569.92,1569.9,1569.9,-0.0,12.44,19541.63,-1
2026-01-27,2026-01-27 11:05:00,1569.9,1569.9,1569.88,1569.88,-0.0,12.44,19541.63,-1
2026-01-27,2026-01-27 11:06:00,1569.88,1569.88,1569.85,1569.85,-0.0,12.44,19541.63,-1
2026-01-27,2026-01-27 11:07:00,1569.85,1569.85,1569.83,1569.83,-0.0,12.44,19541.63,-1
2026-01-27,2026-01-27 11:08:00,1569.83,1569.83,1569.81,1569.81,-0.0,12.44,19541.63,-1
2026-01-27,2026-01-27 11:09:00,1569.81,1569.81,1569.79,1569.79,-0.0,12.44,19541.63,-1
2026-01-27,2026-01-27 11:10:00,1569.79,1569.79,1569.77,1569.77,-0.0,12.44,19541.63,-1
2026-01-27,2026-01-27 11:11:00,1569.77,1569.77,1569.75,1569.75,-0.0,12.44,19541.63,-1
2026-01-27,2026-01-27 11:12:00,1569.75,1569.75,1569.73,1569.73,-0.0,12.44,19541.63,-1
2026-01-27,2026-01-27 11:13:00,1569.73,1569.73,1569.71,1569.71,-0.0,12.44,19541.63,-1
2026-01-27,2026-01-27 11:14:00,1569.71,1569.71,1569.69,1569.69,-0.0,12.44,19541.63,-1
2026-01-27,2026-01-27 11:15:00,1569.69,1569.69,1569.67,1569.67,-0.0,12.44,19541.63,-1
2026-01-27,2026-01-27 11:16:00,1569.67,1569.67,1569.65,1569.65,-0.0,12.44,19541.63,-1
2026-01-27,2026-01-27 11:17:00,1569.65,1569.65,1569.62,1569.62,-0.0,12.44,19541.63,-1
2026-01-27,2026-01-27 11:18:00,1569.62,1569.62,1569.6,1569.6,-0.0,12.44,19541.63,-1
2026-01-27,2026-01-27 11:19:00,1569.6,1569.6,1569.58,1569.58,-0.0,12.44,19541.63,-1
2026-01-27,2026-01-27 11:20:00,1569.58,1569.58,1569.56,1569.56,-0.0,12.44,19541.63,-1
2026-01-27,2026-01-27 11:21:00,1569.56,1569.56,1569.54,1569.54,-0.0,12.44,19541.63,-1
2026-01-27,2026-01-27 11:22:00,1569.54,1569.54,1569.52,1569.52,-0.0,12.44,19541.63,-1
2026-01-27,2026-01-27 11:23:00,1569.52,1569.52,1569.5,1569.5,-0.0,12.44,19541.63,-1
2026-01-27,2026-01-27 11:24:00,1569.5,1569.5,1569.48,1569.48,-0.0,12.44,19541.63,-1
2026-01-27,2026-01-27 11:25:00,1569.48,1569.48,1569.46,1569.46,-0.0,12.44,19541.63,-1
2026-01-27,2026-01-27 11:26:00,1569.46,1569.46,1569.44,1569.44,-0.0,12.44,19541.63,-1
2026-01-27,2026-01-27 11:27:00,1569.44,1569.44,1569.42,1569.42,-0.0,12.44,19541.63,-1
2026-01-27,2026-01-27 11:28:00,1569.42,1569.42,1569.4,1569.4,-0.0,12.44,19541.63,-1
2026-01-27,2026-01-27 11:29:00,1569.4,1569.4,1569.38,1569.38,-0.0,12.44,19541.63,-1
2026-01-27,2026-01-27 11:30:00,1569.38,1569.38,1569.35,1569.35,-0.0,12.44,19541.63,-1
2026-01-27,2026-01-27 11:31:00,1569.35,1569.35,1569.33,1569.33,-0.0,12.44,19541.63,-1
2026-01-27,2026-01-27 11:32:00,1569.33,1569.33,1569.31,1569.31,-0.0,12.44,19541.63,-1
2026-01-27,2026-01-27 11:33:00,1569.31,1569.31,1569.29,1569.29,-0.0,12.44,19541.63,-1
2026-01-27,2026-01-27 11:34:00,1569.29,1569.29,1569.27,1569.27,-0.0,12.44,19541.63,-1
2026-01-27,2026-01-27 11:35:00,1569.27,1569.27,1569.25,1569.25,-0.0,12.44,19541.63,-1
2026-01-27,2026-01-27 11:36:00,1569.25,1569.25,1569.23,1569.23,-0.0,12.44,19541.63,-1
2026-01-27,2026-01-27 11:37:00,1569.23,1569.23,1569.21,1569.21,-0.0,12.44,19541.63,-1
2026-01-27,2026-01-27 11:38:00,1569.21,1569.21,1569.19,1569.19,-0.0,12.44,19541.63,-1
2026-01-27,2026-01-27 11:39:00,1569.19,1569.19,1569.17,1569.17,-0.0,12.44,19541.63,-1
2026-01-27,2026-01-27 11:40:00,1569.17,1569.17,1569.15,1569.15,-0.0,12.44,19541.63,-1
2026-01-27,2026-01-27 11:41:00,1569.15,1569.15,1569.12,1569.12,-0.0,12.44,19541.63,-1
2026-01-27,2026-01-27 11:42:00,1569.12,1569.12,1569.1,1569.1,-0.0,12.44,19541.63,-1
2026-01-27,2026-01-27 11:43:00,1569.1,1569.1,1569.08,1569.08,-0.0,12.44,19541.63,-1
2026-01-27,2026-01-27 11:44:00,1569.08,1569.08,1569.06,1569.06,-0.0,12.44,19541.63,-1
2026-01-27,2026-01-27 11:45:00,1569.06,1569.06,1569.04,1569.04,-0.0,12.44,19541.63,-1
2026-01-27,2026-01-27 11:46:00,1569.04,1569.04,1569.02,1569.02,-0.0,12.44,19541.63,-1
2026-01-27,2026-01-27 11:47:00,1569.02,1569.02,1569.0,1569.0,-0.0,12.44,19541.63,-1
2026-01-27,2026-01-27 11:48:00,1569.0,1569.0,1568.98,1568.98,-0.0,12.44,19541.63,-1
2026-01-27,2026-01-27 11:49:00,1568.98,1568.98,1568.96,1568.96,-0.0,12.44,19541.63,-1
2026-01-27,2026-01-27 11:50:00,1568.96,1568.96,1568.94,1568.94,-0.0,12.44,19541.63,-1
2026-01-27,2026-01-27 11:51:00,1568.94,1568.94,1568.92,1568.92,-0.0,12.44,19541.63,-1
2026-01-27,2026-01-27 11:52:00,1568.92,1568.92,1568.9,1568.9,-0.0,12.44,19541.63,-1
2026-01-27,2026-01-27 11:53:00,1568.9,1568.9,1568.88,1568.88,-0.0,12.44,19541.63,-1
2026-01-27,2026-01-27 11:54:00,1568.88,1568.88,1568.85,1568.85,-0.0,12.44,19541.63,-1
2026-01-27,2026-01-27 11:55:00,1568.85,1568.85,1568.83,1568.83,-0.0,12.44,19541.63,-1
2026-01-27,2026-01-27 11:56:00,1568.83,1568.83,1568.81,1568.81,-0.0,12.44,19541.63,-1
2026-01-27,2026-01-27 11:57:00,1568.81,1568.81,1568.79,1568.79,-0.0,12.44,19541.63,-1
2026-01-27,2026-01-27 11:58:00,1568.79,1568.79,1568.77,1568.77,-0.0,12.44,19541.63,-1
2026-01-27,2026-01-27 11:59:00,1568.77,1568.77,1568.75,1568.75,-0.0,12.44,19541.63,-1
2026-01-27,2026-01-27 12:00:00,1568.75,1568.75,1568.73,1568.73,-0.0,12.44,19541.63,-1
2026-01-27,2026-01-27 12:01:00,1568.73,1568.73,1568.71,1568.71,-0.0,12.44,19541.63,-1
2026-01-27,2026-01-27 12:02:00,1568.71,1568.71,1568.69,1568.69,-0.0,12.44,19541.63,-1
2026-01-27,2026-01-27 12:03:00,1568.69,1568.69,1568.67,1568.67,-0.0,12.44,19541.63,-1
2026-01-27,2026-01-27 12:04:00,1568.67,1568.67,1568.65,1568.65,-0.0,12.44,19541.63,-1
2026-01-27,2026-01-27 12:05:00,1568.65,1568.65,1568.62,1568.62,-0.0,12.44,19541.63,-1
2026-01-27,2026-01-27 12:06:00,1568.62,1568.62,1568.6,1568.6,-0.0,12.44,19541.63,-1
2026-01-27,2026-01-27 12:07:00,1568.6,1568.6,1568.58,1568.58,-0.0,12.44,19541.63,-1
2026-01-27,2026-01-27 12:08:00,1568.58,1568.58,1568.56,1568.56,-0.0,12.44,19541.63,-1
2026-01-27,2026-01-27 12:09:00,1568.56,1568.56,1568.54,1568.54,-0.0,12.44,19541.63,-1
2026-01-27,2026-01-27 12:10:00,1568.54,1568.54,1568.52,1568.52,-0.0,12.44,19541.63,-1
2026-01-27,2026-01-27 12:11:00,1568.52,1568.52,1568.5,1568.5,-0.0,12.44,19541.63,-1
2026-01-27,2026-01-27 12:12:00,1568.5,1568.5,1568.48,1568.48,-0.0,12.44,19541.63,-1
2026-01-27,2026-01-27 12:13:00,1568.48,1568.48,1568.46,1568.46,-0.0,12.44,19541.63,-1
2026-01-27,2026-01-27 12:14:00,1568.46,1568.46,1568.44,1568.44,-0.0,12.44,19541.63,-1
2026-01-27,2026-01-27 12:15:00,1568.44,1568.44,1568.42,1568.42,-0.0,12.44,19541.63,-1
2026-01-27,2026-01-27 12:16:00,1568.42,1568.42,1568.4,1568.4,-0.0,12.44,19541.63,-1
2026-01-27,2026-01-27 12:17:00,1568.4,1568.4,1568.38,1568.38,-0.0,12.44,19541.63,-1
2026-01-27,2026-01-27 12:18:00,1568.38,1568.38,1568.35,1568.35,-0.0,12.44,19541.63,-1
2026-01-27,2026-01-27 12:19:00,1568.35,1568.35,1568.33,1568.33,-0.0,12.44,19541.63,-1
2026-01-27,2026-01-27 12:20:00,1568.33,1568.33,1568.31,1568.31,-0.0,12.44,19541.63,-1
2026-01-27,2026-01-27 12:21:00,1568.31,1568.31,1568.29,1568.29,-0.0,12.44,19541.63,-1
2026-01-27,2026-01-27 12:22:00,1568.29,1568.29,1568.27,1568.27,-0.0,12.44,19541.63,-1
2026-01-27,2026-01-27 12:23:00,1568.27,1568.27,1568.25,1568.25,-0.0,12.44,19541.63,-1
2026-01-27,2026-01-27 12:24:00,1568.25,1568.25,1568.23,1568.23,-0.0,12.44,19541.63,-1
2026-01-27,2026-01-27 12:25:00,1568.23,1568.23,1568.21,1568.21,-0.0,12.44,19541.63,-1
2026-01-27,2026-01-27 12:26:00,1568.21,1568.21,1568.19,1568.19,-0.0,12.44,19541.63,-1
2026-01-27,2026-01-27 12:27:00,1568.19,1568.19,1568.17,1568.17,-0.0,12.44,19541.63,-1
2026-01-27,2026-01-27 12:28:00,1568.17,1568.17,1568.15,1568.15,-0.0,12.44,19541.63,-1
2026-01-27,2026-01-27 12:29:00,1568.15,1568.15,1568.12,1568.12,-0.0,12.44,19541.63,-1
2026-01-27,2026-01-27 12:30:00,1568.12,1568.12,1568.1,1568.1,-0.0,12.44,19541.63,-1
2026-01-27,2026-01-27 12:31:00,1568.1,1568.1,1568.08,1568.08,-0.0,12.44,19541.63,-1
2026-01-27,2026-01-27 12:32:00,1568.08,1568.08,1568.06,1568.06,-0.0,12.44,19541.63,-1
2026-01-27,2026-01-27 12:33:00,1568.06,1568.06,1568.04,1568.04,-0.0,12.44,19541.63,-1
2026-01-27,2026-01-27 12:34:00,1568.04,1568.04,1568.02,1568.02,-0.0,12.44,19541.63,-1
2026-01-27,2026-01-27 12:35:00,1568.02,1568.02,1568.0,1568.0,-0.0,12.44,19541.63,-1
2026-01-27,2026-01-27 12:36:00,1568.0,1568.0,1567.98,1567.98,-0.0,12.44,19541.63,-1
2026-01-27,2026-01-27 12:37:00,1567.98,1567.98,1567.96,1567.96,-0.0,12.44,19541.63,-1
2026-01-27,2026-01-27 12:38:00,1567.96,1567.96,1567.94,1567.94,-0.0,12.44,19541.63,-1
2026-01-27,2026-01-27 12:39:00,1567.94,1567.94,1567.92,1567.92,-0.0,12.44,19541.63,-1
2026-01-27,2026-01-27 12:40:00,1567.92,1567.92,1567.9,1567.9,-0.0,12.44,19541.63,-1
2026-01-27,2026-01-27 12:41:00,1567.9,1567.9,1567.88,1567.88,-0.0,12.44,19541.63,-1
2026-01-27,2026-01-27 12:42:00,1567.88,1567.88,1567.85,1567.85,-0.0,12.44,19541.63,-1
2026-01-27,2026-01-27 12:43:00,1567.85,1567.85,1567.83,1567.83,-0.0,12.44,19541.63,-1
2026-01-27,2026-01-27 12:44:00,1567.83,1567.83,1567.81,1567.81,-0.0,12.44,19541.63,-1
2026-01-27,2026-01-27 12:45:00,1567.81,1567.81,1567.79,1567.79,-0.0,12.44,19541.63,-1
2026-01-27,2026-01-27 12:46:00,1567.79,1567.79,1567.77,1567.77,-0.0,12.44,19541.63,-1
2026-01-27,2026-01-27 12:47:00,1567.77,1567.77,1567.75,1567.75,-0.0,12.44,19541.63,-1
2026-01-27,2026-01-27 12:48:00,1567.75,1567.75,1567.73,1567.73,-0.0,12.44,19541.63,-1
2026-01-27,2026-01-27 12:49:00,1567.73,1567.73,1567.71,1567.71,-0.0,12.44,19541.63,-1
2026-01-27,2026-01-27 12:50:00,1567.71,1567.71,1567.69,1567.69,-0.0,12.44,19541.63,-1
2026-01-27,2026-01-27 12:51:00,1567.69,1567.69,1567.67,1567.67,-0.0,12.44,19541.63,-1
2026-01-27,2026-01-27 12:52:00,1567.67,1567.67,1567.65,1567.65,-0.0,12.44,19541.63,-1
2026-01-27,2026-01-27 12:53:00,1567.65,1567.65,1567.62,1567.62,-0.0,12.44,19541.63,-1
2026-01-27,2026-01-27 12:54:00,1567.62,1567.62,1567.6,1567.6,-0.0,12.44,19541.63,-1
2026-01-27,2026-01-27 12:55:00,1567.6,1567.6,1567.58,1567.58,-0.0,12.44,19541.63,-1
2026-01-27,2026-01-27 12:56:00,1567.58,1567.58,1567.56,1567.56,-0.0,12.44,19541.63,-1
2026-01-27,2026-01-27 12:57:00,1567.56,1567.56,1567.54,1567.54,-0.0,12.44,19541.63,-1
2026-01-27,2026-01-27 12:58:00,1567.54,1567.54,1567.52,1567.52,-0.0,12.44,19541.63,-1
2026-01-27,2026-01-27 12:59:00,1567.52,1567.52,1567.5,1567.5,-0.0,12.44,19541.63,-1
2026-01-27,2026-01-27 13:00:00,1567.5,1590.0,1565.0,1567.48,-0.0,12.44,19541.63,-1
2026-01-27,2026-01-27 13:01:00,1567.48,1567.48,1567.46,1567.46,-0.0,12.44,19541.63,-1
2026-01-27,2026-01-27 13:02:00,1567.46,1567.46,1567.44,1567.44,-0.0,12.44,19541.63,-1
2026-01-27,2026-01-27 13:03:00,1567.44,1567.44,1567.42,1567.42,-0.0,12.44,19541.63,-1
2026-01-27,2026-01-27 13:04:00,1567.42,1567.42,1567.4,1567.4,-0.0,12.44,19541.63,-1
2026-01-27,2026-01-27 13:05:00,1567.4,1567.4,1567.38,1567.38,-0.0,12.44,19541.63,-1
2026-01-27,2026-01-27 13:06:00,1567.38,1567.38,1567.35,1567.35,-0.0,12.44,19541.63,-1
2026-01-27,2026-01-27 13:07:00,1567.35,1567.35,1567.33,1567.33,-0.0,12.44,19541.63,-1
2026-01-27,2026-01-27 13:08:00,1567.33,1567.33,1567.31,1567.31,-0.0,12.44,19541.63,-1
2026-01-27,2026-01-27 13:09:00,1567.31,1567.31,1567.29,1567.29,-0.0,12.44,19541.63,-1
2026-01-27,2026-01-27 13:10:00,1567.29,1567.29,1567.27,1567.27,-0.0,12.44,19541.63,-1
2026-01-27,2026-01-27 13:11:00,1567.27,1567.27,1567.25,1567.25,-0.0,12.44,19541.63,-1
2026-01-27,2026-01-27 13:12:00,1567.25,1567.25,1567.23,1567.23,-0.0,12.44,19541.63,-1
2026-01-27,2026-01-27 13:13:00,1567.23,1567.23,1567.21,1567.21,-0.0,12.44,19541.63,-1
2026-01-27,2026-01-27 13:14:00,1567.21,1567.21,1567.19,1567.19,-0.0,12.44,19541.63,-1
2026-01-27,2026-01-27 13:15:00,1567.19,1567.19,1567.17,1567.17,-0.0,12.44,19541.63,-1
2026-01-27,2026-01-27 13:16:00,1567.17,1567.17,1567.15,1567.15,-0.0,12.44,19541.63,-1
2026-01-27,2026-01-27 13:17:00,1567.15,1567.15,1567.12,1567.12,-0.0,12.44,19541.63,-1
2026-01-27,2026-01-27 13:18:00,1567.12,1567.12,1567.1,1567.1,-0.0,12.44,19541.63,-1
2026-01-27,2026-01-27 13:19:00,1567.1,1567.1,1567.08,1567.08,-0.0,12.44,19541.63,-1
2026-01-27,2026-01-27 13:20:00,1567.08,1567.08,1567.06,1567.06,-0.0,12.44,19541.63,-1
2026-01-27,2026-01-27 13:21:00,1567.06,1567.06,1567.04,1567.04,-0.0,12.44,19541.63,-1
2026-01-27,2026-01-27 13:22:00,1567.04,1567.04,1567.02,1567.02,-0.0,12.44,19541.63,-1
2026-01-27,2026-01-27 13:23:00,1567.02,1567.02,1567.0,1567.0,-0.0,12.44,19541.63,-1
2026-01-27,2026-01-27 13:24:00,1567.0,1567.0,1566.98,1566.98,-0.0,12.44,19541.63,-1
2026-01-27,2026-01-27 13:25:00,1566.98,1566.98,1566.96,1566.96,-0.0,12.44,19541.63,-1
2026-01-27,2026-01-27 13:26:00,1566.96,1566.96,1566.94,1566.94,-0.0,12.44,19541.63,-1
2026-01-27,2026-01-27 13:27:00,1566.94,1566.94,1566.92,1566.92,-0.0,12.44,19541.63,-1
2026-01-27,2026-01-27 13:28:00,1566.92,1566.92,1566.9,1566.9,-0.0,12.44,19541.63,-1
2026-01-27,2026-01-27 13:29:00,1566.9,1566.9,1566.88,1566.88,-0.0,12.44,19541.63,-1
2026-01-27,2026-01-27 13:30:00,1566.88,1566.88,1566.85,1566.85,-0.0,12.44,19541.63,-1
2026-01-27,2026-01-27 13:31:00,1566.85,1566.85,1566.83,1566.83,-0.0,12.44,19541.63,-1
2026-01-27,2026-01-27 13:32:00,1566.83,1566.83,1566.81,1566.81,-0.0,12.44,19541.63,-1
2026-01-27,2026-01-27 13:33:00,1566.81,1566.81,1566.79,1566.79,-0.0,12.44,19541.63,-1
2026-01-27,2026-01-27 13:34:00,1566.79,1566.79,1566.77,1566.77,-0.0,12.44,19541.63,-1
2026-01-27,2026-01-27 13:35:00,1566.77,1566.77,1566.75,1566.75,-0.0,12.44,19541.63,-1
2026-01-27,2026-01-27 13:36:00,1566.75,1566.75,1566.73,1566.73,-0.0,12.44,19541.63,-1
2026-01-27,2026-01-27 13:37:00,1566.73,1566.73,1566.71,1566.71,-0.0,12.44,19541.63,-1
2026-01-27,2026-01-27 13:38:00,1566.71,1566.71,1566.69,1566.69,-0.0,12.44,19541.63,-1
2026-01-27,2026-01-27 13:39:00,1566.69,1566.69,1566.67,1566.67,-0.0,12.44,19541.63,-1
2026-01-27,2026-01-27 13:40:00,1566.67,1566.67,1566.65,1566.65,-0.0,12.44,19541.63,-1
2026-01-27,2026-01-27 13:41:00,1566.65,1566.65,1566.62,1566.62,-0.0,12.44,19541.63,-1
2026-01-27,2026-01-27 13:42:00,1566.62,1566.62,1566.6,1566.6,-0.0,12.44,19541.63,-1
2026-01-27,2026-01-27 13:43:00,1566.6,1566.6,1566.58,1566.58,-0.0,12.44,19541.63,-1
2026-01-27,2026-01-27 13:44:00,1566.58,1566.58,1566.56,1566.56,-0.0,12.44,19541.63,-1
2026-01-27,2026-01-27 13:45:00,1566.56,1566.56,1566.54,1566.54,-0.0,12.44,19541.63,-1
2026-01-27,2026-01-27 13:46:00,1566.54,1566.54,1566.52,1566.52,-0.0,12.44,19541.63,-1
2026-01-27,2026-01-27 13:47:00,1566.52,1566.52,1566.5,1566.5,-0.0,12.44,19541.63,-1
2026-01-27,2026-01-27 13:48:00,1566.5,1566.5,1566.48,1566.48,-0.0,12.44,19541.63,-1
2026-01-27,2026-01-27 13:49:00,1566.48,1566.48,1566.46,1566.46,-0.0,12.44,19541.63,-1
2026-01-27,2026-01-27 13:50:00,1566.46,1566.46,1566.44,1566.44,-0.0,12.44,19541.63,-1
2026-01-27,2026-01-27 13:51:00,1566.44,1566.44,1566.42,1566.42,-0.0,12.44,19541.63,-1
2026-01-27,2026-01-27 13:52:00,1566.42,1566.42,1566.4,1566.4,-0.0,12.44,19541.63,-1
2026-01-27,2026-01-27 13:53:00,1566.4,1566.4,1566.38,1566.38,-0.0,12.44,19541.63,-1
2026-01-27,2026-01-27 13:54:00,1566.38,1566.38,1566.35,1566.35,-0.0,12.44,19541.63,-1
2026-01-27,2026-01-27 13:55:00,1566.35,1566.35,1566.33,1566.33,-0.0,12.44,19541.63,-1
2026-01-27,2026-01-27 13:56:00,1566.33,1566.33,1566.31,1566.31,-0.0,12.44,19541.63,-1
2026-01-27,2026-01-27 13:57:00,1566.31,1566.31,1566.29,1566.29,-0.0,12.44,19541.63,-1
2026-01-27,2026-01-27 13:58:00,1566.29,1566.29,1566.27,1566.27,-0.0,12.44,19541.63,-1
2026-01-27,2026-01-27 13:59:00,1566.27,1566.27,1566.25,1566.25,-0.0,12.44,19541.63,-1
2026-01-27,2026-01-27 14:00:00,1566.25,1566.25,1566.23,1566.23,-0.0,12.44,19541.63,-1
2026-01-27,2026-01-27 14:01:00,1566.23,1566.23,1566.21,1566.21,-0.0,12.44,19541.63,-1
2026-01-27,2026-01-27 14:02:00,1566.21,1566.21,1566.19,1566.19,-0.0,12.44,19541.63,-1
2026-01-27,2026-01-27 14:03:00,1566.19,1566.19,1566.17,1566.17,-0.0,12.44,19541.63,-1
2026-01-27,2026-01-27 14:04:00,1566.17,1566.17,1566.15,1566.15,-0.0,12.44,19541.63,-1
2026-01-27,2026-01-27 14:05:00,1566.15,1566.15,1566.12,1566.12,-0.0,12.44,19541.63,-1
2026-01-27,2026-01-27 14:06:00,1566.12,1566.12,1566.1,1566.1,-0.0,12.44,19541.63,-1
2026-01-27,2026-01-27 14:07:00,1566.1,1566.1,1566.08,1566.08,-0.0,12.44,19541.63,-1
2026-01-27,2026-01-27 14:08:00,1566.08,1566.08,1566.06,1566.06,-0.0,12.44,19541.63,-1
2026-01-27,2026-01-27 14:09:00,1566.06,1566.06,1566.04,1566.04,-0.0,12.44,19541.63,-1
2026-01-27,2026-01-27 14:10:00,1566.04,1566.04,1566.02,1566.02,-0.0,12.44,19541.63,-1
2026-01-27,2026-01-27 14:11:00,1566.02,1566.02,1566.0,1566.0,-0.0,12.44,19541.63,-1
2026-01-27,2026-01-27 14:12:00,1566.0,1566.0,1565.98,1565.98,-0.0,12.44,19541.63,-1
2026-01-27,2026-01-27 14:13:00,1565.98,1565.98,1565.96,1565.96,-0.0,12.44,19541.63,-1
2026-01-27,2026-01-27 14:14:00,1565.96,1565.96,1565.94,1565.94,-0.0,12.44,19541.63,-1
2026-01-27,2026-01-27 14:15:00,1565.94,1565.94,1565.92,1565.92,-0.0,12.44,19541.63,-1
2026-01-27,2026-01-27 14:16:00,1565.92,1565.92,1565.9,1565.9,-0.0,12.44,19541.63,-1
2026-01-27,2026-01-27 14:17:00,1565.9,1565.9,1565.88,1565.88,-0.0,12.44,19541.63,-1
2026-01-27,2026-01-27 14:18:00,1565.88,1565.88,1565.85,1565.85,-0.0,12.44,19541.63,-1
2026-01-27,2026-01-27 14:19:00,1565.85,1565.85,1565.83,1565.83,-0.0,12.44,19541.63,-1
2026-01-27,2026-01-27 14:20:00,1565.83,1565.83,1565.81,1565.81,-0.0,12.44,19541.63,-1
2026-01-27,2026-01-27 14:21:00,1565.81,1565.81,1565.79,1565.79,-0.0,12.44,19541.63,-1
2026-01-27,2026-01-27 14:22:00,1565.79,1565.79,1565.77,1565.77,-0.0,12.44,19541.63,-1
2026-01-27,2026-01-27 14:23:00,1565.77,1565.77,1565.75,1565.75,-0.0,12.44,19541.63,-1
2026-01-27,2026-01-27 14:24:00,1565.75,1565.75,1565.73,1565.73,-0.0,12.44,19541.63,-1
2026-01-27,2026-01-27 14:25:00,1565.73,1565.73,1565.71,1565.71,-0.0,12.44,19541.63,-1
2026-01-27,2026-01-27 14:26:00,1565.71,1565.71,1565.69,1565.69,-0.0,12.44,19541.63,-1
2026-01-27,2026-01-27 14:27:00,1565.69,1565.69,1565.67,1565.67,-0.0,12.44,19541.63,-1
2026-01-27,2026-01-27 14:28:00,1565.67,1565.67,1565.65,1565.65,-0.0,12.44,19541.63,-1
2026-01-27,2026-01-27 14:29:00,1565.65,1565.65,1565.62,1565.62,-0.0,12.44,19541.63,-1
2026-01-27,2026-01-27 14:30:00,1565.62,1565.62,1565.6,1565.6,-0.0,12.44,19541.63,-1
2026-01-27,2026-01-27 14:31:00,1565.6,1565.6,1565.58,1565.58,-0.0,12.44,19541.63,-1
2026-01-27,2026-01-27 14:32:00,1565.58,1565.58,1565.56,1565.56,-0.0,12.44,19541.63,-1
2026-01-27,2026-01-27 14:33:00,1565.56,1565.56,1565.54,1565.54,-0.0,12.44,19541.63,-1
2026-01-27,2026-01-27 14:34:00,1565.54,1565.54,1565.52,1565.52,-0.0,12.44,19541.63,-1
2026-01-27,2026-01-27 14:35:00,1565.52,1565.52,1565.5,1565.5,-0.0,12.44,19541.63,-1
2026-01-27,2026-01-27 14:36:00,1565.5,1565.5,1565.48,1565.48,-0.0,12.44,19541.63,-1
2026-01-27,2026-01-27 14:37:00,1565.48,1565.48,1565.46,1565.46,-0.0,12.44,19541.63,-1
2026-01-27,2026-01-27 14:38:00,1565.46,1565.46,1565.44,1565.44,-0.0,12.44,19541.63,-1
2026-01-27,2026-01-27 14:39:00,1565.44,1565.44,1565.42,1565.42,-0.0,12.44,19541.63,-1
2026-01-27,2026-01-27 14:40:00,1565.42,1565.42,1565.4,1565.4,-0.0,12.44,19541.63,-1
2026-01-27,2026-01-27 14:41:00,1565.4,1565.4,1565.38,1565.38,-0.0,12.44,19541.63,-1
2026-01-27,2026-01-27 14:42:00,1565.38,1565.38,1565.35,1565.35,-0.0,12.44,19541.63,-1
2026-01-27,2026-01-27 14:43:00,1565.35,1565.35,1565.33,1565.33,-0.0,12.44,19541.63,-1
2026-01-27,2026-01-27 14:44:00,1565.33,1565.33,1565.31,1565.31,-0.0,12.44,19541.63,-1
2026-01-27,2026-01-27 14:45:00,1565.31,1565.31,1565.29,1565.29,-0.0,12.44,19541.63,-1
2026-01-27,2026-01-27 14:46:00,1565.29,1565.29,1565.27,1565.27,-0.0,12.44,19541.63,-1
2026-01-27,2026-01-27 14:47:00,1565.27,1565.27,1565.25,1565.25,-0.0,12.44,19541.63,-1
2026-01-27,2026-01-27 14:48:00,1565.25,1565.25,1565.23,1565.23,-0.0,12.44,19541.63,-1
2026-01-27,2026-01-27 14:49:00,1565.23,1565.23,1565.21,1565.21,-0.0,12.44,19541.63,-1
2026-01-27,2026-01-27 14:50:00,1565.21,1565.21,1565.19,1565.19,-0.0,12.44,19541.63,-1
2026-01-27,2026-01-27 14:51:00,1565.19,1565.19,1565.17,1565.17,-0.0,12.44,19541.63,-1
2026-01-27,2026-01-27 14:52:00,1565.17,1565.17,1565.15,1565.15,-0.0,12.44,19541.63,-1
2026-01-27,2026-01-27 14:53:00,1565.15,1565.15,1565.12,1565.12,-0.0,12.44,19541.63,-1
2026-01-27,2026-01-27 14:54:00,1565.12,1565.12,1565.1,1565.1,-0.0,12.44,19541.63,-1
2026-01-27,2026-01-27 14:55:00,1565.1,1565.1,1565.08,1565.08,-0.0,12.44,19541.63,-1
2026-01-27,2026-01-27 14:56:00,1565.08,1565.08,1565.06,1565.06,-0.0,12.44,19541.63,-1
2026-01-27,2026-01-27 14:57:00,1565.06,1565.06,1565.04,1565.04,-0.0,12.44,19541.63,-1
2026-01-27,2026-01-27 14:58:00,1565.04,1565.04,1565.02,1565.02,-0.0,12.44,19541.63,-1
2026-01-27,2026-01-27 14:59:00,1565.02,1565.02,1565.0,1565.0,-0.0,12.44,19541.63,-1
2026-01-27,2026-01-27 15:00:00,1565.0,1590.0,1565.0,1565.0,0.0,12.44,19541.63,0
2026-01-28,2026-01-28 11:00:00,1549.0,1566.1,1549.0,1549.24,0.02,18.93,29963.11,1
2026-01-28,2026-01-28 11:01:00,1549.24,1549.47,1549.24,1549.47,0.01,18.93,29963.11,1
2026-01-28,2026-01-28 11:02:00,1549.47,1549.71,1549.47,1549.71,0.02,18.93,29963.11,1
2026-01-28,2026-01-28 11:03:00,1549.71,1549.95,1549.71,1549.95,0.02,18.93,29963.11,1
2026-01-28,2026-01-28 11:04:00,1549.95,1550.19,1549.95,1550.19,0.02,18.93,29963.11,1
2026-01-28,2026-01-28 11:05:00,1550.19,1550.42,1550.19,1550.42,0.01,18.93,29963.11,1
2026-01-28,2026-01-28 11:06:00,1550.42,1550.66,1550.42,1550.66,0.02,18.93,29963.11,1
2026-01-28,2026-01-28 11:07:00,1550.66,1550.9,1550.66,1550.9,0.02,18.93,29963.11,1
2026-01-28,2026-01-28 11:08:00,1550.9,1551.14,1550.9,1551.14,0.02,18.93,29963.11,1
2026-01-28,2026-01-28 11:09:00,1551.14,1551.38,1551.14,1551.38,0.02,18.93,29963.11,1
2026-01-28,2026-01-28 11:10:00,1551.38,1551.61,1551.38,1551.61,0.01,18.93,29963.11,1
2026-01-28,2026-01-28 11:11:00,1551.61,1551.85,1551.61,1551.85,0.02,18.93,29963.11,1
2026-01-28,2026-01-28 11:12:00,1551.85,1552.09,1551.85,1552.09,0.02,18.93,29963.11,1
2026-01-28,2026-01-28 11:13:00,1552.09,1552.33,1552.09,1552.33,0.02,18.93,29963.11,1
2026-01-28,2026-01-28 11:14:00,1552.33,1552.56,1552.33,1552.56,0.01,18.93,29963.11,1
2026-01-28,2026-01-28 11:15:00,1552.56,1552.8,1552.56,1552.8,0.02,18.93,29963.11,1
2026-01-28,2026-01-28 11:16:00,1552.8,1553.04,1552.8,1553.04,0.02,18.93,29963.11,1
2026-01-28,2026-01-28 11:17:00,1553.04,1553.28,1553.04,1553.28,0.02,18.93,29963.11,1
2026-01-28,2026-01-28 11:18:00,1553.28,1553.51,1553.28,1553.51,0.01,18.93,29963.11,1
2026-01-28,2026-01-28 11:19:00,1553.51,1553.75,1553.51,1553.75,0.02,18.93,29963.11,1
2026-01-28,2026-01-28 11:20:00,1553.75,1553.99,1553.75,1553.99,0.02,18.93,29963.11,1
2026-01-28,2026-01-28 11:21:00,1553.99,1554.22,1553.99,1554.22,0.01,18.93,29963.11,1
2026-01-28,2026-01-28 11:22:00,1554.22,1554.46,1554.22,1554.46,0.02,18.93,29963.11,1
2026-01-28,2026-01-28 11:23:00,1554.46,1554.7,1554.46,1554.7,0.02,18.93,29963.11,1
2026-01-28,2026-01-28 11:24:00,1554.7,1554.94,1554.7,1554.94,0.02,18.93,29963.11,1
2026-01-28,2026-01-28 11:25:00,1554.94,1555.17,1554.94,1555.17,0.01,18.93,29963.11,1
2026-01-28,2026-01-28 11:26:00,1555.17,1555.41,1555.17,1555.41,0.02,18.93,29963.11,1
2026-01-28,2026-01-28 11:27:00,1555.41,1555.65,1555.41,1555.65,0.02,18.93,29963.11,1
2026-01-28,2026-01-28 11:28:00,1555.65,1555.89,1555.65,1555.89,0.02,18.93,29963.11,1
2026-01-28,2026-01-28 11:29:00,1555.89,1556.12,1555.89,1556.12,0.01,18.93,29963.11,1
2026-01-28,2026-01-28 11:30:00,1556.12,1556.36,1556.12,1556.36,0.02,18.93,29963.11,1
2026-01-28,2026-01-28 11:31:00,1556.36,1556.6,1556.36,1556.6,0.02,18.93,29963.11,1
2026-01-28,2026-01-28 11:32:00,1556.6,1556.84,1556.6,1556.84,0.02,18.93,29963.11,1
2026-01-28,2026-01-28 11:33:00,1556.84,1557.08,1556.84,1557.08,0.02,18.93,29963.11,1
2026-01-28,2026-01-28 11:34:00,1557.08,1557.31,1557.08,1557.31,0.01,18.93,29963.11,1
2026-01-28,2026-01-28 11:35:00,1557.31,1557.55,1557.31,1557.55,0.02,18.93,29963.11,1
2026-01-28,2026-01-28 11:36:00,1557.55,1557.79,1557.55,1557.79,0.02,18.93,29963.11,1
2026-01-28,2026-01-28 11:37:00,1557.79,1558.03,1557.79,1558.03,0.02,18.93,29963.11,1
2026-01-28,2026-01-28 11:38:00,1558.03,1558.26,1558.03,1558.26,0.01,18.93,29963.11,1
2026-01-28,2026-01-28 11:39:00,1558.26,1558.5,1558.26,1558.5,0.02,18.93,29963.11,1
2026-01-28,2026-01-28 11:40:00,1558.5,1558.74,1558.5,1558.74,0.02,18.93,29963.11,1
2026-01-28,2026-01-28 11:41:00,1558.74,1558.97,1558.74,1558.97,0.01,18.93,29963.11,1
2026-01-28,2026-01-28 11:42:00,1558.97,1559.21,1558.97,1559.21,0.02,18.93,29963.11,1
2026-01-28,2026-01-28 11:43:00,1559.21,1559.45,1559.21,1559.45,0.02,18.93,29963.11,1
2026-01-28,2026-01-28 11:44:00,1559.45,1559.69,1559.45,1559.69,0.02,18.93,29963.11,1
2026-01-28,2026-01-28 11:45:00,1559.69,1559.92,1559.69,1559.92,0.01,18.93,29963.11,1
2026-01-28,2026-01-28 11:46:00,1559.92,1560.16,1559.92,1560.16,0.02,18.93,29963.11,1
2026-01-28,2026-01-28 11:47:00,1560.16,1560.4,1560.16,1560.4,0.02,18.93,29963.11,1
2026-01-28,2026-01-28 11:48:00,1560.4,1560.64,1560.4,1560.64,0.02,18.93,29963.11,1
2026-01-28,2026-01-28 11:49:00,1560.64,1560.88,1560.64,1560.88,0.02,18.93,29963.11,1
2026-01-28,2026-01-28 11:50:00,1560.88,1561.11,1560.88,1561.11,0.01,18.93,29963.11,1
2026-01-28,2026-01-28 11:51:00,1561.11,1561.35,1561.11,1561.35,0.02,18.93,29963.11,1
2026-01-28,2026-01-28 11:52:00,1561.35,1561.59,1561.35,1561.59,0.02,18.93,29963.11,1
2026-01-28,2026-01-28 11:53:00,1561.59,1561.83,1561.59,1561.83,0.02,18.93,29963.11,1
2026-01-28,2026-01-28 11:54:00,1561.83,1562.06,1561.83,1562.06,0.01,18.93,29963.11,1
2026-01-28,2026-01-28 11:55:00,1562.06,1562.3,1562.06,1562.3,0.02,18.93,29963.11,1
2026-01-28,2026-01-28 11:56:00,1562.3,1562.54,1562.3,1562.54,0.02,18.93,29963.11,1
2026-01-28,2026-01-28 11:57:00,1562.54,1562.78,1562.54,1562.78,0.02,18.93,29963.11,1
2026-01-28,2026-01-28 11:58:00,1562.78,1563.01,1562.78,1563.01,0.01,18.93,29963.11,1
2026-01-28,2026-01-28 11:59:00,1563.01,1563.25,1563.01,1563.25,0.02,18.93,29963.11,1
2026-01-28,2026-01-28 12:00:00,1563.25,1563.49,1563.25,1563.49,0.02,18.93,29963.11,1
2026-01-28,2026-01-28 12:01:00,1563.49,1563.72,1563.49,1563.72,0.01,18.93,29963.11,1
2026-01-28,2026-01-28 12:02:00,1563.72,1563.96,1563.72,1563.96,0.02,18.93,29963.11,1
2026-01-28,2026-01-28 12:03:00,1563.96,1564.2,1563.96,1564.2,0.02,18.93,29963.11,1
2026-01-28,2026-01-28 12:04:00,1564.2,1564.44,1564.2,1564.44,0.02,18.93,29963.11,1
2026-01-28,2026-01-28 12:05:00,1564.44,1564.67,1564.44,1564.67,0.01,18.93,29963.11,1
2026-01-28,2026-01-28 12:06:00,1564.67,1564.91,1564.67,1564.91,0.02,18.93,29963.11,1
2026-01-28,2026-01-28 12:07:00,1564.91,1565.15,1564.91,1565.15,0.02,18.93,29963.11,1
2026-01-28,2026-01-28 12:08:00,1565.15,1565.39,1565.15,1565.39,0.02,18.93,29963.11,1
2026-01-28,2026-01-28 12:09:00,1565.39,1565.62,1565.39,1565.62,0.01,18.93,29963.11,1
2026-01-28,2026-01-28 12:10:00,1565.62,1565.86,1565.62,1565.86,0.02,18.93,29963.11,1
2026-01-28,2026-01-28 12:11:00,1565.86,1566.1,1565.86,1566.1,0.02,18.93,29963.11,1
2026-01-28,2026-01-28 12:12:00,1566.1,1566.34,1566.1,1566.34,0.02,18.93,29963.11,1
2026-01-28,2026-01-28 12:13:00,1566.34,1566.58,1566.34,1566.58,0.02,18.93,29963.11,1
2026-01-28,2026-01-28 12:14:00,1566.58,1566.81,1566.58,1566.81,0.01,18.93,29963.11,1
2026-01-28,2026-01-28 12:15:00,1566.81,1567.05,1566.81,1567.05,0.02,18.93,29963.11,1
2026-01-28,2026-01-28 12:16:00,1567.05,1567.29,1567.05,1567.29,0.02,18.93,29963.11,1
2026-01-28,2026-01-28 12:17:00,1567.29,1567.53,1567.29,1567.53,0.02,18.93,29963.11,1
2026-01-28,2026-01-28 12:18:00,1567.53,1567.76,1567.53,1567.76,0.01,18.93,29963.11,1
2026-01-28,2026-01-28 12:19:00,1567.76,1568.0,1567.76,1568.0,0.02,18.93,29963.11,1
2026-01-28,2026-01-28 12:20:00,1568.0,1568.24,1568.0,1568.24,0.02,18.93,29963.11,1
2026-01-28,2026-01-28 12:21:00,1568.24,1568.47,1568.24,1568.47,0.01,18.93,29963.11,1
2026-01-28,2026-01-28 12:22:00,1568.47,1568.71,1568.47,1568.71,0.02,18.93,29963.11,1
2026-01-28,2026-01-28 12:23:00,1568.71,1568.95,1568.71,1568.95,0.02,18.93,29963.11,1
2026-01-28,2026-01-28 12:24:00,1568.95,1569.19,1568.95,1569.19,0.02,18.93,29963.11,1
2026-01-28,2026-01-28 12:25:00,1569.19,1569.42,1569.19,1569.42,0.01,18.93,29963.11,1
2026-01-28,2026-01-28 12:26:00,1569.42,1569.66,1569.42,1569.66,0.02,18.93,29963.11,1
2026-01-28,2026-01-28 12:27:00,1569.66,1569.9,1569.66,1569.9,0.02,18.93,29963.11,1
2026-01-28,2026-01-28 12:28:00,1569.9,1570.14,1569.9,1570.14,0.02,18.93,29963.11,1
2026-01-28,2026-01-28 12:29:00,1570.14,1570.38,1570.14,1570.38,0.02,18.93,29963.11,1
2026-01-28,2026-01-28 12:30:00,1570.38,1570.61,1570.38,1570.61,0.01,18.93,29963.11,1
2026-01-28,2026-01-28 12:31:00,1570.61,1570.85,1570.61,1570.85,0.02,18.93,29963.11,1
2026-01-28,2026-01-28 12:32:00,1570.85,1571.09,1570.85,1571.09,0.02,18.93,29963.11,1
2026-01-28,2026-01-28 12:33:00,1571.09,1571.33,1571.09,1571.33,0.02,18.93,29963.11,1
2026-01-28,2026-01-28 12:34:00,1571.33,1571.56,1571.33,1571.56,0.01,18.93,29963.11,1
2026-01-28,2026-01-28 12:35:00,1571.56,1571.8,1571.56,1571.8,0.02,18.93,29963.11,1
2026-01-28,2026-01-28 12:36:00,1571.8,1572.04,1571.8,1572.04,0.02,18.93,29963.11,1
2026-01-28,2026-01-28 12:37:00,1572.04,1572.28,1572.04,1572.28,0.02,18.93,29963.11,1
2026-01-28,2026-01-28 12:38:00,1572.28,1572.51,1572.28,1572.51,0.01,18.93,29963.11,1
2026-01-28,2026-01-28 12:39:00,1572.51,1572.75,1572.51,1572.75,0.02,18.93,29963.11,1
2026-01-28,2026-01-28 12:40:00,1572.75,1572.99,1572.75,1572.99,0.02,18.93,29963.11,1
2026-01-28,2026-01-28 12:41:00,1572.99,1573.22,1572.99,1573.22,0.01,18.93,29963.11,1
2026-01-28,2026-01-28 12:42:00,1573.22,1573.46,1573.22,1573.46,0.02,18.93,29963.11,1
2026-01-28,2026-01-28 12:43:00,1573.46,1573.7,1573.46,1573.7,0.02,18.93,29963.11,1
2026-01-28,2026-01-28 12:44:00,1573.7,1573.94,1573.7,1573.94,0.02,18.93,29963.11,1
2026-01-28,2026-01-28 12:45:00,1573.94,1574.17,1573.94,1574.17,0.01,18.93,29963.11,1
2026-01-28,2026-01-28 12:46:00,1574.17,1574.41,1574.17,1574.41,0.02,18.93,29963.11,1
2026-01-28,2026-01-28 12:47:00,1574.41,1574.65,1574.41,1574.65,0.02,18.93,29963.11,1
2026-01-28,2026-01-28 12:48:00,1574.65,1574.89,1574.65,1574.89,0.02,18.93,29963.11,1
2026-01-28,2026-01-28 12:49:00,1574.89,1575.12,1574.89,1575.12,0.01,18.93,29963.11,1
2026-01-28,2026-01-28 12:50:00,1575.12,1575.36,1575.12,1575.36,0.02,18.93,29963.11,1
2026-01-28,2026-01-28 12:51:00,1575.36,1575.6,1575.36,1575.6,0.02,18.93,29963.11,1
2026-01-28,2026-01-28 12:52:00,1575.6,1575.84,1575.6,1575.84,0.02,18.93,29963.11,1
2026-01-28,2026-01-28 12:53:00,1575.84,1576.08,1575.84,1576.08,0.02,18.93,29963.11,1
2026-01-28,2026-01-28 12:54:00,1576.08,1576.31,1576.08,1576.31,0.01,18.93,29963.11,1
2026-01-28,2026-01-28 12:55:00,1576.31,1576.55,1576.31,1576.55,0.02,18.93,29963.11,1
2026-01-28,2026-01-28 12:56:00,1576.55,1576.79,1576.55,1576.79,0.02,18.93,29963.11,1
2026-01-28,2026-01-28 12:57:00,1576.79,1577.03,1576.79,1577.03,0.02,18.93,29963.11,1
2026-01-28,2026-01-28 12:58:00,1577.03,1577.26,1577.03,1577.26,0.01,18.93,29963.11,1
2026-01-28,2026-01-28 12:59:00,1577.26,1577.5,1577.26,1577.5,0.02,18.93,29963.11,1
2026-01-28,2026-01-28 13:00:00,1577.5,1606.0,1549.0,1577.74,0.02,18.93,29963.11,1
2026-01-28,2026-01-28 13:01:00,1577.74,1577.97,1577.74,1577.97,0.01,18.93,29963.11,1
2026-01-28,2026-01-28 13:02:00,1577.97,1578.21,1577.97,1578.21,0.02,18.93,29963.11,1
2026-01-28,2026-01-28 13:03:00,1578.21,1578.45,1578.21,1578.45,0.02,18.93,29963.11,1
2026-01-28,2026-01-28 13:04:00,1578.45,1578.69,1578.45,1578.69,0.02,18.93,29963.11,1
2026-01-28,2026-01-28 13:05:00,1578.69,1578.92,1578.69,1578.92,0.01,18.93,29963.11,1
2026-01-28,2026-01-28 13:06:00,1578.92,1579.16,1578.92,1579.16,0.02,18.93,29963.11,1
2026-01-28,2026-01-28 13:07:00,1579.16,1579.4,1579.16,1579.4,0.02,18.93,29963.11,1
2026-01-28,2026-01-28 13:08:00,1579.4,1579.64,1579.4,1579.64,0.02,18.93,29963.11,1
2026-01-28,2026-01-28 13:09:00,1579.64,1579.88,1579.64,1579.88,0.02,18.93,29963.11,1
2026-01-28,2026-01-28 13:10:00,1579.88,1580.11,1579.88,1580.11,0.01,18.93,29963.11,1
2026-01-28,2026-01-28 13:11:00,1580.11,1580.35,1580.11,1580.35,0.02,18.93,29963.11,1
2026-01-28,2026-01-28 13:12:00,1580.35,1580.59,1580.35,1580.59,0.02,18.93,29963.11,1
2026-01-28,2026-01-28 13:13:00,1580.59,1580.83,1580.59,1580.83,0.02,18.93,29963.11,1
2026-01-28,2026-01-28 13:14:00,1580.83,1581.06,1580.83,1581.06,0.01,18.93,29963.11,1
2026-01-28,2026-01-28 13:15:00,1581.06,1581.3,1581.06,1581.3,0.02,18.93,29963.11,1
2026-01-28,2026-01-28 13:16:00,1581.3,1581.54,1581.3,1581.54,0.02,18.93,29963.11,1
2026-01-28,2026-01-28 13:17:00,1581.54,1581.78,1581.54,1581.78,0.02,18.93,29963.11,1
2026-01-28,2026-01-28 13:18:00,1581.78,1582.01,1581.78,1582.01,0.01,18.93,29963.11,1
2026-01-28,2026-01-28 13:19:00,1582.01,1582.25,1582.01,1582.25,0.02,18.93,29963.11,1
2026-01-28,2026-01-28 13:20:00,1582.25,1582.49,1582.25,1582.49,0.02,18.93,29963.11,1
2026-01-28,2026-01-28 13:21:00,1582.49,1582.72,1582.49,1582.72,0.01,18.93,29963.11,1
2026-01-28,2026-01-28 13:22:00,1582.72,1582.96,1582.72,1582.96,0.02,18.93,29963.11,1
2026-01-28,2026-01-28 13:23:00,1582.96,1583.2,1582.96,1583.2,0.02,18.93,29963.11,1
2026-01-28,2026-01-28 13:24:00,1583.2,1583.44,1583.2,1583.44,0.02,18.93,29963.11,1
2026-01-28,2026-01-28 13:25:00,1583.44,1583.67,1583.44,1583.67,0.01,18.93,29963.11,1
2026-01-28,2026-01-28 13:26:00,1583.67,1583.91,1583.67,1583.91,0.02,18.93,29963.11,1
2026-01-28,2026-01-28 13:27:00,1583.91,1584.15,1583.91,1584.15,0.02,18.93,29963.11,1
2026-01-28,2026-01-28 13:28:00,1584.15,1584.39,1584.15,1584.39,0.02,18.93,29963.11,1
2026-01-28,2026-01-28 13:29:00,1584.39,1584.62,1584.39,1584.62,0.01,18.93,29963.11,1
2026-01-28,2026-01-28 13:30:00,1584.62,1584.86,1584.62,1584.86,0.02,18.93,29963.11,1
2026-01-28,2026-01-28 13:31:00,1584.86,1585.1,1584.86,1585.1,0.02,18.93,29963.11,1
2026-01-28,2026-01-28 13:32:00,1585.1,1585.34,1585.1,1585.34,0.02,18.93,29963.11,1
2026-01-28,2026-01-28 13:33:00,1585.34,1585.58,1585.34,1585.58,0.02,18.93,29963.11,1
2026-01-28,2026-01-28 13:34:00,1585.58,1585.81,1585.58,1585.81,0.01,18.93,29963.11,1
2026-01-28,2026-01-28 13:35:00,1585.81,1586.05,1585.81,1586.05,0.02,18.93,29963.11,1
2026-01-28,2026-01-28 13:36:00,1586.05,1586.29,1586.05,1586.29,0.02,18.93,29963.11,1
2026-01-28,2026-01-28 13:37:00,1586.29,1586.53,1586.29,1586.53,0.02,18.93,29963.11,1
2026-01-28,2026-01-28 13:38:00,1586.53,1586.76,1586.53,1586.76,0.01,18.93,29963.11,1
2026-01-28,2026-01-28 13:39:00,1586.76,1587.0,1586.76,1587.0,0.02,18.93,29963.11,1
2026-01-28,2026-01-28 13:40:00,1587.0,1587.24,1587.0,1587.24,0.02,18.93,29963.11,1
2026-01-28,2026-01-28 13:41:00,1587.24,1587.47,1587.24,1587.47,0.01,18.93,29963.11,1
2026-01-28,2026-01-28 13:42:00,1587.47,1587.71,1587.47,1587.71,0.02,18.93,29963.11,1
2026-01-28,2026-01-28 13:43:00,1587.71,1587.95,1587.71,1587.95,0.02,18.93,29963.11,1
2026-01-28,2026-01-28 13:44:00,1587.95,1588.19,1587.95,1588.19,0.02,18.93,29963.11,1
2026-01-28,2026-01-28 13:45:00,1588.19,1588.42,1588.19,1588.42,0.01,18.93,29963.11,1
2026-01-28,2026-01-28 13:46:00,1588.42,1588.66,1588.42,1588.66,0.02,18.93,29963.11,1
2026-01-28,2026-01-28 13:47:00,1588.66,1588.9,1588.66,1588.9,0.02,18.93,29963.11,1
2026-01-28,2026-01-28 13:48:00,1588.9,1589.14,1588.9,1589.14,0.02,18.93,29963.11,1
2026-01-28,2026-01-28 13:49:00,1589.14,1589.38,1589.14,1589.38,0.02,18.93,29963.11,1
2026-01-28,2026-01-28 13:50:00,1589.38,1589.61,1589.38,1589.61,0.01,18.93,29963.11,1
2026-01-28,2026-01-28 13:51:00,1589.61,1589.85,1589.61,1589.85,0.02,18.93,29963.11,1
2026-01-28,2026-01-28 13:52:00,1589.85,1590.09,1589.85,1590.09,0.02,18.93,29963.11,1
2026-01-28,2026-01-28 13:53:00,1590.09,1590.33,1590.09,1590.33,0.02,18.93,29963.11,1
2026-01-28,2026-01-28 13:54:00,1590.33,1590.56,1590.33,1590.56,0.01,18.93,29963.11,1
2026-01-28,2026-01-28 13:55:00,1590.56,1590.8,1590.56,1590.8,0.02,18.93,29963.11,1
2026-01-28,2026-01-28 13:56:00,1590.8,1591.04,1590.8,1591.04,0.02,18.93,29963.11,1
2026-01-28,2026-01-28 13:57:00,1591.04,1591.28,1591.04,1591.28,0.02,18.93,29963.11,1
2026-01-28,2026-01-28 13:58:00,1591.28,1591.51,1591.28,1591.51,0.01,18.93,29963.11,1
2026-01-28,2026-01-28 13:59:00,1591.51,1591.75,1591.51,1591.75,0.02,18.93,29963.11,1
2026-01-28,2026-01-28 14:00:00,1591.75,1591.99,1591.75,1591.99,0.02,18.93,29963.11,1
2026-01-28,2026-01-28 14:01:00,1591.99,1592.22,1591.99,1592.22,0.01,18.93,29963.11,1
2026-01-28,2026-01-28 14:02:00,1592.22,1592.46,1592.22,1592.46,0.02,18.93,29963.11,1
2026-01-28,2026-01-28 14:03:00,1592.46,1592.7,1592.46,1592.7,0.02,18.93,29963.11,1
2026-01-28,2026-01-28 14:04:00,1592.7,1592.94,1592.7,1592.94,0.02,18.93,29963.11,1
2026-01-28,2026-01-28 14:05:00,1592.94,1593.17,1592.94,1593.17,0.01,18.93,29963.11,1
2026-01-28,2026-01-28 14:06:00,1593.17,1593.41,1593.17,1593.41,0.02,18.93,29963.11,1
2026-01-28,2026-01-28 14:07:00,1593.41,1593.65,1593.41,1593.65,0.02,18.93,29963.11,1
2026-01-28,2026-01-28 14:08:00,1593.65,1593.89,1593.65,1593.89,0.02,18.93,29963.11,1
2026-01-28,2026-01-28 14:09:00,1593.89,1594.12,1593.89,1594.12,0.01,18.93,29963.11,1
2026-01-28,2026-01-28 14:10:00,1594.12,1594.36,1594.12,1594.36,0.02,18.93,29963.11,1
2026-01-28,2026-01-28 14:11:00,1594.36,1594.6,1594.36,1594.6,0.02,18.93,29963.11,1
2026-01-28,2026-01-28 14:12:00,1594.6,1594.84,1594.6,1594.84,0.02,18.93,29963.11,1
2026-01-28,2026-01-28 14:13:00,1594.84,1595.08,1594.84,1595.08,0.02,18.93,29963.11,1
2026-01-28,2026-01-28 14:14:00,1595.08,1595.31,1595.08,1595.31,0.01,18.93,29963.11,1
2026-01-28,2026-01-28 14:15:00,1595.31,1595.55,1595.31,1595.55,0.02,18.93,29963.11,1
2026-01-28,2026-01-28 14:16:00,1595.55,1595.79,1595.55,1595.79,0.02,18.93,29963.11,1
2026-01-28,2026-01-28 14:17:00,1595.79,1596.03,1595.79,1596.03,0.02,18.93,29963.11,1
2026-01-28,2026-01-28 14:18:00,1596.03,1596.26,1596.03,1596.26,0.01,18.93,29963.11,1
2026-01-28,2026-01-28 14:19:00,1596.26,1596.5,1596.26,1596.5,0.02,18.93,29963.11,1
2026-01-28,2026-01-28 14:20:00,1596.5,1596.74,1596.5,1596.74,0.02,18.93,29963.11,1
2026-01-28,2026-01-28 14:21:00,1596.74,1596.97,1596.74,1596.97,0.01,18.93,29963.11,1
2026-01-28,2026-01-28 14:22:00,1596.97,1597.21,1596.97,1597.21,0.02,18.93,29963.11,1
2026-01-28,2026-01-28 14:23:00,1597.21,1597.45,1597.21,1597.45,0.02,18.93,29963.11,1
2026-01-28,2026-01-28 14:24:00,1597.45,1597.69,1597.45,1597.69,0.02,18.93,29963.11,1
2026-01-28,2026-01-28 14:25:00,1597.69,1597.92,1597.69,1597.92,0.01,18.93,29963.11,1
2026-01-28,2026-01-28 14:26:00,1597.92,1598.16,1597.92,1598.16,0.02,18.93,29963.11,1
2026-01-28,2026-01-28 14:27:00,1598.16,1598.4,1598.16,1598.4,0.02,18.93,29963.11,1
2026-01-28,2026-01-28 14:28:00,1598.4,1598.64,1598.4,1598.64,0.02,18.93,29963.11,1
2026-01-28,2026-01-28 14:29:00,1598.64,1598.88,1598.64,1598.88,0.02,18.93,29963.11,1
2026-01-28,2026-01-28 14:30:00,1598.88,1599.11,1598.88,1599.11,0.01,18.93,29963.11,1
2026-01-28,2026-01-28 14:31:00,1599.11,1599.35,1599.11,1599.35,0.02,18.93,29963.11,1
2026-01-28,2026-01-28 14:32:00,1599.35,1599.59,1599.35,1599.59,0.02,18.93,29963.11,1
2026-01-28,2026-01-28 14:33:00,1599.59,1599.83,1599.59,1599.83,0.02,18.93,29963.11,1
2026-01-28,2026-01-28 14:34:00,1599.83,1600.06,1599.83,1600.06,0.01,18.93,29963.11,1
2026-01-28,2026-01-28 14:35:00,1600.06,1600.3,1600.06,1600.3,0.01,18.93,29963.11,1
2026-01-28,2026-01-28 14:36:00,1600.3,1600.54,1600.3,1600.54,0.01,18.93,29963.11,1
2026-01-28,2026-01-28 14:37:00,1600.54,1600.78,1600.54,1600.78,0.01,18.93,29963.11,1
2026-01-28,2026-01-28 14:38:00,1600.78,1601.01,1600.78,1601.01,0.01,18.93,29963.11,1
2026-01-28,2026-01-28 14:39:00,1601.01,1601.25,1601.01,1601.25,0.01,18.93,29963.11,1
2026-01-28,2026-01-28 14:40:00,1601.25,1601.49,1601.25,1601.49,0.01,18.93,29963.11,1
2026-01-28,2026-01-28 14:41:00,1601.49,1601.72,1601.49,1601.72,0.01,18.93,29963.11,1
2026-01-28,2026-01-28 14:42:00,1601.72,1601.96,1601.72,1601.96,0.01,18.93,29963.11,1
2026-01-28,2026-01-28 14:43:00,1601.96,1602.2,1601.96,1602.2,0.01,18.93,29963.11,1
2026-01-28,2026-01-28 14:44:00,1602.2,1602.44,1602.2,1602.44,0.01,18.93,29963.11,1
2026-01-28,2026-01-28 14:45:00,1602.44,1602.67,1602.44,1602.67,0.01,18.93,29963.11,1
2026-01-28,2026-01-28 14:46:00,1602.67,1602.91,1602.67,1602.91,0.01,18.93,29963.11,1
2026-01-28,2026-01-28 14:47:00,1602.91,1603.15,1602.91,1603.15,0.01,18.93,29963.11,1
2026-01-28,2026-01-28 14:48:00,1603.15,1603.39,1603.15,1603.39,0.01,18.93,29963.11,1
2026-01-28,2026-01-28 14:49:00,1603.39,1603.62,1603.39,1603.62,0.01,18.93,29963.11,1
2026-01-28,2026-01-28 14:50:00,1603.62,1603.86,1603.62,1603.86,0.01,18.93,29963.11,1
2026-01-28,2026-01-28 14:51:00,1603.86,1604.1,1603.86,1604.1,0.01,18.93,29963.11,1
2026-01-28,2026-01-28 14:52:00,1604.1,1604.34,1604.1,1604.34,0.01,18.93,29963.11,1
2026-01-28,2026-01-28 14:53:00,1604.34,1604.58,1604.34,1604.58,0.01,18.93,29963.11,1
2026-01-28,2026-01-28 14:54:00,1604.58,1604.81,1604.58,1604.81,0.01,18.93,29963.11,1
2026-01-28,2026-01-28 14:55:00,1604.81,1605.05,1604.81,1605.05,0.01,18.93,29963.11,1
2026-01-28,2026-01-28 14:56:00,1605.05,1605.29,1605.05,1605.29,0.01,18.93,29963.11,1
2026-01-28,2026-01-28 14:57:00,1605.29,1605.53,1605.29,1605.53,0.01,18.93,29963.11,1
2026-01-28,2026-01-28 14:58:00,1605.53,1605.76,1605.53,1605.76,0.01,18.93,29963.11,1
2026-01-28,2026-01-28 14:59:00,1605.76,1606.0,1605.76,1606.0,0.01,18.93,29963.11,1
2026-01-28,2026-01-28 15:00:00,1606.0,1606.0,1549.0,1606.0,0.0,18.93,29963.11,0
2026-01-29,2026-01-29 11:00:00,1573.9,1595.83,1570.03,1573.93,0.0,82.73,131819.88,1
2026-01-29,2026-01-29 11:01:00,1573.93,1573.95,1573.93,1573.95,0.0,82.73,131819.88,1
2026-01-29,2026-01-29 11:02:00,1573.95,1573.98,1573.95,1573.98,0.0,82.73,131819.88,1
2026-01-29,2026-01-29 11:03:00,1573.98,1574.0,1573.98,1574.0,0.0,82.73,131819.88,1
2026-01-29,2026-01-29 11:04:00,1574.0,1574.03,1574.0,1574.03,0.0,82.73,131819.88,1
2026-01-29,2026-01-29 11:05:00,1574.03,1574.05,1574.03,1574.05,0.0,82.73,131819.88,1
2026-01-29,2026-01-29 11:06:00,1574.05,1574.08,1574.05,1574.08,0.0,82.73,131819.88,1
2026-01-29,2026-01-29 11:07:00,1574.08,1574.1,1574.08,1574.1,0.0,82.73,131819.88,1
2026-01-29,2026-01-29 11:08:00,1574.1,1574.13,1574.1,1574.13,0.0,82.73,131819.88,1
2026-01-29,2026-01-29 11:09:00,1574.13,1574.15,1574.13,1574.15,0.0,82.73,131819.88,1
2026-01-29,2026-01-29 11:10:00,1574.15,1574.18,1574.15,1574.18,0.0,82.73,131819.88,1
2026-01-29,2026-01-29 11:11:00,1574.18,1574.21,1574.18,1574.21,0.0,82.73,131819.88,1
2026-01-29,2026-01-29 11:12:00,1574.21,1574.23,1574.21,1574.23,0.0,82.73,131819.88,1
2026-01-29,2026-01-29 11:13:00,1574.23,1574.26,1574.23,1574.26,0.0,82.73,131819.88,1
2026-01-29,2026-01-29 11:14:00,1574.26,1574.28,1574.26,1574.28,0.0,82.73,131819.88,1
2026-01-29,2026-01-29 11:15:00,1574.28,1574.31,1574.28,1574.31,0.0,82.73,131819.88,1
2026-01-29,2026-01-29 11:16:00,1574.31,1574.33,1574.31,1574.33,0.0,82.73,131819.88,1
2026-01-29,2026-01-29 11:17:00,1574.33,1574.36,1574.33,1574.36,0.0,82.73,131819.88,1
2026-01-29,2026-01-29 11:18:00,1574.36,1574.38,1574.36,1574.38,0.0,82.73,131819.88,1
2026-01-29,2026-01-29 11:19:00,1574.38,1574.41,1574.38,1574.41,0.0,82.73,131819.88,1
2026-01-29,2026-01-29 11:20:00,1574.41,1574.43,1574.41,1574.43,0.0,82.73,131819.88,1
2026-01-29,2026-01-29 11:21:00,1574.43,1574.46,1574.43,1574.46,0.0,82.73,131819.88,1
2026-01-29,2026-01-29 11:22:00,1574.46,1574.48,1574.46,1574.48,0.0,82.73,131819.88,1
2026-01-29,2026-01-29 11:23:00,1574.48,1574.51,1574.48,1574.51,0.0,82.73,131819.88,1
2026-01-29,2026-01-29 11:24:00,1574.51,1574.54,1574.51,1574.54,0.0,82.73,131819.88,1
2026-01-29,2026-01-29 11:25:00,1574.54,1574.56,1574.54,1574.56,0.0,82.73,131819.88,1
2026-01-29,2026-01-29 11:26:00,1574.56,1574.59,1574.56,1574.59,0.0,82.73,131819.88,1
2026-01-29,2026-01-29 11:27:00,1574.59,1574.61,1574.59,1574.61,0.0,82.73,131819.88,1
2026-01-29,2026-01-29 11:28:00,1574.61,1574.64,1574.61,1574.64,0.0,82.73,131819.88,1
2026-01-29,2026-01-29 11:29:00,1574.64,1574.66,1574.64,1574.66,0.0,82.73,131819.88,1
2026-01-29,2026-01-29 11:30:00,1574.66,1574.69,1574.66,1574.69,0.0,82.73,131819.88,1
2026-01-29,2026-01-29 11:31:00,1574.69,1574.71,1574.69,1574.71,0.0,82.73,131819.88,1
2026-01-29,2026-01-29 11:32:00,1574.71,1574.74,1574.71,1574.74,0.0,82.73,131819.88,1
2026-01-29,2026-01-29 11:33:00,1574.74,1574.76,1574.74,1574.76,0.0,82.73,131819.88,1
2026-01-29,2026-01-29 11:34:00,1574.76,1574.79,1574.76,1574.79,0.0,82.73,131819.88,1
2026-01-29,2026-01-29 11:35:00,1574.79,1574.82,1574.79,1574.82,0.0,82.73,131819.88,1
2026-01-29,2026-01-29 11:36:00,1574.82,1574.84,1574.82,1574.84,0.0,82.73,131819.88,1
2026-01-29,2026-01-29 11:37:00,1574.84,1574.87,1574.84,1574.87,0.0,82.73,131819.88,1
2026-01-29,2026-01-29 11:38:00,1574.87,1574.89,1574.87,1574.89,0.0,82.73,131819.88,1
2026-01-29,2026-01-29 11:39:00,1574.89,1574.92,1574.89,1574.92,0.0,82.73,131819.88,1
2026-01-29,2026-01-29 11:40:00,1574.92,1574.94,1574.92,1574.94,0.0,82.73,131819.88,1
2026-01-29,2026-01-29 11:41:00,1574.94,1574.97,1574.94,1574.97,0.0,82.73,131819.88,1
2026-01-29,2026-01-29 11:42:00,1574.97,1574.99,1574.97,1574.99,0.0,82.73,131819.88,1
2026-01-29,2026-01-29 11:43:00,1574.99,1575.02,1574.99,1575.02,0.0,82.73,131819.88,1
2026-01-29,2026-01-29 11:44:00,1575.02,1575.04,1575.02,1575.04,0.0,82.73,131819.88,1
2026-01-29,2026-01-29 11:45:00,1575.04,1575.07,1575.04,1575.07,0.0,82.73,131819.88,1
2026-01-29,2026-01-29 11:46:00,1575.07,1575.09,1575.07,1575.09,0.0,82.73,131819.88,1
2026-01-29,2026-01-29 11:47:00,1575.09,1575.12,1575.09,1575.12,0.0,82.73,131819.88,1
2026-01-29,2026-01-29 11:48:00,1575.12,1575.15,1575.12,1575.15,0.0,82.73,131819.88,1
2026-01-29,2026-01-29 11:49:00,1575.15,1575.17,1575.15,1575.17,0.0,82.73,131819.88,1
2026-01-29,2026-01-29 11:50:00,1575.17,1575.2,1575.17,1575.2,0.0,82.73,131819.88,1
2026-01-29,2026-01-29 11:51:00,1575.2,1575.22,1575.2,1575.22,0.0,82.73,131819.88,1
2026-01-29,2026-01-29 11:52:00,1575.22,1575.25,1575.22,1575.25,0.0,82.73,131819.88,1
2026-01-29,2026-01-29 11:53:00,1575.25,1575.27,1575.25,1575.27,0.0,82.73,131819.88,1
2026-01-29,2026-01-29 11:54:00,1575.27,1575.3,1575.27,1575.3,0.0,82.73,131819.88,1
2026-01-29,2026-01-29 11:55:00,1575.3,1575.32,1575.3,1575.32,0.0,82.73,131819.88,1
2026-01-29,2026-01-29 11:56:00,1575.32,1575.35,1575.32,1575.35,0.0,82.73,131819.88,1
2026-01-29,2026-01-29 11:57:00,1575.35,1575.37,1575.35,1575.37,0.0,82.73,131819.88,1
2026-01-29,2026-01-29 11:58:00,1575.37,1575.4,1575.37,1575.4,0.0,82.73,131819.88,1
2026-01-29,2026-01-29 11:59:00,1575.4,1575.43,1575.4,1575.43,0.0,82.73,131819.88,1
2026-01-29,2026-01-29 12:00:00,1575.43,1575.45,1575.43,1575.45,0.0,82.73,131819.88,1
2026-01-29,2026-01-29 12:01:00,1575.45,1575.48,1575.45,1575.48,0.0,82.73,131819.88,1
2026-01-29,2026-01-29 12:02:00,1575.48,1575.5,1575.48,1575.5,0.0,82.73,131819.88,1
2026-01-29,2026-01-29 12:03:00,1575.5,1575.53,1575.5,1575.53,0.0,82.73,131819.88,1
2026-01-29,2026-01-29 12:04:00,1575.53,1575.55,1575.53,1575.55,0.0,82.73,131819.88,1
2026-01-29,2026-01-29 12:05:00,1575.55,1575.58,1575.55,1575.58,0.0,82.73,131819.88,1
2026-01-29,2026-01-29 12:06:00,1575.58,1575.6,1575.58,1575.6,0.0,82.73,131819.88,1
2026-01-29,2026-01-29 12:07:00,1575.6,1575.63,1575.6,1575.63,0.0,82.73,131819.88,1
2026-01-29,2026-01-29 12:08:00,1575.63,1575.65,1575.63,1575.65,0.0,82.73,131819.88,1
2026-01-29,2026-01-29 12:09:00,1575.65,1575.68,1575.65,1575.68,0.0,82.73,131819.88,1
2026-01-29,2026-01-29 12:10:00,1575.68,1575.7,1575.68,1575.7,0.0,82.73,131819.88,1
2026-01-29,2026-01-29 12:11:00,1575.7,1575.73,1575.7,1575.73,0.0,82.73,131819.88,1
2026-01-29,2026-01-29 12:12:00,1575.73,1575.76,1575.73,1575.76,0.0,82.73,131819.88,1
2026-01-29,2026-01-29 12:13:00,1575.76,1575.78,1575.76,1575.78,0.0,82.73,131819.88,1
2026-01-29,2026-01-29 12:14:00,1575.78,1575.81,1575.78,1575.81,0.0,82.73,131819.88,1
2026-01-29,2026-01-29 12:15:00,1575.81,1575.83,1575.81,1575.83,0.0,82.73,131819.88,1
2026-01-29,2026-01-29 12:16:00,1575.83,1575.86,1575.83,1575.86,0.0,82.73,131819.88,1
2026-01-29,2026-01-29 12:17:00,1575.86,1575.88,1575.86,1575.88,0.0,82.73,131819.88,1
2026-01-29,2026-01-29 12:18:00,1575.88,1575.91,1575.88,1575.91,0.0,82.73,131819.88,1
2026-01-29,2026-01-29 12:19:00,1575.91,1575.93,1575.91,1575.93,0.0,82.73,131819.88,1
2026-01-29,2026-01-29 12:20:00,1575.93,1575.96,1575.93,1575.96,0.0,82.73,131819.88,1
2026-01-29,2026-01-29 12:21:00,1575.96,1575.98,1575.96,1575.98,0.0,82.73,131819.88,1
2026-01-29,2026-01-29 12:22:00,1575.98,1576.01,1575.98,1576.01,0.0,82.73,131819.88,1
2026-01-29,2026-01-29 12:23:00,1576.01,1576.04,1576.01,1576.04,0.0,82.73,131819.88,1
2026-01-29,2026-01-29 12:24:00,1576.04,1576.06,1576.04,1576.06,0.0,82.73,131819.88,1
2026-01-29,2026-01-29 12:25:00,1576.06,1576.09,1576.06,1576.09,0.0,82.73,131819.88,1
2026-01-29,2026-01-29 12:26:00,1576.09,1576.11,1576.09,1576.11,0.0,82.73,131819.88,1
2026-01-29,2026-01-29 12:27:00,1576.11,1576.14,1576.11,1576.14,0.0,82.73,131819.88,1
2026-01-29,2026-01-29 12:28:00,1576.14,1576.16,1576.14,1576.16,0.0,82.73,131819.88,1
2026-01-29,2026-01-29 12:29:00,1576.16,1576.19,1576.16,1576.19,0.0,82.73,131819.88,1
2026-01-29,2026-01-29 12:30:00,1576.19,1576.21,1576.19,1576.21,0.0,82.73,131819.88,1
2026-01-29,2026-01-29 12:31:00,1576.21,1576.24,1576.21,1576.24,0.0,82.73,131819.88,1
2026-01-29,2026-01-29 12:32:00,1576.24,1576.26,1576.24,1576.26,0.0,82.73,131819.88,1
2026-01-29,2026-01-29 12:33:00,1576.26,1576.29,1576.26,1576.29,0.0,82.73,131819.88,1
2026-01-29,2026-01-29 12:34:00,1576.29,1576.31,1576.29,1576.31,0.0,82.73,131819.88,1
2026-01-29,2026-01-29 12:35:00,1576.31,1576.34,1576.31,1576.34,0.0,82.73,131819.88,1
2026-01-29,2026-01-29 12:36:00,1576.34,1576.37,1576.34,1576.37,0.0,82.73,131819.88,1
2026-01-29,2026-01-29 12:37:00,1576.37,1576.39,1576.37,1576.39,0.0,82.73,131819.88,1
2026-01-29,2026-01-29 12:38:00,1576.39,1576.42,1576.39,1576.42,0.0,82.73,131819.88,1
2026-01-29,2026-01-29 12:39:00,1576.42,1576.44,1576.42,1576.44,0.0,82.73,131819.88,1
2026-01-29,2026-01-29 12:40:00,1576.44,1576.47,1576.44,1576.47,0.0,82.73,131819.88,1
2026-01-29,2026-01-29 12:41:00,1576.47,1576.49,1576.47,1576.49,0.0,82.73,131819.88,1
2026-01-29,2026-01-29 12:42:00,1576.49,1576.52,1576.49,1576.52,0.0,82.73,131819.88,1
2026-01-29,2026-01-29 12:43:00,1576.52,1576.54,1576.52,1576.54,0.0,82.73,131819.88,1
2026-01-29,2026-01-29 12:44:00,1576.54,1576.57,1576.54,1576.57,0.0,82.73,131819.88,1
2026-01-29,2026-01-29 12:45:00,1576.57,1576.59,1576.57,1576.59,0.0,82.73,131819.88,1
2026-01-29,2026-01-29 12:46:00,1576.59,1576.62,1576.59,1576.62,0.0,82.73,131819.88,1
2026-01-29,2026-01-29 12:47:00,1576.62,1576.64,1576.62,1576.64,0.0,82.73,131819.88,1
2026-01-29,2026-01-29 12:48:00,1576.64,1576.67,1576.64,1576.67,0.0,82.73,131819.88,1
2026-01-29,2026-01-29 12:49:00,1576.67,1576.7,1576.67,1576.7,0.0,82.73,131819.88,1
2026-01-29,2026-01-29 12:50:00,1576.7,1576.72,1576.7,1576.72,0.0,82.73,131819.88,1
2026-01-29,2026-01-29 12:51:00,1576.72,1576.75,1576.72,1576.75,0.0,82.73,131819.88,1
2026-01-29,2026-01-29 12:52:00,1576.75,1576.77,1576.75,1576.77,0.0,82.73,131819.88,1
2026-01-29,2026-01-29 12:53:00,1576.77,1576.8,1576.77,1576.8,0.0,82.73,131819.88,1
2026-01-29,2026-01-29 12:54:00,1576.8,1576.82,1576.8,1576.82,0.0,82.73,131819.88,1
2026-01-29,2026-01-29 12:55:00,1576.82,1576.85,1576.82,1576.85,0.0,82.73,131819.88,1
2026-01-29,2026-01-29 12:56:00,1576.85,1576.87,1576.85,1576.87,0.0,82.73,131819.88,1
2026-01-29,2026-01-29 12:57:00,1576.87,1576.9,1576.87,1576.9,0.0,82.73,131819.88,1
2026-01-29,2026-01-29 12:58:00,1576.9,1576.92,1576.9,1576.92,0.0,82.73,131819.88,1
2026-01-29,2026-01-29 12:59:00,1576.92,1576.95,1576.92,1576.95,0.0,82.73,131819.88,1
2026-01-29,2026-01-29 13:00:00,1576.95,1647.0,1561.0,1576.98,0.0,82.73,131819.88,1
2026-01-29,2026-01-29 13:01:00,1576.98,1577.0,1576.98,1577.0,0.0,82.73,131819.88,1
2026-01-29,2026-01-29 13:02:00,1577.0,1577.03,1577.0,1577.03,0.0,82.73,131819.88,1
2026-01-29,2026-01-29 13:03:00,1577.03,1577.05,1577.03,1577.05,0.0,82.73,131819.88,1
2026-01-29,2026-01-29 13:04:00,1577.05,1577.08,1577.05,1577.08,0.0,82.73,131819.88,1
2026-01-29,2026-01-29 13:05:00,1577.08,1577.1,1577.08,1577.1,0.0,82.73,131819.88,1
2026-01-29,2026-01-29 13:06:00,1577.1,1577.13,1577.1,1577.13,0.0,82.73,131819.88,1
2026-01-29,2026-01-29 13:07:00,1577.13,1577.15,1577.13,1577.15,0.0,82.73,131819.88,1
2026-01-29,2026-01-29 13:08:00,1577.15,1577.18,1577.15,1577.18,0.0,82.73,131819.88,1
2026-01-29,2026-01-29 13:09:00,1577.18,1577.2,1577.18,1577.2,0.0,82.73,131819.88,1
2026-01-29,2026-01-29 13:10:00,1577.2,1577.23,1577.2,1577.23,0.0,82.73,131819.88,1
2026-01-29,2026-01-29 13:11:00,1577.23,1577.26,1577.23,1577.26,0.0,82.73,131819.88,1
2026-01-29,2026-01-29 13:12:00,1577.26,1577.28,1577.26,1577.28,0.0,82.73,131819.88,1
2026-01-29,2026-01-29 13:13:00,1577.28,1577.31,1577.28,1577.31,0.0,82.73,131819.88,1
2026-01-29,2026-01-29 13:14:00,1577.31,1577.33,1577.31,1577.33,0.0,82.73,131819.88,1
2026-01-29,2026-01-29 13:15:00,1577.33,1577.36,1577.33,1577.36,0.0,82.73,131819.88,1
2026-01-29,2026-01-29 13:16:00,1577.36,1577.38,1577.36,1577.38,0.0,82.73,131819.88,1
2026-01-29,2026-01-29 13:17:00,1577.38,1577.41,1577.38,1577.41,0.0,82.73,131819.88,1
2026-01-29,2026-01-29 13:18:00,1577.41,1577.43,1577.41,1577.43,0.0,82.73,131819.88,1
2026-01-29,2026-01-29 13:19:00,1577.43,1577.46,1577.43,1577.46,0.0,82.73,131819.88,1
2026-01-29,2026-01-29 13:20:00,1577.46,1577.48,1577.46,1577.48,0.0,82.73,131819.88,1
2026-01-29,2026-01-29 13:21:00,1577.48,1577.51,1577.48,1577.51,0.0,82.73,131819.88,1
2026-01-29,2026-01-29 13:22:00,1577.51,1577.53,1577.51,1577.53,0.0,82.73,131819.88,1
2026-01-29,2026-01-29 13:23:00,1577.53,1577.56,1577.53,1577.56,0.0,82.73,131819.88,1
2026-01-29,2026-01-29 13:24:00,1577.56,1577.59,1577.56,1577.59,0.0,82.73,131819.88,1
2026-01-29,2026-01-29 13:25:00,1577.59,1577.61,1577.59,1577.61,0.0,82.73,131819.88,1
2026-01-29,2026-01-29 13:26:00,1577.61,1577.64,1577.61,1577.64,0.0,82.73,131819.88,1
2026-01-29,2026-01-29 13:27:00,1577.64,1577.66,1577.64,1577.66,0.0,82.73,131819.88,1
2026-01-29,2026-01-29 13:28:00,1577.66,1577.69,1577.66,1577.69,0.0,82.73,131819.88,1
2026-01-29,2026-01-29 13:29:00,1577.69,1577.71,1577.69,1577.71,0.0,82.73,131819.88,1
2026-01-29,2026-01-29 13:30:00,1577.71,1577.74,1577.71,1577.74,0.0,82.73,131819.88,1
2026-01-29,2026-01-29 13:31:00,1577.74,1577.76,1577.74,1577.76,0.0,82.73,131819.88,1
2026-01-29,2026-01-29 13:32:00,1577.76,1577.79,1577.76,1577.79,0.0,82.73,131819.88,1
2026-01-29,2026-01-29 13:33:00,1577.79,1577.81,1577.79,1577.81,0.0,82.73,131819.88,1
2026-01-29,2026-01-29 13:34:00,1577.81,1577.84,1577.81,1577.84,0.0,82.73,131819.88,1
2026-01-29,2026-01-29 13:35:00,1577.84,1577.87,1577.84,1577.87,0.0,82.73,131819.88,1
2026-01-29,2026-01-29 13:36:00,1577.87,1577.89,1577.87,1577.89,0.0,82.73,131819.88,1
2026-01-29,2026-01-29 13:37:00,1577.89,1577.92,1577.89,1577.92,0.0,82.73,131819.88,1
2026-01-29,2026-01-29 13:38:00,1577.92,1577.94,1577.92,1577.94,0.0,82.73,131819.88,1
2026-01-29,2026-01-29 13:39:00,1577.94,1577.97,1577.94,1577.97,0.0,82.73,131819.88,1
2026-01-29,2026-01-29 13:40:00,1577.97,1577.99,1577.97,1577.99,0.0,82.73,131819.88,1
2026-01-29,2026-01-29 13:41:00,1577.99,1578.02,1577.99,1578.02,0.0,82.73,131819.88,1
2026-01-29,2026-01-29 13:42:00,1578.02,1578.04,1578.02,1578.04,0.0,82.73,131819.88,1
2026-01-29,2026-01-29 13:43:00,1578.04,1578.07,1578.04,1578.07,0.0,82.73,131819.88,1
2026-01-29,2026-01-29 13:44:00,1578.07,1578.09,1578.07,1578.09,0.0,82.73,131819.88,1
2026-01-29,2026-01-29 13:45:00,1578.09,1578.12,1578.09,1578.12,0.0,82.73,131819.88,1
2026-01-29,2026-01-29 13:46:00,1578.12,1578.14,1578.12,1578.14,0.0,82.73,131819.88,1
2026-01-29,2026-01-29 13:47:00,1578.14,1578.17,1578.14,1578.17,0.0,82.73,131819.88,1
2026-01-29,2026-01-29 13:48:00,1578.17,1578.2,1578.17,1578.2,0.0,82.73,131819.88,1
2026-01-29,2026-01-29 13:49:00,1578.2,1578.22,1578.2,1578.22,0.0,82.73,131819.88,1
2026-01-29,2026-01-29 13:50:00,1578.22,1578.25,1578.22,1578.25,0.0,82.73,131819.88,1
2026-01-29,2026-01-29 13:51:00,1578.25,1578.27,1578.25,1578.27,0.0,82.73,131819.88,1
2026-01-29,2026-01-29 13:52:00,1578.27,1578.3,1578.27,1578.3,0.0,82.73,131819.88,1
2026-01-29,2026-01-29 13:53:00,1578.3,1578.32,1578.3,1578.32,0.0,82.73,131819.88,1
2026-01-29,2026-01-29 13:54:00,1578.32,1578.35,1578.32,1578.35,0.0,82.73,131819.88,1
2026-01-29,2026-01-29 13:55:00,1578.35,1578.37,1578.35,1578.37,0.0,82.73,131819.88,1
2026-01-29,2026-01-29 13:56:00,1578.37,1578.4,1578.37,1578.4,0.0,82.73,131819.88,1
2026-01-29,2026-01-29 13:57:00,1578.4,1578.42,1578.4,1578.42,0.0,82.73,131819.88,1
2026-01-29,2026-01-29 13:58:00,1578.42,1578.45,1578.42,1578.45,0.0,82.73,131819.88,1
2026-01-29,2026-01-29 13:59:00,1578.45,1578.47,1578.45,1578.47,0.0,82.73,131819.88,1
2026-01-29,2026-01-29 14:00:00,1578.47,1578.5,1578.47,1578.5,0.0,82.73,131819.88,1
2026-01-29,2026-01-29 14:01:00,1578.5,1578.53,1578.5,1578.53,0.0,82.73,131819.88,1
2026-01-29,2026-01-29 14:02:00,1578.53,1578.55,1578.53,1578.55,0.0,82.73,131819.88,1
2026-01-29,2026-01-29 14:03:00,1578.55,1578.58,1578.55,1578.58,0.0,82.73,131819.88,1
2026-01-29,2026-01-29 14:04:00,1578.58,1578.6,1578.58,1578.6,0.0,82.73,131819.88,1
2026-01-29,2026-01-29 14:05:00,1578.6,1578.63,1578.6,1578.63,0.0,82.73,131819.88,1
2026-01-29,2026-01-29 14:06:00,1578.63,1578.65,1578.63,1578.65,0.0,82.73,131819.88,1
2026-01-29,2026-01-29 14:07:00,1578.65,1578.68,1578.65,1578.68,0.0,82.73,131819.88,1
2026-01-29,2026-01-29 14:08:00,1578.68,1578.7,1578.68,1578.7,0.0,82.73,131819.88,1
2026-01-29,2026-01-29 14:09:00,1578.7,1578.73,1578.7,1578.73,0.0,82.73,131819.88,1
2026-01-29,2026-01-29 14:10:00,1578.73,1578.75,1578.73,1578.75,0.0,82.73,131819.88,1
2026-01-29,2026-01-29 14:11:00,1578.75,1578.78,1578.75,1578.78,0.0,82.73,131819.88,1
2026-01-29,2026-01-29 14:12:00,1578.78,1578.81,1578.78,1578.81,0.0,82.73,131819.88,1
2026-01-29,2026-01-29 14:13:00,1578.81,1578.83,1578.81,1578.83,0.0,82.73,131819.88,1
2026-01-29,2026-01-29 14:14:00,1578.83,1578.86,1578.83,1578.86,0.0,82.73,131819.88,1
2026-01-29,2026-01-29 14:15:00,1578.86,1578.88,1578.86,1578.88,0.0,82.73,131819.88,1
2026-01-29,2026-01-29 14:16:00,1578.88,1578.91,1578.88,1578.91,0.0,82.73,131819.88,1
2026-01-29,2026-01-29 14:17:00,1578.91,1578.93,1578.91,1578.93,0.0,82.73,131819.88,1
2026-01-29,2026-01-29 14:18:00,1578.93,1578.96,1578.93,1578.96,0.0,82.73,131819.88,1
2026-01-29,2026-01-29 14:19:00,1578.96,1578.98,1578.96,1578.98,0.0,82.73,131819.88,1
2026-01-29,2026-01-29 14:20:00,1578.98,1579.01,1578.98,1579.01,0.0,82.73,131819.88,1
2026-01-29,2026-01-29 14:21:00,1579.01,1579.03,1579.01,1579.03,0.0,82.73,131819.88,1
2026-01-29,2026-01-29 14:22:00,1579.03,1579.06,1579.03,1579.06,0.0,82.73,131819.88,1
2026-01-29,2026-01-29 14:23:00,1579.06,1579.09,1579.06,1579.09,0.0,82.73,131819.88,1
2026-01-29,2026-01-29 14:24:00,1579.09,1579.11,1579.09,1579.11,0.0,82.73,131819.88,1
2026-01-29,2026-01-29 14:25:00,1579.11,1579.14,1579.11,1579.14,0.0,82.73,131819.88,1
2026-01-29,2026-01-29 14:26:00,1579.14,1579.16,1579.14,1579.16,0.0,82.73,131819.88,1
2026-01-29,2026-01-29 14:27:00,1579.16,1579.19,1579.16,1579.19,0.0,82.73,131819.88,1
2026-01-29,2026-01-29 14:28:00,1579.19,1579.21,1579.19,1579.21,0.0,82.73,131819.88,1
2026-01-29,2026-01-29 14:29:00,1579.21,1579.24,1579.21,1579.24,0.0,82.73,131819.88,1
2026-01-29,2026-01-29 14:30:00,1579.24,1579.26,1579.24,1579.26,0.0,82.73,131819.88,1
2026-01-29,2026-01-29 14:31:00,1579.26,1579.29,1579.26,1579.29,0.0,82.73,131819.88,1
2026-01-29,2026-01-29 14:32:00,1579.29,1579.31,1579.29,1579.31,0.0,82.73,131819.88,1
2026-01-29,2026-01-29 14:33:00,1579.31,1579.34,1579.31,1579.34,0.0,82.73,131819.88,1
2026-01-29,2026-01-29 14:34:00,1579.34,1579.36,1579.34,1579.36,0.0,82.73,131819.88,1
2026-01-29,2026-01-29 14:35:00,1579.36,1579.39,1579.36,1579.39,0.0,82.73,131819.88,1
2026-01-29,2026-01-29 14:36:00,1579.39,1579.42,1579.39,1579.42,0.0,82.73,131819.88,1
2026-01-29,2026-01-29 14:37:00,1579.42,1579.44,1579.42,1579.44,0.0,82.73,131819.88,1
2026-01-29,2026-01-29 14:38:00,1579.44,1579.47,1579.44,1579.47,0.0,82.73,131819.88,1
2026-01-29,2026-01-29 14:39:00,1579.47,1579.49,1579.47,1579.49,0.0,82.73,131819.88,1
2026-01-29,2026-01-29 14:40:00,1579.49,1579.52,1579.49,1579.52,0.0,82.73,131819.88,1
2026-01-29,2026-01-29 14:41:00,1579.52,1579.54,1579.52,1579.54,0.0,82.73,131819.88,1
2026-01-29,2026-01-29 14:42:00,1579.54,1579.57,1579.54,1579.57,0.0,82.73,131819.88,1
2026-01-29,2026-01-29 14:43:00,1579.57,1579.59,1579.57,1579.59,0.0,82.73,131819.88,1
2026-01-29,2026-01-29 14:44:00,1579.59,1579.62,1579.59,1579.62,0.0,82.73,131819.88,1
2026-01-29,2026-01-29 14:45:00,1579.62,1579.64,1579.62,1579.64,0.0,82.73,131819.88,1
2026-01-29,2026-01-29 14:46:00,1579.64,1579.67,1579.64,1579.67,0.0,82.73,131819.88,1
2026-01-29,2026-01-29 14:47:00,1579.67,1579.69,1579.67,1579.69,0.0,82.73,131819.88,1
2026-01-29,2026-01-29 14:48:00,1579.69,1579.72,1579.69,1579.72,0.0,82.73,131819.88,1
2026-01-29,2026-01-29 14:49:00,1579.72,1579.75,1579.72,1579.75,0.0,82.73,131819.88,1
2026-01-29,2026-01-29 14:50:00,1579.75,1579.77,1579.75,1579.77,0.0,82.73,131819.88,1
2026-01-29,2026-01-29 14:51:00,1579.77,1579.8,1579.77,1579.8,0.0,82.73,131819.88,1
2026-01-29,2026-01-29 14:52:00,1579.8,1579.82,1579.8,1579.82,0.0,82.73,131819.88,1
2026-01-29,2026-01-29 14:53:00,1579.82,1579.85,1579.82,1579.85,0.0,82.73,131819.88,1
2026-01-29,2026-01-29 14:54:00,1579.85,1579.87,1579.85,1579.87,0.0,82.73,131819.88,1
2026-01-29,2026-01-29 14:55:00,1579.87,1579.9,1579.87,1579.9,0.0,82.73,131819.88,1
2026-01-29,2026-01-29 14:56:00,1579.9,1579.92,1579.9,1579.92,0.0,82.73,131819.88,1
2026-01-29,2026-01-29 14:57:00,1579.92,1579.95,1579.92,1579.95,0.0,82.73,131819.88,1
2026-01-29,2026-01-29 14:58:00,1579.95,1579.97,1579.95,1579.97,0.0,82.73,131819.88,1
2026-01-29,2026-01-29 14:59:00,1579.97,1580.0,1579.97,1580.0,0.0,82.73,131819.88,1
2026-01-29,2026-01-29 15:00:00,1580.0,1647.0,1561.0,1580.0,0.0,82.73,131819.88,0
2026-02-01,2026-02-01 11:00:00,1549.0,1566.7,1549.0,1549.12,0.01,6.83,10752.03,1
2026-02-01,2026-02-01 11:01:00,1549.12,1549.24,1549.12,1549.24,0.01,6.83,10752.03,1
2026-02-01,2026-02-01 11:02:00,1549.24,1549.36,1549.24,1549.36,0.01,6.83,10752.03,1
2026-02-01,2026-02-01 11:03:00,1549.36,1549.48,1549.36,1549.48,0.01,6.83,10752.03,1
2026-02-01,2026-02-01 11:04:00,1549.48,1549.6,1549.48,1549.6,0.01,6.83,10752.03,1
2026-02-01,2026-02-01 11:05:00,1549.6,1549.72,1549.6,1549.72,0.01,6.83,10752.03,1
2026-02-01,2026-02-01 11:06:00,1549.72,1549.85,1549.72,1549.85,0.01,6.83,10752.03,1
2026-02-01,2026-02-01 11:07:00,1549.85,1549.97,1549.85,1549.97,0.01,6.83,10752.03,1
2026-02-01,2026-02-01 11:08:00,1549.97,1550.09,1549.97,1550.09,0.01,6.83,10752.03,1
2026-02-01,2026-02-01 11:09:00,1550.09,1550.21,1550.09,1550.21,0.01,6.83,10752.03,1
2026-02-01,2026-02-01 11:10:00,1550.21,1550.33,1550.21,1550.33,0.01,6.83,10752.03,1
2026-02-01,2026-02-01 11:11:00,1550.33,1550.45,1550.33,1550.45,0.01,6.83,10752.03,1
2026-02-01,2026-02-01 11:12:00,1550.45,1550.57,1550.45,1550.57,0.01,6.83,10752.03,1
2026-02-01,2026-02-01 11:13:00,1550.57,1550.69,1550.57,1550.69,0.01,6.83,10752.03,1
2026-02-01,2026-02-01 11:14:00,1550.69,1550.81,1550.69,1550.81,0.01,6.83,10752.03,1
2026-02-01,2026-02-01 11:15:00,1550.81,1550.93,1550.81,1550.93,0.01,6.83,10752.03,1
2026-02-01,2026-02-01 11:16:00,1550.93,1551.05,1550.93,1551.05,0.01,6.83,10752.03,1
2026-02-01,2026-02-01 11:17:00,1551.05,1551.17,1551.05,1551.17,0.01,6.83,10752.03,1
2026-02-01,2026-02-01 11:18:00,1551.17,1551.3,1551.17,1551.3,0.01,6.83,10752.03,1
2026-02-01,2026-02-01 11:19:00,1551.3,1551.42,1551.3,1551.42,0.01,6.83,10752.03,1
2026-02-01,2026-02-01 11:20:00,1551.42,1551.54,1551.42,1551.54,0.01,6.83,10752.03,1
2026-02-01,2026-02-01 11:21:00,1551.54,1551.66,1551.54,1551.66,0.01,6.83,10752.03,1
2026-02-01,2026-02-01 11:22:00,1551.66,1551.78,1551.66,1551.78,0.01,6.83,10752.03,1
2026-02-01,2026-02-01 11:23:00,1551.78,1551.9,1551.78,1551.9,0.01,6.83,10752.03,1
2026-02-01,2026-02-01 11:24:00,1551.9,1552.02,1551.9,1552.02,0.01,6.83,10752.03,1
2026-02-01,2026-02-01 11:25:00,1552.02,1552.14,1552.02,1552.14,0.01,6.83,10752.03,1
2026-02-01,2026-02-01 11:26:00,1552.14,1552.26,1552.14,1552.26,0.01,6.83,10752.03,1
2026-02-01,2026-02-01 11:27:00,1552.26,1552.38,1552.26,1552.38,0.01,6.83,10752.03,1
2026-02-01,2026-02-01 11:28:00,1552.38,1552.5,1552.38,1552.5,0.01,6.83,10752.03,1
2026-02-01,2026-02-01 11:29:00,1552.5,1552.62,1552.5,1552.62,0.01,6.83,10752.03,1
2026-02-01,2026-02-01 11:30:00,1552.62,1552.75,1552.62,1552.75,0.01,6.83,10752.03,1
2026-02-01,2026-02-01 11:31:00,1552.75,1552.87,1552.75,1552.87,0.01,6.83,10752.03,1
2026-02-01,2026-02-01 11:32:00,1552.87,1552.99,1552.87,1552.99,0.01,6.83,10752.03,1
2026-02-01,2026-02-01 11:33:00,1552.99,1553.11,1552.99,1553.11,0.01,6.83,10752.03,1
2026-02-01,2026-02-01 11:34:00,1553.11,1553.23,1553.11,1553.23,0.01,6.83,10752.03,1
2026-02-01,2026-02-01 11:35:00,1553.23,1553.35,1553.23,1553.35,0.01,6.83,10752.03,1
2026-02-01,2026-02-01 11:36:00,1553.35,1553.47,1553.35,1553.47,0.01,6.83,10752.03,1
2026-02-01,2026-02-01 11:37:00,1553.47,1553.59,1553.47,1553.59,0.01,6.83,10752.03,1
2026-02-01,2026-02-01 11:38:00,1553.59,1553.71,1553.59,1553.71,0.01,6.83,10752.03,1
2026-02-01,2026-02-01 11:39:00,1553.71,1553.83,1553.71,1553.83,0.01,6.83,10752.03,1
2026-02-01,2026-02-01 11:40:00,1553.83,1553.95,1553.83,1553.95,0.01,6.83,10752.03,1
2026-02-01,2026-02-01 11:41:00,1553.95,1554.08,1553.95,1554.08,0.01,6.83,10752.03,1
2026-02-01,2026-02-01 11:42:00,1554.08,1554.2,1554.08,1554.2,0.01,6.83,10752.03,1
2026-02-01,2026-02-01 11:43:00,1554.2,1554.32,1554.2,1554.32,0.01,6.83,10752.03,1
2026-02-01,2026-02-01 11:44:00,1554.32,1554.44,1554.32,1554.44,0.01,6.83,10752.03,1
2026-02-01,2026-02-01 11:45:00,1554.44,1554.56,1554.44,1554.56,0.01,6.83,10752.03,1
2026-02-01,2026-02-01 11:46:00,1554.56,1554.68,1554.56,1554.68,0.01,6.83,10752.03,1
2026-02-01,2026-02-01 11:47:00,1554.68,1554.8,1554.68,1554.8,0.01,6.83,10752.03,1
2026-02-01,2026-02-01 11:48:00,1554.8,1554.92,1554.8,1554.92,0.01,6.83,10752.03,1
2026-02-01,2026-02-01 11:49:00,1554.92,1555.04,1554.92,1555.04,0.01,6.83,10752.03,1
2026-02-01,2026-02-01 11:50:00,1555.04,1555.16,1555.04,1555.16,0.01,6.83,10752.03,1
2026-02-01,2026-02-01 11:51:00,1555.16,1555.28,1555.16,1555.28,0.01,6.83,10752.03,1
2026-02-01,2026-02-01 11:52:00,1555.28,1555.4,1555.28,1555.4,0.01,6.83,10752.03,1
2026-02-01,2026-02-01 11:53:00,1555.4,1555.53,1555.4,1555.53,0.01,6.83,10752.03,1
2026-02-01,2026-02-01 11:54:00,1555.53,1555.65,1555.53,1555.65,0.01,6.83,10752.03,1
2026-02-01,2026-02-01 11:55:00,1555.65,1555.77,1555.65,1555.77,0.01,6.83,10752.03,1
2026-02-01,2026-02-01 11:56:00,1555.77,1555.89,1555.77,1555.89,0.01,6.83,10752.03,1
2026-02-01,2026-02-01 11:57:00,1555.89,1556.01,1555.89,1556.01,0.01,6.83,10752.03,1
2026-02-01,2026-02-01 11:58:00,1556.01,1556.13,1556.01,1556.13,0.01,6.83,10752.03,1
2026-02-01,2026-02-01 11:59:00,1556.13,1556.25,1556.13,1556.25,0.01,6.83,10752.03,1
2026-02-01,2026-02-01 12:00:00,1556.25,1556.37,1556.25,1556.37,0.01,6.83,10752.03,1
2026-02-01,2026-02-01 12:01:00,1556.37,1556.49,1556.37,1556.49,0.01,6.83,10752.03,1
2026-02-01,2026-02-01 12:02:00,1556.49,1556.61,1556.49,1556.61,0.01,6.83,10752.03,1
2026-02-01,2026-02-01 12:03:00,1556.61,1556.73,1556.61,1556.73,0.01,6.83,10752.03,1
2026-02-01,2026-02-01 12:04:00,1556.73,1556.85,1556.73,1556.85,0.01,6.83,10752.03,1
2026-02-01,2026-02-01 12:05:00,1556.85,1556.97,1556.85,1556.97,0.01,6.83,10752.03,1
2026-02-01,2026-02-01 12:06:00,1556.97,1557.1,1556.97,1557.1,0.01,6.83,10752.03,1
2026-02-01,2026-02-01 12:07:00,1557.1,1557.22,1557.1,1557.22,0.01,6.83,10752.03,1
2026-02-01,2026-02-01 12:08:00,1557.22,1557.34,1557.22,1557.34,0.01,6.83,10752.03,1
2026-02-01,2026-02-01 12:09:00,1557.34,1557.46,1557.34,1557.46,0.01,6.83,10752.03,1
2026-02-01,2026-02-01 12:10:00,1557.46,1557.58,1557.46,1557.58,0.01,6.83,10752.03,1
2026-02-01,2026-02-01 12:11:00,1557.58,1557.7,1557.58,1557.7,0.01,6.83,10752.03,1
2026-02-01,2026-02-01 12:12:00,1557.7,1557.82,1557.7,1557.82,0.01,6.83,10752.03,1
2026-02-01,2026-02-01 12:13:00,1557.82,1557.94,1557.82,1557.94,0.01,6.83,10752.03,1
2026-02-01,2026-02-01 12:14:00,1557.94,1558.06,1557.94,1558.06,0.01,6.83,10752.03,1
2026-02-01,2026-02-01 12:15:00,1558.06,1558.18,1558.06,1558.18,0.01,6.83,10752.03,1
2026-02-01,2026-02-01 12:16:00,1558.18,1558.3,1558.18,1558.3,0.01,6.83,10752.03,1
2026-02-01,2026-02-01 12:17:00,1558.3,1558.42,1558.3,1558.42,0.01,6.83,10752.03,1
2026-02-01,2026-02-01 12:18:00,1558.42,1558.55,1558.42,1558.55,0.01,6.83,10752.03,1
2026-02-01,2026-02-01 12:19:00,1558.55,1558.67,1558.55,1558.67,0.01,6.83,10752.03,1
2026-02-01,2026-02-01 12:20:00,1558.67,1558.79,1558.67,1558.79,0.01,6.83,10752.03,1
2026-02-01,2026-02-01 12:21:00,1558.79,1558.91,1558.79,1558.91,0.01,6.83,10752.03,1
2026-02-01,2026-02-01 12:22:00,1558.91,1559.03,1558.91,1559.03,0.01,6.83,10752.03,1
2026-02-01,2026-02-01 12:23:00,1559.03,1559.15,1559.03,1559.15,0.01,6.83,10752.03,1
2026-02-01,2026-02-01 12:24:00,1559.15,1559.27,1559.15,1559.27,0.01,6.83,10752.03,1
2026-02-01,2026-02-01 12:25:00,1559.27,1559.39,1559.27,1559.39,0.01,6.83,10752.03,1
2026-02-01,2026-02-01 12:26:00,1559.39,1559.51,1559.39,1559.51,0.01,6.83,10752.03,1
2026-02-01,2026-02-01 12:27:00,1559.51,1559.63,1559.51,1559.63,0.01,6.83,10752.03,1
2026-02-01,2026-02-01 12:28:00,1559.63,1559.75,1559.63,1559.75,0.01,6.83,10752.03,1
2026-02-01,2026-02-01 12:29:00,1559.75,1559.88,1559.75,1559.88,0.01,6.83,10752.03,1
2026-02-01,2026-02-01 12:30:00,1559.88,1560.0,1559.88,1560.0,0.01,6.83,10752.03,1
2026-02-01,2026-02-01 12:31:00,1560.0,1560.12,1560.0,1560.12,0.01,6.83,10752.03,1
2026-02-01,2026-02-01 12:32:00,1560.12,1560.24,1560.12,1560.24,0.01,6.83,10752.03,1
2026-02-01,2026-02-01 12:33:00,1560.24,1560.36,1560.24,1560.36,0.01,6.83,10752.03,1
2026-02-01,2026-02-01 12:34:00,1560.36,1560.48,1560.36,1560.48,0.01,6.83,10752.03,1
2026-02-01,2026-02-01 12:35:00,1560.48,1560.6,1560.48,1560.6,0.01,6.83,10752.03,1
2026-02-01,2026-02-01 12:36:00,1560.6,1560.72,1560.6,1560.72,0.01,6.83,10752.03,1
2026-02-01,2026-02-01 12:37:00,1560.72,1560.84,1560.72,1560.84,0.01,6.83,10752.03,1
2026-02-01,2026-02-01 12:38:00,1560.84,1560.96,1560.84,1560.96,0.01,6.83,10752.03,1
2026-02-01,2026-02-01 12:39:00,1560.96,1561.08,1560.96,1561.08,0.01,6.83,10752.03,1
2026-02-01,2026-02-01 12:40:00,1561.08,1561.2,1561.08,1561.2,0.01,6.83,10752.03,1
2026-02-01,2026-02-01 12:41:00,1561.2,1561.33,1561.2,1561.33,0.01,6.83,10752.03,1
2026-02-01,2026-02-01 12:42:00,1561.33,1561.45,1561.33,1561.45,0.01,6.83,10752.03,1
2026-02-01,2026-02-01 12:43:00,1561.45,1561.57,1561.45,1561.57,0.01,6.83,10752.03,1
2026-02-01,2026-02-01 12:44:00,1561.57,1561.69,1561.57,1561.69,0.01,6.83,10752.03,1
2026-02-01,2026-02-01 12:45:00,1561.69,1561.81,1561.69,1561.81,0.01,6.83,10752.03,1
2026-02-01,2026-02-01 12:46:00,1561.81,1561.93,1561.81,1561.93,0.01,6.83,10752.03,1
2026-02-01,2026-02-01 12:47:00,1561.93,1562.05,1561.93,1562.05,0.01,6.83,10752.03,1
2026-02-01,2026-02-01 12:48:00,1562.05,1562.17,1562.05,1562.17,0.01,6.83,10752.03,1
2026-02-01,2026-02-01 12:49:00,1562.17,1562.29,1562.17,1562.29,0.01,6.83,10752.03,1
2026-02-01,2026-02-01 12:50:00,1562.29,1562.41,1562.29,1562.41,0.01,6.83,10752.03,1
2026-02-01,2026-02-01 12:51:00,1562.41,1562.53,1562.41,1562.53,0.01,6.83,10752.03,1
2026-02-01,2026-02-01 12:52:00,1562.53,1562.65,1562.53,1562.65,0.01,6.83,10752.03,1
2026-02-01,2026-02-01 12:53:00,1562.65,1562.78,1562.65,1562.78,0.01,6.83,10752.03,1
2026-02-01,2026-02-01 12:54:00,1562.78,1562.9,1562.78,1562.9,0.01,6.83,10752.03,1
2026-02-01,2026-02-01 12:55:00,1562.9,1563.02,1562.9,1563.02,0.01,6.83,10752.03,1
2026-02-01,2026-02-01 12:56:00,1563.02,1563.14,1563.02,1563.14,0.01,6.83,10752.03,1
2026-02-01,2026-02-01 12:57:00,1563.14,1563.26,1563.14,1563.26,0.01,6.83,10752.03,1
2026-02-01,2026-02-01 12:58:00,1563.26,1563.38,1563.26,1563.38,0.01,6.83,10752.03,1
2026-02-01,2026-02-01 12:59:00,1563.38,1563.5,1563.38,1563.5,0.01,6.83,10752.03,1
2026-02-01,2026-02-01 13:00:00,1563.5,1608.0,1549.0,1563.62,0.01,6.83,10752.03,1
2026-02-01,2026-02-01 13:01:00,1563.62,1563.74,1563.62,1563.74,0.01,6.83,10752.03,1
2026-02-01,2026-02-01 13:02:00,1563.74,1563.86,1563.74,1563.86,0.01,6.83,10752.03,1
2026-02-01,2026-02-01 13:03:00,1563.86,1563.98,1563.86,1563.98,0.01,6.83,10752.03,1
2026-02-01,2026-02-01 13:04:00,1563.98,1564.1,1563.98,1564.1,0.01,6.83,10752.03,1
2026-02-01,2026-02-01 13:05:00,1564.1,1564.22,1564.1,1564.22,0.01,6.83,10752.03,1
2026-02-01,2026-02-01 13:06:00,1564.22,1564.35,1564.22,1564.35,0.01,6.83,10752.03,1
2026-02-01,2026-02-01 13:07:00,1564.35,1564.47,1564.35,1564.47,0.01,6.83,10752.03,1
2026-02-01,2026-02-01 13:08:00,1564.47,1564.59,1564.47,1564.59,0.01,6.83,10752.03,1
2026-02-01,2026-02-01 13:09:00,1564.59,1564.71,1564.59,1564.71,0.01,6.83,10752.03,1
2026-02-01,2026-02-01 13:10:00,1564.71,1564.83,1564.71,1564.83,0.01,6.83,10752.03,1
2026-02-01,2026-02-01 13:11:00,1564.83,1564.95,1564.83,1564.95,0.01,6.83,10752.03,1
2026-02-01,2026-02-01 13:12:00,1564.95,1565.07,1564.95,1565.07,0.01,6.83,10752.03,1
2026-02-01,2026-02-01 13:13:00,1565.07,1565.19,1565.07,1565.19,0.01,6.83,10752.03,1
2026-02-01,2026-02-01 13:14:00,1565.19,1565.31,1565.19,1565.31,0.01,6.83,10752.03,1
2026-02-01,2026-02-01 13:15:00,1565.31,1565.43,1565.31,1565.43,0.01,6.83,10752.03,1
2026-02-01,2026-02-01 13:16:00,1565.43,1565.55,1565.43,1565.55,0.01,6.83,10752.03,1
2026-02-01,2026-02-01 13:17:00,1565.55,1565.67,1565.55,1565.67,0.01,6.83,10752.03,1
2026-02-01,2026-02-01 13:18:00,1565.67,1565.8,1565.67,1565.8,0.01,6.83,10752.03,1
2026-02-01,2026-02-01 13:19:00,1565.8,1565.92,1565.8,1565.92,0.01,6.83,10752.03,1
2026-02-01,2026-02-01 13:20:00,1565.92,1566.04,1565.92,1566.04,0.01,6.83,10752.03,1
2026-02-01,2026-02-01 13:21:00,1566.04,1566.16,1566.04,1566.16,0.01,6.83,10752.03,1
2026-02-01,2026-02-01 13:22:00,1566.16,1566.28,1566.16,1566.28,0.01,6.83,10752.03,1
2026-02-01,2026-02-01 13:23:00,1566.28,1566.4,1566.28,1566.4,0.01,6.83,10752.03,1
2026-02-01,2026-02-01 13:24:00,1566.4,1566.52,1566.4,1566.52,0.01,6.83,10752.03,1
2026-02-01,2026-02-01 13:25:00,1566.52,1566.64,1566.52,1566.64,0.01,6.83,10752.03,1
2026-02-01,2026-02-01 13:26:00,1566.64,1566.76,1566.64,1566.76,0.01,6.83,10752.03,1
2026-02-01,2026-02-01 13:27:00,1566.76,1566.88,1566.76,1566.88,0.01,6.83,10752.03,1
2026-02-01,2026-02-01 13:28:00,1566.88,1567.0,1566.88,1567.0,0.01,6.83,10752.03,1
2026-02-01,2026-02-01 13:29:00,1567.0,1567.12,1567.0,1567.12,0.01,6.83,10752.03,1
2026-02-01,2026-02-01 13:30:00,1567.12,1567.25,1567.12,1567.25,0.01,6.83,10752.03,1
2026-02-01,2026-02-01 13:31:00,1567.25,1567.37,1567.25,1567.37,0.01,6.83,10752.03,1
2026-02-01,2026-02-01 13:32:00,1567.37,1567.49,1567.37,1567.49,0.01,6.83,10752.03,1
2026-02-01,2026-02-01 13:33:00,1567.49,1567.61,1567.49,1567.61,0.01,6.83,10752.03,1
2026-02-01,2026-02-01 13:34:00,1567.61,1567.73,1567.61,1567.73,0.01,6.83,10752.03,1
2026-02-01,2026-02-01 13:35:00,1567.73,1567.85,1567.73,1567.85,0.01,6.83,10752.03,1
2026-02-01,2026-02-01 13:36:00,1567.85,1567.97,1567.85,1567.97,0.01,6.83,10752.03,1
2026-02-01,2026-02-01 13:37:00,1567.97,1568.09,1567.97,1568.09,0.01,6.83,10752.03,1
2026-02-01,2026-02-01 13:38:00,1568.09,1568.21,1568.09,1568.21,0.01,6.83,10752.03,1
2026-02-01,2026-02-01 13:39:00,1568.21,1568.33,1568.21,1568.33,0.01,6.83,10752.03,1
2026-02-01,2026-02-01 13:40:00,1568.33,1568.45,1568.33,1568.45,0.01,6.83,10752.03,1
2026-02-01,2026-02-01 13:41:00,1568.45,1568.58,1568.45,1568.58,0.01,6.83,10752.03,1
2026-02-01,2026-02-01 13:42:00,1568.58,1568.7,1568.58,1568.7,0.01,6.83,10752.03,1
2026-02-01,2026-02-01 13:43:00,1568.7,1568.82,1568.7,1568.82,0.01,6.83,10752.03,1
2026-02-01,2026-02-01 13:44:00,1568.82,1568.94,1568.82,1568.94,0.01,6.83,10752.03,1
2026-02-01,2026-02-01 13:45:00,1568.94,1569.06,1568.94,1569.06,0.01,6.83,10752.03,1
2026-02-01,2026-02-01 13:46:00,1569.06,1569.18,1569.06,1569.18,0.01,6.83,10752.03,1
2026-02-01,2026-02-01 13:47:00,1569.18,1569.3,1569.18,1569.3,0.01,6.83,10752.03,1
2026-02-01,2026-02-01 13:48:00,1569.3,1569.42,1569.3,1569.42,0.01,6.83,10752.03,1
2026-02-01,2026-02-01 13:49:00,1569.42,1569.54,1569.42,1569.54,0.01,6.83,10752.03,1
2026-02-01,2026-02-01 13:50:00,1569.54,1569.66,1569.54,1569.66,0.01,6.83,10752.03,1
2026-02-01,2026-02-01 13:51:00,1569.66,1569.78,1569.66,1569.78,0.01,6.83,10752.03,1
2026-02-01,2026-02-01 13:52:00,1569.78,1569.9,1569.78,1569.9,0.01,6.83,10752.03,1
2026-02-01,2026-02-01 13:53:00,1569.9,1570.03,1569.9,1570.03,0.01,6.83,10752.03,1
2026-02-01,2026-02-01 13:54:00,1570.03,1570.15,1570.03,1570.15,0.01,6.83,10752.03,1
2026-02-01,2026-02-01 13:55:00,1570.15,1570.27,1570.15,1570.27,0.01,6.83,10752.03,1
2026-02-01,2026-02-01 13:56:00,1570.27,1570.39,1570.27,1570.39,0.01,6.83,10752.03,1
2026-02-01,2026-02-01 13:57:00,1570.39,1570.51,1570.39,1570.51,0.01,6.83,10752.03,1
2026-02-01,2026-02-01 13:58:00,1570.51,1570.63,1570.51,1570.63,0.01,6.83,10752.03,1
2026-02-01,2026-02-01 13:59:00,1570.63,1570.75,1570.63,1570.75,0.01,6.83,10752.03,1
2026-02-01,2026-02-01 14:00:00,1570.75,1570.87,1570.75,1570.87,0.01,6.83,10752.03,1
2026-02-01,2026-02-01 14:01:00,1570.87,1570.99,1570.87,1570.99,0.01,6.83,10752.03,1
2026-02-01,2026-02-01 14:02:00,1570.99,1571.11,1570.99,1571.11,0.01,6.83,10752.03,1
2026-02-01,2026-02-01 14:03:00,1571.11,1571.23,1571.11,1571.23,0.01,6.83,10752.03,1
2026-02-01,2026-02-01 14:04:00,1571.23,1571.35,1571.23,1571.35,0.01,6.83,10752.03,1
2026-02-01,2026-02-01 14:05:00,1571.35,1571.47,1571.35,1571.47,0.01,6.83,10752.03,1
2026-02-01,2026-02-01 14:06:00,1571.47,1571.6,1571.47,1571.6,0.01,6.83,10752.03,1
2026-02-01,2026-02-01 14:07:00,1571.6,1571.72,1571.6,1571.72,0.01,6.83,10752.03,1
2026-02-01,2026-02-01 14:08:00,1571.72,1571.84,1571.72,1571.84,0.01,6.83,10752.03,1
2026-02-01,2026-02-01 14:09:00,1571.84,1571.96,1571.84,1571.96,0.01,6.83,10752.03,1
2026-02-01,2026-02-01 14:10:00,1571.96,1572.08,1571.96,1572.08,0.01,6.83,10752.03,1
2026-02-01,2026-02-01 14:11:00,1572.08,1572.2,1572.08,1572.2,0.01,6.83,10752.03,1
2026-02-01,2026-02-01 14:12:00,1572.2,1572.32,1572.2,1572.32,0.01,6.83,10752.03,1
2026-02-01,2026-02-01 14:13:00,1572.32,1572.44,1572.32,1572.44,0.01,6.83,10752.03,1
2026-02-01,2026-02-01 14:14:00,1572.44,1572.56,1572.44,1572.56,0.01,6.83,10752.03,1
2026-02-01,2026-02-01 14:15:00,1572.56,1572.68,1572.56,1572.68,0.01,6.83,10752.03,1
2026-02-01,2026-02-01 14:16:00,1572.68,1572.8,1572.68,1572.8,0.01,6.83,10752.03,1
2026-02-01,2026-02-01 14:17:00,1572.8,1572.92,1572.8,1572.92,0.01,6.83,10752.03,1
2026-02-01,2026-02-01 14:18:00,1572.92,1573.05,1572.92,1573.05,0.01,6.83,10752.03,1
2026-02-01,2026-02-01 14:19:00,1573.05,1573.17,1573.05,1573.17,0.01,6.83,10752.03,1
2026-02-01,2026-02-01 14:20:00,1573.17,1573.29,1573.17,1573.29,0.01,6.83,10752.03,1
2026-02-01,2026-02-01 14:21:00,1573.29,1573.41,1573.29,1573.41,0.01,6.83,10752.03,1
2026-02-01,2026-02-01 14:22:00,1573.41,1573.53,1573.41,1573.53,0.01,6.83,10752.03,1
2026-02-01,2026-02-01 14:23:00,1573.53,1573.65,1573.53,1573.65,0.01,6.83,10752.03,1
2026-02-01,2026-02-01 14:24:00,1573.65,1573.77,1573.65,1573.77,0.01,6.83,10752.03,1
2026-02-01,2026-02-01 14:25:00,1573.77,1573.89,1573.77,1573.89,0.01,6.83,10752.03,1
2026-02-01,2026-02-01 14:26:00,1573.89,1574.01,1573.89,1574.01,0.01,6.83,10752.03,1
2026-02-01,2026-02-01 14:27:00,1574.01,1574.13,1574.01,1574.13,0.01,6.83,10752.03,1
2026-02-01,2026-02-01 14:28:00,1574.13,1574.25,1574.13,1574.25,0.01,6.83,10752.03,1
2026-02-01,2026-02-01 14:29:00,1574.25,1574.38,1574.25,1574.38,0.01,6.83,10752.03,1
2026-02-01,2026-02-01 14:30:00,1574.38,1574.5,1574.38,1574.5,0.01,6.83,10752.03,1
2026-02-01,2026-02-01 14:31:00,1574.5,1574.62,1574.5,1574.62,0.01,6.83,10752.03,1
2026-02-01,2026-02-01 14:32:00,1574.62,1574.74,1574.62,1574.74,0.01,6.83,10752.03,1
2026-02-01,2026-02-01 14:33:00,1574.74,1574.86,1574.74,1574.86,0.01,6.83,10752.03,1
2026-02-01,2026-02-01 14:34:00,1574.86,1574.98,1574.86,1574.98,0.01,6.83,10752.03,1
2026-02-01,2026-02-01 14:35:00,1574.98,1575.1,1574.98,1575.1,0.01,6.83,10752.03,1
2026-02-01,2026-02-01 14:36:00,1575.1,1575.22,1575.1,1575.22,0.01,6.83,10752.03,1
2026-02-01,2026-02-01 14:37:00,1575.22,1575.34,1575.22,1575.34,0.01,6.83,10752.03,1
2026-02-01,2026-02-01 14:38:00,1575.34,1575.46,1575.34,1575.46,0.01,6.83,10752.03,1
2026-02-01,2026-02-01 14:39:00,1575.46,1575.58,1575.46,1575.58,0.01,6.83,10752.03,1
2026-02-01,2026-02-01 14:40:00,1575.58,1575.7,1575.58,1575.7,0.01,6.83,10752.03,1
2026-02-01,2026-02-01 14:41:00,1575.7,1575.83,1575.7,1575.83,0.01,6.83,10752.03,1
2026-02-01,2026-02-01 14:42:00,1575.83,1575.95,1575.83,1575.95,0.01,6.83,10752.03,1
2026-02-01,2026-02-01 14:43:00,1575.95,1576.07,1575.95,1576.07,0.01,6.83,10752.03,1
2026-02-01,2026-02-01 14:44:00,1576.07,1576.19,1576.07,1576.19,0.01,6.83,10752.03,1
2026-02-01,2026-02-01 14:45:00,1576.19,1576.31,1576.19,1576.31,0.01,6.83,10752.03,1
2026-02-01,2026-02-01 14:46:00,1576.31,1576.43,1576.31,1576.43,0.01,6.83,10752.03,1
2026-02-01,2026-02-01 14:47:00,1576.43,1576.55,1576.43,1576.55,0.01,6.83,10752.03,1
2026-02-01,2026-02-01 14:48:00,1576.55,1576.67,1576.55,1576.67,0.01,6.83,10752.03,1
2026-02-01,2026-02-01 14:49:00,1576.67,1576.79,1576.67,1576.79,0.01,6.83,10752.03,1
2026-02-01,2026-02-01 14:50:00,1576.79,1576.91,1576.79,1576.91,0.01,6.83,10752.03,1
2026-02-01,2026-02-01 14:51:00,1576.91,1577.03,1576.91,1577.03,0.01,6.83,10752.03,1
2026-02-01,2026-02-01 14:52:00,1577.03,1577.15,1577.03,1577.15,0.01,6.83,10752.03,1
2026-02-01,2026-02-01 14:53:00,1577.15,1577.28,1577.15,1577.28,0.01,6.83,10752.03,1
2026-02-01,2026-02-01 14:54:00,1577.28,1577.4,1577.28,1577.4,0.01,6.83,10752.03,1
2026-02-01,2026-02-01 14:55:00,1577.4,1577.52,1577.4,1577.52,0.01,6.83,10752.03,1
2026-02-01,2026-02-01 14:56:00,1577.52,1577.64,1577.52,1577.64,0.01,6.83,10752.03,1
2026-02-01,2026-02-01 14:57:00,1577.64,1577.76,1577.64,1577.76,0.01,6.83,10752.03,1
2026-02-01,2026-02-01 14:58:00,1577.76,1577.88,1577.76,1577.88,0.01,6.83,10752.03,1
2026-02-01,2026-02-01 14:59:00,1577.88,1578.0,1577.88,1578.0,0.01,6.83,10752.03,1
2026-02-01,2026-02-01 15:00:00,1578.0,1608.0,1549.0,1578.0,0.0,6.83,10752.03,0
2026-02-02,2026-02-02 11:00:00,1560.0,1571.7,1560.0,1560.01,0.0,66.4,104676.23,1
2026-02-02,2026-02-02 11:01:00,1560.01,1560.02,1560.01,1560.02,0.0,66.4,104676.23,1
2026-02-02,2026-02-02 11:02:00,1560.02,1560.03,1560.02,1560.03,0.0,66.4,104676.23,1
2026-02-02,2026-02-02 11:03:00,1560.03,1560.03,1560.03,1560.03,0.0,66.4,104676.23,0
2026-02-02,2026-02-02 11:04:00,1560.03,1560.04,1560.03,1560.04,0.0,66.4,104676.23,1
2026-02-02,2026-02-02 11:05:00,1560.04,1560.05,1560.04,1560.05,0.0,66.4,104676.23,1
2026-02-02,2026-02-02 11:06:00,1560.05,1560.06,1560.05,1560.06,0.0,66.4,104676.23,1
2026-02-02,2026-02-02 11:07:00,1560.06,1560.07,1560.06,1560.07,0.0,66.4,104676.23,1
2026-02-02,2026-02-02 11:08:00,1560.07,1560.08,1560.07,1560.08,0.0,66.4,104676.23,1
2026-02-02,2026-02-02 11:09:00,1560.08,1560.08,1560.08,1560.08,0.0,66.4,104676.23,0
2026-02-02,2026-02-02 11:10:00,1560.08,1560.09,1560.08,1560.09,0.0,66.4,104676.23,1
2026-02-02,2026-02-02 11:11:00,1560.09,1560.1,1560.09,1560.1,0.0,66.4,104676.23,1
2026-02-02,2026-02-02 11:12:00,1560.1,1560.11,1560.1,1560.11,0.0,66.4,104676.23,1
2026-02-02,2026-02-02 11:13:00,1560.11,1560.12,1560.11,1560.12,0.0,66.4,104676.23,1
2026-02-02,2026-02-02 11:14:00,1560.12,1560.12,1560.12,1560.12,0.0,66.4,104676.23,0
2026-02-02,2026-02-02 11:15:00,1560.12,1560.13,1560.12,1560.13,0.0,66.4,104676.23,1
2026-02-02,2026-02-02 11:16:00,1560.13,1560.14,1560.13,1560.14,0.0,66.4,104676.23,1
2026-02-02,2026-02-02 11:17:00,1560.14,1560.15,1560.14,1560.15,0.0,66.4,104676.23,1
2026-02-02,2026-02-02 11:18:00,1560.15,1560.16,1560.15,1560.16,0.0,66.4,104676.23,1
2026-02-02,2026-02-02 11:19:00,1560.16,1560.17,1560.16,1560.17,0.0,66.4,104676.23,1
2026-02-02,2026-02-02 11:20:00,1560.17,1560.17,1560.17,1560.17,0.0,66.4,104676.23,0
2026-02-02,2026-02-02 11:21:00,1560.17,1560.18,1560.17,1560.18,0.0,66.4,104676.23,1
2026-02-02,2026-02-02 11:22:00,1560.18,1560.19,1560.18,1560.19,0.0,66.4,104676.23,1
2026-02-02,2026-02-02 11:23:00,1560.19,1560.2,1560.19,1560.2,0.0,66.4,104676.23,1
2026-02-02,2026-02-02 11:24:00,1560.2,1560.21,1560.2,1560.21,0.0,66.4,104676.23,1
2026-02-02,2026-02-02 11:25:00,1560.21,1560.22,1560.21,1560.22,0.0,66.4,104676.23,1
2026-02-02,2026-02-02 11:26:00,1560.22,1560.22,1560.22,1560.22,0.0,66.4,104676.23,0
2026-02-02,2026-02-02 11:27:00,1560.22,1560.23,1560.22,1560.23,0.0,66.4,104676.23,1
2026-02-02,2026-02-02 11:28:00,1560.23,1560.24,1560.23,1560.24,0.0,66.4,104676.23,1
2026-02-02,2026-02-02 11:29:00,1560.24,1560.25,1560.24,1560.25,0.0,66.4,104676.23,1
2026-02-02,2026-02-02 11:30:00,1560.25,1560.26,1560.25,1560.26,0.0,66.4,104676.23,1
2026-02-02,2026-02-02 11:31:00,1560.26,1560.27,1560.26,1560.27,0.0,66.4,104676.23,1
2026-02-02,2026-02-02 11:32:00,1560.27,1560.28,1560.27,1560.28,0.0,66.4,104676.23,1
2026-02-02,2026-02-02 11:33:00,1560.28,1560.28,1560.28,1560.28,0.0,66.4,104676.23,0
2026-02-02,2026-02-02 11:34:00,1560.28,1560.29,1560.28,1560.29,0.0,66.4,104676.23,1
2026-02-02,2026-02-02 11:35:00,1560.29,1560.3,1560.29,1560.3,0.0,66.4,104676.23,1
2026-02-02,2026-02-02 11:36:00,1560.3,1560.31,1560.3,1560.31,0.0,66.4,104676.23,1
2026-02-02,2026-02-02 11:37:00,1560.31,1560.32,1560.31,1560.32,0.0,66.4,104676.23,1
2026-02-02,2026-02-02 11:38:00,1560.32,1560.33,1560.32,1560.33,0.0,66.4,104676.23,1
2026-02-02,2026-02-02 11:39:00,1560.33,1560.33,1560.33,1560.33,0.0,66.4,104676.23,0
2026-02-02,2026-02-02 11:40:00,1560.33,1560.34,1560.33,1560.34,0.0,66.4,104676.23,1
2026-02-02,2026-02-02 11:41:00,1560.34,1560.35,1560.34,1560.35,0.0,66.4,104676.23,1
2026-02-02,2026-02-02 11:42:00,1560.35,1560.36,1560.35,1560.36,0.0,66.4,104676.23,1
2026-02-02,2026-02-02 11:43:00,1560.36,1560.37,1560.36,1560.37,0.0,66.4,104676.23,1
2026-02-02,2026-02-02 11:44:00,1560.37,1560.38,1560.37,1560.38,0.0,66.4,104676.23,1
2026-02-02,2026-02-02 11:45:00,1560.38,1560.38,1560.38,1560.38,0.0,66.4,104676.23,0
2026-02-02,2026-02-02 11:46:00,1560.38,1560.39,1560.38,1560.39,0.0,66.4,104676.23,1
2026-02-02,2026-02-02 11:47:00,1560.39,1560.4,1560.39,1560.4,0.0,66.4,104676.23,1
2026-02-02,2026-02-02 11:48:00,1560.4,1560.41,1560.4,1560.41,0.0,66.4,104676.23,1
2026-02-02,2026-02-02 11:49:00,1560.41,1560.42,1560.41,1560.42,0.0,66.4,104676.23,1
2026-02-02,2026-02-02 11:50:00,1560.42,1560.42,1560.42,1560.42,0.0,66.4,104676.23,0
2026-02-02,2026-02-02 11:51:00,1560.42,1560.43,1560.42,1560.43,0.0,66.4,104676.23,1
2026-02-02,2026-02-02 11:52:00,1560.43,1560.44,1560.43,1560.44,0.0,66.4,104676.23,1
2026-02-02,2026-02-02 11:53:00,1560.44,1560.45,1560.44,1560.45,0.0,66.4,104676.23,1
2026-02-02,2026-02-02 11:54:00,1560.45,1560.46,1560.45,1560.46,0.0,66.4,104676.23,1
2026-02-02,2026-02-02 11:55:00,1560.46,1560.47,1560.46,1560.47,0.0,66.4,104676.23,1
2026-02-02,2026-02-02 11:56:00,1560.47,1560.47,1560.47,1560.47,0.0,66.4,104676.23,0
2026-02-02,2026-02-02 11:57:00,1560.47,1560.48,1560.47,1560.48,0.0,66.4,104676.23,1
2026-02-02,2026-02-02 11:58:00,1560.48,1560.49,1560.48,1560.49,0.0,66.4,104676.23,1
2026-02-02,2026-02-02 11:59:00,1560.49,1560.5,1560.49,1560.5,0.0,66.4,104676.23,1
2026-02-02,2026-02-02 12:00:00,1560.5,1560.51,1560.5,1560.51,0.0,66.4,104676.23,1
2026-02-02,2026-02-02 12:01:00,1560.51,1560.52,1560.51,1560.52,0.0,66.4,104676.23,1
2026-02-02,2026-02-02 12:02:00,1560.52,1560.53,1560.52,1560.53,0.0,66.4,104676.23,1
2026-02-02,2026-02-02 12:03:00,1560.53,1560.53,1560.53,1560.53,0.0,66.4,104676.23,0
2026-02-02,2026-02-02 12:04:00,1560.53,1560.54,1560.53,1560.54,0.0,66.4,104676.23,1
2026-02-02,2026-02-02 12:05:00,1560.54,1560.55,1560.54,1560.55,0.0,66.4,104676.23,1
2026-02-02,2026-02-02 12:06:00,1560.55,1560.56,1560.55,1560.56,0.0,66.4,104676.23,1
2026-02-02,2026-02-02 12:07:00,1560.56,1560.57,1560.56,1560.57,0.0,66.4,104676.23,1
2026-02-02,2026-02-02 12:08:00,1560.57,1560.58,1560.57,1560.58,0.0,66.4,104676.23,1
2026-02-02,2026-02-02 12:09:00,1560.58,1560.58,1560.58,1560.58,0.0,66.4,104676.23,0
2026-02-02,2026-02-02 12:10:00,1560.58,1560.59,1560.58,1560.59,0.0,66.4,104676.23,1
2026-02-02,2026-02-02 12:11:00,1560.59,1560.6,1560.59,1560.6,0.0,66.4,104676.23,1
2026-02-02,2026-02-02 12:12:00,1560.6,1560.61,1560.6,1560.61,0.0,66.4,104676.23,1
2026-02-02,2026-02-02 12:13:00,1560.61,1560.62,1560.61,1560.62,0.0,66.4,104676.23,1
2026-02-02,2026-02-02 12:14:00,1560.62,1560.62,1560.62,1560.62,0.0,66.4,104676.23,0
2026-02-02,2026-02-02 12:15:00,1560.62,1560.63,1560.62,1560.63,0.0,66.4,104676.23,1
2026-02-02,2026-02-02 12:16:00,1560.63,1560.64,1560.63,1560.64,0.0,66.4,104676.23,1
2026-02-02,2026-02-02 12:17:00,1560.64,1560.65,1560.64,1560.65,0.0,66.4,104676.23,1
2026-02-02,2026-02-02 12:18:00,1560.65,1560.66,1560.65,1560.66,0.0,66.4,104676.23,1
2026-02-02,2026-02-02 12:19:00,1560.66,1560.67,1560.66,1560.67,0.0,66.4,104676.23,1
2026-02-02,2026-02-02 12:20:00,1560.67,1560.67,1560.67,1560.67,0.0,66.4,104676.23,0
2026-02-02,2026-02-02 12:21:00,1560.67,1560.68,1560.67,1560.68,0.0,66.4,104676.23,1
2026-02-02,2026-02-02 12:22:00,1560.68,1560.69,1560.68,1560.69,0.0,66.4,104676.23,1
2026-02-02,2026-02-02 12:23:00,1560.69,1560.7,1560.69,1560.7,0.0,66.4,104676.23,1
2026-02-02,2026-02-02 12:24:00,1560.7,1560.71,1560.7,1560.71,0.0,66.4,104676.23,1
2026-02-02,2026-02-02 12:25:00,1560.71,1560.72,1560.71,1560.72,0.0,66.4,104676.23,1
2026-02-02,2026-02-02 12:26:00,1560.72,1560.72,1560.72,1560.72,0.0,66.4,104676.23,0
2026-02-02,2026-02-02 12:27:00,1560.72,1560.73,1560.72,1560.73,0.0,66.4,104676.23,1
2026-02-02,2026-02-02 12:28:00,1560.73,1560.74,1560.73,1560.74,0.0,66.4,104676.23,1
2026-02-02,2026-02-02 12:29:00,1560.74,1560.75,1560.74,1560.75,0.0,66.4,104676.23,1
2026-02-02,2026-02-02 12:30:00,1560.75,1560.76,1560.75,1560.76,0.0,66.4,104676.23,1
2026-02-02,2026-02-02 12:31:00,1560.76,1560.77,1560.76,1560.77,0.0,66.4,104676.23,1
2026-02-02,2026-02-02 12:32:00,1560.77,1560.78,1560.77,1560.78,0.0,66.4,104676.23,1
2026-02-02,2026-02-02 12:33:00,1560.78,1560.78,1560.78,1560.78,0.0,66.4,104676.23,0
2026-02-02,2026-02-02 12:34:00,1560.78,1560.79,1560.78,1560.79,0.0,66.4,104676.23,1
2026-02-02,2026-02-02 12:35:00,1560.79,1560.8,1560.79,1560.8,0.0,66.4,104676.23,1
2026-02-02,2026-02-02 12:36:00,1560.8,1560.81,1560.8,1560.81,0.0,66.4,104676.23,1
2026-02-02,2026-02-02 12:37:00,1560.81,1560.82,1560.81,1560.82,0.0,66.4,104676.23,1
2026-02-02,2026-02-02 12:38:00,1560.82,1560.83,1560.82,1560.83,0.0,66.4,104676.23,1
2026-02-02,2026-02-02 12:39:00,1560.83,1560.83,1560.83,1560.83,0.0,66.4,104676.23,0
2026-02-02,2026-02-02 12:40:00,1560.83,1560.84,1560.83,1560.84,0.0,66.4,104676.23,1
2026-02-02,2026-02-02 12:41:00,1560.84,1560.85,1560.84,1560.85,0.0,66.4,104676.23,1
2026-02-02,2026-02-02 12:42:00,1560.85,1560.86,1560.85,1560.86,0.0,66.4,104676.23,1
2026-02-02,2026-02-02 12:43:00,1560.86,1560.87,1560.86,1560.87,0.0,66.4,104676.23,1
2026-02-02,2026-02-02 12:44:00,1560.87,1560.88,1560.87,1560.88,0.0,66.4,104676.23,1
2026-02-02,2026-02-02 12:45:00,1560.88,1560.88,1560.88,1560.88,0.0,66.4,104676.23,0
2026-02-02,2026-02-02 12:46:00,1560.88,1560.89,1560.88,1560.89,0.0,66.4,104676.23,1
2026-02-02,2026-02-02 12:47:00,1560.89,1560.9,1560.89,1560.9,0.0,66.4,104676.23,1
2026-02-02,2026-02-02 12:48:00,1560.9,1560.91,1560.9,1560.91,0.0,66.4,104676.23,1
2026-02-02,2026-02-02 12:49:00,1560.91,1560.92,1560.91,1560.92,0.0,66.4,104676.23,1
2026-02-02,2026-02-02 12:50:00,1560.92,1560.92,1560.92,1560.92,0.0,66.4,104676.23,0
2026-02-02,2026-02-02 12:51:00,1560.92,1560.93,1560.92,1560.93,0.0,66.4,104676.23,1
2026-02-02,2026-02-02 12:52:00,1560.93,1560.94,1560.93,1560.94,0.0,66.4,104676.23,1
2026-02-02,2026-02-02 12:53:00,1560.94,1560.95,1560.94,1560.95,0.0,66.4,104676.23,1
2026-02-02,2026-02-02 12:54:00,1560.95,1560.96,1560.95,1560.96,0.0,66.4,104676.23,1
2026-02-02,2026-02-02 12:55:00,1560.96,1560.97,1560.96,1560.97,0.0,66.4,104676.23,1
2026-02-02,2026-02-02 12:56:00,1560.97,1560.97,1560.97,1560.97,0.0,66.4,104676.23,0
2026-02-02,2026-02-02 12:57:00,1560.97,1560.98,1560.97,1560.98,0.0,66.4,104676.23,1
2026-02-02,2026-02-02 12:58:00,1560.98,1560.99,1560.98,1560.99,0.0,66.4,104676.23,1
2026-02-02,2026-02-02 12:59:00,1560.99,1561.0,1560.99,1561.0,0.0,66.4,104676.23,1
2026-02-02,2026-02-02 13:00:00,1561.0,1599.0,1560.0,1561.01,0.0,66.4,104676.23,1
2026-02-02,2026-02-02 13:01:00,1561.01,1561.02,1561.01,1561.02,0.0,66.4,104676.23,1
2026-02-02,2026-02-02 13:02:00,1561.02,1561.03,1561.02,1561.03,0.0,66.4,104676.23,1
2026-02-02,2026-02-02 13:03:00,1561.03,1561.03,1561.03,1561.03,0.0,66.4,104676.23,0
2026-02-02,2026-02-02 13:04:00,1561.03,1561.04,1561.03,1561.04,0.0,66.4,104676.23,1
2026-02-02,2026-02-02 13:05:00,1561.04,1561.05,1561.04,1561.05,0.0,66.4,104676.23,1
2026-02-02,2026-02-02 13:06:00,1561.05,1561.06,1561.05,1561.06,0.0,66.4,104676.23,1
2026-02-02,2026-02-02 13:07:00,1561.06,1561.07,1561.06,1561.07,0.0,66.4,104676.23,1
2026-02-02,2026-02-02 13:08:00,1561.07,1561.08,1561.07,1561.08,0.0,66.4,104676.23,1
2026-02-02,2026-02-02 13:09:00,1561.08,1561.08,1561.08,1561.08,0.0,66.4,104676.23,0
2026-02-02,2026-02-02 13:10:00,1561.08,1561.09,1561.08,1561.09,0.0,66.4,104676.23,1
2026-02-02,2026-02-02 13:11:00,1561.09,1561.1,1561.09,1561.1,0.0,66.4,104676.23,1
2026-02-02,2026-02-02 13:12:00,1561.1,1561.11,1561.1,1561.11,0.0,66.4,104676.23,1
2026-02-02,2026-02-02 13:13:00,1561.11,1561.12,1561.11,1561.12,0.0,66.4,104676.23,1
2026-02-02,2026-02-02 13:14:00,1561.12,1561.12,1561.12,1561.12,0.0,66.4,104676.23,0
2026-02-02,2026-02-02 13:15:00,1561.12,1561.13,1561.12,1561.13,0.0,66.4,104676.23,1
2026-02-02,2026-02-02 13:16:00,1561.13,1561.14,1561.13,1561.14,0.0,66.4,104676.23,1
2026-02-02,2026-02-02 13:17:00,1561.14,1561.15,1561.14,1561.15,0.0,66.4,104676.23,1
2026-02-02,2026-02-02 13:18:00,1561.15,1561.16,1561.15,1561.16,0.0,66.4,104676.23,1
2026-02-02,2026-02-02 13:19:00,1561.16,1561.17,1561.16,1561.17,0.0,66.4,104676.23,1
2026-02-02,2026-02-02 13:20:00,1561.17,1561.17,1561.17,1561.17,0.0,66.4,104676.23,0
2026-02-02,2026-02-02 13:21:00,1561.17,1561.18,1561.17,1561.18,0.0,66.4,104676.23,1
2026-02-02,2026-02-02 13:22:00,1561.18,1561.19,1561.18,1561.19,0.0,66.4,104676.23,1
2026-02-02,2026-02-02 13:23:00,1561.19,1561.2,1561.19,1561.2,0.0,66.4,104676.23,1
2026-02-02,2026-02-02 13:24:00,1561.2,1561.21,1561.2,1561.21,0.0,66.4,104676.23,1
2026-02-02,2026-02-02 13:25:00,1561.21,1561.22,1561.21,1561.22,0.0,66.4,104676.23,1
2026-02-02,2026-02-02 13:26:00,1561.22,1561.22,1561.22,1561.22,0.0,66.4,104676.23,0
2026-02-02,2026-02-02 13:27:00,1561.22,1561.23,1561.22,1561.23,0.0,66.4,104676.23,1
2026-02-02,2026-02-02 13:28:00,1561.23,1561.24,1561.23,1561.24,0.0,66.4,104676.23,1
2026-02-02,2026-02-02 13:29:00,1561.24,1561.25,1561.24,1561.25,0.0,66.4,104676.23,1
2026-02-02,2026-02-02 13:30:00,1561.25,1561.26,1561.25,1561.26,0.0,66.4,104676.23,1
2026-02-02,2026-02-02 13:31:00,1561.26,1561.27,1561.26,1561.27,0.0,66.4,104676.23,1
2026-02-02,2026-02-02 13:32:00,1561.27,1561.28,1561.27,1561.28,0.0,66.4,104676.23,1
2026-02-02,2026-02-02 13:33:00,1561.28,1561.28,1561.28,1561.28,0.0,66.4,104676.23,0
2026-02-02,2026-02-02 13:34:00,1561.28,1561.29,1561.28,1561.29,0.0,66.4,104676.23,1
2026-02-02,2026-02-02 13:35:00,1561.29,1561.3,1561.29,1561.3,0.0,66.4,104676.23,1
2026-02-02,2026-02-02 13:36:00,1561.3,1561.31,1561.3,1561.31,0.0,66.4,104676.23,1
2026-02-02,2026-02-02 13:37:00,1561.31,1561.32,1561.31,1561.32,0.0,66.4,104676.23,1
2026-02-02,2026-02-02 13:38:00,1561.32,1561.33,1561.32,1561.33,0.0,66.4,104676.23,1
2026-02-02,2026-02-02 13:39:00,1561.33,1561.33,1561.33,1561.33,0.0,66.4,104676.23,0
2026-02-02,2026-02-02 13:40:00,1561.33,1561.34,1561.33,1561.34,0.0,66.4,104676.23,1
2026-02-02,2026-02-02 13:41:00,1561.34,1561.35,1561.34,1561.35,0.0,66.4,104676.23,1
2026-02-02,2026-02-02 13:42:00,1561.35,1561.36,1561.35,1561.36,0.0,66.4,104676.23,1
2026-02-02,2026-02-02 13:43:00,1561.36,1561.37,1561.36,1561.37,0.0,66.4,104676.23,1
2026-02-02,2026-02-02 13:44:00,1561.37,1561.38,1561.37,1561.38,0.0,66.4,104676.23,1
2026-02-02,2026-02-02 13:45:00,1561.38,1561.38,1561.38,1561.38,0.0,66.4,104676.23,0
2026-02-02,2026-02-02 13:46:00,1561.38,1561.39,1561.38,1561.39,0.0,66.4,104676.23,1
2026-02-02,2026-02-02 13:47:00,1561.39,1561.4,1561.39,1561.4,0.0,66.4,104676.23,1
2026-02-02,2026-02-02 13:48:00,1561.4,1561.41,1561.4,1561.41,0.0,66.4,104676.23,1
2026-02-02,2026-02-02 13:49:00,1561.41,1561.42,1561.41,1561.42,0.0,66.4,104676.23,1
2026-02-02,2026-02-02 13:50:00,1561.42,1561.42,1561.42,1561.42,0.0,66.4,104676.23,0
2026-02-02,2026-02-02 13:51:00,1561.42,1561.43,1561.42,1561.43,0.0,66.4,104676.23,1
2026-02-02,2026-02-02 13:52:00,1561.43,1561.44,1561.43,1561.44,0.0,66.4,104676.23,1
2026-02-02,2026-02-02 13:53:00,1561.44,1561.45,1561.44,1561.45,0.0,66.4,104676.23,1
2026-02-02,2026-02-02 13:54:00,1561.45,1561.46,1561.45,1561.46,0.0,66.4,104676.23,1
2026-02-02,2026-02-02 13:55:00,1561.46,1561.47,1561.46,1561.47,0.0,66.4,104676.23,1
2026-02-02,2026-02-02 13:56:00,1561.47,1561.47,1561.47,1561.47,0.0,66.4,104676.23,0
2026-02-02,2026-02-02 13:57:00,1561.47,1561.48,1561.47,1561.48,0.0,66.4,104676.23,1
2026-02-02,2026-02-02 13:58:00,1561.48,1561.49,1561.48,1561.49,0.0,66.4,104676.23,1
2026-02-02,2026-02-02 13:59:00,1561.49,1561.5,1561.49,1561.5,0.0,66.4,104676.23,1
2026-02-02,2026-02-02 14:00:00,1561.5,1561.51,1561.5,1561.51,0.0,66.4,104676.23,1
2026-02-02,2026-02-02 14:01:00,1561.51,1561.52,1561.51,1561.52,0.0,66.4,104676.23,1
2026-02-02,2026-02-02 14:02:00,1561.52,1561.53,1561.52,1561.53,0.0,66.4,104676.23,1
2026-02-02,2026-02-02 14:03:00,1561.53,1561.53,1561.53,1561.53,0.0,66.4,104676.23,0
2026-02-02,2026-02-02 14:04:00,1561.53,1561.54,1561.53,1561.54,0.0,66.4,104676.23,1
2026-02-02,2026-02-02 14:05:00,1561.54,1561.55,1561.54,1561.55,0.0,66.4,104676.23,1
2026-02-02,2026-02-02 14:06:00,1561.55,1561.56,1561.55,1561.56,0.0,66.4,104676.23,1
2026-02-02,2026-02-02 14:07:00,1561.56,1561.57,1561.56,1561.57,0.0,66.4,104676.23,1
2026-02-02,2026-02-02 14:08:00,1561.57,1561.58,1561.57,1561.58,0.0,66.4,104676.23,1
2026-02-02,2026-02-02 14:09:00,1561.58,1561.58,1561.58,1561.58,0.0,66.4,104676.23,0
2026-02-02,2026-02-02 14:10:00,1561.58,1561.59,1561.58,1561.59,0.0,66.4,104676.23,1
2026-02-02,2026-02-02 14:11:00,1561.59,1561.6,1561.59,1561.6,0.0,66.4,104676.23,1
2026-02-02,2026-02-02 14:12:00,1561.6,1561.61,1561.6,1561.61,0.0,66.4,104676.23,1
2026-02-02,2026-02-02 14:13:00,1561.61,1561.62,1561.61,1561.62,0.0,66.4,104676.23,1
2026-02-02,2026-02-02 14:14:00,1561.62,1561.62,1561.62,1561.62,0.0,66.4,104676.23,0
2026-02-02,2026-02-02 14:15:00,1561.62,1561.63,1561.62,1561.63,0.0,66.4,104676.23,1
2026-02-02,2026-02-02 14:16:00,1561.63,1561.64,1561.63,1561.64,0.0,66.4,104676.23,1
2026-02-02,2026-02-02 14:17:00,1561.64,1561.65,1561.64,1561.65,0.0,66.4,104676.23,1
2026-02-02,2026-02-02 14:18:00,1561.65,1561.66,1561.65,1561.66,0.0,66.4,104676.23,1
2026-02-02,2026-02-02 14:19:00,1561.66,1561.67,1561.66,1561.67,0.0,66.4,104676.23,1
2026-02-02,2026-02-02 14:20:00,1561.67,1561.67,1561.67,1561.67,0.0,66.4,104676.23,0
2026-02-02,2026-02-02 14:21:00,1561.67,1561.68,1561.67,1561.68,0.0,66.4,104676.23,1
2026-02-02,2026-02-02 14:22:00,1561.68,1561.69,1561.68,1561.69,0.0,66.4,104676.23,1
2026-02-02,2026-02-02 14:23:00,1561.69,1561.7,1561.69,1561.7,0.0,66.4,104676.23,1
2026-02-02,2026-02-02 14:24:00,1561.7,1561.71,1561.7,1561.71,0.0,66.4,104676.23,1
2026-02-02,2026-02-02 14:25:00,1561.71,1561.72,1561.71,1561.72,0.0,66.4,104676.23,1
2026-02-02,2026-02-02 14:26:00,1561.72,1561.72,1561.72,1561.72,0.0,66.4,104676.23,0
2026-02-02,2026-02-02 14:27:00,1561.72,1561.73,1561.72,1561.73,0.0,66.4,104676.23,1
2026-02-02,2026-02-02 14:28:00,1561.73,1561.74,1561.73,1561.74,0.0,66.4,104676.23,1
2026-02-02,2026-02-02 14:29:00,1561.74,1561.75,1561.74,1561.75,0.0,66.4,104676.23,1
2026-02-02,2026-02-02 14:30:00,1561.75,1561.76,1561.75,1561.76,0.0,66.4,104676.23,1
2026-02-02,2026-02-02 14:31:00,1561.76,1561.77,1561.76,1561.77,0.0,66.4,104676.23,1
2026-02-02,2026-02-02 14:32:00,1561.77,1561.78,1561.77,1561.78,0.0,66.4,104676.23,1
2026-02-02,2026-02-02 14:33:00,1561.78,1561.78,1561.78,1561.78,0.0,66.4,104676.23,0
2026-02-02,2026-02-02 14:34:00,1561.78,1561.79,1561.78,1561.79,0.0,66.4,104676.23,1
2026-02-02,2026-02-02 14:35:00,1561.79,1561.8,1561.79,1561.8,0.0,66.4,104676.23,1
2026-02-02,2026-02-02 14:36:00,1561.8,1561.81,1561.8,1561.81,0.0,66.4,104676.23,1
2026-02-02,2026-02-02 14:37:00,1561.81,1561.82,1561.81,1561.82,0.0,66.4,104676.23,1
2026-02-02,2026-02-02 14:38:00,1561.82,1561.83,1561.82,1561.83,0.0,66.4,104676.23,1
2026-02-02,2026-02-02 14:39:00,1561.83,1561.83,1561.83,1561.83,0.0,66.4,104676.23,0
2026-02-02,2026-02-02 14:40:00,1561.83,1561.84,1561.83,1561.84,0.0,66.4,104676.23,1
2026-02-02,2026-02-02 14:41:00,1561.84,1561.85,1561.84,1561.85,0.0,66.4,104676.23,1
2026-02-02,2026-02-02 14:42:00,1561.85,1561.86,1561.85,1561.86,0.0,66.4,104676.23,1
2026-02-02,2026-02-02 14:43:00,1561.86,1561.87,1561.86,1561.87,0.0,66.4,104676.23,1
2026-02-02,2026-02-02 14:44:00,1561.87,1561.88,1561.87,1561.88,0.0,66.4,104676.23,1
2026-02-02,2026-02-02 14:45:00,1561.88,1561.88,1561.88,1561.88,0.0,66.4,104676.23,0
2026-02-02,2026-02-02 14:46:00,1561.88,1561.89,1561.88,1561.89,0.0,66.4,104676.23,1
2026-02-02,2026-02-02 14:47:00,1561.89,1561.9,1561.89,1561.9,0.0,66.4,104676.23,1
2026-02-02,2026-02-02 14:48:00,1561.9,1561.91,1561.9,1561.91,0.0,66.4,104676.23,1
2026-02-02,2026-02-02 14:49:00,1561.91,1561.92,1561.91,1561.92,0.0,66.4,104676.23,1
2026-02-02,2026-02-02 14:50:00,1561.92,1561.92,1561.92,1561.92,0.0,66.4,104676.23,0
2026-02-02,2026-02-02 14:51:00,1561.92,1561.93,1561.92,1561.93,0.0,66.4,104676.23,1
2026-02-02,2026-02-02 14:52:00,1561.93,1561.94,1561.93,1561.94,0.0,66.4,104676.23,1
2026-02-02,2026-02-02 14:53:00,1561.94,1561.95,1561.94,1561.95,0.0,66.4,104676.23,1
2026-02-02,2026-02-02 14:54:00,1561.95,1561.96,1561.95,1561.96,0.0,66.4,104676.23,1
2026-02-02,2026-02-02 14:55:00,1561.96,1561.97,1561.96,1561.97,0.0,66.4,104676.23,1
2026-02-02,2026-02-02 14:56:00,1561.97,1561.97,1561.97,1561.97,0.0,66.4,104676.23,0
2026-02-02,2026-02-02 14:57:00,1561.97,1561.98,1561.97,1561.98,0.0,66.4,104676.23,1
2026-02-02,2026-02-02 14:58:00,1561.98,1561.99,1561.98,1561.99,0.0,66.4,104676.23,1
2026-02-02,2026-02-02 14:59:00,1561.99,1562.0,1561.99,1562.0,0.0,66.4,104676.23,1
2026-02-02,2026-02-02 15:00:00,1562.0,1599.0,1560.0,1562.0,0.0,66.4,104676.23,0
2026-02-03,2026-02-03 11:00:00,1530.8,1558.76,1530.8,1531.0,0.01,27.61,44071.14,1
2026-02-03,2026-02-03 11:01:00,1531.0,1531.21,1531.0,1531.21,0.01,27.61,44071.14,1
2026-02-03,2026-02-03 11:02:00,1531.21,1531.41,1531.21,1531.41,0.01,27.61,44071.14,1
2026-02-03,2026-02-03 11:03:00,1531.41,1531.62,1531.41,1531.62,0.01,27.61,44071.14,1
2026-02-03,2026-02-03 11:04:00,1531.62,1531.83,1531.62,1531.83,0.01,27.61,44071.14,1
2026-02-03,2026-02-03 11:05:00,1531.83,1532.03,1531.83,1532.03,0.01,27.61,44071.14,1
2026-02-03,2026-02-03 11:06:00,1532.03,1532.23,1532.03,1532.23,0.01,27.61,44071.14,1
2026-02-03,2026-02-03 11:07:00,1532.23,1532.44,1532.23,1532.44,0.01,27.61,44071.14,1
2026-02-03,2026-02-03 11:08:00,1532.44,1532.64,1532.44,1532.64,0.01,27.61,44071.14,1
2026-02-03,2026-02-03 11:09:00,1532.64,1532.85,1532.64,1532.85,0.01,27.61,44071.14,1
2026-02-03,2026-02-03 11:10:00,1532.85,1533.06,1532.85,1533.06,0.01,27.61,44071.14,1
2026-02-03,2026-02-03 11:11:00,1533.06,1533.26,1533.06,1533.26,0.01,27.61,44071.14,1
2026-02-03,2026-02-03 11:12:00,1533.26,1533.46,1533.26,1533.46,0.01,27.61,44071.14,1
2026-02-03,2026-02-03 11:13:00,1533.46,1533.67,1533.46,1533.67,0.01,27.61,44071.14,1
2026-02-03,2026-02-03 11:14:00,1533.67,1533.88,1533.67,1533.88,0.01,27.61,44071.14,1
2026-02-03,2026-02-03 11:15:00,1533.88,1534.08,1533.88,1534.08,0.01,27.61,44071.14,1
2026-02-03,2026-02-03 11:16:00,1534.08,1534.28,1534.08,1534.28,0.01,27.61,44071.14,1
2026-02-03,2026-02-03 11:17:00,1534.28,1534.49,1534.28,1534.49,0.01,27.61,44071.14,1
2026-02-03,2026-02-03 11:18:00,1534.49,1534.69,1534.49,1534.69,0.01,27.61,44071.14,1
2026-02-03,2026-02-03 11:19:00,1534.69,1534.9,1534.69,1534.9,0.01,27.61,44071.14,1
2026-02-03,2026-02-03 11:20:00,1534.9,1535.11,1534.9,1535.11,0.01,27.61,44071.14,1
2026-02-03,2026-02-03 11:21:00,1535.11,1535.31,1535.11,1535.31,0.01,27.61,44071.14,1
2026-02-03,2026-02-03 11:22:00,1535.31,1535.51,1535.31,1535.51,0.01,27.61,44071.14,1
2026-02-03,2026-02-03 11:23:00,1535.51,1535.72,1535.51,1535.72,0.01,27.61,44071.14,1
2026-02-03,2026-02-03 11:24:00,1535.72,1535.92,1535.72,1535.92,0.01,27.61,44071.14,1
2026-02-03,2026-02-03 11:25:00,1535.92,1536.13,1535.92,1536.13,0.01,27.61,44071.14,1
2026-02-03,2026-02-03 11:26:00,1536.13,1536.34,1536.13,1536.34,0.01,27.61,44071.14,1
2026-02-03,2026-02-03 11:27:00,1536.34,1536.54,1536.34,1536.54,0.01,27.61,44071.14,1
2026-02-03,2026-02-03 11:28:00,1536.54,1536.74,1536.54,1536.74,0.01,27.61,44071.14,1
2026-02-03,2026-02-03 11:29:00,1536.74,1536.95,1536.74,1536.95,0.01,27.61,44071.14,1
2026-02-03,2026-02-03 11:30:00,1536.95,1537.15,1536.95,1537.15,0.01,27.61,44071.14,1
2026-02-03,2026-02-03 11:31:00,1537.15,1537.36,1537.15,1537.36,0.01,27.61,44071.14,1
2026-02-03,2026-02-03 11:32:00,1537.36,1537.57,1537.36,1537.57,0.01,27.61,44071.14,1
2026-02-03,2026-02-03 11:33:00,1537.57,1537.77,1537.57,1537.77,0.01,27.61,44071.14,1
2026-02-03,2026-02-03 11:34:00,1537.77,1537.97,1537.77,1537.97,0.01,27.61,44071.14,1
2026-02-03,2026-02-03 11:35:00,1537.97,1538.18,1537.97,1538.18,0.01,27.61,44071.14,1
2026-02-03,2026-02-03 11:36:00,1538.18,1538.38,1538.18,1538.38,0.01,27.61,44071.14,1
2026-02-03,2026-02-03 11:37:00,1538.38,1538.59,1538.38,1538.59,0.01,27.61,44071.14,1
2026-02-03,2026-02-03 11:38:00,1538.59,1538.8,1538.59,1538.8,0.01,27.61,44071.14,1
2026-02-03,2026-02-03 11:39:00,1538.8,1539.0,1538.8,1539.0,0.01,27.61,44071.14,1
2026-02-03,2026-02-03 11:40:00,1539.0,1539.2,1539.0,1539.2,0.01,27.61,44071.14,1
2026-02-03,2026-02-03 11:41:00,1539.2,1539.41,1539.2,1539.41,0.01,27.61,44071.14,1
2026-02-03,2026-02-03 11:42:00,1539.41,1539.62,1539.41,1539.62,0.01,27.61,44071.14,1
2026-02-03,2026-02-03 11:43:00,1539.62,1539.82,1539.62,1539.82,0.01,27.61,44071.14,1
2026-02-03,2026-02-03 11:44:00,1539.82,1540.02,1539.82,1540.02,0.01,27.61,44071.14,1
2026-02-03,2026-02-03 11:45:00,1540.02,1540.23,1540.02,1540.23,0.01,27.61,44071.14,1
2026-02-03,2026-02-03 11:46:00,1540.23,1540.43,1540.23,1540.43,0.01,27.61,44071.14,1
2026-02-03,2026-02-03 11:47:00,1540.43,1540.64,1540.43,1540.64,0.01,27.61,44071.14,1
2026-02-03,2026-02-03 11:48:00,1540.64,1540.85,1540.64,1540.85,0.01,27.61,44071.14,1
2026-02-03,2026-02-03 11:49:00,1540.85,1541.05,1540.85,1541.05,0.01,27.61,44071.14,1
2026-02-03,2026-02-03 11:50:00,1541.05,1541.25,1541.05,1541.25,0.01,27.61,44071.14,1
2026-02-03,2026-02-03 11:51:00,1541.25,1541.46,1541.25,1541.46,0.01,27.61,44071.14,1
2026-02-03,2026-02-03 11:52:00,1541.46,1541.66,1541.46,1541.66,0.01,27.61,44071.14,1
2026-02-03,2026-02-03 11:53:00,1541.66,1541.87,1541.66,1541.87,0.01,27.61,44071.14,1
2026-02-03,2026-02-03 11:54:00,1541.87,1542.08,1541.87,1542.08,0.01,27.61,44071.14,1
2026-02-03,2026-02-03 11:55:00,1542.08,1542.28,1542.08,1542.28,0.01,27.61,44071.14,1
2026-02-03,2026-02-03 11:56:00,1542.28,1542.48,1542.28,1542.48,0.01,27.61,44071.14,1
2026-02-03,2026-02-03 11:57:00,1542.48,1542.69,1542.48,1542.69,0.01,27.61,44071.14,1
2026-02-03,2026-02-03 11:58:00,1542.69,1542.89,1542.69,1542.89,0.01,27.61,44071.14,1
2026-02-03,2026-02-03 11:59:00,1542.89,1543.1,1542.89,1543.1,0.01,27.61,44071.14,1
2026-02-03,2026-02-03 12:00:00,1543.1,1543.31,1543.1,1543.31,0.01,27.61,44071.14,1
2026-02-03,2026-02-03 12:01:00,1543.31,1543.51,1543.31,1543.51,0.01,27.61,44071.14,1
2026-02-03,2026-02-03 12:02:00,1543.51,1543.71,1543.51,1543.71,0.01,27.61,44071.14,1
2026-02-03,2026-02-03 12:03:00,1543.71,1543.92,1543.71,1543.92,0.01,27.61,44071.14,1
2026-02-03,2026-02-03 12:04:00,1543.92,1544.12,1543.92,1544.12,0.01,27.61,44071.14,1
2026-02-03,2026-02-03 12:05:00,1544.12,1544.33,1544.12,1544.33,0.01,27.61,44071.14,1
2026-02-03,2026-02-03 12:06:00,1544.33,1544.53,1544.33,1544.53,0.01,27.61,44071.14,1
2026-02-03,2026-02-03 12:07:00,1544.53,1544.74,1544.53,1544.74,0.01,27.61,44071.14,1
2026-02-03,2026-02-03 12:08:00,1544.74,1544.94,1544.74,1544.94,0.01,27.61,44071.14,1
2026-02-03,2026-02-03 12:09:00,1544.94,1545.15,1544.94,1545.15,0.01,27.61,44071.14,1
2026-02-03,2026-02-03 12:10:00,1545.15,1545.36,1545.15,1545.36,0.01,27.61,44071.14,1
2026-02-03,2026-02-03 12:11:00,1545.36,1545.56,1545.36,1545.56,0.01,27.61,44071.14,1
2026-02-03,2026-02-03 12:12:00,1545.56,1545.76,1545.56,1545.76,0.01,27.61,44071.14,1
2026-02-03,2026-02-03 12:13:00,1545.76,1545.97,1545.76,1545.97,0.01,27.61,44071.14,1
2026-02-03,2026-02-03 12:14:00,1545.97,1546.17,1545.97,1546.17,0.01,27.61,44071.14,1
2026-02-03,2026-02-03 12:15:00,1546.17,1546.38,1546.17,1546.38,0.01,27.61,44071.14,1
2026-02-03,2026-02-03 12:16:00,1546.38,1546.59,1546.38,1546.59,0.01,27.61,44071.14,1
2026-02-03,2026-02-03 12:17:00,1546.59,1546.79,1546.59,1546.79,0.01,27.61,44071.14,1
2026-02-03,2026-02-03 12:18:00,1546.79,1546.99,1546.79,1546.99,0.01,27.61,44071.14,1
2026-02-03,2026-02-03 12:19:00,1546.99,1547.2,1546.99,1547.2,0.01,27.61,44071.14,1
2026-02-03,2026-02-03 12:20:00,1547.2,1547.4,1547.2,1547.4,0.01,27.61,44071.14,1
2026-02-03,2026-02-03 12:21:00,1547.4,1547.61,1547.4,1547.61,0.01,27.61,44071.14,1
2026-02-03,2026-02-03 12:22:00,1547.61,1547.82,1547.61,1547.82,0.01,27.61,44071.14,1
2026-02-03,2026-02-03 12:23:00,1547.82,1548.02,1547.82,1548.02,0.01,27.61,44071.14,1
2026-02-03,2026-02-03 12:24:00,1548.02,1548.22,1548.02,1548.22,0.01,27.61,44071.14,1
2026-02-03,2026-02-03 12:25:00,1548.22,1548.43,1548.22,1548.43,0.01,27.61,44071.14,1
2026-02-03,2026-02-03 12:26:00,1548.43,1548.63,1548.43,1548.63,0.01,27.61,44071.14,1
2026-02-03,2026-02-03 12:27:00,1548.63,1548.84,1548.63,1548.84,0.01,27.61,44071.14,1
2026-02-03,2026-02-03 12:28:00,1548.84,1549.05,1548.84,1549.05,0.01,27.61,44071.14,1
2026-02-03,2026-02-03 12:29:00,1549.05,1549.25,1549.05,1549.25,0.01,27.61,44071.14,1
2026-02-03,2026-02-03 12:30:00,1549.25,1549.45,1549.25,1549.45,0.01,27.61,44071.14,1
2026-02-03,2026-02-03 12:31:00,1549.45,1549.66,1549.45,1549.66,0.01,27.61,44071.14,1
2026-02-03,2026-02-03 12:32:00,1549.66,1549.87,1549.66,1549.87,0.01,27.61,44071.14,1
2026-02-03,2026-02-03 12:33:00,1549.87,1550.07,1549.87,1550.07,0.01,27.61,44071.14,1
2026-02-03,2026-02-03 12:34:00,1550.07,1550.27,1550.07,1550.27,0.01,27.61,44071.14,1
2026-02-03,2026-02-03 12:35:00,1550.27,1550.48,1550.27,1550.48,0.01,27.61,44071.14,1
2026-02-03,2026-02-03 12:36:00,1550.48,1550.68,1550.48,1550.68,0.01,27.61,44071.14,1
2026-02-03,2026-02-03 12:37:00,1550.68,1550.89,1550.68,1550.89,0.01,27.61,44071.14,1
2026-02-03,2026-02-03 12:38:00,1550.89,1551.1,1550.89,1551.1,0.01,27.61,44071.14,1
2026-02-03,2026-02-03 12:39:00,1551.1,1551.3,1551.1,1551.3,0.01,27.61,44071.14,1
2026-02-03,2026-02-03 12:40:00,1551.3,1551.5,1551.3,1551.5,0.01,27.61,44071.14,1
2026-02-03,2026-02-03 12:41:00,1551.5,1551.71,1551.5,1551.71,0.01,27.61,44071.14,1
2026-02-03,2026-02-03 12:42:00,1551.71,1551.91,1551.71,1551.91,0.01,27.61,44071.14,1
2026-02-03,2026-02-03 12:43:00,1551.91,1552.12,1551.91,1552.12,0.01,27.61,44071.14,1
2026-02-03,2026-02-03 12:44:00,1552.12,1552.33,1552.12,1552.33,0.01,27.61,44071.14,1
2026-02-03,2026-02-03 12:45:00,1552.33,1552.53,1552.33,1552.53,0.01,27.61,44071.14,1
2026-02-03,2026-02-03 12:46:00,1552.53,1552.73,1552.53,1552.73,0.01,27.61,44071.14,1
2026-02-03,2026-02-03 12:47:00,1552.73,1552.94,1552.73,1552.94,0.01,27.61,44071.14,1
2026-02-03,2026-02-03 12:48:00,1552.94,1553.14,1552.94,1553.14,0.01,27.61,44071.14,1
2026-02-03,2026-02-03 12:49:00,1553.14,1553.35,1553.14,1553.35,0.01,27.61,44071.14,1
2026-02-03,2026-02-03 12:50:00,1553.35,1553.56,1553.35,1553.56,0.01,27.61,44071.14,1
2026-02-03,2026-02-03 12:51:00,1553.56,1553.76,1553.56,1553.76,0.01,27.61,44071.14,1
2026-02-03,2026-02-03 12:52:00,1553.76,1553.96,1553.76,1553.96,0.01,27.61,44071.14,1
2026-02-03,2026-02-03 12:53:00,1553.96,1554.17,1553.96,1554.17,0.01,27.61,44071.14,1
2026-02-03,2026-02-03 12:54:00,1554.17,1554.38,1554.17,1554.38,0.01,27.61,44071.14,1
2026-02-03,2026-02-03 12:55:00,1554.38,1554.58,1554.38,1554.58,0.01,27.61,44071.14,1
2026-02-03,2026-02-03 12:56:00,1554.58,1554.79,1554.58,1554.79,0.01,27.61,44071.14,1
2026-02-03,2026-02-03 12:57:00,1554.79,1554.99,1554.79,1554.99,0.01,27.61,44071.14,1
2026-02-03,2026-02-03 12:58:00,1554.99,1555.19,1554.99,1555.19,0.01,27.61,44071.14,1
2026-02-03,2026-02-03 12:59:00,1555.19,1555.4,1555.19,1555.4,0.01,27.61,44071.14,1
2026-02-03,2026-02-03 13:00:00,1555.4,1624.0,1530.8,1555.61,0.01,27.61,44071.14,1
2026-02-03,2026-02-03 13:01:00,1555.61,1555.81,1555.61,1555.81,0.01,27.61,44071.14,1
2026-02-03,2026-02-03 13:02:00,1555.81,1556.01,1555.81,1556.01,0.01,27.61,44071.14,1
2026-02-03,2026-02-03 13:03:00,1556.01,1556.22,1556.01,1556.22,0.01,27.61,44071.14,1
2026-02-03,2026-02-03 13:04:00,1556.22,1556.42,1556.22,1556.42,0.01,27.61,44071.14,1
2026-02-03,2026-02-03 13:05:00,1556.42,1556.63,1556.42,1556.63,0.01,27.61,44071.14,1
2026-02-03,2026-02-03 13:06:00,1556.63,1556.84,1556.63,1556.84,0.01,27.61,44071.14,1
2026-02-03,2026-02-03 13:07:00,1556.84,1557.04,1556.84,1557.04,0.01,27.61,44071.14,1
2026-02-03,2026-02-03 13:08:00,1557.04,1557.24,1557.04,1557.24,0.01,27.61,44071.14,1
2026-02-03,2026-02-03 13:09:00,1557.24,1557.45,1557.24,1557.45,0.01,27.61,44071.14,1
2026-02-03,2026-02-03 13:10:00,1557.45,1557.65,1557.45,1557.65,0.01,27.61,44071.14,1
2026-02-03,2026-02-03 13:11:00,1557.65,1557.86,1557.65,1557.86,0.01,27.61,44071.14,1
2026-02-03,2026-02-03 13:12:00,1557.86,1558.07,1557.86,1558.07,0.01,27.61,44071.14,1
2026-02-03,2026-02-03 13:13:00,1558.07,1558.27,1558.07,1558.27,0.01,27.61,44071.14,1
2026-02-03,2026-02-03 13:14:00,1558.27,1558.47,1558.27,1558.47,0.01,27.61,44071.14,1
2026-02-03,2026-02-03 13:15:00,1558.47,1558.68,1558.47,1558.68,0.01,27.61,44071.14,1
2026-02-03,2026-02-03 13:16:00,1558.68,1558.88,1558.68,1558.88,0.01,27.61,44071.14,1
2026-02-03,2026-02-03 13:17:00,1558.88,1559.09,1558.88,1559.09,0.01,27.61,44071.14,1
2026-02-03,2026-02-03 13:18:00,1559.09,1559.3,1559.09,1559.3,0.01,27.61,44071.14,1
2026-02-03,2026-02-03 13:19:00,1559.3,1559.5,1559.3,1559.5,0.01,27.61,44071.14,1
2026-02-03,2026-02-03 13:20:00,1559.5,1559.7,1559.5,1559.7,0.01,27.61,44071.14,1
2026-02-03,2026-02-03 13:21:00,1559.7,1559.91,1559.7,1559.91,0.01,27.61,44071.14,1
2026-02-03,2026-02-03 13:22:00,1559.91,1560.12,1559.91,1560.12,0.01,27.61,44071.14,1
2026-02-03,2026-02-03 13:23:00,1560.12,1560.32,1560.12,1560.32,0.01,27.61,44071.14,1
2026-02-03,2026-02-03 13:24:00,1560.32,1560.53,1560.32,1560.53,0.01,27.61,44071.14,1
2026-02-03,2026-02-03 13:25:00,1560.53,1560.73,1560.53,1560.73,0.01,27.61,44071.14,1
2026-02-03,2026-02-03 13:26:00,1560.73,1560.93,1560.73,1560.93,0.01,27.61,44071.14,1
2026-02-03,2026-02-03 13:27:00,1560.93,1561.14,1560.93,1561.14,0.01,27.61,44071.14,1
2026-02-03,2026-02-03 13:28:00,1561.14,1561.35,1561.14,1561.35,0.01,27.61,44071.14,1
2026-02-03,2026-02-03 13:29:00,1561.35,1561.55,1561.35,1561.55,0.01,27.61,44071.14,1
2026-02-03,2026-02-03 13:30:00,1561.55,1561.75,1561.55,1561.75,0.01,27.61,44071.14,1
2026-02-03,2026-02-03 13:31:00,1561.75,1561.96,1561.75,1561.96,0.01,27.61,44071.14,1
2026-02-03,2026-02-03 13:32:00,1561.96,1562.16,1561.96,1562.16,0.01,27.61,44071.14,1
2026-02-03,2026-02-03 13:33:00,1562.16,1562.37,1562.16,1562.37,0.01,27.61,44071.14,1
2026-02-03,2026-02-03 13:34:00,1562.37,1562.58,1562.37,1562.58,0.01,27.61,44071.14,1
2026-02-03,2026-02-03 13:35:00,1562.58,1562.78,1562.58,1562.78,0.01,27.61,44071.14,1
2026-02-03,2026-02-03 13:36:00,1562.78,1562.98,1562.78,1562.98,0.01,27.61,44071.14,1
2026-02-03,2026-02-03 13:37:00,1562.98,1563.19,1562.98,1563.19,0.01,27.61,44071.14,1
2026-02-03,2026-02-03 13:38:00,1563.19,1563.39,1563.19,1563.39,0.01,27.61,44071.14,1
2026-02-03,2026-02-03 13:39:00,1563.39,1563.6,1563.39,1563.6,0.01,27.61,44071.14,1
2026-02-03,2026-02-03 13:40:00,1563.6,1563.81,1563.6,1563.81,0.01,27.61,44071.14,1
2026-02-03,2026-02-03 13:41:00,1563.81,1564.01,1563.81,1564.01,0.01,27.61,44071.14,1
2026-02-03,2026-02-03 13:42:00,1564.01,1564.21,1564.01,1564.21,0.01,27.61,44071.14,1
2026-02-03,2026-02-03 13:43:00,1564.21,1564.42,1564.21,1564.42,0.01,27.61,44071.14,1
2026-02-03,2026-02-03 13:44:00,1564.42,1564.62,1564.42,1564.62,0.01,27.61,44071.14,1
2026-02-03,2026-02-03 13:45:00,1564.62,1564.83,1564.62,1564.83,0.01,27.61,44071.14,1
2026-02-03,2026-02-03 13:46:00,1564.83,1565.04,1564.83,1565.04,0.01,27.61,44071.14,1
2026-02-03,2026-02-03 13:47:00,1565.04,1565.24,1565.04,1565.24,0.01,27.61,44071.14,1
2026-02-03,2026-02-03 13:48:00,1565.24,1565.44,1565.24,1565.44,0.01,27.61,44071.14,1
2026-02-03,2026-02-03 13:49:00,1565.44,1565.65,1565.44,1565.65,0.01,27.61,44071.14,1
2026-02-03,2026-02-03 13:50:00,1565.65,1565.86,1565.65,1565.86,0.01,27.61,44071.14,1
2026-02-03,2026-02-03 13:51:00,1565.86,1566.06,1565.86,1566.06,0.01,27.61,44071.14,1
2026-02-03,2026-02-03 13:52:00,1566.06,1566.26,1566.06,1566.26,0.01,27.61,44071.14,1
2026-02-03,2026-02-03 13:53:00,1566.26,1566.47,1566.26,1566.47,0.01,27.61,44071.14,1
2026-02-03,2026-02-03 13:54:00,1566.47,1566.67,1566.47,1566.67,0.01,27.61,44071.14,1
2026-02-03,2026-02-03 13:55:00,1566.67,1566.88,1566.67,1566.88,0.01,27.61,44071.14,1
2026-02-03,2026-02-03 13:56:00,1566.88,1567.09,1566.88,1567.09,0.01,27.61,44071.14,1
2026-02-03,2026-02-03 13:57:00,1567.09,1567.29,1567.09,1567.29,0.01,27.61,44071.14,1
2026-02-03,2026-02-03 13:58:00,1567.29,1567.49,1567.29,1567.49,0.01,27.61,44071.14,1
2026-02-03,2026-02-03 13:59:00,1567.49,1567.7,1567.49,1567.7,0.01,27.61,44071.14,1
2026-02-03,2026-02-03 14:00:00,1567.7,1567.9,1567.7,1567.9,0.01,27.61,44071.14,1
2026-02-03,2026-02-03 14:01:00,1567.9,1568.11,1567.9,1568.11,0.01,27.61,44071.14,1
2026-02-03,2026-02-03 14:02:00,1568.11,1568.32,1568.11,1568.32,0.01,27.61,44071.14,1
2026-02-03,2026-02-03 14:03:00,1568.32,1568.52,1568.32,1568.52,0.01,27.61,44071.14,1
2026-02-03,2026-02-03 14:04:00,1568.52,1568.72,1568.52,1568.72,0.01,27.61,44071.14,1
2026-02-03,2026-02-03 14:05:00,1568.72,1568.93,1568.72,1568.93,0.01,27.61,44071.14,1
2026-02-03,2026-02-03 14:06:00,1568.93,1569.13,1568.93,1569.13,0.01,27.61,44071.14,1
2026-02-03,2026-02-03 14:07:00,1569.13,1569.34,1569.13,1569.34,0.01,27.61,44071.14,1
2026-02-03,2026-02-03 14:08:00,1569.34,1569.55,1569.34,1569.55,0.01,27.61,44071.14,1
2026-02-03,2026-02-03 14:09:00,1569.55,1569.75,1569.55,1569.75,0.01,27.61,44071.14,1
2026-02-03,2026-02-03 14:10:00,1569.75,1569.95,1569.75,1569.95,0.01,27.61,44071.14,1
2026-02-03,2026-02-03 14:11:00,1569.95,1570.16,1569.95,1570.16,0.01,27.61,44071.14,1
2026-02-03,2026-02-03 14:12:00,1570.16,1570.37,1570.16,1570.37,0.01,27.61,44071.14,1
2026-02-03,2026-02-03 14:13:00,1570.37,1570.57,1570.37,1570.57,0.01,27.61,44071.14,1
2026-02-03,2026-02-03 14:14:00,1570.57,1570.78,1570.57,1570.78,0.01,27.61,44071.14,1
2026-02-03,2026-02-03 14:15:00,1570.78,1570.98,1570.78,1570.98,0.01,27.61,44071.14,1
2026-02-03,2026-02-03 14:16:00,1570.98,1571.18,1570.98,1571.18,0.01,27.61,44071.14,1
2026-02-03,2026-02-03 14:17:00,1571.18,1571.39,1571.18,1571.39,0.01,27.61,44071.14,1
2026-02-03,2026-02-03 14:18:00,1571.39,1571.6,1571.39,1571.6,0.01,27.61,44071.14,1
2026-02-03,2026-02-03 14:19:00,1571.6,1571.8,1571.6,1571.8,0.01,27.61,44071.14,1
2026-02-03,2026-02-03 14:20:00,1571.8,1572.01,1571.8,1572.01,0.01,27.61,44071.14,1
2026-02-03,2026-02-03 14:21:00,1572.01,1572.21,1572.01,1572.21,0.01,27.61,44071.14,1
2026-02-03,2026-02-03 14:22:00,1572.21,1572.41,1572.21,1572.41,0.01,27.61,44071.14,1
2026-02-03,2026-02-03 14:23:00,1572.41,1572.62,1572.41,1572.62,0.01,27.61,44071.14,1
2026-02-03,2026-02-03 14:24:00,1572.62,1572.83,1572.62,1572.83,0.01,27.61,44071.14,1
2026-02-03,2026-02-03 14:25:00,1572.83,1573.03,1572.83,1573.03,0.01,27.61,44071.14,1
2026-02-03,2026-02-03 14:26:00,1573.03,1573.23,1573.03,1573.23,0.01,27.61,44071.14,1
2026-02-03,2026-02-03 14:27:00,1573.23,1573.44,1573.23,1573.44,0.01,27.61,44071.14,1
2026-02-03,2026-02-03 14:28:00,1573.44,1573.64,1573.44,1573.64,0.01,27.61,44071.14,1
2026-02-03,2026-02-03 14:29:00,1573.64,1573.85,1573.64,1573.85,0.01,27.61,44071.14,1
2026-02-03,2026-02-03 14:30:00,1573.85,1574.06,1573.85,1574.06,0.01,27.61,44071.14,1
2026-02-03,2026-02-03 14:31:00,1574.06,1574.26,1574.06,1574.26,0.01,27.61,44071.14,1
2026-02-03,2026-02-03 14:32:00,1574.26,1574.46,1574.26,1574.46,0.01,27.61,44071.14,1
2026-02-03,2026-02-03 14:33:00,1574.46,1574.67,1574.46,1574.67,0.01,27.61,44071.14,1
2026-02-03,2026-02-03 14:34:00,1574.67,1574.88,1574.67,1574.88,0.01,27.61,44071.14,1
2026-02-03,2026-02-03 14:35:00,1574.88,1575.08,1574.88,1575.08,0.01,27.61,44071.14,1
2026-02-03,2026-02-03 14:36:00,1575.08,1575.29,1575.08,1575.29,0.01,27.61,44071.14,1
2026-02-03,2026-02-03 14:37:00,1575.29,1575.49,1575.29,1575.49,0.01,27.61,44071.14,1
2026-02-03,2026-02-03 14:38:00,1575.49,1575.69,1575.49,1575.69,0.01,27.61,44071.14,1
2026-02-03,2026-02-03 14:39:00,1575.69,1575.9,1575.69,1575.9,0.01,27.61,44071.14,1
2026-02-03,2026-02-03 14:40:00,1575.9,1576.11,1575.9,1576.11,0.01,27.61,44071.14,1
2026-02-03,2026-02-03 14:41:00,1576.11,1576.31,1576.11,1576.31,0.01,27.61,44071.14,1
2026-02-03,2026-02-03 14:42:00,1576.31,1576.52,1576.31,1576.52,0.01,27.61,44071.14,1
2026-02-03,2026-02-03 14:43:00,1576.52,1576.72,1576.52,1576.72,0.01,27.61,44071.14,1
2026-02-03,2026-02-03 14:44:00,1576.72,1576.92,1576.72,1576.92,0.01,27.61,44071.14,1
2026-02-03,2026-02-03 14:45:00,1576.92,1577.13,1576.92,1577.13,0.01,27.61,44071.14,1
2026-02-03,2026-02-03 14:46:00,1577.13,1577.34,1577.13,1577.34,0.01,27.61,44071.14,1
2026-02-03,2026-02-03 14:47:00,1577.34,1577.54,1577.34,1577.54,0.01,27.61,44071.14,1
2026-02-03,2026-02-03 14:48:00,1577.54,1577.74,1577.54,1577.74,0.01,27.61,44071.14,1
2026-02-03,2026-02-03 14:49:00,1577.74,1577.95,1577.74,1577.95,0.01,27.61,44071.14,1
2026-02-03,2026-02-03 14:50:00,1577.95,1578.15,1577.95,1578.15,0.01,27.61,44071.14,1
2026-02-03,2026-02-03 14:51:00,1578.15,1578.36,1578.15,1578.36,0.01,27.61,44071.14,1
2026-02-03,2026-02-03 14:52:00,1578.36,1578.57,1578.36,1578.57,0.01,27.61,44071.14,1
2026-02-03,2026-02-03 14:53:00,1578.57,1578.77,1578.57,1578.77,0.01,27.61,44071.14,1
2026-02-03,2026-02-03 14:54:00,1578.77,1578.97,1578.77,1578.97,0.01,27.61,44071.14,1
2026-02-03,2026-02-03 14:55:00,1578.97,1579.18,1578.97,1579.18,0.01,27.61,44071.14,1
2026-02-03,2026-02-03 14:56:00,1579.18,1579.38,1579.18,1579.38,0.01,27.61,44071.14,1
2026-02-03,2026-02-03 14:57:00,1579.38,1579.59,1579.38,1579.59,0.01,27.61,44071.14,1
2026-02-03,2026-02-03 14:58:00,1579.59,1579.8,1579.59,1579.8,0.01,27.61,44071.14,1
2026-02-03,2026-02-03 14:59:00,1579.8,1580.0,1579.8,1580.0,0.01,27.61,44071.14,1
2026-02-03,2026-02-03 15:00:00,1580.0,1624.0,1530.8,1580.0,0.0,27.61,44071.14,0
2026-02-04,2026-02-04 11:00:00,1548.4,1565.38,1539.28,1548.55,0.01,26.0,40456.08,1
2026-02-04,2026-02-04 11:01:00,1548.55,1548.71,1548.55,1548.71,0.01,26.0,40456.08,1
2026-02-04,2026-02-04 11:02:00,1548.71,1548.86,1548.71,1548.86,0.01,26.0,40456.08,1
2026-02-04,2026-02-04 11:03:00,1548.86,1549.01,1548.86,1549.01,0.01,26.0,40456.08,1
2026-02-04,2026-02-04 11:04:00,1549.01,1549.16,1549.01,1549.16,0.01,26.0,40456.08,1
2026-02-04,2026-02-04 11:05:00,1549.16,1549.32,1549.16,1549.32,0.01,26.0,40456.08,1
2026-02-04,2026-02-04 11:06:00,1549.32,1549.47,1549.32,1549.47,0.01,26.0,40456.08,1
2026-02-04,2026-02-04 11:07:00,1549.47,1549.62,1549.47,1549.62,0.01,26.0,40456.08,1
2026-02-04,2026-02-04 11:08:00,1549.62,1549.77,1549.62,1549.77,0.01,26.0,40456.08,1
2026-02-04,2026-02-04 11:09:00,1549.77,1549.93,1549.77,1549.93,0.01,26.0,40456.08,1
2026-02-04,2026-02-04 11:10:00,1549.93,1550.08,1549.93,1550.08,0.01,26.0,40456.08,1
2026-02-04,2026-02-04 11:11:00,1550.08,1550.23,1550.08,1550.23,0.01,26.0,40456.08,1
2026-02-04,2026-02-04 11:12:00,1550.23,1550.38,1550.23,1550.38,0.01,26.0,40456.08,1
2026-02-04,2026-02-04 11:13:00,1550.38,1550.54,1550.38,1550.54,0.01,26.0,40456.08,1
2026-02-04,2026-02-04 11:14:00,1550.54,1550.69,1550.54,1550.69,0.01,26.0,40456.08,1
2026-02-04,2026-02-04 11:15:00,1550.69,1550.84,1550.69,1550.84,0.01,26.0,40456.08,1
2026-02-04,2026-02-04 11:16:00,1550.84,1550.99,1550.84,1550.99,0.01,26.0,40456.08,1
2026-02-04,2026-02-04 11:17:00,1550.99,1551.14,1550.99,1551.14,0.01,26.0,40456.08,1
2026-02-04,2026-02-04 11:18:00,1551.14,1551.3,1551.14,1551.3,0.01,26.0,40456.08,1
2026-02-04,2026-02-04 11:19:00,1551.3,1551.45,1551.3,1551.45,0.01,26.0,40456.08,1
2026-02-04,2026-02-04 11:20:00,1551.45,1551.6,1551.45,1551.6,0.01,26.0,40456.08,1
2026-02-04,2026-02-04 11:21:00,1551.6,1551.76,1551.6,1551.76,0.01,26.0,40456.08,1
2026-02-04,2026-02-04 11:22:00,1551.76,1551.91,1551.76,1551.91,0.01,26.0,40456.08,1
2026-02-04,2026-02-04 11:23:00,1551.91,1552.06,1551.91,1552.06,0.01,26.0,40456.08,1
2026-02-04,2026-02-04 11:24:00,1552.06,1552.21,1552.06,1552.21,0.01,26.0,40456.08,1
2026-02-04,2026-02-04 11:25:00,1552.21,1552.37,1552.21,1552.37,0.01,26.0,40456.08,1
2026-02-04,2026-02-04 11:26:00,1552.37,1552.52,1552.37,1552.52,0.01,26.0,40456.08,1
2026-02-04,2026-02-04 11:27:00,1552.52,1552.67,1552.52,1552.67,0.01,26.0,40456.08,1
2026-02-04,2026-02-04 11:28:00,1552.67,1552.82,1552.67,1552.82,0.01,26.0,40456.08,1
2026-02-04,2026-02-04 11:29:00,1552.82,1552.98,1552.82,1552.98,0.01,26.0,40456.08,1
2026-02-04,2026-02-04 11:30:00,1552.98,1553.13,1552.98,1553.13,0.01,26.0,40456.08,1
2026-02-04,2026-02-04 11:31:00,1553.13,1553.28,1553.13,1553.28,0.01,26.0,40456.08,1
2026-02-04,2026-02-04 11:32:00,1553.28,1553.43,1553.28,1553.43,0.01,26.0,40456.08,1
2026-02-04,2026-02-04 11:33:00,1553.43,1553.59,1553.43,1553.59,0.01,26.0,40456.08,1
2026-02-04,2026-02-04 11:34:00,1553.59,1553.74,1553.59,1553.74,0.01,26.0,40456.08,1
2026-02-04,2026-02-04 11:35:00,1553.74,1553.89,1553.74,1553.89,0.01,26.0,40456.08,1
2026-02-04,2026-02-04 11:36:00,1553.89,1554.04,1553.89,1554.04,0.01,26.0,40456.08,1
2026-02-04,2026-02-04 11:37:00,1554.04,1554.2,1554.04,1554.2,0.01,26.0,40456.08,1
2026-02-04,2026-02-04 11:38:00,1554.2,1554.35,1554.2,1554.35,0.01,26.0,40456.08,1
2026-02-04,2026-02-04 11:39:00,1554.35,1554.5,1554.35,1554.5,0.01,26.0,40456.08,1
2026-02-04,2026-02-04 11:40:00,1554.5,1554.65,1554.5,1554.65,0.01,26.0,40456.08,1
2026-02-04,2026-02-04 11:41:00,1554.65,1554.81,1554.65,1554.81,0.01,26.0,40456.08,1
2026-02-04,2026-02-04 11:42:00,1554.81,1554.96,1554.81,1554.96,0.01,26.0,40456.08,1
2026-02-04,2026-02-04 11:43:00,1554.96,1555.11,1554.96,1555.11,0.01,26.0,40456.08,1
2026-02-04,2026-02-04 11:44:00,1555.11,1555.26,1555.11,1555.26,0.01,26.0,40456.08,1
2026-02-04,2026-02-04 11:45:00,1555.26,1555.41,1555.26,1555.41,0.01,26.0,40456.08,1
2026-02-04,2026-02-04 11:46:00,1555.41,1555.57,1555.41,1555.57,0.01,26.0,40456.08,1
2026-02-04,2026-02-04 11:47:00,1555.57,1555.72,1555.57,1555.72,0.01,26.0,40456.08,1
2026-02-04,2026-02-04 11:48:00,1555.72,1555.87,1555.72,1555.87,0.01,26.0,40456.08,1
2026-02-04,2026-02-04 11:49:00,1555.87,1556.03,1555.87,1556.03,0.01,26.0,40456.08,1
2026-02-04,2026-02-04 11:50:00,1556.03,1556.18,1556.03,1556.18,0.01,26.0,40456.08,1
2026-02-04,2026-02-04 11:51:00,1556.18,1556.33,1556.18,1556.33,0.01,26.0,40456.08,1
2026-02-04,2026-02-04 11:52:00,1556.33,1556.48,1556.33,1556.48,0.01,26.0,40456.08,1
2026-02-04,2026-02-04 11:53:00,1556.48,1556.63,1556.48,1556.63,0.01,26.0,40456.08,1
2026-02-04,2026-02-04 11:54:00,1556.63,1556.79,1556.63,1556.79,0.01,26.0,40456.08,1
2026-02-04,2026-02-04 11:55:00,1556.79,1556.94,1556.79,1556.94,0.01,26.0,40456.08,1
2026-02-04,2026-02-04 11:56:00,1556.94,1557.09,1556.94,1557.09,0.01,26.0,40456.08,1
2026-02-04,2026-02-04 11:57:00,1557.09,1557.25,1557.09,1557.25,0.01,26.0,40456.08,1
2026-02-04,2026-02-04 11:58:00,1557.25,1557.4,1557.25,1557.4,0.01,26.0,40456.08,1
2026-02-04,2026-02-04 11:59:00,1557.4,1557.55,1557.4,1557.55,0.01,26.0,40456.08,1
2026-02-04,2026-02-04 12:00:00,1557.55,1557.7,1557.55,1557.7,0.01,26.0,40456.08,1
2026-02-04,2026-02-04 12:01:00,1557.7,1557.86,1557.7,1557.86,0.01,26.0,40456.08,1
2026-02-04,2026-02-04 12:02:00,1557.86,1558.01,1557.86,1558.01,0.01,26.0,40456.08,1
2026-02-04,2026-02-04 12:03:00,1558.01,1558.16,1558.01,1558.16,0.01,26.0,40456.08,1
2026-02-04,2026-02-04 12:04:00,1558.16,1558.31,1558.16,1558.31,0.01,26.0,40456.08,1
2026-02-04,2026-02-04 12:05:00,1558.31,1558.47,1558.31,1558.47,0.01,26.0,40456.08,1
2026-02-04,2026-02-04 12:06:00,1558.47,1558.62,1558.47,1558.62,0.01,26.0,40456.08,1
2026-02-04,2026-02-04 12:07:00,1558.62,1558.77,1558.62,1558.77,0.01,26.0,40456.08,1
2026-02-04,2026-02-04 12:08:00,1558.77,1558.92,1558.77,1558.92,0.01,26.0,40456.08,1
2026-02-04,2026-02-04 12:09:00,1558.92,1559.08,1558.92,1559.08,0.01,26.0,40456.08,1
2026-02-04,2026-02-04 12:10:00,1559.08,1559.23,1559.08,1559.23,0.01,26.0,40456.08,1
2026-02-04,2026-02-04 12:11:00,1559.23,1559.38,1559.23,1559.38,0.01,26.0,40456.08,1
2026-02-04,2026-02-04 12:12:00,1559.38,1559.53,1559.38,1559.53,0.01,26.0,40456.08,1
2026-02-04,2026-02-04 12:13:00,1559.53,1559.69,1559.53,1559.69,0.01,26.0,40456.08,1
2026-02-04,2026-02-04 12:14:00,1559.69,1559.84,1559.69,1559.84,0.01,26.0,40456.08,1
2026-02-04,2026-02-04 12:15:00,1559.84,1559.99,1559.84,1559.99,0.01,26.0,40456.08,1
2026-02-04,2026-02-04 12:16:00,1559.99,1560.14,1559.99,1560.14,0.01,26.0,40456.08,1
2026-02-04,2026-02-04 12:17:00,1560.14,1560.3,1560.14,1560.3,0.01,26.0,40456.08,1
2026-02-04,2026-02-04 12:18:00,1560.3,1560.45,1560.3,1560.45,0.01,26.0,40456.08,1
2026-02-04,2026-02-04 12:19:00,1560.45,1560.6,1560.45,1560.6,0.01,26.0,40456.08,1
2026-02-04,2026-02-04 12:20:00,1560.6,1560.75,1560.6,1560.75,0.01,26.0,40456.08,1
2026-02-04,2026-02-04 12:21:00,1560.75,1560.9,1560.75,1560.9,0.01,26.0,40456.08,1
2026-02-04,2026-02-04 12:22:00,1560.9,1561.06,1560.9,1561.06,0.01,26.0,40456.08,1
2026-02-04,2026-02-04 12:23:00,1561.06,1561.21,1561.06,1561.21,0.01,26.0,40456.08,1
2026-02-04,2026-02-04 12:24:00,1561.21,1561.36,1561.21,1561.36,0.01,26.0,40456.08,1
2026-02-04,2026-02-04 12:25:00,1561.36,1561.52,1561.36,1561.52,0.01,26.0,40456.08,1
2026-02-04,2026-02-04 12:26:00,1561.52,1561.67,1561.52,1561.67,0.01,26.0,40456.08,1
2026-02-04,2026-02-04 12:27:00,1561.67,1561.82,1561.67,1561.82,0.01,26.0,40456.08,1
2026-02-04,2026-02-04 12:28:00,1561.82,1561.97,1561.82,1561.97,0.01,26.0,40456.08,1
2026-02-04,2026-02-04 12:29:00,1561.97,1562.12,1561.97,1562.12,0.01,26.0,40456.08,1
2026-02-04,2026-02-04 12:30:00,1562.12,1562.28,1562.12,1562.28,0.01,26.0,40456.08,1
2026-02-04,2026-02-04 12:31:00,1562.28,1562.43,1562.28,1562.43,0.01,26.0,40456.08,1
2026-02-04,2026-02-04 12:32:00,1562.43,1562.58,1562.43,1562.58,0.01,26.0,40456.08,1
2026-02-04,2026-02-04 12:33:00,1562.58,1562.74,1562.58,1562.74,0.01,26.0,40456.08,1
2026-02-04,2026-02-04 12:34:00,1562.74,1562.89,1562.74,1562.89,0.01,26.0,40456.08,1
2026-02-04,2026-02-04 12:35:00,1562.89,1563.04,1562.89,1563.04,0.01,26.0,40456.08,1
2026-02-04,2026-02-04 12:36:00,1563.04,1563.19,1563.04,1563.19,0.01,26.0,40456.08,1
2026-02-04,2026-02-04 12:37:00,1563.19,1563.35,1563.19,1563.35,0.01,26.0,40456.08,1
2026-02-04,2026-02-04 12:38:00,1563.35,1563.5,1563.35,1563.5,0.01,26.0,40456.08,1
2026-02-04,2026-02-04 12:39:00,1563.5,1563.65,1563.5,1563.65,0.01,26.0,40456.08,1
2026-02-04,2026-02-04 12:40:00,1563.65,1563.8,1563.65,1563.8,0.01,26.0,40456.08,1
2026-02-04,2026-02-04 12:41:00,1563.8,1563.96,1563.8,1563.96,0.01,26.0,40456.08,1
2026-02-04,2026-02-04 12:42:00,1563.96,1564.11,1563.96,1564.11,0.01,26.0,40456.08,1
2026-02-04,2026-02-04 12:43:00,1564.11,1564.26,1564.11,1564.26,0.01,26.0,40456.08,1
2026-02-04,2026-02-04 12:44:00,1564.26,1564.41,1564.26,1564.41,0.01,26.0,40456.08,1
2026-02-04,2026-02-04 12:45:00,1564.41,1564.57,1564.41,1564.57,0.01,26.0,40456.08,1
2026-02-04,2026-02-04 12:46:00,1564.57,1564.72,1564.57,1564.72,0.01,26.0,40456.08,1
2026-02-04,2026-02-04 12:47:00,1564.72,1564.87,1564.72,1564.87,0.01,26.0,40456.08,1
2026-02-04,2026-02-04 12:48:00,1564.87,1565.02,1564.87,1565.02,0.01,26.0,40456.08,1
2026-02-04,2026-02-04 12:49:00,1565.02,1565.17,1565.02,1565.17,0.01,26.0,40456.08,1
2026-02-04,2026-02-04 12:50:00,1565.17,1565.33,1565.17,1565.33,0.01,26.0,40456.08,1
2026-02-04,2026-02-04 12:51:00,1565.33,1565.48,1565.33,1565.48,0.01,26.0,40456.08,1
2026-02-04,2026-02-04 12:52:00,1565.48,1565.63,1565.48,1565.63,0.01,26.0,40456.08,1
2026-02-04,2026-02-04 12:53:00,1565.63,1565.79,1565.63,1565.79,0.01,26.0,40456.08,1
2026-02-04,2026-02-04 12:54:00,1565.79,1565.94,1565.79,1565.94,0.01,26.0,40456.08,1
2026-02-04,2026-02-04 12:55:00,1565.94,1566.09,1565.94,1566.09,0.01,26.0,40456.08,1
2026-02-04,2026-02-04 12:56:00,1566.09,1566.24,1566.09,1566.24,0.01,26.0,40456.08,1
2026-02-04,2026-02-04 12:57:00,1566.24,1566.39,1566.24,1566.39,0.01,26.0,40456.08,1
2026-02-04,2026-02-04 12:58:00,1566.39,1566.55,1566.39,1566.55,0.01,26.0,40456.08,1
2026-02-04,2026-02-04 12:59:00,1566.55,1566.7,1566.55,1566.7,0.01,26.0,40456.08,1
2026-02-04,2026-02-04 13:00:00,1566.7,1605.0,1518.0,1566.85,0.01,26.0,40456.08,1
2026-02-04,2026-02-04 13:01:00,1566.85,1567.01,1566.85,1567.01,0.01,26.0,40456.08,1
2026-02-04,2026-02-04 13:02:00,1567.01,1567.16,1567.01,1567.16,0.01,26.0,40456.08,1
2026-02-04,2026-02-04 13:03:00,1567.16,1567.31,1567.16,1567.31,0.01,26.0,40456.08,1
2026-02-04,2026-02-04 13:04:00,1567.31,1567.46,1567.31,1567.46,0.01,26.0,40456.08,1
2026-02-04,2026-02-04 13:05:00,1567.46,1567.62,1567.46,1567.62,0.01,26.0,40456.08,1
2026-02-04,2026-02-04 13:06:00,1567.62,1567.77,1567.62,1567.77,0.01,26.0,40456.08,1
2026-02-04,2026-02-04 13:07:00,1567.77,1567.92,1567.77,1567.92,0.01,26.0,40456.08,1
2026-02-04,2026-02-04 13:08:00,1567.92,1568.07,1567.92,1568.07,0.01,26.0,40456.08,1
2026-02-04,2026-02-04 13:09:00,1568.07,1568.23,1568.07,1568.23,0.01,26.0,40456.08,1
2026-02-04,2026-02-04 13:10:00,1568.23,1568.38,1568.23,1568.38,0.01,26.0,40456.08,1
2026-02-04,2026-02-04 13:11:00,1568.38,1568.53,1568.38,1568.53,0.01,26.0,40456.08,1
2026-02-04,2026-02-04 13:12:00,1568.53,1568.68,1568.53,1568.68,0.01,26.0,40456.08,1
2026-02-04,2026-02-04 13:13:00,1568.68,1568.84,1568.68,1568.84,0.01,26.0,40456.08,1
2026-02-04,2026-02-04 13:14:00,1568.84,1568.99,1568.84,1568.99,0.01,26.0,40456.08,1
2026-02-04,2026-02-04 13:15:00,1568.99,1569.14,1568.99,1569.14,0.01,26.0,40456.08,1
2026-02-04,2026-02-04 13:16:00,1569.14,1569.29,1569.14,1569.29,0.01,26.0,40456.08,1
2026-02-04,2026-02-04 13:17:00,1569.29,1569.44,1569.29,1569.44,0.01,26.0,40456.08,1
2026-02-04,2026-02-04 13:18:00,1569.44,1569.6,1569.44,1569.6,0.01,26.0,40456.08,1
2026-02-04,2026-02-04 13:19:00,1569.6,1569.75,1569.6,1569.75,0.01,26.0,40456.08,1
2026-02-04,2026-02-04 13:20:00,1569.75,1569.9,1569.75,1569.9,0.01,26.0,40456.08,1
2026-02-04,2026-02-04 13:21:00,1569.9,1570.06,1569.9,1570.06,0.01,26.0,40456.08,1
2026-02-04,2026-02-04 13:22:00,1570.06,1570.21,1570.06,1570.21,0.01,26.0,40456.08,1
2026-02-04,2026-02-04 13:23:00,1570.21,1570.36,1570.21,1570.36,0.01,26.0,40456.08,1
2026-02-04,2026-02-04 13:24:00,1570.36,1570.51,1570.36,1570.51,0.01,26.0,40456.08,1
2026-02-04,2026-02-04 13:25:00,1570.51,1570.66,1570.51,1570.66,0.01,26.0,40456.08,1
2026-02-04,2026-02-04 13:26:00,1570.66,1570.82,1570.66,1570.82,0.01,26.0,40456.08,1
2026-02-04,2026-02-04 13:27:00,1570.82,1570.97,1570.82,1570.97,0.01,26.0,40456.08,1
2026-02-04,2026-02-04 13:28:00,1570.97,1571.12,1570.97,1571.12,0.01,26.0,40456.08,1
2026-02-04,2026-02-04 13:29:00,1571.12,1571.28,1571.12,1571.28,0.01,26.0,40456.08,1
2026-02-04,2026-02-04 13:30:00,1571.28,1571.43,1571.28,1571.43,0.01,26.0,40456.08,1
2026-02-04,2026-02-04 13:31:00,1571.43,1571.58,1571.43,1571.58,0.01,26.0,40456.08,1
2026-02-04,2026-02-04 13:32:00,1571.58,1571.73,1571.58,1571.73,0.01,26.0,40456.08,1
2026-02-04,2026-02-04 13:33:00,1571.73,1571.88,1571.73,1571.88,0.01,26.0,40456.08,1
2026-02-04,2026-02-04 13:34:00,1571.88,1572.04,1571.88,1572.04,0.01,26.0,40456.08,1
2026-02-04,2026-02-04 13:35:00,1572.04,1572.19,1572.04,1572.19,0.01,26.0,40456.08,1
2026-02-04,2026-02-04 13:36:00,1572.19,1572.34,1572.19,1572.34,0.01,26.0,40456.08,1
2026-02-04,2026-02-04 13:37:00,1572.34,1572.5,1572.34,1572.5,0.01,26.0,40456.08,1
2026-02-04,2026-02-04 13:38:00,1572.5,1572.65,1572.5,1572.65,0.01,26.0,40456.08,1
2026-02-04,2026-02-04 13:39:00,1572.65,1572.8,1572.65,1572.8,0.01,26.0,40456.08,1
2026-02-04,2026-02-04 13:40:00,1572.8,1572.95,1572.8,1572.95,0.01,26.0,40456.08,1
2026-02-04,2026-02-04 13:41:00,1572.95,1573.11,1572.95,1573.11,0.01,26.0,40456.08,1
2026-02-04,2026-02-04 13:42:00,1573.11,1573.26,1573.11,1573.26,0.01,26.0,40456.08,1
2026-02-04,2026-02-04 13:43:00,1573.26,1573.41,1573.26,1573.41,0.01,26.0,40456.08,1
2026-02-04,2026-02-04 13:44:00,1573.41,1573.56,1573.41,1573.56,0.01,26.0,40456.08,1
2026-02-04,2026-02-04 13:45:00,1573.56,1573.71,1573.56,1573.71,0.01,26.0,40456.08,1
2026-02-04,2026-02-04 13:46:00,1573.71,1573.87,1573.71,1573.87,0.01,26.0,40456.08,1
2026-02-04,2026-02-04 13:47:00,1573.87,1574.02,1573.87,1574.02,0.01,26.0,40456.08,1
2026-02-04,2026-02-04 13:48:00,1574.02,1574.17,1574.02,1574.17,0.01,26.0,40456.08,1
2026-02-04,2026-02-04 13:49:00,1574.17,1574.33,1574.17,1574.33,0.01,26.0,40456.08,1
2026-02-04,2026-02-04 13:50:00,1574.33,1574.48,1574.33,1574.48,0.01,26.0,40456.08,1
2026-02-04,2026-02-04 13:51:00,1574.48,1574.63,1574.48,1574.63,0.01,26.0,40456.08,1
2026-02-04,2026-02-04 13:52:00,1574.63,1574.78,1574.63,1574.78,0.01,26.0,40456.08,1
2026-02-04,2026-02-04 13:53:00,1574.78,1574.93,1574.78,1574.93,0.01,26.0,40456.08,1
2026-02-04,2026-02-04 13:54:00,1574.93,1575.09,1574.93,1575.09,0.01,26.0,40456.08,1
2026-02-04,2026-02-04 13:55:00,1575.09,1575.24,1575.09,1575.24,0.01,26.0,40456.08,1
2026-02-04,2026-02-04 13:56:00,1575.24,1575.39,1575.24,1575.39,0.01,26.0,40456.08,1
2026-02-04,2026-02-04 13:57:00,1575.39,1575.55,1575.39,1575.55,0.01,26.0,40456.08,1
2026-02-04,2026-02-04 13:58:00,1575.55,1575.7,1575.55,1575.7,0.01,26.0,40456.08,1
2026-02-04,2026-02-04 13:59:00,1575.7,1575.85,1575.7,1575.85,0.01,26.0,40456.08,1
2026-02-04,2026-02-04 14:00:00,1575.85,1576.0,1575.85,1576.0,0.01,26.0,40456.08,1
2026-02-04,2026-02-04 14:01:00,1576.0,1576.15,1576.0,1576.15,0.01,26.0,40456.08,1
2026-02-04,2026-02-04 14:02:00,1576.15,1576.31,1576.15,1576.31,0.01,26.0,40456.08,1
2026-02-04,2026-02-04 14:03:00,1576.31,1576.46,1576.31,1576.46,0.01,26.0,40456.08,1
2026-02-04,2026-02-04 14:04:00,1576.46,1576.61,1576.46,1576.61,0.01,26.0,40456.08,1
2026-02-04,2026-02-04 14:05:00,1576.61,1576.77,1576.61,1576.77,0.01,26.0,40456.08,1
2026-02-04,2026-02-04 14:06:00,1576.77,1576.92,1576.77,1576.92,0.01,26.0,40456.08,1
2026-02-04,2026-02-04 14:07:00,1576.92,1577.07,1576.92,1577.07,0.01,26.0,40456.08,1
2026-02-04,2026-02-04 14:08:00,1577.07,1577.22,1577.07,1577.22,0.01,26.0,40456.08,1
2026-02-04,2026-02-04 14:09:00,1577.22,1577.38,1577.22,1577.38,0.01,26.0,40456.08,1
2026-02-04,2026-02-04 14:10:00,1577.38,1577.53,1577.38,1577.53,0.01,26.0,40456.08,1
2026-02-04,2026-02-04 14:11:00,1577.53,1577.68,1577.53,1577.68,0.01,26.0,40456.08,1
2026-02-04,2026-02-04 14:12:00,1577.68,1577.83,1577.68,1577.83,0.01,26.0,40456.08,1
2026-02-04,2026-02-04 14:13:00,1577.83,1577.99,1577.83,1577.99,0.01,26.0,40456.08,1
2026-02-04,2026-02-04 14:14:00,1577.99,1578.14,1577.99,1578.14,0.01,26.0,40456.08,1
2026-02-04,2026-02-04 14:15:00,1578.14,1578.29,1578.14,1578.29,0.01,26.0,40456.08,1
2026-02-04,2026-02-04 14:16:00,1578.29,1578.44,1578.29,1578.44,0.01,26.0,40456.08,1
2026-02-04,2026-02-04 14:17:00,1578.44,1578.6,1578.44,1578.6,0.01,26.0,40456.08,1
2026-02-04,2026-02-04 14:18:00,1578.6,1578.75,1578.6,1578.75,0.01,26.0,40456.08,1
2026-02-04,2026-02-04 14:19:00,1578.75,1578.9,1578.75,1578.9,0.01,26.0,40456.08,1
2026-02-04,2026-02-04 14:20:00,1578.9,1579.05,1578.9,1579.05,0.01,26.0,40456.08,1
2026-02-04,2026-02-04 14:21:00,1579.05,1579.2,1579.05,1579.2,0.01,26.0,40456.08,1
2026-02-04,2026-02-04 14:22:00,1579.2,1579.36,1579.2,1579.36,0.01,26.0,40456.08,1
2026-02-04,2026-02-04 14:23:00,1579.36,1579.51,1579.36,1579.51,0.01,26.0,40456.08,1
2026-02-04,2026-02-04 14:24:00,1579.51,1579.66,1579.51,1579.66,0.01,26.0,40456.08,1
2026-02-04,2026-02-04 14:25:00,1579.66,1579.82,1579.66,1579.82,0.01,26.0,40456.08,1
2026-02-04,2026-02-04 14:26:00,1579.82,1579.97,1579.82,1579.97,0.01,26.0,40456.08,1
2026-02-04,2026-02-04 14:27:00,1579.97,1580.12,1579.97,1580.12,0.01,26.0,40456.08,1
2026-02-04,2026-02-04 14:28:00,1580.12,1580.27,1580.12,1580.27,0.01,26.0,40456.08,1
2026-02-04,2026-02-04 14:29:00,1580.27,1580.42,1580.27,1580.42,0.01,26.0,40456.08,1
2026-02-04,2026-02-04 14:30:00,1580.42,1580.58,1580.42,1580.58,0.01,26.0,40456.08,1
2026-02-04,2026-02-04 14:31:00,1580.58,1580.73,1580.58,1580.73,0.01,26.0,40456.08,1
2026-02-04,2026-02-04 14:32:00,1580.73,1580.88,1580.73,1580.88,0.01,26.0,40456.08,1
2026-02-04,2026-02-04 14:33:00,1580.88,1581.04,1580.88,1581.04,0.01,26.0,40456.08,1
2026-02-04,2026-02-04 14:34:00,1581.04,1581.19,1581.04,1581.19,0.01,26.0,40456.08,1
2026-02-04,2026-02-04 14:35:00,1581.19,1581.34,1581.19,1581.34,0.01,26.0,40456.08,1
2026-02-04,2026-02-04 14:36:00,1581.34,1581.49,1581.34,1581.49,0.01,26.0,40456.08,1
2026-02-04,2026-02-04 14:37:00,1581.49,1581.64,1581.49,1581.64,0.01,26.0,40456.08,1
2026-02-04,2026-02-04 14:38:00,1581.64,1581.8,1581.64,1581.8,0.01,26.0,40456.08,1
2026-02-04,2026-02-04 14:39:00,1581.8,1581.95,1581.8,1581.95,0.01,26.0,40456.08,1
2026-02-04,2026-02-04 14:40:00,1581.95,1582.1,1581.95,1582.1,0.01,26.0,40456.08,1
2026-02-04,2026-02-04 14:41:00,1582.1,1582.26,1582.1,1582.26,0.01,26.0,40456.08,1
2026-02-04,2026-02-04 14:42:00,1582.26,1582.41,1582.26,1582.41,0.01,26.0,40456.08,1
2026-02-04,2026-02-04 14:43:00,1582.41,1582.56,1582.41,1582.56,0.01,26.0,40456.08,1
2026-02-04,2026-02-04 14:44:00,1582.56,1582.71,1582.56,1582.71,0.01,26.0,40456.08,1
2026-02-04,2026-02-04 14:45:00,1582.71,1582.87,1582.71,1582.87,0.01,26.0,40456.08,1
2026-02-04,2026-02-04 14:46:00,1582.87,1583.02,1582.87,1583.02,0.01,26.0,40456.08,1
2026-02-04,2026-02-04 14:47:00,1583.02,1583.17,1583.02,1583.17,0.01,26.0,40456.08,1
2026-02-04,2026-02-04 14:48:00,1583.17,1583.32,1583.17,1583.32,0.01,26.0,40456.08,1
2026-02-04,2026-02-04 14:49:00,1583.32,1583.47,1583.32,1583.47,0.01,26.0,40456.08,1
2026-02-04,2026-02-04 14:50:00,1583.47,1583.63,1583.47,1583.63,0.01,26.0,40456.08,1
2026-02-04,2026-02-04 14:51:00,1583.63,1583.78,1583.63,1583.78,0.01,26.0,40456.08,1
2026-02-04,2026-02-04 14:52:00,1583.78,1583.93,1583.78,1583.93,0.01,26.0,40456.08,1
2026-02-04,2026-02-04 14:53:00,1583.93,1584.09,1583.93,1584.09,0.01,26.0,40456.08,1
2026-02-04,2026-02-04 14:54:00,1584.09,1584.24,1584.09,1584.24,0.01,26.0,40456.08,1
2026-02-04,2026-02-04 14:55:00,1584.24,1584.39,1584.24,1584.39,0.01,26.0,40456.08,1
2026-02-04,2026-02-04 14:56:00,1584.39,1584.54,1584.39,1584.54,0.01,26.0,40456.08,1
2026-02-04,2026-02-04 14:57:00,1584.54,1584.69,1584.54,1584.69,0.01,26.0,40456.08,1
2026-02-04,2026-02-04 14:58:00,1584.69,1584.85,1584.69,1584.85,0.01,26.0,40456.08,1
2026-02-04,2026-02-04 14:59:00,1584.85,1585.0,1584.85,1585.0,0.01,26.0,40456.08,1
2026-02-04,2026-02-04 15:00:00,1585.0,1605.0,1518.0,1585.0,0.0,26.0,40456.08,0
2026-02-05,2026-02-05 11:00:00,1554.0,1566.9,1546.8,1554.13,0.01,35.39,55213.8,1
2026-02-05,2026-02-05 11:01:00,1554.13,1554.27,1554.13,1554.27,0.01,35.39,55213.8,1
2026-02-05,2026-02-05 11:02:00,1554.27,1554.4,1554.27,1554.4,0.01,35.39,55213.8,1
2026-02-05,2026-02-05 11:03:00,1554.4,1554.53,1554.4,1554.53,0.01,35.39,55213.8,1
2026-02-05,2026-02-05 11:04:00,1554.53,1554.67,1554.53,1554.67,0.01,35.39,55213.8,1
2026-02-05,2026-02-05 11:05:00,1554.67,1554.8,1554.67,1554.8,0.01,35.39,55213.8,1
2026-02-05,2026-02-05 11:06:00,1554.8,1554.93,1554.8,1554.93,0.01,35.39,55213.8,1
2026-02-05,2026-02-05 11:07:00,1554.93,1555.07,1554.93,1555.07,0.01,35.39,55213.8,1
2026-02-05,2026-02-05 11:08:00,1555.07,1555.2,1555.07,1555.2,0.01,35.39,55213.8,1
2026-02-05,2026-02-05 11:09:00,1555.2,1555.33,1555.2,1555.33,0.01,35.39,55213.8,1
2026-02-05,2026-02-05 11:10:00,1555.33,1555.47,1555.33,1555.47,0.01,35.39,55213.8,1
2026-02-05,2026-02-05 11:11:00,1555.47,1555.6,1555.47,1555.6,0.01,35.39,55213.8,1
2026-02-05,2026-02-05 11:12:00,1555.6,1555.73,1555.6,1555.73,0.01,35.39,55213.8,1
2026-02-05,2026-02-05 11:13:00,1555.73,1555.87,1555.73,1555.87,0.01,35.39,55213.8,1
2026-02-05,2026-02-05 11:14:00,1555.87,1556.0,1555.87,1556.0,0.01,35.39,55213.8,1
2026-02-05,2026-02-05 11:15:00,1556.0,1556.13,1556.0,1556.13,0.01,35.39,55213.8,1
2026-02-05,2026-02-05 11:16:00,1556.13,1556.27,1556.13,1556.27,0.01,35.39,55213.8,1
2026-02-05,2026-02-05 11:17:00,1556.27,1556.4,1556.27,1556.4,0.01,35.39,55213.8,1
2026-02-05,2026-02-05 11:18:00,1556.4,1556.53,1556.4,1556.53,0.01,35.39,55213.8,1
2026-02-05,2026-02-05 11:19:00,1556.53,1556.67,1556.53,1556.67,0.01,35.39,55213.8,1
2026-02-05,2026-02-05 11:20:00,1556.67,1556.8,1556.67,1556.8,0.01,35.39,55213.8,1
2026-02-05,2026-02-05 11:21:00,1556.8,1556.93,1556.8,1556.93,0.01,35.39,55213.8,1
2026-02-05,2026-02-05 11:22:00,1556.93,1557.07,1556.93,1557.07,0.01,35.39,55213.8,1
2026-02-05,2026-02-05 11:23:00,1557.07,1557.2,1557.07,1557.2,0.01,35.39,55213.8,1
2026-02-05,2026-02-05 11:24:00,1557.2,1557.33,1557.2,1557.33,0.01,35.39,55213.8,1
2026-02-05,2026-02-05 11:25:00,1557.33,1557.47,1557.33,1557.47,0.01,35.39,55213.8,1
2026-02-05,2026-02-05 11:26:00,1557.47,1557.6,1557.47,1557.6,0.01,35.39,55213.8,1
2026-02-05,2026-02-05 11:27:00,1557.6,1557.73,1557.6,1557.73,0.01,35.39,55213.8,1
2026-02-05,2026-02-05 11:28:00,1557.73,1557.87,1557.73,1557.87,0.01,35.39,55213.8,1
2026-02-05,2026-02-05 11:29:00,1557.87,1558.0,1557.87,1558.0,0.01,35.39,55213.8,1
2026-02-05,2026-02-05 11:30:00,1558.0,1558.13,1558.0,1558.13,0.01,35.39,55213.8,1
2026-02-05,2026-02-05 11:31:00,1558.13,1558.27,1558.13,1558.27,0.01,35.39,55213.8,1
2026-02-05,2026-02-05 11:32:00,1558.27,1558.4,1558.27,1558.4,0.01,35.39,55213.8,1
2026-02-05,2026-02-05 11:33:00,1558.4,1558.53,1558.4,1558.53,0.01,35.39,55213.8,1
2026-02-05,2026-02-05 11:34:00,1558.53,1558.67,1558.53,1558.67,0.01,35.39,55213.8,1
2026-02-05,2026-02-05 11:35:00,1558.67,1558.8,1558.67,1558.8,0.01,35.39,55213.8,1
2026-02-05,2026-02-05 11:36:00,1558.8,1558.93,1558.8,1558.93,0.01,35.39,55213.8,1
2026-02-05,2026-02-05 11:37:00,1558.93,1559.07,1558.93,1559.07,0.01,35.39,55213.8,1
2026-02-05,2026-02-05 11:38:00,1559.07,1559.2,1559.07,1559.2,0.01,35.39,55213.8,1
2026-02-05,2026-02-05 11:39:00,1559.2,1559.33,1559.2,1559.33,0.01,35.39,55213.8,1
2026-02-05,2026-02-05 11:40:00,1559.33,1559.47,1559.33,1559.47,0.01,35.39,55213.8,1
2026-02-05,2026-02-05 11:41:00,1559.47,1559.6,1559.47,1559.6,0.01,35.39,55213.8,1
2026-02-05,2026-02-05 11:42:00,1559.6,1559.73,1559.6,1559.73,0.01,35.39,55213.8,1
2026-02-05,2026-02-05 11:43:00,1559.73,1559.87,1559.73,1559.87,0.01,35.39,55213.8,1
2026-02-05,2026-02-05 11:44:00,1559.87,1560.0,1559.87,1560.0,0.01,35.39,55213.8,1
2026-02-05,2026-02-05 11:45:00,1560.0,1560.13,1560.0,1560.13,0.01,35.39,55213.8,1
2026-02-05,2026-02-05 11:46:00,1560.13,1560.27,1560.13,1560.27,0.01,35.39,55213.8,1
2026-02-05,2026-02-05 11:47:00,1560.27,1560.4,1560.27,1560.4,0.01,35.39,55213.8,1
2026-02-05,2026-02-05 11:48:00,1560.4,1560.53,1560.4,1560.53,0.01,35.39,55213.8,1
2026-02-05,2026-02-05 11:49:00,1560.53,1560.67,1560.53,1560.67,0.01,35.39,55213.8,1
2026-02-05,2026-02-05 11:50:00,1560.67,1560.8,1560.67,1560.8,0.01,35.39,55213.8,1
2026-02-05,2026-02-05 11:51:00,1560.8,1560.93,1560.8,1560.93,0.01,35.39,55213.8,1
2026-02-05,2026-02-05 11:52:00,1560.93,1561.07,1560.93,1561.07,0.01,35.39,55213.8,1
2026-02-05,2026-02-05 11:53:00,1561.07,1561.2,1561.07,1561.2,0.01,35.39,55213.8,1
2026-02-05,2026-02-05 11:54:00,1561.2,1561.33,1561.2,1561.33,0.01,35.39,55213.8,1
2026-02-05,2026-02-05 11:55:00,1561.33,1561.47,1561.33,1561.47,0.01,35.39,55213.8,1
2026-02-05,2026-02-05 11:56:00,1561.47,1561.6,1561.47,1561.6,0.01,35.39,55213.8,1
2026-02-05,2026-02-05 11:57:00,1561.6,1561.73,1561.6,1561.73,0.01,35.39,55213.8,1
2026-02-05,2026-02-05 11:58:00,1561.73,1561.87,1561.73,1561.87,0.01,35.39,55213.8,1
2026-02-05,2026-02-05 11:59:00,1561.87,1562.0,1561.87,1562.0,0.01,35.39,55213.8,1
2026-02-05,2026-02-05 12:00:00,1562.0,1562.13,1562.0,1562.13,0.01,35.39,55213.8,1
2026-02-05,2026-02-05 12:01:00,1562.13,1562.27,1562.13,1562.27,0.01,35.39,55213.8,1
2026-02-05,2026-02-05 12:02:00,1562.27,1562.4,1562.27,1562.4,0.01,35.39,55213.8,1
2026-02-05,2026-02-05 12:03:00,1562.4,1562.53,1562.4,1562.53,0.01,35.39,55213.8,1
2026-02-05,2026-02-05 12:04:00,1562.53,1562.67,1562.53,1562.67,0.01,35.39,55213.8,1
2026-02-05,2026-02-05 12:05:00,1562.67,1562.8,1562.67,1562.8,0.01,35.39,55213.8,1
2026-02-05,2026-02-05 12:06:00,1562.8,1562.93,1562.8,1562.93,0.01,35.39,55213.8,1
2026-02-05,2026-02-05 12:07:00,1562.93,1563.07,1562.93,1563.07,0.01,35.39,55213.8,1
2026-02-05,2026-02-05 12:08:00,1563.07,1563.2,1563.07,1563.2,0.01,35.39,55213.8,1
2026-02-05,2026-02-05 12:09:00,1563.2,1563.33,1563.2,1563.33,0.01,35.39,55213.8,1
2026-02-05,2026-02-05 12:10:00,1563.33,1563.47,1563.33,1563.47,0.01,35.39,55213.8,1
2026-02-05,2026-02-05 12:11:00,1563.47,1563.6,1563.47,1563.6,0.01,35.39,55213.8,1
2026-02-05,2026-02-05 12:12:00,1563.6,1563.73,1563.6,1563.73,0.01,35.39,55213.8,1
2026-02-05,2026-02-05 12:13:00,1563.73,1563.87,1563.73,1563.87,0.01,35.39,55213.8,1
2026-02-05,2026-02-05 12:14:00,1563.87,1564.0,1563.87,1564.0,0.01,35.39,55213.8,1
2026-02-05,2026-02-05 12:15:00,1564.0,1564.13,1564.0,1564.13,0.01,35.39,55213.8,1
2026-02-05,2026-02-05 12:16:00,1564.13,1564.27,1564.13,1564.27,0.01,35.39,55213.8,1
2026-02-05,2026-02-05 12:17:00,1564.27,1564.4,1564.27,1564.4,0.01,35.39,55213.8,1
2026-02-05,2026-02-05 12:18:00,1564.4,1564.53,1564.4,1564.53,0.01,35.39,55213.8,1
2026-02-05,2026-02-05 12:19:00,1564.53,1564.67,1564.53,1564.67,0.01,35.39,55213.8,1
2026-02-05,2026-02-05 12:20:00,1564.67,1564.8,1564.67,1564.8,0.01,35.39,55213.8,1
2026-02-05,2026-02-05 12:21:00,1564.8,1564.93,1564.8,1564.93,0.01,35.39,55213.8,1
2026-02-05,2026-02-05 12:22:00,1564.93,1565.07,1564.93,1565.07,0.01,35.39,55213.8,1
2026-02-05,2026-02-05 12:23:00,1565.07,1565.2,1565.07,1565.2,0.01,35.39,55213.8,1
2026-02-05,2026-02-05 12:24:00,1565.2,1565.33,1565.2,1565.33,0.01,35.39,55213.8,1
2026-02-05,2026-02-05 12:25:00,1565.33,1565.47,1565.33,1565.47,0.01,35.39,55213.8,1
2026-02-05,2026-02-05 12:26:00,1565.47,1565.6,1565.47,1565.6,0.01,35.39,55213.8,1
2026-02-05,2026-02-05 12:27:00,1565.6,1565.73,1565.6,1565.73,0.01,35.39,55213.8,1
2026-02-05,2026-02-05 12:28:00,1565.73,1565.87,1565.73,1565.87,0.01,35.39,55213.8,1
2026-02-05,2026-02-05 12:29:00,1565.87,1566.0,1565.87,1566.0,0.01,35.39,55213.8,1
2026-02-05,2026-02-05 12:30:00,1566.0,1566.13,1566.0,1566.13,0.01,35.39,55213.8,1
2026-02-05,2026-02-05 12:31:00,1566.13,1566.27,1566.13,1566.27,0.01,35.39,55213.8,1
2026-02-05,2026-02-05 12:32:00,1566.27,1566.4,1566.27,1566.4,0.01,35.39,55213.8,1
2026-02-05,2026-02-05 12:33:00,1566.4,1566.53,1566.4,1566.53,0.01,35.39,55213.8,1
2026-02-05,2026-02-05 12:34:00,1566.53,1566.67,1566.53,1566.67,0.01,35.39,55213.8,1
2026-02-05,2026-02-05 12:35:00,1566.67,1566.8,1566.67,1566.8,0.01,35.39,55213.8,1
2026-02-05,2026-02-05 12:36:00,1566.8,1566.93,1566.8,1566.93,0.01,35.39,55213.8,1
2026-02-05,2026-02-05 12:37:00,1566.93,1567.07,1566.93,1567.07,0.01,35.39,55213.8,1
2026-02-05,2026-02-05 12:38:00,1567.07,1567.2,1567.07,1567.2,0.01,35.39,55213.8,1
2026-02-05,2026-02-05 12:39:00,1567.2,1567.33,1567.2,1567.33,0.01,35.39,55213.8,1
2026-02-05,2026-02-05 12:40:00,1567.33,1567.47,1567.33,1567.47,0.01,35.39,55213.8,1
2026-02-05,2026-02-05 12:41:00,1567.47,1567.6,1567.47,1567.6,0.01,35.39,55213.8,1
2026-02-05,2026-02-05 12:42:00,1567.6,1567.73,1567.6,1567.73,0.01,35.39,55213.8,1
2026-02-05,2026-02-05 12:43:00,1567.73,1567.87,1567.73,1567.87,0.01,35.39,55213.8,1
2026-02-05,2026-02-05 12:44:00,1567.87,1568.0,1567.87,1568.0,0.01,35.39,55213.8,1
2026-02-05,2026-02-05 12:45:00,1568.0,1568.13,1568.0,1568.13,0.01,35.39,55213.8,1
2026-02-05,2026-02-05 12:46:00,1568.13,1568.27,1568.13,1568.27,0.01,35.39,55213.8,1
2026-02-05,2026-02-05 12:47:00,1568.27,1568.4,1568.27,1568.4,0.01,35.39,55213.8,1
2026-02-05,2026-02-05 12:48:00,1568.4,1568.53,1568.4,1568.53,0.01,35.39,55213.8,1
2026-02-05,2026-02-05 12:49:00,1568.53,1568.67,1568.53,1568.67,0.01,35.39,55213.8,1
2026-02-05,2026-02-05 12:50:00,1568.67,1568.8,1568.67,1568.8,0.01,35.39,55213.8,1
2026-02-05,2026-02-05 12:51:00,1568.8,1568.93,1568.8,1568.93,0.01,35.39,55213.8,1
2026-02-05,2026-02-05 12:52:00,1568.93,1569.07,1568.93,1569.07,0.01,35.39,55213.8,1
2026-02-05,2026-02-05 12:53:00,1569.07,1569.2,1569.07,1569.2,0.01,35.39,55213.8,1
2026-02-05,2026-02-05 12:54:00,1569.2,1569.33,1569.2,1569.33,0.01,35.39,55213.8,1
2026-02-05,2026-02-05 12:55:00,1569.33,1569.47,1569.33,1569.47,0.01,35.39,55213.8,1
2026-02-05,2026-02-05 12:56:00,1569.47,1569.6,1569.47,1569.6,0.01,35.39,55213.8,1
2026-02-05,2026-02-05 12:57:00,1569.6,1569.73,1569.6,1569.73,0.01,35.39,55213.8,1
2026-02-05,2026-02-05 12:58:00,1569.73,1569.87,1569.73,1569.87,0.01,35.39,55213.8,1
2026-02-05,2026-02-05 12:59:00,1569.87,1570.0,1569.87,1570.0,0.01,35.39,55213.8,1
2026-02-05,2026-02-05 13:00:00,1570.0,1597.0,1530.0,1570.13,0.01,35.39,55213.8,1
2026-02-05,2026-02-05 13:01:00,1570.13,1570.27,1570.13,1570.27,0.01,35.39,55213.8,1
2026-02-05,2026-02-05 13:02:00,1570.27,1570.4,1570.27,1570.4,0.01,35.39,55213.8,1
2026-02-05,2026-02-05 13:03:00,1570.4,1570.53,1570.4,1570.53,0.01,35.39,55213.8,1
2026-02-05,2026-02-05 13:04:00,1570.53,1570.67,1570.53,1570.67,0.01,35.39,55213.8,1
2026-02-05,2026-02-05 13:05:00,1570.67,1570.8,1570.67,1570.8,0.01,35.39,55213.8,1
2026-02-05,2026-02-05 13:06:00,1570.8,1570.93,1570.8,1570.93,0.01,35.39,55213.8,1
2026-02-05,2026-02-05 13:07:00,1570.93,1571.07,1570.93,1571.07,0.01,35.39,55213.8,1
2026-02-05,2026-02-05 13:08:00,1571.07,1571.2,1571.07,1571.2,0.01,35.39,55213.8,1
2026-02-05,2026-02-05 13:09:00,1571.2,1571.33,1571.2,1571.33,0.01,35.39,55213.8,1
2026-02-05,2026-02-05 13:10:00,1571.33,1571.47,1571.33,1571.47,0.01,35.39,55213.8,1
2026-02-05,2026-02-05 13:11:00,1571.47,1571.6,1571.47,1571.6,0.01,35.39,55213.8,1
2026-02-05,2026-02-05 13:12:00,1571.6,1571.73,1571.6,1571.73,0.01,35.39,55213.8,1
2026-02-05,2026-02-05 13:13:00,1571.73,1571.87,1571.73,1571.87,0.01,35.39,55213.8,1
2026-02-05,2026-02-05 13:14:00,1571.87,1572.0,1571.87,1572.0,0.01,35.39,55213.8,1
2026-02-05,2026-02-05 13:15:00,1572.0,1572.13,1572.0,1572.13,0.01,35.39,55213.8,1
2026-02-05,2026-02-05 13:16:00,1572.13,1572.27,1572.13,1572.27,0.01,35.39,55213.8,1
2026-02-05,2026-02-05 13:17:00,1572.27,1572.4,1572.27,1572.4,0.01,35.39,55213.8,1
2026-02-05,2026-02-05 13:18:00,1572.4,1572.53,1572.4,1572.53,0.01,35.39,55213.8,1
2026-02-05,2026-02-05 13:19:00,1572.53,1572.67,1572.53,1572.67,0.01,35.39,55213.8,1
2026-02-05,2026-02-05 13:20:00,1572.67,1572.8,1572.67,1572.8,0.01,35.39,55213.8,1
2026-02-05,2026-02-05 13:21:00,1572.8,1572.93,1572.8,1572.93,0.01,35.39,55213.8,1
2026-02-05,2026-02-05 13:22:00,1572.93,1573.07,1572.93,1573.07,0.01,35.39,55213.8,1
2026-02-05,2026-02-05 13:23:00,1573.07,1573.2,1573.07,1573.2,0.01,35.39,55213.8,1
2026-02-05,2026-02-05 13:24:00,1573.2,1573.33,1573.2,1573.33,0.01,35.39,55213.8,1
2026-02-05,2026-02-05 13:25:00,1573.33,1573.47,1573.33,1573.47,0.01,35.39,55213.8,1
2026-02-05,2026-02-05 13:26:00,1573.47,1573.6,1573.47,1573.6,0.01,35.39,55213.8,1
2026-02-05,2026-02-05 13:27:00,1573.6,1573.73,1573.6,1573.73,0.01,35.39,55213.8,1
2026-02-05,2026-02-05 13:28:00,1573.73,1573.87,1573.73,1573.87,0.01,35.39,55213.8,1
2026-02-05,2026-02-05 13:29:00,1573.87,1574.0,1573.87,1574.0,0.01,35.39,55213.8,1
2026-02-05,2026-02-05 13:30:00,1574.0,1574.13,1574.0,1574.13,0.01,35.39,55213.8,1
2026-02-05,2026-02-05 13:31:00,1574.13,1574.27,1574.13,1574.27,0.01,35.39,55213.8,1
2026-02-05,2026-02-05 13:32:00,1574.27,1574.4,1574.27,1574.4,0.01,35.39,55213.8,1
2026-02-05,2026-02-05 13:33:00,1574.4,1574.53,1574.4,1574.53,0.01,35.39,55213.8,1
2026-02-05,2026-02-05 13:34:00,1574.53,1574.67,1574.53,1574.67,0.01,35.39,55213.8,1
2026-02-05,2026-02-05 13:35:00,1574.67,1574.8,1574.67,1574.8,0.01,35.39,55213.8,1
2026-02-05,2026-02-05 13:36:00,1574.8,1574.93,1574.8,1574.93,0.01,35.39,55213.8,1
2026-02-05,2026-02-05 13:37:00,1574.93,1575.07,1574.93,1575.07,0.01,35.39,55213.8,1
2026-02-05,2026-02-05 13:38:00,1575.07,1575.2,1575.07,1575.2,0.01,35.39,55213.8,1
2026-02-05,2026-02-05 13:39:00,1575.2,1575.33,1575.2,1575.33,0.01,35.39,55213.8,1
2026-02-05,2026-02-05 13:40:00,1575.33,1575.47,1575.33,1575.47,0.01,35.39,55213.8,1
2026-02-05,2026-02-05 13:41:00,1575.47,1575.6,1575.47,1575.6,0.01,35.39,55213.8,1
2026-02-05,2026-02-05 13:42:00,1575.6,1575.73,1575.6,1575.73,0.01,35.39,55213.8,1
2026-02-05,2026-02-05 13:43:00,1575.73,1575.87,1575.73,1575.87,0.01,35.39,55213.8,1
2026-02-05,2026-02-05 13:44:00,1575.87,1576.0,1575.87,1576.0,0.01,35.39,55213.8,1
2026-02-05,2026-02-05 13:45:00,1576.0,1576.13,1576.0,1576.13,0.01,35.39,55213.8,1
2026-02-05,2026-02-05 13:46:00,1576.13,1576.27,1576.13,1576.27,0.01,35.39,55213.8,1
2026-02-05,2026-02-05 13:47:00,1576.27,1576.4,1576.27,1576.4,0.01,35.39,55213.8,1
2026-02-05,2026-02-05 13:48:00,1576.4,1576.53,1576.4,1576.53,0.01,35.39,55213.8,1
2026-02-05,2026-02-05 13:49:00,1576.53,1576.67,1576.53,1576.67,0.01,35.39,55213.8,1
2026-02-05,2026-02-05 13:50:00,1576.67,1576.8,1576.67,1576.8,0.01,35.39,55213.8,1
2026-02-05,2026-02-05 13:51:00,1576.8,1576.93,1576.8,1576.93,0.01,35.39,55213.8,1
2026-02-05,2026-02-05 13:52:00,1576.93,1577.07,1576.93,1577.07,0.01,35.39,55213.8,1
2026-02-05,2026-02-05 13:53:00,1577.07,1577.2,1577.07,1577.2,0.01,35.39,55213.8,1
2026-02-05,2026-02-05 13:54:00,1577.2,1577.33,1577.2,1577.33,0.01,35.39,55213.8,1
2026-02-05,2026-02-05 13:55:00,1577.33,1577.47,1577.33,1577.47,0.01,35.39,55213.8,1
2026-02-05,2026-02-05 13:56:00,1577.47,1577.6,1577.47,1577.6,0.01,35.39,55213.8,1
2026-02-05,2026-02-05 13:57:00,1577.6,1577.73,1577.6,1577.73,0.01,35.39,55213.8,1
2026-02-05,2026-02-05 13:58:00,1577.73,1577.87,1577.73,1577.87,0.01,35.39,55213.8,1
2026-02-05,2026-02-05 13:59:00,1577.87,1578.0,1577.87,1578.0,0.01,35.39,55213.8,1
2026-02-05,2026-02-05 14:00:00,1578.0,1578.13,1578.0,1578.13,0.01,35.39,55213.8,1
2026-02-05,2026-02-05 14:01:00,1578.13,1578.27,1578.13,1578.27,0.01,35.39,55213.8,1
2026-02-05,2026-02-05 14:02:00,1578.27,1578.4,1578.27,1578.4,0.01,35.39,55213.8,1
2026-02-05,2026-02-05 14:03:00,1578.4,1578.53,1578.4,1578.53,0.01,35.39,55213.8,1
2026-02-05,2026-02-05 14:04:00,1578.53,1578.67,1578.53,1578.67,0.01,35.39,55213.8,1
2026-02-05,2026-02-05 14:05:00,1578.67,1578.8,1578.67,1578.8,0.01,35.39,55213.8,1
2026-02-05,2026-02-05 14:06:00,1578.8,1578.93,1578.8,1578.93,0.01,35.39,55213.8,1
2026-02-05,2026-02-05 14:07:00,1578.93,1579.07,1578.93,1579.07,0.01,35.39,55213.8,1
2026-02-05,2026-02-05 14:08:00,1579.07,1579.2,1579.07,1579.2,0.01,35.39,55213.8,1
2026-02-05,2026-02-05 14:09:00,1579.2,1579.33,1579.2,1579.33,0.01,35.39,55213.8,1
2026-02-05,2026-02-05 14:10:00,1579.33,1579.47,1579.33,1579.47,0.01,35.39,55213.8,1
2026-02-05,2026-02-05 14:11:00,1579.47,1579.6,1579.47,1579.6,0.01,35.39,55213.8,1
2026-02-05,2026-02-05 14:12:00,1579.6,1579.73,1579.6,1579.73,0.01,35.39,55213.8,1
2026-02-05,2026-02-05 14:13:00,1579.73,1579.87,1579.73,1579.87,0.01,35.39,55213.8,1
2026-02-05,2026-02-05 14:14:00,1579.87,1580.0,1579.87,1580.0,0.01,35.39,55213.8,1
2026-02-05,2026-02-05 14:15:00,1580.0,1580.13,1580.0,1580.13,0.01,35.39,55213.8,1
2026-02-05,2026-02-05 14:16:00,1580.13,1580.27,1580.13,1580.27,0.01,35.39,55213.8,1
2026-02-05,2026-02-05 14:17:00,1580.27,1580.4,1580.27,1580.4,0.01,35.39,55213.8,1
2026-02-05,2026-02-05 14:18:00,1580.4,1580.53,1580.4,1580.53,0.01,35.39,55213.8,1
2026-02-05,2026-02-05 14:19:00,1580.53,1580.67,1580.53,1580.67,0.01,35.39,55213.8,1
2026-02-05,2026-02-05 14:20:00,1580.67,1580.8,1580.67,1580.8,0.01,35.39,55213.8,1
2026-02-05,2026-02-05 14:21:00,1580.8,1580.93,1580.8,1580.93,0.01,35.39,55213.8,1
2026-02-05,2026-02-05 14:22:00,1580.93,1581.07,1580.93,1581.07,0.01,35.39,55213.8,1
2026-02-05,2026-02-05 14:23:00,1581.07,1581.2,1581.07,1581.2,0.01,35.39,55213.8,1
2026-02-05,2026-02-05 14:24:00,1581.2,1581.33,1581.2,1581.33,0.01,35.39,55213.8,1
2026-02-05,2026-02-05 14:25:00,1581.33,1581.47,1581.33,1581.47,0.01,35.39,55213.8,1
2026-02-05,2026-02-05 14:26:00,1581.47,1581.6,1581.47,1581.6,0.01,35.39,55213.8,1
2026-02-05,2026-02-05 14:27:00,1581.6,1581.73,1581.6,1581.73,0.01,35.39,55213.8,1
2026-02-05,2026-02-05 14:28:00,1581.73,1581.87,1581.73,1581.87,0.01,35.39,55213.8,1
2026-02-05,2026-02-05 14:29:00,1581.87,1582.0,1581.87,1582.0,0.01,35.39,55213.8,1
2026-02-05,2026-02-05 14:30:00,1582.0,1582.13,1582.0,1582.13,0.01,35.39,55213.8,1
2026-02-05,2026-02-05 14:31:00,1582.13,1582.27,1582.13,1582.27,0.01,35.39,55213.8,1
2026-02-05,2026-02-05 14:32:00,1582.27,1582.4,1582.27,1582.4,0.01,35.39,55213.8,1
2026-02-05,2026-02-05 14:33:00,1582.4,1582.53,1582.4,1582.53,0.01,35.39,55213.8,1
2026-02-05,2026-02-05 14:34:00,1582.53,1582.67,1582.53,1582.67,0.01,35.39,55213.8,1
2026-02-05,2026-02-05 14:35:00,1582.67,1582.8,1582.67,1582.8,0.01,35.39,55213.8,1
2026-02-05,2026-02-05 14:36:00,1582.8,1582.93,1582.8,1582.93,0.01,35.39,55213.8,1
2026-02-05,2026-02-05 14:37:00,1582.93,1583.07,1582.93,1583.07,0.01,35.39,55213.8,1
2026-02-05,2026-02-05 14:38:00,1583.07,1583.2,1583.07,1583.2,0.01,35.39,55213.8,1
2026-02-05,2026-02-05 14:39:00,1583.2,1583.33,1583.2,1583.33,0.01,35.39,55213.8,1
2026-02-05,2026-02-05 14:40:00,1583.33,1583.47,1583.33,1583.47,0.01,35.39,55213.8,1
2026-02-05,2026-02-05 14:41:00,1583.47,1583.6,1583.47,1583.6,0.01,35.39,55213.8,1
2026-02-05,2026-02-05 14:42:00,1583.6,1583.73,1583.6,1583.73,0.01,35.39,55213.8,1
2026-02-05,2026-02-05 14:43:00,1583.73,1583.87,1583.73,1583.87,0.01,35.39,55213.8,1
2026-02-05,2026-02-05 14:44:00,1583.87,1584.0,1583.87,1584.0,0.01,35.39,55213.8,1
2026-02-05,2026-02-05 14:45:00,1584.0,1584.13,1584.0,1584.13,0.01,35.39,55213.8,1
2026-02-05,2026-02-05 14:46:00,1584.13,1584.27,1584.13,1584.27,0.01,35.39,55213.8,1
2026-02-05,2026-02-05 14:47:00,1584.27,1584.4,1584.27,1584.4,0.01,35.39,55213.8,1
2026-02-05,2026-02-05 14:48:00,1584.4,1584.53,1584.4,1584.53,0.01,35.39,55213.8,1
2026-02-05,2026-02-05 14:49:00,1584.53,1584.67,1584.53,1584.67,0.01,35.39,55213.8,1
2026-02-05,2026-02-05 14:50:00,1584.67,1584.8,1584.67,1584.8,0.01,35.39,55213.8,1
2026-02-05,2026-02-05 14:51:00,1584.8,1584.93,1584.8,1584.93,0.01,35.39,55213.8,1
2026-02-05,2026-02-05 14:52:00,1584.93,1585.07,1584.93,1585.07,0.01,35.39,55213.8,1
2026-02-05,2026-02-05 14:53:00,1585.07,1585.2,1585.07,1585.2,0.01,35.39,55213.8,1
2026-02-05,2026-02-05 14:54:00,1585.2,1585.33,1585.2,1585.33,0.01,35.39,55213.8,1
2026-02-05,2026-02-05 14:55:00,1585.33,1585.47,1585.33,1585.47,0.01,35.39,55213.8,1
2026-02-05,2026-02-05 14:56:00,1585.47,1585.6,1585.47,1585.6,0.01,35.39,55213.8,1
2026-02-05,2026-02-05 14:57:00,1585.6,1585.73,1585.6,1585.73,0.01,35.39,55213.8,1
2026-02-05,2026-02-05 14:58:00,1585.73,1585.87,1585.73,1585.87,0.01,35.39,55213.8,1
2026-02-05,2026-02-05 14:59:00,1585.87,1586.0,1585.87,1586.0,0.01,35.39,55213.8,1
2026-02-05,2026-02-05 15:00:00,1586.0,1597.0,1530.0,1586.0,0.0,35.39,55213.8,0
2026-02-08,2026-02-08 11:00:00,1555.1,1568.57,1550.57,1555.22,0.01,23.44,36887.82,1
2026-02-08,2026-02-08 11:01:00,1555.22,1555.34,1555.22,1555.34,0.01,23.44,36887.82,1
2026-02-08,2026-02-08 11:02:00,1555.34,1555.46,1555.34,1555.46,0.01,23.44,36887.82,1
2026-02-08,2026-02-08 11:03:00,1555.46,1555.58,1555.46,1555.58,0.01,23.44,36887.82,1
2026-02-08,2026-02-08 11:04:00,1555.58,1555.7,1555.58,1555.7,0.01,23.44,36887.82,1
2026-02-08,2026-02-08 11:05:00,1555.7,1555.82,1555.7,1555.82,0.01,23.44,36887.82,1
2026-02-08,2026-02-08 11:06:00,1555.82,1555.94,1555.82,1555.94,0.01,23.44,36887.82,1
2026-02-08,2026-02-08 11:07:00,1555.94,1556.06,1555.94,1556.06,0.01,23.44,36887.82,1
2026-02-08,2026-02-08 11:08:00,1556.06,1556.18,1556.06,1556.18,0.01,23.44,36887.82,1
2026-02-08,2026-02-08 11:09:00,1556.18,1556.3,1556.18,1556.3,0.01,23.44,36887.82,1
2026-02-08,2026-02-08 11:10:00,1556.3,1556.42,1556.3,1556.42,0.01,23.44,36887.82,1
2026-02-08,2026-02-08 11:11:00,1556.42,1556.54,1556.42,1556.54,0.01,23.44,36887.82,1
2026-02-08,2026-02-08 11:12:00,1556.54,1556.67,1556.54,1556.67,0.01,23.44,36887.82,1
2026-02-08,2026-02-08 11:13:00,1556.67,1556.79,1556.67,1556.79,0.01,23.44,36887.82,1
2026-02-08,2026-02-08 11:14:00,1556.79,1556.91,1556.79,1556.91,0.01,23.44,36887.82,1
2026-02-08,2026-02-08 11:15:00,1556.91,1557.03,1556.91,1557.03,0.01,23.44,36887.82,1
2026-02-08,2026-02-08 11:16:00,1557.03,1557.15,1557.03,1557.15,0.01,23.44,36887.82,1
2026-02-08,2026-02-08 11:17:00,1557.15,1557.27,1557.15,1557.27,0.01,23.44,36887.82,1
2026-02-08,2026-02-08 11:18:00,1557.27,1557.39,1557.27,1557.39,0.01,23.44,36887.82,1
2026-02-08,2026-02-08 11:19:00,1557.39,1557.51,1557.39,1557.51,0.01,23.44,36887.82,1
2026-02-08,2026-02-08 11:20:00,1557.51,1557.63,1557.51,1557.63,0.01,23.44,36887.82,1
2026-02-08,2026-02-08 11:21:00,1557.63,1557.75,1557.63,1557.75,0.01,23.44,36887.82,1
2026-02-08,2026-02-08 11:22:00,1557.75,1557.87,1557.75,1557.87,0.01,23.44,36887.82,1
2026-02-08,2026-02-08 11:23:00,1557.87,1557.99,1557.87,1557.99,0.01,23.44,36887.82,1
2026-02-08,2026-02-08 11:24:00,1557.99,1558.11,1557.99,1558.11,0.01,23.44,36887.82,1
2026-02-08,2026-02-08 11:25:00,1558.11,1558.23,1558.11,1558.23,0.01,23.44,36887.82,1
2026-02-08,2026-02-08 11:26:00,1558.23,1558.35,1558.23,1558.35,0.01,23.44,36887.82,1
2026-02-08,2026-02-08 11:27:00,1558.35,1558.47,1558.35,1558.47,0.01,23.44,36887.82,1
2026-02-08,2026-02-08 11:28:00,1558.47,1558.59,1558.47,1558.59,0.01,23.44,36887.82,1
2026-02-08,2026-02-08 11:29:00,1558.59,1558.71,1558.59,1558.71,0.01,23.44,36887.82,1
2026-02-08,2026-02-08 11:30:00,1558.71,1558.83,1558.71,1558.83,0.01,23.44,36887.82,1
2026-02-08,2026-02-08 11:31:00,1558.83,1558.95,1558.83,1558.95,0.01,23.44,36887.82,1
2026-02-08,2026-02-08 11:32:00,1558.95,1559.07,1558.95,1559.07,0.01,23.44,36887.82,1
2026-02-08,2026-02-08 11:33:00,1559.07,1559.19,1559.07,1559.19,0.01,23.44,36887.82,1
2026-02-08,2026-02-08 11:34:00,1559.19,1559.31,1559.19,1559.31,0.01,23.44,36887.82,1
2026-02-08,2026-02-08 11:35:00,1559.31,1559.43,1559.31,1559.43,0.01,23.44,36887.82,1
2026-02-08,2026-02-08 11:36:00,1559.43,1559.56,1559.43,1559.56,0.01,23.44,36887.82,1
2026-02-08,2026-02-08 11:37:00,1559.56,1559.68,1559.56,1559.68,0.01,23.44,36887.82,1
2026-02-08,2026-02-08 11:38:00,1559.68,1559.8,1559.68,1559.8,0.01,23.44,36887.82,1
2026-02-08,2026-02-08 11:39:00,1559.8,1559.92,1559.8,1559.92,0.01,23.44,36887.82,1
2026-02-08,2026-02-08 11:40:00,1559.92,1560.04,1559.92,1560.04,0.01,23.44,36887.82,1
2026-02-08,2026-02-08 11:41:00,1560.04,1560.16,1560.04,1560.16,0.01,23.44,36887.82,1
2026-02-08,2026-02-08 11:42:00,1560.16,1560.28,1560.16,1560.28,0.01,23.44,36887.82,1
2026-02-08,2026-02-08 11:43:00,1560.28,1560.4,1560.28,1560.4,0.01,23.44,36887.82,1
2026-02-08,2026-02-08 11:44:00,1560.4,1560.52,1560.4,1560.52,0.01,23.44,36887.82,1
2026-02-08,2026-02-08 11:45:00,1560.52,1560.64,1560.52,1560.64,0.01,23.44,36887.82,1
2026-02-08,2026-02-08 11:46:00,1560.64,1560.76,1560.64,1560.76,0.01,23.44,36887.82,1
2026-02-08,2026-02-08 11:47:00,1560.76,1560.88,1560.76,1560.88,0.01,23.44,36887.82,1
2026-02-08,2026-02-08 11:48:00,1560.88,1561.0,1560.88,1561.0,0.01,23.44,36887.82,1
2026-02-08,2026-02-08 11:49:00,1561.0,1561.12,1561.0,1561.12,0.01,23.44,36887.82,1
2026-02-08,2026-02-08 11:50:00,1561.12,1561.24,1561.12,1561.24,0.01,23.44,36887.82,1
2026-02-08,2026-02-08 11:51:00,1561.24,1561.36,1561.24,1561.36,0.01,23.44,36887.82,1
2026-02-08,2026-02-08 11:52:00,1561.36,1561.48,1561.36,1561.48,0.01,23.44,36887.82,1
2026-02-08,2026-02-08 11:53:00,1561.48,1561.6,1561.48,1561.6,0.01,23.44,36887.82,1
2026-02-08,2026-02-08 11:54:00,1561.6,1561.72,1561.6,1561.72,0.01,23.44,36887.82,1
2026-02-08,2026-02-08 11:55:00,1561.72,1561.84,1561.72,1561.84,0.01,23.44,36887.82,1
2026-02-08,2026-02-08 11:56:00,1561.84,1561.96,1561.84,1561.96,0.01,23.44,36887.82,1
2026-02-08,2026-02-08 11:57:00,1561.96,1562.08,1561.96,1562.08,0.01,23.44,36887.82,1
2026-02-08,2026-02-08 11:58:00,1562.08,1562.2,1562.08,1562.2,0.01,23.44,36887.82,1
2026-02-08,2026-02-08 11:59:00,1562.2,1562.32,1562.2,1562.32,0.01,23.44,36887.82,1
2026-02-08,2026-02-08 12:00:00,1562.32,1562.45,1562.32,1562.45,0.01,23.44,36887.82,1
2026-02-08,2026-02-08 12:01:00,1562.45,1562.57,1562.45,1562.57,0.01,23.44,36887.82,1
2026-02-08,2026-02-08 12:02:00,1562.57,1562.69,1562.57,1562.69,0.01,23.44,36887.82,1
2026-02-08,2026-02-08 12:03:00,1562.69,1562.81,1562.69,1562.81,0.01,23.44,36887.82,1
2026-02-08,2026-02-08 12:04:00,1562.81,1562.93,1562.81,1562.93,0.01,23.44,36887.82,1
2026-02-08,2026-02-08 12:05:00,1562.93,1563.05,1562.93,1563.05,0.01,23.44,36887.82,1
2026-02-08,2026-02-08 12:06:00,1563.05,1563.17,1563.05,1563.17,0.01,23.44,36887.82,1
2026-02-08,2026-02-08 12:07:00,1563.17,1563.29,1563.17,1563.29,0.01,23.44,36887.82,1
2026-02-08,2026-02-08 12:08:00,1563.29,1563.41,1563.29,1563.41,0.01,23.44,36887.82,1
2026-02-08,2026-02-08 12:09:00,1563.41,1563.53,1563.41,1563.53,0.01,23.44,36887.82,1
2026-02-08,2026-02-08 12:10:00,1563.53,1563.65,1563.53,1563.65,0.01,23.44,36887.82,1
2026-02-08,2026-02-08 12:11:00,1563.65,1563.77,1563.65,1563.77,0.01,23.44,36887.82,1
2026-02-08,2026-02-08 12:12:00,1563.77,1563.89,1563.77,1563.89,0.01,23.44,36887.82,1
2026-02-08,2026-02-08 12:13:00,1563.89,1564.01,1563.89,1564.01,0.01,23.44,36887.82,1
2026-02-08,2026-02-08 12:14:00,1564.01,1564.13,1564.01,1564.13,0.01,23.44,36887.82,1
2026-02-08,2026-02-08 12:15:00,1564.13,1564.25,1564.13,1564.25,0.01,23.44,36887.82,1
2026-02-08,2026-02-08 12:16:00,1564.25,1564.37,1564.25,1564.37,0.01,23.44,36887.82,1
2026-02-08,2026-02-08 12:17:00,1564.37,1564.49,1564.37,1564.49,0.01,23.44,36887.82,1
2026-02-08,2026-02-08 12:18:00,1564.49,1564.61,1564.49,1564.61,0.01,23.44,36887.82,1
2026-02-08,2026-02-08 12:19:00,1564.61,1564.73,1564.61,1564.73,0.01,23.44,36887.82,1
2026-02-08,2026-02-08 12:20:00,1564.73,1564.85,1564.73,1564.85,0.01,23.44,36887.82,1
2026-02-08,2026-02-08 12:21:00,1564.85,1564.97,1564.85,1564.97,0.01,23.44,36887.82,1
2026-02-08,2026-02-08 12:22:00,1564.97,1565.09,1564.97,1565.09,0.01,23.44,36887.82,1
2026-02-08,2026-02-08 12:23:00,1565.09,1565.21,1565.09,1565.21,0.01,23.44,36887.82,1
2026-02-08,2026-02-08 12:24:00,1565.21,1565.34,1565.21,1565.34,0.01,23.44,36887.82,1
2026-02-08,2026-02-08 12:25:00,1565.34,1565.46,1565.34,1565.46,0.01,23.44,36887.82,1
2026-02-08,2026-02-08 12:26:00,1565.46,1565.58,1565.46,1565.58,0.01,23.44,36887.82,1
2026-02-08,2026-02-08 12:27:00,1565.58,1565.7,1565.58,1565.7,0.01,23.44,36887.82,1
2026-02-08,2026-02-08 12:28:00,1565.7,1565.82,1565.7,1565.82,0.01,23.44,36887.82,1
2026-02-08,2026-02-08 12:29:00,1565.82,1565.94,1565.82,1565.94,0.01,23.44,36887.82,1
2026-02-08,2026-02-08 12:30:00,1565.94,1566.06,1565.94,1566.06,0.01,23.44,36887.82,1
2026-02-08,2026-02-08 12:31:00,1566.06,1566.18,1566.06,1566.18,0.01,23.44,36887.82,1
2026-02-08,2026-02-08 12:32:00,1566.18,1566.3,1566.18,1566.3,0.01,23.44,36887.82,1
2026-02-08,2026-02-08 12:33:00,1566.3,1566.42,1566.3,1566.42,0.01,23.44,36887.82,1
2026-02-08,2026-02-08 12:34:00,1566.42,1566.54,1566.42,1566.54,0.01,23.44,36887.82,1
2026-02-08,2026-02-08 12:35:00,1566.54,1566.66,1566.54,1566.66,0.01,23.44,36887.82,1
2026-02-08,2026-02-08 12:36:00,1566.66,1566.78,1566.66,1566.78,0.01,23.44,36887.82,1
2026-02-08,2026-02-08 12:37:00,1566.78,1566.9,1566.78,1566.9,0.01,23.44,36887.82,1
2026-02-08,2026-02-08 12:38:00,1566.9,1567.02,1566.9,1567.02,0.01,23.44,36887.82,1
2026-02-08,2026-02-08 12:39:00,1567.02,1567.14,1567.02,1567.14,0.01,23.44,36887.82,1
2026-02-08,2026-02-08 12:40:00,1567.14,1567.26,1567.14,1567.26,0.01,23.44,36887.82,1
2026-02-08,2026-02-08 12:41:00,1567.26,1567.38,1567.26,1567.38,0.01,23.44,36887.82,1
2026-02-08,2026-02-08 12:42:00,1567.38,1567.5,1567.38,1567.5,0.01,23.44,36887.82,1
2026-02-08,2026-02-08 12:43:00,1567.5,1567.62,1567.5,1567.62,0.01,23.44,36887.82,1
2026-02-08,2026-02-08 12:44:00,1567.62,1567.74,1567.62,1567.74,0.01,23.44,36887.82,1
2026-02-08,2026-02-08 12:45:00,1567.74,1567.86,1567.74,1567.86,0.01,23.44,36887.82,1
2026-02-08,2026-02-08 12:46:00,1567.86,1567.98,1567.86,1567.98,0.01,23.44,36887.82,1
2026-02-08,2026-02-08 12:47:00,1567.98,1568.11,1567.98,1568.11,0.01,23.44,36887.82,1
2026-02-08,2026-02-08 12:48:00,1568.11,1568.23,1568.11,1568.23,0.01,23.44,36887.82,1
2026-02-08,2026-02-08 12:49:00,1568.23,1568.35,1568.23,1568.35,0.01,23.44,36887.82,1
2026-02-08,2026-02-08 12:50:00,1568.35,1568.47,1568.35,1568.47,0.01,23.44,36887.82,1
2026-02-08,2026-02-08 12:51:00,1568.47,1568.59,1568.47,1568.59,0.01,23.44,36887.82,1
2026-02-08,2026-02-08 12:52:00,1568.59,1568.71,1568.59,1568.71,0.01,23.44,36887.82,1
2026-02-08,2026-02-08 12:53:00,1568.71,1568.83,1568.71,1568.83,0.01,23.44,36887.82,1
2026-02-08,2026-02-08 12:54:00,1568.83,1568.95,1568.83,1568.95,0.01,23.44,36887.82,1
2026-02-08,2026-02-08 12:55:00,1568.95,1569.07,1568.95,1569.07,0.01,23.44,36887.82,1
2026-02-08,2026-02-08 12:56:00,1569.07,1569.19,1569.07,1569.19,0.01,23.44,36887.82,1
2026-02-08,2026-02-08 12:57:00,1569.19,1569.31,1569.19,1569.31,0.01,23.44,36887.82,1
2026-02-08,2026-02-08 12:58:00,1569.31,1569.43,1569.31,1569.43,0.01,23.44,36887.82,1
2026-02-08,2026-02-08 12:59:00,1569.43,1569.55,1569.43,1569.55,0.01,23.44,36887.82,1
2026-02-08,2026-02-08 13:00:00,1569.55,1600.0,1540.0,1569.67,0.01,23.44,36887.82,1
2026-02-08,2026-02-08 13:01:00,1569.67,1569.79,1569.67,1569.79,0.01,23.44,36887.82,1
2026-02-08,2026-02-08 13:02:00,1569.79,1569.91,1569.79,1569.91,0.01,23.44,36887.82,1
2026-02-08,2026-02-08 13:03:00,1569.91,1570.03,1569.91,1570.03,0.01,23.44,36887.82,1
2026-02-08,2026-02-08 13:04:00,1570.03,1570.15,1570.03,1570.15,0.01,23.44,36887.82,1
2026-02-08,2026-02-08 13:05:00,1570.15,1570.27,1570.15,1570.27,0.01,23.44,36887.82,1
2026-02-08,2026-02-08 13:06:00,1570.27,1570.39,1570.27,1570.39,0.01,23.44,36887.82,1
2026-02-08,2026-02-08 13:07:00,1570.39,1570.51,1570.39,1570.51,0.01,23.44,36887.82,1
2026-02-08,2026-02-08 13:08:00,1570.51,1570.63,1570.51,1570.63,0.01,23.44,36887.82,1
2026-02-08,2026-02-08 13:09:00,1570.63,1570.75,1570.63,1570.75,0.01,23.44,36887.82,1
2026-02-08,2026-02-08 13:10:00,1570.75,1570.87,1570.75,1570.87,0.01,23.44,36887.82,1
2026-02-08,2026-02-08 13:11:00,1570.87,1570.99,1570.87,1570.99,0.01,23.44,36887.82,1
2026-02-08,2026-02-08 13:12:00,1570.99,1571.12,1570.99,1571.12,0.01,23.44,36887.82,1
2026-02-08,2026-02-08 13:13:00,1571.12,1571.24,1571.12,1571.24,0.01,23.44,36887.82,1
2026-02-08,2026-02-08 13:14:00,1571.24,1571.36,1571.24,1571.36,0.01,23.44,36887.82,1
2026-02-08,2026-02-08 13:15:00,1571.36,1571.48,1571.36,1571.48,0.01,23.44,36887.82,1
2026-02-08,2026-02-08 13:16:00,1571.48,1571.6,1571.48,1571.6,0.01,23.44,36887.82,1
2026-02-08,2026-02-08 13:17:00,1571.6,1571.72,1571.6,1571.72,0.01,23.44,36887.82,1
2026-02-08,2026-02-08 13:18:00,1571.72,1571.84,1571.72,1571.84,0.01,23.44,36887.82,1
2026-02-08,2026-02-08 13:19:00,1571.84,1571.96,1571.84,1571.96,0.01,23.44,36887.82,1
2026-02-08,2026-02-08 13:20:00,1571.96,1572.08,1571.96,1572.08,0.01,23.44,36887.82,1
2026-02-08,2026-02-08 13:21:00,1572.08,1572.2,1572.08,1572.2,0.01,23.44,36887.82,1
2026-02-08,2026-02-08 13:22:00,1572.2,1572.32,1572.2,1572.32,0.01,23.44,36887.82,1
2026-02-08,2026-02-08 13:23:00,1572.32,1572.44,1572.32,1572.44,0.01,23.44,36887.82,1
2026-02-08,2026-02-08 13:24:00,1572.44,1572.56,1572.44,1572.56,0.01,23.44,36887.82,1
2026-02-08,2026-02-08 13:25:00,1572.56,1572.68,1572.56,1572.68,0.01,23.44,36887.82,1
2026-02-08,2026-02-08 13:26:00,1572.68,1572.8,1572.68,1572.8,0.01,23.44,36887.82,1
2026-02-08,2026-02-08 13:27:00,1572.8,1572.92,1572.8,1572.92,0.01,23.44,36887.82,1
2026-02-08,2026-02-08 13:28:00,1572.92,1573.04,1572.92,1573.04,0.01,23.44,36887.82,1
2026-02-08,2026-02-08 13:29:00,1573.04,1573.16,1573.04,1573.16,0.01,23.44,36887.82,1
2026-02-08,2026-02-08 13:30:00,1573.16,1573.28,1573.16,1573.28,0.01,23.44,36887.82,1
2026-02-08,2026-02-08 13:31:00,1573.28,1573.4,1573.28,1573.4,0.01,23.44,36887.82,1
2026-02-08,2026-02-08 13:32:00,1573.4,1573.52,1573.4,1573.52,0.01,23.44,36887.82,1
2026-02-08,2026-02-08 13:33:00,1573.52,1573.64,1573.52,1573.64,0.01,23.44,36887.82,1
2026-02-08,2026-02-08 13:34:00,1573.64,1573.76,1573.64,1573.76,0.01,23.44,36887.82,1
2026-02-08,2026-02-08 13:35:00,1573.76,1573.88,1573.76,1573.88,0.01,23.44,36887.82,1
2026-02-08,2026-02-08 13:36:00,1573.88,1574.01,1573.88,1574.01,0.01,23.44,36887.82,1
2026-02-08,2026-02-08 13:37:00,1574.01,1574.13,1574.01,1574.13,0.01,23.44,36887.82,1
2026-02-08,2026-02-08 13:38:00,1574.13,1574.25,1574.13,1574.25,0.01,23.44,36887.82,1
2026-02-08,2026-02-08 13:39:00,1574.25,1574.37,1574.25,1574.37,0.01,23.44,36887.82,1
2026-02-08,2026-02-08 13:40:00,1574.37,1574.49,1574.37,1574.49,0.01,23.44,36887.82,1
2026-02-08,2026-02-08 13:41:00,1574.49,1574.61,1574.49,1574.61,0.01,23.44,36887.82,1
2026-02-08,2026-02-08 13:42:00,1574.61,1574.73,1574.61,1574.73,0.01,23.44,36887.82,1
2026-02-08,2026-02-08 13:43:00,1574.73,1574.85,1574.73,1574.85,0.01,23.44,36887.82,1
2026-02-08,2026-02-08 13:44:00,1574.85,1574.97,1574.85,1574.97,0.01,23.44,36887.82,1
2026-02-08,2026-02-08 13:45:00,1574.97,1575.09,1574.97,1575.09,0.01,23.44,36887.82,1
2026-02-08,2026-02-08 13:46:00,1575.09,1575.21,1575.09,1575.21,0.01,23.44,36887.82,1
2026-02-08,2026-02-08 13:47:00,1575.21,1575.33,1575.21,1575.33,0.01,23.44,36887.82,1
2026-02-08,2026-02-08 13:48:00,1575.33,1575.45,1575.33,1575.45,0.01,23.44,36887.82,1
2026-02-08,2026-02-08 13:49:00,1575.45,1575.57,1575.45,1575.57,0.01,23.44,36887.82,1
2026-02-08,2026-02-08 13:50:00,1575.57,1575.69,1575.57,1575.69,0.01,23.44,36887.82,1
2026-02-08,2026-02-08 13:51:00,1575.69,1575.81,1575.69,1575.81,0.01,23.44,36887.82,1
2026-02-08,2026-02-08 13:52:00,1575.81,1575.93,1575.81,1575.93,0.01,23.44,36887.82,1
2026-02-08,2026-02-08 13:53:00,1575.93,1576.05,1575.93,1576.05,0.01,23.44,36887.82,1
2026-02-08,2026-02-08 13:54:00,1576.05,1576.17,1576.05,1576.17,0.01,23.44,36887.82,1
2026-02-08,2026-02-08 13:55:00,1576.17,1576.29,1576.17,1576.29,0.01,23.44,36887.82,1
2026-02-08,2026-02-08 13:56:00,1576.29,1576.41,1576.29,1576.41,0.01,23.44,36887.82,1
2026-02-08,2026-02-08 13:57:00,1576.41,1576.53,1576.41,1576.53,0.01,23.44,36887.82,1
2026-02-08,2026-02-08 13:58:00,1576.53,1576.65,1576.53,1576.65,0.01,23.44,36887.82,1
2026-02-08,2026-02-08 13:59:00,1576.65,1576.78,1576.65,1576.78,0.01,23.44,36887.82,1
2026-02-08,2026-02-08 14:00:00,1576.78,1576.9,1576.78,1576.9,0.01,23.44,36887.82,1
2026-02-08,2026-02-08 14:01:00,1576.9,1577.02,1576.9,1577.02,0.01,23.44,36887.82,1
2026-02-08,2026-02-08 14:02:00,1577.02,1577.14,1577.02,1577.14,0.01,23.44,36887.82,1
2026-02-08,2026-02-08 14:03:00,1577.14,1577.26,1577.14,1577.26,0.01,23.44,36887.82,1
2026-02-08,2026-02-08 14:04:00,1577.26,1577.38,1577.26,1577.38,0.01,23.44,36887.82,1
2026-02-08,2026-02-08 14:05:00,1577.38,1577.5,1577.38,1577.5,0.01,23.44,36887.82,1
2026-02-08,2026-02-08 14:06:00,1577.5,1577.62,1577.5,1577.62,0.01,23.44,36887.82,1
2026-02-08,2026-02-08 14:07:00,1577.62,1577.74,1577.62,1577.74,0.01,23.44,36887.82,1
2026-02-08,2026-02-08 14:08:00,1577.74,1577.86,1577.74,1577.86,0.01,23.44,36887.82,1
2026-02-08,2026-02-08 14:09:00,1577.86,1577.98,1577.86,1577.98,0.01,23.44,36887.82,1
2026-02-08,2026-02-08 14:10:00,1577.98,1578.1,1577.98,1578.1,0.01,23.44,36887.82,1
2026-02-08,2026-02-08 14:11:00,1578.1,1578.22,1578.1,1578.22,0.01,23.44,36887.82,1
2026-02-08,2026-02-08 14:12:00,1578.22,1578.34,1578.22,1578.34,0.01,23.44,36887.82,1
2026-02-08,2026-02-08 14:13:00,1578.34,1578.46,1578.34,1578.46,0.01,23.44,36887.82,1
2026-02-08,2026-02-08 14:14:00,1578.46,1578.58,1578.46,1578.58,0.01,23.44,36887.82,1
2026-02-08,2026-02-08 14:15:00,1578.58,1578.7,1578.58,1578.7,0.01,23.44,36887.82,1
2026-02-08,2026-02-08 14:16:00,1578.7,1578.82,1578.7,1578.82,0.01,23.44,36887.82,1
2026-02-08,2026-02-08 14:17:00,1578.82,1578.94,1578.82,1578.94,0.01,23.44,36887.82,1
2026-02-08,2026-02-08 14:18:00,1578.94,1579.06,1578.94,1579.06,0.01,23.44,36887.82,1
2026-02-08,2026-02-08 14:19:00,1579.06,1579.18,1579.06,1579.18,0.01,23.44,36887.82,1
2026-02-08,2026-02-08 14:20:00,1579.18,1579.3,1579.18,1579.3,0.01,23.44,36887.82,1
2026-02-08,2026-02-08 14:21:00,1579.3,1579.42,1579.3,1579.42,0.01,23.44,36887.82,1
2026-02-08,2026-02-08 14:22:00,1579.42,1579.54,1579.42,1579.54,0.01,23.44,36887.82,1
2026-02-08,2026-02-08 14:23:00,1579.54,1579.66,1579.54,1579.66,0.01,23.44,36887.82,1
2026-02-08,2026-02-08 14:24:00,1579.66,1579.79,1579.66,1579.79,0.01,23.44,36887.82,1
2026-02-08,2026-02-08 14:25:00,1579.79,1579.91,1579.79,1579.91,0.01,23.44,36887.82,1
2026-02-08,2026-02-08 14:26:00,1579.91,1580.03,1579.91,1580.03,0.01,23.44,36887.82,1
2026-02-08,2026-02-08 14:27:00,1580.03,1580.15,1580.03,1580.15,0.01,23.44,36887.82,1
2026-02-08,2026-02-08 14:28:00,1580.15,1580.27,1580.15,1580.27,0.01,23.44,36887.82,1
2026-02-08,2026-02-08 14:29:00,1580.27,1580.39,1580.27,1580.39,0.01,23.44,36887.82,1
2026-02-08,2026-02-08 14:30:00,1580.39,1580.51,1580.39,1580.51,0.01,23.44,36887.82,1
2026-02-08,2026-02-08 14:31:00,1580.51,1580.63,1580.51,1580.63,0.01,23.44,36887.82,1
2026-02-08,2026-02-08 14:32:00,1580.63,1580.75,1580.63,1580.75,0.01,23.44,36887.82,1
2026-02-08,2026-02-08 14:33:00,1580.75,1580.87,1580.75,1580.87,0.01,23.44,36887.82,1
2026-02-08,2026-02-08 14:34:00,1580.87,1580.99,1580.87,1580.99,0.01,23.44,36887.82,1
2026-02-08,2026-02-08 14:35:00,1580.99,1581.11,1580.99,1581.11,0.01,23.44,36887.82,1
2026-02-08,2026-02-08 14:36:00,1581.11,1581.23,1581.11,1581.23,0.01,23.44,36887.82,1
2026-02-08,2026-02-08 14:37:00,1581.23,1581.35,1581.23,1581.35,0.01,23.44,36887.82,1
2026-02-08,2026-02-08 14:38:00,1581.35,1581.47,1581.35,1581.47,0.01,23.44,36887.82,1
2026-02-08,2026-02-08 14:39:00,1581.47,1581.59,1581.47,1581.59,0.01,23.44,36887.82,1
2026-02-08,2026-02-08 14:40:00,1581.59,1581.71,1581.59,1581.71,0.01,23.44,36887.82,1
2026-02-08,2026-02-08 14:41:00,1581.71,1581.83,1581.71,1581.83,0.01,23.44,36887.82,1
2026-02-08,2026-02-08 14:42:00,1581.83,1581.95,1581.83,1581.95,0.01,23.44,36887.82,1
2026-02-08,2026-02-08 14:43:00,1581.95,1582.07,1581.95,1582.07,0.01,23.44,36887.82,1
2026-02-08,2026-02-08 14:44:00,1582.07,1582.19,1582.07,1582.19,0.01,23.44,36887.82,1
2026-02-08,2026-02-08 14:45:00,1582.19,1582.31,1582.19,1582.31,0.01,23.44,36887.82,1
2026-02-08,2026-02-08 14:46:00,1582.31,1582.43,1582.31,1582.43,0.01,23.44,36887.82,1
2026-02-08,2026-02-08 14:47:00,1582.43,1582.56,1582.43,1582.56,0.01,23.44,36887.82,1
2026-02-08,2026-02-08 14:48:00,1582.56,1582.68,1582.56,1582.68,0.01,23.44,36887.82,1
2026-02-08,2026-02-08 14:49:00,1582.68,1582.8,1582.68,1582.8,0.01,23.44,36887.82,1
2026-02-08,2026-02-08 14:50:00,1582.8,1582.92,1582.8,1582.92,0.01,23.44,36887.82,1
2026-02-08,2026-02-08 14:51:00,1582.92,1583.04,1582.92,1583.04,0.01,23.44,36887.82,1
2026-02-08,2026-02-08 14:52:00,1583.04,1583.16,1583.04,1583.16,0.01,23.44,36887.82,1
2026-02-08,2026-02-08 14:53:00,1583.16,1583.28,1583.16,1583.28,0.01,23.44,36887.82,1
2026-02-08,2026-02-08 14:54:00,1583.28,1583.4,1583.28,1583.4,0.01,23.44,36887.82,1
2026-02-08,2026-02-08 14:55:00,1583.4,1583.52,1583.4,1583.52,0.01,23.44,36887.82,1
2026-02-08,2026-02-08 14:56:00,1583.52,1583.64,1583.52,1583.64,0.01,23.44,36887.82,1
2026-02-08,2026-02-08 14:57:00,1583.64,1583.76,1583.64,1583.76,0.01,23.44,36887.82,1
2026-02-08,2026-02-08 14:58:00,1583.76,1583.88,1583.76,1583.88,0.01,23.44,36887.82,1
2026-02-08,2026-02-08 14:59:00,1583.88,1584.0,1583.88,1584.0,0.01,23.44,36887.82,1
2026-02-08,2026-02-08 15:00:00,1584.0,1600.0,1540.0,1584.0,0.0,23.44,36887.82,0
2026-02-09,2026-02-09 11:00:00,1553.1,1562.37,1543.77,1553.13,0.0,15.56,24122.87,1
2026-02-09,2026-02-09 11:01:00,1553.13,1553.16,1553.13,1553.16,0.0,15.56,24122.87,1
2026-02-09,2026-02-09 11:02:00,1553.16,1553.19,1553.16,1553.19,0.0,15.56,24122.87,1
2026-02-09,2026-02-09 11:03:00,1553.19,1553.21,1553.19,1553.21,0.0,15.56,24122.87,1
2026-02-09,2026-02-09 11:04:00,1553.21,1553.24,1553.21,1553.24,0.0,15.56,24122.87,1
2026-02-09,2026-02-09 11:05:00,1553.24,1553.27,1553.24,1553.27,0.0,15.56,24122.87,1
2026-02-09,2026-02-09 11:06:00,1553.27,1553.3,1553.27,1553.3,0.0,15.56,24122.87,1
2026-02-09,2026-02-09 11:07:00,1553.3,1553.33,1553.3,1553.33,0.0,15.56,24122.87,1
2026-02-09,2026-02-09 11:08:00,1553.33,1553.36,1553.33,1553.36,0.0,15.56,24122.87,1
2026-02-09,2026-02-09 11:09:00,1553.36,1553.39,1553.36,1553.39,0.0,15.56,24122.87,1
2026-02-09,2026-02-09 11:10:00,1553.39,1553.42,1553.39,1553.42,0.0,15.56,24122.87,1
2026-02-09,2026-02-09 11:11:00,1553.42,1553.44,1553.42,1553.44,0.0,15.56,24122.87,1
2026-02-09,2026-02-09 11:12:00,1553.44,1553.47,1553.44,1553.47,0.0,15.56,24122.87,1
2026-02-09,2026-02-09 11:13:00,1553.47,1553.5,1553.47,1553.5,0.0,15.56,24122.87,1
2026-02-09,2026-02-09 11:14:00,1553.5,1553.53,1553.5,1553.53,0.0,15.56,24122.87,1
2026-02-09,2026-02-09 11:15:00,1553.53,1553.56,1553.53,1553.56,0.0,15.56,24122.87,1
2026-02-09,2026-02-09 11:16:00,1553.56,1553.59,1553.56,1553.59,0.0,15.56,24122.87,1
2026-02-09,2026-02-09 11:17:00,1553.59,1553.62,1553.59,1553.62,0.0,15.56,24122.87,1
2026-02-09,2026-02-09 11:18:00,1553.62,1553.65,1553.62,1553.65,0.0,15.56,24122.87,1
2026-02-09,2026-02-09 11:19:00,1553.65,1553.67,1553.65,1553.67,0.0,15.56,24122.87,1
2026-02-09,2026-02-09 11:20:00,1553.67,1553.7,1553.67,1553.7,0.0,15.56,24122.87,1
2026-02-09,2026-02-09 11:21:00,1553.7,1553.73,1553.7,1553.73,0.0,15.56,24122.87,1
2026-02-09,2026-02-09 11:22:00,1553.73,1553.76,1553.73,1553.76,0.0,15.56,24122.87,1
2026-02-09,2026-02-09 11:23:00,1553.76,1553.79,1553.76,1553.79,0.0,15.56,24122.87,1
2026-02-09,2026-02-09 11:24:00,1553.79,1553.82,1553.79,1553.82,0.0,15.56,24122.87,1
2026-02-09,2026-02-09 11:25:00,1553.82,1553.85,1553.82,1553.85,0.0,15.56,24122.87,1
2026-02-09,2026-02-09 11:26:00,1553.85,1553.88,1553.85,1553.88,0.0,15.56,24122.87,1
2026-02-09,2026-02-09 11:27:00,1553.88,1553.9,1553.88,1553.9,0.0,15.56,24122.87,1
2026-02-09,2026-02-09 11:28:00,1553.9,1553.93,1553.9,1553.93,0.0,15.56,24122.87,1
2026-02-09,2026-02-09 11:29:00,1553.93,1553.96,1553.93,1553.96,0.0,15.56,24122.87,1
2026-02-09,2026-02-09 11:30:00,1553.96,1553.99,1553.96,1553.99,0.0,15.56,24122.87,1
2026-02-09,2026-02-09 11:31:00,1553.99,1554.02,1553.99,1554.02,0.0,15.56,24122.87,1
2026-02-09,2026-02-09 11:32:00,1554.02,1554.05,1554.02,1554.05,0.0,15.56,24122.87,1
2026-02-09,2026-02-09 11:33:00,1554.05,1554.08,1554.05,1554.08,0.0,15.56,24122.87,1
2026-02-09,2026-02-09 11:34:00,1554.08,1554.11,1554.08,1554.11,0.0,15.56,24122.87,1
2026-02-09,2026-02-09 11:35:00,1554.11,1554.13,1554.11,1554.13,0.0,15.56,24122.87,1
2026-02-09,2026-02-09 11:36:00,1554.13,1554.16,1554.13,1554.16,0.0,15.56,24122.87,1
2026-02-09,2026-02-09 11:37:00,1554.16,1554.19,1554.16,1554.19,0.0,15.56,24122.87,1
2026-02-09,2026-02-09 11:38:00,1554.19,1554.22,1554.19,1554.22,0.0,15.56,24122.87,1
2026-02-09,2026-02-09 11:39:00,1554.22,1554.25,1554.22,1554.25,0.0,15.56,24122.87,1
2026-02-09,2026-02-09 11:40:00,1554.25,1554.28,1554.25,1554.28,0.0,15.56,24122.87,1
2026-02-09,2026-02-09 11:41:00,1554.28,1554.31,1554.28,1554.31,0.0,15.56,24122.87,1
2026-02-09,2026-02-09 11:42:00,1554.31,1554.34,1554.31,1554.34,0.0,15.56,24122.87,1
2026-02-09,2026-02-09 11:43:00,1554.34,1554.37,1554.34,1554.37,0.0,15.56,24122.87,1
2026-02-09,2026-02-09 11:44:00,1554.37,1554.39,1554.37,1554.39,0.0,15.56,24122.87,1
2026-02-09,2026-02-09 11:45:00,1554.39,1554.42,1554.39,1554.42,0.0,15.56,24122.87,1
2026-02-09,2026-02-09 11:46:00,1554.42,1554.45,1554.42,1554.45,0.0,15.56,24122.87,1
2026-02-09,2026-02-09 11:47:00,1554.45,1554.48,1554.45,1554.48,0.0,15.56,24122.87,1
2026-02-09,2026-02-09 11:48:00,1554.48,1554.51,1554.48,1554.51,0.0,15.56,24122.87,1
2026-02-09,2026-02-09 11:49:00,1554.51,1554.54,1554.51,1554.54,0.0,15.56,24122.87,1
2026-02-09,2026-02-09 11:50:00,1554.54,1554.57,1554.54,1554.57,0.0,15.56,24122.87,1
2026-02-09,2026-02-09 11:51:00,1554.57,1554.6,1554.57,1554.6,0.0,15.56,24122.87,1
2026-02-09,2026-02-09 11:52:00,1554.6,1554.62,1554.6,1554.62,0.0,15.56,24122.87,1
2026-02-09,2026-02-09 11:53:00,1554.62,1554.65,1554.62,1554.65,0.0,15.56,24122.87,1
2026-02-09,2026-02-09 11:54:00,1554.65,1554.68,1554.65,1554.68,0.0,15.56,24122.87,1
2026-02-09,2026-02-09 11:55:00,1554.68,1554.71,1554.68,1554.71,0.0,15.56,24122.87,1
2026-02-09,2026-02-09 11:56:00,1554.71,1554.74,1554.71,1554.74,0.0,15.56,24122.87,1
2026-02-09,2026-02-09 11:57:00,1554.74,1554.77,1554.74,1554.77,0.0,15.56,24122.87,1
2026-02-09,2026-02-09 11:58:00,1554.77,1554.8,1554.77,1554.8,0.0,15.56,24122.87,1
2026-02-09,2026-02-09 11:59:00,1554.8,1554.82,1554.8,1554.82,0.0,15.56,24122.87,1
2026-02-09,2026-02-09 12:00:00,1554.82,1554.85,1554.82,1554.85,0.0,15.56,24122.87,1
2026-02-09,2026-02-09 12:01:00,1554.85,1554.88,1554.85,1554.88,0.0,15.56,24122.87,1
2026-02-09,2026-02-09 12:02:00,1554.88,1554.91,1554.88,1554.91,0.0,15.56,24122.87,1
2026-02-09,2026-02-09 12:03:00,1554.91,1554.94,1554.91,1554.94,0.0,15.56,24122.87,1
2026-02-09,2026-02-09 12:04:00,1554.94,1554.97,1554.94,1554.97,0.0,15.56,24122.87,1
2026-02-09,2026-02-09 12:05:00,1554.97,1555.0,1554.97,1555.0,0.0,15.56,24122.87,1
2026-02-09,2026-02-09 12:06:00,1555.0,1555.03,1555.0,1555.03,0.0,15.56,24122.87,1
2026-02-09,2026-02-09 12:07:00,1555.03,1555.05,1555.03,1555.05,0.0,15.56,24122.87,1
2026-02-09,2026-02-09 12:08:00,1555.05,1555.08,1555.05,1555.08,0.0,15.56,24122.87,1
2026-02-09,2026-02-09 12:09:00,1555.08,1555.11,1555.08,1555.11,0.0,15.56,24122.87,1
2026-02-09,2026-02-09 12:10:00,1555.11,1555.14,1555.11,1555.14,0.0,15.56,24122.87,1
2026-02-09,2026-02-09 12:11:00,1555.14,1555.17,1555.14,1555.17,0.0,15.56,24122.87,1
2026-02-09,2026-02-09 12:12:00,1555.17,1555.2,1555.17,1555.2,0.0,15.56,24122.87,1
2026-02-09,2026-02-09 12:13:00,1555.2,1555.23,1555.2,1555.23,0.0,15.56,24122.87,1
2026-02-09,2026-02-09 12:14:00,1555.23,1555.26,1555.23,1555.26,0.0,15.56,24122.87,1
2026-02-09,2026-02-09 12:15:00,1555.26,1555.28,1555.26,1555.28,0.0,15.56,24122.87,1
2026-02-09,2026-02-09 12:16:00,1555.28,1555.31,1555.28,1555.31,0.0,15.56,24122.87,1
2026-02-09,2026-02-09 12:17:00,1555.31,1555.34,1555.31,1555.34,0.0,15.56,24122.87,1
2026-02-09,2026-02-09 12:18:00,1555.34,1555.37,1555.34,1555.37,0.0,15.56,24122.87,1
2026-02-09,2026-02-09 12:19:00,1555.37,1555.4,1555.37,1555.4,0.0,15.56,24122.87,1
2026-02-09,2026-02-09 12:20:00,1555.4,1555.43,1555.4,1555.43,0.0,15.56,24122.87,1
2026-02-09,2026-02-09 12:21:00,1555.43,1555.46,1555.43,1555.46,0.0,15.56,24122.87,1
2026-02-09,2026-02-09 12:22:00,1555.46,1555.49,1555.46,1555.49,0.0,15.56,24122.87,1
2026-02-09,2026-02-09 12:23:00,1555.49,1555.51,1555.49,1555.51,0.0,15.56,24122.87,1
2026-02-09,2026-02-09 12:24:00,1555.51,1555.54,1555.51,1555.54,0.0,15.56,24122.87,1
2026-02-09,2026-02-09 12:25:00,1555.54,1555.57,1555.54,1555.57,0.0,15.56,24122.87,1
2026-02-09,2026-02-09 12:26:00,1555.57,1555.6,1555.57,1555.6,0.0,15.56,24122.87,1
2026-02-09,2026-02-09 12:27:00,1555.6,1555.63,1555.6,1555.63,0.0,15.56,24122.87,1
2026-02-09,2026-02-09 12:28:00,1555.63,1555.66,1555.63,1555.66,0.0,15.56,24122.87,1
2026-02-09,2026-02-09 12:29:00,1555.66,1555.69,1555.66,1555.69,0.0,15.56,24122.87,1
2026-02-09,2026-02-09 12:30:00,1555.69,1555.72,1555.69,1555.72,0.0,15.56,24122.87,1
2026-02-09,2026-02-09 12:31:00,1555.72,1555.74,1555.72,1555.74,0.0,15.56,24122.87,1
2026-02-09,2026-02-09 12:32:00,1555.74,1555.77,1555.74,1555.77,0.0,15.56,24122.87,1
2026-02-09,2026-02-09 12:33:00,1555.77,1555.8,1555.77,1555.8,0.0,15.56,24122.87,1
2026-02-09,2026-02-09 12:34:00,1555.8,1555.83,1555.8,1555.83,0.0,15.56,24122.87,1
2026-02-09,2026-02-09 12:35:00,1555.83,1555.86,1555.83,1555.86,0.0,15.56,24122.87,1
2026-02-09,2026-02-09 12:36:00,1555.86,1555.89,1555.86,1555.89,0.0,15.56,24122.87,1
2026-02-09,2026-02-09 12:37:00,1555.89,1555.92,1555.89,1555.92,0.0,15.56,24122.87,1
2026-02-09,2026-02-09 12:38:00,1555.92,1555.95,1555.92,1555.95,0.0,15.56,24122.87,1
2026-02-09,2026-02-09 12:39:00,1555.95,1555.97,1555.95,1555.97,0.0,15.56,24122.87,1
2026-02-09,2026-02-09 12:40:00,1555.97,1556.0,1555.97,1556.0,0.0,15.56,24122.87,1
2026-02-09,2026-02-09 12:41:00,1556.0,1556.03,1556.0,1556.03,0.0,15.56,24122.87,1
2026-02-09,2026-02-09 12:42:00,1556.03,1556.06,1556.03,1556.06,0.0,15.56,24122.87,1
2026-02-09,2026-02-09 12:43:00,1556.06,1556.09,1556.06,1556.09,0.0,15.56,24122.87,1
2026-02-09,2026-02-09 12:44:00,1556.09,1556.12,1556.09,1556.12,0.0,15.56,24122.87,1
2026-02-09,2026-02-09 12:45:00,1556.12,1556.15,1556.12,1556.15,0.0,15.56,24122.87,1
2026-02-09,2026-02-09 12:46:00,1556.15,1556.18,1556.15,1556.18,0.0,15.56,24122.87,1
2026-02-09,2026-02-09 12:47:00,1556.18,1556.2,1556.18,1556.2,0.0,15.56,24122.87,1
2026-02-09,2026-02-09 12:48:00,1556.2,1556.23,1556.2,1556.23,0.0,15.56,24122.87,1
2026-02-09,2026-02-09 12:49:00,1556.23,1556.26,1556.23,1556.26,0.0,15.56,24122.87,1
2026-02-09,2026-02-09 12:50:00,1556.26,1556.29,1556.26,1556.29,0.0,15.56,24122.87,1
2026-02-09,2026-02-09 12:51:00,1556.29,1556.32,1556.29,1556.32,0.0,15.56,24122.87,1
2026-02-09,2026-02-09 12:52:00,1556.32,1556.35,1556.32,1556.35,0.0,15.56,24122.87,1
2026-02-09,2026-02-09 12:53:00,1556.35,1556.38,1556.35,1556.38,0.0,15.56,24122.87,1
2026-02-09,2026-02-09 12:54:00,1556.38,1556.41,1556.38,1556.41,0.0,15.56,24122.87,1
2026-02-09,2026-02-09 12:55:00,1556.41,1556.43,1556.41,1556.43,0.0,15.56,24122.87,1
2026-02-09,2026-02-09 12:56:00,1556.43,1556.46,1556.43,1556.46,0.0,15.56,24122.87,1
2026-02-09,2026-02-09 12:57:00,1556.46,1556.49,1556.46,1556.49,0.0,15.56,24122.87,1
2026-02-09,2026-02-09 12:58:00,1556.49,1556.52,1556.49,1556.52,0.0,15.56,24122.87,1
2026-02-09,2026-02-09 12:59:00,1556.52,1556.55,1556.52,1556.55,0.0,15.56,24122.87,1
2026-02-09,2026-02-09 13:00:00,1556.55,1584.0,1522.0,1556.58,0.0,15.56,24122.87,1
2026-02-09,2026-02-09 13:01:00,1556.58,1556.61,1556.58,1556.61,0.0,15.56,24122.87,1
2026-02-09,2026-02-09 13:02:00,1556.61,1556.64,1556.61,1556.64,0.0,15.56,24122.87,1
2026-02-09,2026-02-09 13:03:00,1556.64,1556.66,1556.64,1556.66,0.0,15.56,24122.87,1
2026-02-09,2026-02-09 13:04:00,1556.66,1556.69,1556.66,1556.69,0.0,15.56,24122.87,1
2026-02-09,2026-02-09 13:05:00,1556.69,1556.72,1556.69,1556.72,0.0,15.56,24122.87,1
2026-02-09,2026-02-09 13:06:00,1556.72,1556.75,1556.72,1556.75,0.0,15.56,24122.87,1
2026-02-09,2026-02-09 13:07:00,1556.75,1556.78,1556.75,1556.78,0.0,15.56,24122.87,1
2026-02-09,2026-02-09 13:08:00,1556.78,1556.81,1556.78,1556.81,0.0,15.56,24122.87,1
2026-02-09,2026-02-09 13:09:00,1556.81,1556.84,1556.81,1556.84,0.0,15.56,24122.87,1
2026-02-09,2026-02-09 13:10:00,1556.84,1556.87,1556.84,1556.87,0.0,15.56,24122.87,1
2026-02-09,2026-02-09 13:11:00,1556.87,1556.89,1556.87,1556.89,0.0,15.56,24122.87,1
2026-02-09,2026-02-09 13:12:00,1556.89,1556.92,1556.89,1556.92,0.0,15.56,24122.87,1
2026-02-09,2026-02-09 13:13:00,1556.92,1556.95,1556.92,1556.95,0.0,15.56,24122.87,1
2026-02-09,2026-02-09 13:14:00,1556.95,1556.98,1556.95,1556.98,0.0,15.56,24122.87,1
2026-02-09,2026-02-09 13:15:00,1556.98,1557.01,1556.98,1557.01,0.0,15.56,24122.87,1
2026-02-09,2026-02-09 13:16:00,1557.01,1557.04,1557.01,1557.04,0.0,15.56,24122.87,1
2026-02-09,2026-02-09 13:17:00,1557.04,1557.07,1557.04,1557.07,0.0,15.56,24122.87,1
2026-02-09,2026-02-09 13:18:00,1557.07,1557.1,1557.07,1557.1,0.0,15.56,24122.87,1
2026-02-09,2026-02-09 13:19:00,1557.1,1557.12,1557.1,1557.12,0.0,15.56,24122.87,1
2026-02-09,2026-02-09 13:20:00,1557.12,1557.15,1557.12,1557.15,0.0,15.56,24122.87,1
2026-02-09,2026-02-09 13:21:00,1557.15,1557.18,1557.15,1557.18,0.0,15.56,24122.87,1
2026-02-09,2026-02-09 13:22:00,1557.18,1557.21,1557.18,1557.21,0.0,15.56,24122.87,1
2026-02-09,2026-02-09 13:23:00,1557.21,1557.24,1557.21,1557.24,0.0,15.56,24122.87,1
2026-02-09,2026-02-09 13:24:00,1557.24,1557.27,1557.24,1557.27,0.0,15.56,24122.87,1
2026-02-09,2026-02-09 13:25:00,1557.27,1557.3,1557.27,1557.3,0.0,15.56,24122.87,1
2026-02-09,2026-02-09 13:26:00,1557.3,1557.33,1557.3,1557.33,0.0,15.56,24122.87,1
2026-02-09,2026-02-09 13:27:00,1557.33,1557.36,1557.33,1557.36,0.0,15.56,24122.87,1
2026-02-09,2026-02-09 13:28:00,1557.36,1557.38,1557.36,1557.38,0.0,15.56,24122.87,1
2026-02-09,2026-02-09 13:29:00,1557.38,1557.41,1557.38,1557.41,0.0,15.56,24122.87,1
2026-02-09,2026-02-09 13:30:00,1557.41,1557.44,1557.41,1557.44,0.0,15.56,24122.87,1
2026-02-09,2026-02-09 13:31:00,1557.44,1557.47,1557.44,1557.47,0.0,15.56,24122.87,1
2026-02-09,2026-02-09 13:32:00,1557.47,1557.5,1557.47,1557.5,0.0,15.56,24122.87,1
2026-02-09,2026-02-09 13:33:00,1557.5,1557.53,1557.5,1557.53,0.0,15.56,24122.87,1
2026-02-09,2026-02-09 13:34:00,1557.53,1557.56,1557.53,1557.56,0.0,15.56,24122.87,1
2026-02-09,2026-02-09 13:35:00,1557.56,1557.59,1557.56,1557.59,0.0,15.56,24122.87,1
2026-02-09,2026-02-09 13:36:00,1557.59,1557.61,1557.59,1557.61,0.0,15.56,24122.87,1
2026-02-09,2026-02-09 13:37:00,1557.61,1557.64,1557.61,1557.64,0.0,15.56,24122.87,1
2026-02-09,2026-02-09 13:38:00,1557.64,1557.67,1557.64,1557.67,0.0,15.56,24122.87,1
2026-02-09,2026-02-09 13:39:00,1557.67,1557.7,1557.67,1557.7,0.0,15.56,24122.87,1
2026-02-09,2026-02-09 13:40:00,1557.7,1557.73,1557.7,1557.73,0.0,15.56,24122.87,1
2026-02-09,2026-02-09 13:41:00,1557.73,1557.76,1557.73,1557.76,0.0,15.56,24122.87,1
2026-02-09,2026-02-09 13:42:00,1557.76,1557.79,1557.76,1557.79,0.0,15.56,24122.87,1
2026-02-09,2026-02-09 13:43:00,1557.79,1557.82,1557.79,1557.82,0.0,15.56,24122.87,1
2026-02-09,2026-02-09 13:44:00,1557.82,1557.84,1557.82,1557.84,0.0,15.56,24122.87,1
2026-02-09,2026-02-09 13:45:00,1557.84,1557.87,1557.84,1557.87,0.0,15.56,24122.87,1
2026-02-09,2026-02-09 13:46:00,1557.87,1557.9,1557.87,1557.9,0.0,15.56,24122.87,1
2026-02-09,2026-02-09 13:47:00,1557.9,1557.93,1557.9,1557.93,0.0,15.56,24122.87,1
2026-02-09,2026-02-09 13:48:00,1557.93,1557.96,1557.93,1557.96,0.0,15.56,24122.87,1
2026-02-09,2026-02-09 13:49:00,1557.96,1557.99,1557.96,1557.99,0.0,15.56,24122.87,1
2026-02-09,2026-02-09 13:50:00,1557.99,1558.02,1557.99,1558.02,0.0,15.56,24122.87,1
2026-02-09,2026-02-09 13:51:00,1558.02,1558.05,1558.02,1558.05,0.0,15.56,24122.87,1
2026-02-09,2026-02-09 13:52:00,1558.05,1558.07,1558.05,1558.07,0.0,15.56,24122.87,1
2026-02-09,2026-02-09 13:53:00,1558.07,1558.1,1558.07,1558.1,0.0,15.56,24122.87,1
2026-02-09,2026-02-09 13:54:00,1558.1,1558.13,1558.1,1558.13,0.0,15.56,24122.87,1
2026-02-09,2026-02-09 13:55:00,1558.13,1558.16,1558.13,1558.16,0.0,15.56,24122.87,1
2026-02-09,2026-02-09 13:56:00,1558.16,1558.19,1558.16,1558.19,0.0,15.56,24122.87,1
2026-02-09,2026-02-09 13:57:00,1558.19,1558.22,1558.19,1558.22,0.0,15.56,24122.87,1
2026-02-09,2026-02-09 13:58:00,1558.22,1558.25,1558.22,1558.25,0.0,15.56,24122.87,1
2026-02-09,2026-02-09 13:59:00,1558.25,1558.28,1558.25,1558.28,0.0,15.56,24122.87,1
2026-02-09,2026-02-09 14:00:00,1558.28,1558.3,1558.28,1558.3,0.0,15.56,24122.87,1
2026-02-09,2026-02-09 14:01:00,1558.3,1558.33,1558.3,1558.33,0.0,15.56,24122.87,1
2026-02-09,2026-02-09 14:02:00,1558.33,1558.36,1558.33,1558.36,0.0,15.56,24122.87,1
2026-02-09,2026-02-09 14:03:00,1558.36,1558.39,1558.36,1558.39,0.0,15.56,24122.87,1
2026-02-09,2026-02-09 14:04:00,1558.39,1558.42,1558.39,1558.42,0.0,15.56,24122.87,1
2026-02-09,2026-02-09 14:05:00,1558.42,1558.45,1558.42,1558.45,0.0,15.56,24122.87,1
2026-02-09,2026-02-09 14:06:00,1558.45,1558.48,1558.45,1558.48,0.0,15.56,24122.87,1
2026-02-09,2026-02-09 14:07:00,1558.48,1558.5,1558.48,1558.5,0.0,15.56,24122.87,1
2026-02-09,2026-02-09 14:08:00,1558.5,1558.53,1558.5,1558.53,0.0,15.56,24122.87,1
2026-02-09,2026-02-09 14:09:00,1558.53,1558.56,1558.53,1558.56,0.0,15.56,24122.87,1
2026-02-09,2026-02-09 14:10:00,1558.56,1558.59,1558.56,1558.59,0.0,15.56,24122.87,1
2026-02-09,2026-02-09 14:11:00,1558.59,1558.62,1558.59,1558.62,0.0,15.56,24122.87,1
2026-02-09,2026-02-09 14:12:00,1558.62,1558.65,1558.62,1558.65,0.0,15.56,24122.87,1
2026-02-09,2026-02-09 14:13:00,1558.65,1558.68,1558.65,1558.68,0.0,15.56,24122.87,1
2026-02-09,2026-02-09 14:14:00,1558.68,1558.71,1558.68,1558.71,0.0,15.56,24122.87,1
2026-02-09,2026-02-09 14:15:00,1558.71,1558.73,1558.71,1558.73,0.0,15.56,24122.87,1
2026-02-09,2026-02-09 14:16:00,1558.73,1558.76,1558.73,1558.76,0.0,15.56,24122.87,1
2026-02-09,2026-02-09 14:17:00,1558.76,1558.79,1558.76,1558.79,0.0,15.56,24122.87,1
2026-02-09,2026-02-09 14:18:00,1558.79,1558.82,1558.79,1558.82,0.0,15.56,24122.87,1
2026-02-09,2026-02-09 14:19:00,1558.82,1558.85,1558.82,1558.85,0.0,15.56,24122.87,1
2026-02-09,2026-02-09 14:20:00,1558.85,1558.88,1558.85,1558.88,0.0,15.56,24122.87,1
2026-02-09,2026-02-09 14:21:00,1558.88,1558.91,1558.88,1558.91,0.0,15.56,24122.87,1
2026-02-09,2026-02-09 14:22:00,1558.91,1558.94,1558.91,1558.94,0.0,15.56,24122.87,1
2026-02-09,2026-02-09 14:23:00,1558.94,1558.96,1558.94,1558.96,0.0,15.56,24122.87,1
2026-02-09,2026-02-09 14:24:00,1558.96,1558.99,1558.96,1558.99,0.0,15.56,24122.87,1
2026-02-09,2026-02-09 14:25:00,1558.99,1559.02,1558.99,1559.02,0.0,15.56,24122.87,1
2026-02-09,2026-02-09 14:26:00,1559.02,1559.05,1559.02,1559.05,0.0,15.56,24122.87,1
2026-02-09,2026-02-09 14:27:00,1559.05,1559.08,1559.05,1559.08,0.0,15.56,24122.87,1
2026-02-09,2026-02-09 14:28:00,1559.08,1559.11,1559.08,1559.11,0.0,15.56,24122.87,1
2026-02-09,2026-02-09 14:29:00,1559.11,1559.14,1559.11,1559.14,0.0,15.56,24122.87,1
2026-02-09,2026-02-09 14:30:00,1559.14,1559.17,1559.14,1559.17,0.0,15.56,24122.87,1
2026-02-09,2026-02-09 14:31:00,1559.17,1559.19,1559.17,1559.19,0.0,15.56,24122.87,1
2026-02-09,2026-02-09 14:32:00,1559.19,1559.22,1559.19,1559.22,0.0,15.56,24122.87,1
2026-02-09,2026-02-09 14:33:00,1559.22,1559.25,1559.22,1559.25,0.0,15.56,24122.87,1
2026-02-09,2026-02-09 14:34:00,1559.25,1559.28,1559.25,1559.28,0.0,15.56,24122.87,1
2026-02-09,2026-02-09 14:35:00,1559.28,1559.31,1559.28,1559.31,0.0,15.56,24122.87,1
2026-02-09,2026-02-09 14:36:00,1559.31,1559.34,1559.31,1559.34,0.0,15.56,24122.87,1
2026-02-09,2026-02-09 14:37:00,1559.34,1559.37,1559.34,1559.37,0.0,15.56,24122.87,1
2026-02-09,2026-02-09 14:38:00,1559.37,1559.4,1559.37,1559.4,0.0,15.56,24122.87,1
2026-02-09,2026-02-09 14:39:00,1559.4,1559.42,1559.4,1559.42,0.0,15.56,24122.87,1
2026-02-09,2026-02-09 14:40:00,1559.42,1559.45,1559.42,1559.45,0.0,15.56,24122.87,1
2026-02-09,2026-02-09 14:41:00,1559.45,1559.48,1559.45,1559.48,0.0,15.56,24122.87,1
2026-02-09,2026-02-09 14:42:00,1559.48,1559.51,1559.48,1559.51,0.0,15.56,24122.87,1
2026-02-09,2026-02-09 14:43:00,1559.51,1559.54,1559.51,1559.54,0.0,15.56,24122.87,1
2026-02-09,2026-02-09 14:44:00,1559.54,1559.57,1559.54,1559.57,0.0,15.56,24122.87,1
2026-02-09,2026-02-09 14:45:00,1559.57,1559.6,1559.57,1559.6,0.0,15.56,24122.87,1
2026-02-09,2026-02-09 14:46:00,1559.6,1559.63,1559.6,1559.63,0.0,15.56,24122.87,1
2026-02-09,2026-02-09 14:47:00,1559.63,1559.65,1559.63,1559.65,0.0,15.56,24122.87,1
2026-02-09,2026-02-09 14:48:00,1559.65,1559.68,1559.65,1559.68,0.0,15.56,24122.87,1
2026-02-09,2026-02-09 14:49:00,1559.68,1559.71,1559.68,1559.71,0.0,15.56,24122.87,1
2026-02-09,2026-02-09 14:50:00,1559.71,1559.74,1559.71,1559.74,0.0,15.56,24122.87,1
2026-02-09,2026-02-09 14:51:00,1559.74,1559.77,1559.74,1559.77,0.0,15.56,24122.87,1
2026-02-09,2026-02-09 14:52:00,1559.77,1559.8,1559.77,1559.8,0.0,15.56,24122.87,1
2026-02-09,2026-02-09 14:53:00,1559.8,1559.83,1559.8,1559.83,0.0,15.56,24122.87,1
2026-02-09,2026-02-09 14:54:00,1559.83,1559.86,1559.83,1559.86,0.0,15.56,24122.87,1
2026-02-09,2026-02-09 14:55:00,1559.86,1559.88,1559.86,1559.88,0.0,15.56,24122.87,1
2026-02-09,2026-02-09 14:56:00,1559.88,1559.91,1559.88,1559.91,0.0,15.56,24122.87,1
2026-02-09,2026-02-09 14:57:00,1559.91,1559.94,1559.91,1559.94,0.0,15.56,24122.87,1
2026-02-09,2026-02-09 14:58:00,1559.94,1559.97,1559.94,1559.97,0.0,15.56,24122.87,1
2026-02-09,2026-02-09 14:59:00,1559.97,1560.0,1559.97,1560.0,0.0,15.56,24122.87,1
2026-02-09,2026-02-09 15:00:00,1560.0,1584.0,1522.0,1560.0,0.0,15.56,24122.87,0
2026-02-10,2026-02-10 11:00:00,1535.0,1546.4,1533.14,1534.97,-0.0,14.92,22928.17,-1
2026-02-10,2026-02-10 11:01:00,1534.97,1534.97,1534.95,1534.95,-0.0,14.92,22928.17,-1
2026-02-10,2026-02-10 11:02:00,1534.95,1534.95,1534.92,1534.92,-0.0,14.92,22928.17,-1
2026-02-10,2026-02-10 11:03:00,1534.92,1534.92,1534.9,1534.9,-0.0,14.92,22928.17,-1
2026-02-10,2026-02-10 11:04:00,1534.9,1534.9,1534.87,1534.87,-0.0,14.92,22928.17,-1
2026-02-10,2026-02-10 11:05:00,1534.87,1534.87,1534.85,1534.85,-0.0,14.92,22928.17,-1
2026-02-10,2026-02-10 11:06:00,1534.85,1534.85,1534.82,1534.82,-0.0,14.92,22928.17,-1
2026-02-10,2026-02-10 11:07:00,1534.82,1534.82,1534.79,1534.79,-0.0,14.92,22928.17,-1
2026-02-10,2026-02-10 11:08:00,1534.79,1534.79,1534.77,1534.77,-0.0,14.92,22928.17,-1
2026-02-10,2026-02-10 11:09:00,1534.77,1534.77,1534.74,1534.74,-0.0,14.92,22928.17,-1
2026-02-10,2026-02-10 11:10:00,1534.74,1534.74,1534.72,1534.72,-0.0,14.92,22928.17,-1
2026-02-10,2026-02-10 11:11:00,1534.72,1534.72,1534.69,1534.69,-0.0,14.92,22928.17,-1
2026-02-10,2026-02-10 11:12:00,1534.69,1534.69,1534.66,1534.66,-0.0,14.92,22928.17,-1
2026-02-10,2026-02-10 11:13:00,1534.66,1534.66,1534.64,1534.64,-0.0,14.92,22928.17,-1
2026-02-10,2026-02-10 11:14:00,1534.64,1534.64,1534.61,1534.61,-0.0,14.92,22928.17,-1
2026-02-10,2026-02-10 11:15:00,1534.61,1534.61,1534.59,1534.59,-0.0,14.92,22928.17,-1
2026-02-10,2026-02-10 11:16:00,1534.59,1534.59,1534.56,1534.56,-0.0,14.92,22928.17,-1
2026-02-10,2026-02-10 11:17:00,1534.56,1534.56,1534.54,1534.54,-0.0,14.92,22928.17,-1
2026-02-10,2026-02-10 11:18:00,1534.54,1534.54,1534.51,1534.51,-0.0,14.92,22928.17,-1
2026-02-10,2026-02-10 11:19:00,1534.51,1534.51,1534.48,1534.48,-0.0,14.92,22928.17,-1
2026-02-10,2026-02-10 11:20:00,1534.48,1534.48,1534.46,1534.46,-0.0,14.92,22928.17,-1
2026-02-10,2026-02-10 11:21:00,1534.46,1534.46,1534.43,1534.43,-0.0,14.92,22928.17,-1
2026-02-10,2026-02-10 11:22:00,1534.43,1534.43,1534.41,1534.41,-0.0,14.92,22928.17,-1
2026-02-10,2026-02-10 11:23:00,1534.41,1534.41,1534.38,1534.38,-0.0,14.92,22928.17,-1
2026-02-10,2026-02-10 11:24:00,1534.38,1534.38,1534.35,1534.35,-0.0,14.92,22928.17,-1
2026-02-10,2026-02-10 11:25:00,1534.35,1534.35,1534.33,1534.33,-0.0,14.92,22928.17,-1
2026-02-10,2026-02-10 11:26:00,1534.33,1534.33,1534.3,1534.3,-0.0,14.92,22928.17,-1
2026-02-10,2026-02-10 11:27:00,1534.3,1534.3,1534.28,1534.28,-0.0,14.92,22928.17,-1
2026-02-10,2026-02-10 11:28:00,1534.28,1534.28,1534.25,1534.25,-0.0,14.92,22928.17,-1
2026-02-10,2026-02-10 11:29:00,1534.25,1534.25,1534.22,1534.22,-0.0,14.92,22928.17,-1
2026-02-10,2026-02-10 11:30:00,1534.22,1534.22,1534.2,1534.2,-0.0,14.92,22928.17,-1
2026-02-10,2026-02-10 11:31:00,1534.2,1534.2,1534.17,1534.17,-0.0,14.92,22928.17,-1
2026-02-10,2026-02-10 11:32:00,1534.17,1534.17,1534.15,1534.15,-0.0,14.92,22928.17,-1
2026-02-10,2026-02-10 11:33:00,1534.15,1534.15,1534.12,1534.12,-0.0,14.92,22928.17,-1
2026-02-10,2026-02-10 11:34:00,1534.12,1534.12,1534.1,1534.1,-0.0,14.92,22928.17,-1
2026-02-10,2026-02-10 11:35:00,1534.1,1534.1,1534.07,1534.07,-0.0,14.92,22928.17,-1
2026-02-10,2026-02-10 11:36:00,1534.07,1534.07,1534.04,1534.04,-0.0,14.92,22928.17,-1
2026-02-10,2026-02-10 11:37:00,1534.04,1534.04,1534.02,1534.02,-0.0,14.92,22928.17,-1
2026-02-10,2026-02-10 11:38:00,1534.02,1534.02,1533.99,1533.99,-0.0,14.92,22928.17,-1
2026-02-10,2026-02-10 11:39:00,1533.99,1533.99,1533.97,1533.97,-0.0,14.92,22928.17,-1
2026-02-10,2026-02-10 11:40:00,1533.97,1533.97,1533.94,1533.94,-0.0,14.92,22928.17,-1
2026-02-10,2026-02-10 11:41:00,1533.94,1533.94,1533.91,1533.91,-0.0,14.92,22928.17,-1
2026-02-10,2026-02-10 11:42:00,1533.91,1533.91,1533.89,1533.89,-0.0,14.92,22928.17,-1
2026-02-10,2026-02-10 11:43:00,1533.89,1533.89,1533.86,1533.86,-0.0,14.92,22928.17,-1
2026-02-10,2026-02-10 11:44:00,1533.86,1533.86,1533.84,1533.84,-0.0,14.92,22928.17,-1
2026-02-10,2026-02-10 11:45:00,1533.84,1533.84,1533.81,1533.81,-0.0,14.92,22928.17,-1
2026-02-10,2026-02-10 11:46:00,1533.81,1533.81,1533.79,1533.79,-0.0,14.92,22928.17,-1
2026-02-10,2026-02-10 11:47:00,1533.79,1533.79,1533.76,1533.76,-0.0,14.92,22928.17,-1
2026-02-10,2026-02-10 11:48:00,1533.76,1533.76,1533.73,1533.73,-0.0,14.92,22928.17,-1
2026-02-10,2026-02-10 11:49:00,1533.73,1533.73,1533.71,1533.71,-0.0,14.92,22928.17,-1
2026-02-10,2026-02-10 11:50:00,1533.71,1533.71,1533.68,1533.68,-0.0,14.92,22928.17,-1
2026-02-10,2026-02-10 11:51:00,1533.68,1533.68,1533.66,1533.66,-0.0,14.92,22928.17,-1
2026-02-10,2026-02-10 11:52:00,1533.66,1533.66,1533.63,1533.63,-0.0,14.92,22928.17,-1
2026-02-10,2026-02-10 11:53:00,1533.63,1533.63,1533.61,1533.61,-0.0,14.92,22928.17,-1
2026-02-10,2026-02-10 11:54:00,1533.61,1533.61,1533.58,1533.58,-0.0,14.92,22928.17,-1
2026-02-10,2026-02-10 11:55:00,1533.58,1533.58,1533.55,1533.55,-0.0,14.92,22928.17,-1
2026-02-10,2026-02-10 11:56:00,1533.55,1533.55,1533.53,1533.53,-0.0,14.92,22928.17,-1
2026-02-10,2026-02-10 11:57:00,1533.53,1533.53,1533.5,1533.5,-0.0,14.92,22928.17,-1
2026-02-10,2026-02-10 11:58:00,1533.5,1533.5,1533.48,1533.48,-0.0,14.92,22928.17,-1
2026-02-10,2026-02-10 11:59:00,1533.48,1533.48,1533.45,1533.45,-0.0,14.92,22928.17,-1
2026-02-10,2026-02-10 12:00:00,1533.45,1533.45,1533.42,1533.42,-0.0,14.92,22928.17,-1
2026-02-10,2026-02-10 12:01:00,1533.42,1533.42,1533.4,1533.4,-0.0,14.92,22928.17,-1
2026-02-10,2026-02-10 12:02:00,1533.4,1533.4,1533.37,1533.37,-0.0,14.92,22928.17,-1
2026-02-10,2026-02-10 12:03:00,1533.37,1533.37,1533.35,1533.35,-0.0,14.92,22928.17,-1
2026-02-10,2026-02-10 12:04:00,1533.35,1533.35,1533.32,1533.32,-0.0,14.92,22928.17,-1
2026-02-10,2026-02-10 12:05:00,1533.32,1533.32,1533.3,1533.3,-0.0,14.92,22928.17,-1
2026-02-10,2026-02-10 12:06:00,1533.3,1533.3,1533.27,1533.27,-0.0,14.92,22928.17,-1
2026-02-10,2026-02-10 12:07:00,1533.27,1533.27,1533.24,1533.24,-0.0,14.92,22928.17,-1
2026-02-10,2026-02-10 12:08:00,1533.24,1533.24,1533.22,1533.22,-0.0,14.92,22928.17,-1
2026-02-10,2026-02-10 12:09:00,1533.22,1533.22,1533.19,1533.19,-0.0,14.92,22928.17,-1
2026-02-10,2026-02-10 12:10:00,1533.19,1533.19,1533.17,1533.17,-0.0,14.92,22928.17,-1
2026-02-10,2026-02-10 12:11:00,1533.17,1533.17,1533.14,1533.14,-0.0,14.92,22928.17,-1
2026-02-10,2026-02-10 12:12:00,1533.14,1533.14,1533.11,1533.11,-0.0,14.92,22928.17,-1
2026-02-10,2026-02-10 12:13:00,1533.11,1533.11,1533.09,1533.09,-0.0,14.92,22928.17,-1
2026-02-10,2026-02-10 12:14:00,1533.09,1533.09,1533.06,1533.06,-0.0,14.92,22928.17,-1
2026-02-10,2026-02-10 12:15:00,1533.06,1533.06,1533.04,1533.04,-0.0,14.92,22928.17,-1
2026-02-10,2026-02-10 12:16:00,1533.04,1533.04,1533.01,1533.01,-0.0,14.92,22928.17,-1
2026-02-10,2026-02-10 12:17:00,1533.01,1533.01,1532.98,1532.98,-0.0,14.92,22928.17,-1
2026-02-10,2026-02-10 12:18:00,1532.98,1532.98,1532.96,1532.96,-0.0,14.92,22928.17,-1
2026-02-10,2026-02-10 12:19:00,1532.96,1532.96,1532.93,1532.93,-0.0,14.92,22928.17,-1
2026-02-10,2026-02-10 12:20:00,1532.93,1532.93,1532.91,1532.91,-0.0,14.92,22928.17,-1
2026-02-10,2026-02-10 12:21:00,1532.91,1532.91,1532.88,1532.88,-0.0,14.92,22928.17,-1
2026-02-10,2026-02-10 12:22:00,1532.88,1532.88,1532.86,1532.86,-0.0,14.92,22928.17,-1
2026-02-10,2026-02-10 12:23:00,1532.86,1532.86,1532.83,1532.83,-0.0,14.92,22928.17,-1
2026-02-10,2026-02-10 12:24:00,1532.83,1532.83,1532.8,1532.8,-0.0,14.92,22928.17,-1
2026-02-10,2026-02-10 12:25:00,1532.8,1532.8,1532.78,1532.78,-0.0,14.92,22928.17,-1
2026-02-10,2026-02-10 12:26:00,1532.78,1532.78,1532.75,1532.75,-0.0,14.92,22928.17,-1
2026-02-10,2026-02-10 12:27:00,1532.75,1532.75,1532.73,1532.73,-0.0,14.92,22928.17,-1
2026-02-10,2026-02-10 12:28:00,1532.73,1532.73,1532.7,1532.7,-0.0,14.92,22928.17,-1
2026-02-10,2026-02-10 12:29:00,1532.7,1532.7,1532.67,1532.67,-0.0,14.92,22928.17,-1
2026-02-10,2026-02-10 12:30:00,1532.67,1532.67,1532.65,1532.65,-0.0,14.92,22928.17,-1
2026-02-10,2026-02-10 12:31:00,1532.65,1532.65,1532.62,1532.62,-0.0,14.92,22928.17,-1
2026-02-10,2026-02-10 12:32:00,1532.62,1532.62,1532.6,1532.6,-0.0,14.92,22928.17,-1
2026-02-10,2026-02-10 12:33:00,1532.6,1532.6,1532.57,1532.57,-0.0,14.92,22928.17,-1
2026-02-10,2026-02-10 12:34:00,1532.57,1532.57,1532.55,1532.55,-0.0,14.92,22928.17,-1
2026-02-10,2026-02-10 12:35:00,1532.55,1532.55,1532.52,1532.52,-0.0,14.92,22928.17,-1
2026-02-10,2026-02-10 12:36:00,1532.52,1532.52,1532.49,1532.49,-0.0,14.92,22928.17,-1
2026-02-10,2026-02-10 12:37:00,1532.49,1532.49,1532.47,1532.47,-0.0,14.92,22928.17,-1
2026-02-10,2026-02-10 12:38:00,1532.47,1532.47,1532.44,1532.44,-0.0,14.92,22928.17,-1
2026-02-10,2026-02-10 12:39:00,1532.44,1532.44,1532.42,1532.42,-0.0,14.92,22928.17,-1
2026-02-10,2026-02-10 12:40:00,1532.42,1532.42,1532.39,1532.39,-0.0,14.92,22928.17,-1
2026-02-10,2026-02-10 12:41:00,1532.39,1532.39,1532.37,1532.37,-0.0,14.92,22928.17,-1
2026-02-10,2026-02-10 12:42:00,1532.37,1532.37,1532.34,1532.34,-0.0,14.92,22928.17,-1
2026-02-10,2026-02-10 12:43:00,1532.34,1532.34,1532.31,1532.31,-0.0,14.92,22928.17,-1
2026-02-10,2026-02-10 12:44:00,1532.31,1532.31,1532.29,1532.29,-0.0,14.92,22928.17,-1
2026-02-10,2026-02-10 12:45:00,1532.29,1532.29,1532.26,1532.26,-0.0,14.92,22928.17,-1
2026-02-10,2026-02-10 12:46:00,1532.26,1532.26,1532.24,1532.24,-0.0,14.92,22928.17,-1
2026-02-10,2026-02-10 12:47:00,1532.24,1532.24,1532.21,1532.21,-0.0,14.92,22928.17,-1
2026-02-10,2026-02-10 12:48:00,1532.21,1532.21,1532.18,1532.18,-0.0,14.92,22928.17,-1
2026-02-10,2026-02-10 12:49:00,1532.18,1532.18,1532.16,1532.16,-0.0,14.92,22928.17,-1
2026-02-10,2026-02-10 12:50:00,1532.16,1532.16,1532.13,1532.13,-0.0,14.92,22928.17,-1
2026-02-10,2026-02-10 12:51:00,1532.13,1532.13,1532.11,1532.11,-0.0,14.92,22928.17,-1
2026-02-10,2026-02-10 12:52:00,1532.11,1532.11,1532.08,1532.08,-0.0,14.92,22928.17,-1
2026-02-10,2026-02-10 12:53:00,1532.08,1532.08,1532.06,1532.06,-0.0,14.92,22928.17,-1
2026-02-10,2026-02-10 12:54:00,1532.06,1532.06,1532.03,1532.03,-0.0,14.92,22928.17,-1
2026-02-10,2026-02-10 12:55:00,1532.03,1532.03,1532.0,1532.0,-0.0,14.92,22928.17,-1
2026-02-10,2026-02-10 12:56:00,1532.0,1532.0,1531.98,1531.98,-0.0,14.92,22928.17,-1
2026-02-10,2026-02-10 12:57:00,1531.98,1531.98,1531.95,1531.95,-0.0,14.92,22928.17,-1
2026-02-10,2026-02-10 12:58:00,1531.95,1531.95,1531.93,1531.93,-0.0,14.92,22928.17,-1
2026-02-10,2026-02-10 12:59:00,1531.93,1531.93,1531.9,1531.9,-0.0,14.92,22928.17,-1
2026-02-10,2026-02-10 13:00:00,1531.9,1573.0,1528.8,1531.87,-0.0,14.92,22928.17,-1
2026-02-10,2026-02-10 13:01:00,1531.87,1531.87,1531.85,1531.85,-0.0,14.92,22928.17,-1
2026-02-10,2026-02-10 13:02:00,1531.85,1531.85,1531.82,1531.82,-0.0,14.92,22928.17,-1
2026-02-10,2026-02-10 13:03:00,1531.82,1531.82,1531.8,1531.8,-0.0,14.92,22928.17,-1
2026-02-10,2026-02-10 13:04:00,1531.8,1531.8,1531.77,1531.77,-0.0,14.92,22928.17,-1
2026-02-10,2026-02-10 13:05:00,1531.77,1531.77,1531.74,1531.74,-0.0,14.92,22928.17,-1
2026-02-10,2026-02-10 13:06:00,1531.74,1531.74,1531.72,1531.72,-0.0,14.92,22928.17,-1
2026-02-10,2026-02-10 13:07:00,1531.72,1531.72,1531.69,1531.69,-0.0,14.92,22928.17,-1
2026-02-10,2026-02-10 13:08:00,1531.69,1531.69,1531.67,1531.67,-0.0,14.92,22928.17,-1
2026-02-10,2026-02-10 13:09:00,1531.67,1531.67,1531.64,1531.64,-0.0,14.92,22928.17,-1
2026-02-10,2026-02-10 13:10:00,1531.64,1531.64,1531.62,1531.62,-0.0,14.92,22928.17,-1
2026-02-10,2026-02-10 13:11:00,1531.62,1531.62,1531.59,1531.59,-0.0,14.92,22928.17,-1
2026-02-10,2026-02-10 13:12:00,1531.59,1531.59,1531.56,1531.56,-0.0,14.92,22928.17,-1
2026-02-10,2026-02-10 13:13:00,1531.56,1531.56,1531.54,1531.54,-0.0,14.92,22928.17,-1
2026-02-10,2026-02-10 13:14:00,1531.54,1531.54,1531.51,1531.51,-0.0,14.92,22928.17,-1
2026-02-10,2026-02-10 13:15:00,1531.51,1531.51,1531.49,1531.49,-0.0,14.92,22928.17,-1
2026-02-10,2026-02-10 13:16:00,1531.49,1531.49,1531.46,1531.46,-0.0,14.92,22928.17,-1
2026-02-10,2026-02-10 13:17:00,1531.46,1531.46,1531.43,1531.43,-0.0,14.92,22928.17,-1
2026-02-10,2026-02-10 13:18:00,1531.43,1531.43,1531.41,1531.41,-0.0,14.92,22928.17,-1
2026-02-10,2026-02-10 13:19:00,1531.41,1531.41,1531.38,1531.38,-0.0,14.92,22928.17,-1
2026-02-10,2026-02-10 13:20:00,1531.38,1531.38,1531.36,1531.36,-0.0,14.92,22928.17,-1
2026-02-10,2026-02-10 13:21:00,1531.36,1531.36,1531.33,1531.33,-0.0,14.92,22928.17,-1
2026-02-10,2026-02-10 13:22:00,1531.33,1531.33,1531.31,1531.31,-0.0,14.92,22928.17,-1
2026-02-10,2026-02-10 13:23:00,1531.31,1531.31,1531.28,1531.28,-0.0,14.92,22928.17,-1
2026-02-10,2026-02-10 13:24:00,1531.28,1531.28,1531.25,1531.25,-0.0,14.92,22928.17,-1
2026-02-10,2026-02-10 13:25:00,1531.25,1531.25,1531.23,1531.23,-0.0,14.92,22928.17,-1
2026-02-10,2026-02-10 13:26:00,1531.23,1531.23,1531.2,1531.2,-0.0,14.92,22928.17,-1
2026-02-10,2026-02-10 13:27:00,1531.2,1531.2,1531.18,1531.18,-0.0,14.92,22928.17,-1
2026-02-10,2026-02-10 13:28:00,1531.18,1531.18,1531.15,1531.15,-0.0,14.92,22928.17,-1
2026-02-10,2026-02-10 13:29:00,1531.15,1531.15,1531.12,1531.12,-0.0,14.92,22928.17,-1
2026-02-10,2026-02-10 13:30:00,1531.12,1531.12,1531.1,1531.1,-0.0,14.92,22928.17,-1
2026-02-10,2026-02-10 13:31:00,1531.1,1531.1,1531.07,1531.07,-0.0,14.92,22928.17,-1
2026-02-10,2026-02-10 13:32:00,1531.07,1531.07,1531.05,1531.05,-0.0,14.92,22928.17,-1
2026-02-10,2026-02-10 13:33:00,1531.05,1531.05,1531.02,1531.02,-0.0,14.92,22928.17,-1
2026-02-10,2026-02-10 13:34:00,1531.02,1531.02,1531.0,1531.0,-0.0,14.92,22928.17,-1
2026-02-10,2026-02-10 13:35:00,1531.0,1531.0,1530.97,1530.97,-0.0,14.92,22928.17,-1
2026-02-10,2026-02-10 13:36:00,1530.97,1530.97,1530.94,1530.94,-0.0,14.92,22928.17,-1
2026-02-10,2026-02-10 13:37:00,1530.94,1530.94,1530.92,1530.92,-0.0,14.92,22928.17,-1
2026-02-10,2026-02-10 13:38:00,1530.92,1530.92,1530.89,1530.89,-0.0,14.92,22928.17,-1
2026-02-10,2026-02-10 13:39:00,1530.89,1530.89,1530.87,1530.87,-0.0,14.92,22928.17,-1
2026-02-10,2026-02-10 13:40:00,1530.87,1530.87,1530.84,1530.84,-0.0,14.92,22928.17,-1
2026-02-10,2026-02-10 13:41:00,1530.84,1530.84,1530.82,1530.82,-0.0,14.92,22928.17,-1
2026-02-10,2026-02-10 13:42:00,1530.82,1530.82,1530.79,1530.79,-0.0,14.92,22928.17,-1
2026-02-10,2026-02-10 13:43:00,1530.79,1530.79,1530.76,1530.76,-0.0,14.92,22928.17,-1
2026-02-10,2026-02-10 13:44:00,1530.76,1530.76,1530.74,1530.74,-0.0,14.92,22928.17,-1
2026-02-10,2026-02-10 13:45:00,1530.74,1530.74,1530.71,1530.71,-0.0,14.92,22928.17,-1
2026-02-10,2026-02-10 13:46:00,1530.71,1530.71,1530.69,1530.69,-0.0,14.92,22928.17,-1
2026-02-10,2026-02-10 13:47:00,1530.69,1530.69,1530.66,1530.66,-0.0,14.92,22928.17,-1
2026-02-10,2026-02-10 13:48:00,1530.66,1530.66,1530.63,1530.63,-0.0,14.92,22928.17,-1
2026-02-10,2026-02-10 13:49:00,1530.63,1530.63,1530.61,1530.61,-0.0,14.92,22928.17,-1
2026-02-10,2026-02-10 13:50:00,1530.61,1530.61,1530.58,1530.58,-0.0,14.92,22928.17,-1
2026-02-10,2026-02-10 13:51:00,1530.58,1530.58,1530.56,1530.56,-0.0,14.92,22928.17,-1
2026-02-10,2026-02-10 13:52:00,1530.56,1530.56,1530.53,1530.53,-0.0,14.92,22928.17,-1
2026-02-10,2026-02-10 13:53:00,1530.53,1530.53,1530.5,1530.5,-0.0,14.92,22928.17,-1
2026-02-10,2026-02-10 13:54:00,1530.5,1530.5,1530.48,1530.48,-0.0,14.92,22928.17,-1
2026-02-10,2026-02-10 13:55:00,1530.48,1530.48,1530.45,1530.45,-0.0,14.92,22928.17,-1
2026-02-10,2026-02-10 13:56:00,1530.45,1530.45,1530.43,1530.43,-0.0,14.92,22928.17,-1
2026-02-10,2026-02-10 13:57:00,1530.43,1530.43,1530.4,1530.4,-0.0,14.92,22928.17,-1
2026-02-10,2026-02-10 13:58:00,1530.4,1530.4,1530.38,1530.38,-0.0,14.92,22928.17,-1
2026-02-10,2026-02-10 13:59:00,1530.38,1530.38,1530.35,1530.35,-0.0,14.92,22928.17,-1
2026-02-10,2026-02-10 14:00:00,1530.35,1530.35,1530.32,1530.32,-0.0,14.92,22928.17,-1
2026-02-10,2026-02-10 14:01:00,1530.32,1530.32,1530.3,1530.3,-0.0,14.92,22928.17,-1
2026-02-10,2026-02-10 14:02:00,1530.3,1530.3,1530.27,1530.27,-0.0,14.92,22928.17,-1
2026-02-10,2026-02-10 14:03:00,1530.27,1530.27,1530.25,1530.25,-0.0,14.92,22928.17,-1
2026-02-10,2026-02-10 14:04:00,1530.25,1530.25,1530.22,1530.22,-0.0,14.92,22928.17,-1
2026-02-10,2026-02-10 14:05:00,1530.22,1530.22,1530.19,1530.19,-0.0,14.92,22928.17,-1
2026-02-10,2026-02-10 14:06:00,1530.19,1530.19,1530.17,1530.17,-0.0,14.92,22928.17,-1
2026-02-10,2026-02-10 14:07:00,1530.17,1530.17,1530.14,1530.14,-0.0,14.92,22928.17,-1
2026-02-10,2026-02-10 14:08:00,1530.14,1530.14,1530.12,1530.12,-0.0,14.92,22928.17,-1
2026-02-10,2026-02-10 14:09:00,1530.12,1530.12,1530.09,1530.09,-0.0,14.92,22928.17,-1
2026-02-10,2026-02-10 14:10:00,1530.09,1530.09,1530.07,1530.07,-0.0,14.92,22928.17,-1
2026-02-10,2026-02-10 14:11:00,1530.07,1530.07,1530.04,1530.04,-0.0,14.92,22928.17,-1
2026-02-10,2026-02-10 14:12:00,1530.04,1530.04,1530.01,1530.01,-0.0,14.92,22928.17,-1
2026-02-10,2026-02-10 14:13:00,1530.01,1530.01,1529.99,1529.99,-0.0,14.92,22928.17,-1
2026-02-10,2026-02-10 14:14:00,1529.99,1529.99,1529.96,1529.96,-0.0,14.92,22928.17,-1
2026-02-10,2026-02-10 14:15:00,1529.96,1529.96,1529.94,1529.94,-0.0,14.92,22928.17,-1
2026-02-10,2026-02-10 14:16:00,1529.94,1529.94,1529.91,1529.91,-0.0,14.92,22928.17,-1
2026-02-10,2026-02-10 14:17:00,1529.91,1529.91,1529.88,1529.88,-0.0,14.92,22928.17,-1
2026-02-10,2026-02-10 14:18:00,1529.88,1529.88,1529.86,1529.86,-0.0,14.92,22928.17,-1
2026-02-10,2026-02-10 14:19:00,1529.86,1529.86,1529.83,1529.83,-0.0,14.92,22928.17,-1
2026-02-10,2026-02-10 14:20:00,1529.83,1529.83,1529.81,1529.81,-0.0,14.92,22928.17,-1
2026-02-10,2026-02-10 14:21:00,1529.81,1529.81,1529.78,1529.78,-0.0,14.92,22928.17,-1
2026-02-10,2026-02-10 14:22:00,1529.78,1529.78,1529.76,1529.76,-0.0,14.92,22928.17,-1
2026-02-10,2026-02-10 14:23:00,1529.76,1529.76,1529.73,1529.73,-0.0,14.92,22928.17,-1
2026-02-10,2026-02-10 14:24:00,1529.73,1529.73,1529.7,1529.7,-0.0,14.92,22928.17,-1
2026-02-10,2026-02-10 14:25:00,1529.7,1529.7,1529.68,1529.68,-0.0,14.92,22928.17,-1
2026-02-10,2026-02-10 14:26:00,1529.68,1529.68,1529.65,1529.65,-0.0,14.92,22928.17,-1
2026-02-10,2026-02-10 14:27:00,1529.65,1529.65,1529.63,1529.63,-0.0,14.92,22928.17,-1
2026-02-10,2026-02-10 14:28:00,1529.63,1529.63,1529.6,1529.6,-0.0,14.92,22928.17,-1
2026-02-10,2026-02-10 14:29:00,1529.6,1529.6,1529.58,1529.58,-0.0,14.92,22928.17,-1
2026-02-10,2026-02-10 14:30:00,1529.58,1529.58,1529.55,1529.55,-0.0,14.92,22928.17,-1
2026-02-10,2026-02-10 14:31:00,1529.55,1529.55,1529.52,1529.52,-0.0,14.92,22928.17,-1
2026-02-10,2026-02-10 14:32:00,1529.52,1529.52,1529.5,1529.5,-0.0,14.92,22928.17,-1
2026-02-10,2026-02-10 14:33:00,1529.5,1529.5,1529.47,1529.47,-0.0,14.92,22928.17,-1
2026-02-10,2026-02-10 14:34:00,1529.47,1529.47,1529.45,1529.45,-0.0,14.92,22928.17,-1
2026-02-10,2026-02-10 14:35:00,1529.45,1529.45,1529.42,1529.42,-0.0,14.92,22928.17,-1
2026-02-10,2026-02-10 14:36:00,1529.42,1529.42,1529.39,1529.39,-0.0,14.92,22928.17,-1
2026-02-10,2026-02-10 14:37:00,1529.39,1529.39,1529.37,1529.37,-0.0,14.92,22928.17,-1
2026-02-10,2026-02-10 14:38:00,1529.37,1529.37,1529.34,1529.34,-0.0,14.92,22928.17,-1
2026-02-10,2026-02-10 14:39:00,1529.34,1529.34,1529.32,1529.32,-0.0,14.92,22928.17,-1
2026-02-10,2026-02-10 14:40:00,1529.32,1529.32,1529.29,1529.29,-0.0,14.92,22928.17,-1
2026-02-10,2026-02-10 14:41:00,1529.29,1529.29,1529.26,1529.26,-0.0,14.92,22928.17,-1
2026-02-10,2026-02-10 14:42:00,1529.26,1529.26,1529.24,1529.24,-0.0,14.92,22928.17,-1
2026-02-10,2026-02-10 14:43:00,1529.24,1529.24,1529.21,1529.21,-0.0,14.92,22928.17,-1
2026-02-10,2026-02-10 14:44:00,1529.21,1529.21,1529.19,1529.19,-0.0,14.92,22928.17,-1
2026-02-10,2026-02-10 14:45:00,1529.19,1529.19,1529.16,1529.16,-0.0,14.92,22928.17,-1
2026-02-10,2026-02-10 14:46:00,1529.16,1529.16,1529.14,1529.14,-0.0,14.92,22928.17,-1
2026-02-10,2026-02-10 14:47:00,1529.14,1529.14,1529.11,1529.11,-0.0,14.92,22928.17,-1
2026-02-10,2026-02-10 14:48:00,1529.11,1529.11,1529.08,1529.08,-0.0,14.92,22928.17,-1
2026-02-10,2026-02-10 14:49:00,1529.08,1529.08,1529.06,1529.06,-0.0,14.92,22928.17,-1
2026-02-10,2026-02-10 14:50:00,1529.06,1529.06,1529.03,1529.03,-0.0,14.92,22928.17,-1
2026-02-10,2026-02-10 14:51:00,1529.03,1529.03,1529.01,1529.01,-0.0,14.92,22928.17,-1
2026-02-10,2026-02-10 14:52:00,1529.01,1529.01,1528.98,1528.98,-0.0,14.92,22928.17,-1
2026-02-10,2026-02-10 14:53:00,1528.98,1528.98,1528.95,1528.95,-0.0,14.92,22928.17,-1
2026-02-10,2026-02-10 14:54:00,1528.95,1528.95,1528.93,1528.93,-0.0,14.92,22928.17,-1
2026-02-10,2026-02-10 14:55:00,1528.93,1528.93,1528.9,1528.9,-0.0,14.92,22928.17,-1
2026-02-10,2026-02-10 14:56:00,1528.9,1528.9,1528.88,1528.88,-0.0,14.92,22928.17,-1
2026-02-10,2026-02-10 14:57:00,1528.88,1528.88,1528.85,1528.85,-0.0,14.92,22928.17,-1
2026-02-10,2026-02-10 14:58:00,1528.85,1528.85,1528.83,1528.83,-0.0,14.92,22928.17,-1
2026-02-10,2026-02-10 14:59:00,1528.83,1528.83,1528.8,1528.8,-0.0,14.92,22928.17,-1
2026-02-10,2026-02-10 15:00:00,1528.8,1573.0,1528.8,1528.8,0.0,14.92,22928.17,0
2026-02-11,2026-02-11 11:00:00,1525.0,1538.74,1517.32,1525.08,0.01,12.32,18819.44,1
2026-02-11,2026-02-11 11:01:00,1525.08,1525.17,1525.08,1525.17,0.01,12.32,18819.44,1
2026-02-11,2026-02-11 11:02:00,1525.17,1525.25,1525.17,1525.25,0.01,12.32,18819.44,1
2026-02-11,2026-02-11 11:03:00,1525.25,1525.33,1525.25,1525.33,0.01,12.32,18819.44,1
2026-02-11,2026-02-11 11:04:00,1525.33,1525.42,1525.33,1525.42,0.01,12.32,18819.44,1
2026-02-11,2026-02-11 11:05:00,1525.42,1525.5,1525.42,1525.5,0.01,12.32,18819.44,1
2026-02-11,2026-02-11 11:06:00,1525.5,1525.58,1525.5,1525.58,0.01,12.32,18819.44,1
2026-02-11,2026-02-11 11:07:00,1525.58,1525.67,1525.58,1525.67,0.01,12.32,18819.44,1
2026-02-11,2026-02-11 11:08:00,1525.67,1525.75,1525.67,1525.75,0.01,12.32,18819.44,1
2026-02-11,2026-02-11 11:09:00,1525.75,1525.83,1525.75,1525.83,0.01,12.32,18819.44,1
2026-02-11,2026-02-11 11:10:00,1525.83,1525.92,1525.83,1525.92,0.01,12.32,18819.44,1
2026-02-11,2026-02-11 11:11:00,1525.92,1526.0,1525.92,1526.0,0.01,12.32,18819.44,1
2026-02-11,2026-02-11 11:12:00,1526.0,1526.08,1526.0,1526.08,0.01,12.32,18819.44,1
2026-02-11,2026-02-11 11:13:00,1526.08,1526.17,1526.08,1526.17,0.01,12.32,18819.44,1
2026-02-11,2026-02-11 11:14:00,1526.17,1526.25,1526.17,1526.25,0.01,12.32,18819.44,1
2026-02-11,2026-02-11 11:15:00,1526.25,1526.33,1526.25,1526.33,0.01,12.32,18819.44,1
2026-02-11,2026-02-11 11:16:00,1526.33,1526.42,1526.33,1526.42,0.01,12.32,18819.44,1
2026-02-11,2026-02-11 11:17:00,1526.42,1526.5,1526.42,1526.5,0.01,12.32,18819.44,1
2026-02-11,2026-02-11 11:18:00,1526.5,1526.58,1526.5,1526.58,0.01,12.32,18819.44,1
2026-02-11,2026-02-11 11:19:00,1526.58,1526.67,1526.58,1526.67,0.01,12.32,18819.44,1
2026-02-11,2026-02-11 11:20:00,1526.67,1526.75,1526.67,1526.75,0.01,12.32,18819.44,1
2026-02-11,2026-02-11 11:21:00,1526.75,1526.83,1526.75,1526.83,0.01,12.32,18819.44,1
2026-02-11,2026-02-11 11:22:00,1526.83,1526.92,1526.83,1526.92,0.01,12.32,18819.44,1
2026-02-11,2026-02-11 11:23:00,1526.92,1527.0,1526.92,1527.0,0.01,12.32,18819.44,1
2026-02-11,2026-02-11 11:24:00,1527.0,1527.08,1527.0,1527.08,0.01,12.32,18819.44,1
2026-02-11,2026-02-11 11:25:00,1527.08,1527.17,1527.08,1527.17,0.01,12.32,18819.44,1
2026-02-11,2026-02-11 11:26:00,1527.17,1527.25,1527.17,1527.25,0.01,12.32,18819.44,1
2026-02-11,2026-02-11 11:27:00,1527.25,1527.33,1527.25,1527.33,0.01,12.32,18819.44,1
2026-02-11,2026-02-11 11:28:00,1527.33,1527.42,1527.33,1527.42,0.01,12.32,18819.44,1
2026-02-11,2026-02-11 11:29:00,1527.42,1527.5,1527.42,1527.5,0.01,12.32,18819.44,1
2026-02-11,2026-02-11 11:30:00,1527.5,1527.58,1527.5,1527.58,0.01,12.32,18819.44,1
2026-02-11,2026-02-11 11:31:00,1527.58,1527.67,1527.58,1527.67,0.01,12.32,18819.44,1
2026-02-11,2026-02-11 11:32:00,1527.67,1527.75,1527.67,1527.75,0.01,12.32,18819.44,1
2026-02-11,2026-02-11 11:33:00,1527.75,1527.83,1527.75,1527.83,0.01,12.32,18819.44,1
2026-02-11,2026-02-11 11:34:00,1527.83,1527.92,1527.83,1527.92,0.01,12.32,18819.44,1
2026-02-11,2026-02-11 11:35:00,1527.92,1528.0,1527.92,1528.0,0.01,12.32,18819.44,1
2026-02-11,2026-02-11 11:36:00,1528.0,1528.08,1528.0,1528.08,0.01,12.32,18819.44,1
2026-02-11,2026-02-11 11:37:00,1528.08,1528.17,1528.08,1528.17,0.01,12.32,18819.44,1
2026-02-11,2026-02-11 11:38:00,1528.17,1528.25,1528.17,1528.25,0.01,12.32,18819.44,1
2026-02-11,2026-02-11 11:39:00,1528.25,1528.33,1528.25,1528.33,0.01,12.32,18819.44,1
2026-02-11,2026-02-11 11:40:00,1528.33,1528.42,1528.33,1528.42,0.01,12.32,18819.44,1
2026-02-11,2026-02-11 11:41:00,1528.42,1528.5,1528.42,1528.5,0.01,12.32,18819.44,1
2026-02-11,2026-02-11 11:42:00,1528.5,1528.58,1528.5,1528.58,0.01,12.32,18819.44,1
2026-02-11,2026-02-11 11:43:00,1528.58,1528.67,1528.58,1528.67,0.01,12.32,18819.44,1
2026-02-11,2026-02-11 11:44:00,1528.67,1528.75,1528.67,1528.75,0.01,12.32,18819.44,1
2026-02-11,2026-02-11 11:45:00,1528.75,1528.83,1528.75,1528.83,0.01,12.32,18819.44,1
2026-02-11,2026-02-11 11:46:00,1528.83,1528.92,1528.83,1528.92,0.01,12.32,18819.44,1
2026-02-11,2026-02-11 11:47:00,1528.92,1529.0,1528.92,1529.0,0.01,12.32,18819.44,1
2026-02-11,2026-02-11 11:48:00,1529.0,1529.08,1529.0,1529.08,0.01,12.32,18819.44,1
2026-02-11,2026-02-11 11:49:00,1529.08,1529.17,1529.08,1529.17,0.01,12.32,18819.44,1
2026-02-11,2026-02-11 11:50:00,1529.17,1529.25,1529.17,1529.25,0.01,12.32,18819.44,1
2026-02-11,2026-02-11 11:51:00,1529.25,1529.33,1529.25,1529.33,0.01,12.32,18819.44,1
2026-02-11,2026-02-11 11:52:00,1529.33,1529.42,1529.33,1529.42,0.01,12.32,18819.44,1
2026-02-11,2026-02-11 11:53:00,1529.42,1529.5,1529.42,1529.5,0.01,12.32,18819.44,1
2026-02-11,2026-02-11 11:54:00,1529.5,1529.58,1529.5,1529.58,0.01,12.32,18819.44,1
2026-02-11,2026-02-11 11:55:00,1529.58,1529.67,1529.58,1529.67,0.01,12.32,18819.44,1
2026-02-11,2026-02-11 11:56:00,1529.67,1529.75,1529.67,1529.75,0.01,12.32,18819.44,1
2026-02-11,2026-02-11 11:57:00,1529.75,1529.83,1529.75,1529.83,0.01,12.32,18819.44,1
2026-02-11,2026-02-11 11:58:00,1529.83,1529.92,1529.83,1529.92,0.01,12.32,18819.44,1
2026-02-11,2026-02-11 11:59:00,1529.92,1530.0,1529.92,1530.0,0.01,12.32,18819.44,1
2026-02-11,2026-02-11 12:00:00,1530.0,1530.08,1530.0,1530.08,0.01,12.32,18819.44,1
2026-02-11,2026-02-11 12:01:00,1530.08,1530.17,1530.08,1530.17,0.01,12.32,18819.44,1
2026-02-11,2026-02-11 12:02:00,1530.17,1530.25,1530.17,1530.25,0.01,12.32,18819.44,1
2026-02-11,2026-02-11 12:03:00,1530.25,1530.33,1530.25,1530.33,0.01,12.32,18819.44,1
2026-02-11,2026-02-11 12:04:00,1530.33,1530.42,1530.33,1530.42,0.01,12.32,18819.44,1
2026-02-11,2026-02-11 12:05:00,1530.42,1530.5,1530.42,1530.5,0.01,12.32,18819.44,1
2026-02-11,2026-02-11 12:06:00,1530.5,1530.58,1530.5,1530.58,0.01,12.32,18819.44,1
2026-02-11,2026-02-11 12:07:00,1530.58,1530.67,1530.58,1530.67,0.01,12.32,18819.44,1
2026-02-11,2026-02-11 12:08:00,1530.67,1530.75,1530.67,1530.75,0.01,12.32,18819.44,1
2026-02-11,2026-02-11 12:09:00,1530.75,1530.83,1530.75,1530.83,0.01,12.32,18819.44,1
2026-02-11,2026-02-11 12:10:00,1530.83,1530.92,1530.83,1530.92,0.01,12.32,18819.44,1
2026-02-11,2026-02-11 12:11:00,1530.92,1531.0,1530.92,1531.0,0.01,12.32,18819.44,1
2026-02-11,2026-02-11 12:12:00,1531.0,1531.08,1531.0,1531.08,0.01,12.32,18819.44,1
2026-02-11,2026-02-11 12:13:00,1531.08,1531.17,1531.08,1531.17,0.01,12.32,18819.44,1
2026-02-11,2026-02-11 12:14:00,1531.17,1531.25,1531.17,1531.25,0.01,12.32,18819.44,1
2026-02-11,2026-02-11 12:15:00,1531.25,1531.33,1531.25,1531.33,0.01,12.32,18819.44,1
2026-02-11,2026-02-11 12:16:00,1531.33,1531.42,1531.33,1531.42,0.01,12.32,18819.44,1
2026-02-11,2026-02-11 12:17:00,1531.42,1531.5,1531.42,1531.5,0.01,12.32,18819.44,1
2026-02-11,2026-02-11 12:18:00,1531.5,1531.58,1531.5,1531.58,0.01,12.32,18819.44,1
2026-02-11,2026-02-11 12:19:00,1531.58,1531.67,1531.58,1531.67,0.01,12.32,18819.44,1
2026-02-11,2026-02-11 12:20:00,1531.67,1531.75,1531.67,1531.75,0.01,12.32,18819.44,1
2026-02-11,2026-02-11 12:21:00,1531.75,1531.83,1531.75,1531.83,0.01,12.32,18819.44,1
2026-02-11,2026-02-11 12:22:00,1531.83,1531.92,1531.83,1531.92,0.01,12.32,18819.44,1
2026-02-11,2026-02-11 12:23:00,1531.92,1532.0,1531.92,1532.0,0.01,12.32,18819.44,1
2026-02-11,2026-02-11 12:24:00,1532.0,1532.08,1532.0,1532.08,0.01,12.32,18819.44,1
2026-02-11,2026-02-11 12:25:00,1532.08,1532.17,1532.08,1532.17,0.01,12.32,18819.44,1
2026-02-11,2026-02-11 12:26:00,1532.17,1532.25,1532.17,1532.25,0.01,12.32,18819.44,1
2026-02-11,2026-02-11 12:27:00,1532.25,1532.33,1532.25,1532.33,0.01,12.32,18819.44,1
2026-02-11,2026-02-11 12:28:00,1532.33,1532.42,1532.33,1532.42,0.01,12.32,18819.44,1
2026-02-11,2026-02-11 12:29:00,1532.42,1532.5,1532.42,1532.5,0.01,12.32,18819.44,1
2026-02-11,2026-02-11 12:30:00,1532.5,1532.58,1532.5,1532.58,0.01,12.32,18819.44,1
2026-02-11,2026-02-11 12:31:00,1532.58,1532.67,1532.58,1532.67,0.01,12.32,18819.44,1
2026-02-11,2026-02-11 12:32:00,1532.67,1532.75,1532.67,1532.75,0.01,12.32,18819.44,1
2026-02-11,2026-02-11 12:33:00,1532.75,1532.83,1532.75,1532.83,0.01,12.32,18819.44,1
2026-02-11,2026-02-11 12:34:00,1532.83,1532.92,1532.83,1532.92,0.01,12.32,18819.44,1
2026-02-11,2026-02-11 12:35:00,1532.92,1533.0,1532.92,1533.0,0.01,12.32,18819.44,1
2026-02-11,2026-02-11 12:36:00,1533.0,1533.08,1533.0,1533.08,0.01,12.32,18819.44,1
2026-02-11,2026-02-11 12:37:00,1533.08,1533.17,1533.08,1533.17,0.01,12.32,18819.44,1
2026-02-11,2026-02-11 12:38:00,1533.17,1533.25,1533.17,1533.25,0.01,12.32,18819.44,1
2026-02-11,2026-02-11 12:39:00,1533.25,1533.33,1533.25,1533.33,0.01,12.32,18819.44,1
2026-02-11,2026-02-11 12:40:00,1533.33,1533.42,1533.33,1533.42,0.01,12.32,18819.44,1
2026-02-11,2026-02-11 12:41:00,1533.42,1533.5,1533.42,1533.5,0.01,12.32,18819.44,1
2026-02-11,2026-02-11 12:42:00,1533.5,1533.58,1533.5,1533.58,0.01,12.32,18819.44,1
2026-02-11,2026-02-11 12:43:00,1533.58,1533.67,1533.58,1533.67,0.01,12.32,18819.44,1
2026-02-11,2026-02-11 12:44:00,1533.67,1533.75,1533.67,1533.75,0.01,12.32,18819.44,1
2026-02-11,2026-02-11 12:45:00,1533.75,1533.83,1533.75,1533.83,0.01,12.32,18819.44,1
2026-02-11,2026-02-11 12:46:00,1533.83,1533.92,1533.83,1533.92,0.01,12.32,18819.44,1
2026-02-11,2026-02-11 12:47:00,1533.92,1534.0,1533.92,1534.0,0.01,12.32,18819.44,1
2026-02-11,2026-02-11 12:48:00,1534.0,1534.08,1534.0,1534.08,0.01,12.32,18819.44,1
2026-02-11,2026-02-11 12:49:00,1534.08,1534.17,1534.08,1534.17,0.01,12.32,18819.44,1
2026-02-11,2026-02-11 12:50:00,1534.17,1534.25,1534.17,1534.25,0.01,12.32,18819.44,1
2026-02-11,2026-02-11 12:51:00,1534.25,1534.33,1534.25,1534.33,0.01,12.32,18819.44,1
2026-02-11,2026-02-11 12:52:00,1534.33,1534.42,1534.33,1534.42,0.01,12.32,18819.44,1
2026-02-11,2026-02-11 12:53:00,1534.42,1534.5,1534.42,1534.5,0.01,12.32,18819.44,1
2026-02-11,2026-02-11 12:54:00,1534.5,1534.58,1534.5,1534.58,0.01,12.32,18819.44,1
2026-02-11,2026-02-11 12:55:00,1534.58,1534.67,1534.58,1534.67,0.01,12.32,18819.44,1
2026-02-11,2026-02-11 12:56:00,1534.67,1534.75,1534.67,1534.75,0.01,12.32,18819.44,1
2026-02-11,2026-02-11 12:57:00,1534.75,1534.83,1534.75,1534.83,0.01,12.32,18819.44,1
2026-02-11,2026-02-11 12:58:00,1534.83,1534.92,1534.83,1534.92,0.01,12.32,18819.44,1
2026-02-11,2026-02-11 12:59:00,1534.92,1535.0,1534.92,1535.0,0.01,12.32,18819.44,1
2026-02-11,2026-02-11 13:00:00,1535.0,1570.8,1499.4,1535.08,0.01,12.32,18819.44,1
2026-02-11,2026-02-11 13:01:00,1535.08,1535.17,1535.08,1535.17,0.01,12.32,18819.44,1
2026-02-11,2026-02-11 13:02:00,1535.17,1535.25,1535.17,1535.25,0.01,12.32,18819.44,1
2026-02-11,2026-02-11 13:03:00,1535.25,1535.33,1535.25,1535.33,0.01,12.32,18819.44,1
2026-02-11,2026-02-11 13:04:00,1535.33,1535.42,1535.33,1535.42,0.01,12.32,18819.44,1
2026-02-11,2026-02-11 13:05:00,1535.42,1535.5,1535.42,1535.5,0.01,12.32,18819.44,1
2026-02-11,2026-02-11 13:06:00,1535.5,1535.58,1535.5,1535.58,0.01,12.32,18819.44,1
2026-02-11,2026-02-11 13:07:00,1535.58,1535.67,1535.58,1535.67,0.01,12.32,18819.44,1
2026-02-11,2026-02-11 13:08:00,1535.67,1535.75,1535.67,1535.75,0.01,12.32,18819.44,1
2026-02-11,2026-02-11 13:09:00,1535.75,1535.83,1535.75,1535.83,0.01,12.32,18819.44,1
2026-02-11,2026-02-11 13:10:00,1535.83,1535.92,1535.83,1535.92,0.01,12.32,18819.44,1
2026-02-11,2026-02-11 13:11:00,1535.92,1536.0,1535.92,1536.0,0.01,12.32,18819.44,1
2026-02-11,2026-02-11 13:12:00,1536.0,1536.08,1536.0,1536.08,0.01,12.32,18819.44,1
2026-02-11,2026-02-11 13:13:00,1536.08,1536.17,1536.08,1536.17,0.01,12.32,18819.44,1
2026-02-11,2026-02-11 13:14:00,1536.17,1536.25,1536.17,1536.25,0.01,12.32,18819.44,1
2026-02-11,2026-02-11 13:15:00,1536.25,1536.33,1536.25,1536.33,0.01,12.32,18819.44,1
2026-02-11,2026-02-11 13:16:00,1536.33,1536.42,1536.33,1536.42,0.01,12.32,18819.44,1
2026-02-11,2026-02-11 13:17:00,1536.42,1536.5,1536.42,1536.5,0.01,12.32,18819.44,1
2026-02-11,2026-02-11 13:18:00,1536.5,1536.58,1536.5,1536.58,0.01,12.32,18819.44,1
2026-02-11,2026-02-11 13:19:00,1536.58,1536.67,1536.58,1536.67,0.01,12.32,18819.44,1
2026-02-11,2026-02-11 13:20:00,1536.67,1536.75,1536.67,1536.75,0.01,12.32,18819.44,1
2026-02-11,2026-02-11 13:21:00,1536.75,1536.83,1536.75,1536.83,0.01,12.32,18819.44,1
2026-02-11,2026-02-11 13:22:00,1536.83,1536.92,1536.83,1536.92,0.01,12.32,18819.44,1
2026-02-11,2026-02-11 13:23:00,1536.92,1537.0,1536.92,1537.0,0.01,12.32,18819.44,1
2026-02-11,2026-02-11 13:24:00,1537.0,1537.08,1537.0,1537.08,0.01,12.32,18819.44,1
2026-02-11,2026-02-11 13:25:00,1537.08,1537.17,1537.08,1537.17,0.01,12.32,18819.44,1
2026-02-11,2026-02-11 13:26:00,1537.17,1537.25,1537.17,1537.25,0.01,12.32,18819.44,1
2026-02-11,2026-02-11 13:27:00,1537.25,1537.33,1537.25,1537.33,0.01,12.32,18819.44,1
2026-02-11,2026-02-11 13:28:00,1537.33,1537.42,1537.33,1537.42,0.01,12.32,18819.44,1
2026-02-11,2026-02-11 13:29:00,1537.42,1537.5,1537.42,1537.5,0.01,12.32,18819.44,1
2026-02-11,2026-02-11 13:30:00,1537.5,1537.58,1537.5,1537.58,0.01,12.32,18819.44,1
2026-02-11,2026-02-11 13:31:00,1537.58,1537.67,1537.58,1537.67,0.01,12.32,18819.44,1
2026-02-11,2026-02-11 13:32:00,1537.67,1537.75,1537.67,1537.75,0.01,12.32,18819.44,1
2026-02-11,2026-02-11 13:33:00,1537.75,1537.83,1537.75,1537.83,0.01,12.32,18819.44,1
2026-02-11,2026-02-11 13:34:00,1537.83,1537.92,1537.83,1537.92,0.01,12.32,18819.44,1
2026-02-11,2026-02-11 13:35:00,1537.92,1538.0,1537.92,1538.0,0.01,12.32,18819.44,1
2026-02-11,2026-02-11 13:36:00,1538.0,1538.08,1538.0,1538.08,0.01,12.32,18819.44,1
2026-02-11,2026-02-11 13:37:00,1538.08,1538.17,1538.08,1538.17,0.01,12.32,18819.44,1
2026-02-11,2026-02-11 13:38:00,1538.17,1538.25,1538.17,1538.25,0.01,12.32,18819.44,1
2026-02-11,2026-02-11 13:39:00,1538.25,1538.33,1538.25,1538.33,0.01,12.32,18819.44,1
2026-02-11,2026-02-11 13:40:00,1538.33,1538.42,1538.33,1538.42,0.01,12.32,18819.44,1
2026-02-11,2026-02-11 13:41:00,1538.42,1538.5,1538.42,1538.5,0.01,12.32,18819.44,1
2026-02-11,2026-02-11 13:42:00,1538.5,1538.58,1538.5,1538.58,0.01,12.32,18819.44,1
2026-02-11,2026-02-11 13:43:00,1538.58,1538.67,1538.58,1538.67,0.01,12.32,18819.44,1
2026-02-11,2026-02-11 13:44:00,1538.67,1538.75,1538.67,1538.75,0.01,12.32,18819.44,1
2026-02-11,2026-02-11 13:45:00,1538.75,1538.83,1538.75,1538.83,0.01,12.32,18819.44,1
2026-02-11,2026-02-11 13:46:00,1538.83,1538.92,1538.83,1538.92,0.01,12.32,18819.44,1
2026-02-11,2026-02-11 13:47:00,1538.92,1539.0,1538.92,1539.0,0.01,12.32,18819.44,1
2026-02-11,2026-02-11 13:48:00,1539.0,1539.08,1539.0,1539.08,0.01,12.32,18819.44,1
2026-02-11,2026-02-11 13:49:00,1539.08,1539.17,1539.08,1539.17,0.01,12.32,18819.44,1
2026-02-11,2026-02-11 13:50:00,1539.17,1539.25,1539.17,1539.25,0.01,12.32,18819.44,1
2026-02-11,2026-02-11 13:51:00,1539.25,1539.33,1539.25,1539.33,0.01,12.32,18819.44,1
2026-02-11,2026-02-11 13:52:00,1539.33,1539.42,1539.33,1539.42,0.01,12.32,18819.44,1
2026-02-11,2026-02-11 13:53:00,1539.42,1539.5,1539.42,1539.5,0.01,12.32,18819.44,1
2026-02-11,2026-02-11 13:54:00,1539.5,1539.58,1539.5,1539.58,0.01,12.32,18819.44,1
2026-02-11,2026-02-11 13:55:00,1539.58,1539.67,1539.58,1539.67,0.01,12.32,18819.44,1
2026-02-11,2026-02-11 13:56:00,1539.67,1539.75,1539.67,1539.75,0.01,12.32,18819.44,1
2026-02-11,2026-02-11 13:57:00,1539.75,1539.83,1539.75,1539.83,0.01,12.32,18819.44,1
2026-02-11,2026-02-11 13:58:00,1539.83,1539.92,1539.83,1539.92,0.01,12.32,18819.44,1
2026-02-11,2026-02-11 13:59:00,1539.92,1540.0,1539.92,1540.0,0.01,12.32,18819.44,1
2026-02-11,2026-02-11 14:00:00,1540.0,1540.08,1540.0,1540.08,0.01,12.32,18819.44,1
2026-02-11,2026-02-11 14:01:00,1540.08,1540.17,1540.08,1540.17,0.01,12.32,18819.44,1
2026-02-11,2026-02-11 14:02:00,1540.17,1540.25,1540.17,1540.25,0.01,12.32,18819.44,1
2026-02-11,2026-02-11 14:03:00,1540.25,1540.33,1540.25,1540.33,0.01,12.32,18819.44,1
2026-02-11,2026-02-11 14:04:00,1540.33,1540.42,1540.33,1540.42,0.01,12.32,18819.44,1
2026-02-11,2026-02-11 14:05:00,1540.42,1540.5,1540.42,1540.5,0.01,12.32,18819.44,1
2026-02-11,2026-02-11 14:06:00,1540.5,1540.58,1540.5,1540.58,0.01,12.32,18819.44,1
2026-02-11,2026-02-11 14:07:00,1540.58,1540.67,1540.58,1540.67,0.01,12.32,18819.44,1
2026-02-11,2026-02-11 14:08:00,1540.67,1540.75,1540.67,1540.75,0.01,12.32,18819.44,1
2026-02-11,2026-02-11 14:09:00,1540.75,1540.83,1540.75,1540.83,0.01,12.32,18819.44,1
2026-02-11,2026-02-11 14:10:00,1540.83,1540.92,1540.83,1540.92,0.01,12.32,18819.44,1
2026-02-11,2026-02-11 14:11:00,1540.92,1541.0,1540.92,1541.0,0.01,12.32,18819.44,1
2026-02-11,2026-02-11 14:12:00,1541.0,1541.08,1541.0,1541.08,0.01,12.32,18819.44,1
2026-02-11,2026-02-11 14:13:00,1541.08,1541.17,1541.08,1541.17,0.01,12.32,18819.44,1
2026-02-11,2026-02-11 14:14:00,1541.17,1541.25,1541.17,1541.25,0.01,12.32,18819.44,1
2026-02-11,2026-02-11 14:15:00,1541.25,1541.33,1541.25,1541.33,0.01,12.32,18819.44,1
2026-02-11,2026-02-11 14:16:00,1541.33,1541.42,1541.33,1541.42,0.01,12.32,18819.44,1
2026-02-11,2026-02-11 14:17:00,1541.42,1541.5,1541.42,1541.5,0.01,12.32,18819.44,1
2026-02-11,2026-02-11 14:18:00,1541.5,1541.58,1541.5,1541.58,0.01,12.32,18819.44,1
2026-02-11,2026-02-11 14:19:00,1541.58,1541.67,1541.58,1541.67,0.01,12.32,18819.44,1
2026-02-11,2026-02-11 14:20:00,1541.67,1541.75,1541.67,1541.75,0.01,12.32,18819.44,1
2026-02-11,2026-02-11 14:21:00,1541.75,1541.83,1541.75,1541.83,0.01,12.32,18819.44,1
2026-02-11,2026-02-11 14:22:00,1541.83,1541.92,1541.83,1541.92,0.01,12.32,18819.44,1
2026-02-11,2026-02-11 14:23:00,1541.92,1542.0,1541.92,1542.0,0.01,12.32,18819.44,1
2026-02-11,2026-02-11 14:24:00,1542.0,1542.08,1542.0,1542.08,0.01,12.32,18819.44,1
2026-02-11,2026-02-11 14:25:00,1542.08,1542.17,1542.08,1542.17,0.01,12.32,18819.44,1
2026-02-11,2026-02-11 14:26:00,1542.17,1542.25,1542.17,1542.25,0.01,12.32,18819.44,1
2026-02-11,2026-02-11 14:27:00,1542.25,1542.33,1542.25,1542.33,0.01,12.32,18819.44,1
2026-02-11,2026-02-11 14:28:00,1542.33,1542.42,1542.33,1542.42,0.01,12.32,18819.44,1
2026-02-11,2026-02-11 14:29:00,1542.42,1542.5,1542.42,1542.5,0.01,12.32,18819.44,1
2026-02-11,2026-02-11 14:30:00,1542.5,1542.58,1542.5,1542.58,0.01,12.32,18819.44,1
2026-02-11,2026-02-11 14:31:00,1542.58,1542.67,1542.58,1542.67,0.01,12.32,18819.44,1
2026-02-11,2026-02-11 14:32:00,1542.67,1542.75,1542.67,1542.75,0.01,12.32,18819.44,1
2026-02-11,2026-02-11 14:33:00,1542.75,1542.83,1542.75,1542.83,0.01,12.32,18819.44,1
2026-02-11,2026-02-11 14:34:00,1542.83,1542.92,1542.83,1542.92,0.01,12.32,18819.44,1
2026-02-11,2026-02-11 14:35:00,1542.92,1543.0,1542.92,1543.0,0.01,12.32,18819.44,1
2026-02-11,2026-02-11 14:36:00,1543.0,1543.08,1543.0,1543.08,0.01,12.32,18819.44,1
2026-02-11,2026-02-11 14:37:00,1543.08,1543.17,1543.08,1543.17,0.01,12.32,18819.44,1
2026-02-11,2026-02-11 14:38:00,1543.17,1543.25,1543.17,1543.25,0.01,12.32,18819.44,1
2026-02-11,2026-02-11 14:39:00,1543.25,1543.33,1543.25,1543.33,0.01,12.32,18819.44,1
2026-02-11,2026-02-11 14:40:00,1543.33,1543.42,1543.33,1543.42,0.01,12.32,18819.44,1
2026-02-11,2026-02-11 14:41:00,1543.42,1543.5,1543.42,1543.5,0.01,12.32,18819.44,1
2026-02-11,2026-02-11 14:42:00,1543.5,1543.58,1543.5,1543.58,0.01,12.32,18819.44,1
2026-02-11,2026-02-11 14:43:00,1543.58,1543.67,1543.58,1543.67,0.01,12.32,18819.44,1
2026-02-11,2026-02-11 14:44:00,1543.67,1543.75,1543.67,1543.75,0.01,12.32,18819.44,1
2026-02-11,2026-02-11 14:45:00,1543.75,1543.83,1543.75,1543.83,0.01,12.32,18819.44,1
2026-02-11,2026-02-11 14:46:00,1543.83,1543.92,1543.83,1543.92,0.01,12.32,18819.44,1
2026-02-11,2026-02-11 14:47:00,1543.92,1544.0,1543.92,1544.0,0.01,12.32,18819.44,1
2026-02-11,2026-02-11 14:48:00,1544.0,1544.08,1544.0,1544.08,0.01,12.32,18819.44,1
2026-02-11,2026-02-11 14:49:00,1544.08,1544.17,1544.08,1544.17,0.01,12.32,18819.44,1
2026-02-11,2026-02-11 14:50:00,1544.17,1544.25,1544.17,1544.25,0.01,12.32,18819.44,1
2026-02-11,2026-02-11 14:51:00,1544.25,1544.33,1544.25,1544.33,0.01,12.32,18819.44,1
2026-02-11,2026-02-11 14:52:00,1544.33,1544.42,1544.33,1544.42,0.01,12.32,18819.44,1
2026-02-11,2026-02-11 14:53:00,1544.42,1544.5,1544.42,1544.5,0.01,12.32,18819.44,1
2026-02-11,2026-02-11 14:54:00,1544.5,1544.58,1544.5,1544.58,0.01,12.32,18819.44,1
2026-02-11,2026-02-11 14:55:00,1544.58,1544.67,1544.58,1544.67,0.01,12.32,18819.44,1
2026-02-11,2026-02-11 14:56:00,1544.67,1544.75,1544.67,1544.75,0.01,12.32,18819.44,1
2026-02-11,2026-02-11 14:57:00,1544.75,1544.83,1544.75,1544.83,0.01,12.32,18819.44,1
2026-02-11,2026-02-11 14:58:00,1544.83,1544.92,1544.83,1544.92,0.01,12.32,18819.44,1
2026-02-11,2026-02-11 14:59:00,1544.92,1545.0,1544.92,1545.0,0.01,12.32,18819.44,1
2026-02-11,2026-02-11 15:00:00,1545.0,1570.8,1499.4,1545.0,0.0,12.32,18819.44,0
2026-02-12,2026-02-12 11:00:00,1530.0,1539.0,1525.83,1530.03,0.0,8.68,13269.45,1
2026-02-12,2026-02-12 11:01:00,1530.03,1530.07,1530.03,1530.07,0.0,8.68,13269.45,1
2026-02-12,2026-02-12 11:02:00,1530.07,1530.1,1530.07,1530.1,0.0,8.68,13269.45,1
2026-02-12,2026-02-12 11:03:00,1530.1,1530.13,1530.1,1530.13,0.0,8.68,13269.45,1
2026-02-12,2026-02-12 11:04:00,1530.13,1530.17,1530.13,1530.17,0.0,8.68,13269.45,1
2026-02-12,2026-02-12 11:05:00,1530.17,1530.2,1530.17,1530.2,0.0,8.68,13269.45,1
2026-02-12,2026-02-12 11:06:00,1530.2,1530.23,1530.2,1530.23,0.0,8.68,13269.45,1
2026-02-12,2026-02-12 11:07:00,1530.23,1530.27,1530.23,1530.27,0.0,8.68,13269.45,1
2026-02-12,2026-02-12 11:08:00,1530.27,1530.3,1530.27,1530.3,0.0,8.68,13269.45,1
2026-02-12,2026-02-12 11:09:00,1530.3,1530.33,1530.3,1530.33,0.0,8.68,13269.45,1
2026-02-12,2026-02-12 11:10:00,1530.33,1530.37,1530.33,1530.37,0.0,8.68,13269.45,1
2026-02-12,2026-02-12 11:11:00,1530.37,1530.4,1530.37,1530.4,0.0,8.68,13269.45,1
2026-02-12,2026-02-12 11:12:00,1530.4,1530.43,1530.4,1530.43,0.0,8.68,13269.45,1
2026-02-12,2026-02-12 11:13:00,1530.43,1530.47,1530.43,1530.47,0.0,8.68,13269.45,1
2026-02-12,2026-02-12 11:14:00,1530.47,1530.5,1530.47,1530.5,0.0,8.68,13269.45,1
2026-02-12,2026-02-12 11:15:00,1530.5,1530.53,1530.5,1530.53,0.0,8.68,13269.45,1
2026-02-12,2026-02-12 11:16:00,1530.53,1530.57,1530.53,1530.57,0.0,8.68,13269.45,1
2026-02-12,2026-02-12 11:17:00,1530.57,1530.6,1530.57,1530.6,0.0,8.68,13269.45,1
2026-02-12,2026-02-12 11:18:00,1530.6,1530.63,1530.6,1530.63,0.0,8.68,13269.45,1
2026-02-12,2026-02-12 11:19:00,1530.63,1530.67,1530.63,1530.67,0.0,8.68,13269.45,1
2026-02-12,2026-02-12 11:20:00,1530.67,1530.7,1530.67,1530.7,0.0,8.68,13269.45,1
2026-02-12,2026-02-12 11:21:00,1530.7,1530.73,1530.7,1530.73,0.0,8.68,13269.45,1
2026-02-12,2026-02-12 11:22:00,1530.73,1530.77,1530.73,1530.77,0.0,8.68,13269.45,1
2026-02-12,2026-02-12 11:23:00,1530.77,1530.8,1530.77,1530.8,0.0,8.68,13269.45,1
2026-02-12,2026-02-12 11:24:00,1530.8,1530.83,1530.8,1530.83,0.0,8.68,13269.45,1
2026-02-12,2026-02-12 11:25:00,1530.83,1530.87,1530.83,1530.87,0.0,8.68,13269.45,1
2026-02-12,2026-02-12 11:26:00,1530.87,1530.9,1530.87,1530.9,0.0,8.68,13269.45,1
2026-02-12,2026-02-12 11:27:00,1530.9,1530.93,1530.9,1530.93,0.0,8.68,13269.45,1
2026-02-12,2026-02-12 11:28:00,1530.93,1530.97,1530.93,1530.97,0.0,8.68,13269.45,1
2026-02-12,2026-02-12 11:29:00,1530.97,1531.0,1530.97,1531.0,0.0,8.68,13269.45,1
2026-02-12,2026-02-12 11:30:00,1531.0,1531.03,1531.0,1531.03,0.0,8.68,13269.45,1
2026-02-12,2026-02-12 11:31:00,1531.03,1531.07,1531.03,1531.07,0.0,8.68,13269.45,1
2026-02-12,2026-02-12 11:32:00,1531.07,1531.1,1531.07,1531.1,0.0,8.68,13269.45,1
2026-02-12,2026-02-12 11:33:00,1531.1,1531.13,1531.1,1531.13,0.0,8.68,13269.45,1
2026-02-12,2026-02-12 11:34:00,1531.13,1531.17,1531.13,1531.17,0.0,8.68,13269.45,1
2026-02-12,2026-02-12 11:35:00,1531.17,1531.2,1531.17,1531.2,0.0,8.68,13269.45,1
2026-02-12,2026-02-12 11:36:00,1531.2,1531.23,1531.2,1531.23,0.0,8.68,13269.45,1
2026-02-12,2026-02-12 11:37:00,1531.23,1531.27,1531.23,1531.27,0.0,8.68,13269.45,1
2026-02-12,2026-02-12 11:38:00,1531.27,1531.3,1531.27,1531.3,0.0,8.68,13269.45,1
2026-02-12,2026-02-12 11:39:00,1531.3,1531.33,1531.3,1531.33,0.0,8.68,13269.45,1
2026-02-12,2026-02-12 11:40:00,1531.33,1531.37,1531.33,1531.37,0.0,8.68,13269.45,1
2026-02-12,2026-02-12 11:41:00,1531.37,1531.4,1531.37,1531.4,0.0,8.68,13269.45,1
2026-02-12,2026-02-12 11:42:00,1531.4,1531.43,1531.4,1531.43,0.0,8.68,13269.45,1
2026-02-12,2026-02-12 11:43:00,1531.43,1531.47,1531.43,1531.47,0.0,8.68,13269.45,1
2026-02-12,2026-02-12 11:44:00,1531.47,1531.5,1531.47,1531.5,0.0,8.68,13269.45,1
2026-02-12,2026-02-12 11:45:00,1531.5,1531.53,1531.5,1531.53,0.0,8.68,13269.45,1
2026-02-12,2026-02-12 11:46:00,1531.53,1531.57,1531.53,1531.57,0.0,8.68,13269.45,1
2026-02-12,2026-02-12 11:47:00,1531.57,1531.6,1531.57,1531.6,0.0,8.68,13269.45,1
2026-02-12,2026-02-12 11:48:00,1531.6,1531.63,1531.6,1531.63,0.0,8.68,13269.45,1
2026-02-12,2026-02-12 11:49:00,1531.63,1531.67,1531.63,1531.67,0.0,8.68,13269.45,1
2026-02-12,2026-02-12 11:50:00,1531.67,1531.7,1531.67,1531.7,0.0,8.68,13269.45,1
2026-02-12,2026-02-12 11:51:00,1531.7,1531.73,1531.7,1531.73,0.0,8.68,13269.45,1
2026-02-12,2026-02-12 11:52:00,1531.73,1531.77,1531.73,1531.77,0.0,8.68,13269.45,1
2026-02-12,2026-02-12 11:53:00,1531.77,1531.8,1531.77,1531.8,0.0,8.68,13269.45,1
2026-02-12,2026-02-12 11:54:00,1531.8,1531.83,1531.8,1531.83,0.0,8.68,13269.45,1
2026-02-12,2026-02-12 11:55:00,1531.83,1531.87,1531.83,1531.87,0.0,8.68,13269.45,1
2026-02-12,2026-02-12 11:56:00,1531.87,1531.9,1531.87,1531.9,0.0,8.68,13269.45,1
2026-02-12,2026-02-12 11:57:00,1531.9,1531.93,1531.9,1531.93,0.0,8.68,13269.45,1
2026-02-12,2026-02-12 11:58:00,1531.93,1531.97,1531.93,1531.97,0.0,8.68,13269.45,1
2026-02-12,2026-02-12 11:59:00,1531.97,1532.0,1531.97,1532.0,0.0,8.68,13269.45,1
2026-02-12,2026-02-12 12:00:00,1532.0,1532.03,1532.0,1532.03,0.0,8.68,13269.45,1
2026-02-12,2026-02-12 12:01:00,1532.03,1532.07,1532.03,1532.07,0.0,8.68,13269.45,1
2026-02-12,2026-02-12 12:02:00,1532.07,1532.1,1532.07,1532.1,0.0,8.68,13269.45,1
2026-02-12,2026-02-12 12:03:00,1532.1,1532.13,1532.1,1532.13,0.0,8.68,13269.45,1
2026-02-12,2026-02-12 12:04:00,1532.13,1532.17,1532.13,1532.17,0.0,8.68,13269.45,1
2026-02-12,2026-02-12 12:05:00,1532.17,1532.2,1532.17,1532.2,0.0,8.68,13269.45,1
2026-02-12,2026-02-12 12:06:00,1532.2,1532.23,1532.2,1532.23,0.0,8.68,13269.45,1
2026-02-12,2026-02-12 12:07:00,1532.23,1532.27,1532.23,1532.27,0.0,8.68,13269.45,1
2026-02-12,2026-02-12 12:08:00,1532.27,1532.3,1532.27,1532.3,0.0,8.68,13269.45,1
2026-02-12,2026-02-12 12:09:00,1532.3,1532.33,1532.3,1532.33,0.0,8.68,13269.45,1
2026-02-12,2026-02-12 12:10:00,1532.33,1532.37,1532.33,1532.37,0.0,8.68,13269.45,1
2026-02-12,2026-02-12 12:11:00,1532.37,1532.4,1532.37,1532.4,0.0,8.68,13269.45,1
2026-02-12,2026-02-12 12:12:00,1532.4,1532.43,1532.4,1532.43,0.0,8.68,13269.45,1
2026-02-12,2026-02-12 12:13:00,1532.43,1532.47,1532.43,1532.47,0.0,8.68,13269.45,1
2026-02-12,2026-02-12 12:14:00,1532.47,1532.5,1532.47,1532.5,0.0,8.68,13269.45,1
2026-02-12,2026-02-12 12:15:00,1532.5,1532.53,1532.5,1532.53,0.0,8.68,13269.45,1
2026-02-12,2026-02-12 12:16:00,1532.53,1532.57,1532.53,1532.57,0.0,8.68,13269.45,1
2026-02-12,2026-02-12 12:17:00,1532.57,1532.6,1532.57,1532.6,0.0,8.68,13269.45,1
2026-02-12,2026-02-12 12:18:00,1532.6,1532.63,1532.6,1532.63,0.0,8.68,13269.45,1
2026-02-12,2026-02-12 12:19:00,1532.63,1532.67,1532.63,1532.67,0.0,8.68,13269.45,1
2026-02-12,2026-02-12 12:20:00,1532.67,1532.7,1532.67,1532.7,0.0,8.68,13269.45,1
2026-02-12,2026-02-12 12:21:00,1532.7,1532.73,1532.7,1532.73,0.0,8.68,13269.45,1
2026-02-12,2026-02-12 12:22:00,1532.73,1532.77,1532.73,1532.77,0.0,8.68,13269.45,1
2026-02-12,2026-02-12 12:23:00,1532.77,1532.8,1532.77,1532.8,0.0,8.68,13269.45,1
2026-02-12,2026-02-12 12:24:00,1532.8,1532.83,1532.8,1532.83,0.0,8.68,13269.45,1
2026-02-12,2026-02-12 12:25:00,1532.83,1532.87,1532.83,1532.87,0.0,8.68,13269.45,1
2026-02-12,2026-02-12 12:26:00,1532.87,1532.9,1532.87,1532.9,0.0,8.68,13269.45,1
2026-02-12,2026-02-12 12:27:00,1532.9,1532.93,1532.9,1532.93,0.0,8.68,13269.45,1
2026-02-12,2026-02-12 12:28:00,1532.93,1532.97,1532.93,1532.97,0.0,8.68,13269.45,1
2026-02-12,2026-02-12 12:29:00,1532.97,1533.0,1532.97,1533.0,0.0,8.68,13269.45,1
2026-02-12,2026-02-12 12:30:00,1533.0,1533.03,1533.0,1533.03,0.0,8.68,13269.45,1
2026-02-12,2026-02-12 12:31:00,1533.03,1533.07,1533.03,1533.07,0.0,8.68,13269.45,1
2026-02-12,2026-02-12 12:32:00,1533.07,1533.1,1533.07,1533.1,0.0,8.68,13269.45,1
2026-02-12,2026-02-12 12:33:00,1533.1,1533.13,1533.1,1533.13,0.0,8.68,13269.45,1
2026-02-12,2026-02-12 12:34:00,1533.13,1533.17,1533.13,1533.17,0.0,8.68,13269.45,1
2026-02-12,2026-02-12 12:35:00,1533.17,1533.2,1533.17,1533.2,0.0,8.68,13269.45,1
2026-02-12,2026-02-12 12:36:00,1533.2,1533.23,1533.2,1533.23,0.0,8.68,13269.45,1
2026-02-12,2026-02-12 12:37:00,1533.23,1533.27,1533.23,1533.27,0.0,8.68,13269.45,1
2026-02-12,2026-02-12 12:38:00,1533.27,1533.3,1533.27,1533.3,0.0,8.68,13269.45,1
2026-02-12,2026-02-12 12:39:00,1533.3,1533.33,1533.3,1533.33,0.0,8.68,13269.45,1
2026-02-12,2026-02-12 12:40:00,1533.33,1533.37,1533.33,1533.37,0.0,8.68,13269.45,1
2026-02-12,2026-02-12 12:41:00,1533.37,1533.4,1533.37,1533.4,0.0,8.68,13269.45,1
2026-02-12,2026-02-12 12:42:00,1533.4,1533.43,1533.4,1533.43,0.0,8.68,13269.45,1
2026-02-12,2026-02-12 12:43:00,1533.43,1533.47,1533.43,1533.47,0.0,8.68,13269.45,1
2026-02-12,2026-02-12 12:44:00,1533.47,1533.5,1533.47,1533.5,0.0,8.68,13269.45,1
2026-02-12,2026-02-12 12:45:00,1533.5,1533.53,1533.5,1533.53,0.0,8.68,13269.45,1
2026-02-12,2026-02-12 12:46:00,1533.53,1533.57,1533.53,1533.57,0.0,8.68,13269.45,1
2026-02-12,2026-02-12 12:47:00,1533.57,1533.6,1533.57,1533.6,0.0,8.68,13269.45,1
2026-02-12,2026-02-12 12:48:00,1533.6,1533.63,1533.6,1533.63,0.0,8.68,13269.45,1
2026-02-12,2026-02-12 12:49:00,1533.63,1533.67,1533.63,1533.67,0.0,8.68,13269.45,1
2026-02-12,2026-02-12 12:50:00,1533.67,1533.7,1533.67,1533.7,0.0,8.68,13269.45,1
2026-02-12,2026-02-12 12:51:00,1533.7,1533.73,1533.7,1533.73,0.0,8.68,13269.45,1
2026-02-12,2026-02-12 12:52:00,1533.73,1533.77,1533.73,1533.77,0.0,8.68,13269.45,1
2026-02-12,2026-02-12 12:53:00,1533.77,1533.8,1533.77,1533.8,0.0,8.68,13269.45,1
2026-02-12,2026-02-12 12:54:00,1533.8,1533.83,1533.8,1533.83,0.0,8.68,13269.45,1
2026-02-12,2026-02-12 12:55:00,1533.83,1533.87,1533.83,1533.87,0.0,8.68,13269.45,1
2026-02-12,2026-02-12 12:56:00,1533.87,1533.9,1533.87,1533.9,0.0,8.68,13269.45,1
2026-02-12,2026-02-12 12:57:00,1533.9,1533.93,1533.9,1533.93,0.0,8.68,13269.45,1
2026-02-12,2026-02-12 12:58:00,1533.93,1533.97,1533.93,1533.97,0.0,8.68,13269.45,1
2026-02-12,2026-02-12 12:59:00,1533.97,1534.0,1533.97,1534.0,0.0,8.68,13269.45,1
2026-02-12,2026-02-12 13:00:00,1534.0,1560.0,1516.1,1534.03,0.0,8.68,13269.45,1
2026-02-12,2026-02-12 13:01:00,1534.03,1534.07,1534.03,1534.07,0.0,8.68,13269.45,1
2026-02-12,2026-02-12 13:02:00,1534.07,1534.1,1534.07,1534.1,0.0,8.68,13269.45,1
2026-02-12,2026-02-12 13:03:00,1534.1,1534.13,1534.1,1534.13,0.0,8.68,13269.45,1
2026-02-12,2026-02-12 13:04:00,1534.13,1534.17,1534.13,1534.17,0.0,8.68,13269.45,1
2026-02-12,2026-02-12 13:05:00,1534.17,1534.2,1534.17,1534.2,0.0,8.68,13269.45,1
2026-02-12,2026-02-12 13:06:00,1534.2,1534.23,1534.2,1534.23,0.0,8.68,13269.45,1
2026-02-12,2026-02-12 13:07:00,1534.23,1534.27,1534.23,1534.27,0.0,8.68,13269.45,1
2026-02-12,2026-02-12 13:08:00,1534.27,1534.3,1534.27,1534.3,0.0,8.68,13269.45,1
2026-02-12,2026-02-12 13:09:00,1534.3,1534.33,1534.3,1534.33,0.0,8.68,13269.45,1
2026-02-12,2026-02-12 13:10:00,1534.33,1534.37,1534.33,1534.37,0.0,8.68,13269.45,1
2026-02-12,2026-02-12 13:11:00,1534.37,1534.4,1534.37,1534.4,0.0,8.68,13269.45,1
2026-02-12,2026-02-12 13:12:00,1534.4,1534.43,1534.4,1534.43,0.0,8.68,13269.45,1
2026-02-12,2026-02-12 13:13:00,1534.43,1534.47,1534.43,1534.47,0.0,8.68,13269.45,1
2026-02-12,2026-02-12 13:14:00,1534.47,1534.5,1534.47,1534.5,0.0,8.68,13269.45,1
2026-02-12,2026-02-12 13:15:00,1534.5,1534.53,1534.5,1534.53,0.0,8.68,13269.45,1
2026-02-12,2026-02-12 13:16:00,1534.53,1534.57,1534.53,1534.57,0.0,8.68,13269.45,1
2026-02-12,2026-02-12 13:17:00,1534.57,1534.6,1534.57,1534.6,0.0,8.68,13269.45,1
2026-02-12,2026-02-12 13:18:00,1534.6,1534.63,1534.6,1534.63,0.0,8.68,13269.45,1
2026-02-12,2026-02-12 13:19:00,1534.63,1534.67,1534.63,1534.67,0.0,8.68,13269.45,1
2026-02-12,2026-02-12 13:20:00,1534.67,1534.7,1534.67,1534.7,0.0,8.68,13269.45,1
2026-02-12,2026-02-12 13:21:00,1534.7,1534.73,1534.7,1534.73,0.0,8.68,13269.45,1
2026-02-12,2026-02-12 13:22:00,1534.73,1534.77,1534.73,1534.77,0.0,8.68,13269.45,1
2026-02-12,2026-02-12 13:23:00,1534.77,1534.8,1534.77,1534.8,0.0,8.68,13269.45,1
2026-02-12,2026-02-12 13:24:00,1534.8,1534.83,1534.8,1534.83,0.0,8.68,13269.45,1
2026-02-12,2026-02-12 13:25:00,1534.83,1534.87,1534.83,1534.87,0.0,8.68,13269.45,1
2026-02-12,2026-02-12 13:26:00,1534.87,1534.9,1534.87,1534.9,0.0,8.68,13269.45,1
2026-02-12,2026-02-12 13:27:00,1534.9,1534.93,1534.9,1534.93,0.0,8.68,13269.45,1
2026-02-12,2026-02-12 13:28:00,1534.93,1534.97,1534.93,1534.97,0.0,8.68,13269.45,1
2026-02-12,2026-02-12 13:29:00,1534.97,1535.0,1534.97,1535.0,0.0,8.68,13269.45,1
2026-02-12,2026-02-12 13:30:00,1535.0,1535.03,1535.0,1535.03,0.0,8.68,13269.45,1
2026-02-12,2026-02-12 13:31:00,1535.03,1535.07,1535.03,1535.07,0.0,8.68,13269.45,1
2026-02-12,2026-02-12 13:32:00,1535.07,1535.1,1535.07,1535.1,0.0,8.68,13269.45,1
2026-02-12,2026-02-12 13:33:00,1535.1,1535.13,1535.1,1535.13,0.0,8.68,13269.45,1
2026-02-12,2026-02-12 13:34:00,1535.13,1535.17,1535.13,1535.17,0.0,8.68,13269.45,1
2026-02-12,2026-02-12 13:35:00,1535.17,1535.2,1535.17,1535.2,0.0,8.68,13269.45,1
2026-02-12,2026-02-12 13:36:00,1535.2,1535.23,1535.2,1535.23,0.0,8.68,13269.45,1
2026-02-12,2026-02-12 13:37:00,1535.23,1535.27,1535.23,1535.27,0.0,8.68,13269.45,1
2026-02-12,2026-02-12 13:38:00,1535.27,1535.3,1535.27,1535.3,0.0,8.68,13269.45,1
2026-02-12,2026-02-12 13:39:00,1535.3,1535.33,1535.3,1535.33,0.0,8.68,13269.45,1
2026-02-12,2026-02-12 13:40:00,1535.33,1535.37,1535.33,1535.37,0.0,8.68,13269.45,1
2026-02-12,2026-02-12 13:41:00,1535.37,1535.4,1535.37,1535.4,0.0,8.68,13269.45,1
2026-02-12,2026-02-12 13:42:00,1535.4,1535.43,1535.4,1535.43,0.0,8.68,13269.45,1
2026-02-12,2026-02-12 13:43:00,1535.43,1535.47,1535.43,1535.47,0.0,8.68,13269.45,1
2026-02-12,2026-02-12 13:44:00,1535.47,1535.5,1535.47,1535.5,0.0,8.68,13269.45,1
2026-02-12,2026-02-12 13:45:00,1535.5,1535.53,1535.5,1535.53,0.0,8.68,13269.45,1
2026-02-12,2026-02-12 13:46:00,1535.53,1535.57,1535.53,1535.57,0.0,8.68,13269.45,1
2026-02-12,2026-02-12 13:47:00,1535.57,1535.6,1535.57,1535.6,0.0,8.68,13269.45,1
2026-02-12,2026-02-12 13:48:00,1535.6,1535.63,1535.6,1535.63,0.0,8.68,13269.45,1
2026-02-12,2026-02-12 13:49:00,1535.63,1535.67,1535.63,1535.67,0.0,8.68,13269.45,1
2026-02-12,2026-02-12 13:50:00,1535.67,1535.7,1535.67,1535.7,0.0,8.68,13269.45,1
2026-02-12,2026-02-12 13:51:00,1535.7,1535.73,1535.7,1535.73,0.0,8.68,13269.45,1
2026-02-12,2026-02-12 13:52:00,1535.73,1535.77,1535.73,1535.77,0.0,8.68,13269.45,1
2026-02-12,2026-02-12 13:53:00,1535.77,1535.8,1535.77,1535.8,0.0,8.68,13269.45,1
2026-02-12,2026-02-12 13:54:00,1535.8,1535.83,1535.8,1535.83,0.0,8.68,13269.45,1
2026-02-12,2026-02-12 13:55:00,1535.83,1535.87,1535.83,1535.87,0.0,8.68,13269.45,1
2026-02-12,2026-02-12 13:56:00,1535.87,1535.9,1535.87,1535.9,0.0,8.68,13269.45,1
2026-02-12,2026-02-12 13:57:00,1535.9,1535.93,1535.9,1535.93,0.0,8.68,13269.45,1
2026-02-12,2026-02-12 13:58:00,1535.93,1535.97,1535.93,1535.97,0.0,8.68,13269.45,1
2026-02-12,2026-02-12 13:59:00,1535.97,1536.0,1535.97,1536.0,0.0,8.68,13269.45,1
2026-02-12,2026-02-12 14:00:00,1536.0,1536.03,1536.0,1536.03,0.0,8.68,13269.45,1
2026-02-12,2026-02-12 14:01:00,1536.03,1536.07,1536.03,1536.07,0.0,8.68,13269.45,1
2026-02-12,2026-02-12 14:02:00,1536.07,1536.1,1536.07,1536.1,0.0,8.68,13269.45,1
2026-02-12,2026-02-12 14:03:00,1536.1,1536.13,1536.1,1536.13,0.0,8.68,13269.45,1
2026-02-12,2026-02-12 14:04:00,1536.13,1536.17,1536.13,1536.17,0.0,8.68,13269.45,1
2026-02-12,2026-02-12 14:05:00,1536.17,1536.2,1536.17,1536.2,0.0,8.68,13269.45,1
2026-02-12,2026-02-12 14:06:00,1536.2,1536.23,1536.2,1536.23,0.0,8.68,13269.45,1
2026-02-12,2026-02-12 14:07:00,1536.23,1536.27,1536.23,1536.27,0.0,8.68,13269.45,1
2026-02-12,2026-02-12 14:08:00,1536.27,1536.3,1536.27,1536.3,0.0,8.68,13269.45,1
2026-02-12,2026-02-12 14:09:00,1536.3,1536.33,1536.3,1536.33,0.0,8.68,13269.45,1
2026-02-12,2026-02-12 14:10:00,1536.33,1536.37,1536.33,1536.37,0.0,8.68,13269.45,1
2026-02-12,2026-02-12 14:11:00,1536.37,1536.4,1536.37,1536.4,0.0,8.68,13269.45,1
2026-02-12,2026-02-12 14:12:00,1536.4,1536.43,1536.4,1536.43,0.0,8.68,13269.45,1
2026-02-12,2026-02-12 14:13:00,1536.43,1536.47,1536.43,1536.47,0.0,8.68,13269.45,1
2026-02-12,2026-02-12 14:14:00,1536.47,1536.5,1536.47,1536.5,0.0,8.68,13269.45,1
2026-02-12,2026-02-12 14:15:00,1536.5,1536.53,1536.5,1536.53,0.0,8.68,13269.45,1
2026-02-12,2026-02-12 14:16:00,1536.53,1536.57,1536.53,1536.57,0.0,8.68,13269.45,1
2026-02-12,2026-02-12 14:17:00,1536.57,1536.6,1536.57,1536.6,0.0,8.68,13269.45,1
2026-02-12,2026-02-12 14:18:00,1536.6,1536.63,1536.6,1536.63,0.0,8.68,13269.45,1
2026-02-12,2026-02-12 14:19:00,1536.63,1536.67,1536.63,1536.67,0.0,8.68,13269.45,1
2026-02-12,2026-02-12 14:20:00,1536.67,1536.7,1536.67,1536.7,0.0,8.68,13269.45,1
2026-02-12,2026-02-12 14:21:00,1536.7,1536.73,1536.7,1536.73,0.0,8.68,13269.45,1
2026-02-12,2026-02-12 14:22:00,1536.73,1536.77,1536.73,1536.77,0.0,8.68,13269.45,1
2026-02-12,2026-02-12 14:23:00,1536.77,1536.8,1536.77,1536.8,0.0,8.68,13269.45,1
2026-02-12,2026-02-12 14:24:00,1536.8,1536.83,1536.8,1536.83,0.0,8.68,13269.45,1
2026-02-12,2026-02-12 14:25:00,1536.83,1536.87,1536.83,1536.87,0.0,8.68,13269.45,1
2026-02-12,2026-02-12 14:26:00,1536.87,1536.9,1536.87,1536.9,0.0,8.68,13269.45,1
2026-02-12,2026-02-12 14:27:00,1536.9,1536.93,1536.9,1536.93,0.0,8.68,13269.45,1
2026-02-12,2026-02-12 14:28:00,1536.93,1536.97,1536.93,1536.97,0.0,8.68,13269.45,1
2026-02-12,2026-02-12 14:29:00,1536.97,1537.0,1536.97,1537.0,0.0,8.68,13269.45,1
2026-02-12,2026-02-12 14:30:00,1537.0,1537.03,1537.0,1537.03,0.0,8.68,13269.45,1
2026-02-12,2026-02-12 14:31:00,1537.03,1537.07,1537.03,1537.07,0.0,8.68,13269.45,1
2026-02-12,2026-02-12 14:32:00,1537.07,1537.1,1537.07,1537.1,0.0,8.68,13269.45,1
2026-02-12,2026-02-12 14:33:00,1537.1,1537.13,1537.1,1537.13,0.0,8.68,13269.45,1
2026-02-12,2026-02-12 14:34:00,1537.13,1537.17,1537.13,1537.17,0.0,8.68,13269.45,1
2026-02-12,2026-02-12 14:35:00,1537.17,1537.2,1537.17,1537.2,0.0,8.68,13269.45,1
2026-02-12,2026-02-12 14:36:00,1537.2,1537.23,1537.2,1537.23,0.0,8.68,13269.45,1
2026-02-12,2026-02-12 14:37:00,1537.23,1537.27,1537.23,1537.27,0.0,8.68,13269.45,1
2026-02-12,2026-02-12 14:38:00,1537.27,1537.3,1537.27,1537.3,0.0,8.68,13269.45,1
2026-02-12,2026-02-12 14:39:00,1537.3,1537.33,1537.3,1537.33,0.0,8.68,13269.45,1
2026-02-12,2026-02-12 14:40:00,1537.33,1537.37,1537.33,1537.37,0.0,8.68,13269.45,1
2026-02-12,2026-02-12 14:41:00,1537.37,1537.4,1537.37,1537.4,0.0,8.68,13269.45,1
2026-02-12,2026-02-12 14:42:00,1537.4,1537.43,1537.4,1537.43,0.0,8.68,13269.45,1
2026-02-12,2026-02-12 14:43:00,1537.43,1537.47,1537.43,1537.47,0.0,8.68,13269.45,1
2026-02-12,2026-02-12 14:44:00,1537.47,1537.5,1537.47,1537.5,0.0,8.68,13269.45,1
2026-02-12,2026-02-12 14:45:00,1537.5,1537.53,1537.5,1537.53,0.0,8.68,13269.45,1
2026-02-12,2026-02-12 14:46:00,1537.53,1537.57,1537.53,1537.57,0.0,8.68,13269.45,1
2026-02-12,2026-02-12 14:47:00,1537.57,1537.6,1537.57,1537.6,0.0,8.68,13269.45,1
2026-02-12,2026-02-12 14:48:00,1537.6,1537.63,1537.6,1537.63,0.0,8.68,13269.45,1
2026-02-12,2026-02-12 14:49:00,1537.63,1537.67,1537.63,1537.67,0.0,8.68,13269.45,1
2026-02-12,2026-02-12 14:50:00,1537.67,1537.7,1537.67,1537.7,0.0,8.68,13269.45,1
2026-02-12,2026-02-12 14:51:00,1537.7,1537.73,1537.7,1537.73,0.0,8.68,13269.45,1
2026-02-12,2026-02-12 14:52:00,1537.73,1537.77,1537.73,1537.77,0.0,8.68,13269.45,1
2026-02-12,2026-02-12 14:53:00,1537.77,1537.8,1537.77,1537.8,0.0,8.68,13269.45,1
2026-02-12,2026-02-12 14:54:00,1537.8,1537.83,1537.8,1537.83,0.0,8.68,13269.45,1
2026-02-12,2026-02-12 14:55:00,1537.83,1537.87,1537.83,1537.87,0.0,8.68,13269.45,1
2026-02-12,2026-02-12 14:56:00,1537.87,1537.9,1537.87,1537.9,0.0,8.68,13269.45,1
2026-02-12,2026-02-12 14:57:00,1537.9,1537.93,1537.9,1537.93,0.0,8.68,13269.45,1
2026-02-12,2026-02-12 14:58:00,1537.93,1537.97,1537.93,1537.97,0.0,8.68,13269.45,1
2026-02-12,2026-02-12 14:59:00,1537.97,1538.0,1537.97,1538.0,0.0,8.68,13269.45,1
2026-02-12,2026-02-12 15:00:00,1538.0,1560.0,1516.1,1538.0,0.0,8.68,13269.45,0
2026-02-16,2026-02-16 11:00:00,1520.0,1526.0,1516.28,1520.0,0.0,11.76,17827.69,0
2026-02-16,2026-02-16 11:01:00,1520.0,1520.0,1520.0,1520.0,0.0,11.76,17827.69,0
2026-02-16,2026-02-16 11:02:00,1520.0,1520.0,1520.0,1520.0,0.0,11.76,17827.69,0
2026-02-16,2026-02-16 11:03:00,1520.0,1520.0,1520.0,1520.0,0.0,11.76,17827.69,0
2026-02-16,2026-02-16 11:04:00,1520.0,1520.0,1520.0,1520.0,0.0,11.76,17827.69,0
2026-02-16,2026-02-16 11:05:00,1520.0,1520.0,1520.0,1520.0,0.0,11.76,17827.69,0
2026-02-16,2026-02-16 11:06:00,1520.0,1520.0,1520.0,1520.0,0.0,11.76,17827.69,0
2026-02-16,2026-02-16 11:07:00,1520.0,1520.0,1520.0,1520.0,0.0,11.76,17827.69,0
2026-02-16,2026-02-16 11:08:00,1520.0,1520.0,1520.0,1520.0,0.0,11.76,17827.69,0
2026-02-16,2026-02-16 11:09:00,1520.0,1520.0,1520.0,1520.0,0.0,11.76,17827.69,0
2026-02-16,2026-02-16 11:10:00,1520.0,1520.0,1520.0,1520.0,0.0,11.76,17827.69,0
2026-02-16,2026-02-16 11:11:00,1520.0,1520.0,1520.0,1520.0,0.0,11.76,17827.69,0
2026-02-16,2026-02-16 11:12:00,1520.0,1520.0,1520.0,1520.0,0.0,11.76,17827.69,0
2026-02-16,2026-02-16 11:13:00,1520.0,1520.0,1520.0,1520.0,0.0,11.76,17827.69,0
2026-02-16,2026-02-16 11:14:00,1520.0,1520.0,1520.0,1520.0,0.0,11.76,17827.69,0
2026-02-16,2026-02-16 11:15:00,1520.0,1520.0,1520.0,1520.0,0.0,11.76,17827.69,0
2026-02-16,2026-02-16 11:16:00,1520.0,1520.0,1520.0,1520.0,0.0,11.76,17827.69,0
2026-02-16,2026-02-16 11:17:00,1520.0,1520.0,1520.0,1520.0,0.0,11.76,17827.69,0
2026-02-16,2026-02-16 11:18:00,1520.0,1520.0,1520.0,1520.0,0.0,11.76,17827.69,0
2026-02-16,2026-02-16 11:19:00,1520.0,1520.0,1520.0,1520.0,0.0,11.76,17827.69,0
2026-02-16,2026-02-16 11:20:00,1520.0,1520.0,1520.0,1520.0,0.0,11.76,17827.69,0
2026-02-16,2026-02-16 11:21:00,1520.0,1520.0,1520.0,1520.0,0.0,11.76,17827.69,0
2026-02-16,2026-02-16 11:22:00,1520.0,1520.0,1520.0,1520.0,0.0,11.76,17827.69,0
2026-02-16,2026-02-16 11:23:00,1520.0,1520.0,1520.0,1520.0,0.0,11.76,17827.69,0
2026-02-16,2026-02-16 11:24:00,1520.0,1520.0,1520.0,1520.0,0.0,11.76,17827.69,0
2026-02-16,2026-02-16 11:25:00,1520.0,1520.0,1520.0,1520.0,0.0,11.76,17827.69,0
2026-02-16,2026-02-16 11:26:00,1520.0,1520.0,1520.0,1520.0,0.0,11.76,17827.69,0
2026-02-16,2026-02-16 11:27:00,1520.0,1520.0,1520.0,1520.0,0.0,11.76,17827.69,0
2026-02-16,2026-02-16 11:28:00,1520.0,1520.0,1520.0,1520.0,0.0,11.76,17827.69,0
2026-02-16,2026-02-16 11:29:00,1520.0,1520.0,1520.0,1520.0,0.0,11.76,17827.69,0
2026-02-16,2026-02-16 11:30:00,1520.0,1520.0,1520.0,1520.0,0.0,11.76,17827.69,0
2026-02-16,2026-02-16 11:31:00,1520.0,1520.0,1520.0,1520.0,0.0,11.76,17827.69,0
2026-02-16,2026-02-16 11:32:00,1520.0,1520.0,1520.0,1520.0,0.0,11.76,17827.69,0
2026-02-16,2026-02-16 11:33:00,1520.0,1520.0,1520.0,1520.0,0.0,11.76,17827.69,0
2026-02-16,2026-02-16 11:34:00,1520.0,1520.0,1520.0,1520.0,0.0,11.76,17827.69,0
2026-02-16,2026-02-16 11:35:00,1520.0,1520.0,1520.0,1520.0,0.0,11.76,17827.69,0
2026-02-16,2026-02-16 11:36:00,1520.0,1520.0,1520.0,1520.0,0.0,11.76,17827.69,0
2026-02-16,2026-02-16 11:37:00,1520.0,1520.0,1520.0,1520.0,0.0,11.76,17827.69,0
2026-02-16,2026-02-16 11:38:00,1520.0,1520.0,1520.0,1520.0,0.0,11.76,17827.69,0
2026-02-16,2026-02-16 11:39:00,1520.0,1520.0,1520.0,1520.0,0.0,11.76,17827.69,0
2026-02-16,2026-02-16 11:40:00,1520.0,1520.0,1520.0,1520.0,0.0,11.76,17827.69,0
2026-02-16,2026-02-16 11:41:00,1520.0,1520.0,1520.0,1520.0,0.0,11.76,17827.69,0
2026-02-16,2026-02-16 11:42:00,1520.0,1520.0,1520.0,1520.0,0.0,11.76,17827.69,0
2026-02-16,2026-02-16 11:43:00,1520.0,1520.0,1520.0,1520.0,0.0,11.76,17827.69,0
2026-02-16,2026-02-16 11:44:00,1520.0,1520.0,1520.0,1520.0,0.0,11.76,17827.69,0
2026-02-16,2026-02-16 11:45:00,1520.0,1520.0,1520.0,1520.0,0.0,11.76,17827.69,0
2026-02-16,2026-02-16 11:46:00,1520.0,1520.0,1520.0,1520.0,0.0,11.76,17827.69,0
2026-02-16,2026-02-16 11:47:00,1520.0,1520.0,1520.0,1520.0,0.0,11.76,17827.69,0
2026-02-16,2026-02-16 11:48:00,1520.0,1520.0,1520.0,1520.0,0.0,11.76,17827.69,0
2026-02-16,2026-02-16 11:49:00,1520.0,1520.0,1520.0,1520.0,0.0,11.76,17827.69,0
2026-02-16,2026-02-16 11:50:00,1520.0,1520.0,1520.0,1520.0,0.0,11.76,17827.69,0
2026-02-16,2026-02-16 11:51:00,1520.0,1520.0,1520.0,1520.0,0.0,11.76,17827.69,0
2026-02-16,2026-02-16 11:52:00,1520.0,1520.0,1520.0,1520.0,0.0,11.76,17827.69,0
2026-02-16,2026-02-16 11:53:00,1520.0,1520.0,1520.0,1520.0,0.0,11.76,17827.69,0
2026-02-16,2026-02-16 11:54:00,1520.0,1520.0,1520.0,1520.0,0.0,11.76,17827.69,0
2026-02-16,2026-02-16 11:55:00,1520.0,1520.0,1520.0,1520.0,0.0,11.76,17827.69,0
2026-02-16,2026-02-16 11:56:00,1520.0,1520.0,1520.0,1520.0,0.0,11.76,17827.69,0
2026-02-16,2026-02-16 11:57:00,1520.0,1520.0,1520.0,1520.0,0.0,11.76,17827.69,0
2026-02-16,2026-02-16 11:58:00,1520.0,1520.0,1520.0,1520.0,0.0,11.76,17827.69,0
2026-02-16,2026-02-16 11:59:00,1520.0,1520.0,1520.0,1520.0,0.0,11.76,17827.69,0
2026-02-16,2026-02-16 12:00:00,1520.0,1520.0,1520.0,1520.0,0.0,11.76,17827.69,0
2026-02-16,2026-02-16 12:01:00,1520.0,1520.0,1520.0,1520.0,0.0,11.76,17827.69,0
2026-02-16,2026-02-16 12:02:00,1520.0,1520.0,1520.0,1520.0,0.0,11.76,17827.69,0
2026-02-16,2026-02-16 12:03:00,1520.0,1520.0,1520.0,1520.0,0.0,11.76,17827.69,0
2026-02-16,2026-02-16 12:04:00,1520.0,1520.0,1520.0,1520.0,0.0,11.76,17827.69,0
2026-02-16,2026-02-16 12:05:00,1520.0,1520.0,1520.0,1520.0,0.0,11.76,17827.69,0
2026-02-16,2026-02-16 12:06:00,1520.0,1520.0,1520.0,1520.0,0.0,11.76,17827.69,0
2026-02-16,2026-02-16 12:07:00,1520.0,1520.0,1520.0,1520.0,0.0,11.76,17827.69,0
2026-02-16,2026-02-16 12:08:00,1520.0,1520.0,1520.0,1520.0,0.0,11.76,17827.69,0
2026-02-16,2026-02-16 12:09:00,1520.0,1520.0,1520.0,1520.0,0.0,11.76,17827.69,0
2026-02-16,2026-02-16 12:10:00,1520.0,1520.0,1520.0,1520.0,0.0,11.76,17827.69,0
2026-02-16,2026-02-16 12:11:00,1520.0,1520.0,1520.0,1520.0,0.0,11.76,17827.69,0
2026-02-16,2026-02-16 12:12:00,1520.0,1520.0,1520.0,1520.0,0.0,11.76,17827.69,0
2026-02-16,2026-02-16 12:13:00,1520.0,1520.0,1520.0,1520.0,0.0,11.76,17827.69,0
2026-02-16,2026-02-16 12:14:00,1520.0,1520.0,1520.0,1520.0,0.0,11.76,17827.69,0
2026-02-16,2026-02-16 12:15:00,1520.0,1520.0,1520.0,1520.0,0.0,11.76,17827.69,0
2026-02-16,2026-02-16 12:16:00,1520.0,1520.0,1520.0,1520.0,0.0,11.76,17827.69,0
2026-02-16,2026-02-16 12:17:00,1520.0,1520.0,1520.0,1520.0,0.0,11.76,17827.69,0
2026-02-16,2026-02-16 12:18:00,1520.0,1520.0,1520.0,1520.0,0.0,11.76,17827.69,0
2026-02-16,2026-02-16 12:19:00,1520.0,1520.0,1520.0,1520.0,0.0,11.76,17827.69,0
2026-02-16,2026-02-16 12:20:00,1520.0,1520.0,1520.0,1520.0,0.0,11.76,17827.69,0
2026-02-16,2026-02-16 12:21:00,1520.0,1520.0,1520.0,1520.0,0.0,11.76,17827.69,0
2026-02-16,2026-02-16 12:22:00,1520.0,1520.0,1520.0,1520.0,0.0,11.76,17827.69,0
2026-02-16,2026-02-16 12:23:00,1520.0,1520.0,1520.0,1520.0,0.0,11.76,17827.69,0
2026-02-16,2026-02-16 12:24:00,1520.0,1520.0,1520.0,1520.0,0.0,11.76,17827.69,0
2026-02-16,2026-02-16 12:25:00,1520.0,1520.0,1520.0,1520.0,0.0,11.76,17827.69,0
2026-02-16,2026-02-16 12:26:00,1520.0,1520.0,1520.0,1520.0,0.0,11.76,17827.69,0
2026-02-16,2026-02-16 12:27:00,1520.0,1520.0,1520.0,1520.0,0.0,11.76,17827.69,0
2026-02-16,2026-02-16 12:28:00,1520.0,1520.0,1520.0,1520.0,0.0,11.76,17827.69,0
2026-02-16,2026-02-16 12:29:00,1520.0,1520.0,1520.0,1520.0,0.0,11.76,17827.69,0
2026-02-16,2026-02-16 12:30:00,1520.0,1520.0,1520.0,1520.0,0.0,11.76,17827.69,0
2026-02-16,2026-02-16 12:31:00,1520.0,1520.0,1520.0,1520.0,0.0,11.76,17827.69,0
2026-02-16,2026-02-16 12:32:00,1520.0,1520.0,1520.0,1520.0,0.0,11.76,17827.69,0
2026-02-16,2026-02-16 12:33:00,1520.0,1520.0,1520.0,1520.0,0.0,11.76,17827.69,0
2026-02-16,2026-02-16 12:34:00,1520.0,1520.0,1520.0,1520.0,0.0,11.76,17827.69,0
2026-02-16,2026-02-16 12:35:00,1520.0,1520.0,1520.0,1520.0,0.0,11.76,17827.69,0
2026-02-16,2026-02-16 12:36:00,1520.0,1520.0,1520.0,1520.0,0.0,11.76,17827.69,0
2026-02-16,2026-02-16 12:37:00,1520.0,1520.0,1520.0,1520.0,0.0,11.76,17827.69,0
2026-02-16,2026-02-16 12:38:00,1520.0,1520.0,1520.0,1520.0,0.0,11.76,17827.69,0
2026-02-16,2026-02-16 12:39:00,1520.0,1520.0,1520.0,1520.0,0.0,11.76,17827.69,0
2026-02-16,2026-02-16 12:40:00,1520.0,1520.0,1520.0,1520.0,0.0,11.76,17827.69,0
2026-02-16,2026-02-16 12:41:00,1520.0,1520.0,1520.0,1520.0,0.0,11.76,17827.69,0
2026-02-16,2026-02-16 12:42:00,1520.0,1520.0,1520.0,1520.0,0.0,11.76,17827.69,0
2026-02-16,2026-02-16 12:43:00,1520.0,1520.0,1520.0,1520.0,0.0,11.76,17827.69,0
2026-02-16,2026-02-16 12:44:00,1520.0,1520.0,1520.0,1520.0,0.0,11.76,17827.69,0
2026-02-16,2026-02-16 12:45:00,1520.0,1520.0,1520.0,1520.0,0.0,11.76,17827.69,0
2026-02-16,2026-02-16 12:46:00,1520.0,1520.0,1520.0,1520.0,0.0,11.76,17827.69,0
2026-02-16,2026-02-16 12:47:00,1520.0,1520.0,1520.0,1520.0,0.0,11.76,17827.69,0
2026-02-16,2026-02-16 12:48:00,1520.0,1520.0,1520.0,1520.0,0.0,11.76,17827.69,0
2026-02-16,2026-02-16 12:49:00,1520.0,1520.0,1520.0,1520.0,0.0,11.76,17827.69,0
2026-02-16,2026-02-16 12:50:00,1520.0,1520.0,1520.0,1520.0,0.0,11.76,17827.69,0
2026-02-16,2026-02-16 12:51:00,1520.0,1520.0,1520.0,1520.0,0.0,11.76,17827.69,0
2026-02-16,2026-02-16 12:52:00,1520.0,1520.0,1520.0,1520.0,0.0,11.76,17827.69,0
2026-02-16,2026-02-16 12:53:00,1520.0,1520.0,1520.0,1520.0,0.0,11.76,17827.69,0
2026-02-16,2026-02-16 12:54:00,1520.0,1520.0,1520.0,1520.0,0.0,11.76,17827.69,0
2026-02-16,2026-02-16 12:55:00,1520.0,1520.0,1520.0,1520.0,0.0,11.76,17827.69,0
2026-02-16,2026-02-16 12:56:00,1520.0,1520.0,1520.0,1520.0,0.0,11.76,17827.69,0
2026-02-16,2026-02-16 12:57:00,1520.0,1520.0,1520.0,1520.0,0.0,11.76,17827.69,0
2026-02-16,2026-02-16 12:58:00,1520.0,1520.0,1520.0,1520.0,0.0,11.76,17827.69,0
2026-02-16,2026-02-16 12:59:00,1520.0,1520.0,1520.0,1520.0,0.0,11.76,17827.69,0
2026-02-16,2026-02-16 13:00:00,1520.0,1540.0,1507.6,1520.0,0.0,11.76,17827.69,0
2026-02-16,2026-02-16 13:01:00,1520.0,1520.0,1520.0,1520.0,0.0,11.76,17827.69,0
2026-02-16,2026-02-16 13:02:00,1520.0,1520.0,1520.0,1520.0,0.0,11.76,17827.69,0
2026-02-16,2026-02-16 13:03:00,1520.0,1520.0,1520.0,1520.0,0.0,11.76,17827.69,0
2026-02-16,2026-02-16 13:04:00,1520.0,1520.0,1520.0,1520.0,0.0,11.76,17827.69,0
2026-02-16,2026-02-16 13:05:00,1520.0,1520.0,1520.0,1520.0,0.0,11.76,17827.69,0
2026-02-16,2026-02-16 13:06:00,1520.0,1520.0,1520.0,1520.0,0.0,11.76,17827.69,0
2026-02-16,2026-02-16 13:07:00,1520.0,1520.0,1520.0,1520.0,0.0,11.76,17827.69,0
2026-02-16,2026-02-16 13:08:00,1520.0,1520.0,1520.0,1520.0,0.0,11.76,17827.69,0
2026-02-16,2026-02-16 13:09:00,1520.0,1520.0,1520.0,1520.0,0.0,11.76,17827.69,0
2026-02-16,2026-02-16 13:10:00,1520.0,1520.0,1520.0,1520.0,0.0,11.76,17827.69,0
2026-02-16,2026-02-16 13:11:00,1520.0,1520.0,1520.0,1520.0,0.0,11.76,17827.69,0
2026-02-16,2026-02-16 13:12:00,1520.0,1520.0,1520.0,1520.0,0.0,11.76,17827.69,0
2026-02-16,2026-02-16 13:13:00,1520.0,1520.0,1520.0,1520.0,0.0,11.76,17827.69,0
2026-02-16,2026-02-16 13:14:00,1520.0,1520.0,1520.0,1520.0,0.0,11.76,17827.69,0
2026-02-16,2026-02-16 13:15:00,1520.0,1520.0,1520.0,1520.0,0.0,11.76,17827.69,0
2026-02-16,2026-02-16 13:16:00,1520.0,1520.0,1520.0,1520.0,0.0,11.76,17827.69,0
2026-02-16,2026-02-16 13:17:00,1520.0,1520.0,1520.0,1520.0,0.0,11.76,17827.69,0
2026-02-16,2026-02-16 13:18:00,1520.0,1520.0,1520.0,1520.0,0.0,11.76,17827.69,0
2026-02-16,2026-02-16 13:19:00,1520.0,1520.0,1520.0,1520.0,0.0,11.76,17827.69,0
2026-02-16,2026-02-16 13:20:00,1520.0,1520.0,1520.0,1520.0,0.0,11.76,17827.69,0
2026-02-16,2026-02-16 13:21:00,1520.0,1520.0,1520.0,1520.0,0.0,11.76,17827.69,0
2026-02-16,2026-02-16 13:22:00,1520.0,1520.0,1520.0,1520.0,0.0,11.76,17827.69,0
2026-02-16,2026-02-16 13:23:00,1520.0,1520.0,1520.0,1520.0,0.0,11.76,17827.69,0
2026-02-16,2026-02-16 13:24:00,1520.0,1520.0,1520.0,1520.0,0.0,11.76,17827.69,0
2026-02-16,2026-02-16 13:25:00,1520.0,1520.0,1520.0,1520.0,0.0,11.76,17827.69,0
2026-02-16,2026-02-16 13:26:00,1520.0,1520.0,1520.0,1520.0,0.0,11.76,17827.69,0
2026-02-16,2026-02-16 13:27:00,1520.0,1520.0,1520.0,1520.0,0.0,11.76,17827.69,0
2026-02-16,2026-02-16 13:28:00,1520.0,1520.0,1520.0,1520.0,0.0,11.76,17827.69,0
2026-02-16,2026-02-16 13:29:00,1520.0,1520.0,1520.0,1520.0,0.0,11.76,17827.69,0
2026-02-16,2026-02-16 13:30:00,1520.0,1520.0,1520.0,1520.0,0.0,11.76,17827.69,0
2026-02-16,2026-02-16 13:31:00,1520.0,1520.0,1520.0,1520.0,0.0,11.76,17827.69,0
2026-02-16,2026-02-16 13:32:00,1520.0,1520.0,1520.0,1520.0,0.0,11.76,17827.69,0
2026-02-16,2026-02-16 13:33:00,1520.0,1520.0,1520.0,1520.0,0.0,11.76,17827.69,0
2026-02-16,2026-02-16 13:34:00,1520.0,1520.0,1520.0,1520.0,0.0,11.76,17827.69,0
2026-02-16,2026-02-16 13:35:00,1520.0,1520.0,1520.0,1520.0,0.0,11.76,17827.69,0
2026-02-16,2026-02-16 13:36:00,1520.0,1520.0,1520.0,1520.0,0.0,11.76,17827.69,0
2026-02-16,2026-02-16 13:37:00,1520.0,1520.0,1520.0,1520.0,0.0,11.76,17827.69,0
2026-02-16,2026-02-16 13:38:00,1520.0,1520.0,1520.0,1520.0,0.0,11.76,17827.69,0
2026-02-16,2026-02-16 13:39:00,1520.0,1520.0,1520.0,1520.0,0.0,11.76,17827.69,0
2026-02-16,2026-02-16 13:40:00,1520.0,1520.0,1520.0,1520.0,0.0,11.76,17827.69,0
2026-02-16,2026-02-16 13:41:00,1520.0,1520.0,1520.0,1520.0,0.0,11.76,17827.69,0
2026-02-16,2026-02-16 13:42:00,1520.0,1520.0,1520.0,1520.0,0.0,11.76,17827.69,0
2026-02-16,2026-02-16 13:43:00,1520.0,1520.0,1520.0,1520.0,0.0,11.76,17827.69,0
2026-02-16,2026-02-16 13:44:00,1520.0,1520.0,1520.0,1520.0,0.0,11.76,17827.69,0
2026-02-16,2026-02-16 13:45:00,1520.0,1520.0,1520.0,1520.0,0.0,11.76,17827.69,0
2026-02-16,2026-02-16 13:46:00,1520.0,1520.0,1520.0,1520.0,0.0,11.76,17827.69,0
2026-02-16,2026-02-16 13:47:00,1520.0,1520.0,1520.0,1520.0,0.0,11.76,17827.69,0
2026-02-16,2026-02-16 13:48:00,1520.0,1520.0,1520.0,1520.0,0.0,11.76,17827.69,0
2026-02-16,2026-02-16 13:49:00,1520.0,1520.0,1520.0,1520.0,0.0,11.76,17827.69,0
2026-02-16,2026-02-16 13:50:00,1520.0,1520.0,1520.0,1520.0,0.0,11.76,17827.69,0
2026-02-16,2026-02-16 13:51:00,1520.0,1520.0,1520.0,1520.0,0.0,11.76,17827.69,0
2026-02-16,2026-02-16 13:52:00,1520.0,1520.0,1520.0,1520.0,0.0,11.76,17827.69,0
2026-02-16,2026-02-16 13:53:00,1520.0,1520.0,1520.0,1520.0,0.0,11.76,17827.69,0
2026-02-16,2026-02-16 13:54:00,1520.0,1520.0,1520.0,1520.0,0.0,11.76,17827.69,0
2026-02-16,2026-02-16 13:55:00,1520.0,1520.0,1520.0,1520.0,0.0,11.76,17827.69,0
2026-02-16,2026-02-16 13:56:00,1520.0,1520.0,1520.0,1520.0,0.0,11.76,17827.69,0
2026-02-16,2026-02-16 13:57:00,1520.0,1520.0,1520.0,1520.0,0.0,11.76,17827.69,0
2026-02-16,2026-02-16 13:58:00,1520.0,1520.0,1520.0,1520.0,0.0,11.76,17827.69,0
2026-02-16,2026-02-16 13:59:00,1520.0,1520.0,1520.0,1520.0,0.0,11.76,17827.69,0
2026-02-16,2026-02-16 14:00:00,1520.0,1520.0,1520.0,1520.0,0.0,11.76,17827.69,0
2026-02-16,2026-02-16 14:01:00,1520.0,1520.0,1520.0,1520.0,0.0,11.76,17827.69,0
2026-02-16,2026-02-16 14:02:00,1520.0,1520.0,1520.0,1520.0,0.0,11.76,17827.69,0
2026-02-16,2026-02-16 14:03:00,1520.0,1520.0,1520.0,1520.0,0.0,11.76,17827.69,0
2026-02-16,2026-02-16 14:04:00,1520.0,1520.0,1520.0,1520.0,0.0,11.76,17827.69,0
2026-02-16,2026-02-16 14:05:00,1520.0,1520.0,1520.0,1520.0,0.0,11.76,17827.69,0
2026-02-16,2026-02-16 14:06:00,1520.0,1520.0,1520.0,1520.0,0.0,11.76,17827.69,0
2026-02-16,2026-02-16 14:07:00,1520.0,1520.0,1520.0,1520.0,0.0,11.76,17827.69,0
2026-02-16,2026-02-16 14:08:00,1520.0,1520.0,1520.0,1520.0,0.0,11.76,17827.69,0
2026-02-16,2026-02-16 14:09:00,1520.0,1520.0,1520.0,1520.0,0.0,11.76,17827.69,0
2026-02-16,2026-02-16 14:10:00,1520.0,1520.0,1520.0,1520.0,0.0,11.76,17827.69,0
2026-02-16,2026-02-16 14:11:00,1520.0,1520.0,1520.0,1520.0,0.0,11.76,17827.69,0
2026-02-16,2026-02-16 14:12:00,1520.0,1520.0,1520.0,1520.0,0.0,11.76,17827.69,0
2026-02-16,2026-02-16 14:13:00,1520.0,1520.0,1520.0,1520.0,0.0,11.76,17827.69,0
2026-02-16,2026-02-16 14:14:00,1520.0,1520.0,1520.0,1520.0,0.0,11.76,17827.69,0
2026-02-16,2026-02-16 14:15:00,1520.0,1520.0,1520.0,1520.0,0.0,11.76,17827.69,0
2026-02-16,2026-02-16 14:16:00,1520.0,1520.0,1520.0,1520.0,0.0,11.76,17827.69,0
2026-02-16,2026-02-16 14:17:00,1520.0,1520.0,1520.0,1520.0,0.0,11.76,17827.69,0
2026-02-16,2026-02-16 14:18:00,1520.0,1520.0,1520.0,1520.0,0.0,11.76,17827.69,0
2026-02-16,2026-02-16 14:19:00,1520.0,1520.0,1520.0,1520.0,0.0,11.76,17827.69,0
2026-02-16,2026-02-16 14:20:00,1520.0,1520.0,1520.0,1520.0,0.0,11.76,17827.69,0
2026-02-16,2026-02-16 14:21:00,1520.0,1520.0,1520.0,1520.0,0.0,11.76,17827.69,0
2026-02-16,2026-02-16 14:22:00,1520.0,1520.0,1520.0,1520.0,0.0,11.76,17827.69,0
2026-02-16,2026-02-16 14:23:00,1520.0,1520.0,1520.0,1520.0,0.0,11.76,17827.69,0
2026-02-16,2026-02-16 14:24:00,1520.0,1520.0,1520.0,1520.0,0.0,11.76,17827.69,0
2026-02-16,2026-02-16 14:25:00,1520.0,1520.0,1520.0,1520.0,0.0,11.76,17827.69,0
2026-02-16,2026-02-16 14:26:00,1520.0,1520.0,1520.0,1520.0,0.0,11.76,17827.69,0
2026-02-16,2026-02-16 14:27:00,1520.0,1520.0,1520.0,1520.0,0.0,11.76,17827.69,0
2026-02-16,2026-02-16 14:28:00,1520.0,1520.0,1520.0,1520.0,0.0,11.76,17827.69,0
2026-02-16,2026-02-16 14:29:00,1520.0,1520.0,1520.0,1520.0,0.0,11.76,17827.69,0
2026-02-16,2026-02-16 14:30:00,1520.0,1520.0,1520.0,1520.0,0.0,11.76,17827.69,0
2026-02-16,2026-02-16 14:31:00,1520.0,1520.0,1520.0,1520.0,0.0,11.76,17827.69,0
2026-02-16,2026-02-16 14:32:00,1520.0,1520.0,1520.0,1520.0,0.0,11.76,17827.69,0
2026-02-16,2026-02-16 14:33:00,1520.0,1520.0,1520.0,1520.0,0.0,11.76,17827.69,0
2026-02-16,2026-02-16 14:34:00,1520.0,1520.0,1520.0,1520.0,0.0,11.76,17827.69,0
2026-02-16,2026-02-16 14:35:00,1520.0,1520.0,1520.0,1520.0,0.0,11.76,17827.69,0
2026-02-16,2026-02-16 14:36:00,1520.0,1520.0,1520.0,1520.0,0.0,11.76,17827.69,0
2026-02-16,2026-02-16 14:37:00,1520.0,1520.0,1520.0,1520.0,0.0,11.76,17827.69,0
2026-02-16,2026-02-16 14:38:00,1520.0,1520.0,1520.0,1520.0,0.0,11.76,17827.69,0
2026-02-16,2026-02-16 14:39:00,1520.0,1520.0,1520.0,1520.0,0.0,11.76,17827.69,0
2026-02-16,2026-02-16 14:40:00,1520.0,1520.0,1520.0,1520.0,0.0,11.76,17827.69,0
2026-02-16,2026-02-16 14:41:00,1520.0,1520.0,1520.0,1520.0,0.0,11.76,17827.69,0
2026-02-16,2026-02-16 14:42:00,1520.0,1520.0,1520.0,1520.0,0.0,11.76,17827.69,0
2026-02-16,2026-02-16 14:43:00,1520.0,1520.0,1520.0,1520.0,0.0,11.76,17827.69,0
2026-02-16,2026-02-16 14:44:00,1520.0,1520.0,1520.0,1520.0,0.0,11.76,17827.69,0
2026-02-16,2026-02-16 14:45:00,1520.0,1520.0,1520.0,1520.0,0.0,11.76,17827.69,0
2026-02-16,2026-02-16 14:46:00,1520.0,1520.0,1520.0,1520.0,0.0,11.76,17827.69,0
2026-02-16,2026-02-16 14:47:00,1520.0,1520.0,1520.0,1520.0,0.0,11.76,17827.69,0
2026-02-16,2026-02-16 14:48:00,1520.0,1520.0,1520.0,1520.0,0.0,11.76,17827.69,0
2026-02-16,2026-02-16 14:49:00,1520.0,1520.0,1520.0,1520.0,0.0,11.76,17827.69,0
2026-02-16,2026-02-16 14:50:00,1520.0,1520.0,1520.0,1520.0,0.0,11.76,17827.69,0
2026-02-16,2026-02-16 14:51:00,1520.0,1520.0,1520.0,1520.0,0.0,11.76,17827.69,0
2026-02-16,2026-02-16 14:52:00,1520.0,1520.0,1520.0,1520.0,0.0,11.76,17827.69,0
2026-02-16,2026-02-16 14:53:00,1520.0,1520.0,1520.0,1520.0,0.0,11.76,17827.69,0
2026-02-16,2026-02-16 14:54:00,1520.0,1520.0,1520.0,1520.0,0.0,11.76,17827.69,0
2026-02-16,2026-02-16 14:55:00,1520.0,1520.0,1520.0,1520.0,0.0,11.76,17827.69,0
2026-02-16,2026-02-16 14:56:00,1520.0,1520.0,1520.0,1520.0,0.0,11.76,17827.69,0
2026-02-16,2026-02-16 14:57:00,1520.0,1520.0,1520.0,1520.0,0.0,11.76,17827.69,0
2026-02-16,2026-02-16 14:58:00,1520.0,1520.0,1520.0,1520.0,0.0,11.76,17827.69,0
2026-02-16,2026-02-16 14:59:00,1520.0,1520.0,1520.0,1520.0,0.0,11.76,17827.69,0
2026-02-16,2026-02-16 15:00:00,1520.0,1540.0,1507.6,1520.0,0.0,11.76,17827.69,0
2026-02-17,2026-02-17 11:00:00,1501.0,1535.65,1501.0,1501.17,0.01,78.49,123730.56,1
2026-02-17,2026-02-17 11:01:00,1501.17,1501.34,1501.17,1501.34,0.01,78.49,123730.56,1
2026-02-17,2026-02-17 11:02:00,1501.34,1501.51,1501.34,1501.51,0.01,78.49,123730.56,1
2026-02-17,2026-02-17 11:03:00,1501.51,1501.68,1501.51,1501.68,0.01,78.49,123730.56,1
2026-02-17,2026-02-17 11:04:00,1501.68,1501.85,1501.68,1501.85,0.01,78.49,123730.56,1
2026-02-17,2026-02-17 11:05:00,1501.85,1502.03,1501.85,1502.03,0.01,78.49,123730.56,1
2026-02-17,2026-02-17 11:06:00,1502.03,1502.2,1502.03,1502.2,0.01,78.49,123730.56,1
2026-02-17,2026-02-17 11:07:00,1502.2,1502.37,1502.2,1502.37,0.01,78.49,123730.56,1
2026-02-17,2026-02-17 11:08:00,1502.37,1502.54,1502.37,1502.54,0.01,78.49,123730.56,1
2026-02-17,2026-02-17 11:09:00,1502.54,1502.71,1502.54,1502.71,0.01,78.49,123730.56,1
2026-02-17,2026-02-17 11:10:00,1502.71,1502.88,1502.71,1502.88,0.01,78.49,123730.56,1
2026-02-17,2026-02-17 11:11:00,1502.88,1503.05,1502.88,1503.05,0.01,78.49,123730.56,1
2026-02-17,2026-02-17 11:12:00,1503.05,1503.22,1503.05,1503.22,0.01,78.49,123730.56,1
2026-02-17,2026-02-17 11:13:00,1503.22,1503.39,1503.22,1503.39,0.01,78.49,123730.56,1
2026-02-17,2026-02-17 11:14:00,1503.39,1503.56,1503.39,1503.56,0.01,78.49,123730.56,1
2026-02-17,2026-02-17 11:15:00,1503.56,1503.73,1503.56,1503.73,0.01,78.49,123730.56,1
2026-02-17,2026-02-17 11:16:00,1503.73,1503.9,1503.73,1503.9,0.01,78.49,123730.56,1
2026-02-17,2026-02-17 11:17:00,1503.9,1504.08,1503.9,1504.08,0.01,78.49,123730.56,1
2026-02-17,2026-02-17 11:18:00,1504.08,1504.25,1504.08,1504.25,0.01,78.49,123730.56,1
2026-02-17,2026-02-17 11:19:00,1504.25,1504.42,1504.25,1504.42,0.01,78.49,123730.56,1
2026-02-17,2026-02-17 11:20:00,1504.42,1504.59,1504.42,1504.59,0.01,78.49,123730.56,1
2026-02-17,2026-02-17 11:21:00,1504.59,1504.76,1504.59,1504.76,0.01,78.49,123730.56,1
2026-02-17,2026-02-17 11:22:00,1504.76,1504.93,1504.76,1504.93,0.01,78.49,123730.56,1
2026-02-17,2026-02-17 11:23:00,1504.93,1505.1,1504.93,1505.1,0.01,78.49,123730.56,1
2026-02-17,2026-02-17 11:24:00,1505.1,1505.27,1505.1,1505.27,0.01,78.49,123730.56,1
2026-02-17,2026-02-17 11:25:00,1505.27,1505.44,1505.27,1505.44,0.01,78.49,123730.56,1
2026-02-17,2026-02-17 11:26:00,1505.44,1505.61,1505.44,1505.61,0.01,78.49,123730.56,1
2026-02-17,2026-02-17 11:27:00,1505.61,1505.78,1505.61,1505.78,0.01,78.49,123730.56,1
2026-02-17,2026-02-17 11:28:00,1505.78,1505.95,1505.78,1505.95,0.01,78.49,123730.56,1
2026-02-17,2026-02-17 11:29:00,1505.95,1506.12,1505.95,1506.12,0.01,78.49,123730.56,1
2026-02-17,2026-02-17 11:30:00,1506.12,1506.3,1506.12,1506.3,0.01,78.49,123730.56,1
2026-02-17,2026-02-17 11:31:00,1506.3,1506.47,1506.3,1506.47,0.01,78.49,123730.56,1
2026-02-17,2026-02-17 11:32:00,1506.47,1506.64,1506.47,1506.64,0.01,78.49,123730.56,1
2026-02-17,2026-02-17 11:33:00,1506.64,1506.81,1506.64,1506.81,0.01,78.49,123730.56,1
2026-02-17,2026-02-17 11:34:00,1506.81,1506.98,1506.81,1506.98,0.01,78.49,123730.56,1
2026-02-17,2026-02-17 11:35:00,1506.98,1507.15,1506.98,1507.15,0.01,78.49,123730.56,1
2026-02-17,2026-02-17 11:36:00,1507.15,1507.32,1507.15,1507.32,0.01,78.49,123730.56,1
2026-02-17,2026-02-17 11:37:00,1507.32,1507.49,1507.32,1507.49,0.01,78.49,123730.56,1
2026-02-17,2026-02-17 11:38:00,1507.49,1507.66,1507.49,1507.66,0.01,78.49,123730.56,1
2026-02-17,2026-02-17 11:39:00,1507.66,1507.83,1507.66,1507.83,0.01,78.49,123730.56,1
2026-02-17,2026-02-17 11:40:00,1507.83,1508.0,1507.83,1508.0,0.01,78.49,123730.56,1
2026-02-17,2026-02-17 11:41:00,1508.0,1508.17,1508.0,1508.17,0.01,78.49,123730.56,1
2026-02-17,2026-02-17 11:42:00,1508.17,1508.35,1508.17,1508.35,0.01,78.49,123730.56,1
2026-02-17,2026-02-17 11:43:00,1508.35,1508.52,1508.35,1508.52,0.01,78.49,123730.56,1
2026-02-17,2026-02-17 11:44:00,1508.52,1508.69,1508.52,1508.69,0.01,78.49,123730.56,1
2026-02-17,2026-02-17 11:45:00,1508.69,1508.86,1508.69,1508.86,0.01,78.49,123730.56,1
2026-02-17,2026-02-17 11:46:00,1508.86,1509.03,1508.86,1509.03,0.01,78.49,123730.56,1
2026-02-17,2026-02-17 11:47:00,1509.03,1509.2,1509.03,1509.2,0.01,78.49,123730.56,1
2026-02-17,2026-02-17 11:48:00,1509.2,1509.37,1509.2,1509.37,0.01,78.49,123730.56,1
2026-02-17,2026-02-17 11:49:00,1509.37,1509.54,1509.37,1509.54,0.01,78.49,123730.56,1
2026-02-17,2026-02-17 11:50:00,1509.54,1509.71,1509.54,1509.71,0.01,78.49,123730.56,1
2026-02-17,2026-02-17 11:51:00,1509.71,1509.88,1509.71,1509.88,0.01,78.49,123730.56,1
2026-02-17,2026-02-17 11:52:00,1509.88,1510.05,1509.88,1510.05,0.01,78.49,123730.56,1
2026-02-17,2026-02-17 11:53:00,1510.05,1510.22,1510.05,1510.22,0.01,78.49,123730.56,1
2026-02-17,2026-02-17 11:54:00,1510.22,1510.4,1510.22,1510.4,0.01,78.49,123730.56,1
2026-02-17,2026-02-17 11:55:00,1510.4,1510.57,1510.4,1510.57,0.01,78.49,123730.56,1
2026-02-17,2026-02-17 11:56:00,1510.57,1510.74,1510.57,1510.74,0.01,78.49,123730.56,1
2026-02-17,2026-02-17 11:57:00,1510.74,1510.91,1510.74,1510.91,0.01,78.49,123730.56,1
2026-02-17,2026-02-17 11:58:00,1510.91,1511.08,1510.91,1511.08,0.01,78.49,123730.56,1
2026-02-17,2026-02-17 11:59:00,1511.08,1511.25,1511.08,1511.25,0.01,78.49,123730.56,1
2026-02-17,2026-02-17 12:00:00,1511.25,1511.42,1511.25,1511.42,0.01,78.49,123730.56,1
2026-02-17,2026-02-17 12:01:00,1511.42,1511.59,1511.42,1511.59,0.01,78.49,123730.56,1
2026-02-17,2026-02-17 12:02:00,1511.59,1511.76,1511.59,1511.76,0.01,78.49,123730.56,1
2026-02-17,2026-02-17 12:03:00,1511.76,1511.93,1511.76,1511.93,0.01,78.49,123730.56,1
2026-02-17,2026-02-17 12:04:00,1511.93,1512.1,1511.93,1512.1,0.01,78.49,123730.56,1
2026-02-17,2026-02-17 12:05:00,1512.1,1512.28,1512.1,1512.28,0.01,78.49,123730.56,1
2026-02-17,2026-02-17 12:06:00,1512.28,1512.45,1512.28,1512.45,0.01,78.49,123730.56,1
2026-02-17,2026-02-17 12:07:00,1512.45,1512.62,1512.45,1512.62,0.01,78.49,123730.56,1
2026-02-17,2026-02-17 12:08:00,1512.62,1512.79,1512.62,1512.79,0.01,78.49,123730.56,1
2026-02-17,2026-02-17 12:09:00,1512.79,1512.96,1512.79,1512.96,0.01,78.49,123730.56,1
2026-02-17,2026-02-17 12:10:00,1512.96,1513.13,1512.96,1513.13,0.01,78.49,123730.56,1
2026-02-17,2026-02-17 12:11:00,1513.13,1513.3,1513.13,1513.3,0.01,78.49,123730.56,1
2026-02-17,2026-02-17 12:12:00,1513.3,1513.47,1513.3,1513.47,0.01,78.49,123730.56,1
2026-02-17,2026-02-17 12:13:00,1513.47,1513.64,1513.47,1513.64,0.01,78.49,123730.56,1
2026-02-17,2026-02-17 12:14:00,1513.64,1513.81,1513.64,1513.81,0.01,78.49,123730.56,1
2026-02-17,2026-02-17 12:15:00,1513.81,1513.98,1513.81,1513.98,0.01,78.49,123730.56,1
2026-02-17,2026-02-17 12:16:00,1513.98,1514.15,1513.98,1514.15,0.01,78.49,123730.56,1
2026-02-17,2026-02-17 12:17:00,1514.15,1514.33,1514.15,1514.33,0.01,78.49,123730.56,1
2026-02-17,2026-02-17 12:18:00,1514.33,1514.5,1514.33,1514.5,0.01,78.49,123730.56,1
2026-02-17,2026-02-17 12:19:00,1514.5,1514.67,1514.5,1514.67,0.01,78.49,123730.56,1
2026-02-17,2026-02-17 12:20:00,1514.67,1514.84,1514.67,1514.84,0.01,78.49,123730.56,1
2026-02-17,2026-02-17 12:21:00,1514.84,1515.01,1514.84,1515.01,0.01,78.49,123730.56,1
2026-02-17,2026-02-17 12:22:00,1515.01,1515.18,1515.01,1515.18,0.01,78.49,123730.56,1
2026-02-17,2026-02-17 12:23:00,1515.18,1515.35,1515.18,1515.35,0.01,78.49,123730.56,1
2026-02-17,2026-02-17 12:24:00,1515.35,1515.52,1515.35,1515.52,0.01,78.49,123730.56,1
2026-02-17,2026-02-17 12:25:00,1515.52,1515.69,1515.52,1515.69,0.01,78.49,123730.56,1
2026-02-17,2026-02-17 12:26:00,1515.69,1515.86,1515.69,1515.86,0.01,78.49,123730.56,1
2026-02-17,2026-02-17 12:27:00,1515.86,1516.03,1515.86,1516.03,0.01,78.49,123730.56,1
2026-02-17,2026-02-17 12:28:00,1516.03,1516.2,1516.03,1516.2,0.01,78.49,123730.56,1
2026-02-17,2026-02-17 12:29:00,1516.2,1516.38,1516.2,1516.38,0.01,78.49,123730.56,1
2026-02-17,2026-02-17 12:30:00,1516.38,1516.55,1516.38,1516.55,0.01,78.49,123730.56,1
2026-02-17,2026-02-17 12:31:00,1516.55,1516.72,1516.55,1516.72,0.01,78.49,123730.56,1
2026-02-17,2026-02-17 12:32:00,1516.72,1516.89,1516.72,1516.89,0.01,78.49,123730.56,1
2026-02-17,2026-02-17 12:33:00,1516.89,1517.06,1516.89,1517.06,0.01,78.49,123730.56,1
2026-02-17,2026-02-17 12:34:00,1517.06,1517.23,1517.06,1517.23,0.01,78.49,123730.56,1
2026-02-17,2026-02-17 12:35:00,1517.23,1517.4,1517.23,1517.4,0.01,78.49,123730.56,1
2026-02-17,2026-02-17 12:36:00,1517.4,1517.57,1517.4,1517.57,0.01,78.49,123730.56,1
2026-02-17,2026-02-17 12:37:00,1517.57,1517.74,1517.57,1517.74,0.01,78.49,123730.56,1
2026-02-17,2026-02-17 12:38:00,1517.74,1517.91,1517.74,1517.91,0.01,78.49,123730.56,1
2026-02-17,2026-02-17 12:39:00,1517.91,1518.08,1517.91,1518.08,0.01,78.49,123730.56,1
2026-02-17,2026-02-17 12:40:00,1518.08,1518.25,1518.08,1518.25,0.01,78.49,123730.56,1
2026-02-17,2026-02-17 12:41:00,1518.25,1518.42,1518.25,1518.42,0.01,78.49,123730.56,1
2026-02-17,2026-02-17 12:42:00,1518.42,1518.6,1518.42,1518.6,0.01,78.49,123730.56,1
2026-02-17,2026-02-17 12:43:00,1518.6,1518.77,1518.6,1518.77,0.01,78.49,123730.56,1
2026-02-17,2026-02-17 12:44:00,1518.77,1518.94,1518.77,1518.94,0.01,78.49,123730.56,1
2026-02-17,2026-02-17 12:45:00,1518.94,1519.11,1518.94,1519.11,0.01,78.49,123730.56,1
2026-02-17,2026-02-17 12:46:00,1519.11,1519.28,1519.11,1519.28,0.01,78.49,123730.56,1
2026-02-17,2026-02-17 12:47:00,1519.28,1519.45,1519.28,1519.45,0.01,78.49,123730.56,1
2026-02-17,2026-02-17 12:48:00,1519.45,1519.62,1519.45,1519.62,0.01,78.49,123730.56,1
2026-02-17,2026-02-17 12:49:00,1519.62,1519.79,1519.62,1519.79,0.01,78.49,123730.56,1
2026-02-17,2026-02-17 12:50:00,1519.79,1519.96,1519.79,1519.96,0.01,78.49,123730.56,1
2026-02-17,2026-02-17 12:51:00,1519.96,1520.13,1519.96,1520.13,0.01,78.49,123730.56,1
2026-02-17,2026-02-17 12:52:00,1520.13,1520.3,1520.13,1520.3,0.01,78.49,123730.56,1
2026-02-17,2026-02-17 12:53:00,1520.3,1520.47,1520.3,1520.47,0.01,78.49,123730.56,1
2026-02-17,2026-02-17 12:54:00,1520.47,1520.65,1520.47,1520.65,0.01,78.49,123730.56,1
2026-02-17,2026-02-17 12:55:00,1520.65,1520.82,1520.65,1520.82,0.01,78.49,123730.56,1
2026-02-17,2026-02-17 12:56:00,1520.82,1520.99,1520.82,1520.99,0.01,78.49,123730.56,1
2026-02-17,2026-02-17 12:57:00,1520.99,1521.16,1520.99,1521.16,0.01,78.49,123730.56,1
2026-02-17,2026-02-17 12:58:00,1521.16,1521.33,1521.16,1521.33,0.01,78.49,123730.56,1
2026-02-17,2026-02-17 12:59:00,1521.33,1521.5,1521.33,1521.5,0.01,78.49,123730.56,1
2026-02-17,2026-02-17 13:00:00,1521.5,1616.5,1501.0,1521.67,0.01,78.49,123730.56,1
2026-02-17,2026-02-17 13:01:00,1521.67,1521.84,1521.67,1521.84,0.01,78.49,123730.56,1
2026-02-17,2026-02-17 13:02:00,1521.84,1522.01,1521.84,1522.01,0.01,78.49,123730.56,1
2026-02-17,2026-02-17 13:03:00,1522.01,1522.18,1522.01,1522.18,0.01,78.49,123730.56,1
2026-02-17,2026-02-17 13:04:00,1522.18,1522.35,1522.18,1522.35,0.01,78.49,123730.56,1
2026-02-17,2026-02-17 13:05:00,1522.35,1522.53,1522.35,1522.53,0.01,78.49,123730.56,1
2026-02-17,2026-02-17 13:06:00,1522.53,1522.7,1522.53,1522.7,0.01,78.49,123730.56,1
2026-02-17,2026-02-17 13:07:00,1522.7,1522.87,1522.7,1522.87,0.01,78.49,123730.56,1
2026-02-17,2026-02-17 13:08:00,1522.87,1523.04,1522.87,1523.04,0.01,78.49,123730.56,1
2026-02-17,2026-02-17 13:09:00,1523.04,1523.21,1523.04,1523.21,0.01,78.49,123730.56,1
2026-02-17,2026-02-17 13:10:00,1523.21,1523.38,1523.21,1523.38,0.01,78.49,123730.56,1
2026-02-17,2026-02-17 13:11:00,1523.38,1523.55,1523.38,1523.55,0.01,78.49,123730.56,1
2026-02-17,2026-02-17 13:12:00,1523.55,1523.72,1523.55,1523.72,0.01,78.49,123730.56,1
2026-02-17,2026-02-17 13:13:00,1523.72,1523.89,1523.72,1523.89,0.01,78.49,123730.56,1
2026-02-17,2026-02-17 13:14:00,1523.89,1524.06,1523.89,1524.06,0.01,78.49,123730.56,1
2026-02-17,2026-02-17 13:15:00,1524.06,1524.23,1524.06,1524.23,0.01,78.49,123730.56,1
2026-02-17,2026-02-17 13:16:00,1524.23,1524.4,1524.23,1524.4,0.01,78.49,123730.56,1
2026-02-17,2026-02-17 13:17:00,1524.4,1524.58,1524.4,1524.58,0.01,78.49,123730.56,1
2026-02-17,2026-02-17 13:18:00,1524.58,1524.75,1524.58,1524.75,0.01,78.49,123730.56,1
2026-02-17,2026-02-17 13:19:00,1524.75,1524.92,1524.75,1524.92,0.01,78.49,123730.56,1
2026-02-17,2026-02-17 13:20:00,1524.92,1525.09,1524.92,1525.09,0.01,78.49,123730.56,1
2026-02-17,2026-02-17 13:21:00,1525.09,1525.26,1525.09,1525.26,0.01,78.49,123730.56,1
2026-02-17,2026-02-17 13:22:00,1525.26,1525.43,1525.26,1525.43,0.01,78.49,123730.56,1
2026-02-17,2026-02-17 13:23:00,1525.43,1525.6,1525.43,1525.6,0.01,78.49,123730.56,1
2026-02-17,2026-02-17 13:24:00,1525.6,1525.77,1525.6,1525.77,0.01,78.49,123730.56,1
2026-02-17,2026-02-17 13:25:00,1525.77,1525.94,1525.77,1525.94,0.01,78.49,123730.56,1
2026-02-17,2026-02-17 13:26:00,1525.94,1526.11,1525.94,1526.11,0.01,78.49,123730.56,1
2026-02-17,2026-02-17 13:27:00,1526.11,1526.28,1526.11,1526.28,0.01,78.49,123730.56,1
2026-02-17,2026-02-17 13:28:00,1526.28,1526.45,1526.28,1526.45,0.01,78.49,123730.56,1
2026-02-17,2026-02-17 13:29:00,1526.45,1526.62,1526.45,1526.62,0.01,78.49,123730.56,1
2026-02-17,2026-02-17 13:30:00,1526.62,1526.8,1526.62,1526.8,0.01,78.49,123730.56,1
2026-02-17,2026-02-17 13:31:00,1526.8,1526.97,1526.8,1526.97,0.01,78.49,123730.56,1
2026-02-17,2026-02-17 13:32:00,1526.97,1527.14,1526.97,1527.14,0.01,78.49,123730.56,1
2026-02-17,2026-02-17 13:33:00,1527.14,1527.31,1527.14,1527.31,0.01,78.49,123730.56,1
2026-02-17,2026-02-17 13:34:00,1527.31,1527.48,1527.31,1527.48,0.01,78.49,123730.56,1
2026-02-17,2026-02-17 13:35:00,1527.48,1527.65,1527.48,1527.65,0.01,78.49,123730.56,1
2026-02-17,2026-02-17 13:36:00,1527.65,1527.82,1527.65,1527.82,0.01,78.49,123730.56,1
2026-02-17,2026-02-17 13:37:00,1527.82,1527.99,1527.82,1527.99,0.01,78.49,123730.56,1
2026-02-17,2026-02-17 13:38:00,1527.99,1528.16,1527.99,1528.16,0.01,78.49,123730.56,1
2026-02-17,2026-02-17 13:39:00,1528.16,1528.33,1528.16,1528.33,0.01,78.49,123730.56,1
2026-02-17,2026-02-17 13:40:00,1528.33,1528.5,1528.33,1528.5,0.01,78.49,123730.56,1
2026-02-17,2026-02-17 13:41:00,1528.5,1528.67,1528.5,1528.67,0.01,78.49,123730.56,1
2026-02-17,2026-02-17 13:42:00,1528.67,1528.85,1528.67,1528.85,0.01,78.49,123730.56,1
2026-02-17,2026-02-17 13:43:00,1528.85,1529.02,1528.85,1529.02,0.01,78.49,123730.56,1
2026-02-17,2026-02-17 13:44:00,1529.02,1529.19,1529.02,1529.19,0.01,78.49,123730.56,1
2026-02-17,2026-02-17 13:45:00,1529.19,1529.36,1529.19,1529.36,0.01,78.49,123730.56,1
2026-02-17,2026-02-17 13:46:00,1529.36,1529.53,1529.36,1529.53,0.01,78.49,123730.56,1
2026-02-17,2026-02-17 13:47:00,1529.53,1529.7,1529.53,1529.7,0.01,78.49,123730.56,1
2026-02-17,2026-02-17 13:48:00,1529.7,1529.87,1529.7,1529.87,0.01,78.49,123730.56,1
2026-02-17,2026-02-17 13:49:00,1529.87,1530.04,1529.87,1530.04,0.01,78.49,123730.56,1
2026-02-17,2026-02-17 13:50:00,1530.04,1530.21,1530.04,1530.21,0.01,78.49,123730.56,1
2026-02-17,2026-02-17 13:51:00,1530.21,1530.38,1530.21,1530.38,0.01,78.49,123730.56,1
2026-02-17,2026-02-17 13:52:00,1530.38,1530.55,1530.38,1530.55,0.01,78.49,123730.56,1
2026-02-17,2026-02-17 13:53:00,1530.55,1530.72,1530.55,1530.72,0.01,78.49,123730.56,1
2026-02-17,2026-02-17 13:54:00,1530.72,1530.9,1530.72,1530.9,0.01,78.49,123730.56,1
2026-02-17,2026-02-17 13:55:00,1530.9,1531.07,1530.9,1531.07,0.01,78.49,123730.56,1
2026-02-17,2026-02-17 13:56:00,1531.07,1531.24,1531.07,1531.24,0.01,78.49,123730.56,1
2026-02-17,2026-02-17 13:57:00,1531.24,1531.41,1531.24,1531.41,0.01,78.49,123730.56,1
2026-02-17,2026-02-17 13:58:00,1531.41,1531.58,1531.41,1531.58,0.01,78.49,123730.56,1
2026-02-17,2026-02-17 13:59:00,1531.58,1531.75,1531.58,1531.75,0.01,78.49,123730.56,1
2026-02-17,2026-02-17 14:00:00,1531.75,1531.92,1531.75,1531.92,0.01,78.49,123730.56,1
2026-02-17,2026-02-17 14:01:00,1531.92,1532.09,1531.92,1532.09,0.01,78.49,123730.56,1
2026-02-17,2026-02-17 14:02:00,1532.09,1532.26,1532.09,1532.26,0.01,78.49,123730.56,1
2026-02-17,2026-02-17 14:03:00,1532.26,1532.43,1532.26,1532.43,0.01,78.49,123730.56,1
2026-02-17,2026-02-17 14:04:00,1532.43,1532.6,1532.43,1532.6,0.01,78.49,123730.56,1
2026-02-17,2026-02-17 14:05:00,1532.6,1532.78,1532.6,1532.78,0.01,78.49,123730.56,1
2026-02-17,2026-02-17 14:06:00,1532.78,1532.95,1532.78,1532.95,0.01,78.49,123730.56,1
2026-02-17,2026-02-17 14:07:00,1532.95,1533.12,1532.95,1533.12,0.01,78.49,123730.56,1
2026-02-17,2026-02-17 14:08:00,1533.12,1533.29,1533.12,1533.29,0.01,78.49,123730.56,1
2026-02-17,2026-02-17 14:09:00,1533.29,1533.46,1533.29,1533.46,0.01,78.49,123730.56,1
2026-02-17,2026-02-17 14:10:00,1533.46,1533.63,1533.46,1533.63,0.01,78.49,123730.56,1
2026-02-17,2026-02-17 14:11:00,1533.63,1533.8,1533.63,1533.8,0.01,78.49,123730.56,1
2026-02-17,2026-02-17 14:12:00,1533.8,1533.97,1533.8,1533.97,0.01,78.49,123730.56,1
2026-02-17,2026-02-17 14:13:00,1533.97,1534.14,1533.97,1534.14,0.01,78.49,123730.56,1
2026-02-17,2026-02-17 14:14:00,1534.14,1534.31,1534.14,1534.31,0.01,78.49,123730.56,1
2026-02-17,2026-02-17 14:15:00,1534.31,1534.48,1534.31,1534.48,0.01,78.49,123730.56,1
2026-02-17,2026-02-17 14:16:00,1534.48,1534.65,1534.48,1534.65,0.01,78.49,123730.56,1
2026-02-17,2026-02-17 14:17:00,1534.65,1534.83,1534.65,1534.83,0.01,78.49,123730.56,1
2026-02-17,2026-02-17 14:18:00,1534.83,1535.0,1534.83,1535.0,0.01,78.49,123730.56,1
2026-02-17,2026-02-17 14:19:00,1535.0,1535.17,1535.0,1535.17,0.01,78.49,123730.56,1
2026-02-17,2026-02-17 14:20:00,1535.17,1535.34,1535.17,1535.34,0.01,78.49,123730.56,1
2026-02-17,2026-02-17 14:21:00,1535.34,1535.51,1535.34,1535.51,0.01,78.49,123730.56,1
2026-02-17,2026-02-17 14:22:00,1535.51,1535.68,1535.51,1535.68,0.01,78.49,123730.56,1
2026-02-17,2026-02-17 14:23:00,1535.68,1535.85,1535.68,1535.85,0.01,78.49,123730.56,1
2026-02-17,2026-02-17 14:24:00,1535.85,1536.02,1535.85,1536.02,0.01,78.49,123730.56,1
2026-02-17,2026-02-17 14:25:00,1536.02,1536.19,1536.02,1536.19,0.01,78.49,123730.56,1
2026-02-17,2026-02-17 14:26:00,1536.19,1536.36,1536.19,1536.36,0.01,78.49,123730.56,1
2026-02-17,2026-02-17 14:27:00,1536.36,1536.53,1536.36,1536.53,0.01,78.49,123730.56,1
2026-02-17,2026-02-17 14:28:00,1536.53,1536.7,1536.53,1536.7,0.01,78.49,123730.56,1
2026-02-17,2026-02-17 14:29:00,1536.7,1536.88,1536.7,1536.88,0.01,78.49,123730.56,1
2026-02-17,2026-02-17 14:30:00,1536.88,1537.05,1536.88,1537.05,0.01,78.49,123730.56,1
2026-02-17,2026-02-17 14:31:00,1537.05,1537.22,1537.05,1537.22,0.01,78.49,123730.56,1
2026-02-17,2026-02-17 14:32:00,1537.22,1537.39,1537.22,1537.39,0.01,78.49,123730.56,1
2026-02-17,2026-02-17 14:33:00,1537.39,1537.56,1537.39,1537.56,0.01,78.49,123730.56,1
2026-02-17,2026-02-17 14:34:00,1537.56,1537.73,1537.56,1537.73,0.01,78.49,123730.56,1
2026-02-17,2026-02-17 14:35:00,1537.73,1537.9,1537.73,1537.9,0.01,78.49,123730.56,1
2026-02-17,2026-02-17 14:36:00,1537.9,1538.07,1537.9,1538.07,0.01,78.49,123730.56,1
2026-02-17,2026-02-17 14:37:00,1538.07,1538.24,1538.07,1538.24,0.01,78.49,123730.56,1
2026-02-17,2026-02-17 14:38:00,1538.24,1538.41,1538.24,1538.41,0.01,78.49,123730.56,1
2026-02-17,2026-02-17 14:39:00,1538.41,1538.58,1538.41,1538.58,0.01,78.49,123730.56,1
2026-02-17,2026-02-17 14:40:00,1538.58,1538.75,1538.58,1538.75,0.01,78.49,123730.56,1
2026-02-17,2026-02-17 14:41:00,1538.75,1538.92,1538.75,1538.92,0.01,78.49,123730.56,1
2026-02-17,2026-02-17 14:42:00,1538.92,1539.1,1538.92,1539.1,0.01,78.49,123730.56,1
2026-02-17,2026-02-17 14:43:00,1539.1,1539.27,1539.1,1539.27,0.01,78.49,123730.56,1
2026-02-17,2026-02-17 14:44:00,1539.27,1539.44,1539.27,1539.44,0.01,78.49,123730.56,1
2026-02-17,2026-02-17 14:45:00,1539.44,1539.61,1539.44,1539.61,0.01,78.49,123730.56,1
2026-02-17,2026-02-17 14:46:00,1539.61,1539.78,1539.61,1539.78,0.01,78.49,123730.56,1
2026-02-17,2026-02-17 14:47:00,1539.78,1539.95,1539.78,1539.95,0.01,78.49,123730.56,1
2026-02-17,2026-02-17 14:48:00,1539.95,1540.12,1539.95,1540.12,0.01,78.49,123730.56,1
2026-02-17,2026-02-17 14:49:00,1540.12,1540.29,1540.12,1540.29,0.01,78.49,123730.56,1
2026-02-17,2026-02-17 14:50:00,1540.29,1540.46,1540.29,1540.46,0.01,78.49,123730.56,1
2026-02-17,2026-02-17 14:51:00,1540.46,1540.63,1540.46,1540.63,0.01,78.49,123730.56,1
2026-02-17,2026-02-17 14:52:00,1540.63,1540.8,1540.63,1540.8,0.01,78.49,123730.56,1
2026-02-17,2026-02-17 14:53:00,1540.8,1540.97,1540.8,1540.97,0.01,78.49,123730.56,1
2026-02-17,2026-02-17 14:54:00,1540.97,1541.15,1540.97,1541.15,0.01,78.49,123730.56,1
2026-02-17,2026-02-17 14:55:00,1541.15,1541.32,1541.15,1541.32,0.01,78.49,123730.56,1
2026-02-17,2026-02-17 14:56:00,1541.32,1541.49,1541.32,1541.49,0.01,78.49,123730.56,1
2026-02-17,2026-02-17 14:57:00,1541.49,1541.66,1541.49,1541.66,0.01,78.49,123730.56,1
2026-02-17,2026-02-17 14:58:00,1541.66,1541.83,1541.66,1541.83,0.01,78.49,123730.56,1
2026-02-17,2026-02-17 14:59:00,1541.83,1542.0,1541.83,1542.0,0.01,78.49,123730.56,1
2026-02-17,2026-02-17 15:00:00,1542.0,1616.5,1501.0,1542.0,0.0,78.49,123730.56,0
2026-02-22,2026-02-22 11:00:00,1572.0,1580.25,1562.4,1571.97,-0.0,11.73,18266.5,-1
2026-02-22,2026-02-22 11:01:00,1571.97,1571.97,1571.93,1571.93,-0.0,11.73,18266.5,-1
2026-02-22,2026-02-22 11:02:00,1571.93,1571.93,1571.9,1571.9,-0.0,11.73,18266.5,-1
2026-02-22,2026-02-22 11:03:00,1571.9,1571.9,1571.87,1571.87,-0.0,11.73,18266.5,-1
2026-02-22,2026-02-22 11:04:00,1571.87,1571.87,1571.83,1571.83,-0.0,11.73,18266.5,-1
2026-02-22,2026-02-22 11:05:00,1571.83,1571.83,1571.8,1571.8,-0.0,11.73,18266.5,-1
2026-02-22,2026-02-22 11:06:00,1571.8,1571.8,1571.77,1571.77,-0.0,11.73,18266.5,-1
2026-02-22,2026-02-22 11:07:00,1571.77,1571.77,1571.73,1571.73,-0.0,11.73,18266.5,-1
2026-02-22,2026-02-22 11:08:00,1571.73,1571.73,1571.7,1571.7,-0.0,11.73,18266.5,-1
2026-02-22,2026-02-22 11:09:00,1571.7,1571.7,1571.67,1571.67,-0.0,11.73,18266.5,-1
2026-02-22,2026-02-22 11:10:00,1571.67,1571.67,1571.63,1571.63,-0.0,11.73,18266.5,-1
2026-02-22,2026-02-22 11:11:00,1571.63,1571.63,1571.6,1571.6,-0.0,11.73,18266.5,-1
2026-02-22,2026-02-22 11:12:00,1571.6,1571.6,1571.57,1571.57,-0.0,11.73,18266.5,-1
2026-02-22,2026-02-22 11:13:00,1571.57,1571.57,1571.53,1571.53,-0.0,11.73,18266.5,-1
2026-02-22,2026-02-22 11:14:00,1571.53,1571.53,1571.5,1571.5,-0.0,11.73,18266.5,-1
2026-02-22,2026-02-22 11:15:00,1571.5,1571.5,1571.47,1571.47,-0.0,11.73,18266.5,-1
2026-02-22,2026-02-22 11:16:00,1571.47,1571.47,1571.43,1571.43,-0.0,11.73,18266.5,-1
2026-02-22,2026-02-22 11:17:00,1571.43,1571.43,1571.4,1571.4,-0.0,11.73,18266.5,-1
2026-02-22,2026-02-22 11:18:00,1571.4,1571.4,1571.37,1571.37,-0.0,11.73,18266.5,-1
2026-02-22,2026-02-22 11:19:00,1571.37,1571.37,1571.33,1571.33,-0.0,11.73,18266.5,-1
2026-02-22,2026-02-22 11:20:00,1571.33,1571.33,1571.3,1571.3,-0.0,11.73,18266.5,-1
2026-02-22,2026-02-22 11:21:00,1571.3,1571.3,1571.27,1571.27,-0.0,11.73,18266.5,-1
2026-02-22,2026-02-22 11:22:00,1571.27,1571.27,1571.23,1571.23,-0.0,11.73,18266.5,-1
2026-02-22,2026-02-22 11:23:00,1571.23,1571.23,1571.2,1571.2,-0.0,11.73,18266.5,-1
2026-02-22,2026-02-22 11:24:00,1571.2,1571.2,1571.17,1571.17,-0.0,11.73,18266.5,-1
2026-02-22,2026-02-22 11:25:00,1571.17,1571.17,1571.13,1571.13,-0.0,11.73,18266.5,-1
2026-02-22,2026-02-22 11:26:00,1571.13,1571.13,1571.1,1571.1,-0.0,11.73,18266.5,-1
2026-02-22,2026-02-22 11:27:00,1571.1,1571.1,1571.07,1571.07,-0.0,11.73,18266.5,-1
2026-02-22,2026-02-22 11:28:00,1571.07,1571.07,1571.03,1571.03,-0.0,11.73,18266.5,-1
2026-02-22,2026-02-22 11:29:00,1571.03,1571.03,1571.0,1571.0,-0.0,11.73,18266.5,-1
2026-02-22,2026-02-22 11:30:00,1571.0,1571.0,1570.97,1570.97,-0.0,11.73,18266.5,-1
2026-02-22,2026-02-22 11:31:00,1570.97,1570.97,1570.93,1570.93,-0.0,11.73,18266.5,-1
2026-02-22,2026-02-22 11:32:00,1570.93,1570.93,1570.9,1570.9,-0.0,11.73,18266.5,-1
2026-02-22,2026-02-22 11:33:00,1570.9,1570.9,1570.87,1570.87,-0.0,11.73,18266.5,-1
2026-02-22,2026-02-22 11:34:00,1570.87,1570.87,1570.83,1570.83,-0.0,11.73,18266.5,-1
2026-02-22,2026-02-22 11:35:00,1570.83,1570.83,1570.8,1570.8,-0.0,11.73,18266.5,-1
2026-02-22,2026-02-22 11:36:00,1570.8,1570.8,1570.77,1570.77,-0.0,11.73,18266.5,-1
2026-02-22,2026-02-22 11:37:00,1570.77,1570.77,1570.73,1570.73,-0.0,11.73,18266.5,-1
2026-02-22,2026-02-22 11:38:00,1570.73,1570.73,1570.7,1570.7,-0.0,11.73,18266.5,-1
2026-02-22,2026-02-22 11:39:00,1570.7,1570.7,1570.67,1570.67,-0.0,11.73,18266.5,-1
2026-02-22,2026-02-22 11:40:00,1570.67,1570.67,1570.63,1570.63,-0.0,11.73,18266.5,-1
2026-02-22,2026-02-22 11:41:00,1570.63,1570.63,1570.6,1570.6,-0.0,11.73,18266.5,-1
2026-02-22,2026-02-22 11:42:00,1570.6,1570.6,1570.57,1570.57,-0.0,11.73,18266.5,-1
2026-02-22,2026-02-22 11:43:00,1570.57,1570.57,1570.53,1570.53,-0.0,11.73,18266.5,-1
2026-02-22,2026-02-22 11:44:00,1570.53,1570.53,1570.5,1570.5,-0.0,11.73,18266.5,-1
2026-02-22,2026-02-22 11:45:00,1570.5,1570.5,1570.47,1570.47,-0.0,11.73,18266.5,-1
2026-02-22,2026-02-22 11:46:00,1570.47,1570.47,1570.43,1570.43,-0.0,11.73,18266.5,-1
2026-02-22,2026-02-22 11:47:00,1570.43,1570.43,1570.4,1570.4,-0.0,11.73,18266.5,-1
2026-02-22,2026-02-22 11:48:00,1570.4,1570.4,1570.37,1570.37,-0.0,11.73,18266.5,-1
2026-02-22,2026-02-22 11:49:00,1570.37,1570.37,1570.33,1570.33,-0.0,11.73,18266.5,-1
2026-02-22,2026-02-22 11:50:00,1570.33,1570.33,1570.3,1570.3,-0.0,11.73,18266.5,-1
2026-02-22,2026-02-22 11:51:00,1570.3,1570.3,1570.27,1570.27,-0.0,11.73,18266.5,-1
2026-02-22,2026-02-22 11:52:00,1570.27,1570.27,1570.23,1570.23,-0.0,11.73,18266.5,-1
2026-02-22,2026-02-22 11:53:00,1570.23,1570.23,1570.2,1570.2,-0.0,11.73,18266.5,-1
2026-02-22,2026-02-22 11:54:00,1570.2,1570.2,1570.17,1570.17,-0.0,11.73,18266.5,-1
2026-02-22,2026-02-22 11:55:00,1570.17,1570.17,1570.13,1570.13,-0.0,11.73,18266.5,-1
2026-02-22,2026-02-22 11:56:00,1570.13,1570.13,1570.1,1570.1,-0.0,11.73,18266.5,-1
2026-02-22,2026-02-22 11:57:00,1570.1,1570.1,1570.07,1570.07,-0.0,11.73,18266.5,-1
2026-02-22,2026-02-22 11:58:00,1570.07,1570.07,1570.03,1570.03,-0.0,11.73,18266.5,-1
2026-02-22,2026-02-22 11:59:00,1570.03,1570.03,1570.0,1570.0,-0.0,11.73,18266.5,-1
2026-02-22,2026-02-22 12:00:00,1570.0,1570.0,1569.97,1569.97,-0.0,11.73,18266.5,-1
2026-02-22,2026-02-22 12:01:00,1569.97,1569.97,1569.93,1569.93,-0.0,11.73,18266.5,-1
2026-02-22,2026-02-22 12:02:00,1569.93,1569.93,1569.9,1569.9,-0.0,11.73,18266.5,-1
2026-02-22,2026-02-22 12:03:00,1569.9,1569.9,1569.87,1569.87,-0.0,11.73,18266.5,-1
2026-02-22,2026-02-22 12:04:00,1569.87,1569.87,1569.83,1569.83,-0.0,11.73,18266.5,-1
2026-02-22,2026-02-22 12:05:00,1569.83,1569.83,1569.8,1569.8,-0.0,11.73,18266.5,-1
2026-02-22,2026-02-22 12:06:00,1569.8,1569.8,1569.77,1569.77,-0.0,11.73,18266.5,-1
2026-02-22,2026-02-22 12:07:00,1569.77,1569.77,1569.73,1569.73,-0.0,11.73,18266.5,-1
2026-02-22,2026-02-22 12:08:00,1569.73,1569.73,1569.7,1569.7,-0.0,11.73,18266.5,-1
2026-02-22,2026-02-22 12:09:00,1569.7,1569.7,1569.67,1569.67,-0.0,11.73,18266.5,-1
2026-02-22,2026-02-22 12:10:00,1569.67,1569.67,1569.63,1569.63,-0.0,11.73,18266.5,-1
2026-02-22,2026-02-22 12:11:00,1569.63,1569.63,1569.6,1569.6,-0.0,11.73,18266.5,-1
2026-02-22,2026-02-22 12:12:00,1569.6,1569.6,1569.57,1569.57,-0.0,11.73,18266.5,-1
2026-02-22,2026-02-22 12:13:00,1569.57,1569.57,1569.53,1569.53,-0.0,11.73,18266.5,-1
2026-02-22,2026-02-22 12:14:00,1569.53,1569.53,1569.5,1569.5,-0.0,11.73,18266.5,-1
2026-02-22,2026-02-22 12:15:00,1569.5,1569.5,1569.47,1569.47,-0.0,11.73,18266.5,-1
2026-02-22,2026-02-22 12:16:00,1569.47,1569.47,1569.43,1569.43,-0.0,11.73,18266.5,-1
2026-02-22,2026-02-22 12:17:00,1569.43,1569.43,1569.4,1569.4,-0.0,11.73,18266.5,-1
2026-02-22,2026-02-22 12:18:00,1569.4,1569.4,1569.37,1569.37,-0.0,11.73,18266.5,-1
2026-02-22,2026-02-22 12:19:00,1569.37,1569.37,1569.33,1569.33,-0.0,11.73,18266.5,-1
2026-02-22,2026-02-22 12:20:00,1569.33,1569.33,1569.3,1569.3,-0.0,11.73,18266.5,-1
2026-02-22,2026-02-22 12:21:00,1569.3,1569.3,1569.27,1569.27,-0.0,11.73,18266.5,-1
2026-02-22,2026-02-22 12:22:00,1569.27,1569.27,1569.23,1569.23,-0.0,11.73,18266.5,-1
2026-02-22,2026-02-22 12:23:00,1569.23,1569.23,1569.2,1569.2,-0.0,11.73,18266.5,-1
2026-02-22,2026-02-22 12:24:00,1569.2,1569.2,1569.17,1569.17,-0.0,11.73,18266.5,-1
2026-02-22,2026-02-22 12:25:00,1569.17,1569.17,1569.13,1569.13,-0.0,11.73,18266.5,-1
2026-02-22,2026-02-22 12:26:00,1569.13,1569.13,1569.1,1569.1,-0.0,11.73,18266.5,-1
2026-02-22,2026-02-22 12:27:00,1569.1,1569.1,1569.07,1569.07,-0.0,11.73,18266.5,-1
2026-02-22,2026-02-22 12:28:00,1569.07,1569.07,1569.03,1569.03,-0.0,11.73,18266.5,-1
2026-02-22,2026-02-22 12:29:00,1569.03,1569.03,1569.0,1569.0,-0.0,11.73,18266.5,-1
2026-02-22,2026-02-22 12:30:00,1569.0,1569.0,1568.97,1568.97,-0.0,11.73,18266.5,-1
2026-02-22,2026-02-22 12:31:00,1568.97,1568.97,1568.93,1568.93,-0.0,11.73,18266.5,-1
2026-02-22,2026-02-22 12:32:00,1568.93,1568.93,1568.9,1568.9,-0.0,11.73,18266.5,-1
2026-02-22,2026-02-22 12:33:00,1568.9,1568.9,1568.87,1568.87,-0.0,11.73,18266.5,-1
2026-02-22,2026-02-22 12:34:00,1568.87,1568.87,1568.83,1568.83,-0.0,11.73,18266.5,-1
2026-02-22,2026-02-22 12:35:00,1568.83,1568.83,1568.8,1568.8,-0.0,11.73,18266.5,-1
2026-02-22,2026-02-22 12:36:00,1568.8,1568.8,1568.77,1568.77,-0.0,11.73,18266.5,-1
2026-02-22,2026-02-22 12:37:00,1568.77,1568.77,1568.73,1568.73,-0.0,11.73,18266.5,-1
2026-02-22,2026-02-22 12:38:00,1568.73,1568.73,1568.7,1568.7,-0.0,11.73,18266.5,-1
2026-02-22,2026-02-22 12:39:00,1568.7,1568.7,1568.67,1568.67,-0.0,11.73,18266.5,-1
2026-02-22,2026-02-22 12:40:00,1568.67,1568.67,1568.63,1568.63,-0.0,11.73,18266.5,-1
2026-02-22,2026-02-22 12:41:00,1568.63,1568.63,1568.6,1568.6,-0.0,11.73,18266.5,-1
2026-02-22,2026-02-22 12:42:00,1568.6,1568.6,1568.57,1568.57,-0.0,11.73,18266.5,-1
2026-02-22,2026-02-22 12:43:00,1568.57,1568.57,1568.53,1568.53,-0.0,11.73,18266.5,-1
2026-02-22,2026-02-22 12:44:00,1568.53,1568.53,1568.5,1568.5,-0.0,11.73,18266.5,-1
2026-02-22,2026-02-22 12:45:00,1568.5,1568.5,1568.47,1568.47,-0.0,11.73,18266.5,-1
2026-02-22,2026-02-22 12:46:00,1568.47,1568.47,1568.43,1568.43,-0.0,11.73,18266.5,-1
2026-02-22,2026-02-22 12:47:00,1568.43,1568.43,1568.4,1568.4,-0.0,11.73,18266.5,-1
2026-02-22,2026-02-22 12:48:00,1568.4,1568.4,1568.37,1568.37,-0.0,11.73,18266.5,-1
2026-02-22,2026-02-22 12:49:00,1568.37,1568.37,1568.33,1568.33,-0.0,11.73,18266.5,-1
2026-02-22,2026-02-22 12:50:00,1568.33,1568.33,1568.3,1568.3,-0.0,11.73,18266.5,-1
2026-02-22,2026-02-22 12:51:00,1568.3,1568.3,1568.27,1568.27,-0.0,11.73,18266.5,-1
2026-02-22,2026-02-22 12:52:00,1568.27,1568.27,1568.23,1568.23,-0.0,11.73,18266.5,-1
2026-02-22,2026-02-22 12:53:00,1568.23,1568.23,1568.2,1568.2,-0.0,11.73,18266.5,-1
2026-02-22,2026-02-22 12:54:00,1568.2,1568.2,1568.17,1568.17,-0.0,11.73,18266.5,-1
2026-02-22,2026-02-22 12:55:00,1568.17,1568.17,1568.13,1568.13,-0.0,11.73,18266.5,-1
2026-02-22,2026-02-22 12:56:00,1568.13,1568.13,1568.1,1568.1,-0.0,11.73,18266.5,-1
2026-02-22,2026-02-22 12:57:00,1568.1,1568.1,1568.07,1568.07,-0.0,11.73,18266.5,-1
2026-02-22,2026-02-22 12:58:00,1568.07,1568.07,1568.03,1568.03,-0.0,11.73,18266.5,-1
2026-02-22,2026-02-22 12:59:00,1568.03,1568.03,1568.0,1568.0,-0.0,11.73,18266.5,-1
2026-02-22,2026-02-22 13:00:00,1568.0,1599.5,1540.0,1567.97,-0.0,11.73,18266.5,-1
2026-02-22,2026-02-22 13:01:00,1567.97,1567.97,1567.93,1567.93,-0.0,11.73,18266.5,-1
2026-02-22,2026-02-22 13:02:00,1567.93,1567.93,1567.9,1567.9,-0.0,11.73,18266.5,-1
2026-02-22,2026-02-22 13:03:00,1567.9,1567.9,1567.87,1567.87,-0.0,11.73,18266.5,-1
2026-02-22,2026-02-22 13:04:00,1567.87,1567.87,1567.83,1567.83,-0.0,11.73,18266.5,-1
2026-02-22,2026-02-22 13:05:00,1567.83,1567.83,1567.8,1567.8,-0.0,11.73,18266.5,-1
2026-02-22,2026-02-22 13:06:00,1567.8,1567.8,1567.77,1567.77,-0.0,11.73,18266.5,-1
2026-02-22,2026-02-22 13:07:00,1567.77,1567.77,1567.73,1567.73,-0.0,11.73,18266.5,-1
2026-02-22,2026-02-22 13:08:00,1567.73,1567.73,1567.7,1567.7,-0.0,11.73,18266.5,-1
2026-02-22,2026-02-22 13:09:00,1567.7,1567.7,1567.67,1567.67,-0.0,11.73,18266.5,-1
2026-02-22,2026-02-22 13:10:00,1567.67,1567.67,1567.63,1567.63,-0.0,11.73,18266.5,-1
2026-02-22,2026-02-22 13:11:00,1567.63,1567.63,1567.6,1567.6,-0.0,11.73,18266.5,-1
2026-02-22,2026-02-22 13:12:00,1567.6,1567.6,1567.57,1567.57,-0.0,11.73,18266.5,-1
2026-02-22,2026-02-22 13:13:00,1567.57,1567.57,1567.53,1567.53,-0.0,11.73,18266.5,-1
2026-02-22,2026-02-22 13:14:00,1567.53,1567.53,1567.5,1567.5,-0.0,11.73,18266.5,-1
2026-02-22,2026-02-22 13:15:00,1567.5,1567.5,1567.47,1567.47,-0.0,11.73,18266.5,-1
2026-02-22,2026-02-22 13:16:00,1567.47,1567.47,1567.43,1567.43,-0.0,11.73,18266.5,-1
2026-02-22,2026-02-22 13:17:00,1567.43,1567.43,1567.4,1567.4,-0.0,11.73,18266.5,-1
2026-02-22,2026-02-22 13:18:00,1567.4,1567.4,1567.37,1567.37,-0.0,11.73,18266.5,-1
2026-02-22,2026-02-22 13:19:00,1567.37,1567.37,1567.33,1567.33,-0.0,11.73,18266.5,-1
2026-02-22,2026-02-22 13:20:00,1567.33,1567.33,1567.3,1567.3,-0.0,11.73,18266.5,-1
2026-02-22,2026-02-22 13:21:00,1567.3,1567.3,1567.27,1567.27,-0.0,11.73,18266.5,-1
2026-02-22,2026-02-22 13:22:00,1567.27,1567.27,1567.23,1567.23,-0.0,11.73,18266.5,-1
2026-02-22,2026-02-22 13:23:00,1567.23,1567.23,1567.2,1567.2,-0.0,11.73,18266.5,-1
2026-02-22,2026-02-22 13:24:00,1567.2,1567.2,1567.17,1567.17,-0.0,11.73,18266.5,-1
2026-02-22,2026-02-22 13:25:00,1567.17,1567.17,1567.13,1567.13,-0.0,11.73,18266.5,-1
2026-02-22,2026-02-22 13:26:00,1567.13,1567.13,1567.1,1567.1,-0.0,11.73,18266.5,-1
2026-02-22,2026-02-22 13:27:00,1567.1,1567.1,1567.07,1567.07,-0.0,11.73,18266.5,-1
2026-02-22,2026-02-22 13:28:00,1567.07,1567.07,1567.03,1567.03,-0.0,11.73,18266.5,-1
2026-02-22,2026-02-22 13:29:00,1567.03,1567.03,1567.0,1567.0,-0.0,11.73,18266.5,-1
2026-02-22,2026-02-22 13:30:00,1567.0,1567.0,1566.97,1566.97,-0.0,11.73,18266.5,-1
2026-02-22,2026-02-22 13:31:00,1566.97,1566.97,1566.93,1566.93,-0.0,11.73,18266.5,-1
2026-02-22,2026-02-22 13:32:00,1566.93,1566.93,1566.9,1566.9,-0.0,11.73,18266.5,-1
2026-02-22,2026-02-22 13:33:00,1566.9,1566.9,1566.87,1566.87,-0.0,11.73,18266.5,-1
2026-02-22,2026-02-22 13:34:00,1566.87,1566.87,1566.83,1566.83,-0.0,11.73,18266.5,-1
2026-02-22,2026-02-22 13:35:00,1566.83,1566.83,1566.8,1566.8,-0.0,11.73,18266.5,-1
2026-02-22,2026-02-22 13:36:00,1566.8,1566.8,1566.77,1566.77,-0.0,11.73,18266.5,-1
2026-02-22,2026-02-22 13:37:00,1566.77,1566.77,1566.73,1566.73,-0.0,11.73,18266.5,-1
2026-02-22,2026-02-22 13:38:00,1566.73,1566.73,1566.7,1566.7,-0.0,11.73,18266.5,-1
2026-02-22,2026-02-22 13:39:00,1566.7,1566.7,1566.67,1566.67,-0.0,11.73,18266.5,-1
2026-02-22,2026-02-22 13:40:00,1566.67,1566.67,1566.63,1566.63,-0.0,11.73,18266.5,-1
2026-02-22,2026-02-22 13:41:00,1566.63,1566.63,1566.6,1566.6,-0.0,11.73,18266.5,-1
2026-02-22,2026-02-22 13:42:00,1566.6,1566.6,1566.57,1566.57,-0.0,11.73,18266.5,-1
2026-02-22,2026-02-22 13:43:00,1566.57,1566.57,1566.53,1566.53,-0.0,11.73,18266.5,-1
2026-02-22,2026-02-22 13:44:00,1566.53,1566.53,1566.5,1566.5,-0.0,11.73,18266.5,-1
2026-02-22,2026-02-22 13:45:00,1566.5,1566.5,1566.47,1566.47,-0.0,11.73,18266.5,-1
2026-02-22,2026-02-22 13:46:00,1566.47,1566.47,1566.43,1566.43,-0.0,11.73,18266.5,-1
2026-02-22,2026-02-22 13:47:00,1566.43,1566.43,1566.4,1566.4,-0.0,11.73,18266.5,-1
2026-02-22,2026-02-22 13:48:00,1566.4,1566.4,1566.37,1566.37,-0.0,11.73,18266.5,-1
2026-02-22,2026-02-22 13:49:00,1566.37,1566.37,1566.33,1566.33,-0.0,11.73,18266.5,-1
2026-02-22,2026-02-22 13:50:00,1566.33,1566.33,1566.3,1566.3,-0.0,11.73,18266.5,-1
2026-02-22,2026-02-22 13:51:00,1566.3,1566.3,1566.27,1566.27,-0.0,11.73,18266.5,-1
2026-02-22,2026-02-22 13:52:00,1566.27,1566.27,1566.23,1566.23,-0.0,11.73,18266.5,-1
2026-02-22,2026-02-22 13:53:00,1566.23,1566.23,1566.2,1566.2,-0.0,11.73,18266.5,-1
2026-02-22,2026-02-22 13:54:00,1566.2,1566.2,1566.17,1566.17,-0.0,11.73,18266.5,-1
2026-02-22,2026-02-22 13:55:00,1566.17,1566.17,1566.13,1566.13,-0.0,11.73,18266.5,-1
2026-02-22,2026-02-22 13:56:00,1566.13,1566.13,1566.1,1566.1,-0.0,11.73,18266.5,-1
2026-02-22,2026-02-22 13:57:00,1566.1,1566.1,1566.07,1566.07,-0.0,11.73,18266.5,-1
2026-02-22,2026-02-22 13:58:00,1566.07,1566.07,1566.03,1566.03,-0.0,11.73,18266.5,-1
2026-02-22,2026-02-22 13:59:00,1566.03,1566.03,1566.0,1566.0,-0.0,11.73,18266.5,-1
2026-02-22,2026-02-22 14:00:00,1566.0,1566.0,1565.97,1565.97,-0.0,11.73,18266.5,-1
2026-02-22,2026-02-22 14:01:00,1565.97,1565.97,1565.93,1565.93,-0.0,11.73,18266.5,-1
2026-02-22,2026-02-22 14:02:00,1565.93,1565.93,1565.9,1565.9,-0.0,11.73,18266.5,-1
2026-02-22,2026-02-22 14:03:00,1565.9,1565.9,1565.87,1565.87,-0.0,11.73,18266.5,-1
2026-02-22,2026-02-22 14:04:00,1565.87,1565.87,1565.83,1565.83,-0.0,11.73,18266.5,-1
2026-02-22,2026-02-22 14:05:00,1565.83,1565.83,1565.8,1565.8,-0.0,11.73,18266.5,-1
2026-02-22,2026-02-22 14:06:00,1565.8,1565.8,1565.77,1565.77,-0.0,11.73,18266.5,-1
2026-02-22,2026-02-22 14:07:00,1565.77,1565.77,1565.73,1565.73,-0.0,11.73,18266.5,-1
2026-02-22,2026-02-22 14:08:00,1565.73,1565.73,1565.7,1565.7,-0.0,11.73,18266.5,-1
2026-02-22,2026-02-22 14:09:00,1565.7,1565.7,1565.67,1565.67,-0.0,11.73,18266.5,-1
2026-02-22,2026-02-22 14:10:00,1565.67,1565.67,1565.63,1565.63,-0.0,11.73,18266.5,-1
2026-02-22,2026-02-22 14:11:00,1565.63,1565.63,1565.6,1565.6,-0.0,11.73,18266.5,-1
2026-02-22,2026-02-22 14:12:00,1565.6,1565.6,1565.57,1565.57,-0.0,11.73,18266.5,-1
2026-02-22,2026-02-22 14:13:00,1565.57,1565.57,1565.53,1565.53,-0.0,11.73,18266.5,-1
2026-02-22,2026-02-22 14:14:00,1565.53,1565.53,1565.5,1565.5,-0.0,11.73,18266.5,-1
2026-02-22,2026-02-22 14:15:00,1565.5,1565.5,1565.47,1565.47,-0.0,11.73,18266.5,-1
2026-02-22,2026-02-22 14:16:00,1565.47,1565.47,1565.43,1565.43,-0.0,11.73,18266.5,-1
2026-02-22,2026-02-22 14:17:00,1565.43,1565.43,1565.4,1565.4,-0.0,11.73,18266.5,-1
2026-02-22,2026-02-22 14:18:00,1565.4,1565.4,1565.37,1565.37,-0.0,11.73,18266.5,-1
2026-02-22,2026-02-22 14:19:00,1565.37,1565.37,1565.33,1565.33,-0.0,11.73,18266.5,-1
2026-02-22,2026-02-22 14:20:00,1565.33,1565.33,1565.3,1565.3,-0.0,11.73,18266.5,-1
2026-02-22,2026-02-22 14:21:00,1565.3,1565.3,1565.27,1565.27,-0.0,11.73,18266.5,-1
2026-02-22,2026-02-22 14:22:00,1565.27,1565.27,1565.23,1565.23,-0.0,11.73,18266.5,-1
2026-02-22,2026-02-22 14:23:00,1565.23,1565.23,1565.2,1565.2,-0.0,11.73,18266.5,-1
2026-02-22,2026-02-22 14:24:00,1565.2,1565.2,1565.17,1565.17,-0.0,11.73,18266.5,-1
2026-02-22,2026-02-22 14:25:00,1565.17,1565.17,1565.13,1565.13,-0.0,11.73,18266.5,-1
2026-02-22,2026-02-22 14:26:00,1565.13,1565.13,1565.1,1565.1,-0.0,11.73,18266.5,-1
2026-02-22,2026-02-22 14:27:00,1565.1,1565.1,1565.07,1565.07,-0.0,11.73,18266.5,-1
2026-02-22,2026-02-22 14:28:00,1565.07,1565.07,1565.03,1565.03,-0.0,11.73,18266.5,-1
2026-02-22,2026-02-22 14:29:00,1565.03,1565.03,1565.0,1565.0,-0.0,11.73,18266.5,-1
2026-02-22,2026-02-22 14:30:00,1565.0,1565.0,1564.97,1564.97,-0.0,11.73,18266.5,-1
2026-02-22,2026-02-22 14:31:00,1564.97,1564.97,1564.93,1564.93,-0.0,11.73,18266.5,-1
2026-02-22,2026-02-22 14:32:00,1564.93,1564.93,1564.9,1564.9,-0.0,11.73,18266.5,-1
2026-02-22,2026-02-22 14:33:00,1564.9,1564.9,1564.87,1564.87,-0.0,11.73,18266.5,-1
2026-02-22,2026-02-22 14:34:00,1564.87,1564.87,1564.83,1564.83,-0.0,11.73,18266.5,-1
2026-02-22,2026-02-22 14:35:00,1564.83,1564.83,1564.8,1564.8,-0.0,11.73,18266.5,-1
2026-02-22,2026-02-22 14:36:00,1564.8,1564.8,1564.77,1564.77,-0.0,11.73,18266.5,-1
2026-02-22,2026-02-22 14:37:00,1564.77,1564.77,1564.73,1564.73,-0.0,11.73,18266.5,-1
2026-02-22,2026-02-22 14:38:00,1564.73,1564.73,1564.7,1564.7,-0.0,11.73,18266.5,-1
2026-02-22,2026-02-22 14:39:00,1564.7,1564.7,1564.67,1564.67,-0.0,11.73,18266.5,-1
2026-02-22,2026-02-22 14:40:00,1564.67,1564.67,1564.63,1564.63,-0.0,11.73,18266.5,-1
2026-02-22,2026-02-22 14:41:00,1564.63,1564.63,1564.6,1564.6,-0.0,11.73,18266.5,-1
2026-02-22,2026-02-22 14:42:00,1564.6,1564.6,1564.57,1564.57,-0.0,11.73,18266.5,-1
2026-02-22,2026-02-22 14:43:00,1564.57,1564.57,1564.53,1564.53,-0.0,11.73,18266.5,-1
2026-02-22,2026-02-22 14:44:00,1564.53,1564.53,1564.5,1564.5,-0.0,11.73,18266.5,-1
2026-02-22,2026-02-22 14:45:00,1564.5,1564.5,1564.47,1564.47,-0.0,11.73,18266.5,-1
2026-02-22,2026-02-22 14:46:00,1564.47,1564.47,1564.43,1564.43,-0.0,11.73,18266.5,-1
2026-02-22,2026-02-22 14:47:00,1564.43,1564.43,1564.4,1564.4,-0.0,11.73,18266.5,-1
2026-02-22,2026-02-22 14:48:00,1564.4,1564.4,1564.37,1564.37,-0.0,11.73,18266.5,-1
2026-02-22,2026-02-22 14:49:00,1564.37,1564.37,1564.33,1564.33,-0.0,11.73,18266.5,-1
2026-02-22,2026-02-22 14:50:00,1564.33,1564.33,1564.3,1564.3,-0.0,11.73,18266.5,-1
2026-02-22,2026-02-22 14:51:00,1564.3,1564.3,1564.27,1564.27,-0.0,11.73,18266.5,-1
2026-02-22,2026-02-22 14:52:00,1564.27,1564.27,1564.23,1564.23,-0.0,11.73,18266.5,-1
2026-02-22,2026-02-22 14:53:00,1564.23,1564.23,1564.2,1564.2,-0.0,11.73,18266.5,-1
2026-02-22,2026-02-22 14:54:00,1564.2,1564.2,1564.17,1564.17,-0.0,11.73,18266.5,-1
2026-02-22,2026-02-22 14:55:00,1564.17,1564.17,1564.13,1564.13,-0.0,11.73,18266.5,-1
2026-02-22,2026-02-22 14:56:00,1564.13,1564.13,1564.1,1564.1,-0.0,11.73,18266.5,-1
2026-02-22,2026-02-22 14:57:00,1564.1,1564.1,1564.07,1564.07,-0.0,11.73,18266.5,-1
2026-02-22,2026-02-22 14:58:00,1564.07,1564.07,1564.03,1564.03,-0.0,11.73,18266.5,-1
2026-02-22,2026-02-22 14:59:00,1564.03,1564.03,1564.0,1564.0,-0.0,11.73,18266.5,-1
2026-02-22,2026-02-22 15:00:00,1564.0,1599.5,1540.0,1564.0,0.0,11.73,18266.5,0
2026-02-23,2026-02-23 11:00:00,1532.8,1549.66,1532.8,1532.93,0.01,7.15,11106.55,1
2026-02-23,2026-02-23 11:01:00,1532.93,1533.06,1532.93,1533.06,0.01,7.15,11106.55,1
2026-02-23,2026-02-23 11:02:00,1533.06,1533.19,1533.06,1533.19,0.01,7.15,11106.55,1
2026-02-23,2026-02-23 11:03:00,1533.19,1533.32,1533.19,1533.32,0.01,7.15,11106.55,1
2026-02-23,2026-02-23 11:04:00,1533.32,1533.45,1533.32,1533.45,0.01,7.15,11106.55,1
2026-02-23,2026-02-23 11:05:00,1533.45,1533.58,1533.45,1533.58,0.01,7.15,11106.55,1
2026-02-23,2026-02-23 11:06:00,1533.58,1533.71,1533.58,1533.71,0.01,7.15,11106.55,1
2026-02-23,2026-02-23 11:07:00,1533.71,1533.84,1533.71,1533.84,0.01,7.15,11106.55,1
2026-02-23,2026-02-23 11:08:00,1533.84,1533.97,1533.84,1533.97,0.01,7.15,11106.55,1
2026-02-23,2026-02-23 11:09:00,1533.97,1534.1,1533.97,1534.1,0.01,7.15,11106.55,1
2026-02-23,2026-02-23 11:10:00,1534.1,1534.23,1534.1,1534.23,0.01,7.15,11106.55,1
2026-02-23,2026-02-23 11:11:00,1534.23,1534.36,1534.23,1534.36,0.01,7.15,11106.55,1
2026-02-23,2026-02-23 11:12:00,1534.36,1534.49,1534.36,1534.49,0.01,7.15,11106.55,1
2026-02-23,2026-02-23 11:13:00,1534.49,1534.62,1534.49,1534.62,0.01,7.15,11106.55,1
2026-02-23,2026-02-23 11:14:00,1534.62,1534.75,1534.62,1534.75,0.01,7.15,11106.55,1
2026-02-23,2026-02-23 11:15:00,1534.75,1534.88,1534.75,1534.88,0.01,7.15,11106.55,1
2026-02-23,2026-02-23 11:16:00,1534.88,1535.01,1534.88,1535.01,0.01,7.15,11106.55,1
2026-02-23,2026-02-23 11:17:00,1535.01,1535.14,1535.01,1535.14,0.01,7.15,11106.55,1
2026-02-23,2026-02-23 11:18:00,1535.14,1535.27,1535.14,1535.27,0.01,7.15,11106.55,1
2026-02-23,2026-02-23 11:19:00,1535.27,1535.4,1535.27,1535.4,0.01,7.15,11106.55,1
2026-02-23,2026-02-23 11:20:00,1535.4,1535.53,1535.4,1535.53,0.01,7.15,11106.55,1
2026-02-23,2026-02-23 11:21:00,1535.53,1535.66,1535.53,1535.66,0.01,7.15,11106.55,1
2026-02-23,2026-02-23 11:22:00,1535.66,1535.79,1535.66,1535.79,0.01,7.15,11106.55,1
2026-02-23,2026-02-23 11:23:00,1535.79,1535.92,1535.79,1535.92,0.01,7.15,11106.55,1
2026-02-23,2026-02-23 11:24:00,1535.92,1536.05,1535.92,1536.05,0.01,7.15,11106.55,1
2026-02-23,2026-02-23 11:25:00,1536.05,1536.18,1536.05,1536.18,0.01,7.15,11106.55,1
2026-02-23,2026-02-23 11:26:00,1536.18,1536.31,1536.18,1536.31,0.01,7.15,11106.55,1
2026-02-23,2026-02-23 11:27:00,1536.31,1536.44,1536.31,1536.44,0.01,7.15,11106.55,1
2026-02-23,2026-02-23 11:28:00,1536.44,1536.57,1536.44,1536.57,0.01,7.15,11106.55,1
2026-02-23,2026-02-23 11:29:00,1536.57,1536.7,1536.57,1536.7,0.01,7.15,11106.55,1
2026-02-23,2026-02-23 11:30:00,1536.7,1536.83,1536.7,1536.83,0.01,7.15,11106.55,1
2026-02-23,2026-02-23 11:31:00,1536.83,1536.96,1536.83,1536.96,0.01,7.15,11106.55,1
2026-02-23,2026-02-23 11:32:00,1536.96,1537.09,1536.96,1537.09,0.01,7.15,11106.55,1
2026-02-23,2026-02-23 11:33:00,1537.09,1537.22,1537.09,1537.22,0.01,7.15,11106.55,1
2026-02-23,2026-02-23 11:34:00,1537.22,1537.35,1537.22,1537.35,0.01,7.15,11106.55,1
2026-02-23,2026-02-23 11:35:00,1537.35,1537.48,1537.35,1537.48,0.01,7.15,11106.55,1
2026-02-23,2026-02-23 11:36:00,1537.48,1537.61,1537.48,1537.61,0.01,7.15,11106.55,1
2026-02-23,2026-02-23 11:37:00,1537.61,1537.74,1537.61,1537.74,0.01,7.15,11106.55,1
2026-02-23,2026-02-23 11:38:00,1537.74,1537.87,1537.74,1537.87,0.01,7.15,11106.55,1
2026-02-23,2026-02-23 11:39:00,1537.87,1538.0,1537.87,1538.0,0.01,7.15,11106.55,1
2026-02-23,2026-02-23 11:40:00,1538.0,1538.13,1538.0,1538.13,0.01,7.15,11106.55,1
2026-02-23,2026-02-23 11:41:00,1538.13,1538.26,1538.13,1538.26,0.01,7.15,11106.55,1
2026-02-23,2026-02-23 11:42:00,1538.26,1538.39,1538.26,1538.39,0.01,7.15,11106.55,1
2026-02-23,2026-02-23 11:43:00,1538.39,1538.52,1538.39,1538.52,0.01,7.15,11106.55,1
2026-02-23,2026-02-23 11:44:00,1538.52,1538.65,1538.52,1538.65,0.01,7.15,11106.55,1
2026-02-23,2026-02-23 11:45:00,1538.65,1538.78,1538.65,1538.78,0.01,7.15,11106.55,1
2026-02-23,2026-02-23 11:46:00,1538.78,1538.91,1538.78,1538.91,0.01,7.15,11106.55,1
2026-02-23,2026-02-23 11:47:00,1538.91,1539.04,1538.91,1539.04,0.01,7.15,11106.55,1
2026-02-23,2026-02-23 11:48:00,1539.04,1539.17,1539.04,1539.17,0.01,7.15,11106.55,1
2026-02-23,2026-02-23 11:49:00,1539.17,1539.3,1539.17,1539.3,0.01,7.15,11106.55,1
2026-02-23,2026-02-23 11:50:00,1539.3,1539.43,1539.3,1539.43,0.01,7.15,11106.55,1
2026-02-23,2026-02-23 11:51:00,1539.43,1539.56,1539.43,1539.56,0.01,7.15,11106.55,1
2026-02-23,2026-02-23 11:52:00,1539.56,1539.69,1539.56,1539.69,0.01,7.15,11106.55,1
2026-02-23,2026-02-23 11:53:00,1539.69,1539.82,1539.69,1539.82,0.01,7.15,11106.55,1
2026-02-23,2026-02-23 11:54:00,1539.82,1539.95,1539.82,1539.95,0.01,7.15,11106.55,1
2026-02-23,2026-02-23 11:55:00,1539.95,1540.08,1539.95,1540.08,0.01,7.15,11106.55,1
2026-02-23,2026-02-23 11:56:00,1540.08,1540.21,1540.08,1540.21,0.01,7.15,11106.55,1
2026-02-23,2026-02-23 11:57:00,1540.21,1540.34,1540.21,1540.34,0.01,7.15,11106.55,1
2026-02-23,2026-02-23 11:58:00,1540.34,1540.47,1540.34,1540.47,0.01,7.15,11106.55,1
2026-02-23,2026-02-23 11:59:00,1540.47,1540.6,1540.47,1540.6,0.01,7.15,11106.55,1
2026-02-23,2026-02-23 12:00:00,1540.6,1540.73,1540.6,1540.73,0.01,7.15,11106.55,1
2026-02-23,2026-02-23 12:01:00,1540.73,1540.86,1540.73,1540.86,0.01,7.15,11106.55,1
2026-02-23,2026-02-23 12:02:00,1540.86,1540.99,1540.86,1540.99,0.01,7.15,11106.55,1
2026-02-23,2026-02-23 12:03:00,1540.99,1541.12,1540.99,1541.12,0.01,7.15,11106.55,1
2026-02-23,2026-02-23 12:04:00,1541.12,1541.25,1541.12,1541.25,0.01,7.15,11106.55,1
2026-02-23,2026-02-23 12:05:00,1541.25,1541.38,1541.25,1541.38,0.01,7.15,11106.55,1
2026-02-23,2026-02-23 12:06:00,1541.38,1541.51,1541.38,1541.51,0.01,7.15,11106.55,1
2026-02-23,2026-02-23 12:07:00,1541.51,1541.64,1541.51,1541.64,0.01,7.15,11106.55,1
2026-02-23,2026-02-23 12:08:00,1541.64,1541.77,1541.64,1541.77,0.01,7.15,11106.55,1
2026-02-23,2026-02-23 12:09:00,1541.77,1541.9,1541.77,1541.9,0.01,7.15,11106.55,1
2026-02-23,2026-02-23 12:10:00,1541.9,1542.03,1541.9,1542.03,0.01,7.15,11106.55,1
2026-02-23,2026-02-23 12:11:00,1542.03,1542.16,1542.03,1542.16,0.01,7.15,11106.55,1
2026-02-23,2026-02-23 12:12:00,1542.16,1542.29,1542.16,1542.29,0.01,7.15,11106.55,1
2026-02-23,2026-02-23 12:13:00,1542.29,1542.42,1542.29,1542.42,0.01,7.15,11106.55,1
2026-02-23,2026-02-23 12:14:00,1542.42,1542.55,1542.42,1542.55,0.01,7.15,11106.55,1
2026-02-23,2026-02-23 12:15:00,1542.55,1542.68,1542.55,1542.68,0.01,7.15,11106.55,1
2026-02-23,2026-02-23 12:16:00,1542.68,1542.81,1542.68,1542.81,0.01,7.15,11106.55,1
2026-02-23,2026-02-23 12:17:00,1542.81,1542.94,1542.81,1542.94,0.01,7.15,11106.55,1
2026-02-23,2026-02-23 12:18:00,1542.94,1543.07,1542.94,1543.07,0.01,7.15,11106.55,1
2026-02-23,2026-02-23 12:19:00,1543.07,1543.2,1543.07,1543.2,0.01,7.15,11106.55,1
2026-02-23,2026-02-23 12:20:00,1543.2,1543.33,1543.2,1543.33,0.01,7.15,11106.55,1
2026-02-23,2026-02-23 12:21:00,1543.33,1543.46,1543.33,1543.46,0.01,7.15,11106.55,1
2026-02-23,2026-02-23 12:22:00,1543.46,1543.59,1543.46,1543.59,0.01,7.15,11106.55,1
2026-02-23,2026-02-23 12:23:00,1543.59,1543.72,1543.59,1543.72,0.01,7.15,11106.55,1
2026-02-23,2026-02-23 12:24:00,1543.72,1543.85,1543.72,1543.85,0.01,7.15,11106.55,1
2026-02-23,2026-02-23 12:25:00,1543.85,1543.98,1543.85,1543.98,0.01,7.15,11106.55,1
2026-02-23,2026-02-23 12:26:00,1543.98,1544.11,1543.98,1544.11,0.01,7.15,11106.55,1
2026-02-23,2026-02-23 12:27:00,1544.11,1544.24,1544.11,1544.24,0.01,7.15,11106.55,1
2026-02-23,2026-02-23 12:28:00,1544.24,1544.37,1544.24,1544.37,0.01,7.15,11106.55,1
2026-02-23,2026-02-23 12:29:00,1544.37,1544.5,1544.37,1544.5,0.01,7.15,11106.55,1
2026-02-23,2026-02-23 12:30:00,1544.5,1544.63,1544.5,1544.63,0.01,7.15,11106.55,1
2026-02-23,2026-02-23 12:31:00,1544.63,1544.76,1544.63,1544.76,0.01,7.15,11106.55,1
2026-02-23,2026-02-23 12:32:00,1544.76,1544.89,1544.76,1544.89,0.01,7.15,11106.55,1
2026-02-23,2026-02-23 12:33:00,1544.89,1545.02,1544.89,1545.02,0.01,7.15,11106.55,1
2026-02-23,2026-02-23 12:34:00,1545.02,1545.15,1545.02,1545.15,0.01,7.15,11106.55,1
2026-02-23,2026-02-23 12:35:00,1545.15,1545.28,1545.15,1545.28,0.01,7.15,11106.55,1
2026-02-23,2026-02-23 12:36:00,1545.28,1545.41,1545.28,1545.41,0.01,7.15,11106.55,1
2026-02-23,2026-02-23 12:37:00,1545.41,1545.54,1545.41,1545.54,0.01,7.15,11106.55,1
2026-02-23,2026-02-23 12:38:00,1545.54,1545.67,1545.54,1545.67,0.01,7.15,11106.55,1
2026-02-23,2026-02-23 12:39:00,1545.67,1545.8,1545.67,1545.8,0.01,7.15,11106.55,1
2026-02-23,2026-02-23 12:40:00,1545.8,1545.93,1545.8,1545.93,0.01,7.15,11106.55,1
2026-02-23,2026-02-23 12:41:00,1545.93,1546.06,1545.93,1546.06,0.01,7.15,11106.55,1
2026-02-23,2026-02-23 12:42:00,1546.06,1546.19,1546.06,1546.19,0.01,7.15,11106.55,1
2026-02-23,2026-02-23 12:43:00,1546.19,1546.32,1546.19,1546.32,0.01,7.15,11106.55,1
2026-02-23,2026-02-23 12:44:00,1546.32,1546.45,1546.32,1546.45,0.01,7.15,11106.55,1
2026-02-23,2026-02-23 12:45:00,1546.45,1546.58,1546.45,1546.58,0.01,7.15,11106.55,1
2026-02-23,2026-02-23 12:46:00,1546.58,1546.71,1546.58,1546.71,0.01,7.15,11106.55,1
2026-02-23,2026-02-23 12:47:00,1546.71,1546.84,1546.71,1546.84,0.01,7.15,11106.55,1
2026-02-23,2026-02-23 12:48:00,1546.84,1546.97,1546.84,1546.97,0.01,7.15,11106.55,1
2026-02-23,2026-02-23 12:49:00,1546.97,1547.1,1546.97,1547.1,0.01,7.15,11106.55,1
2026-02-23,2026-02-23 12:50:00,1547.1,1547.23,1547.1,1547.23,0.01,7.15,11106.55,1
2026-02-23,2026-02-23 12:51:00,1547.23,1547.36,1547.23,1547.36,0.01,7.15,11106.55,1
2026-02-23,2026-02-23 12:52:00,1547.36,1547.49,1547.36,1547.49,0.01,7.15,11106.55,1
2026-02-23,2026-02-23 12:53:00,1547.49,1547.62,1547.49,1547.62,0.01,7.15,11106.55,1
2026-02-23,2026-02-23 12:54:00,1547.62,1547.75,1547.62,1547.75,0.01,7.15,11106.55,1
2026-02-23,2026-02-23 12:55:00,1547.75,1547.88,1547.75,1547.88,0.01,7.15,11106.55,1
2026-02-23,2026-02-23 12:56:00,1547.88,1548.01,1547.88,1548.01,0.01,7.15,11106.55,1
2026-02-23,2026-02-23 12:57:00,1548.01,1548.14,1548.01,1548.14,0.01,7.15,11106.55,1
2026-02-23,2026-02-23 12:58:00,1548.14,1548.27,1548.14,1548.27,0.01,7.15,11106.55,1
2026-02-23,2026-02-23 12:59:00,1548.27,1548.4,1548.27,1548.4,0.01,7.15,11106.55,1
2026-02-23,2026-02-23 13:00:00,1548.4,1589.0,1532.8,1548.53,0.01,7.15,11106.55,1
2026-02-23,2026-02-23 13:01:00,1548.53,1548.66,1548.53,1548.66,0.01,7.15,11106.55,1
2026-02-23,2026-02-23 13:02:00,1548.66,1548.79,1548.66,1548.79,0.01,7.15,11106.55,1
2026-02-23,2026-02-23 13:03:00,1548.79,1548.92,1548.79,1548.92,0.01,7.15,11106.55,1
2026-02-23,2026-02-23 13:04:00,1548.92,1549.05,1548.92,1549.05,0.01,7.15,11106.55,1
2026-02-23,2026-02-23 13:05:00,1549.05,1549.18,1549.05,1549.18,0.01,7.15,11106.55,1
2026-02-23,2026-02-23 13:06:00,1549.18,1549.31,1549.18,1549.31,0.01,7.15,11106.55,1
2026-02-23,2026-02-23 13:07:00,1549.31,1549.44,1549.31,1549.44,0.01,7.15,11106.55,1
2026-02-23,2026-02-23 13:08:00,1549.44,1549.57,1549.44,1549.57,0.01,7.15,11106.55,1
2026-02-23,2026-02-23 13:09:00,1549.57,1549.7,1549.57,1549.7,0.01,7.15,11106.55,1
2026-02-23,2026-02-23 13:10:00,1549.7,1549.83,1549.7,1549.83,0.01,7.15,11106.55,1
2026-02-23,2026-02-23 13:11:00,1549.83,1549.96,1549.83,1549.96,0.01,7.15,11106.55,1
2026-02-23,2026-02-23 13:12:00,1549.96,1550.09,1549.96,1550.09,0.01,7.15,11106.55,1
2026-02-23,2026-02-23 13:13:00,1550.09,1550.22,1550.09,1550.22,0.01,7.15,11106.55,1
2026-02-23,2026-02-23 13:14:00,1550.22,1550.35,1550.22,1550.35,0.01,7.15,11106.55,1
2026-02-23,2026-02-23 13:15:00,1550.35,1550.48,1550.35,1550.48,0.01,7.15,11106.55,1
2026-02-23,2026-02-23 13:16:00,1550.48,1550.61,1550.48,1550.61,0.01,7.15,11106.55,1
2026-02-23,2026-02-23 13:17:00,1550.61,1550.74,1550.61,1550.74,0.01,7.15,11106.55,1
2026-02-23,2026-02-23 13:18:00,1550.74,1550.87,1550.74,1550.87,0.01,7.15,11106.55,1
2026-02-23,2026-02-23 13:19:00,1550.87,1551.0,1550.87,1551.0,0.01,7.15,11106.55,1
2026-02-23,2026-02-23 13:20:00,1551.0,1551.13,1551.0,1551.13,0.01,7.15,11106.55,1
2026-02-23,2026-02-23 13:21:00,1551.13,1551.26,1551.13,1551.26,0.01,7.15,11106.55,1
2026-02-23,2026-02-23 13:22:00,1551.26,1551.39,1551.26,1551.39,0.01,7.15,11106.55,1
2026-02-23,2026-02-23 13:23:00,1551.39,1551.52,1551.39,1551.52,0.01,7.15,11106.55,1
2026-02-23,2026-02-23 13:24:00,1551.52,1551.65,1551.52,1551.65,0.01,7.15,11106.55,1
2026-02-23,2026-02-23 13:25:00,1551.65,1551.78,1551.65,1551.78,0.01,7.15,11106.55,1
2026-02-23,2026-02-23 13:26:00,1551.78,1551.91,1551.78,1551.91,0.01,7.15,11106.55,1
2026-02-23,2026-02-23 13:27:00,1551.91,1552.04,1551.91,1552.04,0.01,7.15,11106.55,1
2026-02-23,2026-02-23 13:28:00,1552.04,1552.17,1552.04,1552.17,0.01,7.15,11106.55,1
2026-02-23,2026-02-23 13:29:00,1552.17,1552.3,1552.17,1552.3,0.01,7.15,11106.55,1
2026-02-23,2026-02-23 13:30:00,1552.3,1552.43,1552.3,1552.43,0.01,7.15,11106.55,1
2026-02-23,2026-02-23 13:31:00,1552.43,1552.56,1552.43,1552.56,0.01,7.15,11106.55,1
2026-02-23,2026-02-23 13:32:00,1552.56,1552.69,1552.56,1552.69,0.01,7.15,11106.55,1
2026-02-23,2026-02-23 13:33:00,1552.69,1552.82,1552.69,1552.82,0.01,7.15,11106.55,1
2026-02-23,2026-02-23 13:34:00,1552.82,1552.95,1552.82,1552.95,0.01,7.15,11106.55,1
2026-02-23,2026-02-23 13:35:00,1552.95,1553.08,1552.95,1553.08,0.01,7.15,11106.55,1
2026-02-23,2026-02-23 13:36:00,1553.08,1553.21,1553.08,1553.21,0.01,7.15,11106.55,1
2026-02-23,2026-02-23 13:37:00,1553.21,1553.34,1553.21,1553.34,0.01,7.15,11106.55,1
2026-02-23,2026-02-23 13:38:00,1553.34,1553.47,1553.34,1553.47,0.01,7.15,11106.55,1
2026-02-23,2026-02-23 13:39:00,1553.47,1553.6,1553.47,1553.6,0.01,7.15,11106.55,1
2026-02-23,2026-02-23 13:40:00,1553.6,1553.73,1553.6,1553.73,0.01,7.15,11106.55,1
2026-02-23,2026-02-23 13:41:00,1553.73,1553.86,1553.73,1553.86,0.01,7.15,11106.55,1
2026-02-23,2026-02-23 13:42:00,1553.86,1553.99,1553.86,1553.99,0.01,7.15,11106.55,1
2026-02-23,2026-02-23 13:43:00,1553.99,1554.12,1553.99,1554.12,0.01,7.15,11106.55,1
2026-02-23,2026-02-23 13:44:00,1554.12,1554.25,1554.12,1554.25,0.01,7.15,11106.55,1
2026-02-23,2026-02-23 13:45:00,1554.25,1554.38,1554.25,1554.38,0.01,7.15,11106.55,1
2026-02-23,2026-02-23 13:46:00,1554.38,1554.51,1554.38,1554.51,0.01,7.15,11106.55,1
2026-02-23,2026-02-23 13:47:00,1554.51,1554.64,1554.51,1554.64,0.01,7.15,11106.55,1
2026-02-23,2026-02-23 13:48:00,1554.64,1554.77,1554.64,1554.77,0.01,7.15,11106.55,1
2026-02-23,2026-02-23 13:49:00,1554.77,1554.9,1554.77,1554.9,0.01,7.15,11106.55,1
2026-02-23,2026-02-23 13:50:00,1554.9,1555.03,1554.9,1555.03,0.01,7.15,11106.55,1
2026-02-23,2026-02-23 13:51:00,1555.03,1555.16,1555.03,1555.16,0.01,7.15,11106.55,1
2026-02-23,2026-02-23 13:52:00,1555.16,1555.29,1555.16,1555.29,0.01,7.15,11106.55,1
2026-02-23,2026-02-23 13:53:00,1555.29,1555.42,1555.29,1555.42,0.01,7.15,11106.55,1
2026-02-23,2026-02-23 13:54:00,1555.42,1555.55,1555.42,1555.55,0.01,7.15,11106.55,1
2026-02-23,2026-02-23 13:55:00,1555.55,1555.68,1555.55,1555.68,0.01,7.15,11106.55,1
2026-02-23,2026-02-23 13:56:00,1555.68,1555.81,1555.68,1555.81,0.01,7.15,11106.55,1
2026-02-23,2026-02-23 13:57:00,1555.81,1555.94,1555.81,1555.94,0.01,7.15,11106.55,1
2026-02-23,2026-02-23 13:58:00,1555.94,1556.07,1555.94,1556.07,0.01,7.15,11106.55,1
2026-02-23,2026-02-23 13:59:00,1556.07,1556.2,1556.07,1556.2,0.01,7.15,11106.55,1
2026-02-23,2026-02-23 14:00:00,1556.2,1556.33,1556.2,1556.33,0.01,7.15,11106.55,1
2026-02-23,2026-02-23 14:01:00,1556.33,1556.46,1556.33,1556.46,0.01,7.15,11106.55,1
2026-02-23,2026-02-23 14:02:00,1556.46,1556.59,1556.46,1556.59,0.01,7.15,11106.55,1
2026-02-23,2026-02-23 14:03:00,1556.59,1556.72,1556.59,1556.72,0.01,7.15,11106.55,1
2026-02-23,2026-02-23 14:04:00,1556.72,1556.85,1556.72,1556.85,0.01,7.15,11106.55,1
2026-02-23,2026-02-23 14:05:00,1556.85,1556.98,1556.85,1556.98,0.01,7.15,11106.55,1
2026-02-23,2026-02-23 14:06:00,1556.98,1557.11,1556.98,1557.11,0.01,7.15,11106.55,1
2026-02-23,2026-02-23 14:07:00,1557.11,1557.24,1557.11,1557.24,0.01,7.15,11106.55,1
2026-02-23,2026-02-23 14:08:00,1557.24,1557.37,1557.24,1557.37,0.01,7.15,11106.55,1
2026-02-23,2026-02-23 14:09:00,1557.37,1557.5,1557.37,1557.5,0.01,7.15,11106.55,1
2026-02-23,2026-02-23 14:10:00,1557.5,1557.63,1557.5,1557.63,0.01,7.15,11106.55,1
2026-02-23,2026-02-23 14:11:00,1557.63,1557.76,1557.63,1557.76,0.01,7.15,11106.55,1
2026-02-23,2026-02-23 14:12:00,1557.76,1557.89,1557.76,1557.89,0.01,7.15,11106.55,1
2026-02-23,2026-02-23 14:13:00,1557.89,1558.02,1557.89,1558.02,0.01,7.15,11106.55,1
2026-02-23,2026-02-23 14:14:00,1558.02,1558.15,1558.02,1558.15,0.01,7.15,11106.55,1
2026-02-23,2026-02-23 14:15:00,1558.15,1558.28,1558.15,1558.28,0.01,7.15,11106.55,1
2026-02-23,2026-02-23 14:16:00,1558.28,1558.41,1558.28,1558.41,0.01,7.15,11106.55,1
2026-02-23,2026-02-23 14:17:00,1558.41,1558.54,1558.41,1558.54,0.01,7.15,11106.55,1
2026-02-23,2026-02-23 14:18:00,1558.54,1558.67,1558.54,1558.67,0.01,7.15,11106.55,1
2026-02-23,2026-02-23 14:19:00,1558.67,1558.8,1558.67,1558.8,0.01,7.15,11106.55,1
2026-02-23,2026-02-23 14:20:00,1558.8,1558.93,1558.8,1558.93,0.01,7.15,11106.55,1
2026-02-23,2026-02-23 14:21:00,1558.93,1559.06,1558.93,1559.06,0.01,7.15,11106.55,1
2026-02-23,2026-02-23 14:22:00,1559.06,1559.19,1559.06,1559.19,0.01,7.15,11106.55,1
2026-02-23,2026-02-23 14:23:00,1559.19,1559.32,1559.19,1559.32,0.01,7.15,11106.55,1
2026-02-23,2026-02-23 14:24:00,1559.32,1559.45,1559.32,1559.45,0.01,7.15,11106.55,1
2026-02-23,2026-02-23 14:25:00,1559.45,1559.58,1559.45,1559.58,0.01,7.15,11106.55,1
2026-02-23,2026-02-23 14:26:00,1559.58,1559.71,1559.58,1559.71,0.01,7.15,11106.55,1
2026-02-23,2026-02-23 14:27:00,1559.71,1559.84,1559.71,1559.84,0.01,7.15,11106.55,1
2026-02-23,2026-02-23 14:28:00,1559.84,1559.97,1559.84,1559.97,0.01,7.15,11106.55,1
2026-02-23,2026-02-23 14:29:00,1559.97,1560.1,1559.97,1560.1,0.01,7.15,11106.55,1
2026-02-23,2026-02-23 14:30:00,1560.1,1560.23,1560.1,1560.23,0.01,7.15,11106.55,1
2026-02-23,2026-02-23 14:31:00,1560.23,1560.36,1560.23,1560.36,0.01,7.15,11106.55,1
2026-02-23,2026-02-23 14:32:00,1560.36,1560.49,1560.36,1560.49,0.01,7.15,11106.55,1
2026-02-23,2026-02-23 14:33:00,1560.49,1560.62,1560.49,1560.62,0.01,7.15,11106.55,1
2026-02-23,2026-02-23 14:34:00,1560.62,1560.75,1560.62,1560.75,0.01,7.15,11106.55,1
2026-02-23,2026-02-23 14:35:00,1560.75,1560.88,1560.75,1560.88,0.01,7.15,11106.55,1
2026-02-23,2026-02-23 14:36:00,1560.88,1561.01,1560.88,1561.01,0.01,7.15,11106.55,1
2026-02-23,2026-02-23 14:37:00,1561.01,1561.14,1561.01,1561.14,0.01,7.15,11106.55,1
2026-02-23,2026-02-23 14:38:00,1561.14,1561.27,1561.14,1561.27,0.01,7.15,11106.55,1
2026-02-23,2026-02-23 14:39:00,1561.27,1561.4,1561.27,1561.4,0.01,7.15,11106.55,1
2026-02-23,2026-02-23 14:40:00,1561.4,1561.53,1561.4,1561.53,0.01,7.15,11106.55,1
2026-02-23,2026-02-23 14:41:00,1561.53,1561.66,1561.53,1561.66,0.01,7.15,11106.55,1
2026-02-23,2026-02-23 14:42:00,1561.66,1561.79,1561.66,1561.79,0.01,7.15,11106.55,1
2026-02-23,2026-02-23 14:43:00,1561.79,1561.92,1561.79,1561.92,0.01,7.15,11106.55,1
2026-02-23,2026-02-23 14:44:00,1561.92,1562.05,1561.92,1562.05,0.01,7.15,11106.55,1
2026-02-23,2026-02-23 14:45:00,1562.05,1562.18,1562.05,1562.18,0.01,7.15,11106.55,1
2026-02-23,2026-02-23 14:46:00,1562.18,1562.31,1562.18,1562.31,0.01,7.15,11106.55,1
2026-02-23,2026-02-23 14:47:00,1562.31,1562.44,1562.31,1562.44,0.01,7.15,11106.55,1
2026-02-23,2026-02-23 14:48:00,1562.44,1562.57,1562.44,1562.57,0.01,7.15,11106.55,1
2026-02-23,2026-02-23 14:49:00,1562.57,1562.7,1562.57,1562.7,0.01,7.15,11106.55,1
2026-02-23,2026-02-23 14:50:00,1562.7,1562.83,1562.7,1562.83,0.01,7.15,11106.55,1
2026-02-23,2026-02-23 14:51:00,1562.83,1562.96,1562.83,1562.96,0.01,7.15,11106.55,1
2026-02-23,2026-02-23 14:52:00,1562.96,1563.09,1562.96,1563.09,0.01,7.15,11106.55,1
2026-02-23,2026-02-23 14:53:00,1563.09,1563.22,1563.09,1563.22,0.01,7.15,11106.55,1
2026-02-23,2026-02-23 14:54:00,1563.22,1563.35,1563.22,1563.35,0.01,7.15,11106.55,1
2026-02-23,2026-02-23 14:55:00,1563.35,1563.48,1563.35,1563.48,0.01,7.15,11106.55,1
2026-02-23,2026-02-23 14:56:00,1563.48,1563.61,1563.48,1563.61,0.01,7.15,11106.55,1
2026-02-23,2026-02-23 14:57:00,1563.61,1563.74,1563.61,1563.74,0.01,7.15,11106.55,1
2026-02-23,2026-02-23 14:58:00,1563.74,1563.87,1563.74,1563.87,0.01,7.15,11106.55,1
2026-02-23,2026-02-23 14:59:00,1563.87,1564.0,1563.87,1564.0,0.01,7.15,11106.55,1
2026-02-23,2026-02-23 15:00:00,1564.0,1589.0,1532.8,1564.0,0.0,7.15,11106.55,0
2026-02-24,2026-02-24 11:00:00,1550.0,1559.3,1547.0,1550.0,0.0,6.59,10252.7,0
2026-02-24,2026-02-24 11:01:00,1550.0,1550.01,1550.0,1550.01,0.0,6.59,10252.7,1
2026-02-24,2026-02-24 11:02:00,1550.01,1550.01,1550.01,1550.01,0.0,6.59,10252.7,0
2026-02-24,2026-02-24 11:03:00,1550.01,1550.02,1550.01,1550.02,0.0,6.59,10252.7,1
2026-02-24,2026-02-24 11:04:00,1550.02,1550.02,1550.02,1550.02,0.0,6.59,10252.7,0
2026-02-24,2026-02-24 11:05:00,1550.02,1550.03,1550.02,1550.03,0.0,6.59,10252.7,1
2026-02-24,2026-02-24 11:06:00,1550.03,1550.03,1550.03,1550.03,0.0,6.59,10252.7,0
2026-02-24,2026-02-24 11:07:00,1550.03,1550.04,1550.03,1550.04,0.0,6.59,10252.7,1
2026-02-24,2026-02-24 11:08:00,1550.04,1550.04,1550.04,1550.04,0.0,6.59,10252.7,0
2026-02-24,2026-02-24 11:09:00,1550.04,1550.05,1550.04,1550.05,0.0,6.59,10252.7,1
2026-02-24,2026-02-24 11:10:00,1550.05,1550.05,1550.05,1550.05,0.0,6.59,10252.7,0
2026-02-24,2026-02-24 11:11:00,1550.05,1550.06,1550.05,1550.06,0.0,6.59,10252.7,1
2026-02-24,2026-02-24 11:12:00,1550.06,1550.06,1550.06,1550.06,0.0,6.59,10252.7,0
2026-02-24,2026-02-24 11:13:00,1550.06,1550.06,1550.06,1550.06,0.0,6.59,10252.7,0
2026-02-24,2026-02-24 11:14:00,1550.06,1550.07,1550.06,1550.07,0.0,6.59,10252.7,1
2026-02-24,2026-02-24 11:15:00,1550.07,1550.07,1550.07,1550.07,0.0,6.59,10252.7,0
2026-02-24,2026-02-24 11:16:00,1550.07,1550.08,1550.07,1550.08,0.0,6.59,10252.7,1
2026-02-24,2026-02-24 11:17:00,1550.08,1550.08,1550.08,1550.08,0.0,6.59,10252.7,0
2026-02-24,2026-02-24 11:18:00,1550.08,1550.09,1550.08,1550.09,0.0,6.59,10252.7,1
2026-02-24,2026-02-24 11:19:00,1550.09,1550.09,1550.09,1550.09,0.0,6.59,10252.7,0
2026-02-24,2026-02-24 11:20:00,1550.09,1550.1,1550.09,1550.1,0.0,6.59,10252.7,1
2026-02-24,2026-02-24 11:21:00,1550.1,1550.1,1550.1,1550.1,0.0,6.59,10252.7,0
2026-02-24,2026-02-24 11:22:00,1550.1,1550.11,1550.1,1550.11,0.0,6.59,10252.7,1
2026-02-24,2026-02-24 11:23:00,1550.11,1550.11,1550.11,1550.11,0.0,6.59,10252.7,0
2026-02-24,2026-02-24 11:24:00,1550.11,1550.11,1550.11,1550.11,0.0,6.59,10252.7,0
2026-02-24,2026-02-24 11:25:00,1550.11,1550.12,1550.11,1550.12,0.0,6.59,10252.7,1
2026-02-24,2026-02-24 11:26:00,1550.12,1550.12,1550.12,1550.12,0.0,6.59,10252.7,0
2026-02-24,2026-02-24 11:27:00,1550.12,1550.13,1550.12,1550.13,0.0,6.59,10252.7,1
2026-02-24,2026-02-24 11:28:00,1550.13,1550.13,1550.13,1550.13,0.0,6.59,10252.7,0
2026-02-24,2026-02-24 11:29:00,1550.13,1550.14,1550.13,1550.14,0.0,6.59,10252.7,1
2026-02-24,2026-02-24 11:30:00,1550.14,1550.14,1550.14,1550.14,0.0,6.59,10252.7,0
2026-02-24,2026-02-24 11:31:00,1550.14,1550.15,1550.14,1550.15,0.0,6.59,10252.7,1
2026-02-24,2026-02-24 11:32:00,1550.15,1550.15,1550.15,1550.15,0.0,6.59,10252.7,0
2026-02-24,2026-02-24 11:33:00,1550.15,1550.16,1550.15,1550.16,0.0,6.59,10252.7,1
2026-02-24,2026-02-24 11:34:00,1550.16,1550.16,1550.16,1550.16,0.0,6.59,10252.7,0
2026-02-24,2026-02-24 11:35:00,1550.16,1550.16,1550.16,1550.16,0.0,6.59,10252.7,0
2026-02-24,2026-02-24 11:36:00,1550.16,1550.17,1550.16,1550.17,0.0,6.59,10252.7,1
2026-02-24,2026-02-24 11:37:00,1550.17,1550.17,1550.17,1550.17,0.0,6.59,10252.7,0
2026-02-24,2026-02-24 11:38:00,1550.17,1550.18,1550.17,1550.18,0.0,6.59,10252.7,1
2026-02-24,2026-02-24 11:39:00,1550.18,1550.18,1550.18,1550.18,0.0,6.59,10252.7,0
2026-02-24,2026-02-24 11:40:00,1550.18,1550.19,1550.18,1550.19,0.0,6.59,10252.7,1
2026-02-24,2026-02-24 11:41:00,1550.19,1550.19,1550.19,1550.19,0.0,6.59,10252.7,0
2026-02-24,2026-02-24 11:42:00,1550.19,1550.2,1550.19,1550.2,0.0,6.59,10252.7,1
2026-02-24,2026-02-24 11:43:00,1550.2,1550.2,1550.2,1550.2,0.0,6.59,10252.7,0
2026-02-24,2026-02-24 11:44:00,1550.2,1550.21,1550.2,1550.21,0.0,6.59,10252.7,1
2026-02-24,2026-02-24 11:45:00,1550.21,1550.21,1550.21,1550.21,0.0,6.59,10252.7,0
2026-02-24,2026-02-24 11:46:00,1550.21,1550.22,1550.21,1550.22,0.0,6.59,10252.7,1
2026-02-24,2026-02-24 11:47:00,1550.22,1550.22,1550.22,1550.22,0.0,6.59,10252.7,0
2026-02-24,2026-02-24 11:48:00,1550.22,1550.22,1550.22,1550.22,0.0,6.59,10252.7,0
2026-02-24,2026-02-24 11:49:00,1550.22,1550.23,1550.22,1550.23,0.0,6.59,10252.7,1
2026-02-24,2026-02-24 11:50:00,1550.23,1550.23,1550.23,1550.23,0.0,6.59,10252.7,0
2026-02-24,2026-02-24 11:51:00,1550.23,1550.24,1550.23,1550.24,0.0,6.59,10252.7,1
2026-02-24,2026-02-24 11:52:00,1550.24,1550.24,1550.24,1550.24,0.0,6.59,10252.7,0
2026-02-24,2026-02-24 11:53:00,1550.24,1550.25,1550.24,1550.25,0.0,6.59,10252.7,1
2026-02-24,2026-02-24 11:54:00,1550.25,1550.25,1550.25,1550.25,0.0,6.59,10252.7,0
2026-02-24,2026-02-24 11:55:00,1550.25,1550.26,1550.25,1550.26,0.0,6.59,10252.7,1
2026-02-24,2026-02-24 11:56:00,1550.26,1550.26,1550.26,1550.26,0.0,6.59,10252.7,0
2026-02-24,2026-02-24 11:57:00,1550.26,1550.27,1550.26,1550.27,0.0,6.59,10252.7,1
2026-02-24,2026-02-24 11:58:00,1550.27,1550.27,1550.27,1550.27,0.0,6.59,10252.7,0
2026-02-24,2026-02-24 11:59:00,1550.27,1550.28,1550.27,1550.28,0.0,6.59,10252.7,1
2026-02-24,2026-02-24 12:00:00,1550.28,1550.28,1550.28,1550.28,0.0,6.59,10252.7,0
2026-02-24,2026-02-24 12:01:00,1550.28,1550.28,1550.28,1550.28,0.0,6.59,10252.7,0
2026-02-24,2026-02-24 12:02:00,1550.28,1550.29,1550.28,1550.29,0.0,6.59,10252.7,1
2026-02-24,2026-02-24 12:03:00,1550.29,1550.29,1550.29,1550.29,0.0,6.59,10252.7,0
2026-02-24,2026-02-24 12:04:00,1550.29,1550.3,1550.29,1550.3,0.0,6.59,10252.7,1
2026-02-24,2026-02-24 12:05:00,1550.3,1550.3,1550.3,1550.3,0.0,6.59,10252.7,0
2026-02-24,2026-02-24 12:06:00,1550.3,1550.31,1550.3,1550.31,0.0,6.59,10252.7,1
2026-02-24,2026-02-24 12:07:00,1550.31,1550.31,1550.31,1550.31,0.0,6.59,10252.7,0
2026-02-24,2026-02-24 12:08:00,1550.31,1550.32,1550.31,1550.32,0.0,6.59,10252.7,1
2026-02-24,2026-02-24 12:09:00,1550.32,1550.32,1550.32,1550.32,0.0,6.59,10252.7,0
2026-02-24,2026-02-24 12:10:00,1550.32,1550.33,1550.32,1550.33,0.0,6.59,10252.7,1
2026-02-24,2026-02-24 12:11:00,1550.33,1550.33,1550.33,1550.33,0.0,6.59,10252.7,0
2026-02-24,2026-02-24 12:12:00,1550.33,1550.33,1550.33,1550.33,0.0,6.59,10252.7,0
2026-02-24,2026-02-24 12:13:00,1550.33,1550.34,1550.33,1550.34,0.0,6.59,10252.7,1
2026-02-24,2026-02-24 12:14:00,1550.34,1550.34,1550.34,1550.34,0.0,6.59,10252.7,0
2026-02-24,2026-02-24 12:15:00,1550.34,1550.35,1550.34,1550.35,0.0,6.59,10252.7,1
2026-02-24,2026-02-24 12:16:00,1550.35,1550.35,1550.35,1550.35,0.0,6.59,10252.7,0
2026-02-24,2026-02-24 12:17:00,1550.35,1550.36,1550.35,1550.36,0.0,6.59,10252.7,1
2026-02-24,2026-02-24 12:18:00,1550.36,1550.36,1550.36,1550.36,0.0,6.59,10252.7,0
2026-02-24,2026-02-24 12:19:00,1550.36,1550.37,1550.36,1550.37,0.0,6.59,10252.7,1
2026-02-24,2026-02-24 12:20:00,1550.37,1550.37,1550.37,1550.37,0.0,6.59,10252.7,0
2026-02-24,2026-02-24 12:21:00,1550.37,1550.38,1550.37,1550.38,0.0,6.59,10252.7,1
2026-02-24,2026-02-24 12:22:00,1550.38,1550.38,1550.38,1550.38,0.0,6.59,10252.7,0
2026-02-24,2026-02-24 12:23:00,1550.38,1550.38,1550.38,1550.38,0.0,6.59,10252.7,0
2026-02-24,2026-02-24 12:24:00,1550.38,1550.39,1550.38,1550.39,0.0,6.59,10252.7,1
2026-02-24,2026-02-24 12:25:00,1550.39,1550.39,1550.39,1550.39,0.0,6.59,10252.7,0
2026-02-24,2026-02-24 12:26:00,1550.39,1550.4,1550.39,1550.4,0.0,6.59,10252.7,1
2026-02-24,2026-02-24 12:27:00,1550.4,1550.4,1550.4,1550.4,0.0,6.59,10252.7,0
2026-02-24,2026-02-24 12:28:00,1550.4,1550.41,1550.4,1550.41,0.0,6.59,10252.7,1
2026-02-24,2026-02-24 12:29:00,1550.41,1550.41,1550.41,1550.41,0.0,6.59,10252.7,0
2026-02-24,2026-02-24 12:30:00,1550.41,1550.42,1550.41,1550.42,0.0,6.59,10252.7,1
2026-02-24,2026-02-24 12:31:00,1550.42,1550.42,1550.42,1550.42,0.0,6.59,10252.7,0
2026-02-24,2026-02-24 12:32:00,1550.42,1550.43,1550.42,1550.43,0.0,6.59,10252.7,1
2026-02-24,2026-02-24 12:33:00,1550.43,1550.43,1550.43,1550.43,0.0,6.59,10252.7,0
2026-02-24,2026-02-24 12:34:00,1550.43,1550.44,1550.43,1550.44,0.0,6.59,10252.7,1
2026-02-24,2026-02-24 12:35:00,1550.44,1550.44,1550.44,1550.44,0.0,6.59,10252.7,0
2026-02-24,2026-02-24 12:36:00,1550.44,1550.44,1550.44,1550.44,0.0,6.59,10252.7,0
2026-02-24,2026-02-24 12:37:00,1550.44,1550.45,1550.44,1550.45,0.0,6.59,10252.7,1
2026-02-24,2026-02-24 12:38:00,1550.45,1550.45,1550.45,1550.45,0.0,6.59,10252.7,0
2026-02-24,2026-02-24 12:39:00,1550.45,1550.46,1550.45,1550.46,0.0,6.59,10252.7,1
2026-02-24,2026-02-24 12:40:00,1550.46,1550.46,1550.46,1550.46,0.0,6.59,10252.7,0
2026-02-24,2026-02-24 12:41:00,1550.46,1550.47,1550.46,1550.47,0.0,6.59,10252.7,1
2026-02-24,2026-02-24 12:42:00,1550.47,1550.47,1550.47,1550.47,0.0,6.59,10252.7,0
2026-02-24,2026-02-24 12:43:00,1550.47,1550.48,1550.47,1550.48,0.0,6.59,10252.7,1
2026-02-24,2026-02-24 12:44:00,1550.48,1550.48,1550.48,1550.48,0.0,6.59,10252.7,0
2026-02-24,2026-02-24 12:45:00,1550.48,1550.49,1550.48,1550.49,0.0,6.59,10252.7,1
2026-02-24,2026-02-24 12:46:00,1550.49,1550.49,1550.49,1550.49,0.0,6.59,10252.7,0
2026-02-24,2026-02-24 12:47:00,1550.49,1550.49,1550.49,1550.49,0.0,6.59,10252.7,0
2026-02-24,2026-02-24 12:48:00,1550.49,1550.5,1550.49,1550.5,0.0,6.59,10252.7,1
2026-02-24,2026-02-24 12:49:00,1550.5,1550.5,1550.5,1550.5,0.0,6.59,10252.7,0
2026-02-24,2026-02-24 12:50:00,1550.5,1550.51,1550.5,1550.51,0.0,6.59,10252.7,1
2026-02-24,2026-02-24 12:51:00,1550.51,1550.51,1550.51,1550.51,0.0,6.59,10252.7,0
2026-02-24,2026-02-24 12:52:00,1550.51,1550.52,1550.51,1550.52,0.0,6.59,10252.7,1
2026-02-24,2026-02-24 12:53:00,1550.52,1550.52,1550.52,1550.52,0.0,6.59,10252.7,0
2026-02-24,2026-02-24 12:54:00,1550.52,1550.53,1550.52,1550.53,0.0,6.59,10252.7,1
2026-02-24,2026-02-24 12:55:00,1550.53,1550.53,1550.53,1550.53,0.0,6.59,10252.7,0
2026-02-24,2026-02-24 12:56:00,1550.53,1550.54,1550.53,1550.54,0.0,6.59,10252.7,1
2026-02-24,2026-02-24 12:57:00,1550.54,1550.54,1550.54,1550.54,0.0,6.59,10252.7,0
2026-02-24,2026-02-24 12:58:00,1550.54,1550.55,1550.54,1550.55,0.0,6.59,10252.7,1
2026-02-24,2026-02-24 12:59:00,1550.55,1550.55,1550.55,1550.55,0.0,6.59,10252.7,0
2026-02-24,2026-02-24 13:00:00,1550.55,1581.0,1540.0,1550.55,0.0,6.59,10252.7,0
2026-02-24,2026-02-24 13:01:00,1550.55,1550.56,1550.55,1550.56,0.0,6.59,10252.7,1
2026-02-24,2026-02-24 13:02:00,1550.56,1550.56,1550.56,1550.56,0.0,6.59,10252.7,0
2026-02-24,2026-02-24 13:03:00,1550.56,1550.57,1550.56,1550.57,0.0,6.59,10252.7,1
2026-02-24,2026-02-24 13:04:00,1550.57,1550.57,1550.57,1550.57,0.0,6.59,10252.7,0
2026-02-24,2026-02-24 13:05:00,1550.57,1550.58,1550.57,1550.58,0.0,6.59,10252.7,1
2026-02-24,2026-02-24 13:06:00,1550.58,1550.58,1550.58,1550.58,0.0,6.59,10252.7,0
2026-02-24,2026-02-24 13:07:00,1550.58,1550.59,1550.58,1550.59,0.0,6.59,10252.7,1
2026-02-24,2026-02-24 13:08:00,1550.59,1550.59,1550.59,1550.59,0.0,6.59,10252.7,0
2026-02-24,2026-02-24 13:09:00,1550.59,1550.6,1550.59,1550.6,0.0,6.59,10252.7,1
2026-02-24,2026-02-24 13:10:00,1550.6,1550.6,1550.6,1550.6,0.0,6.59,10252.7,0
2026-02-24,2026-02-24 13:11:00,1550.6,1550.61,1550.6,1550.61,0.0,6.59,10252.7,1
2026-02-24,2026-02-24 13:12:00,1550.61,1550.61,1550.61,1550.61,0.0,6.59,10252.7,0
2026-02-24,2026-02-24 13:13:00,1550.61,1550.61,1550.61,1550.61,0.0,6.59,10252.7,0
2026-02-24,2026-02-24 13:14:00,1550.61,1550.62,1550.61,1550.62,0.0,6.59,10252.7,1
2026-02-24,2026-02-24 13:15:00,1550.62,1550.62,1550.62,1550.62,0.0,6.59,10252.7,0
2026-02-24,2026-02-24 13:16:00,1550.62,1550.63,1550.62,1550.63,0.0,6.59,10252.7,1
2026-02-24,2026-02-24 13:17:00,1550.63,1550.63,1550.63,1550.63,0.0,6.59,10252.7,0
2026-02-24,2026-02-24 13:18:00,1550.63,1550.64,1550.63,1550.64,0.0,6.59,10252.7,1
2026-02-24,2026-02-24 13:19:00,1550.64,1550.64,1550.64,1550.64,0.0,6.59,10252.7,0
2026-02-24,2026-02-24 13:20:00,1550.64,1550.65,1550.64,1550.65,0.0,6.59,10252.7,1
2026-02-24,2026-02-24 13:21:00,1550.65,1550.65,1550.65,1550.65,0.0,6.59,10252.7,0
2026-02-24,2026-02-24 13:22:00,1550.65,1550.66,1550.65,1550.66,0.0,6.59,10252.7,1
2026-02-24,2026-02-24 13:23:00,1550.66,1550.66,1550.66,1550.66,0.0,6.59,10252.7,0
2026-02-24,2026-02-24 13:24:00,1550.66,1550.66,1550.66,1550.66,0.0,6.59,10252.7,0
2026-02-24,2026-02-24 13:25:00,1550.66,1550.67,1550.66,1550.67,0.0,6.59,10252.7,1
2026-02-24,2026-02-24 13:26:00,1550.67,1550.67,1550.67,1550.67,0.0,6.59,10252.7,0
2026-02-24,2026-02-24 13:27:00,1550.67,1550.68,1550.67,1550.68,0.0,6.59,10252.7,1
2026-02-24,2026-02-24 13:28:00,1550.68,1550.68,1550.68,1550.68,0.0,6.59,10252.7,0
2026-02-24,2026-02-24 13:29:00,1550.68,1550.69,1550.68,1550.69,0.0,6.59,10252.7,1
2026-02-24,2026-02-24 13:30:00,1550.69,1550.69,1550.69,1550.69,0.0,6.59,10252.7,0
2026-02-24,2026-02-24 13:31:00,1550.69,1550.7,1550.69,1550.7,0.0,6.59,10252.7,1
2026-02-24,2026-02-24 13:32:00,1550.7,1550.7,1550.7,1550.7,0.0,6.59,10252.7,0
2026-02-24,2026-02-24 13:33:00,1550.7,1550.71,1550.7,1550.71,0.0,6.59,10252.7,1
2026-02-24,2026-02-24 13:34:00,1550.71,1550.71,1550.71,1550.71,0.0,6.59,10252.7,0
2026-02-24,2026-02-24 13:35:00,1550.71,1550.71,1550.71,1550.71,0.0,6.59,10252.7,0
2026-02-24,2026-02-24 13:36:00,1550.71,1550.72,1550.71,1550.72,0.0,6.59,10252.7,1
2026-02-24,2026-02-24 13:37:00,1550.72,1550.72,1550.72,1550.72,0.0,6.59,10252.7,0
2026-02-24,2026-02-24 13:38:00,1550.72,1550.73,1550.72,1550.73,0.0,6.59,10252.7,1
2026-02-24,2026-02-24 13:39:00,1550.73,1550.73,1550.73,1550.73,0.0,6.59,10252.7,0
2026-02-24,2026-02-24 13:40:00,1550.73,1550.74,1550.73,1550.74,0.0,6.59,10252.7,1
2026-02-24,2026-02-24 13:41:00,1550.74,1550.74,1550.74,1550.74,0.0,6.59,10252.7,0
2026-02-24,2026-02-24 13:42:00,1550.74,1550.75,1550.74,1550.75,0.0,6.59,10252.7,1
2026-02-24,2026-02-24 13:43:00,1550.75,1550.75,1550.75,1550.75,0.0,6.59,10252.7,0
2026-02-24,2026-02-24 13:44:00,1550.75,1550.76,1550.75,1550.76,0.0,6.59,10252.7,1
2026-02-24,2026-02-24 13:45:00,1550.76,1550.76,1550.76,1550.76,0.0,6.59,10252.7,0
2026-02-24,2026-02-24 13:46:00,1550.76,1550.77,1550.76,1550.77,0.0,6.59,10252.7,1
2026-02-24,2026-02-24 13:47:00,1550.77,1550.77,1550.77,1550.77,0.0,6.59,10252.7,0
2026-02-24,2026-02-24 13:48:00,1550.77,1550.77,1550.77,1550.77,0.0,6.59,10252.7,0
2026-02-24,2026-02-24 13:49:00,1550.77,1550.78,1550.77,1550.78,0.0,6.59,10252.7,1
2026-02-24,2026-02-24 13:50:00,1550.78,1550.78,1550.78,1550.78,0.0,6.59,10252.7,0
2026-02-24,2026-02-24 13:51:00,1550.78,1550.79,1550.78,1550.79,0.0,6.59,10252.7,1
2026-02-24,2026-02-24 13:52:00,1550.79,1550.79,1550.79,1550.79,0.0,6.59,10252.7,0
2026-02-24,2026-02-24 13:53:00,1550.79,1550.8,1550.79,1550.8,0.0,6.59,10252.7,1
2026-02-24,2026-02-24 13:54:00,1550.8,1550.8,1550.8,1550.8,0.0,6.59,10252.7,0
2026-02-24,2026-02-24 13:55:00,1550.8,1550.81,1550.8,1550.81,0.0,6.59,10252.7,1
2026-02-24,2026-02-24 13:56:00,1550.81,1550.81,1550.81,1550.81,0.0,6.59,10252.7,0
2026-02-24,2026-02-24 13:57:00,1550.81,1550.82,1550.81,1550.82,0.0,6.59,10252.7,1
2026-02-24,2026-02-24 13:58:00,1550.82,1550.82,1550.82,1550.82,0.0,6.59,10252.7,0
2026-02-24,2026-02-24 13:59:00,1550.82,1550.82,1550.82,1550.82,0.0,6.59,10252.7,0
2026-02-24,2026-02-24 14:00:00,1550.82,1550.83,1550.82,1550.83,0.0,6.59,10252.7,1
2026-02-24,2026-02-24 14:01:00,1550.83,1550.83,1550.83,1550.83,0.0,6.59,10252.7,0
2026-02-24,2026-02-24 14:02:00,1550.83,1550.84,1550.83,1550.84,0.0,6.59,10252.7,1
2026-02-24,2026-02-24 14:03:00,1550.84,1550.84,1550.84,1550.84,0.0,6.59,10252.7,0
2026-02-24,2026-02-24 14:04:00,1550.84,1550.85,1550.84,1550.85,0.0,6.59,10252.7,1
2026-02-24,2026-02-24 14:05:00,1550.85,1550.85,1550.85,1550.85,0.0,6.59,10252.7,0
2026-02-24,2026-02-24 14:06:00,1550.85,1550.86,1550.85,1550.86,0.0,6.59,10252.7,1
2026-02-24,2026-02-24 14:07:00,1550.86,1550.86,1550.86,1550.86,0.0,6.59,10252.7,0
2026-02-24,2026-02-24 14:08:00,1550.86,1550.87,1550.86,1550.87,0.0,6.59,10252.7,1
2026-02-24,2026-02-24 14:09:00,1550.87,1550.87,1550.87,1550.87,0.0,6.59,10252.7,0
2026-02-24,2026-02-24 14:10:00,1550.87,1550.88,1550.87,1550.88,0.0,6.59,10252.7,1
2026-02-24,2026-02-24 14:11:00,1550.88,1550.88,1550.88,1550.88,0.0,6.59,10252.7,0
2026-02-24,2026-02-24 14:12:00,1550.88,1550.88,1550.88,1550.88,0.0,6.59,10252.7,0
2026-02-24,2026-02-24 14:13:00,1550.88,1550.89,1550.88,1550.89,0.0,6.59,10252.7,1
2026-02-24,2026-02-24 14:14:00,1550.89,1550.89,1550.89,1550.89,0.0,6.59,10252.7,0
2026-02-24,2026-02-24 14:15:00,1550.89,1550.9,1550.89,1550.9,0.0,6.59,10252.7,1
2026-02-24,2026-02-24 14:16:00,1550.9,1550.9,1550.9,1550.9,0.0,6.59,10252.7,0
2026-02-24,2026-02-24 14:17:00,1550.9,1550.91,1550.9,1550.91,0.0,6.59,10252.7,1
2026-02-24,2026-02-24 14:18:00,1550.91,1550.91,1550.91,1550.91,0.0,6.59,10252.7,0
2026-02-24,2026-02-24 14:19:00,1550.91,1550.92,1550.91,1550.92,0.0,6.59,10252.7,1
2026-02-24,2026-02-24 14:20:00,1550.92,1550.92,1550.92,1550.92,0.0,6.59,10252.7,0
2026-02-24,2026-02-24 14:21:00,1550.92,1550.93,1550.92,1550.93,0.0,6.59,10252.7,1
2026-02-24,2026-02-24 14:22:00,1550.93,1550.93,1550.93,1550.93,0.0,6.59,10252.7,0
2026-02-24,2026-02-24 14:23:00,1550.93,1550.93,1550.93,1550.93,0.0,6.59,10252.7,0
2026-02-24,2026-02-24 14:24:00,1550.93,1550.94,1550.93,1550.94,0.0,6.59,10252.7,1
2026-02-24,2026-02-24 14:25:00,1550.94,1550.94,1550.94,1550.94,0.0,6.59,10252.7,0
2026-02-24,2026-02-24 14:26:00,1550.94,1550.95,1550.94,1550.95,0.0,6.59,10252.7,1
2026-02-24,2026-02-24 14:27:00,1550.95,1550.95,1550.95,1550.95,0.0,6.59,10252.7,0
2026-02-24,2026-02-24 14:28:00,1550.95,1550.96,1550.95,1550.96,0.0,6.59,10252.7,1
2026-02-24,2026-02-24 14:29:00,1550.96,1550.96,1550.96,1550.96,0.0,6.59,10252.7,0
2026-02-24,2026-02-24 14:30:00,1550.96,1550.97,1550.96,1550.97,0.0,6.59,10252.7,1
2026-02-24,2026-02-24 14:31:00,1550.97,1550.97,1550.97,1550.97,0.0,6.59,10252.7,0
2026-02-24,2026-02-24 14:32:00,1550.97,1550.98,1550.97,1550.98,0.0,6.59,10252.7,1
2026-02-24,2026-02-24 14:33:00,1550.98,1550.98,1550.98,1550.98,0.0,6.59,10252.7,0
2026-02-24,2026-02-24 14:34:00,1550.98,1550.99,1550.98,1550.99,0.0,6.59,10252.7,1
2026-02-24,2026-02-24 14:35:00,1550.99,1550.99,1550.99,1550.99,0.0,6.59,10252.7,0
2026-02-24,2026-02-24 14:36:00,1550.99,1550.99,1550.99,1550.99,0.0,6.59,10252.7,0
2026-02-24,2026-02-24 14:37:00,1550.99,1551.0,1550.99,1551.0,0.0,6.59,10252.7,1
2026-02-24,2026-02-24 14:38:00,1551.0,1551.0,1551.0,1551.0,0.0,6.59,10252.7,0
2026-02-24,2026-02-24 14:39:00,1551.0,1551.01,1551.0,1551.01,0.0,6.59,10252.7,1
2026-02-24,2026-02-24 14:40:00,1551.01,1551.01,1551.01,1551.01,0.0,6.59,10252.7,0
2026-02-24,2026-02-24 14:41:00,1551.01,1551.02,1551.01,1551.02,0.0,6.59,10252.7,1
2026-02-24,2026-02-24 14:42:00,1551.02,1551.02,1551.02,1551.02,0.0,6.59,10252.7,0
2026-02-24,2026-02-24 14:43:00,1551.02,1551.03,1551.02,1551.03,0.0,6.59,10252.7,1
2026-02-24,2026-02-24 14:44:00,1551.03,1551.03,1551.03,1551.03,0.0,6.59,10252.7,0
2026-02-24,2026-02-24 14:45:00,1551.03,1551.04,1551.03,1551.04,0.0,6.59,10252.7,1
2026-02-24,2026-02-24 14:46:00,1551.04,1551.04,1551.04,1551.04,0.0,6.59,10252.7,0
2026-02-24,2026-02-24 14:47:00,1551.04,1551.04,1551.04,1551.04,0.0,6.59,10252.7,0
2026-02-24,2026-02-24 14:48:00,1551.04,1551.05,1551.04,1551.05,0.0,6.59,10252.7,1
2026-02-24,2026-02-24 14:49:00,1551.05,1551.05,1551.05,1551.05,0.0,6.59,10252.7,0
2026-02-24,2026-02-24 14:50:00,1551.05,1551.06,1551.05,1551.06,0.0,6.59,10252.7,1
2026-02-24,2026-02-24 14:51:00,1551.06,1551.06,1551.06,1551.06,0.0,6.59,10252.7,0
2026-02-24,2026-02-24 14:52:00,1551.06,1551.07,1551.06,1551.07,0.0,6.59,10252.7,1
2026-02-24,2026-02-24 14:53:00,1551.07,1551.07,1551.07,1551.07,0.0,6.59,10252.7,0
2026-02-24,2026-02-24 14:54:00,1551.07,1551.08,1551.07,1551.08,0.0,6.59,10252.7,1
2026-02-24,2026-02-24 14:55:00,1551.08,1551.08,1551.08,1551.08,0.0,6.59,10252.7,0
2026-02-24,2026-02-24 14:56:00,1551.08,1551.09,1551.08,1551.09,0.0,6.59,10252.7,1
2026-02-24,2026-02-24 14:57:00,1551.09,1551.09,1551.09,1551.09,0.0,6.59,10252.7,0
2026-02-24,2026-02-24 14:58:00,1551.09,1551.1,1551.09,1551.1,0.0,6.59,10252.7,1
2026-02-24,2026-02-24 14:59:00,1551.1,1551.1,1551.1,1551.1,0.0,6.59,10252.7,0
2026-02-24,2026-02-24 15:00:00,1551.1,1581.0,1540.0,1551.1,0.0,6.59,10252.7,0
2026-02-25,2026-02-25 11:00:00,1528.0,1546.27,1528.0,1528.22,0.01,25.14,39677.54,1
2026-02-25,2026-02-25 11:01:00,1528.22,1528.43,1528.22,1528.43,0.01,25.14,39677.54,1
2026-02-25,2026-02-25 11:02:00,1528.43,1528.65,1528.43,1528.65,0.01,25.14,39677.54,1
2026-02-25,2026-02-25 11:03:00,1528.65,1528.87,1528.65,1528.87,0.01,25.14,39677.54,1
2026-02-25,2026-02-25 11:04:00,1528.87,1529.08,1528.87,1529.08,0.01,25.14,39677.54,1
2026-02-25,2026-02-25 11:05:00,1529.08,1529.3,1529.08,1529.3,0.01,25.14,39677.54,1
2026-02-25,2026-02-25 11:06:00,1529.3,1529.52,1529.3,1529.52,0.01,25.14,39677.54,1
2026-02-25,2026-02-25 11:07:00,1529.52,1529.73,1529.52,1529.73,0.01,25.14,39677.54,1
2026-02-25,2026-02-25 11:08:00,1529.73,1529.95,1529.73,1529.95,0.01,25.14,39677.54,1
2026-02-25,2026-02-25 11:09:00,1529.95,1530.17,1529.95,1530.17,0.01,25.14,39677.54,1
2026-02-25,2026-02-25 11:10:00,1530.17,1530.38,1530.17,1530.38,0.01,25.14,39677.54,1
2026-02-25,2026-02-25 11:11:00,1530.38,1530.6,1530.38,1530.6,0.01,25.14,39677.54,1
2026-02-25,2026-02-25 11:12:00,1530.6,1530.82,1530.6,1530.82,0.01,25.14,39677.54,1
2026-02-25,2026-02-25 11:13:00,1530.82,1531.03,1530.82,1531.03,0.01,25.14,39677.54,1
2026-02-25,2026-02-25 11:14:00,1531.03,1531.25,1531.03,1531.25,0.01,25.14,39677.54,1
2026-02-25,2026-02-25 11:15:00,1531.25,1531.47,1531.25,1531.47,0.01,25.14,39677.54,1
2026-02-25,2026-02-25 11:16:00,1531.47,1531.68,1531.47,1531.68,0.01,25.14,39677.54,1
2026-02-25,2026-02-25 11:17:00,1531.68,1531.9,1531.68,1531.9,0.01,25.14,39677.54,1
2026-02-25,2026-02-25 11:18:00,1531.9,1532.12,1531.9,1532.12,0.01,25.14,39677.54,1
2026-02-25,2026-02-25 11:19:00,1532.12,1532.33,1532.12,1532.33,0.01,25.14,39677.54,1
2026-02-25,2026-02-25 11:20:00,1532.33,1532.55,1532.33,1532.55,0.01,25.14,39677.54,1
2026-02-25,2026-02-25 11:21:00,1532.55,1532.77,1532.55,1532.77,0.01,25.14,39677.54,1
2026-02-25,2026-02-25 11:22:00,1532.77,1532.98,1532.77,1532.98,0.01,25.14,39677.54,1
2026-02-25,2026-02-25 11:23:00,1532.98,1533.2,1532.98,1533.2,0.01,25.14,39677.54,1
2026-02-25,2026-02-25 11:24:00,1533.2,1533.42,1533.2,1533.42,0.01,25.14,39677.54,1
2026-02-25,2026-02-25 11:25:00,1533.42,1533.63,1533.42,1533.63,0.01,25.14,39677.54,1
2026-02-25,2026-02-25 11:26:00,1533.63,1533.85,1533.63,1533.85,0.01,25.14,39677.54,1
2026-02-25,2026-02-25 11:27:00,1533.85,1534.07,1533.85,1534.07,0.01,25.14,39677.54,1
2026-02-25,2026-02-25 11:28:00,1534.07,1534.28,1534.07,1534.28,0.01,25.14,39677.54,1
2026-02-25,2026-02-25 11:29:00,1534.28,1534.5,1534.28,1534.5,0.01,25.14,39677.54,1
2026-02-25,2026-02-25 11:30:00,1534.5,1534.72,1534.5,1534.72,0.01,25.14,39677.54,1
2026-02-25,2026-02-25 11:31:00,1534.72,1534.93,1534.72,1534.93,0.01,25.14,39677.54,1
2026-02-25,2026-02-25 11:32:00,1534.93,1535.15,1534.93,1535.15,0.01,25.14,39677.54,1
2026-02-25,2026-02-25 11:33:00,1535.15,1535.37,1535.15,1535.37,0.01,25.14,39677.54,1
2026-02-25,2026-02-25 11:34:00,1535.37,1535.58,1535.37,1535.58,0.01,25.14,39677.54,1
2026-02-25,2026-02-25 11:35:00,1535.58,1535.8,1535.58,1535.8,0.01,25.14,39677.54,1
2026-02-25,2026-02-25 11:36:00,1535.8,1536.02,1535.8,1536.02,0.01,25.14,39677.54,1
2026-02-25,2026-02-25 11:37:00,1536.02,1536.23,1536.02,1536.23,0.01,25.14,39677.54,1
2026-02-25,2026-02-25 11:38:00,1536.23,1536.45,1536.23,1536.45,0.01,25.14,39677.54,1
2026-02-25,2026-02-25 11:39:00,1536.45,1536.67,1536.45,1536.67,0.01,25.14,39677.54,1
2026-02-25,2026-02-25 11:40:00,1536.67,1536.88,1536.67,1536.88,0.01,25.14,39677.54,1
2026-02-25,2026-02-25 11:41:00,1536.88,1537.1,1536.88,1537.1,0.01,25.14,39677.54,1
2026-02-25,2026-02-25 11:42:00,1537.1,1537.32,1537.1,1537.32,0.01,25.14,39677.54,1
2026-02-25,2026-02-25 11:43:00,1537.32,1537.53,1537.32,1537.53,0.01,25.14,39677.54,1
2026-02-25,2026-02-25 11:44:00,1537.53,1537.75,1537.53,1537.75,0.01,25.14,39677.54,1
2026-02-25,2026-02-25 11:45:00,1537.75,1537.97,1537.75,1537.97,0.01,25.14,39677.54,1
2026-02-25,2026-02-25 11:46:00,1537.97,1538.18,1537.97,1538.18,0.01,25.14,39677.54,1
2026-02-25,2026-02-25 11:47:00,1538.18,1538.4,1538.18,1538.4,0.01,25.14,39677.54,1
2026-02-25,2026-02-25 11:48:00,1538.4,1538.62,1538.4,1538.62,0.01,25.14,39677.54,1
2026-02-25,2026-02-25 11:49:00,1538.62,1538.83,1538.62,1538.83,0.01,25.14,39677.54,1
2026-02-25,2026-02-25 11:50:00,1538.83,1539.05,1538.83,1539.05,0.01,25.14,39677.54,1
2026-02-25,2026-02-25 11:51:00,1539.05,1539.27,1539.05,1539.27,0.01,25.14,39677.54,1
2026-02-25,2026-02-25 11:52:00,1539.27,1539.48,1539.27,1539.48,0.01,25.14,39677.54,1
2026-02-25,2026-02-25 11:53:00,1539.48,1539.7,1539.48,1539.7,0.01,25.14,39677.54,1
2026-02-25,2026-02-25 11:54:00,1539.7,1539.92,1539.7,1539.92,0.01,25.14,39677.54,1
2026-02-25,2026-02-25 11:55:00,1539.92,1540.13,1539.92,1540.13,0.01,25.14,39677.54,1
2026-02-25,2026-02-25 11:56:00,1540.13,1540.35,1540.13,1540.35,0.01,25.14,39677.54,1
2026-02-25,2026-02-25 11:57:00,1540.35,1540.57,1540.35,1540.57,0.01,25.14,39677.54,1
2026-02-25,2026-02-25 11:58:00,1540.57,1540.78,1540.57,1540.78,0.01,25.14,39677.54,1
2026-02-25,2026-02-25 11:59:00,1540.78,1541.0,1540.78,1541.0,0.01,25.14,39677.54,1
2026-02-25,2026-02-25 12:00:00,1541.0,1541.22,1541.0,1541.22,0.01,25.14,39677.54,1
2026-02-25,2026-02-25 12:01:00,1541.22,1541.43,1541.22,1541.43,0.01,25.14,39677.54,1
2026-02-25,2026-02-25 12:02:00,1541.43,1541.65,1541.43,1541.65,0.01,25.14,39677.54,1
2026-02-25,2026-02-25 12:03:00,1541.65,1541.87,1541.65,1541.87,0.01,25.14,39677.54,1
2026-02-25,2026-02-25 12:04:00,1541.87,1542.08,1541.87,1542.08,0.01,25.14,39677.54,1
2026-02-25,2026-02-25 12:05:00,1542.08,1542.3,1542.08,1542.3,0.01,25.14,39677.54,1
2026-02-25,2026-02-25 12:06:00,1542.3,1542.52,1542.3,1542.52,0.01,25.14,39677.54,1
2026-02-25,2026-02-25 12:07:00,1542.52,1542.73,1542.52,1542.73,0.01,25.14,39677.54,1
2026-02-25,2026-02-25 12:08:00,1542.73,1542.95,1542.73,1542.95,0.01,25.14,39677.54,1
2026-02-25,2026-02-25 12:09:00,1542.95,1543.17,1542.95,1543.17,0.01,25.14,39677.54,1
2026-02-25,2026-02-25 12:10:00,1543.17,1543.38,1543.17,1543.38,0.01,25.14,39677.54,1
2026-02-25,2026-02-25 12:11:00,1543.38,1543.6,1543.38,1543.6,0.01,25.14,39677.54,1
2026-02-25,2026-02-25 12:12:00,1543.6,1543.82,1543.6,1543.82,0.01,25.14,39677.54,1
2026-02-25,2026-02-25 12:13:00,1543.82,1544.03,1543.82,1544.03,0.01,25.14,39677.54,1
2026-02-25,2026-02-25 12:14:00,1544.03,1544.25,1544.03,1544.25,0.01,25.14,39677.54,1
2026-02-25,2026-02-25 12:15:00,1544.25,1544.47,1544.25,1544.47,0.01,25.14,39677.54,1
2026-02-25,2026-02-25 12:16:00,1544.47,1544.68,1544.47,1544.68,0.01,25.14,39677.54,1
2026-02-25,2026-02-25 12:17:00,1544.68,1544.9,1544.68,1544.9,0.01,25.14,39677.54,1
2026-02-25,2026-02-25 12:18:00,1544.9,1545.12,1544.9,1545.12,0.01,25.14,39677.54,1
2026-02-25,2026-02-25 12:19:00,1545.12,1545.33,1545.12,1545.33,0.01,25.14,39677.54,1
2026-02-25,2026-02-25 12:20:00,1545.33,1545.55,1545.33,1545.55,0.01,25.14,39677.54,1
2026-02-25,2026-02-25 12:21:00,1545.55,1545.77,1545.55,1545.77,0.01,25.14,39677.54,1
2026-02-25,2026-02-25 12:22:00,1545.77,1545.98,1545.77,1545.98,0.01,25.14,39677.54,1
2026-02-25,2026-02-25 12:23:00,1545.98,1546.2,1545.98,1546.2,0.01,25.14,39677.54,1
2026-02-25,2026-02-25 12:24:00,1546.2,1546.42,1546.2,1546.42,0.01,25.14,39677.54,1
2026-02-25,2026-02-25 12:25:00,1546.42,1546.63,1546.42,1546.63,0.01,25.14,39677.54,1
2026-02-25,2026-02-25 12:26:00,1546.63,1546.85,1546.63,1546.85,0.01,25.14,39677.54,1
2026-02-25,2026-02-25 12:27:00,1546.85,1547.07,1546.85,1547.07,0.01,25.14,39677.54,1
2026-02-25,2026-02-25 12:28:00,1547.07,1547.28,1547.07,1547.28,0.01,25.14,39677.54,1
2026-02-25,2026-02-25 12:29:00,1547.28,1547.5,1547.28,1547.5,0.01,25.14,39677.54,1
2026-02-25,2026-02-25 12:30:00,1547.5,1547.72,1547.5,1547.72,0.01,25.14,39677.54,1
2026-02-25,2026-02-25 12:31:00,1547.72,1547.93,1547.72,1547.93,0.01,25.14,39677.54,1
2026-02-25,2026-02-25 12:32:00,1547.93,1548.15,1547.93,1548.15,0.01,25.14,39677.54,1
2026-02-25,2026-02-25 12:33:00,1548.15,1548.37,1548.15,1548.37,0.01,25.14,39677.54,1
2026-02-25,2026-02-25 12:34:00,1548.37,1548.58,1548.37,1548.58,0.01,25.14,39677.54,1
2026-02-25,2026-02-25 12:35:00,1548.58,1548.8,1548.58,1548.8,0.01,25.14,39677.54,1
2026-02-25,2026-02-25 12:36:00,1548.8,1549.02,1548.8,1549.02,0.01,25.14,39677.54,1
2026-02-25,2026-02-25 12:37:00,1549.02,1549.23,1549.02,1549.23,0.01,25.14,39677.54,1
2026-02-25,2026-02-25 12:38:00,1549.23,1549.45,1549.23,1549.45,0.01,25.14,39677.54,1
2026-02-25,2026-02-25 12:39:00,1549.45,1549.67,1549.45,1549.67,0.01,25.14,39677.54,1
2026-02-25,2026-02-25 12:40:00,1549.67,1549.88,1549.67,1549.88,0.01,25.14,39677.54,1
2026-02-25,2026-02-25 12:41:00,1549.88,1550.1,1549.88,1550.1,0.01,25.14,39677.54,1
2026-02-25,2026-02-25 12:42:00,1550.1,1550.32,1550.1,1550.32,0.01,25.14,39677.54,1
2026-02-25,2026-02-25 12:43:00,1550.32,1550.53,1550.32,1550.53,0.01,25.14,39677.54,1
2026-02-25,2026-02-25 12:44:00,1550.53,1550.75,1550.53,1550.75,0.01,25.14,39677.54,1
2026-02-25,2026-02-25 12:45:00,1550.75,1550.97,1550.75,1550.97,0.01,25.14,39677.54,1
2026-02-25,2026-02-25 12:46:00,1550.97,1551.18,1550.97,1551.18,0.01,25.14,39677.54,1
2026-02-25,2026-02-25 12:47:00,1551.18,1551.4,1551.18,1551.4,0.01,25.14,39677.54,1
2026-02-25,2026-02-25 12:48:00,1551.4,1551.62,1551.4,1551.62,0.01,25.14,39677.54,1
2026-02-25,2026-02-25 12:49:00,1551.62,1551.83,1551.62,1551.83,0.01,25.14,39677.54,1
2026-02-25,2026-02-25 12:50:00,1551.83,1552.05,1551.83,1552.05,0.01,25.14,39677.54,1
2026-02-25,2026-02-25 12:51:00,1552.05,1552.27,1552.05,1552.27,0.01,25.14,39677.54,1
2026-02-25,2026-02-25 12:52:00,1552.27,1552.48,1552.27,1552.48,0.01,25.14,39677.54,1
2026-02-25,2026-02-25 12:53:00,1552.48,1552.7,1552.48,1552.7,0.01,25.14,39677.54,1
2026-02-25,2026-02-25 12:54:00,1552.7,1552.92,1552.7,1552.92,0.01,25.14,39677.54,1
2026-02-25,2026-02-25 12:55:00,1552.92,1553.13,1552.92,1553.13,0.01,25.14,39677.54,1
2026-02-25,2026-02-25 12:56:00,1553.13,1553.35,1553.13,1553.35,0.01,25.14,39677.54,1
2026-02-25,2026-02-25 12:57:00,1553.35,1553.57,1553.35,1553.57,0.01,25.14,39677.54,1
2026-02-25,2026-02-25 12:58:00,1553.57,1553.78,1553.57,1553.78,0.01,25.14,39677.54,1
2026-02-25,2026-02-25 12:59:00,1553.78,1554.0,1553.78,1554.0,0.01,25.14,39677.54,1
2026-02-25,2026-02-25 13:00:00,1554.0,1588.9,1528.0,1554.22,0.01,25.14,39677.54,1
2026-02-25,2026-02-25 13:01:00,1554.22,1554.43,1554.22,1554.43,0.01,25.14,39677.54,1
2026-02-25,2026-02-25 13:02:00,1554.43,1554.65,1554.43,1554.65,0.01,25.14,39677.54,1
2026-02-25,2026-02-25 13:03:00,1554.65,1554.87,1554.65,1554.87,0.01,25.14,39677.54,1
2026-02-25,2026-02-25 13:04:00,1554.87,1555.08,1554.87,1555.08,0.01,25.14,39677.54,1
2026-02-25,2026-02-25 13:05:00,1555.08,1555.3,1555.08,1555.3,0.01,25.14,39677.54,1
2026-02-25,2026-02-25 13:06:00,1555.3,1555.52,1555.3,1555.52,0.01,25.14,39677.54,1
2026-02-25,2026-02-25 13:07:00,1555.52,1555.73,1555.52,1555.73,0.01,25.14,39677.54,1
2026-02-25,2026-02-25 13:08:00,1555.73,1555.95,1555.73,1555.95,0.01,25.14,39677.54,1
2026-02-25,2026-02-25 13:09:00,1555.95,1556.17,1555.95,1556.17,0.01,25.14,39677.54,1
2026-02-25,2026-02-25 13:10:00,1556.17,1556.38,1556.17,1556.38,0.01,25.14,39677.54,1
2026-02-25,2026-02-25 13:11:00,1556.38,1556.6,1556.38,1556.6,0.01,25.14,39677.54,1
2026-02-25,2026-02-25 13:12:00,1556.6,1556.82,1556.6,1556.82,0.01,25.14,39677.54,1
2026-02-25,2026-02-25 13:13:00,1556.82,1557.03,1556.82,1557.03,0.01,25.14,39677.54,1
2026-02-25,2026-02-25 13:14:00,1557.03,1557.25,1557.03,1557.25,0.01,25.14,39677.54,1
2026-02-25,2026-02-25 13:15:00,1557.25,1557.47,1557.25,1557.47,0.01,25.14,39677.54,1
2026-02-25,2026-02-25 13:16:00,1557.47,1557.68,1557.47,1557.68,0.01,25.14,39677.54,1
2026-02-25,2026-02-25 13:17:00,1557.68,1557.9,1557.68,1557.9,0.01,25.14,39677.54,1
2026-02-25,2026-02-25 13:18:00,1557.9,1558.12,1557.9,1558.12,0.01,25.14,39677.54,1
2026-02-25,2026-02-25 13:19:00,1558.12,1558.33,1558.12,1558.33,0.01,25.14,39677.54,1
2026-02-25,2026-02-25 13:20:00,1558.33,1558.55,1558.33,1558.55,0.01,25.14,39677.54,1
2026-02-25,2026-02-25 13:21:00,1558.55,1558.77,1558.55,1558.77,0.01,25.14,39677.54,1
2026-02-25,2026-02-25 13:22:00,1558.77,1558.98,1558.77,1558.98,0.01,25.14,39677.54,1
2026-02-25,2026-02-25 13:23:00,1558.98,1559.2,1558.98,1559.2,0.01,25.14,39677.54,1
2026-02-25,2026-02-25 13:24:00,1559.2,1559.42,1559.2,1559.42,0.01,25.14,39677.54,1
2026-02-25,2026-02-25 13:25:00,1559.42,1559.63,1559.42,1559.63,0.01,25.14,39677.54,1
2026-02-25,2026-02-25 13:26:00,1559.63,1559.85,1559.63,1559.85,0.01,25.14,39677.54,1
2026-02-25,2026-02-25 13:27:00,1559.85,1560.07,1559.85,1560.07,0.01,25.14,39677.54,1
2026-02-25,2026-02-25 13:28:00,1560.07,1560.28,1560.07,1560.28,0.01,25.14,39677.54,1
2026-02-25,2026-02-25 13:29:00,1560.28,1560.5,1560.28,1560.5,0.01,25.14,39677.54,1
2026-02-25,2026-02-25 13:30:00,1560.5,1560.72,1560.5,1560.72,0.01,25.14,39677.54,1
2026-02-25,2026-02-25 13:31:00,1560.72,1560.93,1560.72,1560.93,0.01,25.14,39677.54,1
2026-02-25,2026-02-25 13:32:00,1560.93,1561.15,1560.93,1561.15,0.01,25.14,39677.54,1
2026-02-25,2026-02-25 13:33:00,1561.15,1561.37,1561.15,1561.37,0.01,25.14,39677.54,1
2026-02-25,2026-02-25 13:34:00,1561.37,1561.58,1561.37,1561.58,0.01,25.14,39677.54,1
2026-02-25,2026-02-25 13:35:00,1561.58,1561.8,1561.58,1561.8,0.01,25.14,39677.54,1
2026-02-25,2026-02-25 13:36:00,1561.8,1562.02,1561.8,1562.02,0.01,25.14,39677.54,1
2026-02-25,2026-02-25 13:37:00,1562.02,1562.23,1562.02,1562.23,0.01,25.14,39677.54,1
2026-02-25,2026-02-25 13:38:00,1562.23,1562.45,1562.23,1562.45,0.01,25.14,39677.54,1
2026-02-25,2026-02-25 13:39:00,1562.45,1562.67,1562.45,1562.67,0.01,25.14,39677.54,1
2026-02-25,2026-02-25 13:40:00,1562.67,1562.88,1562.67,1562.88,0.01,25.14,39677.54,1
2026-02-25,2026-02-25 13:41:00,1562.88,1563.1,1562.88,1563.1,0.01,25.14,39677.54,1
2026-02-25,2026-02-25 13:42:00,1563.1,1563.32,1563.1,1563.32,0.01,25.14,39677.54,1
2026-02-25,2026-02-25 13:43:00,1563.32,1563.53,1563.32,1563.53,0.01,25.14,39677.54,1
2026-02-25,2026-02-25 13:44:00,1563.53,1563.75,1563.53,1563.75,0.01,25.14,39677.54,1
2026-02-25,2026-02-25 13:45:00,1563.75,1563.97,1563.75,1563.97,0.01,25.14,39677.54,1
2026-02-25,2026-02-25 13:46:00,1563.97,1564.18,1563.97,1564.18,0.01,25.14,39677.54,1
2026-02-25,2026-02-25 13:47:00,1564.18,1564.4,1564.18,1564.4,0.01,25.14,39677.54,1
2026-02-25,2026-02-25 13:48:00,1564.4,1564.62,1564.4,1564.62,0.01,25.14,39677.54,1
2026-02-25,2026-02-25 13:49:00,1564.62,1564.83,1564.62,1564.83,0.01,25.14,39677.54,1
2026-02-25,2026-02-25 13:50:00,1564.83,1565.05,1564.83,1565.05,0.01,25.14,39677.54,1
2026-02-25,2026-02-25 13:51:00,1565.05,1565.27,1565.05,1565.27,0.01,25.14,39677.54,1
2026-02-25,2026-02-25 13:52:00,1565.27,1565.48,1565.27,1565.48,0.01,25.14,39677.54,1
2026-02-25,2026-02-25 13:53:00,1565.48,1565.7,1565.48,1565.7,0.01,25.14,39677.54,1
2026-02-25,2026-02-25 13:54:00,1565.7,1565.92,1565.7,1565.92,0.01,25.14,39677.54,1
2026-02-25,2026-02-25 13:55:00,1565.92,1566.13,1565.92,1566.13,0.01,25.14,39677.54,1
2026-02-25,2026-02-25 13:56:00,1566.13,1566.35,1566.13,1566.35,0.01,25.14,39677.54,1
2026-02-25,2026-02-25 13:57:00,1566.35,1566.57,1566.35,1566.57,0.01,25.14,39677.54,1
2026-02-25,2026-02-25 13:58:00,1566.57,1566.78,1566.57,1566.78,0.01,25.14,39677.54,1
2026-02-25,2026-02-25 13:59:00,1566.78,1567.0,1566.78,1567.0,0.01,25.14,39677.54,1
2026-02-25,2026-02-25 14:00:00,1567.0,1567.22,1567.0,1567.22,0.01,25.14,39677.54,1
2026-02-25,2026-02-25 14:01:00,1567.22,1567.43,1567.22,1567.43,0.01,25.14,39677.54,1
2026-02-25,2026-02-25 14:02:00,1567.43,1567.65,1567.43,1567.65,0.01,25.14,39677.54,1
2026-02-25,2026-02-25 14:03:00,1567.65,1567.87,1567.65,1567.87,0.01,25.14,39677.54,1
2026-02-25,2026-02-25 14:04:00,1567.87,1568.08,1567.87,1568.08,0.01,25.14,39677.54,1
2026-02-25,2026-02-25 14:05:00,1568.08,1568.3,1568.08,1568.3,0.01,25.14,39677.54,1
2026-02-25,2026-02-25 14:06:00,1568.3,1568.52,1568.3,1568.52,0.01,25.14,39677.54,1
2026-02-25,2026-02-25 14:07:00,1568.52,1568.73,1568.52,1568.73,0.01,25.14,39677.54,1
2026-02-25,2026-02-25 14:08:00,1568.73,1568.95,1568.73,1568.95,0.01,25.14,39677.54,1
2026-02-25,2026-02-25 14:09:00,1568.95,1569.17,1568.95,1569.17,0.01,25.14,39677.54,1
2026-02-25,2026-02-25 14:10:00,1569.17,1569.38,1569.17,1569.38,0.01,25.14,39677.54,1
2026-02-25,2026-02-25 14:11:00,1569.38,1569.6,1569.38,1569.6,0.01,25.14,39677.54,1
2026-02-25,2026-02-25 14:12:00,1569.6,1569.82,1569.6,1569.82,0.01,25.14,39677.54,1
2026-02-25,2026-02-25 14:13:00,1569.82,1570.03,1569.82,1570.03,0.01,25.14,39677.54,1
2026-02-25,2026-02-25 14:14:00,1570.03,1570.25,1570.03,1570.25,0.01,25.14,39677.54,1
2026-02-25,2026-02-25 14:15:00,1570.25,1570.47,1570.25,1570.47,0.01,25.14,39677.54,1
2026-02-25,2026-02-25 14:16:00,1570.47,1570.68,1570.47,1570.68,0.01,25.14,39677.54,1
2026-02-25,2026-02-25 14:17:00,1570.68,1570.9,1570.68,1570.9,0.01,25.14,39677.54,1
2026-02-25,2026-02-25 14:18:00,1570.9,1571.12,1570.9,1571.12,0.01,25.14,39677.54,1
2026-02-25,2026-02-25 14:19:00,1571.12,1571.33,1571.12,1571.33,0.01,25.14,39677.54,1
2026-02-25,2026-02-25 14:20:00,1571.33,1571.55,1571.33,1571.55,0.01,25.14,39677.54,1
2026-02-25,2026-02-25 14:21:00,1571.55,1571.77,1571.55,1571.77,0.01,25.14,39677.54,1
2026-02-25,2026-02-25 14:22:00,1571.77,1571.98,1571.77,1571.98,0.01,25.14,39677.54,1
2026-02-25,2026-02-25 14:23:00,1571.98,1572.2,1571.98,1572.2,0.01,25.14,39677.54,1
2026-02-25,2026-02-25 14:24:00,1572.2,1572.42,1572.2,1572.42,0.01,25.14,39677.54,1
2026-02-25,2026-02-25 14:25:00,1572.42,1572.63,1572.42,1572.63,0.01,25.14,39677.54,1
2026-02-25,2026-02-25 14:26:00,1572.63,1572.85,1572.63,1572.85,0.01,25.14,39677.54,1
2026-02-25,2026-02-25 14:27:00,1572.85,1573.07,1572.85,1573.07,0.01,25.14,39677.54,1
2026-02-25,2026-02-25 14:28:00,1573.07,1573.28,1573.07,1573.28,0.01,25.14,39677.54,1
2026-02-25,2026-02-25 14:29:00,1573.28,1573.5,1573.28,1573.5,0.01,25.14,39677.54,1
2026-02-25,2026-02-25 14:30:00,1573.5,1573.72,1573.5,1573.72,0.01,25.14,39677.54,1
2026-02-25,2026-02-25 14:31:00,1573.72,1573.93,1573.72,1573.93,0.01,25.14,39677.54,1
2026-02-25,2026-02-25 14:32:00,1573.93,1574.15,1573.93,1574.15,0.01,25.14,39677.54,1
2026-02-25,2026-02-25 14:33:00,1574.15,1574.37,1574.15,1574.37,0.01,25.14,39677.54,1
2026-02-25,2026-02-25 14:34:00,1574.37,1574.58,1574.37,1574.58,0.01,25.14,39677.54,1
2026-02-25,2026-02-25 14:35:00,1574.58,1574.8,1574.58,1574.8,0.01,25.14,39677.54,1
2026-02-25,2026-02-25 14:36:00,1574.8,1575.02,1574.8,1575.02,0.01,25.14,39677.54,1
2026-02-25,2026-02-25 14:37:00,1575.02,1575.23,1575.02,1575.23,0.01,25.14,39677.54,1
2026-02-25,2026-02-25 14:38:00,1575.23,1575.45,1575.23,1575.45,0.01,25.14,39677.54,1
2026-02-25,2026-02-25 14:39:00,1575.45,1575.67,1575.45,1575.67,0.01,25.14,39677.54,1
2026-02-25,2026-02-25 14:40:00,1575.67,1575.88,1575.67,1575.88,0.01,25.14,39677.54,1
2026-02-25,2026-02-25 14:41:00,1575.88,1576.1,1575.88,1576.1,0.01,25.14,39677.54,1
2026-02-25,2026-02-25 14:42:00,1576.1,1576.32,1576.1,1576.32,0.01,25.14,39677.54,1
2026-02-25,2026-02-25 14:43:00,1576.32,1576.53,1576.32,1576.53,0.01,25.14,39677.54,1
2026-02-25,2026-02-25 14:44:00,1576.53,1576.75,1576.53,1576.75,0.01,25.14,39677.54,1
2026-02-25,2026-02-25 14:45:00,1576.75,1576.97,1576.75,1576.97,0.01,25.14,39677.54,1
2026-02-25,2026-02-25 14:46:00,1576.97,1577.18,1576.97,1577.18,0.01,25.14,39677.54,1
2026-02-25,2026-02-25 14:47:00,1577.18,1577.4,1577.18,1577.4,0.01,25.14,39677.54,1
2026-02-25,2026-02-25 14:48:00,1577.4,1577.62,1577.4,1577.62,0.01,25.14,39677.54,1
2026-02-25,2026-02-25 14:49:00,1577.62,1577.83,1577.62,1577.83,0.01,25.14,39677.54,1
2026-02-25,2026-02-25 14:50:00,1577.83,1578.05,1577.83,1578.05,0.01,25.14,39677.54,1
2026-02-25,2026-02-25 14:51:00,1578.05,1578.27,1578.05,1578.27,0.01,25.14,39677.54,1
2026-02-25,2026-02-25 14:52:00,1578.27,1578.48,1578.27,1578.48,0.01,25.14,39677.54,1
2026-02-25,2026-02-25 14:53:00,1578.48,1578.7,1578.48,1578.7,0.01,25.14,39677.54,1
2026-02-25,2026-02-25 14:54:00,1578.7,1578.92,1578.7,1578.92,0.01,25.14,39677.54,1
2026-02-25,2026-02-25 14:55:00,1578.92,1579.13,1578.92,1579.13,0.01,25.14,39677.54,1
2026-02-25,2026-02-25 14:56:00,1579.13,1579.35,1579.13,1579.35,0.01,25.14,39677.54,1
2026-02-25,2026-02-25 14:57:00,1579.35,1579.57,1579.35,1579.57,0.01,25.14,39677.54,1
2026-02-25,2026-02-25 14:58:00,1579.57,1579.78,1579.57,1579.78,0.01,25.14,39677.54,1
2026-02-25,2026-02-25 14:59:00,1579.78,1580.0,1579.78,1580.0,0.01,25.14,39677.54,1
2026-02-25,2026-02-25 15:00:00,1580.0,1588.9,1528.0,1580.0,0.0,25.14,39677.54,0
2026-02-26,2026-02-26 11:00:00,1555.0,1565.2,1553.2,1554.98,-0.0,10.64,16642.83,-1
2026-02-26,2026-02-26 11:01:00,1554.98,1554.98,1554.96,1554.96,-0.0,10.64,16642.83,-1
2026-02-26,2026-02-26 11:02:00,1554.96,1554.96,1554.94,1554.94,-0.0,10.64,16642.83,-1
2026-02-26,2026-02-26 11:03:00,1554.94,1554.94,1554.92,1554.92,-0.0,10.64,16642.83,-1
2026-02-26,2026-02-26 11:04:00,1554.92,1554.92,1554.9,1554.9,-0.0,10.64,16642.83,-1
2026-02-26,2026-02-26 11:05:00,1554.9,1554.9,1554.88,1554.88,-0.0,10.64,16642.83,-1
2026-02-26,2026-02-26 11:06:00,1554.88,1554.88,1554.85,1554.85,-0.0,10.64,16642.83,-1
2026-02-26,2026-02-26 11:07:00,1554.85,1554.85,1554.83,1554.83,-0.0,10.64,16642.83,-1
2026-02-26,2026-02-26 11:08:00,1554.83,1554.83,1554.81,1554.81,-0.0,10.64,16642.83,-1
2026-02-26,2026-02-26 11:09:00,1554.81,1554.81,1554.79,1554.79,-0.0,10.64,16642.83,-1
2026-02-26,2026-02-26 11:10:00,1554.79,1554.79,1554.77,1554.77,-0.0,10.64,16642.83,-1
2026-02-26,2026-02-26 11:11:00,1554.77,1554.77,1554.75,1554.75,-0.0,10.64,16642.83,-1
2026-02-26,2026-02-26 11:12:00,1554.75,1554.75,1554.73,1554.73,-0.0,10.64,16642.83,-1
2026-02-26,2026-02-26 11:13:00,1554.73,1554.73,1554.71,1554.71,-0.0,10.64,16642.83,-1
2026-02-26,2026-02-26 11:14:00,1554.71,1554.71,1554.69,1554.69,-0.0,10.64,16642.83,-1
2026-02-26,2026-02-26 11:15:00,1554.69,1554.69,1554.67,1554.67,-0.0,10.64,16642.83,-1
2026-02-26,2026-02-26 11:16:00,1554.67,1554.67,1554.65,1554.65,-0.0,10.64,16642.83,-1
2026-02-26,2026-02-26 11:17:00,1554.65,1554.65,1554.62,1554.62,-0.0,10.64,16642.83,-1
2026-02-26,2026-02-26 11:18:00,1554.62,1554.62,1554.6,1554.6,-0.0,10.64,16642.83,-1
2026-02-26,2026-02-26 11:19:00,1554.6,1554.6,1554.58,1554.58,-0.0,10.64,16642.83,-1
2026-02-26,2026-02-26 11:20:00,1554.58,1554.58,1554.56,1554.56,-0.0,10.64,16642.83,-1
2026-02-26,2026-02-26 11:21:00,1554.56,1554.56,1554.54,1554.54,-0.0,10.64,16642.83,-1
2026-02-26,2026-02-26 11:22:00,1554.54,1554.54,1554.52,1554.52,-0.0,10.64,16642.83,-1
2026-02-26,2026-02-26 11:23:00,1554.52,1554.52,1554.5,1554.5,-0.0,10.64,16642.83,-1
2026-02-26,2026-02-26 11:24:00,1554.5,1554.5,1554.48,1554.48,-0.0,10.64,16642.83,-1
2026-02-26,2026-02-26 11:25:00,1554.48,1554.48,1554.46,1554.46,-0.0,10.64,16642.83,-1
2026-02-26,2026-02-26 11:26:00,1554.46,1554.46,1554.44,1554.44,-0.0,10.64,16642.83,-1
2026-02-26,2026-02-26 11:27:00,1554.44,1554.44,1554.42,1554.42,-0.0,10.64,16642.83,-1
2026-02-26,2026-02-26 11:28:00,1554.42,1554.42,1554.4,1554.4,-0.0,10.64,16642.83,-1
2026-02-26,2026-02-26 11:29:00,1554.4,1554.4,1554.38,1554.38,-0.0,10.64,16642.83,-1
2026-02-26,2026-02-26 11:30:00,1554.38,1554.38,1554.35,1554.35,-0.0,10.64,16642.83,-1
2026-02-26,2026-02-26 11:31:00,1554.35,1554.35,1554.33,1554.33,-0.0,10.64,16642.83,-1
2026-02-26,2026-02-26 11:32:00,1554.33,1554.33,1554.31,1554.31,-0.0,10.64,16642.83,-1
2026-02-26,2026-02-26 11:33:00,1554.31,1554.31,1554.29,1554.29,-0.0,10.64,16642.83,-1
2026-02-26,2026-02-26 11:34:00,1554.29,1554.29,1554.27,1554.27,-0.0,10.64,16642.83,-1
2026-02-26,2026-02-26 11:35:00,1554.27,1554.27,1554.25,1554.25,-0.0,10.64,16642.83,-1
2026-02-26,2026-02-26 11:36:00,1554.25,1554.25,1554.23,1554.23,-0.0,10.64,16642.83,-1
2026-02-26,2026-02-26 11:37:00,1554.23,1554.23,1554.21,1554.21,-0.0,10.64,16642.83,-1
2026-02-26,2026-02-26 11:38:00,1554.21,1554.21,1554.19,1554.19,-0.0,10.64,16642.83,-1
2026-02-26,2026-02-26 11:39:00,1554.19,1554.19,1554.17,1554.17,-0.0,10.64,16642.83,-1
2026-02-26,2026-02-26 11:40:00,1554.17,1554.17,1554.15,1554.15,-0.0,10.64,16642.83,-1
2026-02-26,2026-02-26 11:41:00,1554.15,1554.15,1554.12,1554.12,-0.0,10.64,16642.83,-1
2026-02-26,2026-02-26 11:42:00,1554.12,1554.12,1554.1,1554.1,-0.0,10.64,16642.83,-1
2026-02-26,2026-02-26 11:43:00,1554.1,1554.1,1554.08,1554.08,-0.0,10.64,16642.83,-1
2026-02-26,2026-02-26 11:44:00,1554.08,1554.08,1554.06,1554.06,-0.0,10.64,16642.83,-1
2026-02-26,2026-02-26 11:45:00,1554.06,1554.06,1554.04,1554.04,-0.0,10.64,16642.83,-1
2026-02-26,2026-02-26 11:46:00,1554.04,1554.04,1554.02,1554.02,-0.0,10.64,16642.83,-1
2026-02-26,2026-02-26 11:47:00,1554.02,1554.02,1554.0,1554.0,-0.0,10.64,16642.83,-1
2026-02-26,2026-02-26 11:48:00,1554.0,1554.0,1553.98,1553.98,-0.0,10.64,16642.83,-1
2026-02-26,2026-02-26 11:49:00,1553.98,1553.98,1553.96,1553.96,-0.0,10.64,16642.83,-1
2026-02-26,2026-02-26 11:50:00,1553.96,1553.96,1553.94,1553.94,-0.0,10.64,16642.83,-1
2026-02-26,2026-02-26 11:51:00,1553.94,1553.94,1553.92,1553.92,-0.0,10.64,16642.83,-1
2026-02-26,2026-02-26 11:52:00,1553.92,1553.92,1553.9,1553.9,-0.0,10.64,16642.83,-1
2026-02-26,2026-02-26 11:53:00,1553.9,1553.9,1553.88,1553.88,-0.0,10.64,16642.83,-1
2026-02-26,2026-02-26 11:54:00,1553.88,1553.88,1553.85,1553.85,-0.0,10.64,16642.83,-1
2026-02-26,2026-02-26 11:55:00,1553.85,1553.85,1553.83,1553.83,-0.0,10.64,16642.83,-1
2026-02-26,2026-02-26 11:56:00,1553.83,1553.83,1553.81,1553.81,-0.0,10.64,16642.83,-1
2026-02-26,2026-02-26 11:57:00,1553.81,1553.81,1553.79,1553.79,-0.0,10.64,16642.83,-1
2026-02-26,2026-02-26 11:58:00,1553.79,1553.79,1553.77,1553.77,-0.0,10.64,16642.83,-1
2026-02-26,2026-02-26 11:59:00,1553.77,1553.77,1553.75,1553.75,-0.0,10.64,16642.83,-1
2026-02-26,2026-02-26 12:00:00,1553.75,1553.75,1553.73,1553.73,-0.0,10.64,16642.83,-1
2026-02-26,2026-02-26 12:01:00,1553.73,1553.73,1553.71,1553.71,-0.0,10.64,16642.83,-1
2026-02-26,2026-02-26 12:02:00,1553.71,1553.71,1553.69,1553.69,-0.0,10.64,16642.83,-1
2026-02-26,2026-02-26 12:03:00,1553.69,1553.69,1553.67,1553.67,-0.0,10.64,16642.83,-1
2026-02-26,2026-02-26 12:04:00,1553.67,1553.67,1553.65,1553.65,-0.0,10.64,16642.83,-1
2026-02-26,2026-02-26 12:05:00,1553.65,1553.65,1553.62,1553.62,-0.0,10.64,16642.83,-1
2026-02-26,2026-02-26 12:06:00,1553.62,1553.62,1553.6,1553.6,-0.0,10.64,16642.83,-1
2026-02-26,2026-02-26 12:07:00,1553.6,1553.6,1553.58,1553.58,-0.0,10.64,16642.83,-1
2026-02-26,2026-02-26 12:08:00,1553.58,1553.58,1553.56,1553.56,-0.0,10.64,16642.83,-1
2026-02-26,2026-02-26 12:09:00,1553.56,1553.56,1553.54,1553.54,-0.0,10.64,16642.83,-1
2026-02-26,2026-02-26 12:10:00,1553.54,1553.54,1553.52,1553.52,-0.0,10.64,16642.83,-1
2026-02-26,2026-02-26 12:11:00,1553.52,1553.52,1553.5,1553.5,-0.0,10.64,16642.83,-1
2026-02-26,2026-02-26 12:12:00,1553.5,1553.5,1553.48,1553.48,-0.0,10.64,16642.83,-1
2026-02-26,2026-02-26 12:13:00,1553.48,1553.48,1553.46,1553.46,-0.0,10.64,16642.83,-1
2026-02-26,2026-02-26 12:14:00,1553.46,1553.46,1553.44,1553.44,-0.0,10.64,16642.83,-1
2026-02-26,2026-02-26 12:15:00,1553.44,1553.44,1553.42,1553.42,-0.0,10.64,16642.83,-1
2026-02-26,2026-02-26 12:16:00,1553.42,1553.42,1553.4,1553.4,-0.0,10.64,16642.83,-1
2026-02-26,2026-02-26 12:17:00,1553.4,1553.4,1553.38,1553.38,-0.0,10.64,16642.83,-1
2026-02-26,2026-02-26 12:18:00,1553.38,1553.38,1553.35,1553.35,-0.0,10.64,16642.83,-1
2026-02-26,2026-02-26 12:19:00,1553.35,1553.35,1553.33,1553.33,-0.0,10.64,16642.83,-1
2026-02-26,2026-02-26 12:20:00,1553.33,1553.33,1553.31,1553.31,-0.0,10.64,16642.83,-1
2026-02-26,2026-02-26 12:21:00,1553.31,1553.31,1553.29,1553.29,-0.0,10.64,16642.83,-1
2026-02-26,2026-02-26 12:22:00,1553.29,1553.29,1553.27,1553.27,-0.0,10.64,16642.83,-1
2026-02-26,2026-02-26 12:23:00,1553.27,1553.27,1553.25,1553.25,-0.0,10.64,16642.83,-1
2026-02-26,2026-02-26 12:24:00,1553.25,1553.25,1553.23,1553.23,-0.0,10.64,16642.83,-1
2026-02-26,2026-02-26 12:25:00,1553.23,1553.23,1553.21,1553.21,-0.0,10.64,16642.83,-1
2026-02-26,2026-02-26 12:26:00,1553.21,1553.21,1553.19,1553.19,-0.0,10.64,16642.83,-1
2026-02-26,2026-02-26 12:27:00,1553.19,1553.19,1553.17,1553.17,-0.0,10.64,16642.83,-1
2026-02-26,2026-02-26 12:28:00,1553.17,1553.17,1553.15,1553.15,-0.0,10.64,16642.83,-1
2026-02-26,2026-02-26 12:29:00,1553.15,1553.15,1553.12,1553.12,-0.0,10.64,16642.83,-1
2026-02-26,2026-02-26 12:30:00,1553.12,1553.12,1553.1,1553.1,-0.0,10.64,16642.83,-1
2026-02-26,2026-02-26 12:31:00,1553.1,1553.1,1553.08,1553.08,-0.0,10.64,16642.83,-1
2026-02-26,2026-02-26 12:32:00,1553.08,1553.08,1553.06,1553.06,-0.0,10.64,16642.83,-1
2026-02-26,2026-02-26 12:33:00,1553.06,1553.06,1553.04,1553.04,-0.0,10.64,16642.83,-1
2026-02-26,2026-02-26 12:34:00,1553.04,1553.04,1553.02,1553.02,-0.0,10.64,16642.83,-1
2026-02-26,2026-02-26 12:35:00,1553.02,1553.02,1553.0,1553.0,-0.0,10.64,16642.83,-1
2026-02-26,2026-02-26 12:36:00,1553.0,1553.0,1552.98,1552.98,-0.0,10.64,16642.83,-1
2026-02-26,2026-02-26 12:37:00,1552.98,1552.98,1552.96,1552.96,-0.0,10.64,16642.83,-1
2026-02-26,2026-02-26 12:38:00,1552.96,1552.96,1552.94,1552.94,-0.0,10.64,16642.83,-1
2026-02-26,2026-02-26 12:39:00,1552.94,1552.94,1552.92,1552.92,-0.0,10.64,16642.83,-1
2026-02-26,2026-02-26 12:40:00,1552.92,1552.92,1552.9,1552.9,-0.0,10.64,16642.83,-1
2026-02-26,2026-02-26 12:41:00,1552.9,1552.9,1552.88,1552.88,-0.0,10.64,16642.83,-1
2026-02-26,2026-02-26 12:42:00,1552.88,1552.88,1552.85,1552.85,-0.0,10.64,16642.83,-1
2026-02-26,2026-02-26 12:43:00,1552.85,1552.85,1552.83,1552.83,-0.0,10.64,16642.83,-1
2026-02-26,2026-02-26 12:44:00,1552.83,1552.83,1552.81,1552.81,-0.0,10.64,16642.83,-1
2026-02-26,2026-02-26 12:45:00,1552.81,1552.81,1552.79,1552.79,-0.0,10.64,16642.83,-1
2026-02-26,2026-02-26 12:46:00,1552.79,1552.79,1552.77,1552.77,-0.0,10.64,16642.83,-1
2026-02-26,2026-02-26 12:47:00,1552.77,1552.77,1552.75,1552.75,-0.0,10.64,16642.83,-1
2026-02-26,2026-02-26 12:48:00,1552.75,1552.75,1552.73,1552.73,-0.0,10.64,16642.83,-1
2026-02-26,2026-02-26 12:49:00,1552.73,1552.73,1552.71,1552.71,-0.0,10.64,16642.83,-1
2026-02-26,2026-02-26 12:50:00,1552.71,1552.71,1552.69,1552.69,-0.0,10.64,16642.83,-1
2026-02-26,2026-02-26 12:51:00,1552.69,1552.69,1552.67,1552.67,-0.0,10.64,16642.83,-1
2026-02-26,2026-02-26 12:52:00,1552.67,1552.67,1552.65,1552.65,-0.0,10.64,16642.83,-1
2026-02-26,2026-02-26 12:53:00,1552.65,1552.65,1552.62,1552.62,-0.0,10.64,16642.83,-1
2026-02-26,2026-02-26 12:54:00,1552.62,1552.62,1552.6,1552.6,-0.0,10.64,16642.83,-1
2026-02-26,2026-02-26 12:55:00,1552.6,1552.6,1552.58,1552.58,-0.0,10.64,16642.83,-1
2026-02-26,2026-02-26 12:56:00,1552.58,1552.58,1552.56,1552.56,-0.0,10.64,16642.83,-1
2026-02-26,2026-02-26 12:57:00,1552.56,1552.56,1552.54,1552.54,-0.0,10.64,16642.83,-1
2026-02-26,2026-02-26 12:58:00,1552.54,1552.54,1552.52,1552.52,-0.0,10.64,16642.83,-1
2026-02-26,2026-02-26 12:59:00,1552.52,1552.52,1552.5,1552.5,-0.0,10.64,16642.83,-1
2026-02-26,2026-02-26 13:00:00,1552.5,1589.0,1549.0,1552.48,-0.0,10.64,16642.83,-1
2026-02-26,2026-02-26 13:01:00,1552.48,1552.48,1552.46,1552.46,-0.0,10.64,16642.83,-1
2026-02-26,2026-02-26 13:02:00,1552.46,1552.46,1552.44,1552.44,-0.0,10.64,16642.83,-1
2026-02-26,2026-02-26 13:03:00,1552.44,1552.44,1552.42,1552.42,-0.0,10.64,16642.83,-1
2026-02-26,2026-02-26 13:04:00,1552.42,1552.42,1552.4,1552.4,-0.0,10.64,16642.83,-1
2026-02-26,2026-02-26 13:05:00,1552.4,1552.4,1552.38,1552.38,-0.0,10.64,16642.83,-1
2026-02-26,2026-02-26 13:06:00,1552.38,1552.38,1552.35,1552.35,-0.0,10.64,16642.83,-1
2026-02-26,2026-02-26 13:07:00,1552.35,1552.35,1552.33,1552.33,-0.0,10.64,16642.83,-1
2026-02-26,2026-02-26 13:08:00,1552.33,1552.33,1552.31,1552.31,-0.0,10.64,16642.83,-1
2026-02-26,2026-02-26 13:09:00,1552.31,1552.31,1552.29,1552.29,-0.0,10.64,16642.83,-1
2026-02-26,2026-02-26 13:10:00,1552.29,1552.29,1552.27,1552.27,-0.0,10.64,16642.83,-1
2026-02-26,2026-02-26 13:11:00,1552.27,1552.27,1552.25,1552.25,-0.0,10.64,16642.83,-1
2026-02-26,2026-02-26 13:12:00,1552.25,1552.25,1552.23,1552.23,-0.0,10.64,16642.83,-1
2026-02-26,2026-02-26 13:13:00,1552.23,1552.23,1552.21,1552.21,-0.0,10.64,16642.83,-1
2026-02-26,2026-02-26 13:14:00,1552.21,1552.21,1552.19,1552.19,-0.0,10.64,16642.83,-1
2026-02-26,2026-02-26 13:15:00,1552.19,1552.19,1552.17,1552.17,-0.0,10.64,16642.83,-1
2026-02-26,2026-02-26 13:16:00,1552.17,1552.17,1552.15,1552.15,-0.0,10.64,16642.83,-1
2026-02-26,2026-02-26 13:17:00,1552.15,1552.15,1552.12,1552.12,-0.0,10.64,16642.83,-1
2026-02-26,2026-02-26 13:18:00,1552.12,1552.12,1552.1,1552.1,-0.0,10.64,16642.83,-1
2026-02-26,2026-02-26 13:19:00,1552.1,1552.1,1552.08,1552.08,-0.0,10.64,16642.83,-1
2026-02-26,2026-02-26 13:20:00,1552.08,1552.08,1552.06,1552.06,-0.0,10.64,16642.83,-1
2026-02-26,2026-02-26 13:21:00,1552.06,1552.06,1552.04,1552.04,-0.0,10.64,16642.83,-1
2026-02-26,2026-02-26 13:22:00,1552.04,1552.04,1552.02,1552.02,-0.0,10.64,16642.83,-1
2026-02-26,2026-02-26 13:23:00,1552.02,1552.02,1552.0,1552.0,-0.0,10.64,16642.83,-1
2026-02-26,2026-02-26 13:24:00,1552.0,1552.0,1551.98,1551.98,-0.0,10.64,16642.83,-1
2026-02-26,2026-02-26 13:25:00,1551.98,1551.98,1551.96,1551.96,-0.0,10.64,16642.83,-1
2026-02-26,2026-02-26 13:26:00,1551.96,1551.96,1551.94,1551.94,-0.0,10.64,16642.83,-1
2026-02-26,2026-02-26 13:27:00,1551.94,1551.94,1551.92,1551.92,-0.0,10.64,16642.83,-1
2026-02-26,2026-02-26 13:28:00,1551.92,1551.92,1551.9,1551.9,-0.0,10.64,16642.83,-1
2026-02-26,2026-02-26 13:29:00,1551.9,1551.9,1551.88,1551.88,-0.0,10.64,16642.83,-1
2026-02-26,2026-02-26 13:30:00,1551.88,1551.88,1551.85,1551.85,-0.0,10.64,16642.83,-1
2026-02-26,2026-02-26 13:31:00,1551.85,1551.85,1551.83,1551.83,-0.0,10.64,16642.83,-1
2026-02-26,2026-02-26 13:32:00,1551.83,1551.83,1551.81,1551.81,-0.0,10.64,16642.83,-1
2026-02-26,2026-02-26 13:33:00,1551.81,1551.81,1551.79,1551.79,-0.0,10.64,16642.83,-1
2026-02-26,2026-02-26 13:34:00,1551.79,1551.79,1551.77,1551.77,-0.0,10.64,16642.83,-1
2026-02-26,2026-02-26 13:35:00,1551.77,1551.77,1551.75,1551.75,-0.0,10.64,16642.83,-1
2026-02-26,2026-02-26 13:36:00,1551.75,1551.75,1551.73,1551.73,-0.0,10.64,16642.83,-1
2026-02-26,2026-02-26 13:37:00,1551.73,1551.73,1551.71,1551.71,-0.0,10.64,16642.83,-1
2026-02-26,2026-02-26 13:38:00,1551.71,1551.71,1551.69,1551.69,-0.0,10.64,16642.83,-1
2026-02-26,2026-02-26 13:39:00,1551.69,1551.69,1551.67,1551.67,-0.0,10.64,16642.83,-1
2026-02-26,2026-02-26 13:40:00,1551.67,1551.67,1551.65,1551.65,-0.0,10.64,16642.83,-1
2026-02-26,2026-02-26 13:41:00,1551.65,1551.65,1551.62,1551.62,-0.0,10.64,16642.83,-1
2026-02-26,2026-02-26 13:42:00,1551.62,1551.62,1551.6,1551.6,-0.0,10.64,16642.83,-1
2026-02-26,2026-02-26 13:43:00,1551.6,1551.6,1551.58,1551.58,-0.0,10.64,16642.83,-1
2026-02-26,2026-02-26 13:44:00,1551.58,1551.58,1551.56,1551.56,-0.0,10.64,16642.83,-1
2026-02-26,2026-02-26 13:45:00,1551.56,1551.56,1551.54,1551.54,-0.0,10.64,16642.83,-1
2026-02-26,2026-02-26 13:46:00,1551.54,1551.54,1551.52,1551.52,-0.0,10.64,16642.83,-1
2026-02-26,2026-02-26 13:47:00,1551.52,1551.52,1551.5,1551.5,-0.0,10.64,16642.83,-1
2026-02-26,2026-02-26 13:48:00,1551.5,1551.5,1551.48,1551.48,-0.0,10.64,16642.83,-1
2026-02-26,2026-02-26 13:49:00,1551.48,1551.48,1551.46,1551.46,-0.0,10.64,16642.83,-1
2026-02-26,2026-02-26 13:50:00,1551.46,1551.46,1551.44,1551.44,-0.0,10.64,16642.83,-1
2026-02-26,2026-02-26 13:51:00,1551.44,1551.44,1551.42,1551.42,-0.0,10.64,16642.83,-1
2026-02-26,2026-02-26 13:52:00,1551.42,1551.42,1551.4,1551.4,-0.0,10.64,16642.83,-1
2026-02-26,2026-02-26 13:53:00,1551.4,1551.4,1551.38,1551.38,-0.0,10.64,16642.83,-1
2026-02-26,2026-02-26 13:54:00,1551.38,1551.38,1551.35,1551.35,-0.0,10.64,16642.83,-1
2026-02-26,2026-02-26 13:55:00,1551.35,1551.35,1551.33,1551.33,-0.0,10.64,16642.83,-1
2026-02-26,2026-02-26 13:56:00,1551.33,1551.33,1551.31,1551.31,-0.0,10.64,16642.83,-1
2026-02-26,2026-02-26 13:57:00,1551.31,1551.31,1551.29,1551.29,-0.0,10.64,16642.83,-1
2026-02-26,2026-02-26 13:58:00,1551.29,1551.29,1551.27,1551.27,-0.0,10.64,16642.83,-1
2026-02-26,2026-02-26 13:59:00,1551.27,1551.27,1551.25,1551.25,-0.0,10.64,16642.83,-1
2026-02-26,2026-02-26 14:00:00,1551.25,1551.25,1551.23,1551.23,-0.0,10.64,16642.83,-1
2026-02-26,2026-02-26 14:01:00,1551.23,1551.23,1551.21,1551.21,-0.0,10.64,16642.83,-1
2026-02-26,2026-02-26 14:02:00,1551.21,1551.21,1551.19,1551.19,-0.0,10.64,16642.83,-1
2026-02-26,2026-02-26 14:03:00,1551.19,1551.19,1551.17,1551.17,-0.0,10.64,16642.83,-1
2026-02-26,2026-02-26 14:04:00,1551.17,1551.17,1551.15,1551.15,-0.0,10.64,16642.83,-1
2026-02-26,2026-02-26 14:05:00,1551.15,1551.15,1551.12,1551.12,-0.0,10.64,16642.83,-1
2026-02-26,2026-02-26 14:06:00,1551.12,1551.12,1551.1,1551.1,-0.0,10.64,16642.83,-1
2026-02-26,2026-02-26 14:07:00,1551.1,1551.1,1551.08,1551.08,-0.0,10.64,16642.83,-1
2026-02-26,2026-02-26 14:08:00,1551.08,1551.08,1551.06,1551.06,-0.0,10.64,16642.83,-1
2026-02-26,2026-02-26 14:09:00,1551.06,1551.06,1551.04,1551.04,-0.0,10.64,16642.83,-1
2026-02-26,2026-02-26 14:10:00,1551.04,1551.04,1551.02,1551.02,-0.0,10.64,16642.83,-1
2026-02-26,2026-02-26 14:11:00,1551.02,1551.02,1551.0,1551.0,-0.0,10.64,16642.83,-1
2026-02-26,2026-02-26 14:12:00,1551.0,1551.0,1550.98,1550.98,-0.0,10.64,16642.83,-1
2026-02-26,2026-02-26 14:13:00,1550.98,1550.98,1550.96,1550.96,-0.0,10.64,16642.83,-1
2026-02-26,2026-02-26 14:14:00,1550.96,1550.96,1550.94,1550.94,-0.0,10.64,16642.83,-1
2026-02-26,2026-02-26 14:15:00,1550.94,1550.94,1550.92,1550.92,-0.0,10.64,16642.83,-1
2026-02-26,2026-02-26 14:16:00,1550.92,1550.92,1550.9,1550.9,-0.0,10.64,16642.83,-1
2026-02-26,2026-02-26 14:17:00,1550.9,1550.9,1550.88,1550.88,-0.0,10.64,16642.83,-1
2026-02-26,2026-02-26 14:18:00,1550.88,1550.88,1550.85,1550.85,-0.0,10.64,16642.83,-1
2026-02-26,2026-02-26 14:19:00,1550.85,1550.85,1550.83,1550.83,-0.0,10.64,16642.83,-1
2026-02-26,2026-02-26 14:20:00,1550.83,1550.83,1550.81,1550.81,-0.0,10.64,16642.83,-1
2026-02-26,2026-02-26 14:21:00,1550.81,1550.81,1550.79,1550.79,-0.0,10.64,16642.83,-1
2026-02-26,2026-02-26 14:22:00,1550.79,1550.79,1550.77,1550.77,-0.0,10.64,16642.83,-1
2026-02-26,2026-02-26 14:23:00,1550.77,1550.77,1550.75,1550.75,-0.0,10.64,16642.83,-1
2026-02-26,2026-02-26 14:24:00,1550.75,1550.75,1550.73,1550.73,-0.0,10.64,16642.83,-1
2026-02-26,2026-02-26 14:25:00,1550.73,1550.73,1550.71,1550.71,-0.0,10.64,16642.83,-1
2026-02-26,2026-02-26 14:26:00,1550.71,1550.71,1550.69,1550.69,-0.0,10.64,16642.83,-1
2026-02-26,2026-02-26 14:27:00,1550.69,1550.69,1550.67,1550.67,-0.0,10.64,16642.83,-1
2026-02-26,2026-02-26 14:28:00,1550.67,1550.67,1550.65,1550.65,-0.0,10.64,16642.83,-1
2026-02-26,2026-02-26 14:29:00,1550.65,1550.65,1550.62,1550.62,-0.0,10.64,16642.83,-1
2026-02-26,2026-02-26 14:30:00,1550.62,1550.62,1550.6,1550.6,-0.0,10.64,16642.83,-1
2026-02-26,2026-02-26 14:31:00,1550.6,1550.6,1550.58,1550.58,-0.0,10.64,16642.83,-1
2026-02-26,2026-02-26 14:32:00,1550.58,1550.58,1550.56,1550.56,-0.0,10.64,16642.83,-1
2026-02-26,2026-02-26 14:33:00,1550.56,1550.56,1550.54,1550.54,-0.0,10.64,16642.83,-1
2026-02-26,2026-02-26 14:34:00,1550.54,1550.54,1550.52,1550.52,-0.0,10.64,16642.83,-1
2026-02-26,2026-02-26 14:35:00,1550.52,1550.52,1550.5,1550.5,-0.0,10.64,16642.83,-1
2026-02-26,2026-02-26 14:36:00,1550.5,1550.5,1550.48,1550.48,-0.0,10.64,16642.83,-1
2026-02-26,2026-02-26 14:37:00,1550.48,1550.48,1550.46,1550.46,-0.0,10.64,16642.83,-1
2026-02-26,2026-02-26 14:38:00,1550.46,1550.46,1550.44,1550.44,-0.0,10.64,16642.83,-1
2026-02-26,2026-02-26 14:39:00,1550.44,1550.44,1550.42,1550.42,-0.0,10.64,16642.83,-1
2026-02-26,2026-02-26 14:40:00,1550.42,1550.42,1550.4,1550.4,-0.0,10.64,16642.83,-1
2026-02-26,2026-02-26 14:41:00,1550.4,1550.4,1550.38,1550.38,-0.0,10.64,16642.83,-1
2026-02-26,2026-02-26 14:42:00,1550.38,1550.38,1550.35,1550.35,-0.0,10.64,16642.83,-1
2026-02-26,2026-02-26 14:43:00,1550.35,1550.35,1550.33,1550.33,-0.0,10.64,16642.83,-1
2026-02-26,2026-02-26 14:44:00,1550.33,1550.33,1550.31,1550.31,-0.0,10.64,16642.83,-1
2026-02-26,2026-02-26 14:45:00,1550.31,1550.31,1550.29,1550.29,-0.0,10.64,16642.83,-1
2026-02-26,2026-02-26 14:46:00,1550.29,1550.29,1550.27,1550.27,-0.0,10.64,16642.83,-1
2026-02-26,2026-02-26 14:47:00,1550.27,1550.27,1550.25,1550.25,-0.0,10.64,16642.83,-1
2026-02-26,2026-02-26 14:48:00,1550.25,1550.25,1550.23,1550.23,-0.0,10.64,16642.83,-1
2026-02-26,2026-02-26 14:49:00,1550.23,1550.23,1550.21,1550.21,-0.0,10.64,16642.83,-1
2026-02-26,2026-02-26 14:50:00,1550.21,1550.21,1550.19,1550.19,-0.0,10.64,16642.83,-1
2026-02-26,2026-02-26 14:51:00,1550.19,1550.19,1550.17,1550.17,-0.0,10.64,16642.83,-1
2026-02-26,2026-02-26 14:52:00,1550.17,1550.17,1550.15,1550.15,-0.0,10.64,16642.83,-1
2026-02-26,2026-02-26 14:53:00,1550.15,1550.15,1550.12,1550.12,-0.0,10.64,16642.83,-1
2026-02-26,2026-02-26 14:54:00,1550.12,1550.12,1550.1,1550.1,-0.0,10.64,16642.83,-1
2026-02-26,2026-02-26 14:55:00,1550.1,1550.1,1550.08,1550.08,-0.0,10.64,16642.83,-1
2026-02-26,2026-02-26 14:56:00,1550.08,1550.08,1550.06,1550.06,-0.0,10.64,16642.83,-1
2026-02-26,2026-02-26 14:57:00,1550.06,1550.06,1550.04,1550.04,-0.0,10.64,16642.83,-1
2026-02-26,2026-02-26 14:58:00,1550.04,1550.04,1550.02,1550.02,-0.0,10.64,16642.83,-1
2026-02-26,2026-02-26 14:59:00,1550.02,1550.02,1550.0,1550.0,-0.0,10.64,16642.83,-1
2026-02-26,2026-02-26 15:00:00,1550.0,1589.0,1549.0,1550.0,0.0,10.64,16642.83,0
2026-03-01,2026-03-01 11:00:00,1543.1,1553.51,1543.1,1543.22,0.01,18.11,28421.75,1
2026-03-01,2026-03-01 11:01:00,1543.22,1543.35,1543.22,1543.35,0.01,18.11,28421.75,1
2026-03-01,2026-03-01 11:02:00,1543.35,1543.47,1543.35,1543.47,0.01,18.11,28421.75,1
2026-03-01,2026-03-01 11:03:00,1543.47,1543.6,1543.47,1543.6,0.01,18.11,28421.75,1
2026-03-01,2026-03-01 11:04:00,1543.6,1543.72,1543.6,1543.72,0.01,18.11,28421.75,1
2026-03-01,2026-03-01 11:05:00,1543.72,1543.85,1543.72,1543.85,0.01,18.11,28421.75,1
2026-03-01,2026-03-01 11:06:00,1543.85,1543.97,1543.85,1543.97,0.01,18.11,28421.75,1
2026-03-01,2026-03-01 11:07:00,1543.97,1544.1,1543.97,1544.1,0.01,18.11,28421.75,1
2026-03-01,2026-03-01 11:08:00,1544.1,1544.22,1544.1,1544.22,0.01,18.11,28421.75,1
2026-03-01,2026-03-01 11:09:00,1544.22,1544.35,1544.22,1544.35,0.01,18.11,28421.75,1
2026-03-01,2026-03-01 11:10:00,1544.35,1544.47,1544.35,1544.47,0.01,18.11,28421.75,1
2026-03-01,2026-03-01 11:11:00,1544.47,1544.59,1544.47,1544.59,0.01,18.11,28421.75,1
2026-03-01,2026-03-01 11:12:00,1544.59,1544.72,1544.59,1544.72,0.01,18.11,28421.75,1
2026-03-01,2026-03-01 11:13:00,1544.72,1544.84,1544.72,1544.84,0.01,18.11,28421.75,1
2026-03-01,2026-03-01 11:14:00,1544.84,1544.97,1544.84,1544.97,0.01,18.11,28421.75,1
2026-03-01,2026-03-01 11:15:00,1544.97,1545.09,1544.97,1545.09,0.01,18.11,28421.75,1
2026-03-01,2026-03-01 11:16:00,1545.09,1545.22,1545.09,1545.22,0.01,18.11,28421.75,1
2026-03-01,2026-03-01 11:17:00,1545.22,1545.34,1545.22,1545.34,0.01,18.11,28421.75,1
2026-03-01,2026-03-01 11:18:00,1545.34,1545.47,1545.34,1545.47,0.01,18.11,28421.75,1
2026-03-01,2026-03-01 11:19:00,1545.47,1545.59,1545.47,1545.59,0.01,18.11,28421.75,1
2026-03-01,2026-03-01 11:20:00,1545.59,1545.72,1545.59,1545.72,0.01,18.11,28421.75,1
2026-03-01,2026-03-01 11:21:00,1545.72,1545.84,1545.72,1545.84,0.01,18.11,28421.75,1
2026-03-01,2026-03-01 11:22:00,1545.84,1545.97,1545.84,1545.97,0.01,18.11,28421.75,1
2026-03-01,2026-03-01 11:23:00,1545.97,1546.09,1545.97,1546.09,0.01,18.11,28421.75,1
2026-03-01,2026-03-01 11:24:00,1546.09,1546.21,1546.09,1546.21,0.01,18.11,28421.75,1
2026-03-01,2026-03-01 11:25:00,1546.21,1546.34,1546.21,1546.34,0.01,18.11,28421.75,1
2026-03-01,2026-03-01 11:26:00,1546.34,1546.46,1546.34,1546.46,0.01,18.11,28421.75,1
2026-03-01,2026-03-01 11:27:00,1546.46,1546.59,1546.46,1546.59,0.01,18.11,28421.75,1
2026-03-01,2026-03-01 11:28:00,1546.59,1546.71,1546.59,1546.71,0.01,18.11,28421.75,1
2026-03-01,2026-03-01 11:29:00,1546.71,1546.84,1546.71,1546.84,0.01,18.11,28421.75,1
2026-03-01,2026-03-01 11:30:00,1546.84,1546.96,1546.84,1546.96,0.01,18.11,28421.75,1
2026-03-01,2026-03-01 11:31:00,1546.96,1547.09,1546.96,1547.09,0.01,18.11,28421.75,1
2026-03-01,2026-03-01 11:32:00,1547.09,1547.21,1547.09,1547.21,0.01,18.11,28421.75,1
2026-03-01,2026-03-01 11:33:00,1547.21,1547.34,1547.21,1547.34,0.01,18.11,28421.75,1
2026-03-01,2026-03-01 11:34:00,1547.34,1547.46,1547.34,1547.46,0.01,18.11,28421.75,1
2026-03-01,2026-03-01 11:35:00,1547.46,1547.59,1547.46,1547.59,0.01,18.11,28421.75,1
2026-03-01,2026-03-01 11:36:00,1547.59,1547.71,1547.59,1547.71,0.01,18.11,28421.75,1
2026-03-01,2026-03-01 11:37:00,1547.71,1547.83,1547.71,1547.83,0.01,18.11,28421.75,1
2026-03-01,2026-03-01 11:38:00,1547.83,1547.96,1547.83,1547.96,0.01,18.11,28421.75,1
2026-03-01,2026-03-01 11:39:00,1547.96,1548.08,1547.96,1548.08,0.01,18.11,28421.75,1
2026-03-01,2026-03-01 11:40:00,1548.08,1548.21,1548.08,1548.21,0.01,18.11,28421.75,1
2026-03-01,2026-03-01 11:41:00,1548.21,1548.33,1548.21,1548.33,0.01,18.11,28421.75,1
2026-03-01,2026-03-01 11:42:00,1548.33,1548.46,1548.33,1548.46,0.01,18.11,28421.75,1
2026-03-01,2026-03-01 11:43:00,1548.46,1548.58,1548.46,1548.58,0.01,18.11,28421.75,1
2026-03-01,2026-03-01 11:44:00,1548.58,1548.71,1548.58,1548.71,0.01,18.11,28421.75,1
2026-03-01,2026-03-01 11:45:00,1548.71,1548.83,1548.71,1548.83,0.01,18.11,28421.75,1
2026-03-01,2026-03-01 11:46:00,1548.83,1548.96,1548.83,1548.96,0.01,18.11,28421.75,1
2026-03-01,2026-03-01 11:47:00,1548.96,1549.08,1548.96,1549.08,0.01,18.11,28421.75,1
2026-03-01,2026-03-01 11:48:00,1549.08,1549.2,1549.08,1549.2,0.01,18.11,28421.75,1
2026-03-01,2026-03-01 11:49:00,1549.2,1549.33,1549.2,1549.33,0.01,18.11,28421.75,1
2026-03-01,2026-03-01 11:50:00,1549.33,1549.45,1549.33,1549.45,0.01,18.11,28421.75,1
2026-03-01,2026-03-01 11:51:00,1549.45,1549.58,1549.45,1549.58,0.01,18.11,28421.75,1
2026-03-01,2026-03-01 11:52:00,1549.58,1549.7,1549.58,1549.7,0.01,18.11,28421.75,1
2026-03-01,2026-03-01 11:53:00,1549.7,1549.83,1549.7,1549.83,0.01,18.11,28421.75,1
2026-03-01,2026-03-01 11:54:00,1549.83,1549.95,1549.83,1549.95,0.01,18.11,28421.75,1
2026-03-01,2026-03-01 11:55:00,1549.95,1550.08,1549.95,1550.08,0.01,18.11,28421.75,1
2026-03-01,2026-03-01 11:56:00,1550.08,1550.2,1550.08,1550.2,0.01,18.11,28421.75,1
2026-03-01,2026-03-01 11:57:00,1550.2,1550.33,1550.2,1550.33,0.01,18.11,28421.75,1
2026-03-01,2026-03-01 11:58:00,1550.33,1550.45,1550.33,1550.45,0.01,18.11,28421.75,1
2026-03-01,2026-03-01 11:59:00,1550.45,1550.57,1550.45,1550.57,0.01,18.11,28421.75,1
2026-03-01,2026-03-01 12:00:00,1550.57,1550.7,1550.57,1550.7,0.01,18.11,28421.75,1
2026-03-01,2026-03-01 12:01:00,1550.7,1550.82,1550.7,1550.82,0.01,18.11,28421.75,1
2026-03-01,2026-03-01 12:02:00,1550.82,1550.95,1550.82,1550.95,0.01,18.11,28421.75,1
2026-03-01,2026-03-01 12:03:00,1550.95,1551.07,1550.95,1551.07,0.01,18.11,28421.75,1
2026-03-01,2026-03-01 12:04:00,1551.07,1551.2,1551.07,1551.2,0.01,18.11,28421.75,1
2026-03-01,2026-03-01 12:05:00,1551.2,1551.32,1551.2,1551.32,0.01,18.11,28421.75,1
2026-03-01,2026-03-01 12:06:00,1551.32,1551.45,1551.32,1551.45,0.01,18.11,28421.75,1
2026-03-01,2026-03-01 12:07:00,1551.45,1551.57,1551.45,1551.57,0.01,18.11,28421.75,1
2026-03-01,2026-03-01 12:08:00,1551.57,1551.7,1551.57,1551.7,0.01,18.11,28421.75,1
2026-03-01,2026-03-01 12:09:00,1551.7,1551.82,1551.7,1551.82,0.01,18.11,28421.75,1
2026-03-01,2026-03-01 12:10:00,1551.82,1551.95,1551.82,1551.95,0.01,18.11,28421.75,1
2026-03-01,2026-03-01 12:11:00,1551.95,1552.07,1551.95,1552.07,0.01,18.11,28421.75,1
2026-03-01,2026-03-01 12:12:00,1552.07,1552.19,1552.07,1552.19,0.01,18.11,28421.75,1
2026-03-01,2026-03-01 12:13:00,1552.19,1552.32,1552.19,1552.32,0.01,18.11,28421.75,1
2026-03-01,2026-03-01 12:14:00,1552.32,1552.44,1552.32,1552.44,0.01,18.11,28421.75,1
2026-03-01,2026-03-01 12:15:00,1552.44,1552.57,1552.44,1552.57,0.01,18.11,28421.75,1
2026-03-01,2026-03-01 12:16:00,1552.57,1552.69,1552.57,1552.69,0.01,18.11,28421.75,1
2026-03-01,2026-03-01 12:17:00,1552.69,1552.82,1552.69,1552.82,0.01,18.11,28421.75,1
2026-03-01,2026-03-01 12:18:00,1552.82,1552.94,1552.82,1552.94,0.01,18.11,28421.75,1
2026-03-01,2026-03-01 12:19:00,1552.94,1553.07,1552.94,1553.07,0.01,18.11,28421.75,1
2026-03-01,2026-03-01 12:20:00,1553.07,1553.19,1553.07,1553.19,0.01,18.11,28421.75,1
2026-03-01,2026-03-01 12:21:00,1553.19,1553.32,1553.19,1553.32,0.01,18.11,28421.75,1
2026-03-01,2026-03-01 12:22:00,1553.32,1553.44,1553.32,1553.44,0.01,18.11,28421.75,1
2026-03-01,2026-03-01 12:23:00,1553.44,1553.57,1553.44,1553.57,0.01,18.11,28421.75,1
2026-03-01,2026-03-01 12:24:00,1553.57,1553.69,1553.57,1553.69,0.01,18.11,28421.75,1
2026-03-01,2026-03-01 12:25:00,1553.69,1553.81,1553.69,1553.81,0.01,18.11,28421.75,1
2026-03-01,2026-03-01 12:26:00,1553.81,1553.94,1553.81,1553.94,0.01,18.11,28421.75,1
2026-03-01,2026-03-01 12:27:00,1553.94,1554.06,1553.94,1554.06,0.01,18.11,28421.75,1
2026-03-01,2026-03-01 12:28:00,1554.06,1554.19,1554.06,1554.19,0.01,18.11,28421.75,1
2026-03-01,2026-03-01 12:29:00,1554.19,1554.31,1554.19,1554.31,0.01,18.11,28421.75,1
2026-03-01,2026-03-01 12:30:00,1554.31,1554.44,1554.31,1554.44,0.01,18.11,28421.75,1
2026-03-01,2026-03-01 12:31:00,1554.44,1554.56,1554.44,1554.56,0.01,18.11,28421.75,1
2026-03-01,2026-03-01 12:32:00,1554.56,1554.69,1554.56,1554.69,0.01,18.11,28421.75,1
2026-03-01,2026-03-01 12:33:00,1554.69,1554.81,1554.69,1554.81,0.01,18.11,28421.75,1
2026-03-01,2026-03-01 12:34:00,1554.81,1554.94,1554.81,1554.94,0.01,18.11,28421.75,1
2026-03-01,2026-03-01 12:35:00,1554.94,1555.06,1554.94,1555.06,0.01,18.11,28421.75,1
2026-03-01,2026-03-01 12:36:00,1555.06,1555.18,1555.06,1555.18,0.01,18.11,28421.75,1
2026-03-01,2026-03-01 12:37:00,1555.18,1555.31,1555.18,1555.31,0.01,18.11,28421.75,1
2026-03-01,2026-03-01 12:38:00,1555.31,1555.43,1555.31,1555.43,0.01,18.11,28421.75,1
2026-03-01,2026-03-01 12:39:00,1555.43,1555.56,1555.43,1555.56,0.01,18.11,28421.75,1
2026-03-01,2026-03-01 12:40:00,1555.56,1555.68,1555.56,1555.68,0.01,18.11,28421.75,1
2026-03-01,2026-03-01 12:41:00,1555.68,1555.81,1555.68,1555.81,0.01,18.11,28421.75,1
2026-03-01,2026-03-01 12:42:00,1555.81,1555.93,1555.81,1555.93,0.01,18.11,28421.75,1
2026-03-01,2026-03-01 12:43:00,1555.93,1556.06,1555.93,1556.06,0.01,18.11,28421.75,1
2026-03-01,2026-03-01 12:44:00,1556.06,1556.18,1556.06,1556.18,0.01,18.11,28421.75,1
2026-03-01,2026-03-01 12:45:00,1556.18,1556.31,1556.18,1556.31,0.01,18.11,28421.75,1
2026-03-01,2026-03-01 12:46:00,1556.31,1556.43,1556.31,1556.43,0.01,18.11,28421.75,1
2026-03-01,2026-03-01 12:47:00,1556.43,1556.55,1556.43,1556.55,0.01,18.11,28421.75,1
2026-03-01,2026-03-01 12:48:00,1556.55,1556.68,1556.55,1556.68,0.01,18.11,28421.75,1
2026-03-01,2026-03-01 12:49:00,1556.68,1556.8,1556.68,1556.8,0.01,18.11,28421.75,1
2026-03-01,2026-03-01 12:50:00,1556.8,1556.93,1556.8,1556.93,0.01,18.11,28421.75,1
2026-03-01,2026-03-01 12:51:00,1556.93,1557.05,1556.93,1557.05,0.01,18.11,28421.75,1
2026-03-01,2026-03-01 12:52:00,1557.05,1557.18,1557.05,1557.18,0.01,18.11,28421.75,1
2026-03-01,2026-03-01 12:53:00,1557.18,1557.3,1557.18,1557.3,0.01,18.11,28421.75,1
2026-03-01,2026-03-01 12:54:00,1557.3,1557.43,1557.3,1557.43,0.01,18.11,28421.75,1
2026-03-01,2026-03-01 12:55:00,1557.43,1557.55,1557.43,1557.55,0.01,18.11,28421.75,1
2026-03-01,2026-03-01 12:56:00,1557.55,1557.68,1557.55,1557.68,0.01,18.11,28421.75,1
2026-03-01,2026-03-01 12:57:00,1557.68,1557.8,1557.68,1557.8,0.01,18.11,28421.75,1
2026-03-01,2026-03-01 12:58:00,1557.8,1557.93,1557.8,1557.93,0.01,18.11,28421.75,1
2026-03-01,2026-03-01 12:59:00,1557.93,1558.05,1557.93,1558.05,0.01,18.11,28421.75,1
2026-03-01,2026-03-01 13:00:00,1558.05,1577.8,1543.1,1558.17,0.01,18.11,28421.75,1
2026-03-01,2026-03-01 13:01:00,1558.17,1558.3,1558.17,1558.3,0.01,18.11,28421.75,1
2026-03-01,2026-03-01 13:02:00,1558.3,1558.42,1558.3,1558.42,0.01,18.11,28421.75,1
2026-03-01,2026-03-01 13:03:00,1558.42,1558.55,1558.42,1558.55,0.01,18.11,28421.75,1
2026-03-01,2026-03-01 13:04:00,1558.55,1558.67,1558.55,1558.67,0.01,18.11,28421.75,1
2026-03-01,2026-03-01 13:05:00,1558.67,1558.8,1558.67,1558.8,0.01,18.11,28421.75,1
2026-03-01,2026-03-01 13:06:00,1558.8,1558.92,1558.8,1558.92,0.01,18.11,28421.75,1
2026-03-01,2026-03-01 13:07:00,1558.92,1559.05,1558.92,1559.05,0.01,18.11,28421.75,1
2026-03-01,2026-03-01 13:08:00,1559.05,1559.17,1559.05,1559.17,0.01,18.11,28421.75,1
2026-03-01,2026-03-01 13:09:00,1559.17,1559.3,1559.17,1559.3,0.01,18.11,28421.75,1
2026-03-01,2026-03-01 13:10:00,1559.3,1559.42,1559.3,1559.42,0.01,18.11,28421.75,1
2026-03-01,2026-03-01 13:11:00,1559.42,1559.55,1559.42,1559.55,0.01,18.11,28421.75,1
2026-03-01,2026-03-01 13:12:00,1559.55,1559.67,1559.55,1559.67,0.01,18.11,28421.75,1
2026-03-01,2026-03-01 13:13:00,1559.67,1559.79,1559.67,1559.79,0.01,18.11,28421.75,1
2026-03-01,2026-03-01 13:14:00,1559.79,1559.92,1559.79,1559.92,0.01,18.11,28421.75,1
2026-03-01,2026-03-01 13:15:00,1559.92,1560.04,1559.92,1560.04,0.01,18.11,28421.75,1
2026-03-01,2026-03-01 13:16:00,1560.04,1560.17,1560.04,1560.17,0.01,18.11,28421.75,1
2026-03-01,2026-03-01 13:17:00,1560.17,1560.29,1560.17,1560.29,0.01,18.11,28421.75,1
2026-03-01,2026-03-01 13:18:00,1560.29,1560.42,1560.29,1560.42,0.01,18.11,28421.75,1
2026-03-01,2026-03-01 13:19:00,1560.42,1560.54,1560.42,1560.54,0.01,18.11,28421.75,1
2026-03-01,2026-03-01 13:20:00,1560.54,1560.67,1560.54,1560.67,0.01,18.11,28421.75,1
2026-03-01,2026-03-01 13:21:00,1560.67,1560.79,1560.67,1560.79,0.01,18.11,28421.75,1
2026-03-01,2026-03-01 13:22:00,1560.79,1560.92,1560.79,1560.92,0.01,18.11,28421.75,1
2026-03-01,2026-03-01 13:23:00,1560.92,1561.04,1560.92,1561.04,0.01,18.11,28421.75,1
2026-03-01,2026-03-01 13:24:00,1561.04,1561.16,1561.04,1561.16,0.01,18.11,28421.75,1
2026-03-01,2026-03-01 13:25:00,1561.16,1561.29,1561.16,1561.29,0.01,18.11,28421.75,1
2026-03-01,2026-03-01 13:26:00,1561.29,1561.41,1561.29,1561.41,0.01,18.11,28421.75,1
2026-03-01,2026-03-01 13:27:00,1561.41,1561.54,1561.41,1561.54,0.01,18.11,28421.75,1
2026-03-01,2026-03-01 13:28:00,1561.54,1561.66,1561.54,1561.66,0.01,18.11,28421.75,1
2026-03-01,2026-03-01 13:29:00,1561.66,1561.79,1561.66,1561.79,0.01,18.11,28421.75,1
2026-03-01,2026-03-01 13:30:00,1561.79,1561.91,1561.79,1561.91,0.01,18.11,28421.75,1
2026-03-01,2026-03-01 13:31:00,1561.91,1562.04,1561.91,1562.04,0.01,18.11,28421.75,1
2026-03-01,2026-03-01 13:32:00,1562.04,1562.16,1562.04,1562.16,0.01,18.11,28421.75,1
2026-03-01,2026-03-01 13:33:00,1562.16,1562.29,1562.16,1562.29,0.01,18.11,28421.75,1
2026-03-01,2026-03-01 13:34:00,1562.29,1562.41,1562.29,1562.41,0.01,18.11,28421.75,1
2026-03-01,2026-03-01 13:35:00,1562.41,1562.53,1562.41,1562.53,0.01,18.11,28421.75,1
2026-03-01,2026-03-01 13:36:00,1562.53,1562.66,1562.53,1562.66,0.01,18.11,28421.75,1
2026-03-01,2026-03-01 13:37:00,1562.66,1562.78,1562.66,1562.78,0.01,18.11,28421.75,1
2026-03-01,2026-03-01 13:38:00,1562.78,1562.91,1562.78,1562.91,0.01,18.11,28421.75,1
2026-03-01,2026-03-01 13:39:00,1562.91,1563.03,1562.91,1563.03,0.01,18.11,28421.75,1
2026-03-01,2026-03-01 13:40:00,1563.03,1563.16,1563.03,1563.16,0.01,18.11,28421.75,1
2026-03-01,2026-03-01 13:41:00,1563.16,1563.28,1563.16,1563.28,0.01,18.11,28421.75,1
2026-03-01,2026-03-01 13:42:00,1563.28,1563.41,1563.28,1563.41,0.01,18.11,28421.75,1
2026-03-01,2026-03-01 13:43:00,1563.41,1563.53,1563.41,1563.53,0.01,18.11,28421.75,1
2026-03-01,2026-03-01 13:44:00,1563.53,1563.66,1563.53,1563.66,0.01,18.11,28421.75,1
2026-03-01,2026-03-01 13:45:00,1563.66,1563.78,1563.66,1563.78,0.01,18.11,28421.75,1
2026-03-01,2026-03-01 13:46:00,1563.78,1563.91,1563.78,1563.91,0.01,18.11,28421.75,1
2026-03-01,2026-03-01 13:47:00,1563.91,1564.03,1563.91,1564.03,0.01,18.11,28421.75,1
2026-03-01,2026-03-01 13:48:00,1564.03,1564.15,1564.03,1564.15,0.01,18.11,28421.75,1
2026-03-01,2026-03-01 13:49:00,1564.15,1564.28,1564.15,1564.28,0.01,18.11,28421.75,1
2026-03-01,2026-03-01 13:50:00,1564.28,1564.4,1564.28,1564.4,0.01,18.11,28421.75,1
2026-03-01,2026-03-01 13:51:00,1564.4,1564.53,1564.4,1564.53,0.01,18.11,28421.75,1
2026-03-01,2026-03-01 13:52:00,1564.53,1564.65,1564.53,1564.65,0.01,18.11,28421.75,1
2026-03-01,2026-03-01 13:53:00,1564.65,1564.78,1564.65,1564.78,0.01,18.11,28421.75,1
2026-03-01,2026-03-01 13:54:00,1564.78,1564.9,1564.78,1564.9,0.01,18.11,28421.75,1
2026-03-01,2026-03-01 13:55:00,1564.9,1565.03,1564.9,1565.03,0.01,18.11,28421.75,1
2026-03-01,2026-03-01 13:56:00,1565.03,1565.15,1565.03,1565.15,0.01,18.11,28421.75,1
2026-03-01,2026-03-01 13:57:00,1565.15,1565.28,1565.15,1565.28,0.01,18.11,28421.75,1
2026-03-01,2026-03-01 13:58:00,1565.28,1565.4,1565.28,1565.4,0.01,18.11,28421.75,1
2026-03-01,2026-03-01 13:59:00,1565.4,1565.53,1565.4,1565.53,0.01,18.11,28421.75,1
2026-03-01,2026-03-01 14:00:00,1565.53,1565.65,1565.53,1565.65,0.01,18.11,28421.75,1
2026-03-01,2026-03-01 14:01:00,1565.65,1565.77,1565.65,1565.77,0.01,18.11,28421.75,1
2026-03-01,2026-03-01 14:02:00,1565.77,1565.9,1565.77,1565.9,0.01,18.11,28421.75,1
2026-03-01,2026-03-01 14:03:00,1565.9,1566.02,1565.9,1566.02,0.01,18.11,28421.75,1
2026-03-01,2026-03-01 14:04:00,1566.02,1566.15,1566.02,1566.15,0.01,18.11,28421.75,1
2026-03-01,2026-03-01 14:05:00,1566.15,1566.27,1566.15,1566.27,0.01,18.11,28421.75,1
2026-03-01,2026-03-01 14:06:00,1566.27,1566.4,1566.27,1566.4,0.01,18.11,28421.75,1
2026-03-01,2026-03-01 14:07:00,1566.4,1566.52,1566.4,1566.52,0.01,18.11,28421.75,1
2026-03-01,2026-03-01 14:08:00,1566.52,1566.65,1566.52,1566.65,0.01,18.11,28421.75,1
2026-03-01,2026-03-01 14:09:00,1566.65,1566.77,1566.65,1566.77,0.01,18.11,28421.75,1
2026-03-01,2026-03-01 14:10:00,1566.77,1566.9,1566.77,1566.9,0.01,18.11,28421.75,1
2026-03-01,2026-03-01 14:11:00,1566.9,1567.02,1566.9,1567.02,0.01,18.11,28421.75,1
2026-03-01,2026-03-01 14:12:00,1567.02,1567.14,1567.02,1567.14,0.01,18.11,28421.75,1
2026-03-01,2026-03-01 14:13:00,1567.14,1567.27,1567.14,1567.27,0.01,18.11,28421.75,1
2026-03-01,2026-03-01 14:14:00,1567.27,1567.39,1567.27,1567.39,0.01,18.11,28421.75,1
2026-03-01,2026-03-01 14:15:00,1567.39,1567.52,1567.39,1567.52,0.01,18.11,28421.75,1
2026-03-01,2026-03-01 14:16:00,1567.52,1567.64,1567.52,1567.64,0.01,18.11,28421.75,1
2026-03-01,2026-03-01 14:17:00,1567.64,1567.77,1567.64,1567.77,0.01,18.11,28421.75,1
2026-03-01,2026-03-01 14:18:00,1567.77,1567.89,1567.77,1567.89,0.01,18.11,28421.75,1
2026-03-01,2026-03-01 14:19:00,1567.89,1568.02,1567.89,1568.02,0.01,18.11,28421.75,1
2026-03-01,2026-03-01 14:20:00,1568.02,1568.14,1568.02,1568.14,0.01,18.11,28421.75,1
2026-03-01,2026-03-01 14:21:00,1568.14,1568.27,1568.14,1568.27,0.01,18.11,28421.75,1
2026-03-01,2026-03-01 14:22:00,1568.27,1568.39,1568.27,1568.39,0.01,18.11,28421.75,1
2026-03-01,2026-03-01 14:23:00,1568.39,1568.51,1568.39,1568.51,0.01,18.11,28421.75,1
2026-03-01,2026-03-01 14:24:00,1568.51,1568.64,1568.51,1568.64,0.01,18.11,28421.75,1
2026-03-01,2026-03-01 14:25:00,1568.64,1568.76,1568.64,1568.76,0.01,18.11,28421.75,1
2026-03-01,2026-03-01 14:26:00,1568.76,1568.89,1568.76,1568.89,0.01,18.11,28421.75,1
2026-03-01,2026-03-01 14:27:00,1568.89,1569.01,1568.89,1569.01,0.01,18.11,28421.75,1
2026-03-01,2026-03-01 14:28:00,1569.01,1569.14,1569.01,1569.14,0.01,18.11,28421.75,1
2026-03-01,2026-03-01 14:29:00,1569.14,1569.26,1569.14,1569.26,0.01,18.11,28421.75,1
2026-03-01,2026-03-01 14:30:00,1569.26,1569.39,1569.26,1569.39,0.01,18.11,28421.75,1
2026-03-01,2026-03-01 14:31:00,1569.39,1569.51,1569.39,1569.51,0.01,18.11,28421.75,1
2026-03-01,2026-03-01 14:32:00,1569.51,1569.64,1569.51,1569.64,0.01,18.11,28421.75,1
2026-03-01,2026-03-01 14:33:00,1569.64,1569.76,1569.64,1569.76,0.01,18.11,28421.75,1
2026-03-01,2026-03-01 14:34:00,1569.76,1569.89,1569.76,1569.89,0.01,18.11,28421.75,1
2026-03-01,2026-03-01 14:35:00,1569.89,1570.01,1569.89,1570.01,0.01,18.11,28421.75,1
2026-03-01,2026-03-01 14:36:00,1570.01,1570.13,1570.01,1570.13,0.01,18.11,28421.75,1
2026-03-01,2026-03-01 14:37:00,1570.13,1570.26,1570.13,1570.26,0.01,18.11,28421.75,1
2026-03-01,2026-03-01 14:38:00,1570.26,1570.38,1570.26,1570.38,0.01,18.11,28421.75,1
2026-03-01,2026-03-01 14:39:00,1570.38,1570.51,1570.38,1570.51,0.01,18.11,28421.75,1
2026-03-01,2026-03-01 14:40:00,1570.51,1570.63,1570.51,1570.63,0.01,18.11,28421.75,1
2026-03-01,2026-03-01 14:41:00,1570.63,1570.76,1570.63,1570.76,0.01,18.11,28421.75,1
2026-03-01,2026-03-01 14:42:00,1570.76,1570.88,1570.76,1570.88,0.01,18.11,28421.75,1
2026-03-01,2026-03-01 14:43:00,1570.88,1571.01,1570.88,1571.01,0.01,18.11,28421.75,1
2026-03-01,2026-03-01 14:44:00,1571.01,1571.13,1571.01,1571.13,0.01,18.11,28421.75,1
2026-03-01,2026-03-01 14:45:00,1571.13,1571.26,1571.13,1571.26,0.01,18.11,28421.75,1
2026-03-01,2026-03-01 14:46:00,1571.26,1571.38,1571.26,1571.38,0.01,18.11,28421.75,1
2026-03-01,2026-03-01 14:47:00,1571.38,1571.51,1571.38,1571.51,0.01,18.11,28421.75,1
2026-03-01,2026-03-01 14:48:00,1571.51,1571.63,1571.51,1571.63,0.01,18.11,28421.75,1
2026-03-01,2026-03-01 14:49:00,1571.63,1571.75,1571.63,1571.75,0.01,18.11,28421.75,1
2026-03-01,2026-03-01 14:50:00,1571.75,1571.88,1571.75,1571.88,0.01,18.11,28421.75,1
2026-03-01,2026-03-01 14:51:00,1571.88,1572.0,1571.88,1572.0,0.01,18.11,28421.75,1
2026-03-01,2026-03-01 14:52:00,1572.0,1572.13,1572.0,1572.13,0.01,18.11,28421.75,1
2026-03-01,2026-03-01 14:53:00,1572.13,1572.25,1572.13,1572.25,0.01,18.11,28421.75,1
2026-03-01,2026-03-01 14:54:00,1572.25,1572.38,1572.25,1572.38,0.01,18.11,28421.75,1
2026-03-01,2026-03-01 14:55:00,1572.38,1572.5,1572.38,1572.5,0.01,18.11,28421.75,1
2026-03-01,2026-03-01 14:56:00,1572.5,1572.63,1572.5,1572.63,0.01,18.11,28421.75,1
2026-03-01,2026-03-01 14:57:00,1572.63,1572.75,1572.63,1572.75,0.01,18.11,28421.75,1
2026-03-01,2026-03-01 14:58:00,1572.75,1572.88,1572.75,1572.88,0.01,18.11,28421.75,1
2026-03-01,2026-03-01 14:59:00,1572.88,1573.0,1572.88,1573.0,0.01,18.11,28421.75,1
2026-03-01,2026-03-01 15:00:00,1573.0,1577.8,1543.1,1573.0,0.0,18.11,28421.75,0
2026-03-03,2026-03-03 11:00:00,1573.0,1580.8,1569.1,1573.1,0.01,2.65,4199.98,1
2026-03-03,2026-03-03 11:01:00,1573.1,1573.2,1573.1,1573.2,0.01,2.65,4199.98,1
2026-03-03,2026-03-03 11:02:00,1573.2,1573.3,1573.2,1573.3,0.01,2.65,4199.98,1
2026-03-03,2026-03-03 11:03:00,1573.3,1573.4,1573.3,1573.4,0.01,2.65,4199.98,1
2026-03-03,2026-03-03 11:04:00,1573.4,1573.5,1573.4,1573.5,0.01,2.65,4199.98,1
2026-03-03,2026-03-03 11:05:00,1573.5,1573.6,1573.5,1573.6,0.01,2.65,4199.98,1
2026-03-03,2026-03-03 11:06:00,1573.6,1573.7,1573.6,1573.7,0.01,2.65,4199.98,1
2026-03-03,2026-03-03 11:07:00,1573.7,1573.8,1573.7,1573.8,0.01,2.65,4199.98,1
2026-03-03,2026-03-03 11:08:00,1573.8,1573.9,1573.8,1573.9,0.01,2.65,4199.98,1
2026-03-03,2026-03-03 11:09:00,1573.9,1574.0,1573.9,1574.0,0.01,2.65,4199.98,1
2026-03-03,2026-03-03 11:10:00,1574.0,1574.1,1574.0,1574.1,0.01,2.65,4199.98,1
2026-03-03,2026-03-03 11:11:00,1574.1,1574.2,1574.1,1574.2,0.01,2.65,4199.98,1
2026-03-03,2026-03-03 11:12:00,1574.2,1574.3,1574.2,1574.3,0.01,2.65,4199.98,1
2026-03-03,2026-03-03 11:13:00,1574.3,1574.4,1574.3,1574.4,0.01,2.65,4199.98,1
2026-03-03,2026-03-03 11:14:00,1574.4,1574.5,1574.4,1574.5,0.01,2.65,4199.98,1
2026-03-03,2026-03-03 11:15:00,1574.5,1574.6,1574.5,1574.6,0.01,2.65,4199.98,1
2026-03-03,2026-03-03 11:16:00,1574.6,1574.7,1574.6,1574.7,0.01,2.65,4199.98,1
2026-03-03,2026-03-03 11:17:00,1574.7,1574.8,1574.7,1574.8,0.01,2.65,4199.98,1
2026-03-03,2026-03-03 11:18:00,1574.8,1574.9,1574.8,1574.9,0.01,2.65,4199.98,1
2026-03-03,2026-03-03 11:19:00,1574.9,1575.0,1574.9,1575.0,0.01,2.65,4199.98,1
2026-03-03,2026-03-03 11:20:00,1575.0,1575.1,1575.0,1575.1,0.01,2.65,4199.98,1
2026-03-03,2026-03-03 11:21:00,1575.1,1575.2,1575.1,1575.2,0.01,2.65,4199.98,1
2026-03-03,2026-03-03 11:22:00,1575.2,1575.3,1575.2,1575.3,0.01,2.65,4199.98,1
2026-03-03,2026-03-03 11:23:00,1575.3,1575.4,1575.3,1575.4,0.01,2.65,4199.98,1
2026-03-03,2026-03-03 11:24:00,1575.4,1575.5,1575.4,1575.5,0.01,2.65,4199.98,1
2026-03-03,2026-03-03 11:25:00,1575.5,1575.6,1575.5,1575.6,0.01,2.65,4199.98,1
2026-03-03,2026-03-03 11:26:00,1575.6,1575.7,1575.6,1575.7,0.01,2.65,4199.98,1
2026-03-03,2026-03-03 11:27:00,1575.7,1575.8,1575.7,1575.8,0.01,2.65,4199.98,1
2026-03-03,2026-03-03 11:28:00,1575.8,1575.9,1575.8,1575.9,0.01,2.65,4199.98,1
2026-03-03,2026-03-03 11:29:00,1575.9,1576.0,1575.9,1576.0,0.01,2.65,4199.98,1
2026-03-03,2026-03-03 11:30:00,1576.0,1576.1,1576.0,1576.1,0.01,2.65,4199.98,1
2026-03-03,2026-03-03 11:31:00,1576.1,1576.2,1576.1,1576.2,0.01,2.65,4199.98,1
2026-03-03,2026-03-03 11:32:00,1576.2,1576.3,1576.2,1576.3,0.01,2.65,4199.98,1
2026-03-03,2026-03-03 11:33:00,1576.3,1576.4,1576.3,1576.4,0.01,2.65,4199.98,1
2026-03-03,2026-03-03 11:34:00,1576.4,1576.5,1576.4,1576.5,0.01,2.65,4199.98,1
2026-03-03,2026-03-03 11:35:00,1576.5,1576.6,1576.5,1576.6,0.01,2.65,4199.98,1
2026-03-03,2026-03-03 11:36:00,1576.6,1576.7,1576.6,1576.7,0.01,2.65,4199.98,1
2026-03-03,2026-03-03 11:37:00,1576.7,1576.8,1576.7,1576.8,0.01,2.65,4199.98,1
2026-03-03,2026-03-03 11:38:00,1576.8,1576.9,1576.8,1576.9,0.01,2.65,4199.98,1
2026-03-03,2026-03-03 11:39:00,1576.9,1577.0,1576.9,1577.0,0.01,2.65,4199.98,1
2026-03-03,2026-03-03 11:40:00,1577.0,1577.1,1577.0,1577.1,0.01,2.65,4199.98,1
2026-03-03,2026-03-03 11:41:00,1577.1,1577.2,1577.1,1577.2,0.01,2.65,4199.98,1
2026-03-03,2026-03-03 11:42:00,1577.2,1577.3,1577.2,1577.3,0.01,2.65,4199.98,1
2026-03-03,2026-03-03 11:43:00,1577.3,1577.4,1577.3,1577.4,0.01,2.65,4199.98,1
2026-03-03,2026-03-03 11:44:00,1577.4,1577.5,1577.4,1577.5,0.01,2.65,4199.98,1
2026-03-03,2026-03-03 11:45:00,1577.5,1577.6,1577.5,1577.6,0.01,2.65,4199.98,1
2026-03-03,2026-03-03 11:46:00,1577.6,1577.7,1577.6,1577.7,0.01,2.65,4199.98,1
2026-03-03,2026-03-03 11:47:00,1577.7,1577.8,1577.7,1577.8,0.01,2.65,4199.98,1
2026-03-03,2026-03-03 11:48:00,1577.8,1577.9,1577.8,1577.9,0.01,2.65,4199.98,1
2026-03-03,2026-03-03 11:49:00,1577.9,1578.0,1577.9,1578.0,0.01,2.65,4199.98,1
2026-03-03,2026-03-03 11:50:00,1578.0,1578.1,1578.0,1578.1,0.01,2.65,4199.98,1
2026-03-03,2026-03-03 11:51:00,1578.1,1578.2,1578.1,1578.2,0.01,2.65,4199.98,1
2026-03-03,2026-03-03 11:52:00,1578.2,1578.3,1578.2,1578.3,0.01,2.65,4199.98,1
2026-03-03,2026-03-03 11:53:00,1578.3,1578.4,1578.3,1578.4,0.01,2.65,4199.98,1
2026-03-03,2026-03-03 11:54:00,1578.4,1578.5,1578.4,1578.5,0.01,2.65,4199.98,1
2026-03-03,2026-03-03 11:55:00,1578.5,1578.6,1578.5,1578.6,0.01,2.65,4199.98,1
2026-03-03,2026-03-03 11:56:00,1578.6,1578.7,1578.6,1578.7,0.01,2.65,4199.98,1
2026-03-03,2026-03-03 11:57:00,1578.7,1578.8,1578.7,1578.8,0.01,2.65,4199.98,1
2026-03-03,2026-03-03 11:58:00,1578.8,1578.9,1578.8,1578.9,0.01,2.65,4199.98,1
2026-03-03,2026-03-03 11:59:00,1578.9,1579.0,1578.9,1579.0,0.01,2.65,4199.98,1
2026-03-03,2026-03-03 12:00:00,1579.0,1579.1,1579.0,1579.1,0.01,2.65,4199.98,1
2026-03-03,2026-03-03 12:01:00,1579.1,1579.2,1579.1,1579.2,0.01,2.65,4199.98,1
2026-03-03,2026-03-03 12:02:00,1579.2,1579.3,1579.2,1579.3,0.01,2.65,4199.98,1
2026-03-03,2026-03-03 12:03:00,1579.3,1579.4,1579.3,1579.4,0.01,2.65,4199.98,1
2026-03-03,2026-03-03 12:04:00,1579.4,1579.5,1579.4,1579.5,0.01,2.65,4199.98,1
2026-03-03,2026-03-03 12:05:00,1579.5,1579.6,1579.5,1579.6,0.01,2.65,4199.98,1
2026-03-03,2026-03-03 12:06:00,1579.6,1579.7,1579.6,1579.7,0.01,2.65,4199.98,1
2026-03-03,2026-03-03 12:07:00,1579.7,1579.8,1579.7,1579.8,0.01,2.65,4199.98,1
2026-03-03,2026-03-03 12:08:00,1579.8,1579.9,1579.8,1579.9,0.01,2.65,4199.98,1
2026-03-03,2026-03-03 12:09:00,1579.9,1580.0,1579.9,1580.0,0.01,2.65,4199.98,1
2026-03-03,2026-03-03 12:10:00,1580.0,1580.1,1580.0,1580.1,0.01,2.65,4199.98,1
2026-03-03,2026-03-03 12:11:00,1580.1,1580.2,1580.1,1580.2,0.01,2.65,4199.98,1
2026-03-03,2026-03-03 12:12:00,1580.2,1580.3,1580.2,1580.3,0.01,2.65,4199.98,1
2026-03-03,2026-03-03 12:13:00,1580.3,1580.4,1580.3,1580.4,0.01,2.65,4199.98,1
2026-03-03,2026-03-03 12:14:00,1580.4,1580.5,1580.4,1580.5,0.01,2.65,4199.98,1
2026-03-03,2026-03-03 12:15:00,1580.5,1580.6,1580.5,1580.6,0.01,2.65,4199.98,1
2026-03-03,2026-03-03 12:16:00,1580.6,1580.7,1580.6,1580.7,0.01,2.65,4199.98,1
2026-03-03,2026-03-03 12:17:00,1580.7,1580.8,1580.7,1580.8,0.01,2.65,4199.98,1
2026-03-03,2026-03-03 12:18:00,1580.8,1580.9,1580.8,1580.9,0.01,2.65,4199.98,1
2026-03-03,2026-03-03 12:19:00,1580.9,1581.0,1580.9,1581.0,0.01,2.65,4199.98,1
2026-03-03,2026-03-03 12:20:00,1581.0,1581.1,1581.0,1581.1,0.01,2.65,4199.98,1
2026-03-03,2026-03-03 12:21:00,1581.1,1581.2,1581.1,1581.2,0.01,2.65,4199.98,1
2026-03-03,2026-03-03 12:22:00,1581.2,1581.3,1581.2,1581.3,0.01,2.65,4199.98,1
2026-03-03,2026-03-03 12:23:00,1581.3,1581.4,1581.3,1581.4,0.01,2.65,4199.98,1
2026-03-03,2026-03-03 12:24:00,1581.4,1581.5,1581.4,1581.5,0.01,2.65,4199.98,1
2026-03-03,2026-03-03 12:25:00,1581.5,1581.6,1581.5,1581.6,0.01,2.65,4199.98,1
2026-03-03,2026-03-03 12:26:00,1581.6,1581.7,1581.6,1581.7,0.01,2.65,4199.98,1
2026-03-03,2026-03-03 12:27:00,1581.7,1581.8,1581.7,1581.8,0.01,2.65,4199.98,1
2026-03-03,2026-03-03 12:28:00,1581.8,1581.9,1581.8,1581.9,0.01,2.65,4199.98,1
2026-03-03,2026-03-03 12:29:00,1581.9,1582.0,1581.9,1582.0,0.01,2.65,4199.98,1
2026-03-03,2026-03-03 12:30:00,1582.0,1582.1,1582.0,1582.1,0.01,2.65,4199.98,1
2026-03-03,2026-03-03 12:31:00,1582.1,1582.2,1582.1,1582.2,0.01,2.65,4199.98,1
2026-03-03,2026-03-03 12:32:00,1582.2,1582.3,1582.2,1582.3,0.01,2.65,4199.98,1
2026-03-03,2026-03-03 12:33:00,1582.3,1582.4,1582.3,1582.4,0.01,2.65,4199.98,1
2026-03-03,2026-03-03 12:34:00,1582.4,1582.5,1582.4,1582.5,0.01,2.65,4199.98,1
2026-03-03,2026-03-03 12:35:00,1582.5,1582.6,1582.5,1582.6,0.01,2.65,4199.98,1
2026-03-03,2026-03-03 12:36:00,1582.6,1582.7,1582.6,1582.7,0.01,2.65,4199.98,1
2026-03-03,2026-03-03 12:37:00,1582.7,1582.8,1582.7,1582.8,0.01,2.65,4199.98,1
2026-03-03,2026-03-03 12:38:00,1582.8,1582.9,1582.8,1582.9,0.01,2.65,4199.98,1
2026-03-03,2026-03-03 12:39:00,1582.9,1583.0,1582.9,1583.0,0.01,2.65,4199.98,1
2026-03-03,2026-03-03 12:40:00,1583.0,1583.1,1583.0,1583.1,0.01,2.65,4199.98,1
2026-03-03,2026-03-03 12:41:00,1583.1,1583.2,1583.1,1583.2,0.01,2.65,4199.98,1
2026-03-03,2026-03-03 12:42:00,1583.2,1583.3,1583.2,1583.3,0.01,2.65,4199.98,1
2026-03-03,2026-03-03 12:43:00,1583.3,1583.4,1583.3,1583.4,0.01,2.65,4199.98,1
2026-03-03,2026-03-03 12:44:00,1583.4,1583.5,1583.4,1583.5,0.01,2.65,4199.98,1
2026-03-03,2026-03-03 12:45:00,1583.5,1583.6,1583.5,1583.6,0.01,2.65,4199.98,1
2026-03-03,2026-03-03 12:46:00,1583.6,1583.7,1583.6,1583.7,0.01,2.65,4199.98,1
2026-03-03,2026-03-03 12:47:00,1583.7,1583.8,1583.7,1583.8,0.01,2.65,4199.98,1
2026-03-03,2026-03-03 12:48:00,1583.8,1583.9,1583.8,1583.9,0.01,2.65,4199.98,1
2026-03-03,2026-03-03 12:49:00,1583.9,1584.0,1583.9,1584.0,0.01,2.65,4199.98,1
2026-03-03,2026-03-03 12:50:00,1584.0,1584.1,1584.0,1584.1,0.01,2.65,4199.98,1
2026-03-03,2026-03-03 12:51:00,1584.1,1584.2,1584.1,1584.2,0.01,2.65,4199.98,1
2026-03-03,2026-03-03 12:52:00,1584.2,1584.3,1584.2,1584.3,0.01,2.65,4199.98,1
2026-03-03,2026-03-03 12:53:00,1584.3,1584.4,1584.3,1584.4,0.01,2.65,4199.98,1
2026-03-03,2026-03-03 12:54:00,1584.4,1584.5,1584.4,1584.5,0.01,2.65,4199.98,1
2026-03-03,2026-03-03 12:55:00,1584.5,1584.6,1584.5,1584.6,0.01,2.65,4199.98,1
2026-03-03,2026-03-03 12:56:00,1584.6,1584.7,1584.6,1584.7,0.01,2.65,4199.98,1
2026-03-03,2026-03-03 12:57:00,1584.7,1584.8,1584.7,1584.8,0.01,2.65,4199.98,1
2026-03-03,2026-03-03 12:58:00,1584.8,1584.9,1584.8,1584.9,0.01,2.65,4199.98,1
2026-03-03,2026-03-03 12:59:00,1584.9,1585.0,1584.9,1585.0,0.01,2.65,4199.98,1
2026-03-03,2026-03-03 13:00:00,1585.0,1599.0,1560.0,1585.1,0.01,2.65,4199.98,1
2026-03-03,2026-03-03 13:01:00,1585.1,1585.2,1585.1,1585.2,0.01,2.65,4199.98,1
2026-03-03,2026-03-03 13:02:00,1585.2,1585.3,1585.2,1585.3,0.01,2.65,4199.98,1
2026-03-03,2026-03-03 13:03:00,1585.3,1585.4,1585.3,1585.4,0.01,2.65,4199.98,1
2026-03-03,2026-03-03 13:04:00,1585.4,1585.5,1585.4,1585.5,0.01,2.65,4199.98,1
2026-03-03,2026-03-03 13:05:00,1585.5,1585.6,1585.5,1585.6,0.01,2.65,4199.98,1
2026-03-03,2026-03-03 13:06:00,1585.6,1585.7,1585.6,1585.7,0.01,2.65,4199.98,1
2026-03-03,2026-03-03 13:07:00,1585.7,1585.8,1585.7,1585.8,0.01,2.65,4199.98,1
2026-03-03,2026-03-03 13:08:00,1585.8,1585.9,1585.8,1585.9,0.01,2.65,4199.98,1
2026-03-03,2026-03-03 13:09:00,1585.9,1586.0,1585.9,1586.0,0.01,2.65,4199.98,1
2026-03-03,2026-03-03 13:10:00,1586.0,1586.1,1586.0,1586.1,0.01,2.65,4199.98,1
2026-03-03,2026-03-03 13:11:00,1586.1,1586.2,1586.1,1586.2,0.01,2.65,4199.98,1
2026-03-03,2026-03-03 13:12:00,1586.2,1586.3,1586.2,1586.3,0.01,2.65,4199.98,1
2026-03-03,2026-03-03 13:13:00,1586.3,1586.4,1586.3,1586.4,0.01,2.65,4199.98,1
2026-03-03,2026-03-03 13:14:00,1586.4,1586.5,1586.4,1586.5,0.01,2.65,4199.98,1
2026-03-03,2026-03-03 13:15:00,1586.5,1586.6,1586.5,1586.6,0.01,2.65,4199.98,1
2026-03-03,2026-03-03 13:16:00,1586.6,1586.7,1586.6,1586.7,0.01,2.65,4199.98,1
2026-03-03,2026-03-03 13:17:00,1586.7,1586.8,1586.7,1586.8,0.01,2.65,4199.98,1
2026-03-03,2026-03-03 13:18:00,1586.8,1586.9,1586.8,1586.9,0.01,2.65,4199.98,1
2026-03-03,2026-03-03 13:19:00,1586.9,1587.0,1586.9,1587.0,0.01,2.65,4199.98,1
2026-03-03,2026-03-03 13:20:00,1587.0,1587.1,1587.0,1587.1,0.01,2.65,4199.98,1
2026-03-03,2026-03-03 13:21:00,1587.1,1587.2,1587.1,1587.2,0.01,2.65,4199.98,1
2026-03-03,2026-03-03 13:22:00,1587.2,1587.3,1587.2,1587.3,0.01,2.65,4199.98,1
2026-03-03,2026-03-03 13:23:00,1587.3,1587.4,1587.3,1587.4,0.01,2.65,4199.98,1
2026-03-03,2026-03-03 13:24:00,1587.4,1587.5,1587.4,1587.5,0.01,2.65,4199.98,1
2026-03-03,2026-03-03 13:25:00,1587.5,1587.6,1587.5,1587.6,0.01,2.65,4199.98,1
2026-03-03,2026-03-03 13:26:00,1587.6,1587.7,1587.6,1587.7,0.01,2.65,4199.98,1
2026-03-03,2026-03-03 13:27:00,1587.7,1587.8,1587.7,1587.8,0.01,2.65,4199.98,1
2026-03-03,2026-03-03 13:28:00,1587.8,1587.9,1587.8,1587.9,0.01,2.65,4199.98,1
2026-03-03,2026-03-03 13:29:00,1587.9,1588.0,1587.9,1588.0,0.01,2.65,4199.98,1
2026-03-03,2026-03-03 13:30:00,1588.0,1588.1,1588.0,1588.1,0.01,2.65,4199.98,1
2026-03-03,2026-03-03 13:31:00,1588.1,1588.2,1588.1,1588.2,0.01,2.65,4199.98,1
2026-03-03,2026-03-03 13:32:00,1588.2,1588.3,1588.2,1588.3,0.01,2.65,4199.98,1
2026-03-03,2026-03-03 13:33:00,1588.3,1588.4,1588.3,1588.4,0.01,2.65,4199.98,1
2026-03-03,2026-03-03 13:34:00,1588.4,1588.5,1588.4,1588.5,0.01,2.65,4199.98,1
2026-03-03,2026-03-03 13:35:00,1588.5,1588.6,1588.5,1588.6,0.01,2.65,4199.98,1
2026-03-03,2026-03-03 13:36:00,1588.6,1588.7,1588.6,1588.7,0.01,2.65,4199.98,1
2026-03-03,2026-03-03 13:37:00,1588.7,1588.8,1588.7,1588.8,0.01,2.65,4199.98,1
2026-03-03,2026-03-03 13:38:00,1588.8,1588.9,1588.8,1588.9,0.01,2.65,4199.98,1
2026-03-03,2026-03-03 13:39:00,1588.9,1589.0,1588.9,1589.0,0.01,2.65,4199.98,1
2026-03-03,2026-03-03 13:40:00,1589.0,1589.1,1589.0,1589.1,0.01,2.65,4199.98,1
2026-03-03,2026-03-03 13:41:00,1589.1,1589.2,1589.1,1589.2,0.01,2.65,4199.98,1
2026-03-03,2026-03-03 13:42:00,1589.2,1589.3,1589.2,1589.3,0.01,2.65,4199.98,1
2026-03-03,2026-03-03 13:43:00,1589.3,1589.4,1589.3,1589.4,0.01,2.65,4199.98,1
2026-03-03,2026-03-03 13:44:00,1589.4,1589.5,1589.4,1589.5,0.01,2.65,4199.98,1
2026-03-03,2026-03-03 13:45:00,1589.5,1589.6,1589.5,1589.6,0.01,2.65,4199.98,1
2026-03-03,2026-03-03 13:46:00,1589.6,1589.7,1589.6,1589.7,0.01,2.65,4199.98,1
2026-03-03,2026-03-03 13:47:00,1589.7,1589.8,1589.7,1589.8,0.01,2.65,4199.98,1
2026-03-03,2026-03-03 13:48:00,1589.8,1589.9,1589.8,1589.9,0.01,2.65,4199.98,1
2026-03-03,2026-03-03 13:49:00,1589.9,1590.0,1589.9,1590.0,0.01,2.65,4199.98,1
2026-03-03,2026-03-03 13:50:00,1590.0,1590.1,1590.0,1590.1,0.01,2.65,4199.98,1
2026-03-03,2026-03-03 13:51:00,1590.1,1590.2,1590.1,1590.2,0.01,2.65,4199.98,1
2026-03-03,2026-03-03 13:52:00,1590.2,1590.3,1590.2,1590.3,0.01,2.65,4199.98,1
2026-03-03,2026-03-03 13:53:00,1590.3,1590.4,1590.3,1590.4,0.01,2.65,4199.98,1
2026-03-03,2026-03-03 13:54:00,1590.4,1590.5,1590.4,1590.5,0.01,2.65,4199.98,1
2026-03-03,2026-03-03 13:55:00,1590.5,1590.6,1590.5,1590.6,0.01,2.65,4199.98,1
2026-03-03,2026-03-03 13:56:00,1590.6,1590.7,1590.6,1590.7,0.01,2.65,4199.98,1
2026-03-03,2026-03-03 13:57:00,1590.7,1590.8,1590.7,1590.8,0.01,2.65,4199.98,1
2026-03-03,2026-03-03 13:58:00,1590.8,1590.9,1590.8,1590.9,0.01,2.65,4199.98,1
2026-03-03,2026-03-03 13:59:00,1590.9,1591.0,1590.9,1591.0,0.01,2.65,4199.98,1
2026-03-03,2026-03-03 14:00:00,1591.0,1591.1,1591.0,1591.1,0.01,2.65,4199.98,1
2026-03-03,2026-03-03 14:01:00,1591.1,1591.2,1591.1,1591.2,0.01,2.65,4199.98,1
2026-03-03,2026-03-03 14:02:00,1591.2,1591.3,1591.2,1591.3,0.01,2.65,4199.98,1
2026-03-03,2026-03-03 14:03:00,1591.3,1591.4,1591.3,1591.4,0.01,2.65,4199.98,1
2026-03-03,2026-03-03 14:04:00,1591.4,1591.5,1591.4,1591.5,0.01,2.65,4199.98,1
2026-03-03,2026-03-03 14:05:00,1591.5,1591.6,1591.5,1591.6,0.01,2.65,4199.98,1
2026-03-03,2026-03-03 14:06:00,1591.6,1591.7,1591.6,1591.7,0.01,2.65,4199.98,1
2026-03-03,2026-03-03 14:07:00,1591.7,1591.8,1591.7,1591.8,0.01,2.65,4199.98,1
2026-03-03,2026-03-03 14:08:00,1591.8,1591.9,1591.8,1591.9,0.01,2.65,4199.98,1
2026-03-03,2026-03-03 14:09:00,1591.9,1592.0,1591.9,1592.0,0.01,2.65,4199.98,1
2026-03-03,2026-03-03 14:10:00,1592.0,1592.1,1592.0,1592.1,0.01,2.65,4199.98,1
2026-03-03,2026-03-03 14:11:00,1592.1,1592.2,1592.1,1592.2,0.01,2.65,4199.98,1
2026-03-03,2026-03-03 14:12:00,1592.2,1592.3,1592.2,1592.3,0.01,2.65,4199.98,1
2026-03-03,2026-03-03 14:13:00,1592.3,1592.4,1592.3,1592.4,0.01,2.65,4199.98,1
2026-03-03,2026-03-03 14:14:00,1592.4,1592.5,1592.4,1592.5,0.01,2.65,4199.98,1
2026-03-03,2026-03-03 14:15:00,1592.5,1592.6,1592.5,1592.6,0.01,2.65,4199.98,1
2026-03-03,2026-03-03 14:16:00,1592.6,1592.7,1592.6,1592.7,0.01,2.65,4199.98,1
2026-03-03,2026-03-03 14:17:00,1592.7,1592.8,1592.7,1592.8,0.01,2.65,4199.98,1
2026-03-03,2026-03-03 14:18:00,1592.8,1592.9,1592.8,1592.9,0.01,2.65,4199.98,1
2026-03-03,2026-03-03 14:19:00,1592.9,1593.0,1592.9,1593.0,0.01,2.65,4199.98,1
2026-03-03,2026-03-03 14:20:00,1593.0,1593.1,1593.0,1593.1,0.01,2.65,4199.98,1
2026-03-03,2026-03-03 14:21:00,1593.1,1593.2,1593.1,1593.2,0.01,2.65,4199.98,1
2026-03-03,2026-03-03 14:22:00,1593.2,1593.3,1593.2,1593.3,0.01,2.65,4199.98,1
2026-03-03,2026-03-03 14:23:00,1593.3,1593.4,1593.3,1593.4,0.01,2.65,4199.98,1
2026-03-03,2026-03-03 14:24:00,1593.4,1593.5,1593.4,1593.5,0.01,2.65,4199.98,1
2026-03-03,2026-03-03 14:25:00,1593.5,1593.6,1593.5,1593.6,0.01,2.65,4199.98,1
2026-03-03,2026-03-03 14:26:00,1593.6,1593.7,1593.6,1593.7,0.01,2.65,4199.98,1
2026-03-03,2026-03-03 14:27:00,1593.7,1593.8,1593.7,1593.8,0.01,2.65,4199.98,1
2026-03-03,2026-03-03 14:28:00,1593.8,1593.9,1593.8,1593.9,0.01,2.65,4199.98,1
2026-03-03,2026-03-03 14:29:00,1593.9,1594.0,1593.9,1594.0,0.01,2.65,4199.98,1
2026-03-03,2026-03-03 14:30:00,1594.0,1594.1,1594.0,1594.1,0.01,2.65,4199.98,1
2026-03-03,2026-03-03 14:31:00,1594.1,1594.2,1594.1,1594.2,0.01,2.65,4199.98,1
2026-03-03,2026-03-03 14:32:00,1594.2,1594.3,1594.2,1594.3,0.01,2.65,4199.98,1
2026-03-03,2026-03-03 14:33:00,1594.3,1594.4,1594.3,1594.4,0.01,2.65,4199.98,1
2026-03-03,2026-03-03 14:34:00,1594.4,1594.5,1594.4,1594.5,0.01,2.65,4199.98,1
2026-03-03,2026-03-03 14:35:00,1594.5,1594.6,1594.5,1594.6,0.01,2.65,4199.98,1
2026-03-03,2026-03-03 14:36:00,1594.6,1594.7,1594.6,1594.7,0.01,2.65,4199.98,1
2026-03-03,2026-03-03 14:37:00,1594.7,1594.8,1594.7,1594.8,0.01,2.65,4199.98,1
2026-03-03,2026-03-03 14:38:00,1594.8,1594.9,1594.8,1594.9,0.01,2.65,4199.98,1
2026-03-03,2026-03-03 14:39:00,1594.9,1595.0,1594.9,1595.0,0.01,2.65,4199.98,1
2026-03-03,2026-03-03 14:40:00,1595.0,1595.1,1595.0,1595.1,0.01,2.65,4199.98,1
2026-03-03,2026-03-03 14:41:00,1595.1,1595.2,1595.1,1595.2,0.01,2.65,4199.98,1
2026-03-03,2026-03-03 14:42:00,1595.2,1595.3,1595.2,1595.3,0.01,2.65,4199.98,1
2026-03-03,2026-03-03 14:43:00,1595.3,1595.4,1595.3,1595.4,0.01,2.65,4199.98,1
2026-03-03,2026-03-03 14:44:00,1595.4,1595.5,1595.4,1595.5,0.01,2.65,4199.98,1
2026-03-03,2026-03-03 14:45:00,1595.5,1595.6,1595.5,1595.6,0.01,2.65,4199.98,1
2026-03-03,2026-03-03 14:46:00,1595.6,1595.7,1595.6,1595.7,0.01,2.65,4199.98,1
2026-03-03,2026-03-03 14:47:00,1595.7,1595.8,1595.7,1595.8,0.01,2.65,4199.98,1
2026-03-03,2026-03-03 14:48:00,1595.8,1595.9,1595.8,1595.9,0.01,2.65,4199.98,1
2026-03-03,2026-03-03 14:49:00,1595.9,1596.0,1595.9,1596.0,0.01,2.65,4199.98,1
2026-03-03,2026-03-03 14:50:00,1596.0,1596.1,1596.0,1596.1,0.01,2.65,4199.98,1
2026-03-03,2026-03-03 14:51:00,1596.1,1596.2,1596.1,1596.2,0.01,2.65,4199.98,1
2026-03-03,2026-03-03 14:52:00,1596.2,1596.3,1596.2,1596.3,0.01,2.65,4199.98,1
2026-03-03,2026-03-03 14:53:00,1596.3,1596.4,1596.3,1596.4,0.01,2.65,4199.98,1
2026-03-03,2026-03-03 14:54:00,1596.4,1596.5,1596.4,1596.5,0.01,2.65,4199.98,1
2026-03-03,2026-03-03 14:55:00,1596.5,1596.6,1596.5,1596.6,0.01,2.65,4199.98,1
2026-03-03,2026-03-03 14:56:00,1596.6,1596.7,1596.6,1596.7,0.01,2.65,4199.98,1
2026-03-03,2026-03-03 14:57:00,1596.7,1596.8,1596.7,1596.8,0.01,2.65,4199.98,1
2026-03-03,2026-03-03 14:58:00,1596.8,1596.9,1596.8,1596.9,0.01,2.65,4199.98,1
2026-03-03,2026-03-03 14:59:00,1596.9,1597.0,1596.9,1597.0,0.01,2.65,4199.98,1
2026-03-03,2026-03-03 15:00:00,1597.0,1599.0,1560.0,1597.0,0.0,2.65,4199.98,0
2026-03-09,2026-03-09 11:00:00,1628.9,1638.53,1628.9,1629.03,0.01,0.17,271.69,1
2026-03-09,2026-03-09 11:01:00,1629.03,1629.17,1629.03,1629.17,0.01,0.17,271.69,1
2026-03-09,2026-03-09 11:02:00,1629.17,1629.3,1629.17,1629.3,0.01,0.17,271.69,1
2026-03-09,2026-03-09 11:03:00,1629.3,1629.44,1629.3,1629.44,0.01,0.17,271.69,1
2026-03-09,2026-03-09 11:04:00,1629.44,1629.57,1629.44,1629.57,0.01,0.17,271.69,1
2026-03-09,2026-03-09 11:05:00,1629.57,1629.7,1629.57,1629.7,0.01,0.17,271.69,1
2026-03-09,2026-03-09 11:06:00,1629.7,1629.84,1629.7,1629.84,0.01,0.17,271.69,1
2026-03-09,2026-03-09 11:07:00,1629.84,1629.97,1629.84,1629.97,0.01,0.17,271.69,1
2026-03-09,2026-03-09 11:08:00,1629.97,1630.1,1629.97,1630.1,0.01,0.17,271.69,1
2026-03-09,2026-03-09 11:09:00,1630.1,1630.24,1630.1,1630.24,0.01,0.17,271.69,1
2026-03-09,2026-03-09 11:10:00,1630.24,1630.37,1630.24,1630.37,0.01,0.17,271.69,1
2026-03-09,2026-03-09 11:11:00,1630.37,1630.51,1630.37,1630.51,0.01,0.17,271.69,1
2026-03-09,2026-03-09 11:12:00,1630.51,1630.64,1630.51,1630.64,0.01,0.17,271.69,1
2026-03-09,2026-03-09 11:13:00,1630.64,1630.77,1630.64,1630.77,0.01,0.17,271.69,1
2026-03-09,2026-03-09 11:14:00,1630.77,1630.91,1630.77,1630.91,0.01,0.17,271.69,1
2026-03-09,2026-03-09 11:15:00,1630.91,1631.04,1630.91,1631.04,0.01,0.17,271.69,1
2026-03-09,2026-03-09 11:16:00,1631.04,1631.17,1631.04,1631.17,0.01,0.17,271.69,1
2026-03-09,2026-03-09 11:17:00,1631.17,1631.31,1631.17,1631.31,0.01,0.17,271.69,1
2026-03-09,2026-03-09 11:18:00,1631.31,1631.44,1631.31,1631.44,0.01,0.17,271.69,1
2026-03-09,2026-03-09 11:19:00,1631.44,1631.58,1631.44,1631.58,0.01,0.17,271.69,1
2026-03-09,2026-03-09 11:20:00,1631.58,1631.71,1631.58,1631.71,0.01,0.17,271.69,1
2026-03-09,2026-03-09 11:21:00,1631.71,1631.84,1631.71,1631.84,0.01,0.17,271.69,1
2026-03-09,2026-03-09 11:22:00,1631.84,1631.98,1631.84,1631.98,0.01,0.17,271.69,1
2026-03-09,2026-03-09 11:23:00,1631.98,1632.11,1631.98,1632.11,0.01,0.17,271.69,1
2026-03-09,2026-03-09 11:24:00,1632.11,1632.24,1632.11,1632.24,0.01,0.17,271.69,1
2026-03-09,2026-03-09 11:25:00,1632.24,1632.38,1632.24,1632.38,0.01,0.17,271.69,1
2026-03-09,2026-03-09 11:26:00,1632.38,1632.51,1632.38,1632.51,0.01,0.17,271.69,1
2026-03-09,2026-03-09 11:27:00,1632.51,1632.64,1632.51,1632.64,0.01,0.17,271.69,1
2026-03-09,2026-03-09 11:28:00,1632.64,1632.78,1632.64,1632.78,0.01,0.17,271.69,1
2026-03-09,2026-03-09 11:29:00,1632.78,1632.91,1632.78,1632.91,0.01,0.17,271.69,1
2026-03-09,2026-03-09 11:30:00,1632.91,1633.05,1632.91,1633.05,0.01,0.17,271.69,1
2026-03-09,2026-03-09 11:31:00,1633.05,1633.18,1633.05,1633.18,0.01,0.17,271.69,1
2026-03-09,2026-03-09 11:32:00,1633.18,1633.31,1633.18,1633.31,0.01,0.17,271.69,1
2026-03-09,2026-03-09 11:33:00,1633.31,1633.45,1633.31,1633.45,0.01,0.17,271.69,1
2026-03-09,2026-03-09 11:34:00,1633.45,1633.58,1633.45,1633.58,0.01,0.17,271.69,1
2026-03-09,2026-03-09 11:35:00,1633.58,1633.72,1633.58,1633.72,0.01,0.17,271.69,1
2026-03-09,2026-03-09 11:36:00,1633.72,1633.85,1633.72,1633.85,0.01,0.17,271.69,1
2026-03-09,2026-03-09 11:37:00,1633.85,1633.98,1633.85,1633.98,0.01,0.17,271.69,1
2026-03-09,2026-03-09 11:38:00,1633.98,1634.12,1633.98,1634.12,0.01,0.17,271.69,1
2026-03-09,2026-03-09 11:39:00,1634.12,1634.25,1634.12,1634.25,0.01,0.17,271.69,1
2026-03-09,2026-03-09 11:40:00,1634.25,1634.38,1634.25,1634.38,0.01,0.17,271.69,1
2026-03-09,2026-03-09 11:41:00,1634.38,1634.52,1634.38,1634.52,0.01,0.17,271.69,1
2026-03-09,2026-03-09 11:42:00,1634.52,1634.65,1634.52,1634.65,0.01,0.17,271.69,1
2026-03-09,2026-03-09 11:43:00,1634.65,1634.79,1634.65,1634.79,0.01,0.17,271.69,1
2026-03-09,2026-03-09 11:44:00,1634.79,1634.92,1634.79,1634.92,0.01,0.17,271.69,1
2026-03-09,2026-03-09 11:45:00,1634.92,1635.05,1634.92,1635.05,0.01,0.17,271.69,1
2026-03-09,2026-03-09 11:46:00,1635.05,1635.19,1635.05,1635.19,0.01,0.17,271.69,1
2026-03-09,2026-03-09 11:47:00,1635.19,1635.32,1635.19,1635.32,0.01,0.17,271.69,1
2026-03-09,2026-03-09 11:48:00,1635.32,1635.45,1635.32,1635.45,0.01,0.17,271.69,1
2026-03-09,2026-03-09 11:49:00,1635.45,1635.59,1635.45,1635.59,0.01,0.17,271.69,1
2026-03-09,2026-03-09 11:50:00,1635.59,1635.72,1635.59,1635.72,0.01,0.17,271.69,1
2026-03-09,2026-03-09 11:51:00,1635.72,1635.86,1635.72,1635.86,0.01,0.17,271.69,1
2026-03-09,2026-03-09 11:52:00,1635.86,1635.99,1635.86,1635.99,0.01,0.17,271.69,1
2026-03-09,2026-03-09 11:53:00,1635.99,1636.12,1635.99,1636.12,0.01,0.17,271.69,1
2026-03-09,2026-03-09 11:54:00,1636.12,1636.26,1636.12,1636.26,0.01,0.17,271.69,1
2026-03-09,2026-03-09 11:55:00,1636.26,1636.39,1636.26,1636.39,0.01,0.17,271.69,1
2026-03-09,2026-03-09 11:56:00,1636.39,1636.52,1636.39,1636.52,0.01,0.17,271.69,1
2026-03-09,2026-03-09 11:57:00,1636.52,1636.66,1636.52,1636.66,0.01,0.17,271.69,1
2026-03-09,2026-03-09 11:58:00,1636.66,1636.79,1636.66,1636.79,0.01,0.17,271.69,1
2026-03-09,2026-03-09 11:59:00,1636.79,1636.93,1636.79,1636.93,0.01,0.17,271.69,1
2026-03-09,2026-03-09 12:00:00,1636.93,1637.06,1636.93,1637.06,0.01,0.17,271.69,1
2026-03-09,2026-03-09 12:01:00,1637.06,1637.19,1637.06,1637.19,0.01,0.17,271.69,1
2026-03-09,2026-03-09 12:02:00,1637.19,1637.33,1637.19,1637.33,0.01,0.17,271.69,1
2026-03-09,2026-03-09 12:03:00,1637.33,1637.46,1637.33,1637.46,0.01,0.17,271.69,1
2026-03-09,2026-03-09 12:04:00,1637.46,1637.59,1637.46,1637.59,0.01,0.17,271.69,1
2026-03-09,2026-03-09 12:05:00,1637.59,1637.73,1637.59,1637.73,0.01,0.17,271.69,1
2026-03-09,2026-03-09 12:06:00,1637.73,1637.86,1637.73,1637.86,0.01,0.17,271.69,1
2026-03-09,2026-03-09 12:07:00,1637.86,1638.0,1637.86,1638.0,0.01,0.17,271.69,1
2026-03-09,2026-03-09 12:08:00,1638.0,1638.13,1638.0,1638.13,0.01,0.17,271.69,1
2026-03-09,2026-03-09 12:09:00,1638.13,1638.26,1638.13,1638.26,0.01,0.17,271.69,1
2026-03-09,2026-03-09 12:10:00,1638.26,1638.4,1638.26,1638.4,0.01,0.17,271.69,1
2026-03-09,2026-03-09 12:11:00,1638.4,1638.53,1638.4,1638.53,0.01,0.17,271.69,1
2026-03-09,2026-03-09 12:12:00,1638.53,1638.66,1638.53,1638.66,0.01,0.17,271.69,1
2026-03-09,2026-03-09 12:13:00,1638.66,1638.8,1638.66,1638.8,0.01,0.17,271.69,1
2026-03-09,2026-03-09 12:14:00,1638.8,1638.93,1638.8,1638.93,0.01,0.17,271.69,1
2026-03-09,2026-03-09 12:15:00,1638.93,1639.07,1638.93,1639.07,0.01,0.17,271.69,1
2026-03-09,2026-03-09 12:16:00,1639.07,1639.2,1639.07,1639.2,0.01,0.17,271.69,1
2026-03-09,2026-03-09 12:17:00,1639.2,1639.33,1639.2,1639.33,0.01,0.17,271.69,1
2026-03-09,2026-03-09 12:18:00,1639.33,1639.47,1639.33,1639.47,0.01,0.17,271.69,1
2026-03-09,2026-03-09 12:19:00,1639.47,1639.6,1639.47,1639.6,0.01,0.17,271.69,1
2026-03-09,2026-03-09 12:20:00,1639.6,1639.73,1639.6,1639.73,0.01,0.17,271.69,1
2026-03-09,2026-03-09 12:21:00,1639.73,1639.87,1639.73,1639.87,0.01,0.17,271.69,1
2026-03-09,2026-03-09 12:22:00,1639.87,1640.0,1639.87,1640.0,0.01,0.17,271.69,1
2026-03-09,2026-03-09 12:23:00,1640.0,1640.13,1640.0,1640.13,0.01,0.17,271.69,1
2026-03-09,2026-03-09 12:24:00,1640.13,1640.27,1640.13,1640.27,0.01,0.17,271.69,1
2026-03-09,2026-03-09 12:25:00,1640.27,1640.4,1640.27,1640.4,0.01,0.17,271.69,1
2026-03-09,2026-03-09 12:26:00,1640.4,1640.54,1640.4,1640.54,0.01,0.17,271.69,1
2026-03-09,2026-03-09 12:27:00,1640.54,1640.67,1640.54,1640.67,0.01,0.17,271.69,1
2026-03-09,2026-03-09 12:28:00,1640.67,1640.8,1640.67,1640.8,0.01,0.17,271.69,1
2026-03-09,2026-03-09 12:29:00,1640.8,1640.94,1640.8,1640.94,0.01,0.17,271.69,1
2026-03-09,2026-03-09 12:30:00,1640.94,1641.07,1640.94,1641.07,0.01,0.17,271.69,1
2026-03-09,2026-03-09 12:31:00,1641.07,1641.21,1641.07,1641.21,0.01,0.17,271.69,1
2026-03-09,2026-03-09 12:32:00,1641.21,1641.34,1641.21,1641.34,0.01,0.17,271.69,1
2026-03-09,2026-03-09 12:33:00,1641.34,1641.47,1641.34,1641.47,0.01,0.17,271.69,1
2026-03-09,2026-03-09 12:34:00,1641.47,1641.61,1641.47,1641.61,0.01,0.17,271.69,1
2026-03-09,2026-03-09 12:35:00,1641.61,1641.74,1641.61,1641.74,0.01,0.17,271.69,1
2026-03-09,2026-03-09 12:36:00,1641.74,1641.87,1641.74,1641.87,0.01,0.17,271.69,1
2026-03-09,2026-03-09 12:37:00,1641.87,1642.01,1641.87,1642.01,0.01,0.17,271.69,1
2026-03-09,2026-03-09 12:38:00,1642.01,1642.14,1642.01,1642.14,0.01,0.17,271.69,1
2026-03-09,2026-03-09 12:39:00,1642.14,1642.28,1642.14,1642.28,0.01,0.17,271.69,1
2026-03-09,2026-03-09 12:40:00,1642.28,1642.41,1642.28,1642.41,0.01,0.17,271.69,1
2026-03-09,2026-03-09 12:41:00,1642.41,1642.54,1642.41,1642.54,0.01,0.17,271.69,1
2026-03-09,2026-03-09 12:42:00,1642.54,1642.68,1642.54,1642.68,0.01,0.17,271.69,1
2026-03-09,2026-03-09 12:43:00,1642.68,1642.81,1642.68,1642.81,0.01,0.17,271.69,1
2026-03-09,2026-03-09 12:44:00,1642.81,1642.94,1642.81,1642.94,0.01,0.17,271.69,1
2026-03-09,2026-03-09 12:45:00,1642.94,1643.08,1642.94,1643.08,0.01,0.17,271.69,1
2026-03-09,2026-03-09 12:46:00,1643.08,1643.21,1643.08,1643.21,0.01,0.17,271.69,1
2026-03-09,2026-03-09 12:47:00,1643.21,1643.35,1643.21,1643.35,0.01,0.17,271.69,1
2026-03-09,2026-03-09 12:48:00,1643.35,1643.48,1643.35,1643.48,0.01,0.17,271.69,1
2026-03-09,2026-03-09 12:49:00,1643.48,1643.61,1643.48,1643.61,0.01,0.17,271.69,1
2026-03-09,2026-03-09 12:50:00,1643.61,1643.75,1643.61,1643.75,0.01,0.17,271.69,1
2026-03-09,2026-03-09 12:51:00,1643.75,1643.88,1643.75,1643.88,0.01,0.17,271.69,1
2026-03-09,2026-03-09 12:52:00,1643.88,1644.01,1643.88,1644.01,0.01,0.17,271.69,1
2026-03-09,2026-03-09 12:53:00,1644.01,1644.15,1644.01,1644.15,0.01,0.17,271.69,1
2026-03-09,2026-03-09 12:54:00,1644.15,1644.28,1644.15,1644.28,0.01,0.17,271.69,1
2026-03-09,2026-03-09 12:55:00,1644.28,1644.41,1644.28,1644.41,0.01,0.17,271.69,1
2026-03-09,2026-03-09 12:56:00,1644.41,1644.55,1644.41,1644.55,0.01,0.17,271.69,1
2026-03-09,2026-03-09 12:57:00,1644.55,1644.68,1644.55,1644.68,0.01,0.17,271.69,1
2026-03-09,2026-03-09 12:58:00,1644.68,1644.82,1644.68,1644.82,0.01,0.17,271.69,1
2026-03-09,2026-03-09 12:59:00,1644.82,1644.95,1644.82,1644.95,0.01,0.17,271.69,1
2026-03-09,2026-03-09 13:00:00,1644.95,1661.0,1628.9,1645.08,0.01,0.17,271.69,1
2026-03-09,2026-03-09 13:01:00,1645.08,1645.22,1645.08,1645.22,0.01,0.17,271.69,1
2026-03-09,2026-03-09 13:02:00,1645.22,1645.35,1645.22,1645.35,0.01,0.17,271.69,1
2026-03-09,2026-03-09 13:03:00,1645.35,1645.49,1645.35,1645.49,0.01,0.17,271.69,1
2026-03-09,2026-03-09 13:04:00,1645.49,1645.62,1645.49,1645.62,0.01,0.17,271.69,1
2026-03-09,2026-03-09 13:05:00,1645.62,1645.75,1645.62,1645.75,0.01,0.17,271.69,1
2026-03-09,2026-03-09 13:06:00,1645.75,1645.89,1645.75,1645.89,0.01,0.17,271.69,1
2026-03-09,2026-03-09 13:07:00,1645.89,1646.02,1645.89,1646.02,0.01,0.17,271.69,1
2026-03-09,2026-03-09 13:08:00,1646.02,1646.15,1646.02,1646.15,0.01,0.17,271.69,1
2026-03-09,2026-03-09 13:09:00,1646.15,1646.29,1646.15,1646.29,0.01,0.17,271.69,1
2026-03-09,2026-03-09 13:10:00,1646.29,1646.42,1646.29,1646.42,0.01,0.17,271.69,1
2026-03-09,2026-03-09 13:11:00,1646.42,1646.56,1646.42,1646.56,0.01,0.17,271.69,1
2026-03-09,2026-03-09 13:12:00,1646.56,1646.69,1646.56,1646.69,0.01,0.17,271.69,1
2026-03-09,2026-03-09 13:13:00,1646.69,1646.82,1646.69,1646.82,0.01,0.17,271.69,1
2026-03-09,2026-03-09 13:14:00,1646.82,1646.96,1646.82,1646.96,0.01,0.17,271.69,1
2026-03-09,2026-03-09 13:15:00,1646.96,1647.09,1646.96,1647.09,0.01,0.17,271.69,1
2026-03-09,2026-03-09 13:16:00,1647.09,1647.22,1647.09,1647.22,0.01,0.17,271.69,1
2026-03-09,2026-03-09 13:17:00,1647.22,1647.36,1647.22,1647.36,0.01,0.17,271.69,1
2026-03-09,2026-03-09 13:18:00,1647.36,1647.49,1647.36,1647.49,0.01,0.17,271.69,1
2026-03-09,2026-03-09 13:19:00,1647.49,1647.62,1647.49,1647.62,0.01,0.17,271.69,1
2026-03-09,2026-03-09 13:20:00,1647.62,1647.76,1647.62,1647.76,0.01,0.17,271.69,1
2026-03-09,2026-03-09 13:21:00,1647.76,1647.89,1647.76,1647.89,0.01,0.17,271.69,1
2026-03-09,2026-03-09 13:22:00,1647.89,1648.03,1647.89,1648.03,0.01,0.17,271.69,1
2026-03-09,2026-03-09 13:23:00,1648.03,1648.16,1648.03,1648.16,0.01,0.17,271.69,1
2026-03-09,2026-03-09 13:24:00,1648.16,1648.29,1648.16,1648.29,0.01,0.17,271.69,1
2026-03-09,2026-03-09 13:25:00,1648.29,1648.43,1648.29,1648.43,0.01,0.17,271.69,1
2026-03-09,2026-03-09 13:26:00,1648.43,1648.56,1648.43,1648.56,0.01,0.17,271.69,1
2026-03-09,2026-03-09 13:27:00,1648.56,1648.69,1648.56,1648.69,0.01,0.17,271.69,1
2026-03-09,2026-03-09 13:28:00,1648.69,1648.83,1648.69,1648.83,0.01,0.17,271.69,1
2026-03-09,2026-03-09 13:29:00,1648.83,1648.96,1648.83,1648.96,0.01,0.17,271.69,1
2026-03-09,2026-03-09 13:30:00,1648.96,1649.1,1648.96,1649.1,0.01,0.17,271.69,1
2026-03-09,2026-03-09 13:31:00,1649.1,1649.23,1649.1,1649.23,0.01,0.17,271.69,1
2026-03-09,2026-03-09 13:32:00,1649.23,1649.36,1649.23,1649.36,0.01,0.17,271.69,1
2026-03-09,2026-03-09 13:33:00,1649.36,1649.5,1649.36,1649.5,0.01,0.17,271.69,1
2026-03-09,2026-03-09 13:34:00,1649.5,1649.63,1649.5,1649.63,0.01,0.17,271.69,1
2026-03-09,2026-03-09 13:35:00,1649.63,1649.77,1649.63,1649.77,0.01,0.17,271.69,1
2026-03-09,2026-03-09 13:36:00,1649.77,1649.9,1649.77,1649.9,0.01,0.17,271.69,1
2026-03-09,2026-03-09 13:37:00,1649.9,1650.03,1649.9,1650.03,0.01,0.17,271.69,1
2026-03-09,2026-03-09 13:38:00,1650.03,1650.17,1650.03,1650.17,0.01,0.17,271.69,1
2026-03-09,2026-03-09 13:39:00,1650.17,1650.3,1650.17,1650.3,0.01,0.17,271.69,1
2026-03-09,2026-03-09 13:40:00,1650.3,1650.43,1650.3,1650.43,0.01,0.17,271.69,1
2026-03-09,2026-03-09 13:41:00,1650.43,1650.57,1650.43,1650.57,0.01,0.17,271.69,1
2026-03-09,2026-03-09 13:42:00,1650.57,1650.7,1650.57,1650.7,0.01,0.17,271.69,1
2026-03-09,2026-03-09 13:43:00,1650.7,1650.84,1650.7,1650.84,0.01,0.17,271.69,1
2026-03-09,2026-03-09 13:44:00,1650.84,1650.97,1650.84,1650.97,0.01,0.17,271.69,1
2026-03-09,2026-03-09 13:45:00,1650.97,1651.1,1650.97,1651.1,0.01,0.17,271.69,1
2026-03-09,2026-03-09 13:46:00,1651.1,1651.24,1651.1,1651.24,0.01,0.17,271.69,1
2026-03-09,2026-03-09 13:47:00,1651.24,1651.37,1651.24,1651.37,0.01,0.17,271.69,1
2026-03-09,2026-03-09 13:48:00,1651.37,1651.5,1651.37,1651.5,0.01,0.17,271.69,1
2026-03-09,2026-03-09 13:49:00,1651.5,1651.64,1651.5,1651.64,0.01,0.17,271.69,1
2026-03-09,2026-03-09 13:50:00,1651.64,1651.77,1651.64,1651.77,0.01,0.17,271.69,1
2026-03-09,2026-03-09 13:51:00,1651.77,1651.9,1651.77,1651.9,0.01,0.17,271.69,1
2026-03-09,2026-03-09 13:52:00,1651.9,1652.04,1651.9,1652.04,0.01,0.17,271.69,1
2026-03-09,2026-03-09 13:53:00,1652.04,1652.17,1652.04,1652.17,0.01,0.17,271.69,1
2026-03-09,2026-03-09 13:54:00,1652.17,1652.31,1652.17,1652.31,0.01,0.17,271.69,1
2026-03-09,2026-03-09 13:55:00,1652.31,1652.44,1652.31,1652.44,0.01,0.17,271.69,1
2026-03-09,2026-03-09 13:56:00,1652.44,1652.57,1652.44,1652.57,0.01,0.17,271.69,1
2026-03-09,2026-03-09 13:57:00,1652.57,1652.71,1652.57,1652.71,0.01,0.17,271.69,1
2026-03-09,2026-03-09 13:58:00,1652.71,1652.84,1652.71,1652.84,0.01,0.17,271.69,1
2026-03-09,2026-03-09 13:59:00,1652.84,1652.97,1652.84,1652.97,0.01,0.17,271.69,1
2026-03-09,2026-03-09 14:00:00,1652.97,1653.11,1652.97,1653.11,0.01,0.17,271.69,1
2026-03-09,2026-03-09 14:01:00,1653.11,1653.24,1653.11,1653.24,0.01,0.17,271.69,1
2026-03-09,2026-03-09 14:02:00,1653.24,1653.38,1653.24,1653.38,0.01,0.17,271.69,1
2026-03-09,2026-03-09 14:03:00,1653.38,1653.51,1653.38,1653.51,0.01,0.17,271.69,1
2026-03-09,2026-03-09 14:04:00,1653.51,1653.64,1653.51,1653.64,0.01,0.17,271.69,1
2026-03-09,2026-03-09 14:05:00,1653.64,1653.78,1653.64,1653.78,0.01,0.17,271.69,1
2026-03-09,2026-03-09 14:06:00,1653.78,1653.91,1653.78,1653.91,0.01,0.17,271.69,1
2026-03-09,2026-03-09 14:07:00,1653.91,1654.05,1653.91,1654.05,0.01,0.17,271.69,1
2026-03-09,2026-03-09 14:08:00,1654.05,1654.18,1654.05,1654.18,0.01,0.17,271.69,1
2026-03-09,2026-03-09 14:09:00,1654.18,1654.31,1654.18,1654.31,0.01,0.17,271.69,1
2026-03-09,2026-03-09 14:10:00,1654.31,1654.45,1654.31,1654.45,0.01,0.17,271.69,1
2026-03-09,2026-03-09 14:11:00,1654.45,1654.58,1654.45,1654.58,0.01,0.17,271.69,1
2026-03-09,2026-03-09 14:12:00,1654.58,1654.71,1654.58,1654.71,0.01,0.17,271.69,1
2026-03-09,2026-03-09 14:13:00,1654.71,1654.85,1654.71,1654.85,0.01,0.17,271.69,1
2026-03-09,2026-03-09 14:14:00,1654.85,1654.98,1654.85,1654.98,0.01,0.17,271.69,1
2026-03-09,2026-03-09 14:15:00,1654.98,1655.12,1654.98,1655.12,0.01,0.17,271.69,1
2026-03-09,2026-03-09 14:16:00,1655.12,1655.25,1655.12,1655.25,0.01,0.17,271.69,1
2026-03-09,2026-03-09 14:17:00,1655.25,1655.38,1655.25,1655.38,0.01,0.17,271.69,1
2026-03-09,2026-03-09 14:18:00,1655.38,1655.52,1655.38,1655.52,0.01,0.17,271.69,1
2026-03-09,2026-03-09 14:19:00,1655.52,1655.65,1655.52,1655.65,0.01,0.17,271.69,1
2026-03-09,2026-03-09 14:20:00,1655.65,1655.78,1655.65,1655.78,0.01,0.17,271.69,1
2026-03-09,2026-03-09 14:21:00,1655.78,1655.92,1655.78,1655.92,0.01,0.17,271.69,1
2026-03-09,2026-03-09 14:22:00,1655.92,1656.05,1655.92,1656.05,0.01,0.17,271.69,1
2026-03-09,2026-03-09 14:23:00,1656.05,1656.18,1656.05,1656.18,0.01,0.17,271.69,1
2026-03-09,2026-03-09 14:24:00,1656.18,1656.32,1656.18,1656.32,0.01,0.17,271.69,1
2026-03-09,2026-03-09 14:25:00,1656.32,1656.45,1656.32,1656.45,0.01,0.17,271.69,1
2026-03-09,2026-03-09 14:26:00,1656.45,1656.59,1656.45,1656.59,0.01,0.17,271.69,1
2026-03-09,2026-03-09 14:27:00,1656.59,1656.72,1656.59,1656.72,0.01,0.17,271.69,1
2026-03-09,2026-03-09 14:28:00,1656.72,1656.85,1656.72,1656.85,0.01,0.17,271.69,1
2026-03-09,2026-03-09 14:29:00,1656.85,1656.99,1656.85,1656.99,0.01,0.17,271.69,1
2026-03-09,2026-03-09 14:30:00,1656.99,1657.12,1656.99,1657.12,0.01,0.17,271.69,1
2026-03-09,2026-03-09 14:31:00,1657.12,1657.26,1657.12,1657.26,0.01,0.17,271.69,1
2026-03-09,2026-03-09 14:32:00,1657.26,1657.39,1657.26,1657.39,0.01,0.17,271.69,1
2026-03-09,2026-03-09 14:33:00,1657.39,1657.52,1657.39,1657.52,0.01,0.17,271.69,1
2026-03-09,2026-03-09 14:34:00,1657.52,1657.66,1657.52,1657.66,0.01,0.17,271.69,1
2026-03-09,2026-03-09 14:35:00,1657.66,1657.79,1657.66,1657.79,0.01,0.17,271.69,1
2026-03-09,2026-03-09 14:36:00,1657.79,1657.92,1657.79,1657.92,0.01,0.17,271.69,1
2026-03-09,2026-03-09 14:37:00,1657.92,1658.06,1657.92,1658.06,0.01,0.17,271.69,1
2026-03-09,2026-03-09 14:38:00,1658.06,1658.19,1658.06,1658.19,0.01,0.17,271.69,1
2026-03-09,2026-03-09 14:39:00,1658.19,1658.33,1658.19,1658.33,0.01,0.17,271.69,1
2026-03-09,2026-03-09 14:40:00,1658.33,1658.46,1658.33,1658.46,0.01,0.17,271.69,1
2026-03-09,2026-03-09 14:41:00,1658.46,1658.59,1658.46,1658.59,0.01,0.17,271.69,1
2026-03-09,2026-03-09 14:42:00,1658.59,1658.73,1658.59,1658.73,0.01,0.17,271.69,1
2026-03-09,2026-03-09 14:43:00,1658.73,1658.86,1658.73,1658.86,0.01,0.17,271.69,1
2026-03-09,2026-03-09 14:44:00,1658.86,1658.99,1658.86,1658.99,0.01,0.17,271.69,1
2026-03-09,2026-03-09 14:45:00,1658.99,1659.13,1658.99,1659.13,0.01,0.17,271.69,1
2026-03-09,2026-03-09 14:46:00,1659.13,1659.26,1659.13,1659.26,0.01,0.17,271.69,1
2026-03-09,2026-03-09 14:47:00,1659.26,1659.39,1659.26,1659.39,0.01,0.17,271.69,1
2026-03-09,2026-03-09 14:48:00,1659.39,1659.53,1659.39,1659.53,0.01,0.17,271.69,1
2026-03-09,2026-03-09 14:49:00,1659.53,1659.66,1659.53,1659.66,0.01,0.17,271.69,1
2026-03-09,2026-03-09 14:50:00,1659.66,1659.8,1659.66,1659.8,0.01,0.17,271.69,1
2026-03-09,2026-03-09 14:51:00,1659.8,1659.93,1659.8,1659.93,0.01,0.17,271.69,1
2026-03-09,2026-03-09 14:52:00,1659.93,1660.06,1659.93,1660.06,0.01,0.17,271.69,1
2026-03-09,2026-03-09 14:53:00,1660.06,1660.2,1660.06,1660.2,0.01,0.17,271.69,1
2026-03-09,2026-03-09 14:54:00,1660.2,1660.33,1660.2,1660.33,0.01,0.17,271.69,1
2026-03-09,2026-03-09 14:55:00,1660.33,1660.46,1660.33,1660.46,0.01,0.17,271.69,1
2026-03-09,2026-03-09 14:56:00,1660.46,1660.6,1660.46,1660.6,0.01,0.17,271.69,1
2026-03-09,2026-03-09 14:57:00,1660.6,1660.73,1660.6,1660.73,0.01,0.17,271.69,1
2026-03-09,2026-03-09 14:58:00,1660.73,1660.87,1660.73,1660.87,0.01,0.17,271.69,1
2026-03-09,2026-03-09 14:59:00,1660.87,1661.0,1660.87,1661.0,0.01,0.17,271.69,1
2026-03-09,2026-03-09 15:00:00,1661.0,1661.0,1628.9,1661.0,0.0,0.17,271.69,0
2026-03-10,2026-03-10 11:00:00,1661.0,1662.2,1636.7,1660.79,-0.01,23.59,37781.14,-1
2026-03-10,2026-03-10 11:01:00,1660.79,1660.79,1660.57,1660.57,-0.01,23.59,37781.14,-1
2026-03-10,2026-03-10 11:02:00,1660.57,1660.57,1660.36,1660.36,-0.01,23.59,37781.14,-1
2026-03-10,2026-03-10 11:03:00,1660.36,1660.36,1660.15,1660.15,-0.01,23.59,37781.14,-1
2026-03-10,2026-03-10 11:04:00,1660.15,1660.15,1659.94,1659.94,-0.01,23.59,37781.14,-1
2026-03-10,2026-03-10 11:05:00,1659.94,1659.94,1659.72,1659.72,-0.01,23.59,37781.14,-1
2026-03-10,2026-03-10 11:06:00,1659.72,1659.72,1659.51,1659.51,-0.01,23.59,37781.14,-1
2026-03-10,2026-03-10 11:07:00,1659.51,1659.51,1659.3,1659.3,-0.01,23.59,37781.14,-1
2026-03-10,2026-03-10 11:08:00,1659.3,1659.3,1659.08,1659.08,-0.01,23.59,37781.14,-1
2026-03-10,2026-03-10 11:09:00,1659.08,1659.08,1658.87,1658.87,-0.01,23.59,37781.14,-1
2026-03-10,2026-03-10 11:10:00,1658.87,1658.87,1658.66,1658.66,-0.01,23.59,37781.14,-1
2026-03-10,2026-03-10 11:11:00,1658.66,1658.66,1658.44,1658.44,-0.01,23.59,37781.14,-1
2026-03-10,2026-03-10 11:12:00,1658.44,1658.44,1658.23,1658.23,-0.01,23.59,37781.14,-1
2026-03-10,2026-03-10 11:13:00,1658.23,1658.23,1658.02,1658.02,-0.01,23.59,37781.14,-1
2026-03-10,2026-03-10 11:14:00,1658.02,1658.02,1657.81,1657.81,-0.01,23.59,37781.14,-1
2026-03-10,2026-03-10 11:15:00,1657.81,1657.81,1657.59,1657.59,-0.01,23.59,37781.14,-1
2026-03-10,2026-03-10 11:16:00,1657.59,1657.59,1657.38,1657.38,-0.01,23.59,37781.14,-1
2026-03-10,2026-03-10 11:17:00,1657.38,1657.38,1657.17,1657.17,-0.01,23.59,37781.14,-1
2026-03-10,2026-03-10 11:18:00,1657.17,1657.17,1656.95,1656.95,-0.01,23.59,37781.14,-1
2026-03-10,2026-03-10 11:19:00,1656.95,1656.95,1656.74,1656.74,-0.01,23.59,37781.14,-1
2026-03-10,2026-03-10 11:20:00,1656.74,1656.74,1656.53,1656.53,-0.01,23.59,37781.14,-1
2026-03-10,2026-03-10 11:21:00,1656.53,1656.53,1656.32,1656.32,-0.01,23.59,37781.14,-1
2026-03-10,2026-03-10 11:22:00,1656.32,1656.32,1656.1,1656.1,-0.01,23.59,37781.14,-1
2026-03-10,2026-03-10 11:23:00,1656.1,1656.1,1655.89,1655.89,-0.01,23.59,37781.14,-1
2026-03-10,2026-03-10 11:24:00,1655.89,1655.89,1655.68,1655.68,-0.01,23.59,37781.14,-1
2026-03-10,2026-03-10 11:25:00,1655.68,1655.68,1655.46,1655.46,-0.01,23.59,37781.14,-1
2026-03-10,2026-03-10 11:26:00,1655.46,1655.46,1655.25,1655.25,-0.01,23.59,37781.14,-1
2026-03-10,2026-03-10 11:27:00,1655.25,1655.25,1655.04,1655.04,-0.01,23.59,37781.14,-1
2026-03-10,2026-03-10 11:28:00,1655.04,1655.04,1654.83,1654.83,-0.01,23.59,37781.14,-1
2026-03-10,2026-03-10 11:29:00,1654.83,1654.83,1654.61,1654.61,-0.01,23.59,37781.14,-1
2026-03-10,2026-03-10 11:30:00,1654.61,1654.61,1654.4,1654.4,-0.01,23.59,37781.14,-1
2026-03-10,2026-03-10 11:31:00,1654.4,1654.4,1654.19,1654.19,-0.01,23.59,37781.14,-1
2026-03-10,2026-03-10 11:32:00,1654.19,1654.19,1653.97,1653.97,-0.01,23.59,37781.14,-1
2026-03-10,2026-03-10 11:33:00,1653.97,1653.97,1653.76,1653.76,-0.01,23.59,37781.14,-1
2026-03-10,2026-03-10 11:34:00,1653.76,1653.76,1653.55,1653.55,-0.01,23.59,37781.14,-1
2026-03-10,2026-03-10 11:35:00,1653.55,1653.55,1653.34,1653.34,-0.01,23.59,37781.14,-1
2026-03-10,2026-03-10 11:36:00,1653.34,1653.34,1653.12,1653.12,-0.01,23.59,37781.14,-1
2026-03-10,2026-03-10 11:37:00,1653.12,1653.12,1652.91,1652.91,-0.01,23.59,37781.14,-1
2026-03-10,2026-03-10 11:38:00,1652.91,1652.91,1652.7,1652.7,-0.01,23.59,37781.14,-1
2026-03-10,2026-03-10 11:39:00,1652.7,1652.7,1652.48,1652.48,-0.01,23.59,37781.14,-1
2026-03-10,2026-03-10 11:40:00,1652.48,1652.48,1652.27,1652.27,-0.01,23.59,37781.14,-1
2026-03-10,2026-03-10 11:41:00,1652.27,1652.27,1652.06,1652.06,-0.01,23.59,37781.14,-1
2026-03-10,2026-03-10 11:42:00,1652.06,1652.06,1651.84,1651.84,-0.01,23.59,37781.14,-1
2026-03-10,2026-03-10 11:43:00,1651.84,1651.84,1651.63,1651.63,-0.01,23.59,37781.14,-1
2026-03-10,2026-03-10 11:44:00,1651.63,1651.63,1651.42,1651.42,-0.01,23.59,37781.14,-1
2026-03-10,2026-03-10 11:45:00,1651.42,1651.42,1651.21,1651.21,-0.01,23.59,37781.14,-1
2026-03-10,2026-03-10 11:46:00,1651.21,1651.21,1650.99,1650.99,-0.01,23.59,37781.14,-1
2026-03-10,2026-03-10 11:47:00,1650.99,1650.99,1650.78,1650.78,-0.01,23.59,37781.14,-1
2026-03-10,2026-03-10 11:48:00,1650.78,1650.78,1650.57,1650.57,-0.01,23.59,37781.14,-1
2026-03-10,2026-03-10 11:49:00,1650.57,1650.57,1650.35,1650.35,-0.01,23.59,37781.14,-1
2026-03-10,2026-03-10 11:50:00,1650.35,1650.35,1650.14,1650.14,-0.01,23.59,37781.14,-1
2026-03-10,2026-03-10 11:51:00,1650.14,1650.14,1649.93,1649.93,-0.01,23.59,37781.14,-1
2026-03-10,2026-03-10 11:52:00,1649.93,1649.93,1649.72,1649.72,-0.01,23.59,37781.14,-1
2026-03-10,2026-03-10 11:53:00,1649.72,1649.72,1649.5,1649.5,-0.01,23.59,37781.14,-1
2026-03-10,2026-03-10 11:54:00,1649.5,1649.5,1649.29,1649.29,-0.01,23.59,37781.14,-1
2026-03-10,2026-03-10 11:55:00,1649.29,1649.29,1649.08,1649.08,-0.01,23.59,37781.14,-1
2026-03-10,2026-03-10 11:56:00,1649.08,1649.08,1648.86,1648.86,-0.01,23.59,37781.14,-1
2026-03-10,2026-03-10 11:57:00,1648.86,1648.86,1648.65,1648.65,-0.01,23.59,37781.14,-1
2026-03-10,2026-03-10 11:58:00,1648.65,1648.65,1648.44,1648.44,-0.01,23.59,37781.14,-1
2026-03-10,2026-03-10 11:59:00,1648.44,1648.44,1648.22,1648.22,-0.01,23.59,37781.14,-1
2026-03-10,2026-03-10 12:00:00,1648.22,1648.22,1648.01,1648.01,-0.01,23.59,37781.14,-1
2026-03-10,2026-03-10 12:01:00,1648.01,1648.01,1647.8,1647.8,-0.01,23.59,37781.14,-1
2026-03-10,2026-03-10 12:02:00,1647.8,1647.8,1647.59,1647.59,-0.01,23.59,37781.14,-1
2026-03-10,2026-03-10 12:03:00,1647.59,1647.59,1647.37,1647.37,-0.01,23.59,37781.14,-1
2026-03-10,2026-03-10 12:04:00,1647.37,1647.37,1647.16,1647.16,-0.01,23.59,37781.14,-1
2026-03-10,2026-03-10 12:05:00,1647.16,1647.16,1646.95,1646.95,-0.01,23.59,37781.14,-1
2026-03-10,2026-03-10 12:06:00,1646.95,1646.95,1646.73,1646.73,-0.01,23.59,37781.14,-1
2026-03-10,2026-03-10 12:07:00,1646.73,1646.73,1646.52,1646.52,-0.01,23.59,37781.14,-1
2026-03-10,2026-03-10 12:08:00,1646.52,1646.52,1646.31,1646.31,-0.01,23.59,37781.14,-1
2026-03-10,2026-03-10 12:09:00,1646.31,1646.31,1646.1,1646.1,-0.01,23.59,37781.14,-1
2026-03-10,2026-03-10 12:10:00,1646.1,1646.1,1645.88,1645.88,-0.01,23.59,37781.14,-1
2026-03-10,2026-03-10 12:11:00,1645.88,1645.88,1645.67,1645.67,-0.01,23.59,37781.14,-1
2026-03-10,2026-03-10 12:12:00,1645.67,1645.67,1645.46,1645.46,-0.01,23.59,37781.14,-1
2026-03-10,2026-03-10 12:13:00,1645.46,1645.46,1645.24,1645.24,-0.01,23.59,37781.14,-1
2026-03-10,2026-03-10 12:14:00,1645.24,1645.24,1645.03,1645.03,-0.01,23.59,37781.14,-1
2026-03-10,2026-03-10 12:15:00,1645.03,1645.03,1644.82,1644.82,-0.01,23.59,37781.14,-1
2026-03-10,2026-03-10 12:16:00,1644.82,1644.82,1644.61,1644.61,-0.01,23.59,37781.14,-1
2026-03-10,2026-03-10 12:17:00,1644.61,1644.61,1644.39,1644.39,-0.01,23.59,37781.14,-1
2026-03-10,2026-03-10 12:18:00,1644.39,1644.39,1644.18,1644.18,-0.01,23.59,37781.14,-1
2026-03-10,2026-03-10 12:19:00,1644.18,1644.18,1643.97,1643.97,-0.01,23.59,37781.14,-1
2026-03-10,2026-03-10 12:20:00,1643.97,1643.97,1643.75,1643.75,-0.01,23.59,37781.14,-1
2026-03-10,2026-03-10 12:21:00,1643.75,1643.75,1643.54,1643.54,-0.01,23.59,37781.14,-1
2026-03-10,2026-03-10 12:22:00,1643.54,1643.54,1643.33,1643.33,-0.01,23.59,37781.14,-1
2026-03-10,2026-03-10 12:23:00,1643.33,1643.33,1643.12,1643.12,-0.01,23.59,37781.14,-1
2026-03-10,2026-03-10 12:24:00,1643.12,1643.12,1642.9,1642.9,-0.01,23.59,37781.14,-1
2026-03-10,2026-03-10 12:25:00,1642.9,1642.9,1642.69,1642.69,-0.01,23.59,37781.14,-1
2026-03-10,2026-03-10 12:26:00,1642.69,1642.69,1642.48,1642.48,-0.01,23.59,37781.14,-1
2026-03-10,2026-03-10 12:27:00,1642.48,1642.48,1642.26,1642.26,-0.01,23.59,37781.14,-1
2026-03-10,2026-03-10 12:28:00,1642.26,1642.26,1642.05,1642.05,-0.01,23.59,37781.14,-1
2026-03-10,2026-03-10 12:29:00,1642.05,1642.05,1641.84,1641.84,-0.01,23.59,37781.14,-1
2026-03-10,2026-03-10 12:30:00,1641.84,1641.84,1641.62,1641.62,-0.01,23.59,37781.14,-1
2026-03-10,2026-03-10 12:31:00,1641.62,1641.62,1641.41,1641.41,-0.01,23.59,37781.14,-1
2026-03-10,2026-03-10 12:32:00,1641.41,1641.41,1641.2,1641.2,-0.01,23.59,37781.14,-1
2026-03-10,2026-03-10 12:33:00,1641.2,1641.2,1640.99,1640.99,-0.01,23.59,37781.14,-1
2026-03-10,2026-03-10 12:34:00,1640.99,1640.99,1640.77,1640.77,-0.01,23.59,37781.14,-1
2026-03-10,2026-03-10 12:35:00,1640.77,1640.77,1640.56,1640.56,-0.01,23.59,37781.14,-1
2026-03-10,2026-03-10 12:36:00,1640.56,1640.56,1640.35,1640.35,-0.01,23.59,37781.14,-1
2026-03-10,2026-03-10 12:37:00,1640.35,1640.35,1640.13,1640.13,-0.01,23.59,37781.14,-1
2026-03-10,2026-03-10 12:38:00,1640.13,1640.13,1639.92,1639.92,-0.01,23.59,37781.14,-1
2026-03-10,2026-03-10 12:39:00,1639.92,1639.92,1639.71,1639.71,-0.01,23.59,37781.14,-1
2026-03-10,2026-03-10 12:40:00,1639.71,1639.71,1639.5,1639.5,-0.01,23.59,37781.14,-1
2026-03-10,2026-03-10 12:41:00,1639.5,1639.5,1639.28,1639.28,-0.01,23.59,37781.14,-1
2026-03-10,2026-03-10 12:42:00,1639.28,1639.28,1639.07,1639.07,-0.01,23.59,37781.14,-1
2026-03-10,2026-03-10 12:43:00,1639.07,1639.07,1638.86,1638.86,-0.01,23.59,37781.14,-1
2026-03-10,2026-03-10 12:44:00,1638.86,1638.86,1638.64,1638.64,-0.01,23.59,37781.14,-1
2026-03-10,2026-03-10 12:45:00,1638.64,1638.64,1638.43,1638.43,-0.01,23.59,37781.14,-1
2026-03-10,2026-03-10 12:46:00,1638.43,1638.43,1638.22,1638.22,-0.01,23.59,37781.14,-1
2026-03-10,2026-03-10 12:47:00,1638.22,1638.22,1638.01,1638.01,-0.01,23.59,37781.14,-1
2026-03-10,2026-03-10 12:48:00,1638.01,1638.01,1637.79,1637.79,-0.01,23.59,37781.14,-1
2026-03-10,2026-03-10 12:49:00,1637.79,1637.79,1637.58,1637.58,-0.01,23.59,37781.14,-1
2026-03-10,2026-03-10 12:50:00,1637.58,1637.58,1637.37,1637.37,-0.01,23.59,37781.14,-1
2026-03-10,2026-03-10 12:51:00,1637.37,1637.37,1637.15,1637.15,-0.01,23.59,37781.14,-1
2026-03-10,2026-03-10 12:52:00,1637.15,1637.15,1636.94,1636.94,-0.01,23.59,37781.14,-1
2026-03-10,2026-03-10 12:53:00,1636.94,1636.94,1636.73,1636.73,-0.01,23.59,37781.14,-1
2026-03-10,2026-03-10 12:54:00,1636.73,1636.73,1636.51,1636.51,-0.01,23.59,37781.14,-1
2026-03-10,2026-03-10 12:55:00,1636.51,1636.51,1636.3,1636.3,-0.01,23.59,37781.14,-1
2026-03-10,2026-03-10 12:56:00,1636.3,1636.3,1636.09,1636.09,-0.01,23.59,37781.14,-1
2026-03-10,2026-03-10 12:57:00,1636.09,1636.09,1635.88,1635.88,-0.01,23.59,37781.14,-1
2026-03-10,2026-03-10 12:58:00,1635.88,1635.88,1635.66,1635.66,-0.01,23.59,37781.14,-1
2026-03-10,2026-03-10 12:59:00,1635.66,1635.66,1635.45,1635.45,-0.01,23.59,37781.14,-1
2026-03-10,2026-03-10 13:00:00,1635.45,1665.0,1580.0,1635.24,-0.01,23.59,37781.14,-1
2026-03-10,2026-03-10 13:01:00,1635.24,1635.24,1635.02,1635.02,-0.01,23.59,37781.14,-1
2026-03-10,2026-03-10 13:02:00,1635.02,1635.02,1634.81,1634.81,-0.01,23.59,37781.14,-1
2026-03-10,2026-03-10 13:03:00,1634.81,1634.81,1634.6,1634.6,-0.01,23.59,37781.14,-1
2026-03-10,2026-03-10 13:04:00,1634.6,1634.6,1634.39,1634.39,-0.01,23.59,37781.14,-1
2026-03-10,2026-03-10 13:05:00,1634.39,1634.39,1634.17,1634.17,-0.01,23.59,37781.14,-1
2026-03-10,2026-03-10 13:06:00,1634.17,1634.17,1633.96,1633.96,-0.01,23.59,37781.14,-1
2026-03-10,2026-03-10 13:07:00,1633.96,1633.96,1633.75,1633.75,-0.01,23.59,37781.14,-1
2026-03-10,2026-03-10 13:08:00,1633.75,1633.75,1633.53,1633.53,-0.01,23.59,37781.14,-1
2026-03-10,2026-03-10 13:09:00,1633.53,1633.53,1633.32,1633.32,-0.01,23.59,37781.14,-1
2026-03-10,2026-03-10 13:10:00,1633.32,1633.32,1633.11,1633.11,-0.01,23.59,37781.14,-1
2026-03-10,2026-03-10 13:11:00,1633.11,1633.11,1632.89,1632.89,-0.01,23.59,37781.14,-1
2026-03-10,2026-03-10 13:12:00,1632.89,1632.89,1632.68,1632.68,-0.01,23.59,37781.14,-1
2026-03-10,2026-03-10 13:13:00,1632.68,1632.68,1632.47,1632.47,-0.01,23.59,37781.14,-1
2026-03-10,2026-03-10 13:14:00,1632.47,1632.47,1632.26,1632.26,-0.01,23.59,37781.14,-1
2026-03-10,2026-03-10 13:15:00,1632.26,1632.26,1632.04,1632.04,-0.01,23.59,37781.14,-1
2026-03-10,2026-03-10 13:16:00,1632.04,1632.04,1631.83,1631.83,-0.01,23.59,37781.14,-1
2026-03-10,2026-03-10 13:17:00,1631.83,1631.83,1631.62,1631.62,-0.01,23.59,37781.14,-1
2026-03-10,2026-03-10 13:18:00,1631.62,1631.62,1631.4,1631.4,-0.01,23.59,37781.14,-1
2026-03-10,2026-03-10 13:19:00,1631.4,1631.4,1631.19,1631.19,-0.01,23.59,37781.14,-1
2026-03-10,2026-03-10 13:20:00,1631.19,1631.19,1630.98,1630.98,-0.01,23.59,37781.14,-1
2026-03-10,2026-03-10 13:21:00,1630.98,1630.98,1630.77,1630.77,-0.01,23.59,37781.14,-1
2026-03-10,2026-03-10 13:22:00,1630.77,1630.77,1630.55,1630.55,-0.01,23.59,37781.14,-1
2026-03-10,2026-03-10 13:23:00,1630.55,1630.55,1630.34,1630.34,-0.01,23.59,37781.14,-1
2026-03-10,2026-03-10 13:24:00,1630.34,1630.34,1630.13,1630.13,-0.01,23.59,37781.14,-1
2026-03-10,2026-03-10 13:25:00,1630.13,1630.13,1629.91,1629.91,-0.01,23.59,37781.14,-1
2026-03-10,2026-03-10 13:26:00,1629.91,1629.91,1629.7,1629.7,-0.01,23.59,37781.14,-1
2026-03-10,2026-03-10 13:27:00,1629.7,1629.7,1629.49,1629.49,-0.01,23.59,37781.14,-1
2026-03-10,2026-03-10 13:28:00,1629.49,1629.49,1629.28,1629.28,-0.01,23.59,37781.14,-1
2026-03-10,2026-03-10 13:29:00,1629.28,1629.28,1629.06,1629.06,-0.01,23.59,37781.14,-1
2026-03-10,2026-03-10 13:30:00,1629.06,1629.06,1628.85,1628.85,-0.01,23.59,37781.14,-1
2026-03-10,2026-03-10 13:31:00,1628.85,1628.85,1628.64,1628.64,-0.01,23.59,37781.14,-1
2026-03-10,2026-03-10 13:32:00,1628.64,1628.64,1628.42,1628.42,-0.01,23.59,37781.14,-1
2026-03-10,2026-03-10 13:33:00,1628.42,1628.42,1628.21,1628.21,-0.01,23.59,37781.14,-1
2026-03-10,2026-03-10 13:34:00,1628.21,1628.21,1628.0,1628.0,-0.01,23.59,37781.14,-1
2026-03-10,2026-03-10 13:35:00,1628.0,1628.0,1627.79,1627.79,-0.01,23.59,37781.14,-1
2026-03-10,2026-03-10 13:36:00,1627.79,1627.79,1627.57,1627.57,-0.01,23.59,37781.14,-1
2026-03-10,2026-03-10 13:37:00,1627.57,1627.57,1627.36,1627.36,-0.01,23.59,37781.14,-1
2026-03-10,2026-03-10 13:38:00,1627.36,1627.36,1627.15,1627.15,-0.01,23.59,37781.14,-1
2026-03-10,2026-03-10 13:39:00,1627.15,1627.15,1626.93,1626.93,-0.01,23.59,37781.14,-1
2026-03-10,2026-03-10 13:40:00,1626.93,1626.93,1626.72,1626.72,-0.01,23.59,37781.14,-1
2026-03-10,2026-03-10 13:41:00,1626.72,1626.72,1626.51,1626.51,-0.01,23.59,37781.14,-1
2026-03-10,2026-03-10 13:42:00,1626.51,1626.51,1626.29,1626.29,-0.01,23.59,37781.14,-1
2026-03-10,2026-03-10 13:43:00,1626.29,1626.29,1626.08,1626.08,-0.01,23.59,37781.14,-1
2026-03-10,2026-03-10 13:44:00,1626.08,1626.08,1625.87,1625.87,-0.01,23.59,37781.14,-1
2026-03-10,2026-03-10 13:45:00,1625.87,1625.87,1625.66,1625.66,-0.01,23.59,37781.14,-1
2026-03-10,2026-03-10 13:46:00,1625.66,1625.66,1625.44,1625.44,-0.01,23.59,37781.14,-1
2026-03-10,2026-03-10 13:47:00,1625.44,1625.44,1625.23,1625.23,-0.01,23.59,37781.14,-1
2026-03-10,2026-03-10 13:48:00,1625.23,1625.23,1625.02,1625.02,-0.01,23.59,37781.14,-1
2026-03-10,2026-03-10 13:49:00,1625.02,1625.02,1624.8,1624.8,-0.01,23.59,37781.14,-1
2026-03-10,2026-03-10 13:50:00,1624.8,1624.8,1624.59,1624.59,-0.01,23.59,37781.14,-1
2026-03-10,2026-03-10 13:51:00,1624.59,1624.59,1624.38,1624.38,-0.01,23.59,37781.14,-1
2026-03-10,2026-03-10 13:52:00,1624.38,1624.38,1624.17,1624.17,-0.01,23.59,37781.14,-1
2026-03-10,2026-03-10 13:53:00,1624.17,1624.17,1623.95,1623.95,-0.01,23.59,37781.14,-1
2026-03-10,2026-03-10 13:54:00,1623.95,1623.95,1623.74,1623.74,-0.01,23.59,37781.14,-1
2026-03-10,2026-03-10 13:55:00,1623.74,1623.74,1623.53,1623.53,-0.01,23.59,37781.14,-1
2026-03-10,2026-03-10 13:56:00,1623.53,1623.53,1623.31,1623.31,-0.01,23.59,37781.14,-1
2026-03-10,2026-03-10 13:57:00,1623.31,1623.31,1623.1,1623.1,-0.01,23.59,37781.14,-1
2026-03-10,2026-03-10 13:58:00,1623.1,1623.1,1622.89,1622.89,-0.01,23.59,37781.14,-1
2026-03-10,2026-03-10 13:59:00,1622.89,1622.89,1622.68,1622.68,-0.01,23.59,37781.14,-1
2026-03-10,2026-03-10 14:00:00,1622.68,1622.68,1622.46,1622.46,-0.01,23.59,37781.14,-1
2026-03-10,2026-03-10 14:01:00,1622.46,1622.46,1622.25,1622.25,-0.01,23.59,37781.14,-1
2026-03-10,2026-03-10 14:02:00,1622.25,1622.25,1622.04,1622.04,-0.01,23.59,37781.14,-1
2026-03-10,2026-03-10 14:03:00,1622.04,1622.04,1621.82,1621.82,-0.01,23.59,37781.14,-1
2026-03-10,2026-03-10 14:04:00,1621.82,1621.82,1621.61,1621.61,-0.01,23.59,37781.14,-1
2026-03-10,2026-03-10 14:05:00,1621.61,1621.61,1621.4,1621.4,-0.01,23.59,37781.14,-1
2026-03-10,2026-03-10 14:06:00,1621.4,1621.4,1621.18,1621.18,-0.01,23.59,37781.14,-1
2026-03-10,2026-03-10 14:07:00,1621.18,1621.18,1620.97,1620.97,-0.01,23.59,37781.14,-1
2026-03-10,2026-03-10 14:08:00,1620.97,1620.97,1620.76,1620.76,-0.01,23.59,37781.14,-1
2026-03-10,2026-03-10 14:09:00,1620.76,1620.76,1620.55,1620.55,-0.01,23.59,37781.14,-1
2026-03-10,2026-03-10 14:10:00,1620.55,1620.55,1620.33,1620.33,-0.01,23.59,37781.14,-1
2026-03-10,2026-03-10 14:11:00,1620.33,1620.33,1620.12,1620.12,-0.01,23.59,37781.14,-1
2026-03-10,2026-03-10 14:12:00,1620.12,1620.12,1619.91,1619.91,-0.01,23.59,37781.14,-1
2026-03-10,2026-03-10 14:13:00,1619.91,1619.91,1619.69,1619.69,-0.01,23.59,37781.14,-1
2026-03-10,2026-03-10 14:14:00,1619.69,1619.69,1619.48,1619.48,-0.01,23.59,37781.14,-1
2026-03-10,2026-03-10 14:15:00,1619.48,1619.48,1619.27,1619.27,-0.01,23.59,37781.14,-1
2026-03-10,2026-03-10 14:16:00,1619.27,1619.27,1619.06,1619.06,-0.01,23.59,37781.14,-1
2026-03-10,2026-03-10 14:17:00,1619.06,1619.06,1618.84,1618.84,-0.01,23.59,37781.14,-1
2026-03-10,2026-03-10 14:18:00,1618.84,1618.84,1618.63,1618.63,-0.01,23.59,37781.14,-1
2026-03-10,2026-03-10 14:19:00,1618.63,1618.63,1618.42,1618.42,-0.01,23.59,37781.14,-1
2026-03-10,2026-03-10 14:20:00,1618.42,1618.42,1618.2,1618.2,-0.01,23.59,37781.14,-1
2026-03-10,2026-03-10 14:21:00,1618.2,1618.2,1617.99,1617.99,-0.01,23.59,37781.14,-1
2026-03-10,2026-03-10 14:22:00,1617.99,1617.99,1617.78,1617.78,-0.01,23.59,37781.14,-1
2026-03-10,2026-03-10 14:23:00,1617.78,1617.78,1617.57,1617.57,-0.01,23.59,37781.14,-1
2026-03-10,2026-03-10 14:24:00,1617.57,1617.57,1617.35,1617.35,-0.01,23.59,37781.14,-1
2026-03-10,2026-03-10 14:25:00,1617.35,1617.35,1617.14,1617.14,-0.01,23.59,37781.14,-1
2026-03-10,2026-03-10 14:26:00,1617.14,1617.14,1616.93,1616.93,-0.01,23.59,37781.14,-1
2026-03-10,2026-03-10 14:27:00,1616.93,1616.93,1616.71,1616.71,-0.01,23.59,37781.14,-1
2026-03-10,2026-03-10 14:28:00,1616.71,1616.71,1616.5,1616.5,-0.01,23.59,37781.14,-1
2026-03-10,2026-03-10 14:29:00,1616.5,1616.5,1616.29,1616.29,-0.01,23.59,37781.14,-1
2026-03-10,2026-03-10 14:30:00,1616.29,1616.29,1616.07,1616.07,-0.01,23.59,37781.14,-1
2026-03-10,2026-03-10 14:31:00,1616.07,1616.07,1615.86,1615.86,-0.01,23.59,37781.14,-1
2026-03-10,2026-03-10 14:32:00,1615.86,1615.86,1615.65,1615.65,-0.01,23.59,37781.14,-1
2026-03-10,2026-03-10 14:33:00,1615.65,1615.65,1615.44,1615.44,-0.01,23.59,37781.14,-1
2026-03-10,2026-03-10 14:34:00,1615.44,1615.44,1615.22,1615.22,-0.01,23.59,37781.14,-1
2026-03-10,2026-03-10 14:35:00,1615.22,1615.22,1615.01,1615.01,-0.01,23.59,37781.14,-1
2026-03-10,2026-03-10 14:36:00,1615.01,1615.01,1614.8,1614.8,-0.01,23.59,37781.14,-1
2026-03-10,2026-03-10 14:37:00,1614.8,1614.8,1614.58,1614.58,-0.01,23.59,37781.14,-1
2026-03-10,2026-03-10 14:38:00,1614.58,1614.58,1614.37,1614.37,-0.01,23.59,37781.14,-1
2026-03-10,2026-03-10 14:39:00,1614.37,1614.37,1614.16,1614.16,-0.01,23.59,37781.14,-1
2026-03-10,2026-03-10 14:40:00,1614.16,1614.16,1613.95,1613.95,-0.01,23.59,37781.14,-1
2026-03-10,2026-03-10 14:41:00,1613.95,1613.95,1613.73,1613.73,-0.01,23.59,37781.14,-1
2026-03-10,2026-03-10 14:42:00,1613.73,1613.73,1613.52,1613.52,-0.01,23.59,37781.14,-1
2026-03-10,2026-03-10 14:43:00,1613.52,1613.52,1613.31,1613.31,-0.01,23.59,37781.14,-1
2026-03-10,2026-03-10 14:44:00,1613.31,1613.31,1613.09,1613.09,-0.01,23.59,37781.14,-1
2026-03-10,2026-03-10 14:45:00,1613.09,1613.09,1612.88,1612.88,-0.01,23.59,37781.14,-1
2026-03-10,2026-03-10 14:46:00,1612.88,1612.88,1612.67,1612.67,-0.01,23.59,37781.14,-1
2026-03-10,2026-03-10 14:47:00,1612.67,1612.67,1612.46,1612.46,-0.01,23.59,37781.14,-1
2026-03-10,2026-03-10 14:48:00,1612.46,1612.46,1612.24,1612.24,-0.01,23.59,37781.14,-1
2026-03-10,2026-03-10 14:49:00,1612.24,1612.24,1612.03,1612.03,-0.01,23.59,37781.14,-1
2026-03-10,2026-03-10 14:50:00,1612.03,1612.03,1611.82,1611.82,-0.01,23.59,37781.14,-1
2026-03-10,2026-03-10 14:51:00,1611.82,1611.82,1611.6,1611.6,-0.01,23.59,37781.14,-1
2026-03-10,2026-03-10 14:52:00,1611.6,1611.6,1611.39,1611.39,-0.01,23.59,37781.14,-1
2026-03-10,2026-03-10 14:53:00,1611.39,1611.39,1611.18,1611.18,-0.01,23.59,37781.14,-1
2026-03-10,2026-03-10 14:54:00,1611.18,1611.18,1610.96,1610.96,-0.01,23.59,37781.14,-1
2026-03-10,2026-03-10 14:55:00,1610.96,1610.96,1610.75,1610.75,-0.01,23.59,37781.14,-1
2026-03-10,2026-03-10 14:56:00,1610.75,1610.75,1610.54,1610.54,-0.01,23.59,37781.14,-1
2026-03-10,2026-03-10 14:57:00,1610.54,1610.54,1610.33,1610.33,-0.01,23.59,37781.14,-1
2026-03-10,2026-03-10 14:58:00,1610.33,1610.33,1610.11,1610.11,-0.01,23.59,37781.14,-1
2026-03-10,2026-03-10 14:59:00,1610.11,1610.11,1609.9,1609.9,-0.01,23.59,37781.14,-1
2026-03-10,2026-03-10 15:00:00,1609.9,1665.0,1580.0,1609.9,0.0,23.59,37781.14,0
2026-03-11,2026-03-11 11:00:00,1590.0,1597.5,1588.8,1590.04,0.0,13.01,20881.02,1
2026-03-11,2026-03-11 11:01:00,1590.04,1590.08,1590.04,1590.08,0.0,13.01,20881.02,1
2026-03-11,2026-03-11 11:02:00,1590.08,1590.12,1590.08,1590.12,0.0,13.01,20881.02,1
2026-03-11,2026-03-11 11:03:00,1590.12,1590.17,1590.12,1590.17,0.0,13.01,20881.02,1
2026-03-11,2026-03-11 11:04:00,1590.17,1590.21,1590.17,1590.21,0.0,13.01,20881.02,1
2026-03-11,2026-03-11 11:05:00,1590.21,1590.25,1590.21,1590.25,0.0,13.01,20881.02,1
2026-03-11,2026-03-11 11:06:00,1590.25,1590.29,1590.25,1590.29,0.0,13.01,20881.02,1
2026-03-11,2026-03-11 11:07:00,1590.29,1590.33,1590.29,1590.33,0.0,13.01,20881.02,1
2026-03-11,2026-03-11 11:08:00,1590.33,1590.38,1590.33,1590.38,0.0,13.01,20881.02,1
2026-03-11,2026-03-11 11:09:00,1590.38,1590.42,1590.38,1590.42,0.0,13.01,20881.02,1
2026-03-11,2026-03-11 11:10:00,1590.42,1590.46,1590.42,1590.46,0.0,13.01,20881.02,1
2026-03-11,2026-03-11 11:11:00,1590.46,1590.5,1590.46,1590.5,0.0,13.01,20881.02,1
2026-03-11,2026-03-11 11:12:00,1590.5,1590.54,1590.5,1590.54,0.0,13.01,20881.02,1
2026-03-11,2026-03-11 11:13:00,1590.54,1590.58,1590.54,1590.58,0.0,13.01,20881.02,1
2026-03-11,2026-03-11 11:14:00,1590.58,1590.62,1590.58,1590.62,0.0,13.01,20881.02,1
2026-03-11,2026-03-11 11:15:00,1590.62,1590.67,1590.62,1590.67,0.0,13.01,20881.02,1
2026-03-11,2026-03-11 11:16:00,1590.67,1590.71,1590.67,1590.71,0.0,13.01,20881.02,1
2026-03-11,2026-03-11 11:17:00,1590.71,1590.75,1590.71,1590.75,0.0,13.01,20881.02,1
2026-03-11,2026-03-11 11:18:00,1590.75,1590.79,1590.75,1590.79,0.0,13.01,20881.02,1
2026-03-11,2026-03-11 11:19:00,1590.79,1590.83,1590.79,1590.83,0.0,13.01,20881.02,1
2026-03-11,2026-03-11 11:20:00,1590.83,1590.88,1590.83,1590.88,0.0,13.01,20881.02,1
2026-03-11,2026-03-11 11:21:00,1590.88,1590.92,1590.88,1590.92,0.0,13.01,20881.02,1
2026-03-11,2026-03-11 11:22:00,1590.92,1590.96,1590.92,1590.96,0.0,13.01,20881.02,1
2026-03-11,2026-03-11 11:23:00,1590.96,1591.0,1590.96,1591.0,0.0,13.01,20881.02,1
2026-03-11,2026-03-11 11:24:00,1591.0,1591.04,1591.0,1591.04,0.0,13.01,20881.02,1
2026-03-11,2026-03-11 11:25:00,1591.04,1591.08,1591.04,1591.08,0.0,13.01,20881.02,1
2026-03-11,2026-03-11 11:26:00,1591.08,1591.12,1591.08,1591.12,0.0,13.01,20881.02,1
2026-03-11,2026-03-11 11:27:00,1591.12,1591.17,1591.12,1591.17,0.0,13.01,20881.02,1
2026-03-11,2026-03-11 11:28:00,1591.17,1591.21,1591.17,1591.21,0.0,13.01,20881.02,1
2026-03-11,2026-03-11 11:29:00,1591.21,1591.25,1591.21,1591.25,0.0,13.01,20881.02,1
2026-03-11,2026-03-11 11:30:00,1591.25,1591.29,1591.25,1591.29,0.0,13.01,20881.02,1
2026-03-11,2026-03-11 11:31:00,1591.29,1591.33,1591.29,1591.33,0.0,13.01,20881.02,1
2026-03-11,2026-03-11 11:32:00,1591.33,1591.38,1591.33,1591.38,0.0,13.01,20881.02,1
2026-03-11,2026-03-11 11:33:00,1591.38,1591.42,1591.38,1591.42,0.0,13.01,20881.02,1
2026-03-11,2026-03-11 11:34:00,1591.42,1591.46,1591.42,1591.46,0.0,13.01,20881.02,1
2026-03-11,2026-03-11 11:35:00,1591.46,1591.5,1591.46,1591.5,0.0,13.01,20881.02,1
2026-03-11,2026-03-11 11:36:00,1591.5,1591.54,1591.5,1591.54,0.0,13.01,20881.02,1
2026-03-11,2026-03-11 11:37:00,1591.54,1591.58,1591.54,1591.58,0.0,13.01,20881.02,1
2026-03-11,2026-03-11 11:38:00,1591.58,1591.62,1591.58,1591.62,0.0,13.01,20881.02,1
2026-03-11,2026-03-11 11:39:00,1591.62,1591.67,1591.62,1591.67,0.0,13.01,20881.02,1
2026-03-11,2026-03-11 11:40:00,1591.67,1591.71,1591.67,1591.71,0.0,13.01,20881.02,1
2026-03-11,2026-03-11 11:41:00,1591.71,1591.75,1591.71,1591.75,0.0,13.01,20881.02,1
2026-03-11,2026-03-11 11:42:00,1591.75,1591.79,1591.75,1591.79,0.0,13.01,20881.02,1
2026-03-11,2026-03-11 11:43:00,1591.79,1591.83,1591.79,1591.83,0.0,13.01,20881.02,1
2026-03-11,2026-03-11 11:44:00,1591.83,1591.88,1591.83,1591.88,0.0,13.01,20881.02,1
2026-03-11,2026-03-11 11:45:00,1591.88,1591.92,1591.88,1591.92,0.0,13.01,20881.02,1
2026-03-11,2026-03-11 11:46:00,1591.92,1591.96,1591.92,1591.96,0.0,13.01,20881.02,1
2026-03-11,2026-03-11 11:47:00,1591.96,1592.0,1591.96,1592.0,0.0,13.01,20881.02,1
2026-03-11,2026-03-11 11:48:00,1592.0,1592.04,1592.0,1592.04,0.0,13.01,20881.02,1
2026-03-11,2026-03-11 11:49:00,1592.04,1592.08,1592.04,1592.08,0.0,13.01,20881.02,1
2026-03-11,2026-03-11 11:50:00,1592.08,1592.12,1592.08,1592.12,0.0,13.01,20881.02,1
2026-03-11,2026-03-11 11:51:00,1592.12,1592.17,1592.12,1592.17,0.0,13.01,20881.02,1
2026-03-11,2026-03-11 11:52:00,1592.17,1592.21,1592.17,1592.21,0.0,13.01,20881.02,1
2026-03-11,2026-03-11 11:53:00,1592.21,1592.25,1592.21,1592.25,0.0,13.01,20881.02,1
2026-03-11,2026-03-11 11:54:00,1592.25,1592.29,1592.25,1592.29,0.0,13.01,20881.02,1
2026-03-11,2026-03-11 11:55:00,1592.29,1592.33,1592.29,1592.33,0.0,13.01,20881.02,1
2026-03-11,2026-03-11 11:56:00,1592.33,1592.38,1592.33,1592.38,0.0,13.01,20881.02,1
2026-03-11,2026-03-11 11:57:00,1592.38,1592.42,1592.38,1592.42,0.0,13.01,20881.02,1
2026-03-11,2026-03-11 11:58:00,1592.42,1592.46,1592.42,1592.46,0.0,13.01,20881.02,1
2026-03-11,2026-03-11 11:59:00,1592.46,1592.5,1592.46,1592.5,0.0,13.01,20881.02,1
2026-03-11,2026-03-11 12:00:00,1592.5,1592.54,1592.5,1592.54,0.0,13.01,20881.02,1
2026-03-11,2026-03-11 12:01:00,1592.54,1592.58,1592.54,1592.58,0.0,13.01,20881.02,1
2026-03-11,2026-03-11 12:02:00,1592.58,1592.62,1592.58,1592.62,0.0,13.01,20881.02,1
2026-03-11,2026-03-11 12:03:00,1592.62,1592.67,1592.62,1592.67,0.0,13.01,20881.02,1
2026-03-11,2026-03-11 12:04:00,1592.67,1592.71,1592.67,1592.71,0.0,13.01,20881.02,1
2026-03-11,2026-03-11 12:05:00,1592.71,1592.75,1592.71,1592.75,0.0,13.01,20881.02,1
2026-03-11,2026-03-11 12:06:00,1592.75,1592.79,1592.75,1592.79,0.0,13.01,20881.02,1
2026-03-11,2026-03-11 12:07:00,1592.79,1592.83,1592.79,1592.83,0.0,13.01,20881.02,1
2026-03-11,2026-03-11 12:08:00,1592.83,1592.88,1592.83,1592.88,0.0,13.01,20881.02,1
2026-03-11,2026-03-11 12:09:00,1592.88,1592.92,1592.88,1592.92,0.0,13.01,20881.02,1
2026-03-11,2026-03-11 12:10:00,1592.92,1592.96,1592.92,1592.96,0.0,13.01,20881.02,1
2026-03-11,2026-03-11 12:11:00,1592.96,1593.0,1592.96,1593.0,0.0,13.01,20881.02,1
2026-03-11,2026-03-11 12:12:00,1593.0,1593.04,1593.0,1593.04,0.0,13.01,20881.02,1
2026-03-11,2026-03-11 12:13:00,1593.04,1593.08,1593.04,1593.08,0.0,13.01,20881.02,1
2026-03-11,2026-03-11 12:14:00,1593.08,1593.12,1593.08,1593.12,0.0,13.01,20881.02,1
2026-03-11,2026-03-11 12:15:00,1593.12,1593.17,1593.12,1593.17,0.0,13.01,20881.02,1
2026-03-11,2026-03-11 12:16:00,1593.17,1593.21,1593.17,1593.21,0.0,13.01,20881.02,1
2026-03-11,2026-03-11 12:17:00,1593.21,1593.25,1593.21,1593.25,0.0,13.01,20881.02,1
2026-03-11,2026-03-11 12:18:00,1593.25,1593.29,1593.25,1593.29,0.0,13.01,20881.02,1
2026-03-11,2026-03-11 12:19:00,1593.29,1593.33,1593.29,1593.33,0.0,13.01,20881.02,1
2026-03-11,2026-03-11 12:20:00,1593.33,1593.38,1593.33,1593.38,0.0,13.01,20881.02,1
2026-03-11,2026-03-11 12:21:00,1593.38,1593.42,1593.38,1593.42,0.0,13.01,20881.02,1
2026-03-11,2026-03-11 12:22:00,1593.42,1593.46,1593.42,1593.46,0.0,13.01,20881.02,1
2026-03-11,2026-03-11 12:23:00,1593.46,1593.5,1593.46,1593.5,0.0,13.01,20881.02,1
2026-03-11,2026-03-11 12:24:00,1593.5,1593.54,1593.5,1593.54,0.0,13.01,20881.02,1
2026-03-11,2026-03-11 12:25:00,1593.54,1593.58,1593.54,1593.58,0.0,13.01,20881.02,1
2026-03-11,2026-03-11 12:26:00,1593.58,1593.62,1593.58,1593.62,0.0,13.01,20881.02,1
2026-03-11,2026-03-11 12:27:00,1593.62,1593.67,1593.62,1593.67,0.0,13.01,20881.02,1
2026-03-11,2026-03-11 12:28:00,1593.67,1593.71,1593.67,1593.71,0.0,13.01,20881.02,1
2026-03-11,2026-03-11 12:29:00,1593.71,1593.75,1593.71,1593.75,0.0,13.01,20881.02,1
2026-03-11,2026-03-11 12:30:00,1593.75,1593.79,1593.75,1593.79,0.0,13.01,20881.02,1
2026-03-11,2026-03-11 12:31:00,1593.79,1593.83,1593.79,1593.83,0.0,13.01,20881.02,1
2026-03-11,2026-03-11 12:32:00,1593.83,1593.88,1593.83,1593.88,0.0,13.01,20881.02,1
2026-03-11,2026-03-11 12:33:00,1593.88,1593.92,1593.88,1593.92,0.0,13.01,20881.02,1
2026-03-11,2026-03-11 12:34:00,1593.92,1593.96,1593.92,1593.96,0.0,13.01,20881.02,1
2026-03-11,2026-03-11 12:35:00,1593.96,1594.0,1593.96,1594.0,0.0,13.01,20881.02,1
2026-03-11,2026-03-11 12:36:00,1594.0,1594.04,1594.0,1594.04,0.0,13.01,20881.02,1
2026-03-11,2026-03-11 12:37:00,1594.04,1594.08,1594.04,1594.08,0.0,13.01,20881.02,1
2026-03-11,2026-03-11 12:38:00,1594.08,1594.12,1594.08,1594.12,0.0,13.01,20881.02,1
2026-03-11,2026-03-11 12:39:00,1594.12,1594.17,1594.12,1594.17,0.0,13.01,20881.02,1
2026-03-11,2026-03-11 12:40:00,1594.17,1594.21,1594.17,1594.21,0.0,13.01,20881.02,1
2026-03-11,2026-03-11 12:41:00,1594.21,1594.25,1594.21,1594.25,0.0,13.01,20881.02,1
2026-03-11,2026-03-11 12:42:00,1594.25,1594.29,1594.25,1594.29,0.0,13.01,20881.02,1
2026-03-11,2026-03-11 12:43:00,1594.29,1594.33,1594.29,1594.33,0.0,13.01,20881.02,1
2026-03-11,2026-03-11 12:44:00,1594.33,1594.38,1594.33,1594.38,0.0,13.01,20881.02,1
2026-03-11,2026-03-11 12:45:00,1594.38,1594.42,1594.38,1594.42,0.0,13.01,20881.02,1
2026-03-11,2026-03-11 12:46:00,1594.42,1594.46,1594.42,1594.46,0.0,13.01,20881.02,1
2026-03-11,2026-03-11 12:47:00,1594.46,1594.5,1594.46,1594.5,0.0,13.01,20881.02,1
2026-03-11,2026-03-11 12:48:00,1594.5,1594.54,1594.5,1594.54,0.0,13.01,20881.02,1
2026-03-11,2026-03-11 12:49:00,1594.54,1594.58,1594.54,1594.58,0.0,13.01,20881.02,1
2026-03-11,2026-03-11 12:50:00,1594.58,1594.62,1594.58,1594.62,0.0,13.01,20881.02,1
2026-03-11,2026-03-11 12:51:00,1594.62,1594.67,1594.62,1594.67,0.0,13.01,20881.02,1
2026-03-11,2026-03-11 12:52:00,1594.67,1594.71,1594.67,1594.71,0.0,13.01,20881.02,1
2026-03-11,2026-03-11 12:53:00,1594.71,1594.75,1594.71,1594.75,0.0,13.01,20881.02,1
2026-03-11,2026-03-11 12:54:00,1594.75,1594.79,1594.75,1594.79,0.0,13.01,20881.02,1
2026-03-11,2026-03-11 12:55:00,1594.79,1594.83,1594.79,1594.83,0.0,13.01,20881.02,1
2026-03-11,2026-03-11 12:56:00,1594.83,1594.88,1594.83,1594.88,0.0,13.01,20881.02,1
2026-03-11,2026-03-11 12:57:00,1594.88,1594.92,1594.88,1594.92,0.0,13.01,20881.02,1
2026-03-11,2026-03-11 12:58:00,1594.92,1594.96,1594.92,1594.96,0.0,13.01,20881.02,1
2026-03-11,2026-03-11 12:59:00,1594.96,1595.0,1594.96,1595.0,0.0,13.01,20881.02,1
2026-03-11,2026-03-11 13:00:00,1595.0,1615.0,1586.0,1595.04,0.0,13.01,20881.02,1
2026-03-11,2026-03-11 13:01:00,1595.04,1595.08,1595.04,1595.08,0.0,13.01,20881.02,1
2026-03-11,2026-03-11 13:02:00,1595.08,1595.12,1595.08,1595.12,0.0,13.01,20881.02,1
2026-03-11,2026-03-11 13:03:00,1595.12,1595.17,1595.12,1595.17,0.0,13.01,20881.02,1
2026-03-11,2026-03-11 13:04:00,1595.17,1595.21,1595.17,1595.21,0.0,13.01,20881.02,1
2026-03-11,2026-03-11 13:05:00,1595.21,1595.25,1595.21,1595.25,0.0,13.01,20881.02,1
2026-03-11,2026-03-11 13:06:00,1595.25,1595.29,1595.25,1595.29,0.0,13.01,20881.02,1
2026-03-11,2026-03-11 13:07:00,1595.29,1595.33,1595.29,1595.33,0.0,13.01,20881.02,1
2026-03-11,2026-03-11 13:08:00,1595.33,1595.38,1595.33,1595.38,0.0,13.01,20881.02,1
2026-03-11,2026-03-11 13:09:00,1595.38,1595.42,1595.38,1595.42,0.0,13.01,20881.02,1
2026-03-11,2026-03-11 13:10:00,1595.42,1595.46,1595.42,1595.46,0.0,13.01,20881.02,1
2026-03-11,2026-03-11 13:11:00,1595.46,1595.5,1595.46,1595.5,0.0,13.01,20881.02,1
2026-03-11,2026-03-11 13:12:00,1595.5,1595.54,1595.5,1595.54,0.0,13.01,20881.02,1
2026-03-11,2026-03-11 13:13:00,1595.54,1595.58,1595.54,1595.58,0.0,13.01,20881.02,1
2026-03-11,2026-03-11 13:14:00,1595.58,1595.62,1595.58,1595.62,0.0,13.01,20881.02,1
2026-03-11,2026-03-11 13:15:00,1595.62,1595.67,1595.62,1595.67,0.0,13.01,20881.02,1
2026-03-11,2026-03-11 13:16:00,1595.67,1595.71,1595.67,1595.71,0.0,13.01,20881.02,1
2026-03-11,2026-03-11 13:17:00,1595.71,1595.75,1595.71,1595.75,0.0,13.01,20881.02,1
2026-03-11,2026-03-11 13:18:00,1595.75,1595.79,1595.75,1595.79,0.0,13.01,20881.02,1
2026-03-11,2026-03-11 13:19:00,1595.79,1595.83,1595.79,1595.83,0.0,13.01,20881.02,1
2026-03-11,2026-03-11 13:20:00,1595.83,1595.88,1595.83,1595.88,0.0,13.01,20881.02,1
2026-03-11,2026-03-11 13:21:00,1595.88,1595.92,1595.88,1595.92,0.0,13.01,20881.02,1
2026-03-11,2026-03-11 13:22:00,1595.92,1595.96,1595.92,1595.96,0.0,13.01,20881.02,1
2026-03-11,2026-03-11 13:23:00,1595.96,1596.0,1595.96,1596.0,0.0,13.01,20881.02,1
2026-03-11,2026-03-11 13:24:00,1596.0,1596.04,1596.0,1596.04,0.0,13.01,20881.02,1
2026-03-11,2026-03-11 13:25:00,1596.04,1596.08,1596.04,1596.08,0.0,13.01,20881.02,1
2026-03-11,2026-03-11 13:26:00,1596.08,1596.12,1596.08,1596.12,0.0,13.01,20881.02,1
2026-03-11,2026-03-11 13:27:00,1596.12,1596.17,1596.12,1596.17,0.0,13.01,20881.02,1
2026-03-11,2026-03-11 13:28:00,1596.17,1596.21,1596.17,1596.21,0.0,13.01,20881.02,1
2026-03-11,2026-03-11 13:29:00,1596.21,1596.25,1596.21,1596.25,0.0,13.01,20881.02,1
2026-03-11,2026-03-11 13:30:00,1596.25,1596.29,1596.25,1596.29,0.0,13.01,20881.02,1
2026-03-11,2026-03-11 13:31:00,1596.29,1596.33,1596.29,1596.33,0.0,13.01,20881.02,1
2026-03-11,2026-03-11 13:32:00,1596.33,1596.38,1596.33,1596.38,0.0,13.01,20881.02,1
2026-03-11,2026-03-11 13:33:00,1596.38,1596.42,1596.38,1596.42,0.0,13.01,20881.02,1
2026-03-11,2026-03-11 13:34:00,1596.42,1596.46,1596.42,1596.46,0.0,13.01,20881.02,1
2026-03-11,2026-03-11 13:35:00,1596.46,1596.5,1596.46,1596.5,0.0,13.01,20881.02,1
2026-03-11,2026-03-11 13:36:00,1596.5,1596.54,1596.5,1596.54,0.0,13.01,20881.02,1
2026-03-11,2026-03-11 13:37:00,1596.54,1596.58,1596.54,1596.58,0.0,13.01,20881.02,1
2026-03-11,2026-03-11 13:38:00,1596.58,1596.62,1596.58,1596.62,0.0,13.01,20881.02,1
2026-03-11,2026-03-11 13:39:00,1596.62,1596.67,1596.62,1596.67,0.0,13.01,20881.02,1
2026-03-11,2026-03-11 13:40:00,1596.67,1596.71,1596.67,1596.71,0.0,13.01,20881.02,1
2026-03-11,2026-03-11 13:41:00,1596.71,1596.75,1596.71,1596.75,0.0,13.01,20881.02,1
2026-03-11,2026-03-11 13:42:00,1596.75,1596.79,1596.75,1596.79,0.0,13.01,20881.02,1
2026-03-11,2026-03-11 13:43:00,1596.79,1596.83,1596.79,1596.83,0.0,13.01,20881.02,1
2026-03-11,2026-03-11 13:44:00,1596.83,1596.88,1596.83,1596.88,0.0,13.01,20881.02,1
2026-03-11,2026-03-11 13:45:00,1596.88,1596.92,1596.88,1596.92,0.0,13.01,20881.02,1
2026-03-11,2026-03-11 13:46:00,1596.92,1596.96,1596.92,1596.96,0.0,13.01,20881.02,1
2026-03-11,2026-03-11 13:47:00,1596.96,1597.0,1596.96,1597.0,0.0,13.01,20881.02,1
2026-03-11,2026-03-11 13:48:00,1597.0,1597.04,1597.0,1597.04,0.0,13.01,20881.02,1
2026-03-11,2026-03-11 13:49:00,1597.04,1597.08,1597.04,1597.08,0.0,13.01,20881.02,1
2026-03-11,2026-03-11 13:50:00,1597.08,1597.12,1597.08,1597.12,0.0,13.01,20881.02,1
2026-03-11,2026-03-11 13:51:00,1597.12,1597.17,1597.12,1597.17,0.0,13.01,20881.02,1
2026-03-11,2026-03-11 13:52:00,1597.17,1597.21,1597.17,1597.21,0.0,13.01,20881.02,1
2026-03-11,2026-03-11 13:53:00,1597.21,1597.25,1597.21,1597.25,0.0,13.01,20881.02,1
2026-03-11,2026-03-11 13:54:00,1597.25,1597.29,1597.25,1597.29,0.0,13.01,20881.02,1
2026-03-11,2026-03-11 13:55:00,1597.29,1597.33,1597.29,1597.33,0.0,13.01,20881.02,1
2026-03-11,2026-03-11 13:56:00,1597.33,1597.38,1597.33,1597.38,0.0,13.01,20881.02,1
2026-03-11,2026-03-11 13:57:00,1597.38,1597.42,1597.38,1597.42,0.0,13.01,20881.02,1
2026-03-11,2026-03-11 13:58:00,1597.42,1597.46,1597.42,1597.46,0.0,13.01,20881.02,1
2026-03-11,2026-03-11 13:59:00,1597.46,1597.5,1597.46,1597.5,0.0,13.01,20881.02,1
2026-03-11,2026-03-11 14:00:00,1597.5,1597.54,1597.5,1597.54,0.0,13.01,20881.02,1
2026-03-11,2026-03-11 14:01:00,1597.54,1597.58,1597.54,1597.58,0.0,13.01,20881.02,1
2026-03-11,2026-03-11 14:02:00,1597.58,1597.62,1597.58,1597.62,0.0,13.01,20881.02,1
2026-03-11,2026-03-11 14:03:00,1597.62,1597.67,1597.62,1597.67,0.0,13.01,20881.02,1
2026-03-11,2026-03-11 14:04:00,1597.67,1597.71,1597.67,1597.71,0.0,13.01,20881.02,1
2026-03-11,2026-03-11 14:05:00,1597.71,1597.75,1597.71,1597.75,0.0,13.01,20881.02,1
2026-03-11,2026-03-11 14:06:00,1597.75,1597.79,1597.75,1597.79,0.0,13.01,20881.02,1
2026-03-11,2026-03-11 14:07:00,1597.79,1597.83,1597.79,1597.83,0.0,13.01,20881.02,1
2026-03-11,2026-03-11 14:08:00,1597.83,1597.88,1597.83,1597.88,0.0,13.01,20881.02,1
2026-03-11,2026-03-11 14:09:00,1597.88,1597.92,1597.88,1597.92,0.0,13.01,20881.02,1
2026-03-11,2026-03-11 14:10:00,1597.92,1597.96,1597.92,1597.96,0.0,13.01,20881.02,1
2026-03-11,2026-03-11 14:11:00,1597.96,1598.0,1597.96,1598.0,0.0,13.01,20881.02,1
2026-03-11,2026-03-11 14:12:00,1598.0,1598.04,1598.0,1598.04,0.0,13.01,20881.02,1
2026-03-11,2026-03-11 14:13:00,1598.04,1598.08,1598.04,1598.08,0.0,13.01,20881.02,1
2026-03-11,2026-03-11 14:14:00,1598.08,1598.12,1598.08,1598.12,0.0,13.01,20881.02,1
2026-03-11,2026-03-11 14:15:00,1598.12,1598.17,1598.12,1598.17,0.0,13.01,20881.02,1
2026-03-11,2026-03-11 14:16:00,1598.17,1598.21,1598.17,1598.21,0.0,13.01,20881.02,1
2026-03-11,2026-03-11 14:17:00,1598.21,1598.25,1598.21,1598.25,0.0,13.01,20881.02,1
2026-03-11,2026-03-11 14:18:00,1598.25,1598.29,1598.25,1598.29,0.0,13.01,20881.02,1
2026-03-11,2026-03-11 14:19:00,1598.29,1598.33,1598.29,1598.33,0.0,13.01,20881.02,1
2026-03-11,2026-03-11 14:20:00,1598.33,1598.38,1598.33,1598.38,0.0,13.01,20881.02,1
2026-03-11,2026-03-11 14:21:00,1598.38,1598.42,1598.38,1598.42,0.0,13.01,20881.02,1
2026-03-11,2026-03-11 14:22:00,1598.42,1598.46,1598.42,1598.46,0.0,13.01,20881.02,1
2026-03-11,2026-03-11 14:23:00,1598.46,1598.5,1598.46,1598.5,0.0,13.01,20881.02,1
2026-03-11,2026-03-11 14:24:00,1598.5,1598.54,1598.5,1598.54,0.0,13.01,20881.02,1
2026-03-11,2026-03-11 14:25:00,1598.54,1598.58,1598.54,1598.58,0.0,13.01,20881.02,1
2026-03-11,2026-03-11 14:26:00,1598.58,1598.62,1598.58,1598.62,0.0,13.01,20881.02,1
2026-03-11,2026-03-11 14:27:00,1598.62,1598.67,1598.62,1598.67,0.0,13.01,20881.02,1
2026-03-11,2026-03-11 14:28:00,1598.67,1598.71,1598.67,1598.71,0.0,13.01,20881.02,1
2026-03-11,2026-03-11 14:29:00,1598.71,1598.75,1598.71,1598.75,0.0,13.01,20881.02,1
2026-03-11,2026-03-11 14:30:00,1598.75,1598.79,1598.75,1598.79,0.0,13.01,20881.02,1
2026-03-11,2026-03-11 14:31:00,1598.79,1598.83,1598.79,1598.83,0.0,13.01,20881.02,1
2026-03-11,2026-03-11 14:32:00,1598.83,1598.88,1598.83,1598.88,0.0,13.01,20881.02,1
2026-03-11,2026-03-11 14:33:00,1598.88,1598.92,1598.88,1598.92,0.0,13.01,20881.02,1
2026-03-11,2026-03-11 14:34:00,1598.92,1598.96,1598.92,1598.96,0.0,13.01,20881.02,1
2026-03-11,2026-03-11 14:35:00,1598.96,1599.0,1598.96,1599.0,0.0,13.01,20881.02,1
2026-03-11,2026-03-11 14:36:00,1599.0,1599.04,1599.0,1599.04,0.0,13.01,20881.02,1
2026-03-11,2026-03-11 14:37:00,1599.04,1599.08,1599.04,1599.08,0.0,13.01,20881.02,1
2026-03-11,2026-03-11 14:38:00,1599.08,1599.12,1599.08,1599.12,0.0,13.01,20881.02,1
2026-03-11,2026-03-11 14:39:00,1599.12,1599.17,1599.12,1599.17,0.0,13.01,20881.02,1
2026-03-11,2026-03-11 14:40:00,1599.17,1599.21,1599.17,1599.21,0.0,13.01,20881.02,1
2026-03-11,2026-03-11 14:41:00,1599.21,1599.25,1599.21,1599.25,0.0,13.01,20881.02,1
2026-03-11,2026-03-11 14:42:00,1599.25,1599.29,1599.25,1599.29,0.0,13.01,20881.02,1
2026-03-11,2026-03-11 14:43:00,1599.29,1599.33,1599.29,1599.33,0.0,13.01,20881.02,1
2026-03-11,2026-03-11 14:44:00,1599.33,1599.38,1599.33,1599.38,0.0,13.01,20881.02,1
2026-03-11,2026-03-11 14:45:00,1599.38,1599.42,1599.38,1599.42,0.0,13.01,20881.02,1
2026-03-11,2026-03-11 14:46:00,1599.42,1599.46,1599.42,1599.46,0.0,13.01,20881.02,1
2026-03-11,2026-03-11 14:47:00,1599.46,1599.5,1599.46,1599.5,0.0,13.01,20881.02,1
2026-03-11,2026-03-11 14:48:00,1599.5,1599.54,1599.5,1599.54,0.0,13.01,20881.02,1
2026-03-11,2026-03-11 14:49:00,1599.54,1599.58,1599.54,1599.58,0.0,13.01,20881.02,1
2026-03-11,2026-03-11 14:50:00,1599.58,1599.62,1599.58,1599.62,0.0,13.01,20881.02,1
2026-03-11,2026-03-11 14:51:00,1599.62,1599.67,1599.62,1599.67,0.0,13.01,20881.02,1
2026-03-11,2026-03-11 14:52:00,1599.67,1599.71,1599.67,1599.71,0.0,13.01,20881.02,1
2026-03-11,2026-03-11 14:53:00,1599.71,1599.75,1599.71,1599.75,0.0,13.01,20881.02,1
2026-03-11,2026-03-11 14:54:00,1599.75,1599.79,1599.75,1599.79,0.0,13.01,20881.02,1
2026-03-11,2026-03-11 14:55:00,1599.79,1599.83,1599.79,1599.83,0.0,13.01,20881.02,1
2026-03-11,2026-03-11 14:56:00,1599.83,1599.88,1599.83,1599.88,0.0,13.01,20881.02,1
2026-03-11,2026-03-11 14:57:00,1599.88,1599.92,1599.88,1599.92,0.0,13.01,20881.02,1
2026-03-11,2026-03-11 14:58:00,1599.92,1599.96,1599.92,1599.96,0.0,13.01,20881.02,1
2026-03-11,2026-03-11 14:59:00,1599.96,1600.0,1599.96,1600.0,0.0,13.01,20881.02,1
2026-03-11,2026-03-11 15:00:00,1600.0,1615.0,1586.0,1600.0,0.0,13.01,20881.02,0
2026-03-12,2026-03-12 11:00:00,1632.0,1632.0,1616.52,1631.9,-0.01,81.46,130262.56,-1
2026-03-12,2026-03-12 11:01:00,1631.9,1631.9,1631.8,1631.8,-0.01,81.46,130262.56,-1
2026-03-12,2026-03-12 11:02:00,1631.8,1631.8,1631.7,1631.7,-0.01,81.46,130262.56,-1
2026-03-12,2026-03-12 11:03:00,1631.7,1631.7,1631.6,1631.6,-0.01,81.46,130262.56,-1
2026-03-12,2026-03-12 11:04:00,1631.6,1631.6,1631.5,1631.5,-0.01,81.46,130262.56,-1
2026-03-12,2026-03-12 11:05:00,1631.5,1631.5,1631.4,1631.4,-0.01,81.46,130262.56,-1
2026-03-12,2026-03-12 11:06:00,1631.4,1631.4,1631.3,1631.3,-0.01,81.46,130262.56,-1
2026-03-12,2026-03-12 11:07:00,1631.3,1631.3,1631.2,1631.2,-0.01,81.46,130262.56,-1
2026-03-12,2026-03-12 11:08:00,1631.2,1631.2,1631.1,1631.1,-0.01,81.46,130262.56,-1
2026-03-12,2026-03-12 11:09:00,1631.1,1631.1,1631.0,1631.0,-0.01,81.46,130262.56,-1
2026-03-12,2026-03-12 11:10:00,1631.0,1631.0,1630.9,1630.9,-0.01,81.46,130262.56,-1
2026-03-12,2026-03-12 11:11:00,1630.9,1630.9,1630.8,1630.8,-0.01,81.46,130262.56,-1
2026-03-12,2026-03-12 11:12:00,1630.8,1630.8,1630.7,1630.7,-0.01,81.46,130262.56,-1
2026-03-12,2026-03-12 11:13:00,1630.7,1630.7,1630.6,1630.6,-0.01,81.46,130262.56,-1
2026-03-12,2026-03-12 11:14:00,1630.6,1630.6,1630.5,1630.5,-0.01,81.46,130262.56,-1
2026-03-12,2026-03-12 11:15:00,1630.5,1630.5,1630.4,1630.4,-0.01,81.46,130262.56,-1
2026-03-12,2026-03-12 11:16:00,1630.4,1630.4,1630.3,1630.3,-0.01,81.46,130262.56,-1
2026-03-12,2026-03-12 11:17:00,1630.3,1630.3,1630.2,1630.2,-0.01,81.46,130262.56,-1
2026-03-12,2026-03-12 11:18:00,1630.2,1630.2,1630.1,1630.1,-0.01,81.46,130262.56,-1
2026-03-12,2026-03-12 11:19:00,1630.1,1630.1,1630.0,1630.0,-0.01,81.46,130262.56,-1
2026-03-12,2026-03-12 11:20:00,1630.0,1630.0,1629.9,1629.9,-0.01,81.46,130262.56,-1
2026-03-12,2026-03-12 11:21:00,1629.9,1629.9,1629.8,1629.8,-0.01,81.46,130262.56,-1
2026-03-12,2026-03-12 11:22:00,1629.8,1629.8,1629.7,1629.7,-0.01,81.46,130262.56,-1
2026-03-12,2026-03-12 11:23:00,1629.7,1629.7,1629.6,1629.6,-0.01,81.46,130262.56,-1
2026-03-12,2026-03-12 11:24:00,1629.6,1629.6,1629.5,1629.5,-0.01,81.46,130262.56,-1
2026-03-12,2026-03-12 11:25:00,1629.5,1629.5,1629.4,1629.4,-0.01,81.46,130262.56,-1
2026-03-12,2026-03-12 11:26:00,1629.4,1629.4,1629.3,1629.3,-0.01,81.46,130262.56,-1
2026-03-12,2026-03-12 11:27:00,1629.3,1629.3,1629.2,1629.2,-0.01,81.46,130262.56,-1
2026-03-12,2026-03-12 11:28:00,1629.2,1629.2,1629.1,1629.1,-0.01,81.46,130262.56,-1
2026-03-12,2026-03-12 11:29:00,1629.1,1629.1,1629.0,1629.0,-0.01,81.46,130262.56,-1
2026-03-12,2026-03-12 11:30:00,1629.0,1629.0,1628.9,1628.9,-0.01,81.46,130262.56,-1
2026-03-12,2026-03-12 11:31:00,1628.9,1628.9,1628.8,1628.8,-0.01,81.46,130262.56,-1
2026-03-12,2026-03-12 11:32:00,1628.8,1628.8,1628.7,1628.7,-0.01,81.46,130262.56,-1
2026-03-12,2026-03-12 11:33:00,1628.7,1628.7,1628.6,1628.6,-0.01,81.46,130262.56,-1
2026-03-12,2026-03-12 11:34:00,1628.6,1628.6,1628.5,1628.5,-0.01,81.46,130262.56,-1
2026-03-12,2026-03-12 11:35:00,1628.5,1628.5,1628.4,1628.4,-0.01,81.46,130262.56,-1
2026-03-12,2026-03-12 11:36:00,1628.4,1628.4,1628.3,1628.3,-0.01,81.46,130262.56,-1
2026-03-12,2026-03-12 11:37:00,1628.3,1628.3,1628.2,1628.2,-0.01,81.46,130262.56,-1
2026-03-12,2026-03-12 11:38:00,1628.2,1628.2,1628.1,1628.1,-0.01,81.46,130262.56,-1
2026-03-12,2026-03-12 11:39:00,1628.1,1628.1,1628.0,1628.0,-0.01,81.46,130262.56,-1
2026-03-12,2026-03-12 11:40:00,1628.0,1628.0,1627.9,1627.9,-0.01,81.46,130262.56,-1
2026-03-12,2026-03-12 11:41:00,1627.9,1627.9,1627.8,1627.8,-0.01,81.46,130262.56,-1
2026-03-12,2026-03-12 11:42:00,1627.8,1627.8,1627.7,1627.7,-0.01,81.46,130262.56,-1
2026-03-12,2026-03-12 11:43:00,1627.7,1627.7,1627.6,1627.6,-0.01,81.46,130262.56,-1
2026-03-12,2026-03-12 11:44:00,1627.6,1627.6,1627.5,1627.5,-0.01,81.46,130262.56,-1
2026-03-12,2026-03-12 11:45:00,1627.5,1627.5,1627.4,1627.4,-0.01,81.46,130262.56,-1
2026-03-12,2026-03-12 11:46:00,1627.4,1627.4,1627.3,1627.3,-0.01,81.46,130262.56,-1
2026-03-12,2026-03-12 11:47:00,1627.3,1627.3,1627.2,1627.2,-0.01,81.46,130262.56,-1
2026-03-12,2026-03-12 11:48:00,1627.2,1627.2,1627.1,1627.1,-0.01,81.46,130262.56,-1
2026-03-12,2026-03-12 11:49:00,1627.1,1627.1,1627.0,1627.0,-0.01,81.46,130262.56,-1
2026-03-12,2026-03-12 11:50:00,1627.0,1627.0,1626.9,1626.9,-0.01,81.46,130262.56,-1
2026-03-12,2026-03-12 11:51:00,1626.9,1626.9,1626.8,1626.8,-0.01,81.46,130262.56,-1
2026-03-12,2026-03-12 11:52:00,1626.8,1626.8,1626.7,1626.7,-0.01,81.46,130262.56,-1
2026-03-12,2026-03-12 11:53:00,1626.7,1626.7,1626.6,1626.6,-0.01,81.46,130262.56,-1
2026-03-12,2026-03-12 11:54:00,1626.6,1626.6,1626.5,1626.5,-0.01,81.46,130262.56,-1
2026-03-12,2026-03-12 11:55:00,1626.5,1626.5,1626.4,1626.4,-0.01,81.46,130262.56,-1
2026-03-12,2026-03-12 11:56:00,1626.4,1626.4,1626.3,1626.3,-0.01,81.46,130262.56,-1
2026-03-12,2026-03-12 11:57:00,1626.3,1626.3,1626.2,1626.2,-0.01,81.46,130262.56,-1
2026-03-12,2026-03-12 11:58:00,1626.2,1626.2,1626.1,1626.1,-0.01,81.46,130262.56,-1
2026-03-12,2026-03-12 11:59:00,1626.1,1626.1,1626.0,1626.0,-0.01,81.46,130262.56,-1
2026-03-12,2026-03-12 12:00:00,1626.0,1626.0,1625.9,1625.9,-0.01,81.46,130262.56,-1
2026-03-12,2026-03-12 12:01:00,1625.9,1625.9,1625.8,1625.8,-0.01,81.46,130262.56,-1
2026-03-12,2026-03-12 12:02:00,1625.8,1625.8,1625.7,1625.7,-0.01,81.46,130262.56,-1
2026-03-12,2026-03-12 12:03:00,1625.7,1625.7,1625.6,1625.6,-0.01,81.46,130262.56,-1
2026-03-12,2026-03-12 12:04:00,1625.6,1625.6,1625.5,1625.5,-0.01,81.46,130262.56,-1
2026-03-12,2026-03-12 12:05:00,1625.5,1625.5,1625.4,1625.4,-0.01,81.46,130262.56,-1
2026-03-12,2026-03-12 12:06:00,1625.4,1625.4,1625.3,1625.3,-0.01,81.46,130262.56,-1
2026-03-12,2026-03-12 12:07:00,1625.3,1625.3,1625.2,1625.2,-0.01,81.46,130262.56,-1
2026-03-12,2026-03-12 12:08:00,1625.2,1625.2,1625.1,1625.1,-0.01,81.46,130262.56,-1
2026-03-12,2026-03-12 12:09:00,1625.1,1625.1,1625.0,1625.0,-0.01,81.46,130262.56,-1
2026-03-12,2026-03-12 12:10:00,1625.0,1625.0,1624.9,1624.9,-0.01,81.46,130262.56,-1
2026-03-12,2026-03-12 12:11:00,1624.9,1624.9,1624.8,1624.8,-0.01,81.46,130262.56,-1
2026-03-12,2026-03-12 12:12:00,1624.8,1624.8,1624.7,1624.7,-0.01,81.46,130262.56,-1
2026-03-12,2026-03-12 12:13:00,1624.7,1624.7,1624.6,1624.6,-0.01,81.46,130262.56,-1
2026-03-12,2026-03-12 12:14:00,1624.6,1624.6,1624.5,1624.5,-0.01,81.46,130262.56,-1
2026-03-12,2026-03-12 12:15:00,1624.5,1624.5,1624.4,1624.4,-0.01,81.46,130262.56,-1
2026-03-12,2026-03-12 12:16:00,1624.4,1624.4,1624.3,1624.3,-0.01,81.46,130262.56,-1
2026-03-12,2026-03-12 12:17:00,1624.3,1624.3,1624.2,1624.2,-0.01,81.46,130262.56,-1
2026-03-12,2026-03-12 12:18:00,1624.2,1624.2,1624.1,1624.1,-0.01,81.46,130262.56,-1
2026-03-12,2026-03-12 12:19:00,1624.1,1624.1,1624.0,1624.0,-0.01,81.46,130262.56,-1
2026-03-12,2026-03-12 12:20:00,1624.0,1624.0,1623.9,1623.9,-0.01,81.46,130262.56,-1
2026-03-12,2026-03-12 12:21:00,1623.9,1623.9,1623.8,1623.8,-0.01,81.46,130262.56,-1
2026-03-12,2026-03-12 12:22:00,1623.8,1623.8,1623.7,1623.7,-0.01,81.46,130262.56,-1
2026-03-12,2026-03-12 12:23:00,1623.7,1623.7,1623.6,1623.6,-0.01,81.46,130262.56,-1
2026-03-12,2026-03-12 12:24:00,1623.6,1623.6,1623.5,1623.5,-0.01,81.46,130262.56,-1
2026-03-12,2026-03-12 12:25:00,1623.5,1623.5,1623.4,1623.4,-0.01,81.46,130262.56,-1
2026-03-12,2026-03-12 12:26:00,1623.4,1623.4,1623.3,1623.3,-0.01,81.46,130262.56,-1
2026-03-12,2026-03-12 12:27:00,1623.3,1623.3,1623.2,1623.2,-0.01,81.46,130262.56,-1
2026-03-12,2026-03-12 12:28:00,1623.2,1623.2,1623.1,1623.1,-0.01,81.46,130262.56,-1
2026-03-12,2026-03-12 12:29:00,1623.1,1623.1,1623.0,1623.0,-0.01,81.46,130262.56,-1
2026-03-12,2026-03-12 12:30:00,1623.0,1623.0,1622.9,1622.9,-0.01,81.46,130262.56,-1
2026-03-12,2026-03-12 12:31:00,1622.9,1622.9,1622.8,1622.8,-0.01,81.46,130262.56,-1
2026-03-12,2026-03-12 12:32:00,1622.8,1622.8,1622.7,1622.7,-0.01,81.46,130262.56,-1
2026-03-12,2026-03-12 12:33:00,1622.7,1622.7,1622.6,1622.6,-0.01,81.46,130262.56,-1
2026-03-12,2026-03-12 12:34:00,1622.6,1622.6,1622.5,1622.5,-0.01,81.46,130262.56,-1
2026-03-12,2026-03-12 12:35:00,1622.5,1622.5,1622.4,1622.4,-0.01,81.46,130262.56,-1
2026-03-12,2026-03-12 12:36:00,1622.4,1622.4,1622.3,1622.3,-0.01,81.46,130262.56,-1
2026-03-12,2026-03-12 12:37:00,1622.3,1622.3,1622.2,1622.2,-0.01,81.46,130262.56,-1
2026-03-12,2026-03-12 12:38:00,1622.2,1622.2,1622.1,1622.1,-0.01,81.46,130262.56,-1
2026-03-12,2026-03-12 12:39:00,1622.1,1622.1,1622.0,1622.0,-0.01,81.46,130262.56,-1
2026-03-12,2026-03-12 12:40:00,1622.0,1622.0,1621.9,1621.9,-0.01,81.46,130262.56,-1
2026-03-12,2026-03-12 12:41:00,1621.9,1621.9,1621.8,1621.8,-0.01,81.46,130262.56,-1
2026-03-12,2026-03-12 12:42:00,1621.8,1621.8,1621.7,1621.7,-0.01,81.46,130262.56,-1
2026-03-12,2026-03-12 12:43:00,1621.7,1621.7,1621.6,1621.6,-0.01,81.46,130262.56,-1
2026-03-12,2026-03-12 12:44:00,1621.6,1621.6,1621.5,1621.5,-0.01,81.46,130262.56,-1
2026-03-12,2026-03-12 12:45:00,1621.5,1621.5,1621.4,1621.4,-0.01,81.46,130262.56,-1
2026-03-12,2026-03-12 12:46:00,1621.4,1621.4,1621.3,1621.3,-0.01,81.46,130262.56,-1
2026-03-12,2026-03-12 12:47:00,1621.3,1621.3,1621.2,1621.2,-0.01,81.46,130262.56,-1
2026-03-12,2026-03-12 12:48:00,1621.2,1621.2,1621.1,1621.1,-0.01,81.46,130262.56,-1
2026-03-12,2026-03-12 12:49:00,1621.1,1621.1,1621.0,1621.0,-0.01,81.46,130262.56,-1
2026-03-12,2026-03-12 12:50:00,1621.0,1621.0,1620.9,1620.9,-0.01,81.46,130262.56,-1
2026-03-12,2026-03-12 12:51:00,1620.9,1620.9,1620.8,1620.8,-0.01,81.46,130262.56,-1
2026-03-12,2026-03-12 12:52:00,1620.8,1620.8,1620.7,1620.7,-0.01,81.46,130262.56,-1
2026-03-12,2026-03-12 12:53:00,1620.7,1620.7,1620.6,1620.6,-0.01,81.46,130262.56,-1
2026-03-12,2026-03-12 12:54:00,1620.6,1620.6,1620.5,1620.5,-0.01,81.46,130262.56,-1
2026-03-12,2026-03-12 12:55:00,1620.5,1620.5,1620.4,1620.4,-0.01,81.46,130262.56,-1
2026-03-12,2026-03-12 12:56:00,1620.4,1620.4,1620.3,1620.3,-0.01,81.46,130262.56,-1
2026-03-12,2026-03-12 12:57:00,1620.3,1620.3,1620.2,1620.2,-0.01,81.46,130262.56,-1
2026-03-12,2026-03-12 12:58:00,1620.2,1620.2,1620.1,1620.1,-0.01,81.46,130262.56,-1
2026-03-12,2026-03-12 12:59:00,1620.1,1620.1,1620.0,1620.0,-0.01,81.46,130262.56,-1
2026-03-12,2026-03-12 13:00:00,1620.0,1632.0,1580.4,1619.9,-0.01,81.46,130262.56,-1
2026-03-12,2026-03-12 13:01:00,1619.9,1619.9,1619.8,1619.8,-0.01,81.46,130262.56,-1
2026-03-12,2026-03-12 13:02:00,1619.8,1619.8,1619.7,1619.7,-0.01,81.46,130262.56,-1
2026-03-12,2026-03-12 13:03:00,1619.7,1619.7,1619.6,1619.6,-0.01,81.46,130262.56,-1
2026-03-12,2026-03-12 13:04:00,1619.6,1619.6,1619.5,1619.5,-0.01,81.46,130262.56,-1
2026-03-12,2026-03-12 13:05:00,1619.5,1619.5,1619.4,1619.4,-0.01,81.46,130262.56,-1
2026-03-12,2026-03-12 13:06:00,1619.4,1619.4,1619.3,1619.3,-0.01,81.46,130262.56,-1
2026-03-12,2026-03-12 13:07:00,1619.3,1619.3,1619.2,1619.2,-0.01,81.46,130262.56,-1
2026-03-12,2026-03-12 13:08:00,1619.2,1619.2,1619.1,1619.1,-0.01,81.46,130262.56,-1
2026-03-12,2026-03-12 13:09:00,1619.1,1619.1,1619.0,1619.0,-0.01,81.46,130262.56,-1
2026-03-12,2026-03-12 13:10:00,1619.0,1619.0,1618.9,1618.9,-0.01,81.46,130262.56,-1
2026-03-12,2026-03-12 13:11:00,1618.9,1618.9,1618.8,1618.8,-0.01,81.46,130262.56,-1
2026-03-12,2026-03-12 13:12:00,1618.8,1618.8,1618.7,1618.7,-0.01,81.46,130262.56,-1
2026-03-12,2026-03-12 13:13:00,1618.7,1618.7,1618.6,1618.6,-0.01,81.46,130262.56,-1
2026-03-12,2026-03-12 13:14:00,1618.6,1618.6,1618.5,1618.5,-0.01,81.46,130262.56,-1
2026-03-12,2026-03-12 13:15:00,1618.5,1618.5,1618.4,1618.4,-0.01,81.46,130262.56,-1
2026-03-12,2026-03-12 13:16:00,1618.4,1618.4,1618.3,1618.3,-0.01,81.46,130262.56,-1
2026-03-12,2026-03-12 13:17:00,1618.3,1618.3,1618.2,1618.2,-0.01,81.46,130262.56,-1
2026-03-12,2026-03-12 13:18:00,1618.2,1618.2,1618.1,1618.1,-0.01,81.46,130262.56,-1
2026-03-12,2026-03-12 13:19:00,1618.1,1618.1,1618.0,1618.0,-0.01,81.46,130262.56,-1
2026-03-12,2026-03-12 13:20:00,1618.0,1618.0,1617.9,1617.9,-0.01,81.46,130262.56,-1
2026-03-12,2026-03-12 13:21:00,1617.9,1617.9,1617.8,1617.8,-0.01,81.46,130262.56,-1
2026-03-12,2026-03-12 13:22:00,1617.8,1617.8,1617.7,1617.7,-0.01,81.46,130262.56,-1
2026-03-12,2026-03-12 13:23:00,1617.7,1617.7,1617.6,1617.6,-0.01,81.46,130262.56,-1
2026-03-12,2026-03-12 13:24:00,1617.6,1617.6,1617.5,1617.5,-0.01,81.46,130262.56,-1
2026-03-12,2026-03-12 13:25:00,1617.5,1617.5,1617.4,1617.4,-0.01,81.46,130262.56,-1
2026-03-12,2026-03-12 13:26:00,1617.4,1617.4,1617.3,1617.3,-0.01,81.46,130262.56,-1
2026-03-12,2026-03-12 13:27:00,1617.3,1617.3,1617.2,1617.2,-0.01,81.46,130262.56,-1
2026-03-12,2026-03-12 13:28:00,1617.2,1617.2,1617.1,1617.1,-0.01,81.46,130262.56,-1
2026-03-12,2026-03-12 13:29:00,1617.1,1617.1,1617.0,1617.0,-0.01,81.46,130262.56,-1
2026-03-12,2026-03-12 13:30:00,1617.0,1617.0,1616.9,1616.9,-0.01,81.46,130262.56,-1
2026-03-12,2026-03-12 13:31:00,1616.9,1616.9,1616.8,1616.8,-0.01,81.46,130262.56,-1
2026-03-12,2026-03-12 13:32:00,1616.8,1616.8,1616.7,1616.7,-0.01,81.46,130262.56,-1
2026-03-12,2026-03-12 13:33:00,1616.7,1616.7,1616.6,1616.6,-0.01,81.46,130262.56,-1
2026-03-12,2026-03-12 13:34:00,1616.6,1616.6,1616.5,1616.5,-0.01,81.46,130262.56,-1
2026-03-12,2026-03-12 13:35:00,1616.5,1616.5,1616.4,1616.4,-0.01,81.46,130262.56,-1
2026-03-12,2026-03-12 13:36:00,1616.4,1616.4,1616.3,1616.3,-0.01,81.46,130262.56,-1
2026-03-12,2026-03-12 13:37:00,1616.3,1616.3,1616.2,1616.2,-0.01,81.46,130262.56,-1
2026-03-12,2026-03-12 13:38:00,1616.2,1616.2,1616.1,1616.1,-0.01,81.46,130262.56,-1
2026-03-12,2026-03-12 13:39:00,1616.1,1616.1,1616.0,1616.0,-0.01,81.46,130262.56,-1
2026-03-12,2026-03-12 13:40:00,1616.0,1616.0,1615.9,1615.9,-0.01,81.46,130262.56,-1
2026-03-12,2026-03-12 13:41:00,1615.9,1615.9,1615.8,1615.8,-0.01,81.46,130262.56,-1
2026-03-12,2026-03-12 13:42:00,1615.8,1615.8,1615.7,1615.7,-0.01,81.46,130262.56,-1
2026-03-12,2026-03-12 13:43:00,1615.7,1615.7,1615.6,1615.6,-0.01,81.46,130262.56,-1
2026-03-12,2026-03-12 13:44:00,1615.6,1615.6,1615.5,1615.5,-0.01,81.46,130262.56,-1
2026-03-12,2026-03-12 13:45:00,1615.5,1615.5,1615.4,1615.4,-0.01,81.46,130262.56,-1
2026-03-12,2026-03-12 13:46:00,1615.4,1615.4,1615.3,1615.3,-0.01,81.46,130262.56,-1
2026-03-12,2026-03-12 13:47:00,1615.3,1615.3,1615.2,1615.2,-0.01,81.46,130262.56,-1
2026-03-12,2026-03-12 13:48:00,1615.2,1615.2,1615.1,1615.1,-0.01,81.46,130262.56,-1
2026-03-12,2026-03-12 13:49:00,1615.1,1615.1,1615.0,1615.0,-0.01,81.46,130262.56,-1
2026-03-12,2026-03-12 13:50:00,1615.0,1615.0,1614.9,1614.9,-0.01,81.46,130262.56,-1
2026-03-12,2026-03-12 13:51:00,1614.9,1614.9,1614.8,1614.8,-0.01,81.46,130262.56,-1
2026-03-12,2026-03-12 13:52:00,1614.8,1614.8,1614.7,1614.7,-0.01,81.46,130262.56,-1
2026-03-12,2026-03-12 13:53:00,1614.7,1614.7,1614.6,1614.6,-0.01,81.46,130262.56,-1
2026-03-12,2026-03-12 13:54:00,1614.6,1614.6,1614.5,1614.5,-0.01,81.46,130262.56,-1
2026-03-12,2026-03-12 13:55:00,1614.5,1614.5,1614.4,1614.4,-0.01,81.46,130262.56,-1
2026-03-12,2026-03-12 13:56:00,1614.4,1614.4,1614.3,1614.3,-0.01,81.46,130262.56,-1
2026-03-12,2026-03-12 13:57:00,1614.3,1614.3,1614.2,1614.2,-0.01,81.46,130262.56,-1
2026-03-12,2026-03-12 13:58:00,1614.2,1614.2,1614.1,1614.1,-0.01,81.46,130262.56,-1
2026-03-12,2026-03-12 13:59:00,1614.1,1614.1,1614.0,1614.0,-0.01,81.46,130262.56,-1
2026-03-12,2026-03-12 14:00:00,1614.0,1614.0,1613.9,1613.9,-0.01,81.46,130262.56,-1
2026-03-12,2026-03-12 14:01:00,1613.9,1613.9,1613.8,1613.8,-0.01,81.46,130262.56,-1
2026-03-12,2026-03-12 14:02:00,1613.8,1613.8,1613.7,1613.7,-0.01,81.46,130262.56,-1
2026-03-12,2026-03-12 14:03:00,1613.7,1613.7,1613.6,1613.6,-0.01,81.46,130262.56,-1
2026-03-12,2026-03-12 14:04:00,1613.6,1613.6,1613.5,1613.5,-0.01,81.46,130262.56,-1
2026-03-12,2026-03-12 14:05:00,1613.5,1613.5,1613.4,1613.4,-0.01,81.46,130262.56,-1
2026-03-12,2026-03-12 14:06:00,1613.4,1613.4,1613.3,1613.3,-0.01,81.46,130262.56,-1
2026-03-12,2026-03-12 14:07:00,1613.3,1613.3,1613.2,1613.2,-0.01,81.46,130262.56,-1
2026-03-12,2026-03-12 14:08:00,1613.2,1613.2,1613.1,1613.1,-0.01,81.46,130262.56,-1
2026-03-12,2026-03-12 14:09:00,1613.1,1613.1,1613.0,1613.0,-0.01,81.46,130262.56,-1
2026-03-12,2026-03-12 14:10:00,1613.0,1613.0,1612.9,1612.9,-0.01,81.46,130262.56,-1
2026-03-12,2026-03-12 14:11:00,1612.9,1612.9,1612.8,1612.8,-0.01,81.46,130262.56,-1
2026-03-12,2026-03-12 14:12:00,1612.8,1612.8,1612.7,1612.7,-0.01,81.46,130262.56,-1
2026-03-12,2026-03-12 14:13:00,1612.7,1612.7,1612.6,1612.6,-0.01,81.46,130262.56,-1
2026-03-12,2026-03-12 14:14:00,1612.6,1612.6,1612.5,1612.5,-0.01,81.46,130262.56,-1
2026-03-12,2026-03-12 14:15:00,1612.5,1612.5,1612.4,1612.4,-0.01,81.46,130262.56,-1
2026-03-12,2026-03-12 14:16:00,1612.4,1612.4,1612.3,1612.3,-0.01,81.46,130262.56,-1
2026-03-12,2026-03-12 14:17:00,1612.3,1612.3,1612.2,1612.2,-0.01,81.46,130262.56,-1
2026-03-12,2026-03-12 14:18:00,1612.2,1612.2,1612.1,1612.1,-0.01,81.46,130262.56,-1
2026-03-12,2026-03-12 14:19:00,1612.1,1612.1,1612.0,1612.0,-0.01,81.46,130262.56,-1
2026-03-12,2026-03-12 14:20:00,1612.0,1612.0,1611.9,1611.9,-0.01,81.46,130262.56,-1
2026-03-12,2026-03-12 14:21:00,1611.9,1611.9,1611.8,1611.8,-0.01,81.46,130262.56,-1
2026-03-12,2026-03-12 14:22:00,1611.8,1611.8,1611.7,1611.7,-0.01,81.46,130262.56,-1
2026-03-12,2026-03-12 14:23:00,1611.7,1611.7,1611.6,1611.6,-0.01,81.46,130262.56,-1
2026-03-12,2026-03-12 14:24:00,1611.6,1611.6,1611.5,1611.5,-0.01,81.46,130262.56,-1
2026-03-12,2026-03-12 14:25:00,1611.5,1611.5,1611.4,1611.4,-0.01,81.46,130262.56,-1
2026-03-12,2026-03-12 14:26:00,1611.4,1611.4,1611.3,1611.3,-0.01,81.46,130262.56,-1
2026-03-12,2026-03-12 14:27:00,1611.3,1611.3,1611.2,1611.2,-0.01,81.46,130262.56,-1
2026-03-12,2026-03-12 14:28:00,1611.2,1611.2,1611.1,1611.1,-0.01,81.46,130262.56,-1
2026-03-12,2026-03-12 14:29:00,1611.1,1611.1,1611.0,1611.0,-0.01,81.46,130262.56,-1
2026-03-12,2026-03-12 14:30:00,1611.0,1611.0,1610.9,1610.9,-0.01,81.46,130262.56,-1
2026-03-12,2026-03-12 14:31:00,1610.9,1610.9,1610.8,1610.8,-0.01,81.46,130262.56,-1
2026-03-12,2026-03-12 14:32:00,1610.8,1610.8,1610.7,1610.7,-0.01,81.46,130262.56,-1
2026-03-12,2026-03-12 14:33:00,1610.7,1610.7,1610.6,1610.6,-0.01,81.46,130262.56,-1
2026-03-12,2026-03-12 14:34:00,1610.6,1610.6,1610.5,1610.5,-0.01,81.46,130262.56,-1
2026-03-12,2026-03-12 14:35:00,1610.5,1610.5,1610.4,1610.4,-0.01,81.46,130262.56,-1
2026-03-12,2026-03-12 14:36:00,1610.4,1610.4,1610.3,1610.3,-0.01,81.46,130262.56,-1
2026-03-12,2026-03-12 14:37:00,1610.3,1610.3,1610.2,1610.2,-0.01,81.46,130262.56,-1
2026-03-12,2026-03-12 14:38:00,1610.2,1610.2,1610.1,1610.1,-0.01,81.46,130262.56,-1
2026-03-12,2026-03-12 14:39:00,1610.1,1610.1,1610.0,1610.0,-0.01,81.46,130262.56,-1
2026-03-12,2026-03-12 14:40:00,1610.0,1610.0,1609.9,1609.9,-0.01,81.46,130262.56,-1
2026-03-12,2026-03-12 14:41:00,1609.9,1609.9,1609.8,1609.8,-0.01,81.46,130262.56,-1
2026-03-12,2026-03-12 14:42:00,1609.8,1609.8,1609.7,1609.7,-0.01,81.46,130262.56,-1
2026-03-12,2026-03-12 14:43:00,1609.7,1609.7,1609.6,1609.6,-0.01,81.46,130262.56,-1
2026-03-12,2026-03-12 14:44:00,1609.6,1609.6,1609.5,1609.5,-0.01,81.46,130262.56,-1
2026-03-12,2026-03-12 14:45:00,1609.5,1609.5,1609.4,1609.4,-0.01,81.46,130262.56,-1
2026-03-12,2026-03-12 14:46:00,1609.4,1609.4,1609.3,1609.3,-0.01,81.46,130262.56,-1
2026-03-12,2026-03-12 14:47:00,1609.3,1609.3,1609.2,1609.2,-0.01,81.46,130262.56,-1
2026-03-12,2026-03-12 14:48:00,1609.2,1609.2,1609.1,1609.1,-0.01,81.46,130262.56,-1
2026-03-12,2026-03-12 14:49:00,1609.1,1609.1,1609.0,1609.0,-0.01,81.46,130262.56,-1
2026-03-12,2026-03-12 14:50:00,1609.0,1609.0,1608.9,1608.9,-0.01,81.46,130262.56,-1
2026-03-12,2026-03-12 14:51:00,1608.9,1608.9,1608.8,1608.8,-0.01,81.46,130262.56,-1
2026-03-12,2026-03-12 14:52:00,1608.8,1608.8,1608.7,1608.7,-0.01,81.46,130262.56,-1
2026-03-12,2026-03-12 14:53:00,1608.7,1608.7,1608.6,1608.6,-0.01,81.46,130262.56,-1
2026-03-12,2026-03-12 14:54:00,1608.6,1608.6,1608.5,1608.5,-0.01,81.46,130262.56,-1
2026-03-12,2026-03-12 14:55:00,1608.5,1608.5,1608.4,1608.4,-0.01,81.46,130262.56,-1
2026-03-12,2026-03-12 14:56:00,1608.4,1608.4,1608.3,1608.3,-0.01,81.46,130262.56,-1
2026-03-12,2026-03-12 14:57:00,1608.3,1608.3,1608.2,1608.2,-0.01,81.46,130262.56,-1
2026-03-12,2026-03-12 14:58:00,1608.2,1608.2,1608.1,1608.1,-0.01,81.46,130262.56,-1
2026-03-12,2026-03-12 14:59:00,1608.1,1608.1,1608.0,1608.0,-0.01,81.46,130262.56,-1
2026-03-12,2026-03-12 15:00:00,1608.0,1632.0,1580.4,1608.0,0.0,81.46,130262.56,0
2026-03-15,2026-03-15 11:00:00,1640.0,1640.0,1625.33,1639.88,-0.01,7.93,12707.77,-1
2026-03-15,2026-03-15 11:01:00,1639.88,1639.88,1639.75,1639.75,-0.01,7.93,12707.77,-1
2026-03-15,2026-03-15 11:02:00,1639.75,1639.75,1639.62,1639.62,-0.01,7.93,12707.77,-1
2026-03-15,2026-03-15 11:03:00,1639.62,1639.62,1639.5,1639.5,-0.01,7.93,12707.77,-1
2026-03-15,2026-03-15 11:04:00,1639.5,1639.5,1639.38,1639.38,-0.01,7.93,12707.77,-1
2026-03-15,2026-03-15 11:05:00,1639.38,1639.38,1639.25,1639.25,-0.01,7.93,12707.77,-1
2026-03-15,2026-03-15 11:06:00,1639.25,1639.25,1639.12,1639.12,-0.01,7.93,12707.77,-1
2026-03-15,2026-03-15 11:07:00,1639.12,1639.12,1639.0,1639.0,-0.01,7.93,12707.77,-1
2026-03-15,2026-03-15 11:08:00,1639.0,1639.0,1638.88,1638.88,-0.01,7.93,12707.77,-1
2026-03-15,2026-03-15 11:09:00,1638.88,1638.88,1638.75,1638.75,-0.01,7.93,12707.77,-1
2026-03-15,2026-03-15 11:10:00,1638.75,1638.75,1638.62,1638.62,-0.01,7.93,12707.77,-1
2026-03-15,2026-03-15 11:11:00,1638.62,1638.62,1638.5,1638.5,-0.01,7.93,12707.77,-1
2026-03-15,2026-03-15 11:12:00,1638.5,1638.5,1638.38,1638.38,-0.01,7.93,12707.77,-1
2026-03-15,2026-03-15 11:13:00,1638.38,1638.38,1638.25,1638.25,-0.01,7.93,12707.77,-1
2026-03-15,2026-03-15 11:14:00,1638.25,1638.25,1638.12,1638.12,-0.01,7.93,12707.77,-1
2026-03-15,2026-03-15 11:15:00,1638.12,1638.12,1638.0,1638.0,-0.01,7.93,12707.77,-1
2026-03-15,2026-03-15 11:16:00,1638.0,1638.0,1637.88,1637.88,-0.01,7.93,12707.77,-1
2026-03-15,2026-03-15 11:17:00,1637.88,1637.88,1637.75,1637.75,-0.01,7.93,12707.77,-1
2026-03-15,2026-03-15 11:18:00,1637.75,1637.75,1637.62,1637.62,-0.01,7.93,12707.77,-1
2026-03-15,2026-03-15 11:19:00,1637.62,1637.62,1637.5,1637.5,-0.01,7.93,12707.77,-1
2026-03-15,2026-03-15 11:20:00,1637.5,1637.5,1637.38,1637.38,-0.01,7.93,12707.77,-1
2026-03-15,2026-03-15 11:21:00,1637.38,1637.38,1637.25,1637.25,-0.01,7.93,12707.77,-1
2026-03-15,2026-03-15 11:22:00,1637.25,1637.25,1637.12,1637.12,-0.01,7.93,12707.77,-1
2026-03-15,2026-03-15 11:23:00,1637.12,1637.12,1637.0,1637.0,-0.01,7.93,12707.77,-1
2026-03-15,2026-03-15 11:24:00,1637.0,1637.0,1636.88,1636.88,-0.01,7.93,12707.77,-1
2026-03-15,2026-03-15 11:25:00,1636.88,1636.88,1636.75,1636.75,-0.01,7.93,12707.77,-1
2026-03-15,2026-03-15 11:26:00,1636.75,1636.75,1636.62,1636.62,-0.01,7.93,12707.77,-1
2026-03-15,2026-03-15 11:27:00,1636.62,1636.62,1636.5,1636.5,-0.01,7.93,12707.77,-1
2026-03-15,2026-03-15 11:28:00,1636.5,1636.5,1636.38,1636.38,-0.01,7.93,12707.77,-1
2026-03-15,2026-03-15 11:29:00,1636.38,1636.38,1636.25,1636.25,-0.01,7.93,12707.77,-1
2026-03-15,2026-03-15 11:30:00,1636.25,1636.25,1636.12,1636.12,-0.01,7.93,12707.77,-1
2026-03-15,2026-03-15 11:31:00,1636.12,1636.12,1636.0,1636.0,-0.01,7.93,12707.77,-1
2026-03-15,2026-03-15 11:32:00,1636.0,1636.0,1635.88,1635.88,-0.01,7.93,12707.77,-1
2026-03-15,2026-03-15 11:33:00,1635.88,1635.88,1635.75,1635.75,-0.01,7.93,12707.77,-1
2026-03-15,2026-03-15 11:34:00,1635.75,1635.75,1635.62,1635.62,-0.01,7.93,12707.77,-1
2026-03-15,2026-03-15 11:35:00,1635.62,1635.62,1635.5,1635.5,-0.01,7.93,12707.77,-1
2026-03-15,2026-03-15 11:36:00,1635.5,1635.5,1635.38,1635.38,-0.01,7.93,12707.77,-1
2026-03-15,2026-03-15 11:37:00,1635.38,1635.38,1635.25,1635.25,-0.01,7.93,12707.77,-1
2026-03-15,2026-03-15 11:38:00,1635.25,1635.25,1635.12,1635.12,-0.01,7.93,12707.77,-1
2026-03-15,2026-03-15 11:39:00,1635.12,1635.12,1635.0,1635.0,-0.01,7.93,12707.77,-1
2026-03-15,2026-03-15 11:40:00,1635.0,1635.0,1634.88,1634.88,-0.01,7.93,12707.77,-1
2026-03-15,2026-03-15 11:41:00,1634.88,1634.88,1634.75,1634.75,-0.01,7.93,12707.77,-1
2026-03-15,2026-03-15 11:42:00,1634.75,1634.75,1634.62,1634.62,-0.01,7.93,12707.77,-1
2026-03-15,2026-03-15 11:43:00,1634.62,1634.62,1634.5,1634.5,-0.01,7.93,12707.77,-1
2026-03-15,2026-03-15 11:44:00,1634.5,1634.5,1634.38,1634.38,-0.01,7.93,12707.77,-1
2026-03-15,2026-03-15 11:45:00,1634.38,1634.38,1634.25,1634.25,-0.01,7.93,12707.77,-1
2026-03-15,2026-03-15 11:46:00,1634.25,1634.25,1634.12,1634.12,-0.01,7.93,12707.77,-1
2026-03-15,2026-03-15 11:47:00,1634.12,1634.12,1634.0,1634.0,-0.01,7.93,12707.77,-1
2026-03-15,2026-03-15 11:48:00,1634.0,1634.0,1633.88,1633.88,-0.01,7.93,12707.77,-1
2026-03-15,2026-03-15 11:49:00,1633.88,1633.88,1633.75,1633.75,-0.01,7.93,12707.77,-1
2026-03-15,2026-03-15 11:50:00,1633.75,1633.75,1633.62,1633.62,-0.01,7.93,12707.77,-1
2026-03-15,2026-03-15 11:51:00,1633.62,1633.62,1633.5,1633.5,-0.01,7.93,12707.77,-1
2026-03-15,2026-03-15 11:52:00,1633.5,1633.5,1633.38,1633.38,-0.01,7.93,12707.77,-1
2026-03-15,2026-03-15 11:53:00,1633.38,1633.38,1633.25,1633.25,-0.01,7.93,12707.77,-1
2026-03-15,2026-03-15 11:54:00,1633.25,1633.25,1633.12,1633.12,-0.01,7.93,12707.77,-1
2026-03-15,2026-03-15 11:55:00,1633.12,1633.12,1633.0,1633.0,-0.01,7.93,12707.77,-1
2026-03-15,2026-03-15 11:56:00,1633.0,1633.0,1632.88,1632.88,-0.01,7.93,12707.77,-1
2026-03-15,2026-03-15 11:57:00,1632.88,1632.88,1632.75,1632.75,-0.01,7.93,12707.77,-1
2026-03-15,2026-03-15 11:58:00,1632.75,1632.75,1632.62,1632.62,-0.01,7.93,12707.77,-1
2026-03-15,2026-03-15 11:59:00,1632.62,1632.62,1632.5,1632.5,-0.01,7.93,12707.77,-1
2026-03-15,2026-03-15 12:00:00,1632.5,1632.5,1632.38,1632.38,-0.01,7.93,12707.77,-1
2026-03-15,2026-03-15 12:01:00,1632.38,1632.38,1632.25,1632.25,-0.01,7.93,12707.77,-1
2026-03-15,2026-03-15 12:02:00,1632.25,1632.25,1632.12,1632.12,-0.01,7.93,12707.77,-1
2026-03-15,2026-03-15 12:03:00,1632.12,1632.12,1632.0,1632.0,-0.01,7.93,12707.77,-1
2026-03-15,2026-03-15 12:04:00,1632.0,1632.0,1631.88,1631.88,-0.01,7.93,12707.77,-1
2026-03-15,2026-03-15 12:05:00,1631.88,1631.88,1631.75,1631.75,-0.01,7.93,12707.77,-1
2026-03-15,2026-03-15 12:06:00,1631.75,1631.75,1631.62,1631.62,-0.01,7.93,12707.77,-1
2026-03-15,2026-03-15 12:07:00,1631.62,1631.62,1631.5,1631.5,-0.01,7.93,12707.77,-1
2026-03-15,2026-03-15 12:08:00,1631.5,1631.5,1631.38,1631.38,-0.01,7.93,12707.77,-1
2026-03-15,2026-03-15 12:09:00,1631.38,1631.38,1631.25,1631.25,-0.01,7.93,12707.77,-1
2026-03-15,2026-03-15 12:10:00,1631.25,1631.25,1631.12,1631.12,-0.01,7.93,12707.77,-1
2026-03-15,2026-03-15 12:11:00,1631.12,1631.12,1631.0,1631.0,-0.01,7.93,12707.77,-1
2026-03-15,2026-03-15 12:12:00,1631.0,1631.0,1630.88,1630.88,-0.01,7.93,12707.77,-1
2026-03-15,2026-03-15 12:13:00,1630.88,1630.88,1630.75,1630.75,-0.01,7.93,12707.77,-1
2026-03-15,2026-03-15 12:14:00,1630.75,1630.75,1630.62,1630.62,-0.01,7.93,12707.77,-1
2026-03-15,2026-03-15 12:15:00,1630.62,1630.62,1630.5,1630.5,-0.01,7.93,12707.77,-1
2026-03-15,2026-03-15 12:16:00,1630.5,1630.5,1630.38,1630.38,-0.01,7.93,12707.77,-1
2026-03-15,2026-03-15 12:17:00,1630.38,1630.38,1630.25,1630.25,-0.01,7.93,12707.77,-1
2026-03-15,2026-03-15 12:18:00,1630.25,1630.25,1630.12,1630.12,-0.01,7.93,12707.77,-1
2026-03-15,2026-03-15 12:19:00,1630.12,1630.12,1630.0,1630.0,-0.01,7.93,12707.77,-1
2026-03-15,2026-03-15 12:20:00,1630.0,1630.0,1629.88,1629.88,-0.01,7.93,12707.77,-1
2026-03-15,2026-03-15 12:21:00,1629.88,1629.88,1629.75,1629.75,-0.01,7.93,12707.77,-1
2026-03-15,2026-03-15 12:22:00,1629.75,1629.75,1629.62,1629.62,-0.01,7.93,12707.77,-1
2026-03-15,2026-03-15 12:23:00,1629.62,1629.62,1629.5,1629.5,-0.01,7.93,12707.77,-1
2026-03-15,2026-03-15 12:24:00,1629.5,1629.5,1629.38,1629.38,-0.01,7.93,12707.77,-1
2026-03-15,2026-03-15 12:25:00,1629.38,1629.38,1629.25,1629.25,-0.01,7.93,12707.77,-1
2026-03-15,2026-03-15 12:26:00,1629.25,1629.25,1629.12,1629.12,-0.01,7.93,12707.77,-1
2026-03-15,2026-03-15 12:27:00,1629.12,1629.12,1629.0,1629.0,-0.01,7.93,12707.77,-1
2026-03-15,2026-03-15 12:28:00,1629.0,1629.0,1628.88,1628.88,-0.01,7.93,12707.77,-1
2026-03-15,2026-03-15 12:29:00,1628.88,1628.88,1628.75,1628.75,-0.01,7.93,12707.77,-1
2026-03-15,2026-03-15 12:30:00,1628.75,1628.75,1628.62,1628.62,-0.01,7.93,12707.77,-1
2026-03-15,2026-03-15 12:31:00,1628.62,1628.62,1628.5,1628.5,-0.01,7.93,12707.77,-1
2026-03-15,2026-03-15 12:32:00,1628.5,1628.5,1628.38,1628.38,-0.01,7.93,12707.77,-1
2026-03-15,2026-03-15 12:33:00,1628.38,1628.38,1628.25,1628.25,-0.01,7.93,12707.77,-1
2026-03-15,2026-03-15 12:34:00,1628.25,1628.25,1628.12,1628.12,-0.01,7.93,12707.77,-1
2026-03-15,2026-03-15 12:35:00,1628.12,1628.12,1628.0,1628.0,-0.01,7.93,12707.77,-1
2026-03-15,2026-03-15 12:36:00,1628.0,1628.0,1627.88,1627.88,-0.01,7.93,12707.77,-1
2026-03-15,2026-03-15 12:37:00,1627.88,1627.88,1627.75,1627.75,-0.01,7.93,12707.77,-1
2026-03-15,2026-03-15 12:38:00,1627.75,1627.75,1627.62,1627.62,-0.01,7.93,12707.77,-1
2026-03-15,2026-03-15 12:39:00,1627.62,1627.62,1627.5,1627.5,-0.01,7.93,12707.77,-1
2026-03-15,2026-03-15 12:40:00,1627.5,1627.5,1627.38,1627.38,-0.01,7.93,12707.77,-1
2026-03-15,2026-03-15 12:41:00,1627.38,1627.38,1627.25,1627.25,-0.01,7.93,12707.77,-1
2026-03-15,2026-03-15 12:42:00,1627.25,1627.25,1627.12,1627.12,-0.01,7.93,12707.77,-1
2026-03-15,2026-03-15 12:43:00,1627.12,1627.12,1627.0,1627.0,-0.01,7.93,12707.77,-1
2026-03-15,2026-03-15 12:44:00,1627.0,1627.0,1626.88,1626.88,-0.01,7.93,12707.77,-1
2026-03-15,2026-03-15 12:45:00,1626.88,1626.88,1626.75,1626.75,-0.01,7.93,12707.77,-1
2026-03-15,2026-03-15 12:46:00,1626.75,1626.75,1626.62,1626.62,-0.01,7.93,12707.77,-1
2026-03-15,2026-03-15 12:47:00,1626.62,1626.62,1626.5,1626.5,-0.01,7.93,12707.77,-1
2026-03-15,2026-03-15 12:48:00,1626.5,1626.5,1626.38,1626.38,-0.01,7.93,12707.77,-1
2026-03-15,2026-03-15 12:49:00,1626.38,1626.38,1626.25,1626.25,-0.01,7.93,12707.77,-1
2026-03-15,2026-03-15 12:50:00,1626.25,1626.25,1626.12,1626.12,-0.01,7.93,12707.77,-1
2026-03-15,2026-03-15 12:51:00,1626.12,1626.12,1626.0,1626.0,-0.01,7.93,12707.77,-1
2026-03-15,2026-03-15 12:52:00,1626.0,1626.0,1625.88,1625.88,-0.01,7.93,12707.77,-1
2026-03-15,2026-03-15 12:53:00,1625.88,1625.88,1625.75,1625.75,-0.01,7.93,12707.77,-1
2026-03-15,2026-03-15 12:54:00,1625.75,1625.75,1625.62,1625.62,-0.01,7.93,12707.77,-1
2026-03-15,2026-03-15 12:55:00,1625.62,1625.62,1625.5,1625.5,-0.01,7.93,12707.77,-1
2026-03-15,2026-03-15 12:56:00,1625.5,1625.5,1625.38,1625.38,-0.01,7.93,12707.77,-1
2026-03-15,2026-03-15 12:57:00,1625.38,1625.38,1625.25,1625.25,-0.01,7.93,12707.77,-1
2026-03-15,2026-03-15 12:58:00,1625.25,1625.25,1625.12,1625.12,-0.01,7.93,12707.77,-1
2026-03-15,2026-03-15 12:59:00,1625.12,1625.12,1625.0,1625.0,-0.01,7.93,12707.77,-1
2026-03-15,2026-03-15 13:00:00,1625.0,1640.0,1591.1,1624.88,-0.01,7.93,12707.77,-1
2026-03-15,2026-03-15 13:01:00,1624.88,1624.88,1624.75,1624.75,-0.01,7.93,12707.77,-1
2026-03-15,2026-03-15 13:02:00,1624.75,1624.75,1624.62,1624.62,-0.01,7.93,12707.77,-1
2026-03-15,2026-03-15 13:03:00,1624.62,1624.62,1624.5,1624.5,-0.01,7.93,12707.77,-1
2026-03-15,2026-03-15 13:04:00,1624.5,1624.5,1624.38,1624.38,-0.01,7.93,12707.77,-1
2026-03-15,2026-03-15 13:05:00,1624.38,1624.38,1624.25,1624.25,-0.01,7.93,12707.77,-1
2026-03-15,2026-03-15 13:06:00,1624.25,1624.25,1624.12,1624.12,-0.01,7.93,12707.77,-1
2026-03-15,2026-03-15 13:07:00,1624.12,1624.12,1624.0,1624.0,-0.01,7.93,12707.77,-1
2026-03-15,2026-03-15 13:08:00,1624.0,1624.0,1623.88,1623.88,-0.01,7.93,12707.77,-1
2026-03-15,2026-03-15 13:09:00,1623.88,1623.88,1623.75,1623.75,-0.01,7.93,12707.77,-1
2026-03-15,2026-03-15 13:10:00,1623.75,1623.75,1623.62,1623.62,-0.01,7.93,12707.77,-1
2026-03-15,2026-03-15 13:11:00,1623.62,1623.62,1623.5,1623.5,-0.01,7.93,12707.77,-1
2026-03-15,2026-03-15 13:12:00,1623.5,1623.5,1623.38,1623.38,-0.01,7.93,12707.77,-1
2026-03-15,2026-03-15 13:13:00,1623.38,1623.38,1623.25,1623.25,-0.01,7.93,12707.77,-1
2026-03-15,2026-03-15 13:14:00,1623.25,1623.25,1623.12,1623.12,-0.01,7.93,12707.77,-1
2026-03-15,2026-03-15 13:15:00,1623.12,1623.12,1623.0,1623.0,-0.01,7.93,12707.77,-1
2026-03-15,2026-03-15 13:16:00,1623.0,1623.0,1622.88,1622.88,-0.01,7.93,12707.77,-1
2026-03-15,2026-03-15 13:17:00,1622.88,1622.88,1622.75,1622.75,-0.01,7.93,12707.77,-1
2026-03-15,2026-03-15 13:18:00,1622.75,1622.75,1622.62,1622.62,-0.01,7.93,12707.77,-1
2026-03-15,2026-03-15 13:19:00,1622.62,1622.62,1622.5,1622.5,-0.01,7.93,12707.77,-1
2026-03-15,2026-03-15 13:20:00,1622.5,1622.5,1622.38,1622.38,-0.01,7.93,12707.77,-1
2026-03-15,2026-03-15 13:21:00,1622.38,1622.38,1622.25,1622.25,-0.01,7.93,12707.77,-1
2026-03-15,2026-03-15 13:22:00,1622.25,1622.25,1622.12,1622.12,-0.01,7.93,12707.77,-1
2026-03-15,2026-03-15 13:23:00,1622.12,1622.12,1622.0,1622.0,-0.01,7.93,12707.77,-1
2026-03-15,2026-03-15 13:24:00,1622.0,1622.0,1621.88,1621.88,-0.01,7.93,12707.77,-1
2026-03-15,2026-03-15 13:25:00,1621.88,1621.88,1621.75,1621.75,-0.01,7.93,12707.77,-1
2026-03-15,2026-03-15 13:26:00,1621.75,1621.75,1621.62,1621.62,-0.01,7.93,12707.77,-1
2026-03-15,2026-03-15 13:27:00,1621.62,1621.62,1621.5,1621.5,-0.01,7.93,12707.77,-1
2026-03-15,2026-03-15 13:28:00,1621.5,1621.5,1621.38,1621.38,-0.01,7.93,12707.77,-1
2026-03-15,2026-03-15 13:29:00,1621.38,1621.38,1621.25,1621.25,-0.01,7.93,12707.77,-1
2026-03-15,2026-03-15 13:30:00,1621.25,1621.25,1621.12,1621.12,-0.01,7.93,12707.77,-1
2026-03-15,2026-03-15 13:31:00,1621.12,1621.12,1621.0,1621.0,-0.01,7.93,12707.77,-1
2026-03-15,2026-03-15 13:32:00,1621.0,1621.0,1620.88,1620.88,-0.01,7.93,12707.77,-1
2026-03-15,2026-03-15 13:33:00,1620.88,1620.88,1620.75,1620.75,-0.01,7.93,12707.77,-1
2026-03-15,2026-03-15 13:34:00,1620.75,1620.75,1620.62,1620.62,-0.01,7.93,12707.77,-1
2026-03-15,2026-03-15 13:35:00,1620.62,1620.62,1620.5,1620.5,-0.01,7.93,12707.77,-1
2026-03-15,2026-03-15 13:36:00,1620.5,1620.5,1620.38,1620.38,-0.01,7.93,12707.77,-1
2026-03-15,2026-03-15 13:37:00,1620.38,1620.38,1620.25,1620.25,-0.01,7.93,12707.77,-1
2026-03-15,2026-03-15 13:38:00,1620.25,1620.25,1620.12,1620.12,-0.01,7.93,12707.77,-1
2026-03-15,2026-03-15 13:39:00,1620.12,1620.12,1620.0,1620.0,-0.01,7.93,12707.77,-1
2026-03-15,2026-03-15 13:40:00,1620.0,1620.0,1619.88,1619.88,-0.01,7.93,12707.77,-1
2026-03-15,2026-03-15 13:41:00,1619.88,1619.88,1619.75,1619.75,-0.01,7.93,12707.77,-1
2026-03-15,2026-03-15 13:42:00,1619.75,1619.75,1619.62,1619.62,-0.01,7.93,12707.77,-1
2026-03-15,2026-03-15 13:43:00,1619.62,1619.62,1619.5,1619.5,-0.01,7.93,12707.77,-1
2026-03-15,2026-03-15 13:44:00,1619.5,1619.5,1619.38,1619.38,-0.01,7.93,12707.77,-1
2026-03-15,2026-03-15 13:45:00,1619.38,1619.38,1619.25,1619.25,-0.01,7.93,12707.77,-1
2026-03-15,2026-03-15 13:46:00,1619.25,1619.25,1619.12,1619.12,-0.01,7.93,12707.77,-1
2026-03-15,2026-03-15 13:47:00,1619.12,1619.12,1619.0,1619.0,-0.01,7.93,12707.77,-1
2026-03-15,2026-03-15 13:48:00,1619.0,1619.0,1618.88,1618.88,-0.01,7.93,12707.77,-1
2026-03-15,2026-03-15 13:49:00,1618.88,1618.88,1618.75,1618.75,-0.01,7.93,12707.77,-1
2026-03-15,2026-03-15 13:50:00,1618.75,1618.75,1618.62,1618.62,-0.01,7.93,12707.77,-1
2026-03-15,2026-03-15 13:51:00,1618.62,1618.62,1618.5,1618.5,-0.01,7.93,12707.77,-1
2026-03-15,2026-03-15 13:52:00,1618.5,1618.5,1618.38,1618.38,-0.01,7.93,12707.77,-1
2026-03-15,2026-03-15 13:53:00,1618.38,1618.38,1618.25,1618.25,-0.01,7.93,12707.77,-1
2026-03-15,2026-03-15 13:54:00,1618.25,1618.25,1618.12,1618.12,-0.01,7.93,12707.77,-1
2026-03-15,2026-03-15 13:55:00,1618.12,1618.12,1618.0,1618.0,-0.01,7.93,12707.77,-1
2026-03-15,2026-03-15 13:56:00,1618.0,1618.0,1617.88,1617.88,-0.01,7.93,12707.77,-1
2026-03-15,2026-03-15 13:57:00,1617.88,1617.88,1617.75,1617.75,-0.01,7.93,12707.77,-1
2026-03-15,2026-03-15 13:58:00,1617.75,1617.75,1617.62,1617.62,-0.01,7.93,12707.77,-1
2026-03-15,2026-03-15 13:59:00,1617.62,1617.62,1617.5,1617.5,-0.01,7.93,12707.77,-1
2026-03-15,2026-03-15 14:00:00,1617.5,1617.5,1617.38,1617.38,-0.01,7.93,12707.77,-1
2026-03-15,2026-03-15 14:01:00,1617.38,1617.38,1617.25,1617.25,-0.01,7.93,12707.77,-1
2026-03-15,2026-03-15 14:02:00,1617.25,1617.25,1617.12,1617.12,-0.01,7.93,12707.77,-1
2026-03-15,2026-03-15 14:03:00,1617.12,1617.12,1617.0,1617.0,-0.01,7.93,12707.77,-1
2026-03-15,2026-03-15 14:04:00,1617.0,1617.0,1616.88,1616.88,-0.01,7.93,12707.77,-1
2026-03-15,2026-03-15 14:05:00,1616.88,1616.88,1616.75,1616.75,-0.01,7.93,12707.77,-1
2026-03-15,2026-03-15 14:06:00,1616.75,1616.75,1616.62,1616.62,-0.01,7.93,12707.77,-1
2026-03-15,2026-03-15 14:07:00,1616.62,1616.62,1616.5,1616.5,-0.01,7.93,12707.77,-1
2026-03-15,2026-03-15 14:08:00,1616.5,1616.5,1616.38,1616.38,-0.01,7.93,12707.77,-1
2026-03-15,2026-03-15 14:09:00,1616.38,1616.38,1616.25,1616.25,-0.01,7.93,12707.77,-1
2026-03-15,2026-03-15 14:10:00,1616.25,1616.25,1616.12,1616.12,-0.01,7.93,12707.77,-1
2026-03-15,2026-03-15 14:11:00,1616.12,1616.12,1616.0,1616.0,-0.01,7.93,12707.77,-1
2026-03-15,2026-03-15 14:12:00,1616.0,1616.0,1615.88,1615.88,-0.01,7.93,12707.77,-1
2026-03-15,2026-03-15 14:13:00,1615.88,1615.88,1615.75,1615.75,-0.01,7.93,12707.77,-1
2026-03-15,2026-03-15 14:14:00,1615.75,1615.75,1615.62,1615.62,-0.01,7.93,12707.77,-1
2026-03-15,2026-03-15 14:15:00,1615.62,1615.62,1615.5,1615.5,-0.01,7.93,12707.77,-1
2026-03-15,2026-03-15 14:16:00,1615.5,1615.5,1615.38,1615.38,-0.01,7.93,12707.77,-1
2026-03-15,2026-03-15 14:17:00,1615.38,1615.38,1615.25,1615.25,-0.01,7.93,12707.77,-1
2026-03-15,2026-03-15 14:18:00,1615.25,1615.25,1615.12,1615.12,-0.01,7.93,12707.77,-1
2026-03-15,2026-03-15 14:19:00,1615.12,1615.12,1615.0,1615.0,-0.01,7.93,12707.77,-1
2026-03-15,2026-03-15 14:20:00,1615.0,1615.0,1614.88,1614.88,-0.01,7.93,12707.77,-1
2026-03-15,2026-03-15 14:21:00,1614.88,1614.88,1614.75,1614.75,-0.01,7.93,12707.77,-1
2026-03-15,2026-03-15 14:22:00,1614.75,1614.75,1614.62,1614.62,-0.01,7.93,12707.77,-1
2026-03-15,2026-03-15 14:23:00,1614.62,1614.62,1614.5,1614.5,-0.01,7.93,12707.77,-1
2026-03-15,2026-03-15 14:24:00,1614.5,1614.5,1614.38,1614.38,-0.01,7.93,12707.77,-1
2026-03-15,2026-03-15 14:25:00,1614.38,1614.38,1614.25,1614.25,-0.01,7.93,12707.77,-1
2026-03-15,2026-03-15 14:26:00,1614.25,1614.25,1614.12,1614.12,-0.01,7.93,12707.77,-1
2026-03-15,2026-03-15 14:27:00,1614.12,1614.12,1614.0,1614.0,-0.01,7.93,12707.77,-1
2026-03-15,2026-03-15 14:28:00,1614.0,1614.0,1613.88,1613.88,-0.01,7.93,12707.77,-1
2026-03-15,2026-03-15 14:29:00,1613.88,1613.88,1613.75,1613.75,-0.01,7.93,12707.77,-1
2026-03-15,2026-03-15 14:30:00,1613.75,1613.75,1613.62,1613.62,-0.01,7.93,12707.77,-1
2026-03-15,2026-03-15 14:31:00,1613.62,1613.62,1613.5,1613.5,-0.01,7.93,12707.77,-1
2026-03-15,2026-03-15 14:32:00,1613.5,1613.5,1613.38,1613.38,-0.01,7.93,12707.77,-1
2026-03-15,2026-03-15 14:33:00,1613.38,1613.38,1613.25,1613.25,-0.01,7.93,12707.77,-1
2026-03-15,2026-03-15 14:34:00,1613.25,1613.25,1613.12,1613.12,-0.01,7.93,12707.77,-1
2026-03-15,2026-03-15 14:35:00,1613.12,1613.12,1613.0,1613.0,-0.01,7.93,12707.77,-1
2026-03-15,2026-03-15 14:36:00,1613.0,1613.0,1612.88,1612.88,-0.01,7.93,12707.77,-1
2026-03-15,2026-03-15 14:37:00,1612.88,1612.88,1612.75,1612.75,-0.01,7.93,12707.77,-1
2026-03-15,2026-03-15 14:38:00,1612.75,1612.75,1612.62,1612.62,-0.01,7.93,12707.77,-1
2026-03-15,2026-03-15 14:39:00,1612.62,1612.62,1612.5,1612.5,-0.01,7.93,12707.77,-1
2026-03-15,2026-03-15 14:40:00,1612.5,1612.5,1612.38,1612.38,-0.01,7.93,12707.77,-1
2026-03-15,2026-03-15 14:41:00,1612.38,1612.38,1612.25,1612.25,-0.01,7.93,12707.77,-1
2026-03-15,2026-03-15 14:42:00,1612.25,1612.25,1612.12,1612.12,-0.01,7.93,12707.77,-1
2026-03-15,2026-03-15 14:43:00,1612.12,1612.12,1612.0,1612.0,-0.01,7.93,12707.77,-1
2026-03-15,2026-03-15 14:44:00,1612.0,1612.0,1611.88,1611.88,-0.01,7.93,12707.77,-1
2026-03-15,2026-03-15 14:45:00,1611.88,1611.88,1611.75,1611.75,-0.01,7.93,12707.77,-1
2026-03-15,2026-03-15 14:46:00,1611.75,1611.75,1611.62,1611.62,-0.01,7.93,12707.77,-1
2026-03-15,2026-03-15 14:47:00,1611.62,1611.62,1611.5,1611.5,-0.01,7.93,12707.77,-1
2026-03-15,2026-03-15 14:48:00,1611.5,1611.5,1611.38,1611.38,-0.01,7.93,12707.77,-1
2026-03-15,2026-03-15 14:49:00,1611.38,1611.38,1611.25,1611.25,-0.01,7.93,12707.77,-1
2026-03-15,2026-03-15 14:50:00,1611.25,1611.25,1611.12,1611.12,-0.01,7.93,12707.77,-1
2026-03-15,2026-03-15 14:51:00,1611.12,1611.12,1611.0,1611.0,-0.01,7.93,12707.77,-1
2026-03-15,2026-03-15 14:52:00,1611.0,1611.0,1610.88,1610.88,-0.01,7.93,12707.77,-1
2026-03-15,2026-03-15 14:53:00,1610.88,1610.88,1610.75,1610.75,-0.01,7.93,12707.77,-1
2026-03-15,2026-03-15 14:54:00,1610.75,1610.75,1610.62,1610.62,-0.01,7.93,12707.77,-1
2026-03-15,2026-03-15 14:55:00,1610.62,1610.62,1610.5,1610.5,-0.01,7.93,12707.77,-1
2026-03-15,2026-03-15 14:56:00,1610.5,1610.5,1610.38,1610.38,-0.01,7.93,12707.77,-1
2026-03-15,2026-03-15 14:57:00,1610.38,1610.38,1610.25,1610.25,-0.01,7.93,12707.77,-1
2026-03-15,2026-03-15 14:58:00,1610.25,1610.25,1610.12,1610.12,-0.01,7.93,12707.77,-1
2026-03-15,2026-03-15 14:59:00,1610.12,1610.12,1610.0,1610.0,-0.01,7.93,12707.77,-1
2026-03-15,2026-03-15 15:00:00,1610.0,1640.0,1591.1,1610.0,0.0,7.93,12707.77,0
2026-03-16,2026-03-16 11:00:00,1600.0,1606.0,1594.0,1600.02,0.0,28.95,46215.36,1
2026-03-16,2026-03-16 11:01:00,1600.02,1600.03,1600.02,1600.03,0.0,28.95,46215.36,1
2026-03-16,2026-03-16 11:02:00,1600.03,1600.05,1600.03,1600.05,0.0,28.95,46215.36,1
2026-03-16,2026-03-16 11:03:00,1600.05,1600.07,1600.05,1600.07,0.0,28.95,46215.36,1
2026-03-16,2026-03-16 11:04:00,1600.07,1600.08,1600.07,1600.08,0.0,28.95,46215.36,1
2026-03-16,2026-03-16 11:05:00,1600.08,1600.1,1600.08,1600.1,0.0,28.95,46215.36,1
2026-03-16,2026-03-16 11:06:00,1600.1,1600.12,1600.1,1600.12,0.0,28.95,46215.36,1
2026-03-16,2026-03-16 11:07:00,1600.12,1600.13,1600.12,1600.13,0.0,28.95,46215.36,1
2026-03-16,2026-03-16 11:08:00,1600.13,1600.15,1600.13,1600.15,0.0,28.95,46215.36,1
2026-03-16,2026-03-16 11:09:00,1600.15,1600.17,1600.15,1600.17,0.0,28.95,46215.36,1
2026-03-16,2026-03-16 11:10:00,1600.17,1600.18,1600.17,1600.18,0.0,28.95,46215.36,1
2026-03-16,2026-03-16 11:11:00,1600.18,1600.2,1600.18,1600.2,0.0,28.95,46215.36,1
2026-03-16,2026-03-16 11:12:00,1600.2,1600.22,1600.2,1600.22,0.0,28.95,46215.36,1
2026-03-16,2026-03-16 11:13:00,1600.22,1600.23,1600.22,1600.23,0.0,28.95,46215.36,1
2026-03-16,2026-03-16 11:14:00,1600.23,1600.25,1600.23,1600.25,0.0,28.95,46215.36,1
2026-03-16,2026-03-16 11:15:00,1600.25,1600.27,1600.25,1600.27,0.0,28.95,46215.36,1
2026-03-16,2026-03-16 11:16:00,1600.27,1600.28,1600.27,1600.28,0.0,28.95,46215.36,1
2026-03-16,2026-03-16 11:17:00,1600.28,1600.3,1600.28,1600.3,0.0,28.95,46215.36,1
2026-03-16,2026-03-16 11:18:00,1600.3,1600.32,1600.3,1600.32,0.0,28.95,46215.36,1
2026-03-16,2026-03-16 11:19:00,1600.32,1600.33,1600.32,1600.33,0.0,28.95,46215.36,1
2026-03-16,2026-03-16 11:20:00,1600.33,1600.35,1600.33,1600.35,0.0,28.95,46215.36,1
2026-03-16,2026-03-16 11:21:00,1600.35,1600.37,1600.35,1600.37,0.0,28.95,46215.36,1
2026-03-16,2026-03-16 11:22:00,1600.37,1600.38,1600.37,1600.38,0.0,28.95,46215.36,1
2026-03-16,2026-03-16 11:23:00,1600.38,1600.4,1600.38,1600.4,0.0,28.95,46215.36,1
2026-03-16,2026-03-16 11:24:00,1600.4,1600.42,1600.4,1600.42,0.0,28.95,46215.36,1
2026-03-16,2026-03-16 11:25:00,1600.42,1600.43,1600.42,1600.43,0.0,28.95,46215.36,1
2026-03-16,2026-03-16 11:26:00,1600.43,1600.45,1600.43,1600.45,0.0,28.95,46215.36,1
2026-03-16,2026-03-16 11:27:00,1600.45,1600.47,1600.45,1600.47,0.0,28.95,46215.36,1
2026-03-16,2026-03-16 11:28:00,1600.47,1600.48,1600.47,1600.48,0.0,28.95,46215.36,1
2026-03-16,2026-03-16 11:29:00,1600.48,1600.5,1600.48,1600.5,0.0,28.95,46215.36,1
2026-03-16,2026-03-16 11:30:00,1600.5,1600.52,1600.5,1600.52,0.0,28.95,46215.36,1
2026-03-16,2026-03-16 11:31:00,1600.52,1600.53,1600.52,1600.53,0.0,28.95,46215.36,1
2026-03-16,2026-03-16 11:32:00,1600.53,1600.55,1600.53,1600.55,0.0,28.95,46215.36,1
2026-03-16,2026-03-16 11:33:00,1600.55,1600.57,1600.55,1600.57,0.0,28.95,46215.36,1
2026-03-16,2026-03-16 11:34:00,1600.57,1600.58,1600.57,1600.58,0.0,28.95,46215.36,1
2026-03-16,2026-03-16 11:35:00,1600.58,1600.6,1600.58,1600.6,0.0,28.95,46215.36,1
2026-03-16,2026-03-16 11:36:00,1600.6,1600.62,1600.6,1600.62,0.0,28.95,46215.36,1
2026-03-16,2026-03-16 11:37:00,1600.62,1600.63,1600.62,1600.63,0.0,28.95,46215.36,1
2026-03-16,2026-03-16 11:38:00,1600.63,1600.65,1600.63,1600.65,0.0,28.95,46215.36,1
2026-03-16,2026-03-16 11:39:00,1600.65,1600.67,1600.65,1600.67,0.0,28.95,46215.36,1
2026-03-16,2026-03-16 11:40:00,1600.67,1600.68,1600.67,1600.68,0.0,28.95,46215.36,1
2026-03-16,2026-03-16 11:41:00,1600.68,1600.7,1600.68,1600.7,0.0,28.95,46215.36,1
2026-03-16,2026-03-16 11:42:00,1600.7,1600.72,1600.7,1600.72,0.0,28.95,46215.36,1
2026-03-16,2026-03-16 11:43:00,1600.72,1600.73,1600.72,1600.73,0.0,28.95,46215.36,1
2026-03-16,2026-03-16 11:44:00,1600.73,1600.75,1600.73,1600.75,0.0,28.95,46215.36,1
2026-03-16,2026-03-16 11:45:00,1600.75,1600.77,1600.75,1600.77,0.0,28.95,46215.36,1
2026-03-16,2026-03-16 11:46:00,1600.77,1600.78,1600.77,1600.78,0.0,28.95,46215.36,1
2026-03-16,2026-03-16 11:47:00,1600.78,1600.8,1600.78,1600.8,0.0,28.95,46215.36,1
2026-03-16,2026-03-16 11:48:00,1600.8,1600.82,1600.8,1600.82,0.0,28.95,46215.36,1
2026-03-16,2026-03-16 11:49:00,1600.82,1600.83,1600.82,1600.83,0.0,28.95,46215.36,1
2026-03-16,2026-03-16 11:50:00,1600.83,1600.85,1600.83,1600.85,0.0,28.95,46215.36,1
2026-03-16,2026-03-16 11:51:00,1600.85,1600.87,1600.85,1600.87,0.0,28.95,46215.36,1
2026-03-16,2026-03-16 11:52:00,1600.87,1600.88,1600.87,1600.88,0.0,28.95,46215.36,1
2026-03-16,2026-03-16 11:53:00,1600.88,1600.9,1600.88,1600.9,0.0,28.95,46215.36,1
2026-03-16,2026-03-16 11:54:00,1600.9,1600.92,1600.9,1600.92,0.0,28.95,46215.36,1
2026-03-16,2026-03-16 11:55:00,1600.92,1600.93,1600.92,1600.93,0.0,28.95,46215.36,1
2026-03-16,2026-03-16 11:56:00,1600.93,1600.95,1600.93,1600.95,0.0,28.95,46215.36,1
2026-03-16,2026-03-16 11:57:00,1600.95,1600.97,1600.95,1600.97,0.0,28.95,46215.36,1
2026-03-16,2026-03-16 11:58:00,1600.97,1600.98,1600.97,1600.98,0.0,28.95,46215.36,1
2026-03-16,2026-03-16 11:59:00,1600.98,1601.0,1600.98,1601.0,0.0,28.95,46215.36,1
2026-03-16,2026-03-16 12:00:00,1601.0,1601.02,1601.0,1601.02,0.0,28.95,46215.36,1
2026-03-16,2026-03-16 12:01:00,1601.02,1601.03,1601.02,1601.03,0.0,28.95,46215.36,1
2026-03-16,2026-03-16 12:02:00,1601.03,1601.05,1601.03,1601.05,0.0,28.95,46215.36,1
2026-03-16,2026-03-16 12:03:00,1601.05,1601.07,1601.05,1601.07,0.0,28.95,46215.36,1
2026-03-16,2026-03-16 12:04:00,1601.07,1601.08,1601.07,1601.08,0.0,28.95,46215.36,1
2026-03-16,2026-03-16 12:05:00,1601.08,1601.1,1601.08,1601.1,0.0,28.95,46215.36,1
2026-03-16,2026-03-16 12:06:00,1601.1,1601.12,1601.1,1601.12,0.0,28.95,46215.36,1
2026-03-16,2026-03-16 12:07:00,1601.12,1601.13,1601.12,1601.13,0.0,28.95,46215.36,1
2026-03-16,2026-03-16 12:08:00,1601.13,1601.15,1601.13,1601.15,0.0,28.95,46215.36,1
2026-03-16,2026-03-16 12:09:00,1601.15,1601.17,1601.15,1601.17,0.0,28.95,46215.36,1
2026-03-16,2026-03-16 12:10:00,1601.17,1601.18,1601.17,1601.18,0.0,28.95,46215.36,1
2026-03-16,2026-03-16 12:11:00,1601.18,1601.2,1601.18,1601.2,0.0,28.95,46215.36,1
2026-03-16,2026-03-16 12:12:00,1601.2,1601.22,1601.2,1601.22,0.0,28.95,46215.36,1
2026-03-16,2026-03-16 12:13:00,1601.22,1601.23,1601.22,1601.23,0.0,28.95,46215.36,1
2026-03-16,2026-03-16 12:14:00,1601.23,1601.25,1601.23,1601.25,0.0,28.95,46215.36,1
2026-03-16,2026-03-16 12:15:00,1601.25,1601.27,1601.25,1601.27,0.0,28.95,46215.36,1
2026-03-16,2026-03-16 12:16:00,1601.27,1601.28,1601.27,1601.28,0.0,28.95,46215.36,1
2026-03-16,2026-03-16 12:17:00,1601.28,1601.3,1601.28,1601.3,0.0,28.95,46215.36,1
2026-03-16,2026-03-16 12:18:00,1601.3,1601.32,1601.3,1601.32,0.0,28.95,46215.36,1
2026-03-16,2026-03-16 12:19:00,1601.32,1601.33,1601.32,1601.33,0.0,28.95,46215.36,1
2026-03-16,2026-03-16 12:20:00,1601.33,1601.35,1601.33,1601.35,0.0,28.95,46215.36,1
2026-03-16,2026-03-16 12:21:00,1601.35,1601.37,1601.35,1601.37,0.0,28.95,46215.36,1
2026-03-16,2026-03-16 12:22:00,1601.37,1601.38,1601.37,1601.38,0.0,28.95,46215.36,1
2026-03-16,2026-03-16 12:23:00,1601.38,1601.4,1601.38,1601.4,0.0,28.95,46215.36,1
2026-03-16,2026-03-16 12:24:00,1601.4,1601.42,1601.4,1601.42,0.0,28.95,46215.36,1
2026-03-16,2026-03-16 12:25:00,1601.42,1601.43,1601.42,1601.43,0.0,28.95,46215.36,1
2026-03-16,2026-03-16 12:26:00,1601.43,1601.45,1601.43,1601.45,0.0,28.95,46215.36,1
2026-03-16,2026-03-16 12:27:00,1601.45,1601.47,1601.45,1601.47,0.0,28.95,46215.36,1
2026-03-16,2026-03-16 12:28:00,1601.47,1601.48,1601.47,1601.48,0.0,28.95,46215.36,1
2026-03-16,2026-03-16 12:29:00,1601.48,1601.5,1601.48,1601.5,0.0,28.95,46215.36,1
2026-03-16,2026-03-16 12:30:00,1601.5,1601.52,1601.5,1601.52,0.0,28.95,46215.36,1
2026-03-16,2026-03-16 12:31:00,1601.52,1601.53,1601.52,1601.53,0.0,28.95,46215.36,1
2026-03-16,2026-03-16 12:32:00,1601.53,1601.55,1601.53,1601.55,0.0,28.95,46215.36,1
2026-03-16,2026-03-16 12:33:00,1601.55,1601.57,1601.55,1601.57,0.0,28.95,46215.36,1
2026-03-16,2026-03-16 12:34:00,1601.57,1601.58,1601.57,1601.58,0.0,28.95,46215.36,1
2026-03-16,2026-03-16 12:35:00,1601.58,1601.6,1601.58,1601.6,0.0,28.95,46215.36,1
2026-03-16,2026-03-16 12:36:00,1601.6,1601.62,1601.6,1601.62,0.0,28.95,46215.36,1
2026-03-16,2026-03-16 12:37:00,1601.62,1601.63,1601.62,1601.63,0.0,28.95,46215.36,1
2026-03-16,2026-03-16 12:38:00,1601.63,1601.65,1601.63,1601.65,0.0,28.95,46215.36,1
2026-03-16,2026-03-16 12:39:00,1601.65,1601.67,1601.65,1601.67,0.0,28.95,46215.36,1
2026-03-16,2026-03-16 12:40:00,1601.67,1601.68,1601.67,1601.68,0.0,28.95,46215.36,1
2026-03-16,2026-03-16 12:41:00,1601.68,1601.7,1601.68,1601.7,0.0,28.95,46215.36,1
2026-03-16,2026-03-16 12:42:00,1601.7,1601.72,1601.7,1601.72,0.0,28.95,46215.36,1
2026-03-16,2026-03-16 12:43:00,1601.72,1601.73,1601.72,1601.73,0.0,28.95,46215.36,1
2026-03-16,2026-03-16 12:44:00,1601.73,1601.75,1601.73,1601.75,0.0,28.95,46215.36,1
2026-03-16,2026-03-16 12:45:00,1601.75,1601.77,1601.75,1601.77,0.0,28.95,46215.36,1
2026-03-16,2026-03-16 12:46:00,1601.77,1601.78,1601.77,1601.78,0.0,28.95,46215.36,1
2026-03-16,2026-03-16 12:47:00,1601.78,1601.8,1601.78,1601.8,0.0,28.95,46215.36,1
2026-03-16,2026-03-16 12:48:00,1601.8,1601.82,1601.8,1601.82,0.0,28.95,46215.36,1
2026-03-16,2026-03-16 12:49:00,1601.82,1601.83,1601.82,1601.83,0.0,28.95,46215.36,1
2026-03-16,2026-03-16 12:50:00,1601.83,1601.85,1601.83,1601.85,0.0,28.95,46215.36,1
2026-03-16,2026-03-16 12:51:00,1601.85,1601.87,1601.85,1601.87,0.0,28.95,46215.36,1
2026-03-16,2026-03-16 12:52:00,1601.87,1601.88,1601.87,1601.88,0.0,28.95,46215.36,1
2026-03-16,2026-03-16 12:53:00,1601.88,1601.9,1601.88,1601.9,0.0,28.95,46215.36,1
2026-03-16,2026-03-16 12:54:00,1601.9,1601.92,1601.9,1601.92,0.0,28.95,46215.36,1
2026-03-16,2026-03-16 12:55:00,1601.92,1601.93,1601.92,1601.93,0.0,28.95,46215.36,1
2026-03-16,2026-03-16 12:56:00,1601.93,1601.95,1601.93,1601.95,0.0,28.95,46215.36,1
2026-03-16,2026-03-16 12:57:00,1601.95,1601.97,1601.95,1601.97,0.0,28.95,46215.36,1
2026-03-16,2026-03-16 12:58:00,1601.97,1601.98,1601.97,1601.98,0.0,28.95,46215.36,1
2026-03-16,2026-03-16 12:59:00,1601.98,1602.0,1601.98,1602.0,0.0,28.95,46215.36,1
2026-03-16,2026-03-16 13:00:00,1602.0,1620.0,1580.0,1602.02,0.0,28.95,46215.36,1
2026-03-16,2026-03-16 13:01:00,1602.02,1602.03,1602.02,1602.03,0.0,28.95,46215.36,1
2026-03-16,2026-03-16 13:02:00,1602.03,1602.05,1602.03,1602.05,0.0,28.95,46215.36,1
2026-03-16,2026-03-16 13:03:00,1602.05,1602.07,1602.05,1602.07,0.0,28.95,46215.36,1
2026-03-16,2026-03-16 13:04:00,1602.07,1602.08,1602.07,1602.08,0.0,28.95,46215.36,1
2026-03-16,2026-03-16 13:05:00,1602.08,1602.1,1602.08,1602.1,0.0,28.95,46215.36,1
2026-03-16,2026-03-16 13:06:00,1602.1,1602.12,1602.1,1602.12,0.0,28.95,46215.36,1
2026-03-16,2026-03-16 13:07:00,1602.12,1602.13,1602.12,1602.13,0.0,28.95,46215.36,1
2026-03-16,2026-03-16 13:08:00,1602.13,1602.15,1602.13,1602.15,0.0,28.95,46215.36,1
2026-03-16,2026-03-16 13:09:00,1602.15,1602.17,1602.15,1602.17,0.0,28.95,46215.36,1
2026-03-16,2026-03-16 13:10:00,1602.17,1602.18,1602.17,1602.18,0.0,28.95,46215.36,1
2026-03-16,2026-03-16 13:11:00,1602.18,1602.2,1602.18,1602.2,0.0,28.95,46215.36,1
2026-03-16,2026-03-16 13:12:00,1602.2,1602.22,1602.2,1602.22,0.0,28.95,46215.36,1
2026-03-16,2026-03-16 13:13:00,1602.22,1602.23,1602.22,1602.23,0.0,28.95,46215.36,1
2026-03-16,2026-03-16 13:14:00,1602.23,1602.25,1602.23,1602.25,0.0,28.95,46215.36,1
2026-03-16,2026-03-16 13:15:00,1602.25,1602.27,1602.25,1602.27,0.0,28.95,46215.36,1
2026-03-16,2026-03-16 13:16:00,1602.27,1602.28,1602.27,1602.28,0.0,28.95,46215.36,1
2026-03-16,2026-03-16 13:17:00,1602.28,1602.3,1602.28,1602.3,0.0,28.95,46215.36,1
2026-03-16,2026-03-16 13:18:00,1602.3,1602.32,1602.3,1602.32,0.0,28.95,46215.36,1
2026-03-16,2026-03-16 13:19:00,1602.32,1602.33,1602.32,1602.33,0.0,28.95,46215.36,1
2026-03-16,2026-03-16 13:20:00,1602.33,1602.35,1602.33,1602.35,0.0,28.95,46215.36,1
2026-03-16,2026-03-16 13:21:00,1602.35,1602.37,1602.35,1602.37,0.0,28.95,46215.36,1
2026-03-16,2026-03-16 13:22:00,1602.37,1602.38,1602.37,1602.38,0.0,28.95,46215.36,1
2026-03-16,2026-03-16 13:23:00,1602.38,1602.4,1602.38,1602.4,0.0,28.95,46215.36,1
2026-03-16,2026-03-16 13:24:00,1602.4,1602.42,1602.4,1602.42,0.0,28.95,46215.36,1
2026-03-16,2026-03-16 13:25:00,1602.42,1602.43,1602.42,1602.43,0.0,28.95,46215.36,1
2026-03-16,2026-03-16 13:26:00,1602.43,1602.45,1602.43,1602.45,0.0,28.95,46215.36,1
2026-03-16,2026-03-16 13:27:00,1602.45,1602.47,1602.45,1602.47,0.0,28.95,46215.36,1
2026-03-16,2026-03-16 13:28:00,1602.47,1602.48,1602.47,1602.48,0.0,28.95,46215.36,1
2026-03-16,2026-03-16 13:29:00,1602.48,1602.5,1602.48,1602.5,0.0,28.95,46215.36,1
2026-03-16,2026-03-16 13:30:00,1602.5,1602.52,1602.5,1602.52,0.0,28.95,46215.36,1
2026-03-16,2026-03-16 13:31:00,1602.52,1602.53,1602.52,1602.53,0.0,28.95,46215.36,1
2026-03-16,2026-03-16 13:32:00,1602.53,1602.55,1602.53,1602.55,0.0,28.95,46215.36,1
2026-03-16,2026-03-16 13:33:00,1602.55,1602.57,1602.55,1602.57,0.0,28.95,46215.36,1
2026-03-16,2026-03-16 13:34:00,1602.57,1602.58,1602.57,1602.58,0.0,28.95,46215.36,1
2026-03-16,2026-03-16 13:35:00,1602.58,1602.6,1602.58,1602.6,0.0,28.95,46215.36,1
2026-03-16,2026-03-16 13:36:00,1602.6,1602.62,1602.6,1602.62,0.0,28.95,46215.36,1
2026-03-16,2026-03-16 13:37:00,1602.62,1602.63,1602.62,1602.63,0.0,28.95,46215.36,1
2026-03-16,2026-03-16 13:38:00,1602.63,1602.65,1602.63,1602.65,0.0,28.95,46215.36,1
2026-03-16,2026-03-16 13:39:00,1602.65,1602.67,1602.65,1602.67,0.0,28.95,46215.36,1
2026-03-16,2026-03-16 13:40:00,1602.67,1602.68,1602.67,1602.68,0.0,28.95,46215.36,1
2026-03-16,2026-03-16 13:41:00,1602.68,1602.7,1602.68,1602.7,0.0,28.95,46215.36,1
2026-03-16,2026-03-16 13:42:00,1602.7,1602.72,1602.7,1602.72,0.0,28.95,46215.36,1
2026-03-16,2026-03-16 13:43:00,1602.72,1602.73,1602.72,1602.73,0.0,28.95,46215.36,1
2026-03-16,2026-03-16 13:44:00,1602.73,1602.75,1602.73,1602.75,0.0,28.95,46215.36,1
2026-03-16,2026-03-16 13:45:00,1602.75,1602.77,1602.75,1602.77,0.0,28.95,46215.36,1
2026-03-16,2026-03-16 13:46:00,1602.77,1602.78,1602.77,1602.78,0.0,28.95,46215.36,1
2026-03-16,2026-03-16 13:47:00,1602.78,1602.8,1602.78,1602.8,0.0,28.95,46215.36,1
2026-03-16,2026-03-16 13:48:00,1602.8,1602.82,1602.8,1602.82,0.0,28.95,46215.36,1
2026-03-16,2026-03-16 13:49:00,1602.82,1602.83,1602.82,1602.83,0.0,28.95,46215.36,1
2026-03-16,2026-03-16 13:50:00,1602.83,1602.85,1602.83,1602.85,0.0,28.95,46215.36,1
2026-03-16,2026-03-16 13:51:00,1602.85,1602.87,1602.85,1602.87,0.0,28.95,46215.36,1
2026-03-16,2026-03-16 13:52:00,1602.87,1602.88,1602.87,1602.88,0.0,28.95,46215.36,1
2026-03-16,2026-03-16 13:53:00,1602.88,1602.9,1602.88,1602.9,0.0,28.95,46215.36,1
2026-03-16,2026-03-16 13:54:00,1602.9,1602.92,1602.9,1602.92,0.0,28.95,46215.36,1
2026-03-16,2026-03-16 13:55:00,1602.92,1602.93,1602.92,1602.93,0.0,28.95,46215.36,1
2026-03-16,2026-03-16 13:56:00,1602.93,1602.95,1602.93,1602.95,0.0,28.95,46215.36,1
2026-03-16,2026-03-16 13:57:00,1602.95,1602.97,1602.95,1602.97,0.0,28.95,46215.36,1
2026-03-16,2026-03-16 13:58:00,1602.97,1602.98,1602.97,1602.98,0.0,28.95,46215.36,1
2026-03-16,2026-03-16 13:59:00,1602.98,1603.0,1602.98,1603.0,0.0,28.95,46215.36,1
2026-03-16,2026-03-16 14:00:00,1603.0,1603.02,1603.0,1603.02,0.0,28.95,46215.36,1
2026-03-16,2026-03-16 14:01:00,1603.02,1603.03,1603.02,1603.03,0.0,28.95,46215.36,1
2026-03-16,2026-03-16 14:02:00,1603.03,1603.05,1603.03,1603.05,0.0,28.95,46215.36,1
2026-03-16,2026-03-16 14:03:00,1603.05,1603.07,1603.05,1603.07,0.0,28.95,46215.36,1
2026-03-16,2026-03-16 14:04:00,1603.07,1603.08,1603.07,1603.08,0.0,28.95,46215.36,1
2026-03-16,2026-03-16 14:05:00,1603.08,1603.1,1603.08,1603.1,0.0,28.95,46215.36,1
2026-03-16,2026-03-16 14:06:00,1603.1,1603.12,1603.1,1603.12,0.0,28.95,46215.36,1
2026-03-16,2026-03-16 14:07:00,1603.12,1603.13,1603.12,1603.13,0.0,28.95,46215.36,1
2026-03-16,2026-03-16 14:08:00,1603.13,1603.15,1603.13,1603.15,0.0,28.95,46215.36,1
2026-03-16,2026-03-16 14:09:00,1603.15,1603.17,1603.15,1603.17,0.0,28.95,46215.36,1
2026-03-16,2026-03-16 14:10:00,1603.17,1603.18,1603.17,1603.18,0.0,28.95,46215.36,1
2026-03-16,2026-03-16 14:11:00,1603.18,1603.2,1603.18,1603.2,0.0,28.95,46215.36,1
2026-03-16,2026-03-16 14:12:00,1603.2,1603.22,1603.2,1603.22,0.0,28.95,46215.36,1
2026-03-16,2026-03-16 14:13:00,1603.22,1603.23,1603.22,1603.23,0.0,28.95,46215.36,1
2026-03-16,2026-03-16 14:14:00,1603.23,1603.25,1603.23,1603.25,0.0,28.95,46215.36,1
2026-03-16,2026-03-16 14:15:00,1603.25,1603.27,1603.25,1603.27,0.0,28.95,46215.36,1
2026-03-16,2026-03-16 14:16:00,1603.27,1603.28,1603.27,1603.28,0.0,28.95,46215.36,1
2026-03-16,2026-03-16 14:17:00,1603.28,1603.3,1603.28,1603.3,0.0,28.95,46215.36,1
2026-03-16,2026-03-16 14:18:00,1603.3,1603.32,1603.3,1603.32,0.0,28.95,46215.36,1
2026-03-16,2026-03-16 14:19:00,1603.32,1603.33,1603.32,1603.33,0.0,28.95,46215.36,1
2026-03-16,2026-03-16 14:20:00,1603.33,1603.35,1603.33,1603.35,0.0,28.95,46215.36,1
2026-03-16,2026-03-16 14:21:00,1603.35,1603.37,1603.35,1603.37,0.0,28.95,46215.36,1
2026-03-16,2026-03-16 14:22:00,1603.37,1603.38,1603.37,1603.38,0.0,28.95,46215.36,1
2026-03-16,2026-03-16 14:23:00,1603.38,1603.4,1603.38,1603.4,0.0,28.95,46215.36,1
2026-03-16,2026-03-16 14:24:00,1603.4,1603.42,1603.4,1603.42,0.0,28.95,46215.36,1
2026-03-16,2026-03-16 14:25:00,1603.42,1603.43,1603.42,1603.43,0.0,28.95,46215.36,1
2026-03-16,2026-03-16 14:26:00,1603.43,1603.45,1603.43,1603.45,0.0,28.95,46215.36,1
2026-03-16,2026-03-16 14:27:00,1603.45,1603.47,1603.45,1603.47,0.0,28.95,46215.36,1
2026-03-16,2026-03-16 14:28:00,1603.47,1603.48,1603.47,1603.48,0.0,28.95,46215.36,1
2026-03-16,2026-03-16 14:29:00,1603.48,1603.5,1603.48,1603.5,0.0,28.95,46215.36,1
2026-03-16,2026-03-16 14:30:00,1603.5,1603.52,1603.5,1603.52,0.0,28.95,46215.36,1
2026-03-16,2026-03-16 14:31:00,1603.52,1603.53,1603.52,1603.53,0.0,28.95,46215.36,1
2026-03-16,2026-03-16 14:32:00,1603.53,1603.55,1603.53,1603.55,0.0,28.95,46215.36,1
2026-03-16,2026-03-16 14:33:00,1603.55,1603.57,1603.55,1603.57,0.0,28.95,46215.36,1
2026-03-16,2026-03-16 14:34:00,1603.57,1603.58,1603.57,1603.58,0.0,28.95,46215.36,1
2026-03-16,2026-03-16 14:35:00,1603.58,1603.6,1603.58,1603.6,0.0,28.95,46215.36,1
2026-03-16,2026-03-16 14:36:00,1603.6,1603.62,1603.6,1603.62,0.0,28.95,46215.36,1
2026-03-16,2026-03-16 14:37:00,1603.62,1603.63,1603.62,1603.63,0.0,28.95,46215.36,1
2026-03-16,2026-03-16 14:38:00,1603.63,1603.65,1603.63,1603.65,0.0,28.95,46215.36,1
2026-03-16,2026-03-16 14:39:00,1603.65,1603.67,1603.65,1603.67,0.0,28.95,46215.36,1
2026-03-16,2026-03-16 14:40:00,1603.67,1603.68,1603.67,1603.68,0.0,28.95,46215.36,1
2026-03-16,2026-03-16 14:41:00,1603.68,1603.7,1603.68,1603.7,0.0,28.95,46215.36,1
2026-03-16,2026-03-16 14:42:00,1603.7,1603.72,1603.7,1603.72,0.0,28.95,46215.36,1
2026-03-16,2026-03-16 14:43:00,1603.72,1603.73,1603.72,1603.73,0.0,28.95,46215.36,1
2026-03-16,2026-03-16 14:44:00,1603.73,1603.75,1603.73,1603.75,0.0,28.95,46215.36,1
2026-03-16,2026-03-16 14:45:00,1603.75,1603.77,1603.75,1603.77,0.0,28.95,46215.36,1
2026-03-16,2026-03-16 14:46:00,1603.77,1603.78,1603.77,1603.78,0.0,28.95,46215.36,1
2026-03-16,2026-03-16 14:47:00,1603.78,1603.8,1603.78,1603.8,0.0,28.95,46215.36,1
2026-03-16,2026-03-16 14:48:00,1603.8,1603.82,1603.8,1603.82,0.0,28.95,46215.36,1
2026-03-16,2026-03-16 14:49:00,1603.82,1603.83,1603.82,1603.83,0.0,28.95,46215.36,1
2026-03-16,2026-03-16 14:50:00,1603.83,1603.85,1603.83,1603.85,0.0,28.95,46215.36,1
2026-03-16,2026-03-16 14:51:00,1603.85,1603.87,1603.85,1603.87,0.0,28.95,46215.36,1
2026-03-16,2026-03-16 14:52:00,1603.87,1603.88,1603.87,1603.88,0.0,28.95,46215.36,1
2026-03-16,2026-03-16 14:53:00,1603.88,1603.9,1603.88,1603.9,0.0,28.95,46215.36,1
2026-03-16,2026-03-16 14:54:00,1603.9,1603.92,1603.9,1603.92,0.0,28.95,46215.36,1
2026-03-16,2026-03-16 14:55:00,1603.92,1603.93,1603.92,1603.93,0.0,28.95,46215.36,1
2026-03-16,2026-03-16 14:56:00,1603.93,1603.95,1603.93,1603.95,0.0,28.95,46215.36,1
2026-03-16,2026-03-16 14:57:00,1603.95,1603.97,1603.95,1603.97,0.0,28.95,46215.36,1
2026-03-16,2026-03-16 14:58:00,1603.97,1603.98,1603.97,1603.98,0.0,28.95,46215.36,1
2026-03-16,2026-03-16 14:59:00,1603.98,1604.0,1603.98,1604.0,0.0,28.95,46215.36,1
2026-03-16,2026-03-16 15:00:00,1604.0,1620.0,1580.0,1604.0,0.0,28.95,46215.36,0
2026-03-17,2026-03-17 11:00:00,1604.0,1605.05,1596.8,1603.98,-0.0,5.16,8224.17,-1
2026-03-17,2026-03-17 11:01:00,1603.98,1603.98,1603.97,1603.97,-0.0,5.16,8224.17,-1
2026-03-17,2026-03-17 11:02:00,1603.97,1603.97,1603.95,1603.95,-0.0,5.16,8224.17,-1
2026-03-17,2026-03-17 11:03:00,1603.95,1603.95,1603.93,1603.93,-0.0,5.16,8224.17,-1
2026-03-17,2026-03-17 11:04:00,1603.93,1603.93,1603.92,1603.92,-0.0,5.16,8224.17,-1
2026-03-17,2026-03-17 11:05:00,1603.92,1603.92,1603.9,1603.9,-0.0,5.16,8224.17,-1
2026-03-17,2026-03-17 11:06:00,1603.9,1603.9,1603.88,1603.88,-0.0,5.16,8224.17,-1
2026-03-17,2026-03-17 11:07:00,1603.88,1603.88,1603.87,1603.87,-0.0,5.16,8224.17,-1
2026-03-17,2026-03-17 11:08:00,1603.87,1603.87,1603.85,1603.85,-0.0,5.16,8224.17,-1
2026-03-17,2026-03-17 11:09:00,1603.85,1603.85,1603.83,1603.83,-0.0,5.16,8224.17,-1
2026-03-17,2026-03-17 11:10:00,1603.83,1603.83,1603.82,1603.82,-0.0,5.16,8224.17,-1
2026-03-17,2026-03-17 11:11:00,1603.82,1603.82,1603.8,1603.8,-0.0,5.16,8224.17,-1
2026-03-17,2026-03-17 11:12:00,1603.8,1603.8,1603.78,1603.78,-0.0,5.16,8224.17,-1
2026-03-17,2026-03-17 11:13:00,1603.78,1603.78,1603.77,1603.77,-0.0,5.16,8224.17,-1
2026-03-17,2026-03-17 11:14:00,1603.77,1603.77,1603.75,1603.75,-0.0,5.16,8224.17,-1
2026-03-17,2026-03-17 11:15:00,1603.75,1603.75,1603.73,1603.73,-0.0,5.16,8224.17,-1
2026-03-17,2026-03-17 11:16:00,1603.73,1603.73,1603.72,1603.72,-0.0,5.16,8224.17,-1
2026-03-17,2026-03-17 11:17:00,1603.72,1603.72,1603.7,1603.7,-0.0,5.16,8224.17,-1
2026-03-17,2026-03-17 11:18:00,1603.7,1603.7,1603.68,1603.68,-0.0,5.16,8224.17,-1
2026-03-17,2026-03-17 11:19:00,1603.68,1603.68,1603.67,1603.67,-0.0,5.16,8224.17,-1
2026-03-17,2026-03-17 11:20:00,1603.67,1603.67,1603.65,1603.65,-0.0,5.16,8224.17,-1
2026-03-17,2026-03-17 11:21:00,1603.65,1603.65,1603.63,1603.63,-0.0,5.16,8224.17,-1
2026-03-17,2026-03-17 11:22:00,1603.63,1603.63,1603.62,1603.62,-0.0,5.16,8224.17,-1
2026-03-17,2026-03-17 11:23:00,1603.62,1603.62,1603.6,1603.6,-0.0,5.16,8224.17,-1
2026-03-17,2026-03-17 11:24:00,1603.6,1603.6,1603.58,1603.58,-0.0,5.16,8224.17,-1
2026-03-17,2026-03-17 11:25:00,1603.58,1603.58,1603.57,1603.57,-0.0,5.16,8224.17,-1
2026-03-17,2026-03-17 11:26:00,1603.57,1603.57,1603.55,1603.55,-0.0,5.16,8224.17,-1
2026-03-17,2026-03-17 11:27:00,1603.55,1603.55,1603.53,1603.53,-0.0,5.16,8224.17,-1
2026-03-17,2026-03-17 11:28:00,1603.53,1603.53,1603.52,1603.52,-0.0,5.16,8224.17,-1
2026-03-17,2026-03-17 11:29:00,1603.52,1603.52,1603.5,1603.5,-0.0,5.16,8224.17,-1
2026-03-17,2026-03-17 11:30:00,1603.5,1603.5,1603.48,1603.48,-0.0,5.16,8224.17,-1
2026-03-17,2026-03-17 11:31:00,1603.48,1603.48,1603.47,1603.47,-0.0,5.16,8224.17,-1
2026-03-17,2026-03-17 11:32:00,1603.47,1603.47,1603.45,1603.45,-0.0,5.16,8224.17,-1
2026-03-17,2026-03-17 11:33:00,1603.45,1603.45,1603.43,1603.43,-0.0,5.16,8224.17,-1
2026-03-17,2026-03-17 11:34:00,1603.43,1603.43,1603.42,1603.42,-0.0,5.16,8224.17,-1
2026-03-17,2026-03-17 11:35:00,1603.42,1603.42,1603.4,1603.4,-0.0,5.16,8224.17,-1
2026-03-17,2026-03-17 11:36:00,1603.4,1603.4,1603.38,1603.38,-0.0,5.16,8224.17,-1
2026-03-17,2026-03-17 11:37:00,1603.38,1603.38,1603.37,1603.37,-0.0,5.16,8224.17,-1
2026-03-17,2026-03-17 11:38:00,1603.37,1603.37,1603.35,1603.35,-0.0,5.16,8224.17,-1
2026-03-17,2026-03-17 11:39:00,1603.35,1603.35,1603.33,1603.33,-0.0,5.16,8224.17,-1
2026-03-17,2026-03-17 11:40:00,1603.33,1603.33,1603.32,1603.32,-0.0,5.16,8224.17,-1
2026-03-17,2026-03-17 11:41:00,1603.32,1603.32,1603.3,1603.3,-0.0,5.16,8224.17,-1
2026-03-17,2026-03-17 11:42:00,1603.3,1603.3,1603.28,1603.28,-0.0,5.16,8224.17,-1
2026-03-17,2026-03-17 11:43:00,1603.28,1603.28,1603.27,1603.27,-0.0,5.16,8224.17,-1
2026-03-17,2026-03-17 11:44:00,1603.27,1603.27,1603.25,1603.25,-0.0,5.16,8224.17,-1
2026-03-17,2026-03-17 11:45:00,1603.25,1603.25,1603.23,1603.23,-0.0,5.16,8224.17,-1
2026-03-17,2026-03-17 11:46:00,1603.23,1603.23,1603.22,1603.22,-0.0,5.16,8224.17,-1
2026-03-17,2026-03-17 11:47:00,1603.22,1603.22,1603.2,1603.2,-0.0,5.16,8224.17,-1
2026-03-17,2026-03-17 11:48:00,1603.2,1603.2,1603.18,1603.18,-0.0,5.16,8224.17,-1
2026-03-17,2026-03-17 11:49:00,1603.18,1603.18,1603.17,1603.17,-0.0,5.16,8224.17,-1
2026-03-17,2026-03-17 11:50:00,1603.17,1603.17,1603.15,1603.15,-0.0,5.16,8224.17,-1
2026-03-17,2026-03-17 11:51:00,1603.15,1603.15,1603.13,1603.13,-0.0,5.16,8224.17,-1
2026-03-17,2026-03-17 11:52:00,1603.13,1603.13,1603.12,1603.12,-0.0,5.16,8224.17,-1
2026-03-17,2026-03-17 11:53:00,1603.12,1603.12,1603.1,1603.1,-0.0,5.16,8224.17,-1
2026-03-17,2026-03-17 11:54:00,1603.1,1603.1,1603.08,1603.08,-0.0,5.16,8224.17,-1
2026-03-17,2026-03-17 11:55:00,1603.08,1603.08,1603.07,1603.07,-0.0,5.16,8224.17,-1
2026-03-17,2026-03-17 11:56:00,1603.07,1603.07,1603.05,1603.05,-0.0,5.16,8224.17,-1
2026-03-17,2026-03-17 11:57:00,1603.05,1603.05,1603.03,1603.03,-0.0,5.16,8224.17,-1
2026-03-17,2026-03-17 11:58:00,1603.03,1603.03,1603.02,1603.02,-0.0,5.16,8224.17,-1
2026-03-17,2026-03-17 11:59:00,1603.02,1603.02,1603.0,1603.0,-0.0,5.16,8224.17,-1
2026-03-17,2026-03-17 12:00:00,1603.0,1603.0,1602.98,1602.98,-0.0,5.16,8224.17,-1
2026-03-17,2026-03-17 12:01:00,1602.98,1602.98,1602.97,1602.97,-0.0,5.16,8224.17,-1
2026-03-17,2026-03-17 12:02:00,1602.97,1602.97,1602.95,1602.95,-0.0,5.16,8224.17,-1
2026-03-17,2026-03-17 12:03:00,1602.95,1602.95,1602.93,1602.93,-0.0,5.16,8224.17,-1
2026-03-17,2026-03-17 12:04:00,1602.93,1602.93,1602.92,1602.92,-0.0,5.16,8224.17,-1
2026-03-17,2026-03-17 12:05:00,1602.92,1602.92,1602.9,1602.9,-0.0,5.16,8224.17,-1
2026-03-17,2026-03-17 12:06:00,1602.9,1602.9,1602.88,1602.88,-0.0,5.16,8224.17,-1
2026-03-17,2026-03-17 12:07:00,1602.88,1602.88,1602.87,1602.87,-0.0,5.16,8224.17,-1
2026-03-17,2026-03-17 12:08:00,1602.87,1602.87,1602.85,1602.85,-0.0,5.16,8224.17,-1
2026-03-17,2026-03-17 12:09:00,1602.85,1602.85,1602.83,1602.83,-0.0,5.16,8224.17,-1
2026-03-17,2026-03-17 12:10:00,1602.83,1602.83,1602.82,1602.82,-0.0,5.16,8224.17,-1
2026-03-17,2026-03-17 12:11:00,1602.82,1602.82,1602.8,1602.8,-0.0,5.16,8224.17,-1
2026-03-17,2026-03-17 12:12:00,1602.8,1602.8,1602.78,1602.78,-0.0,5.16,8224.17,-1
2026-03-17,2026-03-17 12:13:00,1602.78,1602.78,1602.77,1602.77,-0.0,5.16,8224.17,-1
2026-03-17,2026-03-17 12:14:00,1602.77,1602.77,1602.75,1602.75,-0.0,5.16,8224.17,-1
2026-03-17,2026-03-17 12:15:00,1602.75,1602.75,1602.73,1602.73,-0.0,5.16,8224.17,-1
2026-03-17,2026-03-17 12:16:00,1602.73,1602.73,1602.72,1602.72,-0.0,5.16,8224.17,-1
2026-03-17,2026-03-17 12:17:00,1602.72,1602.72,1602.7,1602.7,-0.0,5.16,8224.17,-1
2026-03-17,2026-03-17 12:18:00,1602.7,1602.7,1602.68,1602.68,-0.0,5.16,8224.17,-1
2026-03-17,2026-03-17 12:19:00,1602.68,1602.68,1602.67,1602.67,-0.0,5.16,8224.17,-1
2026-03-17,2026-03-17 12:20:00,1602.67,1602.67,1602.65,1602.65,-0.0,5.16,8224.17,-1
2026-03-17,2026-03-17 12:21:00,1602.65,1602.65,1602.63,1602.63,-0.0,5.16,8224.17,-1
2026-03-17,2026-03-17 12:22:00,1602.63,1602.63,1602.62,1602.62,-0.0,5.16,8224.17,-1
2026-03-17,2026-03-17 12:23:00,1602.62,1602.62,1602.6,1602.6,-0.0,5.16,8224.17,-1
2026-03-17,2026-03-17 12:24:00,1602.6,1602.6,1602.58,1602.58,-0.0,5.16,8224.17,-1
2026-03-17,2026-03-17 12:25:00,1602.58,1602.58,1602.57,1602.57,-0.0,5.16,8224.17,-1
2026-03-17,2026-03-17 12:26:00,1602.57,1602.57,1602.55,1602.55,-0.0,5.16,8224.17,-1
2026-03-17,2026-03-17 12:27:00,1602.55,1602.55,1602.53,1602.53,-0.0,5.16,8224.17,-1
2026-03-17,2026-03-17 12:28:00,1602.53,1602.53,1602.52,1602.52,-0.0,5.16,8224.17,-1
2026-03-17,2026-03-17 12:29:00,1602.52,1602.52,1602.5,1602.5,-0.0,5.16,8224.17,-1
2026-03-17,2026-03-17 12:30:00,1602.5,1602.5,1602.48,1602.48,-0.0,5.16,8224.17,-1
2026-03-17,2026-03-17 12:31:00,1602.48,1602.48,1602.47,1602.47,-0.0,5.16,8224.17,-1
2026-03-17,2026-03-17 12:32:00,1602.47,1602.47,1602.45,1602.45,-0.0,5.16,8224.17,-1
2026-03-17,2026-03-17 12:33:00,1602.45,1602.45,1602.43,1602.43,-0.0,5.16,8224.17,-1
2026-03-17,2026-03-17 12:34:00,1602.43,1602.43,1602.42,1602.42,-0.0,5.16,8224.17,-1
2026-03-17,2026-03-17 12:35:00,1602.42,1602.42,1602.4,1602.4,-0.0,5.16,8224.17,-1
2026-03-17,2026-03-17 12:36:00,1602.4,1602.4,1602.38,1602.38,-0.0,5.16,8224.17,-1
2026-03-17,2026-03-17 12:37:00,1602.38,1602.38,1602.37,1602.37,-0.0,5.16,8224.17,-1
2026-03-17,2026-03-17 12:38:00,1602.37,1602.37,1602.35,1602.35,-0.0,5.16,8224.17,-1
2026-03-17,2026-03-17 12:39:00,1602.35,1602.35,1602.33,1602.33,-0.0,5.16,8224.17,-1
2026-03-17,2026-03-17 12:40:00,1602.33,1602.33,1602.32,1602.32,-0.0,5.16,8224.17,-1
2026-03-17,2026-03-17 12:41:00,1602.32,1602.32,1602.3,1602.3,-0.0,5.16,8224.17,-1
2026-03-17,2026-03-17 12:42:00,1602.3,1602.3,1602.28,1602.28,-0.0,5.16,8224.17,-1
2026-03-17,2026-03-17 12:43:00,1602.28,1602.28,1602.27,1602.27,-0.0,5.16,8224.17,-1
2026-03-17,2026-03-17 12:44:00,1602.27,1602.27,1602.25,1602.25,-0.0,5.16,8224.17,-1
2026-03-17,2026-03-17 12:45:00,1602.25,1602.25,1602.23,1602.23,-0.0,5.16,8224.17,-1
2026-03-17,2026-03-17 12:46:00,1602.23,1602.23,1602.22,1602.22,-0.0,5.16,8224.17,-1
2026-03-17,2026-03-17 12:47:00,1602.22,1602.22,1602.2,1602.2,-0.0,5.16,8224.17,-1
2026-03-17,2026-03-17 12:48:00,1602.2,1602.2,1602.18,1602.18,-0.0,5.16,8224.17,-1
2026-03-17,2026-03-17 12:49:00,1602.18,1602.18,1602.17,1602.17,-0.0,5.16,8224.17,-1
2026-03-17,2026-03-17 12:50:00,1602.17,1602.17,1602.15,1602.15,-0.0,5.16,8224.17,-1
2026-03-17,2026-03-17 12:51:00,1602.15,1602.15,1602.13,1602.13,-0.0,5.16,8224.17,-1
2026-03-17,2026-03-17 12:52:00,1602.13,1602.13,1602.12,1602.12,-0.0,5.16,8224.17,-1
2026-03-17,2026-03-17 12:53:00,1602.12,1602.12,1602.1,1602.1,-0.0,5.16,8224.17,-1
2026-03-17,2026-03-17 12:54:00,1602.1,1602.1,1602.08,1602.08,-0.0,5.16,8224.17,-1
2026-03-17,2026-03-17 12:55:00,1602.08,1602.08,1602.07,1602.07,-0.0,5.16,8224.17,-1
2026-03-17,2026-03-17 12:56:00,1602.07,1602.07,1602.05,1602.05,-0.0,5.16,8224.17,-1
2026-03-17,2026-03-17 12:57:00,1602.05,1602.05,1602.03,1602.03,-0.0,5.16,8224.17,-1
2026-03-17,2026-03-17 12:58:00,1602.03,1602.03,1602.02,1602.02,-0.0,5.16,8224.17,-1
2026-03-17,2026-03-17 12:59:00,1602.02,1602.02,1602.0,1602.0,-0.0,5.16,8224.17,-1
2026-03-17,2026-03-17 13:00:00,1602.0,1607.5,1580.0,1601.98,-0.0,5.16,8224.17,-1
2026-03-17,2026-03-17 13:01:00,1601.98,1601.98,1601.97,1601.97,-0.0,5.16,8224.17,-1
2026-03-17,2026-03-17 13:02:00,1601.97,1601.97,1601.95,1601.95,-0.0,5.16,8224.17,-1
2026-03-17,2026-03-17 13:03:00,1601.95,1601.95,1601.93,1601.93,-0.0,5.16,8224.17,-1
2026-03-17,2026-03-17 13:04:00,1601.93,1601.93,1601.92,1601.92,-0.0,5.16,8224.17,-1
2026-03-17,2026-03-17 13:05:00,1601.92,1601.92,1601.9,1601.9,-0.0,5.16,8224.17,-1
2026-03-17,2026-03-17 13:06:00,1601.9,1601.9,1601.88,1601.88,-0.0,5.16,8224.17,-1
2026-03-17,2026-03-17 13:07:00,1601.88,1601.88,1601.87,1601.87,-0.0,5.16,8224.17,-1
2026-03-17,2026-03-17 13:08:00,1601.87,1601.87,1601.85,1601.85,-0.0,5.16,8224.17,-1
2026-03-17,2026-03-17 13:09:00,1601.85,1601.85,1601.83,1601.83,-0.0,5.16,8224.17,-1
2026-03-17,2026-03-17 13:10:00,1601.83,1601.83,1601.82,1601.82,-0.0,5.16,8224.17,-1
2026-03-17,2026-03-17 13:11:00,1601.82,1601.82,1601.8,1601.8,-0.0,5.16,8224.17,-1
2026-03-17,2026-03-17 13:12:00,1601.8,1601.8,1601.78,1601.78,-0.0,5.16,8224.17,-1
2026-03-17,2026-03-17 13:13:00,1601.78,1601.78,1601.77,1601.77,-0.0,5.16,8224.17,-1
2026-03-17,2026-03-17 13:14:00,1601.77,1601.77,1601.75,1601.75,-0.0,5.16,8224.17,-1
2026-03-17,2026-03-17 13:15:00,1601.75,1601.75,1601.73,1601.73,-0.0,5.16,8224.17,-1
2026-03-17,2026-03-17 13:16:00,1601.73,1601.73,1601.72,1601.72,-0.0,5.16,8224.17,-1
2026-03-17,2026-03-17 13:17:00,1601.72,1601.72,1601.7,1601.7,-0.0,5.16,8224.17,-1
2026-03-17,2026-03-17 13:18:00,1601.7,1601.7,1601.68,1601.68,-0.0,5.16,8224.17,-1
2026-03-17,2026-03-17 13:19:00,1601.68,1601.68,1601.67,1601.67,-0.0,5.16,8224.17,-1
2026-03-17,2026-03-17 13:20:00,1601.67,1601.67,1601.65,1601.65,-0.0,5.16,8224.17,-1
2026-03-17,2026-03-17 13:21:00,1601.65,1601.65,1601.63,1601.63,-0.0,5.16,8224.17,-1
2026-03-17,2026-03-17 13:22:00,1601.63,1601.63,1601.62,1601.62,-0.0,5.16,8224.17,-1
2026-03-17,2026-03-17 13:23:00,1601.62,1601.62,1601.6,1601.6,-0.0,5.16,8224.17,-1
2026-03-17,2026-03-17 13:24:00,1601.6,1601.6,1601.58,1601.58,-0.0,5.16,8224.17,-1
2026-03-17,2026-03-17 13:25:00,1601.58,1601.58,1601.57,1601.57,-0.0,5.16,8224.17,-1
2026-03-17,2026-03-17 13:26:00,1601.57,1601.57,1601.55,1601.55,-0.0,5.16,8224.17,-1
2026-03-17,2026-03-17 13:27:00,1601.55,1601.55,1601.53,1601.53,-0.0,5.16,8224.17,-1
2026-03-17,2026-03-17 13:28:00,1601.53,1601.53,1601.52,1601.52,-0.0,5.16,8224.17,-1
2026-03-17,2026-03-17 13:29:00,1601.52,1601.52,1601.5,1601.5,-0.0,5.16,8224.17,-1
2026-03-17,2026-03-17 13:30:00,1601.5,1601.5,1601.48,1601.48,-0.0,5.16,8224.17,-1
2026-03-17,2026-03-17 13:31:00,1601.48,1601.48,1601.47,1601.47,-0.0,5.16,8224.17,-1
2026-03-17,2026-03-17 13:32:00,1601.47,1601.47,1601.45,1601.45,-0.0,5.16,8224.17,-1
2026-03-17,2026-03-17 13:33:00,1601.45,1601.45,1601.43,1601.43,-0.0,5.16,8224.17,-1
2026-03-17,2026-03-17 13:34:00,1601.43,1601.43,1601.42,1601.42,-0.0,5.16,8224.17,-1
2026-03-17,2026-03-17 13:35:00,1601.42,1601.42,1601.4,1601.4,-0.0,5.16,8224.17,-1
2026-03-17,2026-03-17 13:36:00,1601.4,1601.4,1601.38,1601.38,-0.0,5.16,8224.17,-1
2026-03-17,2026-03-17 13:37:00,1601.38,1601.38,1601.37,1601.37,-0.0,5.16,8224.17,-1
2026-03-17,2026-03-17 13:38:00,1601.37,1601.37,1601.35,1601.35,-0.0,5.16,8224.17,-1
2026-03-17,2026-03-17 13:39:00,1601.35,1601.35,1601.33,1601.33,-0.0,5.16,8224.17,-1
2026-03-17,2026-03-17 13:40:00,1601.33,1601.33,1601.32,1601.32,-0.0,5.16,8224.17,-1
2026-03-17,2026-03-17 13:41:00,1601.32,1601.32,1601.3,1601.3,-0.0,5.16,8224.17,-1
2026-03-17,2026-03-17 13:42:00,1601.3,1601.3,1601.28,1601.28,-0.0,5.16,8224.17,-1
2026-03-17,2026-03-17 13:43:00,1601.28,1601.28,1601.27,1601.27,-0.0,5.16,8224.17,-1
2026-03-17,2026-03-17 13:44:00,1601.27,1601.27,1601.25,1601.25,-0.0,5.16,8224.17,-1
2026-03-17,2026-03-17 13:45:00,1601.25,1601.25,1601.23,1601.23,-0.0,5.16,8224.17,-1
2026-03-17,2026-03-17 13:46:00,1601.23,1601.23,1601.22,1601.22,-0.0,5.16,8224.17,-1
2026-03-17,2026-03-17 13:47:00,1601.22,1601.22,1601.2,1601.2,-0.0,5.16,8224.17,-1
2026-03-17,2026-03-17 13:48:00,1601.2,1601.2,1601.18,1601.18,-0.0,5.16,8224.17,-1
2026-03-17,2026-03-17 13:49:00,1601.18,1601.18,1601.17,1601.17,-0.0,5.16,8224.17,-1
2026-03-17,2026-03-17 13:50:00,1601.17,1601.17,1601.15,1601.15,-0.0,5.16,8224.17,-1
2026-03-17,2026-03-17 13:51:00,1601.15,1601.15,1601.13,1601.13,-0.0,5.16,8224.17,-1
2026-03-17,2026-03-17 13:52:00,1601.13,1601.13,1601.12,1601.12,-0.0,5.16,8224.17,-1
2026-03-17,2026-03-17 13:53:00,1601.12,1601.12,1601.1,1601.1,-0.0,5.16,8224.17,-1
2026-03-17,2026-03-17 13:54:00,1601.1,1601.1,1601.08,1601.08,-0.0,5.16,8224.17,-1
2026-03-17,2026-03-17 13:55:00,1601.08,1601.08,1601.07,1601.07,-0.0,5.16,8224.17,-1
2026-03-17,2026-03-17 13:56:00,1601.07,1601.07,1601.05,1601.05,-0.0,5.16,8224.17,-1
2026-03-17,2026-03-17 13:57:00,1601.05,1601.05,1601.03,1601.03,-0.0,5.16,8224.17,-1
2026-03-17,2026-03-17 13:58:00,1601.03,1601.03,1601.02,1601.02,-0.0,5.16,8224.17,-1
2026-03-17,2026-03-17 13:59:00,1601.02,1601.02,1601.0,1601.0,-0.0,5.16,8224.17,-1
2026-03-17,2026-03-17 14:00:00,1601.0,1601.0,1600.98,1600.98,-0.0,5.16,8224.17,-1
2026-03-17,2026-03-17 14:01:00,1600.98,1600.98,1600.97,1600.97,-0.0,5.16,8224.17,-1
2026-03-17,2026-03-17 14:02:00,1600.97,1600.97,1600.95,1600.95,-0.0,5.16,8224.17,-1
2026-03-17,2026-03-17 14:03:00,1600.95,1600.95,1600.93,1600.93,-0.0,5.16,8224.17,-1
2026-03-17,2026-03-17 14:04:00,1600.93,1600.93,1600.92,1600.92,-0.0,5.16,8224.17,-1
2026-03-17,2026-03-17 14:05:00,1600.92,1600.92,1600.9,1600.9,-0.0,5.16,8224.17,-1
2026-03-17,2026-03-17 14:06:00,1600.9,1600.9,1600.88,1600.88,-0.0,5.16,8224.17,-1
2026-03-17,2026-03-17 14:07:00,1600.88,1600.88,1600.87,1600.87,-0.0,5.16,8224.17,-1
2026-03-17,2026-03-17 14:08:00,1600.87,1600.87,1600.85,1600.85,-0.0,5.16,8224.17,-1
2026-03-17,2026-03-17 14:09:00,1600.85,1600.85,1600.83,1600.83,-0.0,5.16,8224.17,-1
2026-03-17,2026-03-17 14:10:00,1600.83,1600.83,1600.82,1600.82,-0.0,5.16,8224.17,-1
2026-03-17,2026-03-17 14:11:00,1600.82,1600.82,1600.8,1600.8,-0.0,5.16,8224.17,-1
2026-03-17,2026-03-17 14:12:00,1600.8,1600.8,1600.78,1600.78,-0.0,5.16,8224.17,-1
2026-03-17,2026-03-17 14:13:00,1600.78,1600.78,1600.77,1600.77,-0.0,5.16,8224.17,-1
2026-03-17,2026-03-17 14:14:00,1600.77,1600.77,1600.75,1600.75,-0.0,5.16,8224.17,-1
2026-03-17,2026-03-17 14:15:00,1600.75,1600.75,1600.73,1600.73,-0.0,5.16,8224.17,-1
2026-03-17,2026-03-17 14:16:00,1600.73,1600.73,1600.72,1600.72,-0.0,5.16,8224.17,-1
2026-03-17,2026-03-17 14:17:00,1600.72,1600.72,1600.7,1600.7,-0.0,5.16,8224.17,-1
2026-03-17,2026-03-17 14:18:00,1600.7,1600.7,1600.68,1600.68,-0.0,5.16,8224.17,-1
2026-03-17,2026-03-17 14:19:00,1600.68,1600.68,1600.67,1600.67,-0.0,5.16,8224.17,-1
2026-03-17,2026-03-17 14:20:00,1600.67,1600.67,1600.65,1600.65,-0.0,5.16,8224.17,-1
2026-03-17,2026-03-17 14:21:00,1600.65,1600.65,1600.63,1600.63,-0.0,5.16,8224.17,-1
2026-03-17,2026-03-17 14:22:00,1600.63,1600.63,1600.62,1600.62,-0.0,5.16,8224.17,-1
2026-03-17,2026-03-17 14:23:00,1600.62,1600.62,1600.6,1600.6,-0.0,5.16,8224.17,-1
2026-03-17,2026-03-17 14:24:00,1600.6,1600.6,1600.58,1600.58,-0.0,5.16,8224.17,-1
2026-03-17,2026-03-17 14:25:00,1600.58,1600.58,1600.57,1600.57,-0.0,5.16,8224.17,-1
2026-03-17,2026-03-17 14:26:00,1600.57,1600.57,1600.55,1600.55,-0.0,5.16,8224.17,-1
2026-03-17,2026-03-17 14:27:00,1600.55,1600.55,1600.53,1600.53,-0.0,5.16,8224.17,-1
2026-03-17,2026-03-17 14:28:00,1600.53,1600.53,1600.52,1600.52,-0.0,5.16,8224.17,-1
2026-03-17,2026-03-17 14:29:00,1600.52,1600.52,1600.5,1600.5,-0.0,5.16,8224.17,-1
2026-03-17,2026-03-17 14:30:00,1600.5,1600.5,1600.48,1600.48,-0.0,5.16,8224.17,-1
2026-03-17,2026-03-17 14:31:00,1600.48,1600.48,1600.47,1600.47,-0.0,5.16,8224.17,-1
2026-03-17,2026-03-17 14:32:00,1600.47,1600.47,1600.45,1600.45,-0.0,5.16,8224.17,-1
2026-03-17,2026-03-17 14:33:00,1600.45,1600.45,1600.43,1600.43,-0.0,5.16,8224.17,-1
2026-03-17,2026-03-17 14:34:00,1600.43,1600.43,1600.42,1600.42,-0.0,5.16,8224.17,-1
2026-03-17,2026-03-17 14:35:00,1600.42,1600.42,1600.4,1600.4,-0.0,5.16,8224.17,-1
2026-03-17,2026-03-17 14:36:00,1600.4,1600.4,1600.38,1600.38,-0.0,5.16,8224.17,-1
2026-03-17,2026-03-17 14:37:00,1600.38,1600.38,1600.37,1600.37,-0.0,5.16,8224.17,-1
2026-03-17,2026-03-17 14:38:00,1600.37,1600.37,1600.35,1600.35,-0.0,5.16,8224.17,-1
2026-03-17,2026-03-17 14:39:00,1600.35,1600.35,1600.33,1600.33,-0.0,5.16,8224.17,-1
2026-03-17,2026-03-17 14:40:00,1600.33,1600.33,1600.32,1600.32,-0.0,5.16,8224.17,-1
2026-03-17,2026-03-17 14:41:00,1600.32,1600.32,1600.3,1600.3,-0.0,5.16,8224.17,-1
2026-03-17,2026-03-17 14:42:00,1600.3,1600.3,1600.28,1600.28,-0.0,5.16,8224.17,-1
2026-03-17,2026-03-17 14:43:00,1600.28,1600.28,1600.27,1600.27,-0.0,5.16,8224.17,-1
2026-03-17,2026-03-17 14:44:00,1600.27,1600.27,1600.25,1600.25,-0.0,5.16,8224.17,-1
2026-03-17,2026-03-17 14:45:00,1600.25,1600.25,1600.23,1600.23,-0.0,5.16,8224.17,-1
2026-03-17,2026-03-17 14:46:00,1600.23,1600.23,1600.22,1600.22,-0.0,5.16,8224.17,-1
2026-03-17,2026-03-17 14:47:00,1600.22,1600.22,1600.2,1600.2,-0.0,5.16,8224.17,-1
2026-03-17,2026-03-17 14:48:00,1600.2,1600.2,1600.18,1600.18,-0.0,5.16,8224.17,-1
2026-03-17,2026-03-17 14:49:00,1600.18,1600.18,1600.17,1600.17,-0.0,5.16,8224.17,-1
2026-03-17,2026-03-17 14:50:00,1600.17,1600.17,1600.15,1600.15,-0.0,5.16,8224.17,-1
2026-03-17,2026-03-17 14:51:00,1600.15,1600.15,1600.13,1600.13,-0.0,5.16,8224.17,-1
2026-03-17,2026-03-17 14:52:00,1600.13,1600.13,1600.12,1600.12,-0.0,5.16,8224.17,-1
2026-03-17,2026-03-17 14:53:00,1600.12,1600.12,1600.1,1600.1,-0.0,5.16,8224.17,-1
2026-03-17,2026-03-17 14:54:00,1600.1,1600.1,1600.08,1600.08,-0.0,5.16,8224.17,-1
2026-03-17,2026-03-17 14:55:00,1600.08,1600.08,1600.07,1600.07,-0.0,5.16,8224.17,-1
2026-03-17,2026-03-17 14:56:00,1600.07,1600.07,1600.05,1600.05,-0.0,5.16,8224.17,-1
2026-03-17,2026-03-17 14:57:00,1600.05,1600.05,1600.03,1600.03,-0.0,5.16,8224.17,-1
2026-03-17,2026-03-17 14:58:00,1600.03,1600.03,1600.02,1600.02,-0.0,5.16,8224.17,-1
2026-03-17,2026-03-17 14:59:00,1600.02,1600.02,1600.0,1600.0,-0.0,5.16,8224.17,-1
2026-03-17,2026-03-17 15:00:00,1600.0,1607.5,1580.0,1600.0,0.0,5.16,8224.17,0
2026-03-19,2026-03-19 11:00:00,1581.0,1588.5,1581.0,1581.1,0.01,9.07,14474.95,1
2026-03-19,2026-03-19 11:01:00,1581.1,1581.2,1581.1,1581.2,0.01,9.07,14474.95,1
2026-03-19,2026-03-19 11:02:00,1581.2,1581.3,1581.2,1581.3,0.01,9.07,14474.95,1
2026-03-19,2026-03-19 11:03:00,1581.3,1581.4,1581.3,1581.4,0.01,9.07,14474.95,1
2026-03-19,2026-03-19 11:04:00,1581.4,1581.5,1581.4,1581.5,0.01,9.07,14474.95,1
2026-03-19,2026-03-19 11:05:00,1581.5,1581.6,1581.5,1581.6,0.01,9.07,14474.95,1
2026-03-19,2026-03-19 11:06:00,1581.6,1581.7,1581.6,1581.7,0.01,9.07,14474.95,1
2026-03-19,2026-03-19 11:07:00,1581.7,1581.8,1581.7,1581.8,0.01,9.07,14474.95,1
2026-03-19,2026-03-19 11:08:00,1581.8,1581.9,1581.8,1581.9,0.01,9.07,14474.95,1
2026-03-19,2026-03-19 11:09:00,1581.9,1582.0,1581.9,1582.0,0.01,9.07,14474.95,1
2026-03-19,2026-03-19 11:10:00,1582.0,1582.1,1582.0,1582.1,0.01,9.07,14474.95,1
2026-03-19,2026-03-19 11:11:00,1582.1,1582.2,1582.1,1582.2,0.01,9.07,14474.95,1
2026-03-19,2026-03-19 11:12:00,1582.2,1582.3,1582.2,1582.3,0.01,9.07,14474.95,1
2026-03-19,2026-03-19 11:13:00,1582.3,1582.4,1582.3,1582.4,0.01,9.07,14474.95,1
2026-03-19,2026-03-19 11:14:00,1582.4,1582.5,1582.4,1582.5,0.01,9.07,14474.95,1
2026-03-19,2026-03-19 11:15:00,1582.5,1582.6,1582.5,1582.6,0.01,9.07,14474.95,1
2026-03-19,2026-03-19 11:16:00,1582.6,1582.7,1582.6,1582.7,0.01,9.07,14474.95,1
2026-03-19,2026-03-19 11:17:00,1582.7,1582.8,1582.7,1582.8,0.01,9.07,14474.95,1
2026-03-19,2026-03-19 11:18:00,1582.8,1582.9,1582.8,1582.9,0.01,9.07,14474.95,1
2026-03-19,2026-03-19 11:19:00,1582.9,1583.0,1582.9,1583.0,0.01,9.07,14474.95,1
2026-03-19,2026-03-19 11:20:00,1583.0,1583.1,1583.0,1583.1,0.01,9.07,14474.95,1
2026-03-19,2026-03-19 11:21:00,1583.1,1583.2,1583.1,1583.2,0.01,9.07,14474.95,1
2026-03-19,2026-03-19 11:22:00,1583.2,1583.3,1583.2,1583.3,0.01,9.07,14474.95,1
2026-03-19,2026-03-19 11:23:00,1583.3,1583.4,1583.3,1583.4,0.01,9.07,14474.95,1
2026-03-19,2026-03-19 11:24:00,1583.4,1583.5,1583.4,1583.5,0.01,9.07,14474.95,1
2026-03-19,2026-03-19 11:25:00,1583.5,1583.6,1583.5,1583.6,0.01,9.07,14474.95,1
2026-03-19,2026-03-19 11:26:00,1583.6,1583.7,1583.6,1583.7,0.01,9.07,14474.95,1
2026-03-19,2026-03-19 11:27:00,1583.7,1583.8,1583.7,1583.8,0.01,9.07,14474.95,1
2026-03-19,2026-03-19 11:28:00,1583.8,1583.9,1583.8,1583.9,0.01,9.07,14474.95,1
2026-03-19,2026-03-19 11:29:00,1583.9,1584.0,1583.9,1584.0,0.01,9.07,14474.95,1
2026-03-19,2026-03-19 11:30:00,1584.0,1584.1,1584.0,1584.1,0.01,9.07,14474.95,1
2026-03-19,2026-03-19 11:31:00,1584.1,1584.2,1584.1,1584.2,0.01,9.07,14474.95,1
2026-03-19,2026-03-19 11:32:00,1584.2,1584.3,1584.2,1584.3,0.01,9.07,14474.95,1
2026-03-19,2026-03-19 11:33:00,1584.3,1584.4,1584.3,1584.4,0.01,9.07,14474.95,1
2026-03-19,2026-03-19 11:34:00,1584.4,1584.5,1584.4,1584.5,0.01,9.07,14474.95,1
2026-03-19,2026-03-19 11:35:00,1584.5,1584.6,1584.5,1584.6,0.01,9.07,14474.95,1
2026-03-19,2026-03-19 11:36:00,1584.6,1584.7,1584.6,1584.7,0.01,9.07,14474.95,1
2026-03-19,2026-03-19 11:37:00,1584.7,1584.8,1584.7,1584.8,0.01,9.07,14474.95,1
2026-03-19,2026-03-19 11:38:00,1584.8,1584.9,1584.8,1584.9,0.01,9.07,14474.95,1
2026-03-19,2026-03-19 11:39:00,1584.9,1585.0,1584.9,1585.0,0.01,9.07,14474.95,1
2026-03-19,2026-03-19 11:40:00,1585.0,1585.1,1585.0,1585.1,0.01,9.07,14474.95,1
2026-03-19,2026-03-19 11:41:00,1585.1,1585.2,1585.1,1585.2,0.01,9.07,14474.95,1
2026-03-19,2026-03-19 11:42:00,1585.2,1585.3,1585.2,1585.3,0.01,9.07,14474.95,1
2026-03-19,2026-03-19 11:43:00,1585.3,1585.4,1585.3,1585.4,0.01,9.07,14474.95,1
2026-03-19,2026-03-19 11:44:00,1585.4,1585.5,1585.4,1585.5,0.01,9.07,14474.95,1
2026-03-19,2026-03-19 11:45:00,1585.5,1585.6,1585.5,1585.6,0.01,9.07,14474.95,1
2026-03-19,2026-03-19 11:46:00,1585.6,1585.7,1585.6,1585.7,0.01,9.07,14474.95,1
2026-03-19,2026-03-19 11:47:00,1585.7,1585.8,1585.7,1585.8,0.01,9.07,14474.95,1
2026-03-19,2026-03-19 11:48:00,1585.8,1585.9,1585.8,1585.9,0.01,9.07,14474.95,1
2026-03-19,2026-03-19 11:49:00,1585.9,1586.0,1585.9,1586.0,0.01,9.07,14474.95,1
2026-03-19,2026-03-19 11:50:00,1586.0,1586.1,1586.0,1586.1,0.01,9.07,14474.95,1
2026-03-19,2026-03-19 11:51:00,1586.1,1586.2,1586.1,1586.2,0.01,9.07,14474.95,1
2026-03-19,2026-03-19 11:52:00,1586.2,1586.3,1586.2,1586.3,0.01,9.07,14474.95,1
2026-03-19,2026-03-19 11:53:00,1586.3,1586.4,1586.3,1586.4,0.01,9.07,14474.95,1
2026-03-19,2026-03-19 11:54:00,1586.4,1586.5,1586.4,1586.5,0.01,9.07,14474.95,1
2026-03-19,2026-03-19 11:55:00,1586.5,1586.6,1586.5,1586.6,0.01,9.07,14474.95,1
2026-03-19,2026-03-19 11:56:00,1586.6,1586.7,1586.6,1586.7,0.01,9.07,14474.95,1
2026-03-19,2026-03-19 11:57:00,1586.7,1586.8,1586.7,1586.8,0.01,9.07,14474.95,1
2026-03-19,2026-03-19 11:58:00,1586.8,1586.9,1586.8,1586.9,0.01,9.07,14474.95,1
2026-03-19,2026-03-19 11:59:00,1586.9,1587.0,1586.9,1587.0,0.01,9.07,14474.95,1
2026-03-19,2026-03-19 12:00:00,1587.0,1587.1,1587.0,1587.1,0.01,9.07,14474.95,1
2026-03-19,2026-03-19 12:01:00,1587.1,1587.2,1587.1,1587.2,0.01,9.07,14474.95,1
2026-03-19,2026-03-19 12:02:00,1587.2,1587.3,1587.2,1587.3,0.01,9.07,14474.95,1
2026-03-19,2026-03-19 12:03:00,1587.3,1587.4,1587.3,1587.4,0.01,9.07,14474.95,1
2026-03-19,2026-03-19 12:04:00,1587.4,1587.5,1587.4,1587.5,0.01,9.07,14474.95,1
2026-03-19,2026-03-19 12:05:00,1587.5,1587.6,1587.5,1587.6,0.01,9.07,14474.95,1
2026-03-19,2026-03-19 12:06:00,1587.6,1587.7,1587.6,1587.7,0.01,9.07,14474.95,1
2026-03-19,2026-03-19 12:07:00,1587.7,1587.8,1587.7,1587.8,0.01,9.07,14474.95,1
2026-03-19,2026-03-19 12:08:00,1587.8,1587.9,1587.8,1587.9,0.01,9.07,14474.95,1
2026-03-19,2026-03-19 12:09:00,1587.9,1588.0,1587.9,1588.0,0.01,9.07,14474.95,1
2026-03-19,2026-03-19 12:10:00,1588.0,1588.1,1588.0,1588.1,0.01,9.07,14474.95,1
2026-03-19,2026-03-19 12:11:00,1588.1,1588.2,1588.1,1588.2,0.01,9.07,14474.95,1
2026-03-19,2026-03-19 12:12:00,1588.2,1588.3,1588.2,1588.3,0.01,9.07,14474.95,1
2026-03-19,2026-03-19 12:13:00,1588.3,1588.4,1588.3,1588.4,0.01,9.07,14474.95,1
2026-03-19,2026-03-19 12:14:00,1588.4,1588.5,1588.4,1588.5,0.01,9.07,14474.95,1
2026-03-19,2026-03-19 12:15:00,1588.5,1588.6,1588.5,1588.6,0.01,9.07,14474.95,1
2026-03-19,2026-03-19 12:16:00,1588.6,1588.7,1588.6,1588.7,0.01,9.07,14474.95,1
2026-03-19,2026-03-19 12:17:00,1588.7,1588.8,1588.7,1588.8,0.01,9.07,14474.95,1
2026-03-19,2026-03-19 12:18:00,1588.8,1588.9,1588.8,1588.9,0.01,9.07,14474.95,1
2026-03-19,2026-03-19 12:19:00,1588.9,1589.0,1588.9,1589.0,0.01,9.07,14474.95,1
2026-03-19,2026-03-19 12:20:00,1589.0,1589.1,1589.0,1589.1,0.01,9.07,14474.95,1
2026-03-19,2026-03-19 12:21:00,1589.1,1589.2,1589.1,1589.2,0.01,9.07,14474.95,1
2026-03-19,2026-03-19 12:22:00,1589.2,1589.3,1589.2,1589.3,0.01,9.07,14474.95,1
2026-03-19,2026-03-19 12:23:00,1589.3,1589.4,1589.3,1589.4,0.01,9.07,14474.95,1
2026-03-19,2026-03-19 12:24:00,1589.4,1589.5,1589.4,1589.5,0.01,9.07,14474.95,1
2026-03-19,2026-03-19 12:25:00,1589.5,1589.6,1589.5,1589.6,0.01,9.07,14474.95,1
2026-03-19,2026-03-19 12:26:00,1589.6,1589.7,1589.6,1589.7,0.01,9.07,14474.95,1
2026-03-19,2026-03-19 12:27:00,1589.7,1589.8,1589.7,1589.8,0.01,9.07,14474.95,1
2026-03-19,2026-03-19 12:28:00,1589.8,1589.9,1589.8,1589.9,0.01,9.07,14474.95,1
2026-03-19,2026-03-19 12:29:00,1589.9,1590.0,1589.9,1590.0,0.01,9.07,14474.95,1
2026-03-19,2026-03-19 12:30:00,1590.0,1590.1,1590.0,1590.1,0.01,9.07,14474.95,1
2026-03-19,2026-03-19 12:31:00,1590.1,1590.2,1590.1,1590.2,0.01,9.07,14474.95,1
2026-03-19,2026-03-19 12:32:00,1590.2,1590.3,1590.2,1590.3,0.01,9.07,14474.95,1
2026-03-19,2026-03-19 12:33:00,1590.3,1590.4,1590.3,1590.4,0.01,9.07,14474.95,1
2026-03-19,2026-03-19 12:34:00,1590.4,1590.5,1590.4,1590.5,0.01,9.07,14474.95,1
2026-03-19,2026-03-19 12:35:00,1590.5,1590.6,1590.5,1590.6,0.01,9.07,14474.95,1
2026-03-19,2026-03-19 12:36:00,1590.6,1590.7,1590.6,1590.7,0.01,9.07,14474.95,1
2026-03-19,2026-03-19 12:37:00,1590.7,1590.8,1590.7,1590.8,0.01,9.07,14474.95,1
2026-03-19,2026-03-19 12:38:00,1590.8,1590.9,1590.8,1590.9,0.01,9.07,14474.95,1
2026-03-19,2026-03-19 12:39:00,1590.9,1591.0,1590.9,1591.0,0.01,9.07,14474.95,1
2026-03-19,2026-03-19 12:40:00,1591.0,1591.1,1591.0,1591.1,0.01,9.07,14474.95,1
2026-03-19,2026-03-19 12:41:00,1591.1,1591.2,1591.1,1591.2,0.01,9.07,14474.95,1
2026-03-19,2026-03-19 12:42:00,1591.2,1591.3,1591.2,1591.3,0.01,9.07,14474.95,1
2026-03-19,2026-03-19 12:43:00,1591.3,1591.4,1591.3,1591.4,0.01,9.07,14474.95,1
2026-03-19,2026-03-19 12:44:00,1591.4,1591.5,1591.4,1591.5,0.01,9.07,14474.95,1
2026-03-19,2026-03-19 12:45:00,1591.5,1591.6,1591.5,1591.6,0.01,9.07,14474.95,1
2026-03-19,2026-03-19 12:46:00,1591.6,1591.7,1591.6,1591.7,0.01,9.07,14474.95,1
2026-03-19,2026-03-19 12:47:00,1591.7,1591.8,1591.7,1591.8,0.01,9.07,14474.95,1
2026-03-19,2026-03-19 12:48:00,1591.8,1591.9,1591.8,1591.9,0.01,9.07,14474.95,1
2026-03-19,2026-03-19 12:49:00,1591.9,1592.0,1591.9,1592.0,0.01,9.07,14474.95,1
2026-03-19,2026-03-19 12:50:00,1592.0,1592.1,1592.0,1592.1,0.01,9.07,14474.95,1
2026-03-19,2026-03-19 12:51:00,1592.1,1592.2,1592.1,1592.2,0.01,9.07,14474.95,1
2026-03-19,2026-03-19 12:52:00,1592.2,1592.3,1592.2,1592.3,0.01,9.07,14474.95,1
2026-03-19,2026-03-19 12:53:00,1592.3,1592.4,1592.3,1592.4,0.01,9.07,14474.95,1
2026-03-19,2026-03-19 12:54:00,1592.4,1592.5,1592.4,1592.5,0.01,9.07,14474.95,1
2026-03-19,2026-03-19 12:55:00,1592.5,1592.6,1592.5,1592.6,0.01,9.07,14474.95,1
2026-03-19,2026-03-19 12:56:00,1592.6,1592.7,1592.6,1592.7,0.01,9.07,14474.95,1
2026-03-19,2026-03-19 12:57:00,1592.7,1592.8,1592.7,1592.8,0.01,9.07,14474.95,1
2026-03-19,2026-03-19 12:58:00,1592.8,1592.9,1592.8,1592.9,0.01,9.07,14474.95,1
2026-03-19,2026-03-19 12:59:00,1592.9,1593.0,1592.9,1593.0,0.01,9.07,14474.95,1
2026-03-19,2026-03-19 13:00:00,1593.0,1606.0,1581.0,1593.1,0.01,9.07,14474.95,1
2026-03-19,2026-03-19 13:01:00,1593.1,1593.2,1593.1,1593.2,0.01,9.07,14474.95,1
2026-03-19,2026-03-19 13:02:00,1593.2,1593.3,1593.2,1593.3,0.01,9.07,14474.95,1
2026-03-19,2026-03-19 13:03:00,1593.3,1593.4,1593.3,1593.4,0.01,9.07,14474.95,1
2026-03-19,2026-03-19 13:04:00,1593.4,1593.5,1593.4,1593.5,0.01,9.07,14474.95,1
2026-03-19,2026-03-19 13:05:00,1593.5,1593.6,1593.5,1593.6,0.01,9.07,14474.95,1
2026-03-19,2026-03-19 13:06:00,1593.6,1593.7,1593.6,1593.7,0.01,9.07,14474.95,1
2026-03-19,2026-03-19 13:07:00,1593.7,1593.8,1593.7,1593.8,0.01,9.07,14474.95,1
2026-03-19,2026-03-19 13:08:00,1593.8,1593.9,1593.8,1593.9,0.01,9.07,14474.95,1
2026-03-19,2026-03-19 13:09:00,1593.9,1594.0,1593.9,1594.0,0.01,9.07,14474.95,1
2026-03-19,2026-03-19 13:10:00,1594.0,1594.1,1594.0,1594.1,0.01,9.07,14474.95,1
2026-03-19,2026-03-19 13:11:00,1594.1,1594.2,1594.1,1594.2,0.01,9.07,14474.95,1
2026-03-19,2026-03-19 13:12:00,1594.2,1594.3,1594.2,1594.3,0.01,9.07,14474.95,1
2026-03-19,2026-03-19 13:13:00,1594.3,1594.4,1594.3,1594.4,0.01,9.07,14474.95,1
2026-03-19,2026-03-19 13:14:00,1594.4,1594.5,1594.4,1594.5,0.01,9.07,14474.95,1
2026-03-19,2026-03-19 13:15:00,1594.5,1594.6,1594.5,1594.6,0.01,9.07,14474.95,1
2026-03-19,2026-03-19 13:16:00,1594.6,1594.7,1594.6,1594.7,0.01,9.07,14474.95,1
2026-03-19,2026-03-19 13:17:00,1594.7,1594.8,1594.7,1594.8,0.01,9.07,14474.95,1
2026-03-19,2026-03-19 13:18:00,1594.8,1594.9,1594.8,1594.9,0.01,9.07,14474.95,1
2026-03-19,2026-03-19 13:19:00,1594.9,1595.0,1594.9,1595.0,0.01,9.07,14474.95,1
2026-03-19,2026-03-19 13:20:00,1595.0,1595.1,1595.0,1595.1,0.01,9.07,14474.95,1
2026-03-19,2026-03-19 13:21:00,1595.1,1595.2,1595.1,1595.2,0.01,9.07,14474.95,1
2026-03-19,2026-03-19 13:22:00,1595.2,1595.3,1595.2,1595.3,0.01,9.07,14474.95,1
2026-03-19,2026-03-19 13:23:00,1595.3,1595.4,1595.3,1595.4,0.01,9.07,14474.95,1
2026-03-19,2026-03-19 13:24:00,1595.4,1595.5,1595.4,1595.5,0.01,9.07,14474.95,1
2026-03-19,2026-03-19 13:25:00,1595.5,1595.6,1595.5,1595.6,0.01,9.07,14474.95,1
2026-03-19,2026-03-19 13:26:00,1595.6,1595.7,1595.6,1595.7,0.01,9.07,14474.95,1
2026-03-19,2026-03-19 13:27:00,1595.7,1595.8,1595.7,1595.8,0.01,9.07,14474.95,1
2026-03-19,2026-03-19 13:28:00,1595.8,1595.9,1595.8,1595.9,0.01,9.07,14474.95,1
2026-03-19,2026-03-19 13:29:00,1595.9,1596.0,1595.9,1596.0,0.01,9.07,14474.95,1
2026-03-19,2026-03-19 13:30:00,1596.0,1596.1,1596.0,1596.1,0.01,9.07,14474.95,1
2026-03-19,2026-03-19 13:31:00,1596.1,1596.2,1596.1,1596.2,0.01,9.07,14474.95,1
2026-03-19,2026-03-19 13:32:00,1596.2,1596.3,1596.2,1596.3,0.01,9.07,14474.95,1
2026-03-19,2026-03-19 13:33:00,1596.3,1596.4,1596.3,1596.4,0.01,9.07,14474.95,1
2026-03-19,2026-03-19 13:34:00,1596.4,1596.5,1596.4,1596.5,0.01,9.07,14474.95,1
2026-03-19,2026-03-19 13:35:00,1596.5,1596.6,1596.5,1596.6,0.01,9.07,14474.95,1
2026-03-19,2026-03-19 13:36:00,1596.6,1596.7,1596.6,1596.7,0.01,9.07,14474.95,1
2026-03-19,2026-03-19 13:37:00,1596.7,1596.8,1596.7,1596.8,0.01,9.07,14474.95,1
2026-03-19,2026-03-19 13:38:00,1596.8,1596.9,1596.8,1596.9,0.01,9.07,14474.95,1
2026-03-19,2026-03-19 13:39:00,1596.9,1597.0,1596.9,1597.0,0.01,9.07,14474.95,1
2026-03-19,2026-03-19 13:40:00,1597.0,1597.1,1597.0,1597.1,0.01,9.07,14474.95,1
2026-03-19,2026-03-19 13:41:00,1597.1,1597.2,1597.1,1597.2,0.01,9.07,14474.95,1
2026-03-19,2026-03-19 13:42:00,1597.2,1597.3,1597.2,1597.3,0.01,9.07,14474.95,1
2026-03-19,2026-03-19 13:43:00,1597.3,1597.4,1597.3,1597.4,0.01,9.07,14474.95,1
2026-03-19,2026-03-19 13:44:00,1597.4,1597.5,1597.4,1597.5,0.01,9.07,14474.95,1
2026-03-19,2026-03-19 13:45:00,1597.5,1597.6,1597.5,1597.6,0.01,9.07,14474.95,1
2026-03-19,2026-03-19 13:46:00,1597.6,1597.7,1597.6,1597.7,0.01,9.07,14474.95,1
2026-03-19,2026-03-19 13:47:00,1597.7,1597.8,1597.7,1597.8,0.01,9.07,14474.95,1
2026-03-19,2026-03-19 13:48:00,1597.8,1597.9,1597.8,1597.9,0.01,9.07,14474.95,1
2026-03-19,2026-03-19 13:49:00,1597.9,1598.0,1597.9,1598.0,0.01,9.07,14474.95,1
2026-03-19,2026-03-19 13:50:00,1598.0,1598.1,1598.0,1598.1,0.01,9.07,14474.95,1
2026-03-19,2026-03-19 13:51:00,1598.1,1598.2,1598.1,1598.2,0.01,9.07,14474.95,1
2026-03-19,2026-03-19 13:52:00,1598.2,1598.3,1598.2,1598.3,0.01,9.07,14474.95,1
2026-03-19,2026-03-19 13:53:00,1598.3,1598.4,1598.3,1598.4,0.01,9.07,14474.95,1
2026-03-19,2026-03-19 13:54:00,1598.4,1598.5,1598.4,1598.5,0.01,9.07,14474.95,1
2026-03-19,2026-03-19 13:55:00,1598.5,1598.6,1598.5,1598.6,0.01,9.07,14474.95,1
2026-03-19,2026-03-19 13:56:00,1598.6,1598.7,1598.6,1598.7,0.01,9.07,14474.95,1
2026-03-19,2026-03-19 13:57:00,1598.7,1598.8,1598.7,1598.8,0.01,9.07,14474.95,1
2026-03-19,2026-03-19 13:58:00,1598.8,1598.9,1598.8,1598.9,0.01,9.07,14474.95,1
2026-03-19,2026-03-19 13:59:00,1598.9,1599.0,1598.9,1599.0,0.01,9.07,14474.95,1
2026-03-19,2026-03-19 14:00:00,1599.0,1599.1,1599.0,1599.1,0.01,9.07,14474.95,1
2026-03-19,2026-03-19 14:01:00,1599.1,1599.2,1599.1,1599.2,0.01,9.07,14474.95,1
2026-03-19,2026-03-19 14:02:00,1599.2,1599.3,1599.2,1599.3,0.01,9.07,14474.95,1
2026-03-19,2026-03-19 14:03:00,1599.3,1599.4,1599.3,1599.4,0.01,9.07,14474.95,1
2026-03-19,2026-03-19 14:04:00,1599.4,1599.5,1599.4,1599.5,0.01,9.07,14474.95,1
2026-03-19,2026-03-19 14:05:00,1599.5,1599.6,1599.5,1599.6,0.01,9.07,14474.95,1
2026-03-19,2026-03-19 14:06:00,1599.6,1599.7,1599.6,1599.7,0.01,9.07,14474.95,1
2026-03-19,2026-03-19 14:07:00,1599.7,1599.8,1599.7,1599.8,0.01,9.07,14474.95,1
2026-03-19,2026-03-19 14:08:00,1599.8,1599.9,1599.8,1599.9,0.01,9.07,14474.95,1
2026-03-19,2026-03-19 14:09:00,1599.9,1600.0,1599.9,1600.0,0.01,9.07,14474.95,1
2026-03-19,2026-03-19 14:10:00,1600.0,1600.1,1600.0,1600.1,0.01,9.07,14474.95,1
2026-03-19,2026-03-19 14:11:00,1600.1,1600.2,1600.1,1600.2,0.01,9.07,14474.95,1
2026-03-19,2026-03-19 14:12:00,1600.2,1600.3,1600.2,1600.3,0.01,9.07,14474.95,1
2026-03-19,2026-03-19 14:13:00,1600.3,1600.4,1600.3,1600.4,0.01,9.07,14474.95,1
2026-03-19,2026-03-19 14:14:00,1600.4,1600.5,1600.4,1600.5,0.01,9.07,14474.95,1
2026-03-19,2026-03-19 14:15:00,1600.5,1600.6,1600.5,1600.6,0.01,9.07,14474.95,1
2026-03-19,2026-03-19 14:16:00,1600.6,1600.7,1600.6,1600.7,0.01,9.07,14474.95,1
2026-03-19,2026-03-19 14:17:00,1600.7,1600.8,1600.7,1600.8,0.01,9.07,14474.95,1
2026-03-19,2026-03-19 14:18:00,1600.8,1600.9,1600.8,1600.9,0.01,9.07,14474.95,1
2026-03-19,2026-03-19 14:19:00,1600.9,1601.0,1600.9,1601.0,0.01,9.07,14474.95,1
2026-03-19,2026-03-19 14:20:00,1601.0,1601.1,1601.0,1601.1,0.01,9.07,14474.95,1
2026-03-19,2026-03-19 14:21:00,1601.1,1601.2,1601.1,1601.2,0.01,9.07,14474.95,1
2026-03-19,2026-03-19 14:22:00,1601.2,1601.3,1601.2,1601.3,0.01,9.07,14474.95,1
2026-03-19,2026-03-19 14:23:00,1601.3,1601.4,1601.3,1601.4,0.01,9.07,14474.95,1
2026-03-19,2026-03-19 14:24:00,1601.4,1601.5,1601.4,1601.5,0.01,9.07,14474.95,1
2026-03-19,2026-03-19 14:25:00,1601.5,1601.6,1601.5,1601.6,0.01,9.07,14474.95,1
2026-03-19,2026-03-19 14:26:00,1601.6,1601.7,1601.6,1601.7,0.01,9.07,14474.95,1
2026-03-19,2026-03-19 14:27:00,1601.7,1601.8,1601.7,1601.8,0.01,9.07,14474.95,1
2026-03-19,2026-03-19 14:28:00,1601.8,1601.9,1601.8,1601.9,0.01,9.07,14474.95,1
2026-03-19,2026-03-19 14:29:00,1601.9,1602.0,1601.9,1602.0,0.01,9.07,14474.95,1
2026-03-19,2026-03-19 14:30:00,1602.0,1602.1,1602.0,1602.1,0.01,9.07,14474.95,1
2026-03-19,2026-03-19 14:31:00,1602.1,1602.2,1602.1,1602.2,0.01,9.07,14474.95,1
2026-03-19,2026-03-19 14:32:00,1602.2,1602.3,1602.2,1602.3,0.01,9.07,14474.95,1
2026-03-19,2026-03-19 14:33:00,1602.3,1602.4,1602.3,1602.4,0.01,9.07,14474.95,1
2026-03-19,2026-03-19 14:34:00,1602.4,1602.5,1602.4,1602.5,0.01,9.07,14474.95,1
2026-03-19,2026-03-19 14:35:00,1602.5,1602.6,1602.5,1602.6,0.01,9.07,14474.95,1
2026-03-19,2026-03-19 14:36:00,1602.6,1602.7,1602.6,1602.7,0.01,9.07,14474.95,1
2026-03-19,2026-03-19 14:37:00,1602.7,1602.8,1602.7,1602.8,0.01,9.07,14474.95,1
2026-03-19,2026-03-19 14:38:00,1602.8,1602.9,1602.8,1602.9,0.01,9.07,14474.95,1
2026-03-19,2026-03-19 14:39:00,1602.9,1603.0,1602.9,1603.0,0.01,9.07,14474.95,1
2026-03-19,2026-03-19 14:40:00,1603.0,1603.1,1603.0,1603.1,0.01,9.07,14474.95,1
2026-03-19,2026-03-19 14:41:00,1603.1,1603.2,1603.1,1603.2,0.01,9.07,14474.95,1
2026-03-19,2026-03-19 14:42:00,1603.2,1603.3,1603.2,1603.3,0.01,9.07,14474.95,1
2026-03-19,2026-03-19 14:43:00,1603.3,1603.4,1603.3,1603.4,0.01,9.07,14474.95,1
2026-03-19,2026-03-19 14:44:00,1603.4,1603.5,1603.4,1603.5,0.01,9.07,14474.95,1
2026-03-19,2026-03-19 14:45:00,1603.5,1603.6,1603.5,1603.6,0.01,9.07,14474.95,1
2026-03-19,2026-03-19 14:46:00,1603.6,1603.7,1603.6,1603.7,0.01,9.07,14474.95,1
2026-03-19,2026-03-19 14:47:00,1603.7,1603.8,1603.7,1603.8,0.01,9.07,14474.95,1
2026-03-19,2026-03-19 14:48:00,1603.8,1603.9,1603.8,1603.9,0.01,9.07,14474.95,1
2026-03-19,2026-03-19 14:49:00,1603.9,1604.0,1603.9,1604.0,0.01,9.07,14474.95,1
2026-03-19,2026-03-19 14:50:00,1604.0,1604.1,1604.0,1604.1,0.01,9.07,14474.95,1
2026-03-19,2026-03-19 14:51:00,1604.1,1604.2,1604.1,1604.2,0.01,9.07,14474.95,1
2026-03-19,2026-03-19 14:52:00,1604.2,1604.3,1604.2,1604.3,0.01,9.07,14474.95,1
2026-03-19,2026-03-19 14:53:00,1604.3,1604.4,1604.3,1604.4,0.01,9.07,14474.95,1
2026-03-19,2026-03-19 14:54:00,1604.4,1604.5,1604.4,1604.5,0.01,9.07,14474.95,1
2026-03-19,2026-03-19 14:55:00,1604.5,1604.6,1604.5,1604.6,0.01,9.07,14474.95,1
2026-03-19,2026-03-19 14:56:00,1604.6,1604.7,1604.6,1604.7,0.01,9.07,14474.95,1
2026-03-19,2026-03-19 14:57:00,1604.7,1604.8,1604.7,1604.8,0.01,9.07,14474.95,1
2026-03-19,2026-03-19 14:58:00,1604.8,1604.9,1604.8,1604.9,0.01,9.07,14474.95,1
2026-03-19,2026-03-19 14:59:00,1604.9,1605.0,1604.9,1605.0,0.01,9.07,14474.95,1
2026-03-19,2026-03-19 15:00:00,1605.0,1606.0,1581.0,1605.0,0.0,9.07,14474.95,0
2026-03-22,2026-03-22 11:00:00,1637.0,1640.9,1627.85,1637.05,0.0,31.02,50697.35,1
2026-03-22,2026-03-22 11:01:00,1637.05,1637.1,1637.05,1637.1,0.0,31.02,50697.35,1
2026-03-22,2026-03-22 11:02:00,1637.1,1637.15,1637.1,1637.15,0.0,31.02,50697.35,1
2026-03-22,2026-03-22 11:03:00,1637.15,1637.2,1637.15,1637.2,0.0,31.02,50697.35,1
2026-03-22,2026-03-22 11:04:00,1637.2,1637.25,1637.2,1637.25,0.0,31.02,50697.35,1
2026-03-22,2026-03-22 11:05:00,1637.25,1637.3,1637.25,1637.3,0.0,31.02,50697.35,1
2026-03-22,2026-03-22 11:06:00,1637.3,1637.35,1637.3,1637.35,0.0,31.02,50697.35,1
2026-03-22,2026-03-22 11:07:00,1637.35,1637.4,1637.35,1637.4,0.0,31.02,50697.35,1
2026-03-22,2026-03-22 11:08:00,1637.4,1637.45,1637.4,1637.45,0.0,31.02,50697.35,1
2026-03-22,2026-03-22 11:09:00,1637.45,1637.5,1637.45,1637.5,0.0,31.02,50697.35,1
2026-03-22,2026-03-22 11:10:00,1637.5,1637.55,1637.5,1637.55,0.0,31.02,50697.35,1
2026-03-22,2026-03-22 11:11:00,1637.55,1637.6,1637.55,1637.6,0.0,31.02,50697.35,1
2026-03-22,2026-03-22 11:12:00,1637.6,1637.65,1637.6,1637.65,0.0,31.02,50697.35,1
2026-03-22,2026-03-22 11:13:00,1637.65,1637.7,1637.65,1637.7,0.0,31.02,50697.35,1
2026-03-22,2026-03-22 11:14:00,1637.7,1637.75,1637.7,1637.75,0.0,31.02,50697.35,1
2026-03-22,2026-03-22 11:15:00,1637.75,1637.8,1637.75,1637.8,0.0,31.02,50697.35,1
2026-03-22,2026-03-22 11:16:00,1637.8,1637.85,1637.8,1637.85,0.0,31.02,50697.35,1
2026-03-22,2026-03-22 11:17:00,1637.85,1637.9,1637.85,1637.9,0.0,31.02,50697.35,1
2026-03-22,2026-03-22 11:18:00,1637.9,1637.95,1637.9,1637.95,0.0,31.02,50697.35,1
2026-03-22,2026-03-22 11:19:00,1637.95,1638.0,1637.95,1638.0,0.0,31.02,50697.35,1
2026-03-22,2026-03-22 11:20:00,1638.0,1638.05,1638.0,1638.05,0.0,31.02,50697.35,1
2026-03-22,2026-03-22 11:21:00,1638.05,1638.1,1638.05,1638.1,0.0,31.02,50697.35,1
2026-03-22,2026-03-22 11:22:00,1638.1,1638.15,1638.1,1638.15,0.0,31.02,50697.35,1
2026-03-22,2026-03-22 11:23:00,1638.15,1638.2,1638.15,1638.2,0.0,31.02,50697.35,1
2026-03-22,2026-03-22 11:24:00,1638.2,1638.25,1638.2,1638.25,0.0,31.02,50697.35,1
2026-03-22,2026-03-22 11:25:00,1638.25,1638.3,1638.25,1638.3,0.0,31.02,50697.35,1
2026-03-22,2026-03-22 11:26:00,1638.3,1638.35,1638.3,1638.35,0.0,31.02,50697.35,1
2026-03-22,2026-03-22 11:27:00,1638.35,1638.4,1638.35,1638.4,0.0,31.02,50697.35,1
2026-03-22,2026-03-22 11:28:00,1638.4,1638.45,1638.4,1638.45,0.0,31.02,50697.35,1
2026-03-22,2026-03-22 11:29:00,1638.45,1638.5,1638.45,1638.5,0.0,31.02,50697.35,1
2026-03-22,2026-03-22 11:30:00,1638.5,1638.55,1638.5,1638.55,0.0,31.02,50697.35,1
2026-03-22,2026-03-22 11:31:00,1638.55,1638.6,1638.55,1638.6,0.0,31.02,50697.35,1
2026-03-22,2026-03-22 11:32:00,1638.6,1638.65,1638.6,1638.65,0.0,31.02,50697.35,1
2026-03-22,2026-03-22 11:33:00,1638.65,1638.7,1638.65,1638.7,0.0,31.02,50697.35,1
2026-03-22,2026-03-22 11:34:00,1638.7,1638.75,1638.7,1638.75,0.0,31.02,50697.35,1
2026-03-22,2026-03-22 11:35:00,1638.75,1638.8,1638.75,1638.8,0.0,31.02,50697.35,1
2026-03-22,2026-03-22 11:36:00,1638.8,1638.85,1638.8,1638.85,0.0,31.02,50697.35,1
2026-03-22,2026-03-22 11:37:00,1638.85,1638.9,1638.85,1638.9,0.0,31.02,50697.35,1
2026-03-22,2026-03-22 11:38:00,1638.9,1638.95,1638.9,1638.95,0.0,31.02,50697.35,1
2026-03-22,2026-03-22 11:39:00,1638.95,1639.0,1638.95,1639.0,0.0,31.02,50697.35,1
2026-03-22,2026-03-22 11:40:00,1639.0,1639.05,1639.0,1639.05,0.0,31.02,50697.35,1
2026-03-22,2026-03-22 11:41:00,1639.05,1639.1,1639.05,1639.1,0.0,31.02,50697.35,1
2026-03-22,2026-03-22 11:42:00,1639.1,1639.15,1639.1,1639.15,0.0,31.02,50697.35,1
2026-03-22,2026-03-22 11:43:00,1639.15,1639.2,1639.15,1639.2,0.0,31.02,50697.35,1
2026-03-22,2026-03-22 11:44:00,1639.2,1639.25,1639.2,1639.25,0.0,31.02,50697.35,1
2026-03-22,2026-03-22 11:45:00,1639.25,1639.3,1639.25,1639.3,0.0,31.02,50697.35,1
2026-03-22,2026-03-22 11:46:00,1639.3,1639.35,1639.3,1639.35,0.0,31.02,50697.35,1
2026-03-22,2026-03-22 11:47:00,1639.35,1639.4,1639.35,1639.4,0.0,31.02,50697.35,1
2026-03-22,2026-03-22 11:48:00,1639.4,1639.45,1639.4,1639.45,0.0,31.02,50697.35,1
2026-03-22,2026-03-22 11:49:00,1639.45,1639.5,1639.45,1639.5,0.0,31.02,50697.35,1
2026-03-22,2026-03-22 11:50:00,1639.5,1639.55,1639.5,1639.55,0.0,31.02,50697.35,1
2026-03-22,2026-03-22 11:51:00,1639.55,1639.6,1639.55,1639.6,0.0,31.02,50697.35,1
2026-03-22,2026-03-22 11:52:00,1639.6,1639.65,1639.6,1639.65,0.0,31.02,50697.35,1
2026-03-22,2026-03-22 11:53:00,1639.65,1639.7,1639.65,1639.7,0.0,31.02,50697.35,1
2026-03-22,2026-03-22 11:54:00,1639.7,1639.75,1639.7,1639.75,0.0,31.02,50697.35,1
2026-03-22,2026-03-22 11:55:00,1639.75,1639.8,1639.75,1639.8,0.0,31.02,50697.35,1
2026-03-22,2026-03-22 11:56:00,1639.8,1639.85,1639.8,1639.85,0.0,31.02,50697.35,1
2026-03-22,2026-03-22 11:57:00,1639.85,1639.9,1639.85,1639.9,0.0,31.02,50697.35,1
2026-03-22,2026-03-22 11:58:00,1639.9,1639.95,1639.9,1639.95,0.0,31.02,50697.35,1
2026-03-22,2026-03-22 11:59:00,1639.95,1640.0,1639.95,1640.0,0.0,31.02,50697.35,1
2026-03-22,2026-03-22 12:00:00,1640.0,1640.05,1640.0,1640.05,0.0,31.02,50697.35,1
2026-03-22,2026-03-22 12:01:00,1640.05,1640.1,1640.05,1640.1,0.0,31.02,50697.35,1
2026-03-22,2026-03-22 12:02:00,1640.1,1640.15,1640.1,1640.15,0.0,31.02,50697.35,1
2026-03-22,2026-03-22 12:03:00,1640.15,1640.2,1640.15,1640.2,0.0,31.02,50697.35,1
2026-03-22,2026-03-22 12:04:00,1640.2,1640.25,1640.2,1640.25,0.0,31.02,50697.35,1
2026-03-22,2026-03-22 12:05:00,1640.25,1640.3,1640.25,1640.3,0.0,31.02,50697.35,1
2026-03-22,2026-03-22 12:06:00,1640.3,1640.35,1640.3,1640.35,0.0,31.02,50697.35,1
2026-03-22,2026-03-22 12:07:00,1640.35,1640.4,1640.35,1640.4,0.0,31.02,50697.35,1
2026-03-22,2026-03-22 12:08:00,1640.4,1640.45,1640.4,1640.45,0.0,31.02,50697.35,1
2026-03-22,2026-03-22 12:09:00,1640.45,1640.5,1640.45,1640.5,0.0,31.02,50697.35,1
2026-03-22,2026-03-22 12:10:00,1640.5,1640.55,1640.5,1640.55,0.0,31.02,50697.35,1
2026-03-22,2026-03-22 12:11:00,1640.55,1640.6,1640.55,1640.6,0.0,31.02,50697.35,1
2026-03-22,2026-03-22 12:12:00,1640.6,1640.65,1640.6,1640.65,0.0,31.02,50697.35,1
2026-03-22,2026-03-22 12:13:00,1640.65,1640.7,1640.65,1640.7,0.0,31.02,50697.35,1
2026-03-22,2026-03-22 12:14:00,1640.7,1640.75,1640.7,1640.75,0.0,31.02,50697.35,1
2026-03-22,2026-03-22 12:15:00,1640.75,1640.8,1640.75,1640.8,0.0,31.02,50697.35,1
2026-03-22,2026-03-22 12:16:00,1640.8,1640.85,1640.8,1640.85,0.0,31.02,50697.35,1
2026-03-22,2026-03-22 12:17:00,1640.85,1640.9,1640.85,1640.9,0.0,31.02,50697.35,1
2026-03-22,2026-03-22 12:18:00,1640.9,1640.95,1640.9,1640.95,0.0,31.02,50697.35,1
2026-03-22,2026-03-22 12:19:00,1640.95,1641.0,1640.95,1641.0,0.0,31.02,50697.35,1
2026-03-22,2026-03-22 12:20:00,1641.0,1641.05,1641.0,1641.05,0.0,31.02,50697.35,1
2026-03-22,2026-03-22 12:21:00,1641.05,1641.1,1641.05,1641.1,0.0,31.02,50697.35,1
2026-03-22,2026-03-22 12:22:00,1641.1,1641.15,1641.1,1641.15,0.0,31.02,50697.35,1
2026-03-22,2026-03-22 12:23:00,1641.15,1641.2,1641.15,1641.2,0.0,31.02,50697.35,1
2026-03-22,2026-03-22 12:24:00,1641.2,1641.25,1641.2,1641.25,0.0,31.02,50697.35,1
2026-03-22,2026-03-22 12:25:00,1641.25,1641.3,1641.25,1641.3,0.0,31.02,50697.35,1
2026-03-22,2026-03-22 12:26:00,1641.3,1641.35,1641.3,1641.35,0.0,31.02,50697.35,1
2026-03-22,2026-03-22 12:27:00,1641.35,1641.4,1641.35,1641.4,0.0,31.02,50697.35,1
2026-03-22,2026-03-22 12:28:00,1641.4,1641.45,1641.4,1641.45,0.0,31.02,50697.35,1
2026-03-22,2026-03-22 12:29:00,1641.45,1641.5,1641.45,1641.5,0.0,31.02,50697.35,1
2026-03-22,2026-03-22 12:30:00,1641.5,1641.55,1641.5,1641.55,0.0,31.02,50697.35,1
2026-03-22,2026-03-22 12:31:00,1641.55,1641.6,1641.55,1641.6,0.0,31.02,50697.35,1
2026-03-22,2026-03-22 12:32:00,1641.6,1641.65,1641.6,1641.65,0.0,31.02,50697.35,1
2026-03-22,2026-03-22 12:33:00,1641.65,1641.7,1641.65,1641.7,0.0,31.02,50697.35,1
2026-03-22,2026-03-22 12:34:00,1641.7,1641.75,1641.7,1641.75,0.0,31.02,50697.35,1
2026-03-22,2026-03-22 12:35:00,1641.75,1641.8,1641.75,1641.8,0.0,31.02,50697.35,1
2026-03-22,2026-03-22 12:36:00,1641.8,1641.85,1641.8,1641.85,0.0,31.02,50697.35,1
2026-03-22,2026-03-22 12:37:00,1641.85,1641.9,1641.85,1641.9,0.0,31.02,50697.35,1
2026-03-22,2026-03-22 12:38:00,1641.9,1641.95,1641.9,1641.95,0.0,31.02,50697.35,1
2026-03-22,2026-03-22 12:39:00,1641.95,1642.0,1641.95,1642.0,0.0,31.02,50697.35,1
2026-03-22,2026-03-22 12:40:00,1642.0,1642.05,1642.0,1642.05,0.0,31.02,50697.35,1
2026-03-22,2026-03-22 12:41:00,1642.05,1642.1,1642.05,1642.1,0.0,31.02,50697.35,1
2026-03-22,2026-03-22 12:42:00,1642.1,1642.15,1642.1,1642.15,0.0,31.02,50697.35,1
2026-03-22,2026-03-22 12:43:00,1642.15,1642.2,1642.15,1642.2,0.0,31.02,50697.35,1
2026-03-22,2026-03-22 12:44:00,1642.2,1642.25,1642.2,1642.25,0.0,31.02,50697.35,1
2026-03-22,2026-03-22 12:45:00,1642.25,1642.3,1642.25,1642.3,0.0,31.02,50697.35,1
2026-03-22,2026-03-22 12:46:00,1642.3,1642.35,1642.3,1642.35,0.0,31.02,50697.35,1
2026-03-22,2026-03-22 12:47:00,1642.35,1642.4,1642.35,1642.4,0.0,31.02,50697.35,1
2026-03-22,2026-03-22 12:48:00,1642.4,1642.45,1642.4,1642.45,0.0,31.02,50697.35,1
2026-03-22,2026-03-22 12:49:00,1642.45,1642.5,1642.45,1642.5,0.0,31.02,50697.35,1
2026-03-22,2026-03-22 12:50:00,1642.5,1642.55,1642.5,1642.55,0.0,31.02,50697.35,1
2026-03-22,2026-03-22 12:51:00,1642.55,1642.6,1642.55,1642.6,0.0,31.02,50697.35,1
2026-03-22,2026-03-22 12:52:00,1642.6,1642.65,1642.6,1642.65,0.0,31.02,50697.35,1
2026-03-22,2026-03-22 12:53:00,1642.65,1642.7,1642.65,1642.7,0.0,31.02,50697.35,1
2026-03-22,2026-03-22 12:54:00,1642.7,1642.75,1642.7,1642.75,0.0,31.02,50697.35,1
2026-03-22,2026-03-22 12:55:00,1642.75,1642.8,1642.75,1642.8,0.0,31.02,50697.35,1
2026-03-22,2026-03-22 12:56:00,1642.8,1642.85,1642.8,1642.85,0.0,31.02,50697.35,1
2026-03-22,2026-03-22 12:57:00,1642.85,1642.9,1642.85,1642.9,0.0,31.02,50697.35,1
2026-03-22,2026-03-22 12:58:00,1642.9,1642.95,1642.9,1642.95,0.0,31.02,50697.35,1
2026-03-22,2026-03-22 12:59:00,1642.95,1643.0,1642.95,1643.0,0.0,31.02,50697.35,1
2026-03-22,2026-03-22 13:00:00,1643.0,1650.0,1606.5,1643.05,0.0,31.02,50697.35,1
2026-03-22,2026-03-22 13:01:00,1643.05,1643.1,1643.05,1643.1,0.0,31.02,50697.35,1
2026-03-22,2026-03-22 13:02:00,1643.1,1643.15,1643.1,1643.15,0.0,31.02,50697.35,1
2026-03-22,2026-03-22 13:03:00,1643.15,1643.2,1643.15,1643.2,0.0,31.02,50697.35,1
2026-03-22,2026-03-22 13:04:00,1643.2,1643.25,1643.2,1643.25,0.0,31.02,50697.35,1
2026-03-22,2026-03-22 13:05:00,1643.25,1643.3,1643.25,1643.3,0.0,31.02,50697.35,1
2026-03-22,2026-03-22 13:06:00,1643.3,1643.35,1643.3,1643.35,0.0,31.02,50697.35,1
2026-03-22,2026-03-22 13:07:00,1643.35,1643.4,1643.35,1643.4,0.0,31.02,50697.35,1
2026-03-22,2026-03-22 13:08:00,1643.4,1643.45,1643.4,1643.45,0.0,31.02,50697.35,1
2026-03-22,2026-03-22 13:09:00,1643.45,1643.5,1643.45,1643.5,0.0,31.02,50697.35,1
2026-03-22,2026-03-22 13:10:00,1643.5,1643.55,1643.5,1643.55,0.0,31.02,50697.35,1
2026-03-22,2026-03-22 13:11:00,1643.55,1643.6,1643.55,1643.6,0.0,31.02,50697.35,1
2026-03-22,2026-03-22 13:12:00,1643.6,1643.65,1643.6,1643.65,0.0,31.02,50697.35,1
2026-03-22,2026-03-22 13:13:00,1643.65,1643.7,1643.65,1643.7,0.0,31.02,50697.35,1
2026-03-22,2026-03-22 13:14:00,1643.7,1643.75,1643.7,1643.75,0.0,31.02,50697.35,1
2026-03-22,2026-03-22 13:15:00,1643.75,1643.8,1643.75,1643.8,0.0,31.02,50697.35,1
2026-03-22,2026-03-22 13:16:00,1643.8,1643.85,1643.8,1643.85,0.0,31.02,50697.35,1
2026-03-22,2026-03-22 13:17:00,1643.85,1643.9,1643.85,1643.9,0.0,31.02,50697.35,1
2026-03-22,2026-03-22 13:18:00,1643.9,1643.95,1643.9,1643.95,0.0,31.02,50697.35,1
2026-03-22,2026-03-22 13:19:00,1643.95,1644.0,1643.95,1644.0,0.0,31.02,50697.35,1
2026-03-22,2026-03-22 13:20:00,1644.0,1644.05,1644.0,1644.05,0.0,31.02,50697.35,1
2026-03-22,2026-03-22 13:21:00,1644.05,1644.1,1644.05,1644.1,0.0,31.02,50697.35,1
2026-03-22,2026-03-22 13:22:00,1644.1,1644.15,1644.1,1644.15,0.0,31.02,50697.35,1
2026-03-22,2026-03-22 13:23:00,1644.15,1644.2,1644.15,1644.2,0.0,31.02,50697.35,1
2026-03-22,2026-03-22 13:24:00,1644.2,1644.25,1644.2,1644.25,0.0,31.02,50697.35,1
2026-03-22,2026-03-22 13:25:00,1644.25,1644.3,1644.25,1644.3,0.0,31.02,50697.35,1
2026-03-22,2026-03-22 13:26:00,1644.3,1644.35,1644.3,1644.35,0.0,31.02,50697.35,1
2026-03-22,2026-03-22 13:27:00,1644.35,1644.4,1644.35,1644.4,0.0,31.02,50697.35,1
2026-03-22,2026-03-22 13:28:00,1644.4,1644.45,1644.4,1644.45,0.0,31.02,50697.35,1
2026-03-22,2026-03-22 13:29:00,1644.45,1644.5,1644.45,1644.5,0.0,31.02,50697.35,1
2026-03-22,2026-03-22 13:30:00,1644.5,1644.55,1644.5,1644.55,0.0,31.02,50697.35,1
2026-03-22,2026-03-22 13:31:00,1644.55,1644.6,1644.55,1644.6,0.0,31.02,50697.35,1
2026-03-22,2026-03-22 13:32:00,1644.6,1644.65,1644.6,1644.65,0.0,31.02,50697.35,1
2026-03-22,2026-03-22 13:33:00,1644.65,1644.7,1644.65,1644.7,0.0,31.02,50697.35,1
2026-03-22,2026-03-22 13:34:00,1644.7,1644.75,1644.7,1644.75,0.0,31.02,50697.35,1
2026-03-22,2026-03-22 13:35:00,1644.75,1644.8,1644.75,1644.8,0.0,31.02,50697.35,1
2026-03-22,2026-03-22 13:36:00,1644.8,1644.85,1644.8,1644.85,0.0,31.02,50697.35,1
2026-03-22,2026-03-22 13:37:00,1644.85,1644.9,1644.85,1644.9,0.0,31.02,50697.35,1
2026-03-22,2026-03-22 13:38:00,1644.9,1644.95,1644.9,1644.95,0.0,31.02,50697.35,1
2026-03-22,2026-03-22 13:39:00,1644.95,1645.0,1644.95,1645.0,0.0,31.02,50697.35,1
2026-03-22,2026-03-22 13:40:00,1645.0,1645.05,1645.0,1645.05,0.0,31.02,50697.35,1
2026-03-22,2026-03-22 13:41:00,1645.05,1645.1,1645.05,1645.1,0.0,31.02,50697.35,1
2026-03-22,2026-03-22 13:42:00,1645.1,1645.15,1645.1,1645.15,0.0,31.02,50697.35,1
2026-03-22,2026-03-22 13:43:00,1645.15,1645.2,1645.15,1645.2,0.0,31.02,50697.35,1
2026-03-22,2026-03-22 13:44:00,1645.2,1645.25,1645.2,1645.25,0.0,31.02,50697.35,1
2026-03-22,2026-03-22 13:45:00,1645.25,1645.3,1645.25,1645.3,0.0,31.02,50697.35,1
2026-03-22,2026-03-22 13:46:00,1645.3,1645.35,1645.3,1645.35,0.0,31.02,50697.35,1
2026-03-22,2026-03-22 13:47:00,1645.35,1645.4,1645.35,1645.4,0.0,31.02,50697.35,1
2026-03-22,2026-03-22 13:48:00,1645.4,1645.45,1645.4,1645.45,0.0,31.02,50697.35,1
2026-03-22,2026-03-22 13:49:00,1645.45,1645.5,1645.45,1645.5,0.0,31.02,50697.35,1
2026-03-22,2026-03-22 13:50:00,1645.5,1645.55,1645.5,1645.55,0.0,31.02,50697.35,1
2026-03-22,2026-03-22 13:51:00,1645.55,1645.6,1645.55,1645.6,0.0,31.02,50697.35,1
2026-03-22,2026-03-22 13:52:00,1645.6,1645.65,1645.6,1645.65,0.0,31.02,50697.35,1
2026-03-22,2026-03-22 13:53:00,1645.65,1645.7,1645.65,1645.7,0.0,31.02,50697.35,1
2026-03-22,2026-03-22 13:54:00,1645.7,1645.75,1645.7,1645.75,0.0,31.02,50697.35,1
2026-03-22,2026-03-22 13:55:00,1645.75,1645.8,1645.75,1645.8,0.0,31.02,50697.35,1
2026-03-22,2026-03-22 13:56:00,1645.8,1645.85,1645.8,1645.85,0.0,31.02,50697.35,1
2026-03-22,2026-03-22 13:57:00,1645.85,1645.9,1645.85,1645.9,0.0,31.02,50697.35,1
2026-03-22,2026-03-22 13:58:00,1645.9,1645.95,1645.9,1645.95,0.0,31.02,50697.35,1
2026-03-22,2026-03-22 13:59:00,1645.95,1646.0,1645.95,1646.0,0.0,31.02,50697.35,1
2026-03-22,2026-03-22 14:00:00,1646.0,1646.05,1646.0,1646.05,0.0,31.02,50697.35,1
2026-03-22,2026-03-22 14:01:00,1646.05,1646.1,1646.05,1646.1,0.0,31.02,50697.35,1
2026-03-22,2026-03-22 14:02:00,1646.1,1646.15,1646.1,1646.15,0.0,31.02,50697.35,1
2026-03-22,2026-03-22 14:03:00,1646.15,1646.2,1646.15,1646.2,0.0,31.02,50697.35,1
2026-03-22,2026-03-22 14:04:00,1646.2,1646.25,1646.2,1646.25,0.0,31.02,50697.35,1
2026-03-22,2026-03-22 14:05:00,1646.25,1646.3,1646.25,1646.3,0.0,31.02,50697.35,1
2026-03-22,2026-03-22 14:06:00,1646.3,1646.35,1646.3,1646.35,0.0,31.02,50697.35,1
2026-03-22,2026-03-22 14:07:00,1646.35,1646.4,1646.35,1646.4,0.0,31.02,50697.35,1
2026-03-22,2026-03-22 14:08:00,1646.4,1646.45,1646.4,1646.45,0.0,31.02,50697.35,1
2026-03-22,2026-03-22 14:09:00,1646.45,1646.5,1646.45,1646.5,0.0,31.02,50697.35,1
2026-03-22,2026-03-22 14:10:00,1646.5,1646.55,1646.5,1646.55,0.0,31.02,50697.35,1
2026-03-22,2026-03-22 14:11:00,1646.55,1646.6,1646.55,1646.6,0.0,31.02,50697.35,1
2026-03-22,2026-03-22 14:12:00,1646.6,1646.65,1646.6,1646.65,0.0,31.02,50697.35,1
2026-03-22,2026-03-22 14:13:00,1646.65,1646.7,1646.65,1646.7,0.0,31.02,50697.35,1
2026-03-22,2026-03-22 14:14:00,1646.7,1646.75,1646.7,1646.75,0.0,31.02,50697.35,1
2026-03-22,2026-03-22 14:15:00,1646.75,1646.8,1646.75,1646.8,0.0,31.02,50697.35,1
2026-03-22,2026-03-22 14:16:00,1646.8,1646.85,1646.8,1646.85,0.0,31.02,50697.35,1
2026-03-22,2026-03-22 14:17:00,1646.85,1646.9,1646.85,1646.9,0.0,31.02,50697.35,1
2026-03-22,2026-03-22 14:18:00,1646.9,1646.95,1646.9,1646.95,0.0,31.02,50697.35,1
2026-03-22,2026-03-22 14:19:00,1646.95,1647.0,1646.95,1647.0,0.0,31.02,50697.35,1
2026-03-22,2026-03-22 14:20:00,1647.0,1647.05,1647.0,1647.05,0.0,31.02,50697.35,1
2026-03-22,2026-03-22 14:21:00,1647.05,1647.1,1647.05,1647.1,0.0,31.02,50697.35,1
2026-03-22,2026-03-22 14:22:00,1647.1,1647.15,1647.1,1647.15,0.0,31.02,50697.35,1
2026-03-22,2026-03-22 14:23:00,1647.15,1647.2,1647.15,1647.2,0.0,31.02,50697.35,1
2026-03-22,2026-03-22 14:24:00,1647.2,1647.25,1647.2,1647.25,0.0,31.02,50697.35,1
2026-03-22,2026-03-22 14:25:00,1647.25,1647.3,1647.25,1647.3,0.0,31.02,50697.35,1
2026-03-22,2026-03-22 14:26:00,1647.3,1647.35,1647.3,1647.35,0.0,31.02,50697.35,1
2026-03-22,2026-03-22 14:27:00,1647.35,1647.4,1647.35,1647.4,0.0,31.02,50697.35,1
2026-03-22,2026-03-22 14:28:00,1647.4,1647.45,1647.4,1647.45,0.0,31.02,50697.35,1
2026-03-22,2026-03-22 14:29:00,1647.45,1647.5,1647.45,1647.5,0.0,31.02,50697.35,1
2026-03-22,2026-03-22 14:30:00,1647.5,1647.55,1647.5,1647.55,0.0,31.02,50697.35,1
2026-03-22,2026-03-22 14:31:00,1647.55,1647.6,1647.55,1647.6,0.0,31.02,50697.35,1
2026-03-22,2026-03-22 14:32:00,1647.6,1647.65,1647.6,1647.65,0.0,31.02,50697.35,1
2026-03-22,2026-03-22 14:33:00,1647.65,1647.7,1647.65,1647.7,0.0,31.02,50697.35,1
2026-03-22,2026-03-22 14:34:00,1647.7,1647.75,1647.7,1647.75,0.0,31.02,50697.35,1
2026-03-22,2026-03-22 14:35:00,1647.75,1647.8,1647.75,1647.8,0.0,31.02,50697.35,1
2026-03-22,2026-03-22 14:36:00,1647.8,1647.85,1647.8,1647.85,0.0,31.02,50697.35,1
2026-03-22,2026-03-22 14:37:00,1647.85,1647.9,1647.85,1647.9,0.0,31.02,50697.35,1
2026-03-22,2026-03-22 14:38:00,1647.9,1647.95,1647.9,1647.95,0.0,31.02,50697.35,1
2026-03-22,2026-03-22 14:39:00,1647.95,1648.0,1647.95,1648.0,0.0,31.02,50697.35,1
2026-03-22,2026-03-22 14:40:00,1648.0,1648.05,1648.0,1648.05,0.0,31.02,50697.35,1
2026-03-22,2026-03-22 14:41:00,1648.05,1648.1,1648.05,1648.1,0.0,31.02,50697.35,1
2026-03-22,2026-03-22 14:42:00,1648.1,1648.15,1648.1,1648.15,0.0,31.02,50697.35,1
2026-03-22,2026-03-22 14:43:00,1648.15,1648.2,1648.15,1648.2,0.0,31.02,50697.35,1
2026-03-22,2026-03-22 14:44:00,1648.2,1648.25,1648.2,1648.25,0.0,31.02,50697.35,1
2026-03-22,2026-03-22 14:45:00,1648.25,1648.3,1648.25,1648.3,0.0,31.02,50697.35,1
2026-03-22,2026-03-22 14:46:00,1648.3,1648.35,1648.3,1648.35,0.0,31.02,50697.35,1
2026-03-22,2026-03-22 14:47:00,1648.35,1648.4,1648.35,1648.4,0.0,31.02,50697.35,1
2026-03-22,2026-03-22 14:48:00,1648.4,1648.45,1648.4,1648.45,0.0,31.02,50697.35,1
2026-03-22,2026-03-22 14:49:00,1648.45,1648.5,1648.45,1648.5,0.0,31.02,50697.35,1
2026-03-22,2026-03-22 14:50:00,1648.5,1648.55,1648.5,1648.55,0.0,31.02,50697.35,1
2026-03-22,2026-03-22 14:51:00,1648.55,1648.6,1648.55,1648.6,0.0,31.02,50697.35,1
2026-03-22,2026-03-22 14:52:00,1648.6,1648.65,1648.6,1648.65,0.0,31.02,50697.35,1
2026-03-22,2026-03-22 14:53:00,1648.65,1648.7,1648.65,1648.7,0.0,31.02,50697.35,1
2026-03-22,2026-03-22 14:54:00,1648.7,1648.75,1648.7,1648.75,0.0,31.02,50697.35,1
2026-03-22,2026-03-22 14:55:00,1648.75,1648.8,1648.75,1648.8,0.0,31.02,50697.35,1
2026-03-22,2026-03-22 14:56:00,1648.8,1648.85,1648.8,1648.85,0.0,31.02,50697.35,1
2026-03-22,2026-03-22 14:57:00,1648.85,1648.9,1648.85,1648.9,0.0,31.02,50697.35,1
2026-03-22,2026-03-22 14:58:00,1648.9,1648.95,1648.9,1648.95,0.0,31.02,50697.35,1
2026-03-22,2026-03-22 14:59:00,1648.95,1649.0,1648.95,1649.0,0.0,31.02,50697.35,1
2026-03-22,2026-03-22 15:00:00,1649.0,1650.0,1606.5,1649.0,0.0,31.02,50697.35,0
2026-03-23,2026-03-23 11:00:00,1681.0,1681.0,1660.6,1680.85,-0.01,14.06,23018.31,-1
2026-03-23,2026-03-23 11:01:00,1680.85,1680.85,1680.7,1680.7,-0.01,14.06,23018.31,-1
2026-03-23,2026-03-23 11:02:00,1680.7,1680.7,1680.55,1680.55,-0.01,14.06,23018.31,-1
2026-03-23,2026-03-23 11:03:00,1680.55,1680.55,1680.4,1680.4,-0.01,14.06,23018.31,-1
2026-03-23,2026-03-23 11:04:00,1680.4,1680.4,1680.25,1680.25,-0.01,14.06,23018.31,-1
2026-03-23,2026-03-23 11:05:00,1680.25,1680.25,1680.1,1680.1,-0.01,14.06,23018.31,-1
2026-03-23,2026-03-23 11:06:00,1680.1,1680.1,1679.95,1679.95,-0.01,14.06,23018.31,-1
2026-03-23,2026-03-23 11:07:00,1679.95,1679.95,1679.8,1679.8,-0.01,14.06,23018.31,-1
2026-03-23,2026-03-23 11:08:00,1679.8,1679.8,1679.65,1679.65,-0.01,14.06,23018.31,-1
2026-03-23,2026-03-23 11:09:00,1679.65,1679.65,1679.5,1679.5,-0.01,14.06,23018.31,-1
2026-03-23,2026-03-23 11:10:00,1679.5,1679.5,1679.35,1679.35,-0.01,14.06,23018.31,-1
2026-03-23,2026-03-23 11:11:00,1679.35,1679.35,1679.2,1679.2,-0.01,14.06,23018.31,-1
2026-03-23,2026-03-23 11:12:00,1679.2,1679.2,1679.05,1679.05,-0.01,14.06,23018.31,-1
2026-03-23,2026-03-23 11:13:00,1679.05,1679.05,1678.9,1678.9,-0.01,14.06,23018.31,-1
2026-03-23,2026-03-23 11:14:00,1678.9,1678.9,1678.75,1678.75,-0.01,14.06,23018.31,-1
2026-03-23,2026-03-23 11:15:00,1678.75,1678.75,1678.6,1678.6,-0.01,14.06,23018.31,-1
2026-03-23,2026-03-23 11:16:00,1678.6,1678.6,1678.45,1678.45,-0.01,14.06,23018.31,-1
2026-03-23,2026-03-23 11:17:00,1678.45,1678.45,1678.3,1678.3,-0.01,14.06,23018.31,-1
2026-03-23,2026-03-23 11:18:00,1678.3,1678.3,1678.15,1678.15,-0.01,14.06,23018.31,-1
2026-03-23,2026-03-23 11:19:00,1678.15,1678.15,1678.0,1678.0,-0.01,14.06,23018.31,-1
2026-03-23,2026-03-23 11:20:00,1678.0,1678.0,1677.85,1677.85,-0.01,14.06,23018.31,-1
2026-03-23,2026-03-23 11:21:00,1677.85,1677.85,1677.7,1677.7,-0.01,14.06,23018.31,-1
2026-03-23,2026-03-23 11:22:00,1677.7,1677.7,1677.55,1677.55,-0.01,14.06,23018.31,-1
2026-03-23,2026-03-23 11:23:00,1677.55,1677.55,1677.4,1677.4,-0.01,14.06,23018.31,-1
2026-03-23,2026-03-23 11:24:00,1677.4,1677.4,1677.25,1677.25,-0.01,14.06,23018.31,-1
2026-03-23,2026-03-23 11:25:00,1677.25,1677.25,1677.1,1677.1,-0.01,14.06,23018.31,-1
2026-03-23,2026-03-23 11:26:00,1677.1,1677.1,1676.95,1676.95,-0.01,14.06,23018.31,-1
2026-03-23,2026-03-23 11:27:00,1676.95,1676.95,1676.8,1676.8,-0.01,14.06,23018.31,-1
2026-03-23,2026-03-23 11:28:00,1676.8,1676.8,1676.65,1676.65,-0.01,14.06,23018.31,-1
2026-03-23,2026-03-23 11:29:00,1676.65,1676.65,1676.5,1676.5,-0.01,14.06,23018.31,-1
2026-03-23,2026-03-23 11:30:00,1676.5,1676.5,1676.35,1676.35,-0.01,14.06,23018.31,-1
2026-03-23,2026-03-23 11:31:00,1676.35,1676.35,1676.2,1676.2,-0.01,14.06,23018.31,-1
2026-03-23,2026-03-23 11:32:00,1676.2,1676.2,1676.05,1676.05,-0.01,14.06,23018.31,-1
2026-03-23,2026-03-23 11:33:00,1676.05,1676.05,1675.9,1675.9,-0.01,14.06,23018.31,-1
2026-03-23,2026-03-23 11:34:00,1675.9,1675.9,1675.75,1675.75,-0.01,14.06,23018.31,-1
2026-03-23,2026-03-23 11:35:00,1675.75,1675.75,1675.6,1675.6,-0.01,14.06,23018.31,-1
2026-03-23,2026-03-23 11:36:00,1675.6,1675.6,1675.45,1675.45,-0.01,14.06,23018.31,-1
2026-03-23,2026-03-23 11:37:00,1675.45,1675.45,1675.3,1675.3,-0.01,14.06,23018.31,-1
2026-03-23,2026-03-23 11:38:00,1675.3,1675.3,1675.15,1675.15,-0.01,14.06,23018.31,-1
2026-03-23,2026-03-23 11:39:00,1675.15,1675.15,1675.0,1675.0,-0.01,14.06,23018.31,-1
2026-03-23,2026-03-23 11:40:00,1675.0,1675.0,1674.85,1674.85,-0.01,14.06,23018.31,-1
2026-03-23,2026-03-23 11:41:00,1674.85,1674.85,1674.7,1674.7,-0.01,14.06,23018.31,-1
2026-03-23,2026-03-23 11:42:00,1674.7,1674.7,1674.55,1674.55,-0.01,14.06,23018.31,-1
2026-03-23,2026-03-23 11:43:00,1674.55,1674.55,1674.4,1674.4,-0.01,14.06,23018.31,-1
2026-03-23,2026-03-23 11:44:00,1674.4,1674.4,1674.25,1674.25,-0.01,14.06,23018.31,-1
2026-03-23,2026-03-23 11:45:00,1674.25,1674.25,1674.1,1674.1,-0.01,14.06,23018.31,-1
2026-03-23,2026-03-23 11:46:00,1674.1,1674.1,1673.95,1673.95,-0.01,14.06,23018.31,-1
2026-03-23,2026-03-23 11:47:00,1673.95,1673.95,1673.8,1673.8,-0.01,14.06,23018.31,-1
2026-03-23,2026-03-23 11:48:00,1673.8,1673.8,1673.65,1673.65,-0.01,14.06,23018.31,-1
2026-03-23,2026-03-23 11:49:00,1673.65,1673.65,1673.5,1673.5,-0.01,14.06,23018.31,-1
2026-03-23,2026-03-23 11:50:00,1673.5,1673.5,1673.35,1673.35,-0.01,14.06,23018.31,-1
2026-03-23,2026-03-23 11:51:00,1673.35,1673.35,1673.2,1673.2,-0.01,14.06,23018.31,-1
2026-03-23,2026-03-23 11:52:00,1673.2,1673.2,1673.05,1673.05,-0.01,14.06,23018.31,-1
2026-03-23,2026-03-23 11:53:00,1673.05,1673.05,1672.9,1672.9,-0.01,14.06,23018.31,-1
2026-03-23,2026-03-23 11:54:00,1672.9,1672.9,1672.75,1672.75,-0.01,14.06,23018.31,-1
2026-03-23,2026-03-23 11:55:00,1672.75,1672.75,1672.6,1672.6,-0.01,14.06,23018.31,-1
2026-03-23,2026-03-23 11:56:00,1672.6,1672.6,1672.45,1672.45,-0.01,14.06,23018.31,-1
2026-03-23,2026-03-23 11:57:00,1672.45,1672.45,1672.3,1672.3,-0.01,14.06,23018.31,-1
2026-03-23,2026-03-23 11:58:00,1672.3,1672.3,1672.15,1672.15,-0.01,14.06,23018.31,-1
2026-03-23,2026-03-23 11:59:00,1672.15,1672.15,1672.0,1672.0,-0.01,14.06,23018.31,-1
2026-03-23,2026-03-23 12:00:00,1672.0,1672.0,1671.85,1671.85,-0.01,14.06,23018.31,-1
2026-03-23,2026-03-23 12:01:00,1671.85,1671.85,1671.7,1671.7,-0.01,14.06,23018.31,-1
2026-03-23,2026-03-23 12:02:00,1671.7,1671.7,1671.55,1671.55,-0.01,14.06,23018.31,-1
2026-03-23,2026-03-23 12:03:00,1671.55,1671.55,1671.4,1671.4,-0.01,14.06,23018.31,-1
2026-03-23,2026-03-23 12:04:00,1671.4,1671.4,1671.25,1671.25,-0.01,14.06,23018.31,-1
2026-03-23,2026-03-23 12:05:00,1671.25,1671.25,1671.1,1671.1,-0.01,14.06,23018.31,-1
2026-03-23,2026-03-23 12:06:00,1671.1,1671.1,1670.95,1670.95,-0.01,14.06,23018.31,-1
2026-03-23,2026-03-23 12:07:00,1670.95,1670.95,1670.8,1670.8,-0.01,14.06,23018.31,-1
2026-03-23,2026-03-23 12:08:00,1670.8,1670.8,1670.65,1670.65,-0.01,14.06,23018.31,-1
2026-03-23,2026-03-23 12:09:00,1670.65,1670.65,1670.5,1670.5,-0.01,14.06,23018.31,-1
2026-03-23,2026-03-23 12:10:00,1670.5,1670.5,1670.35,1670.35,-0.01,14.06,23018.31,-1
2026-03-23,2026-03-23 12:11:00,1670.35,1670.35,1670.2,1670.2,-0.01,14.06,23018.31,-1
2026-03-23,2026-03-23 12:12:00,1670.2,1670.2,1670.05,1670.05,-0.01,14.06,23018.31,-1
2026-03-23,2026-03-23 12:13:00,1670.05,1670.05,1669.9,1669.9,-0.01,14.06,23018.31,-1
2026-03-23,2026-03-23 12:14:00,1669.9,1669.9,1669.75,1669.75,-0.01,14.06,23018.31,-1
2026-03-23,2026-03-23 12:15:00,1669.75,1669.75,1669.6,1669.6,-0.01,14.06,23018.31,-1
2026-03-23,2026-03-23 12:16:00,1669.6,1669.6,1669.45,1669.45,-0.01,14.06,23018.31,-1
2026-03-23,2026-03-23 12:17:00,1669.45,1669.45,1669.3,1669.3,-0.01,14.06,23018.31,-1
2026-03-23,2026-03-23 12:18:00,1669.3,1669.3,1669.15,1669.15,-0.01,14.06,23018.31,-1
2026-03-23,2026-03-23 12:19:00,1669.15,1669.15,1669.0,1669.0,-0.01,14.06,23018.31,-1
2026-03-23,2026-03-23 12:20:00,1669.0,1669.0,1668.85,1668.85,-0.01,14.06,23018.31,-1
2026-03-23,2026-03-23 12:21:00,1668.85,1668.85,1668.7,1668.7,-0.01,14.06,23018.31,-1
2026-03-23,2026-03-23 12:22:00,1668.7,1668.7,1668.55,1668.55,-0.01,14.06,23018.31,-1
2026-03-23,2026-03-23 12:23:00,1668.55,1668.55,1668.4,1668.4,-0.01,14.06,23018.31,-1
2026-03-23,2026-03-23 12:24:00,1668.4,1668.4,1668.25,1668.25,-0.01,14.06,23018.31,-1
2026-03-23,2026-03-23 12:25:00,1668.25,1668.25,1668.1,1668.1,-0.01,14.06,23018.31,-1
2026-03-23,2026-03-23 12:26:00,1668.1,1668.1,1667.95,1667.95,-0.01,14.06,23018.31,-1
2026-03-23,2026-03-23 12:27:00,1667.95,1667.95,1667.8,1667.8,-0.01,14.06,23018.31,-1
2026-03-23,2026-03-23 12:28:00,1667.8,1667.8,1667.65,1667.65,-0.01,14.06,23018.31,-1
2026-03-23,2026-03-23 12:29:00,1667.65,1667.65,1667.5,1667.5,-0.01,14.06,23018.31,-1
2026-03-23,2026-03-23 12:30:00,1667.5,1667.5,1667.35,1667.35,-0.01,14.06,23018.31,-1
2026-03-23,2026-03-23 12:31:00,1667.35,1667.35,1667.2,1667.2,-0.01,14.06,23018.31,-1
2026-03-23,2026-03-23 12:32:00,1667.2,1667.2,1667.05,1667.05,-0.01,14.06,23018.31,-1
2026-03-23,2026-03-23 12:33:00,1667.05,1667.05,1666.9,1666.9,-0.01,14.06,23018.31,-1
2026-03-23,2026-03-23 12:34:00,1666.9,1666.9,1666.75,1666.75,-0.01,14.06,23018.31,-1
2026-03-23,2026-03-23 12:35:00,1666.75,1666.75,1666.6,1666.6,-0.01,14.06,23018.31,-1
2026-03-23,2026-03-23 12:36:00,1666.6,1666.6,1666.45,1666.45,-0.01,14.06,23018.31,-1
2026-03-23,2026-03-23 12:37:00,1666.45,1666.45,1666.3,1666.3,-0.01,14.06,23018.31,-1
2026-03-23,2026-03-23 12:38:00,1666.3,1666.3,1666.15,1666.15,-0.01,14.06,23018.31,-1
2026-03-23,2026-03-23 12:39:00,1666.15,1666.15,1666.0,1666.0,-0.01,14.06,23018.31,-1
2026-03-23,2026-03-23 12:40:00,1666.0,1666.0,1665.85,1665.85,-0.01,14.06,23018.31,-1
2026-03-23,2026-03-23 12:41:00,1665.85,1665.85,1665.7,1665.7,-0.01,14.06,23018.31,-1
2026-03-23,2026-03-23 12:42:00,1665.7,1665.7,1665.55,1665.55,-0.01,14.06,23018.31,-1
2026-03-23,2026-03-23 12:43:00,1665.55,1665.55,1665.4,1665.4,-0.01,14.06,23018.31,-1
2026-03-23,2026-03-23 12:44:00,1665.4,1665.4,1665.25,1665.25,-0.01,14.06,23018.31,-1
2026-03-23,2026-03-23 12:45:00,1665.25,1665.25,1665.1,1665.1,-0.01,14.06,23018.31,-1
2026-03-23,2026-03-23 12:46:00,1665.1,1665.1,1664.95,1664.95,-0.01,14.06,23018.31,-1
2026-03-23,2026-03-23 12:47:00,1664.95,1664.95,1664.8,1664.8,-0.01,14.06,23018.31,-1
2026-03-23,2026-03-23 12:48:00,1664.8,1664.8,1664.65,1664.65,-0.01,14.06,23018.31,-1
2026-03-23,2026-03-23 12:49:00,1664.65,1664.65,1664.5,1664.5,-0.01,14.06,23018.31,-1
2026-03-23,2026-03-23 12:50:00,1664.5,1664.5,1664.35,1664.35,-0.01,14.06,23018.31,-1
2026-03-23,2026-03-23 12:51:00,1664.35,1664.35,1664.2,1664.2,-0.01,14.06,23018.31,-1
2026-03-23,2026-03-23 12:52:00,1664.2,1664.2,1664.05,1664.05,-0.01,14.06,23018.31,-1
2026-03-23,2026-03-23 12:53:00,1664.05,1664.05,1663.9,1663.9,-0.01,14.06,23018.31,-1
2026-03-23,2026-03-23 12:54:00,1663.9,1663.9,1663.75,1663.75,-0.01,14.06,23018.31,-1
2026-03-23,2026-03-23 12:55:00,1663.75,1663.75,1663.6,1663.6,-0.01,14.06,23018.31,-1
2026-03-23,2026-03-23 12:56:00,1663.6,1663.6,1663.45,1663.45,-0.01,14.06,23018.31,-1
2026-03-23,2026-03-23 12:57:00,1663.45,1663.45,1663.3,1663.3,-0.01,14.06,23018.31,-1
2026-03-23,2026-03-23 12:58:00,1663.3,1663.3,1663.15,1663.15,-0.01,14.06,23018.31,-1
2026-03-23,2026-03-23 12:59:00,1663.15,1663.15,1663.0,1663.0,-0.01,14.06,23018.31,-1
2026-03-23,2026-03-23 13:00:00,1663.0,1681.0,1613.0,1662.85,-0.01,14.06,23018.31,-1
2026-03-23,2026-03-23 13:01:00,1662.85,1662.85,1662.7,1662.7,-0.01,14.06,23018.31,-1
2026-03-23,2026-03-23 13:02:00,1662.7,1662.7,1662.55,1662.55,-0.01,14.06,23018.31,-1
2026-03-23,2026-03-23 13:03:00,1662.55,1662.55,1662.4,1662.4,-0.01,14.06,23018.31,-1
2026-03-23,2026-03-23 13:04:00,1662.4,1662.4,1662.25,1662.25,-0.01,14.06,23018.31,-1
2026-03-23,2026-03-23 13:05:00,1662.25,1662.25,1662.1,1662.1,-0.01,14.06,23018.31,-1
2026-03-23,2026-03-23 13:06:00,1662.1,1662.1,1661.95,1661.95,-0.01,14.06,23018.31,-1
2026-03-23,2026-03-23 13:07:00,1661.95,1661.95,1661.8,1661.8,-0.01,14.06,23018.31,-1
2026-03-23,2026-03-23 13:08:00,1661.8,1661.8,1661.65,1661.65,-0.01,14.06,23018.31,-1
2026-03-23,2026-03-23 13:09:00,1661.65,1661.65,1661.5,1661.5,-0.01,14.06,23018.31,-1
2026-03-23,2026-03-23 13:10:00,1661.5,1661.5,1661.35,1661.35,-0.01,14.06,23018.31,-1
2026-03-23,2026-03-23 13:11:00,1661.35,1661.35,1661.2,1661.2,-0.01,14.06,23018.31,-1
2026-03-23,2026-03-23 13:12:00,1661.2,1661.2,1661.05,1661.05,-0.01,14.06,23018.31,-1
2026-03-23,2026-03-23 13:13:00,1661.05,1661.05,1660.9,1660.9,-0.01,14.06,23018.31,-1
2026-03-23,2026-03-23 13:14:00,1660.9,1660.9,1660.75,1660.75,-0.01,14.06,23018.31,-1
2026-03-23,2026-03-23 13:15:00,1660.75,1660.75,1660.6,1660.6,-0.01,14.06,23018.31,-1
2026-03-23,2026-03-23 13:16:00,1660.6,1660.6,1660.45,1660.45,-0.01,14.06,23018.31,-1
2026-03-23,2026-03-23 13:17:00,1660.45,1660.45,1660.3,1660.3,-0.01,14.06,23018.31,-1
2026-03-23,2026-03-23 13:18:00,1660.3,1660.3,1660.15,1660.15,-0.01,14.06,23018.31,-1
2026-03-23,2026-03-23 13:19:00,1660.15,1660.15,1660.0,1660.0,-0.01,14.06,23018.31,-1
2026-03-23,2026-03-23 13:20:00,1660.0,1660.0,1659.85,1659.85,-0.01,14.06,23018.31,-1
2026-03-23,2026-03-23 13:21:00,1659.85,1659.85,1659.7,1659.7,-0.01,14.06,23018.31,-1
2026-03-23,2026-03-23 13:22:00,1659.7,1659.7,1659.55,1659.55,-0.01,14.06,23018.31,-1
2026-03-23,2026-03-23 13:23:00,1659.55,1659.55,1659.4,1659.4,-0.01,14.06,23018.31,-1
2026-03-23,2026-03-23 13:24:00,1659.4,1659.4,1659.25,1659.25,-0.01,14.06,23018.31,-1
2026-03-23,2026-03-23 13:25:00,1659.25,1659.25,1659.1,1659.1,-0.01,14.06,23018.31,-1
2026-03-23,2026-03-23 13:26:00,1659.1,1659.1,1658.95,1658.95,-0.01,14.06,23018.31,-1
2026-03-23,2026-03-23 13:27:00,1658.95,1658.95,1658.8,1658.8,-0.01,14.06,23018.31,-1
2026-03-23,2026-03-23 13:28:00,1658.8,1658.8,1658.65,1658.65,-0.01,14.06,23018.31,-1
2026-03-23,2026-03-23 13:29:00,1658.65,1658.65,1658.5,1658.5,-0.01,14.06,23018.31,-1
2026-03-23,2026-03-23 13:30:00,1658.5,1658.5,1658.35,1658.35,-0.01,14.06,23018.31,-1
2026-03-23,2026-03-23 13:31:00,1658.35,1658.35,1658.2,1658.2,-0.01,14.06,23018.31,-1
2026-03-23,2026-03-23 13:32:00,1658.2,1658.2,1658.05,1658.05,-0.01,14.06,23018.31,-1
2026-03-23,2026-03-23 13:33:00,1658.05,1658.05,1657.9,1657.9,-0.01,14.06,23018.31,-1
2026-03-23,2026-03-23 13:34:00,1657.9,1657.9,1657.75,1657.75,-0.01,14.06,23018.31,-1
2026-03-23,2026-03-23 13:35:00,1657.75,1657.75,1657.6,1657.6,-0.01,14.06,23018.31,-1
2026-03-23,2026-03-23 13:36:00,1657.6,1657.6,1657.45,1657.45,-0.01,14.06,23018.31,-1
2026-03-23,2026-03-23 13:37:00,1657.45,1657.45,1657.3,1657.3,-0.01,14.06,23018.31,-1
2026-03-23,2026-03-23 13:38:00,1657.3,1657.3,1657.15,1657.15,-0.01,14.06,23018.31,-1
2026-03-23,2026-03-23 13:39:00,1657.15,1657.15,1657.0,1657.0,-0.01,14.06,23018.31,-1
2026-03-23,2026-03-23 13:40:00,1657.0,1657.0,1656.85,1656.85,-0.01,14.06,23018.31,-1
2026-03-23,2026-03-23 13:41:00,1656.85,1656.85,1656.7,1656.7,-0.01,14.06,23018.31,-1
2026-03-23,2026-03-23 13:42:00,1656.7,1656.7,1656.55,1656.55,-0.01,14.06,23018.31,-1
2026-03-23,2026-03-23 13:43:00,1656.55,1656.55,1656.4,1656.4,-0.01,14.06,23018.31,-1
2026-03-23,2026-03-23 13:44:00,1656.4,1656.4,1656.25,1656.25,-0.01,14.06,23018.31,-1
2026-03-23,2026-03-23 13:45:00,1656.25,1656.25,1656.1,1656.1,-0.01,14.06,23018.31,-1
2026-03-23,2026-03-23 13:46:00,1656.1,1656.1,1655.95,1655.95,-0.01,14.06,23018.31,-1
2026-03-23,2026-03-23 13:47:00,1655.95,1655.95,1655.8,1655.8,-0.01,14.06,23018.31,-1
2026-03-23,2026-03-23 13:48:00,1655.8,1655.8,1655.65,1655.65,-0.01,14.06,23018.31,-1
2026-03-23,2026-03-23 13:49:00,1655.65,1655.65,1655.5,1655.5,-0.01,14.06,23018.31,-1
2026-03-23,2026-03-23 13:50:00,1655.5,1655.5,1655.35,1655.35,-0.01,14.06,23018.31,-1
2026-03-23,2026-03-23 13:51:00,1655.35,1655.35,1655.2,1655.2,-0.01,14.06,23018.31,-1
2026-03-23,2026-03-23 13:52:00,1655.2,1655.2,1655.05,1655.05,-0.01,14.06,23018.31,-1
2026-03-23,2026-03-23 13:53:00,1655.05,1655.05,1654.9,1654.9,-0.01,14.06,23018.31,-1
2026-03-23,2026-03-23 13:54:00,1654.9,1654.9,1654.75,1654.75,-0.01,14.06,23018.31,-1
2026-03-23,2026-03-23 13:55:00,1654.75,1654.75,1654.6,1654.6,-0.01,14.06,23018.31,-1
2026-03-23,2026-03-23 13:56:00,1654.6,1654.6,1654.45,1654.45,-0.01,14.06,23018.31,-1
2026-03-23,2026-03-23 13:57:00,1654.45,1654.45,1654.3,1654.3,-0.01,14.06,23018.31,-1
2026-03-23,2026-03-23 13:58:00,1654.3,1654.3,1654.15,1654.15,-0.01,14.06,23018.31,-1
2026-03-23,2026-03-23 13:59:00,1654.15,1654.15,1654.0,1654.0,-0.01,14.06,23018.31,-1
2026-03-23,2026-03-23 14:00:00,1654.0,1654.0,1653.85,1653.85,-0.01,14.06,23018.31,-1
2026-03-23,2026-03-23 14:01:00,1653.85,1653.85,1653.7,1653.7,-0.01,14.06,23018.31,-1
2026-03-23,2026-03-23 14:02:00,1653.7,1653.7,1653.55,1653.55,-0.01,14.06,23018.31,-1
2026-03-23,2026-03-23 14:03:00,1653.55,1653.55,1653.4,1653.4,-0.01,14.06,23018.31,-1
2026-03-23,2026-03-23 14:04:00,1653.4,1653.4,1653.25,1653.25,-0.01,14.06,23018.31,-1
2026-03-23,2026-03-23 14:05:00,1653.25,1653.25,1653.1,1653.1,-0.01,14.06,23018.31,-1
2026-03-23,2026-03-23 14:06:00,1653.1,1653.1,1652.95,1652.95,-0.01,14.06,23018.31,-1
2026-03-23,2026-03-23 14:07:00,1652.95,1652.95,1652.8,1652.8,-0.01,14.06,23018.31,-1
2026-03-23,2026-03-23 14:08:00,1652.8,1652.8,1652.65,1652.65,-0.01,14.06,23018.31,-1
2026-03-23,2026-03-23 14:09:00,1652.65,1652.65,1652.5,1652.5,-0.01,14.06,23018.31,-1
2026-03-23,2026-03-23 14:10:00,1652.5,1652.5,1652.35,1652.35,-0.01,14.06,23018.31,-1
2026-03-23,2026-03-23 14:11:00,1652.35,1652.35,1652.2,1652.2,-0.01,14.06,23018.31,-1
2026-03-23,2026-03-23 14:12:00,1652.2,1652.2,1652.05,1652.05,-0.01,14.06,23018.31,-1
2026-03-23,2026-03-23 14:13:00,1652.05,1652.05,1651.9,1651.9,-0.01,14.06,23018.31,-1
2026-03-23,2026-03-23 14:14:00,1651.9,1651.9,1651.75,1651.75,-0.01,14.06,23018.31,-1
2026-03-23,2026-03-23 14:15:00,1651.75,1651.75,1651.6,1651.6,-0.01,14.06,23018.31,-1
2026-03-23,2026-03-23 14:16:00,1651.6,1651.6,1651.45,1651.45,-0.01,14.06,23018.31,-1
2026-03-23,2026-03-23 14:17:00,1651.45,1651.45,1651.3,1651.3,-0.01,14.06,23018.31,-1
2026-03-23,2026-03-23 14:18:00,1651.3,1651.3,1651.15,1651.15,-0.01,14.06,23018.31,-1
2026-03-23,2026-03-23 14:19:00,1651.15,1651.15,1651.0,1651.0,-0.01,14.06,23018.31,-1
2026-03-23,2026-03-23 14:20:00,1651.0,1651.0,1650.85,1650.85,-0.01,14.06,23018.31,-1
2026-03-23,2026-03-23 14:21:00,1650.85,1650.85,1650.7,1650.7,-0.01,14.06,23018.31,-1
2026-03-23,2026-03-23 14:22:00,1650.7,1650.7,1650.55,1650.55,-0.01,14.06,23018.31,-1
2026-03-23,2026-03-23 14:23:00,1650.55,1650.55,1650.4,1650.4,-0.01,14.06,23018.31,-1
2026-03-23,2026-03-23 14:24:00,1650.4,1650.4,1650.25,1650.25,-0.01,14.06,23018.31,-1
2026-03-23,2026-03-23 14:25:00,1650.25,1650.25,1650.1,1650.1,-0.01,14.06,23018.31,-1
2026-03-23,2026-03-23 14:26:00,1650.1,1650.1,1649.95,1649.95,-0.01,14.06,23018.31,-1
2026-03-23,2026-03-23 14:27:00,1649.95,1649.95,1649.8,1649.8,-0.01,14.06,23018.31,-1
2026-03-23,2026-03-23 14:28:00,1649.8,1649.8,1649.65,1649.65,-0.01,14.06,23018.31,-1
2026-03-23,2026-03-23 14:29:00,1649.65,1649.65,1649.5,1649.5,-0.01,14.06,23018.31,-1
2026-03-23,2026-03-23 14:30:00,1649.5,1649.5,1649.35,1649.35,-0.01,14.06,23018.31,-1
2026-03-23,2026-03-23 14:31:00,1649.35,1649.35,1649.2,1649.2,-0.01,14.06,23018.31,-1
2026-03-23,2026-03-23 14:32:00,1649.2,1649.2,1649.05,1649.05,-0.01,14.06,23018.31,-1
2026-03-23,2026-03-23 14:33:00,1649.05,1649.05,1648.9,1648.9,-0.01,14.06,23018.31,-1
2026-03-23,2026-03-23 14:34:00,1648.9,1648.9,1648.75,1648.75,-0.01,14.06,23018.31,-1
2026-03-23,2026-03-23 14:35:00,1648.75,1648.75,1648.6,1648.6,-0.01,14.06,23018.31,-1
2026-03-23,2026-03-23 14:36:00,1648.6,1648.6,1648.45,1648.45,-0.01,14.06,23018.31,-1
2026-03-23,2026-03-23 14:37:00,1648.45,1648.45,1648.3,1648.3,-0.01,14.06,23018.31,-1
2026-03-23,2026-03-23 14:38:00,1648.3,1648.3,1648.15,1648.15,-0.01,14.06,23018.31,-1
2026-03-23,2026-03-23 14:39:00,1648.15,1648.15,1648.0,1648.0,-0.01,14.06,23018.31,-1
2026-03-23,2026-03-23 14:40:00,1648.0,1648.0,1647.85,1647.85,-0.01,14.06,23018.31,-1
2026-03-23,2026-03-23 14:41:00,1647.85,1647.85,1647.7,1647.7,-0.01,14.06,23018.31,-1
2026-03-23,2026-03-23 14:42:00,1647.7,1647.7,1647.55,1647.55,-0.01,14.06,23018.31,-1
2026-03-23,2026-03-23 14:43:00,1647.55,1647.55,1647.4,1647.4,-0.01,14.06,23018.31,-1
2026-03-23,2026-03-23 14:44:00,1647.4,1647.4,1647.25,1647.25,-0.01,14.06,23018.31,-1
2026-03-23,2026-03-23 14:45:00,1647.25,1647.25,1647.1,1647.1,-0.01,14.06,23018.31,-1
2026-03-23,2026-03-23 14:46:00,1647.1,1647.1,1646.95,1646.95,-0.01,14.06,23018.31,-1
2026-03-23,2026-03-23 14:47:00,1646.95,1646.95,1646.8,1646.8,-0.01,14.06,23018.31,-1
2026-03-23,2026-03-23 14:48:00,1646.8,1646.8,1646.65,1646.65,-0.01,14.06,23018.31,-1
2026-03-23,2026-03-23 14:49:00,1646.65,1646.65,1646.5,1646.5,-0.01,14.06,23018.31,-1
2026-03-23,2026-03-23 14:50:00,1646.5,1646.5,1646.35,1646.35,-0.01,14.06,23018.31,-1
2026-03-23,2026-03-23 14:51:00,1646.35,1646.35,1646.2,1646.2,-0.01,14.06,23018.31,-1
2026-03-23,2026-03-23 14:52:00,1646.2,1646.2,1646.05,1646.05,-0.01,14.06,23018.31,-1
2026-03-23,2026-03-23 14:53:00,1646.05,1646.05,1645.9,1645.9,-0.01,14.06,23018.31,-1
2026-03-23,2026-03-23 14:54:00,1645.9,1645.9,1645.75,1645.75,-0.01,14.06,23018.31,-1
2026-03-23,2026-03-23 14:55:00,1645.75,1645.75,1645.6,1645.6,-0.01,14.06,23018.31,-1
2026-03-23,2026-03-23 14:56:00,1645.6,1645.6,1645.45,1645.45,-0.01,14.06,23018.31,-1
2026-03-23,2026-03-23 14:57:00,1645.45,1645.45,1645.3,1645.3,-0.01,14.06,23018.31,-1
2026-03-23,2026-03-23 14:58:00,1645.3,1645.3,1645.15,1645.15,-0.01,14.06,23018.31,-1
2026-03-23,2026-03-23 14:59:00,1645.15,1645.15,1645.0,1645.0,-0.01,14.06,23018.31,-1
2026-03-23,2026-03-23 15:00:00,1645.0,1681.0,1613.0,1645.0,0.0,14.06,23018.31,0
2026-03-24,2026-03-24 11:00:00,1612.1,1623.47,1612.1,1612.25,0.01,2.85,4670.16,1
2026-03-24,2026-03-24 11:01:00,1612.25,1612.4,1612.25,1612.4,0.01,2.85,4670.16,1
2026-03-24,2026-03-24 11:02:00,1612.4,1612.55,1612.4,1612.55,0.01,2.85,4670.16,1
2026-03-24,2026-03-24 11:03:00,1612.55,1612.7,1612.55,1612.7,0.01,2.85,4670.16,1
2026-03-24,2026-03-24 11:04:00,1612.7,1612.85,1612.7,1612.85,0.01,2.85,4670.16,1
2026-03-24,2026-03-24 11:05:00,1612.85,1613.0,1612.85,1613.0,0.01,2.85,4670.16,1
2026-03-24,2026-03-24 11:06:00,1613.0,1613.15,1613.0,1613.15,0.01,2.85,4670.16,1
2026-03-24,2026-03-24 11:07:00,1613.15,1613.3,1613.15,1613.3,0.01,2.85,4670.16,1
2026-03-24,2026-03-24 11:08:00,1613.3,1613.45,1613.3,1613.45,0.01,2.85,4670.16,1
2026-03-24,2026-03-24 11:09:00,1613.45,1613.6,1613.45,1613.6,0.01,2.85,4670.16,1
2026-03-24,2026-03-24 11:10:00,1613.6,1613.75,1613.6,1613.75,0.01,2.85,4670.16,1
2026-03-24,2026-03-24 11:11:00,1613.75,1613.89,1613.75,1613.89,0.01,2.85,4670.16,1
2026-03-24,2026-03-24 11:12:00,1613.89,1614.04,1613.89,1614.04,0.01,2.85,4670.16,1
2026-03-24,2026-03-24 11:13:00,1614.04,1614.19,1614.04,1614.19,0.01,2.85,4670.16,1
2026-03-24,2026-03-24 11:14:00,1614.19,1614.34,1614.19,1614.34,0.01,2.85,4670.16,1
2026-03-24,2026-03-24 11:15:00,1614.34,1614.49,1614.34,1614.49,0.01,2.85,4670.16,1
2026-03-24,2026-03-24 11:16:00,1614.49,1614.64,1614.49,1614.64,0.01,2.85,4670.16,1
2026-03-24,2026-03-24 11:17:00,1614.64,1614.79,1614.64,1614.79,0.01,2.85,4670.16,1
2026-03-24,2026-03-24 11:18:00,1614.79,1614.94,1614.79,1614.94,0.01,2.85,4670.16,1
2026-03-24,2026-03-24 11:19:00,1614.94,1615.09,1614.94,1615.09,0.01,2.85,4670.16,1
2026-03-24,2026-03-24 11:20:00,1615.09,1615.24,1615.09,1615.24,0.01,2.85,4670.16,1
2026-03-24,2026-03-24 11:21:00,1615.24,1615.39,1615.24,1615.39,0.01,2.85,4670.16,1
2026-03-24,2026-03-24 11:22:00,1615.39,1615.54,1615.39,1615.54,0.01,2.85,4670.16,1
2026-03-24,2026-03-24 11:23:00,1615.54,1615.69,1615.54,1615.69,0.01,2.85,4670.16,1
2026-03-24,2026-03-24 11:24:00,1615.69,1615.84,1615.69,1615.84,0.01,2.85,4670.16,1
2026-03-24,2026-03-24 11:25:00,1615.84,1615.99,1615.84,1615.99,0.01,2.85,4670.16,1
2026-03-24,2026-03-24 11:26:00,1615.99,1616.14,1615.99,1616.14,0.01,2.85,4670.16,1
2026-03-24,2026-03-24 11:27:00,1616.14,1616.29,1616.14,1616.29,0.01,2.85,4670.16,1
2026-03-24,2026-03-24 11:28:00,1616.29,1616.44,1616.29,1616.44,0.01,2.85,4670.16,1
2026-03-24,2026-03-24 11:29:00,1616.44,1616.59,1616.44,1616.59,0.01,2.85,4670.16,1
2026-03-24,2026-03-24 11:30:00,1616.59,1616.74,1616.59,1616.74,0.01,2.85,4670.16,1
2026-03-24,2026-03-24 11:31:00,1616.74,1616.89,1616.74,1616.89,0.01,2.85,4670.16,1
2026-03-24,2026-03-24 11:32:00,1616.89,1617.04,1616.89,1617.04,0.01,2.85,4670.16,1
2026-03-24,2026-03-24 11:33:00,1617.04,1617.19,1617.04,1617.19,0.01,2.85,4670.16,1
2026-03-24,2026-03-24 11:34:00,1617.19,1617.34,1617.19,1617.34,0.01,2.85,4670.16,1
2026-03-24,2026-03-24 11:35:00,1617.34,1617.48,1617.34,1617.48,0.01,2.85,4670.16,1
2026-03-24,2026-03-24 11:36:00,1617.48,1617.63,1617.48,1617.63,0.01,2.85,4670.16,1
2026-03-24,2026-03-24 11:37:00,1617.63,1617.78,1617.63,1617.78,0.01,2.85,4670.16,1
2026-03-24,2026-03-24 11:38:00,1617.78,1617.93,1617.78,1617.93,0.01,2.85,4670.16,1
2026-03-24,2026-03-24 11:39:00,1617.93,1618.08,1617.93,1618.08,0.01,2.85,4670.16,1
2026-03-24,2026-03-24 11:40:00,1618.08,1618.23,1618.08,1618.23,0.01,2.85,4670.16,1
2026-03-24,2026-03-24 11:41:00,1618.23,1618.38,1618.23,1618.38,0.01,2.85,4670.16,1
2026-03-24,2026-03-24 11:42:00,1618.38,1618.53,1618.38,1618.53,0.01,2.85,4670.16,1
2026-03-24,2026-03-24 11:43:00,1618.53,1618.68,1618.53,1618.68,0.01,2.85,4670.16,1
2026-03-24,2026-03-24 11:44:00,1618.68,1618.83,1618.68,1618.83,0.01,2.85,4670.16,1
2026-03-24,2026-03-24 11:45:00,1618.83,1618.98,1618.83,1618.98,0.01,2.85,4670.16,1
2026-03-24,2026-03-24 11:46:00,1618.98,1619.13,1618.98,1619.13,0.01,2.85,4670.16,1
2026-03-24,2026-03-24 11:47:00,1619.13,1619.28,1619.13,1619.28,0.01,2.85,4670.16,1
2026-03-24,2026-03-24 11:48:00,1619.28,1619.43,1619.28,1619.43,0.01,2.85,4670.16,1
2026-03-24,2026-03-24 11:49:00,1619.43,1619.58,1619.43,1619.58,0.01,2.85,4670.16,1
2026-03-24,2026-03-24 11:50:00,1619.58,1619.73,1619.58,1619.73,0.01,2.85,4670.16,1
2026-03-24,2026-03-24 11:51:00,1619.73,1619.88,1619.73,1619.88,0.01,2.85,4670.16,1
2026-03-24,2026-03-24 11:52:00,1619.88,1620.03,1619.88,1620.03,0.01,2.85,4670.16,1
2026-03-24,2026-03-24 11:53:00,1620.03,1620.18,1620.03,1620.18,0.01,2.85,4670.16,1
2026-03-24,2026-03-24 11:54:00,1620.18,1620.33,1620.18,1620.33,0.01,2.85,4670.16,1
2026-03-24,2026-03-24 11:55:00,1620.33,1620.48,1620.33,1620.48,0.01,2.85,4670.16,1
2026-03-24,2026-03-24 11:56:00,1620.48,1620.63,1620.48,1620.63,0.01,2.85,4670.16,1
2026-03-24,2026-03-24 11:57:00,1620.63,1620.78,1620.63,1620.78,0.01,2.85,4670.16,1
2026-03-24,2026-03-24 11:58:00,1620.78,1620.93,1620.78,1620.93,0.01,2.85,4670.16,1
2026-03-24,2026-03-24 11:59:00,1620.93,1621.07,1620.93,1621.07,0.01,2.85,4670.16,1
2026-03-24,2026-03-24 12:00:00,1621.07,1621.22,1621.07,1621.22,0.01,2.85,4670.16,1
2026-03-24,2026-03-24 12:01:00,1621.22,1621.37,1621.22,1621.37,0.01,2.85,4670.16,1
2026-03-24,2026-03-24 12:02:00,1621.37,1621.52,1621.37,1621.52,0.01,2.85,4670.16,1
2026-03-24,2026-03-24 12:03:00,1621.52,1621.67,1621.52,1621.67,0.01,2.85,4670.16,1
2026-03-24,2026-03-24 12:04:00,1621.67,1621.82,1621.67,1621.82,0.01,2.85,4670.16,1
2026-03-24,2026-03-24 12:05:00,1621.82,1621.97,1621.82,1621.97,0.01,2.85,4670.16,1
2026-03-24,2026-03-24 12:06:00,1621.97,1622.12,1621.97,1622.12,0.01,2.85,4670.16,1
2026-03-24,2026-03-24 12:07:00,1622.12,1622.27,1622.12,1622.27,0.01,2.85,4670.16,1
2026-03-24,2026-03-24 12:08:00,1622.27,1622.42,1622.27,1622.42,0.01,2.85,4670.16,1
2026-03-24,2026-03-24 12:09:00,1622.42,1622.57,1622.42,1622.57,0.01,2.85,4670.16,1
2026-03-24,2026-03-24 12:10:00,1622.57,1622.72,1622.57,1622.72,0.01,2.85,4670.16,1
2026-03-24,2026-03-24 12:11:00,1622.72,1622.87,1622.72,1622.87,0.01,2.85,4670.16,1
2026-03-24,2026-03-24 12:12:00,1622.87,1623.02,1622.87,1623.02,0.01,2.85,4670.16,1
2026-03-24,2026-03-24 12:13:00,1623.02,1623.17,1623.02,1623.17,0.01,2.85,4670.16,1
2026-03-24,2026-03-24 12:14:00,1623.17,1623.32,1623.17,1623.32,0.01,2.85,4670.16,1
2026-03-24,2026-03-24 12:15:00,1623.32,1623.47,1623.32,1623.47,0.01,2.85,4670.16,1
2026-03-24,2026-03-24 12:16:00,1623.47,1623.62,1623.47,1623.62,0.01,2.85,4670.16,1
2026-03-24,2026-03-24 12:17:00,1623.62,1623.77,1623.62,1623.77,0.01,2.85,4670.16,1
2026-03-24,2026-03-24 12:18:00,1623.77,1623.92,1623.77,1623.92,0.01,2.85,4670.16,1
2026-03-24,2026-03-24 12:19:00,1623.92,1624.07,1623.92,1624.07,0.01,2.85,4670.16,1
2026-03-24,2026-03-24 12:20:00,1624.07,1624.22,1624.07,1624.22,0.01,2.85,4670.16,1
2026-03-24,2026-03-24 12:21:00,1624.22,1624.37,1624.22,1624.37,0.01,2.85,4670.16,1
2026-03-24,2026-03-24 12:22:00,1624.37,1624.52,1624.37,1624.52,0.01,2.85,4670.16,1
2026-03-24,2026-03-24 12:23:00,1624.52,1624.66,1624.52,1624.66,0.01,2.85,4670.16,1
2026-03-24,2026-03-24 12:24:00,1624.66,1624.81,1624.66,1624.81,0.01,2.85,4670.16,1
2026-03-24,2026-03-24 12:25:00,1624.81,1624.96,1624.81,1624.96,0.01,2.85,4670.16,1
2026-03-24,2026-03-24 12:26:00,1624.96,1625.11,1624.96,1625.11,0.01,2.85,4670.16,1
2026-03-24,2026-03-24 12:27:00,1625.11,1625.26,1625.11,1625.26,0.01,2.85,4670.16,1
2026-03-24,2026-03-24 12:28:00,1625.26,1625.41,1625.26,1625.41,0.01,2.85,4670.16,1
2026-03-24,2026-03-24 12:29:00,1625.41,1625.56,1625.41,1625.56,0.01,2.85,4670.16,1
2026-03-24,2026-03-24 12:30:00,1625.56,1625.71,1625.56,1625.71,0.01,2.85,4670.16,1
2026-03-24,2026-03-24 12:31:00,1625.71,1625.86,1625.71,1625.86,0.01,2.85,4670.16,1
2026-03-24,2026-03-24 12:32:00,1625.86,1626.01,1625.86,1626.01,0.01,2.85,4670.16,1
2026-03-24,2026-03-24 12:33:00,1626.01,1626.16,1626.01,1626.16,0.01,2.85,4670.16,1
2026-03-24,2026-03-24 12:34:00,1626.16,1626.31,1626.16,1626.31,0.01,2.85,4670.16,1
2026-03-24,2026-03-24 12:35:00,1626.31,1626.46,1626.31,1626.46,0.01,2.85,4670.16,1
2026-03-24,2026-03-24 12:36:00,1626.46,1626.61,1626.46,1626.61,0.01,2.85,4670.16,1
2026-03-24,2026-03-24 12:37:00,1626.61,1626.76,1626.61,1626.76,0.01,2.85,4670.16,1
2026-03-24,2026-03-24 12:38:00,1626.76,1626.91,1626.76,1626.91,0.01,2.85,4670.16,1
2026-03-24,2026-03-24 12:39:00,1626.91,1627.06,1626.91,1627.06,0.01,2.85,4670.16,1
2026-03-24,2026-03-24 12:40:00,1627.06,1627.21,1627.06,1627.21,0.01,2.85,4670.16,1
2026-03-24,2026-03-24 12:41:00,1627.21,1627.36,1627.21,1627.36,0.01,2.85,4670.16,1
2026-03-24,2026-03-24 12:42:00,1627.36,1627.51,1627.36,1627.51,0.01,2.85,4670.16,1
2026-03-24,2026-03-24 12:43:00,1627.51,1627.66,1627.51,1627.66,0.01,2.85,4670.16,1
2026-03-24,2026-03-24 12:44:00,1627.66,1627.81,1627.66,1627.81,0.01,2.85,4670.16,1
2026-03-24,2026-03-24 12:45:00,1627.81,1627.96,1627.81,1627.96,0.01,2.85,4670.16,1
2026-03-24,2026-03-24 12:46:00,1627.96,1628.11,1627.96,1628.11,0.01,2.85,4670.16,1
2026-03-24,2026-03-24 12:47:00,1628.11,1628.25,1628.11,1628.25,0.01,2.85,4670.16,1
2026-03-24,2026-03-24 12:48:00,1628.25,1628.4,1628.25,1628.4,0.01,2.85,4670.16,1
2026-03-24,2026-03-24 12:49:00,1628.4,1628.55,1628.4,1628.55,0.01,2.85,4670.16,1
2026-03-24,2026-03-24 12:50:00,1628.55,1628.7,1628.55,1628.7,0.01,2.85,4670.16,1
2026-03-24,2026-03-24 12:51:00,1628.7,1628.85,1628.7,1628.85,0.01,2.85,4670.16,1
2026-03-24,2026-03-24 12:52:00,1628.85,1629.0,1628.85,1629.0,0.01,2.85,4670.16,1
2026-03-24,2026-03-24 12:53:00,1629.0,1629.15,1629.0,1629.15,0.01,2.85,4670.16,1
2026-03-24,2026-03-24 12:54:00,1629.15,1629.3,1629.15,1629.3,0.01,2.85,4670.16,1
2026-03-24,2026-03-24 12:55:00,1629.3,1629.45,1629.3,1629.45,0.01,2.85,4670.16,1
2026-03-24,2026-03-24 12:56:00,1629.45,1629.6,1629.45,1629.6,0.01,2.85,4670.16,1
2026-03-24,2026-03-24 12:57:00,1629.6,1629.75,1629.6,1629.75,0.01,2.85,4670.16,1
2026-03-24,2026-03-24 12:58:00,1629.75,1629.9,1629.75,1629.9,0.01,2.85,4670.16,1
2026-03-24,2026-03-24 12:59:00,1629.9,1630.05,1629.9,1630.05,0.01,2.85,4670.16,1
2026-03-24,2026-03-24 13:00:00,1630.05,1650.0,1612.1,1630.2,0.01,2.85,4670.16,1
2026-03-24,2026-03-24 13:01:00,1630.2,1630.35,1630.2,1630.35,0.01,2.85,4670.16,1
2026-03-24,2026-03-24 13:02:00,1630.35,1630.5,1630.35,1630.5,0.01,2.85,4670.16,1
2026-03-24,2026-03-24 13:03:00,1630.5,1630.65,1630.5,1630.65,0.01,2.85,4670.16,1
2026-03-24,2026-03-24 13:04:00,1630.65,1630.8,1630.65,1630.8,0.01,2.85,4670.16,1
2026-03-24,2026-03-24 13:05:00,1630.8,1630.95,1630.8,1630.95,0.01,2.85,4670.16,1
2026-03-24,2026-03-24 13:06:00,1630.95,1631.1,1630.95,1631.1,0.01,2.85,4670.16,1
2026-03-24,2026-03-24 13:07:00,1631.1,1631.25,1631.1,1631.25,0.01,2.85,4670.16,1
2026-03-24,2026-03-24 13:08:00,1631.25,1631.4,1631.25,1631.4,0.01,2.85,4670.16,1
2026-03-24,2026-03-24 13:09:00,1631.4,1631.55,1631.4,1631.55,0.01,2.85,4670.16,1
2026-03-24,2026-03-24 13:10:00,1631.55,1631.7,1631.55,1631.7,0.01,2.85,4670.16,1
2026-03-24,2026-03-24 13:11:00,1631.7,1631.85,1631.7,1631.85,0.01,2.85,4670.16,1
2026-03-24,2026-03-24 13:12:00,1631.85,1631.99,1631.85,1631.99,0.01,2.85,4670.16,1
2026-03-24,2026-03-24 13:13:00,1631.99,1632.14,1631.99,1632.14,0.01,2.85,4670.16,1
2026-03-24,2026-03-24 13:14:00,1632.14,1632.29,1632.14,1632.29,0.01,2.85,4670.16,1
2026-03-24,2026-03-24 13:15:00,1632.29,1632.44,1632.29,1632.44,0.01,2.85,4670.16,1
2026-03-24,2026-03-24 13:16:00,1632.44,1632.59,1632.44,1632.59,0.01,2.85,4670.16,1
2026-03-24,2026-03-24 13:17:00,1632.59,1632.74,1632.59,1632.74,0.01,2.85,4670.16,1
2026-03-24,2026-03-24 13:18:00,1632.74,1632.89,1632.74,1632.89,0.01,2.85,4670.16,1
2026-03-24,2026-03-24 13:19:00,1632.89,1633.04,1632.89,1633.04,0.01,2.85,4670.16,1
2026-03-24,2026-03-24 13:20:00,1633.04,1633.19,1633.04,1633.19,0.01,2.85,4670.16,1
2026-03-24,2026-03-24 13:21:00,1633.19,1633.34,1633.19,1633.34,0.01,2.85,4670.16,1
2026-03-24,2026-03-24 13:22:00,1633.34,1633.49,1633.34,1633.49,0.01,2.85,4670.16,1
2026-03-24,2026-03-24 13:23:00,1633.49,1633.64,1633.49,1633.64,0.01,2.85,4670.16,1
2026-03-24,2026-03-24 13:24:00,1633.64,1633.79,1633.64,1633.79,0.01,2.85,4670.16,1
2026-03-24,2026-03-24 13:25:00,1633.79,1633.94,1633.79,1633.94,0.01,2.85,4670.16,1
2026-03-24,2026-03-24 13:26:00,1633.94,1634.09,1633.94,1634.09,0.01,2.85,4670.16,1
2026-03-24,2026-03-24 13:27:00,1634.09,1634.24,1634.09,1634.24,0.01,2.85,4670.16,1
2026-03-24,2026-03-24 13:28:00,1634.24,1634.39,1634.24,1634.39,0.01,2.85,4670.16,1
2026-03-24,2026-03-24 13:29:00,1634.39,1634.54,1634.39,1634.54,0.01,2.85,4670.16,1
2026-03-24,2026-03-24 13:30:00,1634.54,1634.69,1634.54,1634.69,0.01,2.85,4670.16,1
2026-03-24,2026-03-24 13:31:00,1634.69,1634.84,1634.69,1634.84,0.01,2.85,4670.16,1
2026-03-24,2026-03-24 13:32:00,1634.84,1634.99,1634.84,1634.99,0.01,2.85,4670.16,1
2026-03-24,2026-03-24 13:33:00,1634.99,1635.14,1634.99,1635.14,0.01,2.85,4670.16,1
2026-03-24,2026-03-24 13:34:00,1635.14,1635.29,1635.14,1635.29,0.01,2.85,4670.16,1
2026-03-24,2026-03-24 13:35:00,1635.29,1635.43,1635.29,1635.43,0.01,2.85,4670.16,1
2026-03-24,2026-03-24 13:36:00,1635.43,1635.58,1635.43,1635.58,0.01,2.85,4670.16,1
2026-03-24,2026-03-24 13:37:00,1635.58,1635.73,1635.58,1635.73,0.01,2.85,4670.16,1
2026-03-24,2026-03-24 13:38:00,1635.73,1635.88,1635.73,1635.88,0.01,2.85,4670.16,1
2026-03-24,2026-03-24 13:39:00,1635.88,1636.03,1635.88,1636.03,0.01,2.85,4670.16,1
2026-03-24,2026-03-24 13:40:00,1636.03,1636.18,1636.03,1636.18,0.01,2.85,4670.16,1
2026-03-24,2026-03-24 13:41:00,1636.18,1636.33,1636.18,1636.33,0.01,2.85,4670.16,1
2026-03-24,2026-03-24 13:42:00,1636.33,1636.48,1636.33,1636.48,0.01,2.85,4670.16,1
2026-03-24,2026-03-24 13:43:00,1636.48,1636.63,1636.48,1636.63,0.01,2.85,4670.16,1
2026-03-24,2026-03-24 13:44:00,1636.63,1636.78,1636.63,1636.78,0.01,2.85,4670.16,1
2026-03-24,2026-03-24 13:45:00,1636.78,1636.93,1636.78,1636.93,0.01,2.85,4670.16,1
2026-03-24,2026-03-24 13:46:00,1636.93,1637.08,1636.93,1637.08,0.01,2.85,4670.16,1
2026-03-24,2026-03-24 13:47:00,1637.08,1637.23,1637.08,1637.23,0.01,2.85,4670.16,1
2026-03-24,2026-03-24 13:48:00,1637.23,1637.38,1637.23,1637.38,0.01,2.85,4670.16,1
2026-03-24,2026-03-24 13:49:00,1637.38,1637.53,1637.38,1637.53,0.01,2.85,4670.16,1
2026-03-24,2026-03-24 13:50:00,1637.53,1637.68,1637.53,1637.68,0.01,2.85,4670.16,1
2026-03-24,2026-03-24 13:51:00,1637.68,1637.83,1637.68,1637.83,0.01,2.85,4670.16,1
2026-03-24,2026-03-24 13:52:00,1637.83,1637.98,1637.83,1637.98,0.01,2.85,4670.16,1
2026-03-24,2026-03-24 13:53:00,1637.98,1638.13,1637.98,1638.13,0.01,2.85,4670.16,1
2026-03-24,2026-03-24 13:54:00,1638.13,1638.28,1638.13,1638.28,0.01,2.85,4670.16,1
2026-03-24,2026-03-24 13:55:00,1638.28,1638.43,1638.28,1638.43,0.01,2.85,4670.16,1
2026-03-24,2026-03-24 13:56:00,1638.43,1638.58,1638.43,1638.58,0.01,2.85,4670.16,1
2026-03-24,2026-03-24 13:57:00,1638.58,1638.73,1638.58,1638.73,0.01,2.85,4670.16,1
2026-03-24,2026-03-24 13:58:00,1638.73,1638.88,1638.73,1638.88,0.01,2.85,4670.16,1
2026-03-24,2026-03-24 13:59:00,1638.88,1639.03,1638.88,1639.03,0.01,2.85,4670.16,1
2026-03-24,2026-03-24 14:00:00,1639.03,1639.17,1639.03,1639.17,0.01,2.85,4670.16,1
2026-03-24,2026-03-24 14:01:00,1639.17,1639.32,1639.17,1639.32,0.01,2.85,4670.16,1
2026-03-24,2026-03-24 14:02:00,1639.32,1639.47,1639.32,1639.47,0.01,2.85,4670.16,1
2026-03-24,2026-03-24 14:03:00,1639.47,1639.62,1639.47,1639.62,0.01,2.85,4670.16,1
2026-03-24,2026-03-24 14:04:00,1639.62,1639.77,1639.62,1639.77,0.01,2.85,4670.16,1
2026-03-24,2026-03-24 14:05:00,1639.77,1639.92,1639.77,1639.92,0.01,2.85,4670.16,1
2026-03-24,2026-03-24 14:06:00,1639.92,1640.07,1639.92,1640.07,0.01,2.85,4670.16,1
2026-03-24,2026-03-24 14:07:00,1640.07,1640.22,1640.07,1640.22,0.01,2.85,4670.16,1
2026-03-24,2026-03-24 14:08:00,1640.22,1640.37,1640.22,1640.37,0.01,2.85,4670.16,1
2026-03-24,2026-03-24 14:09:00,1640.37,1640.52,1640.37,1640.52,0.01,2.85,4670.16,1
2026-03-24,2026-03-24 14:10:00,1640.52,1640.67,1640.52,1640.67,0.01,2.85,4670.16,1
2026-03-24,2026-03-24 14:11:00,1640.67,1640.82,1640.67,1640.82,0.01,2.85,4670.16,1
2026-03-24,2026-03-24 14:12:00,1640.82,1640.97,1640.82,1640.97,0.01,2.85,4670.16,1
2026-03-24,2026-03-24 14:13:00,1640.97,1641.12,1640.97,1641.12,0.01,2.85,4670.16,1
2026-03-24,2026-03-24 14:14:00,1641.12,1641.27,1641.12,1641.27,0.01,2.85,4670.16,1
2026-03-24,2026-03-24 14:15:00,1641.27,1641.42,1641.27,1641.42,0.01,2.85,4670.16,1
2026-03-24,2026-03-24 14:16:00,1641.42,1641.57,1641.42,1641.57,0.01,2.85,4670.16,1
2026-03-24,2026-03-24 14:17:00,1641.57,1641.72,1641.57,1641.72,0.01,2.85,4670.16,1
2026-03-24,2026-03-24 14:18:00,1641.72,1641.87,1641.72,1641.87,0.01,2.85,4670.16,1
2026-03-24,2026-03-24 14:19:00,1641.87,1642.02,1641.87,1642.02,0.01,2.85,4670.16,1
2026-03-24,2026-03-24 14:20:00,1642.02,1642.17,1642.02,1642.17,0.01,2.85,4670.16,1
2026-03-24,2026-03-24 14:21:00,1642.17,1642.32,1642.17,1642.32,0.01,2.85,4670.16,1
2026-03-24,2026-03-24 14:22:00,1642.32,1642.47,1642.32,1642.47,0.01,2.85,4670.16,1
2026-03-24,2026-03-24 14:23:00,1642.47,1642.62,1642.47,1642.62,0.01,2.85,4670.16,1
2026-03-24,2026-03-24 14:24:00,1642.62,1642.76,1642.62,1642.76,0.01,2.85,4670.16,1
2026-03-24,2026-03-24 14:25:00,1642.76,1642.91,1642.76,1642.91,0.01,2.85,4670.16,1
2026-03-24,2026-03-24 14:26:00,1642.91,1643.06,1642.91,1643.06,0.01,2.85,4670.16,1
2026-03-24,2026-03-24 14:27:00,1643.06,1643.21,1643.06,1643.21,0.01,2.85,4670.16,1
2026-03-24,2026-03-24 14:28:00,1643.21,1643.36,1643.21,1643.36,0.01,2.85,4670.16,1
2026-03-24,2026-03-24 14:29:00,1643.36,1643.51,1643.36,1643.51,0.01,2.85,4670.16,1
2026-03-24,2026-03-24 14:30:00,1643.51,1643.66,1643.51,1643.66,0.01,2.85,4670.16,1
2026-03-24,2026-03-24 14:31:00,1643.66,1643.81,1643.66,1643.81,0.01,2.85,4670.16,1
2026-03-24,2026-03-24 14:32:00,1643.81,1643.96,1643.81,1643.96,0.01,2.85,4670.16,1
2026-03-24,2026-03-24 14:33:00,1643.96,1644.11,1643.96,1644.11,0.01,2.85,4670.16,1
2026-03-24,2026-03-24 14:34:00,1644.11,1644.26,1644.11,1644.26,0.01,2.85,4670.16,1
2026-03-24,2026-03-24 14:35:00,1644.26,1644.41,1644.26,1644.41,0.01,2.85,4670.16,1
2026-03-24,2026-03-24 14:36:00,1644.41,1644.56,1644.41,1644.56,0.01,2.85,4670.16,1
2026-03-24,2026-03-24 14:37:00,1644.56,1644.71,1644.56,1644.71,0.01,2.85,4670.16,1
2026-03-24,2026-03-24 14:38:00,1644.71,1644.86,1644.71,1644.86,0.01,2.85,4670.16,1
2026-03-24,2026-03-24 14:39:00,1644.86,1645.01,1644.86,1645.01,0.01,2.85,4670.16,1
2026-03-24,2026-03-24 14:40:00,1645.01,1645.16,1645.01,1645.16,0.01,2.85,4670.16,1
2026-03-24,2026-03-24 14:41:00,1645.16,1645.31,1645.16,1645.31,0.01,2.85,4670.16,1
2026-03-24,2026-03-24 14:42:00,1645.31,1645.46,1645.31,1645.46,0.01,2.85,4670.16,1
2026-03-24,2026-03-24 14:43:00,1645.46,1645.61,1645.46,1645.61,0.01,2.85,4670.16,1
2026-03-24,2026-03-24 14:44:00,1645.61,1645.76,1645.61,1645.76,0.01,2.85,4670.16,1
2026-03-24,2026-03-24 14:45:00,1645.76,1645.91,1645.76,1645.91,0.01,2.85,4670.16,1
2026-03-24,2026-03-24 14:46:00,1645.91,1646.06,1645.91,1646.06,0.01,2.85,4670.16,1
2026-03-24,2026-03-24 14:47:00,1646.06,1646.2,1646.06,1646.2,0.01,2.85,4670.16,1
2026-03-24,2026-03-24 14:48:00,1646.2,1646.35,1646.2,1646.35,0.01,2.85,4670.16,1
2026-03-24,2026-03-24 14:49:00,1646.35,1646.5,1646.35,1646.5,0.01,2.85,4670.16,1
2026-03-24,2026-03-24 14:50:00,1646.5,1646.65,1646.5,1646.65,0.01,2.85,4670.16,1
2026-03-24,2026-03-24 14:51:00,1646.65,1646.8,1646.65,1646.8,0.01,2.85,4670.16,1
2026-03-24,2026-03-24 14:52:00,1646.8,1646.95,1646.8,1646.95,0.01,2.85,4670.16,1
2026-03-24,2026-03-24 14:53:00,1646.95,1647.1,1646.95,1647.1,0.01,2.85,4670.16,1
2026-03-24,2026-03-24 14:54:00,1647.1,1647.25,1647.1,1647.25,0.01,2.85,4670.16,1
2026-03-24,2026-03-24 14:55:00,1647.25,1647.4,1647.25,1647.4,0.01,2.85,4670.16,1
2026-03-24,2026-03-24 14:56:00,1647.4,1647.55,1647.4,1647.55,0.01,2.85,4670.16,1
2026-03-24,2026-03-24 14:57:00,1647.55,1647.7,1647.55,1647.7,0.01,2.85,4670.16,1
2026-03-24,2026-03-24 14:58:00,1647.7,1647.85,1647.7,1647.85,0.01,2.85,4670.16,1
2026-03-24,2026-03-24 14:59:00,1647.85,1648.0,1647.85,1648.0,0.01,2.85,4670.16,1
2026-03-24,2026-03-24 15:00:00,1648.0,1650.0,1612.1,1648.0,0.0,2.85,4670.16,0
2026-03-25,2026-03-25 11:00:00,1615.1,1625.57,1615.1,1615.22,0.01,11.05,18068.12,1
2026-03-25,2026-03-25 11:01:00,1615.22,1615.35,1615.22,1615.35,0.01,11.05,18068.12,1
2026-03-25,2026-03-25 11:02:00,1615.35,1615.47,1615.35,1615.47,0.01,11.05,18068.12,1
2026-03-25,2026-03-25 11:03:00,1615.47,1615.6,1615.47,1615.6,0.01,11.05,18068.12,1
2026-03-25,2026-03-25 11:04:00,1615.6,1615.72,1615.6,1615.72,0.01,11.05,18068.12,1
2026-03-25,2026-03-25 11:05:00,1615.72,1615.84,1615.72,1615.84,0.01,11.05,18068.12,1
2026-03-25,2026-03-25 11:06:00,1615.84,1615.97,1615.84,1615.97,0.01,11.05,18068.12,1
2026-03-25,2026-03-25 11:07:00,1615.97,1616.09,1615.97,1616.09,0.01,11.05,18068.12,1
2026-03-25,2026-03-25 11:08:00,1616.09,1616.22,1616.09,1616.22,0.01,11.05,18068.12,1
2026-03-25,2026-03-25 11:09:00,1616.22,1616.34,1616.22,1616.34,0.01,11.05,18068.12,1
2026-03-25,2026-03-25 11:10:00,1616.34,1616.47,1616.34,1616.47,0.01,11.05,18068.12,1
2026-03-25,2026-03-25 11:11:00,1616.47,1616.59,1616.47,1616.59,0.01,11.05,18068.12,1
2026-03-25,2026-03-25 11:12:00,1616.59,1616.71,1616.59,1616.71,0.01,11.05,18068.12,1
2026-03-25,2026-03-25 11:13:00,1616.71,1616.84,1616.71,1616.84,0.01,11.05,18068.12,1
2026-03-25,2026-03-25 11:14:00,1616.84,1616.96,1616.84,1616.96,0.01,11.05,18068.12,1
2026-03-25,2026-03-25 11:15:00,1616.96,1617.09,1616.96,1617.09,0.01,11.05,18068.12,1
2026-03-25,2026-03-25 11:16:00,1617.09,1617.21,1617.09,1617.21,0.01,11.05,18068.12,1
2026-03-25,2026-03-25 11:17:00,1617.21,1617.34,1617.21,1617.34,0.01,11.05,18068.12,1
2026-03-25,2026-03-25 11:18:00,1617.34,1617.46,1617.34,1617.46,0.01,11.05,18068.12,1
2026-03-25,2026-03-25 11:19:00,1617.46,1617.58,1617.46,1617.58,0.01,11.05,18068.12,1
2026-03-25,2026-03-25 11:20:00,1617.58,1617.71,1617.58,1617.71,0.01,11.05,18068.12,1
2026-03-25,2026-03-25 11:21:00,1617.71,1617.83,1617.71,1617.83,0.01,11.05,18068.12,1
2026-03-25,2026-03-25 11:22:00,1617.83,1617.96,1617.83,1617.96,0.01,11.05,18068.12,1
2026-03-25,2026-03-25 11:23:00,1617.96,1618.08,1617.96,1618.08,0.01,11.05,18068.12,1
2026-03-25,2026-03-25 11:24:00,1618.08,1618.2,1618.08,1618.2,0.01,11.05,18068.12,1
2026-03-25,2026-03-25 11:25:00,1618.2,1618.33,1618.2,1618.33,0.01,11.05,18068.12,1
2026-03-25,2026-03-25 11:26:00,1618.33,1618.45,1618.33,1618.45,0.01,11.05,18068.12,1
2026-03-25,2026-03-25 11:27:00,1618.45,1618.58,1618.45,1618.58,0.01,11.05,18068.12,1
2026-03-25,2026-03-25 11:28:00,1618.58,1618.7,1618.58,1618.7,0.01,11.05,18068.12,1
2026-03-25,2026-03-25 11:29:00,1618.7,1618.82,1618.7,1618.82,0.01,11.05,18068.12,1
2026-03-25,2026-03-25 11:30:00,1618.82,1618.95,1618.82,1618.95,0.01,11.05,18068.12,1
2026-03-25,2026-03-25 11:31:00,1618.95,1619.07,1618.95,1619.07,0.01,11.05,18068.12,1
2026-03-25,2026-03-25 11:32:00,1619.07,1619.2,1619.07,1619.2,0.01,11.05,18068.12,1
2026-03-25,2026-03-25 11:33:00,1619.2,1619.32,1619.2,1619.32,0.01,11.05,18068.12,1
2026-03-25,2026-03-25 11:34:00,1619.32,1619.45,1619.32,1619.45,0.01,11.05,18068.12,1
2026-03-25,2026-03-25 11:35:00,1619.45,1619.57,1619.45,1619.57,0.01,11.05,18068.12,1
2026-03-25,2026-03-25 11:36:00,1619.57,1619.69,1619.57,1619.69,0.01,11.05,18068.12,1
2026-03-25,2026-03-25 11:37:00,1619.69,1619.82,1619.69,1619.82,0.01,11.05,18068.12,1
2026-03-25,2026-03-25 11:38:00,1619.82,1619.94,1619.82,1619.94,0.01,11.05,18068.12,1
2026-03-25,2026-03-25 11:39:00,1619.94,1620.07,1619.94,1620.07,0.01,11.05,18068.12,1
2026-03-25,2026-03-25 11:40:00,1620.07,1620.19,1620.07,1620.19,0.01,11.05,18068.12,1
2026-03-25,2026-03-25 11:41:00,1620.19,1620.32,1620.19,1620.32,0.01,11.05,18068.12,1
2026-03-25,2026-03-25 11:42:00,1620.32,1620.44,1620.32,1620.44,0.01,11.05,18068.12,1
2026-03-25,2026-03-25 11:43:00,1620.44,1620.56,1620.44,1620.56,0.01,11.05,18068.12,1
2026-03-25,2026-03-25 11:44:00,1620.56,1620.69,1620.56,1620.69,0.01,11.05,18068.12,1
2026-03-25,2026-03-25 11:45:00,1620.69,1620.81,1620.69,1620.81,0.01,11.05,18068.12,1
2026-03-25,2026-03-25 11:46:00,1620.81,1620.94,1620.81,1620.94,0.01,11.05,18068.12,1
2026-03-25,2026-03-25 11:47:00,1620.94,1621.06,1620.94,1621.06,0.01,11.05,18068.12,1
2026-03-25,2026-03-25 11:48:00,1621.06,1621.18,1621.06,1621.18,0.01,11.05,18068.12,1
2026-03-25,2026-03-25 11:49:00,1621.18,1621.31,1621.18,1621.31,0.01,11.05,18068.12,1
2026-03-25,2026-03-25 11:50:00,1621.31,1621.43,1621.31,1621.43,0.01,11.05,18068.12,1
2026-03-25,2026-03-25 11:51:00,1621.43,1621.56,1621.43,1621.56,0.01,11.05,18068.12,1
2026-03-25,2026-03-25 11:52:00,1621.56,1621.68,1621.56,1621.68,0.01,11.05,18068.12,1
2026-03-25,2026-03-25 11:53:00,1621.68,1621.8,1621.68,1621.8,0.01,11.05,18068.12,1
2026-03-25,2026-03-25 11:54:00,1621.8,1621.93,1621.8,1621.93,0.01,11.05,18068.12,1
2026-03-25,2026-03-25 11:55:00,1621.93,1622.05,1621.93,1622.05,0.01,11.05,18068.12,1
2026-03-25,2026-03-25 11:56:00,1622.05,1622.18,1622.05,1622.18,0.01,11.05,18068.12,1
2026-03-25,2026-03-25 11:57:00,1622.18,1622.3,1622.18,1622.3,0.01,11.05,18068.12,1
2026-03-25,2026-03-25 11:58:00,1622.3,1622.43,1622.3,1622.43,0.01,11.05,18068.12,1
2026-03-25,2026-03-25 11:59:00,1622.43,1622.55,1622.43,1622.55,0.01,11.05,18068.12,1
2026-03-25,2026-03-25 12:00:00,1622.55,1622.67,1622.55,1622.67,0.01,11.05,18068.12,1
2026-03-25,2026-03-25 12:01:00,1622.67,1622.8,1622.67,1622.8,0.01,11.05,18068.12,1
2026-03-25,2026-03-25 12:02:00,1622.8,1622.92,1622.8,1622.92,0.01,11.05,18068.12,1
2026-03-25,2026-03-25 12:03:00,1622.92,1623.05,1622.92,1623.05,0.01,11.05,18068.12,1
2026-03-25,2026-03-25 12:04:00,1623.05,1623.17,1623.05,1623.17,0.01,11.05,18068.12,1
2026-03-25,2026-03-25 12:05:00,1623.17,1623.3,1623.17,1623.3,0.01,11.05,18068.12,1
2026-03-25,2026-03-25 12:06:00,1623.3,1623.42,1623.3,1623.42,0.01,11.05,18068.12,1
2026-03-25,2026-03-25 12:07:00,1623.42,1623.54,1623.42,1623.54,0.01,11.05,18068.12,1
2026-03-25,2026-03-25 12:08:00,1623.54,1623.67,1623.54,1623.67,0.01,11.05,18068.12,1
2026-03-25,2026-03-25 12:09:00,1623.67,1623.79,1623.67,1623.79,0.01,11.05,18068.12,1
2026-03-25,2026-03-25 12:10:00,1623.79,1623.92,1623.79,1623.92,0.01,11.05,18068.12,1
2026-03-25,2026-03-25 12:11:00,1623.92,1624.04,1623.92,1624.04,0.01,11.05,18068.12,1
2026-03-25,2026-03-25 12:12:00,1624.04,1624.16,1624.04,1624.16,0.01,11.05,18068.12,1
2026-03-25,2026-03-25 12:13:00,1624.16,1624.29,1624.16,1624.29,0.01,11.05,18068.12,1
2026-03-25,2026-03-25 12:14:00,1624.29,1624.41,1624.29,1624.41,0.01,11.05,18068.12,1
2026-03-25,2026-03-25 12:15:00,1624.41,1624.54,1624.41,1624.54,0.01,11.05,18068.12,1
2026-03-25,2026-03-25 12:16:00,1624.54,1624.66,1624.54,1624.66,0.01,11.05,18068.12,1
2026-03-25,2026-03-25 12:17:00,1624.66,1624.78,1624.66,1624.78,0.01,11.05,18068.12,1
2026-03-25,2026-03-25 12:18:00,1624.78,1624.91,1624.78,1624.91,0.01,11.05,18068.12,1
2026-03-25,2026-03-25 12:19:00,1624.91,1625.03,1624.91,1625.03,0.01,11.05,18068.12,1
2026-03-25,2026-03-25 12:20:00,1625.03,1625.16,1625.03,1625.16,0.01,11.05,18068.12,1
2026-03-25,2026-03-25 12:21:00,1625.16,1625.28,1625.16,1625.28,0.01,11.05,18068.12,1
2026-03-25,2026-03-25 12:22:00,1625.28,1625.41,1625.28,1625.41,0.01,11.05,18068.12,1
2026-03-25,2026-03-25 12:23:00,1625.41,1625.53,1625.41,1625.53,0.01,11.05,18068.12,1
2026-03-25,2026-03-25 12:24:00,1625.53,1625.65,1625.53,1625.65,0.01,11.05,18068.12,1
2026-03-25,2026-03-25 12:25:00,1625.65,1625.78,1625.65,1625.78,0.01,11.05,18068.12,1
2026-03-25,2026-03-25 12:26:00,1625.78,1625.9,1625.78,1625.9,0.01,11.05,18068.12,1
2026-03-25,2026-03-25 12:27:00,1625.9,1626.03,1625.9,1626.03,0.01,11.05,18068.12,1
2026-03-25,2026-03-25 12:28:00,1626.03,1626.15,1626.03,1626.15,0.01,11.05,18068.12,1
2026-03-25,2026-03-25 12:29:00,1626.15,1626.28,1626.15,1626.28,0.01,11.05,18068.12,1
2026-03-25,2026-03-25 12:30:00,1626.28,1626.4,1626.28,1626.4,0.01,11.05,18068.12,1
2026-03-25,2026-03-25 12:31:00,1626.4,1626.52,1626.4,1626.52,0.01,11.05,18068.12,1
2026-03-25,2026-03-25 12:32:00,1626.52,1626.65,1626.52,1626.65,0.01,11.05,18068.12,1
2026-03-25,2026-03-25 12:33:00,1626.65,1626.77,1626.65,1626.77,0.01,11.05,18068.12,1
2026-03-25,2026-03-25 12:34:00,1626.77,1626.9,1626.77,1626.9,0.01,11.05,18068.12,1
2026-03-25,2026-03-25 12:35:00,1626.9,1627.02,1626.9,1627.02,0.01,11.05,18068.12,1
2026-03-25,2026-03-25 12:36:00,1627.02,1627.14,1627.02,1627.14,0.01,11.05,18068.12,1
2026-03-25,2026-03-25 12:37:00,1627.14,1627.27,1627.14,1627.27,0.01,11.05,18068.12,1
2026-03-25,2026-03-25 12:38:00,1627.27,1627.39,1627.27,1627.39,0.01,11.05,18068.12,1
2026-03-25,2026-03-25 12:39:00,1627.39,1627.52,1627.39,1627.52,0.01,11.05,18068.12,1
2026-03-25,2026-03-25 12:40:00,1627.52,1627.64,1627.52,1627.64,0.01,11.05,18068.12,1
2026-03-25,2026-03-25 12:41:00,1627.64,1627.76,1627.64,1627.76,0.01,11.05,18068.12,1
2026-03-25,2026-03-25 12:42:00,1627.76,1627.89,1627.76,1627.89,0.01,11.05,18068.12,1
2026-03-25,2026-03-25 12:43:00,1627.89,1628.01,1627.89,1628.01,0.01,11.05,18068.12,1
2026-03-25,2026-03-25 12:44:00,1628.01,1628.14,1628.01,1628.14,0.01,11.05,18068.12,1
2026-03-25,2026-03-25 12:45:00,1628.14,1628.26,1628.14,1628.26,0.01,11.05,18068.12,1
2026-03-25,2026-03-25 12:46:00,1628.26,1628.39,1628.26,1628.39,0.01,11.05,18068.12,1
2026-03-25,2026-03-25 12:47:00,1628.39,1628.51,1628.39,1628.51,0.01,11.05,18068.12,1
2026-03-25,2026-03-25 12:48:00,1628.51,1628.63,1628.51,1628.63,0.01,11.05,18068.12,1
2026-03-25,2026-03-25 12:49:00,1628.63,1628.76,1628.63,1628.76,0.01,11.05,18068.12,1
2026-03-25,2026-03-25 12:50:00,1628.76,1628.88,1628.76,1628.88,0.01,11.05,18068.12,1
2026-03-25,2026-03-25 12:51:00,1628.88,1629.01,1628.88,1629.01,0.01,11.05,18068.12,1
2026-03-25,2026-03-25 12:52:00,1629.01,1629.13,1629.01,1629.13,0.01,11.05,18068.12,1
2026-03-25,2026-03-25 12:53:00,1629.13,1629.26,1629.13,1629.26,0.01,11.05,18068.12,1
2026-03-25,2026-03-25 12:54:00,1629.26,1629.38,1629.26,1629.38,0.01,11.05,18068.12,1
2026-03-25,2026-03-25 12:55:00,1629.38,1629.5,1629.38,1629.5,0.01,11.05,18068.12,1
2026-03-25,2026-03-25 12:56:00,1629.5,1629.63,1629.5,1629.63,0.01,11.05,18068.12,1
2026-03-25,2026-03-25 12:57:00,1629.63,1629.75,1629.63,1629.75,0.01,11.05,18068.12,1
2026-03-25,2026-03-25 12:58:00,1629.75,1629.88,1629.75,1629.88,0.01,11.05,18068.12,1
2026-03-25,2026-03-25 12:59:00,1629.88,1630.0,1629.88,1630.0,0.01,11.05,18068.12,1
2026-03-25,2026-03-25 13:00:00,1630.0,1650.0,1615.1,1630.12,0.01,11.05,18068.12,1
2026-03-25,2026-03-25 13:01:00,1630.12,1630.25,1630.12,1630.25,0.01,11.05,18068.12,1
2026-03-25,2026-03-25 13:02:00,1630.25,1630.37,1630.25,1630.37,0.01,11.05,18068.12,1
2026-03-25,2026-03-25 13:03:00,1630.37,1630.5,1630.37,1630.5,0.01,11.05,18068.12,1
2026-03-25,2026-03-25 13:04:00,1630.5,1630.62,1630.5,1630.62,0.01,11.05,18068.12,1
2026-03-25,2026-03-25 13:05:00,1630.62,1630.74,1630.62,1630.74,0.01,11.05,18068.12,1
2026-03-25,2026-03-25 13:06:00,1630.74,1630.87,1630.74,1630.87,0.01,11.05,18068.12,1
2026-03-25,2026-03-25 13:07:00,1630.87,1630.99,1630.87,1630.99,0.01,11.05,18068.12,1
2026-03-25,2026-03-25 13:08:00,1630.99,1631.12,1630.99,1631.12,0.01,11.05,18068.12,1
2026-03-25,2026-03-25 13:09:00,1631.12,1631.24,1631.12,1631.24,0.01,11.05,18068.12,1
2026-03-25,2026-03-25 13:10:00,1631.24,1631.37,1631.24,1631.37,0.01,11.05,18068.12,1
2026-03-25,2026-03-25 13:11:00,1631.37,1631.49,1631.37,1631.49,0.01,11.05,18068.12,1
2026-03-25,2026-03-25 13:12:00,1631.49,1631.61,1631.49,1631.61,0.01,11.05,18068.12,1
2026-03-25,2026-03-25 13:13:00,1631.61,1631.74,1631.61,1631.74,0.01,11.05,18068.12,1
2026-03-25,2026-03-25 13:14:00,1631.74,1631.86,1631.74,1631.86,0.01,11.05,18068.12,1
2026-03-25,2026-03-25 13:15:00,1631.86,1631.99,1631.86,1631.99,0.01,11.05,18068.12,1
2026-03-25,2026-03-25 13:16:00,1631.99,1632.11,1631.99,1632.11,0.01,11.05,18068.12,1
2026-03-25,2026-03-25 13:17:00,1632.11,1632.24,1632.11,1632.24,0.01,11.05,18068.12,1
2026-03-25,2026-03-25 13:18:00,1632.24,1632.36,1632.24,1632.36,0.01,11.05,18068.12,1
2026-03-25,2026-03-25 13:19:00,1632.36,1632.48,1632.36,1632.48,0.01,11.05,18068.12,1
2026-03-25,2026-03-25 13:20:00,1632.48,1632.61,1632.48,1632.61,0.01,11.05,18068.12,1
2026-03-25,2026-03-25 13:21:00,1632.61,1632.73,1632.61,1632.73,0.01,11.05,18068.12,1
2026-03-25,2026-03-25 13:22:00,1632.73,1632.86,1632.73,1632.86,0.01,11.05,18068.12,1
2026-03-25,2026-03-25 13:23:00,1632.86,1632.98,1632.86,1632.98,0.01,11.05,18068.12,1
2026-03-25,2026-03-25 13:24:00,1632.98,1633.1,1632.98,1633.1,0.01,11.05,18068.12,1
2026-03-25,2026-03-25 13:25:00,1633.1,1633.23,1633.1,1633.23,0.01,11.05,18068.12,1
2026-03-25,2026-03-25 13:26:00,1633.23,1633.35,1633.23,1633.35,0.01,11.05,18068.12,1
2026-03-25,2026-03-25 13:27:00,1633.35,1633.48,1633.35,1633.48,0.01,11.05,18068.12,1
2026-03-25,2026-03-25 13:28:00,1633.48,1633.6,1633.48,1633.6,0.01,11.05,18068.12,1
2026-03-25,2026-03-25 13:29:00,1633.6,1633.72,1633.6,1633.72,0.01,11.05,18068.12,1
2026-03-25,2026-03-25 13:30:00,1633.72,1633.85,1633.72,1633.85,0.01,11.05,18068.12,1
2026-03-25,2026-03-25 13:31:00,1633.85,1633.97,1633.85,1633.97,0.01,11.05,18068.12,1
2026-03-25,2026-03-25 13:32:00,1633.97,1634.1,1633.97,1634.1,0.01,11.05,18068.12,1
2026-03-25,2026-03-25 13:33:00,1634.1,1634.22,1634.1,1634.22,0.01,11.05,18068.12,1
2026-03-25,2026-03-25 13:34:00,1634.22,1634.35,1634.22,1634.35,0.01,11.05,18068.12,1
2026-03-25,2026-03-25 13:35:00,1634.35,1634.47,1634.35,1634.47,0.01,11.05,18068.12,1
2026-03-25,2026-03-25 13:36:00,1634.47,1634.59,1634.47,1634.59,0.01,11.05,18068.12,1
2026-03-25,2026-03-25 13:37:00,1634.59,1634.72,1634.59,1634.72,0.01,11.05,18068.12,1
2026-03-25,2026-03-25 13:38:00,1634.72,1634.84,1634.72,1634.84,0.01,11.05,18068.12,1
2026-03-25,2026-03-25 13:39:00,1634.84,1634.97,1634.84,1634.97,0.01,11.05,18068.12,1
2026-03-25,2026-03-25 13:40:00,1634.97,1635.09,1634.97,1635.09,0.01,11.05,18068.12,1
2026-03-25,2026-03-25 13:41:00,1635.09,1635.22,1635.09,1635.22,0.01,11.05,18068.12,1
2026-03-25,2026-03-25 13:42:00,1635.22,1635.34,1635.22,1635.34,0.01,11.05,18068.12,1
2026-03-25,2026-03-25 13:43:00,1635.34,1635.46,1635.34,1635.46,0.01,11.05,18068.12,1
2026-03-25,2026-03-25 13:44:00,1635.46,1635.59,1635.46,1635.59,0.01,11.05,18068.12,1
2026-03-25,2026-03-25 13:45:00,1635.59,1635.71,1635.59,1635.71,0.01,11.05,18068.12,1
2026-03-25,2026-03-25 13:46:00,1635.71,1635.84,1635.71,1635.84,0.01,11.05,18068.12,1
2026-03-25,2026-03-25 13:47:00,1635.84,1635.96,1635.84,1635.96,0.01,11.05,18068.12,1
2026-03-25,2026-03-25 13:48:00,1635.96,1636.08,1635.96,1636.08,0.01,11.05,18068.12,1
2026-03-25,2026-03-25 13:49:00,1636.08,1636.21,1636.08,1636.21,0.01,11.05,18068.12,1
2026-03-25,2026-03-25 13:50:00,1636.21,1636.33,1636.21,1636.33,0.01,11.05,18068.12,1
2026-03-25,2026-03-25 13:51:00,1636.33,1636.46,1636.33,1636.46,0.01,11.05,18068.12,1
2026-03-25,2026-03-25 13:52:00,1636.46,1636.58,1636.46,1636.58,0.01,11.05,18068.12,1
2026-03-25,2026-03-25 13:53:00,1636.58,1636.7,1636.58,1636.7,0.01,11.05,18068.12,1
2026-03-25,2026-03-25 13:54:00,1636.7,1636.83,1636.7,1636.83,0.01,11.05,18068.12,1
2026-03-25,2026-03-25 13:55:00,1636.83,1636.95,1636.83,1636.95,0.01,11.05,18068.12,1
2026-03-25,2026-03-25 13:56:00,1636.95,1637.08,1636.95,1637.08,0.01,11.05,18068.12,1
2026-03-25,2026-03-25 13:57:00,1637.08,1637.2,1637.08,1637.2,0.01,11.05,18068.12,1
2026-03-25,2026-03-25 13:58:00,1637.2,1637.33,1637.2,1637.33,0.01,11.05,18068.12,1
2026-03-25,2026-03-25 13:59:00,1637.33,1637.45,1637.33,1637.45,0.01,11.05,18068.12,1
2026-03-25,2026-03-25 14:00:00,1637.45,1637.57,1637.45,1637.57,0.01,11.05,18068.12,1
2026-03-25,2026-03-25 14:01:00,1637.57,1637.7,1637.57,1637.7,0.01,11.05,18068.12,1
2026-03-25,2026-03-25 14:02:00,1637.7,1637.82,1637.7,1637.82,0.01,11.05,18068.12,1
2026-03-25,2026-03-25 14:03:00,1637.82,1637.95,1637.82,1637.95,0.01,11.05,18068.12,1
2026-03-25,2026-03-25 14:04:00,1637.95,1638.07,1637.95,1638.07,0.01,11.05,18068.12,1
2026-03-25,2026-03-25 14:05:00,1638.07,1638.2,1638.07,1638.2,0.01,11.05,18068.12,1
2026-03-25,2026-03-25 14:06:00,1638.2,1638.32,1638.2,1638.32,0.01,11.05,18068.12,1
2026-03-25,2026-03-25 14:07:00,1638.32,1638.44,1638.32,1638.44,0.01,11.05,18068.12,1
2026-03-25,2026-03-25 14:08:00,1638.44,1638.57,1638.44,1638.57,0.01,11.05,18068.12,1
2026-03-25,2026-03-25 14:09:00,1638.57,1638.69,1638.57,1638.69,0.01,11.05,18068.12,1
2026-03-25,2026-03-25 14:10:00,1638.69,1638.82,1638.69,1638.82,0.01,11.05,18068.12,1
2026-03-25,2026-03-25 14:11:00,1638.82,1638.94,1638.82,1638.94,0.01,11.05,18068.12,1
2026-03-25,2026-03-25 14:12:00,1638.94,1639.06,1638.94,1639.06,0.01,11.05,18068.12,1
2026-03-25,2026-03-25 14:13:00,1639.06,1639.19,1639.06,1639.19,0.01,11.05,18068.12,1
2026-03-25,2026-03-25 14:14:00,1639.19,1639.31,1639.19,1639.31,0.01,11.05,18068.12,1
2026-03-25,2026-03-25 14:15:00,1639.31,1639.44,1639.31,1639.44,0.01,11.05,18068.12,1
2026-03-25,2026-03-25 14:16:00,1639.44,1639.56,1639.44,1639.56,0.01,11.05,18068.12,1
2026-03-25,2026-03-25 14:17:00,1639.56,1639.68,1639.56,1639.68,0.01,11.05,18068.12,1
2026-03-25,2026-03-25 14:18:00,1639.68,1639.81,1639.68,1639.81,0.01,11.05,18068.12,1
2026-03-25,2026-03-25 14:19:00,1639.81,1639.93,1639.81,1639.93,0.01,11.05,18068.12,1
2026-03-25,2026-03-25 14:20:00,1639.93,1640.06,1639.93,1640.06,0.01,11.05,18068.12,1
2026-03-25,2026-03-25 14:21:00,1640.06,1640.18,1640.06,1640.18,0.01,11.05,18068.12,1
2026-03-25,2026-03-25 14:22:00,1640.18,1640.31,1640.18,1640.31,0.01,11.05,18068.12,1
2026-03-25,2026-03-25 14:23:00,1640.31,1640.43,1640.31,1640.43,0.01,11.05,18068.12,1
2026-03-25,2026-03-25 14:24:00,1640.43,1640.55,1640.43,1640.55,0.01,11.05,18068.12,1
2026-03-25,2026-03-25 14:25:00,1640.55,1640.68,1640.55,1640.68,0.01,11.05,18068.12,1
2026-03-25,2026-03-25 14:26:00,1640.68,1640.8,1640.68,1640.8,0.01,11.05,18068.12,1
2026-03-25,2026-03-25 14:27:00,1640.8,1640.93,1640.8,1640.93,0.01,11.05,18068.12,1
2026-03-25,2026-03-25 14:28:00,1640.93,1641.05,1640.93,1641.05,0.01,11.05,18068.12,1
2026-03-25,2026-03-25 14:29:00,1641.05,1641.18,1641.05,1641.18,0.01,11.05,18068.12,1
2026-03-25,2026-03-25 14:30:00,1641.18,1641.3,1641.18,1641.3,0.01,11.05,18068.12,1
2026-03-25,2026-03-25 14:31:00,1641.3,1641.42,1641.3,1641.42,0.01,11.05,18068.12,1
2026-03-25,2026-03-25 14:32:00,1641.42,1641.55,1641.42,1641.55,0.01,11.05,18068.12,1
2026-03-25,2026-03-25 14:33:00,1641.55,1641.67,1641.55,1641.67,0.01,11.05,18068.12,1
2026-03-25,2026-03-25 14:34:00,1641.67,1641.8,1641.67,1641.8,0.01,11.05,18068.12,1
2026-03-25,2026-03-25 14:35:00,1641.8,1641.92,1641.8,1641.92,0.01,11.05,18068.12,1
2026-03-25,2026-03-25 14:36:00,1641.92,1642.04,1641.92,1642.04,0.01,11.05,18068.12,1
2026-03-25,2026-03-25 14:37:00,1642.04,1642.17,1642.04,1642.17,0.01,11.05,18068.12,1
2026-03-25,2026-03-25 14:38:00,1642.17,1642.29,1642.17,1642.29,0.01,11.05,18068.12,1
2026-03-25,2026-03-25 14:39:00,1642.29,1642.42,1642.29,1642.42,0.01,11.05,18068.12,1
2026-03-25,2026-03-25 14:40:00,1642.42,1642.54,1642.42,1642.54,0.01,11.05,18068.12,1
2026-03-25,2026-03-25 14:41:00,1642.54,1642.66,1642.54,1642.66,0.01,11.05,18068.12,1
2026-03-25,2026-03-25 14:42:00,1642.66,1642.79,1642.66,1642.79,0.01,11.05,18068.12,1
2026-03-25,2026-03-25 14:43:00,1642.79,1642.91,1642.79,1642.91,0.01,11.05,18068.12,1
2026-03-25,2026-03-25 14:44:00,1642.91,1643.04,1642.91,1643.04,0.01,11.05,18068.12,1
2026-03-25,2026-03-25 14:45:00,1643.04,1643.16,1643.04,1643.16,0.01,11.05,18068.12,1
2026-03-25,2026-03-25 14:46:00,1643.16,1643.29,1643.16,1643.29,0.01,11.05,18068.12,1
2026-03-25,2026-03-25 14:47:00,1643.29,1643.41,1643.29,1643.41,0.01,11.05,18068.12,1
2026-03-25,2026-03-25 14:48:00,1643.41,1643.53,1643.41,1643.53,0.01,11.05,18068.12,1
2026-03-25,2026-03-25 14:49:00,1643.53,1643.66,1643.53,1643.66,0.01,11.05,18068.12,1
2026-03-25,2026-03-25 14:50:00,1643.66,1643.78,1643.66,1643.78,0.01,11.05,18068.12,1
2026-03-25,2026-03-25 14:51:00,1643.78,1643.91,1643.78,1643.91,0.01,11.05,18068.12,1
2026-03-25,2026-03-25 14:52:00,1643.91,1644.03,1643.91,1644.03,0.01,11.05,18068.12,1
2026-03-25,2026-03-25 14:53:00,1644.03,1644.16,1644.03,1644.16,0.01,11.05,18068.12,1
2026-03-25,2026-03-25 14:54:00,1644.16,1644.28,1644.16,1644.28,0.01,11.05,18068.12,1
2026-03-25,2026-03-25 14:55:00,1644.28,1644.4,1644.28,1644.4,0.01,11.05,18068.12,1
2026-03-25,2026-03-25 14:56:00,1644.4,1644.53,1644.4,1644.53,0.01,11.05,18068.12,1
2026-03-25,2026-03-25 14:57:00,1644.53,1644.65,1644.53,1644.65,0.01,11.05,18068.12,1
2026-03-25,2026-03-25 14:58:00,1644.65,1644.78,1644.65,1644.78,0.01,11.05,18068.12,1
2026-03-25,2026-03-25 14:59:00,1644.78,1644.9,1644.78,1644.9,0.01,11.05,18068.12,1
2026-03-25,2026-03-25 15:00:00,1644.9,1650.0,1615.1,1644.9,0.0,11.05,18068.12,0
2026-03-26,2026-03-26 11:00:00,1612.1,1618.67,1612.1,1612.19,0.01,6.27,10166.92,1
2026-03-26,2026-03-26 11:01:00,1612.19,1612.28,1612.19,1612.28,0.01,6.27,10166.92,1
2026-03-26,2026-03-26 11:02:00,1612.28,1612.37,1612.28,1612.37,0.01,6.27,10166.92,1
2026-03-26,2026-03-26 11:03:00,1612.37,1612.46,1612.37,1612.46,0.01,6.27,10166.92,1
2026-03-26,2026-03-26 11:04:00,1612.46,1612.56,1612.46,1612.56,0.01,6.27,10166.92,1
2026-03-26,2026-03-26 11:05:00,1612.56,1612.65,1612.56,1612.65,0.01,6.27,10166.92,1
2026-03-26,2026-03-26 11:06:00,1612.65,1612.74,1612.65,1612.74,0.01,6.27,10166.92,1
2026-03-26,2026-03-26 11:07:00,1612.74,1612.83,1612.74,1612.83,0.01,6.27,10166.92,1
2026-03-26,2026-03-26 11:08:00,1612.83,1612.92,1612.83,1612.92,0.01,6.27,10166.92,1
2026-03-26,2026-03-26 11:09:00,1612.92,1613.01,1612.92,1613.01,0.01,6.27,10166.92,1
2026-03-26,2026-03-26 11:10:00,1613.01,1613.1,1613.01,1613.1,0.01,6.27,10166.92,1
2026-03-26,2026-03-26 11:11:00,1613.1,1613.19,1613.1,1613.19,0.01,6.27,10166.92,1
2026-03-26,2026-03-26 11:12:00,1613.19,1613.29,1613.19,1613.29,0.01,6.27,10166.92,1
2026-03-26,2026-03-26 11:13:00,1613.29,1613.38,1613.29,1613.38,0.01,6.27,10166.92,1
2026-03-26,2026-03-26 11:14:00,1613.38,1613.47,1613.38,1613.47,0.01,6.27,10166.92,1
2026-03-26,2026-03-26 11:15:00,1613.47,1613.56,1613.47,1613.56,0.01,6.27,10166.92,1
2026-03-26,2026-03-26 11:16:00,1613.56,1613.65,1613.56,1613.65,0.01,6.27,10166.92,1
2026-03-26,2026-03-26 11:17:00,1613.65,1613.74,1613.65,1613.74,0.01,6.27,10166.92,1
2026-03-26,2026-03-26 11:18:00,1613.74,1613.83,1613.74,1613.83,0.01,6.27,10166.92,1
2026-03-26,2026-03-26 11:19:00,1613.83,1613.92,1613.83,1613.92,0.01,6.27,10166.92,1
2026-03-26,2026-03-26 11:20:00,1613.92,1614.02,1613.92,1614.02,0.01,6.27,10166.92,1
2026-03-26,2026-03-26 11:21:00,1614.02,1614.11,1614.02,1614.11,0.01,6.27,10166.92,1
2026-03-26,2026-03-26 11:22:00,1614.11,1614.2,1614.11,1614.2,0.01,6.27,10166.92,1
2026-03-26,2026-03-26 11:23:00,1614.2,1614.29,1614.2,1614.29,0.01,6.27,10166.92,1
2026-03-26,2026-03-26 11:24:00,1614.29,1614.38,1614.29,1614.38,0.01,6.27,10166.92,1
2026-03-26,2026-03-26 11:25:00,1614.38,1614.47,1614.38,1614.47,0.01,6.27,10166.92,1
2026-03-26,2026-03-26 11:26:00,1614.47,1614.56,1614.47,1614.56,0.01,6.27,10166.92,1
2026-03-26,2026-03-26 11:27:00,1614.56,1614.65,1614.56,1614.65,0.01,6.27,10166.92,1
2026-03-26,2026-03-26 11:28:00,1614.65,1614.75,1614.65,1614.75,0.01,6.27,10166.92,1
2026-03-26,2026-03-26 11:29:00,1614.75,1614.84,1614.75,1614.84,0.01,6.27,10166.92,1
2026-03-26,2026-03-26 11:30:00,1614.84,1614.93,1614.84,1614.93,0.01,6.27,10166.92,1
2026-03-26,2026-03-26 11:31:00,1614.93,1615.02,1614.93,1615.02,0.01,6.27,10166.92,1
2026-03-26,2026-03-26 11:32:00,1615.02,1615.11,1615.02,1615.11,0.01,6.27,10166.92,1
2026-03-26,2026-03-26 11:33:00,1615.11,1615.2,1615.11,1615.2,0.01,6.27,10166.92,1
2026-03-26,2026-03-26 11:34:00,1615.2,1615.29,1615.2,1615.29,0.01,6.27,10166.92,1
2026-03-26,2026-03-26 11:35:00,1615.29,1615.38,1615.29,1615.38,0.01,6.27,10166.92,1
2026-03-26,2026-03-26 11:36:00,1615.38,1615.48,1615.38,1615.48,0.01,6.27,10166.92,1
2026-03-26,2026-03-26 11:37:00,1615.48,1615.57,1615.48,1615.57,0.01,6.27,10166.92,1
2026-03-26,2026-03-26 11:38:00,1615.57,1615.66,1615.57,1615.66,0.01,6.27,10166.92,1
2026-03-26,2026-03-26 11:39:00,1615.66,1615.75,1615.66,1615.75,0.01,6.27,10166.92,1
2026-03-26,2026-03-26 11:40:00,1615.75,1615.84,1615.75,1615.84,0.01,6.27,10166.92,1
2026-03-26,2026-03-26 11:41:00,1615.84,1615.93,1615.84,1615.93,0.01,6.27,10166.92,1
2026-03-26,2026-03-26 11:42:00,1615.93,1616.02,1615.93,1616.02,0.01,6.27,10166.92,1
2026-03-26,2026-03-26 11:43:00,1616.02,1616.12,1616.02,1616.12,0.01,6.27,10166.92,1
2026-03-26,2026-03-26 11:44:00,1616.12,1616.21,1616.12,1616.21,0.01,6.27,10166.92,1
2026-03-26,2026-03-26 11:45:00,1616.21,1616.3,1616.21,1616.3,0.01,6.27,10166.92,1
2026-03-26,2026-03-26 11:46:00,1616.3,1616.39,1616.3,1616.39,0.01,6.27,10166.92,1
2026-03-26,2026-03-26 11:47:00,1616.39,1616.48,1616.39,1616.48,0.01,6.27,10166.92,1
2026-03-26,2026-03-26 11:48:00,1616.48,1616.57,1616.48,1616.57,0.01,6.27,10166.92,1
2026-03-26,2026-03-26 11:49:00,1616.57,1616.66,1616.57,1616.66,0.01,6.27,10166.92,1
2026-03-26,2026-03-26 11:50:00,1616.66,1616.75,1616.66,1616.75,0.01,6.27,10166.92,1
2026-03-26,2026-03-26 11:51:00,1616.75,1616.85,1616.75,1616.85,0.01,6.27,10166.92,1
2026-03-26,2026-03-26 11:52:00,1616.85,1616.94,1616.85,1616.94,0.01,6.27,10166.92,1
2026-03-26,2026-03-26 11:53:00,1616.94,1617.03,1616.94,1617.03,0.01,6.27,10166.92,1
2026-03-26,2026-03-26 11:54:00,1617.03,1617.12,1617.03,1617.12,0.01,6.27,10166.92,1
2026-03-26,2026-03-26 11:55:00,1617.12,1617.21,1617.12,1617.21,0.01,6.27,10166.92,1
2026-03-26,2026-03-26 11:56:00,1617.21,1617.3,1617.21,1617.3,0.01,6.27,10166.92,1
2026-03-26,2026-03-26 11:57:00,1617.3,1617.39,1617.3,1617.39,0.01,6.27,10166.92,1
2026-03-26,2026-03-26 11:58:00,1617.39,1617.48,1617.39,1617.48,0.01,6.27,10166.92,1
2026-03-26,2026-03-26 11:59:00,1617.48,1617.57,1617.48,1617.57,0.01,6.27,10166.92,1
2026-03-26,2026-03-26 12:00:00,1617.57,1617.67,1617.57,1617.67,0.01,6.27,10166.92,1
2026-03-26,2026-03-26 12:01:00,1617.67,1617.76,1617.67,1617.76,0.01,6.27,10166.92,1
2026-03-26,2026-03-26 12:02:00,1617.76,1617.85,1617.76,1617.85,0.01,6.27,10166.92,1
2026-03-26,2026-03-26 12:03:00,1617.85,1617.94,1617.85,1617.94,0.01,6.27,10166.92,1
2026-03-26,2026-03-26 12:04:00,1617.94,1618.03,1617.94,1618.03,0.01,6.27,10166.92,1
2026-03-26,2026-03-26 12:05:00,1618.03,1618.12,1618.03,1618.12,0.01,6.27,10166.92,1
2026-03-26,2026-03-26 12:06:00,1618.12,1618.21,1618.12,1618.21,0.01,6.27,10166.92,1
2026-03-26,2026-03-26 12:07:00,1618.21,1618.3,1618.21,1618.3,0.01,6.27,10166.92,1
2026-03-26,2026-03-26 12:08:00,1618.3,1618.4,1618.3,1618.4,0.01,6.27,10166.92,1
2026-03-26,2026-03-26 12:09:00,1618.4,1618.49,1618.4,1618.49,0.01,6.27,10166.92,1
2026-03-26,2026-03-26 12:10:00,1618.49,1618.58,1618.49,1618.58,0.01,6.27,10166.92,1
2026-03-26,2026-03-26 12:11:00,1618.58,1618.67,1618.58,1618.67,0.01,6.27,10166.92,1
2026-03-26,2026-03-26 12:12:00,1618.67,1618.76,1618.67,1618.76,0.01,6.27,10166.92,1
2026-03-26,2026-03-26 12:13:00,1618.76,1618.85,1618.76,1618.85,0.01,6.27,10166.92,1
2026-03-26,2026-03-26 12:14:00,1618.85,1618.94,1618.85,1618.94,0.01,6.27,10166.92,1
2026-03-26,2026-03-26 12:15:00,1618.94,1619.03,1618.94,1619.03,0.01,6.27,10166.92,1
2026-03-26,2026-03-26 12:16:00,1619.03,1619.13,1619.03,1619.13,0.01,6.27,10166.92,1
2026-03-26,2026-03-26 12:17:00,1619.13,1619.22,1619.13,1619.22,0.01,6.27,10166.92,1
2026-03-26,2026-03-26 12:18:00,1619.22,1619.31,1619.22,1619.31,0.01,6.27,10166.92,1
2026-03-26,2026-03-26 12:19:00,1619.31,1619.4,1619.31,1619.4,0.01,6.27,10166.92,1
2026-03-26,2026-03-26 12:20:00,1619.4,1619.49,1619.4,1619.49,0.01,6.27,10166.92,1
2026-03-26,2026-03-26 12:21:00,1619.49,1619.58,1619.49,1619.58,0.01,6.27,10166.92,1
2026-03-26,2026-03-26 12:22:00,1619.58,1619.67,1619.58,1619.67,0.01,6.27,10166.92,1
2026-03-26,2026-03-26 12:23:00,1619.67,1619.76,1619.67,1619.76,0.01,6.27,10166.92,1
2026-03-26,2026-03-26 12:24:00,1619.76,1619.86,1619.76,1619.86,0.01,6.27,10166.92,1
2026-03-26,2026-03-26 12:25:00,1619.86,1619.95,1619.86,1619.95,0.01,6.27,10166.92,1
2026-03-26,2026-03-26 12:26:00,1619.95,1620.04,1619.95,1620.04,0.01,6.27,10166.92,1
2026-03-26,2026-03-26 12:27:00,1620.04,1620.13,1620.04,1620.13,0.01,6.27,10166.92,1
2026-03-26,2026-03-26 12:28:00,1620.13,1620.22,1620.13,1620.22,0.01,6.27,10166.92,1
2026-03-26,2026-03-26 12:29:00,1620.22,1620.31,1620.22,1620.31,0.01,6.27,10166.92,1
2026-03-26,2026-03-26 12:30:00,1620.31,1620.4,1620.31,1620.4,0.01,6.27,10166.92,1
2026-03-26,2026-03-26 12:31:00,1620.4,1620.49,1620.4,1620.49,0.01,6.27,10166.92,1
2026-03-26,2026-03-26 12:32:00,1620.49,1620.59,1620.49,1620.59,0.01,6.27,10166.92,1
2026-03-26,2026-03-26 12:33:00,1620.59,1620.68,1620.59,1620.68,0.01,6.27,10166.92,1
2026-03-26,2026-03-26 12:34:00,1620.68,1620.77,1620.68,1620.77,0.01,6.27,10166.92,1
2026-03-26,2026-03-26 12:35:00,1620.77,1620.86,1620.77,1620.86,0.01,6.27,10166.92,1
2026-03-26,2026-03-26 12:36:00,1620.86,1620.95,1620.86,1620.95,0.01,6.27,10166.92,1
2026-03-26,2026-03-26 12:37:00,1620.95,1621.04,1620.95,1621.04,0.01,6.27,10166.92,1
2026-03-26,2026-03-26 12:38:00,1621.04,1621.13,1621.04,1621.13,0.01,6.27,10166.92,1
2026-03-26,2026-03-26 12:39:00,1621.13,1621.22,1621.13,1621.22,0.01,6.27,10166.92,1
2026-03-26,2026-03-26 12:40:00,1621.22,1621.32,1621.22,1621.32,0.01,6.27,10166.92,1
2026-03-26,2026-03-26 12:41:00,1621.32,1621.41,1621.32,1621.41,0.01,6.27,10166.92,1
2026-03-26,2026-03-26 12:42:00,1621.41,1621.5,1621.41,1621.5,0.01,6.27,10166.92,1
2026-03-26,2026-03-26 12:43:00,1621.5,1621.59,1621.5,1621.59,0.01,6.27,10166.92,1
2026-03-26,2026-03-26 12:44:00,1621.59,1621.68,1621.59,1621.68,0.01,6.27,10166.92,1
2026-03-26,2026-03-26 12:45:00,1621.68,1621.77,1621.68,1621.77,0.01,6.27,10166.92,1
2026-03-26,2026-03-26 12:46:00,1621.77,1621.86,1621.77,1621.86,0.01,6.27,10166.92,1
2026-03-26,2026-03-26 12:47:00,1621.86,1621.95,1621.86,1621.95,0.01,6.27,10166.92,1
2026-03-26,2026-03-26 12:48:00,1621.95,1622.05,1621.95,1622.05,0.01,6.27,10166.92,1
2026-03-26,2026-03-26 12:49:00,1622.05,1622.14,1622.05,1622.14,0.01,6.27,10166.92,1
2026-03-26,2026-03-26 12:50:00,1622.14,1622.23,1622.14,1622.23,0.01,6.27,10166.92,1
2026-03-26,2026-03-26 12:51:00,1622.23,1622.32,1622.23,1622.32,0.01,6.27,10166.92,1
2026-03-26,2026-03-26 12:52:00,1622.32,1622.41,1622.32,1622.41,0.01,6.27,10166.92,1
2026-03-26,2026-03-26 12:53:00,1622.41,1622.5,1622.41,1622.5,0.01,6.27,10166.92,1
2026-03-26,2026-03-26 12:54:00,1622.5,1622.59,1622.5,1622.59,0.01,6.27,10166.92,1
2026-03-26,2026-03-26 12:55:00,1622.59,1622.68,1622.59,1622.68,0.01,6.27,10166.92,1
2026-03-26,2026-03-26 12:56:00,1622.68,1622.78,1622.68,1622.78,0.01,6.27,10166.92,1
2026-03-26,2026-03-26 12:57:00,1622.78,1622.87,1622.78,1622.87,0.01,6.27,10166.92,1
2026-03-26,2026-03-26 12:58:00,1622.87,1622.96,1622.87,1622.96,0.01,6.27,10166.92,1
2026-03-26,2026-03-26 12:59:00,1622.96,1623.05,1622.96,1623.05,0.01,6.27,10166.92,1
2026-03-26,2026-03-26 13:00:00,1623.05,1634.0,1612.1,1623.14,0.01,6.27,10166.92,1
2026-03-26,2026-03-26 13:01:00,1623.14,1623.23,1623.14,1623.23,0.01,6.27,10166.92,1
2026-03-26,2026-03-26 13:02:00,1623.23,1623.32,1623.23,1623.32,0.01,6.27,10166.92,1
2026-03-26,2026-03-26 13:03:00,1623.32,1623.41,1623.32,1623.41,0.01,6.27,10166.92,1
2026-03-26,2026-03-26 13:04:00,1623.41,1623.51,1623.41,1623.51,0.01,6.27,10166.92,1
2026-03-26,2026-03-26 13:05:00,1623.51,1623.6,1623.51,1623.6,0.01,6.27,10166.92,1
2026-03-26,2026-03-26 13:06:00,1623.6,1623.69,1623.6,1623.69,0.01,6.27,10166.92,1
2026-03-26,2026-03-26 13:07:00,1623.69,1623.78,1623.69,1623.78,0.01,6.27,10166.92,1
2026-03-26,2026-03-26 13:08:00,1623.78,1623.87,1623.78,1623.87,0.01,6.27,10166.92,1
2026-03-26,2026-03-26 13:09:00,1623.87,1623.96,1623.87,1623.96,0.01,6.27,10166.92,1
2026-03-26,2026-03-26 13:10:00,1623.96,1624.05,1623.96,1624.05,0.01,6.27,10166.92,1
2026-03-26,2026-03-26 13:11:00,1624.05,1624.14,1624.05,1624.14,0.01,6.27,10166.92,1
2026-03-26,2026-03-26 13:12:00,1624.14,1624.24,1624.14,1624.24,0.01,6.27,10166.92,1
2026-03-26,2026-03-26 13:13:00,1624.24,1624.33,1624.24,1624.33,0.01,6.27,10166.92,1
2026-03-26,2026-03-26 13:14:00,1624.33,1624.42,1624.33,1624.42,0.01,6.27,10166.92,1
2026-03-26,2026-03-26 13:15:00,1624.42,1624.51,1624.42,1624.51,0.01,6.27,10166.92,1
2026-03-26,2026-03-26 13:16:00,1624.51,1624.6,1624.51,1624.6,0.01,6.27,10166.92,1
2026-03-26,2026-03-26 13:17:00,1624.6,1624.69,1624.6,1624.69,0.01,6.27,10166.92,1
2026-03-26,2026-03-26 13:18:00,1624.69,1624.78,1624.69,1624.78,0.01,6.27,10166.92,1
2026-03-26,2026-03-26 13:19:00,1624.78,1624.88,1624.78,1624.88,0.01,6.27,10166.92,1
2026-03-26,2026-03-26 13:20:00,1624.88,1624.97,1624.88,1624.97,0.01,6.27,10166.92,1
2026-03-26,2026-03-26 13:21:00,1624.97,1625.06,1624.97,1625.06,0.01,6.27,10166.92,1
2026-03-26,2026-03-26 13:22:00,1625.06,1625.15,1625.06,1625.15,0.01,6.27,10166.92,1
2026-03-26,2026-03-26 13:23:00,1625.15,1625.24,1625.15,1625.24,0.01,6.27,10166.92,1
2026-03-26,2026-03-26 13:24:00,1625.24,1625.33,1625.24,1625.33,0.01,6.27,10166.92,1
2026-03-26,2026-03-26 13:25:00,1625.33,1625.42,1625.33,1625.42,0.01,6.27,10166.92,1
2026-03-26,2026-03-26 13:26:00,1625.42,1625.51,1625.42,1625.51,0.01,6.27,10166.92,1
2026-03-26,2026-03-26 13:27:00,1625.51,1625.61,1625.51,1625.61,0.01,6.27,10166.92,1
2026-03-26,2026-03-26 13:28:00,1625.61,1625.7,1625.61,1625.7,0.01,6.27,10166.92,1
2026-03-26,2026-03-26 13:29:00,1625.7,1625.79,1625.7,1625.79,0.01,6.27,10166.92,1
2026-03-26,2026-03-26 13:30:00,1625.79,1625.88,1625.79,1625.88,0.01,6.27,10166.92,1
2026-03-26,2026-03-26 13:31:00,1625.88,1625.97,1625.88,1625.97,0.01,6.27,10166.92,1
2026-03-26,2026-03-26 13:32:00,1625.97,1626.06,1625.97,1626.06,0.01,6.27,10166.92,1
2026-03-26,2026-03-26 13:33:00,1626.06,1626.15,1626.06,1626.15,0.01,6.27,10166.92,1
2026-03-26,2026-03-26 13:34:00,1626.15,1626.24,1626.15,1626.24,0.01,6.27,10166.92,1
2026-03-26,2026-03-26 13:35:00,1626.24,1626.34,1626.24,1626.34,0.01,6.27,10166.92,1
2026-03-26,2026-03-26 13:36:00,1626.34,1626.43,1626.34,1626.43,0.01,6.27,10166.92,1
2026-03-26,2026-03-26 13:37:00,1626.43,1626.52,1626.43,1626.52,0.01,6.27,10166.92,1
2026-03-26,2026-03-26 13:38:00,1626.52,1626.61,1626.52,1626.61,0.01,6.27,10166.92,1
2026-03-26,2026-03-26 13:39:00,1626.61,1626.7,1626.61,1626.7,0.01,6.27,10166.92,1
2026-03-26,2026-03-26 13:40:00,1626.7,1626.79,1626.7,1626.79,0.01,6.27,10166.92,1
2026-03-26,2026-03-26 13:41:00,1626.79,1626.88,1626.79,1626.88,0.01,6.27,10166.92,1
2026-03-26,2026-03-26 13:42:00,1626.88,1626.97,1626.88,1626.97,0.01,6.27,10166.92,1
2026-03-26,2026-03-26 13:43:00,1626.97,1627.07,1626.97,1627.07,0.01,6.27,10166.92,1
2026-03-26,2026-03-26 13:44:00,1627.07,1627.16,1627.07,1627.16,0.01,6.27,10166.92,1
2026-03-26,2026-03-26 13:45:00,1627.16,1627.25,1627.16,1627.25,0.01,6.27,10166.92,1
2026-03-26,2026-03-26 13:46:00,1627.25,1627.34,1627.25,1627.34,0.01,6.27,10166.92,1
2026-03-26,2026-03-26 13:47:00,1627.34,1627.43,1627.34,1627.43,0.01,6.27,10166.92,1
2026-03-26,2026-03-26 13:48:00,1627.43,1627.52,1627.43,1627.52,0.01,6.27,10166.92,1
2026-03-26,2026-03-26 13:49:00,1627.52,1627.61,1627.52,1627.61,0.01,6.27,10166.92,1
2026-03-26,2026-03-26 13:50:00,1627.61,1627.7,1627.61,1627.7,0.01,6.27,10166.92,1
2026-03-26,2026-03-26 13:51:00,1627.7,1627.8,1627.7,1627.8,0.01,6.27,10166.92,1
2026-03-26,2026-03-26 13:52:00,1627.8,1627.89,1627.8,1627.89,0.01,6.27,10166.92,1
2026-03-26,2026-03-26 13:53:00,1627.89,1627.98,1627.89,1627.98,0.01,6.27,10166.92,1
2026-03-26,2026-03-26 13:54:00,1627.98,1628.07,1627.98,1628.07,0.01,6.27,10166.92,1
2026-03-26,2026-03-26 13:55:00,1628.07,1628.16,1628.07,1628.16,0.01,6.27,10166.92,1
2026-03-26,2026-03-26 13:56:00,1628.16,1628.25,1628.16,1628.25,0.01,6.27,10166.92,1
2026-03-26,2026-03-26 13:57:00,1628.25,1628.34,1628.25,1628.34,0.01,6.27,10166.92,1
2026-03-26,2026-03-26 13:58:00,1628.34,1628.43,1628.34,1628.43,0.01,6.27,10166.92,1
2026-03-26,2026-03-26 13:59:00,1628.43,1628.53,1628.43,1628.53,0.01,6.27,10166.92,1
2026-03-26,2026-03-26 14:00:00,1628.53,1628.62,1628.53,1628.62,0.01,6.27,10166.92,1
2026-03-26,2026-03-26 14:01:00,1628.62,1628.71,1628.62,1628.71,0.01,6.27,10166.92,1
2026-03-26,2026-03-26 14:02:00,1628.71,1628.8,1628.71,1628.8,0.01,6.27,10166.92,1
2026-03-26,2026-03-26 14:03:00,1628.8,1628.89,1628.8,1628.89,0.01,6.27,10166.92,1
2026-03-26,2026-03-26 14:04:00,1628.89,1628.98,1628.89,1628.98,0.01,6.27,10166.92,1
2026-03-26,2026-03-26 14:05:00,1628.98,1629.07,1628.98,1629.07,0.01,6.27,10166.92,1
2026-03-26,2026-03-26 14:06:00,1629.07,1629.16,1629.07,1629.16,0.01,6.27,10166.92,1
2026-03-26,2026-03-26 14:07:00,1629.16,1629.25,1629.16,1629.25,0.01,6.27,10166.92,1
2026-03-26,2026-03-26 14:08:00,1629.25,1629.35,1629.25,1629.35,0.01,6.27,10166.92,1
2026-03-26,2026-03-26 14:09:00,1629.35,1629.44,1629.35,1629.44,0.01,6.27,10166.92,1
2026-03-26,2026-03-26 14:10:00,1629.44,1629.53,1629.44,1629.53,0.01,6.27,10166.92,1
2026-03-26,2026-03-26 14:11:00,1629.53,1629.62,1629.53,1629.62,0.01,6.27,10166.92,1
2026-03-26,2026-03-26 14:12:00,1629.62,1629.71,1629.62,1629.71,0.01,6.27,10166.92,1
2026-03-26,2026-03-26 14:13:00,1629.71,1629.8,1629.71,1629.8,0.01,6.27,10166.92,1
2026-03-26,2026-03-26 14:14:00,1629.8,1629.89,1629.8,1629.89,0.01,6.27,10166.92,1
2026-03-26,2026-03-26 14:15:00,1629.89,1629.98,1629.89,1629.98,0.01,6.27,10166.92,1
2026-03-26,2026-03-26 14:16:00,1629.98,1630.08,1629.98,1630.08,0.01,6.27,10166.92,1
2026-03-26,2026-03-26 14:17:00,1630.08,1630.17,1630.08,1630.17,0.01,6.27,10166.92,1
2026-03-26,2026-03-26 14:18:00,1630.17,1630.26,1630.17,1630.26,0.01,6.27,10166.92,1
2026-03-26,2026-03-26 14:19:00,1630.26,1630.35,1630.26,1630.35,0.01,6.27,10166.92,1
2026-03-26,2026-03-26 14:20:00,1630.35,1630.44,1630.35,1630.44,0.01,6.27,10166.92,1
2026-03-26,2026-03-26 14:21:00,1630.44,1630.53,1630.44,1630.53,0.01,6.27,10166.92,1
2026-03-26,2026-03-26 14:22:00,1630.53,1630.62,1630.53,1630.62,0.01,6.27,10166.92,1
2026-03-26,2026-03-26 14:23:00,1630.62,1630.71,1630.62,1630.71,0.01,6.27,10166.92,1
2026-03-26,2026-03-26 14:24:00,1630.71,1630.81,1630.71,1630.81,0.01,6.27,10166.92,1
2026-03-26,2026-03-26 14:25:00,1630.81,1630.9,1630.81,1630.9,0.01,6.27,10166.92,1
2026-03-26,2026-03-26 14:26:00,1630.9,1630.99,1630.9,1630.99,0.01,6.27,10166.92,1
2026-03-26,2026-03-26 14:27:00,1630.99,1631.08,1630.99,1631.08,0.01,6.27,10166.92,1
2026-03-26,2026-03-26 14:28:00,1631.08,1631.17,1631.08,1631.17,0.01,6.27,10166.92,1
2026-03-26,2026-03-26 14:29:00,1631.17,1631.26,1631.17,1631.26,0.01,6.27,10166.92,1
2026-03-26,2026-03-26 14:30:00,1631.26,1631.35,1631.26,1631.35,0.01,6.27,10166.92,1
2026-03-26,2026-03-26 14:31:00,1631.35,1631.44,1631.35,1631.44,0.01,6.27,10166.92,1
2026-03-26,2026-03-26 14:32:00,1631.44,1631.54,1631.44,1631.54,0.01,6.27,10166.92,1
2026-03-26,2026-03-26 14:33:00,1631.54,1631.63,1631.54,1631.63,0.01,6.27,10166.92,1
2026-03-26,2026-03-26 14:34:00,1631.63,1631.72,1631.63,1631.72,0.01,6.27,10166.92,1
2026-03-26,2026-03-26 14:35:00,1631.72,1631.81,1631.72,1631.81,0.01,6.27,10166.92,1
2026-03-26,2026-03-26 14:36:00,1631.81,1631.9,1631.81,1631.9,0.01,6.27,10166.92,1
2026-03-26,2026-03-26 14:37:00,1631.9,1631.99,1631.9,1631.99,0.01,6.27,10166.92,1
2026-03-26,2026-03-26 14:38:00,1631.99,1632.08,1631.99,1632.08,0.01,6.27,10166.92,1
2026-03-26,2026-03-26 14:39:00,1632.08,1632.17,1632.08,1632.17,0.01,6.27,10166.92,1
2026-03-26,2026-03-26 14:40:00,1632.17,1632.27,1632.17,1632.27,0.01,6.27,10166.92,1
2026-03-26,2026-03-26 14:41:00,1632.27,1632.36,1632.27,1632.36,0.01,6.27,10166.92,1
2026-03-26,2026-03-26 14:42:00,1632.36,1632.45,1632.36,1632.45,0.01,6.27,10166.92,1
2026-03-26,2026-03-26 14:43:00,1632.45,1632.54,1632.45,1632.54,0.01,6.27,10166.92,1
2026-03-26,2026-03-26 14:44:00,1632.54,1632.63,1632.54,1632.63,0.01,6.27,10166.92,1
2026-03-26,2026-03-26 14:45:00,1632.63,1632.72,1632.63,1632.72,0.01,6.27,10166.92,1
2026-03-26,2026-03-26 14:46:00,1632.72,1632.81,1632.72,1632.81,0.01,6.27,10166.92,1
2026-03-26,2026-03-26 14:47:00,1632.81,1632.9,1632.81,1632.9,0.01,6.27,10166.92,1
2026-03-26,2026-03-26 14:48:00,1632.9,1633.0,1632.9,1633.0,0.01,6.27,10166.92,1
2026-03-26,2026-03-26 14:49:00,1633.0,1633.09,1633.0,1633.09,0.01,6.27,10166.92,1
2026-03-26,2026-03-26 14:50:00,1633.09,1633.18,1633.09,1633.18,0.01,6.27,10166.92,1
2026-03-26,2026-03-26 14:51:00,1633.18,1633.27,1633.18,1633.27,0.01,6.27,10166.92,1
2026-03-26,2026-03-26 14:52:00,1633.27,1633.36,1633.27,1633.36,0.01,6.27,10166.92,1
2026-03-26,2026-03-26 14:53:00,1633.36,1633.45,1633.36,1633.45,0.01,6.27,10166.92,1
2026-03-26,2026-03-26 14:54:00,1633.45,1633.54,1633.45,1633.54,0.01,6.27,10166.92,1
2026-03-26,2026-03-26 14:55:00,1633.54,1633.63,1633.54,1633.63,0.01,6.27,10166.92,1
2026-03-26,2026-03-26 14:56:00,1633.63,1633.73,1633.63,1633.73,0.01,6.27,10166.92,1
2026-03-26,2026-03-26 14:57:00,1633.73,1633.82,1633.73,1633.82,0.01,6.27,10166.92,1
2026-03-26,2026-03-26 14:58:00,1633.82,1633.91,1633.82,1633.91,0.01,6.27,10166.92,1
2026-03-26,2026-03-26 14:59:00,1633.91,1634.0,1633.91,1634.0,0.01,6.27,10166.92,1
2026-03-26,2026-03-26 15:00:00,1634.0,1634.0,1612.1,1634.0,0.0,6.27,10166.92,0
2026-03-29,2026-03-29 11:00:00,1609.1,1656.89,1608.5,1609.69,0.04,22.78,37406.32,1
2026-03-29,2026-03-29 11:01:00,1609.69,1610.27,1609.69,1610.27,0.04,22.78,37406.32,1
2026-03-29,2026-03-29 11:02:00,1610.27,1610.86,1610.27,1610.86,0.04,22.78,37406.32,1
2026-03-29,2026-03-29 11:03:00,1610.86,1611.45,1610.86,1611.45,0.04,22.78,37406.32,1
2026-03-29,2026-03-29 11:04:00,1611.45,1612.04,1611.45,1612.04,0.04,22.78,37406.32,1
2026-03-29,2026-03-29 11:05:00,1612.04,1612.62,1612.04,1612.62,0.04,22.78,37406.32,1
2026-03-29,2026-03-29 11:06:00,1612.62,1613.21,1612.62,1613.21,0.04,22.78,37406.32,1
2026-03-29,2026-03-29 11:07:00,1613.21,1613.8,1613.21,1613.8,0.04,22.78,37406.32,1
2026-03-29,2026-03-29 11:08:00,1613.8,1614.38,1613.8,1614.38,0.04,22.78,37406.32,1
2026-03-29,2026-03-29 11:09:00,1614.38,1614.97,1614.38,1614.97,0.04,22.78,37406.32,1
2026-03-29,2026-03-29 11:10:00,1614.97,1615.56,1614.97,1615.56,0.04,22.78,37406.32,1
2026-03-29,2026-03-29 11:11:00,1615.56,1616.14,1615.56,1616.14,0.04,22.78,37406.32,1
2026-03-29,2026-03-29 11:12:00,1616.14,1616.73,1616.14,1616.73,0.04,22.78,37406.32,1
2026-03-29,2026-03-29 11:13:00,1616.73,1617.32,1616.73,1617.32,0.04,22.78,37406.32,1
2026-03-29,2026-03-29 11:14:00,1617.32,1617.91,1617.32,1617.91,0.04,22.78,37406.32,1
2026-03-29,2026-03-29 11:15:00,1617.91,1618.49,1617.91,1618.49,0.04,22.78,37406.32,1
2026-03-29,2026-03-29 11:16:00,1618.49,1619.08,1618.49,1619.08,0.04,22.78,37406.32,1
2026-03-29,2026-03-29 11:17:00,1619.08,1619.67,1619.08,1619.67,0.04,22.78,37406.32,1
2026-03-29,2026-03-29 11:18:00,1619.67,1620.25,1619.67,1620.25,0.04,22.78,37406.32,1
2026-03-29,2026-03-29 11:19:00,1620.25,1620.84,1620.25,1620.84,0.04,22.78,37406.32,1
2026-03-29,2026-03-29 11:20:00,1620.84,1621.43,1620.84,1621.43,0.04,22.78,37406.32,1
2026-03-29,2026-03-29 11:21:00,1621.43,1622.02,1621.43,1622.02,0.04,22.78,37406.32,1
2026-03-29,2026-03-29 11:22:00,1622.02,1622.6,1622.02,1622.6,0.04,22.78,37406.32,1
2026-03-29,2026-03-29 11:23:00,1622.6,1623.19,1622.6,1623.19,0.04,22.78,37406.32,1
2026-03-29,2026-03-29 11:24:00,1623.19,1623.78,1623.19,1623.78,0.04,22.78,37406.32,1
2026-03-29,2026-03-29 11:25:00,1623.78,1624.36,1623.78,1624.36,0.04,22.78,37406.32,1
2026-03-29,2026-03-29 11:26:00,1624.36,1624.95,1624.36,1624.95,0.04,22.78,37406.32,1
2026-03-29,2026-03-29 11:27:00,1624.95,1625.54,1624.95,1625.54,0.04,22.78,37406.32,1
2026-03-29,2026-03-29 11:28:00,1625.54,1626.13,1625.54,1626.13,0.04,22.78,37406.32,1
2026-03-29,2026-03-29 11:29:00,1626.13,1626.71,1626.13,1626.71,0.04,22.78,37406.32,1
2026-03-29,2026-03-29 11:30:00,1626.71,1627.3,1626.71,1627.3,0.04,22.78,37406.32,1
2026-03-29,2026-03-29 11:31:00,1627.3,1627.89,1627.3,1627.89,0.04,22.78,37406.32,1
2026-03-29,2026-03-29 11:32:00,1627.89,1628.47,1627.89,1628.47,0.04,22.78,37406.32,1
2026-03-29,2026-03-29 11:33:00,1628.47,1629.06,1628.47,1629.06,0.04,22.78,37406.32,1
2026-03-29,2026-03-29 11:34:00,1629.06,1629.65,1629.06,1629.65,0.04,22.78,37406.32,1
2026-03-29,2026-03-29 11:35:00,1629.65,1630.23,1629.65,1630.23,0.04,22.78,37406.32,1
2026-03-29,2026-03-29 11:36:00,1630.23,1630.82,1630.23,1630.82,0.04,22.78,37406.32,1
2026-03-29,2026-03-29 11:37:00,1630.82,1631.41,1630.82,1631.41,0.04,22.78,37406.32,1
2026-03-29,2026-03-29 11:38:00,1631.41,1632.0,1631.41,1632.0,0.04,22.78,37406.32,1
2026-03-29,2026-03-29 11:39:00,1632.0,1632.58,1632.0,1632.58,0.04,22.78,37406.32,1
2026-03-29,2026-03-29 11:40:00,1632.58,1633.17,1632.58,1633.17,0.04,22.78,37406.32,1
2026-03-29,2026-03-29 11:41:00,1633.17,1633.76,1633.17,1633.76,0.04,22.78,37406.32,1
2026-03-29,2026-03-29 11:42:00,1633.76,1634.34,1633.76,1634.34,0.04,22.78,37406.32,1
2026-03-29,2026-03-29 11:43:00,1634.34,1634.93,1634.34,1634.93,0.04,22.78,37406.32,1
2026-03-29,2026-03-29 11:44:00,1634.93,1635.52,1634.93,1635.52,0.04,22.78,37406.32,1
2026-03-29,2026-03-29 11:45:00,1635.52,1636.11,1635.52,1636.11,0.04,22.78,37406.32,1
2026-03-29,2026-03-29 11:46:00,1636.11,1636.69,1636.11,1636.69,0.04,22.78,37406.32,1
2026-03-29,2026-03-29 11:47:00,1636.69,1637.28,1636.69,1637.28,0.04,22.78,37406.32,1
2026-03-29,2026-03-29 11:48:00,1637.28,1637.87,1637.28,1637.87,0.04,22.78,37406.32,1
2026-03-29,2026-03-29 11:49:00,1637.87,1638.45,1637.87,1638.45,0.04,22.78,37406.32,1
2026-03-29,2026-03-29 11:50:00,1638.45,1639.04,1638.45,1639.04,0.04,22.78,37406.32,1
2026-03-29,2026-03-29 11:51:00,1639.04,1639.63,1639.04,1639.63,0.04,22.78,37406.32,1
2026-03-29,2026-03-29 11:52:00,1639.63,1640.22,1639.63,1640.22,0.04,22.78,37406.32,1
2026-03-29,2026-03-29 11:53:00,1640.22,1640.8,1640.22,1640.8,0.04,22.78,37406.32,1
2026-03-29,2026-03-29 11:54:00,1640.8,1641.39,1640.8,1641.39,0.04,22.78,37406.32,1
2026-03-29,2026-03-29 11:55:00,1641.39,1641.98,1641.39,1641.98,0.04,22.78,37406.32,1
2026-03-29,2026-03-29 11:56:00,1641.98,1642.56,1641.98,1642.56,0.04,22.78,37406.32,1
2026-03-29,2026-03-29 11:57:00,1642.56,1643.15,1642.56,1643.15,0.04,22.78,37406.32,1
2026-03-29,2026-03-29 11:58:00,1643.15,1643.74,1643.15,1643.74,0.04,22.78,37406.32,1
2026-03-29,2026-03-29 11:59:00,1643.74,1644.32,1643.74,1644.32,0.04,22.78,37406.32,1
2026-03-29,2026-03-29 12:00:00,1644.32,1644.91,1644.32,1644.91,0.04,22.78,37406.32,1
2026-03-29,2026-03-29 12:01:00,1644.91,1645.5,1644.91,1645.5,0.04,22.78,37406.32,1
2026-03-29,2026-03-29 12:02:00,1645.5,1646.09,1645.5,1646.09,0.04,22.78,37406.32,1
2026-03-29,2026-03-29 12:03:00,1646.09,1646.67,1646.09,1646.67,0.04,22.78,37406.32,1
2026-03-29,2026-03-29 12:04:00,1646.67,1647.26,1646.67,1647.26,0.04,22.78,37406.32,1
2026-03-29,2026-03-29 12:05:00,1647.26,1647.85,1647.26,1647.85,0.04,22.78,37406.32,1
2026-03-29,2026-03-29 12:06:00,1647.85,1648.43,1647.85,1648.43,0.04,22.78,37406.32,1
2026-03-29,2026-03-29 12:07:00,1648.43,1649.02,1648.43,1649.02,0.04,22.78,37406.32,1
2026-03-29,2026-03-29 12:08:00,1649.02,1649.61,1649.02,1649.61,0.04,22.78,37406.32,1
2026-03-29,2026-03-29 12:09:00,1649.61,1650.2,1649.61,1650.2,0.04,22.78,37406.32,1
2026-03-29,2026-03-29 12:10:00,1650.2,1650.78,1650.2,1650.78,0.04,22.78,37406.32,1
2026-03-29,2026-03-29 12:11:00,1650.78,1651.37,1650.78,1651.37,0.04,22.78,37406.32,1
2026-03-29,2026-03-29 12:12:00,1651.37,1651.96,1651.37,1651.96,0.04,22.78,37406.32,1
2026-03-29,2026-03-29 12:13:00,1651.96,1652.54,1651.96,1652.54,0.04,22.78,37406.32,1
2026-03-29,2026-03-29 12:14:00,1652.54,1653.13,1652.54,1653.13,0.04,22.78,37406.32,1
2026-03-29,2026-03-29 12:15:00,1653.13,1653.72,1653.13,1653.72,0.04,22.78,37406.32,1
2026-03-29,2026-03-29 12:16:00,1653.72,1654.31,1653.72,1654.31,0.04,22.78,37406.32,1
2026-03-29,2026-03-29 12:17:00,1654.31,1654.89,1654.31,1654.89,0.04,22.78,37406.32,1
2026-03-29,2026-03-29 12:18:00,1654.89,1655.48,1654.89,1655.48,0.04,22.78,37406.32,1
2026-03-29,2026-03-29 12:19:00,1655.48,1656.07,1655.48,1656.07,0.04,22.78,37406.32,1
2026-03-29,2026-03-29 12:20:00,1656.07,1656.65,1656.07,1656.65,0.04,22.78,37406.32,1
2026-03-29,2026-03-29 12:21:00,1656.65,1657.24,1656.65,1657.24,0.04,22.78,37406.32,1
2026-03-29,2026-03-29 12:22:00,1657.24,1657.83,1657.24,1657.83,0.04,22.78,37406.32,1
2026-03-29,2026-03-29 12:23:00,1657.83,1658.41,1657.83,1658.41,0.03,22.78,37406.32,1
2026-03-29,2026-03-29 12:24:00,1658.41,1659.0,1658.41,1659.0,0.04,22.78,37406.32,1
2026-03-29,2026-03-29 12:25:00,1659.0,1659.59,1659.0,1659.59,0.04,22.78,37406.32,1
2026-03-29,2026-03-29 12:26:00,1659.59,1660.18,1659.59,1660.18,0.04,22.78,37406.32,1
2026-03-29,2026-03-29 12:27:00,1660.18,1660.76,1660.18,1660.76,0.03,22.78,37406.32,1
2026-03-29,2026-03-29 12:28:00,1660.76,1661.35,1660.76,1661.35,0.04,22.78,37406.32,1
2026-03-29,2026-03-29 12:29:00,1661.35,1661.94,1661.35,1661.94,0.04,22.78,37406.32,1
2026-03-29,2026-03-29 12:30:00,1661.94,1662.52,1661.94,1662.52,0.03,22.78,37406.32,1
2026-03-29,2026-03-29 12:31:00,1662.52,1663.11,1662.52,1663.11,0.04,22.78,37406.32,1
2026-03-29,2026-03-29 12:32:00,1663.11,1663.7,1663.11,1663.7,0.04,22.78,37406.32,1
2026-03-29,2026-03-29 12:33:00,1663.7,1664.29,1663.7,1664.29,0.04,22.78,37406.32,1
2026-03-29,2026-03-29 12:34:00,1664.29,1664.87,1664.29,1664.87,0.03,22.78,37406.32,1
2026-03-29,2026-03-29 12:35:00,1664.87,1665.46,1664.87,1665.46,0.04,22.78,37406.32,1
2026-03-29,2026-03-29 12:36:00,1665.46,1666.05,1665.46,1666.05,0.04,22.78,37406.32,1
2026-03-29,2026-03-29 12:37:00,1666.05,1666.63,1666.05,1666.63,0.03,22.78,37406.32,1
2026-03-29,2026-03-29 12:38:00,1666.63,1667.22,1666.63,1667.22,0.04,22.78,37406.32,1
2026-03-29,2026-03-29 12:39:00,1667.22,1667.81,1667.22,1667.81,0.04,22.78,37406.32,1
2026-03-29,2026-03-29 12:40:00,1667.81,1668.4,1667.81,1668.4,0.04,22.78,37406.32,1
2026-03-29,2026-03-29 12:41:00,1668.4,1668.98,1668.4,1668.98,0.03,22.78,37406.32,1
2026-03-29,2026-03-29 12:42:00,1668.98,1669.57,1668.98,1669.57,0.04,22.78,37406.32,1
2026-03-29,2026-03-29 12:43:00,1669.57,1670.16,1669.57,1670.16,0.04,22.78,37406.32,1
2026-03-29,2026-03-29 12:44:00,1670.16,1670.74,1670.16,1670.74,0.03,22.78,37406.32,1
2026-03-29,2026-03-29 12:45:00,1670.74,1671.33,1670.74,1671.33,0.04,22.78,37406.32,1
2026-03-29,2026-03-29 12:46:00,1671.33,1671.92,1671.33,1671.92,0.04,22.78,37406.32,1
2026-03-29,2026-03-29 12:47:00,1671.92,1672.5,1671.92,1672.5,0.03,22.78,37406.32,1
2026-03-29,2026-03-29 12:48:00,1672.5,1673.09,1672.5,1673.09,0.04,22.78,37406.32,1
2026-03-29,2026-03-29 12:49:00,1673.09,1673.68,1673.09,1673.68,0.04,22.78,37406.32,1
2026-03-29,2026-03-29 12:50:00,1673.68,1674.27,1673.68,1674.27,0.04,22.78,37406.32,1
2026-03-29,2026-03-29 12:51:00,1674.27,1674.85,1674.27,1674.85,0.03,22.78,37406.32,1
2026-03-29,2026-03-29 12:52:00,1674.85,1675.44,1674.85,1675.44,0.04,22.78,37406.32,1
2026-03-29,2026-03-29 12:53:00,1675.44,1676.03,1675.44,1676.03,0.04,22.78,37406.32,1
2026-03-29,2026-03-29 12:54:00,1676.03,1676.61,1676.03,1676.61,0.03,22.78,37406.32,1
2026-03-29,2026-03-29 12:55:00,1676.61,1677.2,1676.61,1677.2,0.04,22.78,37406.32,1
2026-03-29,2026-03-29 12:56:00,1677.2,1677.79,1677.2,1677.79,0.04,22.78,37406.32,1
2026-03-29,2026-03-29 12:57:00,1677.79,1678.38,1677.79,1678.38,0.04,22.78,37406.32,1
2026-03-29,2026-03-29 12:58:00,1678.38,1678.96,1678.38,1678.96,0.03,22.78,37406.32,1
2026-03-29,2026-03-29 12:59:00,1678.96,1679.55,1678.96,1679.55,0.04,22.78,37406.32,1
2026-03-29,2026-03-29 13:00:00,1679.55,1768.4,1607.1,1680.14,0.04,22.78,37406.32,1
2026-03-29,2026-03-29 13:01:00,1680.14,1680.72,1680.14,1680.72,0.03,22.78,37406.32,1
2026-03-29,2026-03-29 13:02:00,1680.72,1681.31,1680.72,1681.31,0.04,22.78,37406.32,1
2026-03-29,2026-03-29 13:03:00,1681.31,1681.9,1681.31,1681.9,0.04,22.78,37406.32,1
2026-03-29,2026-03-29 13:04:00,1681.9,1682.49,1681.9,1682.49,0.04,22.78,37406.32,1
2026-03-29,2026-03-29 13:05:00,1682.49,1683.07,1682.49,1683.07,0.03,22.78,37406.32,1
2026-03-29,2026-03-29 13:06:00,1683.07,1683.66,1683.07,1683.66,0.04,22.78,37406.32,1
2026-03-29,2026-03-29 13:07:00,1683.66,1684.25,1683.66,1684.25,0.04,22.78,37406.32,1
2026-03-29,2026-03-29 13:08:00,1684.25,1684.83,1684.25,1684.83,0.03,22.78,37406.32,1
2026-03-29,2026-03-29 13:09:00,1684.83,1685.42,1684.83,1685.42,0.04,22.78,37406.32,1
2026-03-29,2026-03-29 13:10:00,1685.42,1686.01,1685.42,1686.01,0.04,22.78,37406.32,1
2026-03-29,2026-03-29 13:11:00,1686.01,1686.6,1686.01,1686.6,0.03,22.78,37406.32,1
2026-03-29,2026-03-29 13:12:00,1686.6,1687.18,1686.6,1687.18,0.03,22.78,37406.32,1
2026-03-29,2026-03-29 13:13:00,1687.18,1687.77,1687.18,1687.77,0.03,22.78,37406.32,1
2026-03-29,2026-03-29 13:14:00,1687.77,1688.36,1687.77,1688.36,0.03,22.78,37406.32,1
2026-03-29,2026-03-29 13:15:00,1688.36,1688.94,1688.36,1688.94,0.03,22.78,37406.32,1
2026-03-29,2026-03-29 13:16:00,1688.94,1689.53,1688.94,1689.53,0.03,22.78,37406.32,1
2026-03-29,2026-03-29 13:17:00,1689.53,1690.12,1689.53,1690.12,0.03,22.78,37406.32,1
2026-03-29,2026-03-29 13:18:00,1690.12,1690.7,1690.12,1690.7,0.03,22.78,37406.32,1
2026-03-29,2026-03-29 13:19:00,1690.7,1691.29,1690.7,1691.29,0.03,22.78,37406.32,1
2026-03-29,2026-03-29 13:20:00,1691.29,1691.88,1691.29,1691.88,0.03,22.78,37406.32,1
2026-03-29,2026-03-29 13:21:00,1691.88,1692.47,1691.88,1692.47,0.03,22.78,37406.32,1
2026-03-29,2026-03-29 13:22:00,1692.47,1693.05,1692.47,1693.05,0.03,22.78,37406.32,1
2026-03-29,2026-03-29 13:23:00,1693.05,1693.64,1693.05,1693.64,0.03,22.78,37406.32,1
2026-03-29,2026-03-29 13:24:00,1693.64,1694.23,1693.64,1694.23,0.03,22.78,37406.32,1
2026-03-29,2026-03-29 13:25:00,1694.23,1694.81,1694.23,1694.81,0.03,22.78,37406.32,1
2026-03-29,2026-03-29 13:26:00,1694.81,1695.4,1694.81,1695.4,0.03,22.78,37406.32,1
2026-03-29,2026-03-29 13:27:00,1695.4,1695.99,1695.4,1695.99,0.03,22.78,37406.32,1
2026-03-29,2026-03-29 13:28:00,1695.99,1696.58,1695.99,1696.58,0.03,22.78,37406.32,1
2026-03-29,2026-03-29 13:29:00,1696.58,1697.16,1696.58,1697.16,0.03,22.78,37406.32,1
2026-03-29,2026-03-29 13:30:00,1697.16,1697.75,1697.16,1697.75,0.03,22.78,37406.32,1
2026-03-29,2026-03-29 13:31:00,1697.75,1698.34,1697.75,1698.34,0.03,22.78,37406.32,1
2026-03-29,2026-03-29 13:32:00,1698.34,1698.92,1698.34,1698.92,0.03,22.78,37406.32,1
2026-03-29,2026-03-29 13:33:00,1698.92,1699.51,1698.92,1699.51,0.03,22.78,37406.32,1
2026-03-29,2026-03-29 13:34:00,1699.51,1700.1,1699.51,1700.1,0.03,22.78,37406.32,1
2026-03-29,2026-03-29 13:35:00,1700.1,1700.68,1700.1,1700.68,0.03,22.78,37406.32,1
2026-03-29,2026-03-29 13:36:00,1700.68,1701.27,1700.68,1701.27,0.03,22.78,37406.32,1
2026-03-29,2026-03-29 13:37:00,1701.27,1701.86,1701.27,1701.86,0.03,22.78,37406.32,1
2026-03-29,2026-03-29 13:38:00,1701.86,1702.45,1701.86,1702.45,0.03,22.78,37406.32,1
2026-03-29,2026-03-29 13:39:00,1702.45,1703.03,1702.45,1703.03,0.03,22.78,37406.32,1
2026-03-29,2026-03-29 13:40:00,1703.03,1703.62,1703.03,1703.62,0.03,22.78,37406.32,1
2026-03-29,2026-03-29 13:41:00,1703.62,1704.21,1703.62,1704.21,0.03,22.78,37406.32,1
2026-03-29,2026-03-29 13:42:00,1704.21,1704.79,1704.21,1704.79,0.03,22.78,37406.32,1
2026-03-29,2026-03-29 13:43:00,1704.79,1705.38,1704.79,1705.38,0.03,22.78,37406.32,1
2026-03-29,2026-03-29 13:44:00,1705.38,1705.97,1705.38,1705.97,0.03,22.78,37406.32,1
2026-03-29,2026-03-29 13:45:00,1705.97,1706.56,1705.97,1706.56,0.03,22.78,37406.32,1
2026-03-29,2026-03-29 13:46:00,1706.56,1707.14,1706.56,1707.14,0.03,22.78,37406.32,1
2026-03-29,2026-03-29 13:47:00,1707.14,1707.73,1707.14,1707.73,0.03,22.78,37406.32,1
2026-03-29,2026-03-29 13:48:00,1707.73,1708.32,1707.73,1708.32,0.03,22.78,37406.32,1
2026-03-29,2026-03-29 13:49:00,1708.32,1708.9,1708.32,1708.9,0.03,22.78,37406.32,1
2026-03-29,2026-03-29 13:50:00,1708.9,1709.49,1708.9,1709.49,0.03,22.78,37406.32,1
2026-03-29,2026-03-29 13:51:00,1709.49,1710.08,1709.49,1710.08,0.03,22.78,37406.32,1
2026-03-29,2026-03-29 13:52:00,1710.08,1710.67,1710.08,1710.67,0.03,22.78,37406.32,1
2026-03-29,2026-03-29 13:53:00,1710.67,1711.25,1710.67,1711.25,0.03,22.78,37406.32,1
2026-03-29,2026-03-29 13:54:00,1711.25,1711.84,1711.25,1711.84,0.03,22.78,37406.32,1
2026-03-29,2026-03-29 13:55:00,1711.84,1712.43,1711.84,1712.43,0.03,22.78,37406.32,1
2026-03-29,2026-03-29 13:56:00,1712.43,1713.01,1712.43,1713.01,0.03,22.78,37406.32,1
2026-03-29,2026-03-29 13:57:00,1713.01,1713.6,1713.01,1713.6,0.03,22.78,37406.32,1
2026-03-29,2026-03-29 13:58:00,1713.6,1714.19,1713.6,1714.19,0.03,22.78,37406.32,1
2026-03-29,2026-03-29 13:59:00,1714.19,1714.78,1714.19,1714.78,0.03,22.78,37406.32,1
2026-03-29,2026-03-29 14:00:00,1714.78,1715.36,1714.78,1715.36,0.03,22.78,37406.32,1
2026-03-29,2026-03-29 14:01:00,1715.36,1715.95,1715.36,1715.95,0.03,22.78,37406.32,1
2026-03-29,2026-03-29 14:02:00,1715.95,1716.54,1715.95,1716.54,0.03,22.78,37406.32,1
2026-03-29,2026-03-29 14:03:00,1716.54,1717.12,1716.54,1717.12,0.03,22.78,37406.32,1
2026-03-29,2026-03-29 14:04:00,1717.12,1717.71,1717.12,1717.71,0.03,22.78,37406.32,1
2026-03-29,2026-03-29 14:05:00,1717.71,1718.3,1717.71,1718.3,0.03,22.78,37406.32,1
2026-03-29,2026-03-29 14:06:00,1718.3,1718.88,1718.3,1718.88,0.03,22.78,37406.32,1
2026-03-29,2026-03-29 14:07:00,1718.88,1719.47,1718.88,1719.47,0.03,22.78,37406.32,1
2026-03-29,2026-03-29 14:08:00,1719.47,1720.06,1719.47,1720.06,0.03,22.78,37406.32,1
2026-03-29,2026-03-29 14:09:00,1720.06,1720.65,1720.06,1720.65,0.03,22.78,37406.32,1
2026-03-29,2026-03-29 14:10:00,1720.65,1721.23,1720.65,1721.23,0.03,22.78,37406.32,1
2026-03-29,2026-03-29 14:11:00,1721.23,1721.82,1721.23,1721.82,0.03,22.78,37406.32,1
2026-03-29,2026-03-29 14:12:00,1721.82,1722.41,1721.82,1722.41,0.03,22.78,37406.32,1
2026-03-29,2026-03-29 14:13:00,1722.41,1722.99,1722.41,1722.99,0.03,22.78,37406.32,1
2026-03-29,2026-03-29 14:14:00,1722.99,1723.58,1722.99,1723.58,0.03,22.78,37406.32,1
2026-03-29,2026-03-29 14:15:00,1723.58,1724.17,1723.58,1724.17,0.03,22.78,37406.32,1
2026-03-29,2026-03-29 14:16:00,1724.17,1724.76,1724.17,1724.76,0.03,22.78,37406.32,1
2026-03-29,2026-03-29 14:17:00,1724.76,1725.34,1724.76,1725.34,0.03,22.78,37406.32,1
2026-03-29,2026-03-29 14:18:00,1725.34,1725.93,1725.34,1725.93,0.03,22.78,37406.32,1
2026-03-29,2026-03-29 14:19:00,1725.93,1726.52,1725.93,1726.52,0.03,22.78,37406.32,1
2026-03-29,2026-03-29 14:20:00,1726.52,1727.1,1726.52,1727.1,0.03,22.78,37406.32,1
2026-03-29,2026-03-29 14:21:00,1727.1,1727.69,1727.1,1727.69,0.03,22.78,37406.32,1
2026-03-29,2026-03-29 14:22:00,1727.69,1728.28,1727.69,1728.28,0.03,22.78,37406.32,1
2026-03-29,2026-03-29 14:23:00,1728.28,1728.87,1728.28,1728.87,0.03,22.78,37406.32,1
2026-03-29,2026-03-29 14:24:00,1728.87,1729.45,1728.87,1729.45,0.03,22.78,37406.32,1
2026-03-29,2026-03-29 14:25:00,1729.45,1730.04,1729.45,1730.04,0.03,22.78,37406.32,1
2026-03-29,2026-03-29 14:26:00,1730.04,1730.63,1730.04,1730.63,0.03,22.78,37406.32,1
2026-03-29,2026-03-29 14:27:00,1730.63,1731.21,1730.63,1731.21,0.03,22.78,37406.32,1
2026-03-29,2026-03-29 14:28:00,1731.21,1731.8,1731.21,1731.8,0.03,22.78,37406.32,1
2026-03-29,2026-03-29 14:29:00,1731.8,1732.39,1731.8,1732.39,0.03,22.78,37406.32,1
2026-03-29,2026-03-29 14:30:00,1732.39,1732.97,1732.39,1732.97,0.03,22.78,37406.32,1
2026-03-29,2026-03-29 14:31:00,1732.97,1733.56,1732.97,1733.56,0.03,22.78,37406.32,1
2026-03-29,2026-03-29 14:32:00,1733.56,1734.15,1733.56,1734.15,0.03,22.78,37406.32,1
2026-03-29,2026-03-29 14:33:00,1734.15,1734.74,1734.15,1734.74,0.03,22.78,37406.32,1
2026-03-29,2026-03-29 14:34:00,1734.74,1735.32,1734.74,1735.32,0.03,22.78,37406.32,1
2026-03-29,2026-03-29 14:35:00,1735.32,1735.91,1735.32,1735.91,0.03,22.78,37406.32,1
2026-03-29,2026-03-29 14:36:00,1735.91,1736.5,1735.91,1736.5,0.03,22.78,37406.32,1
2026-03-29,2026-03-29 14:37:00,1736.5,1737.08,1736.5,1737.08,0.03,22.78,37406.32,1
2026-03-29,2026-03-29 14:38:00,1737.08,1737.67,1737.08,1737.67,0.03,22.78,37406.32,1
2026-03-29,2026-03-29 14:39:00,1737.67,1738.26,1737.67,1738.26,0.03,22.78,37406.32,1
2026-03-29,2026-03-29 14:40:00,1738.26,1738.85,1738.26,1738.85,0.03,22.78,37406.32,1
2026-03-29,2026-03-29 14:41:00,1738.85,1739.43,1738.85,1739.43,0.03,22.78,37406.32,1
2026-03-29,2026-03-29 14:42:00,1739.43,1740.02,1739.43,1740.02,0.03,22.78,37406.32,1
2026-03-29,2026-03-29 14:43:00,1740.02,1740.61,1740.02,1740.61,0.03,22.78,37406.32,1
2026-03-29,2026-03-29 14:44:00,1740.61,1741.19,1740.61,1741.19,0.03,22.78,37406.32,1
2026-03-29,2026-03-29 14:45:00,1741.19,1741.78,1741.19,1741.78,0.03,22.78,37406.32,1
2026-03-29,2026-03-29 14:46:00,1741.78,1742.37,1741.78,1742.37,0.03,22.78,37406.32,1
2026-03-29,2026-03-29 14:47:00,1742.37,1742.95,1742.37,1742.95,0.03,22.78,37406.32,1
2026-03-29,2026-03-29 14:48:00,1742.95,1743.54,1742.95,1743.54,0.03,22.78,37406.32,1
2026-03-29,2026-03-29 14:49:00,1743.54,1744.13,1743.54,1744.13,0.03,22.78,37406.32,1
2026-03-29,2026-03-29 14:50:00,1744.13,1744.72,1744.13,1744.72,0.03,22.78,37406.32,1
2026-03-29,2026-03-29 14:51:00,1744.72,1745.3,1744.72,1745.3,0.03,22.78,37406.32,1
2026-03-29,2026-03-29 14:52:00,1745.3,1745.89,1745.3,1745.89,0.03,22.78,37406.32,1
2026-03-29,2026-03-29 14:53:00,1745.89,1746.48,1745.89,1746.48,0.03,22.78,37406.32,1
2026-03-29,2026-03-29 14:54:00,1746.48,1747.06,1746.48,1747.06,0.03,22.78,37406.32,1
2026-03-29,2026-03-29 14:55:00,1747.06,1747.65,1747.06,1747.65,0.03,22.78,37406.32,1
2026-03-29,2026-03-29 14:56:00,1747.65,1748.24,1747.65,1748.24,0.03,22.78,37406.32,1
2026-03-29,2026-03-29 14:57:00,1748.24,1748.83,1748.24,1748.83,0.03,22.78,37406.32,1
2026-03-29,2026-03-29 14:58:00,1748.83,1749.41,1748.83,1749.41,0.03,22.78,37406.32,1
2026-03-29,2026-03-29 14:59:00,1749.41,1750.0,1749.41,1750.0,0.03,22.78,37406.32,1
2026-03-29,2026-03-29 15:00:00,1750.0,1768.4,1607.1,1750.0,0.0,22.78,37406.32,0
2026-03-30,2026-03-30 11:00:00,1715.0,1715.0,1686.56,1714.65,-0.02,13.82,22527.52,-1
2026-03-30,2026-03-30 11:01:00,1714.65,1714.65,1714.29,1714.29,-0.02,13.82,22527.52,-1
2026-03-30,2026-03-30 11:02:00,1714.29,1714.29,1713.94,1713.94,-0.02,13.82,22527.52,-1
2026-03-30,2026-03-30 11:03:00,1713.94,1713.94,1713.58,1713.58,-0.02,13.82,22527.52,-1
2026-03-30,2026-03-30 11:04:00,1713.58,1713.58,1713.23,1713.23,-0.02,13.82,22527.52,-1
2026-03-30,2026-03-30 11:05:00,1713.23,1713.23,1712.88,1712.88,-0.02,13.82,22527.52,-1
2026-03-30,2026-03-30 11:06:00,1712.88,1712.88,1712.52,1712.52,-0.02,13.82,22527.52,-1
2026-03-30,2026-03-30 11:07:00,1712.52,1712.52,1712.17,1712.17,-0.02,13.82,22527.52,-1
2026-03-30,2026-03-30 11:08:00,1712.17,1712.17,1711.81,1711.81,-0.02,13.82,22527.52,-1
2026-03-30,2026-03-30 11:09:00,1711.81,1711.81,1711.46,1711.46,-0.02,13.82,22527.52,-1
2026-03-30,2026-03-30 11:10:00,1711.46,1711.46,1711.1,1711.1,-0.02,13.82,22527.52,-1
2026-03-30,2026-03-30 11:11:00,1711.1,1711.1,1710.75,1710.75,-0.02,13.82,22527.52,-1
2026-03-30,2026-03-30 11:12:00,1710.75,1710.75,1710.4,1710.4,-0.02,13.82,22527.52,-1
2026-03-30,2026-03-30 11:13:00,1710.4,1710.4,1710.04,1710.04,-0.02,13.82,22527.52,-1
2026-03-30,2026-03-30 11:14:00,1710.04,1710.04,1709.69,1709.69,-0.02,13.82,22527.52,-1
2026-03-30,2026-03-30 11:15:00,1709.69,1709.69,1709.33,1709.33,-0.02,13.82,22527.52,-1
2026-03-30,2026-03-30 11:16:00,1709.33,1709.33,1708.98,1708.98,-0.02,13.82,22527.52,-1
2026-03-30,2026-03-30 11:17:00,1708.98,1708.98,1708.62,1708.62,-0.02,13.82,22527.52,-1
2026-03-30,2026-03-30 11:18:00,1708.62,1708.62,1708.27,1708.27,-0.02,13.82,22527.52,-1
2026-03-30,2026-03-30 11:19:00,1708.27,1708.27,1707.92,1707.92,-0.02,13.82,22527.52,-1
2026-03-30,2026-03-30 11:20:00,1707.92,1707.92,1707.56,1707.56,-0.02,13.82,22527.52,-1
2026-03-30,2026-03-30 11:21:00,1707.56,1707.56,1707.21,1707.21,-0.02,13.82,22527.52,-1
2026-03-30,2026-03-30 11:22:00,1707.21,1707.21,1706.85,1706.85,-0.02,13.82,22527.52,-1
2026-03-30,2026-03-30 11:23:00,1706.85,1706.85,1706.5,1706.5,-0.02,13.82,22527.52,-1
2026-03-30,2026-03-30 11:24:00,1706.5,1706.5,1706.15,1706.15,-0.02,13.82,22527.52,-1
2026-03-30,2026-03-30 11:25:00,1706.15,1706.15,1705.79,1705.79,-0.02,13.82,22527.52,-1
2026-03-30,2026-03-30 11:26:00,1705.79,1705.79,1705.44,1705.44,-0.02,13.82,22527.52,-1
2026-03-30,2026-03-30 11:27:00,1705.44,1705.44,1705.08,1705.08,-0.02,13.82,22527.52,-1
2026-03-30,2026-03-30 11:28:00,1705.08,1705.08,1704.73,1704.73,-0.02,13.82,22527.52,-1
2026-03-30,2026-03-30 11:29:00,1704.73,1704.73,1704.38,1704.38,-0.02,13.82,22527.52,-1
2026-03-30,2026-03-30 11:30:00,1704.38,1704.38,1704.02,1704.02,-0.02,13.82,22527.52,-1
2026-03-30,2026-03-30 11:31:00,1704.02,1704.02,1703.67,1703.67,-0.02,13.82,22527.52,-1
2026-03-30,2026-03-30 11:32:00,1703.67,1703.67,1703.31,1703.31,-0.02,13.82,22527.52,-1
2026-03-30,2026-03-30 11:33:00,1703.31,1703.31,1702.96,1702.96,-0.02,13.82,22527.52,-1
2026-03-30,2026-03-30 11:34:00,1702.96,1702.96,1702.6,1702.6,-0.02,13.82,22527.52,-1
2026-03-30,2026-03-30 11:35:00,1702.6,1702.6,1702.25,1702.25,-0.02,13.82,22527.52,-1
2026-03-30,2026-03-30 11:36:00,1702.25,1702.25,1701.9,1701.9,-0.02,13.82,22527.52,-1
2026-03-30,2026-03-30 11:37:00,1701.9,1701.9,1701.54,1701.54,-0.02,13.82,22527.52,-1
2026-03-30,2026-03-30 11:38:00,1701.54,1701.54,1701.19,1701.19,-0.02,13.82,22527.52,-1
2026-03-30,2026-03-30 11:39:00,1701.19,1701.19,1700.83,1700.83,-0.02,13.82,22527.52,-1
2026-03-30,2026-03-30 11:40:00,1700.83,1700.83,1700.48,1700.48,-0.02,13.82,22527.52,-1
2026-03-30,2026-03-30 11:41:00,1700.48,1700.48,1700.12,1700.12,-0.02,13.82,22527.52,-1
2026-03-30,2026-03-30 11:42:00,1700.12,1700.12,1699.77,1699.77,-0.02,13.82,22527.52,-1
2026-03-30,2026-03-30 11:43:00,1699.77,1699.77,1699.42,1699.42,-0.02,13.82,22527.52,-1
2026-03-30,2026-03-30 11:44:00,1699.42,1699.42,1699.06,1699.06,-0.02,13.82,22527.52,-1
2026-03-30,2026-03-30 11:45:00,1699.06,1699.06,1698.71,1698.71,-0.02,13.82,22527.52,-1
2026-03-30,2026-03-30 11:46:00,1698.71,1698.71,1698.35,1698.35,-0.02,13.82,22527.52,-1
2026-03-30,2026-03-30 11:47:00,1698.35,1698.35,1698.0,1698.0,-0.02,13.82,22527.52,-1
2026-03-30,2026-03-30 11:48:00,1698.0,1698.0,1697.65,1697.65,-0.02,13.82,22527.52,-1
2026-03-30,2026-03-30 11:49:00,1697.65,1697.65,1697.29,1697.29,-0.02,13.82,22527.52,-1
2026-03-30,2026-03-30 11:50:00,1697.29,1697.29,1696.94,1696.94,-0.02,13.82,22527.52,-1
2026-03-30,2026-03-30 11:51:00,1696.94,1696.94,1696.58,1696.58,-0.02,13.82,22527.52,-1
2026-03-30,2026-03-30 11:52:00,1696.58,1696.58,1696.23,1696.23,-0.02,13.82,22527.52,-1
2026-03-30,2026-03-30 11:53:00,1696.23,1696.23,1695.88,1695.88,-0.02,13.82,22527.52,-1
2026-03-30,2026-03-30 11:54:00,1695.88,1695.88,1695.52,1695.52,-0.02,13.82,22527.52,-1
2026-03-30,2026-03-30 11:55:00,1695.52,1695.52,1695.17,1695.17,-0.02,13.82,22527.52,-1
2026-03-30,2026-03-30 11:56:00,1695.17,1695.17,1694.81,1694.81,-0.02,13.82,22527.52,-1
2026-03-30,2026-03-30 11:57:00,1694.81,1694.81,1694.46,1694.46,-0.02,13.82,22527.52,-1
2026-03-30,2026-03-30 11:58:00,1694.46,1694.46,1694.1,1694.1,-0.02,13.82,22527.52,-1
2026-03-30,2026-03-30 11:59:00,1694.1,1694.1,1693.75,1693.75,-0.02,13.82,22527.52,-1
2026-03-30,2026-03-30 12:00:00,1693.75,1693.75,1693.4,1693.4,-0.02,13.82,22527.52,-1
2026-03-30,2026-03-30 12:01:00,1693.4,1693.4,1693.04,1693.04,-0.02,13.82,22527.52,-1
2026-03-30,2026-03-30 12:02:00,1693.04,1693.04,1692.69,1692.69,-0.02,13.82,22527.52,-1
2026-03-30,2026-03-30 12:03:00,1692.69,1692.69,1692.33,1692.33,-0.02,13.82,22527.52,-1
2026-03-30,2026-03-30 12:04:00,1692.33,1692.33,1691.98,1691.98,-0.02,13.82,22527.52,-1
2026-03-30,2026-03-30 12:05:00,1691.98,1691.98,1691.62,1691.62,-0.02,13.82,22527.52,-1
2026-03-30,2026-03-30 12:06:00,1691.62,1691.62,1691.27,1691.27,-0.02,13.82,22527.52,-1
2026-03-30,2026-03-30 12:07:00,1691.27,1691.27,1690.92,1690.92,-0.02,13.82,22527.52,-1
2026-03-30,2026-03-30 12:08:00,1690.92,1690.92,1690.56,1690.56,-0.02,13.82,22527.52,-1
2026-03-30,2026-03-30 12:09:00,1690.56,1690.56,1690.21,1690.21,-0.02,13.82,22527.52,-1
2026-03-30,2026-03-30 12:10:00,1690.21,1690.21,1689.85,1689.85,-0.02,13.82,22527.52,-1
2026-03-30,2026-03-30 12:11:00,1689.85,1689.85,1689.5,1689.5,-0.02,13.82,22527.52,-1
2026-03-30,2026-03-30 12:12:00,1689.5,1689.5,1689.15,1689.15,-0.02,13.82,22527.52,-1
2026-03-30,2026-03-30 12:13:00,1689.15,1689.15,1688.79,1688.79,-0.02,13.82,22527.52,-1
2026-03-30,2026-03-30 12:14:00,1688.79,1688.79,1688.44,1688.44,-0.02,13.82,22527.52,-1
2026-03-30,2026-03-30 12:15:00,1688.44,1688.44,1688.08,1688.08,-0.02,13.82,22527.52,-1
2026-03-30,2026-03-30 12:16:00,1688.08,1688.08,1687.73,1687.73,-0.02,13.82,22527.52,-1
2026-03-30,2026-03-30 12:17:00,1687.73,1687.73,1687.38,1687.38,-0.02,13.82,22527.52,-1
2026-03-30,2026-03-30 12:18:00,1687.38,1687.38,1687.02,1687.02,-0.02,13.82,22527.52,-1
2026-03-30,2026-03-30 12:19:00,1687.02,1687.02,1686.67,1686.67,-0.02,13.82,22527.52,-1
2026-03-30,2026-03-30 12:20:00,1686.67,1686.67,1686.31,1686.31,-0.02,13.82,22527.52,-1
2026-03-30,2026-03-30 12:21:00,1686.31,1686.31,1685.96,1685.96,-0.02,13.82,22527.52,-1
2026-03-30,2026-03-30 12:22:00,1685.96,1685.96,1685.6,1685.6,-0.02,13.82,22527.52,-1
2026-03-30,2026-03-30 12:23:00,1685.6,1685.6,1685.25,1685.25,-0.02,13.82,22527.52,-1
2026-03-30,2026-03-30 12:24:00,1685.25,1685.25,1684.9,1684.9,-0.02,13.82,22527.52,-1
2026-03-30,2026-03-30 12:25:00,1684.9,1684.9,1684.54,1684.54,-0.02,13.82,22527.52,-1
2026-03-30,2026-03-30 12:26:00,1684.54,1684.54,1684.19,1684.19,-0.02,13.82,22527.52,-1
2026-03-30,2026-03-30 12:27:00,1684.19,1684.19,1683.83,1683.83,-0.02,13.82,22527.52,-1
2026-03-30,2026-03-30 12:28:00,1683.83,1683.83,1683.48,1683.48,-0.02,13.82,22527.52,-1
2026-03-30,2026-03-30 12:29:00,1683.48,1683.48,1683.12,1683.12,-0.02,13.82,22527.52,-1
2026-03-30,2026-03-30 12:30:00,1683.12,1683.12,1682.77,1682.77,-0.02,13.82,22527.52,-1
2026-03-30,2026-03-30 12:31:00,1682.77,1682.77,1682.42,1682.42,-0.02,13.82,22527.52,-1
2026-03-30,2026-03-30 12:32:00,1682.42,1682.42,1682.06,1682.06,-0.02,13.82,22527.52,-1
2026-03-30,2026-03-30 12:33:00,1682.06,1682.06,1681.71,1681.71,-0.02,13.82,22527.52,-1
2026-03-30,2026-03-30 12:34:00,1681.71,1681.71,1681.35,1681.35,-0.02,13.82,22527.52,-1
2026-03-30,2026-03-30 12:35:00,1681.35,1681.35,1681.0,1681.0,-0.02,13.82,22527.52,-1
2026-03-30,2026-03-30 12:36:00,1681.0,1681.0,1680.65,1680.65,-0.02,13.82,22527.52,-1
2026-03-30,2026-03-30 12:37:00,1680.65,1680.65,1680.29,1680.29,-0.02,13.82,22527.52,-1
2026-03-30,2026-03-30 12:38:00,1680.29,1680.29,1679.94,1679.94,-0.02,13.82,22527.52,-1
2026-03-30,2026-03-30 12:39:00,1679.94,1679.94,1679.58,1679.58,-0.02,13.82,22527.52,-1
2026-03-30,2026-03-30 12:40:00,1679.58,1679.58,1679.23,1679.23,-0.02,13.82,22527.52,-1
2026-03-30,2026-03-30 12:41:00,1679.23,1679.23,1678.88,1678.88,-0.02,13.82,22527.52,-1
2026-03-30,2026-03-30 12:42:00,1678.88,1678.88,1678.52,1678.52,-0.02,13.82,22527.52,-1
2026-03-30,2026-03-30 12:43:00,1678.52,1678.52,1678.17,1678.17,-0.02,13.82,22527.52,-1
2026-03-30,2026-03-30 12:44:00,1678.17,1678.17,1677.81,1677.81,-0.02,13.82,22527.52,-1
2026-03-30,2026-03-30 12:45:00,1677.81,1677.81,1677.46,1677.46,-0.02,13.82,22527.52,-1
2026-03-30,2026-03-30 12:46:00,1677.46,1677.46,1677.1,1677.1,-0.02,13.82,22527.52,-1
2026-03-30,2026-03-30 12:47:00,1677.1,1677.1,1676.75,1676.75,-0.02,13.82,22527.52,-1
2026-03-30,2026-03-30 12:48:00,1676.75,1676.75,1676.4,1676.4,-0.02,13.82,22527.52,-1
2026-03-30,2026-03-30 12:49:00,1676.4,1676.4,1676.04,1676.04,-0.02,13.82,22527.52,-1
2026-03-30,2026-03-30 12:50:00,1676.04,1676.04,1675.69,1675.69,-0.02,13.82,22527.52,-1
2026-03-30,2026-03-30 12:51:00,1675.69,1675.69,1675.33,1675.33,-0.02,13.82,22527.52,-1
2026-03-30,2026-03-30 12:52:00,1675.33,1675.33,1674.98,1674.98,-0.02,13.82,22527.52,-1
2026-03-30,2026-03-30 12:53:00,1674.98,1674.98,1674.62,1674.62,-0.02,13.82,22527.52,-1
2026-03-30,2026-03-30 12:54:00,1674.62,1674.62,1674.27,1674.27,-0.02,13.82,22527.52,-1
2026-03-30,2026-03-30 12:55:00,1674.27,1674.27,1673.92,1673.92,-0.02,13.82,22527.52,-1
2026-03-30,2026-03-30 12:56:00,1673.92,1673.92,1673.56,1673.56,-0.02,13.82,22527.52,-1
2026-03-30,2026-03-30 12:57:00,1673.56,1673.56,1673.21,1673.21,-0.02,13.82,22527.52,-1
2026-03-30,2026-03-30 12:58:00,1673.21,1673.21,1672.85,1672.85,-0.02,13.82,22527.52,-1
2026-03-30,2026-03-30 12:59:00,1672.85,1672.85,1672.5,1672.5,-0.02,13.82,22527.52,-1
2026-03-30,2026-03-30 13:00:00,1672.5,1715.0,1620.2,1672.15,-0.02,13.82,22527.52,-1
2026-03-30,2026-03-30 13:01:00,1672.15,1672.15,1671.79,1671.79,-0.02,13.82,22527.52,-1
2026-03-30,2026-03-30 13:02:00,1671.79,1671.79,1671.44,1671.44,-0.02,13.82,22527.52,-1
2026-03-30,2026-03-30 13:03:00,1671.44,1671.44,1671.08,1671.08,-0.02,13.82,22527.52,-1
2026-03-30,2026-03-30 13:04:00,1671.08,1671.08,1670.73,1670.73,-0.02,13.82,22527.52,-1
2026-03-30,2026-03-30 13:05:00,1670.73,1670.73,1670.38,1670.38,-0.02,13.82,22527.52,-1
2026-03-30,2026-03-30 13:06:00,1670.38,1670.38,1670.02,1670.02,-0.02,13.82,22527.52,-1
2026-03-30,2026-03-30 13:07:00,1670.02,1670.02,1669.67,1669.67,-0.02,13.82,22527.52,-1
2026-03-30,2026-03-30 13:08:00,1669.67,1669.67,1669.31,1669.31,-0.02,13.82,22527.52,-1
2026-03-30,2026-03-30 13:09:00,1669.31,1669.31,1668.96,1668.96,-0.02,13.82,22527.52,-1
2026-03-30,2026-03-30 13:10:00,1668.96,1668.96,1668.6,1668.6,-0.02,13.82,22527.52,-1
2026-03-30,2026-03-30 13:11:00,1668.6,1668.6,1668.25,1668.25,-0.02,13.82,22527.52,-1
2026-03-30,2026-03-30 13:12:00,1668.25,1668.25,1667.9,1667.9,-0.02,13.82,22527.52,-1
2026-03-30,2026-03-30 13:13:00,1667.9,1667.9,1667.54,1667.54,-0.02,13.82,22527.52,-1
2026-03-30,2026-03-30 13:14:00,1667.54,1667.54,1667.19,1667.19,-0.02,13.82,22527.52,-1
2026-03-30,2026-03-30 13:15:00,1667.19,1667.19,1666.83,1666.83,-0.02,13.82,22527.52,-1
2026-03-30,2026-03-30 13:16:00,1666.83,1666.83,1666.48,1666.48,-0.02,13.82,22527.52,-1
2026-03-30,2026-03-30 13:17:00,1666.48,1666.48,1666.12,1666.12,-0.02,13.82,22527.52,-1
2026-03-30,2026-03-30 13:18:00,1666.12,1666.12,1665.77,1665.77,-0.02,13.82,22527.52,-1
2026-03-30,2026-03-30 13:19:00,1665.77,1665.77,1665.42,1665.42,-0.02,13.82,22527.52,-1
2026-03-30,2026-03-30 13:20:00,1665.42,1665.42,1665.06,1665.06,-0.02,13.82,22527.52,-1
2026-03-30,2026-03-30 13:21:00,1665.06,1665.06,1664.71,1664.71,-0.02,13.82,22527.52,-1
2026-03-30,2026-03-30 13:22:00,1664.71,1664.71,1664.35,1664.35,-0.02,13.82,22527.52,-1
2026-03-30,2026-03-30 13:23:00,1664.35,1664.35,1664.0,1664.0,-0.02,13.82,22527.52,-1
2026-03-30,2026-03-30 13:24:00,1664.0,1664.0,1663.65,1663.65,-0.02,13.82,22527.52,-1
2026-03-30,2026-03-30 13:25:00,1663.65,1663.65,1663.29,1663.29,-0.02,13.82,22527.52,-1
2026-03-30,2026-03-30 13:26:00,1663.29,1663.29,1662.94,1662.94,-0.02,13.82,22527.52,-1
2026-03-30,2026-03-30 13:27:00,1662.94,1662.94,1662.58,1662.58,-0.02,13.82,22527.52,-1
2026-03-30,2026-03-30 13:28:00,1662.58,1662.58,1662.23,1662.23,-0.02,13.82,22527.52,-1
2026-03-30,2026-03-30 13:29:00,1662.23,1662.23,1661.88,1661.88,-0.02,13.82,22527.52,-1
2026-03-30,2026-03-30 13:30:00,1661.88,1661.88,1661.52,1661.52,-0.02,13.82,22527.52,-1
2026-03-30,2026-03-30 13:31:00,1661.52,1661.52,1661.17,1661.17,-0.02,13.82,22527.52,-1
2026-03-30,2026-03-30 13:32:00,1661.17,1661.17,1660.81,1660.81,-0.02,13.82,22527.52,-1
2026-03-30,2026-03-30 13:33:00,1660.81,1660.81,1660.46,1660.46,-0.02,13.82,22527.52,-1
2026-03-30,2026-03-30 13:34:00,1660.46,1660.46,1660.1,1660.1,-0.02,13.82,22527.52,-1
2026-03-30,2026-03-30 13:35:00,1660.1,1660.1,1659.75,1659.75,-0.02,13.82,22527.52,-1
2026-03-30,2026-03-30 13:36:00,1659.75,1659.75,1659.4,1659.4,-0.02,13.82,22527.52,-1
2026-03-30,2026-03-30 13:37:00,1659.4,1659.4,1659.04,1659.04,-0.02,13.82,22527.52,-1
2026-03-30,2026-03-30 13:38:00,1659.04,1659.04,1658.69,1658.69,-0.02,13.82,22527.52,-1
2026-03-30,2026-03-30 13:39:00,1658.69,1658.69,1658.33,1658.33,-0.02,13.82,22527.52,-1
2026-03-30,2026-03-30 13:40:00,1658.33,1658.33,1657.98,1657.98,-0.02,13.82,22527.52,-1
2026-03-30,2026-03-30 13:41:00,1657.98,1657.98,1657.62,1657.62,-0.02,13.82,22527.52,-1
2026-03-30,2026-03-30 13:42:00,1657.62,1657.62,1657.27,1657.27,-0.02,13.82,22527.52,-1
2026-03-30,2026-03-30 13:43:00,1657.27,1657.27,1656.92,1656.92,-0.02,13.82,22527.52,-1
2026-03-30,2026-03-30 13:44:00,1656.92,1656.92,1656.56,1656.56,-0.02,13.82,22527.52,-1
2026-03-30,2026-03-30 13:45:00,1656.56,1656.56,1656.21,1656.21,-0.02,13.82,22527.52,-1
2026-03-30,2026-03-30 13:46:00,1656.21,1656.21,1655.85,1655.85,-0.02,13.82,22527.52,-1
2026-03-30,2026-03-30 13:47:00,1655.85,1655.85,1655.5,1655.5,-0.02,13.82,22527.52,-1
2026-03-30,2026-03-30 13:48:00,1655.5,1655.5,1655.15,1655.15,-0.02,13.82,22527.52,-1
2026-03-30,2026-03-30 13:49:00,1655.15,1655.15,1654.79,1654.79,-0.02,13.82,22527.52,-1
2026-03-30,2026-03-30 13:50:00,1654.79,1654.79,1654.44,1654.44,-0.02,13.82,22527.52,-1
2026-03-30,2026-03-30 13:51:00,1654.44,1654.44,1654.08,1654.08,-0.02,13.82,22527.52,-1
2026-03-30,2026-03-30 13:52:00,1654.08,1654.08,1653.73,1653.73,-0.02,13.82,22527.52,-1
2026-03-30,2026-03-30 13:53:00,1653.73,1653.73,1653.38,1653.38,-0.02,13.82,22527.52,-1
2026-03-30,2026-03-30 13:54:00,1653.38,1653.38,1653.02,1653.02,-0.02,13.82,22527.52,-1
2026-03-30,2026-03-30 13:55:00,1653.02,1653.02,1652.67,1652.67,-0.02,13.82,22527.52,-1
2026-03-30,2026-03-30 13:56:00,1652.67,1652.67,1652.31,1652.31,-0.02,13.82,22527.52,-1
2026-03-30,2026-03-30 13:57:00,1652.31,1652.31,1651.96,1651.96,-0.02,13.82,22527.52,-1
2026-03-30,2026-03-30 13:58:00,1651.96,1651.96,1651.6,1651.6,-0.02,13.82,22527.52,-1
2026-03-30,2026-03-30 13:59:00,1651.6,1651.6,1651.25,1651.25,-0.02,13.82,22527.52,-1
2026-03-30,2026-03-30 14:00:00,1651.25,1651.25,1650.9,1650.9,-0.02,13.82,22527.52,-1
2026-03-30,2026-03-30 14:01:00,1650.9,1650.9,1650.54,1650.54,-0.02,13.82,22527.52,-1
2026-03-30,2026-03-30 14:02:00,1650.54,1650.54,1650.19,1650.19,-0.02,13.82,22527.52,-1
2026-03-30,2026-03-30 14:03:00,1650.19,1650.19,1649.83,1649.83,-0.02,13.82,22527.52,-1
2026-03-30,2026-03-30 14:04:00,1649.83,1649.83,1649.48,1649.48,-0.02,13.82,22527.52,-1
2026-03-30,2026-03-30 14:05:00,1649.48,1649.48,1649.12,1649.12,-0.02,13.82,22527.52,-1
2026-03-30,2026-03-30 14:06:00,1649.12,1649.12,1648.77,1648.77,-0.02,13.82,22527.52,-1
2026-03-30,2026-03-30 14:07:00,1648.77,1648.77,1648.42,1648.42,-0.02,13.82,22527.52,-1
2026-03-30,2026-03-30 14:08:00,1648.42,1648.42,1648.06,1648.06,-0.02,13.82,22527.52,-1
2026-03-30,2026-03-30 14:09:00,1648.06,1648.06,1647.71,1647.71,-0.02,13.82,22527.52,-1
2026-03-30,2026-03-30 14:10:00,1647.71,1647.71,1647.35,1647.35,-0.02,13.82,22527.52,-1
2026-03-30,2026-03-30 14:11:00,1647.35,1647.35,1647.0,1647.0,-0.02,13.82,22527.52,-1
2026-03-30,2026-03-30 14:12:00,1647.0,1647.0,1646.65,1646.65,-0.02,13.82,22527.52,-1
2026-03-30,2026-03-30 14:13:00,1646.65,1646.65,1646.29,1646.29,-0.02,13.82,22527.52,-1
2026-03-30,2026-03-30 14:14:00,1646.29,1646.29,1645.94,1645.94,-0.02,13.82,22527.52,-1
2026-03-30,2026-03-30 14:15:00,1645.94,1645.94,1645.58,1645.58,-0.02,13.82,22527.52,-1
2026-03-30,2026-03-30 14:16:00,1645.58,1645.58,1645.23,1645.23,-0.02,13.82,22527.52,-1
2026-03-30,2026-03-30 14:17:00,1645.23,1645.23,1644.88,1644.88,-0.02,13.82,22527.52,-1
2026-03-30,2026-03-30 14:18:00,1644.88,1644.88,1644.52,1644.52,-0.02,13.82,22527.52,-1
2026-03-30,2026-03-30 14:19:00,1644.52,1644.52,1644.17,1644.17,-0.02,13.82,22527.52,-1
2026-03-30,2026-03-30 14:20:00,1644.17,1644.17,1643.81,1643.81,-0.02,13.82,22527.52,-1
2026-03-30,2026-03-30 14:21:00,1643.81,1643.81,1643.46,1643.46,-0.02,13.82,22527.52,-1
2026-03-30,2026-03-30 14:22:00,1643.46,1643.46,1643.1,1643.1,-0.02,13.82,22527.52,-1
2026-03-30,2026-03-30 14:23:00,1643.1,1643.1,1642.75,1642.75,-0.02,13.82,22527.52,-1
2026-03-30,2026-03-30 14:24:00,1642.75,1642.75,1642.4,1642.4,-0.02,13.82,22527.52,-1
2026-03-30,2026-03-30 14:25:00,1642.4,1642.4,1642.04,1642.04,-0.02,13.82,22527.52,-1
2026-03-30,2026-03-30 14:26:00,1642.04,1642.04,1641.69,1641.69,-0.02,13.82,22527.52,-1
2026-03-30,2026-03-30 14:27:00,1641.69,1641.69,1641.33,1641.33,-0.02,13.82,22527.52,-1
2026-03-30,2026-03-30 14:28:00,1641.33,1641.33,1640.98,1640.98,-0.02,13.82,22527.52,-1
2026-03-30,2026-03-30 14:29:00,1640.98,1640.98,1640.62,1640.62,-0.02,13.82,22527.52,-1
2026-03-30,2026-03-30 14:30:00,1640.62,1640.62,1640.27,1640.27,-0.02,13.82,22527.52,-1
2026-03-30,2026-03-30 14:31:00,1640.27,1640.27,1639.92,1639.92,-0.02,13.82,22527.52,-1
2026-03-30,2026-03-30 14:32:00,1639.92,1639.92,1639.56,1639.56,-0.02,13.82,22527.52,-1
2026-03-30,2026-03-30 14:33:00,1639.56,1639.56,1639.21,1639.21,-0.02,13.82,22527.52,-1
2026-03-30,2026-03-30 14:34:00,1639.21,1639.21,1638.85,1638.85,-0.02,13.82,22527.52,-1
2026-03-30,2026-03-30 14:35:00,1638.85,1638.85,1638.5,1638.5,-0.02,13.82,22527.52,-1
2026-03-30,2026-03-30 14:36:00,1638.5,1638.5,1638.15,1638.15,-0.02,13.82,22527.52,-1
2026-03-30,2026-03-30 14:37:00,1638.15,1638.15,1637.79,1637.79,-0.02,13.82,22527.52,-1
2026-03-30,2026-03-30 14:38:00,1637.79,1637.79,1637.44,1637.44,-0.02,13.82,22527.52,-1
2026-03-30,2026-03-30 14:39:00,1637.44,1637.44,1637.08,1637.08,-0.02,13.82,22527.52,-1
2026-03-30,2026-03-30 14:40:00,1637.08,1637.08,1636.73,1636.73,-0.02,13.82,22527.52,-1
2026-03-30,2026-03-30 14:41:00,1636.73,1636.73,1636.38,1636.38,-0.02,13.82,22527.52,-1
2026-03-30,2026-03-30 14:42:00,1636.38,1636.38,1636.02,1636.02,-0.02,13.82,22527.52,-1
2026-03-30,2026-03-30 14:43:00,1636.02,1636.02,1635.67,1635.67,-0.02,13.82,22527.52,-1
2026-03-30,2026-03-30 14:44:00,1635.67,1635.67,1635.31,1635.31,-0.02,13.82,22527.52,-1
2026-03-30,2026-03-30 14:45:00,1635.31,1635.31,1634.96,1634.96,-0.02,13.82,22527.52,-1
2026-03-30,2026-03-30 14:46:00,1634.96,1634.96,1634.6,1634.6,-0.02,13.82,22527.52,-1
2026-03-30,2026-03-30 14:47:00,1634.6,1634.6,1634.25,1634.25,-0.02,13.82,22527.52,-1
2026-03-30,2026-03-30 14:48:00,1634.25,1634.25,1633.9,1633.9,-0.02,13.82,22527.52,-1
2026-03-30,2026-03-30 14:49:00,1633.9,1633.9,1633.54,1633.54,-0.02,13.82,22527.52,-1
2026-03-30,2026-03-30 14:50:00,1633.54,1633.54,1633.19,1633.19,-0.02,13.82,22527.52,-1
2026-03-30,2026-03-30 14:51:00,1633.19,1633.19,1632.83,1632.83,-0.02,13.82,22527.52,-1
2026-03-30,2026-03-30 14:52:00,1632.83,1632.83,1632.48,1632.48,-0.02,13.82,22527.52,-1
2026-03-30,2026-03-30 14:53:00,1632.48,1632.48,1632.12,1632.12,-0.02,13.82,22527.52,-1
2026-03-30,2026-03-30 14:54:00,1632.12,1632.12,1631.77,1631.77,-0.02,13.82,22527.52,-1
2026-03-30,2026-03-30 14:55:00,1631.77,1631.77,1631.42,1631.42,-0.02,13.82,22527.52,-1
2026-03-30,2026-03-30 14:56:00,1631.42,1631.42,1631.06,1631.06,-0.02,13.82,22527.52,-1
2026-03-30,2026-03-30 14:57:00,1631.06,1631.06,1630.71,1630.71,-0.02,13.82,22527.52,-1
2026-03-30,2026-03-30 14:58:00,1630.71,1630.71,1630.35,1630.35,-0.02,13.82,22527.52,-1
2026-03-30,2026-03-30 14:59:00,1630.35,1630.35,1630.0,1630.0,-0.02,13.82,22527.52,-1
2026-03-30,2026-03-30 15:00:00,1630.0,1715.0,1620.2,1630.0,0.0,13.82,22527.52,0
2026-03-31,2026-03-31 11:00:00,1600.0,1627.0,1599.4,1600.08,0.0,23.12,37120.04,1
2026-03-31,2026-03-31 11:01:00,1600.08,1600.17,1600.08,1600.17,0.01,23.12,37120.04,1
2026-03-31,2026-03-31 11:02:00,1600.17,1600.25,1600.17,1600.25,0.0,23.12,37120.04,1
2026-03-31,2026-03-31 11:03:00,1600.25,1600.33,1600.25,1600.33,0.0,23.12,37120.04,1
2026-03-31,2026-03-31 11:04:00,1600.33,1600.42,1600.33,1600.42,0.01,23.12,37120.04,1
2026-03-31,2026-03-31 11:05:00,1600.42,1600.5,1600.42,1600.5,0.0,23.12,37120.04,1
2026-03-31,2026-03-31 11:06:00,1600.5,1600.58,1600.5,1600.58,0.0,23.12,37120.04,1
2026-03-31,2026-03-31 11:07:00,1600.58,1600.67,1600.58,1600.67,0.01,23.12,37120.04,1
2026-03-31,2026-03-31 11:08:00,1600.67,1600.75,1600.67,1600.75,0.0,23.12,37120.04,1
2026-03-31,2026-03-31 11:09:00,1600.75,1600.83,1600.75,1600.83,0.0,23.12,37120.04,1
2026-03-31,2026-03-31 11:10:00,1600.83,1600.92,1600.83,1600.92,0.01,23.12,37120.04,1
2026-03-31,2026-03-31 11:11:00,1600.92,1601.0,1600.92,1601.0,0.0,23.12,37120.04,1
2026-03-31,2026-03-31 11:12:00,1601.0,1601.08,1601.0,1601.08,0.0,23.12,37120.04,1
2026-03-31,2026-03-31 11:13:00,1601.08,1601.17,1601.08,1601.17,0.01,23.12,37120.04,1
2026-03-31,2026-03-31 11:14:00,1601.17,1601.25,1601.17,1601.25,0.0,23.12,37120.04,1
2026-03-31,2026-03-31 11:15:00,1601.25,1601.33,1601.25,1601.33,0.0,23.12,37120.04,1
2026-03-31,2026-03-31 11:16:00,1601.33,1601.42,1601.33,1601.42,0.01,23.12,37120.04,1
2026-03-31,2026-03-31 11:17:00,1601.42,1601.5,1601.42,1601.5,0.0,23.12,37120.04,1
2026-03-31,2026-03-31 11:18:00,1601.5,1601.58,1601.5,1601.58,0.0,23.12,37120.04,1
2026-03-31,2026-03-31 11:19:00,1601.58,1601.67,1601.58,1601.67,0.01,23.12,37120.04,1
2026-03-31,2026-03-31 11:20:00,1601.67,1601.75,1601.67,1601.75,0.0,23.12,37120.04,1
2026-03-31,2026-03-31 11:21:00,1601.75,1601.83,1601.75,1601.83,0.0,23.12,37120.04,1
2026-03-31,2026-03-31 11:22:00,1601.83,1601.92,1601.83,1601.92,0.01,23.12,37120.04,1
2026-03-31,2026-03-31 11:23:00,1601.92,1602.0,1601.92,1602.0,0.0,23.12,37120.04,1
2026-03-31,2026-03-31 11:24:00,1602.0,1602.08,1602.0,1602.08,0.0,23.12,37120.04,1
2026-03-31,2026-03-31 11:25:00,1602.08,1602.17,1602.08,1602.17,0.01,23.12,37120.04,1
2026-03-31,2026-03-31 11:26:00,1602.17,1602.25,1602.17,1602.25,0.0,23.12,37120.04,1
2026-03-31,2026-03-31 11:27:00,1602.25,1602.33,1602.25,1602.33,0.0,23.12,37120.04,1
2026-03-31,2026-03-31 11:28:00,1602.33,1602.42,1602.33,1602.42,0.01,23.12,37120.04,1
2026-03-31,2026-03-31 11:29:00,1602.42,1602.5,1602.42,1602.5,0.0,23.12,37120.04,1
2026-03-31,2026-03-31 11:30:00,1602.5,1602.58,1602.5,1602.58,0.0,23.12,37120.04,1
2026-03-31,2026-03-31 11:31:00,1602.58,1602.67,1602.58,1602.67,0.01,23.12,37120.04,1
2026-03-31,2026-03-31 11:32:00,1602.67,1602.75,1602.67,1602.75,0.0,23.12,37120.04,1
2026-03-31,2026-03-31 11:33:00,1602.75,1602.83,1602.75,1602.83,0.0,23.12,37120.04,1
2026-03-31,2026-03-31 11:34:00,1602.83,1602.92,1602.83,1602.92,0.01,23.12,37120.04,1
2026-03-31,2026-03-31 11:35:00,1602.92,1603.0,1602.92,1603.0,0.0,23.12,37120.04,1
2026-03-31,2026-03-31 11:36:00,1603.0,1603.08,1603.0,1603.08,0.0,23.12,37120.04,1
2026-03-31,2026-03-31 11:37:00,1603.08,1603.17,1603.08,1603.17,0.01,23.12,37120.04,1
2026-03-31,2026-03-31 11:38:00,1603.17,1603.25,1603.17,1603.25,0.0,23.12,37120.04,1
2026-03-31,2026-03-31 11:39:00,1603.25,1603.33,1603.25,1603.33,0.0,23.12,37120.04,1
2026-03-31,2026-03-31 11:40:00,1603.33,1603.42,1603.33,1603.42,0.01,23.12,37120.04,1
2026-03-31,2026-03-31 11:41:00,1603.42,1603.5,1603.42,1603.5,0.0,23.12,37120.04,1
2026-03-31,2026-03-31 11:42:00,1603.5,1603.58,1603.5,1603.58,0.0,23.12,37120.04,1
2026-03-31,2026-03-31 11:43:00,1603.58,1603.67,1603.58,1603.67,0.01,23.12,37120.04,1
2026-03-31,2026-03-31 11:44:00,1603.67,1603.75,1603.67,1603.75,0.0,23.12,37120.04,1
2026-03-31,2026-03-31 11:45:00,1603.75,1603.83,1603.75,1603.83,0.0,23.12,37120.04,1
2026-03-31,2026-03-31 11:46:00,1603.83,1603.92,1603.83,1603.92,0.01,23.12,37120.04,1
2026-03-31,2026-03-31 11:47:00,1603.92,1604.0,1603.92,1604.0,0.0,23.12,37120.04,1
2026-03-31,2026-03-31 11:48:00,1604.0,1604.08,1604.0,1604.08,0.0,23.12,37120.04,1
2026-03-31,2026-03-31 11:49:00,1604.08,1604.17,1604.08,1604.17,0.01,23.12,37120.04,1
2026-03-31,2026-03-31 11:50:00,1604.17,1604.25,1604.17,1604.25,0.0,23.12,37120.04,1
2026-03-31,2026-03-31 11:51:00,1604.25,1604.33,1604.25,1604.33,0.0,23.12,37120.04,1
2026-03-31,2026-03-31 11:52:00,1604.33,1604.42,1604.33,1604.42,0.01,23.12,37120.04,1
2026-03-31,2026-03-31 11:53:00,1604.42,1604.5,1604.42,1604.5,0.0,23.12,37120.04,1
2026-03-31,2026-03-31 11:54:00,1604.5,1604.58,1604.5,1604.58,0.0,23.12,37120.04,1
2026-03-31,2026-03-31 11:55:00,1604.58,1604.67,1604.58,1604.67,0.01,23.12,37120.04,1
2026-03-31,2026-03-31 11:56:00,1604.67,1604.75,1604.67,1604.75,0.0,23.12,37120.04,1
2026-03-31,2026-03-31 11:57:00,1604.75,1604.83,1604.75,1604.83,0.0,23.12,37120.04,1
2026-03-31,2026-03-31 11:58:00,1604.83,1604.92,1604.83,1604.92,0.01,23.12,37120.04,1
2026-03-31,2026-03-31 11:59:00,1604.92,1605.0,1604.92,1605.0,0.0,23.12,37120.04,1
2026-03-31,2026-03-31 12:00:00,1605.0,1605.08,1605.0,1605.08,0.0,23.12,37120.04,1
2026-03-31,2026-03-31 12:01:00,1605.08,1605.17,1605.08,1605.17,0.01,23.12,37120.04,1
2026-03-31,2026-03-31 12:02:00,1605.17,1605.25,1605.17,1605.25,0.0,23.12,37120.04,1
2026-03-31,2026-03-31 12:03:00,1605.25,1605.33,1605.25,1605.33,0.0,23.12,37120.04,1
2026-03-31,2026-03-31 12:04:00,1605.33,1605.42,1605.33,1605.42,0.01,23.12,37120.04,1
2026-03-31,2026-03-31 12:05:00,1605.42,1605.5,1605.42,1605.5,0.0,23.12,37120.04,1
2026-03-31,2026-03-31 12:06:00,1605.5,1605.58,1605.5,1605.58,0.0,23.12,37120.04,1
2026-03-31,2026-03-31 12:07:00,1605.58,1605.67,1605.58,1605.67,0.01,23.12,37120.04,1
2026-03-31,2026-03-31 12:08:00,1605.67,1605.75,1605.67,1605.75,0.0,23.12,37120.04,1
2026-03-31,2026-03-31 12:09:00,1605.75,1605.83,1605.75,1605.83,0.0,23.12,37120.04,1
2026-03-31,2026-03-31 12:10:00,1605.83,1605.92,1605.83,1605.92,0.01,23.12,37120.04,1
2026-03-31,2026-03-31 12:11:00,1605.92,1606.0,1605.92,1606.0,0.0,23.12,37120.04,1
2026-03-31,2026-03-31 12:12:00,1606.0,1606.08,1606.0,1606.08,0.0,23.12,37120.04,1
2026-03-31,2026-03-31 12:13:00,1606.08,1606.17,1606.08,1606.17,0.01,23.12,37120.04,1
2026-03-31,2026-03-31 12:14:00,1606.17,1606.25,1606.17,1606.25,0.0,23.12,37120.04,1
2026-03-31,2026-03-31 12:15:00,1606.25,1606.33,1606.25,1606.33,0.0,23.12,37120.04,1
2026-03-31,2026-03-31 12:16:00,1606.33,1606.42,1606.33,1606.42,0.01,23.12,37120.04,1
2026-03-31,2026-03-31 12:17:00,1606.42,1606.5,1606.42,1606.5,0.0,23.12,37120.04,1
2026-03-31,2026-03-31 12:18:00,1606.5,1606.58,1606.5,1606.58,0.0,23.12,37120.04,1
2026-03-31,2026-03-31 12:19:00,1606.58,1606.67,1606.58,1606.67,0.01,23.12,37120.04,1
2026-03-31,2026-03-31 12:20:00,1606.67,1606.75,1606.67,1606.75,0.0,23.12,37120.04,1
2026-03-31,2026-03-31 12:21:00,1606.75,1606.83,1606.75,1606.83,0.0,23.12,37120.04,1
2026-03-31,2026-03-31 12:22:00,1606.83,1606.92,1606.83,1606.92,0.01,23.12,37120.04,1
2026-03-31,2026-03-31 12:23:00,1606.92,1607.0,1606.92,1607.0,0.0,23.12,37120.04,1
2026-03-31,2026-03-31 12:24:00,1607.0,1607.08,1607.0,1607.08,0.0,23.12,37120.04,1
2026-03-31,2026-03-31 12:25:00,1607.08,1607.17,1607.08,1607.17,0.01,23.12,37120.04,1
2026-03-31,2026-03-31 12:26:00,1607.17,1607.25,1607.17,1607.25,0.0,23.12,37120.04,1
2026-03-31,2026-03-31 12:27:00,1607.25,1607.33,1607.25,1607.33,0.0,23.12,37120.04,1
2026-03-31,2026-03-31 12:28:00,1607.33,1607.42,1607.33,1607.42,0.01,23.12,37120.04,1
2026-03-31,2026-03-31 12:29:00,1607.42,1607.5,1607.42,1607.5,0.0,23.12,37120.04,1
2026-03-31,2026-03-31 12:30:00,1607.5,1607.58,1607.5,1607.58,0.0,23.12,37120.04,1
2026-03-31,2026-03-31 12:31:00,1607.58,1607.67,1607.58,1607.67,0.01,23.12,37120.04,1
2026-03-31,2026-03-31 12:32:00,1607.67,1607.75,1607.67,1607.75,0.0,23.12,37120.04,1
2026-03-31,2026-03-31 12:33:00,1607.75,1607.83,1607.75,1607.83,0.0,23.12,37120.04,1
2026-03-31,2026-03-31 12:34:00,1607.83,1607.92,1607.83,1607.92,0.01,23.12,37120.04,1
2026-03-31,2026-03-31 12:35:00,1607.92,1608.0,1607.92,1608.0,0.0,23.12,37120.04,1
2026-03-31,2026-03-31 12:36:00,1608.0,1608.08,1608.0,1608.08,0.0,23.12,37120.04,1
2026-03-31,2026-03-31 12:37:00,1608.08,1608.17,1608.08,1608.17,0.01,23.12,37120.04,1
2026-03-31,2026-03-31 12:38:00,1608.17,1608.25,1608.17,1608.25,0.0,23.12,37120.04,1
2026-03-31,2026-03-31 12:39:00,1608.25,1608.33,1608.25,1608.33,0.0,23.12,37120.04,1
2026-03-31,2026-03-31 12:40:00,1608.33,1608.42,1608.33,1608.42,0.01,23.12,37120.04,1
2026-03-31,2026-03-31 12:41:00,1608.42,1608.5,1608.42,1608.5,0.0,23.12,37120.04,1
2026-03-31,2026-03-31 12:42:00,1608.5,1608.58,1608.5,1608.58,0.0,23.12,37120.04,1
2026-03-31,2026-03-31 12:43:00,1608.58,1608.67,1608.58,1608.67,0.01,23.12,37120.04,1
2026-03-31,2026-03-31 12:44:00,1608.67,1608.75,1608.67,1608.75,0.0,23.12,37120.04,1
2026-03-31,2026-03-31 12:45:00,1608.75,1608.83,1608.75,1608.83,0.0,23.12,37120.04,1
2026-03-31,2026-03-31 12:46:00,1608.83,1608.92,1608.83,1608.92,0.01,23.12,37120.04,1
2026-03-31,2026-03-31 12:47:00,1608.92,1609.0,1608.92,1609.0,0.0,23.12,37120.04,1
2026-03-31,2026-03-31 12:48:00,1609.0,1609.08,1609.0,1609.08,0.0,23.12,37120.04,1
2026-03-31,2026-03-31 12:49:00,1609.08,1609.17,1609.08,1609.17,0.01,23.12,37120.04,1
2026-03-31,2026-03-31 12:50:00,1609.17,1609.25,1609.17,1609.25,0.0,23.12,37120.04,1
2026-03-31,2026-03-31 12:51:00,1609.25,1609.33,1609.25,1609.33,0.0,23.12,37120.04,1
2026-03-31,2026-03-31 12:52:00,1609.33,1609.42,1609.33,1609.42,0.01,23.12,37120.04,1
2026-03-31,2026-03-31 12:53:00,1609.42,1609.5,1609.42,1609.5,0.0,23.12,37120.04,1
2026-03-31,2026-03-31 12:54:00,1609.5,1609.58,1609.5,1609.58,0.0,23.12,37120.04,1
2026-03-31,2026-03-31 12:55:00,1609.58,1609.67,1609.58,1609.67,0.01,23.12,37120.04,1
2026-03-31,2026-03-31 12:56:00,1609.67,1609.75,1609.67,1609.75,0.0,23.12,37120.04,1
2026-03-31,2026-03-31 12:57:00,1609.75,1609.83,1609.75,1609.83,0.0,23.12,37120.04,1
2026-03-31,2026-03-31 12:58:00,1609.83,1609.92,1609.83,1609.92,0.01,23.12,37120.04,1
2026-03-31,2026-03-31 12:59:00,1609.92,1610.0,1609.92,1610.0,0.0,23.12,37120.04,1
2026-03-31,2026-03-31 13:00:00,1610.0,1690.0,1598.0,1610.08,0.0,23.12,37120.04,1
2026-03-31,2026-03-31 13:01:00,1610.08,1610.17,1610.08,1610.17,0.01,23.12,37120.04,1
2026-03-31,2026-03-31 13:02:00,1610.17,1610.25,1610.17,1610.25,0.0,23.12,37120.04,1
2026-03-31,2026-03-31 13:03:00,1610.25,1610.33,1610.25,1610.33,0.0,23.12,37120.04,1
2026-03-31,2026-03-31 13:04:00,1610.33,1610.42,1610.33,1610.42,0.01,23.12,37120.04,1
2026-03-31,2026-03-31 13:05:00,1610.42,1610.5,1610.42,1610.5,0.0,23.12,37120.04,1
2026-03-31,2026-03-31 13:06:00,1610.5,1610.58,1610.5,1610.58,0.0,23.12,37120.04,1
2026-03-31,2026-03-31 13:07:00,1610.58,1610.67,1610.58,1610.67,0.01,23.12,37120.04,1
2026-03-31,2026-03-31 13:08:00,1610.67,1610.75,1610.67,1610.75,0.0,23.12,37120.04,1
2026-03-31,2026-03-31 13:09:00,1610.75,1610.83,1610.75,1610.83,0.0,23.12,37120.04,1
2026-03-31,2026-03-31 13:10:00,1610.83,1610.92,1610.83,1610.92,0.01,23.12,37120.04,1
2026-03-31,2026-03-31 13:11:00,1610.92,1611.0,1610.92,1611.0,0.0,23.12,37120.04,1
2026-03-31,2026-03-31 13:12:00,1611.0,1611.08,1611.0,1611.08,0.0,23.12,37120.04,1
2026-03-31,2026-03-31 13:13:00,1611.08,1611.17,1611.08,1611.17,0.01,23.12,37120.04,1
2026-03-31,2026-03-31 13:14:00,1611.17,1611.25,1611.17,1611.25,0.0,23.12,37120.04,1
2026-03-31,2026-03-31 13:15:00,1611.25,1611.33,1611.25,1611.33,0.0,23.12,37120.04,1
2026-03-31,2026-03-31 13:16:00,1611.33,1611.42,1611.33,1611.42,0.01,23.12,37120.04,1
2026-03-31,2026-03-31 13:17:00,1611.42,1611.5,1611.42,1611.5,0.0,23.12,37120.04,1
2026-03-31,2026-03-31 13:18:00,1611.5,1611.58,1611.5,1611.58,0.0,23.12,37120.04,1
2026-03-31,2026-03-31 13:19:00,1611.58,1611.67,1611.58,1611.67,0.01,23.12,37120.04,1
2026-03-31,2026-03-31 13:20:00,1611.67,1611.75,1611.67,1611.75,0.0,23.12,37120.04,1
2026-03-31,2026-03-31 13:21:00,1611.75,1611.83,1611.75,1611.83,0.0,23.12,37120.04,1
2026-03-31,2026-03-31 13:22:00,1611.83,1611.92,1611.83,1611.92,0.01,23.12,37120.04,1
2026-03-31,2026-03-31 13:23:00,1611.92,1612.0,1611.92,1612.0,0.0,23.12,37120.04,1
2026-03-31,2026-03-31 13:24:00,1612.0,1612.08,1612.0,1612.08,0.0,23.12,37120.04,1
2026-03-31,2026-03-31 13:25:00,1612.08,1612.17,1612.08,1612.17,0.01,23.12,37120.04,1
2026-03-31,2026-03-31 13:26:00,1612.17,1612.25,1612.17,1612.25,0.0,23.12,37120.04,1
2026-03-31,2026-03-31 13:27:00,1612.25,1612.33,1612.25,1612.33,0.0,23.12,37120.04,1
2026-03-31,2026-03-31 13:28:00,1612.33,1612.42,1612.33,1612.42,0.01,23.12,37120.04,1
2026-03-31,2026-03-31 13:29:00,1612.42,1612.5,1612.42,1612.5,0.0,23.12,37120.04,1
2026-03-31,2026-03-31 13:30:00,1612.5,1612.58,1612.5,1612.58,0.0,23.12,37120.04,1
2026-03-31,2026-03-31 13:31:00,1612.58,1612.67,1612.58,1612.67,0.01,23.12,37120.04,1
2026-03-31,2026-03-31 13:32:00,1612.67,1612.75,1612.67,1612.75,0.0,23.12,37120.04,1
2026-03-31,2026-03-31 13:33:00,1612.75,1612.83,1612.75,1612.83,0.0,23.12,37120.04,1
2026-03-31,2026-03-31 13:34:00,1612.83,1612.92,1612.83,1612.92,0.01,23.12,37120.04,1
2026-03-31,2026-03-31 13:35:00,1612.92,1613.0,1612.92,1613.0,0.0,23.12,37120.04,1
2026-03-31,2026-03-31 13:36:00,1613.0,1613.08,1613.0,1613.08,0.0,23.12,37120.04,1
2026-03-31,2026-03-31 13:37:00,1613.08,1613.17,1613.08,1613.17,0.01,23.12,37120.04,1
2026-03-31,2026-03-31 13:38:00,1613.17,1613.25,1613.17,1613.25,0.0,23.12,37120.04,1
2026-03-31,2026-03-31 13:39:00,1613.25,1613.33,1613.25,1613.33,0.0,23.12,37120.04,1
2026-03-31,2026-03-31 13:40:00,1613.33,1613.42,1613.33,1613.42,0.01,23.12,37120.04,1
2026-03-31,2026-03-31 13:41:00,1613.42,1613.5,1613.42,1613.5,0.0,23.12,37120.04,1
2026-03-31,2026-03-31 13:42:00,1613.5,1613.58,1613.5,1613.58,0.0,23.12,37120.04,1
2026-03-31,2026-03-31 13:43:00,1613.58,1613.67,1613.58,1613.67,0.01,23.12,37120.04,1
2026-03-31,2026-03-31 13:44:00,1613.67,1613.75,1613.67,1613.75,0.0,23.12,37120.04,1
2026-03-31,2026-03-31 13:45:00,1613.75,1613.83,1613.75,1613.83,0.0,23.12,37120.04,1
2026-03-31,2026-03-31 13:46:00,1613.83,1613.92,1613.83,1613.92,0.01,23.12,37120.04,1
2026-03-31,2026-03-31 13:47:00,1613.92,1614.0,1613.92,1614.0,0.0,23.12,37120.04,1
2026-03-31,2026-03-31 13:48:00,1614.0,1614.08,1614.0,1614.08,0.0,23.12,37120.04,1
2026-03-31,2026-03-31 13:49:00,1614.08,1614.17,1614.08,1614.17,0.01,23.12,37120.04,1
2026-03-31,2026-03-31 13:50:00,1614.17,1614.25,1614.17,1614.25,0.0,23.12,37120.04,1
2026-03-31,2026-03-31 13:51:00,1614.25,1614.33,1614.25,1614.33,0.0,23.12,37120.04,1
2026-03-31,2026-03-31 13:52:00,1614.33,1614.42,1614.33,1614.42,0.01,23.12,37120.04,1
2026-03-31,2026-03-31 13:53:00,1614.42,1614.5,1614.42,1614.5,0.0,23.12,37120.04,1
2026-03-31,2026-03-31 13:54:00,1614.5,1614.58,1614.5,1614.58,0.0,23.12,37120.04,1
2026-03-31,2026-03-31 13:55:00,1614.58,1614.67,1614.58,1614.67,0.01,23.12,37120.04,1
2026-03-31,2026-03-31 13:56:00,1614.67,1614.75,1614.67,1614.75,0.0,23.12,37120.04,1
2026-03-31,2026-03-31 13:57:00,1614.75,1614.83,1614.75,1614.83,0.0,23.12,37120.04,1
2026-03-31,2026-03-31 13:58:00,1614.83,1614.92,1614.83,1614.92,0.01,23.12,37120.04,1
2026-03-31,2026-03-31 13:59:00,1614.92,1615.0,1614.92,1615.0,0.0,23.12,37120.04,1
2026-03-31,2026-03-31 14:00:00,1615.0,1615.08,1615.0,1615.08,0.0,23.12,37120.04,1
2026-03-31,2026-03-31 14:01:00,1615.08,1615.17,1615.08,1615.17,0.01,23.12,37120.04,1
2026-03-31,2026-03-31 14:02:00,1615.17,1615.25,1615.17,1615.25,0.0,23.12,37120.04,1
2026-03-31,2026-03-31 14:03:00,1615.25,1615.33,1615.25,1615.33,0.0,23.12,37120.04,1
2026-03-31,2026-03-31 14:04:00,1615.33,1615.42,1615.33,1615.42,0.01,23.12,37120.04,1
2026-03-31,2026-03-31 14:05:00,1615.42,1615.5,1615.42,1615.5,0.0,23.12,37120.04,1
2026-03-31,2026-03-31 14:06:00,1615.5,1615.58,1615.5,1615.58,0.0,23.12,37120.04,1
2026-03-31,2026-03-31 14:07:00,1615.58,1615.67,1615.58,1615.67,0.01,23.12,37120.04,1
2026-03-31,2026-03-31 14:08:00,1615.67,1615.75,1615.67,1615.75,0.0,23.12,37120.04,1
2026-03-31,2026-03-31 14:09:00,1615.75,1615.83,1615.75,1615.83,0.0,23.12,37120.04,1
2026-03-31,2026-03-31 14:10:00,1615.83,1615.92,1615.83,1615.92,0.01,23.12,37120.04,1
2026-03-31,2026-03-31 14:11:00,1615.92,1616.0,1615.92,1616.0,0.0,23.12,37120.04,1
2026-03-31,2026-03-31 14:12:00,1616.0,1616.08,1616.0,1616.08,0.0,23.12,37120.04,1
2026-03-31,2026-03-31 14:13:00,1616.08,1616.17,1616.08,1616.17,0.01,23.12,37120.04,1
2026-03-31,2026-03-31 14:14:00,1616.17,1616.25,1616.17,1616.25,0.0,23.12,37120.04,1
2026-03-31,2026-03-31 14:15:00,1616.25,1616.33,1616.25,1616.33,0.0,23.12,37120.04,1
2026-03-31,2026-03-31 14:16:00,1616.33,1616.42,1616.33,1616.42,0.01,23.12,37120.04,1
2026-03-31,2026-03-31 14:17:00,1616.42,1616.5,1616.42,1616.5,0.0,23.12,37120.04,1
2026-03-31,2026-03-31 14:18:00,1616.5,1616.58,1616.5,1616.58,0.0,23.12,37120.04,1
2026-03-31,2026-03-31 14:19:00,1616.58,1616.67,1616.58,1616.67,0.01,23.12,37120.04,1
2026-03-31,2026-03-31 14:20:00,1616.67,1616.75,1616.67,1616.75,0.0,23.12,37120.04,1
2026-03-31,2026-03-31 14:21:00,1616.75,1616.83,1616.75,1616.83,0.0,23.12,37120.04,1
2026-03-31,2026-03-31 14:22:00,1616.83,1616.92,1616.83,1616.92,0.01,23.12,37120.04,1
2026-03-31,2026-03-31 14:23:00,1616.92,1617.0,1616.92,1617.0,0.0,23.12,37120.04,1
2026-03-31,2026-03-31 14:24:00,1617.0,1617.08,1617.0,1617.08,0.0,23.12,37120.04,1
2026-03-31,2026-03-31 14:25:00,1617.08,1617.17,1617.08,1617.17,0.01,23.12,37120.04,1
2026-03-31,2026-03-31 14:26:00,1617.17,1617.25,1617.17,1617.25,0.0,23.12,37120.04,1
2026-03-31,2026-03-31 14:27:00,1617.25,1617.33,1617.25,1617.33,0.0,23.12,37120.04,1
2026-03-31,2026-03-31 14:28:00,1617.33,1617.42,1617.33,1617.42,0.01,23.12,37120.04,1
2026-03-31,2026-03-31 14:29:00,1617.42,1617.5,1617.42,1617.5,0.0,23.12,37120.04,1
2026-03-31,2026-03-31 14:30:00,1617.5,1617.58,1617.5,1617.58,0.0,23.12,37120.04,1
2026-03-31,2026-03-31 14:31:00,1617.58,1617.67,1617.58,1617.67,0.01,23.12,37120.04,1
2026-03-31,2026-03-31 14:32:00,1617.67,1617.75,1617.67,1617.75,0.0,23.12,37120.04,1
2026-03-31,2026-03-31 14:33:00,1617.75,1617.83,1617.75,1617.83,0.0,23.12,37120.04,1
2026-03-31,2026-03-31 14:34:00,1617.83,1617.92,1617.83,1617.92,0.01,23.12,37120.04,1
2026-03-31,2026-03-31 14:35:00,1617.92,1618.0,1617.92,1618.0,0.0,23.12,37120.04,1
2026-03-31,2026-03-31 14:36:00,1618.0,1618.08,1618.0,1618.08,0.0,23.12,37120.04,1
2026-03-31,2026-03-31 14:37:00,1618.08,1618.17,1618.08,1618.17,0.01,23.12,37120.04,1
2026-03-31,2026-03-31 14:38:00,1618.17,1618.25,1618.17,1618.25,0.0,23.12,37120.04,1
2026-03-31,2026-03-31 14:39:00,1618.25,1618.33,1618.25,1618.33,0.0,23.12,37120.04,1
2026-03-31,2026-03-31 14:40:00,1618.33,1618.42,1618.33,1618.42,0.01,23.12,37120.04,1
2026-03-31,2026-03-31 14:41:00,1618.42,1618.5,1618.42,1618.5,0.0,23.12,37120.04,1
2026-03-31,2026-03-31 14:42:00,1618.5,1618.58,1618.5,1618.58,0.0,23.12,37120.04,1
2026-03-31,2026-03-31 14:43:00,1618.58,1618.67,1618.58,1618.67,0.01,23.12,37120.04,1
2026-03-31,2026-03-31 14:44:00,1618.67,1618.75,1618.67,1618.75,0.0,23.12,37120.04,1
2026-03-31,2026-03-31 14:45:00,1618.75,1618.83,1618.75,1618.83,0.0,23.12,37120.04,1
2026-03-31,2026-03-31 14:46:00,1618.83,1618.92,1618.83,1618.92,0.01,23.12,37120.04,1
2026-03-31,2026-03-31 14:47:00,1618.92,1619.0,1618.92,1619.0,0.0,23.12,37120.04,1
2026-03-31,2026-03-31 14:48:00,1619.0,1619.08,1619.0,1619.08,0.0,23.12,37120.04,1
2026-03-31,2026-03-31 14:49:00,1619.08,1619.17,1619.08,1619.17,0.01,23.12,37120.04,1
2026-03-31,2026-03-31 14:50:00,1619.17,1619.25,1619.17,1619.25,0.0,23.12,37120.04,1
2026-03-31,2026-03-31 14:51:00,1619.25,1619.33,1619.25,1619.33,0.0,23.12,37120.04,1
2026-03-31,2026-03-31 14:52:00,1619.33,1619.42,1619.33,1619.42,0.01,23.12,37120.04,1
2026-03-31,2026-03-31 14:53:00,1619.42,1619.5,1619.42,1619.5,0.0,23.12,37120.04,1
2026-03-31,2026-03-31 14:54:00,1619.5,1619.58,1619.5,1619.58,0.0,23.12,37120.04,1
2026-03-31,2026-03-31 14:55:00,1619.58,1619.67,1619.58,1619.67,0.01,23.12,37120.04,1
2026-03-31,2026-03-31 14:56:00,1619.67,1619.75,1619.67,1619.75,0.0,23.12,37120.04,1
2026-03-31,2026-03-31 14:57:00,1619.75,1619.83,1619.75,1619.83,0.0,23.12,37120.04,1
2026-03-31,2026-03-31 14:58:00,1619.83,1619.92,1619.83,1619.92,0.01,23.12,37120.04,1
2026-03-31,2026-03-31 14:59:00,1619.92,1620.0,1619.92,1620.0,0.0,23.12,37120.04,1
2026-03-31,2026-03-31 15:00:00,1620.0,1690.0,1598.0,1620.0,0.0,23.12,37120.04,0
2026-04-01,2026-04-01 11:00:00,1595.2,1611.34,1587.31,1595.18,-0.0,25.32,40333.55,-1
2026-04-01,2026-04-01 11:01:00,1595.18,1595.18,1595.16,1595.16,-0.0,25.32,40333.55,-1
2026-04-01,2026-04-01 11:02:00,1595.16,1595.16,1595.13,1595.13,-0.0,25.32,40333.55,-1
2026-04-01,2026-04-01 11:03:00,1595.13,1595.13,1595.11,1595.11,-0.0,25.32,40333.55,-1
2026-04-01,2026-04-01 11:04:00,1595.11,1595.11,1595.09,1595.09,-0.0,25.32,40333.55,-1
2026-04-01,2026-04-01 11:05:00,1595.09,1595.09,1595.07,1595.07,-0.0,25.32,40333.55,-1
2026-04-01,2026-04-01 11:06:00,1595.07,1595.07,1595.05,1595.05,-0.0,25.32,40333.55,-1
2026-04-01,2026-04-01 11:07:00,1595.05,1595.05,1595.03,1595.03,-0.0,25.32,40333.55,-1
2026-04-01,2026-04-01 11:08:00,1595.03,1595.03,1595.01,1595.01,-0.0,25.32,40333.55,-1
2026-04-01,2026-04-01 11:09:00,1595.01,1595.01,1594.98,1594.98,-0.0,25.32,40333.55,-1
2026-04-01,2026-04-01 11:10:00,1594.98,1594.98,1594.96,1594.96,-0.0,25.32,40333.55,-1
2026-04-01,2026-04-01 11:11:00,1594.96,1594.96,1594.94,1594.94,-0.0,25.32,40333.55,-1
2026-04-01,2026-04-01 11:12:00,1594.94,1594.94,1594.92,1594.92,-0.0,25.32,40333.55,-1
2026-04-01,2026-04-01 11:13:00,1594.92,1594.92,1594.9,1594.9,-0.0,25.32,40333.55,-1
2026-04-01,2026-04-01 11:14:00,1594.9,1594.9,1594.88,1594.88,-0.0,25.32,40333.55,-1
2026-04-01,2026-04-01 11:15:00,1594.88,1594.88,1594.85,1594.85,-0.0,25.32,40333.55,-1
2026-04-01,2026-04-01 11:16:00,1594.85,1594.85,1594.83,1594.83,-0.0,25.32,40333.55,-1
2026-04-01,2026-04-01 11:17:00,1594.83,1594.83,1594.81,1594.81,-0.0,25.32,40333.55,-1
2026-04-01,2026-04-01 11:18:00,1594.81,1594.81,1594.79,1594.79,-0.0,25.32,40333.55,-1
2026-04-01,2026-04-01 11:19:00,1594.79,1594.79,1594.77,1594.77,-0.0,25.32,40333.55,-1
2026-04-01,2026-04-01 11:20:00,1594.77,1594.77,1594.75,1594.75,-0.0,25.32,40333.55,-1
2026-04-01,2026-04-01 11:21:00,1594.75,1594.75,1594.72,1594.72,-0.0,25.32,40333.55,-1
2026-04-01,2026-04-01 11:22:00,1594.72,1594.72,1594.7,1594.7,-0.0,25.32,40333.55,-1
2026-04-01,2026-04-01 11:23:00,1594.7,1594.7,1594.68,1594.68,-0.0,25.32,40333.55,-1
2026-04-01,2026-04-01 11:24:00,1594.68,1594.68,1594.66,1594.66,-0.0,25.32,40333.55,-1
2026-04-01,2026-04-01 11:25:00,1594.66,1594.66,1594.64,1594.64,-0.0,25.32,40333.55,-1
2026-04-01,2026-04-01 11:26:00,1594.64,1594.64,1594.62,1594.62,-0.0,25.32,40333.55,-1
2026-04-01,2026-04-01 11:27:00,1594.62,1594.62,1594.59,1594.59,-0.0,25.32,40333.55,-1
2026-04-01,2026-04-01 11:28:00,1594.59,1594.59,1594.57,1594.57,-0.0,25.32,40333.55,-1
2026-04-01,2026-04-01 11:29:00,1594.57,1594.57,1594.55,1594.55,-0.0,25.32,40333.55,-1
2026-04-01,2026-04-01 11:30:00,1594.55,1594.55,1594.53,1594.53,-0.0,25.32,40333.55,-1
2026-04-01,2026-04-01 11:31:00,1594.53,1594.53,1594.51,1594.51,-0.0,25.32,40333.55,-1
2026-04-01,2026-04-01 11:32:00,1594.51,1594.51,1594.49,1594.49,-0.0,25.32,40333.55,-1
2026-04-01,2026-04-01 11:33:00,1594.49,1594.49,1594.46,1594.46,-0.0,25.32,40333.55,-1
2026-04-01,2026-04-01 11:34:00,1594.46,1594.46,1594.44,1594.44,-0.0,25.32,40333.55,-1
2026-04-01,2026-04-01 11:35:00,1594.44,1594.44,1594.42,1594.42,-0.0,25.32,40333.55,-1
2026-04-01,2026-04-01 11:36:00,1594.42,1594.42,1594.4,1594.4,-0.0,25.32,40333.55,-1
2026-04-01,2026-04-01 11:37:00,1594.4,1594.4,1594.38,1594.38,-0.0,25.32,40333.55,-1
2026-04-01,2026-04-01 11:38:00,1594.38,1594.38,1594.36,1594.36,-0.0,25.32,40333.55,-1
2026-04-01,2026-04-01 11:39:00,1594.36,1594.36,1594.33,1594.33,-0.0,25.32,40333.55,-1
2026-04-01,2026-04-01 11:40:00,1594.33,1594.33,1594.31,1594.31,-0.0,25.32,40333.55,-1
2026-04-01,2026-04-01 11:41:00,1594.31,1594.31,1594.29,1594.29,-0.0,25.32,40333.55,-1
2026-04-01,2026-04-01 11:42:00,1594.29,1594.29,1594.27,1594.27,-0.0,25.32,40333.55,-1
2026-04-01,2026-04-01 11:43:00,1594.27,1594.27,1594.25,1594.25,-0.0,25.32,40333.55,-1
2026-04-01,2026-04-01 11:44:00,1594.25,1594.25,1594.23,1594.23,-0.0,25.32,40333.55,-1
2026-04-01,2026-04-01 11:45:00,1594.23,1594.23,1594.2,1594.2,-0.0,25.32,40333.55,-1
2026-04-01,2026-04-01 11:46:00,1594.2,1594.2,1594.18,1594.18,-0.0,25.32,40333.55,-1
2026-04-01,2026-04-01 11:47:00,1594.18,1594.18,1594.16,1594.16,-0.0,25.32,40333.55,-1
2026-04-01,2026-04-01 11:48:00,1594.16,1594.16,1594.14,1594.14,-0.0,25.32,40333.55,-1
2026-04-01,2026-04-01 11:49:00,1594.14,1594.14,1594.12,1594.12,-0.0,25.32,40333.55,-1
2026-04-01,2026-04-01 11:50:00,1594.12,1594.12,1594.1,1594.1,-0.0,25.32,40333.55,-1
2026-04-01,2026-04-01 11:51:00,1594.1,1594.1,1594.07,1594.07,-0.0,25.32,40333.55,-1
2026-04-01,2026-04-01 11:52:00,1594.07,1594.07,1594.05,1594.05,-0.0,25.32,40333.55,-1
2026-04-01,2026-04-01 11:53:00,1594.05,1594.05,1594.03,1594.03,-0.0,25.32,40333.55,-1
2026-04-01,2026-04-01 11:54:00,1594.03,1594.03,1594.01,1594.01,-0.0,25.32,40333.55,-1
2026-04-01,2026-04-01 11:55:00,1594.01,1594.01,1593.99,1593.99,-0.0,25.32,40333.55,-1
2026-04-01,2026-04-01 11:56:00,1593.99,1593.99,1593.97,1593.97,-0.0,25.32,40333.55,-1
2026-04-01,2026-04-01 11:57:00,1593.97,1593.97,1593.94,1593.94,-0.0,25.32,40333.55,-1
2026-04-01,2026-04-01 11:58:00,1593.94,1593.94,1593.92,1593.92,-0.0,25.32,40333.55,-1
2026-04-01,2026-04-01 11:59:00,1593.92,1593.92,1593.9,1593.9,-0.0,25.32,40333.55,-1
2026-04-01,2026-04-01 12:00:00,1593.9,1593.9,1593.88,1593.88,-0.0,25.32,40333.55,-1
2026-04-01,2026-04-01 12:01:00,1593.88,1593.88,1593.86,1593.86,-0.0,25.32,40333.55,-1
2026-04-01,2026-04-01 12:02:00,1593.86,1593.86,1593.84,1593.84,-0.0,25.32,40333.55,-1
2026-04-01,2026-04-01 12:03:00,1593.84,1593.84,1593.81,1593.81,-0.0,25.32,40333.55,-1
2026-04-01,2026-04-01 12:04:00,1593.81,1593.81,1593.79,1593.79,-0.0,25.32,40333.55,-1
2026-04-01,2026-04-01 12:05:00,1593.79,1593.79,1593.77,1593.77,-0.0,25.32,40333.55,-1
2026-04-01,2026-04-01 12:06:00,1593.77,1593.77,1593.75,1593.75,-0.0,25.32,40333.55,-1
2026-04-01,2026-04-01 12:07:00,1593.75,1593.75,1593.73,1593.73,-0.0,25.32,40333.55,-1
2026-04-01,2026-04-01 12:08:00,1593.73,1593.73,1593.7,1593.7,-0.0,25.32,40333.55,-1
2026-04-01,2026-04-01 12:09:00,1593.7,1593.7,1593.68,1593.68,-0.0,25.32,40333.55,-1
2026-04-01,2026-04-01 12:10:00,1593.68,1593.68,1593.66,1593.66,-0.0,25.32,40333.55,-1
2026-04-01,2026-04-01 12:11:00,1593.66,1593.66,1593.64,1593.64,-0.0,25.32,40333.55,-1
2026-04-01,2026-04-01 12:12:00,1593.64,1593.64,1593.62,1593.62,-0.0,25.32,40333.55,-1
2026-04-01,2026-04-01 12:13:00,1593.62,1593.62,1593.6,1593.6,-0.0,25.32,40333.55,-1
2026-04-01,2026-04-01 12:14:00,1593.6,1593.6,1593.58,1593.58,-0.0,25.32,40333.55,-1
2026-04-01,2026-04-01 12:15:00,1593.58,1593.58,1593.55,1593.55,-0.0,25.32,40333.55,-1
2026-04-01,2026-04-01 12:16:00,1593.55,1593.55,1593.53,1593.53,-0.0,25.32,40333.55,-1
2026-04-01,2026-04-01 12:17:00,1593.53,1593.53,1593.51,1593.51,-0.0,25.32,40333.55,-1
2026-04-01,2026-04-01 12:18:00,1593.51,1593.51,1593.49,1593.49,-0.0,25.32,40333.55,-1
2026-04-01,2026-04-01 12:19:00,1593.49,1593.49,1593.47,1593.47,-0.0,25.32,40333.55,-1
2026-04-01,2026-04-01 12:20:00,1593.47,1593.47,1593.44,1593.44,-0.0,25.32,40333.55,-1
2026-04-01,2026-04-01 12:21:00,1593.44,1593.44,1593.42,1593.42,-0.0,25.32,40333.55,-1
2026-04-01,2026-04-01 12:22:00,1593.42,1593.42,1593.4,1593.4,-0.0,25.32,40333.55,-1
2026-04-01,2026-04-01 12:23:00,1593.4,1593.4,1593.38,1593.38,-0.0,25.32,40333.55,-1
2026-04-01,2026-04-01 12:24:00,1593.38,1593.38,1593.36,1593.36,-0.0,25.32,40333.55,-1
2026-04-01,2026-04-01 12:25:00,1593.36,1593.36,1593.34,1593.34,-0.0,25.32,40333.55,-1
2026-04-01,2026-04-01 12:26:00,1593.34,1593.34,1593.32,1593.32,-0.0,25.32,40333.55,-1
2026-04-01,2026-04-01 12:27:00,1593.32,1593.32,1593.29,1593.29,-0.0,25.32,40333.55,-1
2026-04-01,2026-04-01 12:28:00,1593.29,1593.29,1593.27,1593.27,-0.0,25.32,40333.55,-1
2026-04-01,2026-04-01 12:29:00,1593.27,1593.27,1593.25,1593.25,-0.0,25.32,40333.55,-1
2026-04-01,2026-04-01 12:30:00,1593.25,1593.25,1593.23,1593.23,-0.0,25.32,40333.55,-1
2026-04-01,2026-04-01 12:31:00,1593.23,1593.23,1593.21,1593.21,-0.0,25.32,40333.55,-1
2026-04-01,2026-04-01 12:32:00,1593.21,1593.21,1593.18,1593.18,-0.0,25.32,40333.55,-1
2026-04-01,2026-04-01 12:33:00,1593.18,1593.18,1593.16,1593.16,-0.0,25.32,40333.55,-1
2026-04-01,2026-04-01 12:34:00,1593.16,1593.16,1593.14,1593.14,-0.0,25.32,40333.55,-1
2026-04-01,2026-04-01 12:35:00,1593.14,1593.14,1593.12,1593.12,-0.0,25.32,40333.55,-1
2026-04-01,2026-04-01 12:36:00,1593.12,1593.12,1593.1,1593.1,-0.0,25.32,40333.55,-1
2026-04-01,2026-04-01 12:37:00,1593.1,1593.1,1593.08,1593.08,-0.0,25.32,40333.55,-1
2026-04-01,2026-04-01 12:38:00,1593.08,1593.08,1593.06,1593.06,-0.0,25.32,40333.55,-1
2026-04-01,2026-04-01 12:39:00,1593.06,1593.06,1593.03,1593.03,-0.0,25.32,40333.55,-1
2026-04-01,2026-04-01 12:40:00,1593.03,1593.03,1593.01,1593.01,-0.0,25.32,40333.55,-1
2026-04-01,2026-04-01 12:41:00,1593.01,1593.01,1592.99,1592.99,-0.0,25.32,40333.55,-1
2026-04-01,2026-04-01 12:42:00,1592.99,1592.99,1592.97,1592.97,-0.0,25.32,40333.55,-1
2026-04-01,2026-04-01 12:43:00,1592.97,1592.97,1592.95,1592.95,-0.0,25.32,40333.55,-1
2026-04-01,2026-04-01 12:44:00,1592.95,1592.95,1592.92,1592.92,-0.0,25.32,40333.55,-1
2026-04-01,2026-04-01 12:45:00,1592.92,1592.92,1592.9,1592.9,-0.0,25.32,40333.55,-1
2026-04-01,2026-04-01 12:46:00,1592.9,1592.9,1592.88,1592.88,-0.0,25.32,40333.55,-1
2026-04-01,2026-04-01 12:47:00,1592.88,1592.88,1592.86,1592.86,-0.0,25.32,40333.55,-1
2026-04-01,2026-04-01 12:48:00,1592.86,1592.86,1592.84,1592.84,-0.0,25.32,40333.55,-1
2026-04-01,2026-04-01 12:49:00,1592.84,1592.84,1592.82,1592.82,-0.0,25.32,40333.55,-1
2026-04-01,2026-04-01 12:50:00,1592.82,1592.82,1592.8,1592.8,-0.0,25.32,40333.55,-1
2026-04-01,2026-04-01 12:51:00,1592.8,1592.8,1592.77,1592.77,-0.0,25.32,40333.55,-1
2026-04-01,2026-04-01 12:52:00,1592.77,1592.77,1592.75,1592.75,-0.0,25.32,40333.55,-1
2026-04-01,2026-04-01 12:53:00,1592.75,1592.75,1592.73,1592.73,-0.0,25.32,40333.55,-1
2026-04-01,2026-04-01 12:54:00,1592.73,1592.73,1592.71,1592.71,-0.0,25.32,40333.55,-1
2026-04-01,2026-04-01 12:55:00,1592.71,1592.71,1592.69,1592.69,-0.0,25.32,40333.55,-1
2026-04-01,2026-04-01 12:56:00,1592.69,1592.69,1592.66,1592.66,-0.0,25.32,40333.55,-1
2026-04-01,2026-04-01 12:57:00,1592.66,1592.66,1592.64,1592.64,-0.0,25.32,40333.55,-1
2026-04-01,2026-04-01 12:58:00,1592.64,1592.64,1592.62,1592.62,-0.0,25.32,40333.55,-1
2026-04-01,2026-04-01 12:59:00,1592.62,1592.62,1592.6,1592.6,-0.0,25.32,40333.55,-1
2026-04-01,2026-04-01 13:00:00,1592.6,1649.0,1568.9,1592.58,-0.0,25.32,40333.55,-1
2026-04-01,2026-04-01 13:01:00,1592.58,1592.58,1592.56,1592.56,-0.0,25.32,40333.55,-1
2026-04-01,2026-04-01 13:02:00,1592.56,1592.56,1592.54,1592.54,-0.0,25.32,40333.55,-1
2026-04-01,2026-04-01 13:03:00,1592.54,1592.54,1592.51,1592.51,-0.0,25.32,40333.55,-1
2026-04-01,2026-04-01 13:04:00,1592.51,1592.51,1592.49,1592.49,-0.0,25.32,40333.55,-1
2026-04-01,2026-04-01 13:05:00,1592.49,1592.49,1592.47,1592.47,-0.0,25.32,40333.55,-1
2026-04-01,2026-04-01 13:06:00,1592.47,1592.47,1592.45,1592.45,-0.0,25.32,40333.55,-1
2026-04-01,2026-04-01 13:07:00,1592.45,1592.45,1592.43,1592.43,-0.0,25.32,40333.55,-1
2026-04-01,2026-04-01 13:08:00,1592.43,1592.43,1592.4,1592.4,-0.0,25.32,40333.55,-1
2026-04-01,2026-04-01 13:09:00,1592.4,1592.4,1592.38,1592.38,-0.0,25.32,40333.55,-1
2026-04-01,2026-04-01 13:10:00,1592.38,1592.38,1592.36,1592.36,-0.0,25.32,40333.55,-1
2026-04-01,2026-04-01 13:11:00,1592.36,1592.36,1592.34,1592.34,-0.0,25.32,40333.55,-1
2026-04-01,2026-04-01 13:12:00,1592.34,1592.34,1592.32,1592.32,-0.0,25.32,40333.55,-1
2026-04-01,2026-04-01 13:13:00,1592.32,1592.32,1592.3,1592.3,-0.0,25.32,40333.55,-1
2026-04-01,2026-04-01 13:14:00,1592.3,1592.3,1592.28,1592.28,-0.0,25.32,40333.55,-1
2026-04-01,2026-04-01 13:15:00,1592.28,1592.28,1592.25,1592.25,-0.0,25.32,40333.55,-1
2026-04-01,2026-04-01 13:16:00,1592.25,1592.25,1592.23,1592.23,-0.0,25.32,40333.55,-1
2026-04-01,2026-04-01 13:17:00,1592.23,1592.23,1592.21,1592.21,-0.0,25.32,40333.55,-1
2026-04-01,2026-04-01 13:18:00,1592.21,1592.21,1592.19,1592.19,-0.0,25.32,40333.55,-1
2026-04-01,2026-04-01 13:19:00,1592.19,1592.19,1592.17,1592.17,-0.0,25.32,40333.55,-1
2026-04-01,2026-04-01 13:20:00,1592.17,1592.17,1592.14,1592.14,-0.0,25.32,40333.55,-1
2026-04-01,2026-04-01 13:21:00,1592.14,1592.14,1592.12,1592.12,-0.0,25.32,40333.55,-1
2026-04-01,2026-04-01 13:22:00,1592.12,1592.12,1592.1,1592.1,-0.0,25.32,40333.55,-1
2026-04-01,2026-04-01 13:23:00,1592.1,1592.1,1592.08,1592.08,-0.0,25.32,40333.55,-1
2026-04-01,2026-04-01 13:24:00,1592.08,1592.08,1592.06,1592.06,-0.0,25.32,40333.55,-1
2026-04-01,2026-04-01 13:25:00,1592.06,1592.06,1592.04,1592.04,-0.0,25.32,40333.55,-1
2026-04-01,2026-04-01 13:26:00,1592.04,1592.04,1592.02,1592.02,-0.0,25.32,40333.55,-1
2026-04-01,2026-04-01 13:27:00,1592.02,1592.02,1591.99,1591.99,-0.0,25.32,40333.55,-1
2026-04-01,2026-04-01 13:28:00,1591.99,1591.99,1591.97,1591.97,-0.0,25.32,40333.55,-1
2026-04-01,2026-04-01 13:29:00,1591.97,1591.97,1591.95,1591.95,-0.0,25.32,40333.55,-1
2026-04-01,2026-04-01 13:30:00,1591.95,1591.95,1591.93,1591.93,-0.0,25.32,40333.55,-1
2026-04-01,2026-04-01 13:31:00,1591.93,1591.93,1591.91,1591.91,-0.0,25.32,40333.55,-1
2026-04-01,2026-04-01 13:32:00,1591.91,1591.91,1591.88,1591.88,-0.0,25.32,40333.55,-1
2026-04-01,2026-04-01 13:33:00,1591.88,1591.88,1591.86,1591.86,-0.0,25.32,40333.55,-1
2026-04-01,2026-04-01 13:34:00,1591.86,1591.86,1591.84,1591.84,-0.0,25.32,40333.55,-1
2026-04-01,2026-04-01 13:35:00,1591.84,1591.84,1591.82,1591.82,-0.0,25.32,40333.55,-1
2026-04-01,2026-04-01 13:36:00,1591.82,1591.82,1591.8,1591.8,-0.0,25.32,40333.55,-1
2026-04-01,2026-04-01 13:37:00,1591.8,1591.8,1591.78,1591.78,-0.0,25.32,40333.55,-1
2026-04-01,2026-04-01 13:38:00,1591.78,1591.78,1591.76,1591.76,-0.0,25.32,40333.55,-1
2026-04-01,2026-04-01 13:39:00,1591.76,1591.76,1591.73,1591.73,-0.0,25.32,40333.55,-1
2026-04-01,2026-04-01 13:40:00,1591.73,1591.73,1591.71,1591.71,-0.0,25.32,40333.55,-1
2026-04-01,2026-04-01 13:41:00,1591.71,1591.71,1591.69,1591.69,-0.0,25.32,40333.55,-1
2026-04-01,2026-04-01 13:42:00,1591.69,1591.69,1591.67,1591.67,-0.0,25.32,40333.55,-1
2026-04-01,2026-04-01 13:43:00,1591.67,1591.67,1591.65,1591.65,-0.0,25.32,40333.55,-1
2026-04-01,2026-04-01 13:44:00,1591.65,1591.65,1591.62,1591.62,-0.0,25.32,40333.55,-1
2026-04-01,2026-04-01 13:45:00,1591.62,1591.62,1591.6,1591.6,-0.0,25.32,40333.55,-1
2026-04-01,2026-04-01 13:46:00,1591.6,1591.6,1591.58,1591.58,-0.0,25.32,40333.55,-1
2026-04-01,2026-04-01 13:47:00,1591.58,1591.58,1591.56,1591.56,-0.0,25.32,40333.55,-1
2026-04-01,2026-04-01 13:48:00,1591.56,1591.56,1591.54,1591.54,-0.0,25.32,40333.55,-1
2026-04-01,2026-04-01 13:49:00,1591.54,1591.54,1591.52,1591.52,-0.0,25.32,40333.55,-1
2026-04-01,2026-04-01 13:50:00,1591.52,1591.52,1591.5,1591.5,-0.0,25.32,40333.55,-1
2026-04-01,2026-04-01 13:51:00,1591.5,1591.5,1591.47,1591.47,-0.0,25.32,40333.55,-1
2026-04-01,2026-04-01 13:52:00,1591.47,1591.47,1591.45,1591.45,-0.0,25.32,40333.55,-1
2026-04-01,2026-04-01 13:53:00,1591.45,1591.45,1591.43,1591.43,-0.0,25.32,40333.55,-1
2026-04-01,2026-04-01 13:54:00,1591.43,1591.43,1591.41,1591.41,-0.0,25.32,40333.55,-1
2026-04-01,2026-04-01 13:55:00,1591.41,1591.41,1591.39,1591.39,-0.0,25.32,40333.55,-1
2026-04-01,2026-04-01 13:56:00,1591.39,1591.39,1591.37,1591.37,-0.0,25.32,40333.55,-1
2026-04-01,2026-04-01 13:57:00,1591.37,1591.37,1591.34,1591.34,-0.0,25.32,40333.55,-1
2026-04-01,2026-04-01 13:58:00,1591.34,1591.34,1591.32,1591.32,-0.0,25.32,40333.55,-1
2026-04-01,2026-04-01 13:59:00,1591.32,1591.32,1591.3,1591.3,-0.0,25.32,40333.55,-1
2026-04-01,2026-04-01 14:00:00,1591.3,1591.3,1591.28,1591.28,-0.0,25.32,40333.55,-1
2026-04-01,2026-04-01 14:01:00,1591.28,1591.28,1591.26,1591.26,-0.0,25.32,40333.55,-1
2026-04-01,2026-04-01 14:02:00,1591.26,1591.26,1591.23,1591.23,-0.0,25.32,40333.55,-1
2026-04-01,2026-04-01 14:03:00,1591.23,1591.23,1591.21,1591.21,-0.0,25.32,40333.55,-1
2026-04-01,2026-04-01 14:04:00,1591.21,1591.21,1591.19,1591.19,-0.0,25.32,40333.55,-1
2026-04-01,2026-04-01 14:05:00,1591.19,1591.19,1591.17,1591.17,-0.0,25.32,40333.55,-1
2026-04-01,2026-04-01 14:06:00,1591.17,1591.17,1591.15,1591.15,-0.0,25.32,40333.55,-1
2026-04-01,2026-04-01 14:07:00,1591.15,1591.15,1591.13,1591.13,-0.0,25.32,40333.55,-1
2026-04-01,2026-04-01 14:08:00,1591.13,1591.13,1591.11,1591.11,-0.0,25.32,40333.55,-1
2026-04-01,2026-04-01 14:09:00,1591.11,1591.11,1591.08,1591.08,-0.0,25.32,40333.55,-1
2026-04-01,2026-04-01 14:10:00,1591.08,1591.08,1591.06,1591.06,-0.0,25.32,40333.55,-1
2026-04-01,2026-04-01 14:11:00,1591.06,1591.06,1591.04,1591.04,-0.0,25.32,40333.55,-1
2026-04-01,2026-04-01 14:12:00,1591.04,1591.04,1591.02,1591.02,-0.0,25.32,40333.55,-1
2026-04-01,2026-04-01 14:13:00,1591.02,1591.02,1591.0,1591.0,-0.0,25.32,40333.55,-1
2026-04-01,2026-04-01 14:14:00,1591.0,1591.0,1590.97,1590.97,-0.0,25.32,40333.55,-1
2026-04-01,2026-04-01 14:15:00,1590.97,1590.97,1590.95,1590.95,-0.0,25.32,40333.55,-1
2026-04-01,2026-04-01 14:16:00,1590.95,1590.95,1590.93,1590.93,-0.0,25.32,40333.55,-1
2026-04-01,2026-04-01 14:17:00,1590.93,1590.93,1590.91,1590.91,-0.0,25.32,40333.55,-1
2026-04-01,2026-04-01 14:18:00,1590.91,1590.91,1590.89,1590.89,-0.0,25.32,40333.55,-1
2026-04-01,2026-04-01 14:19:00,1590.89,1590.89,1590.87,1590.87,-0.0,25.32,40333.55,-1
2026-04-01,2026-04-01 14:20:00,1590.87,1590.87,1590.85,1590.85,-0.0,25.32,40333.55,-1
2026-04-01,2026-04-01 14:21:00,1590.85,1590.85,1590.82,1590.82,-0.0,25.32,40333.55,-1
2026-04-01,2026-04-01 14:22:00,1590.82,1590.82,1590.8,1590.8,-0.0,25.32,40333.55,-1
2026-04-01,2026-04-01 14:23:00,1590.8,1590.8,1590.78,1590.78,-0.0,25.32,40333.55,-1
2026-04-01,2026-04-01 14:24:00,1590.78,1590.78,1590.76,1590.76,-0.0,25.32,40333.55,-1
2026-04-01,2026-04-01 14:25:00,1590.76,1590.76,1590.74,1590.74,-0.0,25.32,40333.55,-1
2026-04-01,2026-04-01 14:26:00,1590.74,1590.74,1590.71,1590.71,-0.0,25.32,40333.55,-1
2026-04-01,2026-04-01 14:27:00,1590.71,1590.71,1590.69,1590.69,-0.0,25.32,40333.55,-1
2026-04-01,2026-04-01 14:28:00,1590.69,1590.69,1590.67,1590.67,-0.0,25.32,40333.55,-1
2026-04-01,2026-04-01 14:29:00,1590.67,1590.67,1590.65,1590.65,-0.0,25.32,40333.55,-1
2026-04-01,2026-04-01 14:30:00,1590.65,1590.65,1590.63,1590.63,-0.0,25.32,40333.55,-1
2026-04-01,2026-04-01 14:31:00,1590.63,1590.63,1590.61,1590.61,-0.0,25.32,40333.55,-1
2026-04-01,2026-04-01 14:32:00,1590.61,1590.61,1590.59,1590.59,-0.0,25.32,40333.55,-1
2026-04-01,2026-04-01 14:33:00,1590.59,1590.59,1590.56,1590.56,-0.0,25.32,40333.55,-1
2026-04-01,2026-04-01 14:34:00,1590.56,1590.56,1590.54,1590.54,-0.0,25.32,40333.55,-1
2026-04-01,2026-04-01 14:35:00,1590.54,1590.54,1590.52,1590.52,-0.0,25.32,40333.55,-1
2026-04-01,2026-04-01 14:36:00,1590.52,1590.52,1590.5,1590.5,-0.0,25.32,40333.55,-1
2026-04-01,2026-04-01 14:37:00,1590.5,1590.5,1590.48,1590.48,-0.0,25.32,40333.55,-1
2026-04-01,2026-04-01 14:38:00,1590.48,1590.48,1590.45,1590.45,-0.0,25.32,40333.55,-1
2026-04-01,2026-04-01 14:39:00,1590.45,1590.45,1590.43,1590.43,-0.0,25.32,40333.55,-1
2026-04-01,2026-04-01 14:40:00,1590.43,1590.43,1590.41,1590.41,-0.0,25.32,40333.55,-1
2026-04-01,2026-04-01 14:41:00,1590.41,1590.41,1590.39,1590.39,-0.0,25.32,40333.55,-1
2026-04-01,2026-04-01 14:42:00,1590.39,1590.39,1590.37,1590.37,-0.0,25.32,40333.55,-1
2026-04-01,2026-04-01 14:43:00,1590.37,1590.37,1590.35,1590.35,-0.0,25.32,40333.55,-1
2026-04-01,2026-04-01 14:44:00,1590.35,1590.35,1590.33,1590.33,-0.0,25.32,40333.55,-1
2026-04-01,2026-04-01 14:45:00,1590.33,1590.33,1590.3,1590.3,-0.0,25.32,40333.55,-1
2026-04-01,2026-04-01 14:46:00,1590.3,1590.3,1590.28,1590.28,-0.0,25.32,40333.55,-1
2026-04-01,2026-04-01 14:47:00,1590.28,1590.28,1590.26,1590.26,-0.0,25.32,40333.55,-1
2026-04-01,2026-04-01 14:48:00,1590.26,1590.26,1590.24,1590.24,-0.0,25.32,40333.55,-1
2026-04-01,2026-04-01 14:49:00,1590.24,1590.24,1590.22,1590.22,-0.0,25.32,40333.55,-1
2026-04-01,2026-04-01 14:50:00,1590.22,1590.22,1590.19,1590.19,-0.0,25.32,40333.55,-1
2026-04-01,2026-04-01 14:51:00,1590.19,1590.19,1590.17,1590.17,-0.0,25.32,40333.55,-1
2026-04-01,2026-04-01 14:52:00,1590.17,1590.17,1590.15,1590.15,-0.0,25.32,40333.55,-1
2026-04-01,2026-04-01 14:53:00,1590.15,1590.15,1590.13,1590.13,-0.0,25.32,40333.55,-1
2026-04-01,2026-04-01 14:54:00,1590.13,1590.13,1590.11,1590.11,-0.0,25.32,40333.55,-1
2026-04-01,2026-04-01 14:55:00,1590.11,1590.11,1590.09,1590.09,-0.0,25.32,40333.55,-1
2026-04-01,2026-04-01 14:56:00,1590.09,1590.09,1590.07,1590.07,-0.0,25.32,40333.55,-1
2026-04-01,2026-04-01 14:57:00,1590.07,1590.07,1590.04,1590.04,-0.0,25.32,40333.55,-1
2026-04-01,2026-04-01 14:58:00,1590.04,1590.04,1590.02,1590.02,-0.0,25.32,40333.55,-1
2026-04-01,2026-04-01 14:59:00,1590.02,1590.02,1590.0,1590.0,-0.0,25.32,40333.55,-1
2026-04-01,2026-04-01 15:00:00,1590.0,1649.0,1568.9,1590.0,0.0,25.32,40333.55,0
2026-04-02,2026-04-02 11:00:00,1558.3,1570.81,1558.3,1558.43,0.01,13.05,20669.41,1
2026-04-02,2026-04-02 11:01:00,1558.43,1558.56,1558.43,1558.56,0.01,13.05,20669.41,1
2026-04-02,2026-04-02 11:02:00,1558.56,1558.7,1558.56,1558.7,0.01,13.05,20669.41,1
2026-04-02,2026-04-02 11:03:00,1558.7,1558.83,1558.7,1558.83,0.01,13.05,20669.41,1
2026-04-02,2026-04-02 11:04:00,1558.83,1558.96,1558.83,1558.96,0.01,13.05,20669.41,1
2026-04-02,2026-04-02 11:05:00,1558.96,1559.09,1558.96,1559.09,0.01,13.05,20669.41,1
2026-04-02,2026-04-02 11:06:00,1559.09,1559.22,1559.09,1559.22,0.01,13.05,20669.41,1
2026-04-02,2026-04-02 11:07:00,1559.22,1559.36,1559.22,1559.36,0.01,13.05,20669.41,1
2026-04-02,2026-04-02 11:08:00,1559.36,1559.49,1559.36,1559.49,0.01,13.05,20669.41,1
2026-04-02,2026-04-02 11:09:00,1559.49,1559.62,1559.49,1559.62,0.01,13.05,20669.41,1
2026-04-02,2026-04-02 11:10:00,1559.62,1559.75,1559.62,1559.75,0.01,13.05,20669.41,1
2026-04-02,2026-04-02 11:11:00,1559.75,1559.88,1559.75,1559.88,0.01,13.05,20669.41,1
2026-04-02,2026-04-02 11:12:00,1559.88,1560.02,1559.88,1560.02,0.01,13.05,20669.41,1
2026-04-02,2026-04-02 11:13:00,1560.02,1560.15,1560.02,1560.15,0.01,13.05,20669.41,1
2026-04-02,2026-04-02 11:14:00,1560.15,1560.28,1560.15,1560.28,0.01,13.05,20669.41,1
2026-04-02,2026-04-02 11:15:00,1560.28,1560.41,1560.28,1560.41,0.01,13.05,20669.41,1
2026-04-02,2026-04-02 11:16:00,1560.41,1560.55,1560.41,1560.55,0.01,13.05,20669.41,1
2026-04-02,2026-04-02 11:17:00,1560.55,1560.68,1560.55,1560.68,0.01,13.05,20669.41,1
2026-04-02,2026-04-02 11:18:00,1560.68,1560.81,1560.68,1560.81,0.01,13.05,20669.41,1
2026-04-02,2026-04-02 11:19:00,1560.81,1560.94,1560.81,1560.94,0.01,13.05,20669.41,1
2026-04-02,2026-04-02 11:20:00,1560.94,1561.07,1560.94,1561.07,0.01,13.05,20669.41,1
2026-04-02,2026-04-02 11:21:00,1561.07,1561.21,1561.07,1561.21,0.01,13.05,20669.41,1
2026-04-02,2026-04-02 11:22:00,1561.21,1561.34,1561.21,1561.34,0.01,13.05,20669.41,1
2026-04-02,2026-04-02 11:23:00,1561.34,1561.47,1561.34,1561.47,0.01,13.05,20669.41,1
2026-04-02,2026-04-02 11:24:00,1561.47,1561.6,1561.47,1561.6,0.01,13.05,20669.41,1
2026-04-02,2026-04-02 11:25:00,1561.6,1561.73,1561.6,1561.73,0.01,13.05,20669.41,1
2026-04-02,2026-04-02 11:26:00,1561.73,1561.87,1561.73,1561.87,0.01,13.05,20669.41,1
2026-04-02,2026-04-02 11:27:00,1561.87,1562.0,1561.87,1562.0,0.01,13.05,20669.41,1
2026-04-02,2026-04-02 11:28:00,1562.0,1562.13,1562.0,1562.13,0.01,13.05,20669.41,1
2026-04-02,2026-04-02 11:29:00,1562.13,1562.26,1562.13,1562.26,0.01,13.05,20669.41,1
2026-04-02,2026-04-02 11:30:00,1562.26,1562.39,1562.26,1562.39,0.01,13.05,20669.41,1
2026-04-02,2026-04-02 11:31:00,1562.39,1562.53,1562.39,1562.53,0.01,13.05,20669.41,1
2026-04-02,2026-04-02 11:32:00,1562.53,1562.66,1562.53,1562.66,0.01,13.05,20669.41,1
2026-04-02,2026-04-02 11:33:00,1562.66,1562.79,1562.66,1562.79,0.01,13.05,20669.41,1
2026-04-02,2026-04-02 11:34:00,1562.79,1562.92,1562.79,1562.92,0.01,13.05,20669.41,1
2026-04-02,2026-04-02 11:35:00,1562.92,1563.06,1562.92,1563.06,0.01,13.05,20669.41,1
2026-04-02,2026-04-02 11:36:00,1563.06,1563.19,1563.06,1563.19,0.01,13.05,20669.41,1
2026-04-02,2026-04-02 11:37:00,1563.19,1563.32,1563.19,1563.32,0.01,13.05,20669.41,1
2026-04-02,2026-04-02 11:38:00,1563.32,1563.45,1563.32,1563.45,0.01,13.05,20669.41,1
2026-04-02,2026-04-02 11:39:00,1563.45,1563.58,1563.45,1563.58,0.01,13.05,20669.41,1
2026-04-02,2026-04-02 11:40:00,1563.58,1563.72,1563.58,1563.72,0.01,13.05,20669.41,1
2026-04-02,2026-04-02 11:41:00,1563.72,1563.85,1563.72,1563.85,0.01,13.05,20669.41,1
2026-04-02,2026-04-02 11:42:00,1563.85,1563.98,1563.85,1563.98,0.01,13.05,20669.41,1
2026-04-02,2026-04-02 11:43:00,1563.98,1564.11,1563.98,1564.11,0.01,13.05,20669.41,1
2026-04-02,2026-04-02 11:44:00,1564.11,1564.24,1564.11,1564.24,0.01,13.05,20669.41,1
2026-04-02,2026-04-02 11:45:00,1564.24,1564.38,1564.24,1564.38,0.01,13.05,20669.41,1
2026-04-02,2026-04-02 11:46:00,1564.38,1564.51,1564.38,1564.51,0.01,13.05,20669.41,1
2026-04-02,2026-04-02 11:47:00,1564.51,1564.64,1564.51,1564.64,0.01,13.05,20669.41,1
2026-04-02,2026-04-02 11:48:00,1564.64,1564.77,1564.64,1564.77,0.01,13.05,20669.41,1
2026-04-02,2026-04-02 11:49:00,1564.77,1564.9,1564.77,1564.9,0.01,13.05,20669.41,1
2026-04-02,2026-04-02 11:50:00,1564.9,1565.04,1564.9,1565.04,0.01,13.05,20669.41,1
2026-04-02,2026-04-02 11:51:00,1565.04,1565.17,1565.04,1565.17,0.01,13.05,20669.41,1
2026-04-02,2026-04-02 11:52:00,1565.17,1565.3,1565.17,1565.3,0.01,13.05,20669.41,1
2026-04-02,2026-04-02 11:53:00,1565.3,1565.43,1565.3,1565.43,0.01,13.05,20669.41,1
2026-04-02,2026-04-02 11:54:00,1565.43,1565.56,1565.43,1565.56,0.01,13.05,20669.41,1
2026-04-02,2026-04-02 11:55:00,1565.56,1565.7,1565.56,1565.7,0.01,13.05,20669.41,1
2026-04-02,2026-04-02 11:56:00,1565.7,1565.83,1565.7,1565.83,0.01,13.05,20669.41,1
2026-04-02,2026-04-02 11:57:00,1565.83,1565.96,1565.83,1565.96,0.01,13.05,20669.41,1
2026-04-02,2026-04-02 11:58:00,1565.96,1566.09,1565.96,1566.09,0.01,13.05,20669.41,1
2026-04-02,2026-04-02 11:59:00,1566.09,1566.22,1566.09,1566.22,0.01,13.05,20669.41,1
2026-04-02,2026-04-02 12:00:00,1566.22,1566.36,1566.22,1566.36,0.01,13.05,20669.41,1
2026-04-02,2026-04-02 12:01:00,1566.36,1566.49,1566.36,1566.49,0.01,13.05,20669.41,1
2026-04-02,2026-04-02 12:02:00,1566.49,1566.62,1566.49,1566.62,0.01,13.05,20669.41,1
2026-04-02,2026-04-02 12:03:00,1566.62,1566.75,1566.62,1566.75,0.01,13.05,20669.41,1
2026-04-02,2026-04-02 12:04:00,1566.75,1566.89,1566.75,1566.89,0.01,13.05,20669.41,1
2026-04-02,2026-04-02 12:05:00,1566.89,1567.02,1566.89,1567.02,0.01,13.05,20669.41,1
2026-04-02,2026-04-02 12:06:00,1567.02,1567.15,1567.02,1567.15,0.01,13.05,20669.41,1
2026-04-02,2026-04-02 12:07:00,1567.15,1567.28,1567.15,1567.28,0.01,13.05,20669.41,1
2026-04-02,2026-04-02 12:08:00,1567.28,1567.41,1567.28,1567.41,0.01,13.05,20669.41,1
2026-04-02,2026-04-02 12:09:00,1567.41,1567.55,1567.41,1567.55,0.01,13.05,20669.41,1
2026-04-02,2026-04-02 12:10:00,1567.55,1567.68,1567.55,1567.68,0.01,13.05,20669.41,1
2026-04-02,2026-04-02 12:11:00,1567.68,1567.81,1567.68,1567.81,0.01,13.05,20669.41,1
2026-04-02,2026-04-02 12:12:00,1567.81,1567.94,1567.81,1567.94,0.01,13.05,20669.41,1
2026-04-02,2026-04-02 12:13:00,1567.94,1568.07,1567.94,1568.07,0.01,13.05,20669.41,1
2026-04-02,2026-04-02 12:14:00,1568.07,1568.21,1568.07,1568.21,0.01,13.05,20669.41,1
2026-04-02,2026-04-02 12:15:00,1568.21,1568.34,1568.21,1568.34,0.01,13.05,20669.41,1
2026-04-02,2026-04-02 12:16:00,1568.34,1568.47,1568.34,1568.47,0.01,13.05,20669.41,1
2026-04-02,2026-04-02 12:17:00,1568.47,1568.6,1568.47,1568.6,0.01,13.05,20669.41,1
2026-04-02,2026-04-02 12:18:00,1568.6,1568.73,1568.6,1568.73,0.01,13.05,20669.41,1
2026-04-02,2026-04-02 12:19:00,1568.73,1568.87,1568.73,1568.87,0.01,13.05,20669.41,1
2026-04-02,2026-04-02 12:20:00,1568.87,1569.0,1568.87,1569.0,0.01,13.05,20669.41,1
2026-04-02,2026-04-02 12:21:00,1569.0,1569.13,1569.0,1569.13,0.01,13.05,20669.41,1
2026-04-02,2026-04-02 12:22:00,1569.13,1569.26,1569.13,1569.26,0.01,13.05,20669.41,1
2026-04-02,2026-04-02 12:23:00,1569.26,1569.39,1569.26,1569.39,0.01,13.05,20669.41,1
2026-04-02,2026-04-02 12:24:00,1569.39,1569.53,1569.39,1569.53,0.01,13.05,20669.41,1
2026-04-02,2026-04-02 12:25:00,1569.53,1569.66,1569.53,1569.66,0.01,13.05,20669.41,1
2026-04-02,2026-04-02 12:26:00,1569.66,1569.79,1569.66,1569.79,0.01,13.05,20669.41,1
2026-04-02,2026-04-02 12:27:00,1569.79,1569.92,1569.79,1569.92,0.01,13.05,20669.41,1
2026-04-02,2026-04-02 12:28:00,1569.92,1570.06,1569.92,1570.06,0.01,13.05,20669.41,1
2026-04-02,2026-04-02 12:29:00,1570.06,1570.19,1570.06,1570.19,0.01,13.05,20669.41,1
2026-04-02,2026-04-02 12:30:00,1570.19,1570.32,1570.19,1570.32,0.01,13.05,20669.41,1
2026-04-02,2026-04-02 12:31:00,1570.32,1570.45,1570.32,1570.45,0.01,13.05,20669.41,1
2026-04-02,2026-04-02 12:32:00,1570.45,1570.58,1570.45,1570.58,0.01,13.05,20669.41,1
2026-04-02,2026-04-02 12:33:00,1570.58,1570.72,1570.58,1570.72,0.01,13.05,20669.41,1
2026-04-02,2026-04-02 12:34:00,1570.72,1570.85,1570.72,1570.85,0.01,13.05,20669.41,1
2026-04-02,2026-04-02 12:35:00,1570.85,1570.98,1570.85,1570.98,0.01,13.05,20669.41,1
2026-04-02,2026-04-02 12:36:00,1570.98,1571.11,1570.98,1571.11,0.01,13.05,20669.41,1
2026-04-02,2026-04-02 12:37:00,1571.11,1571.24,1571.11,1571.24,0.01,13.05,20669.41,1
2026-04-02,2026-04-02 12:38:00,1571.24,1571.38,1571.24,1571.38,0.01,13.05,20669.41,1
2026-04-02,2026-04-02 12:39:00,1571.38,1571.51,1571.38,1571.51,0.01,13.05,20669.41,1
2026-04-02,2026-04-02 12:40:00,1571.51,1571.64,1571.51,1571.64,0.01,13.05,20669.41,1
2026-04-02,2026-04-02 12:41:00,1571.64,1571.77,1571.64,1571.77,0.01,13.05,20669.41,1
2026-04-02,2026-04-02 12:42:00,1571.77,1571.9,1571.77,1571.9,0.01,13.05,20669.41,1
2026-04-02,2026-04-02 12:43:00,1571.9,1572.04,1571.9,1572.04,0.01,13.05,20669.41,1
2026-04-02,2026-04-02 12:44:00,1572.04,1572.17,1572.04,1572.17,0.01,13.05,20669.41,1
2026-04-02,2026-04-02 12:45:00,1572.17,1572.3,1572.17,1572.3,0.01,13.05,20669.41,1
2026-04-02,2026-04-02 12:46:00,1572.3,1572.43,1572.3,1572.43,0.01,13.05,20669.41,1
2026-04-02,2026-04-02 12:47:00,1572.43,1572.57,1572.43,1572.57,0.01,13.05,20669.41,1
2026-04-02,2026-04-02 12:48:00,1572.57,1572.7,1572.57,1572.7,0.01,13.05,20669.41,1
2026-04-02,2026-04-02 12:49:00,1572.7,1572.83,1572.7,1572.83,0.01,13.05,20669.41,1
2026-04-02,2026-04-02 12:50:00,1572.83,1572.96,1572.83,1572.96,0.01,13.05,20669.41,1
2026-04-02,2026-04-02 12:51:00,1572.96,1573.09,1572.96,1573.09,0.01,13.05,20669.41,1
2026-04-02,2026-04-02 12:52:00,1573.09,1573.23,1573.09,1573.23,0.01,13.05,20669.41,1
2026-04-02,2026-04-02 12:53:00,1573.23,1573.36,1573.23,1573.36,0.01,13.05,20669.41,1
2026-04-02,2026-04-02 12:54:00,1573.36,1573.49,1573.36,1573.49,0.01,13.05,20669.41,1
2026-04-02,2026-04-02 12:55:00,1573.49,1573.62,1573.49,1573.62,0.01,13.05,20669.41,1
2026-04-02,2026-04-02 12:56:00,1573.62,1573.75,1573.62,1573.75,0.01,13.05,20669.41,1
2026-04-02,2026-04-02 12:57:00,1573.75,1573.89,1573.75,1573.89,0.01,13.05,20669.41,1
2026-04-02,2026-04-02 12:58:00,1573.89,1574.02,1573.89,1574.02,0.01,13.05,20669.41,1
2026-04-02,2026-04-02 12:59:00,1574.02,1574.15,1574.02,1574.15,0.01,13.05,20669.41,1
2026-04-02,2026-04-02 13:00:00,1574.15,1600.0,1558.3,1574.28,0.01,13.05,20669.41,1
2026-04-02,2026-04-02 13:01:00,1574.28,1574.41,1574.28,1574.41,0.01,13.05,20669.41,1
2026-04-02,2026-04-02 13:02:00,1574.41,1574.55,1574.41,1574.55,0.01,13.05,20669.41,1
2026-04-02,2026-04-02 13:03:00,1574.55,1574.68,1574.55,1574.68,0.01,13.05,20669.41,1
2026-04-02,2026-04-02 13:04:00,1574.68,1574.81,1574.68,1574.81,0.01,13.05,20669.41,1
2026-04-02,2026-04-02 13:05:00,1574.81,1574.94,1574.81,1574.94,0.01,13.05,20669.41,1
2026-04-02,2026-04-02 13:06:00,1574.94,1575.07,1574.94,1575.07,0.01,13.05,20669.41,1
2026-04-02,2026-04-02 13:07:00,1575.07,1575.21,1575.07,1575.21,0.01,13.05,20669.41,1
2026-04-02,2026-04-02 13:08:00,1575.21,1575.34,1575.21,1575.34,0.01,13.05,20669.41,1
2026-04-02,2026-04-02 13:09:00,1575.34,1575.47,1575.34,1575.47,0.01,13.05,20669.41,1
2026-04-02,2026-04-02 13:10:00,1575.47,1575.6,1575.47,1575.6,0.01,13.05,20669.41,1
2026-04-02,2026-04-02 13:11:00,1575.6,1575.73,1575.6,1575.73,0.01,13.05,20669.41,1
2026-04-02,2026-04-02 13:12:00,1575.73,1575.87,1575.73,1575.87,0.01,13.05,20669.41,1
2026-04-02,2026-04-02 13:13:00,1575.87,1576.0,1575.87,1576.0,0.01,13.05,20669.41,1
2026-04-02,2026-04-02 13:14:00,1576.0,1576.13,1576.0,1576.13,0.01,13.05,20669.41,1
2026-04-02,2026-04-02 13:15:00,1576.13,1576.26,1576.13,1576.26,0.01,13.05,20669.41,1
2026-04-02,2026-04-02 13:16:00,1576.26,1576.4,1576.26,1576.4,0.01,13.05,20669.41,1
2026-04-02,2026-04-02 13:17:00,1576.4,1576.53,1576.4,1576.53,0.01,13.05,20669.41,1
2026-04-02,2026-04-02 13:18:00,1576.53,1576.66,1576.53,1576.66,0.01,13.05,20669.41,1
2026-04-02,2026-04-02 13:19:00,1576.66,1576.79,1576.66,1576.79,0.01,13.05,20669.41,1
2026-04-02,2026-04-02 13:20:00,1576.79,1576.92,1576.79,1576.92,0.01,13.05,20669.41,1
2026-04-02,2026-04-02 13:21:00,1576.92,1577.06,1576.92,1577.06,0.01,13.05,20669.41,1
2026-04-02,2026-04-02 13:22:00,1577.06,1577.19,1577.06,1577.19,0.01,13.05,20669.41,1
2026-04-02,2026-04-02 13:23:00,1577.19,1577.32,1577.19,1577.32,0.01,13.05,20669.41,1
2026-04-02,2026-04-02 13:24:00,1577.32,1577.45,1577.32,1577.45,0.01,13.05,20669.41,1
2026-04-02,2026-04-02 13:25:00,1577.45,1577.58,1577.45,1577.58,0.01,13.05,20669.41,1
2026-04-02,2026-04-02 13:26:00,1577.58,1577.72,1577.58,1577.72,0.01,13.05,20669.41,1
2026-04-02,2026-04-02 13:27:00,1577.72,1577.85,1577.72,1577.85,0.01,13.05,20669.41,1
2026-04-02,2026-04-02 13:28:00,1577.85,1577.98,1577.85,1577.98,0.01,13.05,20669.41,1
2026-04-02,2026-04-02 13:29:00,1577.98,1578.11,1577.98,1578.11,0.01,13.05,20669.41,1
2026-04-02,2026-04-02 13:30:00,1578.11,1578.24,1578.11,1578.24,0.01,13.05,20669.41,1
2026-04-02,2026-04-02 13:31:00,1578.24,1578.38,1578.24,1578.38,0.01,13.05,20669.41,1
2026-04-02,2026-04-02 13:32:00,1578.38,1578.51,1578.38,1578.51,0.01,13.05,20669.41,1
2026-04-02,2026-04-02 13:33:00,1578.51,1578.64,1578.51,1578.64,0.01,13.05,20669.41,1
2026-04-02,2026-04-02 13:34:00,1578.64,1578.77,1578.64,1578.77,0.01,13.05,20669.41,1
2026-04-02,2026-04-02 13:35:00,1578.77,1578.9,1578.77,1578.9,0.01,13.05,20669.41,1
2026-04-02,2026-04-02 13:36:00,1578.9,1579.04,1578.9,1579.04,0.01,13.05,20669.41,1
2026-04-02,2026-04-02 13:37:00,1579.04,1579.17,1579.04,1579.17,0.01,13.05,20669.41,1
2026-04-02,2026-04-02 13:38:00,1579.17,1579.3,1579.17,1579.3,0.01,13.05,20669.41,1
2026-04-02,2026-04-02 13:39:00,1579.3,1579.43,1579.3,1579.43,0.01,13.05,20669.41,1
2026-04-02,2026-04-02 13:40:00,1579.43,1579.57,1579.43,1579.57,0.01,13.05,20669.41,1
2026-04-02,2026-04-02 13:41:00,1579.57,1579.7,1579.57,1579.7,0.01,13.05,20669.41,1
2026-04-02,2026-04-02 13:42:00,1579.7,1579.83,1579.7,1579.83,0.01,13.05,20669.41,1
2026-04-02,2026-04-02 13:43:00,1579.83,1579.96,1579.83,1579.96,0.01,13.05,20669.41,1
2026-04-02,2026-04-02 13:44:00,1579.96,1580.09,1579.96,1580.09,0.01,13.05,20669.41,1
2026-04-02,2026-04-02 13:45:00,1580.09,1580.23,1580.09,1580.23,0.01,13.05,20669.41,1
2026-04-02,2026-04-02 13:46:00,1580.23,1580.36,1580.23,1580.36,0.01,13.05,20669.41,1
2026-04-02,2026-04-02 13:47:00,1580.36,1580.49,1580.36,1580.49,0.01,13.05,20669.41,1
2026-04-02,2026-04-02 13:48:00,1580.49,1580.62,1580.49,1580.62,0.01,13.05,20669.41,1
2026-04-02,2026-04-02 13:49:00,1580.62,1580.75,1580.62,1580.75,0.01,13.05,20669.41,1
2026-04-02,2026-04-02 13:50:00,1580.75,1580.89,1580.75,1580.89,0.01,13.05,20669.41,1
2026-04-02,2026-04-02 13:51:00,1580.89,1581.02,1580.89,1581.02,0.01,13.05,20669.41,1
2026-04-02,2026-04-02 13:52:00,1581.02,1581.15,1581.02,1581.15,0.01,13.05,20669.41,1
2026-04-02,2026-04-02 13:53:00,1581.15,1581.28,1581.15,1581.28,0.01,13.05,20669.41,1
2026-04-02,2026-04-02 13:54:00,1581.28,1581.41,1581.28,1581.41,0.01,13.05,20669.41,1
2026-04-02,2026-04-02 13:55:00,1581.41,1581.55,1581.41,1581.55,0.01,13.05,20669.41,1
2026-04-02,2026-04-02 13:56:00,1581.55,1581.68,1581.55,1581.68,0.01,13.05,20669.41,1
2026-04-02,2026-04-02 13:57:00,1581.68,1581.81,1581.68,1581.81,0.01,13.05,20669.41,1
2026-04-02,2026-04-02 13:58:00,1581.81,1581.94,1581.81,1581.94,0.01,13.05,20669.41,1
2026-04-02,2026-04-02 13:59:00,1581.94,1582.08,1581.94,1582.08,0.01,13.05,20669.41,1
2026-04-02,2026-04-02 14:00:00,1582.08,1582.21,1582.08,1582.21,0.01,13.05,20669.41,1
2026-04-02,2026-04-02 14:01:00,1582.21,1582.34,1582.21,1582.34,0.01,13.05,20669.41,1
2026-04-02,2026-04-02 14:02:00,1582.34,1582.47,1582.34,1582.47,0.01,13.05,20669.41,1
2026-04-02,2026-04-02 14:03:00,1582.47,1582.6,1582.47,1582.6,0.01,13.05,20669.41,1
2026-04-02,2026-04-02 14:04:00,1582.6,1582.74,1582.6,1582.74,0.01,13.05,20669.41,1
2026-04-02,2026-04-02 14:05:00,1582.74,1582.87,1582.74,1582.87,0.01,13.05,20669.41,1
2026-04-02,2026-04-02 14:06:00,1582.87,1583.0,1582.87,1583.0,0.01,13.05,20669.41,1
2026-04-02,2026-04-02 14:07:00,1583.0,1583.13,1583.0,1583.13,0.01,13.05,20669.41,1
2026-04-02,2026-04-02 14:08:00,1583.13,1583.26,1583.13,1583.26,0.01,13.05,20669.41,1
2026-04-02,2026-04-02 14:09:00,1583.26,1583.4,1583.26,1583.4,0.01,13.05,20669.41,1
2026-04-02,2026-04-02 14:10:00,1583.4,1583.53,1583.4,1583.53,0.01,13.05,20669.41,1
2026-04-02,2026-04-02 14:11:00,1583.53,1583.66,1583.53,1583.66,0.01,13.05,20669.41,1
2026-04-02,2026-04-02 14:12:00,1583.66,1583.79,1583.66,1583.79,0.01,13.05,20669.41,1
2026-04-02,2026-04-02 14:13:00,1583.79,1583.92,1583.79,1583.92,0.01,13.05,20669.41,1
2026-04-02,2026-04-02 14:14:00,1583.92,1584.06,1583.92,1584.06,0.01,13.05,20669.41,1
2026-04-02,2026-04-02 14:15:00,1584.06,1584.19,1584.06,1584.19,0.01,13.05,20669.41,1
2026-04-02,2026-04-02 14:16:00,1584.19,1584.32,1584.19,1584.32,0.01,13.05,20669.41,1
2026-04-02,2026-04-02 14:17:00,1584.32,1584.45,1584.32,1584.45,0.01,13.05,20669.41,1
2026-04-02,2026-04-02 14:18:00,1584.45,1584.58,1584.45,1584.58,0.01,13.05,20669.41,1
2026-04-02,2026-04-02 14:19:00,1584.58,1584.72,1584.58,1584.72,0.01,13.05,20669.41,1
2026-04-02,2026-04-02 14:20:00,1584.72,1584.85,1584.72,1584.85,0.01,13.05,20669.41,1
2026-04-02,2026-04-02 14:21:00,1584.85,1584.98,1584.85,1584.98,0.01,13.05,20669.41,1
2026-04-02,2026-04-02 14:22:00,1584.98,1585.11,1584.98,1585.11,0.01,13.05,20669.41,1
2026-04-02,2026-04-02 14:23:00,1585.11,1585.24,1585.11,1585.24,0.01,13.05,20669.41,1
2026-04-02,2026-04-02 14:24:00,1585.24,1585.38,1585.24,1585.38,0.01,13.05,20669.41,1
2026-04-02,2026-04-02 14:25:00,1585.38,1585.51,1585.38,1585.51,0.01,13.05,20669.41,1
2026-04-02,2026-04-02 14:26:00,1585.51,1585.64,1585.51,1585.64,0.01,13.05,20669.41,1
2026-04-02,2026-04-02 14:27:00,1585.64,1585.77,1585.64,1585.77,0.01,13.05,20669.41,1
2026-04-02,2026-04-02 14:28:00,1585.77,1585.91,1585.77,1585.91,0.01,13.05,20669.41,1
2026-04-02,2026-04-02 14:29:00,1585.91,1586.04,1585.91,1586.04,0.01,13.05,20669.41,1
2026-04-02,2026-04-02 14:30:00,1586.04,1586.17,1586.04,1586.17,0.01,13.05,20669.41,1
2026-04-02,2026-04-02 14:31:00,1586.17,1586.3,1586.17,1586.3,0.01,13.05,20669.41,1
2026-04-02,2026-04-02 14:32:00,1586.3,1586.43,1586.3,1586.43,0.01,13.05,20669.41,1
2026-04-02,2026-04-02 14:33:00,1586.43,1586.57,1586.43,1586.57,0.01,13.05,20669.41,1
2026-04-02,2026-04-02 14:34:00,1586.57,1586.7,1586.57,1586.7,0.01,13.05,20669.41,1
2026-04-02,2026-04-02 14:35:00,1586.7,1586.83,1586.7,1586.83,0.01,13.05,20669.41,1
2026-04-02,2026-04-02 14:36:00,1586.83,1586.96,1586.83,1586.96,0.01,13.05,20669.41,1
2026-04-02,2026-04-02 14:37:00,1586.96,1587.09,1586.96,1587.09,0.01,13.05,20669.41,1
2026-04-02,2026-04-02 14:38:00,1587.09,1587.23,1587.09,1587.23,0.01,13.05,20669.41,1
2026-04-02,2026-04-02 14:39:00,1587.23,1587.36,1587.23,1587.36,0.01,13.05,20669.41,1
2026-04-02,2026-04-02 14:40:00,1587.36,1587.49,1587.36,1587.49,0.01,13.05,20669.41,1
2026-04-02,2026-04-02 14:41:00,1587.49,1587.62,1587.49,1587.62,0.01,13.05,20669.41,1
2026-04-02,2026-04-02 14:42:00,1587.62,1587.75,1587.62,1587.75,0.01,13.05,20669.41,1
2026-04-02,2026-04-02 14:43:00,1587.75,1587.89,1587.75,1587.89,0.01,13.05,20669.41,1
2026-04-02,2026-04-02 14:44:00,1587.89,1588.02,1587.89,1588.02,0.01,13.05,20669.41,1
2026-04-02,2026-04-02 14:45:00,1588.02,1588.15,1588.02,1588.15,0.01,13.05,20669.41,1
2026-04-02,2026-04-02 14:46:00,1588.15,1588.28,1588.15,1588.28,0.01,13.05,20669.41,1
2026-04-02,2026-04-02 14:47:00,1588.28,1588.41,1588.28,1588.41,0.01,13.05,20669.41,1
2026-04-02,2026-04-02 14:48:00,1588.41,1588.55,1588.41,1588.55,0.01,13.05,20669.41,1
2026-04-02,2026-04-02 14:49:00,1588.55,1588.68,1588.55,1588.68,0.01,13.05,20669.41,1
2026-04-02,2026-04-02 14:50:00,1588.68,1588.81,1588.68,1588.81,0.01,13.05,20669.41,1
2026-04-02,2026-04-02 14:51:00,1588.81,1588.94,1588.81,1588.94,0.01,13.05,20669.41,1
2026-04-02,2026-04-02 14:52:00,1588.94,1589.08,1588.94,1589.08,0.01,13.05,20669.41,1
2026-04-02,2026-04-02 14:53:00,1589.08,1589.21,1589.08,1589.21,0.01,13.05,20669.41,1
2026-04-02,2026-04-02 14:54:00,1589.21,1589.34,1589.21,1589.34,0.01,13.05,20669.41,1
2026-04-02,2026-04-02 14:55:00,1589.34,1589.47,1589.34,1589.47,0.01,13.05,20669.41,1
2026-04-02,2026-04-02 14:56:00,1589.47,1589.6,1589.47,1589.6,0.01,13.05,20669.41,1
2026-04-02,2026-04-02 14:57:00,1589.6,1589.74,1589.6,1589.74,0.01,13.05,20669.41,1
2026-04-02,2026-04-02 14:58:00,1589.74,1589.87,1589.74,1589.87,0.01,13.05,20669.41,1
2026-04-02,2026-04-02 14:59:00,1589.87,1590.0,1589.87,1590.0,0.01,13.05,20669.41,1
2026-04-02,2026-04-02 15:00:00,1590.0,1600.0,1558.3,1590.0,0.0,13.05,20669.41,0
2026-04-05,2026-04-05 11:00:00,1560.0,1571.4,1551.0,1559.88,-0.01,27.27,42073.6,-1
2026-04-05,2026-04-05 11:01:00,1559.88,1559.88,1559.75,1559.75,-0.01,27.27,42073.6,-1
2026-04-05,2026-04-05 11:02:00,1559.75,1559.75,1559.63,1559.63,-0.01,27.27,42073.6,-1
2026-04-05,2026-04-05 11:03:00,1559.63,1559.63,1559.5,1559.5,-0.01,27.27,42073.6,-1
2026-04-05,2026-04-05 11:04:00,1559.5,1559.5,1559.38,1559.38,-0.01,27.27,42073.6,-1
2026-04-05,2026-04-05 11:05:00,1559.38,1559.38,1559.25,1559.25,-0.01,27.27,42073.6,-1
2026-04-05,2026-04-05 11:06:00,1559.25,1559.25,1559.13,1559.13,-0.01,27.27,42073.6,-1
2026-04-05,2026-04-05 11:07:00,1559.13,1559.13,1559.0,1559.0,-0.01,27.27,42073.6,-1
2026-04-05,2026-04-05 11:08:00,1559.0,1559.0,1558.88,1558.88,-0.01,27.27,42073.6,-1
2026-04-05,2026-04-05 11:09:00,1558.88,1558.88,1558.75,1558.75,-0.01,27.27,42073.6,-1
2026-04-05,2026-04-05 11:10:00,1558.75,1558.75,1558.63,1558.63,-0.01,27.27,42073.6,-1
2026-04-05,2026-04-05 11:11:00,1558.63,1558.63,1558.51,1558.51,-0.01,27.27,42073.6,-1
2026-04-05,2026-04-05 11:12:00,1558.51,1558.51,1558.38,1558.38,-0.01,27.27,42073.6,-1
2026-04-05,2026-04-05 11:13:00,1558.38,1558.38,1558.26,1558.26,-0.01,27.27,42073.6,-1
2026-04-05,2026-04-05 11:14:00,1558.26,1558.26,1558.13,1558.13,-0.01,27.27,42073.6,-1
2026-04-05,2026-04-05 11:15:00,1558.13,1558.13,1558.01,1558.01,-0.01,27.27,42073.6,-1
2026-04-05,2026-04-05 11:16:00,1558.01,1558.01,1557.88,1557.88,-0.01,27.27,42073.6,-1
2026-04-05,2026-04-05 11:17:00,1557.88,1557.88,1557.76,1557.76,-0.01,27.27,42073.6,-1
2026-04-05,2026-04-05 11:18:00,1557.76,1557.76,1557.63,1557.63,-0.01,27.27,42073.6,-1
2026-04-05,2026-04-05 11:19:00,1557.63,1557.63,1557.51,1557.51,-0.01,27.27,42073.6,-1
2026-04-05,2026-04-05 11:20:00,1557.51,1557.51,1557.38,1557.38,-0.01,27.27,42073.6,-1
2026-04-05,2026-04-05 11:21:00,1557.38,1557.38,1557.26,1557.26,-0.01,27.27,42073.6,-1
2026-04-05,2026-04-05 11:22:00,1557.26,1557.26,1557.13,1557.13,-0.01,27.27,42073.6,-1
2026-04-05,2026-04-05 11:23:00,1557.13,1557.13,1557.01,1557.01,-0.01,27.27,42073.6,-1
2026-04-05,2026-04-05 11:24:00,1557.01,1557.01,1556.89,1556.89,-0.01,27.27,42073.6,-1
2026-04-05,2026-04-05 11:25:00,1556.89,1556.89,1556.76,1556.76,-0.01,27.27,42073.6,-1
2026-04-05,2026-04-05 11:26:00,1556.76,1556.76,1556.64,1556.64,-0.01,27.27,42073.6,-1
2026-04-05,2026-04-05 11:27:00,1556.64,1556.64,1556.51,1556.51,-0.01,27.27,42073.6,-1
2026-04-05,2026-04-05 11:28:00,1556.51,1556.51,1556.39,1556.39,-0.01,27.27,42073.6,-1
2026-04-05,2026-04-05 11:29:00,1556.39,1556.39,1556.26,1556.26,-0.01,27.27,42073.6,-1
2026-04-05,2026-04-05 11:30:00,1556.26,1556.26,1556.14,1556.14,-0.01,27.27,42073.6,-1
2026-04-05,2026-04-05 11:31:00,1556.14,1556.14,1556.01,1556.01,-0.01,27.27,42073.6,-1
2026-04-05,2026-04-05 11:32:00,1556.01,1556.01,1555.89,1555.89,-0.01,27.27,42073.6,-1
2026-04-05,2026-04-05 11:33:00,1555.89,1555.89,1555.76,1555.76,-0.01,27.27,42073.6,-1
2026-04-05,2026-04-05 11:34:00,1555.76,1555.76,1555.64,1555.64,-0.01,27.27,42073.6,-1
2026-04-05,2026-04-05 11:35:00,1555.64,1555.64,1555.51,1555.51,-0.01,27.27,42073.6,-1
2026-04-05,2026-04-05 11:36:00,1555.51,1555.51,1555.39,1555.39,-0.01,27.27,42073.6,-1
2026-04-05,2026-04-05 11:37:00,1555.39,1555.39,1555.27,1555.27,-0.01,27.27,42073.6,-1
2026-04-05,2026-04-05 11:38:00,1555.27,1555.27,1555.14,1555.14,-0.01,27.27,42073.6,-1
2026-04-05,2026-04-05 11:39:00,1555.14,1555.14,1555.02,1555.02,-0.01,27.27,42073.6,-1
2026-04-05,2026-04-05 11:40:00,1555.02,1555.02,1554.89,1554.89,-0.01,27.27,42073.6,-1
2026-04-05,2026-04-05 11:41:00,1554.89,1554.89,1554.77,1554.77,-0.01,27.27,42073.6,-1
2026-04-05,2026-04-05 11:42:00,1554.77,1554.77,1554.64,1554.64,-0.01,27.27,42073.6,-1
2026-04-05,2026-04-05 11:43:00,1554.64,1554.64,1554.52,1554.52,-0.01,27.27,42073.6,-1
2026-04-05,2026-04-05 11:44:00,1554.52,1554.52,1554.39,1554.39,-0.01,27.27,42073.6,-1
2026-04-05,2026-04-05 11:45:00,1554.39,1554.39,1554.27,1554.27,-0.01,27.27,42073.6,-1
2026-04-05,2026-04-05 11:46:00,1554.27,1554.27,1554.14,1554.14,-0.01,27.27,42073.6,-1
2026-04-05,2026-04-05 11:47:00,1554.14,1554.14,1554.02,1554.02,-0.01,27.27,42073.6,-1
2026-04-05,2026-04-05 11:48:00,1554.02,1554.02,1553.9,1553.9,-0.01,27.27,42073.6,-1
2026-04-05,2026-04-05 11:49:00,1553.9,1553.9,1553.77,1553.77,-0.01,27.27,42073.6,-1
2026-04-05,2026-04-05 11:50:00,1553.77,1553.77,1553.65,1553.65,-0.01,27.27,42073.6,-1
2026-04-05,2026-04-05 11:51:00,1553.65,1553.65,1553.52,1553.52,-0.01,27.27,42073.6,-1
2026-04-05,2026-04-05 11:52:00,1553.52,1553.52,1553.4,1553.4,-0.01,27.27,42073.6,-1
2026-04-05,2026-04-05 11:53:00,1553.4,1553.4,1553.27,1553.27,-0.01,27.27,42073.6,-1
2026-04-05,2026-04-05 11:54:00,1553.27,1553.27,1553.15,1553.15,-0.01,27.27,42073.6,-1
2026-04-05,2026-04-05 11:55:00,1553.15,1553.15,1553.02,1553.02,-0.01,27.27,42073.6,-1
2026-04-05,2026-04-05 11:56:00,1553.02,1553.02,1552.9,1552.9,-0.01,27.27,42073.6,-1
2026-04-05,2026-04-05 11:57:00,1552.9,1552.9,1552.77,1552.77,-0.01,27.27,42073.6,-1
2026-04-05,2026-04-05 11:58:00,1552.77,1552.77,1552.65,1552.65,-0.01,27.27,42073.6,-1
2026-04-05,2026-04-05 11:59:00,1552.65,1552.65,1552.53,1552.53,-0.01,27.27,42073.6,-1
2026-04-05,2026-04-05 12:00:00,1552.53,1552.53,1552.4,1552.4,-0.01,27.27,42073.6,-1
2026-04-05,2026-04-05 12:01:00,1552.4,1552.4,1552.28,1552.28,-0.01,27.27,42073.6,-1
2026-04-05,2026-04-05 12:02:00,1552.28,1552.28,1552.15,1552.15,-0.01,27.27,42073.6,-1
2026-04-05,2026-04-05 12:03:00,1552.15,1552.15,1552.03,1552.03,-0.01,27.27,42073.6,-1
2026-04-05,2026-04-05 12:04:00,1552.03,1552.03,1551.9,1551.9,-0.01,27.27,42073.6,-1
2026-04-05,2026-04-05 12:05:00,1551.9,1551.9,1551.78,1551.78,-0.01,27.27,42073.6,-1
2026-04-05,2026-04-05 12:06:00,1551.78,1551.78,1551.65,1551.65,-0.01,27.27,42073.6,-1
2026-04-05,2026-04-05 12:07:00,1551.65,1551.65,1551.53,1551.53,-0.01,27.27,42073.6,-1
2026-04-05,2026-04-05 12:08:00,1551.53,1551.53,1551.4,1551.4,-0.01,27.27,42073.6,-1
2026-04-05,2026-04-05 12:09:00,1551.4,1551.4,1551.28,1551.28,-0.01,27.27,42073.6,-1
2026-04-05,2026-04-05 12:10:00,1551.28,1551.28,1551.15,1551.15,-0.01,27.27,42073.6,-1
2026-04-05,2026-04-05 12:11:00,1551.15,1551.15,1551.03,1551.03,-0.01,27.27,42073.6,-1
2026-04-05,2026-04-05 12:12:00,1551.03,1551.03,1550.91,1550.91,-0.01,27.27,42073.6,-1
2026-04-05,2026-04-05 12:13:00,1550.91,1550.91,1550.78,1550.78,-0.01,27.27,42073.6,-1
2026-04-05,2026-04-05 12:14:00,1550.78,1550.78,1550.66,1550.66,-0.01,27.27,42073.6,-1
2026-04-05,2026-04-05 12:15:00,1550.66,1550.66,1550.53,1550.53,-0.01,27.27,42073.6,-1
2026-04-05,2026-04-05 12:16:00,1550.53,1550.53,1550.41,1550.41,-0.01,27.27,42073.6,-1
2026-04-05,2026-04-05 12:17:00,1550.41,1550.41,1550.28,1550.28,-0.01,27.27,42073.6,-1
2026-04-05,2026-04-05 12:18:00,1550.28,1550.28,1550.16,1550.16,-0.01,27.27,42073.6,-1
2026-04-05,2026-04-05 12:19:00,1550.16,1550.16,1550.03,1550.03,-0.01,27.27,42073.6,-1
2026-04-05,2026-04-05 12:20:00,1550.03,1550.03,1549.91,1549.91,-0.01,27.27,42073.6,-1
2026-04-05,2026-04-05 12:21:00,1549.91,1549.91,1549.78,1549.78,-0.01,27.27,42073.6,-1
2026-04-05,2026-04-05 12:22:00,1549.78,1549.78,1549.66,1549.66,-0.01,27.27,42073.6,-1
2026-04-05,2026-04-05 12:23:00,1549.66,1549.66,1549.53,1549.53,-0.01,27.27,42073.6,-1
2026-04-05,2026-04-05 12:24:00,1549.53,1549.53,1549.41,1549.41,-0.01,27.27,42073.6,-1
2026-04-05,2026-04-05 12:25:00,1549.41,1549.41,1549.29,1549.29,-0.01,27.27,42073.6,-1
2026-04-05,2026-04-05 12:26:00,1549.29,1549.29,1549.16,1549.16,-0.01,27.27,42073.6,-1
2026-04-05,2026-04-05 12:27:00,1549.16,1549.16,1549.04,1549.04,-0.01,27.27,42073.6,-1
2026-04-05,2026-04-05 12:28:00,1549.04,1549.04,1548.91,1548.91,-0.01,27.27,42073.6,-1
2026-04-05,2026-04-05 12:29:00,1548.91,1548.91,1548.79,1548.79,-0.01,27.27,42073.6,-1
2026-04-05,2026-04-05 12:30:00,1548.79,1548.79,1548.66,1548.66,-0.01,27.27,42073.6,-1
2026-04-05,2026-04-05 12:31:00,1548.66,1548.66,1548.54,1548.54,-0.01,27.27,42073.6,-1
2026-04-05,2026-04-05 12:32:00,1548.54,1548.54,1548.41,1548.41,-0.01,27.27,42073.6,-1
2026-04-05,2026-04-05 12:33:00,1548.41,1548.41,1548.29,1548.29,-0.01,27.27,42073.6,-1
2026-04-05,2026-04-05 12:34:00,1548.29,1548.29,1548.16,1548.16,-0.01,27.27,42073.6,-1
2026-04-05,2026-04-05 12:35:00,1548.16,1548.16,1548.04,1548.04,-0.01,27.27,42073.6,-1
2026-04-05,2026-04-05 12:36:00,1548.04,1548.04,1547.92,1547.92,-0.01,27.27,42073.6,-1
2026-04-05,2026-04-05 12:37:00,1547.92,1547.92,1547.79,1547.79,-0.01,27.27,42073.6,-1
2026-04-05,2026-04-05 12:38:00,1547.79,1547.79,1547.67,1547.67,-0.01,27.27,42073.6,-1
2026-04-05,2026-04-05 12:39:00,1547.67,1547.67,1547.54,1547.54,-0.01,27.27,42073.6,-1
2026-04-05,2026-04-05 12:40:00,1547.54,1547.54,1547.42,1547.42,-0.01,27.27,42073.6,-1
2026-04-05,2026-04-05 12:41:00,1547.42,1547.42,1547.29,1547.29,-0.01,27.27,42073.6,-1
2026-04-05,2026-04-05 12:42:00,1547.29,1547.29,1547.17,1547.17,-0.01,27.27,42073.6,-1
2026-04-05,2026-04-05 12:43:00,1547.17,1547.17,1547.04,1547.04,-0.01,27.27,42073.6,-1
2026-04-05,2026-04-05 12:44:00,1547.04,1547.04,1546.92,1546.92,-0.01,27.27,42073.6,-1
2026-04-05,2026-04-05 12:45:00,1546.92,1546.92,1546.79,1546.79,-0.01,27.27,42073.6,-1
2026-04-05,2026-04-05 12:46:00,1546.79,1546.79,1546.67,1546.67,-0.01,27.27,42073.6,-1
2026-04-05,2026-04-05 12:47:00,1546.67,1546.67,1546.55,1546.55,-0.01,27.27,42073.6,-1
2026-04-05,2026-04-05 12:48:00,1546.55,1546.55,1546.42,1546.42,-0.01,27.27,42073.6,-1
2026-04-05,2026-04-05 12:49:00,1546.42,1546.42,1546.3,1546.3,-0.01,27.27,42073.6,-1
2026-04-05,2026-04-05 12:50:00,1546.3,1546.3,1546.17,1546.17,-0.01,27.27,42073.6,-1
2026-04-05,2026-04-05 12:51:00,1546.17,1546.17,1546.05,1546.05,-0.01,27.27,42073.6,-1
2026-04-05,2026-04-05 12:52:00,1546.05,1546.05,1545.92,1545.92,-0.01,27.27,42073.6,-1
2026-04-05,2026-04-05 12:53:00,1545.92,1545.92,1545.8,1545.8,-0.01,27.27,42073.6,-1
2026-04-05,2026-04-05 12:54:00,1545.8,1545.8,1545.67,1545.67,-0.01,27.27,42073.6,-1
2026-04-05,2026-04-05 12:55:00,1545.67,1545.67,1545.55,1545.55,-0.01,27.27,42073.6,-1
2026-04-05,2026-04-05 12:56:00,1545.55,1545.55,1545.42,1545.42,-0.01,27.27,42073.6,-1
2026-04-05,2026-04-05 12:57:00,1545.42,1545.42,1545.3,1545.3,-0.01,27.27,42073.6,-1
2026-04-05,2026-04-05 12:58:00,1545.3,1545.3,1545.17,1545.17,-0.01,27.27,42073.6,-1
2026-04-05,2026-04-05 12:59:00,1545.17,1545.17,1545.05,1545.05,-0.01,27.27,42073.6,-1
2026-04-05,2026-04-05 13:00:00,1545.05,1598.0,1530.0,1544.93,-0.01,27.27,42073.6,-1
2026-04-05,2026-04-05 13:01:00,1544.93,1544.93,1544.8,1544.8,-0.01,27.27,42073.6,-1
2026-04-05,2026-04-05 13:02:00,1544.8,1544.8,1544.68,1544.68,-0.01,27.27,42073.6,-1
2026-04-05,2026-04-05 13:03:00,1544.68,1544.68,1544.55,1544.55,-0.01,27.27,42073.6,-1
2026-04-05,2026-04-05 13:04:00,1544.55,1544.55,1544.43,1544.43,-0.01,27.27,42073.6,-1
2026-04-05,2026-04-05 13:05:00,1544.43,1544.43,1544.3,1544.3,-0.01,27.27,42073.6,-1
2026-04-05,2026-04-05 13:06:00,1544.3,1544.3,1544.18,1544.18,-0.01,27.27,42073.6,-1
2026-04-05,2026-04-05 13:07:00,1544.18,1544.18,1544.05,1544.05,-0.01,27.27,42073.6,-1
2026-04-05,2026-04-05 13:08:00,1544.05,1544.05,1543.93,1543.93,-0.01,27.27,42073.6,-1
2026-04-05,2026-04-05 13:09:00,1543.93,1543.93,1543.8,1543.8,-0.01,27.27,42073.6,-1
2026-04-05,2026-04-05 13:10:00,1543.8,1543.8,1543.68,1543.68,-0.01,27.27,42073.6,-1
2026-04-05,2026-04-05 13:11:00,1543.68,1543.68,1543.55,1543.55,-0.01,27.27,42073.6,-1
2026-04-05,2026-04-05 13:12:00,1543.55,1543.55,1543.43,1543.43,-0.01,27.27,42073.6,-1
2026-04-05,2026-04-05 13:13:00,1543.43,1543.43,1543.31,1543.31,-0.01,27.27,42073.6,-1
2026-04-05,2026-04-05 13:14:00,1543.31,1543.31,1543.18,1543.18,-0.01,27.27,42073.6,-1
2026-04-05,2026-04-05 13:15:00,1543.18,1543.18,1543.06,1543.06,-0.01,27.27,42073.6,-1
2026-04-05,2026-04-05 13:16:00,1543.06,1543.06,1542.93,1542.93,-0.01,27.27,42073.6,-1
2026-04-05,2026-04-05 13:17:00,1542.93,1542.93,1542.81,1542.81,-0.01,27.27,42073.6,-1
2026-04-05,2026-04-05 13:18:00,1542.81,1542.81,1542.68,1542.68,-0.01,27.27,42073.6,-1
2026-04-05,2026-04-05 13:19:00,1542.68,1542.68,1542.56,1542.56,-0.01,27.27,42073.6,-1
2026-04-05,2026-04-05 13:20:00,1542.56,1542.56,1542.43,1542.43,-0.01,27.27,42073.6,-1
2026-04-05,2026-04-05 13:21:00,1542.43,1542.43,1542.31,1542.31,-0.01,27.27,42073.6,-1
2026-04-05,2026-04-05 13:22:00,1542.31,1542.31,1542.18,1542.18,-0.01,27.27,42073.6,-1
2026-04-05,2026-04-05 13:23:00,1542.18,1542.18,1542.06,1542.06,-0.01,27.27,42073.6,-1
2026-04-05,2026-04-05 13:24:00,1542.06,1542.06,1541.94,1541.94,-0.01,27.27,42073.6,-1
2026-04-05,2026-04-05 13:25:00,1541.94,1541.94,1541.81,1541.81,-0.01,27.27,42073.6,-1
2026-04-05,2026-04-05 13:26:00,1541.81,1541.81,1541.69,1541.69,-0.01,27.27,42073.6,-1
2026-04-05,2026-04-05 13:27:00,1541.69,1541.69,1541.56,1541.56,-0.01,27.27,42073.6,-1
2026-04-05,2026-04-05 13:28:00,1541.56,1541.56,1541.44,1541.44,-0.01,27.27,42073.6,-1
2026-04-05,2026-04-05 13:29:00,1541.44,1541.44,1541.31,1541.31,-0.01,27.27,42073.6,-1
2026-04-05,2026-04-05 13:30:00,1541.31,1541.31,1541.19,1541.19,-0.01,27.27,42073.6,-1
2026-04-05,2026-04-05 13:31:00,1541.19,1541.19,1541.06,1541.06,-0.01,27.27,42073.6,-1
2026-04-05,2026-04-05 13:32:00,1541.06,1541.06,1540.94,1540.94,-0.01,27.27,42073.6,-1
2026-04-05,2026-04-05 13:33:00,1540.94,1540.94,1540.81,1540.81,-0.01,27.27,42073.6,-1
2026-04-05,2026-04-05 13:34:00,1540.81,1540.81,1540.69,1540.69,-0.01,27.27,42073.6,-1
2026-04-05,2026-04-05 13:35:00,1540.69,1540.69,1540.57,1540.57,-0.01,27.27,42073.6,-1
2026-04-05,2026-04-05 13:36:00,1540.57,1540.57,1540.44,1540.44,-0.01,27.27,42073.6,-1
2026-04-05,2026-04-05 13:37:00,1540.44,1540.44,1540.32,1540.32,-0.01,27.27,42073.6,-1
2026-04-05,2026-04-05 13:38:00,1540.32,1540.32,1540.19,1540.19,-0.01,27.27,42073.6,-1
2026-04-05,2026-04-05 13:39:00,1540.19,1540.19,1540.07,1540.07,-0.01,27.27,42073.6,-1
2026-04-05,2026-04-05 13:40:00,1540.07,1540.07,1539.94,1539.94,-0.01,27.27,42073.6,-1
2026-04-05,2026-04-05 13:41:00,1539.94,1539.94,1539.82,1539.82,-0.01,27.27,42073.6,-1
2026-04-05,2026-04-05 13:42:00,1539.82,1539.82,1539.69,1539.69,-0.01,27.27,42073.6,-1
2026-04-05,2026-04-05 13:43:00,1539.69,1539.69,1539.57,1539.57,-0.01,27.27,42073.6,-1
2026-04-05,2026-04-05 13:44:00,1539.57,1539.57,1539.44,1539.44,-0.01,27.27,42073.6,-1
2026-04-05,2026-04-05 13:45:00,1539.44,1539.44,1539.32,1539.32,-0.01,27.27,42073.6,-1
2026-04-05,2026-04-05 13:46:00,1539.32,1539.32,1539.19,1539.19,-0.01,27.27,42073.6,-1
2026-04-05,2026-04-05 13:47:00,1539.19,1539.19,1539.07,1539.07,-0.01,27.27,42073.6,-1
2026-04-05,2026-04-05 13:48:00,1539.07,1539.07,1538.95,1538.95,-0.01,27.27,42073.6,-1
2026-04-05,2026-04-05 13:49:00,1538.95,1538.95,1538.82,1538.82,-0.01,27.27,42073.6,-1
2026-04-05,2026-04-05 13:50:00,1538.82,1538.82,1538.7,1538.7,-0.01,27.27,42073.6,-1
2026-04-05,2026-04-05 13:51:00,1538.7,1538.7,1538.57,1538.57,-0.01,27.27,42073.6,-1
2026-04-05,2026-04-05 13:52:00,1538.57,1538.57,1538.45,1538.45,-0.01,27.27,42073.6,-1
2026-04-05,2026-04-05 13:53:00,1538.45,1538.45,1538.32,1538.32,-0.01,27.27,42073.6,-1
2026-04-05,2026-04-05 13:54:00,1538.32,1538.32,1538.2,1538.2,-0.01,27.27,42073.6,-1
2026-04-05,2026-04-05 13:55:00,1538.2,1538.2,1538.07,1538.07,-0.01,27.27,42073.6,-1
2026-04-05,2026-04-05 13:56:00,1538.07,1538.07,1537.95,1537.95,-0.01,27.27,42073.6,-1
2026-04-05,2026-04-05 13:57:00,1537.95,1537.95,1537.82,1537.82,-0.01,27.27,42073.6,-1
2026-04-05,2026-04-05 13:58:00,1537.82,1537.82,1537.7,1537.7,-0.01,27.27,42073.6,-1
2026-04-05,2026-04-05 13:59:00,1537.7,1537.7,1537.57,1537.57,-0.01,27.27,42073.6,-1
2026-04-05,2026-04-05 14:00:00,1537.57,1537.57,1537.45,1537.45,-0.01,27.27,42073.6,-1
2026-04-05,2026-04-05 14:01:00,1537.45,1537.45,1537.33,1537.33,-0.01,27.27,42073.6,-1
2026-04-05,2026-04-05 14:02:00,1537.33,1537.33,1537.2,1537.2,-0.01,27.27,42073.6,-1
2026-04-05,2026-04-05 14:03:00,1537.2,1537.2,1537.08,1537.08,-0.01,27.27,42073.6,-1
2026-04-05,2026-04-05 14:04:00,1537.08,1537.08,1536.95,1536.95,-0.01,27.27,42073.6,-1
2026-04-05,2026-04-05 14:05:00,1536.95,1536.95,1536.83,1536.83,-0.01,27.27,42073.6,-1
2026-04-05,2026-04-05 14:06:00,1536.83,1536.83,1536.7,1536.7,-0.01,27.27,42073.6,-1
2026-04-05,2026-04-05 14:07:00,1536.7,1536.7,1536.58,1536.58,-0.01,27.27,42073.6,-1
2026-04-05,2026-04-05 14:08:00,1536.58,1536.58,1536.45,1536.45,-0.01,27.27,42073.6,-1
2026-04-05,2026-04-05 14:09:00,1536.45,1536.45,1536.33,1536.33,-0.01,27.27,42073.6,-1
2026-04-05,2026-04-05 14:10:00,1536.33,1536.33,1536.2,1536.2,-0.01,27.27,42073.6,-1
2026-04-05,2026-04-05 14:11:00,1536.2,1536.2,1536.08,1536.08,-0.01,27.27,42073.6,-1
2026-04-05,2026-04-05 14:12:00,1536.08,1536.08,1535.96,1535.96,-0.01,27.27,42073.6,-1
2026-04-05,2026-04-05 14:13:00,1535.96,1535.96,1535.83,1535.83,-0.01,27.27,42073.6,-1
2026-04-05,2026-04-05 14:14:00,1535.83,1535.83,1535.71,1535.71,-0.01,27.27,42073.6,-1
2026-04-05,2026-04-05 14:15:00,1535.71,1535.71,1535.58,1535.58,-0.01,27.27,42073.6,-1
2026-04-05,2026-04-05 14:16:00,1535.58,1535.58,1535.46,1535.46,-0.01,27.27,42073.6,-1
2026-04-05,2026-04-05 14:17:00,1535.46,1535.46,1535.33,1535.33,-0.01,27.27,42073.6,-1
2026-04-05,2026-04-05 14:18:00,1535.33,1535.33,1535.21,1535.21,-0.01,27.27,42073.6,-1
2026-04-05,2026-04-05 14:19:00,1535.21,1535.21,1535.08,1535.08,-0.01,27.27,42073.6,-1
2026-04-05,2026-04-05 14:20:00,1535.08,1535.08,1534.96,1534.96,-0.01,27.27,42073.6,-1
2026-04-05,2026-04-05 14:21:00,1534.96,1534.96,1534.83,1534.83,-0.01,27.27,42073.6,-1
2026-04-05,2026-04-05 14:22:00,1534.83,1534.83,1534.71,1534.71,-0.01,27.27,42073.6,-1
2026-04-05,2026-04-05 14:23:00,1534.71,1534.71,1534.59,1534.59,-0.01,27.27,42073.6,-1
2026-04-05,2026-04-05 14:24:00,1534.59,1534.59,1534.46,1534.46,-0.01,27.27,42073.6,-1
2026-04-05,2026-04-05 14:25:00,1534.46,1534.46,1534.34,1534.34,-0.01,27.27,42073.6,-1
2026-04-05,2026-04-05 14:26:00,1534.34,1534.34,1534.21,1534.21,-0.01,27.27,42073.6,-1
2026-04-05,2026-04-05 14:27:00,1534.21,1534.21,1534.09,1534.09,-0.01,27.27,42073.6,-1
2026-04-05,2026-04-05 14:28:00,1534.09,1534.09,1533.96,1533.96,-0.01,27.27,42073.6,-1
2026-04-05,2026-04-05 14:29:00,1533.96,1533.96,1533.84,1533.84,-0.01,27.27,42073.6,-1
2026-04-05,2026-04-05 14:30:00,1533.84,1533.84,1533.71,1533.71,-0.01,27.27,42073.6,-1
2026-04-05,2026-04-05 14:31:00,1533.71,1533.71,1533.59,1533.59,-0.01,27.27,42073.6,-1
2026-04-05,2026-04-05 14:32:00,1533.59,1533.59,1533.46,1533.46,-0.01,27.27,42073.6,-1
2026-04-05,2026-04-05 14:33:00,1533.46,1533.46,1533.34,1533.34,-0.01,27.27,42073.6,-1
2026-04-05,2026-04-05 14:34:00,1533.34,1533.34,1533.21,1533.21,-0.01,27.27,42073.6,-1
2026-04-05,2026-04-05 14:35:00,1533.21,1533.21,1533.09,1533.09,-0.01,27.27,42073.6,-1
2026-04-05,2026-04-05 14:36:00,1533.09,1533.09,1532.97,1532.97,-0.01,27.27,42073.6,-1
2026-04-05,2026-04-05 14:37:00,1532.97,1532.97,1532.84,1532.84,-0.01,27.27,42073.6,-1
2026-04-05,2026-04-05 14:38:00,1532.84,1532.84,1532.72,1532.72,-0.01,27.27,42073.6,-1
2026-04-05,2026-04-05 14:39:00,1532.72,1532.72,1532.59,1532.59,-0.01,27.27,42073.6,-1
2026-04-05,2026-04-05 14:40:00,1532.59,1532.59,1532.47,1532.47,-0.01,27.27,42073.6,-1
2026-04-05,2026-04-05 14:41:00,1532.47,1532.47,1532.34,1532.34,-0.01,27.27,42073.6,-1
2026-04-05,2026-04-05 14:42:00,1532.34,1532.34,1532.22,1532.22,-0.01,27.27,42073.6,-1
2026-04-05,2026-04-05 14:43:00,1532.22,1532.22,1532.09,1532.09,-0.01,27.27,42073.6,-1
2026-04-05,2026-04-05 14:44:00,1532.09,1532.09,1531.97,1531.97,-0.01,27.27,42073.6,-1
2026-04-05,2026-04-05 14:45:00,1531.97,1531.97,1531.84,1531.84,-0.01,27.27,42073.6,-1
2026-04-05,2026-04-05 14:46:00,1531.84,1531.84,1531.72,1531.72,-0.01,27.27,42073.6,-1
2026-04-05,2026-04-05 14:47:00,1531.72,1531.72,1531.59,1531.59,-0.01,27.27,42073.6,-1
2026-04-05,2026-04-05 14:48:00,1531.59,1531.59,1531.47,1531.47,-0.01,27.27,42073.6,-1
2026-04-05,2026-04-05 14:49:00,1531.47,1531.47,1531.35,1531.35,-0.01,27.27,42073.6,-1
2026-04-05,2026-04-05 14:50:00,1531.35,1531.35,1531.22,1531.22,-0.01,27.27,42073.6,-1
2026-04-05,2026-04-05 14:51:00,1531.22,1531.22,1531.1,1531.1,-0.01,27.27,42073.6,-1
2026-04-05,2026-04-05 14:52:00,1531.1,1531.1,1530.97,1530.97,-0.01,27.27,42073.6,-1
2026-04-05,2026-04-05 14:53:00,1530.97,1530.97,1530.85,1530.85,-0.01,27.27,42073.6,-1
2026-04-05,2026-04-05 14:54:00,1530.85,1530.85,1530.72,1530.72,-0.01,27.27,42073.6,-1
2026-04-05,2026-04-05 14:55:00,1530.72,1530.72,1530.6,1530.6,-0.01,27.27,42073.6,-1
2026-04-05,2026-04-05 14:56:00,1530.6,1530.6,1530.47,1530.47,-0.01,27.27,42073.6,-1
2026-04-05,2026-04-05 14:57:00,1530.47,1530.47,1530.35,1530.35,-0.01,27.27,42073.6,-1
2026-04-05,2026-04-05 14:58:00,1530.35,1530.35,1530.22,1530.22,-0.01,27.27,42073.6,-1
2026-04-05,2026-04-05 14:59:00,1530.22,1530.22,1530.1,1530.1,-0.01,27.27,42073.6,-1
2026-04-05,2026-04-05 15:00:00,1530.1,1598.0,1530.0,1530.1,0.0,27.27,42073.6,0
2026-04-06,2026-04-06 11:00:00,1540.0,1550.47,1540.0,1540.12,0.01,5.63,8767.91,1
2026-04-06,2026-04-06 11:01:00,1540.12,1540.23,1540.12,1540.23,0.01,5.63,8767.91,1
2026-04-06,2026-04-06 11:02:00,1540.23,1540.35,1540.23,1540.35,0.01,5.63,8767.91,1
2026-04-06,2026-04-06 11:03:00,1540.35,1540.47,1540.35,1540.47,0.01,5.63,8767.91,1
2026-04-06,2026-04-06 11:04:00,1540.47,1540.58,1540.47,1540.58,0.01,5.63,8767.91,1
2026-04-06,2026-04-06 11:05:00,1540.58,1540.7,1540.58,1540.7,0.01,5.63,8767.91,1
2026-04-06,2026-04-06 11:06:00,1540.7,1540.82,1540.7,1540.82,0.01,5.63,8767.91,1
2026-04-06,2026-04-06 11:07:00,1540.82,1540.93,1540.82,1540.93,0.01,5.63,8767.91,1
2026-04-06,2026-04-06 11:08:00,1540.93,1541.05,1540.93,1541.05,0.01,5.63,8767.91,1
2026-04-06,2026-04-06 11:09:00,1541.05,1541.17,1541.05,1541.17,0.01,5.63,8767.91,1
2026-04-06,2026-04-06 11:10:00,1541.17,1541.28,1541.17,1541.28,0.01,5.63,8767.91,1
2026-04-06,2026-04-06 11:11:00,1541.28,1541.4,1541.28,1541.4,0.01,5.63,8767.91,1
2026-04-06,2026-04-06 11:12:00,1541.4,1541.52,1541.4,1541.52,0.01,5.63,8767.91,1
2026-04-06,2026-04-06 11:13:00,1541.52,1541.63,1541.52,1541.63,0.01,5.63,8767.91,1
2026-04-06,2026-04-06 11:14:00,1541.63,1541.75,1541.63,1541.75,0.01,5.63,8767.91,1
2026-04-06,2026-04-06 11:15:00,1541.75,1541.87,1541.75,1541.87,0.01,5.63,8767.91,1
2026-04-06,2026-04-06 11:16:00,1541.87,1541.98,1541.87,1541.98,0.01,5.63,8767.91,1
2026-04-06,2026-04-06 11:17:00,1541.98,1542.1,1541.98,1542.1,0.01,5.63,8767.91,1
2026-04-06,2026-04-06 11:18:00,1542.1,1542.22,1542.1,1542.22,0.01,5.63,8767.91,1
2026-04-06,2026-04-06 11:19:00,1542.22,1542.33,1542.22,1542.33,0.01,5.63,8767.91,1
2026-04-06,2026-04-06 11:20:00,1542.33,1542.45,1542.33,1542.45,0.01,5.63,8767.91,1
2026-04-06,2026-04-06 11:21:00,1542.45,1542.57,1542.45,1542.57,0.01,5.63,8767.91,1
2026-04-06,2026-04-06 11:22:00,1542.57,1542.68,1542.57,1542.68,0.01,5.63,8767.91,1
2026-04-06,2026-04-06 11:23:00,1542.68,1542.8,1542.68,1542.8,0.01,5.63,8767.91,1
2026-04-06,2026-04-06 11:24:00,1542.8,1542.92,1542.8,1542.92,0.01,5.63,8767.91,1
2026-04-06,2026-04-06 11:25:00,1542.92,1543.03,1542.92,1543.03,0.01,5.63,8767.91,1
2026-04-06,2026-04-06 11:26:00,1543.03,1543.15,1543.03,1543.15,0.01,5.63,8767.91,1
2026-04-06,2026-04-06 11:27:00,1543.15,1543.27,1543.15,1543.27,0.01,5.63,8767.91,1
2026-04-06,2026-04-06 11:28:00,1543.27,1543.38,1543.27,1543.38,0.01,5.63,8767.91,1
2026-04-06,2026-04-06 11:29:00,1543.38,1543.5,1543.38,1543.5,0.01,5.63,8767.91,1
2026-04-06,2026-04-06 11:30:00,1543.5,1543.62,1543.5,1543.62,0.01,5.63,8767.91,1
2026-04-06,2026-04-06 11:31:00,1543.62,1543.73,1543.62,1543.73,0.01,5.63,8767.91,1
2026-04-06,2026-04-06 11:32:00,1543.73,1543.85,1543.73,1543.85,0.01,5.63,8767.91,1
2026-04-06,2026-04-06 11:33:00,1543.85,1543.97,1543.85,1543.97,0.01,5.63,8767.91,1
2026-04-06,2026-04-06 11:34:00,1543.97,1544.08,1543.97,1544.08,0.01,5.63,8767.91,1
2026-04-06,2026-04-06 11:35:00,1544.08,1544.2,1544.08,1544.2,0.01,5.63,8767.91,1
2026-04-06,2026-04-06 11:36:00,1544.2,1544.32,1544.2,1544.32,0.01,5.63,8767.91,1
2026-04-06,2026-04-06 11:37:00,1544.32,1544.43,1544.32,1544.43,0.01,5.63,8767.91,1
2026-04-06,2026-04-06 11:38:00,1544.43,1544.55,1544.43,1544.55,0.01,5.63,8767.91,1
2026-04-06,2026-04-06 11:39:00,1544.55,1544.67,1544.55,1544.67,0.01,5.63,8767.91,1
2026-04-06,2026-04-06 11:40:00,1544.67,1544.78,1544.67,1544.78,0.01,5.63,8767.91,1
2026-04-06,2026-04-06 11:41:00,1544.78,1544.9,1544.78,1544.9,0.01,5.63,8767.91,1
2026-04-06,2026-04-06 11:42:00,1544.9,1545.02,1544.9,1545.02,0.01,5.63,8767.91,1
2026-04-06,2026-04-06 11:43:00,1545.02,1545.13,1545.02,1545.13,0.01,5.63,8767.91,1
2026-04-06,2026-04-06 11:44:00,1545.13,1545.25,1545.13,1545.25,0.01,5.63,8767.91,1
2026-04-06,2026-04-06 11:45:00,1545.25,1545.37,1545.25,1545.37,0.01,5.63,8767.91,1
2026-04-06,2026-04-06 11:46:00,1545.37,1545.48,1545.37,1545.48,0.01,5.63,8767.91,1
2026-04-06,2026-04-06 11:47:00,1545.48,1545.6,1545.48,1545.6,0.01,5.63,8767.91,1
2026-04-06,2026-04-06 11:48:00,1545.6,1545.72,1545.6,1545.72,0.01,5.63,8767.91,1
2026-04-06,2026-04-06 11:49:00,1545.72,1545.83,1545.72,1545.83,0.01,5.63,8767.91,1
2026-04-06,2026-04-06 11:50:00,1545.83,1545.95,1545.83,1545.95,0.01,5.63,8767.91,1
2026-04-06,2026-04-06 11:51:00,1545.95,1546.07,1545.95,1546.07,0.01,5.63,8767.91,1
2026-04-06,2026-04-06 11:52:00,1546.07,1546.18,1546.07,1546.18,0.01,5.63,8767.91,1
2026-04-06,2026-04-06 11:53:00,1546.18,1546.3,1546.18,1546.3,0.01,5.63,8767.91,1
2026-04-06,2026-04-06 11:54:00,1546.3,1546.42,1546.3,1546.42,0.01,5.63,8767.91,1
2026-04-06,2026-04-06 11:55:00,1546.42,1546.53,1546.42,1546.53,0.01,5.63,8767.91,1
2026-04-06,2026-04-06 11:56:00,1546.53,1546.65,1546.53,1546.65,0.01,5.63,8767.91,1
2026-04-06,2026-04-06 11:57:00,1546.65,1546.77,1546.65,1546.77,0.01,5.63,8767.91,1
2026-04-06,2026-04-06 11:58:00,1546.77,1546.88,1546.77,1546.88,0.01,5.63,8767.91,1
2026-04-06,2026-04-06 11:59:00,1546.88,1547.0,1546.88,1547.0,0.01,5.63,8767.91,1
2026-04-06,2026-04-06 12:00:00,1547.0,1547.12,1547.0,1547.12,0.01,5.63,8767.91,1
2026-04-06,2026-04-06 12:01:00,1547.12,1547.23,1547.12,1547.23,0.01,5.63,8767.91,1
2026-04-06,2026-04-06 12:02:00,1547.23,1547.35,1547.23,1547.35,0.01,5.63,8767.91,1
2026-04-06,2026-04-06 12:03:00,1547.35,1547.47,1547.35,1547.47,0.01,5.63,8767.91,1
2026-04-06,2026-04-06 12:04:00,1547.47,1547.58,1547.47,1547.58,0.01,5.63,8767.91,1
2026-04-06,2026-04-06 12:05:00,1547.58,1547.7,1547.58,1547.7,0.01,5.63,8767.91,1
2026-04-06,2026-04-06 12:06:00,1547.7,1547.82,1547.7,1547.82,0.01,5.63,8767.91,1
2026-04-06,2026-04-06 12:07:00,1547.82,1547.93,1547.82,1547.93,0.01,5.63,8767.91,1
2026-04-06,2026-04-06 12:08:00,1547.93,1548.05,1547.93,1548.05,0.01,5.63,8767.91,1
2026-04-06,2026-04-06 12:09:00,1548.05,1548.17,1548.05,1548.17,0.01,5.63,8767.91,1
2026-04-06,2026-04-06 12:10:00,1548.17,1548.28,1548.17,1548.28,0.01,5.63,8767.91,1
2026-04-06,2026-04-06 12:11:00,1548.28,1548.4,1548.28,1548.4,0.01,5.63,8767.91,1
2026-04-06,2026-04-06 12:12:00,1548.4,1548.52,1548.4,1548.52,0.01,5.63,8767.91,1
2026-04-06,2026-04-06 12:13:00,1548.52,1548.63,1548.52,1548.63,0.01,5.63,8767.91,1
2026-04-06,2026-04-06 12:14:00,1548.63,1548.75,1548.63,1548.75,0.01,5.63,8767.91,1
2026-04-06,2026-04-06 12:15:00,1548.75,1548.87,1548.75,1548.87,0.01,5.63,8767.91,1
2026-04-06,2026-04-06 12:16:00,1548.87,1548.98,1548.87,1548.98,0.01,5.63,8767.91,1
2026-04-06,2026-04-06 12:17:00,1548.98,1549.1,1548.98,1549.1,0.01,5.63,8767.91,1
2026-04-06,2026-04-06 12:18:00,1549.1,1549.22,1549.1,1549.22,0.01,5.63,8767.91,1
2026-04-06,2026-04-06 12:19:00,1549.22,1549.33,1549.22,1549.33,0.01,5.63,8767.91,1
2026-04-06,2026-04-06 12:20:00,1549.33,1549.45,1549.33,1549.45,0.01,5.63,8767.91,1
2026-04-06,2026-04-06 12:21:00,1549.45,1549.57,1549.45,1549.57,0.01,5.63,8767.91,1
2026-04-06,2026-04-06 12:22:00,1549.57,1549.68,1549.57,1549.68,0.01,5.63,8767.91,1
2026-04-06,2026-04-06 12:23:00,1549.68,1549.8,1549.68,1549.8,0.01,5.63,8767.91,1
2026-04-06,2026-04-06 12:24:00,1549.8,1549.92,1549.8,1549.92,0.01,5.63,8767.91,1
2026-04-06,2026-04-06 12:25:00,1549.92,1550.03,1549.92,1550.03,0.01,5.63,8767.91,1
2026-04-06,2026-04-06 12:26:00,1550.03,1550.15,1550.03,1550.15,0.01,5.63,8767.91,1
2026-04-06,2026-04-06 12:27:00,1550.15,1550.27,1550.15,1550.27,0.01,5.63,8767.91,1
2026-04-06,2026-04-06 12:28:00,1550.27,1550.38,1550.27,1550.38,0.01,5.63,8767.91,1
2026-04-06,2026-04-06 12:29:00,1550.38,1550.5,1550.38,1550.5,0.01,5.63,8767.91,1
2026-04-06,2026-04-06 12:30:00,1550.5,1550.62,1550.5,1550.62,0.01,5.63,8767.91,1
2026-04-06,2026-04-06 12:31:00,1550.62,1550.73,1550.62,1550.73,0.01,5.63,8767.91,1
2026-04-06,2026-04-06 12:32:00,1550.73,1550.85,1550.73,1550.85,0.01,5.63,8767.91,1
2026-04-06,2026-04-06 12:33:00,1550.85,1550.97,1550.85,1550.97,0.01,5.63,8767.91,1
2026-04-06,2026-04-06 12:34:00,1550.97,1551.08,1550.97,1551.08,0.01,5.63,8767.91,1
2026-04-06,2026-04-06 12:35:00,1551.08,1551.2,1551.08,1551.2,0.01,5.63,8767.91,1
2026-04-06,2026-04-06 12:36:00,1551.2,1551.32,1551.2,1551.32,0.01,5.63,8767.91,1
2026-04-06,2026-04-06 12:37:00,1551.32,1551.43,1551.32,1551.43,0.01,5.63,8767.91,1
2026-04-06,2026-04-06 12:38:00,1551.43,1551.55,1551.43,1551.55,0.01,5.63,8767.91,1
2026-04-06,2026-04-06 12:39:00,1551.55,1551.67,1551.55,1551.67,0.01,5.63,8767.91,1
2026-04-06,2026-04-06 12:40:00,1551.67,1551.78,1551.67,1551.78,0.01,5.63,8767.91,1
2026-04-06,2026-04-06 12:41:00,1551.78,1551.9,1551.78,1551.9,0.01,5.63,8767.91,1
2026-04-06,2026-04-06 12:42:00,1551.9,1552.02,1551.9,1552.02,0.01,5.63,8767.91,1
2026-04-06,2026-04-06 12:43:00,1552.02,1552.13,1552.02,1552.13,0.01,5.63,8767.91,1
2026-04-06,2026-04-06 12:44:00,1552.13,1552.25,1552.13,1552.25,0.01,5.63,8767.91,1
2026-04-06,2026-04-06 12:45:00,1552.25,1552.37,1552.25,1552.37,0.01,5.63,8767.91,1
2026-04-06,2026-04-06 12:46:00,1552.37,1552.48,1552.37,1552.48,0.01,5.63,8767.91,1
2026-04-06,2026-04-06 12:47:00,1552.48,1552.6,1552.48,1552.6,0.01,5.63,8767.91,1
2026-04-06,2026-04-06 12:48:00,1552.6,1552.72,1552.6,1552.72,0.01,5.63,8767.91,1
2026-04-06,2026-04-06 12:49:00,1552.72,1552.83,1552.72,1552.83,0.01,5.63,8767.91,1
2026-04-06,2026-04-06 12:50:00,1552.83,1552.95,1552.83,1552.95,0.01,5.63,8767.91,1
2026-04-06,2026-04-06 12:51:00,1552.95,1553.07,1552.95,1553.07,0.01,5.63,8767.91,1
2026-04-06,2026-04-06 12:52:00,1553.07,1553.18,1553.07,1553.18,0.01,5.63,8767.91,1
2026-04-06,2026-04-06 12:53:00,1553.18,1553.3,1553.18,1553.3,0.01,5.63,8767.91,1
2026-04-06,2026-04-06 12:54:00,1553.3,1553.42,1553.3,1553.42,0.01,5.63,8767.91,1
2026-04-06,2026-04-06 12:55:00,1553.42,1553.53,1553.42,1553.53,0.01,5.63,8767.91,1
2026-04-06,2026-04-06 12:56:00,1553.53,1553.65,1553.53,1553.65,0.01,5.63,8767.91,1
2026-04-06,2026-04-06 12:57:00,1553.65,1553.77,1553.65,1553.77,0.01,5.63,8767.91,1
2026-04-06,2026-04-06 12:58:00,1553.77,1553.88,1553.77,1553.88,0.01,5.63,8767.91,1
2026-04-06,2026-04-06 12:59:00,1553.88,1554.0,1553.88,1554.0,0.01,5.63,8767.91,1
2026-04-06,2026-04-06 13:00:00,1554.0,1574.9,1540.0,1554.12,0.01,5.63,8767.91,1
2026-04-06,2026-04-06 13:01:00,1554.12,1554.23,1554.12,1554.23,0.01,5.63,8767.91,1
2026-04-06,2026-04-06 13:02:00,1554.23,1554.35,1554.23,1554.35,0.01,5.63,8767.91,1
2026-04-06,2026-04-06 13:03:00,1554.35,1554.47,1554.35,1554.47,0.01,5.63,8767.91,1
2026-04-06,2026-04-06 13:04:00,1554.47,1554.58,1554.47,1554.58,0.01,5.63,8767.91,1
2026-04-06,2026-04-06 13:05:00,1554.58,1554.7,1554.58,1554.7,0.01,5.63,8767.91,1
2026-04-06,2026-04-06 13:06:00,1554.7,1554.82,1554.7,1554.82,0.01,5.63,8767.91,1
2026-04-06,2026-04-06 13:07:00,1554.82,1554.93,1554.82,1554.93,0.01,5.63,8767.91,1
2026-04-06,2026-04-06 13:08:00,1554.93,1555.05,1554.93,1555.05,0.01,5.63,8767.91,1
2026-04-06,2026-04-06 13:09:00,1555.05,1555.17,1555.05,1555.17,0.01,5.63,8767.91,1
2026-04-06,2026-04-06 13:10:00,1555.17,1555.28,1555.17,1555.28,0.01,5.63,8767.91,1
2026-04-06,2026-04-06 13:11:00,1555.28,1555.4,1555.28,1555.4,0.01,5.63,8767.91,1
2026-04-06,2026-04-06 13:12:00,1555.4,1555.52,1555.4,1555.52,0.01,5.63,8767.91,1
2026-04-06,2026-04-06 13:13:00,1555.52,1555.63,1555.52,1555.63,0.01,5.63,8767.91,1
2026-04-06,2026-04-06 13:14:00,1555.63,1555.75,1555.63,1555.75,0.01,5.63,8767.91,1
2026-04-06,2026-04-06 13:15:00,1555.75,1555.87,1555.75,1555.87,0.01,5.63,8767.91,1
2026-04-06,2026-04-06 13:16:00,1555.87,1555.98,1555.87,1555.98,0.01,5.63,8767.91,1
2026-04-06,2026-04-06 13:17:00,1555.98,1556.1,1555.98,1556.1,0.01,5.63,8767.91,1
2026-04-06,2026-04-06 13:18:00,1556.1,1556.22,1556.1,1556.22,0.01,5.63,8767.91,1
2026-04-06,2026-04-06 13:19:00,1556.22,1556.33,1556.22,1556.33,0.01,5.63,8767.91,1
2026-04-06,2026-04-06 13:20:00,1556.33,1556.45,1556.33,1556.45,0.01,5.63,8767.91,1
2026-04-06,2026-04-06 13:21:00,1556.45,1556.57,1556.45,1556.57,0.01,5.63,8767.91,1
2026-04-06,2026-04-06 13:22:00,1556.57,1556.68,1556.57,1556.68,0.01,5.63,8767.91,1
2026-04-06,2026-04-06 13:23:00,1556.68,1556.8,1556.68,1556.8,0.01,5.63,8767.91,1
2026-04-06,2026-04-06 13:24:00,1556.8,1556.92,1556.8,1556.92,0.01,5.63,8767.91,1
2026-04-06,2026-04-06 13:25:00,1556.92,1557.03,1556.92,1557.03,0.01,5.63,8767.91,1
2026-04-06,2026-04-06 13:26:00,1557.03,1557.15,1557.03,1557.15,0.01,5.63,8767.91,1
2026-04-06,2026-04-06 13:27:00,1557.15,1557.27,1557.15,1557.27,0.01,5.63,8767.91,1
2026-04-06,2026-04-06 13:28:00,1557.27,1557.38,1557.27,1557.38,0.01,5.63,8767.91,1
2026-04-06,2026-04-06 13:29:00,1557.38,1557.5,1557.38,1557.5,0.01,5.63,8767.91,1
2026-04-06,2026-04-06 13:30:00,1557.5,1557.62,1557.5,1557.62,0.01,5.63,8767.91,1
2026-04-06,2026-04-06 13:31:00,1557.62,1557.73,1557.62,1557.73,0.01,5.63,8767.91,1
2026-04-06,2026-04-06 13:32:00,1557.73,1557.85,1557.73,1557.85,0.01,5.63,8767.91,1
2026-04-06,2026-04-06 13:33:00,1557.85,1557.97,1557.85,1557.97,0.01,5.63,8767.91,1
2026-04-06,2026-04-06 13:34:00,1557.97,1558.08,1557.97,1558.08,0.01,5.63,8767.91,1
2026-04-06,2026-04-06 13:35:00,1558.08,1558.2,1558.08,1558.2,0.01,5.63,8767.91,1
2026-04-06,2026-04-06 13:36:00,1558.2,1558.32,1558.2,1558.32,0.01,5.63,8767.91,1
2026-04-06,2026-04-06 13:37:00,1558.32,1558.43,1558.32,1558.43,0.01,5.63,8767.91,1
2026-04-06,2026-04-06 13:38:00,1558.43,1558.55,1558.43,1558.55,0.01,5.63,8767.91,1
2026-04-06,2026-04-06 13:39:00,1558.55,1558.67,1558.55,1558.67,0.01,5.63,8767.91,1
2026-04-06,2026-04-06 13:40:00,1558.67,1558.78,1558.67,1558.78,0.01,5.63,8767.91,1
2026-04-06,2026-04-06 13:41:00,1558.78,1558.9,1558.78,1558.9,0.01,5.63,8767.91,1
2026-04-06,2026-04-06 13:42:00,1558.9,1559.02,1558.9,1559.02,0.01,5.63,8767.91,1
2026-04-06,2026-04-06 13:43:00,1559.02,1559.13,1559.02,1559.13,0.01,5.63,8767.91,1
2026-04-06,2026-04-06 13:44:00,1559.13,1559.25,1559.13,1559.25,0.01,5.63,8767.91,1
2026-04-06,2026-04-06 13:45:00,1559.25,1559.37,1559.25,1559.37,0.01,5.63,8767.91,1
2026-04-06,2026-04-06 13:46:00,1559.37,1559.48,1559.37,1559.48,0.01,5.63,8767.91,1
2026-04-06,2026-04-06 13:47:00,1559.48,1559.6,1559.48,1559.6,0.01,5.63,8767.91,1
2026-04-06,2026-04-06 13:48:00,1559.6,1559.72,1559.6,1559.72,0.01,5.63,8767.91,1
2026-04-06,2026-04-06 13:49:00,1559.72,1559.83,1559.72,1559.83,0.01,5.63,8767.91,1
2026-04-06,2026-04-06 13:50:00,1559.83,1559.95,1559.83,1559.95,0.01,5.63,8767.91,1
2026-04-06,2026-04-06 13:51:00,1559.95,1560.07,1559.95,1560.07,0.01,5.63,8767.91,1
2026-04-06,2026-04-06 13:52:00,1560.07,1560.18,1560.07,1560.18,0.01,5.63,8767.91,1
2026-04-06,2026-04-06 13:53:00,1560.18,1560.3,1560.18,1560.3,0.01,5.63,8767.91,1
2026-04-06,2026-04-06 13:54:00,1560.3,1560.42,1560.3,1560.42,0.01,5.63,8767.91,1
2026-04-06,2026-04-06 13:55:00,1560.42,1560.53,1560.42,1560.53,0.01,5.63,8767.91,1
2026-04-06,2026-04-06 13:56:00,1560.53,1560.65,1560.53,1560.65,0.01,5.63,8767.91,1
2026-04-06,2026-04-06 13:57:00,1560.65,1560.77,1560.65,1560.77,0.01,5.63,8767.91,1
2026-04-06,2026-04-06 13:58:00,1560.77,1560.88,1560.77,1560.88,0.01,5.63,8767.91,1
2026-04-06,2026-04-06 13:59:00,1560.88,1561.0,1560.88,1561.0,0.01,5.63,8767.91,1
2026-04-06,2026-04-06 14:00:00,1561.0,1561.12,1561.0,1561.12,0.01,5.63,8767.91,1
2026-04-06,2026-04-06 14:01:00,1561.12,1561.23,1561.12,1561.23,0.01,5.63,8767.91,1
2026-04-06,2026-04-06 14:02:00,1561.23,1561.35,1561.23,1561.35,0.01,5.63,8767.91,1
2026-04-06,2026-04-06 14:03:00,1561.35,1561.47,1561.35,1561.47,0.01,5.63,8767.91,1
2026-04-06,2026-04-06 14:04:00,1561.47,1561.58,1561.47,1561.58,0.01,5.63,8767.91,1
2026-04-06,2026-04-06 14:05:00,1561.58,1561.7,1561.58,1561.7,0.01,5.63,8767.91,1
2026-04-06,2026-04-06 14:06:00,1561.7,1561.82,1561.7,1561.82,0.01,5.63,8767.91,1
2026-04-06,2026-04-06 14:07:00,1561.82,1561.93,1561.82,1561.93,0.01,5.63,8767.91,1
2026-04-06,2026-04-06 14:08:00,1561.93,1562.05,1561.93,1562.05,0.01,5.63,8767.91,1
2026-04-06,2026-04-06 14:09:00,1562.05,1562.17,1562.05,1562.17,0.01,5.63,8767.91,1
2026-04-06,2026-04-06 14:10:00,1562.17,1562.28,1562.17,1562.28,0.01,5.63,8767.91,1
2026-04-06,2026-04-06 14:11:00,1562.28,1562.4,1562.28,1562.4,0.01,5.63,8767.91,1
2026-04-06,2026-04-06 14:12:00,1562.4,1562.52,1562.4,1562.52,0.01,5.63,8767.91,1
2026-04-06,2026-04-06 14:13:00,1562.52,1562.63,1562.52,1562.63,0.01,5.63,8767.91,1
2026-04-06,2026-04-06 14:14:00,1562.63,1562.75,1562.63,1562.75,0.01,5.63,8767.91,1
2026-04-06,2026-04-06 14:15:00,1562.75,1562.87,1562.75,1562.87,0.01,5.63,8767.91,1
2026-04-06,2026-04-06 14:16:00,1562.87,1562.98,1562.87,1562.98,0.01,5.63,8767.91,1
2026-04-06,2026-04-06 14:17:00,1562.98,1563.1,1562.98,1563.1,0.01,5.63,8767.91,1
2026-04-06,2026-04-06 14:18:00,1563.1,1563.22,1563.1,1563.22,0.01,5.63,8767.91,1
2026-04-06,2026-04-06 14:19:00,1563.22,1563.33,1563.22,1563.33,0.01,5.63,8767.91,1
2026-04-06,2026-04-06 14:20:00,1563.33,1563.45,1563.33,1563.45,0.01,5.63,8767.91,1
2026-04-06,2026-04-06 14:21:00,1563.45,1563.57,1563.45,1563.57,0.01,5.63,8767.91,1
2026-04-06,2026-04-06 14:22:00,1563.57,1563.68,1563.57,1563.68,0.01,5.63,8767.91,1
2026-04-06,2026-04-06 14:23:00,1563.68,1563.8,1563.68,1563.8,0.01,5.63,8767.91,1
2026-04-06,2026-04-06 14:24:00,1563.8,1563.92,1563.8,1563.92,0.01,5.63,8767.91,1
2026-04-06,2026-04-06 14:25:00,1563.92,1564.03,1563.92,1564.03,0.01,5.63,8767.91,1
2026-04-06,2026-04-06 14:26:00,1564.03,1564.15,1564.03,1564.15,0.01,5.63,8767.91,1
2026-04-06,2026-04-06 14:27:00,1564.15,1564.27,1564.15,1564.27,0.01,5.63,8767.91,1
2026-04-06,2026-04-06 14:28:00,1564.27,1564.38,1564.27,1564.38,0.01,5.63,8767.91,1
2026-04-06,2026-04-06 14:29:00,1564.38,1564.5,1564.38,1564.5,0.01,5.63,8767.91,1
2026-04-06,2026-04-06 14:30:00,1564.5,1564.62,1564.5,1564.62,0.01,5.63,8767.91,1
2026-04-06,2026-04-06 14:31:00,1564.62,1564.73,1564.62,1564.73,0.01,5.63,8767.91,1
2026-04-06,2026-04-06 14:32:00,1564.73,1564.85,1564.73,1564.85,0.01,5.63,8767.91,1
2026-04-06,2026-04-06 14:33:00,1564.85,1564.97,1564.85,1564.97,0.01,5.63,8767.91,1
2026-04-06,2026-04-06 14:34:00,1564.97,1565.08,1564.97,1565.08,0.01,5.63,8767.91,1
2026-04-06,2026-04-06 14:35:00,1565.08,1565.2,1565.08,1565.2,0.01,5.63,8767.91,1
2026-04-06,2026-04-06 14:36:00,1565.2,1565.32,1565.2,1565.32,0.01,5.63,8767.91,1
2026-04-06,2026-04-06 14:37:00,1565.32,1565.43,1565.32,1565.43,0.01,5.63,8767.91,1
2026-04-06,2026-04-06 14:38:00,1565.43,1565.55,1565.43,1565.55,0.01,5.63,8767.91,1
2026-04-06,2026-04-06 14:39:00,1565.55,1565.67,1565.55,1565.67,0.01,5.63,8767.91,1
2026-04-06,2026-04-06 14:40:00,1565.67,1565.78,1565.67,1565.78,0.01,5.63,8767.91,1
2026-04-06,2026-04-06 14:41:00,1565.78,1565.9,1565.78,1565.9,0.01,5.63,8767.91,1
2026-04-06,2026-04-06 14:42:00,1565.9,1566.02,1565.9,1566.02,0.01,5.63,8767.91,1
2026-04-06,2026-04-06 14:43:00,1566.02,1566.13,1566.02,1566.13,0.01,5.63,8767.91,1
2026-04-06,2026-04-06 14:44:00,1566.13,1566.25,1566.13,1566.25,0.01,5.63,8767.91,1
2026-04-06,2026-04-06 14:45:00,1566.25,1566.37,1566.25,1566.37,0.01,5.63,8767.91,1
2026-04-06,2026-04-06 14:46:00,1566.37,1566.48,1566.37,1566.48,0.01,5.63,8767.91,1
2026-04-06,2026-04-06 14:47:00,1566.48,1566.6,1566.48,1566.6,0.01,5.63,8767.91,1
2026-04-06,2026-04-06 14:48:00,1566.6,1566.72,1566.6,1566.72,0.01,5.63,8767.91,1
2026-04-06,2026-04-06 14:49:00,1566.72,1566.83,1566.72,1566.83,0.01,5.63,8767.91,1
2026-04-06,2026-04-06 14:50:00,1566.83,1566.95,1566.83,1566.95,0.01,5.63,8767.91,1
2026-04-06,2026-04-06 14:51:00,1566.95,1567.07,1566.95,1567.07,0.01,5.63,8767.91,1
2026-04-06,2026-04-06 14:52:00,1567.07,1567.18,1567.07,1567.18,0.01,5.63,8767.91,1
2026-04-06,2026-04-06 14:53:00,1567.18,1567.3,1567.18,1567.3,0.01,5.63,8767.91,1
2026-04-06,2026-04-06 14:54:00,1567.3,1567.42,1567.3,1567.42,0.01,5.63,8767.91,1
2026-04-06,2026-04-06 14:55:00,1567.42,1567.53,1567.42,1567.53,0.01,5.63,8767.91,1
2026-04-06,2026-04-06 14:56:00,1567.53,1567.65,1567.53,1567.65,0.01,5.63,8767.91,1
2026-04-06,2026-04-06 14:57:00,1567.65,1567.77,1567.65,1567.77,0.01,5.63,8767.91,1
2026-04-06,2026-04-06 14:58:00,1567.77,1567.88,1567.77,1567.88,0.01,5.63,8767.91,1
2026-04-06,2026-04-06 14:59:00,1567.88,1568.0,1567.88,1568.0,0.01,5.63,8767.91,1
2026-04-06,2026-04-06 15:00:00,1568.0,1574.9,1540.0,1568.0,0.0,5.63,8767.91,0
2026-04-07,2026-04-07 11:00:00,1552.0,1558.84,1548.4,1551.95,-0.0,10.42,16107.95,-1
2026-04-07,2026-04-07 11:01:00,1551.95,1551.95,1551.9,1551.9,-0.0,10.42,16107.95,-1
2026-04-07,2026-04-07 11:02:00,1551.9,1551.9,1551.85,1551.85,-0.0,10.42,16107.95,-1
2026-04-07,2026-04-07 11:03:00,1551.85,1551.85,1551.8,1551.8,-0.0,10.42,16107.95,-1
2026-04-07,2026-04-07 11:04:00,1551.8,1551.8,1551.75,1551.75,-0.0,10.42,16107.95,-1
2026-04-07,2026-04-07 11:05:00,1551.75,1551.75,1551.7,1551.7,-0.0,10.42,16107.95,-1
2026-04-07,2026-04-07 11:06:00,1551.7,1551.7,1551.65,1551.65,-0.0,10.42,16107.95,-1
2026-04-07,2026-04-07 11:07:00,1551.65,1551.65,1551.6,1551.6,-0.0,10.42,16107.95,-1
2026-04-07,2026-04-07 11:08:00,1551.6,1551.6,1551.55,1551.55,-0.0,10.42,16107.95,-1
2026-04-07,2026-04-07 11:09:00,1551.55,1551.55,1551.5,1551.5,-0.0,10.42,16107.95,-1
2026-04-07,2026-04-07 11:10:00,1551.5,1551.5,1551.45,1551.45,-0.0,10.42,16107.95,-1
2026-04-07,2026-04-07 11:11:00,1551.45,1551.45,1551.4,1551.4,-0.0,10.42,16107.95,-1
2026-04-07,2026-04-07 11:12:00,1551.4,1551.4,1551.35,1551.35,-0.0,10.42,16107.95,-1
2026-04-07,2026-04-07 11:13:00,1551.35,1551.35,1551.3,1551.3,-0.0,10.42,16107.95,-1
2026-04-07,2026-04-07 11:14:00,1551.3,1551.3,1551.25,1551.25,-0.0,10.42,16107.95,-1
2026-04-07,2026-04-07 11:15:00,1551.25,1551.25,1551.2,1551.2,-0.0,10.42,16107.95,-1
2026-04-07,2026-04-07 11:16:00,1551.2,1551.2,1551.15,1551.15,-0.0,10.42,16107.95,-1
2026-04-07,2026-04-07 11:17:00,1551.15,1551.15,1551.1,1551.1,-0.0,10.42,16107.95,-1
2026-04-07,2026-04-07 11:18:00,1551.1,1551.1,1551.05,1551.05,-0.0,10.42,16107.95,-1
2026-04-07,2026-04-07 11:19:00,1551.05,1551.05,1551.0,1551.0,-0.0,10.42,16107.95,-1
2026-04-07,2026-04-07 11:20:00,1551.0,1551.0,1550.95,1550.95,-0.0,10.42,16107.95,-1
2026-04-07,2026-04-07 11:21:00,1550.95,1550.95,1550.9,1550.9,-0.0,10.42,16107.95,-1
2026-04-07,2026-04-07 11:22:00,1550.9,1550.9,1550.85,1550.85,-0.0,10.42,16107.95,-1
2026-04-07,2026-04-07 11:23:00,1550.85,1550.85,1550.8,1550.8,-0.0,10.42,16107.95,-1
2026-04-07,2026-04-07 11:24:00,1550.8,1550.8,1550.75,1550.75,-0.0,10.42,16107.95,-1
2026-04-07,2026-04-07 11:25:00,1550.75,1550.75,1550.7,1550.7,-0.0,10.42,16107.95,-1
2026-04-07,2026-04-07 11:26:00,1550.7,1550.7,1550.65,1550.65,-0.0,10.42,16107.95,-1
2026-04-07,2026-04-07 11:27:00,1550.65,1550.65,1550.6,1550.6,-0.0,10.42,16107.95,-1
2026-04-07,2026-04-07 11:28:00,1550.6,1550.6,1550.55,1550.55,-0.0,10.42,16107.95,-1
2026-04-07,2026-04-07 11:29:00,1550.55,1550.55,1550.5,1550.5,-0.0,10.42,16107.95,-1
2026-04-07,2026-04-07 11:30:00,1550.5,1550.5,1550.45,1550.45,-0.0,10.42,16107.95,-1
2026-04-07,2026-04-07 11:31:00,1550.45,1550.45,1550.4,1550.4,-0.0,10.42,16107.95,-1
2026-04-07,2026-04-07 11:32:00,1550.4,1550.4,1550.35,1550.35,-0.0,10.42,16107.95,-1
2026-04-07,2026-04-07 11:33:00,1550.35,1550.35,1550.3,1550.3,-0.0,10.42,16107.95,-1
2026-04-07,2026-04-07 11:34:00,1550.3,1550.3,1550.25,1550.25,-0.0,10.42,16107.95,-1
2026-04-07,2026-04-07 11:35:00,1550.25,1550.25,1550.2,1550.2,-0.0,10.42,16107.95,-1
2026-04-07,2026-04-07 11:36:00,1550.2,1550.2,1550.15,1550.15,-0.0,10.42,16107.95,-1
2026-04-07,2026-04-07 11:37:00,1550.15,1550.15,1550.1,1550.1,-0.0,10.42,16107.95,-1
2026-04-07,2026-04-07 11:38:00,1550.1,1550.1,1550.05,1550.05,-0.0,10.42,16107.95,-1
2026-04-07,2026-04-07 11:39:00,1550.05,1550.05,1550.0,1550.0,-0.0,10.42,16107.95,-1
2026-04-07,2026-04-07 11:40:00,1550.0,1550.0,1549.95,1549.95,-0.0,10.42,16107.95,-1
2026-04-07,2026-04-07 11:41:00,1549.95,1549.95,1549.9,1549.9,-0.0,10.42,16107.95,-1
2026-04-07,2026-04-07 11:42:00,1549.9,1549.9,1549.85,1549.85,-0.0,10.42,16107.95,-1
2026-04-07,2026-04-07 11:43:00,1549.85,1549.85,1549.8,1549.8,-0.0,10.42,16107.95,-1
2026-04-07,2026-04-07 11:44:00,1549.8,1549.8,1549.75,1549.75,-0.0,10.42,16107.95,-1
2026-04-07,2026-04-07 11:45:00,1549.75,1549.75,1549.7,1549.7,-0.0,10.42,16107.95,-1
2026-04-07,2026-04-07 11:46:00,1549.7,1549.7,1549.65,1549.65,-0.0,10.42,16107.95,-1
2026-04-07,2026-04-07 11:47:00,1549.65,1549.65,1549.6,1549.6,-0.0,10.42,16107.95,-1
2026-04-07,2026-04-07 11:48:00,1549.6,1549.6,1549.55,1549.55,-0.0,10.42,16107.95,-1
2026-04-07,2026-04-07 11:49:00,1549.55,1549.55,1549.5,1549.5,-0.0,10.42,16107.95,-1
2026-04-07,2026-04-07 11:50:00,1549.5,1549.5,1549.45,1549.45,-0.0,10.42,16107.95,-1
2026-04-07,2026-04-07 11:51:00,1549.45,1549.45,1549.4,1549.4,-0.0,10.42,16107.95,-1
2026-04-07,2026-04-07 11:52:00,1549.4,1549.4,1549.35,1549.35,-0.0,10.42,16107.95,-1
2026-04-07,2026-04-07 11:53:00,1549.35,1549.35,1549.3,1549.3,-0.0,10.42,16107.95,-1
2026-04-07,2026-04-07 11:54:00,1549.3,1549.3,1549.25,1549.25,-0.0,10.42,16107.95,-1
2026-04-07,2026-04-07 11:55:00,1549.25,1549.25,1549.2,1549.2,-0.0,10.42,16107.95,-1
2026-04-07,2026-04-07 11:56:00,1549.2,1549.2,1549.15,1549.15,-0.0,10.42,16107.95,-1
2026-04-07,2026-04-07 11:57:00,1549.15,1549.15,1549.1,1549.1,-0.0,10.42,16107.95,-1
2026-04-07,2026-04-07 11:58:00,1549.1,1549.1,1549.05,1549.05,-0.0,10.42,16107.95,-1
2026-04-07,2026-04-07 11:59:00,1549.05,1549.05,1549.0,1549.0,-0.0,10.42,16107.95,-1
2026-04-07,2026-04-07 12:00:00,1549.0,1549.0,1548.95,1548.95,-0.0,10.42,16107.95,-1
2026-04-07,2026-04-07 12:01:00,1548.95,1548.95,1548.9,1548.9,-0.0,10.42,16107.95,-1
2026-04-07,2026-04-07 12:02:00,1548.9,1548.9,1548.85,1548.85,-0.0,10.42,16107.95,-1
2026-04-07,2026-04-07 12:03:00,1548.85,1548.85,1548.8,1548.8,-0.0,10.42,16107.95,-1
2026-04-07,2026-04-07 12:04:00,1548.8,1548.8,1548.75,1548.75,-0.0,10.42,16107.95,-1
2026-04-07,2026-04-07 12:05:00,1548.75,1548.75,1548.7,1548.7,-0.0,10.42,16107.95,-1
2026-04-07,2026-04-07 12:06:00,1548.7,1548.7,1548.65,1548.65,-0.0,10.42,16107.95,-1
2026-04-07,2026-04-07 12:07:00,1548.65,1548.65,1548.6,1548.6,-0.0,10.42,16107.95,-1
2026-04-07,2026-04-07 12:08:00,1548.6,1548.6,1548.55,1548.55,-0.0,10.42,16107.95,-1
2026-04-07,2026-04-07 12:09:00,1548.55,1548.55,1548.5,1548.5,-0.0,10.42,16107.95,-1
2026-04-07,2026-04-07 12:10:00,1548.5,1548.5,1548.45,1548.45,-0.0,10.42,16107.95,-1
2026-04-07,2026-04-07 12:11:00,1548.45,1548.45,1548.4,1548.4,-0.0,10.42,16107.95,-1
2026-04-07,2026-04-07 12:12:00,1548.4,1548.4,1548.35,1548.35,-0.0,10.42,16107.95,-1
2026-04-07,2026-04-07 12:13:00,1548.35,1548.35,1548.3,1548.3,-0.0,10.42,16107.95,-1
2026-04-07,2026-04-07 12:14:00,1548.3,1548.3,1548.25,1548.25,-0.0,10.42,16107.95,-1
2026-04-07,2026-04-07 12:15:00,1548.25,1548.25,1548.2,1548.2,-0.0,10.42,16107.95,-1
2026-04-07,2026-04-07 12:16:00,1548.2,1548.2,1548.15,1548.15,-0.0,10.42,16107.95,-1
2026-04-07,2026-04-07 12:17:00,1548.15,1548.15,1548.1,1548.1,-0.0,10.42,16107.95,-1
2026-04-07,2026-04-07 12:18:00,1548.1,1548.1,1548.05,1548.05,-0.0,10.42,16107.95,-1
2026-04-07,2026-04-07 12:19:00,1548.05,1548.05,1548.0,1548.0,-0.0,10.42,16107.95,-1
2026-04-07,2026-04-07 12:20:00,1548.0,1548.0,1547.95,1547.95,-0.0,10.42,16107.95,-1
2026-04-07,2026-04-07 12:21:00,1547.95,1547.95,1547.9,1547.9,-0.0,10.42,16107.95,-1
2026-04-07,2026-04-07 12:22:00,1547.9,1547.9,1547.85,1547.85,-0.0,10.42,16107.95,-1
2026-04-07,2026-04-07 12:23:00,1547.85,1547.85,1547.8,1547.8,-0.0,10.42,16107.95,-1
2026-04-07,2026-04-07 12:24:00,1547.8,1547.8,1547.75,1547.75,-0.0,10.42,16107.95,-1
2026-04-07,2026-04-07 12:25:00,1547.75,1547.75,1547.7,1547.7,-0.0,10.42,16107.95,-1
2026-04-07,2026-04-07 12:26:00,1547.7,1547.7,1547.65,1547.65,-0.0,10.42,16107.95,-1
2026-04-07,2026-04-07 12:27:00,1547.65,1547.65,1547.6,1547.6,-0.0,10.42,16107.95,-1
2026-04-07,2026-04-07 12:28:00,1547.6,1547.6,1547.55,1547.55,-0.0,10.42,16107.95,-1
2026-04-07,2026-04-07 12:29:00,1547.55,1547.55,1547.5,1547.5,-0.0,10.42,16107.95,-1
2026-04-07,2026-04-07 12:30:00,1547.5,1547.5,1547.45,1547.45,-0.0,10.42,16107.95,-1
2026-04-07,2026-04-07 12:31:00,1547.45,1547.45,1547.4,1547.4,-0.0,10.42,16107.95,-1
2026-04-07,2026-04-07 12:32:00,1547.4,1547.4,1547.35,1547.35,-0.0,10.42,16107.95,-1
2026-04-07,2026-04-07 12:33:00,1547.35,1547.35,1547.3,1547.3,-0.0,10.42,16107.95,-1
2026-04-07,2026-04-07 12:34:00,1547.3,1547.3,1547.25,1547.25,-0.0,10.42,16107.95,-1
2026-04-07,2026-04-07 12:35:00,1547.25,1547.25,1547.2,1547.2,-0.0,10.42,16107.95,-1
2026-04-07,2026-04-07 12:36:00,1547.2,1547.2,1547.15,1547.15,-0.0,10.42,16107.95,-1
2026-04-07,2026-04-07 12:37:00,1547.15,1547.15,1547.1,1547.1,-0.0,10.42,16107.95,-1
2026-04-07,2026-04-07 12:38:00,1547.1,1547.1,1547.05,1547.05,-0.0,10.42,16107.95,-1
2026-04-07,2026-04-07 12:39:00,1547.05,1547.05,1547.0,1547.0,-0.0,10.42,16107.95,-1
2026-04-07,2026-04-07 12:40:00,1547.0,1547.0,1546.95,1546.95,-0.0,10.42,16107.95,-1
2026-04-07,2026-04-07 12:41:00,1546.95,1546.95,1546.9,1546.9,-0.0,10.42,16107.95,-1
2026-04-07,2026-04-07 12:42:00,1546.9,1546.9,1546.85,1546.85,-0.0,10.42,16107.95,-1
2026-04-07,2026-04-07 12:43:00,1546.85,1546.85,1546.8,1546.8,-0.0,10.42,16107.95,-1
2026-04-07,2026-04-07 12:44:00,1546.8,1546.8,1546.75,1546.75,-0.0,10.42,16107.95,-1
2026-04-07,2026-04-07 12:45:00,1546.75,1546.75,1546.7,1546.7,-0.0,10.42,16107.95,-1
2026-04-07,2026-04-07 12:46:00,1546.7,1546.7,1546.65,1546.65,-0.0,10.42,16107.95,-1
2026-04-07,2026-04-07 12:47:00,1546.65,1546.65,1546.6,1546.6,-0.0,10.42,16107.95,-1
2026-04-07,2026-04-07 12:48:00,1546.6,1546.6,1546.55,1546.55,-0.0,10.42,16107.95,-1
2026-04-07,2026-04-07 12:49:00,1546.55,1546.55,1546.5,1546.5,-0.0,10.42,16107.95,-1
2026-04-07,2026-04-07 12:50:00,1546.5,1546.5,1546.45,1546.45,-0.0,10.42,16107.95,-1
2026-04-07,2026-04-07 12:51:00,1546.45,1546.45,1546.4,1546.4,-0.0,10.42,16107.95,-1
2026-04-07,2026-04-07 12:52:00,1546.4,1546.4,1546.35,1546.35,-0.0,10.42,16107.95,-1
2026-04-07,2026-04-07 12:53:00,1546.35,1546.35,1546.3,1546.3,-0.0,10.42,16107.95,-1
2026-04-07,2026-04-07 12:54:00,1546.3,1546.3,1546.25,1546.25,-0.0,10.42,16107.95,-1
2026-04-07,2026-04-07 12:55:00,1546.25,1546.25,1546.2,1546.2,-0.0,10.42,16107.95,-1
2026-04-07,2026-04-07 12:56:00,1546.2,1546.2,1546.15,1546.15,-0.0,10.42,16107.95,-1
2026-04-07,2026-04-07 12:57:00,1546.15,1546.15,1546.1,1546.1,-0.0,10.42,16107.95,-1
2026-04-07,2026-04-07 12:58:00,1546.1,1546.1,1546.05,1546.05,-0.0,10.42,16107.95,-1
2026-04-07,2026-04-07 12:59:00,1546.05,1546.05,1546.0,1546.0,-0.0,10.42,16107.95,-1
2026-04-07,2026-04-07 13:00:00,1546.0,1574.8,1540.0,1545.95,-0.0,10.42,16107.95,-1
2026-04-07,2026-04-07 13:01:00,1545.95,1545.95,1545.9,1545.9,-0.0,10.42,16107.95,-1
2026-04-07,2026-04-07 13:02:00,1545.9,1545.9,1545.85,1545.85,-0.0,10.42,16107.95,-1
2026-04-07,2026-04-07 13:03:00,1545.85,1545.85,1545.8,1545.8,-0.0,10.42,16107.95,-1
2026-04-07,2026-04-07 13:04:00,1545.8,1545.8,1545.75,1545.75,-0.0,10.42,16107.95,-1
2026-04-07,2026-04-07 13:05:00,1545.75,1545.75,1545.7,1545.7,-0.0,10.42,16107.95,-1
2026-04-07,2026-04-07 13:06:00,1545.7,1545.7,1545.65,1545.65,-0.0,10.42,16107.95,-1
2026-04-07,2026-04-07 13:07:00,1545.65,1545.65,1545.6,1545.6,-0.0,10.42,16107.95,-1
2026-04-07,2026-04-07 13:08:00,1545.6,1545.6,1545.55,1545.55,-0.0,10.42,16107.95,-1
2026-04-07,2026-04-07 13:09:00,1545.55,1545.55,1545.5,1545.5,-0.0,10.42,16107.95,-1
2026-04-07,2026-04-07 13:10:00,1545.5,1545.5,1545.45,1545.45,-0.0,10.42,16107.95,-1
2026-04-07,2026-04-07 13:11:00,1545.45,1545.45,1545.4,1545.4,-0.0,10.42,16107.95,-1
2026-04-07,2026-04-07 13:12:00,1545.4,1545.4,1545.35,1545.35,-0.0,10.42,16107.95,-1
2026-04-07,2026-04-07 13:13:00,1545.35,1545.35,1545.3,1545.3,-0.0,10.42,16107.95,-1
2026-04-07,2026-04-07 13:14:00,1545.3,1545.3,1545.25,1545.25,-0.0,10.42,16107.95,-1
2026-04-07,2026-04-07 13:15:00,1545.25,1545.25,1545.2,1545.2,-0.0,10.42,16107.95,-1
2026-04-07,2026-04-07 13:16:00,1545.2,1545.2,1545.15,1545.15,-0.0,10.42,16107.95,-1
2026-04-07,2026-04-07 13:17:00,1545.15,1545.15,1545.1,1545.1,-0.0,10.42,16107.95,-1
2026-04-07,2026-04-07 13:18:00,1545.1,1545.1,1545.05,1545.05,-0.0,10.42,16107.95,-1
2026-04-07,2026-04-07 13:19:00,1545.05,1545.05,1545.0,1545.0,-0.0,10.42,16107.95,-1
2026-04-07,2026-04-07 13:20:00,1545.0,1545.0,1544.95,1544.95,-0.0,10.42,16107.95,-1
2026-04-07,2026-04-07 13:21:00,1544.95,1544.95,1544.9,1544.9,-0.0,10.42,16107.95,-1
2026-04-07,2026-04-07 13:22:00,1544.9,1544.9,1544.85,1544.85,-0.0,10.42,16107.95,-1
2026-04-07,2026-04-07 13:23:00,1544.85,1544.85,1544.8,1544.8,-0.0,10.42,16107.95,-1
2026-04-07,2026-04-07 13:24:00,1544.8,1544.8,1544.75,1544.75,-0.0,10.42,16107.95,-1
2026-04-07,2026-04-07 13:25:00,1544.75,1544.75,1544.7,1544.7,-0.0,10.42,16107.95,-1
2026-04-07,2026-04-07 13:26:00,1544.7,1544.7,1544.65,1544.65,-0.0,10.42,16107.95,-1
2026-04-07,2026-04-07 13:27:00,1544.65,1544.65,1544.6,1544.6,-0.0,10.42,16107.95,-1
2026-04-07,2026-04-07 13:28:00,1544.6,1544.6,1544.55,1544.55,-0.0,10.42,16107.95,-1
2026-04-07,2026-04-07 13:29:00,1544.55,1544.55,1544.5,1544.5,-0.0,10.42,16107.95,-1
2026-04-07,2026-04-07 13:30:00,1544.5,1544.5,1544.45,1544.45,-0.0,10.42,16107.95,-1
2026-04-07,2026-04-07 13:31:00,1544.45,1544.45,1544.4,1544.4,-0.0,10.42,16107.95,-1
2026-04-07,2026-04-07 13:32:00,1544.4,1544.4,1544.35,1544.35,-0.0,10.42,16107.95,-1
2026-04-07,2026-04-07 13:33:00,1544.35,1544.35,1544.3,1544.3,-0.0,10.42,16107.95,-1
2026-04-07,2026-04-07 13:34:00,1544.3,1544.3,1544.25,1544.25,-0.0,10.42,16107.95,-1
2026-04-07,2026-04-07 13:35:00,1544.25,1544.25,1544.2,1544.2,-0.0,10.42,16107.95,-1
2026-04-07,2026-04-07 13:36:00,1544.2,1544.2,1544.15,1544.15,-0.0,10.42,16107.95,-1
2026-04-07,2026-04-07 13:37:00,1544.15,1544.15,1544.1,1544.1,-0.0,10.42,16107.95,-1
2026-04-07,2026-04-07 13:38:00,1544.1,1544.1,1544.05,1544.05,-0.0,10.42,16107.95,-1
2026-04-07,2026-04-07 13:39:00,1544.05,1544.05,1544.0,1544.0,-0.0,10.42,16107.95,-1
2026-04-07,2026-04-07 13:40:00,1544.0,1544.0,1543.95,1543.95,-0.0,10.42,16107.95,-1
2026-04-07,2026-04-07 13:41:00,1543.95,1543.95,1543.9,1543.9,-0.0,10.42,16107.95,-1
2026-04-07,2026-04-07 13:42:00,1543.9,1543.9,1543.85,1543.85,-0.0,10.42,16107.95,-1
2026-04-07,2026-04-07 13:43:00,1543.85,1543.85,1543.8,1543.8,-0.0,10.42,16107.95,-1
2026-04-07,2026-04-07 13:44:00,1543.8,1543.8,1543.75,1543.75,-0.0,10.42,16107.95,-1
2026-04-07,2026-04-07 13:45:00,1543.75,1543.75,1543.7,1543.7,-0.0,10.42,16107.95,-1
2026-04-07,2026-04-07 13:46:00,1543.7,1543.7,1543.65,1543.65,-0.0,10.42,16107.95,-1
2026-04-07,2026-04-07 13:47:00,1543.65,1543.65,1543.6,1543.6,-0.0,10.42,16107.95,-1
2026-04-07,2026-04-07 13:48:00,1543.6,1543.6,1543.55,1543.55,-0.0,10.42,16107.95,-1
2026-04-07,2026-04-07 13:49:00,1543.55,1543.55,1543.5,1543.5,-0.0,10.42,16107.95,-1
2026-04-07,2026-04-07 13:50:00,1543.5,1543.5,1543.45,1543.45,-0.0,10.42,16107.95,-1
2026-04-07,2026-04-07 13:51:00,1543.45,1543.45,1543.4,1543.4,-0.0,10.42,16107.95,-1
2026-04-07,2026-04-07 13:52:00,1543.4,1543.4,1543.35,1543.35,-0.0,10.42,16107.95,-1
2026-04-07,2026-04-07 13:53:00,1543.35,1543.35,1543.3,1543.3,-0.0,10.42,16107.95,-1
2026-04-07,2026-04-07 13:54:00,1543.3,1543.3,1543.25,1543.25,-0.0,10.42,16107.95,-1
2026-04-07,2026-04-07 13:55:00,1543.25,1543.25,1543.2,1543.2,-0.0,10.42,16107.95,-1
2026-04-07,2026-04-07 13:56:00,1543.2,1543.2,1543.15,1543.15,-0.0,10.42,16107.95,-1
2026-04-07,2026-04-07 13:57:00,1543.15,1543.15,1543.1,1543.1,-0.0,10.42,16107.95,-1
2026-04-07,2026-04-07 13:58:00,1543.1,1543.1,1543.05,1543.05,-0.0,10.42,16107.95,-1
2026-04-07,2026-04-07 13:59:00,1543.05,1543.05,1543.0,1543.0,-0.0,10.42,16107.95,-1
2026-04-07,2026-04-07 14:00:00,1543.0,1543.0,1542.95,1542.95,-0.0,10.42,16107.95,-1
2026-04-07,2026-04-07 14:01:00,1542.95,1542.95,1542.9,1542.9,-0.0,10.42,16107.95,-1
2026-04-07,2026-04-07 14:02:00,1542.9,1542.9,1542.85,1542.85,-0.0,10.42,16107.95,-1
2026-04-07,2026-04-07 14:03:00,1542.85,1542.85,1542.8,1542.8,-0.0,10.42,16107.95,-1
2026-04-07,2026-04-07 14:04:00,1542.8,1542.8,1542.75,1542.75,-0.0,10.42,16107.95,-1
2026-04-07,2026-04-07 14:05:00,1542.75,1542.75,1542.7,1542.7,-0.0,10.42,16107.95,-1
2026-04-07,2026-04-07 14:06:00,1542.7,1542.7,1542.65,1542.65,-0.0,10.42,16107.95,-1
2026-04-07,2026-04-07 14:07:00,1542.65,1542.65,1542.6,1542.6,-0.0,10.42,16107.95,-1
2026-04-07,2026-04-07 14:08:00,1542.6,1542.6,1542.55,1542.55,-0.0,10.42,16107.95,-1
2026-04-07,2026-04-07 14:09:00,1542.55,1542.55,1542.5,1542.5,-0.0,10.42,16107.95,-1
2026-04-07,2026-04-07 14:10:00,1542.5,1542.5,1542.45,1542.45,-0.0,10.42,16107.95,-1
2026-04-07,2026-04-07 14:11:00,1542.45,1542.45,1542.4,1542.4,-0.0,10.42,16107.95,-1
2026-04-07,2026-04-07 14:12:00,1542.4,1542.4,1542.35,1542.35,-0.0,10.42,16107.95,-1
2026-04-07,2026-04-07 14:13:00,1542.35,1542.35,1542.3,1542.3,-0.0,10.42,16107.95,-1
2026-04-07,2026-04-07 14:14:00,1542.3,1542.3,1542.25,1542.25,-0.0,10.42,16107.95,-1
2026-04-07,2026-04-07 14:15:00,1542.25,1542.25,1542.2,1542.2,-0.0,10.42,16107.95,-1
2026-04-07,2026-04-07 14:16:00,1542.2,1542.2,1542.15,1542.15,-0.0,10.42,16107.95,-1
2026-04-07,2026-04-07 14:17:00,1542.15,1542.15,1542.1,1542.1,-0.0,10.42,16107.95,-1
2026-04-07,2026-04-07 14:18:00,1542.1,1542.1,1542.05,1542.05,-0.0,10.42,16107.95,-1
2026-04-07,2026-04-07 14:19:00,1542.05,1542.05,1542.0,1542.0,-0.0,10.42,16107.95,-1
2026-04-07,2026-04-07 14:20:00,1542.0,1542.0,1541.95,1541.95,-0.0,10.42,16107.95,-1
2026-04-07,2026-04-07 14:21:00,1541.95,1541.95,1541.9,1541.9,-0.0,10.42,16107.95,-1
2026-04-07,2026-04-07 14:22:00,1541.9,1541.9,1541.85,1541.85,-0.0,10.42,16107.95,-1
2026-04-07,2026-04-07 14:23:00,1541.85,1541.85,1541.8,1541.8,-0.0,10.42,16107.95,-1
2026-04-07,2026-04-07 14:24:00,1541.8,1541.8,1541.75,1541.75,-0.0,10.42,16107.95,-1
2026-04-07,2026-04-07 14:25:00,1541.75,1541.75,1541.7,1541.7,-0.0,10.42,16107.95,-1
2026-04-07,2026-04-07 14:26:00,1541.7,1541.7,1541.65,1541.65,-0.0,10.42,16107.95,-1
2026-04-07,2026-04-07 14:27:00,1541.65,1541.65,1541.6,1541.6,-0.0,10.42,16107.95,-1
2026-04-07,2026-04-07 14:28:00,1541.6,1541.6,1541.55,1541.55,-0.0,10.42,16107.95,-1
2026-04-07,2026-04-07 14:29:00,1541.55,1541.55,1541.5,1541.5,-0.0,10.42,16107.95,-1
2026-04-07,2026-04-07 14:30:00,1541.5,1541.5,1541.45,1541.45,-0.0,10.42,16107.95,-1
2026-04-07,2026-04-07 14:31:00,1541.45,1541.45,1541.4,1541.4,-0.0,10.42,16107.95,-1
2026-04-07,2026-04-07 14:32:00,1541.4,1541.4,1541.35,1541.35,-0.0,10.42,16107.95,-1
2026-04-07,2026-04-07 14:33:00,1541.35,1541.35,1541.3,1541.3,-0.0,10.42,16107.95,-1
2026-04-07,2026-04-07 14:34:00,1541.3,1541.3,1541.25,1541.25,-0.0,10.42,16107.95,-1
2026-04-07,2026-04-07 14:35:00,1541.25,1541.25,1541.2,1541.2,-0.0,10.42,16107.95,-1
2026-04-07,2026-04-07 14:36:00,1541.2,1541.2,1541.15,1541.15,-0.0,10.42,16107.95,-1
2026-04-07,2026-04-07 14:37:00,1541.15,1541.15,1541.1,1541.1,-0.0,10.42,16107.95,-1
2026-04-07,2026-04-07 14:38:00,1541.1,1541.1,1541.05,1541.05,-0.0,10.42,16107.95,-1
2026-04-07,2026-04-07 14:39:00,1541.05,1541.05,1541.0,1541.0,-0.0,10.42,16107.95,-1
2026-04-07,2026-04-07 14:40:00,1541.0,1541.0,1540.95,1540.95,-0.0,10.42,16107.95,-1
2026-04-07,2026-04-07 14:41:00,1540.95,1540.95,1540.9,1540.9,-0.0,10.42,16107.95,-1
2026-04-07,2026-04-07 14:42:00,1540.9,1540.9,1540.85,1540.85,-0.0,10.42,16107.95,-1
2026-04-07,2026-04-07 14:43:00,1540.85,1540.85,1540.8,1540.8,-0.0,10.42,16107.95,-1
2026-04-07,2026-04-07 14:44:00,1540.8,1540.8,1540.75,1540.75,-0.0,10.42,16107.95,-1
2026-04-07,2026-04-07 14:45:00,1540.75,1540.75,1540.7,1540.7,-0.0,10.42,16107.95,-1
2026-04-07,2026-04-07 14:46:00,1540.7,1540.7,1540.65,1540.65,-0.0,10.42,16107.95,-1
2026-04-07,2026-04-07 14:47:00,1540.65,1540.65,1540.6,1540.6,-0.0,10.42,16107.95,-1
2026-04-07,2026-04-07 14:48:00,1540.6,1540.6,1540.55,1540.55,-0.0,10.42,16107.95,-1
2026-04-07,2026-04-07 14:49:00,1540.55,1540.55,1540.5,1540.5,-0.0,10.42,16107.95,-1
2026-04-07,2026-04-07 14:50:00,1540.5,1540.5,1540.45,1540.45,-0.0,10.42,16107.95,-1
2026-04-07,2026-04-07 14:51:00,1540.45,1540.45,1540.4,1540.4,-0.0,10.42,16107.95,-1
2026-04-07,2026-04-07 14:52:00,1540.4,1540.4,1540.35,1540.35,-0.0,10.42,16107.95,-1
2026-04-07,2026-04-07 14:53:00,1540.35,1540.35,1540.3,1540.3,-0.0,10.42,16107.95,-1
2026-04-07,2026-04-07 14:54:00,1540.3,1540.3,1540.25,1540.25,-0.0,10.42,16107.95,-1
2026-04-07,2026-04-07 14:55:00,1540.25,1540.25,1540.2,1540.2,-0.0,10.42,16107.95,-1
2026-04-07,2026-04-07 14:56:00,1540.2,1540.2,1540.15,1540.15,-0.0,10.42,16107.95,-1
2026-04-07,2026-04-07 14:57:00,1540.15,1540.15,1540.1,1540.1,-0.0,10.42,16107.95,-1
2026-04-07,2026-04-07 14:58:00,1540.1,1540.1,1540.05,1540.05,-0.0,10.42,16107.95,-1
2026-04-07,2026-04-07 14:59:00,1540.05,1540.05,1540.0,1540.0,-0.0,10.42,16107.95,-1
2026-04-07,2026-04-07 15:00:00,1540.0,1574.8,1540.0,1540.0,0.0,10.42,16107.95,0
2026-04-08,2026-04-08 11:00:00,1551.0,1555.2,1546.53,1551.03,0.0,7.15,11033.03,1
2026-04-08,2026-04-08 11:01:00,1551.03,1551.06,1551.03,1551.06,0.0,7.15,11033.03,1
2026-04-08,2026-04-08 11:02:00,1551.06,1551.09,1551.06,1551.09,0.0,7.15,11033.03,1
2026-04-08,2026-04-08 11:03:00,1551.09,1551.12,1551.09,1551.12,0.0,7.15,11033.03,1
2026-04-08,2026-04-08 11:04:00,1551.12,1551.15,1551.12,1551.15,0.0,7.15,11033.03,1
2026-04-08,2026-04-08 11:05:00,1551.15,1551.17,1551.15,1551.17,0.0,7.15,11033.03,1
2026-04-08,2026-04-08 11:06:00,1551.17,1551.2,1551.17,1551.2,0.0,7.15,11033.03,1
2026-04-08,2026-04-08 11:07:00,1551.2,1551.23,1551.2,1551.23,0.0,7.15,11033.03,1
2026-04-08,2026-04-08 11:08:00,1551.23,1551.26,1551.23,1551.26,0.0,7.15,11033.03,1
2026-04-08,2026-04-08 11:09:00,1551.26,1551.29,1551.26,1551.29,0.0,7.15,11033.03,1
2026-04-08,2026-04-08 11:10:00,1551.29,1551.32,1551.29,1551.32,0.0,7.15,11033.03,1
2026-04-08,2026-04-08 11:11:00,1551.32,1551.35,1551.32,1551.35,0.0,7.15,11033.03,1
2026-04-08,2026-04-08 11:12:00,1551.35,1551.38,1551.35,1551.38,0.0,7.15,11033.03,1
2026-04-08,2026-04-08 11:13:00,1551.38,1551.41,1551.38,1551.41,0.0,7.15,11033.03,1
2026-04-08,2026-04-08 11:14:00,1551.41,1551.44,1551.41,1551.44,0.0,7.15,11033.03,1
2026-04-08,2026-04-08 11:15:00,1551.44,1551.47,1551.44,1551.47,0.0,7.15,11033.03,1
2026-04-08,2026-04-08 11:16:00,1551.47,1551.5,1551.47,1551.5,0.0,7.15,11033.03,1
2026-04-08,2026-04-08 11:17:00,1551.5,1551.53,1551.5,1551.53,0.0,7.15,11033.03,1
2026-04-08,2026-04-08 11:18:00,1551.53,1551.55,1551.53,1551.55,0.0,7.15,11033.03,1
2026-04-08,2026-04-08 11:19:00,1551.55,1551.58,1551.55,1551.58,0.0,7.15,11033.03,1
2026-04-08,2026-04-08 11:20:00,1551.58,1551.61,1551.58,1551.61,0.0,7.15,11033.03,1
2026-04-08,2026-04-08 11:21:00,1551.61,1551.64,1551.61,1551.64,0.0,7.15,11033.03,1
2026-04-08,2026-04-08 11:22:00,1551.64,1551.67,1551.64,1551.67,0.0,7.15,11033.03,1
2026-04-08,2026-04-08 11:23:00,1551.67,1551.7,1551.67,1551.7,0.0,7.15,11033.03,1
2026-04-08,2026-04-08 11:24:00,1551.7,1551.73,1551.7,1551.73,0.0,7.15,11033.03,1
2026-04-08,2026-04-08 11:25:00,1551.73,1551.76,1551.73,1551.76,0.0,7.15,11033.03,1
2026-04-08,2026-04-08 11:26:00,1551.76,1551.79,1551.76,1551.79,0.0,7.15,11033.03,1
2026-04-08,2026-04-08 11:27:00,1551.79,1551.82,1551.79,1551.82,0.0,7.15,11033.03,1
2026-04-08,2026-04-08 11:28:00,1551.82,1551.85,1551.82,1551.85,0.0,7.15,11033.03,1
2026-04-08,2026-04-08 11:29:00,1551.85,1551.88,1551.85,1551.88,0.0,7.15,11033.03,1
2026-04-08,2026-04-08 11:30:00,1551.88,1551.9,1551.88,1551.9,0.0,7.15,11033.03,1
2026-04-08,2026-04-08 11:31:00,1551.9,1551.93,1551.9,1551.93,0.0,7.15,11033.03,1
2026-04-08,2026-04-08 11:32:00,1551.93,1551.96,1551.93,1551.96,0.0,7.15,11033.03,1
2026-04-08,2026-04-08 11:33:00,1551.96,1551.99,1551.96,1551.99,0.0,7.15,11033.03,1
2026-04-08,2026-04-08 11:34:00,1551.99,1552.02,1551.99,1552.02,0.0,7.15,11033.03,1
2026-04-08,2026-04-08 11:35:00,1552.02,1552.05,1552.02,1552.05,0.0,7.15,11033.03,1
2026-04-08,2026-04-08 11:36:00,1552.05,1552.08,1552.05,1552.08,0.0,7.15,11033.03,1
2026-04-08,2026-04-08 11:37:00,1552.08,1552.11,1552.08,1552.11,0.0,7.15,11033.03,1
2026-04-08,2026-04-08 11:38:00,1552.11,1552.14,1552.11,1552.14,0.0,7.15,11033.03,1
2026-04-08,2026-04-08 11:39:00,1552.14,1552.17,1552.14,1552.17,0.0,7.15,11033.03,1
2026-04-08,2026-04-08 11:40:00,1552.17,1552.2,1552.17,1552.2,0.0,7.15,11033.03,1
2026-04-08,2026-04-08 11:41:00,1552.2,1552.22,1552.2,1552.22,0.0,7.15,11033.03,1
2026-04-08,2026-04-08 11:42:00,1552.22,1552.25,1552.22,1552.25,0.0,7.15,11033.03,1
2026-04-08,2026-04-08 11:43:00,1552.25,1552.28,1552.25,1552.28,0.0,7.15,11033.03,1
2026-04-08,2026-04-08 11:44:00,1552.28,1552.31,1552.28,1552.31,0.0,7.15,11033.03,1
2026-04-08,2026-04-08 11:45:00,1552.31,1552.34,1552.31,1552.34,0.0,7.15,11033.03,1
2026-04-08,2026-04-08 11:46:00,1552.34,1552.37,1552.34,1552.37,0.0,7.15,11033.03,1
2026-04-08,2026-04-08 11:47:00,1552.37,1552.4,1552.37,1552.4,0.0,7.15,11033.03,1
2026-04-08,2026-04-08 11:48:00,1552.4,1552.43,1552.4,1552.43,0.0,7.15,11033.03,1
2026-04-08,2026-04-08 11:49:00,1552.43,1552.46,1552.43,1552.46,0.0,7.15,11033.03,1
2026-04-08,2026-04-08 11:50:00,1552.46,1552.49,1552.46,1552.49,0.0,7.15,11033.03,1
2026-04-08,2026-04-08 11:51:00,1552.49,1552.52,1552.49,1552.52,0.0,7.15,11033.03,1
2026-04-08,2026-04-08 11:52:00,1552.52,1552.55,1552.52,1552.55,0.0,7.15,11033.03,1
2026-04-08,2026-04-08 11:53:00,1552.55,1552.58,1552.55,1552.58,0.0,7.15,11033.03,1
2026-04-08,2026-04-08 11:54:00,1552.58,1552.6,1552.58,1552.6,0.0,7.15,11033.03,1
2026-04-08,2026-04-08 11:55:00,1552.6,1552.63,1552.6,1552.63,0.0,7.15,11033.03,1
2026-04-08,2026-04-08 11:56:00,1552.63,1552.66,1552.63,1552.66,0.0,7.15,11033.03,1
2026-04-08,2026-04-08 11:57:00,1552.66,1552.69,1552.66,1552.69,0.0,7.15,11033.03,1
2026-04-08,2026-04-08 11:58:00,1552.69,1552.72,1552.69,1552.72,0.0,7.15,11033.03,1
2026-04-08,2026-04-08 11:59:00,1552.72,1552.75,1552.72,1552.75,0.0,7.15,11033.03,1
2026-04-08,2026-04-08 12:00:00,1552.75,1552.78,1552.75,1552.78,0.0,7.15,11033.03,1
2026-04-08,2026-04-08 12:01:00,1552.78,1552.81,1552.78,1552.81,0.0,7.15,11033.03,1
2026-04-08,2026-04-08 12:02:00,1552.81,1552.84,1552.81,1552.84,0.0,7.15,11033.03,1
2026-04-08,2026-04-08 12:03:00,1552.84,1552.87,1552.84,1552.87,0.0,7.15,11033.03,1
2026-04-08,2026-04-08 12:04:00,1552.87,1552.9,1552.87,1552.9,0.0,7.15,11033.03,1
2026-04-08,2026-04-08 12:05:00,1552.9,1552.92,1552.9,1552.92,0.0,7.15,11033.03,1
2026-04-08,2026-04-08 12:06:00,1552.92,1552.95,1552.92,1552.95,0.0,7.15,11033.03,1
2026-04-08,2026-04-08 12:07:00,1552.95,1552.98,1552.95,1552.98,0.0,7.15,11033.03,1
2026-04-08,2026-04-08 12:08:00,1552.98,1553.01,1552.98,1553.01,0.0,7.15,11033.03,1
2026-04-08,2026-04-08 12:09:00,1553.01,1553.04,1553.01,1553.04,0.0,7.15,11033.03,1
2026-04-08,2026-04-08 12:10:00,1553.04,1553.07,1553.04,1553.07,0.0,7.15,11033.03,1
2026-04-08,2026-04-08 12:11:00,1553.07,1553.1,1553.07,1553.1,0.0,7.15,11033.03,1
2026-04-08,2026-04-08 12:12:00,1553.1,1553.13,1553.1,1553.13,0.0,7.15,11033.03,1
2026-04-08,2026-04-08 12:13:00,1553.13,1553.16,1553.13,1553.16,0.0,7.15,11033.03,1
2026-04-08,2026-04-08 12:14:00,1553.16,1553.19,1553.16,1553.19,0.0,7.15,11033.03,1
2026-04-08,2026-04-08 12:15:00,1553.19,1553.22,1553.19,1553.22,0.0,7.15,11033.03,1
2026-04-08,2026-04-08 12:16:00,1553.22,1553.25,1553.22,1553.25,0.0,7.15,11033.03,1
2026-04-08,2026-04-08 12:17:00,1553.25,1553.28,1553.25,1553.28,0.0,7.15,11033.03,1
2026-04-08,2026-04-08 12:18:00,1553.28,1553.3,1553.28,1553.3,0.0,7.15,11033.03,1
2026-04-08,2026-04-08 12:19:00,1553.3,1553.33,1553.3,1553.33,0.0,7.15,11033.03,1
2026-04-08,2026-04-08 12:20:00,1553.33,1553.36,1553.33,1553.36,0.0,7.15,11033.03,1
2026-04-08,2026-04-08 12:21:00,1553.36,1553.39,1553.36,1553.39,0.0,7.15,11033.03,1
2026-04-08,2026-04-08 12:22:00,1553.39,1553.42,1553.39,1553.42,0.0,7.15,11033.03,1
2026-04-08,2026-04-08 12:23:00,1553.42,1553.45,1553.42,1553.45,0.0,7.15,11033.03,1
2026-04-08,2026-04-08 12:24:00,1553.45,1553.48,1553.45,1553.48,0.0,7.15,11033.03,1
2026-04-08,2026-04-08 12:25:00,1553.48,1553.51,1553.48,1553.51,0.0,7.15,11033.03,1
2026-04-08,2026-04-08 12:26:00,1553.51,1553.54,1553.51,1553.54,0.0,7.15,11033.03,1
2026-04-08,2026-04-08 12:27:00,1553.54,1553.57,1553.54,1553.57,0.0,7.15,11033.03,1
2026-04-08,2026-04-08 12:28:00,1553.57,1553.6,1553.57,1553.6,0.0,7.15,11033.03,1
2026-04-08,2026-04-08 12:29:00,1553.6,1553.62,1553.6,1553.62,0.0,7.15,11033.03,1
2026-04-08,2026-04-08 12:30:00,1553.62,1553.65,1553.62,1553.65,0.0,7.15,11033.03,1
2026-04-08,2026-04-08 12:31:00,1553.65,1553.68,1553.65,1553.68,0.0,7.15,11033.03,1
2026-04-08,2026-04-08 12:32:00,1553.68,1553.71,1553.68,1553.71,0.0,7.15,11033.03,1
2026-04-08,2026-04-08 12:33:00,1553.71,1553.74,1553.71,1553.74,0.0,7.15,11033.03,1
2026-04-08,2026-04-08 12:34:00,1553.74,1553.77,1553.74,1553.77,0.0,7.15,11033.03,1
2026-04-08,2026-04-08 12:35:00,1553.77,1553.8,1553.77,1553.8,0.0,7.15,11033.03,1
2026-04-08,2026-04-08 12:36:00,1553.8,1553.83,1553.8,1553.83,0.0,7.15,11033.03,1
2026-04-08,2026-04-08 12:37:00,1553.83,1553.86,1553.83,1553.86,0.0,7.15,11033.03,1
2026-04-08,2026-04-08 12:38:00,1553.86,1553.89,1553.86,1553.89,0.0,7.15,11033.03,1
2026-04-08,2026-04-08 12:39:00,1553.89,1553.92,1553.89,1553.92,0.0,7.15,11033.03,1
2026-04-08,2026-04-08 12:40:00,1553.92,1553.95,1553.92,1553.95,0.0,7.15,11033.03,1
2026-04-08,2026-04-08 12:41:00,1553.95,1553.97,1553.95,1553.97,0.0,7.15,11033.03,1
2026-04-08,2026-04-08 12:42:00,1553.97,1554.0,1553.97,1554.0,0.0,7.15,11033.03,1
2026-04-08,2026-04-08 12:43:00,1554.0,1554.03,1554.0,1554.03,0.0,7.15,11033.03,1
2026-04-08,2026-04-08 12:44:00,1554.03,1554.06,1554.03,1554.06,0.0,7.15,11033.03,1
2026-04-08,2026-04-08 12:45:00,1554.06,1554.09,1554.06,1554.09,0.0,7.15,11033.03,1
2026-04-08,2026-04-08 12:46:00,1554.09,1554.12,1554.09,1554.12,0.0,7.15,11033.03,1
2026-04-08,2026-04-08 12:47:00,1554.12,1554.15,1554.12,1554.15,0.0,7.15,11033.03,1
2026-04-08,2026-04-08 12:48:00,1554.15,1554.18,1554.15,1554.18,0.0,7.15,11033.03,1
2026-04-08,2026-04-08 12:49:00,1554.18,1554.21,1554.18,1554.21,0.0,7.15,11033.03,1
2026-04-08,2026-04-08 12:50:00,1554.21,1554.24,1554.21,1554.24,0.0,7.15,11033.03,1
2026-04-08,2026-04-08 12:51:00,1554.24,1554.27,1554.24,1554.27,0.0,7.15,11033.03,1
2026-04-08,2026-04-08 12:52:00,1554.27,1554.3,1554.27,1554.3,0.0,7.15,11033.03,1
2026-04-08,2026-04-08 12:53:00,1554.3,1554.33,1554.3,1554.33,0.0,7.15,11033.03,1
2026-04-08,2026-04-08 12:54:00,1554.33,1554.35,1554.33,1554.35,0.0,7.15,11033.03,1
2026-04-08,2026-04-08 12:55:00,1554.35,1554.38,1554.35,1554.38,0.0,7.15,11033.03,1
2026-04-08,2026-04-08 12:56:00,1554.38,1554.41,1554.38,1554.41,0.0,7.15,11033.03,1
2026-04-08,2026-04-08 12:57:00,1554.41,1554.44,1554.41,1554.44,0.0,7.15,11033.03,1
2026-04-08,2026-04-08 12:58:00,1554.44,1554.47,1554.44,1554.47,0.0,7.15,11033.03,1
2026-04-08,2026-04-08 12:59:00,1554.47,1554.5,1554.47,1554.5,0.0,7.15,11033.03,1
2026-04-08,2026-04-08 13:00:00,1554.5,1565.0,1536.1,1554.53,0.0,7.15,11033.03,1
2026-04-08,2026-04-08 13:01:00,1554.53,1554.56,1554.53,1554.56,0.0,7.15,11033.03,1
2026-04-08,2026-04-08 13:02:00,1554.56,1554.59,1554.56,1554.59,0.0,7.15,11033.03,1
2026-04-08,2026-04-08 13:03:00,1554.59,1554.62,1554.59,1554.62,0.0,7.15,11033.03,1
2026-04-08,2026-04-08 13:04:00,1554.62,1554.65,1554.62,1554.65,0.0,7.15,11033.03,1
2026-04-08,2026-04-08 13:05:00,1554.65,1554.67,1554.65,1554.67,0.0,7.15,11033.03,1
2026-04-08,2026-04-08 13:06:00,1554.67,1554.7,1554.67,1554.7,0.0,7.15,11033.03,1
2026-04-08,2026-04-08 13:07:00,1554.7,1554.73,1554.7,1554.73,0.0,7.15,11033.03,1
2026-04-08,2026-04-08 13:08:00,1554.73,1554.76,1554.73,1554.76,0.0,7.15,11033.03,1
2026-04-08,2026-04-08 13:09:00,1554.76,1554.79,1554.76,1554.79,0.0,7.15,11033.03,1
2026-04-08,2026-04-08 13:10:00,1554.79,1554.82,1554.79,1554.82,0.0,7.15,11033.03,1
2026-04-08,2026-04-08 13:11:00,1554.82,1554.85,1554.82,1554.85,0.0,7.15,11033.03,1
2026-04-08,2026-04-08 13:12:00,1554.85,1554.88,1554.85,1554.88,0.0,7.15,11033.03,1
2026-04-08,2026-04-08 13:13:00,1554.88,1554.91,1554.88,1554.91,0.0,7.15,11033.03,1
2026-04-08,2026-04-08 13:14:00,1554.91,1554.94,1554.91,1554.94,0.0,7.15,11033.03,1
2026-04-08,2026-04-08 13:15:00,1554.94,1554.97,1554.94,1554.97,0.0,7.15,11033.03,1
2026-04-08,2026-04-08 13:16:00,1554.97,1555.0,1554.97,1555.0,0.0,7.15,11033.03,1
2026-04-08,2026-04-08 13:17:00,1555.0,1555.03,1555.0,1555.03,0.0,7.15,11033.03,1
2026-04-08,2026-04-08 13:18:00,1555.03,1555.05,1555.03,1555.05,0.0,7.15,11033.03,1
2026-04-08,2026-04-08 13:19:00,1555.05,1555.08,1555.05,1555.08,0.0,7.15,11033.03,1
2026-04-08,2026-04-08 13:20:00,1555.08,1555.11,1555.08,1555.11,0.0,7.15,11033.03,1
2026-04-08,2026-04-08 13:21:00,1555.11,1555.14,1555.11,1555.14,0.0,7.15,11033.03,1
2026-04-08,2026-04-08 13:22:00,1555.14,1555.17,1555.14,1555.17,0.0,7.15,11033.03,1
2026-04-08,2026-04-08 13:23:00,1555.17,1555.2,1555.17,1555.2,0.0,7.15,11033.03,1
2026-04-08,2026-04-08 13:24:00,1555.2,1555.23,1555.2,1555.23,0.0,7.15,11033.03,1
2026-04-08,2026-04-08 13:25:00,1555.23,1555.26,1555.23,1555.26,0.0,7.15,11033.03,1
2026-04-08,2026-04-08 13:26:00,1555.26,1555.29,1555.26,1555.29,0.0,7.15,11033.03,1
2026-04-08,2026-04-08 13:27:00,1555.29,1555.32,1555.29,1555.32,0.0,7.15,11033.03,1
2026-04-08,2026-04-08 13:28:00,1555.32,1555.35,1555.32,1555.35,0.0,7.15,11033.03,1
2026-04-08,2026-04-08 13:29:00,1555.35,1555.38,1555.35,1555.38,0.0,7.15,11033.03,1
2026-04-08,2026-04-08 13:30:00,1555.38,1555.4,1555.38,1555.4,0.0,7.15,11033.03,1
2026-04-08,2026-04-08 13:31:00,1555.4,1555.43,1555.4,1555.43,0.0,7.15,11033.03,1
2026-04-08,2026-04-08 13:32:00,1555.43,1555.46,1555.43,1555.46,0.0,7.15,11033.03,1
2026-04-08,2026-04-08 13:33:00,1555.46,1555.49,1555.46,1555.49,0.0,7.15,11033.03,1
2026-04-08,2026-04-08 13:34:00,1555.49,1555.52,1555.49,1555.52,0.0,7.15,11033.03,1
2026-04-08,2026-04-08 13:35:00,1555.52,1555.55,1555.52,1555.55,0.0,7.15,11033.03,1
2026-04-08,2026-04-08 13:36:00,1555.55,1555.58,1555.55,1555.58,0.0,7.15,11033.03,1
2026-04-08,2026-04-08 13:37:00,1555.58,1555.61,1555.58,1555.61,0.0,7.15,11033.03,1
2026-04-08,2026-04-08 13:38:00,1555.61,1555.64,1555.61,1555.64,0.0,7.15,11033.03,1
2026-04-08,2026-04-08 13:39:00,1555.64,1555.67,1555.64,1555.67,0.0,7.15,11033.03,1
2026-04-08,2026-04-08 13:40:00,1555.67,1555.7,1555.67,1555.7,0.0,7.15,11033.03,1
2026-04-08,2026-04-08 13:41:00,1555.7,1555.72,1555.7,1555.72,0.0,7.15,11033.03,1
2026-04-08,2026-04-08 13:42:00,1555.72,1555.75,1555.72,1555.75,0.0,7.15,11033.03,1
2026-04-08,2026-04-08 13:43:00,1555.75,1555.78,1555.75,1555.78,0.0,7.15,11033.03,1
2026-04-08,2026-04-08 13:44:00,1555.78,1555.81,1555.78,1555.81,0.0,7.15,11033.03,1
2026-04-08,2026-04-08 13:45:00,1555.81,1555.84,1555.81,1555.84,0.0,7.15,11033.03,1
2026-04-08,2026-04-08 13:46:00,1555.84,1555.87,1555.84,1555.87,0.0,7.15,11033.03,1
2026-04-08,2026-04-08 13:47:00,1555.87,1555.9,1555.87,1555.9,0.0,7.15,11033.03,1
2026-04-08,2026-04-08 13:48:00,1555.9,1555.93,1555.9,1555.93,0.0,7.15,11033.03,1
2026-04-08,2026-04-08 13:49:00,1555.93,1555.96,1555.93,1555.96,0.0,7.15,11033.03,1
2026-04-08,2026-04-08 13:50:00,1555.96,1555.99,1555.96,1555.99,0.0,7.15,11033.03,1
2026-04-08,2026-04-08 13:51:00,1555.99,1556.02,1555.99,1556.02,0.0,7.15,11033.03,1
2026-04-08,2026-04-08 13:52:00,1556.02,1556.05,1556.02,1556.05,0.0,7.15,11033.03,1
2026-04-08,2026-04-08 13:53:00,1556.05,1556.08,1556.05,1556.08,0.0,7.15,11033.03,1
2026-04-08,2026-04-08 13:54:00,1556.08,1556.1,1556.08,1556.1,0.0,7.15,11033.03,1
2026-04-08,2026-04-08 13:55:00,1556.1,1556.13,1556.1,1556.13,0.0,7.15,11033.03,1
2026-04-08,2026-04-08 13:56:00,1556.13,1556.16,1556.13,1556.16,0.0,7.15,11033.03,1
2026-04-08,2026-04-08 13:57:00,1556.16,1556.19,1556.16,1556.19,0.0,7.15,11033.03,1
2026-04-08,2026-04-08 13:58:00,1556.19,1556.22,1556.19,1556.22,0.0,7.15,11033.03,1
2026-04-08,2026-04-08 13:59:00,1556.22,1556.25,1556.22,1556.25,0.0,7.15,11033.03,1
2026-04-08,2026-04-08 14:00:00,1556.25,1556.28,1556.25,1556.28,0.0,7.15,11033.03,1
2026-04-08,2026-04-08 14:01:00,1556.28,1556.31,1556.28,1556.31,0.0,7.15,11033.03,1
2026-04-08,2026-04-08 14:02:00,1556.31,1556.34,1556.31,1556.34,0.0,7.15,11033.03,1
2026-04-08,2026-04-08 14:03:00,1556.34,1556.37,1556.34,1556.37,0.0,7.15,11033.03,1
2026-04-08,2026-04-08 14:04:00,1556.37,1556.4,1556.37,1556.4,0.0,7.15,11033.03,1
2026-04-08,2026-04-08 14:05:00,1556.4,1556.42,1556.4,1556.42,0.0,7.15,11033.03,1
2026-04-08,2026-04-08 14:06:00,1556.42,1556.45,1556.42,1556.45,0.0,7.15,11033.03,1
2026-04-08,2026-04-08 14:07:00,1556.45,1556.48,1556.45,1556.48,0.0,7.15,11033.03,1
2026-04-08,2026-04-08 14:08:00,1556.48,1556.51,1556.48,1556.51,0.0,7.15,11033.03,1
2026-04-08,2026-04-08 14:09:00,1556.51,1556.54,1556.51,1556.54,0.0,7.15,11033.03,1
2026-04-08,2026-04-08 14:10:00,1556.54,1556.57,1556.54,1556.57,0.0,7.15,11033.03,1
2026-04-08,2026-04-08 14:11:00,1556.57,1556.6,1556.57,1556.6,0.0,7.15,11033.03,1
2026-04-08,2026-04-08 14:12:00,1556.6,1556.63,1556.6,1556.63,0.0,7.15,11033.03,1
2026-04-08,2026-04-08 14:13:00,1556.63,1556.66,1556.63,1556.66,0.0,7.15,11033.03,1
2026-04-08,2026-04-08 14:14:00,1556.66,1556.69,1556.66,1556.69,0.0,7.15,11033.03,1
2026-04-08,2026-04-08 14:15:00,1556.69,1556.72,1556.69,1556.72,0.0,7.15,11033.03,1
2026-04-08,2026-04-08 14:16:00,1556.72,1556.75,1556.72,1556.75,0.0,7.15,11033.03,1
2026-04-08,2026-04-08 14:17:00,1556.75,1556.78,1556.75,1556.78,0.0,7.15,11033.03,1
2026-04-08,2026-04-08 14:18:00,1556.78,1556.8,1556.78,1556.8,0.0,7.15,11033.03,1
2026-04-08,2026-04-08 14:19:00,1556.8,1556.83,1556.8,1556.83,0.0,7.15,11033.03,1
2026-04-08,2026-04-08 14:20:00,1556.83,1556.86,1556.83,1556.86,0.0,7.15,11033.03,1
2026-04-08,2026-04-08 14:21:00,1556.86,1556.89,1556.86,1556.89,0.0,7.15,11033.03,1
2026-04-08,2026-04-08 14:22:00,1556.89,1556.92,1556.89,1556.92,0.0,7.15,11033.03,1
2026-04-08,2026-04-08 14:23:00,1556.92,1556.95,1556.92,1556.95,0.0,7.15,11033.03,1
2026-04-08,2026-04-08 14:24:00,1556.95,1556.98,1556.95,1556.98,0.0,7.15,11033.03,1
2026-04-08,2026-04-08 14:25:00,1556.98,1557.01,1556.98,1557.01,0.0,7.15,11033.03,1
2026-04-08,2026-04-08 14:26:00,1557.01,1557.04,1557.01,1557.04,0.0,7.15,11033.03,1
2026-04-08,2026-04-08 14:27:00,1557.04,1557.07,1557.04,1557.07,0.0,7.15,11033.03,1
2026-04-08,2026-04-08 14:28:00,1557.07,1557.1,1557.07,1557.1,0.0,7.15,11033.03,1
2026-04-08,2026-04-08 14:29:00,1557.1,1557.12,1557.1,1557.12,0.0,7.15,11033.03,1
2026-04-08,2026-04-08 14:30:00,1557.12,1557.15,1557.12,1557.15,0.0,7.15,11033.03,1
2026-04-08,2026-04-08 14:31:00,1557.15,1557.18,1557.15,1557.18,0.0,7.15,11033.03,1
2026-04-08,2026-04-08 14:32:00,1557.18,1557.21,1557.18,1557.21,0.0,7.15,11033.03,1
2026-04-08,2026-04-08 14:33:00,1557.21,1557.24,1557.21,1557.24,0.0,7.15,11033.03,1
2026-04-08,2026-04-08 14:34:00,1557.24,1557.27,1557.24,1557.27,0.0,7.15,11033.03,1
2026-04-08,2026-04-08 14:35:00,1557.27,1557.3,1557.27,1557.3,0.0,7.15,11033.03,1
2026-04-08,2026-04-08 14:36:00,1557.3,1557.33,1557.3,1557.33,0.0,7.15,11033.03,1
2026-04-08,2026-04-08 14:37:00,1557.33,1557.36,1557.33,1557.36,0.0,7.15,11033.03,1
2026-04-08,2026-04-08 14:38:00,1557.36,1557.39,1557.36,1557.39,0.0,7.15,11033.03,1
2026-04-08,2026-04-08 14:39:00,1557.39,1557.42,1557.39,1557.42,0.0,7.15,11033.03,1
2026-04-08,2026-04-08 14:40:00,1557.42,1557.45,1557.42,1557.45,0.0,7.15,11033.03,1
2026-04-08,2026-04-08 14:41:00,1557.45,1557.47,1557.45,1557.47,0.0,7.15,11033.03,1
2026-04-08,2026-04-08 14:42:00,1557.47,1557.5,1557.47,1557.5,0.0,7.15,11033.03,1
2026-04-08,2026-04-08 14:43:00,1557.5,1557.53,1557.5,1557.53,0.0,7.15,11033.03,1
2026-04-08,2026-04-08 14:44:00,1557.53,1557.56,1557.53,1557.56,0.0,7.15,11033.03,1
2026-04-08,2026-04-08 14:45:00,1557.56,1557.59,1557.56,1557.59,0.0,7.15,11033.03,1
2026-04-08,2026-04-08 14:46:00,1557.59,1557.62,1557.59,1557.62,0.0,7.15,11033.03,1
2026-04-08,2026-04-08 14:47:00,1557.62,1557.65,1557.62,1557.65,0.0,7.15,11033.03,1
2026-04-08,2026-04-08 14:48:00,1557.65,1557.68,1557.65,1557.68,0.0,7.15,11033.03,1
2026-04-08,2026-04-08 14:49:00,1557.68,1557.71,1557.68,1557.71,0.0,7.15,11033.03,1
2026-04-08,2026-04-08 14:50:00,1557.71,1557.74,1557.71,1557.74,0.0,7.15,11033.03,1
2026-04-08,2026-04-08 14:51:00,1557.74,1557.77,1557.74,1557.77,0.0,7.15,11033.03,1
2026-04-08,2026-04-08 14:52:00,1557.77,1557.8,1557.77,1557.8,0.0,7.15,11033.03,1
2026-04-08,2026-04-08 14:53:00,1557.8,1557.83,1557.8,1557.83,0.0,7.15,11033.03,1
2026-04-08,2026-04-08 14:54:00,1557.83,1557.85,1557.83,1557.85,0.0,7.15,11033.03,1
2026-04-08,2026-04-08 14:55:00,1557.85,1557.88,1557.85,1557.88,0.0,7.15,11033.03,1
2026-04-08,2026-04-08 14:56:00,1557.88,1557.91,1557.88,1557.91,0.0,7.15,11033.03,1
2026-04-08,2026-04-08 14:57:00,1557.91,1557.94,1557.91,1557.94,0.0,7.15,11033.03,1
2026-04-08,2026-04-08 14:58:00,1557.94,1557.97,1557.94,1557.97,0.0,7.15,11033.03,1
2026-04-08,2026-04-08 14:59:00,1557.97,1558.0,1557.97,1558.0,0.0,7.15,11033.03,1
2026-04-08,2026-04-08 15:00:00,1558.0,1565.0,1536.1,1558.0,0.0,7.15,11033.03,0
2026-04-09,2026-04-09 11:00:00,1585.0,1585.0,1569.73,1584.93,-0.0,4.71,7315.78,-1
2026-04-09,2026-04-09 11:01:00,1584.93,1584.93,1584.87,1584.87,-0.0,4.71,7315.78,-1
2026-04-09,2026-04-09 11:02:00,1584.87,1584.87,1584.8,1584.8,-0.0,4.71,7315.78,-1
2026-04-09,2026-04-09 11:03:00,1584.8,1584.8,1584.73,1584.73,-0.0,4.71,7315.78,-1
2026-04-09,2026-04-09 11:04:00,1584.73,1584.73,1584.67,1584.67,-0.0,4.71,7315.78,-1
2026-04-09,2026-04-09 11:05:00,1584.67,1584.67,1584.6,1584.6,-0.0,4.71,7315.78,-1
2026-04-09,2026-04-09 11:06:00,1584.6,1584.6,1584.53,1584.53,-0.0,4.71,7315.78,-1
2026-04-09,2026-04-09 11:07:00,1584.53,1584.53,1584.47,1584.47,-0.0,4.71,7315.78,-1
2026-04-09,2026-04-09 11:08:00,1584.47,1584.47,1584.4,1584.4,-0.0,4.71,7315.78,-1
2026-04-09,2026-04-09 11:09:00,1584.4,1584.4,1584.33,1584.33,-0.0,4.71,7315.78,-1
2026-04-09,2026-04-09 11:10:00,1584.33,1584.33,1584.27,1584.27,-0.0,4.71,7315.78,-1
2026-04-09,2026-04-09 11:11:00,1584.27,1584.27,1584.2,1584.2,-0.0,4.71,7315.78,-1
2026-04-09,2026-04-09 11:12:00,1584.2,1584.2,1584.13,1584.13,-0.0,4.71,7315.78,-1
2026-04-09,2026-04-09 11:13:00,1584.13,1584.13,1584.07,1584.07,-0.0,4.71,7315.78,-1
2026-04-09,2026-04-09 11:14:00,1584.07,1584.07,1584.0,1584.0,-0.0,4.71,7315.78,-1
2026-04-09,2026-04-09 11:15:00,1584.0,1584.0,1583.93,1583.93,-0.0,4.71,7315.78,-1
2026-04-09,2026-04-09 11:16:00,1583.93,1583.93,1583.87,1583.87,-0.0,4.71,7315.78,-1
2026-04-09,2026-04-09 11:17:00,1583.87,1583.87,1583.8,1583.8,-0.0,4.71,7315.78,-1
2026-04-09,2026-04-09 11:18:00,1583.8,1583.8,1583.73,1583.73,-0.0,4.71,7315.78,-1
2026-04-09,2026-04-09 11:19:00,1583.73,1583.73,1583.67,1583.67,-0.0,4.71,7315.78,-1
2026-04-09,2026-04-09 11:20:00,1583.67,1583.67,1583.6,1583.6,-0.0,4.71,7315.78,-1
2026-04-09,2026-04-09 11:21:00,1583.6,1583.6,1583.53,1583.53,-0.0,4.71,7315.78,-1
2026-04-09,2026-04-09 11:22:00,1583.53,1583.53,1583.47,1583.47,-0.0,4.71,7315.78,-1
2026-04-09,2026-04-09 11:23:00,1583.47,1583.47,1583.4,1583.4,-0.0,4.71,7315.78,-1
2026-04-09,2026-04-09 11:24:00,1583.4,1583.4,1583.33,1583.33,-0.0,4.71,7315.78,-1
2026-04-09,2026-04-09 11:25:00,1583.33,1583.33,1583.27,1583.27,-0.0,4.71,7315.78,-1
2026-04-09,2026-04-09 11:26:00,1583.27,1583.27,1583.2,1583.2,-0.0,4.71,7315.78,-1
2026-04-09,2026-04-09 11:27:00,1583.2,1583.2,1583.13,1583.13,-0.0,4.71,7315.78,-1
2026-04-09,2026-04-09 11:28:00,1583.13,1583.13,1583.07,1583.07,-0.0,4.71,7315.78,-1
2026-04-09,2026-04-09 11:29:00,1583.07,1583.07,1583.0,1583.0,-0.0,4.71,7315.78,-1
2026-04-09,2026-04-09 11:30:00,1583.0,1583.0,1582.93,1582.93,-0.0,4.71,7315.78,-1
2026-04-09,2026-04-09 11:31:00,1582.93,1582.93,1582.87,1582.87,-0.0,4.71,7315.78,-1
2026-04-09,2026-04-09 11:32:00,1582.87,1582.87,1582.8,1582.8,-0.0,4.71,7315.78,-1
2026-04-09,2026-04-09 11:33:00,1582.8,1582.8,1582.73,1582.73,-0.0,4.71,7315.78,-1
2026-04-09,2026-04-09 11:34:00,1582.73,1582.73,1582.67,1582.67,-0.0,4.71,7315.78,-1
2026-04-09,2026-04-09 11:35:00,1582.67,1582.67,1582.6,1582.6,-0.0,4.71,7315.78,-1
2026-04-09,2026-04-09 11:36:00,1582.6,1582.6,1582.53,1582.53,-0.0,4.71,7315.78,-1
2026-04-09,2026-04-09 11:37:00,1582.53,1582.53,1582.47,1582.47,-0.0,4.71,7315.78,-1
2026-04-09,2026-04-09 11:38:00,1582.47,1582.47,1582.4,1582.4,-0.0,4.71,7315.78,-1
2026-04-09,2026-04-09 11:39:00,1582.4,1582.4,1582.33,1582.33,-0.0,4.71,7315.78,-1
2026-04-09,2026-04-09 11:40:00,1582.33,1582.33,1582.27,1582.27,-0.0,4.71,7315.78,-1
2026-04-09,2026-04-09 11:41:00,1582.27,1582.27,1582.2,1582.2,-0.0,4.71,7315.78,-1
2026-04-09,2026-04-09 11:42:00,1582.2,1582.2,1582.13,1582.13,-0.0,4.71,7315.78,-1
2026-04-09,2026-04-09 11:43:00,1582.13,1582.13,1582.07,1582.07,-0.0,4.71,7315.78,-1
2026-04-09,2026-04-09 11:44:00,1582.07,1582.07,1582.0,1582.0,-0.0,4.71,7315.78,-1
2026-04-09,2026-04-09 11:45:00,1582.0,1582.0,1581.93,1581.93,-0.0,4.71,7315.78,-1
2026-04-09,2026-04-09 11:46:00,1581.93,1581.93,1581.87,1581.87,-0.0,4.71,7315.78,-1
2026-04-09,2026-04-09 11:47:00,1581.87,1581.87,1581.8,1581.8,-0.0,4.71,7315.78,-1
2026-04-09,2026-04-09 11:48:00,1581.8,1581.8,1581.73,1581.73,-0.0,4.71,7315.78,-1
2026-04-09,2026-04-09 11:49:00,1581.73,1581.73,1581.67,1581.67,-0.0,4.71,7315.78,-1
2026-04-09,2026-04-09 11:50:00,1581.67,1581.67,1581.6,1581.6,-0.0,4.71,7315.78,-1
2026-04-09,2026-04-09 11:51:00,1581.6,1581.6,1581.53,1581.53,-0.0,4.71,7315.78,-1
2026-04-09,2026-04-09 11:52:00,1581.53,1581.53,1581.47,1581.47,-0.0,4.71,7315.78,-1
2026-04-09,2026-04-09 11:53:00,1581.47,1581.47,1581.4,1581.4,-0.0,4.71,7315.78,-1
2026-04-09,2026-04-09 11:54:00,1581.4,1581.4,1581.33,1581.33,-0.0,4.71,7315.78,-1
2026-04-09,2026-04-09 11:55:00,1581.33,1581.33,1581.27,1581.27,-0.0,4.71,7315.78,-1
2026-04-09,2026-04-09 11:56:00,1581.27,1581.27,1581.2,1581.2,-0.0,4.71,7315.78,-1
2026-04-09,2026-04-09 11:57:00,1581.2,1581.2,1581.13,1581.13,-0.0,4.71,7315.78,-1
2026-04-09,2026-04-09 11:58:00,1581.13,1581.13,1581.07,1581.07,-0.0,4.71,7315.78,-1
2026-04-09,2026-04-09 11:59:00,1581.07,1581.07,1581.0,1581.0,-0.0,4.71,7315.78,-1
2026-04-09,2026-04-09 12:00:00,1581.0,1581.0,1580.93,1580.93,-0.0,4.71,7315.78,-1
2026-04-09,2026-04-09 12:01:00,1580.93,1580.93,1580.87,1580.87,-0.0,4.71,7315.78,-1
2026-04-09,2026-04-09 12:02:00,1580.87,1580.87,1580.8,1580.8,-0.0,4.71,7315.78,-1
2026-04-09,2026-04-09 12:03:00,1580.8,1580.8,1580.73,1580.73,-0.0,4.71,7315.78,-1
2026-04-09,2026-04-09 12:04:00,1580.73,1580.73,1580.67,1580.67,-0.0,4.71,7315.78,-1
2026-04-09,2026-04-09 12:05:00,1580.67,1580.67,1580.6,1580.6,-0.0,4.71,7315.78,-1
2026-04-09,2026-04-09 12:06:00,1580.6,1580.6,1580.53,1580.53,-0.0,4.71,7315.78,-1
2026-04-09,2026-04-09 12:07:00,1580.53,1580.53,1580.47,1580.47,-0.0,4.71,7315.78,-1
2026-04-09,2026-04-09 12:08:00,1580.47,1580.47,1580.4,1580.4,-0.0,4.71,7315.78,-1
2026-04-09,2026-04-09 12:09:00,1580.4,1580.4,1580.33,1580.33,-0.0,4.71,7315.78,-1
2026-04-09,2026-04-09 12:10:00,1580.33,1580.33,1580.27,1580.27,-0.0,4.71,7315.78,-1
2026-04-09,2026-04-09 12:11:00,1580.27,1580.27,1580.2,1580.2,-0.0,4.71,7315.78,-1
2026-04-09,2026-04-09 12:12:00,1580.2,1580.2,1580.13,1580.13,-0.0,4.71,7315.78,-1
2026-04-09,2026-04-09 12:13:00,1580.13,1580.13,1580.07,1580.07,-0.0,4.71,7315.78,-1
2026-04-09,2026-04-09 12:14:00,1580.07,1580.07,1580.0,1580.0,-0.0,4.71,7315.78,-1
2026-04-09,2026-04-09 12:15:00,1580.0,1580.0,1579.93,1579.93,-0.0,4.71,7315.78,-1
2026-04-09,2026-04-09 12:16:00,1579.93,1579.93,1579.87,1579.87,-0.0,4.71,7315.78,-1
2026-04-09,2026-04-09 12:17:00,1579.87,1579.87,1579.8,1579.8,-0.0,4.71,7315.78,-1
2026-04-09,2026-04-09 12:18:00,1579.8,1579.8,1579.73,1579.73,-0.0,4.71,7315.78,-1
2026-04-09,2026-04-09 12:19:00,1579.73,1579.73,1579.67,1579.67,-0.0,4.71,7315.78,-1
2026-04-09,2026-04-09 12:20:00,1579.67,1579.67,1579.6,1579.6,-0.0,4.71,7315.78,-1
2026-04-09,2026-04-09 12:21:00,1579.6,1579.6,1579.53,1579.53,-0.0,4.71,7315.78,-1
2026-04-09,2026-04-09 12:22:00,1579.53,1579.53,1579.47,1579.47,-0.0,4.71,7315.78,-1
2026-04-09,2026-04-09 12:23:00,1579.47,1579.47,1579.4,1579.4,-0.0,4.71,7315.78,-1
2026-04-09,2026-04-09 12:24:00,1579.4,1579.4,1579.33,1579.33,-0.0,4.71,7315.78,-1
2026-04-09,2026-04-09 12:25:00,1579.33,1579.33,1579.27,1579.27,-0.0,4.71,7315.78,-1
2026-04-09,2026-04-09 12:26:00,1579.27,1579.27,1579.2,1579.2,-0.0,4.71,7315.78,-1
2026-04-09,2026-04-09 12:27:00,1579.2,1579.2,1579.13,1579.13,-0.0,4.71,7315.78,-1
2026-04-09,2026-04-09 12:28:00,1579.13,1579.13,1579.07,1579.07,-0.0,4.71,7315.78,-1
2026-04-09,2026-04-09 12:29:00,1579.07,1579.07,1579.0,1579.0,-0.0,4.71,7315.78,-1
2026-04-09,2026-04-09 12:30:00,1579.0,1579.0,1578.93,1578.93,-0.0,4.71,7315.78,-1
2026-04-09,2026-04-09 12:31:00,1578.93,1578.93,1578.87,1578.87,-0.0,4.71,7315.78,-1
2026-04-09,2026-04-09 12:32:00,1578.87,1578.87,1578.8,1578.8,-0.0,4.71,7315.78,-1
2026-04-09,2026-04-09 12:33:00,1578.8,1578.8,1578.73,1578.73,-0.0,4.71,7315.78,-1
2026-04-09,2026-04-09 12:34:00,1578.73,1578.73,1578.67,1578.67,-0.0,4.71,7315.78,-1
2026-04-09,2026-04-09 12:35:00,1578.67,1578.67,1578.6,1578.6,-0.0,4.71,7315.78,-1
2026-04-09,2026-04-09 12:36:00,1578.6,1578.6,1578.53,1578.53,-0.0,4.71,7315.78,-1
2026-04-09,2026-04-09 12:37:00,1578.53,1578.53,1578.47,1578.47,-0.0,4.71,7315.78,-1
2026-04-09,2026-04-09 12:38:00,1578.47,1578.47,1578.4,1578.4,-0.0,4.71,7315.78,-1
2026-04-09,2026-04-09 12:39:00,1578.4,1578.4,1578.33,1578.33,-0.0,4.71,7315.78,-1
2026-04-09,2026-04-09 12:40:00,1578.33,1578.33,1578.27,1578.27,-0.0,4.71,7315.78,-1
2026-04-09,2026-04-09 12:41:00,1578.27,1578.27,1578.2,1578.2,-0.0,4.71,7315.78,-1
2026-04-09,2026-04-09 12:42:00,1578.2,1578.2,1578.13,1578.13,-0.0,4.71,7315.78,-1
2026-04-09,2026-04-09 12:43:00,1578.13,1578.13,1578.07,1578.07,-0.0,4.71,7315.78,-1
2026-04-09,2026-04-09 12:44:00,1578.07,1578.07,1578.0,1578.0,-0.0,4.71,7315.78,-1
2026-04-09,2026-04-09 12:45:00,1578.0,1578.0,1577.93,1577.93,-0.0,4.71,7315.78,-1
2026-04-09,2026-04-09 12:46:00,1577.93,1577.93,1577.87,1577.87,-0.0,4.71,7315.78,-1
2026-04-09,2026-04-09 12:47:00,1577.87,1577.87,1577.8,1577.8,-0.0,4.71,7315.78,-1
2026-04-09,2026-04-09 12:48:00,1577.8,1577.8,1577.73,1577.73,-0.0,4.71,7315.78,-1
2026-04-09,2026-04-09 12:49:00,1577.73,1577.73,1577.67,1577.67,-0.0,4.71,7315.78,-1
2026-04-09,2026-04-09 12:50:00,1577.67,1577.67,1577.6,1577.6,-0.0,4.71,7315.78,-1
2026-04-09,2026-04-09 12:51:00,1577.6,1577.6,1577.53,1577.53,-0.0,4.71,7315.78,-1
2026-04-09,2026-04-09 12:52:00,1577.53,1577.53,1577.47,1577.47,-0.0,4.71,7315.78,-1
2026-04-09,2026-04-09 12:53:00,1577.47,1577.47,1577.4,1577.4,-0.0,4.71,7315.78,-1
2026-04-09,2026-04-09 12:54:00,1577.4,1577.4,1577.33,1577.33,-0.0,4.71,7315.78,-1
2026-04-09,2026-04-09 12:55:00,1577.33,1577.33,1577.27,1577.27,-0.0,4.71,7315.78,-1
2026-04-09,2026-04-09 12:56:00,1577.27,1577.27,1577.2,1577.2,-0.0,4.71,7315.78,-1
2026-04-09,2026-04-09 12:57:00,1577.2,1577.2,1577.13,1577.13,-0.0,4.71,7315.78,-1
2026-04-09,2026-04-09 12:58:00,1577.13,1577.13,1577.07,1577.07,-0.0,4.71,7315.78,-1
2026-04-09,2026-04-09 12:59:00,1577.07,1577.07,1577.0,1577.0,-0.0,4.71,7315.78,-1
2026-04-09,2026-04-09 13:00:00,1577.0,1585.0,1534.1,1576.93,-0.0,4.71,7315.78,-1
2026-04-09,2026-04-09 13:01:00,1576.93,1576.93,1576.87,1576.87,-0.0,4.71,7315.78,-1
2026-04-09,2026-04-09 13:02:00,1576.87,1576.87,1576.8,1576.8,-0.0,4.71,7315.78,-1
2026-04-09,2026-04-09 13:03:00,1576.8,1576.8,1576.73,1576.73,-0.0,4.71,7315.78,-1
2026-04-09,2026-04-09 13:04:00,1576.73,1576.73,1576.67,1576.67,-0.0,4.71,7315.78,-1
2026-04-09,2026-04-09 13:05:00,1576.67,1576.67,1576.6,1576.6,-0.0,4.71,7315.78,-1
2026-04-09,2026-04-09 13:06:00,1576.6,1576.6,1576.53,1576.53,-0.0,4.71,7315.78,-1
2026-04-09,2026-04-09 13:07:00,1576.53,1576.53,1576.47,1576.47,-0.0,4.71,7315.78,-1
2026-04-09,2026-04-09 13:08:00,1576.47,1576.47,1576.4,1576.4,-0.0,4.71,7315.78,-1
2026-04-09,2026-04-09 13:09:00,1576.4,1576.4,1576.33,1576.33,-0.0,4.71,7315.78,-1
2026-04-09,2026-04-09 13:10:00,1576.33,1576.33,1576.27,1576.27,-0.0,4.71,7315.78,-1
2026-04-09,2026-04-09 13:11:00,1576.27,1576.27,1576.2,1576.2,-0.0,4.71,7315.78,-1
2026-04-09,2026-04-09 13:12:00,1576.2,1576.2,1576.13,1576.13,-0.0,4.71,7315.78,-1
2026-04-09,2026-04-09 13:13:00,1576.13,1576.13,1576.07,1576.07,-0.0,4.71,7315.78,-1
2026-04-09,2026-04-09 13:14:00,1576.07,1576.07,1576.0,1576.0,-0.0,4.71,7315.78,-1
2026-04-09,2026-04-09 13:15:00,1576.0,1576.0,1575.93,1575.93,-0.0,4.71,7315.78,-1
2026-04-09,2026-04-09 13:16:00,1575.93,1575.93,1575.87,1575.87,-0.0,4.71,7315.78,-1
2026-04-09,2026-04-09 13:17:00,1575.87,1575.87,1575.8,1575.8,-0.0,4.71,7315.78,-1
2026-04-09,2026-04-09 13:18:00,1575.8,1575.8,1575.73,1575.73,-0.0,4.71,7315.78,-1
2026-04-09,2026-04-09 13:19:00,1575.73,1575.73,1575.67,1575.67,-0.0,4.71,7315.78,-1
2026-04-09,2026-04-09 13:20:00,1575.67,1575.67,1575.6,1575.6,-0.0,4.71,7315.78,-1
2026-04-09,2026-04-09 13:21:00,1575.6,1575.6,1575.53,1575.53,-0.0,4.71,7315.78,-1
2026-04-09,2026-04-09 13:22:00,1575.53,1575.53,1575.47,1575.47,-0.0,4.71,7315.78,-1
2026-04-09,2026-04-09 13:23:00,1575.47,1575.47,1575.4,1575.4,-0.0,4.71,7315.78,-1
2026-04-09,2026-04-09 13:24:00,1575.4,1575.4,1575.33,1575.33,-0.0,4.71,7315.78,-1
2026-04-09,2026-04-09 13:25:00,1575.33,1575.33,1575.27,1575.27,-0.0,4.71,7315.78,-1
2026-04-09,2026-04-09 13:26:00,1575.27,1575.27,1575.2,1575.2,-0.0,4.71,7315.78,-1
2026-04-09,2026-04-09 13:27:00,1575.2,1575.2,1575.13,1575.13,-0.0,4.71,7315.78,-1
2026-04-09,2026-04-09 13:28:00,1575.13,1575.13,1575.07,1575.07,-0.0,4.71,7315.78,-1
2026-04-09,2026-04-09 13:29:00,1575.07,1575.07,1575.0,1575.0,-0.0,4.71,7315.78,-1
2026-04-09,2026-04-09 13:30:00,1575.0,1575.0,1574.93,1574.93,-0.0,4.71,7315.78,-1
2026-04-09,2026-04-09 13:31:00,1574.93,1574.93,1574.87,1574.87,-0.0,4.71,7315.78,-1
2026-04-09,2026-04-09 13:32:00,1574.87,1574.87,1574.8,1574.8,-0.0,4.71,7315.78,-1
2026-04-09,2026-04-09 13:33:00,1574.8,1574.8,1574.73,1574.73,-0.0,4.71,7315.78,-1
2026-04-09,2026-04-09 13:34:00,1574.73,1574.73,1574.67,1574.67,-0.0,4.71,7315.78,-1
2026-04-09,2026-04-09 13:35:00,1574.67,1574.67,1574.6,1574.6,-0.0,4.71,7315.78,-1
2026-04-09,2026-04-09 13:36:00,1574.6,1574.6,1574.53,1574.53,-0.0,4.71,7315.78,-1
2026-04-09,2026-04-09 13:37:00,1574.53,1574.53,1574.47,1574.47,-0.0,4.71,7315.78,-1
2026-04-09,2026-04-09 13:38:00,1574.47,1574.47,1574.4,1574.4,-0.0,4.71,7315.78,-1
2026-04-09,2026-04-09 13:39:00,1574.4,1574.4,1574.33,1574.33,-0.0,4.71,7315.78,-1
2026-04-09,2026-04-09 13:40:00,1574.33,1574.33,1574.27,1574.27,-0.0,4.71,7315.78,-1
2026-04-09,2026-04-09 13:41:00,1574.27,1574.27,1574.2,1574.2,-0.0,4.71,7315.78,-1
2026-04-09,2026-04-09 13:42:00,1574.2,1574.2,1574.13,1574.13,-0.0,4.71,7315.78,-1
2026-04-09,2026-04-09 13:43:00,1574.13,1574.13,1574.07,1574.07,-0.0,4.71,7315.78,-1
2026-04-09,2026-04-09 13:44:00,1574.07,1574.07,1574.0,1574.0,-0.0,4.71,7315.78,-1
2026-04-09,2026-04-09 13:45:00,1574.0,1574.0,1573.93,1573.93,-0.0,4.71,7315.78,-1
2026-04-09,2026-04-09 13:46:00,1573.93,1573.93,1573.87,1573.87,-0.0,4.71,7315.78,-1
2026-04-09,2026-04-09 13:47:00,1573.87,1573.87,1573.8,1573.8,-0.0,4.71,7315.78,-1
2026-04-09,2026-04-09 13:48:00,1573.8,1573.8,1573.73,1573.73,-0.0,4.71,7315.78,-1
2026-04-09,2026-04-09 13:49:00,1573.73,1573.73,1573.67,1573.67,-0.0,4.71,7315.78,-1
2026-04-09,2026-04-09 13:50:00,1573.67,1573.67,1573.6,1573.6,-0.0,4.71,7315.78,-1
2026-04-09,2026-04-09 13:51:00,1573.6,1573.6,1573.53,1573.53,-0.0,4.71,7315.78,-1
2026-04-09,2026-04-09 13:52:00,1573.53,1573.53,1573.47,1573.47,-0.0,4.71,7315.78,-1
2026-04-09,2026-04-09 13:53:00,1573.47,1573.47,1573.4,1573.4,-0.0,4.71,7315.78,-1
2026-04-09,2026-04-09 13:54:00,1573.4,1573.4,1573.33,1573.33,-0.0,4.71,7315.78,-1
2026-04-09,2026-04-09 13:55:00,1573.33,1573.33,1573.27,1573.27,-0.0,4.71,7315.78,-1
2026-04-09,2026-04-09 13:56:00,1573.27,1573.27,1573.2,1573.2,-0.0,4.71,7315.78,-1
2026-04-09,2026-04-09 13:57:00,1573.2,1573.2,1573.13,1573.13,-0.0,4.71,7315.78,-1
2026-04-09,2026-04-09 13:58:00,1573.13,1573.13,1573.07,1573.07,-0.0,4.71,7315.78,-1
2026-04-09,2026-04-09 13:59:00,1573.07,1573.07,1573.0,1573.0,-0.0,4.71,7315.78,-1
2026-04-09,2026-04-09 14:00:00,1573.0,1573.0,1572.93,1572.93,-0.0,4.71,7315.78,-1
2026-04-09,2026-04-09 14:01:00,1572.93,1572.93,1572.87,1572.87,-0.0,4.71,7315.78,-1
2026-04-09,2026-04-09 14:02:00,1572.87,1572.87,1572.8,1572.8,-0.0,4.71,7315.78,-1
2026-04-09,2026-04-09 14:03:00,1572.8,1572.8,1572.73,1572.73,-0.0,4.71,7315.78,-1
2026-04-09,2026-04-09 14:04:00,1572.73,1572.73,1572.67,1572.67,-0.0,4.71,7315.78,-1
2026-04-09,2026-04-09 14:05:00,1572.67,1572.67,1572.6,1572.6,-0.0,4.71,7315.78,-1
2026-04-09,2026-04-09 14:06:00,1572.6,1572.6,1572.53,1572.53,-0.0,4.71,7315.78,-1
2026-04-09,2026-04-09 14:07:00,1572.53,1572.53,1572.47,1572.47,-0.0,4.71,7315.78,-1
2026-04-09,2026-04-09 14:08:00,1572.47,1572.47,1572.4,1572.4,-0.0,4.71,7315.78,-1
2026-04-09,2026-04-09 14:09:00,1572.4,1572.4,1572.33,1572.33,-0.0,4.71,7315.78,-1
2026-04-09,2026-04-09 14:10:00,1572.33,1572.33,1572.27,1572.27,-0.0,4.71,7315.78,-1
2026-04-09,2026-04-09 14:11:00,1572.27,1572.27,1572.2,1572.2,-0.0,4.71,7315.78,-1
2026-04-09,2026-04-09 14:12:00,1572.2,1572.2,1572.13,1572.13,-0.0,4.71,7315.78,-1
2026-04-09,2026-04-09 14:13:00,1572.13,1572.13,1572.07,1572.07,-0.0,4.71,7315.78,-1
2026-04-09,2026-04-09 14:14:00,1572.07,1572.07,1572.0,1572.0,-0.0,4.71,7315.78,-1
2026-04-09,2026-04-09 14:15:00,1572.0,1572.0,1571.93,1571.93,-0.0,4.71,7315.78,-1
2026-04-09,2026-04-09 14:16:00,1571.93,1571.93,1571.87,1571.87,-0.0,4.71,7315.78,-1
2026-04-09,2026-04-09 14:17:00,1571.87,1571.87,1571.8,1571.8,-0.0,4.71,7315.78,-1
2026-04-09,2026-04-09 14:18:00,1571.8,1571.8,1571.73,1571.73,-0.0,4.71,7315.78,-1
2026-04-09,2026-04-09 14:19:00,1571.73,1571.73,1571.67,1571.67,-0.0,4.71,7315.78,-1
2026-04-09,2026-04-09 14:20:00,1571.67,1571.67,1571.6,1571.6,-0.0,4.71,7315.78,-1
2026-04-09,2026-04-09 14:21:00,1571.6,1571.6,1571.53,1571.53,-0.0,4.71,7315.78,-1
2026-04-09,2026-04-09 14:22:00,1571.53,1571.53,1571.47,1571.47,-0.0,4.71,7315.78,-1
2026-04-09,2026-04-09 14:23:00,1571.47,1571.47,1571.4,1571.4,-0.0,4.71,7315.78,-1
2026-04-09,2026-04-09 14:24:00,1571.4,1571.4,1571.33,1571.33,-0.0,4.71,7315.78,-1
2026-04-09,2026-04-09 14:25:00,1571.33,1571.33,1571.27,1571.27,-0.0,4.71,7315.78,-1
2026-04-09,2026-04-09 14:26:00,1571.27,1571.27,1571.2,1571.2,-0.0,4.71,7315.78,-1
2026-04-09,2026-04-09 14:27:00,1571.2,1571.2,1571.13,1571.13,-0.0,4.71,7315.78,-1
2026-04-09,2026-04-09 14:28:00,1571.13,1571.13,1571.07,1571.07,-0.0,4.71,7315.78,-1
2026-04-09,2026-04-09 14:29:00,1571.07,1571.07,1571.0,1571.0,-0.0,4.71,7315.78,-1
2026-04-09,2026-04-09 14:30:00,1571.0,1571.0,1570.93,1570.93,-0.0,4.71,7315.78,-1
2026-04-09,2026-04-09 14:31:00,1570.93,1570.93,1570.87,1570.87,-0.0,4.71,7315.78,-1
2026-04-09,2026-04-09 14:32:00,1570.87,1570.87,1570.8,1570.8,-0.0,4.71,7315.78,-1
2026-04-09,2026-04-09 14:33:00,1570.8,1570.8,1570.73,1570.73,-0.0,4.71,7315.78,-1
2026-04-09,2026-04-09 14:34:00,1570.73,1570.73,1570.67,1570.67,-0.0,4.71,7315.78,-1
2026-04-09,2026-04-09 14:35:00,1570.67,1570.67,1570.6,1570.6,-0.0,4.71,7315.78,-1
2026-04-09,2026-04-09 14:36:00,1570.6,1570.6,1570.53,1570.53,-0.0,4.71,7315.78,-1
2026-04-09,2026-04-09 14:37:00,1570.53,1570.53,1570.47,1570.47,-0.0,4.71,7315.78,-1
2026-04-09,2026-04-09 14:38:00,1570.47,1570.47,1570.4,1570.4,-0.0,4.71,7315.78,-1
2026-04-09,2026-04-09 14:39:00,1570.4,1570.4,1570.33,1570.33,-0.0,4.71,7315.78,-1
2026-04-09,2026-04-09 14:40:00,1570.33,1570.33,1570.27,1570.27,-0.0,4.71,7315.78,-1
2026-04-09,2026-04-09 14:41:00,1570.27,1570.27,1570.2,1570.2,-0.0,4.71,7315.78,-1
2026-04-09,2026-04-09 14:42:00,1570.2,1570.2,1570.13,1570.13,-0.0,4.71,7315.78,-1
2026-04-09,2026-04-09 14:43:00,1570.13,1570.13,1570.07,1570.07,-0.0,4.71,7315.78,-1
2026-04-09,2026-04-09 14:44:00,1570.07,1570.07,1570.0,1570.0,-0.0,4.71,7315.78,-1
2026-04-09,2026-04-09 14:45:00,1570.0,1570.0,1569.93,1569.93,-0.0,4.71,7315.78,-1
2026-04-09,2026-04-09 14:46:00,1569.93,1569.93,1569.87,1569.87,-0.0,4.71,7315.78,-1
2026-04-09,2026-04-09 14:47:00,1569.87,1569.87,1569.8,1569.8,-0.0,4.71,7315.78,-1
2026-04-09,2026-04-09 14:48:00,1569.8,1569.8,1569.73,1569.73,-0.0,4.71,7315.78,-1
2026-04-09,2026-04-09 14:49:00,1569.73,1569.73,1569.67,1569.67,-0.0,4.71,7315.78,-1
2026-04-09,2026-04-09 14:50:00,1569.67,1569.67,1569.6,1569.6,-0.0,4.71,7315.78,-1
2026-04-09,2026-04-09 14:51:00,1569.6,1569.6,1569.53,1569.53,-0.0,4.71,7315.78,-1
2026-04-09,2026-04-09 14:52:00,1569.53,1569.53,1569.47,1569.47,-0.0,4.71,7315.78,-1
2026-04-09,2026-04-09 14:53:00,1569.47,1569.47,1569.4,1569.4,-0.0,4.71,7315.78,-1
2026-04-09,2026-04-09 14:54:00,1569.4,1569.4,1569.33,1569.33,-0.0,4.71,7315.78,-1
2026-04-09,2026-04-09 14:55:00,1569.33,1569.33,1569.27,1569.27,-0.0,4.71,7315.78,-1
2026-04-09,2026-04-09 14:56:00,1569.27,1569.27,1569.2,1569.2,-0.0,4.71,7315.78,-1
2026-04-09,2026-04-09 14:57:00,1569.2,1569.2,1569.13,1569.13,-0.0,4.71,7315.78,-1
2026-04-09,2026-04-09 14:58:00,1569.13,1569.13,1569.07,1569.07,-0.0,4.71,7315.78,-1
2026-04-09,2026-04-09 14:59:00,1569.07,1569.07,1569.0,1569.0,-0.0,4.71,7315.78,-1
2026-04-09,2026-04-09 15:00:00,1569.0,1585.0,1534.1,1569.0,0.0,4.71,7315.78,0
2026-04-10,2026-04-10 11:00:00,1600.0,1600.0,1581.4,1599.88,-0.01,4.77,7476.18,-1
2026-04-10,2026-04-10 11:01:00,1599.88,1599.88,1599.75,1599.75,-0.01,4.77,7476.18,-1
2026-04-10,2026-04-10 11:02:00,1599.75,1599.75,1599.62,1599.62,-0.01,4.77,7476.18,-1
2026-04-10,2026-04-10 11:03:00,1599.62,1599.62,1599.5,1599.5,-0.01,4.77,7476.18,-1
2026-04-10,2026-04-10 11:04:00,1599.5,1599.5,1599.38,1599.38,-0.01,4.77,7476.18,-1
2026-04-10,2026-04-10 11:05:00,1599.38,1599.38,1599.25,1599.25,-0.01,4.77,7476.18,-1
2026-04-10,2026-04-10 11:06:00,1599.25,1599.25,1599.12,1599.12,-0.01,4.77,7476.18,-1
2026-04-10,2026-04-10 11:07:00,1599.12,1599.12,1599.0,1599.0,-0.01,4.77,7476.18,-1
2026-04-10,2026-04-10 11:08:00,1599.0,1599.0,1598.88,1598.88,-0.01,4.77,7476.18,-1
2026-04-10,2026-04-10 11:09:00,1598.88,1598.88,1598.75,1598.75,-0.01,4.77,7476.18,-1
2026-04-10,2026-04-10 11:10:00,1598.75,1598.75,1598.62,1598.62,-0.01,4.77,7476.18,-1
2026-04-10,2026-04-10 11:11:00,1598.62,1598.62,1598.5,1598.5,-0.01,4.77,7476.18,-1
2026-04-10,2026-04-10 11:12:00,1598.5,1598.5,1598.38,1598.38,-0.01,4.77,7476.18,-1
2026-04-10,2026-04-10 11:13:00,1598.38,1598.38,1598.25,1598.25,-0.01,4.77,7476.18,-1
2026-04-10,2026-04-10 11:14:00,1598.25,1598.25,1598.12,1598.12,-0.01,4.77,7476.18,-1
2026-04-10,2026-04-10 11:15:00,1598.12,1598.12,1598.0,1598.0,-0.01,4.77,7476.18,-1
2026-04-10,2026-04-10 11:16:00,1598.0,1598.0,1597.88,1597.88,-0.01,4.77,7476.18,-1
2026-04-10,2026-04-10 11:17:00,1597.88,1597.88,1597.75,1597.75,-0.01,4.77,7476.18,-1
2026-04-10,2026-04-10 11:18:00,1597.75,1597.75,1597.62,1597.62,-0.01,4.77,7476.18,-1
2026-04-10,2026-04-10 11:19:00,1597.62,1597.62,1597.5,1597.5,-0.01,4.77,7476.18,-1
2026-04-10,2026-04-10 11:20:00,1597.5,1597.5,1597.38,1597.38,-0.01,4.77,7476.18,-1
2026-04-10,2026-04-10 11:21:00,1597.38,1597.38,1597.25,1597.25,-0.01,4.77,7476.18,-1
2026-04-10,2026-04-10 11:22:00,1597.25,1597.25,1597.12,1597.12,-0.01,4.77,7476.18,-1
2026-04-10,2026-04-10 11:23:00,1597.12,1597.12,1597.0,1597.0,-0.01,4.77,7476.18,-1
2026-04-10,2026-04-10 11:24:00,1597.0,1597.0,1596.88,1596.88,-0.01,4.77,7476.18,-1
2026-04-10,2026-04-10 11:25:00,1596.88,1596.88,1596.75,1596.75,-0.01,4.77,7476.18,-1
2026-04-10,2026-04-10 11:26:00,1596.75,1596.75,1596.62,1596.62,-0.01,4.77,7476.18,-1
2026-04-10,2026-04-10 11:27:00,1596.62,1596.62,1596.5,1596.5,-0.01,4.77,7476.18,-1
2026-04-10,2026-04-10 11:28:00,1596.5,1596.5,1596.38,1596.38,-0.01,4.77,7476.18,-1
2026-04-10,2026-04-10 11:29:00,1596.38,1596.38,1596.25,1596.25,-0.01,4.77,7476.18,-1
2026-04-10,2026-04-10 11:30:00,1596.25,1596.25,1596.12,1596.12,-0.01,4.77,7476.18,-1
2026-04-10,2026-04-10 11:31:00,1596.12,1596.12,1596.0,1596.0,-0.01,4.77,7476.18,-1
2026-04-10,2026-04-10 11:32:00,1596.0,1596.0,1595.88,1595.88,-0.01,4.77,7476.18,-1
2026-04-10,2026-04-10 11:33:00,1595.88,1595.88,1595.75,1595.75,-0.01,4.77,7476.18,-1
2026-04-10,2026-04-10 11:34:00,1595.75,1595.75,1595.62,1595.62,-0.01,4.77,7476.18,-1
2026-04-10,2026-04-10 11:35:00,1595.62,1595.62,1595.5,1595.5,-0.01,4.77,7476.18,-1
2026-04-10,2026-04-10 11:36:00,1595.5,1595.5,1595.38,1595.38,-0.01,4.77,7476.18,-1
2026-04-10,2026-04-10 11:37:00,1595.38,1595.38,1595.25,1595.25,-0.01,4.77,7476.18,-1
2026-04-10,2026-04-10 11:38:00,1595.25,1595.25,1595.12,1595.12,-0.01,4.77,7476.18,-1
2026-04-10,2026-04-10 11:39:00,1595.12,1595.12,1595.0,1595.0,-0.01,4.77,7476.18,-1
2026-04-10,2026-04-10 11:40:00,1595.0,1595.0,1594.88,1594.88,-0.01,4.77,7476.18,-1
2026-04-10,2026-04-10 11:41:00,1594.88,1594.88,1594.75,1594.75,-0.01,4.77,7476.18,-1
2026-04-10,2026-04-10 11:42:00,1594.75,1594.75,1594.62,1594.62,-0.01,4.77,7476.18,-1
2026-04-10,2026-04-10 11:43:00,1594.62,1594.62,1594.5,1594.5,-0.01,4.77,7476.18,-1
2026-04-10,2026-04-10 11:44:00,1594.5,1594.5,1594.38,1594.38,-0.01,4.77,7476.18,-1
2026-04-10,2026-04-10 11:45:00,1594.38,1594.38,1594.25,1594.25,-0.01,4.77,7476.18,-1
2026-04-10,2026-04-10 11:46:00,1594.25,1594.25,1594.12,1594.12,-0.01,4.77,7476.18,-1
2026-04-10,2026-04-10 11:47:00,1594.12,1594.12,1594.0,1594.0,-0.01,4.77,7476.18,-1
2026-04-10,2026-04-10 11:48:00,1594.0,1594.0,1593.88,1593.88,-0.01,4.77,7476.18,-1
2026-04-10,2026-04-10 11:49:00,1593.88,1593.88,1593.75,1593.75,-0.01,4.77,7476.18,-1
2026-04-10,2026-04-10 11:50:00,1593.75,1593.75,1593.62,1593.62,-0.01,4.77,7476.18,-1
2026-04-10,2026-04-10 11:51:00,1593.62,1593.62,1593.5,1593.5,-0.01,4.77,7476.18,-1
2026-04-10,2026-04-10 11:52:00,1593.5,1593.5,1593.38,1593.38,-0.01,4.77,7476.18,-1
2026-04-10,2026-04-10 11:53:00,1593.38,1593.38,1593.25,1593.25,-0.01,4.77,7476.18,-1
2026-04-10,2026-04-10 11:54:00,1593.25,1593.25,1593.12,1593.12,-0.01,4.77,7476.18,-1
2026-04-10,2026-04-10 11:55:00,1593.12,1593.12,1593.0,1593.0,-0.01,4.77,7476.18,-1
2026-04-10,2026-04-10 11:56:00,1593.0,1593.0,1592.88,1592.88,-0.01,4.77,7476.18,-1
2026-04-10,2026-04-10 11:57:00,1592.88,1592.88,1592.75,1592.75,-0.01,4.77,7476.18,-1
2026-04-10,2026-04-10 11:58:00,1592.75,1592.75,1592.62,1592.62,-0.01,4.77,7476.18,-1
2026-04-10,2026-04-10 11:59:00,1592.62,1592.62,1592.5,1592.5,-0.01,4.77,7476.18,-1
2026-04-10,2026-04-10 12:00:00,1592.5,1592.5,1592.38,1592.38,-0.01,4.77,7476.18,-1
2026-04-10,2026-04-10 12:01:00,1592.38,1592.38,1592.25,1592.25,-0.01,4.77,7476.18,-1
2026-04-10,2026-04-10 12:02:00,1592.25,1592.25,1592.12,1592.12,-0.01,4.77,7476.18,-1
2026-04-10,2026-04-10 12:03:00,1592.12,1592.12,1592.0,1592.0,-0.01,4.77,7476.18,-1
2026-04-10,2026-04-10 12:04:00,1592.0,1592.0,1591.88,1591.88,-0.01,4.77,7476.18,-1
2026-04-10,2026-04-10 12:05:00,1591.88,1591.88,1591.75,1591.75,-0.01,4.77,7476.18,-1
2026-04-10,2026-04-10 12:06:00,1591.75,1591.75,1591.62,1591.62,-0.01,4.77,7476.18,-1
2026-04-10,2026-04-10 12:07:00,1591.62,1591.62,1591.5,1591.5,-0.01,4.77,7476.18,-1
2026-04-10,2026-04-10 12:08:00,1591.5,1591.5,1591.38,1591.38,-0.01,4.77,7476.18,-1
2026-04-10,2026-04-10 12:09:00,1591.38,1591.38,1591.25,1591.25,-0.01,4.77,7476.18,-1
2026-04-10,2026-04-10 12:10:00,1591.25,1591.25,1591.12,1591.12,-0.01,4.77,7476.18,-1
2026-04-10,2026-04-10 12:11:00,1591.12,1591.12,1591.0,1591.0,-0.01,4.77,7476.18,-1
2026-04-10,2026-04-10 12:12:00,1591.0,1591.0,1590.88,1590.88,-0.01,4.77,7476.18,-1
2026-04-10,2026-04-10 12:13:00,1590.88,1590.88,1590.75,1590.75,-0.01,4.77,7476.18,-1
2026-04-10,2026-04-10 12:14:00,1590.75,1590.75,1590.62,1590.62,-0.01,4.77,7476.18,-1
2026-04-10,2026-04-10 12:15:00,1590.62,1590.62,1590.5,1590.5,-0.01,4.77,7476.18,-1
2026-04-10,2026-04-10 12:16:00,1590.5,1590.5,1590.38,1590.38,-0.01,4.77,7476.18,-1
2026-04-10,2026-04-10 12:17:00,1590.38,1590.38,1590.25,1590.25,-0.01,4.77,7476.18,-1
2026-04-10,2026-04-10 12:18:00,1590.25,1590.25,1590.12,1590.12,-0.01,4.77,7476.18,-1
2026-04-10,2026-04-10 12:19:00,1590.12,1590.12,1590.0,1590.0,-0.01,4.77,7476.18,-1
2026-04-10,2026-04-10 12:20:00,1590.0,1590.0,1589.88,1589.88,-0.01,4.77,7476.18,-1
2026-04-10,2026-04-10 12:21:00,1589.88,1589.88,1589.75,1589.75,-0.01,4.77,7476.18,-1
2026-04-10,2026-04-10 12:22:00,1589.75,1589.75,1589.62,1589.62,-0.01,4.77,7476.18,-1
2026-04-10,2026-04-10 12:23:00,1589.62,1589.62,1589.5,1589.5,-0.01,4.77,7476.18,-1
2026-04-10,2026-04-10 12:24:00,1589.5,1589.5,1589.38,1589.38,-0.01,4.77,7476.18,-1
2026-04-10,2026-04-10 12:25:00,1589.38,1589.38,1589.25,1589.25,-0.01,4.77,7476.18,-1
2026-04-10,2026-04-10 12:26:00,1589.25,1589.25,1589.12,1589.12,-0.01,4.77,7476.18,-1
2026-04-10,2026-04-10 12:27:00,1589.12,1589.12,1589.0,1589.0,-0.01,4.77,7476.18,-1
2026-04-10,2026-04-10 12:28:00,1589.0,1589.0,1588.88,1588.88,-0.01,4.77,7476.18,-1
2026-04-10,2026-04-10 12:29:00,1588.88,1588.88,1588.75,1588.75,-0.01,4.77,7476.18,-1
2026-04-10,2026-04-10 12:30:00,1588.75,1588.75,1588.62,1588.62,-0.01,4.77,7476.18,-1
2026-04-10,2026-04-10 12:31:00,1588.62,1588.62,1588.5,1588.5,-0.01,4.77,7476.18,-1
2026-04-10,2026-04-10 12:32:00,1588.5,1588.5,1588.38,1588.38,-0.01,4.77,7476.18,-1
2026-04-10,2026-04-10 12:33:00,1588.38,1588.38,1588.25,1588.25,-0.01,4.77,7476.18,-1
2026-04-10,2026-04-10 12:34:00,1588.25,1588.25,1588.12,1588.12,-0.01,4.77,7476.18,-1
2026-04-10,2026-04-10 12:35:00,1588.12,1588.12,1588.0,1588.0,-0.01,4.77,7476.18,-1
2026-04-10,2026-04-10 12:36:00,1588.0,1588.0,1587.88,1587.88,-0.01,4.77,7476.18,-1
2026-04-10,2026-04-10 12:37:00,1587.88,1587.88,1587.75,1587.75,-0.01,4.77,7476.18,-1
2026-04-10,2026-04-10 12:38:00,1587.75,1587.75,1587.62,1587.62,-0.01,4.77,7476.18,-1
2026-04-10,2026-04-10 12:39:00,1587.62,1587.62,1587.5,1587.5,-0.01,4.77,7476.18,-1
2026-04-10,2026-04-10 12:40:00,1587.5,1587.5,1587.38,1587.38,-0.01,4.77,7476.18,-1
2026-04-10,2026-04-10 12:41:00,1587.38,1587.38,1587.25,1587.25,-0.01,4.77,7476.18,-1
2026-04-10,2026-04-10 12:42:00,1587.25,1587.25,1587.12,1587.12,-0.01,4.77,7476.18,-1
2026-04-10,2026-04-10 12:43:00,1587.12,1587.12,1587.0,1587.0,-0.01,4.77,7476.18,-1
2026-04-10,2026-04-10 12:44:00,1587.0,1587.0,1586.88,1586.88,-0.01,4.77,7476.18,-1
2026-04-10,2026-04-10 12:45:00,1586.88,1586.88,1586.75,1586.75,-0.01,4.77,7476.18,-1
2026-04-10,2026-04-10 12:46:00,1586.75,1586.75,1586.62,1586.62,-0.01,4.77,7476.18,-1
2026-04-10,2026-04-10 12:47:00,1586.62,1586.62,1586.5,1586.5,-0.01,4.77,7476.18,-1
2026-04-10,2026-04-10 12:48:00,1586.5,1586.5,1586.38,1586.38,-0.01,4.77,7476.18,-1
2026-04-10,2026-04-10 12:49:00,1586.38,1586.38,1586.25,1586.25,-0.01,4.77,7476.18,-1
2026-04-10,2026-04-10 12:50:00,1586.25,1586.25,1586.12,1586.12,-0.01,4.77,7476.18,-1
2026-04-10,2026-04-10 12:51:00,1586.12,1586.12,1586.0,1586.0,-0.01,4.77,7476.18,-1
2026-04-10,2026-04-10 12:52:00,1586.0,1586.0,1585.88,1585.88,-0.01,4.77,7476.18,-1
2026-04-10,2026-04-10 12:53:00,1585.88,1585.88,1585.75,1585.75,-0.01,4.77,7476.18,-1
2026-04-10,2026-04-10 12:54:00,1585.75,1585.75,1585.62,1585.62,-0.01,4.77,7476.18,-1
2026-04-10,2026-04-10 12:55:00,1585.62,1585.62,1585.5,1585.5,-0.01,4.77,7476.18,-1
2026-04-10,2026-04-10 12:56:00,1585.5,1585.5,1585.38,1585.38,-0.01,4.77,7476.18,-1
2026-04-10,2026-04-10 12:57:00,1585.38,1585.38,1585.25,1585.25,-0.01,4.77,7476.18,-1
2026-04-10,2026-04-10 12:58:00,1585.25,1585.25,1585.12,1585.12,-0.01,4.77,7476.18,-1
2026-04-10,2026-04-10 12:59:00,1585.12,1585.12,1585.0,1585.0,-0.01,4.77,7476.18,-1
2026-04-10,2026-04-10 13:00:00,1585.0,1600.0,1538.0,1584.88,-0.01,4.77,7476.18,-1
2026-04-10,2026-04-10 13:01:00,1584.88,1584.88,1584.75,1584.75,-0.01,4.77,7476.18,-1
2026-04-10,2026-04-10 13:02:00,1584.75,1584.75,1584.62,1584.62,-0.01,4.77,7476.18,-1
2026-04-10,2026-04-10 13:03:00,1584.62,1584.62,1584.5,1584.5,-0.01,4.77,7476.18,-1
2026-04-10,2026-04-10 13:04:00,1584.5,1584.5,1584.38,1584.38,-0.01,4.77,7476.18,-1
2026-04-10,2026-04-10 13:05:00,1584.38,1584.38,1584.25,1584.25,-0.01,4.77,7476.18,-1
2026-04-10,2026-04-10 13:06:00,1584.25,1584.25,1584.12,1584.12,-0.01,4.77,7476.18,-1
2026-04-10,2026-04-10 13:07:00,1584.12,1584.12,1584.0,1584.0,-0.01,4.77,7476.18,-1
2026-04-10,2026-04-10 13:08:00,1584.0,1584.0,1583.88,1583.88,-0.01,4.77,7476.18,-1
2026-04-10,2026-04-10 13:09:00,1583.88,1583.88,1583.75,1583.75,-0.01,4.77,7476.18,-1
2026-04-10,2026-04-10 13:10:00,1583.75,1583.75,1583.62,1583.62,-0.01,4.77,7476.18,-1
2026-04-10,2026-04-10 13:11:00,1583.62,1583.62,1583.5,1583.5,-0.01,4.77,7476.18,-1
2026-04-10,2026-04-10 13:12:00,1583.5,1583.5,1583.38,1583.38,-0.01,4.77,7476.18,-1
2026-04-10,2026-04-10 13:13:00,1583.38,1583.38,1583.25,1583.25,-0.01,4.77,7476.18,-1
2026-04-10,2026-04-10 13:14:00,1583.25,1583.25,1583.12,1583.12,-0.01,4.77,7476.18,-1
2026-04-10,2026-04-10 13:15:00,1583.12,1583.12,1583.0,1583.0,-0.01,4.77,7476.18,-1
2026-04-10,2026-04-10 13:16:00,1583.0,1583.0,1582.88,1582.88,-0.01,4.77,7476.18,-1
2026-04-10,2026-04-10 13:17:00,1582.88,1582.88,1582.75,1582.75,-0.01,4.77,7476.18,-1
2026-04-10,2026-04-10 13:18:00,1582.75,1582.75,1582.62,1582.62,-0.01,4.77,7476.18,-1
2026-04-10,2026-04-10 13:19:00,1582.62,1582.62,1582.5,1582.5,-0.01,4.77,7476.18,-1
2026-04-10,2026-04-10 13:20:00,1582.5,1582.5,1582.38,1582.38,-0.01,4.77,7476.18,-1
2026-04-10,2026-04-10 13:21:00,1582.38,1582.38,1582.25,1582.25,-0.01,4.77,7476.18,-1
2026-04-10,2026-04-10 13:22:00,1582.25,1582.25,1582.12,1582.12,-0.01,4.77,7476.18,-1
2026-04-10,2026-04-10 13:23:00,1582.12,1582.12,1582.0,1582.0,-0.01,4.77,7476.18,-1
2026-04-10,2026-04-10 13:24:00,1582.0,1582.0,1581.88,1581.88,-0.01,4.77,7476.18,-1
2026-04-10,2026-04-10 13:25:00,1581.88,1581.88,1581.75,1581.75,-0.01,4.77,7476.18,-1
2026-04-10,2026-04-10 13:26:00,1581.75,1581.75,1581.62,1581.62,-0.01,4.77,7476.18,-1
2026-04-10,2026-04-10 13:27:00,1581.62,1581.62,1581.5,1581.5,-0.01,4.77,7476.18,-1
2026-04-10,2026-04-10 13:28:00,1581.5,1581.5,1581.38,1581.38,-0.01,4.77,7476.18,-1
2026-04-10,2026-04-10 13:29:00,1581.38,1581.38,1581.25,1581.25,-0.01,4.77,7476.18,-1
2026-04-10,2026-04-10 13:30:00,1581.25,1581.25,1581.12,1581.12,-0.01,4.77,7476.18,-1
2026-04-10,2026-04-10 13:31:00,1581.12,1581.12,1581.0,1581.0,-0.01,4.77,7476.18,-1
2026-04-10,2026-04-10 13:32:00,1581.0,1581.0,1580.88,1580.88,-0.01,4.77,7476.18,-1
2026-04-10,2026-04-10 13:33:00,1580.88,1580.88,1580.75,1580.75,-0.01,4.77,7476.18,-1
2026-04-10,2026-04-10 13:34:00,1580.75,1580.75,1580.62,1580.62,-0.01,4.77,7476.18,-1
2026-04-10,2026-04-10 13:35:00,1580.62,1580.62,1580.5,1580.5,-0.01,4.77,7476.18,-1
2026-04-10,2026-04-10 13:36:00,1580.5,1580.5,1580.38,1580.38,-0.01,4.77,7476.18,-1
2026-04-10,2026-04-10 13:37:00,1580.38,1580.38,1580.25,1580.25,-0.01,4.77,7476.18,-1
2026-04-10,2026-04-10 13:38:00,1580.25,1580.25,1580.12,1580.12,-0.01,4.77,7476.18,-1
2026-04-10,2026-04-10 13:39:00,1580.12,1580.12,1580.0,1580.0,-0.01,4.77,7476.18,-1
2026-04-10,2026-04-10 13:40:00,1580.0,1580.0,1579.88,1579.88,-0.01,4.77,7476.18,-1
2026-04-10,2026-04-10 13:41:00,1579.88,1579.88,1579.75,1579.75,-0.01,4.77,7476.18,-1
2026-04-10,2026-04-10 13:42:00,1579.75,1579.75,1579.62,1579.62,-0.01,4.77,7476.18,-1
2026-04-10,2026-04-10 13:43:00,1579.62,1579.62,1579.5,1579.5,-0.01,4.77,7476.18,-1
2026-04-10,2026-04-10 13:44:00,1579.5,1579.5,1579.38,1579.38,-0.01,4.77,7476.18,-1
2026-04-10,2026-04-10 13:45:00,1579.38,1579.38,1579.25,1579.25,-0.01,4.77,7476.18,-1
2026-04-10,2026-04-10 13:46:00,1579.25,1579.25,1579.12,1579.12,-0.01,4.77,7476.18,-1
2026-04-10,2026-04-10 13:47:00,1579.12,1579.12,1579.0,1579.0,-0.01,4.77,7476.18,-1
2026-04-10,2026-04-10 13:48:00,1579.0,1579.0,1578.88,1578.88,-0.01,4.77,7476.18,-1
2026-04-10,2026-04-10 13:49:00,1578.88,1578.88,1578.75,1578.75,-0.01,4.77,7476.18,-1
2026-04-10,2026-04-10 13:50:00,1578.75,1578.75,1578.62,1578.62,-0.01,4.77,7476.18,-1
2026-04-10,2026-04-10 13:51:00,1578.62,1578.62,1578.5,1578.5,-0.01,4.77,7476.18,-1
2026-04-10,2026-04-10 13:52:00,1578.5,1578.5,1578.38,1578.38,-0.01,4.77,7476.18,-1
2026-04-10,2026-04-10 13:53:00,1578.38,1578.38,1578.25,1578.25,-0.01,4.77,7476.18,-1
2026-04-10,2026-04-10 13:54:00,1578.25,1578.25,1578.12,1578.12,-0.01,4.77,7476.18,-1
2026-04-10,2026-04-10 13:55:00,1578.12,1578.12,1578.0,1578.0,-0.01,4.77,7476.18,-1
2026-04-10,2026-04-10 13:56:00,1578.0,1578.0,1577.88,1577.88,-0.01,4.77,7476.18,-1
2026-04-10,2026-04-10 13:57:00,1577.88,1577.88,1577.75,1577.75,-0.01,4.77,7476.18,-1
2026-04-10,2026-04-10 13:58:00,1577.75,1577.75,1577.62,1577.62,-0.01,4.77,7476.18,-1
2026-04-10,2026-04-10 13:59:00,1577.62,1577.62,1577.5,1577.5,-0.01,4.77,7476.18,-1
2026-04-10,2026-04-10 14:00:00,1577.5,1577.5,1577.38,1577.38,-0.01,4.77,7476.18,-1
2026-04-10,2026-04-10 14:01:00,1577.38,1577.38,1577.25,1577.25,-0.01,4.77,7476.18,-1
2026-04-10,2026-04-10 14:02:00,1577.25,1577.25,1577.12,1577.12,-0.01,4.77,7476.18,-1
2026-04-10,2026-04-10 14:03:00,1577.12,1577.12,1577.0,1577.0,-0.01,4.77,7476.18,-1
2026-04-10,2026-04-10 14:04:00,1577.0,1577.0,1576.88,1576.88,-0.01,4.77,7476.18,-1
2026-04-10,2026-04-10 14:05:00,1576.88,1576.88,1576.75,1576.75,-0.01,4.77,7476.18,-1
2026-04-10,2026-04-10 14:06:00,1576.75,1576.75,1576.62,1576.62,-0.01,4.77,7476.18,-1
2026-04-10,2026-04-10 14:07:00,1576.62,1576.62,1576.5,1576.5,-0.01,4.77,7476.18,-1
2026-04-10,2026-04-10 14:08:00,1576.5,1576.5,1576.38,1576.38,-0.01,4.77,7476.18,-1
2026-04-10,2026-04-10 14:09:00,1576.38,1576.38,1576.25,1576.25,-0.01,4.77,7476.18,-1
2026-04-10,2026-04-10 14:10:00,1576.25,1576.25,1576.12,1576.12,-0.01,4.77,7476.18,-1
2026-04-10,2026-04-10 14:11:00,1576.12,1576.12,1576.0,1576.0,-0.01,4.77,7476.18,-1
2026-04-10,2026-04-10 14:12:00,1576.0,1576.0,1575.88,1575.88,-0.01,4.77,7476.18,-1
2026-04-10,2026-04-10 14:13:00,1575.88,1575.88,1575.75,1575.75,-0.01,4.77,7476.18,-1
2026-04-10,2026-04-10 14:14:00,1575.75,1575.75,1575.62,1575.62,-0.01,4.77,7476.18,-1
2026-04-10,2026-04-10 14:15:00,1575.62,1575.62,1575.5,1575.5,-0.01,4.77,7476.18,-1
2026-04-10,2026-04-10 14:16:00,1575.5,1575.5,1575.38,1575.38,-0.01,4.77,7476.18,-1
2026-04-10,2026-04-10 14:17:00,1575.38,1575.38,1575.25,1575.25,-0.01,4.77,7476.18,-1
2026-04-10,2026-04-10 14:18:00,1575.25,1575.25,1575.12,1575.12,-0.01,4.77,7476.18,-1
2026-04-10,2026-04-10 14:19:00,1575.12,1575.12,1575.0,1575.0,-0.01,4.77,7476.18,-1
2026-04-10,2026-04-10 14:20:00,1575.0,1575.0,1574.88,1574.88,-0.01,4.77,7476.18,-1
2026-04-10,2026-04-10 14:21:00,1574.88,1574.88,1574.75,1574.75,-0.01,4.77,7476.18,-1
2026-04-10,2026-04-10 14:22:00,1574.75,1574.75,1574.62,1574.62,-0.01,4.77,7476.18,-1
2026-04-10,2026-04-10 14:23:00,1574.62,1574.62,1574.5,1574.5,-0.01,4.77,7476.18,-1
2026-04-10,2026-04-10 14:24:00,1574.5,1574.5,1574.38,1574.38,-0.01,4.77,7476.18,-1
2026-04-10,2026-04-10 14:25:00,1574.38,1574.38,1574.25,1574.25,-0.01,4.77,7476.18,-1
2026-04-10,2026-04-10 14:26:00,1574.25,1574.25,1574.12,1574.12,-0.01,4.77,7476.18,-1
2026-04-10,2026-04-10 14:27:00,1574.12,1574.12,1574.0,1574.0,-0.01,4.77,7476.18,-1
2026-04-10,2026-04-10 14:28:00,1574.0,1574.0,1573.88,1573.88,-0.01,4.77,7476.18,-1
2026-04-10,2026-04-10 14:29:00,1573.88,1573.88,1573.75,1573.75,-0.01,4.77,7476.18,-1
2026-04-10,2026-04-10 14:30:00,1573.75,1573.75,1573.62,1573.62,-0.01,4.77,7476.18,-1
2026-04-10,2026-04-10 14:31:00,1573.62,1573.62,1573.5,1573.5,-0.01,4.77,7476.18,-1
2026-04-10,2026-04-10 14:32:00,1573.5,1573.5,1573.38,1573.38,-0.01,4.77,7476.18,-1
2026-04-10,2026-04-10 14:33:00,1573.38,1573.38,1573.25,1573.25,-0.01,4.77,7476.18,-1
2026-04-10,2026-04-10 14:34:00,1573.25,1573.25,1573.12,1573.12,-0.01,4.77,7476.18,-1
2026-04-10,2026-04-10 14:35:00,1573.12,1573.12,1573.0,1573.0,-0.01,4.77,7476.18,-1
2026-04-10,2026-04-10 14:36:00,1573.0,1573.0,1572.88,1572.88,-0.01,4.77,7476.18,-1
2026-04-10,2026-04-10 14:37:00,1572.88,1572.88,1572.75,1572.75,-0.01,4.77,7476.18,-1
2026-04-10,2026-04-10 14:38:00,1572.75,1572.75,1572.62,1572.62,-0.01,4.77,7476.18,-1
2026-04-10,2026-04-10 14:39:00,1572.62,1572.62,1572.5,1572.5,-0.01,4.77,7476.18,-1
2026-04-10,2026-04-10 14:40:00,1572.5,1572.5,1572.38,1572.38,-0.01,4.77,7476.18,-1
2026-04-10,2026-04-10 14:41:00,1572.38,1572.38,1572.25,1572.25,-0.01,4.77,7476.18,-1
2026-04-10,2026-04-10 14:42:00,1572.25,1572.25,1572.12,1572.12,-0.01,4.77,7476.18,-1
2026-04-10,2026-04-10 14:43:00,1572.12,1572.12,1572.0,1572.0,-0.01,4.77,7476.18,-1
2026-04-10,2026-04-10 14:44:00,1572.0,1572.0,1571.88,1571.88,-0.01,4.77,7476.18,-1
2026-04-10,2026-04-10 14:45:00,1571.88,1571.88,1571.75,1571.75,-0.01,4.77,7476.18,-1
2026-04-10,2026-04-10 14:46:00,1571.75,1571.75,1571.62,1571.62,-0.01,4.77,7476.18,-1
2026-04-10,2026-04-10 14:47:00,1571.62,1571.62,1571.5,1571.5,-0.01,4.77,7476.18,-1
2026-04-10,2026-04-10 14:48:00,1571.5,1571.5,1571.38,1571.38,-0.01,4.77,7476.18,-1
2026-04-10,2026-04-10 14:49:00,1571.38,1571.38,1571.25,1571.25,-0.01,4.77,7476.18,-1
2026-04-10,2026-04-10 14:50:00,1571.25,1571.25,1571.12,1571.12,-0.01,4.77,7476.18,-1
2026-04-10,2026-04-10 14:51:00,1571.12,1571.12,1571.0,1571.0,-0.01,4.77,7476.18,-1
2026-04-10,2026-04-10 14:52:00,1571.0,1571.0,1570.88,1570.88,-0.01,4.77,7476.18,-1
2026-04-10,2026-04-10 14:53:00,1570.88,1570.88,1570.75,1570.75,-0.01,4.77,7476.18,-1
2026-04-10,2026-04-10 14:54:00,1570.75,1570.75,1570.62,1570.62,-0.01,4.77,7476.18,-1
2026-04-10,2026-04-10 14:55:00,1570.62,1570.62,1570.5,1570.5,-0.01,4.77,7476.18,-1
2026-04-10,2026-04-10 14:56:00,1570.5,1570.5,1570.38,1570.38,-0.01,4.77,7476.18,-1
2026-04-10,2026-04-10 14:57:00,1570.38,1570.38,1570.25,1570.25,-0.01,4.77,7476.18,-1
2026-04-10,2026-04-10 14:58:00,1570.25,1570.25,1570.12,1570.12,-0.01,4.77,7476.18,-1
2026-04-10,2026-04-10 14:59:00,1570.12,1570.12,1570.0,1570.0,-0.01,4.77,7476.18,-1
2026-04-10,2026-04-10 15:00:00,1570.0,1600.0,1538.0,1570.0,0.0,4.77,7476.18,0
2026-04-13,2026-04-13 11:00:00,1552.0,1555.9,1551.7,1552.05,0.0,0.74,1147.22,1
2026-04-13,2026-04-13 11:01:00,1552.05,1552.09,1552.05,1552.09,0.0,0.74,1147.22,1
2026-04-13,2026-04-13 11:02:00,1552.09,1552.14,1552.09,1552.14,0.0,0.74,1147.22,1
2026-04-13,2026-04-13 11:03:00,1552.14,1552.18,1552.14,1552.18,0.0,0.74,1147.22,1
2026-04-13,2026-04-13 11:04:00,1552.18,1552.23,1552.18,1552.23,0.0,0.74,1147.22,1
2026-04-13,2026-04-13 11:05:00,1552.23,1552.28,1552.23,1552.28,0.0,0.74,1147.22,1
2026-04-13,2026-04-13 11:06:00,1552.28,1552.32,1552.28,1552.32,0.0,0.74,1147.22,1
2026-04-13,2026-04-13 11:07:00,1552.32,1552.37,1552.32,1552.37,0.0,0.74,1147.22,1
2026-04-13,2026-04-13 11:08:00,1552.37,1552.41,1552.37,1552.41,0.0,0.74,1147.22,1
2026-04-13,2026-04-13 11:09:00,1552.41,1552.46,1552.41,1552.46,0.0,0.74,1147.22,1
2026-04-13,2026-04-13 11:10:00,1552.46,1552.5,1552.46,1552.5,0.0,0.74,1147.22,1
2026-04-13,2026-04-13 11:11:00,1552.5,1552.55,1552.5,1552.55,0.0,0.74,1147.22,1
2026-04-13,2026-04-13 11:12:00,1552.55,1552.6,1552.55,1552.6,0.0,0.74,1147.22,1
2026-04-13,2026-04-13 11:13:00,1552.6,1552.64,1552.6,1552.64,0.0,0.74,1147.22,1
2026-04-13,2026-04-13 11:14:00,1552.64,1552.69,1552.64,1552.69,0.0,0.74,1147.22,1
2026-04-13,2026-04-13 11:15:00,1552.69,1552.73,1552.69,1552.73,0.0,0.74,1147.22,1
2026-04-13,2026-04-13 11:16:00,1552.73,1552.78,1552.73,1552.78,0.0,0.74,1147.22,1
2026-04-13,2026-04-13 11:17:00,1552.78,1552.83,1552.78,1552.83,0.0,0.74,1147.22,1
2026-04-13,2026-04-13 11:18:00,1552.83,1552.87,1552.83,1552.87,0.0,0.74,1147.22,1
2026-04-13,2026-04-13 11:19:00,1552.87,1552.92,1552.87,1552.92,0.0,0.74,1147.22,1
2026-04-13,2026-04-13 11:20:00,1552.92,1552.96,1552.92,1552.96,0.0,0.74,1147.22,1
2026-04-13,2026-04-13 11:21:00,1552.96,1553.01,1552.96,1553.01,0.0,0.74,1147.22,1
2026-04-13,2026-04-13 11:22:00,1553.01,1553.05,1553.01,1553.05,0.0,0.74,1147.22,1
2026-04-13,2026-04-13 11:23:00,1553.05,1553.1,1553.05,1553.1,0.0,0.74,1147.22,1
2026-04-13,2026-04-13 11:24:00,1553.1,1553.15,1553.1,1553.15,0.0,0.74,1147.22,1
2026-04-13,2026-04-13 11:25:00,1553.15,1553.19,1553.15,1553.19,0.0,0.74,1147.22,1
2026-04-13,2026-04-13 11:26:00,1553.19,1553.24,1553.19,1553.24,0.0,0.74,1147.22,1
2026-04-13,2026-04-13 11:27:00,1553.24,1553.28,1553.24,1553.28,0.0,0.74,1147.22,1
2026-04-13,2026-04-13 11:28:00,1553.28,1553.33,1553.28,1553.33,0.0,0.74,1147.22,1
2026-04-13,2026-04-13 11:29:00,1553.33,1553.38,1553.33,1553.38,0.0,0.74,1147.22,1
2026-04-13,2026-04-13 11:30:00,1553.38,1553.42,1553.38,1553.42,0.0,0.74,1147.22,1
2026-04-13,2026-04-13 11:31:00,1553.42,1553.47,1553.42,1553.47,0.0,0.74,1147.22,1
2026-04-13,2026-04-13 11:32:00,1553.47,1553.51,1553.47,1553.51,0.0,0.74,1147.22,1
2026-04-13,2026-04-13 11:33:00,1553.51,1553.56,1553.51,1553.56,0.0,0.74,1147.22,1
2026-04-13,2026-04-13 11:34:00,1553.56,1553.6,1553.56,1553.6,0.0,0.74,1147.22,1
2026-04-13,2026-04-13 11:35:00,1553.6,1553.65,1553.6,1553.65,0.0,0.74,1147.22,1
2026-04-13,2026-04-13 11:36:00,1553.65,1553.7,1553.65,1553.7,0.0,0.74,1147.22,1
2026-04-13,2026-04-13 11:37:00,1553.7,1553.74,1553.7,1553.74,0.0,0.74,1147.22,1
2026-04-13,2026-04-13 11:38:00,1553.74,1553.79,1553.74,1553.79,0.0,0.74,1147.22,1
2026-04-13,2026-04-13 11:39:00,1553.79,1553.83,1553.79,1553.83,0.0,0.74,1147.22,1
2026-04-13,2026-04-13 11:40:00,1553.83,1553.88,1553.83,1553.88,0.0,0.74,1147.22,1
2026-04-13,2026-04-13 11:41:00,1553.88,1553.92,1553.88,1553.92,0.0,0.74,1147.22,1
2026-04-13,2026-04-13 11:42:00,1553.92,1553.97,1553.92,1553.97,0.0,0.74,1147.22,1
2026-04-13,2026-04-13 11:43:00,1553.97,1554.02,1553.97,1554.02,0.0,0.74,1147.22,1
2026-04-13,2026-04-13 11:44:00,1554.02,1554.06,1554.02,1554.06,0.0,0.74,1147.22,1
2026-04-13,2026-04-13 11:45:00,1554.06,1554.11,1554.06,1554.11,0.0,0.74,1147.22,1
2026-04-13,2026-04-13 11:46:00,1554.11,1554.15,1554.11,1554.15,0.0,0.74,1147.22,1
2026-04-13,2026-04-13 11:47:00,1554.15,1554.2,1554.15,1554.2,0.0,0.74,1147.22,1
2026-04-13,2026-04-13 11:48:00,1554.2,1554.25,1554.2,1554.25,0.0,0.74,1147.22,1
2026-04-13,2026-04-13 11:49:00,1554.25,1554.29,1554.25,1554.29,0.0,0.74,1147.22,1
2026-04-13,2026-04-13 11:50:00,1554.29,1554.34,1554.29,1554.34,0.0,0.74,1147.22,1
2026-04-13,2026-04-13 11:51:00,1554.34,1554.38,1554.34,1554.38,0.0,0.74,1147.22,1
2026-04-13,2026-04-13 11:52:00,1554.38,1554.43,1554.38,1554.43,0.0,0.74,1147.22,1
2026-04-13,2026-04-13 11:53:00,1554.43,1554.47,1554.43,1554.47,0.0,0.74,1147.22,1
2026-04-13,2026-04-13 11:54:00,1554.47,1554.52,1554.47,1554.52,0.0,0.74,1147.22,1
2026-04-13,2026-04-13 11:55:00,1554.52,1554.57,1554.52,1554.57,0.0,0.74,1147.22,1
2026-04-13,2026-04-13 11:56:00,1554.57,1554.61,1554.57,1554.61,0.0,0.74,1147.22,1
2026-04-13,2026-04-13 11:57:00,1554.61,1554.66,1554.61,1554.66,0.0,0.74,1147.22,1
2026-04-13,2026-04-13 11:58:00,1554.66,1554.7,1554.66,1554.7,0.0,0.74,1147.22,1
2026-04-13,2026-04-13 11:59:00,1554.7,1554.75,1554.7,1554.75,0.0,0.74,1147.22,1
2026-04-13,2026-04-13 12:00:00,1554.75,1554.8,1554.75,1554.8,0.0,0.74,1147.22,1
2026-04-13,2026-04-13 12:01:00,1554.8,1554.84,1554.8,1554.84,0.0,0.74,1147.22,1
2026-04-13,2026-04-13 12:02:00,1554.84,1554.89,1554.84,1554.89,0.0,0.74,1147.22,1
2026-04-13,2026-04-13 12:03:00,1554.89,1554.93,1554.89,1554.93,0.0,0.74,1147.22,1
2026-04-13,2026-04-13 12:04:00,1554.93,1554.98,1554.93,1554.98,0.0,0.74,1147.22,1
2026-04-13,2026-04-13 12:05:00,1554.98,1555.03,1554.98,1555.03,0.0,0.74,1147.22,1
2026-04-13,2026-04-13 12:06:00,1555.03,1555.07,1555.03,1555.07,0.0,0.74,1147.22,1
2026-04-13,2026-04-13 12:07:00,1555.07,1555.12,1555.07,1555.12,0.0,0.74,1147.22,1
2026-04-13,2026-04-13 12:08:00,1555.12,1555.16,1555.12,1555.16,0.0,0.74,1147.22,1
2026-04-13,2026-04-13 12:09:00,1555.16,1555.21,1555.16,1555.21,0.0,0.74,1147.22,1
2026-04-13,2026-04-13 12:10:00,1555.21,1555.25,1555.21,1555.25,0.0,0.74,1147.22,1
2026-04-13,2026-04-13 12:11:00,1555.25,1555.3,1555.25,1555.3,0.0,0.74,1147.22,1
2026-04-13,2026-04-13 12:12:00,1555.3,1555.35,1555.3,1555.35,0.0,0.74,1147.22,1
2026-04-13,2026-04-13 12:13:00,1555.35,1555.39,1555.35,1555.39,0.0,0.74,1147.22,1
2026-04-13,2026-04-13 12:14:00,1555.39,1555.44,1555.39,1555.44,0.0,0.74,1147.22,1
2026-04-13,2026-04-13 12:15:00,1555.44,1555.48,1555.44,1555.48,0.0,0.74,1147.22,1
2026-04-13,2026-04-13 12:16:00,1555.48,1555.53,1555.48,1555.53,0.0,0.74,1147.22,1
2026-04-13,2026-04-13 12:17:00,1555.53,1555.58,1555.53,1555.58,0.0,0.74,1147.22,1
2026-04-13,2026-04-13 12:18:00,1555.58,1555.62,1555.58,1555.62,0.0,0.74,1147.22,1
2026-04-13,2026-04-13 12:19:00,1555.62,1555.67,1555.62,1555.67,0.0,0.74,1147.22,1
2026-04-13,2026-04-13 12:20:00,1555.67,1555.71,1555.67,1555.71,0.0,0.74,1147.22,1
2026-04-13,2026-04-13 12:21:00,1555.71,1555.76,1555.71,1555.76,0.0,0.74,1147.22,1
2026-04-13,2026-04-13 12:22:00,1555.76,1555.8,1555.76,1555.8,0.0,0.74,1147.22,1
2026-04-13,2026-04-13 12:23:00,1555.8,1555.85,1555.8,1555.85,0.0,0.74,1147.22,1
2026-04-13,2026-04-13 12:24:00,1555.85,1555.9,1555.85,1555.9,0.0,0.74,1147.22,1
2026-04-13,2026-04-13 12:25:00,1555.9,1555.94,1555.9,1555.94,0.0,0.74,1147.22,1
2026-04-13,2026-04-13 12:26:00,1555.94,1555.99,1555.94,1555.99,0.0,0.74,1147.22,1
2026-04-13,2026-04-13 12:27:00,1555.99,1556.03,1555.99,1556.03,0.0,0.74,1147.22,1
2026-04-13,2026-04-13 12:28:00,1556.03,1556.08,1556.03,1556.08,0.0,0.74,1147.22,1
2026-04-13,2026-04-13 12:29:00,1556.08,1556.12,1556.08,1556.12,0.0,0.74,1147.22,1
2026-04-13,2026-04-13 12:30:00,1556.12,1556.17,1556.12,1556.17,0.0,0.74,1147.22,1
2026-04-13,2026-04-13 12:31:00,1556.17,1556.22,1556.17,1556.22,0.0,0.74,1147.22,1
2026-04-13,2026-04-13 12:32:00,1556.22,1556.26,1556.22,1556.26,0.0,0.74,1147.22,1
2026-04-13,2026-04-13 12:33:00,1556.26,1556.31,1556.26,1556.31,0.0,0.74,1147.22,1
2026-04-13,2026-04-13 12:34:00,1556.31,1556.35,1556.31,1556.35,0.0,0.74,1147.22,1
2026-04-13,2026-04-13 12:35:00,1556.35,1556.4,1556.35,1556.4,0.0,0.74,1147.22,1
2026-04-13,2026-04-13 12:36:00,1556.4,1556.45,1556.4,1556.45,0.0,0.74,1147.22,1
2026-04-13,2026-04-13 12:37:00,1556.45,1556.49,1556.45,1556.49,0.0,0.74,1147.22,1
2026-04-13,2026-04-13 12:38:00,1556.49,1556.54,1556.49,1556.54,0.0,0.74,1147.22,1
2026-04-13,2026-04-13 12:39:00,1556.54,1556.58,1556.54,1556.58,0.0,0.74,1147.22,1
2026-04-13,2026-04-13 12:40:00,1556.58,1556.63,1556.58,1556.63,0.0,0.74,1147.22,1
2026-04-13,2026-04-13 12:41:00,1556.63,1556.67,1556.63,1556.67,0.0,0.74,1147.22,1
2026-04-13,2026-04-13 12:42:00,1556.67,1556.72,1556.67,1556.72,0.0,0.74,1147.22,1
2026-04-13,2026-04-13 12:43:00,1556.72,1556.77,1556.72,1556.77,0.0,0.74,1147.22,1
2026-04-13,2026-04-13 12:44:00,1556.77,1556.81,1556.77,1556.81,0.0,0.74,1147.22,1
2026-04-13,2026-04-13 12:45:00,1556.81,1556.86,1556.81,1556.86,0.0,0.74,1147.22,1
2026-04-13,2026-04-13 12:46:00,1556.86,1556.9,1556.86,1556.9,0.0,0.74,1147.22,1
2026-04-13,2026-04-13 12:47:00,1556.9,1556.95,1556.9,1556.95,0.0,0.74,1147.22,1
2026-04-13,2026-04-13 12:48:00,1556.95,1557.0,1556.95,1557.0,0.0,0.74,1147.22,1
2026-04-13,2026-04-13 12:49:00,1557.0,1557.04,1557.0,1557.04,0.0,0.74,1147.22,1
2026-04-13,2026-04-13 12:50:00,1557.04,1557.09,1557.04,1557.09,0.0,0.74,1147.22,1
2026-04-13,2026-04-13 12:51:00,1557.09,1557.13,1557.09,1557.13,0.0,0.74,1147.22,1
2026-04-13,2026-04-13 12:52:00,1557.13,1557.18,1557.13,1557.18,0.0,0.74,1147.22,1
2026-04-13,2026-04-13 12:53:00,1557.18,1557.22,1557.18,1557.22,0.0,0.74,1147.22,1
2026-04-13,2026-04-13 12:54:00,1557.22,1557.27,1557.22,1557.27,0.0,0.74,1147.22,1
2026-04-13,2026-04-13 12:55:00,1557.27,1557.32,1557.27,1557.32,0.0,0.74,1147.22,1
2026-04-13,2026-04-13 12:56:00,1557.32,1557.36,1557.32,1557.36,0.0,0.74,1147.22,1
2026-04-13,2026-04-13 12:57:00,1557.36,1557.41,1557.36,1557.41,0.0,0.74,1147.22,1
2026-04-13,2026-04-13 12:58:00,1557.41,1557.45,1557.41,1557.45,0.0,0.74,1147.22,1
2026-04-13,2026-04-13 12:59:00,1557.45,1557.5,1557.45,1557.5,0.0,0.74,1147.22,1
2026-04-13,2026-04-13 13:00:00,1557.5,1565.0,1551.0,1557.55,0.0,0.74,1147.22,1
2026-04-13,2026-04-13 13:01:00,1557.55,1557.59,1557.55,1557.59,0.0,0.74,1147.22,1
2026-04-13,2026-04-13 13:02:00,1557.59,1557.64,1557.59,1557.64,0.0,0.74,1147.22,1
2026-04-13,2026-04-13 13:03:00,1557.64,1557.68,1557.64,1557.68,0.0,0.74,1147.22,1
2026-04-13,2026-04-13 13:04:00,1557.68,1557.73,1557.68,1557.73,0.0,0.74,1147.22,1
2026-04-13,2026-04-13 13:05:00,1557.73,1557.78,1557.73,1557.78,0.0,0.74,1147.22,1
2026-04-13,2026-04-13 13:06:00,1557.78,1557.82,1557.78,1557.82,0.0,0.74,1147.22,1
2026-04-13,2026-04-13 13:07:00,1557.82,1557.87,1557.82,1557.87,0.0,0.74,1147.22,1
2026-04-13,2026-04-13 13:08:00,1557.87,1557.91,1557.87,1557.91,0.0,0.74,1147.22,1
2026-04-13,2026-04-13 13:09:00,1557.91,1557.96,1557.91,1557.96,0.0,0.74,1147.22,1
2026-04-13,2026-04-13 13:10:00,1557.96,1558.0,1557.96,1558.0,0.0,0.74,1147.22,1
2026-04-13,2026-04-13 13:11:00,1558.0,1558.05,1558.0,1558.05,0.0,0.74,1147.22,1
2026-04-13,2026-04-13 13:12:00,1558.05,1558.1,1558.05,1558.1,0.0,0.74,1147.22,1
2026-04-13,2026-04-13 13:13:00,1558.1,1558.14,1558.1,1558.14,0.0,0.74,1147.22,1
2026-04-13,2026-04-13 13:14:00,1558.14,1558.19,1558.14,1558.19,0.0,0.74,1147.22,1
2026-04-13,2026-04-13 13:15:00,1558.19,1558.23,1558.19,1558.23,0.0,0.74,1147.22,1
2026-04-13,2026-04-13 13:16:00,1558.23,1558.28,1558.23,1558.28,0.0,0.74,1147.22,1
2026-04-13,2026-04-13 13:17:00,1558.28,1558.33,1558.28,1558.33,0.0,0.74,1147.22,1
2026-04-13,2026-04-13 13:18:00,1558.33,1558.37,1558.33,1558.37,0.0,0.74,1147.22,1
2026-04-13,2026-04-13 13:19:00,1558.37,1558.42,1558.37,1558.42,0.0,0.74,1147.22,1
2026-04-13,2026-04-13 13:20:00,1558.42,1558.46,1558.42,1558.46,0.0,0.74,1147.22,1
2026-04-13,2026-04-13 13:21:00,1558.46,1558.51,1558.46,1558.51,0.0,0.74,1147.22,1
2026-04-13,2026-04-13 13:22:00,1558.51,1558.55,1558.51,1558.55,0.0,0.74,1147.22,1
2026-04-13,2026-04-13 13:23:00,1558.55,1558.6,1558.55,1558.6,0.0,0.74,1147.22,1
2026-04-13,2026-04-13 13:24:00,1558.6,1558.65,1558.6,1558.65,0.0,0.74,1147.22,1
2026-04-13,2026-04-13 13:25:00,1558.65,1558.69,1558.65,1558.69,0.0,0.74,1147.22,1
2026-04-13,2026-04-13 13:26:00,1558.69,1558.74,1558.69,1558.74,0.0,0.74,1147.22,1
2026-04-13,2026-04-13 13:27:00,1558.74,1558.78,1558.74,1558.78,0.0,0.74,1147.22,1
2026-04-13,2026-04-13 13:28:00,1558.78,1558.83,1558.78,1558.83,0.0,0.74,1147.22,1
2026-04-13,2026-04-13 13:29:00,1558.83,1558.88,1558.83,1558.88,0.0,0.74,1147.22,1
2026-04-13,2026-04-13 13:30:00,1558.88,1558.92,1558.88,1558.92,0.0,0.74,1147.22,1
2026-04-13,2026-04-13 13:31:00,1558.92,1558.97,1558.92,1558.97,0.0,0.74,1147.22,1
2026-04-13,2026-04-13 13:32:00,1558.97,1559.01,1558.97,1559.01,0.0,0.74,1147.22,1
2026-04-13,2026-04-13 13:33:00,1559.01,1559.06,1559.01,1559.06,0.0,0.74,1147.22,1
2026-04-13,2026-04-13 13:34:00,1559.06,1559.1,1559.06,1559.1,0.0,0.74,1147.22,1
2026-04-13,2026-04-13 13:35:00,1559.1,1559.15,1559.1,1559.15,0.0,0.74,1147.22,1
2026-04-13,2026-04-13 13:36:00,1559.15,1559.2,1559.15,1559.2,0.0,0.74,1147.22,1
2026-04-13,2026-04-13 13:37:00,1559.2,1559.24,1559.2,1559.24,0.0,0.74,1147.22,1
2026-04-13,2026-04-13 13:38:00,1559.24,1559.29,1559.24,1559.29,0.0,0.74,1147.22,1
2026-04-13,2026-04-13 13:39:00,1559.29,1559.33,1559.29,1559.33,0.0,0.74,1147.22,1
2026-04-13,2026-04-13 13:40:00,1559.33,1559.38,1559.33,1559.38,0.0,0.74,1147.22,1
2026-04-13,2026-04-13 13:41:00,1559.38,1559.42,1559.38,1559.42,0.0,0.74,1147.22,1
2026-04-13,2026-04-13 13:42:00,1559.42,1559.47,1559.42,1559.47,0.0,0.74,1147.22,1
2026-04-13,2026-04-13 13:43:00,1559.47,1559.52,1559.47,1559.52,0.0,0.74,1147.22,1
2026-04-13,2026-04-13 13:44:00,1559.52,1559.56,1559.52,1559.56,0.0,0.74,1147.22,1
2026-04-13,2026-04-13 13:45:00,1559.56,1559.61,1559.56,1559.61,0.0,0.74,1147.22,1
2026-04-13,2026-04-13 13:46:00,1559.61,1559.65,1559.61,1559.65,0.0,0.74,1147.22,1
2026-04-13,2026-04-13 13:47:00,1559.65,1559.7,1559.65,1559.7,0.0,0.74,1147.22,1
2026-04-13,2026-04-13 13:48:00,1559.7,1559.75,1559.7,1559.75,0.0,0.74,1147.22,1
2026-04-13,2026-04-13 13:49:00,1559.75,1559.79,1559.75,1559.79,0.0,0.74,1147.22,1
2026-04-13,2026-04-13 13:50:00,1559.79,1559.84,1559.79,1559.84,0.0,0.74,1147.22,1
2026-04-13,2026-04-13 13:51:00,1559.84,1559.88,1559.84,1559.88,0.0,0.74,1147.22,1
2026-04-13,2026-04-13 13:52:00,1559.88,1559.93,1559.88,1559.93,0.0,0.74,1147.22,1
2026-04-13,2026-04-13 13:53:00,1559.93,1559.97,1559.93,1559.97,0.0,0.74,1147.22,1
2026-04-13,2026-04-13 13:54:00,1559.97,1560.02,1559.97,1560.02,0.0,0.74,1147.22,1
2026-04-13,2026-04-13 13:55:00,1560.02,1560.07,1560.02,1560.07,0.0,0.74,1147.22,1
2026-04-13,2026-04-13 13:56:00,1560.07,1560.11,1560.07,1560.11,0.0,0.74,1147.22,1
2026-04-13,2026-04-13 13:57:00,1560.11,1560.16,1560.11,1560.16,0.0,0.74,1147.22,1
2026-04-13,2026-04-13 13:58:00,1560.16,1560.2,1560.16,1560.2,0.0,0.74,1147.22,1
2026-04-13,2026-04-13 13:59:00,1560.2,1560.25,1560.2,1560.25,0.0,0.74,1147.22,1
2026-04-13,2026-04-13 14:00:00,1560.25,1560.3,1560.25,1560.3,0.0,0.74,1147.22,1
2026-04-13,2026-04-13 14:01:00,1560.3,1560.34,1560.3,1560.34,0.0,0.74,1147.22,1
2026-04-13,2026-04-13 14:02:00,1560.34,1560.39,1560.34,1560.39,0.0,0.74,1147.22,1
2026-04-13,2026-04-13 14:03:00,1560.39,1560.43,1560.39,1560.43,0.0,0.74,1147.22,1
2026-04-13,2026-04-13 14:04:00,1560.43,1560.48,1560.43,1560.48,0.0,0.74,1147.22,1
2026-04-13,2026-04-13 14:05:00,1560.48,1560.53,1560.48,1560.53,0.0,0.74,1147.22,1
2026-04-13,2026-04-13 14:06:00,1560.53,1560.57,1560.53,1560.57,0.0,0.74,1147.22,1
2026-04-13,2026-04-13 14:07:00,1560.57,1560.62,1560.57,1560.62,0.0,0.74,1147.22,1
2026-04-13,2026-04-13 14:08:00,1560.62,1560.66,1560.62,1560.66,0.0,0.74,1147.22,1
2026-04-13,2026-04-13 14:09:00,1560.66,1560.71,1560.66,1560.71,0.0,0.74,1147.22,1
2026-04-13,2026-04-13 14:10:00,1560.71,1560.75,1560.71,1560.75,0.0,0.74,1147.22,1
2026-04-13,2026-04-13 14:11:00,1560.75,1560.8,1560.75,1560.8,0.0,0.74,1147.22,1
2026-04-13,2026-04-13 14:12:00,1560.8,1560.85,1560.8,1560.85,0.0,0.74,1147.22,1
2026-04-13,2026-04-13 14:13:00,1560.85,1560.89,1560.85,1560.89,0.0,0.74,1147.22,1
2026-04-13,2026-04-13 14:14:00,1560.89,1560.94,1560.89,1560.94,0.0,0.74,1147.22,1
2026-04-13,2026-04-13 14:15:00,1560.94,1560.98,1560.94,1560.98,0.0,0.74,1147.22,1
2026-04-13,2026-04-13 14:16:00,1560.98,1561.03,1560.98,1561.03,0.0,0.74,1147.22,1
2026-04-13,2026-04-13 14:17:00,1561.03,1561.08,1561.03,1561.08,0.0,0.74,1147.22,1
2026-04-13,2026-04-13 14:18:00,1561.08,1561.12,1561.08,1561.12,0.0,0.74,1147.22,1
2026-04-13,2026-04-13 14:19:00,1561.12,1561.17,1561.12,1561.17,0.0,0.74,1147.22,1
2026-04-13,2026-04-13 14:20:00,1561.17,1561.21,1561.17,1561.21,0.0,0.74,1147.22,1
2026-04-13,2026-04-13 14:21:00,1561.21,1561.26,1561.21,1561.26,0.0,0.74,1147.22,1
2026-04-13,2026-04-13 14:22:00,1561.26,1561.3,1561.26,1561.3,0.0,0.74,1147.22,1
2026-04-13,2026-04-13 14:23:00,1561.3,1561.35,1561.3,1561.35,0.0,0.74,1147.22,1
2026-04-13,2026-04-13 14:24:00,1561.35,1561.4,1561.35,1561.4,0.0,0.74,1147.22,1
2026-04-13,2026-04-13 14:25:00,1561.4,1561.44,1561.4,1561.44,0.0,0.74,1147.22,1
2026-04-13,2026-04-13 14:26:00,1561.44,1561.49,1561.44,1561.49,0.0,0.74,1147.22,1
2026-04-13,2026-04-13 14:27:00,1561.49,1561.53,1561.49,1561.53,0.0,0.74,1147.22,1
2026-04-13,2026-04-13 14:28:00,1561.53,1561.58,1561.53,1561.58,0.0,0.74,1147.22,1
2026-04-13,2026-04-13 14:29:00,1561.58,1561.62,1561.58,1561.62,0.0,0.74,1147.22,1
2026-04-13,2026-04-13 14:30:00,1561.62,1561.67,1561.62,1561.67,0.0,0.74,1147.22,1
2026-04-13,2026-04-13 14:31:00,1561.67,1561.72,1561.67,1561.72,0.0,0.74,1147.22,1
2026-04-13,2026-04-13 14:32:00,1561.72,1561.76,1561.72,1561.76,0.0,0.74,1147.22,1
2026-04-13,2026-04-13 14:33:00,1561.76,1561.81,1561.76,1561.81,0.0,0.74,1147.22,1
2026-04-13,2026-04-13 14:34:00,1561.81,1561.85,1561.81,1561.85,0.0,0.74,1147.22,1
2026-04-13,2026-04-13 14:35:00,1561.85,1561.9,1561.85,1561.9,0.0,0.74,1147.22,1
2026-04-13,2026-04-13 14:36:00,1561.9,1561.95,1561.9,1561.95,0.0,0.74,1147.22,1
2026-04-13,2026-04-13 14:37:00,1561.95,1561.99,1561.95,1561.99,0.0,0.74,1147.22,1
2026-04-13,2026-04-13 14:38:00,1561.99,1562.04,1561.99,1562.04,0.0,0.74,1147.22,1
2026-04-13,2026-04-13 14:39:00,1562.04,1562.08,1562.04,1562.08,0.0,0.74,1147.22,1
2026-04-13,2026-04-13 14:40:00,1562.08,1562.13,1562.08,1562.13,0.0,0.74,1147.22,1
2026-04-13,2026-04-13 14:41:00,1562.13,1562.17,1562.13,1562.17,0.0,0.74,1147.22,1
2026-04-13,2026-04-13 14:42:00,1562.17,1562.22,1562.17,1562.22,0.0,0.74,1147.22,1
2026-04-13,2026-04-13 14:43:00,1562.22,1562.27,1562.22,1562.27,0.0,0.74,1147.22,1
2026-04-13,2026-04-13 14:44:00,1562.27,1562.31,1562.27,1562.31,0.0,0.74,1147.22,1
2026-04-13,2026-04-13 14:45:00,1562.31,1562.36,1562.31,1562.36,0.0,0.74,1147.22,1
2026-04-13,2026-04-13 14:46:00,1562.36,1562.4,1562.36,1562.4,0.0,0.74,1147.22,1
2026-04-13,2026-04-13 14:47:00,1562.4,1562.45,1562.4,1562.45,0.0,0.74,1147.22,1
2026-04-13,2026-04-13 14:48:00,1562.45,1562.5,1562.45,1562.5,0.0,0.74,1147.22,1
2026-04-13,2026-04-13 14:49:00,1562.5,1562.54,1562.5,1562.54,0.0,0.74,1147.22,1
2026-04-13,2026-04-13 14:50:00,1562.54,1562.59,1562.54,1562.59,0.0,0.74,1147.22,1
2026-04-13,2026-04-13 14:51:00,1562.59,1562.63,1562.59,1562.63,0.0,0.74,1147.22,1
2026-04-13,2026-04-13 14:52:00,1562.63,1562.68,1562.63,1562.68,0.0,0.74,1147.22,1
2026-04-13,2026-04-13 14:53:00,1562.68,1562.72,1562.68,1562.72,0.0,0.74,1147.22,1
2026-04-13,2026-04-13 14:54:00,1562.72,1562.77,1562.72,1562.77,0.0,0.74,1147.22,1
2026-04-13,2026-04-13 14:55:00,1562.77,1562.82,1562.77,1562.82,0.0,0.74,1147.22,1
2026-04-13,2026-04-13 14:56:00,1562.82,1562.86,1562.82,1562.86,0.0,0.74,1147.22,1
2026-04-13,2026-04-13 14:57:00,1562.86,1562.91,1562.86,1562.91,0.0,0.74,1147.22,1
2026-04-13,2026-04-13 14:58:00,1562.91,1562.95,1562.91,1562.95,0.0,0.74,1147.22,1
2026-04-13,2026-04-13 14:59:00,1562.95,1563.0,1562.95,1563.0,0.0,0.74,1147.22,1
2026-04-13,2026-04-13 15:00:00,1563.0,1565.0,1551.0,1563.0,0.0,0.74,1147.22,0
2026-04-15,2026-04-15 11:00:00,1531.8,1544.46,1531.8,1531.96,0.01,2.12,3315.98,1
2026-04-15,2026-04-15 11:01:00,1531.96,1532.12,1531.96,1532.12,0.01,2.12,3315.98,1
2026-04-15,2026-04-15 11:02:00,1532.12,1532.28,1532.12,1532.28,0.01,2.12,3315.98,1
2026-04-15,2026-04-15 11:03:00,1532.28,1532.44,1532.28,1532.44,0.01,2.12,3315.98,1
2026-04-15,2026-04-15 11:04:00,1532.44,1532.6,1532.44,1532.6,0.01,2.12,3315.98,1
2026-04-15,2026-04-15 11:05:00,1532.6,1532.75,1532.6,1532.75,0.01,2.12,3315.98,1
2026-04-15,2026-04-15 11:06:00,1532.75,1532.91,1532.75,1532.91,0.01,2.12,3315.98,1
2026-04-15,2026-04-15 11:07:00,1532.91,1533.07,1532.91,1533.07,0.01,2.12,3315.98,1
2026-04-15,2026-04-15 11:08:00,1533.07,1533.23,1533.07,1533.23,0.01,2.12,3315.98,1
2026-04-15,2026-04-15 11:09:00,1533.23,1533.39,1533.23,1533.39,0.01,2.12,3315.98,1
2026-04-15,2026-04-15 11:10:00,1533.39,1533.55,1533.39,1533.55,0.01,2.12,3315.98,1
2026-04-15,2026-04-15 11:11:00,1533.55,1533.71,1533.55,1533.71,0.01,2.12,3315.98,1
2026-04-15,2026-04-15 11:12:00,1533.71,1533.87,1533.71,1533.87,0.01,2.12,3315.98,1
2026-04-15,2026-04-15 11:13:00,1533.87,1534.03,1533.87,1534.03,0.01,2.12,3315.98,1
2026-04-15,2026-04-15 11:14:00,1534.03,1534.19,1534.03,1534.19,0.01,2.12,3315.98,1
2026-04-15,2026-04-15 11:15:00,1534.19,1534.35,1534.19,1534.35,0.01,2.12,3315.98,1
2026-04-15,2026-04-15 11:16:00,1534.35,1534.51,1534.35,1534.51,0.01,2.12,3315.98,1
2026-04-15,2026-04-15 11:17:00,1534.51,1534.66,1534.51,1534.66,0.01,2.12,3315.98,1
2026-04-15,2026-04-15 11:18:00,1534.66,1534.82,1534.66,1534.82,0.01,2.12,3315.98,1
2026-04-15,2026-04-15 11:19:00,1534.82,1534.98,1534.82,1534.98,0.01,2.12,3315.98,1
2026-04-15,2026-04-15 11:20:00,1534.98,1535.14,1534.98,1535.14,0.01,2.12,3315.98,1
2026-04-15,2026-04-15 11:21:00,1535.14,1535.3,1535.14,1535.3,0.01,2.12,3315.98,1
2026-04-15,2026-04-15 11:22:00,1535.3,1535.46,1535.3,1535.46,0.01,2.12,3315.98,1
2026-04-15,2026-04-15 11:23:00,1535.46,1535.62,1535.46,1535.62,0.01,2.12,3315.98,1
2026-04-15,2026-04-15 11:24:00,1535.62,1535.78,1535.62,1535.78,0.01,2.12,3315.98,1
2026-04-15,2026-04-15 11:25:00,1535.78,1535.94,1535.78,1535.94,0.01,2.12,3315.98,1
2026-04-15,2026-04-15 11:26:00,1535.94,1536.1,1535.94,1536.1,0.01,2.12,3315.98,1
2026-04-15,2026-04-15 11:27:00,1536.1,1536.26,1536.1,1536.26,0.01,2.12,3315.98,1
2026-04-15,2026-04-15 11:28:00,1536.26,1536.42,1536.26,1536.42,0.01,2.12,3315.98,1
2026-04-15,2026-04-15 11:29:00,1536.42,1536.58,1536.42,1536.58,0.01,2.12,3315.98,1
2026-04-15,2026-04-15 11:30:00,1536.58,1536.73,1536.58,1536.73,0.01,2.12,3315.98,1
2026-04-15,2026-04-15 11:31:00,1536.73,1536.89,1536.73,1536.89,0.01,2.12,3315.98,1
2026-04-15,2026-04-15 11:32:00,1536.89,1537.05,1536.89,1537.05,0.01,2.12,3315.98,1
2026-04-15,2026-04-15 11:33:00,1537.05,1537.21,1537.05,1537.21,0.01,2.12,3315.98,1
2026-04-15,2026-04-15 11:34:00,1537.21,1537.37,1537.21,1537.37,0.01,2.12,3315.98,1
2026-04-15,2026-04-15 11:35:00,1537.37,1537.53,1537.37,1537.53,0.01,2.12,3315.98,1
2026-04-15,2026-04-15 11:36:00,1537.53,1537.69,1537.53,1537.69,0.01,2.12,3315.98,1
2026-04-15,2026-04-15 11:37:00,1537.69,1537.85,1537.69,1537.85,0.01,2.12,3315.98,1
2026-04-15,2026-04-15 11:38:00,1537.85,1538.01,1537.85,1538.01,0.01,2.12,3315.98,1
2026-04-15,2026-04-15 11:39:00,1538.01,1538.17,1538.01,1538.17,0.01,2.12,3315.98,1
2026-04-15,2026-04-15 11:40:00,1538.17,1538.33,1538.17,1538.33,0.01,2.12,3315.98,1
2026-04-15,2026-04-15 11:41:00,1538.33,1538.48,1538.33,1538.48,0.01,2.12,3315.98,1
2026-04-15,2026-04-15 11:42:00,1538.48,1538.64,1538.48,1538.64,0.01,2.12,3315.98,1
2026-04-15,2026-04-15 11:43:00,1538.64,1538.8,1538.64,1538.8,0.01,2.12,3315.98,1
2026-04-15,2026-04-15 11:44:00,1538.8,1538.96,1538.8,1538.96,0.01,2.12,3315.98,1
2026-04-15,2026-04-15 11:45:00,1538.96,1539.12,1538.96,1539.12,0.01,2.12,3315.98,1
2026-04-15,2026-04-15 11:46:00,1539.12,1539.28,1539.12,1539.28,0.01,2.12,3315.98,1
2026-04-15,2026-04-15 11:47:00,1539.28,1539.44,1539.28,1539.44,0.01,2.12,3315.98,1
2026-04-15,2026-04-15 11:48:00,1539.44,1539.6,1539.44,1539.6,0.01,2.12,3315.98,1
2026-04-15,2026-04-15 11:49:00,1539.6,1539.76,1539.6,1539.76,0.01,2.12,3315.98,1
2026-04-15,2026-04-15 11:50:00,1539.76,1539.92,1539.76,1539.92,0.01,2.12,3315.98,1
2026-04-15,2026-04-15 11:51:00,1539.92,1540.08,1539.92,1540.08,0.01,2.12,3315.98,1
2026-04-15,2026-04-15 11:52:00,1540.08,1540.24,1540.08,1540.24,0.01,2.12,3315.98,1
2026-04-15,2026-04-15 11:53:00,1540.24,1540.39,1540.24,1540.39,0.01,2.12,3315.98,1
2026-04-15,2026-04-15 11:54:00,1540.39,1540.55,1540.39,1540.55,0.01,2.12,3315.98,1
2026-04-15,2026-04-15 11:55:00,1540.55,1540.71,1540.55,1540.71,0.01,2.12,3315.98,1
2026-04-15,2026-04-15 11:56:00,1540.71,1540.87,1540.71,1540.87,0.01,2.12,3315.98,1
2026-04-15,2026-04-15 11:57:00,1540.87,1541.03,1540.87,1541.03,0.01,2.12,3315.98,1
2026-04-15,2026-04-15 11:58:00,1541.03,1541.19,1541.03,1541.19,0.01,2.12,3315.98,1
2026-04-15,2026-04-15 11:59:00,1541.19,1541.35,1541.19,1541.35,0.01,2.12,3315.98,1
2026-04-15,2026-04-15 12:00:00,1541.35,1541.51,1541.35,1541.51,0.01,2.12,3315.98,1
2026-04-15,2026-04-15 12:01:00,1541.51,1541.67,1541.51,1541.67,0.01,2.12,3315.98,1
2026-04-15,2026-04-15 12:02:00,1541.67,1541.83,1541.67,1541.83,0.01,2.12,3315.98,1
2026-04-15,2026-04-15 12:03:00,1541.83,1541.99,1541.83,1541.99,0.01,2.12,3315.98,1
2026-04-15,2026-04-15 12:04:00,1541.99,1542.15,1541.99,1542.15,0.01,2.12,3315.98,1
2026-04-15,2026-04-15 12:05:00,1542.15,1542.31,1542.15,1542.31,0.01,2.12,3315.98,1
2026-04-15,2026-04-15 12:06:00,1542.31,1542.46,1542.31,1542.46,0.01,2.12,3315.98,1
2026-04-15,2026-04-15 12:07:00,1542.46,1542.62,1542.46,1542.62,0.01,2.12,3315.98,1
2026-04-15,2026-04-15 12:08:00,1542.62,1542.78,1542.62,1542.78,0.01,2.12,3315.98,1
2026-04-15,2026-04-15 12:09:00,1542.78,1542.94,1542.78,1542.94,0.01,2.12,3315.98,1
2026-04-15,2026-04-15 12:10:00,1542.94,1543.1,1542.94,1543.1,0.01,2.12,3315.98,1
2026-04-15,2026-04-15 12:11:00,1543.1,1543.26,1543.1,1543.26,0.01,2.12,3315.98,1
2026-04-15,2026-04-15 12:12:00,1543.26,1543.42,1543.26,1543.42,0.01,2.12,3315.98,1
2026-04-15,2026-04-15 12:13:00,1543.42,1543.58,1543.42,1543.58,0.01,2.12,3315.98,1
2026-04-15,2026-04-15 12:14:00,1543.58,1543.74,1543.58,1543.74,0.01,2.12,3315.98,1
2026-04-15,2026-04-15 12:15:00,1543.74,1543.9,1543.74,1543.9,0.01,2.12,3315.98,1
2026-04-15,2026-04-15 12:16:00,1543.9,1544.06,1543.9,1544.06,0.01,2.12,3315.98,1
2026-04-15,2026-04-15 12:17:00,1544.06,1544.21,1544.06,1544.21,0.01,2.12,3315.98,1
2026-04-15,2026-04-15 12:18:00,1544.21,1544.37,1544.21,1544.37,0.01,2.12,3315.98,1
2026-04-15,2026-04-15 12:19:00,1544.37,1544.53,1544.37,1544.53,0.01,2.12,3315.98,1
2026-04-15,2026-04-15 12:20:00,1544.53,1544.69,1544.53,1544.69,0.01,2.12,3315.98,1
2026-04-15,2026-04-15 12:21:00,1544.69,1544.85,1544.69,1544.85,0.01,2.12,3315.98,1
2026-04-15,2026-04-15 12:22:00,1544.85,1545.01,1544.85,1545.01,0.01,2.12,3315.98,1
2026-04-15,2026-04-15 12:23:00,1545.01,1545.17,1545.01,1545.17,0.01,2.12,3315.98,1
2026-04-15,2026-04-15 12:24:00,1545.17,1545.33,1545.17,1545.33,0.01,2.12,3315.98,1
2026-04-15,2026-04-15 12:25:00,1545.33,1545.49,1545.33,1545.49,0.01,2.12,3315.98,1
2026-04-15,2026-04-15 12:26:00,1545.49,1545.65,1545.49,1545.65,0.01,2.12,3315.98,1
2026-04-15,2026-04-15 12:27:00,1545.65,1545.81,1545.65,1545.81,0.01,2.12,3315.98,1
2026-04-15,2026-04-15 12:28:00,1545.81,1545.97,1545.81,1545.97,0.01,2.12,3315.98,1
2026-04-15,2026-04-15 12:29:00,1545.97,1546.12,1545.97,1546.12,0.01,2.12,3315.98,1
2026-04-15,2026-04-15 12:30:00,1546.12,1546.28,1546.12,1546.28,0.01,2.12,3315.98,1
2026-04-15,2026-04-15 12:31:00,1546.28,1546.44,1546.28,1546.44,0.01,2.12,3315.98,1
2026-04-15,2026-04-15 12:32:00,1546.44,1546.6,1546.44,1546.6,0.01,2.12,3315.98,1
2026-04-15,2026-04-15 12:33:00,1546.6,1546.76,1546.6,1546.76,0.01,2.12,3315.98,1
2026-04-15,2026-04-15 12:34:00,1546.76,1546.92,1546.76,1546.92,0.01,2.12,3315.98,1
2026-04-15,2026-04-15 12:35:00,1546.92,1547.08,1546.92,1547.08,0.01,2.12,3315.98,1
2026-04-15,2026-04-15 12:36:00,1547.08,1547.24,1547.08,1547.24,0.01,2.12,3315.98,1
2026-04-15,2026-04-15 12:37:00,1547.24,1547.4,1547.24,1547.4,0.01,2.12,3315.98,1
2026-04-15,2026-04-15 12:38:00,1547.4,1547.56,1547.4,1547.56,0.01,2.12,3315.98,1
2026-04-15,2026-04-15 12:39:00,1547.56,1547.72,1547.56,1547.72,0.01,2.12,3315.98,1
2026-04-15,2026-04-15 12:40:00,1547.72,1547.88,1547.72,1547.88,0.01,2.12,3315.98,1
2026-04-15,2026-04-15 12:41:00,1547.88,1548.04,1547.88,1548.04,0.01,2.12,3315.98,1
2026-04-15,2026-04-15 12:42:00,1548.04,1548.19,1548.04,1548.19,0.01,2.12,3315.98,1
2026-04-15,2026-04-15 12:43:00,1548.19,1548.35,1548.19,1548.35,0.01,2.12,3315.98,1
2026-04-15,2026-04-15 12:44:00,1548.35,1548.51,1548.35,1548.51,0.01,2.12,3315.98,1
2026-04-15,2026-04-15 12:45:00,1548.51,1548.67,1548.51,1548.67,0.01,2.12,3315.98,1
2026-04-15,2026-04-15 12:46:00,1548.67,1548.83,1548.67,1548.83,0.01,2.12,3315.98,1
2026-04-15,2026-04-15 12:47:00,1548.83,1548.99,1548.83,1548.99,0.01,2.12,3315.98,1
2026-04-15,2026-04-15 12:48:00,1548.99,1549.15,1548.99,1549.15,0.01,2.12,3315.98,1
2026-04-15,2026-04-15 12:49:00,1549.15,1549.31,1549.15,1549.31,0.01,2.12,3315.98,1
2026-04-15,2026-04-15 12:50:00,1549.31,1549.47,1549.31,1549.47,0.01,2.12,3315.98,1
2026-04-15,2026-04-15 12:51:00,1549.47,1549.63,1549.47,1549.63,0.01,2.12,3315.98,1
2026-04-15,2026-04-15 12:52:00,1549.63,1549.79,1549.63,1549.79,0.01,2.12,3315.98,1
2026-04-15,2026-04-15 12:53:00,1549.79,1549.94,1549.79,1549.94,0.01,2.12,3315.98,1
2026-04-15,2026-04-15 12:54:00,1549.94,1550.1,1549.94,1550.1,0.01,2.12,3315.98,1
2026-04-15,2026-04-15 12:55:00,1550.1,1550.26,1550.1,1550.26,0.01,2.12,3315.98,1
2026-04-15,2026-04-15 12:56:00,1550.26,1550.42,1550.26,1550.42,0.01,2.12,3315.98,1
2026-04-15,2026-04-15 12:57:00,1550.42,1550.58,1550.42,1550.58,0.01,2.12,3315.98,1
2026-04-15,2026-04-15 12:58:00,1550.58,1550.74,1550.58,1550.74,0.01,2.12,3315.98,1
2026-04-15,2026-04-15 12:59:00,1550.74,1550.9,1550.74,1550.9,0.01,2.12,3315.98,1
2026-04-15,2026-04-15 13:00:00,1550.9,1574.0,1531.8,1551.06,0.01,2.12,3315.98,1
2026-04-15,2026-04-15 13:01:00,1551.06,1551.22,1551.06,1551.22,0.01,2.12,3315.98,1
2026-04-15,2026-04-15 13:02:00,1551.22,1551.38,1551.22,1551.38,0.01,2.12,3315.98,1
2026-04-15,2026-04-15 13:03:00,1551.38,1551.54,1551.38,1551.54,0.01,2.12,3315.98,1
2026-04-15,2026-04-15 13:04:00,1551.54,1551.7,1551.54,1551.7,0.01,2.12,3315.98,1
2026-04-15,2026-04-15 13:05:00,1551.7,1551.86,1551.7,1551.86,0.01,2.12,3315.98,1
2026-04-15,2026-04-15 13:06:00,1551.86,1552.01,1551.86,1552.01,0.01,2.12,3315.98,1
2026-04-15,2026-04-15 13:07:00,1552.01,1552.17,1552.01,1552.17,0.01,2.12,3315.98,1
2026-04-15,2026-04-15 13:08:00,1552.17,1552.33,1552.17,1552.33,0.01,2.12,3315.98,1
2026-04-15,2026-04-15 13:09:00,1552.33,1552.49,1552.33,1552.49,0.01,2.12,3315.98,1
2026-04-15,2026-04-15 13:10:00,1552.49,1552.65,1552.49,1552.65,0.01,2.12,3315.98,1
2026-04-15,2026-04-15 13:11:00,1552.65,1552.81,1552.65,1552.81,0.01,2.12,3315.98,1
2026-04-15,2026-04-15 13:12:00,1552.81,1552.97,1552.81,1552.97,0.01,2.12,3315.98,1
2026-04-15,2026-04-15 13:13:00,1552.97,1553.13,1552.97,1553.13,0.01,2.12,3315.98,1
2026-04-15,2026-04-15 13:14:00,1553.13,1553.29,1553.13,1553.29,0.01,2.12,3315.98,1
2026-04-15,2026-04-15 13:15:00,1553.29,1553.45,1553.29,1553.45,0.01,2.12,3315.98,1
2026-04-15,2026-04-15 13:16:00,1553.45,1553.61,1553.45,1553.61,0.01,2.12,3315.98,1
2026-04-15,2026-04-15 13:17:00,1553.61,1553.76,1553.61,1553.76,0.01,2.12,3315.98,1
2026-04-15,2026-04-15 13:18:00,1553.76,1553.92,1553.76,1553.92,0.01,2.12,3315.98,1
2026-04-15,2026-04-15 13:19:00,1553.92,1554.08,1553.92,1554.08,0.01,2.12,3315.98,1
2026-04-15,2026-04-15 13:20:00,1554.08,1554.24,1554.08,1554.24,0.01,2.12,3315.98,1
2026-04-15,2026-04-15 13:21:00,1554.24,1554.4,1554.24,1554.4,0.01,2.12,3315.98,1
2026-04-15,2026-04-15 13:22:00,1554.4,1554.56,1554.4,1554.56,0.01,2.12,3315.98,1
2026-04-15,2026-04-15 13:23:00,1554.56,1554.72,1554.56,1554.72,0.01,2.12,3315.98,1
2026-04-15,2026-04-15 13:24:00,1554.72,1554.88,1554.72,1554.88,0.01,2.12,3315.98,1
2026-04-15,2026-04-15 13:25:00,1554.88,1555.04,1554.88,1555.04,0.01,2.12,3315.98,1
2026-04-15,2026-04-15 13:26:00,1555.04,1555.2,1555.04,1555.2,0.01,2.12,3315.98,1
2026-04-15,2026-04-15 13:27:00,1555.2,1555.36,1555.2,1555.36,0.01,2.12,3315.98,1
2026-04-15,2026-04-15 13:28:00,1555.36,1555.52,1555.36,1555.52,0.01,2.12,3315.98,1
2026-04-15,2026-04-15 13:29:00,1555.52,1555.67,1555.52,1555.67,0.01,2.12,3315.98,1
2026-04-15,2026-04-15 13:30:00,1555.67,1555.83,1555.67,1555.83,0.01,2.12,3315.98,1
2026-04-15,2026-04-15 13:31:00,1555.83,1555.99,1555.83,1555.99,0.01,2.12,3315.98,1
2026-04-15,2026-04-15 13:32:00,1555.99,1556.15,1555.99,1556.15,0.01,2.12,3315.98,1
2026-04-15,2026-04-15 13:33:00,1556.15,1556.31,1556.15,1556.31,0.01,2.12,3315.98,1
2026-04-15,2026-04-15 13:34:00,1556.31,1556.47,1556.31,1556.47,0.01,2.12,3315.98,1
2026-04-15,2026-04-15 13:35:00,1556.47,1556.63,1556.47,1556.63,0.01,2.12,3315.98,1
2026-04-15,2026-04-15 13:36:00,1556.63,1556.79,1556.63,1556.79,0.01,2.12,3315.98,1
2026-04-15,2026-04-15 13:37:00,1556.79,1556.95,1556.79,1556.95,0.01,2.12,3315.98,1
2026-04-15,2026-04-15 13:38:00,1556.95,1557.11,1556.95,1557.11,0.01,2.12,3315.98,1
2026-04-15,2026-04-15 13:39:00,1557.11,1557.27,1557.11,1557.27,0.01,2.12,3315.98,1
2026-04-15,2026-04-15 13:40:00,1557.27,1557.43,1557.27,1557.43,0.01,2.12,3315.98,1
2026-04-15,2026-04-15 13:41:00,1557.43,1557.59,1557.43,1557.59,0.01,2.12,3315.98,1
2026-04-15,2026-04-15 13:42:00,1557.59,1557.74,1557.59,1557.74,0.01,2.12,3315.98,1
2026-04-15,2026-04-15 13:43:00,1557.74,1557.9,1557.74,1557.9,0.01,2.12,3315.98,1
2026-04-15,2026-04-15 13:44:00,1557.9,1558.06,1557.9,1558.06,0.01,2.12,3315.98,1
2026-04-15,2026-04-15 13:45:00,1558.06,1558.22,1558.06,1558.22,0.01,2.12,3315.98,1
2026-04-15,2026-04-15 13:46:00,1558.22,1558.38,1558.22,1558.38,0.01,2.12,3315.98,1
2026-04-15,2026-04-15 13:47:00,1558.38,1558.54,1558.38,1558.54,0.01,2.12,3315.98,1
2026-04-15,2026-04-15 13:48:00,1558.54,1558.7,1558.54,1558.7,0.01,2.12,3315.98,1
2026-04-15,2026-04-15 13:49:00,1558.7,1558.86,1558.7,1558.86,0.01,2.12,3315.98,1
2026-04-15,2026-04-15 13:50:00,1558.86,1559.02,1558.86,1559.02,0.01,2.12,3315.98,1
2026-04-15,2026-04-15 13:51:00,1559.02,1559.18,1559.02,1559.18,0.01,2.12,3315.98,1
2026-04-15,2026-04-15 13:52:00,1559.18,1559.34,1559.18,1559.34,0.01,2.12,3315.98,1
2026-04-15,2026-04-15 13:53:00,1559.34,1559.49,1559.34,1559.49,0.01,2.12,3315.98,1
2026-04-15,2026-04-15 13:54:00,1559.49,1559.65,1559.49,1559.65,0.01,2.12,3315.98,1
2026-04-15,2026-04-15 13:55:00,1559.65,1559.81,1559.65,1559.81,0.01,2.12,3315.98,1
2026-04-15,2026-04-15 13:56:00,1559.81,1559.97,1559.81,1559.97,0.01,2.12,3315.98,1
2026-04-15,2026-04-15 13:57:00,1559.97,1560.13,1559.97,1560.13,0.01,2.12,3315.98,1
2026-04-15,2026-04-15 13:58:00,1560.13,1560.29,1560.13,1560.29,0.01,2.12,3315.98,1
2026-04-15,2026-04-15 13:59:00,1560.29,1560.45,1560.29,1560.45,0.01,2.12,3315.98,1
2026-04-15,2026-04-15 14:00:00,1560.45,1560.61,1560.45,1560.61,0.01,2.12,3315.98,1
2026-04-15,2026-04-15 14:01:00,1560.61,1560.77,1560.61,1560.77,0.01,2.12,3315.98,1
2026-04-15,2026-04-15 14:02:00,1560.77,1560.93,1560.77,1560.93,0.01,2.12,3315.98,1
2026-04-15,2026-04-15 14:03:00,1560.93,1561.09,1560.93,1561.09,0.01,2.12,3315.98,1
2026-04-15,2026-04-15 14:04:00,1561.09,1561.25,1561.09,1561.25,0.01,2.12,3315.98,1
2026-04-15,2026-04-15 14:05:00,1561.25,1561.4,1561.25,1561.4,0.01,2.12,3315.98,1
2026-04-15,2026-04-15 14:06:00,1561.4,1561.56,1561.4,1561.56,0.01,2.12,3315.98,1
2026-04-15,2026-04-15 14:07:00,1561.56,1561.72,1561.56,1561.72,0.01,2.12,3315.98,1
2026-04-15,2026-04-15 14:08:00,1561.72,1561.88,1561.72,1561.88,0.01,2.12,3315.98,1
2026-04-15,2026-04-15 14:09:00,1561.88,1562.04,1561.88,1562.04,0.01,2.12,3315.98,1
2026-04-15,2026-04-15 14:10:00,1562.04,1562.2,1562.04,1562.2,0.01,2.12,3315.98,1
2026-04-15,2026-04-15 14:11:00,1562.2,1562.36,1562.2,1562.36,0.01,2.12,3315.98,1
2026-04-15,2026-04-15 14:12:00,1562.36,1562.52,1562.36,1562.52,0.01,2.12,3315.98,1
2026-04-15,2026-04-15 14:13:00,1562.52,1562.68,1562.52,1562.68,0.01,2.12,3315.98,1
2026-04-15,2026-04-15 14:14:00,1562.68,1562.84,1562.68,1562.84,0.01,2.12,3315.98,1
2026-04-15,2026-04-15 14:15:00,1562.84,1563.0,1562.84,1563.0,0.01,2.12,3315.98,1
2026-04-15,2026-04-15 14:16:00,1563.0,1563.16,1563.0,1563.16,0.01,2.12,3315.98,1
2026-04-15,2026-04-15 14:17:00,1563.16,1563.32,1563.16,1563.32,0.01,2.12,3315.98,1
2026-04-15,2026-04-15 14:18:00,1563.32,1563.47,1563.32,1563.47,0.01,2.12,3315.98,1
2026-04-15,2026-04-15 14:19:00,1563.47,1563.63,1563.47,1563.63,0.01,2.12,3315.98,1
2026-04-15,2026-04-15 14:20:00,1563.63,1563.79,1563.63,1563.79,0.01,2.12,3315.98,1
2026-04-15,2026-04-15 14:21:00,1563.79,1563.95,1563.79,1563.95,0.01,2.12,3315.98,1
2026-04-15,2026-04-15 14:22:00,1563.95,1564.11,1563.95,1564.11,0.01,2.12,3315.98,1
2026-04-15,2026-04-15 14:23:00,1564.11,1564.27,1564.11,1564.27,0.01,2.12,3315.98,1
2026-04-15,2026-04-15 14:24:00,1564.27,1564.43,1564.27,1564.43,0.01,2.12,3315.98,1
2026-04-15,2026-04-15 14:25:00,1564.43,1564.59,1564.43,1564.59,0.01,2.12,3315.98,1
2026-04-15,2026-04-15 14:26:00,1564.59,1564.75,1564.59,1564.75,0.01,2.12,3315.98,1
2026-04-15,2026-04-15 14:27:00,1564.75,1564.91,1564.75,1564.91,0.01,2.12,3315.98,1
2026-04-15,2026-04-15 14:28:00,1564.91,1565.07,1564.91,1565.07,0.01,2.12,3315.98,1
2026-04-15,2026-04-15 14:29:00,1565.07,1565.22,1565.07,1565.22,0.01,2.12,3315.98,1
2026-04-15,2026-04-15 14:30:00,1565.22,1565.38,1565.22,1565.38,0.01,2.12,3315.98,1
2026-04-15,2026-04-15 14:31:00,1565.38,1565.54,1565.38,1565.54,0.01,2.12,3315.98,1
2026-04-15,2026-04-15 14:32:00,1565.54,1565.7,1565.54,1565.7,0.01,2.12,3315.98,1
2026-04-15,2026-04-15 14:33:00,1565.7,1565.86,1565.7,1565.86,0.01,2.12,3315.98,1
2026-04-15,2026-04-15 14:34:00,1565.86,1566.02,1565.86,1566.02,0.01,2.12,3315.98,1
2026-04-15,2026-04-15 14:35:00,1566.02,1566.18,1566.02,1566.18,0.01,2.12,3315.98,1
2026-04-15,2026-04-15 14:36:00,1566.18,1566.34,1566.18,1566.34,0.01,2.12,3315.98,1
2026-04-15,2026-04-15 14:37:00,1566.34,1566.5,1566.34,1566.5,0.01,2.12,3315.98,1
2026-04-15,2026-04-15 14:38:00,1566.5,1566.66,1566.5,1566.66,0.01,2.12,3315.98,1
2026-04-15,2026-04-15 14:39:00,1566.66,1566.82,1566.66,1566.82,0.01,2.12,3315.98,1
2026-04-15,2026-04-15 14:40:00,1566.82,1566.98,1566.82,1566.98,0.01,2.12,3315.98,1
2026-04-15,2026-04-15 14:41:00,1566.98,1567.13,1566.98,1567.13,0.01,2.12,3315.98,1
2026-04-15,2026-04-15 14:42:00,1567.13,1567.29,1567.13,1567.29,0.01,2.12,3315.98,1
2026-04-15,2026-04-15 14:43:00,1567.29,1567.45,1567.29,1567.45,0.01,2.12,3315.98,1
2026-04-15,2026-04-15 14:44:00,1567.45,1567.61,1567.45,1567.61,0.01,2.12,3315.98,1
2026-04-15,2026-04-15 14:45:00,1567.61,1567.77,1567.61,1567.77,0.01,2.12,3315.98,1
2026-04-15,2026-04-15 14:46:00,1567.77,1567.93,1567.77,1567.93,0.01,2.12,3315.98,1
2026-04-15,2026-04-15 14:47:00,1567.93,1568.09,1567.93,1568.09,0.01,2.12,3315.98,1
2026-04-15,2026-04-15 14:48:00,1568.09,1568.25,1568.09,1568.25,0.01,2.12,3315.98,1
2026-04-15,2026-04-15 14:49:00,1568.25,1568.41,1568.25,1568.41,0.01,2.12,3315.98,1
2026-04-15,2026-04-15 14:50:00,1568.41,1568.57,1568.41,1568.57,0.01,2.12,3315.98,1
2026-04-15,2026-04-15 14:51:00,1568.57,1568.73,1568.57,1568.73,0.01,2.12,3315.98,1
2026-04-15,2026-04-15 14:52:00,1568.73,1568.89,1568.73,1568.89,0.01,2.12,3315.98,1
2026-04-15,2026-04-15 14:53:00,1568.89,1569.05,1568.89,1569.05,0.01,2.12,3315.98,1
2026-04-15,2026-04-15 14:54:00,1569.05,1569.2,1569.05,1569.2,0.01,2.12,3315.98,1
2026-04-15,2026-04-15 14:55:00,1569.2,1569.36,1569.2,1569.36,0.01,2.12,3315.98,1
2026-04-15,2026-04-15 14:56:00,1569.36,1569.52,1569.36,1569.52,0.01,2.12,3315.98,1
2026-04-15,2026-04-15 14:57:00,1569.52,1569.68,1569.52,1569.68,0.01,2.12,3315.98,1
2026-04-15,2026-04-15 14:58:00,1569.68,1569.84,1569.68,1569.84,0.01,2.12,3315.98,1
2026-04-15,2026-04-15 14:59:00,1569.84,1570.0,1569.84,1570.0,0.01,2.12,3315.98,1
2026-04-15,2026-04-15 15:00:00,1570.0,1574.0,1531.8,1570.0,0.0,2.12,3315.98,0
2026-04-16,2026-04-16 11:00:00,1574.0,1581.8,1560.8,1573.93,-0.0,13.18,20274.93,-1
2026-04-16,2026-04-16 11:01:00,1573.93,1573.93,1573.87,1573.87,-0.0,13.18,20274.93,-1
2026-04-16,2026-04-16 11:02:00,1573.87,1573.87,1573.8,1573.8,-0.0,13.18,20274.93,-1
2026-04-16,2026-04-16 11:03:00,1573.8,1573.8,1573.73,1573.73,-0.0,13.18,20274.93,-1
2026-04-16,2026-04-16 11:04:00,1573.73,1573.73,1573.67,1573.67,-0.0,13.18,20274.93,-1
2026-04-16,2026-04-16 11:05:00,1573.67,1573.67,1573.6,1573.6,-0.0,13.18,20274.93,-1
2026-04-16,2026-04-16 11:06:00,1573.6,1573.6,1573.53,1573.53,-0.0,13.18,20274.93,-1
2026-04-16,2026-04-16 11:07:00,1573.53,1573.53,1573.47,1573.47,-0.0,13.18,20274.93,-1
2026-04-16,2026-04-16 11:08:00,1573.47,1573.47,1573.4,1573.4,-0.0,13.18,20274.93,-1
2026-04-16,2026-04-16 11:09:00,1573.4,1573.4,1573.33,1573.33,-0.0,13.18,20274.93,-1
2026-04-16,2026-04-16 11:10:00,1573.33,1573.33,1573.27,1573.27,-0.0,13.18,20274.93,-1
2026-04-16,2026-04-16 11:11:00,1573.27,1573.27,1573.2,1573.2,-0.0,13.18,20274.93,-1
2026-04-16,2026-04-16 11:12:00,1573.2,1573.2,1573.13,1573.13,-0.0,13.18,20274.93,-1
2026-04-16,2026-04-16 11:13:00,1573.13,1573.13,1573.07,1573.07,-0.0,13.18,20274.93,-1
2026-04-16,2026-04-16 11:14:00,1573.07,1573.07,1573.0,1573.0,-0.0,13.18,20274.93,-1
2026-04-16,2026-04-16 11:15:00,1573.0,1573.0,1572.93,1572.93,-0.0,13.18,20274.93,-1
2026-04-16,2026-04-16 11:16:00,1572.93,1572.93,1572.87,1572.87,-0.0,13.18,20274.93,-1
2026-04-16,2026-04-16 11:17:00,1572.87,1572.87,1572.8,1572.8,-0.0,13.18,20274.93,-1
2026-04-16,2026-04-16 11:18:00,1572.8,1572.8,1572.73,1572.73,-0.0,13.18,20274.93,-1
2026-04-16,2026-04-16 11:19:00,1572.73,1572.73,1572.67,1572.67,-0.0,13.18,20274.93,-1
2026-04-16,2026-04-16 11:20:00,1572.67,1572.67,1572.6,1572.6,-0.0,13.18,20274.93,-1
2026-04-16,2026-04-16 11:21:00,1572.6,1572.6,1572.53,1572.53,-0.0,13.18,20274.93,-1
2026-04-16,2026-04-16 11:22:00,1572.53,1572.53,1572.47,1572.47,-0.0,13.18,20274.93,-1
2026-04-16,2026-04-16 11:23:00,1572.47,1572.47,1572.4,1572.4,-0.0,13.18,20274.93,-1
2026-04-16,2026-04-16 11:24:00,1572.4,1572.4,1572.33,1572.33,-0.0,13.18,20274.93,-1
2026-04-16,2026-04-16 11:25:00,1572.33,1572.33,1572.27,1572.27,-0.0,13.18,20274.93,-1
2026-04-16,2026-04-16 11:26:00,1572.27,1572.27,1572.2,1572.2,-0.0,13.18,20274.93,-1
2026-04-16,2026-04-16 11:27:00,1572.2,1572.2,1572.13,1572.13,-0.0,13.18,20274.93,-1
2026-04-16,2026-04-16 11:28:00,1572.13,1572.13,1572.07,1572.07,-0.0,13.18,20274.93,-1
2026-04-16,2026-04-16 11:29:00,1572.07,1572.07,1572.0,1572.0,-0.0,13.18,20274.93,-1
2026-04-16,2026-04-16 11:30:00,1572.0,1572.0,1571.93,1571.93,-0.0,13.18,20274.93,-1
2026-04-16,2026-04-16 11:31:00,1571.93,1571.93,1571.87,1571.87,-0.0,13.18,20274.93,-1
2026-04-16,2026-04-16 11:32:00,1571.87,1571.87,1571.8,1571.8,-0.0,13.18,20274.93,-1
2026-04-16,2026-04-16 11:33:00,1571.8,1571.8,1571.73,1571.73,-0.0,13.18,20274.93,-1
2026-04-16,2026-04-16 11:34:00,1571.73,1571.73,1571.67,1571.67,-0.0,13.18,20274.93,-1
2026-04-16,2026-04-16 11:35:00,1571.67,1571.67,1571.6,1571.6,-0.0,13.18,20274.93,-1
2026-04-16,2026-04-16 11:36:00,1571.6,1571.6,1571.53,1571.53,-0.0,13.18,20274.93,-1
2026-04-16,2026-04-16 11:37:00,1571.53,1571.53,1571.47,1571.47,-0.0,13.18,20274.93,-1
2026-04-16,2026-04-16 11:38:00,1571.47,1571.47,1571.4,1571.4,-0.0,13.18,20274.93,-1
2026-04-16,2026-04-16 11:39:00,1571.4,1571.4,1571.33,1571.33,-0.0,13.18,20274.93,-1
2026-04-16,2026-04-16 11:40:00,1571.33,1571.33,1571.27,1571.27,-0.0,13.18,20274.93,-1
2026-04-16,2026-04-16 11:41:00,1571.27,1571.27,1571.2,1571.2,-0.0,13.18,20274.93,-1
2026-04-16,2026-04-16 11:42:00,1571.2,1571.2,1571.13,1571.13,-0.0,13.18,20274.93,-1
2026-04-16,2026-04-16 11:43:00,1571.13,1571.13,1571.07,1571.07,-0.0,13.18,20274.93,-1
2026-04-16,2026-04-16 11:44:00,1571.07,1571.07,1571.0,1571.0,-0.0,13.18,20274.93,-1
2026-04-16,2026-04-16 11:45:00,1571.0,1571.0,1570.93,1570.93,-0.0,13.18,20274.93,-1
2026-04-16,2026-04-16 11:46:00,1570.93,1570.93,1570.87,1570.87,-0.0,13.18,20274.93,-1
2026-04-16,2026-04-16 11:47:00,1570.87,1570.87,1570.8,1570.8,-0.0,13.18,20274.93,-1
2026-04-16,2026-04-16 11:48:00,1570.8,1570.8,1570.73,1570.73,-0.0,13.18,20274.93,-1
2026-04-16,2026-04-16 11:49:00,1570.73,1570.73,1570.67,1570.67,-0.0,13.18,20274.93,-1
2026-04-16,2026-04-16 11:50:00,1570.67,1570.67,1570.6,1570.6,-0.0,13.18,20274.93,-1
2026-04-16,2026-04-16 11:51:00,1570.6,1570.6,1570.53,1570.53,-0.0,13.18,20274.93,-1
2026-04-16,2026-04-16 11:52:00,1570.53,1570.53,1570.47,1570.47,-0.0,13.18,20274.93,-1
2026-04-16,2026-04-16 11:53:00,1570.47,1570.47,1570.4,1570.4,-0.0,13.18,20274.93,-1
2026-04-16,2026-04-16 11:54:00,1570.4,1570.4,1570.33,1570.33,-0.0,13.18,20274.93,-1
2026-04-16,2026-04-16 11:55:00,1570.33,1570.33,1570.27,1570.27,-0.0,13.18,20274.93,-1
2026-04-16,2026-04-16 11:56:00,1570.27,1570.27,1570.2,1570.2,-0.0,13.18,20274.93,-1
2026-04-16,2026-04-16 11:57:00,1570.2,1570.2,1570.13,1570.13,-0.0,13.18,20274.93,-1
2026-04-16,2026-04-16 11:58:00,1570.13,1570.13,1570.07,1570.07,-0.0,13.18,20274.93,-1
2026-04-16,2026-04-16 11:59:00,1570.07,1570.07,1570.0,1570.0,-0.0,13.18,20274.93,-1
2026-04-16,2026-04-16 12:00:00,1570.0,1570.0,1569.93,1569.93,-0.0,13.18,20274.93,-1
2026-04-16,2026-04-16 12:01:00,1569.93,1569.93,1569.87,1569.87,-0.0,13.18,20274.93,-1
2026-04-16,2026-04-16 12:02:00,1569.87,1569.87,1569.8,1569.8,-0.0,13.18,20274.93,-1
2026-04-16,2026-04-16 12:03:00,1569.8,1569.8,1569.73,1569.73,-0.0,13.18,20274.93,-1
2026-04-16,2026-04-16 12:04:00,1569.73,1569.73,1569.67,1569.67,-0.0,13.18,20274.93,-1
2026-04-16,2026-04-16 12:05:00,1569.67,1569.67,1569.6,1569.6,-0.0,13.18,20274.93,-1
2026-04-16,2026-04-16 12:06:00,1569.6,1569.6,1569.53,1569.53,-0.0,13.18,20274.93,-1
2026-04-16,2026-04-16 12:07:00,1569.53,1569.53,1569.47,1569.47,-0.0,13.18,20274.93,-1
2026-04-16,2026-04-16 12:08:00,1569.47,1569.47,1569.4,1569.4,-0.0,13.18,20274.93,-1
2026-04-16,2026-04-16 12:09:00,1569.4,1569.4,1569.33,1569.33,-0.0,13.18,20274.93,-1
2026-04-16,2026-04-16 12:10:00,1569.33,1569.33,1569.27,1569.27,-0.0,13.18,20274.93,-1
2026-04-16,2026-04-16 12:11:00,1569.27,1569.27,1569.2,1569.2,-0.0,13.18,20274.93,-1
2026-04-16,2026-04-16 12:12:00,1569.2,1569.2,1569.13,1569.13,-0.0,13.18,20274.93,-1
2026-04-16,2026-04-16 12:13:00,1569.13,1569.13,1569.07,1569.07,-0.0,13.18,20274.93,-1
2026-04-16,2026-04-16 12:14:00,1569.07,1569.07,1569.0,1569.0,-0.0,13.18,20274.93,-1
2026-04-16,2026-04-16 12:15:00,1569.0,1569.0,1568.93,1568.93,-0.0,13.18,20274.93,-1
2026-04-16,2026-04-16 12:16:00,1568.93,1568.93,1568.87,1568.87,-0.0,13.18,20274.93,-1
2026-04-16,2026-04-16 12:17:00,1568.87,1568.87,1568.8,1568.8,-0.0,13.18,20274.93,-1
2026-04-16,2026-04-16 12:18:00,1568.8,1568.8,1568.73,1568.73,-0.0,13.18,20274.93,-1
2026-04-16,2026-04-16 12:19:00,1568.73,1568.73,1568.67,1568.67,-0.0,13.18,20274.93,-1
2026-04-16,2026-04-16 12:20:00,1568.67,1568.67,1568.6,1568.6,-0.0,13.18,20274.93,-1
2026-04-16,2026-04-16 12:21:00,1568.6,1568.6,1568.53,1568.53,-0.0,13.18,20274.93,-1
2026-04-16,2026-04-16 12:22:00,1568.53,1568.53,1568.47,1568.47,-0.0,13.18,20274.93,-1
2026-04-16,2026-04-16 12:23:00,1568.47,1568.47,1568.4,1568.4,-0.0,13.18,20274.93,-1
2026-04-16,2026-04-16 12:24:00,1568.4,1568.4,1568.33,1568.33,-0.0,13.18,20274.93,-1
2026-04-16,2026-04-16 12:25:00,1568.33,1568.33,1568.27,1568.27,-0.0,13.18,20274.93,-1
2026-04-16,2026-04-16 12:26:00,1568.27,1568.27,1568.2,1568.2,-0.0,13.18,20274.93,-1
2026-04-16,2026-04-16 12:27:00,1568.2,1568.2,1568.13,1568.13,-0.0,13.18,20274.93,-1
2026-04-16,2026-04-16 12:28:00,1568.13,1568.13,1568.07,1568.07,-0.0,13.18,20274.93,-1
2026-04-16,2026-04-16 12:29:00,1568.07,1568.07,1568.0,1568.0,-0.0,13.18,20274.93,-1
2026-04-16,2026-04-16 12:30:00,1568.0,1568.0,1567.93,1567.93,-0.0,13.18,20274.93,-1
2026-04-16,2026-04-16 12:31:00,1567.93,1567.93,1567.87,1567.87,-0.0,13.18,20274.93,-1
2026-04-16,2026-04-16 12:32:00,1567.87,1567.87,1567.8,1567.8,-0.0,13.18,20274.93,-1
2026-04-16,2026-04-16 12:33:00,1567.8,1567.8,1567.73,1567.73,-0.0,13.18,20274.93,-1
2026-04-16,2026-04-16 12:34:00,1567.73,1567.73,1567.67,1567.67,-0.0,13.18,20274.93,-1
2026-04-16,2026-04-16 12:35:00,1567.67,1567.67,1567.6,1567.6,-0.0,13.18,20274.93,-1
2026-04-16,2026-04-16 12:36:00,1567.6,1567.6,1567.53,1567.53,-0.0,13.18,20274.93,-1
2026-04-16,2026-04-16 12:37:00,1567.53,1567.53,1567.47,1567.47,-0.0,13.18,20274.93,-1
2026-04-16,2026-04-16 12:38:00,1567.47,1567.47,1567.4,1567.4,-0.0,13.18,20274.93,-1
2026-04-16,2026-04-16 12:39:00,1567.4,1567.4,1567.33,1567.33,-0.0,13.18,20274.93,-1
2026-04-16,2026-04-16 12:40:00,1567.33,1567.33,1567.27,1567.27,-0.0,13.18,20274.93,-1
2026-04-16,2026-04-16 12:41:00,1567.27,1567.27,1567.2,1567.2,-0.0,13.18,20274.93,-1
2026-04-16,2026-04-16 12:42:00,1567.2,1567.2,1567.13,1567.13,-0.0,13.18,20274.93,-1
2026-04-16,2026-04-16 12:43:00,1567.13,1567.13,1567.07,1567.07,-0.0,13.18,20274.93,-1
2026-04-16,2026-04-16 12:44:00,1567.07,1567.07,1567.0,1567.0,-0.0,13.18,20274.93,-1
2026-04-16,2026-04-16 12:45:00,1567.0,1567.0,1566.93,1566.93,-0.0,13.18,20274.93,-1
2026-04-16,2026-04-16 12:46:00,1566.93,1566.93,1566.87,1566.87,-0.0,13.18,20274.93,-1
2026-04-16,2026-04-16 12:47:00,1566.87,1566.87,1566.8,1566.8,-0.0,13.18,20274.93,-1
2026-04-16,2026-04-16 12:48:00,1566.8,1566.8,1566.73,1566.73,-0.0,13.18,20274.93,-1
2026-04-16,2026-04-16 12:49:00,1566.73,1566.73,1566.67,1566.67,-0.0,13.18,20274.93,-1
2026-04-16,2026-04-16 12:50:00,1566.67,1566.67,1566.6,1566.6,-0.0,13.18,20274.93,-1
2026-04-16,2026-04-16 12:51:00,1566.6,1566.6,1566.53,1566.53,-0.0,13.18,20274.93,-1
2026-04-16,2026-04-16 12:52:00,1566.53,1566.53,1566.47,1566.47,-0.0,13.18,20274.93,-1
2026-04-16,2026-04-16 12:53:00,1566.47,1566.47,1566.4,1566.4,-0.0,13.18,20274.93,-1
2026-04-16,2026-04-16 12:54:00,1566.4,1566.4,1566.33,1566.33,-0.0,13.18,20274.93,-1
2026-04-16,2026-04-16 12:55:00,1566.33,1566.33,1566.27,1566.27,-0.0,13.18,20274.93,-1
2026-04-16,2026-04-16 12:56:00,1566.27,1566.27,1566.2,1566.2,-0.0,13.18,20274.93,-1
2026-04-16,2026-04-16 12:57:00,1566.2,1566.2,1566.13,1566.13,-0.0,13.18,20274.93,-1
2026-04-16,2026-04-16 12:58:00,1566.13,1566.13,1566.07,1566.07,-0.0,13.18,20274.93,-1
2026-04-16,2026-04-16 12:59:00,1566.07,1566.07,1566.0,1566.0,-0.0,13.18,20274.93,-1
2026-04-16,2026-04-16 13:00:00,1566.0,1600.0,1530.0,1565.93,-0.0,13.18,20274.93,-1
2026-04-16,2026-04-16 13:01:00,1565.93,1565.93,1565.87,1565.87,-0.0,13.18,20274.93,-1
2026-04-16,2026-04-16 13:02:00,1565.87,1565.87,1565.8,1565.8,-0.0,13.18,20274.93,-1
2026-04-16,2026-04-16 13:03:00,1565.8,1565.8,1565.73,1565.73,-0.0,13.18,20274.93,-1
2026-04-16,2026-04-16 13:04:00,1565.73,1565.73,1565.67,1565.67,-0.0,13.18,20274.93,-1
2026-04-16,2026-04-16 13:05:00,1565.67,1565.67,1565.6,1565.6,-0.0,13.18,20274.93,-1
2026-04-16,2026-04-16 13:06:00,1565.6,1565.6,1565.53,1565.53,-0.0,13.18,20274.93,-1
2026-04-16,2026-04-16 13:07:00,1565.53,1565.53,1565.47,1565.47,-0.0,13.18,20274.93,-1
2026-04-16,2026-04-16 13:08:00,1565.47,1565.47,1565.4,1565.4,-0.0,13.18,20274.93,-1
2026-04-16,2026-04-16 13:09:00,1565.4,1565.4,1565.33,1565.33,-0.0,13.18,20274.93,-1
2026-04-16,2026-04-16 13:10:00,1565.33,1565.33,1565.27,1565.27,-0.0,13.18,20274.93,-1
2026-04-16,2026-04-16 13:11:00,1565.27,1565.27,1565.2,1565.2,-0.0,13.18,20274.93,-1
2026-04-16,2026-04-16 13:12:00,1565.2,1565.2,1565.13,1565.13,-0.0,13.18,20274.93,-1
2026-04-16,2026-04-16 13:13:00,1565.13,1565.13,1565.07,1565.07,-0.0,13.18,20274.93,-1
2026-04-16,2026-04-16 13:14:00,1565.07,1565.07,1565.0,1565.0,-0.0,13.18,20274.93,-1
2026-04-16,2026-04-16 13:15:00,1565.0,1565.0,1564.93,1564.93,-0.0,13.18,20274.93,-1
2026-04-16,2026-04-16 13:16:00,1564.93,1564.93,1564.87,1564.87,-0.0,13.18,20274.93,-1
2026-04-16,2026-04-16 13:17:00,1564.87,1564.87,1564.8,1564.8,-0.0,13.18,20274.93,-1
2026-04-16,2026-04-16 13:18:00,1564.8,1564.8,1564.73,1564.73,-0.0,13.18,20274.93,-1
2026-04-16,2026-04-16 13:19:00,1564.73,1564.73,1564.67,1564.67,-0.0,13.18,20274.93,-1
2026-04-16,2026-04-16 13:20:00,1564.67,1564.67,1564.6,1564.6,-0.0,13.18,20274.93,-1
2026-04-16,2026-04-16 13:21:00,1564.6,1564.6,1564.53,1564.53,-0.0,13.18,20274.93,-1
2026-04-16,2026-04-16 13:22:00,1564.53,1564.53,1564.47,1564.47,-0.0,13.18,20274.93,-1
2026-04-16,2026-04-16 13:23:00,1564.47,1564.47,1564.4,1564.4,-0.0,13.18,20274.93,-1
2026-04-16,2026-04-16 13:24:00,1564.4,1564.4,1564.33,1564.33,-0.0,13.18,20274.93,-1
2026-04-16,2026-04-16 13:25:00,1564.33,1564.33,1564.27,1564.27,-0.0,13.18,20274.93,-1
2026-04-16,2026-04-16 13:26:00,1564.27,1564.27,1564.2,1564.2,-0.0,13.18,20274.93,-1
2026-04-16,2026-04-16 13:27:00,1564.2,1564.2,1564.13,1564.13,-0.0,13.18,20274.93,-1
2026-04-16,2026-04-16 13:28:00,1564.13,1564.13,1564.07,1564.07,-0.0,13.18,20274.93,-1
2026-04-16,2026-04-16 13:29:00,1564.07,1564.07,1564.0,1564.0,-0.0,13.18,20274.93,-1
2026-04-16,2026-04-16 13:30:00,1564.0,1564.0,1563.93,1563.93,-0.0,13.18,20274.93,-1
2026-04-16,2026-04-16 13:31:00,1563.93,1563.93,1563.87,1563.87,-0.0,13.18,20274.93,-1
2026-04-16,2026-04-16 13:32:00,1563.87,1563.87,1563.8,1563.8,-0.0,13.18,20274.93,-1
2026-04-16,2026-04-16 13:33:00,1563.8,1563.8,1563.73,1563.73,-0.0,13.18,20274.93,-1
2026-04-16,2026-04-16 13:34:00,1563.73,1563.73,1563.67,1563.67,-0.0,13.18,20274.93,-1
2026-04-16,2026-04-16 13:35:00,1563.67,1563.67,1563.6,1563.6,-0.0,13.18,20274.93,-1
2026-04-16,2026-04-16 13:36:00,1563.6,1563.6,1563.53,1563.53,-0.0,13.18,20274.93,-1
2026-04-16,2026-04-16 13:37:00,1563.53,1563.53,1563.47,1563.47,-0.0,13.18,20274.93,-1
2026-04-16,2026-04-16 13:38:00,1563.47,1563.47,1563.4,1563.4,-0.0,13.18,20274.93,-1
2026-04-16,2026-04-16 13:39:00,1563.4,1563.4,1563.33,1563.33,-0.0,13.18,20274.93,-1
2026-04-16,2026-04-16 13:40:00,1563.33,1563.33,1563.27,1563.27,-0.0,13.18,20274.93,-1
2026-04-16,2026-04-16 13:41:00,1563.27,1563.27,1563.2,1563.2,-0.0,13.18,20274.93,-1
2026-04-16,2026-04-16 13:42:00,1563.2,1563.2,1563.13,1563.13,-0.0,13.18,20274.93,-1
2026-04-16,2026-04-16 13:43:00,1563.13,1563.13,1563.07,1563.07,-0.0,13.18,20274.93,-1
2026-04-16,2026-04-16 13:44:00,1563.07,1563.07,1563.0,1563.0,-0.0,13.18,20274.93,-1
2026-04-16,2026-04-16 13:45:00,1563.0,1563.0,1562.93,1562.93,-0.0,13.18,20274.93,-1
2026-04-16,2026-04-16 13:46:00,1562.93,1562.93,1562.87,1562.87,-0.0,13.18,20274.93,-1
2026-04-16,2026-04-16 13:47:00,1562.87,1562.87,1562.8,1562.8,-0.0,13.18,20274.93,-1
2026-04-16,2026-04-16 13:48:00,1562.8,1562.8,1562.73,1562.73,-0.0,13.18,20274.93,-1
2026-04-16,2026-04-16 13:49:00,1562.73,1562.73,1562.67,1562.67,-0.0,13.18,20274.93,-1
2026-04-16,2026-04-16 13:50:00,1562.67,1562.67,1562.6,1562.6,-0.0,13.18,20274.93,-1
2026-04-16,2026-04-16 13:51:00,1562.6,1562.6,1562.53,1562.53,-0.0,13.18,20274.93,-1
2026-04-16,2026-04-16 13:52:00,1562.53,1562.53,1562.47,1562.47,-0.0,13.18,20274.93,-1
2026-04-16,2026-04-16 13:53:00,1562.47,1562.47,1562.4,1562.4,-0.0,13.18,20274.93,-1
2026-04-16,2026-04-16 13:54:00,1562.4,1562.4,1562.33,1562.33,-0.0,13.18,20274.93,-1
2026-04-16,2026-04-16 13:55:00,1562.33,1562.33,1562.27,1562.27,-0.0,13.18,20274.93,-1
2026-04-16,2026-04-16 13:56:00,1562.27,1562.27,1562.2,1562.2,-0.0,13.18,20274.93,-1
2026-04-16,2026-04-16 13:57:00,1562.2,1562.2,1562.13,1562.13,-0.0,13.18,20274.93,-1
2026-04-16,2026-04-16 13:58:00,1562.13,1562.13,1562.07,1562.07,-0.0,13.18,20274.93,-1
2026-04-16,2026-04-16 13:59:00,1562.07,1562.07,1562.0,1562.0,-0.0,13.18,20274.93,-1
2026-04-16,2026-04-16 14:00:00,1562.0,1562.0,1561.93,1561.93,-0.0,13.18,20274.93,-1
2026-04-16,2026-04-16 14:01:00,1561.93,1561.93,1561.87,1561.87,-0.0,13.18,20274.93,-1
2026-04-16,2026-04-16 14:02:00,1561.87,1561.87,1561.8,1561.8,-0.0,13.18,20274.93,-1
2026-04-16,2026-04-16 14:03:00,1561.8,1561.8,1561.73,1561.73,-0.0,13.18,20274.93,-1
2026-04-16,2026-04-16 14:04:00,1561.73,1561.73,1561.67,1561.67,-0.0,13.18,20274.93,-1
2026-04-16,2026-04-16 14:05:00,1561.67,1561.67,1561.6,1561.6,-0.0,13.18,20274.93,-1
2026-04-16,2026-04-16 14:06:00,1561.6,1561.6,1561.53,1561.53,-0.0,13.18,20274.93,-1
2026-04-16,2026-04-16 14:07:00,1561.53,1561.53,1561.47,1561.47,-0.0,13.18,20274.93,-1
2026-04-16,2026-04-16 14:08:00,1561.47,1561.47,1561.4,1561.4,-0.0,13.18,20274.93,-1
2026-04-16,2026-04-16 14:09:00,1561.4,1561.4,1561.33,1561.33,-0.0,13.18,20274.93,-1
2026-04-16,2026-04-16 14:10:00,1561.33,1561.33,1561.27,1561.27,-0.0,13.18,20274.93,-1
2026-04-16,2026-04-16 14:11:00,1561.27,1561.27,1561.2,1561.2,-0.0,13.18,20274.93,-1
2026-04-16,2026-04-16 14:12:00,1561.2,1561.2,1561.13,1561.13,-0.0,13.18,20274.93,-1
2026-04-16,2026-04-16 14:13:00,1561.13,1561.13,1561.07,1561.07,-0.0,13.18,20274.93,-1
2026-04-16,2026-04-16 14:14:00,1561.07,1561.07,1561.0,1561.0,-0.0,13.18,20274.93,-1
2026-04-16,2026-04-16 14:15:00,1561.0,1561.0,1560.93,1560.93,-0.0,13.18,20274.93,-1
2026-04-16,2026-04-16 14:16:00,1560.93,1560.93,1560.87,1560.87,-0.0,13.18,20274.93,-1
2026-04-16,2026-04-16 14:17:00,1560.87,1560.87,1560.8,1560.8,-0.0,13.18,20274.93,-1
2026-04-16,2026-04-16 14:18:00,1560.8,1560.8,1560.73,1560.73,-0.0,13.18,20274.93,-1
2026-04-16,2026-04-16 14:19:00,1560.73,1560.73,1560.67,1560.67,-0.0,13.18,20274.93,-1
2026-04-16,2026-04-16 14:20:00,1560.67,1560.67,1560.6,1560.6,-0.0,13.18,20274.93,-1
2026-04-16,2026-04-16 14:21:00,1560.6,1560.6,1560.53,1560.53,-0.0,13.18,20274.93,-1
2026-04-16,2026-04-16 14:22:00,1560.53,1560.53,1560.47,1560.47,-0.0,13.18,20274.93,-1
2026-04-16,2026-04-16 14:23:00,1560.47,1560.47,1560.4,1560.4,-0.0,13.18,20274.93,-1
2026-04-16,2026-04-16 14:24:00,1560.4,1560.4,1560.33,1560.33,-0.0,13.18,20274.93,-1
2026-04-16,2026-04-16 14:25:00,1560.33,1560.33,1560.27,1560.27,-0.0,13.18,20274.93,-1
2026-04-16,2026-04-16 14:26:00,1560.27,1560.27,1560.2,1560.2,-0.0,13.18,20274.93,-1
2026-04-16,2026-04-16 14:27:00,1560.2,1560.2,1560.13,1560.13,-0.0,13.18,20274.93,-1
2026-04-16,2026-04-16 14:28:00,1560.13,1560.13,1560.07,1560.07,-0.0,13.18,20274.93,-1
2026-04-16,2026-04-16 14:29:00,1560.07,1560.07,1560.0,1560.0,-0.0,13.18,20274.93,-1
2026-04-16,2026-04-16 14:30:00,1560.0,1560.0,1559.93,1559.93,-0.0,13.18,20274.93,-1
2026-04-16,2026-04-16 14:31:00,1559.93,1559.93,1559.87,1559.87,-0.0,13.18,20274.93,-1
2026-04-16,2026-04-16 14:32:00,1559.87,1559.87,1559.8,1559.8,-0.0,13.18,20274.93,-1
2026-04-16,2026-04-16 14:33:00,1559.8,1559.8,1559.73,1559.73,-0.0,13.18,20274.93,-1
2026-04-16,2026-04-16 14:34:00,1559.73,1559.73,1559.67,1559.67,-0.0,13.18,20274.93,-1
2026-04-16,2026-04-16 14:35:00,1559.67,1559.67,1559.6,1559.6,-0.0,13.18,20274.93,-1
2026-04-16,2026-04-16 14:36:00,1559.6,1559.6,1559.53,1559.53,-0.0,13.18,20274.93,-1
2026-04-16,2026-04-16 14:37:00,1559.53,1559.53,1559.47,1559.47,-0.0,13.18,20274.93,-1
2026-04-16,2026-04-16 14:38:00,1559.47,1559.47,1559.4,1559.4,-0.0,13.18,20274.93,-1
2026-04-16,2026-04-16 14:39:00,1559.4,1559.4,1559.33,1559.33,-0.0,13.18,20274.93,-1
2026-04-16,2026-04-16 14:40:00,1559.33,1559.33,1559.27,1559.27,-0.0,13.18,20274.93,-1
2026-04-16,2026-04-16 14:41:00,1559.27,1559.27,1559.2,1559.2,-0.0,13.18,20274.93,-1
2026-04-16,2026-04-16 14:42:00,1559.2,1559.2,1559.13,1559.13,-0.0,13.18,20274.93,-1
2026-04-16,2026-04-16 14:43:00,1559.13,1559.13,1559.07,1559.07,-0.0,13.18,20274.93,-1
2026-04-16,2026-04-16 14:44:00,1559.07,1559.07,1559.0,1559.0,-0.0,13.18,20274.93,-1
2026-04-16,2026-04-16 14:45:00,1559.0,1559.0,1558.93,1558.93,-0.0,13.18,20274.93,-1
2026-04-16,2026-04-16 14:46:00,1558.93,1558.93,1558.87,1558.87,-0.0,13.18,20274.93,-1
2026-04-16,2026-04-16 14:47:00,1558.87,1558.87,1558.8,1558.8,-0.0,13.18,20274.93,-1
2026-04-16,2026-04-16 14:48:00,1558.8,1558.8,1558.73,1558.73,-0.0,13.18,20274.93,-1
2026-04-16,2026-04-16 14:49:00,1558.73,1558.73,1558.67,1558.67,-0.0,13.18,20274.93,-1
2026-04-16,2026-04-16 14:50:00,1558.67,1558.67,1558.6,1558.6,-0.0,13.18,20274.93,-1
2026-04-16,2026-04-16 14:51:00,1558.6,1558.6,1558.53,1558.53,-0.0,13.18,20274.93,-1
2026-04-16,2026-04-16 14:52:00,1558.53,1558.53,1558.47,1558.47,-0.0,13.18,20274.93,-1
2026-04-16,2026-04-16 14:53:00,1558.47,1558.47,1558.4,1558.4,-0.0,13.18,20274.93,-1
2026-04-16,2026-04-16 14:54:00,1558.4,1558.4,1558.33,1558.33,-0.0,13.18,20274.93,-1
2026-04-16,2026-04-16 14:55:00,1558.33,1558.33,1558.27,1558.27,-0.0,13.18,20274.93,-1
2026-04-16,2026-04-16 14:56:00,1558.27,1558.27,1558.2,1558.2,-0.0,13.18,20274.93,-1
2026-04-16,2026-04-16 14:57:00,1558.2,1558.2,1558.13,1558.13,-0.0,13.18,20274.93,-1
2026-04-16,2026-04-16 14:58:00,1558.13,1558.13,1558.07,1558.07,-0.0,13.18,20274.93,-1
2026-04-16,2026-04-16 14:59:00,1558.07,1558.07,1558.0,1558.0,-0.0,13.18,20274.93,-1
2026-04-16,2026-04-16 15:00:00,1558.0,1600.0,1530.0,1558.0,0.0,13.18,20274.93,0
2026-04-17,2026-04-17 11:00:00,1526.9,1558.43,1526.9,1527.0,0.01,6.35,9880.78,1
2026-04-17,2026-04-17 11:01:00,1527.0,1527.09,1527.0,1527.09,0.01,6.35,9880.78,1
2026-04-17,2026-04-17 11:02:00,1527.09,1527.19,1527.09,1527.19,0.01,6.35,9880.78,1
2026-04-17,2026-04-17 11:03:00,1527.19,1527.29,1527.19,1527.29,0.01,6.35,9880.78,1
2026-04-17,2026-04-17 11:04:00,1527.29,1527.38,1527.29,1527.38,0.01,6.35,9880.78,1
2026-04-17,2026-04-17 11:05:00,1527.38,1527.48,1527.38,1527.48,0.01,6.35,9880.78,1
2026-04-17,2026-04-17 11:06:00,1527.48,1527.57,1527.48,1527.57,0.01,6.35,9880.78,1
2026-04-17,2026-04-17 11:07:00,1527.57,1527.67,1527.57,1527.67,0.01,6.35,9880.78,1
2026-04-17,2026-04-17 11:08:00,1527.67,1527.77,1527.67,1527.77,0.01,6.35,9880.78,1
2026-04-17,2026-04-17 11:09:00,1527.77,1527.86,1527.77,1527.86,0.01,6.35,9880.78,1
2026-04-17,2026-04-17 11:10:00,1527.86,1527.96,1527.86,1527.96,0.01,6.35,9880.78,1
2026-04-17,2026-04-17 11:11:00,1527.96,1528.06,1527.96,1528.06,0.01,6.35,9880.78,1
2026-04-17,2026-04-17 11:12:00,1528.06,1528.15,1528.06,1528.15,0.01,6.35,9880.78,1
2026-04-17,2026-04-17 11:13:00,1528.15,1528.25,1528.15,1528.25,0.01,6.35,9880.78,1
2026-04-17,2026-04-17 11:14:00,1528.25,1528.34,1528.25,1528.34,0.01,6.35,9880.78,1
2026-04-17,2026-04-17 11:15:00,1528.34,1528.44,1528.34,1528.44,0.01,6.35,9880.78,1
2026-04-17,2026-04-17 11:16:00,1528.44,1528.54,1528.44,1528.54,0.01,6.35,9880.78,1
2026-04-17,2026-04-17 11:17:00,1528.54,1528.63,1528.54,1528.63,0.01,6.35,9880.78,1
2026-04-17,2026-04-17 11:18:00,1528.63,1528.73,1528.63,1528.73,0.01,6.35,9880.78,1
2026-04-17,2026-04-17 11:19:00,1528.73,1528.83,1528.73,1528.83,0.01,6.35,9880.78,1
2026-04-17,2026-04-17 11:20:00,1528.83,1528.92,1528.83,1528.92,0.01,6.35,9880.78,1
2026-04-17,2026-04-17 11:21:00,1528.92,1529.02,1528.92,1529.02,0.01,6.35,9880.78,1
2026-04-17,2026-04-17 11:22:00,1529.02,1529.11,1529.02,1529.11,0.01,6.35,9880.78,1
2026-04-17,2026-04-17 11:23:00,1529.11,1529.21,1529.11,1529.21,0.01,6.35,9880.78,1
2026-04-17,2026-04-17 11:24:00,1529.21,1529.31,1529.21,1529.31,0.01,6.35,9880.78,1
2026-04-17,2026-04-17 11:25:00,1529.31,1529.4,1529.31,1529.4,0.01,6.35,9880.78,1
2026-04-17,2026-04-17 11:26:00,1529.4,1529.5,1529.4,1529.5,0.01,6.35,9880.78,1
2026-04-17,2026-04-17 11:27:00,1529.5,1529.6,1529.5,1529.6,0.01,6.35,9880.78,1
2026-04-17,2026-04-17 11:28:00,1529.6,1529.69,1529.6,1529.69,0.01,6.35,9880.78,1
2026-04-17,2026-04-17 11:29:00,1529.69,1529.79,1529.69,1529.79,0.01,6.35,9880.78,1
2026-04-17,2026-04-17 11:30:00,1529.79,1529.88,1529.79,1529.88,0.01,6.35,9880.78,1
2026-04-17,2026-04-17 11:31:00,1529.88,1529.98,1529.88,1529.98,0.01,6.35,9880.78,1
2026-04-17,2026-04-17 11:32:00,1529.98,1530.08,1529.98,1530.08,0.01,6.35,9880.78,1
2026-04-17,2026-04-17 11:33:00,1530.08,1530.17,1530.08,1530.17,0.01,6.35,9880.78,1
2026-04-17,2026-04-17 11:34:00,1530.17,1530.27,1530.17,1530.27,0.01,6.35,9880.78,1
2026-04-17,2026-04-17 11:35:00,1530.27,1530.37,1530.27,1530.37,0.01,6.35,9880.78,1
2026-04-17,2026-04-17 11:36:00,1530.37,1530.46,1530.37,1530.46,0.01,6.35,9880.78,1
2026-04-17,2026-04-17 11:37:00,1530.46,1530.56,1530.46,1530.56,0.01,6.35,9880.78,1
2026-04-17,2026-04-17 11:38:00,1530.56,1530.65,1530.56,1530.65,0.01,6.35,9880.78,1
2026-04-17,2026-04-17 11:39:00,1530.65,1530.75,1530.65,1530.75,0.01,6.35,9880.78,1
2026-04-17,2026-04-17 11:40:00,1530.75,1530.85,1530.75,1530.85,0.01,6.35,9880.78,1
2026-04-17,2026-04-17 11:41:00,1530.85,1530.94,1530.85,1530.94,0.01,6.35,9880.78,1
2026-04-17,2026-04-17 11:42:00,1530.94,1531.04,1530.94,1531.04,0.01,6.35,9880.78,1
2026-04-17,2026-04-17 11:43:00,1531.04,1531.13,1531.04,1531.13,0.01,6.35,9880.78,1
2026-04-17,2026-04-17 11:44:00,1531.13,1531.23,1531.13,1531.23,0.01,6.35,9880.78,1
2026-04-17,2026-04-17 11:45:00,1531.23,1531.33,1531.23,1531.33,0.01,6.35,9880.78,1
2026-04-17,2026-04-17 11:46:00,1531.33,1531.42,1531.33,1531.42,0.01,6.35,9880.78,1
2026-04-17,2026-04-17 11:47:00,1531.42,1531.52,1531.42,1531.52,0.01,6.35,9880.78,1
2026-04-17,2026-04-17 11:48:00,1531.52,1531.62,1531.52,1531.62,0.01,6.35,9880.78,1
2026-04-17,2026-04-17 11:49:00,1531.62,1531.71,1531.62,1531.71,0.01,6.35,9880.78,1
2026-04-17,2026-04-17 11:50:00,1531.71,1531.81,1531.71,1531.81,0.01,6.35,9880.78,1
2026-04-17,2026-04-17 11:51:00,1531.81,1531.9,1531.81,1531.9,0.01,6.35,9880.78,1
2026-04-17,2026-04-17 11:52:00,1531.9,1532.0,1531.9,1532.0,0.01,6.35,9880.78,1
2026-04-17,2026-04-17 11:53:00,1532.0,1532.1,1532.0,1532.1,0.01,6.35,9880.78,1
2026-04-17,2026-04-17 11:54:00,1532.1,1532.19,1532.1,1532.19,0.01,6.35,9880.78,1
2026-04-17,2026-04-17 11:55:00,1532.19,1532.29,1532.19,1532.29,0.01,6.35,9880.78,1
2026-04-17,2026-04-17 11:56:00,1532.29,1532.39,1532.29,1532.39,0.01,6.35,9880.78,1
2026-04-17,2026-04-17 11:57:00,1532.39,1532.48,1532.39,1532.48,0.01,6.35,9880.78,1
2026-04-17,2026-04-17 11:58:00,1532.48,1532.58,1532.48,1532.58,0.01,6.35,9880.78,1
2026-04-17,2026-04-17 11:59:00,1532.58,1532.68,1532.58,1532.68,0.01,6.35,9880.78,1
2026-04-17,2026-04-17 12:00:00,1532.68,1532.77,1532.68,1532.77,0.01,6.35,9880.78,1
2026-04-17,2026-04-17 12:01:00,1532.77,1532.87,1532.77,1532.87,0.01,6.35,9880.78,1
2026-04-17,2026-04-17 12:02:00,1532.87,1532.96,1532.87,1532.96,0.01,6.35,9880.78,1
2026-04-17,2026-04-17 12:03:00,1532.96,1533.06,1532.96,1533.06,0.01,6.35,9880.78,1
2026-04-17,2026-04-17 12:04:00,1533.06,1533.16,1533.06,1533.16,0.01,6.35,9880.78,1
2026-04-17,2026-04-17 12:05:00,1533.16,1533.25,1533.16,1533.25,0.01,6.35,9880.78,1
2026-04-17,2026-04-17 12:06:00,1533.25,1533.35,1533.25,1533.35,0.01,6.35,9880.78,1
2026-04-17,2026-04-17 12:07:00,1533.35,1533.45,1533.35,1533.45,0.01,6.35,9880.78,1
2026-04-17,2026-04-17 12:08:00,1533.45,1533.54,1533.45,1533.54,0.01,6.35,9880.78,1
2026-04-17,2026-04-17 12:09:00,1533.54,1533.64,1533.54,1533.64,0.01,6.35,9880.78,1
2026-04-17,2026-04-17 12:10:00,1533.64,1533.73,1533.64,1533.73,0.01,6.35,9880.78,1
2026-04-17,2026-04-17 12:11:00,1533.73,1533.83,1533.73,1533.83,0.01,6.35,9880.78,1
2026-04-17,2026-04-17 12:12:00,1533.83,1533.93,1533.83,1533.93,0.01,6.35,9880.78,1
2026-04-17,2026-04-17 12:13:00,1533.93,1534.02,1533.93,1534.02,0.01,6.35,9880.78,1
2026-04-17,2026-04-17 12:14:00,1534.02,1534.12,1534.02,1534.12,0.01,6.35,9880.78,1
2026-04-17,2026-04-17 12:15:00,1534.12,1534.22,1534.12,1534.22,0.01,6.35,9880.78,1
2026-04-17,2026-04-17 12:16:00,1534.22,1534.31,1534.22,1534.31,0.01,6.35,9880.78,1
2026-04-17,2026-04-17 12:17:00,1534.31,1534.41,1534.31,1534.41,0.01,6.35,9880.78,1
2026-04-17,2026-04-17 12:18:00,1534.41,1534.5,1534.41,1534.5,0.01,6.35,9880.78,1
2026-04-17,2026-04-17 12:19:00,1534.5,1534.6,1534.5,1534.6,0.01,6.35,9880.78,1
2026-04-17,2026-04-17 12:20:00,1534.6,1534.7,1534.6,1534.7,0.01,6.35,9880.78,1
2026-04-17,2026-04-17 12:21:00,1534.7,1534.79,1534.7,1534.79,0.01,6.35,9880.78,1
2026-04-17,2026-04-17 12:22:00,1534.79,1534.89,1534.79,1534.89,0.01,6.35,9880.78,1
2026-04-17,2026-04-17 12:23:00,1534.89,1534.99,1534.89,1534.99,0.01,6.35,9880.78,1
2026-04-17,2026-04-17 12:24:00,1534.99,1535.08,1534.99,1535.08,0.01,6.35,9880.78,1
2026-04-17,2026-04-17 12:25:00,1535.08,1535.18,1535.08,1535.18,0.01,6.35,9880.78,1
2026-04-17,2026-04-17 12:26:00,1535.18,1535.27,1535.18,1535.27,0.01,6.35,9880.78,1
2026-04-17,2026-04-17 12:27:00,1535.27,1535.37,1535.27,1535.37,0.01,6.35,9880.78,1
2026-04-17,2026-04-17 12:28:00,1535.37,1535.47,1535.37,1535.47,0.01,6.35,9880.78,1
2026-04-17,2026-04-17 12:29:00,1535.47,1535.56,1535.47,1535.56,0.01,6.35,9880.78,1
2026-04-17,2026-04-17 12:30:00,1535.56,1535.66,1535.56,1535.66,0.01,6.35,9880.78,1
2026-04-17,2026-04-17 12:31:00,1535.66,1535.76,1535.66,1535.76,0.01,6.35,9880.78,1
2026-04-17,2026-04-17 12:32:00,1535.76,1535.85,1535.76,1535.85,0.01,6.35,9880.78,1
2026-04-17,2026-04-17 12:33:00,1535.85,1535.95,1535.85,1535.95,0.01,6.35,9880.78,1
2026-04-17,2026-04-17 12:34:00,1535.95,1536.04,1535.95,1536.04,0.01,6.35,9880.78,1
2026-04-17,2026-04-17 12:35:00,1536.04,1536.14,1536.04,1536.14,0.01,6.35,9880.78,1
2026-04-17,2026-04-17 12:36:00,1536.14,1536.24,1536.14,1536.24,0.01,6.35,9880.78,1
2026-04-17,2026-04-17 12:37:00,1536.24,1536.33,1536.24,1536.33,0.01,6.35,9880.78,1
2026-04-17,2026-04-17 12:38:00,1536.33,1536.43,1536.33,1536.43,0.01,6.35,9880.78,1
2026-04-17,2026-04-17 12:39:00,1536.43,1536.53,1536.43,1536.53,0.01,6.35,9880.78,1
2026-04-17,2026-04-17 12:40:00,1536.53,1536.62,1536.53,1536.62,0.01,6.35,9880.78,1
2026-04-17,2026-04-17 12:41:00,1536.62,1536.72,1536.62,1536.72,0.01,6.35,9880.78,1
2026-04-17,2026-04-17 12:42:00,1536.72,1536.81,1536.72,1536.81,0.01,6.35,9880.78,1
2026-04-17,2026-04-17 12:43:00,1536.81,1536.91,1536.81,1536.91,0.01,6.35,9880.78,1
2026-04-17,2026-04-17 12:44:00,1536.91,1537.01,1536.91,1537.01,0.01,6.35,9880.78,1
2026-04-17,2026-04-17 12:45:00,1537.01,1537.1,1537.01,1537.1,0.01,6.35,9880.78,1
2026-04-17,2026-04-17 12:46:00,1537.1,1537.2,1537.1,1537.2,0.01,6.35,9880.78,1
2026-04-17,2026-04-17 12:47:00,1537.2,1537.3,1537.2,1537.3,0.01,6.35,9880.78,1
2026-04-17,2026-04-17 12:48:00,1537.3,1537.39,1537.3,1537.39,0.01,6.35,9880.78,1
2026-04-17,2026-04-17 12:49:00,1537.39,1537.49,1537.39,1537.49,0.01,6.35,9880.78,1
2026-04-17,2026-04-17 12:50:00,1537.49,1537.58,1537.49,1537.58,0.01,6.35,9880.78,1
2026-04-17,2026-04-17 12:51:00,1537.58,1537.68,1537.58,1537.68,0.01,6.35,9880.78,1
2026-04-17,2026-04-17 12:52:00,1537.68,1537.78,1537.68,1537.78,0.01,6.35,9880.78,1
2026-04-17,2026-04-17 12:53:00,1537.78,1537.87,1537.78,1537.87,0.01,6.35,9880.78,1
2026-04-17,2026-04-17 12:54:00,1537.87,1537.97,1537.87,1537.97,0.01,6.35,9880.78,1
2026-04-17,2026-04-17 12:55:00,1537.97,1538.07,1537.97,1538.07,0.01,6.35,9880.78,1
2026-04-17,2026-04-17 12:56:00,1538.07,1538.16,1538.07,1538.16,0.01,6.35,9880.78,1
2026-04-17,2026-04-17 12:57:00,1538.16,1538.26,1538.16,1538.26,0.01,6.35,9880.78,1
2026-04-17,2026-04-17 12:58:00,1538.26,1538.35,1538.26,1538.35,0.01,6.35,9880.78,1
2026-04-17,2026-04-17 12:59:00,1538.35,1538.45,1538.35,1538.45,0.01,6.35,9880.78,1
2026-04-17,2026-04-17 13:00:00,1538.45,1632.0,1526.9,1538.55,0.01,6.35,9880.78,1
2026-04-17,2026-04-17 13:01:00,1538.55,1538.64,1538.55,1538.64,0.01,6.35,9880.78,1
2026-04-17,2026-04-17 13:02:00,1538.64,1538.74,1538.64,1538.74,0.01,6.35,9880.78,1
2026-04-17,2026-04-17 13:03:00,1538.74,1538.84,1538.74,1538.84,0.01,6.35,9880.78,1
2026-04-17,2026-04-17 13:04:00,1538.84,1538.93,1538.84,1538.93,0.01,6.35,9880.78,1
2026-04-17,2026-04-17 13:05:00,1538.93,1539.03,1538.93,1539.03,0.01,6.35,9880.78,1
2026-04-17,2026-04-17 13:06:00,1539.03,1539.12,1539.03,1539.12,0.01,6.35,9880.78,1
2026-04-17,2026-04-17 13:07:00,1539.12,1539.22,1539.12,1539.22,0.01,6.35,9880.78,1
2026-04-17,2026-04-17 13:08:00,1539.22,1539.32,1539.22,1539.32,0.01,6.35,9880.78,1
2026-04-17,2026-04-17 13:09:00,1539.32,1539.41,1539.32,1539.41,0.01,6.35,9880.78,1
2026-04-17,2026-04-17 13:10:00,1539.41,1539.51,1539.41,1539.51,0.01,6.35,9880.78,1
2026-04-17,2026-04-17 13:11:00,1539.51,1539.61,1539.51,1539.61,0.01,6.35,9880.78,1
2026-04-17,2026-04-17 13:12:00,1539.61,1539.7,1539.61,1539.7,0.01,6.35,9880.78,1
2026-04-17,2026-04-17 13:13:00,1539.7,1539.8,1539.7,1539.8,0.01,6.35,9880.78,1
2026-04-17,2026-04-17 13:14:00,1539.8,1539.89,1539.8,1539.89,0.01,6.35,9880.78,1
2026-04-17,2026-04-17 13:15:00,1539.89,1539.99,1539.89,1539.99,0.01,6.35,9880.78,1
2026-04-17,2026-04-17 13:16:00,1539.99,1540.09,1539.99,1540.09,0.01,6.35,9880.78,1
2026-04-17,2026-04-17 13:17:00,1540.09,1540.18,1540.09,1540.18,0.01,6.35,9880.78,1
2026-04-17,2026-04-17 13:18:00,1540.18,1540.28,1540.18,1540.28,0.01,6.35,9880.78,1
2026-04-17,2026-04-17 13:19:00,1540.28,1540.38,1540.28,1540.38,0.01,6.35,9880.78,1
2026-04-17,2026-04-17 13:20:00,1540.38,1540.47,1540.38,1540.47,0.01,6.35,9880.78,1
2026-04-17,2026-04-17 13:21:00,1540.47,1540.57,1540.47,1540.57,0.01,6.35,9880.78,1
2026-04-17,2026-04-17 13:22:00,1540.57,1540.66,1540.57,1540.66,0.01,6.35,9880.78,1
2026-04-17,2026-04-17 13:23:00,1540.66,1540.76,1540.66,1540.76,0.01,6.35,9880.78,1
2026-04-17,2026-04-17 13:24:00,1540.76,1540.86,1540.76,1540.86,0.01,6.35,9880.78,1
2026-04-17,2026-04-17 13:25:00,1540.86,1540.95,1540.86,1540.95,0.01,6.35,9880.78,1
2026-04-17,2026-04-17 13:26:00,1540.95,1541.05,1540.95,1541.05,0.01,6.35,9880.78,1
2026-04-17,2026-04-17 13:27:00,1541.05,1541.14,1541.05,1541.14,0.01,6.35,9880.78,1
2026-04-17,2026-04-17 13:28:00,1541.14,1541.24,1541.14,1541.24,0.01,6.35,9880.78,1
2026-04-17,2026-04-17 13:29:00,1541.24,1541.34,1541.24,1541.34,0.01,6.35,9880.78,1
2026-04-17,2026-04-17 13:30:00,1541.34,1541.43,1541.34,1541.43,0.01,6.35,9880.78,1
2026-04-17,2026-04-17 13:31:00,1541.43,1541.53,1541.43,1541.53,0.01,6.35,9880.78,1
2026-04-17,2026-04-17 13:32:00,1541.53,1541.63,1541.53,1541.63,0.01,6.35,9880.78,1
2026-04-17,2026-04-17 13:33:00,1541.63,1541.72,1541.63,1541.72,0.01,6.35,9880.78,1
2026-04-17,2026-04-17 13:34:00,1541.72,1541.82,1541.72,1541.82,0.01,6.35,9880.78,1
2026-04-17,2026-04-17 13:35:00,1541.82,1541.91,1541.82,1541.91,0.01,6.35,9880.78,1
2026-04-17,2026-04-17 13:36:00,1541.91,1542.01,1541.91,1542.01,0.01,6.35,9880.78,1
2026-04-17,2026-04-17 13:37:00,1542.01,1542.11,1542.01,1542.11,0.01,6.35,9880.78,1
2026-04-17,2026-04-17 13:38:00,1542.11,1542.2,1542.11,1542.2,0.01,6.35,9880.78,1
2026-04-17,2026-04-17 13:39:00,1542.2,1542.3,1542.2,1542.3,0.01,6.35,9880.78,1
2026-04-17,2026-04-17 13:40:00,1542.3,1542.4,1542.3,1542.4,0.01,6.35,9880.78,1
2026-04-17,2026-04-17 13:41:00,1542.4,1542.49,1542.4,1542.49,0.01,6.35,9880.78,1
2026-04-17,2026-04-17 13:42:00,1542.49,1542.59,1542.49,1542.59,0.01,6.35,9880.78,1
2026-04-17,2026-04-17 13:43:00,1542.59,1542.68,1542.59,1542.68,0.01,6.35,9880.78,1
2026-04-17,2026-04-17 13:44:00,1542.68,1542.78,1542.68,1542.78,0.01,6.35,9880.78,1
2026-04-17,2026-04-17 13:45:00,1542.78,1542.88,1542.78,1542.88,0.01,6.35,9880.78,1
2026-04-17,2026-04-17 13:46:00,1542.88,1542.97,1542.88,1542.97,0.01,6.35,9880.78,1
2026-04-17,2026-04-17 13:47:00,1542.97,1543.07,1542.97,1543.07,0.01,6.35,9880.78,1
2026-04-17,2026-04-17 13:48:00,1543.07,1543.17,1543.07,1543.17,0.01,6.35,9880.78,1
2026-04-17,2026-04-17 13:49:00,1543.17,1543.26,1543.17,1543.26,0.01,6.35,9880.78,1
2026-04-17,2026-04-17 13:50:00,1543.26,1543.36,1543.26,1543.36,0.01,6.35,9880.78,1
2026-04-17,2026-04-17 13:51:00,1543.36,1543.45,1543.36,1543.45,0.01,6.35,9880.78,1
2026-04-17,2026-04-17 13:52:00,1543.45,1543.55,1543.45,1543.55,0.01,6.35,9880.78,1
2026-04-17,2026-04-17 13:53:00,1543.55,1543.65,1543.55,1543.65,0.01,6.35,9880.78,1
2026-04-17,2026-04-17 13:54:00,1543.65,1543.74,1543.65,1543.74,0.01,6.35,9880.78,1
2026-04-17,2026-04-17 13:55:00,1543.74,1543.84,1543.74,1543.84,0.01,6.35,9880.78,1
2026-04-17,2026-04-17 13:56:00,1543.84,1543.94,1543.84,1543.94,0.01,6.35,9880.78,1
2026-04-17,2026-04-17 13:57:00,1543.94,1544.03,1543.94,1544.03,0.01,6.35,9880.78,1
2026-04-17,2026-04-17 13:58:00,1544.03,1544.13,1544.03,1544.13,0.01,6.35,9880.78,1
2026-04-17,2026-04-17 13:59:00,1544.13,1544.22,1544.13,1544.22,0.01,6.35,9880.78,1
2026-04-17,2026-04-17 14:00:00,1544.22,1544.32,1544.22,1544.32,0.01,6.35,9880.78,1
2026-04-17,2026-04-17 14:01:00,1544.32,1544.42,1544.32,1544.42,0.01,6.35,9880.78,1
2026-04-17,2026-04-17 14:02:00,1544.42,1544.51,1544.42,1544.51,0.01,6.35,9880.78,1
2026-04-17,2026-04-17 14:03:00,1544.51,1544.61,1544.51,1544.61,0.01,6.35,9880.78,1
2026-04-17,2026-04-17 14:04:00,1544.61,1544.71,1544.61,1544.71,0.01,6.35,9880.78,1
2026-04-17,2026-04-17 14:05:00,1544.71,1544.8,1544.71,1544.8,0.01,6.35,9880.78,1
2026-04-17,2026-04-17 14:06:00,1544.8,1544.9,1544.8,1544.9,0.01,6.35,9880.78,1
2026-04-17,2026-04-17 14:07:00,1544.9,1545.0,1544.9,1545.0,0.01,6.35,9880.78,1
2026-04-17,2026-04-17 14:08:00,1545.0,1545.09,1545.0,1545.09,0.01,6.35,9880.78,1
2026-04-17,2026-04-17 14:09:00,1545.09,1545.19,1545.09,1545.19,0.01,6.35,9880.78,1
2026-04-17,2026-04-17 14:10:00,1545.19,1545.28,1545.19,1545.28,0.01,6.35,9880.78,1
2026-04-17,2026-04-17 14:11:00,1545.28,1545.38,1545.28,1545.38,0.01,6.35,9880.78,1
2026-04-17,2026-04-17 14:12:00,1545.38,1545.48,1545.38,1545.48,0.01,6.35,9880.78,1
2026-04-17,2026-04-17 14:13:00,1545.48,1545.57,1545.48,1545.57,0.01,6.35,9880.78,1
2026-04-17,2026-04-17 14:14:00,1545.57,1545.67,1545.57,1545.67,0.01,6.35,9880.78,1
2026-04-17,2026-04-17 14:15:00,1545.67,1545.77,1545.67,1545.77,0.01,6.35,9880.78,1
2026-04-17,2026-04-17 14:16:00,1545.77,1545.86,1545.77,1545.86,0.01,6.35,9880.78,1
2026-04-17,2026-04-17 14:17:00,1545.86,1545.96,1545.86,1545.96,0.01,6.35,9880.78,1
2026-04-17,2026-04-17 14:18:00,1545.96,1546.05,1545.96,1546.05,0.01,6.35,9880.78,1
2026-04-17,2026-04-17 14:19:00,1546.05,1546.15,1546.05,1546.15,0.01,6.35,9880.78,1
2026-04-17,2026-04-17 14:20:00,1546.15,1546.25,1546.15,1546.25,0.01,6.35,9880.78,1
2026-04-17,2026-04-17 14:21:00,1546.25,1546.34,1546.25,1546.34,0.01,6.35,9880.78,1
2026-04-17,2026-04-17 14:22:00,1546.34,1546.44,1546.34,1546.44,0.01,6.35,9880.78,1
2026-04-17,2026-04-17 14:23:00,1546.44,1546.54,1546.44,1546.54,0.01,6.35,9880.78,1
2026-04-17,2026-04-17 14:24:00,1546.54,1546.63,1546.54,1546.63,0.01,6.35,9880.78,1
2026-04-17,2026-04-17 14:25:00,1546.63,1546.73,1546.63,1546.73,0.01,6.35,9880.78,1
2026-04-17,2026-04-17 14:26:00,1546.73,1546.82,1546.73,1546.82,0.01,6.35,9880.78,1
2026-04-17,2026-04-17 14:27:00,1546.82,1546.92,1546.82,1546.92,0.01,6.35,9880.78,1
2026-04-17,2026-04-17 14:28:00,1546.92,1547.02,1546.92,1547.02,0.01,6.35,9880.78,1
2026-04-17,2026-04-17 14:29:00,1547.02,1547.11,1547.02,1547.11,0.01,6.35,9880.78,1
2026-04-17,2026-04-17 14:30:00,1547.11,1547.21,1547.11,1547.21,0.01,6.35,9880.78,1
2026-04-17,2026-04-17 14:31:00,1547.21,1547.31,1547.21,1547.31,0.01,6.35,9880.78,1
2026-04-17,2026-04-17 14:32:00,1547.31,1547.4,1547.31,1547.4,0.01,6.35,9880.78,1
2026-04-17,2026-04-17 14:33:00,1547.4,1547.5,1547.4,1547.5,0.01,6.35,9880.78,1
2026-04-17,2026-04-17 14:34:00,1547.5,1547.59,1547.5,1547.59,0.01,6.35,9880.78,1
2026-04-17,2026-04-17 14:35:00,1547.59,1547.69,1547.59,1547.69,0.01,6.35,9880.78,1
2026-04-17,2026-04-17 14:36:00,1547.69,1547.79,1547.69,1547.79,0.01,6.35,9880.78,1
2026-04-17,2026-04-17 14:37:00,1547.79,1547.88,1547.79,1547.88,0.01,6.35,9880.78,1
2026-04-17,2026-04-17 14:38:00,1547.88,1547.98,1547.88,1547.98,0.01,6.35,9880.78,1
2026-04-17,2026-04-17 14:39:00,1547.98,1548.08,1547.98,1548.08,0.01,6.35,9880.78,1
2026-04-17,2026-04-17 14:40:00,1548.08,1548.17,1548.08,1548.17,0.01,6.35,9880.78,1
2026-04-17,2026-04-17 14:41:00,1548.17,1548.27,1548.17,1548.27,0.01,6.35,9880.78,1
2026-04-17,2026-04-17 14:42:00,1548.27,1548.36,1548.27,1548.36,0.01,6.35,9880.78,1
2026-04-17,2026-04-17 14:43:00,1548.36,1548.46,1548.36,1548.46,0.01,6.35,9880.78,1
2026-04-17,2026-04-17 14:44:00,1548.46,1548.56,1548.46,1548.56,0.01,6.35,9880.78,1
2026-04-17,2026-04-17 14:45:00,1548.56,1548.65,1548.56,1548.65,0.01,6.35,9880.78,1
2026-04-17,2026-04-17 14:46:00,1548.65,1548.75,1548.65,1548.75,0.01,6.35,9880.78,1
2026-04-17,2026-04-17 14:47:00,1548.75,1548.85,1548.75,1548.85,0.01,6.35,9880.78,1
2026-04-17,2026-04-17 14:48:00,1548.85,1548.94,1548.85,1548.94,0.01,6.35,9880.78,1
2026-04-17,2026-04-17 14:49:00,1548.94,1549.04,1548.94,1549.04,0.01,6.35,9880.78,1
2026-04-17,2026-04-17 14:50:00,1549.04,1549.13,1549.04,1549.13,0.01,6.35,9880.78,1
2026-04-17,2026-04-17 14:51:00,1549.13,1549.23,1549.13,1549.23,0.01,6.35,9880.78,1
2026-04-17,2026-04-17 14:52:00,1549.23,1549.33,1549.23,1549.33,0.01,6.35,9880.78,1
2026-04-17,2026-04-17 14:53:00,1549.33,1549.42,1549.33,1549.42,0.01,6.35,9880.78,1
2026-04-17,2026-04-17 14:54:00,1549.42,1549.52,1549.42,1549.52,0.01,6.35,9880.78,1
2026-04-17,2026-04-17 14:55:00,1549.52,1549.62,1549.52,1549.62,0.01,6.35,9880.78,1
2026-04-17,2026-04-17 14:56:00,1549.62,1549.71,1549.62,1549.71,0.01,6.35,9880.78,1
2026-04-17,2026-04-17 14:57:00,1549.71,1549.81,1549.71,1549.81,0.01,6.35,9880.78,1
2026-04-17,2026-04-17 14:58:00,1549.81,1549.9,1549.81,1549.9,0.01,6.35,9880.78,1
2026-04-17,2026-04-17 14:59:00,1549.9,1550.0,1549.9,1550.0,0.01,6.35,9880.78,1
2026-04-17,2026-04-17 15:00:00,1550.0,1632.0,1526.9,1550.0,0.0,6.35,9880.78,0
2026-04-20,2026-04-20 11:00:00,1627.5,1627.5,1598.67,1627.21,-0.02,4.06,6267.08,-1
2026-04-20,2026-04-20 11:01:00,1627.21,1627.21,1626.91,1626.91,-0.02,4.06,6267.08,-1
2026-04-20,2026-04-20 11:02:00,1626.91,1626.91,1626.62,1626.62,-0.02,4.06,6267.08,-1
2026-04-20,2026-04-20 11:03:00,1626.62,1626.62,1626.32,1626.32,-0.02,4.06,6267.08,-1
2026-04-20,2026-04-20 11:04:00,1626.32,1626.32,1626.03,1626.03,-0.02,4.06,6267.08,-1
2026-04-20,2026-04-20 11:05:00,1626.03,1626.03,1625.73,1625.73,-0.02,4.06,6267.08,-1
2026-04-20,2026-04-20 11:06:00,1625.73,1625.73,1625.44,1625.44,-0.02,4.06,6267.08,-1
2026-04-20,2026-04-20 11:07:00,1625.44,1625.44,1625.14,1625.14,-0.02,4.06,6267.08,-1
2026-04-20,2026-04-20 11:08:00,1625.14,1625.14,1624.85,1624.85,-0.02,4.06,6267.08,-1
2026-04-20,2026-04-20 11:09:00,1624.85,1624.85,1624.55,1624.55,-0.02,4.06,6267.08,-1
2026-04-20,2026-04-20 11:10:00,1624.55,1624.55,1624.26,1624.26,-0.02,4.06,6267.08,-1
2026-04-20,2026-04-20 11:11:00,1624.26,1624.26,1623.96,1623.96,-0.02,4.06,6267.08,-1
2026-04-20,2026-04-20 11:12:00,1623.96,1623.96,1623.67,1623.67,-0.02,4.06,6267.08,-1
2026-04-20,2026-04-20 11:13:00,1623.67,1623.67,1623.38,1623.38,-0.02,4.06,6267.08,-1
2026-04-20,2026-04-20 11:14:00,1623.38,1623.38,1623.08,1623.08,-0.02,4.06,6267.08,-1
2026-04-20,2026-04-20 11:15:00,1623.08,1623.08,1622.79,1622.79,-0.02,4.06,6267.08,-1
2026-04-20,2026-04-20 11:16:00,1622.79,1622.79,1622.49,1622.49,-0.02,4.06,6267.08,-1
2026-04-20,2026-04-20 11:17:00,1622.49,1622.49,1622.2,1622.2,-0.02,4.06,6267.08,-1
2026-04-20,2026-04-20 11:18:00,1622.2,1622.2,1621.9,1621.9,-0.02,4.06,6267.08,-1
2026-04-20,2026-04-20 11:19:00,1621.9,1621.9,1621.61,1621.61,-0.02,4.06,6267.08,-1
2026-04-20,2026-04-20 11:20:00,1621.61,1621.61,1621.31,1621.31,-0.02,4.06,6267.08,-1
2026-04-20,2026-04-20 11:21:00,1621.31,1621.31,1621.02,1621.02,-0.02,4.06,6267.08,-1
2026-04-20,2026-04-20 11:22:00,1621.02,1621.02,1620.72,1620.72,-0.02,4.06,6267.08,-1
2026-04-20,2026-04-20 11:23:00,1620.72,1620.72,1620.43,1620.43,-0.02,4.06,6267.08,-1
2026-04-20,2026-04-20 11:24:00,1620.43,1620.43,1620.14,1620.14,-0.02,4.06,6267.08,-1
2026-04-20,2026-04-20 11:25:00,1620.14,1620.14,1619.84,1619.84,-0.02,4.06,6267.08,-1
2026-04-20,2026-04-20 11:26:00,1619.84,1619.84,1619.55,1619.55,-0.02,4.06,6267.08,-1
2026-04-20,2026-04-20 11:27:00,1619.55,1619.55,1619.25,1619.25,-0.02,4.06,6267.08,-1
2026-04-20,2026-04-20 11:28:00,1619.25,1619.25,1618.96,1618.96,-0.02,4.06,6267.08,-1
2026-04-20,2026-04-20 11:29:00,1618.96,1618.96,1618.66,1618.66,-0.02,4.06,6267.08,-1
2026-04-20,2026-04-20 11:30:00,1618.66,1618.66,1618.37,1618.37,-0.02,4.06,6267.08,-1
2026-04-20,2026-04-20 11:31:00,1618.37,1618.37,1618.07,1618.07,-0.02,4.06,6267.08,-1
2026-04-20,2026-04-20 11:32:00,1618.07,1618.07,1617.78,1617.78,-0.02,4.06,6267.08,-1
2026-04-20,2026-04-20 11:33:00,1617.78,1617.78,1617.48,1617.48,-0.02,4.06,6267.08,-1
2026-04-20,2026-04-20 11:34:00,1617.48,1617.48,1617.19,1617.19,-0.02,4.06,6267.08,-1
2026-04-20,2026-04-20 11:35:00,1617.19,1617.19,1616.89,1616.89,-0.02,4.06,6267.08,-1
2026-04-20,2026-04-20 11:36:00,1616.89,1616.89,1616.6,1616.6,-0.02,4.06,6267.08,-1
2026-04-20,2026-04-20 11:37:00,1616.6,1616.6,1616.31,1616.31,-0.02,4.06,6267.08,-1
2026-04-20,2026-04-20 11:38:00,1616.31,1616.31,1616.01,1616.01,-0.02,4.06,6267.08,-1
2026-04-20,2026-04-20 11:39:00,1616.01,1616.01,1615.72,1615.72,-0.02,4.06,6267.08,-1
2026-04-20,2026-04-20 11:40:00,1615.72,1615.72,1615.42,1615.42,-0.02,4.06,6267.08,-1
2026-04-20,2026-04-20 11:41:00,1615.42,1615.42,1615.13,1615.13,-0.02,4.06,6267.08,-1
2026-04-20,2026-04-20 11:42:00,1615.13,1615.13,1614.83,1614.83,-0.02,4.06,6267.08,-1
2026-04-20,2026-04-20 11:43:00,1614.83,1614.83,1614.54,1614.54,-0.02,4.06,6267.08,-1
2026-04-20,2026-04-20 11:44:00,1614.54,1614.54,1614.24,1614.24,-0.02,4.06,6267.08,-1
2026-04-20,2026-04-20 11:45:00,1614.24,1614.24,1613.95,1613.95,-0.02,4.06,6267.08,-1
2026-04-20,2026-04-20 11:46:00,1613.95,1613.95,1613.65,1613.65,-0.02,4.06,6267.08,-1
2026-04-20,2026-04-20 11:47:00,1613.65,1613.65,1613.36,1613.36,-0.02,4.06,6267.08,-1
2026-04-20,2026-04-20 11:48:00,1613.36,1613.36,1613.07,1613.07,-0.02,4.06,6267.08,-1
2026-04-20,2026-04-20 11:49:00,1613.07,1613.07,1612.77,1612.77,-0.02,4.06,6267.08,-1
2026-04-20,2026-04-20 11:50:00,1612.77,1612.77,1612.48,1612.48,-0.02,4.06,6267.08,-1
2026-04-20,2026-04-20 11:51:00,1612.48,1612.48,1612.18,1612.18,-0.02,4.06,6267.08,-1
2026-04-20,2026-04-20 11:52:00,1612.18,1612.18,1611.89,1611.89,-0.02,4.06,6267.08,-1
2026-04-20,2026-04-20 11:53:00,1611.89,1611.89,1611.59,1611.59,-0.02,4.06,6267.08,-1
2026-04-20,2026-04-20 11:54:00,1611.59,1611.59,1611.3,1611.3,-0.02,4.06,6267.08,-1
2026-04-20,2026-04-20 11:55:00,1611.3,1611.3,1611.0,1611.0,-0.02,4.06,6267.08,-1
2026-04-20,2026-04-20 11:56:00,1611.0,1611.0,1610.71,1610.71,-0.02,4.06,6267.08,-1
2026-04-20,2026-04-20 11:57:00,1610.71,1610.71,1610.41,1610.41,-0.02,4.06,6267.08,-1
2026-04-20,2026-04-20 11:58:00,1610.41,1610.41,1610.12,1610.12,-0.02,4.06,6267.08,-1
2026-04-20,2026-04-20 11:59:00,1610.12,1610.12,1609.83,1609.83,-0.02,4.06,6267.08,-1
2026-04-20,2026-04-20 12:00:00,1609.83,1609.83,1609.53,1609.53,-0.02,4.06,6267.08,-1
2026-04-20,2026-04-20 12:01:00,1609.53,1609.53,1609.24,1609.24,-0.02,4.06,6267.08,-1
2026-04-20,2026-04-20 12:02:00,1609.24,1609.24,1608.94,1608.94,-0.02,4.06,6267.08,-1
2026-04-20,2026-04-20 12:03:00,1608.94,1608.94,1608.65,1608.65,-0.02,4.06,6267.08,-1
2026-04-20,2026-04-20 12:04:00,1608.65,1608.65,1608.35,1608.35,-0.02,4.06,6267.08,-1
2026-04-20,2026-04-20 12:05:00,1608.35,1608.35,1608.06,1608.06,-0.02,4.06,6267.08,-1
2026-04-20,2026-04-20 12:06:00,1608.06,1608.06,1607.76,1607.76,-0.02,4.06,6267.08,-1
2026-04-20,2026-04-20 12:07:00,1607.76,1607.76,1607.47,1607.47,-0.02,4.06,6267.08,-1
2026-04-20,2026-04-20 12:08:00,1607.47,1607.47,1607.17,1607.17,-0.02,4.06,6267.08,-1
2026-04-20,2026-04-20 12:09:00,1607.17,1607.17,1606.88,1606.88,-0.02,4.06,6267.08,-1
2026-04-20,2026-04-20 12:10:00,1606.88,1606.88,1606.58,1606.58,-0.02,4.06,6267.08,-1
2026-04-20,2026-04-20 12:11:00,1606.58,1606.58,1606.29,1606.29,-0.02,4.06,6267.08,-1
2026-04-20,2026-04-20 12:12:00,1606.29,1606.29,1606.0,1606.0,-0.02,4.06,6267.08,-1
2026-04-20,2026-04-20 12:13:00,1606.0,1606.0,1605.7,1605.7,-0.02,4.06,6267.08,-1
2026-04-20,2026-04-20 12:14:00,1605.7,1605.7,1605.41,1605.41,-0.02,4.06,6267.08,-1
2026-04-20,2026-04-20 12:15:00,1605.41,1605.41,1605.11,1605.11,-0.02,4.06,6267.08,-1
2026-04-20,2026-04-20 12:16:00,1605.11,1605.11,1604.82,1604.82,-0.02,4.06,6267.08,-1
2026-04-20,2026-04-20 12:17:00,1604.82,1604.82,1604.52,1604.52,-0.02,4.06,6267.08,-1
2026-04-20,2026-04-20 12:18:00,1604.52,1604.52,1604.23,1604.23,-0.02,4.06,6267.08,-1
2026-04-20,2026-04-20 12:19:00,1604.23,1604.23,1603.93,1603.93,-0.02,4.06,6267.08,-1
2026-04-20,2026-04-20 12:20:00,1603.93,1603.93,1603.64,1603.64,-0.02,4.06,6267.08,-1
2026-04-20,2026-04-20 12:21:00,1603.64,1603.64,1603.34,1603.34,-0.02,4.06,6267.08,-1
2026-04-20,2026-04-20 12:22:00,1603.34,1603.34,1603.05,1603.05,-0.02,4.06,6267.08,-1
2026-04-20,2026-04-20 12:23:00,1603.05,1603.05,1602.75,1602.75,-0.02,4.06,6267.08,-1
2026-04-20,2026-04-20 12:24:00,1602.75,1602.75,1602.46,1602.46,-0.02,4.06,6267.08,-1
2026-04-20,2026-04-20 12:25:00,1602.46,1602.46,1602.17,1602.17,-0.02,4.06,6267.08,-1
2026-04-20,2026-04-20 12:26:00,1602.17,1602.17,1601.87,1601.87,-0.02,4.06,6267.08,-1
2026-04-20,2026-04-20 12:27:00,1601.87,1601.87,1601.58,1601.58,-0.02,4.06,6267.08,-1
2026-04-20,2026-04-20 12:28:00,1601.58,1601.58,1601.28,1601.28,-0.02,4.06,6267.08,-1
2026-04-20,2026-04-20 12:29:00,1601.28,1601.28,1600.99,1600.99,-0.02,4.06,6267.08,-1
2026-04-20,2026-04-20 12:30:00,1600.99,1600.99,1600.69,1600.69,-0.02,4.06,6267.08,-1
2026-04-20,2026-04-20 12:31:00,1600.69,1600.69,1600.4,1600.4,-0.02,4.06,6267.08,-1
2026-04-20,2026-04-20 12:32:00,1600.4,1600.4,1600.1,1600.1,-0.02,4.06,6267.08,-1
2026-04-20,2026-04-20 12:33:00,1600.1,1600.1,1599.81,1599.81,-0.02,4.06,6267.08,-1
2026-04-20,2026-04-20 12:34:00,1599.81,1599.81,1599.51,1599.51,-0.02,4.06,6267.08,-1
2026-04-20,2026-04-20 12:35:00,1599.51,1599.51,1599.22,1599.22,-0.02,4.06,6267.08,-1
2026-04-20,2026-04-20 12:36:00,1599.22,1599.22,1598.93,1598.93,-0.02,4.06,6267.08,-1
2026-04-20,2026-04-20 12:37:00,1598.93,1598.93,1598.63,1598.63,-0.02,4.06,6267.08,-1
2026-04-20,2026-04-20 12:38:00,1598.63,1598.63,1598.34,1598.34,-0.02,4.06,6267.08,-1
2026-04-20,2026-04-20 12:39:00,1598.34,1598.34,1598.04,1598.04,-0.02,4.06,6267.08,-1
2026-04-20,2026-04-20 12:40:00,1598.04,1598.04,1597.75,1597.75,-0.02,4.06,6267.08,-1
2026-04-20,2026-04-20 12:41:00,1597.75,1597.75,1597.45,1597.45,-0.02,4.06,6267.08,-1
2026-04-20,2026-04-20 12:42:00,1597.45,1597.45,1597.16,1597.16,-0.02,4.06,6267.08,-1
2026-04-20,2026-04-20 12:43:00,1597.16,1597.16,1596.86,1596.86,-0.02,4.06,6267.08,-1
2026-04-20,2026-04-20 12:44:00,1596.86,1596.86,1596.57,1596.57,-0.02,4.06,6267.08,-1
2026-04-20,2026-04-20 12:45:00,1596.57,1596.57,1596.27,1596.27,-0.02,4.06,6267.08,-1
2026-04-20,2026-04-20 12:46:00,1596.27,1596.27,1595.98,1595.98,-0.02,4.06,6267.08,-1
2026-04-20,2026-04-20 12:47:00,1595.98,1595.98,1595.68,1595.68,-0.02,4.06,6267.08,-1
2026-04-20,2026-04-20 12:48:00,1595.68,1595.68,1595.39,1595.39,-0.02,4.06,6267.08,-1
2026-04-20,2026-04-20 12:49:00,1595.39,1595.39,1595.1,1595.1,-0.02,4.06,6267.08,-1
2026-04-20,2026-04-20 12:50:00,1595.1,1595.1,1594.8,1594.8,-0.02,4.06,6267.08,-1
2026-04-20,2026-04-20 12:51:00,1594.8,1594.8,1594.51,1594.51,-0.02,4.06,6267.08,-1
2026-04-20,2026-04-20 12:52:00,1594.51,1594.51,1594.21,1594.21,-0.02,4.06,6267.08,-1
2026-04-20,2026-04-20 12:53:00,1594.21,1594.21,1593.92,1593.92,-0.02,4.06,6267.08,-1
2026-04-20,2026-04-20 12:54:00,1593.92,1593.92,1593.62,1593.62,-0.02,4.06,6267.08,-1
2026-04-20,2026-04-20 12:55:00,1593.62,1593.62,1593.33,1593.33,-0.02,4.06,6267.08,-1
2026-04-20,2026-04-20 12:56:00,1593.33,1593.33,1593.03,1593.03,-0.02,4.06,6267.08,-1
2026-04-20,2026-04-20 12:57:00,1593.03,1593.03,1592.74,1592.74,-0.02,4.06,6267.08,-1
2026-04-20,2026-04-20 12:58:00,1592.74,1592.74,1592.44,1592.44,-0.02,4.06,6267.08,-1
2026-04-20,2026-04-20 12:59:00,1592.44,1592.44,1592.15,1592.15,-0.02,4.06,6267.08,-1
2026-04-20,2026-04-20 13:00:00,1592.15,1627.5,1531.4,1591.86,-0.02,4.06,6267.08,-1
2026-04-20,2026-04-20 13:01:00,1591.86,1591.86,1591.56,1591.56,-0.02,4.06,6267.08,-1
2026-04-20,2026-04-20 13:02:00,1591.56,1591.56,1591.27,1591.27,-0.02,4.06,6267.08,-1
2026-04-20,2026-04-20 13:03:00,1591.27,1591.27,1590.97,1590.97,-0.02,4.06,6267.08,-1
2026-04-20,2026-04-20 13:04:00,1590.97,1590.97,1590.68,1590.68,-0.02,4.06,6267.08,-1
2026-04-20,2026-04-20 13:05:00,1590.68,1590.68,1590.38,1590.38,-0.02,4.06,6267.08,-1
2026-04-20,2026-04-20 13:06:00,1590.38,1590.38,1590.09,1590.09,-0.02,4.06,6267.08,-1
2026-04-20,2026-04-20 13:07:00,1590.09,1590.09,1589.79,1589.79,-0.02,4.06,6267.08,-1
2026-04-20,2026-04-20 13:08:00,1589.79,1589.79,1589.5,1589.5,-0.02,4.06,6267.08,-1
2026-04-20,2026-04-20 13:09:00,1589.5,1589.5,1589.2,1589.2,-0.02,4.06,6267.08,-1
2026-04-20,2026-04-20 13:10:00,1589.2,1589.2,1588.91,1588.91,-0.02,4.06,6267.08,-1
2026-04-20,2026-04-20 13:11:00,1588.91,1588.91,1588.62,1588.62,-0.02,4.06,6267.08,-1
2026-04-20,2026-04-20 13:12:00,1588.62,1588.62,1588.32,1588.32,-0.02,4.06,6267.08,-1
2026-04-20,2026-04-20 13:13:00,1588.32,1588.32,1588.03,1588.03,-0.02,4.06,6267.08,-1
2026-04-20,2026-04-20 13:14:00,1588.03,1588.03,1587.73,1587.73,-0.02,4.06,6267.08,-1
2026-04-20,2026-04-20 13:15:00,1587.73,1587.73,1587.44,1587.44,-0.02,4.06,6267.08,-1
2026-04-20,2026-04-20 13:16:00,1587.44,1587.44,1587.14,1587.14,-0.02,4.06,6267.08,-1
2026-04-20,2026-04-20 13:17:00,1587.14,1587.14,1586.85,1586.85,-0.02,4.06,6267.08,-1
2026-04-20,2026-04-20 13:18:00,1586.85,1586.85,1586.55,1586.55,-0.02,4.06,6267.08,-1
2026-04-20,2026-04-20 13:19:00,1586.55,1586.55,1586.26,1586.26,-0.02,4.06,6267.08,-1
2026-04-20,2026-04-20 13:20:00,1586.26,1586.26,1585.96,1585.96,-0.02,4.06,6267.08,-1
2026-04-20,2026-04-20 13:21:00,1585.96,1585.96,1585.67,1585.67,-0.02,4.06,6267.08,-1
2026-04-20,2026-04-20 13:22:00,1585.67,1585.67,1585.37,1585.37,-0.02,4.06,6267.08,-1
2026-04-20,2026-04-20 13:23:00,1585.37,1585.37,1585.08,1585.08,-0.02,4.06,6267.08,-1
2026-04-20,2026-04-20 13:24:00,1585.08,1585.08,1584.79,1584.79,-0.02,4.06,6267.08,-1
2026-04-20,2026-04-20 13:25:00,1584.79,1584.79,1584.49,1584.49,-0.02,4.06,6267.08,-1
2026-04-20,2026-04-20 13:26:00,1584.49,1584.49,1584.2,1584.2,-0.02,4.06,6267.08,-1
2026-04-20,2026-04-20 13:27:00,1584.2,1584.2,1583.9,1583.9,-0.02,4.06,6267.08,-1
2026-04-20,2026-04-20 13:28:00,1583.9,1583.9,1583.61,1583.61,-0.02,4.06,6267.08,-1
2026-04-20,2026-04-20 13:29:00,1583.61,1583.61,1583.31,1583.31,-0.02,4.06,6267.08,-1
2026-04-20,2026-04-20 13:30:00,1583.31,1583.31,1583.02,1583.02,-0.02,4.06,6267.08,-1
2026-04-20,2026-04-20 13:31:00,1583.02,1583.02,1582.72,1582.72,-0.02,4.06,6267.08,-1
2026-04-20,2026-04-20 13:32:00,1582.72,1582.72,1582.43,1582.43,-0.02,4.06,6267.08,-1
2026-04-20,2026-04-20 13:33:00,1582.43,1582.43,1582.13,1582.13,-0.02,4.06,6267.08,-1
2026-04-20,2026-04-20 13:34:00,1582.13,1582.13,1581.84,1581.84,-0.02,4.06,6267.08,-1
2026-04-20,2026-04-20 13:35:00,1581.84,1581.84,1581.55,1581.55,-0.02,4.06,6267.08,-1
2026-04-20,2026-04-20 13:36:00,1581.55,1581.55,1581.25,1581.25,-0.02,4.06,6267.08,-1
2026-04-20,2026-04-20 13:37:00,1581.25,1581.25,1580.96,1580.96,-0.02,4.06,6267.08,-1
2026-04-20,2026-04-20 13:38:00,1580.96,1580.96,1580.66,1580.66,-0.02,4.06,6267.08,-1
2026-04-20,2026-04-20 13:39:00,1580.66,1580.66,1580.37,1580.37,-0.02,4.06,6267.08,-1
2026-04-20,2026-04-20 13:40:00,1580.37,1580.37,1580.07,1580.07,-0.02,4.06,6267.08,-1
2026-04-20,2026-04-20 13:41:00,1580.07,1580.07,1579.78,1579.78,-0.02,4.06,6267.08,-1
2026-04-20,2026-04-20 13:42:00,1579.78,1579.78,1579.48,1579.48,-0.02,4.06,6267.08,-1
2026-04-20,2026-04-20 13:43:00,1579.48,1579.48,1579.19,1579.19,-0.02,4.06,6267.08,-1
2026-04-20,2026-04-20 13:44:00,1579.19,1579.19,1578.89,1578.89,-0.02,4.06,6267.08,-1
2026-04-20,2026-04-20 13:45:00,1578.89,1578.89,1578.6,1578.6,-0.02,4.06,6267.08,-1
2026-04-20,2026-04-20 13:46:00,1578.6,1578.6,1578.3,1578.3,-0.02,4.06,6267.08,-1
2026-04-20,2026-04-20 13:47:00,1578.3,1578.3,1578.01,1578.01,-0.02,4.06,6267.08,-1
2026-04-20,2026-04-20 13:48:00,1578.01,1578.01,1577.72,1577.72,-0.02,4.06,6267.08,-1
2026-04-20,2026-04-20 13:49:00,1577.72,1577.72,1577.42,1577.42,-0.02,4.06,6267.08,-1
2026-04-20,2026-04-20 13:50:00,1577.42,1577.42,1577.13,1577.13,-0.02,4.06,6267.08,-1
2026-04-20,2026-04-20 13:51:00,1577.13,1577.13,1576.83,1576.83,-0.02,4.06,6267.08,-1
2026-04-20,2026-04-20 13:52:00,1576.83,1576.83,1576.54,1576.54,-0.02,4.06,6267.08,-1
2026-04-20,2026-04-20 13:53:00,1576.54,1576.54,1576.24,1576.24,-0.02,4.06,6267.08,-1
2026-04-20,2026-04-20 13:54:00,1576.24,1576.24,1575.95,1575.95,-0.02,4.06,6267.08,-1
2026-04-20,2026-04-20 13:55:00,1575.95,1575.95,1575.65,1575.65,-0.02,4.06,6267.08,-1
2026-04-20,2026-04-20 13:56:00,1575.65,1575.65,1575.36,1575.36,-0.02,4.06,6267.08,-1
2026-04-20,2026-04-20 13:57:00,1575.36,1575.36,1575.06,1575.06,-0.02,4.06,6267.08,-1
2026-04-20,2026-04-20 13:58:00,1575.06,1575.06,1574.77,1574.77,-0.02,4.06,6267.08,-1
2026-04-20,2026-04-20 13:59:00,1574.77,1574.77,1574.47,1574.47,-0.02,4.06,6267.08,-1
2026-04-20,2026-04-20 14:00:00,1574.47,1574.47,1574.18,1574.18,-0.02,4.06,6267.08,-1
2026-04-20,2026-04-20 14:01:00,1574.18,1574.18,1573.89,1573.89,-0.02,4.06,6267.08,-1
2026-04-20,2026-04-20 14:02:00,1573.89,1573.89,1573.59,1573.59,-0.02,4.06,6267.08,-1
2026-04-20,2026-04-20 14:03:00,1573.59,1573.59,1573.3,1573.3,-0.02,4.06,6267.08,-1
2026-04-20,2026-04-20 14:04:00,1573.3,1573.3,1573.0,1573.0,-0.02,4.06,6267.08,-1
2026-04-20,2026-04-20 14:05:00,1573.0,1573.0,1572.71,1572.71,-0.02,4.06,6267.08,-1
2026-04-20,2026-04-20 14:06:00,1572.71,1572.71,1572.41,1572.41,-0.02,4.06,6267.08,-1
2026-04-20,2026-04-20 14:07:00,1572.41,1572.41,1572.12,1572.12,-0.02,4.06,6267.08,-1
2026-04-20,2026-04-20 14:08:00,1572.12,1572.12,1571.82,1571.82,-0.02,4.06,6267.08,-1
2026-04-20,2026-04-20 14:09:00,1571.82,1571.82,1571.53,1571.53,-0.02,4.06,6267.08,-1
2026-04-20,2026-04-20 14:10:00,1571.53,1571.53,1571.23,1571.23,-0.02,4.06,6267.08,-1
2026-04-20,2026-04-20 14:11:00,1571.23,1571.23,1570.94,1570.94,-0.02,4.06,6267.08,-1
2026-04-20,2026-04-20 14:12:00,1570.94,1570.94,1570.65,1570.65,-0.02,4.06,6267.08,-1
2026-04-20,2026-04-20 14:13:00,1570.65,1570.65,1570.35,1570.35,-0.02,4.06,6267.08,-1
2026-04-20,2026-04-20 14:14:00,1570.35,1570.35,1570.06,1570.06,-0.02,4.06,6267.08,-1
2026-04-20,2026-04-20 14:15:00,1570.06,1570.06,1569.76,1569.76,-0.02,4.06,6267.08,-1
2026-04-20,2026-04-20 14:16:00,1569.76,1569.76,1569.47,1569.47,-0.02,4.06,6267.08,-1
2026-04-20,2026-04-20 14:17:00,1569.47,1569.47,1569.17,1569.17,-0.02,4.06,6267.08,-1
2026-04-20,2026-04-20 14:18:00,1569.17,1569.17,1568.88,1568.88,-0.02,4.06,6267.08,-1
2026-04-20,2026-04-20 14:19:00,1568.88,1568.88,1568.58,1568.58,-0.02,4.06,6267.08,-1
2026-04-20,2026-04-20 14:20:00,1568.58,1568.58,1568.29,1568.29,-0.02,4.06,6267.08,-1
2026-04-20,2026-04-20 14:21:00,1568.29,1568.29,1567.99,1567.99,-0.02,4.06,6267.08,-1
2026-04-20,2026-04-20 14:22:00,1567.99,1567.99,1567.7,1567.7,-0.02,4.06,6267.08,-1
2026-04-20,2026-04-20 14:23:00,1567.7,1567.7,1567.4,1567.4,-0.02,4.06,6267.08,-1
2026-04-20,2026-04-20 14:24:00,1567.4,1567.4,1567.11,1567.11,-0.02,4.06,6267.08,-1
2026-04-20,2026-04-20 14:25:00,1567.11,1567.11,1566.82,1566.82,-0.02,4.06,6267.08,-1
2026-04-20,2026-04-20 14:26:00,1566.82,1566.82,1566.52,1566.52,-0.02,4.06,6267.08,-1
2026-04-20,2026-04-20 14:27:00,1566.52,1566.52,1566.23,1566.23,-0.02,4.06,6267.08,-1
2026-04-20,2026-04-20 14:28:00,1566.23,1566.23,1565.93,1565.93,-0.02,4.06,6267.08,-1
2026-04-20,2026-04-20 14:29:00,1565.93,1565.93,1565.64,1565.64,-0.02,4.06,6267.08,-1
2026-04-20,2026-04-20 14:30:00,1565.64,1565.64,1565.34,1565.34,-0.02,4.06,6267.08,-1
2026-04-20,2026-04-20 14:31:00,1565.34,1565.34,1565.05,1565.05,-0.02,4.06,6267.08,-1
2026-04-20,2026-04-20 14:32:00,1565.05,1565.05,1564.75,1564.75,-0.02,4.06,6267.08,-1
2026-04-20,2026-04-20 14:33:00,1564.75,1564.75,1564.46,1564.46,-0.02,4.06,6267.08,-1
2026-04-20,2026-04-20 14:34:00,1564.46,1564.46,1564.16,1564.16,-0.02,4.06,6267.08,-1
2026-04-20,2026-04-20 14:35:00,1564.16,1564.16,1563.87,1563.87,-0.02,4.06,6267.08,-1
2026-04-20,2026-04-20 14:36:00,1563.87,1563.87,1563.58,1563.58,-0.02,4.06,6267.08,-1
2026-04-20,2026-04-20 14:37:00,1563.58,1563.58,1563.28,1563.28,-0.02,4.06,6267.08,-1
2026-04-20,2026-04-20 14:38:00,1563.28,1563.28,1562.99,1562.99,-0.02,4.06,6267.08,-1
2026-04-20,2026-04-20 14:39:00,1562.99,1562.99,1562.69,1562.69,-0.02,4.06,6267.08,-1
2026-04-20,2026-04-20 14:40:00,1562.69,1562.69,1562.4,1562.4,-0.02,4.06,6267.08,-1
2026-04-20,2026-04-20 14:41:00,1562.4,1562.4,1562.1,1562.1,-0.02,4.06,6267.08,-1
2026-04-20,2026-04-20 14:42:00,1562.1,1562.1,1561.81,1561.81,-0.02,4.06,6267.08,-1
2026-04-20,2026-04-20 14:43:00,1561.81,1561.81,1561.51,1561.51,-0.02,4.06,6267.08,-1
2026-04-20,2026-04-20 14:44:00,1561.51,1561.51,1561.22,1561.22,-0.02,4.06,6267.08,-1
2026-04-20,2026-04-20 14:45:00,1561.22,1561.22,1560.92,1560.92,-0.02,4.06,6267.08,-1
2026-04-20,2026-04-20 14:46:00,1560.92,1560.92,1560.63,1560.63,-0.02,4.06,6267.08,-1
2026-04-20,2026-04-20 14:47:00,1560.63,1560.63,1560.34,1560.34,-0.02,4.06,6267.08,-1
2026-04-20,2026-04-20 14:48:00,1560.34,1560.34,1560.04,1560.04,-0.02,4.06,6267.08,-1
2026-04-20,2026-04-20 14:49:00,1560.04,1560.04,1559.75,1559.75,-0.02,4.06,6267.08,-1
2026-04-20,2026-04-20 14:50:00,1559.75,1559.75,1559.45,1559.45,-0.02,4.06,6267.08,-1
2026-04-20,2026-04-20 14:51:00,1559.45,1559.45,1559.16,1559.16,-0.02,4.06,6267.08,-1
2026-04-20,2026-04-20 14:52:00,1559.16,1559.16,1558.86,1558.86,-0.02,4.06,6267.08,-1
2026-04-20,2026-04-20 14:53:00,1558.86,1558.86,1558.57,1558.57,-0.02,4.06,6267.08,-1
2026-04-20,2026-04-20 14:54:00,1558.57,1558.57,1558.27,1558.27,-0.02,4.06,6267.08,-1
2026-04-20,2026-04-20 14:55:00,1558.27,1558.27,1557.98,1557.98,-0.02,4.06,6267.08,-1
2026-04-20,2026-04-20 14:56:00,1557.98,1557.98,1557.68,1557.68,-0.02,4.06,6267.08,-1
2026-04-20,2026-04-20 14:57:00,1557.68,1557.68,1557.39,1557.39,-0.02,4.06,6267.08,-1
2026-04-20,2026-04-20 14:58:00,1557.39,1557.39,1557.09,1557.09,-0.02,4.06,6267.08,-1
2026-04-20,2026-04-20 14:59:00,1557.09,1557.09,1556.8,1556.8,-0.02,4.06,6267.08,-1
2026-04-20,2026-04-20 15:00:00,1556.8,1627.5,1531.4,1556.8,0.0,4.06,6267.08,0
2026-04-21,2026-04-21 11:00:00,1634.0,1634.0,1593.83,1633.63,-0.02,16.96,25948.53,-1
2026-04-21,2026-04-21 11:01:00,1633.63,1633.63,1633.26,1633.26,-0.02,16.96,25948.53,-1
2026-04-21,2026-04-21 11:02:00,1633.26,1633.26,1632.89,1632.89,-0.02,16.96,25948.53,-1
2026-04-21,2026-04-21 11:03:00,1632.89,1632.89,1632.52,1632.52,-0.02,16.96,25948.53,-1
2026-04-21,2026-04-21 11:04:00,1632.52,1632.52,1632.15,1632.15,-0.02,16.96,25948.53,-1
2026-04-21,2026-04-21 11:05:00,1632.15,1632.15,1631.78,1631.78,-0.02,16.96,25948.53,-1
2026-04-21,2026-04-21 11:06:00,1631.78,1631.78,1631.4,1631.4,-0.02,16.96,25948.53,-1
2026-04-21,2026-04-21 11:07:00,1631.4,1631.4,1631.03,1631.03,-0.02,16.96,25948.53,-1
2026-04-21,2026-04-21 11:08:00,1631.03,1631.03,1630.66,1630.66,-0.02,16.96,25948.53,-1
2026-04-21,2026-04-21 11:09:00,1630.66,1630.66,1630.29,1630.29,-0.02,16.96,25948.53,-1
2026-04-21,2026-04-21 11:10:00,1630.29,1630.29,1629.92,1629.92,-0.02,16.96,25948.53,-1
2026-04-21,2026-04-21 11:11:00,1629.92,1629.92,1629.55,1629.55,-0.02,16.96,25948.53,-1
2026-04-21,2026-04-21 11:12:00,1629.55,1629.55,1629.18,1629.18,-0.02,16.96,25948.53,-1
2026-04-21,2026-04-21 11:13:00,1629.18,1629.18,1628.81,1628.81,-0.02,16.96,25948.53,-1
2026-04-21,2026-04-21 11:14:00,1628.81,1628.81,1628.44,1628.44,-0.02,16.96,25948.53,-1
2026-04-21,2026-04-21 11:15:00,1628.44,1628.44,1628.07,1628.07,-0.02,16.96,25948.53,-1
2026-04-21,2026-04-21 11:16:00,1628.07,1628.07,1627.7,1627.7,-0.02,16.96,25948.53,-1
2026-04-21,2026-04-21 11:17:00,1627.7,1627.7,1627.33,1627.33,-0.02,16.96,25948.53,-1
2026-04-21,2026-04-21 11:18:00,1627.33,1627.33,1626.95,1626.95,-0.02,16.96,25948.53,-1
2026-04-21,2026-04-21 11:19:00,1626.95,1626.95,1626.58,1626.58,-0.02,16.96,25948.53,-1
2026-04-21,2026-04-21 11:20:00,1626.58,1626.58,1626.21,1626.21,-0.02,16.96,25948.53,-1
2026-04-21,2026-04-21 11:21:00,1626.21,1626.21,1625.84,1625.84,-0.02,16.96,25948.53,-1
2026-04-21,2026-04-21 11:22:00,1625.84,1625.84,1625.47,1625.47,-0.02,16.96,25948.53,-1
2026-04-21,2026-04-21 11:23:00,1625.47,1625.47,1625.1,1625.1,-0.02,16.96,25948.53,-1
2026-04-21,2026-04-21 11:24:00,1625.1,1625.1,1624.73,1624.73,-0.02,16.96,25948.53,-1
2026-04-21,2026-04-21 11:25:00,1624.73,1624.73,1624.36,1624.36,-0.02,16.96,25948.53,-1
2026-04-21,2026-04-21 11:26:00,1624.36,1624.36,1623.99,1623.99,-0.02,16.96,25948.53,-1
2026-04-21,2026-04-21 11:27:00,1623.99,1623.99,1623.62,1623.62,-0.02,16.96,25948.53,-1
2026-04-21,2026-04-21 11:28:00,1623.62,1623.62,1623.25,1623.25,-0.02,16.96,25948.53,-1
2026-04-21,2026-04-21 11:29:00,1623.25,1623.25,1622.88,1622.88,-0.02,16.96,25948.53,-1
2026-04-21,2026-04-21 11:30:00,1622.88,1622.88,1622.5,1622.5,-0.02,16.96,25948.53,-1
2026-04-21,2026-04-21 11:31:00,1622.5,1622.5,1622.13,1622.13,-0.02,16.96,25948.53,-1
2026-04-21,2026-04-21 11:32:00,1622.13,1622.13,1621.76,1621.76,-0.02,16.96,25948.53,-1
2026-04-21,2026-04-21 11:33:00,1621.76,1621.76,1621.39,1621.39,-0.02,16.96,25948.53,-1
2026-04-21,2026-04-21 11:34:00,1621.39,1621.39,1621.02,1621.02,-0.02,16.96,25948.53,-1
2026-04-21,2026-04-21 11:35:00,1621.02,1621.02,1620.65,1620.65,-0.02,16.96,25948.53,-1
2026-04-21,2026-04-21 11:36:00,1620.65,1620.65,1620.28,1620.28,-0.02,16.96,25948.53,-1
2026-04-21,2026-04-21 11:37:00,1620.28,1620.28,1619.91,1619.91,-0.02,16.96,25948.53,-1
2026-04-21,2026-04-21 11:38:00,1619.91,1619.91,1619.54,1619.54,-0.02,16.96,25948.53,-1
2026-04-21,2026-04-21 11:39:00,1619.54,1619.54,1619.17,1619.17,-0.02,16.96,25948.53,-1
2026-04-21,2026-04-21 11:40:00,1619.17,1619.17,1618.8,1618.8,-0.02,16.96,25948.53,-1
2026-04-21,2026-04-21 11:41:00,1618.8,1618.8,1618.42,1618.42,-0.02,16.96,25948.53,-1
2026-04-21,2026-04-21 11:42:00,1618.42,1618.42,1618.05,1618.05,-0.02,16.96,25948.53,-1
2026-04-21,2026-04-21 11:43:00,1618.05,1618.05,1617.68,1617.68,-0.02,16.96,25948.53,-1
2026-04-21,2026-04-21 11:44:00,1617.68,1617.68,1617.31,1617.31,-0.02,16.96,25948.53,-1
2026-04-21,2026-04-21 11:45:00,1617.31,1617.31,1616.94,1616.94,-0.02,16.96,25948.53,-1
2026-04-21,2026-04-21 11:46:00,1616.94,1616.94,1616.57,1616.57,-0.02,16.96,25948.53,-1
2026-04-21,2026-04-21 11:47:00,1616.57,1616.57,1616.2,1616.2,-0.02,16.96,25948.53,-1
2026-04-21,2026-04-21 11:48:00,1616.2,1616.2,1615.83,1615.83,-0.02,16.96,25948.53,-1
2026-04-21,2026-04-21 11:49:00,1615.83,1615.83,1615.46,1615.46,-0.02,16.96,25948.53,-1
2026-04-21,2026-04-21 11:50:00,1615.46,1615.46,1615.09,1615.09,-0.02,16.96,25948.53,-1
2026-04-21,2026-04-21 11:51:00,1615.09,1615.09,1614.72,1614.72,-0.02,16.96,25948.53,-1
2026-04-21,2026-04-21 11:52:00,1614.72,1614.72,1614.35,1614.35,-0.02,16.96,25948.53,-1
2026-04-21,2026-04-21 11:53:00,1614.35,1614.35,1613.97,1613.97,-0.02,16.96,25948.53,-1
2026-04-21,2026-04-21 11:54:00,1613.97,1613.97,1613.6,1613.6,-0.02,16.96,25948.53,-1
2026-04-21,2026-04-21 11:55:00,1613.6,1613.6,1613.23,1613.23,-0.02,16.96,25948.53,-1
2026-04-21,2026-04-21 11:56:00,1613.23,1613.23,1612.86,1612.86,-0.02,16.96,25948.53,-1
2026-04-21,2026-04-21 11:57:00,1612.86,1612.86,1612.49,1612.49,-0.02,16.96,25948.53,-1
2026-04-21,2026-04-21 11:58:00,1612.49,1612.49,1612.12,1612.12,-0.02,16.96,25948.53,-1
2026-04-21,2026-04-21 11:59:00,1612.12,1612.12,1611.75,1611.75,-0.02,16.96,25948.53,-1
2026-04-21,2026-04-21 12:00:00,1611.75,1611.75,1611.38,1611.38,-0.02,16.96,25948.53,-1
2026-04-21,2026-04-21 12:01:00,1611.38,1611.38,1611.01,1611.01,-0.02,16.96,25948.53,-1
2026-04-21,2026-04-21 12:02:00,1611.01,1611.01,1610.64,1610.64,-0.02,16.96,25948.53,-1
2026-04-21,2026-04-21 12:03:00,1610.64,1610.64,1610.27,1610.27,-0.02,16.96,25948.53,-1
2026-04-21,2026-04-21 12:04:00,1610.27,1610.27,1609.9,1609.9,-0.02,16.96,25948.53,-1
2026-04-21,2026-04-21 12:05:00,1609.9,1609.9,1609.53,1609.53,-0.02,16.96,25948.53,-1
2026-04-21,2026-04-21 12:06:00,1609.53,1609.53,1609.15,1609.15,-0.02,16.96,25948.53,-1
2026-04-21,2026-04-21 12:07:00,1609.15,1609.15,1608.78,1608.78,-0.02,16.96,25948.53,-1
2026-04-21,2026-04-21 12:08:00,1608.78,1608.78,1608.41,1608.41,-0.02,16.96,25948.53,-1
2026-04-21,2026-04-21 12:09:00,1608.41,1608.41,1608.04,1608.04,-0.02,16.96,25948.53,-1
2026-04-21,2026-04-21 12:10:00,1608.04,1608.04,1607.67,1607.67,-0.02,16.96,25948.53,-1
2026-04-21,2026-04-21 12:11:00,1607.67,1607.67,1607.3,1607.3,-0.02,16.96,25948.53,-1
2026-04-21,2026-04-21 12:12:00,1607.3,1607.3,1606.93,1606.93,-0.02,16.96,25948.53,-1
2026-04-21,2026-04-21 12:13:00,1606.93,1606.93,1606.56,1606.56,-0.02,16.96,25948.53,-1
2026-04-21,2026-04-21 12:14:00,1606.56,1606.56,1606.19,1606.19,-0.02,16.96,25948.53,-1
2026-04-21,2026-04-21 12:15:00,1606.19,1606.19,1605.82,1605.82,-0.02,16.96,25948.53,-1
2026-04-21,2026-04-21 12:16:00,1605.82,1605.82,1605.45,1605.45,-0.02,16.96,25948.53,-1
2026-04-21,2026-04-21 12:17:00,1605.45,1605.45,1605.08,1605.08,-0.02,16.96,25948.53,-1
2026-04-21,2026-04-21 12:18:00,1605.08,1605.08,1604.7,1604.7,-0.02,16.96,25948.53,-1
2026-04-21,2026-04-21 12:19:00,1604.7,1604.7,1604.33,1604.33,-0.02,16.96,25948.53,-1
2026-04-21,2026-04-21 12:20:00,1604.33,1604.33,1603.96,1603.96,-0.02,16.96,25948.53,-1
2026-04-21,2026-04-21 12:21:00,1603.96,1603.96,1603.59,1603.59,-0.02,16.96,25948.53,-1
2026-04-21,2026-04-21 12:22:00,1603.59,1603.59,1603.22,1603.22,-0.02,16.96,25948.53,-1
2026-04-21,2026-04-21 12:23:00,1603.22,1603.22,1602.85,1602.85,-0.02,16.96,25948.53,-1
2026-04-21,2026-04-21 12:24:00,1602.85,1602.85,1602.48,1602.48,-0.02,16.96,25948.53,-1
2026-04-21,2026-04-21 12:25:00,1602.48,1602.48,1602.11,1602.11,-0.02,16.96,25948.53,-1
2026-04-21,2026-04-21 12:26:00,1602.11,1602.11,1601.74,1601.74,-0.02,16.96,25948.53,-1
2026-04-21,2026-04-21 12:27:00,1601.74,1601.74,1601.37,1601.37,-0.02,16.96,25948.53,-1
2026-04-21,2026-04-21 12:28:00,1601.37,1601.37,1601.0,1601.0,-0.02,16.96,25948.53,-1
2026-04-21,2026-04-21 12:29:00,1601.0,1601.0,1600.62,1600.62,-0.02,16.96,25948.53,-1
2026-04-21,2026-04-21 12:30:00,1600.62,1600.62,1600.25,1600.25,-0.02,16.96,25948.53,-1
2026-04-21,2026-04-21 12:31:00,1600.25,1600.25,1599.88,1599.88,-0.02,16.96,25948.53,-1
2026-04-21,2026-04-21 12:32:00,1599.88,1599.88,1599.51,1599.51,-0.02,16.96,25948.53,-1
2026-04-21,2026-04-21 12:33:00,1599.51,1599.51,1599.14,1599.14,-0.02,16.96,25948.53,-1
2026-04-21,2026-04-21 12:34:00,1599.14,1599.14,1598.77,1598.77,-0.02,16.96,25948.53,-1
2026-04-21,2026-04-21 12:35:00,1598.77,1598.77,1598.4,1598.4,-0.02,16.96,25948.53,-1
2026-04-21,2026-04-21 12:36:00,1598.4,1598.4,1598.03,1598.03,-0.02,16.96,25948.53,-1
2026-04-21,2026-04-21 12:37:00,1598.03,1598.03,1597.66,1597.66,-0.02,16.96,25948.53,-1
2026-04-21,2026-04-21 12:38:00,1597.66,1597.66,1597.29,1597.29,-0.02,16.96,25948.53,-1
2026-04-21,2026-04-21 12:39:00,1597.29,1597.29,1596.92,1596.92,-0.02,16.96,25948.53,-1
2026-04-21,2026-04-21 12:40:00,1596.92,1596.92,1596.55,1596.55,-0.02,16.96,25948.53,-1
2026-04-21,2026-04-21 12:41:00,1596.55,1596.55,1596.17,1596.17,-0.02,16.96,25948.53,-1
2026-04-21,2026-04-21 12:42:00,1596.17,1596.17,1595.8,1595.8,-0.02,16.96,25948.53,-1
2026-04-21,2026-04-21 12:43:00,1595.8,1595.8,1595.43,1595.43,-0.02,16.96,25948.53,-1
2026-04-21,2026-04-21 12:44:00,1595.43,1595.43,1595.06,1595.06,-0.02,16.96,25948.53,-1
2026-04-21,2026-04-21 12:45:00,1595.06,1595.06,1594.69,1594.69,-0.02,16.96,25948.53,-1
2026-04-21,2026-04-21 12:46:00,1594.69,1594.69,1594.32,1594.32,-0.02,16.96,25948.53,-1
2026-04-21,2026-04-21 12:47:00,1594.32,1594.32,1593.95,1593.95,-0.02,16.96,25948.53,-1
2026-04-21,2026-04-21 12:48:00,1593.95,1593.95,1593.58,1593.58,-0.02,16.96,25948.53,-1
2026-04-21,2026-04-21 12:49:00,1593.58,1593.58,1593.21,1593.21,-0.02,16.96,25948.53,-1
2026-04-21,2026-04-21 12:50:00,1593.21,1593.21,1592.84,1592.84,-0.02,16.96,25948.53,-1
2026-04-21,2026-04-21 12:51:00,1592.84,1592.84,1592.47,1592.47,-0.02,16.96,25948.53,-1
2026-04-21,2026-04-21 12:52:00,1592.47,1592.47,1592.1,1592.1,-0.02,16.96,25948.53,-1
2026-04-21,2026-04-21 12:53:00,1592.1,1592.1,1591.72,1591.72,-0.02,16.96,25948.53,-1
2026-04-21,2026-04-21 12:54:00,1591.72,1591.72,1591.35,1591.35,-0.02,16.96,25948.53,-1
2026-04-21,2026-04-21 12:55:00,1591.35,1591.35,1590.98,1590.98,-0.02,16.96,25948.53,-1
2026-04-21,2026-04-21 12:56:00,1590.98,1590.98,1590.61,1590.61,-0.02,16.96,25948.53,-1
2026-04-21,2026-04-21 12:57:00,1590.61,1590.61,1590.24,1590.24,-0.02,16.96,25948.53,-1
2026-04-21,2026-04-21 12:58:00,1590.24,1590.24,1589.87,1589.87,-0.02,16.96,25948.53,-1
2026-04-21,2026-04-21 12:59:00,1589.87,1589.87,1589.5,1589.5,-0.02,16.96,25948.53,-1
2026-04-21,2026-04-21 13:00:00,1589.5,1634.0,1500.1,1589.13,-0.02,16.96,25948.53,-1
2026-04-21,2026-04-21 13:01:00,1589.13,1589.13,1588.76,1588.76,-0.02,16.96,25948.53,-1
2026-04-21,2026-04-21 13:02:00,1588.76,1588.76,1588.39,1588.39,-0.02,16.96,25948.53,-1
2026-04-21,2026-04-21 13:03:00,1588.39,1588.39,1588.02,1588.02,-0.02,16.96,25948.53,-1
2026-04-21,2026-04-21 13:04:00,1588.02,1588.02,1587.65,1587.65,-0.02,16.96,25948.53,-1
2026-04-21,2026-04-21 13:05:00,1587.65,1587.65,1587.28,1587.28,-0.02,16.96,25948.53,-1
2026-04-21,2026-04-21 13:06:00,1587.28,1587.28,1586.9,1586.9,-0.02,16.96,25948.53,-1
2026-04-21,2026-04-21 13:07:00,1586.9,1586.9,1586.53,1586.53,-0.02,16.96,25948.53,-1
2026-04-21,2026-04-21 13:08:00,1586.53,1586.53,1586.16,1586.16,-0.02,16.96,25948.53,-1
2026-04-21,2026-04-21 13:09:00,1586.16,1586.16,1585.79,1585.79,-0.02,16.96,25948.53,-1
2026-04-21,2026-04-21 13:10:00,1585.79,1585.79,1585.42,1585.42,-0.02,16.96,25948.53,-1
2026-04-21,2026-04-21 13:11:00,1585.42,1585.42,1585.05,1585.05,-0.02,16.96,25948.53,-1
2026-04-21,2026-04-21 13:12:00,1585.05,1585.05,1584.68,1584.68,-0.02,16.96,25948.53,-1
2026-04-21,2026-04-21 13:13:00,1584.68,1584.68,1584.31,1584.31,-0.02,16.96,25948.53,-1
2026-04-21,2026-04-21 13:14:00,1584.31,1584.31,1583.94,1583.94,-0.02,16.96,25948.53,-1
2026-04-21,2026-04-21 13:15:00,1583.94,1583.94,1583.57,1583.57,-0.02,16.96,25948.53,-1
2026-04-21,2026-04-21 13:16:00,1583.57,1583.57,1583.2,1583.2,-0.02,16.96,25948.53,-1
2026-04-21,2026-04-21 13:17:00,1583.2,1583.2,1582.83,1582.83,-0.02,16.96,25948.53,-1
2026-04-21,2026-04-21 13:18:00,1582.83,1582.83,1582.45,1582.45,-0.02,16.96,25948.53,-1
2026-04-21,2026-04-21 13:19:00,1582.45,1582.45,1582.08,1582.08,-0.02,16.96,25948.53,-1
2026-04-21,2026-04-21 13:20:00,1582.08,1582.08,1581.71,1581.71,-0.02,16.96,25948.53,-1
2026-04-21,2026-04-21 13:21:00,1581.71,1581.71,1581.34,1581.34,-0.02,16.96,25948.53,-1
2026-04-21,2026-04-21 13:22:00,1581.34,1581.34,1580.97,1580.97,-0.02,16.96,25948.53,-1
2026-04-21,2026-04-21 13:23:00,1580.97,1580.97,1580.6,1580.6,-0.02,16.96,25948.53,-1
2026-04-21,2026-04-21 13:24:00,1580.6,1580.6,1580.23,1580.23,-0.02,16.96,25948.53,-1
2026-04-21,2026-04-21 13:25:00,1580.23,1580.23,1579.86,1579.86,-0.02,16.96,25948.53,-1
2026-04-21,2026-04-21 13:26:00,1579.86,1579.86,1579.49,1579.49,-0.02,16.96,25948.53,-1
2026-04-21,2026-04-21 13:27:00,1579.49,1579.49,1579.12,1579.12,-0.02,16.96,25948.53,-1
2026-04-21,2026-04-21 13:28:00,1579.12,1579.12,1578.75,1578.75,-0.02,16.96,25948.53,-1
2026-04-21,2026-04-21 13:29:00,1578.75,1578.75,1578.38,1578.38,-0.02,16.96,25948.53,-1
2026-04-21,2026-04-21 13:30:00,1578.38,1578.38,1578.0,1578.0,-0.02,16.96,25948.53,-1
2026-04-21,2026-04-21 13:31:00,1578.0,1578.0,1577.63,1577.63,-0.02,16.96,25948.53,-1
2026-04-21,2026-04-21 13:32:00,1577.63,1577.63,1577.26,1577.26,-0.02,16.96,25948.53,-1
2026-04-21,2026-04-21 13:33:00,1577.26,1577.26,1576.89,1576.89,-0.02,16.96,25948.53,-1
2026-04-21,2026-04-21 13:34:00,1576.89,1576.89,1576.52,1576.52,-0.02,16.96,25948.53,-1
2026-04-21,2026-04-21 13:35:00,1576.52,1576.52,1576.15,1576.15,-0.02,16.96,25948.53,-1
2026-04-21,2026-04-21 13:36:00,1576.15,1576.15,1575.78,1575.78,-0.02,16.96,25948.53,-1
2026-04-21,2026-04-21 13:37:00,1575.78,1575.78,1575.41,1575.41,-0.02,16.96,25948.53,-1
2026-04-21,2026-04-21 13:38:00,1575.41,1575.41,1575.04,1575.04,-0.02,16.96,25948.53,-1
2026-04-21,2026-04-21 13:39:00,1575.04,1575.04,1574.67,1574.67,-0.02,16.96,25948.53,-1
2026-04-21,2026-04-21 13:40:00,1574.67,1574.67,1574.3,1574.3,-0.02,16.96,25948.53,-1
2026-04-21,2026-04-21 13:41:00,1574.3,1574.3,1573.92,1573.92,-0.02,16.96,25948.53,-1
2026-04-21,2026-04-21 13:42:00,1573.92,1573.92,1573.55,1573.55,-0.02,16.96,25948.53,-1
2026-04-21,2026-04-21 13:43:00,1573.55,1573.55,1573.18,1573.18,-0.02,16.96,25948.53,-1
2026-04-21,2026-04-21 13:44:00,1573.18,1573.18,1572.81,1572.81,-0.02,16.96,25948.53,-1
2026-04-21,2026-04-21 13:45:00,1572.81,1572.81,1572.44,1572.44,-0.02,16.96,25948.53,-1
2026-04-21,2026-04-21 13:46:00,1572.44,1572.44,1572.07,1572.07,-0.02,16.96,25948.53,-1
2026-04-21,2026-04-21 13:47:00,1572.07,1572.07,1571.7,1571.7,-0.02,16.96,25948.53,-1
2026-04-21,2026-04-21 13:48:00,1571.7,1571.7,1571.33,1571.33,-0.02,16.96,25948.53,-1
2026-04-21,2026-04-21 13:49:00,1571.33,1571.33,1570.96,1570.96,-0.02,16.96,25948.53,-1
2026-04-21,2026-04-21 13:50:00,1570.96,1570.96,1570.59,1570.59,-0.02,16.96,25948.53,-1
2026-04-21,2026-04-21 13:51:00,1570.59,1570.59,1570.22,1570.22,-0.02,16.96,25948.53,-1
2026-04-21,2026-04-21 13:52:00,1570.22,1570.22,1569.85,1569.85,-0.02,16.96,25948.53,-1
2026-04-21,2026-04-21 13:53:00,1569.85,1569.85,1569.47,1569.47,-0.02,16.96,25948.53,-1
2026-04-21,2026-04-21 13:54:00,1569.47,1569.47,1569.1,1569.1,-0.02,16.96,25948.53,-1
2026-04-21,2026-04-21 13:55:00,1569.1,1569.1,1568.73,1568.73,-0.02,16.96,25948.53,-1
2026-04-21,2026-04-21 13:56:00,1568.73,1568.73,1568.36,1568.36,-0.02,16.96,25948.53,-1
2026-04-21,2026-04-21 13:57:00,1568.36,1568.36,1567.99,1567.99,-0.02,16.96,25948.53,-1
2026-04-21,2026-04-21 13:58:00,1567.99,1567.99,1567.62,1567.62,-0.02,16.96,25948.53,-1
2026-04-21,2026-04-21 13:59:00,1567.62,1567.62,1567.25,1567.25,-0.02,16.96,25948.53,-1
2026-04-21,2026-04-21 14:00:00,1567.25,1567.25,1566.88,1566.88,-0.02,16.96,25948.53,-1
2026-04-21,2026-04-21 14:01:00,1566.88,1566.88,1566.51,1566.51,-0.02,16.96,25948.53,-1
2026-04-21,2026-04-21 14:02:00,1566.51,1566.51,1566.14,1566.14,-0.02,16.96,25948.53,-1
2026-04-21,2026-04-21 14:03:00,1566.14,1566.14,1565.77,1565.77,-0.02,16.96,25948.53,-1
2026-04-21,2026-04-21 14:04:00,1565.77,1565.77,1565.4,1565.4,-0.02,16.96,25948.53,-1
2026-04-21,2026-04-21 14:05:00,1565.4,1565.4,1565.03,1565.03,-0.02,16.96,25948.53,-1
2026-04-21,2026-04-21 14:06:00,1565.03,1565.03,1564.65,1564.65,-0.02,16.96,25948.53,-1
2026-04-21,2026-04-21 14:07:00,1564.65,1564.65,1564.28,1564.28,-0.02,16.96,25948.53,-1
2026-04-21,2026-04-21 14:08:00,1564.28,1564.28,1563.91,1563.91,-0.02,16.96,25948.53,-1
2026-04-21,2026-04-21 14:09:00,1563.91,1563.91,1563.54,1563.54,-0.02,16.96,25948.53,-1
2026-04-21,2026-04-21 14:10:00,1563.54,1563.54,1563.17,1563.17,-0.02,16.96,25948.53,-1
2026-04-21,2026-04-21 14:11:00,1563.17,1563.17,1562.8,1562.8,-0.02,16.96,25948.53,-1
2026-04-21,2026-04-21 14:12:00,1562.8,1562.8,1562.43,1562.43,-0.02,16.96,25948.53,-1
2026-04-21,2026-04-21 14:13:00,1562.43,1562.43,1562.06,1562.06,-0.02,16.96,25948.53,-1
2026-04-21,2026-04-21 14:14:00,1562.06,1562.06,1561.69,1561.69,-0.02,16.96,25948.53,-1
2026-04-21,2026-04-21 14:15:00,1561.69,1561.69,1561.32,1561.32,-0.02,16.96,25948.53,-1
2026-04-21,2026-04-21 14:16:00,1561.32,1561.32,1560.95,1560.95,-0.02,16.96,25948.53,-1
2026-04-21,2026-04-21 14:17:00,1560.95,1560.95,1560.58,1560.58,-0.02,16.96,25948.53,-1
2026-04-21,2026-04-21 14:18:00,1560.58,1560.58,1560.2,1560.2,-0.02,16.96,25948.53,-1
2026-04-21,2026-04-21 14:19:00,1560.2,1560.2,1559.83,1559.83,-0.02,16.96,25948.53,-1
2026-04-21,2026-04-21 14:20:00,1559.83,1559.83,1559.46,1559.46,-0.02,16.96,25948.53,-1
2026-04-21,2026-04-21 14:21:00,1559.46,1559.46,1559.09,1559.09,-0.02,16.96,25948.53,-1
2026-04-21,2026-04-21 14:22:00,1559.09,1559.09,1558.72,1558.72,-0.02,16.96,25948.53,-1
2026-04-21,2026-04-21 14:23:00,1558.72,1558.72,1558.35,1558.35,-0.02,16.96,25948.53,-1
2026-04-21,2026-04-21 14:24:00,1558.35,1558.35,1557.98,1557.98,-0.02,16.96,25948.53,-1
2026-04-21,2026-04-21 14:25:00,1557.98,1557.98,1557.61,1557.61,-0.02,16.96,25948.53,-1
2026-04-21,2026-04-21 14:26:00,1557.61,1557.61,1557.24,1557.24,-0.02,16.96,25948.53,-1
2026-04-21,2026-04-21 14:27:00,1557.24,1557.24,1556.87,1556.87,-0.02,16.96,25948.53,-1
2026-04-21,2026-04-21 14:28:00,1556.87,1556.87,1556.5,1556.5,-0.02,16.96,25948.53,-1
2026-04-21,2026-04-21 14:29:00,1556.5,1556.5,1556.12,1556.12,-0.02,16.96,25948.53,-1
2026-04-21,2026-04-21 14:30:00,1556.12,1556.12,1555.75,1555.75,-0.02,16.96,25948.53,-1
2026-04-21,2026-04-21 14:31:00,1555.75,1555.75,1555.38,1555.38,-0.02,16.96,25948.53,-1
2026-04-21,2026-04-21 14:32:00,1555.38,1555.38,1555.01,1555.01,-0.02,16.96,25948.53,-1
2026-04-21,2026-04-21 14:33:00,1555.01,1555.01,1554.64,1554.64,-0.02,16.96,25948.53,-1
2026-04-21,2026-04-21 14:34:00,1554.64,1554.64,1554.27,1554.27,-0.02,16.96,25948.53,-1
2026-04-21,2026-04-21 14:35:00,1554.27,1554.27,1553.9,1553.9,-0.02,16.96,25948.53,-1
2026-04-21,2026-04-21 14:36:00,1553.9,1553.9,1553.53,1553.53,-0.02,16.96,25948.53,-1
2026-04-21,2026-04-21 14:37:00,1553.53,1553.53,1553.16,1553.16,-0.02,16.96,25948.53,-1
2026-04-21,2026-04-21 14:38:00,1553.16,1553.16,1552.79,1552.79,-0.02,16.96,25948.53,-1
2026-04-21,2026-04-21 14:39:00,1552.79,1552.79,1552.42,1552.42,-0.02,16.96,25948.53,-1
2026-04-21,2026-04-21 14:40:00,1552.42,1552.42,1552.05,1552.05,-0.02,16.96,25948.53,-1
2026-04-21,2026-04-21 14:41:00,1552.05,1552.05,1551.67,1551.67,-0.02,16.96,25948.53,-1
2026-04-21,2026-04-21 14:42:00,1551.67,1551.67,1551.3,1551.3,-0.02,16.96,25948.53,-1
2026-04-21,2026-04-21 14:43:00,1551.3,1551.3,1550.93,1550.93,-0.02,16.96,25948.53,-1
2026-04-21,2026-04-21 14:44:00,1550.93,1550.93,1550.56,1550.56,-0.02,16.96,25948.53,-1
2026-04-21,2026-04-21 14:45:00,1550.56,1550.56,1550.19,1550.19,-0.02,16.96,25948.53,-1
2026-04-21,2026-04-21 14:46:00,1550.19,1550.19,1549.82,1549.82,-0.02,16.96,25948.53,-1
2026-04-21,2026-04-21 14:47:00,1549.82,1549.82,1549.45,1549.45,-0.02,16.96,25948.53,-1
2026-04-21,2026-04-21 14:48:00,1549.45,1549.45,1549.08,1549.08,-0.02,16.96,25948.53,-1
2026-04-21,2026-04-21 14:49:00,1549.08,1549.08,1548.71,1548.71,-0.02,16.96,25948.53,-1
2026-04-21,2026-04-21 14:50:00,1548.71,1548.71,1548.34,1548.34,-0.02,16.96,25948.53,-1
2026-04-21,2026-04-21 14:51:00,1548.34,1548.34,1547.97,1547.97,-0.02,16.96,25948.53,-1
2026-04-21,2026-04-21 14:52:00,1547.97,1547.97,1547.6,1547.6,-0.02,16.96,25948.53,-1
2026-04-21,2026-04-21 14:53:00,1547.6,1547.6,1547.22,1547.22,-0.02,16.96,25948.53,-1
2026-04-21,2026-04-21 14:54:00,1547.22,1547.22,1546.85,1546.85,-0.02,16.96,25948.53,-1
2026-04-21,2026-04-21 14:55:00,1546.85,1546.85,1546.48,1546.48,-0.02,16.96,25948.53,-1
2026-04-21,2026-04-21 14:56:00,1546.48,1546.48,1546.11,1546.11,-0.02,16.96,25948.53,-1
2026-04-21,2026-04-21 14:57:00,1546.11,1546.11,1545.74,1545.74,-0.02,16.96,25948.53,-1
2026-04-21,2026-04-21 14:58:00,1545.74,1545.74,1545.37,1545.37,-0.02,16.96,25948.53,-1
2026-04-21,2026-04-21 14:59:00,1545.37,1545.37,1545.0,1545.0,-0.02,16.96,25948.53,-1
2026-04-21,2026-04-21 15:00:00,1545.0,1634.0,1500.1,1545.0,0.0,16.96,25948.53,0
2026-04-22,2026-04-22 11:00:00,1545.0,1545.0,1533.9,1544.98,-0.0,11.64,17733.39,-1
2026-04-22,2026-04-22 11:01:00,1544.98,1544.98,1544.96,1544.96,-0.0,11.64,17733.39,-1
2026-04-22,2026-04-22 11:02:00,1544.96,1544.96,1544.94,1544.94,-0.0,11.64,17733.39,-1
2026-04-22,2026-04-22 11:03:00,1544.94,1544.94,1544.92,1544.92,-0.0,11.64,17733.39,-1
2026-04-22,2026-04-22 11:04:00,1544.92,1544.92,1544.9,1544.9,-0.0,11.64,17733.39,-1
2026-04-22,2026-04-22 11:05:00,1544.9,1544.9,1544.88,1544.88,-0.0,11.64,17733.39,-1
2026-04-22,2026-04-22 11:06:00,1544.88,1544.88,1544.85,1544.85,-0.0,11.64,17733.39,-1
2026-04-22,2026-04-22 11:07:00,1544.85,1544.85,1544.83,1544.83,-0.0,11.64,17733.39,-1
2026-04-22,2026-04-22 11:08:00,1544.83,1544.83,1544.81,1544.81,-0.0,11.64,17733.39,-1
2026-04-22,2026-04-22 11:09:00,1544.81,1544.81,1544.79,1544.79,-0.0,11.64,17733.39,-1
2026-04-22,2026-04-22 11:10:00,1544.79,1544.79,1544.77,1544.77,-0.0,11.64,17733.39,-1
2026-04-22,2026-04-22 11:11:00,1544.77,1544.77,1544.75,1544.75,-0.0,11.64,17733.39,-1
2026-04-22,2026-04-22 11:12:00,1544.75,1544.75,1544.73,1544.73,-0.0,11.64,17733.39,-1
2026-04-22,2026-04-22 11:13:00,1544.73,1544.73,1544.71,1544.71,-0.0,11.64,17733.39,-1
2026-04-22,2026-04-22 11:14:00,1544.71,1544.71,1544.69,1544.69,-0.0,11.64,17733.39,-1
2026-04-22,2026-04-22 11:15:00,1544.69,1544.69,1544.67,1544.67,-0.0,11.64,17733.39,-1
2026-04-22,2026-04-22 11:16:00,1544.67,1544.67,1544.65,1544.65,-0.0,11.64,17733.39,-1
2026-04-22,2026-04-22 11:17:00,1544.65,1544.65,1544.62,1544.62,-0.0,11.64,17733.39,-1
2026-04-22,2026-04-22 11:18:00,1544.62,1544.62,1544.6,1544.6,-0.0,11.64,17733.39,-1
2026-04-22,2026-04-22 11:19:00,1544.6,1544.6,1544.58,1544.58,-0.0,11.64,17733.39,-1
2026-04-22,2026-04-22 11:20:00,1544.58,1544.58,1544.56,1544.56,-0.0,11.64,17733.39,-1
2026-04-22,2026-04-22 11:21:00,1544.56,1544.56,1544.54,1544.54,-0.0,11.64,17733.39,-1
2026-04-22,2026-04-22 11:22:00,1544.54,1544.54,1544.52,1544.52,-0.0,11.64,17733.39,-1
2026-04-22,2026-04-22 11:23:00,1544.52,1544.52,1544.5,1544.5,-0.0,11.64,17733.39,-1
2026-04-22,2026-04-22 11:24:00,1544.5,1544.5,1544.48,1544.48,-0.0,11.64,17733.39,-1
2026-04-22,2026-04-22 11:25:00,1544.48,1544.48,1544.46,1544.46,-0.0,11.64,17733.39,-1
2026-04-22,2026-04-22 11:26:00,1544.46,1544.46,1544.44,1544.44,-0.0,11.64,17733.39,-1
2026-04-22,2026-04-22 11:27:00,1544.44,1544.44,1544.42,1544.42,-0.0,11.64,17733.39,-1
2026-04-22,2026-04-22 11:28:00,1544.42,1544.42,1544.4,1544.4,-0.0,11.64,17733.39,-1
2026-04-22,2026-04-22 11:29:00,1544.4,1544.4,1544.38,1544.38,-0.0,11.64,17733.39,-1
2026-04-22,2026-04-22 11:30:00,1544.38,1544.38,1544.35,1544.35,-0.0,11.64,17733.39,-1
2026-04-22,2026-04-22 11:31:00,1544.35,1544.35,1544.33,1544.33,-0.0,11.64,17733.39,-1
2026-04-22,2026-04-22 11:32:00,1544.33,1544.33,1544.31,1544.31,-0.0,11.64,17733.39,-1
2026-04-22,2026-04-22 11:33:00,1544.31,1544.31,1544.29,1544.29,-0.0,11.64,17733.39,-1
2026-04-22,2026-04-22 11:34:00,1544.29,1544.29,1544.27,1544.27,-0.0,11.64,17733.39,-1
2026-04-22,2026-04-22 11:35:00,1544.27,1544.27,1544.25,1544.25,-0.0,11.64,17733.39,-1
2026-04-22,2026-04-22 11:36:00,1544.25,1544.25,1544.23,1544.23,-0.0,11.64,17733.39,-1
2026-04-22,2026-04-22 11:37:00,1544.23,1544.23,1544.21,1544.21,-0.0,11.64,17733.39,-1
2026-04-22,2026-04-22 11:38:00,1544.21,1544.21,1544.19,1544.19,-0.0,11.64,17733.39,-1
2026-04-22,2026-04-22 11:39:00,1544.19,1544.19,1544.17,1544.17,-0.0,11.64,17733.39,-1
2026-04-22,2026-04-22 11:40:00,1544.17,1544.17,1544.15,1544.15,-0.0,11.64,17733.39,-1
2026-04-22,2026-04-22 11:41:00,1544.15,1544.15,1544.12,1544.12,-0.0,11.64,17733.39,-1
2026-04-22,2026-04-22 11:42:00,1544.12,1544.12,1544.1,1544.1,-0.0,11.64,17733.39,-1
2026-04-22,2026-04-22 11:43:00,1544.1,1544.1,1544.08,1544.08,-0.0,11.64,17733.39,-1
2026-04-22,2026-04-22 11:44:00,1544.08,1544.08,1544.06,1544.06,-0.0,11.64,17733.39,-1
2026-04-22,2026-04-22 11:45:00,1544.06,1544.06,1544.04,1544.04,-0.0,11.64,17733.39,-1
2026-04-22,2026-04-22 11:46:00,1544.04,1544.04,1544.02,1544.02,-0.0,11.64,17733.39,-1
2026-04-22,2026-04-22 11:47:00,1544.02,1544.02,1544.0,1544.0,-0.0,11.64,17733.39,-1
2026-04-22,2026-04-22 11:48:00,1544.0,1544.0,1543.98,1543.98,-0.0,11.64,17733.39,-1
2026-04-22,2026-04-22 11:49:00,1543.98,1543.98,1543.96,1543.96,-0.0,11.64,17733.39,-1
2026-04-22,2026-04-22 11:50:00,1543.96,1543.96,1543.94,1543.94,-0.0,11.64,17733.39,-1
2026-04-22,2026-04-22 11:51:00,1543.94,1543.94,1543.92,1543.92,-0.0,11.64,17733.39,-1
2026-04-22,2026-04-22 11:52:00,1543.92,1543.92,1543.9,1543.9,-0.0,11.64,17733.39,-1
2026-04-22,2026-04-22 11:53:00,1543.9,1543.9,1543.88,1543.88,-0.0,11.64,17733.39,-1
2026-04-22,2026-04-22 11:54:00,1543.88,1543.88,1543.85,1543.85,-0.0,11.64,17733.39,-1
2026-04-22,2026-04-22 11:55:00,1543.85,1543.85,1543.83,1543.83,-0.0,11.64,17733.39,-1
2026-04-22,2026-04-22 11:56:00,1543.83,1543.83,1543.81,1543.81,-0.0,11.64,17733.39,-1
2026-04-22,2026-04-22 11:57:00,1543.81,1543.81,1543.79,1543.79,-0.0,11.64,17733.39,-1
2026-04-22,2026-04-22 11:58:00,1543.79,1543.79,1543.77,1543.77,-0.0,11.64,17733.39,-1
2026-04-22,2026-04-22 11:59:00,1543.77,1543.77,1543.75,1543.75,-0.0,11.64,17733.39,-1
2026-04-22,2026-04-22 12:00:00,1543.75,1543.75,1543.73,1543.73,-0.0,11.64,17733.39,-1
2026-04-22,2026-04-22 12:01:00,1543.73,1543.73,1543.71,1543.71,-0.0,11.64,17733.39,-1
2026-04-22,2026-04-22 12:02:00,1543.71,1543.71,1543.69,1543.69,-0.0,11.64,17733.39,-1
2026-04-22,2026-04-22 12:03:00,1543.69,1543.69,1543.67,1543.67,-0.0,11.64,17733.39,-1
2026-04-22,2026-04-22 12:04:00,1543.67,1543.67,1543.65,1543.65,-0.0,11.64,17733.39,-1
2026-04-22,2026-04-22 12:05:00,1543.65,1543.65,1543.62,1543.62,-0.0,11.64,17733.39,-1
2026-04-22,2026-04-22 12:06:00,1543.62,1543.62,1543.6,1543.6,-0.0,11.64,17733.39,-1
2026-04-22,2026-04-22 12:07:00,1543.6,1543.6,1543.58,1543.58,-0.0,11.64,17733.39,-1
2026-04-22,2026-04-22 12:08:00,1543.58,1543.58,1543.56,1543.56,-0.0,11.64,17733.39,-1
2026-04-22,2026-04-22 12:09:00,1543.56,1543.56,1543.54,1543.54,-0.0,11.64,17733.39,-1
2026-04-22,2026-04-22 12:10:00,1543.54,1543.54,1543.52,1543.52,-0.0,11.64,17733.39,-1
2026-04-22,2026-04-22 12:11:00,1543.52,1543.52,1543.5,1543.5,-0.0,11.64,17733.39,-1
2026-04-22,2026-04-22 12:12:00,1543.5,1543.5,1543.48,1543.48,-0.0,11.64,17733.39,-1
2026-04-22,2026-04-22 12:13:00,1543.48,1543.48,1543.46,1543.46,-0.0,11.64,17733.39,-1
2026-04-22,2026-04-22 12:14:00,1543.46,1543.46,1543.44,1543.44,-0.0,11.64,17733.39,-1
2026-04-22,2026-04-22 12:15:00,1543.44,1543.44,1543.42,1543.42,-0.0,11.64,17733.39,-1
2026-04-22,2026-04-22 12:16:00,1543.42,1543.42,1543.4,1543.4,-0.0,11.64,17733.39,-1
2026-04-22,2026-04-22 12:17:00,1543.4,1543.4,1543.38,1543.38,-0.0,11.64,17733.39,-1
2026-04-22,2026-04-22 12:18:00,1543.38,1543.38,1543.35,1543.35,-0.0,11.64,17733.39,-1
2026-04-22,2026-04-22 12:19:00,1543.35,1543.35,1543.33,1543.33,-0.0,11.64,17733.39,-1
2026-04-22,2026-04-22 12:20:00,1543.33,1543.33,1543.31,1543.31,-0.0,11.64,17733.39,-1
2026-04-22,2026-04-22 12:21:00,1543.31,1543.31,1543.29,1543.29,-0.0,11.64,17733.39,-1
2026-04-22,2026-04-22 12:22:00,1543.29,1543.29,1543.27,1543.27,-0.0,11.64,17733.39,-1
2026-04-22,2026-04-22 12:23:00,1543.27,1543.27,1543.25,1543.25,-0.0,11.64,17733.39,-1
2026-04-22,2026-04-22 12:24:00,1543.25,1543.25,1543.23,1543.23,-0.0,11.64,17733.39,-1
2026-04-22,2026-04-22 12:25:00,1543.23,1543.23,1543.21,1543.21,-0.0,11.64,17733.39,-1
2026-04-22,2026-04-22 12:26:00,1543.21,1543.21,1543.19,1543.19,-0.0,11.64,17733.39,-1
2026-04-22,2026-04-22 12:27:00,1543.19,1543.19,1543.17,1543.17,-0.0,11.64,17733.39,-1
2026-04-22,2026-04-22 12:28:00,1543.17,1543.17,1543.15,1543.15,-0.0,11.64,17733.39,-1
2026-04-22,2026-04-22 12:29:00,1543.15,1543.15,1543.12,1543.12,-0.0,11.64,17733.39,-1
2026-04-22,2026-04-22 12:30:00,1543.12,1543.12,1543.1,1543.1,-0.0,11.64,17733.39,-1
2026-04-22,2026-04-22 12:31:00,1543.1,1543.1,1543.08,1543.08,-0.0,11.64,17733.39,-1
2026-04-22,2026-04-22 12:32:00,1543.08,1543.08,1543.06,1543.06,-0.0,11.64,17733.39,-1
2026-04-22,2026-04-22 12:33:00,1543.06,1543.06,1543.04,1543.04,-0.0,11.64,17733.39,-1
2026-04-22,2026-04-22 12:34:00,1543.04,1543.04,1543.02,1543.02,-0.0,11.64,17733.39,-1
2026-04-22,2026-04-22 12:35:00,1543.02,1543.02,1543.0,1543.0,-0.0,11.64,17733.39,-1
2026-04-22,2026-04-22 12:36:00,1543.0,1543.0,1542.98,1542.98,-0.0,11.64,17733.39,-1
2026-04-22,2026-04-22 12:37:00,1542.98,1542.98,1542.96,1542.96,-0.0,11.64,17733.39,-1
2026-04-22,2026-04-22 12:38:00,1542.96,1542.96,1542.94,1542.94,-0.0,11.64,17733.39,-1
2026-04-22,2026-04-22 12:39:00,1542.94,1542.94,1542.92,1542.92,-0.0,11.64,17733.39,-1
2026-04-22,2026-04-22 12:40:00,1542.92,1542.92,1542.9,1542.9,-0.0,11.64,17733.39,-1
2026-04-22,2026-04-22 12:41:00,1542.9,1542.9,1542.88,1542.88,-0.0,11.64,17733.39,-1
2026-04-22,2026-04-22 12:42:00,1542.88,1542.88,1542.85,1542.85,-0.0,11.64,17733.39,-1
2026-04-22,2026-04-22 12:43:00,1542.85,1542.85,1542.83,1542.83,-0.0,11.64,17733.39,-1
2026-04-22,2026-04-22 12:44:00,1542.83,1542.83,1542.81,1542.81,-0.0,11.64,17733.39,-1
2026-04-22,2026-04-22 12:45:00,1542.81,1542.81,1542.79,1542.79,-0.0,11.64,17733.39,-1
2026-04-22,2026-04-22 12:46:00,1542.79,1542.79,1542.77,1542.77,-0.0,11.64,17733.39,-1
2026-04-22,2026-04-22 12:47:00,1542.77,1542.77,1542.75,1542.75,-0.0,11.64,17733.39,-1
2026-04-22,2026-04-22 12:48:00,1542.75,1542.75,1542.73,1542.73,-0.0,11.64,17733.39,-1
2026-04-22,2026-04-22 12:49:00,1542.73,1542.73,1542.71,1542.71,-0.0,11.64,17733.39,-1
2026-04-22,2026-04-22 12:50:00,1542.71,1542.71,1542.69,1542.69,-0.0,11.64,17733.39,-1
2026-04-22,2026-04-22 12:51:00,1542.69,1542.69,1542.67,1542.67,-0.0,11.64,17733.39,-1
2026-04-22,2026-04-22 12:52:00,1542.67,1542.67,1542.65,1542.65,-0.0,11.64,17733.39,-1
2026-04-22,2026-04-22 12:53:00,1542.65,1542.65,1542.62,1542.62,-0.0,11.64,17733.39,-1
2026-04-22,2026-04-22 12:54:00,1542.62,1542.62,1542.6,1542.6,-0.0,11.64,17733.39,-1
2026-04-22,2026-04-22 12:55:00,1542.6,1542.6,1542.58,1542.58,-0.0,11.64,17733.39,-1
2026-04-22,2026-04-22 12:56:00,1542.58,1542.58,1542.56,1542.56,-0.0,11.64,17733.39,-1
2026-04-22,2026-04-22 12:57:00,1542.56,1542.56,1542.54,1542.54,-0.0,11.64,17733.39,-1
2026-04-22,2026-04-22 12:58:00,1542.54,1542.54,1542.52,1542.52,-0.0,11.64,17733.39,-1
2026-04-22,2026-04-22 12:59:00,1542.52,1542.52,1542.5,1542.5,-0.0,11.64,17733.39,-1
2026-04-22,2026-04-22 13:00:00,1542.5,1545.0,1508.0,1542.48,-0.0,11.64,17733.39,-1
2026-04-22,2026-04-22 13:01:00,1542.48,1542.48,1542.46,1542.46,-0.0,11.64,17733.39,-1
2026-04-22,2026-04-22 13:02:00,1542.46,1542.46,1542.44,1542.44,-0.0,11.64,17733.39,-1
2026-04-22,2026-04-22 13:03:00,1542.44,1542.44,1542.42,1542.42,-0.0,11.64,17733.39,-1
2026-04-22,2026-04-22 13:04:00,1542.42,1542.42,1542.4,1542.4,-0.0,11.64,17733.39,-1
2026-04-22,2026-04-22 13:05:00,1542.4,1542.4,1542.38,1542.38,-0.0,11.64,17733.39,-1
2026-04-22,2026-04-22 13:06:00,1542.38,1542.38,1542.35,1542.35,-0.0,11.64,17733.39,-1
2026-04-22,2026-04-22 13:07:00,1542.35,1542.35,1542.33,1542.33,-0.0,11.64,17733.39,-1
2026-04-22,2026-04-22 13:08:00,1542.33,1542.33,1542.31,1542.31,-0.0,11.64,17733.39,-1
2026-04-22,2026-04-22 13:09:00,1542.31,1542.31,1542.29,1542.29,-0.0,11.64,17733.39,-1
2026-04-22,2026-04-22 13:10:00,1542.29,1542.29,1542.27,1542.27,-0.0,11.64,17733.39,-1
2026-04-22,2026-04-22 13:11:00,1542.27,1542.27,1542.25,1542.25,-0.0,11.64,17733.39,-1
2026-04-22,2026-04-22 13:12:00,1542.25,1542.25,1542.23,1542.23,-0.0,11.64,17733.39,-1
2026-04-22,2026-04-22 13:13:00,1542.23,1542.23,1542.21,1542.21,-0.0,11.64,17733.39,-1
2026-04-22,2026-04-22 13:14:00,1542.21,1542.21,1542.19,1542.19,-0.0,11.64,17733.39,-1
2026-04-22,2026-04-22 13:15:00,1542.19,1542.19,1542.17,1542.17,-0.0,11.64,17733.39,-1
2026-04-22,2026-04-22 13:16:00,1542.17,1542.17,1542.15,1542.15,-0.0,11.64,17733.39,-1
2026-04-22,2026-04-22 13:17:00,1542.15,1542.15,1542.12,1542.12,-0.0,11.64,17733.39,-1
2026-04-22,2026-04-22 13:18:00,1542.12,1542.12,1542.1,1542.1,-0.0,11.64,17733.39,-1
2026-04-22,2026-04-22 13:19:00,1542.1,1542.1,1542.08,1542.08,-0.0,11.64,17733.39,-1
2026-04-22,2026-04-22 13:20:00,1542.08,1542.08,1542.06,1542.06,-0.0,11.64,17733.39,-1
2026-04-22,2026-04-22 13:21:00,1542.06,1542.06,1542.04,1542.04,-0.0,11.64,17733.39,-1
2026-04-22,2026-04-22 13:22:00,1542.04,1542.04,1542.02,1542.02,-0.0,11.64,17733.39,-1
2026-04-22,2026-04-22 13:23:00,1542.02,1542.02,1542.0,1542.0,-0.0,11.64,17733.39,-1
2026-04-22,2026-04-22 13:24:00,1542.0,1542.0,1541.98,1541.98,-0.0,11.64,17733.39,-1
2026-04-22,2026-04-22 13:25:00,1541.98,1541.98,1541.96,1541.96,-0.0,11.64,17733.39,-1
2026-04-22,2026-04-22 13:26:00,1541.96,1541.96,1541.94,1541.94,-0.0,11.64,17733.39,-1
2026-04-22,2026-04-22 13:27:00,1541.94,1541.94,1541.92,1541.92,-0.0,11.64,17733.39,-1
2026-04-22,2026-04-22 13:28:00,1541.92,1541.92,1541.9,1541.9,-0.0,11.64,17733.39,-1
2026-04-22,2026-04-22 13:29:00,1541.9,1541.9,1541.88,1541.88,-0.0,11.64,17733.39,-1
2026-04-22,2026-04-22 13:30:00,1541.88,1541.88,1541.85,1541.85,-0.0,11.64,17733.39,-1
2026-04-22,2026-04-22 13:31:00,1541.85,1541.85,1541.83,1541.83,-0.0,11.64,17733.39,-1
2026-04-22,2026-04-22 13:32:00,1541.83,1541.83,1541.81,1541.81,-0.0,11.64,17733.39,-1
2026-04-22,2026-04-22 13:33:00,1541.81,1541.81,1541.79,1541.79,-0.0,11.64,17733.39,-1
2026-04-22,2026-04-22 13:34:00,1541.79,1541.79,1541.77,1541.77,-0.0,11.64,17733.39,-1
2026-04-22,2026-04-22 13:35:00,1541.77,1541.77,1541.75,1541.75,-0.0,11.64,17733.39,-1
2026-04-22,2026-04-22 13:36:00,1541.75,1541.75,1541.73,1541.73,-0.0,11.64,17733.39,-1
2026-04-22,2026-04-22 13:37:00,1541.73,1541.73,1541.71,1541.71,-0.0,11.64,17733.39,-1
2026-04-22,2026-04-22 13:38:00,1541.71,1541.71,1541.69,1541.69,-0.0,11.64,17733.39,-1
2026-04-22,2026-04-22 13:39:00,1541.69,1541.69,1541.67,1541.67,-0.0,11.64,17733.39,-1
2026-04-22,2026-04-22 13:40:00,1541.67,1541.67,1541.65,1541.65,-0.0,11.64,17733.39,-1
2026-04-22,2026-04-22 13:41:00,1541.65,1541.65,1541.62,1541.62,-0.0,11.64,17733.39,-1
2026-04-22,2026-04-22 13:42:00,1541.62,1541.62,1541.6,1541.6,-0.0,11.64,17733.39,-1
2026-04-22,2026-04-22 13:43:00,1541.6,1541.6,1541.58,1541.58,-0.0,11.64,17733.39,-1
2026-04-22,2026-04-22 13:44:00,1541.58,1541.58,1541.56,1541.56,-0.0,11.64,17733.39,-1
2026-04-22,2026-04-22 13:45:00,1541.56,1541.56,1541.54,1541.54,-0.0,11.64,17733.39,-1
2026-04-22,2026-04-22 13:46:00,1541.54,1541.54,1541.52,1541.52,-0.0,11.64,17733.39,-1
2026-04-22,2026-04-22 13:47:00,1541.52,1541.52,1541.5,1541.5,-0.0,11.64,17733.39,-1
2026-04-22,2026-04-22 13:48:00,1541.5,1541.5,1541.48,1541.48,-0.0,11.64,17733.39,-1
2026-04-22,2026-04-22 13:49:00,1541.48,1541.48,1541.46,1541.46,-0.0,11.64,17733.39,-1
2026-04-22,2026-04-22 13:50:00,1541.46,1541.46,1541.44,1541.44,-0.0,11.64,17733.39,-1
2026-04-22,2026-04-22 13:51:00,1541.44,1541.44,1541.42,1541.42,-0.0,11.64,17733.39,-1
2026-04-22,2026-04-22 13:52:00,1541.42,1541.42,1541.4,1541.4,-0.0,11.64,17733.39,-1
2026-04-22,2026-04-22 13:53:00,1541.4,1541.4,1541.38,1541.38,-0.0,11.64,17733.39,-1
2026-04-22,2026-04-22 13:54:00,1541.38,1541.38,1541.35,1541.35,-0.0,11.64,17733.39,-1
2026-04-22,2026-04-22 13:55:00,1541.35,1541.35,1541.33,1541.33,-0.0,11.64,17733.39,-1
2026-04-22,2026-04-22 13:56:00,1541.33,1541.33,1541.31,1541.31,-0.0,11.64,17733.39,-1
2026-04-22,2026-04-22 13:57:00,1541.31,1541.31,1541.29,1541.29,-0.0,11.64,17733.39,-1
2026-04-22,2026-04-22 13:58:00,1541.29,1541.29,1541.27,1541.27,-0.0,11.64,17733.39,-1
2026-04-22,2026-04-22 13:59:00,1541.27,1541.27,1541.25,1541.25,-0.0,11.64,17733.39,-1
2026-04-22,2026-04-22 14:00:00,1541.25,1541.25,1541.23,1541.23,-0.0,11.64,17733.39,-1
2026-04-22,2026-04-22 14:01:00,1541.23,1541.23,1541.21,1541.21,-0.0,11.64,17733.39,-1
2026-04-22,2026-04-22 14:02:00,1541.21,1541.21,1541.19,1541.19,-0.0,11.64,17733.39,-1
2026-04-22,2026-04-22 14:03:00,1541.19,1541.19,1541.17,1541.17,-0.0,11.64,17733.39,-1
2026-04-22,2026-04-22 14:04:00,1541.17,1541.17,1541.15,1541.15,-0.0,11.64,17733.39,-1
2026-04-22,2026-04-22 14:05:00,1541.15,1541.15,1541.12,1541.12,-0.0,11.64,17733.39,-1
2026-04-22,2026-04-22 14:06:00,1541.12,1541.12,1541.1,1541.1,-0.0,11.64,17733.39,-1
2026-04-22,2026-04-22 14:07:00,1541.1,1541.1,1541.08,1541.08,-0.0,11.64,17733.39,-1
2026-04-22,2026-04-22 14:08:00,1541.08,1541.08,1541.06,1541.06,-0.0,11.64,17733.39,-1
2026-04-22,2026-04-22 14:09:00,1541.06,1541.06,1541.04,1541.04,-0.0,11.64,17733.39,-1
2026-04-22,2026-04-22 14:10:00,1541.04,1541.04,1541.02,1541.02,-0.0,11.64,17733.39,-1
2026-04-22,2026-04-22 14:11:00,1541.02,1541.02,1541.0,1541.0,-0.0,11.64,17733.39,-1
2026-04-22,2026-04-22 14:12:00,1541.0,1541.0,1540.98,1540.98,-0.0,11.64,17733.39,-1
2026-04-22,2026-04-22 14:13:00,1540.98,1540.98,1540.96,1540.96,-0.0,11.64,17733.39,-1
2026-04-22,2026-04-22 14:14:00,1540.96,1540.96,1540.94,1540.94,-0.0,11.64,17733.39,-1
2026-04-22,2026-04-22 14:15:00,1540.94,1540.94,1540.92,1540.92,-0.0,11.64,17733.39,-1
2026-04-22,2026-04-22 14:16:00,1540.92,1540.92,1540.9,1540.9,-0.0,11.64,17733.39,-1
2026-04-22,2026-04-22 14:17:00,1540.9,1540.9,1540.88,1540.88,-0.0,11.64,17733.39,-1
2026-04-22,2026-04-22 14:18:00,1540.88,1540.88,1540.85,1540.85,-0.0,11.64,17733.39,-1
2026-04-22,2026-04-22 14:19:00,1540.85,1540.85,1540.83,1540.83,-0.0,11.64,17733.39,-1
2026-04-22,2026-04-22 14:20:00,1540.83,1540.83,1540.81,1540.81,-0.0,11.64,17733.39,-1
2026-04-22,2026-04-22 14:21:00,1540.81,1540.81,1540.79,1540.79,-0.0,11.64,17733.39,-1
2026-04-22,2026-04-22 14:22:00,1540.79,1540.79,1540.77,1540.77,-0.0,11.64,17733.39,-1
2026-04-22,2026-04-22 14:23:00,1540.77,1540.77,1540.75,1540.75,-0.0,11.64,17733.39,-1
2026-04-22,2026-04-22 14:24:00,1540.75,1540.75,1540.73,1540.73,-0.0,11.64,17733.39,-1
2026-04-22,2026-04-22 14:25:00,1540.73,1540.73,1540.71,1540.71,-0.0,11.64,17733.39,-1
2026-04-22,2026-04-22 14:26:00,1540.71,1540.71,1540.69,1540.69,-0.0,11.64,17733.39,-1
2026-04-22,2026-04-22 14:27:00,1540.69,1540.69,1540.67,1540.67,-0.0,11.64,17733.39,-1
2026-04-22,2026-04-22 14:28:00,1540.67,1540.67,1540.65,1540.65,-0.0,11.64,17733.39,-1
2026-04-22,2026-04-22 14:29:00,1540.65,1540.65,1540.62,1540.62,-0.0,11.64,17733.39,-1
2026-04-22,2026-04-22 14:30:00,1540.62,1540.62,1540.6,1540.6,-0.0,11.64,17733.39,-1
2026-04-22,2026-04-22 14:31:00,1540.6,1540.6,1540.58,1540.58,-0.0,11.64,17733.39,-1
2026-04-22,2026-04-22 14:32:00,1540.58,1540.58,1540.56,1540.56,-0.0,11.64,17733.39,-1
2026-04-22,2026-04-22 14:33:00,1540.56,1540.56,1540.54,1540.54,-0.0,11.64,17733.39,-1
2026-04-22,2026-04-22 14:34:00,1540.54,1540.54,1540.52,1540.52,-0.0,11.64,17733.39,-1
2026-04-22,2026-04-22 14:35:00,1540.52,1540.52,1540.5,1540.5,-0.0,11.64,17733.39,-1
2026-04-22,2026-04-22 14:36:00,1540.5,1540.5,1540.48,1540.48,-0.0,11.64,17733.39,-1
2026-04-22,2026-04-22 14:37:00,1540.48,1540.48,1540.46,1540.46,-0.0,11.64,17733.39,-1
2026-04-22,2026-04-22 14:38:00,1540.46,1540.46,1540.44,1540.44,-0.0,11.64,17733.39,-1
2026-04-22,2026-04-22 14:39:00,1540.44,1540.44,1540.42,1540.42,-0.0,11.64,17733.39,-1
2026-04-22,2026-04-22 14:40:00,1540.42,1540.42,1540.4,1540.4,-0.0,11.64,17733.39,-1
2026-04-22,2026-04-22 14:41:00,1540.4,1540.4,1540.38,1540.38,-0.0,11.64,17733.39,-1
2026-04-22,2026-04-22 14:42:00,1540.38,1540.38,1540.35,1540.35,-0.0,11.64,17733.39,-1
2026-04-22,2026-04-22 14:43:00,1540.35,1540.35,1540.33,1540.33,-0.0,11.64,17733.39,-1
2026-04-22,2026-04-22 14:44:00,1540.33,1540.33,1540.31,1540.31,-0.0,11.64,17733.39,-1
2026-04-22,2026-04-22 14:45:00,1540.31,1540.31,1540.29,1540.29,-0.0,11.64,17733.39,-1
2026-04-22,2026-04-22 14:46:00,1540.29,1540.29,1540.27,1540.27,-0.0,11.64,17733.39,-1
2026-04-22,2026-04-22 14:47:00,1540.27,1540.27,1540.25,1540.25,-0.0,11.64,17733.39,-1
2026-04-22,2026-04-22 14:48:00,1540.25,1540.25,1540.23,1540.23,-0.0,11.64,17733.39,-1
2026-04-22,2026-04-22 14:49:00,1540.23,1540.23,1540.21,1540.21,-0.0,11.64,17733.39,-1
2026-04-22,2026-04-22 14:50:00,1540.21,1540.21,1540.19,1540.19,-0.0,11.64,17733.39,-1
2026-04-22,2026-04-22 14:51:00,1540.19,1540.19,1540.17,1540.17,-0.0,11.64,17733.39,-1
2026-04-22,2026-04-22 14:52:00,1540.17,1540.17,1540.15,1540.15,-0.0,11.64,17733.39,-1
2026-04-22,2026-04-22 14:53:00,1540.15,1540.15,1540.12,1540.12,-0.0,11.64,17733.39,-1
2026-04-22,2026-04-22 14:54:00,1540.12,1540.12,1540.1,1540.1,-0.0,11.64,17733.39,-1
2026-04-22,2026-04-22 14:55:00,1540.1,1540.1,1540.08,1540.08,-0.0,11.64,17733.39,-1
2026-04-22,2026-04-22 14:56:00,1540.08,1540.08,1540.06,1540.06,-0.0,11.64,17733.39,-1
2026-04-22,2026-04-22 14:57:00,1540.06,1540.06,1540.04,1540.04,-0.0,11.64,17733.39,-1
2026-04-22,2026-04-22 14:58:00,1540.04,1540.04,1540.02,1540.02,-0.0,11.64,17733.39,-1
2026-04-22,2026-04-22 14:59:00,1540.02,1540.02,1540.0,1540.0,-0.0,11.64,17733.39,-1
2026-04-22,2026-04-22 15:00:00,1540.0,1545.0,1508.0,1540.0,0.0,11.64,17733.39,0
2026-04-23,2026-04-23 11:00:00,1540.0,1540.0,1533.4,1539.91,-0.01,2.26,3441.24,-1
2026-04-23,2026-04-23 11:01:00,1539.91,1539.91,1539.82,1539.82,-0.01,2.26,3441.24,-1
2026-04-23,2026-04-23 11:02:00,1539.82,1539.82,1539.72,1539.72,-0.01,2.26,3441.24,-1
2026-04-23,2026-04-23 11:03:00,1539.72,1539.72,1539.63,1539.63,-0.01,2.26,3441.24,-1
2026-04-23,2026-04-23 11:04:00,1539.63,1539.63,1539.54,1539.54,-0.01,2.26,3441.24,-1
2026-04-23,2026-04-23 11:05:00,1539.54,1539.54,1539.45,1539.45,-0.01,2.26,3441.24,-1
2026-04-23,2026-04-23 11:06:00,1539.45,1539.45,1539.36,1539.36,-0.01,2.26,3441.24,-1
2026-04-23,2026-04-23 11:07:00,1539.36,1539.36,1539.27,1539.27,-0.01,2.26,3441.24,-1
2026-04-23,2026-04-23 11:08:00,1539.27,1539.27,1539.17,1539.17,-0.01,2.26,3441.24,-1
2026-04-23,2026-04-23 11:09:00,1539.17,1539.17,1539.08,1539.08,-0.01,2.26,3441.24,-1
2026-04-23,2026-04-23 11:10:00,1539.08,1539.08,1538.99,1538.99,-0.01,2.26,3441.24,-1
2026-04-23,2026-04-23 11:11:00,1538.99,1538.99,1538.9,1538.9,-0.01,2.26,3441.24,-1
2026-04-23,2026-04-23 11:12:00,1538.9,1538.9,1538.81,1538.81,-0.01,2.26,3441.24,-1
2026-04-23,2026-04-23 11:13:00,1538.81,1538.81,1538.72,1538.72,-0.01,2.26,3441.24,-1
2026-04-23,2026-04-23 11:14:00,1538.72,1538.72,1538.62,1538.62,-0.01,2.26,3441.24,-1
2026-04-23,2026-04-23 11:15:00,1538.62,1538.62,1538.53,1538.53,-0.01,2.26,3441.24,-1
2026-04-23,2026-04-23 11:16:00,1538.53,1538.53,1538.44,1538.44,-0.01,2.26,3441.24,-1
2026-04-23,2026-04-23 11:17:00,1538.44,1538.44,1538.35,1538.35,-0.01,2.26,3441.24,-1
2026-04-23,2026-04-23 11:18:00,1538.35,1538.35,1538.26,1538.26,-0.01,2.26,3441.24,-1
2026-04-23,2026-04-23 11:19:00,1538.26,1538.26,1538.17,1538.17,-0.01,2.26,3441.24,-1
2026-04-23,2026-04-23 11:20:00,1538.17,1538.17,1538.08,1538.08,-0.01,2.26,3441.24,-1
2026-04-23,2026-04-23 11:21:00,1538.08,1538.08,1537.98,1537.98,-0.01,2.26,3441.24,-1
2026-04-23,2026-04-23 11:22:00,1537.98,1537.98,1537.89,1537.89,-0.01,2.26,3441.24,-1
2026-04-23,2026-04-23 11:23:00,1537.89,1537.89,1537.8,1537.8,-0.01,2.26,3441.24,-1
2026-04-23,2026-04-23 11:24:00,1537.8,1537.8,1537.71,1537.71,-0.01,2.26,3441.24,-1
2026-04-23,2026-04-23 11:25:00,1537.71,1537.71,1537.62,1537.62,-0.01,2.26,3441.24,-1
2026-04-23,2026-04-23 11:26:00,1537.62,1537.62,1537.53,1537.53,-0.01,2.26,3441.24,-1
2026-04-23,2026-04-23 11:27:00,1537.53,1537.53,1537.43,1537.43,-0.01,2.26,3441.24,-1
2026-04-23,2026-04-23 11:28:00,1537.43,1537.43,1537.34,1537.34,-0.01,2.26,3441.24,-1
2026-04-23,2026-04-23 11:29:00,1537.34,1537.34,1537.25,1537.25,-0.01,2.26,3441.24,-1
2026-04-23,2026-04-23 11:30:00,1537.25,1537.25,1537.16,1537.16,-0.01,2.26,3441.24,-1
2026-04-23,2026-04-23 11:31:00,1537.16,1537.16,1537.07,1537.07,-0.01,2.26,3441.24,-1
2026-04-23,2026-04-23 11:32:00,1537.07,1537.07,1536.97,1536.97,-0.01,2.26,3441.24,-1
2026-04-23,2026-04-23 11:33:00,1536.97,1536.97,1536.88,1536.88,-0.01,2.26,3441.24,-1
2026-04-23,2026-04-23 11:34:00,1536.88,1536.88,1536.79,1536.79,-0.01,2.26,3441.24,-1
2026-04-23,2026-04-23 11:35:00,1536.79,1536.79,1536.7,1536.7,-0.01,2.26,3441.24,-1
2026-04-23,2026-04-23 11:36:00,1536.7,1536.7,1536.61,1536.61,-0.01,2.26,3441.24,-1
2026-04-23,2026-04-23 11:37:00,1536.61,1536.61,1536.52,1536.52,-0.01,2.26,3441.24,-1
2026-04-23,2026-04-23 11:38:00,1536.52,1536.52,1536.42,1536.42,-0.01,2.26,3441.24,-1
2026-04-23,2026-04-23 11:39:00,1536.42,1536.42,1536.33,1536.33,-0.01,2.26,3441.24,-1
2026-04-23,2026-04-23 11:40:00,1536.33,1536.33,1536.24,1536.24,-0.01,2.26,3441.24,-1
2026-04-23,2026-04-23 11:41:00,1536.24,1536.24,1536.15,1536.15,-0.01,2.26,3441.24,-1
2026-04-23,2026-04-23 11:42:00,1536.15,1536.15,1536.06,1536.06,-0.01,2.26,3441.24,-1
2026-04-23,2026-04-23 11:43:00,1536.06,1536.06,1535.97,1535.97,-0.01,2.26,3441.24,-1
2026-04-23,2026-04-23 11:44:00,1535.97,1535.97,1535.88,1535.88,-0.01,2.26,3441.24,-1
2026-04-23,2026-04-23 11:45:00,1535.88,1535.88,1535.78,1535.78,-0.01,2.26,3441.24,-1
2026-04-23,2026-04-23 11:46:00,1535.78,1535.78,1535.69,1535.69,-0.01,2.26,3441.24,-1
2026-04-23,2026-04-23 11:47:00,1535.69,1535.69,1535.6,1535.6,-0.01,2.26,3441.24,-1
2026-04-23,2026-04-23 11:48:00,1535.6,1535.6,1535.51,1535.51,-0.01,2.26,3441.24,-1
2026-04-23,2026-04-23 11:49:00,1535.51,1535.51,1535.42,1535.42,-0.01,2.26,3441.24,-1
2026-04-23,2026-04-23 11:50:00,1535.42,1535.42,1535.33,1535.33,-0.01,2.26,3441.24,-1
2026-04-23,2026-04-23 11:51:00,1535.33,1535.33,1535.23,1535.23,-0.01,2.26,3441.24,-1
2026-04-23,2026-04-23 11:52:00,1535.23,1535.23,1535.14,1535.14,-0.01,2.26,3441.24,-1
2026-04-23,2026-04-23 11:53:00,1535.14,1535.14,1535.05,1535.05,-0.01,2.26,3441.24,-1
2026-04-23,2026-04-23 11:54:00,1535.05,1535.05,1534.96,1534.96,-0.01,2.26,3441.24,-1
2026-04-23,2026-04-23 11:55:00,1534.96,1534.96,1534.87,1534.87,-0.01,2.26,3441.24,-1
2026-04-23,2026-04-23 11:56:00,1534.87,1534.87,1534.78,1534.78,-0.01,2.26,3441.24,-1
2026-04-23,2026-04-23 11:57:00,1534.78,1534.78,1534.68,1534.68,-0.01,2.26,3441.24,-1
2026-04-23,2026-04-23 11:58:00,1534.68,1534.68,1534.59,1534.59,-0.01,2.26,3441.24,-1
2026-04-23,2026-04-23 11:59:00,1534.59,1534.59,1534.5,1534.5,-0.01,2.26,3441.24,-1
2026-04-23,2026-04-23 12:00:00,1534.5,1534.5,1534.41,1534.41,-0.01,2.26,3441.24,-1
2026-04-23,2026-04-23 12:01:00,1534.41,1534.41,1534.32,1534.32,-0.01,2.26,3441.24,-1
2026-04-23,2026-04-23 12:02:00,1534.32,1534.32,1534.22,1534.22,-0.01,2.26,3441.24,-1
2026-04-23,2026-04-23 12:03:00,1534.22,1534.22,1534.13,1534.13,-0.01,2.26,3441.24,-1
2026-04-23,2026-04-23 12:04:00,1534.13,1534.13,1534.04,1534.04,-0.01,2.26,3441.24,-1
2026-04-23,2026-04-23 12:05:00,1534.04,1534.04,1533.95,1533.95,-0.01,2.26,3441.24,-1
2026-04-23,2026-04-23 12:06:00,1533.95,1533.95,1533.86,1533.86,-0.01,2.26,3441.24,-1
2026-04-23,2026-04-23 12:07:00,1533.86,1533.86,1533.77,1533.77,-0.01,2.26,3441.24,-1
2026-04-23,2026-04-23 12:08:00,1533.77,1533.77,1533.67,1533.67,-0.01,2.26,3441.24,-1
2026-04-23,2026-04-23 12:09:00,1533.67,1533.67,1533.58,1533.58,-0.01,2.26,3441.24,-1
2026-04-23,2026-04-23 12:10:00,1533.58,1533.58,1533.49,1533.49,-0.01,2.26,3441.24,-1
2026-04-23,2026-04-23 12:11:00,1533.49,1533.49,1533.4,1533.4,-0.01,2.26,3441.24,-1
2026-04-23,2026-04-23 12:12:00,1533.4,1533.4,1533.31,1533.31,-0.01,2.26,3441.24,-1
2026-04-23,2026-04-23 12:13:00,1533.31,1533.31,1533.22,1533.22,-0.01,2.26,3441.24,-1
2026-04-23,2026-04-23 12:14:00,1533.22,1533.22,1533.12,1533.12,-0.01,2.26,3441.24,-1
2026-04-23,2026-04-23 12:15:00,1533.12,1533.12,1533.03,1533.03,-0.01,2.26,3441.24,-1
2026-04-23,2026-04-23 12:16:00,1533.03,1533.03,1532.94,1532.94,-0.01,2.26,3441.24,-1
2026-04-23,2026-04-23 12:17:00,1532.94,1532.94,1532.85,1532.85,-0.01,2.26,3441.24,-1
2026-04-23,2026-04-23 12:18:00,1532.85,1532.85,1532.76,1532.76,-0.01,2.26,3441.24,-1
2026-04-23,2026-04-23 12:19:00,1532.76,1532.76,1532.67,1532.67,-0.01,2.26,3441.24,-1
2026-04-23,2026-04-23 12:20:00,1532.67,1532.67,1532.58,1532.58,-0.01,2.26,3441.24,-1
2026-04-23,2026-04-23 12:21:00,1532.58,1532.58,1532.48,1532.48,-0.01,2.26,3441.24,-1
2026-04-23,2026-04-23 12:22:00,1532.48,1532.48,1532.39,1532.39,-0.01,2.26,3441.24,-1
2026-04-23,2026-04-23 12:23:00,1532.39,1532.39,1532.3,1532.3,-0.01,2.26,3441.24,-1
2026-04-23,2026-04-23 12:24:00,1532.3,1532.3,1532.21,1532.21,-0.01,2.26,3441.24,-1
2026-04-23,2026-04-23 12:25:00,1532.21,1532.21,1532.12,1532.12,-0.01,2.26,3441.24,-1
2026-04-23,2026-04-23 12:26:00,1532.12,1532.12,1532.03,1532.03,-0.01,2.26,3441.24,-1
2026-04-23,2026-04-23 12:27:00,1532.03,1532.03,1531.93,1531.93,-0.01,2.26,3441.24,-1
2026-04-23,2026-04-23 12:28:00,1531.93,1531.93,1531.84,1531.84,-0.01,2.26,3441.24,-1
2026-04-23,2026-04-23 12:29:00,1531.84,1531.84,1531.75,1531.75,-0.01,2.26,3441.24,-1
2026-04-23,2026-04-23 12:30:00,1531.75,1531.75,1531.66,1531.66,-0.01,2.26,3441.24,-1
2026-04-23,2026-04-23 12:31:00,1531.66,1531.66,1531.57,1531.57,-0.01,2.26,3441.24,-1
2026-04-23,2026-04-23 12:32:00,1531.57,1531.57,1531.47,1531.47,-0.01,2.26,3441.24,-1
2026-04-23,2026-04-23 12:33:00,1531.47,1531.47,1531.38,1531.38,-0.01,2.26,3441.24,-1
2026-04-23,2026-04-23 12:34:00,1531.38,1531.38,1531.29,1531.29,-0.01,2.26,3441.24,-1
2026-04-23,2026-04-23 12:35:00,1531.29,1531.29,1531.2,1531.2,-0.01,2.26,3441.24,-1
2026-04-23,2026-04-23 12:36:00,1531.2,1531.2,1531.11,1531.11,-0.01,2.26,3441.24,-1
2026-04-23,2026-04-23 12:37:00,1531.11,1531.11,1531.02,1531.02,-0.01,2.26,3441.24,-1
2026-04-23,2026-04-23 12:38:00,1531.02,1531.02,1530.92,1530.92,-0.01,2.26,3441.24,-1
2026-04-23,2026-04-23 12:39:00,1530.92,1530.92,1530.83,1530.83,-0.01,2.26,3441.24,-1
2026-04-23,2026-04-23 12:40:00,1530.83,1530.83,1530.74,1530.74,-0.01,2.26,3441.24,-1
2026-04-23,2026-04-23 12:41:00,1530.74,1530.74,1530.65,1530.65,-0.01,2.26,3441.24,-1
2026-04-23,2026-04-23 12:42:00,1530.65,1530.65,1530.56,1530.56,-0.01,2.26,3441.24,-1
2026-04-23,2026-04-23 12:43:00,1530.56,1530.56,1530.47,1530.47,-0.01,2.26,3441.24,-1
2026-04-23,2026-04-23 12:44:00,1530.47,1530.47,1530.38,1530.38,-0.01,2.26,3441.24,-1
2026-04-23,2026-04-23 12:45:00,1530.38,1530.38,1530.28,1530.28,-0.01,2.26,3441.24,-1
2026-04-23,2026-04-23 12:46:00,1530.28,1530.28,1530.19,1530.19,-0.01,2.26,3441.24,-1
2026-04-23,2026-04-23 12:47:00,1530.19,1530.19,1530.1,1530.1,-0.01,2.26,3441.24,-1
2026-04-23,2026-04-23 12:48:00,1530.1,1530.1,1530.01,1530.01,-0.01,2.26,3441.24,-1
2026-04-23,2026-04-23 12:49:00,1530.01,1530.01,1529.92,1529.92,-0.01,2.26,3441.24,-1
2026-04-23,2026-04-23 12:50:00,1529.92,1529.92,1529.83,1529.83,-0.01,2.26,3441.24,-1
2026-04-23,2026-04-23 12:51:00,1529.83,1529.83,1529.73,1529.73,-0.01,2.26,3441.24,-1
2026-04-23,2026-04-23 12:52:00,1529.73,1529.73,1529.64,1529.64,-0.01,2.26,3441.24,-1
2026-04-23,2026-04-23 12:53:00,1529.64,1529.64,1529.55,1529.55,-0.01,2.26,3441.24,-1
2026-04-23,2026-04-23 12:54:00,1529.55,1529.55,1529.46,1529.46,-0.01,2.26,3441.24,-1
2026-04-23,2026-04-23 12:55:00,1529.46,1529.46,1529.37,1529.37,-0.01,2.26,3441.24,-1
2026-04-23,2026-04-23 12:56:00,1529.37,1529.37,1529.28,1529.28,-0.01,2.26,3441.24,-1
2026-04-23,2026-04-23 12:57:00,1529.28,1529.28,1529.18,1529.18,-0.01,2.26,3441.24,-1
2026-04-23,2026-04-23 12:58:00,1529.18,1529.18,1529.09,1529.09,-0.01,2.26,3441.24,-1
2026-04-23,2026-04-23 12:59:00,1529.09,1529.09,1529.0,1529.0,-0.01,2.26,3441.24,-1
2026-04-23,2026-04-23 13:00:00,1529.0,1540.0,1518.0,1528.91,-0.01,2.26,3441.24,-1
2026-04-23,2026-04-23 13:01:00,1528.91,1528.91,1528.82,1528.82,-0.01,2.26,3441.24,-1
2026-04-23,2026-04-23 13:02:00,1528.82,1528.82,1528.72,1528.72,-0.01,2.26,3441.24,-1
2026-04-23,2026-04-23 13:03:00,1528.72,1528.72,1528.63,1528.63,-0.01,2.26,3441.24,-1
2026-04-23,2026-04-23 13:04:00,1528.63,1528.63,1528.54,1528.54,-0.01,2.26,3441.24,-1
2026-04-23,2026-04-23 13:05:00,1528.54,1528.54,1528.45,1528.45,-0.01,2.26,3441.24,-1
2026-04-23,2026-04-23 13:06:00,1528.45,1528.45,1528.36,1528.36,-0.01,2.26,3441.24,-1
2026-04-23,2026-04-23 13:07:00,1528.36,1528.36,1528.27,1528.27,-0.01,2.26,3441.24,-1
2026-04-23,2026-04-23 13:08:00,1528.27,1528.27,1528.17,1528.17,-0.01,2.26,3441.24,-1
2026-04-23,2026-04-23 13:09:00,1528.17,1528.17,1528.08,1528.08,-0.01,2.26,3441.24,-1
2026-04-23,2026-04-23 13:10:00,1528.08,1528.08,1527.99,1527.99,-0.01,2.26,3441.24,-1
2026-04-23,2026-04-23 13:11:00,1527.99,1527.99,1527.9,1527.9,-0.01,2.26,3441.24,-1
2026-04-23,2026-04-23 13:12:00,1527.9,1527.9,1527.81,1527.81,-0.01,2.26,3441.24,-1
2026-04-23,2026-04-23 13:13:00,1527.81,1527.81,1527.72,1527.72,-0.01,2.26,3441.24,-1
2026-04-23,2026-04-23 13:14:00,1527.72,1527.72,1527.62,1527.62,-0.01,2.26,3441.24,-1
2026-04-23,2026-04-23 13:15:00,1527.62,1527.62,1527.53,1527.53,-0.01,2.26,3441.24,-1
2026-04-23,2026-04-23 13:16:00,1527.53,1527.53,1527.44,1527.44,-0.01,2.26,3441.24,-1
2026-04-23,2026-04-23 13:17:00,1527.44,1527.44,1527.35,1527.35,-0.01,2.26,3441.24,-1
2026-04-23,2026-04-23 13:18:00,1527.35,1527.35,1527.26,1527.26,-0.01,2.26,3441.24,-1
2026-04-23,2026-04-23 13:19:00,1527.26,1527.26,1527.17,1527.17,-0.01,2.26,3441.24,-1
2026-04-23,2026-04-23 13:20:00,1527.17,1527.17,1527.08,1527.08,-0.01,2.26,3441.24,-1
2026-04-23,2026-04-23 13:21:00,1527.08,1527.08,1526.98,1526.98,-0.01,2.26,3441.24,-1
2026-04-23,2026-04-23 13:22:00,1526.98,1526.98,1526.89,1526.89,-0.01,2.26,3441.24,-1
2026-04-23,2026-04-23 13:23:00,1526.89,1526.89,1526.8,1526.8,-0.01,2.26,3441.24,-1
2026-04-23,2026-04-23 13:24:00,1526.8,1526.8,1526.71,1526.71,-0.01,2.26,3441.24,-1
2026-04-23,2026-04-23 13:25:00,1526.71,1526.71,1526.62,1526.62,-0.01,2.26,3441.24,-1
2026-04-23,2026-04-23 13:26:00,1526.62,1526.62,1526.53,1526.53,-0.01,2.26,3441.24,-1
2026-04-23,2026-04-23 13:27:00,1526.53,1526.53,1526.43,1526.43,-0.01,2.26,3441.24,-1
2026-04-23,2026-04-23 13:28:00,1526.43,1526.43,1526.34,1526.34,-0.01,2.26,3441.24,-1
2026-04-23,2026-04-23 13:29:00,1526.34,1526.34,1526.25,1526.25,-0.01,2.26,3441.24,-1
2026-04-23,2026-04-23 13:30:00,1526.25,1526.25,1526.16,1526.16,-0.01,2.26,3441.24,-1
2026-04-23,2026-04-23 13:31:00,1526.16,1526.16,1526.07,1526.07,-0.01,2.26,3441.24,-1
2026-04-23,2026-04-23 13:32:00,1526.07,1526.07,1525.97,1525.97,-0.01,2.26,3441.24,-1
2026-04-23,2026-04-23 13:33:00,1525.97,1525.97,1525.88,1525.88,-0.01,2.26,3441.24,-1
2026-04-23,2026-04-23 13:34:00,1525.88,1525.88,1525.79,1525.79,-0.01,2.26,3441.24,-1
2026-04-23,2026-04-23 13:35:00,1525.79,1525.79,1525.7,1525.7,-0.01,2.26,3441.24,-1
2026-04-23,2026-04-23 13:36:00,1525.7,1525.7,1525.61,1525.61,-0.01,2.26,3441.24,-1
2026-04-23,2026-04-23 13:37:00,1525.61,1525.61,1525.52,1525.52,-0.01,2.26,3441.24,-1
2026-04-23,2026-04-23 13:38:00,1525.52,1525.52,1525.42,1525.42,-0.01,2.26,3441.24,-1
2026-04-23,2026-04-23 13:39:00,1525.42,1525.42,1525.33,1525.33,-0.01,2.26,3441.24,-1
2026-04-23,2026-04-23 13:40:00,1525.33,1525.33,1525.24,1525.24,-0.01,2.26,3441.24,-1
2026-04-23,2026-04-23 13:41:00,1525.24,1525.24,1525.15,1525.15,-0.01,2.26,3441.24,-1
2026-04-23,2026-04-23 13:42:00,1525.15,1525.15,1525.06,1525.06,-0.01,2.26,3441.24,-1
2026-04-23,2026-04-23 13:43:00,1525.06,1525.06,1524.97,1524.97,-0.01,2.26,3441.24,-1
2026-04-23,2026-04-23 13:44:00,1524.97,1524.97,1524.88,1524.88,-0.01,2.26,3441.24,-1
2026-04-23,2026-04-23 13:45:00,1524.88,1524.88,1524.78,1524.78,-0.01,2.26,3441.24,-1
2026-04-23,2026-04-23 13:46:00,1524.78,1524.78,1524.69,1524.69,-0.01,2.26,3441.24,-1
2026-04-23,2026-04-23 13:47:00,1524.69,1524.69,1524.6,1524.6,-0.01,2.26,3441.24,-1
2026-04-23,2026-04-23 13:48:00,1524.6,1524.6,1524.51,1524.51,-0.01,2.26,3441.24,-1
2026-04-23,2026-04-23 13:49:00,1524.51,1524.51,1524.42,1524.42,-0.01,2.26,3441.24,-1
2026-04-23,2026-04-23 13:50:00,1524.42,1524.42,1524.33,1524.33,-0.01,2.26,3441.24,-1
2026-04-23,2026-04-23 13:51:00,1524.33,1524.33,1524.23,1524.23,-0.01,2.26,3441.24,-1
2026-04-23,2026-04-23 13:52:00,1524.23,1524.23,1524.14,1524.14,-0.01,2.26,3441.24,-1
2026-04-23,2026-04-23 13:53:00,1524.14,1524.14,1524.05,1524.05,-0.01,2.26,3441.24,-1
2026-04-23,2026-04-23 13:54:00,1524.05,1524.05,1523.96,1523.96,-0.01,2.26,3441.24,-1
2026-04-23,2026-04-23 13:55:00,1523.96,1523.96,1523.87,1523.87,-0.01,2.26,3441.24,-1
2026-04-23,2026-04-23 13:56:00,1523.87,1523.87,1523.78,1523.78,-0.01,2.26,3441.24,-1
2026-04-23,2026-04-23 13:57:00,1523.78,1523.78,1523.68,1523.68,-0.01,2.26,3441.24,-1
2026-04-23,2026-04-23 13:58:00,1523.68,1523.68,1523.59,1523.59,-0.01,2.26,3441.24,-1
2026-04-23,2026-04-23 13:59:00,1523.59,1523.59,1523.5,1523.5,-0.01,2.26,3441.24,-1
2026-04-23,2026-04-23 14:00:00,1523.5,1523.5,1523.41,1523.41,-0.01,2.26,3441.24,-1
2026-04-23,2026-04-23 14:01:00,1523.41,1523.41,1523.32,1523.32,-0.01,2.26,3441.24,-1
2026-04-23,2026-04-23 14:02:00,1523.32,1523.32,1523.22,1523.22,-0.01,2.26,3441.24,-1
2026-04-23,2026-04-23 14:03:00,1523.22,1523.22,1523.13,1523.13,-0.01,2.26,3441.24,-1
2026-04-23,2026-04-23 14:04:00,1523.13,1523.13,1523.04,1523.04,-0.01,2.26,3441.24,-1
2026-04-23,2026-04-23 14:05:00,1523.04,1523.04,1522.95,1522.95,-0.01,2.26,3441.24,-1
2026-04-23,2026-04-23 14:06:00,1522.95,1522.95,1522.86,1522.86,-0.01,2.26,3441.24,-1
2026-04-23,2026-04-23 14:07:00,1522.86,1522.86,1522.77,1522.77,-0.01,2.26,3441.24,-1
2026-04-23,2026-04-23 14:08:00,1522.77,1522.77,1522.67,1522.67,-0.01,2.26,3441.24,-1
2026-04-23,2026-04-23 14:09:00,1522.67,1522.67,1522.58,1522.58,-0.01,2.26,3441.24,-1
2026-04-23,2026-04-23 14:10:00,1522.58,1522.58,1522.49,1522.49,-0.01,2.26,3441.24,-1
2026-04-23,2026-04-23 14:11:00,1522.49,1522.49,1522.4,1522.4,-0.01,2.26,3441.24,-1
2026-04-23,2026-04-23 14:12:00,1522.4,1522.4,1522.31,1522.31,-0.01,2.26,3441.24,-1
2026-04-23,2026-04-23 14:13:00,1522.31,1522.31,1522.22,1522.22,-0.01,2.26,3441.24,-1
2026-04-23,2026-04-23 14:14:00,1522.22,1522.22,1522.12,1522.12,-0.01,2.26,3441.24,-1
2026-04-23,2026-04-23 14:15:00,1522.12,1522.12,1522.03,1522.03,-0.01,2.26,3441.24,-1
2026-04-23,2026-04-23 14:16:00,1522.03,1522.03,1521.94,1521.94,-0.01,2.26,3441.24,-1
2026-04-23,2026-04-23 14:17:00,1521.94,1521.94,1521.85,1521.85,-0.01,2.26,3441.24,-1
2026-04-23,2026-04-23 14:18:00,1521.85,1521.85,1521.76,1521.76,-0.01,2.26,3441.24,-1
2026-04-23,2026-04-23 14:19:00,1521.76,1521.76,1521.67,1521.67,-0.01,2.26,3441.24,-1
2026-04-23,2026-04-23 14:20:00,1521.67,1521.67,1521.58,1521.58,-0.01,2.26,3441.24,-1
2026-04-23,2026-04-23 14:21:00,1521.58,1521.58,1521.48,1521.48,-0.01,2.26,3441.24,-1
2026-04-23,2026-04-23 14:22:00,1521.48,1521.48,1521.39,1521.39,-0.01,2.26,3441.24,-1
2026-04-23,2026-04-23 14:23:00,1521.39,1521.39,1521.3,1521.3,-0.01,2.26,3441.24,-1
2026-04-23,2026-04-23 14:24:00,1521.3,1521.3,1521.21,1521.21,-0.01,2.26,3441.24,-1
2026-04-23,2026-04-23 14:25:00,1521.21,1521.21,1521.12,1521.12,-0.01,2.26,3441.24,-1
2026-04-23,2026-04-23 14:26:00,1521.12,1521.12,1521.03,1521.03,-0.01,2.26,3441.24,-1
2026-04-23,2026-04-23 14:27:00,1521.03,1521.03,1520.93,1520.93,-0.01,2.26,3441.24,-1
2026-04-23,2026-04-23 14:28:00,1520.93,1520.93,1520.84,1520.84,-0.01,2.26,3441.24,-1
2026-04-23,2026-04-23 14:29:00,1520.84,1520.84,1520.75,1520.75,-0.01,2.26,3441.24,-1
2026-04-23,2026-04-23 14:30:00,1520.75,1520.75,1520.66,1520.66,-0.01,2.26,3441.24,-1
2026-04-23,2026-04-23 14:31:00,1520.66,1520.66,1520.57,1520.57,-0.01,2.26,3441.24,-1
2026-04-23,2026-04-23 14:32:00,1520.57,1520.57,1520.47,1520.47,-0.01,2.26,3441.24,-1
2026-04-23,2026-04-23 14:33:00,1520.47,1520.47,1520.38,1520.38,-0.01,2.26,3441.24,-1
2026-04-23,2026-04-23 14:34:00,1520.38,1520.38,1520.29,1520.29,-0.01,2.26,3441.24,-1
2026-04-23,2026-04-23 14:35:00,1520.29,1520.29,1520.2,1520.2,-0.01,2.26,3441.24,-1
2026-04-23,2026-04-23 14:36:00,1520.2,1520.2,1520.11,1520.11,-0.01,2.26,3441.24,-1
2026-04-23,2026-04-23 14:37:00,1520.11,1520.11,1520.02,1520.02,-0.01,2.26,3441.24,-1
2026-04-23,2026-04-23 14:38:00,1520.02,1520.02,1519.92,1519.92,-0.01,2.26,3441.24,-1
2026-04-23,2026-04-23 14:39:00,1519.92,1519.92,1519.83,1519.83,-0.01,2.26,3441.24,-1
2026-04-23,2026-04-23 14:40:00,1519.83,1519.83,1519.74,1519.74,-0.01,2.26,3441.24,-1
2026-04-23,2026-04-23 14:41:00,1519.74,1519.74,1519.65,1519.65,-0.01,2.26,3441.24,-1
2026-04-23,2026-04-23 14:42:00,1519.65,1519.65,1519.56,1519.56,-0.01,2.26,3441.24,-1
2026-04-23,2026-04-23 14:43:00,1519.56,1519.56,1519.47,1519.47,-0.01,2.26,3441.24,-1
2026-04-23,2026-04-23 14:44:00,1519.47,1519.47,1519.38,1519.38,-0.01,2.26,3441.24,-1
2026-04-23,2026-04-23 14:45:00,1519.38,1519.38,1519.28,1519.28,-0.01,2.26,3441.24,-1
2026-04-23,2026-04-23 14:46:00,1519.28,1519.28,1519.19,1519.19,-0.01,2.26,3441.24,-1
2026-04-23,2026-04-23 14:47:00,1519.19,1519.19,1519.1,1519.1,-0.01,2.26,3441.24,-1
2026-04-23,2026-04-23 14:48:00,1519.1,1519.1,1519.01,1519.01,-0.01,2.26,3441.24,-1
2026-04-23,2026-04-23 14:49:00,1519.01,1519.01,1518.92,1518.92,-0.01,2.26,3441.24,-1
2026-04-23,2026-04-23 14:50:00,1518.92,1518.92,1518.83,1518.83,-0.01,2.26,3441.24,-1
2026-04-23,2026-04-23 14:51:00,1518.83,1518.83,1518.73,1518.73,-0.01,2.26,3441.24,-1
2026-04-23,2026-04-23 14:52:00,1518.73,1518.73,1518.64,1518.64,-0.01,2.26,3441.24,-1
2026-04-23,2026-04-23 14:53:00,1518.64,1518.64,1518.55,1518.55,-0.01,2.26,3441.24,-1
2026-04-23,2026-04-23 14:54:00,1518.55,1518.55,1518.46,1518.46,-0.01,2.26,3441.24,-1
2026-04-23,2026-04-23 14:55:00,1518.46,1518.46,1518.37,1518.37,-0.01,2.26,3441.24,-1
2026-04-23,2026-04-23 14:56:00,1518.37,1518.37,1518.28,1518.28,-0.01,2.26,3441.24,-1
2026-04-23,2026-04-23 14:57:00,1518.28,1518.28,1518.18,1518.18,-0.01,2.26,3441.24,-1
2026-04-23,2026-04-23 14:58:00,1518.18,1518.18,1518.09,1518.09,-0.01,2.26,3441.24,-1
2026-04-23,2026-04-23 14:59:00,1518.09,1518.09,1518.0,1518.0,-0.01,2.26,3441.24,-1
2026-04-23,2026-04-23 15:00:00,1518.0,1540.0,1518.0,1518.0,0.0,2.26,3441.24,0
2026-04-24,2026-04-24 11:00:00,1518.0,1520.1,1499.1,1517.89,-0.01,28.2,41773.57,-1
2026-04-24,2026-04-24 11:01:00,1517.89,1517.89,1517.78,1517.78,-0.01,28.2,41773.57,-1
2026-04-24,2026-04-24 11:02:00,1517.78,1517.78,1517.67,1517.67,-0.01,28.2,41773.57,-1
2026-04-24,2026-04-24 11:03:00,1517.67,1517.67,1517.57,1517.57,-0.01,28.2,41773.57,-1
2026-04-24,2026-04-24 11:04:00,1517.57,1517.57,1517.46,1517.46,-0.01,28.2,41773.57,-1
2026-04-24,2026-04-24 11:05:00,1517.46,1517.46,1517.35,1517.35,-0.01,28.2,41773.57,-1
2026-04-24,2026-04-24 11:06:00,1517.35,1517.35,1517.24,1517.24,-0.01,28.2,41773.57,-1
2026-04-24,2026-04-24 11:07:00,1517.24,1517.24,1517.13,1517.13,-0.01,28.2,41773.57,-1
2026-04-24,2026-04-24 11:08:00,1517.13,1517.13,1517.03,1517.03,-0.01,28.2,41773.57,-1
2026-04-24,2026-04-24 11:09:00,1517.03,1517.03,1516.92,1516.92,-0.01,28.2,41773.57,-1
2026-04-24,2026-04-24 11:10:00,1516.92,1516.92,1516.81,1516.81,-0.01,28.2,41773.57,-1
2026-04-24,2026-04-24 11:11:00,1516.81,1516.81,1516.7,1516.7,-0.01,28.2,41773.57,-1
2026-04-24,2026-04-24 11:12:00,1516.7,1516.7,1516.59,1516.59,-0.01,28.2,41773.57,-1
2026-04-24,2026-04-24 11:13:00,1516.59,1516.59,1516.48,1516.48,-0.01,28.2,41773.57,-1
2026-04-24,2026-04-24 11:14:00,1516.48,1516.48,1516.38,1516.38,-0.01,28.2,41773.57,-1
2026-04-24,2026-04-24 11:15:00,1516.38,1516.38,1516.27,1516.27,-0.01,28.2,41773.57,-1
2026-04-24,2026-04-24 11:16:00,1516.27,1516.27,1516.16,1516.16,-0.01,28.2,41773.57,-1
2026-04-24,2026-04-24 11:17:00,1516.16,1516.16,1516.05,1516.05,-0.01,28.2,41773.57,-1
2026-04-24,2026-04-24 11:18:00,1516.05,1516.05,1515.94,1515.94,-0.01,28.2,41773.57,-1
2026-04-24,2026-04-24 11:19:00,1515.94,1515.94,1515.83,1515.83,-0.01,28.2,41773.57,-1
2026-04-24,2026-04-24 11:20:00,1515.83,1515.83,1515.72,1515.72,-0.01,28.2,41773.57,-1
2026-04-24,2026-04-24 11:21:00,1515.72,1515.72,1515.62,1515.62,-0.01,28.2,41773.57,-1
2026-04-24,2026-04-24 11:22:00,1515.62,1515.62,1515.51,1515.51,-0.01,28.2,41773.57,-1
2026-04-24,2026-04-24 11:23:00,1515.51,1515.51,1515.4,1515.4,-0.01,28.2,41773.57,-1
2026-04-24,2026-04-24 11:24:00,1515.4,1515.4,1515.29,1515.29,-0.01,28.2,41773.57,-1
2026-04-24,2026-04-24 11:25:00,1515.29,1515.29,1515.18,1515.18,-0.01,28.2,41773.57,-1
2026-04-24,2026-04-24 11:26:00,1515.18,1515.18,1515.08,1515.08,-0.01,28.2,41773.57,-1
2026-04-24,2026-04-24 11:27:00,1515.08,1515.08,1514.97,1514.97,-0.01,28.2,41773.57,-1
2026-04-24,2026-04-24 11:28:00,1514.97,1514.97,1514.86,1514.86,-0.01,28.2,41773.57,-1
2026-04-24,2026-04-24 11:29:00,1514.86,1514.86,1514.75,1514.75,-0.01,28.2,41773.57,-1
2026-04-24,2026-04-24 11:30:00,1514.75,1514.75,1514.64,1514.64,-0.01,28.2,41773.57,-1
2026-04-24,2026-04-24 11:31:00,1514.64,1514.64,1514.53,1514.53,-0.01,28.2,41773.57,-1
2026-04-24,2026-04-24 11:32:00,1514.53,1514.53,1514.42,1514.42,-0.01,28.2,41773.57,-1
2026-04-24,2026-04-24 11:33:00,1514.42,1514.42,1514.32,1514.32,-0.01,28.2,41773.57,-1
2026-04-24,2026-04-24 11:34:00,1514.32,1514.32,1514.21,1514.21,-0.01,28.2,41773.57,-1
2026-04-24,2026-04-24 11:35:00,1514.21,1514.21,1514.1,1514.1,-0.01,28.2,41773.57,-1
2026-04-24,2026-04-24 11:36:00,1514.1,1514.1,1513.99,1513.99,-0.01,28.2,41773.57,-1
2026-04-24,2026-04-24 11:37:00,1513.99,1513.99,1513.88,1513.88,-0.01,28.2,41773.57,-1
2026-04-24,2026-04-24 11:38:00,1513.88,1513.88,1513.78,1513.78,-0.01,28.2,41773.57,-1
2026-04-24,2026-04-24 11:39:00,1513.78,1513.78,1513.67,1513.67,-0.01,28.2,41773.57,-1
2026-04-24,2026-04-24 11:40:00,1513.67,1513.67,1513.56,1513.56,-0.01,28.2,41773.57,-1
2026-04-24,2026-04-24 11:41:00,1513.56,1513.56,1513.45,1513.45,-0.01,28.2,41773.57,-1
2026-04-24,2026-04-24 11:42:00,1513.45,1513.45,1513.34,1513.34,-0.01,28.2,41773.57,-1
2026-04-24,2026-04-24 11:43:00,1513.34,1513.34,1513.23,1513.23,-0.01,28.2,41773.57,-1
2026-04-24,2026-04-24 11:44:00,1513.23,1513.23,1513.12,1513.12,-0.01,28.2,41773.57,-1
2026-04-24,2026-04-24 11:45:00,1513.12,1513.12,1513.02,1513.02,-0.01,28.2,41773.57,-1
2026-04-24,2026-04-24 11:46:00,1513.02,1513.02,1512.91,1512.91,-0.01,28.2,41773.57,-1
2026-04-24,2026-04-24 11:47:00,1512.91,1512.91,1512.8,1512.8,-0.01,28.2,41773.57,-1
2026-04-24,2026-04-24 11:48:00,1512.8,1512.8,1512.69,1512.69,-0.01,28.2,41773.57,-1
2026-04-24,2026-04-24 11:49:00,1512.69,1512.69,1512.58,1512.58,-0.01,28.2,41773.57,-1
2026-04-24,2026-04-24 11:50:00,1512.58,1512.58,1512.47,1512.47,-0.01,28.2,41773.57,-1
2026-04-24,2026-04-24 11:51:00,1512.47,1512.47,1512.37,1512.37,-0.01,28.2,41773.57,-1
2026-04-24,2026-04-24 11:52:00,1512.37,1512.37,1512.26,1512.26,-0.01,28.2,41773.57,-1
2026-04-24,2026-04-24 11:53:00,1512.26,1512.26,1512.15,1512.15,-0.01,28.2,41773.57,-1
2026-04-24,2026-04-24 11:54:00,1512.15,1512.15,1512.04,1512.04,-0.01,28.2,41773.57,-1
2026-04-24,2026-04-24 11:55:00,1512.04,1512.04,1511.93,1511.93,-0.01,28.2,41773.57,-1
2026-04-24,2026-04-24 11:56:00,1511.93,1511.93,1511.83,1511.83,-0.01,28.2,41773.57,-1
2026-04-24,2026-04-24 11:57:00,1511.83,1511.83,1511.72,1511.72,-0.01,28.2,41773.57,-1
2026-04-24,2026-04-24 11:58:00,1511.72,1511.72,1511.61,1511.61,-0.01,28.2,41773.57,-1
2026-04-24,2026-04-24 11:59:00,1511.61,1511.61,1511.5,1511.5,-0.01,28.2,41773.57,-1
2026-04-24,2026-04-24 12:00:00,1511.5,1511.5,1511.39,1511.39,-0.01,28.2,41773.57,-1
2026-04-24,2026-04-24 12:01:00,1511.39,1511.39,1511.28,1511.28,-0.01,28.2,41773.57,-1
2026-04-24,2026-04-24 12:02:00,1511.28,1511.28,1511.17,1511.17,-0.01,28.2,41773.57,-1
2026-04-24,2026-04-24 12:03:00,1511.17,1511.17,1511.07,1511.07,-0.01,28.2,41773.57,-1
2026-04-24,2026-04-24 12:04:00,1511.07,1511.07,1510.96,1510.96,-0.01,28.2,41773.57,-1
2026-04-24,2026-04-24 12:05:00,1510.96,1510.96,1510.85,1510.85,-0.01,28.2,41773.57,-1
2026-04-24,2026-04-24 12:06:00,1510.85,1510.85,1510.74,1510.74,-0.01,28.2,41773.57,-1
2026-04-24,2026-04-24 12:07:00,1510.74,1510.74,1510.63,1510.63,-0.01,28.2,41773.57,-1
2026-04-24,2026-04-24 12:08:00,1510.63,1510.63,1510.53,1510.53,-0.01,28.2,41773.57,-1
2026-04-24,2026-04-24 12:09:00,1510.53,1510.53,1510.42,1510.42,-0.01,28.2,41773.57,-1
2026-04-24,2026-04-24 12:10:00,1510.42,1510.42,1510.31,1510.31,-0.01,28.2,41773.57,-1
2026-04-24,2026-04-24 12:11:00,1510.31,1510.31,1510.2,1510.2,-0.01,28.2,41773.57,-1
2026-04-24,2026-04-24 12:12:00,1510.2,1510.2,1510.09,1510.09,-0.01,28.2,41773.57,-1
2026-04-24,2026-04-24 12:13:00,1510.09,1510.09,1509.98,1509.98,-0.01,28.2,41773.57,-1
2026-04-24,2026-04-24 12:14:00,1509.98,1509.98,1509.88,1509.88,-0.01,28.2,41773.57,-1
2026-04-24,2026-04-24 12:15:00,1509.88,1509.88,1509.77,1509.77,-0.01,28.2,41773.57,-1
2026-04-24,2026-04-24 12:16:00,1509.77,1509.77,1509.66,1509.66,-0.01,28.2,41773.57,-1
2026-04-24,2026-04-24 12:17:00,1509.66,1509.66,1509.55,1509.55,-0.01,28.2,41773.57,-1
2026-04-24,2026-04-24 12:18:00,1509.55,1509.55,1509.44,1509.44,-0.01,28.2,41773.57,-1
2026-04-24,2026-04-24 12:19:00,1509.44,1509.44,1509.33,1509.33,-0.01,28.2,41773.57,-1
2026-04-24,2026-04-24 12:20:00,1509.33,1509.33,1509.22,1509.22,-0.01,28.2,41773.57,-1
2026-04-24,2026-04-24 12:21:00,1509.22,1509.22,1509.12,1509.12,-0.01,28.2,41773.57,-1
2026-04-24,2026-04-24 12:22:00,1509.12,1509.12,1509.01,1509.01,-0.01,28.2,41773.57,-1
2026-04-24,2026-04-24 12:23:00,1509.01,1509.01,1508.9,1508.9,-0.01,28.2,41773.57,-1
2026-04-24,2026-04-24 12:24:00,1508.9,1508.9,1508.79,1508.79,-0.01,28.2,41773.57,-1
2026-04-24,2026-04-24 12:25:00,1508.79,1508.79,1508.68,1508.68,-0.01,28.2,41773.57,-1
2026-04-24,2026-04-24 12:26:00,1508.68,1508.68,1508.58,1508.58,-0.01,28.2,41773.57,-1
2026-04-24,2026-04-24 12:27:00,1508.58,1508.58,1508.47,1508.47,-0.01,28.2,41773.57,-1
2026-04-24,2026-04-24 12:28:00,1508.47,1508.47,1508.36,1508.36,-0.01,28.2,41773.57,-1
2026-04-24,2026-04-24 12:29:00,1508.36,1508.36,1508.25,1508.25,-0.01,28.2,41773.57,-1
2026-04-24,2026-04-24 12:30:00,1508.25,1508.25,1508.14,1508.14,-0.01,28.2,41773.57,-1
2026-04-24,2026-04-24 12:31:00,1508.14,1508.14,1508.03,1508.03,-0.01,28.2,41773.57,-1
2026-04-24,2026-04-24 12:32:00,1508.03,1508.03,1507.92,1507.92,-0.01,28.2,41773.57,-1
2026-04-24,2026-04-24 12:33:00,1507.92,1507.92,1507.82,1507.82,-0.01,28.2,41773.57,-1
2026-04-24,2026-04-24 12:34:00,1507.82,1507.82,1507.71,1507.71,-0.01,28.2,41773.57,-1
2026-04-24,2026-04-24 12:35:00,1507.71,1507.71,1507.6,1507.6,-0.01,28.2,41773.57,-1
2026-04-24,2026-04-24 12:36:00,1507.6,1507.6,1507.49,1507.49,-0.01,28.2,41773.57,-1
2026-04-24,2026-04-24 12:37:00,1507.49,1507.49,1507.38,1507.38,-0.01,28.2,41773.57,-1
2026-04-24,2026-04-24 12:38:00,1507.38,1507.38,1507.28,1507.28,-0.01,28.2,41773.57,-1
2026-04-24,2026-04-24 12:39:00,1507.28,1507.28,1507.17,1507.17,-0.01,28.2,41773.57,-1
2026-04-24,2026-04-24 12:40:00,1507.17,1507.17,1507.06,1507.06,-0.01,28.2,41773.57,-1
2026-04-24,2026-04-24 12:41:00,1507.06,1507.06,1506.95,1506.95,-0.01,28.2,41773.57,-1
2026-04-24,2026-04-24 12:42:00,1506.95,1506.95,1506.84,1506.84,-0.01,28.2,41773.57,-1
2026-04-24,2026-04-24 12:43:00,1506.84,1506.84,1506.73,1506.73,-0.01,28.2,41773.57,-1
2026-04-24,2026-04-24 12:44:00,1506.73,1506.73,1506.62,1506.62,-0.01,28.2,41773.57,-1
2026-04-24,2026-04-24 12:45:00,1506.62,1506.62,1506.52,1506.52,-0.01,28.2,41773.57,-1
2026-04-24,2026-04-24 12:46:00,1506.52,1506.52,1506.41,1506.41,-0.01,28.2,41773.57,-1
2026-04-24,2026-04-24 12:47:00,1506.41,1506.41,1506.3,1506.3,-0.01,28.2,41773.57,-1
2026-04-24,2026-04-24 12:48:00,1506.3,1506.3,1506.19,1506.19,-0.01,28.2,41773.57,-1
2026-04-24,2026-04-24 12:49:00,1506.19,1506.19,1506.08,1506.08,-0.01,28.2,41773.57,-1
2026-04-24,2026-04-24 12:50:00,1506.08,1506.08,1505.97,1505.97,-0.01,28.2,41773.57,-1
2026-04-24,2026-04-24 12:51:00,1505.97,1505.97,1505.87,1505.87,-0.01,28.2,41773.57,-1
2026-04-24,2026-04-24 12:52:00,1505.87,1505.87,1505.76,1505.76,-0.01,28.2,41773.57,-1
2026-04-24,2026-04-24 12:53:00,1505.76,1505.76,1505.65,1505.65,-0.01,28.2,41773.57,-1
2026-04-24,2026-04-24 12:54:00,1505.65,1505.65,1505.54,1505.54,-0.01,28.2,41773.57,-1
2026-04-24,2026-04-24 12:55:00,1505.54,1505.54,1505.43,1505.43,-0.01,28.2,41773.57,-1
2026-04-24,2026-04-24 12:56:00,1505.43,1505.43,1505.33,1505.33,-0.01,28.2,41773.57,-1
2026-04-24,2026-04-24 12:57:00,1505.33,1505.33,1505.22,1505.22,-0.01,28.2,41773.57,-1
2026-04-24,2026-04-24 12:58:00,1505.22,1505.22,1505.11,1505.11,-0.01,28.2,41773.57,-1
2026-04-24,2026-04-24 12:59:00,1505.11,1505.11,1505.0,1505.0,-0.01,28.2,41773.57,-1
2026-04-24,2026-04-24 13:00:00,1505.0,1525.0,1455.0,1504.89,-0.01,28.2,41773.57,-1
2026-04-24,2026-04-24 13:01:00,1504.89,1504.89,1504.78,1504.78,-0.01,28.2,41773.57,-1
2026-04-24,2026-04-24 13:02:00,1504.78,1504.78,1504.67,1504.67,-0.01,28.2,41773.57,-1
2026-04-24,2026-04-24 13:03:00,1504.67,1504.67,1504.57,1504.57,-0.01,28.2,41773.57,-1
2026-04-24,2026-04-24 13:04:00,1504.57,1504.57,1504.46,1504.46,-0.01,28.2,41773.57,-1
2026-04-24,2026-04-24 13:05:00,1504.46,1504.46,1504.35,1504.35,-0.01,28.2,41773.57,-1
2026-04-24,2026-04-24 13:06:00,1504.35,1504.35,1504.24,1504.24,-0.01,28.2,41773.57,-1
2026-04-24,2026-04-24 13:07:00,1504.24,1504.24,1504.13,1504.13,-0.01,28.2,41773.57,-1
2026-04-24,2026-04-24 13:08:00,1504.13,1504.13,1504.03,1504.03,-0.01,28.2,41773.57,-1
2026-04-24,2026-04-24 13:09:00,1504.03,1504.03,1503.92,1503.92,-0.01,28.2,41773.57,-1
2026-04-24,2026-04-24 13:10:00,1503.92,1503.92,1503.81,1503.81,-0.01,28.2,41773.57,-1
2026-04-24,2026-04-24 13:11:00,1503.81,1503.81,1503.7,1503.7,-0.01,28.2,41773.57,-1
2026-04-24,2026-04-24 13:12:00,1503.7,1503.7,1503.59,1503.59,-0.01,28.2,41773.57,-1
2026-04-24,2026-04-24 13:13:00,1503.59,1503.59,1503.48,1503.48,-0.01,28.2,41773.57,-1
2026-04-24,2026-04-24 13:14:00,1503.48,1503.48,1503.38,1503.38,-0.01,28.2,41773.57,-1
2026-04-24,2026-04-24 13:15:00,1503.38,1503.38,1503.27,1503.27,-0.01,28.2,41773.57,-1
2026-04-24,2026-04-24 13:16:00,1503.27,1503.27,1503.16,1503.16,-0.01,28.2,41773.57,-1
2026-04-24,2026-04-24 13:17:00,1503.16,1503.16,1503.05,1503.05,-0.01,28.2,41773.57,-1
2026-04-24,2026-04-24 13:18:00,1503.05,1503.05,1502.94,1502.94,-0.01,28.2,41773.57,-1
2026-04-24,2026-04-24 13:19:00,1502.94,1502.94,1502.83,1502.83,-0.01,28.2,41773.57,-1
2026-04-24,2026-04-24 13:20:00,1502.83,1502.83,1502.72,1502.72,-0.01,28.2,41773.57,-1
2026-04-24,2026-04-24 13:21:00,1502.72,1502.72,1502.62,1502.62,-0.01,28.2,41773.57,-1
2026-04-24,2026-04-24 13:22:00,1502.62,1502.62,1502.51,1502.51,-0.01,28.2,41773.57,-1
2026-04-24,2026-04-24 13:23:00,1502.51,1502.51,1502.4,1502.4,-0.01,28.2,41773.57,-1
2026-04-24,2026-04-24 13:24:00,1502.4,1502.4,1502.29,1502.29,-0.01,28.2,41773.57,-1
2026-04-24,2026-04-24 13:25:00,1502.29,1502.29,1502.18,1502.18,-0.01,28.2,41773.57,-1
2026-04-24,2026-04-24 13:26:00,1502.18,1502.18,1502.08,1502.08,-0.01,28.2,41773.57,-1
2026-04-24,2026-04-24 13:27:00,1502.08,1502.08,1501.97,1501.97,-0.01,28.2,41773.57,-1
2026-04-24,2026-04-24 13:28:00,1501.97,1501.97,1501.86,1501.86,-0.01,28.2,41773.57,-1
2026-04-24,2026-04-24 13:29:00,1501.86,1501.86,1501.75,1501.75,-0.01,28.2,41773.57,-1
2026-04-24,2026-04-24 13:30:00,1501.75,1501.75,1501.64,1501.64,-0.01,28.2,41773.57,-1
2026-04-24,2026-04-24 13:31:00,1501.64,1501.64,1501.53,1501.53,-0.01,28.2,41773.57,-1
2026-04-24,2026-04-24 13:32:00,1501.53,1501.53,1501.42,1501.42,-0.01,28.2,41773.57,-1
2026-04-24,2026-04-24 13:33:00,1501.42,1501.42,1501.32,1501.32,-0.01,28.2,41773.57,-1
2026-04-24,2026-04-24 13:34:00,1501.32,1501.32,1501.21,1501.21,-0.01,28.2,41773.57,-1
2026-04-24,2026-04-24 13:35:00,1501.21,1501.21,1501.1,1501.1,-0.01,28.2,41773.57,-1
2026-04-24,2026-04-24 13:36:00,1501.1,1501.1,1500.99,1500.99,-0.01,28.2,41773.57,-1
2026-04-24,2026-04-24 13:37:00,1500.99,1500.99,1500.88,1500.88,-0.01,28.2,41773.57,-1
2026-04-24,2026-04-24 13:38:00,1500.88,1500.88,1500.78,1500.78,-0.01,28.2,41773.57,-1
2026-04-24,2026-04-24 13:39:00,1500.78,1500.78,1500.67,1500.67,-0.01,28.2,41773.57,-1
2026-04-24,2026-04-24 13:40:00,1500.67,1500.67,1500.56,1500.56,-0.01,28.2,41773.57,-1
2026-04-24,2026-04-24 13:41:00,1500.56,1500.56,1500.45,1500.45,-0.01,28.2,41773.57,-1
2026-04-24,2026-04-24 13:42:00,1500.45,1500.45,1500.34,1500.34,-0.01,28.2,41773.57,-1
2026-04-24,2026-04-24 13:43:00,1500.34,1500.34,1500.23,1500.23,-0.01,28.2,41773.57,-1
2026-04-24,2026-04-24 13:44:00,1500.23,1500.23,1500.12,1500.12,-0.01,28.2,41773.57,-1
2026-04-24,2026-04-24 13:45:00,1500.12,1500.12,1500.02,1500.02,-0.01,28.2,41773.57,-1
2026-04-24,2026-04-24 13:46:00,1500.02,1500.02,1499.91,1499.91,-0.01,28.2,41773.57,-1
2026-04-24,2026-04-24 13:47:00,1499.91,1499.91,1499.8,1499.8,-0.01,28.2,41773.57,-1
2026-04-24,2026-04-24 13:48:00,1499.8,1499.8,1499.69,1499.69,-0.01,28.2,41773.57,-1
2026-04-24,2026-04-24 13:49:00,1499.69,1499.69,1499.58,1499.58,-0.01,28.2,41773.57,-1
2026-04-24,2026-04-24 13:50:00,1499.58,1499.58,1499.47,1499.47,-0.01,28.2,41773.57,-1
2026-04-24,2026-04-24 13:51:00,1499.47,1499.47,1499.37,1499.37,-0.01,28.2,41773.57,-1
2026-04-24,2026-04-24 13:52:00,1499.37,1499.37,1499.26,1499.26,-0.01,28.2,41773.57,-1
2026-04-24,2026-04-24 13:53:00,1499.26,1499.26,1499.15,1499.15,-0.01,28.2,41773.57,-1
2026-04-24,2026-04-24 13:54:00,1499.15,1499.15,1499.04,1499.04,-0.01,28.2,41773.57,-1
2026-04-24,2026-04-24 13:55:00,1499.04,1499.04,1498.93,1498.93,-0.01,28.2,41773.57,-1
2026-04-24,2026-04-24 13:56:00,1498.93,1498.93,1498.83,1498.83,-0.01,28.2,41773.57,-1
2026-04-24,2026-04-24 13:57:00,1498.83,1498.83,1498.72,1498.72,-0.01,28.2,41773.57,-1
2026-04-24,2026-04-24 13:58:00,1498.72,1498.72,1498.61,1498.61,-0.01,28.2,41773.57,-1
2026-04-24,2026-04-24 13:59:00,1498.61,1498.61,1498.5,1498.5,-0.01,28.2,41773.57,-1
2026-04-24,2026-04-24 14:00:00,1498.5,1498.5,1498.39,1498.39,-0.01,28.2,41773.57,-1
2026-04-24,2026-04-24 14:01:00,1498.39,1498.39,1498.28,1498.28,-0.01,28.2,41773.57,-1
2026-04-24,2026-04-24 14:02:00,1498.28,1498.28,1498.17,1498.17,-0.01,28.2,41773.57,-1
2026-04-24,2026-04-24 14:03:00,1498.17,1498.17,1498.07,1498.07,-0.01,28.2,41773.57,-1
2026-04-24,2026-04-24 14:04:00,1498.07,1498.07,1497.96,1497.96,-0.01,28.2,41773.57,-1
2026-04-24,2026-04-24 14:05:00,1497.96,1497.96,1497.85,1497.85,-0.01,28.2,41773.57,-1
2026-04-24,2026-04-24 14:06:00,1497.85,1497.85,1497.74,1497.74,-0.01,28.2,41773.57,-1
2026-04-24,2026-04-24 14:07:00,1497.74,1497.74,1497.63,1497.63,-0.01,28.2,41773.57,-1
2026-04-24,2026-04-24 14:08:00,1497.63,1497.63,1497.53,1497.53,-0.01,28.2,41773.57,-1
2026-04-24,2026-04-24 14:09:00,1497.53,1497.53,1497.42,1497.42,-0.01,28.2,41773.57,-1
2026-04-24,2026-04-24 14:10:00,1497.42,1497.42,1497.31,1497.31,-0.01,28.2,41773.57,-1
2026-04-24,2026-04-24 14:11:00,1497.31,1497.31,1497.2,1497.2,-0.01,28.2,41773.57,-1
2026-04-24,2026-04-24 14:12:00,1497.2,1497.2,1497.09,1497.09,-0.01,28.2,41773.57,-1
2026-04-24,2026-04-24 14:13:00,1497.09,1497.09,1496.98,1496.98,-0.01,28.2,41773.57,-1
2026-04-24,2026-04-24 14:14:00,1496.98,1496.98,1496.88,1496.88,-0.01,28.2,41773.57,-1
2026-04-24,2026-04-24 14:15:00,1496.88,1496.88,1496.77,1496.77,-0.01,28.2,41773.57,-1
2026-04-24,2026-04-24 14:16:00,1496.77,1496.77,1496.66,1496.66,-0.01,28.2,41773.57,-1
2026-04-24,2026-04-24 14:17:00,1496.66,1496.66,1496.55,1496.55,-0.01,28.2,41773.57,-1
2026-04-24,2026-04-24 14:18:00,1496.55,1496.55,1496.44,1496.44,-0.01,28.2,41773.57,-1
2026-04-24,2026-04-24 14:19:00,1496.44,1496.44,1496.33,1496.33,-0.01,28.2,41773.57,-1
2026-04-24,2026-04-24 14:20:00,1496.33,1496.33,1496.22,1496.22,-0.01,28.2,41773.57,-1
2026-04-24,2026-04-24 14:21:00,1496.22,1496.22,1496.12,1496.12,-0.01,28.2,41773.57,-1
2026-04-24,2026-04-24 14:22:00,1496.12,1496.12,1496.01,1496.01,-0.01,28.2,41773.57,-1
2026-04-24,2026-04-24 14:23:00,1496.01,1496.01,1495.9,1495.9,-0.01,28.2,41773.57,-1
2026-04-24,2026-04-24 14:24:00,1495.9,1495.9,1495.79,1495.79,-0.01,28.2,41773.57,-1
2026-04-24,2026-04-24 14:25:00,1495.79,1495.79,1495.68,1495.68,-0.01,28.2,41773.57,-1
2026-04-24,2026-04-24 14:26:00,1495.68,1495.68,1495.58,1495.58,-0.01,28.2,41773.57,-1
2026-04-24,2026-04-24 14:27:00,1495.58,1495.58,1495.47,1495.47,-0.01,28.2,41773.57,-1
2026-04-24,2026-04-24 14:28:00,1495.47,1495.47,1495.36,1495.36,-0.01,28.2,41773.57,-1
2026-04-24,2026-04-24 14:29:00,1495.36,1495.36,1495.25,1495.25,-0.01,28.2,41773.57,-1
2026-04-24,2026-04-24 14:30:00,1495.25,1495.25,1495.14,1495.14,-0.01,28.2,41773.57,-1
2026-04-24,2026-04-24 14:31:00,1495.14,1495.14,1495.03,1495.03,-0.01,28.2,41773.57,-1
2026-04-24,2026-04-24 14:32:00,1495.03,1495.03,1494.92,1494.92,-0.01,28.2,41773.57,-1
2026-04-24,2026-04-24 14:33:00,1494.92,1494.92,1494.82,1494.82,-0.01,28.2,41773.57,-1
2026-04-24,2026-04-24 14:34:00,1494.82,1494.82,1494.71,1494.71,-0.01,28.2,41773.57,-1
2026-04-24,2026-04-24 14:35:00,1494.71,1494.71,1494.6,1494.6,-0.01,28.2,41773.57,-1
2026-04-24,2026-04-24 14:36:00,1494.6,1494.6,1494.49,1494.49,-0.01,28.2,41773.57,-1
2026-04-24,2026-04-24 14:37:00,1494.49,1494.49,1494.38,1494.38,-0.01,28.2,41773.57,-1
2026-04-24,2026-04-24 14:38:00,1494.38,1494.38,1494.28,1494.28,-0.01,28.2,41773.57,-1
2026-04-24,2026-04-24 14:39:00,1494.28,1494.28,1494.17,1494.17,-0.01,28.2,41773.57,-1
2026-04-24,2026-04-24 14:40:00,1494.17,1494.17,1494.06,1494.06,-0.01,28.2,41773.57,-1
2026-04-24,2026-04-24 14:41:00,1494.06,1494.06,1493.95,1493.95,-0.01,28.2,41773.57,-1
2026-04-24,2026-04-24 14:42:00,1493.95,1493.95,1493.84,1493.84,-0.01,28.2,41773.57,-1
2026-04-24,2026-04-24 14:43:00,1493.84,1493.84,1493.73,1493.73,-0.01,28.2,41773.57,-1
2026-04-24,2026-04-24 14:44:00,1493.73,1493.73,1493.62,1493.62,-0.01,28.2,41773.57,-1
2026-04-24,2026-04-24 14:45:00,1493.62,1493.62,1493.52,1493.52,-0.01,28.2,41773.57,-1
2026-04-24,2026-04-24 14:46:00,1493.52,1493.52,1493.41,1493.41,-0.01,28.2,41773.57,-1
2026-04-24,2026-04-24 14:47:00,1493.41,1493.41,1493.3,1493.3,-0.01,28.2,41773.57,-1
2026-04-24,2026-04-24 14:48:00,1493.3,1493.3,1493.19,1493.19,-0.01,28.2,41773.57,-1
2026-04-24,2026-04-24 14:49:00,1493.19,1493.19,1493.08,1493.08,-0.01,28.2,41773.57,-1
2026-04-24,2026-04-24 14:50:00,1493.08,1493.08,1492.97,1492.97,-0.01,28.2,41773.57,-1
2026-04-24,2026-04-24 14:51:00,1492.97,1492.97,1492.87,1492.87,-0.01,28.2,41773.57,-1
2026-04-24,2026-04-24 14:52:00,1492.87,1492.87,1492.76,1492.76,-0.01,28.2,41773.57,-1
2026-04-24,2026-04-24 14:53:00,1492.76,1492.76,1492.65,1492.65,-0.01,28.2,41773.57,-1
2026-04-24,2026-04-24 14:54:00,1492.65,1492.65,1492.54,1492.54,-0.01,28.2,41773.57,-1
2026-04-24,2026-04-24 14:55:00,1492.54,1492.54,1492.43,1492.43,-0.01,28.2,41773.57,-1
2026-04-24,2026-04-24 14:56:00,1492.43,1492.43,1492.33,1492.33,-0.01,28.2,41773.57,-1
2026-04-24,2026-04-24 14:57:00,1492.33,1492.33,1492.22,1492.22,-0.01,28.2,41773.57,-1
2026-04-24,2026-04-24 14:58:00,1492.22,1492.22,1492.11,1492.11,-0.01,28.2,41773.57,-1
2026-04-24,2026-04-24 14:59:00,1492.11,1492.11,1492.0,1492.0,-0.01,28.2,41773.57,-1
2026-04-24,2026-04-24 15:00:00,1492.0,1525.0,1455.0,1492.0,0.0,28.2,41773.57,0
2026-04-27,2026-04-27 11:00:00,1492.0,1505.2,1492.0,1492.02,0.0,4.57,6891.76,1
2026-04-27,2026-04-27 11:01:00,1492.02,1492.04,1492.02,1492.04,0.0,4.57,6891.76,1
2026-04-27,2026-04-27 11:02:00,1492.04,1492.06,1492.04,1492.06,0.0,4.57,6891.76,1
2026-04-27,2026-04-27 11:03:00,1492.06,1492.08,1492.06,1492.08,0.0,4.57,6891.76,1
2026-04-27,2026-04-27 11:04:00,1492.08,1492.1,1492.08,1492.1,0.0,4.57,6891.76,1
2026-04-27,2026-04-27 11:05:00,1492.1,1492.12,1492.1,1492.12,0.0,4.57,6891.76,1
2026-04-27,2026-04-27 11:06:00,1492.12,1492.15,1492.12,1492.15,0.0,4.57,6891.76,1
2026-04-27,2026-04-27 11:07:00,1492.15,1492.17,1492.15,1492.17,0.0,4.57,6891.76,1
2026-04-27,2026-04-27 11:08:00,1492.17,1492.19,1492.17,1492.19,0.0,4.57,6891.76,1
2026-04-27,2026-04-27 11:09:00,1492.19,1492.21,1492.19,1492.21,0.0,4.57,6891.76,1
2026-04-27,2026-04-27 11:10:00,1492.21,1492.23,1492.21,1492.23,0.0,4.57,6891.76,1
2026-04-27,2026-04-27 11:11:00,1492.23,1492.25,1492.23,1492.25,0.0,4.57,6891.76,1
2026-04-27,2026-04-27 11:12:00,1492.25,1492.27,1492.25,1492.27,0.0,4.57,6891.76,1
2026-04-27,2026-04-27 11:13:00,1492.27,1492.29,1492.27,1492.29,0.0,4.57,6891.76,1
2026-04-27,2026-04-27 11:14:00,1492.29,1492.31,1492.29,1492.31,0.0,4.57,6891.76,1
2026-04-27,2026-04-27 11:15:00,1492.31,1492.33,1492.31,1492.33,0.0,4.57,6891.76,1
2026-04-27,2026-04-27 11:16:00,1492.33,1492.35,1492.33,1492.35,0.0,4.57,6891.76,1
2026-04-27,2026-04-27 11:17:00,1492.35,1492.38,1492.35,1492.38,0.0,4.57,6891.76,1
2026-04-27,2026-04-27 11:18:00,1492.38,1492.4,1492.38,1492.4,0.0,4.57,6891.76,1
2026-04-27,2026-04-27 11:19:00,1492.4,1492.42,1492.4,1492.42,0.0,4.57,6891.76,1
2026-04-27,2026-04-27 11:20:00,1492.42,1492.44,1492.42,1492.44,0.0,4.57,6891.76,1
2026-04-27,2026-04-27 11:21:00,1492.44,1492.46,1492.44,1492.46,0.0,4.57,6891.76,1
2026-04-27,2026-04-27 11:22:00,1492.46,1492.48,1492.46,1492.48,0.0,4.57,6891.76,1
2026-04-27,2026-04-27 11:23:00,1492.48,1492.5,1492.48,1492.5,0.0,4.57,6891.76,1
2026-04-27,2026-04-27 11:24:00,1492.5,1492.52,1492.5,1492.52,0.0,4.57,6891.76,1
2026-04-27,2026-04-27 11:25:00,1492.52,1492.54,1492.52,1492.54,0.0,4.57,6891.76,1
2026-04-27,2026-04-27 11:26:00,1492.54,1492.56,1492.54,1492.56,0.0,4.57,6891.76,1
2026-04-27,2026-04-27 11:27:00,1492.56,1492.58,1492.56,1492.58,0.0,4.57,6891.76,1
2026-04-27,2026-04-27 11:28:00,1492.58,1492.6,1492.58,1492.6,0.0,4.57,6891.76,1
2026-04-27,2026-04-27 11:29:00,1492.6,1492.62,1492.6,1492.62,0.0,4.57,6891.76,1
2026-04-27,2026-04-27 11:30:00,1492.62,1492.65,1492.62,1492.65,0.0,4.57,6891.76,1
2026-04-27,2026-04-27 11:31:00,1492.65,1492.67,1492.65,1492.67,0.0,4.57,6891.76,1
2026-04-27,2026-04-27 11:32:00,1492.67,1492.69,1492.67,1492.69,0.0,4.57,6891.76,1
2026-04-27,2026-04-27 11:33:00,1492.69,1492.71,1492.69,1492.71,0.0,4.57,6891.76,1
2026-04-27,2026-04-27 11:34:00,1492.71,1492.73,1492.71,1492.73,0.0,4.57,6891.76,1
2026-04-27,2026-04-27 11:35:00,1492.73,1492.75,1492.73,1492.75,0.0,4.57,6891.76,1
2026-04-27,2026-04-27 11:36:00,1492.75,1492.77,1492.75,1492.77,0.0,4.57,6891.76,1
2026-04-27,2026-04-27 11:37:00,1492.77,1492.79,1492.77,1492.79,0.0,4.57,6891.76,1
2026-04-27,2026-04-27 11:38:00,1492.79,1492.81,1492.79,1492.81,0.0,4.57,6891.76,1
2026-04-27,2026-04-27 11:39:00,1492.81,1492.83,1492.81,1492.83,0.0,4.57,6891.76,1
2026-04-27,2026-04-27 11:40:00,1492.83,1492.85,1492.83,1492.85,0.0,4.57,6891.76,1
2026-04-27,2026-04-27 11:41:00,1492.85,1492.88,1492.85,1492.88,0.0,4.57,6891.76,1
2026-04-27,2026-04-27 11:42:00,1492.88,1492.9,1492.88,1492.9,0.0,4.57,6891.76,1
2026-04-27,2026-04-27 11:43:00,1492.9,1492.92,1492.9,1492.92,0.0,4.57,6891.76,1
2026-04-27,2026-04-27 11:44:00,1492.92,1492.94,1492.92,1492.94,0.0,4.57,6891.76,1
2026-04-27,2026-04-27 11:45:00,1492.94,1492.96,1492.94,1492.96,0.0,4.57,6891.76,1
2026-04-27,2026-04-27 11:46:00,1492.96,1492.98,1492.96,1492.98,0.0,4.57,6891.76,1
2026-04-27,2026-04-27 11:47:00,1492.98,1493.0,1492.98,1493.0,0.0,4.57,6891.76,1
2026-04-27,2026-04-27 11:48:00,1493.0,1493.02,1493.0,1493.02,0.0,4.57,6891.76,1
2026-04-27,2026-04-27 11:49:00,1493.02,1493.04,1493.02,1493.04,0.0,4.57,6891.76,1
2026-04-27,2026-04-27 11:50:00,1493.04,1493.06,1493.04,1493.06,0.0,4.57,6891.76,1
2026-04-27,2026-04-27 11:51:00,1493.06,1493.08,1493.06,1493.08,0.0,4.57,6891.76,1
2026-04-27,2026-04-27 11:52:00,1493.08,1493.1,1493.08,1493.1,0.0,4.57,6891.76,1
2026-04-27,2026-04-27 11:53:00,1493.1,1493.12,1493.1,1493.12,0.0,4.57,6891.76,1
2026-04-27,2026-04-27 11:54:00,1493.12,1493.15,1493.12,1493.15,0.0,4.57,6891.76,1
2026-04-27,2026-04-27 11:55:00,1493.15,1493.17,1493.15,1493.17,0.0,4.57,6891.76,1
2026-04-27,2026-04-27 11:56:00,1493.17,1493.19,1493.17,1493.19,0.0,4.57,6891.76,1
2026-04-27,2026-04-27 11:57:00,1493.19,1493.21,1493.19,1493.21,0.0,4.57,6891.76,1
2026-04-27,2026-04-27 11:58:00,1493.21,1493.23,1493.21,1493.23,0.0,4.57,6891.76,1
2026-04-27,2026-04-27 11:59:00,1493.23,1493.25,1493.23,1493.25,0.0,4.57,6891.76,1
2026-04-27,2026-04-27 12:00:00,1493.25,1493.27,1493.25,1493.27,0.0,4.57,6891.76,1
2026-04-27,2026-04-27 12:01:00,1493.27,1493.29,1493.27,1493.29,0.0,4.57,6891.76,1
2026-04-27,2026-04-27 12:02:00,1493.29,1493.31,1493.29,1493.31,0.0,4.57,6891.76,1
2026-04-27,2026-04-27 12:03:00,1493.31,1493.33,1493.31,1493.33,0.0,4.57,6891.76,1
2026-04-27,2026-04-27 12:04:00,1493.33,1493.35,1493.33,1493.35,0.0,4.57,6891.76,1
2026-04-27,2026-04-27 12:05:00,1493.35,1493.38,1493.35,1493.38,0.0,4.57,6891.76,1
2026-04-27,2026-04-27 12:06:00,1493.38,1493.4,1493.38,1493.4,0.0,4.57,6891.76,1
2026-04-27,2026-04-27 12:07:00,1493.4,1493.42,1493.4,1493.42,0.0,4.57,6891.76,1
2026-04-27,2026-04-27 12:08:00,1493.42,1493.44,1493.42,1493.44,0.0,4.57,6891.76,1
2026-04-27,2026-04-27 12:09:00,1493.44,1493.46,1493.44,1493.46,0.0,4.57,6891.76,1
2026-04-27,2026-04-27 12:10:00,1493.46,1493.48,1493.46,1493.48,0.0,4.57,6891.76,1
2026-04-27,2026-04-27 12:11:00,1493.48,1493.5,1493.48,1493.5,0.0,4.57,6891.76,1
2026-04-27,2026-04-27 12:12:00,1493.5,1493.52,1493.5,1493.52,0.0,4.57,6891.76,1
2026-04-27,2026-04-27 12:13:00,1493.52,1493.54,1493.52,1493.54,0.0,4.57,6891.76,1
2026-04-27,2026-04-27 12:14:00,1493.54,1493.56,1493.54,1493.56,0.0,4.57,6891.76,1
2026-04-27,2026-04-27 12:15:00,1493.56,1493.58,1493.56,1493.58,0.0,4.57,6891.76,1
2026-04-27,2026-04-27 12:16:00,1493.58,1493.6,1493.58,1493.6,0.0,4.57,6891.76,1
2026-04-27,2026-04-27 12:17:00,1493.6,1493.62,1493.6,1493.62,0.0,4.57,6891.76,1
2026-04-27,2026-04-27 12:18:00,1493.62,1493.65,1493.62,1493.65,0.0,4.57,6891.76,1
2026-04-27,2026-04-27 12:19:00,1493.65,1493.67,1493.65,1493.67,0.0,4.57,6891.76,1
2026-04-27,2026-04-27 12:20:00,1493.67,1493.69,1493.67,1493.69,0.0,4.57,6891.76,1
2026-04-27,2026-04-27 12:21:00,1493.69,1493.71,1493.69,1493.71,0.0,4.57,6891.76,1
2026-04-27,2026-04-27 12:22:00,1493.71,1493.73,1493.71,1493.73,0.0,4.57,6891.76,1
2026-04-27,2026-04-27 12:23:00,1493.73,1493.75,1493.73,1493.75,0.0,4.57,6891.76,1
2026-04-27,2026-04-27 12:24:00,1493.75,1493.77,1493.75,1493.77,0.0,4.57,6891.76,1
2026-04-27,2026-04-27 12:25:00,1493.77,1493.79,1493.77,1493.79,0.0,4.57,6891.76,1
2026-04-27,2026-04-27 12:26:00,1493.79,1493.81,1493.79,1493.81,0.0,4.57,6891.76,1
2026-04-27,2026-04-27 12:27:00,1493.81,1493.83,1493.81,1493.83,0.0,4.57,6891.76,1
2026-04-27,2026-04-27 12:28:00,1493.83,1493.85,1493.83,1493.85,0.0,4.57,6891.76,1
2026-04-27,2026-04-27 12:29:00,1493.85,1493.88,1493.85,1493.88,0.0,4.57,6891.76,1
2026-04-27,2026-04-27 12:30:00,1493.88,1493.9,1493.88,1493.9,0.0,4.57,6891.76,1
2026-04-27,2026-04-27 12:31:00,1493.9,1493.92,1493.9,1493.92,0.0,4.57,6891.76,1
2026-04-27,2026-04-27 12:32:00,1493.92,1493.94,1493.92,1493.94,0.0,4.57,6891.76,1
2026-04-27,2026-04-27 12:33:00,1493.94,1493.96,1493.94,1493.96,0.0,4.57,6891.76,1
2026-04-27,2026-04-27 12:34:00,1493.96,1493.98,1493.96,1493.98,0.0,4.57,6891.76,1
2026-04-27,2026-04-27 12:35:00,1493.98,1494.0,1493.98,1494.0,0.0,4.57,6891.76,1
2026-04-27,2026-04-27 12:36:00,1494.0,1494.02,1494.0,1494.02,0.0,4.57,6891.76,1
2026-04-27,2026-04-27 12:37:00,1494.02,1494.04,1494.02,1494.04,0.0,4.57,6891.76,1
2026-04-27,2026-04-27 12:38:00,1494.04,1494.06,1494.04,1494.06,0.0,4.57,6891.76,1
2026-04-27,2026-04-27 12:39:00,1494.06,1494.08,1494.06,1494.08,0.0,4.57,6891.76,1
2026-04-27,2026-04-27 12:40:00,1494.08,1494.1,1494.08,1494.1,0.0,4.57,6891.76,1
2026-04-27,2026-04-27 12:41:00,1494.1,1494.12,1494.1,1494.12,0.0,4.57,6891.76,1
2026-04-27,2026-04-27 12:42:00,1494.12,1494.15,1494.12,1494.15,0.0,4.57,6891.76,1
2026-04-27,2026-04-27 12:43:00,1494.15,1494.17,1494.15,1494.17,0.0,4.57,6891.76,1
2026-04-27,2026-04-27 12:44:00,1494.17,1494.19,1494.17,1494.19,0.0,4.57,6891.76,1
2026-04-27,2026-04-27 12:45:00,1494.19,1494.21,1494.19,1494.21,0.0,4.57,6891.76,1
2026-04-27,2026-04-27 12:46:00,1494.21,1494.23,1494.21,1494.23,0.0,4.57,6891.76,1
2026-04-27,2026-04-27 12:47:00,1494.23,1494.25,1494.23,1494.25,0.0,4.57,6891.76,1
2026-04-27,2026-04-27 12:48:00,1494.25,1494.27,1494.25,1494.27,0.0,4.57,6891.76,1
2026-04-27,2026-04-27 12:49:00,1494.27,1494.29,1494.27,1494.29,0.0,4.57,6891.76,1
2026-04-27,2026-04-27 12:50:00,1494.29,1494.31,1494.29,1494.31,0.0,4.57,6891.76,1
2026-04-27,2026-04-27 12:51:00,1494.31,1494.33,1494.31,1494.33,0.0,4.57,6891.76,1
2026-04-27,2026-04-27 12:52:00,1494.33,1494.35,1494.33,1494.35,0.0,4.57,6891.76,1
2026-04-27,2026-04-27 12:53:00,1494.35,1494.38,1494.35,1494.38,0.0,4.57,6891.76,1
2026-04-27,2026-04-27 12:54:00,1494.38,1494.4,1494.38,1494.4,0.0,4.57,6891.76,1
2026-04-27,2026-04-27 12:55:00,1494.4,1494.42,1494.4,1494.42,0.0,4.57,6891.76,1
2026-04-27,2026-04-27 12:56:00,1494.42,1494.44,1494.42,1494.44,0.0,4.57,6891.76,1
2026-04-27,2026-04-27 12:57:00,1494.44,1494.46,1494.44,1494.46,0.0,4.57,6891.76,1
2026-04-27,2026-04-27 12:58:00,1494.46,1494.48,1494.46,1494.48,0.0,4.57,6891.76,1
2026-04-27,2026-04-27 12:59:00,1494.48,1494.5,1494.48,1494.5,0.0,4.57,6891.76,1
2026-04-27,2026-04-27 13:00:00,1494.5,1536.0,1494.5,1494.52,0.0,4.57,6891.76,1
2026-04-27,2026-04-27 13:01:00,1494.52,1494.54,1494.52,1494.54,0.0,4.57,6891.76,1
2026-04-27,2026-04-27 13:02:00,1494.54,1494.56,1494.54,1494.56,0.0,4.57,6891.76,1
2026-04-27,2026-04-27 13:03:00,1494.56,1494.58,1494.56,1494.58,0.0,4.57,6891.76,1
2026-04-27,2026-04-27 13:04:00,1494.58,1494.6,1494.58,1494.6,0.0,4.57,6891.76,1
2026-04-27,2026-04-27 13:05:00,1494.6,1494.62,1494.6,1494.62,0.0,4.57,6891.76,1
2026-04-27,2026-04-27 13:06:00,1494.62,1494.65,1494.62,1494.65,0.0,4.57,6891.76,1
2026-04-27,2026-04-27 13:07:00,1494.65,1494.67,1494.65,1494.67,0.0,4.57,6891.76,1
2026-04-27,2026-04-27 13:08:00,1494.67,1494.69,1494.67,1494.69,0.0,4.57,6891.76,1
2026-04-27,2026-04-27 13:09:00,1494.69,1494.71,1494.69,1494.71,0.0,4.57,6891.76,1
2026-04-27,2026-04-27 13:10:00,1494.71,1494.73,1494.71,1494.73,0.0,4.57,6891.76,1
2026-04-27,2026-04-27 13:11:00,1494.73,1494.75,1494.73,1494.75,0.0,4.57,6891.76,1
2026-04-27,2026-04-27 13:12:00,1494.75,1494.77,1494.75,1494.77,0.0,4.57,6891.76,1
2026-04-27,2026-04-27 13:13:00,1494.77,1494.79,1494.77,1494.79,0.0,4.57,6891.76,1
2026-04-27,2026-04-27 13:14:00,1494.79,1494.81,1494.79,1494.81,0.0,4.57,6891.76,1
2026-04-27,2026-04-27 13:15:00,1494.81,1494.83,1494.81,1494.83,0.0,4.57,6891.76,1
2026-04-27,2026-04-27 13:16:00,1494.83,1494.85,1494.83,1494.85,0.0,4.57,6891.76,1
2026-04-27,2026-04-27 13:17:00,1494.85,1494.88,1494.85,1494.88,0.0,4.57,6891.76,1
2026-04-27,2026-04-27 13:18:00,1494.88,1494.9,1494.88,1494.9,0.0,4.57,6891.76,1
2026-04-27,2026-04-27 13:19:00,1494.9,1494.92,1494.9,1494.92,0.0,4.57,6891.76,1
2026-04-27,2026-04-27 13:20:00,1494.92,1494.94,1494.92,1494.94,0.0,4.57,6891.76,1
2026-04-27,2026-04-27 13:21:00,1494.94,1494.96,1494.94,1494.96,0.0,4.57,6891.76,1
2026-04-27,2026-04-27 13:22:00,1494.96,1494.98,1494.96,1494.98,0.0,4.57,6891.76,1
2026-04-27,2026-04-27 13:23:00,1494.98,1495.0,1494.98,1495.0,0.0,4.57,6891.76,1
2026-04-27,2026-04-27 13:24:00,1495.0,1495.02,1495.0,1495.02,0.0,4.57,6891.76,1
2026-04-27,2026-04-27 13:25:00,1495.02,1495.04,1495.02,1495.04,0.0,4.57,6891.76,1
2026-04-27,2026-04-27 13:26:00,1495.04,1495.06,1495.04,1495.06,0.0,4.57,6891.76,1
2026-04-27,2026-04-27 13:27:00,1495.06,1495.08,1495.06,1495.08,0.0,4.57,6891.76,1
2026-04-27,2026-04-27 13:28:00,1495.08,1495.1,1495.08,1495.1,0.0,4.57,6891.76,1
2026-04-27,2026-04-27 13:29:00,1495.1,1495.12,1495.1,1495.12,0.0,4.57,6891.76,1
2026-04-27,2026-04-27 13:30:00,1495.12,1495.15,1495.12,1495.15,0.0,4.57,6891.76,1
2026-04-27,2026-04-27 13:31:00,1495.15,1495.17,1495.15,1495.17,0.0,4.57,6891.76,1
2026-04-27,2026-04-27 13:32:00,1495.17,1495.19,1495.17,1495.19,0.0,4.57,6891.76,1
2026-04-27,2026-04-27 13:33:00,1495.19,1495.21,1495.19,1495.21,0.0,4.57,6891.76,1
2026-04-27,2026-04-27 13:34:00,1495.21,1495.23,1495.21,1495.23,0.0,4.57,6891.76,1
2026-04-27,2026-04-27 13:35:00,1495.23,1495.25,1495.23,1495.25,0.0,4.57,6891.76,1
2026-04-27,2026-04-27 13:36:00,1495.25,1495.27,1495.25,1495.27,0.0,4.57,6891.76,1
2026-04-27,2026-04-27 13:37:00,1495.27,1495.29,1495.27,1495.29,0.0,4.57,6891.76,1
2026-04-27,2026-04-27 13:38:00,1495.29,1495.31,1495.29,1495.31,0.0,4.57,6891.76,1
2026-04-27,2026-04-27 13:39:00,1495.31,1495.33,1495.31,1495.33,0.0,4.57,6891.76,1
2026-04-27,2026-04-27 13:40:00,1495.33,1495.35,1495.33,1495.35,0.0,4.57,6891.76,1
2026-04-27,2026-04-27 13:41:00,1495.35,1495.38,1495.35,1495.38,0.0,4.57,6891.76,1
2026-04-27,2026-04-27 13:42:00,1495.38,1495.4,1495.38,1495.4,0.0,4.57,6891.76,1
2026-04-27,2026-04-27 13:43:00,1495.4,1495.42,1495.4,1495.42,0.0,4.57,6891.76,1
2026-04-27,2026-04-27 13:44:00,1495.42,1495.44,1495.42,1495.44,0.0,4.57,6891.76,1
2026-04-27,2026-04-27 13:45:00,1495.44,1495.46,1495.44,1495.46,0.0,4.57,6891.76,1
2026-04-27,2026-04-27 13:46:00,1495.46,1495.48,1495.46,1495.48,0.0,4.57,6891.76,1
2026-04-27,2026-04-27 13:47:00,1495.48,1495.5,1495.48,1495.5,0.0,4.57,6891.76,1
2026-04-27,2026-04-27 13:48:00,1495.5,1495.52,1495.5,1495.52,0.0,4.57,6891.76,1
2026-04-27,2026-04-27 13:49:00,1495.52,1495.54,1495.52,1495.54,0.0,4.57,6891.76,1
2026-04-27,2026-04-27 13:50:00,1495.54,1495.56,1495.54,1495.56,0.0,4.57,6891.76,1
2026-04-27,2026-04-27 13:51:00,1495.56,1495.58,1495.56,1495.58,0.0,4.57,6891.76,1
2026-04-27,2026-04-27 13:52:00,1495.58,1495.6,1495.58,1495.6,0.0,4.57,6891.76,1
2026-04-27,2026-04-27 13:53:00,1495.6,1495.62,1495.6,1495.62,0.0,4.57,6891.76,1
2026-04-27,2026-04-27 13:54:00,1495.62,1495.65,1495.62,1495.65,0.0,4.57,6891.76,1
2026-04-27,2026-04-27 13:55:00,1495.65,1495.67,1495.65,1495.67,0.0,4.57,6891.76,1
2026-04-27,2026-04-27 13:56:00,1495.67,1495.69,1495.67,1495.69,0.0,4.57,6891.76,1
2026-04-27,2026-04-27 13:57:00,1495.69,1495.71,1495.69,1495.71,0.0,4.57,6891.76,1
2026-04-27,2026-04-27 13:58:00,1495.71,1495.73,1495.71,1495.73,0.0,4.57,6891.76,1
2026-04-27,2026-04-27 13:59:00,1495.73,1495.75,1495.73,1495.75,0.0,4.57,6891.76,1
2026-04-27,2026-04-27 14:00:00,1495.75,1495.77,1495.75,1495.77,0.0,4.57,6891.76,1
2026-04-27,2026-04-27 14:01:00,1495.77,1495.79,1495.77,1495.79,0.0,4.57,6891.76,1
2026-04-27,2026-04-27 14:02:00,1495.79,1495.81,1495.79,1495.81,0.0,4.57,6891.76,1
2026-04-27,2026-04-27 14:03:00,1495.81,1495.83,1495.81,1495.83,0.0,4.57,6891.76,1
2026-04-27,2026-04-27 14:04:00,1495.83,1495.85,1495.83,1495.85,0.0,4.57,6891.76,1
2026-04-27,2026-04-27 14:05:00,1495.85,1495.88,1495.85,1495.88,0.0,4.57,6891.76,1
2026-04-27,2026-04-27 14:06:00,1495.88,1495.9,1495.88,1495.9,0.0,4.57,6891.76,1
2026-04-27,2026-04-27 14:07:00,1495.9,1495.92,1495.9,1495.92,0.0,4.57,6891.76,1
2026-04-27,2026-04-27 14:08:00,1495.92,1495.94,1495.92,1495.94,0.0,4.57,6891.76,1
2026-04-27,2026-04-27 14:09:00,1495.94,1495.96,1495.94,1495.96,0.0,4.57,6891.76,1
2026-04-27,2026-04-27 14:10:00,1495.96,1495.98,1495.96,1495.98,0.0,4.57,6891.76,1
2026-04-27,2026-04-27 14:11:00,1495.98,1496.0,1495.98,1496.0,0.0,4.57,6891.76,1
2026-04-27,2026-04-27 14:12:00,1496.0,1496.02,1496.0,1496.02,0.0,4.57,6891.76,1
2026-04-27,2026-04-27 14:13:00,1496.02,1496.04,1496.02,1496.04,0.0,4.57,6891.76,1
2026-04-27,2026-04-27 14:14:00,1496.04,1496.06,1496.04,1496.06,0.0,4.57,6891.76,1
2026-04-27,2026-04-27 14:15:00,1496.06,1496.08,1496.06,1496.08,0.0,4.57,6891.76,1
2026-04-27,2026-04-27 14:16:00,1496.08,1496.1,1496.08,1496.1,0.0,4.57,6891.76,1
2026-04-27,2026-04-27 14:17:00,1496.1,1496.12,1496.1,1496.12,0.0,4.57,6891.76,1
2026-04-27,2026-04-27 14:18:00,1496.12,1496.15,1496.12,1496.15,0.0,4.57,6891.76,1
2026-04-27,2026-04-27 14:19:00,1496.15,1496.17,1496.15,1496.17,0.0,4.57,6891.76,1
2026-04-27,2026-04-27 14:20:00,1496.17,1496.19,1496.17,1496.19,0.0,4.57,6891.76,1
2026-04-27,2026-04-27 14:21:00,1496.19,1496.21,1496.19,1496.21,0.0,4.57,6891.76,1
2026-04-27,2026-04-27 14:22:00,1496.21,1496.23,1496.21,1496.23,0.0,4.57,6891.76,1
2026-04-27,2026-04-27 14:23:00,1496.23,1496.25,1496.23,1496.25,0.0,4.57,6891.76,1
2026-04-27,2026-04-27 14:24:00,1496.25,1496.27,1496.25,1496.27,0.0,4.57,6891.76,1
2026-04-27,2026-04-27 14:25:00,1496.27,1496.29,1496.27,1496.29,0.0,4.57,6891.76,1
2026-04-27,2026-04-27 14:26:00,1496.29,1496.31,1496.29,1496.31,0.0,4.57,6891.76,1
2026-04-27,2026-04-27 14:27:00,1496.31,1496.33,1496.31,1496.33,0.0,4.57,6891.76,1
2026-04-27,2026-04-27 14:28:00,1496.33,1496.35,1496.33,1496.35,0.0,4.57,6891.76,1
2026-04-27,2026-04-27 14:29:00,1496.35,1496.38,1496.35,1496.38,0.0,4.57,6891.76,1
2026-04-27,2026-04-27 14:30:00,1496.38,1496.4,1496.38,1496.4,0.0,4.57,6891.76,1
2026-04-27,2026-04-27 14:31:00,1496.4,1496.42,1496.4,1496.42,0.0,4.57,6891.76,1
2026-04-27,2026-04-27 14:32:00,1496.42,1496.44,1496.42,1496.44,0.0,4.57,6891.76,1
2026-04-27,2026-04-27 14:33:00,1496.44,1496.46,1496.44,1496.46,0.0,4.57,6891.76,1
2026-04-27,2026-04-27 14:34:00,1496.46,1496.48,1496.46,1496.48,0.0,4.57,6891.76,1
2026-04-27,2026-04-27 14:35:00,1496.48,1496.5,1496.48,1496.5,0.0,4.57,6891.76,1
2026-04-27,2026-04-27 14:36:00,1496.5,1496.52,1496.5,1496.52,0.0,4.57,6891.76,1
2026-04-27,2026-04-27 14:37:00,1496.52,1496.54,1496.52,1496.54,0.0,4.57,6891.76,1
2026-04-27,2026-04-27 14:38:00,1496.54,1496.56,1496.54,1496.56,0.0,4.57,6891.76,1
2026-04-27,2026-04-27 14:39:00,1496.56,1496.58,1496.56,1496.58,0.0,4.57,6891.76,1
2026-04-27,2026-04-27 14:40:00,1496.58,1496.6,1496.58,1496.6,0.0,4.57,6891.76,1
2026-04-27,2026-04-27 14:41:00,1496.6,1496.62,1496.6,1496.62,0.0,4.57,6891.76,1
2026-04-27,2026-04-27 14:42:00,1496.62,1496.65,1496.62,1496.65,0.0,4.57,6891.76,1
2026-04-27,2026-04-27 14:43:00,1496.65,1496.67,1496.65,1496.67,0.0,4.57,6891.76,1
2026-04-27,2026-04-27 14:44:00,1496.67,1496.69,1496.67,1496.69,0.0,4.57,6891.76,1
2026-04-27,2026-04-27 14:45:00,1496.69,1496.71,1496.69,1496.71,0.0,4.57,6891.76,1
2026-04-27,2026-04-27 14:46:00,1496.71,1496.73,1496.71,1496.73,0.0,4.57,6891.76,1
2026-04-27,2026-04-27 14:47:00,1496.73,1496.75,1496.73,1496.75,0.0,4.57,6891.76,1
2026-04-27,2026-04-27 14:48:00,1496.75,1496.77,1496.75,1496.77,0.0,4.57,6891.76,1
2026-04-27,2026-04-27 14:49:00,1496.77,1496.79,1496.77,1496.79,0.0,4.57,6891.76,1
2026-04-27,2026-04-27 14:50:00,1496.79,1496.81,1496.79,1496.81,0.0,4.57,6891.76,1
2026-04-27,2026-04-27 14:51:00,1496.81,1496.83,1496.81,1496.83,0.0,4.57,6891.76,1
2026-04-27,2026-04-27 14:52:00,1496.83,1496.85,1496.83,1496.85,0.0,4.57,6891.76,1
2026-04-27,2026-04-27 14:53:00,1496.85,1496.88,1496.85,1496.88,0.0,4.57,6891.76,1
2026-04-27,2026-04-27 14:54:00,1496.88,1496.9,1496.88,1496.9,0.0,4.57,6891.76,1
2026-04-27,2026-04-27 14:55:00,1496.9,1496.92,1496.9,1496.92,0.0,4.57,6891.76,1
2026-04-27,2026-04-27 14:56:00,1496.92,1496.94,1496.92,1496.94,0.0,4.57,6891.76,1
2026-04-27,2026-04-27 14:57:00,1496.94,1496.96,1496.94,1496.96,0.0,4.57,6891.76,1
2026-04-27,2026-04-27 14:58:00,1496.96,1496.98,1496.96,1496.98,0.0,4.57,6891.76,1
2026-04-27,2026-04-27 14:59:00,1496.98,1497.0,1496.98,1497.0,0.0,4.57,6891.76,1
2026-04-27,2026-04-27 15:00:00,1497.0,1536.0,1495.0,1497.0,0.0,4.57,6891.76,0
2026-04-28,2026-04-28 11:00:00,1497.0,1505.07,1485.9,1496.99,-0.0,13.25,19557.09,-1
2026-04-28,2026-04-28 11:01:00,1496.99,1496.99,1496.98,1496.98,-0.0,13.25,19557.09,-1
2026-04-28,2026-04-28 11:02:00,1496.98,1496.98,1496.97,1496.97,-0.0,13.25,19557.09,-1
2026-04-28,2026-04-28 11:03:00,1496.97,1496.97,1496.97,1496.97,0.0,13.25,19557.09,0
2026-04-28,2026-04-28 11:04:00,1496.97,1496.97,1496.96,1496.96,-0.0,13.25,19557.09,-1
2026-04-28,2026-04-28 11:05:00,1496.96,1496.96,1496.95,1496.95,-0.0,13.25,19557.09,-1
2026-04-28,2026-04-28 11:06:00,1496.95,1496.95,1496.94,1496.94,-0.0,13.25,19557.09,-1
2026-04-28,2026-04-28 11:07:00,1496.94,1496.94,1496.93,1496.93,-0.0,13.25,19557.09,-1
2026-04-28,2026-04-28 11:08:00,1496.93,1496.93,1496.92,1496.92,-0.0,13.25,19557.09,-1
2026-04-28,2026-04-28 11:09:00,1496.92,1496.92,1496.92,1496.92,0.0,13.25,19557.09,0
2026-04-28,2026-04-28 11:10:00,1496.92,1496.92,1496.91,1496.91,-0.0,13.25,19557.09,-1
2026-04-28,2026-04-28 11:11:00,1496.91,1496.91,1496.9,1496.9,-0.0,13.25,19557.09,-1
2026-04-28,2026-04-28 11:12:00,1496.9,1496.9,1496.89,1496.89,-0.0,13.25,19557.09,-1
2026-04-28,2026-04-28 11:13:00,1496.89,1496.89,1496.88,1496.88,-0.0,13.25,19557.09,-1
2026-04-28,2026-04-28 11:14:00,1496.88,1496.88,1496.88,1496.88,0.0,13.25,19557.09,0
2026-04-28,2026-04-28 11:15:00,1496.88,1496.88,1496.87,1496.87,-0.0,13.25,19557.09,-1
2026-04-28,2026-04-28 11:16:00,1496.87,1496.87,1496.86,1496.86,-0.0,13.25,19557.09,-1
2026-04-28,2026-04-28 11:17:00,1496.86,1496.86,1496.85,1496.85,-0.0,13.25,19557.09,-1
2026-04-28,2026-04-28 11:18:00,1496.85,1496.85,1496.84,1496.84,-0.0,13.25,19557.09,-1
2026-04-28,2026-04-28 11:19:00,1496.84,1496.84,1496.83,1496.83,-0.0,13.25,19557.09,-1
2026-04-28,2026-04-28 11:20:00,1496.83,1496.83,1496.83,1496.83,0.0,13.25,19557.09,0
2026-04-28,2026-04-28 11:21:00,1496.83,1496.83,1496.82,1496.82,-0.0,13.25,19557.09,-1
2026-04-28,2026-04-28 11:22:00,1496.82,1496.82,1496.81,1496.81,-0.0,13.25,19557.09,-1
2026-04-28,2026-04-28 11:23:00,1496.81,1496.81,1496.8,1496.8,-0.0,13.25,19557.09,-1
2026-04-28,2026-04-28 11:24:00,1496.8,1496.8,1496.79,1496.79,-0.0,13.25,19557.09,-1
2026-04-28,2026-04-28 11:25:00,1496.79,1496.79,1496.78,1496.78,-0.0,13.25,19557.09,-1
2026-04-28,2026-04-28 11:26:00,1496.78,1496.78,1496.78,1496.78,0.0,13.25,19557.09,0
2026-04-28,2026-04-28 11:27:00,1496.78,1496.78,1496.77,1496.77,-0.0,13.25,19557.09,-1
2026-04-28,2026-04-28 11:28:00,1496.77,1496.77,1496.76,1496.76,-0.0,13.25,19557.09,-1
2026-04-28,2026-04-28 11:29:00,1496.76,1496.76,1496.75,1496.75,-0.0,13.25,19557.09,-1
2026-04-28,2026-04-28 11:30:00,1496.75,1496.75,1496.74,1496.74,-0.0,13.25,19557.09,-1
2026-04-28,2026-04-28 11:31:00,1496.74,1496.74,1496.73,1496.73,-0.0,13.25,19557.09,-1
2026-04-28,2026-04-28 11:32:00,1496.73,1496.73,1496.72,1496.72,-0.0,13.25,19557.09,-1
2026-04-28,2026-04-28 11:33:00,1496.72,1496.72,1496.72,1496.72,0.0,13.25,19557.09,0
2026-04-28,2026-04-28 11:34:00,1496.72,1496.72,1496.71,1496.71,-0.0,13.25,19557.09,-1
2026-04-28,2026-04-28 11:35:00,1496.71,1496.71,1496.7,1496.7,-0.0,13.25,19557.09,-1
2026-04-28,2026-04-28 11:36:00,1496.7,1496.7,1496.69,1496.69,-0.0,13.25,19557.09,-1
2026-04-28,2026-04-28 11:37:00,1496.69,1496.69,1496.68,1496.68,-0.0,13.25,19557.09,-1
2026-04-28,2026-04-28 11:38:00,1496.68,1496.68,1496.67,1496.67,-0.0,13.25,19557.09,-1
2026-04-28,2026-04-28 11:39:00,1496.67,1496.67,1496.67,1496.67,0.0,13.25,19557.09,0
2026-04-28,2026-04-28 11:40:00,1496.67,1496.67,1496.66,1496.66,-0.0,13.25,19557.09,-1
2026-04-28,2026-04-28 11:41:00,1496.66,1496.66,1496.65,1496.65,-0.0,13.25,19557.09,-1
2026-04-28,2026-04-28 11:42:00,1496.65,1496.65,1496.64,1496.64,-0.0,13.25,19557.09,-1
2026-04-28,2026-04-28 11:43:00,1496.64,1496.64,1496.63,1496.63,-0.0,13.25,19557.09,-1
2026-04-28,2026-04-28 11:44:00,1496.63,1496.63,1496.62,1496.62,-0.0,13.25,19557.09,-1
2026-04-28,2026-04-28 11:45:00,1496.62,1496.62,1496.62,1496.62,0.0,13.25,19557.09,0
2026-04-28,2026-04-28 11:46:00,1496.62,1496.62,1496.61,1496.61,-0.0,13.25,19557.09,-1
2026-04-28,2026-04-28 11:47:00,1496.61,1496.61,1496.6,1496.6,-0.0,13.25,19557.09,-1
2026-04-28,2026-04-28 11:48:00,1496.6,1496.6,1496.59,1496.59,-0.0,13.25,19557.09,-1
2026-04-28,2026-04-28 11:49:00,1496.59,1496.59,1496.58,1496.58,-0.0,13.25,19557.09,-1
2026-04-28,2026-04-28 11:50:00,1496.58,1496.58,1496.58,1496.58,0.0,13.25,19557.09,0
2026-04-28,2026-04-28 11:51:00,1496.58,1496.58,1496.57,1496.57,-0.0,13.25,19557.09,-1
2026-04-28,2026-04-28 11:52:00,1496.57,1496.57,1496.56,1496.56,-0.0,13.25,19557.09,-1
2026-04-28,2026-04-28 11:53:00,1496.56,1496.56,1496.55,1496.55,-0.0,13.25,19557.09,-1
2026-04-28,2026-04-28 11:54:00,1496.55,1496.55,1496.54,1496.54,-0.0,13.25,19557.09,-1
2026-04-28,2026-04-28 11:55:00,1496.54,1496.54,1496.53,1496.53,-0.0,13.25,19557.09,-1
2026-04-28,2026-04-28 11:56:00,1496.53,1496.53,1496.53,1496.53,0.0,13.25,19557.09,0
2026-04-28,2026-04-28 11:57:00,1496.53,1496.53,1496.52,1496.52,-0.0,13.25,19557.09,-1
2026-04-28,2026-04-28 11:58:00,1496.52,1496.52,1496.51,1496.51,-0.0,13.25,19557.09,-1
2026-04-28,2026-04-28 11:59:00,1496.51,1496.51,1496.5,1496.5,-0.0,13.25,19557.09,-1
2026-04-28,2026-04-28 12:00:00,1496.5,1496.5,1496.49,1496.49,-0.0,13.25,19557.09,-1
2026-04-28,2026-04-28 12:01:00,1496.49,1496.49,1496.48,1496.48,-0.0,13.25,19557.09,-1
2026-04-28,2026-04-28 12:02:00,1496.48,1496.48,1496.47,1496.47,-0.0,13.25,19557.09,-1
2026-04-28,2026-04-28 12:03:00,1496.47,1496.47,1496.47,1496.47,0.0,13.25,19557.09,0
2026-04-28,2026-04-28 12:04:00,1496.47,1496.47,1496.46,1496.46,-0.0,13.25,19557.09,-1
2026-04-28,2026-04-28 12:05:00,1496.46,1496.46,1496.45,1496.45,-0.0,13.25,19557.09,-1
2026-04-28,2026-04-28 12:06:00,1496.45,1496.45,1496.44,1496.44,-0.0,13.25,19557.09,-1
2026-04-28,2026-04-28 12:07:00,1496.44,1496.44,1496.43,1496.43,-0.0,13.25,19557.09,-1
2026-04-28,2026-04-28 12:08:00,1496.43,1496.43,1496.42,1496.42,-0.0,13.25,19557.09,-1
2026-04-28,2026-04-28 12:09:00,1496.42,1496.42,1496.42,1496.42,0.0,13.25,19557.09,0
2026-04-28,2026-04-28 12:10:00,1496.42,1496.42,1496.41,1496.41,-0.0,13.25,19557.09,-1
2026-04-28,2026-04-28 12:11:00,1496.41,1496.41,1496.4,1496.4,-0.0,13.25,19557.09,-1
2026-04-28,2026-04-28 12:12:00,1496.4,1496.4,1496.39,1496.39,-0.0,13.25,19557.09,-1
2026-04-28,2026-04-28 12:13:00,1496.39,1496.39,1496.38,1496.38,-0.0,13.25,19557.09,-1
2026-04-28,2026-04-28 12:14:00,1496.38,1496.38,1496.38,1496.38,0.0,13.25,19557.09,0
2026-04-28,2026-04-28 12:15:00,1496.38,1496.38,1496.37,1496.37,-0.0,13.25,19557.09,-1
2026-04-28,2026-04-28 12:16:00,1496.37,1496.37,1496.36,1496.36,-0.0,13.25,19557.09,-1
2026-04-28,2026-04-28 12:17:00,1496.36,1496.36,1496.35,1496.35,-0.0,13.25,19557.09,-1
2026-04-28,2026-04-28 12:18:00,1496.35,1496.35,1496.34,1496.34,-0.0,13.25,19557.09,-1
2026-04-28,2026-04-28 12:19:00,1496.34,1496.34,1496.33,1496.33,-0.0,13.25,19557.09,-1
2026-04-28,2026-04-28 12:20:00,1496.33,1496.33,1496.33,1496.33,0.0,13.25,19557.09,0
2026-04-28,2026-04-28 12:21:00,1496.33,1496.33,1496.32,1496.32,-0.0,13.25,19557.09,-1
2026-04-28,2026-04-28 12:22:00,1496.32,1496.32,1496.31,1496.31,-0.0,13.25,19557.09,-1
2026-04-28,2026-04-28 12:23:00,1496.31,1496.31,1496.3,1496.3,-0.0,13.25,19557.09,-1
2026-04-28,2026-04-28 12:24:00,1496.3,1496.3,1496.29,1496.29,-0.0,13.25,19557.09,-1
2026-04-28,2026-04-28 12:25:00,1496.29,1496.29,1496.28,1496.28,-0.0,13.25,19557.09,-1
2026-04-28,2026-04-28 12:26:00,1496.28,1496.28,1496.28,1496.28,0.0,13.25,19557.09,0
2026-04-28,2026-04-28 12:27:00,1496.28,1496.28,1496.27,1496.27,-0.0,13.25,19557.09,-1
2026-04-28,2026-04-28 12:28:00,1496.27,1496.27,1496.26,1496.26,-0.0,13.25,19557.09,-1
2026-04-28,2026-04-28 12:29:00,1496.26,1496.26,1496.25,1496.25,-0.0,13.25,19557.09,-1
2026-04-28,2026-04-28 12:30:00,1496.25,1496.25,1496.24,1496.24,-0.0,13.25,19557.09,-1
2026-04-28,2026-04-28 12:31:00,1496.24,1496.24,1496.23,1496.23,-0.0,13.25,19557.09,-1
2026-04-28,2026-04-28 12:32:00,1496.23,1496.23,1496.22,1496.22,-0.0,13.25,19557.09,-1
2026-04-28,2026-04-28 12:33:00,1496.22,1496.22,1496.22,1496.22,0.0,13.25,19557.09,0
2026-04-28,2026-04-28 12:34:00,1496.22,1496.22,1496.21,1496.21,-0.0,13.25,19557.09,-1
2026-04-28,2026-04-28 12:35:00,1496.21,1496.21,1496.2,1496.2,-0.0,13.25,19557.09,-1
2026-04-28,2026-04-28 12:36:00,1496.2,1496.2,1496.19,1496.19,-0.0,13.25,19557.09,-1
2026-04-28,2026-04-28 12:37:00,1496.19,1496.19,1496.18,1496.18,-0.0,13.25,19557.09,-1
2026-04-28,2026-04-28 12:38:00,1496.18,1496.18,1496.17,1496.17,-0.0,13.25,19557.09,-1
2026-04-28,2026-04-28 12:39:00,1496.17,1496.17,1496.17,1496.17,0.0,13.25,19557.09,0
2026-04-28,2026-04-28 12:40:00,1496.17,1496.17,1496.16,1496.16,-0.0,13.25,19557.09,-1
2026-04-28,2026-04-28 12:41:00,1496.16,1496.16,1496.15,1496.15,-0.0,13.25,19557.09,-1
2026-04-28,2026-04-28 12:42:00,1496.15,1496.15,1496.14,1496.14,-0.0,13.25,19557.09,-1
2026-04-28,2026-04-28 12:43:00,1496.14,1496.14,1496.13,1496.13,-0.0,13.25,19557.09,-1
2026-04-28,2026-04-28 12:44:00,1496.13,1496.13,1496.12,1496.12,-0.0,13.25,19557.09,-1
2026-04-28,2026-04-28 12:45:00,1496.12,1496.12,1496.12,1496.12,0.0,13.25,19557.09,0
2026-04-28,2026-04-28 12:46:00,1496.12,1496.12,1496.11,1496.11,-0.0,13.25,19557.09,-1
2026-04-28,2026-04-28 12:47:00,1496.11,1496.11,1496.1,1496.1,-0.0,13.25,19557.09,-1
2026-04-28,2026-04-28 12:48:00,1496.1,1496.1,1496.09,1496.09,-0.0,13.25,19557.09,-1
2026-04-28,2026-04-28 12:49:00,1496.09,1496.09,1496.08,1496.08,-0.0,13.25,19557.09,-1
2026-04-28,2026-04-28 12:50:00,1496.08,1496.08,1496.08,1496.08,0.0,13.25,19557.09,0
2026-04-28,2026-04-28 12:51:00,1496.08,1496.08,1496.07,1496.07,-0.0,13.25,19557.09,-1
2026-04-28,2026-04-28 12:52:00,1496.07,1496.07,1496.06,1496.06,-0.0,13.25,19557.09,-1
2026-04-28,2026-04-28 12:53:00,1496.06,1496.06,1496.05,1496.05,-0.0,13.25,19557.09,-1
2026-04-28,2026-04-28 12:54:00,1496.05,1496.05,1496.04,1496.04,-0.0,13.25,19557.09,-1
2026-04-28,2026-04-28 12:55:00,1496.04,1496.04,1496.03,1496.03,-0.0,13.25,19557.09,-1
2026-04-28,2026-04-28 12:56:00,1496.03,1496.03,1496.03,1496.03,0.0,13.25,19557.09,0
2026-04-28,2026-04-28 12:57:00,1496.03,1496.03,1496.02,1496.02,-0.0,13.25,19557.09,-1
2026-04-28,2026-04-28 12:58:00,1496.02,1496.02,1496.01,1496.01,-0.0,13.25,19557.09,-1
2026-04-28,2026-04-28 12:59:00,1496.01,1496.01,1496.0,1496.0,-0.0,13.25,19557.09,-1
2026-04-28,2026-04-28 13:00:00,1496.0,1523.9,1460.0,1495.99,-0.0,13.25,19557.09,-1
2026-04-28,2026-04-28 13:01:00,1495.99,1495.99,1495.98,1495.98,-0.0,13.25,19557.09,-1
2026-04-28,2026-04-28 13:02:00,1495.98,1495.98,1495.97,1495.97,-0.0,13.25,19557.09,-1
2026-04-28,2026-04-28 13:03:00,1495.97,1495.97,1495.97,1495.97,0.0,13.25,19557.09,0
2026-04-28,2026-04-28 13:04:00,1495.97,1495.97,1495.96,1495.96,-0.0,13.25,19557.09,-1
2026-04-28,2026-04-28 13:05:00,1495.96,1495.96,1495.95,1495.95,-0.0,13.25,19557.09,-1
2026-04-28,2026-04-28 13:06:00,1495.95,1495.95,1495.94,1495.94,-0.0,13.25,19557.09,-1
2026-04-28,2026-04-28 13:07:00,1495.94,1495.94,1495.93,1495.93,-0.0,13.25,19557.09,-1
2026-04-28,2026-04-28 13:08:00,1495.93,1495.93,1495.92,1495.92,-0.0,13.25,19557.09,-1
2026-04-28,2026-04-28 13:09:00,1495.92,1495.92,1495.92,1495.92,0.0,13.25,19557.09,0
2026-04-28,2026-04-28 13:10:00,1495.92,1495.92,1495.91,1495.91,-0.0,13.25,19557.09,-1
2026-04-28,2026-04-28 13:11:00,1495.91,1495.91,1495.9,1495.9,-0.0,13.25,19557.09,-1
2026-04-28,2026-04-28 13:12:00,1495.9,1495.9,1495.89,1495.89,-0.0,13.25,19557.09,-1
2026-04-28,2026-04-28 13:13:00,1495.89,1495.89,1495.88,1495.88,-0.0,13.25,19557.09,-1
2026-04-28,2026-04-28 13:14:00,1495.88,1495.88,1495.88,1495.88,0.0,13.25,19557.09,0
2026-04-28,2026-04-28 13:15:00,1495.88,1495.88,1495.87,1495.87,-0.0,13.25,19557.09,-1
2026-04-28,2026-04-28 13:16:00,1495.87,1495.87,1495.86,1495.86,-0.0,13.25,19557.09,-1
2026-04-28,2026-04-28 13:17:00,1495.86,1495.86,1495.85,1495.85,-0.0,13.25,19557.09,-1
2026-04-28,2026-04-28 13:18:00,1495.85,1495.85,1495.84,1495.84,-0.0,13.25,19557.09,-1
2026-04-28,2026-04-28 13:19:00,1495.84,1495.84,1495.83,1495.83,-0.0,13.25,19557.09,-1
2026-04-28,2026-04-28 13:20:00,1495.83,1495.83,1495.83,1495.83,0.0,13.25,19557.09,0
2026-04-28,2026-04-28 13:21:00,1495.83,1495.83,1495.82,1495.82,-0.0,13.25,19557.09,-1
2026-04-28,2026-04-28 13:22:00,1495.82,1495.82,1495.81,1495.81,-0.0,13.25,19557.09,-1
2026-04-28,2026-04-28 13:23:00,1495.81,1495.81,1495.8,1495.8,-0.0,13.25,19557.09,-1
2026-04-28,2026-04-28 13:24:00,1495.8,1495.8,1495.79,1495.79,-0.0,13.25,19557.09,-1
2026-04-28,2026-04-28 13:25:00,1495.79,1495.79,1495.78,1495.78,-0.0,13.25,19557.09,-1
2026-04-28,2026-04-28 13:26:00,1495.78,1495.78,1495.78,1495.78,0.0,13.25,19557.09,0
2026-04-28,2026-04-28 13:27:00,1495.78,1495.78,1495.77,1495.77,-0.0,13.25,19557.09,-1
2026-04-28,2026-04-28 13:28:00,1495.77,1495.77,1495.76,1495.76,-0.0,13.25,19557.09,-1
2026-04-28,2026-04-28 13:29:00,1495.76,1495.76,1495.75,1495.75,-0.0,13.25,19557.09,-1
2026-04-28,2026-04-28 13:30:00,1495.75,1495.75,1495.74,1495.74,-0.0,13.25,19557.09,-1
2026-04-28,2026-04-28 13:31:00,1495.74,1495.74,1495.73,1495.73,-0.0,13.25,19557.09,-1
2026-04-28,2026-04-28 13:32:00,1495.73,1495.73,1495.72,1495.72,-0.0,13.25,19557.09,-1
2026-04-28,2026-04-28 13:33:00,1495.72,1495.72,1495.72,1495.72,0.0,13.25,19557.09,0
2026-04-28,2026-04-28 13:34:00,1495.72,1495.72,1495.71,1495.71,-0.0,13.25,19557.09,-1
2026-04-28,2026-04-28 13:35:00,1495.71,1495.71,1495.7,1495.7,-0.0,13.25,19557.09,-1
2026-04-28,2026-04-28 13:36:00,1495.7,1495.7,1495.69,1495.69,-0.0,13.25,19557.09,-1
2026-04-28,2026-04-28 13:37:00,1495.69,1495.69,1495.68,1495.68,-0.0,13.25,19557.09,-1
2026-04-28,2026-04-28 13:38:00,1495.68,1495.68,1495.67,1495.67,-0.0,13.25,19557.09,-1
2026-04-28,2026-04-28 13:39:00,1495.67,1495.67,1495.67,1495.67,0.0,13.25,19557.09,0
2026-04-28,2026-04-28 13:40:00,1495.67,1495.67,1495.66,1495.66,-0.0,13.25,19557.09,-1
2026-04-28,2026-04-28 13:41:00,1495.66,1495.66,1495.65,1495.65,-0.0,13.25,19557.09,-1
2026-04-28,2026-04-28 13:42:00,1495.65,1495.65,1495.64,1495.64,-0.0,13.25,19557.09,-1
2026-04-28,2026-04-28 13:43:00,1495.64,1495.64,1495.63,1495.63,-0.0,13.25,19557.09,-1
2026-04-28,2026-04-28 13:44:00,1495.63,1495.63,1495.62,1495.62,-0.0,13.25,19557.09,-1
2026-04-28,2026-04-28 13:45:00,1495.62,1495.62,1495.62,1495.62,0.0,13.25,19557.09,0
2026-04-28,2026-04-28 13:46:00,1495.62,1495.62,1495.61,1495.61,-0.0,13.25,19557.09,-1
2026-04-28,2026-04-28 13:47:00,1495.61,1495.61,1495.6,1495.6,-0.0,13.25,19557.09,-1
2026-04-28,2026-04-28 13:48:00,1495.6,1495.6,1495.59,1495.59,-0.0,13.25,19557.09,-1
2026-04-28,2026-04-28 13:49:00,1495.59,1495.59,1495.58,1495.58,-0.0,13.25,19557.09,-1
2026-04-28,2026-04-28 13:50:00,1495.58,1495.58,1495.58,1495.58,0.0,13.25,19557.09,0
2026-04-28,2026-04-28 13:51:00,1495.58,1495.58,1495.57,1495.57,-0.0,13.25,19557.09,-1
2026-04-28,2026-04-28 13:52:00,1495.57,1495.57,1495.56,1495.56,-0.0,13.25,19557.09,-1
2026-04-28,2026-04-28 13:53:00,1495.56,1495.56,1495.55,1495.55,-0.0,13.25,19557.09,-1
2026-04-28,2026-04-28 13:54:00,1495.55,1495.55,1495.54,1495.54,-0.0,13.25,19557.09,-1
2026-04-28,2026-04-28 13:55:00,1495.54,1495.54,1495.53,1495.53,-0.0,13.25,19557.09,-1
2026-04-28,2026-04-28 13:56:00,1495.53,1495.53,1495.53,1495.53,0.0,13.25,19557.09,0
2026-04-28,2026-04-28 13:57:00,1495.53,1495.53,1495.52,1495.52,-0.0,13.25,19557.09,-1
2026-04-28,2026-04-28 13:58:00,1495.52,1495.52,1495.51,1495.51,-0.0,13.25,19557.09,-1
2026-04-28,2026-04-28 13:59:00,1495.51,1495.51,1495.5,1495.5,-0.0,13.25,19557.09,-1
2026-04-28,2026-04-28 14:00:00,1495.5,1495.5,1495.49,1495.49,-0.0,13.25,19557.09,-1
2026-04-28,2026-04-28 14:01:00,1495.49,1495.49,1495.48,1495.48,-0.0,13.25,19557.09,-1
2026-04-28,2026-04-28 14:02:00,1495.48,1495.48,1495.47,1495.47,-0.0,13.25,19557.09,-1
2026-04-28,2026-04-28 14:03:00,1495.47,1495.47,1495.47,1495.47,0.0,13.25,19557.09,0
2026-04-28,2026-04-28 14:04:00,1495.47,1495.47,1495.46,1495.46,-0.0,13.25,19557.09,-1
2026-04-28,2026-04-28 14:05:00,1495.46,1495.46,1495.45,1495.45,-0.0,13.25,19557.09,-1
2026-04-28,2026-04-28 14:06:00,1495.45,1495.45,1495.44,1495.44,-0.0,13.25,19557.09,-1
2026-04-28,2026-04-28 14:07:00,1495.44,1495.44,1495.43,1495.43,-0.0,13.25,19557.09,-1
2026-04-28,2026-04-28 14:08:00,1495.43,1495.43,1495.42,1495.42,-0.0,13.25,19557.09,-1
2026-04-28,2026-04-28 14:09:00,1495.42,1495.42,1495.42,1495.42,0.0,13.25,19557.09,0
2026-04-28,2026-04-28 14:10:00,1495.42,1495.42,1495.41,1495.41,-0.0,13.25,19557.09,-1
2026-04-28,2026-04-28 14:11:00,1495.41,1495.41,1495.4,1495.4,-0.0,13.25,19557.09,-1
2026-04-28,2026-04-28 14:12:00,1495.4,1495.4,1495.39,1495.39,-0.0,13.25,19557.09,-1
2026-04-28,2026-04-28 14:13:00,1495.39,1495.39,1495.38,1495.38,-0.0,13.25,19557.09,-1
2026-04-28,2026-04-28 14:14:00,1495.38,1495.38,1495.38,1495.38,0.0,13.25,19557.09,0
2026-04-28,2026-04-28 14:15:00,1495.38,1495.38,1495.37,1495.37,-0.0,13.25,19557.09,-1
2026-04-28,2026-04-28 14:16:00,1495.37,1495.37,1495.36,1495.36,-0.0,13.25,19557.09,-1
2026-04-28,2026-04-28 14:17:00,1495.36,1495.36,1495.35,1495.35,-0.0,13.25,19557.09,-1
2026-04-28,2026-04-28 14:18:00,1495.35,1495.35,1495.34,1495.34,-0.0,13.25,19557.09,-1
2026-04-28,2026-04-28 14:19:00,1495.34,1495.34,1495.33,1495.33,-0.0,13.25,19557.09,-1
2026-04-28,2026-04-28 14:20:00,1495.33,1495.33,1495.33,1495.33,0.0,13.25,19557.09,0
2026-04-28,2026-04-28 14:21:00,1495.33,1495.33,1495.32,1495.32,-0.0,13.25,19557.09,-1
2026-04-28,2026-04-28 14:22:00,1495.32,1495.32,1495.31,1495.31,-0.0,13.25,19557.09,-1
2026-04-28,2026-04-28 14:23:00,1495.31,1495.31,1495.3,1495.3,-0.0,13.25,19557.09,-1
2026-04-28,2026-04-28 14:24:00,1495.3,1495.3,1495.29,1495.29,-0.0,13.25,19557.09,-1
2026-04-28,2026-04-28 14:25:00,1495.29,1495.29,1495.28,1495.28,-0.0,13.25,19557.09,-1
2026-04-28,2026-04-28 14:26:00,1495.28,1495.28,1495.28,1495.28,0.0,13.25,19557.09,0
2026-04-28,2026-04-28 14:27:00,1495.28,1495.28,1495.27,1495.27,-0.0,13.25,19557.09,-1
2026-04-28,2026-04-28 14:28:00,1495.27,1495.27,1495.26,1495.26,-0.0,13.25,19557.09,-1
2026-04-28,2026-04-28 14:29:00,1495.26,1495.26,1495.25,1495.25,-0.0,13.25,19557.09,-1
2026-04-28,2026-04-28 14:30:00,1495.25,1495.25,1495.24,1495.24,-0.0,13.25,19557.09,-1
2026-04-28,2026-04-28 14:31:00,1495.24,1495.24,1495.23,1495.23,-0.0,13.25,19557.09,-1
2026-04-28,2026-04-28 14:32:00,1495.23,1495.23,1495.22,1495.22,-0.0,13.25,19557.09,-1
2026-04-28,2026-04-28 14:33:00,1495.22,1495.22,1495.22,1495.22,0.0,13.25,19557.09,0
2026-04-28,2026-04-28 14:34:00,1495.22,1495.22,1495.21,1495.21,-0.0,13.25,19557.09,-1
2026-04-28,2026-04-28 14:35:00,1495.21,1495.21,1495.2,1495.2,-0.0,13.25,19557.09,-1
2026-04-28,2026-04-28 14:36:00,1495.2,1495.2,1495.19,1495.19,-0.0,13.25,19557.09,-1
2026-04-28,2026-04-28 14:37:00,1495.19,1495.19,1495.18,1495.18,-0.0,13.25,19557.09,-1
2026-04-28,2026-04-28 14:38:00,1495.18,1495.18,1495.17,1495.17,-0.0,13.25,19557.09,-1
2026-04-28,2026-04-28 14:39:00,1495.17,1495.17,1495.17,1495.17,0.0,13.25,19557.09,0
2026-04-28,2026-04-28 14:40:00,1495.17,1495.17,1495.16,1495.16,-0.0,13.25,19557.09,-1
2026-04-28,2026-04-28 14:41:00,1495.16,1495.16,1495.15,1495.15,-0.0,13.25,19557.09,-1
2026-04-28,2026-04-28 14:42:00,1495.15,1495.15,1495.14,1495.14,-0.0,13.25,19557.09,-1
2026-04-28,2026-04-28 14:43:00,1495.14,1495.14,1495.13,1495.13,-0.0,13.25,19557.09,-1
2026-04-28,2026-04-28 14:44:00,1495.13,1495.13,1495.12,1495.12,-0.0,13.25,19557.09,-1
2026-04-28,2026-04-28 14:45:00,1495.12,1495.12,1495.12,1495.12,0.0,13.25,19557.09,0
2026-04-28,2026-04-28 14:46:00,1495.12,1495.12,1495.11,1495.11,-0.0,13.25,19557.09,-1
2026-04-28,2026-04-28 14:47:00,1495.11,1495.11,1495.1,1495.1,-0.0,13.25,19557.09,-1
2026-04-28,2026-04-28 14:48:00,1495.1,1495.1,1495.09,1495.09,-0.0,13.25,19557.09,-1
2026-04-28,2026-04-28 14:49:00,1495.09,1495.09,1495.08,1495.08,-0.0,13.25,19557.09,-1
2026-04-28,2026-04-28 14:50:00,1495.08,1495.08,1495.08,1495.08,0.0,13.25,19557.09,0
2026-04-28,2026-04-28 14:51:00,1495.08,1495.08,1495.07,1495.07,-0.0,13.25,19557.09,-1
2026-04-28,2026-04-28 14:52:00,1495.07,1495.07,1495.06,1495.06,-0.0,13.25,19557.09,-1
2026-04-28,2026-04-28 14:53:00,1495.06,1495.06,1495.05,1495.05,-0.0,13.25,19557.09,-1
2026-04-28,2026-04-28 14:54:00,1495.05,1495.05,1495.04,1495.04,-0.0,13.25,19557.09,-1
2026-04-28,2026-04-28 14:55:00,1495.04,1495.04,1495.03,1495.03,-0.0,13.25,19557.09,-1
2026-04-28,2026-04-28 14:56:00,1495.03,1495.03,1495.03,1495.03,0.0,13.25,19557.09,0
2026-04-28,2026-04-28 14:57:00,1495.03,1495.03,1495.02,1495.02,-0.0,13.25,19557.09,-1
2026-04-28,2026-04-28 14:58:00,1495.02,1495.02,1495.01,1495.01,-0.0,13.25,19557.09,-1
2026-04-28,2026-04-28 14:59:00,1495.01,1495.01,1495.0,1495.0,-0.0,13.25,19557.09,-1
2026-04-28,2026-04-28 15:00:00,1495.0,1523.9,1460.0,1495.0,0.0,13.25,19557.09,0
2026-04-29,2026-04-29 11:00:00,1495.0,1502.44,1486.69,1494.94,-0.0,4.12,6084.45,-1
2026-04-29,2026-04-29 11:01:00,1494.94,1494.94,1494.88,1494.88,-0.0,4.12,6084.45,-1
2026-04-29,2026-04-29 11:02:00,1494.88,1494.88,1494.81,1494.81,-0.0,4.12,6084.45,-1
2026-04-29,2026-04-29 11:03:00,1494.81,1494.81,1494.75,1494.75,-0.0,4.12,6084.45,-1
2026-04-29,2026-04-29 11:04:00,1494.75,1494.75,1494.69,1494.69,-0.0,4.12,6084.45,-1
2026-04-29,2026-04-29 11:05:00,1494.69,1494.69,1494.62,1494.62,-0.0,4.12,6084.45,-1
2026-04-29,2026-04-29 11:06:00,1494.62,1494.62,1494.56,1494.56,-0.0,4.12,6084.45,-1
2026-04-29,2026-04-29 11:07:00,1494.56,1494.56,1494.5,1494.5,-0.0,4.12,6084.45,-1
2026-04-29,2026-04-29 11:08:00,1494.5,1494.5,1494.44,1494.44,-0.0,4.12,6084.45,-1
2026-04-29,2026-04-29 11:09:00,1494.44,1494.44,1494.38,1494.38,-0.0,4.12,6084.45,-1
2026-04-29,2026-04-29 11:10:00,1494.38,1494.38,1494.31,1494.31,-0.0,4.12,6084.45,-1
2026-04-29,2026-04-29 11:11:00,1494.31,1494.31,1494.25,1494.25,-0.0,4.12,6084.45,-1
2026-04-29,2026-04-29 11:12:00,1494.25,1494.25,1494.19,1494.19,-0.0,4.12,6084.45,-1
2026-04-29,2026-04-29 11:13:00,1494.19,1494.19,1494.12,1494.12,-0.0,4.12,6084.45,-1
2026-04-29,2026-04-29 11:14:00,1494.12,1494.12,1494.06,1494.06,-0.0,4.12,6084.45,-1
2026-04-29,2026-04-29 11:15:00,1494.06,1494.06,1494.0,1494.0,-0.0,4.12,6084.45,-1
2026-04-29,2026-04-29 11:16:00,1494.0,1494.0,1493.94,1493.94,-0.0,4.12,6084.45,-1
2026-04-29,2026-04-29 11:17:00,1493.94,1493.94,1493.88,1493.88,-0.0,4.12,6084.45,-1
2026-04-29,2026-04-29 11:18:00,1493.88,1493.88,1493.81,1493.81,-0.0,4.12,6084.45,-1
2026-04-29,2026-04-29 11:19:00,1493.81,1493.81,1493.75,1493.75,-0.0,4.12,6084.45,-1
2026-04-29,2026-04-29 11:20:00,1493.75,1493.75,1493.69,1493.69,-0.0,4.12,6084.45,-1
2026-04-29,2026-04-29 11:21:00,1493.69,1493.69,1493.62,1493.62,-0.0,4.12,6084.45,-1
2026-04-29,2026-04-29 11:22:00,1493.62,1493.62,1493.56,1493.56,-0.0,4.12,6084.45,-1
2026-04-29,2026-04-29 11:23:00,1493.56,1493.56,1493.5,1493.5,-0.0,4.12,6084.45,-1
2026-04-29,2026-04-29 11:24:00,1493.5,1493.5,1493.44,1493.44,-0.0,4.12,6084.45,-1
2026-04-29,2026-04-29 11:25:00,1493.44,1493.44,1493.38,1493.38,-0.0,4.12,6084.45,-1
2026-04-29,2026-04-29 11:26:00,1493.38,1493.38,1493.31,1493.31,-0.0,4.12,6084.45,-1
2026-04-29,2026-04-29 11:27:00,1493.31,1493.31,1493.25,1493.25,-0.0,4.12,6084.45,-1
2026-04-29,2026-04-29 11:28:00,1493.25,1493.25,1493.19,1493.19,-0.0,4.12,6084.45,-1
2026-04-29,2026-04-29 11:29:00,1493.19,1493.19,1493.12,1493.12,-0.0,4.12,6084.45,-1
2026-04-29,2026-04-29 11:30:00,1493.12,1493.12,1493.06,1493.06,-0.0,4.12,6084.45,-1
2026-04-29,2026-04-29 11:31:00,1493.06,1493.06,1493.0,1493.0,-0.0,4.12,6084.45,-1
2026-04-29,2026-04-29 11:32:00,1493.0,1493.0,1492.94,1492.94,-0.0,4.12,6084.45,-1
2026-04-29,2026-04-29 11:33:00,1492.94,1492.94,1492.88,1492.88,-0.0,4.12,6084.45,-1
2026-04-29,2026-04-29 11:34:00,1492.88,1492.88,1492.81,1492.81,-0.0,4.12,6084.45,-1
2026-04-29,2026-04-29 11:35:00,1492.81,1492.81,1492.75,1492.75,-0.0,4.12,6084.45,-1
2026-04-29,2026-04-29 11:36:00,1492.75,1492.75,1492.69,1492.69,-0.0,4.12,6084.45,-1
2026-04-29,2026-04-29 11:37:00,1492.69,1492.69,1492.62,1492.62,-0.0,4.12,6084.45,-1
2026-04-29,2026-04-29 11:38:00,1492.62,1492.62,1492.56,1492.56,-0.0,4.12,6084.45,-1
2026-04-29,2026-04-29 11:39:00,1492.56,1492.56,1492.5,1492.5,-0.0,4.12,6084.45,-1
2026-04-29,2026-04-29 11:40:00,1492.5,1492.5,1492.44,1492.44,-0.0,4.12,6084.45,-1
2026-04-29,2026-04-29 11:41:00,1492.44,1492.44,1492.38,1492.38,-0.0,4.12,6084.45,-1
2026-04-29,2026-04-29 11:42:00,1492.38,1492.38,1492.31,1492.31,-0.0,4.12,6084.45,-1
2026-04-29,2026-04-29 11:43:00,1492.31,1492.31,1492.25,1492.25,-0.0,4.12,6084.45,-1
2026-04-29,2026-04-29 11:44:00,1492.25,1492.25,1492.19,1492.19,-0.0,4.12,6084.45,-1
2026-04-29,2026-04-29 11:45:00,1492.19,1492.19,1492.12,1492.12,-0.0,4.12,6084.45,-1
2026-04-29,2026-04-29 11:46:00,1492.12,1492.12,1492.06,1492.06,-0.0,4.12,6084.45,-1
2026-04-29,2026-04-29 11:47:00,1492.06,1492.06,1492.0,1492.0,-0.0,4.12,6084.45,-1
2026-04-29,2026-04-29 11:48:00,1492.0,1492.0,1491.94,1491.94,-0.0,4.12,6084.45,-1
2026-04-29,2026-04-29 11:49:00,1491.94,1491.94,1491.88,1491.88,-0.0,4.12,6084.45,-1
2026-04-29,2026-04-29 11:50:00,1491.88,1491.88,1491.81,1491.81,-0.0,4.12,6084.45,-1
2026-04-29,2026-04-29 11:51:00,1491.81,1491.81,1491.75,1491.75,-0.0,4.12,6084.45,-1
2026-04-29,2026-04-29 11:52:00,1491.75,1491.75,1491.69,1491.69,-0.0,4.12,6084.45,-1
2026-04-29,2026-04-29 11:53:00,1491.69,1491.69,1491.62,1491.62,-0.0,4.12,6084.45,-1
2026-04-29,2026-04-29 11:54:00,1491.62,1491.62,1491.56,1491.56,-0.0,4.12,6084.45,-1
2026-04-29,2026-04-29 11:55:00,1491.56,1491.56,1491.5,1491.5,-0.0,4.12,6084.45,-1
2026-04-29,2026-04-29 11:56:00,1491.5,1491.5,1491.44,1491.44,-0.0,4.12,6084.45,-1
2026-04-29,2026-04-29 11:57:00,1491.44,1491.44,1491.38,1491.38,-0.0,4.12,6084.45,-1
2026-04-29,2026-04-29 11:58:00,1491.38,1491.38,1491.31,1491.31,-0.0,4.12,6084.45,-1
2026-04-29,2026-04-29 11:59:00,1491.31,1491.31,1491.25,1491.25,-0.0,4.12,6084.45,-1
2026-04-29,2026-04-29 12:00:00,1491.25,1491.25,1491.19,1491.19,-0.0,4.12,6084.45,-1
2026-04-29,2026-04-29 12:01:00,1491.19,1491.19,1491.12,1491.12,-0.0,4.12,6084.45,-1
2026-04-29,2026-04-29 12:02:00,1491.12,1491.12,1491.06,1491.06,-0.0,4.12,6084.45,-1
2026-04-29,2026-04-29 12:03:00,1491.06,1491.06,1491.0,1491.0,-0.0,4.12,6084.45,-1
2026-04-29,2026-04-29 12:04:00,1491.0,1491.0,1490.94,1490.94,-0.0,4.12,6084.45,-1
2026-04-29,2026-04-29 12:05:00,1490.94,1490.94,1490.88,1490.88,-0.0,4.12,6084.45,-1
2026-04-29,2026-04-29 12:06:00,1490.88,1490.88,1490.81,1490.81,-0.0,4.12,6084.45,-1
2026-04-29,2026-04-29 12:07:00,1490.81,1490.81,1490.75,1490.75,-0.0,4.12,6084.45,-1
2026-04-29,2026-04-29 12:08:00,1490.75,1490.75,1490.69,1490.69,-0.0,4.12,6084.45,-1
2026-04-29,2026-04-29 12:09:00,1490.69,1490.69,1490.62,1490.62,-0.0,4.12,6084.45,-1
2026-04-29,2026-04-29 12:10:00,1490.62,1490.62,1490.56,1490.56,-0.0,4.12,6084.45,-1
2026-04-29,2026-04-29 12:11:00,1490.56,1490.56,1490.5,1490.5,-0.0,4.12,6084.45,-1
2026-04-29,2026-04-29 12:12:00,1490.5,1490.5,1490.44,1490.44,-0.0,4.12,6084.45,-1
2026-04-29,2026-04-29 12:13:00,1490.44,1490.44,1490.38,1490.38,-0.0,4.12,6084.45,-1
2026-04-29,2026-04-29 12:14:00,1490.38,1490.38,1490.31,1490.31,-0.0,4.12,6084.45,-1
2026-04-29,2026-04-29 12:15:00,1490.31,1490.31,1490.25,1490.25,-0.0,4.12,6084.45,-1
2026-04-29,2026-04-29 12:16:00,1490.25,1490.25,1490.19,1490.19,-0.0,4.12,6084.45,-1
2026-04-29,2026-04-29 12:17:00,1490.19,1490.19,1490.12,1490.12,-0.0,4.12,6084.45,-1
2026-04-29,2026-04-29 12:18:00,1490.12,1490.12,1490.06,1490.06,-0.0,4.12,6084.45,-1
2026-04-29,2026-04-29 12:19:00,1490.06,1490.06,1490.0,1490.0,-0.0,4.12,6084.45,-1
2026-04-29,2026-04-29 12:20:00,1490.0,1490.0,1489.94,1489.94,-0.0,4.12,6084.45,-1
2026-04-29,2026-04-29 12:21:00,1489.94,1489.94,1489.88,1489.88,-0.0,4.12,6084.45,-1
2026-04-29,2026-04-29 12:22:00,1489.88,1489.88,1489.81,1489.81,-0.0,4.12,6084.45,-1
2026-04-29,2026-04-29 12:23:00,1489.81,1489.81,1489.75,1489.75,-0.0,4.12,6084.45,-1
2026-04-29,2026-04-29 12:24:00,1489.75,1489.75,1489.69,1489.69,-0.0,4.12,6084.45,-1
2026-04-29,2026-04-29 12:25:00,1489.69,1489.69,1489.62,1489.62,-0.0,4.12,6084.45,-1
2026-04-29,2026-04-29 12:26:00,1489.62,1489.62,1489.56,1489.56,-0.0,4.12,6084.45,-1
2026-04-29,2026-04-29 12:27:00,1489.56,1489.56,1489.5,1489.5,-0.0,4.12,6084.45,-1
2026-04-29,2026-04-29 12:28:00,1489.5,1489.5,1489.44,1489.44,-0.0,4.12,6084.45,-1
2026-04-29,2026-04-29 12:29:00,1489.44,1489.44,1489.38,1489.38,-0.0,4.12,6084.45,-1
2026-04-29,2026-04-29 12:30:00,1489.38,1489.38,1489.31,1489.31,-0.0,4.12,6084.45,-1
2026-04-29,2026-04-29 12:31:00,1489.31,1489.31,1489.25,1489.25,-0.0,4.12,6084.45,-1
2026-04-29,2026-04-29 12:32:00,1489.25,1489.25,1489.19,1489.19,-0.0,4.12,6084.45,-1
2026-04-29,2026-04-29 12:33:00,1489.19,1489.19,1489.12,1489.12,-0.0,4.12,6084.45,-1
2026-04-29,2026-04-29 12:34:00,1489.12,1489.12,1489.06,1489.06,-0.0,4.12,6084.45,-1
2026-04-29,2026-04-29 12:35:00,1489.06,1489.06,1489.0,1489.0,-0.0,4.12,6084.45,-1
2026-04-29,2026-04-29 12:36:00,1489.0,1489.0,1488.94,1488.94,-0.0,4.12,6084.45,-1
2026-04-29,2026-04-29 12:37:00,1488.94,1488.94,1488.88,1488.88,-0.0,4.12,6084.45,-1
2026-04-29,2026-04-29 12:38:00,1488.88,1488.88,1488.81,1488.81,-0.0,4.12,6084.45,-1
2026-04-29,2026-04-29 12:39:00,1488.81,1488.81,1488.75,1488.75,-0.0,4.12,6084.45,-1
2026-04-29,2026-04-29 12:40:00,1488.75,1488.75,1488.69,1488.69,-0.0,4.12,6084.45,-1
2026-04-29,2026-04-29 12:41:00,1488.69,1488.69,1488.62,1488.62,-0.0,4.12,6084.45,-1
2026-04-29,2026-04-29 12:42:00,1488.62,1488.62,1488.56,1488.56,-0.0,4.12,6084.45,-1
2026-04-29,2026-04-29 12:43:00,1488.56,1488.56,1488.5,1488.5,-0.0,4.12,6084.45,-1
2026-04-29,2026-04-29 12:44:00,1488.5,1488.5,1488.44,1488.44,-0.0,4.12,6084.45,-1
2026-04-29,2026-04-29 12:45:00,1488.44,1488.44,1488.38,1488.38,-0.0,4.12,6084.45,-1
2026-04-29,2026-04-29 12:46:00,1488.38,1488.38,1488.31,1488.31,-0.0,4.12,6084.45,-1
2026-04-29,2026-04-29 12:47:00,1488.31,1488.31,1488.25,1488.25,-0.0,4.12,6084.45,-1
2026-04-29,2026-04-29 12:48:00,1488.25,1488.25,1488.19,1488.19,-0.0,4.12,6084.45,-1
2026-04-29,2026-04-29 12:49:00,1488.19,1488.19,1488.12,1488.12,-0.0,4.12,6084.45,-1
2026-04-29,2026-04-29 12:50:00,1488.12,1488.12,1488.06,1488.06,-0.0,4.12,6084.45,-1
2026-04-29,2026-04-29 12:51:00,1488.06,1488.06,1488.0,1488.0,-0.0,4.12,6084.45,-1
2026-04-29,2026-04-29 12:52:00,1488.0,1488.0,1487.94,1487.94,-0.0,4.12,6084.45,-1
2026-04-29,2026-04-29 12:53:00,1487.94,1487.94,1487.88,1487.88,-0.0,4.12,6084.45,-1
2026-04-29,2026-04-29 12:54:00,1487.88,1487.88,1487.81,1487.81,-0.0,4.12,6084.45,-1
2026-04-29,2026-04-29 12:55:00,1487.81,1487.81,1487.75,1487.75,-0.0,4.12,6084.45,-1
2026-04-29,2026-04-29 12:56:00,1487.75,1487.75,1487.69,1487.69,-0.0,4.12,6084.45,-1
2026-04-29,2026-04-29 12:57:00,1487.69,1487.69,1487.62,1487.62,-0.0,4.12,6084.45,-1
2026-04-29,2026-04-29 12:58:00,1487.62,1487.62,1487.56,1487.56,-0.0,4.12,6084.45,-1
2026-04-29,2026-04-29 12:59:00,1487.56,1487.56,1487.5,1487.5,-0.0,4.12,6084.45,-1
2026-04-29,2026-04-29 13:00:00,1487.5,1519.8,1467.3,1487.44,-0.0,4.12,6084.45,-1
2026-04-29,2026-04-29 13:01:00,1487.44,1487.44,1487.38,1487.38,-0.0,4.12,6084.45,-1
2026-04-29,2026-04-29 13:02:00,1487.38,1487.38,1487.31,1487.31,-0.0,4.12,6084.45,-1
2026-04-29,2026-04-29 13:03:00,1487.31,1487.31,1487.25,1487.25,-0.0,4.12,6084.45,-1
2026-04-29,2026-04-29 13:04:00,1487.25,1487.25,1487.19,1487.19,-0.0,4.12,6084.45,-1
2026-04-29,2026-04-29 13:05:00,1487.19,1487.19,1487.12,1487.12,-0.0,4.12,6084.45,-1
2026-04-29,2026-04-29 13:06:00,1487.12,1487.12,1487.06,1487.06,-0.0,4.12,6084.45,-1
2026-04-29,2026-04-29 13:07:00,1487.06,1487.06,1487.0,1487.0,-0.0,4.12,6084.45,-1
2026-04-29,2026-04-29 13:08:00,1487.0,1487.0,1486.94,1486.94,-0.0,4.12,6084.45,-1
2026-04-29,2026-04-29 13:09:00,1486.94,1486.94,1486.88,1486.88,-0.0,4.12,6084.45,-1
2026-04-29,2026-04-29 13:10:00,1486.88,1486.88,1486.81,1486.81,-0.0,4.12,6084.45,-1
2026-04-29,2026-04-29 13:11:00,1486.81,1486.81,1486.75,1486.75,-0.0,4.12,6084.45,-1
2026-04-29,2026-04-29 13:12:00,1486.75,1486.75,1486.69,1486.69,-0.0,4.12,6084.45,-1
2026-04-29,2026-04-29 13:13:00,1486.69,1486.69,1486.62,1486.62,-0.0,4.12,6084.45,-1
2026-04-29,2026-04-29 13:14:00,1486.62,1486.62,1486.56,1486.56,-0.0,4.12,6084.45,-1
2026-04-29,2026-04-29 13:15:00,1486.56,1486.56,1486.5,1486.5,-0.0,4.12,6084.45,-1
2026-04-29,2026-04-29 13:16:00,1486.5,1486.5,1486.44,1486.44,-0.0,4.12,6084.45,-1
2026-04-29,2026-04-29 13:17:00,1486.44,1486.44,1486.38,1486.38,-0.0,4.12,6084.45,-1
2026-04-29,2026-04-29 13:18:00,1486.38,1486.38,1486.31,1486.31,-0.0,4.12,6084.45,-1
2026-04-29,2026-04-29 13:19:00,1486.31,1486.31,1486.25,1486.25,-0.0,4.12,6084.45,-1
2026-04-29,2026-04-29 13:20:00,1486.25,1486.25,1486.19,1486.19,-0.0,4.12,6084.45,-1
2026-04-29,2026-04-29 13:21:00,1486.19,1486.19,1486.12,1486.12,-0.0,4.12,6084.45,-1
2026-04-29,2026-04-29 13:22:00,1486.12,1486.12,1486.06,1486.06,-0.0,4.12,6084.45,-1
2026-04-29,2026-04-29 13:23:00,1486.06,1486.06,1486.0,1486.0,-0.0,4.12,6084.45,-1
2026-04-29,2026-04-29 13:24:00,1486.0,1486.0,1485.94,1485.94,-0.0,4.12,6084.45,-1
2026-04-29,2026-04-29 13:25:00,1485.94,1485.94,1485.88,1485.88,-0.0,4.12,6084.45,-1
2026-04-29,2026-04-29 13:26:00,1485.88,1485.88,1485.81,1485.81,-0.0,4.12,6084.45,-1
2026-04-29,2026-04-29 13:27:00,1485.81,1485.81,1485.75,1485.75,-0.0,4.12,6084.45,-1
2026-04-29,2026-04-29 13:28:00,1485.75,1485.75,1485.69,1485.69,-0.0,4.12,6084.45,-1
2026-04-29,2026-04-29 13:29:00,1485.69,1485.69,1485.62,1485.62,-0.0,4.12,6084.45,-1
2026-04-29,2026-04-29 13:30:00,1485.62,1485.62,1485.56,1485.56,-0.0,4.12,6084.45,-1
2026-04-29,2026-04-29 13:31:00,1485.56,1485.56,1485.5,1485.5,-0.0,4.12,6084.45,-1
2026-04-29,2026-04-29 13:32:00,1485.5,1485.5,1485.44,1485.44,-0.0,4.12,6084.45,-1
2026-04-29,2026-04-29 13:33:00,1485.44,1485.44,1485.38,1485.38,-0.0,4.12,6084.45,-1
2026-04-29,2026-04-29 13:34:00,1485.38,1485.38,1485.31,1485.31,-0.0,4.12,6084.45,-1
2026-04-29,2026-04-29 13:35:00,1485.31,1485.31,1485.25,1485.25,-0.0,4.12,6084.45,-1
2026-04-29,2026-04-29 13:36:00,1485.25,1485.25,1485.19,1485.19,-0.0,4.12,6084.45,-1
2026-04-29,2026-04-29 13:37:00,1485.19,1485.19,1485.12,1485.12,-0.0,4.12,6084.45,-1
2026-04-29,2026-04-29 13:38:00,1485.12,1485.12,1485.06,1485.06,-0.0,4.12,6084.45,-1
2026-04-29,2026-04-29 13:39:00,1485.06,1485.06,1485.0,1485.0,-0.0,4.12,6084.45,-1
2026-04-29,2026-04-29 13:40:00,1485.0,1485.0,1484.94,1484.94,-0.0,4.12,6084.45,-1
2026-04-29,2026-04-29 13:41:00,1484.94,1484.94,1484.88,1484.88,-0.0,4.12,6084.45,-1
2026-04-29,2026-04-29 13:42:00,1484.88,1484.88,1484.81,1484.81,-0.0,4.12,6084.45,-1
2026-04-29,2026-04-29 13:43:00,1484.81,1484.81,1484.75,1484.75,-0.0,4.12,6084.45,-1
2026-04-29,2026-04-29 13:44:00,1484.75,1484.75,1484.69,1484.69,-0.0,4.12,6084.45,-1
2026-04-29,2026-04-29 13:45:00,1484.69,1484.69,1484.62,1484.62,-0.0,4.12,6084.45,-1
2026-04-29,2026-04-29 13:46:00,1484.62,1484.62,1484.56,1484.56,-0.0,4.12,6084.45,-1
2026-04-29,2026-04-29 13:47:00,1484.56,1484.56,1484.5,1484.5,-0.0,4.12,6084.45,-1
2026-04-29,2026-04-29 13:48:00,1484.5,1484.5,1484.44,1484.44,-0.0,4.12,6084.45,-1
2026-04-29,2026-04-29 13:49:00,1484.44,1484.44,1484.38,1484.38,-0.0,4.12,6084.45,-1
2026-04-29,2026-04-29 13:50:00,1484.38,1484.38,1484.31,1484.31,-0.0,4.12,6084.45,-1
2026-04-29,2026-04-29 13:51:00,1484.31,1484.31,1484.25,1484.25,-0.0,4.12,6084.45,-1
2026-04-29,2026-04-29 13:52:00,1484.25,1484.25,1484.19,1484.19,-0.0,4.12,6084.45,-1
2026-04-29,2026-04-29 13:53:00,1484.19,1484.19,1484.12,1484.12,-0.0,4.12,6084.45,-1
2026-04-29,2026-04-29 13:54:00,1484.12,1484.12,1484.06,1484.06,-0.0,4.12,6084.45,-1
2026-04-29,2026-04-29 13:55:00,1484.06,1484.06,1484.0,1484.0,-0.0,4.12,6084.45,-1
2026-04-29,2026-04-29 13:56:00,1484.0,1484.0,1483.94,1483.94,-0.0,4.12,6084.45,-1
2026-04-29,2026-04-29 13:57:00,1483.94,1483.94,1483.88,1483.88,-0.0,4.12,6084.45,-1
2026-04-29,2026-04-29 13:58:00,1483.88,1483.88,1483.81,1483.81,-0.0,4.12,6084.45,-1
2026-04-29,2026-04-29 13:59:00,1483.81,1483.81,1483.75,1483.75,-0.0,4.12,6084.45,-1
2026-04-29,2026-04-29 14:00:00,1483.75,1483.75,1483.69,1483.69,-0.0,4.12,6084.45,-1
2026-04-29,2026-04-29 14:01:00,1483.69,1483.69,1483.62,1483.62,-0.0,4.12,6084.45,-1
2026-04-29,2026-04-29 14:02:00,1483.62,1483.62,1483.56,1483.56,-0.0,4.12,6084.45,-1
2026-04-29,2026-04-29 14:03:00,1483.56,1483.56,1483.5,1483.5,-0.0,4.12,6084.45,-1
2026-04-29,2026-04-29 14:04:00,1483.5,1483.5,1483.44,1483.44,-0.0,4.12,6084.45,-1
2026-04-29,2026-04-29 14:05:00,1483.44,1483.44,1483.38,1483.38,-0.0,4.12,6084.45,-1
2026-04-29,2026-04-29 14:06:00,1483.38,1483.38,1483.31,1483.31,-0.0,4.12,6084.45,-1
2026-04-29,2026-04-29 14:07:00,1483.31,1483.31,1483.25,1483.25,-0.0,4.12,6084.45,-1
2026-04-29,2026-04-29 14:08:00,1483.25,1483.25,1483.19,1483.19,-0.0,4.12,6084.45,-1
2026-04-29,2026-04-29 14:09:00,1483.19,1483.19,1483.12,1483.12,-0.0,4.12,6084.45,-1
2026-04-29,2026-04-29 14:10:00,1483.12,1483.12,1483.06,1483.06,-0.0,4.12,6084.45,-1
2026-04-29,2026-04-29 14:11:00,1483.06,1483.06,1483.0,1483.0,-0.0,4.12,6084.45,-1
2026-04-29,2026-04-29 14:12:00,1483.0,1483.0,1482.94,1482.94,-0.0,4.12,6084.45,-1
2026-04-29,2026-04-29 14:13:00,1482.94,1482.94,1482.88,1482.88,-0.0,4.12,6084.45,-1
2026-04-29,2026-04-29 14:14:00,1482.88,1482.88,1482.81,1482.81,-0.0,4.12,6084.45,-1
2026-04-29,2026-04-29 14:15:00,1482.81,1482.81,1482.75,1482.75,-0.0,4.12,6084.45,-1
2026-04-29,2026-04-29 14:16:00,1482.75,1482.75,1482.69,1482.69,-0.0,4.12,6084.45,-1
2026-04-29,2026-04-29 14:17:00,1482.69,1482.69,1482.62,1482.62,-0.0,4.12,6084.45,-1
2026-04-29,2026-04-29 14:18:00,1482.62,1482.62,1482.56,1482.56,-0.0,4.12,6084.45,-1
2026-04-29,2026-04-29 14:19:00,1482.56,1482.56,1482.5,1482.5,-0.0,4.12,6084.45,-1
2026-04-29,2026-04-29 14:20:00,1482.5,1482.5,1482.44,1482.44,-0.0,4.12,6084.45,-1
2026-04-29,2026-04-29 14:21:00,1482.44,1482.44,1482.38,1482.38,-0.0,4.12,6084.45,-1
2026-04-29,2026-04-29 14:22:00,1482.38,1482.38,1482.31,1482.31,-0.0,4.12,6084.45,-1
2026-04-29,2026-04-29 14:23:00,1482.31,1482.31,1482.25,1482.25,-0.0,4.12,6084.45,-1
2026-04-29,2026-04-29 14:24:00,1482.25,1482.25,1482.19,1482.19,-0.0,4.12,6084.45,-1
2026-04-29,2026-04-29 14:25:00,1482.19,1482.19,1482.12,1482.12,-0.0,4.12,6084.45,-1
2026-04-29,2026-04-29 14:26:00,1482.12,1482.12,1482.06,1482.06,-0.0,4.12,6084.45,-1
2026-04-29,2026-04-29 14:27:00,1482.06,1482.06,1482.0,1482.0,-0.0,4.12,6084.45,-1
2026-04-29,2026-04-29 14:28:00,1482.0,1482.0,1481.94,1481.94,-0.0,4.12,6084.45,-1
2026-04-29,2026-04-29 14:29:00,1481.94,1481.94,1481.88,1481.88,-0.0,4.12,6084.45,-1
2026-04-29,2026-04-29 14:30:00,1481.88,1481.88,1481.81,1481.81,-0.0,4.12,6084.45,-1
2026-04-29,2026-04-29 14:31:00,1481.81,1481.81,1481.75,1481.75,-0.0,4.12,6084.45,-1
2026-04-29,2026-04-29 14:32:00,1481.75,1481.75,1481.69,1481.69,-0.0,4.12,6084.45,-1
2026-04-29,2026-04-29 14:33:00,1481.69,1481.69,1481.62,1481.62,-0.0,4.12,6084.45,-1
2026-04-29,2026-04-29 14:34:00,1481.62,1481.62,1481.56,1481.56,-0.0,4.12,6084.45,-1
2026-04-29,2026-04-29 14:35:00,1481.56,1481.56,1481.5,1481.5,-0.0,4.12,6084.45,-1
2026-04-29,2026-04-29 14:36:00,1481.5,1481.5,1481.44,1481.44,-0.0,4.12,6084.45,-1
2026-04-29,2026-04-29 14:37:00,1481.44,1481.44,1481.38,1481.38,-0.0,4.12,6084.45,-1
2026-04-29,2026-04-29 14:38:00,1481.38,1481.38,1481.31,1481.31,-0.0,4.12,6084.45,-1
2026-04-29,2026-04-29 14:39:00,1481.31,1481.31,1481.25,1481.25,-0.0,4.12,6084.45,-1
2026-04-29,2026-04-29 14:40:00,1481.25,1481.25,1481.19,1481.19,-0.0,4.12,6084.45,-1
2026-04-29,2026-04-29 14:41:00,1481.19,1481.19,1481.12,1481.12,-0.0,4.12,6084.45,-1
2026-04-29,2026-04-29 14:42:00,1481.12,1481.12,1481.06,1481.06,-0.0,4.12,6084.45,-1
2026-04-29,2026-04-29 14:43:00,1481.06,1481.06,1481.0,1481.0,-0.0,4.12,6084.45,-1
2026-04-29,2026-04-29 14:44:00,1481.0,1481.0,1480.94,1480.94,-0.0,4.12,6084.45,-1
2026-04-29,2026-04-29 14:45:00,1480.94,1480.94,1480.88,1480.88,-0.0,4.12,6084.45,-1
2026-04-29,2026-04-29 14:46:00,1480.88,1480.88,1480.81,1480.81,-0.0,4.12,6084.45,-1
2026-04-29,2026-04-29 14:47:00,1480.81,1480.81,1480.75,1480.75,-0.0,4.12,6084.45,-1
2026-04-29,2026-04-29 14:48:00,1480.75,1480.75,1480.69,1480.69,-0.0,4.12,6084.45,-1
2026-04-29,2026-04-29 14:49:00,1480.69,1480.69,1480.62,1480.62,-0.0,4.12,6084.45,-1
2026-04-29,2026-04-29 14:50:00,1480.62,1480.62,1480.56,1480.56,-0.0,4.12,6084.45,-1
2026-04-29,2026-04-29 14:51:00,1480.56,1480.56,1480.5,1480.5,-0.0,4.12,6084.45,-1
2026-04-29,2026-04-29 14:52:00,1480.5,1480.5,1480.44,1480.44,-0.0,4.12,6084.45,-1
2026-04-29,2026-04-29 14:53:00,1480.44,1480.44,1480.38,1480.38,-0.0,4.12,6084.45,-1
2026-04-29,2026-04-29 14:54:00,1480.38,1480.38,1480.31,1480.31,-0.0,4.12,6084.45,-1
2026-04-29,2026-04-29 14:55:00,1480.31,1480.31,1480.25,1480.25,-0.0,4.12,6084.45,-1
2026-04-29,2026-04-29 14:56:00,1480.25,1480.25,1480.19,1480.19,-0.0,4.12,6084.45,-1
2026-04-29,2026-04-29 14:57:00,1480.19,1480.19,1480.12,1480.12,-0.0,4.12,6084.45,-1
2026-04-29,2026-04-29 14:58:00,1480.12,1480.12,1480.06,1480.06,-0.0,4.12,6084.45,-1
2026-04-29,2026-04-29 14:59:00,1480.06,1480.06,1480.0,1480.0,-0.0,4.12,6084.45,-1
2026-04-29,2026-04-29 15:00:00,1480.0,1519.8,1467.3,1480.0,0.0,4.12,6084.45,0
2026-04-30,2026-04-30 11:00:00,1480.0,1485.1,1472.59,1480.04,0.0,2.67,3945.49,1
2026-04-30,2026-04-30 11:01:00,1480.04,1480.08,1480.04,1480.08,0.0,2.67,3945.49,1
2026-04-30,2026-04-30 11:02:00,1480.08,1480.12,1480.08,1480.12,0.0,2.67,3945.49,1
2026-04-30,2026-04-30 11:03:00,1480.12,1480.17,1480.12,1480.17,0.0,2.67,3945.49,1
2026-04-30,2026-04-30 11:04:00,1480.17,1480.21,1480.17,1480.21,0.0,2.67,3945.49,1
2026-04-30,2026-04-30 11:05:00,1480.21,1480.25,1480.21,1480.25,0.0,2.67,3945.49,1
2026-04-30,2026-04-30 11:06:00,1480.25,1480.29,1480.25,1480.29,0.0,2.67,3945.49,1
2026-04-30,2026-04-30 11:07:00,1480.29,1480.33,1480.29,1480.33,0.0,2.67,3945.49,1
2026-04-30,2026-04-30 11:08:00,1480.33,1480.38,1480.33,1480.38,0.0,2.67,3945.49,1
2026-04-30,2026-04-30 11:09:00,1480.38,1480.42,1480.38,1480.42,0.0,2.67,3945.49,1
2026-04-30,2026-04-30 11:10:00,1480.42,1480.46,1480.42,1480.46,0.0,2.67,3945.49,1
2026-04-30,2026-04-30 11:11:00,1480.46,1480.5,1480.46,1480.5,0.0,2.67,3945.49,1
2026-04-30,2026-04-30 11:12:00,1480.5,1480.54,1480.5,1480.54,0.0,2.67,3945.49,1
2026-04-30,2026-04-30 11:13:00,1480.54,1480.58,1480.54,1480.58,0.0,2.67,3945.49,1
2026-04-30,2026-04-30 11:14:00,1480.58,1480.62,1480.58,1480.62,0.0,2.67,3945.49,1
2026-04-30,2026-04-30 11:15:00,1480.62,1480.67,1480.62,1480.67,0.0,2.67,3945.49,1
2026-04-30,2026-04-30 11:16:00,1480.67,1480.71,1480.67,1480.71,0.0,2.67,3945.49,1
2026-04-30,2026-04-30 11:17:00,1480.71,1480.75,1480.71,1480.75,0.0,2.67,3945.49,1
2026-04-30,2026-04-30 11:18:00,1480.75,1480.79,1480.75,1480.79,0.0,2.67,3945.49,1
2026-04-30,2026-04-30 11:19:00,1480.79,1480.83,1480.79,1480.83,0.0,2.67,3945.49,1
2026-04-30,2026-04-30 11:20:00,1480.83,1480.88,1480.83,1480.88,0.0,2.67,3945.49,1
2026-04-30,2026-04-30 11:21:00,1480.88,1480.92,1480.88,1480.92,0.0,2.67,3945.49,1
2026-04-30,2026-04-30 11:22:00,1480.92,1480.96,1480.92,1480.96,0.0,2.67,3945.49,1
2026-04-30,2026-04-30 11:23:00,1480.96,1481.0,1480.96,1481.0,0.0,2.67,3945.49,1
2026-04-30,2026-04-30 11:24:00,1481.0,1481.04,1481.0,1481.04,0.0,2.67,3945.49,1
2026-04-30,2026-04-30 11:25:00,1481.04,1481.08,1481.04,1481.08,0.0,2.67,3945.49,1
2026-04-30,2026-04-30 11:26:00,1481.08,1481.12,1481.08,1481.12,0.0,2.67,3945.49,1
2026-04-30,2026-04-30 11:27:00,1481.12,1481.17,1481.12,1481.17,0.0,2.67,3945.49,1
2026-04-30,2026-04-30 11:28:00,1481.17,1481.21,1481.17,1481.21,0.0,2.67,3945.49,1
2026-04-30,2026-04-30 11:29:00,1481.21,1481.25,1481.21,1481.25,0.0,2.67,3945.49,1
2026-04-30,2026-04-30 11:30:00,1481.25,1481.29,1481.25,1481.29,0.0,2.67,3945.49,1
2026-04-30,2026-04-30 11:31:00,1481.29,1481.33,1481.29,1481.33,0.0,2.67,3945.49,1
2026-04-30,2026-04-30 11:32:00,1481.33,1481.38,1481.33,1481.38,0.0,2.67,3945.49,1
2026-04-30,2026-04-30 11:33:00,1481.38,1481.42,1481.38,1481.42,0.0,2.67,3945.49,1
2026-04-30,2026-04-30 11:34:00,1481.42,1481.46,1481.42,1481.46,0.0,2.67,3945.49,1
2026-04-30,2026-04-30 11:35:00,1481.46,1481.5,1481.46,1481.5,0.0,2.67,3945.49,1
2026-04-30,2026-04-30 11:36:00,1481.5,1481.54,1481.5,1481.54,0.0,2.67,3945.49,1
2026-04-30,2026-04-30 11:37:00,1481.54,1481.58,1481.54,1481.58,0.0,2.67,3945.49,1
2026-04-30,2026-04-30 11:38:00,1481.58,1481.62,1481.58,1481.62,0.0,2.67,3945.49,1
2026-04-30,2026-04-30 11:39:00,1481.62,1481.67,1481.62,1481.67,0.0,2.67,3945.49,1
2026-04-30,2026-04-30 11:40:00,1481.67,1481.71,1481.67,1481.71,0.0,2.67,3945.49,1
2026-04-30,2026-04-30 11:41:00,1481.71,1481.75,1481.71,1481.75,0.0,2.67,3945.49,1
2026-04-30,2026-04-30 11:42:00,1481.75,1481.79,1481.75,1481.79,0.0,2.67,3945.49,1
2026-04-30,2026-04-30 11:43:00,1481.79,1481.83,1481.79,1481.83,0.0,2.67,3945.49,1
2026-04-30,2026-04-30 11:44:00,1481.83,1481.88,1481.83,1481.88,0.0,2.67,3945.49,1
2026-04-30,2026-04-30 11:45:00,1481.88,1481.92,1481.88,1481.92,0.0,2.67,3945.49,1
2026-04-30,2026-04-30 11:46:00,1481.92,1481.96,1481.92,1481.96,0.0,2.67,3945.49,1
2026-04-30,2026-04-30 11:47:00,1481.96,1482.0,1481.96,1482.0,0.0,2.67,3945.49,1
2026-04-30,2026-04-30 11:48:00,1482.0,1482.04,1482.0,1482.04,0.0,2.67,3945.49,1
2026-04-30,2026-04-30 11:49:00,1482.04,1482.08,1482.04,1482.08,0.0,2.67,3945.49,1
2026-04-30,2026-04-30 11:50:00,1482.08,1482.12,1482.08,1482.12,0.0,2.67,3945.49,1
2026-04-30,2026-04-30 11:51:00,1482.12,1482.17,1482.12,1482.17,0.0,2.67,3945.49,1
2026-04-30,2026-04-30 11:52:00,1482.17,1482.21,1482.17,1482.21,0.0,2.67,3945.49,1
2026-04-30,2026-04-30 11:53:00,1482.21,1482.25,1482.21,1482.25,0.0,2.67,3945.49,1
2026-04-30,2026-04-30 11:54:00,1482.25,1482.29,1482.25,1482.29,0.0,2.67,3945.49,1
2026-04-30,2026-04-30 11:55:00,1482.29,1482.33,1482.29,1482.33,0.0,2.67,3945.49,1
2026-04-30,2026-04-30 11:56:00,1482.33,1482.38,1482.33,1482.38,0.0,2.67,3945.49,1
2026-04-30,2026-04-30 11:57:00,1482.38,1482.42,1482.38,1482.42,0.0,2.67,3945.49,1
2026-04-30,2026-04-30 11:58:00,1482.42,1482.46,1482.42,1482.46,0.0,2.67,3945.49,1
2026-04-30,2026-04-30 11:59:00,1482.46,1482.5,1482.46,1482.5,0.0,2.67,3945.49,1
2026-04-30,2026-04-30 12:00:00,1482.5,1482.54,1482.5,1482.54,0.0,2.67,3945.49,1
2026-04-30,2026-04-30 12:01:00,1482.54,1482.58,1482.54,1482.58,0.0,2.67,3945.49,1
2026-04-30,2026-04-30 12:02:00,1482.58,1482.62,1482.58,1482.62,0.0,2.67,3945.49,1
2026-04-30,2026-04-30 12:03:00,1482.62,1482.67,1482.62,1482.67,0.0,2.67,3945.49,1
2026-04-30,2026-04-30 12:04:00,1482.67,1482.71,1482.67,1482.71,0.0,2.67,3945.49,1
2026-04-30,2026-04-30 12:05:00,1482.71,1482.75,1482.71,1482.75,0.0,2.67,3945.49,1
2026-04-30,2026-04-30 12:06:00,1482.75,1482.79,1482.75,1482.79,0.0,2.67,3945.49,1
2026-04-30,2026-04-30 12:07:00,1482.79,1482.83,1482.79,1482.83,0.0,2.67,3945.49,1
2026-04-30,2026-04-30 12:08:00,1482.83,1482.88,1482.83,1482.88,0.0,2.67,3945.49,1
2026-04-30,2026-04-30 12:09:00,1482.88,1482.92,1482.88,1482.92,0.0,2.67,3945.49,1
2026-04-30,2026-04-30 12:10:00,1482.92,1482.96,1482.92,1482.96,0.0,2.67,3945.49,1
2026-04-30,2026-04-30 12:11:00,1482.96,1483.0,1482.96,1483.0,0.0,2.67,3945.49,1
2026-04-30,2026-04-30 12:12:00,1483.0,1483.04,1483.0,1483.04,0.0,2.67,3945.49,1
2026-04-30,2026-04-30 12:13:00,1483.04,1483.08,1483.04,1483.08,0.0,2.67,3945.49,1
2026-04-30,2026-04-30 12:14:00,1483.08,1483.12,1483.08,1483.12,0.0,2.67,3945.49,1
2026-04-30,2026-04-30 12:15:00,1483.12,1483.17,1483.12,1483.17,0.0,2.67,3945.49,1
2026-04-30,2026-04-30 12:16:00,1483.17,1483.21,1483.17,1483.21,0.0,2.67,3945.49,1
2026-04-30,2026-04-30 12:17:00,1483.21,1483.25,1483.21,1483.25,0.0,2.67,3945.49,1
2026-04-30,2026-04-30 12:18:00,1483.25,1483.29,1483.25,1483.29,0.0,2.67,3945.49,1
2026-04-30,2026-04-30 12:19:00,1483.29,1483.33,1483.29,1483.33,0.0,2.67,3945.49,1
2026-04-30,2026-04-30 12:20:00,1483.33,1483.38,1483.33,1483.38,0.0,2.67,3945.49,1
2026-04-30,2026-04-30 12:21:00,1483.38,1483.42,1483.38,1483.42,0.0,2.67,3945.49,1
2026-04-30,2026-04-30 12:22:00,1483.42,1483.46,1483.42,1483.46,0.0,2.67,3945.49,1
2026-04-30,2026-04-30 12:23:00,1483.46,1483.5,1483.46,1483.5,0.0,2.67,3945.49,1
2026-04-30,2026-04-30 12:24:00,1483.5,1483.54,1483.5,1483.54,0.0,2.67,3945.49,1
2026-04-30,2026-04-30 12:25:00,1483.54,1483.58,1483.54,1483.58,0.0,2.67,3945.49,1
2026-04-30,2026-04-30 12:26:00,1483.58,1483.62,1483.58,1483.62,0.0,2.67,3945.49,1
2026-04-30,2026-04-30 12:27:00,1483.62,1483.67,1483.62,1483.67,0.0,2.67,3945.49,1
2026-04-30,2026-04-30 12:28:00,1483.67,1483.71,1483.67,1483.71,0.0,2.67,3945.49,1
2026-04-30,2026-04-30 12:29:00,1483.71,1483.75,1483.71,1483.75,0.0,2.67,3945.49,1
2026-04-30,2026-04-30 12:30:00,1483.75,1483.79,1483.75,1483.79,0.0,2.67,3945.49,1
2026-04-30,2026-04-30 12:31:00,1483.79,1483.83,1483.79,1483.83,0.0,2.67,3945.49,1
2026-04-30,2026-04-30 12:32:00,1483.83,1483.88,1483.83,1483.88,0.0,2.67,3945.49,1
2026-04-30,2026-04-30 12:33:00,1483.88,1483.92,1483.88,1483.92,0.0,2.67,3945.49,1
2026-04-30,2026-04-30 12:34:00,1483.92,1483.96,1483.92,1483.96,0.0,2.67,3945.49,1
2026-04-30,2026-04-30 12:35:00,1483.96,1484.0,1483.96,1484.0,0.0,2.67,3945.49,1
2026-04-30,2026-04-30 12:36:00,1484.0,1484.04,1484.0,1484.04,0.0,2.67,3945.49,1
2026-04-30,2026-04-30 12:37:00,1484.04,1484.08,1484.04,1484.08,0.0,2.67,3945.49,1
2026-04-30,2026-04-30 12:38:00,1484.08,1484.12,1484.08,1484.12,0.0,2.67,3945.49,1
2026-04-30,2026-04-30 12:39:00,1484.12,1484.17,1484.12,1484.17,0.0,2.67,3945.49,1
2026-04-30,2026-04-30 12:40:00,1484.17,1484.21,1484.17,1484.21,0.0,2.67,3945.49,1
2026-04-30,2026-04-30 12:41:00,1484.21,1484.25,1484.21,1484.25,0.0,2.67,3945.49,1
2026-04-30,2026-04-30 12:42:00,1484.25,1484.29,1484.25,1484.29,0.0,2.67,3945.49,1
2026-04-30,2026-04-30 12:43:00,1484.29,1484.33,1484.29,1484.33,0.0,2.67,3945.49,1
2026-04-30,2026-04-30 12:44:00,1484.33,1484.38,1484.33,1484.38,0.0,2.67,3945.49,1
2026-04-30,2026-04-30 12:45:00,1484.38,1484.42,1484.38,1484.42,0.0,2.67,3945.49,1
2026-04-30,2026-04-30 12:46:00,1484.42,1484.46,1484.42,1484.46,0.0,2.67,3945.49,1
2026-04-30,2026-04-30 12:47:00,1484.46,1484.5,1484.46,1484.5,0.0,2.67,3945.49,1
2026-04-30,2026-04-30 12:48:00,1484.5,1484.54,1484.5,1484.54,0.0,2.67,3945.49,1
2026-04-30,2026-04-30 12:49:00,1484.54,1484.58,1484.54,1484.58,0.0,2.67,3945.49,1
2026-04-30,2026-04-30 12:50:00,1484.58,1484.62,1484.58,1484.62,0.0,2.67,3945.49,1
2026-04-30,2026-04-30 12:51:00,1484.62,1484.67,1484.62,1484.67,0.0,2.67,3945.49,1
2026-04-30,2026-04-30 12:52:00,1484.67,1484.71,1484.67,1484.71,0.0,2.67,3945.49,1
2026-04-30,2026-04-30 12:53:00,1484.71,1484.75,1484.71,1484.75,0.0,2.67,3945.49,1
2026-04-30,2026-04-30 12:54:00,1484.75,1484.79,1484.75,1484.79,0.0,2.67,3945.49,1
2026-04-30,2026-04-30 12:55:00,1484.79,1484.83,1484.79,1484.83,0.0,2.67,3945.49,1
2026-04-30,2026-04-30 12:56:00,1484.83,1484.88,1484.83,1484.88,0.0,2.67,3945.49,1
2026-04-30,2026-04-30 12:57:00,1484.88,1484.92,1484.88,1484.92,0.0,2.67,3945.49,1
2026-04-30,2026-04-30 12:58:00,1484.92,1484.96,1484.92,1484.96,0.0,2.67,3945.49,1
2026-04-30,2026-04-30 12:59:00,1484.96,1485.0,1484.96,1485.0,0.0,2.67,3945.49,1
2026-04-30,2026-04-30 13:00:00,1485.0,1497.0,1455.3,1485.04,0.0,2.67,3945.49,1
2026-04-30,2026-04-30 13:01:00,1485.04,1485.08,1485.04,1485.08,0.0,2.67,3945.49,1
2026-04-30,2026-04-30 13:02:00,1485.08,1485.12,1485.08,1485.12,0.0,2.67,3945.49,1
2026-04-30,2026-04-30 13:03:00,1485.12,1485.17,1485.12,1485.17,0.0,2.67,3945.49,1
2026-04-30,2026-04-30 13:04:00,1485.17,1485.21,1485.17,1485.21,0.0,2.67,3945.49,1
2026-04-30,2026-04-30 13:05:00,1485.21,1485.25,1485.21,1485.25,0.0,2.67,3945.49,1
2026-04-30,2026-04-30 13:06:00,1485.25,1485.29,1485.25,1485.29,0.0,2.67,3945.49,1
2026-04-30,2026-04-30 13:07:00,1485.29,1485.33,1485.29,1485.33,0.0,2.67,3945.49,1
2026-04-30,2026-04-30 13:08:00,1485.33,1485.38,1485.33,1485.38,0.0,2.67,3945.49,1
2026-04-30,2026-04-30 13:09:00,1485.38,1485.42,1485.38,1485.42,0.0,2.67,3945.49,1
2026-04-30,2026-04-30 13:10:00,1485.42,1485.46,1485.42,1485.46,0.0,2.67,3945.49,1
2026-04-30,2026-04-30 13:11:00,1485.46,1485.5,1485.46,1485.5,0.0,2.67,3945.49,1
2026-04-30,2026-04-30 13:12:00,1485.5,1485.54,1485.5,1485.54,0.0,2.67,3945.49,1
2026-04-30,2026-04-30 13:13:00,1485.54,1485.58,1485.54,1485.58,0.0,2.67,3945.49,1
2026-04-30,2026-04-30 13:14:00,1485.58,1485.62,1485.58,1485.62,0.0,2.67,3945.49,1
2026-04-30,2026-04-30 13:15:00,1485.62,1485.67,1485.62,1485.67,0.0,2.67,3945.49,1
2026-04-30,2026-04-30 13:16:00,1485.67,1485.71,1485.67,1485.71,0.0,2.67,3945.49,1
2026-04-30,2026-04-30 13:17:00,1485.71,1485.75,1485.71,1485.75,0.0,2.67,3945.49,1
2026-04-30,2026-04-30 13:18:00,1485.75,1485.79,1485.75,1485.79,0.0,2.67,3945.49,1
2026-04-30,2026-04-30 13:19:00,1485.79,1485.83,1485.79,1485.83,0.0,2.67,3945.49,1
2026-04-30,2026-04-30 13:20:00,1485.83,1485.88,1485.83,1485.88,0.0,2.67,3945.49,1
2026-04-30,2026-04-30 13:21:00,1485.88,1485.92,1485.88,1485.92,0.0,2.67,3945.49,1
2026-04-30,2026-04-30 13:22:00,1485.92,1485.96,1485.92,1485.96,0.0,2.67,3945.49,1
2026-04-30,2026-04-30 13:23:00,1485.96,1486.0,1485.96,1486.0,0.0,2.67,3945.49,1
2026-04-30,2026-04-30 13:24:00,1486.0,1486.04,1486.0,1486.04,0.0,2.67,3945.49,1
2026-04-30,2026-04-30 13:25:00,1486.04,1486.08,1486.04,1486.08,0.0,2.67,3945.49,1
2026-04-30,2026-04-30 13:26:00,1486.08,1486.12,1486.08,1486.12,0.0,2.67,3945.49,1
2026-04-30,2026-04-30 13:27:00,1486.12,1486.17,1486.12,1486.17,0.0,2.67,3945.49,1
2026-04-30,2026-04-30 13:28:00,1486.17,1486.21,1486.17,1486.21,0.0,2.67,3945.49,1
2026-04-30,2026-04-30 13:29:00,1486.21,1486.25,1486.21,1486.25,0.0,2.67,3945.49,1
2026-04-30,2026-04-30 13:30:00,1486.25,1486.29,1486.25,1486.29,0.0,2.67,3945.49,1
2026-04-30,2026-04-30 13:31:00,1486.29,1486.33,1486.29,1486.33,0.0,2.67,3945.49,1
2026-04-30,2026-04-30 13:32:00,1486.33,1486.38,1486.33,1486.38,0.0,2.67,3945.49,1
2026-04-30,2026-04-30 13:33:00,1486.38,1486.42,1486.38,1486.42,0.0,2.67,3945.49,1
2026-04-30,2026-04-30 13:34:00,1486.42,1486.46,1486.42,1486.46,0.0,2.67,3945.49,1
2026-04-30,2026-04-30 13:35:00,1486.46,1486.5,1486.46,1486.5,0.0,2.67,3945.49,1
2026-04-30,2026-04-30 13:36:00,1486.5,1486.54,1486.5,1486.54,0.0,2.67,3945.49,1
2026-04-30,2026-04-30 13:37:00,1486.54,1486.58,1486.54,1486.58,0.0,2.67,3945.49,1
2026-04-30,2026-04-30 13:38:00,1486.58,1486.62,1486.58,1486.62,0.0,2.67,3945.49,1
2026-04-30,2026-04-30 13:39:00,1486.62,1486.67,1486.62,1486.67,0.0,2.67,3945.49,1
2026-04-30,2026-04-30 13:40:00,1486.67,1486.71,1486.67,1486.71,0.0,2.67,3945.49,1
2026-04-30,2026-04-30 13:41:00,1486.71,1486.75,1486.71,1486.75,0.0,2.67,3945.49,1
2026-04-30,2026-04-30 13:42:00,1486.75,1486.79,1486.75,1486.79,0.0,2.67,3945.49,1
2026-04-30,2026-04-30 13:43:00,1486.79,1486.83,1486.79,1486.83,0.0,2.67,3945.49,1
2026-04-30,2026-04-30 13:44:00,1486.83,1486.88,1486.83,1486.88,0.0,2.67,3945.49,1
2026-04-30,2026-04-30 13:45:00,1486.88,1486.92,1486.88,1486.92,0.0,2.67,3945.49,1
2026-04-30,2026-04-30 13:46:00,1486.92,1486.96,1486.92,1486.96,0.0,2.67,3945.49,1
2026-04-30,2026-04-30 13:47:00,1486.96,1487.0,1486.96,1487.0,0.0,2.67,3945.49,1
2026-04-30,2026-04-30 13:48:00,1487.0,1487.04,1487.0,1487.04,0.0,2.67,3945.49,1
2026-04-30,2026-04-30 13:49:00,1487.04,1487.08,1487.04,1487.08,0.0,2.67,3945.49,1
2026-04-30,2026-04-30 13:50:00,1487.08,1487.12,1487.08,1487.12,0.0,2.67,3945.49,1
2026-04-30,2026-04-30 13:51:00,1487.12,1487.17,1487.12,1487.17,0.0,2.67,3945.49,1
2026-04-30,2026-04-30 13:52:00,1487.17,1487.21,1487.17,1487.21,0.0,2.67,3945.49,1
2026-04-30,2026-04-30 13:53:00,1487.21,1487.25,1487.21,1487.25,0.0,2.67,3945.49,1
2026-04-30,2026-04-30 13:54:00,1487.25,1487.29,1487.25,1487.29,0.0,2.67,3945.49,1
2026-04-30,2026-04-30 13:55:00,1487.29,1487.33,1487.29,1487.33,0.0,2.67,3945.49,1
2026-04-30,2026-04-30 13:56:00,1487.33,1487.38,1487.33,1487.38,0.0,2.67,3945.49,1
2026-04-30,2026-04-30 13:57:00,1487.38,1487.42,1487.38,1487.42,0.0,2.67,3945.49,1
2026-04-30,2026-04-30 13:58:00,1487.42,1487.46,1487.42,1487.46,0.0,2.67,3945.49,1
2026-04-30,2026-04-30 13:59:00,1487.46,1487.5,1487.46,1487.5,0.0,2.67,3945.49,1
2026-04-30,2026-04-30 14:00:00,1487.5,1487.54,1487.5,1487.54,0.0,2.67,3945.49,1
2026-04-30,2026-04-30 14:01:00,1487.54,1487.58,1487.54,1487.58,0.0,2.67,3945.49,1
2026-04-30,2026-04-30 14:02:00,1487.58,1487.62,1487.58,1487.62,0.0,2.67,3945.49,1
2026-04-30,2026-04-30 14:03:00,1487.62,1487.67,1487.62,1487.67,0.0,2.67,3945.49,1
2026-04-30,2026-04-30 14:04:00,1487.67,1487.71,1487.67,1487.71,0.0,2.67,3945.49,1
2026-04-30,2026-04-30 14:05:00,1487.71,1487.75,1487.71,1487.75,0.0,2.67,3945.49,1
2026-04-30,2026-04-30 14:06:00,1487.75,1487.79,1487.75,1487.79,0.0,2.67,3945.49,1
2026-04-30,2026-04-30 14:07:00,1487.79,1487.83,1487.79,1487.83,0.0,2.67,3945.49,1
2026-04-30,2026-04-30 14:08:00,1487.83,1487.88,1487.83,1487.88,0.0,2.67,3945.49,1
2026-04-30,2026-04-30 14:09:00,1487.88,1487.92,1487.88,1487.92,0.0,2.67,3945.49,1
2026-04-30,2026-04-30 14:10:00,1487.92,1487.96,1487.92,1487.96,0.0,2.67,3945.49,1
2026-04-30,2026-04-30 14:11:00,1487.96,1488.0,1487.96,1488.0,0.0,2.67,3945.49,1
2026-04-30,2026-04-30 14:12:00,1488.0,1488.04,1488.0,1488.04,0.0,2.67,3945.49,1
2026-04-30,2026-04-30 14:13:00,1488.04,1488.08,1488.04,1488.08,0.0,2.67,3945.49,1
2026-04-30,2026-04-30 14:14:00,1488.08,1488.12,1488.08,1488.12,0.0,2.67,3945.49,1
2026-04-30,2026-04-30 14:15:00,1488.12,1488.17,1488.12,1488.17,0.0,2.67,3945.49,1
2026-04-30,2026-04-30 14:16:00,1488.17,1488.21,1488.17,1488.21,0.0,2.67,3945.49,1
2026-04-30,2026-04-30 14:17:00,1488.21,1488.25,1488.21,1488.25,0.0,2.67,3945.49,1
2026-04-30,2026-04-30 14:18:00,1488.25,1488.29,1488.25,1488.29,0.0,2.67,3945.49,1
2026-04-30,2026-04-30 14:19:00,1488.29,1488.33,1488.29,1488.33,0.0,2.67,3945.49,1
2026-04-30,2026-04-30 14:20:00,1488.33,1488.38,1488.33,1488.38,0.0,2.67,3945.49,1
2026-04-30,2026-04-30 14:21:00,1488.38,1488.42,1488.38,1488.42,0.0,2.67,3945.49,1
2026-04-30,2026-04-30 14:22:00,1488.42,1488.46,1488.42,1488.46,0.0,2.67,3945.49,1
2026-04-30,2026-04-30 14:23:00,1488.46,1488.5,1488.46,1488.5,0.0,2.67,3945.49,1
2026-04-30,2026-04-30 14:24:00,1488.5,1488.54,1488.5,1488.54,0.0,2.67,3945.49,1
2026-04-30,2026-04-30 14:25:00,1488.54,1488.58,1488.54,1488.58,0.0,2.67,3945.49,1
2026-04-30,2026-04-30 14:26:00,1488.58,1488.62,1488.58,1488.62,0.0,2.67,3945.49,1
2026-04-30,2026-04-30 14:27:00,1488.62,1488.67,1488.62,1488.67,0.0,2.67,3945.49,1
2026-04-30,2026-04-30 14:28:00,1488.67,1488.71,1488.67,1488.71,0.0,2.67,3945.49,1
2026-04-30,2026-04-30 14:29:00,1488.71,1488.75,1488.71,1488.75,0.0,2.67,3945.49,1
2026-04-30,2026-04-30 14:30:00,1488.75,1488.79,1488.75,1488.79,0.0,2.67,3945.49,1
2026-04-30,2026-04-30 14:31:00,1488.79,1488.83,1488.79,1488.83,0.0,2.67,3945.49,1
2026-04-30,2026-04-30 14:32:00,1488.83,1488.88,1488.83,1488.88,0.0,2.67,3945.49,1
2026-04-30,2026-04-30 14:33:00,1488.88,1488.92,1488.88,1488.92,0.0,2.67,3945.49,1
2026-04-30,2026-04-30 14:34:00,1488.92,1488.96,1488.92,1488.96,0.0,2.67,3945.49,1
2026-04-30,2026-04-30 14:35:00,1488.96,1489.0,1488.96,1489.0,0.0,2.67,3945.49,1
2026-04-30,2026-04-30 14:36:00,1489.0,1489.04,1489.0,1489.04,0.0,2.67,3945.49,1
2026-04-30,2026-04-30 14:37:00,1489.04,1489.08,1489.04,1489.08,0.0,2.67,3945.49,1
2026-04-30,2026-04-30 14:38:00,1489.08,1489.12,1489.08,1489.12,0.0,2.67,3945.49,1
2026-04-30,2026-04-30 14:39:00,1489.12,1489.17,1489.12,1489.17,0.0,2.67,3945.49,1
2026-04-30,2026-04-30 14:40:00,1489.17,1489.21,1489.17,1489.21,0.0,2.67,3945.49,1
2026-04-30,2026-04-30 14:41:00,1489.21,1489.25,1489.21,1489.25,0.0,2.67,3945.49,1
2026-04-30,2026-04-30 14:42:00,1489.25,1489.29,1489.25,1489.29,0.0,2.67,3945.49,1
2026-04-30,2026-04-30 14:43:00,1489.29,1489.33,1489.29,1489.33,0.0,2.67,3945.49,1
2026-04-30,2026-04-30 14:44:00,1489.33,1489.38,1489.33,1489.38,0.0,2.67,3945.49,1
2026-04-30,2026-04-30 14:45:00,1489.38,1489.42,1489.38,1489.42,0.0,2.67,3945.49,1
2026-04-30,2026-04-30 14:46:00,1489.42,1489.46,1489.42,1489.46,0.0,2.67,3945.49,1
2026-04-30,2026-04-30 14:47:00,1489.46,1489.5,1489.46,1489.5,0.0,2.67,3945.49,1
2026-04-30,2026-04-30 14:48:00,1489.5,1489.54,1489.5,1489.54,0.0,2.67,3945.49,1
2026-04-30,2026-04-30 14:49:00,1489.54,1489.58,1489.54,1489.58,0.0,2.67,3945.49,1
2026-04-30,2026-04-30 14:50:00,1489.58,1489.62,1489.58,1489.62,0.0,2.67,3945.49,1
2026-04-30,2026-04-30 14:51:00,1489.62,1489.67,1489.62,1489.67,0.0,2.67,3945.49,1
2026-04-30,2026-04-30 14:52:00,1489.67,1489.71,1489.67,1489.71,0.0,2.67,3945.49,1
2026-04-30,2026-04-30 14:53:00,1489.71,1489.75,1489.71,1489.75,0.0,2.67,3945.49,1
2026-04-30,2026-04-30 14:54:00,1489.75,1489.79,1489.75,1489.79,0.0,2.67,3945.49,1
2026-04-30,2026-04-30 14:55:00,1489.79,1489.83,1489.79,1489.83,0.0,2.67,3945.49,1
2026-04-30,2026-04-30 14:56:00,1489.83,1489.88,1489.83,1489.88,0.0,2.67,3945.49,1
2026-04-30,2026-04-30 14:57:00,1489.88,1489.92,1489.88,1489.92,0.0,2.67,3945.49,1
2026-04-30,2026-04-30 14:58:00,1489.92,1489.96,1489.92,1489.96,0.0,2.67,3945.49,1
2026-04-30,2026-04-30 14:59:00,1489.96,1490.0,1489.96,1490.0,0.0,2.67,3945.49,1
2026-04-30,2026-04-30 15:00:00,1490.0,1497.0,1455.3,1490.0,0.0,2.67,3945.49,0
2026-05-04,2026-05-04 11:00:00,1515.0,1515.0,1497.0,1514.77,-0.02,4.76,6970.0,-1
2026-05-04,2026-05-04 11:01:00,1514.77,1514.77,1514.54,1514.54,-0.02,4.76,6970.0,-1
2026-05-04,2026-05-04 11:02:00,1514.54,1514.54,1514.31,1514.31,-0.02,4.76,6970.0,-1
2026-05-04,2026-05-04 11:03:00,1514.31,1514.31,1514.08,1514.08,-0.02,4.76,6970.0,-1
2026-05-04,2026-05-04 11:04:00,1514.08,1514.08,1513.85,1513.85,-0.02,4.76,6970.0,-1
2026-05-04,2026-05-04 11:05:00,1513.85,1513.85,1513.62,1513.62,-0.02,4.76,6970.0,-1
2026-05-04,2026-05-04 11:06:00,1513.62,1513.62,1513.4,1513.4,-0.01,4.76,6970.0,-1
2026-05-04,2026-05-04 11:07:00,1513.4,1513.4,1513.17,1513.17,-0.02,4.76,6970.0,-1
2026-05-04,2026-05-04 11:08:00,1513.17,1513.17,1512.94,1512.94,-0.02,4.76,6970.0,-1
2026-05-04,2026-05-04 11:09:00,1512.94,1512.94,1512.71,1512.71,-0.02,4.76,6970.0,-1
2026-05-04,2026-05-04 11:10:00,1512.71,1512.71,1512.48,1512.48,-0.02,4.76,6970.0,-1
2026-05-04,2026-05-04 11:11:00,1512.48,1512.48,1512.25,1512.25,-0.02,4.76,6970.0,-1
2026-05-04,2026-05-04 11:12:00,1512.25,1512.25,1512.02,1512.02,-0.02,4.76,6970.0,-1
2026-05-04,2026-05-04 11:13:00,1512.02,1512.02,1511.79,1511.79,-0.02,4.76,6970.0,-1
2026-05-04,2026-05-04 11:14:00,1511.79,1511.79,1511.56,1511.56,-0.02,4.76,6970.0,-1
2026-05-04,2026-05-04 11:15:00,1511.56,1511.56,1511.33,1511.33,-0.02,4.76,6970.0,-1
2026-05-04,2026-05-04 11:16:00,1511.33,1511.33,1511.1,1511.1,-0.02,4.76,6970.0,-1
2026-05-04,2026-05-04 11:17:00,1511.1,1511.1,1510.88,1510.88,-0.01,4.76,6970.0,-1
2026-05-04,2026-05-04 11:18:00,1510.88,1510.88,1510.65,1510.65,-0.02,4.76,6970.0,-1
2026-05-04,2026-05-04 11:19:00,1510.65,1510.65,1510.42,1510.42,-0.02,4.76,6970.0,-1
2026-05-04,2026-05-04 11:20:00,1510.42,1510.42,1510.19,1510.19,-0.02,4.76,6970.0,-1
2026-05-04,2026-05-04 11:21:00,1510.19,1510.19,1509.96,1509.96,-0.02,4.76,6970.0,-1
2026-05-04,2026-05-04 11:22:00,1509.96,1509.96,1509.73,1509.73,-0.02,4.76,6970.0,-1
2026-05-04,2026-05-04 11:23:00,1509.73,1509.73,1509.5,1509.5,-0.02,4.76,6970.0,-1
2026-05-04,2026-05-04 11:24:00,1509.5,1509.5,1509.27,1509.27,-0.02,4.76,6970.0,-1
2026-05-04,2026-05-04 11:25:00,1509.27,1509.27,1509.04,1509.04,-0.02,4.76,6970.0,-1
2026-05-04,2026-05-04 11:26:00,1509.04,1509.04,1508.81,1508.81,-0.02,4.76,6970.0,-1
2026-05-04,2026-05-04 11:27:00,1508.81,1508.81,1508.58,1508.58,-0.02,4.76,6970.0,-1
2026-05-04,2026-05-04 11:28:00,1508.58,1508.58,1508.35,1508.35,-0.02,4.76,6970.0,-1
2026-05-04,2026-05-04 11:29:00,1508.35,1508.35,1508.12,1508.12,-0.02,4.76,6970.0,-1
2026-05-04,2026-05-04 11:30:00,1508.12,1508.12,1507.9,1507.9,-0.01,4.76,6970.0,-1
2026-05-04,2026-05-04 11:31:00,1507.9,1507.9,1507.67,1507.67,-0.02,4.76,6970.0,-1
2026-05-04,2026-05-04 11:32:00,1507.67,1507.67,1507.44,1507.44,-0.02,4.76,6970.0,-1
2026-05-04,2026-05-04 11:33:00,1507.44,1507.44,1507.21,1507.21,-0.02,4.76,6970.0,-1
2026-05-04,2026-05-04 11:34:00,1507.21,1507.21,1506.98,1506.98,-0.02,4.76,6970.0,-1
2026-05-04,2026-05-04 11:35:00,1506.98,1506.98,1506.75,1506.75,-0.02,4.76,6970.0,-1
2026-05-04,2026-05-04 11:36:00,1506.75,1506.75,1506.52,1506.52,-0.02,4.76,6970.0,-1
2026-05-04,2026-05-04 11:37:00,1506.52,1506.52,1506.29,1506.29,-0.02,4.76,6970.0,-1
2026-05-04,2026-05-04 11:38:00,1506.29,1506.29,1506.06,1506.06,-0.02,4.76,6970.0,-1
2026-05-04,2026-05-04 11:39:00,1506.06,1506.06,1505.83,1505.83,-0.02,4.76,6970.0,-1
2026-05-04,2026-05-04 11:40:00,1505.83,1505.83,1505.6,1505.6,-0.02,4.76,6970.0,-1
2026-05-04,2026-05-04 11:41:00,1505.6,1505.6,1505.38,1505.38,-0.01,4.76,6970.0,-1
2026-05-04,2026-05-04 11:42:00,1505.38,1505.38,1505.15,1505.15,-0.02,4.76,6970.0,-1
2026-05-04,2026-05-04 11:43:00,1505.15,1505.15,1504.92,1504.92,-0.02,4.76,6970.0,-1
2026-05-04,2026-05-04 11:44:00,1504.92,1504.92,1504.69,1504.69,-0.02,4.76,6970.0,-1
2026-05-04,2026-05-04 11:45:00,1504.69,1504.69,1504.46,1504.46,-0.02,4.76,6970.0,-1
2026-05-04,2026-05-04 11:46:00,1504.46,1504.46,1504.23,1504.23,-0.02,4.76,6970.0,-1
2026-05-04,2026-05-04 11:47:00,1504.23,1504.23,1504.0,1504.0,-0.02,4.76,6970.0,-1
2026-05-04,2026-05-04 11:48:00,1504.0,1504.0,1503.77,1503.77,-0.02,4.76,6970.0,-1
2026-05-04,2026-05-04 11:49:00,1503.77,1503.77,1503.54,1503.54,-0.02,4.76,6970.0,-1
2026-05-04,2026-05-04 11:50:00,1503.54,1503.54,1503.31,1503.31,-0.02,4.76,6970.0,-1
2026-05-04,2026-05-04 11:51:00,1503.31,1503.31,1503.08,1503.08,-0.02,4.76,6970.0,-1
2026-05-04,2026-05-04 11:52:00,1503.08,1503.08,1502.85,1502.85,-0.02,4.76,6970.0,-1
2026-05-04,2026-05-04 11:53:00,1502.85,1502.85,1502.62,1502.62,-0.02,4.76,6970.0,-1
2026-05-04,2026-05-04 11:54:00,1502.62,1502.62,1502.4,1502.4,-0.01,4.76,6970.0,-1
2026-05-04,2026-05-04 11:55:00,1502.4,1502.4,1502.17,1502.17,-0.02,4.76,6970.0,-1
2026-05-04,2026-05-04 11:56:00,1502.17,1502.17,1501.94,1501.94,-0.02,4.76,6970.0,-1
2026-05-04,2026-05-04 11:57:00,1501.94,1501.94,1501.71,1501.71,-0.02,4.76,6970.0,-1
2026-05-04,2026-05-04 11:58:00,1501.71,1501.71,1501.48,1501.48,-0.02,4.76,6970.0,-1
2026-05-04,2026-05-04 11:59:00,1501.48,1501.48,1501.25,1501.25,-0.02,4.76,6970.0,-1
2026-05-04,2026-05-04 12:00:00,1501.25,1501.25,1501.02,1501.02,-0.02,4.76,6970.0,-1
2026-05-04,2026-05-04 12:01:00,1501.02,1501.02,1500.79,1500.79,-0.02,4.76,6970.0,-1
2026-05-04,2026-05-04 12:02:00,1500.79,1500.79,1500.56,1500.56,-0.02,4.76,6970.0,-1
2026-05-04,2026-05-04 12:03:00,1500.56,1500.56,1500.33,1500.33,-0.02,4.76,6970.0,-1
2026-05-04,2026-05-04 12:04:00,1500.33,1500.33,1500.1,1500.1,-0.02,4.76,6970.0,-1
2026-05-04,2026-05-04 12:05:00,1500.1,1500.1,1499.88,1499.88,-0.01,4.76,6970.0,-1
2026-05-04,2026-05-04 12:06:00,1499.88,1499.88,1499.65,1499.65,-0.02,4.76,6970.0,-1
2026-05-04,2026-05-04 12:07:00,1499.65,1499.65,1499.42,1499.42,-0.02,4.76,6970.0,-1
2026-05-04,2026-05-04 12:08:00,1499.42,1499.42,1499.19,1499.19,-0.02,4.76,6970.0,-1
2026-05-04,2026-05-04 12:09:00,1499.19,1499.19,1498.96,1498.96,-0.02,4.76,6970.0,-1
2026-05-04,2026-05-04 12:10:00,1498.96,1498.96,1498.73,1498.73,-0.02,4.76,6970.0,-1
2026-05-04,2026-05-04 12:11:00,1498.73,1498.73,1498.5,1498.5,-0.02,4.76,6970.0,-1
2026-05-04,2026-05-04 12:12:00,1498.5,1498.5,1498.27,1498.27,-0.02,4.76,6970.0,-1
2026-05-04,2026-05-04 12:13:00,1498.27,1498.27,1498.04,1498.04,-0.02,4.76,6970.0,-1
2026-05-04,2026-05-04 12:14:00,1498.04,1498.04,1497.81,1497.81,-0.02,4.76,6970.0,-1
2026-05-04,2026-05-04 12:15:00,1497.81,1497.81,1497.58,1497.58,-0.02,4.76,6970.0,-1
2026-05-04,2026-05-04 12:16:00,1497.58,1497.58,1497.35,1497.35,-0.02,4.76,6970.0,-1
2026-05-04,2026-05-04 12:17:00,1497.35,1497.35,1497.12,1497.12,-0.02,4.76,6970.0,-1
2026-05-04,2026-05-04 12:18:00,1497.12,1497.12,1496.9,1496.9,-0.01,4.76,6970.0,-1
2026-05-04,2026-05-04 12:19:00,1496.9,1496.9,1496.67,1496.67,-0.02,4.76,6970.0,-1
2026-05-04,2026-05-04 12:20:00,1496.67,1496.67,1496.44,1496.44,-0.02,4.76,6970.0,-1
2026-05-04,2026-05-04 12:21:00,1496.44,1496.44,1496.21,1496.21,-0.02,4.76,6970.0,-1
2026-05-04,2026-05-04 12:22:00,1496.21,1496.21,1495.98,1495.98,-0.02,4.76,6970.0,-1
2026-05-04,2026-05-04 12:23:00,1495.98,1495.98,1495.75,1495.75,-0.02,4.76,6970.0,-1
2026-05-04,2026-05-04 12:24:00,1495.75,1495.75,1495.52,1495.52,-0.02,4.76,6970.0,-1
2026-05-04,2026-05-04 12:25:00,1495.52,1495.52,1495.29,1495.29,-0.02,4.76,6970.0,-1
2026-05-04,2026-05-04 12:26:00,1495.29,1495.29,1495.06,1495.06,-0.02,4.76,6970.0,-1
2026-05-04,2026-05-04 12:27:00,1495.06,1495.06,1494.83,1494.83,-0.02,4.76,6970.0,-1
2026-05-04,2026-05-04 12:28:00,1494.83,1494.83,1494.6,1494.6,-0.02,4.76,6970.0,-1
2026-05-04,2026-05-04 12:29:00,1494.6,1494.6,1494.38,1494.38,-0.01,4.76,6970.0,-1
2026-05-04,2026-05-04 12:30:00,1494.38,1494.38,1494.15,1494.15,-0.02,4.76,6970.0,-1
2026-05-04,2026-05-04 12:31:00,1494.15,1494.15,1493.92,1493.92,-0.02,4.76,6970.0,-1
2026-05-04,2026-05-04 12:32:00,1493.92,1493.92,1493.69,1493.69,-0.02,4.76,6970.0,-1
2026-05-04,2026-05-04 12:33:00,1493.69,1493.69,1493.46,1493.46,-0.02,4.76,6970.0,-1
2026-05-04,2026-05-04 12:34:00,1493.46,1493.46,1493.23,1493.23,-0.02,4.76,6970.0,-1
2026-05-04,2026-05-04 12:35:00,1493.23,1493.23,1493.0,1493.0,-0.02,4.76,6970.0,-1
2026-05-04,2026-05-04 12:36:00,1493.0,1493.0,1492.77,1492.77,-0.02,4.76,6970.0,-1
2026-05-04,2026-05-04 12:37:00,1492.77,1492.77,1492.54,1492.54,-0.02,4.76,6970.0,-1
2026-05-04,2026-05-04 12:38:00,1492.54,1492.54,1492.31,1492.31,-0.02,4.76,6970.0,-1
2026-05-04,2026-05-04 12:39:00,1492.31,1492.31,1492.08,1492.08,-0.02,4.76,6970.0,-1
2026-05-04,2026-05-04 12:40:00,1492.08,1492.08,1491.85,1491.85,-0.02,4.76,6970.0,-1
2026-05-04,2026-05-04 12:41:00,1491.85,1491.85,1491.62,1491.62,-0.02,4.76,6970.0,-1
2026-05-04,2026-05-04 12:42:00,1491.62,1491.62,1491.4,1491.4,-0.01,4.76,6970.0,-1
2026-05-04,2026-05-04 12:43:00,1491.4,1491.4,1491.17,1491.17,-0.02,4.76,6970.0,-1
2026-05-04,2026-05-04 12:44:00,1491.17,1491.17,1490.94,1490.94,-0.02,4.76,6970.0,-1
2026-05-04,2026-05-04 12:45:00,1490.94,1490.94,1490.71,1490.71,-0.02,4.76,6970.0,-1
2026-05-04,2026-05-04 12:46:00,1490.71,1490.71,1490.48,1490.48,-0.02,4.76,6970.0,-1
2026-05-04,2026-05-04 12:47:00,1490.48,1490.48,1490.25,1490.25,-0.02,4.76,6970.0,-1
2026-05-04,2026-05-04 12:48:00,1490.25,1490.25,1490.02,1490.02,-0.02,4.76,6970.0,-1
2026-05-04,2026-05-04 12:49:00,1490.02,1490.02,1489.79,1489.79,-0.02,4.76,6970.0,-1
2026-05-04,2026-05-04 12:50:00,1489.79,1489.79,1489.56,1489.56,-0.02,4.76,6970.0,-1
2026-05-04,2026-05-04 12:51:00,1489.56,1489.56,1489.33,1489.33,-0.02,4.76,6970.0,-1
2026-05-04,2026-05-04 12:52:00,1489.33,1489.33,1489.1,1489.1,-0.02,4.76,6970.0,-1
2026-05-04,2026-05-04 12:53:00,1489.1,1489.1,1488.88,1488.88,-0.01,4.76,6970.0,-1
2026-05-04,2026-05-04 12:54:00,1488.88,1488.88,1488.65,1488.65,-0.02,4.76,6970.0,-1
2026-05-04,2026-05-04 12:55:00,1488.65,1488.65,1488.42,1488.42,-0.02,4.76,6970.0,-1
2026-05-04,2026-05-04 12:56:00,1488.42,1488.42,1488.19,1488.19,-0.02,4.76,6970.0,-1
2026-05-04,2026-05-04 12:57:00,1488.19,1488.19,1487.96,1487.96,-0.02,4.76,6970.0,-1
2026-05-04,2026-05-04 12:58:00,1487.96,1487.96,1487.73,1487.73,-0.02,4.76,6970.0,-1
2026-05-04,2026-05-04 12:59:00,1487.73,1487.73,1487.5,1487.5,-0.02,4.76,6970.0,-1
2026-05-04,2026-05-04 13:00:00,1487.5,1515.0,1455.0,1487.27,-0.02,4.76,6970.0,-1
2026-05-04,2026-05-04 13:01:00,1487.27,1487.27,1487.04,1487.04,-0.02,4.76,6970.0,-1
2026-05-04,2026-05-04 13:02:00,1487.04,1487.04,1486.81,1486.81,-0.02,4.76,6970.0,-1
2026-05-04,2026-05-04 13:03:00,1486.81,1486.81,1486.58,1486.58,-0.02,4.76,6970.0,-1
2026-05-04,2026-05-04 13:04:00,1486.58,1486.58,1486.35,1486.35,-0.02,4.76,6970.0,-1
2026-05-04,2026-05-04 13:05:00,1486.35,1486.35,1486.12,1486.12,-0.02,4.76,6970.0,-1
2026-05-04,2026-05-04 13:06:00,1486.12,1486.12,1485.9,1485.9,-0.01,4.76,6970.0,-1
2026-05-04,2026-05-04 13:07:00,1485.9,1485.9,1485.67,1485.67,-0.02,4.76,6970.0,-1
2026-05-04,2026-05-04 13:08:00,1485.67,1485.67,1485.44,1485.44,-0.02,4.76,6970.0,-1
2026-05-04,2026-05-04 13:09:00,1485.44,1485.44,1485.21,1485.21,-0.02,4.76,6970.0,-1
2026-05-04,2026-05-04 13:10:00,1485.21,1485.21,1484.98,1484.98,-0.02,4.76,6970.0,-1
2026-05-04,2026-05-04 13:11:00,1484.98,1484.98,1484.75,1484.75,-0.02,4.76,6970.0,-1
2026-05-04,2026-05-04 13:12:00,1484.75,1484.75,1484.52,1484.52,-0.02,4.76,6970.0,-1
2026-05-04,2026-05-04 13:13:00,1484.52,1484.52,1484.29,1484.29,-0.02,4.76,6970.0,-1
2026-05-04,2026-05-04 13:14:00,1484.29,1484.29,1484.06,1484.06,-0.02,4.76,6970.0,-1
2026-05-04,2026-05-04 13:15:00,1484.06,1484.06,1483.83,1483.83,-0.02,4.76,6970.0,-1
2026-05-04,2026-05-04 13:16:00,1483.83,1483.83,1483.6,1483.6,-0.02,4.76,6970.0,-1
2026-05-04,2026-05-04 13:17:00,1483.6,1483.6,1483.38,1483.38,-0.01,4.76,6970.0,-1
2026-05-04,2026-05-04 13:18:00,1483.38,1483.38,1483.15,1483.15,-0.02,4.76,6970.0,-1
2026-05-04,2026-05-04 13:19:00,1483.15,1483.15,1482.92,1482.92,-0.02,4.76,6970.0,-1
2026-05-04,2026-05-04 13:20:00,1482.92,1482.92,1482.69,1482.69,-0.02,4.76,6970.0,-1
2026-05-04,2026-05-04 13:21:00,1482.69,1482.69,1482.46,1482.46,-0.02,4.76,6970.0,-1
2026-05-04,2026-05-04 13:22:00,1482.46,1482.46,1482.23,1482.23,-0.02,4.76,6970.0,-1
2026-05-04,2026-05-04 13:23:00,1482.23,1482.23,1482.0,1482.0,-0.02,4.76,6970.0,-1
2026-05-04,2026-05-04 13:24:00,1482.0,1482.0,1481.77,1481.77,-0.02,4.76,6970.0,-1
2026-05-04,2026-05-04 13:25:00,1481.77,1481.77,1481.54,1481.54,-0.02,4.76,6970.0,-1
2026-05-04,2026-05-04 13:26:00,1481.54,1481.54,1481.31,1481.31,-0.02,4.76,6970.0,-1
2026-05-04,2026-05-04 13:27:00,1481.31,1481.31,1481.08,1481.08,-0.02,4.76,6970.0,-1
2026-05-04,2026-05-04 13:28:00,1481.08,1481.08,1480.85,1480.85,-0.02,4.76,6970.0,-1
2026-05-04,2026-05-04 13:29:00,1480.85,1480.85,1480.62,1480.62,-0.02,4.76,6970.0,-1
2026-05-04,2026-05-04 13:30:00,1480.62,1480.62,1480.4,1480.4,-0.01,4.76,6970.0,-1
2026-05-04,2026-05-04 13:31:00,1480.4,1480.4,1480.17,1480.17,-0.02,4.76,6970.0,-1
2026-05-04,2026-05-04 13:32:00,1480.17,1480.17,1479.94,1479.94,-0.02,4.76,6970.0,-1
2026-05-04,2026-05-04 13:33:00,1479.94,1479.94,1479.71,1479.71,-0.02,4.76,6970.0,-1
2026-05-04,2026-05-04 13:34:00,1479.71,1479.71,1479.48,1479.48,-0.02,4.76,6970.0,-1
2026-05-04,2026-05-04 13:35:00,1479.48,1479.48,1479.25,1479.25,-0.02,4.76,6970.0,-1
2026-05-04,2026-05-04 13:36:00,1479.25,1479.25,1479.02,1479.02,-0.02,4.76,6970.0,-1
2026-05-04,2026-05-04 13:37:00,1479.02,1479.02,1478.79,1478.79,-0.02,4.76,6970.0,-1
2026-05-04,2026-05-04 13:38:00,1478.79,1478.79,1478.56,1478.56,-0.02,4.76,6970.0,-1
2026-05-04,2026-05-04 13:39:00,1478.56,1478.56,1478.33,1478.33,-0.02,4.76,6970.0,-1
2026-05-04,2026-05-04 13:40:00,1478.33,1478.33,1478.1,1478.1,-0.02,4.76,6970.0,-1
2026-05-04,2026-05-04 13:41:00,1478.1,1478.1,1477.88,1477.88,-0.01,4.76,6970.0,-1
2026-05-04,2026-05-04 13:42:00,1477.88,1477.88,1477.65,1477.65,-0.02,4.76,6970.0,-1
2026-05-04,2026-05-04 13:43:00,1477.65,1477.65,1477.42,1477.42,-0.02,4.76,6970.0,-1
2026-05-04,2026-05-04 13:44:00,1477.42,1477.42,1477.19,1477.19,-0.02,4.76,6970.0,-1
2026-05-04,2026-05-04 13:45:00,1477.19,1477.19,1476.96,1476.96,-0.02,4.76,6970.0,-1
2026-05-04,2026-05-04 13:46:00,1476.96,1476.96,1476.73,1476.73,-0.02,4.76,6970.0,-1
2026-05-04,2026-05-04 13:47:00,1476.73,1476.73,1476.5,1476.5,-0.02,4.76,6970.0,-1
2026-05-04,2026-05-04 13:48:00,1476.5,1476.5,1476.27,1476.27,-0.02,4.76,6970.0,-1
2026-05-04,2026-05-04 13:49:00,1476.27,1476.27,1476.04,1476.04,-0.02,4.76,6970.0,-1
2026-05-04,2026-05-04 13:50:00,1476.04,1476.04,1475.81,1475.81,-0.02,4.76,6970.0,-1
2026-05-04,2026-05-04 13:51:00,1475.81,1475.81,1475.58,1475.58,-0.02,4.76,6970.0,-1
2026-05-04,2026-05-04 13:52:00,1475.58,1475.58,1475.35,1475.35,-0.02,4.76,6970.0,-1
2026-05-04,2026-05-04 13:53:00,1475.35,1475.35,1475.12,1475.12,-0.02,4.76,6970.0,-1
2026-05-04,2026-05-04 13:54:00,1475.12,1475.12,1474.9,1474.9,-0.01,4.76,6970.0,-1
2026-05-04,2026-05-04 13:55:00,1474.9,1474.9,1474.67,1474.67,-0.02,4.76,6970.0,-1
2026-05-04,2026-05-04 13:56:00,1474.67,1474.67,1474.44,1474.44,-0.02,4.76,6970.0,-1
2026-05-04,2026-05-04 13:57:00,1474.44,1474.44,1474.21,1474.21,-0.02,4.76,6970.0,-1
2026-05-04,2026-05-04 13:58:00,1474.21,1474.21,1473.98,1473.98,-0.02,4.76,6970.0,-1
2026-05-04,2026-05-04 13:59:00,1473.98,1473.98,1473.75,1473.75,-0.02,4.76,6970.0,-1
2026-05-04,2026-05-04 14:00:00,1473.75,1473.75,1473.52,1473.52,-0.02,4.76,6970.0,-1
2026-05-04,2026-05-04 14:01:00,1473.52,1473.52,1473.29,1473.29,-0.02,4.76,6970.0,-1
2026-05-04,2026-05-04 14:02:00,1473.29,1473.29,1473.06,1473.06,-0.02,4.76,6970.0,-1
2026-05-04,2026-05-04 14:03:00,1473.06,1473.06,1472.83,1472.83,-0.02,4.76,6970.0,-1
2026-05-04,2026-05-04 14:04:00,1472.83,1472.83,1472.6,1472.6,-0.02,4.76,6970.0,-1
2026-05-04,2026-05-04 14:05:00,1472.6,1472.6,1472.38,1472.38,-0.01,4.76,6970.0,-1
2026-05-04,2026-05-04 14:06:00,1472.38,1472.38,1472.15,1472.15,-0.02,4.76,6970.0,-1
2026-05-04,2026-05-04 14:07:00,1472.15,1472.15,1471.92,1471.92,-0.02,4.76,6970.0,-1
2026-05-04,2026-05-04 14:08:00,1471.92,1471.92,1471.69,1471.69,-0.02,4.76,6970.0,-1
2026-05-04,2026-05-04 14:09:00,1471.69,1471.69,1471.46,1471.46,-0.02,4.76,6970.0,-1
2026-05-04,2026-05-04 14:10:00,1471.46,1471.46,1471.23,1471.23,-0.02,4.76,6970.0,-1
2026-05-04,2026-05-04 14:11:00,1471.23,1471.23,1471.0,1471.0,-0.02,4.76,6970.0,-1
2026-05-04,2026-05-04 14:12:00,1471.0,1471.0,1470.77,1470.77,-0.02,4.76,6970.0,-1
2026-05-04,2026-05-04 14:13:00,1470.77,1470.77,1470.54,1470.54,-0.02,4.76,6970.0,-1
2026-05-04,2026-05-04 14:14:00,1470.54,1470.54,1470.31,1470.31,-0.02,4.76,6970.0,-1
2026-05-04,2026-05-04 14:15:00,1470.31,1470.31,1470.08,1470.08,-0.02,4.76,6970.0,-1
2026-05-04,2026-05-04 14:16:00,1470.08,1470.08,1469.85,1469.85,-0.02,4.76,6970.0,-1
2026-05-04,2026-05-04 14:17:00,1469.85,1469.85,1469.62,1469.62,-0.02,4.76,6970.0,-1
2026-05-04,2026-05-04 14:18:00,1469.62,1469.62,1469.4,1469.4,-0.01,4.76,6970.0,-1
2026-05-04,2026-05-04 14:19:00,1469.4,1469.4,1469.17,1469.17,-0.02,4.76,6970.0,-1
2026-05-04,2026-05-04 14:20:00,1469.17,1469.17,1468.94,1468.94,-0.02,4.76,6970.0,-1
2026-05-04,2026-05-04 14:21:00,1468.94,1468.94,1468.71,1468.71,-0.02,4.76,6970.0,-1
2026-05-04,2026-05-04 14:22:00,1468.71,1468.71,1468.48,1468.48,-0.02,4.76,6970.0,-1
2026-05-04,2026-05-04 14:23:00,1468.48,1468.48,1468.25,1468.25,-0.02,4.76,6970.0,-1
2026-05-04,2026-05-04 14:24:00,1468.25,1468.25,1468.02,1468.02,-0.02,4.76,6970.0,-1
2026-05-04,2026-05-04 14:25:00,1468.02,1468.02,1467.79,1467.79,-0.02,4.76,6970.0,-1
2026-05-04,2026-05-04 14:26:00,1467.79,1467.79,1467.56,1467.56,-0.02,4.76,6970.0,-1
2026-05-04,2026-05-04 14:27:00,1467.56,1467.56,1467.33,1467.33,-0.02,4.76,6970.0,-1
2026-05-04,2026-05-04 14:28:00,1467.33,1467.33,1467.1,1467.1,-0.02,4.76,6970.0,-1
2026-05-04,2026-05-04 14:29:00,1467.1,1467.1,1466.88,1466.88,-0.01,4.76,6970.0,-1
2026-05-04,2026-05-04 14:30:00,1466.88,1466.88,1466.65,1466.65,-0.02,4.76,6970.0,-1
2026-05-04,2026-05-04 14:31:00,1466.65,1466.65,1466.42,1466.42,-0.02,4.76,6970.0,-1
2026-05-04,2026-05-04 14:32:00,1466.42,1466.42,1466.19,1466.19,-0.02,4.76,6970.0,-1
2026-05-04,2026-05-04 14:33:00,1466.19,1466.19,1465.96,1465.96,-0.02,4.76,6970.0,-1
2026-05-04,2026-05-04 14:34:00,1465.96,1465.96,1465.73,1465.73,-0.02,4.76,6970.0,-1
2026-05-04,2026-05-04 14:35:00,1465.73,1465.73,1465.5,1465.5,-0.02,4.76,6970.0,-1
2026-05-04,2026-05-04 14:36:00,1465.5,1465.5,1465.27,1465.27,-0.02,4.76,6970.0,-1
2026-05-04,2026-05-04 14:37:00,1465.27,1465.27,1465.04,1465.04,-0.02,4.76,6970.0,-1
2026-05-04,2026-05-04 14:38:00,1465.04,1465.04,1464.81,1464.81,-0.02,4.76,6970.0,-1
2026-05-04,2026-05-04 14:39:00,1464.81,1464.81,1464.58,1464.58,-0.02,4.76,6970.0,-1
2026-05-04,2026-05-04 14:40:00,1464.58,1464.58,1464.35,1464.35,-0.02,4.76,6970.0,-1
2026-05-04,2026-05-04 14:41:00,1464.35,1464.35,1464.12,1464.12,-0.02,4.76,6970.0,-1
2026-05-04,2026-05-04 14:42:00,1464.12,1464.12,1463.9,1463.9,-0.02,4.76,6970.0,-1
2026-05-04,2026-05-04 14:43:00,1463.9,1463.9,1463.67,1463.67,-0.02,4.76,6970.0,-1
2026-05-04,2026-05-04 14:44:00,1463.67,1463.67,1463.44,1463.44,-0.02,4.76,6970.0,-1
2026-05-04,2026-05-04 14:45:00,1463.44,1463.44,1463.21,1463.21,-0.02,4.76,6970.0,-1
2026-05-04,2026-05-04 14:46:00,1463.21,1463.21,1462.98,1462.98,-0.02,4.76,6970.0,-1
2026-05-04,2026-05-04 14:47:00,1462.98,1462.98,1462.75,1462.75,-0.02,4.76,6970.0,-1
2026-05-04,2026-05-04 14:48:00,1462.75,1462.75,1462.52,1462.52,-0.02,4.76,6970.0,-1
2026-05-04,2026-05-04 14:49:00,1462.52,1462.52,1462.29,1462.29,-0.02,4.76,6970.0,-1
2026-05-04,2026-05-04 14:50:00,1462.29,1462.29,1462.06,1462.06,-0.02,4.76,6970.0,-1
2026-05-04,2026-05-04 14:51:00,1462.06,1462.06,1461.83,1461.83,-0.02,4.76,6970.0,-1
2026-05-04,2026-05-04 14:52:00,1461.83,1461.83,1461.6,1461.6,-0.02,4.76,6970.0,-1
2026-05-04,2026-05-04 14:53:00,1461.6,1461.6,1461.38,1461.38,-0.02,4.76,6970.0,-1
2026-05-04,2026-05-04 14:54:00,1461.38,1461.38,1461.15,1461.15,-0.02,4.76,6970.0,-1
2026-05-04,2026-05-04 14:55:00,1461.15,1461.15,1460.92,1460.92,-0.02,4.76,6970.0,-1
2026-05-04,2026-05-04 14:56:00,1460.92,1460.92,1460.69,1460.69,-0.02,4.76,6970.0,-1
2026-05-04,2026-05-04 14:57:00,1460.69,1460.69,1460.46,1460.46,-0.02,4.76,6970.0,-1
2026-05-04,2026-05-04 14:58:00,1460.46,1460.46,1460.23,1460.23,-0.02,4.76,6970.0,-1
2026-05-04,2026-05-04 14:59:00,1460.23,1460.23,1460.0,1460.0,-0.02,4.76,6970.0,-1
2026-05-04,2026-05-04 15:00:00,1460.0,1515.0,1455.0,1460.0,0.0,4.76,6970.0,0
2026-05-05,2026-05-05 11:00:00,1431.1,1452.67,1431.1,1431.35,0.02,2.37,3472.36,1
2026-05-05,2026-05-05 11:01:00,1431.35,1431.61,1431.35,1431.61,0.02,2.37,3472.36,1
2026-05-05,2026-05-05 11:02:00,1431.61,1431.86,1431.61,1431.86,0.02,2.37,3472.36,1
2026-05-05,2026-05-05 11:03:00,1431.86,1432.12,1431.86,1432.12,0.02,2.37,3472.36,1
2026-05-05,2026-05-05 11:04:00,1432.12,1432.37,1432.12,1432.37,0.02,2.37,3472.36,1
2026-05-05,2026-05-05 11:05:00,1432.37,1432.62,1432.37,1432.62,0.02,2.37,3472.36,1
2026-05-05,2026-05-05 11:06:00,1432.62,1432.88,1432.62,1432.88,0.02,2.37,3472.36,1
2026-05-05,2026-05-05 11:07:00,1432.88,1433.13,1432.88,1433.13,0.02,2.37,3472.36,1
2026-05-05,2026-05-05 11:08:00,1433.13,1433.38,1433.13,1433.38,0.02,2.37,3472.36,1
2026-05-05,2026-05-05 11:09:00,1433.38,1433.64,1433.38,1433.64,0.02,2.37,3472.36,1
2026-05-05,2026-05-05 11:10:00,1433.64,1433.89,1433.64,1433.89,0.02,2.37,3472.36,1
2026-05-05,2026-05-05 11:11:00,1433.89,1434.14,1433.89,1434.14,0.02,2.37,3472.36,1
2026-05-05,2026-05-05 11:12:00,1434.14,1434.4,1434.14,1434.4,0.02,2.37,3472.36,1
2026-05-05,2026-05-05 11:13:00,1434.4,1434.65,1434.4,1434.65,0.02,2.37,3472.36,1
2026-05-05,2026-05-05 11:14:00,1434.65,1434.91,1434.65,1434.91,0.02,2.37,3472.36,1
2026-05-05,2026-05-05 11:15:00,1434.91,1435.16,1434.91,1435.16,0.02,2.37,3472.36,1
2026-05-05,2026-05-05 11:16:00,1435.16,1435.41,1435.16,1435.41,0.02,2.37,3472.36,1
2026-05-05,2026-05-05 11:17:00,1435.41,1435.67,1435.41,1435.67,0.02,2.37,3472.36,1
2026-05-05,2026-05-05 11:18:00,1435.67,1435.92,1435.67,1435.92,0.02,2.37,3472.36,1
2026-05-05,2026-05-05 11:19:00,1435.92,1436.17,1435.92,1436.17,0.02,2.37,3472.36,1
2026-05-05,2026-05-05 11:20:00,1436.17,1436.43,1436.17,1436.43,0.02,2.37,3472.36,1
2026-05-05,2026-05-05 11:21:00,1436.43,1436.68,1436.43,1436.68,0.02,2.37,3472.36,1
2026-05-05,2026-05-05 11:22:00,1436.68,1436.94,1436.68,1436.94,0.02,2.37,3472.36,1
2026-05-05,2026-05-05 11:23:00,1436.94,1437.19,1436.94,1437.19,0.02,2.37,3472.36,1
2026-05-05,2026-05-05 11:24:00,1437.19,1437.44,1437.19,1437.44,0.02,2.37,3472.36,1
2026-05-05,2026-05-05 11:25:00,1437.44,1437.7,1437.44,1437.7,0.02,2.37,3472.36,1
2026-05-05,2026-05-05 11:26:00,1437.7,1437.95,1437.7,1437.95,0.02,2.37,3472.36,1
2026-05-05,2026-05-05 11:27:00,1437.95,1438.2,1437.95,1438.2,0.02,2.37,3472.36,1
2026-05-05,2026-05-05 11:28:00,1438.2,1438.46,1438.2,1438.46,0.02,2.37,3472.36,1
2026-05-05,2026-05-05 11:29:00,1438.46,1438.71,1438.46,1438.71,0.02,2.37,3472.36,1
2026-05-05,2026-05-05 11:30:00,1438.71,1438.97,1438.71,1438.97,0.02,2.37,3472.36,1
2026-05-05,2026-05-05 11:31:00,1438.97,1439.22,1438.97,1439.22,0.02,2.37,3472.36,1
2026-05-05,2026-05-05 11:32:00,1439.22,1439.47,1439.22,1439.47,0.02,2.37,3472.36,1
2026-05-05,2026-05-05 11:33:00,1439.47,1439.73,1439.47,1439.73,0.02,2.37,3472.36,1
2026-05-05,2026-05-05 11:34:00,1439.73,1439.98,1439.73,1439.98,0.02,2.37,3472.36,1
2026-05-05,2026-05-05 11:35:00,1439.98,1440.23,1439.98,1440.23,0.02,2.37,3472.36,1
2026-05-05,2026-05-05 11:36:00,1440.23,1440.49,1440.23,1440.49,0.02,2.37,3472.36,1
2026-05-05,2026-05-05 11:37:00,1440.49,1440.74,1440.49,1440.74,0.02,2.37,3472.36,1
2026-05-05,2026-05-05 11:38:00,1440.74,1441.0,1440.74,1441.0,0.02,2.37,3472.36,1
2026-05-05,2026-05-05 11:39:00,1441.0,1441.25,1441.0,1441.25,0.02,2.37,3472.36,1
2026-05-05,2026-05-05 11:40:00,1441.25,1441.5,1441.25,1441.5,0.02,2.37,3472.36,1
2026-05-05,2026-05-05 11:41:00,1441.5,1441.76,1441.5,1441.76,0.02,2.37,3472.36,1
2026-05-05,2026-05-05 11:42:00,1441.76,1442.01,1441.76,1442.01,0.02,2.37,3472.36,1
2026-05-05,2026-05-05 11:43:00,1442.01,1442.26,1442.01,1442.26,0.02,2.37,3472.36,1
2026-05-05,2026-05-05 11:44:00,1442.26,1442.52,1442.26,1442.52,0.02,2.37,3472.36,1
2026-05-05,2026-05-05 11:45:00,1442.52,1442.77,1442.52,1442.77,0.02,2.37,3472.36,1
2026-05-05,2026-05-05 11:46:00,1442.77,1443.03,1442.77,1443.03,0.02,2.37,3472.36,1
2026-05-05,2026-05-05 11:47:00,1443.03,1443.28,1443.03,1443.28,0.02,2.37,3472.36,1
2026-05-05,2026-05-05 11:48:00,1443.28,1443.53,1443.28,1443.53,0.02,2.37,3472.36,1
2026-05-05,2026-05-05 11:49:00,1443.53,1443.79,1443.53,1443.79,0.02,2.37,3472.36,1
2026-05-05,2026-05-05 11:50:00,1443.79,1444.04,1443.79,1444.04,0.02,2.37,3472.36,1
2026-05-05,2026-05-05 11:51:00,1444.04,1444.29,1444.04,1444.29,0.02,2.37,3472.36,1
2026-05-05,2026-05-05 11:52:00,1444.29,1444.55,1444.29,1444.55,0.02,2.37,3472.36,1
2026-05-05,2026-05-05 11:53:00,1444.55,1444.8,1444.55,1444.8,0.02,2.37,3472.36,1
2026-05-05,2026-05-05 11:54:00,1444.8,1445.06,1444.8,1445.06,0.02,2.37,3472.36,1
2026-05-05,2026-05-05 11:55:00,1445.06,1445.31,1445.06,1445.31,0.02,2.37,3472.36,1
2026-05-05,2026-05-05 11:56:00,1445.31,1445.56,1445.31,1445.56,0.02,2.37,3472.36,1
2026-05-05,2026-05-05 11:57:00,1445.56,1445.82,1445.56,1445.82,0.02,2.37,3472.36,1
2026-05-05,2026-05-05 11:58:00,1445.82,1446.07,1445.82,1446.07,0.02,2.37,3472.36,1
2026-05-05,2026-05-05 11:59:00,1446.07,1446.32,1446.07,1446.32,0.02,2.37,3472.36,1
2026-05-05,2026-05-05 12:00:00,1446.32,1446.58,1446.32,1446.58,0.02,2.37,3472.36,1
2026-05-05,2026-05-05 12:01:00,1446.58,1446.83,1446.58,1446.83,0.02,2.37,3472.36,1
2026-05-05,2026-05-05 12:02:00,1446.83,1447.09,1446.83,1447.09,0.02,2.37,3472.36,1
2026-05-05,2026-05-05 12:03:00,1447.09,1447.34,1447.09,1447.34,0.02,2.37,3472.36,1
2026-05-05,2026-05-05 12:04:00,1447.34,1447.59,1447.34,1447.59,0.02,2.37,3472.36,1
2026-05-05,2026-05-05 12:05:00,1447.59,1447.85,1447.59,1447.85,0.02,2.37,3472.36,1
2026-05-05,2026-05-05 12:06:00,1447.85,1448.1,1447.85,1448.1,0.02,2.37,3472.36,1
2026-05-05,2026-05-05 12:07:00,1448.1,1448.36,1448.1,1448.36,0.02,2.37,3472.36,1
2026-05-05,2026-05-05 12:08:00,1448.36,1448.61,1448.36,1448.61,0.02,2.37,3472.36,1
2026-05-05,2026-05-05 12:09:00,1448.61,1448.86,1448.61,1448.86,0.02,2.37,3472.36,1
2026-05-05,2026-05-05 12:10:00,1448.86,1449.12,1448.86,1449.12,0.02,2.37,3472.36,1
2026-05-05,2026-05-05 12:11:00,1449.12,1449.37,1449.12,1449.37,0.02,2.37,3472.36,1
2026-05-05,2026-05-05 12:12:00,1449.37,1449.62,1449.37,1449.62,0.02,2.37,3472.36,1
2026-05-05,2026-05-05 12:13:00,1449.62,1449.88,1449.62,1449.88,0.02,2.37,3472.36,1
2026-05-05,2026-05-05 12:14:00,1449.88,1450.13,1449.88,1450.13,0.02,2.37,3472.36,1
2026-05-05,2026-05-05 12:15:00,1450.13,1450.38,1450.13,1450.38,0.02,2.37,3472.36,1
2026-05-05,2026-05-05 12:16:00,1450.38,1450.64,1450.38,1450.64,0.02,2.37,3472.36,1
2026-05-05,2026-05-05 12:17:00,1450.64,1450.89,1450.64,1450.89,0.02,2.37,3472.36,1
2026-05-05,2026-05-05 12:18:00,1450.89,1451.15,1450.89,1451.15,0.02,2.37,3472.36,1
2026-05-05,2026-05-05 12:19:00,1451.15,1451.4,1451.15,1451.4,0.02,2.37,3472.36,1
2026-05-05,2026-05-05 12:20:00,1451.4,1451.65,1451.4,1451.65,0.02,2.37,3472.36,1
2026-05-05,2026-05-05 12:21:00,1451.65,1451.91,1451.65,1451.91,0.02,2.37,3472.36,1
2026-05-05,2026-05-05 12:22:00,1451.91,1452.16,1451.91,1452.16,0.02,2.37,3472.36,1
2026-05-05,2026-05-05 12:23:00,1452.16,1452.41,1452.16,1452.41,0.02,2.37,3472.36,1
2026-05-05,2026-05-05 12:24:00,1452.41,1452.67,1452.41,1452.67,0.02,2.37,3472.36,1
2026-05-05,2026-05-05 12:25:00,1452.67,1452.92,1452.67,1452.92,0.02,2.37,3472.36,1
2026-05-05,2026-05-05 12:26:00,1452.92,1453.18,1452.92,1453.18,0.02,2.37,3472.36,1
2026-05-05,2026-05-05 12:27:00,1453.18,1453.43,1453.18,1453.43,0.02,2.37,3472.36,1
2026-05-05,2026-05-05 12:28:00,1453.43,1453.68,1453.43,1453.68,0.02,2.37,3472.36,1
2026-05-05,2026-05-05 12:29:00,1453.68,1453.94,1453.68,1453.94,0.02,2.37,3472.36,1
2026-05-05,2026-05-05 12:30:00,1453.94,1454.19,1453.94,1454.19,0.02,2.37,3472.36,1
2026-05-05,2026-05-05 12:31:00,1454.19,1454.44,1454.19,1454.44,0.02,2.37,3472.36,1
2026-05-05,2026-05-05 12:32:00,1454.44,1454.7,1454.44,1454.7,0.02,2.37,3472.36,1
2026-05-05,2026-05-05 12:33:00,1454.7,1454.95,1454.7,1454.95,0.02,2.37,3472.36,1
2026-05-05,2026-05-05 12:34:00,1454.95,1455.21,1454.95,1455.21,0.02,2.37,3472.36,1
2026-05-05,2026-05-05 12:35:00,1455.21,1455.46,1455.21,1455.46,0.02,2.37,3472.36,1
2026-05-05,2026-05-05 12:36:00,1455.46,1455.71,1455.46,1455.71,0.02,2.37,3472.36,1
2026-05-05,2026-05-05 12:37:00,1455.71,1455.97,1455.71,1455.97,0.02,2.37,3472.36,1
2026-05-05,2026-05-05 12:38:00,1455.97,1456.22,1455.97,1456.22,0.02,2.37,3472.36,1
2026-05-05,2026-05-05 12:39:00,1456.22,1456.47,1456.22,1456.47,0.02,2.37,3472.36,1
2026-05-05,2026-05-05 12:40:00,1456.47,1456.73,1456.47,1456.73,0.02,2.37,3472.36,1
2026-05-05,2026-05-05 12:41:00,1456.73,1456.98,1456.73,1456.98,0.02,2.37,3472.36,1
2026-05-05,2026-05-05 12:42:00,1456.98,1457.24,1456.98,1457.24,0.02,2.37,3472.36,1
2026-05-05,2026-05-05 12:43:00,1457.24,1457.49,1457.24,1457.49,0.02,2.37,3472.36,1
2026-05-05,2026-05-05 12:44:00,1457.49,1457.74,1457.49,1457.74,0.02,2.37,3472.36,1
2026-05-05,2026-05-05 12:45:00,1457.74,1458.0,1457.74,1458.0,0.02,2.37,3472.36,1
2026-05-05,2026-05-05 12:46:00,1458.0,1458.25,1458.0,1458.25,0.02,2.37,3472.36,1
2026-05-05,2026-05-05 12:47:00,1458.25,1458.5,1458.25,1458.5,0.02,2.37,3472.36,1
2026-05-05,2026-05-05 12:48:00,1458.5,1458.76,1458.5,1458.76,0.02,2.37,3472.36,1
2026-05-05,2026-05-05 12:49:00,1458.76,1459.01,1458.76,1459.01,0.02,2.37,3472.36,1
2026-05-05,2026-05-05 12:50:00,1459.01,1459.27,1459.01,1459.27,0.02,2.37,3472.36,1
2026-05-05,2026-05-05 12:51:00,1459.27,1459.52,1459.27,1459.52,0.02,2.37,3472.36,1
2026-05-05,2026-05-05 12:52:00,1459.52,1459.77,1459.52,1459.77,0.02,2.37,3472.36,1
2026-05-05,2026-05-05 12:53:00,1459.77,1460.03,1459.77,1460.03,0.02,2.37,3472.36,1
2026-05-05,2026-05-05 12:54:00,1460.03,1460.28,1460.03,1460.28,0.02,2.37,3472.36,1
2026-05-05,2026-05-05 12:55:00,1460.28,1460.53,1460.28,1460.53,0.02,2.37,3472.36,1
2026-05-05,2026-05-05 12:56:00,1460.53,1460.79,1460.53,1460.79,0.02,2.37,3472.36,1
2026-05-05,2026-05-05 12:57:00,1460.79,1461.04,1460.79,1461.04,0.02,2.37,3472.36,1
2026-05-05,2026-05-05 12:58:00,1461.04,1461.3,1461.04,1461.3,0.02,2.37,3472.36,1
2026-05-05,2026-05-05 12:59:00,1461.3,1461.55,1461.3,1461.55,0.02,2.37,3472.36,1
2026-05-05,2026-05-05 13:00:00,1461.55,1503.0,1431.1,1461.8,0.02,2.37,3472.36,1
2026-05-05,2026-05-05 13:01:00,1461.8,1462.06,1461.8,1462.06,0.02,2.37,3472.36,1
2026-05-05,2026-05-05 13:02:00,1462.06,1462.31,1462.06,1462.31,0.02,2.37,3472.36,1
2026-05-05,2026-05-05 13:03:00,1462.31,1462.57,1462.31,1462.57,0.02,2.37,3472.36,1
2026-05-05,2026-05-05 13:04:00,1462.57,1462.82,1462.57,1462.82,0.02,2.37,3472.36,1
2026-05-05,2026-05-05 13:05:00,1462.82,1463.07,1462.82,1463.07,0.02,2.37,3472.36,1
2026-05-05,2026-05-05 13:06:00,1463.07,1463.33,1463.07,1463.33,0.02,2.37,3472.36,1
2026-05-05,2026-05-05 13:07:00,1463.33,1463.58,1463.33,1463.58,0.02,2.37,3472.36,1
2026-05-05,2026-05-05 13:08:00,1463.58,1463.83,1463.58,1463.83,0.02,2.37,3472.36,1
2026-05-05,2026-05-05 13:09:00,1463.83,1464.09,1463.83,1464.09,0.02,2.37,3472.36,1
2026-05-05,2026-05-05 13:10:00,1464.09,1464.34,1464.09,1464.34,0.02,2.37,3472.36,1
2026-05-05,2026-05-05 13:11:00,1464.34,1464.6,1464.34,1464.6,0.02,2.37,3472.36,1
2026-05-05,2026-05-05 13:12:00,1464.6,1464.85,1464.6,1464.85,0.02,2.37,3472.36,1
2026-05-05,2026-05-05 13:13:00,1464.85,1465.1,1464.85,1465.1,0.02,2.37,3472.36,1
2026-05-05,2026-05-05 13:14:00,1465.1,1465.36,1465.1,1465.36,0.02,2.37,3472.36,1
2026-05-05,2026-05-05 13:15:00,1465.36,1465.61,1465.36,1465.61,0.02,2.37,3472.36,1
2026-05-05,2026-05-05 13:16:00,1465.61,1465.86,1465.61,1465.86,0.02,2.37,3472.36,1
2026-05-05,2026-05-05 13:17:00,1465.86,1466.12,1465.86,1466.12,0.02,2.37,3472.36,1
2026-05-05,2026-05-05 13:18:00,1466.12,1466.37,1466.12,1466.37,0.02,2.37,3472.36,1
2026-05-05,2026-05-05 13:19:00,1466.37,1466.62,1466.37,1466.62,0.02,2.37,3472.36,1
2026-05-05,2026-05-05 13:20:00,1466.62,1466.88,1466.62,1466.88,0.02,2.37,3472.36,1
2026-05-05,2026-05-05 13:21:00,1466.88,1467.13,1466.88,1467.13,0.02,2.37,3472.36,1
2026-05-05,2026-05-05 13:22:00,1467.13,1467.39,1467.13,1467.39,0.02,2.37,3472.36,1
2026-05-05,2026-05-05 13:23:00,1467.39,1467.64,1467.39,1467.64,0.02,2.37,3472.36,1
2026-05-05,2026-05-05 13:24:00,1467.64,1467.89,1467.64,1467.89,0.02,2.37,3472.36,1
2026-05-05,2026-05-05 13:25:00,1467.89,1468.15,1467.89,1468.15,0.02,2.37,3472.36,1
2026-05-05,2026-05-05 13:26:00,1468.15,1468.4,1468.15,1468.4,0.02,2.37,3472.36,1
2026-05-05,2026-05-05 13:27:00,1468.4,1468.65,1468.4,1468.65,0.02,2.37,3472.36,1
2026-05-05,2026-05-05 13:28:00,1468.65,1468.91,1468.65,1468.91,0.02,2.37,3472.36,1
2026-05-05,2026-05-05 13:29:00,1468.91,1469.16,1468.91,1469.16,0.02,2.37,3472.36,1
2026-05-05,2026-05-05 13:30:00,1469.16,1469.42,1469.16,1469.42,0.02,2.37,3472.36,1
2026-05-05,2026-05-05 13:31:00,1469.42,1469.67,1469.42,1469.67,0.02,2.37,3472.36,1
2026-05-05,2026-05-05 13:32:00,1469.67,1469.92,1469.67,1469.92,0.02,2.37,3472.36,1
2026-05-05,2026-05-05 13:33:00,1469.92,1470.18,1469.92,1470.18,0.02,2.37,3472.36,1
2026-05-05,2026-05-05 13:34:00,1470.18,1470.43,1470.18,1470.43,0.02,2.37,3472.36,1
2026-05-05,2026-05-05 13:35:00,1470.43,1470.68,1470.43,1470.68,0.02,2.37,3472.36,1
2026-05-05,2026-05-05 13:36:00,1470.68,1470.94,1470.68,1470.94,0.02,2.37,3472.36,1
2026-05-05,2026-05-05 13:37:00,1470.94,1471.19,1470.94,1471.19,0.02,2.37,3472.36,1
2026-05-05,2026-05-05 13:38:00,1471.19,1471.45,1471.19,1471.45,0.02,2.37,3472.36,1
2026-05-05,2026-05-05 13:39:00,1471.45,1471.7,1471.45,1471.7,0.02,2.37,3472.36,1
2026-05-05,2026-05-05 13:40:00,1471.7,1471.95,1471.7,1471.95,0.02,2.37,3472.36,1
2026-05-05,2026-05-05 13:41:00,1471.95,1472.21,1471.95,1472.21,0.02,2.37,3472.36,1
2026-05-05,2026-05-05 13:42:00,1472.21,1472.46,1472.21,1472.46,0.02,2.37,3472.36,1
2026-05-05,2026-05-05 13:43:00,1472.46,1472.71,1472.46,1472.71,0.02,2.37,3472.36,1
2026-05-05,2026-05-05 13:44:00,1472.71,1472.97,1472.71,1472.97,0.02,2.37,3472.36,1
2026-05-05,2026-05-05 13:45:00,1472.97,1473.22,1472.97,1473.22,0.02,2.37,3472.36,1
2026-05-05,2026-05-05 13:46:00,1473.22,1473.48,1473.22,1473.48,0.02,2.37,3472.36,1
2026-05-05,2026-05-05 13:47:00,1473.48,1473.73,1473.48,1473.73,0.02,2.37,3472.36,1
2026-05-05,2026-05-05 13:48:00,1473.73,1473.98,1473.73,1473.98,0.02,2.37,3472.36,1
2026-05-05,2026-05-05 13:49:00,1473.98,1474.24,1473.98,1474.24,0.02,2.37,3472.36,1
2026-05-05,2026-05-05 13:50:00,1474.24,1474.49,1474.24,1474.49,0.02,2.37,3472.36,1
2026-05-05,2026-05-05 13:51:00,1474.49,1474.74,1474.49,1474.74,0.02,2.37,3472.36,1
2026-05-05,2026-05-05 13:52:00,1474.74,1475.0,1474.74,1475.0,0.02,2.37,3472.36,1
2026-05-05,2026-05-05 13:53:00,1475.0,1475.25,1475.0,1475.25,0.02,2.37,3472.36,1
2026-05-05,2026-05-05 13:54:00,1475.25,1475.51,1475.25,1475.51,0.02,2.37,3472.36,1
2026-05-05,2026-05-05 13:55:00,1475.51,1475.76,1475.51,1475.76,0.02,2.37,3472.36,1
2026-05-05,2026-05-05 13:56:00,1475.76,1476.01,1475.76,1476.01,0.02,2.37,3472.36,1
2026-05-05,2026-05-05 13:57:00,1476.01,1476.27,1476.01,1476.27,0.02,2.37,3472.36,1
2026-05-05,2026-05-05 13:58:00,1476.27,1476.52,1476.27,1476.52,0.02,2.37,3472.36,1
2026-05-05,2026-05-05 13:59:00,1476.52,1476.78,1476.52,1476.78,0.02,2.37,3472.36,1
2026-05-05,2026-05-05 14:00:00,1476.78,1477.03,1476.78,1477.03,0.02,2.37,3472.36,1
2026-05-05,2026-05-05 14:01:00,1477.03,1477.28,1477.03,1477.28,0.02,2.37,3472.36,1
2026-05-05,2026-05-05 14:02:00,1477.28,1477.54,1477.28,1477.54,0.02,2.37,3472.36,1
2026-05-05,2026-05-05 14:03:00,1477.54,1477.79,1477.54,1477.79,0.02,2.37,3472.36,1
2026-05-05,2026-05-05 14:04:00,1477.79,1478.04,1477.79,1478.04,0.02,2.37,3472.36,1
2026-05-05,2026-05-05 14:05:00,1478.04,1478.3,1478.04,1478.3,0.02,2.37,3472.36,1
2026-05-05,2026-05-05 14:06:00,1478.3,1478.55,1478.3,1478.55,0.02,2.37,3472.36,1
2026-05-05,2026-05-05 14:07:00,1478.55,1478.81,1478.55,1478.81,0.02,2.37,3472.36,1
2026-05-05,2026-05-05 14:08:00,1478.81,1479.06,1478.81,1479.06,0.02,2.37,3472.36,1
2026-05-05,2026-05-05 14:09:00,1479.06,1479.31,1479.06,1479.31,0.02,2.37,3472.36,1
2026-05-05,2026-05-05 14:10:00,1479.31,1479.57,1479.31,1479.57,0.02,2.37,3472.36,1
2026-05-05,2026-05-05 14:11:00,1479.57,1479.82,1479.57,1479.82,0.02,2.37,3472.36,1
2026-05-05,2026-05-05 14:12:00,1479.82,1480.07,1479.82,1480.07,0.02,2.37,3472.36,1
2026-05-05,2026-05-05 14:13:00,1480.07,1480.33,1480.07,1480.33,0.02,2.37,3472.36,1
2026-05-05,2026-05-05 14:14:00,1480.33,1480.58,1480.33,1480.58,0.02,2.37,3472.36,1
2026-05-05,2026-05-05 14:15:00,1480.58,1480.84,1480.58,1480.84,0.02,2.37,3472.36,1
2026-05-05,2026-05-05 14:16:00,1480.84,1481.09,1480.84,1481.09,0.02,2.37,3472.36,1
2026-05-05,2026-05-05 14:17:00,1481.09,1481.34,1481.09,1481.34,0.02,2.37,3472.36,1
2026-05-05,2026-05-05 14:18:00,1481.34,1481.6,1481.34,1481.6,0.02,2.37,3472.36,1
2026-05-05,2026-05-05 14:19:00,1481.6,1481.85,1481.6,1481.85,0.02,2.37,3472.36,1
2026-05-05,2026-05-05 14:20:00,1481.85,1482.1,1481.85,1482.1,0.02,2.37,3472.36,1
2026-05-05,2026-05-05 14:21:00,1482.1,1482.36,1482.1,1482.36,0.02,2.37,3472.36,1
2026-05-05,2026-05-05 14:22:00,1482.36,1482.61,1482.36,1482.61,0.02,2.37,3472.36,1
2026-05-05,2026-05-05 14:23:00,1482.61,1482.87,1482.61,1482.87,0.02,2.37,3472.36,1
2026-05-05,2026-05-05 14:24:00,1482.87,1483.12,1482.87,1483.12,0.02,2.37,3472.36,1
2026-05-05,2026-05-05 14:25:00,1483.12,1483.37,1483.12,1483.37,0.02,2.37,3472.36,1
2026-05-05,2026-05-05 14:26:00,1483.37,1483.63,1483.37,1483.63,0.02,2.37,3472.36,1
2026-05-05,2026-05-05 14:27:00,1483.63,1483.88,1483.63,1483.88,0.02,2.37,3472.36,1
2026-05-05,2026-05-05 14:28:00,1483.88,1484.13,1483.88,1484.13,0.02,2.37,3472.36,1
2026-05-05,2026-05-05 14:29:00,1484.13,1484.39,1484.13,1484.39,0.02,2.37,3472.36,1
2026-05-05,2026-05-05 14:30:00,1484.39,1484.64,1484.39,1484.64,0.02,2.37,3472.36,1
2026-05-05,2026-05-05 14:31:00,1484.64,1484.89,1484.64,1484.89,0.02,2.37,3472.36,1
2026-05-05,2026-05-05 14:32:00,1484.89,1485.15,1484.89,1485.15,0.02,2.37,3472.36,1
2026-05-05,2026-05-05 14:33:00,1485.15,1485.4,1485.15,1485.4,0.02,2.37,3472.36,1
2026-05-05,2026-05-05 14:34:00,1485.4,1485.66,1485.4,1485.66,0.02,2.37,3472.36,1
2026-05-05,2026-05-05 14:35:00,1485.66,1485.91,1485.66,1485.91,0.02,2.37,3472.36,1
2026-05-05,2026-05-05 14:36:00,1485.91,1486.16,1485.91,1486.16,0.02,2.37,3472.36,1
2026-05-05,2026-05-05 14:37:00,1486.16,1486.42,1486.16,1486.42,0.02,2.37,3472.36,1
2026-05-05,2026-05-05 14:38:00,1486.42,1486.67,1486.42,1486.67,0.02,2.37,3472.36,1
2026-05-05,2026-05-05 14:39:00,1486.67,1486.92,1486.67,1486.92,0.02,2.37,3472.36,1
2026-05-05,2026-05-05 14:40:00,1486.92,1487.18,1486.92,1487.18,0.02,2.37,3472.36,1
2026-05-05,2026-05-05 14:41:00,1487.18,1487.43,1487.18,1487.43,0.02,2.37,3472.36,1
2026-05-05,2026-05-05 14:42:00,1487.43,1487.69,1487.43,1487.69,0.02,2.37,3472.36,1
2026-05-05,2026-05-05 14:43:00,1487.69,1487.94,1487.69,1487.94,0.02,2.37,3472.36,1
2026-05-05,2026-05-05 14:44:00,1487.94,1488.19,1487.94,1488.19,0.02,2.37,3472.36,1
2026-05-05,2026-05-05 14:45:00,1488.19,1488.45,1488.19,1488.45,0.02,2.37,3472.36,1
2026-05-05,2026-05-05 14:46:00,1488.45,1488.7,1488.45,1488.7,0.02,2.37,3472.36,1
2026-05-05,2026-05-05 14:47:00,1488.7,1488.95,1488.7,1488.95,0.02,2.37,3472.36,1
2026-05-05,2026-05-05 14:48:00,1488.95,1489.21,1488.95,1489.21,0.02,2.37,3472.36,1
2026-05-05,2026-05-05 14:49:00,1489.21,1489.46,1489.21,1489.46,0.02,2.37,3472.36,1
2026-05-05,2026-05-05 14:50:00,1489.46,1489.72,1489.46,1489.72,0.02,2.37,3472.36,1
2026-05-05,2026-05-05 14:51:00,1489.72,1489.97,1489.72,1489.97,0.02,2.37,3472.36,1
2026-05-05,2026-05-05 14:52:00,1489.97,1490.22,1489.97,1490.22,0.02,2.37,3472.36,1
2026-05-05,2026-05-05 14:53:00,1490.22,1490.48,1490.22,1490.48,0.02,2.37,3472.36,1
2026-05-05,2026-05-05 14:54:00,1490.48,1490.73,1490.48,1490.73,0.02,2.37,3472.36,1
2026-05-05,2026-05-05 14:55:00,1490.73,1490.98,1490.73,1490.98,0.02,2.37,3472.36,1
2026-05-05,2026-05-05 14:56:00,1490.98,1491.24,1490.98,1491.24,0.02,2.37,3472.36,1
2026-05-05,2026-05-05 14:57:00,1491.24,1491.49,1491.24,1491.49,0.02,2.37,3472.36,1
2026-05-05,2026-05-05 14:58:00,1491.49,1491.75,1491.49,1491.75,0.02,2.37,3472.36,1
2026-05-05,2026-05-05 14:59:00,1491.75,1492.0,1491.75,1492.0,0.02,2.37,3472.36,1
2026-05-05,2026-05-05 15:00:00,1492.0,1503.0,1431.1,1492.0,0.0,2.37,3472.36,0
2026-05-06,2026-05-06 11:00:00,1462.0,1462.3,1459.39,1461.96,-0.0,2.41,3517.3,-1
2026-05-06,2026-05-06 11:01:00,1461.96,1461.96,1461.93,1461.93,-0.0,2.41,3517.3,-1
2026-05-06,2026-05-06 11:02:00,1461.93,1461.93,1461.89,1461.89,-0.0,2.41,3517.3,-1
2026-05-06,2026-05-06 11:03:00,1461.89,1461.89,1461.86,1461.86,-0.0,2.41,3517.3,-1
2026-05-06,2026-05-06 11:04:00,1461.86,1461.86,1461.82,1461.82,-0.0,2.41,3517.3,-1
2026-05-06,2026-05-06 11:05:00,1461.82,1461.82,1461.78,1461.78,-0.0,2.41,3517.3,-1
2026-05-06,2026-05-06 11:06:00,1461.78,1461.78,1461.75,1461.75,-0.0,2.41,3517.3,-1
2026-05-06,2026-05-06 11:07:00,1461.75,1461.75,1461.71,1461.71,-0.0,2.41,3517.3,-1
2026-05-06,2026-05-06 11:08:00,1461.71,1461.71,1461.67,1461.67,-0.0,2.41,3517.3,-1
2026-05-06,2026-05-06 11:09:00,1461.67,1461.67,1461.64,1461.64,-0.0,2.41,3517.3,-1
2026-05-06,2026-05-06 11:10:00,1461.64,1461.64,1461.6,1461.6,-0.0,2.41,3517.3,-1
2026-05-06,2026-05-06 11:11:00,1461.6,1461.6,1461.57,1461.57,-0.0,2.41,3517.3,-1
2026-05-06,2026-05-06 11:12:00,1461.57,1461.57,1461.53,1461.53,-0.0,2.41,3517.3,-1
2026-05-06,2026-05-06 11:13:00,1461.53,1461.53,1461.49,1461.49,-0.0,2.41,3517.3,-1
2026-05-06,2026-05-06 11:14:00,1461.49,1461.49,1461.46,1461.46,-0.0,2.41,3517.3,-1
2026-05-06,2026-05-06 11:15:00,1461.46,1461.46,1461.42,1461.42,-0.0,2.41,3517.3,-1
2026-05-06,2026-05-06 11:16:00,1461.42,1461.42,1461.38,1461.38,-0.0,2.41,3517.3,-1
2026-05-06,2026-05-06 11:17:00,1461.38,1461.38,1461.35,1461.35,-0.0,2.41,3517.3,-1
2026-05-06,2026-05-06 11:18:00,1461.35,1461.35,1461.31,1461.31,-0.0,2.41,3517.3,-1
2026-05-06,2026-05-06 11:19:00,1461.31,1461.31,1461.28,1461.28,-0.0,2.41,3517.3,-1
2026-05-06,2026-05-06 11:20:00,1461.28,1461.28,1461.24,1461.24,-0.0,2.41,3517.3,-1
2026-05-06,2026-05-06 11:21:00,1461.24,1461.24,1461.2,1461.2,-0.0,2.41,3517.3,-1
2026-05-06,2026-05-06 11:22:00,1461.2,1461.2,1461.17,1461.17,-0.0,2.41,3517.3,-1
2026-05-06,2026-05-06 11:23:00,1461.17,1461.17,1461.13,1461.13,-0.0,2.41,3517.3,-1
2026-05-06,2026-05-06 11:24:00,1461.13,1461.13,1461.09,1461.09,-0.0,2.41,3517.3,-1
2026-05-06,2026-05-06 11:25:00,1461.09,1461.09,1461.06,1461.06,-0.0,2.41,3517.3,-1
2026-05-06,2026-05-06 11:26:00,1461.06,1461.06,1461.02,1461.02,-0.0,2.41,3517.3,-1
2026-05-06,2026-05-06 11:27:00,1461.02,1461.02,1460.98,1460.98,-0.0,2.41,3517.3,-1
2026-05-06,2026-05-06 11:28:00,1460.98,1460.98,1460.95,1460.95,-0.0,2.41,3517.3,-1
2026-05-06,2026-05-06 11:29:00,1460.95,1460.95,1460.91,1460.91,-0.0,2.41,3517.3,-1
2026-05-06,2026-05-06 11:30:00,1460.91,1460.91,1460.88,1460.88,-0.0,2.41,3517.3,-1
2026-05-06,2026-05-06 11:31:00,1460.88,1460.88,1460.84,1460.84,-0.0,2.41,3517.3,-1
2026-05-06,2026-05-06 11:32:00,1460.84,1460.84,1460.8,1460.8,-0.0,2.41,3517.3,-1
2026-05-06,2026-05-06 11:33:00,1460.8,1460.8,1460.77,1460.77,-0.0,2.41,3517.3,-1
2026-05-06,2026-05-06 11:34:00,1460.77,1460.77,1460.73,1460.73,-0.0,2.41,3517.3,-1
2026-05-06,2026-05-06 11:35:00,1460.73,1460.73,1460.69,1460.69,-0.0,2.41,3517.3,-1
2026-05-06,2026-05-06 11:36:00,1460.69,1460.69,1460.66,1460.66,-0.0,2.41,3517.3,-1
2026-05-06,2026-05-06 11:37:00,1460.66,1460.66,1460.62,1460.62,-0.0,2.41,3517.3,-1
2026-05-06,2026-05-06 11:38:00,1460.62,1460.62,1460.59,1460.59,-0.0,2.41,3517.3,-1
2026-05-06,2026-05-06 11:39:00,1460.59,1460.59,1460.55,1460.55,-0.0,2.41,3517.3,-1
2026-05-06,2026-05-06 11:40:00,1460.55,1460.55,1460.51,1460.51,-0.0,2.41,3517.3,-1
2026-05-06,2026-05-06 11:41:00,1460.51,1460.51,1460.48,1460.48,-0.0,2.41,3517.3,-1
2026-05-06,2026-05-06 11:42:00,1460.48,1460.48,1460.44,1460.44,-0.0,2.41,3517.3,-1
2026-05-06,2026-05-06 11:43:00,1460.44,1460.44,1460.4,1460.4,-0.0,2.41,3517.3,-1
2026-05-06,2026-05-06 11:44:00,1460.4,1460.4,1460.37,1460.37,-0.0,2.41,3517.3,-1
2026-05-06,2026-05-06 11:45:00,1460.37,1460.37,1460.33,1460.33,-0.0,2.41,3517.3,-1
2026-05-06,2026-05-06 11:46:00,1460.33,1460.33,1460.3,1460.3,-0.0,2.41,3517.3,-1
2026-05-06,2026-05-06 11:47:00,1460.3,1460.3,1460.26,1460.26,-0.0,2.41,3517.3,-1
2026-05-06,2026-05-06 11:48:00,1460.26,1460.26,1460.22,1460.22,-0.0,2.41,3517.3,-1
2026-05-06,2026-05-06 11:49:00,1460.22,1460.22,1460.19,1460.19,-0.0,2.41,3517.3,-1
2026-05-06,2026-05-06 11:50:00,1460.19,1460.19,1460.15,1460.15,-0.0,2.41,3517.3,-1
2026-05-06,2026-05-06 11:51:00,1460.15,1460.15,1460.12,1460.12,-0.0,2.41,3517.3,-1
2026-05-06,2026-05-06 11:52:00,1460.12,1460.12,1460.08,1460.08,-0.0,2.41,3517.3,-1
2026-05-06,2026-05-06 11:53:00,1460.08,1460.08,1460.04,1460.04,-0.0,2.41,3517.3,-1
2026-05-06,2026-05-06 11:54:00,1460.04,1460.04,1460.01,1460.01,-0.0,2.41,3517.3,-1
2026-05-06,2026-05-06 11:55:00,1460.01,1460.01,1459.97,1459.97,-0.0,2.41,3517.3,-1
2026-05-06,2026-05-06 11:56:00,1459.97,1459.97,1459.93,1459.93,-0.0,2.41,3517.3,-1
2026-05-06,2026-05-06 11:57:00,1459.93,1459.93,1459.9,1459.9,-0.0,2.41,3517.3,-1
2026-05-06,2026-05-06 11:58:00,1459.9,1459.9,1459.86,1459.86,-0.0,2.41,3517.3,-1
2026-05-06,2026-05-06 11:59:00,1459.86,1459.86,1459.83,1459.83,-0.0,2.41,3517.3,-1
2026-05-06,2026-05-06 12:00:00,1459.83,1459.83,1459.79,1459.79,-0.0,2.41,3517.3,-1
2026-05-06,2026-05-06 12:01:00,1459.79,1459.79,1459.75,1459.75,-0.0,2.41,3517.3,-1
2026-05-06,2026-05-06 12:02:00,1459.75,1459.75,1459.72,1459.72,-0.0,2.41,3517.3,-1
2026-05-06,2026-05-06 12:03:00,1459.72,1459.72,1459.68,1459.68,-0.0,2.41,3517.3,-1
2026-05-06,2026-05-06 12:04:00,1459.68,1459.68,1459.64,1459.64,-0.0,2.41,3517.3,-1
2026-05-06,2026-05-06 12:05:00,1459.64,1459.64,1459.61,1459.61,-0.0,2.41,3517.3,-1
2026-05-06,2026-05-06 12:06:00,1459.61,1459.61,1459.57,1459.57,-0.0,2.41,3517.3,-1
2026-05-06,2026-05-06 12:07:00,1459.57,1459.57,1459.54,1459.54,-0.0,2.41,3517.3,-1
2026-05-06,2026-05-06 12:08:00,1459.54,1459.54,1459.5,1459.5,-0.0,2.41,3517.3,-1
2026-05-06,2026-05-06 12:09:00,1459.5,1459.5,1459.46,1459.46,-0.0,2.41,3517.3,-1
2026-05-06,2026-05-06 12:10:00,1459.46,1459.46,1459.43,1459.43,-0.0,2.41,3517.3,-1
2026-05-06,2026-05-06 12:11:00,1459.43,1459.43,1459.39,1459.39,-0.0,2.41,3517.3,-1
2026-05-06,2026-05-06 12:12:00,1459.39,1459.39,1459.35,1459.35,-0.0,2.41,3517.3,-1
2026-05-06,2026-05-06 12:13:00,1459.35,1459.35,1459.32,1459.32,-0.0,2.41,3517.3,-1
2026-05-06,2026-05-06 12:14:00,1459.32,1459.32,1459.28,1459.28,-0.0,2.41,3517.3,-1
2026-05-06,2026-05-06 12:15:00,1459.28,1459.28,1459.24,1459.24,-0.0,2.41,3517.3,-1
2026-05-06,2026-05-06 12:16:00,1459.24,1459.24,1459.21,1459.21,-0.0,2.41,3517.3,-1
2026-05-06,2026-05-06 12:17:00,1459.21,1459.21,1459.17,1459.17,-0.0,2.41,3517.3,-1
2026-05-06,2026-05-06 12:18:00,1459.17,1459.17,1459.14,1459.14,-0.0,2.41,3517.3,-1
2026-05-06,2026-05-06 12:19:00,1459.14,1459.14,1459.1,1459.1,-0.0,2.41,3517.3,-1
2026-05-06,2026-05-06 12:20:00,1459.1,1459.1,1459.06,1459.06,-0.0,2.41,3517.3,-1
2026-05-06,2026-05-06 12:21:00,1459.06,1459.06,1459.03,1459.03,-0.0,2.41,3517.3,-1
2026-05-06,2026-05-06 12:22:00,1459.03,1459.03,1458.99,1458.99,-0.0,2.41,3517.3,-1
2026-05-06,2026-05-06 12:23:00,1458.99,1458.99,1458.95,1458.95,-0.0,2.41,3517.3,-1
2026-05-06,2026-05-06 12:24:00,1458.95,1458.95,1458.92,1458.92,-0.0,2.41,3517.3,-1
2026-05-06,2026-05-06 12:25:00,1458.92,1458.92,1458.88,1458.88,-0.0,2.41,3517.3,-1
2026-05-06,2026-05-06 12:26:00,1458.88,1458.88,1458.85,1458.85,-0.0,2.41,3517.3,-1
2026-05-06,2026-05-06 12:27:00,1458.85,1458.85,1458.81,1458.81,-0.0,2.41,3517.3,-1
2026-05-06,2026-05-06 12:28:00,1458.81,1458.81,1458.77,1458.77,-0.0,2.41,3517.3,-1
2026-05-06,2026-05-06 12:29:00,1458.77,1458.77,1458.74,1458.74,-0.0,2.41,3517.3,-1
2026-05-06,2026-05-06 12:30:00,1458.74,1458.74,1458.7,1458.7,-0.0,2.41,3517.3,-1
2026-05-06,2026-05-06 12:31:00,1458.7,1458.7,1458.66,1458.66,-0.0,2.41,3517.3,-1
2026-05-06,2026-05-06 12:32:00,1458.66,1458.66,1458.63,1458.63,-0.0,2.41,3517.3,-1
2026-05-06,2026-05-06 12:33:00,1458.63,1458.63,1458.59,1458.59,-0.0,2.41,3517.3,-1
2026-05-06,2026-05-06 12:34:00,1458.59,1458.59,1458.56,1458.56,-0.0,2.41,3517.3,-1
2026-05-06,2026-05-06 12:35:00,1458.56,1458.56,1458.52,1458.52,-0.0,2.41,3517.3,-1
2026-05-06,2026-05-06 12:36:00,1458.52,1458.52,1458.48,1458.48,-0.0,2.41,3517.3,-1
2026-05-06,2026-05-06 12:37:00,1458.48,1458.48,1458.45,1458.45,-0.0,2.41,3517.3,-1
2026-05-06,2026-05-06 12:38:00,1458.45,1458.45,1458.41,1458.41,-0.0,2.41,3517.3,-1
2026-05-06,2026-05-06 12:39:00,1458.41,1458.41,1458.38,1458.38,-0.0,2.41,3517.3,-1
2026-05-06,2026-05-06 12:40:00,1458.38,1458.38,1458.34,1458.34,-0.0,2.41,3517.3,-1
2026-05-06,2026-05-06 12:41:00,1458.34,1458.34,1458.3,1458.3,-0.0,2.41,3517.3,-1
2026-05-06,2026-05-06 12:42:00,1458.3,1458.3,1458.27,1458.27,-0.0,2.41,3517.3,-1
2026-05-06,2026-05-06 12:43:00,1458.27,1458.27,1458.23,1458.23,-0.0,2.41,3517.3,-1
2026-05-06,2026-05-06 12:44:00,1458.23,1458.23,1458.19,1458.19,-0.0,2.41,3517.3,-1
2026-05-06,2026-05-06 12:45:00,1458.19,1458.19,1458.16,1458.16,-0.0,2.41,3517.3,-1
2026-05-06,2026-05-06 12:46:00,1458.16,1458.16,1458.12,1458.12,-0.0,2.41,3517.3,-1
2026-05-06,2026-05-06 12:47:00,1458.12,1458.12,1458.09,1458.09,-0.0,2.41,3517.3,-1
2026-05-06,2026-05-06 12:48:00,1458.09,1458.09,1458.05,1458.05,-0.0,2.41,3517.3,-1
2026-05-06,2026-05-06 12:49:00,1458.05,1458.05,1458.01,1458.01,-0.0,2.41,3517.3,-1
2026-05-06,2026-05-06 12:50:00,1458.01,1458.01,1457.98,1457.98,-0.0,2.41,3517.3,-1
2026-05-06,2026-05-06 12:51:00,1457.98,1457.98,1457.94,1457.94,-0.0,2.41,3517.3,-1
2026-05-06,2026-05-06 12:52:00,1457.94,1457.94,1457.9,1457.9,-0.0,2.41,3517.3,-1
2026-05-06,2026-05-06 12:53:00,1457.9,1457.9,1457.87,1457.87,-0.0,2.41,3517.3,-1
2026-05-06,2026-05-06 12:54:00,1457.87,1457.87,1457.83,1457.83,-0.0,2.41,3517.3,-1
2026-05-06,2026-05-06 12:55:00,1457.83,1457.83,1457.8,1457.8,-0.0,2.41,3517.3,-1
2026-05-06,2026-05-06 12:56:00,1457.8,1457.8,1457.76,1457.76,-0.0,2.41,3517.3,-1
2026-05-06,2026-05-06 12:57:00,1457.76,1457.76,1457.72,1457.72,-0.0,2.41,3517.3,-1
2026-05-06,2026-05-06 12:58:00,1457.72,1457.72,1457.69,1457.69,-0.0,2.41,3517.3,-1
2026-05-06,2026-05-06 12:59:00,1457.69,1457.69,1457.65,1457.65,-0.0,2.41,3517.3,-1
2026-05-06,2026-05-06 13:00:00,1457.65,1463.0,1453.3,1457.61,-0.0,2.41,3517.3,-1
2026-05-06,2026-05-06 13:01:00,1457.61,1457.61,1457.58,1457.58,-0.0,2.41,3517.3,-1
2026-05-06,2026-05-06 13:02:00,1457.58,1457.58,1457.54,1457.54,-0.0,2.41,3517.3,-1
2026-05-06,2026-05-06 13:03:00,1457.54,1457.54,1457.5,1457.5,-0.0,2.41,3517.3,-1
2026-05-06,2026-05-06 13:04:00,1457.5,1457.5,1457.47,1457.47,-0.0,2.41,3517.3,-1
2026-05-06,2026-05-06 13:05:00,1457.47,1457.47,1457.43,1457.43,-0.0,2.41,3517.3,-1
2026-05-06,2026-05-06 13:06:00,1457.43,1457.43,1457.4,1457.4,-0.0,2.41,3517.3,-1
2026-05-06,2026-05-06 13:07:00,1457.4,1457.4,1457.36,1457.36,-0.0,2.41,3517.3,-1
2026-05-06,2026-05-06 13:08:00,1457.36,1457.36,1457.32,1457.32,-0.0,2.41,3517.3,-1
2026-05-06,2026-05-06 13:09:00,1457.32,1457.32,1457.29,1457.29,-0.0,2.41,3517.3,-1
2026-05-06,2026-05-06 13:10:00,1457.29,1457.29,1457.25,1457.25,-0.0,2.41,3517.3,-1
2026-05-06,2026-05-06 13:11:00,1457.25,1457.25,1457.21,1457.21,-0.0,2.41,3517.3,-1
2026-05-06,2026-05-06 13:12:00,1457.21,1457.21,1457.18,1457.18,-0.0,2.41,3517.3,-1
2026-05-06,2026-05-06 13:13:00,1457.18,1457.18,1457.14,1457.14,-0.0,2.41,3517.3,-1
2026-05-06,2026-05-06 13:14:00,1457.14,1457.14,1457.11,1457.11,-0.0,2.41,3517.3,-1
2026-05-06,2026-05-06 13:15:00,1457.11,1457.11,1457.07,1457.07,-0.0,2.41,3517.3,-1
2026-05-06,2026-05-06 13:16:00,1457.07,1457.07,1457.03,1457.03,-0.0,2.41,3517.3,-1
2026-05-06,2026-05-06 13:17:00,1457.03,1457.03,1457.0,1457.0,-0.0,2.41,3517.3,-1
2026-05-06,2026-05-06 13:18:00,1457.0,1457.0,1456.96,1456.96,-0.0,2.41,3517.3,-1
2026-05-06,2026-05-06 13:19:00,1456.96,1456.96,1456.92,1456.92,-0.0,2.41,3517.3,-1
2026-05-06,2026-05-06 13:20:00,1456.92,1456.92,1456.89,1456.89,-0.0,2.41,3517.3,-1
2026-05-06,2026-05-06 13:21:00,1456.89,1456.89,1456.85,1456.85,-0.0,2.41,3517.3,-1
2026-05-06,2026-05-06 13:22:00,1456.85,1456.85,1456.82,1456.82,-0.0,2.41,3517.3,-1
2026-05-06,2026-05-06 13:23:00,1456.82,1456.82,1456.78,1456.78,-0.0,2.41,3517.3,-1
2026-05-06,2026-05-06 13:24:00,1456.78,1456.78,1456.74,1456.74,-0.0,2.41,3517.3,-1
2026-05-06,2026-05-06 13:25:00,1456.74,1456.74,1456.71,1456.71,-0.0,2.41,3517.3,-1
2026-05-06,2026-05-06 13:26:00,1456.71,1456.71,1456.67,1456.67,-0.0,2.41,3517.3,-1
2026-05-06,2026-05-06 13:27:00,1456.67,1456.67,1456.63,1456.63,-0.0,2.41,3517.3,-1
2026-05-06,2026-05-06 13:28:00,1456.63,1456.63,1456.6,1456.6,-0.0,2.41,3517.3,-1
2026-05-06,2026-05-06 13:29:00,1456.6,1456.6,1456.56,1456.56,-0.0,2.41,3517.3,-1
2026-05-06,2026-05-06 13:30:00,1456.56,1456.56,1456.53,1456.53,-0.0,2.41,3517.3,-1
2026-05-06,2026-05-06 13:31:00,1456.53,1456.53,1456.49,1456.49,-0.0,2.41,3517.3,-1
2026-05-06,2026-05-06 13:32:00,1456.49,1456.49,1456.45,1456.45,-0.0,2.41,3517.3,-1
2026-05-06,2026-05-06 13:33:00,1456.45,1456.45,1456.42,1456.42,-0.0,2.41,3517.3,-1
2026-05-06,2026-05-06 13:34:00,1456.42,1456.42,1456.38,1456.38,-0.0,2.41,3517.3,-1
2026-05-06,2026-05-06 13:35:00,1456.38,1456.38,1456.35,1456.35,-0.0,2.41,3517.3,-1
2026-05-06,2026-05-06 13:36:00,1456.35,1456.35,1456.31,1456.31,-0.0,2.41,3517.3,-1
2026-05-06,2026-05-06 13:37:00,1456.31,1456.31,1456.27,1456.27,-0.0,2.41,3517.3,-1
2026-05-06,2026-05-06 13:38:00,1456.27,1456.27,1456.24,1456.24,-0.0,2.41,3517.3,-1
2026-05-06,2026-05-06 13:39:00,1456.24,1456.24,1456.2,1456.2,-0.0,2.41,3517.3,-1
2026-05-06,2026-05-06 13:40:00,1456.2,1456.2,1456.16,1456.16,-0.0,2.41,3517.3,-1
2026-05-06,2026-05-06 13:41:00,1456.16,1456.16,1456.13,1456.13,-0.0,2.41,3517.3,-1
2026-05-06,2026-05-06 13:42:00,1456.13,1456.13,1456.09,1456.09,-0.0,2.41,3517.3,-1
2026-05-06,2026-05-06 13:43:00,1456.09,1456.09,1456.06,1456.06,-0.0,2.41,3517.3,-1
2026-05-06,2026-05-06 13:44:00,1456.06,1456.06,1456.02,1456.02,-0.0,2.41,3517.3,-1
2026-05-06,2026-05-06 13:45:00,1456.02,1456.02,1455.98,1455.98,-0.0,2.41,3517.3,-1
2026-05-06,2026-05-06 13:46:00,1455.98,1455.98,1455.95,1455.95,-0.0,2.41,3517.3,-1
2026-05-06,2026-05-06 13:47:00,1455.95,1455.95,1455.91,1455.91,-0.0,2.41,3517.3,-1
2026-05-06,2026-05-06 13:48:00,1455.91,1455.91,1455.87,1455.87,-0.0,2.41,3517.3,-1
2026-05-06,2026-05-06 13:49:00,1455.87,1455.87,1455.84,1455.84,-0.0,2.41,3517.3,-1
2026-05-06,2026-05-06 13:50:00,1455.84,1455.84,1455.8,1455.8,-0.0,2.41,3517.3,-1
2026-05-06,2026-05-06 13:51:00,1455.8,1455.8,1455.76,1455.76,-0.0,2.41,3517.3,-1
2026-05-06,2026-05-06 13:52:00,1455.76,1455.76,1455.73,1455.73,-0.0,2.41,3517.3,-1
2026-05-06,2026-05-06 13:53:00,1455.73,1455.73,1455.69,1455.69,-0.0,2.41,3517.3,-1
2026-05-06,2026-05-06 13:54:00,1455.69,1455.69,1455.66,1455.66,-0.0,2.41,3517.3,-1
2026-05-06,2026-05-06 13:55:00,1455.66,1455.66,1455.62,1455.62,-0.0,2.41,3517.3,-1
2026-05-06,2026-05-06 13:56:00,1455.62,1455.62,1455.58,1455.58,-0.0,2.41,3517.3,-1
2026-05-06,2026-05-06 13:57:00,1455.58,1455.58,1455.55,1455.55,-0.0,2.41,3517.3,-1
2026-05-06,2026-05-06 13:58:00,1455.55,1455.55,1455.51,1455.51,-0.0,2.41,3517.3,-1
2026-05-06,2026-05-06 13:59:00,1455.51,1455.51,1455.47,1455.47,-0.0,2.41,3517.3,-1
2026-05-06,2026-05-06 14:00:00,1455.47,1455.47,1455.44,1455.44,-0.0,2.41,3517.3,-1
2026-05-06,2026-05-06 14:01:00,1455.44,1455.44,1455.4,1455.4,-0.0,2.41,3517.3,-1
2026-05-06,2026-05-06 14:02:00,1455.4,1455.4,1455.37,1455.37,-0.0,2.41,3517.3,-1
2026-05-06,2026-05-06 14:03:00,1455.37,1455.37,1455.33,1455.33,-0.0,2.41,3517.3,-1
2026-05-06,2026-05-06 14:04:00,1455.33,1455.33,1455.29,1455.29,-0.0,2.41,3517.3,-1
2026-05-06,2026-05-06 14:05:00,1455.29,1455.29,1455.26,1455.26,-0.0,2.41,3517.3,-1
2026-05-06,2026-05-06 14:06:00,1455.26,1455.26,1455.22,1455.22,-0.0,2.41,3517.3,-1
2026-05-06,2026-05-06 14:07:00,1455.22,1455.22,1455.18,1455.18,-0.0,2.41,3517.3,-1
2026-05-06,2026-05-06 14:08:00,1455.18,1455.18,1455.15,1455.15,-0.0,2.41,3517.3,-1
2026-05-06,2026-05-06 14:09:00,1455.15,1455.15,1455.11,1455.11,-0.0,2.41,3517.3,-1
2026-05-06,2026-05-06 14:10:00,1455.11,1455.11,1455.08,1455.08,-0.0,2.41,3517.3,-1
2026-05-06,2026-05-06 14:11:00,1455.08,1455.08,1455.04,1455.04,-0.0,2.41,3517.3,-1
2026-05-06,2026-05-06 14:12:00,1455.04,1455.04,1455.0,1455.0,-0.0,2.41,3517.3,-1
2026-05-06,2026-05-06 14:13:00,1455.0,1455.0,1454.97,1454.97,-0.0,2.41,3517.3,-1
2026-05-06,2026-05-06 14:14:00,1454.97,1454.97,1454.93,1454.93,-0.0,2.41,3517.3,-1
2026-05-06,2026-05-06 14:15:00,1454.93,1454.93,1454.89,1454.89,-0.0,2.41,3517.3,-1
2026-05-06,2026-05-06 14:16:00,1454.89,1454.89,1454.86,1454.86,-0.0,2.41,3517.3,-1
2026-05-06,2026-05-06 14:17:00,1454.86,1454.86,1454.82,1454.82,-0.0,2.41,3517.3,-1
2026-05-06,2026-05-06 14:18:00,1454.82,1454.82,1454.79,1454.79,-0.0,2.41,3517.3,-1
2026-05-06,2026-05-06 14:19:00,1454.79,1454.79,1454.75,1454.75,-0.0,2.41,3517.3,-1
2026-05-06,2026-05-06 14:20:00,1454.75,1454.75,1454.71,1454.71,-0.0,2.41,3517.3,-1
2026-05-06,2026-05-06 14:21:00,1454.71,1454.71,1454.68,1454.68,-0.0,2.41,3517.3,-1
2026-05-06,2026-05-06 14:22:00,1454.68,1454.68,1454.64,1454.64,-0.0,2.41,3517.3,-1
2026-05-06,2026-05-06 14:23:00,1454.64,1454.64,1454.61,1454.61,-0.0,2.41,3517.3,-1
2026-05-06,2026-05-06 14:24:00,1454.61,1454.61,1454.57,1454.57,-0.0,2.41,3517.3,-1
2026-05-06,2026-05-06 14:25:00,1454.57,1454.57,1454.53,1454.53,-0.0,2.41,3517.3,-1
2026-05-06,2026-05-06 14:26:00,1454.53,1454.53,1454.5,1454.5,-0.0,2.41,3517.3,-1
2026-05-06,2026-05-06 14:27:00,1454.5,1454.5,1454.46,1454.46,-0.0,2.41,3517.3,-1
2026-05-06,2026-05-06 14:28:00,1454.46,1454.46,1454.42,1454.42,-0.0,2.41,3517.3,-1
2026-05-06,2026-05-06 14:29:00,1454.42,1454.42,1454.39,1454.39,-0.0,2.41,3517.3,-1
2026-05-06,2026-05-06 14:30:00,1454.39,1454.39,1454.35,1454.35,-0.0,2.41,3517.3,-1
2026-05-06,2026-05-06 14:31:00,1454.35,1454.35,1454.32,1454.32,-0.0,2.41,3517.3,-1
2026-05-06,2026-05-06 14:32:00,1454.32,1454.32,1454.28,1454.28,-0.0,2.41,3517.3,-1
2026-05-06,2026-05-06 14:33:00,1454.28,1454.28,1454.24,1454.24,-0.0,2.41,3517.3,-1
2026-05-06,2026-05-06 14:34:00,1454.24,1454.24,1454.21,1454.21,-0.0,2.41,3517.3,-1
2026-05-06,2026-05-06 14:35:00,1454.21,1454.21,1454.17,1454.17,-0.0,2.41,3517.3,-1
2026-05-06,2026-05-06 14:36:00,1454.17,1454.17,1454.13,1454.13,-0.0,2.41,3517.3,-1
2026-05-06,2026-05-06 14:37:00,1454.13,1454.13,1454.1,1454.1,-0.0,2.41,3517.3,-1
2026-05-06,2026-05-06 14:38:00,1454.1,1454.1,1454.06,1454.06,-0.0,2.41,3517.3,-1
2026-05-06,2026-05-06 14:39:00,1454.06,1454.06,1454.02,1454.02,-0.0,2.41,3517.3,-1
2026-05-06,2026-05-06 14:40:00,1454.02,1454.02,1453.99,1453.99,-0.0,2.41,3517.3,-1
2026-05-06,2026-05-06 14:41:00,1453.99,1453.99,1453.95,1453.95,-0.0,2.41,3517.3,-1
2026-05-06,2026-05-06 14:42:00,1453.95,1453.95,1453.92,1453.92,-0.0,2.41,3517.3,-1
2026-05-06,2026-05-06 14:43:00,1453.92,1453.92,1453.88,1453.88,-0.0,2.41,3517.3,-1
2026-05-06,2026-05-06 14:44:00,1453.88,1453.88,1453.84,1453.84,-0.0,2.41,3517.3,-1
2026-05-06,2026-05-06 14:45:00,1453.84,1453.84,1453.81,1453.81,-0.0,2.41,3517.3,-1
2026-05-06,2026-05-06 14:46:00,1453.81,1453.81,1453.77,1453.77,-0.0,2.41,3517.3,-1
2026-05-06,2026-05-06 14:47:00,1453.77,1453.77,1453.73,1453.73,-0.0,2.41,3517.3,-1
2026-05-06,2026-05-06 14:48:00,1453.73,1453.73,1453.7,1453.7,-0.0,2.41,3517.3,-1
2026-05-06,2026-05-06 14:49:00,1453.7,1453.7,1453.66,1453.66,-0.0,2.41,3517.3,-1
2026-05-06,2026-05-06 14:50:00,1453.66,1453.66,1453.63,1453.63,-0.0,2.41,3517.3,-1
2026-05-06,2026-05-06 14:51:00,1453.63,1453.63,1453.59,1453.59,-0.0,2.41,3517.3,-1
2026-05-06,2026-05-06 14:52:00,1453.59,1453.59,1453.55,1453.55,-0.0,2.41,3517.3,-1
2026-05-06,2026-05-06 14:53:00,1453.55,1453.55,1453.52,1453.52,-0.0,2.41,3517.3,-1
2026-05-06,2026-05-06 14:54:00,1453.52,1453.52,1453.48,1453.48,-0.0,2.41,3517.3,-1
2026-05-06,2026-05-06 14:55:00,1453.48,1453.48,1453.44,1453.44,-0.0,2.41,3517.3,-1
2026-05-06,2026-05-06 14:56:00,1453.44,1453.44,1453.41,1453.41,-0.0,2.41,3517.3,-1
2026-05-06,2026-05-06 14:57:00,1453.41,1453.41,1453.37,1453.37,-0.0,2.41,3517.3,-1
2026-05-06,2026-05-06 14:58:00,1453.37,1453.37,1453.34,1453.34,-0.0,2.41,3517.3,-1
2026-05-06,2026-05-06 14:59:00,1453.34,1453.34,1453.3,1453.3,-0.0,2.41,3517.3,-1
2026-05-06,2026-05-06 15:00:00,1453.3,1463.0,1453.3,1453.3,0.0,2.41,3517.3,0
2026-05-07,2026-05-07 11:00:00,1453.3,1462.75,1453.24,1453.32,0.0,2.05,3008.75,1
2026-05-07,2026-05-07 11:01:00,1453.32,1453.33,1453.32,1453.33,0.0,2.05,3008.75,1
2026-05-07,2026-05-07 11:02:00,1453.33,1453.35,1453.33,1453.35,0.0,2.05,3008.75,1
2026-05-07,2026-05-07 11:03:00,1453.35,1453.36,1453.35,1453.36,0.0,2.05,3008.75,1
2026-05-07,2026-05-07 11:04:00,1453.36,1453.38,1453.36,1453.38,0.0,2.05,3008.75,1
2026-05-07,2026-05-07 11:05:00,1453.38,1453.39,1453.38,1453.39,0.0,2.05,3008.75,1
2026-05-07,2026-05-07 11:06:00,1453.39,1453.41,1453.39,1453.41,0.0,2.05,3008.75,1
2026-05-07,2026-05-07 11:07:00,1453.41,1453.42,1453.41,1453.42,0.0,2.05,3008.75,1
2026-05-07,2026-05-07 11:08:00,1453.42,1453.44,1453.42,1453.44,0.0,2.05,3008.75,1
2026-05-07,2026-05-07 11:09:00,1453.44,1453.45,1453.44,1453.45,0.0,2.05,3008.75,1
2026-05-07,2026-05-07 11:10:00,1453.45,1453.47,1453.45,1453.47,0.0,2.05,3008.75,1
2026-05-07,2026-05-07 11:11:00,1453.47,1453.48,1453.47,1453.48,0.0,2.05,3008.75,1
2026-05-07,2026-05-07 11:12:00,1453.48,1453.5,1453.48,1453.5,0.0,2.05,3008.75,1
2026-05-07,2026-05-07 11:13:00,1453.5,1453.52,1453.5,1453.52,0.0,2.05,3008.75,1
2026-05-07,2026-05-07 11:14:00,1453.52,1453.53,1453.52,1453.53,0.0,2.05,3008.75,1
2026-05-07,2026-05-07 11:15:00,1453.53,1453.55,1453.53,1453.55,0.0,2.05,3008.75,1
2026-05-07,2026-05-07 11:16:00,1453.55,1453.56,1453.55,1453.56,0.0,2.05,3008.75,1
2026-05-07,2026-05-07 11:17:00,1453.56,1453.58,1453.56,1453.58,0.0,2.05,3008.75,1
2026-05-07,2026-05-07 11:18:00,1453.58,1453.59,1453.58,1453.59,0.0,2.05,3008.75,1
2026-05-07,2026-05-07 11:19:00,1453.59,1453.61,1453.59,1453.61,0.0,2.05,3008.75,1
2026-05-07,2026-05-07 11:20:00,1453.61,1453.62,1453.61,1453.62,0.0,2.05,3008.75,1
2026-05-07,2026-05-07 11:21:00,1453.62,1453.64,1453.62,1453.64,0.0,2.05,3008.75,1
2026-05-07,2026-05-07 11:22:00,1453.64,1453.65,1453.64,1453.65,0.0,2.05,3008.75,1
2026-05-07,2026-05-07 11:23:00,1453.65,1453.67,1453.65,1453.67,0.0,2.05,3008.75,1
2026-05-07,2026-05-07 11:24:00,1453.67,1453.69,1453.67,1453.69,0.0,2.05,3008.75,1
2026-05-07,2026-05-07 11:25:00,1453.69,1453.7,1453.69,1453.7,0.0,2.05,3008.75,1
2026-05-07,2026-05-07 11:26:00,1453.7,1453.72,1453.7,1453.72,0.0,2.05,3008.75,1
2026-05-07,2026-05-07 11:27:00,1453.72,1453.73,1453.72,1453.73,0.0,2.05,3008.75,1
2026-05-07,2026-05-07 11:28:00,1453.73,1453.75,1453.73,1453.75,0.0,2.05,3008.75,1
2026-05-07,2026-05-07 11:29:00,1453.75,1453.76,1453.75,1453.76,0.0,2.05,3008.75,1
2026-05-07,2026-05-07 11:30:00,1453.76,1453.78,1453.76,1453.78,0.0,2.05,3008.75,1
2026-05-07,2026-05-07 11:31:00,1453.78,1453.79,1453.78,1453.79,0.0,2.05,3008.75,1
2026-05-07,2026-05-07 11:32:00,1453.79,1453.81,1453.79,1453.81,0.0,2.05,3008.75,1
2026-05-07,2026-05-07 11:33:00,1453.81,1453.82,1453.81,1453.82,0.0,2.05,3008.75,1
2026-05-07,2026-05-07 11:34:00,1453.82,1453.84,1453.82,1453.84,0.0,2.05,3008.75,1
2026-05-07,2026-05-07 11:35:00,1453.84,1453.86,1453.84,1453.86,0.0,2.05,3008.75,1
2026-05-07,2026-05-07 11:36:00,1453.86,1453.87,1453.86,1453.87,0.0,2.05,3008.75,1
2026-05-07,2026-05-07 11:37:00,1453.87,1453.89,1453.87,1453.89,0.0,2.05,3008.75,1
2026-05-07,2026-05-07 11:38:00,1453.89,1453.9,1453.89,1453.9,0.0,2.05,3008.75,1
2026-05-07,2026-05-07 11:39:00,1453.9,1453.92,1453.9,1453.92,0.0,2.05,3008.75,1
2026-05-07,2026-05-07 11:40:00,1453.92,1453.93,1453.92,1453.93,0.0,2.05,3008.75,1
2026-05-07,2026-05-07 11:41:00,1453.93,1453.95,1453.93,1453.95,0.0,2.05,3008.75,1
2026-05-07,2026-05-07 11:42:00,1453.95,1453.96,1453.95,1453.96,0.0,2.05,3008.75,1
2026-05-07,2026-05-07 11:43:00,1453.96,1453.98,1453.96,1453.98,0.0,2.05,3008.75,1
2026-05-07,2026-05-07 11:44:00,1453.98,1453.99,1453.98,1453.99,0.0,2.05,3008.75,1
2026-05-07,2026-05-07 11:45:00,1453.99,1454.01,1453.99,1454.01,0.0,2.05,3008.75,1
2026-05-07,2026-05-07 11:46:00,1454.01,1454.02,1454.01,1454.02,0.0,2.05,3008.75,1
2026-05-07,2026-05-07 11:47:00,1454.02,1454.04,1454.02,1454.04,0.0,2.05,3008.75,1
2026-05-07,2026-05-07 11:48:00,1454.04,1454.06,1454.04,1454.06,0.0,2.05,3008.75,1
2026-05-07,2026-05-07 11:49:00,1454.06,1454.07,1454.06,1454.07,0.0,2.05,3008.75,1
2026-05-07,2026-05-07 11:50:00,1454.07,1454.09,1454.07,1454.09,0.0,2.05,3008.75,1
2026-05-07,2026-05-07 11:51:00,1454.09,1454.1,1454.09,1454.1,0.0,2.05,3008.75,1
2026-05-07,2026-05-07 11:52:00,1454.1,1454.12,1454.1,1454.12,0.0,2.05,3008.75,1
2026-05-07,2026-05-07 11:53:00,1454.12,1454.13,1454.12,1454.13,0.0,2.05,3008.75,1
2026-05-07,2026-05-07 11:54:00,1454.13,1454.15,1454.13,1454.15,0.0,2.05,3008.75,1
2026-05-07,2026-05-07 11:55:00,1454.15,1454.16,1454.15,1454.16,0.0,2.05,3008.75,1
2026-05-07,2026-05-07 11:56:00,1454.16,1454.18,1454.16,1454.18,0.0,2.05,3008.75,1
2026-05-07,2026-05-07 11:57:00,1454.18,1454.19,1454.18,1454.19,0.0,2.05,3008.75,1
2026-05-07,2026-05-07 11:58:00,1454.19,1454.21,1454.19,1454.21,0.0,2.05,3008.75,1
2026-05-07,2026-05-07 11:59:00,1454.21,1454.22,1454.21,1454.22,0.0,2.05,3008.75,1
2026-05-07,2026-05-07 12:00:00,1454.22,1454.24,1454.22,1454.24,0.0,2.05,3008.75,1
2026-05-07,2026-05-07 12:01:00,1454.24,1454.26,1454.24,1454.26,0.0,2.05,3008.75,1
2026-05-07,2026-05-07 12:02:00,1454.26,1454.27,1454.26,1454.27,0.0,2.05,3008.75,1
2026-05-07,2026-05-07 12:03:00,1454.27,1454.29,1454.27,1454.29,0.0,2.05,3008.75,1
2026-05-07,2026-05-07 12:04:00,1454.29,1454.3,1454.29,1454.3,0.0,2.05,3008.75,1
2026-05-07,2026-05-07 12:05:00,1454.3,1454.32,1454.3,1454.32,0.0,2.05,3008.75,1
2026-05-07,2026-05-07 12:06:00,1454.32,1454.33,1454.32,1454.33,0.0,2.05,3008.75,1
2026-05-07,2026-05-07 12:07:00,1454.33,1454.35,1454.33,1454.35,0.0,2.05,3008.75,1
2026-05-07,2026-05-07 12:08:00,1454.35,1454.36,1454.35,1454.36,0.0,2.05,3008.75,1
2026-05-07,2026-05-07 12:09:00,1454.36,1454.38,1454.36,1454.38,0.0,2.05,3008.75,1
2026-05-07,2026-05-07 12:10:00,1454.38,1454.39,1454.38,1454.39,0.0,2.05,3008.75,1
2026-05-07,2026-05-07 12:11:00,1454.39,1454.41,1454.39,1454.41,0.0,2.05,3008.75,1
2026-05-07,2026-05-07 12:12:00,1454.41,1454.43,1454.41,1454.43,0.0,2.05,3008.75,1
2026-05-07,2026-05-07 12:13:00,1454.43,1454.44,1454.43,1454.44,0.0,2.05,3008.75,1
2026-05-07,2026-05-07 12:14:00,1454.44,1454.46,1454.44,1454.46,0.0,2.05,3008.75,1
2026-05-07,2026-05-07 12:15:00,1454.46,1454.47,1454.46,1454.47,0.0,2.05,3008.75,1
2026-05-07,2026-05-07 12:16:00,1454.47,1454.49,1454.47,1454.49,0.0,2.05,3008.75,1
2026-05-07,2026-05-07 12:17:00,1454.49,1454.5,1454.49,1454.5,0.0,2.05,3008.75,1
2026-05-07,2026-05-07 12:18:00,1454.5,1454.52,1454.5,1454.52,0.0,2.05,3008.75,1
2026-05-07,2026-05-07 12:19:00,1454.52,1454.53,1454.52,1454.53,0.0,2.05,3008.75,1
2026-05-07,2026-05-07 12:20:00,1454.53,1454.55,1454.53,1454.55,0.0,2.05,3008.75,1
2026-05-07,2026-05-07 12:21:00,1454.55,1454.56,1454.55,1454.56,0.0,2.05,3008.75,1
2026-05-07,2026-05-07 12:22:00,1454.56,1454.58,1454.56,1454.58,0.0,2.05,3008.75,1
2026-05-07,2026-05-07 12:23:00,1454.58,1454.6,1454.58,1454.6,0.0,2.05,3008.75,1
2026-05-07,2026-05-07 12:24:00,1454.6,1454.61,1454.6,1454.61,0.0,2.05,3008.75,1
2026-05-07,2026-05-07 12:25:00,1454.61,1454.63,1454.61,1454.63,0.0,2.05,3008.75,1
2026-05-07,2026-05-07 12:26:00,1454.63,1454.64,1454.63,1454.64,0.0,2.05,3008.75,1
2026-05-07,2026-05-07 12:27:00,1454.64,1454.66,1454.64,1454.66,0.0,2.05,3008.75,1
2026-05-07,2026-05-07 12:28:00,1454.66,1454.67,1454.66,1454.67,0.0,2.05,3008.75,1
2026-05-07,2026-05-07 12:29:00,1454.67,1454.69,1454.67,1454.69,0.0,2.05,3008.75,1
2026-05-07,2026-05-07 12:30:00,1454.69,1454.7,1454.69,1454.7,0.0,2.05,3008.75,1
2026-05-07,2026-05-07 12:31:00,1454.7,1454.72,1454.7,1454.72,0.0,2.05,3008.75,1
2026-05-07,2026-05-07 12:32:00,1454.72,1454.73,1454.72,1454.73,0.0,2.05,3008.75,1
2026-05-07,2026-05-07 12:33:00,1454.73,1454.75,1454.73,1454.75,0.0,2.05,3008.75,1
2026-05-07,2026-05-07 12:34:00,1454.75,1454.76,1454.75,1454.76,0.0,2.05,3008.75,1
2026-05-07,2026-05-07 12:35:00,1454.76,1454.78,1454.76,1454.78,0.0,2.05,3008.75,1
2026-05-07,2026-05-07 12:36:00,1454.78,1454.8,1454.78,1454.8,0.0,2.05,3008.75,1
2026-05-07,2026-05-07 12:37:00,1454.8,1454.81,1454.8,1454.81,0.0,2.05,3008.75,1
2026-05-07,2026-05-07 12:38:00,1454.81,1454.83,1454.81,1454.83,0.0,2.05,3008.75,1
2026-05-07,2026-05-07 12:39:00,1454.83,1454.84,1454.83,1454.84,0.0,2.05,3008.75,1
2026-05-07,2026-05-07 12:40:00,1454.84,1454.86,1454.84,1454.86,0.0,2.05,3008.75,1
2026-05-07,2026-05-07 12:41:00,1454.86,1454.87,1454.86,1454.87,0.0,2.05,3008.75,1
2026-05-07,2026-05-07 12:42:00,1454.87,1454.89,1454.87,1454.89,0.0,2.05,3008.75,1
2026-05-07,2026-05-07 12:43:00,1454.89,1454.9,1454.89,1454.9,0.0,2.05,3008.75,1
2026-05-07,2026-05-07 12:44:00,1454.9,1454.92,1454.9,1454.92,0.0,2.05,3008.75,1
2026-05-07,2026-05-07 12:45:00,1454.92,1454.93,1454.92,1454.93,0.0,2.05,3008.75,1
2026-05-07,2026-05-07 12:46:00,1454.93,1454.95,1454.93,1454.95,0.0,2.05,3008.75,1
2026-05-07,2026-05-07 12:47:00,1454.95,1454.96,1454.95,1454.96,0.0,2.05,3008.75,1
2026-05-07,2026-05-07 12:48:00,1454.96,1454.98,1454.96,1454.98,0.0,2.05,3008.75,1
2026-05-07,2026-05-07 12:49:00,1454.98,1455.0,1454.98,1455.0,0.0,2.05,3008.75,1
2026-05-07,2026-05-07 12:50:00,1455.0,1455.01,1455.0,1455.01,0.0,2.05,3008.75,1
2026-05-07,2026-05-07 12:51:00,1455.01,1455.03,1455.01,1455.03,0.0,2.05,3008.75,1
2026-05-07,2026-05-07 12:52:00,1455.03,1455.04,1455.03,1455.04,0.0,2.05,3008.75,1
2026-05-07,2026-05-07 12:53:00,1455.04,1455.06,1455.04,1455.06,0.0,2.05,3008.75,1
2026-05-07,2026-05-07 12:54:00,1455.06,1455.07,1455.06,1455.07,0.0,2.05,3008.75,1
2026-05-07,2026-05-07 12:55:00,1455.07,1455.09,1455.07,1455.09,0.0,2.05,3008.75,1
2026-05-07,2026-05-07 12:56:00,1455.09,1455.1,1455.09,1455.1,0.0,2.05,3008.75,1
2026-05-07,2026-05-07 12:57:00,1455.1,1455.12,1455.1,1455.12,0.0,2.05,3008.75,1
2026-05-07,2026-05-07 12:58:00,1455.12,1455.13,1455.12,1455.13,0.0,2.05,3008.75,1
2026-05-07,2026-05-07 12:59:00,1455.13,1455.15,1455.13,1455.15,0.0,2.05,3008.75,1
2026-05-07,2026-05-07 13:00:00,1455.15,1484.8,1453.1,1455.17,0.0,2.05,3008.75,1
2026-05-07,2026-05-07 13:01:00,1455.17,1455.18,1455.17,1455.18,0.0,2.05,3008.75,1
2026-05-07,2026-05-07 13:02:00,1455.18,1455.2,1455.18,1455.2,0.0,2.05,3008.75,1
2026-05-07,2026-05-07 13:03:00,1455.2,1455.21,1455.2,1455.21,0.0,2.05,3008.75,1
2026-05-07,2026-05-07 13:04:00,1455.21,1455.23,1455.21,1455.23,0.0,2.05,3008.75,1
2026-05-07,2026-05-07 13:05:00,1455.23,1455.24,1455.23,1455.24,0.0,2.05,3008.75,1
2026-05-07,2026-05-07 13:06:00,1455.24,1455.26,1455.24,1455.26,0.0,2.05,3008.75,1
2026-05-07,2026-05-07 13:07:00,1455.26,1455.27,1455.26,1455.27,0.0,2.05,3008.75,1
2026-05-07,2026-05-07 13:08:00,1455.27,1455.29,1455.27,1455.29,0.0,2.05,3008.75,1
2026-05-07,2026-05-07 13:09:00,1455.29,1455.3,1455.29,1455.3,0.0,2.05,3008.75,1
2026-05-07,2026-05-07 13:10:00,1455.3,1455.32,1455.3,1455.32,0.0,2.05,3008.75,1
2026-05-07,2026-05-07 13:11:00,1455.32,1455.34,1455.32,1455.34,0.0,2.05,3008.75,1
2026-05-07,2026-05-07 13:12:00,1455.34,1455.35,1455.34,1455.35,0.0,2.05,3008.75,1
2026-05-07,2026-05-07 13:13:00,1455.35,1455.37,1455.35,1455.37,0.0,2.05,3008.75,1
2026-05-07,2026-05-07 13:14:00,1455.37,1455.38,1455.37,1455.38,0.0,2.05,3008.75,1
2026-05-07,2026-05-07 13:15:00,1455.38,1455.4,1455.38,1455.4,0.0,2.05,3008.75,1
2026-05-07,2026-05-07 13:16:00,1455.4,1455.41,1455.4,1455.41,0.0,2.05,3008.75,1
2026-05-07,2026-05-07 13:17:00,1455.41,1455.43,1455.41,1455.43,0.0,2.05,3008.75,1
2026-05-07,2026-05-07 13:18:00,1455.43,1455.44,1455.43,1455.44,0.0,2.05,3008.75,1
2026-05-07,2026-05-07 13:19:00,1455.44,1455.46,1455.44,1455.46,0.0,2.05,3008.75,1
2026-05-07,2026-05-07 13:20:00,1455.46,1455.47,1455.46,1455.47,0.0,2.05,3008.75,1
2026-05-07,2026-05-07 13:21:00,1455.47,1455.49,1455.47,1455.49,0.0,2.05,3008.75,1
2026-05-07,2026-05-07 13:22:00,1455.49,1455.5,1455.49,1455.5,0.0,2.05,3008.75,1
2026-05-07,2026-05-07 13:23:00,1455.5,1455.52,1455.5,1455.52,0.0,2.05,3008.75,1
2026-05-07,2026-05-07 13:24:00,1455.52,1455.54,1455.52,1455.54,0.0,2.05,3008.75,1
2026-05-07,2026-05-07 13:25:00,1455.54,1455.55,1455.54,1455.55,0.0,2.05,3008.75,1
2026-05-07,2026-05-07 13:26:00,1455.55,1455.57,1455.55,1455.57,0.0,2.05,3008.75,1
2026-05-07,2026-05-07 13:27:00,1455.57,1455.58,1455.57,1455.58,0.0,2.05,3008.75,1
2026-05-07,2026-05-07 13:28:00,1455.58,1455.6,1455.58,1455.6,0.0,2.05,3008.75,1
2026-05-07,2026-05-07 13:29:00,1455.6,1455.61,1455.6,1455.61,0.0,2.05,3008.75,1
2026-05-07,2026-05-07 13:30:00,1455.61,1455.63,1455.61,1455.63,0.0,2.05,3008.75,1
2026-05-07,2026-05-07 13:31:00,1455.63,1455.64,1455.63,1455.64,0.0,2.05,3008.75,1
2026-05-07,2026-05-07 13:32:00,1455.64,1455.66,1455.64,1455.66,0.0,2.05,3008.75,1
2026-05-07,2026-05-07 13:33:00,1455.66,1455.67,1455.66,1455.67,0.0,2.05,3008.75,1
2026-05-07,2026-05-07 13:34:00,1455.67,1455.69,1455.67,1455.69,0.0,2.05,3008.75,1
2026-05-07,2026-05-07 13:35:00,1455.69,1455.7,1455.69,1455.7,0.0,2.05,3008.75,1
2026-05-07,2026-05-07 13:36:00,1455.7,1455.72,1455.7,1455.72,0.0,2.05,3008.75,1
2026-05-07,2026-05-07 13:37:00,1455.72,1455.74,1455.72,1455.74,0.0,2.05,3008.75,1
2026-05-07,2026-05-07 13:38:00,1455.74,1455.75,1455.74,1455.75,0.0,2.05,3008.75,1
2026-05-07,2026-05-07 13:39:00,1455.75,1455.77,1455.75,1455.77,0.0,2.05,3008.75,1
2026-05-07,2026-05-07 13:40:00,1455.77,1455.78,1455.77,1455.78,0.0,2.05,3008.75,1
2026-05-07,2026-05-07 13:41:00,1455.78,1455.8,1455.78,1455.8,0.0,2.05,3008.75,1
2026-05-07,2026-05-07 13:42:00,1455.8,1455.81,1455.8,1455.81,0.0,2.05,3008.75,1
2026-05-07,2026-05-07 13:43:00,1455.81,1455.83,1455.81,1455.83,0.0,2.05,3008.75,1
2026-05-07,2026-05-07 13:44:00,1455.83,1455.84,1455.83,1455.84,0.0,2.05,3008.75,1
2026-05-07,2026-05-07 13:45:00,1455.84,1455.86,1455.84,1455.86,0.0,2.05,3008.75,1
2026-05-07,2026-05-07 13:46:00,1455.86,1455.87,1455.86,1455.87,0.0,2.05,3008.75,1
2026-05-07,2026-05-07 13:47:00,1455.87,1455.89,1455.87,1455.89,0.0,2.05,3008.75,1
2026-05-07,2026-05-07 13:48:00,1455.89,1455.91,1455.89,1455.91,0.0,2.05,3008.75,1
2026-05-07,2026-05-07 13:49:00,1455.91,1455.92,1455.91,1455.92,0.0,2.05,3008.75,1
2026-05-07,2026-05-07 13:50:00,1455.92,1455.94,1455.92,1455.94,0.0,2.05,3008.75,1
2026-05-07,2026-05-07 13:51:00,1455.94,1455.95,1455.94,1455.95,0.0,2.05,3008.75,1
2026-05-07,2026-05-07 13:52:00,1455.95,1455.97,1455.95,1455.97,0.0,2.05,3008.75,1
2026-05-07,2026-05-07 13:53:00,1455.97,1455.98,1455.97,1455.98,0.0,2.05,3008.75,1
2026-05-07,2026-05-07 13:54:00,1455.98,1456.0,1455.98,1456.0,0.0,2.05,3008.75,1
2026-05-07,2026-05-07 13:55:00,1456.0,1456.01,1456.0,1456.01,0.0,2.05,3008.75,1
2026-05-07,2026-05-07 13:56:00,1456.01,1456.03,1456.01,1456.03,0.0,2.05,3008.75,1
2026-05-07,2026-05-07 13:57:00,1456.03,1456.04,1456.03,1456.04,0.0,2.05,3008.75,1
2026-05-07,2026-05-07 13:58:00,1456.04,1456.06,1456.04,1456.06,0.0,2.05,3008.75,1
2026-05-07,2026-05-07 13:59:00,1456.06,1456.08,1456.06,1456.08,0.0,2.05,3008.75,1
2026-05-07,2026-05-07 14:00:00,1456.08,1456.09,1456.08,1456.09,0.0,2.05,3008.75,1
2026-05-07,2026-05-07 14:01:00,1456.09,1456.11,1456.09,1456.11,0.0,2.05,3008.75,1
2026-05-07,2026-05-07 14:02:00,1456.11,1456.12,1456.11,1456.12,0.0,2.05,3008.75,1
2026-05-07,2026-05-07 14:03:00,1456.12,1456.14,1456.12,1456.14,0.0,2.05,3008.75,1
2026-05-07,2026-05-07 14:04:00,1456.14,1456.15,1456.14,1456.15,0.0,2.05,3008.75,1
2026-05-07,2026-05-07 14:05:00,1456.15,1456.17,1456.15,1456.17,0.0,2.05,3008.75,1
2026-05-07,2026-05-07 14:06:00,1456.17,1456.18,1456.17,1456.18,0.0,2.05,3008.75,1
2026-05-07,2026-05-07 14:07:00,1456.18,1456.2,1456.18,1456.2,0.0,2.05,3008.75,1
2026-05-07,2026-05-07 14:08:00,1456.2,1456.21,1456.2,1456.21,0.0,2.05,3008.75,1
2026-05-07,2026-05-07 14:09:00,1456.21,1456.23,1456.21,1456.23,0.0,2.05,3008.75,1
2026-05-07,2026-05-07 14:10:00,1456.23,1456.24,1456.23,1456.24,0.0,2.05,3008.75,1
2026-05-07,2026-05-07 14:11:00,1456.24,1456.26,1456.24,1456.26,0.0,2.05,3008.75,1
2026-05-07,2026-05-07 14:12:00,1456.26,1456.28,1456.26,1456.28,0.0,2.05,3008.75,1
2026-05-07,2026-05-07 14:13:00,1456.28,1456.29,1456.28,1456.29,0.0,2.05,3008.75,1
2026-05-07,2026-05-07 14:14:00,1456.29,1456.31,1456.29,1456.31,0.0,2.05,3008.75,1
2026-05-07,2026-05-07 14:15:00,1456.31,1456.32,1456.31,1456.32,0.0,2.05,3008.75,1
2026-05-07,2026-05-07 14:16:00,1456.32,1456.34,1456.32,1456.34,0.0,2.05,3008.75,1
2026-05-07,2026-05-07 14:17:00,1456.34,1456.35,1456.34,1456.35,0.0,2.05,3008.75,1
2026-05-07,2026-05-07 14:18:00,1456.35,1456.37,1456.35,1456.37,0.0,2.05,3008.75,1
2026-05-07,2026-05-07 14:19:00,1456.37,1456.38,1456.37,1456.38,0.0,2.05,3008.75,1
2026-05-07,2026-05-07 14:20:00,1456.38,1456.4,1456.38,1456.4,0.0,2.05,3008.75,1
2026-05-07,2026-05-07 14:21:00,1456.4,1456.41,1456.4,1456.41,0.0,2.05,3008.75,1
2026-05-07,2026-05-07 14:22:00,1456.41,1456.43,1456.41,1456.43,0.0,2.05,3008.75,1
2026-05-07,2026-05-07 14:23:00,1456.43,1456.44,1456.43,1456.44,0.0,2.05,3008.75,1
2026-05-07,2026-05-07 14:24:00,1456.44,1456.46,1456.44,1456.46,0.0,2.05,3008.75,1
2026-05-07,2026-05-07 14:25:00,1456.46,1456.48,1456.46,1456.48,0.0,2.05,3008.75,1
2026-05-07,2026-05-07 14:26:00,1456.48,1456.49,1456.48,1456.49,0.0,2.05,3008.75,1
2026-05-07,2026-05-07 14:27:00,1456.49,1456.51,1456.49,1456.51,0.0,2.05,3008.75,1
2026-05-07,2026-05-07 14:28:00,1456.51,1456.52,1456.51,1456.52,0.0,2.05,3008.75,1
2026-05-07,2026-05-07 14:29:00,1456.52,1456.54,1456.52,1456.54,0.0,2.05,3008.75,1
2026-05-07,2026-05-07 14:30:00,1456.54,1456.55,1456.54,1456.55,0.0,2.05,3008.75,1
2026-05-07,2026-05-07 14:31:00,1456.55,1456.57,1456.55,1456.57,0.0,2.05,3008.75,1
2026-05-07,2026-05-07 14:32:00,1456.57,1456.58,1456.57,1456.58,0.0,2.05,3008.75,1
2026-05-07,2026-05-07 14:33:00,1456.58,1456.6,1456.58,1456.6,0.0,2.05,3008.75,1
2026-05-07,2026-05-07 14:34:00,1456.6,1456.61,1456.6,1456.61,0.0,2.05,3008.75,1
2026-05-07,2026-05-07 14:35:00,1456.61,1456.63,1456.61,1456.63,0.0,2.05,3008.75,1
2026-05-07,2026-05-07 14:36:00,1456.63,1456.65,1456.63,1456.65,0.0,2.05,3008.75,1
2026-05-07,2026-05-07 14:37:00,1456.65,1456.66,1456.65,1456.66,0.0,2.05,3008.75,1
2026-05-07,2026-05-07 14:38:00,1456.66,1456.68,1456.66,1456.68,0.0,2.05,3008.75,1
2026-05-07,2026-05-07 14:39:00,1456.68,1456.69,1456.68,1456.69,0.0,2.05,3008.75,1
2026-05-07,2026-05-07 14:40:00,1456.69,1456.71,1456.69,1456.71,0.0,2.05,3008.75,1
2026-05-07,2026-05-07 14:41:00,1456.71,1456.72,1456.71,1456.72,0.0,2.05,3008.75,1
2026-05-07,2026-05-07 14:42:00,1456.72,1456.74,1456.72,1456.74,0.0,2.05,3008.75,1
2026-05-07,2026-05-07 14:43:00,1456.74,1456.75,1456.74,1456.75,0.0,2.05,3008.75,1
2026-05-07,2026-05-07 14:44:00,1456.75,1456.77,1456.75,1456.77,0.0,2.05,3008.75,1
2026-05-07,2026-05-07 14:45:00,1456.77,1456.78,1456.77,1456.78,0.0,2.05,3008.75,1
2026-05-07,2026-05-07 14:46:00,1456.78,1456.8,1456.78,1456.8,0.0,2.05,3008.75,1
2026-05-07,2026-05-07 14:47:00,1456.8,1456.82,1456.8,1456.82,0.0,2.05,3008.75,1
2026-05-07,2026-05-07 14:48:00,1456.82,1456.83,1456.82,1456.83,0.0,2.05,3008.75,1
2026-05-07,2026-05-07 14:49:00,1456.83,1456.85,1456.83,1456.85,0.0,2.05,3008.75,1
2026-05-07,2026-05-07 14:50:00,1456.85,1456.86,1456.85,1456.86,0.0,2.05,3008.75,1
2026-05-07,2026-05-07 14:51:00,1456.86,1456.88,1456.86,1456.88,0.0,2.05,3008.75,1
2026-05-07,2026-05-07 14:52:00,1456.88,1456.89,1456.88,1456.89,0.0,2.05,3008.75,1
2026-05-07,2026-05-07 14:53:00,1456.89,1456.91,1456.89,1456.91,0.0,2.05,3008.75,1
2026-05-07,2026-05-07 14:54:00,1456.91,1456.92,1456.91,1456.92,0.0,2.05,3008.75,1
2026-05-07,2026-05-07 14:55:00,1456.92,1456.94,1456.92,1456.94,0.0,2.05,3008.75,1
2026-05-07,2026-05-07 14:56:00,1456.94,1456.95,1456.94,1456.95,0.0,2.05,3008.75,1
2026-05-07,2026-05-07 14:57:00,1456.95,1456.97,1456.95,1456.97,0.0,2.05,3008.75,1
2026-05-07,2026-05-07 14:58:00,1456.97,1456.98,1456.97,1456.98,0.0,2.05,3008.75,1
2026-05-07,2026-05-07 14:59:00,1456.98,1457.0,1456.98,1457.0,0.0,2.05,3008.75,1
2026-05-07,2026-05-07 15:00:00,1457.0,1484.8,1453.1,1457.0,0.0,2.05,3008.75,0
2026-05-08,2026-05-08 11:00:00,1457.0,1466.27,1457.0,1457.05,0.0,7.03,10324.62,1
2026-05-08,2026-05-08 11:01:00,1457.05,1457.11,1457.05,1457.11,0.0,7.03,10324.62,1
2026-05-08,2026-05-08 11:02:00,1457.11,1457.16,1457.11,1457.16,0.0,7.03,10324.62,1
2026-05-08,2026-05-08 11:03:00,1457.16,1457.22,1457.16,1457.22,0.0,7.03,10324.62,1
2026-05-08,2026-05-08 11:04:00,1457.22,1457.27,1457.22,1457.27,0.0,7.03,10324.62,1
2026-05-08,2026-05-08 11:05:00,1457.27,1457.33,1457.27,1457.33,0.0,7.03,10324.62,1
2026-05-08,2026-05-08 11:06:00,1457.33,1457.38,1457.33,1457.38,0.0,7.03,10324.62,1
2026-05-08,2026-05-08 11:07:00,1457.38,1457.43,1457.38,1457.43,0.0,7.03,10324.62,1
2026-05-08,2026-05-08 11:08:00,1457.43,1457.49,1457.43,1457.49,0.0,7.03,10324.62,1
2026-05-08,2026-05-08 11:09:00,1457.49,1457.54,1457.49,1457.54,0.0,7.03,10324.62,1
2026-05-08,2026-05-08 11:10:00,1457.54,1457.6,1457.54,1457.6,0.0,7.03,10324.62,1
2026-05-08,2026-05-08 11:11:00,1457.6,1457.65,1457.6,1457.65,0.0,7.03,10324.62,1
2026-05-08,2026-05-08 11:12:00,1457.65,1457.7,1457.65,1457.7,0.0,7.03,10324.62,1
2026-05-08,2026-05-08 11:13:00,1457.7,1457.76,1457.7,1457.76,0.0,7.03,10324.62,1
2026-05-08,2026-05-08 11:14:00,1457.76,1457.81,1457.76,1457.81,0.0,7.03,10324.62,1
2026-05-08,2026-05-08 11:15:00,1457.81,1457.87,1457.81,1457.87,0.0,7.03,10324.62,1
2026-05-08,2026-05-08 11:16:00,1457.87,1457.92,1457.87,1457.92,0.0,7.03,10324.62,1
2026-05-08,2026-05-08 11:17:00,1457.92,1457.97,1457.92,1457.97,0.0,7.03,10324.62,1
2026-05-08,2026-05-08 11:18:00,1457.97,1458.03,1457.97,1458.03,0.0,7.03,10324.62,1
2026-05-08,2026-05-08 11:19:00,1458.03,1458.08,1458.03,1458.08,0.0,7.03,10324.62,1
2026-05-08,2026-05-08 11:20:00,1458.08,1458.14,1458.08,1458.14,0.0,7.03,10324.62,1
2026-05-08,2026-05-08 11:21:00,1458.14,1458.19,1458.14,1458.19,0.0,7.03,10324.62,1
2026-05-08,2026-05-08 11:22:00,1458.19,1458.25,1458.19,1458.25,0.0,7.03,10324.62,1
2026-05-08,2026-05-08 11:23:00,1458.25,1458.3,1458.25,1458.3,0.0,7.03,10324.62,1
2026-05-08,2026-05-08 11:24:00,1458.3,1458.35,1458.3,1458.35,0.0,7.03,10324.62,1
2026-05-08,2026-05-08 11:25:00,1458.35,1458.41,1458.35,1458.41,0.0,7.03,10324.62,1
2026-05-08,2026-05-08 11:26:00,1458.41,1458.46,1458.41,1458.46,0.0,7.03,10324.62,1
2026-05-08,2026-05-08 11:27:00,1458.46,1458.52,1458.46,1458.52,0.0,7.03,10324.62,1
2026-05-08,2026-05-08 11:28:00,1458.52,1458.57,1458.52,1458.57,0.0,7.03,10324.62,1
2026-05-08,2026-05-08 11:29:00,1458.57,1458.62,1458.57,1458.62,0.0,7.03,10324.62,1
2026-05-08,2026-05-08 11:30:00,1458.62,1458.68,1458.62,1458.68,0.0,7.03,10324.62,1
2026-05-08,2026-05-08 11:31:00,1458.68,1458.73,1458.68,1458.73,0.0,7.03,10324.62,1
2026-05-08,2026-05-08 11:32:00,1458.73,1458.79,1458.73,1458.79,0.0,7.03,10324.62,1
2026-05-08,2026-05-08 11:33:00,1458.79,1458.84,1458.79,1458.84,0.0,7.03,10324.62,1
2026-05-08,2026-05-08 11:34:00,1458.84,1458.9,1458.84,1458.9,0.0,7.03,10324.62,1
2026-05-08,2026-05-08 11:35:00,1458.9,1458.95,1458.9,1458.95,0.0,7.03,10324.62,1
2026-05-08,2026-05-08 11:36:00,1458.95,1459.0,1458.95,1459.0,0.0,7.03,10324.62,1
2026-05-08,2026-05-08 11:37:00,1459.0,1459.06,1459.0,1459.06,0.0,7.03,10324.62,1
2026-05-08,2026-05-08 11:38:00,1459.06,1459.11,1459.06,1459.11,0.0,7.03,10324.62,1
2026-05-08,2026-05-08 11:39:00,1459.11,1459.17,1459.11,1459.17,0.0,7.03,10324.62,1
2026-05-08,2026-05-08 11:40:00,1459.17,1459.22,1459.17,1459.22,0.0,7.03,10324.62,1
2026-05-08,2026-05-08 11:41:00,1459.22,1459.28,1459.22,1459.28,0.0,7.03,10324.62,1
2026-05-08,2026-05-08 11:42:00,1459.28,1459.33,1459.28,1459.33,0.0,7.03,10324.62,1
2026-05-08,2026-05-08 11:43:00,1459.33,1459.38,1459.33,1459.38,0.0,7.03,10324.62,1
2026-05-08,2026-05-08 11:44:00,1459.38,1459.44,1459.38,1459.44,0.0,7.03,10324.62,1
2026-05-08,2026-05-08 11:45:00,1459.44,1459.49,1459.44,1459.49,0.0,7.03,10324.62,1
2026-05-08,2026-05-08 11:46:00,1459.49,1459.55,1459.49,1459.55,0.0,7.03,10324.62,1
2026-05-08,2026-05-08 11:47:00,1459.55,1459.6,1459.55,1459.6,0.0,7.03,10324.62,1
2026-05-08,2026-05-08 11:48:00,1459.6,1459.65,1459.6,1459.65,0.0,7.03,10324.62,1
2026-05-08,2026-05-08 11:49:00,1459.65,1459.71,1459.65,1459.71,0.0,7.03,10324.62,1
2026-05-08,2026-05-08 11:50:00,1459.71,1459.76,1459.71,1459.76,0.0,7.03,10324.62,1
2026-05-08,2026-05-08 11:51:00,1459.76,1459.82,1459.76,1459.82,0.0,7.03,10324.62,1
2026-05-08,2026-05-08 11:52:00,1459.82,1459.87,1459.82,1459.87,0.0,7.03,10324.62,1
2026-05-08,2026-05-08 11:53:00,1459.87,1459.92,1459.87,1459.92,0.0,7.03,10324.62,1
2026-05-08,2026-05-08 11:54:00,1459.92,1459.98,1459.92,1459.98,0.0,7.03,10324.62,1
2026-05-08,2026-05-08 11:55:00,1459.98,1460.03,1459.98,1460.03,0.0,7.03,10324.62,1
2026-05-08,2026-05-08 11:56:00,1460.03,1460.09,1460.03,1460.09,0.0,7.03,10324.62,1
2026-05-08,2026-05-08 11:57:00,1460.09,1460.14,1460.09,1460.14,0.0,7.03,10324.62,1
2026-05-08,2026-05-08 11:58:00,1460.14,1460.2,1460.14,1460.2,0.0,7.03,10324.62,1
2026-05-08,2026-05-08 11:59:00,1460.2,1460.25,1460.2,1460.25,0.0,7.03,10324.62,1
2026-05-08,2026-05-08 12:00:00,1460.25,1460.3,1460.25,1460.3,0.0,7.03,10324.62,1
2026-05-08,2026-05-08 12:01:00,1460.3,1460.36,1460.3,1460.36,0.0,7.03,10324.62,1
2026-05-08,2026-05-08 12:02:00,1460.36,1460.41,1460.36,1460.41,0.0,7.03,10324.62,1
2026-05-08,2026-05-08 12:03:00,1460.41,1460.47,1460.41,1460.47,0.0,7.03,10324.62,1
2026-05-08,2026-05-08 12:04:00,1460.47,1460.52,1460.47,1460.52,0.0,7.03,10324.62,1
2026-05-08,2026-05-08 12:05:00,1460.52,1460.58,1460.52,1460.58,0.0,7.03,10324.62,1
2026-05-08,2026-05-08 12:06:00,1460.58,1460.63,1460.58,1460.63,0.0,7.03,10324.62,1
2026-05-08,2026-05-08 12:07:00,1460.63,1460.68,1460.63,1460.68,0.0,7.03,10324.62,1
2026-05-08,2026-05-08 12:08:00,1460.68,1460.74,1460.68,1460.74,0.0,7.03,10324.62,1
2026-05-08,2026-05-08 12:09:00,1460.74,1460.79,1460.74,1460.79,0.0,7.03,10324.62,1
2026-05-08,2026-05-08 12:10:00,1460.79,1460.85,1460.79,1460.85,0.0,7.03,10324.62,1
2026-05-08,2026-05-08 12:11:00,1460.85,1460.9,1460.85,1460.9,0.0,7.03,10324.62,1
2026-05-08,2026-05-08 12:12:00,1460.9,1460.95,1460.9,1460.95,0.0,7.03,10324.62,1
2026-05-08,2026-05-08 12:13:00,1460.95,1461.01,1460.95,1461.01,0.0,7.03,10324.62,1
2026-05-08,2026-05-08 12:14:00,1461.01,1461.06,1461.01,1461.06,0.0,7.03,10324.62,1
2026-05-08,2026-05-08 12:15:00,1461.06,1461.12,1461.06,1461.12,0.0,7.03,10324.62,1
2026-05-08,2026-05-08 12:16:00,1461.12,1461.17,1461.12,1461.17,0.0,7.03,10324.62,1
2026-05-08,2026-05-08 12:17:00,1461.17,1461.22,1461.17,1461.22,0.0,7.03,10324.62,1
2026-05-08,2026-05-08 12:18:00,1461.22,1461.28,1461.22,1461.28,0.0,7.03,10324.62,1
2026-05-08,2026-05-08 12:19:00,1461.28,1461.33,1461.28,1461.33,0.0,7.03,10324.62,1
2026-05-08,2026-05-08 12:20:00,1461.33,1461.39,1461.33,1461.39,0.0,7.03,10324.62,1
2026-05-08,2026-05-08 12:21:00,1461.39,1461.44,1461.39,1461.44,0.0,7.03,10324.62,1
2026-05-08,2026-05-08 12:22:00,1461.44,1461.5,1461.44,1461.5,0.0,7.03,10324.62,1
2026-05-08,2026-05-08 12:23:00,1461.5,1461.55,1461.5,1461.55,0.0,7.03,10324.62,1
2026-05-08,2026-05-08 12:24:00,1461.55,1461.6,1461.55,1461.6,0.0,7.03,10324.62,1
2026-05-08,2026-05-08 12:25:00,1461.6,1461.66,1461.6,1461.66,0.0,7.03,10324.62,1
2026-05-08,2026-05-08 12:26:00,1461.66,1461.71,1461.66,1461.71,0.0,7.03,10324.62,1
2026-05-08,2026-05-08 12:27:00,1461.71,1461.77,1461.71,1461.77,0.0,7.03,10324.62,1
2026-05-08,2026-05-08 12:28:00,1461.77,1461.82,1461.77,1461.82,0.0,7.03,10324.62,1
2026-05-08,2026-05-08 12:29:00,1461.82,1461.88,1461.82,1461.88,0.0,7.03,10324.62,1
2026-05-08,2026-05-08 12:30:00,1461.88,1461.93,1461.88,1461.93,0.0,7.03,10324.62,1
2026-05-08,2026-05-08 12:31:00,1461.93,1461.98,1461.93,1461.98,0.0,7.03,10324.62,1
2026-05-08,2026-05-08 12:32:00,1461.98,1462.04,1461.98,1462.04,0.0,7.03,10324.62,1
2026-05-08,2026-05-08 12:33:00,1462.04,1462.09,1462.04,1462.09,0.0,7.03,10324.62,1
2026-05-08,2026-05-08 12:34:00,1462.09,1462.15,1462.09,1462.15,0.0,7.03,10324.62,1
2026-05-08,2026-05-08 12:35:00,1462.15,1462.2,1462.15,1462.2,0.0,7.03,10324.62,1
2026-05-08,2026-05-08 12:36:00,1462.2,1462.25,1462.2,1462.25,0.0,7.03,10324.62,1
2026-05-08,2026-05-08 12:37:00,1462.25,1462.31,1462.25,1462.31,0.0,7.03,10324.62,1
2026-05-08,2026-05-08 12:38:00,1462.31,1462.36,1462.31,1462.36,0.0,7.03,10324.62,1
2026-05-08,2026-05-08 12:39:00,1462.36,1462.42,1462.36,1462.42,0.0,7.03,10324.62,1
2026-05-08,2026-05-08 12:40:00,1462.42,1462.47,1462.42,1462.47,0.0,7.03,10324.62,1
2026-05-08,2026-05-08 12:41:00,1462.47,1462.53,1462.47,1462.53,0.0,7.03,10324.62,1
2026-05-08,2026-05-08 12:42:00,1462.53,1462.58,1462.53,1462.58,0.0,7.03,10324.62,1
2026-05-08,2026-05-08 12:43:00,1462.58,1462.63,1462.58,1462.63,0.0,7.03,10324.62,1
2026-05-08,2026-05-08 12:44:00,1462.63,1462.69,1462.63,1462.69,0.0,7.03,10324.62,1
2026-05-08,2026-05-08 12:45:00,1462.69,1462.74,1462.69,1462.74,0.0,7.03,10324.62,1
2026-05-08,2026-05-08 12:46:00,1462.74,1462.8,1462.74,1462.8,0.0,7.03,10324.62,1
2026-05-08,2026-05-08 12:47:00,1462.8,1462.85,1462.8,1462.85,0.0,7.03,10324.62,1
2026-05-08,2026-05-08 12:48:00,1462.85,1462.9,1462.85,1462.9,0.0,7.03,10324.62,1
2026-05-08,2026-05-08 12:49:00,1462.9,1462.96,1462.9,1462.96,0.0,7.03,10324.62,1
2026-05-08,2026-05-08 12:50:00,1462.96,1463.01,1462.96,1463.01,0.0,7.03,10324.62,1
2026-05-08,2026-05-08 12:51:00,1463.01,1463.07,1463.01,1463.07,0.0,7.03,10324.62,1
2026-05-08,2026-05-08 12:52:00,1463.07,1463.12,1463.07,1463.12,0.0,7.03,10324.62,1
2026-05-08,2026-05-08 12:53:00,1463.12,1463.17,1463.12,1463.17,0.0,7.03,10324.62,1
2026-05-08,2026-05-08 12:54:00,1463.17,1463.23,1463.17,1463.23,0.0,7.03,10324.62,1
2026-05-08,2026-05-08 12:55:00,1463.23,1463.28,1463.23,1463.28,0.0,7.03,10324.62,1
2026-05-08,2026-05-08 12:56:00,1463.28,1463.34,1463.28,1463.34,0.0,7.03,10324.62,1
2026-05-08,2026-05-08 12:57:00,1463.34,1463.39,1463.34,1463.39,0.0,7.03,10324.62,1
2026-05-08,2026-05-08 12:58:00,1463.39,1463.45,1463.39,1463.45,0.0,7.03,10324.62,1
2026-05-08,2026-05-08 12:59:00,1463.45,1463.5,1463.45,1463.5,0.0,7.03,10324.62,1
2026-05-08,2026-05-08 13:00:00,1463.5,1487.9,1457.0,1463.55,0.0,7.03,10324.62,1
2026-05-08,2026-05-08 13:01:00,1463.55,1463.61,1463.55,1463.61,0.0,7.03,10324.62,1
2026-05-08,2026-05-08 13:02:00,1463.61,1463.66,1463.61,1463.66,0.0,7.03,10324.62,1
2026-05-08,2026-05-08 13:03:00,1463.66,1463.72,1463.66,1463.72,0.0,7.03,10324.62,1
2026-05-08,2026-05-08 13:04:00,1463.72,1463.77,1463.72,1463.77,0.0,7.03,10324.62,1
2026-05-08,2026-05-08 13:05:00,1463.77,1463.83,1463.77,1463.83,0.0,7.03,10324.62,1
2026-05-08,2026-05-08 13:06:00,1463.83,1463.88,1463.83,1463.88,0.0,7.03,10324.62,1
2026-05-08,2026-05-08 13:07:00,1463.88,1463.93,1463.88,1463.93,0.0,7.03,10324.62,1
2026-05-08,2026-05-08 13:08:00,1463.93,1463.99,1463.93,1463.99,0.0,7.03,10324.62,1
2026-05-08,2026-05-08 13:09:00,1463.99,1464.04,1463.99,1464.04,0.0,7.03,10324.62,1
2026-05-08,2026-05-08 13:10:00,1464.04,1464.1,1464.04,1464.1,0.0,7.03,10324.62,1
2026-05-08,2026-05-08 13:11:00,1464.1,1464.15,1464.1,1464.15,0.0,7.03,10324.62,1
2026-05-08,2026-05-08 13:12:00,1464.15,1464.2,1464.15,1464.2,0.0,7.03,10324.62,1
2026-05-08,2026-05-08 13:13:00,1464.2,1464.26,1464.2,1464.26,0.0,7.03,10324.62,1
2026-05-08,2026-05-08 13:14:00,1464.26,1464.31,1464.26,1464.31,0.0,7.03,10324.62,1
2026-05-08,2026-05-08 13:15:00,1464.31,1464.37,1464.31,1464.37,0.0,7.03,10324.62,1
2026-05-08,2026-05-08 13:16:00,1464.37,1464.42,1464.37,1464.42,0.0,7.03,10324.62,1
2026-05-08,2026-05-08 13:17:00,1464.42,1464.47,1464.42,1464.47,0.0,7.03,10324.62,1
2026-05-08,2026-05-08 13:18:00,1464.47,1464.53,1464.47,1464.53,0.0,7.03,10324.62,1
2026-05-08,2026-05-08 13:19:00,1464.53,1464.58,1464.53,1464.58,0.0,7.03,10324.62,1
2026-05-08,2026-05-08 13:20:00,1464.58,1464.64,1464.58,1464.64,0.0,7.03,10324.62,1
2026-05-08,2026-05-08 13:21:00,1464.64,1464.69,1464.64,1464.69,0.0,7.03,10324.62,1
2026-05-08,2026-05-08 13:22:00,1464.69,1464.75,1464.69,1464.75,0.0,7.03,10324.62,1
2026-05-08,2026-05-08 13:23:00,1464.75,1464.8,1464.75,1464.8,0.0,7.03,10324.62,1
2026-05-08,2026-05-08 13:24:00,1464.8,1464.85,1464.8,1464.85,0.0,7.03,10324.62,1
2026-05-08,2026-05-08 13:25:00,1464.85,1464.91,1464.85,1464.91,0.0,7.03,10324.62,1
2026-05-08,2026-05-08 13:26:00,1464.91,1464.96,1464.91,1464.96,0.0,7.03,10324.62,1
2026-05-08,2026-05-08 13:27:00,1464.96,1465.02,1464.96,1465.02,0.0,7.03,10324.62,1
2026-05-08,2026-05-08 13:28:00,1465.02,1465.07,1465.02,1465.07,0.0,7.03,10324.62,1
2026-05-08,2026-05-08 13:29:00,1465.07,1465.12,1465.07,1465.12,0.0,7.03,10324.62,1
2026-05-08,2026-05-08 13:30:00,1465.12,1465.18,1465.12,1465.18,0.0,7.03,10324.62,1
2026-05-08,2026-05-08 13:31:00,1465.18,1465.23,1465.18,1465.23,0.0,7.03,10324.62,1
2026-05-08,2026-05-08 13:32:00,1465.23,1465.29,1465.23,1465.29,0.0,7.03,10324.62,1
2026-05-08,2026-05-08 13:33:00,1465.29,1465.34,1465.29,1465.34,0.0,7.03,10324.62,1
2026-05-08,2026-05-08 13:34:00,1465.34,1465.4,1465.34,1465.4,0.0,7.03,10324.62,1
2026-05-08,2026-05-08 13:35:00,1465.4,1465.45,1465.4,1465.45,0.0,7.03,10324.62,1
2026-05-08,2026-05-08 13:36:00,1465.45,1465.5,1465.45,1465.5,0.0,7.03,10324.62,1
2026-05-08,2026-05-08 13:37:00,1465.5,1465.56,1465.5,1465.56,0.0,7.03,10324.62,1
2026-05-08,2026-05-08 13:38:00,1465.56,1465.61,1465.56,1465.61,0.0,7.03,10324.62,1
2026-05-08,2026-05-08 13:39:00,1465.61,1465.67,1465.61,1465.67,0.0,7.03,10324.62,1
2026-05-08,2026-05-08 13:40:00,1465.67,1465.72,1465.67,1465.72,0.0,7.03,10324.62,1
2026-05-08,2026-05-08 13:41:00,1465.72,1465.78,1465.72,1465.78,0.0,7.03,10324.62,1
2026-05-08,2026-05-08 13:42:00,1465.78,1465.83,1465.78,1465.83,0.0,7.03,10324.62,1
2026-05-08,2026-05-08 13:43:00,1465.83,1465.88,1465.83,1465.88,0.0,7.03,10324.62,1
2026-05-08,2026-05-08 13:44:00,1465.88,1465.94,1465.88,1465.94,0.0,7.03,10324.62,1
2026-05-08,2026-05-08 13:45:00,1465.94,1465.99,1465.94,1465.99,0.0,7.03,10324.62,1
2026-05-08,2026-05-08 13:46:00,1465.99,1466.05,1465.99,1466.05,0.0,7.03,10324.62,1
2026-05-08,2026-05-08 13:47:00,1466.05,1466.1,1466.05,1466.1,0.0,7.03,10324.62,1
2026-05-08,2026-05-08 13:48:00,1466.1,1466.15,1466.1,1466.15,0.0,7.03,10324.62,1
2026-05-08,2026-05-08 13:49:00,1466.15,1466.21,1466.15,1466.21,0.0,7.03,10324.62,1
2026-05-08,2026-05-08 13:50:00,1466.21,1466.26,1466.21,1466.26,0.0,7.03,10324.62,1
2026-05-08,2026-05-08 13:51:00,1466.26,1466.32,1466.26,1466.32,0.0,7.03,10324.62,1
2026-05-08,2026-05-08 13:52:00,1466.32,1466.37,1466.32,1466.37,0.0,7.03,10324.62,1
2026-05-08,2026-05-08 13:53:00,1466.37,1466.42,1466.37,1466.42,0.0,7.03,10324.62,1
2026-05-08,2026-05-08 13:54:00,1466.42,1466.48,1466.42,1466.48,0.0,7.03,10324.62,1
2026-05-08,2026-05-08 13:55:00,1466.48,1466.53,1466.48,1466.53,0.0,7.03,10324.62,1
2026-05-08,2026-05-08 13:56:00,1466.53,1466.59,1466.53,1466.59,0.0,7.03,10324.62,1
2026-05-08,2026-05-08 13:57:00,1466.59,1466.64,1466.59,1466.64,0.0,7.03,10324.62,1
2026-05-08,2026-05-08 13:58:00,1466.64,1466.7,1466.64,1466.7,0.0,7.03,10324.62,1
2026-05-08,2026-05-08 13:59:00,1466.7,1466.75,1466.7,1466.75,0.0,7.03,10324.62,1
2026-05-08,2026-05-08 14:00:00,1466.75,1466.8,1466.75,1466.8,0.0,7.03,10324.62,1
2026-05-08,2026-05-08 14:01:00,1466.8,1466.86,1466.8,1466.86,0.0,7.03,10324.62,1
2026-05-08,2026-05-08 14:02:00,1466.86,1466.91,1466.86,1466.91,0.0,7.03,10324.62,1
2026-05-08,2026-05-08 14:03:00,1466.91,1466.97,1466.91,1466.97,0.0,7.03,10324.62,1
2026-05-08,2026-05-08 14:04:00,1466.97,1467.02,1466.97,1467.02,0.0,7.03,10324.62,1
2026-05-08,2026-05-08 14:05:00,1467.02,1467.08,1467.02,1467.08,0.0,7.03,10324.62,1
2026-05-08,2026-05-08 14:06:00,1467.08,1467.13,1467.08,1467.13,0.0,7.03,10324.62,1
2026-05-08,2026-05-08 14:07:00,1467.13,1467.18,1467.13,1467.18,0.0,7.03,10324.62,1
2026-05-08,2026-05-08 14:08:00,1467.18,1467.24,1467.18,1467.24,0.0,7.03,10324.62,1
2026-05-08,2026-05-08 14:09:00,1467.24,1467.29,1467.24,1467.29,0.0,7.03,10324.62,1
2026-05-08,2026-05-08 14:10:00,1467.29,1467.35,1467.29,1467.35,0.0,7.03,10324.62,1
2026-05-08,2026-05-08 14:11:00,1467.35,1467.4,1467.35,1467.4,0.0,7.03,10324.62,1
2026-05-08,2026-05-08 14:12:00,1467.4,1467.45,1467.4,1467.45,0.0,7.03,10324.62,1
2026-05-08,2026-05-08 14:13:00,1467.45,1467.51,1467.45,1467.51,0.0,7.03,10324.62,1
2026-05-08,2026-05-08 14:14:00,1467.51,1467.56,1467.51,1467.56,0.0,7.03,10324.62,1
2026-05-08,2026-05-08 14:15:00,1467.56,1467.62,1467.56,1467.62,0.0,7.03,10324.62,1
2026-05-08,2026-05-08 14:16:00,1467.62,1467.67,1467.62,1467.67,0.0,7.03,10324.62,1
2026-05-08,2026-05-08 14:17:00,1467.67,1467.72,1467.67,1467.72,0.0,7.03,10324.62,1
2026-05-08,2026-05-08 14:18:00,1467.72,1467.78,1467.72,1467.78,0.0,7.03,10324.62,1
2026-05-08,2026-05-08 14:19:00,1467.78,1467.83,1467.78,1467.83,0.0,7.03,10324.62,1
2026-05-08,2026-05-08 14:20:00,1467.83,1467.89,1467.83,1467.89,0.0,7.03,10324.62,1
2026-05-08,2026-05-08 14:21:00,1467.89,1467.94,1467.89,1467.94,0.0,7.03,10324.62,1
2026-05-08,2026-05-08 14:22:00,1467.94,1468.0,1467.94,1468.0,0.0,7.03,10324.62,1
2026-05-08,2026-05-08 14:23:00,1468.0,1468.05,1468.0,1468.05,0.0,7.03,10324.62,1
2026-05-08,2026-05-08 14:24:00,1468.05,1468.1,1468.05,1468.1,0.0,7.03,10324.62,1
2026-05-08,2026-05-08 14:25:00,1468.1,1468.16,1468.1,1468.16,0.0,7.03,10324.62,1
2026-05-08,2026-05-08 14:26:00,1468.16,1468.21,1468.16,1468.21,0.0,7.03,10324.62,1
2026-05-08,2026-05-08 14:27:00,1468.21,1468.27,1468.21,1468.27,0.0,7.03,10324.62,1
2026-05-08,2026-05-08 14:28:00,1468.27,1468.32,1468.27,1468.32,0.0,7.03,10324.62,1
2026-05-08,2026-05-08 14:29:00,1468.32,1468.38,1468.32,1468.38,0.0,7.03,10324.62,1
2026-05-08,2026-05-08 14:30:00,1468.38,1468.43,1468.38,1468.43,0.0,7.03,10324.62,1
2026-05-08,2026-05-08 14:31:00,1468.43,1468.48,1468.43,1468.48,0.0,7.03,10324.62,1
2026-05-08,2026-05-08 14:32:00,1468.48,1468.54,1468.48,1468.54,0.0,7.03,10324.62,1
2026-05-08,2026-05-08 14:33:00,1468.54,1468.59,1468.54,1468.59,0.0,7.03,10324.62,1
2026-05-08,2026-05-08 14:34:00,1468.59,1468.65,1468.59,1468.65,0.0,7.03,10324.62,1
2026-05-08,2026-05-08 14:35:00,1468.65,1468.7,1468.65,1468.7,0.0,7.03,10324.62,1
2026-05-08,2026-05-08 14:36:00,1468.7,1468.75,1468.7,1468.75,0.0,7.03,10324.62,1
2026-05-08,2026-05-08 14:37:00,1468.75,1468.81,1468.75,1468.81,0.0,7.03,10324.62,1
2026-05-08,2026-05-08 14:38:00,1468.81,1468.86,1468.81,1468.86,0.0,7.03,10324.62,1
2026-05-08,2026-05-08 14:39:00,1468.86,1468.92,1468.86,1468.92,0.0,7.03,10324.62,1
2026-05-08,2026-05-08 14:40:00,1468.92,1468.97,1468.92,1468.97,0.0,7.03,10324.62,1
2026-05-08,2026-05-08 14:41:00,1468.97,1469.03,1468.97,1469.03,0.0,7.03,10324.62,1
2026-05-08,2026-05-08 14:42:00,1469.03,1469.08,1469.03,1469.08,0.0,7.03,10324.62,1
2026-05-08,2026-05-08 14:43:00,1469.08,1469.13,1469.08,1469.13,0.0,7.03,10324.62,1
2026-05-08,2026-05-08 14:44:00,1469.13,1469.19,1469.13,1469.19,0.0,7.03,10324.62,1
2026-05-08,2026-05-08 14:45:00,1469.19,1469.24,1469.19,1469.24,0.0,7.03,10324.62,1
2026-05-08,2026-05-08 14:46:00,1469.24,1469.3,1469.24,1469.3,0.0,7.03,10324.62,1
2026-05-08,2026-05-08 14:47:00,1469.3,1469.35,1469.3,1469.35,0.0,7.03,10324.62,1
2026-05-08,2026-05-08 14:48:00,1469.35,1469.4,1469.35,1469.4,0.0,7.03,10324.62,1
2026-05-08,2026-05-08 14:49:00,1469.4,1469.46,1469.4,1469.46,0.0,7.03,10324.62,1
2026-05-08,2026-05-08 14:50:00,1469.46,1469.51,1469.46,1469.51,0.0,7.03,10324.62,1
2026-05-08,2026-05-08 14:51:00,1469.51,1469.57,1469.51,1469.57,0.0,7.03,10324.62,1
2026-05-08,2026-05-08 14:52:00,1469.57,1469.62,1469.57,1469.62,0.0,7.03,10324.62,1
2026-05-08,2026-05-08 14:53:00,1469.62,1469.67,1469.62,1469.67,0.0,7.03,10324.62,1
2026-05-08,2026-05-08 14:54:00,1469.67,1469.73,1469.67,1469.73,0.0,7.03,10324.62,1
2026-05-08,2026-05-08 14:55:00,1469.73,1469.78,1469.73,1469.78,0.0,7.03,10324.62,1
2026-05-08,2026-05-08 14:56:00,1469.78,1469.84,1469.78,1469.84,0.0,7.03,10324.62,1
2026-05-08,2026-05-08 14:57:00,1469.84,1469.89,1469.84,1469.89,0.0,7.03,10324.62,1
2026-05-08,2026-05-08 14:58:00,1469.89,1469.95,1469.89,1469.95,0.0,7.03,10324.62,1
2026-05-08,2026-05-08 14:59:00,1469.95,1470.0,1469.95,1470.0,0.0,7.03,10324.62,1
2026-05-08,2026-05-08 15:00:00,1470.0,1487.9,1457.0,1470.0,0.0,7.03,10324.62,0
2026-05-11,2026-05-11 11:00:00,1470.0,1481.07,1470.0,1470.12,0.01,1.88,2825.93,1
2026-05-11,2026-05-11 11:01:00,1470.12,1470.25,1470.12,1470.25,0.01,1.88,2825.93,1
2026-05-11,2026-05-11 11:02:00,1470.25,1470.38,1470.25,1470.38,0.01,1.88,2825.93,1
2026-05-11,2026-05-11 11:03:00,1470.38,1470.5,1470.38,1470.5,0.01,1.88,2825.93,1
2026-05-11,2026-05-11 11:04:00,1470.5,1470.62,1470.5,1470.62,0.01,1.88,2825.93,1
2026-05-11,2026-05-11 11:05:00,1470.62,1470.75,1470.62,1470.75,0.01,1.88,2825.93,1
2026-05-11,2026-05-11 11:06:00,1470.75,1470.88,1470.75,1470.88,0.01,1.88,2825.93,1
2026-05-11,2026-05-11 11:07:00,1470.88,1471.0,1470.88,1471.0,0.01,1.88,2825.93,1
2026-05-11,2026-05-11 11:08:00,1471.0,1471.12,1471.0,1471.12,0.01,1.88,2825.93,1
2026-05-11,2026-05-11 11:09:00,1471.12,1471.25,1471.12,1471.25,0.01,1.88,2825.93,1
2026-05-11,2026-05-11 11:10:00,1471.25,1471.38,1471.25,1471.38,0.01,1.88,2825.93,1
2026-05-11,2026-05-11 11:11:00,1471.38,1471.5,1471.38,1471.5,0.01,1.88,2825.93,1
2026-05-11,2026-05-11 11:12:00,1471.5,1471.62,1471.5,1471.62,0.01,1.88,2825.93,1
2026-05-11,2026-05-11 11:13:00,1471.62,1471.75,1471.62,1471.75,0.01,1.88,2825.93,1
2026-05-11,2026-05-11 11:14:00,1471.75,1471.88,1471.75,1471.88,0.01,1.88,2825.93,1
2026-05-11,2026-05-11 11:15:00,1471.88,1472.0,1471.88,1472.0,0.01,1.88,2825.93,1
2026-05-11,2026-05-11 11:16:00,1472.0,1472.12,1472.0,1472.12,0.01,1.88,2825.93,1
2026-05-11,2026-05-11 11:17:00,1472.12,1472.25,1472.12,1472.25,0.01,1.88,2825.93,1
2026-05-11,2026-05-11 11:18:00,1472.25,1472.38,1472.25,1472.38,0.01,1.88,2825.93,1
2026-05-11,2026-05-11 11:19:00,1472.38,1472.5,1472.38,1472.5,0.01,1.88,2825.93,1
2026-05-11,2026-05-11 11:20:00,1472.5,1472.62,1472.5,1472.62,0.01,1.88,2825.93,1
2026-05-11,2026-05-11 11:21:00,1472.62,1472.75,1472.62,1472.75,0.01,1.88,2825.93,1
2026-05-11,2026-05-11 11:22:00,1472.75,1472.88,1472.75,1472.88,0.01,1.88,2825.93,1
2026-05-11,2026-05-11 11:23:00,1472.88,1473.0,1472.88,1473.0,0.01,1.88,2825.93,1
2026-05-11,2026-05-11 11:24:00,1473.0,1473.12,1473.0,1473.12,0.01,1.88,2825.93,1
2026-05-11,2026-05-11 11:25:00,1473.12,1473.25,1473.12,1473.25,0.01,1.88,2825.93,1
2026-05-11,2026-05-11 11:26:00,1473.25,1473.38,1473.25,1473.38,0.01,1.88,2825.93,1
2026-05-11,2026-05-11 11:27:00,1473.38,1473.5,1473.38,1473.5,0.01,1.88,2825.93,1
2026-05-11,2026-05-11 11:28:00,1473.5,1473.62,1473.5,1473.62,0.01,1.88,2825.93,1
2026-05-11,2026-05-11 11:29:00,1473.62,1473.75,1473.62,1473.75,0.01,1.88,2825.93,1
2026-05-11,2026-05-11 11:30:00,1473.75,1473.88,1473.75,1473.88,0.01,1.88,2825.93,1
2026-05-11,2026-05-11 11:31:00,1473.88,1474.0,1473.88,1474.0,0.01,1.88,2825.93,1
2026-05-11,2026-05-11 11:32:00,1474.0,1474.12,1474.0,1474.12,0.01,1.88,2825.93,1
2026-05-11,2026-05-11 11:33:00,1474.12,1474.25,1474.12,1474.25,0.01,1.88,2825.93,1
2026-05-11,2026-05-11 11:34:00,1474.25,1474.38,1474.25,1474.38,0.01,1.88,2825.93,1
2026-05-11,2026-05-11 11:35:00,1474.38,1474.5,1474.38,1474.5,0.01,1.88,2825.93,1
2026-05-11,2026-05-11 11:36:00,1474.5,1474.62,1474.5,1474.62,0.01,1.88,2825.93,1
2026-05-11,2026-05-11 11:37:00,1474.62,1474.75,1474.62,1474.75,0.01,1.88,2825.93,1
2026-05-11,2026-05-11 11:38:00,1474.75,1474.88,1474.75,1474.88,0.01,1.88,2825.93,1
2026-05-11,2026-05-11 11:39:00,1474.88,1475.0,1474.88,1475.0,0.01,1.88,2825.93,1
2026-05-11,2026-05-11 11:40:00,1475.0,1475.12,1475.0,1475.12,0.01,1.88,2825.93,1
2026-05-11,2026-05-11 11:41:00,1475.12,1475.25,1475.12,1475.25,0.01,1.88,2825.93,1
2026-05-11,2026-05-11 11:42:00,1475.25,1475.38,1475.25,1475.38,0.01,1.88,2825.93,1
2026-05-11,2026-05-11 11:43:00,1475.38,1475.5,1475.38,1475.5,0.01,1.88,2825.93,1
2026-05-11,2026-05-11 11:44:00,1475.5,1475.62,1475.5,1475.62,0.01,1.88,2825.93,1
2026-05-11,2026-05-11 11:45:00,1475.62,1475.75,1475.62,1475.75,0.01,1.88,2825.93,1
2026-05-11,2026-05-11 11:46:00,1475.75,1475.88,1475.75,1475.88,0.01,1.88,2825.93,1
2026-05-11,2026-05-11 11:47:00,1475.88,1476.0,1475.88,1476.0,0.01,1.88,2825.93,1
2026-05-11,2026-05-11 11:48:00,1476.0,1476.12,1476.0,1476.12,0.01,1.88,2825.93,1
2026-05-11,2026-05-11 11:49:00,1476.12,1476.25,1476.12,1476.25,0.01,1.88,2825.93,1
2026-05-11,2026-05-11 11:50:00,1476.25,1476.38,1476.25,1476.38,0.01,1.88,2825.93,1
2026-05-11,2026-05-11 11:51:00,1476.38,1476.5,1476.38,1476.5,0.01,1.88,2825.93,1
2026-05-11,2026-05-11 11:52:00,1476.5,1476.62,1476.5,1476.62,0.01,1.88,2825.93,1
2026-05-11,2026-05-11 11:53:00,1476.62,1476.75,1476.62,1476.75,0.01,1.88,2825.93,1
2026-05-11,2026-05-11 11:54:00,1476.75,1476.88,1476.75,1476.88,0.01,1.88,2825.93,1
2026-05-11,2026-05-11 11:55:00,1476.88,1477.0,1476.88,1477.0,0.01,1.88,2825.93,1
2026-05-11,2026-05-11 11:56:00,1477.0,1477.12,1477.0,1477.12,0.01,1.88,2825.93,1
2026-05-11,2026-05-11 11:57:00,1477.12,1477.25,1477.12,1477.25,0.01,1.88,2825.93,1
2026-05-11,2026-05-11 11:58:00,1477.25,1477.38,1477.25,1477.38,0.01,1.88,2825.93,1
2026-05-11,2026-05-11 11:59:00,1477.38,1477.5,1477.38,1477.5,0.01,1.88,2825.93,1
2026-05-11,2026-05-11 12:00:00,1477.5,1477.62,1477.5,1477.62,0.01,1.88,2825.93,1
2026-05-11,2026-05-11 12:01:00,1477.62,1477.75,1477.62,1477.75,0.01,1.88,2825.93,1
2026-05-11,2026-05-11 12:02:00,1477.75,1477.88,1477.75,1477.88,0.01,1.88,2825.93,1
2026-05-11,2026-05-11 12:03:00,1477.88,1478.0,1477.88,1478.0,0.01,1.88,2825.93,1
2026-05-11,2026-05-11 12:04:00,1478.0,1478.12,1478.0,1478.12,0.01,1.88,2825.93,1
2026-05-11,2026-05-11 12:05:00,1478.12,1478.25,1478.12,1478.25,0.01,1.88,2825.93,1
2026-05-11,2026-05-11 12:06:00,1478.25,1478.38,1478.25,1478.38,0.01,1.88,2825.93,1
2026-05-11,2026-05-11 12:07:00,1478.38,1478.5,1478.38,1478.5,0.01,1.88,2825.93,1
2026-05-11,2026-05-11 12:08:00,1478.5,1478.62,1478.5,1478.62,0.01,1.88,2825.93,1
2026-05-11,2026-05-11 12:09:00,1478.62,1478.75,1478.62,1478.75,0.01,1.88,2825.93,1
2026-05-11,2026-05-11 12:10:00,1478.75,1478.88,1478.75,1478.88,0.01,1.88,2825.93,1
2026-05-11,2026-05-11 12:11:00,1478.88,1479.0,1478.88,1479.0,0.01,1.88,2825.93,1
2026-05-11,2026-05-11 12:12:00,1479.0,1479.12,1479.0,1479.12,0.01,1.88,2825.93,1
2026-05-11,2026-05-11 12:13:00,1479.12,1479.25,1479.12,1479.25,0.01,1.88,2825.93,1
2026-05-11,2026-05-11 12:14:00,1479.25,1479.38,1479.25,1479.38,0.01,1.88,2825.93,1
2026-05-11,2026-05-11 12:15:00,1479.38,1479.5,1479.38,1479.5,0.01,1.88,2825.93,1
2026-05-11,2026-05-11 12:16:00,1479.5,1479.62,1479.5,1479.62,0.01,1.88,2825.93,1
2026-05-11,2026-05-11 12:17:00,1479.62,1479.75,1479.62,1479.75,0.01,1.88,2825.93,1
2026-05-11,2026-05-11 12:18:00,1479.75,1479.88,1479.75,1479.88,0.01,1.88,2825.93,1
2026-05-11,2026-05-11 12:19:00,1479.88,1480.0,1479.88,1480.0,0.01,1.88,2825.93,1
2026-05-11,2026-05-11 12:20:00,1480.0,1480.12,1480.0,1480.12,0.01,1.88,2825.93,1
2026-05-11,2026-05-11 12:21:00,1480.12,1480.25,1480.12,1480.25,0.01,1.88,2825.93,1
2026-05-11,2026-05-11 12:22:00,1480.25,1480.38,1480.25,1480.38,0.01,1.88,2825.93,1
2026-05-11,2026-05-11 12:23:00,1480.38,1480.5,1480.38,1480.5,0.01,1.88,2825.93,1
2026-05-11,2026-05-11 12:24:00,1480.5,1480.62,1480.5,1480.62,0.01,1.88,2825.93,1
2026-05-11,2026-05-11 12:25:00,1480.62,1480.75,1480.62,1480.75,0.01,1.88,2825.93,1
2026-05-11,2026-05-11 12:26:00,1480.75,1480.88,1480.75,1480.88,0.01,1.88,2825.93,1
2026-05-11,2026-05-11 12:27:00,1480.88,1481.0,1480.88,1481.0,0.01,1.88,2825.93,1
2026-05-11,2026-05-11 12:28:00,1481.0,1481.12,1481.0,1481.12,0.01,1.88,2825.93,1
2026-05-11,2026-05-11 12:29:00,1481.12,1481.25,1481.12,1481.25,0.01,1.88,2825.93,1
2026-05-11,2026-05-11 12:30:00,1481.25,1481.38,1481.25,1481.38,0.01,1.88,2825.93,1
2026-05-11,2026-05-11 12:31:00,1481.38,1481.5,1481.38,1481.5,0.01,1.88,2825.93,1
2026-05-11,2026-05-11 12:32:00,1481.5,1481.62,1481.5,1481.62,0.01,1.88,2825.93,1
2026-05-11,2026-05-11 12:33:00,1481.62,1481.75,1481.62,1481.75,0.01,1.88,2825.93,1
2026-05-11,2026-05-11 12:34:00,1481.75,1481.88,1481.75,1481.88,0.01,1.88,2825.93,1
2026-05-11,2026-05-11 12:35:00,1481.88,1482.0,1481.88,1482.0,0.01,1.88,2825.93,1
2026-05-11,2026-05-11 12:36:00,1482.0,1482.12,1482.0,1482.12,0.01,1.88,2825.93,1
2026-05-11,2026-05-11 12:37:00,1482.12,1482.25,1482.12,1482.25,0.01,1.88,2825.93,1
2026-05-11,2026-05-11 12:38:00,1482.25,1482.38,1482.25,1482.38,0.01,1.88,2825.93,1
2026-05-11,2026-05-11 12:39:00,1482.38,1482.5,1482.38,1482.5,0.01,1.88,2825.93,1
2026-05-11,2026-05-11 12:40:00,1482.5,1482.62,1482.5,1482.62,0.01,1.88,2825.93,1
2026-05-11,2026-05-11 12:41:00,1482.62,1482.75,1482.62,1482.75,0.01,1.88,2825.93,1
2026-05-11,2026-05-11 12:42:00,1482.75,1482.88,1482.75,1482.88,0.01,1.88,2825.93,1
2026-05-11,2026-05-11 12:43:00,1482.88,1483.0,1482.88,1483.0,0.01,1.88,2825.93,1
2026-05-11,2026-05-11 12:44:00,1483.0,1483.12,1483.0,1483.12,0.01,1.88,2825.93,1
2026-05-11,2026-05-11 12:45:00,1483.12,1483.25,1483.12,1483.25,0.01,1.88,2825.93,1
2026-05-11,2026-05-11 12:46:00,1483.25,1483.38,1483.25,1483.38,0.01,1.88,2825.93,1
2026-05-11,2026-05-11 12:47:00,1483.38,1483.5,1483.38,1483.5,0.01,1.88,2825.93,1
2026-05-11,2026-05-11 12:48:00,1483.5,1483.62,1483.5,1483.62,0.01,1.88,2825.93,1
2026-05-11,2026-05-11 12:49:00,1483.62,1483.75,1483.62,1483.75,0.01,1.88,2825.93,1
2026-05-11,2026-05-11 12:50:00,1483.75,1483.88,1483.75,1483.88,0.01,1.88,2825.93,1
2026-05-11,2026-05-11 12:51:00,1483.88,1484.0,1483.88,1484.0,0.01,1.88,2825.93,1
2026-05-11,2026-05-11 12:52:00,1484.0,1484.12,1484.0,1484.12,0.01,1.88,2825.93,1
2026-05-11,2026-05-11 12:53:00,1484.12,1484.25,1484.12,1484.25,0.01,1.88,2825.93,1
2026-05-11,2026-05-11 12:54:00,1484.25,1484.38,1484.25,1484.38,0.01,1.88,2825.93,1
2026-05-11,2026-05-11 12:55:00,1484.38,1484.5,1484.38,1484.5,0.01,1.88,2825.93,1
2026-05-11,2026-05-11 12:56:00,1484.5,1484.62,1484.5,1484.62,0.01,1.88,2825.93,1
2026-05-11,2026-05-11 12:57:00,1484.62,1484.75,1484.62,1484.75,0.01,1.88,2825.93,1
2026-05-11,2026-05-11 12:58:00,1484.75,1484.88,1484.75,1484.88,0.01,1.88,2825.93,1
2026-05-11,2026-05-11 12:59:00,1484.88,1485.0,1484.88,1485.0,0.01,1.88,2825.93,1
2026-05-11,2026-05-11 13:00:00,1485.0,1506.9,1470.0,1485.12,0.01,1.88,2825.93,1
2026-05-11,2026-05-11 13:01:00,1485.12,1485.25,1485.12,1485.25,0.01,1.88,2825.93,1
2026-05-11,2026-05-11 13:02:00,1485.25,1485.38,1485.25,1485.38,0.01,1.88,2825.93,1
2026-05-11,2026-05-11 13:03:00,1485.38,1485.5,1485.38,1485.5,0.01,1.88,2825.93,1
2026-05-11,2026-05-11 13:04:00,1485.5,1485.62,1485.5,1485.62,0.01,1.88,2825.93,1
2026-05-11,2026-05-11 13:05:00,1485.62,1485.75,1485.62,1485.75,0.01,1.88,2825.93,1
2026-05-11,2026-05-11 13:06:00,1485.75,1485.88,1485.75,1485.88,0.01,1.88,2825.93,1
2026-05-11,2026-05-11 13:07:00,1485.88,1486.0,1485.88,1486.0,0.01,1.88,2825.93,1
2026-05-11,2026-05-11 13:08:00,1486.0,1486.12,1486.0,1486.12,0.01,1.88,2825.93,1
2026-05-11,2026-05-11 13:09:00,1486.12,1486.25,1486.12,1486.25,0.01,1.88,2825.93,1
2026-05-11,2026-05-11 13:10:00,1486.25,1486.38,1486.25,1486.38,0.01,1.88,2825.93,1
2026-05-11,2026-05-11 13:11:00,1486.38,1486.5,1486.38,1486.5,0.01,1.88,2825.93,1
2026-05-11,2026-05-11 13:12:00,1486.5,1486.62,1486.5,1486.62,0.01,1.88,2825.93,1
2026-05-11,2026-05-11 13:13:00,1486.62,1486.75,1486.62,1486.75,0.01,1.88,2825.93,1
2026-05-11,2026-05-11 13:14:00,1486.75,1486.88,1486.75,1486.88,0.01,1.88,2825.93,1
2026-05-11,2026-05-11 13:15:00,1486.88,1487.0,1486.88,1487.0,0.01,1.88,2825.93,1
2026-05-11,2026-05-11 13:16:00,1487.0,1487.12,1487.0,1487.12,0.01,1.88,2825.93,1
2026-05-11,2026-05-11 13:17:00,1487.12,1487.25,1487.12,1487.25,0.01,1.88,2825.93,1
2026-05-11,2026-05-11 13:18:00,1487.25,1487.38,1487.25,1487.38,0.01,1.88,2825.93,1
2026-05-11,2026-05-11 13:19:00,1487.38,1487.5,1487.38,1487.5,0.01,1.88,2825.93,1
2026-05-11,2026-05-11 13:20:00,1487.5,1487.62,1487.5,1487.62,0.01,1.88,2825.93,1
2026-05-11,2026-05-11 13:21:00,1487.62,1487.75,1487.62,1487.75,0.01,1.88,2825.93,1
2026-05-11,2026-05-11 13:22:00,1487.75,1487.88,1487.75,1487.88,0.01,1.88,2825.93,1
2026-05-11,2026-05-11 13:23:00,1487.88,1488.0,1487.88,1488.0,0.01,1.88,2825.93,1
2026-05-11,2026-05-11 13:24:00,1488.0,1488.12,1488.0,1488.12,0.01,1.88,2825.93,1
2026-05-11,2026-05-11 13:25:00,1488.12,1488.25,1488.12,1488.25,0.01,1.88,2825.93,1
2026-05-11,2026-05-11 13:26:00,1488.25,1488.38,1488.25,1488.38,0.01,1.88,2825.93,1
2026-05-11,2026-05-11 13:27:00,1488.38,1488.5,1488.38,1488.5,0.01,1.88,2825.93,1
2026-05-11,2026-05-11 13:28:00,1488.5,1488.62,1488.5,1488.62,0.01,1.88,2825.93,1
2026-05-11,2026-05-11 13:29:00,1488.62,1488.75,1488.62,1488.75,0.01,1.88,2825.93,1
2026-05-11,2026-05-11 13:30:00,1488.75,1488.88,1488.75,1488.88,0.01,1.88,2825.93,1
2026-05-11,2026-05-11 13:31:00,1488.88,1489.0,1488.88,1489.0,0.01,1.88,2825.93,1
2026-05-11,2026-05-11 13:32:00,1489.0,1489.12,1489.0,1489.12,0.01,1.88,2825.93,1
2026-05-11,2026-05-11 13:33:00,1489.12,1489.25,1489.12,1489.25,0.01,1.88,2825.93,1
2026-05-11,2026-05-11 13:34:00,1489.25,1489.38,1489.25,1489.38,0.01,1.88,2825.93,1
2026-05-11,2026-05-11 13:35:00,1489.38,1489.5,1489.38,1489.5,0.01,1.88,2825.93,1
2026-05-11,2026-05-11 13:36:00,1489.5,1489.62,1489.5,1489.62,0.01,1.88,2825.93,1
2026-05-11,2026-05-11 13:37:00,1489.62,1489.75,1489.62,1489.75,0.01,1.88,2825.93,1
2026-05-11,2026-05-11 13:38:00,1489.75,1489.88,1489.75,1489.88,0.01,1.88,2825.93,1
2026-05-11,2026-05-11 13:39:00,1489.88,1490.0,1489.88,1490.0,0.01,1.88,2825.93,1
2026-05-11,2026-05-11 13:40:00,1490.0,1490.12,1490.0,1490.12,0.01,1.88,2825.93,1
2026-05-11,2026-05-11 13:41:00,1490.12,1490.25,1490.12,1490.25,0.01,1.88,2825.93,1
2026-05-11,2026-05-11 13:42:00,1490.25,1490.38,1490.25,1490.38,0.01,1.88,2825.93,1
2026-05-11,2026-05-11 13:43:00,1490.38,1490.5,1490.38,1490.5,0.01,1.88,2825.93,1
2026-05-11,2026-05-11 13:44:00,1490.5,1490.62,1490.5,1490.62,0.01,1.88,2825.93,1
2026-05-11,2026-05-11 13:45:00,1490.62,1490.75,1490.62,1490.75,0.01,1.88,2825.93,1
2026-05-11,2026-05-11 13:46:00,1490.75,1490.88,1490.75,1490.88,0.01,1.88,2825.93,1
2026-05-11,2026-05-11 13:47:00,1490.88,1491.0,1490.88,1491.0,0.01,1.88,2825.93,1
2026-05-11,2026-05-11 13:48:00,1491.0,1491.12,1491.0,1491.12,0.01,1.88,2825.93,1
2026-05-11,2026-05-11 13:49:00,1491.12,1491.25,1491.12,1491.25,0.01,1.88,2825.93,1
2026-05-11,2026-05-11 13:50:00,1491.25,1491.38,1491.25,1491.38,0.01,1.88,2825.93,1
2026-05-11,2026-05-11 13:51:00,1491.38,1491.5,1491.38,1491.5,0.01,1.88,2825.93,1
2026-05-11,2026-05-11 13:52:00,1491.5,1491.62,1491.5,1491.62,0.01,1.88,2825.93,1
2026-05-11,2026-05-11 13:53:00,1491.62,1491.75,1491.62,1491.75,0.01,1.88,2825.93,1
2026-05-11,2026-05-11 13:54:00,1491.75,1491.88,1491.75,1491.88,0.01,1.88,2825.93,1
2026-05-11,2026-05-11 13:55:00,1491.88,1492.0,1491.88,1492.0,0.01,1.88,2825.93,1
2026-05-11,2026-05-11 13:56:00,1492.0,1492.12,1492.0,1492.12,0.01,1.88,2825.93,1
2026-05-11,2026-05-11 13:57:00,1492.12,1492.25,1492.12,1492.25,0.01,1.88,2825.93,1
2026-05-11,2026-05-11 13:58:00,1492.25,1492.38,1492.25,1492.38,0.01,1.88,2825.93,1
2026-05-11,2026-05-11 13:59:00,1492.38,1492.5,1492.38,1492.5,0.01,1.88,2825.93,1
2026-05-11,2026-05-11 14:00:00,1492.5,1492.62,1492.5,1492.62,0.01,1.88,2825.93,1
2026-05-11,2026-05-11 14:01:00,1492.62,1492.75,1492.62,1492.75,0.01,1.88,2825.93,1
2026-05-11,2026-05-11 14:02:00,1492.75,1492.88,1492.75,1492.88,0.01,1.88,2825.93,1
2026-05-11,2026-05-11 14:03:00,1492.88,1493.0,1492.88,1493.0,0.01,1.88,2825.93,1
2026-05-11,2026-05-11 14:04:00,1493.0,1493.12,1493.0,1493.12,0.01,1.88,2825.93,1
2026-05-11,2026-05-11 14:05:00,1493.12,1493.25,1493.12,1493.25,0.01,1.88,2825.93,1
2026-05-11,2026-05-11 14:06:00,1493.25,1493.38,1493.25,1493.38,0.01,1.88,2825.93,1
2026-05-11,2026-05-11 14:07:00,1493.38,1493.5,1493.38,1493.5,0.01,1.88,2825.93,1
2026-05-11,2026-05-11 14:08:00,1493.5,1493.62,1493.5,1493.62,0.01,1.88,2825.93,1
2026-05-11,2026-05-11 14:09:00,1493.62,1493.75,1493.62,1493.75,0.01,1.88,2825.93,1
2026-05-11,2026-05-11 14:10:00,1493.75,1493.88,1493.75,1493.88,0.01,1.88,2825.93,1
2026-05-11,2026-05-11 14:11:00,1493.88,1494.0,1493.88,1494.0,0.01,1.88,2825.93,1
2026-05-11,2026-05-11 14:12:00,1494.0,1494.12,1494.0,1494.12,0.01,1.88,2825.93,1
2026-05-11,2026-05-11 14:13:00,1494.12,1494.25,1494.12,1494.25,0.01,1.88,2825.93,1
2026-05-11,2026-05-11 14:14:00,1494.25,1494.38,1494.25,1494.38,0.01,1.88,2825.93,1
2026-05-11,2026-05-11 14:15:00,1494.38,1494.5,1494.38,1494.5,0.01,1.88,2825.93,1
2026-05-11,2026-05-11 14:16:00,1494.5,1494.62,1494.5,1494.62,0.01,1.88,2825.93,1
2026-05-11,2026-05-11 14:17:00,1494.62,1494.75,1494.62,1494.75,0.01,1.88,2825.93,1
2026-05-11,2026-05-11 14:18:00,1494.75,1494.88,1494.75,1494.88,0.01,1.88,2825.93,1
2026-05-11,2026-05-11 14:19:00,1494.88,1495.0,1494.88,1495.0,0.01,1.88,2825.93,1
2026-05-11,2026-05-11 14:20:00,1495.0,1495.12,1495.0,1495.12,0.01,1.88,2825.93,1
2026-05-11,2026-05-11 14:21:00,1495.12,1495.25,1495.12,1495.25,0.01,1.88,2825.93,1
2026-05-11,2026-05-11 14:22:00,1495.25,1495.38,1495.25,1495.38,0.01,1.88,2825.93,1
2026-05-11,2026-05-11 14:23:00,1495.38,1495.5,1495.38,1495.5,0.01,1.88,2825.93,1
2026-05-11,2026-05-11 14:24:00,1495.5,1495.62,1495.5,1495.62,0.01,1.88,2825.93,1
2026-05-11,2026-05-11 14:25:00,1495.62,1495.75,1495.62,1495.75,0.01,1.88,2825.93,1
2026-05-11,2026-05-11 14:26:00,1495.75,1495.88,1495.75,1495.88,0.01,1.88,2825.93,1
2026-05-11,2026-05-11 14:27:00,1495.88,1496.0,1495.88,1496.0,0.01,1.88,2825.93,1
2026-05-11,2026-05-11 14:28:00,1496.0,1496.12,1496.0,1496.12,0.01,1.88,2825.93,1
2026-05-11,2026-05-11 14:29:00,1496.12,1496.25,1496.12,1496.25,0.01,1.88,2825.93,1
2026-05-11,2026-05-11 14:30:00,1496.25,1496.38,1496.25,1496.38,0.01,1.88,2825.93,1
2026-05-11,2026-05-11 14:31:00,1496.38,1496.5,1496.38,1496.5,0.01,1.88,2825.93,1
2026-05-11,2026-05-11 14:32:00,1496.5,1496.62,1496.5,1496.62,0.01,1.88,2825.93,1
2026-05-11,2026-05-11 14:33:00,1496.62,1496.75,1496.62,1496.75,0.01,1.88,2825.93,1
2026-05-11,2026-05-11 14:34:00,1496.75,1496.88,1496.75,1496.88,0.01,1.88,2825.93,1
2026-05-11,2026-05-11 14:35:00,1496.88,1497.0,1496.88,1497.0,0.01,1.88,2825.93,1
2026-05-11,2026-05-11 14:36:00,1497.0,1497.12,1497.0,1497.12,0.01,1.88,2825.93,1
2026-05-11,2026-05-11 14:37:00,1497.12,1497.25,1497.12,1497.25,0.01,1.88,2825.93,1
2026-05-11,2026-05-11 14:38:00,1497.25,1497.38,1497.25,1497.38,0.01,1.88,2825.93,1
2026-05-11,2026-05-11 14:39:00,1497.38,1497.5,1497.38,1497.5,0.01,1.88,2825.93,1
2026-05-11,2026-05-11 14:40:00,1497.5,1497.62,1497.5,1497.62,0.01,1.88,2825.93,1
2026-05-11,2026-05-11 14:41:00,1497.62,1497.75,1497.62,1497.75,0.01,1.88,2825.93,1
2026-05-11,2026-05-11 14:42:00,1497.75,1497.88,1497.75,1497.88,0.01,1.88,2825.93,1
2026-05-11,2026-05-11 14:43:00,1497.88,1498.0,1497.88,1498.0,0.01,1.88,2825.93,1
2026-05-11,2026-05-11 14:44:00,1498.0,1498.12,1498.0,1498.12,0.01,1.88,2825.93,1
2026-05-11,2026-05-11 14:45:00,1498.12,1498.25,1498.12,1498.25,0.01,1.88,2825.93,1
2026-05-11,2026-05-11 14:46:00,1498.25,1498.38,1498.25,1498.38,0.01,1.88,2825.93,1
2026-05-11,2026-05-11 14:47:00,1498.38,1498.5,1498.38,1498.5,0.01,1.88,2825.93,1
2026-05-11,2026-05-11 14:48:00,1498.5,1498.62,1498.5,1498.62,0.01,1.88,2825.93,1
2026-05-11,2026-05-11 14:49:00,1498.62,1498.75,1498.62,1498.75,0.01,1.88,2825.93,1
2026-05-11,2026-05-11 14:50:00,1498.75,1498.88,1498.75,1498.88,0.01,1.88,2825.93,1
2026-05-11,2026-05-11 14:51:00,1498.88,1499.0,1498.88,1499.0,0.01,1.88,2825.93,1
2026-05-11,2026-05-11 14:52:00,1499.0,1499.12,1499.0,1499.12,0.01,1.88,2825.93,1
2026-05-11,2026-05-11 14:53:00,1499.12,1499.25,1499.12,1499.25,0.01,1.88,2825.93,1
2026-05-11,2026-05-11 14:54:00,1499.25,1499.38,1499.25,1499.38,0.01,1.88,2825.93,1
2026-05-11,2026-05-11 14:55:00,1499.38,1499.5,1499.38,1499.5,0.01,1.88,2825.93,1
2026-05-11,2026-05-11 14:56:00,1499.5,1499.62,1499.5,1499.62,0.01,1.88,2825.93,1
2026-05-11,2026-05-11 14:57:00,1499.62,1499.75,1499.62,1499.75,0.01,1.88,2825.93,1
2026-05-11,2026-05-11 14:58:00,1499.75,1499.88,1499.75,1499.88,0.01,1.88,2825.93,1
2026-05-11,2026-05-11 14:59:00,1499.88,1500.0,1499.88,1500.0,0.01,1.88,2825.93,1
2026-05-11,2026-05-11 15:00:00,1500.0,1506.9,1470.0,1500.0,0.0,1.88,2825.93,0
2026-05-12,2026-05-12 11:00:00,1491.0,1501.47,1481.73,1490.89,-0.01,4.0,5940.87,-1
2026-05-12,2026-05-12 11:01:00,1490.89,1490.89,1490.78,1490.78,-0.01,4.0,5940.87,-1
2026-05-12,2026-05-12 11:02:00,1490.78,1490.78,1490.66,1490.66,-0.01,4.0,5940.87,-1
2026-05-12,2026-05-12 11:03:00,1490.66,1490.66,1490.55,1490.55,-0.01,4.0,5940.87,-1
2026-05-12,2026-05-12 11:04:00,1490.55,1490.55,1490.44,1490.44,-0.01,4.0,5940.87,-1
2026-05-12,2026-05-12 11:05:00,1490.44,1490.44,1490.33,1490.33,-0.01,4.0,5940.87,-1
2026-05-12,2026-05-12 11:06:00,1490.33,1490.33,1490.22,1490.22,-0.01,4.0,5940.87,-1
2026-05-12,2026-05-12 11:07:00,1490.22,1490.22,1490.1,1490.1,-0.01,4.0,5940.87,-1
2026-05-12,2026-05-12 11:08:00,1490.1,1490.1,1489.99,1489.99,-0.01,4.0,5940.87,-1
2026-05-12,2026-05-12 11:09:00,1489.99,1489.99,1489.88,1489.88,-0.01,4.0,5940.87,-1
2026-05-12,2026-05-12 11:10:00,1489.88,1489.88,1489.77,1489.77,-0.01,4.0,5940.87,-1
2026-05-12,2026-05-12 11:11:00,1489.77,1489.77,1489.65,1489.65,-0.01,4.0,5940.87,-1
2026-05-12,2026-05-12 11:12:00,1489.65,1489.65,1489.54,1489.54,-0.01,4.0,5940.87,-1
2026-05-12,2026-05-12 11:13:00,1489.54,1489.54,1489.43,1489.43,-0.01,4.0,5940.87,-1
2026-05-12,2026-05-12 11:14:00,1489.43,1489.43,1489.32,1489.32,-0.01,4.0,5940.87,-1
2026-05-12,2026-05-12 11:15:00,1489.32,1489.32,1489.21,1489.21,-0.01,4.0,5940.87,-1
2026-05-12,2026-05-12 11:16:00,1489.21,1489.21,1489.09,1489.09,-0.01,4.0,5940.87,-1
2026-05-12,2026-05-12 11:17:00,1489.09,1489.09,1488.98,1488.98,-0.01,4.0,5940.87,-1
2026-05-12,2026-05-12 11:18:00,1488.98,1488.98,1488.87,1488.87,-0.01,4.0,5940.87,-1
2026-05-12,2026-05-12 11:19:00,1488.87,1488.87,1488.76,1488.76,-0.01,4.0,5940.87,-1
2026-05-12,2026-05-12 11:20:00,1488.76,1488.76,1488.65,1488.65,-0.01,4.0,5940.87,-1
2026-05-12,2026-05-12 11:21:00,1488.65,1488.65,1488.53,1488.53,-0.01,4.0,5940.87,-1
2026-05-12,2026-05-12 11:22:00,1488.53,1488.53,1488.42,1488.42,-0.01,4.0,5940.87,-1
2026-05-12,2026-05-12 11:23:00,1488.42,1488.42,1488.31,1488.31,-0.01,4.0,5940.87,-1
2026-05-12,2026-05-12 11:24:00,1488.31,1488.31,1488.2,1488.2,-0.01,4.0,5940.87,-1
2026-05-12,2026-05-12 11:25:00,1488.2,1488.2,1488.09,1488.09,-0.01,4.0,5940.87,-1
2026-05-12,2026-05-12 11:26:00,1488.09,1488.09,1487.97,1487.97,-0.01,4.0,5940.87,-1
2026-05-12,2026-05-12 11:27:00,1487.97,1487.97,1487.86,1487.86,-0.01,4.0,5940.87,-1
2026-05-12,2026-05-12 11:28:00,1487.86,1487.86,1487.75,1487.75,-0.01,4.0,5940.87,-1
2026-05-12,2026-05-12 11:29:00,1487.75,1487.75,1487.64,1487.64,-0.01,4.0,5940.87,-1
2026-05-12,2026-05-12 11:30:00,1487.64,1487.64,1487.53,1487.53,-0.01,4.0,5940.87,-1
2026-05-12,2026-05-12 11:31:00,1487.53,1487.53,1487.41,1487.41,-0.01,4.0,5940.87,-1
2026-05-12,2026-05-12 11:32:00,1487.41,1487.41,1487.3,1487.3,-0.01,4.0,5940.87,-1
2026-05-12,2026-05-12 11:33:00,1487.3,1487.3,1487.19,1487.19,-0.01,4.0,5940.87,-1
2026-05-12,2026-05-12 11:34:00,1487.19,1487.19,1487.08,1487.08,-0.01,4.0,5940.87,-1
2026-05-12,2026-05-12 11:35:00,1487.08,1487.08,1486.96,1486.96,-0.01,4.0,5940.87,-1
2026-05-12,2026-05-12 11:36:00,1486.96,1486.96,1486.85,1486.85,-0.01,4.0,5940.87,-1
2026-05-12,2026-05-12 11:37:00,1486.85,1486.85,1486.74,1486.74,-0.01,4.0,5940.87,-1
2026-05-12,2026-05-12 11:38:00,1486.74,1486.74,1486.63,1486.63,-0.01,4.0,5940.87,-1
2026-05-12,2026-05-12 11:39:00,1486.63,1486.63,1486.52,1486.52,-0.01,4.0,5940.87,-1
2026-05-12,2026-05-12 11:40:00,1486.52,1486.52,1486.4,1486.4,-0.01,4.0,5940.87,-1
2026-05-12,2026-05-12 11:41:00,1486.4,1486.4,1486.29,1486.29,-0.01,4.0,5940.87,-1
2026-05-12,2026-05-12 11:42:00,1486.29,1486.29,1486.18,1486.18,-0.01,4.0,5940.87,-1
2026-05-12,2026-05-12 11:43:00,1486.18,1486.18,1486.07,1486.07,-0.01,4.0,5940.87,-1
2026-05-12,2026-05-12 11:44:00,1486.07,1486.07,1485.96,1485.96,-0.01,4.0,5940.87,-1
2026-05-12,2026-05-12 11:45:00,1485.96,1485.96,1485.84,1485.84,-0.01,4.0,5940.87,-1
2026-05-12,2026-05-12 11:46:00,1485.84,1485.84,1485.73,1485.73,-0.01,4.0,5940.87,-1
2026-05-12,2026-05-12 11:47:00,1485.73,1485.73,1485.62,1485.62,-0.01,4.0,5940.87,-1
2026-05-12,2026-05-12 11:48:00,1485.62,1485.62,1485.51,1485.51,-0.01,4.0,5940.87,-1
2026-05-12,2026-05-12 11:49:00,1485.51,1485.51,1485.4,1485.4,-0.01,4.0,5940.87,-1
2026-05-12,2026-05-12 11:50:00,1485.4,1485.4,1485.28,1485.28,-0.01,4.0,5940.87,-1
2026-05-12,2026-05-12 11:51:00,1485.28,1485.28,1485.17,1485.17,-0.01,4.0,5940.87,-1
2026-05-12,2026-05-12 11:52:00,1485.17,1485.17,1485.06,1485.06,-0.01,4.0,5940.87,-1
2026-05-12,2026-05-12 11:53:00,1485.06,1485.06,1484.95,1484.95,-0.01,4.0,5940.87,-1
2026-05-12,2026-05-12 11:54:00,1484.95,1484.95,1484.84,1484.84,-0.01,4.0,5940.87,-1
2026-05-12,2026-05-12 11:55:00,1484.84,1484.84,1484.72,1484.72,-0.01,4.0,5940.87,-1
2026-05-12,2026-05-12 11:56:00,1484.72,1484.72,1484.61,1484.61,-0.01,4.0,5940.87,-1
2026-05-12,2026-05-12 11:57:00,1484.61,1484.61,1484.5,1484.5,-0.01,4.0,5940.87,-1
2026-05-12,2026-05-12 11:58:00,1484.5,1484.5,1484.39,1484.39,-0.01,4.0,5940.87,-1
2026-05-12,2026-05-12 11:59:00,1484.39,1484.39,1484.28,1484.28,-0.01,4.0,5940.87,-1
2026-05-12,2026-05-12 12:00:00,1484.28,1484.28,1484.16,1484.16,-0.01,4.0,5940.87,-1
2026-05-12,2026-05-12 12:01:00,1484.16,1484.16,1484.05,1484.05,-0.01,4.0,5940.87,-1
2026-05-12,2026-05-12 12:02:00,1484.05,1484.05,1483.94,1483.94,-0.01,4.0,5940.87,-1
2026-05-12,2026-05-12 12:03:00,1483.94,1483.94,1483.83,1483.83,-0.01,4.0,5940.87,-1
2026-05-12,2026-05-12 12:04:00,1483.83,1483.83,1483.71,1483.71,-0.01,4.0,5940.87,-1
2026-05-12,2026-05-12 12:05:00,1483.71,1483.71,1483.6,1483.6,-0.01,4.0,5940.87,-1
2026-05-12,2026-05-12 12:06:00,1483.6,1483.6,1483.49,1483.49,-0.01,4.0,5940.87,-1
2026-05-12,2026-05-12 12:07:00,1483.49,1483.49,1483.38,1483.38,-0.01,4.0,5940.87,-1
2026-05-12,2026-05-12 12:08:00,1483.38,1483.38,1483.27,1483.27,-0.01,4.0,5940.87,-1
2026-05-12,2026-05-12 12:09:00,1483.27,1483.27,1483.15,1483.15,-0.01,4.0,5940.87,-1
2026-05-12,2026-05-12 12:10:00,1483.15,1483.15,1483.04,1483.04,-0.01,4.0,5940.87,-1
2026-05-12,2026-05-12 12:11:00,1483.04,1483.04,1482.93,1482.93,-0.01,4.0,5940.87,-1
2026-05-12,2026-05-12 12:12:00,1482.93,1482.93,1482.82,1482.82,-0.01,4.0,5940.87,-1
2026-05-12,2026-05-12 12:13:00,1482.82,1482.82,1482.71,1482.71,-0.01,4.0,5940.87,-1
2026-05-12,2026-05-12 12:14:00,1482.71,1482.71,1482.59,1482.59,-0.01,4.0,5940.87,-1
2026-05-12,2026-05-12 12:15:00,1482.59,1482.59,1482.48,1482.48,-0.01,4.0,5940.87,-1
2026-05-12,2026-05-12 12:16:00,1482.48,1482.48,1482.37,1482.37,-0.01,4.0,5940.87,-1
2026-05-12,2026-05-12 12:17:00,1482.37,1482.37,1482.26,1482.26,-0.01,4.0,5940.87,-1
2026-05-12,2026-05-12 12:18:00,1482.26,1482.26,1482.15,1482.15,-0.01,4.0,5940.87,-1
2026-05-12,2026-05-12 12:19:00,1482.15,1482.15,1482.03,1482.03,-0.01,4.0,5940.87,-1
2026-05-12,2026-05-12 12:20:00,1482.03,1482.03,1481.92,1481.92,-0.01,4.0,5940.87,-1
2026-05-12,2026-05-12 12:21:00,1481.92,1481.92,1481.81,1481.81,-0.01,4.0,5940.87,-1
2026-05-12,2026-05-12 12:22:00,1481.81,1481.81,1481.7,1481.7,-0.01,4.0,5940.87,-1
2026-05-12,2026-05-12 12:23:00,1481.7,1481.7,1481.59,1481.59,-0.01,4.0,5940.87,-1
2026-05-12,2026-05-12 12:24:00,1481.59,1481.59,1481.47,1481.47,-0.01,4.0,5940.87,-1
2026-05-12,2026-05-12 12:25:00,1481.47,1481.47,1481.36,1481.36,-0.01,4.0,5940.87,-1
2026-05-12,2026-05-12 12:26:00,1481.36,1481.36,1481.25,1481.25,-0.01,4.0,5940.87,-1
2026-05-12,2026-05-12 12:27:00,1481.25,1481.25,1481.14,1481.14,-0.01,4.0,5940.87,-1
2026-05-12,2026-05-12 12:28:00,1481.14,1481.14,1481.02,1481.02,-0.01,4.0,5940.87,-1
2026-05-12,2026-05-12 12:29:00,1481.02,1481.02,1480.91,1480.91,-0.01,4.0,5940.87,-1
2026-05-12,2026-05-12 12:30:00,1480.91,1480.91,1480.8,1480.8,-0.01,4.0,5940.87,-1
2026-05-12,2026-05-12 12:31:00,1480.8,1480.8,1480.69,1480.69,-0.01,4.0,5940.87,-1
2026-05-12,2026-05-12 12:32:00,1480.69,1480.69,1480.58,1480.58,-0.01,4.0,5940.87,-1
2026-05-12,2026-05-12 12:33:00,1480.58,1480.58,1480.46,1480.46,-0.01,4.0,5940.87,-1
2026-05-12,2026-05-12 12:34:00,1480.46,1480.46,1480.35,1480.35,-0.01,4.0,5940.87,-1
2026-05-12,2026-05-12 12:35:00,1480.35,1480.35,1480.24,1480.24,-0.01,4.0,5940.87,-1
2026-05-12,2026-05-12 12:36:00,1480.24,1480.24,1480.13,1480.13,-0.01,4.0,5940.87,-1
2026-05-12,2026-05-12 12:37:00,1480.13,1480.13,1480.02,1480.02,-0.01,4.0,5940.87,-1
2026-05-12,2026-05-12 12:38:00,1480.02,1480.02,1479.9,1479.9,-0.01,4.0,5940.87,-1
2026-05-12,2026-05-12 12:39:00,1479.9,1479.9,1479.79,1479.79,-0.01,4.0,5940.87,-1
2026-05-12,2026-05-12 12:40:00,1479.79,1479.79,1479.68,1479.68,-0.01,4.0,5940.87,-1
2026-05-12,2026-05-12 12:41:00,1479.68,1479.68,1479.57,1479.57,-0.01,4.0,5940.87,-1
2026-05-12,2026-05-12 12:42:00,1479.57,1479.57,1479.46,1479.46,-0.01,4.0,5940.87,-1
2026-05-12,2026-05-12 12:43:00,1479.46,1479.46,1479.34,1479.34,-0.01,4.0,5940.87,-1
2026-05-12,2026-05-12 12:44:00,1479.34,1479.34,1479.23,1479.23,-0.01,4.0,5940.87,-1
2026-05-12,2026-05-12 12:45:00,1479.23,1479.23,1479.12,1479.12,-0.01,4.0,5940.87,-1
2026-05-12,2026-05-12 12:46:00,1479.12,1479.12,1479.01,1479.01,-0.01,4.0,5940.87,-1
2026-05-12,2026-05-12 12:47:00,1479.01,1479.01,1478.89,1478.89,-0.01,4.0,5940.87,-1
2026-05-12,2026-05-12 12:48:00,1478.89,1478.89,1478.78,1478.78,-0.01,4.0,5940.87,-1
2026-05-12,2026-05-12 12:49:00,1478.78,1478.78,1478.67,1478.67,-0.01,4.0,5940.87,-1
2026-05-12,2026-05-12 12:50:00,1478.67,1478.67,1478.56,1478.56,-0.01,4.0,5940.87,-1
2026-05-12,2026-05-12 12:51:00,1478.56,1478.56,1478.45,1478.45,-0.01,4.0,5940.87,-1
2026-05-12,2026-05-12 12:52:00,1478.45,1478.45,1478.33,1478.33,-0.01,4.0,5940.87,-1
2026-05-12,2026-05-12 12:53:00,1478.33,1478.33,1478.22,1478.22,-0.01,4.0,5940.87,-1
2026-05-12,2026-05-12 12:54:00,1478.22,1478.22,1478.11,1478.11,-0.01,4.0,5940.87,-1
2026-05-12,2026-05-12 12:55:00,1478.11,1478.11,1478.0,1478.0,-0.01,4.0,5940.87,-1
2026-05-12,2026-05-12 12:56:00,1478.0,1478.0,1477.89,1477.89,-0.01,4.0,5940.87,-1
2026-05-12,2026-05-12 12:57:00,1477.89,1477.89,1477.77,1477.77,-0.01,4.0,5940.87,-1
2026-05-12,2026-05-12 12:58:00,1477.77,1477.77,1477.66,1477.66,-0.01,4.0,5940.87,-1
2026-05-12,2026-05-12 12:59:00,1477.66,1477.66,1477.55,1477.55,-0.01,4.0,5940.87,-1
2026-05-12,2026-05-12 13:00:00,1477.55,1525.9,1460.1,1477.44,-0.01,4.0,5940.87,-1
2026-05-12,2026-05-12 13:01:00,1477.44,1477.44,1477.33,1477.33,-0.01,4.0,5940.87,-1
2026-05-12,2026-05-12 13:02:00,1477.33,1477.33,1477.21,1477.21,-0.01,4.0,5940.87,-1
2026-05-12,2026-05-12 13:03:00,1477.21,1477.21,1477.1,1477.1,-0.01,4.0,5940.87,-1
2026-05-12,2026-05-12 13:04:00,1477.1,1477.1,1476.99,1476.99,-0.01,4.0,5940.87,-1
2026-05-12,2026-05-12 13:05:00,1476.99,1476.99,1476.88,1476.88,-0.01,4.0,5940.87,-1
2026-05-12,2026-05-12 13:06:00,1476.88,1476.88,1476.77,1476.77,-0.01,4.0,5940.87,-1
2026-05-12,2026-05-12 13:07:00,1476.77,1476.77,1476.65,1476.65,-0.01,4.0,5940.87,-1
2026-05-12,2026-05-12 13:08:00,1476.65,1476.65,1476.54,1476.54,-0.01,4.0,5940.87,-1
2026-05-12,2026-05-12 13:09:00,1476.54,1476.54,1476.43,1476.43,-0.01,4.0,5940.87,-1
2026-05-12,2026-05-12 13:10:00,1476.43,1476.43,1476.32,1476.32,-0.01,4.0,5940.87,-1
2026-05-12,2026-05-12 13:11:00,1476.32,1476.32,1476.2,1476.2,-0.01,4.0,5940.87,-1
2026-05-12,2026-05-12 13:12:00,1476.2,1476.2,1476.09,1476.09,-0.01,4.0,5940.87,-1
2026-05-12,2026-05-12 13:13:00,1476.09,1476.09,1475.98,1475.98,-0.01,4.0,5940.87,-1
2026-05-12,2026-05-12 13:14:00,1475.98,1475.98,1475.87,1475.87,-0.01,4.0,5940.87,-1
2026-05-12,2026-05-12 13:15:00,1475.87,1475.87,1475.76,1475.76,-0.01,4.0,5940.87,-1
2026-05-12,2026-05-12 13:16:00,1475.76,1475.76,1475.64,1475.64,-0.01,4.0,5940.87,-1
2026-05-12,2026-05-12 13:17:00,1475.64,1475.64,1475.53,1475.53,-0.01,4.0,5940.87,-1
2026-05-12,2026-05-12 13:18:00,1475.53,1475.53,1475.42,1475.42,-0.01,4.0,5940.87,-1
2026-05-12,2026-05-12 13:19:00,1475.42,1475.42,1475.31,1475.31,-0.01,4.0,5940.87,-1
2026-05-12,2026-05-12 13:20:00,1475.31,1475.31,1475.2,1475.2,-0.01,4.0,5940.87,-1
2026-05-12,2026-05-12 13:21:00,1475.2,1475.2,1475.08,1475.08,-0.01,4.0,5940.87,-1
2026-05-12,2026-05-12 13:22:00,1475.08,1475.08,1474.97,1474.97,-0.01,4.0,5940.87,-1
2026-05-12,2026-05-12 13:23:00,1474.97,1474.97,1474.86,1474.86,-0.01,4.0,5940.87,-1
2026-05-12,2026-05-12 13:24:00,1474.86,1474.86,1474.75,1474.75,-0.01,4.0,5940.87,-1
2026-05-12,2026-05-12 13:25:00,1474.75,1474.75,1474.64,1474.64,-0.01,4.0,5940.87,-1
2026-05-12,2026-05-12 13:26:00,1474.64,1474.64,1474.52,1474.52,-0.01,4.0,5940.87,-1
2026-05-12,2026-05-12 13:27:00,1474.52,1474.52,1474.41,1474.41,-0.01,4.0,5940.87,-1
2026-05-12,2026-05-12 13:28:00,1474.41,1474.41,1474.3,1474.3,-0.01,4.0,5940.87,-1
2026-05-12,2026-05-12 13:29:00,1474.3,1474.3,1474.19,1474.19,-0.01,4.0,5940.87,-1
2026-05-12,2026-05-12 13:30:00,1474.19,1474.19,1474.08,1474.08,-0.01,4.0,5940.87,-1
2026-05-12,2026-05-12 13:31:00,1474.08,1474.08,1473.96,1473.96,-0.01,4.0,5940.87,-1
2026-05-12,2026-05-12 13:32:00,1473.96,1473.96,1473.85,1473.85,-0.01,4.0,5940.87,-1
2026-05-12,2026-05-12 13:33:00,1473.85,1473.85,1473.74,1473.74,-0.01,4.0,5940.87,-1
2026-05-12,2026-05-12 13:34:00,1473.74,1473.74,1473.63,1473.63,-0.01,4.0,5940.87,-1
2026-05-12,2026-05-12 13:35:00,1473.63,1473.63,1473.51,1473.51,-0.01,4.0,5940.87,-1
2026-05-12,2026-05-12 13:36:00,1473.51,1473.51,1473.4,1473.4,-0.01,4.0,5940.87,-1
2026-05-12,2026-05-12 13:37:00,1473.4,1473.4,1473.29,1473.29,-0.01,4.0,5940.87,-1
2026-05-12,2026-05-12 13:38:00,1473.29,1473.29,1473.18,1473.18,-0.01,4.0,5940.87,-1
2026-05-12,2026-05-12 13:39:00,1473.18,1473.18,1473.07,1473.07,-0.01,4.0,5940.87,-1
2026-05-12,2026-05-12 13:40:00,1473.07,1473.07,1472.95,1472.95,-0.01,4.0,5940.87,-1
2026-05-12,2026-05-12 13:41:00,1472.95,1472.95,1472.84,1472.84,-0.01,4.0,5940.87,-1
2026-05-12,2026-05-12 13:42:00,1472.84,1472.84,1472.73,1472.73,-0.01,4.0,5940.87,-1
2026-05-12,2026-05-12 13:43:00,1472.73,1472.73,1472.62,1472.62,-0.01,4.0,5940.87,-1
2026-05-12,2026-05-12 13:44:00,1472.62,1472.62,1472.51,1472.51,-0.01,4.0,5940.87,-1
2026-05-12,2026-05-12 13:45:00,1472.51,1472.51,1472.39,1472.39,-0.01,4.0,5940.87,-1
2026-05-12,2026-05-12 13:46:00,1472.39,1472.39,1472.28,1472.28,-0.01,4.0,5940.87,-1
2026-05-12,2026-05-12 13:47:00,1472.28,1472.28,1472.17,1472.17,-0.01,4.0,5940.87,-1
2026-05-12,2026-05-12 13:48:00,1472.17,1472.17,1472.06,1472.06,-0.01,4.0,5940.87,-1
2026-05-12,2026-05-12 13:49:00,1472.06,1472.06,1471.95,1471.95,-0.01,4.0,5940.87,-1
2026-05-12,2026-05-12 13:50:00,1471.95,1471.95,1471.83,1471.83,-0.01,4.0,5940.87,-1
2026-05-12,2026-05-12 13:51:00,1471.83,1471.83,1471.72,1471.72,-0.01,4.0,5940.87,-1
2026-05-12,2026-05-12 13:52:00,1471.72,1471.72,1471.61,1471.61,-0.01,4.0,5940.87,-1
2026-05-12,2026-05-12 13:53:00,1471.61,1471.61,1471.5,1471.5,-0.01,4.0,5940.87,-1
2026-05-12,2026-05-12 13:54:00,1471.5,1471.5,1471.39,1471.39,-0.01,4.0,5940.87,-1
2026-05-12,2026-05-12 13:55:00,1471.39,1471.39,1471.27,1471.27,-0.01,4.0,5940.87,-1
2026-05-12,2026-05-12 13:56:00,1471.27,1471.27,1471.16,1471.16,-0.01,4.0,5940.87,-1
2026-05-12,2026-05-12 13:57:00,1471.16,1471.16,1471.05,1471.05,-0.01,4.0,5940.87,-1
2026-05-12,2026-05-12 13:58:00,1471.05,1471.05,1470.94,1470.94,-0.01,4.0,5940.87,-1
2026-05-12,2026-05-12 13:59:00,1470.94,1470.94,1470.82,1470.82,-0.01,4.0,5940.87,-1
2026-05-12,2026-05-12 14:00:00,1470.82,1470.82,1470.71,1470.71,-0.01,4.0,5940.87,-1
2026-05-12,2026-05-12 14:01:00,1470.71,1470.71,1470.6,1470.6,-0.01,4.0,5940.87,-1
2026-05-12,2026-05-12 14:02:00,1470.6,1470.6,1470.49,1470.49,-0.01,4.0,5940.87,-1
2026-05-12,2026-05-12 14:03:00,1470.49,1470.49,1470.38,1470.38,-0.01,4.0,5940.87,-1
2026-05-12,2026-05-12 14:04:00,1470.38,1470.38,1470.26,1470.26,-0.01,4.0,5940.87,-1
2026-05-12,2026-05-12 14:05:00,1470.26,1470.26,1470.15,1470.15,-0.01,4.0,5940.87,-1
2026-05-12,2026-05-12 14:06:00,1470.15,1470.15,1470.04,1470.04,-0.01,4.0,5940.87,-1
2026-05-12,2026-05-12 14:07:00,1470.04,1470.04,1469.93,1469.93,-0.01,4.0,5940.87,-1
2026-05-12,2026-05-12 14:08:00,1469.93,1469.93,1469.82,1469.82,-0.01,4.0,5940.87,-1
2026-05-12,2026-05-12 14:09:00,1469.82,1469.82,1469.7,1469.7,-0.01,4.0,5940.87,-1
2026-05-12,2026-05-12 14:10:00,1469.7,1469.7,1469.59,1469.59,-0.01,4.0,5940.87,-1
2026-05-12,2026-05-12 14:11:00,1469.59,1469.59,1469.48,1469.48,-0.01,4.0,5940.87,-1
2026-05-12,2026-05-12 14:12:00,1469.48,1469.48,1469.37,1469.37,-0.01,4.0,5940.87,-1
2026-05-12,2026-05-12 14:13:00,1469.37,1469.37,1469.26,1469.26,-0.01,4.0,5940.87,-1
2026-05-12,2026-05-12 14:14:00,1469.26,1469.26,1469.14,1469.14,-0.01,4.0,5940.87,-1
2026-05-12,2026-05-12 14:15:00,1469.14,1469.14,1469.03,1469.03,-0.01,4.0,5940.87,-1
2026-05-12,2026-05-12 14:16:00,1469.03,1469.03,1468.92,1468.92,-0.01,4.0,5940.87,-1
2026-05-12,2026-05-12 14:17:00,1468.92,1468.92,1468.81,1468.81,-0.01,4.0,5940.87,-1
2026-05-12,2026-05-12 14:18:00,1468.81,1468.81,1468.7,1468.7,-0.01,4.0,5940.87,-1
2026-05-12,2026-05-12 14:19:00,1468.7,1468.7,1468.58,1468.58,-0.01,4.0,5940.87,-1
2026-05-12,2026-05-12 14:20:00,1468.58,1468.58,1468.47,1468.47,-0.01,4.0,5940.87,-1
2026-05-12,2026-05-12 14:21:00,1468.47,1468.47,1468.36,1468.36,-0.01,4.0,5940.87,-1
2026-05-12,2026-05-12 14:22:00,1468.36,1468.36,1468.25,1468.25,-0.01,4.0,5940.87,-1
2026-05-12,2026-05-12 14:23:00,1468.25,1468.25,1468.13,1468.13,-0.01,4.0,5940.87,-1
2026-05-12,2026-05-12 14:24:00,1468.13,1468.13,1468.02,1468.02,-0.01,4.0,5940.87,-1
2026-05-12,2026-05-12 14:25:00,1468.02,1468.02,1467.91,1467.91,-0.01,4.0,5940.87,-1
2026-05-12,2026-05-12 14:26:00,1467.91,1467.91,1467.8,1467.8,-0.01,4.0,5940.87,-1
2026-05-12,2026-05-12 14:27:00,1467.8,1467.8,1467.69,1467.69,-0.01,4.0,5940.87,-1
2026-05-12,2026-05-12 14:28:00,1467.69,1467.69,1467.57,1467.57,-0.01,4.0,5940.87,-1
2026-05-12,2026-05-12 14:29:00,1467.57,1467.57,1467.46,1467.46,-0.01,4.0,5940.87,-1
2026-05-12,2026-05-12 14:30:00,1467.46,1467.46,1467.35,1467.35,-0.01,4.0,5940.87,-1
2026-05-12,2026-05-12 14:31:00,1467.35,1467.35,1467.24,1467.24,-0.01,4.0,5940.87,-1
2026-05-12,2026-05-12 14:32:00,1467.24,1467.24,1467.13,1467.13,-0.01,4.0,5940.87,-1
2026-05-12,2026-05-12 14:33:00,1467.13,1467.13,1467.01,1467.01,-0.01,4.0,5940.87,-1
2026-05-12,2026-05-12 14:34:00,1467.01,1467.01,1466.9,1466.9,-0.01,4.0,5940.87,-1
2026-05-12,2026-05-12 14:35:00,1466.9,1466.9,1466.79,1466.79,-0.01,4.0,5940.87,-1
2026-05-12,2026-05-12 14:36:00,1466.79,1466.79,1466.68,1466.68,-0.01,4.0,5940.87,-1
2026-05-12,2026-05-12 14:37:00,1466.68,1466.68,1466.57,1466.57,-0.01,4.0,5940.87,-1
2026-05-12,2026-05-12 14:38:00,1466.57,1466.57,1466.45,1466.45,-0.01,4.0,5940.87,-1
2026-05-12,2026-05-12 14:39:00,1466.45,1466.45,1466.34,1466.34,-0.01,4.0,5940.87,-1
2026-05-12,2026-05-12 14:40:00,1466.34,1466.34,1466.23,1466.23,-0.01,4.0,5940.87,-1
2026-05-12,2026-05-12 14:41:00,1466.23,1466.23,1466.12,1466.12,-0.01,4.0,5940.87,-1
2026-05-12,2026-05-12 14:42:00,1466.12,1466.12,1466.01,1466.01,-0.01,4.0,5940.87,-1
2026-05-12,2026-05-12 14:43:00,1466.01,1466.01,1465.89,1465.89,-0.01,4.0,5940.87,-1
2026-05-12,2026-05-12 14:44:00,1465.89,1465.89,1465.78,1465.78,-0.01,4.0,5940.87,-1
2026-05-12,2026-05-12 14:45:00,1465.78,1465.78,1465.67,1465.67,-0.01,4.0,5940.87,-1
2026-05-12,2026-05-12 14:46:00,1465.67,1465.67,1465.56,1465.56,-0.01,4.0,5940.87,-1
2026-05-12,2026-05-12 14:47:00,1465.56,1465.56,1465.44,1465.44,-0.01,4.0,5940.87,-1
2026-05-12,2026-05-12 14:48:00,1465.44,1465.44,1465.33,1465.33,-0.01,4.0,5940.87,-1
2026-05-12,2026-05-12 14:49:00,1465.33,1465.33,1465.22,1465.22,-0.01,4.0,5940.87,-1
2026-05-12,2026-05-12 14:50:00,1465.22,1465.22,1465.11,1465.11,-0.01,4.0,5940.87,-1
2026-05-12,2026-05-12 14:51:00,1465.11,1465.11,1465.0,1465.0,-0.01,4.0,5940.87,-1
2026-05-12,2026-05-12 14:52:00,1465.0,1465.0,1464.88,1464.88,-0.01,4.0,5940.87,-1
2026-05-12,2026-05-12 14:53:00,1464.88,1464.88,1464.77,1464.77,-0.01,4.0,5940.87,-1
2026-05-12,2026-05-12 14:54:00,1464.77,1464.77,1464.66,1464.66,-0.01,4.0,5940.87,-1
2026-05-12,2026-05-12 14:55:00,1464.66,1464.66,1464.55,1464.55,-0.01,4.0,5940.87,-1
2026-05-12,2026-05-12 14:56:00,1464.55,1464.55,1464.44,1464.44,-0.01,4.0,5940.87,-1
2026-05-12,2026-05-12 14:57:00,1464.44,1464.44,1464.32,1464.32,-0.01,4.0,5940.87,-1
2026-05-12,2026-05-12 14:58:00,1464.32,1464.32,1464.21,1464.21,-0.01,4.0,5940.87,-1
2026-05-12,2026-05-12 14:59:00,1464.21,1464.21,1464.1,1464.1,-0.01,4.0,5940.87,-1
2026-05-12,2026-05-12 15:00:00,1464.1,1525.9,1460.1,1464.1,0.0,4.0,5940.87,0
2026-05-13,2026-05-13 11:00:00,1443.2,1475.9,1443.2,1443.32,0.01,2.16,3214.94,1
2026-05-13,2026-05-13 11:01:00,1443.32,1443.44,1443.32,1443.44,0.01,2.16,3214.94,1
2026-05-13,2026-05-13 11:02:00,1443.44,1443.56,1443.44,1443.56,0.01,2.16,3214.94,1
2026-05-13,2026-05-13 11:03:00,1443.56,1443.68,1443.56,1443.68,0.01,2.16,3214.94,1
2026-05-13,2026-05-13 11:04:00,1443.68,1443.8,1443.68,1443.8,0.01,2.16,3214.94,1
2026-05-13,2026-05-13 11:05:00,1443.8,1443.92,1443.8,1443.92,0.01,2.16,3214.94,1
2026-05-13,2026-05-13 11:06:00,1443.92,1444.04,1443.92,1444.04,0.01,2.16,3214.94,1
2026-05-13,2026-05-13 11:07:00,1444.04,1444.16,1444.04,1444.16,0.01,2.16,3214.94,1
2026-05-13,2026-05-13 11:08:00,1444.16,1444.28,1444.16,1444.28,0.01,2.16,3214.94,1
2026-05-13,2026-05-13 11:09:00,1444.28,1444.4,1444.28,1444.4,0.01,2.16,3214.94,1
2026-05-13,2026-05-13 11:10:00,1444.4,1444.52,1444.4,1444.52,0.01,2.16,3214.94,1
2026-05-13,2026-05-13 11:11:00,1444.52,1444.64,1444.52,1444.64,0.01,2.16,3214.94,1
2026-05-13,2026-05-13 11:12:00,1444.64,1444.76,1444.64,1444.76,0.01,2.16,3214.94,1
2026-05-13,2026-05-13 11:13:00,1444.76,1444.88,1444.76,1444.88,0.01,2.16,3214.94,1
2026-05-13,2026-05-13 11:14:00,1444.88,1445.0,1444.88,1445.0,0.01,2.16,3214.94,1
2026-05-13,2026-05-13 11:15:00,1445.0,1445.12,1445.0,1445.12,0.01,2.16,3214.94,1
2026-05-13,2026-05-13 11:16:00,1445.12,1445.24,1445.12,1445.24,0.01,2.16,3214.94,1
2026-05-13,2026-05-13 11:17:00,1445.24,1445.36,1445.24,1445.36,0.01,2.16,3214.94,1
2026-05-13,2026-05-13 11:18:00,1445.36,1445.48,1445.36,1445.48,0.01,2.16,3214.94,1
2026-05-13,2026-05-13 11:19:00,1445.48,1445.6,1445.48,1445.6,0.01,2.16,3214.94,1
2026-05-13,2026-05-13 11:20:00,1445.6,1445.72,1445.6,1445.72,0.01,2.16,3214.94,1
2026-05-13,2026-05-13 11:21:00,1445.72,1445.84,1445.72,1445.84,0.01,2.16,3214.94,1
2026-05-13,2026-05-13 11:22:00,1445.84,1445.96,1445.84,1445.96,0.01,2.16,3214.94,1
2026-05-13,2026-05-13 11:23:00,1445.96,1446.08,1445.96,1446.08,0.01,2.16,3214.94,1
2026-05-13,2026-05-13 11:24:00,1446.08,1446.2,1446.08,1446.2,0.01,2.16,3214.94,1
2026-05-13,2026-05-13 11:25:00,1446.2,1446.32,1446.2,1446.32,0.01,2.16,3214.94,1
2026-05-13,2026-05-13 11:26:00,1446.32,1446.44,1446.32,1446.44,0.01,2.16,3214.94,1
2026-05-13,2026-05-13 11:27:00,1446.44,1446.56,1446.44,1446.56,0.01,2.16,3214.94,1
2026-05-13,2026-05-13 11:28:00,1446.56,1446.68,1446.56,1446.68,0.01,2.16,3214.94,1
2026-05-13,2026-05-13 11:29:00,1446.68,1446.8,1446.68,1446.8,0.01,2.16,3214.94,1
2026-05-13,2026-05-13 11:30:00,1446.8,1446.92,1446.8,1446.92,0.01,2.16,3214.94,1
2026-05-13,2026-05-13 11:31:00,1446.92,1447.04,1446.92,1447.04,0.01,2.16,3214.94,1
2026-05-13,2026-05-13 11:32:00,1447.04,1447.16,1447.04,1447.16,0.01,2.16,3214.94,1
2026-05-13,2026-05-13 11:33:00,1447.16,1447.28,1447.16,1447.28,0.01,2.16,3214.94,1
2026-05-13,2026-05-13 11:34:00,1447.28,1447.4,1447.28,1447.4,0.01,2.16,3214.94,1
2026-05-13,2026-05-13 11:35:00,1447.4,1447.52,1447.4,1447.52,0.01,2.16,3214.94,1
2026-05-13,2026-05-13 11:36:00,1447.52,1447.64,1447.52,1447.64,0.01,2.16,3214.94,1
2026-05-13,2026-05-13 11:37:00,1447.64,1447.76,1447.64,1447.76,0.01,2.16,3214.94,1
2026-05-13,2026-05-13 11:38:00,1447.76,1447.88,1447.76,1447.88,0.01,2.16,3214.94,1
2026-05-13,2026-05-13 11:39:00,1447.88,1448.0,1447.88,1448.0,0.01,2.16,3214.94,1
2026-05-13,2026-05-13 11:40:00,1448.0,1448.12,1448.0,1448.12,0.01,2.16,3214.94,1
2026-05-13,2026-05-13 11:41:00,1448.12,1448.24,1448.12,1448.24,0.01,2.16,3214.94,1
2026-05-13,2026-05-13 11:42:00,1448.24,1448.36,1448.24,1448.36,0.01,2.16,3214.94,1
2026-05-13,2026-05-13 11:43:00,1448.36,1448.48,1448.36,1448.48,0.01,2.16,3214.94,1
2026-05-13,2026-05-13 11:44:00,1448.48,1448.6,1448.48,1448.6,0.01,2.16,3214.94,1
2026-05-13,2026-05-13 11:45:00,1448.6,1448.72,1448.6,1448.72,0.01,2.16,3214.94,1
2026-05-13,2026-05-13 11:46:00,1448.72,1448.84,1448.72,1448.84,0.01,2.16,3214.94,1
2026-05-13,2026-05-13 11:47:00,1448.84,1448.96,1448.84,1448.96,0.01,2.16,3214.94,1
2026-05-13,2026-05-13 11:48:00,1448.96,1449.08,1448.96,1449.08,0.01,2.16,3214.94,1
2026-05-13,2026-05-13 11:49:00,1449.08,1449.2,1449.08,1449.2,0.01,2.16,3214.94,1
2026-05-13,2026-05-13 11:50:00,1449.2,1449.32,1449.2,1449.32,0.01,2.16,3214.94,1
2026-05-13,2026-05-13 11:51:00,1449.32,1449.44,1449.32,1449.44,0.01,2.16,3214.94,1
2026-05-13,2026-05-13 11:52:00,1449.44,1449.56,1449.44,1449.56,0.01,2.16,3214.94,1
2026-05-13,2026-05-13 11:53:00,1449.56,1449.68,1449.56,1449.68,0.01,2.16,3214.94,1
2026-05-13,2026-05-13 11:54:00,1449.68,1449.8,1449.68,1449.8,0.01,2.16,3214.94,1
2026-05-13,2026-05-13 11:55:00,1449.8,1449.92,1449.8,1449.92,0.01,2.16,3214.94,1
2026-05-13,2026-05-13 11:56:00,1449.92,1450.04,1449.92,1450.04,0.01,2.16,3214.94,1
2026-05-13,2026-05-13 11:57:00,1450.04,1450.16,1450.04,1450.16,0.01,2.16,3214.94,1
2026-05-13,2026-05-13 11:58:00,1450.16,1450.28,1450.16,1450.28,0.01,2.16,3214.94,1
2026-05-13,2026-05-13 11:59:00,1450.28,1450.4,1450.28,1450.4,0.01,2.16,3214.94,1
2026-05-13,2026-05-13 12:00:00,1450.4,1450.52,1450.4,1450.52,0.01,2.16,3214.94,1
2026-05-13,2026-05-13 12:01:00,1450.52,1450.64,1450.52,1450.64,0.01,2.16,3214.94,1
2026-05-13,2026-05-13 12:02:00,1450.64,1450.76,1450.64,1450.76,0.01,2.16,3214.94,1
2026-05-13,2026-05-13 12:03:00,1450.76,1450.88,1450.76,1450.88,0.01,2.16,3214.94,1
2026-05-13,2026-05-13 12:04:00,1450.88,1451.0,1450.88,1451.0,0.01,2.16,3214.94,1
2026-05-13,2026-05-13 12:05:00,1451.0,1451.12,1451.0,1451.12,0.01,2.16,3214.94,1
2026-05-13,2026-05-13 12:06:00,1451.12,1451.24,1451.12,1451.24,0.01,2.16,3214.94,1
2026-05-13,2026-05-13 12:07:00,1451.24,1451.36,1451.24,1451.36,0.01,2.16,3214.94,1
2026-05-13,2026-05-13 12:08:00,1451.36,1451.48,1451.36,1451.48,0.01,2.16,3214.94,1
2026-05-13,2026-05-13 12:09:00,1451.48,1451.6,1451.48,1451.6,0.01,2.16,3214.94,1
2026-05-13,2026-05-13 12:10:00,1451.6,1451.72,1451.6,1451.72,0.01,2.16,3214.94,1
2026-05-13,2026-05-13 12:11:00,1451.72,1451.84,1451.72,1451.84,0.01,2.16,3214.94,1
2026-05-13,2026-05-13 12:12:00,1451.84,1451.96,1451.84,1451.96,0.01,2.16,3214.94,1
2026-05-13,2026-05-13 12:13:00,1451.96,1452.08,1451.96,1452.08,0.01,2.16,3214.94,1
2026-05-13,2026-05-13 12:14:00,1452.08,1452.2,1452.08,1452.2,0.01,2.16,3214.94,1
2026-05-13,2026-05-13 12:15:00,1452.2,1452.32,1452.2,1452.32,0.01,2.16,3214.94,1
2026-05-13,2026-05-13 12:16:00,1452.32,1452.44,1452.32,1452.44,0.01,2.16,3214.94,1
2026-05-13,2026-05-13 12:17:00,1452.44,1452.56,1452.44,1452.56,0.01,2.16,3214.94,1
2026-05-13,2026-05-13 12:18:00,1452.56,1452.68,1452.56,1452.68,0.01,2.16,3214.94,1
2026-05-13,2026-05-13 12:19:00,1452.68,1452.8,1452.68,1452.8,0.01,2.16,3214.94,1
2026-05-13,2026-05-13 12:20:00,1452.8,1452.92,1452.8,1452.92,0.01,2.16,3214.94,1
2026-05-13,2026-05-13 12:21:00,1452.92,1453.04,1452.92,1453.04,0.01,2.16,3214.94,1
2026-05-13,2026-05-13 12:22:00,1453.04,1453.16,1453.04,1453.16,0.01,2.16,3214.94,1
2026-05-13,2026-05-13 12:23:00,1453.16,1453.28,1453.16,1453.28,0.01,2.16,3214.94,1
2026-05-13,2026-05-13 12:24:00,1453.28,1453.4,1453.28,1453.4,0.01,2.16,3214.94,1
2026-05-13,2026-05-13 12:25:00,1453.4,1453.52,1453.4,1453.52,0.01,2.16,3214.94,1
2026-05-13,2026-05-13 12:26:00,1453.52,1453.64,1453.52,1453.64,0.01,2.16,3214.94,1
2026-05-13,2026-05-13 12:27:00,1453.64,1453.76,1453.64,1453.76,0.01,2.16,3214.94,1
2026-05-13,2026-05-13 12:28:00,1453.76,1453.88,1453.76,1453.88,0.01,2.16,3214.94,1
2026-05-13,2026-05-13 12:29:00,1453.88,1454.0,1453.88,1454.0,0.01,2.16,3214.94,1
2026-05-13,2026-05-13 12:30:00,1454.0,1454.12,1454.0,1454.12,0.01,2.16,3214.94,1
2026-05-13,2026-05-13 12:31:00,1454.12,1454.24,1454.12,1454.24,0.01,2.16,3214.94,1
2026-05-13,2026-05-13 12:32:00,1454.24,1454.36,1454.24,1454.36,0.01,2.16,3214.94,1
2026-05-13,2026-05-13 12:33:00,1454.36,1454.48,1454.36,1454.48,0.01,2.16,3214.94,1
2026-05-13,2026-05-13 12:34:00,1454.48,1454.6,1454.48,1454.6,0.01,2.16,3214.94,1
2026-05-13,2026-05-13 12:35:00,1454.6,1454.72,1454.6,1454.72,0.01,2.16,3214.94,1
2026-05-13,2026-05-13 12:36:00,1454.72,1454.84,1454.72,1454.84,0.01,2.16,3214.94,1
2026-05-13,2026-05-13 12:37:00,1454.84,1454.96,1454.84,1454.96,0.01,2.16,3214.94,1
2026-05-13,2026-05-13 12:38:00,1454.96,1455.08,1454.96,1455.08,0.01,2.16,3214.94,1
2026-05-13,2026-05-13 12:39:00,1455.08,1455.2,1455.08,1455.2,0.01,2.16,3214.94,1
2026-05-13,2026-05-13 12:40:00,1455.2,1455.32,1455.2,1455.32,0.01,2.16,3214.94,1
2026-05-13,2026-05-13 12:41:00,1455.32,1455.44,1455.32,1455.44,0.01,2.16,3214.94,1
2026-05-13,2026-05-13 12:42:00,1455.44,1455.56,1455.44,1455.56,0.01,2.16,3214.94,1
2026-05-13,2026-05-13 12:43:00,1455.56,1455.68,1455.56,1455.68,0.01,2.16,3214.94,1
2026-05-13,2026-05-13 12:44:00,1455.68,1455.8,1455.68,1455.8,0.01,2.16,3214.94,1
2026-05-13,2026-05-13 12:45:00,1455.8,1455.92,1455.8,1455.92,0.01,2.16,3214.94,1
2026-05-13,2026-05-13 12:46:00,1455.92,1456.04,1455.92,1456.04,0.01,2.16,3214.94,1
2026-05-13,2026-05-13 12:47:00,1456.04,1456.16,1456.04,1456.16,0.01,2.16,3214.94,1
2026-05-13,2026-05-13 12:48:00,1456.16,1456.28,1456.16,1456.28,0.01,2.16,3214.94,1
2026-05-13,2026-05-13 12:49:00,1456.28,1456.4,1456.28,1456.4,0.01,2.16,3214.94,1
2026-05-13,2026-05-13 12:50:00,1456.4,1456.52,1456.4,1456.52,0.01,2.16,3214.94,1
2026-05-13,2026-05-13 12:51:00,1456.52,1456.64,1456.52,1456.64,0.01,2.16,3214.94,1
2026-05-13,2026-05-13 12:52:00,1456.64,1456.76,1456.64,1456.76,0.01,2.16,3214.94,1
2026-05-13,2026-05-13 12:53:00,1456.76,1456.88,1456.76,1456.88,0.01,2.16,3214.94,1
2026-05-13,2026-05-13 12:54:00,1456.88,1457.0,1456.88,1457.0,0.01,2.16,3214.94,1
2026-05-13,2026-05-13 12:55:00,1457.0,1457.12,1457.0,1457.12,0.01,2.16,3214.94,1
2026-05-13,2026-05-13 12:56:00,1457.12,1457.24,1457.12,1457.24,0.01,2.16,3214.94,1
2026-05-13,2026-05-13 12:57:00,1457.24,1457.36,1457.24,1457.36,0.01,2.16,3214.94,1
2026-05-13,2026-05-13 12:58:00,1457.36,1457.48,1457.36,1457.48,0.01,2.16,3214.94,1
2026-05-13,2026-05-13 12:59:00,1457.48,1457.6,1457.48,1457.6,0.01,2.16,3214.94,1
2026-05-13,2026-05-13 13:00:00,1457.6,1552.2,1443.2,1457.72,0.01,2.16,3214.94,1
2026-05-13,2026-05-13 13:01:00,1457.72,1457.84,1457.72,1457.84,0.01,2.16,3214.94,1
2026-05-13,2026-05-13 13:02:00,1457.84,1457.96,1457.84,1457.96,0.01,2.16,3214.94,1
2026-05-13,2026-05-13 13:03:00,1457.96,1458.08,1457.96,1458.08,0.01,2.16,3214.94,1
2026-05-13,2026-05-13 13:04:00,1458.08,1458.2,1458.08,1458.2,0.01,2.16,3214.94,1
2026-05-13,2026-05-13 13:05:00,1458.2,1458.32,1458.2,1458.32,0.01,2.16,3214.94,1
2026-05-13,2026-05-13 13:06:00,1458.32,1458.44,1458.32,1458.44,0.01,2.16,3214.94,1
2026-05-13,2026-05-13 13:07:00,1458.44,1458.56,1458.44,1458.56,0.01,2.16,3214.94,1
2026-05-13,2026-05-13 13:08:00,1458.56,1458.68,1458.56,1458.68,0.01,2.16,3214.94,1
2026-05-13,2026-05-13 13:09:00,1458.68,1458.8,1458.68,1458.8,0.01,2.16,3214.94,1
2026-05-13,2026-05-13 13:10:00,1458.8,1458.92,1458.8,1458.92,0.01,2.16,3214.94,1
2026-05-13,2026-05-13 13:11:00,1458.92,1459.04,1458.92,1459.04,0.01,2.16,3214.94,1
2026-05-13,2026-05-13 13:12:00,1459.04,1459.16,1459.04,1459.16,0.01,2.16,3214.94,1
2026-05-13,2026-05-13 13:13:00,1459.16,1459.28,1459.16,1459.28,0.01,2.16,3214.94,1
2026-05-13,2026-05-13 13:14:00,1459.28,1459.4,1459.28,1459.4,0.01,2.16,3214.94,1
2026-05-13,2026-05-13 13:15:00,1459.4,1459.52,1459.4,1459.52,0.01,2.16,3214.94,1
2026-05-13,2026-05-13 13:16:00,1459.52,1459.64,1459.52,1459.64,0.01,2.16,3214.94,1
2026-05-13,2026-05-13 13:17:00,1459.64,1459.76,1459.64,1459.76,0.01,2.16,3214.94,1
2026-05-13,2026-05-13 13:18:00,1459.76,1459.88,1459.76,1459.88,0.01,2.16,3214.94,1
2026-05-13,2026-05-13 13:19:00,1459.88,1460.0,1459.88,1460.0,0.01,2.16,3214.94,1
2026-05-13,2026-05-13 13:20:00,1460.0,1460.12,1460.0,1460.12,0.01,2.16,3214.94,1
2026-05-13,2026-05-13 13:21:00,1460.12,1460.24,1460.12,1460.24,0.01,2.16,3214.94,1
2026-05-13,2026-05-13 13:22:00,1460.24,1460.36,1460.24,1460.36,0.01,2.16,3214.94,1
2026-05-13,2026-05-13 13:23:00,1460.36,1460.48,1460.36,1460.48,0.01,2.16,3214.94,1
2026-05-13,2026-05-13 13:24:00,1460.48,1460.6,1460.48,1460.6,0.01,2.16,3214.94,1
2026-05-13,2026-05-13 13:25:00,1460.6,1460.72,1460.6,1460.72,0.01,2.16,3214.94,1
2026-05-13,2026-05-13 13:26:00,1460.72,1460.84,1460.72,1460.84,0.01,2.16,3214.94,1
2026-05-13,2026-05-13 13:27:00,1460.84,1460.96,1460.84,1460.96,0.01,2.16,3214.94,1
2026-05-13,2026-05-13 13:28:00,1460.96,1461.08,1460.96,1461.08,0.01,2.16,3214.94,1
2026-05-13,2026-05-13 13:29:00,1461.08,1461.2,1461.08,1461.2,0.01,2.16,3214.94,1
2026-05-13,2026-05-13 13:30:00,1461.2,1461.32,1461.2,1461.32,0.01,2.16,3214.94,1
2026-05-13,2026-05-13 13:31:00,1461.32,1461.44,1461.32,1461.44,0.01,2.16,3214.94,1
2026-05-13,2026-05-13 13:32:00,1461.44,1461.56,1461.44,1461.56,0.01,2.16,3214.94,1
2026-05-13,2026-05-13 13:33:00,1461.56,1461.68,1461.56,1461.68,0.01,2.16,3214.94,1
2026-05-13,2026-05-13 13:34:00,1461.68,1461.8,1461.68,1461.8,0.01,2.16,3214.94,1
2026-05-13,2026-05-13 13:35:00,1461.8,1461.92,1461.8,1461.92,0.01,2.16,3214.94,1
2026-05-13,2026-05-13 13:36:00,1461.92,1462.04,1461.92,1462.04,0.01,2.16,3214.94,1
2026-05-13,2026-05-13 13:37:00,1462.04,1462.16,1462.04,1462.16,0.01,2.16,3214.94,1
2026-05-13,2026-05-13 13:38:00,1462.16,1462.28,1462.16,1462.28,0.01,2.16,3214.94,1
2026-05-13,2026-05-13 13:39:00,1462.28,1462.4,1462.28,1462.4,0.01,2.16,3214.94,1
2026-05-13,2026-05-13 13:40:00,1462.4,1462.52,1462.4,1462.52,0.01,2.16,3214.94,1
2026-05-13,2026-05-13 13:41:00,1462.52,1462.64,1462.52,1462.64,0.01,2.16,3214.94,1
2026-05-13,2026-05-13 13:42:00,1462.64,1462.76,1462.64,1462.76,0.01,2.16,3214.94,1
2026-05-13,2026-05-13 13:43:00,1462.76,1462.88,1462.76,1462.88,0.01,2.16,3214.94,1
2026-05-13,2026-05-13 13:44:00,1462.88,1463.0,1462.88,1463.0,0.01,2.16,3214.94,1
2026-05-13,2026-05-13 13:45:00,1463.0,1463.12,1463.0,1463.12,0.01,2.16,3214.94,1
2026-05-13,2026-05-13 13:46:00,1463.12,1463.24,1463.12,1463.24,0.01,2.16,3214.94,1
2026-05-13,2026-05-13 13:47:00,1463.24,1463.36,1463.24,1463.36,0.01,2.16,3214.94,1
2026-05-13,2026-05-13 13:48:00,1463.36,1463.48,1463.36,1463.48,0.01,2.16,3214.94,1
2026-05-13,2026-05-13 13:49:00,1463.48,1463.6,1463.48,1463.6,0.01,2.16,3214.94,1
2026-05-13,2026-05-13 13:50:00,1463.6,1463.72,1463.6,1463.72,0.01,2.16,3214.94,1
2026-05-13,2026-05-13 13:51:00,1463.72,1463.84,1463.72,1463.84,0.01,2.16,3214.94,1
2026-05-13,2026-05-13 13:52:00,1463.84,1463.96,1463.84,1463.96,0.01,2.16,3214.94,1
2026-05-13,2026-05-13 13:53:00,1463.96,1464.08,1463.96,1464.08,0.01,2.16,3214.94,1
2026-05-13,2026-05-13 13:54:00,1464.08,1464.2,1464.08,1464.2,0.01,2.16,3214.94,1
2026-05-13,2026-05-13 13:55:00,1464.2,1464.32,1464.2,1464.32,0.01,2.16,3214.94,1
2026-05-13,2026-05-13 13:56:00,1464.32,1464.44,1464.32,1464.44,0.01,2.16,3214.94,1
2026-05-13,2026-05-13 13:57:00,1464.44,1464.56,1464.44,1464.56,0.01,2.16,3214.94,1
2026-05-13,2026-05-13 13:58:00,1464.56,1464.68,1464.56,1464.68,0.01,2.16,3214.94,1
2026-05-13,2026-05-13 13:59:00,1464.68,1464.8,1464.68,1464.8,0.01,2.16,3214.94,1
2026-05-13,2026-05-13 14:00:00,1464.8,1464.92,1464.8,1464.92,0.01,2.16,3214.94,1
2026-05-13,2026-05-13 14:01:00,1464.92,1465.04,1464.92,1465.04,0.01,2.16,3214.94,1
2026-05-13,2026-05-13 14:02:00,1465.04,1465.16,1465.04,1465.16,0.01,2.16,3214.94,1
2026-05-13,2026-05-13 14:03:00,1465.16,1465.28,1465.16,1465.28,0.01,2.16,3214.94,1
2026-05-13,2026-05-13 14:04:00,1465.28,1465.4,1465.28,1465.4,0.01,2.16,3214.94,1
2026-05-13,2026-05-13 14:05:00,1465.4,1465.52,1465.4,1465.52,0.01,2.16,3214.94,1
2026-05-13,2026-05-13 14:06:00,1465.52,1465.64,1465.52,1465.64,0.01,2.16,3214.94,1
2026-05-13,2026-05-13 14:07:00,1465.64,1465.76,1465.64,1465.76,0.01,2.16,3214.94,1
2026-05-13,2026-05-13 14:08:00,1465.76,1465.88,1465.76,1465.88,0.01,2.16,3214.94,1
2026-05-13,2026-05-13 14:09:00,1465.88,1466.0,1465.88,1466.0,0.01,2.16,3214.94,1
2026-05-13,2026-05-13 14:10:00,1466.0,1466.12,1466.0,1466.12,0.01,2.16,3214.94,1
2026-05-13,2026-05-13 14:11:00,1466.12,1466.24,1466.12,1466.24,0.01,2.16,3214.94,1
2026-05-13,2026-05-13 14:12:00,1466.24,1466.36,1466.24,1466.36,0.01,2.16,3214.94,1
2026-05-13,2026-05-13 14:13:00,1466.36,1466.48,1466.36,1466.48,0.01,2.16,3214.94,1
2026-05-13,2026-05-13 14:14:00,1466.48,1466.6,1466.48,1466.6,0.01,2.16,3214.94,1
2026-05-13,2026-05-13 14:15:00,1466.6,1466.72,1466.6,1466.72,0.01,2.16,3214.94,1
2026-05-13,2026-05-13 14:16:00,1466.72,1466.84,1466.72,1466.84,0.01,2.16,3214.94,1
2026-05-13,2026-05-13 14:17:00,1466.84,1466.96,1466.84,1466.96,0.01,2.16,3214.94,1
2026-05-13,2026-05-13 14:18:00,1466.96,1467.08,1466.96,1467.08,0.01,2.16,3214.94,1
2026-05-13,2026-05-13 14:19:00,1467.08,1467.2,1467.08,1467.2,0.01,2.16,3214.94,1
2026-05-13,2026-05-13 14:20:00,1467.2,1467.32,1467.2,1467.32,0.01,2.16,3214.94,1
2026-05-13,2026-05-13 14:21:00,1467.32,1467.44,1467.32,1467.44,0.01,2.16,3214.94,1
2026-05-13,2026-05-13 14:22:00,1467.44,1467.56,1467.44,1467.56,0.01,2.16,3214.94,1
2026-05-13,2026-05-13 14:23:00,1467.56,1467.68,1467.56,1467.68,0.01,2.16,3214.94,1
2026-05-13,2026-05-13 14:24:00,1467.68,1467.8,1467.68,1467.8,0.01,2.16,3214.94,1
2026-05-13,2026-05-13 14:25:00,1467.8,1467.92,1467.8,1467.92,0.01,2.16,3214.94,1
2026-05-13,2026-05-13 14:26:00,1467.92,1468.04,1467.92,1468.04,0.01,2.16,3214.94,1
2026-05-13,2026-05-13 14:27:00,1468.04,1468.16,1468.04,1468.16,0.01,2.16,3214.94,1
2026-05-13,2026-05-13 14:28:00,1468.16,1468.28,1468.16,1468.28,0.01,2.16,3214.94,1
2026-05-13,2026-05-13 14:29:00,1468.28,1468.4,1468.28,1468.4,0.01,2.16,3214.94,1
2026-05-13,2026-05-13 14:30:00,1468.4,1468.52,1468.4,1468.52,0.01,2.16,3214.94,1
2026-05-13,2026-05-13 14:31:00,1468.52,1468.64,1468.52,1468.64,0.01,2.16,3214.94,1
2026-05-13,2026-05-13 14:32:00,1468.64,1468.76,1468.64,1468.76,0.01,2.16,3214.94,1
2026-05-13,2026-05-13 14:33:00,1468.76,1468.88,1468.76,1468.88,0.01,2.16,3214.94,1
2026-05-13,2026-05-13 14:34:00,1468.88,1469.0,1468.88,1469.0,0.01,2.16,3214.94,1
2026-05-13,2026-05-13 14:35:00,1469.0,1469.12,1469.0,1469.12,0.01,2.16,3214.94,1
2026-05-13,2026-05-13 14:36:00,1469.12,1469.24,1469.12,1469.24,0.01,2.16,3214.94,1
2026-05-13,2026-05-13 14:37:00,1469.24,1469.36,1469.24,1469.36,0.01,2.16,3214.94,1
2026-05-13,2026-05-13 14:38:00,1469.36,1469.48,1469.36,1469.48,0.01,2.16,3214.94,1
2026-05-13,2026-05-13 14:39:00,1469.48,1469.6,1469.48,1469.6,0.01,2.16,3214.94,1
2026-05-13,2026-05-13 14:40:00,1469.6,1469.72,1469.6,1469.72,0.01,2.16,3214.94,1
2026-05-13,2026-05-13 14:41:00,1469.72,1469.84,1469.72,1469.84,0.01,2.16,3214.94,1
2026-05-13,2026-05-13 14:42:00,1469.84,1469.96,1469.84,1469.96,0.01,2.16,3214.94,1
2026-05-13,2026-05-13 14:43:00,1469.96,1470.08,1469.96,1470.08,0.01,2.16,3214.94,1
2026-05-13,2026-05-13 14:44:00,1470.08,1470.2,1470.08,1470.2,0.01,2.16,3214.94,1
2026-05-13,2026-05-13 14:45:00,1470.2,1470.32,1470.2,1470.32,0.01,2.16,3214.94,1
2026-05-13,2026-05-13 14:46:00,1470.32,1470.44,1470.32,1470.44,0.01,2.16,3214.94,1
2026-05-13,2026-05-13 14:47:00,1470.44,1470.56,1470.44,1470.56,0.01,2.16,3214.94,1
2026-05-13,2026-05-13 14:48:00,1470.56,1470.68,1470.56,1470.68,0.01,2.16,3214.94,1
2026-05-13,2026-05-13 14:49:00,1470.68,1470.8,1470.68,1470.8,0.01,2.16,3214.94,1
2026-05-13,2026-05-13 14:50:00,1470.8,1470.92,1470.8,1470.92,0.01,2.16,3214.94,1
2026-05-13,2026-05-13 14:51:00,1470.92,1471.04,1470.92,1471.04,0.01,2.16,3214.94,1
2026-05-13,2026-05-13 14:52:00,1471.04,1471.16,1471.04,1471.16,0.01,2.16,3214.94,1
2026-05-13,2026-05-13 14:53:00,1471.16,1471.28,1471.16,1471.28,0.01,2.16,3214.94,1
2026-05-13,2026-05-13 14:54:00,1471.28,1471.4,1471.28,1471.4,0.01,2.16,3214.94,1
2026-05-13,2026-05-13 14:55:00,1471.4,1471.52,1471.4,1471.52,0.01,2.16,3214.94,1
2026-05-13,2026-05-13 14:56:00,1471.52,1471.64,1471.52,1471.64,0.01,2.16,3214.94,1
2026-05-13,2026-05-13 14:57:00,1471.64,1471.76,1471.64,1471.76,0.01,2.16,3214.94,1
2026-05-13,2026-05-13 14:58:00,1471.76,1471.88,1471.76,1471.88,0.01,2.16,3214.94,1
2026-05-13,2026-05-13 14:59:00,1471.88,1472.0,1471.88,1472.0,0.01,2.16,3214.94,1
2026-05-13,2026-05-13 15:00:00,1472.0,1552.2,1443.2,1472.0,0.0,2.16,3214.94,0
2026-05-14,2026-05-14 11:00:00,1470.0,1475.4,1470.0,1470.01,0.0,0.73,1075.56,1
2026-05-14,2026-05-14 11:01:00,1470.01,1470.02,1470.01,1470.02,0.0,0.73,1075.56,1
2026-05-14,2026-05-14 11:02:00,1470.02,1470.03,1470.02,1470.03,0.0,0.73,1075.56,1
2026-05-14,2026-05-14 11:03:00,1470.03,1470.03,1470.03,1470.03,0.0,0.73,1075.56,0
2026-05-14,2026-05-14 11:04:00,1470.03,1470.04,1470.03,1470.04,0.0,0.73,1075.56,1
2026-05-14,2026-05-14 11:05:00,1470.04,1470.05,1470.04,1470.05,0.0,0.73,1075.56,1
2026-05-14,2026-05-14 11:06:00,1470.05,1470.06,1470.05,1470.06,0.0,0.73,1075.56,1
2026-05-14,2026-05-14 11:07:00,1470.06,1470.07,1470.06,1470.07,0.0,0.73,1075.56,1
2026-05-14,2026-05-14 11:08:00,1470.07,1470.08,1470.07,1470.08,0.0,0.73,1075.56,1
2026-05-14,2026-05-14 11:09:00,1470.08,1470.08,1470.08,1470.08,0.0,0.73,1075.56,0
2026-05-14,2026-05-14 11:10:00,1470.08,1470.09,1470.08,1470.09,0.0,0.73,1075.56,1
2026-05-14,2026-05-14 11:11:00,1470.09,1470.1,1470.09,1470.1,0.0,0.73,1075.56,1
2026-05-14,2026-05-14 11:12:00,1470.1,1470.11,1470.1,1470.11,0.0,0.73,1075.56,1
2026-05-14,2026-05-14 11:13:00,1470.11,1470.12,1470.11,1470.12,0.0,0.73,1075.56,1
2026-05-14,2026-05-14 11:14:00,1470.12,1470.12,1470.12,1470.12,0.0,0.73,1075.56,0
2026-05-14,2026-05-14 11:15:00,1470.12,1470.13,1470.12,1470.13,0.0,0.73,1075.56,1
2026-05-14,2026-05-14 11:16:00,1470.13,1470.14,1470.13,1470.14,0.0,0.73,1075.56,1
2026-05-14,2026-05-14 11:17:00,1470.14,1470.15,1470.14,1470.15,0.0,0.73,1075.56,1
2026-05-14,2026-05-14 11:18:00,1470.15,1470.16,1470.15,1470.16,0.0,0.73,1075.56,1
2026-05-14,2026-05-14 11:19:00,1470.16,1470.17,1470.16,1470.17,0.0,0.73,1075.56,1
2026-05-14,2026-05-14 11:20:00,1470.17,1470.17,1470.17,1470.17,0.0,0.73,1075.56,0
2026-05-14,2026-05-14 11:21:00,1470.17,1470.18,1470.17,1470.18,0.0,0.73,1075.56,1
2026-05-14,2026-05-14 11:22:00,1470.18,1470.19,1470.18,1470.19,0.0,0.73,1075.56,1
2026-05-14,2026-05-14 11:23:00,1470.19,1470.2,1470.19,1470.2,0.0,0.73,1075.56,1
2026-05-14,2026-05-14 11:24:00,1470.2,1470.21,1470.2,1470.21,0.0,0.73,1075.56,1
2026-05-14,2026-05-14 11:25:00,1470.21,1470.22,1470.21,1470.22,0.0,0.73,1075.56,1
2026-05-14,2026-05-14 11:26:00,1470.22,1470.22,1470.22,1470.22,0.0,0.73,1075.56,0
2026-05-14,2026-05-14 11:27:00,1470.22,1470.23,1470.22,1470.23,0.0,0.73,1075.56,1
2026-05-14,2026-05-14 11:28:00,1470.23,1470.24,1470.23,1470.24,0.0,0.73,1075.56,1
2026-05-14,2026-05-14 11:29:00,1470.24,1470.25,1470.24,1470.25,0.0,0.73,1075.56,1
2026-05-14,2026-05-14 11:30:00,1470.25,1470.26,1470.25,1470.26,0.0,0.73,1075.56,1
2026-05-14,2026-05-14 11:31:00,1470.26,1470.27,1470.26,1470.27,0.0,0.73,1075.56,1
2026-05-14,2026-05-14 11:32:00,1470.27,1470.28,1470.27,1470.28,0.0,0.73,1075.56,1
2026-05-14,2026-05-14 11:33:00,1470.28,1470.28,1470.28,1470.28,0.0,0.73,1075.56,0
2026-05-14,2026-05-14 11:34:00,1470.28,1470.29,1470.28,1470.29,0.0,0.73,1075.56,1
2026-05-14,2026-05-14 11:35:00,1470.29,1470.3,1470.29,1470.3,0.0,0.73,1075.56,1
2026-05-14,2026-05-14 11:36:00,1470.3,1470.31,1470.3,1470.31,0.0,0.73,1075.56,1
2026-05-14,2026-05-14 11:37:00,1470.31,1470.32,1470.31,1470.32,0.0,0.73,1075.56,1
2026-05-14,2026-05-14 11:38:00,1470.32,1470.33,1470.32,1470.33,0.0,0.73,1075.56,1
2026-05-14,2026-05-14 11:39:00,1470.33,1470.33,1470.33,1470.33,0.0,0.73,1075.56,0
2026-05-14,2026-05-14 11:40:00,1470.33,1470.34,1470.33,1470.34,0.0,0.73,1075.56,1
2026-05-14,2026-05-14 11:41:00,1470.34,1470.35,1470.34,1470.35,0.0,0.73,1075.56,1
2026-05-14,2026-05-14 11:42:00,1470.35,1470.36,1470.35,1470.36,0.0,0.73,1075.56,1
2026-05-14,2026-05-14 11:43:00,1470.36,1470.37,1470.36,1470.37,0.0,0.73,1075.56,1
2026-05-14,2026-05-14 11:44:00,1470.37,1470.38,1470.37,1470.38,0.0,0.73,1075.56,1
2026-05-14,2026-05-14 11:45:00,1470.38,1470.38,1470.38,1470.38,0.0,0.73,1075.56,0
2026-05-14,2026-05-14 11:46:00,1470.38,1470.39,1470.38,1470.39,0.0,0.73,1075.56,1
2026-05-14,2026-05-14 11:47:00,1470.39,1470.4,1470.39,1470.4,0.0,0.73,1075.56,1
2026-05-14,2026-05-14 11:48:00,1470.4,1470.41,1470.4,1470.41,0.0,0.73,1075.56,1
2026-05-14,2026-05-14 11:49:00,1470.41,1470.42,1470.41,1470.42,0.0,0.73,1075.56,1
2026-05-14,2026-05-14 11:50:00,1470.42,1470.42,1470.42,1470.42,0.0,0.73,1075.56,0
2026-05-14,2026-05-14 11:51:00,1470.42,1470.43,1470.42,1470.43,0.0,0.73,1075.56,1
2026-05-14,2026-05-14 11:52:00,1470.43,1470.44,1470.43,1470.44,0.0,0.73,1075.56,1
2026-05-14,2026-05-14 11:53:00,1470.44,1470.45,1470.44,1470.45,0.0,0.73,1075.56,1
2026-05-14,2026-05-14 11:54:00,1470.45,1470.46,1470.45,1470.46,0.0,0.73,1075.56,1
2026-05-14,2026-05-14 11:55:00,1470.46,1470.47,1470.46,1470.47,0.0,0.73,1075.56,1
2026-05-14,2026-05-14 11:56:00,1470.47,1470.47,1470.47,1470.47,0.0,0.73,1075.56,0
2026-05-14,2026-05-14 11:57:00,1470.47,1470.48,1470.47,1470.48,0.0,0.73,1075.56,1
2026-05-14,2026-05-14 11:58:00,1470.48,1470.49,1470.48,1470.49,0.0,0.73,1075.56,1
2026-05-14,2026-05-14 11:59:00,1470.49,1470.5,1470.49,1470.5,0.0,0.73,1075.56,1
2026-05-14,2026-05-14 12:00:00,1470.5,1470.51,1470.5,1470.51,0.0,0.73,1075.56,1
2026-05-14,2026-05-14 12:01:00,1470.51,1470.52,1470.51,1470.52,0.0,0.73,1075.56,1
2026-05-14,2026-05-14 12:02:00,1470.52,1470.53,1470.52,1470.53,0.0,0.73,1075.56,1
2026-05-14,2026-05-14 12:03:00,1470.53,1470.53,1470.53,1470.53,0.0,0.73,1075.56,0
2026-05-14,2026-05-14 12:04:00,1470.53,1470.54,1470.53,1470.54,0.0,0.73,1075.56,1
2026-05-14,2026-05-14 12:05:00,1470.54,1470.55,1470.54,1470.55,0.0,0.73,1075.56,1
2026-05-14,2026-05-14 12:06:00,1470.55,1470.56,1470.55,1470.56,0.0,0.73,1075.56,1
2026-05-14,2026-05-14 12:07:00,1470.56,1470.57,1470.56,1470.57,0.0,0.73,1075.56,1
2026-05-14,2026-05-14 12:08:00,1470.57,1470.58,1470.57,1470.58,0.0,0.73,1075.56,1
2026-05-14,2026-05-14 12:09:00,1470.58,1470.58,1470.58,1470.58,0.0,0.73,1075.56,0
2026-05-14,2026-05-14 12:10:00,1470.58,1470.59,1470.58,1470.59,0.0,0.73,1075.56,1
2026-05-14,2026-05-14 12:11:00,1470.59,1470.6,1470.59,1470.6,0.0,0.73,1075.56,1
2026-05-14,2026-05-14 12:12:00,1470.6,1470.61,1470.6,1470.61,0.0,0.73,1075.56,1
2026-05-14,2026-05-14 12:13:00,1470.61,1470.62,1470.61,1470.62,0.0,0.73,1075.56,1
2026-05-14,2026-05-14 12:14:00,1470.62,1470.62,1470.62,1470.62,0.0,0.73,1075.56,0
2026-05-14,2026-05-14 12:15:00,1470.62,1470.63,1470.62,1470.63,0.0,0.73,1075.56,1
2026-05-14,2026-05-14 12:16:00,1470.63,1470.64,1470.63,1470.64,0.0,0.73,1075.56,1
2026-05-14,2026-05-14 12:17:00,1470.64,1470.65,1470.64,1470.65,0.0,0.73,1075.56,1
2026-05-14,2026-05-14 12:18:00,1470.65,1470.66,1470.65,1470.66,0.0,0.73,1075.56,1
2026-05-14,2026-05-14 12:19:00,1470.66,1470.67,1470.66,1470.67,0.0,0.73,1075.56,1
2026-05-14,2026-05-14 12:20:00,1470.67,1470.67,1470.67,1470.67,0.0,0.73,1075.56,0
2026-05-14,2026-05-14 12:21:00,1470.67,1470.68,1470.67,1470.68,0.0,0.73,1075.56,1
2026-05-14,2026-05-14 12:22:00,1470.68,1470.69,1470.68,1470.69,0.0,0.73,1075.56,1
2026-05-14,2026-05-14 12:23:00,1470.69,1470.7,1470.69,1470.7,0.0,0.73,1075.56,1
2026-05-14,2026-05-14 12:24:00,1470.7,1470.71,1470.7,1470.71,0.0,0.73,1075.56,1
2026-05-14,2026-05-14 12:25:00,1470.71,1470.72,1470.71,1470.72,0.0,0.73,1075.56,1
2026-05-14,2026-05-14 12:26:00,1470.72,1470.72,1470.72,1470.72,0.0,0.73,1075.56,0
2026-05-14,2026-05-14 12:27:00,1470.72,1470.73,1470.72,1470.73,0.0,0.73,1075.56,1
2026-05-14,2026-05-14 12:28:00,1470.73,1470.74,1470.73,1470.74,0.0,0.73,1075.56,1
2026-05-14,2026-05-14 12:29:00,1470.74,1470.75,1470.74,1470.75,0.0,0.73,1075.56,1
2026-05-14,2026-05-14 12:30:00,1470.75,1470.76,1470.75,1470.76,0.0,0.73,1075.56,1
2026-05-14,2026-05-14 12:31:00,1470.76,1470.77,1470.76,1470.77,0.0,0.73,1075.56,1
2026-05-14,2026-05-14 12:32:00,1470.77,1470.78,1470.77,1470.78,0.0,0.73,1075.56,1
2026-05-14,2026-05-14 12:33:00,1470.78,1470.78,1470.78,1470.78,0.0,0.73,1075.56,0
2026-05-14,2026-05-14 12:34:00,1470.78,1470.79,1470.78,1470.79,0.0,0.73,1075.56,1
2026-05-14,2026-05-14 12:35:00,1470.79,1470.8,1470.79,1470.8,0.0,0.73,1075.56,1
2026-05-14,2026-05-14 12:36:00,1470.8,1470.81,1470.8,1470.81,0.0,0.73,1075.56,1
2026-05-14,2026-05-14 12:37:00,1470.81,1470.82,1470.81,1470.82,0.0,0.73,1075.56,1
2026-05-14,2026-05-14 12:38:00,1470.82,1470.83,1470.82,1470.83,0.0,0.73,1075.56,1
2026-05-14,2026-05-14 12:39:00,1470.83,1470.83,1470.83,1470.83,0.0,0.73,1075.56,0
2026-05-14,2026-05-14 12:40:00,1470.83,1470.84,1470.83,1470.84,0.0,0.73,1075.56,1
2026-05-14,2026-05-14 12:41:00,1470.84,1470.85,1470.84,1470.85,0.0,0.73,1075.56,1
2026-05-14,2026-05-14 12:42:00,1470.85,1470.86,1470.85,1470.86,0.0,0.73,1075.56,1
2026-05-14,2026-05-14 12:43:00,1470.86,1470.87,1470.86,1470.87,0.0,0.73,1075.56,1
2026-05-14,2026-05-14 12:44:00,1470.87,1470.88,1470.87,1470.88,0.0,0.73,1075.56,1
2026-05-14,2026-05-14 12:45:00,1470.88,1470.88,1470.88,1470.88,0.0,0.73,1075.56,0
2026-05-14,2026-05-14 12:46:00,1470.88,1470.89,1470.88,1470.89,0.0,0.73,1075.56,1
2026-05-14,2026-05-14 12:47:00,1470.89,1470.9,1470.89,1470.9,0.0,0.73,1075.56,1
2026-05-14,2026-05-14 12:48:00,1470.9,1470.91,1470.9,1470.91,0.0,0.73,1075.56,1
2026-05-14,2026-05-14 12:49:00,1470.91,1470.92,1470.91,1470.92,0.0,0.73,1075.56,1
2026-05-14,2026-05-14 12:50:00,1470.92,1470.92,1470.92,1470.92,0.0,0.73,1075.56,0
2026-05-14,2026-05-14 12:51:00,1470.92,1470.93,1470.92,1470.93,0.0,0.73,1075.56,1
2026-05-14,2026-05-14 12:52:00,1470.93,1470.94,1470.93,1470.94,0.0,0.73,1075.56,1
2026-05-14,2026-05-14 12:53:00,1470.94,1470.95,1470.94,1470.95,0.0,0.73,1075.56,1
2026-05-14,2026-05-14 12:54:00,1470.95,1470.96,1470.95,1470.96,0.0,0.73,1075.56,1
2026-05-14,2026-05-14 12:55:00,1470.96,1470.97,1470.96,1470.97,0.0,0.73,1075.56,1
2026-05-14,2026-05-14 12:56:00,1470.97,1470.97,1470.97,1470.97,0.0,0.73,1075.56,0
2026-05-14,2026-05-14 12:57:00,1470.97,1470.98,1470.97,1470.98,0.0,0.73,1075.56,1
2026-05-14,2026-05-14 12:58:00,1470.98,1470.99,1470.98,1470.99,0.0,0.73,1075.56,1
2026-05-14,2026-05-14 12:59:00,1470.99,1471.0,1470.99,1471.0,0.0,0.73,1075.56,1
2026-05-14,2026-05-14 13:00:00,1471.0,1488.0,1470.0,1471.01,0.0,0.73,1075.56,1
2026-05-14,2026-05-14 13:01:00,1471.01,1471.02,1471.01,1471.02,0.0,0.73,1075.56,1
2026-05-14,2026-05-14 13:02:00,1471.02,1471.03,1471.02,1471.03,0.0,0.73,1075.56,1
2026-05-14,2026-05-14 13:03:00,1471.03,1471.03,1471.03,1471.03,0.0,0.73,1075.56,0
2026-05-14,2026-05-14 13:04:00,1471.03,1471.04,1471.03,1471.04,0.0,0.73,1075.56,1
2026-05-14,2026-05-14 13:05:00,1471.04,1471.05,1471.04,1471.05,0.0,0.73,1075.56,1
2026-05-14,2026-05-14 13:06:00,1471.05,1471.06,1471.05,1471.06,0.0,0.73,1075.56,1
2026-05-14,2026-05-14 13:07:00,1471.06,1471.07,1471.06,1471.07,0.0,0.73,1075.56,1
2026-05-14,2026-05-14 13:08:00,1471.07,1471.08,1471.07,1471.08,0.0,0.73,1075.56,1
2026-05-14,2026-05-14 13:09:00,1471.08,1471.08,1471.08,1471.08,0.0,0.73,1075.56,0
2026-05-14,2026-05-14 13:10:00,1471.08,1471.09,1471.08,1471.09,0.0,0.73,1075.56,1
2026-05-14,2026-05-14 13:11:00,1471.09,1471.1,1471.09,1471.1,0.0,0.73,1075.56,1
2026-05-14,2026-05-14 13:12:00,1471.1,1471.11,1471.1,1471.11,0.0,0.73,1075.56,1
2026-05-14,2026-05-14 13:13:00,1471.11,1471.12,1471.11,1471.12,0.0,0.73,1075.56,1
2026-05-14,2026-05-14 13:14:00,1471.12,1471.12,1471.12,1471.12,0.0,0.73,1075.56,0
2026-05-14,2026-05-14 13:15:00,1471.12,1471.13,1471.12,1471.13,0.0,0.73,1075.56,1
2026-05-14,2026-05-14 13:16:00,1471.13,1471.14,1471.13,1471.14,0.0,0.73,1075.56,1
2026-05-14,2026-05-14 13:17:00,1471.14,1471.15,1471.14,1471.15,0.0,0.73,1075.56,1
2026-05-14,2026-05-14 13:18:00,1471.15,1471.16,1471.15,1471.16,0.0,0.73,1075.56,1
2026-05-14,2026-05-14 13:19:00,1471.16,1471.17,1471.16,1471.17,0.0,0.73,1075.56,1
2026-05-14,2026-05-14 13:20:00,1471.17,1471.17,1471.17,1471.17,0.0,0.73,1075.56,0
2026-05-14,2026-05-14 13:21:00,1471.17,1471.18,1471.17,1471.18,0.0,0.73,1075.56,1
2026-05-14,2026-05-14 13:22:00,1471.18,1471.19,1471.18,1471.19,0.0,0.73,1075.56,1
2026-05-14,2026-05-14 13:23:00,1471.19,1471.2,1471.19,1471.2,0.0,0.73,1075.56,1
2026-05-14,2026-05-14 13:24:00,1471.2,1471.21,1471.2,1471.21,0.0,0.73,1075.56,1
2026-05-14,2026-05-14 13:25:00,1471.21,1471.22,1471.21,1471.22,0.0,0.73,1075.56,1
2026-05-14,2026-05-14 13:26:00,1471.22,1471.22,1471.22,1471.22,0.0,0.73,1075.56,0
2026-05-14,2026-05-14 13:27:00,1471.22,1471.23,1471.22,1471.23,0.0,0.73,1075.56,1
2026-05-14,2026-05-14 13:28:00,1471.23,1471.24,1471.23,1471.24,0.0,0.73,1075.56,1
2026-05-14,2026-05-14 13:29:00,1471.24,1471.25,1471.24,1471.25,0.0,0.73,1075.56,1
2026-05-14,2026-05-14 13:30:00,1471.25,1471.26,1471.25,1471.26,0.0,0.73,1075.56,1
2026-05-14,2026-05-14 13:31:00,1471.26,1471.27,1471.26,1471.27,0.0,0.73,1075.56,1
2026-05-14,2026-05-14 13:32:00,1471.27,1471.28,1471.27,1471.28,0.0,0.73,1075.56,1
2026-05-14,2026-05-14 13:33:00,1471.28,1471.28,1471.28,1471.28,0.0,0.73,1075.56,0
2026-05-14,2026-05-14 13:34:00,1471.28,1471.29,1471.28,1471.29,0.0,0.73,1075.56,1
2026-05-14,2026-05-14 13:35:00,1471.29,1471.3,1471.29,1471.3,0.0,0.73,1075.56,1
2026-05-14,2026-05-14 13:36:00,1471.3,1471.31,1471.3,1471.31,0.0,0.73,1075.56,1
2026-05-14,2026-05-14 13:37:00,1471.31,1471.32,1471.31,1471.32,0.0,0.73,1075.56,1
2026-05-14,2026-05-14 13:38:00,1471.32,1471.33,1471.32,1471.33,0.0,0.73,1075.56,1
2026-05-14,2026-05-14 13:39:00,1471.33,1471.33,1471.33,1471.33,0.0,0.73,1075.56,0
2026-05-14,2026-05-14 13:40:00,1471.33,1471.34,1471.33,1471.34,0.0,0.73,1075.56,1
2026-05-14,2026-05-14 13:41:00,1471.34,1471.35,1471.34,1471.35,0.0,0.73,1075.56,1
2026-05-14,2026-05-14 13:42:00,1471.35,1471.36,1471.35,1471.36,0.0,0.73,1075.56,1
2026-05-14,2026-05-14 13:43:00,1471.36,1471.37,1471.36,1471.37,0.0,0.73,1075.56,1
2026-05-14,2026-05-14 13:44:00,1471.37,1471.38,1471.37,1471.38,0.0,0.73,1075.56,1
2026-05-14,2026-05-14 13:45:00,1471.38,1471.38,1471.38,1471.38,0.0,0.73,1075.56,0
2026-05-14,2026-05-14 13:46:00,1471.38,1471.39,1471.38,1471.39,0.0,0.73,1075.56,1
2026-05-14,2026-05-14 13:47:00,1471.39,1471.4,1471.39,1471.4,0.0,0.73,1075.56,1
2026-05-14,2026-05-14 13:48:00,1471.4,1471.41,1471.4,1471.41,0.0,0.73,1075.56,1
2026-05-14,2026-05-14 13:49:00,1471.41,1471.42,1471.41,1471.42,0.0,0.73,1075.56,1
2026-05-14,2026-05-14 13:50:00,1471.42,1471.42,1471.42,1471.42,0.0,0.73,1075.56,0
2026-05-14,2026-05-14 13:51:00,1471.42,1471.43,1471.42,1471.43,0.0,0.73,1075.56,1
2026-05-14,2026-05-14 13:52:00,1471.43,1471.44,1471.43,1471.44,0.0,0.73,1075.56,1
2026-05-14,2026-05-14 13:53:00,1471.44,1471.45,1471.44,1471.45,0.0,0.73,1075.56,1
2026-05-14,2026-05-14 13:54:00,1471.45,1471.46,1471.45,1471.46,0.0,0.73,1075.56,1
2026-05-14,2026-05-14 13:55:00,1471.46,1471.47,1471.46,1471.47,0.0,0.73,1075.56,1
2026-05-14,2026-05-14 13:56:00,1471.47,1471.47,1471.47,1471.47,0.0,0.73,1075.56,0
2026-05-14,2026-05-14 13:57:00,1471.47,1471.48,1471.47,1471.48,0.0,0.73,1075.56,1
2026-05-14,2026-05-14 13:58:00,1471.48,1471.49,1471.48,1471.49,0.0,0.73,1075.56,1
2026-05-14,2026-05-14 13:59:00,1471.49,1471.5,1471.49,1471.5,0.0,0.73,1075.56,1
2026-05-14,2026-05-14 14:00:00,1471.5,1471.51,1471.5,1471.51,0.0,0.73,1075.56,1
2026-05-14,2026-05-14 14:01:00,1471.51,1471.52,1471.51,1471.52,0.0,0.73,1075.56,1
2026-05-14,2026-05-14 14:02:00,1471.52,1471.53,1471.52,1471.53,0.0,0.73,1075.56,1
2026-05-14,2026-05-14 14:03:00,1471.53,1471.53,1471.53,1471.53,0.0,0.73,1075.56,0
2026-05-14,2026-05-14 14:04:00,1471.53,1471.54,1471.53,1471.54,0.0,0.73,1075.56,1
2026-05-14,2026-05-14 14:05:00,1471.54,1471.55,1471.54,1471.55,0.0,0.73,1075.56,1
2026-05-14,2026-05-14 14:06:00,1471.55,1471.56,1471.55,1471.56,0.0,0.73,1075.56,1
2026-05-14,2026-05-14 14:07:00,1471.56,1471.57,1471.56,1471.57,0.0,0.73,1075.56,1
2026-05-14,2026-05-14 14:08:00,1471.57,1471.58,1471.57,1471.58,0.0,0.73,1075.56,1
2026-05-14,2026-05-14 14:09:00,1471.58,1471.58,1471.58,1471.58,0.0,0.73,1075.56,0
2026-05-14,2026-05-14 14:10:00,1471.58,1471.59,1471.58,1471.59,0.0,0.73,1075.56,1
2026-05-14,2026-05-14 14:11:00,1471.59,1471.6,1471.59,1471.6,0.0,0.73,1075.56,1
2026-05-14,2026-05-14 14:12:00,1471.6,1471.61,1471.6,1471.61,0.0,0.73,1075.56,1
2026-05-14,2026-05-14 14:13:00,1471.61,1471.62,1471.61,1471.62,0.0,0.73,1075.56,1
2026-05-14,2026-05-14 14:14:00,1471.62,1471.62,1471.62,1471.62,0.0,0.73,1075.56,0
2026-05-14,2026-05-14 14:15:00,1471.62,1471.63,1471.62,1471.63,0.0,0.73,1075.56,1
2026-05-14,2026-05-14 14:16:00,1471.63,1471.64,1471.63,1471.64,0.0,0.73,1075.56,1
2026-05-14,2026-05-14 14:17:00,1471.64,1471.65,1471.64,1471.65,0.0,0.73,1075.56,1
2026-05-14,2026-05-14 14:18:00,1471.65,1471.66,1471.65,1471.66,0.0,0.73,1075.56,1
2026-05-14,2026-05-14 14:19:00,1471.66,1471.67,1471.66,1471.67,0.0,0.73,1075.56,1
2026-05-14,2026-05-14 14:20:00,1471.67,1471.67,1471.67,1471.67,0.0,0.73,1075.56,0
2026-05-14,2026-05-14 14:21:00,1471.67,1471.68,1471.67,1471.68,0.0,0.73,1075.56,1
2026-05-14,2026-05-14 14:22:00,1471.68,1471.69,1471.68,1471.69,0.0,0.73,1075.56,1
2026-05-14,2026-05-14 14:23:00,1471.69,1471.7,1471.69,1471.7,0.0,0.73,1075.56,1
2026-05-14,2026-05-14 14:24:00,1471.7,1471.71,1471.7,1471.71,0.0,0.73,1075.56,1
2026-05-14,2026-05-14 14:25:00,1471.71,1471.72,1471.71,1471.72,0.0,0.73,1075.56,1
2026-05-14,2026-05-14 14:26:00,1471.72,1471.72,1471.72,1471.72,0.0,0.73,1075.56,0
2026-05-14,2026-05-14 14:27:00,1471.72,1471.73,1471.72,1471.73,0.0,0.73,1075.56,1
2026-05-14,2026-05-14 14:28:00,1471.73,1471.74,1471.73,1471.74,0.0,0.73,1075.56,1
2026-05-14,2026-05-14 14:29:00,1471.74,1471.75,1471.74,1471.75,0.0,0.73,1075.56,1
2026-05-14,2026-05-14 14:30:00,1471.75,1471.76,1471.75,1471.76,0.0,0.73,1075.56,1
2026-05-14,2026-05-14 14:31:00,1471.76,1471.77,1471.76,1471.77,0.0,0.73,1075.56,1
2026-05-14,2026-05-14 14:32:00,1471.77,1471.78,1471.77,1471.78,0.0,0.73,1075.56,1
2026-05-14,2026-05-14 14:33:00,1471.78,1471.78,1471.78,1471.78,0.0,0.73,1075.56,0
2026-05-14,2026-05-14 14:34:00,1471.78,1471.79,1471.78,1471.79,0.0,0.73,1075.56,1
2026-05-14,2026-05-14 14:35:00,1471.79,1471.8,1471.79,1471.8,0.0,0.73,1075.56,1
2026-05-14,2026-05-14 14:36:00,1471.8,1471.81,1471.8,1471.81,0.0,0.73,1075.56,1
2026-05-14,2026-05-14 14:37:00,1471.81,1471.82,1471.81,1471.82,0.0,0.73,1075.56,1
2026-05-14,2026-05-14 14:38:00,1471.82,1471.83,1471.82,1471.83,0.0,0.73,1075.56,1
2026-05-14,2026-05-14 14:39:00,1471.83,1471.83,1471.83,1471.83,0.0,0.73,1075.56,0
2026-05-14,2026-05-14 14:40:00,1471.83,1471.84,1471.83,1471.84,0.0,0.73,1075.56,1
2026-05-14,2026-05-14 14:41:00,1471.84,1471.85,1471.84,1471.85,0.0,0.73,1075.56,1
2026-05-14,2026-05-14 14:42:00,1471.85,1471.86,1471.85,1471.86,0.0,0.73,1075.56,1
2026-05-14,2026-05-14 14:43:00,1471.86,1471.87,1471.86,1471.87,0.0,0.73,1075.56,1
2026-05-14,2026-05-14 14:44:00,1471.87,1471.88,1471.87,1471.88,0.0,0.73,1075.56,1
2026-05-14,2026-05-14 14:45:00,1471.88,1471.88,1471.88,1471.88,0.0,0.73,1075.56,0
2026-05-14,2026-05-14 14:46:00,1471.88,1471.89,1471.88,1471.89,0.0,0.73,1075.56,1
2026-05-14,2026-05-14 14:47:00,1471.89,1471.9,1471.89,1471.9,0.0,0.73,1075.56,1
2026-05-14,2026-05-14 14:48:00,1471.9,1471.91,1471.9,1471.91,0.0,0.73,1075.56,1
2026-05-14,2026-05-14 14:49:00,1471.91,1471.92,1471.91,1471.92,0.0,0.73,1075.56,1
2026-05-14,2026-05-14 14:50:00,1471.92,1471.92,1471.92,1471.92,0.0,0.73,1075.56,0
2026-05-14,2026-05-14 14:51:00,1471.92,1471.93,1471.92,1471.93,0.0,0.73,1075.56,1
2026-05-14,2026-05-14 14:52:00,1471.93,1471.94,1471.93,1471.94,0.0,0.73,1075.56,1
2026-05-14,2026-05-14 14:53:00,1471.94,1471.95,1471.94,1471.95,0.0,0.73,1075.56,1
2026-05-14,2026-05-14 14:54:00,1471.95,1471.96,1471.95,1471.96,0.0,0.73,1075.56,1
2026-05-14,2026-05-14 14:55:00,1471.96,1471.97,1471.96,1471.97,0.0,0.73,1075.56,1
2026-05-14,2026-05-14 14:56:00,1471.97,1471.97,1471.97,1471.97,0.0,0.73,1075.56,0
2026-05-14,2026-05-14 14:57:00,1471.97,1471.98,1471.97,1471.98,0.0,0.73,1075.56,1
2026-05-14,2026-05-14 14:58:00,1471.98,1471.99,1471.98,1471.99,0.0,0.73,1075.56,1
2026-05-14,2026-05-14 14:59:00,1471.99,1472.0,1471.99,1472.0,0.0,0.73,1075.56,1
2026-05-14,2026-05-14 15:00:00,1472.0,1488.0,1470.0,1472.0,0.0,0.73,1075.56,0
2026-05-15,2026-05-15 11:00:00,1450.0,1462.0,1450.0,1450.07,0.0,0.96,1411.77,1
2026-05-15,2026-05-15 11:01:00,1450.07,1450.13,1450.07,1450.13,0.0,0.96,1411.77,1
2026-05-15,2026-05-15 11:02:00,1450.13,1450.2,1450.13,1450.2,0.0,0.96,1411.77,1
2026-05-15,2026-05-15 11:03:00,1450.2,1450.27,1450.2,1450.27,0.0,0.96,1411.77,1
2026-05-15,2026-05-15 11:04:00,1450.27,1450.34,1450.27,1450.34,0.0,0.96,1411.77,1
2026-05-15,2026-05-15 11:05:00,1450.34,1450.4,1450.34,1450.4,0.0,0.96,1411.77,1
2026-05-15,2026-05-15 11:06:00,1450.4,1450.47,1450.4,1450.47,0.0,0.96,1411.77,1
2026-05-15,2026-05-15 11:07:00,1450.47,1450.54,1450.47,1450.54,0.0,0.96,1411.77,1
2026-05-15,2026-05-15 11:08:00,1450.54,1450.6,1450.54,1450.6,0.0,0.96,1411.77,1
2026-05-15,2026-05-15 11:09:00,1450.6,1450.67,1450.6,1450.67,0.0,0.96,1411.77,1
2026-05-15,2026-05-15 11:10:00,1450.67,1450.74,1450.67,1450.74,0.0,0.96,1411.77,1
2026-05-15,2026-05-15 11:11:00,1450.74,1450.81,1450.74,1450.81,0.0,0.96,1411.77,1
2026-05-15,2026-05-15 11:12:00,1450.81,1450.87,1450.81,1450.87,0.0,0.96,1411.77,1
2026-05-15,2026-05-15 11:13:00,1450.87,1450.94,1450.87,1450.94,0.0,0.96,1411.77,1
2026-05-15,2026-05-15 11:14:00,1450.94,1451.01,1450.94,1451.01,0.0,0.96,1411.77,1
2026-05-15,2026-05-15 11:15:00,1451.01,1451.07,1451.01,1451.07,0.0,0.96,1411.77,1
2026-05-15,2026-05-15 11:16:00,1451.07,1451.14,1451.07,1451.14,0.0,0.96,1411.77,1
2026-05-15,2026-05-15 11:17:00,1451.14,1451.21,1451.14,1451.21,0.0,0.96,1411.77,1
2026-05-15,2026-05-15 11:18:00,1451.21,1451.27,1451.21,1451.27,0.0,0.96,1411.77,1
2026-05-15,2026-05-15 11:19:00,1451.27,1451.34,1451.27,1451.34,0.0,0.96,1411.77,1
2026-05-15,2026-05-15 11:20:00,1451.34,1451.41,1451.34,1451.41,0.0,0.96,1411.77,1
2026-05-15,2026-05-15 11:21:00,1451.41,1451.48,1451.41,1451.48,0.0,0.96,1411.77,1
2026-05-15,2026-05-15 11:22:00,1451.48,1451.54,1451.48,1451.54,0.0,0.96,1411.77,1
2026-05-15,2026-05-15 11:23:00,1451.54,1451.61,1451.54,1451.61,0.0,0.96,1411.77,1
2026-05-15,2026-05-15 11:24:00,1451.61,1451.68,1451.61,1451.68,0.0,0.96,1411.77,1
2026-05-15,2026-05-15 11:25:00,1451.68,1451.74,1451.68,1451.74,0.0,0.96,1411.77,1
2026-05-15,2026-05-15 11:26:00,1451.74,1451.81,1451.74,1451.81,0.0,0.96,1411.77,1
2026-05-15,2026-05-15 11:27:00,1451.81,1451.88,1451.81,1451.88,0.0,0.96,1411.77,1
2026-05-15,2026-05-15 11:28:00,1451.88,1451.95,1451.88,1451.95,0.0,0.96,1411.77,1
2026-05-15,2026-05-15 11:29:00,1451.95,1452.01,1451.95,1452.01,0.0,0.96,1411.77,1
2026-05-15,2026-05-15 11:30:00,1452.01,1452.08,1452.01,1452.08,0.0,0.96,1411.77,1
2026-05-15,2026-05-15 11:31:00,1452.08,1452.15,1452.08,1452.15,0.0,0.96,1411.77,1
2026-05-15,2026-05-15 11:32:00,1452.15,1452.21,1452.15,1452.21,0.0,0.96,1411.77,1
2026-05-15,2026-05-15 11:33:00,1452.21,1452.28,1452.21,1452.28,0.0,0.96,1411.77,1
2026-05-15,2026-05-15 11:34:00,1452.28,1452.35,1452.28,1452.35,0.0,0.96,1411.77,1
2026-05-15,2026-05-15 11:35:00,1452.35,1452.41,1452.35,1452.41,0.0,0.96,1411.77,1
2026-05-15,2026-05-15 11:36:00,1452.41,1452.48,1452.41,1452.48,0.0,0.96,1411.77,1
2026-05-15,2026-05-15 11:37:00,1452.48,1452.55,1452.48,1452.55,0.0,0.96,1411.77,1
2026-05-15,2026-05-15 11:38:00,1452.55,1452.62,1452.55,1452.62,0.0,0.96,1411.77,1
2026-05-15,2026-05-15 11:39:00,1452.62,1452.68,1452.62,1452.68,0.0,0.96,1411.77,1
2026-05-15,2026-05-15 11:40:00,1452.68,1452.75,1452.68,1452.75,0.0,0.96,1411.77,1
2026-05-15,2026-05-15 11:41:00,1452.75,1452.82,1452.75,1452.82,0.0,0.96,1411.77,1
2026-05-15,2026-05-15 11:42:00,1452.82,1452.88,1452.82,1452.88,0.0,0.96,1411.77,1
2026-05-15,2026-05-15 11:43:00,1452.88,1452.95,1452.88,1452.95,0.0,0.96,1411.77,1
2026-05-15,2026-05-15 11:44:00,1452.95,1453.02,1452.95,1453.02,0.0,0.96,1411.77,1
2026-05-15,2026-05-15 11:45:00,1453.02,1453.09,1453.02,1453.09,0.0,0.96,1411.77,1
2026-05-15,2026-05-15 11:46:00,1453.09,1453.15,1453.09,1453.15,0.0,0.96,1411.77,1
2026-05-15,2026-05-15 11:47:00,1453.15,1453.22,1453.15,1453.22,0.0,0.96,1411.77,1
2026-05-15,2026-05-15 11:48:00,1453.22,1453.29,1453.22,1453.29,0.0,0.96,1411.77,1
2026-05-15,2026-05-15 11:49:00,1453.29,1453.35,1453.29,1453.35,0.0,0.96,1411.77,1
2026-05-15,2026-05-15 11:50:00,1453.35,1453.42,1453.35,1453.42,0.0,0.96,1411.77,1
2026-05-15,2026-05-15 11:51:00,1453.42,1453.49,1453.42,1453.49,0.0,0.96,1411.77,1
2026-05-15,2026-05-15 11:52:00,1453.49,1453.56,1453.49,1453.56,0.0,0.96,1411.77,1
2026-05-15,2026-05-15 11:53:00,1453.56,1453.62,1453.56,1453.62,0.0,0.96,1411.77,1
2026-05-15,2026-05-15 11:54:00,1453.62,1453.69,1453.62,1453.69,0.0,0.96,1411.77,1
2026-05-15,2026-05-15 11:55:00,1453.69,1453.76,1453.69,1453.76,0.0,0.96,1411.77,1
2026-05-15,2026-05-15 11:56:00,1453.76,1453.82,1453.76,1453.82,0.0,0.96,1411.77,1
2026-05-15,2026-05-15 11:57:00,1453.82,1453.89,1453.82,1453.89,0.0,0.96,1411.77,1
2026-05-15,2026-05-15 11:58:00,1453.89,1453.96,1453.89,1453.96,0.0,0.96,1411.77,1
2026-05-15,2026-05-15 11:59:00,1453.96,1454.03,1453.96,1454.03,0.0,0.96,1411.77,1
2026-05-15,2026-05-15 12:00:00,1454.03,1454.09,1454.03,1454.09,0.0,0.96,1411.77,1
2026-05-15,2026-05-15 12:01:00,1454.09,1454.16,1454.09,1454.16,0.0,0.96,1411.77,1
2026-05-15,2026-05-15 12:02:00,1454.16,1454.23,1454.16,1454.23,0.0,0.96,1411.77,1
2026-05-15,2026-05-15 12:03:00,1454.23,1454.29,1454.23,1454.29,0.0,0.96,1411.77,1
2026-05-15,2026-05-15 12:04:00,1454.29,1454.36,1454.29,1454.36,0.0,0.96,1411.77,1
2026-05-15,2026-05-15 12:05:00,1454.36,1454.43,1454.36,1454.43,0.0,0.96,1411.77,1
2026-05-15,2026-05-15 12:06:00,1454.43,1454.49,1454.43,1454.49,0.0,0.96,1411.77,1
2026-05-15,2026-05-15 12:07:00,1454.49,1454.56,1454.49,1454.56,0.0,0.96,1411.77,1
2026-05-15,2026-05-15 12:08:00,1454.56,1454.63,1454.56,1454.63,0.0,0.96,1411.77,1
2026-05-15,2026-05-15 12:09:00,1454.63,1454.7,1454.63,1454.7,0.0,0.96,1411.77,1
2026-05-15,2026-05-15 12:10:00,1454.7,1454.76,1454.7,1454.76,0.0,0.96,1411.77,1
2026-05-15,2026-05-15 12:11:00,1454.76,1454.83,1454.76,1454.83,0.0,0.96,1411.77,1
2026-05-15,2026-05-15 12:12:00,1454.83,1454.9,1454.83,1454.9,0.0,0.96,1411.77,1
2026-05-15,2026-05-15 12:13:00,1454.9,1454.96,1454.9,1454.96,0.0,0.96,1411.77,1
2026-05-15,2026-05-15 12:14:00,1454.96,1455.03,1454.96,1455.03,0.0,0.96,1411.77,1
2026-05-15,2026-05-15 12:15:00,1455.03,1455.1,1455.03,1455.1,0.0,0.96,1411.77,1
2026-05-15,2026-05-15 12:16:00,1455.1,1455.17,1455.1,1455.17,0.0,0.96,1411.77,1
2026-05-15,2026-05-15 12:17:00,1455.17,1455.23,1455.17,1455.23,0.0,0.96,1411.77,1
2026-05-15,2026-05-15 12:18:00,1455.23,1455.3,1455.23,1455.3,0.0,0.96,1411.77,1
2026-05-15,2026-05-15 12:19:00,1455.3,1455.37,1455.3,1455.37,0.0,0.96,1411.77,1
2026-05-15,2026-05-15 12:20:00,1455.37,1455.43,1455.37,1455.43,0.0,0.96,1411.77,1
2026-05-15,2026-05-15 12:21:00,1455.43,1455.5,1455.43,1455.5,0.0,0.96,1411.77,1
2026-05-15,2026-05-15 12:22:00,1455.5,1455.57,1455.5,1455.57,0.0,0.96,1411.77,1
2026-05-15,2026-05-15 12:23:00,1455.57,1455.63,1455.57,1455.63,0.0,0.96,1411.77,1
2026-05-15,2026-05-15 12:24:00,1455.63,1455.7,1455.63,1455.7,0.0,0.96,1411.77,1
2026-05-15,2026-05-15 12:25:00,1455.7,1455.77,1455.7,1455.77,0.0,0.96,1411.77,1
2026-05-15,2026-05-15 12:26:00,1455.77,1455.84,1455.77,1455.84,0.0,0.96,1411.77,1
2026-05-15,2026-05-15 12:27:00,1455.84,1455.9,1455.84,1455.9,0.0,0.96,1411.77,1
2026-05-15,2026-05-15 12:28:00,1455.9,1455.97,1455.9,1455.97,0.0,0.96,1411.77,1
2026-05-15,2026-05-15 12:29:00,1455.97,1456.04,1455.97,1456.04,0.0,0.96,1411.77,1
2026-05-15,2026-05-15 12:30:00,1456.04,1456.1,1456.04,1456.1,0.0,0.96,1411.77,1
2026-05-15,2026-05-15 12:31:00,1456.1,1456.17,1456.1,1456.17,0.0,0.96,1411.77,1
2026-05-15,2026-05-15 12:32:00,1456.17,1456.24,1456.17,1456.24,0.0,0.96,1411.77,1
2026-05-15,2026-05-15 12:33:00,1456.24,1456.31,1456.24,1456.31,0.0,0.96,1411.77,1
2026-05-15,2026-05-15 12:34:00,1456.31,1456.37,1456.31,1456.37,0.0,0.96,1411.77,1
2026-05-15,2026-05-15 12:35:00,1456.37,1456.44,1456.37,1456.44,0.0,0.96,1411.77,1
2026-05-15,2026-05-15 12:36:00,1456.44,1456.51,1456.44,1456.51,0.0,0.96,1411.77,1
2026-05-15,2026-05-15 12:37:00,1456.51,1456.57,1456.51,1456.57,0.0,0.96,1411.77,1
2026-05-15,2026-05-15 12:38:00,1456.57,1456.64,1456.57,1456.64,0.0,0.96,1411.77,1
2026-05-15,2026-05-15 12:39:00,1456.64,1456.71,1456.64,1456.71,0.0,0.96,1411.77,1
2026-05-15,2026-05-15 12:40:00,1456.71,1456.78,1456.71,1456.78,0.0,0.96,1411.77,1
2026-05-15,2026-05-15 12:41:00,1456.78,1456.84,1456.78,1456.84,0.0,0.96,1411.77,1
2026-05-15,2026-05-15 12:42:00,1456.84,1456.91,1456.84,1456.91,0.0,0.96,1411.77,1
2026-05-15,2026-05-15 12:43:00,1456.91,1456.98,1456.91,1456.98,0.0,0.96,1411.77,1
2026-05-15,2026-05-15 12:44:00,1456.98,1457.04,1456.98,1457.04,0.0,0.96,1411.77,1
2026-05-15,2026-05-15 12:45:00,1457.04,1457.11,1457.04,1457.11,0.0,0.96,1411.77,1
2026-05-15,2026-05-15 12:46:00,1457.11,1457.18,1457.11,1457.18,0.0,0.96,1411.77,1
2026-05-15,2026-05-15 12:47:00,1457.18,1457.24,1457.18,1457.24,0.0,0.96,1411.77,1
2026-05-15,2026-05-15 12:48:00,1457.24,1457.31,1457.24,1457.31,0.0,0.96,1411.77,1
2026-05-15,2026-05-15 12:49:00,1457.31,1457.38,1457.31,1457.38,0.0,0.96,1411.77,1
2026-05-15,2026-05-15 12:50:00,1457.38,1457.45,1457.38,1457.45,0.0,0.96,1411.77,1
2026-05-15,2026-05-15 12:51:00,1457.45,1457.51,1457.45,1457.51,0.0,0.96,1411.77,1
2026-05-15,2026-05-15 12:52:00,1457.51,1457.58,1457.51,1457.58,0.0,0.96,1411.77,1
2026-05-15,2026-05-15 12:53:00,1457.58,1457.65,1457.58,1457.65,0.0,0.96,1411.77,1
2026-05-15,2026-05-15 12:54:00,1457.65,1457.71,1457.65,1457.71,0.0,0.96,1411.77,1
2026-05-15,2026-05-15 12:55:00,1457.71,1457.78,1457.71,1457.78,0.0,0.96,1411.77,1
2026-05-15,2026-05-15 12:56:00,1457.78,1457.85,1457.78,1457.85,0.0,0.96,1411.77,1
2026-05-15,2026-05-15 12:57:00,1457.85,1457.92,1457.85,1457.92,0.0,0.96,1411.77,1
2026-05-15,2026-05-15 12:58:00,1457.92,1457.98,1457.92,1457.98,0.0,0.96,1411.77,1
2026-05-15,2026-05-15 12:59:00,1457.98,1458.05,1457.98,1458.05,0.0,0.96,1411.77,1
2026-05-15,2026-05-15 13:00:00,1458.05,1490.0,1450.0,1458.12,0.0,0.96,1411.77,1
2026-05-15,2026-05-15 13:01:00,1458.12,1458.18,1458.12,1458.18,0.0,0.96,1411.77,1
2026-05-15,2026-05-15 13:02:00,1458.18,1458.25,1458.18,1458.25,0.0,0.96,1411.77,1
2026-05-15,2026-05-15 13:03:00,1458.25,1458.32,1458.25,1458.32,0.0,0.96,1411.77,1
2026-05-15,2026-05-15 13:04:00,1458.32,1458.39,1458.32,1458.39,0.0,0.96,1411.77,1
2026-05-15,2026-05-15 13:05:00,1458.39,1458.45,1458.39,1458.45,0.0,0.96,1411.77,1
2026-05-15,2026-05-15 13:06:00,1458.45,1458.52,1458.45,1458.52,0.0,0.96,1411.77,1
2026-05-15,2026-05-15 13:07:00,1458.52,1458.59,1458.52,1458.59,0.0,0.96,1411.77,1
2026-05-15,2026-05-15 13:08:00,1458.59,1458.65,1458.59,1458.65,0.0,0.96,1411.77,1
2026-05-15,2026-05-15 13:09:00,1458.65,1458.72,1458.65,1458.72,0.0,0.96,1411.77,1
2026-05-15,2026-05-15 13:10:00,1458.72,1458.79,1458.72,1458.79,0.0,0.96,1411.77,1
2026-05-15,2026-05-15 13:11:00,1458.79,1458.86,1458.79,1458.86,0.0,0.96,1411.77,1
2026-05-15,2026-05-15 13:12:00,1458.86,1458.92,1458.86,1458.92,0.0,0.96,1411.77,1
2026-05-15,2026-05-15 13:13:00,1458.92,1458.99,1458.92,1458.99,0.0,0.96,1411.77,1
2026-05-15,2026-05-15 13:14:00,1458.99,1459.06,1458.99,1459.06,0.0,0.96,1411.77,1
2026-05-15,2026-05-15 13:15:00,1459.06,1459.12,1459.06,1459.12,0.0,0.96,1411.77,1
2026-05-15,2026-05-15 13:16:00,1459.12,1459.19,1459.12,1459.19,0.0,0.96,1411.77,1
2026-05-15,2026-05-15 13:17:00,1459.19,1459.26,1459.19,1459.26,0.0,0.96,1411.77,1
2026-05-15,2026-05-15 13:18:00,1459.26,1459.32,1459.26,1459.32,0.0,0.96,1411.77,1
2026-05-15,2026-05-15 13:19:00,1459.32,1459.39,1459.32,1459.39,0.0,0.96,1411.77,1
2026-05-15,2026-05-15 13:20:00,1459.39,1459.46,1459.39,1459.46,0.0,0.96,1411.77,1
2026-05-15,2026-05-15 13:21:00,1459.46,1459.53,1459.46,1459.53,0.0,0.96,1411.77,1
2026-05-15,2026-05-15 13:22:00,1459.53,1459.59,1459.53,1459.59,0.0,0.96,1411.77,1
2026-05-15,2026-05-15 13:23:00,1459.59,1459.66,1459.59,1459.66,0.0,0.96,1411.77,1
2026-05-15,2026-05-15 13:24:00,1459.66,1459.73,1459.66,1459.73,0.0,0.96,1411.77,1
2026-05-15,2026-05-15 13:25:00,1459.73,1459.79,1459.73,1459.79,0.0,0.96,1411.77,1
2026-05-15,2026-05-15 13:26:00,1459.79,1459.86,1459.79,1459.86,0.0,0.96,1411.77,1
2026-05-15,2026-05-15 13:27:00,1459.86,1459.93,1459.86,1459.93,0.0,0.96,1411.77,1
2026-05-15,2026-05-15 13:28:00,1459.93,1460.0,1459.93,1460.0,0.0,0.96,1411.77,1
2026-05-15,2026-05-15 13:29:00,1460.0,1460.06,1460.0,1460.06,0.0,0.96,1411.77,1
2026-05-15,2026-05-15 13:30:00,1460.06,1460.13,1460.06,1460.13,0.0,0.96,1411.77,1
2026-05-15,2026-05-15 13:31:00,1460.13,1460.2,1460.13,1460.2,0.0,0.96,1411.77,1
2026-05-15,2026-05-15 13:32:00,1460.2,1460.26,1460.2,1460.26,0.0,0.96,1411.77,1
2026-05-15,2026-05-15 13:33:00,1460.26,1460.33,1460.26,1460.33,0.0,0.96,1411.77,1
2026-05-15,2026-05-15 13:34:00,1460.33,1460.4,1460.33,1460.4,0.0,0.96,1411.77,1
2026-05-15,2026-05-15 13:35:00,1460.4,1460.46,1460.4,1460.46,0.0,0.96,1411.77,1
2026-05-15,2026-05-15 13:36:00,1460.46,1460.53,1460.46,1460.53,0.0,0.96,1411.77,1
2026-05-15,2026-05-15 13:37:00,1460.53,1460.6,1460.53,1460.6,0.0,0.96,1411.77,1
2026-05-15,2026-05-15 13:38:00,1460.6,1460.67,1460.6,1460.67,0.0,0.96,1411.77,1
2026-05-15,2026-05-15 13:39:00,1460.67,1460.73,1460.67,1460.73,0.0,0.96,1411.77,1
2026-05-15,2026-05-15 13:40:00,1460.73,1460.8,1460.73,1460.8,0.0,0.96,1411.77,1
2026-05-15,2026-05-15 13:41:00,1460.8,1460.87,1460.8,1460.87,0.0,0.96,1411.77,1
2026-05-15,2026-05-15 13:42:00,1460.87,1460.93,1460.87,1460.93,0.0,0.96,1411.77,1
2026-05-15,2026-05-15 13:43:00,1460.93,1461.0,1460.93,1461.0,0.0,0.96,1411.77,1
2026-05-15,2026-05-15 13:44:00,1461.0,1461.07,1461.0,1461.07,0.0,0.96,1411.77,1
2026-05-15,2026-05-15 13:45:00,1461.07,1461.14,1461.07,1461.14,0.0,0.96,1411.77,1
2026-05-15,2026-05-15 13:46:00,1461.14,1461.2,1461.14,1461.2,0.0,0.96,1411.77,1
2026-05-15,2026-05-15 13:47:00,1461.2,1461.27,1461.2,1461.27,0.0,0.96,1411.77,1
2026-05-15,2026-05-15 13:48:00,1461.27,1461.34,1461.27,1461.34,0.0,0.96,1411.77,1
2026-05-15,2026-05-15 13:49:00,1461.34,1461.4,1461.34,1461.4,0.0,0.96,1411.77,1
2026-05-15,2026-05-15 13:50:00,1461.4,1461.47,1461.4,1461.47,0.0,0.96,1411.77,1
2026-05-15,2026-05-15 13:51:00,1461.47,1461.54,1461.47,1461.54,0.0,0.96,1411.77,1
2026-05-15,2026-05-15 13:52:00,1461.54,1461.61,1461.54,1461.61,0.0,0.96,1411.77,1
2026-05-15,2026-05-15 13:53:00,1461.61,1461.67,1461.61,1461.67,0.0,0.96,1411.77,1
2026-05-15,2026-05-15 13:54:00,1461.67,1461.74,1461.67,1461.74,0.0,0.96,1411.77,1
2026-05-15,2026-05-15 13:55:00,1461.74,1461.81,1461.74,1461.81,0.0,0.96,1411.77,1
2026-05-15,2026-05-15 13:56:00,1461.81,1461.87,1461.81,1461.87,0.0,0.96,1411.77,1
2026-05-15,2026-05-15 13:57:00,1461.87,1461.94,1461.87,1461.94,0.0,0.96,1411.77,1
2026-05-15,2026-05-15 13:58:00,1461.94,1462.01,1461.94,1462.01,0.0,0.96,1411.77,1
2026-05-15,2026-05-15 13:59:00,1462.01,1462.07,1462.01,1462.07,0.0,0.96,1411.77,1
2026-05-15,2026-05-15 14:00:00,1462.07,1462.14,1462.07,1462.14,0.0,0.96,1411.77,1
2026-05-15,2026-05-15 14:01:00,1462.14,1462.21,1462.14,1462.21,0.0,0.96,1411.77,1
2026-05-15,2026-05-15 14:02:00,1462.21,1462.28,1462.21,1462.28,0.0,0.96,1411.77,1
2026-05-15,2026-05-15 14:03:00,1462.28,1462.34,1462.28,1462.34,0.0,0.96,1411.77,1
2026-05-15,2026-05-15 14:04:00,1462.34,1462.41,1462.34,1462.41,0.0,0.96,1411.77,1
2026-05-15,2026-05-15 14:05:00,1462.41,1462.48,1462.41,1462.48,0.0,0.96,1411.77,1
2026-05-15,2026-05-15 14:06:00,1462.48,1462.54,1462.48,1462.54,0.0,0.96,1411.77,1
2026-05-15,2026-05-15 14:07:00,1462.54,1462.61,1462.54,1462.61,0.0,0.96,1411.77,1
2026-05-15,2026-05-15 14:08:00,1462.61,1462.68,1462.61,1462.68,0.0,0.96,1411.77,1
2026-05-15,2026-05-15 14:09:00,1462.68,1462.75,1462.68,1462.75,0.0,0.96,1411.77,1
2026-05-15,2026-05-15 14:10:00,1462.75,1462.81,1462.75,1462.81,0.0,0.96,1411.77,1
2026-05-15,2026-05-15 14:11:00,1462.81,1462.88,1462.81,1462.88,0.0,0.96,1411.77,1
2026-05-15,2026-05-15 14:12:00,1462.88,1462.95,1462.88,1462.95,0.0,0.96,1411.77,1
2026-05-15,2026-05-15 14:13:00,1462.95,1463.01,1462.95,1463.01,0.0,0.96,1411.77,1
2026-05-15,2026-05-15 14:14:00,1463.01,1463.08,1463.01,1463.08,0.0,0.96,1411.77,1
2026-05-15,2026-05-15 14:15:00,1463.08,1463.15,1463.08,1463.15,0.0,0.96,1411.77,1
2026-05-15,2026-05-15 14:16:00,1463.15,1463.22,1463.15,1463.22,0.0,0.96,1411.77,1
2026-05-15,2026-05-15 14:17:00,1463.22,1463.28,1463.22,1463.28,0.0,0.96,1411.77,1
2026-05-15,2026-05-15 14:18:00,1463.28,1463.35,1463.28,1463.35,0.0,0.96,1411.77,1
2026-05-15,2026-05-15 14:19:00,1463.35,1463.42,1463.35,1463.42,0.0,0.96,1411.77,1
2026-05-15,2026-05-15 14:20:00,1463.42,1463.48,1463.42,1463.48,0.0,0.96,1411.77,1
2026-05-15,2026-05-15 14:21:00,1463.48,1463.55,1463.48,1463.55,0.0,0.96,1411.77,1
2026-05-15,2026-05-15 14:22:00,1463.55,1463.62,1463.55,1463.62,0.0,0.96,1411.77,1
2026-05-15,2026-05-15 14:23:00,1463.62,1463.68,1463.62,1463.68,0.0,0.96,1411.77,1
2026-05-15,2026-05-15 14:24:00,1463.68,1463.75,1463.68,1463.75,0.0,0.96,1411.77,1
2026-05-15,2026-05-15 14:25:00,1463.75,1463.82,1463.75,1463.82,0.0,0.96,1411.77,1
2026-05-15,2026-05-15 14:26:00,1463.82,1463.89,1463.82,1463.89,0.0,0.96,1411.77,1
2026-05-15,2026-05-15 14:27:00,1463.89,1463.95,1463.89,1463.95,0.0,0.96,1411.77,1
2026-05-15,2026-05-15 14:28:00,1463.95,1464.02,1463.95,1464.02,0.0,0.96,1411.77,1
2026-05-15,2026-05-15 14:29:00,1464.02,1464.09,1464.02,1464.09,0.0,0.96,1411.77,1
2026-05-15,2026-05-15 14:30:00,1464.09,1464.15,1464.09,1464.15,0.0,0.96,1411.77,1
2026-05-15,2026-05-15 14:31:00,1464.15,1464.22,1464.15,1464.22,0.0,0.96,1411.77,1
2026-05-15,2026-05-15 14:32:00,1464.22,1464.29,1464.22,1464.29,0.0,0.96,1411.77,1
2026-05-15,2026-05-15 14:33:00,1464.29,1464.36,1464.29,1464.36,0.0,0.96,1411.77,1
2026-05-15,2026-05-15 14:34:00,1464.36,1464.42,1464.36,1464.42,0.0,0.96,1411.77,1
2026-05-15,2026-05-15 14:35:00,1464.42,1464.49,1464.42,1464.49,0.0,0.96,1411.77,1
2026-05-15,2026-05-15 14:36:00,1464.49,1464.56,1464.49,1464.56,0.0,0.96,1411.77,1
2026-05-15,2026-05-15 14:37:00,1464.56,1464.62,1464.56,1464.62,0.0,0.96,1411.77,1
2026-05-15,2026-05-15 14:38:00,1464.62,1464.69,1464.62,1464.69,0.0,0.96,1411.77,1
2026-05-15,2026-05-15 14:39:00,1464.69,1464.76,1464.69,1464.76,0.0,0.96,1411.77,1
2026-05-15,2026-05-15 14:40:00,1464.76,1464.83,1464.76,1464.83,0.0,0.96,1411.77,1
2026-05-15,2026-05-15 14:41:00,1464.83,1464.89,1464.83,1464.89,0.0,0.96,1411.77,1
2026-05-15,2026-05-15 14:42:00,1464.89,1464.96,1464.89,1464.96,0.0,0.96,1411.77,1
2026-05-15,2026-05-15 14:43:00,1464.96,1465.03,1464.96,1465.03,0.0,0.96,1411.77,1
2026-05-15,2026-05-15 14:44:00,1465.03,1465.09,1465.03,1465.09,0.0,0.96,1411.77,1
2026-05-15,2026-05-15 14:45:00,1465.09,1465.16,1465.09,1465.16,0.0,0.96,1411.77,1
2026-05-15,2026-05-15 14:46:00,1465.16,1465.23,1465.16,1465.23,0.0,0.96,1411.77,1
2026-05-15,2026-05-15 14:47:00,1465.23,1465.29,1465.23,1465.29,0.0,0.96,1411.77,1
2026-05-15,2026-05-15 14:48:00,1465.29,1465.36,1465.29,1465.36,0.0,0.96,1411.77,1
2026-05-15,2026-05-15 14:49:00,1465.36,1465.43,1465.36,1465.43,0.0,0.96,1411.77,1
2026-05-15,2026-05-15 14:50:00,1465.43,1465.5,1465.43,1465.5,0.0,0.96,1411.77,1
2026-05-15,2026-05-15 14:51:00,1465.5,1465.56,1465.5,1465.56,0.0,0.96,1411.77,1
2026-05-15,2026-05-15 14:52:00,1465.56,1465.63,1465.56,1465.63,0.0,0.96,1411.77,1
2026-05-15,2026-05-15 14:53:00,1465.63,1465.7,1465.63,1465.7,0.0,0.96,1411.77,1
2026-05-15,2026-05-15 14:54:00,1465.7,1465.76,1465.7,1465.76,0.0,0.96,1411.77,1
2026-05-15,2026-05-15 14:55:00,1465.76,1465.83,1465.76,1465.83,0.0,0.96,1411.77,1
2026-05-15,2026-05-15 14:56:00,1465.83,1465.9,1465.83,1465.9,0.0,0.96,1411.77,1
2026-05-15,2026-05-15 14:57:00,1465.9,1465.97,1465.9,1465.97,0.0,0.96,1411.77,1
2026-05-15,2026-05-15 14:58:00,1465.97,1466.03,1465.97,1466.03,0.0,0.96,1411.77,1
2026-05-15,2026-05-15 14:59:00,1466.03,1466.1,1466.03,1466.1,0.0,0.96,1411.77,1
2026-05-15,2026-05-15 15:00:00,1466.1,1490.0,1450.0,1466.1,0.0,0.96,1411.77,0
2026-05-18,2026-05-18 11:00:00,1457.0,1469.3,1457.0,1457.07,0.0,1.81,2661.2,1
2026-05-18,2026-05-18 11:01:00,1457.07,1457.15,1457.07,1457.15,0.01,1.81,2661.2,1
2026-05-18,2026-05-18 11:02:00,1457.15,1457.22,1457.15,1457.22,0.0,1.81,2661.2,1
2026-05-18,2026-05-18 11:03:00,1457.22,1457.3,1457.22,1457.3,0.01,1.81,2661.2,1
2026-05-18,2026-05-18 11:04:00,1457.3,1457.37,1457.3,1457.37,0.0,1.81,2661.2,1
2026-05-18,2026-05-18 11:05:00,1457.37,1457.45,1457.37,1457.45,0.01,1.81,2661.2,1
2026-05-18,2026-05-18 11:06:00,1457.45,1457.52,1457.45,1457.52,0.0,1.81,2661.2,1
2026-05-18,2026-05-18 11:07:00,1457.52,1457.6,1457.52,1457.6,0.01,1.81,2661.2,1
2026-05-18,2026-05-18 11:08:00,1457.6,1457.67,1457.6,1457.67,0.0,1.81,2661.2,1
2026-05-18,2026-05-18 11:09:00,1457.67,1457.75,1457.67,1457.75,0.01,1.81,2661.2,1
2026-05-18,2026-05-18 11:10:00,1457.75,1457.82,1457.75,1457.82,0.0,1.81,2661.2,1
2026-05-18,2026-05-18 11:11:00,1457.82,1457.89,1457.82,1457.89,0.0,1.81,2661.2,1
2026-05-18,2026-05-18 11:12:00,1457.89,1457.97,1457.89,1457.97,0.01,1.81,2661.2,1
2026-05-18,2026-05-18 11:13:00,1457.97,1458.04,1457.97,1458.04,0.0,1.81,2661.2,1
2026-05-18,2026-05-18 11:14:00,1458.04,1458.12,1458.04,1458.12,0.01,1.81,2661.2,1
2026-05-18,2026-05-18 11:15:00,1458.12,1458.19,1458.12,1458.19,0.0,1.81,2661.2,1
2026-05-18,2026-05-18 11:16:00,1458.19,1458.27,1458.19,1458.27,0.01,1.81,2661.2,1
2026-05-18,2026-05-18 11:17:00,1458.27,1458.34,1458.27,1458.34,0.0,1.81,2661.2,1
2026-05-18,2026-05-18 11:18:00,1458.34,1458.42,1458.34,1458.42,0.01,1.81,2661.2,1
2026-05-18,2026-05-18 11:19:00,1458.42,1458.49,1458.42,1458.49,0.0,1.81,2661.2,1
2026-05-18,2026-05-18 11:20:00,1458.49,1458.57,1458.49,1458.57,0.01,1.81,2661.2,1
2026-05-18,2026-05-18 11:21:00,1458.57,1458.64,1458.57,1458.64,0.0,1.81,2661.2,1
2026-05-18,2026-05-18 11:22:00,1458.64,1458.72,1458.64,1458.72,0.01,1.81,2661.2,1
2026-05-18,2026-05-18 11:23:00,1458.72,1458.79,1458.72,1458.79,0.0,1.81,2661.2,1
2026-05-18,2026-05-18 11:24:00,1458.79,1458.86,1458.79,1458.86,0.0,1.81,2661.2,1
2026-05-18,2026-05-18 11:25:00,1458.86,1458.94,1458.86,1458.94,0.01,1.81,2661.2,1
2026-05-18,2026-05-18 11:26:00,1458.94,1459.01,1458.94,1459.01,0.0,1.81,2661.2,1
2026-05-18,2026-05-18 11:27:00,1459.01,1459.09,1459.01,1459.09,0.01,1.81,2661.2,1
2026-05-18,2026-05-18 11:28:00,1459.09,1459.16,1459.09,1459.16,0.0,1.81,2661.2,1
2026-05-18,2026-05-18 11:29:00,1459.16,1459.24,1459.16,1459.24,0.01,1.81,2661.2,1
2026-05-18,2026-05-18 11:30:00,1459.24,1459.31,1459.24,1459.31,0.0,1.81,2661.2,1
2026-05-18,2026-05-18 11:31:00,1459.31,1459.39,1459.31,1459.39,0.01,1.81,2661.2,1
2026-05-18,2026-05-18 11:32:00,1459.39,1459.46,1459.39,1459.46,0.0,1.81,2661.2,1
2026-05-18,2026-05-18 11:33:00,1459.46,1459.54,1459.46,1459.54,0.01,1.81,2661.2,1
2026-05-18,2026-05-18 11:34:00,1459.54,1459.61,1459.54,1459.61,0.0,1.81,2661.2,1
2026-05-18,2026-05-18 11:35:00,1459.61,1459.68,1459.61,1459.68,0.0,1.81,2661.2,1
2026-05-18,2026-05-18 11:36:00,1459.68,1459.76,1459.68,1459.76,0.01,1.81,2661.2,1
2026-05-18,2026-05-18 11:37:00,1459.76,1459.83,1459.76,1459.83,0.0,1.81,2661.2,1
2026-05-18,2026-05-18 11:38:00,1459.83,1459.91,1459.83,1459.91,0.01,1.81,2661.2,1
2026-05-18,2026-05-18 11:39:00,1459.91,1459.98,1459.91,1459.98,0.0,1.81,2661.2,1
2026-05-18,2026-05-18 11:40:00,1459.98,1460.06,1459.98,1460.06,0.01,1.81,2661.2,1
2026-05-18,2026-05-18 11:41:00,1460.06,1460.13,1460.06,1460.13,0.0,1.81,2661.2,1
2026-05-18,2026-05-18 11:42:00,1460.13,1460.21,1460.13,1460.21,0.01,1.81,2661.2,1
2026-05-18,2026-05-18 11:43:00,1460.21,1460.28,1460.21,1460.28,0.0,1.81,2661.2,1
2026-05-18,2026-05-18 11:44:00,1460.28,1460.36,1460.28,1460.36,0.01,1.81,2661.2,1
2026-05-18,2026-05-18 11:45:00,1460.36,1460.43,1460.36,1460.43,0.0,1.81,2661.2,1
2026-05-18,2026-05-18 11:46:00,1460.43,1460.51,1460.43,1460.51,0.01,1.81,2661.2,1
2026-05-18,2026-05-18 11:47:00,1460.51,1460.58,1460.51,1460.58,0.0,1.81,2661.2,1
2026-05-18,2026-05-18 11:48:00,1460.58,1460.65,1460.58,1460.65,0.0,1.81,2661.2,1
2026-05-18,2026-05-18 11:49:00,1460.65,1460.73,1460.65,1460.73,0.01,1.81,2661.2,1
2026-05-18,2026-05-18 11:50:00,1460.73,1460.8,1460.73,1460.8,0.0,1.81,2661.2,1
2026-05-18,2026-05-18 11:51:00,1460.8,1460.88,1460.8,1460.88,0.01,1.81,2661.2,1
2026-05-18,2026-05-18 11:52:00,1460.88,1460.95,1460.88,1460.95,0.0,1.81,2661.2,1
2026-05-18,2026-05-18 11:53:00,1460.95,1461.03,1460.95,1461.03,0.01,1.81,2661.2,1
2026-05-18,2026-05-18 11:54:00,1461.03,1461.1,1461.03,1461.1,0.0,1.81,2661.2,1
2026-05-18,2026-05-18 11:55:00,1461.1,1461.18,1461.1,1461.18,0.01,1.81,2661.2,1
2026-05-18,2026-05-18 11:56:00,1461.18,1461.25,1461.18,1461.25,0.0,1.81,2661.2,1
2026-05-18,2026-05-18 11:57:00,1461.25,1461.33,1461.25,1461.33,0.01,1.81,2661.2,1
2026-05-18,2026-05-18 11:58:00,1461.33,1461.4,1461.33,1461.4,0.0,1.81,2661.2,1
2026-05-18,2026-05-18 11:59:00,1461.4,1461.47,1461.4,1461.47,0.0,1.81,2661.2,1
2026-05-18,2026-05-18 12:00:00,1461.47,1461.55,1461.47,1461.55,0.01,1.81,2661.2,1
2026-05-18,2026-05-18 12:01:00,1461.55,1461.62,1461.55,1461.62,0.0,1.81,2661.2,1
2026-05-18,2026-05-18 12:02:00,1461.62,1461.7,1461.62,1461.7,0.01,1.81,2661.2,1
2026-05-18,2026-05-18 12:03:00,1461.7,1461.77,1461.7,1461.77,0.0,1.81,2661.2,1
2026-05-18,2026-05-18 12:04:00,1461.77,1461.85,1461.77,1461.85,0.01,1.81,2661.2,1
2026-05-18,2026-05-18 12:05:00,1461.85,1461.92,1461.85,1461.92,0.0,1.81,2661.2,1
2026-05-18,2026-05-18 12:06:00,1461.92,1462.0,1461.92,1462.0,0.01,1.81,2661.2,1
2026-05-18,2026-05-18 12:07:00,1462.0,1462.07,1462.0,1462.07,0.0,1.81,2661.2,1
2026-05-18,2026-05-18 12:08:00,1462.07,1462.15,1462.07,1462.15,0.01,1.81,2661.2,1
2026-05-18,2026-05-18 12:09:00,1462.15,1462.22,1462.15,1462.22,0.0,1.81,2661.2,1
2026-05-18,2026-05-18 12:10:00,1462.22,1462.3,1462.22,1462.3,0.01,1.81,2661.2,1
2026-05-18,2026-05-18 12:11:00,1462.3,1462.37,1462.3,1462.37,0.0,1.81,2661.2,1
2026-05-18,2026-05-18 12:12:00,1462.37,1462.44,1462.37,1462.44,0.0,1.81,2661.2,1
2026-05-18,2026-05-18 12:13:00,1462.44,1462.52,1462.44,1462.52,0.01,1.81,2661.2,1
2026-05-18,2026-05-18 12:14:00,1462.52,1462.59,1462.52,1462.59,0.0,1.81,2661.2,1
2026-05-18,2026-05-18 12:15:00,1462.59,1462.67,1462.59,1462.67,0.01,1.81,2661.2,1
2026-05-18,2026-05-18 12:16:00,1462.67,1462.74,1462.67,1462.74,0.0,1.81,2661.2,1
2026-05-18,2026-05-18 12:17:00,1462.74,1462.82,1462.74,1462.82,0.01,1.81,2661.2,1
2026-05-18,2026-05-18 12:18:00,1462.82,1462.89,1462.82,1462.89,0.0,1.81,2661.2,1
2026-05-18,2026-05-18 12:19:00,1462.89,1462.97,1462.89,1462.97,0.01,1.81,2661.2,1
2026-05-18,2026-05-18 12:20:00,1462.97,1463.04,1462.97,1463.04,0.0,1.81,2661.2,1
2026-05-18,2026-05-18 12:21:00,1463.04,1463.12,1463.04,1463.12,0.01,1.81,2661.2,1
2026-05-18,2026-05-18 12:22:00,1463.12,1463.19,1463.12,1463.19,0.0,1.81,2661.2,1
2026-05-18,2026-05-18 12:23:00,1463.19,1463.27,1463.19,1463.27,0.01,1.81,2661.2,1
2026-05-18,2026-05-18 12:24:00,1463.27,1463.34,1463.27,1463.34,0.0,1.81,2661.2,1
2026-05-18,2026-05-18 12:25:00,1463.34,1463.41,1463.34,1463.41,0.0,1.81,2661.2,1
2026-05-18,2026-05-18 12:26:00,1463.41,1463.49,1463.41,1463.49,0.01,1.81,2661.2,1
2026-05-18,2026-05-18 12:27:00,1463.49,1463.56,1463.49,1463.56,0.0,1.81,2661.2,1
2026-05-18,2026-05-18 12:28:00,1463.56,1463.64,1463.56,1463.64,0.01,1.81,2661.2,1
2026-05-18,2026-05-18 12:29:00,1463.64,1463.71,1463.64,1463.71,0.0,1.81,2661.2,1
2026-05-18,2026-05-18 12:30:00,1463.71,1463.79,1463.71,1463.79,0.01,1.81,2661.2,1
2026-05-18,2026-05-18 12:31:00,1463.79,1463.86,1463.79,1463.86,0.0,1.81,2661.2,1
2026-05-18,2026-05-18 12:32:00,1463.86,1463.94,1463.86,1463.94,0.01,1.81,2661.2,1
2026-05-18,2026-05-18 12:33:00,1463.94,1464.01,1463.94,1464.01,0.0,1.81,2661.2,1
2026-05-18,2026-05-18 12:34:00,1464.01,1464.09,1464.01,1464.09,0.01,1.81,2661.2,1
2026-05-18,2026-05-18 12:35:00,1464.09,1464.16,1464.09,1464.16,0.0,1.81,2661.2,1
2026-05-18,2026-05-18 12:36:00,1464.16,1464.23,1464.16,1464.23,0.0,1.81,2661.2,1
2026-05-18,2026-05-18 12:37:00,1464.23,1464.31,1464.23,1464.31,0.01,1.81,2661.2,1
2026-05-18,2026-05-18 12:38:00,1464.31,1464.38,1464.31,1464.38,0.0,1.81,2661.2,1
2026-05-18,2026-05-18 12:39:00,1464.38,1464.46,1464.38,1464.46,0.01,1.81,2661.2,1
2026-05-18,2026-05-18 12:40:00,1464.46,1464.53,1464.46,1464.53,0.0,1.81,2661.2,1
2026-05-18,2026-05-18 12:41:00,1464.53,1464.61,1464.53,1464.61,0.01,1.81,2661.2,1
2026-05-18,2026-05-18 12:42:00,1464.61,1464.68,1464.61,1464.68,0.0,1.81,2661.2,1
2026-05-18,2026-05-18 12:43:00,1464.68,1464.76,1464.68,1464.76,0.01,1.81,2661.2,1
2026-05-18,2026-05-18 12:44:00,1464.76,1464.83,1464.76,1464.83,0.0,1.81,2661.2,1
2026-05-18,2026-05-18 12:45:00,1464.83,1464.91,1464.83,1464.91,0.01,1.81,2661.2,1
2026-05-18,2026-05-18 12:46:00,1464.91,1464.98,1464.91,1464.98,0.0,1.81,2661.2,1
2026-05-18,2026-05-18 12:47:00,1464.98,1465.06,1464.98,1465.06,0.01,1.81,2661.2,1
2026-05-18,2026-05-18 12:48:00,1465.06,1465.13,1465.06,1465.13,0.0,1.81,2661.2,1
2026-05-18,2026-05-18 12:49:00,1465.13,1465.2,1465.13,1465.2,0.0,1.81,2661.2,1
2026-05-18,2026-05-18 12:50:00,1465.2,1465.28,1465.2,1465.28,0.01,1.81,2661.2,1
2026-05-18,2026-05-18 12:51:00,1465.28,1465.35,1465.28,1465.35,0.0,1.81,2661.2,1
2026-05-18,2026-05-18 12:52:00,1465.35,1465.43,1465.35,1465.43,0.01,1.81,2661.2,1
2026-05-18,2026-05-18 12:53:00,1465.43,1465.5,1465.43,1465.5,0.0,1.81,2661.2,1
2026-05-18,2026-05-18 12:54:00,1465.5,1465.58,1465.5,1465.58,0.01,1.81,2661.2,1
2026-05-18,2026-05-18 12:55:00,1465.58,1465.65,1465.58,1465.65,0.0,1.81,2661.2,1
2026-05-18,2026-05-18 12:56:00,1465.65,1465.73,1465.65,1465.73,0.01,1.81,2661.2,1
2026-05-18,2026-05-18 12:57:00,1465.73,1465.8,1465.73,1465.8,0.0,1.81,2661.2,1
2026-05-18,2026-05-18 12:58:00,1465.8,1465.88,1465.8,1465.88,0.01,1.81,2661.2,1
2026-05-18,2026-05-18 12:59:00,1465.88,1465.95,1465.88,1465.95,0.0,1.81,2661.2,1
2026-05-18,2026-05-18 13:00:00,1465.95,1498.0,1457.0,1466.02,0.0,1.81,2661.2,1
2026-05-18,2026-05-18 13:01:00,1466.02,1466.1,1466.02,1466.1,0.01,1.81,2661.2,1
2026-05-18,2026-05-18 13:02:00,1466.1,1466.17,1466.1,1466.17,0.0,1.81,2661.2,1
2026-05-18,2026-05-18 13:03:00,1466.17,1466.25,1466.17,1466.25,0.01,1.81,2661.2,1
2026-05-18,2026-05-18 13:04:00,1466.25,1466.32,1466.25,1466.32,0.0,1.81,2661.2,1
2026-05-18,2026-05-18 13:05:00,1466.32,1466.4,1466.32,1466.4,0.01,1.81,2661.2,1
2026-05-18,2026-05-18 13:06:00,1466.4,1466.47,1466.4,1466.47,0.0,1.81,2661.2,1
2026-05-18,2026-05-18 13:07:00,1466.47,1466.55,1466.47,1466.55,0.01,1.81,2661.2,1
2026-05-18,2026-05-18 13:08:00,1466.55,1466.62,1466.55,1466.62,0.0,1.81,2661.2,1
2026-05-18,2026-05-18 13:09:00,1466.62,1466.7,1466.62,1466.7,0.01,1.81,2661.2,1
2026-05-18,2026-05-18 13:10:00,1466.7,1466.77,1466.7,1466.77,0.0,1.81,2661.2,1
2026-05-18,2026-05-18 13:11:00,1466.77,1466.85,1466.77,1466.85,0.01,1.81,2661.2,1
2026-05-18,2026-05-18 13:12:00,1466.85,1466.92,1466.85,1466.92,0.0,1.81,2661.2,1
2026-05-18,2026-05-18 13:13:00,1466.92,1466.99,1466.92,1466.99,0.0,1.81,2661.2,1
2026-05-18,2026-05-18 13:14:00,1466.99,1467.07,1466.99,1467.07,0.01,1.81,2661.2,1
2026-05-18,2026-05-18 13:15:00,1467.07,1467.14,1467.07,1467.14,0.0,1.81,2661.2,1
2026-05-18,2026-05-18 13:16:00,1467.14,1467.22,1467.14,1467.22,0.01,1.81,2661.2,1
2026-05-18,2026-05-18 13:17:00,1467.22,1467.29,1467.22,1467.29,0.0,1.81,2661.2,1
2026-05-18,2026-05-18 13:18:00,1467.29,1467.37,1467.29,1467.37,0.01,1.81,2661.2,1
2026-05-18,2026-05-18 13:19:00,1467.37,1467.44,1467.37,1467.44,0.0,1.81,2661.2,1
2026-05-18,2026-05-18 13:20:00,1467.44,1467.52,1467.44,1467.52,0.01,1.81,2661.2,1
2026-05-18,2026-05-18 13:21:00,1467.52,1467.59,1467.52,1467.59,0.0,1.81,2661.2,1
2026-05-18,2026-05-18 13:22:00,1467.59,1467.67,1467.59,1467.67,0.01,1.81,2661.2,1
2026-05-18,2026-05-18 13:23:00,1467.67,1467.74,1467.67,1467.74,0.0,1.81,2661.2,1
2026-05-18,2026-05-18 13:24:00,1467.74,1467.81,1467.74,1467.81,0.0,1.81,2661.2,1
2026-05-18,2026-05-18 13:25:00,1467.81,1467.89,1467.81,1467.89,0.01,1.81,2661.2,1
2026-05-18,2026-05-18 13:26:00,1467.89,1467.96,1467.89,1467.96,0.0,1.81,2661.2,1
2026-05-18,2026-05-18 13:27:00,1467.96,1468.04,1467.96,1468.04,0.01,1.81,2661.2,1
2026-05-18,2026-05-18 13:28:00,1468.04,1468.11,1468.04,1468.11,0.0,1.81,2661.2,1
2026-05-18,2026-05-18 13:29:00,1468.11,1468.19,1468.11,1468.19,0.01,1.81,2661.2,1
2026-05-18,2026-05-18 13:30:00,1468.19,1468.26,1468.19,1468.26,0.0,1.81,2661.2,1
2026-05-18,2026-05-18 13:31:00,1468.26,1468.34,1468.26,1468.34,0.01,1.81,2661.2,1
2026-05-18,2026-05-18 13:32:00,1468.34,1468.41,1468.34,1468.41,0.0,1.81,2661.2,1
2026-05-18,2026-05-18 13:33:00,1468.41,1468.49,1468.41,1468.49,0.01,1.81,2661.2,1
2026-05-18,2026-05-18 13:34:00,1468.49,1468.56,1468.49,1468.56,0.0,1.81,2661.2,1
2026-05-18,2026-05-18 13:35:00,1468.56,1468.63,1468.56,1468.63,0.0,1.81,2661.2,1
2026-05-18,2026-05-18 13:36:00,1468.63,1468.71,1468.63,1468.71,0.01,1.81,2661.2,1
2026-05-18,2026-05-18 13:37:00,1468.71,1468.78,1468.71,1468.78,0.0,1.81,2661.2,1
2026-05-18,2026-05-18 13:38:00,1468.78,1468.86,1468.78,1468.86,0.01,1.81,2661.2,1
2026-05-18,2026-05-18 13:39:00,1468.86,1468.93,1468.86,1468.93,0.0,1.81,2661.2,1
2026-05-18,2026-05-18 13:40:00,1468.93,1469.01,1468.93,1469.01,0.01,1.81,2661.2,1
2026-05-18,2026-05-18 13:41:00,1469.01,1469.08,1469.01,1469.08,0.0,1.81,2661.2,1
2026-05-18,2026-05-18 13:42:00,1469.08,1469.16,1469.08,1469.16,0.01,1.81,2661.2,1
2026-05-18,2026-05-18 13:43:00,1469.16,1469.23,1469.16,1469.23,0.0,1.81,2661.2,1
2026-05-18,2026-05-18 13:44:00,1469.23,1469.31,1469.23,1469.31,0.01,1.81,2661.2,1
2026-05-18,2026-05-18 13:45:00,1469.31,1469.38,1469.31,1469.38,0.0,1.81,2661.2,1
2026-05-18,2026-05-18 13:46:00,1469.38,1469.46,1469.38,1469.46,0.01,1.81,2661.2,1
2026-05-18,2026-05-18 13:47:00,1469.46,1469.53,1469.46,1469.53,0.0,1.81,2661.2,1
2026-05-18,2026-05-18 13:48:00,1469.53,1469.6,1469.53,1469.6,0.0,1.81,2661.2,1
2026-05-18,2026-05-18 13:49:00,1469.6,1469.68,1469.6,1469.68,0.01,1.81,2661.2,1
2026-05-18,2026-05-18 13:50:00,1469.68,1469.75,1469.68,1469.75,0.0,1.81,2661.2,1
2026-05-18,2026-05-18 13:51:00,1469.75,1469.83,1469.75,1469.83,0.01,1.81,2661.2,1
2026-05-18,2026-05-18 13:52:00,1469.83,1469.9,1469.83,1469.9,0.0,1.81,2661.2,1
2026-05-18,2026-05-18 13:53:00,1469.9,1469.98,1469.9,1469.98,0.01,1.81,2661.2,1
2026-05-18,2026-05-18 13:54:00,1469.98,1470.05,1469.98,1470.05,0.0,1.81,2661.2,1
2026-05-18,2026-05-18 13:55:00,1470.05,1470.13,1470.05,1470.13,0.01,1.81,2661.2,1
2026-05-18,2026-05-18 13:56:00,1470.13,1470.2,1470.13,1470.2,0.0,1.81,2661.2,1
2026-05-18,2026-05-18 13:57:00,1470.2,1470.28,1470.2,1470.28,0.01,1.81,2661.2,1
2026-05-18,2026-05-18 13:58:00,1470.28,1470.35,1470.28,1470.35,0.0,1.81,2661.2,1
2026-05-18,2026-05-18 13:59:00,1470.35,1470.43,1470.35,1470.43,0.01,1.81,2661.2,1
2026-05-18,2026-05-18 14:00:00,1470.43,1470.5,1470.43,1470.5,0.0,1.81,2661.2,1
2026-05-18,2026-05-18 14:01:00,1470.5,1470.57,1470.5,1470.57,0.0,1.81,2661.2,1
2026-05-18,2026-05-18 14:02:00,1470.57,1470.65,1470.57,1470.65,0.01,1.81,2661.2,1
2026-05-18,2026-05-18 14:03:00,1470.65,1470.72,1470.65,1470.72,0.0,1.81,2661.2,1
2026-05-18,2026-05-18 14:04:00,1470.72,1470.8,1470.72,1470.8,0.01,1.81,2661.2,1
2026-05-18,2026-05-18 14:05:00,1470.8,1470.87,1470.8,1470.87,0.0,1.81,2661.2,1
2026-05-18,2026-05-18 14:06:00,1470.87,1470.95,1470.87,1470.95,0.01,1.81,2661.2,1
2026-05-18,2026-05-18 14:07:00,1470.95,1471.02,1470.95,1471.02,0.0,1.81,2661.2,1
2026-05-18,2026-05-18 14:08:00,1471.02,1471.1,1471.02,1471.1,0.01,1.81,2661.2,1
2026-05-18,2026-05-18 14:09:00,1471.1,1471.17,1471.1,1471.17,0.0,1.81,2661.2,1
2026-05-18,2026-05-18 14:10:00,1471.17,1471.25,1471.17,1471.25,0.01,1.81,2661.2,1
2026-05-18,2026-05-18 14:11:00,1471.25,1471.32,1471.25,1471.32,0.0,1.81,2661.2,1
2026-05-18,2026-05-18 14:12:00,1471.32,1471.39,1471.32,1471.39,0.0,1.81,2661.2,1
2026-05-18,2026-05-18 14:13:00,1471.39,1471.47,1471.39,1471.47,0.01,1.81,2661.2,1
2026-05-18,2026-05-18 14:14:00,1471.47,1471.54,1471.47,1471.54,0.0,1.81,2661.2,1
2026-05-18,2026-05-18 14:15:00,1471.54,1471.62,1471.54,1471.62,0.01,1.81,2661.2,1
2026-05-18,2026-05-18 14:16:00,1471.62,1471.69,1471.62,1471.69,0.0,1.81,2661.2,1
2026-05-18,2026-05-18 14:17:00,1471.69,1471.77,1471.69,1471.77,0.01,1.81,2661.2,1
2026-05-18,2026-05-18 14:18:00,1471.77,1471.84,1471.77,1471.84,0.0,1.81,2661.2,1
2026-05-18,2026-05-18 14:19:00,1471.84,1471.92,1471.84,1471.92,0.01,1.81,2661.2,1
2026-05-18,2026-05-18 14:20:00,1471.92,1471.99,1471.92,1471.99,0.0,1.81,2661.2,1
2026-05-18,2026-05-18 14:21:00,1471.99,1472.07,1471.99,1472.07,0.01,1.81,2661.2,1
2026-05-18,2026-05-18 14:22:00,1472.07,1472.14,1472.07,1472.14,0.0,1.81,2661.2,1
2026-05-18,2026-05-18 14:23:00,1472.14,1472.22,1472.14,1472.22,0.01,1.81,2661.2,1
2026-05-18,2026-05-18 14:24:00,1472.22,1472.29,1472.22,1472.29,0.0,1.81,2661.2,1
2026-05-18,2026-05-18 14:25:00,1472.29,1472.36,1472.29,1472.36,0.0,1.81,2661.2,1
2026-05-18,2026-05-18 14:26:00,1472.36,1472.44,1472.36,1472.44,0.01,1.81,2661.2,1
2026-05-18,2026-05-18 14:27:00,1472.44,1472.51,1472.44,1472.51,0.0,1.81,2661.2,1
2026-05-18,2026-05-18 14:28:00,1472.51,1472.59,1472.51,1472.59,0.01,1.81,2661.2,1
2026-05-18,2026-05-18 14:29:00,1472.59,1472.66,1472.59,1472.66,0.0,1.81,2661.2,1
2026-05-18,2026-05-18 14:30:00,1472.66,1472.74,1472.66,1472.74,0.01,1.81,2661.2,1
2026-05-18,2026-05-18 14:31:00,1472.74,1472.81,1472.74,1472.81,0.0,1.81,2661.2,1
2026-05-18,2026-05-18 14:32:00,1472.81,1472.89,1472.81,1472.89,0.01,1.81,2661.2,1
2026-05-18,2026-05-18 14:33:00,1472.89,1472.96,1472.89,1472.96,0.0,1.81,2661.2,1
2026-05-18,2026-05-18 14:34:00,1472.96,1473.04,1472.96,1473.04,0.01,1.81,2661.2,1
2026-05-18,2026-05-18 14:35:00,1473.04,1473.11,1473.04,1473.11,0.0,1.81,2661.2,1
2026-05-18,2026-05-18 14:36:00,1473.11,1473.18,1473.11,1473.18,0.0,1.81,2661.2,1
2026-05-18,2026-05-18 14:37:00,1473.18,1473.26,1473.18,1473.26,0.01,1.81,2661.2,1
2026-05-18,2026-05-18 14:38:00,1473.26,1473.33,1473.26,1473.33,0.0,1.81,2661.2,1
2026-05-18,2026-05-18 14:39:00,1473.33,1473.41,1473.33,1473.41,0.01,1.81,2661.2,1
2026-05-18,2026-05-18 14:40:00,1473.41,1473.48,1473.41,1473.48,0.0,1.81,2661.2,1
2026-05-18,2026-05-18 14:41:00,1473.48,1473.56,1473.48,1473.56,0.01,1.81,2661.2,1
2026-05-18,2026-05-18 14:42:00,1473.56,1473.63,1473.56,1473.63,0.0,1.81,2661.2,1
2026-05-18,2026-05-18 14:43:00,1473.63,1473.71,1473.63,1473.71,0.01,1.81,2661.2,1
2026-05-18,2026-05-18 14:44:00,1473.71,1473.78,1473.71,1473.78,0.0,1.81,2661.2,1
2026-05-18,2026-05-18 14:45:00,1473.78,1473.86,1473.78,1473.86,0.01,1.81,2661.2,1
2026-05-18,2026-05-18 14:46:00,1473.86,1473.93,1473.86,1473.93,0.0,1.81,2661.2,1
2026-05-18,2026-05-18 14:47:00,1473.93,1474.01,1473.93,1474.01,0.01,1.81,2661.2,1
2026-05-18,2026-05-18 14:48:00,1474.01,1474.08,1474.01,1474.08,0.0,1.81,2661.2,1
2026-05-18,2026-05-18 14:49:00,1474.08,1474.15,1474.08,1474.15,0.0,1.81,2661.2,1
2026-05-18,2026-05-18 14:50:00,1474.15,1474.23,1474.15,1474.23,0.01,1.81,2661.2,1
2026-05-18,2026-05-18 14:51:00,1474.23,1474.3,1474.23,1474.3,0.0,1.81,2661.2,1
2026-05-18,2026-05-18 14:52:00,1474.3,1474.38,1474.3,1474.38,0.01,1.81,2661.2,1
2026-05-18,2026-05-18 14:53:00,1474.38,1474.45,1474.38,1474.45,0.0,1.81,2661.2,1
2026-05-18,2026-05-18 14:54:00,1474.45,1474.53,1474.45,1474.53,0.01,1.81,2661.2,1
2026-05-18,2026-05-18 14:55:00,1474.53,1474.6,1474.53,1474.6,0.0,1.81,2661.2,1
2026-05-18,2026-05-18 14:56:00,1474.6,1474.68,1474.6,1474.68,0.01,1.81,2661.2,1
2026-05-18,2026-05-18 14:57:00,1474.68,1474.75,1474.68,1474.75,0.0,1.81,2661.2,1
2026-05-18,2026-05-18 14:58:00,1474.75,1474.83,1474.75,1474.83,0.01,1.81,2661.2,1
2026-05-18,2026-05-18 14:59:00,1474.83,1474.9,1474.83,1474.9,0.0,1.81,2661.2,1
2026-05-18,2026-05-18 15:00:00,1474.9,1498.0,1457.0,1474.9,0.0,1.81,2661.2,0
2026-05-19,2026-05-19 11:00:00,1443.0,1457.1,1443.0,1443.19,0.01,1.99,2908.4,1
2026-05-19,2026-05-19 11:01:00,1443.19,1443.38,1443.19,1443.38,0.01,1.99,2908.4,1
2026-05-19,2026-05-19 11:02:00,1443.38,1443.56,1443.38,1443.56,0.01,1.99,2908.4,1
2026-05-19,2026-05-19 11:03:00,1443.56,1443.75,1443.56,1443.75,0.01,1.99,2908.4,1
2026-05-19,2026-05-19 11:04:00,1443.75,1443.94,1443.75,1443.94,0.01,1.99,2908.4,1
2026-05-19,2026-05-19 11:05:00,1443.94,1444.12,1443.94,1444.12,0.01,1.99,2908.4,1
2026-05-19,2026-05-19 11:06:00,1444.12,1444.31,1444.12,1444.31,0.01,1.99,2908.4,1
2026-05-19,2026-05-19 11:07:00,1444.31,1444.5,1444.31,1444.5,0.01,1.99,2908.4,1
2026-05-19,2026-05-19 11:08:00,1444.5,1444.69,1444.5,1444.69,0.01,1.99,2908.4,1
2026-05-19,2026-05-19 11:09:00,1444.69,1444.88,1444.69,1444.88,0.01,1.99,2908.4,1
2026-05-19,2026-05-19 11:10:00,1444.88,1445.06,1444.88,1445.06,0.01,1.99,2908.4,1
2026-05-19,2026-05-19 11:11:00,1445.06,1445.25,1445.06,1445.25,0.01,1.99,2908.4,1
2026-05-19,2026-05-19 11:12:00,1445.25,1445.44,1445.25,1445.44,0.01,1.99,2908.4,1
2026-05-19,2026-05-19 11:13:00,1445.44,1445.62,1445.44,1445.62,0.01,1.99,2908.4,1
2026-05-19,2026-05-19 11:14:00,1445.62,1445.81,1445.62,1445.81,0.01,1.99,2908.4,1
2026-05-19,2026-05-19 11:15:00,1445.81,1446.0,1445.81,1446.0,0.01,1.99,2908.4,1
2026-05-19,2026-05-19 11:16:00,1446.0,1446.19,1446.0,1446.19,0.01,1.99,2908.4,1
2026-05-19,2026-05-19 11:17:00,1446.19,1446.38,1446.19,1446.38,0.01,1.99,2908.4,1
2026-05-19,2026-05-19 11:18:00,1446.38,1446.56,1446.38,1446.56,0.01,1.99,2908.4,1
2026-05-19,2026-05-19 11:19:00,1446.56,1446.75,1446.56,1446.75,0.01,1.99,2908.4,1
2026-05-19,2026-05-19 11:20:00,1446.75,1446.94,1446.75,1446.94,0.01,1.99,2908.4,1
2026-05-19,2026-05-19 11:21:00,1446.94,1447.12,1446.94,1447.12,0.01,1.99,2908.4,1
2026-05-19,2026-05-19 11:22:00,1447.12,1447.31,1447.12,1447.31,0.01,1.99,2908.4,1
2026-05-19,2026-05-19 11:23:00,1447.31,1447.5,1447.31,1447.5,0.01,1.99,2908.4,1
2026-05-19,2026-05-19 11:24:00,1447.5,1447.69,1447.5,1447.69,0.01,1.99,2908.4,1
2026-05-19,2026-05-19 11:25:00,1447.69,1447.88,1447.69,1447.88,0.01,1.99,2908.4,1
2026-05-19,2026-05-19 11:26:00,1447.88,1448.06,1447.88,1448.06,0.01,1.99,2908.4,1
2026-05-19,2026-05-19 11:27:00,1448.06,1448.25,1448.06,1448.25,0.01,1.99,2908.4,1
2026-05-19,2026-05-19 11:28:00,1448.25,1448.44,1448.25,1448.44,0.01,1.99,2908.4,1
2026-05-19,2026-05-19 11:29:00,1448.44,1448.62,1448.44,1448.62,0.01,1.99,2908.4,1
2026-05-19,2026-05-19 11:30:00,1448.62,1448.81,1448.62,1448.81,0.01,1.99,2908.4,1
2026-05-19,2026-05-19 11:31:00,1448.81,1449.0,1448.81,1449.0,0.01,1.99,2908.4,1
2026-05-19,2026-05-19 11:32:00,1449.0,1449.19,1449.0,1449.19,0.01,1.99,2908.4,1
2026-05-19,2026-05-19 11:33:00,1449.19,1449.38,1449.19,1449.38,0.01,1.99,2908.4,1
2026-05-19,2026-05-19 11:34:00,1449.38,1449.56,1449.38,1449.56,0.01,1.99,2908.4,1
2026-05-19,2026-05-19 11:35:00,1449.56,1449.75,1449.56,1449.75,0.01,1.99,2908.4,1
2026-05-19,2026-05-19 11:36:00,1449.75,1449.94,1449.75,1449.94,0.01,1.99,2908.4,1
2026-05-19,2026-05-19 11:37:00,1449.94,1450.12,1449.94,1450.12,0.01,1.99,2908.4,1
2026-05-19,2026-05-19 11:38:00,1450.12,1450.31,1450.12,1450.31,0.01,1.99,2908.4,1
2026-05-19,2026-05-19 11:39:00,1450.31,1450.5,1450.31,1450.5,0.01,1.99,2908.4,1
2026-05-19,2026-05-19 11:40:00,1450.5,1450.69,1450.5,1450.69,0.01,1.99,2908.4,1
2026-05-19,2026-05-19 11:41:00,1450.69,1450.88,1450.69,1450.88,0.01,1.99,2908.4,1
2026-05-19,2026-05-19 11:42:00,1450.88,1451.06,1450.88,1451.06,0.01,1.99,2908.4,1
2026-05-19,2026-05-19 11:43:00,1451.06,1451.25,1451.06,1451.25,0.01,1.99,2908.4,1
2026-05-19,2026-05-19 11:44:00,1451.25,1451.44,1451.25,1451.44,0.01,1.99,2908.4,1
2026-05-19,2026-05-19 11:45:00,1451.44,1451.62,1451.44,1451.62,0.01,1.99,2908.4,1
2026-05-19,2026-05-19 11:46:00,1451.62,1451.81,1451.62,1451.81,0.01,1.99,2908.4,1
2026-05-19,2026-05-19 11:47:00,1451.81,1452.0,1451.81,1452.0,0.01,1.99,2908.4,1
2026-05-19,2026-05-19 11:48:00,1452.0,1452.19,1452.0,1452.19,0.01,1.99,2908.4,1
2026-05-19,2026-05-19 11:49:00,1452.19,1452.38,1452.19,1452.38,0.01,1.99,2908.4,1
2026-05-19,2026-05-19 11:50:00,1452.38,1452.56,1452.38,1452.56,0.01,1.99,2908.4,1
2026-05-19,2026-05-19 11:51:00,1452.56,1452.75,1452.56,1452.75,0.01,1.99,2908.4,1
2026-05-19,2026-05-19 11:52:00,1452.75,1452.94,1452.75,1452.94,0.01,1.99,2908.4,1
2026-05-19,2026-05-19 11:53:00,1452.94,1453.12,1452.94,1453.12,0.01,1.99,2908.4,1
2026-05-19,2026-05-19 11:54:00,1453.12,1453.31,1453.12,1453.31,0.01,1.99,2908.4,1
2026-05-19,2026-05-19 11:55:00,1453.31,1453.5,1453.31,1453.5,0.01,1.99,2908.4,1
2026-05-19,2026-05-19 11:56:00,1453.5,1453.69,1453.5,1453.69,0.01,1.99,2908.4,1
2026-05-19,2026-05-19 11:57:00,1453.69,1453.88,1453.69,1453.88,0.01,1.99,2908.4,1
2026-05-19,2026-05-19 11:58:00,1453.88,1454.06,1453.88,1454.06,0.01,1.99,2908.4,1
2026-05-19,2026-05-19 11:59:00,1454.06,1454.25,1454.06,1454.25,0.01,1.99,2908.4,1
2026-05-19,2026-05-19 12:00:00,1454.25,1454.44,1454.25,1454.44,0.01,1.99,2908.4,1
2026-05-19,2026-05-19 12:01:00,1454.44,1454.62,1454.44,1454.62,0.01,1.99,2908.4,1
2026-05-19,2026-05-19 12:02:00,1454.62,1454.81,1454.62,1454.81,0.01,1.99,2908.4,1
2026-05-19,2026-05-19 12:03:00,1454.81,1455.0,1454.81,1455.0,0.01,1.99,2908.4,1
2026-05-19,2026-05-19 12:04:00,1455.0,1455.19,1455.0,1455.19,0.01,1.99,2908.4,1
2026-05-19,2026-05-19 12:05:00,1455.19,1455.38,1455.19,1455.38,0.01,1.99,2908.4,1
2026-05-19,2026-05-19 12:06:00,1455.38,1455.56,1455.38,1455.56,0.01,1.99,2908.4,1
2026-05-19,2026-05-19 12:07:00,1455.56,1455.75,1455.56,1455.75,0.01,1.99,2908.4,1
2026-05-19,2026-05-19 12:08:00,1455.75,1455.94,1455.75,1455.94,0.01,1.99,2908.4,1
2026-05-19,2026-05-19 12:09:00,1455.94,1456.12,1455.94,1456.12,0.01,1.99,2908.4,1
2026-05-19,2026-05-19 12:10:00,1456.12,1456.31,1456.12,1456.31,0.01,1.99,2908.4,1
2026-05-19,2026-05-19 12:11:00,1456.31,1456.5,1456.31,1456.5,0.01,1.99,2908.4,1
2026-05-19,2026-05-19 12:12:00,1456.5,1456.69,1456.5,1456.69,0.01,1.99,2908.4,1
2026-05-19,2026-05-19 12:13:00,1456.69,1456.88,1456.69,1456.88,0.01,1.99,2908.4,1
2026-05-19,2026-05-19 12:14:00,1456.88,1457.06,1456.88,1457.06,0.01,1.99,2908.4,1
2026-05-19,2026-05-19 12:15:00,1457.06,1457.25,1457.06,1457.25,0.01,1.99,2908.4,1
2026-05-19,2026-05-19 12:16:00,1457.25,1457.44,1457.25,1457.44,0.01,1.99,2908.4,1
2026-05-19,2026-05-19 12:17:00,1457.44,1457.62,1457.44,1457.62,0.01,1.99,2908.4,1
2026-05-19,2026-05-19 12:18:00,1457.62,1457.81,1457.62,1457.81,0.01,1.99,2908.4,1
2026-05-19,2026-05-19 12:19:00,1457.81,1458.0,1457.81,1458.0,0.01,1.99,2908.4,1
2026-05-19,2026-05-19 12:20:00,1458.0,1458.19,1458.0,1458.19,0.01,1.99,2908.4,1
2026-05-19,2026-05-19 12:21:00,1458.19,1458.38,1458.19,1458.38,0.01,1.99,2908.4,1
2026-05-19,2026-05-19 12:22:00,1458.38,1458.56,1458.38,1458.56,0.01,1.99,2908.4,1
2026-05-19,2026-05-19 12:23:00,1458.56,1458.75,1458.56,1458.75,0.01,1.99,2908.4,1
2026-05-19,2026-05-19 12:24:00,1458.75,1458.94,1458.75,1458.94,0.01,1.99,2908.4,1
2026-05-19,2026-05-19 12:25:00,1458.94,1459.12,1458.94,1459.12,0.01,1.99,2908.4,1
2026-05-19,2026-05-19 12:26:00,1459.12,1459.31,1459.12,1459.31,0.01,1.99,2908.4,1
2026-05-19,2026-05-19 12:27:00,1459.31,1459.5,1459.31,1459.5,0.01,1.99,2908.4,1
2026-05-19,2026-05-19 12:28:00,1459.5,1459.69,1459.5,1459.69,0.01,1.99,2908.4,1
2026-05-19,2026-05-19 12:29:00,1459.69,1459.88,1459.69,1459.88,0.01,1.99,2908.4,1
2026-05-19,2026-05-19 12:30:00,1459.88,1460.06,1459.88,1460.06,0.01,1.99,2908.4,1
2026-05-19,2026-05-19 12:31:00,1460.06,1460.25,1460.06,1460.25,0.01,1.99,2908.4,1
2026-05-19,2026-05-19 12:32:00,1460.25,1460.44,1460.25,1460.44,0.01,1.99,2908.4,1
2026-05-19,2026-05-19 12:33:00,1460.44,1460.62,1460.44,1460.62,0.01,1.99,2908.4,1
2026-05-19,2026-05-19 12:34:00,1460.62,1460.81,1460.62,1460.81,0.01,1.99,2908.4,1
2026-05-19,2026-05-19 12:35:00,1460.81,1461.0,1460.81,1461.0,0.01,1.99,2908.4,1
2026-05-19,2026-05-19 12:36:00,1461.0,1461.19,1461.0,1461.19,0.01,1.99,2908.4,1
2026-05-19,2026-05-19 12:37:00,1461.19,1461.38,1461.19,1461.38,0.01,1.99,2908.4,1
2026-05-19,2026-05-19 12:38:00,1461.38,1461.56,1461.38,1461.56,0.01,1.99,2908.4,1
2026-05-19,2026-05-19 12:39:00,1461.56,1461.75,1461.56,1461.75,0.01,1.99,2908.4,1
2026-05-19,2026-05-19 12:40:00,1461.75,1461.94,1461.75,1461.94,0.01,1.99,2908.4,1
2026-05-19,2026-05-19 12:41:00,1461.94,1462.12,1461.94,1462.12,0.01,1.99,2908.4,1
2026-05-19,2026-05-19 12:42:00,1462.12,1462.31,1462.12,1462.31,0.01,1.99,2908.4,1
2026-05-19,2026-05-19 12:43:00,1462.31,1462.5,1462.31,1462.5,0.01,1.99,2908.4,1
2026-05-19,2026-05-19 12:44:00,1462.5,1462.69,1462.5,1462.69,0.01,1.99,2908.4,1
2026-05-19,2026-05-19 12:45:00,1462.69,1462.88,1462.69,1462.88,0.01,1.99,2908.4,1
2026-05-19,2026-05-19 12:46:00,1462.88,1463.06,1462.88,1463.06,0.01,1.99,2908.4,1
2026-05-19,2026-05-19 12:47:00,1463.06,1463.25,1463.06,1463.25,0.01,1.99,2908.4,1
2026-05-19,2026-05-19 12:48:00,1463.25,1463.44,1463.25,1463.44,0.01,1.99,2908.4,1
2026-05-19,2026-05-19 12:49:00,1463.44,1463.62,1463.44,1463.62,0.01,1.99,2908.4,1
2026-05-19,2026-05-19 12:50:00,1463.62,1463.81,1463.62,1463.81,0.01,1.99,2908.4,1
2026-05-19,2026-05-19 12:51:00,1463.81,1464.0,1463.81,1464.0,0.01,1.99,2908.4,1
2026-05-19,2026-05-19 12:52:00,1464.0,1464.19,1464.0,1464.19,0.01,1.99,2908.4,1
2026-05-19,2026-05-19 12:53:00,1464.19,1464.38,1464.19,1464.38,0.01,1.99,2908.4,1
2026-05-19,2026-05-19 12:54:00,1464.38,1464.56,1464.38,1464.56,0.01,1.99,2908.4,1
2026-05-19,2026-05-19 12:55:00,1464.56,1464.75,1464.56,1464.75,0.01,1.99,2908.4,1
2026-05-19,2026-05-19 12:56:00,1464.75,1464.94,1464.75,1464.94,0.01,1.99,2908.4,1
2026-05-19,2026-05-19 12:57:00,1464.94,1465.12,1464.94,1465.12,0.01,1.99,2908.4,1
2026-05-19,2026-05-19 12:58:00,1465.12,1465.31,1465.12,1465.31,0.01,1.99,2908.4,1
2026-05-19,2026-05-19 12:59:00,1465.31,1465.5,1465.31,1465.5,0.01,1.99,2908.4,1
2026-05-19,2026-05-19 13:00:00,1465.5,1490.0,1443.0,1465.69,0.01,1.99,2908.4,1
2026-05-19,2026-05-19 13:01:00,1465.69,1465.88,1465.69,1465.88,0.01,1.99,2908.4,1
2026-05-19,2026-05-19 13:02:00,1465.88,1466.06,1465.88,1466.06,0.01,1.99,2908.4,1
2026-05-19,2026-05-19 13:03:00,1466.06,1466.25,1466.06,1466.25,0.01,1.99,2908.4,1
2026-05-19,2026-05-19 13:04:00,1466.25,1466.44,1466.25,1466.44,0.01,1.99,2908.4,1
2026-05-19,2026-05-19 13:05:00,1466.44,1466.62,1466.44,1466.62,0.01,1.99,2908.4,1
2026-05-19,2026-05-19 13:06:00,1466.62,1466.81,1466.62,1466.81,0.01,1.99,2908.4,1
2026-05-19,2026-05-19 13:07:00,1466.81,1467.0,1466.81,1467.0,0.01,1.99,2908.4,1
2026-05-19,2026-05-19 13:08:00,1467.0,1467.19,1467.0,1467.19,0.01,1.99,2908.4,1
2026-05-19,2026-05-19 13:09:00,1467.19,1467.38,1467.19,1467.38,0.01,1.99,2908.4,1
2026-05-19,2026-05-19 13:10:00,1467.38,1467.56,1467.38,1467.56,0.01,1.99,2908.4,1
2026-05-19,2026-05-19 13:11:00,1467.56,1467.75,1467.56,1467.75,0.01,1.99,2908.4,1
2026-05-19,2026-05-19 13:12:00,1467.75,1467.94,1467.75,1467.94,0.01,1.99,2908.4,1
2026-05-19,2026-05-19 13:13:00,1467.94,1468.12,1467.94,1468.12,0.01,1.99,2908.4,1
2026-05-19,2026-05-19 13:14:00,1468.12,1468.31,1468.12,1468.31,0.01,1.99,2908.4,1
2026-05-19,2026-05-19 13:15:00,1468.31,1468.5,1468.31,1468.5,0.01,1.99,2908.4,1
2026-05-19,2026-05-19 13:16:00,1468.5,1468.69,1468.5,1468.69,0.01,1.99,2908.4,1
2026-05-19,2026-05-19 13:17:00,1468.69,1468.88,1468.69,1468.88,0.01,1.99,2908.4,1
2026-05-19,2026-05-19 13:18:00,1468.88,1469.06,1468.88,1469.06,0.01,1.99,2908.4,1
2026-05-19,2026-05-19 13:19:00,1469.06,1469.25,1469.06,1469.25,0.01,1.99,2908.4,1
2026-05-19,2026-05-19 13:20:00,1469.25,1469.44,1469.25,1469.44,0.01,1.99,2908.4,1
2026-05-19,2026-05-19 13:21:00,1469.44,1469.62,1469.44,1469.62,0.01,1.99,2908.4,1
2026-05-19,2026-05-19 13:22:00,1469.62,1469.81,1469.62,1469.81,0.01,1.99,2908.4,1
2026-05-19,2026-05-19 13:23:00,1469.81,1470.0,1469.81,1470.0,0.01,1.99,2908.4,1
2026-05-19,2026-05-19 13:24:00,1470.0,1470.19,1470.0,1470.19,0.01,1.99,2908.4,1
2026-05-19,2026-05-19 13:25:00,1470.19,1470.38,1470.19,1470.38,0.01,1.99,2908.4,1
2026-05-19,2026-05-19 13:26:00,1470.38,1470.56,1470.38,1470.56,0.01,1.99,2908.4,1
2026-05-19,2026-05-19 13:27:00,1470.56,1470.75,1470.56,1470.75,0.01,1.99,2908.4,1
2026-05-19,2026-05-19 13:28:00,1470.75,1470.94,1470.75,1470.94,0.01,1.99,2908.4,1
2026-05-19,2026-05-19 13:29:00,1470.94,1471.12,1470.94,1471.12,0.01,1.99,2908.4,1
2026-05-19,2026-05-19 13:30:00,1471.12,1471.31,1471.12,1471.31,0.01,1.99,2908.4,1
2026-05-19,2026-05-19 13:31:00,1471.31,1471.5,1471.31,1471.5,0.01,1.99,2908.4,1
2026-05-19,2026-05-19 13:32:00,1471.5,1471.69,1471.5,1471.69,0.01,1.99,2908.4,1
2026-05-19,2026-05-19 13:33:00,1471.69,1471.88,1471.69,1471.88,0.01,1.99,2908.4,1
2026-05-19,2026-05-19 13:34:00,1471.88,1472.06,1471.88,1472.06,0.01,1.99,2908.4,1
2026-05-19,2026-05-19 13:35:00,1472.06,1472.25,1472.06,1472.25,0.01,1.99,2908.4,1
2026-05-19,2026-05-19 13:36:00,1472.25,1472.44,1472.25,1472.44,0.01,1.99,2908.4,1
2026-05-19,2026-05-19 13:37:00,1472.44,1472.62,1472.44,1472.62,0.01,1.99,2908.4,1
2026-05-19,2026-05-19 13:38:00,1472.62,1472.81,1472.62,1472.81,0.01,1.99,2908.4,1
2026-05-19,2026-05-19 13:39:00,1472.81,1473.0,1472.81,1473.0,0.01,1.99,2908.4,1
2026-05-19,2026-05-19 13:40:00,1473.0,1473.19,1473.0,1473.19,0.01,1.99,2908.4,1
2026-05-19,2026-05-19 13:41:00,1473.19,1473.38,1473.19,1473.38,0.01,1.99,2908.4,1
2026-05-19,2026-05-19 13:42:00,1473.38,1473.56,1473.38,1473.56,0.01,1.99,2908.4,1
2026-05-19,2026-05-19 13:43:00,1473.56,1473.75,1473.56,1473.75,0.01,1.99,2908.4,1
2026-05-19,2026-05-19 13:44:00,1473.75,1473.94,1473.75,1473.94,0.01,1.99,2908.4,1
2026-05-19,2026-05-19 13:45:00,1473.94,1474.12,1473.94,1474.12,0.01,1.99,2908.4,1
2026-05-19,2026-05-19 13:46:00,1474.12,1474.31,1474.12,1474.31,0.01,1.99,2908.4,1
2026-05-19,2026-05-19 13:47:00,1474.31,1474.5,1474.31,1474.5,0.01,1.99,2908.4,1
2026-05-19,2026-05-19 13:48:00,1474.5,1474.69,1474.5,1474.69,0.01,1.99,2908.4,1
2026-05-19,2026-05-19 13:49:00,1474.69,1474.88,1474.69,1474.88,0.01,1.99,2908.4,1
2026-05-19,2026-05-19 13:50:00,1474.88,1475.06,1474.88,1475.06,0.01,1.99,2908.4,1
2026-05-19,2026-05-19 13:51:00,1475.06,1475.25,1475.06,1475.25,0.01,1.99,2908.4,1
2026-05-19,2026-05-19 13:52:00,1475.25,1475.44,1475.25,1475.44,0.01,1.99,2908.4,1
2026-05-19,2026-05-19 13:53:00,1475.44,1475.62,1475.44,1475.62,0.01,1.99,2908.4,1
2026-05-19,2026-05-19 13:54:00,1475.62,1475.81,1475.62,1475.81,0.01,1.99,2908.4,1
2026-05-19,2026-05-19 13:55:00,1475.81,1476.0,1475.81,1476.0,0.01,1.99,2908.4,1
2026-05-19,2026-05-19 13:56:00,1476.0,1476.19,1476.0,1476.19,0.01,1.99,2908.4,1
2026-05-19,2026-05-19 13:57:00,1476.19,1476.38,1476.19,1476.38,0.01,1.99,2908.4,1
2026-05-19,2026-05-19 13:58:00,1476.38,1476.56,1476.38,1476.56,0.01,1.99,2908.4,1
2026-05-19,2026-05-19 13:59:00,1476.56,1476.75,1476.56,1476.75,0.01,1.99,2908.4,1
2026-05-19,2026-05-19 14:00:00,1476.75,1476.94,1476.75,1476.94,0.01,1.99,2908.4,1
2026-05-19,2026-05-19 14:01:00,1476.94,1477.12,1476.94,1477.12,0.01,1.99,2908.4,1
2026-05-19,2026-05-19 14:02:00,1477.12,1477.31,1477.12,1477.31,0.01,1.99,2908.4,1
2026-05-19,2026-05-19 14:03:00,1477.31,1477.5,1477.31,1477.5,0.01,1.99,2908.4,1
2026-05-19,2026-05-19 14:04:00,1477.5,1477.69,1477.5,1477.69,0.01,1.99,2908.4,1
2026-05-19,2026-05-19 14:05:00,1477.69,1477.88,1477.69,1477.88,0.01,1.99,2908.4,1
2026-05-19,2026-05-19 14:06:00,1477.88,1478.06,1477.88,1478.06,0.01,1.99,2908.4,1
2026-05-19,2026-05-19 14:07:00,1478.06,1478.25,1478.06,1478.25,0.01,1.99,2908.4,1
2026-05-19,2026-05-19 14:08:00,1478.25,1478.44,1478.25,1478.44,0.01,1.99,2908.4,1
2026-05-19,2026-05-19 14:09:00,1478.44,1478.62,1478.44,1478.62,0.01,1.99,2908.4,1
2026-05-19,2026-05-19 14:10:00,1478.62,1478.81,1478.62,1478.81,0.01,1.99,2908.4,1
2026-05-19,2026-05-19 14:11:00,1478.81,1479.0,1478.81,1479.0,0.01,1.99,2908.4,1
2026-05-19,2026-05-19 14:12:00,1479.0,1479.19,1479.0,1479.19,0.01,1.99,2908.4,1
2026-05-19,2026-05-19 14:13:00,1479.19,1479.38,1479.19,1479.38,0.01,1.99,2908.4,1
2026-05-19,2026-05-19 14:14:00,1479.38,1479.56,1479.38,1479.56,0.01,1.99,2908.4,1
2026-05-19,2026-05-19 14:15:00,1479.56,1479.75,1479.56,1479.75,0.01,1.99,2908.4,1
2026-05-19,2026-05-19 14:16:00,1479.75,1479.94,1479.75,1479.94,0.01,1.99,2908.4,1
2026-05-19,2026-05-19 14:17:00,1479.94,1480.12,1479.94,1480.12,0.01,1.99,2908.4,1
2026-05-19,2026-05-19 14:18:00,1480.12,1480.31,1480.12,1480.31,0.01,1.99,2908.4,1
2026-05-19,2026-05-19 14:19:00,1480.31,1480.5,1480.31,1480.5,0.01,1.99,2908.4,1
2026-05-19,2026-05-19 14:20:00,1480.5,1480.69,1480.5,1480.69,0.01,1.99,2908.4,1
2026-05-19,2026-05-19 14:21:00,1480.69,1480.88,1480.69,1480.88,0.01,1.99,2908.4,1
2026-05-19,2026-05-19 14:22:00,1480.88,1481.06,1480.88,1481.06,0.01,1.99,2908.4,1
2026-05-19,2026-05-19 14:23:00,1481.06,1481.25,1481.06,1481.25,0.01,1.99,2908.4,1
2026-05-19,2026-05-19 14:24:00,1481.25,1481.44,1481.25,1481.44,0.01,1.99,2908.4,1
2026-05-19,2026-05-19 14:25:00,1481.44,1481.62,1481.44,1481.62,0.01,1.99,2908.4,1
2026-05-19,2026-05-19 14:26:00,1481.62,1481.81,1481.62,1481.81,0.01,1.99,2908.4,1
2026-05-19,2026-05-19 14:27:00,1481.81,1482.0,1481.81,1482.0,0.01,1.99,2908.4,1
2026-05-19,2026-05-19 14:28:00,1482.0,1482.19,1482.0,1482.19,0.01,1.99,2908.4,1
2026-05-19,2026-05-19 14:29:00,1482.19,1482.38,1482.19,1482.38,0.01,1.99,2908.4,1
2026-05-19,2026-05-19 14:30:00,1482.38,1482.56,1482.38,1482.56,0.01,1.99,2908.4,1
2026-05-19,2026-05-19 14:31:00,1482.56,1482.75,1482.56,1482.75,0.01,1.99,2908.4,1
2026-05-19,2026-05-19 14:32:00,1482.75,1482.94,1482.75,1482.94,0.01,1.99,2908.4,1
2026-05-19,2026-05-19 14:33:00,1482.94,1483.12,1482.94,1483.12,0.01,1.99,2908.4,1
2026-05-19,2026-05-19 14:34:00,1483.12,1483.31,1483.12,1483.31,0.01,1.99,2908.4,1
2026-05-19,2026-05-19 14:35:00,1483.31,1483.5,1483.31,1483.5,0.01,1.99,2908.4,1
2026-05-19,2026-05-19 14:36:00,1483.5,1483.69,1483.5,1483.69,0.01,1.99,2908.4,1
2026-05-19,2026-05-19 14:37:00,1483.69,1483.88,1483.69,1483.88,0.01,1.99,2908.4,1
2026-05-19,2026-05-19 14:38:00,1483.88,1484.06,1483.88,1484.06,0.01,1.99,2908.4,1
2026-05-19,2026-05-19 14:39:00,1484.06,1484.25,1484.06,1484.25,0.01,1.99,2908.4,1
2026-05-19,2026-05-19 14:40:00,1484.25,1484.44,1484.25,1484.44,0.01,1.99,2908.4,1
2026-05-19,2026-05-19 14:41:00,1484.44,1484.62,1484.44,1484.62,0.01,1.99,2908.4,1
2026-05-19,2026-05-19 14:42:00,1484.62,1484.81,1484.62,1484.81,0.01,1.99,2908.4,1
2026-05-19,2026-05-19 14:43:00,1484.81,1485.0,1484.81,1485.0,0.01,1.99,2908.4,1
2026-05-19,2026-05-19 14:44:00,1485.0,1485.19,1485.0,1485.19,0.01,1.99,2908.4,1
2026-05-19,2026-05-19 14:45:00,1485.19,1485.38,1485.19,1485.38,0.01,1.99,2908.4,1
2026-05-19,2026-05-19 14:46:00,1485.38,1485.56,1485.38,1485.56,0.01,1.99,2908.4,1
2026-05-19,2026-05-19 14:47:00,1485.56,1485.75,1485.56,1485.75,0.01,1.99,2908.4,1
2026-05-19,2026-05-19 14:48:00,1485.75,1485.94,1485.75,1485.94,0.01,1.99,2908.4,1
2026-05-19,2026-05-19 14:49:00,1485.94,1486.12,1485.94,1486.12,0.01,1.99,2908.4,1
2026-05-19,2026-05-19 14:50:00,1486.12,1486.31,1486.12,1486.31,0.01,1.99,2908.4,1
2026-05-19,2026-05-19 14:51:00,1486.31,1486.5,1486.31,1486.5,0.01,1.99,2908.4,1
2026-05-19,2026-05-19 14:52:00,1486.5,1486.69,1486.5,1486.69,0.01,1.99,2908.4,1
2026-05-19,2026-05-19 14:53:00,1486.69,1486.88,1486.69,1486.88,0.01,1.99,2908.4,1
2026-05-19,2026-05-19 14:54:00,1486.88,1487.06,1486.88,1487.06,0.01,1.99,2908.4,1
2026-05-19,2026-05-19 14:55:00,1487.06,1487.25,1487.06,1487.25,0.01,1.99,2908.4,1
2026-05-19,2026-05-19 14:56:00,1487.25,1487.44,1487.25,1487.44,0.01,1.99,2908.4,1
2026-05-19,2026-05-19 14:57:00,1487.44,1487.62,1487.44,1487.62,0.01,1.99,2908.4,1
2026-05-19,2026-05-19 14:58:00,1487.62,1487.81,1487.62,1487.81,0.01,1.99,2908.4,1
2026-05-19,2026-05-19 14:59:00,1487.81,1488.0,1487.81,1488.0,0.01,1.99,2908.4,1
2026-05-19,2026-05-19 15:00:00,1488.0,1490.0,1443.0,1488.0,0.0,1.99,2908.4,0
2026-05-20,2026-05-20 11:00:00,1488.0,1489.2,1482.3,1488.02,0.0,1.09,1609.2,1
2026-05-20,2026-05-20 11:01:00,1488.02,1488.03,1488.02,1488.03,0.0,1.09,1609.2,1
2026-05-20,2026-05-20 11:02:00,1488.03,1488.05,1488.03,1488.05,0.0,1.09,1609.2,1
2026-05-20,2026-05-20 11:03:00,1488.05,1488.07,1488.05,1488.07,0.0,1.09,1609.2,1
2026-05-20,2026-05-20 11:04:00,1488.07,1488.08,1488.07,1488.08,0.0,1.09,1609.2,1
2026-05-20,2026-05-20 11:05:00,1488.08,1488.1,1488.08,1488.1,0.0,1.09,1609.2,1
2026-05-20,2026-05-20 11:06:00,1488.1,1488.11,1488.1,1488.11,0.0,1.09,1609.2,1
2026-05-20,2026-05-20 11:07:00,1488.11,1488.13,1488.11,1488.13,0.0,1.09,1609.2,1
2026-05-20,2026-05-20 11:08:00,1488.13,1488.15,1488.13,1488.15,0.0,1.09,1609.2,1
2026-05-20,2026-05-20 11:09:00,1488.15,1488.16,1488.15,1488.16,0.0,1.09,1609.2,1
2026-05-20,2026-05-20 11:10:00,1488.16,1488.18,1488.16,1488.18,0.0,1.09,1609.2,1
2026-05-20,2026-05-20 11:11:00,1488.18,1488.19,1488.18,1488.19,0.0,1.09,1609.2,1
2026-05-20,2026-05-20 11:12:00,1488.19,1488.21,1488.19,1488.21,0.0,1.09,1609.2,1
2026-05-20,2026-05-20 11:13:00,1488.21,1488.23,1488.21,1488.23,0.0,1.09,1609.2,1
2026-05-20,2026-05-20 11:14:00,1488.23,1488.24,1488.23,1488.24,0.0,1.09,1609.2,1
2026-05-20,2026-05-20 11:15:00,1488.24,1488.26,1488.24,1488.26,0.0,1.09,1609.2,1
2026-05-20,2026-05-20 11:16:00,1488.26,1488.28,1488.26,1488.28,0.0,1.09,1609.2,1
2026-05-20,2026-05-20 11:17:00,1488.28,1488.29,1488.28,1488.29,0.0,1.09,1609.2,1
2026-05-20,2026-05-20 11:18:00,1488.29,1488.31,1488.29,1488.31,0.0,1.09,1609.2,1
2026-05-20,2026-05-20 11:19:00,1488.31,1488.33,1488.31,1488.33,0.0,1.09,1609.2,1
2026-05-20,2026-05-20 11:20:00,1488.33,1488.34,1488.33,1488.34,0.0,1.09,1609.2,1
2026-05-20,2026-05-20 11:21:00,1488.34,1488.36,1488.34,1488.36,0.0,1.09,1609.2,1
2026-05-20,2026-05-20 11:22:00,1488.36,1488.37,1488.36,1488.37,0.0,1.09,1609.2,1
2026-05-20,2026-05-20 11:23:00,1488.37,1488.39,1488.37,1488.39,0.0,1.09,1609.2,1
2026-05-20,2026-05-20 11:24:00,1488.39,1488.41,1488.39,1488.41,0.0,1.09,1609.2,1
2026-05-20,2026-05-20 11:25:00,1488.41,1488.42,1488.41,1488.42,0.0,1.09,1609.2,1
2026-05-20,2026-05-20 11:26:00,1488.42,1488.44,1488.42,1488.44,0.0,1.09,1609.2,1
2026-05-20,2026-05-20 11:27:00,1488.44,1488.45,1488.44,1488.45,0.0,1.09,1609.2,1
2026-05-20,2026-05-20 11:28:00,1488.45,1488.47,1488.45,1488.47,0.0,1.09,1609.2,1
2026-05-20,2026-05-20 11:29:00,1488.47,1488.49,1488.47,1488.49,0.0,1.09,1609.2,1
2026-05-20,2026-05-20 11:30:00,1488.49,1488.5,1488.49,1488.5,0.0,1.09,1609.2,1
2026-05-20,2026-05-20 11:31:00,1488.5,1488.52,1488.5,1488.52,0.0,1.09,1609.2,1
2026-05-20,2026-05-20 11:32:00,1488.52,1488.54,1488.52,1488.54,0.0,1.09,1609.2,1
2026-05-20,2026-05-20 11:33:00,1488.54,1488.55,1488.54,1488.55,0.0,1.09,1609.2,1
2026-05-20,2026-05-20 11:34:00,1488.55,1488.57,1488.55,1488.57,0.0,1.09,1609.2,1
2026-05-20,2026-05-20 11:35:00,1488.57,1488.59,1488.57,1488.59,0.0,1.09,1609.2,1
2026-05-20,2026-05-20 11:36:00,1488.59,1488.6,1488.59,1488.6,0.0,1.09,1609.2,1
2026-05-20,2026-05-20 11:37:00,1488.6,1488.62,1488.6,1488.62,0.0,1.09,1609.2,1
2026-05-20,2026-05-20 11:38:00,1488.62,1488.63,1488.62,1488.63,0.0,1.09,1609.2,1
2026-05-20,2026-05-20 11:39:00,1488.63,1488.65,1488.63,1488.65,0.0,1.09,1609.2,1
2026-05-20,2026-05-20 11:40:00,1488.65,1488.67,1488.65,1488.67,0.0,1.09,1609.2,1
2026-05-20,2026-05-20 11:41:00,1488.67,1488.68,1488.67,1488.68,0.0,1.09,1609.2,1
2026-05-20,2026-05-20 11:42:00,1488.68,1488.7,1488.68,1488.7,0.0,1.09,1609.2,1
2026-05-20,2026-05-20 11:43:00,1488.7,1488.71,1488.7,1488.71,0.0,1.09,1609.2,1
2026-05-20,2026-05-20 11:44:00,1488.71,1488.73,1488.71,1488.73,0.0,1.09,1609.2,1
2026-05-20,2026-05-20 11:45:00,1488.73,1488.75,1488.73,1488.75,0.0,1.09,1609.2,1
2026-05-20,2026-05-20 11:46:00,1488.75,1488.76,1488.75,1488.76,0.0,1.09,1609.2,1
2026-05-20,2026-05-20 11:47:00,1488.76,1488.78,1488.76,1488.78,0.0,1.09,1609.2,1
2026-05-20,2026-05-20 11:48:00,1488.78,1488.8,1488.78,1488.8,0.0,1.09,1609.2,1
2026-05-20,2026-05-20 11:49:00,1488.8,1488.81,1488.8,1488.81,0.0,1.09,1609.2,1
2026-05-20,2026-05-20 11:50:00,1488.81,1488.83,1488.81,1488.83,0.0,1.09,1609.2,1
2026-05-20,2026-05-20 11:51:00,1488.83,1488.85,1488.83,1488.85,0.0,1.09,1609.2,1
2026-05-20,2026-05-20 11:52:00,1488.85,1488.86,1488.85,1488.86,0.0,1.09,1609.2,1
2026-05-20,2026-05-20 11:53:00,1488.86,1488.88,1488.86,1488.88,0.0,1.09,1609.2,1
2026-05-20,2026-05-20 11:54:00,1488.88,1488.89,1488.88,1488.89,0.0,1.09,1609.2,1
2026-05-20,2026-05-20 11:55:00,1488.89,1488.91,1488.89,1488.91,0.0,1.09,1609.2,1
2026-05-20,2026-05-20 11:56:00,1488.91,1488.93,1488.91,1488.93,0.0,1.09,1609.2,1
2026-05-20,2026-05-20 11:57:00,1488.93,1488.94,1488.93,1488.94,0.0,1.09,1609.2,1
2026-05-20,2026-05-20 11:58:00,1488.94,1488.96,1488.94,1488.96,0.0,1.09,1609.2,1
2026-05-20,2026-05-20 11:59:00,1488.96,1488.97,1488.96,1488.97,0.0,1.09,1609.2,1
2026-05-20,2026-05-20 12:00:00,1488.97,1488.99,1488.97,1488.99,0.0,1.09,1609.2,1
2026-05-20,2026-05-20 12:01:00,1488.99,1489.01,1488.99,1489.01,0.0,1.09,1609.2,1
2026-05-20,2026-05-20 12:02:00,1489.01,1489.02,1489.01,1489.02,0.0,1.09,1609.2,1
2026-05-20,2026-05-20 12:03:00,1489.02,1489.04,1489.02,1489.04,0.0,1.09,1609.2,1
2026-05-20,2026-05-20 12:04:00,1489.04,1489.06,1489.04,1489.06,0.0,1.09,1609.2,1
2026-05-20,2026-05-20 12:05:00,1489.06,1489.07,1489.06,1489.07,0.0,1.09,1609.2,1
2026-05-20,2026-05-20 12:06:00,1489.07,1489.09,1489.07,1489.09,0.0,1.09,1609.2,1
2026-05-20,2026-05-20 12:07:00,1489.09,1489.11,1489.09,1489.11,0.0,1.09,1609.2,1
2026-05-20,2026-05-20 12:08:00,1489.11,1489.12,1489.11,1489.12,0.0,1.09,1609.2,1
2026-05-20,2026-05-20 12:09:00,1489.12,1489.14,1489.12,1489.14,0.0,1.09,1609.2,1
2026-05-20,2026-05-20 12:10:00,1489.14,1489.15,1489.14,1489.15,0.0,1.09,1609.2,1
2026-05-20,2026-05-20 12:11:00,1489.15,1489.17,1489.15,1489.17,0.0,1.09,1609.2,1
2026-05-20,2026-05-20 12:12:00,1489.17,1489.19,1489.17,1489.19,0.0,1.09,1609.2,1
2026-05-20,2026-05-20 12:13:00,1489.19,1489.2,1489.19,1489.2,0.0,1.09,1609.2,1
2026-05-20,2026-05-20 12:14:00,1489.2,1489.22,1489.2,1489.22,0.0,1.09,1609.2,1
2026-05-20,2026-05-20 12:15:00,1489.22,1489.24,1489.22,1489.24,0.0,1.09,1609.2,1
2026-05-20,2026-05-20 12:16:00,1489.24,1489.25,1489.24,1489.25,0.0,1.09,1609.2,1
2026-05-20,2026-05-20 12:17:00,1489.25,1489.27,1489.25,1489.27,0.0,1.09,1609.2,1
2026-05-20,2026-05-20 12:18:00,1489.27,1489.28,1489.27,1489.28,0.0,1.09,1609.2,1
2026-05-20,2026-05-20 12:19:00,1489.28,1489.3,1489.28,1489.3,0.0,1.09,1609.2,1
2026-05-20,2026-05-20 12:20:00,1489.3,1489.32,1489.3,1489.32,0.0,1.09,1609.2,1
2026-05-20,2026-05-20 12:21:00,1489.32,1489.33,1489.32,1489.33,0.0,1.09,1609.2,1
2026-05-20,2026-05-20 12:22:00,1489.33,1489.35,1489.33,1489.35,0.0,1.09,1609.2,1
2026-05-20,2026-05-20 12:23:00,1489.35,1489.37,1489.35,1489.37,0.0,1.09,1609.2,1
2026-05-20,2026-05-20 12:24:00,1489.37,1489.38,1489.37,1489.38,0.0,1.09,1609.2,1
2026-05-20,2026-05-20 12:25:00,1489.38,1489.4,1489.38,1489.4,0.0,1.09,1609.2,1
2026-05-20,2026-05-20 12:26:00,1489.4,1489.41,1489.4,1489.41,0.0,1.09,1609.2,1
2026-05-20,2026-05-20 12:27:00,1489.41,1489.43,1489.41,1489.43,0.0,1.09,1609.2,1
2026-05-20,2026-05-20 12:28:00,1489.43,1489.45,1489.43,1489.45,0.0,1.09,1609.2,1
2026-05-20,2026-05-20 12:29:00,1489.45,1489.46,1489.45,1489.46,0.0,1.09,1609.2,1
2026-05-20,2026-05-20 12:30:00,1489.46,1489.48,1489.46,1489.48,0.0,1.09,1609.2,1
2026-05-20,2026-05-20 12:31:00,1489.48,1489.5,1489.48,1489.5,0.0,1.09,1609.2,1
2026-05-20,2026-05-20 12:32:00,1489.5,1489.51,1489.5,1489.51,0.0,1.09,1609.2,1
2026-05-20,2026-05-20 12:33:00,1489.51,1489.53,1489.51,1489.53,0.0,1.09,1609.2,1
2026-05-20,2026-05-20 12:34:00,1489.53,1489.54,1489.53,1489.54,0.0,1.09,1609.2,1
2026-05-20,2026-05-20 12:35:00,1489.54,1489.56,1489.54,1489.56,0.0,1.09,1609.2,1
2026-05-20,2026-05-20 12:36:00,1489.56,1489.58,1489.56,1489.58,0.0,1.09,1609.2,1
2026-05-20,2026-05-20 12:37:00,1489.58,1489.59,1489.58,1489.59,0.0,1.09,1609.2,1
2026-05-20,2026-05-20 12:38:00,1489.59,1489.61,1489.59,1489.61,0.0,1.09,1609.2,1
2026-05-20,2026-05-20 12:39:00,1489.61,1489.62,1489.61,1489.62,0.0,1.09,1609.2,1
2026-05-20,2026-05-20 12:40:00,1489.62,1489.64,1489.62,1489.64,0.0,1.09,1609.2,1
2026-05-20,2026-05-20 12:41:00,1489.64,1489.66,1489.64,1489.66,0.0,1.09,1609.2,1
2026-05-20,2026-05-20 12:42:00,1489.66,1489.67,1489.66,1489.67,0.0,1.09,1609.2,1
2026-05-20,2026-05-20 12:43:00,1489.67,1489.69,1489.67,1489.69,0.0,1.09,1609.2,1
2026-05-20,2026-05-20 12:44:00,1489.69,1489.71,1489.69,1489.71,0.0,1.09,1609.2,1
2026-05-20,2026-05-20 12:45:00,1489.71,1489.72,1489.71,1489.72,0.0,1.09,1609.2,1
2026-05-20,2026-05-20 12:46:00,1489.72,1489.74,1489.72,1489.74,0.0,1.09,1609.2,1
2026-05-20,2026-05-20 12:47:00,1489.74,1489.76,1489.74,1489.76,0.0,1.09,1609.2,1
2026-05-20,2026-05-20 12:48:00,1489.76,1489.77,1489.76,1489.77,0.0,1.09,1609.2,1
2026-05-20,2026-05-20 12:49:00,1489.77,1489.79,1489.77,1489.79,0.0,1.09,1609.2,1
2026-05-20,2026-05-20 12:50:00,1489.79,1489.8,1489.79,1489.8,0.0,1.09,1609.2,1
2026-05-20,2026-05-20 12:51:00,1489.8,1489.82,1489.8,1489.82,0.0,1.09,1609.2,1
2026-05-20,2026-05-20 12:52:00,1489.82,1489.84,1489.82,1489.84,0.0,1.09,1609.2,1
2026-05-20,2026-05-20 12:53:00,1489.84,1489.85,1489.84,1489.85,0.0,1.09,1609.2,1
2026-05-20,2026-05-20 12:54:00,1489.85,1489.87,1489.85,1489.87,0.0,1.09,1609.2,1
2026-05-20,2026-05-20 12:55:00,1489.87,1489.88,1489.87,1489.88,0.0,1.09,1609.2,1
2026-05-20,2026-05-20 12:56:00,1489.88,1489.9,1489.88,1489.9,0.0,1.09,1609.2,1
2026-05-20,2026-05-20 12:57:00,1489.9,1489.92,1489.9,1489.92,0.0,1.09,1609.2,1
2026-05-20,2026-05-20 12:58:00,1489.92,1489.93,1489.92,1489.93,0.0,1.09,1609.2,1
2026-05-20,2026-05-20 12:59:00,1489.93,1489.95,1489.93,1489.95,0.0,1.09,1609.2,1
2026-05-20,2026-05-20 13:00:00,1489.95,1492.0,1469.0,1489.97,0.0,1.09,1609.2,1
2026-05-20,2026-05-20 13:01:00,1489.97,1489.98,1489.97,1489.98,0.0,1.09,1609.2,1
2026-05-20,2026-05-20 13:02:00,1489.98,1490.0,1489.98,1490.0,0.0,1.09,1609.2,1
2026-05-20,2026-05-20 13:03:00,1490.0,1490.02,1490.0,1490.02,0.0,1.09,1609.2,1
2026-05-20,2026-05-20 13:04:00,1490.02,1490.03,1490.02,1490.03,0.0,1.09,1609.2,1
2026-05-20,2026-05-20 13:05:00,1490.03,1490.05,1490.03,1490.05,0.0,1.09,1609.2,1
2026-05-20,2026-05-20 13:06:00,1490.05,1490.06,1490.05,1490.06,0.0,1.09,1609.2,1
2026-05-20,2026-05-20 13:07:00,1490.06,1490.08,1490.06,1490.08,0.0,1.09,1609.2,1
2026-05-20,2026-05-20 13:08:00,1490.08,1490.1,1490.08,1490.1,0.0,1.09,1609.2,1
2026-05-20,2026-05-20 13:09:00,1490.1,1490.11,1490.1,1490.11,0.0,1.09,1609.2,1
2026-05-20,2026-05-20 13:10:00,1490.11,1490.13,1490.11,1490.13,0.0,1.09,1609.2,1
2026-05-20,2026-05-20 13:11:00,1490.13,1490.14,1490.13,1490.14,0.0,1.09,1609.2,1
2026-05-20,2026-05-20 13:12:00,1490.14,1490.16,1490.14,1490.16,0.0,1.09,1609.2,1
2026-05-20,2026-05-20 13:13:00,1490.16,1490.18,1490.16,1490.18,0.0,1.09,1609.2,1
2026-05-20,2026-05-20 13:14:00,1490.18,1490.19,1490.18,1490.19,0.0,1.09,1609.2,1
2026-05-20,2026-05-20 13:15:00,1490.19,1490.21,1490.19,1490.21,0.0,1.09,1609.2,1
2026-05-20,2026-05-20 13:16:00,1490.21,1490.23,1490.21,1490.23,0.0,1.09,1609.2,1
2026-05-20,2026-05-20 13:17:00,1490.23,1490.24,1490.23,1490.24,0.0,1.09,1609.2,1
2026-05-20,2026-05-20 13:18:00,1490.24,1490.26,1490.24,1490.26,0.0,1.09,1609.2,1
2026-05-20,2026-05-20 13:19:00,1490.26,1490.28,1490.26,1490.28,0.0,1.09,1609.2,1
2026-05-20,2026-05-20 13:20:00,1490.28,1490.29,1490.28,1490.29,0.0,1.09,1609.2,1
2026-05-20,2026-05-20 13:21:00,1490.29,1490.31,1490.29,1490.31,0.0,1.09,1609.2,1
2026-05-20,2026-05-20 13:22:00,1490.31,1490.32,1490.31,1490.32,0.0,1.09,1609.2,1
2026-05-20,2026-05-20 13:23:00,1490.32,1490.34,1490.32,1490.34,0.0,1.09,1609.2,1
2026-05-20,2026-05-20 13:24:00,1490.34,1490.36,1490.34,1490.36,0.0,1.09,1609.2,1
2026-05-20,2026-05-20 13:25:00,1490.36,1490.37,1490.36,1490.37,0.0,1.09,1609.2,1
2026-05-20,2026-05-20 13:26:00,1490.37,1490.39,1490.37,1490.39,0.0,1.09,1609.2,1
2026-05-20,2026-05-20 13:27:00,1490.39,1490.4,1490.39,1490.4,0.0,1.09,1609.2,1
2026-05-20,2026-05-20 13:28:00,1490.4,1490.42,1490.4,1490.42,0.0,1.09,1609.2,1
2026-05-20,2026-05-20 13:29:00,1490.42,1490.44,1490.42,1490.44,0.0,1.09,1609.2,1
2026-05-20,2026-05-20 13:30:00,1490.44,1490.45,1490.44,1490.45,0.0,1.09,1609.2,1
2026-05-20,2026-05-20 13:31:00,1490.45,1490.47,1490.45,1490.47,0.0,1.09,1609.2,1
2026-05-20,2026-05-20 13:32:00,1490.47,1490.49,1490.47,1490.49,0.0,1.09,1609.2,1
2026-05-20,2026-05-20 13:33:00,1490.49,1490.5,1490.49,1490.5,0.0,1.09,1609.2,1
2026-05-20,2026-05-20 13:34:00,1490.5,1490.52,1490.5,1490.52,0.0,1.09,1609.2,1
2026-05-20,2026-05-20 13:35:00,1490.52,1490.54,1490.52,1490.54,0.0,1.09,1609.2,1
2026-05-20,2026-05-20 13:36:00,1490.54,1490.55,1490.54,1490.55,0.0,1.09,1609.2,1
2026-05-20,2026-05-20 13:37:00,1490.55,1490.57,1490.55,1490.57,0.0,1.09,1609.2,1
2026-05-20,2026-05-20 13:38:00,1490.57,1490.58,1490.57,1490.58,0.0,1.09,1609.2,1
2026-05-20,2026-05-20 13:39:00,1490.58,1490.6,1490.58,1490.6,0.0,1.09,1609.2,1
2026-05-20,2026-05-20 13:40:00,1490.6,1490.62,1490.6,1490.62,0.0,1.09,1609.2,1
2026-05-20,2026-05-20 13:41:00,1490.62,1490.63,1490.62,1490.63,0.0,1.09,1609.2,1
2026-05-20,2026-05-20 13:42:00,1490.63,1490.65,1490.63,1490.65,0.0,1.09,1609.2,1
2026-05-20,2026-05-20 13:43:00,1490.65,1490.66,1490.65,1490.66,0.0,1.09,1609.2,1
2026-05-20,2026-05-20 13:44:00,1490.66,1490.68,1490.66,1490.68,0.0,1.09,1609.2,1
2026-05-20,2026-05-20 13:45:00,1490.68,1490.7,1490.68,1490.7,0.0,1.09,1609.2,1
2026-05-20,2026-05-20 13:46:00,1490.7,1490.71,1490.7,1490.71,0.0,1.09,1609.2,1
2026-05-20,2026-05-20 13:47:00,1490.71,1490.73,1490.71,1490.73,0.0,1.09,1609.2,1
2026-05-20,2026-05-20 13:48:00,1490.73,1490.75,1490.73,1490.75,0.0,1.09,1609.2,1
2026-05-20,2026-05-20 13:49:00,1490.75,1490.76,1490.75,1490.76,0.0,1.09,1609.2,1
2026-05-20,2026-05-20 13:50:00,1490.76,1490.78,1490.76,1490.78,0.0,1.09,1609.2,1
2026-05-20,2026-05-20 13:51:00,1490.78,1490.8,1490.78,1490.8,0.0,1.09,1609.2,1
2026-05-20,2026-05-20 13:52:00,1490.8,1490.81,1490.8,1490.81,0.0,1.09,1609.2,1
2026-05-20,2026-05-20 13:53:00,1490.81,1490.83,1490.81,1490.83,0.0,1.09,1609.2,1
2026-05-20,2026-05-20 13:54:00,1490.83,1490.84,1490.83,1490.84,0.0,1.09,1609.2,1
2026-05-20,2026-05-20 13:55:00,1490.84,1490.86,1490.84,1490.86,0.0,1.09,1609.2,1
2026-05-20,2026-05-20 13:56:00,1490.86,1490.88,1490.86,1490.88,0.0,1.09,1609.2,1
2026-05-20,2026-05-20 13:57:00,1490.88,1490.89,1490.88,1490.89,0.0,1.09,1609.2,1
2026-05-20,2026-05-20 13:58:00,1490.89,1490.91,1490.89,1490.91,0.0,1.09,1609.2,1
2026-05-20,2026-05-20 13:59:00,1490.91,1490.93,1490.91,1490.93,0.0,1.09,1609.2,1
2026-05-20,2026-05-20 14:00:00,1490.93,1490.94,1490.93,1490.94,0.0,1.09,1609.2,1
2026-05-20,2026-05-20 14:01:00,1490.94,1490.96,1490.94,1490.96,0.0,1.09,1609.2,1
2026-05-20,2026-05-20 14:02:00,1490.96,1490.97,1490.96,1490.97,0.0,1.09,1609.2,1
2026-05-20,2026-05-20 14:03:00,1490.97,1490.99,1490.97,1490.99,0.0,1.09,1609.2,1
2026-05-20,2026-05-20 14:04:00,1490.99,1491.01,1490.99,1491.01,0.0,1.09,1609.2,1
2026-05-20,2026-05-20 14:05:00,1491.01,1491.02,1491.01,1491.02,0.0,1.09,1609.2,1
2026-05-20,2026-05-20 14:06:00,1491.02,1491.04,1491.02,1491.04,0.0,1.09,1609.2,1
2026-05-20,2026-05-20 14:07:00,1491.04,1491.06,1491.04,1491.06,0.0,1.09,1609.2,1
2026-05-20,2026-05-20 14:08:00,1491.06,1491.07,1491.06,1491.07,0.0,1.09,1609.2,1
2026-05-20,2026-05-20 14:09:00,1491.07,1491.09,1491.07,1491.09,0.0,1.09,1609.2,1
2026-05-20,2026-05-20 14:10:00,1491.09,1491.1,1491.09,1491.1,0.0,1.09,1609.2,1
2026-05-20,2026-05-20 14:11:00,1491.1,1491.12,1491.1,1491.12,0.0,1.09,1609.2,1
2026-05-20,2026-05-20 14:12:00,1491.12,1491.14,1491.12,1491.14,0.0,1.09,1609.2,1
2026-05-20,2026-05-20 14:13:00,1491.14,1491.15,1491.14,1491.15,0.0,1.09,1609.2,1
2026-05-20,2026-05-20 14:14:00,1491.15,1491.17,1491.15,1491.17,0.0,1.09,1609.2,1
2026-05-20,2026-05-20 14:15:00,1491.17,1491.19,1491.17,1491.19,0.0,1.09,1609.2,1
2026-05-20,2026-05-20 14:16:00,1491.19,1491.2,1491.19,1491.2,0.0,1.09,1609.2,1
2026-05-20,2026-05-20 14:17:00,1491.2,1491.22,1491.2,1491.22,0.0,1.09,1609.2,1
2026-05-20,2026-05-20 14:18:00,1491.22,1491.23,1491.22,1491.23,0.0,1.09,1609.2,1
2026-05-20,2026-05-20 14:19:00,1491.23,1491.25,1491.23,1491.25,0.0,1.09,1609.2,1
2026-05-20,2026-05-20 14:20:00,1491.25,1491.27,1491.25,1491.27,0.0,1.09,1609.2,1
2026-05-20,2026-05-20 14:21:00,1491.27,1491.28,1491.27,1491.28,0.0,1.09,1609.2,1
2026-05-20,2026-05-20 14:22:00,1491.28,1491.3,1491.28,1491.3,0.0,1.09,1609.2,1
2026-05-20,2026-05-20 14:23:00,1491.3,1491.32,1491.3,1491.32,0.0,1.09,1609.2,1
2026-05-20,2026-05-20 14:24:00,1491.32,1491.33,1491.32,1491.33,0.0,1.09,1609.2,1
2026-05-20,2026-05-20 14:25:00,1491.33,1491.35,1491.33,1491.35,0.0,1.09,1609.2,1
2026-05-20,2026-05-20 14:26:00,1491.35,1491.36,1491.35,1491.36,0.0,1.09,1609.2,1
2026-05-20,2026-05-20 14:27:00,1491.36,1491.38,1491.36,1491.38,0.0,1.09,1609.2,1
2026-05-20,2026-05-20 14:28:00,1491.38,1491.4,1491.38,1491.4,0.0,1.09,1609.2,1
2026-05-20,2026-05-20 14:29:00,1491.4,1491.41,1491.4,1491.41,0.0,1.09,1609.2,1
2026-05-20,2026-05-20 14:30:00,1491.41,1491.43,1491.41,1491.43,0.0,1.09,1609.2,1
2026-05-20,2026-05-20 14:31:00,1491.43,1491.45,1491.43,1491.45,0.0,1.09,1609.2,1
2026-05-20,2026-05-20 14:32:00,1491.45,1491.46,1491.45,1491.46,0.0,1.09,1609.2,1
2026-05-20,2026-05-20 14:33:00,1491.46,1491.48,1491.46,1491.48,0.0,1.09,1609.2,1
2026-05-20,2026-05-20 14:34:00,1491.48,1491.49,1491.48,1491.49,0.0,1.09,1609.2,1
2026-05-20,2026-05-20 14:35:00,1491.49,1491.51,1491.49,1491.51,0.0,1.09,1609.2,1
2026-05-20,2026-05-20 14:36:00,1491.51,1491.53,1491.51,1491.53,0.0,1.09,1609.2,1
2026-05-20,2026-05-20 14:37:00,1491.53,1491.54,1491.53,1491.54,0.0,1.09,1609.2,1
2026-05-20,2026-05-20 14:38:00,1491.54,1491.56,1491.54,1491.56,0.0,1.09,1609.2,1
2026-05-20,2026-05-20 14:39:00,1491.56,1491.58,1491.56,1491.58,0.0,1.09,1609.2,1
2026-05-20,2026-05-20 14:40:00,1491.58,1491.59,1491.58,1491.59,0.0,1.09,1609.2,1
2026-05-20,2026-05-20 14:41:00,1491.59,1491.61,1491.59,1491.61,0.0,1.09,1609.2,1
2026-05-20,2026-05-20 14:42:00,1491.61,1491.62,1491.61,1491.62,0.0,1.09,1609.2,1
2026-05-20,2026-05-20 14:43:00,1491.62,1491.64,1491.62,1491.64,0.0,1.09,1609.2,1
2026-05-20,2026-05-20 14:44:00,1491.64,1491.66,1491.64,1491.66,0.0,1.09,1609.2,1
2026-05-20,2026-05-20 14:45:00,1491.66,1491.67,1491.66,1491.67,0.0,1.09,1609.2,1
2026-05-20,2026-05-20 14:46:00,1491.67,1491.69,1491.67,1491.69,0.0,1.09,1609.2,1
2026-05-20,2026-05-20 14:47:00,1491.69,1491.71,1491.69,1491.71,0.0,1.09,1609.2,1
2026-05-20,2026-05-20 14:48:00,1491.71,1491.72,1491.71,1491.72,0.0,1.09,1609.2,1
2026-05-20,2026-05-20 14:49:00,1491.72,1491.74,1491.72,1491.74,0.0,1.09,1609.2,1
2026-05-20,2026-05-20 14:50:00,1491.74,1491.75,1491.74,1491.75,0.0,1.09,1609.2,1
2026-05-20,2026-05-20 14:51:00,1491.75,1491.77,1491.75,1491.77,0.0,1.09,1609.2,1
2026-05-20,2026-05-20 14:52:00,1491.77,1491.79,1491.77,1491.79,0.0,1.09,1609.2,1
2026-05-20,2026-05-20 14:53:00,1491.79,1491.8,1491.79,1491.8,0.0,1.09,1609.2,1
2026-05-20,2026-05-20 14:54:00,1491.8,1491.82,1491.8,1491.82,0.0,1.09,1609.2,1
2026-05-20,2026-05-20 14:55:00,1491.82,1491.84,1491.82,1491.84,0.0,1.09,1609.2,1
2026-05-20,2026-05-20 14:56:00,1491.84,1491.85,1491.84,1491.85,0.0,1.09,1609.2,1
2026-05-20,2026-05-20 14:57:00,1491.85,1491.87,1491.85,1491.87,0.0,1.09,1609.2,1
2026-05-20,2026-05-20 14:58:00,1491.87,1491.88,1491.87,1491.88,0.0,1.09,1609.2,1
2026-05-20,2026-05-20 14:59:00,1491.88,1491.9,1491.88,1491.9,0.0,1.09,1609.2,1
2026-05-20,2026-05-20 15:00:00,1491.9,1492.0,1469.0,1491.9,0.0,1.09,1609.2,0
2026-05-21,2026-05-21 11:00:00,1491.0,1498.17,1479.0,1490.98,-0.0,2.0,2942.88,-1
2026-05-21,2026-05-21 11:01:00,1490.98,1490.98,1490.97,1490.97,-0.0,2.0,2942.88,-1
2026-05-21,2026-05-21 11:02:00,1490.97,1490.97,1490.95,1490.95,-0.0,2.0,2942.88,-1
2026-05-21,2026-05-21 11:03:00,1490.95,1490.95,1490.93,1490.93,-0.0,2.0,2942.88,-1
2026-05-21,2026-05-21 11:04:00,1490.93,1490.93,1490.92,1490.92,-0.0,2.0,2942.88,-1
2026-05-21,2026-05-21 11:05:00,1490.92,1490.92,1490.9,1490.9,-0.0,2.0,2942.88,-1
2026-05-21,2026-05-21 11:06:00,1490.9,1490.9,1490.88,1490.88,-0.0,2.0,2942.88,-1
2026-05-21,2026-05-21 11:07:00,1490.88,1490.88,1490.87,1490.87,-0.0,2.0,2942.88,-1
2026-05-21,2026-05-21 11:08:00,1490.87,1490.87,1490.85,1490.85,-0.0,2.0,2942.88,-1
2026-05-21,2026-05-21 11:09:00,1490.85,1490.85,1490.83,1490.83,-0.0,2.0,2942.88,-1
2026-05-21,2026-05-21 11:10:00,1490.83,1490.83,1490.82,1490.82,-0.0,2.0,2942.88,-1
2026-05-21,2026-05-21 11:11:00,1490.82,1490.82,1490.8,1490.8,-0.0,2.0,2942.88,-1
2026-05-21,2026-05-21 11:12:00,1490.8,1490.8,1490.78,1490.78,-0.0,2.0,2942.88,-1
2026-05-21,2026-05-21 11:13:00,1490.78,1490.78,1490.77,1490.77,-0.0,2.0,2942.88,-1
2026-05-21,2026-05-21 11:14:00,1490.77,1490.77,1490.75,1490.75,-0.0,2.0,2942.88,-1
2026-05-21,2026-05-21 11:15:00,1490.75,1490.75,1490.73,1490.73,-0.0,2.0,2942.88,-1
2026-05-21,2026-05-21 11:16:00,1490.73,1490.73,1490.72,1490.72,-0.0,2.0,2942.88,-1
2026-05-21,2026-05-21 11:17:00,1490.72,1490.72,1490.7,1490.7,-0.0,2.0,2942.88,-1
2026-05-21,2026-05-21 11:18:00,1490.7,1490.7,1490.68,1490.68,-0.0,2.0,2942.88,-1
2026-05-21,2026-05-21 11:19:00,1490.68,1490.68,1490.67,1490.67,-0.0,2.0,2942.88,-1
2026-05-21,2026-05-21 11:20:00,1490.67,1490.67,1490.65,1490.65,-0.0,2.0,2942.88,-1
2026-05-21,2026-05-21 11:21:00,1490.65,1490.65,1490.63,1490.63,-0.0,2.0,2942.88,-1
2026-05-21,2026-05-21 11:22:00,1490.63,1490.63,1490.62,1490.62,-0.0,2.0,2942.88,-1
2026-05-21,2026-05-21 11:23:00,1490.62,1490.62,1490.6,1490.6,-0.0,2.0,2942.88,-1
2026-05-21,2026-05-21 11:24:00,1490.6,1490.6,1490.58,1490.58,-0.0,2.0,2942.88,-1
2026-05-21,2026-05-21 11:25:00,1490.58,1490.58,1490.57,1490.57,-0.0,2.0,2942.88,-1
2026-05-21,2026-05-21 11:26:00,1490.57,1490.57,1490.55,1490.55,-0.0,2.0,2942.88,-1
2026-05-21,2026-05-21 11:27:00,1490.55,1490.55,1490.53,1490.53,-0.0,2.0,2942.88,-1
2026-05-21,2026-05-21 11:28:00,1490.53,1490.53,1490.52,1490.52,-0.0,2.0,2942.88,-1
2026-05-21,2026-05-21 11:29:00,1490.52,1490.52,1490.5,1490.5,-0.0,2.0,2942.88,-1
2026-05-21,2026-05-21 11:30:00,1490.5,1490.5,1490.48,1490.48,-0.0,2.0,2942.88,-1
2026-05-21,2026-05-21 11:31:00,1490.48,1490.48,1490.47,1490.47,-0.0,2.0,2942.88,-1
2026-05-21,2026-05-21 11:32:00,1490.47,1490.47,1490.45,1490.45,-0.0,2.0,2942.88,-1
2026-05-21,2026-05-21 11:33:00,1490.45,1490.45,1490.43,1490.43,-0.0,2.0,2942.88,-1
2026-05-21,2026-05-21 11:34:00,1490.43,1490.43,1490.42,1490.42,-0.0,2.0,2942.88,-1
2026-05-21,2026-05-21 11:35:00,1490.42,1490.42,1490.4,1490.4,-0.0,2.0,2942.88,-1
2026-05-21,2026-05-21 11:36:00,1490.4,1490.4,1490.38,1490.38,-0.0,2.0,2942.88,-1
2026-05-21,2026-05-21 11:37:00,1490.38,1490.38,1490.37,1490.37,-0.0,2.0,2942.88,-1
2026-05-21,2026-05-21 11:38:00,1490.37,1490.37,1490.35,1490.35,-0.0,2.0,2942.88,-1
2026-05-21,2026-05-21 11:39:00,1490.35,1490.35,1490.33,1490.33,-0.0,2.0,2942.88,-1
2026-05-21,2026-05-21 11:40:00,1490.33,1490.33,1490.32,1490.32,-0.0,2.0,2942.88,-1
2026-05-21,2026-05-21 11:41:00,1490.32,1490.32,1490.3,1490.3,-0.0,2.0,2942.88,-1
2026-05-21,2026-05-21 11:42:00,1490.3,1490.3,1490.28,1490.28,-0.0,2.0,2942.88,-1
2026-05-21,2026-05-21 11:43:00,1490.28,1490.28,1490.27,1490.27,-0.0,2.0,2942.88,-1
2026-05-21,2026-05-21 11:44:00,1490.27,1490.27,1490.25,1490.25,-0.0,2.0,2942.88,-1
2026-05-21,2026-05-21 11:45:00,1490.25,1490.25,1490.23,1490.23,-0.0,2.0,2942.88,-1
2026-05-21,2026-05-21 11:46:00,1490.23,1490.23,1490.22,1490.22,-0.0,2.0,2942.88,-1
2026-05-21,2026-05-21 11:47:00,1490.22,1490.22,1490.2,1490.2,-0.0,2.0,2942.88,-1
2026-05-21,2026-05-21 11:48:00,1490.2,1490.2,1490.18,1490.18,-0.0,2.0,2942.88,-1
2026-05-21,2026-05-21 11:49:00,1490.18,1490.18,1490.17,1490.17,-0.0,2.0,2942.88,-1
2026-05-21,2026-05-21 11:50:00,1490.17,1490.17,1490.15,1490.15,-0.0,2.0,2942.88,-1
2026-05-21,2026-05-21 11:51:00,1490.15,1490.15,1490.13,1490.13,-0.0,2.0,2942.88,-1
2026-05-21,2026-05-21 11:52:00,1490.13,1490.13,1490.12,1490.12,-0.0,2.0,2942.88,-1
2026-05-21,2026-05-21 11:53:00,1490.12,1490.12,1490.1,1490.1,-0.0,2.0,2942.88,-1
2026-05-21,2026-05-21 11:54:00,1490.1,1490.1,1490.08,1490.08,-0.0,2.0,2942.88,-1
2026-05-21,2026-05-21 11:55:00,1490.08,1490.08,1490.07,1490.07,-0.0,2.0,2942.88,-1
2026-05-21,2026-05-21 11:56:00,1490.07,1490.07,1490.05,1490.05,-0.0,2.0,2942.88,-1
2026-05-21,2026-05-21 11:57:00,1490.05,1490.05,1490.03,1490.03,-0.0,2.0,2942.88,-1
2026-05-21,2026-05-21 11:58:00,1490.03,1490.03,1490.02,1490.02,-0.0,2.0,2942.88,-1
2026-05-21,2026-05-21 11:59:00,1490.02,1490.02,1490.0,1490.0,-0.0,2.0,2942.88,-1
2026-05-21,2026-05-21 12:00:00,1490.0,1490.0,1489.98,1489.98,-0.0,2.0,2942.88,-1
2026-05-21,2026-05-21 12:01:00,1489.98,1489.98,1489.97,1489.97,-0.0,2.0,2942.88,-1
2026-05-21,2026-05-21 12:02:00,1489.97,1489.97,1489.95,1489.95,-0.0,2.0,2942.88,-1
2026-05-21,2026-05-21 12:03:00,1489.95,1489.95,1489.93,1489.93,-0.0,2.0,2942.88,-1
2026-05-21,2026-05-21 12:04:00,1489.93,1489.93,1489.92,1489.92,-0.0,2.0,2942.88,-1
2026-05-21,2026-05-21 12:05:00,1489.92,1489.92,1489.9,1489.9,-0.0,2.0,2942.88,-1
2026-05-21,2026-05-21 12:06:00,1489.9,1489.9,1489.88,1489.88,-0.0,2.0,2942.88,-1
2026-05-21,2026-05-21 12:07:00,1489.88,1489.88,1489.87,1489.87,-0.0,2.0,2942.88,-1
2026-05-21,2026-05-21 12:08:00,1489.87,1489.87,1489.85,1489.85,-0.0,2.0,2942.88,-1
2026-05-21,2026-05-21 12:09:00,1489.85,1489.85,1489.83,1489.83,-0.0,2.0,2942.88,-1
2026-05-21,2026-05-21 12:10:00,1489.83,1489.83,1489.82,1489.82,-0.0,2.0,2942.88,-1
2026-05-21,2026-05-21 12:11:00,1489.82,1489.82,1489.8,1489.8,-0.0,2.0,2942.88,-1
2026-05-21,2026-05-21 12:12:00,1489.8,1489.8,1489.78,1489.78,-0.0,2.0,2942.88,-1
2026-05-21,2026-05-21 12:13:00,1489.78,1489.78,1489.77,1489.77,-0.0,2.0,2942.88,-1
2026-05-21,2026-05-21 12:14:00,1489.77,1489.77,1489.75,1489.75,-0.0,2.0,2942.88,-1
2026-05-21,2026-05-21 12:15:00,1489.75,1489.75,1489.73,1489.73,-0.0,2.0,2942.88,-1
2026-05-21,2026-05-21 12:16:00,1489.73,1489.73,1489.72,1489.72,-0.0,2.0,2942.88,-1
2026-05-21,2026-05-21 12:17:00,1489.72,1489.72,1489.7,1489.7,-0.0,2.0,2942.88,-1
2026-05-21,2026-05-21 12:18:00,1489.7,1489.7,1489.68,1489.68,-0.0,2.0,2942.88,-1
2026-05-21,2026-05-21 12:19:00,1489.68,1489.68,1489.67,1489.67,-0.0,2.0,2942.88,-1
2026-05-21,2026-05-21 12:20:00,1489.67,1489.67,1489.65,1489.65,-0.0,2.0,2942.88,-1
2026-05-21,2026-05-21 12:21:00,1489.65,1489.65,1489.63,1489.63,-0.0,2.0,2942.88,-1
2026-05-21,2026-05-21 12:22:00,1489.63,1489.63,1489.62,1489.62,-0.0,2.0,2942.88,-1
2026-05-21,2026-05-21 12:23:00,1489.62,1489.62,1489.6,1489.6,-0.0,2.0,2942.88,-1
2026-05-21,2026-05-21 12:24:00,1489.6,1489.6,1489.58,1489.58,-0.0,2.0,2942.88,-1
2026-05-21,2026-05-21 12:25:00,1489.58,1489.58,1489.57,1489.57,-0.0,2.0,2942.88,-1
2026-05-21,2026-05-21 12:26:00,1489.57,1489.57,1489.55,1489.55,-0.0,2.0,2942.88,-1
2026-05-21,2026-05-21 12:27:00,1489.55,1489.55,1489.53,1489.53,-0.0,2.0,2942.88,-1
2026-05-21,2026-05-21 12:28:00,1489.53,1489.53,1489.52,1489.52,-0.0,2.0,2942.88,-1
2026-05-21,2026-05-21 12:29:00,1489.52,1489.52,1489.5,1489.5,-0.0,2.0,2942.88,-1
2026-05-21,2026-05-21 12:30:00,1489.5,1489.5,1489.48,1489.48,-0.0,2.0,2942.88,-1
2026-05-21,2026-05-21 12:31:00,1489.48,1489.48,1489.47,1489.47,-0.0,2.0,2942.88,-1
2026-05-21,2026-05-21 12:32:00,1489.47,1489.47,1489.45,1489.45,-0.0,2.0,2942.88,-1
2026-05-21,2026-05-21 12:33:00,1489.45,1489.45,1489.43,1489.43,-0.0,2.0,2942.88,-1
2026-05-21,2026-05-21 12:34:00,1489.43,1489.43,1489.42,1489.42,-0.0,2.0,2942.88,-1
2026-05-21,2026-05-21 12:35:00,1489.42,1489.42,1489.4,1489.4,-0.0,2.0,2942.88,-1
2026-05-21,2026-05-21 12:36:00,1489.4,1489.4,1489.38,1489.38,-0.0,2.0,2942.88,-1
2026-05-21,2026-05-21 12:37:00,1489.38,1489.38,1489.37,1489.37,-0.0,2.0,2942.88,-1
2026-05-21,2026-05-21 12:38:00,1489.37,1489.37,1489.35,1489.35,-0.0,2.0,2942.88,-1
2026-05-21,2026-05-21 12:39:00,1489.35,1489.35,1489.33,1489.33,-0.0,2.0,2942.88,-1
2026-05-21,2026-05-21 12:40:00,1489.33,1489.33,1489.32,1489.32,-0.0,2.0,2942.88,-1
2026-05-21,2026-05-21 12:41:00,1489.32,1489.32,1489.3,1489.3,-0.0,2.0,2942.88,-1
2026-05-21,2026-05-21 12:42:00,1489.3,1489.3,1489.28,1489.28,-0.0,2.0,2942.88,-1
2026-05-21,2026-05-21 12:43:00,1489.28,1489.28,1489.27,1489.27,-0.0,2.0,2942.88,-1
2026-05-21,2026-05-21 12:44:00,1489.27,1489.27,1489.25,1489.25,-0.0,2.0,2942.88,-1
2026-05-21,2026-05-21 12:45:00,1489.25,1489.25,1489.23,1489.23,-0.0,2.0,2942.88,-1
2026-05-21,2026-05-21 12:46:00,1489.23,1489.23,1489.22,1489.22,-0.0,2.0,2942.88,-1
2026-05-21,2026-05-21 12:47:00,1489.22,1489.22,1489.2,1489.2,-0.0,2.0,2942.88,-1
2026-05-21,2026-05-21 12:48:00,1489.2,1489.2,1489.18,1489.18,-0.0,2.0,2942.88,-1
2026-05-21,2026-05-21 12:49:00,1489.18,1489.18,1489.17,1489.17,-0.0,2.0,2942.88,-1
2026-05-21,2026-05-21 12:50:00,1489.17,1489.17,1489.15,1489.15,-0.0,2.0,2942.88,-1
2026-05-21,2026-05-21 12:51:00,1489.15,1489.15,1489.13,1489.13,-0.0,2.0,2942.88,-1
2026-05-21,2026-05-21 12:52:00,1489.13,1489.13,1489.12,1489.12,-0.0,2.0,2942.88,-1
2026-05-21,2026-05-21 12:53:00,1489.12,1489.12,1489.1,1489.1,-0.0,2.0,2942.88,-1
2026-05-21,2026-05-21 12:54:00,1489.1,1489.1,1489.08,1489.08,-0.0,2.0,2942.88,-1
2026-05-21,2026-05-21 12:55:00,1489.08,1489.08,1489.07,1489.07,-0.0,2.0,2942.88,-1
2026-05-21,2026-05-21 12:56:00,1489.07,1489.07,1489.05,1489.05,-0.0,2.0,2942.88,-1
2026-05-21,2026-05-21 12:57:00,1489.05,1489.05,1489.03,1489.03,-0.0,2.0,2942.88,-1
2026-05-21,2026-05-21 12:58:00,1489.03,1489.03,1489.02,1489.02,-0.0,2.0,2942.88,-1
2026-05-21,2026-05-21 12:59:00,1489.02,1489.02,1489.0,1489.0,-0.0,2.0,2942.88,-1
2026-05-21,2026-05-21 13:00:00,1489.0,1514.9,1451.0,1488.98,-0.0,2.0,2942.88,-1
2026-05-21,2026-05-21 13:01:00,1488.98,1488.98,1488.97,1488.97,-0.0,2.0,2942.88,-1
2026-05-21,2026-05-21 13:02:00,1488.97,1488.97,1488.95,1488.95,-0.0,2.0,2942.88,-1
2026-05-21,2026-05-21 13:03:00,1488.95,1488.95,1488.93,1488.93,-0.0,2.0,2942.88,-1
2026-05-21,2026-05-21 13:04:00,1488.93,1488.93,1488.92,1488.92,-0.0,2.0,2942.88,-1
2026-05-21,2026-05-21 13:05:00,1488.92,1488.92,1488.9,1488.9,-0.0,2.0,2942.88,-1
2026-05-21,2026-05-21 13:06:00,1488.9,1488.9,1488.88,1488.88,-0.0,2.0,2942.88,-1
2026-05-21,2026-05-21 13:07:00,1488.88,1488.88,1488.87,1488.87,-0.0,2.0,2942.88,-1
2026-05-21,2026-05-21 13:08:00,1488.87,1488.87,1488.85,1488.85,-0.0,2.0,2942.88,-1
2026-05-21,2026-05-21 13:09:00,1488.85,1488.85,1488.83,1488.83,-0.0,2.0,2942.88,-1
2026-05-21,2026-05-21 13:10:00,1488.83,1488.83,1488.82,1488.82,-0.0,2.0,2942.88,-1
2026-05-21,2026-05-21 13:11:00,1488.82,1488.82,1488.8,1488.8,-0.0,2.0,2942.88,-1
2026-05-21,2026-05-21 13:12:00,1488.8,1488.8,1488.78,1488.78,-0.0,2.0,2942.88,-1
2026-05-21,2026-05-21 13:13:00,1488.78,1488.78,1488.77,1488.77,-0.0,2.0,2942.88,-1
2026-05-21,2026-05-21 13:14:00,1488.77,1488.77,1488.75,1488.75,-0.0,2.0,2942.88,-1
2026-05-21,2026-05-21 13:15:00,1488.75,1488.75,1488.73,1488.73,-0.0,2.0,2942.88,-1
2026-05-21,2026-05-21 13:16:00,1488.73,1488.73,1488.72,1488.72,-0.0,2.0,2942.88,-1
2026-05-21,2026-05-21 13:17:00,1488.72,1488.72,1488.7,1488.7,-0.0,2.0,2942.88,-1
2026-05-21,2026-05-21 13:18:00,1488.7,1488.7,1488.68,1488.68,-0.0,2.0,2942.88,-1
2026-05-21,2026-05-21 13:19:00,1488.68,1488.68,1488.67,1488.67,-0.0,2.0,2942.88,-1
2026-05-21,2026-05-21 13:20:00,1488.67,1488.67,1488.65,1488.65,-0.0,2.0,2942.88,-1
2026-05-21,2026-05-21 13:21:00,1488.65,1488.65,1488.63,1488.63,-0.0,2.0,2942.88,-1
2026-05-21,2026-05-21 13:22:00,1488.63,1488.63,1488.62,1488.62,-0.0,2.0,2942.88,-1
2026-05-21,2026-05-21 13:23:00,1488.62,1488.62,1488.6,1488.6,-0.0,2.0,2942.88,-1
2026-05-21,2026-05-21 13:24:00,1488.6,1488.6,1488.58,1488.58,-0.0,2.0,2942.88,-1
2026-05-21,2026-05-21 13:25:00,1488.58,1488.58,1488.57,1488.57,-0.0,2.0,2942.88,-1
2026-05-21,2026-05-21 13:26:00,1488.57,1488.57,1488.55,1488.55,-0.0,2.0,2942.88,-1
2026-05-21,2026-05-21 13:27:00,1488.55,1488.55,1488.53,1488.53,-0.0,2.0,2942.88,-1
2026-05-21,2026-05-21 13:28:00,1488.53,1488.53,1488.52,1488.52,-0.0,2.0,2942.88,-1
2026-05-21,2026-05-21 13:29:00,1488.52,1488.52,1488.5,1488.5,-0.0,2.0,2942.88,-1
2026-05-21,2026-05-21 13:30:00,1488.5,1488.5,1488.48,1488.48,-0.0,2.0,2942.88,-1
2026-05-21,2026-05-21 13:31:00,1488.48,1488.48,1488.47,1488.47,-0.0,2.0,2942.88,-1
2026-05-21,2026-05-21 13:32:00,1488.47,1488.47,1488.45,1488.45,-0.0,2.0,2942.88,-1
2026-05-21,2026-05-21 13:33:00,1488.45,1488.45,1488.43,1488.43,-0.0,2.0,2942.88,-1
2026-05-21,2026-05-21 13:34:00,1488.43,1488.43,1488.42,1488.42,-0.0,2.0,2942.88,-1
2026-05-21,2026-05-21 13:35:00,1488.42,1488.42,1488.4,1488.4,-0.0,2.0,2942.88,-1
2026-05-21,2026-05-21 13:36:00,1488.4,1488.4,1488.38,1488.38,-0.0,2.0,2942.88,-1
2026-05-21,2026-05-21 13:37:00,1488.38,1488.38,1488.37,1488.37,-0.0,2.0,2942.88,-1
2026-05-21,2026-05-21 13:38:00,1488.37,1488.37,1488.35,1488.35,-0.0,2.0,2942.88,-1
2026-05-21,2026-05-21 13:39:00,1488.35,1488.35,1488.33,1488.33,-0.0,2.0,2942.88,-1
2026-05-21,2026-05-21 13:40:00,1488.33,1488.33,1488.32,1488.32,-0.0,2.0,2942.88,-1
2026-05-21,2026-05-21 13:41:00,1488.32,1488.32,1488.3,1488.3,-0.0,2.0,2942.88,-1
2026-05-21,2026-05-21 13:42:00,1488.3,1488.3,1488.28,1488.28,-0.0,2.0,2942.88,-1
2026-05-21,2026-05-21 13:43:00,1488.28,1488.28,1488.27,1488.27,-0.0,2.0,2942.88,-1
2026-05-21,2026-05-21 13:44:00,1488.27,1488.27,1488.25,1488.25,-0.0,2.0,2942.88,-1
2026-05-21,2026-05-21 13:45:00,1488.25,1488.25,1488.23,1488.23,-0.0,2.0,2942.88,-1
2026-05-21,2026-05-21 13:46:00,1488.23,1488.23,1488.22,1488.22,-0.0,2.0,2942.88,-1
2026-05-21,2026-05-21 13:47:00,1488.22,1488.22,1488.2,1488.2,-0.0,2.0,2942.88,-1
2026-05-21,2026-05-21 13:48:00,1488.2,1488.2,1488.18,1488.18,-0.0,2.0,2942.88,-1
2026-05-21,2026-05-21 13:49:00,1488.18,1488.18,1488.17,1488.17,-0.0,2.0,2942.88,-1
2026-05-21,2026-05-21 13:50:00,1488.17,1488.17,1488.15,1488.15,-0.0,2.0,2942.88,-1
2026-05-21,2026-05-21 13:51:00,1488.15,1488.15,1488.13,1488.13,-0.0,2.0,2942.88,-1
2026-05-21,2026-05-21 13:52:00,1488.13,1488.13,1488.12,1488.12,-0.0,2.0,2942.88,-1
2026-05-21,2026-05-21 13:53:00,1488.12,1488.12,1488.1,1488.1,-0.0,2.0,2942.88,-1
2026-05-21,2026-05-21 13:54:00,1488.1,1488.1,1488.08,1488.08,-0.0,2.0,2942.88,-1
2026-05-21,2026-05-21 13:55:00,1488.08,1488.08,1488.07,1488.07,-0.0,2.0,2942.88,-1
2026-05-21,2026-05-21 13:56:00,1488.07,1488.07,1488.05,1488.05,-0.0,2.0,2942.88,-1
2026-05-21,2026-05-21 13:57:00,1488.05,1488.05,1488.03,1488.03,-0.0,2.0,2942.88,-1
2026-05-21,2026-05-21 13:58:00,1488.03,1488.03,1488.02,1488.02,-0.0,2.0,2942.88,-1
2026-05-21,2026-05-21 13:59:00,1488.02,1488.02,1488.0,1488.0,-0.0,2.0,2942.88,-1
2026-05-21,2026-05-21 14:00:00,1488.0,1488.0,1487.98,1487.98,-0.0,2.0,2942.88,-1
2026-05-21,2026-05-21 14:01:00,1487.98,1487.98,1487.97,1487.97,-0.0,2.0,2942.88,-1
2026-05-21,2026-05-21 14:02:00,1487.97,1487.97,1487.95,1487.95,-0.0,2.0,2942.88,-1
2026-05-21,2026-05-21 14:03:00,1487.95,1487.95,1487.93,1487.93,-0.0,2.0,2942.88,-1
2026-05-21,2026-05-21 14:04:00,1487.93,1487.93,1487.92,1487.92,-0.0,2.0,2942.88,-1
2026-05-21,2026-05-21 14:05:00,1487.92,1487.92,1487.9,1487.9,-0.0,2.0,2942.88,-1
2026-05-21,2026-05-21 14:06:00,1487.9,1487.9,1487.88,1487.88,-0.0,2.0,2942.88,-1
2026-05-21,2026-05-21 14:07:00,1487.88,1487.88,1487.87,1487.87,-0.0,2.0,2942.88,-1
2026-05-21,2026-05-21 14:08:00,1487.87,1487.87,1487.85,1487.85,-0.0,2.0,2942.88,-1
2026-05-21,2026-05-21 14:09:00,1487.85,1487.85,1487.83,1487.83,-0.0,2.0,2942.88,-1
2026-05-21,2026-05-21 14:10:00,1487.83,1487.83,1487.82,1487.82,-0.0,2.0,2942.88,-1
2026-05-21,2026-05-21 14:11:00,1487.82,1487.82,1487.8,1487.8,-0.0,2.0,2942.88,-1
2026-05-21,2026-05-21 14:12:00,1487.8,1487.8,1487.78,1487.78,-0.0,2.0,2942.88,-1
2026-05-21,2026-05-21 14:13:00,1487.78,1487.78,1487.77,1487.77,-0.0,2.0,2942.88,-1
2026-05-21,2026-05-21 14:14:00,1487.77,1487.77,1487.75,1487.75,-0.0,2.0,2942.88,-1
2026-05-21,2026-05-21 14:15:00,1487.75,1487.75,1487.73,1487.73,-0.0,2.0,2942.88,-1
2026-05-21,2026-05-21 14:16:00,1487.73,1487.73,1487.72,1487.72,-0.0,2.0,2942.88,-1
2026-05-21,2026-05-21 14:17:00,1487.72,1487.72,1487.7,1487.7,-0.0,2.0,2942.88,-1
2026-05-21,2026-05-21 14:18:00,1487.7,1487.7,1487.68,1487.68,-0.0,2.0,2942.88,-1
2026-05-21,2026-05-21 14:19:00,1487.68,1487.68,1487.67,1487.67,-0.0,2.0,2942.88,-1
2026-05-21,2026-05-21 14:20:00,1487.67,1487.67,1487.65,1487.65,-0.0,2.0,2942.88,-1
2026-05-21,2026-05-21 14:21:00,1487.65,1487.65,1487.63,1487.63,-0.0,2.0,2942.88,-1
2026-05-21,2026-05-21 14:22:00,1487.63,1487.63,1487.62,1487.62,-0.0,2.0,2942.88,-1
2026-05-21,2026-05-21 14:23:00,1487.62,1487.62,1487.6,1487.6,-0.0,2.0,2942.88,-1
2026-05-21,2026-05-21 14:24:00,1487.6,1487.6,1487.58,1487.58,-0.0,2.0,2942.88,-1
2026-05-21,2026-05-21 14:25:00,1487.58,1487.58,1487.57,1487.57,-0.0,2.0,2942.88,-1
2026-05-21,2026-05-21 14:26:00,1487.57,1487.57,1487.55,1487.55,-0.0,2.0,2942.88,-1
2026-05-21,2026-05-21 14:27:00,1487.55,1487.55,1487.53,1487.53,-0.0,2.0,2942.88,-1
2026-05-21,2026-05-21 14:28:00,1487.53,1487.53,1487.52,1487.52,-0.0,2.0,2942.88,-1
2026-05-21,2026-05-21 14:29:00,1487.52,1487.52,1487.5,1487.5,-0.0,2.0,2942.88,-1
2026-05-21,2026-05-21 14:30:00,1487.5,1487.5,1487.48,1487.48,-0.0,2.0,2942.88,-1
2026-05-21,2026-05-21 14:31:00,1487.48,1487.48,1487.47,1487.47,-0.0,2.0,2942.88,-1
2026-05-21,2026-05-21 14:32:00,1487.47,1487.47,1487.45,1487.45,-0.0,2.0,2942.88,-1
2026-05-21,2026-05-21 14:33:00,1487.45,1487.45,1487.43,1487.43,-0.0,2.0,2942.88,-1
2026-05-21,2026-05-21 14:34:00,1487.43,1487.43,1487.42,1487.42,-0.0,2.0,2942.88,-1
2026-05-21,2026-05-21 14:35:00,1487.42,1487.42,1487.4,1487.4,-0.0,2.0,2942.88,-1
2026-05-21,2026-05-21 14:36:00,1487.4,1487.4,1487.38,1487.38,-0.0,2.0,2942.88,-1
2026-05-21,2026-05-21 14:37:00,1487.38,1487.38,1487.37,1487.37,-0.0,2.0,2942.88,-1
2026-05-21,2026-05-21 14:38:00,1487.37,1487.37,1487.35,1487.35,-0.0,2.0,2942.88,-1
2026-05-21,2026-05-21 14:39:00,1487.35,1487.35,1487.33,1487.33,-0.0,2.0,2942.88,-1
2026-05-21,2026-05-21 14:40:00,1487.33,1487.33,1487.32,1487.32,-0.0,2.0,2942.88,-1
2026-05-21,2026-05-21 14:41:00,1487.32,1487.32,1487.3,1487.3,-0.0,2.0,2942.88,-1
2026-05-21,2026-05-21 14:42:00,1487.3,1487.3,1487.28,1487.28,-0.0,2.0,2942.88,-1
2026-05-21,2026-05-21 14:43:00,1487.28,1487.28,1487.27,1487.27,-0.0,2.0,2942.88,-1
2026-05-21,2026-05-21 14:44:00,1487.27,1487.27,1487.25,1487.25,-0.0,2.0,2942.88,-1
2026-05-21,2026-05-21 14:45:00,1487.25,1487.25,1487.23,1487.23,-0.0,2.0,2942.88,-1
2026-05-21,2026-05-21 14:46:00,1487.23,1487.23,1487.22,1487.22,-0.0,2.0,2942.88,-1
2026-05-21,2026-05-21 14:47:00,1487.22,1487.22,1487.2,1487.2,-0.0,2.0,2942.88,-1
2026-05-21,2026-05-21 14:48:00,1487.2,1487.2,1487.18,1487.18,-0.0,2.0,2942.88,-1
2026-05-21,2026-05-21 14:49:00,1487.18,1487.18,1487.17,1487.17,-0.0,2.0,2942.88,-1
2026-05-21,2026-05-21 14:50:00,1487.17,1487.17,1487.15,1487.15,-0.0,2.0,2942.88,-1
2026-05-21,2026-05-21 14:51:00,1487.15,1487.15,1487.13,1487.13,-0.0,2.0,2942.88,-1
2026-05-21,2026-05-21 14:52:00,1487.13,1487.13,1487.12,1487.12,-0.0,2.0,2942.88,-1
2026-05-21,2026-05-21 14:53:00,1487.12,1487.12,1487.1,1487.1,-0.0,2.0,2942.88,-1
2026-05-21,2026-05-21 14:54:00,1487.1,1487.1,1487.08,1487.08,-0.0,2.0,2942.88,-1
2026-05-21,2026-05-21 14:55:00,1487.08,1487.08,1487.07,1487.07,-0.0,2.0,2942.88,-1
2026-05-21,2026-05-21 14:56:00,1487.07,1487.07,1487.05,1487.05,-0.0,2.0,2942.88,-1
2026-05-21,2026-05-21 14:57:00,1487.05,1487.05,1487.03,1487.03,-0.0,2.0,2942.88,-1
2026-05-21,2026-05-21 14:58:00,1487.03,1487.03,1487.02,1487.02,-0.0,2.0,2942.88,-1
2026-05-21,2026-05-21 14:59:00,1487.02,1487.02,1487.0,1487.0,-0.0,2.0,2942.88,-1
2026-05-21,2026-05-21 15:00:00,1487.0,1514.9,1451.0,1487.0,0.0,2.0,2942.88,0
2026-05-22,2026-05-22 11:00:00,1487.0,1488.5,1480.4,1486.93,-0.0,1.52,2255.07,-1
2026-05-22,2026-05-22 11:01:00,1486.93,1486.93,1486.86,1486.86,-0.0,1.52,2255.07,-1
2026-05-22,2026-05-22 11:02:00,1486.86,1486.86,1486.79,1486.79,-0.0,1.52,2255.07,-1
2026-05-22,2026-05-22 11:03:00,1486.79,1486.79,1486.72,1486.72,-0.0,1.52,2255.07,-1
2026-05-22,2026-05-22 11:04:00,1486.72,1486.72,1486.65,1486.65,-0.0,1.52,2255.07,-1
2026-05-22,2026-05-22 11:05:00,1486.65,1486.65,1486.58,1486.58,-0.0,1.52,2255.07,-1
2026-05-22,2026-05-22 11:06:00,1486.58,1486.58,1486.51,1486.51,-0.0,1.52,2255.07,-1
2026-05-22,2026-05-22 11:07:00,1486.51,1486.51,1486.44,1486.44,-0.0,1.52,2255.07,-1
2026-05-22,2026-05-22 11:08:00,1486.44,1486.44,1486.37,1486.37,-0.0,1.52,2255.07,-1
2026-05-22,2026-05-22 11:09:00,1486.37,1486.37,1486.3,1486.3,-0.0,1.52,2255.07,-1
2026-05-22,2026-05-22 11:10:00,1486.3,1486.3,1486.23,1486.23,-0.0,1.52,2255.07,-1
2026-05-22,2026-05-22 11:11:00,1486.23,1486.23,1486.15,1486.15,-0.01,1.52,2255.07,-1
2026-05-22,2026-05-22 11:12:00,1486.15,1486.15,1486.08,1486.08,-0.0,1.52,2255.07,-1
2026-05-22,2026-05-22 11:13:00,1486.08,1486.08,1486.01,1486.01,-0.0,1.52,2255.07,-1
2026-05-22,2026-05-22 11:14:00,1486.01,1486.01,1485.94,1485.94,-0.0,1.52,2255.07,-1
2026-05-22,2026-05-22 11:15:00,1485.94,1485.94,1485.87,1485.87,-0.0,1.52,2255.07,-1
2026-05-22,2026-05-22 11:16:00,1485.87,1485.87,1485.8,1485.8,-0.0,1.52,2255.07,-1
2026-05-22,2026-05-22 11:17:00,1485.8,1485.8,1485.73,1485.73,-0.0,1.52,2255.07,-1
2026-05-22,2026-05-22 11:18:00,1485.73,1485.73,1485.66,1485.66,-0.0,1.52,2255.07,-1
2026-05-22,2026-05-22 11:19:00,1485.66,1485.66,1485.59,1485.59,-0.0,1.52,2255.07,-1
2026-05-22,2026-05-22 11:20:00,1485.59,1485.59,1485.52,1485.52,-0.0,1.52,2255.07,-1
2026-05-22,2026-05-22 11:21:00,1485.52,1485.52,1485.45,1485.45,-0.0,1.52,2255.07,-1
2026-05-22,2026-05-22 11:22:00,1485.45,1485.45,1485.38,1485.38,-0.0,1.52,2255.07,-1
2026-05-22,2026-05-22 11:23:00,1485.38,1485.38,1485.31,1485.31,-0.0,1.52,2255.07,-1
2026-05-22,2026-05-22 11:24:00,1485.31,1485.31,1485.24,1485.24,-0.0,1.52,2255.07,-1
2026-05-22,2026-05-22 11:25:00,1485.24,1485.24,1485.17,1485.17,-0.0,1.52,2255.07,-1
2026-05-22,2026-05-22 11:26:00,1485.17,1485.17,1485.1,1485.1,-0.0,1.52,2255.07,-1
2026-05-22,2026-05-22 11:27:00,1485.1,1485.1,1485.03,1485.03,-0.0,1.52,2255.07,-1
2026-05-22,2026-05-22 11:28:00,1485.03,1485.03,1484.96,1484.96,-0.0,1.52,2255.07,-1
2026-05-22,2026-05-22 11:29:00,1484.96,1484.96,1484.89,1484.89,-0.0,1.52,2255.07,-1
2026-05-22,2026-05-22 11:30:00,1484.89,1484.89,1484.82,1484.82,-0.0,1.52,2255.07,-1
2026-05-22,2026-05-22 11:31:00,1484.82,1484.82,1484.75,1484.75,-0.0,1.52,2255.07,-1
2026-05-22,2026-05-22 11:32:00,1484.75,1484.75,1484.68,1484.68,-0.0,1.52,2255.07,-1
2026-05-22,2026-05-22 11:33:00,1484.68,1484.68,1484.61,1484.61,-0.0,1.52,2255.07,-1
2026-05-22,2026-05-22 11:34:00,1484.61,1484.61,1484.54,1484.54,-0.0,1.52,2255.07,-1
2026-05-22,2026-05-22 11:35:00,1484.54,1484.54,1484.46,1484.46,-0.01,1.52,2255.07,-1
2026-05-22,2026-05-22 11:36:00,1484.46,1484.46,1484.39,1484.39,-0.0,1.52,2255.07,-1
2026-05-22,2026-05-22 11:37:00,1484.39,1484.39,1484.32,1484.32,-0.0,1.52,2255.07,-1
2026-05-22,2026-05-22 11:38:00,1484.32,1484.32,1484.25,1484.25,-0.0,1.52,2255.07,-1
2026-05-22,2026-05-22 11:39:00,1484.25,1484.25,1484.18,1484.18,-0.0,1.52,2255.07,-1
2026-05-22,2026-05-22 11:40:00,1484.18,1484.18,1484.11,1484.11,-0.0,1.52,2255.07,-1
2026-05-22,2026-05-22 11:41:00,1484.11,1484.11,1484.04,1484.04,-0.0,1.52,2255.07,-1
2026-05-22,2026-05-22 11:42:00,1484.04,1484.04,1483.97,1483.97,-0.0,1.52,2255.07,-1
2026-05-22,2026-05-22 11:43:00,1483.97,1483.97,1483.9,1483.9,-0.0,1.52,2255.07,-1
2026-05-22,2026-05-22 11:44:00,1483.9,1483.9,1483.83,1483.83,-0.0,1.52,2255.07,-1
2026-05-22,2026-05-22 11:45:00,1483.83,1483.83,1483.76,1483.76,-0.0,1.52,2255.07,-1
2026-05-22,2026-05-22 11:46:00,1483.76,1483.76,1483.69,1483.69,-0.0,1.52,2255.07,-1
2026-05-22,2026-05-22 11:47:00,1483.69,1483.69,1483.62,1483.62,-0.0,1.52,2255.07,-1
2026-05-22,2026-05-22 11:48:00,1483.62,1483.62,1483.55,1483.55,-0.0,1.52,2255.07,-1
2026-05-22,2026-05-22 11:49:00,1483.55,1483.55,1483.48,1483.48,-0.0,1.52,2255.07,-1
2026-05-22,2026-05-22 11:50:00,1483.48,1483.48,1483.41,1483.41,-0.0,1.52,2255.07,-1
2026-05-22,2026-05-22 11:51:00,1483.41,1483.41,1483.34,1483.34,-0.0,1.52,2255.07,-1
2026-05-22,2026-05-22 11:52:00,1483.34,1483.34,1483.27,1483.27,-0.0,1.52,2255.07,-1
2026-05-22,2026-05-22 11:53:00,1483.27,1483.27,1483.2,1483.2,-0.0,1.52,2255.07,-1
2026-05-22,2026-05-22 11:54:00,1483.2,1483.2,1483.13,1483.13,-0.0,1.52,2255.07,-1
2026-05-22,2026-05-22 11:55:00,1483.13,1483.13,1483.06,1483.06,-0.0,1.52,2255.07,-1
2026-05-22,2026-05-22 11:56:00,1483.06,1483.06,1482.99,1482.99,-0.0,1.52,2255.07,-1
2026-05-22,2026-05-22 11:57:00,1482.99,1482.99,1482.92,1482.92,-0.0,1.52,2255.07,-1
2026-05-22,2026-05-22 11:58:00,1482.92,1482.92,1482.85,1482.85,-0.0,1.52,2255.07,-1
2026-05-22,2026-05-22 11:59:00,1482.85,1482.85,1482.78,1482.78,-0.0,1.52,2255.07,-1
2026-05-22,2026-05-22 12:00:00,1482.78,1482.78,1482.7,1482.7,-0.01,1.52,2255.07,-1
2026-05-22,2026-05-22 12:01:00,1482.7,1482.7,1482.63,1482.63,-0.0,1.52,2255.07,-1
2026-05-22,2026-05-22 12:02:00,1482.63,1482.63,1482.56,1482.56,-0.0,1.52,2255.07,-1
2026-05-22,2026-05-22 12:03:00,1482.56,1482.56,1482.49,1482.49,-0.0,1.52,2255.07,-1
2026-05-22,2026-05-22 12:04:00,1482.49,1482.49,1482.42,1482.42,-0.0,1.52,2255.07,-1
2026-05-22,2026-05-22 12:05:00,1482.42,1482.42,1482.35,1482.35,-0.0,1.52,2255.07,-1
2026-05-22,2026-05-22 12:06:00,1482.35,1482.35,1482.28,1482.28,-0.0,1.52,2255.07,-1
2026-05-22,2026-05-22 12:07:00,1482.28,1482.28,1482.21,1482.21,-0.0,1.52,2255.07,-1
2026-05-22,2026-05-22 12:08:00,1482.21,1482.21,1482.14,1482.14,-0.0,1.52,2255.07,-1
2026-05-22,2026-05-22 12:09:00,1482.14,1482.14,1482.07,1482.07,-0.0,1.52,2255.07,-1
2026-05-22,2026-05-22 12:10:00,1482.07,1482.07,1482.0,1482.0,-0.0,1.52,2255.07,-1
2026-05-22,2026-05-22 12:11:00,1482.0,1482.0,1481.93,1481.93,-0.0,1.52,2255.07,-1
2026-05-22,2026-05-22 12:12:00,1481.93,1481.93,1481.86,1481.86,-0.0,1.52,2255.07,-1
2026-05-22,2026-05-22 12:13:00,1481.86,1481.86,1481.79,1481.79,-0.0,1.52,2255.07,-1
2026-05-22,2026-05-22 12:14:00,1481.79,1481.79,1481.72,1481.72,-0.0,1.52,2255.07,-1
2026-05-22,2026-05-22 12:15:00,1481.72,1481.72,1481.65,1481.65,-0.0,1.52,2255.07,-1
2026-05-22,2026-05-22 12:16:00,1481.65,1481.65,1481.58,1481.58,-0.0,1.52,2255.07,-1
2026-05-22,2026-05-22 12:17:00,1481.58,1481.58,1481.51,1481.51,-0.0,1.52,2255.07,-1
2026-05-22,2026-05-22 12:18:00,1481.51,1481.51,1481.44,1481.44,-0.0,1.52,2255.07,-1
2026-05-22,2026-05-22 12:19:00,1481.44,1481.44,1481.37,1481.37,-0.0,1.52,2255.07,-1
2026-05-22,2026-05-22 12:20:00,1481.37,1481.37,1481.3,1481.3,-0.0,1.52,2255.07,-1
2026-05-22,2026-05-22 12:21:00,1481.3,1481.3,1481.23,1481.23,-0.0,1.52,2255.07,-1
2026-05-22,2026-05-22 12:22:00,1481.23,1481.23,1481.16,1481.16,-0.0,1.52,2255.07,-1
2026-05-22,2026-05-22 12:23:00,1481.16,1481.16,1481.09,1481.09,-0.0,1.52,2255.07,-1
2026-05-22,2026-05-22 12:24:00,1481.09,1481.09,1481.01,1481.01,-0.01,1.52,2255.07,-1
2026-05-22,2026-05-22 12:25:00,1481.01,1481.01,1480.94,1480.94,-0.0,1.52,2255.07,-1
2026-05-22,2026-05-22 12:26:00,1480.94,1480.94,1480.87,1480.87,-0.0,1.52,2255.07,-1
2026-05-22,2026-05-22 12:27:00,1480.87,1480.87,1480.8,1480.8,-0.0,1.52,2255.07,-1
2026-05-22,2026-05-22 12:28:00,1480.8,1480.8,1480.73,1480.73,-0.0,1.52,2255.07,-1
2026-05-22,2026-05-22 12:29:00,1480.73,1480.73,1480.66,1480.66,-0.0,1.52,2255.07,-1
2026-05-22,2026-05-22 12:30:00,1480.66,1480.66,1480.59,1480.59,-0.0,1.52,2255.07,-1
2026-05-22,2026-05-22 12:31:00,1480.59,1480.59,1480.52,1480.52,-0.0,1.52,2255.07,-1
2026-05-22,2026-05-22 12:32:00,1480.52,1480.52,1480.45,1480.45,-0.0,1.52,2255.07,-1
2026-05-22,2026-05-22 12:33:00,1480.45,1480.45,1480.38,1480.38,-0.0,1.52,2255.07,-1
2026-05-22,2026-05-22 12:34:00,1480.38,1480.38,1480.31,1480.31,-0.0,1.52,2255.07,-1
2026-05-22,2026-05-22 12:35:00,1480.31,1480.31,1480.24,1480.24,-0.0,1.52,2255.07,-1
2026-05-22,2026-05-22 12:36:00,1480.24,1480.24,1480.17,1480.17,-0.0,1.52,2255.07,-1
2026-05-22,2026-05-22 12:37:00,1480.17,1480.17,1480.1,1480.1,-0.0,1.52,2255.07,-1
2026-05-22,2026-05-22 12:38:00,1480.1,1480.1,1480.03,1480.03,-0.0,1.52,2255.07,-1
2026-05-22,2026-05-22 12:39:00,1480.03,1480.03,1479.96,1479.96,-0.0,1.52,2255.07,-1
2026-05-22,2026-05-22 12:40:00,1479.96,1479.96,1479.89,1479.89,-0.0,1.52,2255.07,-1
2026-05-22,2026-05-22 12:41:00,1479.89,1479.89,1479.82,1479.82,-0.0,1.52,2255.07,-1
2026-05-22,2026-05-22 12:42:00,1479.82,1479.82,1479.75,1479.75,-0.0,1.52,2255.07,-1
2026-05-22,2026-05-22 12:43:00,1479.75,1479.75,1479.68,1479.68,-0.0,1.52,2255.07,-1
2026-05-22,2026-05-22 12:44:00,1479.68,1479.68,1479.61,1479.61,-0.0,1.52,2255.07,-1
2026-05-22,2026-05-22 12:45:00,1479.61,1479.61,1479.54,1479.54,-0.0,1.52,2255.07,-1
2026-05-22,2026-05-22 12:46:00,1479.54,1479.54,1479.47,1479.47,-0.0,1.52,2255.07,-1
2026-05-22,2026-05-22 12:47:00,1479.47,1479.47,1479.39,1479.39,-0.01,1.52,2255.07,-1
2026-05-22,2026-05-22 12:48:00,1479.39,1479.39,1479.32,1479.32,-0.0,1.52,2255.07,-1
2026-05-22,2026-05-22 12:49:00,1479.32,1479.32,1479.25,1479.25,-0.0,1.52,2255.07,-1
2026-05-22,2026-05-22 12:50:00,1479.25,1479.25,1479.18,1479.18,-0.0,1.52,2255.07,-1
2026-05-22,2026-05-22 12:51:00,1479.18,1479.18,1479.11,1479.11,-0.0,1.52,2255.07,-1
2026-05-22,2026-05-22 12:52:00,1479.11,1479.11,1479.04,1479.04,-0.0,1.52,2255.07,-1
2026-05-22,2026-05-22 12:53:00,1479.04,1479.04,1478.97,1478.97,-0.0,1.52,2255.07,-1
2026-05-22,2026-05-22 12:54:00,1478.97,1478.97,1478.9,1478.9,-0.0,1.52,2255.07,-1
2026-05-22,2026-05-22 12:55:00,1478.9,1478.9,1478.83,1478.83,-0.0,1.52,2255.07,-1
2026-05-22,2026-05-22 12:56:00,1478.83,1478.83,1478.76,1478.76,-0.0,1.52,2255.07,-1
2026-05-22,2026-05-22 12:57:00,1478.76,1478.76,1478.69,1478.69,-0.0,1.52,2255.07,-1
2026-05-22,2026-05-22 12:58:00,1478.69,1478.69,1478.62,1478.62,-0.0,1.52,2255.07,-1
2026-05-22,2026-05-22 12:59:00,1478.62,1478.62,1478.55,1478.55,-0.0,1.52,2255.07,-1
2026-05-22,2026-05-22 13:00:00,1478.55,1492.0,1465.0,1478.48,-0.0,1.52,2255.07,-1
2026-05-22,2026-05-22 13:01:00,1478.48,1478.48,1478.41,1478.41,-0.0,1.52,2255.07,-1
2026-05-22,2026-05-22 13:02:00,1478.41,1478.41,1478.34,1478.34,-0.0,1.52,2255.07,-1
2026-05-22,2026-05-22 13:03:00,1478.34,1478.34,1478.27,1478.27,-0.0,1.52,2255.07,-1
2026-05-22,2026-05-22 13:04:00,1478.27,1478.27,1478.2,1478.2,-0.0,1.52,2255.07,-1
2026-05-22,2026-05-22 13:05:00,1478.2,1478.2,1478.13,1478.13,-0.0,1.52,2255.07,-1
2026-05-22,2026-05-22 13:06:00,1478.13,1478.13,1478.06,1478.06,-0.0,1.52,2255.07,-1
2026-05-22,2026-05-22 13:07:00,1478.06,1478.06,1477.99,1477.99,-0.0,1.52,2255.07,-1
2026-05-22,2026-05-22 13:08:00,1477.99,1477.99,1477.92,1477.92,-0.0,1.52,2255.07,-1
2026-05-22,2026-05-22 13:09:00,1477.92,1477.92,1477.85,1477.85,-0.0,1.52,2255.07,-1
2026-05-22,2026-05-22 13:10:00,1477.85,1477.85,1477.78,1477.78,-0.0,1.52,2255.07,-1
2026-05-22,2026-05-22 13:11:00,1477.78,1477.78,1477.7,1477.7,-0.01,1.52,2255.07,-1
2026-05-22,2026-05-22 13:12:00,1477.7,1477.7,1477.63,1477.63,-0.0,1.52,2255.07,-1
2026-05-22,2026-05-22 13:13:00,1477.63,1477.63,1477.56,1477.56,-0.0,1.52,2255.07,-1
2026-05-22,2026-05-22 13:14:00,1477.56,1477.56,1477.49,1477.49,-0.0,1.52,2255.07,-1
2026-05-22,2026-05-22 13:15:00,1477.49,1477.49,1477.42,1477.42,-0.0,1.52,2255.07,-1
2026-05-22,2026-05-22 13:16:00,1477.42,1477.42,1477.35,1477.35,-0.0,1.52,2255.07,-1
2026-05-22,2026-05-22 13:17:00,1477.35,1477.35,1477.28,1477.28,-0.0,1.52,2255.07,-1
2026-05-22,2026-05-22 13:18:00,1477.28,1477.28,1477.21,1477.21,-0.0,1.52,2255.07,-1
2026-05-22,2026-05-22 13:19:00,1477.21,1477.21,1477.14,1477.14,-0.0,1.52,2255.07,-1
2026-05-22,2026-05-22 13:20:00,1477.14,1477.14,1477.07,1477.07,-0.0,1.52,2255.07,-1
2026-05-22,2026-05-22 13:21:00,1477.07,1477.07,1477.0,1477.0,-0.0,1.52,2255.07,-1
2026-05-22,2026-05-22 13:22:00,1477.0,1477.0,1476.93,1476.93,-0.0,1.52,2255.07,-1
2026-05-22,2026-05-22 13:23:00,1476.93,1476.93,1476.86,1476.86,-0.0,1.52,2255.07,-1
2026-05-22,2026-05-22 13:24:00,1476.86,1476.86,1476.79,1476.79,-0.0,1.52,2255.07,-1
2026-05-22,2026-05-22 13:25:00,1476.79,1476.79,1476.72,1476.72,-0.0,1.52,2255.07,-1
2026-05-22,2026-05-22 13:26:00,1476.72,1476.72,1476.65,1476.65,-0.0,1.52,2255.07,-1
2026-05-22,2026-05-22 13:27:00,1476.65,1476.65,1476.58,1476.58,-0.0,1.52,2255.07,-1
2026-05-22,2026-05-22 13:28:00,1476.58,1476.58,1476.51,1476.51,-0.0,1.52,2255.07,-1
2026-05-22,2026-05-22 13:29:00,1476.51,1476.51,1476.44,1476.44,-0.0,1.52,2255.07,-1
2026-05-22,2026-05-22 13:30:00,1476.44,1476.44,1476.37,1476.37,-0.0,1.52,2255.07,-1
2026-05-22,2026-05-22 13:31:00,1476.37,1476.37,1476.3,1476.3,-0.0,1.52,2255.07,-1
2026-05-22,2026-05-22 13:32:00,1476.3,1476.3,1476.23,1476.23,-0.0,1.52,2255.07,-1
2026-05-22,2026-05-22 13:33:00,1476.23,1476.23,1476.16,1476.16,-0.0,1.52,2255.07,-1
2026-05-22,2026-05-22 13:34:00,1476.16,1476.16,1476.09,1476.09,-0.0,1.52,2255.07,-1
2026-05-22,2026-05-22 13:35:00,1476.09,1476.09,1476.01,1476.01,-0.01,1.52,2255.07,-1
2026-05-22,2026-05-22 13:36:00,1476.01,1476.01,1475.94,1475.94,-0.0,1.52,2255.07,-1
2026-05-22,2026-05-22 13:37:00,1475.94,1475.94,1475.87,1475.87,-0.0,1.52,2255.07,-1
2026-05-22,2026-05-22 13:38:00,1475.87,1475.87,1475.8,1475.8,-0.0,1.52,2255.07,-1
2026-05-22,2026-05-22 13:39:00,1475.8,1475.8,1475.73,1475.73,-0.0,1.52,2255.07,-1
2026-05-22,2026-05-22 13:40:00,1475.73,1475.73,1475.66,1475.66,-0.0,1.52,2255.07,-1
2026-05-22,2026-05-22 13:41:00,1475.66,1475.66,1475.59,1475.59,-0.0,1.52,2255.07,-1
2026-05-22,2026-05-22 13:42:00,1475.59,1475.59,1475.52,1475.52,-0.0,1.52,2255.07,-1
2026-05-22,2026-05-22 13:43:00,1475.52,1475.52,1475.45,1475.45,-0.0,1.52,2255.07,-1
2026-05-22,2026-05-22 13:44:00,1475.45,1475.45,1475.38,1475.38,-0.0,1.52,2255.07,-1
2026-05-22,2026-05-22 13:45:00,1475.38,1475.38,1475.31,1475.31,-0.0,1.52,2255.07,-1
2026-05-22,2026-05-22 13:46:00,1475.31,1475.31,1475.24,1475.24,-0.0,1.52,2255.07,-1
2026-05-22,2026-05-22 13:47:00,1475.24,1475.24,1475.17,1475.17,-0.0,1.52,2255.07,-1
2026-05-22,2026-05-22 13:48:00,1475.17,1475.17,1475.1,1475.1,-0.0,1.52,2255.07,-1
2026-05-22,2026-05-22 13:49:00,1475.1,1475.1,1475.03,1475.03,-0.0,1.52,2255.07,-1
2026-05-22,2026-05-22 13:50:00,1475.03,1475.03,1474.96,1474.96,-0.0,1.52,2255.07,-1
2026-05-22,2026-05-22 13:51:00,1474.96,1474.96,1474.89,1474.89,-0.0,1.52,2255.07,-1
2026-05-22,2026-05-22 13:52:00,1474.89,1474.89,1474.82,1474.82,-0.0,1.52,2255.07,-1
2026-05-22,2026-05-22 13:53:00,1474.82,1474.82,1474.75,1474.75,-0.0,1.52,2255.07,-1
2026-05-22,2026-05-22 13:54:00,1474.75,1474.75,1474.68,1474.68,-0.0,1.52,2255.07,-1
2026-05-22,2026-05-22 13:55:00,1474.68,1474.68,1474.61,1474.61,-0.0,1.52,2255.07,-1
2026-05-22,2026-05-22 13:56:00,1474.61,1474.61,1474.54,1474.54,-0.0,1.52,2255.07,-1
2026-05-22,2026-05-22 13:57:00,1474.54,1474.54,1474.47,1474.47,-0.0,1.52,2255.07,-1
2026-05-22,2026-05-22 13:58:00,1474.47,1474.47,1474.4,1474.4,-0.0,1.52,2255.07,-1
2026-05-22,2026-05-22 13:59:00,1474.4,1474.4,1474.32,1474.32,-0.01,1.52,2255.07,-1
2026-05-22,2026-05-22 14:00:00,1474.32,1474.32,1474.25,1474.25,-0.0,1.52,2255.07,-1
2026-05-22,2026-05-22 14:01:00,1474.25,1474.25,1474.18,1474.18,-0.0,1.52,2255.07,-1
2026-05-22,2026-05-22 14:02:00,1474.18,1474.18,1474.11,1474.11,-0.0,1.52,2255.07,-1
2026-05-22,2026-05-22 14:03:00,1474.11,1474.11,1474.04,1474.04,-0.0,1.52,2255.07,-1
2026-05-22,2026-05-22 14:04:00,1474.04,1474.04,1473.97,1473.97,-0.0,1.52,2255.07,-1
2026-05-22,2026-05-22 14:05:00,1473.97,1473.97,1473.9,1473.9,-0.0,1.52,2255.07,-1
2026-05-22,2026-05-22 14:06:00,1473.9,1473.9,1473.83,1473.83,-0.0,1.52,2255.07,-1
2026-05-22,2026-05-22 14:07:00,1473.83,1473.83,1473.76,1473.76,-0.0,1.52,2255.07,-1
2026-05-22,2026-05-22 14:08:00,1473.76,1473.76,1473.69,1473.69,-0.0,1.52,2255.07,-1
2026-05-22,2026-05-22 14:09:00,1473.69,1473.69,1473.62,1473.62,-0.0,1.52,2255.07,-1
2026-05-22,2026-05-22 14:10:00,1473.62,1473.62,1473.55,1473.55,-0.0,1.52,2255.07,-1
2026-05-22,2026-05-22 14:11:00,1473.55,1473.55,1473.48,1473.48,-0.0,1.52,2255.07,-1
2026-05-22,2026-05-22 14:12:00,1473.48,1473.48,1473.41,1473.41,-0.0,1.52,2255.07,-1
2026-05-22,2026-05-22 14:13:00,1473.41,1473.41,1473.34,1473.34,-0.0,1.52,2255.07,-1
2026-05-22,2026-05-22 14:14:00,1473.34,1473.34,1473.27,1473.27,-0.0,1.52,2255.07,-1
2026-05-22,2026-05-22 14:15:00,1473.27,1473.27,1473.2,1473.2,-0.0,1.52,2255.07,-1
2026-05-22,2026-05-22 14:16:00,1473.2,1473.2,1473.13,1473.13,-0.0,1.52,2255.07,-1
2026-05-22,2026-05-22 14:17:00,1473.13,1473.13,1473.06,1473.06,-0.0,1.52,2255.07,-1
2026-05-22,2026-05-22 14:18:00,1473.06,1473.06,1472.99,1472.99,-0.0,1.52,2255.07,-1
2026-05-22,2026-05-22 14:19:00,1472.99,1472.99,1472.92,1472.92,-0.0,1.52,2255.07,-1
2026-05-22,2026-05-22 14:20:00,1472.92,1472.92,1472.85,1472.85,-0.0,1.52,2255.07,-1
2026-05-22,2026-05-22 14:21:00,1472.85,1472.85,1472.78,1472.78,-0.0,1.52,2255.07,-1
2026-05-22,2026-05-22 14:22:00,1472.78,1472.78,1472.71,1472.71,-0.0,1.52,2255.07,-1
2026-05-22,2026-05-22 14:23:00,1472.71,1472.71,1472.63,1472.63,-0.01,1.52,2255.07,-1
2026-05-22,2026-05-22 14:24:00,1472.63,1472.63,1472.56,1472.56,-0.0,1.52,2255.07,-1
2026-05-22,2026-05-22 14:25:00,1472.56,1472.56,1472.49,1472.49,-0.0,1.52,2255.07,-1
2026-05-22,2026-05-22 14:26:00,1472.49,1472.49,1472.42,1472.42,-0.0,1.52,2255.07,-1
2026-05-22,2026-05-22 14:27:00,1472.42,1472.42,1472.35,1472.35,-0.0,1.52,2255.07,-1
2026-05-22,2026-05-22 14:28:00,1472.35,1472.35,1472.28,1472.28,-0.0,1.52,2255.07,-1
2026-05-22,2026-05-22 14:29:00,1472.28,1472.28,1472.21,1472.21,-0.0,1.52,2255.07,-1
2026-05-22,2026-05-22 14:30:00,1472.21,1472.21,1472.14,1472.14,-0.0,1.52,2255.07,-1
2026-05-22,2026-05-22 14:31:00,1472.14,1472.14,1472.07,1472.07,-0.0,1.52,2255.07,-1
2026-05-22,2026-05-22 14:32:00,1472.07,1472.07,1472.0,1472.0,-0.0,1.52,2255.07,-1
2026-05-22,2026-05-22 14:33:00,1472.0,1472.0,1471.93,1471.93,-0.0,1.52,2255.07,-1
2026-05-22,2026-05-22 14:34:00,1471.93,1471.93,1471.86,1471.86,-0.0,1.52,2255.07,-1
2026-05-22,2026-05-22 14:35:00,1471.86,1471.86,1471.79,1471.79,-0.0,1.52,2255.07,-1
2026-05-22,2026-05-22 14:36:00,1471.79,1471.79,1471.72,1471.72,-0.0,1.52,2255.07,-1
2026-05-22,2026-05-22 14:37:00,1471.72,1471.72,1471.65,1471.65,-0.0,1.52,2255.07,-1
2026-05-22,2026-05-22 14:38:00,1471.65,1471.65,1471.58,1471.58,-0.0,1.52,2255.07,-1
2026-05-22,2026-05-22 14:39:00,1471.58,1471.58,1471.51,1471.51,-0.0,1.52,2255.07,-1
2026-05-22,2026-05-22 14:40:00,1471.51,1471.51,1471.44,1471.44,-0.0,1.52,2255.07,-1
2026-05-22,2026-05-22 14:41:00,1471.44,1471.44,1471.37,1471.37,-0.0,1.52,2255.07,-1
2026-05-22,2026-05-22 14:42:00,1471.37,1471.37,1471.3,1471.3,-0.0,1.52,2255.07,-1
2026-05-22,2026-05-22 14:43:00,1471.3,1471.3,1471.23,1471.23,-0.0,1.52,2255.07,-1
2026-05-22,2026-05-22 14:44:00,1471.23,1471.23,1471.16,1471.16,-0.0,1.52,2255.07,-1
2026-05-22,2026-05-22 14:45:00,1471.16,1471.16,1471.09,1471.09,-0.0,1.52,2255.07,-1
2026-05-22,2026-05-22 14:46:00,1471.09,1471.09,1471.02,1471.02,-0.0,1.52,2255.07,-1
2026-05-22,2026-05-22 14:47:00,1471.02,1471.02,1470.94,1470.94,-0.01,1.52,2255.07,-1
2026-05-22,2026-05-22 14:48:00,1470.94,1470.94,1470.87,1470.87,-0.0,1.52,2255.07,-1
2026-05-22,2026-05-22 14:49:00,1470.87,1470.87,1470.8,1470.8,-0.0,1.52,2255.07,-1
2026-05-22,2026-05-22 14:50:00,1470.8,1470.8,1470.73,1470.73,-0.0,1.52,2255.07,-1
2026-05-22,2026-05-22 14:51:00,1470.73,1470.73,1470.66,1470.66,-0.0,1.52,2255.07,-1
2026-05-22,2026-05-22 14:52:00,1470.66,1470.66,1470.59,1470.59,-0.0,1.52,2255.07,-1
2026-05-22,2026-05-22 14:53:00,1470.59,1470.59,1470.52,1470.52,-0.0,1.52,2255.07,-1
2026-05-22,2026-05-22 14:54:00,1470.52,1470.52,1470.45,1470.45,-0.0,1.52,2255.07,-1
2026-05-22,2026-05-22 14:55:00,1470.45,1470.45,1470.38,1470.38,-0.0,1.52,2255.07,-1
2026-05-22,2026-05-22 14:56:00,1470.38,1470.38,1470.31,1470.31,-0.0,1.52,2255.07,-1
2026-05-22,2026-05-22 14:57:00,1470.31,1470.31,1470.24,1470.24,-0.0,1.52,2255.07,-1
2026-05-22,2026-05-22 14:58:00,1470.24,1470.24,1470.17,1470.17,-0.0,1.52,2255.07,-1
2026-05-22,2026-05-22 14:59:00,1470.17,1470.17,1470.1,1470.1,-0.0,1.52,2255.07,-1
2026-05-22,2026-05-22 15:00:00,1470.1,1492.0,1465.0,1470.1,0.0,1.52,2255.07,0
2026-05-25,2026-05-25 11:00:00,1482.0,1482.9,1476.3,1481.95,-0.0,3.5,5163.83,-1
2026-05-25,2026-05-25 11:01:00,1481.95,1481.95,1481.9,1481.9,-0.0,3.5,5163.83,-1
2026-05-25,2026-05-25 11:02:00,1481.9,1481.9,1481.85,1481.85,-0.0,3.5,5163.83,-1
2026-05-25,2026-05-25 11:03:00,1481.85,1481.85,1481.8,1481.8,-0.0,3.5,5163.83,-1
2026-05-25,2026-05-25 11:04:00,1481.8,1481.8,1481.75,1481.75,-0.0,3.5,5163.83,-1
2026-05-25,2026-05-25 11:05:00,1481.75,1481.75,1481.7,1481.7,-0.0,3.5,5163.83,-1
2026-05-25,2026-05-25 11:06:00,1481.7,1481.7,1481.65,1481.65,-0.0,3.5,5163.83,-1
2026-05-25,2026-05-25 11:07:00,1481.65,1481.65,1481.6,1481.6,-0.0,3.5,5163.83,-1
2026-05-25,2026-05-25 11:08:00,1481.6,1481.6,1481.55,1481.55,-0.0,3.5,5163.83,-1
2026-05-25,2026-05-25 11:09:00,1481.55,1481.55,1481.5,1481.5,-0.0,3.5,5163.83,-1
2026-05-25,2026-05-25 11:10:00,1481.5,1481.5,1481.45,1481.45,-0.0,3.5,5163.83,-1
2026-05-25,2026-05-25 11:11:00,1481.45,1481.45,1481.4,1481.4,-0.0,3.5,5163.83,-1
2026-05-25,2026-05-25 11:12:00,1481.4,1481.4,1481.35,1481.35,-0.0,3.5,5163.83,-1
2026-05-25,2026-05-25 11:13:00,1481.35,1481.35,1481.3,1481.3,-0.0,3.5,5163.83,-1
2026-05-25,2026-05-25 11:14:00,1481.3,1481.3,1481.25,1481.25,-0.0,3.5,5163.83,-1
2026-05-25,2026-05-25 11:15:00,1481.25,1481.25,1481.2,1481.2,-0.0,3.5,5163.83,-1
2026-05-25,2026-05-25 11:16:00,1481.2,1481.2,1481.15,1481.15,-0.0,3.5,5163.83,-1
2026-05-25,2026-05-25 11:17:00,1481.15,1481.15,1481.1,1481.1,-0.0,3.5,5163.83,-1
2026-05-25,2026-05-25 11:18:00,1481.1,1481.1,1481.05,1481.05,-0.0,3.5,5163.83,-1
2026-05-25,2026-05-25 11:19:00,1481.05,1481.05,1481.0,1481.0,-0.0,3.5,5163.83,-1
2026-05-25,2026-05-25 11:20:00,1481.0,1481.0,1480.95,1480.95,-0.0,3.5,5163.83,-1
2026-05-25,2026-05-25 11:21:00,1480.95,1480.95,1480.9,1480.9,-0.0,3.5,5163.83,-1
2026-05-25,2026-05-25 11:22:00,1480.9,1480.9,1480.85,1480.85,-0.0,3.5,5163.83,-1
2026-05-25,2026-05-25 11:23:00,1480.85,1480.85,1480.8,1480.8,-0.0,3.5,5163.83,-1
2026-05-25,2026-05-25 11:24:00,1480.8,1480.8,1480.75,1480.75,-0.0,3.5,5163.83,-1
2026-05-25,2026-05-25 11:25:00,1480.75,1480.75,1480.7,1480.7,-0.0,3.5,5163.83,-1
2026-05-25,2026-05-25 11:26:00,1480.7,1480.7,1480.65,1480.65,-0.0,3.5,5163.83,-1
2026-05-25,2026-05-25 11:27:00,1480.65,1480.65,1480.6,1480.6,-0.0,3.5,5163.83,-1
2026-05-25,2026-05-25 11:28:00,1480.6,1480.6,1480.55,1480.55,-0.0,3.5,5163.83,-1
2026-05-25,2026-05-25 11:29:00,1480.55,1480.55,1480.5,1480.5,-0.0,3.5,5163.83,-1
2026-05-25,2026-05-25 11:30:00,1480.5,1480.5,1480.45,1480.45,-0.0,3.5,5163.83,-1
2026-05-25,2026-05-25 11:31:00,1480.45,1480.45,1480.4,1480.4,-0.0,3.5,5163.83,-1
2026-05-25,2026-05-25 11:32:00,1480.4,1480.4,1480.35,1480.35,-0.0,3.5,5163.83,-1
2026-05-25,2026-05-25 11:33:00,1480.35,1480.35,1480.3,1480.3,-0.0,3.5,5163.83,-1
2026-05-25,2026-05-25 11:34:00,1480.3,1480.3,1480.25,1480.25,-0.0,3.5,5163.83,-1
2026-05-25,2026-05-25 11:35:00,1480.25,1480.25,1480.2,1480.2,-0.0,3.5,5163.83,-1
2026-05-25,2026-05-25 11:36:00,1480.2,1480.2,1480.15,1480.15,-0.0,3.5,5163.83,-1
2026-05-25,2026-05-25 11:37:00,1480.15,1480.15,1480.1,1480.1,-0.0,3.5,5163.83,-1
2026-05-25,2026-05-25 11:38:00,1480.1,1480.1,1480.05,1480.05,-0.0,3.5,5163.83,-1
2026-05-25,2026-05-25 11:39:00,1480.05,1480.05,1480.0,1480.0,-0.0,3.5,5163.83,-1
2026-05-25,2026-05-25 11:40:00,1480.0,1480.0,1479.95,1479.95,-0.0,3.5,5163.83,-1
2026-05-25,2026-05-25 11:41:00,1479.95,1479.95,1479.9,1479.9,-0.0,3.5,5163.83,-1
2026-05-25,2026-05-25 11:42:00,1479.9,1479.9,1479.85,1479.85,-0.0,3.5,5163.83,-1
2026-05-25,2026-05-25 11:43:00,1479.85,1479.85,1479.8,1479.8,-0.0,3.5,5163.83,-1
2026-05-25,2026-05-25 11:44:00,1479.8,1479.8,1479.75,1479.75,-0.0,3.5,5163.83,-1
2026-05-25,2026-05-25 11:45:00,1479.75,1479.75,1479.7,1479.7,-0.0,3.5,5163.83,-1
2026-05-25,2026-05-25 11:46:00,1479.7,1479.7,1479.65,1479.65,-0.0,3.5,5163.83,-1
2026-05-25,2026-05-25 11:47:00,1479.65,1479.65,1479.6,1479.6,-0.0,3.5,5163.83,-1
2026-05-25,2026-05-25 11:48:00,1479.6,1479.6,1479.55,1479.55,-0.0,3.5,5163.83,-1
2026-05-25,2026-05-25 11:49:00,1479.55,1479.55,1479.5,1479.5,-0.0,3.5,5163.83,-1
2026-05-25,2026-05-25 11:50:00,1479.5,1479.5,1479.45,1479.45,-0.0,3.5,5163.83,-1
2026-05-25,2026-05-25 11:51:00,1479.45,1479.45,1479.4,1479.4,-0.0,3.5,5163.83,-1
2026-05-25,2026-05-25 11:52:00,1479.4,1479.4,1479.35,1479.35,-0.0,3.5,5163.83,-1
2026-05-25,2026-05-25 11:53:00,1479.35,1479.35,1479.3,1479.3,-0.0,3.5,5163.83,-1
2026-05-25,2026-05-25 11:54:00,1479.3,1479.3,1479.25,1479.25,-0.0,3.5,5163.83,-1
2026-05-25,2026-05-25 11:55:00,1479.25,1479.25,1479.2,1479.2,-0.0,3.5,5163.83,-1
2026-05-25,2026-05-25 11:56:00,1479.2,1479.2,1479.15,1479.15,-0.0,3.5,5163.83,-1
2026-05-25,2026-05-25 11:57:00,1479.15,1479.15,1479.1,1479.1,-0.0,3.5,5163.83,-1
2026-05-25,2026-05-25 11:58:00,1479.1,1479.1,1479.05,1479.05,-0.0,3.5,5163.83,-1
2026-05-25,2026-05-25 11:59:00,1479.05,1479.05,1479.0,1479.0,-0.0,3.5,5163.83,-1
2026-05-25,2026-05-25 12:00:00,1479.0,1479.0,1478.95,1478.95,-0.0,3.5,5163.83,-1
2026-05-25,2026-05-25 12:01:00,1478.95,1478.95,1478.9,1478.9,-0.0,3.5,5163.83,-1
2026-05-25,2026-05-25 12:02:00,1478.9,1478.9,1478.85,1478.85,-0.0,3.5,5163.83,-1
2026-05-25,2026-05-25 12:03:00,1478.85,1478.85,1478.8,1478.8,-0.0,3.5,5163.83,-1
2026-05-25,2026-05-25 12:04:00,1478.8,1478.8,1478.75,1478.75,-0.0,3.5,5163.83,-1
2026-05-25,2026-05-25 12:05:00,1478.75,1478.75,1478.7,1478.7,-0.0,3.5,5163.83,-1
2026-05-25,2026-05-25 12:06:00,1478.7,1478.7,1478.65,1478.65,-0.0,3.5,5163.83,-1
2026-05-25,2026-05-25 12:07:00,1478.65,1478.65,1478.6,1478.6,-0.0,3.5,5163.83,-1
2026-05-25,2026-05-25 12:08:00,1478.6,1478.6,1478.55,1478.55,-0.0,3.5,5163.83,-1
2026-05-25,2026-05-25 12:09:00,1478.55,1478.55,1478.5,1478.5,-0.0,3.5,5163.83,-1
2026-05-25,2026-05-25 12:10:00,1478.5,1478.5,1478.45,1478.45,-0.0,3.5,5163.83,-1
2026-05-25,2026-05-25 12:11:00,1478.45,1478.45,1478.4,1478.4,-0.0,3.5,5163.83,-1
2026-05-25,2026-05-25 12:12:00,1478.4,1478.4,1478.35,1478.35,-0.0,3.5,5163.83,-1
2026-05-25,2026-05-25 12:13:00,1478.35,1478.35,1478.3,1478.3,-0.0,3.5,5163.83,-1
2026-05-25,2026-05-25 12:14:00,1478.3,1478.3,1478.25,1478.25,-0.0,3.5,5163.83,-1
2026-05-25,2026-05-25 12:15:00,1478.25,1478.25,1478.2,1478.2,-0.0,3.5,5163.83,-1
2026-05-25,2026-05-25 12:16:00,1478.2,1478.2,1478.15,1478.15,-0.0,3.5,5163.83,-1
2026-05-25,2026-05-25 12:17:00,1478.15,1478.15,1478.1,1478.1,-0.0,3.5,5163.83,-1
2026-05-25,2026-05-25 12:18:00,1478.1,1478.1,1478.05,1478.05,-0.0,3.5,5163.83,-1
2026-05-25,2026-05-25 12:19:00,1478.05,1478.05,1478.0,1478.0,-0.0,3.5,5163.83,-1
2026-05-25,2026-05-25 12:20:00,1478.0,1478.0,1477.95,1477.95,-0.0,3.5,5163.83,-1
2026-05-25,2026-05-25 12:21:00,1477.95,1477.95,1477.9,1477.9,-0.0,3.5,5163.83,-1
2026-05-25,2026-05-25 12:22:00,1477.9,1477.9,1477.85,1477.85,-0.0,3.5,5163.83,-1
2026-05-25,2026-05-25 12:23:00,1477.85,1477.85,1477.8,1477.8,-0.0,3.5,5163.83,-1
2026-05-25,2026-05-25 12:24:00,1477.8,1477.8,1477.75,1477.75,-0.0,3.5,5163.83,-1
2026-05-25,2026-05-25 12:25:00,1477.75,1477.75,1477.7,1477.7,-0.0,3.5,5163.83,-1
2026-05-25,2026-05-25 12:26:00,1477.7,1477.7,1477.65,1477.65,-0.0,3.5,5163.83,-1
2026-05-25,2026-05-25 12:27:00,1477.65,1477.65,1477.6,1477.6,-0.0,3.5,5163.83,-1
2026-05-25,2026-05-25 12:28:00,1477.6,1477.6,1477.55,1477.55,-0.0,3.5,5163.83,-1
2026-05-25,2026-05-25 12:29:00,1477.55,1477.55,1477.5,1477.5,-0.0,3.5,5163.83,-1
2026-05-25,2026-05-25 12:30:00,1477.5,1477.5,1477.45,1477.45,-0.0,3.5,5163.83,-1
2026-05-25,2026-05-25 12:31:00,1477.45,1477.45,1477.4,1477.4,-0.0,3.5,5163.83,-1
2026-05-25,2026-05-25 12:32:00,1477.4,1477.4,1477.35,1477.35,-0.0,3.5,5163.83,-1
2026-05-25,2026-05-25 12:33:00,1477.35,1477.35,1477.3,1477.3,-0.0,3.5,5163.83,-1
2026-05-25,2026-05-25 12:34:00,1477.3,1477.3,1477.25,1477.25,-0.0,3.5,5163.83,-1
2026-05-25,2026-05-25 12:35:00,1477.25,1477.25,1477.2,1477.2,-0.0,3.5,5163.83,-1
2026-05-25,2026-05-25 12:36:00,1477.2,1477.2,1477.15,1477.15,-0.0,3.5,5163.83,-1
2026-05-25,2026-05-25 12:37:00,1477.15,1477.15,1477.1,1477.1,-0.0,3.5,5163.83,-1
2026-05-25,2026-05-25 12:38:00,1477.1,1477.1,1477.05,1477.05,-0.0,3.5,5163.83,-1
2026-05-25,2026-05-25 12:39:00,1477.05,1477.05,1477.0,1477.0,-0.0,3.5,5163.83,-1
2026-05-25,2026-05-25 12:40:00,1477.0,1477.0,1476.95,1476.95,-0.0,3.5,5163.83,-1
2026-05-25,2026-05-25 12:41:00,1476.95,1476.95,1476.9,1476.9,-0.0,3.5,5163.83,-1
2026-05-25,2026-05-25 12:42:00,1476.9,1476.9,1476.85,1476.85,-0.0,3.5,5163.83,-1
2026-05-25,2026-05-25 12:43:00,1476.85,1476.85,1476.8,1476.8,-0.0,3.5,5163.83,-1
2026-05-25,2026-05-25 12:44:00,1476.8,1476.8,1476.75,1476.75,-0.0,3.5,5163.83,-1
2026-05-25,2026-05-25 12:45:00,1476.75,1476.75,1476.7,1476.7,-0.0,3.5,5163.83,-1
2026-05-25,2026-05-25 12:46:00,1476.7,1476.7,1476.65,1476.65,-0.0,3.5,5163.83,-1
2026-05-25,2026-05-25 12:47:00,1476.65,1476.65,1476.6,1476.6,-0.0,3.5,5163.83,-1
2026-05-25,2026-05-25 12:48:00,1476.6,1476.6,1476.55,1476.55,-0.0,3.5,5163.83,-1
2026-05-25,2026-05-25 12:49:00,1476.55,1476.55,1476.5,1476.5,-0.0,3.5,5163.83,-1
2026-05-25,2026-05-25 12:50:00,1476.5,1476.5,1476.45,1476.45,-0.0,3.5,5163.83,-1
2026-05-25,2026-05-25 12:51:00,1476.45,1476.45,1476.4,1476.4,-0.0,3.5,5163.83,-1
2026-05-25,2026-05-25 12:52:00,1476.4,1476.4,1476.35,1476.35,-0.0,3.5,5163.83,-1
2026-05-25,2026-05-25 12:53:00,1476.35,1476.35,1476.3,1476.3,-0.0,3.5,5163.83,-1
2026-05-25,2026-05-25 12:54:00,1476.3,1476.3,1476.25,1476.25,-0.0,3.5,5163.83,-1
2026-05-25,2026-05-25 12:55:00,1476.25,1476.25,1476.2,1476.2,-0.0,3.5,5163.83,-1
2026-05-25,2026-05-25 12:56:00,1476.2,1476.2,1476.15,1476.15,-0.0,3.5,5163.83,-1
2026-05-25,2026-05-25 12:57:00,1476.15,1476.15,1476.1,1476.1,-0.0,3.5,5163.83,-1
2026-05-25,2026-05-25 12:58:00,1476.1,1476.1,1476.05,1476.05,-0.0,3.5,5163.83,-1
2026-05-25,2026-05-25 12:59:00,1476.05,1476.05,1476.0,1476.0,-0.0,3.5,5163.83,-1
2026-05-25,2026-05-25 13:00:00,1476.0,1485.0,1463.0,1475.95,-0.0,3.5,5163.83,-1
2026-05-25,2026-05-25 13:01:00,1475.95,1475.95,1475.9,1475.9,-0.0,3.5,5163.83,-1
2026-05-25,2026-05-25 13:02:00,1475.9,1475.9,1475.85,1475.85,-0.0,3.5,5163.83,-1
2026-05-25,2026-05-25 13:03:00,1475.85,1475.85,1475.8,1475.8,-0.0,3.5,5163.83,-1
2026-05-25,2026-05-25 13:04:00,1475.8,1475.8,1475.75,1475.75,-0.0,3.5,5163.83,-1
2026-05-25,2026-05-25 13:05:00,1475.75,1475.75,1475.7,1475.7,-0.0,3.5,5163.83,-1
2026-05-25,2026-05-25 13:06:00,1475.7,1475.7,1475.65,1475.65,-0.0,3.5,5163.83,-1
2026-05-25,2026-05-25 13:07:00,1475.65,1475.65,1475.6,1475.6,-0.0,3.5,5163.83,-1
2026-05-25,2026-05-25 13:08:00,1475.6,1475.6,1475.55,1475.55,-0.0,3.5,5163.83,-1
2026-05-25,2026-05-25 13:09:00,1475.55,1475.55,1475.5,1475.5,-0.0,3.5,5163.83,-1
2026-05-25,2026-05-25 13:10:00,1475.5,1475.5,1475.45,1475.45,-0.0,3.5,5163.83,-1
2026-05-25,2026-05-25 13:11:00,1475.45,1475.45,1475.4,1475.4,-0.0,3.5,5163.83,-1
2026-05-25,2026-05-25 13:12:00,1475.4,1475.4,1475.35,1475.35,-0.0,3.5,5163.83,-1
2026-05-25,2026-05-25 13:13:00,1475.35,1475.35,1475.3,1475.3,-0.0,3.5,5163.83,-1
2026-05-25,2026-05-25 13:14:00,1475.3,1475.3,1475.25,1475.25,-0.0,3.5,5163.83,-1
2026-05-25,2026-05-25 13:15:00,1475.25,1475.25,1475.2,1475.2,-0.0,3.5,5163.83,-1
2026-05-25,2026-05-25 13:16:00,1475.2,1475.2,1475.15,1475.15,-0.0,3.5,5163.83,-1
2026-05-25,2026-05-25 13:17:00,1475.15,1475.15,1475.1,1475.1,-0.0,3.5,5163.83,-1
2026-05-25,2026-05-25 13:18:00,1475.1,1475.1,1475.05,1475.05,-0.0,3.5,5163.83,-1
2026-05-25,2026-05-25 13:19:00,1475.05,1475.05,1475.0,1475.0,-0.0,3.5,5163.83,-1
2026-05-25,2026-05-25 13:20:00,1475.0,1475.0,1474.95,1474.95,-0.0,3.5,5163.83,-1
2026-05-25,2026-05-25 13:21:00,1474.95,1474.95,1474.9,1474.9,-0.0,3.5,5163.83,-1
2026-05-25,2026-05-25 13:22:00,1474.9,1474.9,1474.85,1474.85,-0.0,3.5,5163.83,-1
2026-05-25,2026-05-25 13:23:00,1474.85,1474.85,1474.8,1474.8,-0.0,3.5,5163.83,-1
2026-05-25,2026-05-25 13:24:00,1474.8,1474.8,1474.75,1474.75,-0.0,3.5,5163.83,-1
2026-05-25,2026-05-25 13:25:00,1474.75,1474.75,1474.7,1474.7,-0.0,3.5,5163.83,-1
2026-05-25,2026-05-25 13:26:00,1474.7,1474.7,1474.65,1474.65,-0.0,3.5,5163.83,-1
2026-05-25,2026-05-25 13:27:00,1474.65,1474.65,1474.6,1474.6,-0.0,3.5,5163.83,-1
2026-05-25,2026-05-25 13:28:00,1474.6,1474.6,1474.55,1474.55,-0.0,3.5,5163.83,-1
2026-05-25,2026-05-25 13:29:00,1474.55,1474.55,1474.5,1474.5,-0.0,3.5,5163.83,-1
2026-05-25,2026-05-25 13:30:00,1474.5,1474.5,1474.45,1474.45,-0.0,3.5,5163.83,-1
2026-05-25,2026-05-25 13:31:00,1474.45,1474.45,1474.4,1474.4,-0.0,3.5,5163.83,-1
2026-05-25,2026-05-25 13:32:00,1474.4,1474.4,1474.35,1474.35,-0.0,3.5,5163.83,-1
2026-05-25,2026-05-25 13:33:00,1474.35,1474.35,1474.3,1474.3,-0.0,3.5,5163.83,-1
2026-05-25,2026-05-25 13:34:00,1474.3,1474.3,1474.25,1474.25,-0.0,3.5,5163.83,-1
2026-05-25,2026-05-25 13:35:00,1474.25,1474.25,1474.2,1474.2,-0.0,3.5,5163.83,-1
2026-05-25,2026-05-25 13:36:00,1474.2,1474.2,1474.15,1474.15,-0.0,3.5,5163.83,-1
2026-05-25,2026-05-25 13:37:00,1474.15,1474.15,1474.1,1474.1,-0.0,3.5,5163.83,-1
2026-05-25,2026-05-25 13:38:00,1474.1,1474.1,1474.05,1474.05,-0.0,3.5,5163.83,-1
2026-05-25,2026-05-25 13:39:00,1474.05,1474.05,1474.0,1474.0,-0.0,3.5,5163.83,-1
2026-05-25,2026-05-25 13:40:00,1474.0,1474.0,1473.95,1473.95,-0.0,3.5,5163.83,-1
2026-05-25,2026-05-25 13:41:00,1473.95,1473.95,1473.9,1473.9,-0.0,3.5,5163.83,-1
2026-05-25,2026-05-25 13:42:00,1473.9,1473.9,1473.85,1473.85,-0.0,3.5,5163.83,-1
2026-05-25,2026-05-25 13:43:00,1473.85,1473.85,1473.8,1473.8,-0.0,3.5,5163.83,-1
2026-05-25,2026-05-25 13:44:00,1473.8,1473.8,1473.75,1473.75,-0.0,3.5,5163.83,-1
2026-05-25,2026-05-25 13:45:00,1473.75,1473.75,1473.7,1473.7,-0.0,3.5,5163.83,-1
2026-05-25,2026-05-25 13:46:00,1473.7,1473.7,1473.65,1473.65,-0.0,3.5,5163.83,-1
2026-05-25,2026-05-25 13:47:00,1473.65,1473.65,1473.6,1473.6,-0.0,3.5,5163.83,-1
2026-05-25,2026-05-25 13:48:00,1473.6,1473.6,1473.55,1473.55,-0.0,3.5,5163.83,-1
2026-05-25,2026-05-25 13:49:00,1473.55,1473.55,1473.5,1473.5,-0.0,3.5,5163.83,-1
2026-05-25,2026-05-25 13:50:00,1473.5,1473.5,1473.45,1473.45,-0.0,3.5,5163.83,-1
2026-05-25,2026-05-25 13:51:00,1473.45,1473.45,1473.4,1473.4,-0.0,3.5,5163.83,-1
2026-05-25,2026-05-25 13:52:00,1473.4,1473.4,1473.35,1473.35,-0.0,3.5,5163.83,-1
2026-05-25,2026-05-25 13:53:00,1473.35,1473.35,1473.3,1473.3,-0.0,3.5,5163.83,-1
2026-05-25,2026-05-25 13:54:00,1473.3,1473.3,1473.25,1473.25,-0.0,3.5,5163.83,-1
2026-05-25,2026-05-25 13:55:00,1473.25,1473.25,1473.2,1473.2,-0.0,3.5,5163.83,-1
2026-05-25,2026-05-25 13:56:00,1473.2,1473.2,1473.15,1473.15,-0.0,3.5,5163.83,-1
2026-05-25,2026-05-25 13:57:00,1473.15,1473.15,1473.1,1473.1,-0.0,3.5,5163.83,-1
2026-05-25,2026-05-25 13:58:00,1473.1,1473.1,1473.05,1473.05,-0.0,3.5,5163.83,-1
2026-05-25,2026-05-25 13:59:00,1473.05,1473.05,1473.0,1473.0,-0.0,3.5,5163.83,-1
2026-05-25,2026-05-25 14:00:00,1473.0,1473.0,1472.95,1472.95,-0.0,3.5,5163.83,-1
2026-05-25,2026-05-25 14:01:00,1472.95,1472.95,1472.9,1472.9,-0.0,3.5,5163.83,-1
2026-05-25,2026-05-25 14:02:00,1472.9,1472.9,1472.85,1472.85,-0.0,3.5,5163.83,-1
2026-05-25,2026-05-25 14:03:00,1472.85,1472.85,1472.8,1472.8,-0.0,3.5,5163.83,-1
2026-05-25,2026-05-25 14:04:00,1472.8,1472.8,1472.75,1472.75,-0.0,3.5,5163.83,-1
2026-05-25,2026-05-25 14:05:00,1472.75,1472.75,1472.7,1472.7,-0.0,3.5,5163.83,-1
2026-05-25,2026-05-25 14:06:00,1472.7,1472.7,1472.65,1472.65,-0.0,3.5,5163.83,-1
2026-05-25,2026-05-25 14:07:00,1472.65,1472.65,1472.6,1472.6,-0.0,3.5,5163.83,-1
2026-05-25,2026-05-25 14:08:00,1472.6,1472.6,1472.55,1472.55,-0.0,3.5,5163.83,-1
2026-05-25,2026-05-25 14:09:00,1472.55,1472.55,1472.5,1472.5,-0.0,3.5,5163.83,-1
2026-05-25,2026-05-25 14:10:00,1472.5,1472.5,1472.45,1472.45,-0.0,3.5,5163.83,-1
2026-05-25,2026-05-25 14:11:00,1472.45,1472.45,1472.4,1472.4,-0.0,3.5,5163.83,-1
2026-05-25,2026-05-25 14:12:00,1472.4,1472.4,1472.35,1472.35,-0.0,3.5,5163.83,-1
2026-05-25,2026-05-25 14:13:00,1472.35,1472.35,1472.3,1472.3,-0.0,3.5,5163.83,-1
2026-05-25,2026-05-25 14:14:00,1472.3,1472.3,1472.25,1472.25,-0.0,3.5,5163.83,-1
2026-05-25,2026-05-25 14:15:00,1472.25,1472.25,1472.2,1472.2,-0.0,3.5,5163.83,-1
2026-05-25,2026-05-25 14:16:00,1472.2,1472.2,1472.15,1472.15,-0.0,3.5,5163.83,-1
2026-05-25,2026-05-25 14:17:00,1472.15,1472.15,1472.1,1472.1,-0.0,3.5,5163.83,-1
2026-05-25,2026-05-25 14:18:00,1472.1,1472.1,1472.05,1472.05,-0.0,3.5,5163.83,-1
2026-05-25,2026-05-25 14:19:00,1472.05,1472.05,1472.0,1472.0,-0.0,3.5,5163.83,-1
2026-05-25,2026-05-25 14:20:00,1472.0,1472.0,1471.95,1471.95,-0.0,3.5,5163.83,-1
2026-05-25,2026-05-25 14:21:00,1471.95,1471.95,1471.9,1471.9,-0.0,3.5,5163.83,-1
2026-05-25,2026-05-25 14:22:00,1471.9,1471.9,1471.85,1471.85,-0.0,3.5,5163.83,-1
2026-05-25,2026-05-25 14:23:00,1471.85,1471.85,1471.8,1471.8,-0.0,3.5,5163.83,-1
2026-05-25,2026-05-25 14:24:00,1471.8,1471.8,1471.75,1471.75,-0.0,3.5,5163.83,-1
2026-05-25,2026-05-25 14:25:00,1471.75,1471.75,1471.7,1471.7,-0.0,3.5,5163.83,-1
2026-05-25,2026-05-25 14:26:00,1471.7,1471.7,1471.65,1471.65,-0.0,3.5,5163.83,-1
2026-05-25,2026-05-25 14:27:00,1471.65,1471.65,1471.6,1471.6,-0.0,3.5,5163.83,-1
2026-05-25,2026-05-25 14:28:00,1471.6,1471.6,1471.55,1471.55,-0.0,3.5,5163.83,-1
2026-05-25,2026-05-25 14:29:00,1471.55,1471.55,1471.5,1471.5,-0.0,3.5,5163.83,-1
2026-05-25,2026-05-25 14:30:00,1471.5,1471.5,1471.45,1471.45,-0.0,3.5,5163.83,-1
2026-05-25,2026-05-25 14:31:00,1471.45,1471.45,1471.4,1471.4,-0.0,3.5,5163.83,-1
2026-05-25,2026-05-25 14:32:00,1471.4,1471.4,1471.35,1471.35,-0.0,3.5,5163.83,-1
2026-05-25,2026-05-25 14:33:00,1471.35,1471.35,1471.3,1471.3,-0.0,3.5,5163.83,-1
2026-05-25,2026-05-25 14:34:00,1471.3,1471.3,1471.25,1471.25,-0.0,3.5,5163.83,-1
2026-05-25,2026-05-25 14:35:00,1471.25,1471.25,1471.2,1471.2,-0.0,3.5,5163.83,-1
2026-05-25,2026-05-25 14:36:00,1471.2,1471.2,1471.15,1471.15,-0.0,3.5,5163.83,-1
2026-05-25,2026-05-25 14:37:00,1471.15,1471.15,1471.1,1471.1,-0.0,3.5,5163.83,-1
2026-05-25,2026-05-25 14:38:00,1471.1,1471.1,1471.05,1471.05,-0.0,3.5,5163.83,-1
2026-05-25,2026-05-25 14:39:00,1471.05,1471.05,1471.0,1471.0,-0.0,3.5,5163.83,-1
2026-05-25,2026-05-25 14:40:00,1471.0,1471.0,1470.95,1470.95,-0.0,3.5,5163.83,-1
2026-05-25,2026-05-25 14:41:00,1470.95,1470.95,1470.9,1470.9,-0.0,3.5,5163.83,-1
2026-05-25,2026-05-25 14:42:00,1470.9,1470.9,1470.85,1470.85,-0.0,3.5,5163.83,-1
2026-05-25,2026-05-25 14:43:00,1470.85,1470.85,1470.8,1470.8,-0.0,3.5,5163.83,-1
2026-05-25,2026-05-25 14:44:00,1470.8,1470.8,1470.75,1470.75,-0.0,3.5,5163.83,-1
2026-05-25,2026-05-25 14:45:00,1470.75,1470.75,1470.7,1470.7,-0.0,3.5,5163.83,-1
2026-05-25,2026-05-25 14:46:00,1470.7,1470.7,1470.65,1470.65,-0.0,3.5,5163.83,-1
2026-05-25,2026-05-25 14:47:00,1470.65,1470.65,1470.6,1470.6,-0.0,3.5,5163.83,-1
2026-05-25,2026-05-25 14:48:00,1470.6,1470.6,1470.55,1470.55,-0.0,3.5,5163.83,-1
2026-05-25,2026-05-25 14:49:00,1470.55,1470.55,1470.5,1470.5,-0.0,3.5,5163.83,-1
2026-05-25,2026-05-25 14:50:00,1470.5,1470.5,1470.45,1470.45,-0.0,3.5,5163.83,-1
2026-05-25,2026-05-25 14:51:00,1470.45,1470.45,1470.4,1470.4,-0.0,3.5,5163.83,-1
2026-05-25,2026-05-25 14:52:00,1470.4,1470.4,1470.35,1470.35,-0.0,3.5,5163.83,-1
2026-05-25,2026-05-25 14:53:00,1470.35,1470.35,1470.3,1470.3,-0.0,3.5,5163.83,-1
2026-05-25,2026-05-25 14:54:00,1470.3,1470.3,1470.25,1470.25,-0.0,3.5,5163.83,-1
2026-05-25,2026-05-25 14:55:00,1470.25,1470.25,1470.2,1470.2,-0.0,3.5,5163.83,-1
2026-05-25,2026-05-25 14:56:00,1470.2,1470.2,1470.15,1470.15,-0.0,3.5,5163.83,-1
2026-05-25,2026-05-25 14:57:00,1470.15,1470.15,1470.1,1470.1,-0.0,3.5,5163.83,-1
2026-05-25,2026-05-25 14:58:00,1470.1,1470.1,1470.05,1470.05,-0.0,3.5,5163.83,-1
2026-05-25,2026-05-25 14:59:00,1470.05,1470.05,1470.0,1470.0,-0.0,3.5,5163.83,-1
2026-05-25,2026-05-25 15:00:00,1470.0,1485.0,1463.0,1470.0,0.0,3.5,5163.83,0
2026-05-26,2026-05-26 11:00:00,1450.1,1459.07,1446.77,1450.18,0.01,2.15,3153.75,1
2026-05-26,2026-05-26 11:01:00,1450.18,1450.27,1450.18,1450.27,0.01,2.15,3153.75,1
2026-05-26,2026-05-26 11:02:00,1450.27,1450.35,1450.27,1450.35,0.01,2.15,3153.75,1
2026-05-26,2026-05-26 11:03:00,1450.35,1450.43,1450.35,1450.43,0.01,2.15,3153.75,1
2026-05-26,2026-05-26 11:04:00,1450.43,1450.51,1450.43,1450.51,0.01,2.15,3153.75,1
2026-05-26,2026-05-26 11:05:00,1450.51,1450.6,1450.51,1450.6,0.01,2.15,3153.75,1
2026-05-26,2026-05-26 11:06:00,1450.6,1450.68,1450.6,1450.68,0.01,2.15,3153.75,1
2026-05-26,2026-05-26 11:07:00,1450.68,1450.76,1450.68,1450.76,0.01,2.15,3153.75,1
2026-05-26,2026-05-26 11:08:00,1450.76,1450.85,1450.76,1450.85,0.01,2.15,3153.75,1
2026-05-26,2026-05-26 11:09:00,1450.85,1450.93,1450.85,1450.93,0.01,2.15,3153.75,1
2026-05-26,2026-05-26 11:10:00,1450.93,1451.01,1450.93,1451.01,0.01,2.15,3153.75,1
2026-05-26,2026-05-26 11:11:00,1451.01,1451.09,1451.01,1451.09,0.01,2.15,3153.75,1
2026-05-26,2026-05-26 11:12:00,1451.09,1451.18,1451.09,1451.18,0.01,2.15,3153.75,1
2026-05-26,2026-05-26 11:13:00,1451.18,1451.26,1451.18,1451.26,0.01,2.15,3153.75,1
2026-05-26,2026-05-26 11:14:00,1451.26,1451.34,1451.26,1451.34,0.01,2.15,3153.75,1
2026-05-26,2026-05-26 11:15:00,1451.34,1451.43,1451.34,1451.43,0.01,2.15,3153.75,1
2026-05-26,2026-05-26 11:16:00,1451.43,1451.51,1451.43,1451.51,0.01,2.15,3153.75,1
2026-05-26,2026-05-26 11:17:00,1451.51,1451.59,1451.51,1451.59,0.01,2.15,3153.75,1
2026-05-26,2026-05-26 11:18:00,1451.59,1451.68,1451.59,1451.68,0.01,2.15,3153.75,1
2026-05-26,2026-05-26 11:19:00,1451.68,1451.76,1451.68,1451.76,0.01,2.15,3153.75,1
2026-05-26,2026-05-26 11:20:00,1451.76,1451.84,1451.76,1451.84,0.01,2.15,3153.75,1
2026-05-26,2026-05-26 11:21:00,1451.84,1451.92,1451.84,1451.92,0.01,2.15,3153.75,1
2026-05-26,2026-05-26 11:22:00,1451.92,1452.01,1451.92,1452.01,0.01,2.15,3153.75,1
2026-05-26,2026-05-26 11:23:00,1452.01,1452.09,1452.01,1452.09,0.01,2.15,3153.75,1
2026-05-26,2026-05-26 11:24:00,1452.09,1452.17,1452.09,1452.17,0.01,2.15,3153.75,1
2026-05-26,2026-05-26 11:25:00,1452.17,1452.26,1452.17,1452.26,0.01,2.15,3153.75,1
2026-05-26,2026-05-26 11:26:00,1452.26,1452.34,1452.26,1452.34,0.01,2.15,3153.75,1
2026-05-26,2026-05-26 11:27:00,1452.34,1452.42,1452.34,1452.42,0.01,2.15,3153.75,1
2026-05-26,2026-05-26 11:28:00,1452.42,1452.5,1452.42,1452.5,0.01,2.15,3153.75,1
2026-05-26,2026-05-26 11:29:00,1452.5,1452.59,1452.5,1452.59,0.01,2.15,3153.75,1
2026-05-26,2026-05-26 11:30:00,1452.59,1452.67,1452.59,1452.67,0.01,2.15,3153.75,1
2026-05-26,2026-05-26 11:31:00,1452.67,1452.75,1452.67,1452.75,0.01,2.15,3153.75,1
2026-05-26,2026-05-26 11:32:00,1452.75,1452.84,1452.75,1452.84,0.01,2.15,3153.75,1
2026-05-26,2026-05-26 11:33:00,1452.84,1452.92,1452.84,1452.92,0.01,2.15,3153.75,1
2026-05-26,2026-05-26 11:34:00,1452.92,1453.0,1452.92,1453.0,0.01,2.15,3153.75,1
2026-05-26,2026-05-26 11:35:00,1453.0,1453.09,1453.0,1453.09,0.01,2.15,3153.75,1
2026-05-26,2026-05-26 11:36:00,1453.09,1453.17,1453.09,1453.17,0.01,2.15,3153.75,1
2026-05-26,2026-05-26 11:37:00,1453.17,1453.25,1453.17,1453.25,0.01,2.15,3153.75,1
2026-05-26,2026-05-26 11:38:00,1453.25,1453.33,1453.25,1453.33,0.01,2.15,3153.75,1
2026-05-26,2026-05-26 11:39:00,1453.33,1453.42,1453.33,1453.42,0.01,2.15,3153.75,1
2026-05-26,2026-05-26 11:40:00,1453.42,1453.5,1453.42,1453.5,0.01,2.15,3153.75,1
2026-05-26,2026-05-26 11:41:00,1453.5,1453.58,1453.5,1453.58,0.01,2.15,3153.75,1
2026-05-26,2026-05-26 11:42:00,1453.58,1453.67,1453.58,1453.67,0.01,2.15,3153.75,1
2026-05-26,2026-05-26 11:43:00,1453.67,1453.75,1453.67,1453.75,0.01,2.15,3153.75,1
2026-05-26,2026-05-26 11:44:00,1453.75,1453.83,1453.75,1453.83,0.01,2.15,3153.75,1
2026-05-26,2026-05-26 11:45:00,1453.83,1453.91,1453.83,1453.91,0.01,2.15,3153.75,1
2026-05-26,2026-05-26 11:46:00,1453.91,1454.0,1453.91,1454.0,0.01,2.15,3153.75,1
2026-05-26,2026-05-26 11:47:00,1454.0,1454.08,1454.0,1454.08,0.01,2.15,3153.75,1
2026-05-26,2026-05-26 11:48:00,1454.08,1454.16,1454.08,1454.16,0.01,2.15,3153.75,1
2026-05-26,2026-05-26 11:49:00,1454.16,1454.25,1454.16,1454.25,0.01,2.15,3153.75,1
2026-05-26,2026-05-26 11:50:00,1454.25,1454.33,1454.25,1454.33,0.01,2.15,3153.75,1
2026-05-26,2026-05-26 11:51:00,1454.33,1454.41,1454.33,1454.41,0.01,2.15,3153.75,1
2026-05-26,2026-05-26 11:52:00,1454.41,1454.49,1454.41,1454.49,0.01,2.15,3153.75,1
2026-05-26,2026-05-26 11:53:00,1454.49,1454.58,1454.49,1454.58,0.01,2.15,3153.75,1
2026-05-26,2026-05-26 11:54:00,1454.58,1454.66,1454.58,1454.66,0.01,2.15,3153.75,1
2026-05-26,2026-05-26 11:55:00,1454.66,1454.74,1454.66,1454.74,0.01,2.15,3153.75,1
2026-05-26,2026-05-26 11:56:00,1454.74,1454.83,1454.74,1454.83,0.01,2.15,3153.75,1
2026-05-26,2026-05-26 11:57:00,1454.83,1454.91,1454.83,1454.91,0.01,2.15,3153.75,1
2026-05-26,2026-05-26 11:58:00,1454.91,1454.99,1454.91,1454.99,0.01,2.15,3153.75,1
2026-05-26,2026-05-26 11:59:00,1454.99,1455.07,1454.99,1455.07,0.01,2.15,3153.75,1
2026-05-26,2026-05-26 12:00:00,1455.07,1455.16,1455.07,1455.16,0.01,2.15,3153.75,1
2026-05-26,2026-05-26 12:01:00,1455.16,1455.24,1455.16,1455.24,0.01,2.15,3153.75,1
2026-05-26,2026-05-26 12:02:00,1455.24,1455.32,1455.24,1455.32,0.01,2.15,3153.75,1
2026-05-26,2026-05-26 12:03:00,1455.32,1455.41,1455.32,1455.41,0.01,2.15,3153.75,1
2026-05-26,2026-05-26 12:04:00,1455.41,1455.49,1455.41,1455.49,0.01,2.15,3153.75,1
2026-05-26,2026-05-26 12:05:00,1455.49,1455.57,1455.49,1455.57,0.01,2.15,3153.75,1
2026-05-26,2026-05-26 12:06:00,1455.57,1455.66,1455.57,1455.66,0.01,2.15,3153.75,1
2026-05-26,2026-05-26 12:07:00,1455.66,1455.74,1455.66,1455.74,0.01,2.15,3153.75,1
2026-05-26,2026-05-26 12:08:00,1455.74,1455.82,1455.74,1455.82,0.01,2.15,3153.75,1
2026-05-26,2026-05-26 12:09:00,1455.82,1455.9,1455.82,1455.9,0.01,2.15,3153.75,1
2026-05-26,2026-05-26 12:10:00,1455.9,1455.99,1455.9,1455.99,0.01,2.15,3153.75,1
2026-05-26,2026-05-26 12:11:00,1455.99,1456.07,1455.99,1456.07,0.01,2.15,3153.75,1
2026-05-26,2026-05-26 12:12:00,1456.07,1456.15,1456.07,1456.15,0.01,2.15,3153.75,1
2026-05-26,2026-05-26 12:13:00,1456.15,1456.24,1456.15,1456.24,0.01,2.15,3153.75,1
2026-05-26,2026-05-26 12:14:00,1456.24,1456.32,1456.24,1456.32,0.01,2.15,3153.75,1
2026-05-26,2026-05-26 12:15:00,1456.32,1456.4,1456.32,1456.4,0.01,2.15,3153.75,1
2026-05-26,2026-05-26 12:16:00,1456.4,1456.48,1456.4,1456.48,0.01,2.15,3153.75,1
2026-05-26,2026-05-26 12:17:00,1456.48,1456.57,1456.48,1456.57,0.01,2.15,3153.75,1
2026-05-26,2026-05-26 12:18:00,1456.57,1456.65,1456.57,1456.65,0.01,2.15,3153.75,1
2026-05-26,2026-05-26 12:19:00,1456.65,1456.73,1456.65,1456.73,0.01,2.15,3153.75,1
2026-05-26,2026-05-26 12:20:00,1456.73,1456.82,1456.73,1456.82,0.01,2.15,3153.75,1
2026-05-26,2026-05-26 12:21:00,1456.82,1456.9,1456.82,1456.9,0.01,2.15,3153.75,1
2026-05-26,2026-05-26 12:22:00,1456.9,1456.98,1456.9,1456.98,0.01,2.15,3153.75,1
2026-05-26,2026-05-26 12:23:00,1456.98,1457.07,1456.98,1457.07,0.01,2.15,3153.75,1
2026-05-26,2026-05-26 12:24:00,1457.07,1457.15,1457.07,1457.15,0.01,2.15,3153.75,1
2026-05-26,2026-05-26 12:25:00,1457.15,1457.23,1457.15,1457.23,0.01,2.15,3153.75,1
2026-05-26,2026-05-26 12:26:00,1457.23,1457.31,1457.23,1457.31,0.01,2.15,3153.75,1
2026-05-26,2026-05-26 12:27:00,1457.31,1457.4,1457.31,1457.4,0.01,2.15,3153.75,1
2026-05-26,2026-05-26 12:28:00,1457.4,1457.48,1457.4,1457.48,0.01,2.15,3153.75,1
2026-05-26,2026-05-26 12:29:00,1457.48,1457.56,1457.48,1457.56,0.01,2.15,3153.75,1
2026-05-26,2026-05-26 12:30:00,1457.56,1457.65,1457.56,1457.65,0.01,2.15,3153.75,1
2026-05-26,2026-05-26 12:31:00,1457.65,1457.73,1457.65,1457.73,0.01,2.15,3153.75,1
2026-05-26,2026-05-26 12:32:00,1457.73,1457.81,1457.73,1457.81,0.01,2.15,3153.75,1
2026-05-26,2026-05-26 12:33:00,1457.81,1457.89,1457.81,1457.89,0.01,2.15,3153.75,1
2026-05-26,2026-05-26 12:34:00,1457.89,1457.98,1457.89,1457.98,0.01,2.15,3153.75,1
2026-05-26,2026-05-26 12:35:00,1457.98,1458.06,1457.98,1458.06,0.01,2.15,3153.75,1
2026-05-26,2026-05-26 12:36:00,1458.06,1458.14,1458.06,1458.14,0.01,2.15,3153.75,1
2026-05-26,2026-05-26 12:37:00,1458.14,1458.23,1458.14,1458.23,0.01,2.15,3153.75,1
2026-05-26,2026-05-26 12:38:00,1458.23,1458.31,1458.23,1458.31,0.01,2.15,3153.75,1
2026-05-26,2026-05-26 12:39:00,1458.31,1458.39,1458.31,1458.39,0.01,2.15,3153.75,1
2026-05-26,2026-05-26 12:40:00,1458.39,1458.47,1458.39,1458.47,0.01,2.15,3153.75,1
2026-05-26,2026-05-26 12:41:00,1458.47,1458.56,1458.47,1458.56,0.01,2.15,3153.75,1
2026-05-26,2026-05-26 12:42:00,1458.56,1458.64,1458.56,1458.64,0.01,2.15,3153.75,1
2026-05-26,2026-05-26 12:43:00,1458.64,1458.72,1458.64,1458.72,0.01,2.15,3153.75,1
2026-05-26,2026-05-26 12:44:00,1458.72,1458.81,1458.72,1458.81,0.01,2.15,3153.75,1
2026-05-26,2026-05-26 12:45:00,1458.81,1458.89,1458.81,1458.89,0.01,2.15,3153.75,1
2026-05-26,2026-05-26 12:46:00,1458.89,1458.97,1458.89,1458.97,0.01,2.15,3153.75,1
2026-05-26,2026-05-26 12:47:00,1458.97,1459.05,1458.97,1459.05,0.01,2.15,3153.75,1
2026-05-26,2026-05-26 12:48:00,1459.05,1459.14,1459.05,1459.14,0.01,2.15,3153.75,1
2026-05-26,2026-05-26 12:49:00,1459.14,1459.22,1459.14,1459.22,0.01,2.15,3153.75,1
2026-05-26,2026-05-26 12:50:00,1459.22,1459.3,1459.22,1459.3,0.01,2.15,3153.75,1
2026-05-26,2026-05-26 12:51:00,1459.3,1459.39,1459.3,1459.39,0.01,2.15,3153.75,1
2026-05-26,2026-05-26 12:52:00,1459.39,1459.47,1459.39,1459.47,0.01,2.15,3153.75,1
2026-05-26,2026-05-26 12:53:00,1459.47,1459.55,1459.47,1459.55,0.01,2.15,3153.75,1
2026-05-26,2026-05-26 12:54:00,1459.55,1459.64,1459.55,1459.64,0.01,2.15,3153.75,1
2026-05-26,2026-05-26 12:55:00,1459.64,1459.72,1459.64,1459.72,0.01,2.15,3153.75,1
2026-05-26,2026-05-26 12:56:00,1459.72,1459.8,1459.72,1459.8,0.01,2.15,3153.75,1
2026-05-26,2026-05-26 12:57:00,1459.8,1459.88,1459.8,1459.88,0.01,2.15,3153.75,1
2026-05-26,2026-05-26 12:58:00,1459.88,1459.97,1459.88,1459.97,0.01,2.15,3153.75,1
2026-05-26,2026-05-26 12:59:00,1459.97,1460.05,1459.97,1460.05,0.01,2.15,3153.75,1
2026-05-26,2026-05-26 13:00:00,1460.05,1480.0,1439.0,1460.13,0.01,2.15,3153.75,1
2026-05-26,2026-05-26 13:01:00,1460.13,1460.22,1460.13,1460.22,0.01,2.15,3153.75,1
2026-05-26,2026-05-26 13:02:00,1460.22,1460.3,1460.22,1460.3,0.01,2.15,3153.75,1
2026-05-26,2026-05-26 13:03:00,1460.3,1460.38,1460.3,1460.38,0.01,2.15,3153.75,1
2026-05-26,2026-05-26 13:04:00,1460.38,1460.46,1460.38,1460.46,0.01,2.15,3153.75,1
2026-05-26,2026-05-26 13:05:00,1460.46,1460.55,1460.46,1460.55,0.01,2.15,3153.75,1
2026-05-26,2026-05-26 13:06:00,1460.55,1460.63,1460.55,1460.63,0.01,2.15,3153.75,1
2026-05-26,2026-05-26 13:07:00,1460.63,1460.71,1460.63,1460.71,0.01,2.15,3153.75,1
2026-05-26,2026-05-26 13:08:00,1460.71,1460.8,1460.71,1460.8,0.01,2.15,3153.75,1
2026-05-26,2026-05-26 13:09:00,1460.8,1460.88,1460.8,1460.88,0.01,2.15,3153.75,1
2026-05-26,2026-05-26 13:10:00,1460.88,1460.96,1460.88,1460.96,0.01,2.15,3153.75,1
2026-05-26,2026-05-26 13:11:00,1460.96,1461.05,1460.96,1461.05,0.01,2.15,3153.75,1
2026-05-26,2026-05-26 13:12:00,1461.05,1461.13,1461.05,1461.13,0.01,2.15,3153.75,1
2026-05-26,2026-05-26 13:13:00,1461.13,1461.21,1461.13,1461.21,0.01,2.15,3153.75,1
2026-05-26,2026-05-26 13:14:00,1461.21,1461.29,1461.21,1461.29,0.01,2.15,3153.75,1
2026-05-26,2026-05-26 13:15:00,1461.29,1461.38,1461.29,1461.38,0.01,2.15,3153.75,1
2026-05-26,2026-05-26 13:16:00,1461.38,1461.46,1461.38,1461.46,0.01,2.15,3153.75,1
2026-05-26,2026-05-26 13:17:00,1461.46,1461.54,1461.46,1461.54,0.01,2.15,3153.75,1
2026-05-26,2026-05-26 13:18:00,1461.54,1461.63,1461.54,1461.63,0.01,2.15,3153.75,1
2026-05-26,2026-05-26 13:19:00,1461.63,1461.71,1461.63,1461.71,0.01,2.15,3153.75,1
2026-05-26,2026-05-26 13:20:00,1461.71,1461.79,1461.71,1461.79,0.01,2.15,3153.75,1
2026-05-26,2026-05-26 13:21:00,1461.79,1461.87,1461.79,1461.87,0.01,2.15,3153.75,1
2026-05-26,2026-05-26 13:22:00,1461.87,1461.96,1461.87,1461.96,0.01,2.15,3153.75,1
2026-05-26,2026-05-26 13:23:00,1461.96,1462.04,1461.96,1462.04,0.01,2.15,3153.75,1
2026-05-26,2026-05-26 13:24:00,1462.04,1462.12,1462.04,1462.12,0.01,2.15,3153.75,1
2026-05-26,2026-05-26 13:25:00,1462.12,1462.21,1462.12,1462.21,0.01,2.15,3153.75,1
2026-05-26,2026-05-26 13:26:00,1462.21,1462.29,1462.21,1462.29,0.01,2.15,3153.75,1
2026-05-26,2026-05-26 13:27:00,1462.29,1462.37,1462.29,1462.37,0.01,2.15,3153.75,1
2026-05-26,2026-05-26 13:28:00,1462.37,1462.45,1462.37,1462.45,0.01,2.15,3153.75,1
2026-05-26,2026-05-26 13:29:00,1462.45,1462.54,1462.45,1462.54,0.01,2.15,3153.75,1
2026-05-26,2026-05-26 13:30:00,1462.54,1462.62,1462.54,1462.62,0.01,2.15,3153.75,1
2026-05-26,2026-05-26 13:31:00,1462.62,1462.7,1462.62,1462.7,0.01,2.15,3153.75,1
2026-05-26,2026-05-26 13:32:00,1462.7,1462.79,1462.7,1462.79,0.01,2.15,3153.75,1
2026-05-26,2026-05-26 13:33:00,1462.79,1462.87,1462.79,1462.87,0.01,2.15,3153.75,1
2026-05-26,2026-05-26 13:34:00,1462.87,1462.95,1462.87,1462.95,0.01,2.15,3153.75,1
2026-05-26,2026-05-26 13:35:00,1462.95,1463.03,1462.95,1463.03,0.01,2.15,3153.75,1
2026-05-26,2026-05-26 13:36:00,1463.03,1463.12,1463.03,1463.12,0.01,2.15,3153.75,1
2026-05-26,2026-05-26 13:37:00,1463.12,1463.2,1463.12,1463.2,0.01,2.15,3153.75,1
2026-05-26,2026-05-26 13:38:00,1463.2,1463.28,1463.2,1463.28,0.01,2.15,3153.75,1
2026-05-26,2026-05-26 13:39:00,1463.28,1463.37,1463.28,1463.37,0.01,2.15,3153.75,1
2026-05-26,2026-05-26 13:40:00,1463.37,1463.45,1463.37,1463.45,0.01,2.15,3153.75,1
2026-05-26,2026-05-26 13:41:00,1463.45,1463.53,1463.45,1463.53,0.01,2.15,3153.75,1
2026-05-26,2026-05-26 13:42:00,1463.53,1463.62,1463.53,1463.62,0.01,2.15,3153.75,1
2026-05-26,2026-05-26 13:43:00,1463.62,1463.7,1463.62,1463.7,0.01,2.15,3153.75,1
2026-05-26,2026-05-26 13:44:00,1463.7,1463.78,1463.7,1463.78,0.01,2.15,3153.75,1
2026-05-26,2026-05-26 13:45:00,1463.78,1463.86,1463.78,1463.86,0.01,2.15,3153.75,1
2026-05-26,2026-05-26 13:46:00,1463.86,1463.95,1463.86,1463.95,0.01,2.15,3153.75,1
2026-05-26,2026-05-26 13:47:00,1463.95,1464.03,1463.95,1464.03,0.01,2.15,3153.75,1
2026-05-26,2026-05-26 13:48:00,1464.03,1464.11,1464.03,1464.11,0.01,2.15,3153.75,1
2026-05-26,2026-05-26 13:49:00,1464.11,1464.2,1464.11,1464.2,0.01,2.15,3153.75,1
2026-05-26,2026-05-26 13:50:00,1464.2,1464.28,1464.2,1464.28,0.01,2.15,3153.75,1
2026-05-26,2026-05-26 13:51:00,1464.28,1464.36,1464.28,1464.36,0.01,2.15,3153.75,1
2026-05-26,2026-05-26 13:52:00,1464.36,1464.44,1464.36,1464.44,0.01,2.15,3153.75,1
2026-05-26,2026-05-26 13:53:00,1464.44,1464.53,1464.44,1464.53,0.01,2.15,3153.75,1
2026-05-26,2026-05-26 13:54:00,1464.53,1464.61,1464.53,1464.61,0.01,2.15,3153.75,1
2026-05-26,2026-05-26 13:55:00,1464.61,1464.69,1464.61,1464.69,0.01,2.15,3153.75,1
2026-05-26,2026-05-26 13:56:00,1464.69,1464.78,1464.69,1464.78,0.01,2.15,3153.75,1
2026-05-26,2026-05-26 13:57:00,1464.78,1464.86,1464.78,1464.86,0.01,2.15,3153.75,1
2026-05-26,2026-05-26 13:58:00,1464.86,1464.94,1464.86,1464.94,0.01,2.15,3153.75,1
2026-05-26,2026-05-26 13:59:00,1464.94,1465.03,1464.94,1465.03,0.01,2.15,3153.75,1
2026-05-26,2026-05-26 14:00:00,1465.03,1465.11,1465.03,1465.11,0.01,2.15,3153.75,1
2026-05-26,2026-05-26 14:01:00,1465.11,1465.19,1465.11,1465.19,0.01,2.15,3153.75,1
2026-05-26,2026-05-26 14:02:00,1465.19,1465.27,1465.19,1465.27,0.01,2.15,3153.75,1
2026-05-26,2026-05-26 14:03:00,1465.27,1465.36,1465.27,1465.36,0.01,2.15,3153.75,1
2026-05-26,2026-05-26 14:04:00,1465.36,1465.44,1465.36,1465.44,0.01,2.15,3153.75,1
2026-05-26,2026-05-26 14:05:00,1465.44,1465.52,1465.44,1465.52,0.01,2.15,3153.75,1
2026-05-26,2026-05-26 14:06:00,1465.52,1465.61,1465.52,1465.61,0.01,2.15,3153.75,1
2026-05-26,2026-05-26 14:07:00,1465.61,1465.69,1465.61,1465.69,0.01,2.15,3153.75,1
2026-05-26,2026-05-26 14:08:00,1465.69,1465.77,1465.69,1465.77,0.01,2.15,3153.75,1
2026-05-26,2026-05-26 14:09:00,1465.77,1465.85,1465.77,1465.85,0.01,2.15,3153.75,1
2026-05-26,2026-05-26 14:10:00,1465.85,1465.94,1465.85,1465.94,0.01,2.15,3153.75,1
2026-05-26,2026-05-26 14:11:00,1465.94,1466.02,1465.94,1466.02,0.01,2.15,3153.75,1
2026-05-26,2026-05-26 14:12:00,1466.02,1466.1,1466.02,1466.1,0.01,2.15,3153.75,1
2026-05-26,2026-05-26 14:13:00,1466.1,1466.19,1466.1,1466.19,0.01,2.15,3153.75,1
2026-05-26,2026-05-26 14:14:00,1466.19,1466.27,1466.19,1466.27,0.01,2.15,3153.75,1
2026-05-26,2026-05-26 14:15:00,1466.27,1466.35,1466.27,1466.35,0.01,2.15,3153.75,1
2026-05-26,2026-05-26 14:16:00,1466.35,1466.43,1466.35,1466.43,0.01,2.15,3153.75,1
2026-05-26,2026-05-26 14:17:00,1466.43,1466.52,1466.43,1466.52,0.01,2.15,3153.75,1
2026-05-26,2026-05-26 14:18:00,1466.52,1466.6,1466.52,1466.6,0.01,2.15,3153.75,1
2026-05-26,2026-05-26 14:19:00,1466.6,1466.68,1466.6,1466.68,0.01,2.15,3153.75,1
2026-05-26,2026-05-26 14:20:00,1466.68,1466.77,1466.68,1466.77,0.01,2.15,3153.75,1
2026-05-26,2026-05-26 14:21:00,1466.77,1466.85,1466.77,1466.85,0.01,2.15,3153.75,1
2026-05-26,2026-05-26 14:22:00,1466.85,1466.93,1466.85,1466.93,0.01,2.15,3153.75,1
2026-05-26,2026-05-26 14:23:00,1466.93,1467.01,1466.93,1467.01,0.01,2.15,3153.75,1
2026-05-26,2026-05-26 14:24:00,1467.01,1467.1,1467.01,1467.1,0.01,2.15,3153.75,1
2026-05-26,2026-05-26 14:25:00,1467.1,1467.18,1467.1,1467.18,0.01,2.15,3153.75,1
2026-05-26,2026-05-26 14:26:00,1467.18,1467.26,1467.18,1467.26,0.01,2.15,3153.75,1
2026-05-26,2026-05-26 14:27:00,1467.26,1467.35,1467.26,1467.35,0.01,2.15,3153.75,1
2026-05-26,2026-05-26 14:28:00,1467.35,1467.43,1467.35,1467.43,0.01,2.15,3153.75,1
2026-05-26,2026-05-26 14:29:00,1467.43,1467.51,1467.43,1467.51,0.01,2.15,3153.75,1
2026-05-26,2026-05-26 14:30:00,1467.51,1467.6,1467.51,1467.6,0.01,2.15,3153.75,1
2026-05-26,2026-05-26 14:31:00,1467.6,1467.68,1467.6,1467.68,0.01,2.15,3153.75,1
2026-05-26,2026-05-26 14:32:00,1467.68,1467.76,1467.68,1467.76,0.01,2.15,3153.75,1
2026-05-26,2026-05-26 14:33:00,1467.76,1467.84,1467.76,1467.84,0.01,2.15,3153.75,1
2026-05-26,2026-05-26 14:34:00,1467.84,1467.93,1467.84,1467.93,0.01,2.15,3153.75,1
2026-05-26,2026-05-26 14:35:00,1467.93,1468.01,1467.93,1468.01,0.01,2.15,3153.75,1
2026-05-26,2026-05-26 14:36:00,1468.01,1468.09,1468.01,1468.09,0.01,2.15,3153.75,1
2026-05-26,2026-05-26 14:37:00,1468.09,1468.18,1468.09,1468.18,0.01,2.15,3153.75,1
2026-05-26,2026-05-26 14:38:00,1468.18,1468.26,1468.18,1468.26,0.01,2.15,3153.75,1
2026-05-26,2026-05-26 14:39:00,1468.26,1468.34,1468.26,1468.34,0.01,2.15,3153.75,1
2026-05-26,2026-05-26 14:40:00,1468.34,1468.42,1468.34,1468.42,0.01,2.15,3153.75,1
2026-05-26,2026-05-26 14:41:00,1468.42,1468.51,1468.42,1468.51,0.01,2.15,3153.75,1
2026-05-26,2026-05-26 14:42:00,1468.51,1468.59,1468.51,1468.59,0.01,2.15,3153.75,1
2026-05-26,2026-05-26 14:43:00,1468.59,1468.67,1468.59,1468.67,0.01,2.15,3153.75,1
2026-05-26,2026-05-26 14:44:00,1468.67,1468.76,1468.67,1468.76,0.01,2.15,3153.75,1
2026-05-26,2026-05-26 14:45:00,1468.76,1468.84,1468.76,1468.84,0.01,2.15,3153.75,1
2026-05-26,2026-05-26 14:46:00,1468.84,1468.92,1468.84,1468.92,0.01,2.15,3153.75,1
2026-05-26,2026-05-26 14:47:00,1468.92,1469.01,1468.92,1469.01,0.01,2.15,3153.75,1
2026-05-26,2026-05-26 14:48:00,1469.01,1469.09,1469.01,1469.09,0.01,2.15,3153.75,1
2026-05-26,2026-05-26 14:49:00,1469.09,1469.17,1469.09,1469.17,0.01,2.15,3153.75,1
2026-05-26,2026-05-26 14:50:00,1469.17,1469.25,1469.17,1469.25,0.01,2.15,3153.75,1
2026-05-26,2026-05-26 14:51:00,1469.25,1469.34,1469.25,1469.34,0.01,2.15,3153.75,1
2026-05-26,2026-05-26 14:52:00,1469.34,1469.42,1469.34,1469.42,0.01,2.15,3153.75,1
2026-05-26,2026-05-26 14:53:00,1469.42,1469.5,1469.42,1469.5,0.01,2.15,3153.75,1
2026-05-26,2026-05-26 14:54:00,1469.5,1469.59,1469.5,1469.59,0.01,2.15,3153.75,1
2026-05-26,2026-05-26 14:55:00,1469.59,1469.67,1469.59,1469.67,0.01,2.15,3153.75,1
2026-05-26,2026-05-26 14:56:00,1469.67,1469.75,1469.67,1469.75,0.01,2.15,3153.75,1
2026-05-26,2026-05-26 14:57:00,1469.75,1469.83,1469.75,1469.83,0.01,2.15,3153.75,1
2026-05-26,2026-05-26 14:58:00,1469.83,1469.92,1469.83,1469.92,0.01,2.15,3153.75,1
2026-05-26,2026-05-26 14:59:00,1469.92,1470.0,1469.92,1470.0,0.01,2.15,3153.75,1
2026-05-26,2026-05-26 15:00:00,1470.0,1480.0,1439.0,1470.0,0.0,2.15,3153.75,0
2026-05-27,2026-05-27 11:00:00,1480.0,1480.0,1471.6,1479.96,-0.0,2.96,4344.38,-1
2026-05-27,2026-05-27 11:01:00,1479.96,1479.96,1479.92,1479.92,-0.0,2.96,4344.38,-1
2026-05-27,2026-05-27 11:02:00,1479.92,1479.92,1479.88,1479.88,-0.0,2.96,4344.38,-1
2026-05-27,2026-05-27 11:03:00,1479.88,1479.88,1479.83,1479.83,-0.0,2.96,4344.38,-1
2026-05-27,2026-05-27 11:04:00,1479.83,1479.83,1479.79,1479.79,-0.0,2.96,4344.38,-1
2026-05-27,2026-05-27 11:05:00,1479.79,1479.79,1479.75,1479.75,-0.0,2.96,4344.38,-1
2026-05-27,2026-05-27 11:06:00,1479.75,1479.75,1479.71,1479.71,-0.0,2.96,4344.38,-1
2026-05-27,2026-05-27 11:07:00,1479.71,1479.71,1479.67,1479.67,-0.0,2.96,4344.38,-1
2026-05-27,2026-05-27 11:08:00,1479.67,1479.67,1479.62,1479.62,-0.0,2.96,4344.38,-1
2026-05-27,2026-05-27 11:09:00,1479.62,1479.62,1479.58,1479.58,-0.0,2.96,4344.38,-1
2026-05-27,2026-05-27 11:10:00,1479.58,1479.58,1479.54,1479.54,-0.0,2.96,4344.38,-1
2026-05-27,2026-05-27 11:11:00,1479.54,1479.54,1479.5,1479.5,-0.0,2.96,4344.38,-1
2026-05-27,2026-05-27 11:12:00,1479.5,1479.5,1479.46,1479.46,-0.0,2.96,4344.38,-1
2026-05-27,2026-05-27 11:13:00,1479.46,1479.46,1479.42,1479.42,-0.0,2.96,4344.38,-1
2026-05-27,2026-05-27 11:14:00,1479.42,1479.42,1479.38,1479.38,-0.0,2.96,4344.38,-1
2026-05-27,2026-05-27 11:15:00,1479.38,1479.38,1479.33,1479.33,-0.0,2.96,4344.38,-1
2026-05-27,2026-05-27 11:16:00,1479.33,1479.33,1479.29,1479.29,-0.0,2.96,4344.38,-1
2026-05-27,2026-05-27 11:17:00,1479.29,1479.29,1479.25,1479.25,-0.0,2.96,4344.38,-1
2026-05-27,2026-05-27 11:18:00,1479.25,1479.25,1479.21,1479.21,-0.0,2.96,4344.38,-1
2026-05-27,2026-05-27 11:19:00,1479.21,1479.21,1479.17,1479.17,-0.0,2.96,4344.38,-1
2026-05-27,2026-05-27 11:20:00,1479.17,1479.17,1479.12,1479.12,-0.0,2.96,4344.38,-1
2026-05-27,2026-05-27 11:21:00,1479.12,1479.12,1479.08,1479.08,-0.0,2.96,4344.38,-1
2026-05-27,2026-05-27 11:22:00,1479.08,1479.08,1479.04,1479.04,-0.0,2.96,4344.38,-1
2026-05-27,2026-05-27 11:23:00,1479.04,1479.04,1479.0,1479.0,-0.0,2.96,4344.38,-1
2026-05-27,2026-05-27 11:24:00,1479.0,1479.0,1478.96,1478.96,-0.0,2.96,4344.38,-1
2026-05-27,2026-05-27 11:25:00,1478.96,1478.96,1478.92,1478.92,-0.0,2.96,4344.38,-1
2026-05-27,2026-05-27 11:26:00,1478.92,1478.92,1478.88,1478.88,-0.0,2.96,4344.38,-1
2026-05-27,2026-05-27 11:27:00,1478.88,1478.88,1478.83,1478.83,-0.0,2.96,4344.38,-1
2026-05-27,2026-05-27 11:28:00,1478.83,1478.83,1478.79,1478.79,-0.0,2.96,4344.38,-1
2026-05-27,2026-05-27 11:29:00,1478.79,1478.79,1478.75,1478.75,-0.0,2.96,4344.38,-1
2026-05-27,2026-05-27 11:30:00,1478.75,1478.75,1478.71,1478.71,-0.0,2.96,4344.38,-1
2026-05-27,2026-05-27 11:31:00,1478.71,1478.71,1478.67,1478.67,-0.0,2.96,4344.38,-1
2026-05-27,2026-05-27 11:32:00,1478.67,1478.67,1478.62,1478.62,-0.0,2.96,4344.38,-1
2026-05-27,2026-05-27 11:33:00,1478.62,1478.62,1478.58,1478.58,-0.0,2.96,4344.38,-1
2026-05-27,2026-05-27 11:34:00,1478.58,1478.58,1478.54,1478.54,-0.0,2.96,4344.38,-1
2026-05-27,2026-05-27 11:35:00,1478.54,1478.54,1478.5,1478.5,-0.0,2.96,4344.38,-1
2026-05-27,2026-05-27 11:36:00,1478.5,1478.5,1478.46,1478.46,-0.0,2.96,4344.38,-1
2026-05-27,2026-05-27 11:37:00,1478.46,1478.46,1478.42,1478.42,-0.0,2.96,4344.38,-1
2026-05-27,2026-05-27 11:38:00,1478.42,1478.42,1478.38,1478.38,-0.0,2.96,4344.38,-1
2026-05-27,2026-05-27 11:39:00,1478.38,1478.38,1478.33,1478.33,-0.0,2.96,4344.38,-1
2026-05-27,2026-05-27 11:40:00,1478.33,1478.33,1478.29,1478.29,-0.0,2.96,4344.38,-1
2026-05-27,2026-05-27 11:41:00,1478.29,1478.29,1478.25,1478.25,-0.0,2.96,4344.38,-1
2026-05-27,2026-05-27 11:42:00,1478.25,1478.25,1478.21,1478.21,-0.0,2.96,4344.38,-1
2026-05-27,2026-05-27 11:43:00,1478.21,1478.21,1478.17,1478.17,-0.0,2.96,4344.38,-1
2026-05-27,2026-05-27 11:44:00,1478.17,1478.17,1478.12,1478.12,-0.0,2.96,4344.38,-1
2026-05-27,2026-05-27 11:45:00,1478.12,1478.12,1478.08,1478.08,-0.0,2.96,4344.38,-1
2026-05-27,2026-05-27 11:46:00,1478.08,1478.08,1478.04,1478.04,-0.0,2.96,4344.38,-1
2026-05-27,2026-05-27 11:47:00,1478.04,1478.04,1478.0,1478.0,-0.0,2.96,4344.38,-1
2026-05-27,2026-05-27 11:48:00,1478.0,1478.0,1477.96,1477.96,-0.0,2.96,4344.38,-1
2026-05-27,2026-05-27 11:49:00,1477.96,1477.96,1477.92,1477.92,-0.0,2.96,4344.38,-1
2026-05-27,2026-05-27 11:50:00,1477.92,1477.92,1477.88,1477.88,-0.0,2.96,4344.38,-1
2026-05-27,2026-05-27 11:51:00,1477.88,1477.88,1477.83,1477.83,-0.0,2.96,4344.38,-1
2026-05-27,2026-05-27 11:52:00,1477.83,1477.83,1477.79,1477.79,-0.0,2.96,4344.38,-1
2026-05-27,2026-05-27 11:53:00,1477.79,1477.79,1477.75,1477.75,-0.0,2.96,4344.38,-1
2026-05-27,2026-05-27 11:54:00,1477.75,1477.75,1477.71,1477.71,-0.0,2.96,4344.38,-1
2026-05-27,2026-05-27 11:55:00,1477.71,1477.71,1477.67,1477.67,-0.0,2.96,4344.38,-1
2026-05-27,2026-05-27 11:56:00,1477.67,1477.67,1477.62,1477.62,-0.0,2.96,4344.38,-1
2026-05-27,2026-05-27 11:57:00,1477.62,1477.62,1477.58,1477.58,-0.0,2.96,4344.38,-1
2026-05-27,2026-05-27 11:58:00,1477.58,1477.58,1477.54,1477.54,-0.0,2.96,4344.38,-1
2026-05-27,2026-05-27 11:59:00,1477.54,1477.54,1477.5,1477.5,-0.0,2.96,4344.38,-1
2026-05-27,2026-05-27 12:00:00,1477.5,1477.5,1477.46,1477.46,-0.0,2.96,4344.38,-1
2026-05-27,2026-05-27 12:01:00,1477.46,1477.46,1477.42,1477.42,-0.0,2.96,4344.38,-1
2026-05-27,2026-05-27 12:02:00,1477.42,1477.42,1477.38,1477.38,-0.0,2.96,4344.38,-1
2026-05-27,2026-05-27 12:03:00,1477.38,1477.38,1477.33,1477.33,-0.0,2.96,4344.38,-1
2026-05-27,2026-05-27 12:04:00,1477.33,1477.33,1477.29,1477.29,-0.0,2.96,4344.38,-1
2026-05-27,2026-05-27 12:05:00,1477.29,1477.29,1477.25,1477.25,-0.0,2.96,4344.38,-1
2026-05-27,2026-05-27 12:06:00,1477.25,1477.25,1477.21,1477.21,-0.0,2.96,4344.38,-1
2026-05-27,2026-05-27 12:07:00,1477.21,1477.21,1477.17,1477.17,-0.0,2.96,4344.38,-1
2026-05-27,2026-05-27 12:08:00,1477.17,1477.17,1477.12,1477.12,-0.0,2.96,4344.38,-1
2026-05-27,2026-05-27 12:09:00,1477.12,1477.12,1477.08,1477.08,-0.0,2.96,4344.38,-1
2026-05-27,2026-05-27 12:10:00,1477.08,1477.08,1477.04,1477.04,-0.0,2.96,4344.38,-1
2026-05-27,2026-05-27 12:11:00,1477.04,1477.04,1477.0,1477.0,-0.0,2.96,4344.38,-1
2026-05-27,2026-05-27 12:12:00,1477.0,1477.0,1476.96,1476.96,-0.0,2.96,4344.38,-1
2026-05-27,2026-05-27 12:13:00,1476.96,1476.96,1476.92,1476.92,-0.0,2.96,4344.38,-1
2026-05-27,2026-05-27 12:14:00,1476.92,1476.92,1476.88,1476.88,-0.0,2.96,4344.38,-1
2026-05-27,2026-05-27 12:15:00,1476.88,1476.88,1476.83,1476.83,-0.0,2.96,4344.38,-1
2026-05-27,2026-05-27 12:16:00,1476.83,1476.83,1476.79,1476.79,-0.0,2.96,4344.38,-1
2026-05-27,2026-05-27 12:17:00,1476.79,1476.79,1476.75,1476.75,-0.0,2.96,4344.38,-1
2026-05-27,2026-05-27 12:18:00,1476.75,1476.75,1476.71,1476.71,-0.0,2.96,4344.38,-1
2026-05-27,2026-05-27 12:19:00,1476.71,1476.71,1476.67,1476.67,-0.0,2.96,4344.38,-1
2026-05-27,2026-05-27 12:20:00,1476.67,1476.67,1476.62,1476.62,-0.0,2.96,4344.38,-1
2026-05-27,2026-05-27 12:21:00,1476.62,1476.62,1476.58,1476.58,-0.0,2.96,4344.38,-1
2026-05-27,2026-05-27 12:22:00,1476.58,1476.58,1476.54,1476.54,-0.0,2.96,4344.38,-1
2026-05-27,2026-05-27 12:23:00,1476.54,1476.54,1476.5,1476.5,-0.0,2.96,4344.38,-1
2026-05-27,2026-05-27 12:24:00,1476.5,1476.5,1476.46,1476.46,-0.0,2.96,4344.38,-1
2026-05-27,2026-05-27 12:25:00,1476.46,1476.46,1476.42,1476.42,-0.0,2.96,4344.38,-1
2026-05-27,2026-05-27 12:26:00,1476.42,1476.42,1476.38,1476.38,-0.0,2.96,4344.38,-1
2026-05-27,2026-05-27 12:27:00,1476.38,1476.38,1476.33,1476.33,-0.0,2.96,4344.38,-1
2026-05-27,2026-05-27 12:28:00,1476.33,1476.33,1476.29,1476.29,-0.0,2.96,4344.38,-1
2026-05-27,2026-05-27 12:29:00,1476.29,1476.29,1476.25,1476.25,-0.0,2.96,4344.38,-1
2026-05-27,2026-05-27 12:30:00,1476.25,1476.25,1476.21,1476.21,-0.0,2.96,4344.38,-1
2026-05-27,2026-05-27 12:31:00,1476.21,1476.21,1476.17,1476.17,-0.0,2.96,4344.38,-1
2026-05-27,2026-05-27 12:32:00,1476.17,1476.17,1476.12,1476.12,-0.0,2.96,4344.38,-1
2026-05-27,2026-05-27 12:33:00,1476.12,1476.12,1476.08,1476.08,-0.0,2.96,4344.38,-1
2026-05-27,2026-05-27 12:34:00,1476.08,1476.08,1476.04,1476.04,-0.0,2.96,4344.38,-1
2026-05-27,2026-05-27 12:35:00,1476.04,1476.04,1476.0,1476.0,-0.0,2.96,4344.38,-1
2026-05-27,2026-05-27 12:36:00,1476.0,1476.0,1475.96,1475.96,-0.0,2.96,4344.38,-1
2026-05-27,2026-05-27 12:37:00,1475.96,1475.96,1475.92,1475.92,-0.0,2.96,4344.38,-1
2026-05-27,2026-05-27 12:38:00,1475.92,1475.92,1475.88,1475.88,-0.0,2.96,4344.38,-1
2026-05-27,2026-05-27 12:39:00,1475.88,1475.88,1475.83,1475.83,-0.0,2.96,4344.38,-1
2026-05-27,2026-05-27 12:40:00,1475.83,1475.83,1475.79,1475.79,-0.0,2.96,4344.38,-1
2026-05-27,2026-05-27 12:41:00,1475.79,1475.79,1475.75,1475.75,-0.0,2.96,4344.38,-1
2026-05-27,2026-05-27 12:42:00,1475.75,1475.75,1475.71,1475.71,-0.0,2.96,4344.38,-1
2026-05-27,2026-05-27 12:43:00,1475.71,1475.71,1475.67,1475.67,-0.0,2.96,4344.38,-1
2026-05-27,2026-05-27 12:44:00,1475.67,1475.67,1475.62,1475.62,-0.0,2.96,4344.38,-1
2026-05-27,2026-05-27 12:45:00,1475.62,1475.62,1475.58,1475.58,-0.0,2.96,4344.38,-1
2026-05-27,2026-05-27 12:46:00,1475.58,1475.58,1475.54,1475.54,-0.0,2.96,4344.38,-1
2026-05-27,2026-05-27 12:47:00,1475.54,1475.54,1475.5,1475.5,-0.0,2.96,4344.38,-1
2026-05-27,2026-05-27 12:48:00,1475.5,1475.5,1475.46,1475.46,-0.0,2.96,4344.38,-1
2026-05-27,2026-05-27 12:49:00,1475.46,1475.46,1475.42,1475.42,-0.0,2.96,4344.38,-1
2026-05-27,2026-05-27 12:50:00,1475.42,1475.42,1475.38,1475.38,-0.0,2.96,4344.38,-1
2026-05-27,2026-05-27 12:51:00,1475.38,1475.38,1475.33,1475.33,-0.0,2.96,4344.38,-1
2026-05-27,2026-05-27 12:52:00,1475.33,1475.33,1475.29,1475.29,-0.0,2.96,4344.38,-1
2026-05-27,2026-05-27 12:53:00,1475.29,1475.29,1475.25,1475.25,-0.0,2.96,4344.38,-1
2026-05-27,2026-05-27 12:54:00,1475.25,1475.25,1475.21,1475.21,-0.0,2.96,4344.38,-1
2026-05-27,2026-05-27 12:55:00,1475.21,1475.21,1475.17,1475.17,-0.0,2.96,4344.38,-1
2026-05-27,2026-05-27 12:56:00,1475.17,1475.17,1475.12,1475.12,-0.0,2.96,4344.38,-1
2026-05-27,2026-05-27 12:57:00,1475.12,1475.12,1475.08,1475.08,-0.0,2.96,4344.38,-1
2026-05-27,2026-05-27 12:58:00,1475.08,1475.08,1475.04,1475.04,-0.0,2.96,4344.38,-1
2026-05-27,2026-05-27 12:59:00,1475.04,1475.04,1475.0,1475.0,-0.0,2.96,4344.38,-1
2026-05-27,2026-05-27 13:00:00,1475.0,1480.0,1452.0,1474.96,-0.0,2.96,4344.38,-1
2026-05-27,2026-05-27 13:01:00,1474.96,1474.96,1474.92,1474.92,-0.0,2.96,4344.38,-1
2026-05-27,2026-05-27 13:02:00,1474.92,1474.92,1474.88,1474.88,-0.0,2.96,4344.38,-1
2026-05-27,2026-05-27 13:03:00,1474.88,1474.88,1474.83,1474.83,-0.0,2.96,4344.38,-1
2026-05-27,2026-05-27 13:04:00,1474.83,1474.83,1474.79,1474.79,-0.0,2.96,4344.38,-1
2026-05-27,2026-05-27 13:05:00,1474.79,1474.79,1474.75,1474.75,-0.0,2.96,4344.38,-1
2026-05-27,2026-05-27 13:06:00,1474.75,1474.75,1474.71,1474.71,-0.0,2.96,4344.38,-1
2026-05-27,2026-05-27 13:07:00,1474.71,1474.71,1474.67,1474.67,-0.0,2.96,4344.38,-1
2026-05-27,2026-05-27 13:08:00,1474.67,1474.67,1474.62,1474.62,-0.0,2.96,4344.38,-1
2026-05-27,2026-05-27 13:09:00,1474.62,1474.62,1474.58,1474.58,-0.0,2.96,4344.38,-1
2026-05-27,2026-05-27 13:10:00,1474.58,1474.58,1474.54,1474.54,-0.0,2.96,4344.38,-1
2026-05-27,2026-05-27 13:11:00,1474.54,1474.54,1474.5,1474.5,-0.0,2.96,4344.38,-1
2026-05-27,2026-05-27 13:12:00,1474.5,1474.5,1474.46,1474.46,-0.0,2.96,4344.38,-1
2026-05-27,2026-05-27 13:13:00,1474.46,1474.46,1474.42,1474.42,-0.0,2.96,4344.38,-1
2026-05-27,2026-05-27 13:14:00,1474.42,1474.42,1474.38,1474.38,-0.0,2.96,4344.38,-1
2026-05-27,2026-05-27 13:15:00,1474.38,1474.38,1474.33,1474.33,-0.0,2.96,4344.38,-1
2026-05-27,2026-05-27 13:16:00,1474.33,1474.33,1474.29,1474.29,-0.0,2.96,4344.38,-1
2026-05-27,2026-05-27 13:17:00,1474.29,1474.29,1474.25,1474.25,-0.0,2.96,4344.38,-1
2026-05-27,2026-05-27 13:18:00,1474.25,1474.25,1474.21,1474.21,-0.0,2.96,4344.38,-1
2026-05-27,2026-05-27 13:19:00,1474.21,1474.21,1474.17,1474.17,-0.0,2.96,4344.38,-1
2026-05-27,2026-05-27 13:20:00,1474.17,1474.17,1474.12,1474.12,-0.0,2.96,4344.38,-1
2026-05-27,2026-05-27 13:21:00,1474.12,1474.12,1474.08,1474.08,-0.0,2.96,4344.38,-1
2026-05-27,2026-05-27 13:22:00,1474.08,1474.08,1474.04,1474.04,-0.0,2.96,4344.38,-1
2026-05-27,2026-05-27 13:23:00,1474.04,1474.04,1474.0,1474.0,-0.0,2.96,4344.38,-1
2026-05-27,2026-05-27 13:24:00,1474.0,1474.0,1473.96,1473.96,-0.0,2.96,4344.38,-1
2026-05-27,2026-05-27 13:25:00,1473.96,1473.96,1473.92,1473.92,-0.0,2.96,4344.38,-1
2026-05-27,2026-05-27 13:26:00,1473.92,1473.92,1473.88,1473.88,-0.0,2.96,4344.38,-1
2026-05-27,2026-05-27 13:27:00,1473.88,1473.88,1473.83,1473.83,-0.0,2.96,4344.38,-1
2026-05-27,2026-05-27 13:28:00,1473.83,1473.83,1473.79,1473.79,-0.0,2.96,4344.38,-1
2026-05-27,2026-05-27 13:29:00,1473.79,1473.79,1473.75,1473.75,-0.0,2.96,4344.38,-1
2026-05-27,2026-05-27 13:30:00,1473.75,1473.75,1473.71,1473.71,-0.0,2.96,4344.38,-1
2026-05-27,2026-05-27 13:31:00,1473.71,1473.71,1473.67,1473.67,-0.0,2.96,4344.38,-1
2026-05-27,2026-05-27 13:32:00,1473.67,1473.67,1473.62,1473.62,-0.0,2.96,4344.38,-1
2026-05-27,2026-05-27 13:33:00,1473.62,1473.62,1473.58,1473.58,-0.0,2.96,4344.38,-1
2026-05-27,2026-05-27 13:34:00,1473.58,1473.58,1473.54,1473.54,-0.0,2.96,4344.38,-1
2026-05-27,2026-05-27 13:35:00,1473.54,1473.54,1473.5,1473.5,-0.0,2.96,4344.38,-1
2026-05-27,2026-05-27 13:36:00,1473.5,1473.5,1473.46,1473.46,-0.0,2.96,4344.38,-1
2026-05-27,2026-05-27 13:37:00,1473.46,1473.46,1473.42,1473.42,-0.0,2.96,4344.38,-1
2026-05-27,2026-05-27 13:38:00,1473.42,1473.42,1473.38,1473.38,-0.0,2.96,4344.38,-1
2026-05-27,2026-05-27 13:39:00,1473.38,1473.38,1473.33,1473.33,-0.0,2.96,4344.38,-1
2026-05-27,2026-05-27 13:40:00,1473.33,1473.33,1473.29,1473.29,-0.0,2.96,4344.38,-1
2026-05-27,2026-05-27 13:41:00,1473.29,1473.29,1473.25,1473.25,-0.0,2.96,4344.38,-1
2026-05-27,2026-05-27 13:42:00,1473.25,1473.25,1473.21,1473.21,-0.0,2.96,4344.38,-1
2026-05-27,2026-05-27 13:43:00,1473.21,1473.21,1473.17,1473.17,-0.0,2.96,4344.38,-1
2026-05-27,2026-05-27 13:44:00,1473.17,1473.17,1473.12,1473.12,-0.0,2.96,4344.38,-1
2026-05-27,2026-05-27 13:45:00,1473.12,1473.12,1473.08,1473.08,-0.0,2.96,4344.38,-1
2026-05-27,2026-05-27 13:46:00,1473.08,1473.08,1473.04,1473.04,-0.0,2.96,4344.38,-1
2026-05-27,2026-05-27 13:47:00,1473.04,1473.04,1473.0,1473.0,-0.0,2.96,4344.38,-1
2026-05-27,2026-05-27 13:48:00,1473.0,1473.0,1472.96,1472.96,-0.0,2.96,4344.38,-1
2026-05-27,2026-05-27 13:49:00,1472.96,1472.96,1472.92,1472.92,-0.0,2.96,4344.38,-1
2026-05-27,2026-05-27 13:50:00,1472.92,1472.92,1472.88,1472.88,-0.0,2.96,4344.38,-1
2026-05-27,2026-05-27 13:51:00,1472.88,1472.88,1472.83,1472.83,-0.0,2.96,4344.38,-1
2026-05-27,2026-05-27 13:52:00,1472.83,1472.83,1472.79,1472.79,-0.0,2.96,4344.38,-1
2026-05-27,2026-05-27 13:53:00,1472.79,1472.79,1472.75,1472.75,-0.0,2.96,4344.38,-1
2026-05-27,2026-05-27 13:54:00,1472.75,1472.75,1472.71,1472.71,-0.0,2.96,4344.38,-1
2026-05-27,2026-05-27 13:55:00,1472.71,1472.71,1472.67,1472.67,-0.0,2.96,4344.38,-1
2026-05-27,2026-05-27 13:56:00,1472.67,1472.67,1472.62,1472.62,-0.0,2.96,4344.38,-1
2026-05-27,2026-05-27 13:57:00,1472.62,1472.62,1472.58,1472.58,-0.0,2.96,4344.38,-1
2026-05-27,2026-05-27 13:58:00,1472.58,1472.58,1472.54,1472.54,-0.0,2.96,4344.38,-1
2026-05-27,2026-05-27 13:59:00,1472.54,1472.54,1472.5,1472.5,-0.0,2.96,4344.38,-1
2026-05-27,2026-05-27 14:00:00,1472.5,1472.5,1472.46,1472.46,-0.0,2.96,4344.38,-1
2026-05-27,2026-05-27 14:01:00,1472.46,1472.46,1472.42,1472.42,-0.0,2.96,4344.38,-1
2026-05-27,2026-05-27 14:02:00,1472.42,1472.42,1472.38,1472.38,-0.0,2.96,4344.38,-1
2026-05-27,2026-05-27 14:03:00,1472.38,1472.38,1472.33,1472.33,-0.0,2.96,4344.38,-1
2026-05-27,2026-05-27 14:04:00,1472.33,1472.33,1472.29,1472.29,-0.0,2.96,4344.38,-1
2026-05-27,2026-05-27 14:05:00,1472.29,1472.29,1472.25,1472.25,-0.0,2.96,4344.38,-1
2026-05-27,2026-05-27 14:06:00,1472.25,1472.25,1472.21,1472.21,-0.0,2.96,4344.38,-1
2026-05-27,2026-05-27 14:07:00,1472.21,1472.21,1472.17,1472.17,-0.0,2.96,4344.38,-1
2026-05-27,2026-05-27 14:08:00,1472.17,1472.17,1472.12,1472.12,-0.0,2.96,4344.38,-1
2026-05-27,2026-05-27 14:09:00,1472.12,1472.12,1472.08,1472.08,-0.0,2.96,4344.38,-1
2026-05-27,2026-05-27 14:10:00,1472.08,1472.08,1472.04,1472.04,-0.0,2.96,4344.38,-1
2026-05-27,2026-05-27 14:11:00,1472.04,1472.04,1472.0,1472.0,-0.0,2.96,4344.38,-1
2026-05-27,2026-05-27 14:12:00,1472.0,1472.0,1471.96,1471.96,-0.0,2.96,4344.38,-1
2026-05-27,2026-05-27 14:13:00,1471.96,1471.96,1471.92,1471.92,-0.0,2.96,4344.38,-1
2026-05-27,2026-05-27 14:14:00,1471.92,1471.92,1471.88,1471.88,-0.0,2.96,4344.38,-1
2026-05-27,2026-05-27 14:15:00,1471.88,1471.88,1471.83,1471.83,-0.0,2.96,4344.38,-1
2026-05-27,2026-05-27 14:16:00,1471.83,1471.83,1471.79,1471.79,-0.0,2.96,4344.38,-1
2026-05-27,2026-05-27 14:17:00,1471.79,1471.79,1471.75,1471.75,-0.0,2.96,4344.38,-1
2026-05-27,2026-05-27 14:18:00,1471.75,1471.75,1471.71,1471.71,-0.0,2.96,4344.38,-1
2026-05-27,2026-05-27 14:19:00,1471.71,1471.71,1471.67,1471.67,-0.0,2.96,4344.38,-1
2026-05-27,2026-05-27 14:20:00,1471.67,1471.67,1471.62,1471.62,-0.0,2.96,4344.38,-1
2026-05-27,2026-05-27 14:21:00,1471.62,1471.62,1471.58,1471.58,-0.0,2.96,4344.38,-1
2026-05-27,2026-05-27 14:22:00,1471.58,1471.58,1471.54,1471.54,-0.0,2.96,4344.38,-1
2026-05-27,2026-05-27 14:23:00,1471.54,1471.54,1471.5,1471.5,-0.0,2.96,4344.38,-1
2026-05-27,2026-05-27 14:24:00,1471.5,1471.5,1471.46,1471.46,-0.0,2.96,4344.38,-1
2026-05-27,2026-05-27 14:25:00,1471.46,1471.46,1471.42,1471.42,-0.0,2.96,4344.38,-1
2026-05-27,2026-05-27 14:26:00,1471.42,1471.42,1471.38,1471.38,-0.0,2.96,4344.38,-1
2026-05-27,2026-05-27 14:27:00,1471.38,1471.38,1471.33,1471.33,-0.0,2.96,4344.38,-1
2026-05-27,2026-05-27 14:28:00,1471.33,1471.33,1471.29,1471.29,-0.0,2.96,4344.38,-1
2026-05-27,2026-05-27 14:29:00,1471.29,1471.29,1471.25,1471.25,-0.0,2.96,4344.38,-1
2026-05-27,2026-05-27 14:30:00,1471.25,1471.25,1471.21,1471.21,-0.0,2.96,4344.38,-1
2026-05-27,2026-05-27 14:31:00,1471.21,1471.21,1471.17,1471.17,-0.0,2.96,4344.38,-1
2026-05-27,2026-05-27 14:32:00,1471.17,1471.17,1471.12,1471.12,-0.0,2.96,4344.38,-1
2026-05-27,2026-05-27 14:33:00,1471.12,1471.12,1471.08,1471.08,-0.0,2.96,4344.38,-1
2026-05-27,2026-05-27 14:34:00,1471.08,1471.08,1471.04,1471.04,-0.0,2.96,4344.38,-1
2026-05-27,2026-05-27 14:35:00,1471.04,1471.04,1471.0,1471.0,-0.0,2.96,4344.38,-1
2026-05-27,2026-05-27 14:36:00,1471.0,1471.0,1470.96,1470.96,-0.0,2.96,4344.38,-1
2026-05-27,2026-05-27 14:37:00,1470.96,1470.96,1470.92,1470.92,-0.0,2.96,4344.38,-1
2026-05-27,2026-05-27 14:38:00,1470.92,1470.92,1470.88,1470.88,-0.0,2.96,4344.38,-1
2026-05-27,2026-05-27 14:39:00,1470.88,1470.88,1470.83,1470.83,-0.0,2.96,4344.38,-1
2026-05-27,2026-05-27 14:40:00,1470.83,1470.83,1470.79,1470.79,-0.0,2.96,4344.38,-1
2026-05-27,2026-05-27 14:41:00,1470.79,1470.79,1470.75,1470.75,-0.0,2.96,4344.38,-1
2026-05-27,2026-05-27 14:42:00,1470.75,1470.75,1470.71,1470.71,-0.0,2.96,4344.38,-1
2026-05-27,2026-05-27 14:43:00,1470.71,1470.71,1470.67,1470.67,-0.0,2.96,4344.38,-1
2026-05-27,2026-05-27 14:44:00,1470.67,1470.67,1470.62,1470.62,-0.0,2.96,4344.38,-1
2026-05-27,2026-05-27 14:45:00,1470.62,1470.62,1470.58,1470.58,-0.0,2.96,4344.38,-1
2026-05-27,2026-05-27 14:46:00,1470.58,1470.58,1470.54,1470.54,-0.0,2.96,4344.38,-1
2026-05-27,2026-05-27 14:47:00,1470.54,1470.54,1470.5,1470.5,-0.0,2.96,4344.38,-1
2026-05-27,2026-05-27 14:48:00,1470.5,1470.5,1470.46,1470.46,-0.0,2.96,4344.38,-1
2026-05-27,2026-05-27 14:49:00,1470.46,1470.46,1470.42,1470.42,-0.0,2.96,4344.38,-1
2026-05-27,2026-05-27 14:50:00,1470.42,1470.42,1470.38,1470.38,-0.0,2.96,4344.38,-1
2026-05-27,2026-05-27 14:51:00,1470.38,1470.38,1470.33,1470.33,-0.0,2.96,4344.38,-1
2026-05-27,2026-05-27 14:52:00,1470.33,1470.33,1470.29,1470.29,-0.0,2.96,4344.38,-1
2026-05-27,2026-05-27 14:53:00,1470.29,1470.29,1470.25,1470.25,-0.0,2.96,4344.38,-1
2026-05-27,2026-05-27 14:54:00,1470.25,1470.25,1470.21,1470.21,-0.0,2.96,4344.38,-1
2026-05-27,2026-05-27 14:55:00,1470.21,1470.21,1470.17,1470.17,-0.0,2.96,4344.38,-1
2026-05-27,2026-05-27 14:56:00,1470.17,1470.17,1470.12,1470.12,-0.0,2.96,4344.38,-1
2026-05-27,2026-05-27 14:57:00,1470.12,1470.12,1470.08,1470.08,-0.0,2.96,4344.38,-1
2026-05-27,2026-05-27 14:58:00,1470.08,1470.08,1470.04,1470.04,-0.0,2.96,4344.38,-1
2026-05-27,2026-05-27 14:59:00,1470.04,1470.04,1470.0,1470.0,-0.0,2.96,4344.38,-1
2026-05-27,2026-05-27 15:00:00,1470.0,1480.0,1452.0,1470.0,0.0,2.96,4344.38,0
2026-06-01,2026-06-01 11:00:00,1495.0,1495.0,1483.03,1494.93,-0.0,0.68,1002.62,-1
2026-06-01,2026-06-01 11:01:00,1494.93,1494.93,1494.86,1494.86,-0.0,0.68,1002.62,-1
2026-06-01,2026-06-01 11:02:00,1494.86,1494.86,1494.79,1494.79,-0.0,0.68,1002.62,-1
2026-06-01,2026-06-01 11:03:00,1494.79,1494.79,1494.72,1494.72,-0.0,0.68,1002.62,-1
2026-06-01,2026-06-01 11:04:00,1494.72,1494.72,1494.65,1494.65,-0.0,0.68,1002.62,-1
2026-06-01,2026-06-01 11:05:00,1494.65,1494.65,1494.58,1494.58,-0.0,0.68,1002.62,-1
2026-06-01,2026-06-01 11:06:00,1494.58,1494.58,1494.5,1494.5,-0.01,0.68,1002.62,-1
2026-06-01,2026-06-01 11:07:00,1494.5,1494.5,1494.43,1494.43,-0.0,0.68,1002.62,-1
2026-06-01,2026-06-01 11:08:00,1494.43,1494.43,1494.36,1494.36,-0.0,0.68,1002.62,-1
2026-06-01,2026-06-01 11:09:00,1494.36,1494.36,1494.29,1494.29,-0.0,0.68,1002.62,-1
2026-06-01,2026-06-01 11:10:00,1494.29,1494.29,1494.22,1494.22,-0.0,0.68,1002.62,-1
2026-06-01,2026-06-01 11:11:00,1494.22,1494.22,1494.15,1494.15,-0.0,0.68,1002.62,-1
2026-06-01,2026-06-01 11:12:00,1494.15,1494.15,1494.08,1494.08,-0.0,0.68,1002.62,-1
2026-06-01,2026-06-01 11:13:00,1494.08,1494.08,1494.01,1494.01,-0.0,0.68,1002.62,-1
2026-06-01,2026-06-01 11:14:00,1494.01,1494.01,1493.94,1493.94,-0.0,0.68,1002.62,-1
2026-06-01,2026-06-01 11:15:00,1493.94,1493.94,1493.87,1493.87,-0.0,0.68,1002.62,-1
2026-06-01,2026-06-01 11:16:00,1493.87,1493.87,1493.8,1493.8,-0.0,0.68,1002.62,-1
2026-06-01,2026-06-01 11:17:00,1493.8,1493.8,1493.72,1493.72,-0.01,0.68,1002.62,-1
2026-06-01,2026-06-01 11:18:00,1493.72,1493.72,1493.65,1493.65,-0.0,0.68,1002.62,-1
2026-06-01,2026-06-01 11:19:00,1493.65,1493.65,1493.58,1493.58,-0.0,0.68,1002.62,-1
2026-06-01,2026-06-01 11:20:00,1493.58,1493.58,1493.51,1493.51,-0.0,0.68,1002.62,-1
2026-06-01,2026-06-01 11:21:00,1493.51,1493.51,1493.44,1493.44,-0.0,0.68,1002.62,-1
2026-06-01,2026-06-01 11:22:00,1493.44,1493.44,1493.37,1493.37,-0.0,0.68,1002.62,-1
2026-06-01,2026-06-01 11:23:00,1493.37,1493.37,1493.3,1493.3,-0.0,0.68,1002.62,-1
2026-06-01,2026-06-01 11:24:00,1493.3,1493.3,1493.23,1493.23,-0.0,0.68,1002.62,-1
2026-06-01,2026-06-01 11:25:00,1493.23,1493.23,1493.16,1493.16,-0.0,0.68,1002.62,-1
2026-06-01,2026-06-01 11:26:00,1493.16,1493.16,1493.09,1493.09,-0.0,0.68,1002.62,-1
2026-06-01,2026-06-01 11:27:00,1493.09,1493.09,1493.02,1493.02,-0.0,0.68,1002.62,-1
2026-06-01,2026-06-01 11:28:00,1493.02,1493.02,1492.95,1492.95,-0.0,0.68,1002.62,-1
2026-06-01,2026-06-01 11:29:00,1492.95,1492.95,1492.88,1492.88,-0.0,0.68,1002.62,-1
2026-06-01,2026-06-01 11:30:00,1492.88,1492.88,1492.8,1492.8,-0.01,0.68,1002.62,-1
2026-06-01,2026-06-01 11:31:00,1492.8,1492.8,1492.73,1492.73,-0.0,0.68,1002.62,-1
2026-06-01,2026-06-01 11:32:00,1492.73,1492.73,1492.66,1492.66,-0.0,0.68,1002.62,-1
2026-06-01,2026-06-01 11:33:00,1492.66,1492.66,1492.59,1492.59,-0.0,0.68,1002.62,-1
2026-06-01,2026-06-01 11:34:00,1492.59,1492.59,1492.52,1492.52,-0.0,0.68,1002.62,-1
2026-06-01,2026-06-01 11:35:00,1492.52,1492.52,1492.45,1492.45,-0.0,0.68,1002.62,-1
2026-06-01,2026-06-01 11:36:00,1492.45,1492.45,1492.38,1492.38,-0.0,0.68,1002.62,-1
2026-06-01,2026-06-01 11:37:00,1492.38,1492.38,1492.31,1492.31,-0.0,0.68,1002.62,-1
2026-06-01,2026-06-01 11:38:00,1492.31,1492.31,1492.24,1492.24,-0.0,0.68,1002.62,-1
2026-06-01,2026-06-01 11:39:00,1492.24,1492.24,1492.17,1492.17,-0.0,0.68,1002.62,-1
2026-06-01,2026-06-01 11:40:00,1492.17,1492.17,1492.1,1492.1,-0.0,0.68,1002.62,-1
2026-06-01,2026-06-01 11:41:00,1492.1,1492.1,1492.03,1492.03,-0.0,0.68,1002.62,-1
2026-06-01,2026-06-01 11:42:00,1492.03,1492.03,1491.95,1491.95,-0.01,0.68,1002.62,-1
2026-06-01,2026-06-01 11:43:00,1491.95,1491.95,1491.88,1491.88,-0.0,0.68,1002.62,-1
2026-06-01,2026-06-01 11:44:00,1491.88,1491.88,1491.81,1491.81,-0.0,0.68,1002.62,-1
2026-06-01,2026-06-01 11:45:00,1491.81,1491.81,1491.74,1491.74,-0.0,0.68,1002.62,-1
2026-06-01,2026-06-01 11:46:00,1491.74,1491.74,1491.67,1491.67,-0.0,0.68,1002.62,-1
2026-06-01,2026-06-01 11:47:00,1491.67,1491.67,1491.6,1491.6,-0.0,0.68,1002.62,-1
2026-06-01,2026-06-01 11:48:00,1491.6,1491.6,1491.53,1491.53,-0.0,0.68,1002.62,-1
2026-06-01,2026-06-01 11:49:00,1491.53,1491.53,1491.46,1491.46,-0.0,0.68,1002.62,-1
2026-06-01,2026-06-01 11:50:00,1491.46,1491.46,1491.39,1491.39,-0.0,0.68,1002.62,-1
2026-06-01,2026-06-01 11:51:00,1491.39,1491.39,1491.32,1491.32,-0.0,0.68,1002.62,-1
2026-06-01,2026-06-01 11:52:00,1491.32,1491.32,1491.25,1491.25,-0.0,0.68,1002.62,-1
2026-06-01,2026-06-01 11:53:00,1491.25,1491.25,1491.17,1491.17,-0.01,0.68,1002.62,-1
2026-06-01,2026-06-01 11:54:00,1491.17,1491.17,1491.1,1491.1,-0.0,0.68,1002.62,-1
2026-06-01,2026-06-01 11:55:00,1491.1,1491.1,1491.03,1491.03,-0.0,0.68,1002.62,-1
2026-06-01,2026-06-01 11:56:00,1491.03,1491.03,1490.96,1490.96,-0.0,0.68,1002.62,-1
2026-06-01,2026-06-01 11:57:00,1490.96,1490.96,1490.89,1490.89,-0.0,0.68,1002.62,-1
2026-06-01,2026-06-01 11:58:00,1490.89,1490.89,1490.82,1490.82,-0.0,0.68,1002.62,-1
2026-06-01,2026-06-01 11:59:00,1490.82,1490.82,1490.75,1490.75,-0.0,0.68,1002.62,-1
2026-06-01,2026-06-01 12:00:00,1490.75,1490.75,1490.68,1490.68,-0.0,0.68,1002.62,-1
2026-06-01,2026-06-01 12:01:00,1490.68,1490.68,1490.61,1490.61,-0.0,0.68,1002.62,-1
2026-06-01,2026-06-01 12:02:00,1490.61,1490.61,1490.54,1490.54,-0.0,0.68,1002.62,-1
2026-06-01,2026-06-01 12:03:00,1490.54,1490.54,1490.47,1490.47,-0.0,0.68,1002.62,-1
2026-06-01,2026-06-01 12:04:00,1490.47,1490.47,1490.4,1490.4,-0.0,0.68,1002.62,-1
2026-06-01,2026-06-01 12:05:00,1490.4,1490.4,1490.33,1490.33,-0.0,0.68,1002.62,-1
2026-06-01,2026-06-01 12:06:00,1490.33,1490.33,1490.25,1490.25,-0.01,0.68,1002.62,-1
2026-06-01,2026-06-01 12:07:00,1490.25,1490.25,1490.18,1490.18,-0.0,0.68,1002.62,-1
2026-06-01,2026-06-01 12:08:00,1490.18,1490.18,1490.11,1490.11,-0.0,0.68,1002.62,-1
2026-06-01,2026-06-01 12:09:00,1490.11,1490.11,1490.04,1490.04,-0.0,0.68,1002.62,-1
2026-06-01,2026-06-01 12:10:00,1490.04,1490.04,1489.97,1489.97,-0.0,0.68,1002.62,-1
2026-06-01,2026-06-01 12:11:00,1489.97,1489.97,1489.9,1489.9,-0.0,0.68,1002.62,-1
2026-06-01,2026-06-01 12:12:00,1489.9,1489.9,1489.83,1489.83,-0.0,0.68,1002.62,-1
2026-06-01,2026-06-01 12:13:00,1489.83,1489.83,1489.76,1489.76,-0.0,0.68,1002.62,-1
2026-06-01,2026-06-01 12:14:00,1489.76,1489.76,1489.69,1489.69,-0.0,0.68,1002.62,-1
2026-06-01,2026-06-01 12:15:00,1489.69,1489.69,1489.62,1489.62,-0.0,0.68,1002.62,-1
2026-06-01,2026-06-01 12:16:00,1489.62,1489.62,1489.55,1489.55,-0.0,0.68,1002.62,-1
2026-06-01,2026-06-01 12:17:00,1489.55,1489.55,1489.47,1489.47,-0.01,0.68,1002.62,-1
2026-06-01,2026-06-01 12:18:00,1489.47,1489.47,1489.4,1489.4,-0.0,0.68,1002.62,-1
2026-06-01,2026-06-01 12:19:00,1489.4,1489.4,1489.33,1489.33,-0.0,0.68,1002.62,-1
2026-06-01,2026-06-01 12:20:00,1489.33,1489.33,1489.26,1489.26,-0.0,0.68,1002.62,-1
2026-06-01,2026-06-01 12:21:00,1489.26,1489.26,1489.19,1489.19,-0.0,0.68,1002.62,-1
2026-06-01,2026-06-01 12:22:00,1489.19,1489.19,1489.12,1489.12,-0.0,0.68,1002.62,-1
2026-06-01,2026-06-01 12:23:00,1489.12,1489.12,1489.05,1489.05,-0.0,0.68,1002.62,-1
2026-06-01,2026-06-01 12:24:00,1489.05,1489.05,1488.98,1488.98,-0.0,0.68,1002.62,-1
2026-06-01,2026-06-01 12:25:00,1488.98,1488.98,1488.91,1488.91,-0.0,0.68,1002.62,-1
2026-06-01,2026-06-01 12:26:00,1488.91,1488.91,1488.84,1488.84,-0.0,0.68,1002.62,-1
2026-06-01,2026-06-01 12:27:00,1488.84,1488.84,1488.77,1488.77,-0.0,0.68,1002.62,-1
2026-06-01,2026-06-01 12:28:00,1488.77,1488.77,1488.7,1488.7,-0.0,0.68,1002.62,-1
2026-06-01,2026-06-01 12:29:00,1488.7,1488.7,1488.62,1488.62,-0.01,0.68,1002.62,-1
2026-06-01,2026-06-01 12:30:00,1488.62,1488.62,1488.55,1488.55,-0.0,0.68,1002.62,-1
2026-06-01,2026-06-01 12:31:00,1488.55,1488.55,1488.48,1488.48,-0.0,0.68,1002.62,-1
2026-06-01,2026-06-01 12:32:00,1488.48,1488.48,1488.41,1488.41,-0.0,0.68,1002.62,-1
2026-06-01,2026-06-01 12:33:00,1488.41,1488.41,1488.34,1488.34,-0.0,0.68,1002.62,-1
2026-06-01,2026-06-01 12:34:00,1488.34,1488.34,1488.27,1488.27,-0.0,0.68,1002.62,-1
2026-06-01,2026-06-01 12:35:00,1488.27,1488.27,1488.2,1488.2,-0.0,0.68,1002.62,-1
2026-06-01,2026-06-01 12:36:00,1488.2,1488.2,1488.13,1488.13,-0.0,0.68,1002.62,-1
2026-06-01,2026-06-01 12:37:00,1488.13,1488.13,1488.06,1488.06,-0.0,0.68,1002.62,-1
2026-06-01,2026-06-01 12:38:00,1488.06,1488.06,1487.99,1487.99,-0.0,0.68,1002.62,-1
2026-06-01,2026-06-01 12:39:00,1487.99,1487.99,1487.92,1487.92,-0.0,0.68,1002.62,-1
2026-06-01,2026-06-01 12:40:00,1487.92,1487.92,1487.85,1487.85,-0.0,0.68,1002.62,-1
2026-06-01,2026-06-01 12:41:00,1487.85,1487.85,1487.78,1487.78,-0.0,0.68,1002.62,-1
2026-06-01,2026-06-01 12:42:00,1487.78,1487.78,1487.7,1487.7,-0.01,0.68,1002.62,-1
2026-06-01,2026-06-01 12:43:00,1487.7,1487.7,1487.63,1487.63,-0.0,0.68,1002.62,-1
2026-06-01,2026-06-01 12:44:00,1487.63,1487.63,1487.56,1487.56,-0.0,0.68,1002.62,-1
2026-06-01,2026-06-01 12:45:00,1487.56,1487.56,1487.49,1487.49,-0.0,0.68,1002.62,-1
2026-06-01,2026-06-01 12:46:00,1487.49,1487.49,1487.42,1487.42,-0.0,0.68,1002.62,-1
2026-06-01,2026-06-01 12:47:00,1487.42,1487.42,1487.35,1487.35,-0.0,0.68,1002.62,-1
2026-06-01,2026-06-01 12:48:00,1487.35,1487.35,1487.28,1487.28,-0.0,0.68,1002.62,-1
2026-06-01,2026-06-01 12:49:00,1487.28,1487.28,1487.21,1487.21,-0.0,0.68,1002.62,-1
2026-06-01,2026-06-01 12:50:00,1487.21,1487.21,1487.14,1487.14,-0.0,0.68,1002.62,-1
2026-06-01,2026-06-01 12:51:00,1487.14,1487.14,1487.07,1487.07,-0.0,0.68,1002.62,-1
2026-06-01,2026-06-01 12:52:00,1487.07,1487.07,1487.0,1487.0,-0.0,0.68,1002.62,-1
2026-06-01,2026-06-01 12:53:00,1487.0,1487.0,1486.92,1486.92,-0.01,0.68,1002.62,-1
2026-06-01,2026-06-01 12:54:00,1486.92,1486.92,1486.85,1486.85,-0.0,0.68,1002.62,-1
2026-06-01,2026-06-01 12:55:00,1486.85,1486.85,1486.78,1486.78,-0.0,0.68,1002.62,-1
2026-06-01,2026-06-01 12:56:00,1486.78,1486.78,1486.71,1486.71,-0.0,0.68,1002.62,-1
2026-06-01,2026-06-01 12:57:00,1486.71,1486.71,1486.64,1486.64,-0.0,0.68,1002.62,-1
2026-06-01,2026-06-01 12:58:00,1486.64,1486.64,1486.57,1486.57,-0.0,0.68,1002.62,-1
2026-06-01,2026-06-01 12:59:00,1486.57,1486.57,1486.5,1486.5,-0.0,0.68,1002.62,-1
2026-06-01,2026-06-01 13:00:00,1486.5,1495.0,1455.1,1486.43,-0.0,0.68,1002.62,-1
2026-06-01,2026-06-01 13:01:00,1486.43,1486.43,1486.36,1486.36,-0.0,0.68,1002.62,-1
2026-06-01,2026-06-01 13:02:00,1486.36,1486.36,1486.29,1486.29,-0.0,0.68,1002.62,-1
2026-06-01,2026-06-01 13:03:00,1486.29,1486.29,1486.22,1486.22,-0.0,0.68,1002.62,-1
2026-06-01,2026-06-01 13:04:00,1486.22,1486.22,1486.15,1486.15,-0.0,0.68,1002.62,-1
2026-06-01,2026-06-01 13:05:00,1486.15,1486.15,1486.08,1486.08,-0.0,0.68,1002.62,-1
2026-06-01,2026-06-01 13:06:00,1486.08,1486.08,1486.0,1486.0,-0.01,0.68,1002.62,-1
2026-06-01,2026-06-01 13:07:00,1486.0,1486.0,1485.93,1485.93,-0.0,0.68,1002.62,-1
2026-06-01,2026-06-01 13:08:00,1485.93,1485.93,1485.86,1485.86,-0.0,0.68,1002.62,-1
2026-06-01,2026-06-01 13:09:00,1485.86,1485.86,1485.79,1485.79,-0.0,0.68,1002.62,-1
2026-06-01,2026-06-01 13:10:00,1485.79,1485.79,1485.72,1485.72,-0.0,0.68,1002.62,-1
2026-06-01,2026-06-01 13:11:00,1485.72,1485.72,1485.65,1485.65,-0.0,0.68,1002.62,-1
2026-06-01,2026-06-01 13:12:00,1485.65,1485.65,1485.58,1485.58,-0.0,0.68,1002.62,-1
2026-06-01,2026-06-01 13:13:00,1485.58,1485.58,1485.51,1485.51,-0.0,0.68,1002.62,-1
2026-06-01,2026-06-01 13:14:00,1485.51,1485.51,1485.44,1485.44,-0.0,0.68,1002.62,-1
2026-06-01,2026-06-01 13:15:00,1485.44,1485.44,1485.37,1485.37,-0.0,0.68,1002.62,-1
2026-06-01,2026-06-01 13:16:00,1485.37,1485.37,1485.3,1485.3,-0.0,0.68,1002.62,-1
2026-06-01,2026-06-01 13:17:00,1485.3,1485.3,1485.22,1485.22,-0.01,0.68,1002.62,-1
2026-06-01,2026-06-01 13:18:00,1485.22,1485.22,1485.15,1485.15,-0.0,0.68,1002.62,-1
2026-06-01,2026-06-01 13:19:00,1485.15,1485.15,1485.08,1485.08,-0.0,0.68,1002.62,-1
2026-06-01,2026-06-01 13:20:00,1485.08,1485.08,1485.01,1485.01,-0.0,0.68,1002.62,-1
2026-06-01,2026-06-01 13:21:00,1485.01,1485.01,1484.94,1484.94,-0.0,0.68,1002.62,-1
2026-06-01,2026-06-01 13:22:00,1484.94,1484.94,1484.87,1484.87,-0.0,0.68,1002.62,-1
2026-06-01,2026-06-01 13:23:00,1484.87,1484.87,1484.8,1484.8,-0.0,0.68,1002.62,-1
2026-06-01,2026-06-01 13:24:00,1484.8,1484.8,1484.73,1484.73,-0.0,0.68,1002.62,-1
2026-06-01,2026-06-01 13:25:00,1484.73,1484.73,1484.66,1484.66,-0.0,0.68,1002.62,-1
2026-06-01,2026-06-01 13:26:00,1484.66,1484.66,1484.59,1484.59,-0.0,0.68,1002.62,-1
2026-06-01,2026-06-01 13:27:00,1484.59,1484.59,1484.52,1484.52,-0.0,0.68,1002.62,-1
2026-06-01,2026-06-01 13:28:00,1484.52,1484.52,1484.45,1484.45,-0.0,0.68,1002.62,-1
2026-06-01,2026-06-01 13:29:00,1484.45,1484.45,1484.38,1484.38,-0.0,0.68,1002.62,-1
2026-06-01,2026-06-01 13:30:00,1484.38,1484.38,1484.3,1484.3,-0.01,0.68,1002.62,-1
2026-06-01,2026-06-01 13:31:00,1484.3,1484.3,1484.23,1484.23,-0.0,0.68,1002.62,-1
2026-06-01,2026-06-01 13:32:00,1484.23,1484.23,1484.16,1484.16,-0.0,0.68,1002.62,-1
2026-06-01,2026-06-01 13:33:00,1484.16,1484.16,1484.09,1484.09,-0.0,0.68,1002.62,-1
2026-06-01,2026-06-01 13:34:00,1484.09,1484.09,1484.02,1484.02,-0.0,0.68,1002.62,-1
2026-06-01,2026-06-01 13:35:00,1484.02,1484.02,1483.95,1483.95,-0.0,0.68,1002.62,-1
2026-06-01,2026-06-01 13:36:00,1483.95,1483.95,1483.88,1483.88,-0.0,0.68,1002.62,-1
2026-06-01,2026-06-01 13:37:00,1483.88,1483.88,1483.81,1483.81,-0.0,0.68,1002.62,-1
2026-06-01,2026-06-01 13:38:00,1483.81,1483.81,1483.74,1483.74,-0.0,0.68,1002.62,-1
2026-06-01,2026-06-01 13:39:00,1483.74,1483.74,1483.67,1483.67,-0.0,0.68,1002.62,-1
2026-06-01,2026-06-01 13:40:00,1483.67,1483.67,1483.6,1483.6,-0.0,0.68,1002.62,-1
2026-06-01,2026-06-01 13:41:00,1483.6,1483.6,1483.53,1483.53,-0.0,0.68,1002.62,-1
2026-06-01,2026-06-01 13:42:00,1483.53,1483.53,1483.45,1483.45,-0.01,0.68,1002.62,-1
2026-06-01,2026-06-01 13:43:00,1483.45,1483.45,1483.38,1483.38,-0.0,0.68,1002.62,-1
2026-06-01,2026-06-01 13:44:00,1483.38,1483.38,1483.31,1483.31,-0.0,0.68,1002.62,-1
2026-06-01,2026-06-01 13:45:00,1483.31,1483.31,1483.24,1483.24,-0.0,0.68,1002.62,-1
2026-06-01,2026-06-01 13:46:00,1483.24,1483.24,1483.17,1483.17,-0.0,0.68,1002.62,-1
2026-06-01,2026-06-01 13:47:00,1483.17,1483.17,1483.1,1483.1,-0.0,0.68,1002.62,-1
2026-06-01,2026-06-01 13:48:00,1483.1,1483.1,1483.03,1483.03,-0.0,0.68,1002.62,-1
2026-06-01,2026-06-01 13:49:00,1483.03,1483.03,1482.96,1482.96,-0.0,0.68,1002.62,-1
2026-06-01,2026-06-01 13:50:00,1482.96,1482.96,1482.89,1482.89,-0.0,0.68,1002.62,-1
2026-06-01,2026-06-01 13:51:00,1482.89,1482.89,1482.82,1482.82,-0.0,0.68,1002.62,-1
2026-06-01,2026-06-01 13:52:00,1482.82,1482.82,1482.75,1482.75,-0.0,0.68,1002.62,-1
2026-06-01,2026-06-01 13:53:00,1482.75,1482.75,1482.67,1482.67,-0.01,0.68,1002.62,-1
2026-06-01,2026-06-01 13:54:00,1482.67,1482.67,1482.6,1482.6,-0.0,0.68,1002.62,-1
2026-06-01,2026-06-01 13:55:00,1482.6,1482.6,1482.53,1482.53,-0.0,0.68,1002.62,-1
2026-06-01,2026-06-01 13:56:00,1482.53,1482.53,1482.46,1482.46,-0.0,0.68,1002.62,-1
2026-06-01,2026-06-01 13:57:00,1482.46,1482.46,1482.39,1482.39,-0.0,0.68,1002.62,-1
2026-06-01,2026-06-01 13:58:00,1482.39,1482.39,1482.32,1482.32,-0.0,0.68,1002.62,-1
2026-06-01,2026-06-01 13:59:00,1482.32,1482.32,1482.25,1482.25,-0.0,0.68,1002.62,-1
2026-06-01,2026-06-01 14:00:00,1482.25,1482.25,1482.18,1482.18,-0.0,0.68,1002.62,-1
2026-06-01,2026-06-01 14:01:00,1482.18,1482.18,1482.11,1482.11,-0.0,0.68,1002.62,-1
2026-06-01,2026-06-01 14:02:00,1482.11,1482.11,1482.04,1482.04,-0.0,0.68,1002.62,-1
2026-06-01,2026-06-01 14:03:00,1482.04,1482.04,1481.97,1481.97,-0.0,0.68,1002.62,-1
2026-06-01,2026-06-01 14:04:00,1481.97,1481.97,1481.9,1481.9,-0.0,0.68,1002.62,-1
2026-06-01,2026-06-01 14:05:00,1481.9,1481.9,1481.83,1481.83,-0.0,0.68,1002.62,-1
2026-06-01,2026-06-01 14:06:00,1481.83,1481.83,1481.75,1481.75,-0.01,0.68,1002.62,-1
2026-06-01,2026-06-01 14:07:00,1481.75,1481.75,1481.68,1481.68,-0.0,0.68,1002.62,-1
2026-06-01,2026-06-01 14:08:00,1481.68,1481.68,1481.61,1481.61,-0.0,0.68,1002.62,-1
2026-06-01,2026-06-01 14:09:00,1481.61,1481.61,1481.54,1481.54,-0.0,0.68,1002.62,-1
2026-06-01,2026-06-01 14:10:00,1481.54,1481.54,1481.47,1481.47,-0.0,0.68,1002.62,-1
2026-06-01,2026-06-01 14:11:00,1481.47,1481.47,1481.4,1481.4,-0.0,0.68,1002.62,-1
2026-06-01,2026-06-01 14:12:00,1481.4,1481.4,1481.33,1481.33,-0.0,0.68,1002.62,-1
2026-06-01,2026-06-01 14:13:00,1481.33,1481.33,1481.26,1481.26,-0.0,0.68,1002.62,-1
2026-06-01,2026-06-01 14:14:00,1481.26,1481.26,1481.19,1481.19,-0.0,0.68,1002.62,-1
2026-06-01,2026-06-01 14:15:00,1481.19,1481.19,1481.12,1481.12,-0.0,0.68,1002.62,-1
2026-06-01,2026-06-01 14:16:00,1481.12,1481.12,1481.05,1481.05,-0.0,0.68,1002.62,-1
2026-06-01,2026-06-01 14:17:00,1481.05,1481.05,1480.97,1480.97,-0.01,0.68,1002.62,-1
2026-06-01,2026-06-01 14:18:00,1480.97,1480.97,1480.9,1480.9,-0.0,0.68,1002.62,-1
2026-06-01,2026-06-01 14:19:00,1480.9,1480.9,1480.83,1480.83,-0.0,0.68,1002.62,-1
2026-06-01,2026-06-01 14:20:00,1480.83,1480.83,1480.76,1480.76,-0.0,0.68,1002.62,-1
2026-06-01,2026-06-01 14:21:00,1480.76,1480.76,1480.69,1480.69,-0.0,0.68,1002.62,-1
2026-06-01,2026-06-01 14:22:00,1480.69,1480.69,1480.62,1480.62,-0.0,0.68,1002.62,-1
2026-06-01,2026-06-01 14:23:00,1480.62,1480.62,1480.55,1480.55,-0.0,0.68,1002.62,-1
2026-06-01,2026-06-01 14:24:00,1480.55,1480.55,1480.48,1480.48,-0.0,0.68,1002.62,-1
2026-06-01,2026-06-01 14:25:00,1480.48,1480.48,1480.41,1480.41,-0.0,0.68,1002.62,-1
2026-06-01,2026-06-01 14:26:00,1480.41,1480.41,1480.34,1480.34,-0.0,0.68,1002.62,-1
2026-06-01,2026-06-01 14:27:00,1480.34,1480.34,1480.27,1480.27,-0.0,0.68,1002.62,-1
2026-06-01,2026-06-01 14:28:00,1480.27,1480.27,1480.2,1480.2,-0.0,0.68,1002.62,-1
2026-06-01,2026-06-01 14:29:00,1480.2,1480.2,1480.12,1480.12,-0.01,0.68,1002.62,-1
2026-06-01,2026-06-01 14:30:00,1480.12,1480.12,1480.05,1480.05,-0.0,0.68,1002.62,-1
2026-06-01,2026-06-01 14:31:00,1480.05,1480.05,1479.98,1479.98,-0.0,0.68,1002.62,-1
2026-06-01,2026-06-01 14:32:00,1479.98,1479.98,1479.91,1479.91,-0.0,0.68,1002.62,-1
2026-06-01,2026-06-01 14:33:00,1479.91,1479.91,1479.84,1479.84,-0.0,0.68,1002.62,-1
2026-06-01,2026-06-01 14:34:00,1479.84,1479.84,1479.77,1479.77,-0.0,0.68,1002.62,-1
2026-06-01,2026-06-01 14:35:00,1479.77,1479.77,1479.7,1479.7,-0.0,0.68,1002.62,-1
2026-06-01,2026-06-01 14:36:00,1479.7,1479.7,1479.63,1479.63,-0.0,0.68,1002.62,-1
2026-06-01,2026-06-01 14:37:00,1479.63,1479.63,1479.56,1479.56,-0.0,0.68,1002.62,-1
2026-06-01,2026-06-01 14:38:00,1479.56,1479.56,1479.49,1479.49,-0.0,0.68,1002.62,-1
2026-06-01,2026-06-01 14:39:00,1479.49,1479.49,1479.42,1479.42,-0.0,0.68,1002.62,-1
2026-06-01,2026-06-01 14:40:00,1479.42,1479.42,1479.35,1479.35,-0.0,0.68,1002.62,-1
2026-06-01,2026-06-01 14:41:00,1479.35,1479.35,1479.28,1479.28,-0.0,0.68,1002.62,-1
2026-06-01,2026-06-01 14:42:00,1479.28,1479.28,1479.2,1479.2,-0.01,0.68,1002.62,-1
2026-06-01,2026-06-01 14:43:00,1479.2,1479.2,1479.13,1479.13,-0.0,0.68,1002.62,-1
2026-06-01,2026-06-01 14:44:00,1479.13,1479.13,1479.06,1479.06,-0.0,0.68,1002.62,-1
2026-06-01,2026-06-01 14:45:00,1479.06,1479.06,1478.99,1478.99,-0.0,0.68,1002.62,-1
2026-06-01,2026-06-01 14:46:00,1478.99,1478.99,1478.92,1478.92,-0.0,0.68,1002.62,-1
2026-06-01,2026-06-01 14:47:00,1478.92,1478.92,1478.85,1478.85,-0.0,0.68,1002.62,-1
2026-06-01,2026-06-01 14:48:00,1478.85,1478.85,1478.78,1478.78,-0.0,0.68,1002.62,-1
2026-06-01,2026-06-01 14:49:00,1478.78,1478.78,1478.71,1478.71,-0.0,0.68,1002.62,-1
2026-06-01,2026-06-01 14:50:00,1478.71,1478.71,1478.64,1478.64,-0.0,0.68,1002.62,-1
2026-06-01,2026-06-01 14:51:00,1478.64,1478.64,1478.57,1478.57,-0.0,0.68,1002.62,-1
2026-06-01,2026-06-01 14:52:00,1478.57,1478.57,1478.5,1478.5,-0.0,0.68,1002.62,-1
2026-06-01,2026-06-01 14:53:00,1478.5,1478.5,1478.42,1478.42,-0.01,0.68,1002.62,-1
2026-06-01,2026-06-01 14:54:00,1478.42,1478.42,1478.35,1478.35,-0.0,0.68,1002.62,-1
2026-06-01,2026-06-01 14:55:00,1478.35,1478.35,1478.28,1478.28,-0.0,0.68,1002.62,-1
2026-06-01,2026-06-01 14:56:00,1478.28,1478.28,1478.21,1478.21,-0.0,0.68,1002.62,-1
2026-06-01,2026-06-01 14:57:00,1478.21,1478.21,1478.14,1478.14,-0.0,0.68,1002.62,-1
2026-06-01,2026-06-01 14:58:00,1478.14,1478.14,1478.07,1478.07,-0.0,0.68,1002.62,-1
2026-06-01,2026-06-01 14:59:00,1478.07,1478.07,1478.0,1478.0,-0.0,0.68,1002.62,-1
2026-06-01,2026-06-01 15:00:00,1478.0,1495.0,1455.1,1478.0,0.0,0.68,1002.62,0
2026-06-02,2026-06-02 11:00:00,1478.0,1478.0,1470.5,1477.95,-0.0,2.03,2970.82,-1
2026-06-02,2026-06-02 11:01:00,1477.95,1477.95,1477.89,1477.89,-0.0,2.03,2970.82,-1
2026-06-02,2026-06-02 11:02:00,1477.89,1477.89,1477.84,1477.84,-0.0,2.03,2970.82,-1
2026-06-02,2026-06-02 11:03:00,1477.84,1477.84,1477.78,1477.78,-0.0,2.03,2970.82,-1
2026-06-02,2026-06-02 11:04:00,1477.78,1477.78,1477.73,1477.73,-0.0,2.03,2970.82,-1
2026-06-02,2026-06-02 11:05:00,1477.73,1477.73,1477.67,1477.67,-0.0,2.03,2970.82,-1
2026-06-02,2026-06-02 11:06:00,1477.67,1477.67,1477.62,1477.62,-0.0,2.03,2970.82,-1
2026-06-02,2026-06-02 11:07:00,1477.62,1477.62,1477.57,1477.57,-0.0,2.03,2970.82,-1
2026-06-02,2026-06-02 11:08:00,1477.57,1477.57,1477.51,1477.51,-0.0,2.03,2970.82,-1
2026-06-02,2026-06-02 11:09:00,1477.51,1477.51,1477.46,1477.46,-0.0,2.03,2970.82,-1
2026-06-02,2026-06-02 11:10:00,1477.46,1477.46,1477.4,1477.4,-0.0,2.03,2970.82,-1
2026-06-02,2026-06-02 11:11:00,1477.4,1477.4,1477.35,1477.35,-0.0,2.03,2970.82,-1
2026-06-02,2026-06-02 11:12:00,1477.35,1477.35,1477.3,1477.3,-0.0,2.03,2970.82,-1
2026-06-02,2026-06-02 11:13:00,1477.3,1477.3,1477.24,1477.24,-0.0,2.03,2970.82,-1
2026-06-02,2026-06-02 11:14:00,1477.24,1477.24,1477.19,1477.19,-0.0,2.03,2970.82,-1
2026-06-02,2026-06-02 11:15:00,1477.19,1477.19,1477.13,1477.13,-0.0,2.03,2970.82,-1
2026-06-02,2026-06-02 11:16:00,1477.13,1477.13,1477.08,1477.08,-0.0,2.03,2970.82,-1
2026-06-02,2026-06-02 11:17:00,1477.08,1477.08,1477.03,1477.03,-0.0,2.03,2970.82,-1
2026-06-02,2026-06-02 11:18:00,1477.03,1477.03,1476.97,1476.97,-0.0,2.03,2970.82,-1
2026-06-02,2026-06-02 11:19:00,1476.97,1476.97,1476.92,1476.92,-0.0,2.03,2970.82,-1
2026-06-02,2026-06-02 11:20:00,1476.92,1476.92,1476.86,1476.86,-0.0,2.03,2970.82,-1
2026-06-02,2026-06-02 11:21:00,1476.86,1476.86,1476.81,1476.81,-0.0,2.03,2970.82,-1
2026-06-02,2026-06-02 11:22:00,1476.81,1476.81,1476.75,1476.75,-0.0,2.03,2970.82,-1
2026-06-02,2026-06-02 11:23:00,1476.75,1476.75,1476.7,1476.7,-0.0,2.03,2970.82,-1
2026-06-02,2026-06-02 11:24:00,1476.7,1476.7,1476.65,1476.65,-0.0,2.03,2970.82,-1
2026-06-02,2026-06-02 11:25:00,1476.65,1476.65,1476.59,1476.59,-0.0,2.03,2970.82,-1
2026-06-02,2026-06-02 11:26:00,1476.59,1476.59,1476.54,1476.54,-0.0,2.03,2970.82,-1
2026-06-02,2026-06-02 11:27:00,1476.54,1476.54,1476.48,1476.48,-0.0,2.03,2970.82,-1
2026-06-02,2026-06-02 11:28:00,1476.48,1476.48,1476.43,1476.43,-0.0,2.03,2970.82,-1
2026-06-02,2026-06-02 11:29:00,1476.43,1476.43,1476.38,1476.38,-0.0,2.03,2970.82,-1
2026-06-02,2026-06-02 11:30:00,1476.38,1476.38,1476.32,1476.32,-0.0,2.03,2970.82,-1
2026-06-02,2026-06-02 11:31:00,1476.32,1476.32,1476.27,1476.27,-0.0,2.03,2970.82,-1
2026-06-02,2026-06-02 11:32:00,1476.27,1476.27,1476.21,1476.21,-0.0,2.03,2970.82,-1
2026-06-02,2026-06-02 11:33:00,1476.21,1476.21,1476.16,1476.16,-0.0,2.03,2970.82,-1
2026-06-02,2026-06-02 11:34:00,1476.16,1476.16,1476.1,1476.1,-0.0,2.03,2970.82,-1
2026-06-02,2026-06-02 11:35:00,1476.1,1476.1,1476.05,1476.05,-0.0,2.03,2970.82,-1
2026-06-02,2026-06-02 11:36:00,1476.05,1476.05,1476.0,1476.0,-0.0,2.03,2970.82,-1
2026-06-02,2026-06-02 11:37:00,1476.0,1476.0,1475.94,1475.94,-0.0,2.03,2970.82,-1
2026-06-02,2026-06-02 11:38:00,1475.94,1475.94,1475.89,1475.89,-0.0,2.03,2970.82,-1
2026-06-02,2026-06-02 11:39:00,1475.89,1475.89,1475.83,1475.83,-0.0,2.03,2970.82,-1
2026-06-02,2026-06-02 11:40:00,1475.83,1475.83,1475.78,1475.78,-0.0,2.03,2970.82,-1
2026-06-02,2026-06-02 11:41:00,1475.78,1475.78,1475.72,1475.72,-0.0,2.03,2970.82,-1
2026-06-02,2026-06-02 11:42:00,1475.72,1475.72,1475.67,1475.67,-0.0,2.03,2970.82,-1
2026-06-02,2026-06-02 11:43:00,1475.67,1475.67,1475.62,1475.62,-0.0,2.03,2970.82,-1
2026-06-02,2026-06-02 11:44:00,1475.62,1475.62,1475.56,1475.56,-0.0,2.03,2970.82,-1
2026-06-02,2026-06-02 11:45:00,1475.56,1475.56,1475.51,1475.51,-0.0,2.03,2970.82,-1
2026-06-02,2026-06-02 11:46:00,1475.51,1475.51,1475.45,1475.45,-0.0,2.03,2970.82,-1
2026-06-02,2026-06-02 11:47:00,1475.45,1475.45,1475.4,1475.4,-0.0,2.03,2970.82,-1
2026-06-02,2026-06-02 11:48:00,1475.4,1475.4,1475.35,1475.35,-0.0,2.03,2970.82,-1
2026-06-02,2026-06-02 11:49:00,1475.35,1475.35,1475.29,1475.29,-0.0,2.03,2970.82,-1
2026-06-02,2026-06-02 11:50:00,1475.29,1475.29,1475.24,1475.24,-0.0,2.03,2970.82,-1
2026-06-02,2026-06-02 11:51:00,1475.24,1475.24,1475.18,1475.18,-0.0,2.03,2970.82,-1
2026-06-02,2026-06-02 11:52:00,1475.18,1475.18,1475.13,1475.13,-0.0,2.03,2970.82,-1
2026-06-02,2026-06-02 11:53:00,1475.13,1475.13,1475.08,1475.08,-0.0,2.03,2970.82,-1
2026-06-02,2026-06-02 11:54:00,1475.08,1475.08,1475.02,1475.02,-0.0,2.03,2970.82,-1
2026-06-02,2026-06-02 11:55:00,1475.02,1475.02,1474.97,1474.97,-0.0,2.03,2970.82,-1
2026-06-02,2026-06-02 11:56:00,1474.97,1474.97,1474.91,1474.91,-0.0,2.03,2970.82,-1
2026-06-02,2026-06-02 11:57:00,1474.91,1474.91,1474.86,1474.86,-0.0,2.03,2970.82,-1
2026-06-02,2026-06-02 11:58:00,1474.86,1474.86,1474.8,1474.8,-0.0,2.03,2970.82,-1
2026-06-02,2026-06-02 11:59:00,1474.8,1474.8,1474.75,1474.75,-0.0,2.03,2970.82,-1
2026-06-02,2026-06-02 12:00:00,1474.75,1474.75,1474.7,1474.7,-0.0,2.03,2970.82,-1
2026-06-02,2026-06-02 12:01:00,1474.7,1474.7,1474.64,1474.64,-0.0,2.03,2970.82,-1
2026-06-02,2026-06-02 12:02:00,1474.64,1474.64,1474.59,1474.59,-0.0,2.03,2970.82,-1
2026-06-02,2026-06-02 12:03:00,1474.59,1474.59,1474.53,1474.53,-0.0,2.03,2970.82,-1
2026-06-02,2026-06-02 12:04:00,1474.53,1474.53,1474.48,1474.48,-0.0,2.03,2970.82,-1
2026-06-02,2026-06-02 12:05:00,1474.48,1474.48,1474.42,1474.42,-0.0,2.03,2970.82,-1
2026-06-02,2026-06-02 12:06:00,1474.42,1474.42,1474.37,1474.37,-0.0,2.03,2970.82,-1
2026-06-02,2026-06-02 12:07:00,1474.37,1474.37,1474.32,1474.32,-0.0,2.03,2970.82,-1
2026-06-02,2026-06-02 12:08:00,1474.32,1474.32,1474.26,1474.26,-0.0,2.03,2970.82,-1
2026-06-02,2026-06-02 12:09:00,1474.26,1474.26,1474.21,1474.21,-0.0,2.03,2970.82,-1
2026-06-02,2026-06-02 12:10:00,1474.21,1474.21,1474.15,1474.15,-0.0,2.03,2970.82,-1
2026-06-02,2026-06-02 12:11:00,1474.15,1474.15,1474.1,1474.1,-0.0,2.03,2970.82,-1
2026-06-02,2026-06-02 12:12:00,1474.1,1474.1,1474.05,1474.05,-0.0,2.03,2970.82,-1
2026-06-02,2026-06-02 12:13:00,1474.05,1474.05,1473.99,1473.99,-0.0,2.03,2970.82,-1
2026-06-02,2026-06-02 12:14:00,1473.99,1473.99,1473.94,1473.94,-0.0,2.03,2970.82,-1
2026-06-02,2026-06-02 12:15:00,1473.94,1473.94,1473.88,1473.88,-0.0,2.03,2970.82,-1
2026-06-02,2026-06-02 12:16:00,1473.88,1473.88,1473.83,1473.83,-0.0,2.03,2970.82,-1
2026-06-02,2026-06-02 12:17:00,1473.83,1473.83,1473.78,1473.78,-0.0,2.03,2970.82,-1
2026-06-02,2026-06-02 12:18:00,1473.78,1473.78,1473.72,1473.72,-0.0,2.03,2970.82,-1
2026-06-02,2026-06-02 12:19:00,1473.72,1473.72,1473.67,1473.67,-0.0,2.03,2970.82,-1
2026-06-02,2026-06-02 12:20:00,1473.67,1473.67,1473.61,1473.61,-0.0,2.03,2970.82,-1
2026-06-02,2026-06-02 12:21:00,1473.61,1473.61,1473.56,1473.56,-0.0,2.03,2970.82,-1
2026-06-02,2026-06-02 12:22:00,1473.56,1473.56,1473.5,1473.5,-0.0,2.03,2970.82,-1
2026-06-02,2026-06-02 12:23:00,1473.5,1473.5,1473.45,1473.45,-0.0,2.03,2970.82,-1
2026-06-02,2026-06-02 12:24:00,1473.45,1473.45,1473.4,1473.4,-0.0,2.03,2970.82,-1
2026-06-02,2026-06-02 12:25:00,1473.4,1473.4,1473.34,1473.34,-0.0,2.03,2970.82,-1
2026-06-02,2026-06-02 12:26:00,1473.34,1473.34,1473.29,1473.29,-0.0,2.03,2970.82,-1
2026-06-02,2026-06-02 12:27:00,1473.29,1473.29,1473.23,1473.23,-0.0,2.03,2970.82,-1
2026-06-02,2026-06-02 12:28:00,1473.23,1473.23,1473.18,1473.18,-0.0,2.03,2970.82,-1
2026-06-02,2026-06-02 12:29:00,1473.18,1473.18,1473.12,1473.12,-0.0,2.03,2970.82,-1
2026-06-02,2026-06-02 12:30:00,1473.12,1473.12,1473.07,1473.07,-0.0,2.03,2970.82,-1
2026-06-02,2026-06-02 12:31:00,1473.07,1473.07,1473.02,1473.02,-0.0,2.03,2970.82,-1
2026-06-02,2026-06-02 12:32:00,1473.02,1473.02,1472.96,1472.96,-0.0,2.03,2970.82,-1
2026-06-02,2026-06-02 12:33:00,1472.96,1472.96,1472.91,1472.91,-0.0,2.03,2970.82,-1
2026-06-02,2026-06-02 12:34:00,1472.91,1472.91,1472.85,1472.85,-0.0,2.03,2970.82,-1
2026-06-02,2026-06-02 12:35:00,1472.85,1472.85,1472.8,1472.8,-0.0,2.03,2970.82,-1
2026-06-02,2026-06-02 12:36:00,1472.8,1472.8,1472.75,1472.75,-0.0,2.03,2970.82,-1
2026-06-02,2026-06-02 12:37:00,1472.75,1472.75,1472.69,1472.69,-0.0,2.03,2970.82,-1
2026-06-02,2026-06-02 12:38:00,1472.69,1472.69,1472.64,1472.64,-0.0,2.03,2970.82,-1
2026-06-02,2026-06-02 12:39:00,1472.64,1472.64,1472.58,1472.58,-0.0,2.03,2970.82,-1
2026-06-02,2026-06-02 12:40:00,1472.58,1472.58,1472.53,1472.53,-0.0,2.03,2970.82,-1
2026-06-02,2026-06-02 12:41:00,1472.53,1472.53,1472.47,1472.47,-0.0,2.03,2970.82,-1
2026-06-02,2026-06-02 12:42:00,1472.47,1472.47,1472.42,1472.42,-0.0,2.03,2970.82,-1
2026-06-02,2026-06-02 12:43:00,1472.42,1472.42,1472.37,1472.37,-0.0,2.03,2970.82,-1
2026-06-02,2026-06-02 12:44:00,1472.37,1472.37,1472.31,1472.31,-0.0,2.03,2970.82,-1
2026-06-02,2026-06-02 12:45:00,1472.31,1472.31,1472.26,1472.26,-0.0,2.03,2970.82,-1
2026-06-02,2026-06-02 12:46:00,1472.26,1472.26,1472.2,1472.2,-0.0,2.03,2970.82,-1
2026-06-02,2026-06-02 12:47:00,1472.2,1472.2,1472.15,1472.15,-0.0,2.03,2970.82,-1
2026-06-02,2026-06-02 12:48:00,1472.15,1472.15,1472.1,1472.1,-0.0,2.03,2970.82,-1
2026-06-02,2026-06-02 12:49:00,1472.1,1472.1,1472.04,1472.04,-0.0,2.03,2970.82,-1
2026-06-02,2026-06-02 12:50:00,1472.04,1472.04,1471.99,1471.99,-0.0,2.03,2970.82,-1
2026-06-02,2026-06-02 12:51:00,1471.99,1471.99,1471.93,1471.93,-0.0,2.03,2970.82,-1
2026-06-02,2026-06-02 12:52:00,1471.93,1471.93,1471.88,1471.88,-0.0,2.03,2970.82,-1
2026-06-02,2026-06-02 12:53:00,1471.88,1471.88,1471.83,1471.83,-0.0,2.03,2970.82,-1
2026-06-02,2026-06-02 12:54:00,1471.83,1471.83,1471.77,1471.77,-0.0,2.03,2970.82,-1
2026-06-02,2026-06-02 12:55:00,1471.77,1471.77,1471.72,1471.72,-0.0,2.03,2970.82,-1
2026-06-02,2026-06-02 12:56:00,1471.72,1471.72,1471.66,1471.66,-0.0,2.03,2970.82,-1
2026-06-02,2026-06-02 12:57:00,1471.66,1471.66,1471.61,1471.61,-0.0,2.03,2970.82,-1
2026-06-02,2026-06-02 12:58:00,1471.61,1471.61,1471.55,1471.55,-0.0,2.03,2970.82,-1
2026-06-02,2026-06-02 12:59:00,1471.55,1471.55,1471.5,1471.5,-0.0,2.03,2970.82,-1
2026-06-02,2026-06-02 13:00:00,1471.5,1478.0,1453.0,1471.45,-0.0,2.03,2970.82,-1
2026-06-02,2026-06-02 13:01:00,1471.45,1471.45,1471.39,1471.39,-0.0,2.03,2970.82,-1
2026-06-02,2026-06-02 13:02:00,1471.39,1471.39,1471.34,1471.34,-0.0,2.03,2970.82,-1
2026-06-02,2026-06-02 13:03:00,1471.34,1471.34,1471.28,1471.28,-0.0,2.03,2970.82,-1
2026-06-02,2026-06-02 13:04:00,1471.28,1471.28,1471.23,1471.23,-0.0,2.03,2970.82,-1
2026-06-02,2026-06-02 13:05:00,1471.23,1471.23,1471.17,1471.17,-0.0,2.03,2970.82,-1
2026-06-02,2026-06-02 13:06:00,1471.17,1471.17,1471.12,1471.12,-0.0,2.03,2970.82,-1
2026-06-02,2026-06-02 13:07:00,1471.12,1471.12,1471.07,1471.07,-0.0,2.03,2970.82,-1
2026-06-02,2026-06-02 13:08:00,1471.07,1471.07,1471.01,1471.01,-0.0,2.03,2970.82,-1
2026-06-02,2026-06-02 13:09:00,1471.01,1471.01,1470.96,1470.96,-0.0,2.03,2970.82,-1
2026-06-02,2026-06-02 13:10:00,1470.96,1470.96,1470.9,1470.9,-0.0,2.03,2970.82,-1
2026-06-02,2026-06-02 13:11:00,1470.9,1470.9,1470.85,1470.85,-0.0,2.03,2970.82,-1
2026-06-02,2026-06-02 13:12:00,1470.85,1470.85,1470.8,1470.8,-0.0,2.03,2970.82,-1
2026-06-02,2026-06-02 13:13:00,1470.8,1470.8,1470.74,1470.74,-0.0,2.03,2970.82,-1
2026-06-02,2026-06-02 13:14:00,1470.74,1470.74,1470.69,1470.69,-0.0,2.03,2970.82,-1
2026-06-02,2026-06-02 13:15:00,1470.69,1470.69,1470.63,1470.63,-0.0,2.03,2970.82,-1
2026-06-02,2026-06-02 13:16:00,1470.63,1470.63,1470.58,1470.58,-0.0,2.03,2970.82,-1
2026-06-02,2026-06-02 13:17:00,1470.58,1470.58,1470.53,1470.53,-0.0,2.03,2970.82,-1
2026-06-02,2026-06-02 13:18:00,1470.53,1470.53,1470.47,1470.47,-0.0,2.03,2970.82,-1
2026-06-02,2026-06-02 13:19:00,1470.47,1470.47,1470.42,1470.42,-0.0,2.03,2970.82,-1
2026-06-02,2026-06-02 13:20:00,1470.42,1470.42,1470.36,1470.36,-0.0,2.03,2970.82,-1
2026-06-02,2026-06-02 13:21:00,1470.36,1470.36,1470.31,1470.31,-0.0,2.03,2970.82,-1
2026-06-02,2026-06-02 13:22:00,1470.31,1470.31,1470.25,1470.25,-0.0,2.03,2970.82,-1
2026-06-02,2026-06-02 13:23:00,1470.25,1470.25,1470.2,1470.2,-0.0,2.03,2970.82,-1
2026-06-02,2026-06-02 13:24:00,1470.2,1470.2,1470.15,1470.15,-0.0,2.03,2970.82,-1
2026-06-02,2026-06-02 13:25:00,1470.15,1470.15,1470.09,1470.09,-0.0,2.03,2970.82,-1
2026-06-02,2026-06-02 13:26:00,1470.09,1470.09,1470.04,1470.04,-0.0,2.03,2970.82,-1
2026-06-02,2026-06-02 13:27:00,1470.04,1470.04,1469.98,1469.98,-0.0,2.03,2970.82,-1
2026-06-02,2026-06-02 13:28:00,1469.98,1469.98,1469.93,1469.93,-0.0,2.03,2970.82,-1
2026-06-02,2026-06-02 13:29:00,1469.93,1469.93,1469.88,1469.88,-0.0,2.03,2970.82,-1
2026-06-02,2026-06-02 13:30:00,1469.88,1469.88,1469.82,1469.82,-0.0,2.03,2970.82,-1
2026-06-02,2026-06-02 13:31:00,1469.82,1469.82,1469.77,1469.77,-0.0,2.03,2970.82,-1
2026-06-02,2026-06-02 13:32:00,1469.77,1469.77,1469.71,1469.71,-0.0,2.03,2970.82,-1
2026-06-02,2026-06-02 13:33:00,1469.71,1469.71,1469.66,1469.66,-0.0,2.03,2970.82,-1
2026-06-02,2026-06-02 13:34:00,1469.66,1469.66,1469.6,1469.6,-0.0,2.03,2970.82,-1
2026-06-02,2026-06-02 13:35:00,1469.6,1469.6,1469.55,1469.55,-0.0,2.03,2970.82,-1
2026-06-02,2026-06-02 13:36:00,1469.55,1469.55,1469.5,1469.5,-0.0,2.03,2970.82,-1
2026-06-02,2026-06-02 13:37:00,1469.5,1469.5,1469.44,1469.44,-0.0,2.03,2970.82,-1
2026-06-02,2026-06-02 13:38:00,1469.44,1469.44,1469.39,1469.39,-0.0,2.03,2970.82,-1
2026-06-02,2026-06-02 13:39:00,1469.39,1469.39,1469.33,1469.33,-0.0,2.03,2970.82,-1
2026-06-02,2026-06-02 13:40:00,1469.33,1469.33,1469.28,1469.28,-0.0,2.03,2970.82,-1
2026-06-02,2026-06-02 13:41:00,1469.28,1469.28,1469.22,1469.22,-0.0,2.03,2970.82,-1
2026-06-02,2026-06-02 13:42:00,1469.22,1469.22,1469.17,1469.17,-0.0,2.03,2970.82,-1
2026-06-02,2026-06-02 13:43:00,1469.17,1469.17,1469.12,1469.12,-0.0,2.03,2970.82,-1
2026-06-02,2026-06-02 13:44:00,1469.12,1469.12,1469.06,1469.06,-0.0,2.03,2970.82,-1
2026-06-02,2026-06-02 13:45:00,1469.06,1469.06,1469.01,1469.01,-0.0,2.03,2970.82,-1
2026-06-02,2026-06-02 13:46:00,1469.01,1469.01,1468.95,1468.95,-0.0,2.03,2970.82,-1
2026-06-02,2026-06-02 13:47:00,1468.95,1468.95,1468.9,1468.9,-0.0,2.03,2970.82,-1
2026-06-02,2026-06-02 13:48:00,1468.9,1468.9,1468.85,1468.85,-0.0,2.03,2970.82,-1
2026-06-02,2026-06-02 13:49:00,1468.85,1468.85,1468.79,1468.79,-0.0,2.03,2970.82,-1
2026-06-02,2026-06-02 13:50:00,1468.79,1468.79,1468.74,1468.74,-0.0,2.03,2970.82,-1
2026-06-02,2026-06-02 13:51:00,1468.74,1468.74,1468.68,1468.68,-0.0,2.03,2970.82,-1
2026-06-02,2026-06-02 13:52:00,1468.68,1468.68,1468.63,1468.63,-0.0,2.03,2970.82,-1
2026-06-02,2026-06-02 13:53:00,1468.63,1468.63,1468.58,1468.58,-0.0,2.03,2970.82,-1
2026-06-02,2026-06-02 13:54:00,1468.58,1468.58,1468.52,1468.52,-0.0,2.03,2970.82,-1
2026-06-02,2026-06-02 13:55:00,1468.52,1468.52,1468.47,1468.47,-0.0,2.03,2970.82,-1
2026-06-02,2026-06-02 13:56:00,1468.47,1468.47,1468.41,1468.41,-0.0,2.03,2970.82,-1
2026-06-02,2026-06-02 13:57:00,1468.41,1468.41,1468.36,1468.36,-0.0,2.03,2970.82,-1
2026-06-02,2026-06-02 13:58:00,1468.36,1468.36,1468.3,1468.3,-0.0,2.03,2970.82,-1
2026-06-02,2026-06-02 13:59:00,1468.3,1468.3,1468.25,1468.25,-0.0,2.03,2970.82,-1
2026-06-02,2026-06-02 14:00:00,1468.25,1468.25,1468.2,1468.2,-0.0,2.03,2970.82,-1
2026-06-02,2026-06-02 14:01:00,1468.2,1468.2,1468.14,1468.14,-0.0,2.03,2970.82,-1
2026-06-02,2026-06-02 14:02:00,1468.14,1468.14,1468.09,1468.09,-0.0,2.03,2970.82,-1
2026-06-02,2026-06-02 14:03:00,1468.09,1468.09,1468.03,1468.03,-0.0,2.03,2970.82,-1
2026-06-02,2026-06-02 14:04:00,1468.03,1468.03,1467.98,1467.98,-0.0,2.03,2970.82,-1
2026-06-02,2026-06-02 14:05:00,1467.98,1467.98,1467.92,1467.92,-0.0,2.03,2970.82,-1
2026-06-02,2026-06-02 14:06:00,1467.92,1467.92,1467.87,1467.87,-0.0,2.03,2970.82,-1
2026-06-02,2026-06-02 14:07:00,1467.87,1467.87,1467.82,1467.82,-0.0,2.03,2970.82,-1
2026-06-02,2026-06-02 14:08:00,1467.82,1467.82,1467.76,1467.76,-0.0,2.03,2970.82,-1
2026-06-02,2026-06-02 14:09:00,1467.76,1467.76,1467.71,1467.71,-0.0,2.03,2970.82,-1
2026-06-02,2026-06-02 14:10:00,1467.71,1467.71,1467.65,1467.65,-0.0,2.03,2970.82,-1
2026-06-02,2026-06-02 14:11:00,1467.65,1467.65,1467.6,1467.6,-0.0,2.03,2970.82,-1
2026-06-02,2026-06-02 14:12:00,1467.6,1467.6,1467.55,1467.55,-0.0,2.03,2970.82,-1
2026-06-02,2026-06-02 14:13:00,1467.55,1467.55,1467.49,1467.49,-0.0,2.03,2970.82,-1
2026-06-02,2026-06-02 14:14:00,1467.49,1467.49,1467.44,1467.44,-0.0,2.03,2970.82,-1
2026-06-02,2026-06-02 14:15:00,1467.44,1467.44,1467.38,1467.38,-0.0,2.03,2970.82,-1
2026-06-02,2026-06-02 14:16:00,1467.38,1467.38,1467.33,1467.33,-0.0,2.03,2970.82,-1
2026-06-02,2026-06-02 14:17:00,1467.33,1467.33,1467.28,1467.28,-0.0,2.03,2970.82,-1
2026-06-02,2026-06-02 14:18:00,1467.28,1467.28,1467.22,1467.22,-0.0,2.03,2970.82,-1
2026-06-02,2026-06-02 14:19:00,1467.22,1467.22,1467.17,1467.17,-0.0,2.03,2970.82,-1
2026-06-02,2026-06-02 14:20:00,1467.17,1467.17,1467.11,1467.11,-0.0,2.03,2970.82,-1
2026-06-02,2026-06-02 14:21:00,1467.11,1467.11,1467.06,1467.06,-0.0,2.03,2970.82,-1
2026-06-02,2026-06-02 14:22:00,1467.06,1467.06,1467.0,1467.0,-0.0,2.03,2970.82,-1
2026-06-02,2026-06-02 14:23:00,1467.0,1467.0,1466.95,1466.95,-0.0,2.03,2970.82,-1
2026-06-02,2026-06-02 14:24:00,1466.95,1466.95,1466.9,1466.9,-0.0,2.03,2970.82,-1
2026-06-02,2026-06-02 14:25:00,1466.9,1466.9,1466.84,1466.84,-0.0,2.03,2970.82,-1
2026-06-02,2026-06-02 14:26:00,1466.84,1466.84,1466.79,1466.79,-0.0,2.03,2970.82,-1
2026-06-02,2026-06-02 14:27:00,1466.79,1466.79,1466.73,1466.73,-0.0,2.03,2970.82,-1
2026-06-02,2026-06-02 14:28:00,1466.73,1466.73,1466.68,1466.68,-0.0,2.03,2970.82,-1
2026-06-02,2026-06-02 14:29:00,1466.68,1466.68,1466.62,1466.62,-0.0,2.03,2970.82,-1
2026-06-02,2026-06-02 14:30:00,1466.62,1466.62,1466.57,1466.57,-0.0,2.03,2970.82,-1
2026-06-02,2026-06-02 14:31:00,1466.57,1466.57,1466.52,1466.52,-0.0,2.03,2970.82,-1
2026-06-02,2026-06-02 14:32:00,1466.52,1466.52,1466.46,1466.46,-0.0,2.03,2970.82,-1
2026-06-02,2026-06-02 14:33:00,1466.46,1466.46,1466.41,1466.41,-0.0,2.03,2970.82,-1
2026-06-02,2026-06-02 14:34:00,1466.41,1466.41,1466.35,1466.35,-0.0,2.03,2970.82,-1
2026-06-02,2026-06-02 14:35:00,1466.35,1466.35,1466.3,1466.3,-0.0,2.03,2970.82,-1
2026-06-02,2026-06-02 14:36:00,1466.3,1466.3,1466.25,1466.25,-0.0,2.03,2970.82,-1
2026-06-02,2026-06-02 14:37:00,1466.25,1466.25,1466.19,1466.19,-0.0,2.03,2970.82,-1
2026-06-02,2026-06-02 14:38:00,1466.19,1466.19,1466.14,1466.14,-0.0,2.03,2970.82,-1
2026-06-02,2026-06-02 14:39:00,1466.14,1466.14,1466.08,1466.08,-0.0,2.03,2970.82,-1
2026-06-02,2026-06-02 14:40:00,1466.08,1466.08,1466.03,1466.03,-0.0,2.03,2970.82,-1
2026-06-02,2026-06-02 14:41:00,1466.03,1466.03,1465.97,1465.97,-0.0,2.03,2970.82,-1
2026-06-02,2026-06-02 14:42:00,1465.97,1465.97,1465.92,1465.92,-0.0,2.03,2970.82,-1
2026-06-02,2026-06-02 14:43:00,1465.92,1465.92,1465.87,1465.87,-0.0,2.03,2970.82,-1
2026-06-02,2026-06-02 14:44:00,1465.87,1465.87,1465.81,1465.81,-0.0,2.03,2970.82,-1
2026-06-02,2026-06-02 14:45:00,1465.81,1465.81,1465.76,1465.76,-0.0,2.03,2970.82,-1
2026-06-02,2026-06-02 14:46:00,1465.76,1465.76,1465.7,1465.7,-0.0,2.03,2970.82,-1
2026-06-02,2026-06-02 14:47:00,1465.7,1465.7,1465.65,1465.65,-0.0,2.03,2970.82,-1
2026-06-02,2026-06-02 14:48:00,1465.65,1465.65,1465.6,1465.6,-0.0,2.03,2970.82,-1
2026-06-02,2026-06-02 14:49:00,1465.6,1465.6,1465.54,1465.54,-0.0,2.03,2970.82,-1
2026-06-02,2026-06-02 14:50:00,1465.54,1465.54,1465.49,1465.49,-0.0,2.03,2970.82,-1
2026-06-02,2026-06-02 14:51:00,1465.49,1465.49,1465.43,1465.43,-0.0,2.03,2970.82,-1
2026-06-02,2026-06-02 14:52:00,1465.43,1465.43,1465.38,1465.38,-0.0,2.03,2970.82,-1
2026-06-02,2026-06-02 14:53:00,1465.38,1465.38,1465.33,1465.33,-0.0,2.03,2970.82,-1
2026-06-02,2026-06-02 14:54:00,1465.33,1465.33,1465.27,1465.27,-0.0,2.03,2970.82,-1
2026-06-02,2026-06-02 14:55:00,1465.27,1465.27,1465.22,1465.22,-0.0,2.03,2970.82,-1
2026-06-02,2026-06-02 14:56:00,1465.22,1465.22,1465.16,1465.16,-0.0,2.03,2970.82,-1
2026-06-02,2026-06-02 14:57:00,1465.16,1465.16,1465.11,1465.11,-0.0,2.03,2970.82,-1
2026-06-02,2026-06-02 14:58:00,1465.11,1465.11,1465.05,1465.05,-0.0,2.03,2970.82,-1
2026-06-02,2026-06-02 14:59:00,1465.05,1465.05,1465.0,1465.0,-0.0,2.03,2970.82,-1
2026-06-02,2026-06-02 15:00:00,1465.0,1478.0,1453.0,1465.0,0.0,2.03,2970.82,0
2026-06-03,2026-06-03 11:00:00,1455.0,1462.5,1455.0,1455.03,0.0,2.66,3902.49,1
2026-06-03,2026-06-03 11:01:00,1455.03,1455.07,1455.03,1455.07,0.0,2.66,3902.49,1
2026-06-03,2026-06-03 11:02:00,1455.07,1455.1,1455.07,1455.1,0.0,2.66,3902.49,1
2026-06-03,2026-06-03 11:03:00,1455.1,1455.13,1455.1,1455.13,0.0,2.66,3902.49,1
2026-06-03,2026-06-03 11:04:00,1455.13,1455.17,1455.13,1455.17,0.0,2.66,3902.49,1
2026-06-03,2026-06-03 11:05:00,1455.17,1455.2,1455.17,1455.2,0.0,2.66,3902.49,1
2026-06-03,2026-06-03 11:06:00,1455.2,1455.23,1455.2,1455.23,0.0,2.66,3902.49,1
2026-06-03,2026-06-03 11:07:00,1455.23,1455.27,1455.23,1455.27,0.0,2.66,3902.49,1
2026-06-03,2026-06-03 11:08:00,1455.27,1455.3,1455.27,1455.3,0.0,2.66,3902.49,1
2026-06-03,2026-06-03 11:09:00,1455.3,1455.33,1455.3,1455.33,0.0,2.66,3902.49,1
2026-06-03,2026-06-03 11:10:00,1455.33,1455.37,1455.33,1455.37,0.0,2.66,3902.49,1
2026-06-03,2026-06-03 11:11:00,1455.37,1455.4,1455.37,1455.4,0.0,2.66,3902.49,1
2026-06-03,2026-06-03 11:12:00,1455.4,1455.43,1455.4,1455.43,0.0,2.66,3902.49,1
2026-06-03,2026-06-03 11:13:00,1455.43,1455.47,1455.43,1455.47,0.0,2.66,3902.49,1
2026-06-03,2026-06-03 11:14:00,1455.47,1455.5,1455.47,1455.5,0.0,2.66,3902.49,1
2026-06-03,2026-06-03 11:15:00,1455.5,1455.53,1455.5,1455.53,0.0,2.66,3902.49,1
2026-06-03,2026-06-03 11:16:00,1455.53,1455.57,1455.53,1455.57,0.0,2.66,3902.49,1
2026-06-03,2026-06-03 11:17:00,1455.57,1455.6,1455.57,1455.6,0.0,2.66,3902.49,1
2026-06-03,2026-06-03 11:18:00,1455.6,1455.63,1455.6,1455.63,0.0,2.66,3902.49,1
2026-06-03,2026-06-03 11:19:00,1455.63,1455.67,1455.63,1455.67,0.0,2.66,3902.49,1
2026-06-03,2026-06-03 11:20:00,1455.67,1455.7,1455.67,1455.7,0.0,2.66,3902.49,1
2026-06-03,2026-06-03 11:21:00,1455.7,1455.73,1455.7,1455.73,0.0,2.66,3902.49,1
2026-06-03,2026-06-03 11:22:00,1455.73,1455.77,1455.73,1455.77,0.0,2.66,3902.49,1
2026-06-03,2026-06-03 11:23:00,1455.77,1455.8,1455.77,1455.8,0.0,2.66,3902.49,1
2026-06-03,2026-06-03 11:24:00,1455.8,1455.83,1455.8,1455.83,0.0,2.66,3902.49,1
2026-06-03,2026-06-03 11:25:00,1455.83,1455.87,1455.83,1455.87,0.0,2.66,3902.49,1
2026-06-03,2026-06-03 11:26:00,1455.87,1455.9,1455.87,1455.9,0.0,2.66,3902.49,1
2026-06-03,2026-06-03 11:27:00,1455.9,1455.93,1455.9,1455.93,0.0,2.66,3902.49,1
2026-06-03,2026-06-03 11:28:00,1455.93,1455.97,1455.93,1455.97,0.0,2.66,3902.49,1
2026-06-03,2026-06-03 11:29:00,1455.97,1456.0,1455.97,1456.0,0.0,2.66,3902.49,1
2026-06-03,2026-06-03 11:30:00,1456.0,1456.03,1456.0,1456.03,0.0,2.66,3902.49,1
2026-06-03,2026-06-03 11:31:00,1456.03,1456.07,1456.03,1456.07,0.0,2.66,3902.49,1
2026-06-03,2026-06-03 11:32:00,1456.07,1456.1,1456.07,1456.1,0.0,2.66,3902.49,1
2026-06-03,2026-06-03 11:33:00,1456.1,1456.13,1456.1,1456.13,0.0,2.66,3902.49,1
2026-06-03,2026-06-03 11:34:00,1456.13,1456.17,1456.13,1456.17,0.0,2.66,3902.49,1
2026-06-03,2026-06-03 11:35:00,1456.17,1456.2,1456.17,1456.2,0.0,2.66,3902.49,1
2026-06-03,2026-06-03 11:36:00,1456.2,1456.23,1456.2,1456.23,0.0,2.66,3902.49,1
2026-06-03,2026-06-03 11:37:00,1456.23,1456.27,1456.23,1456.27,0.0,2.66,3902.49,1
2026-06-03,2026-06-03 11:38:00,1456.27,1456.3,1456.27,1456.3,0.0,2.66,3902.49,1
2026-06-03,2026-06-03 11:39:00,1456.3,1456.33,1456.3,1456.33,0.0,2.66,3902.49,1
2026-06-03,2026-06-03 11:40:00,1456.33,1456.37,1456.33,1456.37,0.0,2.66,3902.49,1
2026-06-03,2026-06-03 11:41:00,1456.37,1456.4,1456.37,1456.4,0.0,2.66,3902.49,1
2026-06-03,2026-06-03 11:42:00,1456.4,1456.43,1456.4,1456.43,0.0,2.66,3902.49,1
2026-06-03,2026-06-03 11:43:00,1456.43,1456.47,1456.43,1456.47,0.0,2.66,3902.49,1
2026-06-03,2026-06-03 11:44:00,1456.47,1456.5,1456.47,1456.5,0.0,2.66,3902.49,1
2026-06-03,2026-06-03 11:45:00,1456.5,1456.53,1456.5,1456.53,0.0,2.66,3902.49,1
2026-06-03,2026-06-03 11:46:00,1456.53,1456.57,1456.53,1456.57,0.0,2.66,3902.49,1
2026-06-03,2026-06-03 11:47:00,1456.57,1456.6,1456.57,1456.6,0.0,2.66,3902.49,1
2026-06-03,2026-06-03 11:48:00,1456.6,1456.63,1456.6,1456.63,0.0,2.66,3902.49,1
2026-06-03,2026-06-03 11:49:00,1456.63,1456.67,1456.63,1456.67,0.0,2.66,3902.49,1
2026-06-03,2026-06-03 11:50:00,1456.67,1456.7,1456.67,1456.7,0.0,2.66,3902.49,1
2026-06-03,2026-06-03 11:51:00,1456.7,1456.73,1456.7,1456.73,0.0,2.66,3902.49,1
2026-06-03,2026-06-03 11:52:00,1456.73,1456.77,1456.73,1456.77,0.0,2.66,3902.49,1
2026-06-03,2026-06-03 11:53:00,1456.77,1456.8,1456.77,1456.8,0.0,2.66,3902.49,1
2026-06-03,2026-06-03 11:54:00,1456.8,1456.83,1456.8,1456.83,0.0,2.66,3902.49,1
2026-06-03,2026-06-03 11:55:00,1456.83,1456.87,1456.83,1456.87,0.0,2.66,3902.49,1
2026-06-03,2026-06-03 11:56:00,1456.87,1456.9,1456.87,1456.9,0.0,2.66,3902.49,1
2026-06-03,2026-06-03 11:57:00,1456.9,1456.93,1456.9,1456.93,0.0,2.66,3902.49,1
2026-06-03,2026-06-03 11:58:00,1456.93,1456.97,1456.93,1456.97,0.0,2.66,3902.49,1
2026-06-03,2026-06-03 11:59:00,1456.97,1457.0,1456.97,1457.0,0.0,2.66,3902.49,1
2026-06-03,2026-06-03 12:00:00,1457.0,1457.03,1457.0,1457.03,0.0,2.66,3902.49,1
2026-06-03,2026-06-03 12:01:00,1457.03,1457.07,1457.03,1457.07,0.0,2.66,3902.49,1
2026-06-03,2026-06-03 12:02:00,1457.07,1457.1,1457.07,1457.1,0.0,2.66,3902.49,1
2026-06-03,2026-06-03 12:03:00,1457.1,1457.13,1457.1,1457.13,0.0,2.66,3902.49,1
2026-06-03,2026-06-03 12:04:00,1457.13,1457.17,1457.13,1457.17,0.0,2.66,3902.49,1
2026-06-03,2026-06-03 12:05:00,1457.17,1457.2,1457.17,1457.2,0.0,2.66,3902.49,1
2026-06-03,2026-06-03 12:06:00,1457.2,1457.23,1457.2,1457.23,0.0,2.66,3902.49,1
2026-06-03,2026-06-03 12:07:00,1457.23,1457.27,1457.23,1457.27,0.0,2.66,3902.49,1
2026-06-03,2026-06-03 12:08:00,1457.27,1457.3,1457.27,1457.3,0.0,2.66,3902.49,1
2026-06-03,2026-06-03 12:09:00,1457.3,1457.33,1457.3,1457.33,0.0,2.66,3902.49,1
2026-06-03,2026-06-03 12:10:00,1457.33,1457.37,1457.33,1457.37,0.0,2.66,3902.49,1
2026-06-03,2026-06-03 12:11:00,1457.37,1457.4,1457.37,1457.4,0.0,2.66,3902.49,1
2026-06-03,2026-06-03 12:12:00,1457.4,1457.43,1457.4,1457.43,0.0,2.66,3902.49,1
2026-06-03,2026-06-03 12:13:00,1457.43,1457.47,1457.43,1457.47,0.0,2.66,3902.49,1
2026-06-03,2026-06-03 12:14:00,1457.47,1457.5,1457.47,1457.5,0.0,2.66,3902.49,1
2026-06-03,2026-06-03 12:15:00,1457.5,1457.53,1457.5,1457.53,0.0,2.66,3902.49,1
2026-06-03,2026-06-03 12:16:00,1457.53,1457.57,1457.53,1457.57,0.0,2.66,3902.49,1
2026-06-03,2026-06-03 12:17:00,1457.57,1457.6,1457.57,1457.6,0.0,2.66,3902.49,1
2026-06-03,2026-06-03 12:18:00,1457.6,1457.63,1457.6,1457.63,0.0,2.66,3902.49,1
2026-06-03,2026-06-03 12:19:00,1457.63,1457.67,1457.63,1457.67,0.0,2.66,3902.49,1
2026-06-03,2026-06-03 12:20:00,1457.67,1457.7,1457.67,1457.7,0.0,2.66,3902.49,1
2026-06-03,2026-06-03 12:21:00,1457.7,1457.73,1457.7,1457.73,0.0,2.66,3902.49,1
2026-06-03,2026-06-03 12:22:00,1457.73,1457.77,1457.73,1457.77,0.0,2.66,3902.49,1
2026-06-03,2026-06-03 12:23:00,1457.77,1457.8,1457.77,1457.8,0.0,2.66,3902.49,1
2026-06-03,2026-06-03 12:24:00,1457.8,1457.83,1457.8,1457.83,0.0,2.66,3902.49,1
2026-06-03,2026-06-03 12:25:00,1457.83,1457.87,1457.83,1457.87,0.0,2.66,3902.49,1
2026-06-03,2026-06-03 12:26:00,1457.87,1457.9,1457.87,1457.9,0.0,2.66,3902.49,1
2026-06-03,2026-06-03 12:27:00,1457.9,1457.93,1457.9,1457.93,0.0,2.66,3902.49,1
2026-06-03,2026-06-03 12:28:00,1457.93,1457.97,1457.93,1457.97,0.0,2.66,3902.49,1
2026-06-03,2026-06-03 12:29:00,1457.97,1458.0,1457.97,1458.0,0.0,2.66,3902.49,1
2026-06-03,2026-06-03 12:30:00,1458.0,1458.03,1458.0,1458.03,0.0,2.66,3902.49,1
2026-06-03,2026-06-03 12:31:00,1458.03,1458.07,1458.03,1458.07,0.0,2.66,3902.49,1
2026-06-03,2026-06-03 12:32:00,1458.07,1458.1,1458.07,1458.1,0.0,2.66,3902.49,1
2026-06-03,2026-06-03 12:33:00,1458.1,1458.13,1458.1,1458.13,0.0,2.66,3902.49,1
2026-06-03,2026-06-03 12:34:00,1458.13,1458.17,1458.13,1458.17,0.0,2.66,3902.49,1
2026-06-03,2026-06-03 12:35:00,1458.17,1458.2,1458.17,1458.2,0.0,2.66,3902.49,1
2026-06-03,2026-06-03 12:36:00,1458.2,1458.23,1458.2,1458.23,0.0,2.66,3902.49,1
2026-06-03,2026-06-03 12:37:00,1458.23,1458.27,1458.23,1458.27,0.0,2.66,3902.49,1
2026-06-03,2026-06-03 12:38:00,1458.27,1458.3,1458.27,1458.3,0.0,2.66,3902.49,1
2026-06-03,2026-06-03 12:39:00,1458.3,1458.33,1458.3,1458.33,0.0,2.66,3902.49,1
2026-06-03,2026-06-03 12:40:00,1458.33,1458.37,1458.33,1458.37,0.0,2.66,3902.49,1
2026-06-03,2026-06-03 12:41:00,1458.37,1458.4,1458.37,1458.4,0.0,2.66,3902.49,1
2026-06-03,2026-06-03 12:42:00,1458.4,1458.43,1458.4,1458.43,0.0,2.66,3902.49,1
2026-06-03,2026-06-03 12:43:00,1458.43,1458.47,1458.43,1458.47,0.0,2.66,3902.49,1
2026-06-03,2026-06-03 12:44:00,1458.47,1458.5,1458.47,1458.5,0.0,2.66,3902.49,1
2026-06-03,2026-06-03 12:45:00,1458.5,1458.53,1458.5,1458.53,0.0,2.66,3902.49,1
2026-06-03,2026-06-03 12:46:00,1458.53,1458.57,1458.53,1458.57,0.0,2.66,3902.49,1
2026-06-03,2026-06-03 12:47:00,1458.57,1458.6,1458.57,1458.6,0.0,2.66,3902.49,1
2026-06-03,2026-06-03 12:48:00,1458.6,1458.63,1458.6,1458.63,0.0,2.66,3902.49,1
2026-06-03,2026-06-03 12:49:00,1458.63,1458.67,1458.63,1458.67,0.0,2.66,3902.49,1
2026-06-03,2026-06-03 12:50:00,1458.67,1458.7,1458.67,1458.7,0.0,2.66,3902.49,1
2026-06-03,2026-06-03 12:51:00,1458.7,1458.73,1458.7,1458.73,0.0,2.66,3902.49,1
2026-06-03,2026-06-03 12:52:00,1458.73,1458.77,1458.73,1458.77,0.0,2.66,3902.49,1
2026-06-03,2026-06-03 12:53:00,1458.77,1458.8,1458.77,1458.8,0.0,2.66,3902.49,1
2026-06-03,2026-06-03 12:54:00,1458.8,1458.83,1458.8,1458.83,0.0,2.66,3902.49,1
2026-06-03,2026-06-03 12:55:00,1458.83,1458.87,1458.83,1458.87,0.0,2.66,3902.49,1
2026-06-03,2026-06-03 12:56:00,1458.87,1458.9,1458.87,1458.9,0.0,2.66,3902.49,1
2026-06-03,2026-06-03 12:57:00,1458.9,1458.93,1458.9,1458.93,0.0,2.66,3902.49,1
2026-06-03,2026-06-03 12:58:00,1458.93,1458.97,1458.93,1458.97,0.0,2.66,3902.49,1
2026-06-03,2026-06-03 12:59:00,1458.97,1459.0,1458.97,1459.0,0.0,2.66,3902.49,1
2026-06-03,2026-06-03 13:00:00,1459.0,1480.0,1455.0,1459.03,0.0,2.66,3902.49,1
2026-06-03,2026-06-03 13:01:00,1459.03,1459.07,1459.03,1459.07,0.0,2.66,3902.49,1
2026-06-03,2026-06-03 13:02:00,1459.07,1459.1,1459.07,1459.1,0.0,2.66,3902.49,1
2026-06-03,2026-06-03 13:03:00,1459.1,1459.13,1459.1,1459.13,0.0,2.66,3902.49,1
2026-06-03,2026-06-03 13:04:00,1459.13,1459.17,1459.13,1459.17,0.0,2.66,3902.49,1
2026-06-03,2026-06-03 13:05:00,1459.17,1459.2,1459.17,1459.2,0.0,2.66,3902.49,1
2026-06-03,2026-06-03 13:06:00,1459.2,1459.23,1459.2,1459.23,0.0,2.66,3902.49,1
2026-06-03,2026-06-03 13:07:00,1459.23,1459.27,1459.23,1459.27,0.0,2.66,3902.49,1
2026-06-03,2026-06-03 13:08:00,1459.27,1459.3,1459.27,1459.3,0.0,2.66,3902.49,1
2026-06-03,2026-06-03 13:09:00,1459.3,1459.33,1459.3,1459.33,0.0,2.66,3902.49,1
2026-06-03,2026-06-03 13:10:00,1459.33,1459.37,1459.33,1459.37,0.0,2.66,3902.49,1
2026-06-03,2026-06-03 13:11:00,1459.37,1459.4,1459.37,1459.4,0.0,2.66,3902.49,1
2026-06-03,2026-06-03 13:12:00,1459.4,1459.43,1459.4,1459.43,0.0,2.66,3902.49,1
2026-06-03,2026-06-03 13:13:00,1459.43,1459.47,1459.43,1459.47,0.0,2.66,3902.49,1
2026-06-03,2026-06-03 13:14:00,1459.47,1459.5,1459.47,1459.5,0.0,2.66,3902.49,1
2026-06-03,2026-06-03 13:15:00,1459.5,1459.53,1459.5,1459.53,0.0,2.66,3902.49,1
2026-06-03,2026-06-03 13:16:00,1459.53,1459.57,1459.53,1459.57,0.0,2.66,3902.49,1
2026-06-03,2026-06-03 13:17:00,1459.57,1459.6,1459.57,1459.6,0.0,2.66,3902.49,1
2026-06-03,2026-06-03 13:18:00,1459.6,1459.63,1459.6,1459.63,0.0,2.66,3902.49,1
2026-06-03,2026-06-03 13:19:00,1459.63,1459.67,1459.63,1459.67,0.0,2.66,3902.49,1
2026-06-03,2026-06-03 13:20:00,1459.67,1459.7,1459.67,1459.7,0.0,2.66,3902.49,1
2026-06-03,2026-06-03 13:21:00,1459.7,1459.73,1459.7,1459.73,0.0,2.66,3902.49,1
2026-06-03,2026-06-03 13:22:00,1459.73,1459.77,1459.73,1459.77,0.0,2.66,3902.49,1
2026-06-03,2026-06-03 13:23:00,1459.77,1459.8,1459.77,1459.8,0.0,2.66,3902.49,1
2026-06-03,2026-06-03 13:24:00,1459.8,1459.83,1459.8,1459.83,0.0,2.66,3902.49,1
2026-06-03,2026-06-03 13:25:00,1459.83,1459.87,1459.83,1459.87,0.0,2.66,3902.49,1
2026-06-03,2026-06-03 13:26:00,1459.87,1459.9,1459.87,1459.9,0.0,2.66,3902.49,1
2026-06-03,2026-06-03 13:27:00,1459.9,1459.93,1459.9,1459.93,0.0,2.66,3902.49,1
2026-06-03,2026-06-03 13:28:00,1459.93,1459.97,1459.93,1459.97,0.0,2.66,3902.49,1
2026-06-03,2026-06-03 13:29:00,1459.97,1460.0,1459.97,1460.0,0.0,2.66,3902.49,1
2026-06-03,2026-06-03 13:30:00,1460.0,1460.03,1460.0,1460.03,0.0,2.66,3902.49,1
2026-06-03,2026-06-03 13:31:00,1460.03,1460.07,1460.03,1460.07,0.0,2.66,3902.49,1
2026-06-03,2026-06-03 13:32:00,1460.07,1460.1,1460.07,1460.1,0.0,2.66,3902.49,1
2026-06-03,2026-06-03 13:33:00,1460.1,1460.13,1460.1,1460.13,0.0,2.66,3902.49,1
2026-06-03,2026-06-03 13:34:00,1460.13,1460.17,1460.13,1460.17,0.0,2.66,3902.49,1
2026-06-03,2026-06-03 13:35:00,1460.17,1460.2,1460.17,1460.2,0.0,2.66,3902.49,1
2026-06-03,2026-06-03 13:36:00,1460.2,1460.23,1460.2,1460.23,0.0,2.66,3902.49,1
2026-06-03,2026-06-03 13:37:00,1460.23,1460.27,1460.23,1460.27,0.0,2.66,3902.49,1
2026-06-03,2026-06-03 13:38:00,1460.27,1460.3,1460.27,1460.3,0.0,2.66,3902.49,1
2026-06-03,2026-06-03 13:39:00,1460.3,1460.33,1460.3,1460.33,0.0,2.66,3902.49,1
2026-06-03,2026-06-03 13:40:00,1460.33,1460.37,1460.33,1460.37,0.0,2.66,3902.49,1
2026-06-03,2026-06-03 13:41:00,1460.37,1460.4,1460.37,1460.4,0.0,2.66,3902.49,1
2026-06-03,2026-06-03 13:42:00,1460.4,1460.43,1460.4,1460.43,0.0,2.66,3902.49,1
2026-06-03,2026-06-03 13:43:00,1460.43,1460.47,1460.43,1460.47,0.0,2.66,3902.49,1
2026-06-03,2026-06-03 13:44:00,1460.47,1460.5,1460.47,1460.5,0.0,2.66,3902.49,1
2026-06-03,2026-06-03 13:45:00,1460.5,1460.53,1460.5,1460.53,0.0,2.66,3902.49,1
2026-06-03,2026-06-03 13:46:00,1460.53,1460.57,1460.53,1460.57,0.0,2.66,3902.49,1
2026-06-03,2026-06-03 13:47:00,1460.57,1460.6,1460.57,1460.6,0.0,2.66,3902.49,1
2026-06-03,2026-06-03 13:48:00,1460.6,1460.63,1460.6,1460.63,0.0,2.66,3902.49,1
2026-06-03,2026-06-03 13:49:00,1460.63,1460.67,1460.63,1460.67,0.0,2.66,3902.49,1
2026-06-03,2026-06-03 13:50:00,1460.67,1460.7,1460.67,1460.7,0.0,2.66,3902.49,1
2026-06-03,2026-06-03 13:51:00,1460.7,1460.73,1460.7,1460.73,0.0,2.66,3902.49,1
2026-06-03,2026-06-03 13:52:00,1460.73,1460.77,1460.73,1460.77,0.0,2.66,3902.49,1
2026-06-03,2026-06-03 13:53:00,1460.77,1460.8,1460.77,1460.8,0.0,2.66,3902.49,1
2026-06-03,2026-06-03 13:54:00,1460.8,1460.83,1460.8,1460.83,0.0,2.66,3902.49,1
2026-06-03,2026-06-03 13:55:00,1460.83,1460.87,1460.83,1460.87,0.0,2.66,3902.49,1
2026-06-03,2026-06-03 13:56:00,1460.87,1460.9,1460.87,1460.9,0.0,2.66,3902.49,1
2026-06-03,2026-06-03 13:57:00,1460.9,1460.93,1460.9,1460.93,0.0,2.66,3902.49,1
2026-06-03,2026-06-03 13:58:00,1460.93,1460.97,1460.93,1460.97,0.0,2.66,3902.49,1
2026-06-03,2026-06-03 13:59:00,1460.97,1461.0,1460.97,1461.0,0.0,2.66,3902.49,1
2026-06-03,2026-06-03 14:00:00,1461.0,1461.03,1461.0,1461.03,0.0,2.66,3902.49,1
2026-06-03,2026-06-03 14:01:00,1461.03,1461.07,1461.03,1461.07,0.0,2.66,3902.49,1
2026-06-03,2026-06-03 14:02:00,1461.07,1461.1,1461.07,1461.1,0.0,2.66,3902.49,1
2026-06-03,2026-06-03 14:03:00,1461.1,1461.13,1461.1,1461.13,0.0,2.66,3902.49,1
2026-06-03,2026-06-03 14:04:00,1461.13,1461.17,1461.13,1461.17,0.0,2.66,3902.49,1
2026-06-03,2026-06-03 14:05:00,1461.17,1461.2,1461.17,1461.2,0.0,2.66,3902.49,1
2026-06-03,2026-06-03 14:06:00,1461.2,1461.23,1461.2,1461.23,0.0,2.66,3902.49,1
2026-06-03,2026-06-03 14:07:00,1461.23,1461.27,1461.23,1461.27,0.0,2.66,3902.49,1
2026-06-03,2026-06-03 14:08:00,1461.27,1461.3,1461.27,1461.3,0.0,2.66,3902.49,1
2026-06-03,2026-06-03 14:09:00,1461.3,1461.33,1461.3,1461.33,0.0,2.66,3902.49,1
2026-06-03,2026-06-03 14:10:00,1461.33,1461.37,1461.33,1461.37,0.0,2.66,3902.49,1
2026-06-03,2026-06-03 14:11:00,1461.37,1461.4,1461.37,1461.4,0.0,2.66,3902.49,1
2026-06-03,2026-06-03 14:12:00,1461.4,1461.43,1461.4,1461.43,0.0,2.66,3902.49,1
2026-06-03,2026-06-03 14:13:00,1461.43,1461.47,1461.43,1461.47,0.0,2.66,3902.49,1
2026-06-03,2026-06-03 14:14:00,1461.47,1461.5,1461.47,1461.5,0.0,2.66,3902.49,1
2026-06-03,2026-06-03 14:15:00,1461.5,1461.53,1461.5,1461.53,0.0,2.66,3902.49,1
2026-06-03,2026-06-03 14:16:00,1461.53,1461.57,1461.53,1461.57,0.0,2.66,3902.49,1
2026-06-03,2026-06-03 14:17:00,1461.57,1461.6,1461.57,1461.6,0.0,2.66,3902.49,1
2026-06-03,2026-06-03 14:18:00,1461.6,1461.63,1461.6,1461.63,0.0,2.66,3902.49,1
2026-06-03,2026-06-03 14:19:00,1461.63,1461.67,1461.63,1461.67,0.0,2.66,3902.49,1
2026-06-03,2026-06-03 14:20:00,1461.67,1461.7,1461.67,1461.7,0.0,2.66,3902.49,1
2026-06-03,2026-06-03 14:21:00,1461.7,1461.73,1461.7,1461.73,0.0,2.66,3902.49,1
2026-06-03,2026-06-03 14:22:00,1461.73,1461.77,1461.73,1461.77,0.0,2.66,3902.49,1
2026-06-03,2026-06-03 14:23:00,1461.77,1461.8,1461.77,1461.8,0.0,2.66,3902.49,1
2026-06-03,2026-06-03 14:24:00,1461.8,1461.83,1461.8,1461.83,0.0,2.66,3902.49,1
2026-06-03,2026-06-03 14:25:00,1461.83,1461.87,1461.83,1461.87,0.0,2.66,3902.49,1
2026-06-03,2026-06-03 14:26:00,1461.87,1461.9,1461.87,1461.9,0.0,2.66,3902.49,1
2026-06-03,2026-06-03 14:27:00,1461.9,1461.93,1461.9,1461.93,0.0,2.66,3902.49,1
2026-06-03,2026-06-03 14:28:00,1461.93,1461.97,1461.93,1461.97,0.0,2.66,3902.49,1
2026-06-03,2026-06-03 14:29:00,1461.97,1462.0,1461.97,1462.0,0.0,2.66,3902.49,1
2026-06-03,2026-06-03 14:30:00,1462.0,1462.03,1462.0,1462.03,0.0,2.66,3902.49,1
2026-06-03,2026-06-03 14:31:00,1462.03,1462.07,1462.03,1462.07,0.0,2.66,3902.49,1
2026-06-03,2026-06-03 14:32:00,1462.07,1462.1,1462.07,1462.1,0.0,2.66,3902.49,1
2026-06-03,2026-06-03 14:33:00,1462.1,1462.13,1462.1,1462.13,0.0,2.66,3902.49,1
2026-06-03,2026-06-03 14:34:00,1462.13,1462.17,1462.13,1462.17,0.0,2.66,3902.49,1
2026-06-03,2026-06-03 14:35:00,1462.17,1462.2,1462.17,1462.2,0.0,2.66,3902.49,1
2026-06-03,2026-06-03 14:36:00,1462.2,1462.23,1462.2,1462.23,0.0,2.66,3902.49,1
2026-06-03,2026-06-03 14:37:00,1462.23,1462.27,1462.23,1462.27,0.0,2.66,3902.49,1
2026-06-03,2026-06-03 14:38:00,1462.27,1462.3,1462.27,1462.3,0.0,2.66,3902.49,1
2026-06-03,2026-06-03 14:39:00,1462.3,1462.33,1462.3,1462.33,0.0,2.66,3902.49,1
2026-06-03,2026-06-03 14:40:00,1462.33,1462.37,1462.33,1462.37,0.0,2.66,3902.49,1
2026-06-03,2026-06-03 14:41:00,1462.37,1462.4,1462.37,1462.4,0.0,2.66,3902.49,1
2026-06-03,2026-06-03 14:42:00,1462.4,1462.43,1462.4,1462.43,0.0,2.66,3902.49,1
2026-06-03,2026-06-03 14:43:00,1462.43,1462.47,1462.43,1462.47,0.0,2.66,3902.49,1
2026-06-03,2026-06-03 14:44:00,1462.47,1462.5,1462.47,1462.5,0.0,2.66,3902.49,1
2026-06-03,2026-06-03 14:45:00,1462.5,1462.53,1462.5,1462.53,0.0,2.66,3902.49,1
2026-06-03,2026-06-03 14:46:00,1462.53,1462.57,1462.53,1462.57,0.0,2.66,3902.49,1
2026-06-03,2026-06-03 14:47:00,1462.57,1462.6,1462.57,1462.6,0.0,2.66,3902.49,1
2026-06-03,2026-06-03 14:48:00,1462.6,1462.63,1462.6,1462.63,0.0,2.66,3902.49,1
2026-06-03,2026-06-03 14:49:00,1462.63,1462.67,1462.63,1462.67,0.0,2.66,3902.49,1
2026-06-03,2026-06-03 14:50:00,1462.67,1462.7,1462.67,1462.7,0.0,2.66,3902.49,1
2026-06-03,2026-06-03 14:51:00,1462.7,1462.73,1462.7,1462.73,0.0,2.66,3902.49,1
2026-06-03,2026-06-03 14:52:00,1462.73,1462.77,1462.73,1462.77,0.0,2.66,3902.49,1
2026-06-03,2026-06-03 14:53:00,1462.77,1462.8,1462.77,1462.8,0.0,2.66,3902.49,1
2026-06-03,2026-06-03 14:54:00,1462.8,1462.83,1462.8,1462.83,0.0,2.66,3902.49,1
2026-06-03,2026-06-03 14:55:00,1462.83,1462.87,1462.83,1462.87,0.0,2.66,3902.49,1
2026-06-03,2026-06-03 14:56:00,1462.87,1462.9,1462.87,1462.9,0.0,2.66,3902.49,1
2026-06-03,2026-06-03 14:57:00,1462.9,1462.93,1462.9,1462.93,0.0,2.66,3902.49,1
2026-06-03,2026-06-03 14:58:00,1462.93,1462.97,1462.93,1462.97,0.0,2.66,3902.49,1
2026-06-03,2026-06-03 14:59:00,1462.97,1463.0,1462.97,1463.0,0.0,2.66,3902.49,1
2026-06-03,2026-06-03 15:00:00,1463.0,1480.0,1455.0,1463.0,0.0,2.66,3902.49,0
2026-06-04,2026-06-04 11:00:00,1466.0,1470.2,1466.0,1466.02,0.0,1.06,1564.58,1
2026-06-04,2026-06-04 11:01:00,1466.02,1466.03,1466.02,1466.03,0.0,1.06,1564.58,1
2026-06-04,2026-06-04 11:02:00,1466.03,1466.05,1466.03,1466.05,0.0,1.06,1564.58,1
2026-06-04,2026-06-04 11:03:00,1466.05,1466.07,1466.05,1466.07,0.0,1.06,1564.58,1
2026-06-04,2026-06-04 11:04:00,1466.07,1466.08,1466.07,1466.08,0.0,1.06,1564.58,1
2026-06-04,2026-06-04 11:05:00,1466.08,1466.1,1466.08,1466.1,0.0,1.06,1564.58,1
2026-06-04,2026-06-04 11:06:00,1466.1,1466.11,1466.1,1466.11,0.0,1.06,1564.58,1
2026-06-04,2026-06-04 11:07:00,1466.11,1466.13,1466.11,1466.13,0.0,1.06,1564.58,1
2026-06-04,2026-06-04 11:08:00,1466.13,1466.15,1466.13,1466.15,0.0,1.06,1564.58,1
2026-06-04,2026-06-04 11:09:00,1466.15,1466.16,1466.15,1466.16,0.0,1.06,1564.58,1
2026-06-04,2026-06-04 11:10:00,1466.16,1466.18,1466.16,1466.18,0.0,1.06,1564.58,1
2026-06-04,2026-06-04 11:11:00,1466.18,1466.19,1466.18,1466.19,0.0,1.06,1564.58,1
2026-06-04,2026-06-04 11:12:00,1466.19,1466.21,1466.19,1466.21,0.0,1.06,1564.58,1
2026-06-04,2026-06-04 11:13:00,1466.21,1466.23,1466.21,1466.23,0.0,1.06,1564.58,1
2026-06-04,2026-06-04 11:14:00,1466.23,1466.24,1466.23,1466.24,0.0,1.06,1564.58,1
2026-06-04,2026-06-04 11:15:00,1466.24,1466.26,1466.24,1466.26,0.0,1.06,1564.58,1
2026-06-04,2026-06-04 11:16:00,1466.26,1466.28,1466.26,1466.28,0.0,1.06,1564.58,1
2026-06-04,2026-06-04 11:17:00,1466.28,1466.29,1466.28,1466.29,0.0,1.06,1564.58,1
2026-06-04,2026-06-04 11:18:00,1466.29,1466.31,1466.29,1466.31,0.0,1.06,1564.58,1
2026-06-04,2026-06-04 11:19:00,1466.31,1466.33,1466.31,1466.33,0.0,1.06,1564.58,1
2026-06-04,2026-06-04 11:20:00,1466.33,1466.34,1466.33,1466.34,0.0,1.06,1564.58,1
2026-06-04,2026-06-04 11:21:00,1466.34,1466.36,1466.34,1466.36,0.0,1.06,1564.58,1
2026-06-04,2026-06-04 11:22:00,1466.36,1466.37,1466.36,1466.37,0.0,1.06,1564.58,1
2026-06-04,2026-06-04 11:23:00,1466.37,1466.39,1466.37,1466.39,0.0,1.06,1564.58,1
2026-06-04,2026-06-04 11:24:00,1466.39,1466.41,1466.39,1466.41,0.0,1.06,1564.58,1
2026-06-04,2026-06-04 11:25:00,1466.41,1466.42,1466.41,1466.42,0.0,1.06,1564.58,1
2026-06-04,2026-06-04 11:26:00,1466.42,1466.44,1466.42,1466.44,0.0,1.06,1564.58,1
2026-06-04,2026-06-04 11:27:00,1466.44,1466.45,1466.44,1466.45,0.0,1.06,1564.58,1
2026-06-04,2026-06-04 11:28:00,1466.45,1466.47,1466.45,1466.47,0.0,1.06,1564.58,1
2026-06-04,2026-06-04 11:29:00,1466.47,1466.49,1466.47,1466.49,0.0,1.06,1564.58,1
2026-06-04,2026-06-04 11:30:00,1466.49,1466.5,1466.49,1466.5,0.0,1.06,1564.58,1
2026-06-04,2026-06-04 11:31:00,1466.5,1466.52,1466.5,1466.52,0.0,1.06,1564.58,1
2026-06-04,2026-06-04 11:32:00,1466.52,1466.54,1466.52,1466.54,0.0,1.06,1564.58,1
2026-06-04,2026-06-04 11:33:00,1466.54,1466.55,1466.54,1466.55,0.0,1.06,1564.58,1
2026-06-04,2026-06-04 11:34:00,1466.55,1466.57,1466.55,1466.57,0.0,1.06,1564.58,1
2026-06-04,2026-06-04 11:35:00,1466.57,1466.59,1466.57,1466.59,0.0,1.06,1564.58,1
2026-06-04,2026-06-04 11:36:00,1466.59,1466.6,1466.59,1466.6,0.0,1.06,1564.58,1
2026-06-04,2026-06-04 11:37:00,1466.6,1466.62,1466.6,1466.62,0.0,1.06,1564.58,1
2026-06-04,2026-06-04 11:38:00,1466.62,1466.63,1466.62,1466.63,0.0,1.06,1564.58,1
2026-06-04,2026-06-04 11:39:00,1466.63,1466.65,1466.63,1466.65,0.0,1.06,1564.58,1
2026-06-04,2026-06-04 11:40:00,1466.65,1466.67,1466.65,1466.67,0.0,1.06,1564.58,1
2026-06-04,2026-06-04 11:41:00,1466.67,1466.68,1466.67,1466.68,0.0,1.06,1564.58,1
2026-06-04,2026-06-04 11:42:00,1466.68,1466.7,1466.68,1466.7,0.0,1.06,1564.58,1
2026-06-04,2026-06-04 11:43:00,1466.7,1466.71,1466.7,1466.71,0.0,1.06,1564.58,1
2026-06-04,2026-06-04 11:44:00,1466.71,1466.73,1466.71,1466.73,0.0,1.06,1564.58,1
2026-06-04,2026-06-04 11:45:00,1466.73,1466.75,1466.73,1466.75,0.0,1.06,1564.58,1
2026-06-04,2026-06-04 11:46:00,1466.75,1466.76,1466.75,1466.76,0.0,1.06,1564.58,1
2026-06-04,2026-06-04 11:47:00,1466.76,1466.78,1466.76,1466.78,0.0,1.06,1564.58,1
2026-06-04,2026-06-04 11:48:00,1466.78,1466.8,1466.78,1466.8,0.0,1.06,1564.58,1
2026-06-04,2026-06-04 11:49:00,1466.8,1466.81,1466.8,1466.81,0.0,1.06,1564.58,1
2026-06-04,2026-06-04 11:50:00,1466.81,1466.83,1466.81,1466.83,0.0,1.06,1564.58,1
2026-06-04,2026-06-04 11:51:00,1466.83,1466.85,1466.83,1466.85,0.0,1.06,1564.58,1
2026-06-04,2026-06-04 11:52:00,1466.85,1466.86,1466.85,1466.86,0.0,1.06,1564.58,1
2026-06-04,2026-06-04 11:53:00,1466.86,1466.88,1466.86,1466.88,0.0,1.06,1564.58,1
2026-06-04,2026-06-04 11:54:00,1466.88,1466.89,1466.88,1466.89,0.0,1.06,1564.58,1
2026-06-04,2026-06-04 11:55:00,1466.89,1466.91,1466.89,1466.91,0.0,1.06,1564.58,1
2026-06-04,2026-06-04 11:56:00,1466.91,1466.93,1466.91,1466.93,0.0,1.06,1564.58,1
2026-06-04,2026-06-04 11:57:00,1466.93,1466.94,1466.93,1466.94,0.0,1.06,1564.58,1
2026-06-04,2026-06-04 11:58:00,1466.94,1466.96,1466.94,1466.96,0.0,1.06,1564.58,1
2026-06-04,2026-06-04 11:59:00,1466.96,1466.97,1466.96,1466.97,0.0,1.06,1564.58,1
2026-06-04,2026-06-04 12:00:00,1466.97,1466.99,1466.97,1466.99,0.0,1.06,1564.58,1
2026-06-04,2026-06-04 12:01:00,1466.99,1467.01,1466.99,1467.01,0.0,1.06,1564.58,1
2026-06-04,2026-06-04 12:02:00,1467.01,1467.02,1467.01,1467.02,0.0,1.06,1564.58,1
2026-06-04,2026-06-04 12:03:00,1467.02,1467.04,1467.02,1467.04,0.0,1.06,1564.58,1
2026-06-04,2026-06-04 12:04:00,1467.04,1467.06,1467.04,1467.06,0.0,1.06,1564.58,1
2026-06-04,2026-06-04 12:05:00,1467.06,1467.07,1467.06,1467.07,0.0,1.06,1564.58,1
2026-06-04,2026-06-04 12:06:00,1467.07,1467.09,1467.07,1467.09,0.0,1.06,1564.58,1
2026-06-04,2026-06-04 12:07:00,1467.09,1467.11,1467.09,1467.11,0.0,1.06,1564.58,1
2026-06-04,2026-06-04 12:08:00,1467.11,1467.12,1467.11,1467.12,0.0,1.06,1564.58,1
2026-06-04,2026-06-04 12:09:00,1467.12,1467.14,1467.12,1467.14,0.0,1.06,1564.58,1
2026-06-04,2026-06-04 12:10:00,1467.14,1467.15,1467.14,1467.15,0.0,1.06,1564.58,1
2026-06-04,2026-06-04 12:11:00,1467.15,1467.17,1467.15,1467.17,0.0,1.06,1564.58,1
2026-06-04,2026-06-04 12:12:00,1467.17,1467.19,1467.17,1467.19,0.0,1.06,1564.58,1
2026-06-04,2026-06-04 12:13:00,1467.19,1467.2,1467.19,1467.2,0.0,1.06,1564.58,1
2026-06-04,2026-06-04 12:14:00,1467.2,1467.22,1467.2,1467.22,0.0,1.06,1564.58,1
2026-06-04,2026-06-04 12:15:00,1467.22,1467.24,1467.22,1467.24,0.0,1.06,1564.58,1
2026-06-04,2026-06-04 12:16:00,1467.24,1467.25,1467.24,1467.25,0.0,1.06,1564.58,1
2026-06-04,2026-06-04 12:17:00,1467.25,1467.27,1467.25,1467.27,0.0,1.06,1564.58,1
2026-06-04,2026-06-04 12:18:00,1467.27,1467.28,1467.27,1467.28,0.0,1.06,1564.58,1
2026-06-04,2026-06-04 12:19:00,1467.28,1467.3,1467.28,1467.3,0.0,1.06,1564.58,1
2026-06-04,2026-06-04 12:20:00,1467.3,1467.32,1467.3,1467.32,0.0,1.06,1564.58,1
2026-06-04,2026-06-04 12:21:00,1467.32,1467.33,1467.32,1467.33,0.0,1.06,1564.58,1
2026-06-04,2026-06-04 12:22:00,1467.33,1467.35,1467.33,1467.35,0.0,1.06,1564.58,1
2026-06-04,2026-06-04 12:23:00,1467.35,1467.37,1467.35,1467.37,0.0,1.06,1564.58,1
2026-06-04,2026-06-04 12:24:00,1467.37,1467.38,1467.37,1467.38,0.0,1.06,1564.58,1
2026-06-04,2026-06-04 12:25:00,1467.38,1467.4,1467.38,1467.4,0.0,1.06,1564.58,1
2026-06-04,2026-06-04 12:26:00,1467.4,1467.41,1467.4,1467.41,0.0,1.06,1564.58,1
2026-06-04,2026-06-04 12:27:00,1467.41,1467.43,1467.41,1467.43,0.0,1.06,1564.58,1
2026-06-04,2026-06-04 12:28:00,1467.43,1467.45,1467.43,1467.45,0.0,1.06,1564.58,1
2026-06-04,2026-06-04 12:29:00,1467.45,1467.46,1467.45,1467.46,0.0,1.06,1564.58,1
2026-06-04,2026-06-04 12:30:00,1467.46,1467.48,1467.46,1467.48,0.0,1.06,1564.58,1
2026-06-04,2026-06-04 12:31:00,1467.48,1467.5,1467.48,1467.5,0.0,1.06,1564.58,1
2026-06-04,2026-06-04 12:32:00,1467.5,1467.51,1467.5,1467.51,0.0,1.06,1564.58,1
2026-06-04,2026-06-04 12:33:00,1467.51,1467.53,1467.51,1467.53,0.0,1.06,1564.58,1
2026-06-04,2026-06-04 12:34:00,1467.53,1467.54,1467.53,1467.54,0.0,1.06,1564.58,1
2026-06-04,2026-06-04 12:35:00,1467.54,1467.56,1467.54,1467.56,0.0,1.06,1564.58,1
2026-06-04,2026-06-04 12:36:00,1467.56,1467.58,1467.56,1467.58,0.0,1.06,1564.58,1
2026-06-04,2026-06-04 12:37:00,1467.58,1467.59,1467.58,1467.59,0.0,1.06,1564.58,1
2026-06-04,2026-06-04 12:38:00,1467.59,1467.61,1467.59,1467.61,0.0,1.06,1564.58,1
2026-06-04,2026-06-04 12:39:00,1467.61,1467.62,1467.61,1467.62,0.0,1.06,1564.58,1
2026-06-04,2026-06-04 12:40:00,1467.62,1467.64,1467.62,1467.64,0.0,1.06,1564.58,1
2026-06-04,2026-06-04 12:41:00,1467.64,1467.66,1467.64,1467.66,0.0,1.06,1564.58,1
2026-06-04,2026-06-04 12:42:00,1467.66,1467.67,1467.66,1467.67,0.0,1.06,1564.58,1
2026-06-04,2026-06-04 12:43:00,1467.67,1467.69,1467.67,1467.69,0.0,1.06,1564.58,1
2026-06-04,2026-06-04 12:44:00,1467.69,1467.71,1467.69,1467.71,0.0,1.06,1564.58,1
2026-06-04,2026-06-04 12:45:00,1467.71,1467.72,1467.71,1467.72,0.0,1.06,1564.58,1
2026-06-04,2026-06-04 12:46:00,1467.72,1467.74,1467.72,1467.74,0.0,1.06,1564.58,1
2026-06-04,2026-06-04 12:47:00,1467.74,1467.76,1467.74,1467.76,0.0,1.06,1564.58,1
2026-06-04,2026-06-04 12:48:00,1467.76,1467.77,1467.76,1467.77,0.0,1.06,1564.58,1
2026-06-04,2026-06-04 12:49:00,1467.77,1467.79,1467.77,1467.79,0.0,1.06,1564.58,1
2026-06-04,2026-06-04 12:50:00,1467.79,1467.8,1467.79,1467.8,0.0,1.06,1564.58,1
2026-06-04,2026-06-04 12:51:00,1467.8,1467.82,1467.8,1467.82,0.0,1.06,1564.58,1
2026-06-04,2026-06-04 12:52:00,1467.82,1467.84,1467.82,1467.84,0.0,1.06,1564.58,1
2026-06-04,2026-06-04 12:53:00,1467.84,1467.85,1467.84,1467.85,0.0,1.06,1564.58,1
2026-06-04,2026-06-04 12:54:00,1467.85,1467.87,1467.85,1467.87,0.0,1.06,1564.58,1
2026-06-04,2026-06-04 12:55:00,1467.87,1467.88,1467.87,1467.88,0.0,1.06,1564.58,1
2026-06-04,2026-06-04 12:56:00,1467.88,1467.9,1467.88,1467.9,0.0,1.06,1564.58,1
2026-06-04,2026-06-04 12:57:00,1467.9,1467.92,1467.9,1467.92,0.0,1.06,1564.58,1
2026-06-04,2026-06-04 12:58:00,1467.92,1467.93,1467.92,1467.93,0.0,1.06,1564.58,1
2026-06-04,2026-06-04 12:59:00,1467.93,1467.95,1467.93,1467.95,0.0,1.06,1564.58,1
2026-06-04,2026-06-04 13:00:00,1467.95,1480.0,1466.0,1467.97,0.0,1.06,1564.58,1
2026-06-04,2026-06-04 13:01:00,1467.97,1467.98,1467.97,1467.98,0.0,1.06,1564.58,1
2026-06-04,2026-06-04 13:02:00,1467.98,1468.0,1467.98,1468.0,0.0,1.06,1564.58,1
2026-06-04,2026-06-04 13:03:00,1468.0,1468.02,1468.0,1468.02,0.0,1.06,1564.58,1
2026-06-04,2026-06-04 13:04:00,1468.02,1468.03,1468.02,1468.03,0.0,1.06,1564.58,1
2026-06-04,2026-06-04 13:05:00,1468.03,1468.05,1468.03,1468.05,0.0,1.06,1564.58,1
2026-06-04,2026-06-04 13:06:00,1468.05,1468.06,1468.05,1468.06,0.0,1.06,1564.58,1
2026-06-04,2026-06-04 13:07:00,1468.06,1468.08,1468.06,1468.08,0.0,1.06,1564.58,1
2026-06-04,2026-06-04 13:08:00,1468.08,1468.1,1468.08,1468.1,0.0,1.06,1564.58,1
2026-06-04,2026-06-04 13:09:00,1468.1,1468.11,1468.1,1468.11,0.0,1.06,1564.58,1
2026-06-04,2026-06-04 13:10:00,1468.11,1468.13,1468.11,1468.13,0.0,1.06,1564.58,1
2026-06-04,2026-06-04 13:11:00,1468.13,1468.14,1468.13,1468.14,0.0,1.06,1564.58,1
2026-06-04,2026-06-04 13:12:00,1468.14,1468.16,1468.14,1468.16,0.0,1.06,1564.58,1
2026-06-04,2026-06-04 13:13:00,1468.16,1468.18,1468.16,1468.18,0.0,1.06,1564.58,1
2026-06-04,2026-06-04 13:14:00,1468.18,1468.19,1468.18,1468.19,0.0,1.06,1564.58,1
2026-06-04,2026-06-04 13:15:00,1468.19,1468.21,1468.19,1468.21,0.0,1.06,1564.58,1
2026-06-04,2026-06-04 13:16:00,1468.21,1468.23,1468.21,1468.23,0.0,1.06,1564.58,1
2026-06-04,2026-06-04 13:17:00,1468.23,1468.24,1468.23,1468.24,0.0,1.06,1564.58,1
2026-06-04,2026-06-04 13:18:00,1468.24,1468.26,1468.24,1468.26,0.0,1.06,1564.58,1
2026-06-04,2026-06-04 13:19:00,1468.26,1468.28,1468.26,1468.28,0.0,1.06,1564.58,1
2026-06-04,2026-06-04 13:20:00,1468.28,1468.29,1468.28,1468.29,0.0,1.06,1564.58,1
2026-06-04,2026-06-04 13:21:00,1468.29,1468.31,1468.29,1468.31,0.0,1.06,1564.58,1
2026-06-04,2026-06-04 13:22:00,1468.31,1468.32,1468.31,1468.32,0.0,1.06,1564.58,1
2026-06-04,2026-06-04 13:23:00,1468.32,1468.34,1468.32,1468.34,0.0,1.06,1564.58,1
2026-06-04,2026-06-04 13:24:00,1468.34,1468.36,1468.34,1468.36,0.0,1.06,1564.58,1
2026-06-04,2026-06-04 13:25:00,1468.36,1468.37,1468.36,1468.37,0.0,1.06,1564.58,1
2026-06-04,2026-06-04 13:26:00,1468.37,1468.39,1468.37,1468.39,0.0,1.06,1564.58,1
2026-06-04,2026-06-04 13:27:00,1468.39,1468.4,1468.39,1468.4,0.0,1.06,1564.58,1
2026-06-04,2026-06-04 13:28:00,1468.4,1468.42,1468.4,1468.42,0.0,1.06,1564.58,1
2026-06-04,2026-06-04 13:29:00,1468.42,1468.44,1468.42,1468.44,0.0,1.06,1564.58,1
2026-06-04,2026-06-04 13:30:00,1468.44,1468.45,1468.44,1468.45,0.0,1.06,1564.58,1
2026-06-04,2026-06-04 13:31:00,1468.45,1468.47,1468.45,1468.47,0.0,1.06,1564.58,1
2026-06-04,2026-06-04 13:32:00,1468.47,1468.49,1468.47,1468.49,0.0,1.06,1564.58,1
2026-06-04,2026-06-04 13:33:00,1468.49,1468.5,1468.49,1468.5,0.0,1.06,1564.58,1
2026-06-04,2026-06-04 13:34:00,1468.5,1468.52,1468.5,1468.52,0.0,1.06,1564.58,1
2026-06-04,2026-06-04 13:35:00,1468.52,1468.54,1468.52,1468.54,0.0,1.06,1564.58,1
2026-06-04,2026-06-04 13:36:00,1468.54,1468.55,1468.54,1468.55,0.0,1.06,1564.58,1
2026-06-04,2026-06-04 13:37:00,1468.55,1468.57,1468.55,1468.57,0.0,1.06,1564.58,1
2026-06-04,2026-06-04 13:38:00,1468.57,1468.58,1468.57,1468.58,0.0,1.06,1564.58,1
2026-06-04,2026-06-04 13:39:00,1468.58,1468.6,1468.58,1468.6,0.0,1.06,1564.58,1
2026-06-04,2026-06-04 13:40:00,1468.6,1468.62,1468.6,1468.62,0.0,1.06,1564.58,1
2026-06-04,2026-06-04 13:41:00,1468.62,1468.63,1468.62,1468.63,0.0,1.06,1564.58,1
2026-06-04,2026-06-04 13:42:00,1468.63,1468.65,1468.63,1468.65,0.0,1.06,1564.58,1
2026-06-04,2026-06-04 13:43:00,1468.65,1468.66,1468.65,1468.66,0.0,1.06,1564.58,1
2026-06-04,2026-06-04 13:44:00,1468.66,1468.68,1468.66,1468.68,0.0,1.06,1564.58,1
2026-06-04,2026-06-04 13:45:00,1468.68,1468.7,1468.68,1468.7,0.0,1.06,1564.58,1
2026-06-04,2026-06-04 13:46:00,1468.7,1468.71,1468.7,1468.71,0.0,1.06,1564.58,1
2026-06-04,2026-06-04 13:47:00,1468.71,1468.73,1468.71,1468.73,0.0,1.06,1564.58,1
2026-06-04,2026-06-04 13:48:00,1468.73,1468.75,1468.73,1468.75,0.0,1.06,1564.58,1
2026-06-04,2026-06-04 13:49:00,1468.75,1468.76,1468.75,1468.76,0.0,1.06,1564.58,1
2026-06-04,2026-06-04 13:50:00,1468.76,1468.78,1468.76,1468.78,0.0,1.06,1564.58,1
2026-06-04,2026-06-04 13:51:00,1468.78,1468.8,1468.78,1468.8,0.0,1.06,1564.58,1
2026-06-04,2026-06-04 13:52:00,1468.8,1468.81,1468.8,1468.81,0.0,1.06,1564.58,1
2026-06-04,2026-06-04 13:53:00,1468.81,1468.83,1468.81,1468.83,0.0,1.06,1564.58,1
2026-06-04,2026-06-04 13:54:00,1468.83,1468.84,1468.83,1468.84,0.0,1.06,1564.58,1
2026-06-04,2026-06-04 13:55:00,1468.84,1468.86,1468.84,1468.86,0.0,1.06,1564.58,1
2026-06-04,2026-06-04 13:56:00,1468.86,1468.88,1468.86,1468.88,0.0,1.06,1564.58,1
2026-06-04,2026-06-04 13:57:00,1468.88,1468.89,1468.88,1468.89,0.0,1.06,1564.58,1
2026-06-04,2026-06-04 13:58:00,1468.89,1468.91,1468.89,1468.91,0.0,1.06,1564.58,1
2026-06-04,2026-06-04 13:59:00,1468.91,1468.93,1468.91,1468.93,0.0,1.06,1564.58,1
2026-06-04,2026-06-04 14:00:00,1468.93,1468.94,1468.93,1468.94,0.0,1.06,1564.58,1
2026-06-04,2026-06-04 14:01:00,1468.94,1468.96,1468.94,1468.96,0.0,1.06,1564.58,1
2026-06-04,2026-06-04 14:02:00,1468.96,1468.97,1468.96,1468.97,0.0,1.06,1564.58,1
2026-06-04,2026-06-04 14:03:00,1468.97,1468.99,1468.97,1468.99,0.0,1.06,1564.58,1
2026-06-04,2026-06-04 14:04:00,1468.99,1469.01,1468.99,1469.01,0.0,1.06,1564.58,1
2026-06-04,2026-06-04 14:05:00,1469.01,1469.02,1469.01,1469.02,0.0,1.06,1564.58,1
2026-06-04,2026-06-04 14:06:00,1469.02,1469.04,1469.02,1469.04,0.0,1.06,1564.58,1
2026-06-04,2026-06-04 14:07:00,1469.04,1469.06,1469.04,1469.06,0.0,1.06,1564.58,1
2026-06-04,2026-06-04 14:08:00,1469.06,1469.07,1469.06,1469.07,0.0,1.06,1564.58,1
2026-06-04,2026-06-04 14:09:00,1469.07,1469.09,1469.07,1469.09,0.0,1.06,1564.58,1
2026-06-04,2026-06-04 14:10:00,1469.09,1469.1,1469.09,1469.1,0.0,1.06,1564.58,1
2026-06-04,2026-06-04 14:11:00,1469.1,1469.12,1469.1,1469.12,0.0,1.06,1564.58,1
2026-06-04,2026-06-04 14:12:00,1469.12,1469.14,1469.12,1469.14,0.0,1.06,1564.58,1
2026-06-04,2026-06-04 14:13:00,1469.14,1469.15,1469.14,1469.15,0.0,1.06,1564.58,1
2026-06-04,2026-06-04 14:14:00,1469.15,1469.17,1469.15,1469.17,0.0,1.06,1564.58,1
2026-06-04,2026-06-04 14:15:00,1469.17,1469.19,1469.17,1469.19,0.0,1.06,1564.58,1
2026-06-04,2026-06-04 14:16:00,1469.19,1469.2,1469.19,1469.2,0.0,1.06,1564.58,1
2026-06-04,2026-06-04 14:17:00,1469.2,1469.22,1469.2,1469.22,0.0,1.06,1564.58,1
2026-06-04,2026-06-04 14:18:00,1469.22,1469.23,1469.22,1469.23,0.0,1.06,1564.58,1
2026-06-04,2026-06-04 14:19:00,1469.23,1469.25,1469.23,1469.25,0.0,1.06,1564.58,1
2026-06-04,2026-06-04 14:20:00,1469.25,1469.27,1469.25,1469.27,0.0,1.06,1564.58,1
2026-06-04,2026-06-04 14:21:00,1469.27,1469.28,1469.27,1469.28,0.0,1.06,1564.58,1
2026-06-04,2026-06-04 14:22:00,1469.28,1469.3,1469.28,1469.3,0.0,1.06,1564.58,1
2026-06-04,2026-06-04 14:23:00,1469.3,1469.32,1469.3,1469.32,0.0,1.06,1564.58,1
2026-06-04,2026-06-04 14:24:00,1469.32,1469.33,1469.32,1469.33,0.0,1.06,1564.58,1
2026-06-04,2026-06-04 14:25:00,1469.33,1469.35,1469.33,1469.35,0.0,1.06,1564.58,1
2026-06-04,2026-06-04 14:26:00,1469.35,1469.36,1469.35,1469.36,0.0,1.06,1564.58,1
2026-06-04,2026-06-04 14:27:00,1469.36,1469.38,1469.36,1469.38,0.0,1.06,1564.58,1
2026-06-04,2026-06-04 14:28:00,1469.38,1469.4,1469.38,1469.4,0.0,1.06,1564.58,1
2026-06-04,2026-06-04 14:29:00,1469.4,1469.41,1469.4,1469.41,0.0,1.06,1564.58,1
2026-06-04,2026-06-04 14:30:00,1469.41,1469.43,1469.41,1469.43,0.0,1.06,1564.58,1
2026-06-04,2026-06-04 14:31:00,1469.43,1469.45,1469.43,1469.45,0.0,1.06,1564.58,1
2026-06-04,2026-06-04 14:32:00,1469.45,1469.46,1469.45,1469.46,0.0,1.06,1564.58,1
2026-06-04,2026-06-04 14:33:00,1469.46,1469.48,1469.46,1469.48,0.0,1.06,1564.58,1
2026-06-04,2026-06-04 14:34:00,1469.48,1469.49,1469.48,1469.49,0.0,1.06,1564.58,1
2026-06-04,2026-06-04 14:35:00,1469.49,1469.51,1469.49,1469.51,0.0,1.06,1564.58,1
2026-06-04,2026-06-04 14:36:00,1469.51,1469.53,1469.51,1469.53,0.0,1.06,1564.58,1
2026-06-04,2026-06-04 14:37:00,1469.53,1469.54,1469.53,1469.54,0.0,1.06,1564.58,1
2026-06-04,2026-06-04 14:38:00,1469.54,1469.56,1469.54,1469.56,0.0,1.06,1564.58,1
2026-06-04,2026-06-04 14:39:00,1469.56,1469.58,1469.56,1469.58,0.0,1.06,1564.58,1
2026-06-04,2026-06-04 14:40:00,1469.58,1469.59,1469.58,1469.59,0.0,1.06,1564.58,1
2026-06-04,2026-06-04 14:41:00,1469.59,1469.61,1469.59,1469.61,0.0,1.06,1564.58,1
2026-06-04,2026-06-04 14:42:00,1469.61,1469.62,1469.61,1469.62,0.0,1.06,1564.58,1
2026-06-04,2026-06-04 14:43:00,1469.62,1469.64,1469.62,1469.64,0.0,1.06,1564.58,1
2026-06-04,2026-06-04 14:44:00,1469.64,1469.66,1469.64,1469.66,0.0,1.06,1564.58,1
2026-06-04,2026-06-04 14:45:00,1469.66,1469.67,1469.66,1469.67,0.0,1.06,1564.58,1
2026-06-04,2026-06-04 14:46:00,1469.67,1469.69,1469.67,1469.69,0.0,1.06,1564.58,1
2026-06-04,2026-06-04 14:47:00,1469.69,1469.71,1469.69,1469.71,0.0,1.06,1564.58,1
2026-06-04,2026-06-04 14:48:00,1469.71,1469.72,1469.71,1469.72,0.0,1.06,1564.58,1
2026-06-04,2026-06-04 14:49:00,1469.72,1469.74,1469.72,1469.74,0.0,1.06,1564.58,1
2026-06-04,2026-06-04 14:50:00,1469.74,1469.75,1469.74,1469.75,0.0,1.06,1564.58,1
2026-06-04,2026-06-04 14:51:00,1469.75,1469.77,1469.75,1469.77,0.0,1.06,1564.58,1
2026-06-04,2026-06-04 14:52:00,1469.77,1469.79,1469.77,1469.79,0.0,1.06,1564.58,1
2026-06-04,2026-06-04 14:53:00,1469.79,1469.8,1469.79,1469.8,0.0,1.06,1564.58,1
2026-06-04,2026-06-04 14:54:00,1469.8,1469.82,1469.8,1469.82,0.0,1.06,1564.58,1
2026-06-04,2026-06-04 14:55:00,1469.82,1469.84,1469.82,1469.84,0.0,1.06,1564.58,1
2026-06-04,2026-06-04 14:56:00,1469.84,1469.85,1469.84,1469.85,0.0,1.06,1564.58,1
2026-06-04,2026-06-04 14:57:00,1469.85,1469.87,1469.85,1469.87,0.0,1.06,1564.58,1
2026-06-04,2026-06-04 14:58:00,1469.87,1469.88,1469.87,1469.88,0.0,1.06,1564.58,1
2026-06-04,2026-06-04 14:59:00,1469.88,1469.9,1469.88,1469.9,0.0,1.06,1564.58,1
2026-06-04,2026-06-04 15:00:00,1469.9,1480.0,1466.0,1469.9,0.0,1.06,1564.58,0
2026-06-05,2026-06-05 11:00:00,1455.0,1458.3,1455.0,1455.0,0.0,3.87,5639.2,0
2026-06-05,2026-06-05 11:01:00,1455.0,1455.0,1455.0,1455.0,0.0,3.87,5639.2,0
2026-06-05,2026-06-05 11:02:00,1455.0,1455.0,1455.0,1455.0,0.0,3.87,5639.2,0
2026-06-05,2026-06-05 11:03:00,1455.0,1455.0,1455.0,1455.0,0.0,3.87,5639.2,0
2026-06-05,2026-06-05 11:04:00,1455.0,1455.0,1455.0,1455.0,0.0,3.87,5639.2,0
2026-06-05,2026-06-05 11:05:00,1455.0,1455.0,1455.0,1455.0,0.0,3.87,5639.2,0
2026-06-05,2026-06-05 11:06:00,1455.0,1455.0,1455.0,1455.0,0.0,3.87,5639.2,0
2026-06-05,2026-06-05 11:07:00,1455.0,1455.0,1455.0,1455.0,0.0,3.87,5639.2,0
2026-06-05,2026-06-05 11:08:00,1455.0,1455.0,1455.0,1455.0,0.0,3.87,5639.2,0
2026-06-05,2026-06-05 11:09:00,1455.0,1455.0,1455.0,1455.0,0.0,3.87,5639.2,0
2026-06-05,2026-06-05 11:10:00,1455.0,1455.0,1455.0,1455.0,0.0,3.87,5639.2,0
2026-06-05,2026-06-05 11:11:00,1455.0,1455.0,1455.0,1455.0,0.0,3.87,5639.2,0
2026-06-05,2026-06-05 11:12:00,1455.0,1455.0,1455.0,1455.0,0.0,3.87,5639.2,0
2026-06-05,2026-06-05 11:13:00,1455.0,1455.0,1455.0,1455.0,0.0,3.87,5639.2,0
2026-06-05,2026-06-05 11:14:00,1455.0,1455.0,1455.0,1455.0,0.0,3.87,5639.2,0
2026-06-05,2026-06-05 11:15:00,1455.0,1455.0,1455.0,1455.0,0.0,3.87,5639.2,0
2026-06-05,2026-06-05 11:16:00,1455.0,1455.0,1455.0,1455.0,0.0,3.87,5639.2,0
2026-06-05,2026-06-05 11:17:00,1455.0,1455.0,1455.0,1455.0,0.0,3.87,5639.2,0
2026-06-05,2026-06-05 11:18:00,1455.0,1455.0,1455.0,1455.0,0.0,3.87,5639.2,0
2026-06-05,2026-06-05 11:19:00,1455.0,1455.0,1455.0,1455.0,0.0,3.87,5639.2,0
2026-06-05,2026-06-05 11:20:00,1455.0,1455.0,1455.0,1455.0,0.0,3.87,5639.2,0
2026-06-05,2026-06-05 11:21:00,1455.0,1455.0,1455.0,1455.0,0.0,3.87,5639.2,0
2026-06-05,2026-06-05 11:22:00,1455.0,1455.0,1455.0,1455.0,0.0,3.87,5639.2,0
2026-06-05,2026-06-05 11:23:00,1455.0,1455.0,1455.0,1455.0,0.0,3.87,5639.2,0
2026-06-05,2026-06-05 11:24:00,1455.0,1455.0,1455.0,1455.0,0.0,3.87,5639.2,0
2026-06-05,2026-06-05 11:25:00,1455.0,1455.0,1455.0,1455.0,0.0,3.87,5639.2,0
2026-06-05,2026-06-05 11:26:00,1455.0,1455.0,1455.0,1455.0,0.0,3.87,5639.2,0
2026-06-05,2026-06-05 11:27:00,1455.0,1455.0,1455.0,1455.0,0.0,3.87,5639.2,0
2026-06-05,2026-06-05 11:28:00,1455.0,1455.0,1455.0,1455.0,0.0,3.87,5639.2,0
2026-06-05,2026-06-05 11:29:00,1455.0,1455.0,1455.0,1455.0,0.0,3.87,5639.2,0
2026-06-05,2026-06-05 11:30:00,1455.0,1455.0,1455.0,1455.0,0.0,3.87,5639.2,0
2026-06-05,2026-06-05 11:31:00,1455.0,1455.0,1455.0,1455.0,0.0,3.87,5639.2,0
2026-06-05,2026-06-05 11:32:00,1455.0,1455.0,1455.0,1455.0,0.0,3.87,5639.2,0
2026-06-05,2026-06-05 11:33:00,1455.0,1455.0,1455.0,1455.0,0.0,3.87,5639.2,0
2026-06-05,2026-06-05 11:34:00,1455.0,1455.0,1455.0,1455.0,0.0,3.87,5639.2,0
2026-06-05,2026-06-05 11:35:00,1455.0,1455.0,1455.0,1455.0,0.0,3.87,5639.2,0
2026-06-05,2026-06-05 11:36:00,1455.0,1455.0,1455.0,1455.0,0.0,3.87,5639.2,0
2026-06-05,2026-06-05 11:37:00,1455.0,1455.0,1455.0,1455.0,0.0,3.87,5639.2,0
2026-06-05,2026-06-05 11:38:00,1455.0,1455.0,1455.0,1455.0,0.0,3.87,5639.2,0
2026-06-05,2026-06-05 11:39:00,1455.0,1455.0,1455.0,1455.0,0.0,3.87,5639.2,0
2026-06-05,2026-06-05 11:40:00,1455.0,1455.0,1455.0,1455.0,0.0,3.87,5639.2,0
2026-06-05,2026-06-05 11:41:00,1455.0,1455.0,1455.0,1455.0,0.0,3.87,5639.2,0
2026-06-05,2026-06-05 11:42:00,1455.0,1455.0,1455.0,1455.0,0.0,3.87,5639.2,0
2026-06-05,2026-06-05 11:43:00,1455.0,1455.0,1455.0,1455.0,0.0,3.87,5639.2,0
2026-06-05,2026-06-05 11:44:00,1455.0,1455.0,1455.0,1455.0,0.0,3.87,5639.2,0
2026-06-05,2026-06-05 11:45:00,1455.0,1455.0,1455.0,1455.0,0.0,3.87,5639.2,0
2026-06-05,2026-06-05 11:46:00,1455.0,1455.0,1455.0,1455.0,0.0,3.87,5639.2,0
2026-06-05,2026-06-05 11:47:00,1455.0,1455.0,1455.0,1455.0,0.0,3.87,5639.2,0
2026-06-05,2026-06-05 11:48:00,1455.0,1455.0,1455.0,1455.0,0.0,3.87,5639.2,0
2026-06-05,2026-06-05 11:49:00,1455.0,1455.0,1455.0,1455.0,0.0,3.87,5639.2,0
2026-06-05,2026-06-05 11:50:00,1455.0,1455.0,1455.0,1455.0,0.0,3.87,5639.2,0
2026-06-05,2026-06-05 11:51:00,1455.0,1455.0,1455.0,1455.0,0.0,3.87,5639.2,0
2026-06-05,2026-06-05 11:52:00,1455.0,1455.0,1455.0,1455.0,0.0,3.87,5639.2,0
2026-06-05,2026-06-05 11:53:00,1455.0,1455.0,1455.0,1455.0,0.0,3.87,5639.2,0
2026-06-05,2026-06-05 11:54:00,1455.0,1455.0,1455.0,1455.0,0.0,3.87,5639.2,0
2026-06-05,2026-06-05 11:55:00,1455.0,1455.0,1455.0,1455.0,0.0,3.87,5639.2,0
2026-06-05,2026-06-05 11:56:00,1455.0,1455.0,1455.0,1455.0,0.0,3.87,5639.2,0
2026-06-05,2026-06-05 11:57:00,1455.0,1455.0,1455.0,1455.0,0.0,3.87,5639.2,0
2026-06-05,2026-06-05 11:58:00,1455.0,1455.0,1455.0,1455.0,0.0,3.87,5639.2,0
2026-06-05,2026-06-05 11:59:00,1455.0,1455.0,1455.0,1455.0,0.0,3.87,5639.2,0
2026-06-05,2026-06-05 12:00:00,1455.0,1455.0,1455.0,1455.0,0.0,3.87,5639.2,0
2026-06-05,2026-06-05 12:01:00,1455.0,1455.0,1455.0,1455.0,0.0,3.87,5639.2,0
2026-06-05,2026-06-05 12:02:00,1455.0,1455.0,1455.0,1455.0,0.0,3.87,5639.2,0
2026-06-05,2026-06-05 12:03:00,1455.0,1455.0,1455.0,1455.0,0.0,3.87,5639.2,0
2026-06-05,2026-06-05 12:04:00,1455.0,1455.0,1455.0,1455.0,0.0,3.87,5639.2,0
2026-06-05,2026-06-05 12:05:00,1455.0,1455.0,1455.0,1455.0,0.0,3.87,5639.2,0
2026-06-05,2026-06-05 12:06:00,1455.0,1455.0,1455.0,1455.0,0.0,3.87,5639.2,0
2026-06-05,2026-06-05 12:07:00,1455.0,1455.0,1455.0,1455.0,0.0,3.87,5639.2,0
2026-06-05,2026-06-05 12:08:00,1455.0,1455.0,1455.0,1455.0,0.0,3.87,5639.2,0
2026-06-05,2026-06-05 12:09:00,1455.0,1455.0,1455.0,1455.0,0.0,3.87,5639.2,0
2026-06-05,2026-06-05 12:10:00,1455.0,1455.0,1455.0,1455.0,0.0,3.87,5639.2,0
2026-06-05,2026-06-05 12:11:00,1455.0,1455.0,1455.0,1455.0,0.0,3.87,5639.2,0
2026-06-05,2026-06-05 12:12:00,1455.0,1455.0,1455.0,1455.0,0.0,3.87,5639.2,0
2026-06-05,2026-06-05 12:13:00,1455.0,1455.0,1455.0,1455.0,0.0,3.87,5639.2,0
2026-06-05,2026-06-05 12:14:00,1455.0,1455.0,1455.0,1455.0,0.0,3.87,5639.2,0
2026-06-05,2026-06-05 12:15:00,1455.0,1455.0,1455.0,1455.0,0.0,3.87,5639.2,0
2026-06-05,2026-06-05 12:16:00,1455.0,1455.0,1455.0,1455.0,0.0,3.87,5639.2,0
2026-06-05,2026-06-05 12:17:00,1455.0,1455.0,1455.0,1455.0,0.0,3.87,5639.2,0
2026-06-05,2026-06-05 12:18:00,1455.0,1455.0,1455.0,1455.0,0.0,3.87,5639.2,0
2026-06-05,2026-06-05 12:19:00,1455.0,1455.0,1455.0,1455.0,0.0,3.87,5639.2,0
2026-06-05,2026-06-05 12:20:00,1455.0,1455.0,1455.0,1455.0,0.0,3.87,5639.2,0
2026-06-05,2026-06-05 12:21:00,1455.0,1455.0,1455.0,1455.0,0.0,3.87,5639.2,0
2026-06-05,2026-06-05 12:22:00,1455.0,1455.0,1455.0,1455.0,0.0,3.87,5639.2,0
2026-06-05,2026-06-05 12:23:00,1455.0,1455.0,1455.0,1455.0,0.0,3.87,5639.2,0
2026-06-05,2026-06-05 12:24:00,1455.0,1455.0,1455.0,1455.0,0.0,3.87,5639.2,0
2026-06-05,2026-06-05 12:25:00,1455.0,1455.0,1455.0,1455.0,0.0,3.87,5639.2,0
2026-06-05,2026-06-05 12:26:00,1455.0,1455.0,1455.0,1455.0,0.0,3.87,5639.2,0
2026-06-05,2026-06-05 12:27:00,1455.0,1455.0,1455.0,1455.0,0.0,3.87,5639.2,0
2026-06-05,2026-06-05 12:28:00,1455.0,1455.0,1455.0,1455.0,0.0,3.87,5639.2,0
2026-06-05,2026-06-05 12:29:00,1455.0,1455.0,1455.0,1455.0,0.0,3.87,5639.2,0
2026-06-05,2026-06-05 12:30:00,1455.0,1455.0,1455.0,1455.0,0.0,3.87,5639.2,0
2026-06-05,2026-06-05 12:31:00,1455.0,1455.0,1455.0,1455.0,0.0,3.87,5639.2,0
2026-06-05,2026-06-05 12:32:00,1455.0,1455.0,1455.0,1455.0,0.0,3.87,5639.2,0
2026-06-05,2026-06-05 12:33:00,1455.0,1455.0,1455.0,1455.0,0.0,3.87,5639.2,0
2026-06-05,2026-06-05 12:34:00,1455.0,1455.0,1455.0,1455.0,0.0,3.87,5639.2,0
2026-06-05,2026-06-05 12:35:00,1455.0,1455.0,1455.0,1455.0,0.0,3.87,5639.2,0
2026-06-05,2026-06-05 12:36:00,1455.0,1455.0,1455.0,1455.0,0.0,3.87,5639.2,0
2026-06-05,2026-06-05 12:37:00,1455.0,1455.0,1455.0,1455.0,0.0,3.87,5639.2,0
2026-06-05,2026-06-05 12:38:00,1455.0,1455.0,1455.0,1455.0,0.0,3.87,5639.2,0
2026-06-05,2026-06-05 12:39:00,1455.0,1455.0,1455.0,1455.0,0.0,3.87,5639.2,0
2026-06-05,2026-06-05 12:40:00,1455.0,1455.0,1455.0,1455.0,0.0,3.87,5639.2,0
2026-06-05,2026-06-05 12:41:00,1455.0,1455.0,1455.0,1455.0,0.0,3.87,5639.2,0
2026-06-05,2026-06-05 12:42:00,1455.0,1455.0,1455.0,1455.0,0.0,3.87,5639.2,0
2026-06-05,2026-06-05 12:43:00,1455.0,1455.0,1455.0,1455.0,0.0,3.87,5639.2,0
2026-06-05,2026-06-05 12:44:00,1455.0,1455.0,1455.0,1455.0,0.0,3.87,5639.2,0
2026-06-05,2026-06-05 12:45:00,1455.0,1455.0,1455.0,1455.0,0.0,3.87,5639.2,0
2026-06-05,2026-06-05 12:46:00,1455.0,1455.0,1455.0,1455.0,0.0,3.87,5639.2,0
2026-06-05,2026-06-05 12:47:00,1455.0,1455.0,1455.0,1455.0,0.0,3.87,5639.2,0
2026-06-05,2026-06-05 12:48:00,1455.0,1455.0,1455.0,1455.0,0.0,3.87,5639.2,0
2026-06-05,2026-06-05 12:49:00,1455.0,1455.0,1455.0,1455.0,0.0,3.87,5639.2,0
2026-06-05,2026-06-05 12:50:00,1455.0,1455.0,1455.0,1455.0,0.0,3.87,5639.2,0
2026-06-05,2026-06-05 12:51:00,1455.0,1455.0,1455.0,1455.0,0.0,3.87,5639.2,0
2026-06-05,2026-06-05 12:52:00,1455.0,1455.0,1455.0,1455.0,0.0,3.87,5639.2,0
2026-06-05,2026-06-05 12:53:00,1455.0,1455.0,1455.0,1455.0,0.0,3.87,5639.2,0
2026-06-05,2026-06-05 12:54:00,1455.0,1455.0,1455.0,1455.0,0.0,3.87,5639.2,0
2026-06-05,2026-06-05 12:55:00,1455.0,1455.0,1455.0,1455.0,0.0,3.87,5639.2,0
2026-06-05,2026-06-05 12:56:00,1455.0,1455.0,1455.0,1455.0,0.0,3.87,5639.2,0
2026-06-05,2026-06-05 12:57:00,1455.0,1455.0,1455.0,1455.0,0.0,3.87,5639.2,0
2026-06-05,2026-06-05 12:58:00,1455.0,1455.0,1455.0,1455.0,0.0,3.87,5639.2,0
2026-06-05,2026-06-05 12:59:00,1455.0,1455.0,1455.0,1455.0,0.0,3.87,5639.2,0
2026-06-05,2026-06-05 13:00:00,1455.0,1466.0,1455.0,1455.0,0.0,3.87,5639.2,0
2026-06-05,2026-06-05 13:01:00,1455.0,1455.0,1455.0,1455.0,0.0,3.87,5639.2,0
2026-06-05,2026-06-05 13:02:00,1455.0,1455.0,1455.0,1455.0,0.0,3.87,5639.2,0
2026-06-05,2026-06-05 13:03:00,1455.0,1455.0,1455.0,1455.0,0.0,3.87,5639.2,0
2026-06-05,2026-06-05 13:04:00,1455.0,1455.0,1455.0,1455.0,0.0,3.87,5639.2,0
2026-06-05,2026-06-05 13:05:00,1455.0,1455.0,1455.0,1455.0,0.0,3.87,5639.2,0
2026-06-05,2026-06-05 13:06:00,1455.0,1455.0,1455.0,1455.0,0.0,3.87,5639.2,0
2026-06-05,2026-06-05 13:07:00,1455.0,1455.0,1455.0,1455.0,0.0,3.87,5639.2,0
2026-06-05,2026-06-05 13:08:00,1455.0,1455.0,1455.0,1455.0,0.0,3.87,5639.2,0
2026-06-05,2026-06-05 13:09:00,1455.0,1455.0,1455.0,1455.0,0.0,3.87,5639.2,0
2026-06-05,2026-06-05 13:10:00,1455.0,1455.0,1455.0,1455.0,0.0,3.87,5639.2,0
2026-06-05,2026-06-05 13:11:00,1455.0,1455.0,1455.0,1455.0,0.0,3.87,5639.2,0
2026-06-05,2026-06-05 13:12:00,1455.0,1455.0,1455.0,1455.0,0.0,3.87,5639.2,0
2026-06-05,2026-06-05 13:13:00,1455.0,1455.0,1455.0,1455.0,0.0,3.87,5639.2,0
2026-06-05,2026-06-05 13:14:00,1455.0,1455.0,1455.0,1455.0,0.0,3.87,5639.2,0
2026-06-05,2026-06-05 13:15:00,1455.0,1455.0,1455.0,1455.0,0.0,3.87,5639.2,0
2026-06-05,2026-06-05 13:16:00,1455.0,1455.0,1455.0,1455.0,0.0,3.87,5639.2,0
2026-06-05,2026-06-05 13:17:00,1455.0,1455.0,1455.0,1455.0,0.0,3.87,5639.2,0
2026-06-05,2026-06-05 13:18:00,1455.0,1455.0,1455.0,1455.0,0.0,3.87,5639.2,0
2026-06-05,2026-06-05 13:19:00,1455.0,1455.0,1455.0,1455.0,0.0,3.87,5639.2,0
2026-06-05,2026-06-05 13:20:00,1455.0,1455.0,1455.0,1455.0,0.0,3.87,5639.2,0
2026-06-05,2026-06-05 13:21:00,1455.0,1455.0,1455.0,1455.0,0.0,3.87,5639.2,0
2026-06-05,2026-06-05 13:22:00,1455.0,1455.0,1455.0,1455.0,0.0,3.87,5639.2,0
2026-06-05,2026-06-05 13:23:00,1455.0,1455.0,1455.0,1455.0,0.0,3.87,5639.2,0
2026-06-05,2026-06-05 13:24:00,1455.0,1455.0,1455.0,1455.0,0.0,3.87,5639.2,0
2026-06-05,2026-06-05 13:25:00,1455.0,1455.0,1455.0,1455.0,0.0,3.87,5639.2,0
2026-06-05,2026-06-05 13:26:00,1455.0,1455.0,1455.0,1455.0,0.0,3.87,5639.2,0
2026-06-05,2026-06-05 13:27:00,1455.0,1455.0,1455.0,1455.0,0.0,3.87,5639.2,0
2026-06-05,2026-06-05 13:28:00,1455.0,1455.0,1455.0,1455.0,0.0,3.87,5639.2,0
2026-06-05,2026-06-05 13:29:00,1455.0,1455.0,1455.0,1455.0,0.0,3.87,5639.2,0
2026-06-05,2026-06-05 13:30:00,1455.0,1455.0,1455.0,1455.0,0.0,3.87,5639.2,0
2026-06-05,2026-06-05 13:31:00,1455.0,1455.0,1455.0,1455.0,0.0,3.87,5639.2,0
2026-06-05,2026-06-05 13:32:00,1455.0,1455.0,1455.0,1455.0,0.0,3.87,5639.2,0
2026-06-05,2026-06-05 13:33:00,1455.0,1455.0,1455.0,1455.0,0.0,3.87,5639.2,0
2026-06-05,2026-06-05 13:34:00,1455.0,1455.0,1455.0,1455.0,0.0,3.87,5639.2,0
2026-06-05,2026-06-05 13:35:00,1455.0,1455.0,1455.0,1455.0,0.0,3.87,5639.2,0
2026-06-05,2026-06-05 13:36:00,1455.0,1455.0,1455.0,1455.0,0.0,3.87,5639.2,0
2026-06-05,2026-06-05 13:37:00,1455.0,1455.0,1455.0,1455.0,0.0,3.87,5639.2,0
2026-06-05,2026-06-05 13:38:00,1455.0,1455.0,1455.0,1455.0,0.0,3.87,5639.2,0
2026-06-05,2026-06-05 13:39:00,1455.0,1455.0,1455.0,1455.0,0.0,3.87,5639.2,0
2026-06-05,2026-06-05 13:40:00,1455.0,1455.0,1455.0,1455.0,0.0,3.87,5639.2,0
2026-06-05,2026-06-05 13:41:00,1455.0,1455.0,1455.0,1455.0,0.0,3.87,5639.2,0
2026-06-05,2026-06-05 13:42:00,1455.0,1455.0,1455.0,1455.0,0.0,3.87,5639.2,0
2026-06-05,2026-06-05 13:43:00,1455.0,1455.0,1455.0,1455.0,0.0,3.87,5639.2,0
2026-06-05,2026-06-05 13:44:00,1455.0,1455.0,1455.0,1455.0,0.0,3.87,5639.2,0
2026-06-05,2026-06-05 13:45:00,1455.0,1455.0,1455.0,1455.0,0.0,3.87,5639.2,0
2026-06-05,2026-06-05 13:46:00,1455.0,1455.0,1455.0,1455.0,0.0,3.87,5639.2,0
2026-06-05,2026-06-05 13:47:00,1455.0,1455.0,1455.0,1455.0,0.0,3.87,5639.2,0
2026-06-05,2026-06-05 13:48:00,1455.0,1455.0,1455.0,1455.0,0.0,3.87,5639.2,0
2026-06-05,2026-06-05 13:49:00,1455.0,1455.0,1455.0,1455.0,0.0,3.87,5639.2,0
2026-06-05,2026-06-05 13:50:00,1455.0,1455.0,1455.0,1455.0,0.0,3.87,5639.2,0
2026-06-05,2026-06-05 13:51:00,1455.0,1455.0,1455.0,1455.0,0.0,3.87,5639.2,0
2026-06-05,2026-06-05 13:52:00,1455.0,1455.0,1455.0,1455.0,0.0,3.87,5639.2,0
2026-06-05,2026-06-05 13:53:00,1455.0,1455.0,1455.0,1455.0,0.0,3.87,5639.2,0
2026-06-05,2026-06-05 13:54:00,1455.0,1455.0,1455.0,1455.0,0.0,3.87,5639.2,0
2026-06-05,2026-06-05 13:55:00,1455.0,1455.0,1455.0,1455.0,0.0,3.87,5639.2,0
2026-06-05,2026-06-05 13:56:00,1455.0,1455.0,1455.0,1455.0,0.0,3.87,5639.2,0
2026-06-05,2026-06-05 13:57:00,1455.0,1455.0,1455.0,1455.0,0.0,3.87,5639.2,0
2026-06-05,2026-06-05 13:58:00,1455.0,1455.0,1455.0,1455.0,0.0,3.87,5639.2,0
2026-06-05,2026-06-05 13:59:00,1455.0,1455.0,1455.0,1455.0,0.0,3.87,5639.2,0
2026-06-05,2026-06-05 14:00:00,1455.0,1455.0,1455.0,1455.0,0.0,3.87,5639.2,0
2026-06-05,2026-06-05 14:01:00,1455.0,1455.0,1455.0,1455.0,0.0,3.87,5639.2,0
2026-06-05,2026-06-05 14:02:00,1455.0,1455.0,1455.0,1455.0,0.0,3.87,5639.2,0
2026-06-05,2026-06-05 14:03:00,1455.0,1455.0,1455.0,1455.0,0.0,3.87,5639.2,0
2026-06-05,2026-06-05 14:04:00,1455.0,1455.0,1455.0,1455.0,0.0,3.87,5639.2,0
2026-06-05,2026-06-05 14:05:00,1455.0,1455.0,1455.0,1455.0,0.0,3.87,5639.2,0
2026-06-05,2026-06-05 14:06:00,1455.0,1455.0,1455.0,1455.0,0.0,3.87,5639.2,0
2026-06-05,2026-06-05 14:07:00,1455.0,1455.0,1455.0,1455.0,0.0,3.87,5639.2,0
2026-06-05,2026-06-05 14:08:00,1455.0,1455.0,1455.0,1455.0,0.0,3.87,5639.2,0
2026-06-05,2026-06-05 14:09:00,1455.0,1455.0,1455.0,1455.0,0.0,3.87,5639.2,0
2026-06-05,2026-06-05 14:10:00,1455.0,1455.0,1455.0,1455.0,0.0,3.87,5639.2,0
2026-06-05,2026-06-05 14:11:00,1455.0,1455.0,1455.0,1455.0,0.0,3.87,5639.2,0
2026-06-05,2026-06-05 14:12:00,1455.0,1455.0,1455.0,1455.0,0.0,3.87,5639.2,0
2026-06-05,2026-06-05 14:13:00,1455.0,1455.0,1455.0,1455.0,0.0,3.87,5639.2,0
2026-06-05,2026-06-05 14:14:00,1455.0,1455.0,1455.0,1455.0,0.0,3.87,5639.2,0
2026-06-05,2026-06-05 14:15:00,1455.0,1455.0,1455.0,1455.0,0.0,3.87,5639.2,0
2026-06-05,2026-06-05 14:16:00,1455.0,1455.0,1455.0,1455.0,0.0,3.87,5639.2,0
2026-06-05,2026-06-05 14:17:00,1455.0,1455.0,1455.0,1455.0,0.0,3.87,5639.2,0
2026-06-05,2026-06-05 14:18:00,1455.0,1455.0,1455.0,1455.0,0.0,3.87,5639.2,0
2026-06-05,2026-06-05 14:19:00,1455.0,1455.0,1455.0,1455.0,0.0,3.87,5639.2,0
2026-06-05,2026-06-05 14:20:00,1455.0,1455.0,1455.0,1455.0,0.0,3.87,5639.2,0
2026-06-05,2026-06-05 14:21:00,1455.0,1455.0,1455.0,1455.0,0.0,3.87,5639.2,0
2026-06-05,2026-06-05 14:22:00,1455.0,1455.0,1455.0,1455.0,0.0,3.87,5639.2,0
2026-06-05,2026-06-05 14:23:00,1455.0,1455.0,1455.0,1455.0,0.0,3.87,5639.2,0
2026-06-05,2026-06-05 14:24:00,1455.0,1455.0,1455.0,1455.0,0.0,3.87,5639.2,0
2026-06-05,2026-06-05 14:25:00,1455.0,1455.0,1455.0,1455.0,0.0,3.87,5639.2,0
2026-06-05,2026-06-05 14:26:00,1455.0,1455.0,1455.0,1455.0,0.0,3.87,5639.2,0
2026-06-05,2026-06-05 14:27:00,1455.0,1455.0,1455.0,1455.0,0.0,3.87,5639.2,0
2026-06-05,2026-06-05 14:28:00,1455.0,1455.0,1455.0,1455.0,0.0,3.87,5639.2,0
2026-06-05,2026-06-05 14:29:00,1455.0,1455.0,1455.0,1455.0,0.0,3.87,5639.2,0
2026-06-05,2026-06-05 14:30:00,1455.0,1455.0,1455.0,1455.0,0.0,3.87,5639.2,0
2026-06-05,2026-06-05 14:31:00,1455.0,1455.0,1455.0,1455.0,0.0,3.87,5639.2,0
2026-06-05,2026-06-05 14:32:00,1455.0,1455.0,1455.0,1455.0,0.0,3.87,5639.2,0
2026-06-05,2026-06-05 14:33:00,1455.0,1455.0,1455.0,1455.0,0.0,3.87,5639.2,0
2026-06-05,2026-06-05 14:34:00,1455.0,1455.0,1455.0,1455.0,0.0,3.87,5639.2,0
2026-06-05,2026-06-05 14:35:00,1455.0,1455.0,1455.0,1455.0,0.0,3.87,5639.2,0
2026-06-05,2026-06-05 14:36:00,1455.0,1455.0,1455.0,1455.0,0.0,3.87,5639.2,0
2026-06-05,2026-06-05 14:37:00,1455.0,1455.0,1455.0,1455.0,0.0,3.87,5639.2,0
2026-06-05,2026-06-05 14:38:00,1455.0,1455.0,1455.0,1455.0,0.0,3.87,5639.2,0
2026-06-05,2026-06-05 14:39:00,1455.0,1455.0,1455.0,1455.0,0.0,3.87,5639.2,0
2026-06-05,2026-06-05 14:40:00,1455.0,1455.0,1455.0,1455.0,0.0,3.87,5639.2,0
2026-06-05,2026-06-05 14:41:00,1455.0,1455.0,1455.0,1455.0,0.0,3.87,5639.2,0
2026-06-05,2026-06-05 14:42:00,1455.0,1455.0,1455.0,1455.0,0.0,3.87,5639.2,0
2026-06-05,2026-06-05 14:43:00,1455.0,1455.0,1455.0,1455.0,0.0,3.87,5639.2,0
2026-06-05,2026-06-05 14:44:00,1455.0,1455.0,1455.0,1455.0,0.0,3.87,5639.2,0
2026-06-05,2026-06-05 14:45:00,1455.0,1455.0,1455.0,1455.0,0.0,3.87,5639.2,0
2026-06-05,2026-06-05 14:46:00,1455.0,1455.0,1455.0,1455.0,0.0,3.87,5639.2,0
2026-06-05,2026-06-05 14:47:00,1455.0,1455.0,1455.0,1455.0,0.0,3.87,5639.2,0
2026-06-05,2026-06-05 14:48:00,1455.0,1455.0,1455.0,1455.0,0.0,3.87,5639.2,0
2026-06-05,2026-06-05 14:49:00,1455.0,1455.0,1455.0,1455.0,0.0,3.87,5639.2,0
2026-06-05,2026-06-05 14:50:00,1455.0,1455.0,1455.0,1455.0,0.0,3.87,5639.2,0
2026-06-05,2026-06-05 14:51:00,1455.0,1455.0,1455.0,1455.0,0.0,3.87,5639.2,0
2026-06-05,2026-06-05 14:52:00,1455.0,1455.0,1455.0,1455.0,0.0,3.87,5639.2,0
2026-06-05,2026-06-05 14:53:00,1455.0,1455.0,1455.0,1455.0,0.0,3.87,5639.2,0
2026-06-05,2026-06-05 14:54:00,1455.0,1455.0,1455.0,1455.0,0.0,3.87,5639.2,0
2026-06-05,2026-06-05 14:55:00,1455.0,1455.0,1455.0,1455.0,0.0,3.87,5639.2,0
2026-06-05,2026-06-05 14:56:00,1455.0,1455.0,1455.0,1455.0,0.0,3.87,5639.2,0
2026-06-05,2026-06-05 14:57:00,1455.0,1455.0,1455.0,1455.0,0.0,3.87,5639.2,0
2026-06-05,2026-06-05 14:58:00,1455.0,1455.0,1455.0,1455.0,0.0,3.87,5639.2,0
2026-06-05,2026-06-05 14:59:00,1455.0,1455.0,1455.0,1455.0,0.0,3.87,5639.2,0
2026-06-05,2026-06-05 15:00:00,1455.0,1466.0,1455.0,1455.0,0.0,3.87,5639.2,0
2026-06-08,2026-06-08 11:00:00,1450.0,1454.5,1450.0,1450.0,0.0,2.12,3077.75,0
2026-06-08,2026-06-08 11:01:00,1450.0,1450.0,1450.0,1450.0,0.0,2.12,3077.75,0
2026-06-08,2026-06-08 11:02:00,1450.0,1450.0,1450.0,1450.0,0.0,2.12,3077.75,0
2026-06-08,2026-06-08 11:03:00,1450.0,1450.0,1450.0,1450.0,0.0,2.12,3077.75,0
2026-06-08,2026-06-08 11:04:00,1450.0,1450.0,1450.0,1450.0,0.0,2.12,3077.75,0
2026-06-08,2026-06-08 11:05:00,1450.0,1450.0,1450.0,1450.0,0.0,2.12,3077.75,0
2026-06-08,2026-06-08 11:06:00,1450.0,1450.0,1450.0,1450.0,0.0,2.12,3077.75,0
2026-06-08,2026-06-08 11:07:00,1450.0,1450.0,1450.0,1450.0,0.0,2.12,3077.75,0
2026-06-08,2026-06-08 11:08:00,1450.0,1450.0,1450.0,1450.0,0.0,2.12,3077.75,0
2026-06-08,2026-06-08 11:09:00,1450.0,1450.0,1450.0,1450.0,0.0,2.12,3077.75,0
2026-06-08,2026-06-08 11:10:00,1450.0,1450.0,1450.0,1450.0,0.0,2.12,3077.75,0
2026-06-08,2026-06-08 11:11:00,1450.0,1450.01,1450.0,1450.01,0.0,2.12,3077.75,1
2026-06-08,2026-06-08 11:12:00,1450.01,1450.01,1450.01,1450.01,0.0,2.12,3077.75,0
2026-06-08,2026-06-08 11:13:00,1450.01,1450.01,1450.01,1450.01,0.0,2.12,3077.75,0
2026-06-08,2026-06-08 11:14:00,1450.01,1450.01,1450.01,1450.01,0.0,2.12,3077.75,0
2026-06-08,2026-06-08 11:15:00,1450.01,1450.01,1450.01,1450.01,0.0,2.12,3077.75,0
2026-06-08,2026-06-08 11:16:00,1450.01,1450.01,1450.01,1450.01,0.0,2.12,3077.75,0
2026-06-08,2026-06-08 11:17:00,1450.01,1450.01,1450.01,1450.01,0.0,2.12,3077.75,0
2026-06-08,2026-06-08 11:18:00,1450.01,1450.01,1450.01,1450.01,0.0,2.12,3077.75,0
2026-06-08,2026-06-08 11:19:00,1450.01,1450.01,1450.01,1450.01,0.0,2.12,3077.75,0
2026-06-08,2026-06-08 11:20:00,1450.01,1450.01,1450.01,1450.01,0.0,2.12,3077.75,0
2026-06-08,2026-06-08 11:21:00,1450.01,1450.01,1450.01,1450.01,0.0,2.12,3077.75,0
2026-06-08,2026-06-08 11:22:00,1450.01,1450.01,1450.01,1450.01,0.0,2.12,3077.75,0
2026-06-08,2026-06-08 11:23:00,1450.01,1450.01,1450.01,1450.01,0.0,2.12,3077.75,0
2026-06-08,2026-06-08 11:24:00,1450.01,1450.01,1450.01,1450.01,0.0,2.12,3077.75,0
2026-06-08,2026-06-08 11:25:00,1450.01,1450.01,1450.01,1450.01,0.0,2.12,3077.75,0
2026-06-08,2026-06-08 11:26:00,1450.01,1450.01,1450.01,1450.01,0.0,2.12,3077.75,0
2026-06-08,2026-06-08 11:27:00,1450.01,1450.01,1450.01,1450.01,0.0,2.12,3077.75,0
2026-06-08,2026-06-08 11:28:00,1450.01,1450.01,1450.01,1450.01,0.0,2.12,3077.75,0
2026-06-08,2026-06-08 11:29:00,1450.01,1450.01,1450.01,1450.01,0.0,2.12,3077.75,0
2026-06-08,2026-06-08 11:30:00,1450.01,1450.01,1450.01,1450.01,0.0,2.12,3077.75,0
2026-06-08,2026-06-08 11:31:00,1450.01,1450.01,1450.01,1450.01,0.0,2.12,3077.75,0
2026-06-08,2026-06-08 11:32:00,1450.01,1450.01,1450.01,1450.01,0.0,2.12,3077.75,0
2026-06-08,2026-06-08 11:33:00,1450.01,1450.01,1450.01,1450.01,0.0,2.12,3077.75,0
2026-06-08,2026-06-08 11:34:00,1450.01,1450.01,1450.01,1450.01,0.0,2.12,3077.75,0
2026-06-08,2026-06-08 11:35:00,1450.01,1450.01,1450.01,1450.01,0.0,2.12,3077.75,0
2026-06-08,2026-06-08 11:36:00,1450.01,1450.02,1450.01,1450.02,0.0,2.12,3077.75,1
2026-06-08,2026-06-08 11:37:00,1450.02,1450.02,1450.02,1450.02,0.0,2.12,3077.75,0
2026-06-08,2026-06-08 11:38:00,1450.02,1450.02,1450.02,1450.02,0.0,2.12,3077.75,0
2026-06-08,2026-06-08 11:39:00,1450.02,1450.02,1450.02,1450.02,0.0,2.12,3077.75,0
2026-06-08,2026-06-08 11:40:00,1450.02,1450.02,1450.02,1450.02,0.0,2.12,3077.75,0
2026-06-08,2026-06-08 11:41:00,1450.02,1450.02,1450.02,1450.02,0.0,2.12,3077.75,0
2026-06-08,2026-06-08 11:42:00,1450.02,1450.02,1450.02,1450.02,0.0,2.12,3077.75,0
2026-06-08,2026-06-08 11:43:00,1450.02,1450.02,1450.02,1450.02,0.0,2.12,3077.75,0
2026-06-08,2026-06-08 11:44:00,1450.02,1450.02,1450.02,1450.02,0.0,2.12,3077.75,0
2026-06-08,2026-06-08 11:45:00,1450.02,1450.02,1450.02,1450.02,0.0,2.12,3077.75,0
2026-06-08,2026-06-08 11:46:00,1450.02,1450.02,1450.02,1450.02,0.0,2.12,3077.75,0
2026-06-08,2026-06-08 11:47:00,1450.02,1450.02,1450.02,1450.02,0.0,2.12,3077.75,0
2026-06-08,2026-06-08 11:48:00,1450.02,1450.02,1450.02,1450.02,0.0,2.12,3077.75,0
2026-06-08,2026-06-08 11:49:00,1450.02,1450.02,1450.02,1450.02,0.0,2.12,3077.75,0
2026-06-08,2026-06-08 11:50:00,1450.02,1450.02,1450.02,1450.02,0.0,2.12,3077.75,0
2026-06-08,2026-06-08 11:51:00,1450.02,1450.02,1450.02,1450.02,0.0,2.12,3077.75,0
2026-06-08,2026-06-08 11:52:00,1450.02,1450.02,1450.02,1450.02,0.0,2.12,3077.75,0
2026-06-08,2026-06-08 11:53:00,1450.02,1450.02,1450.02,1450.02,0.0,2.12,3077.75,0
2026-06-08,2026-06-08 11:54:00,1450.02,1450.02,1450.02,1450.02,0.0,2.12,3077.75,0
2026-06-08,2026-06-08 11:55:00,1450.02,1450.02,1450.02,1450.02,0.0,2.12,3077.75,0
2026-06-08,2026-06-08 11:56:00,1450.02,1450.02,1450.02,1450.02,0.0,2.12,3077.75,0
2026-06-08,2026-06-08 11:57:00,1450.02,1450.02,1450.02,1450.02,0.0,2.12,3077.75,0
2026-06-08,2026-06-08 11:58:00,1450.02,1450.02,1450.02,1450.02,0.0,2.12,3077.75,0
2026-06-08,2026-06-08 11:59:00,1450.02,1450.03,1450.02,1450.03,0.0,2.12,3077.75,1
2026-06-08,2026-06-08 12:00:00,1450.03,1450.03,1450.03,1450.03,0.0,2.12,3077.75,0
2026-06-08,2026-06-08 12:01:00,1450.03,1450.03,1450.03,1450.03,0.0,2.12,3077.75,0
2026-06-08,2026-06-08 12:02:00,1450.03,1450.03,1450.03,1450.03,0.0,2.12,3077.75,0
2026-06-08,2026-06-08 12:03:00,1450.03,1450.03,1450.03,1450.03,0.0,2.12,3077.75,0
2026-06-08,2026-06-08 12:04:00,1450.03,1450.03,1450.03,1450.03,0.0,2.12,3077.75,0
2026-06-08,2026-06-08 12:05:00,1450.03,1450.03,1450.03,1450.03,0.0,2.12,3077.75,0
2026-06-08,2026-06-08 12:06:00,1450.03,1450.03,1450.03,1450.03,0.0,2.12,3077.75,0
2026-06-08,2026-06-08 12:07:00,1450.03,1450.03,1450.03,1450.03,0.0,2.12,3077.75,0
2026-06-08,2026-06-08 12:08:00,1450.03,1450.03,1450.03,1450.03,0.0,2.12,3077.75,0
2026-06-08,2026-06-08 12:09:00,1450.03,1450.03,1450.03,1450.03,0.0,2.12,3077.75,0
2026-06-08,2026-06-08 12:10:00,1450.03,1450.03,1450.03,1450.03,0.0,2.12,3077.75,0
2026-06-08,2026-06-08 12:11:00,1450.03,1450.03,1450.03,1450.03,0.0,2.12,3077.75,0
2026-06-08,2026-06-08 12:12:00,1450.03,1450.03,1450.03,1450.03,0.0,2.12,3077.75,0
2026-06-08,2026-06-08 12:13:00,1450.03,1450.03,1450.03,1450.03,0.0,2.12,3077.75,0
2026-06-08,2026-06-08 12:14:00,1450.03,1450.03,1450.03,1450.03,0.0,2.12,3077.75,0
2026-06-08,2026-06-08 12:15:00,1450.03,1450.03,1450.03,1450.03,0.0,2.12,3077.75,0
2026-06-08,2026-06-08 12:16:00,1450.03,1450.03,1450.03,1450.03,0.0,2.12,3077.75,0
2026-06-08,2026-06-08 12:17:00,1450.03,1450.03,1450.03,1450.03,0.0,2.12,3077.75,0
2026-06-08,2026-06-08 12:18:00,1450.03,1450.03,1450.03,1450.03,0.0,2.12,3077.75,0
2026-06-08,2026-06-08 12:19:00,1450.03,1450.03,1450.03,1450.03,0.0,2.12,3077.75,0
2026-06-08,2026-06-08 12:20:00,1450.03,1450.03,1450.03,1450.03,0.0,2.12,3077.75,0
2026-06-08,2026-06-08 12:21:00,1450.03,1450.03,1450.03,1450.03,0.0,2.12,3077.75,0
2026-06-08,2026-06-08 12:22:00,1450.03,1450.03,1450.03,1450.03,0.0,2.12,3077.75,0
2026-06-08,2026-06-08 12:23:00,1450.03,1450.03,1450.03,1450.03,0.0,2.12,3077.75,0
2026-06-08,2026-06-08 12:24:00,1450.03,1450.04,1450.03,1450.04,0.0,2.12,3077.75,1
2026-06-08,2026-06-08 12:25:00,1450.04,1450.04,1450.04,1450.04,0.0,2.12,3077.75,0
2026-06-08,2026-06-08 12:26:00,1450.04,1450.04,1450.04,1450.04,0.0,2.12,3077.75,0
2026-06-08,2026-06-08 12:27:00,1450.04,1450.04,1450.04,1450.04,0.0,2.12,3077.75,0
2026-06-08,2026-06-08 12:28:00,1450.04,1450.04,1450.04,1450.04,0.0,2.12,3077.75,0
2026-06-08,2026-06-08 12:29:00,1450.04,1450.04,1450.04,1450.04,0.0,2.12,3077.75,0
2026-06-08,2026-06-08 12:30:00,1450.04,1450.04,1450.04,1450.04,0.0,2.12,3077.75,0
2026-06-08,2026-06-08 12:31:00,1450.04,1450.04,1450.04,1450.04,0.0,2.12,3077.75,0
2026-06-08,2026-06-08 12:32:00,1450.04,1450.04,1450.04,1450.04,0.0,2.12,3077.75,0
2026-06-08,2026-06-08 12:33:00,1450.04,1450.04,1450.04,1450.04,0.0,2.12,3077.75,0
2026-06-08,2026-06-08 12:34:00,1450.04,1450.04,1450.04,1450.04,0.0,2.12,3077.75,0
2026-06-08,2026-06-08 12:35:00,1450.04,1450.04,1450.04,1450.04,0.0,2.12,3077.75,0
2026-06-08,2026-06-08 12:36:00,1450.04,1450.04,1450.04,1450.04,0.0,2.12,3077.75,0
2026-06-08,2026-06-08 12:37:00,1450.04,1450.04,1450.04,1450.04,0.0,2.12,3077.75,0
2026-06-08,2026-06-08 12:38:00,1450.04,1450.04,1450.04,1450.04,0.0,2.12,3077.75,0
2026-06-08,2026-06-08 12:39:00,1450.04,1450.04,1450.04,1450.04,0.0,2.12,3077.75,0
2026-06-08,2026-06-08 12:40:00,1450.04,1450.04,1450.04,1450.04,0.0,2.12,3077.75,0
2026-06-08,2026-06-08 12:41:00,1450.04,1450.04,1450.04,1450.04,0.0,2.12,3077.75,0
2026-06-08,2026-06-08 12:42:00,1450.04,1450.04,1450.04,1450.04,0.0,2.12,3077.75,0
2026-06-08,2026-06-08 12:43:00,1450.04,1450.04,1450.04,1450.04,0.0,2.12,3077.75,0
2026-06-08,2026-06-08 12:44:00,1450.04,1450.04,1450.04,1450.04,0.0,2.12,3077.75,0
2026-06-08,2026-06-08 12:45:00,1450.04,1450.04,1450.04,1450.04,0.0,2.12,3077.75,0
2026-06-08,2026-06-08 12:46:00,1450.04,1450.04,1450.04,1450.04,0.0,2.12,3077.75,0
2026-06-08,2026-06-08 12:47:00,1450.04,1450.05,1450.04,1450.05,0.0,2.12,3077.75,1
2026-06-08,2026-06-08 12:48:00,1450.05,1450.05,1450.05,1450.05,0.0,2.12,3077.75,0
2026-06-08,2026-06-08 12:49:00,1450.05,1450.05,1450.05,1450.05,0.0,2.12,3077.75,0
2026-06-08,2026-06-08 12:50:00,1450.05,1450.05,1450.05,1450.05,0.0,2.12,3077.75,0
2026-06-08,2026-06-08 12:51:00,1450.05,1450.05,1450.05,1450.05,0.0,2.12,3077.75,0
2026-06-08,2026-06-08 12:52:00,1450.05,1450.05,1450.05,1450.05,0.0,2.12,3077.75,0
2026-06-08,2026-06-08 12:53:00,1450.05,1450.05,1450.05,1450.05,0.0,2.12,3077.75,0
2026-06-08,2026-06-08 12:54:00,1450.05,1450.05,1450.05,1450.05,0.0,2.12,3077.75,0
2026-06-08,2026-06-08 12:55:00,1450.05,1450.05,1450.05,1450.05,0.0,2.12,3077.75,0
2026-06-08,2026-06-08 12:56:00,1450.05,1450.05,1450.05,1450.05,0.0,2.12,3077.75,0
2026-06-08,2026-06-08 12:57:00,1450.05,1450.05,1450.05,1450.05,0.0,2.12,3077.75,0
2026-06-08,2026-06-08 12:58:00,1450.05,1450.05,1450.05,1450.05,0.0,2.12,3077.75,0
2026-06-08,2026-06-08 12:59:00,1450.05,1450.05,1450.05,1450.05,0.0,2.12,3077.75,0
2026-06-08,2026-06-08 13:00:00,1450.05,1465.0,1450.0,1450.05,0.0,2.12,3077.75,0
2026-06-08,2026-06-08 13:01:00,1450.05,1450.05,1450.05,1450.05,0.0,2.12,3077.75,0
2026-06-08,2026-06-08 13:02:00,1450.05,1450.05,1450.05,1450.05,0.0,2.12,3077.75,0
2026-06-08,2026-06-08 13:03:00,1450.05,1450.05,1450.05,1450.05,0.0,2.12,3077.75,0
2026-06-08,2026-06-08 13:04:00,1450.05,1450.05,1450.05,1450.05,0.0,2.12,3077.75,0
2026-06-08,2026-06-08 13:05:00,1450.05,1450.05,1450.05,1450.05,0.0,2.12,3077.75,0
2026-06-08,2026-06-08 13:06:00,1450.05,1450.05,1450.05,1450.05,0.0,2.12,3077.75,0
2026-06-08,2026-06-08 13:07:00,1450.05,1450.05,1450.05,1450.05,0.0,2.12,3077.75,0
2026-06-08,2026-06-08 13:08:00,1450.05,1450.05,1450.05,1450.05,0.0,2.12,3077.75,0
2026-06-08,2026-06-08 13:09:00,1450.05,1450.05,1450.05,1450.05,0.0,2.12,3077.75,0
2026-06-08,2026-06-08 13:10:00,1450.05,1450.05,1450.05,1450.05,0.0,2.12,3077.75,0
2026-06-08,2026-06-08 13:11:00,1450.05,1450.06,1450.05,1450.06,0.0,2.12,3077.75,1
2026-06-08,2026-06-08 13:12:00,1450.06,1450.06,1450.06,1450.06,0.0,2.12,3077.75,0
2026-06-08,2026-06-08 13:13:00,1450.06,1450.06,1450.06,1450.06,0.0,2.12,3077.75,0
2026-06-08,2026-06-08 13:14:00,1450.06,1450.06,1450.06,1450.06,0.0,2.12,3077.75,0
2026-06-08,2026-06-08 13:15:00,1450.06,1450.06,1450.06,1450.06,0.0,2.12,3077.75,0
2026-06-08,2026-06-08 13:16:00,1450.06,1450.06,1450.06,1450.06,0.0,2.12,3077.75,0
2026-06-08,2026-06-08 13:17:00,1450.06,1450.06,1450.06,1450.06,0.0,2.12,3077.75,0
2026-06-08,2026-06-08 13:18:00,1450.06,1450.06,1450.06,1450.06,0.0,2.12,3077.75,0
2026-06-08,2026-06-08 13:19:00,1450.06,1450.06,1450.06,1450.06,0.0,2.12,3077.75,0
2026-06-08,2026-06-08 13:20:00,1450.06,1450.06,1450.06,1450.06,0.0,2.12,3077.75,0
2026-06-08,2026-06-08 13:21:00,1450.06,1450.06,1450.06,1450.06,0.0,2.12,3077.75,0
2026-06-08,2026-06-08 13:22:00,1450.06,1450.06,1450.06,1450.06,0.0,2.12,3077.75,0
2026-06-08,2026-06-08 13:23:00,1450.06,1450.06,1450.06,1450.06,0.0,2.12,3077.75,0
2026-06-08,2026-06-08 13:24:00,1450.06,1450.06,1450.06,1450.06,0.0,2.12,3077.75,0
2026-06-08,2026-06-08 13:25:00,1450.06,1450.06,1450.06,1450.06,0.0,2.12,3077.75,0
2026-06-08,2026-06-08 13:26:00,1450.06,1450.06,1450.06,1450.06,0.0,2.12,3077.75,0
2026-06-08,2026-06-08 13:27:00,1450.06,1450.06,1450.06,1450.06,0.0,2.12,3077.75,0
2026-06-08,2026-06-08 13:28:00,1450.06,1450.06,1450.06,1450.06,0.0,2.12,3077.75,0
2026-06-08,2026-06-08 13:29:00,1450.06,1450.06,1450.06,1450.06,0.0,2.12,3077.75,0
2026-06-08,2026-06-08 13:30:00,1450.06,1450.06,1450.06,1450.06,0.0,2.12,3077.75,0
2026-06-08,2026-06-08 13:31:00,1450.06,1450.06,1450.06,1450.06,0.0,2.12,3077.75,0
2026-06-08,2026-06-08 13:32:00,1450.06,1450.06,1450.06,1450.06,0.0,2.12,3077.75,0
2026-06-08,2026-06-08 13:33:00,1450.06,1450.06,1450.06,1450.06,0.0,2.12,3077.75,0
2026-06-08,2026-06-08 13:34:00,1450.06,1450.06,1450.06,1450.06,0.0,2.12,3077.75,0
2026-06-08,2026-06-08 13:35:00,1450.06,1450.07,1450.06,1450.07,0.0,2.12,3077.75,1
2026-06-08,2026-06-08 13:36:00,1450.07,1450.07,1450.07,1450.07,0.0,2.12,3077.75,0
2026-06-08,2026-06-08 13:37:00,1450.07,1450.07,1450.07,1450.07,0.0,2.12,3077.75,0
2026-06-08,2026-06-08 13:38:00,1450.07,1450.07,1450.07,1450.07,0.0,2.12,3077.75,0
2026-06-08,2026-06-08 13:39:00,1450.07,1450.07,1450.07,1450.07,0.0,2.12,3077.75,0
2026-06-08,2026-06-08 13:40:00,1450.07,1450.07,1450.07,1450.07,0.0,2.12,3077.75,0
2026-06-08,2026-06-08 13:41:00,1450.07,1450.07,1450.07,1450.07,0.0,2.12,3077.75,0
2026-06-08,2026-06-08 13:42:00,1450.07,1450.07,1450.07,1450.07,0.0,2.12,3077.75,0
2026-06-08,2026-06-08 13:43:00,1450.07,1450.07,1450.07,1450.07,0.0,2.12,3077.75,0
2026-06-08,2026-06-08 13:44:00,1450.07,1450.07,1450.07,1450.07,0.0,2.12,3077.75,0
2026-06-08,2026-06-08 13:45:00,1450.07,1450.07,1450.07,1450.07,0.0,2.12,3077.75,0
2026-06-08,2026-06-08 13:46:00,1450.07,1450.07,1450.07,1450.07,0.0,2.12,3077.75,0
2026-06-08,2026-06-08 13:47:00,1450.07,1450.07,1450.07,1450.07,0.0,2.12,3077.75,0
2026-06-08,2026-06-08 13:48:00,1450.07,1450.07,1450.07,1450.07,0.0,2.12,3077.75,0
2026-06-08,2026-06-08 13:49:00,1450.07,1450.07,1450.07,1450.07,0.0,2.12,3077.75,0
2026-06-08,2026-06-08 13:50:00,1450.07,1450.07,1450.07,1450.07,0.0,2.12,3077.75,0
2026-06-08,2026-06-08 13:51:00,1450.07,1450.07,1450.07,1450.07,0.0,2.12,3077.75,0
2026-06-08,2026-06-08 13:52:00,1450.07,1450.07,1450.07,1450.07,0.0,2.12,3077.75,0
2026-06-08,2026-06-08 13:53:00,1450.07,1450.07,1450.07,1450.07,0.0,2.12,3077.75,0
2026-06-08,2026-06-08 13:54:00,1450.07,1450.07,1450.07,1450.07,0.0,2.12,3077.75,0
2026-06-08,2026-06-08 13:55:00,1450.07,1450.07,1450.07,1450.07,0.0,2.12,3077.75,0
2026-06-08,2026-06-08 13:56:00,1450.07,1450.07,1450.07,1450.07,0.0,2.12,3077.75,0
2026-06-08,2026-06-08 13:57:00,1450.07,1450.07,1450.07,1450.07,0.0,2.12,3077.75,0
2026-06-08,2026-06-08 13:58:00,1450.07,1450.07,1450.07,1450.07,0.0,2.12,3077.75,0
2026-06-08,2026-06-08 13:59:00,1450.07,1450.07,1450.07,1450.07,0.0,2.12,3077.75,0
2026-06-08,2026-06-08 14:00:00,1450.07,1450.08,1450.07,1450.08,0.0,2.12,3077.75,1
2026-06-08,2026-06-08 14:01:00,1450.08,1450.08,1450.08,1450.08,0.0,2.12,3077.75,0
2026-06-08,2026-06-08 14:02:00,1450.08,1450.08,1450.08,1450.08,0.0,2.12,3077.75,0
2026-06-08,2026-06-08 14:03:00,1450.08,1450.08,1450.08,1450.08,0.0,2.12,3077.75,0
2026-06-08,2026-06-08 14:04:00,1450.08,1450.08,1450.08,1450.08,0.0,2.12,3077.75,0
2026-06-08,2026-06-08 14:05:00,1450.08,1450.08,1450.08,1450.08,0.0,2.12,3077.75,0
2026-06-08,2026-06-08 14:06:00,1450.08,1450.08,1450.08,1450.08,0.0,2.12,3077.75,0
2026-06-08,2026-06-08 14:07:00,1450.08,1450.08,1450.08,1450.08,0.0,2.12,3077.75,0
2026-06-08,2026-06-08 14:08:00,1450.08,1450.08,1450.08,1450.08,0.0,2.12,3077.75,0
2026-06-08,2026-06-08 14:09:00,1450.08,1450.08,1450.08,1450.08,0.0,2.12,3077.75,0
2026-06-08,2026-06-08 14:10:00,1450.08,1450.08,1450.08,1450.08,0.0,2.12,3077.75,0
2026-06-08,2026-06-08 14:11:00,1450.08,1450.08,1450.08,1450.08,0.0,2.12,3077.75,0
2026-06-08,2026-06-08 14:12:00,1450.08,1450.08,1450.08,1450.08,0.0,2.12,3077.75,0
2026-06-08,2026-06-08 14:13:00,1450.08,1450.08,1450.08,1450.08,0.0,2.12,3077.75,0
2026-06-08,2026-06-08 14:14:00,1450.08,1450.08,1450.08,1450.08,0.0,2.12,3077.75,0
2026-06-08,2026-06-08 14:15:00,1450.08,1450.08,1450.08,1450.08,0.0,2.12,3077.75,0
2026-06-08,2026-06-08 14:16:00,1450.08,1450.08,1450.08,1450.08,0.0,2.12,3077.75,0
2026-06-08,2026-06-08 14:17:00,1450.08,1450.08,1450.08,1450.08,0.0,2.12,3077.75,0
2026-06-08,2026-06-08 14:18:00,1450.08,1450.08,1450.08,1450.08,0.0,2.12,3077.75,0
2026-06-08,2026-06-08 14:19:00,1450.08,1450.08,1450.08,1450.08,0.0,2.12,3077.75,0
2026-06-08,2026-06-08 14:20:00,1450.08,1450.08,1450.08,1450.08,0.0,2.12,3077.75,0
2026-06-08,2026-06-08 14:21:00,1450.08,1450.08,1450.08,1450.08,0.0,2.12,3077.75,0
2026-06-08,2026-06-08 14:22:00,1450.08,1450.08,1450.08,1450.08,0.0,2.12,3077.75,0
2026-06-08,2026-06-08 14:23:00,1450.08,1450.09,1450.08,1450.09,0.0,2.12,3077.75,1
2026-06-08,2026-06-08 14:24:00,1450.09,1450.09,1450.09,1450.09,0.0,2.12,3077.75,0
2026-06-08,2026-06-08 14:25:00,1450.09,1450.09,1450.09,1450.09,0.0,2.12,3077.75,0
2026-06-08,2026-06-08 14:26:00,1450.09,1450.09,1450.09,1450.09,0.0,2.12,3077.75,0
2026-06-08,2026-06-08 14:27:00,1450.09,1450.09,1450.09,1450.09,0.0,2.12,3077.75,0
2026-06-08,2026-06-08 14:28:00,1450.09,1450.09,1450.09,1450.09,0.0,2.12,3077.75,0
2026-06-08,2026-06-08 14:29:00,1450.09,1450.09,1450.09,1450.09,0.0,2.12,3077.75,0
2026-06-08,2026-06-08 14:30:00,1450.09,1450.09,1450.09,1450.09,0.0,2.12,3077.75,0
2026-06-08,2026-06-08 14:31:00,1450.09,1450.09,1450.09,1450.09,0.0,2.12,3077.75,0
2026-06-08,2026-06-08 14:32:00,1450.09,1450.09,1450.09,1450.09,0.0,2.12,3077.75,0
2026-06-08,2026-06-08 14:33:00,1450.09,1450.09,1450.09,1450.09,0.0,2.12,3077.75,0
2026-06-08,2026-06-08 14:34:00,1450.09,1450.09,1450.09,1450.09,0.0,2.12,3077.75,0
2026-06-08,2026-06-08 14:35:00,1450.09,1450.09,1450.09,1450.09,0.0,2.12,3077.75,0
2026-06-08,2026-06-08 14:36:00,1450.09,1450.09,1450.09,1450.09,0.0,2.12,3077.75,0
2026-06-08,2026-06-08 14:37:00,1450.09,1450.09,1450.09,1450.09,0.0,2.12,3077.75,0
2026-06-08,2026-06-08 14:38:00,1450.09,1450.09,1450.09,1450.09,0.0,2.12,3077.75,0
2026-06-08,2026-06-08 14:39:00,1450.09,1450.09,1450.09,1450.09,0.0,2.12,3077.75,0
2026-06-08,2026-06-08 14:40:00,1450.09,1450.09,1450.09,1450.09,0.0,2.12,3077.75,0
2026-06-08,2026-06-08 14:41:00,1450.09,1450.09,1450.09,1450.09,0.0,2.12,3077.75,0
2026-06-08,2026-06-08 14:42:00,1450.09,1450.09,1450.09,1450.09,0.0,2.12,3077.75,0
2026-06-08,2026-06-08 14:43:00,1450.09,1450.09,1450.09,1450.09,0.0,2.12,3077.75,0
2026-06-08,2026-06-08 14:44:00,1450.09,1450.09,1450.09,1450.09,0.0,2.12,3077.75,0
2026-06-08,2026-06-08 14:45:00,1450.09,1450.09,1450.09,1450.09,0.0,2.12,3077.75,0
2026-06-08,2026-06-08 14:46:00,1450.09,1450.09,1450.09,1450.09,0.0,2.12,3077.75,0
2026-06-08,2026-06-08 14:47:00,1450.09,1450.09,1450.09,1450.09,0.0,2.12,3077.75,0
2026-06-08,2026-06-08 14:48:00,1450.09,1450.1,1450.09,1450.1,0.0,2.12,3077.75,1
2026-06-08,2026-06-08 14:49:00,1450.1,1450.1,1450.1,1450.1,0.0,2.12,3077.75,0
2026-06-08,2026-06-08 14:50:00,1450.1,1450.1,1450.1,1450.1,0.0,2.12,3077.75,0
2026-06-08,2026-06-08 14:51:00,1450.1,1450.1,1450.1,1450.1,0.0,2.12,3077.75,0
2026-06-08,2026-06-08 14:52:00,1450.1,1450.1,1450.1,1450.1,0.0,2.12,3077.75,0
2026-06-08,2026-06-08 14:53:00,1450.1,1450.1,1450.1,1450.1,0.0,2.12,3077.75,0
2026-06-08,2026-06-08 14:54:00,1450.1,1450.1,1450.1,1450.1,0.0,2.12,3077.75,0
2026-06-08,2026-06-08 14:55:00,1450.1,1450.1,1450.1,1450.1,0.0,2.12,3077.75,0
2026-06-08,2026-06-08 14:56:00,1450.1,1450.1,1450.1,1450.1,0.0,2.12,3077.75,0
2026-06-08,2026-06-08 14:57:00,1450.1,1450.1,1450.1,1450.1,0.0,2.12,3077.75,0
2026-06-08,2026-06-08 14:58:00,1450.1,1450.1,1450.1,1450.1,0.0,2.12,3077.75,0
2026-06-08,2026-06-08 14:59:00,1450.1,1450.1,1450.1,1450.1,0.0,2.12,3077.75,0
2026-06-08,2026-06-08 15:00:00,1450.1,1465.0,1450.0,1450.1,0.0,2.12,3077.75,0
2026-06-09,2026-06-09 11:00:00,1450.1,1450.1,1445.57,1450.06,-0.0,3.47,5023.36,-1
2026-06-09,2026-06-09 11:01:00,1450.06,1450.06,1450.03,1450.03,-0.0,3.47,5023.36,-1
2026-06-09,2026-06-09 11:02:00,1450.03,1450.03,1449.99,1449.99,-0.0,3.47,5023.36,-1
2026-06-09,2026-06-09 11:03:00,1449.99,1449.99,1449.95,1449.95,-0.0,3.47,5023.36,-1
2026-06-09,2026-06-09 11:04:00,1449.95,1449.95,1449.92,1449.92,-0.0,3.47,5023.36,-1
2026-06-09,2026-06-09 11:05:00,1449.92,1449.92,1449.88,1449.88,-0.0,3.47,5023.36,-1
2026-06-09,2026-06-09 11:06:00,1449.88,1449.88,1449.84,1449.84,-0.0,3.47,5023.36,-1
2026-06-09,2026-06-09 11:07:00,1449.84,1449.84,1449.81,1449.81,-0.0,3.47,5023.36,-1
2026-06-09,2026-06-09 11:08:00,1449.81,1449.81,1449.77,1449.77,-0.0,3.47,5023.36,-1
2026-06-09,2026-06-09 11:09:00,1449.77,1449.77,1449.73,1449.73,-0.0,3.47,5023.36,-1
2026-06-09,2026-06-09 11:10:00,1449.73,1449.73,1449.7,1449.7,-0.0,3.47,5023.36,-1
2026-06-09,2026-06-09 11:11:00,1449.7,1449.7,1449.66,1449.66,-0.0,3.47,5023.36,-1
2026-06-09,2026-06-09 11:12:00,1449.66,1449.66,1449.62,1449.62,-0.0,3.47,5023.36,-1
2026-06-09,2026-06-09 11:13:00,1449.62,1449.62,1449.59,1449.59,-0.0,3.47,5023.36,-1
2026-06-09,2026-06-09 11:14:00,1449.59,1449.59,1449.55,1449.55,-0.0,3.47,5023.36,-1
2026-06-09,2026-06-09 11:15:00,1449.55,1449.55,1449.51,1449.51,-0.0,3.47,5023.36,-1
2026-06-09,2026-06-09 11:16:00,1449.51,1449.51,1449.48,1449.48,-0.0,3.47,5023.36,-1
2026-06-09,2026-06-09 11:17:00,1449.48,1449.48,1449.44,1449.44,-0.0,3.47,5023.36,-1
2026-06-09,2026-06-09 11:18:00,1449.44,1449.44,1449.4,1449.4,-0.0,3.47,5023.36,-1
2026-06-09,2026-06-09 11:19:00,1449.4,1449.4,1449.37,1449.37,-0.0,3.47,5023.36,-1
2026-06-09,2026-06-09 11:20:00,1449.37,1449.37,1449.33,1449.33,-0.0,3.47,5023.36,-1
2026-06-09,2026-06-09 11:21:00,1449.33,1449.33,1449.29,1449.29,-0.0,3.47,5023.36,-1
2026-06-09,2026-06-09 11:22:00,1449.29,1449.29,1449.26,1449.26,-0.0,3.47,5023.36,-1
2026-06-09,2026-06-09 11:23:00,1449.26,1449.26,1449.22,1449.22,-0.0,3.47,5023.36,-1
2026-06-09,2026-06-09 11:24:00,1449.22,1449.22,1449.18,1449.18,-0.0,3.47,5023.36,-1
2026-06-09,2026-06-09 11:25:00,1449.18,1449.18,1449.15,1449.15,-0.0,3.47,5023.36,-1
2026-06-09,2026-06-09 11:26:00,1449.15,1449.15,1449.11,1449.11,-0.0,3.47,5023.36,-1
2026-06-09,2026-06-09 11:27:00,1449.11,1449.11,1449.07,1449.07,-0.0,3.47,5023.36,-1
2026-06-09,2026-06-09 11:28:00,1449.07,1449.07,1449.04,1449.04,-0.0,3.47,5023.36,-1
2026-06-09,2026-06-09 11:29:00,1449.04,1449.04,1449.0,1449.0,-0.0,3.47,5023.36,-1
2026-06-09,2026-06-09 11:30:00,1449.0,1449.0,1448.96,1448.96,-0.0,3.47,5023.36,-1
2026-06-09,2026-06-09 11:31:00,1448.96,1448.96,1448.93,1448.93,-0.0,3.47,5023.36,-1
2026-06-09,2026-06-09 11:32:00,1448.93,1448.93,1448.89,1448.89,-0.0,3.47,5023.36,-1
2026-06-09,2026-06-09 11:33:00,1448.89,1448.89,1448.85,1448.85,-0.0,3.47,5023.36,-1
2026-06-09,2026-06-09 11:34:00,1448.85,1448.85,1448.82,1448.82,-0.0,3.47,5023.36,-1
2026-06-09,2026-06-09 11:35:00,1448.82,1448.82,1448.78,1448.78,-0.0,3.47,5023.36,-1
2026-06-09,2026-06-09 11:36:00,1448.78,1448.78,1448.74,1448.74,-0.0,3.47,5023.36,-1
2026-06-09,2026-06-09 11:37:00,1448.74,1448.74,1448.71,1448.71,-0.0,3.47,5023.36,-1
2026-06-09,2026-06-09 11:38:00,1448.71,1448.71,1448.67,1448.67,-0.0,3.47,5023.36,-1
2026-06-09,2026-06-09 11:39:00,1448.67,1448.67,1448.63,1448.63,-0.0,3.47,5023.36,-1
2026-06-09,2026-06-09 11:40:00,1448.63,1448.63,1448.6,1448.6,-0.0,3.47,5023.36,-1
2026-06-09,2026-06-09 11:41:00,1448.6,1448.6,1448.56,1448.56,-0.0,3.47,5023.36,-1
2026-06-09,2026-06-09 11:42:00,1448.56,1448.56,1448.52,1448.52,-0.0,3.47,5023.36,-1
2026-06-09,2026-06-09 11:43:00,1448.52,1448.52,1448.49,1448.49,-0.0,3.47,5023.36,-1
2026-06-09,2026-06-09 11:44:00,1448.49,1448.49,1448.45,1448.45,-0.0,3.47,5023.36,-1
2026-06-09,2026-06-09 11:45:00,1448.45,1448.45,1448.41,1448.41,-0.0,3.47,5023.36,-1
2026-06-09,2026-06-09 11:46:00,1448.41,1448.41,1448.38,1448.38,-0.0,3.47,5023.36,-1
2026-06-09,2026-06-09 11:47:00,1448.38,1448.38,1448.34,1448.34,-0.0,3.47,5023.36,-1
2026-06-09,2026-06-09 11:48:00,1448.34,1448.34,1448.3,1448.3,-0.0,3.47,5023.36,-1
2026-06-09,2026-06-09 11:49:00,1448.3,1448.3,1448.27,1448.27,-0.0,3.47,5023.36,-1
2026-06-09,2026-06-09 11:50:00,1448.27,1448.27,1448.23,1448.23,-0.0,3.47,5023.36,-1
2026-06-09,2026-06-09 11:51:00,1448.23,1448.23,1448.19,1448.19,-0.0,3.47,5023.36,-1
2026-06-09,2026-06-09 11:52:00,1448.19,1448.19,1448.16,1448.16,-0.0,3.47,5023.36,-1
2026-06-09,2026-06-09 11:53:00,1448.16,1448.16,1448.12,1448.12,-0.0,3.47,5023.36,-1
2026-06-09,2026-06-09 11:54:00,1448.12,1448.12,1448.08,1448.08,-0.0,3.47,5023.36,-1
2026-06-09,2026-06-09 11:55:00,1448.08,1448.08,1448.05,1448.05,-0.0,3.47,5023.36,-1
2026-06-09,2026-06-09 11:56:00,1448.05,1448.05,1448.01,1448.01,-0.0,3.47,5023.36,-1
2026-06-09,2026-06-09 11:57:00,1448.01,1448.01,1447.97,1447.97,-0.0,3.47,5023.36,-1
2026-06-09,2026-06-09 11:58:00,1447.97,1447.97,1447.94,1447.94,-0.0,3.47,5023.36,-1
2026-06-09,2026-06-09 11:59:00,1447.94,1447.94,1447.9,1447.9,-0.0,3.47,5023.36,-1
2026-06-09,2026-06-09 12:00:00,1447.9,1447.9,1447.86,1447.86,-0.0,3.47,5023.36,-1
2026-06-09,2026-06-09 12:01:00,1447.86,1447.86,1447.83,1447.83,-0.0,3.47,5023.36,-1
2026-06-09,2026-06-09 12:02:00,1447.83,1447.83,1447.79,1447.79,-0.0,3.47,5023.36,-1
2026-06-09,2026-06-09 12:03:00,1447.79,1447.79,1447.75,1447.75,-0.0,3.47,5023.36,-1
2026-06-09,2026-06-09 12:04:00,1447.75,1447.75,1447.72,1447.72,-0.0,3.47,5023.36,-1
2026-06-09,2026-06-09 12:05:00,1447.72,1447.72,1447.68,1447.68,-0.0,3.47,5023.36,-1
2026-06-09,2026-06-09 12:06:00,1447.68,1447.68,1447.64,1447.64,-0.0,3.47,5023.36,-1
2026-06-09,2026-06-09 12:07:00,1447.64,1447.64,1447.61,1447.61,-0.0,3.47,5023.36,-1
2026-06-09,2026-06-09 12:08:00,1447.61,1447.61,1447.57,1447.57,-0.0,3.47,5023.36,-1
2026-06-09,2026-06-09 12:09:00,1447.57,1447.57,1447.53,1447.53,-0.0,3.47,5023.36,-1
2026-06-09,2026-06-09 12:10:00,1447.53,1447.53,1447.5,1447.5,-0.0,3.47,5023.36,-1
2026-06-09,2026-06-09 12:11:00,1447.5,1447.5,1447.46,1447.46,-0.0,3.47,5023.36,-1
2026-06-09,2026-06-09 12:12:00,1447.46,1447.46,1447.42,1447.42,-0.0,3.47,5023.36,-1
2026-06-09,2026-06-09 12:13:00,1447.42,1447.42,1447.39,1447.39,-0.0,3.47,5023.36,-1
2026-06-09,2026-06-09 12:14:00,1447.39,1447.39,1447.35,1447.35,-0.0,3.47,5023.36,-1
2026-06-09,2026-06-09 12:15:00,1447.35,1447.35,1447.31,1447.31,-0.0,3.47,5023.36,-1
2026-06-09,2026-06-09 12:16:00,1447.31,1447.31,1447.28,1447.28,-0.0,3.47,5023.36,-1
2026-06-09,2026-06-09 12:17:00,1447.28,1447.28,1447.24,1447.24,-0.0,3.47,5023.36,-1
2026-06-09,2026-06-09 12:18:00,1447.24,1447.24,1447.2,1447.2,-0.0,3.47,5023.36,-1
2026-06-09,2026-06-09 12:19:00,1447.2,1447.2,1447.17,1447.17,-0.0,3.47,5023.36,-1
2026-06-09,2026-06-09 12:20:00,1447.17,1447.17,1447.13,1447.13,-0.0,3.47,5023.36,-1
2026-06-09,2026-06-09 12:21:00,1447.13,1447.13,1447.09,1447.09,-0.0,3.47,5023.36,-1
2026-06-09,2026-06-09 12:22:00,1447.09,1447.09,1447.06,1447.06,-0.0,3.47,5023.36,-1
2026-06-09,2026-06-09 12:23:00,1447.06,1447.06,1447.02,1447.02,-0.0,3.47,5023.36,-1
2026-06-09,2026-06-09 12:24:00,1447.02,1447.02,1446.98,1446.98,-0.0,3.47,5023.36,-1
2026-06-09,2026-06-09 12:25:00,1446.98,1446.98,1446.95,1446.95,-0.0,3.47,5023.36,-1
2026-06-09,2026-06-09 12:26:00,1446.95,1446.95,1446.91,1446.91,-0.0,3.47,5023.36,-1
2026-06-09,2026-06-09 12:27:00,1446.91,1446.91,1446.87,1446.87,-0.0,3.47,5023.36,-1
2026-06-09,2026-06-09 12:28:00,1446.87,1446.87,1446.84,1446.84,-0.0,3.47,5023.36,-1
2026-06-09,2026-06-09 12:29:00,1446.84,1446.84,1446.8,1446.8,-0.0,3.47,5023.36,-1
2026-06-09,2026-06-09 12:30:00,1446.8,1446.8,1446.76,1446.76,-0.0,3.47,5023.36,-1
2026-06-09,2026-06-09 12:31:00,1446.76,1446.76,1446.73,1446.73,-0.0,3.47,5023.36,-1
2026-06-09,2026-06-09 12:32:00,1446.73,1446.73,1446.69,1446.69,-0.0,3.47,5023.36,-1
2026-06-09,2026-06-09 12:33:00,1446.69,1446.69,1446.65,1446.65,-0.0,3.47,5023.36,-1
2026-06-09,2026-06-09 12:34:00,1446.65,1446.65,1446.62,1446.62,-0.0,3.47,5023.36,-1
2026-06-09,2026-06-09 12:35:00,1446.62,1446.62,1446.58,1446.58,-0.0,3.47,5023.36,-1
2026-06-09,2026-06-09 12:36:00,1446.58,1446.58,1446.54,1446.54,-0.0,3.47,5023.36,-1
2026-06-09,2026-06-09 12:37:00,1446.54,1446.54,1446.51,1446.51,-0.0,3.47,5023.36,-1
2026-06-09,2026-06-09 12:38:00,1446.51,1446.51,1446.47,1446.47,-0.0,3.47,5023.36,-1
2026-06-09,2026-06-09 12:39:00,1446.47,1446.47,1446.43,1446.43,-0.0,3.47,5023.36,-1
2026-06-09,2026-06-09 12:40:00,1446.43,1446.43,1446.4,1446.4,-0.0,3.47,5023.36,-1
2026-06-09,2026-06-09 12:41:00,1446.4,1446.4,1446.36,1446.36,-0.0,3.47,5023.36,-1
2026-06-09,2026-06-09 12:42:00,1446.36,1446.36,1446.32,1446.32,-0.0,3.47,5023.36,-1
2026-06-09,2026-06-09 12:43:00,1446.32,1446.32,1446.29,1446.29,-0.0,3.47,5023.36,-1
2026-06-09,2026-06-09 12:44:00,1446.29,1446.29,1446.25,1446.25,-0.0,3.47,5023.36,-1
2026-06-09,2026-06-09 12:45:00,1446.25,1446.25,1446.21,1446.21,-0.0,3.47,5023.36,-1
2026-06-09,2026-06-09 12:46:00,1446.21,1446.21,1446.18,1446.18,-0.0,3.47,5023.36,-1
2026-06-09,2026-06-09 12:47:00,1446.18,1446.18,1446.14,1446.14,-0.0,3.47,5023.36,-1
2026-06-09,2026-06-09 12:48:00,1446.14,1446.14,1446.1,1446.1,-0.0,3.47,5023.36,-1
2026-06-09,2026-06-09 12:49:00,1446.1,1446.1,1446.07,1446.07,-0.0,3.47,5023.36,-1
2026-06-09,2026-06-09 12:50:00,1446.07,1446.07,1446.03,1446.03,-0.0,3.47,5023.36,-1
2026-06-09,2026-06-09 12:51:00,1446.03,1446.03,1445.99,1445.99,-0.0,3.47,5023.36,-1
2026-06-09,2026-06-09 12:52:00,1445.99,1445.99,1445.96,1445.96,-0.0,3.47,5023.36,-1
2026-06-09,2026-06-09 12:53:00,1445.96,1445.96,1445.92,1445.92,-0.0,3.47,5023.36,-1
2026-06-09,2026-06-09 12:54:00,1445.92,1445.92,1445.88,1445.88,-0.0,3.47,5023.36,-1
2026-06-09,2026-06-09 12:55:00,1445.88,1445.88,1445.85,1445.85,-0.0,3.47,5023.36,-1
2026-06-09,2026-06-09 12:56:00,1445.85,1445.85,1445.81,1445.81,-0.0,3.47,5023.36,-1
2026-06-09,2026-06-09 12:57:00,1445.81,1445.81,1445.77,1445.77,-0.0,3.47,5023.36,-1
2026-06-09,2026-06-09 12:58:00,1445.77,1445.77,1445.74,1445.74,-0.0,3.47,5023.36,-1
2026-06-09,2026-06-09 12:59:00,1445.74,1445.74,1445.7,1445.7,-0.0,3.47,5023.36,-1
2026-06-09,2026-06-09 13:00:00,1445.7,1450.1,1435.0,1445.66,-0.0,3.47,5023.36,-1
2026-06-09,2026-06-09 13:01:00,1445.66,1445.66,1445.63,1445.63,-0.0,3.47,5023.36,-1
2026-06-09,2026-06-09 13:02:00,1445.63,1445.63,1445.59,1445.59,-0.0,3.47,5023.36,-1
2026-06-09,2026-06-09 13:03:00,1445.59,1445.59,1445.55,1445.55,-0.0,3.47,5023.36,-1
2026-06-09,2026-06-09 13:04:00,1445.55,1445.55,1445.52,1445.52,-0.0,3.47,5023.36,-1
2026-06-09,2026-06-09 13:05:00,1445.52,1445.52,1445.48,1445.48,-0.0,3.47,5023.36,-1
2026-06-09,2026-06-09 13:06:00,1445.48,1445.48,1445.44,1445.44,-0.0,3.47,5023.36,-1
2026-06-09,2026-06-09 13:07:00,1445.44,1445.44,1445.41,1445.41,-0.0,3.47,5023.36,-1
2026-06-09,2026-06-09 13:08:00,1445.41,1445.41,1445.37,1445.37,-0.0,3.47,5023.36,-1
2026-06-09,2026-06-09 13:09:00,1445.37,1445.37,1445.33,1445.33,-0.0,3.47,5023.36,-1
2026-06-09,2026-06-09 13:10:00,1445.33,1445.33,1445.3,1445.3,-0.0,3.47,5023.36,-1
2026-06-09,2026-06-09 13:11:00,1445.3,1445.3,1445.26,1445.26,-0.0,3.47,5023.36,-1
2026-06-09,2026-06-09 13:12:00,1445.26,1445.26,1445.22,1445.22,-0.0,3.47,5023.36,-1
2026-06-09,2026-06-09 13:13:00,1445.22,1445.22,1445.19,1445.19,-0.0,3.47,5023.36,-1
2026-06-09,2026-06-09 13:14:00,1445.19,1445.19,1445.15,1445.15,-0.0,3.47,5023.36,-1
2026-06-09,2026-06-09 13:15:00,1445.15,1445.15,1445.11,1445.11,-0.0,3.47,5023.36,-1
2026-06-09,2026-06-09 13:16:00,1445.11,1445.11,1445.08,1445.08,-0.0,3.47,5023.36,-1
2026-06-09,2026-06-09 13:17:00,1445.08,1445.08,1445.04,1445.04,-0.0,3.47,5023.36,-1
2026-06-09,2026-06-09 13:18:00,1445.04,1445.04,1445.0,1445.0,-0.0,3.47,5023.36,-1
2026-06-09,2026-06-09 13:19:00,1445.0,1445.0,1444.97,1444.97,-0.0,3.47,5023.36,-1
2026-06-09,2026-06-09 13:20:00,1444.97,1444.97,1444.93,1444.93,-0.0,3.47,5023.36,-1
2026-06-09,2026-06-09 13:21:00,1444.93,1444.93,1444.89,1444.89,-0.0,3.47,5023.36,-1
2026-06-09,2026-06-09 13:22:00,1444.89,1444.89,1444.86,1444.86,-0.0,3.47,5023.36,-1
2026-06-09,2026-06-09 13:23:00,1444.86,1444.86,1444.82,1444.82,-0.0,3.47,5023.36,-1
2026-06-09,2026-06-09 13:24:00,1444.82,1444.82,1444.78,1444.78,-0.0,3.47,5023.36,-1
2026-06-09,2026-06-09 13:25:00,1444.78,1444.78,1444.75,1444.75,-0.0,3.47,5023.36,-1
2026-06-09,2026-06-09 13:26:00,1444.75,1444.75,1444.71,1444.71,-0.0,3.47,5023.36,-1
2026-06-09,2026-06-09 13:27:00,1444.71,1444.71,1444.67,1444.67,-0.0,3.47,5023.36,-1
2026-06-09,2026-06-09 13:28:00,1444.67,1444.67,1444.64,1444.64,-0.0,3.47,5023.36,-1
2026-06-09,2026-06-09 13:29:00,1444.64,1444.64,1444.6,1444.6,-0.0,3.47,5023.36,-1
2026-06-09,2026-06-09 13:30:00,1444.6,1444.6,1444.56,1444.56,-0.0,3.47,5023.36,-1
2026-06-09,2026-06-09 13:31:00,1444.56,1444.56,1444.53,1444.53,-0.0,3.47,5023.36,-1
2026-06-09,2026-06-09 13:32:00,1444.53,1444.53,1444.49,1444.49,-0.0,3.47,5023.36,-1
2026-06-09,2026-06-09 13:33:00,1444.49,1444.49,1444.45,1444.45,-0.0,3.47,5023.36,-1
2026-06-09,2026-06-09 13:34:00,1444.45,1444.45,1444.42,1444.42,-0.0,3.47,5023.36,-1
2026-06-09,2026-06-09 13:35:00,1444.42,1444.42,1444.38,1444.38,-0.0,3.47,5023.36,-1
2026-06-09,2026-06-09 13:36:00,1444.38,1444.38,1444.34,1444.34,-0.0,3.47,5023.36,-1
2026-06-09,2026-06-09 13:37:00,1444.34,1444.34,1444.31,1444.31,-0.0,3.47,5023.36,-1
2026-06-09,2026-06-09 13:38:00,1444.31,1444.31,1444.27,1444.27,-0.0,3.47,5023.36,-1
2026-06-09,2026-06-09 13:39:00,1444.27,1444.27,1444.23,1444.23,-0.0,3.47,5023.36,-1
2026-06-09,2026-06-09 13:40:00,1444.23,1444.23,1444.2,1444.2,-0.0,3.47,5023.36,-1
2026-06-09,2026-06-09 13:41:00,1444.2,1444.2,1444.16,1444.16,-0.0,3.47,5023.36,-1
2026-06-09,2026-06-09 13:42:00,1444.16,1444.16,1444.12,1444.12,-0.0,3.47,5023.36,-1
2026-06-09,2026-06-09 13:43:00,1444.12,1444.12,1444.09,1444.09,-0.0,3.47,5023.36,-1
2026-06-09,2026-06-09 13:44:00,1444.09,1444.09,1444.05,1444.05,-0.0,3.47,5023.36,-1
2026-06-09,2026-06-09 13:45:00,1444.05,1444.05,1444.01,1444.01,-0.0,3.47,5023.36,-1
2026-06-09,2026-06-09 13:46:00,1444.01,1444.01,1443.98,1443.98,-0.0,3.47,5023.36,-1
2026-06-09,2026-06-09 13:47:00,1443.98,1443.98,1443.94,1443.94,-0.0,3.47,5023.36,-1
2026-06-09,2026-06-09 13:48:00,1443.94,1443.94,1443.9,1443.9,-0.0,3.47,5023.36,-1
2026-06-09,2026-06-09 13:49:00,1443.9,1443.9,1443.87,1443.87,-0.0,3.47,5023.36,-1
2026-06-09,2026-06-09 13:50:00,1443.87,1443.87,1443.83,1443.83,-0.0,3.47,5023.36,-1
2026-06-09,2026-06-09 13:51:00,1443.83,1443.83,1443.79,1443.79,-0.0,3.47,5023.36,-1
2026-06-09,2026-06-09 13:52:00,1443.79,1443.79,1443.76,1443.76,-0.0,3.47,5023.36,-1
2026-06-09,2026-06-09 13:53:00,1443.76,1443.76,1443.72,1443.72,-0.0,3.47,5023.36,-1
2026-06-09,2026-06-09 13:54:00,1443.72,1443.72,1443.68,1443.68,-0.0,3.47,5023.36,-1
2026-06-09,2026-06-09 13:55:00,1443.68,1443.68,1443.65,1443.65,-0.0,3.47,5023.36,-1
2026-06-09,2026-06-09 13:56:00,1443.65,1443.65,1443.61,1443.61,-0.0,3.47,5023.36,-1
2026-06-09,2026-06-09 13:57:00,1443.61,1443.61,1443.57,1443.57,-0.0,3.47,5023.36,-1
2026-06-09,2026-06-09 13:58:00,1443.57,1443.57,1443.54,1443.54,-0.0,3.47,5023.36,-1
2026-06-09,2026-06-09 13:59:00,1443.54,1443.54,1443.5,1443.5,-0.0,3.47,5023.36,-1
2026-06-09,2026-06-09 14:00:00,1443.5,1443.5,1443.46,1443.46,-0.0,3.47,5023.36,-1
2026-06-09,2026-06-09 14:01:00,1443.46,1443.46,1443.43,1443.43,-0.0,3.47,5023.36,-1
2026-06-09,2026-06-09 14:02:00,1443.43,1443.43,1443.39,1443.39,-0.0,3.47,5023.36,-1
2026-06-09,2026-06-09 14:03:00,1443.39,1443.39,1443.35,1443.35,-0.0,3.47,5023.36,-1
2026-06-09,2026-06-09 14:04:00,1443.35,1443.35,1443.32,1443.32,-0.0,3.47,5023.36,-1
2026-06-09,2026-06-09 14:05:00,1443.32,1443.32,1443.28,1443.28,-0.0,3.47,5023.36,-1
2026-06-09,2026-06-09 14:06:00,1443.28,1443.28,1443.24,1443.24,-0.0,3.47,5023.36,-1
2026-06-09,2026-06-09 14:07:00,1443.24,1443.24,1443.21,1443.21,-0.0,3.47,5023.36,-1
2026-06-09,2026-06-09 14:08:00,1443.21,1443.21,1443.17,1443.17,-0.0,3.47,5023.36,-1
2026-06-09,2026-06-09 14:09:00,1443.17,1443.17,1443.13,1443.13,-0.0,3.47,5023.36,-1
2026-06-09,2026-06-09 14:10:00,1443.13,1443.13,1443.1,1443.1,-0.0,3.47,5023.36,-1
2026-06-09,2026-06-09 14:11:00,1443.1,1443.1,1443.06,1443.06,-0.0,3.47,5023.36,-1
2026-06-09,2026-06-09 14:12:00,1443.06,1443.06,1443.02,1443.02,-0.0,3.47,5023.36,-1
2026-06-09,2026-06-09 14:13:00,1443.02,1443.02,1442.99,1442.99,-0.0,3.47,5023.36,-1
2026-06-09,2026-06-09 14:14:00,1442.99,1442.99,1442.95,1442.95,-0.0,3.47,5023.36,-1
2026-06-09,2026-06-09 14:15:00,1442.95,1442.95,1442.91,1442.91,-0.0,3.47,5023.36,-1
2026-06-09,2026-06-09 14:16:00,1442.91,1442.91,1442.88,1442.88,-0.0,3.47,5023.36,-1
2026-06-09,2026-06-09 14:17:00,1442.88,1442.88,1442.84,1442.84,-0.0,3.47,5023.36,-1
2026-06-09,2026-06-09 14:18:00,1442.84,1442.84,1442.8,1442.8,-0.0,3.47,5023.36,-1
2026-06-09,2026-06-09 14:19:00,1442.8,1442.8,1442.77,1442.77,-0.0,3.47,5023.36,-1
2026-06-09,2026-06-09 14:20:00,1442.77,1442.77,1442.73,1442.73,-0.0,3.47,5023.36,-1
2026-06-09,2026-06-09 14:21:00,1442.73,1442.73,1442.69,1442.69,-0.0,3.47,5023.36,-1
2026-06-09,2026-06-09 14:22:00,1442.69,1442.69,1442.66,1442.66,-0.0,3.47,5023.36,-1
2026-06-09,2026-06-09 14:23:00,1442.66,1442.66,1442.62,1442.62,-0.0,3.47,5023.36,-1
2026-06-09,2026-06-09 14:24:00,1442.62,1442.62,1442.58,1442.58,-0.0,3.47,5023.36,-1
2026-06-09,2026-06-09 14:25:00,1442.58,1442.58,1442.55,1442.55,-0.0,3.47,5023.36,-1
2026-06-09,2026-06-09 14:26:00,1442.55,1442.55,1442.51,1442.51,-0.0,3.47,5023.36,-1
2026-06-09,2026-06-09 14:27:00,1442.51,1442.51,1442.47,1442.47,-0.0,3.47,5023.36,-1
2026-06-09,2026-06-09 14:28:00,1442.47,1442.47,1442.44,1442.44,-0.0,3.47,5023.36,-1
2026-06-09,2026-06-09 14:29:00,1442.44,1442.44,1442.4,1442.4,-0.0,3.47,5023.36,-1
2026-06-09,2026-06-09 14:30:00,1442.4,1442.4,1442.36,1442.36,-0.0,3.47,5023.36,-1
2026-06-09,2026-06-09 14:31:00,1442.36,1442.36,1442.33,1442.33,-0.0,3.47,5023.36,-1
2026-06-09,2026-06-09 14:32:00,1442.33,1442.33,1442.29,1442.29,-0.0,3.47,5023.36,-1
2026-06-09,2026-06-09 14:33:00,1442.29,1442.29,1442.25,1442.25,-0.0,3.47,5023.36,-1
2026-06-09,2026-06-09 14:34:00,1442.25,1442.25,1442.22,1442.22,-0.0,3.47,5023.36,-1
2026-06-09,2026-06-09 14:35:00,1442.22,1442.22,1442.18,1442.18,-0.0,3.47,5023.36,-1
2026-06-09,2026-06-09 14:36:00,1442.18,1442.18,1442.14,1442.14,-0.0,3.47,5023.36,-1
2026-06-09,2026-06-09 14:37:00,1442.14,1442.14,1442.11,1442.11,-0.0,3.47,5023.36,-1
2026-06-09,2026-06-09 14:38:00,1442.11,1442.11,1442.07,1442.07,-0.0,3.47,5023.36,-1
2026-06-09,2026-06-09 14:39:00,1442.07,1442.07,1442.03,1442.03,-0.0,3.47,5023.36,-1
2026-06-09,2026-06-09 14:40:00,1442.03,1442.03,1442.0,1442.0,-0.0,3.47,5023.36,-1
2026-06-09,2026-06-09 14:41:00,1442.0,1442.0,1441.96,1441.96,-0.0,3.47,5023.36,-1
2026-06-09,2026-06-09 14:42:00,1441.96,1441.96,1441.92,1441.92,-0.0,3.47,5023.36,-1
2026-06-09,2026-06-09 14:43:00,1441.92,1441.92,1441.89,1441.89,-0.0,3.47,5023.36,-1
2026-06-09,2026-06-09 14:44:00,1441.89,1441.89,1441.85,1441.85,-0.0,3.47,5023.36,-1
2026-06-09,2026-06-09 14:45:00,1441.85,1441.85,1441.81,1441.81,-0.0,3.47,5023.36,-1
2026-06-09,2026-06-09 14:46:00,1441.81,1441.81,1441.78,1441.78,-0.0,3.47,5023.36,-1
2026-06-09,2026-06-09 14:47:00,1441.78,1441.78,1441.74,1441.74,-0.0,3.47,5023.36,-1
2026-06-09,2026-06-09 14:48:00,1441.74,1441.74,1441.7,1441.7,-0.0,3.47,5023.36,-1
2026-06-09,2026-06-09 14:49:00,1441.7,1441.7,1441.67,1441.67,-0.0,3.47,5023.36,-1
2026-06-09,2026-06-09 14:50:00,1441.67,1441.67,1441.63,1441.63,-0.0,3.47,5023.36,-1
2026-06-09,2026-06-09 14:51:00,1441.63,1441.63,1441.59,1441.59,-0.0,3.47,5023.36,-1
2026-06-09,2026-06-09 14:52:00,1441.59,1441.59,1441.56,1441.56,-0.0,3.47,5023.36,-1
2026-06-09,2026-06-09 14:53:00,1441.56,1441.56,1441.52,1441.52,-0.0,3.47,5023.36,-1
2026-06-09,2026-06-09 14:54:00,1441.52,1441.52,1441.48,1441.48,-0.0,3.47,5023.36,-1
2026-06-09,2026-06-09 14:55:00,1441.48,1441.48,1441.45,1441.45,-0.0,3.47,5023.36,-1
2026-06-09,2026-06-09 14:56:00,1441.45,1441.45,1441.41,1441.41,-0.0,3.47,5023.36,-1
2026-06-09,2026-06-09 14:57:00,1441.41,1441.41,1441.37,1441.37,-0.0,3.47,5023.36,-1
2026-06-09,2026-06-09 14:58:00,1441.37,1441.37,1441.34,1441.34,-0.0,3.47,5023.36,-1
2026-06-09,2026-06-09 14:59:00,1441.34,1441.34,1441.3,1441.3,-0.0,3.47,5023.36,-1
2026-06-09,2026-06-09 15:00:00,1441.3,1450.1,1435.0,1441.3,0.0,3.47,5023.36,0
2026-06-10,2026-06-10 11:00:00,1441.1,1446.47,1441.1,1441.11,0.0,3.19,4608.3,1
2026-06-10,2026-06-10 11:01:00,1441.11,1441.12,1441.11,1441.12,0.0,3.19,4608.3,1
2026-06-10,2026-06-10 11:02:00,1441.12,1441.12,1441.12,1441.12,0.0,3.19,4608.3,0
2026-06-10,2026-06-10 11:03:00,1441.12,1441.13,1441.12,1441.13,0.0,3.19,4608.3,1
2026-06-10,2026-06-10 11:04:00,1441.13,1441.14,1441.13,1441.14,0.0,3.19,4608.3,1
2026-06-10,2026-06-10 11:05:00,1441.14,1441.15,1441.14,1441.15,0.0,3.19,4608.3,1
2026-06-10,2026-06-10 11:06:00,1441.15,1441.16,1441.15,1441.16,0.0,3.19,4608.3,1
2026-06-10,2026-06-10 11:07:00,1441.16,1441.16,1441.16,1441.16,0.0,3.19,4608.3,0
2026-06-10,2026-06-10 11:08:00,1441.16,1441.17,1441.16,1441.17,0.0,3.19,4608.3,1
2026-06-10,2026-06-10 11:09:00,1441.17,1441.18,1441.17,1441.18,0.0,3.19,4608.3,1
2026-06-10,2026-06-10 11:10:00,1441.18,1441.19,1441.18,1441.19,0.0,3.19,4608.3,1
2026-06-10,2026-06-10 11:11:00,1441.19,1441.19,1441.19,1441.19,0.0,3.19,4608.3,0
2026-06-10,2026-06-10 11:12:00,1441.19,1441.2,1441.19,1441.2,0.0,3.19,4608.3,1
2026-06-10,2026-06-10 11:13:00,1441.2,1441.21,1441.2,1441.21,0.0,3.19,4608.3,1
2026-06-10,2026-06-10 11:14:00,1441.21,1441.22,1441.21,1441.22,0.0,3.19,4608.3,1
2026-06-10,2026-06-10 11:15:00,1441.22,1441.23,1441.22,1441.23,0.0,3.19,4608.3,1
2026-06-10,2026-06-10 11:16:00,1441.23,1441.23,1441.23,1441.23,0.0,3.19,4608.3,0
2026-06-10,2026-06-10 11:17:00,1441.23,1441.24,1441.23,1441.24,0.0,3.19,4608.3,1
2026-06-10,2026-06-10 11:18:00,1441.24,1441.25,1441.24,1441.25,0.0,3.19,4608.3,1
2026-06-10,2026-06-10 11:19:00,1441.25,1441.26,1441.25,1441.26,0.0,3.19,4608.3,1
2026-06-10,2026-06-10 11:20:00,1441.26,1441.27,1441.26,1441.27,0.0,3.19,4608.3,1
2026-06-10,2026-06-10 11:21:00,1441.27,1441.27,1441.27,1441.27,0.0,3.19,4608.3,0
2026-06-10,2026-06-10 11:22:00,1441.27,1441.28,1441.27,1441.28,0.0,3.19,4608.3,1
2026-06-10,2026-06-10 11:23:00,1441.28,1441.29,1441.28,1441.29,0.0,3.19,4608.3,1
2026-06-10,2026-06-10 11:24:00,1441.29,1441.3,1441.29,1441.3,0.0,3.19,4608.3,1
2026-06-10,2026-06-10 11:25:00,1441.3,1441.31,1441.3,1441.31,0.0,3.19,4608.3,1
2026-06-10,2026-06-10 11:26:00,1441.31,1441.31,1441.31,1441.31,0.0,3.19,4608.3,0
2026-06-10,2026-06-10 11:27:00,1441.31,1441.32,1441.31,1441.32,0.0,3.19,4608.3,1
2026-06-10,2026-06-10 11:28:00,1441.32,1441.33,1441.32,1441.33,0.0,3.19,4608.3,1
2026-06-10,2026-06-10 11:29:00,1441.33,1441.34,1441.33,1441.34,0.0,3.19,4608.3,1
2026-06-10,2026-06-10 11:30:00,1441.34,1441.35,1441.34,1441.35,0.0,3.19,4608.3,1
2026-06-10,2026-06-10 11:31:00,1441.35,1441.35,1441.35,1441.35,0.0,3.19,4608.3,0
2026-06-10,2026-06-10 11:32:00,1441.35,1441.36,1441.35,1441.36,0.0,3.19,4608.3,1
2026-06-10,2026-06-10 11:33:00,1441.36,1441.37,1441.36,1441.37,0.0,3.19,4608.3,1
2026-06-10,2026-06-10 11:34:00,1441.37,1441.38,1441.37,1441.38,0.0,3.19,4608.3,1
2026-06-10,2026-06-10 11:35:00,1441.38,1441.38,1441.38,1441.38,0.0,3.19,4608.3,0
2026-06-10,2026-06-10 11:36:00,1441.38,1441.39,1441.38,1441.39,0.0,3.19,4608.3,1
2026-06-10,2026-06-10 11:37:00,1441.39,1441.4,1441.39,1441.4,0.0,3.19,4608.3,1
2026-06-10,2026-06-10 11:38:00,1441.4,1441.41,1441.4,1441.41,0.0,3.19,4608.3,1
2026-06-10,2026-06-10 11:39:00,1441.41,1441.42,1441.41,1441.42,0.0,3.19,4608.3,1
2026-06-10,2026-06-10 11:40:00,1441.42,1441.42,1441.42,1441.42,0.0,3.19,4608.3,0
2026-06-10,2026-06-10 11:41:00,1441.42,1441.43,1441.42,1441.43,0.0,3.19,4608.3,1
2026-06-10,2026-06-10 11:42:00,1441.43,1441.44,1441.43,1441.44,0.0,3.19,4608.3,1
2026-06-10,2026-06-10 11:43:00,1441.44,1441.45,1441.44,1441.45,0.0,3.19,4608.3,1
2026-06-10,2026-06-10 11:44:00,1441.45,1441.46,1441.45,1441.46,0.0,3.19,4608.3,1
2026-06-10,2026-06-10 11:45:00,1441.46,1441.46,1441.46,1441.46,0.0,3.19,4608.3,0
2026-06-10,2026-06-10 11:46:00,1441.46,1441.47,1441.46,1441.47,0.0,3.19,4608.3,1
2026-06-10,2026-06-10 11:47:00,1441.47,1441.48,1441.47,1441.48,0.0,3.19,4608.3,1
2026-06-10,2026-06-10 11:48:00,1441.48,1441.49,1441.48,1441.49,0.0,3.19,4608.3,1
2026-06-10,2026-06-10 11:49:00,1441.49,1441.5,1441.49,1441.5,0.0,3.19,4608.3,1
2026-06-10,2026-06-10 11:50:00,1441.5,1441.5,1441.5,1441.5,0.0,3.19,4608.3,0
2026-06-10,2026-06-10 11:51:00,1441.5,1441.51,1441.5,1441.51,0.0,3.19,4608.3,1
2026-06-10,2026-06-10 11:52:00,1441.51,1441.52,1441.51,1441.52,0.0,3.19,4608.3,1
2026-06-10,2026-06-10 11:53:00,1441.52,1441.53,1441.52,1441.53,0.0,3.19,4608.3,1
2026-06-10,2026-06-10 11:54:00,1441.53,1441.54,1441.53,1441.54,0.0,3.19,4608.3,1
2026-06-10,2026-06-10 11:55:00,1441.54,1441.54,1441.54,1441.54,0.0,3.19,4608.3,0
2026-06-10,2026-06-10 11:56:00,1441.54,1441.55,1441.54,1441.55,0.0,3.19,4608.3,1
2026-06-10,2026-06-10 11:57:00,1441.55,1441.56,1441.55,1441.56,0.0,3.19,4608.3,1
2026-06-10,2026-06-10 11:58:00,1441.56,1441.57,1441.56,1441.57,0.0,3.19,4608.3,1
2026-06-10,2026-06-10 11:59:00,1441.57,1441.57,1441.57,1441.57,0.0,3.19,4608.3,0
2026-06-10,2026-06-10 12:00:00,1441.57,1441.58,1441.57,1441.58,0.0,3.19,4608.3,1
2026-06-10,2026-06-10 12:01:00,1441.58,1441.59,1441.58,1441.59,0.0,3.19,4608.3,1
2026-06-10,2026-06-10 12:02:00,1441.59,1441.6,1441.59,1441.6,0.0,3.19,4608.3,1
2026-06-10,2026-06-10 12:03:00,1441.6,1441.61,1441.6,1441.61,0.0,3.19,4608.3,1
2026-06-10,2026-06-10 12:04:00,1441.61,1441.61,1441.61,1441.61,0.0,3.19,4608.3,0
2026-06-10,2026-06-10 12:05:00,1441.61,1441.62,1441.61,1441.62,0.0,3.19,4608.3,1
2026-06-10,2026-06-10 12:06:00,1441.62,1441.63,1441.62,1441.63,0.0,3.19,4608.3,1
2026-06-10,2026-06-10 12:07:00,1441.63,1441.64,1441.63,1441.64,0.0,3.19,4608.3,1
2026-06-10,2026-06-10 12:08:00,1441.64,1441.65,1441.64,1441.65,0.0,3.19,4608.3,1
2026-06-10,2026-06-10 12:09:00,1441.65,1441.65,1441.65,1441.65,0.0,3.19,4608.3,0
2026-06-10,2026-06-10 12:10:00,1441.65,1441.66,1441.65,1441.66,0.0,3.19,4608.3,1
2026-06-10,2026-06-10 12:11:00,1441.66,1441.67,1441.66,1441.67,0.0,3.19,4608.3,1
2026-06-10,2026-06-10 12:12:00,1441.67,1441.68,1441.67,1441.68,0.0,3.19,4608.3,1
2026-06-10,2026-06-10 12:13:00,1441.68,1441.69,1441.68,1441.69,0.0,3.19,4608.3,1
2026-06-10,2026-06-10 12:14:00,1441.69,1441.69,1441.69,1441.69,0.0,3.19,4608.3,0
2026-06-10,2026-06-10 12:15:00,1441.69,1441.7,1441.69,1441.7,0.0,3.19,4608.3,1
2026-06-10,2026-06-10 12:16:00,1441.7,1441.71,1441.7,1441.71,0.0,3.19,4608.3,1
2026-06-10,2026-06-10 12:17:00,1441.71,1441.72,1441.71,1441.72,0.0,3.19,4608.3,1
2026-06-10,2026-06-10 12:18:00,1441.72,1441.73,1441.72,1441.73,0.0,3.19,4608.3,1
2026-06-10,2026-06-10 12:19:00,1441.73,1441.73,1441.73,1441.73,0.0,3.19,4608.3,0
2026-06-10,2026-06-10 12:20:00,1441.73,1441.74,1441.73,1441.74,0.0,3.19,4608.3,1
2026-06-10,2026-06-10 12:21:00,1441.74,1441.75,1441.74,1441.75,0.0,3.19,4608.3,1
2026-06-10,2026-06-10 12:22:00,1441.75,1441.76,1441.75,1441.76,0.0,3.19,4608.3,1
2026-06-10,2026-06-10 12:23:00,1441.76,1441.76,1441.76,1441.76,0.0,3.19,4608.3,0
2026-06-10,2026-06-10 12:24:00,1441.76,1441.77,1441.76,1441.77,0.0,3.19,4608.3,1
2026-06-10,2026-06-10 12:25:00,1441.77,1441.78,1441.77,1441.78,0.0,3.19,4608.3,1
2026-06-10,2026-06-10 12:26:00,1441.78,1441.79,1441.78,1441.79,0.0,3.19,4608.3,1
2026-06-10,2026-06-10 12:27:00,1441.79,1441.8,1441.79,1441.8,0.0,3.19,4608.3,1
2026-06-10,2026-06-10 12:28:00,1441.8,1441.8,1441.8,1441.8,0.0,3.19,4608.3,0
2026-06-10,2026-06-10 12:29:00,1441.8,1441.81,1441.8,1441.81,0.0,3.19,4608.3,1
2026-06-10,2026-06-10 12:30:00,1441.81,1441.82,1441.81,1441.82,0.0,3.19,4608.3,1
2026-06-10,2026-06-10 12:31:00,1441.82,1441.83,1441.82,1441.83,0.0,3.19,4608.3,1
2026-06-10,2026-06-10 12:32:00,1441.83,1441.84,1441.83,1441.84,0.0,3.19,4608.3,1
2026-06-10,2026-06-10 12:33:00,1441.84,1441.84,1441.84,1441.84,0.0,3.19,4608.3,0
2026-06-10,2026-06-10 12:34:00,1441.84,1441.85,1441.84,1441.85,0.0,3.19,4608.3,1
2026-06-10,2026-06-10 12:35:00,1441.85,1441.86,1441.85,1441.86,0.0,3.19,4608.3,1
2026-06-10,2026-06-10 12:36:00,1441.86,1441.87,1441.86,1441.87,0.0,3.19,4608.3,1
2026-06-10,2026-06-10 12:37:00,1441.87,1441.88,1441.87,1441.88,0.0,3.19,4608.3,1
2026-06-10,2026-06-10 12:38:00,1441.88,1441.88,1441.88,1441.88,0.0,3.19,4608.3,0
2026-06-10,2026-06-10 12:39:00,1441.88,1441.89,1441.88,1441.89,0.0,3.19,4608.3,1
2026-06-10,2026-06-10 12:40:00,1441.89,1441.9,1441.89,1441.9,0.0,3.19,4608.3,1
2026-06-10,2026-06-10 12:41:00,1441.9,1441.91,1441.9,1441.91,0.0,3.19,4608.3,1
2026-06-10,2026-06-10 12:42:00,1441.91,1441.92,1441.91,1441.92,0.0,3.19,4608.3,1
2026-06-10,2026-06-10 12:43:00,1441.92,1441.92,1441.92,1441.92,0.0,3.19,4608.3,0
2026-06-10,2026-06-10 12:44:00,1441.92,1441.93,1441.92,1441.93,0.0,3.19,4608.3,1
2026-06-10,2026-06-10 12:45:00,1441.93,1441.94,1441.93,1441.94,0.0,3.19,4608.3,1
2026-06-10,2026-06-10 12:46:00,1441.94,1441.95,1441.94,1441.95,0.0,3.19,4608.3,1
2026-06-10,2026-06-10 12:47:00,1441.95,1441.95,1441.95,1441.95,0.0,3.19,4608.3,0
2026-06-10,2026-06-10 12:48:00,1441.95,1441.96,1441.95,1441.96,0.0,3.19,4608.3,1
2026-06-10,2026-06-10 12:49:00,1441.96,1441.97,1441.96,1441.97,0.0,3.19,4608.3,1
2026-06-10,2026-06-10 12:50:00,1441.97,1441.98,1441.97,1441.98,0.0,3.19,4608.3,1
2026-06-10,2026-06-10 12:51:00,1441.98,1441.99,1441.98,1441.99,0.0,3.19,4608.3,1
2026-06-10,2026-06-10 12:52:00,1441.99,1441.99,1441.99,1441.99,0.0,3.19,4608.3,0
2026-06-10,2026-06-10 12:53:00,1441.99,1442.0,1441.99,1442.0,0.0,3.19,4608.3,1
2026-06-10,2026-06-10 12:54:00,1442.0,1442.01,1442.0,1442.01,0.0,3.19,4608.3,1
2026-06-10,2026-06-10 12:55:00,1442.01,1442.02,1442.01,1442.02,0.0,3.19,4608.3,1
2026-06-10,2026-06-10 12:56:00,1442.02,1442.03,1442.02,1442.03,0.0,3.19,4608.3,1
2026-06-10,2026-06-10 12:57:00,1442.03,1442.03,1442.03,1442.03,0.0,3.19,4608.3,0
2026-06-10,2026-06-10 12:58:00,1442.03,1442.04,1442.03,1442.04,0.0,3.19,4608.3,1
2026-06-10,2026-06-10 12:59:00,1442.04,1442.05,1442.04,1442.05,0.0,3.19,4608.3,1
2026-06-10,2026-06-10 13:00:00,1442.05,1459.0,1441.1,1442.06,0.0,3.19,4608.3,1
2026-06-10,2026-06-10 13:01:00,1442.06,1442.07,1442.06,1442.07,0.0,3.19,4608.3,1
2026-06-10,2026-06-10 13:02:00,1442.07,1442.07,1442.07,1442.07,0.0,3.19,4608.3,0
2026-06-10,2026-06-10 13:03:00,1442.07,1442.08,1442.07,1442.08,0.0,3.19,4608.3,1
2026-06-10,2026-06-10 13:04:00,1442.08,1442.09,1442.08,1442.09,0.0,3.19,4608.3,1
2026-06-10,2026-06-10 13:05:00,1442.09,1442.1,1442.09,1442.1,0.0,3.19,4608.3,1
2026-06-10,2026-06-10 13:06:00,1442.1,1442.11,1442.1,1442.11,0.0,3.19,4608.3,1
2026-06-10,2026-06-10 13:07:00,1442.11,1442.11,1442.11,1442.11,0.0,3.19,4608.3,0
2026-06-10,2026-06-10 13:08:00,1442.11,1442.12,1442.11,1442.12,0.0,3.19,4608.3,1
2026-06-10,2026-06-10 13:09:00,1442.12,1442.13,1442.12,1442.13,0.0,3.19,4608.3,1
2026-06-10,2026-06-10 13:10:00,1442.13,1442.14,1442.13,1442.14,0.0,3.19,4608.3,1
2026-06-10,2026-06-10 13:11:00,1442.14,1442.14,1442.14,1442.14,0.0,3.19,4608.3,0
2026-06-10,2026-06-10 13:12:00,1442.14,1442.15,1442.14,1442.15,0.0,3.19,4608.3,1
2026-06-10,2026-06-10 13:13:00,1442.15,1442.16,1442.15,1442.16,0.0,3.19,4608.3,1
2026-06-10,2026-06-10 13:14:00,1442.16,1442.17,1442.16,1442.17,0.0,3.19,4608.3,1
2026-06-10,2026-06-10 13:15:00,1442.17,1442.18,1442.17,1442.18,0.0,3.19,4608.3,1
2026-06-10,2026-06-10 13:16:00,1442.18,1442.18,1442.18,1442.18,0.0,3.19,4608.3,0
2026-06-10,2026-06-10 13:17:00,1442.18,1442.19,1442.18,1442.19,0.0,3.19,4608.3,1
2026-06-10,2026-06-10 13:18:00,1442.19,1442.2,1442.19,1442.2,0.0,3.19,4608.3,1
2026-06-10,2026-06-10 13:19:00,1442.2,1442.21,1442.2,1442.21,0.0,3.19,4608.3,1
2026-06-10,2026-06-10 13:20:00,1442.21,1442.22,1442.21,1442.22,0.0,3.19,4608.3,1
2026-06-10,2026-06-10 13:21:00,1442.22,1442.22,1442.22,1442.22,0.0,3.19,4608.3,0
2026-06-10,2026-06-10 13:22:00,1442.22,1442.23,1442.22,1442.23,0.0,3.19,4608.3,1
2026-06-10,2026-06-10 13:23:00,1442.23,1442.24,1442.23,1442.24,0.0,3.19,4608.3,1
2026-06-10,2026-06-10 13:24:00,1442.24,1442.25,1442.24,1442.25,0.0,3.19,4608.3,1
2026-06-10,2026-06-10 13:25:00,1442.25,1442.26,1442.25,1442.26,0.0,3.19,4608.3,1
2026-06-10,2026-06-10 13:26:00,1442.26,1442.26,1442.26,1442.26,0.0,3.19,4608.3,0
2026-06-10,2026-06-10 13:27:00,1442.26,1442.27,1442.26,1442.27,0.0,3.19,4608.3,1
2026-06-10,2026-06-10 13:28:00,1442.27,1442.28,1442.27,1442.28,0.0,3.19,4608.3,1
2026-06-10,2026-06-10 13:29:00,1442.28,1442.29,1442.28,1442.29,0.0,3.19,4608.3,1
2026-06-10,2026-06-10 13:30:00,1442.29,1442.3,1442.29,1442.3,0.0,3.19,4608.3,1
2026-06-10,2026-06-10 13:31:00,1442.3,1442.3,1442.3,1442.3,0.0,3.19,4608.3,0
2026-06-10,2026-06-10 13:32:00,1442.3,1442.31,1442.3,1442.31,0.0,3.19,4608.3,1
2026-06-10,2026-06-10 13:33:00,1442.31,1442.32,1442.31,1442.32,0.0,3.19,4608.3,1
2026-06-10,2026-06-10 13:34:00,1442.32,1442.33,1442.32,1442.33,0.0,3.19,4608.3,1
2026-06-10,2026-06-10 13:35:00,1442.33,1442.34,1442.33,1442.34,0.0,3.19,4608.3,1
2026-06-10,2026-06-10 13:36:00,1442.34,1442.34,1442.34,1442.34,0.0,3.19,4608.3,0
2026-06-10,2026-06-10 13:37:00,1442.34,1442.35,1442.34,1442.35,0.0,3.19,4608.3,1
2026-06-10,2026-06-10 13:38:00,1442.35,1442.36,1442.35,1442.36,0.0,3.19,4608.3,1
2026-06-10,2026-06-10 13:39:00,1442.36,1442.37,1442.36,1442.37,0.0,3.19,4608.3,1
2026-06-10,2026-06-10 13:40:00,1442.37,1442.37,1442.37,1442.37,0.0,3.19,4608.3,0
2026-06-10,2026-06-10 13:41:00,1442.37,1442.38,1442.37,1442.38,0.0,3.19,4608.3,1
2026-06-10,2026-06-10 13:42:00,1442.38,1442.39,1442.38,1442.39,0.0,3.19,4608.3,1
2026-06-10,2026-06-10 13:43:00,1442.39,1442.4,1442.39,1442.4,0.0,3.19,4608.3,1
2026-06-10,2026-06-10 13:44:00,1442.4,1442.41,1442.4,1442.41,0.0,3.19,4608.3,1
2026-06-10,2026-06-10 13:45:00,1442.41,1442.41,1442.41,1442.41,0.0,3.19,4608.3,0
2026-06-10,2026-06-10 13:46:00,1442.41,1442.42,1442.41,1442.42,0.0,3.19,4608.3,1
2026-06-10,2026-06-10 13:47:00,1442.42,1442.43,1442.42,1442.43,0.0,3.19,4608.3,1
2026-06-10,2026-06-10 13:48:00,1442.43,1442.44,1442.43,1442.44,0.0,3.19,4608.3,1
2026-06-10,2026-06-10 13:49:00,1442.44,1442.45,1442.44,1442.45,0.0,3.19,4608.3,1
2026-06-10,2026-06-10 13:50:00,1442.45,1442.45,1442.45,1442.45,0.0,3.19,4608.3,0
2026-06-10,2026-06-10 13:51:00,1442.45,1442.46,1442.45,1442.46,0.0,3.19,4608.3,1
2026-06-10,2026-06-10 13:52:00,1442.46,1442.47,1442.46,1442.47,0.0,3.19,4608.3,1
2026-06-10,2026-06-10 13:53:00,1442.47,1442.48,1442.47,1442.48,0.0,3.19,4608.3,1
2026-06-10,2026-06-10 13:54:00,1442.48,1442.49,1442.48,1442.49,0.0,3.19,4608.3,1
2026-06-10,2026-06-10 13:55:00,1442.49,1442.49,1442.49,1442.49,0.0,3.19,4608.3,0
2026-06-10,2026-06-10 13:56:00,1442.49,1442.5,1442.49,1442.5,0.0,3.19,4608.3,1
2026-06-10,2026-06-10 13:57:00,1442.5,1442.51,1442.5,1442.51,0.0,3.19,4608.3,1
2026-06-10,2026-06-10 13:58:00,1442.51,1442.52,1442.51,1442.52,0.0,3.19,4608.3,1
2026-06-10,2026-06-10 13:59:00,1442.52,1442.53,1442.52,1442.53,0.0,3.19,4608.3,1
2026-06-10,2026-06-10 14:00:00,1442.53,1442.53,1442.53,1442.53,0.0,3.19,4608.3,0
2026-06-10,2026-06-10 14:01:00,1442.53,1442.54,1442.53,1442.54,0.0,3.19,4608.3,1
2026-06-10,2026-06-10 14:02:00,1442.54,1442.55,1442.54,1442.55,0.0,3.19,4608.3,1
2026-06-10,2026-06-10 14:03:00,1442.55,1442.56,1442.55,1442.56,0.0,3.19,4608.3,1
2026-06-10,2026-06-10 14:04:00,1442.56,1442.56,1442.56,1442.56,0.0,3.19,4608.3,0
2026-06-10,2026-06-10 14:05:00,1442.56,1442.57,1442.56,1442.57,0.0,3.19,4608.3,1
2026-06-10,2026-06-10 14:06:00,1442.57,1442.58,1442.57,1442.58,0.0,3.19,4608.3,1
2026-06-10,2026-06-10 14:07:00,1442.58,1442.59,1442.58,1442.59,0.0,3.19,4608.3,1
2026-06-10,2026-06-10 14:08:00,1442.59,1442.6,1442.59,1442.6,0.0,3.19,4608.3,1
2026-06-10,2026-06-10 14:09:00,1442.6,1442.6,1442.6,1442.6,0.0,3.19,4608.3,0
2026-06-10,2026-06-10 14:10:00,1442.6,1442.61,1442.6,1442.61,0.0,3.19,4608.3,1
2026-06-10,2026-06-10 14:11:00,1442.61,1442.62,1442.61,1442.62,0.0,3.19,4608.3,1
2026-06-10,2026-06-10 14:12:00,1442.62,1442.63,1442.62,1442.63,0.0,3.19,4608.3,1
2026-06-10,2026-06-10 14:13:00,1442.63,1442.64,1442.63,1442.64,0.0,3.19,4608.3,1
2026-06-10,2026-06-10 14:14:00,1442.64,1442.64,1442.64,1442.64,0.0,3.19,4608.3,0
2026-06-10,2026-06-10 14:15:00,1442.64,1442.65,1442.64,1442.65,0.0,3.19,4608.3,1
2026-06-10,2026-06-10 14:16:00,1442.65,1442.66,1442.65,1442.66,0.0,3.19,4608.3,1
2026-06-10,2026-06-10 14:17:00,1442.66,1442.67,1442.66,1442.67,0.0,3.19,4608.3,1
2026-06-10,2026-06-10 14:18:00,1442.67,1442.68,1442.67,1442.68,0.0,3.19,4608.3,1
2026-06-10,2026-06-10 14:19:00,1442.68,1442.68,1442.68,1442.68,0.0,3.19,4608.3,0
2026-06-10,2026-06-10 14:20:00,1442.68,1442.69,1442.68,1442.69,0.0,3.19,4608.3,1
2026-06-10,2026-06-10 14:21:00,1442.69,1442.7,1442.69,1442.7,0.0,3.19,4608.3,1
2026-06-10,2026-06-10 14:22:00,1442.7,1442.71,1442.7,1442.71,0.0,3.19,4608.3,1
2026-06-10,2026-06-10 14:23:00,1442.71,1442.71,1442.71,1442.71,0.0,3.19,4608.3,0
2026-06-10,2026-06-10 14:24:00,1442.71,1442.72,1442.71,1442.72,0.0,3.19,4608.3,1
2026-06-10,2026-06-10 14:25:00,1442.72,1442.73,1442.72,1442.73,0.0,3.19,4608.3,1
2026-06-10,2026-06-10 14:26:00,1442.73,1442.74,1442.73,1442.74,0.0,3.19,4608.3,1
2026-06-10,2026-06-10 14:27:00,1442.74,1442.75,1442.74,1442.75,0.0,3.19,4608.3,1
2026-06-10,2026-06-10 14:28:00,1442.75,1442.75,1442.75,1442.75,0.0,3.19,4608.3,0
2026-06-10,2026-06-10 14:29:00,1442.75,1442.76,1442.75,1442.76,0.0,3.19,4608.3,1
2026-06-10,2026-06-10 14:30:00,1442.76,1442.77,1442.76,1442.77,0.0,3.19,4608.3,1
2026-06-10,2026-06-10 14:31:00,1442.77,1442.78,1442.77,1442.78,0.0,3.19,4608.3,1
2026-06-10,2026-06-10 14:32:00,1442.78,1442.79,1442.78,1442.79,0.0,3.19,4608.3,1
2026-06-10,2026-06-10 14:33:00,1442.79,1442.79,1442.79,1442.79,0.0,3.19,4608.3,0
2026-06-10,2026-06-10 14:34:00,1442.79,1442.8,1442.79,1442.8,0.0,3.19,4608.3,1
2026-06-10,2026-06-10 14:35:00,1442.8,1442.81,1442.8,1442.81,0.0,3.19,4608.3,1
2026-06-10,2026-06-10 14:36:00,1442.81,1442.82,1442.81,1442.82,0.0,3.19,4608.3,1
2026-06-10,2026-06-10 14:37:00,1442.82,1442.83,1442.82,1442.83,0.0,3.19,4608.3,1
2026-06-10,2026-06-10 14:38:00,1442.83,1442.83,1442.83,1442.83,0.0,3.19,4608.3,0
2026-06-10,2026-06-10 14:39:00,1442.83,1442.84,1442.83,1442.84,0.0,3.19,4608.3,1
2026-06-10,2026-06-10 14:40:00,1442.84,1442.85,1442.84,1442.85,0.0,3.19,4608.3,1
2026-06-10,2026-06-10 14:41:00,1442.85,1442.86,1442.85,1442.86,0.0,3.19,4608.3,1
2026-06-10,2026-06-10 14:42:00,1442.86,1442.87,1442.86,1442.87,0.0,3.19,4608.3,1
2026-06-10,2026-06-10 14:43:00,1442.87,1442.87,1442.87,1442.87,0.0,3.19,4608.3,0
2026-06-10,2026-06-10 14:44:00,1442.87,1442.88,1442.87,1442.88,0.0,3.19,4608.3,1
2026-06-10,2026-06-10 14:45:00,1442.88,1442.89,1442.88,1442.89,0.0,3.19,4608.3,1
2026-06-10,2026-06-10 14:46:00,1442.89,1442.9,1442.89,1442.9,0.0,3.19,4608.3,1
2026-06-10,2026-06-10 14:47:00,1442.9,1442.9,1442.9,1442.9,0.0,3.19,4608.3,0
2026-06-10,2026-06-10 14:48:00,1442.9,1442.91,1442.9,1442.91,0.0,3.19,4608.3,1
2026-06-10,2026-06-10 14:49:00,1442.91,1442.92,1442.91,1442.92,0.0,3.19,4608.3,1
2026-06-10,2026-06-10 14:50:00,1442.92,1442.93,1442.92,1442.93,0.0,3.19,4608.3,1
2026-06-10,2026-06-10 14:51:00,1442.93,1442.94,1442.93,1442.94,0.0,3.19,4608.3,1
2026-06-10,2026-06-10 14:52:00,1442.94,1442.94,1442.94,1442.94,0.0,3.19,4608.3,0
2026-06-10,2026-06-10 14:53:00,1442.94,1442.95,1442.94,1442.95,0.0,3.19,4608.3,1
2026-06-10,2026-06-10 14:54:00,1442.95,1442.96,1442.95,1442.96,0.0,3.19,4608.3,1
2026-06-10,2026-06-10 14:55:00,1442.96,1442.97,1442.96,1442.97,0.0,3.19,4608.3,1
2026-06-10,2026-06-10 14:56:00,1442.97,1442.98,1442.97,1442.98,0.0,3.19,4608.3,1
2026-06-10,2026-06-10 14:57:00,1442.98,1442.98,1442.98,1442.98,0.0,3.19,4608.3,0
2026-06-10,2026-06-10 14:58:00,1442.98,1442.99,1442.98,1442.99,0.0,3.19,4608.3,1
2026-06-10,2026-06-10 14:59:00,1442.99,1443.0,1442.99,1443.0,0.0,3.19,4608.3,1
2026-06-10,2026-06-10 15:00:00,1443.0,1459.0,1441.1,1443.0,0.0,3.19,4608.3,0
2026-06-11,2026-06-11 11:00:00,1435.0,1437.4,1429.3,1434.93,-0.0,6.71,9588.5,-1
2026-06-11,2026-06-11 11:01:00,1434.93,1434.93,1434.86,1434.86,-0.0,6.71,9588.5,-1
2026-06-11,2026-06-11 11:02:00,1434.86,1434.86,1434.79,1434.79,-0.0,6.71,9588.5,-1
2026-06-11,2026-06-11 11:03:00,1434.79,1434.79,1434.72,1434.72,-0.0,6.71,9588.5,-1
2026-06-11,2026-06-11 11:04:00,1434.72,1434.72,1434.65,1434.65,-0.0,6.71,9588.5,-1
2026-06-11,2026-06-11 11:05:00,1434.65,1434.65,1434.58,1434.58,-0.0,6.71,9588.5,-1
2026-06-11,2026-06-11 11:06:00,1434.58,1434.58,1434.5,1434.5,-0.01,6.71,9588.5,-1
2026-06-11,2026-06-11 11:07:00,1434.5,1434.5,1434.43,1434.43,-0.0,6.71,9588.5,-1
2026-06-11,2026-06-11 11:08:00,1434.43,1434.43,1434.36,1434.36,-0.0,6.71,9588.5,-1
2026-06-11,2026-06-11 11:09:00,1434.36,1434.36,1434.29,1434.29,-0.0,6.71,9588.5,-1
2026-06-11,2026-06-11 11:10:00,1434.29,1434.29,1434.22,1434.22,-0.0,6.71,9588.5,-1
2026-06-11,2026-06-11 11:11:00,1434.22,1434.22,1434.15,1434.15,-0.0,6.71,9588.5,-1
2026-06-11,2026-06-11 11:12:00,1434.15,1434.15,1434.08,1434.08,-0.0,6.71,9588.5,-1
2026-06-11,2026-06-11 11:13:00,1434.08,1434.08,1434.01,1434.01,-0.0,6.71,9588.5,-1
2026-06-11,2026-06-11 11:14:00,1434.01,1434.01,1433.94,1433.94,-0.0,6.71,9588.5,-1
2026-06-11,2026-06-11 11:15:00,1433.94,1433.94,1433.87,1433.87,-0.0,6.71,9588.5,-1
2026-06-11,2026-06-11 11:16:00,1433.87,1433.87,1433.8,1433.8,-0.0,6.71,9588.5,-1
2026-06-11,2026-06-11 11:17:00,1433.8,1433.8,1433.72,1433.72,-0.01,6.71,9588.5,-1
2026-06-11,2026-06-11 11:18:00,1433.72,1433.72,1433.65,1433.65,-0.0,6.71,9588.5,-1
2026-06-11,2026-06-11 11:19:00,1433.65,1433.65,1433.58,1433.58,-0.0,6.71,9588.5,-1
2026-06-11,2026-06-11 11:20:00,1433.58,1433.58,1433.51,1433.51,-0.0,6.71,9588.5,-1
2026-06-11,2026-06-11 11:21:00,1433.51,1433.51,1433.44,1433.44,-0.0,6.71,9588.5,-1
2026-06-11,2026-06-11 11:22:00,1433.44,1433.44,1433.37,1433.37,-0.0,6.71,9588.5,-1
2026-06-11,2026-06-11 11:23:00,1433.37,1433.37,1433.3,1433.3,-0.0,6.71,9588.5,-1
2026-06-11,2026-06-11 11:24:00,1433.3,1433.3,1433.23,1433.23,-0.0,6.71,9588.5,-1
2026-06-11,2026-06-11 11:25:00,1433.23,1433.23,1433.16,1433.16,-0.0,6.71,9588.5,-1
2026-06-11,2026-06-11 11:26:00,1433.16,1433.16,1433.09,1433.09,-0.0,6.71,9588.5,-1
2026-06-11,2026-06-11 11:27:00,1433.09,1433.09,1433.02,1433.02,-0.0,6.71,9588.5,-1
2026-06-11,2026-06-11 11:28:00,1433.02,1433.02,1432.95,1432.95,-0.0,6.71,9588.5,-1
2026-06-11,2026-06-11 11:29:00,1432.95,1432.95,1432.88,1432.88,-0.0,6.71,9588.5,-1
2026-06-11,2026-06-11 11:30:00,1432.88,1432.88,1432.8,1432.8,-0.01,6.71,9588.5,-1
2026-06-11,2026-06-11 11:31:00,1432.8,1432.8,1432.73,1432.73,-0.0,6.71,9588.5,-1
2026-06-11,2026-06-11 11:32:00,1432.73,1432.73,1432.66,1432.66,-0.0,6.71,9588.5,-1
2026-06-11,2026-06-11 11:33:00,1432.66,1432.66,1432.59,1432.59,-0.0,6.71,9588.5,-1
2026-06-11,2026-06-11 11:34:00,1432.59,1432.59,1432.52,1432.52,-0.0,6.71,9588.5,-1
2026-06-11,2026-06-11 11:35:00,1432.52,1432.52,1432.45,1432.45,-0.0,6.71,9588.5,-1
2026-06-11,2026-06-11 11:36:00,1432.45,1432.45,1432.38,1432.38,-0.0,6.71,9588.5,-1
2026-06-11,2026-06-11 11:37:00,1432.38,1432.38,1432.31,1432.31,-0.0,6.71,9588.5,-1
2026-06-11,2026-06-11 11:38:00,1432.31,1432.31,1432.24,1432.24,-0.0,6.71,9588.5,-1
2026-06-11,2026-06-11 11:39:00,1432.24,1432.24,1432.17,1432.17,-0.0,6.71,9588.5,-1
2026-06-11,2026-06-11 11:40:00,1432.17,1432.17,1432.1,1432.1,-0.0,6.71,9588.5,-1
2026-06-11,2026-06-11 11:41:00,1432.1,1432.1,1432.03,1432.03,-0.0,6.71,9588.5,-1
2026-06-11,2026-06-11 11:42:00,1432.03,1432.03,1431.95,1431.95,-0.01,6.71,9588.5,-1
2026-06-11,2026-06-11 11:43:00,1431.95,1431.95,1431.88,1431.88,-0.0,6.71,9588.5,-1
2026-06-11,2026-06-11 11:44:00,1431.88,1431.88,1431.81,1431.81,-0.0,6.71,9588.5,-1
2026-06-11,2026-06-11 11:45:00,1431.81,1431.81,1431.74,1431.74,-0.0,6.71,9588.5,-1
2026-06-11,2026-06-11 11:46:00,1431.74,1431.74,1431.67,1431.67,-0.0,6.71,9588.5,-1
2026-06-11,2026-06-11 11:47:00,1431.67,1431.67,1431.6,1431.6,-0.0,6.71,9588.5,-1
2026-06-11,2026-06-11 11:48:00,1431.6,1431.6,1431.53,1431.53,-0.0,6.71,9588.5,-1
2026-06-11,2026-06-11 11:49:00,1431.53,1431.53,1431.46,1431.46,-0.0,6.71,9588.5,-1
2026-06-11,2026-06-11 11:50:00,1431.46,1431.46,1431.39,1431.39,-0.0,6.71,9588.5,-1
2026-06-11,2026-06-11 11:51:00,1431.39,1431.39,1431.32,1431.32,-0.0,6.71,9588.5,-1
2026-06-11,2026-06-11 11:52:00,1431.32,1431.32,1431.25,1431.25,-0.0,6.71,9588.5,-1
2026-06-11,2026-06-11 11:53:00,1431.25,1431.25,1431.17,1431.17,-0.01,6.71,9588.5,-1
2026-06-11,2026-06-11 11:54:00,1431.17,1431.17,1431.1,1431.1,-0.0,6.71,9588.5,-1
2026-06-11,2026-06-11 11:55:00,1431.1,1431.1,1431.03,1431.03,-0.0,6.71,9588.5,-1
2026-06-11,2026-06-11 11:56:00,1431.03,1431.03,1430.96,1430.96,-0.0,6.71,9588.5,-1
2026-06-11,2026-06-11 11:57:00,1430.96,1430.96,1430.89,1430.89,-0.0,6.71,9588.5,-1
2026-06-11,2026-06-11 11:58:00,1430.89,1430.89,1430.82,1430.82,-0.0,6.71,9588.5,-1
2026-06-11,2026-06-11 11:59:00,1430.82,1430.82,1430.75,1430.75,-0.0,6.71,9588.5,-1
2026-06-11,2026-06-11 12:00:00,1430.75,1430.75,1430.68,1430.68,-0.0,6.71,9588.5,-1
2026-06-11,2026-06-11 12:01:00,1430.68,1430.68,1430.61,1430.61,-0.0,6.71,9588.5,-1
2026-06-11,2026-06-11 12:02:00,1430.61,1430.61,1430.54,1430.54,-0.0,6.71,9588.5,-1
2026-06-11,2026-06-11 12:03:00,1430.54,1430.54,1430.47,1430.47,-0.0,6.71,9588.5,-1
2026-06-11,2026-06-11 12:04:00,1430.47,1430.47,1430.4,1430.4,-0.0,6.71,9588.5,-1
2026-06-11,2026-06-11 12:05:00,1430.4,1430.4,1430.33,1430.33,-0.0,6.71,9588.5,-1
2026-06-11,2026-06-11 12:06:00,1430.33,1430.33,1430.25,1430.25,-0.01,6.71,9588.5,-1
2026-06-11,2026-06-11 12:07:00,1430.25,1430.25,1430.18,1430.18,-0.0,6.71,9588.5,-1
2026-06-11,2026-06-11 12:08:00,1430.18,1430.18,1430.11,1430.11,-0.0,6.71,9588.5,-1
2026-06-11,2026-06-11 12:09:00,1430.11,1430.11,1430.04,1430.04,-0.0,6.71,9588.5,-1
2026-06-11,2026-06-11 12:10:00,1430.04,1430.04,1429.97,1429.97,-0.0,6.71,9588.5,-1
2026-06-11,2026-06-11 12:11:00,1429.97,1429.97,1429.9,1429.9,-0.0,6.71,9588.5,-1
2026-06-11,2026-06-11 12:12:00,1429.9,1429.9,1429.83,1429.83,-0.0,6.71,9588.5,-1
2026-06-11,2026-06-11 12:13:00,1429.83,1429.83,1429.76,1429.76,-0.0,6.71,9588.5,-1
2026-06-11,2026-06-11 12:14:00,1429.76,1429.76,1429.69,1429.69,-0.0,6.71,9588.5,-1
2026-06-11,2026-06-11 12:15:00,1429.69,1429.69,1429.62,1429.62,-0.0,6.71,9588.5,-1
2026-06-11,2026-06-11 12:16:00,1429.62,1429.62,1429.55,1429.55,-0.0,6.71,9588.5,-1
2026-06-11,2026-06-11 12:17:00,1429.55,1429.55,1429.47,1429.47,-0.01,6.71,9588.5,-1
2026-06-11,2026-06-11 12:18:00,1429.47,1429.47,1429.4,1429.4,-0.0,6.71,9588.5,-1
2026-06-11,2026-06-11 12:19:00,1429.4,1429.4,1429.33,1429.33,-0.0,6.71,9588.5,-1
2026-06-11,2026-06-11 12:20:00,1429.33,1429.33,1429.26,1429.26,-0.0,6.71,9588.5,-1
2026-06-11,2026-06-11 12:21:00,1429.26,1429.26,1429.19,1429.19,-0.0,6.71,9588.5,-1
2026-06-11,2026-06-11 12:22:00,1429.19,1429.19,1429.12,1429.12,-0.0,6.71,9588.5,-1
2026-06-11,2026-06-11 12:23:00,1429.12,1429.12,1429.05,1429.05,-0.0,6.71,9588.5,-1
2026-06-11,2026-06-11 12:24:00,1429.05,1429.05,1428.98,1428.98,-0.0,6.71,9588.5,-1
2026-06-11,2026-06-11 12:25:00,1428.98,1428.98,1428.91,1428.91,-0.0,6.71,9588.5,-1
2026-06-11,2026-06-11 12:26:00,1428.91,1428.91,1428.84,1428.84,-0.0,6.71,9588.5,-1
2026-06-11,2026-06-11 12:27:00,1428.84,1428.84,1428.77,1428.77,-0.0,6.71,9588.5,-1
2026-06-11,2026-06-11 12:28:00,1428.77,1428.77,1428.7,1428.7,-0.0,6.71,9588.5,-1
2026-06-11,2026-06-11 12:29:00,1428.7,1428.7,1428.62,1428.62,-0.01,6.71,9588.5,-1
2026-06-11,2026-06-11 12:30:00,1428.62,1428.62,1428.55,1428.55,-0.0,6.71,9588.5,-1
2026-06-11,2026-06-11 12:31:00,1428.55,1428.55,1428.48,1428.48,-0.0,6.71,9588.5,-1
2026-06-11,2026-06-11 12:32:00,1428.48,1428.48,1428.41,1428.41,-0.0,6.71,9588.5,-1
2026-06-11,2026-06-11 12:33:00,1428.41,1428.41,1428.34,1428.34,-0.0,6.71,9588.5,-1
2026-06-11,2026-06-11 12:34:00,1428.34,1428.34,1428.27,1428.27,-0.0,6.71,9588.5,-1
2026-06-11,2026-06-11 12:35:00,1428.27,1428.27,1428.2,1428.2,-0.0,6.71,9588.5,-1
2026-06-11,2026-06-11 12:36:00,1428.2,1428.2,1428.13,1428.13,-0.0,6.71,9588.5,-1
2026-06-11,2026-06-11 12:37:00,1428.13,1428.13,1428.06,1428.06,-0.0,6.71,9588.5,-1
2026-06-11,2026-06-11 12:38:00,1428.06,1428.06,1427.99,1427.99,-0.0,6.71,9588.5,-1
2026-06-11,2026-06-11 12:39:00,1427.99,1427.99,1427.92,1427.92,-0.0,6.71,9588.5,-1
2026-06-11,2026-06-11 12:40:00,1427.92,1427.92,1427.85,1427.85,-0.0,6.71,9588.5,-1
2026-06-11,2026-06-11 12:41:00,1427.85,1427.85,1427.78,1427.78,-0.0,6.71,9588.5,-1
2026-06-11,2026-06-11 12:42:00,1427.78,1427.78,1427.7,1427.7,-0.01,6.71,9588.5,-1
2026-06-11,2026-06-11 12:43:00,1427.7,1427.7,1427.63,1427.63,-0.0,6.71,9588.5,-1
2026-06-11,2026-06-11 12:44:00,1427.63,1427.63,1427.56,1427.56,-0.0,6.71,9588.5,-1
2026-06-11,2026-06-11 12:45:00,1427.56,1427.56,1427.49,1427.49,-0.0,6.71,9588.5,-1
2026-06-11,2026-06-11 12:46:00,1427.49,1427.49,1427.42,1427.42,-0.0,6.71,9588.5,-1
2026-06-11,2026-06-11 12:47:00,1427.42,1427.42,1427.35,1427.35,-0.0,6.71,9588.5,-1
2026-06-11,2026-06-11 12:48:00,1427.35,1427.35,1427.28,1427.28,-0.0,6.71,9588.5,-1
2026-06-11,2026-06-11 12:49:00,1427.28,1427.28,1427.21,1427.21,-0.0,6.71,9588.5,-1
2026-06-11,2026-06-11 12:50:00,1427.21,1427.21,1427.14,1427.14,-0.0,6.71,9588.5,-1
2026-06-11,2026-06-11 12:51:00,1427.14,1427.14,1427.07,1427.07,-0.0,6.71,9588.5,-1
2026-06-11,2026-06-11 12:52:00,1427.07,1427.07,1427.0,1427.0,-0.0,6.71,9588.5,-1
2026-06-11,2026-06-11 12:53:00,1427.0,1427.0,1426.92,1426.92,-0.01,6.71,9588.5,-1
2026-06-11,2026-06-11 12:54:00,1426.92,1426.92,1426.85,1426.85,-0.0,6.71,9588.5,-1
2026-06-11,2026-06-11 12:55:00,1426.85,1426.85,1426.78,1426.78,-0.0,6.71,9588.5,-1
2026-06-11,2026-06-11 12:56:00,1426.78,1426.78,1426.71,1426.71,-0.0,6.71,9588.5,-1
2026-06-11,2026-06-11 12:57:00,1426.71,1426.71,1426.64,1426.64,-0.0,6.71,9588.5,-1
2026-06-11,2026-06-11 12:58:00,1426.64,1426.64,1426.57,1426.57,-0.0,6.71,9588.5,-1
2026-06-11,2026-06-11 12:59:00,1426.57,1426.57,1426.5,1426.5,-0.0,6.71,9588.5,-1
2026-06-11,2026-06-11 13:00:00,1426.5,1443.0,1416.0,1426.43,-0.0,6.71,9588.5,-1
2026-06-11,2026-06-11 13:01:00,1426.43,1426.43,1426.36,1426.36,-0.0,6.71,9588.5,-1
2026-06-11,2026-06-11 13:02:00,1426.36,1426.36,1426.29,1426.29,-0.0,6.71,9588.5,-1
2026-06-11,2026-06-11 13:03:00,1426.29,1426.29,1426.22,1426.22,-0.0,6.71,9588.5,-1
2026-06-11,2026-06-11 13:04:00,1426.22,1426.22,1426.15,1426.15,-0.0,6.71,9588.5,-1
2026-06-11,2026-06-11 13:05:00,1426.15,1426.15,1426.08,1426.08,-0.0,6.71,9588.5,-1
2026-06-11,2026-06-11 13:06:00,1426.08,1426.08,1426.0,1426.0,-0.01,6.71,9588.5,-1
2026-06-11,2026-06-11 13:07:00,1426.0,1426.0,1425.93,1425.93,-0.0,6.71,9588.5,-1
2026-06-11,2026-06-11 13:08:00,1425.93,1425.93,1425.86,1425.86,-0.0,6.71,9588.5,-1
2026-06-11,2026-06-11 13:09:00,1425.86,1425.86,1425.79,1425.79,-0.0,6.71,9588.5,-1
2026-06-11,2026-06-11 13:10:00,1425.79,1425.79,1425.72,1425.72,-0.0,6.71,9588.5,-1
2026-06-11,2026-06-11 13:11:00,1425.72,1425.72,1425.65,1425.65,-0.0,6.71,9588.5,-1
2026-06-11,2026-06-11 13:12:00,1425.65,1425.65,1425.58,1425.58,-0.0,6.71,9588.5,-1
2026-06-11,2026-06-11 13:13:00,1425.58,1425.58,1425.51,1425.51,-0.0,6.71,9588.5,-1
2026-06-11,2026-06-11 13:14:00,1425.51,1425.51,1425.44,1425.44,-0.0,6.71,9588.5,-1
2026-06-11,2026-06-11 13:15:00,1425.44,1425.44,1425.37,1425.37,-0.0,6.71,9588.5,-1
2026-06-11,2026-06-11 13:16:00,1425.37,1425.37,1425.3,1425.3,-0.0,6.71,9588.5,-1
2026-06-11,2026-06-11 13:17:00,1425.3,1425.3,1425.22,1425.22,-0.01,6.71,9588.5,-1
2026-06-11,2026-06-11 13:18:00,1425.22,1425.22,1425.15,1425.15,-0.0,6.71,9588.5,-1
2026-06-11,2026-06-11 13:19:00,1425.15,1425.15,1425.08,1425.08,-0.0,6.71,9588.5,-1
2026-06-11,2026-06-11 13:20:00,1425.08,1425.08,1425.01,1425.01,-0.0,6.71,9588.5,-1
2026-06-11,2026-06-11 13:21:00,1425.01,1425.01,1424.94,1424.94,-0.0,6.71,9588.5,-1
2026-06-11,2026-06-11 13:22:00,1424.94,1424.94,1424.87,1424.87,-0.0,6.71,9588.5,-1
2026-06-11,2026-06-11 13:23:00,1424.87,1424.87,1424.8,1424.8,-0.0,6.71,9588.5,-1
2026-06-11,2026-06-11 13:24:00,1424.8,1424.8,1424.73,1424.73,-0.0,6.71,9588.5,-1
2026-06-11,2026-06-11 13:25:00,1424.73,1424.73,1424.66,1424.66,-0.0,6.71,9588.5,-1
2026-06-11,2026-06-11 13:26:00,1424.66,1424.66,1424.59,1424.59,-0.0,6.71,9588.5,-1
2026-06-11,2026-06-11 13:27:00,1424.59,1424.59,1424.52,1424.52,-0.0,6.71,9588.5,-1
2026-06-11,2026-06-11 13:28:00,1424.52,1424.52,1424.45,1424.45,-0.0,6.71,9588.5,-1
2026-06-11,2026-06-11 13:29:00,1424.45,1424.45,1424.38,1424.38,-0.0,6.71,9588.5,-1
2026-06-11,2026-06-11 13:30:00,1424.38,1424.38,1424.3,1424.3,-0.01,6.71,9588.5,-1
2026-06-11,2026-06-11 13:31:00,1424.3,1424.3,1424.23,1424.23,-0.0,6.71,9588.5,-1
2026-06-11,2026-06-11 13:32:00,1424.23,1424.23,1424.16,1424.16,-0.0,6.71,9588.5,-1
2026-06-11,2026-06-11 13:33:00,1424.16,1424.16,1424.09,1424.09,-0.0,6.71,9588.5,-1
2026-06-11,2026-06-11 13:34:00,1424.09,1424.09,1424.02,1424.02,-0.0,6.71,9588.5,-1
2026-06-11,2026-06-11 13:35:00,1424.02,1424.02,1423.95,1423.95,-0.0,6.71,9588.5,-1
2026-06-11,2026-06-11 13:36:00,1423.95,1423.95,1423.88,1423.88,-0.0,6.71,9588.5,-1
2026-06-11,2026-06-11 13:37:00,1423.88,1423.88,1423.81,1423.81,-0.0,6.71,9588.5,-1
2026-06-11,2026-06-11 13:38:00,1423.81,1423.81,1423.74,1423.74,-0.0,6.71,9588.5,-1
2026-06-11,2026-06-11 13:39:00,1423.74,1423.74,1423.67,1423.67,-0.0,6.71,9588.5,-1
2026-06-11,2026-06-11 13:40:00,1423.67,1423.67,1423.6,1423.6,-0.0,6.71,9588.5,-1
2026-06-11,2026-06-11 13:41:00,1423.6,1423.6,1423.53,1423.53,-0.0,6.71,9588.5,-1
2026-06-11,2026-06-11 13:42:00,1423.53,1423.53,1423.45,1423.45,-0.01,6.71,9588.5,-1
2026-06-11,2026-06-11 13:43:00,1423.45,1423.45,1423.38,1423.38,-0.0,6.71,9588.5,-1
2026-06-11,2026-06-11 13:44:00,1423.38,1423.38,1423.31,1423.31,-0.0,6.71,9588.5,-1
2026-06-11,2026-06-11 13:45:00,1423.31,1423.31,1423.24,1423.24,-0.0,6.71,9588.5,-1
2026-06-11,2026-06-11 13:46:00,1423.24,1423.24,1423.17,1423.17,-0.0,6.71,9588.5,-1
2026-06-11,2026-06-11 13:47:00,1423.17,1423.17,1423.1,1423.1,-0.0,6.71,9588.5,-1
2026-06-11,2026-06-11 13:48:00,1423.1,1423.1,1423.03,1423.03,-0.0,6.71,9588.5,-1
2026-06-11,2026-06-11 13:49:00,1423.03,1423.03,1422.96,1422.96,-0.0,6.71,9588.5,-1
2026-06-11,2026-06-11 13:50:00,1422.96,1422.96,1422.89,1422.89,-0.0,6.71,9588.5,-1
2026-06-11,2026-06-11 13:51:00,1422.89,1422.89,1422.82,1422.82,-0.0,6.71,9588.5,-1
2026-06-11,2026-06-11 13:52:00,1422.82,1422.82,1422.75,1422.75,-0.0,6.71,9588.5,-1
2026-06-11,2026-06-11 13:53:00,1422.75,1422.75,1422.67,1422.67,-0.01,6.71,9588.5,-1
2026-06-11,2026-06-11 13:54:00,1422.67,1422.67,1422.6,1422.6,-0.0,6.71,9588.5,-1
2026-06-11,2026-06-11 13:55:00,1422.6,1422.6,1422.53,1422.53,-0.0,6.71,9588.5,-1
2026-06-11,2026-06-11 13:56:00,1422.53,1422.53,1422.46,1422.46,-0.0,6.71,9588.5,-1
2026-06-11,2026-06-11 13:57:00,1422.46,1422.46,1422.39,1422.39,-0.0,6.71,9588.5,-1
2026-06-11,2026-06-11 13:58:00,1422.39,1422.39,1422.32,1422.32,-0.0,6.71,9588.5,-1
2026-06-11,2026-06-11 13:59:00,1422.32,1422.32,1422.25,1422.25,-0.0,6.71,9588.5,-1
2026-06-11,2026-06-11 14:00:00,1422.25,1422.25,1422.18,1422.18,-0.0,6.71,9588.5,-1
2026-06-11,2026-06-11 14:01:00,1422.18,1422.18,1422.11,1422.11,-0.0,6.71,9588.5,-1
2026-06-11,2026-06-11 14:02:00,1422.11,1422.11,1422.04,1422.04,-0.0,6.71,9588.5,-1
2026-06-11,2026-06-11 14:03:00,1422.04,1422.04,1421.97,1421.97,-0.0,6.71,9588.5,-1
2026-06-11,2026-06-11 14:04:00,1421.97,1421.97,1421.9,1421.9,-0.0,6.71,9588.5,-1
2026-06-11,2026-06-11 14:05:00,1421.9,1421.9,1421.83,1421.83,-0.0,6.71,9588.5,-1
2026-06-11,2026-06-11 14:06:00,1421.83,1421.83,1421.75,1421.75,-0.01,6.71,9588.5,-1
2026-06-11,2026-06-11 14:07:00,1421.75,1421.75,1421.68,1421.68,-0.0,6.71,9588.5,-1
2026-06-11,2026-06-11 14:08:00,1421.68,1421.68,1421.61,1421.61,-0.0,6.71,9588.5,-1
2026-06-11,2026-06-11 14:09:00,1421.61,1421.61,1421.54,1421.54,-0.0,6.71,9588.5,-1
2026-06-11,2026-06-11 14:10:00,1421.54,1421.54,1421.47,1421.47,-0.0,6.71,9588.5,-1
2026-06-11,2026-06-11 14:11:00,1421.47,1421.47,1421.4,1421.4,-0.0,6.71,9588.5,-1
2026-06-11,2026-06-11 14:12:00,1421.4,1421.4,1421.33,1421.33,-0.0,6.71,9588.5,-1
2026-06-11,2026-06-11 14:13:00,1421.33,1421.33,1421.26,1421.26,-0.0,6.71,9588.5,-1
2026-06-11,2026-06-11 14:14:00,1421.26,1421.26,1421.19,1421.19,-0.0,6.71,9588.5,-1
2026-06-11,2026-06-11 14:15:00,1421.19,1421.19,1421.12,1421.12,-0.0,6.71,9588.5,-1
2026-06-11,2026-06-11 14:16:00,1421.12,1421.12,1421.05,1421.05,-0.0,6.71,9588.5,-1
2026-06-11,2026-06-11 14:17:00,1421.05,1421.05,1420.97,1420.97,-0.01,6.71,9588.5,-1
2026-06-11,2026-06-11 14:18:00,1420.97,1420.97,1420.9,1420.9,-0.0,6.71,9588.5,-1
2026-06-11,2026-06-11 14:19:00,1420.9,1420.9,1420.83,1420.83,-0.0,6.71,9588.5,-1
2026-06-11,2026-06-11 14:20:00,1420.83,1420.83,1420.76,1420.76,-0.0,6.71,9588.5,-1
2026-06-11,2026-06-11 14:21:00,1420.76,1420.76,1420.69,1420.69,-0.0,6.71,9588.5,-1
2026-06-11,2026-06-11 14:22:00,1420.69,1420.69,1420.62,1420.62,-0.0,6.71,9588.5,-1
2026-06-11,2026-06-11 14:23:00,1420.62,1420.62,1420.55,1420.55,-0.0,6.71,9588.5,-1
2026-06-11,2026-06-11 14:24:00,1420.55,1420.55,1420.48,1420.48,-0.0,6.71,9588.5,-1
2026-06-11,2026-06-11 14:25:00,1420.48,1420.48,1420.41,1420.41,-0.0,6.71,9588.5,-1
2026-06-11,2026-06-11 14:26:00,1420.41,1420.41,1420.34,1420.34,-0.0,6.71,9588.5,-1
2026-06-11,2026-06-11 14:27:00,1420.34,1420.34,1420.27,1420.27,-0.0,6.71,9588.5,-1
2026-06-11,2026-06-11 14:28:00,1420.27,1420.27,1420.2,1420.2,-0.0,6.71,9588.5,-1
2026-06-11,2026-06-11 14:29:00,1420.2,1420.2,1420.12,1420.12,-0.01,6.71,9588.5,-1
2026-06-11,2026-06-11 14:30:00,1420.12,1420.12,1420.05,1420.05,-0.0,6.71,9588.5,-1
2026-06-11,2026-06-11 14:31:00,1420.05,1420.05,1419.98,1419.98,-0.0,6.71,9588.5,-1
2026-06-11,2026-06-11 14:32:00,1419.98,1419.98,1419.91,1419.91,-0.0,6.71,9588.5,-1
2026-06-11,2026-06-11 14:33:00,1419.91,1419.91,1419.84,1419.84,-0.0,6.71,9588.5,-1
2026-06-11,2026-06-11 14:34:00,1419.84,1419.84,1419.77,1419.77,-0.0,6.71,9588.5,-1
2026-06-11,2026-06-11 14:35:00,1419.77,1419.77,1419.7,1419.7,-0.0,6.71,9588.5,-1
2026-06-11,2026-06-11 14:36:00,1419.7,1419.7,1419.63,1419.63,-0.0,6.71,9588.5,-1
2026-06-11,2026-06-11 14:37:00,1419.63,1419.63,1419.56,1419.56,-0.0,6.71,9588.5,-1
2026-06-11,2026-06-11 14:38:00,1419.56,1419.56,1419.49,1419.49,-0.0,6.71,9588.5,-1
2026-06-11,2026-06-11 14:39:00,1419.49,1419.49,1419.42,1419.42,-0.0,6.71,9588.5,-1
2026-06-11,2026-06-11 14:40:00,1419.42,1419.42,1419.35,1419.35,-0.0,6.71,9588.5,-1
2026-06-11,2026-06-11 14:41:00,1419.35,1419.35,1419.28,1419.28,-0.0,6.71,9588.5,-1
2026-06-11,2026-06-11 14:42:00,1419.28,1419.28,1419.2,1419.2,-0.01,6.71,9588.5,-1
2026-06-11,2026-06-11 14:43:00,1419.2,1419.2,1419.13,1419.13,-0.0,6.71,9588.5,-1
2026-06-11,2026-06-11 14:44:00,1419.13,1419.13,1419.06,1419.06,-0.0,6.71,9588.5,-1
2026-06-11,2026-06-11 14:45:00,1419.06,1419.06,1418.99,1418.99,-0.0,6.71,9588.5,-1
2026-06-11,2026-06-11 14:46:00,1418.99,1418.99,1418.92,1418.92,-0.0,6.71,9588.5,-1
2026-06-11,2026-06-11 14:47:00,1418.92,1418.92,1418.85,1418.85,-0.0,6.71,9588.5,-1
2026-06-11,2026-06-11 14:48:00,1418.85,1418.85,1418.78,1418.78,-0.0,6.71,9588.5,-1
2026-06-11,2026-06-11 14:49:00,1418.78,1418.78,1418.71,1418.71,-0.0,6.71,9588.5,-1
2026-06-11,2026-06-11 14:50:00,1418.71,1418.71,1418.64,1418.64,-0.0,6.71,9588.5,-1
2026-06-11,2026-06-11 14:51:00,1418.64,1418.64,1418.57,1418.57,-0.0,6.71,9588.5,-1
2026-06-11,2026-06-11 14:52:00,1418.57,1418.57,1418.5,1418.5,-0.0,6.71,9588.5,-1
2026-06-11,2026-06-11 14:53:00,1418.5,1418.5,1418.42,1418.42,-0.01,6.71,9588.5,-1
2026-06-11,2026-06-11 14:54:00,1418.42,1418.42,1418.35,1418.35,-0.0,6.71,9588.5,-1
2026-06-11,2026-06-11 14:55:00,1418.35,1418.35,1418.28,1418.28,-0.0,6.71,9588.5,-1
2026-06-11,2026-06-11 14:56:00,1418.28,1418.28,1418.21,1418.21,-0.0,6.71,9588.5,-1
2026-06-11,2026-06-11 14:57:00,1418.21,1418.21,1418.14,1418.14,-0.0,6.71,9588.5,-1
2026-06-11,2026-06-11 14:58:00,1418.14,1418.14,1418.07,1418.07,-0.0,6.71,9588.5,-1
2026-06-11,2026-06-11 14:59:00,1418.07,1418.07,1418.0,1418.0,-0.0,6.71,9588.5,-1
2026-06-11,2026-06-11 15:00:00,1418.0,1443.0,1416.0,1418.0,0.0,6.71,9588.5,0
2026-06-12,2026-06-12 11:00:00,1418.0,1421.6,1417.7,1418.0,0.0,3.62,5154.05,0
2026-06-12,2026-06-12 11:01:00,1418.0,1418.0,1418.0,1418.0,0.0,3.62,5154.05,0
2026-06-12,2026-06-12 11:02:00,1418.0,1418.0,1418.0,1418.0,0.0,3.62,5154.05,0
2026-06-12,2026-06-12 11:03:00,1418.0,1418.0,1418.0,1418.0,0.0,3.62,5154.05,0
2026-06-12,2026-06-12 11:04:00,1418.0,1418.0,1418.0,1418.0,0.0,3.62,5154.05,0
2026-06-12,2026-06-12 11:05:00,1418.0,1418.01,1418.0,1418.01,0.0,3.62,5154.05,1
2026-06-12,2026-06-12 11:06:00,1418.01,1418.01,1418.01,1418.01,0.0,3.62,5154.05,0
2026-06-12,2026-06-12 11:07:00,1418.01,1418.01,1418.01,1418.01,0.0,3.62,5154.05,0
2026-06-12,2026-06-12 11:08:00,1418.01,1418.01,1418.01,1418.01,0.0,3.62,5154.05,0
2026-06-12,2026-06-12 11:09:00,1418.01,1418.01,1418.01,1418.01,0.0,3.62,5154.05,0
2026-06-12,2026-06-12 11:10:00,1418.01,1418.01,1418.01,1418.01,0.0,3.62,5154.05,0
2026-06-12,2026-06-12 11:11:00,1418.01,1418.01,1418.01,1418.01,0.0,3.62,5154.05,0
2026-06-12,2026-06-12 11:12:00,1418.01,1418.01,1418.01,1418.01,0.0,3.62,5154.05,0
2026-06-12,2026-06-12 11:13:00,1418.01,1418.01,1418.01,1418.01,0.0,3.62,5154.05,0
2026-06-12,2026-06-12 11:14:00,1418.01,1418.01,1418.01,1418.01,0.0,3.62,5154.05,0
2026-06-12,2026-06-12 11:15:00,1418.01,1418.01,1418.01,1418.01,0.0,3.62,5154.05,0
2026-06-12,2026-06-12 11:16:00,1418.01,1418.01,1418.01,1418.01,0.0,3.62,5154.05,0
2026-06-12,2026-06-12 11:17:00,1418.01,1418.02,1418.01,1418.02,0.0,3.62,5154.05,1
2026-06-12,2026-06-12 11:18:00,1418.02,1418.02,1418.02,1418.02,0.0,3.62,5154.05,0
2026-06-12,2026-06-12 11:19:00,1418.02,1418.02,1418.02,1418.02,0.0,3.62,5154.05,0
2026-06-12,2026-06-12 11:20:00,1418.02,1418.02,1418.02,1418.02,0.0,3.62,5154.05,0
2026-06-12,2026-06-12 11:21:00,1418.02,1418.02,1418.02,1418.02,0.0,3.62,5154.05,0
2026-06-12,2026-06-12 11:22:00,1418.02,1418.02,1418.02,1418.02,0.0,3.62,5154.05,0
2026-06-12,2026-06-12 11:23:00,1418.02,1418.02,1418.02,1418.02,0.0,3.62,5154.05,0
2026-06-12,2026-06-12 11:24:00,1418.02,1418.02,1418.02,1418.02,0.0,3.62,5154.05,0
2026-06-12,2026-06-12 11:25:00,1418.02,1418.02,1418.02,1418.02,0.0,3.62,5154.05,0
2026-06-12,2026-06-12 11:26:00,1418.02,1418.02,1418.02,1418.02,0.0,3.62,5154.05,0
2026-06-12,2026-06-12 11:27:00,1418.02,1418.02,1418.02,1418.02,0.0,3.62,5154.05,0
2026-06-12,2026-06-12 11:28:00,1418.02,1418.02,1418.02,1418.02,0.0,3.62,5154.05,0
2026-06-12,2026-06-12 11:29:00,1418.02,1418.03,1418.02,1418.03,0.0,3.62,5154.05,1
2026-06-12,2026-06-12 11:30:00,1418.03,1418.03,1418.03,1418.03,0.0,3.62,5154.05,0
2026-06-12,2026-06-12 11:31:00,1418.03,1418.03,1418.03,1418.03,0.0,3.62,5154.05,0
2026-06-12,2026-06-12 11:32:00,1418.03,1418.03,1418.03,1418.03,0.0,3.62,5154.05,0
2026-06-12,2026-06-12 11:33:00,1418.03,1418.03,1418.03,1418.03,0.0,3.62,5154.05,0
2026-06-12,2026-06-12 11:34:00,1418.03,1418.03,1418.03,1418.03,0.0,3.62,5154.05,0
2026-06-12,2026-06-12 11:35:00,1418.03,1418.03,1418.03,1418.03,0.0,3.62,5154.05,0
2026-06-12,2026-06-12 11:36:00,1418.03,1418.03,1418.03,1418.03,0.0,3.62,5154.05,0
2026-06-12,2026-06-12 11:37:00,1418.03,1418.03,1418.03,1418.03,0.0,3.62,5154.05,0
2026-06-12,2026-06-12 11:38:00,1418.03,1418.03,1418.03,1418.03,0.0,3.62,5154.05,0
2026-06-12,2026-06-12 11:39:00,1418.03,1418.03,1418.03,1418.03,0.0,3.62,5154.05,0
2026-06-12,2026-06-12 11:40:00,1418.03,1418.03,1418.03,1418.03,0.0,3.62,5154.05,0
2026-06-12,2026-06-12 11:41:00,1418.03,1418.04,1418.03,1418.04,0.0,3.62,5154.05,1
2026-06-12,2026-06-12 11:42:00,1418.04,1418.04,1418.04,1418.04,0.0,3.62,5154.05,0
2026-06-12,2026-06-12 11:43:00,1418.04,1418.04,1418.04,1418.04,0.0,3.62,5154.05,0
2026-06-12,2026-06-12 11:44:00,1418.04,1418.04,1418.04,1418.04,0.0,3.62,5154.05,0
2026-06-12,2026-06-12 11:45:00,1418.04,1418.04,1418.04,1418.04,0.0,3.62,5154.05,0
2026-06-12,2026-06-12 11:46:00,1418.04,1418.04,1418.04,1418.04,0.0,3.62,5154.05,0
2026-06-12,2026-06-12 11:47:00,1418.04,1418.04,1418.04,1418.04,0.0,3.62,5154.05,0
2026-06-12,2026-06-12 11:48:00,1418.04,1418.04,1418.04,1418.04,0.0,3.62,5154.05,0
2026-06-12,2026-06-12 11:49:00,1418.04,1418.04,1418.04,1418.04,0.0,3.62,5154.05,0
2026-06-12,2026-06-12 11:50:00,1418.04,1418.04,1418.04,1418.04,0.0,3.62,5154.05,0
2026-06-12,2026-06-12 11:51:00,1418.04,1418.04,1418.04,1418.04,0.0,3.62,5154.05,0
2026-06-12,2026-06-12 11:52:00,1418.04,1418.04,1418.04,1418.04,0.0,3.62,5154.05,0
2026-06-12,2026-06-12 11:53:00,1418.04,1418.05,1418.04,1418.05,0.0,3.62,5154.05,1
2026-06-12,2026-06-12 11:54:00,1418.05,1418.05,1418.05,1418.05,0.0,3.62,5154.05,0
2026-06-12,2026-06-12 11:55:00,1418.05,1418.05,1418.05,1418.05,0.0,3.62,5154.05,0
2026-06-12,2026-06-12 11:56:00,1418.05,1418.05,1418.05,1418.05,0.0,3.62,5154.05,0
2026-06-12,2026-06-12 11:57:00,1418.05,1418.05,1418.05,1418.05,0.0,3.62,5154.05,0
2026-06-12,2026-06-12 11:58:00,1418.05,1418.05,1418.05,1418.05,0.0,3.62,5154.05,0
2026-06-12,2026-06-12 11:59:00,1418.05,1418.05,1418.05,1418.05,0.0,3.62,5154.05,0
2026-06-12,2026-06-12 12:00:00,1418.05,1418.05,1418.05,1418.05,0.0,3.62,5154.05,0
2026-06-12,2026-06-12 12:01:00,1418.05,1418.05,1418.05,1418.05,0.0,3.62,5154.05,0
2026-06-12,2026-06-12 12:02:00,1418.05,1418.05,1418.05,1418.05,0.0,3.62,5154.05,0
2026-06-12,2026-06-12 12:03:00,1418.05,1418.05,1418.05,1418.05,0.0,3.62,5154.05,0
2026-06-12,2026-06-12 12:04:00,1418.05,1418.05,1418.05,1418.05,0.0,3.62,5154.05,0
2026-06-12,2026-06-12 12:05:00,1418.05,1418.06,1418.05,1418.06,0.0,3.62,5154.05,1
2026-06-12,2026-06-12 12:06:00,1418.06,1418.06,1418.06,1418.06,0.0,3.62,5154.05,0
2026-06-12,2026-06-12 12:07:00,1418.06,1418.06,1418.06,1418.06,0.0,3.62,5154.05,0
2026-06-12,2026-06-12 12:08:00,1418.06,1418.06,1418.06,1418.06,0.0,3.62,5154.05,0
2026-06-12,2026-06-12 12:09:00,1418.06,1418.06,1418.06,1418.06,0.0,3.62,5154.05,0
2026-06-12,2026-06-12 12:10:00,1418.06,1418.06,1418.06,1418.06,0.0,3.62,5154.05,0
2026-06-12,2026-06-12 12:11:00,1418.06,1418.06,1418.06,1418.06,0.0,3.62,5154.05,0
2026-06-12,2026-06-12 12:12:00,1418.06,1418.06,1418.06,1418.06,0.0,3.62,5154.05,0
2026-06-12,2026-06-12 12:13:00,1418.06,1418.06,1418.06,1418.06,0.0,3.62,5154.05,0
2026-06-12,2026-06-12 12:14:00,1418.06,1418.06,1418.06,1418.06,0.0,3.62,5154.05,0
2026-06-12,2026-06-12 12:15:00,1418.06,1418.06,1418.06,1418.06,0.0,3.62,5154.05,0
2026-06-12,2026-06-12 12:16:00,1418.06,1418.06,1418.06,1418.06,0.0,3.62,5154.05,0
2026-06-12,2026-06-12 12:17:00,1418.06,1418.07,1418.06,1418.07,0.0,3.62,5154.05,1
2026-06-12,2026-06-12 12:18:00,1418.07,1418.07,1418.07,1418.07,0.0,3.62,5154.05,0
2026-06-12,2026-06-12 12:19:00,1418.07,1418.07,1418.07,1418.07,0.0,3.62,5154.05,0
2026-06-12,2026-06-12 12:20:00,1418.07,1418.07,1418.07,1418.07,0.0,3.62,5154.05,0
2026-06-12,2026-06-12 12:21:00,1418.07,1418.07,1418.07,1418.07,0.0,3.62,5154.05,0
2026-06-12,2026-06-12 12:22:00,1418.07,1418.07,1418.07,1418.07,0.0,3.62,5154.05,0
2026-06-12,2026-06-12 12:23:00,1418.07,1418.07,1418.07,1418.07,0.0,3.62,5154.05,0
2026-06-12,2026-06-12 12:24:00,1418.07,1418.07,1418.07,1418.07,0.0,3.62,5154.05,0
2026-06-12,2026-06-12 12:25:00,1418.07,1418.07,1418.07,1418.07,0.0,3.62,5154.05,0
2026-06-12,2026-06-12 12:26:00,1418.07,1418.07,1418.07,1418.07,0.0,3.62,5154.05,0
2026-06-12,2026-06-12 12:27:00,1418.07,1418.07,1418.07,1418.07,0.0,3.62,5154.05,0
2026-06-12,2026-06-12 12:28:00,1418.07,1418.07,1418.07,1418.07,0.0,3.62,5154.05,0
2026-06-12,2026-06-12 12:29:00,1418.07,1418.08,1418.07,1418.08,0.0,3.62,5154.05,1
2026-06-12,2026-06-12 12:30:00,1418.08,1418.08,1418.08,1418.08,0.0,3.62,5154.05,0
2026-06-12,2026-06-12 12:31:00,1418.08,1418.08,1418.08,1418.08,0.0,3.62,5154.05,0
2026-06-12,2026-06-12 12:32:00,1418.08,1418.08,1418.08,1418.08,0.0,3.62,5154.05,0
2026-06-12,2026-06-12 12:33:00,1418.08,1418.08,1418.08,1418.08,0.0,3.62,5154.05,0
2026-06-12,2026-06-12 12:34:00,1418.08,1418.08,1418.08,1418.08,0.0,3.62,5154.05,0
2026-06-12,2026-06-12 12:35:00,1418.08,1418.08,1418.08,1418.08,0.0,3.62,5154.05,0
2026-06-12,2026-06-12 12:36:00,1418.08,1418.08,1418.08,1418.08,0.0,3.62,5154.05,0
2026-06-12,2026-06-12 12:37:00,1418.08,1418.08,1418.08,1418.08,0.0,3.62,5154.05,0
2026-06-12,2026-06-12 12:38:00,1418.08,1418.08,1418.08,1418.08,0.0,3.62,5154.05,0
2026-06-12,2026-06-12 12:39:00,1418.08,1418.08,1418.08,1418.08,0.0,3.62,5154.05,0
2026-06-12,2026-06-12 12:40:00,1418.08,1418.08,1418.08,1418.08,0.0,3.62,5154.05,0
2026-06-12,2026-06-12 12:41:00,1418.08,1418.09,1418.08,1418.09,0.0,3.62,5154.05,1
2026-06-12,2026-06-12 12:42:00,1418.09,1418.09,1418.09,1418.09,0.0,3.62,5154.05,0
2026-06-12,2026-06-12 12:43:00,1418.09,1418.09,1418.09,1418.09,0.0,3.62,5154.05,0
2026-06-12,2026-06-12 12:44:00,1418.09,1418.09,1418.09,1418.09,0.0,3.62,5154.05,0
2026-06-12,2026-06-12 12:45:00,1418.09,1418.09,1418.09,1418.09,0.0,3.62,5154.05,0
2026-06-12,2026-06-12 12:46:00,1418.09,1418.09,1418.09,1418.09,0.0,3.62,5154.05,0
2026-06-12,2026-06-12 12:47:00,1418.09,1418.09,1418.09,1418.09,0.0,3.62,5154.05,0
2026-06-12,2026-06-12 12:48:00,1418.09,1418.09,1418.09,1418.09,0.0,3.62,5154.05,0
2026-06-12,2026-06-12 12:49:00,1418.09,1418.09,1418.09,1418.09,0.0,3.62,5154.05,0
2026-06-12,2026-06-12 12:50:00,1418.09,1418.09,1418.09,1418.09,0.0,3.62,5154.05,0
2026-06-12,2026-06-12 12:51:00,1418.09,1418.09,1418.09,1418.09,0.0,3.62,5154.05,0
2026-06-12,2026-06-12 12:52:00,1418.09,1418.09,1418.09,1418.09,0.0,3.62,5154.05,0
2026-06-12,2026-06-12 12:53:00,1418.09,1418.1,1418.09,1418.1,0.0,3.62,5154.05,1
2026-06-12,2026-06-12 12:54:00,1418.1,1418.1,1418.1,1418.1,0.0,3.62,5154.05,0
2026-06-12,2026-06-12 12:55:00,1418.1,1418.1,1418.1,1418.1,0.0,3.62,5154.05,0
2026-06-12,2026-06-12 12:56:00,1418.1,1418.1,1418.1,1418.1,0.0,3.62,5154.05,0
2026-06-12,2026-06-12 12:57:00,1418.1,1418.1,1418.1,1418.1,0.0,3.62,5154.05,0
2026-06-12,2026-06-12 12:58:00,1418.1,1418.1,1418.1,1418.1,0.0,3.62,5154.05,0
2026-06-12,2026-06-12 12:59:00,1418.1,1418.1,1418.1,1418.1,0.0,3.62,5154.05,0
2026-06-12,2026-06-12 13:00:00,1418.1,1430.0,1417.0,1418.1,0.0,3.62,5154.05,0
2026-06-12,2026-06-12 13:01:00,1418.1,1418.1,1418.1,1418.1,0.0,3.62,5154.05,0
2026-06-12,2026-06-12 13:02:00,1418.1,1418.1,1418.1,1418.1,0.0,3.62,5154.05,0
2026-06-12,2026-06-12 13:03:00,1418.1,1418.1,1418.1,1418.1,0.0,3.62,5154.05,0
2026-06-12,2026-06-12 13:04:00,1418.1,1418.1,1418.1,1418.1,0.0,3.62,5154.05,0
2026-06-12,2026-06-12 13:05:00,1418.1,1418.11,1418.1,1418.11,0.0,3.62,5154.05,1
2026-06-12,2026-06-12 13:06:00,1418.11,1418.11,1418.11,1418.11,0.0,3.62,5154.05,0
2026-06-12,2026-06-12 13:07:00,1418.11,1418.11,1418.11,1418.11,0.0,3.62,5154.05,0
2026-06-12,2026-06-12 13:08:00,1418.11,1418.11,1418.11,1418.11,0.0,3.62,5154.05,0
2026-06-12,2026-06-12 13:09:00,1418.11,1418.11,1418.11,1418.11,0.0,3.62,5154.05,0
2026-06-12,2026-06-12 13:10:00,1418.11,1418.11,1418.11,1418.11,0.0,3.62,5154.05,0
2026-06-12,2026-06-12 13:11:00,1418.11,1418.11,1418.11,1418.11,0.0,3.62,5154.05,0
2026-06-12,2026-06-12 13:12:00,1418.11,1418.11,1418.11,1418.11,0.0,3.62,5154.05,0
2026-06-12,2026-06-12 13:13:00,1418.11,1418.11,1418.11,1418.11,0.0,3.62,5154.05,0
2026-06-12,2026-06-12 13:14:00,1418.11,1418.11,1418.11,1418.11,0.0,3.62,5154.05,0
2026-06-12,2026-06-12 13:15:00,1418.11,1418.11,1418.11,1418.11,0.0,3.62,5154.05,0
2026-06-12,2026-06-12 13:16:00,1418.11,1418.11,1418.11,1418.11,0.0,3.62,5154.05,0
2026-06-12,2026-06-12 13:17:00,1418.11,1418.12,1418.11,1418.12,0.0,3.62,5154.05,1
2026-06-12,2026-06-12 13:18:00,1418.12,1418.12,1418.12,1418.12,0.0,3.62,5154.05,0
2026-06-12,2026-06-12 13:19:00,1418.12,1418.12,1418.12,1418.12,0.0,3.62,5154.05,0
2026-06-12,2026-06-12 13:20:00,1418.12,1418.12,1418.12,1418.12,0.0,3.62,5154.05,0
2026-06-12,2026-06-12 13:21:00,1418.12,1418.12,1418.12,1418.12,0.0,3.62,5154.05,0
2026-06-12,2026-06-12 13:22:00,1418.12,1418.12,1418.12,1418.12,0.0,3.62,5154.05,0
2026-06-12,2026-06-12 13:23:00,1418.12,1418.12,1418.12,1418.12,0.0,3.62,5154.05,0
2026-06-12,2026-06-12 13:24:00,1418.12,1418.12,1418.12,1418.12,0.0,3.62,5154.05,0
2026-06-12,2026-06-12 13:25:00,1418.12,1418.12,1418.12,1418.12,0.0,3.62,5154.05,0
2026-06-12,2026-06-12 13:26:00,1418.12,1418.12,1418.12,1418.12,0.0,3.62,5154.05,0
2026-06-12,2026-06-12 13:27:00,1418.12,1418.12,1418.12,1418.12,0.0,3.62,5154.05,0
2026-06-12,2026-06-12 13:28:00,1418.12,1418.12,1418.12,1418.12,0.0,3.62,5154.05,0
2026-06-12,2026-06-12 13:29:00,1418.12,1418.12,1418.12,1418.12,0.0,3.62,5154.05,0
2026-06-12,2026-06-12 13:30:00,1418.12,1418.13,1418.12,1418.13,0.0,3.62,5154.05,1
2026-06-12,2026-06-12 13:31:00,1418.13,1418.13,1418.13,1418.13,0.0,3.62,5154.05,0
2026-06-12,2026-06-12 13:32:00,1418.13,1418.13,1418.13,1418.13,0.0,3.62,5154.05,0
2026-06-12,2026-06-12 13:33:00,1418.13,1418.13,1418.13,1418.13,0.0,3.62,5154.05,0
2026-06-12,2026-06-12 13:34:00,1418.13,1418.13,1418.13,1418.13,0.0,3.62,5154.05,0
2026-06-12,2026-06-12 13:35:00,1418.13,1418.13,1418.13,1418.13,0.0,3.62,5154.05,0
2026-06-12,2026-06-12 13:36:00,1418.13,1418.13,1418.13,1418.13,0.0,3.62,5154.05,0
2026-06-12,2026-06-12 13:37:00,1418.13,1418.13,1418.13,1418.13,0.0,3.62,5154.05,0
2026-06-12,2026-06-12 13:38:00,1418.13,1418.13,1418.13,1418.13,0.0,3.62,5154.05,0
2026-06-12,2026-06-12 13:39:00,1418.13,1418.13,1418.13,1418.13,0.0,3.62,5154.05,0
2026-06-12,2026-06-12 13:40:00,1418.13,1418.13,1418.13,1418.13,0.0,3.62,5154.05,0
2026-06-12,2026-06-12 13:41:00,1418.13,1418.13,1418.13,1418.13,0.0,3.62,5154.05,0
2026-06-12,2026-06-12 13:42:00,1418.13,1418.14,1418.13,1418.14,0.0,3.62,5154.05,1
2026-06-12,2026-06-12 13:43:00,1418.14,1418.14,1418.14,1418.14,0.0,3.62,5154.05,0
2026-06-12,2026-06-12 13:44:00,1418.14,1418.14,1418.14,1418.14,0.0,3.62,5154.05,0
2026-06-12,2026-06-12 13:45:00,1418.14,1418.14,1418.14,1418.14,0.0,3.62,5154.05,0
2026-06-12,2026-06-12 13:46:00,1418.14,1418.14,1418.14,1418.14,0.0,3.62,5154.05,0
2026-06-12,2026-06-12 13:47:00,1418.14,1418.14,1418.14,1418.14,0.0,3.62,5154.05,0
2026-06-12,2026-06-12 13:48:00,1418.14,1418.14,1418.14,1418.14,0.0,3.62,5154.05,0
2026-06-12,2026-06-12 13:49:00,1418.14,1418.14,1418.14,1418.14,0.0,3.62,5154.05,0
2026-06-12,2026-06-12 13:50:00,1418.14,1418.14,1418.14,1418.14,0.0,3.62,5154.05,0
2026-06-12,2026-06-12 13:51:00,1418.14,1418.14,1418.14,1418.14,0.0,3.62,5154.05,0
2026-06-12,2026-06-12 13:52:00,1418.14,1418.14,1418.14,1418.14,0.0,3.62,5154.05,0
2026-06-12,2026-06-12 13:53:00,1418.14,1418.14,1418.14,1418.14,0.0,3.62,5154.05,0
2026-06-12,2026-06-12 13:54:00,1418.14,1418.15,1418.14,1418.15,0.0,3.62,5154.05,1
2026-06-12,2026-06-12 13:55:00,1418.15,1418.15,1418.15,1418.15,0.0,3.62,5154.05,0
2026-06-12,2026-06-12 13:56:00,1418.15,1418.15,1418.15,1418.15,0.0,3.62,5154.05,0
2026-06-12,2026-06-12 13:57:00,1418.15,1418.15,1418.15,1418.15,0.0,3.62,5154.05,0
2026-06-12,2026-06-12 13:58:00,1418.15,1418.15,1418.15,1418.15,0.0,3.62,5154.05,0
2026-06-12,2026-06-12 13:59:00,1418.15,1418.15,1418.15,1418.15,0.0,3.62,5154.05,0
2026-06-12,2026-06-12 14:00:00,1418.15,1418.15,1418.15,1418.15,0.0,3.62,5154.05,0
2026-06-12,2026-06-12 14:01:00,1418.15,1418.15,1418.15,1418.15,0.0,3.62,5154.05,0
2026-06-12,2026-06-12 14:02:00,1418.15,1418.15,1418.15,1418.15,0.0,3.62,5154.05,0
2026-06-12,2026-06-12 14:03:00,1418.15,1418.15,1418.15,1418.15,0.0,3.62,5154.05,0
2026-06-12,2026-06-12 14:04:00,1418.15,1418.15,1418.15,1418.15,0.0,3.62,5154.05,0
2026-06-12,2026-06-12 14:05:00,1418.15,1418.15,1418.15,1418.15,0.0,3.62,5154.05,0
2026-06-12,2026-06-12 14:06:00,1418.15,1418.16,1418.15,1418.16,0.0,3.62,5154.05,1
2026-06-12,2026-06-12 14:07:00,1418.16,1418.16,1418.16,1418.16,0.0,3.62,5154.05,0
2026-06-12,2026-06-12 14:08:00,1418.16,1418.16,1418.16,1418.16,0.0,3.62,5154.05,0
2026-06-12,2026-06-12 14:09:00,1418.16,1418.16,1418.16,1418.16,0.0,3.62,5154.05,0
2026-06-12,2026-06-12 14:10:00,1418.16,1418.16,1418.16,1418.16,0.0,3.62,5154.05,0
2026-06-12,2026-06-12 14:11:00,1418.16,1418.16,1418.16,1418.16,0.0,3.62,5154.05,0
2026-06-12,2026-06-12 14:12:00,1418.16,1418.16,1418.16,1418.16,0.0,3.62,5154.05,0
2026-06-12,2026-06-12 14:13:00,1418.16,1418.16,1418.16,1418.16,0.0,3.62,5154.05,0
2026-06-12,2026-06-12 14:14:00,1418.16,1418.16,1418.16,1418.16,0.0,3.62,5154.05,0
2026-06-12,2026-06-12 14:15:00,1418.16,1418.16,1418.16,1418.16,0.0,3.62,5154.05,0
2026-06-12,2026-06-12 14:16:00,1418.16,1418.16,1418.16,1418.16,0.0,3.62,5154.05,0
2026-06-12,2026-06-12 14:17:00,1418.16,1418.16,1418.16,1418.16,0.0,3.62,5154.05,0
2026-06-12,2026-06-12 14:18:00,1418.16,1418.17,1418.16,1418.17,0.0,3.62,5154.05,1
2026-06-12,2026-06-12 14:19:00,1418.17,1418.17,1418.17,1418.17,0.0,3.62,5154.05,0
2026-06-12,2026-06-12 14:20:00,1418.17,1418.17,1418.17,1418.17,0.0,3.62,5154.05,0
2026-06-12,2026-06-12 14:21:00,1418.17,1418.17,1418.17,1418.17,0.0,3.62,5154.05,0
2026-06-12,2026-06-12 14:22:00,1418.17,1418.17,1418.17,1418.17,0.0,3.62,5154.05,0
2026-06-12,2026-06-12 14:23:00,1418.17,1418.17,1418.17,1418.17,0.0,3.62,5154.05,0
2026-06-12,2026-06-12 14:24:00,1418.17,1418.17,1418.17,1418.17,0.0,3.62,5154.05,0
2026-06-12,2026-06-12 14:25:00,1418.17,1418.17,1418.17,1418.17,0.0,3.62,5154.05,0
2026-06-12,2026-06-12 14:26:00,1418.17,1418.17,1418.17,1418.17,0.0,3.62,5154.05,0
2026-06-12,2026-06-12 14:27:00,1418.17,1418.17,1418.17,1418.17,0.0,3.62,5154.05,0
2026-06-12,2026-06-12 14:28:00,1418.17,1418.17,1418.17,1418.17,0.0,3.62,5154.05,0
2026-06-12,2026-06-12 14:29:00,1418.17,1418.17,1418.17,1418.17,0.0,3.62,5154.05,0
2026-06-12,2026-06-12 14:30:00,1418.17,1418.18,1418.17,1418.18,0.0,3.62,5154.05,1
2026-06-12,2026-06-12 14:31:00,1418.18,1418.18,1418.18,1418.18,0.0,3.62,5154.05,0
2026-06-12,2026-06-12 14:32:00,1418.18,1418.18,1418.18,1418.18,0.0,3.62,5154.05,0
2026-06-12,2026-06-12 14:33:00,1418.18,1418.18,1418.18,1418.18,0.0,3.62,5154.05,0
2026-06-12,2026-06-12 14:34:00,1418.18,1418.18,1418.18,1418.18,0.0,3.62,5154.05,0
2026-06-12,2026-06-12 14:35:00,1418.18,1418.18,1418.18,1418.18,0.0,3.62,5154.05,0
2026-06-12,2026-06-12 14:36:00,1418.18,1418.18,1418.18,1418.18,0.0,3.62,5154.05,0
2026-06-12,2026-06-12 14:37:00,1418.18,1418.18,1418.18,1418.18,0.0,3.62,5154.05,0
2026-06-12,2026-06-12 14:38:00,1418.18,1418.18,1418.18,1418.18,0.0,3.62,5154.05,0
2026-06-12,2026-06-12 14:39:00,1418.18,1418.18,1418.18,1418.18,0.0,3.62,5154.05,0
2026-06-12,2026-06-12 14:40:00,1418.18,1418.18,1418.18,1418.18,0.0,3.62,5154.05,0
2026-06-12,2026-06-12 14:41:00,1418.18,1418.18,1418.18,1418.18,0.0,3.62,5154.05,0
2026-06-12,2026-06-12 14:42:00,1418.18,1418.19,1418.18,1418.19,0.0,3.62,5154.05,1
2026-06-12,2026-06-12 14:43:00,1418.19,1418.19,1418.19,1418.19,0.0,3.62,5154.05,0
2026-06-12,2026-06-12 14:44:00,1418.19,1418.19,1418.19,1418.19,0.0,3.62,5154.05,0
2026-06-12,2026-06-12 14:45:00,1418.19,1418.19,1418.19,1418.19,0.0,3.62,5154.05,0
2026-06-12,2026-06-12 14:46:00,1418.19,1418.19,1418.19,1418.19,0.0,3.62,5154.05,0
2026-06-12,2026-06-12 14:47:00,1418.19,1418.19,1418.19,1418.19,0.0,3.62,5154.05,0
2026-06-12,2026-06-12 14:48:00,1418.19,1418.19,1418.19,1418.19,0.0,3.62,5154.05,0
2026-06-12,2026-06-12 14:49:00,1418.19,1418.19,1418.19,1418.19,0.0,3.62,5154.05,0
2026-06-12,2026-06-12 14:50:00,1418.19,1418.19,1418.19,1418.19,0.0,3.62,5154.05,0
2026-06-12,2026-06-12 14:51:00,1418.19,1418.19,1418.19,1418.19,0.0,3.62,5154.05,0
2026-06-12,2026-06-12 14:52:00,1418.19,1418.19,1418.19,1418.19,0.0,3.62,5154.05,0
2026-06-12,2026-06-12 14:53:00,1418.19,1418.19,1418.19,1418.19,0.0,3.62,5154.05,0
2026-06-12,2026-06-12 14:54:00,1418.19,1418.2,1418.19,1418.2,0.0,3.62,5154.05,1
2026-06-12,2026-06-12 14:55:00,1418.2,1418.2,1418.2,1418.2,0.0,3.62,5154.05,0
2026-06-12,2026-06-12 14:56:00,1418.2,1418.2,1418.2,1418.2,0.0,3.62,5154.05,0
2026-06-12,2026-06-12 14:57:00,1418.2,1418.2,1418.2,1418.2,0.0,3.62,5154.05,0
2026-06-12,2026-06-12 14:58:00,1418.2,1418.2,1418.2,1418.2,0.0,3.62,5154.05,0
2026-06-12,2026-06-12 14:59:00,1418.2,1418.2,1418.2,1418.2,0.0,3.62,5154.05,0
2026-06-12,2026-06-12 15:00:00,1418.2,1430.0,1417.0,1418.2,0.0,3.62,5154.05,0
2026-06-15,2026-06-15 11:00:00,1400.0,1404.47,1395.5,1399.97,-0.0,12.33,17260.13,-1
2026-06-15,2026-06-15 11:01:00,1399.97,1399.97,1399.93,1399.93,-0.0,12.33,17260.13,-1
2026-06-15,2026-06-15 11:02:00,1399.93,1399.93,1399.9,1399.9,-0.0,12.33,17260.13,-1
2026-06-15,2026-06-15 11:03:00,1399.9,1399.9,1399.87,1399.87,-0.0,12.33,17260.13,-1
2026-06-15,2026-06-15 11:04:00,1399.87,1399.87,1399.83,1399.83,-0.0,12.33,17260.13,-1
2026-06-15,2026-06-15 11:05:00,1399.83,1399.83,1399.8,1399.8,-0.0,12.33,17260.13,-1
2026-06-15,2026-06-15 11:06:00,1399.8,1399.8,1399.77,1399.77,-0.0,12.33,17260.13,-1
2026-06-15,2026-06-15 11:07:00,1399.77,1399.77,1399.73,1399.73,-0.0,12.33,17260.13,-1
2026-06-15,2026-06-15 11:08:00,1399.73,1399.73,1399.7,1399.7,-0.0,12.33,17260.13,-1
2026-06-15,2026-06-15 11:09:00,1399.7,1399.7,1399.67,1399.67,-0.0,12.33,17260.13,-1
2026-06-15,2026-06-15 11:10:00,1399.67,1399.67,1399.63,1399.63,-0.0,12.33,17260.13,-1
2026-06-15,2026-06-15 11:11:00,1399.63,1399.63,1399.6,1399.6,-0.0,12.33,17260.13,-1
2026-06-15,2026-06-15 11:12:00,1399.6,1399.6,1399.57,1399.57,-0.0,12.33,17260.13,-1
2026-06-15,2026-06-15 11:13:00,1399.57,1399.57,1399.53,1399.53,-0.0,12.33,17260.13,-1
2026-06-15,2026-06-15 11:14:00,1399.53,1399.53,1399.5,1399.5,-0.0,12.33,17260.13,-1
2026-06-15,2026-06-15 11:15:00,1399.5,1399.5,1399.47,1399.47,-0.0,12.33,17260.13,-1
2026-06-15,2026-06-15 11:16:00,1399.47,1399.47,1399.43,1399.43,-0.0,12.33,17260.13,-1
2026-06-15,2026-06-15 11:17:00,1399.43,1399.43,1399.4,1399.4,-0.0,12.33,17260.13,-1
2026-06-15,2026-06-15 11:18:00,1399.4,1399.4,1399.37,1399.37,-0.0,12.33,17260.13,-1
2026-06-15,2026-06-15 11:19:00,1399.37,1399.37,1399.33,1399.33,-0.0,12.33,17260.13,-1
2026-06-15,2026-06-15 11:20:00,1399.33,1399.33,1399.3,1399.3,-0.0,12.33,17260.13,-1
2026-06-15,2026-06-15 11:21:00,1399.3,1399.3,1399.27,1399.27,-0.0,12.33,17260.13,-1
2026-06-15,2026-06-15 11:22:00,1399.27,1399.27,1399.23,1399.23,-0.0,12.33,17260.13,-1
2026-06-15,2026-06-15 11:23:00,1399.23,1399.23,1399.2,1399.2,-0.0,12.33,17260.13,-1
2026-06-15,2026-06-15 11:24:00,1399.2,1399.2,1399.17,1399.17,-0.0,12.33,17260.13,-1
2026-06-15,2026-06-15 11:25:00,1399.17,1399.17,1399.13,1399.13,-0.0,12.33,17260.13,-1
2026-06-15,2026-06-15 11:26:00,1399.13,1399.13,1399.1,1399.1,-0.0,12.33,17260.13,-1
2026-06-15,2026-06-15 11:27:00,1399.1,1399.1,1399.07,1399.07,-0.0,12.33,17260.13,-1
2026-06-15,2026-06-15 11:28:00,1399.07,1399.07,1399.03,1399.03,-0.0,12.33,17260.13,-1
2026-06-15,2026-06-15 11:29:00,1399.03,1399.03,1399.0,1399.0,-0.0,12.33,17260.13,-1
2026-06-15,2026-06-15 11:30:00,1399.0,1399.0,1398.97,1398.97,-0.0,12.33,17260.13,-1
2026-06-15,2026-06-15 11:31:00,1398.97,1398.97,1398.93,1398.93,-0.0,12.33,17260.13,-1
2026-06-15,2026-06-15 11:32:00,1398.93,1398.93,1398.9,1398.9,-0.0,12.33,17260.13,-1
2026-06-15,2026-06-15 11:33:00,1398.9,1398.9,1398.87,1398.87,-0.0,12.33,17260.13,-1
2026-06-15,2026-06-15 11:34:00,1398.87,1398.87,1398.83,1398.83,-0.0,12.33,17260.13,-1
2026-06-15,2026-06-15 11:35:00,1398.83,1398.83,1398.8,1398.8,-0.0,12.33,17260.13,-1
2026-06-15,2026-06-15 11:36:00,1398.8,1398.8,1398.77,1398.77,-0.0,12.33,17260.13,-1
2026-06-15,2026-06-15 11:37:00,1398.77,1398.77,1398.73,1398.73,-0.0,12.33,17260.13,-1
2026-06-15,2026-06-15 11:38:00,1398.73,1398.73,1398.7,1398.7,-0.0,12.33,17260.13,-1
2026-06-15,2026-06-15 11:39:00,1398.7,1398.7,1398.67,1398.67,-0.0,12.33,17260.13,-1
2026-06-15,2026-06-15 11:40:00,1398.67,1398.67,1398.63,1398.63,-0.0,12.33,17260.13,-1
2026-06-15,2026-06-15 11:41:00,1398.63,1398.63,1398.6,1398.6,-0.0,12.33,17260.13,-1
2026-06-15,2026-06-15 11:42:00,1398.6,1398.6,1398.57,1398.57,-0.0,12.33,17260.13,-1
2026-06-15,2026-06-15 11:43:00,1398.57,1398.57,1398.53,1398.53,-0.0,12.33,17260.13,-1
2026-06-15,2026-06-15 11:44:00,1398.53,1398.53,1398.5,1398.5,-0.0,12.33,17260.13,-1
2026-06-15,2026-06-15 11:45:00,1398.5,1398.5,1398.47,1398.47,-0.0,12.33,17260.13,-1
2026-06-15,2026-06-15 11:46:00,1398.47,1398.47,1398.43,1398.43,-0.0,12.33,17260.13,-1
2026-06-15,2026-06-15 11:47:00,1398.43,1398.43,1398.4,1398.4,-0.0,12.33,17260.13,-1
2026-06-15,2026-06-15 11:48:00,1398.4,1398.4,1398.37,1398.37,-0.0,12.33,17260.13,-1
2026-06-15,2026-06-15 11:49:00,1398.37,1398.37,1398.33,1398.33,-0.0,12.33,17260.13,-1
2026-06-15,2026-06-15 11:50:00,1398.33,1398.33,1398.3,1398.3,-0.0,12.33,17260.13,-1
2026-06-15,2026-06-15 11:51:00,1398.3,1398.3,1398.27,1398.27,-0.0,12.33,17260.13,-1
2026-06-15,2026-06-15 11:52:00,1398.27,1398.27,1398.23,1398.23,-0.0,12.33,17260.13,-1
2026-06-15,2026-06-15 11:53:00,1398.23,1398.23,1398.2,1398.2,-0.0,12.33,17260.13,-1
2026-06-15,2026-06-15 11:54:00,1398.2,1398.2,1398.17,1398.17,-0.0,12.33,17260.13,-1
2026-06-15,2026-06-15 11:55:00,1398.17,1398.17,1398.13,1398.13,-0.0,12.33,17260.13,-1
2026-06-15,2026-06-15 11:56:00,1398.13,1398.13,1398.1,1398.1,-0.0,12.33,17260.13,-1
2026-06-15,2026-06-15 11:57:00,1398.1,1398.1,1398.07,1398.07,-0.0,12.33,17260.13,-1
2026-06-15,2026-06-15 11:58:00,1398.07,1398.07,1398.03,1398.03,-0.0,12.33,17260.13,-1
2026-06-15,2026-06-15 11:59:00,1398.03,1398.03,1398.0,1398.0,-0.0,12.33,17260.13,-1
2026-06-15,2026-06-15 12:00:00,1398.0,1398.0,1397.97,1397.97,-0.0,12.33,17260.13,-1
2026-06-15,2026-06-15 12:01:00,1397.97,1397.97,1397.93,1397.93,-0.0,12.33,17260.13,-1
2026-06-15,2026-06-15 12:02:00,1397.93,1397.93,1397.9,1397.9,-0.0,12.33,17260.13,-1
2026-06-15,2026-06-15 12:03:00,1397.9,1397.9,1397.87,1397.87,-0.0,12.33,17260.13,-1
2026-06-15,2026-06-15 12:04:00,1397.87,1397.87,1397.83,1397.83,-0.0,12.33,17260.13,-1
2026-06-15,2026-06-15 12:05:00,1397.83,1397.83,1397.8,1397.8,-0.0,12.33,17260.13,-1
2026-06-15,2026-06-15 12:06:00,1397.8,1397.8,1397.77,1397.77,-0.0,12.33,17260.13,-1
2026-06-15,2026-06-15 12:07:00,1397.77,1397.77,1397.73,1397.73,-0.0,12.33,17260.13,-1
2026-06-15,2026-06-15 12:08:00,1397.73,1397.73,1397.7,1397.7,-0.0,12.33,17260.13,-1
2026-06-15,2026-06-15 12:09:00,1397.7,1397.7,1397.67,1397.67,-0.0,12.33,17260.13,-1
2026-06-15,2026-06-15 12:10:00,1397.67,1397.67,1397.63,1397.63,-0.0,12.33,17260.13,-1
2026-06-15,2026-06-15 12:11:00,1397.63,1397.63,1397.6,1397.6,-0.0,12.33,17260.13,-1
2026-06-15,2026-06-15 12:12:00,1397.6,1397.6,1397.57,1397.57,-0.0,12.33,17260.13,-1
2026-06-15,2026-06-15 12:13:00,1397.57,1397.57,1397.53,1397.53,-0.0,12.33,17260.13,-1
2026-06-15,2026-06-15 12:14:00,1397.53,1397.53,1397.5,1397.5,-0.0,12.33,17260.13,-1
2026-06-15,2026-06-15 12:15:00,1397.5,1397.5,1397.47,1397.47,-0.0,12.33,17260.13,-1
2026-06-15,2026-06-15 12:16:00,1397.47,1397.47,1397.43,1397.43,-0.0,12.33,17260.13,-1
2026-06-15,2026-06-15 12:17:00,1397.43,1397.43,1397.4,1397.4,-0.0,12.33,17260.13,-1
2026-06-15,2026-06-15 12:18:00,1397.4,1397.4,1397.37,1397.37,-0.0,12.33,17260.13,-1
2026-06-15,2026-06-15 12:19:00,1397.37,1397.37,1397.33,1397.33,-0.0,12.33,17260.13,-1
2026-06-15,2026-06-15 12:20:00,1397.33,1397.33,1397.3,1397.3,-0.0,12.33,17260.13,-1
2026-06-15,2026-06-15 12:21:00,1397.3,1397.3,1397.27,1397.27,-0.0,12.33,17260.13,-1
2026-06-15,2026-06-15 12:22:00,1397.27,1397.27,1397.23,1397.23,-0.0,12.33,17260.13,-1
2026-06-15,2026-06-15 12:23:00,1397.23,1397.23,1397.2,1397.2,-0.0,12.33,17260.13,-1
2026-06-15,2026-06-15 12:24:00,1397.2,1397.2,1397.17,1397.17,-0.0,12.33,17260.13,-1
2026-06-15,2026-06-15 12:25:00,1397.17,1397.17,1397.13,1397.13,-0.0,12.33,17260.13,-1
2026-06-15,2026-06-15 12:26:00,1397.13,1397.13,1397.1,1397.1,-0.0,12.33,17260.13,-1
2026-06-15,2026-06-15 12:27:00,1397.1,1397.1,1397.07,1397.07,-0.0,12.33,17260.13,-1
2026-06-15,2026-06-15 12:28:00,1397.07,1397.07,1397.03,1397.03,-0.0,12.33,17260.13,-1
2026-06-15,2026-06-15 12:29:00,1397.03,1397.03,1397.0,1397.0,-0.0,12.33,17260.13,-1
2026-06-15,2026-06-15 12:30:00,1397.0,1397.0,1396.97,1396.97,-0.0,12.33,17260.13,-1
2026-06-15,2026-06-15 12:31:00,1396.97,1396.97,1396.93,1396.93,-0.0,12.33,17260.13,-1
2026-06-15,2026-06-15 12:32:00,1396.93,1396.93,1396.9,1396.9,-0.0,12.33,17260.13,-1
2026-06-15,2026-06-15 12:33:00,1396.9,1396.9,1396.87,1396.87,-0.0,12.33,17260.13,-1
2026-06-15,2026-06-15 12:34:00,1396.87,1396.87,1396.83,1396.83,-0.0,12.33,17260.13,-1
2026-06-15,2026-06-15 12:35:00,1396.83,1396.83,1396.8,1396.8,-0.0,12.33,17260.13,-1
2026-06-15,2026-06-15 12:36:00,1396.8,1396.8,1396.77,1396.77,-0.0,12.33,17260.13,-1
2026-06-15,2026-06-15 12:37:00,1396.77,1396.77,1396.73,1396.73,-0.0,12.33,17260.13,-1
2026-06-15,2026-06-15 12:38:00,1396.73,1396.73,1396.7,1396.7,-0.0,12.33,17260.13,-1
2026-06-15,2026-06-15 12:39:00,1396.7,1396.7,1396.67,1396.67,-0.0,12.33,17260.13,-1
2026-06-15,2026-06-15 12:40:00,1396.67,1396.67,1396.63,1396.63,-0.0,12.33,17260.13,-1
2026-06-15,2026-06-15 12:41:00,1396.63,1396.63,1396.6,1396.6,-0.0,12.33,17260.13,-1
2026-06-15,2026-06-15 12:42:00,1396.6,1396.6,1396.57,1396.57,-0.0,12.33,17260.13,-1
2026-06-15,2026-06-15 12:43:00,1396.57,1396.57,1396.53,1396.53,-0.0,12.33,17260.13,-1
2026-06-15,2026-06-15 12:44:00,1396.53,1396.53,1396.5,1396.5,-0.0,12.33,17260.13,-1
2026-06-15,2026-06-15 12:45:00,1396.5,1396.5,1396.47,1396.47,-0.0,12.33,17260.13,-1
2026-06-15,2026-06-15 12:46:00,1396.47,1396.47,1396.43,1396.43,-0.0,12.33,17260.13,-1
2026-06-15,2026-06-15 12:47:00,1396.43,1396.43,1396.4,1396.4,-0.0,12.33,17260.13,-1
2026-06-15,2026-06-15 12:48:00,1396.4,1396.4,1396.37,1396.37,-0.0,12.33,17260.13,-1
2026-06-15,2026-06-15 12:49:00,1396.37,1396.37,1396.33,1396.33,-0.0,12.33,17260.13,-1
2026-06-15,2026-06-15 12:50:00,1396.33,1396.33,1396.3,1396.3,-0.0,12.33,17260.13,-1
2026-06-15,2026-06-15 12:51:00,1396.3,1396.3,1396.27,1396.27,-0.0,12.33,17260.13,-1
2026-06-15,2026-06-15 12:52:00,1396.27,1396.27,1396.23,1396.23,-0.0,12.33,17260.13,-1
2026-06-15,2026-06-15 12:53:00,1396.23,1396.23,1396.2,1396.2,-0.0,12.33,17260.13,-1
2026-06-15,2026-06-15 12:54:00,1396.2,1396.2,1396.17,1396.17,-0.0,12.33,17260.13,-1
2026-06-15,2026-06-15 12:55:00,1396.17,1396.17,1396.13,1396.13,-0.0,12.33,17260.13,-1
2026-06-15,2026-06-15 12:56:00,1396.13,1396.13,1396.1,1396.1,-0.0,12.33,17260.13,-1
2026-06-15,2026-06-15 12:57:00,1396.1,1396.1,1396.07,1396.07,-0.0,12.33,17260.13,-1
2026-06-15,2026-06-15 12:58:00,1396.07,1396.07,1396.03,1396.03,-0.0,12.33,17260.13,-1
2026-06-15,2026-06-15 12:59:00,1396.03,1396.03,1396.0,1396.0,-0.0,12.33,17260.13,-1
2026-06-15,2026-06-15 13:00:00,1396.0,1414.9,1385.0,1395.97,-0.0,12.33,17260.13,-1
2026-06-15,2026-06-15 13:01:00,1395.97,1395.97,1395.93,1395.93,-0.0,12.33,17260.13,-1
2026-06-15,2026-06-15 13:02:00,1395.93,1395.93,1395.9,1395.9,-0.0,12.33,17260.13,-1
2026-06-15,2026-06-15 13:03:00,1395.9,1395.9,1395.87,1395.87,-0.0,12.33,17260.13,-1
2026-06-15,2026-06-15 13:04:00,1395.87,1395.87,1395.83,1395.83,-0.0,12.33,17260.13,-1
2026-06-15,2026-06-15 13:05:00,1395.83,1395.83,1395.8,1395.8,-0.0,12.33,17260.13,-1
2026-06-15,2026-06-15 13:06:00,1395.8,1395.8,1395.77,1395.77,-0.0,12.33,17260.13,-1
2026-06-15,2026-06-15 13:07:00,1395.77,1395.77,1395.73,1395.73,-0.0,12.33,17260.13,-1
2026-06-15,2026-06-15 13:08:00,1395.73,1395.73,1395.7,1395.7,-0.0,12.33,17260.13,-1
2026-06-15,2026-06-15 13:09:00,1395.7,1395.7,1395.67,1395.67,-0.0,12.33,17260.13,-1
2026-06-15,2026-06-15 13:10:00,1395.67,1395.67,1395.63,1395.63,-0.0,12.33,17260.13,-1
2026-06-15,2026-06-15 13:11:00,1395.63,1395.63,1395.6,1395.6,-0.0,12.33,17260.13,-1
2026-06-15,2026-06-15 13:12:00,1395.6,1395.6,1395.57,1395.57,-0.0,12.33,17260.13,-1
2026-06-15,2026-06-15 13:13:00,1395.57,1395.57,1395.53,1395.53,-0.0,12.33,17260.13,-1
2026-06-15,2026-06-15 13:14:00,1395.53,1395.53,1395.5,1395.5,-0.0,12.33,17260.13,-1
2026-06-15,2026-06-15 13:15:00,1395.5,1395.5,1395.47,1395.47,-0.0,12.33,17260.13,-1
2026-06-15,2026-06-15 13:16:00,1395.47,1395.47,1395.43,1395.43,-0.0,12.33,17260.13,-1
2026-06-15,2026-06-15 13:17:00,1395.43,1395.43,1395.4,1395.4,-0.0,12.33,17260.13,-1
2026-06-15,2026-06-15 13:18:00,1395.4,1395.4,1395.37,1395.37,-0.0,12.33,17260.13,-1
2026-06-15,2026-06-15 13:19:00,1395.37,1395.37,1395.33,1395.33,-0.0,12.33,17260.13,-1
2026-06-15,2026-06-15 13:20:00,1395.33,1395.33,1395.3,1395.3,-0.0,12.33,17260.13,-1
2026-06-15,2026-06-15 13:21:00,1395.3,1395.3,1395.27,1395.27,-0.0,12.33,17260.13,-1
2026-06-15,2026-06-15 13:22:00,1395.27,1395.27,1395.23,1395.23,-0.0,12.33,17260.13,-1
2026-06-15,2026-06-15 13:23:00,1395.23,1395.23,1395.2,1395.2,-0.0,12.33,17260.13,-1
2026-06-15,2026-06-15 13:24:00,1395.2,1395.2,1395.17,1395.17,-0.0,12.33,17260.13,-1
2026-06-15,2026-06-15 13:25:00,1395.17,1395.17,1395.13,1395.13,-0.0,12.33,17260.13,-1
2026-06-15,2026-06-15 13:26:00,1395.13,1395.13,1395.1,1395.1,-0.0,12.33,17260.13,-1
2026-06-15,2026-06-15 13:27:00,1395.1,1395.1,1395.07,1395.07,-0.0,12.33,17260.13,-1
2026-06-15,2026-06-15 13:28:00,1395.07,1395.07,1395.03,1395.03,-0.0,12.33,17260.13,-1
2026-06-15,2026-06-15 13:29:00,1395.03,1395.03,1395.0,1395.0,-0.0,12.33,17260.13,-1
2026-06-15,2026-06-15 13:30:00,1395.0,1395.0,1394.97,1394.97,-0.0,12.33,17260.13,-1
2026-06-15,2026-06-15 13:31:00,1394.97,1394.97,1394.93,1394.93,-0.0,12.33,17260.13,-1
2026-06-15,2026-06-15 13:32:00,1394.93,1394.93,1394.9,1394.9,-0.0,12.33,17260.13,-1
2026-06-15,2026-06-15 13:33:00,1394.9,1394.9,1394.87,1394.87,-0.0,12.33,17260.13,-1
2026-06-15,2026-06-15 13:34:00,1394.87,1394.87,1394.83,1394.83,-0.0,12.33,17260.13,-1
2026-06-15,2026-06-15 13:35:00,1394.83,1394.83,1394.8,1394.8,-0.0,12.33,17260.13,-1
2026-06-15,2026-06-15 13:36:00,1394.8,1394.8,1394.77,1394.77,-0.0,12.33,17260.13,-1
2026-06-15,2026-06-15 13:37:00,1394.77,1394.77,1394.73,1394.73,-0.0,12.33,17260.13,-1
2026-06-15,2026-06-15 13:38:00,1394.73,1394.73,1394.7,1394.7,-0.0,12.33,17260.13,-1
2026-06-15,2026-06-15 13:39:00,1394.7,1394.7,1394.67,1394.67,-0.0,12.33,17260.13,-1
2026-06-15,2026-06-15 13:40:00,1394.67,1394.67,1394.63,1394.63,-0.0,12.33,17260.13,-1
2026-06-15,2026-06-15 13:41:00,1394.63,1394.63,1394.6,1394.6,-0.0,12.33,17260.13,-1
2026-06-15,2026-06-15 13:42:00,1394.6,1394.6,1394.57,1394.57,-0.0,12.33,17260.13,-1
2026-06-15,2026-06-15 13:43:00,1394.57,1394.57,1394.53,1394.53,-0.0,12.33,17260.13,-1
2026-06-15,2026-06-15 13:44:00,1394.53,1394.53,1394.5,1394.5,-0.0,12.33,17260.13,-1
2026-06-15,2026-06-15 13:45:00,1394.5,1394.5,1394.47,1394.47,-0.0,12.33,17260.13,-1
2026-06-15,2026-06-15 13:46:00,1394.47,1394.47,1394.43,1394.43,-0.0,12.33,17260.13,-1
2026-06-15,2026-06-15 13:47:00,1394.43,1394.43,1394.4,1394.4,-0.0,12.33,17260.13,-1
2026-06-15,2026-06-15 13:48:00,1394.4,1394.4,1394.37,1394.37,-0.0,12.33,17260.13,-1
2026-06-15,2026-06-15 13:49:00,1394.37,1394.37,1394.33,1394.33,-0.0,12.33,17260.13,-1
2026-06-15,2026-06-15 13:50:00,1394.33,1394.33,1394.3,1394.3,-0.0,12.33,17260.13,-1
2026-06-15,2026-06-15 13:51:00,1394.3,1394.3,1394.27,1394.27,-0.0,12.33,17260.13,-1
2026-06-15,2026-06-15 13:52:00,1394.27,1394.27,1394.23,1394.23,-0.0,12.33,17260.13,-1
2026-06-15,2026-06-15 13:53:00,1394.23,1394.23,1394.2,1394.2,-0.0,12.33,17260.13,-1
2026-06-15,2026-06-15 13:54:00,1394.2,1394.2,1394.17,1394.17,-0.0,12.33,17260.13,-1
2026-06-15,2026-06-15 13:55:00,1394.17,1394.17,1394.13,1394.13,-0.0,12.33,17260.13,-1
2026-06-15,2026-06-15 13:56:00,1394.13,1394.13,1394.1,1394.1,-0.0,12.33,17260.13,-1
2026-06-15,2026-06-15 13:57:00,1394.1,1394.1,1394.07,1394.07,-0.0,12.33,17260.13,-1
2026-06-15,2026-06-15 13:58:00,1394.07,1394.07,1394.03,1394.03,-0.0,12.33,17260.13,-1
2026-06-15,2026-06-15 13:59:00,1394.03,1394.03,1394.0,1394.0,-0.0,12.33,17260.13,-1
2026-06-15,2026-06-15 14:00:00,1394.0,1394.0,1393.97,1393.97,-0.0,12.33,17260.13,-1
2026-06-15,2026-06-15 14:01:00,1393.97,1393.97,1393.93,1393.93,-0.0,12.33,17260.13,-1
2026-06-15,2026-06-15 14:02:00,1393.93,1393.93,1393.9,1393.9,-0.0,12.33,17260.13,-1
2026-06-15,2026-06-15 14:03:00,1393.9,1393.9,1393.87,1393.87,-0.0,12.33,17260.13,-1
2026-06-15,2026-06-15 14:04:00,1393.87,1393.87,1393.83,1393.83,-0.0,12.33,17260.13,-1
2026-06-15,2026-06-15 14:05:00,1393.83,1393.83,1393.8,1393.8,-0.0,12.33,17260.13,-1
2026-06-15,2026-06-15 14:06:00,1393.8,1393.8,1393.77,1393.77,-0.0,12.33,17260.13,-1
2026-06-15,2026-06-15 14:07:00,1393.77,1393.77,1393.73,1393.73,-0.0,12.33,17260.13,-1
2026-06-15,2026-06-15 14:08:00,1393.73,1393.73,1393.7,1393.7,-0.0,12.33,17260.13,-1
2026-06-15,2026-06-15 14:09:00,1393.7,1393.7,1393.67,1393.67,-0.0,12.33,17260.13,-1
2026-06-15,2026-06-15 14:10:00,1393.67,1393.67,1393.63,1393.63,-0.0,12.33,17260.13,-1
2026-06-15,2026-06-15 14:11:00,1393.63,1393.63,1393.6,1393.6,-0.0,12.33,17260.13,-1
2026-06-15,2026-06-15 14:12:00,1393.6,1393.6,1393.57,1393.57,-0.0,12.33,17260.13,-1
2026-06-15,2026-06-15 14:13:00,1393.57,1393.57,1393.53,1393.53,-0.0,12.33,17260.13,-1
2026-06-15,2026-06-15 14:14:00,1393.53,1393.53,1393.5,1393.5,-0.0,12.33,17260.13,-1
2026-06-15,2026-06-15 14:15:00,1393.5,1393.5,1393.47,1393.47,-0.0,12.33,17260.13,-1
2026-06-15,2026-06-15 14:16:00,1393.47,1393.47,1393.43,1393.43,-0.0,12.33,17260.13,-1
2026-06-15,2026-06-15 14:17:00,1393.43,1393.43,1393.4,1393.4,-0.0,12.33,17260.13,-1
2026-06-15,2026-06-15 14:18:00,1393.4,1393.4,1393.37,1393.37,-0.0,12.33,17260.13,-1
2026-06-15,2026-06-15 14:19:00,1393.37,1393.37,1393.33,1393.33,-0.0,12.33,17260.13,-1
2026-06-15,2026-06-15 14:20:00,1393.33,1393.33,1393.3,1393.3,-0.0,12.33,17260.13,-1
2026-06-15,2026-06-15 14:21:00,1393.3,1393.3,1393.27,1393.27,-0.0,12.33,17260.13,-1
2026-06-15,2026-06-15 14:22:00,1393.27,1393.27,1393.23,1393.23,-0.0,12.33,17260.13,-1
2026-06-15,2026-06-15 14:23:00,1393.23,1393.23,1393.2,1393.2,-0.0,12.33,17260.13,-1
2026-06-15,2026-06-15 14:24:00,1393.2,1393.2,1393.17,1393.17,-0.0,12.33,17260.13,-1
2026-06-15,2026-06-15 14:25:00,1393.17,1393.17,1393.13,1393.13,-0.0,12.33,17260.13,-1
2026-06-15,2026-06-15 14:26:00,1393.13,1393.13,1393.1,1393.1,-0.0,12.33,17260.13,-1
2026-06-15,2026-06-15 14:27:00,1393.1,1393.1,1393.07,1393.07,-0.0,12.33,17260.13,-1
2026-06-15,2026-06-15 14:28:00,1393.07,1393.07,1393.03,1393.03,-0.0,12.33,17260.13,-1
2026-06-15,2026-06-15 14:29:00,1393.03,1393.03,1393.0,1393.0,-0.0,12.33,17260.13,-1
2026-06-15,2026-06-15 14:30:00,1393.0,1393.0,1392.97,1392.97,-0.0,12.33,17260.13,-1
2026-06-15,2026-06-15 14:31:00,1392.97,1392.97,1392.93,1392.93,-0.0,12.33,17260.13,-1
2026-06-15,2026-06-15 14:32:00,1392.93,1392.93,1392.9,1392.9,-0.0,12.33,17260.13,-1
2026-06-15,2026-06-15 14:33:00,1392.9,1392.9,1392.87,1392.87,-0.0,12.33,17260.13,-1
2026-06-15,2026-06-15 14:34:00,1392.87,1392.87,1392.83,1392.83,-0.0,12.33,17260.13,-1
2026-06-15,2026-06-15 14:35:00,1392.83,1392.83,1392.8,1392.8,-0.0,12.33,17260.13,-1
2026-06-15,2026-06-15 14:36:00,1392.8,1392.8,1392.77,1392.77,-0.0,12.33,17260.13,-1
2026-06-15,2026-06-15 14:37:00,1392.77,1392.77,1392.73,1392.73,-0.0,12.33,17260.13,-1
2026-06-15,2026-06-15 14:38:00,1392.73,1392.73,1392.7,1392.7,-0.0,12.33,17260.13,-1
2026-06-15,2026-06-15 14:39:00,1392.7,1392.7,1392.67,1392.67,-0.0,12.33,17260.13,-1
2026-06-15,2026-06-15 14:40:00,1392.67,1392.67,1392.63,1392.63,-0.0,12.33,17260.13,-1
2026-06-15,2026-06-15 14:41:00,1392.63,1392.63,1392.6,1392.6,-0.0,12.33,17260.13,-1
2026-06-15,2026-06-15 14:42:00,1392.6,1392.6,1392.57,1392.57,-0.0,12.33,17260.13,-1
2026-06-15,2026-06-15 14:43:00,1392.57,1392.57,1392.53,1392.53,-0.0,12.33,17260.13,-1
2026-06-15,2026-06-15 14:44:00,1392.53,1392.53,1392.5,1392.5,-0.0,12.33,17260.13,-1
2026-06-15,2026-06-15 14:45:00,1392.5,1392.5,1392.47,1392.47,-0.0,12.33,17260.13,-1
2026-06-15,2026-06-15 14:46:00,1392.47,1392.47,1392.43,1392.43,-0.0,12.33,17260.13,-1
2026-06-15,2026-06-15 14:47:00,1392.43,1392.43,1392.4,1392.4,-0.0,12.33,17260.13,-1
2026-06-15,2026-06-15 14:48:00,1392.4,1392.4,1392.37,1392.37,-0.0,12.33,17260.13,-1
2026-06-15,2026-06-15 14:49:00,1392.37,1392.37,1392.33,1392.33,-0.0,12.33,17260.13,-1
2026-06-15,2026-06-15 14:50:00,1392.33,1392.33,1392.3,1392.3,-0.0,12.33,17260.13,-1
2026-06-15,2026-06-15 14:51:00,1392.3,1392.3,1392.27,1392.27,-0.0,12.33,17260.13,-1
2026-06-15,2026-06-15 14:52:00,1392.27,1392.27,1392.23,1392.23,-0.0,12.33,17260.13,-1
2026-06-15,2026-06-15 14:53:00,1392.23,1392.23,1392.2,1392.2,-0.0,12.33,17260.13,-1
2026-06-15,2026-06-15 14:54:00,1392.2,1392.2,1392.17,1392.17,-0.0,12.33,17260.13,-1
2026-06-15,2026-06-15 14:55:00,1392.17,1392.17,1392.13,1392.13,-0.0,12.33,17260.13,-1
2026-06-15,2026-06-15 14:56:00,1392.13,1392.13,1392.1,1392.1,-0.0,12.33,17260.13,-1
2026-06-15,2026-06-15 14:57:00,1392.1,1392.1,1392.07,1392.07,-0.0,12.33,17260.13,-1
2026-06-15,2026-06-15 14:58:00,1392.07,1392.07,1392.03,1392.03,-0.0,12.33,17260.13,-1
2026-06-15,2026-06-15 14:59:00,1392.03,1392.03,1392.0,1392.0,-0.0,12.33,17260.13,-1
2026-06-15,2026-06-15 15:00:00,1392.0,1414.9,1385.0,1392.0,0.0,12.33,17260.13,0
2026-06-16,2026-06-16 11:00:00,1395.0,1401.0,1390.5,1395.08,0.01,3.13,4383.82,1
2026-06-16,2026-06-16 11:01:00,1395.08,1395.15,1395.08,1395.15,0.01,3.13,4383.82,1
2026-06-16,2026-06-16 11:02:00,1395.15,1395.22,1395.15,1395.22,0.01,3.13,4383.82,1
2026-06-16,2026-06-16 11:03:00,1395.22,1395.3,1395.22,1395.3,0.01,3.13,4383.82,1
2026-06-16,2026-06-16 11:04:00,1395.3,1395.38,1395.3,1395.38,0.01,3.13,4383.82,1
2026-06-16,2026-06-16 11:05:00,1395.38,1395.45,1395.38,1395.45,0.01,3.13,4383.82,1
2026-06-16,2026-06-16 11:06:00,1395.45,1395.53,1395.45,1395.53,0.01,3.13,4383.82,1
2026-06-16,2026-06-16 11:07:00,1395.53,1395.6,1395.53,1395.6,0.01,3.13,4383.82,1
2026-06-16,2026-06-16 11:08:00,1395.6,1395.67,1395.6,1395.67,0.01,3.13,4383.82,1
2026-06-16,2026-06-16 11:09:00,1395.67,1395.75,1395.67,1395.75,0.01,3.13,4383.82,1
2026-06-16,2026-06-16 11:10:00,1395.75,1395.83,1395.75,1395.83,0.01,3.13,4383.82,1
2026-06-16,2026-06-16 11:11:00,1395.83,1395.9,1395.83,1395.9,0.01,3.13,4383.82,1
2026-06-16,2026-06-16 11:12:00,1395.9,1395.97,1395.9,1395.97,0.01,3.13,4383.82,1
2026-06-16,2026-06-16 11:13:00,1395.97,1396.05,1395.97,1396.05,0.01,3.13,4383.82,1
2026-06-16,2026-06-16 11:14:00,1396.05,1396.12,1396.05,1396.12,0.01,3.13,4383.82,1
2026-06-16,2026-06-16 11:15:00,1396.12,1396.2,1396.12,1396.2,0.01,3.13,4383.82,1
2026-06-16,2026-06-16 11:16:00,1396.2,1396.28,1396.2,1396.28,0.01,3.13,4383.82,1
2026-06-16,2026-06-16 11:17:00,1396.28,1396.35,1396.28,1396.35,0.01,3.13,4383.82,1
2026-06-16,2026-06-16 11:18:00,1396.35,1396.42,1396.35,1396.42,0.01,3.13,4383.82,1
2026-06-16,2026-06-16 11:19:00,1396.42,1396.5,1396.42,1396.5,0.01,3.13,4383.82,1
2026-06-16,2026-06-16 11:20:00,1396.5,1396.58,1396.5,1396.58,0.01,3.13,4383.82,1
2026-06-16,2026-06-16 11:21:00,1396.58,1396.65,1396.58,1396.65,0.01,3.13,4383.82,1
2026-06-16,2026-06-16 11:22:00,1396.65,1396.72,1396.65,1396.72,0.01,3.13,4383.82,1
2026-06-16,2026-06-16 11:23:00,1396.72,1396.8,1396.72,1396.8,0.01,3.13,4383.82,1
2026-06-16,2026-06-16 11:24:00,1396.8,1396.88,1396.8,1396.88,0.01,3.13,4383.82,1
2026-06-16,2026-06-16 11:25:00,1396.88,1396.95,1396.88,1396.95,0.01,3.13,4383.82,1
2026-06-16,2026-06-16 11:26:00,1396.95,1397.03,1396.95,1397.03,0.01,3.13,4383.82,1
2026-06-16,2026-06-16 11:27:00,1397.03,1397.1,1397.03,1397.1,0.01,3.13,4383.82,1
2026-06-16,2026-06-16 11:28:00,1397.1,1397.17,1397.1,1397.17,0.01,3.13,4383.82,1
2026-06-16,2026-06-16 11:29:00,1397.17,1397.25,1397.17,1397.25,0.01,3.13,4383.82,1
2026-06-16,2026-06-16 11:30:00,1397.25,1397.33,1397.25,1397.33,0.01,3.13,4383.82,1
2026-06-16,2026-06-16 11:31:00,1397.33,1397.4,1397.33,1397.4,0.01,3.13,4383.82,1
2026-06-16,2026-06-16 11:32:00,1397.4,1397.47,1397.4,1397.47,0.01,3.13,4383.82,1
2026-06-16,2026-06-16 11:33:00,1397.47,1397.55,1397.47,1397.55,0.01,3.13,4383.82,1
2026-06-16,2026-06-16 11:34:00,1397.55,1397.62,1397.55,1397.62,0.01,3.13,4383.82,1
2026-06-16,2026-06-16 11:35:00,1397.62,1397.7,1397.62,1397.7,0.01,3.13,4383.82,1
2026-06-16,2026-06-16 11:36:00,1397.7,1397.78,1397.7,1397.78,0.01,3.13,4383.82,1
2026-06-16,2026-06-16 11:37:00,1397.78,1397.85,1397.78,1397.85,0.01,3.13,4383.82,1
2026-06-16,2026-06-16 11:38:00,1397.85,1397.92,1397.85,1397.92,0.01,3.13,4383.82,1
2026-06-16,2026-06-16 11:39:00,1397.92,1398.0,1397.92,1398.0,0.01,3.13,4383.82,1
2026-06-16,2026-06-16 11:40:00,1398.0,1398.08,1398.0,1398.08,0.01,3.13,4383.82,1
2026-06-16,2026-06-16 11:41:00,1398.08,1398.15,1398.08,1398.15,0.01,3.13,4383.82,1
2026-06-16,2026-06-16 11:42:00,1398.15,1398.22,1398.15,1398.22,0.01,3.13,4383.82,1
2026-06-16,2026-06-16 11:43:00,1398.22,1398.3,1398.22,1398.3,0.01,3.13,4383.82,1
2026-06-16,2026-06-16 11:44:00,1398.3,1398.38,1398.3,1398.38,0.01,3.13,4383.82,1
2026-06-16,2026-06-16 11:45:00,1398.38,1398.45,1398.38,1398.45,0.01,3.13,4383.82,1
2026-06-16,2026-06-16 11:46:00,1398.45,1398.53,1398.45,1398.53,0.01,3.13,4383.82,1
2026-06-16,2026-06-16 11:47:00,1398.53,1398.6,1398.53,1398.6,0.01,3.13,4383.82,1
2026-06-16,2026-06-16 11:48:00,1398.6,1398.67,1398.6,1398.67,0.01,3.13,4383.82,1
2026-06-16,2026-06-16 11:49:00,1398.67,1398.75,1398.67,1398.75,0.01,3.13,4383.82,1
2026-06-16,2026-06-16 11:50:00,1398.75,1398.83,1398.75,1398.83,0.01,3.13,4383.82,1
2026-06-16,2026-06-16 11:51:00,1398.83,1398.9,1398.83,1398.9,0.01,3.13,4383.82,1
2026-06-16,2026-06-16 11:52:00,1398.9,1398.97,1398.9,1398.97,0.01,3.13,4383.82,1
2026-06-16,2026-06-16 11:53:00,1398.97,1399.05,1398.97,1399.05,0.01,3.13,4383.82,1
2026-06-16,2026-06-16 11:54:00,1399.05,1399.12,1399.05,1399.12,0.01,3.13,4383.82,1
2026-06-16,2026-06-16 11:55:00,1399.12,1399.2,1399.12,1399.2,0.01,3.13,4383.82,1
2026-06-16,2026-06-16 11:56:00,1399.2,1399.28,1399.2,1399.28,0.01,3.13,4383.82,1
2026-06-16,2026-06-16 11:57:00,1399.28,1399.35,1399.28,1399.35,0.01,3.13,4383.82,1
2026-06-16,2026-06-16 11:58:00,1399.35,1399.42,1399.35,1399.42,0.01,3.13,4383.82,1
2026-06-16,2026-06-16 11:59:00,1399.42,1399.5,1399.42,1399.5,0.01,3.13,4383.82,1
2026-06-16,2026-06-16 12:00:00,1399.5,1399.58,1399.5,1399.58,0.01,3.13,4383.82,1
2026-06-16,2026-06-16 12:01:00,1399.58,1399.65,1399.58,1399.65,0.01,3.13,4383.82,1
2026-06-16,2026-06-16 12:02:00,1399.65,1399.72,1399.65,1399.72,0.01,3.13,4383.82,1
2026-06-16,2026-06-16 12:03:00,1399.72,1399.8,1399.72,1399.8,0.01,3.13,4383.82,1
2026-06-16,2026-06-16 12:04:00,1399.8,1399.88,1399.8,1399.88,0.01,3.13,4383.82,1
2026-06-16,2026-06-16 12:05:00,1399.88,1399.95,1399.88,1399.95,0.01,3.13,4383.82,1
2026-06-16,2026-06-16 12:06:00,1399.95,1400.03,1399.95,1400.03,0.01,3.13,4383.82,1
2026-06-16,2026-06-16 12:07:00,1400.03,1400.1,1400.03,1400.1,0.0,3.13,4383.82,1
2026-06-16,2026-06-16 12:08:00,1400.1,1400.17,1400.1,1400.17,0.0,3.13,4383.82,1
2026-06-16,2026-06-16 12:09:00,1400.17,1400.25,1400.17,1400.25,0.01,3.13,4383.82,1
2026-06-16,2026-06-16 12:10:00,1400.25,1400.33,1400.25,1400.33,0.01,3.13,4383.82,1
2026-06-16,2026-06-16 12:11:00,1400.33,1400.4,1400.33,1400.4,0.0,3.13,4383.82,1
2026-06-16,2026-06-16 12:12:00,1400.4,1400.47,1400.4,1400.47,0.0,3.13,4383.82,1
2026-06-16,2026-06-16 12:13:00,1400.47,1400.55,1400.47,1400.55,0.01,3.13,4383.82,1
2026-06-16,2026-06-16 12:14:00,1400.55,1400.62,1400.55,1400.62,0.0,3.13,4383.82,1
2026-06-16,2026-06-16 12:15:00,1400.62,1400.7,1400.62,1400.7,0.01,3.13,4383.82,1
2026-06-16,2026-06-16 12:16:00,1400.7,1400.78,1400.7,1400.78,0.01,3.13,4383.82,1
2026-06-16,2026-06-16 12:17:00,1400.78,1400.85,1400.78,1400.85,0.0,3.13,4383.82,1
2026-06-16,2026-06-16 12:18:00,1400.85,1400.92,1400.85,1400.92,0.0,3.13,4383.82,1
2026-06-16,2026-06-16 12:19:00,1400.92,1401.0,1400.92,1401.0,0.01,3.13,4383.82,1
2026-06-16,2026-06-16 12:20:00,1401.0,1401.08,1401.0,1401.08,0.01,3.13,4383.82,1
2026-06-16,2026-06-16 12:21:00,1401.08,1401.15,1401.08,1401.15,0.0,3.13,4383.82,1
2026-06-16,2026-06-16 12:22:00,1401.15,1401.22,1401.15,1401.22,0.0,3.13,4383.82,1
2026-06-16,2026-06-16 12:23:00,1401.22,1401.3,1401.22,1401.3,0.01,3.13,4383.82,1
2026-06-16,2026-06-16 12:24:00,1401.3,1401.38,1401.3,1401.38,0.01,3.13,4383.82,1
2026-06-16,2026-06-16 12:25:00,1401.38,1401.45,1401.38,1401.45,0.0,3.13,4383.82,1
2026-06-16,2026-06-16 12:26:00,1401.45,1401.53,1401.45,1401.53,0.01,3.13,4383.82,1
2026-06-16,2026-06-16 12:27:00,1401.53,1401.6,1401.53,1401.6,0.0,3.13,4383.82,1
2026-06-16,2026-06-16 12:28:00,1401.6,1401.67,1401.6,1401.67,0.0,3.13,4383.82,1
2026-06-16,2026-06-16 12:29:00,1401.67,1401.75,1401.67,1401.75,0.01,3.13,4383.82,1
2026-06-16,2026-06-16 12:30:00,1401.75,1401.83,1401.75,1401.83,0.01,3.13,4383.82,1
2026-06-16,2026-06-16 12:31:00,1401.83,1401.9,1401.83,1401.9,0.0,3.13,4383.82,1
2026-06-16,2026-06-16 12:32:00,1401.9,1401.97,1401.9,1401.97,0.0,3.13,4383.82,1
2026-06-16,2026-06-16 12:33:00,1401.97,1402.05,1401.97,1402.05,0.01,3.13,4383.82,1
2026-06-16,2026-06-16 12:34:00,1402.05,1402.12,1402.05,1402.12,0.0,3.13,4383.82,1
2026-06-16,2026-06-16 12:35:00,1402.12,1402.2,1402.12,1402.2,0.01,3.13,4383.82,1
2026-06-16,2026-06-16 12:36:00,1402.2,1402.28,1402.2,1402.28,0.01,3.13,4383.82,1
2026-06-16,2026-06-16 12:37:00,1402.28,1402.35,1402.28,1402.35,0.0,3.13,4383.82,1
2026-06-16,2026-06-16 12:38:00,1402.35,1402.42,1402.35,1402.42,0.0,3.13,4383.82,1
2026-06-16,2026-06-16 12:39:00,1402.42,1402.5,1402.42,1402.5,0.01,3.13,4383.82,1
2026-06-16,2026-06-16 12:40:00,1402.5,1402.58,1402.5,1402.58,0.01,3.13,4383.82,1
2026-06-16,2026-06-16 12:41:00,1402.58,1402.65,1402.58,1402.65,0.0,3.13,4383.82,1
2026-06-16,2026-06-16 12:42:00,1402.65,1402.72,1402.65,1402.72,0.0,3.13,4383.82,1
2026-06-16,2026-06-16 12:43:00,1402.72,1402.8,1402.72,1402.8,0.01,3.13,4383.82,1
2026-06-16,2026-06-16 12:44:00,1402.8,1402.88,1402.8,1402.88,0.01,3.13,4383.82,1
2026-06-16,2026-06-16 12:45:00,1402.88,1402.95,1402.88,1402.95,0.0,3.13,4383.82,1
2026-06-16,2026-06-16 12:46:00,1402.95,1403.03,1402.95,1403.03,0.01,3.13,4383.82,1
2026-06-16,2026-06-16 12:47:00,1403.03,1403.1,1403.03,1403.1,0.0,3.13,4383.82,1
2026-06-16,2026-06-16 12:48:00,1403.1,1403.17,1403.1,1403.17,0.0,3.13,4383.82,1
2026-06-16,2026-06-16 12:49:00,1403.17,1403.25,1403.17,1403.25,0.01,3.13,4383.82,1
2026-06-16,2026-06-16 12:50:00,1403.25,1403.33,1403.25,1403.33,0.01,3.13,4383.82,1
2026-06-16,2026-06-16 12:51:00,1403.33,1403.4,1403.33,1403.4,0.0,3.13,4383.82,1
2026-06-16,2026-06-16 12:52:00,1403.4,1403.47,1403.4,1403.47,0.0,3.13,4383.82,1
2026-06-16,2026-06-16 12:53:00,1403.47,1403.55,1403.47,1403.55,0.01,3.13,4383.82,1
2026-06-16,2026-06-16 12:54:00,1403.55,1403.62,1403.55,1403.62,0.0,3.13,4383.82,1
2026-06-16,2026-06-16 12:55:00,1403.62,1403.7,1403.62,1403.7,0.01,3.13,4383.82,1
2026-06-16,2026-06-16 12:56:00,1403.7,1403.78,1403.7,1403.78,0.01,3.13,4383.82,1
2026-06-16,2026-06-16 12:57:00,1403.78,1403.85,1403.78,1403.85,0.0,3.13,4383.82,1
2026-06-16,2026-06-16 12:58:00,1403.85,1403.92,1403.85,1403.92,0.0,3.13,4383.82,1
2026-06-16,2026-06-16 12:59:00,1403.92,1404.0,1403.92,1404.0,0.01,3.13,4383.82,1
2026-06-16,2026-06-16 13:00:00,1404.0,1415.0,1380.0,1404.08,0.01,3.13,4383.82,1
2026-06-16,2026-06-16 13:01:00,1404.08,1404.15,1404.08,1404.15,0.0,3.13,4383.82,1
2026-06-16,2026-06-16 13:02:00,1404.15,1404.22,1404.15,1404.22,0.0,3.13,4383.82,1
2026-06-16,2026-06-16 13:03:00,1404.22,1404.3,1404.22,1404.3,0.01,3.13,4383.82,1
2026-06-16,2026-06-16 13:04:00,1404.3,1404.38,1404.3,1404.38,0.01,3.13,4383.82,1
2026-06-16,2026-06-16 13:05:00,1404.38,1404.45,1404.38,1404.45,0.0,3.13,4383.82,1
2026-06-16,2026-06-16 13:06:00,1404.45,1404.53,1404.45,1404.53,0.01,3.13,4383.82,1
2026-06-16,2026-06-16 13:07:00,1404.53,1404.6,1404.53,1404.6,0.0,3.13,4383.82,1
2026-06-16,2026-06-16 13:08:00,1404.6,1404.67,1404.6,1404.67,0.0,3.13,4383.82,1
2026-06-16,2026-06-16 13:09:00,1404.67,1404.75,1404.67,1404.75,0.01,3.13,4383.82,1
2026-06-16,2026-06-16 13:10:00,1404.75,1404.83,1404.75,1404.83,0.01,3.13,4383.82,1
2026-06-16,2026-06-16 13:11:00,1404.83,1404.9,1404.83,1404.9,0.0,3.13,4383.82,1
2026-06-16,2026-06-16 13:12:00,1404.9,1404.97,1404.9,1404.97,0.0,3.13,4383.82,1
2026-06-16,2026-06-16 13:13:00,1404.97,1405.05,1404.97,1405.05,0.01,3.13,4383.82,1
2026-06-16,2026-06-16 13:14:00,1405.05,1405.12,1405.05,1405.12,0.0,3.13,4383.82,1
2026-06-16,2026-06-16 13:15:00,1405.12,1405.2,1405.12,1405.2,0.01,3.13,4383.82,1
2026-06-16,2026-06-16 13:16:00,1405.2,1405.28,1405.2,1405.28,0.01,3.13,4383.82,1
2026-06-16,2026-06-16 13:17:00,1405.28,1405.35,1405.28,1405.35,0.0,3.13,4383.82,1
2026-06-16,2026-06-16 13:18:00,1405.35,1405.42,1405.35,1405.42,0.0,3.13,4383.82,1
2026-06-16,2026-06-16 13:19:00,1405.42,1405.5,1405.42,1405.5,0.01,3.13,4383.82,1
2026-06-16,2026-06-16 13:20:00,1405.5,1405.58,1405.5,1405.58,0.01,3.13,4383.82,1
2026-06-16,2026-06-16 13:21:00,1405.58,1405.65,1405.58,1405.65,0.0,3.13,4383.82,1
2026-06-16,2026-06-16 13:22:00,1405.65,1405.72,1405.65,1405.72,0.0,3.13,4383.82,1
2026-06-16,2026-06-16 13:23:00,1405.72,1405.8,1405.72,1405.8,0.01,3.13,4383.82,1
2026-06-16,2026-06-16 13:24:00,1405.8,1405.88,1405.8,1405.88,0.01,3.13,4383.82,1
2026-06-16,2026-06-16 13:25:00,1405.88,1405.95,1405.88,1405.95,0.0,3.13,4383.82,1
2026-06-16,2026-06-16 13:26:00,1405.95,1406.03,1405.95,1406.03,0.01,3.13,4383.82,1
2026-06-16,2026-06-16 13:27:00,1406.03,1406.1,1406.03,1406.1,0.0,3.13,4383.82,1
2026-06-16,2026-06-16 13:28:00,1406.1,1406.17,1406.1,1406.17,0.0,3.13,4383.82,1
2026-06-16,2026-06-16 13:29:00,1406.17,1406.25,1406.17,1406.25,0.01,3.13,4383.82,1
2026-06-16,2026-06-16 13:30:00,1406.25,1406.33,1406.25,1406.33,0.01,3.13,4383.82,1
2026-06-16,2026-06-16 13:31:00,1406.33,1406.4,1406.33,1406.4,0.0,3.13,4383.82,1
2026-06-16,2026-06-16 13:32:00,1406.4,1406.47,1406.4,1406.47,0.0,3.13,4383.82,1
2026-06-16,2026-06-16 13:33:00,1406.47,1406.55,1406.47,1406.55,0.01,3.13,4383.82,1
2026-06-16,2026-06-16 13:34:00,1406.55,1406.62,1406.55,1406.62,0.0,3.13,4383.82,1
2026-06-16,2026-06-16 13:35:00,1406.62,1406.7,1406.62,1406.7,0.01,3.13,4383.82,1
2026-06-16,2026-06-16 13:36:00,1406.7,1406.78,1406.7,1406.78,0.01,3.13,4383.82,1
2026-06-16,2026-06-16 13:37:00,1406.78,1406.85,1406.78,1406.85,0.0,3.13,4383.82,1
2026-06-16,2026-06-16 13:38:00,1406.85,1406.92,1406.85,1406.92,0.0,3.13,4383.82,1
2026-06-16,2026-06-16 13:39:00,1406.92,1407.0,1406.92,1407.0,0.01,3.13,4383.82,1
2026-06-16,2026-06-16 13:40:00,1407.0,1407.08,1407.0,1407.08,0.01,3.13,4383.82,1
2026-06-16,2026-06-16 13:41:00,1407.08,1407.15,1407.08,1407.15,0.0,3.13,4383.82,1
2026-06-16,2026-06-16 13:42:00,1407.15,1407.22,1407.15,1407.22,0.0,3.13,4383.82,1
2026-06-16,2026-06-16 13:43:00,1407.22,1407.3,1407.22,1407.3,0.01,3.13,4383.82,1
2026-06-16,2026-06-16 13:44:00,1407.3,1407.38,1407.3,1407.38,0.01,3.13,4383.82,1
2026-06-16,2026-06-16 13:45:00,1407.38,1407.45,1407.38,1407.45,0.0,3.13,4383.82,1
2026-06-16,2026-06-16 13:46:00,1407.45,1407.53,1407.45,1407.53,0.01,3.13,4383.82,1
2026-06-16,2026-06-16 13:47:00,1407.53,1407.6,1407.53,1407.6,0.0,3.13,4383.82,1
2026-06-16,2026-06-16 13:48:00,1407.6,1407.67,1407.6,1407.67,0.0,3.13,4383.82,1
2026-06-16,2026-06-16 13:49:00,1407.67,1407.75,1407.67,1407.75,0.01,3.13,4383.82,1
2026-06-16,2026-06-16 13:50:00,1407.75,1407.83,1407.75,1407.83,0.01,3.13,4383.82,1
2026-06-16,2026-06-16 13:51:00,1407.83,1407.9,1407.83,1407.9,0.0,3.13,4383.82,1
2026-06-16,2026-06-16 13:52:00,1407.9,1407.97,1407.9,1407.97,0.0,3.13,4383.82,1
2026-06-16,2026-06-16 13:53:00,1407.97,1408.05,1407.97,1408.05,0.01,3.13,4383.82,1
2026-06-16,2026-06-16 13:54:00,1408.05,1408.12,1408.05,1408.12,0.0,3.13,4383.82,1
2026-06-16,2026-06-16 13:55:00,1408.12,1408.2,1408.12,1408.2,0.01,3.13,4383.82,1
2026-06-16,2026-06-16 13:56:00,1408.2,1408.28,1408.2,1408.28,0.01,3.13,4383.82,1
2026-06-16,2026-06-16 13:57:00,1408.28,1408.35,1408.28,1408.35,0.0,3.13,4383.82,1
2026-06-16,2026-06-16 13:58:00,1408.35,1408.42,1408.35,1408.42,0.0,3.13,4383.82,1
2026-06-16,2026-06-16 13:59:00,1408.42,1408.5,1408.42,1408.5,0.01,3.13,4383.82,1
2026-06-16,2026-06-16 14:00:00,1408.5,1408.58,1408.5,1408.58,0.01,3.13,4383.82,1
2026-06-16,2026-06-16 14:01:00,1408.58,1408.65,1408.58,1408.65,0.0,3.13,4383.82,1
2026-06-16,2026-06-16 14:02:00,1408.65,1408.72,1408.65,1408.72,0.0,3.13,4383.82,1
2026-06-16,2026-06-16 14:03:00,1408.72,1408.8,1408.72,1408.8,0.01,3.13,4383.82,1
2026-06-16,2026-06-16 14:04:00,1408.8,1408.88,1408.8,1408.88,0.01,3.13,4383.82,1
2026-06-16,2026-06-16 14:05:00,1408.88,1408.95,1408.88,1408.95,0.0,3.13,4383.82,1
2026-06-16,2026-06-16 14:06:00,1408.95,1409.03,1408.95,1409.03,0.01,3.13,4383.82,1
2026-06-16,2026-06-16 14:07:00,1409.03,1409.1,1409.03,1409.1,0.0,3.13,4383.82,1
2026-06-16,2026-06-16 14:08:00,1409.1,1409.17,1409.1,1409.17,0.0,3.13,4383.82,1
2026-06-16,2026-06-16 14:09:00,1409.17,1409.25,1409.17,1409.25,0.01,3.13,4383.82,1
2026-06-16,2026-06-16 14:10:00,1409.25,1409.33,1409.25,1409.33,0.01,3.13,4383.82,1
2026-06-16,2026-06-16 14:11:00,1409.33,1409.4,1409.33,1409.4,0.0,3.13,4383.82,1
2026-06-16,2026-06-16 14:12:00,1409.4,1409.47,1409.4,1409.47,0.0,3.13,4383.82,1
2026-06-16,2026-06-16 14:13:00,1409.47,1409.55,1409.47,1409.55,0.01,3.13,4383.82,1
2026-06-16,2026-06-16 14:14:00,1409.55,1409.62,1409.55,1409.62,0.0,3.13,4383.82,1
2026-06-16,2026-06-16 14:15:00,1409.62,1409.7,1409.62,1409.7,0.01,3.13,4383.82,1
2026-06-16,2026-06-16 14:16:00,1409.7,1409.78,1409.7,1409.78,0.01,3.13,4383.82,1
2026-06-16,2026-06-16 14:17:00,1409.78,1409.85,1409.78,1409.85,0.0,3.13,4383.82,1
2026-06-16,2026-06-16 14:18:00,1409.85,1409.92,1409.85,1409.92,0.0,3.13,4383.82,1
2026-06-16,2026-06-16 14:19:00,1409.92,1410.0,1409.92,1410.0,0.01,3.13,4383.82,1
2026-06-16,2026-06-16 14:20:00,1410.0,1410.08,1410.0,1410.08,0.01,3.13,4383.82,1
2026-06-16,2026-06-16 14:21:00,1410.08,1410.15,1410.08,1410.15,0.0,3.13,4383.82,1
2026-06-16,2026-06-16 14:22:00,1410.15,1410.22,1410.15,1410.22,0.0,3.13,4383.82,1
2026-06-16,2026-06-16 14:23:00,1410.22,1410.3,1410.22,1410.3,0.01,3.13,4383.82,1
2026-06-16,2026-06-16 14:24:00,1410.3,1410.38,1410.3,1410.38,0.01,3.13,4383.82,1
2026-06-16,2026-06-16 14:25:00,1410.38,1410.45,1410.38,1410.45,0.0,3.13,4383.82,1
2026-06-16,2026-06-16 14:26:00,1410.45,1410.53,1410.45,1410.53,0.01,3.13,4383.82,1
2026-06-16,2026-06-16 14:27:00,1410.53,1410.6,1410.53,1410.6,0.0,3.13,4383.82,1
2026-06-16,2026-06-16 14:28:00,1410.6,1410.67,1410.6,1410.67,0.0,3.13,4383.82,1
2026-06-16,2026-06-16 14:29:00,1410.67,1410.75,1410.67,1410.75,0.01,3.13,4383.82,1
2026-06-16,2026-06-16 14:30:00,1410.75,1410.83,1410.75,1410.83,0.01,3.13,4383.82,1
2026-06-16,2026-06-16 14:31:00,1410.83,1410.9,1410.83,1410.9,0.0,3.13,4383.82,1
2026-06-16,2026-06-16 14:32:00,1410.9,1410.97,1410.9,1410.97,0.0,3.13,4383.82,1
2026-06-16,2026-06-16 14:33:00,1410.97,1411.05,1410.97,1411.05,0.01,3.13,4383.82,1
2026-06-16,2026-06-16 14:34:00,1411.05,1411.12,1411.05,1411.12,0.0,3.13,4383.82,1
2026-06-16,2026-06-16 14:35:00,1411.12,1411.2,1411.12,1411.2,0.01,3.13,4383.82,1
2026-06-16,2026-06-16 14:36:00,1411.2,1411.28,1411.2,1411.28,0.01,3.13,4383.82,1
2026-06-16,2026-06-16 14:37:00,1411.28,1411.35,1411.28,1411.35,0.0,3.13,4383.82,1
2026-06-16,2026-06-16 14:38:00,1411.35,1411.42,1411.35,1411.42,0.0,3.13,4383.82,1
2026-06-16,2026-06-16 14:39:00,1411.42,1411.5,1411.42,1411.5,0.01,3.13,4383.82,1
2026-06-16,2026-06-16 14:40:00,1411.5,1411.58,1411.5,1411.58,0.01,3.13,4383.82,1
2026-06-16,2026-06-16 14:41:00,1411.58,1411.65,1411.58,1411.65,0.0,3.13,4383.82,1
2026-06-16,2026-06-16 14:42:00,1411.65,1411.72,1411.65,1411.72,0.0,3.13,4383.82,1
2026-06-16,2026-06-16 14:43:00,1411.72,1411.8,1411.72,1411.8,0.01,3.13,4383.82,1
2026-06-16,2026-06-16 14:44:00,1411.8,1411.88,1411.8,1411.88,0.01,3.13,4383.82,1
2026-06-16,2026-06-16 14:45:00,1411.88,1411.95,1411.88,1411.95,0.0,3.13,4383.82,1
2026-06-16,2026-06-16 14:46:00,1411.95,1412.03,1411.95,1412.03,0.01,3.13,4383.82,1
2026-06-16,2026-06-16 14:47:00,1412.03,1412.1,1412.03,1412.1,0.0,3.13,4383.82,1
2026-06-16,2026-06-16 14:48:00,1412.1,1412.17,1412.1,1412.17,0.0,3.13,4383.82,1
2026-06-16,2026-06-16 14:49:00,1412.17,1412.25,1412.17,1412.25,0.01,3.13,4383.82,1
2026-06-16,2026-06-16 14:50:00,1412.25,1412.33,1412.25,1412.33,0.01,3.13,4383.82,1
2026-06-16,2026-06-16 14:51:00,1412.33,1412.4,1412.33,1412.4,0.0,3.13,4383.82,1
2026-06-16,2026-06-16 14:52:00,1412.4,1412.47,1412.4,1412.47,0.0,3.13,4383.82,1
2026-06-16,2026-06-16 14:53:00,1412.47,1412.55,1412.47,1412.55,0.01,3.13,4383.82,1
2026-06-16,2026-06-16 14:54:00,1412.55,1412.62,1412.55,1412.62,0.0,3.13,4383.82,1
2026-06-16,2026-06-16 14:55:00,1412.62,1412.7,1412.62,1412.7,0.01,3.13,4383.82,1
2026-06-16,2026-06-16 14:56:00,1412.7,1412.78,1412.7,1412.78,0.01,3.13,4383.82,1
2026-06-16,2026-06-16 14:57:00,1412.78,1412.85,1412.78,1412.85,0.0,3.13,4383.82,1
2026-06-16,2026-06-16 14:58:00,1412.85,1412.92,1412.85,1412.92,0.0,3.13,4383.82,1
2026-06-16,2026-06-16 14:59:00,1412.92,1413.0,1412.92,1413.0,0.01,3.13,4383.82,1
2026-06-16,2026-06-16 15:00:00,1413.0,1415.0,1380.0,1413.0,0.0,3.13,4383.82,0
2026-06-17,2026-06-17 11:00:00,1375.0,1390.0,1375.0,1375.21,0.02,2.26,3163.62,1
2026-06-17,2026-06-17 11:01:00,1375.21,1375.42,1375.21,1375.42,0.02,2.26,3163.62,1
2026-06-17,2026-06-17 11:02:00,1375.42,1375.62,1375.42,1375.62,0.01,2.26,3163.62,1
2026-06-17,2026-06-17 11:03:00,1375.62,1375.83,1375.62,1375.83,0.02,2.26,3163.62,1
2026-06-17,2026-06-17 11:04:00,1375.83,1376.04,1375.83,1376.04,0.02,2.26,3163.62,1
2026-06-17,2026-06-17 11:05:00,1376.04,1376.25,1376.04,1376.25,0.02,2.26,3163.62,1
2026-06-17,2026-06-17 11:06:00,1376.25,1376.46,1376.25,1376.46,0.02,2.26,3163.62,1
2026-06-17,2026-06-17 11:07:00,1376.46,1376.67,1376.46,1376.67,0.02,2.26,3163.62,1
2026-06-17,2026-06-17 11:08:00,1376.67,1376.88,1376.67,1376.88,0.02,2.26,3163.62,1
2026-06-17,2026-06-17 11:09:00,1376.88,1377.08,1376.88,1377.08,0.01,2.26,3163.62,1
2026-06-17,2026-06-17 11:10:00,1377.08,1377.29,1377.08,1377.29,0.02,2.26,3163.62,1
2026-06-17,2026-06-17 11:11:00,1377.29,1377.5,1377.29,1377.5,0.02,2.26,3163.62,1
2026-06-17,2026-06-17 11:12:00,1377.5,1377.71,1377.5,1377.71,0.02,2.26,3163.62,1
2026-06-17,2026-06-17 11:13:00,1377.71,1377.92,1377.71,1377.92,0.02,2.26,3163.62,1
2026-06-17,2026-06-17 11:14:00,1377.92,1378.12,1377.92,1378.12,0.01,2.26,3163.62,1
2026-06-17,2026-06-17 11:15:00,1378.12,1378.33,1378.12,1378.33,0.02,2.26,3163.62,1
2026-06-17,2026-06-17 11:16:00,1378.33,1378.54,1378.33,1378.54,0.02,2.26,3163.62,1
2026-06-17,2026-06-17 11:17:00,1378.54,1378.75,1378.54,1378.75,0.02,2.26,3163.62,1
2026-06-17,2026-06-17 11:18:00,1378.75,1378.96,1378.75,1378.96,0.02,2.26,3163.62,1
2026-06-17,2026-06-17 11:19:00,1378.96,1379.17,1378.96,1379.17,0.02,2.26,3163.62,1
2026-06-17,2026-06-17 11:20:00,1379.17,1379.38,1379.17,1379.38,0.02,2.26,3163.62,1
2026-06-17,2026-06-17 11:21:00,1379.38,1379.58,1379.38,1379.58,0.01,2.26,3163.62,1
2026-06-17,2026-06-17 11:22:00,1379.58,1379.79,1379.58,1379.79,0.02,2.26,3163.62,1
2026-06-17,2026-06-17 11:23:00,1379.79,1380.0,1379.79,1380.0,0.02,2.26,3163.62,1
2026-06-17,2026-06-17 11:24:00,1380.0,1380.21,1380.0,1380.21,0.02,2.26,3163.62,1
2026-06-17,2026-06-17 11:25:00,1380.21,1380.42,1380.21,1380.42,0.02,2.26,3163.62,1
2026-06-17,2026-06-17 11:26:00,1380.42,1380.62,1380.42,1380.62,0.01,2.26,3163.62,1
2026-06-17,2026-06-17 11:27:00,1380.62,1380.83,1380.62,1380.83,0.02,2.26,3163.62,1
2026-06-17,2026-06-17 11:28:00,1380.83,1381.04,1380.83,1381.04,0.02,2.26,3163.62,1
2026-06-17,2026-06-17 11:29:00,1381.04,1381.25,1381.04,1381.25,0.02,2.26,3163.62,1
2026-06-17,2026-06-17 11:30:00,1381.25,1381.46,1381.25,1381.46,0.02,2.26,3163.62,1
2026-06-17,2026-06-17 11:31:00,1381.46,1381.67,1381.46,1381.67,0.02,2.26,3163.62,1
2026-06-17,2026-06-17 11:32:00,1381.67,1381.88,1381.67,1381.88,0.02,2.26,3163.62,1
2026-06-17,2026-06-17 11:33:00,1381.88,1382.08,1381.88,1382.08,0.01,2.26,3163.62,1
2026-06-17,2026-06-17 11:34:00,1382.08,1382.29,1382.08,1382.29,0.02,2.26,3163.62,1
2026-06-17,2026-06-17 11:35:00,1382.29,1382.5,1382.29,1382.5,0.02,2.26,3163.62,1
2026-06-17,2026-06-17 11:36:00,1382.5,1382.71,1382.5,1382.71,0.02,2.26,3163.62,1
2026-06-17,2026-06-17 11:37:00,1382.71,1382.92,1382.71,1382.92,0.02,2.26,3163.62,1
2026-06-17,2026-06-17 11:38:00,1382.92,1383.12,1382.92,1383.12,0.01,2.26,3163.62,1
2026-06-17,2026-06-17 11:39:00,1383.12,1383.33,1383.12,1383.33,0.02,2.26,3163.62,1
2026-06-17,2026-06-17 11:40:00,1383.33,1383.54,1383.33,1383.54,0.02,2.26,3163.62,1
2026-06-17,2026-06-17 11:41:00,1383.54,1383.75,1383.54,1383.75,0.02,2.26,3163.62,1
2026-06-17,2026-06-17 11:42:00,1383.75,1383.96,1383.75,1383.96,0.02,2.26,3163.62,1
2026-06-17,2026-06-17 11:43:00,1383.96,1384.17,1383.96,1384.17,0.02,2.26,3163.62,1
2026-06-17,2026-06-17 11:44:00,1384.17,1384.38,1384.17,1384.38,0.02,2.26,3163.62,1
2026-06-17,2026-06-17 11:45:00,1384.38,1384.58,1384.38,1384.58,0.01,2.26,3163.62,1
2026-06-17,2026-06-17 11:46:00,1384.58,1384.79,1384.58,1384.79,0.02,2.26,3163.62,1
2026-06-17,2026-06-17 11:47:00,1384.79,1385.0,1384.79,1385.0,0.02,2.26,3163.62,1
2026-06-17,2026-06-17 11:48:00,1385.0,1385.21,1385.0,1385.21,0.02,2.26,3163.62,1
2026-06-17,2026-06-17 11:49:00,1385.21,1385.42,1385.21,1385.42,0.02,2.26,3163.62,1
2026-06-17,2026-06-17 11:50:00,1385.42,1385.62,1385.42,1385.62,0.01,2.26,3163.62,1
2026-06-17,2026-06-17 11:51:00,1385.62,1385.83,1385.62,1385.83,0.02,2.26,3163.62,1
2026-06-17,2026-06-17 11:52:00,1385.83,1386.04,1385.83,1386.04,0.02,2.26,3163.62,1
2026-06-17,2026-06-17 11:53:00,1386.04,1386.25,1386.04,1386.25,0.02,2.26,3163.62,1
2026-06-17,2026-06-17 11:54:00,1386.25,1386.46,1386.25,1386.46,0.02,2.26,3163.62,1
2026-06-17,2026-06-17 11:55:00,1386.46,1386.67,1386.46,1386.67,0.02,2.26,3163.62,1
2026-06-17,2026-06-17 11:56:00,1386.67,1386.88,1386.67,1386.88,0.02,2.26,3163.62,1
2026-06-17,2026-06-17 11:57:00,1386.88,1387.08,1386.88,1387.08,0.01,2.26,3163.62,1
2026-06-17,2026-06-17 11:58:00,1387.08,1387.29,1387.08,1387.29,0.02,2.26,3163.62,1
2026-06-17,2026-06-17 11:59:00,1387.29,1387.5,1387.29,1387.5,0.02,2.26,3163.62,1
2026-06-17,2026-06-17 12:00:00,1387.5,1387.71,1387.5,1387.71,0.02,2.26,3163.62,1
2026-06-17,2026-06-17 12:01:00,1387.71,1387.92,1387.71,1387.92,0.02,2.26,3163.62,1
2026-06-17,2026-06-17 12:02:00,1387.92,1388.12,1387.92,1388.12,0.01,2.26,3163.62,1
2026-06-17,2026-06-17 12:03:00,1388.12,1388.33,1388.12,1388.33,0.02,2.26,3163.62,1
2026-06-17,2026-06-17 12:04:00,1388.33,1388.54,1388.33,1388.54,0.02,2.26,3163.62,1
2026-06-17,2026-06-17 12:05:00,1388.54,1388.75,1388.54,1388.75,0.02,2.26,3163.62,1
2026-06-17,2026-06-17 12:06:00,1388.75,1388.96,1388.75,1388.96,0.02,2.26,3163.62,1
2026-06-17,2026-06-17 12:07:00,1388.96,1389.17,1388.96,1389.17,0.02,2.26,3163.62,1
2026-06-17,2026-06-17 12:08:00,1389.17,1389.38,1389.17,1389.38,0.02,2.26,3163.62,1
2026-06-17,2026-06-17 12:09:00,1389.38,1389.58,1389.38,1389.58,0.01,2.26,3163.62,1
2026-06-17,2026-06-17 12:10:00,1389.58,1389.79,1389.58,1389.79,0.02,2.26,3163.62,1
2026-06-17,2026-06-17 12:11:00,1389.79,1390.0,1389.79,1390.0,0.02,2.26,3163.62,1
2026-06-17,2026-06-17 12:12:00,1390.0,1390.21,1390.0,1390.21,0.02,2.26,3163.62,1
2026-06-17,2026-06-17 12:13:00,1390.21,1390.42,1390.21,1390.42,0.02,2.26,3163.62,1
2026-06-17,2026-06-17 12:14:00,1390.42,1390.62,1390.42,1390.62,0.01,2.26,3163.62,1
2026-06-17,2026-06-17 12:15:00,1390.62,1390.83,1390.62,1390.83,0.02,2.26,3163.62,1
2026-06-17,2026-06-17 12:16:00,1390.83,1391.04,1390.83,1391.04,0.02,2.26,3163.62,1
2026-06-17,2026-06-17 12:17:00,1391.04,1391.25,1391.04,1391.25,0.02,2.26,3163.62,1
2026-06-17,2026-06-17 12:18:00,1391.25,1391.46,1391.25,1391.46,0.02,2.26,3163.62,1
2026-06-17,2026-06-17 12:19:00,1391.46,1391.67,1391.46,1391.67,0.02,2.26,3163.62,1
2026-06-17,2026-06-17 12:20:00,1391.67,1391.88,1391.67,1391.88,0.02,2.26,3163.62,1
2026-06-17,2026-06-17 12:21:00,1391.88,1392.08,1391.88,1392.08,0.01,2.26,3163.62,1
2026-06-17,2026-06-17 12:22:00,1392.08,1392.29,1392.08,1392.29,0.02,2.26,3163.62,1
2026-06-17,2026-06-17 12:23:00,1392.29,1392.5,1392.29,1392.5,0.02,2.26,3163.62,1
2026-06-17,2026-06-17 12:24:00,1392.5,1392.71,1392.5,1392.71,0.02,2.26,3163.62,1
2026-06-17,2026-06-17 12:25:00,1392.71,1392.92,1392.71,1392.92,0.02,2.26,3163.62,1
2026-06-17,2026-06-17 12:26:00,1392.92,1393.12,1392.92,1393.12,0.01,2.26,3163.62,1
2026-06-17,2026-06-17 12:27:00,1393.12,1393.33,1393.12,1393.33,0.02,2.26,3163.62,1
2026-06-17,2026-06-17 12:28:00,1393.33,1393.54,1393.33,1393.54,0.02,2.26,3163.62,1
2026-06-17,2026-06-17 12:29:00,1393.54,1393.75,1393.54,1393.75,0.02,2.26,3163.62,1
2026-06-17,2026-06-17 12:30:00,1393.75,1393.96,1393.75,1393.96,0.02,2.26,3163.62,1
2026-06-17,2026-06-17 12:31:00,1393.96,1394.17,1393.96,1394.17,0.02,2.26,3163.62,1
2026-06-17,2026-06-17 12:32:00,1394.17,1394.38,1394.17,1394.38,0.02,2.26,3163.62,1
2026-06-17,2026-06-17 12:33:00,1394.38,1394.58,1394.38,1394.58,0.01,2.26,3163.62,1
2026-06-17,2026-06-17 12:34:00,1394.58,1394.79,1394.58,1394.79,0.02,2.26,3163.62,1
2026-06-17,2026-06-17 12:35:00,1394.79,1395.0,1394.79,1395.0,0.02,2.26,3163.62,1
2026-06-17,2026-06-17 12:36:00,1395.0,1395.21,1395.0,1395.21,0.02,2.26,3163.62,1
2026-06-17,2026-06-17 12:37:00,1395.21,1395.42,1395.21,1395.42,0.02,2.26,3163.62,1
2026-06-17,2026-06-17 12:38:00,1395.42,1395.62,1395.42,1395.62,0.01,2.26,3163.62,1
2026-06-17,2026-06-17 12:39:00,1395.62,1395.83,1395.62,1395.83,0.02,2.26,3163.62,1
2026-06-17,2026-06-17 12:40:00,1395.83,1396.04,1395.83,1396.04,0.02,2.26,3163.62,1
2026-06-17,2026-06-17 12:41:00,1396.04,1396.25,1396.04,1396.25,0.02,2.26,3163.62,1
2026-06-17,2026-06-17 12:42:00,1396.25,1396.46,1396.25,1396.46,0.02,2.26,3163.62,1
2026-06-17,2026-06-17 12:43:00,1396.46,1396.67,1396.46,1396.67,0.02,2.26,3163.62,1
2026-06-17,2026-06-17 12:44:00,1396.67,1396.88,1396.67,1396.88,0.02,2.26,3163.62,1
2026-06-17,2026-06-17 12:45:00,1396.88,1397.08,1396.88,1397.08,0.01,2.26,3163.62,1
2026-06-17,2026-06-17 12:46:00,1397.08,1397.29,1397.08,1397.29,0.02,2.26,3163.62,1
2026-06-17,2026-06-17 12:47:00,1397.29,1397.5,1397.29,1397.5,0.02,2.26,3163.62,1
2026-06-17,2026-06-17 12:48:00,1397.5,1397.71,1397.5,1397.71,0.02,2.26,3163.62,1
2026-06-17,2026-06-17 12:49:00,1397.71,1397.92,1397.71,1397.92,0.02,2.26,3163.62,1
2026-06-17,2026-06-17 12:50:00,1397.92,1398.12,1397.92,1398.12,0.01,2.26,3163.62,1
2026-06-17,2026-06-17 12:51:00,1398.12,1398.33,1398.12,1398.33,0.02,2.26,3163.62,1
2026-06-17,2026-06-17 12:52:00,1398.33,1398.54,1398.33,1398.54,0.02,2.26,3163.62,1
2026-06-17,2026-06-17 12:53:00,1398.54,1398.75,1398.54,1398.75,0.02,2.26,3163.62,1
2026-06-17,2026-06-17 12:54:00,1398.75,1398.96,1398.75,1398.96,0.02,2.26,3163.62,1
2026-06-17,2026-06-17 12:55:00,1398.96,1399.17,1398.96,1399.17,0.02,2.26,3163.62,1
2026-06-17,2026-06-17 12:56:00,1399.17,1399.38,1399.17,1399.38,0.02,2.26,3163.62,1
2026-06-17,2026-06-17 12:57:00,1399.38,1399.58,1399.38,1399.58,0.01,2.26,3163.62,1
2026-06-17,2026-06-17 12:58:00,1399.58,1399.79,1399.58,1399.79,0.02,2.26,3163.62,1
2026-06-17,2026-06-17 12:59:00,1399.79,1400.0,1399.79,1400.0,0.02,2.26,3163.62,1
2026-06-17,2026-06-17 13:00:00,1400.0,1425.0,1375.0,1400.21,0.02,2.26,3163.62,1
2026-06-17,2026-06-17 13:01:00,1400.21,1400.42,1400.21,1400.42,0.01,2.26,3163.62,1
2026-06-17,2026-06-17 13:02:00,1400.42,1400.62,1400.42,1400.62,0.01,2.26,3163.62,1
2026-06-17,2026-06-17 13:03:00,1400.62,1400.83,1400.62,1400.83,0.01,2.26,3163.62,1
2026-06-17,2026-06-17 13:04:00,1400.83,1401.04,1400.83,1401.04,0.01,2.26,3163.62,1
2026-06-17,2026-06-17 13:05:00,1401.04,1401.25,1401.04,1401.25,0.01,2.26,3163.62,1
2026-06-17,2026-06-17 13:06:00,1401.25,1401.46,1401.25,1401.46,0.01,2.26,3163.62,1
2026-06-17,2026-06-17 13:07:00,1401.46,1401.67,1401.46,1401.67,0.01,2.26,3163.62,1
2026-06-17,2026-06-17 13:08:00,1401.67,1401.88,1401.67,1401.88,0.01,2.26,3163.62,1
2026-06-17,2026-06-17 13:09:00,1401.88,1402.08,1401.88,1402.08,0.01,2.26,3163.62,1
2026-06-17,2026-06-17 13:10:00,1402.08,1402.29,1402.08,1402.29,0.01,2.26,3163.62,1
2026-06-17,2026-06-17 13:11:00,1402.29,1402.5,1402.29,1402.5,0.01,2.26,3163.62,1
2026-06-17,2026-06-17 13:12:00,1402.5,1402.71,1402.5,1402.71,0.01,2.26,3163.62,1
2026-06-17,2026-06-17 13:13:00,1402.71,1402.92,1402.71,1402.92,0.01,2.26,3163.62,1
2026-06-17,2026-06-17 13:14:00,1402.92,1403.12,1402.92,1403.12,0.01,2.26,3163.62,1
2026-06-17,2026-06-17 13:15:00,1403.12,1403.33,1403.12,1403.33,0.01,2.26,3163.62,1
2026-06-17,2026-06-17 13:16:00,1403.33,1403.54,1403.33,1403.54,0.01,2.26,3163.62,1
2026-06-17,2026-06-17 13:17:00,1403.54,1403.75,1403.54,1403.75,0.01,2.26,3163.62,1
2026-06-17,2026-06-17 13:18:00,1403.75,1403.96,1403.75,1403.96,0.01,2.26,3163.62,1
2026-06-17,2026-06-17 13:19:00,1403.96,1404.17,1403.96,1404.17,0.01,2.26,3163.62,1
2026-06-17,2026-06-17 13:20:00,1404.17,1404.38,1404.17,1404.38,0.01,2.26,3163.62,1
2026-06-17,2026-06-17 13:21:00,1404.38,1404.58,1404.38,1404.58,0.01,2.26,3163.62,1
2026-06-17,2026-06-17 13:22:00,1404.58,1404.79,1404.58,1404.79,0.01,2.26,3163.62,1
2026-06-17,2026-06-17 13:23:00,1404.79,1405.0,1404.79,1405.0,0.01,2.26,3163.62,1
2026-06-17,2026-06-17 13:24:00,1405.0,1405.21,1405.0,1405.21,0.01,2.26,3163.62,1
2026-06-17,2026-06-17 13:25:00,1405.21,1405.42,1405.21,1405.42,0.01,2.26,3163.62,1
2026-06-17,2026-06-17 13:26:00,1405.42,1405.62,1405.42,1405.62,0.01,2.26,3163.62,1
2026-06-17,2026-06-17 13:27:00,1405.62,1405.83,1405.62,1405.83,0.01,2.26,3163.62,1
2026-06-17,2026-06-17 13:28:00,1405.83,1406.04,1405.83,1406.04,0.01,2.26,3163.62,1
2026-06-17,2026-06-17 13:29:00,1406.04,1406.25,1406.04,1406.25,0.01,2.26,3163.62,1
2026-06-17,2026-06-17 13:30:00,1406.25,1406.46,1406.25,1406.46,0.01,2.26,3163.62,1
2026-06-17,2026-06-17 13:31:00,1406.46,1406.67,1406.46,1406.67,0.01,2.26,3163.62,1
2026-06-17,2026-06-17 13:32:00,1406.67,1406.88,1406.67,1406.88,0.01,2.26,3163.62,1
2026-06-17,2026-06-17 13:33:00,1406.88,1407.08,1406.88,1407.08,0.01,2.26,3163.62,1
2026-06-17,2026-06-17 13:34:00,1407.08,1407.29,1407.08,1407.29,0.01,2.26,3163.62,1
2026-06-17,2026-06-17 13:35:00,1407.29,1407.5,1407.29,1407.5,0.01,2.26,3163.62,1
2026-06-17,2026-06-17 13:36:00,1407.5,1407.71,1407.5,1407.71,0.01,2.26,3163.62,1
2026-06-17,2026-06-17 13:37:00,1407.71,1407.92,1407.71,1407.92,0.01,2.26,3163.62,1
2026-06-17,2026-06-17 13:38:00,1407.92,1408.12,1407.92,1408.12,0.01,2.26,3163.62,1
2026-06-17,2026-06-17 13:39:00,1408.12,1408.33,1408.12,1408.33,0.01,2.26,3163.62,1
2026-06-17,2026-06-17 13:40:00,1408.33,1408.54,1408.33,1408.54,0.01,2.26,3163.62,1
2026-06-17,2026-06-17 13:41:00,1408.54,1408.75,1408.54,1408.75,0.01,2.26,3163.62,1
2026-06-17,2026-06-17 13:42:00,1408.75,1408.96,1408.75,1408.96,0.01,2.26,3163.62,1
2026-06-17,2026-06-17 13:43:00,1408.96,1409.17,1408.96,1409.17,0.01,2.26,3163.62,1
2026-06-17,2026-06-17 13:44:00,1409.17,1409.38,1409.17,1409.38,0.01,2.26,3163.62,1
2026-06-17,2026-06-17 13:45:00,1409.38,1409.58,1409.38,1409.58,0.01,2.26,3163.62,1
2026-06-17,2026-06-17 13:46:00,1409.58,1409.79,1409.58,1409.79,0.01,2.26,3163.62,1
2026-06-17,2026-06-17 13:47:00,1409.79,1410.0,1409.79,1410.0,0.01,2.26,3163.62,1
2026-06-17,2026-06-17 13:48:00,1410.0,1410.21,1410.0,1410.21,0.01,2.26,3163.62,1
2026-06-17,2026-06-17 13:49:00,1410.21,1410.42,1410.21,1410.42,0.01,2.26,3163.62,1
2026-06-17,2026-06-17 13:50:00,1410.42,1410.62,1410.42,1410.62,0.01,2.26,3163.62,1
2026-06-17,2026-06-17 13:51:00,1410.62,1410.83,1410.62,1410.83,0.01,2.26,3163.62,1
2026-06-17,2026-06-17 13:52:00,1410.83,1411.04,1410.83,1411.04,0.01,2.26,3163.62,1
2026-06-17,2026-06-17 13:53:00,1411.04,1411.25,1411.04,1411.25,0.01,2.26,3163.62,1
2026-06-17,2026-06-17 13:54:00,1411.25,1411.46,1411.25,1411.46,0.01,2.26,3163.62,1
2026-06-17,2026-06-17 13:55:00,1411.46,1411.67,1411.46,1411.67,0.01,2.26,3163.62,1
2026-06-17,2026-06-17 13:56:00,1411.67,1411.88,1411.67,1411.88,0.01,2.26,3163.62,1
2026-06-17,2026-06-17 13:57:00,1411.88,1412.08,1411.88,1412.08,0.01,2.26,3163.62,1
2026-06-17,2026-06-17 13:58:00,1412.08,1412.29,1412.08,1412.29,0.01,2.26,3163.62,1
2026-06-17,2026-06-17 13:59:00,1412.29,1412.5,1412.29,1412.5,0.01,2.26,3163.62,1
2026-06-17,2026-06-17 14:00:00,1412.5,1412.71,1412.5,1412.71,0.01,2.26,3163.62,1
2026-06-17,2026-06-17 14:01:00,1412.71,1412.92,1412.71,1412.92,0.01,2.26,3163.62,1
2026-06-17,2026-06-17 14:02:00,1412.92,1413.12,1412.92,1413.12,0.01,2.26,3163.62,1
2026-06-17,2026-06-17 14:03:00,1413.12,1413.33,1413.12,1413.33,0.01,2.26,3163.62,1
2026-06-17,2026-06-17 14:04:00,1413.33,1413.54,1413.33,1413.54,0.01,2.26,3163.62,1
2026-06-17,2026-06-17 14:05:00,1413.54,1413.75,1413.54,1413.75,0.01,2.26,3163.62,1
2026-06-17,2026-06-17 14:06:00,1413.75,1413.96,1413.75,1413.96,0.01,2.26,3163.62,1
2026-06-17,2026-06-17 14:07:00,1413.96,1414.17,1413.96,1414.17,0.01,2.26,3163.62,1
2026-06-17,2026-06-17 14:08:00,1414.17,1414.38,1414.17,1414.38,0.01,2.26,3163.62,1
2026-06-17,2026-06-17 14:09:00,1414.38,1414.58,1414.38,1414.58,0.01,2.26,3163.62,1
2026-06-17,2026-06-17 14:10:00,1414.58,1414.79,1414.58,1414.79,0.01,2.26,3163.62,1
2026-06-17,2026-06-17 14:11:00,1414.79,1415.0,1414.79,1415.0,0.01,2.26,3163.62,1
2026-06-17,2026-06-17 14:12:00,1415.0,1415.21,1415.0,1415.21,0.01,2.26,3163.62,1
2026-06-17,2026-06-17 14:13:00,1415.21,1415.42,1415.21,1415.42,0.01,2.26,3163.62,1
2026-06-17,2026-06-17 14:14:00,1415.42,1415.62,1415.42,1415.62,0.01,2.26,3163.62,1
2026-06-17,2026-06-17 14:15:00,1415.62,1415.83,1415.62,1415.83,0.01,2.26,3163.62,1
2026-06-17,2026-06-17 14:16:00,1415.83,1416.04,1415.83,1416.04,0.01,2.26,3163.62,1
2026-06-17,2026-06-17 14:17:00,1416.04,1416.25,1416.04,1416.25,0.01,2.26,3163.62,1
2026-06-17,2026-06-17 14:18:00,1416.25,1416.46,1416.25,1416.46,0.01,2.26,3163.62,1
2026-06-17,2026-06-17 14:19:00,1416.46,1416.67,1416.46,1416.67,0.01,2.26,3163.62,1
2026-06-17,2026-06-17 14:20:00,1416.67,1416.88,1416.67,1416.88,0.01,2.26,3163.62,1
2026-06-17,2026-06-17 14:21:00,1416.88,1417.08,1416.88,1417.08,0.01,2.26,3163.62,1
2026-06-17,2026-06-17 14:22:00,1417.08,1417.29,1417.08,1417.29,0.01,2.26,3163.62,1
2026-06-17,2026-06-17 14:23:00,1417.29,1417.5,1417.29,1417.5,0.01,2.26,3163.62,1
2026-06-17,2026-06-17 14:24:00,1417.5,1417.71,1417.5,1417.71,0.01,2.26,3163.62,1
2026-06-17,2026-06-17 14:25:00,1417.71,1417.92,1417.71,1417.92,0.01,2.26,3163.62,1
2026-06-17,2026-06-17 14:26:00,1417.92,1418.12,1417.92,1418.12,0.01,2.26,3163.62,1
2026-06-17,2026-06-17 14:27:00,1418.12,1418.33,1418.12,1418.33,0.01,2.26,3163.62,1
2026-06-17,2026-06-17 14:28:00,1418.33,1418.54,1418.33,1418.54,0.01,2.26,3163.62,1
2026-06-17,2026-06-17 14:29:00,1418.54,1418.75,1418.54,1418.75,0.01,2.26,3163.62,1
2026-06-17,2026-06-17 14:30:00,1418.75,1418.96,1418.75,1418.96,0.01,2.26,3163.62,1
2026-06-17,2026-06-17 14:31:00,1418.96,1419.17,1418.96,1419.17,0.01,2.26,3163.62,1
2026-06-17,2026-06-17 14:32:00,1419.17,1419.38,1419.17,1419.38,0.01,2.26,3163.62,1
2026-06-17,2026-06-17 14:33:00,1419.38,1419.58,1419.38,1419.58,0.01,2.26,3163.62,1
2026-06-17,2026-06-17 14:34:00,1419.58,1419.79,1419.58,1419.79,0.01,2.26,3163.62,1
2026-06-17,2026-06-17 14:35:00,1419.79,1420.0,1419.79,1420.0,0.01,2.26,3163.62,1
2026-06-17,2026-06-17 14:36:00,1420.0,1420.21,1420.0,1420.21,0.01,2.26,3163.62,1
2026-06-17,2026-06-17 14:37:00,1420.21,1420.42,1420.21,1420.42,0.01,2.26,3163.62,1
2026-06-17,2026-06-17 14:38:00,1420.42,1420.62,1420.42,1420.62,0.01,2.26,3163.62,1
2026-06-17,2026-06-17 14:39:00,1420.62,1420.83,1420.62,1420.83,0.01,2.26,3163.62,1
2026-06-17,2026-06-17 14:40:00,1420.83,1421.04,1420.83,1421.04,0.01,2.26,3163.62,1
2026-06-17,2026-06-17 14:41:00,1421.04,1421.25,1421.04,1421.25,0.01,2.26,3163.62,1
2026-06-17,2026-06-17 14:42:00,1421.25,1421.46,1421.25,1421.46,0.01,2.26,3163.62,1
2026-06-17,2026-06-17 14:43:00,1421.46,1421.67,1421.46,1421.67,0.01,2.26,3163.62,1
2026-06-17,2026-06-17 14:44:00,1421.67,1421.88,1421.67,1421.88,0.01,2.26,3163.62,1
2026-06-17,2026-06-17 14:45:00,1421.88,1422.08,1421.88,1422.08,0.01,2.26,3163.62,1
2026-06-17,2026-06-17 14:46:00,1422.08,1422.29,1422.08,1422.29,0.01,2.26,3163.62,1
2026-06-17,2026-06-17 14:47:00,1422.29,1422.5,1422.29,1422.5,0.01,2.26,3163.62,1
2026-06-17,2026-06-17 14:48:00,1422.5,1422.71,1422.5,1422.71,0.01,2.26,3163.62,1
2026-06-17,2026-06-17 14:49:00,1422.71,1422.92,1422.71,1422.92,0.01,2.26,3163.62,1
2026-06-17,2026-06-17 14:50:00,1422.92,1423.12,1422.92,1423.12,0.01,2.26,3163.62,1
2026-06-17,2026-06-17 14:51:00,1423.12,1423.33,1423.12,1423.33,0.01,2.26,3163.62,1
2026-06-17,2026-06-17 14:52:00,1423.33,1423.54,1423.33,1423.54,0.01,2.26,3163.62,1
2026-06-17,2026-06-17 14:53:00,1423.54,1423.75,1423.54,1423.75,0.01,2.26,3163.62,1
2026-06-17,2026-06-17 14:54:00,1423.75,1423.96,1423.75,1423.96,0.01,2.26,3163.62,1
2026-06-17,2026-06-17 14:55:00,1423.96,1424.17,1423.96,1424.17,0.01,2.26,3163.62,1
2026-06-17,2026-06-17 14:56:00,1424.17,1424.38,1424.17,1424.38,0.01,2.26,3163.62,1
2026-06-17,2026-06-17 14:57:00,1424.38,1424.58,1424.38,1424.58,0.01,2.26,3163.62,1
2026-06-17,2026-06-17 14:58:00,1424.58,1424.79,1424.58,1424.79,0.01,2.26,3163.62,1
2026-06-17,2026-06-17 14:59:00,1424.79,1425.0,1424.79,1425.0,0.01,2.26,3163.62,1
2026-06-17,2026-06-17 15:00:00,1425.0,1425.0,1375.0,1425.0,0.0,2.26,3163.62,0
2026-06-18,2026-06-18 11:00:00,1425.0,1430.97,1425.0,1425.0,0.0,6.59,9445.7,0
2026-06-18,2026-06-18 11:01:00,1425.0,1425.0,1425.0,1425.0,0.0,6.59,9445.7,0
2026-06-18,2026-06-18 11:02:00,1425.0,1425.0,1425.0,1425.0,0.0,6.59,9445.7,0
2026-06-18,2026-06-18 11:03:00,1425.0,1425.0,1425.0,1425.0,0.0,6.59,9445.7,0
2026-06-18,2026-06-18 11:04:00,1425.0,1425.0,1425.0,1425.0,0.0,6.59,9445.7,0
2026-06-18,2026-06-18 11:05:00,1425.0,1425.0,1425.0,1425.0,0.0,6.59,9445.7,0
2026-06-18,2026-06-18 11:06:00,1425.0,1425.0,1425.0,1425.0,0.0,6.59,9445.7,0
2026-06-18,2026-06-18 11:07:00,1425.0,1425.0,1425.0,1425.0,0.0,6.59,9445.7,0
2026-06-18,2026-06-18 11:08:00,1425.0,1425.0,1425.0,1425.0,0.0,6.59,9445.7,0
2026-06-18,2026-06-18 11:09:00,1425.0,1425.0,1425.0,1425.0,0.0,6.59,9445.7,0
2026-06-18,2026-06-18 11:10:00,1425.0,1425.0,1425.0,1425.0,0.0,6.59,9445.7,0
2026-06-18,2026-06-18 11:11:00,1425.0,1425.0,1425.0,1425.0,0.0,6.59,9445.7,0
2026-06-18,2026-06-18 11:12:00,1425.0,1425.0,1425.0,1425.0,0.0,6.59,9445.7,0
2026-06-18,2026-06-18 11:13:00,1425.0,1425.0,1425.0,1425.0,0.0,6.59,9445.7,0
2026-06-18,2026-06-18 11:14:00,1425.0,1425.0,1425.0,1425.0,0.0,6.59,9445.7,0
2026-06-18,2026-06-18 11:15:00,1425.0,1425.0,1425.0,1425.0,0.0,6.59,9445.7,0
2026-06-18,2026-06-18 11:16:00,1425.0,1425.0,1425.0,1425.0,0.0,6.59,9445.7,0
2026-06-18,2026-06-18 11:17:00,1425.0,1425.0,1425.0,1425.0,0.0,6.59,9445.7,0
2026-06-18,2026-06-18 11:18:00,1425.0,1425.0,1425.0,1425.0,0.0,6.59,9445.7,0
2026-06-18,2026-06-18 11:19:00,1425.0,1425.0,1425.0,1425.0,0.0,6.59,9445.7,0
2026-06-18,2026-06-18 11:20:00,1425.0,1425.0,1425.0,1425.0,0.0,6.59,9445.7,0
2026-06-18,2026-06-18 11:21:00,1425.0,1425.0,1425.0,1425.0,0.0,6.59,9445.7,0
2026-06-18,2026-06-18 11:22:00,1425.0,1425.0,1425.0,1425.0,0.0,6.59,9445.7,0
2026-06-18,2026-06-18 11:23:00,1425.0,1425.0,1425.0,1425.0,0.0,6.59,9445.7,0
2026-06-18,2026-06-18 11:24:00,1425.0,1425.0,1425.0,1425.0,0.0,6.59,9445.7,0
2026-06-18,2026-06-18 11:25:00,1425.0,1425.0,1425.0,1425.0,0.0,6.59,9445.7,0
2026-06-18,2026-06-18 11:26:00,1425.0,1425.0,1425.0,1425.0,0.0,6.59,9445.7,0
2026-06-18,2026-06-18 11:27:00,1425.0,1425.0,1425.0,1425.0,0.0,6.59,9445.7,0
2026-06-18,2026-06-18 11:28:00,1425.0,1425.0,1425.0,1425.0,0.0,6.59,9445.7,0
2026-06-18,2026-06-18 11:29:00,1425.0,1425.0,1425.0,1425.0,0.0,6.59,9445.7,0
2026-06-18,2026-06-18 11:30:00,1425.0,1425.0,1425.0,1425.0,0.0,6.59,9445.7,0
2026-06-18,2026-06-18 11:31:00,1425.0,1425.0,1425.0,1425.0,0.0,6.59,9445.7,0
2026-06-18,2026-06-18 11:32:00,1425.0,1425.0,1425.0,1425.0,0.0,6.59,9445.7,0
2026-06-18,2026-06-18 11:33:00,1425.0,1425.0,1425.0,1425.0,0.0,6.59,9445.7,0
2026-06-18,2026-06-18 11:34:00,1425.0,1425.0,1425.0,1425.0,0.0,6.59,9445.7,0
2026-06-18,2026-06-18 11:35:00,1425.0,1425.0,1425.0,1425.0,0.0,6.59,9445.7,0
2026-06-18,2026-06-18 11:36:00,1425.0,1425.0,1425.0,1425.0,0.0,6.59,9445.7,0
2026-06-18,2026-06-18 11:37:00,1425.0,1425.0,1425.0,1425.0,0.0,6.59,9445.7,0
2026-06-18,2026-06-18 11:38:00,1425.0,1425.0,1425.0,1425.0,0.0,6.59,9445.7,0
2026-06-18,2026-06-18 11:39:00,1425.0,1425.0,1425.0,1425.0,0.0,6.59,9445.7,0
2026-06-18,2026-06-18 11:40:00,1425.0,1425.0,1425.0,1425.0,0.0,6.59,9445.7,0
2026-06-18,2026-06-18 11:41:00,1425.0,1425.0,1425.0,1425.0,0.0,6.59,9445.7,0
2026-06-18,2026-06-18 11:42:00,1425.0,1425.0,1425.0,1425.0,0.0,6.59,9445.7,0
2026-06-18,2026-06-18 11:43:00,1425.0,1425.0,1425.0,1425.0,0.0,6.59,9445.7,0
2026-06-18,2026-06-18 11:44:00,1425.0,1425.0,1425.0,1425.0,0.0,6.59,9445.7,0
2026-06-18,2026-06-18 11:45:00,1425.0,1425.0,1425.0,1425.0,0.0,6.59,9445.7,0
2026-06-18,2026-06-18 11:46:00,1425.0,1425.0,1425.0,1425.0,0.0,6.59,9445.7,0
2026-06-18,2026-06-18 11:47:00,1425.0,1425.0,1425.0,1425.0,0.0,6.59,9445.7,0
2026-06-18,2026-06-18 11:48:00,1425.0,1425.0,1425.0,1425.0,0.0,6.59,9445.7,0
2026-06-18,2026-06-18 11:49:00,1425.0,1425.0,1425.0,1425.0,0.0,6.59,9445.7,0
2026-06-18,2026-06-18 11:50:00,1425.0,1425.0,1425.0,1425.0,0.0,6.59,9445.7,0
2026-06-18,2026-06-18 11:51:00,1425.0,1425.0,1425.0,1425.0,0.0,6.59,9445.7,0
2026-06-18,2026-06-18 11:52:00,1425.0,1425.0,1425.0,1425.0,0.0,6.59,9445.7,0
2026-06-18,2026-06-18 11:53:00,1425.0,1425.0,1425.0,1425.0,0.0,6.59,9445.7,0
2026-06-18,2026-06-18 11:54:00,1425.0,1425.0,1425.0,1425.0,0.0,6.59,9445.7,0
2026-06-18,2026-06-18 11:55:00,1425.0,1425.0,1425.0,1425.0,0.0,6.59,9445.7,0
2026-06-18,2026-06-18 11:56:00,1425.0,1425.0,1425.0,1425.0,0.0,6.59,9445.7,0
2026-06-18,2026-06-18 11:57:00,1425.0,1425.0,1425.0,1425.0,0.0,6.59,9445.7,0
2026-06-18,2026-06-18 11:58:00,1425.0,1425.0,1425.0,1425.0,0.0,6.59,9445.7,0
2026-06-18,2026-06-18 11:59:00,1425.0,1425.0,1425.0,1425.0,0.0,6.59,9445.7,0
2026-06-18,2026-06-18 12:00:00,1425.0,1425.0,1425.0,1425.0,0.0,6.59,9445.7,0
2026-06-18,2026-06-18 12:01:00,1425.0,1425.0,1425.0,1425.0,0.0,6.59,9445.7,0
2026-06-18,2026-06-18 12:02:00,1425.0,1425.0,1425.0,1425.0,0.0,6.59,9445.7,0
2026-06-18,2026-06-18 12:03:00,1425.0,1425.0,1425.0,1425.0,0.0,6.59,9445.7,0
2026-06-18,2026-06-18 12:04:00,1425.0,1425.0,1425.0,1425.0,0.0,6.59,9445.7,0
2026-06-18,2026-06-18 12:05:00,1425.0,1425.0,1425.0,1425.0,0.0,6.59,9445.7,0
2026-06-18,2026-06-18 12:06:00,1425.0,1425.0,1425.0,1425.0,0.0,6.59,9445.7,0
2026-06-18,2026-06-18 12:07:00,1425.0,1425.0,1425.0,1425.0,0.0,6.59,9445.7,0
2026-06-18,2026-06-18 12:08:00,1425.0,1425.0,1425.0,1425.0,0.0,6.59,9445.7,0
2026-06-18,2026-06-18 12:09:00,1425.0,1425.0,1425.0,1425.0,0.0,6.59,9445.7,0
2026-06-18,2026-06-18 12:10:00,1425.0,1425.0,1425.0,1425.0,0.0,6.59,9445.7,0
2026-06-18,2026-06-18 12:11:00,1425.0,1425.0,1425.0,1425.0,0.0,6.59,9445.7,0
2026-06-18,2026-06-18 12:12:00,1425.0,1425.0,1425.0,1425.0,0.0,6.59,9445.7,0
2026-06-18,2026-06-18 12:13:00,1425.0,1425.0,1425.0,1425.0,0.0,6.59,9445.7,0
2026-06-18,2026-06-18 12:14:00,1425.0,1425.0,1425.0,1425.0,0.0,6.59,9445.7,0
2026-06-18,2026-06-18 12:15:00,1425.0,1425.0,1425.0,1425.0,0.0,6.59,9445.7,0
2026-06-18,2026-06-18 12:16:00,1425.0,1425.0,1425.0,1425.0,0.0,6.59,9445.7,0
2026-06-18,2026-06-18 12:17:00,1425.0,1425.0,1425.0,1425.0,0.0,6.59,9445.7,0
2026-06-18,2026-06-18 12:18:00,1425.0,1425.0,1425.0,1425.0,0.0,6.59,9445.7,0
2026-06-18,2026-06-18 12:19:00,1425.0,1425.0,1425.0,1425.0,0.0,6.59,9445.7,0
2026-06-18,2026-06-18 12:20:00,1425.0,1425.0,1425.0,1425.0,0.0,6.59,9445.7,0
2026-06-18,2026-06-18 12:21:00,1425.0,1425.0,1425.0,1425.0,0.0,6.59,9445.7,0
2026-06-18,2026-06-18 12:22:00,1425.0,1425.0,1425.0,1425.0,0.0,6.59,9445.7,0
2026-06-18,2026-06-18 12:23:00,1425.0,1425.0,1425.0,1425.0,0.0,6.59,9445.7,0
2026-06-18,2026-06-18 12:24:00,1425.0,1425.0,1425.0,1425.0,0.0,6.59,9445.7,0
2026-06-18,2026-06-18 12:25:00,1425.0,1425.0,1425.0,1425.0,0.0,6.59,9445.7,0
2026-06-18,2026-06-18 12:26:00,1425.0,1425.0,1425.0,1425.0,0.0,6.59,9445.7,0
2026-06-18,2026-06-18 12:27:00,1425.0,1425.0,1425.0,1425.0,0.0,6.59,9445.7,0
2026-06-18,2026-06-18 12:28:00,1425.0,1425.0,1425.0,1425.0,0.0,6.59,9445.7,0
2026-06-18,2026-06-18 12:29:00,1425.0,1425.0,1425.0,1425.0,0.0,6.59,9445.7,0
2026-06-18,2026-06-18 12:30:00,1425.0,1425.0,1425.0,1425.0,0.0,6.59,9445.7,0
2026-06-18,2026-06-18 12:31:00,1425.0,1425.0,1425.0,1425.0,0.0,6.59,9445.7,0
2026-06-18,2026-06-18 12:32:00,1425.0,1425.0,1425.0,1425.0,0.0,6.59,9445.7,0
2026-06-18,2026-06-18 12:33:00,1425.0,1425.0,1425.0,1425.0,0.0,6.59,9445.7,0
2026-06-18,2026-06-18 12:34:00,1425.0,1425.0,1425.0,1425.0,0.0,6.59,9445.7,0
2026-06-18,2026-06-18 12:35:00,1425.0,1425.0,1425.0,1425.0,0.0,6.59,9445.7,0
2026-06-18,2026-06-18 12:36:00,1425.0,1425.0,1425.0,1425.0,0.0,6.59,9445.7,0
2026-06-18,2026-06-18 12:37:00,1425.0,1425.0,1425.0,1425.0,0.0,6.59,9445.7,0
2026-06-18,2026-06-18 12:38:00,1425.0,1425.0,1425.0,1425.0,0.0,6.59,9445.7,0
2026-06-18,2026-06-18 12:39:00,1425.0,1425.0,1425.0,1425.0,0.0,6.59,9445.7,0
2026-06-18,2026-06-18 12:40:00,1425.0,1425.0,1425.0,1425.0,0.0,6.59,9445.7,0
2026-06-18,2026-06-18 12:41:00,1425.0,1425.0,1425.0,1425.0,0.0,6.59,9445.7,0
2026-06-18,2026-06-18 12:42:00,1425.0,1425.0,1425.0,1425.0,0.0,6.59,9445.7,0
2026-06-18,2026-06-18 12:43:00,1425.0,1425.0,1425.0,1425.0,0.0,6.59,9445.7,0
2026-06-18,2026-06-18 12:44:00,1425.0,1425.0,1425.0,1425.0,0.0,6.59,9445.7,0
2026-06-18,2026-06-18 12:45:00,1425.0,1425.0,1425.0,1425.0,0.0,6.59,9445.7,0
2026-06-18,2026-06-18 12:46:00,1425.0,1425.0,1425.0,1425.0,0.0,6.59,9445.7,0
2026-06-18,2026-06-18 12:47:00,1425.0,1425.0,1425.0,1425.0,0.0,6.59,9445.7,0
2026-06-18,2026-06-18 12:48:00,1425.0,1425.0,1425.0,1425.0,0.0,6.59,9445.7,0
2026-06-18,2026-06-18 12:49:00,1425.0,1425.0,1425.0,1425.0,0.0,6.59,9445.7,0
2026-06-18,2026-06-18 12:50:00,1425.0,1425.0,1425.0,1425.0,0.0,6.59,9445.7,0
2026-06-18,2026-06-18 12:51:00,1425.0,1425.0,1425.0,1425.0,0.0,6.59,9445.7,0
2026-06-18,2026-06-18 12:52:00,1425.0,1425.0,1425.0,1425.0,0.0,6.59,9445.7,0
2026-06-18,2026-06-18 12:53:00,1425.0,1425.0,1425.0,1425.0,0.0,6.59,9445.7,0
2026-06-18,2026-06-18 12:54:00,1425.0,1425.0,1425.0,1425.0,0.0,6.59,9445.7,0
2026-06-18,2026-06-18 12:55:00,1425.0,1425.0,1425.0,1425.0,0.0,6.59,9445.7,0
2026-06-18,2026-06-18 12:56:00,1425.0,1425.0,1425.0,1425.0,0.0,6.59,9445.7,0
2026-06-18,2026-06-18 12:57:00,1425.0,1425.0,1425.0,1425.0,0.0,6.59,9445.7,0
2026-06-18,2026-06-18 12:58:00,1425.0,1425.0,1425.0,1425.0,0.0,6.59,9445.7,0
2026-06-18,2026-06-18 12:59:00,1425.0,1425.0,1425.0,1425.0,0.0,6.59,9445.7,0
2026-06-18,2026-06-18 13:00:00,1425.0,1444.9,1425.0,1425.0,0.0,6.59,9445.7,0
2026-06-18,2026-06-18 13:01:00,1425.0,1425.0,1425.0,1425.0,0.0,6.59,9445.7,0
2026-06-18,2026-06-18 13:02:00,1425.0,1425.0,1425.0,1425.0,0.0,6.59,9445.7,0
2026-06-18,2026-06-18 13:03:00,1425.0,1425.0,1425.0,1425.0,0.0,6.59,9445.7,0
2026-06-18,2026-06-18 13:04:00,1425.0,1425.0,1425.0,1425.0,0.0,6.59,9445.7,0
2026-06-18,2026-06-18 13:05:00,1425.0,1425.0,1425.0,1425.0,0.0,6.59,9445.7,0
2026-06-18,2026-06-18 13:06:00,1425.0,1425.0,1425.0,1425.0,0.0,6.59,9445.7,0
2026-06-18,2026-06-18 13:07:00,1425.0,1425.0,1425.0,1425.0,0.0,6.59,9445.7,0
2026-06-18,2026-06-18 13:08:00,1425.0,1425.0,1425.0,1425.0,0.0,6.59,9445.7,0
2026-06-18,2026-06-18 13:09:00,1425.0,1425.0,1425.0,1425.0,0.0,6.59,9445.7,0
2026-06-18,2026-06-18 13:10:00,1425.0,1425.0,1425.0,1425.0,0.0,6.59,9445.7,0
2026-06-18,2026-06-18 13:11:00,1425.0,1425.0,1425.0,1425.0,0.0,6.59,9445.7,0
2026-06-18,2026-06-18 13:12:00,1425.0,1425.0,1425.0,1425.0,0.0,6.59,9445.7,0
2026-06-18,2026-06-18 13:13:00,1425.0,1425.0,1425.0,1425.0,0.0,6.59,9445.7,0
2026-06-18,2026-06-18 13:14:00,1425.0,1425.0,1425.0,1425.0,0.0,6.59,9445.7,0
2026-06-18,2026-06-18 13:15:00,1425.0,1425.0,1425.0,1425.0,0.0,6.59,9445.7,0
2026-06-18,2026-06-18 13:16:00,1425.0,1425.0,1425.0,1425.0,0.0,6.59,9445.7,0
2026-06-18,2026-06-18 13:17:00,1425.0,1425.0,1425.0,1425.0,0.0,6.59,9445.7,0
2026-06-18,2026-06-18 13:18:00,1425.0,1425.0,1425.0,1425.0,0.0,6.59,9445.7,0
2026-06-18,2026-06-18 13:19:00,1425.0,1425.0,1425.0,1425.0,0.0,6.59,9445.7,0
2026-06-18,2026-06-18 13:20:00,1425.0,1425.0,1425.0,1425.0,0.0,6.59,9445.7,0
2026-06-18,2026-06-18 13:21:00,1425.0,1425.0,1425.0,1425.0,0.0,6.59,9445.7,0
2026-06-18,2026-06-18 13:22:00,1425.0,1425.0,1425.0,1425.0,0.0,6.59,9445.7,0
2026-06-18,2026-06-18 13:23:00,1425.0,1425.0,1425.0,1425.0,0.0,6.59,9445.7,0
2026-06-18,2026-06-18 13:24:00,1425.0,1425.0,1425.0,1425.0,0.0,6.59,9445.7,0
2026-06-18,2026-06-18 13:25:00,1425.0,1425.0,1425.0,1425.0,0.0,6.59,9445.7,0
2026-06-18,2026-06-18 13:26:00,1425.0,1425.0,1425.0,1425.0,0.0,6.59,9445.7,0
2026-06-18,2026-06-18 13:27:00,1425.0,1425.0,1425.0,1425.0,0.0,6.59,9445.7,0
2026-06-18,2026-06-18 13:28:00,1425.0,1425.0,1425.0,1425.0,0.0,6.59,9445.7,0
2026-06-18,2026-06-18 13:29:00,1425.0,1425.0,1425.0,1425.0,0.0,6.59,9445.7,0
2026-06-18,2026-06-18 13:30:00,1425.0,1425.0,1425.0,1425.0,0.0,6.59,9445.7,0
2026-06-18,2026-06-18 13:31:00,1425.0,1425.0,1425.0,1425.0,0.0,6.59,9445.7,0
2026-06-18,2026-06-18 13:32:00,1425.0,1425.0,1425.0,1425.0,0.0,6.59,9445.7,0
2026-06-18,2026-06-18 13:33:00,1425.0,1425.0,1425.0,1425.0,0.0,6.59,9445.7,0
2026-06-18,2026-06-18 13:34:00,1425.0,1425.0,1425.0,1425.0,0.0,6.59,9445.7,0
2026-06-18,2026-06-18 13:35:00,1425.0,1425.0,1425.0,1425.0,0.0,6.59,9445.7,0
2026-06-18,2026-06-18 13:36:00,1425.0,1425.0,1425.0,1425.0,0.0,6.59,9445.7,0
2026-06-18,2026-06-18 13:37:00,1425.0,1425.0,1425.0,1425.0,0.0,6.59,9445.7,0
2026-06-18,2026-06-18 13:38:00,1425.0,1425.0,1425.0,1425.0,0.0,6.59,9445.7,0
2026-06-18,2026-06-18 13:39:00,1425.0,1425.0,1425.0,1425.0,0.0,6.59,9445.7,0
2026-06-18,2026-06-18 13:40:00,1425.0,1425.0,1425.0,1425.0,0.0,6.59,9445.7,0
2026-06-18,2026-06-18 13:41:00,1425.0,1425.0,1425.0,1425.0,0.0,6.59,9445.7,0
2026-06-18,2026-06-18 13:42:00,1425.0,1425.0,1425.0,1425.0,0.0,6.59,9445.7,0
2026-06-18,2026-06-18 13:43:00,1425.0,1425.0,1425.0,1425.0,0.0,6.59,9445.7,0
2026-06-18,2026-06-18 13:44:00,1425.0,1425.0,1425.0,1425.0,0.0,6.59,9445.7,0
2026-06-18,2026-06-18 13:45:00,1425.0,1425.0,1425.0,1425.0,0.0,6.59,9445.7,0
2026-06-18,2026-06-18 13:46:00,1425.0,1425.0,1425.0,1425.0,0.0,6.59,9445.7,0
2026-06-18,2026-06-18 13:47:00,1425.0,1425.0,1425.0,1425.0,0.0,6.59,9445.7,0
2026-06-18,2026-06-18 13:48:00,1425.0,1425.0,1425.0,1425.0,0.0,6.59,9445.7,0
2026-06-18,2026-06-18 13:49:00,1425.0,1425.0,1425.0,1425.0,0.0,6.59,9445.7,0
2026-06-18,2026-06-18 13:50:00,1425.0,1425.0,1425.0,1425.0,0.0,6.59,9445.7,0
2026-06-18,2026-06-18 13:51:00,1425.0,1425.0,1425.0,1425.0,0.0,6.59,9445.7,0
2026-06-18,2026-06-18 13:52:00,1425.0,1425.0,1425.0,1425.0,0.0,6.59,9445.7,0
2026-06-18,2026-06-18 13:53:00,1425.0,1425.0,1425.0,1425.0,0.0,6.59,9445.7,0
2026-06-18,2026-06-18 13:54:00,1425.0,1425.0,1425.0,1425.0,0.0,6.59,9445.7,0
2026-06-18,2026-06-18 13:55:00,1425.0,1425.0,1425.0,1425.0,0.0,6.59,9445.7,0
2026-06-18,2026-06-18 13:56:00,1425.0,1425.0,1425.0,1425.0,0.0,6.59,9445.7,0
2026-06-18,2026-06-18 13:57:00,1425.0,1425.0,1425.0,1425.0,0.0,6.59,9445.7,0
2026-06-18,2026-06-18 13:58:00,1425.0,1425.0,1425.0,1425.0,0.0,6.59,9445.7,0
2026-06-18,2026-06-18 13:59:00,1425.0,1425.0,1425.0,1425.0,0.0,6.59,9445.7,0
2026-06-18,2026-06-18 14:00:00,1425.0,1425.0,1425.0,1425.0,0.0,6.59,9445.7,0
2026-06-18,2026-06-18 14:01:00,1425.0,1425.0,1425.0,1425.0,0.0,6.59,9445.7,0
2026-06-18,2026-06-18 14:02:00,1425.0,1425.0,1425.0,1425.0,0.0,6.59,9445.7,0
2026-06-18,2026-06-18 14:03:00,1425.0,1425.0,1425.0,1425.0,0.0,6.59,9445.7,0
2026-06-18,2026-06-18 14:04:00,1425.0,1425.0,1425.0,1425.0,0.0,6.59,9445.7,0
2026-06-18,2026-06-18 14:05:00,1425.0,1425.0,1425.0,1425.0,0.0,6.59,9445.7,0
2026-06-18,2026-06-18 14:06:00,1425.0,1425.0,1425.0,1425.0,0.0,6.59,9445.7,0
2026-06-18,2026-06-18 14:07:00,1425.0,1425.0,1425.0,1425.0,0.0,6.59,9445.7,0
2026-06-18,2026-06-18 14:08:00,1425.0,1425.0,1425.0,1425.0,0.0,6.59,9445.7,0
2026-06-18,2026-06-18 14:09:00,1425.0,1425.0,1425.0,1425.0,0.0,6.59,9445.7,0
2026-06-18,2026-06-18 14:10:00,1425.0,1425.0,1425.0,1425.0,0.0,6.59,9445.7,0
2026-06-18,2026-06-18 14:11:00,1425.0,1425.0,1425.0,1425.0,0.0,6.59,9445.7,0
2026-06-18,2026-06-18 14:12:00,1425.0,1425.0,1425.0,1425.0,0.0,6.59,9445.7,0
2026-06-18,2026-06-18 14:13:00,1425.0,1425.0,1425.0,1425.0,0.0,6.59,9445.7,0
2026-06-18,2026-06-18 14:14:00,1425.0,1425.0,1425.0,1425.0,0.0,6.59,9445.7,0
2026-06-18,2026-06-18 14:15:00,1425.0,1425.0,1425.0,1425.0,0.0,6.59,9445.7,0
2026-06-18,2026-06-18 14:16:00,1425.0,1425.0,1425.0,1425.0,0.0,6.59,9445.7,0
2026-06-18,2026-06-18 14:17:00,1425.0,1425.0,1425.0,1425.0,0.0,6.59,9445.7,0
2026-06-18,2026-06-18 14:18:00,1425.0,1425.0,1425.0,1425.0,0.0,6.59,9445.7,0
2026-06-18,2026-06-18 14:19:00,1425.0,1425.0,1425.0,1425.0,0.0,6.59,9445.7,0
2026-06-18,2026-06-18 14:20:00,1425.0,1425.0,1425.0,1425.0,0.0,6.59,9445.7,0
2026-06-18,2026-06-18 14:21:00,1425.0,1425.0,1425.0,1425.0,0.0,6.59,9445.7,0
2026-06-18,2026-06-18 14:22:00,1425.0,1425.0,1425.0,1425.0,0.0,6.59,9445.7,0
2026-06-18,2026-06-18 14:23:00,1425.0,1425.0,1425.0,1425.0,0.0,6.59,9445.7,0
2026-06-18,2026-06-18 14:24:00,1425.0,1425.0,1425.0,1425.0,0.0,6.59,9445.7,0
2026-06-18,2026-06-18 14:25:00,1425.0,1425.0,1425.0,1425.0,0.0,6.59,9445.7,0
2026-06-18,2026-06-18 14:26:00,1425.0,1425.0,1425.0,1425.0,0.0,6.59,9445.7,0
2026-06-18,2026-06-18 14:27:00,1425.0,1425.0,1425.0,1425.0,0.0,6.59,9445.7,0
2026-06-18,2026-06-18 14:28:00,1425.0,1425.0,1425.0,1425.0,0.0,6.59,9445.7,0
2026-06-18,2026-06-18 14:29:00,1425.0,1425.0,1425.0,1425.0,0.0,6.59,9445.7,0
2026-06-18,2026-06-18 14:30:00,1425.0,1425.0,1425.0,1425.0,0.0,6.59,9445.7,0
2026-06-18,2026-06-18 14:31:00,1425.0,1425.0,1425.0,1425.0,0.0,6.59,9445.7,0
2026-06-18,2026-06-18 14:32:00,1425.0,1425.0,1425.0,1425.0,0.0,6.59,9445.7,0
2026-06-18,2026-06-18 14:33:00,1425.0,1425.0,1425.0,1425.0,0.0,6.59,9445.7,0
2026-06-18,2026-06-18 14:34:00,1425.0,1425.0,1425.0,1425.0,0.0,6.59,9445.7,0
2026-06-18,2026-06-18 14:35:00,1425.0,1425.0,1425.0,1425.0,0.0,6.59,9445.7,0
2026-06-18,2026-06-18 14:36:00,1425.0,1425.0,1425.0,1425.0,0.0,6.59,9445.7,0
2026-06-18,2026-06-18 14:37:00,1425.0,1425.0,1425.0,1425.0,0.0,6.59,9445.7,0
2026-06-18,2026-06-18 14:38:00,1425.0,1425.0,1425.0,1425.0,0.0,6.59,9445.7,0
2026-06-18,2026-06-18 14:39:00,1425.0,1425.0,1425.0,1425.0,0.0,6.59,9445.7,0
2026-06-18,2026-06-18 14:40:00,1425.0,1425.0,1425.0,1425.0,0.0,6.59,9445.7,0
2026-06-18,2026-06-18 14:41:00,1425.0,1425.0,1425.0,1425.0,0.0,6.59,9445.7,0
2026-06-18,2026-06-18 14:42:00,1425.0,1425.0,1425.0,1425.0,0.0,6.59,9445.7,0
2026-06-18,2026-06-18 14:43:00,1425.0,1425.0,1425.0,1425.0,0.0,6.59,9445.7,0
2026-06-18,2026-06-18 14:44:00,1425.0,1425.0,1425.0,1425.0,0.0,6.59,9445.7,0
2026-06-18,2026-06-18 14:45:00,1425.0,1425.0,1425.0,1425.0,0.0,6.59,9445.7,0
2026-06-18,2026-06-18 14:46:00,1425.0,1425.0,1425.0,1425.0,0.0,6.59,9445.7,0
2026-06-18,2026-06-18 14:47:00,1425.0,1425.0,1425.0,1425.0,0.0,6.59,9445.7,0
2026-06-18,2026-06-18 14:48:00,1425.0,1425.0,1425.0,1425.0,0.0,6.59,9445.7,0
2026-06-18,2026-06-18 14:49:00,1425.0,1425.0,1425.0,1425.0,0.0,6.59,9445.7,0
2026-06-18,2026-06-18 14:50:00,1425.0,1425.0,1425.0,1425.0,0.0,6.59,9445.7,0
2026-06-18,2026-06-18 14:51:00,1425.0,1425.0,1425.0,1425.0,0.0,6.59,9445.7,0
2026-06-18,2026-06-18 14:52:00,1425.0,1425.0,1425.0,1425.0,0.0,6.59,9445.7,0
2026-06-18,2026-06-18 14:53:00,1425.0,1425.0,1425.0,1425.0,0.0,6.59,9445.7,0
2026-06-18,2026-06-18 14:54:00,1425.0,1425.0,1425.0,1425.0,0.0,6.59,9445.7,0
2026-06-18,2026-06-18 14:55:00,1425.0,1425.0,1425.0,1425.0,0.0,6.59,9445.7,0
2026-06-18,2026-06-18 14:56:00,1425.0,1425.0,1425.0,1425.0,0.0,6.59,9445.7,0
2026-06-18,2026-06-18 14:57:00,1425.0,1425.0,1425.0,1425.0,0.0,6.59,9445.7,0
2026-06-18,2026-06-18 14:58:00,1425.0,1425.0,1425.0,1425.0,0.0,6.59,9445.7,0
2026-06-18,2026-06-18 14:59:00,1425.0,1425.0,1425.0,1425.0,0.0,6.59,9445.7,0
2026-06-18,2026-06-18 15:00:00,1425.0,1444.9,1425.0,1425.0,0.0,6.59,9445.7,0
2026-06-19,2026-06-19 11:00:00,1390.2,1403.64,1390.2,1390.36,0.01,3.37,4791.16,1
2026-06-19,2026-06-19 11:01:00,1390.36,1390.53,1390.36,1390.53,0.01,3.37,4791.16,1
2026-06-19,2026-06-19 11:02:00,1390.53,1390.69,1390.53,1390.69,0.01,3.37,4791.16,1
2026-06-19,2026-06-19 11:03:00,1390.69,1390.86,1390.69,1390.86,0.01,3.37,4791.16,1
2026-06-19,2026-06-19 11:04:00,1390.86,1391.02,1390.86,1391.02,0.01,3.37,4791.16,1
2026-06-19,2026-06-19 11:05:00,1391.02,1391.18,1391.02,1391.18,0.01,3.37,4791.16,1
2026-06-19,2026-06-19 11:06:00,1391.18,1391.35,1391.18,1391.35,0.01,3.37,4791.16,1
2026-06-19,2026-06-19 11:07:00,1391.35,1391.51,1391.35,1391.51,0.01,3.37,4791.16,1
2026-06-19,2026-06-19 11:08:00,1391.51,1391.68,1391.51,1391.68,0.01,3.37,4791.16,1
2026-06-19,2026-06-19 11:09:00,1391.68,1391.84,1391.68,1391.84,0.01,3.37,4791.16,1
2026-06-19,2026-06-19 11:10:00,1391.84,1392.01,1391.84,1392.01,0.01,3.37,4791.16,1
2026-06-19,2026-06-19 11:11:00,1392.01,1392.17,1392.01,1392.17,0.01,3.37,4791.16,1
2026-06-19,2026-06-19 11:12:00,1392.17,1392.33,1392.17,1392.33,0.01,3.37,4791.16,1
2026-06-19,2026-06-19 11:13:00,1392.33,1392.5,1392.33,1392.5,0.01,3.37,4791.16,1
2026-06-19,2026-06-19 11:14:00,1392.5,1392.66,1392.5,1392.66,0.01,3.37,4791.16,1
2026-06-19,2026-06-19 11:15:00,1392.66,1392.83,1392.66,1392.83,0.01,3.37,4791.16,1
2026-06-19,2026-06-19 11:16:00,1392.83,1392.99,1392.83,1392.99,0.01,3.37,4791.16,1
2026-06-19,2026-06-19 11:17:00,1392.99,1393.15,1392.99,1393.15,0.01,3.37,4791.16,1
2026-06-19,2026-06-19 11:18:00,1393.15,1393.32,1393.15,1393.32,0.01,3.37,4791.16,1
2026-06-19,2026-06-19 11:19:00,1393.32,1393.48,1393.32,1393.48,0.01,3.37,4791.16,1
2026-06-19,2026-06-19 11:20:00,1393.48,1393.65,1393.48,1393.65,0.01,3.37,4791.16,1
2026-06-19,2026-06-19 11:21:00,1393.65,1393.81,1393.65,1393.81,0.01,3.37,4791.16,1
2026-06-19,2026-06-19 11:22:00,1393.81,1393.98,1393.81,1393.98,0.01,3.37,4791.16,1
2026-06-19,2026-06-19 11:23:00,1393.98,1394.14,1393.98,1394.14,0.01,3.37,4791.16,1
2026-06-19,2026-06-19 11:24:00,1394.14,1394.3,1394.14,1394.3,0.01,3.37,4791.16,1
2026-06-19,2026-06-19 11:25:00,1394.3,1394.47,1394.3,1394.47,0.01,3.37,4791.16,1
2026-06-19,2026-06-19 11:26:00,1394.47,1394.63,1394.47,1394.63,0.01,3.37,4791.16,1
2026-06-19,2026-06-19 11:27:00,1394.63,1394.8,1394.63,1394.8,0.01,3.37,4791.16,1
2026-06-19,2026-06-19 11:28:00,1394.8,1394.96,1394.8,1394.96,0.01,3.37,4791.16,1
2026-06-19,2026-06-19 11:29:00,1394.96,1395.12,1394.96,1395.12,0.01,3.37,4791.16,1
2026-06-19,2026-06-19 11:30:00,1395.12,1395.29,1395.12,1395.29,0.01,3.37,4791.16,1
2026-06-19,2026-06-19 11:31:00,1395.29,1395.45,1395.29,1395.45,0.01,3.37,4791.16,1
2026-06-19,2026-06-19 11:32:00,1395.45,1395.62,1395.45,1395.62,0.01,3.37,4791.16,1
2026-06-19,2026-06-19 11:33:00,1395.62,1395.78,1395.62,1395.78,0.01,3.37,4791.16,1
2026-06-19,2026-06-19 11:34:00,1395.78,1395.95,1395.78,1395.95,0.01,3.37,4791.16,1
2026-06-19,2026-06-19 11:35:00,1395.95,1396.11,1395.95,1396.11,0.01,3.37,4791.16,1
2026-06-19,2026-06-19 11:36:00,1396.11,1396.27,1396.11,1396.27,0.01,3.37,4791.16,1
2026-06-19,2026-06-19 11:37:00,1396.27,1396.44,1396.27,1396.44,0.01,3.37,4791.16,1
2026-06-19,2026-06-19 11:38:00,1396.44,1396.6,1396.44,1396.6,0.01,3.37,4791.16,1
2026-06-19,2026-06-19 11:39:00,1396.6,1396.77,1396.6,1396.77,0.01,3.37,4791.16,1
2026-06-19,2026-06-19 11:40:00,1396.77,1396.93,1396.77,1396.93,0.01,3.37,4791.16,1
2026-06-19,2026-06-19 11:41:00,1396.93,1397.1,1396.93,1397.1,0.01,3.37,4791.16,1
2026-06-19,2026-06-19 11:42:00,1397.1,1397.26,1397.1,1397.26,0.01,3.37,4791.16,1
2026-06-19,2026-06-19 11:43:00,1397.26,1397.42,1397.26,1397.42,0.01,3.37,4791.16,1
2026-06-19,2026-06-19 11:44:00,1397.42,1397.59,1397.42,1397.59,0.01,3.37,4791.16,1
2026-06-19,2026-06-19 11:45:00,1397.59,1397.75,1397.59,1397.75,0.01,3.37,4791.16,1
2026-06-19,2026-06-19 11:46:00,1397.75,1397.92,1397.75,1397.92,0.01,3.37,4791.16,1
2026-06-19,2026-06-19 11:47:00,1397.92,1398.08,1397.92,1398.08,0.01,3.37,4791.16,1
2026-06-19,2026-06-19 11:48:00,1398.08,1398.24,1398.08,1398.24,0.01,3.37,4791.16,1
2026-06-19,2026-06-19 11:49:00,1398.24,1398.41,1398.24,1398.41,0.01,3.37,4791.16,1
2026-06-19,2026-06-19 11:50:00,1398.41,1398.57,1398.41,1398.57,0.01,3.37,4791.16,1
2026-06-19,2026-06-19 11:51:00,1398.57,1398.74,1398.57,1398.74,0.01,3.37,4791.16,1
2026-06-19,2026-06-19 11:52:00,1398.74,1398.9,1398.74,1398.9,0.01,3.37,4791.16,1
2026-06-19,2026-06-19 11:53:00,1398.9,1399.07,1398.9,1399.07,0.01,3.37,4791.16,1
2026-06-19,2026-06-19 11:54:00,1399.07,1399.23,1399.07,1399.23,0.01,3.37,4791.16,1
2026-06-19,2026-06-19 11:55:00,1399.23,1399.39,1399.23,1399.39,0.01,3.37,4791.16,1
2026-06-19,2026-06-19 11:56:00,1399.39,1399.56,1399.39,1399.56,0.01,3.37,4791.16,1
2026-06-19,2026-06-19 11:57:00,1399.56,1399.72,1399.56,1399.72,0.01,3.37,4791.16,1
2026-06-19,2026-06-19 11:58:00,1399.72,1399.89,1399.72,1399.89,0.01,3.37,4791.16,1
2026-06-19,2026-06-19 11:59:00,1399.89,1400.05,1399.89,1400.05,0.01,3.37,4791.16,1
2026-06-19,2026-06-19 12:00:00,1400.05,1400.21,1400.05,1400.21,0.01,3.37,4791.16,1
2026-06-19,2026-06-19 12:01:00,1400.21,1400.38,1400.21,1400.38,0.01,3.37,4791.16,1
2026-06-19,2026-06-19 12:02:00,1400.38,1400.54,1400.38,1400.54,0.01,3.37,4791.16,1
2026-06-19,2026-06-19 12:03:00,1400.54,1400.71,1400.54,1400.71,0.01,3.37,4791.16,1
2026-06-19,2026-06-19 12:04:00,1400.71,1400.87,1400.71,1400.87,0.01,3.37,4791.16,1
2026-06-19,2026-06-19 12:05:00,1400.87,1401.04,1400.87,1401.04,0.01,3.37,4791.16,1
2026-06-19,2026-06-19 12:06:00,1401.04,1401.2,1401.04,1401.2,0.01,3.37,4791.16,1
2026-06-19,2026-06-19 12:07:00,1401.2,1401.36,1401.2,1401.36,0.01,3.37,4791.16,1
2026-06-19,2026-06-19 12:08:00,1401.36,1401.53,1401.36,1401.53,0.01,3.37,4791.16,1
2026-06-19,2026-06-19 12:09:00,1401.53,1401.69,1401.53,1401.69,0.01,3.37,4791.16,1
2026-06-19,2026-06-19 12:10:00,1401.69,1401.86,1401.69,1401.86,0.01,3.37,4791.16,1
2026-06-19,2026-06-19 12:11:00,1401.86,1402.02,1401.86,1402.02,0.01,3.37,4791.16,1
2026-06-19,2026-06-19 12:12:00,1402.02,1402.18,1402.02,1402.18,0.01,3.37,4791.16,1
2026-06-19,2026-06-19 12:13:00,1402.18,1402.35,1402.18,1402.35,0.01,3.37,4791.16,1
2026-06-19,2026-06-19 12:14:00,1402.35,1402.51,1402.35,1402.51,0.01,3.37,4791.16,1
2026-06-19,2026-06-19 12:15:00,1402.51,1402.68,1402.51,1402.68,0.01,3.37,4791.16,1
2026-06-19,2026-06-19 12:16:00,1402.68,1402.84,1402.68,1402.84,0.01,3.37,4791.16,1
2026-06-19,2026-06-19 12:17:00,1402.84,1403.01,1402.84,1403.01,0.01,3.37,4791.16,1
2026-06-19,2026-06-19 12:18:00,1403.01,1403.17,1403.01,1403.17,0.01,3.37,4791.16,1
2026-06-19,2026-06-19 12:19:00,1403.17,1403.33,1403.17,1403.33,0.01,3.37,4791.16,1
2026-06-19,2026-06-19 12:20:00,1403.33,1403.5,1403.33,1403.5,0.01,3.37,4791.16,1
2026-06-19,2026-06-19 12:21:00,1403.5,1403.66,1403.5,1403.66,0.01,3.37,4791.16,1
2026-06-19,2026-06-19 12:22:00,1403.66,1403.83,1403.66,1403.83,0.01,3.37,4791.16,1
2026-06-19,2026-06-19 12:23:00,1403.83,1403.99,1403.83,1403.99,0.01,3.37,4791.16,1
2026-06-19,2026-06-19 12:24:00,1403.99,1404.15,1403.99,1404.15,0.01,3.37,4791.16,1
2026-06-19,2026-06-19 12:25:00,1404.15,1404.32,1404.15,1404.32,0.01,3.37,4791.16,1
2026-06-19,2026-06-19 12:26:00,1404.32,1404.48,1404.32,1404.48,0.01,3.37,4791.16,1
2026-06-19,2026-06-19 12:27:00,1404.48,1404.65,1404.48,1404.65,0.01,3.37,4791.16,1
2026-06-19,2026-06-19 12:28:00,1404.65,1404.81,1404.65,1404.81,0.01,3.37,4791.16,1
2026-06-19,2026-06-19 12:29:00,1404.81,1404.97,1404.81,1404.97,0.01,3.37,4791.16,1
2026-06-19,2026-06-19 12:30:00,1404.97,1405.14,1404.97,1405.14,0.01,3.37,4791.16,1
2026-06-19,2026-06-19 12:31:00,1405.14,1405.3,1405.14,1405.3,0.01,3.37,4791.16,1
2026-06-19,2026-06-19 12:32:00,1405.3,1405.47,1405.3,1405.47,0.01,3.37,4791.16,1
2026-06-19,2026-06-19 12:33:00,1405.47,1405.63,1405.47,1405.63,0.01,3.37,4791.16,1
2026-06-19,2026-06-19 12:34:00,1405.63,1405.8,1405.63,1405.8,0.01,3.37,4791.16,1
2026-06-19,2026-06-19 12:35:00,1405.8,1405.96,1405.8,1405.96,0.01,3.37,4791.16,1
2026-06-19,2026-06-19 12:36:00,1405.96,1406.12,1405.96,1406.12,0.01,3.37,4791.16,1
2026-06-19,2026-06-19 12:37:00,1406.12,1406.29,1406.12,1406.29,0.01,3.37,4791.16,1
2026-06-19,2026-06-19 12:38:00,1406.29,1406.45,1406.29,1406.45,0.01,3.37,4791.16,1
2026-06-19,2026-06-19 12:39:00,1406.45,1406.62,1406.45,1406.62,0.01,3.37,4791.16,1
2026-06-19,2026-06-19 12:40:00,1406.62,1406.78,1406.62,1406.78,0.01,3.37,4791.16,1
2026-06-19,2026-06-19 12:41:00,1406.78,1406.94,1406.78,1406.94,0.01,3.37,4791.16,1
2026-06-19,2026-06-19 12:42:00,1406.94,1407.11,1406.94,1407.11,0.01,3.37,4791.16,1
2026-06-19,2026-06-19 12:43:00,1407.11,1407.27,1407.11,1407.27,0.01,3.37,4791.16,1
2026-06-19,2026-06-19 12:44:00,1407.27,1407.44,1407.27,1407.44,0.01,3.37,4791.16,1
2026-06-19,2026-06-19 12:45:00,1407.44,1407.6,1407.44,1407.6,0.01,3.37,4791.16,1
2026-06-19,2026-06-19 12:46:00,1407.6,1407.77,1407.6,1407.77,0.01,3.37,4791.16,1
2026-06-19,2026-06-19 12:47:00,1407.77,1407.93,1407.77,1407.93,0.01,3.37,4791.16,1
2026-06-19,2026-06-19 12:48:00,1407.93,1408.09,1407.93,1408.09,0.01,3.37,4791.16,1
2026-06-19,2026-06-19 12:49:00,1408.09,1408.26,1408.09,1408.26,0.01,3.37,4791.16,1
2026-06-19,2026-06-19 12:50:00,1408.26,1408.42,1408.26,1408.42,0.01,3.37,4791.16,1
2026-06-19,2026-06-19 12:51:00,1408.42,1408.59,1408.42,1408.59,0.01,3.37,4791.16,1
2026-06-19,2026-06-19 12:52:00,1408.59,1408.75,1408.59,1408.75,0.01,3.37,4791.16,1
2026-06-19,2026-06-19 12:53:00,1408.75,1408.91,1408.75,1408.91,0.01,3.37,4791.16,1
2026-06-19,2026-06-19 12:54:00,1408.91,1409.08,1408.91,1409.08,0.01,3.37,4791.16,1
2026-06-19,2026-06-19 12:55:00,1409.08,1409.24,1409.08,1409.24,0.01,3.37,4791.16,1
2026-06-19,2026-06-19 12:56:00,1409.24,1409.41,1409.24,1409.41,0.01,3.37,4791.16,1
2026-06-19,2026-06-19 12:57:00,1409.41,1409.57,1409.41,1409.57,0.01,3.37,4791.16,1
2026-06-19,2026-06-19 12:58:00,1409.57,1409.74,1409.57,1409.74,0.01,3.37,4791.16,1
2026-06-19,2026-06-19 12:59:00,1409.74,1409.9,1409.74,1409.9,0.01,3.37,4791.16,1
2026-06-19,2026-06-19 13:00:00,1409.9,1435.0,1390.2,1410.06,0.01,3.37,4791.16,1
2026-06-19,2026-06-19 13:01:00,1410.06,1410.23,1410.06,1410.23,0.01,3.37,4791.16,1
2026-06-19,2026-06-19 13:02:00,1410.23,1410.39,1410.23,1410.39,0.01,3.37,4791.16,1
2026-06-19,2026-06-19 13:03:00,1410.39,1410.56,1410.39,1410.56,0.01,3.37,4791.16,1
2026-06-19,2026-06-19 13:04:00,1410.56,1410.72,1410.56,1410.72,0.01,3.37,4791.16,1
2026-06-19,2026-06-19 13:05:00,1410.72,1410.88,1410.72,1410.88,0.01,3.37,4791.16,1
2026-06-19,2026-06-19 13:06:00,1410.88,1411.05,1410.88,1411.05,0.01,3.37,4791.16,1
2026-06-19,2026-06-19 13:07:00,1411.05,1411.21,1411.05,1411.21,0.01,3.37,4791.16,1
2026-06-19,2026-06-19 13:08:00,1411.21,1411.38,1411.21,1411.38,0.01,3.37,4791.16,1
2026-06-19,2026-06-19 13:09:00,1411.38,1411.54,1411.38,1411.54,0.01,3.37,4791.16,1
2026-06-19,2026-06-19 13:10:00,1411.54,1411.71,1411.54,1411.71,0.01,3.37,4791.16,1
2026-06-19,2026-06-19 13:11:00,1411.71,1411.87,1411.71,1411.87,0.01,3.37,4791.16,1
2026-06-19,2026-06-19 13:12:00,1411.87,1412.03,1411.87,1412.03,0.01,3.37,4791.16,1
2026-06-19,2026-06-19 13:13:00,1412.03,1412.2,1412.03,1412.2,0.01,3.37,4791.16,1
2026-06-19,2026-06-19 13:14:00,1412.2,1412.36,1412.2,1412.36,0.01,3.37,4791.16,1
2026-06-19,2026-06-19 13:15:00,1412.36,1412.53,1412.36,1412.53,0.01,3.37,4791.16,1
2026-06-19,2026-06-19 13:16:00,1412.53,1412.69,1412.53,1412.69,0.01,3.37,4791.16,1
2026-06-19,2026-06-19 13:17:00,1412.69,1412.86,1412.69,1412.86,0.01,3.37,4791.16,1
2026-06-19,2026-06-19 13:18:00,1412.86,1413.02,1412.86,1413.02,0.01,3.37,4791.16,1
2026-06-19,2026-06-19 13:19:00,1413.02,1413.18,1413.02,1413.18,0.01,3.37,4791.16,1
2026-06-19,2026-06-19 13:20:00,1413.18,1413.35,1413.18,1413.35,0.01,3.37,4791.16,1
2026-06-19,2026-06-19 13:21:00,1413.35,1413.51,1413.35,1413.51,0.01,3.37,4791.16,1
2026-06-19,2026-06-19 13:22:00,1413.51,1413.68,1413.51,1413.68,0.01,3.37,4791.16,1
2026-06-19,2026-06-19 13:23:00,1413.68,1413.84,1413.68,1413.84,0.01,3.37,4791.16,1
2026-06-19,2026-06-19 13:24:00,1413.84,1414.0,1413.84,1414.0,0.01,3.37,4791.16,1
2026-06-19,2026-06-19 13:25:00,1414.0,1414.17,1414.0,1414.17,0.01,3.37,4791.16,1
2026-06-19,2026-06-19 13:26:00,1414.17,1414.33,1414.17,1414.33,0.01,3.37,4791.16,1
2026-06-19,2026-06-19 13:27:00,1414.33,1414.5,1414.33,1414.5,0.01,3.37,4791.16,1
2026-06-19,2026-06-19 13:28:00,1414.5,1414.66,1414.5,1414.66,0.01,3.37,4791.16,1
2026-06-19,2026-06-19 13:29:00,1414.66,1414.83,1414.66,1414.83,0.01,3.37,4791.16,1
2026-06-19,2026-06-19 13:30:00,1414.83,1414.99,1414.83,1414.99,0.01,3.37,4791.16,1
2026-06-19,2026-06-19 13:31:00,1414.99,1415.15,1414.99,1415.15,0.01,3.37,4791.16,1
2026-06-19,2026-06-19 13:32:00,1415.15,1415.32,1415.15,1415.32,0.01,3.37,4791.16,1
2026-06-19,2026-06-19 13:33:00,1415.32,1415.48,1415.32,1415.48,0.01,3.37,4791.16,1
2026-06-19,2026-06-19 13:34:00,1415.48,1415.65,1415.48,1415.65,0.01,3.37,4791.16,1
2026-06-19,2026-06-19 13:35:00,1415.65,1415.81,1415.65,1415.81,0.01,3.37,4791.16,1
2026-06-19,2026-06-19 13:36:00,1415.81,1415.97,1415.81,1415.97,0.01,3.37,4791.16,1
2026-06-19,2026-06-19 13:37:00,1415.97,1416.14,1415.97,1416.14,0.01,3.37,4791.16,1
2026-06-19,2026-06-19 13:38:00,1416.14,1416.3,1416.14,1416.3,0.01,3.37,4791.16,1
2026-06-19,2026-06-19 13:39:00,1416.3,1416.47,1416.3,1416.47,0.01,3.37,4791.16,1
2026-06-19,2026-06-19 13:40:00,1416.47,1416.63,1416.47,1416.63,0.01,3.37,4791.16,1
2026-06-19,2026-06-19 13:41:00,1416.63,1416.79,1416.63,1416.79,0.01,3.37,4791.16,1
2026-06-19,2026-06-19 13:42:00,1416.79,1416.96,1416.79,1416.96,0.01,3.37,4791.16,1
2026-06-19,2026-06-19 13:43:00,1416.96,1417.12,1416.96,1417.12,0.01,3.37,4791.16,1
2026-06-19,2026-06-19 13:44:00,1417.12,1417.29,1417.12,1417.29,0.01,3.37,4791.16,1
2026-06-19,2026-06-19 13:45:00,1417.29,1417.45,1417.29,1417.45,0.01,3.37,4791.16,1
2026-06-19,2026-06-19 13:46:00,1417.45,1417.62,1417.45,1417.62,0.01,3.37,4791.16,1
2026-06-19,2026-06-19 13:47:00,1417.62,1417.78,1417.62,1417.78,0.01,3.37,4791.16,1
2026-06-19,2026-06-19 13:48:00,1417.78,1417.94,1417.78,1417.94,0.01,3.37,4791.16,1
2026-06-19,2026-06-19 13:49:00,1417.94,1418.11,1417.94,1418.11,0.01,3.37,4791.16,1
2026-06-19,2026-06-19 13:50:00,1418.11,1418.27,1418.11,1418.27,0.01,3.37,4791.16,1
2026-06-19,2026-06-19 13:51:00,1418.27,1418.44,1418.27,1418.44,0.01,3.37,4791.16,1
2026-06-19,2026-06-19 13:52:00,1418.44,1418.6,1418.44,1418.6,0.01,3.37,4791.16,1
2026-06-19,2026-06-19 13:53:00,1418.6,1418.76,1418.6,1418.76,0.01,3.37,4791.16,1
2026-06-19,2026-06-19 13:54:00,1418.76,1418.93,1418.76,1418.93,0.01,3.37,4791.16,1
2026-06-19,2026-06-19 13:55:00,1418.93,1419.09,1418.93,1419.09,0.01,3.37,4791.16,1
2026-06-19,2026-06-19 13:56:00,1419.09,1419.26,1419.09,1419.26,0.01,3.37,4791.16,1
2026-06-19,2026-06-19 13:57:00,1419.26,1419.42,1419.26,1419.42,0.01,3.37,4791.16,1
2026-06-19,2026-06-19 13:58:00,1419.42,1419.59,1419.42,1419.59,0.01,3.37,4791.16,1
2026-06-19,2026-06-19 13:59:00,1419.59,1419.75,1419.59,1419.75,0.01,3.37,4791.16,1
2026-06-19,2026-06-19 14:00:00,1419.75,1419.91,1419.75,1419.91,0.01,3.37,4791.16,1
2026-06-19,2026-06-19 14:01:00,1419.91,1420.08,1419.91,1420.08,0.01,3.37,4791.16,1
2026-06-19,2026-06-19 14:02:00,1420.08,1420.24,1420.08,1420.24,0.01,3.37,4791.16,1
2026-06-19,2026-06-19 14:03:00,1420.24,1420.41,1420.24,1420.41,0.01,3.37,4791.16,1
2026-06-19,2026-06-19 14:04:00,1420.41,1420.57,1420.41,1420.57,0.01,3.37,4791.16,1
2026-06-19,2026-06-19 14:05:00,1420.57,1420.73,1420.57,1420.73,0.01,3.37,4791.16,1
2026-06-19,2026-06-19 14:06:00,1420.73,1420.9,1420.73,1420.9,0.01,3.37,4791.16,1
2026-06-19,2026-06-19 14:07:00,1420.9,1421.06,1420.9,1421.06,0.01,3.37,4791.16,1
2026-06-19,2026-06-19 14:08:00,1421.06,1421.23,1421.06,1421.23,0.01,3.37,4791.16,1
2026-06-19,2026-06-19 14:09:00,1421.23,1421.39,1421.23,1421.39,0.01,3.37,4791.16,1
2026-06-19,2026-06-19 14:10:00,1421.39,1421.56,1421.39,1421.56,0.01,3.37,4791.16,1
2026-06-19,2026-06-19 14:11:00,1421.56,1421.72,1421.56,1421.72,0.01,3.37,4791.16,1
2026-06-19,2026-06-19 14:12:00,1421.72,1421.88,1421.72,1421.88,0.01,3.37,4791.16,1
2026-06-19,2026-06-19 14:13:00,1421.88,1422.05,1421.88,1422.05,0.01,3.37,4791.16,1
2026-06-19,2026-06-19 14:14:00,1422.05,1422.21,1422.05,1422.21,0.01,3.37,4791.16,1
2026-06-19,2026-06-19 14:15:00,1422.21,1422.38,1422.21,1422.38,0.01,3.37,4791.16,1
2026-06-19,2026-06-19 14:16:00,1422.38,1422.54,1422.38,1422.54,0.01,3.37,4791.16,1
2026-06-19,2026-06-19 14:17:00,1422.54,1422.7,1422.54,1422.7,0.01,3.37,4791.16,1
2026-06-19,2026-06-19 14:18:00,1422.7,1422.87,1422.7,1422.87,0.01,3.37,4791.16,1
2026-06-19,2026-06-19 14:19:00,1422.87,1423.03,1422.87,1423.03,0.01,3.37,4791.16,1
2026-06-19,2026-06-19 14:20:00,1423.03,1423.2,1423.03,1423.2,0.01,3.37,4791.16,1
2026-06-19,2026-06-19 14:21:00,1423.2,1423.36,1423.2,1423.36,0.01,3.37,4791.16,1
2026-06-19,2026-06-19 14:22:00,1423.36,1423.53,1423.36,1423.53,0.01,3.37,4791.16,1
2026-06-19,2026-06-19 14:23:00,1423.53,1423.69,1423.53,1423.69,0.01,3.37,4791.16,1
2026-06-19,2026-06-19 14:24:00,1423.69,1423.85,1423.69,1423.85,0.01,3.37,4791.16,1
2026-06-19,2026-06-19 14:25:00,1423.85,1424.02,1423.85,1424.02,0.01,3.37,4791.16,1
2026-06-19,2026-06-19 14:26:00,1424.02,1424.18,1424.02,1424.18,0.01,3.37,4791.16,1
2026-06-19,2026-06-19 14:27:00,1424.18,1424.35,1424.18,1424.35,0.01,3.37,4791.16,1
2026-06-19,2026-06-19 14:28:00,1424.35,1424.51,1424.35,1424.51,0.01,3.37,4791.16,1
2026-06-19,2026-06-19 14:29:00,1424.51,1424.67,1424.51,1424.67,0.01,3.37,4791.16,1
2026-06-19,2026-06-19 14:30:00,1424.67,1424.84,1424.67,1424.84,0.01,3.37,4791.16,1
2026-06-19,2026-06-19 14:31:00,1424.84,1425.0,1424.84,1425.0,0.01,3.37,4791.16,1
2026-06-19,2026-06-19 14:32:00,1425.0,1425.17,1425.0,1425.17,0.01,3.37,4791.16,1
2026-06-19,2026-06-19 14:33:00,1425.17,1425.33,1425.17,1425.33,0.01,3.37,4791.16,1
2026-06-19,2026-06-19 14:34:00,1425.33,1425.5,1425.33,1425.5,0.01,3.37,4791.16,1
2026-06-19,2026-06-19 14:35:00,1425.5,1425.66,1425.5,1425.66,0.01,3.37,4791.16,1
2026-06-19,2026-06-19 14:36:00,1425.66,1425.82,1425.66,1425.82,0.01,3.37,4791.16,1
2026-06-19,2026-06-19 14:37:00,1425.82,1425.99,1425.82,1425.99,0.01,3.37,4791.16,1
2026-06-19,2026-06-19 14:38:00,1425.99,1426.15,1425.99,1426.15,0.01,3.37,4791.16,1
2026-06-19,2026-06-19 14:39:00,1426.15,1426.32,1426.15,1426.32,0.01,3.37,4791.16,1
2026-06-19,2026-06-19 14:40:00,1426.32,1426.48,1426.32,1426.48,0.01,3.37,4791.16,1
2026-06-19,2026-06-19 14:41:00,1426.48,1426.64,1426.48,1426.64,0.01,3.37,4791.16,1
2026-06-19,2026-06-19 14:42:00,1426.64,1426.81,1426.64,1426.81,0.01,3.37,4791.16,1
2026-06-19,2026-06-19 14:43:00,1426.81,1426.97,1426.81,1426.97,0.01,3.37,4791.16,1
2026-06-19,2026-06-19 14:44:00,1426.97,1427.14,1426.97,1427.14,0.01,3.37,4791.16,1
2026-06-19,2026-06-19 14:45:00,1427.14,1427.3,1427.14,1427.3,0.01,3.37,4791.16,1
2026-06-19,2026-06-19 14:46:00,1427.3,1427.47,1427.3,1427.47,0.01,3.37,4791.16,1
2026-06-19,2026-06-19 14:47:00,1427.47,1427.63,1427.47,1427.63,0.01,3.37,4791.16,1
2026-06-19,2026-06-19 14:48:00,1427.63,1427.79,1427.63,1427.79,0.01,3.37,4791.16,1
2026-06-19,2026-06-19 14:49:00,1427.79,1427.96,1427.79,1427.96,0.01,3.37,4791.16,1
2026-06-19,2026-06-19 14:50:00,1427.96,1428.12,1427.96,1428.12,0.01,3.37,4791.16,1
2026-06-19,2026-06-19 14:51:00,1428.12,1428.29,1428.12,1428.29,0.01,3.37,4791.16,1
2026-06-19,2026-06-19 14:52:00,1428.29,1428.45,1428.29,1428.45,0.01,3.37,4791.16,1
2026-06-19,2026-06-19 14:53:00,1428.45,1428.62,1428.45,1428.62,0.01,3.37,4791.16,1
2026-06-19,2026-06-19 14:54:00,1428.62,1428.78,1428.62,1428.78,0.01,3.37,4791.16,1
2026-06-19,2026-06-19 14:55:00,1428.78,1428.94,1428.78,1428.94,0.01,3.37,4791.16,1
2026-06-19,2026-06-19 14:56:00,1428.94,1429.11,1428.94,1429.11,0.01,3.37,4791.16,1
2026-06-19,2026-06-19 14:57:00,1429.11,1429.27,1429.11,1429.27,0.01,3.37,4791.16,1
2026-06-19,2026-06-19 14:58:00,1429.27,1429.44,1429.27,1429.44,0.01,3.37,4791.16,1
2026-06-19,2026-06-19 14:59:00,1429.44,1429.6,1429.44,1429.6,0.01,3.37,4791.16,1
2026-06-19,2026-06-19 15:00:00,1429.6,1435.0,1390.2,1429.6,0.0,3.37,4791.16,0
2026-06-22,2026-06-22 11:00:00,1400.0,1425.47,1400.0,1400.35,0.02,14.41,21069.53,1
2026-06-22,2026-06-22 11:01:00,1400.35,1400.71,1400.35,1400.71,0.03,14.41,21069.53,1
2026-06-22,2026-06-22 11:02:00,1400.71,1401.06,1400.71,1401.06,0.02,14.41,21069.53,1
2026-06-22,2026-06-22 11:03:00,1401.06,1401.41,1401.06,1401.41,0.02,14.41,21069.53,1
2026-06-22,2026-06-22 11:04:00,1401.41,1401.77,1401.41,1401.77,0.03,14.41,21069.53,1
2026-06-22,2026-06-22 11:05:00,1401.77,1402.12,1401.77,1402.12,0.02,14.41,21069.53,1
2026-06-22,2026-06-22 11:06:00,1402.12,1402.48,1402.12,1402.48,0.03,14.41,21069.53,1
2026-06-22,2026-06-22 11:07:00,1402.48,1402.83,1402.48,1402.83,0.02,14.41,21069.53,1
2026-06-22,2026-06-22 11:08:00,1402.83,1403.18,1402.83,1403.18,0.02,14.41,21069.53,1
2026-06-22,2026-06-22 11:09:00,1403.18,1403.54,1403.18,1403.54,0.03,14.41,21069.53,1
2026-06-22,2026-06-22 11:10:00,1403.54,1403.89,1403.54,1403.89,0.02,14.41,21069.53,1
2026-06-22,2026-06-22 11:11:00,1403.89,1404.24,1403.89,1404.24,0.02,14.41,21069.53,1
2026-06-22,2026-06-22 11:12:00,1404.24,1404.6,1404.24,1404.6,0.03,14.41,21069.53,1
2026-06-22,2026-06-22 11:13:00,1404.6,1404.95,1404.6,1404.95,0.02,14.41,21069.53,1
2026-06-22,2026-06-22 11:14:00,1404.95,1405.31,1404.95,1405.31,0.03,14.41,21069.53,1
2026-06-22,2026-06-22 11:15:00,1405.31,1405.66,1405.31,1405.66,0.02,14.41,21069.53,1
2026-06-22,2026-06-22 11:16:00,1405.66,1406.01,1405.66,1406.01,0.02,14.41,21069.53,1
2026-06-22,2026-06-22 11:17:00,1406.01,1406.37,1406.01,1406.37,0.03,14.41,21069.53,1
2026-06-22,2026-06-22 11:18:00,1406.37,1406.72,1406.37,1406.72,0.02,14.41,21069.53,1
2026-06-22,2026-06-22 11:19:00,1406.72,1407.08,1406.72,1407.08,0.03,14.41,21069.53,1
2026-06-22,2026-06-22 11:20:00,1407.08,1407.43,1407.08,1407.43,0.02,14.41,21069.53,1
2026-06-22,2026-06-22 11:21:00,1407.43,1407.78,1407.43,1407.78,0.02,14.41,21069.53,1
2026-06-22,2026-06-22 11:22:00,1407.78,1408.14,1407.78,1408.14,0.03,14.41,21069.53,1
2026-06-22,2026-06-22 11:23:00,1408.14,1408.49,1408.14,1408.49,0.02,14.41,21069.53,1
2026-06-22,2026-06-22 11:24:00,1408.49,1408.84,1408.49,1408.84,0.02,14.41,21069.53,1
2026-06-22,2026-06-22 11:25:00,1408.84,1409.2,1408.84,1409.2,0.03,14.41,21069.53,1
2026-06-22,2026-06-22 11:26:00,1409.2,1409.55,1409.2,1409.55,0.02,14.41,21069.53,1
2026-06-22,2026-06-22 11:27:00,1409.55,1409.9,1409.55,1409.9,0.02,14.41,21069.53,1
2026-06-22,2026-06-22 11:28:00,1409.9,1410.26,1409.9,1410.26,0.03,14.41,21069.53,1
2026-06-22,2026-06-22 11:29:00,1410.26,1410.61,1410.26,1410.61,0.02,14.41,21069.53,1
2026-06-22,2026-06-22 11:30:00,1410.61,1410.97,1410.61,1410.97,0.03,14.41,21069.53,1
2026-06-22,2026-06-22 11:31:00,1410.97,1411.32,1410.97,1411.32,0.02,14.41,21069.53,1
2026-06-22,2026-06-22 11:32:00,1411.32,1411.67,1411.32,1411.67,0.02,14.41,21069.53,1
2026-06-22,2026-06-22 11:33:00,1411.67,1412.03,1411.67,1412.03,0.03,14.41,21069.53,1
2026-06-22,2026-06-22 11:34:00,1412.03,1412.38,1412.03,1412.38,0.02,14.41,21069.53,1
2026-06-22,2026-06-22 11:35:00,1412.38,1412.74,1412.38,1412.74,0.03,14.41,21069.53,1
2026-06-22,2026-06-22 11:36:00,1412.74,1413.09,1412.74,1413.09,0.02,14.41,21069.53,1
2026-06-22,2026-06-22 11:37:00,1413.09,1413.44,1413.09,1413.44,0.02,14.41,21069.53,1
2026-06-22,2026-06-22 11:38:00,1413.44,1413.8,1413.44,1413.8,0.03,14.41,21069.53,1
2026-06-22,2026-06-22 11:39:00,1413.8,1414.15,1413.8,1414.15,0.02,14.41,21069.53,1
2026-06-22,2026-06-22 11:40:00,1414.15,1414.5,1414.15,1414.5,0.02,14.41,21069.53,1
2026-06-22,2026-06-22 11:41:00,1414.5,1414.86,1414.5,1414.86,0.03,14.41,21069.53,1
2026-06-22,2026-06-22 11:42:00,1414.86,1415.21,1414.86,1415.21,0.02,14.41,21069.53,1
2026-06-22,2026-06-22 11:43:00,1415.21,1415.57,1415.21,1415.57,0.03,14.41,21069.53,1
2026-06-22,2026-06-22 11:44:00,1415.57,1415.92,1415.57,1415.92,0.02,14.41,21069.53,1
2026-06-22,2026-06-22 11:45:00,1415.92,1416.27,1415.92,1416.27,0.02,14.41,21069.53,1
2026-06-22,2026-06-22 11:46:00,1416.27,1416.63,1416.27,1416.63,0.03,14.41,21069.53,1
2026-06-22,2026-06-22 11:47:00,1416.63,1416.98,1416.63,1416.98,0.02,14.41,21069.53,1
2026-06-22,2026-06-22 11:48:00,1416.98,1417.33,1416.98,1417.33,0.02,14.41,21069.53,1
2026-06-22,2026-06-22 11:49:00,1417.33,1417.69,1417.33,1417.69,0.03,14.41,21069.53,1
2026-06-22,2026-06-22 11:50:00,1417.69,1418.04,1417.69,1418.04,0.02,14.41,21069.53,1
2026-06-22,2026-06-22 11:51:00,1418.04,1418.39,1418.04,1418.39,0.02,14.41,21069.53,1
2026-06-22,2026-06-22 11:52:00,1418.39,1418.75,1418.39,1418.75,0.03,14.41,21069.53,1
2026-06-22,2026-06-22 11:53:00,1418.75,1419.1,1418.75,1419.1,0.02,14.41,21069.53,1
2026-06-22,2026-06-22 11:54:00,1419.1,1419.46,1419.1,1419.46,0.03,14.41,21069.53,1
2026-06-22,2026-06-22 11:55:00,1419.46,1419.81,1419.46,1419.81,0.02,14.41,21069.53,1
2026-06-22,2026-06-22 11:56:00,1419.81,1420.16,1419.81,1420.16,0.02,14.41,21069.53,1
2026-06-22,2026-06-22 11:57:00,1420.16,1420.52,1420.16,1420.52,0.03,14.41,21069.53,1
2026-06-22,2026-06-22 11:58:00,1420.52,1420.87,1420.52,1420.87,0.02,14.41,21069.53,1
2026-06-22,2026-06-22 11:59:00,1420.87,1421.22,1420.87,1421.22,0.02,14.41,21069.53,1
2026-06-22,2026-06-22 12:00:00,1421.22,1421.58,1421.22,1421.58,0.03,14.41,21069.53,1
2026-06-22,2026-06-22 12:01:00,1421.58,1421.93,1421.58,1421.93,0.02,14.41,21069.53,1
2026-06-22,2026-06-22 12:02:00,1421.93,1422.29,1421.93,1422.29,0.03,14.41,21069.53,1
2026-06-22,2026-06-22 12:03:00,1422.29,1422.64,1422.29,1422.64,0.02,14.41,21069.53,1
2026-06-22,2026-06-22 12:04:00,1422.64,1422.99,1422.64,1422.99,0.02,14.41,21069.53,1
2026-06-22,2026-06-22 12:05:00,1422.99,1423.35,1422.99,1423.35,0.03,14.41,21069.53,1
2026-06-22,2026-06-22 12:06:00,1423.35,1423.7,1423.35,1423.7,0.02,14.41,21069.53,1
2026-06-22,2026-06-22 12:07:00,1423.7,1424.06,1423.7,1424.06,0.03,14.41,21069.53,1
2026-06-22,2026-06-22 12:08:00,1424.06,1424.41,1424.06,1424.41,0.02,14.41,21069.53,1
2026-06-22,2026-06-22 12:09:00,1424.41,1424.76,1424.41,1424.76,0.02,14.41,21069.53,1
2026-06-22,2026-06-22 12:10:00,1424.76,1425.12,1424.76,1425.12,0.03,14.41,21069.53,1
2026-06-22,2026-06-22 12:11:00,1425.12,1425.47,1425.12,1425.47,0.02,14.41,21069.53,1
2026-06-22,2026-06-22 12:12:00,1425.47,1425.82,1425.47,1425.82,0.02,14.41,21069.53,1
2026-06-22,2026-06-22 12:13:00,1425.82,1426.18,1425.82,1426.18,0.03,14.41,21069.53,1
2026-06-22,2026-06-22 12:14:00,1426.18,1426.53,1426.18,1426.53,0.02,14.41,21069.53,1
2026-06-22,2026-06-22 12:15:00,1426.53,1426.88,1426.53,1426.88,0.02,14.41,21069.53,1
2026-06-22,2026-06-22 12:16:00,1426.88,1427.24,1426.88,1427.24,0.03,14.41,21069.53,1
2026-06-22,2026-06-22 12:17:00,1427.24,1427.59,1427.24,1427.59,0.02,14.41,21069.53,1
2026-06-22,2026-06-22 12:18:00,1427.59,1427.95,1427.59,1427.95,0.03,14.41,21069.53,1
2026-06-22,2026-06-22 12:19:00,1427.95,1428.3,1427.95,1428.3,0.02,14.41,21069.53,1
2026-06-22,2026-06-22 12:20:00,1428.3,1428.65,1428.3,1428.65,0.02,14.41,21069.53,1
2026-06-22,2026-06-22 12:21:00,1428.65,1429.01,1428.65,1429.01,0.03,14.41,21069.53,1
2026-06-22,2026-06-22 12:22:00,1429.01,1429.36,1429.01,1429.36,0.02,14.41,21069.53,1
2026-06-22,2026-06-22 12:23:00,1429.36,1429.71,1429.36,1429.71,0.02,14.41,21069.53,1
2026-06-22,2026-06-22 12:24:00,1429.71,1430.07,1429.71,1430.07,0.03,14.41,21069.53,1
2026-06-22,2026-06-22 12:25:00,1430.07,1430.42,1430.07,1430.42,0.02,14.41,21069.53,1
2026-06-22,2026-06-22 12:26:00,1430.42,1430.78,1430.42,1430.78,0.03,14.41,21069.53,1
2026-06-22,2026-06-22 12:27:00,1430.78,1431.13,1430.78,1431.13,0.02,14.41,21069.53,1
2026-06-22,2026-06-22 12:28:00,1431.13,1431.48,1431.13,1431.48,0.02,14.41,21069.53,1
2026-06-22,2026-06-22 12:29:00,1431.48,1431.84,1431.48,1431.84,0.03,14.41,21069.53,1
2026-06-22,2026-06-22 12:30:00,1431.84,1432.19,1431.84,1432.19,0.02,14.41,21069.53,1
2026-06-22,2026-06-22 12:31:00,1432.19,1432.55,1432.19,1432.55,0.03,14.41,21069.53,1
2026-06-22,2026-06-22 12:32:00,1432.55,1432.9,1432.55,1432.9,0.02,14.41,21069.53,1
2026-06-22,2026-06-22 12:33:00,1432.9,1433.25,1432.9,1433.25,0.02,14.41,21069.53,1
2026-06-22,2026-06-22 12:34:00,1433.25,1433.61,1433.25,1433.61,0.03,14.41,21069.53,1
2026-06-22,2026-06-22 12:35:00,1433.61,1433.96,1433.61,1433.96,0.02,14.41,21069.53,1
2026-06-22,2026-06-22 12:36:00,1433.96,1434.31,1433.96,1434.31,0.02,14.41,21069.53,1
2026-06-22,2026-06-22 12:37:00,1434.31,1434.67,1434.31,1434.67,0.03,14.41,21069.53,1
2026-06-22,2026-06-22 12:38:00,1434.67,1435.02,1434.67,1435.02,0.02,14.41,21069.53,1
2026-06-22,2026-06-22 12:39:00,1435.02,1435.38,1435.02,1435.38,0.03,14.41,21069.53,1
2026-06-22,2026-06-22 12:40:00,1435.38,1435.73,1435.38,1435.73,0.02,14.41,21069.53,1
2026-06-22,2026-06-22 12:41:00,1435.73,1436.08,1435.73,1436.08,0.02,14.41,21069.53,1
2026-06-22,2026-06-22 12:42:00,1436.08,1436.44,1436.08,1436.44,0.03,14.41,21069.53,1
2026-06-22,2026-06-22 12:43:00,1436.44,1436.79,1436.44,1436.79,0.02,14.41,21069.53,1
2026-06-22,2026-06-22 12:44:00,1436.79,1437.14,1436.79,1437.14,0.02,14.41,21069.53,1
2026-06-22,2026-06-22 12:45:00,1437.14,1437.5,1437.14,1437.5,0.03,14.41,21069.53,1
2026-06-22,2026-06-22 12:46:00,1437.5,1437.85,1437.5,1437.85,0.02,14.41,21069.53,1
2026-06-22,2026-06-22 12:47:00,1437.85,1438.2,1437.85,1438.2,0.02,14.41,21069.53,1
2026-06-22,2026-06-22 12:48:00,1438.2,1438.56,1438.2,1438.56,0.03,14.41,21069.53,1
2026-06-22,2026-06-22 12:49:00,1438.56,1438.91,1438.56,1438.91,0.02,14.41,21069.53,1
2026-06-22,2026-06-22 12:50:00,1438.91,1439.27,1438.91,1439.27,0.03,14.41,21069.53,1
2026-06-22,2026-06-22 12:51:00,1439.27,1439.62,1439.27,1439.62,0.02,14.41,21069.53,1
2026-06-22,2026-06-22 12:52:00,1439.62,1439.97,1439.62,1439.97,0.02,14.41,21069.53,1
2026-06-22,2026-06-22 12:53:00,1439.97,1440.33,1439.97,1440.33,0.03,14.41,21069.53,1
2026-06-22,2026-06-22 12:54:00,1440.33,1440.68,1440.33,1440.68,0.02,14.41,21069.53,1
2026-06-22,2026-06-22 12:55:00,1440.68,1441.04,1440.68,1441.04,0.02,14.41,21069.53,1
2026-06-22,2026-06-22 12:56:00,1441.04,1441.39,1441.04,1441.39,0.02,14.41,21069.53,1
2026-06-22,2026-06-22 12:57:00,1441.39,1441.74,1441.39,1441.74,0.02,14.41,21069.53,1
2026-06-22,2026-06-22 12:58:00,1441.74,1442.1,1441.74,1442.1,0.02,14.41,21069.53,1
2026-06-22,2026-06-22 12:59:00,1442.1,1442.45,1442.1,1442.45,0.02,14.41,21069.53,1
2026-06-22,2026-06-22 13:00:00,1442.45,1484.9,1400.0,1442.8,0.02,14.41,21069.53,1
2026-06-22,2026-06-22 13:01:00,1442.8,1443.16,1442.8,1443.16,0.02,14.41,21069.53,1
2026-06-22,2026-06-22 13:02:00,1443.16,1443.51,1443.16,1443.51,0.02,14.41,21069.53,1
2026-06-22,2026-06-22 13:03:00,1443.51,1443.87,1443.51,1443.87,0.02,14.41,21069.53,1
2026-06-22,2026-06-22 13:04:00,1443.87,1444.22,1443.87,1444.22,0.02,14.41,21069.53,1
2026-06-22,2026-06-22 13:05:00,1444.22,1444.57,1444.22,1444.57,0.02,14.41,21069.53,1
2026-06-22,2026-06-22 13:06:00,1444.57,1444.93,1444.57,1444.93,0.02,14.41,21069.53,1
2026-06-22,2026-06-22 13:07:00,1444.93,1445.28,1444.93,1445.28,0.02,14.41,21069.53,1
2026-06-22,2026-06-22 13:08:00,1445.28,1445.63,1445.28,1445.63,0.02,14.41,21069.53,1
2026-06-22,2026-06-22 13:09:00,1445.63,1445.99,1445.63,1445.99,0.02,14.41,21069.53,1
2026-06-22,2026-06-22 13:10:00,1445.99,1446.34,1445.99,1446.34,0.02,14.41,21069.53,1
2026-06-22,2026-06-22 13:11:00,1446.34,1446.7,1446.34,1446.7,0.02,14.41,21069.53,1
2026-06-22,2026-06-22 13:12:00,1446.7,1447.05,1446.7,1447.05,0.02,14.41,21069.53,1
2026-06-22,2026-06-22 13:13:00,1447.05,1447.4,1447.05,1447.4,0.02,14.41,21069.53,1
2026-06-22,2026-06-22 13:14:00,1447.4,1447.76,1447.4,1447.76,0.02,14.41,21069.53,1
2026-06-22,2026-06-22 13:15:00,1447.76,1448.11,1447.76,1448.11,0.02,14.41,21069.53,1
2026-06-22,2026-06-22 13:16:00,1448.11,1448.46,1448.11,1448.46,0.02,14.41,21069.53,1
2026-06-22,2026-06-22 13:17:00,1448.46,1448.82,1448.46,1448.82,0.02,14.41,21069.53,1
2026-06-22,2026-06-22 13:18:00,1448.82,1449.17,1448.82,1449.17,0.02,14.41,21069.53,1
2026-06-22,2026-06-22 13:19:00,1449.17,1449.53,1449.17,1449.53,0.02,14.41,21069.53,1
2026-06-22,2026-06-22 13:20:00,1449.53,1449.88,1449.53,1449.88,0.02,14.41,21069.53,1
2026-06-22,2026-06-22 13:21:00,1449.88,1450.23,1449.88,1450.23,0.02,14.41,21069.53,1
2026-06-22,2026-06-22 13:22:00,1450.23,1450.59,1450.23,1450.59,0.02,14.41,21069.53,1
2026-06-22,2026-06-22 13:23:00,1450.59,1450.94,1450.59,1450.94,0.02,14.41,21069.53,1
2026-06-22,2026-06-22 13:24:00,1450.94,1451.29,1450.94,1451.29,0.02,14.41,21069.53,1
2026-06-22,2026-06-22 13:25:00,1451.29,1451.65,1451.29,1451.65,0.02,14.41,21069.53,1
2026-06-22,2026-06-22 13:26:00,1451.65,1452.0,1451.65,1452.0,0.02,14.41,21069.53,1
2026-06-22,2026-06-22 13:27:00,1452.0,1452.36,1452.0,1452.36,0.02,14.41,21069.53,1
2026-06-22,2026-06-22 13:28:00,1452.36,1452.71,1452.36,1452.71,0.02,14.41,21069.53,1
2026-06-22,2026-06-22 13:29:00,1452.71,1453.06,1452.71,1453.06,0.02,14.41,21069.53,1
2026-06-22,2026-06-22 13:30:00,1453.06,1453.42,1453.06,1453.42,0.02,14.41,21069.53,1
2026-06-22,2026-06-22 13:31:00,1453.42,1453.77,1453.42,1453.77,0.02,14.41,21069.53,1
2026-06-22,2026-06-22 13:32:00,1453.77,1454.12,1453.77,1454.12,0.02,14.41,21069.53,1
2026-06-22,2026-06-22 13:33:00,1454.12,1454.48,1454.12,1454.48,0.02,14.41,21069.53,1
2026-06-22,2026-06-22 13:34:00,1454.48,1454.83,1454.48,1454.83,0.02,14.41,21069.53,1
2026-06-22,2026-06-22 13:35:00,1454.83,1455.18,1454.83,1455.18,0.02,14.41,21069.53,1
2026-06-22,2026-06-22 13:36:00,1455.18,1455.54,1455.18,1455.54,0.02,14.41,21069.53,1
2026-06-22,2026-06-22 13:37:00,1455.54,1455.89,1455.54,1455.89,0.02,14.41,21069.53,1
2026-06-22,2026-06-22 13:38:00,1455.89,1456.25,1455.89,1456.25,0.02,14.41,21069.53,1
2026-06-22,2026-06-22 13:39:00,1456.25,1456.6,1456.25,1456.6,0.02,14.41,21069.53,1
2026-06-22,2026-06-22 13:40:00,1456.6,1456.95,1456.6,1456.95,0.02,14.41,21069.53,1
2026-06-22,2026-06-22 13:41:00,1456.95,1457.31,1456.95,1457.31,0.02,14.41,21069.53,1
2026-06-22,2026-06-22 13:42:00,1457.31,1457.66,1457.31,1457.66,0.02,14.41,21069.53,1
2026-06-22,2026-06-22 13:43:00,1457.66,1458.02,1457.66,1458.02,0.02,14.41,21069.53,1
2026-06-22,2026-06-22 13:44:00,1458.02,1458.37,1458.02,1458.37,0.02,14.41,21069.53,1
2026-06-22,2026-06-22 13:45:00,1458.37,1458.72,1458.37,1458.72,0.02,14.41,21069.53,1
2026-06-22,2026-06-22 13:46:00,1458.72,1459.08,1458.72,1459.08,0.02,14.41,21069.53,1
2026-06-22,2026-06-22 13:47:00,1459.08,1459.43,1459.08,1459.43,0.02,14.41,21069.53,1
2026-06-22,2026-06-22 13:48:00,1459.43,1459.78,1459.43,1459.78,0.02,14.41,21069.53,1
2026-06-22,2026-06-22 13:49:00,1459.78,1460.14,1459.78,1460.14,0.02,14.41,21069.53,1
2026-06-22,2026-06-22 13:50:00,1460.14,1460.49,1460.14,1460.49,0.02,14.41,21069.53,1
2026-06-22,2026-06-22 13:51:00,1460.49,1460.85,1460.49,1460.85,0.02,14.41,21069.53,1
2026-06-22,2026-06-22 13:52:00,1460.85,1461.2,1460.85,1461.2,0.02,14.41,21069.53,1
2026-06-22,2026-06-22 13:53:00,1461.2,1461.55,1461.2,1461.55,0.02,14.41,21069.53,1
2026-06-22,2026-06-22 13:54:00,1461.55,1461.91,1461.55,1461.91,0.02,14.41,21069.53,1
2026-06-22,2026-06-22 13:55:00,1461.91,1462.26,1461.91,1462.26,0.02,14.41,21069.53,1
2026-06-22,2026-06-22 13:56:00,1462.26,1462.61,1462.26,1462.61,0.02,14.41,21069.53,1
2026-06-22,2026-06-22 13:57:00,1462.61,1462.97,1462.61,1462.97,0.02,14.41,21069.53,1
2026-06-22,2026-06-22 13:58:00,1462.97,1463.32,1462.97,1463.32,0.02,14.41,21069.53,1
2026-06-22,2026-06-22 13:59:00,1463.32,1463.68,1463.32,1463.68,0.02,14.41,21069.53,1
2026-06-22,2026-06-22 14:00:00,1463.68,1464.03,1463.68,1464.03,0.02,14.41,21069.53,1
2026-06-22,2026-06-22 14:01:00,1464.03,1464.38,1464.03,1464.38,0.02,14.41,21069.53,1
2026-06-22,2026-06-22 14:02:00,1464.38,1464.74,1464.38,1464.74,0.02,14.41,21069.53,1
2026-06-22,2026-06-22 14:03:00,1464.74,1465.09,1464.74,1465.09,0.02,14.41,21069.53,1
2026-06-22,2026-06-22 14:04:00,1465.09,1465.44,1465.09,1465.44,0.02,14.41,21069.53,1
2026-06-22,2026-06-22 14:05:00,1465.44,1465.8,1465.44,1465.8,0.02,14.41,21069.53,1
2026-06-22,2026-06-22 14:06:00,1465.8,1466.15,1465.8,1466.15,0.02,14.41,21069.53,1
2026-06-22,2026-06-22 14:07:00,1466.15,1466.51,1466.15,1466.51,0.02,14.41,21069.53,1
2026-06-22,2026-06-22 14:08:00,1466.51,1466.86,1466.51,1466.86,0.02,14.41,21069.53,1
2026-06-22,2026-06-22 14:09:00,1466.86,1467.21,1466.86,1467.21,0.02,14.41,21069.53,1
2026-06-22,2026-06-22 14:10:00,1467.21,1467.57,1467.21,1467.57,0.02,14.41,21069.53,1
2026-06-22,2026-06-22 14:11:00,1467.57,1467.92,1467.57,1467.92,0.02,14.41,21069.53,1
2026-06-22,2026-06-22 14:12:00,1467.92,1468.27,1467.92,1468.27,0.02,14.41,21069.53,1
2026-06-22,2026-06-22 14:13:00,1468.27,1468.63,1468.27,1468.63,0.02,14.41,21069.53,1
2026-06-22,2026-06-22 14:14:00,1468.63,1468.98,1468.63,1468.98,0.02,14.41,21069.53,1
2026-06-22,2026-06-22 14:15:00,1468.98,1469.34,1468.98,1469.34,0.02,14.41,21069.53,1
2026-06-22,2026-06-22 14:16:00,1469.34,1469.69,1469.34,1469.69,0.02,14.41,21069.53,1
2026-06-22,2026-06-22 14:17:00,1469.69,1470.04,1469.69,1470.04,0.02,14.41,21069.53,1
2026-06-22,2026-06-22 14:18:00,1470.04,1470.4,1470.04,1470.4,0.02,14.41,21069.53,1
2026-06-22,2026-06-22 14:19:00,1470.4,1470.75,1470.4,1470.75,0.02,14.41,21069.53,1
2026-06-22,2026-06-22 14:20:00,1470.75,1471.1,1470.75,1471.1,0.02,14.41,21069.53,1
2026-06-22,2026-06-22 14:21:00,1471.1,1471.46,1471.1,1471.46,0.02,14.41,21069.53,1
2026-06-22,2026-06-22 14:22:00,1471.46,1471.81,1471.46,1471.81,0.02,14.41,21069.53,1
2026-06-22,2026-06-22 14:23:00,1471.81,1472.16,1471.81,1472.16,0.02,14.41,21069.53,1
2026-06-22,2026-06-22 14:24:00,1472.16,1472.52,1472.16,1472.52,0.02,14.41,21069.53,1
2026-06-22,2026-06-22 14:25:00,1472.52,1472.87,1472.52,1472.87,0.02,14.41,21069.53,1
2026-06-22,2026-06-22 14:26:00,1472.87,1473.23,1472.87,1473.23,0.02,14.41,21069.53,1
2026-06-22,2026-06-22 14:27:00,1473.23,1473.58,1473.23,1473.58,0.02,14.41,21069.53,1
2026-06-22,2026-06-22 14:28:00,1473.58,1473.93,1473.58,1473.93,0.02,14.41,21069.53,1
2026-06-22,2026-06-22 14:29:00,1473.93,1474.29,1473.93,1474.29,0.02,14.41,21069.53,1
2026-06-22,2026-06-22 14:30:00,1474.29,1474.64,1474.29,1474.64,0.02,14.41,21069.53,1
2026-06-22,2026-06-22 14:31:00,1474.64,1475.0,1474.64,1475.0,0.02,14.41,21069.53,1
2026-06-22,2026-06-22 14:32:00,1475.0,1475.35,1475.0,1475.35,0.02,14.41,21069.53,1
2026-06-22,2026-06-22 14:33:00,1475.35,1475.7,1475.35,1475.7,0.02,14.41,21069.53,1
2026-06-22,2026-06-22 14:34:00,1475.7,1476.06,1475.7,1476.06,0.02,14.41,21069.53,1
2026-06-22,2026-06-22 14:35:00,1476.06,1476.41,1476.06,1476.41,0.02,14.41,21069.53,1
2026-06-22,2026-06-22 14:36:00,1476.41,1476.76,1476.41,1476.76,0.02,14.41,21069.53,1
2026-06-22,2026-06-22 14:37:00,1476.76,1477.12,1476.76,1477.12,0.02,14.41,21069.53,1
2026-06-22,2026-06-22 14:38:00,1477.12,1477.47,1477.12,1477.47,0.02,14.41,21069.53,1
2026-06-22,2026-06-22 14:39:00,1477.47,1477.83,1477.47,1477.83,0.02,14.41,21069.53,1
2026-06-22,2026-06-22 14:40:00,1477.83,1478.18,1477.83,1478.18,0.02,14.41,21069.53,1
2026-06-22,2026-06-22 14:41:00,1478.18,1478.53,1478.18,1478.53,0.02,14.41,21069.53,1
2026-06-22,2026-06-22 14:42:00,1478.53,1478.89,1478.53,1478.89,0.02,14.41,21069.53,1
2026-06-22,2026-06-22 14:43:00,1478.89,1479.24,1478.89,1479.24,0.02,14.41,21069.53,1
2026-06-22,2026-06-22 14:44:00,1479.24,1479.59,1479.24,1479.59,0.02,14.41,21069.53,1
2026-06-22,2026-06-22 14:45:00,1479.59,1479.95,1479.59,1479.95,0.02,14.41,21069.53,1
2026-06-22,2026-06-22 14:46:00,1479.95,1480.3,1479.95,1480.3,0.02,14.41,21069.53,1
2026-06-22,2026-06-22 14:47:00,1480.3,1480.66,1480.3,1480.66,0.02,14.41,21069.53,1
2026-06-22,2026-06-22 14:48:00,1480.66,1481.01,1480.66,1481.01,0.02,14.41,21069.53,1
2026-06-22,2026-06-22 14:49:00,1481.01,1481.36,1481.01,1481.36,0.02,14.41,21069.53,1
2026-06-22,2026-06-22 14:50:00,1481.36,1481.72,1481.36,1481.72,0.02,14.41,21069.53,1
2026-06-22,2026-06-22 14:51:00,1481.72,1482.07,1481.72,1482.07,0.02,14.41,21069.53,1
2026-06-22,2026-06-22 14:52:00,1482.07,1482.42,1482.07,1482.42,0.02,14.41,21069.53,1
2026-06-22,2026-06-22 14:53:00,1482.42,1482.78,1482.42,1482.78,0.02,14.41,21069.53,1
2026-06-22,2026-06-22 14:54:00,1482.78,1483.13,1482.78,1483.13,0.02,14.41,21069.53,1
2026-06-22,2026-06-22 14:55:00,1483.13,1483.49,1483.13,1483.49,0.02,14.41,21069.53,1
2026-06-22,2026-06-22 14:56:00,1483.49,1483.84,1483.49,1483.84,0.02,14.41,21069.53,1
2026-06-22,2026-06-22 14:57:00,1483.84,1484.19,1483.84,1484.19,0.02,14.41,21069.53,1
2026-06-22,2026-06-22 14:58:00,1484.19,1484.55,1484.19,1484.55,0.02,14.41,21069.53,1
2026-06-22,2026-06-22 14:59:00,1484.55,1484.9,1484.55,1484.9,0.02,14.41,21069.53,1
2026-06-22,2026-06-22 15:00:00,1484.9,1484.9,1400.0,1484.9,0.0,14.41,21069.53,0
2026-06-23,2026-06-23 11:00:00,1425.0,1439.7,1423.5,1425.15,0.01,15.76,22826.1,1
2026-06-23,2026-06-23 11:01:00,1425.15,1425.31,1425.15,1425.31,0.01,15.76,22826.1,1
2026-06-23,2026-06-23 11:02:00,1425.31,1425.46,1425.31,1425.46,0.01,15.76,22826.1,1
2026-06-23,2026-06-23 11:03:00,1425.46,1425.62,1425.46,1425.62,0.01,15.76,22826.1,1
2026-06-23,2026-06-23 11:04:00,1425.62,1425.77,1425.62,1425.77,0.01,15.76,22826.1,1
2026-06-23,2026-06-23 11:05:00,1425.77,1425.92,1425.77,1425.92,0.01,15.76,22826.1,1
2026-06-23,2026-06-23 11:06:00,1425.92,1426.08,1425.92,1426.08,0.01,15.76,22826.1,1
2026-06-23,2026-06-23 11:07:00,1426.08,1426.23,1426.08,1426.23,0.01,15.76,22826.1,1
2026-06-23,2026-06-23 11:08:00,1426.23,1426.39,1426.23,1426.39,0.01,15.76,22826.1,1
2026-06-23,2026-06-23 11:09:00,1426.39,1426.54,1426.39,1426.54,0.01,15.76,22826.1,1
2026-06-23,2026-06-23 11:10:00,1426.54,1426.7,1426.54,1426.7,0.01,15.76,22826.1,1
2026-06-23,2026-06-23 11:11:00,1426.7,1426.85,1426.7,1426.85,0.01,15.76,22826.1,1
2026-06-23,2026-06-23 11:12:00,1426.85,1427.0,1426.85,1427.0,0.01,15.76,22826.1,1
2026-06-23,2026-06-23 11:13:00,1427.0,1427.16,1427.0,1427.16,0.01,15.76,22826.1,1
2026-06-23,2026-06-23 11:14:00,1427.16,1427.31,1427.16,1427.31,0.01,15.76,22826.1,1
2026-06-23,2026-06-23 11:15:00,1427.31,1427.47,1427.31,1427.47,0.01,15.76,22826.1,1
2026-06-23,2026-06-23 11:16:00,1427.47,1427.62,1427.47,1427.62,0.01,15.76,22826.1,1
2026-06-23,2026-06-23 11:17:00,1427.62,1427.78,1427.62,1427.78,0.01,15.76,22826.1,1
2026-06-23,2026-06-23 11:18:00,1427.78,1427.93,1427.78,1427.93,0.01,15.76,22826.1,1
2026-06-23,2026-06-23 11:19:00,1427.93,1428.08,1427.93,1428.08,0.01,15.76,22826.1,1
2026-06-23,2026-06-23 11:20:00,1428.08,1428.24,1428.08,1428.24,0.01,15.76,22826.1,1
2026-06-23,2026-06-23 11:21:00,1428.24,1428.39,1428.24,1428.39,0.01,15.76,22826.1,1
2026-06-23,2026-06-23 11:22:00,1428.39,1428.55,1428.39,1428.55,0.01,15.76,22826.1,1
2026-06-23,2026-06-23 11:23:00,1428.55,1428.7,1428.55,1428.7,0.01,15.76,22826.1,1
2026-06-23,2026-06-23 11:24:00,1428.7,1428.85,1428.7,1428.85,0.01,15.76,22826.1,1
2026-06-23,2026-06-23 11:25:00,1428.85,1429.01,1428.85,1429.01,0.01,15.76,22826.1,1
2026-06-23,2026-06-23 11:26:00,1429.01,1429.16,1429.01,1429.16,0.01,15.76,22826.1,1
2026-06-23,2026-06-23 11:27:00,1429.16,1429.32,1429.16,1429.32,0.01,15.76,22826.1,1
2026-06-23,2026-06-23 11:28:00,1429.32,1429.47,1429.32,1429.47,0.01,15.76,22826.1,1
2026-06-23,2026-06-23 11:29:00,1429.47,1429.62,1429.47,1429.62,0.01,15.76,22826.1,1
2026-06-23,2026-06-23 11:30:00,1429.62,1429.78,1429.62,1429.78,0.01,15.76,22826.1,1
2026-06-23,2026-06-23 11:31:00,1429.78,1429.93,1429.78,1429.93,0.01,15.76,22826.1,1
2026-06-23,2026-06-23 11:32:00,1429.93,1430.09,1429.93,1430.09,0.01,15.76,22826.1,1
2026-06-23,2026-06-23 11:33:00,1430.09,1430.24,1430.09,1430.24,0.01,15.76,22826.1,1
2026-06-23,2026-06-23 11:34:00,1430.24,1430.4,1430.24,1430.4,0.01,15.76,22826.1,1
2026-06-23,2026-06-23 11:35:00,1430.4,1430.55,1430.4,1430.55,0.01,15.76,22826.1,1
2026-06-23,2026-06-23 11:36:00,1430.55,1430.7,1430.55,1430.7,0.01,15.76,22826.1,1
2026-06-23,2026-06-23 11:37:00,1430.7,1430.86,1430.7,1430.86,0.01,15.76,22826.1,1
2026-06-23,2026-06-23 11:38:00,1430.86,1431.01,1430.86,1431.01,0.01,15.76,22826.1,1
2026-06-23,2026-06-23 11:39:00,1431.01,1431.17,1431.01,1431.17,0.01,15.76,22826.1,1
2026-06-23,2026-06-23 11:40:00,1431.17,1431.32,1431.17,1431.32,0.01,15.76,22826.1,1
2026-06-23,2026-06-23 11:41:00,1431.32,1431.47,1431.32,1431.47,0.01,15.76,22826.1,1
2026-06-23,2026-06-23 11:42:00,1431.47,1431.63,1431.47,1431.63,0.01,15.76,22826.1,1
2026-06-23,2026-06-23 11:43:00,1431.63,1431.78,1431.63,1431.78,0.01,15.76,22826.1,1
2026-06-23,2026-06-23 11:44:00,1431.78,1431.94,1431.78,1431.94,0.01,15.76,22826.1,1
2026-06-23,2026-06-23 11:45:00,1431.94,1432.09,1431.94,1432.09,0.01,15.76,22826.1,1
2026-06-23,2026-06-23 11:46:00,1432.09,1432.25,1432.09,1432.25,0.01,15.76,22826.1,1
2026-06-23,2026-06-23 11:47:00,1432.25,1432.4,1432.25,1432.4,0.01,15.76,22826.1,1
2026-06-23,2026-06-23 11:48:00,1432.4,1432.55,1432.4,1432.55,0.01,15.76,22826.1,1
2026-06-23,2026-06-23 11:49:00,1432.55,1432.71,1432.55,1432.71,0.01,15.76,22826.1,1
2026-06-23,2026-06-23 11:50:00,1432.71,1432.86,1432.71,1432.86,0.01,15.76,22826.1,1
2026-06-23,2026-06-23 11:51:00,1432.86,1433.02,1432.86,1433.02,0.01,15.76,22826.1,1
2026-06-23,2026-06-23 11:52:00,1433.02,1433.17,1433.02,1433.17,0.01,15.76,22826.1,1
2026-06-23,2026-06-23 11:53:00,1433.17,1433.33,1433.17,1433.33,0.01,15.76,22826.1,1
2026-06-23,2026-06-23 11:54:00,1433.33,1433.48,1433.33,1433.48,0.01,15.76,22826.1,1
2026-06-23,2026-06-23 11:55:00,1433.48,1433.63,1433.48,1433.63,0.01,15.76,22826.1,1
2026-06-23,2026-06-23 11:56:00,1433.63,1433.79,1433.63,1433.79,0.01,15.76,22826.1,1
2026-06-23,2026-06-23 11:57:00,1433.79,1433.94,1433.79,1433.94,0.01,15.76,22826.1,1
2026-06-23,2026-06-23 11:58:00,1433.94,1434.1,1433.94,1434.1,0.01,15.76,22826.1,1
2026-06-23,2026-06-23 11:59:00,1434.1,1434.25,1434.1,1434.25,0.01,15.76,22826.1,1
2026-06-23,2026-06-23 12:00:00,1434.25,1434.4,1434.25,1434.4,0.01,15.76,22826.1,1
2026-06-23,2026-06-23 12:01:00,1434.4,1434.56,1434.4,1434.56,0.01,15.76,22826.1,1
2026-06-23,2026-06-23 12:02:00,1434.56,1434.71,1434.56,1434.71,0.01,15.76,22826.1,1
2026-06-23,2026-06-23 12:03:00,1434.71,1434.87,1434.71,1434.87,0.01,15.76,22826.1,1
2026-06-23,2026-06-23 12:04:00,1434.87,1435.02,1434.87,1435.02,0.01,15.76,22826.1,1
2026-06-23,2026-06-23 12:05:00,1435.02,1435.17,1435.02,1435.17,0.01,15.76,22826.1,1
2026-06-23,2026-06-23 12:06:00,1435.17,1435.33,1435.17,1435.33,0.01,15.76,22826.1,1
2026-06-23,2026-06-23 12:07:00,1435.33,1435.48,1435.33,1435.48,0.01,15.76,22826.1,1
2026-06-23,2026-06-23 12:08:00,1435.48,1435.64,1435.48,1435.64,0.01,15.76,22826.1,1
2026-06-23,2026-06-23 12:09:00,1435.64,1435.79,1435.64,1435.79,0.01,15.76,22826.1,1
2026-06-23,2026-06-23 12:10:00,1435.79,1435.95,1435.79,1435.95,0.01,15.76,22826.1,1
2026-06-23,2026-06-23 12:11:00,1435.95,1436.1,1435.95,1436.1,0.01,15.76,22826.1,1
2026-06-23,2026-06-23 12:12:00,1436.1,1436.25,1436.1,1436.25,0.01,15.76,22826.1,1
2026-06-23,2026-06-23 12:13:00,1436.25,1436.41,1436.25,1436.41,0.01,15.76,22826.1,1
2026-06-23,2026-06-23 12:14:00,1436.41,1436.56,1436.41,1436.56,0.01,15.76,22826.1,1
2026-06-23,2026-06-23 12:15:00,1436.56,1436.72,1436.56,1436.72,0.01,15.76,22826.1,1
2026-06-23,2026-06-23 12:16:00,1436.72,1436.87,1436.72,1436.87,0.01,15.76,22826.1,1
2026-06-23,2026-06-23 12:17:00,1436.87,1437.03,1436.87,1437.03,0.01,15.76,22826.1,1
2026-06-23,2026-06-23 12:18:00,1437.03,1437.18,1437.03,1437.18,0.01,15.76,22826.1,1
2026-06-23,2026-06-23 12:19:00,1437.18,1437.33,1437.18,1437.33,0.01,15.76,22826.1,1
2026-06-23,2026-06-23 12:20:00,1437.33,1437.49,1437.33,1437.49,0.01,15.76,22826.1,1
2026-06-23,2026-06-23 12:21:00,1437.49,1437.64,1437.49,1437.64,0.01,15.76,22826.1,1
2026-06-23,2026-06-23 12:22:00,1437.64,1437.8,1437.64,1437.8,0.01,15.76,22826.1,1
2026-06-23,2026-06-23 12:23:00,1437.8,1437.95,1437.8,1437.95,0.01,15.76,22826.1,1
2026-06-23,2026-06-23 12:24:00,1437.95,1438.1,1437.95,1438.1,0.01,15.76,22826.1,1
2026-06-23,2026-06-23 12:25:00,1438.1,1438.26,1438.1,1438.26,0.01,15.76,22826.1,1
2026-06-23,2026-06-23 12:26:00,1438.26,1438.41,1438.26,1438.41,0.01,15.76,22826.1,1
2026-06-23,2026-06-23 12:27:00,1438.41,1438.57,1438.41,1438.57,0.01,15.76,22826.1,1
2026-06-23,2026-06-23 12:28:00,1438.57,1438.72,1438.57,1438.72,0.01,15.76,22826.1,1
2026-06-23,2026-06-23 12:29:00,1438.72,1438.88,1438.72,1438.88,0.01,15.76,22826.1,1
2026-06-23,2026-06-23 12:30:00,1438.88,1439.03,1438.88,1439.03,0.01,15.76,22826.1,1
2026-06-23,2026-06-23 12:31:00,1439.03,1439.18,1439.03,1439.18,0.01,15.76,22826.1,1
2026-06-23,2026-06-23 12:32:00,1439.18,1439.34,1439.18,1439.34,0.01,15.76,22826.1,1
2026-06-23,2026-06-23 12:33:00,1439.34,1439.49,1439.34,1439.49,0.01,15.76,22826.1,1
2026-06-23,2026-06-23 12:34:00,1439.49,1439.65,1439.49,1439.65,0.01,15.76,22826.1,1
2026-06-23,2026-06-23 12:35:00,1439.65,1439.8,1439.65,1439.8,0.01,15.76,22826.1,1
2026-06-23,2026-06-23 12:36:00,1439.8,1439.95,1439.8,1439.95,0.01,15.76,22826.1,1
2026-06-23,2026-06-23 12:37:00,1439.95,1440.11,1439.95,1440.11,0.01,15.76,22826.1,1
2026-06-23,2026-06-23 12:38:00,1440.11,1440.26,1440.11,1440.26,0.01,15.76,22826.1,1
2026-06-23,2026-06-23 12:39:00,1440.26,1440.42,1440.26,1440.42,0.01,15.76,22826.1,1
2026-06-23,2026-06-23 12:40:00,1440.42,1440.57,1440.42,1440.57,0.01,15.76,22826.1,1
2026-06-23,2026-06-23 12:41:00,1440.57,1440.72,1440.57,1440.72,0.01,15.76,22826.1,1
2026-06-23,2026-06-23 12:42:00,1440.72,1440.88,1440.72,1440.88,0.01,15.76,22826.1,1
2026-06-23,2026-06-23 12:43:00,1440.88,1441.03,1440.88,1441.03,0.01,15.76,22826.1,1
2026-06-23,2026-06-23 12:44:00,1441.03,1441.19,1441.03,1441.19,0.01,15.76,22826.1,1
2026-06-23,2026-06-23 12:45:00,1441.19,1441.34,1441.19,1441.34,0.01,15.76,22826.1,1
2026-06-23,2026-06-23 12:46:00,1441.34,1441.5,1441.34,1441.5,0.01,15.76,22826.1,1
2026-06-23,2026-06-23 12:47:00,1441.5,1441.65,1441.5,1441.65,0.01,15.76,22826.1,1
2026-06-23,2026-06-23 12:48:00,1441.65,1441.8,1441.65,1441.8,0.01,15.76,22826.1,1
2026-06-23,2026-06-23 12:49:00,1441.8,1441.96,1441.8,1441.96,0.01,15.76,22826.1,1
2026-06-23,2026-06-23 12:50:00,1441.96,1442.11,1441.96,1442.11,0.01,15.76,22826.1,1
2026-06-23,2026-06-23 12:51:00,1442.11,1442.27,1442.11,1442.27,0.01,15.76,22826.1,1
2026-06-23,2026-06-23 12:52:00,1442.27,1442.42,1442.27,1442.42,0.01,15.76,22826.1,1
2026-06-23,2026-06-23 12:53:00,1442.42,1442.58,1442.42,1442.58,0.01,15.76,22826.1,1
2026-06-23,2026-06-23 12:54:00,1442.58,1442.73,1442.58,1442.73,0.01,15.76,22826.1,1
2026-06-23,2026-06-23 12:55:00,1442.73,1442.88,1442.73,1442.88,0.01,15.76,22826.1,1
2026-06-23,2026-06-23 12:56:00,1442.88,1443.04,1442.88,1443.04,0.01,15.76,22826.1,1
2026-06-23,2026-06-23 12:57:00,1443.04,1443.19,1443.04,1443.19,0.01,15.76,22826.1,1
2026-06-23,2026-06-23 12:58:00,1443.19,1443.35,1443.19,1443.35,0.01,15.76,22826.1,1
2026-06-23,2026-06-23 12:59:00,1443.35,1443.5,1443.35,1443.5,0.01,15.76,22826.1,1
2026-06-23,2026-06-23 13:00:00,1443.5,1474.0,1420.0,1443.65,0.01,15.76,22826.1,1
2026-06-23,2026-06-23 13:01:00,1443.65,1443.81,1443.65,1443.81,0.01,15.76,22826.1,1
2026-06-23,2026-06-23 13:02:00,1443.81,1443.96,1443.81,1443.96,0.01,15.76,22826.1,1
2026-06-23,2026-06-23 13:03:00,1443.96,1444.12,1443.96,1444.12,0.01,15.76,22826.1,1
2026-06-23,2026-06-23 13:04:00,1444.12,1444.27,1444.12,1444.27,0.01,15.76,22826.1,1
2026-06-23,2026-06-23 13:05:00,1444.27,1444.42,1444.27,1444.42,0.01,15.76,22826.1,1
2026-06-23,2026-06-23 13:06:00,1444.42,1444.58,1444.42,1444.58,0.01,15.76,22826.1,1
2026-06-23,2026-06-23 13:07:00,1444.58,1444.73,1444.58,1444.73,0.01,15.76,22826.1,1
2026-06-23,2026-06-23 13:08:00,1444.73,1444.89,1444.73,1444.89,0.01,15.76,22826.1,1
2026-06-23,2026-06-23 13:09:00,1444.89,1445.04,1444.89,1445.04,0.01,15.76,22826.1,1
2026-06-23,2026-06-23 13:10:00,1445.04,1445.2,1445.04,1445.2,0.01,15.76,22826.1,1
2026-06-23,2026-06-23 13:11:00,1445.2,1445.35,1445.2,1445.35,0.01,15.76,22826.1,1
2026-06-23,2026-06-23 13:12:00,1445.35,1445.5,1445.35,1445.5,0.01,15.76,22826.1,1
2026-06-23,2026-06-23 13:13:00,1445.5,1445.66,1445.5,1445.66,0.01,15.76,22826.1,1
2026-06-23,2026-06-23 13:14:00,1445.66,1445.81,1445.66,1445.81,0.01,15.76,22826.1,1
2026-06-23,2026-06-23 13:15:00,1445.81,1445.97,1445.81,1445.97,0.01,15.76,22826.1,1
2026-06-23,2026-06-23 13:16:00,1445.97,1446.12,1445.97,1446.12,0.01,15.76,22826.1,1
2026-06-23,2026-06-23 13:17:00,1446.12,1446.28,1446.12,1446.28,0.01,15.76,22826.1,1
2026-06-23,2026-06-23 13:18:00,1446.28,1446.43,1446.28,1446.43,0.01,15.76,22826.1,1
2026-06-23,2026-06-23 13:19:00,1446.43,1446.58,1446.43,1446.58,0.01,15.76,22826.1,1
2026-06-23,2026-06-23 13:20:00,1446.58,1446.74,1446.58,1446.74,0.01,15.76,22826.1,1
2026-06-23,2026-06-23 13:21:00,1446.74,1446.89,1446.74,1446.89,0.01,15.76,22826.1,1
2026-06-23,2026-06-23 13:22:00,1446.89,1447.05,1446.89,1447.05,0.01,15.76,22826.1,1
2026-06-23,2026-06-23 13:23:00,1447.05,1447.2,1447.05,1447.2,0.01,15.76,22826.1,1
2026-06-23,2026-06-23 13:24:00,1447.2,1447.35,1447.2,1447.35,0.01,15.76,22826.1,1
2026-06-23,2026-06-23 13:25:00,1447.35,1447.51,1447.35,1447.51,0.01,15.76,22826.1,1
2026-06-23,2026-06-23 13:26:00,1447.51,1447.66,1447.51,1447.66,0.01,15.76,22826.1,1
2026-06-23,2026-06-23 13:27:00,1447.66,1447.82,1447.66,1447.82,0.01,15.76,22826.1,1
2026-06-23,2026-06-23 13:28:00,1447.82,1447.97,1447.82,1447.97,0.01,15.76,22826.1,1
2026-06-23,2026-06-23 13:29:00,1447.97,1448.12,1447.97,1448.12,0.01,15.76,22826.1,1
2026-06-23,2026-06-23 13:30:00,1448.12,1448.28,1448.12,1448.28,0.01,15.76,22826.1,1
2026-06-23,2026-06-23 13:31:00,1448.28,1448.43,1448.28,1448.43,0.01,15.76,22826.1,1
2026-06-23,2026-06-23 13:32:00,1448.43,1448.59,1448.43,1448.59,0.01,15.76,22826.1,1
2026-06-23,2026-06-23 13:33:00,1448.59,1448.74,1448.59,1448.74,0.01,15.76,22826.1,1
2026-06-23,2026-06-23 13:34:00,1448.74,1448.9,1448.74,1448.9,0.01,15.76,22826.1,1
2026-06-23,2026-06-23 13:35:00,1448.9,1449.05,1448.9,1449.05,0.01,15.76,22826.1,1
2026-06-23,2026-06-23 13:36:00,1449.05,1449.2,1449.05,1449.2,0.01,15.76,22826.1,1
2026-06-23,2026-06-23 13:37:00,1449.2,1449.36,1449.2,1449.36,0.01,15.76,22826.1,1
2026-06-23,2026-06-23 13:38:00,1449.36,1449.51,1449.36,1449.51,0.01,15.76,22826.1,1
2026-06-23,2026-06-23 13:39:00,1449.51,1449.67,1449.51,1449.67,0.01,15.76,22826.1,1
2026-06-23,2026-06-23 13:40:00,1449.67,1449.82,1449.67,1449.82,0.01,15.76,22826.1,1
2026-06-23,2026-06-23 13:41:00,1449.82,1449.97,1449.82,1449.97,0.01,15.76,22826.1,1
2026-06-23,2026-06-23 13:42:00,1449.97,1450.13,1449.97,1450.13,0.01,15.76,22826.1,1
2026-06-23,2026-06-23 13:43:00,1450.13,1450.28,1450.13,1450.28,0.01,15.76,22826.1,1
2026-06-23,2026-06-23 13:44:00,1450.28,1450.44,1450.28,1450.44,0.01,15.76,22826.1,1
2026-06-23,2026-06-23 13:45:00,1450.44,1450.59,1450.44,1450.59,0.01,15.76,22826.1,1
2026-06-23,2026-06-23 13:46:00,1450.59,1450.75,1450.59,1450.75,0.01,15.76,22826.1,1
2026-06-23,2026-06-23 13:47:00,1450.75,1450.9,1450.75,1450.9,0.01,15.76,22826.1,1
2026-06-23,2026-06-23 13:48:00,1450.9,1451.05,1450.9,1451.05,0.01,15.76,22826.1,1
2026-06-23,2026-06-23 13:49:00,1451.05,1451.21,1451.05,1451.21,0.01,15.76,22826.1,1
2026-06-23,2026-06-23 13:50:00,1451.21,1451.36,1451.21,1451.36,0.01,15.76,22826.1,1
2026-06-23,2026-06-23 13:51:00,1451.36,1451.52,1451.36,1451.52,0.01,15.76,22826.1,1
2026-06-23,2026-06-23 13:52:00,1451.52,1451.67,1451.52,1451.67,0.01,15.76,22826.1,1
2026-06-23,2026-06-23 13:53:00,1451.67,1451.83,1451.67,1451.83,0.01,15.76,22826.1,1
2026-06-23,2026-06-23 13:54:00,1451.83,1451.98,1451.83,1451.98,0.01,15.76,22826.1,1
2026-06-23,2026-06-23 13:55:00,1451.98,1452.13,1451.98,1452.13,0.01,15.76,22826.1,1
2026-06-23,2026-06-23 13:56:00,1452.13,1452.29,1452.13,1452.29,0.01,15.76,22826.1,1
2026-06-23,2026-06-23 13:57:00,1452.29,1452.44,1452.29,1452.44,0.01,15.76,22826.1,1
2026-06-23,2026-06-23 13:58:00,1452.44,1452.6,1452.44,1452.6,0.01,15.76,22826.1,1
2026-06-23,2026-06-23 13:59:00,1452.6,1452.75,1452.6,1452.75,0.01,15.76,22826.1,1
2026-06-23,2026-06-23 14:00:00,1452.75,1452.9,1452.75,1452.9,0.01,15.76,22826.1,1
2026-06-23,2026-06-23 14:01:00,1452.9,1453.06,1452.9,1453.06,0.01,15.76,22826.1,1
2026-06-23,2026-06-23 14:02:00,1453.06,1453.21,1453.06,1453.21,0.01,15.76,22826.1,1
2026-06-23,2026-06-23 14:03:00,1453.21,1453.37,1453.21,1453.37,0.01,15.76,22826.1,1
2026-06-23,2026-06-23 14:04:00,1453.37,1453.52,1453.37,1453.52,0.01,15.76,22826.1,1
2026-06-23,2026-06-23 14:05:00,1453.52,1453.67,1453.52,1453.67,0.01,15.76,22826.1,1
2026-06-23,2026-06-23 14:06:00,1453.67,1453.83,1453.67,1453.83,0.01,15.76,22826.1,1
2026-06-23,2026-06-23 14:07:00,1453.83,1453.98,1453.83,1453.98,0.01,15.76,22826.1,1
2026-06-23,2026-06-23 14:08:00,1453.98,1454.14,1453.98,1454.14,0.01,15.76,22826.1,1
2026-06-23,2026-06-23 14:09:00,1454.14,1454.29,1454.14,1454.29,0.01,15.76,22826.1,1
2026-06-23,2026-06-23 14:10:00,1454.29,1454.45,1454.29,1454.45,0.01,15.76,22826.1,1
2026-06-23,2026-06-23 14:11:00,1454.45,1454.6,1454.45,1454.6,0.01,15.76,22826.1,1
2026-06-23,2026-06-23 14:12:00,1454.6,1454.75,1454.6,1454.75,0.01,15.76,22826.1,1
2026-06-23,2026-06-23 14:13:00,1454.75,1454.91,1454.75,1454.91,0.01,15.76,22826.1,1
2026-06-23,2026-06-23 14:14:00,1454.91,1455.06,1454.91,1455.06,0.01,15.76,22826.1,1
2026-06-23,2026-06-23 14:15:00,1455.06,1455.22,1455.06,1455.22,0.01,15.76,22826.1,1
2026-06-23,2026-06-23 14:16:00,1455.22,1455.37,1455.22,1455.37,0.01,15.76,22826.1,1
2026-06-23,2026-06-23 14:17:00,1455.37,1455.53,1455.37,1455.53,0.01,15.76,22826.1,1
2026-06-23,2026-06-23 14:18:00,1455.53,1455.68,1455.53,1455.68,0.01,15.76,22826.1,1
2026-06-23,2026-06-23 14:19:00,1455.68,1455.83,1455.68,1455.83,0.01,15.76,22826.1,1
2026-06-23,2026-06-23 14:20:00,1455.83,1455.99,1455.83,1455.99,0.01,15.76,22826.1,1
2026-06-23,2026-06-23 14:21:00,1455.99,1456.14,1455.99,1456.14,0.01,15.76,22826.1,1
2026-06-23,2026-06-23 14:22:00,1456.14,1456.3,1456.14,1456.3,0.01,15.76,22826.1,1
2026-06-23,2026-06-23 14:23:00,1456.3,1456.45,1456.3,1456.45,0.01,15.76,22826.1,1
2026-06-23,2026-06-23 14:24:00,1456.45,1456.6,1456.45,1456.6,0.01,15.76,22826.1,1
2026-06-23,2026-06-23 14:25:00,1456.6,1456.76,1456.6,1456.76,0.01,15.76,22826.1,1
2026-06-23,2026-06-23 14:26:00,1456.76,1456.91,1456.76,1456.91,0.01,15.76,22826.1,1
2026-06-23,2026-06-23 14:27:00,1456.91,1457.07,1456.91,1457.07,0.01,15.76,22826.1,1
2026-06-23,2026-06-23 14:28:00,1457.07,1457.22,1457.07,1457.22,0.01,15.76,22826.1,1
2026-06-23,2026-06-23 14:29:00,1457.22,1457.38,1457.22,1457.38,0.01,15.76,22826.1,1
2026-06-23,2026-06-23 14:30:00,1457.38,1457.53,1457.38,1457.53,0.01,15.76,22826.1,1
2026-06-23,2026-06-23 14:31:00,1457.53,1457.68,1457.53,1457.68,0.01,15.76,22826.1,1
2026-06-23,2026-06-23 14:32:00,1457.68,1457.84,1457.68,1457.84,0.01,15.76,22826.1,1
2026-06-23,2026-06-23 14:33:00,1457.84,1457.99,1457.84,1457.99,0.01,15.76,22826.1,1
2026-06-23,2026-06-23 14:34:00,1457.99,1458.15,1457.99,1458.15,0.01,15.76,22826.1,1
2026-06-23,2026-06-23 14:35:00,1458.15,1458.3,1458.15,1458.3,0.01,15.76,22826.1,1
2026-06-23,2026-06-23 14:36:00,1458.3,1458.45,1458.3,1458.45,0.01,15.76,22826.1,1
2026-06-23,2026-06-23 14:37:00,1458.45,1458.61,1458.45,1458.61,0.01,15.76,22826.1,1
2026-06-23,2026-06-23 14:38:00,1458.61,1458.76,1458.61,1458.76,0.01,15.76,22826.1,1
2026-06-23,2026-06-23 14:39:00,1458.76,1458.92,1458.76,1458.92,0.01,15.76,22826.1,1
2026-06-23,2026-06-23 14:40:00,1458.92,1459.07,1458.92,1459.07,0.01,15.76,22826.1,1
2026-06-23,2026-06-23 14:41:00,1459.07,1459.22,1459.07,1459.22,0.01,15.76,22826.1,1
2026-06-23,2026-06-23 14:42:00,1459.22,1459.38,1459.22,1459.38,0.01,15.76,22826.1,1
2026-06-23,2026-06-23 14:43:00,1459.38,1459.53,1459.38,1459.53,0.01,15.76,22826.1,1
2026-06-23,2026-06-23 14:44:00,1459.53,1459.69,1459.53,1459.69,0.01,15.76,22826.1,1
2026-06-23,2026-06-23 14:45:00,1459.69,1459.84,1459.69,1459.84,0.01,15.76,22826.1,1
2026-06-23,2026-06-23 14:46:00,1459.84,1460.0,1459.84,1460.0,0.01,15.76,22826.1,1
2026-06-23,2026-06-23 14:47:00,1460.0,1460.15,1460.0,1460.15,0.01,15.76,22826.1,1
2026-06-23,2026-06-23 14:48:00,1460.15,1460.3,1460.15,1460.3,0.01,15.76,22826.1,1
2026-06-23,2026-06-23 14:49:00,1460.3,1460.46,1460.3,1460.46,0.01,15.76,22826.1,1
2026-06-23,2026-06-23 14:50:00,1460.46,1460.61,1460.46,1460.61,0.01,15.76,22826.1,1
2026-06-23,2026-06-23 14:51:00,1460.61,1460.77,1460.61,1460.77,0.01,15.76,22826.1,1
2026-06-23,2026-06-23 14:52:00,1460.77,1460.92,1460.77,1460.92,0.01,15.76,22826.1,1
2026-06-23,2026-06-23 14:53:00,1460.92,1461.08,1460.92,1461.08,0.01,15.76,22826.1,1
2026-06-23,2026-06-23 14:54:00,1461.08,1461.23,1461.08,1461.23,0.01,15.76,22826.1,1
2026-06-23,2026-06-23 14:55:00,1461.23,1461.38,1461.23,1461.38,0.01,15.76,22826.1,1
2026-06-23,2026-06-23 14:56:00,1461.38,1461.54,1461.38,1461.54,0.01,15.76,22826.1,1
2026-06-23,2026-06-23 14:57:00,1461.54,1461.69,1461.54,1461.69,0.01,15.76,22826.1,1
2026-06-23,2026-06-23 14:58:00,1461.69,1461.85,1461.69,1461.85,0.01,15.76,22826.1,1
2026-06-23,2026-06-23 14:59:00,1461.85,1462.0,1461.85,1462.0,0.01,15.76,22826.1,1
2026-06-23,2026-06-23 15:00:00,1462.0,1474.0,1420.0,1462.0,0.0,15.76,22826.1,0
2026-06-24,2026-06-24 11:00:00,1400.0,1462.04,1400.0,1400.86,0.06,14.2,20710.85,1
2026-06-24,2026-06-24 11:01:00,1400.86,1401.72,1400.86,1401.72,0.06,14.2,20710.85,1
2026-06-24,2026-06-24 11:02:00,1401.72,1402.59,1401.72,1402.59,0.06,14.2,20710.85,1
2026-06-24,2026-06-24 11:03:00,1402.59,1403.45,1402.59,1403.45,0.06,14.2,20710.85,1
2026-06-24,2026-06-24 11:04:00,1403.45,1404.31,1403.45,1404.31,0.06,14.2,20710.85,1
2026-06-24,2026-06-24 11:05:00,1404.31,1405.17,1404.31,1405.17,0.06,14.2,20710.85,1
2026-06-24,2026-06-24 11:06:00,1405.17,1406.03,1405.17,1406.03,0.06,14.2,20710.85,1
2026-06-24,2026-06-24 11:07:00,1406.03,1406.89,1406.03,1406.89,0.06,14.2,20710.85,1
2026-06-24,2026-06-24 11:08:00,1406.89,1407.76,1406.89,1407.76,0.06,14.2,20710.85,1
2026-06-24,2026-06-24 11:09:00,1407.76,1408.62,1407.76,1408.62,0.06,14.2,20710.85,1
2026-06-24,2026-06-24 11:10:00,1408.62,1409.48,1408.62,1409.48,0.06,14.2,20710.85,1
2026-06-24,2026-06-24 11:11:00,1409.48,1410.34,1409.48,1410.34,0.06,14.2,20710.85,1
2026-06-24,2026-06-24 11:12:00,1410.34,1411.2,1410.34,1411.2,0.06,14.2,20710.85,1
2026-06-24,2026-06-24 11:13:00,1411.2,1412.06,1411.2,1412.06,0.06,14.2,20710.85,1
2026-06-24,2026-06-24 11:14:00,1412.06,1412.92,1412.06,1412.92,0.06,14.2,20710.85,1
2026-06-24,2026-06-24 11:15:00,1412.92,1413.79,1412.92,1413.79,0.06,14.2,20710.85,1
2026-06-24,2026-06-24 11:16:00,1413.79,1414.65,1413.79,1414.65,0.06,14.2,20710.85,1
2026-06-24,2026-06-24 11:17:00,1414.65,1415.51,1414.65,1415.51,0.06,14.2,20710.85,1
2026-06-24,2026-06-24 11:18:00,1415.51,1416.37,1415.51,1416.37,0.06,14.2,20710.85,1
2026-06-24,2026-06-24 11:19:00,1416.37,1417.23,1416.37,1417.23,0.06,14.2,20710.85,1
2026-06-24,2026-06-24 11:20:00,1417.23,1418.1,1417.23,1418.1,0.06,14.2,20710.85,1
2026-06-24,2026-06-24 11:21:00,1418.1,1418.96,1418.1,1418.96,0.06,14.2,20710.85,1
2026-06-24,2026-06-24 11:22:00,1418.96,1419.82,1418.96,1419.82,0.06,14.2,20710.85,1
2026-06-24,2026-06-24 11:23:00,1419.82,1420.68,1419.82,1420.68,0.06,14.2,20710.85,1
2026-06-24,2026-06-24 11:24:00,1420.68,1421.54,1420.68,1421.54,0.06,14.2,20710.85,1
2026-06-24,2026-06-24 11:25:00,1421.54,1422.4,1421.54,1422.4,0.06,14.2,20710.85,1
2026-06-24,2026-06-24 11:26:00,1422.4,1423.27,1422.4,1423.27,0.06,14.2,20710.85,1
2026-06-24,2026-06-24 11:27:00,1423.27,1424.13,1423.27,1424.13,0.06,14.2,20710.85,1
2026-06-24,2026-06-24 11:28:00,1424.13,1424.99,1424.13,1424.99,0.06,14.2,20710.85,1
2026-06-24,2026-06-24 11:29:00,1424.99,1425.85,1424.99,1425.85,0.06,14.2,20710.85,1
2026-06-24,2026-06-24 11:30:00,1425.85,1426.71,1425.85,1426.71,0.06,14.2,20710.85,1
2026-06-24,2026-06-24 11:31:00,1426.71,1427.57,1426.71,1427.57,0.06,14.2,20710.85,1
2026-06-24,2026-06-24 11:32:00,1427.57,1428.43,1427.57,1428.43,0.06,14.2,20710.85,1
2026-06-24,2026-06-24 11:33:00,1428.43,1429.3,1428.43,1429.3,0.06,14.2,20710.85,1
2026-06-24,2026-06-24 11:34:00,1429.3,1430.16,1429.3,1430.16,0.06,14.2,20710.85,1
2026-06-24,2026-06-24 11:35:00,1430.16,1431.02,1430.16,1431.02,0.06,14.2,20710.85,1
2026-06-24,2026-06-24 11:36:00,1431.02,1431.88,1431.02,1431.88,0.06,14.2,20710.85,1
2026-06-24,2026-06-24 11:37:00,1431.88,1432.74,1431.88,1432.74,0.06,14.2,20710.85,1
2026-06-24,2026-06-24 11:38:00,1432.74,1433.61,1432.74,1433.61,0.06,14.2,20710.85,1
2026-06-24,2026-06-24 11:39:00,1433.61,1434.47,1433.61,1434.47,0.06,14.2,20710.85,1
2026-06-24,2026-06-24 11:40:00,1434.47,1435.33,1434.47,1435.33,0.06,14.2,20710.85,1
2026-06-24,2026-06-24 11:41:00,1435.33,1436.19,1435.33,1436.19,0.06,14.2,20710.85,1
2026-06-24,2026-06-24 11:42:00,1436.19,1437.05,1436.19,1437.05,0.06,14.2,20710.85,1
2026-06-24,2026-06-24 11:43:00,1437.05,1437.91,1437.05,1437.91,0.06,14.2,20710.85,1
2026-06-24,2026-06-24 11:44:00,1437.91,1438.78,1437.91,1438.78,0.06,14.2,20710.85,1
2026-06-24,2026-06-24 11:45:00,1438.78,1439.64,1438.78,1439.64,0.06,14.2,20710.85,1
2026-06-24,2026-06-24 11:46:00,1439.64,1440.5,1439.64,1440.5,0.06,14.2,20710.85,1
2026-06-24,2026-06-24 11:47:00,1440.5,1441.36,1440.5,1441.36,0.06,14.2,20710.85,1
2026-06-24,2026-06-24 11:48:00,1441.36,1442.22,1441.36,1442.22,0.06,14.2,20710.85,1
2026-06-24,2026-06-24 11:49:00,1442.22,1443.08,1442.22,1443.08,0.06,14.2,20710.85,1
2026-06-24,2026-06-24 11:50:00,1443.08,1443.94,1443.08,1443.94,0.06,14.2,20710.85,1
2026-06-24,2026-06-24 11:51:00,1443.94,1444.81,1443.94,1444.81,0.06,14.2,20710.85,1
2026-06-24,2026-06-24 11:52:00,1444.81,1445.67,1444.81,1445.67,0.06,14.2,20710.85,1
2026-06-24,2026-06-24 11:53:00,1445.67,1446.53,1445.67,1446.53,0.06,14.2,20710.85,1
2026-06-24,2026-06-24 11:54:00,1446.53,1447.39,1446.53,1447.39,0.06,14.2,20710.85,1
2026-06-24,2026-06-24 11:55:00,1447.39,1448.25,1447.39,1448.25,0.06,14.2,20710.85,1
2026-06-24,2026-06-24 11:56:00,1448.25,1449.12,1448.25,1449.12,0.06,14.2,20710.85,1
2026-06-24,2026-06-24 11:57:00,1449.12,1449.98,1449.12,1449.98,0.06,14.2,20710.85,1
2026-06-24,2026-06-24 11:58:00,1449.98,1450.84,1449.98,1450.84,0.06,14.2,20710.85,1
2026-06-24,2026-06-24 11:59:00,1450.84,1451.7,1450.84,1451.7,0.06,14.2,20710.85,1
2026-06-24,2026-06-24 12:00:00,1451.7,1452.56,1451.7,1452.56,0.06,14.2,20710.85,1
2026-06-24,2026-06-24 12:01:00,1452.56,1453.42,1452.56,1453.42,0.06,14.2,20710.85,1
2026-06-24,2026-06-24 12:02:00,1453.42,1454.29,1453.42,1454.29,0.06,14.2,20710.85,1
2026-06-24,2026-06-24 12:03:00,1454.29,1455.15,1454.29,1455.15,0.06,14.2,20710.85,1
2026-06-24,2026-06-24 12:04:00,1455.15,1456.01,1455.15,1456.01,0.06,14.2,20710.85,1
2026-06-24,2026-06-24 12:05:00,1456.01,1456.87,1456.01,1456.87,0.06,14.2,20710.85,1
2026-06-24,2026-06-24 12:06:00,1456.87,1457.73,1456.87,1457.73,0.06,14.2,20710.85,1
2026-06-24,2026-06-24 12:07:00,1457.73,1458.59,1457.73,1458.59,0.06,14.2,20710.85,1
2026-06-24,2026-06-24 12:08:00,1458.59,1459.45,1458.59,1459.45,0.06,14.2,20710.85,1
2026-06-24,2026-06-24 12:09:00,1459.45,1460.32,1459.45,1460.32,0.06,14.2,20710.85,1
2026-06-24,2026-06-24 12:10:00,1460.32,1461.18,1460.32,1461.18,0.06,14.2,20710.85,1
2026-06-24,2026-06-24 12:11:00,1461.18,1462.04,1461.18,1462.04,0.06,14.2,20710.85,1
2026-06-24,2026-06-24 12:12:00,1462.04,1462.9,1462.04,1462.9,0.06,14.2,20710.85,1
2026-06-24,2026-06-24 12:13:00,1462.9,1463.76,1462.9,1463.76,0.06,14.2,20710.85,1
2026-06-24,2026-06-24 12:14:00,1463.76,1464.62,1463.76,1464.62,0.06,14.2,20710.85,1
2026-06-24,2026-06-24 12:15:00,1464.62,1465.49,1464.62,1465.49,0.06,14.2,20710.85,1
2026-06-24,2026-06-24 12:16:00,1465.49,1466.35,1465.49,1466.35,0.06,14.2,20710.85,1
2026-06-24,2026-06-24 12:17:00,1466.35,1467.21,1466.35,1467.21,0.06,14.2,20710.85,1
2026-06-24,2026-06-24 12:18:00,1467.21,1468.07,1467.21,1468.07,0.06,14.2,20710.85,1
2026-06-24,2026-06-24 12:19:00,1468.07,1468.93,1468.07,1468.93,0.06,14.2,20710.85,1
2026-06-24,2026-06-24 12:20:00,1468.93,1469.8,1468.93,1469.8,0.06,14.2,20710.85,1
2026-06-24,2026-06-24 12:21:00,1469.8,1470.66,1469.8,1470.66,0.06,14.2,20710.85,1
2026-06-24,2026-06-24 12:22:00,1470.66,1471.52,1470.66,1471.52,0.06,14.2,20710.85,1
2026-06-24,2026-06-24 12:23:00,1471.52,1472.38,1471.52,1472.38,0.06,14.2,20710.85,1
2026-06-24,2026-06-24 12:24:00,1472.38,1473.24,1472.38,1473.24,0.06,14.2,20710.85,1
2026-06-24,2026-06-24 12:25:00,1473.24,1474.1,1473.24,1474.1,0.06,14.2,20710.85,1
2026-06-24,2026-06-24 12:26:00,1474.1,1474.96,1474.1,1474.96,0.06,14.2,20710.85,1
2026-06-24,2026-06-24 12:27:00,1474.96,1475.83,1474.96,1475.83,0.06,14.2,20710.85,1
2026-06-24,2026-06-24 12:28:00,1475.83,1476.69,1475.83,1476.69,0.06,14.2,20710.85,1
2026-06-24,2026-06-24 12:29:00,1476.69,1477.55,1476.69,1477.55,0.06,14.2,20710.85,1
2026-06-24,2026-06-24 12:30:00,1477.55,1478.41,1477.55,1478.41,0.06,14.2,20710.85,1
2026-06-24,2026-06-24 12:31:00,1478.41,1479.27,1478.41,1479.27,0.06,14.2,20710.85,1
2026-06-24,2026-06-24 12:32:00,1479.27,1480.13,1479.27,1480.13,0.06,14.2,20710.85,1
2026-06-24,2026-06-24 12:33:00,1480.13,1481.0,1480.13,1481.0,0.06,14.2,20710.85,1
2026-06-24,2026-06-24 12:34:00,1481.0,1481.86,1481.0,1481.86,0.06,14.2,20710.85,1
2026-06-24,2026-06-24 12:35:00,1481.86,1482.72,1481.86,1482.72,0.06,14.2,20710.85,1
2026-06-24,2026-06-24 12:36:00,1482.72,1483.58,1482.72,1483.58,0.06,14.2,20710.85,1
2026-06-24,2026-06-24 12:37:00,1483.58,1484.44,1483.58,1484.44,0.06,14.2,20710.85,1
2026-06-24,2026-06-24 12:38:00,1484.44,1485.31,1484.44,1485.31,0.06,14.2,20710.85,1
2026-06-24,2026-06-24 12:39:00,1485.31,1486.17,1485.31,1486.17,0.06,14.2,20710.85,1
2026-06-24,2026-06-24 12:40:00,1486.17,1487.03,1486.17,1487.03,0.06,14.2,20710.85,1
2026-06-24,2026-06-24 12:41:00,1487.03,1487.89,1487.03,1487.89,0.06,14.2,20710.85,1
2026-06-24,2026-06-24 12:42:00,1487.89,1488.75,1487.89,1488.75,0.06,14.2,20710.85,1
2026-06-24,2026-06-24 12:43:00,1488.75,1489.61,1488.75,1489.61,0.06,14.2,20710.85,1
2026-06-24,2026-06-24 12:44:00,1489.61,1490.47,1489.61,1490.47,0.06,14.2,20710.85,1
2026-06-24,2026-06-24 12:45:00,1490.47,1491.34,1490.47,1491.34,0.06,14.2,20710.85,1
2026-06-24,2026-06-24 12:46:00,1491.34,1492.2,1491.34,1492.2,0.06,14.2,20710.85,1
2026-06-24,2026-06-24 12:47:00,1492.2,1493.06,1492.2,1493.06,0.06,14.2,20710.85,1
2026-06-24,2026-06-24 12:48:00,1493.06,1493.92,1493.06,1493.92,0.06,14.2,20710.85,1
2026-06-24,2026-06-24 12:49:00,1493.92,1494.78,1493.92,1494.78,0.06,14.2,20710.85,1
2026-06-24,2026-06-24 12:50:00,1494.78,1495.64,1494.78,1495.64,0.06,14.2,20710.85,1
2026-06-24,2026-06-24 12:51:00,1495.64,1496.51,1495.64,1496.51,0.06,14.2,20710.85,1
2026-06-24,2026-06-24 12:52:00,1496.51,1497.37,1496.51,1497.37,0.06,14.2,20710.85,1
2026-06-24,2026-06-24 12:53:00,1497.37,1498.23,1497.37,1498.23,0.06,14.2,20710.85,1
2026-06-24,2026-06-24 12:54:00,1498.23,1499.09,1498.23,1499.09,0.06,14.2,20710.85,1
2026-06-24,2026-06-24 12:55:00,1499.09,1499.95,1499.09,1499.95,0.06,14.2,20710.85,1
2026-06-24,2026-06-24 12:56:00,1499.95,1500.82,1499.95,1500.82,0.06,14.2,20710.85,1
2026-06-24,2026-06-24 12:57:00,1500.82,1501.68,1500.82,1501.68,0.06,14.2,20710.85,1
2026-06-24,2026-06-24 12:58:00,1501.68,1502.54,1501.68,1502.54,0.06,14.2,20710.85,1
2026-06-24,2026-06-24 12:59:00,1502.54,1503.4,1502.54,1503.4,0.06,14.2,20710.85,1
2026-06-24,2026-06-24 13:00:00,1503.4,1606.8,1400.0,1504.26,0.06,14.2,20710.85,1
2026-06-24,2026-06-24 13:01:00,1504.26,1505.12,1504.26,1505.12,0.06,14.2,20710.85,1
2026-06-24,2026-06-24 13:02:00,1505.12,1505.98,1505.12,1505.98,0.06,14.2,20710.85,1
2026-06-24,2026-06-24 13:03:00,1505.98,1506.85,1505.98,1506.85,0.06,14.2,20710.85,1
2026-06-24,2026-06-24 13:04:00,1506.85,1507.71,1506.85,1507.71,0.06,14.2,20710.85,1
2026-06-24,2026-06-24 13:05:00,1507.71,1508.57,1507.71,1508.57,0.06,14.2,20710.85,1
2026-06-24,2026-06-24 13:06:00,1508.57,1509.43,1508.57,1509.43,0.06,14.2,20710.85,1
2026-06-24,2026-06-24 13:07:00,1509.43,1510.29,1509.43,1510.29,0.06,14.2,20710.85,1
2026-06-24,2026-06-24 13:08:00,1510.29,1511.15,1510.29,1511.15,0.06,14.2,20710.85,1
2026-06-24,2026-06-24 13:09:00,1511.15,1512.02,1511.15,1512.02,0.06,14.2,20710.85,1
2026-06-24,2026-06-24 13:10:00,1512.02,1512.88,1512.02,1512.88,0.06,14.2,20710.85,1
2026-06-24,2026-06-24 13:11:00,1512.88,1513.74,1512.88,1513.74,0.06,14.2,20710.85,1
2026-06-24,2026-06-24 13:12:00,1513.74,1514.6,1513.74,1514.6,0.06,14.2,20710.85,1
2026-06-24,2026-06-24 13:13:00,1514.6,1515.46,1514.6,1515.46,0.06,14.2,20710.85,1
2026-06-24,2026-06-24 13:14:00,1515.46,1516.33,1515.46,1516.33,0.06,14.2,20710.85,1
2026-06-24,2026-06-24 13:15:00,1516.33,1517.19,1516.33,1517.19,0.06,14.2,20710.85,1
2026-06-24,2026-06-24 13:16:00,1517.19,1518.05,1517.19,1518.05,0.06,14.2,20710.85,1
2026-06-24,2026-06-24 13:17:00,1518.05,1518.91,1518.05,1518.91,0.06,14.2,20710.85,1
2026-06-24,2026-06-24 13:18:00,1518.91,1519.77,1518.91,1519.77,0.06,14.2,20710.85,1
2026-06-24,2026-06-24 13:19:00,1519.77,1520.63,1519.77,1520.63,0.06,14.2,20710.85,1
2026-06-24,2026-06-24 13:20:00,1520.63,1521.49,1520.63,1521.49,0.06,14.2,20710.85,1
2026-06-24,2026-06-24 13:21:00,1521.49,1522.36,1521.49,1522.36,0.06,14.2,20710.85,1
2026-06-24,2026-06-24 13:22:00,1522.36,1523.22,1522.36,1523.22,0.06,14.2,20710.85,1
2026-06-24,2026-06-24 13:23:00,1523.22,1524.08,1523.22,1524.08,0.06,14.2,20710.85,1
2026-06-24,2026-06-24 13:24:00,1524.08,1524.94,1524.08,1524.94,0.06,14.2,20710.85,1
2026-06-24,2026-06-24 13:25:00,1524.94,1525.8,1524.94,1525.8,0.06,14.2,20710.85,1
2026-06-24,2026-06-24 13:26:00,1525.8,1526.66,1525.8,1526.66,0.06,14.2,20710.85,1
2026-06-24,2026-06-24 13:27:00,1526.66,1527.53,1526.66,1527.53,0.06,14.2,20710.85,1
2026-06-24,2026-06-24 13:28:00,1527.53,1528.39,1527.53,1528.39,0.06,14.2,20710.85,1
2026-06-24,2026-06-24 13:29:00,1528.39,1529.25,1528.39,1529.25,0.06,14.2,20710.85,1
2026-06-24,2026-06-24 13:30:00,1529.25,1530.11,1529.25,1530.11,0.06,14.2,20710.85,1
2026-06-24,2026-06-24 13:31:00,1530.11,1530.97,1530.11,1530.97,0.06,14.2,20710.85,1
2026-06-24,2026-06-24 13:32:00,1530.97,1531.84,1530.97,1531.84,0.06,14.2,20710.85,1
2026-06-24,2026-06-24 13:33:00,1531.84,1532.7,1531.84,1532.7,0.06,14.2,20710.85,1
2026-06-24,2026-06-24 13:34:00,1532.7,1533.56,1532.7,1533.56,0.06,14.2,20710.85,1
2026-06-24,2026-06-24 13:35:00,1533.56,1534.42,1533.56,1534.42,0.06,14.2,20710.85,1
2026-06-24,2026-06-24 13:36:00,1534.42,1535.28,1534.42,1535.28,0.06,14.2,20710.85,1
2026-06-24,2026-06-24 13:37:00,1535.28,1536.14,1535.28,1536.14,0.06,14.2,20710.85,1
2026-06-24,2026-06-24 13:38:00,1536.14,1537.0,1536.14,1537.0,0.06,14.2,20710.85,1
2026-06-24,2026-06-24 13:39:00,1537.0,1537.87,1537.0,1537.87,0.06,14.2,20710.85,1
2026-06-24,2026-06-24 13:40:00,1537.87,1538.73,1537.87,1538.73,0.06,14.2,20710.85,1
2026-06-24,2026-06-24 13:41:00,1538.73,1539.59,1538.73,1539.59,0.06,14.2,20710.85,1
2026-06-24,2026-06-24 13:42:00,1539.59,1540.45,1539.59,1540.45,0.06,14.2,20710.85,1
2026-06-24,2026-06-24 13:43:00,1540.45,1541.31,1540.45,1541.31,0.06,14.2,20710.85,1
2026-06-24,2026-06-24 13:44:00,1541.31,1542.17,1541.31,1542.17,0.06,14.2,20710.85,1
2026-06-24,2026-06-24 13:45:00,1542.17,1543.04,1542.17,1543.04,0.06,14.2,20710.85,1
2026-06-24,2026-06-24 13:46:00,1543.04,1543.9,1543.04,1543.9,0.06,14.2,20710.85,1
2026-06-24,2026-06-24 13:47:00,1543.9,1544.76,1543.9,1544.76,0.06,14.2,20710.85,1
2026-06-24,2026-06-24 13:48:00,1544.76,1545.62,1544.76,1545.62,0.06,14.2,20710.85,1
2026-06-24,2026-06-24 13:49:00,1545.62,1546.48,1545.62,1546.48,0.06,14.2,20710.85,1
2026-06-24,2026-06-24 13:50:00,1546.48,1547.35,1546.48,1547.35,0.06,14.2,20710.85,1
2026-06-24,2026-06-24 13:51:00,1547.35,1548.21,1547.35,1548.21,0.06,14.2,20710.85,1
2026-06-24,2026-06-24 13:52:00,1548.21,1549.07,1548.21,1549.07,0.06,14.2,20710.85,1
2026-06-24,2026-06-24 13:53:00,1549.07,1549.93,1549.07,1549.93,0.06,14.2,20710.85,1
2026-06-24,2026-06-24 13:54:00,1549.93,1550.79,1549.93,1550.79,0.06,14.2,20710.85,1
2026-06-24,2026-06-24 13:55:00,1550.79,1551.65,1550.79,1551.65,0.06,14.2,20710.85,1
2026-06-24,2026-06-24 13:56:00,1551.65,1552.51,1551.65,1552.51,0.06,14.2,20710.85,1
2026-06-24,2026-06-24 13:57:00,1552.51,1553.38,1552.51,1553.38,0.06,14.2,20710.85,1
2026-06-24,2026-06-24 13:58:00,1553.38,1554.24,1553.38,1554.24,0.06,14.2,20710.85,1
2026-06-24,2026-06-24 13:59:00,1554.24,1555.1,1554.24,1555.1,0.06,14.2,20710.85,1
2026-06-24,2026-06-24 14:00:00,1555.1,1555.96,1555.1,1555.96,0.06,14.2,20710.85,1
2026-06-24,2026-06-24 14:01:00,1555.96,1556.82,1555.96,1556.82,0.06,14.2,20710.85,1
2026-06-24,2026-06-24 14:02:00,1556.82,1557.68,1556.82,1557.68,0.06,14.2,20710.85,1
2026-06-24,2026-06-24 14:03:00,1557.68,1558.55,1557.68,1558.55,0.06,14.2,20710.85,1
2026-06-24,2026-06-24 14:04:00,1558.55,1559.41,1558.55,1559.41,0.06,14.2,20710.85,1
2026-06-24,2026-06-24 14:05:00,1559.41,1560.27,1559.41,1560.27,0.06,14.2,20710.85,1
2026-06-24,2026-06-24 14:06:00,1560.27,1561.13,1560.27,1561.13,0.06,14.2,20710.85,1
2026-06-24,2026-06-24 14:07:00,1561.13,1561.99,1561.13,1561.99,0.06,14.2,20710.85,1
2026-06-24,2026-06-24 14:08:00,1561.99,1562.86,1561.99,1562.86,0.06,14.2,20710.85,1
2026-06-24,2026-06-24 14:09:00,1562.86,1563.72,1562.86,1563.72,0.06,14.2,20710.85,1
2026-06-24,2026-06-24 14:10:00,1563.72,1564.58,1563.72,1564.58,0.05,14.2,20710.85,1
2026-06-24,2026-06-24 14:11:00,1564.58,1565.44,1564.58,1565.44,0.05,14.2,20710.85,1
2026-06-24,2026-06-24 14:12:00,1565.44,1566.3,1565.44,1566.3,0.05,14.2,20710.85,1
2026-06-24,2026-06-24 14:13:00,1566.3,1567.16,1566.3,1567.16,0.05,14.2,20710.85,1
2026-06-24,2026-06-24 14:14:00,1567.16,1568.03,1567.16,1568.03,0.06,14.2,20710.85,1
2026-06-24,2026-06-24 14:15:00,1568.03,1568.89,1568.03,1568.89,0.05,14.2,20710.85,1
2026-06-24,2026-06-24 14:16:00,1568.89,1569.75,1568.89,1569.75,0.05,14.2,20710.85,1
2026-06-24,2026-06-24 14:17:00,1569.75,1570.61,1569.75,1570.61,0.05,14.2,20710.85,1
2026-06-24,2026-06-24 14:18:00,1570.61,1571.47,1570.61,1571.47,0.05,14.2,20710.85,1
2026-06-24,2026-06-24 14:19:00,1571.47,1572.33,1571.47,1572.33,0.05,14.2,20710.85,1
2026-06-24,2026-06-24 14:20:00,1572.33,1573.19,1572.33,1573.19,0.05,14.2,20710.85,1
2026-06-24,2026-06-24 14:21:00,1573.19,1574.06,1573.19,1574.06,0.06,14.2,20710.85,1
2026-06-24,2026-06-24 14:22:00,1574.06,1574.92,1574.06,1574.92,0.05,14.2,20710.85,1
2026-06-24,2026-06-24 14:23:00,1574.92,1575.78,1574.92,1575.78,0.05,14.2,20710.85,1
2026-06-24,2026-06-24 14:24:00,1575.78,1576.64,1575.78,1576.64,0.05,14.2,20710.85,1
2026-06-24,2026-06-24 14:25:00,1576.64,1577.5,1576.64,1577.5,0.05,14.2,20710.85,1
2026-06-24,2026-06-24 14:26:00,1577.5,1578.37,1577.5,1578.37,0.06,14.2,20710.85,1
2026-06-24,2026-06-24 14:27:00,1578.37,1579.23,1578.37,1579.23,0.05,14.2,20710.85,1
2026-06-24,2026-06-24 14:28:00,1579.23,1580.09,1579.23,1580.09,0.05,14.2,20710.85,1
2026-06-24,2026-06-24 14:29:00,1580.09,1580.95,1580.09,1580.95,0.05,14.2,20710.85,1
2026-06-24,2026-06-24 14:30:00,1580.95,1581.81,1580.95,1581.81,0.05,14.2,20710.85,1
2026-06-24,2026-06-24 14:31:00,1581.81,1582.67,1581.81,1582.67,0.05,14.2,20710.85,1
2026-06-24,2026-06-24 14:32:00,1582.67,1583.53,1582.67,1583.53,0.05,14.2,20710.85,1
2026-06-24,2026-06-24 14:33:00,1583.53,1584.4,1583.53,1584.4,0.05,14.2,20710.85,1
2026-06-24,2026-06-24 14:34:00,1584.4,1585.26,1584.4,1585.26,0.05,14.2,20710.85,1
2026-06-24,2026-06-24 14:35:00,1585.26,1586.12,1585.26,1586.12,0.05,14.2,20710.85,1
2026-06-24,2026-06-24 14:36:00,1586.12,1586.98,1586.12,1586.98,0.05,14.2,20710.85,1
2026-06-24,2026-06-24 14:37:00,1586.98,1587.84,1586.98,1587.84,0.05,14.2,20710.85,1
2026-06-24,2026-06-24 14:38:00,1587.84,1588.7,1587.84,1588.7,0.05,14.2,20710.85,1
2026-06-24,2026-06-24 14:39:00,1588.7,1589.57,1588.7,1589.57,0.05,14.2,20710.85,1
2026-06-24,2026-06-24 14:40:00,1589.57,1590.43,1589.57,1590.43,0.05,14.2,20710.85,1
2026-06-24,2026-06-24 14:41:00,1590.43,1591.29,1590.43,1591.29,0.05,14.2,20710.85,1
2026-06-24,2026-06-24 14:42:00,1591.29,1592.15,1591.29,1592.15,0.05,14.2,20710.85,1
2026-06-24,2026-06-24 14:43:00,1592.15,1593.01,1592.15,1593.01,0.05,14.2,20710.85,1
2026-06-24,2026-06-24 14:44:00,1593.01,1593.88,1593.01,1593.88,0.05,14.2,20710.85,1
2026-06-24,2026-06-24 14:45:00,1593.88,1594.74,1593.88,1594.74,0.05,14.2,20710.85,1
2026-06-24,2026-06-24 14:46:00,1594.74,1595.6,1594.74,1595.6,0.05,14.2,20710.85,1
2026-06-24,2026-06-24 14:47:00,1595.6,1596.46,1595.6,1596.46,0.05,14.2,20710.85,1
2026-06-24,2026-06-24 14:48:00,1596.46,1597.32,1596.46,1597.32,0.05,14.2,20710.85,1
2026-06-24,2026-06-24 14:49:00,1597.32,1598.18,1597.32,1598.18,0.05,14.2,20710.85,1
2026-06-24,2026-06-24 14:50:00,1598.18,1599.05,1598.18,1599.05,0.05,14.2,20710.85,1
2026-06-24,2026-06-24 14:51:00,1599.05,1599.91,1599.05,1599.91,0.05,14.2,20710.85,1
2026-06-24,2026-06-24 14:52:00,1599.91,1600.77,1599.91,1600.77,0.05,14.2,20710.85,1
2026-06-24,2026-06-24 14:53:00,1600.77,1601.63,1600.77,1601.63,0.05,14.2,20710.85,1
2026-06-24,2026-06-24 14:54:00,1601.63,1602.49,1601.63,1602.49,0.05,14.2,20710.85,1
2026-06-24,2026-06-24 14:55:00,1602.49,1603.35,1602.49,1603.35,0.05,14.2,20710.85,1
2026-06-24,2026-06-24 14:56:00,1603.35,1604.21,1603.35,1604.21,0.05,14.2,20710.85,1
2026-06-24,2026-06-24 14:57:00,1604.21,1605.08,1604.21,1605.08,0.05,14.2,20710.85,1
2026-06-24,2026-06-24 14:58:00,1605.08,1605.94,1605.08,1605.94,0.05,14.2,20710.85,1
2026-06-24,2026-06-24 14:59:00,1605.94,1606.8,1605.94,1606.8,0.05,14.2,20710.85,1
2026-06-24,2026-06-24 15:00:00,1606.8,1606.8,1400.0,1606.8,0.0,14.2,20710.85,0
2026-06-25,2026-06-25 11:00:00,1687.1,1687.1,1602.68,1686.16,-0.06,7.63,11008.98,-1
2026-06-25,2026-06-25 11:01:00,1686.16,1686.16,1685.23,1685.23,-0.06,7.63,11008.98,-1
2026-06-25,2026-06-25 11:02:00,1685.23,1685.23,1684.29,1684.29,-0.06,7.63,11008.98,-1
2026-06-25,2026-06-25 11:03:00,1684.29,1684.29,1683.36,1683.36,-0.06,7.63,11008.98,-1
2026-06-25,2026-06-25 11:04:00,1683.36,1683.36,1682.42,1682.42,-0.06,7.63,11008.98,-1
2026-06-25,2026-06-25 11:05:00,1682.42,1682.42,1681.49,1681.49,-0.06,7.63,11008.98,-1
2026-06-25,2026-06-25 11:06:00,1681.49,1681.49,1680.55,1680.55,-0.06,7.63,11008.98,-1
2026-06-25,2026-06-25 11:07:00,1680.55,1680.55,1679.62,1679.62,-0.06,7.63,11008.98,-1
2026-06-25,2026-06-25 11:08:00,1679.62,1679.62,1678.68,1678.68,-0.06,7.63,11008.98,-1
2026-06-25,2026-06-25 11:09:00,1678.68,1678.68,1677.75,1677.75,-0.06,7.63,11008.98,-1
2026-06-25,2026-06-25 11:10:00,1677.75,1677.75,1676.81,1676.81,-0.06,7.63,11008.98,-1
2026-06-25,2026-06-25 11:11:00,1676.81,1676.81,1675.88,1675.88,-0.06,7.63,11008.98,-1
2026-06-25,2026-06-25 11:12:00,1675.88,1675.88,1674.94,1674.94,-0.06,7.63,11008.98,-1
2026-06-25,2026-06-25 11:13:00,1674.94,1674.94,1674.0,1674.0,-0.06,7.63,11008.98,-1
2026-06-25,2026-06-25 11:14:00,1674.0,1674.0,1673.07,1673.07,-0.06,7.63,11008.98,-1
2026-06-25,2026-06-25 11:15:00,1673.07,1673.07,1672.13,1672.13,-0.06,7.63,11008.98,-1
2026-06-25,2026-06-25 11:16:00,1672.13,1672.13,1671.2,1671.2,-0.06,7.63,11008.98,-1
2026-06-25,2026-06-25 11:17:00,1671.2,1671.2,1670.26,1670.26,-0.06,7.63,11008.98,-1
2026-06-25,2026-06-25 11:18:00,1670.26,1670.26,1669.33,1669.33,-0.06,7.63,11008.98,-1
2026-06-25,2026-06-25 11:19:00,1669.33,1669.33,1668.39,1668.39,-0.06,7.63,11008.98,-1
2026-06-25,2026-06-25 11:20:00,1668.39,1668.39,1667.46,1667.46,-0.06,7.63,11008.98,-1
2026-06-25,2026-06-25 11:21:00,1667.46,1667.46,1666.52,1666.52,-0.06,7.63,11008.98,-1
2026-06-25,2026-06-25 11:22:00,1666.52,1666.52,1665.59,1665.59,-0.06,7.63,11008.98,-1
2026-06-25,2026-06-25 11:23:00,1665.59,1665.59,1664.65,1664.65,-0.06,7.63,11008.98,-1
2026-06-25,2026-06-25 11:24:00,1664.65,1664.65,1663.71,1663.71,-0.06,7.63,11008.98,-1
2026-06-25,2026-06-25 11:25:00,1663.71,1663.71,1662.78,1662.78,-0.06,7.63,11008.98,-1
2026-06-25,2026-06-25 11:26:00,1662.78,1662.78,1661.84,1661.84,-0.06,7.63,11008.98,-1
2026-06-25,2026-06-25 11:27:00,1661.84,1661.84,1660.91,1660.91,-0.06,7.63,11008.98,-1
2026-06-25,2026-06-25 11:28:00,1660.91,1660.91,1659.97,1659.97,-0.06,7.63,11008.98,-1
2026-06-25,2026-06-25 11:29:00,1659.97,1659.97,1659.04,1659.04,-0.06,7.63,11008.98,-1
2026-06-25,2026-06-25 11:30:00,1659.04,1659.04,1658.1,1658.1,-0.06,7.63,11008.98,-1
2026-06-25,2026-06-25 11:31:00,1658.1,1658.1,1657.17,1657.17,-0.06,7.63,11008.98,-1
2026-06-25,2026-06-25 11:32:00,1657.17,1657.17,1656.23,1656.23,-0.06,7.63,11008.98,-1
2026-06-25,2026-06-25 11:33:00,1656.23,1656.23,1655.3,1655.3,-0.06,7.63,11008.98,-1
2026-06-25,2026-06-25 11:34:00,1655.3,1655.3,1654.36,1654.36,-0.06,7.63,11008.98,-1
2026-06-25,2026-06-25 11:35:00,1654.36,1654.36,1653.42,1653.42,-0.06,7.63,11008.98,-1
2026-06-25,2026-06-25 11:36:00,1653.42,1653.42,1652.49,1652.49,-0.06,7.63,11008.98,-1
2026-06-25,2026-06-25 11:37:00,1652.49,1652.49,1651.55,1651.55,-0.06,7.63,11008.98,-1
2026-06-25,2026-06-25 11:38:00,1651.55,1651.55,1650.62,1650.62,-0.06,7.63,11008.98,-1
2026-06-25,2026-06-25 11:39:00,1650.62,1650.62,1649.68,1649.68,-0.06,7.63,11008.98,-1
2026-06-25,2026-06-25 11:40:00,1649.68,1649.68,1648.75,1648.75,-0.06,7.63,11008.98,-1
2026-06-25,2026-06-25 11:41:00,1648.75,1648.75,1647.81,1647.81,-0.06,7.63,11008.98,-1
2026-06-25,2026-06-25 11:42:00,1647.81,1647.81,1646.88,1646.88,-0.06,7.63,11008.98,-1
2026-06-25,2026-06-25 11:43:00,1646.88,1646.88,1645.94,1645.94,-0.06,7.63,11008.98,-1
2026-06-25,2026-06-25 11:44:00,1645.94,1645.94,1645.01,1645.01,-0.06,7.63,11008.98,-1
2026-06-25,2026-06-25 11:45:00,1645.01,1645.01,1644.07,1644.07,-0.06,7.63,11008.98,-1
2026-06-25,2026-06-25 11:46:00,1644.07,1644.07,1643.14,1643.14,-0.06,7.63,11008.98,-1
2026-06-25,2026-06-25 11:47:00,1643.14,1643.14,1642.2,1642.2,-0.06,7.63,11008.98,-1
2026-06-25,2026-06-25 11:48:00,1642.2,1642.2,1641.26,1641.26,-0.06,7.63,11008.98,-1
2026-06-25,2026-06-25 11:49:00,1641.26,1641.26,1640.33,1640.33,-0.06,7.63,11008.98,-1
2026-06-25,2026-06-25 11:50:00,1640.33,1640.33,1639.39,1639.39,-0.06,7.63,11008.98,-1
2026-06-25,2026-06-25 11:51:00,1639.39,1639.39,1638.46,1638.46,-0.06,7.63,11008.98,-1
2026-06-25,2026-06-25 11:52:00,1638.46,1638.46,1637.52,1637.52,-0.06,7.63,11008.98,-1
2026-06-25,2026-06-25 11:53:00,1637.52,1637.52,1636.59,1636.59,-0.06,7.63,11008.98,-1
2026-06-25,2026-06-25 11:54:00,1636.59,1636.59,1635.65,1635.65,-0.06,7.63,11008.98,-1
2026-06-25,2026-06-25 11:55:00,1635.65,1635.65,1634.72,1634.72,-0.06,7.63,11008.98,-1
2026-06-25,2026-06-25 11:56:00,1634.72,1634.72,1633.78,1633.78,-0.06,7.63,11008.98,-1
2026-06-25,2026-06-25 11:57:00,1633.78,1633.78,1632.85,1632.85,-0.06,7.63,11008.98,-1
2026-06-25,2026-06-25 11:58:00,1632.85,1632.85,1631.91,1631.91,-0.06,7.63,11008.98,-1
2026-06-25,2026-06-25 11:59:00,1631.91,1631.91,1630.97,1630.97,-0.06,7.63,11008.98,-1
2026-06-25,2026-06-25 12:00:00,1630.97,1630.97,1630.04,1630.04,-0.06,7.63,11008.98,-1
2026-06-25,2026-06-25 12:01:00,1630.04,1630.04,1629.1,1629.1,-0.06,7.63,11008.98,-1
2026-06-25,2026-06-25 12:02:00,1629.1,1629.1,1628.17,1628.17,-0.06,7.63,11008.98,-1
2026-06-25,2026-06-25 12:03:00,1628.17,1628.17,1627.23,1627.23,-0.06,7.63,11008.98,-1
2026-06-25,2026-06-25 12:04:00,1627.23,1627.23,1626.3,1626.3,-0.06,7.63,11008.98,-1
2026-06-25,2026-06-25 12:05:00,1626.3,1626.3,1625.36,1625.36,-0.06,7.63,11008.98,-1
2026-06-25,2026-06-25 12:06:00,1625.36,1625.36,1624.43,1624.43,-0.06,7.63,11008.98,-1
2026-06-25,2026-06-25 12:07:00,1624.43,1624.43,1623.49,1623.49,-0.06,7.63,11008.98,-1
2026-06-25,2026-06-25 12:08:00,1623.49,1623.49,1622.56,1622.56,-0.06,7.63,11008.98,-1
2026-06-25,2026-06-25 12:09:00,1622.56,1622.56,1621.62,1621.62,-0.06,7.63,11008.98,-1
2026-06-25,2026-06-25 12:10:00,1621.62,1621.62,1620.69,1620.69,-0.06,7.63,11008.98,-1
2026-06-25,2026-06-25 12:11:00,1620.69,1620.69,1619.75,1619.75,-0.06,7.63,11008.98,-1
2026-06-25,2026-06-25 12:12:00,1619.75,1619.75,1618.81,1618.81,-0.06,7.63,11008.98,-1
2026-06-25,2026-06-25 12:13:00,1618.81,1618.81,1617.88,1617.88,-0.06,7.63,11008.98,-1
2026-06-25,2026-06-25 12:14:00,1617.88,1617.88,1616.94,1616.94,-0.06,7.63,11008.98,-1
2026-06-25,2026-06-25 12:15:00,1616.94,1616.94,1616.01,1616.01,-0.06,7.63,11008.98,-1
2026-06-25,2026-06-25 12:16:00,1616.01,1616.01,1615.07,1615.07,-0.06,7.63,11008.98,-1
2026-06-25,2026-06-25 12:17:00,1615.07,1615.07,1614.14,1614.14,-0.06,7.63,11008.98,-1
2026-06-25,2026-06-25 12:18:00,1614.14,1614.14,1613.2,1613.2,-0.06,7.63,11008.98,-1
2026-06-25,2026-06-25 12:19:00,1613.2,1613.2,1612.27,1612.27,-0.06,7.63,11008.98,-1
2026-06-25,2026-06-25 12:20:00,1612.27,1612.27,1611.33,1611.33,-0.06,7.63,11008.98,-1
2026-06-25,2026-06-25 12:21:00,1611.33,1611.33,1610.4,1610.4,-0.06,7.63,11008.98,-1
2026-06-25,2026-06-25 12:22:00,1610.4,1610.4,1609.46,1609.46,-0.06,7.63,11008.98,-1
2026-06-25,2026-06-25 12:23:00,1609.46,1609.46,1608.52,1608.52,-0.06,7.63,11008.98,-1
2026-06-25,2026-06-25 12:24:00,1608.52,1608.52,1607.59,1607.59,-0.06,7.63,11008.98,-1
2026-06-25,2026-06-25 12:25:00,1607.59,1607.59,1606.65,1606.65,-0.06,7.63,11008.98,-1
2026-06-25,2026-06-25 12:26:00,1606.65,1606.65,1605.72,1605.72,-0.06,7.63,11008.98,-1
2026-06-25,2026-06-25 12:27:00,1605.72,1605.72,1604.78,1604.78,-0.06,7.63,11008.98,-1
2026-06-25,2026-06-25 12:28:00,1604.78,1604.78,1603.85,1603.85,-0.06,7.63,11008.98,-1
2026-06-25,2026-06-25 12:29:00,1603.85,1603.85,1602.91,1602.91,-0.06,7.63,11008.98,-1
2026-06-25,2026-06-25 12:30:00,1602.91,1602.91,1601.98,1601.98,-0.06,7.63,11008.98,-1
2026-06-25,2026-06-25 12:31:00,1601.98,1601.98,1601.04,1601.04,-0.06,7.63,11008.98,-1
2026-06-25,2026-06-25 12:32:00,1601.04,1601.04,1600.11,1600.11,-0.06,7.63,11008.98,-1
2026-06-25,2026-06-25 12:33:00,1600.11,1600.11,1599.17,1599.17,-0.06,7.63,11008.98,-1
2026-06-25,2026-06-25 12:34:00,1599.17,1599.17,1598.24,1598.24,-0.06,7.63,11008.98,-1
2026-06-25,2026-06-25 12:35:00,1598.24,1598.24,1597.3,1597.3,-0.06,7.63,11008.98,-1
2026-06-25,2026-06-25 12:36:00,1597.3,1597.3,1596.36,1596.36,-0.06,7.63,11008.98,-1
2026-06-25,2026-06-25 12:37:00,1596.36,1596.36,1595.43,1595.43,-0.06,7.63,11008.98,-1
2026-06-25,2026-06-25 12:38:00,1595.43,1595.43,1594.49,1594.49,-0.06,7.63,11008.98,-1
2026-06-25,2026-06-25 12:39:00,1594.49,1594.49,1593.56,1593.56,-0.06,7.63,11008.98,-1
2026-06-25,2026-06-25 12:40:00,1593.56,1593.56,1592.62,1592.62,-0.06,7.63,11008.98,-1
2026-06-25,2026-06-25 12:41:00,1592.62,1592.62,1591.69,1591.69,-0.06,7.63,11008.98,-1
2026-06-25,2026-06-25 12:42:00,1591.69,1591.69,1590.75,1590.75,-0.06,7.63,11008.98,-1
2026-06-25,2026-06-25 12:43:00,1590.75,1590.75,1589.82,1589.82,-0.06,7.63,11008.98,-1
2026-06-25,2026-06-25 12:44:00,1589.82,1589.82,1588.88,1588.88,-0.06,7.63,11008.98,-1
2026-06-25,2026-06-25 12:45:00,1588.88,1588.88,1587.95,1587.95,-0.06,7.63,11008.98,-1
2026-06-25,2026-06-25 12:46:00,1587.95,1587.95,1587.01,1587.01,-0.06,7.63,11008.98,-1
2026-06-25,2026-06-25 12:47:00,1587.01,1587.01,1586.07,1586.07,-0.06,7.63,11008.98,-1
2026-06-25,2026-06-25 12:48:00,1586.07,1586.07,1585.14,1585.14,-0.06,7.63,11008.98,-1
2026-06-25,2026-06-25 12:49:00,1585.14,1585.14,1584.2,1584.2,-0.06,7.63,11008.98,-1
2026-06-25,2026-06-25 12:50:00,1584.2,1584.2,1583.27,1583.27,-0.06,7.63,11008.98,-1
2026-06-25,2026-06-25 12:51:00,1583.27,1583.27,1582.33,1582.33,-0.06,7.63,11008.98,-1
2026-06-25,2026-06-25 12:52:00,1582.33,1582.33,1581.4,1581.4,-0.06,7.63,11008.98,-1
2026-06-25,2026-06-25 12:53:00,1581.4,1581.4,1580.46,1580.46,-0.06,7.63,11008.98,-1
2026-06-25,2026-06-25 12:54:00,1580.46,1580.46,1579.53,1579.53,-0.06,7.63,11008.98,-1
2026-06-25,2026-06-25 12:55:00,1579.53,1579.53,1578.59,1578.59,-0.06,7.63,11008.98,-1
2026-06-25,2026-06-25 12:56:00,1578.59,1578.59,1577.66,1577.66,-0.06,7.63,11008.98,-1
2026-06-25,2026-06-25 12:57:00,1577.66,1577.66,1576.72,1576.72,-0.06,7.63,11008.98,-1
2026-06-25,2026-06-25 12:58:00,1576.72,1576.72,1575.79,1575.79,-0.06,7.63,11008.98,-1
2026-06-25,2026-06-25 12:59:00,1575.79,1575.79,1574.85,1574.85,-0.06,7.63,11008.98,-1
2026-06-25,2026-06-25 13:00:00,1574.85,1687.1,1405.7,1573.91,-0.06,7.63,11008.98,-1
2026-06-25,2026-06-25 13:01:00,1573.91,1573.91,1572.98,1572.98,-0.06,7.63,11008.98,-1
2026-06-25,2026-06-25 13:02:00,1572.98,1572.98,1572.04,1572.04,-0.06,7.63,11008.98,-1
2026-06-25,2026-06-25 13:03:00,1572.04,1572.04,1571.11,1571.11,-0.06,7.63,11008.98,-1
2026-06-25,2026-06-25 13:04:00,1571.11,1571.11,1570.17,1570.17,-0.06,7.63,11008.98,-1
2026-06-25,2026-06-25 13:05:00,1570.17,1570.17,1569.24,1569.24,-0.06,7.63,11008.98,-1
2026-06-25,2026-06-25 13:06:00,1569.24,1569.24,1568.3,1568.3,-0.06,7.63,11008.98,-1
2026-06-25,2026-06-25 13:07:00,1568.3,1568.3,1567.37,1567.37,-0.06,7.63,11008.98,-1
2026-06-25,2026-06-25 13:08:00,1567.37,1567.37,1566.43,1566.43,-0.06,7.63,11008.98,-1
2026-06-25,2026-06-25 13:09:00,1566.43,1566.43,1565.5,1565.5,-0.06,7.63,11008.98,-1
2026-06-25,2026-06-25 13:10:00,1565.5,1565.5,1564.56,1564.56,-0.06,7.63,11008.98,-1
2026-06-25,2026-06-25 13:11:00,1564.56,1564.56,1563.62,1563.62,-0.06,7.63,11008.98,-1
2026-06-25,2026-06-25 13:12:00,1563.62,1563.62,1562.69,1562.69,-0.06,7.63,11008.98,-1
2026-06-25,2026-06-25 13:13:00,1562.69,1562.69,1561.75,1561.75,-0.06,7.63,11008.98,-1
2026-06-25,2026-06-25 13:14:00,1561.75,1561.75,1560.82,1560.82,-0.06,7.63,11008.98,-1
2026-06-25,2026-06-25 13:15:00,1560.82,1560.82,1559.88,1559.88,-0.06,7.63,11008.98,-1
2026-06-25,2026-06-25 13:16:00,1559.88,1559.88,1558.95,1558.95,-0.06,7.63,11008.98,-1
2026-06-25,2026-06-25 13:17:00,1558.95,1558.95,1558.01,1558.01,-0.06,7.63,11008.98,-1
2026-06-25,2026-06-25 13:18:00,1558.01,1558.01,1557.08,1557.08,-0.06,7.63,11008.98,-1
2026-06-25,2026-06-25 13:19:00,1557.08,1557.08,1556.14,1556.14,-0.06,7.63,11008.98,-1
2026-06-25,2026-06-25 13:20:00,1556.14,1556.14,1555.21,1555.21,-0.06,7.63,11008.98,-1
2026-06-25,2026-06-25 13:21:00,1555.21,1555.21,1554.27,1554.27,-0.06,7.63,11008.98,-1
2026-06-25,2026-06-25 13:22:00,1554.27,1554.27,1553.34,1553.34,-0.06,7.63,11008.98,-1
2026-06-25,2026-06-25 13:23:00,1553.34,1553.34,1552.4,1552.4,-0.06,7.63,11008.98,-1
2026-06-25,2026-06-25 13:24:00,1552.4,1552.4,1551.46,1551.46,-0.06,7.63,11008.98,-1
2026-06-25,2026-06-25 13:25:00,1551.46,1551.46,1550.53,1550.53,-0.06,7.63,11008.98,-1
2026-06-25,2026-06-25 13:26:00,1550.53,1550.53,1549.59,1549.59,-0.06,7.63,11008.98,-1
2026-06-25,2026-06-25 13:27:00,1549.59,1549.59,1548.66,1548.66,-0.06,7.63,11008.98,-1
2026-06-25,2026-06-25 13:28:00,1548.66,1548.66,1547.72,1547.72,-0.06,7.63,11008.98,-1
2026-06-25,2026-06-25 13:29:00,1547.72,1547.72,1546.79,1546.79,-0.06,7.63,11008.98,-1
2026-06-25,2026-06-25 13:30:00,1546.79,1546.79,1545.85,1545.85,-0.06,7.63,11008.98,-1
2026-06-25,2026-06-25 13:31:00,1545.85,1545.85,1544.92,1544.92,-0.06,7.63,11008.98,-1
2026-06-25,2026-06-25 13:32:00,1544.92,1544.92,1543.98,1543.98,-0.06,7.63,11008.98,-1
2026-06-25,2026-06-25 13:33:00,1543.98,1543.98,1543.05,1543.05,-0.06,7.63,11008.98,-1
2026-06-25,2026-06-25 13:34:00,1543.05,1543.05,1542.11,1542.11,-0.06,7.63,11008.98,-1
2026-06-25,2026-06-25 13:35:00,1542.11,1542.11,1541.17,1541.17,-0.06,7.63,11008.98,-1
2026-06-25,2026-06-25 13:36:00,1541.17,1541.17,1540.24,1540.24,-0.06,7.63,11008.98,-1
2026-06-25,2026-06-25 13:37:00,1540.24,1540.24,1539.3,1539.3,-0.06,7.63,11008.98,-1
2026-06-25,2026-06-25 13:38:00,1539.3,1539.3,1538.37,1538.37,-0.06,7.63,11008.98,-1
2026-06-25,2026-06-25 13:39:00,1538.37,1538.37,1537.43,1537.43,-0.06,7.63,11008.98,-1
2026-06-25,2026-06-25 13:40:00,1537.43,1537.43,1536.5,1536.5,-0.06,7.63,11008.98,-1
2026-06-25,2026-06-25 13:41:00,1536.5,1536.5,1535.56,1535.56,-0.06,7.63,11008.98,-1
2026-06-25,2026-06-25 13:42:00,1535.56,1535.56,1534.63,1534.63,-0.06,7.63,11008.98,-1
2026-06-25,2026-06-25 13:43:00,1534.63,1534.63,1533.69,1533.69,-0.06,7.63,11008.98,-1
2026-06-25,2026-06-25 13:44:00,1533.69,1533.69,1532.76,1532.76,-0.06,7.63,11008.98,-1
2026-06-25,2026-06-25 13:45:00,1532.76,1532.76,1531.82,1531.82,-0.06,7.63,11008.98,-1
2026-06-25,2026-06-25 13:46:00,1531.82,1531.82,1530.89,1530.89,-0.06,7.63,11008.98,-1
2026-06-25,2026-06-25 13:47:00,1530.89,1530.89,1529.95,1529.95,-0.06,7.63,11008.98,-1
2026-06-25,2026-06-25 13:48:00,1529.95,1529.95,1529.01,1529.01,-0.06,7.63,11008.98,-1
2026-06-25,2026-06-25 13:49:00,1529.01,1529.01,1528.08,1528.08,-0.06,7.63,11008.98,-1
2026-06-25,2026-06-25 13:50:00,1528.08,1528.08,1527.14,1527.14,-0.06,7.63,11008.98,-1
2026-06-25,2026-06-25 13:51:00,1527.14,1527.14,1526.21,1526.21,-0.06,7.63,11008.98,-1
2026-06-25,2026-06-25 13:52:00,1526.21,1526.21,1525.27,1525.27,-0.06,7.63,11008.98,-1
2026-06-25,2026-06-25 13:53:00,1525.27,1525.27,1524.34,1524.34,-0.06,7.63,11008.98,-1
2026-06-25,2026-06-25 13:54:00,1524.34,1524.34,1523.4,1523.4,-0.06,7.63,11008.98,-1
2026-06-25,2026-06-25 13:55:00,1523.4,1523.4,1522.47,1522.47,-0.06,7.63,11008.98,-1
2026-06-25,2026-06-25 13:56:00,1522.47,1522.47,1521.53,1521.53,-0.06,7.63,11008.98,-1
2026-06-25,2026-06-25 13:57:00,1521.53,1521.53,1520.6,1520.6,-0.06,7.63,11008.98,-1
2026-06-25,2026-06-25 13:58:00,1520.6,1520.6,1519.66,1519.66,-0.06,7.63,11008.98,-1
2026-06-25,2026-06-25 13:59:00,1519.66,1519.66,1518.72,1518.72,-0.06,7.63,11008.98,-1
2026-06-25,2026-06-25 14:00:00,1518.72,1518.72,1517.79,1517.79,-0.06,7.63,11008.98,-1
2026-06-25,2026-06-25 14:01:00,1517.79,1517.79,1516.85,1516.85,-0.06,7.63,11008.98,-1
2026-06-25,2026-06-25 14:02:00,1516.85,1516.85,1515.92,1515.92,-0.06,7.63,11008.98,-1
2026-06-25,2026-06-25 14:03:00,1515.92,1515.92,1514.98,1514.98,-0.06,7.63,11008.98,-1
2026-06-25,2026-06-25 14:04:00,1514.98,1514.98,1514.05,1514.05,-0.06,7.63,11008.98,-1
2026-06-25,2026-06-25 14:05:00,1514.05,1514.05,1513.11,1513.11,-0.06,7.63,11008.98,-1
2026-06-25,2026-06-25 14:06:00,1513.11,1513.11,1512.18,1512.18,-0.06,7.63,11008.98,-1
2026-06-25,2026-06-25 14:07:00,1512.18,1512.18,1511.24,1511.24,-0.06,7.63,11008.98,-1
2026-06-25,2026-06-25 14:08:00,1511.24,1511.24,1510.31,1510.31,-0.06,7.63,11008.98,-1
2026-06-25,2026-06-25 14:09:00,1510.31,1510.31,1509.37,1509.37,-0.06,7.63,11008.98,-1
2026-06-25,2026-06-25 14:10:00,1509.37,1509.37,1508.44,1508.44,-0.06,7.63,11008.98,-1
2026-06-25,2026-06-25 14:11:00,1508.44,1508.44,1507.5,1507.5,-0.06,7.63,11008.98,-1
2026-06-25,2026-06-25 14:12:00,1507.5,1507.5,1506.56,1506.56,-0.06,7.63,11008.98,-1
2026-06-25,2026-06-25 14:13:00,1506.56,1506.56,1505.63,1505.63,-0.06,7.63,11008.98,-1
2026-06-25,2026-06-25 14:14:00,1505.63,1505.63,1504.69,1504.69,-0.06,7.63,11008.98,-1
2026-06-25,2026-06-25 14:15:00,1504.69,1504.69,1503.76,1503.76,-0.06,7.63,11008.98,-1
2026-06-25,2026-06-25 14:16:00,1503.76,1503.76,1502.82,1502.82,-0.06,7.63,11008.98,-1
2026-06-25,2026-06-25 14:17:00,1502.82,1502.82,1501.89,1501.89,-0.06,7.63,11008.98,-1
2026-06-25,2026-06-25 14:18:00,1501.89,1501.89,1500.95,1500.95,-0.06,7.63,11008.98,-1
2026-06-25,2026-06-25 14:19:00,1500.95,1500.95,1500.02,1500.02,-0.06,7.63,11008.98,-1
2026-06-25,2026-06-25 14:20:00,1500.02,1500.02,1499.08,1499.08,-0.06,7.63,11008.98,-1
2026-06-25,2026-06-25 14:21:00,1499.08,1499.08,1498.15,1498.15,-0.06,7.63,11008.98,-1
2026-06-25,2026-06-25 14:22:00,1498.15,1498.15,1497.21,1497.21,-0.06,7.63,11008.98,-1
2026-06-25,2026-06-25 14:23:00,1497.21,1497.21,1496.27,1496.27,-0.06,7.63,11008.98,-1
2026-06-25,2026-06-25 14:24:00,1496.27,1496.27,1495.34,1495.34,-0.06,7.63,11008.98,-1
2026-06-25,2026-06-25 14:25:00,1495.34,1495.34,1494.4,1494.4,-0.06,7.63,11008.98,-1
2026-06-25,2026-06-25 14:26:00,1494.4,1494.4,1493.47,1493.47,-0.06,7.63,11008.98,-1
2026-06-25,2026-06-25 14:27:00,1493.47,1493.47,1492.53,1492.53,-0.06,7.63,11008.98,-1
2026-06-25,2026-06-25 14:28:00,1492.53,1492.53,1491.6,1491.6,-0.06,7.63,11008.98,-1
2026-06-25,2026-06-25 14:29:00,1491.6,1491.6,1490.66,1490.66,-0.06,7.63,11008.98,-1
2026-06-25,2026-06-25 14:30:00,1490.66,1490.66,1489.73,1489.73,-0.06,7.63,11008.98,-1
2026-06-25,2026-06-25 14:31:00,1489.73,1489.73,1488.79,1488.79,-0.06,7.63,11008.98,-1
2026-06-25,2026-06-25 14:32:00,1488.79,1488.79,1487.86,1487.86,-0.06,7.63,11008.98,-1
2026-06-25,2026-06-25 14:33:00,1487.86,1487.86,1486.92,1486.92,-0.06,7.63,11008.98,-1
2026-06-25,2026-06-25 14:34:00,1486.92,1486.92,1485.99,1485.99,-0.06,7.63,11008.98,-1
2026-06-25,2026-06-25 14:35:00,1485.99,1485.99,1485.05,1485.05,-0.06,7.63,11008.98,-1
2026-06-25,2026-06-25 14:36:00,1485.05,1485.05,1484.11,1484.11,-0.06,7.63,11008.98,-1
2026-06-25,2026-06-25 14:37:00,1484.11,1484.11,1483.18,1483.18,-0.06,7.63,11008.98,-1
2026-06-25,2026-06-25 14:38:00,1483.18,1483.18,1482.24,1482.24,-0.06,7.63,11008.98,-1
2026-06-25,2026-06-25 14:39:00,1482.24,1482.24,1481.31,1481.31,-0.06,7.63,11008.98,-1
2026-06-25,2026-06-25 14:40:00,1481.31,1481.31,1480.37,1480.37,-0.06,7.63,11008.98,-1
2026-06-25,2026-06-25 14:41:00,1480.37,1480.37,1479.44,1479.44,-0.06,7.63,11008.98,-1
2026-06-25,2026-06-25 14:42:00,1479.44,1479.44,1478.5,1478.5,-0.06,7.63,11008.98,-1
2026-06-25,2026-06-25 14:43:00,1478.5,1478.5,1477.57,1477.57,-0.06,7.63,11008.98,-1
2026-06-25,2026-06-25 14:44:00,1477.57,1477.57,1476.63,1476.63,-0.06,7.63,11008.98,-1
2026-06-25,2026-06-25 14:45:00,1476.63,1476.63,1475.7,1475.7,-0.06,7.63,11008.98,-1
2026-06-25,2026-06-25 14:46:00,1475.7,1475.7,1474.76,1474.76,-0.06,7.63,11008.98,-1
2026-06-25,2026-06-25 14:47:00,1474.76,1474.76,1473.82,1473.82,-0.06,7.63,11008.98,-1
2026-06-25,2026-06-25 14:48:00,1473.82,1473.82,1472.89,1472.89,-0.06,7.63,11008.98,-1
2026-06-25,2026-06-25 14:49:00,1472.89,1472.89,1471.95,1471.95,-0.06,7.63,11008.98,-1
2026-06-25,2026-06-25 14:50:00,1471.95,1471.95,1471.02,1471.02,-0.06,7.63,11008.98,-1
2026-06-25,2026-06-25 14:51:00,1471.02,1471.02,1470.08,1470.08,-0.06,7.63,11008.98,-1
2026-06-25,2026-06-25 14:52:00,1470.08,1470.08,1469.15,1469.15,-0.06,7.63,11008.98,-1
2026-06-25,2026-06-25 14:53:00,1469.15,1469.15,1468.21,1468.21,-0.06,7.63,11008.98,-1
2026-06-25,2026-06-25 14:54:00,1468.21,1468.21,1467.28,1467.28,-0.06,7.63,11008.98,-1
2026-06-25,2026-06-25 14:55:00,1467.28,1467.28,1466.34,1466.34,-0.06,7.63,11008.98,-1
2026-06-25,2026-06-25 14:56:00,1466.34,1466.34,1465.41,1465.41,-0.06,7.63,11008.98,-1
2026-06-25,2026-06-25 14:57:00,1465.41,1465.41,1464.47,1464.47,-0.06,7.63,11008.98,-1
2026-06-25,2026-06-25 14:58:00,1464.47,1464.47,1463.54,1463.54,-0.06,7.63,11008.98,-1
2026-06-25,2026-06-25 14:59:00,1463.54,1463.54,1462.6,1462.6,-0.06,7.63,11008.98,-1
2026-06-25,2026-06-25 15:00:00,1462.6,1687.1,1405.7,1462.6,0.0,7.63,11008.98,0
2026-06-26,2026-06-26 11:00:00,1420.0,1427.2,1412.86,1420.05,0.0,9.3,13059.47,1
2026-06-26,2026-06-26 11:01:00,1420.05,1420.11,1420.05,1420.11,0.0,9.3,13059.47,1
2026-06-26,2026-06-26 11:02:00,1420.11,1420.16,1420.11,1420.16,0.0,9.3,13059.47,1
2026-06-26,2026-06-26 11:03:00,1420.16,1420.21,1420.16,1420.21,0.0,9.3,13059.47,1
2026-06-26,2026-06-26 11:04:00,1420.21,1420.27,1420.21,1420.27,0.0,9.3,13059.47,1
2026-06-26,2026-06-26 11:05:00,1420.27,1420.32,1420.27,1420.32,0.0,9.3,13059.47,1
2026-06-26,2026-06-26 11:06:00,1420.32,1420.38,1420.32,1420.38,0.0,9.3,13059.47,1
2026-06-26,2026-06-26 11:07:00,1420.38,1420.43,1420.38,1420.43,0.0,9.3,13059.47,1
2026-06-26,2026-06-26 11:08:00,1420.43,1420.48,1420.43,1420.48,0.0,9.3,13059.47,1
2026-06-26,2026-06-26 11:09:00,1420.48,1420.54,1420.48,1420.54,0.0,9.3,13059.47,1
2026-06-26,2026-06-26 11:10:00,1420.54,1420.59,1420.54,1420.59,0.0,9.3,13059.47,1
2026-06-26,2026-06-26 11:11:00,1420.59,1420.64,1420.59,1420.64,0.0,9.3,13059.47,1
2026-06-26,2026-06-26 11:12:00,1420.64,1420.7,1420.64,1420.7,0.0,9.3,13059.47,1
2026-06-26,2026-06-26 11:13:00,1420.7,1420.75,1420.7,1420.75,0.0,9.3,13059.47,1
2026-06-26,2026-06-26 11:14:00,1420.75,1420.81,1420.75,1420.81,0.0,9.3,13059.47,1
2026-06-26,2026-06-26 11:15:00,1420.81,1420.86,1420.81,1420.86,0.0,9.3,13059.47,1
2026-06-26,2026-06-26 11:16:00,1420.86,1420.91,1420.86,1420.91,0.0,9.3,13059.47,1
2026-06-26,2026-06-26 11:17:00,1420.91,1420.97,1420.91,1420.97,0.0,9.3,13059.47,1
2026-06-26,2026-06-26 11:18:00,1420.97,1421.02,1420.97,1421.02,0.0,9.3,13059.47,1
2026-06-26,2026-06-26 11:19:00,1421.02,1421.08,1421.02,1421.08,0.0,9.3,13059.47,1
2026-06-26,2026-06-26 11:20:00,1421.08,1421.13,1421.08,1421.13,0.0,9.3,13059.47,1
2026-06-26,2026-06-26 11:21:00,1421.13,1421.18,1421.13,1421.18,0.0,9.3,13059.47,1
2026-06-26,2026-06-26 11:22:00,1421.18,1421.24,1421.18,1421.24,0.0,9.3,13059.47,1
2026-06-26,2026-06-26 11:23:00,1421.24,1421.29,1421.24,1421.29,0.0,9.3,13059.47,1
2026-06-26,2026-06-26 11:24:00,1421.29,1421.34,1421.29,1421.34,0.0,9.3,13059.47,1
2026-06-26,2026-06-26 11:25:00,1421.34,1421.4,1421.34,1421.4,0.0,9.3,13059.47,1
2026-06-26,2026-06-26 11:26:00,1421.4,1421.45,1421.4,1421.45,0.0,9.3,13059.47,1
2026-06-26,2026-06-26 11:27:00,1421.45,1421.51,1421.45,1421.51,0.0,9.3,13059.47,1
2026-06-26,2026-06-26 11:28:00,1421.51,1421.56,1421.51,1421.56,0.0,9.3,13059.47,1
2026-06-26,2026-06-26 11:29:00,1421.56,1421.61,1421.56,1421.61,0.0,9.3,13059.47,1
2026-06-26,2026-06-26 11:30:00,1421.61,1421.67,1421.61,1421.67,0.0,9.3,13059.47,1
2026-06-26,2026-06-26 11:31:00,1421.67,1421.72,1421.67,1421.72,0.0,9.3,13059.47,1
2026-06-26,2026-06-26 11:32:00,1421.72,1421.77,1421.72,1421.77,0.0,9.3,13059.47,1
2026-06-26,2026-06-26 11:33:00,1421.77,1421.83,1421.77,1421.83,0.0,9.3,13059.47,1
2026-06-26,2026-06-26 11:34:00,1421.83,1421.88,1421.83,1421.88,0.0,9.3,13059.47,1
2026-06-26,2026-06-26 11:35:00,1421.88,1421.93,1421.88,1421.93,0.0,9.3,13059.47,1
2026-06-26,2026-06-26 11:36:00,1421.93,1421.99,1421.93,1421.99,0.0,9.3,13059.47,1
2026-06-26,2026-06-26 11:37:00,1421.99,1422.04,1421.99,1422.04,0.0,9.3,13059.47,1
2026-06-26,2026-06-26 11:38:00,1422.04,1422.1,1422.04,1422.1,0.0,9.3,13059.47,1
2026-06-26,2026-06-26 11:39:00,1422.1,1422.15,1422.1,1422.15,0.0,9.3,13059.47,1
2026-06-26,2026-06-26 11:40:00,1422.15,1422.2,1422.15,1422.2,0.0,9.3,13059.47,1
2026-06-26,2026-06-26 11:41:00,1422.2,1422.26,1422.2,1422.26,0.0,9.3,13059.47,1
2026-06-26,2026-06-26 11:42:00,1422.26,1422.31,1422.26,1422.31,0.0,9.3,13059.47,1
2026-06-26,2026-06-26 11:43:00,1422.31,1422.37,1422.31,1422.37,0.0,9.3,13059.47,1
2026-06-26,2026-06-26 11:44:00,1422.37,1422.42,1422.37,1422.42,0.0,9.3,13059.47,1
2026-06-26,2026-06-26 11:45:00,1422.42,1422.47,1422.42,1422.47,0.0,9.3,13059.47,1
2026-06-26,2026-06-26 11:46:00,1422.47,1422.53,1422.47,1422.53,0.0,9.3,13059.47,1
2026-06-26,2026-06-26 11:47:00,1422.53,1422.58,1422.53,1422.58,0.0,9.3,13059.47,1
2026-06-26,2026-06-26 11:48:00,1422.58,1422.63,1422.58,1422.63,0.0,9.3,13059.47,1
2026-06-26,2026-06-26 11:49:00,1422.63,1422.69,1422.63,1422.69,0.0,9.3,13059.47,1
2026-06-26,2026-06-26 11:50:00,1422.69,1422.74,1422.69,1422.74,0.0,9.3,13059.47,1
2026-06-26,2026-06-26 11:51:00,1422.74,1422.8,1422.74,1422.8,0.0,9.3,13059.47,1
2026-06-26,2026-06-26 11:52:00,1422.8,1422.85,1422.8,1422.85,0.0,9.3,13059.47,1
2026-06-26,2026-06-26 11:53:00,1422.85,1422.9,1422.85,1422.9,0.0,9.3,13059.47,1
2026-06-26,2026-06-26 11:54:00,1422.9,1422.96,1422.9,1422.96,0.0,9.3,13059.47,1
2026-06-26,2026-06-26 11:55:00,1422.96,1423.01,1422.96,1423.01,0.0,9.3,13059.47,1
2026-06-26,2026-06-26 11:56:00,1423.01,1423.06,1423.01,1423.06,0.0,9.3,13059.47,1
2026-06-26,2026-06-26 11:57:00,1423.06,1423.12,1423.06,1423.12,0.0,9.3,13059.47,1
2026-06-26,2026-06-26 11:58:00,1423.12,1423.17,1423.12,1423.17,0.0,9.3,13059.47,1
2026-06-26,2026-06-26 11:59:00,1423.17,1423.22,1423.17,1423.22,0.0,9.3,13059.47,1
2026-06-26,2026-06-26 12:00:00,1423.22,1423.28,1423.22,1423.28,0.0,9.3,13059.47,1
2026-06-26,2026-06-26 12:01:00,1423.28,1423.33,1423.28,1423.33,0.0,9.3,13059.47,1
2026-06-26,2026-06-26 12:02:00,1423.33,1423.39,1423.33,1423.39,0.0,9.3,13059.47,1
2026-06-26,2026-06-26 12:03:00,1423.39,1423.44,1423.39,1423.44,0.0,9.3,13059.47,1
2026-06-26,2026-06-26 12:04:00,1423.44,1423.49,1423.44,1423.49,0.0,9.3,13059.47,1
2026-06-26,2026-06-26 12:05:00,1423.49,1423.55,1423.49,1423.55,0.0,9.3,13059.47,1
2026-06-26,2026-06-26 12:06:00,1423.55,1423.6,1423.55,1423.6,0.0,9.3,13059.47,1
2026-06-26,2026-06-26 12:07:00,1423.6,1423.65,1423.6,1423.65,0.0,9.3,13059.47,1
2026-06-26,2026-06-26 12:08:00,1423.65,1423.71,1423.65,1423.71,0.0,9.3,13059.47,1
2026-06-26,2026-06-26 12:09:00,1423.71,1423.76,1423.71,1423.76,0.0,9.3,13059.47,1
2026-06-26,2026-06-26 12:10:00,1423.76,1423.82,1423.76,1423.82,0.0,9.3,13059.47,1
2026-06-26,2026-06-26 12:11:00,1423.82,1423.87,1423.82,1423.87,0.0,9.3,13059.47,1
2026-06-26,2026-06-26 12:12:00,1423.87,1423.92,1423.87,1423.92,0.0,9.3,13059.47,1
2026-06-26,2026-06-26 12:13:00,1423.92,1423.98,1423.92,1423.98,0.0,9.3,13059.47,1
2026-06-26,2026-06-26 12:14:00,1423.98,1424.03,1423.98,1424.03,0.0,9.3,13059.47,1
2026-06-26,2026-06-26 12:15:00,1424.03,1424.09,1424.03,1424.09,0.0,9.3,13059.47,1
2026-06-26,2026-06-26 12:16:00,1424.09,1424.14,1424.09,1424.14,0.0,9.3,13059.47,1
2026-06-26,2026-06-26 12:17:00,1424.14,1424.19,1424.14,1424.19,0.0,9.3,13059.47,1
2026-06-26,2026-06-26 12:18:00,1424.19,1424.25,1424.19,1424.25,0.0,9.3,13059.47,1
2026-06-26,2026-06-26 12:19:00,1424.25,1424.3,1424.25,1424.3,0.0,9.3,13059.47,1
2026-06-26,2026-06-26 12:20:00,1424.3,1424.35,1424.3,1424.35,0.0,9.3,13059.47,1
2026-06-26,2026-06-26 12:21:00,1424.35,1424.41,1424.35,1424.41,0.0,9.3,13059.47,1
2026-06-26,2026-06-26 12:22:00,1424.41,1424.46,1424.41,1424.46,0.0,9.3,13059.47,1
2026-06-26,2026-06-26 12:23:00,1424.46,1424.52,1424.46,1424.52,0.0,9.3,13059.47,1
2026-06-26,2026-06-26 12:24:00,1424.52,1424.57,1424.52,1424.57,0.0,9.3,13059.47,1
2026-06-26,2026-06-26 12:25:00,1424.57,1424.62,1424.57,1424.62,0.0,9.3,13059.47,1
2026-06-26,2026-06-26 12:26:00,1424.62,1424.68,1424.62,1424.68,0.0,9.3,13059.47,1
2026-06-26,2026-06-26 12:27:00,1424.68,1424.73,1424.68,1424.73,0.0,9.3,13059.47,1
2026-06-26,2026-06-26 12:28:00,1424.73,1424.78,1424.73,1424.78,0.0,9.3,13059.47,1
2026-06-26,2026-06-26 12:29:00,1424.78,1424.84,1424.78,1424.84,0.0,9.3,13059.47,1
2026-06-26,2026-06-26 12:30:00,1424.84,1424.89,1424.84,1424.89,0.0,9.3,13059.47,1
2026-06-26,2026-06-26 12:31:00,1424.89,1424.94,1424.89,1424.94,0.0,9.3,13059.47,1
2026-06-26,2026-06-26 12:32:00,1424.94,1425.0,1424.94,1425.0,0.0,9.3,13059.47,1
2026-06-26,2026-06-26 12:33:00,1425.0,1425.05,1425.0,1425.05,0.0,9.3,13059.47,1
2026-06-26,2026-06-26 12:34:00,1425.05,1425.11,1425.05,1425.11,0.0,9.3,13059.47,1
2026-06-26,2026-06-26 12:35:00,1425.11,1425.16,1425.11,1425.16,0.0,9.3,13059.47,1
2026-06-26,2026-06-26 12:36:00,1425.16,1425.21,1425.16,1425.21,0.0,9.3,13059.47,1
2026-06-26,2026-06-26 12:37:00,1425.21,1425.27,1425.21,1425.27,0.0,9.3,13059.47,1
2026-06-26,2026-06-26 12:38:00,1425.27,1425.32,1425.27,1425.32,0.0,9.3,13059.47,1
2026-06-26,2026-06-26 12:39:00,1425.32,1425.38,1425.32,1425.38,0.0,9.3,13059.47,1
2026-06-26,2026-06-26 12:40:00,1425.38,1425.43,1425.38,1425.43,0.0,9.3,13059.47,1
2026-06-26,2026-06-26 12:41:00,1425.43,1425.48,1425.43,1425.48,0.0,9.3,13059.47,1
2026-06-26,2026-06-26 12:42:00,1425.48,1425.54,1425.48,1425.54,0.0,9.3,13059.47,1
2026-06-26,2026-06-26 12:43:00,1425.54,1425.59,1425.54,1425.59,0.0,9.3,13059.47,1
2026-06-26,2026-06-26 12:44:00,1425.59,1425.64,1425.59,1425.64,0.0,9.3,13059.47,1
2026-06-26,2026-06-26 12:45:00,1425.64,1425.7,1425.64,1425.7,0.0,9.3,13059.47,1
2026-06-26,2026-06-26 12:46:00,1425.7,1425.75,1425.7,1425.75,0.0,9.3,13059.47,1
2026-06-26,2026-06-26 12:47:00,1425.75,1425.81,1425.75,1425.81,0.0,9.3,13059.47,1
2026-06-26,2026-06-26 12:48:00,1425.81,1425.86,1425.81,1425.86,0.0,9.3,13059.47,1
2026-06-26,2026-06-26 12:49:00,1425.86,1425.91,1425.86,1425.91,0.0,9.3,13059.47,1
2026-06-26,2026-06-26 12:50:00,1425.91,1425.97,1425.91,1425.97,0.0,9.3,13059.47,1
2026-06-26,2026-06-26 12:51:00,1425.97,1426.02,1425.97,1426.02,0.0,9.3,13059.47,1
2026-06-26,2026-06-26 12:52:00,1426.02,1426.07,1426.02,1426.07,0.0,9.3,13059.47,1
2026-06-26,2026-06-26 12:53:00,1426.07,1426.13,1426.07,1426.13,0.0,9.3,13059.47,1
2026-06-26,2026-06-26 12:54:00,1426.13,1426.18,1426.13,1426.18,0.0,9.3,13059.47,1
2026-06-26,2026-06-26 12:55:00,1426.18,1426.24,1426.18,1426.24,0.0,9.3,13059.47,1
2026-06-26,2026-06-26 12:56:00,1426.24,1426.29,1426.24,1426.29,0.0,9.3,13059.47,1
2026-06-26,2026-06-26 12:57:00,1426.29,1426.34,1426.29,1426.34,0.0,9.3,13059.47,1
2026-06-26,2026-06-26 12:58:00,1426.34,1426.4,1426.34,1426.4,0.0,9.3,13059.47,1
2026-06-26,2026-06-26 12:59:00,1426.4,1426.45,1426.4,1426.45,0.0,9.3,13059.47,1
2026-06-26,2026-06-26 13:00:00,1426.45,1444.0,1396.2,1426.5,0.0,9.3,13059.47,1
2026-06-26,2026-06-26 13:01:00,1426.5,1426.56,1426.5,1426.56,0.0,9.3,13059.47,1
2026-06-26,2026-06-26 13:02:00,1426.56,1426.61,1426.56,1426.61,0.0,9.3,13059.47,1
2026-06-26,2026-06-26 13:03:00,1426.61,1426.66,1426.61,1426.66,0.0,9.3,13059.47,1
2026-06-26,2026-06-26 13:04:00,1426.66,1426.72,1426.66,1426.72,0.0,9.3,13059.47,1
2026-06-26,2026-06-26 13:05:00,1426.72,1426.77,1426.72,1426.77,0.0,9.3,13059.47,1
2026-06-26,2026-06-26 13:06:00,1426.77,1426.83,1426.77,1426.83,0.0,9.3,13059.47,1
2026-06-26,2026-06-26 13:07:00,1426.83,1426.88,1426.83,1426.88,0.0,9.3,13059.47,1
2026-06-26,2026-06-26 13:08:00,1426.88,1426.93,1426.88,1426.93,0.0,9.3,13059.47,1
2026-06-26,2026-06-26 13:09:00,1426.93,1426.99,1426.93,1426.99,0.0,9.3,13059.47,1
2026-06-26,2026-06-26 13:10:00,1426.99,1427.04,1426.99,1427.04,0.0,9.3,13059.47,1
2026-06-26,2026-06-26 13:11:00,1427.04,1427.1,1427.04,1427.1,0.0,9.3,13059.47,1
2026-06-26,2026-06-26 13:12:00,1427.1,1427.15,1427.1,1427.15,0.0,9.3,13059.47,1
2026-06-26,2026-06-26 13:13:00,1427.15,1427.2,1427.15,1427.2,0.0,9.3,13059.47,1
2026-06-26,2026-06-26 13:14:00,1427.2,1427.26,1427.2,1427.26,0.0,9.3,13059.47,1
2026-06-26,2026-06-26 13:15:00,1427.26,1427.31,1427.26,1427.31,0.0,9.3,13059.47,1
2026-06-26,2026-06-26 13:16:00,1427.31,1427.36,1427.31,1427.36,0.0,9.3,13059.47,1
2026-06-26,2026-06-26 13:17:00,1427.36,1427.42,1427.36,1427.42,0.0,9.3,13059.47,1
2026-06-26,2026-06-26 13:18:00,1427.42,1427.47,1427.42,1427.47,0.0,9.3,13059.47,1
2026-06-26,2026-06-26 13:19:00,1427.47,1427.53,1427.47,1427.53,0.0,9.3,13059.47,1
2026-06-26,2026-06-26 13:20:00,1427.53,1427.58,1427.53,1427.58,0.0,9.3,13059.47,1
2026-06-26,2026-06-26 13:21:00,1427.58,1427.63,1427.58,1427.63,0.0,9.3,13059.47,1
2026-06-26,2026-06-26 13:22:00,1427.63,1427.69,1427.63,1427.69,0.0,9.3,13059.47,1
2026-06-26,2026-06-26 13:23:00,1427.69,1427.74,1427.69,1427.74,0.0,9.3,13059.47,1
2026-06-26,2026-06-26 13:24:00,1427.74,1427.79,1427.74,1427.79,0.0,9.3,13059.47,1
2026-06-26,2026-06-26 13:25:00,1427.79,1427.85,1427.79,1427.85,0.0,9.3,13059.47,1
2026-06-26,2026-06-26 13:26:00,1427.85,1427.9,1427.85,1427.9,0.0,9.3,13059.47,1
2026-06-26,2026-06-26 13:27:00,1427.9,1427.96,1427.9,1427.96,0.0,9.3,13059.47,1
2026-06-26,2026-06-26 13:28:00,1427.96,1428.01,1427.96,1428.01,0.0,9.3,13059.47,1
2026-06-26,2026-06-26 13:29:00,1428.01,1428.06,1428.01,1428.06,0.0,9.3,13059.47,1
2026-06-26,2026-06-26 13:30:00,1428.06,1428.12,1428.06,1428.12,0.0,9.3,13059.47,1
2026-06-26,2026-06-26 13:31:00,1428.12,1428.17,1428.12,1428.17,0.0,9.3,13059.47,1
2026-06-26,2026-06-26 13:32:00,1428.17,1428.22,1428.17,1428.22,0.0,9.3,13059.47,1
2026-06-26,2026-06-26 13:33:00,1428.22,1428.28,1428.22,1428.28,0.0,9.3,13059.47,1
2026-06-26,2026-06-26 13:34:00,1428.28,1428.33,1428.28,1428.33,0.0,9.3,13059.47,1
2026-06-26,2026-06-26 13:35:00,1428.33,1428.38,1428.33,1428.38,0.0,9.3,13059.47,1
2026-06-26,2026-06-26 13:36:00,1428.38,1428.44,1428.38,1428.44,0.0,9.3,13059.47,1
2026-06-26,2026-06-26 13:37:00,1428.44,1428.49,1428.44,1428.49,0.0,9.3,13059.47,1
2026-06-26,2026-06-26 13:38:00,1428.49,1428.55,1428.49,1428.55,0.0,9.3,13059.47,1
2026-06-26,2026-06-26 13:39:00,1428.55,1428.6,1428.55,1428.6,0.0,9.3,13059.47,1
2026-06-26,2026-06-26 13:40:00,1428.6,1428.65,1428.6,1428.65,0.0,9.3,13059.47,1
2026-06-26,2026-06-26 13:41:00,1428.65,1428.71,1428.65,1428.71,0.0,9.3,13059.47,1
2026-06-26,2026-06-26 13:42:00,1428.71,1428.76,1428.71,1428.76,0.0,9.3,13059.47,1
2026-06-26,2026-06-26 13:43:00,1428.76,1428.82,1428.76,1428.82,0.0,9.3,13059.47,1
2026-06-26,2026-06-26 13:44:00,1428.82,1428.87,1428.82,1428.87,0.0,9.3,13059.47,1
2026-06-26,2026-06-26 13:45:00,1428.87,1428.92,1428.87,1428.92,0.0,9.3,13059.47,1
2026-06-26,2026-06-26 13:46:00,1428.92,1428.98,1428.92,1428.98,0.0,9.3,13059.47,1
2026-06-26,2026-06-26 13:47:00,1428.98,1429.03,1428.98,1429.03,0.0,9.3,13059.47,1
2026-06-26,2026-06-26 13:48:00,1429.03,1429.08,1429.03,1429.08,0.0,9.3,13059.47,1
2026-06-26,2026-06-26 13:49:00,1429.08,1429.14,1429.08,1429.14,0.0,9.3,13059.47,1
2026-06-26,2026-06-26 13:50:00,1429.14,1429.19,1429.14,1429.19,0.0,9.3,13059.47,1
2026-06-26,2026-06-26 13:51:00,1429.19,1429.25,1429.19,1429.25,0.0,9.3,13059.47,1
2026-06-26,2026-06-26 13:52:00,1429.25,1429.3,1429.25,1429.3,0.0,9.3,13059.47,1
2026-06-26,2026-06-26 13:53:00,1429.3,1429.35,1429.3,1429.35,0.0,9.3,13059.47,1
2026-06-26,2026-06-26 13:54:00,1429.35,1429.41,1429.35,1429.41,0.0,9.3,13059.47,1
2026-06-26,2026-06-26 13:55:00,1429.41,1429.46,1429.41,1429.46,0.0,9.3,13059.47,1
2026-06-26,2026-06-26 13:56:00,1429.46,1429.51,1429.46,1429.51,0.0,9.3,13059.47,1
2026-06-26,2026-06-26 13:57:00,1429.51,1429.57,1429.51,1429.57,0.0,9.3,13059.47,1
2026-06-26,2026-06-26 13:58:00,1429.57,1429.62,1429.57,1429.62,0.0,9.3,13059.47,1
2026-06-26,2026-06-26 13:59:00,1429.62,1429.68,1429.62,1429.68,0.0,9.3,13059.47,1
2026-06-26,2026-06-26 14:00:00,1429.68,1429.73,1429.68,1429.73,0.0,9.3,13059.47,1
2026-06-26,2026-06-26 14:01:00,1429.73,1429.78,1429.73,1429.78,0.0,9.3,13059.47,1
2026-06-26,2026-06-26 14:02:00,1429.78,1429.84,1429.78,1429.84,0.0,9.3,13059.47,1
2026-06-26,2026-06-26 14:03:00,1429.84,1429.89,1429.84,1429.89,0.0,9.3,13059.47,1
2026-06-26,2026-06-26 14:04:00,1429.89,1429.94,1429.89,1429.94,0.0,9.3,13059.47,1
2026-06-26,2026-06-26 14:05:00,1429.94,1430.0,1429.94,1430.0,0.0,9.3,13059.47,1
2026-06-26,2026-06-26 14:06:00,1430.0,1430.05,1430.0,1430.05,0.0,9.3,13059.47,1
2026-06-26,2026-06-26 14:07:00,1430.05,1430.11,1430.05,1430.11,0.0,9.3,13059.47,1
2026-06-26,2026-06-26 14:08:00,1430.11,1430.16,1430.11,1430.16,0.0,9.3,13059.47,1
2026-06-26,2026-06-26 14:09:00,1430.16,1430.21,1430.16,1430.21,0.0,9.3,13059.47,1
2026-06-26,2026-06-26 14:10:00,1430.21,1430.27,1430.21,1430.27,0.0,9.3,13059.47,1
2026-06-26,2026-06-26 14:11:00,1430.27,1430.32,1430.27,1430.32,0.0,9.3,13059.47,1
2026-06-26,2026-06-26 14:12:00,1430.32,1430.37,1430.32,1430.37,0.0,9.3,13059.47,1
2026-06-26,2026-06-26 14:13:00,1430.37,1430.43,1430.37,1430.43,0.0,9.3,13059.47,1
2026-06-26,2026-06-26 14:14:00,1430.43,1430.48,1430.43,1430.48,0.0,9.3,13059.47,1
2026-06-26,2026-06-26 14:15:00,1430.48,1430.54,1430.48,1430.54,0.0,9.3,13059.47,1
2026-06-26,2026-06-26 14:16:00,1430.54,1430.59,1430.54,1430.59,0.0,9.3,13059.47,1
2026-06-26,2026-06-26 14:17:00,1430.59,1430.64,1430.59,1430.64,0.0,9.3,13059.47,1
2026-06-26,2026-06-26 14:18:00,1430.64,1430.7,1430.64,1430.7,0.0,9.3,13059.47,1
2026-06-26,2026-06-26 14:19:00,1430.7,1430.75,1430.7,1430.75,0.0,9.3,13059.47,1
2026-06-26,2026-06-26 14:20:00,1430.75,1430.8,1430.75,1430.8,0.0,9.3,13059.47,1
2026-06-26,2026-06-26 14:21:00,1430.8,1430.86,1430.8,1430.86,0.0,9.3,13059.47,1
2026-06-26,2026-06-26 14:22:00,1430.86,1430.91,1430.86,1430.91,0.0,9.3,13059.47,1
2026-06-26,2026-06-26 14:23:00,1430.91,1430.97,1430.91,1430.97,0.0,9.3,13059.47,1
2026-06-26,2026-06-26 14:24:00,1430.97,1431.02,1430.97,1431.02,0.0,9.3,13059.47,1
2026-06-26,2026-06-26 14:25:00,1431.02,1431.07,1431.02,1431.07,0.0,9.3,13059.47,1
2026-06-26,2026-06-26 14:26:00,1431.07,1431.13,1431.07,1431.13,0.0,9.3,13059.47,1
2026-06-26,2026-06-26 14:27:00,1431.13,1431.18,1431.13,1431.18,0.0,9.3,13059.47,1
2026-06-26,2026-06-26 14:28:00,1431.18,1431.23,1431.18,1431.23,0.0,9.3,13059.47,1
2026-06-26,2026-06-26 14:29:00,1431.23,1431.29,1431.23,1431.29,0.0,9.3,13059.47,1
2026-06-26,2026-06-26 14:30:00,1431.29,1431.34,1431.29,1431.34,0.0,9.3,13059.47,1
2026-06-26,2026-06-26 14:31:00,1431.34,1431.39,1431.34,1431.39,0.0,9.3,13059.47,1
2026-06-26,2026-06-26 14:32:00,1431.39,1431.45,1431.39,1431.45,0.0,9.3,13059.47,1
2026-06-26,2026-06-26 14:33:00,1431.45,1431.5,1431.45,1431.5,0.0,9.3,13059.47,1
2026-06-26,2026-06-26 14:34:00,1431.5,1431.56,1431.5,1431.56,0.0,9.3,13059.47,1
2026-06-26,2026-06-26 14:35:00,1431.56,1431.61,1431.56,1431.61,0.0,9.3,13059.47,1
2026-06-26,2026-06-26 14:36:00,1431.61,1431.66,1431.61,1431.66,0.0,9.3,13059.47,1
2026-06-26,2026-06-26 14:37:00,1431.66,1431.72,1431.66,1431.72,0.0,9.3,13059.47,1
2026-06-26,2026-06-26 14:38:00,1431.72,1431.77,1431.72,1431.77,0.0,9.3,13059.47,1
2026-06-26,2026-06-26 14:39:00,1431.77,1431.83,1431.77,1431.83,0.0,9.3,13059.47,1
2026-06-26,2026-06-26 14:40:00,1431.83,1431.88,1431.83,1431.88,0.0,9.3,13059.47,1
2026-06-26,2026-06-26 14:41:00,1431.88,1431.93,1431.88,1431.93,0.0,9.3,13059.47,1
2026-06-26,2026-06-26 14:42:00,1431.93,1431.99,1431.93,1431.99,0.0,9.3,13059.47,1
2026-06-26,2026-06-26 14:43:00,1431.99,1432.04,1431.99,1432.04,0.0,9.3,13059.47,1
2026-06-26,2026-06-26 14:44:00,1432.04,1432.09,1432.04,1432.09,0.0,9.3,13059.47,1
2026-06-26,2026-06-26 14:45:00,1432.09,1432.15,1432.09,1432.15,0.0,9.3,13059.47,1
2026-06-26,2026-06-26 14:46:00,1432.15,1432.2,1432.15,1432.2,0.0,9.3,13059.47,1
2026-06-26,2026-06-26 14:47:00,1432.2,1432.26,1432.2,1432.26,0.0,9.3,13059.47,1
2026-06-26,2026-06-26 14:48:00,1432.26,1432.31,1432.26,1432.31,0.0,9.3,13059.47,1
2026-06-26,2026-06-26 14:49:00,1432.31,1432.36,1432.31,1432.36,0.0,9.3,13059.47,1
2026-06-26,2026-06-26 14:50:00,1432.36,1432.42,1432.36,1432.42,0.0,9.3,13059.47,1
2026-06-26,2026-06-26 14:51:00,1432.42,1432.47,1432.42,1432.47,0.0,9.3,13059.47,1
2026-06-26,2026-06-26 14:52:00,1432.47,1432.52,1432.47,1432.52,0.0,9.3,13059.47,1
2026-06-26,2026-06-26 14:53:00,1432.52,1432.58,1432.52,1432.58,0.0,9.3,13059.47,1
2026-06-26,2026-06-26 14:54:00,1432.58,1432.63,1432.58,1432.63,0.0,9.3,13059.47,1
2026-06-26,2026-06-26 14:55:00,1432.63,1432.69,1432.63,1432.69,0.0,9.3,13059.47,1
2026-06-26,2026-06-26 14:56:00,1432.69,1432.74,1432.69,1432.74,0.0,9.3,13059.47,1
2026-06-26,2026-06-26 14:57:00,1432.74,1432.79,1432.74,1432.79,0.0,9.3,13059.47,1
2026-06-26,2026-06-26 14:58:00,1432.79,1432.85,1432.79,1432.85,0.0,9.3,13059.47,1
2026-06-26,2026-06-26 14:59:00,1432.85,1432.9,1432.85,1432.9,0.0,9.3,13059.47,1
2026-06-26,2026-06-26 15:00:00,1432.9,1444.0,1396.2,1432.9,0.0,9.3,13059.47,0
2026-06-29,2026-06-29 11:00:00,1395.2,1399.64,1392.14,1395.16,-0.0,5.62,7813.02,-1
2026-06-29,2026-06-29 11:01:00,1395.16,1395.16,1395.12,1395.12,-0.0,5.62,7813.02,-1
2026-06-29,2026-06-29 11:02:00,1395.12,1395.12,1395.07,1395.07,-0.0,5.62,7813.02,-1
2026-06-29,2026-06-29 11:03:00,1395.07,1395.07,1395.03,1395.03,-0.0,5.62,7813.02,-1
2026-06-29,2026-06-29 11:04:00,1395.03,1395.03,1394.99,1394.99,-0.0,5.62,7813.02,-1
2026-06-29,2026-06-29 11:05:00,1394.99,1394.99,1394.94,1394.94,-0.0,5.62,7813.02,-1
2026-06-29,2026-06-29 11:06:00,1394.94,1394.94,1394.9,1394.9,-0.0,5.62,7813.02,-1
2026-06-29,2026-06-29 11:07:00,1394.9,1394.9,1394.86,1394.86,-0.0,5.62,7813.02,-1
2026-06-29,2026-06-29 11:08:00,1394.86,1394.86,1394.82,1394.82,-0.0,5.62,7813.02,-1
2026-06-29,2026-06-29 11:09:00,1394.82,1394.82,1394.78,1394.78,-0.0,5.62,7813.02,-1
2026-06-29,2026-06-29 11:10:00,1394.78,1394.78,1394.73,1394.73,-0.0,5.62,7813.02,-1
2026-06-29,2026-06-29 11:11:00,1394.73,1394.73,1394.69,1394.69,-0.0,5.62,7813.02,-1
2026-06-29,2026-06-29 11:12:00,1394.69,1394.69,1394.65,1394.65,-0.0,5.62,7813.02,-1
2026-06-29,2026-06-29 11:13:00,1394.65,1394.65,1394.61,1394.61,-0.0,5.62,7813.02,-1
2026-06-29,2026-06-29 11:14:00,1394.61,1394.61,1394.56,1394.56,-0.0,5.62,7813.02,-1
2026-06-29,2026-06-29 11:15:00,1394.56,1394.56,1394.52,1394.52,-0.0,5.62,7813.02,-1
2026-06-29,2026-06-29 11:16:00,1394.52,1394.52,1394.48,1394.48,-0.0,5.62,7813.02,-1
2026-06-29,2026-06-29 11:17:00,1394.48,1394.48,1394.43,1394.43,-0.0,5.62,7813.02,-1
2026-06-29,2026-06-29 11:18:00,1394.43,1394.43,1394.39,1394.39,-0.0,5.62,7813.02,-1
2026-06-29,2026-06-29 11:19:00,1394.39,1394.39,1394.35,1394.35,-0.0,5.62,7813.02,-1
2026-06-29,2026-06-29 11:20:00,1394.35,1394.35,1394.31,1394.31,-0.0,5.62,7813.02,-1
2026-06-29,2026-06-29 11:21:00,1394.31,1394.31,1394.27,1394.27,-0.0,5.62,7813.02,-1
2026-06-29,2026-06-29 11:22:00,1394.27,1394.27,1394.22,1394.22,-0.0,5.62,7813.02,-1
2026-06-29,2026-06-29 11:23:00,1394.22,1394.22,1394.18,1394.18,-0.0,5.62,7813.02,-1
2026-06-29,2026-06-29 11:24:00,1394.18,1394.18,1394.14,1394.14,-0.0,5.62,7813.02,-1
2026-06-29,2026-06-29 11:25:00,1394.14,1394.14,1394.1,1394.1,-0.0,5.62,7813.02,-1
2026-06-29,2026-06-29 11:26:00,1394.1,1394.1,1394.05,1394.05,-0.0,5.62,7813.02,-1
2026-06-29,2026-06-29 11:27:00,1394.05,1394.05,1394.01,1394.01,-0.0,5.62,7813.02,-1
2026-06-29,2026-06-29 11:28:00,1394.01,1394.01,1393.97,1393.97,-0.0,5.62,7813.02,-1
2026-06-29,2026-06-29 11:29:00,1393.97,1393.97,1393.92,1393.92,-0.0,5.62,7813.02,-1
2026-06-29,2026-06-29 11:30:00,1393.92,1393.92,1393.88,1393.88,-0.0,5.62,7813.02,-1
2026-06-29,2026-06-29 11:31:00,1393.88,1393.88,1393.84,1393.84,-0.0,5.62,7813.02,-1
2026-06-29,2026-06-29 11:32:00,1393.84,1393.84,1393.8,1393.8,-0.0,5.62,7813.02,-1
2026-06-29,2026-06-29 11:33:00,1393.8,1393.8,1393.76,1393.76,-0.0,5.62,7813.02,-1
2026-06-29,2026-06-29 11:34:00,1393.76,1393.76,1393.71,1393.71,-0.0,5.62,7813.02,-1
2026-06-29,2026-06-29 11:35:00,1393.71,1393.71,1393.67,1393.67,-0.0,5.62,7813.02,-1
2026-06-29,2026-06-29 11:36:00,1393.67,1393.67,1393.63,1393.63,-0.0,5.62,7813.02,-1
2026-06-29,2026-06-29 11:37:00,1393.63,1393.63,1393.59,1393.59,-0.0,5.62,7813.02,-1
2026-06-29,2026-06-29 11:38:00,1393.59,1393.59,1393.54,1393.54,-0.0,5.62,7813.02,-1
2026-06-29,2026-06-29 11:39:00,1393.54,1393.54,1393.5,1393.5,-0.0,5.62,7813.02,-1
2026-06-29,2026-06-29 11:40:00,1393.5,1393.5,1393.46,1393.46,-0.0,5.62,7813.02,-1
2026-06-29,2026-06-29 11:41:00,1393.46,1393.46,1393.41,1393.41,-0.0,5.62,7813.02,-1
2026-06-29,2026-06-29 11:42:00,1393.41,1393.41,1393.37,1393.37,-0.0,5.62,7813.02,-1
2026-06-29,2026-06-29 11:43:00,1393.37,1393.37,1393.33,1393.33,-0.0,5.62,7813.02,-1
2026-06-29,2026-06-29 11:44:00,1393.33,1393.33,1393.29,1393.29,-0.0,5.62,7813.02,-1
2026-06-29,2026-06-29 11:45:00,1393.29,1393.29,1393.25,1393.25,-0.0,5.62,7813.02,-1
2026-06-29,2026-06-29 11:46:00,1393.25,1393.25,1393.2,1393.2,-0.0,5.62,7813.02,-1
2026-06-29,2026-06-29 11:47:00,1393.2,1393.2,1393.16,1393.16,-0.0,5.62,7813.02,-1
2026-06-29,2026-06-29 11:48:00,1393.16,1393.16,1393.12,1393.12,-0.0,5.62,7813.02,-1
2026-06-29,2026-06-29 11:49:00,1393.12,1393.12,1393.08,1393.08,-0.0,5.62,7813.02,-1
2026-06-29,2026-06-29 11:50:00,1393.08,1393.08,1393.03,1393.03,-0.0,5.62,7813.02,-1
2026-06-29,2026-06-29 11:51:00,1393.03,1393.03,1392.99,1392.99,-0.0,5.62,7813.02,-1
2026-06-29,2026-06-29 11:52:00,1392.99,1392.99,1392.95,1392.95,-0.0,5.62,7813.02,-1
2026-06-29,2026-06-29 11:53:00,1392.95,1392.95,1392.9,1392.9,-0.0,5.62,7813.02,-1
2026-06-29,2026-06-29 11:54:00,1392.9,1392.9,1392.86,1392.86,-0.0,5.62,7813.02,-1
2026-06-29,2026-06-29 11:55:00,1392.86,1392.86,1392.82,1392.82,-0.0,5.62,7813.02,-1
2026-06-29,2026-06-29 11:56:00,1392.82,1392.82,1392.78,1392.78,-0.0,5.62,7813.02,-1
2026-06-29,2026-06-29 11:57:00,1392.78,1392.78,1392.74,1392.74,-0.0,5.62,7813.02,-1
2026-06-29,2026-06-29 11:58:00,1392.74,1392.74,1392.69,1392.69,-0.0,5.62,7813.02,-1
2026-06-29,2026-06-29 11:59:00,1392.69,1392.69,1392.65,1392.65,-0.0,5.62,7813.02,-1
2026-06-29,2026-06-29 12:00:00,1392.65,1392.65,1392.61,1392.61,-0.0,5.62,7813.02,-1
2026-06-29,2026-06-29 12:01:00,1392.61,1392.61,1392.57,1392.57,-0.0,5.62,7813.02,-1
2026-06-29,2026-06-29 12:02:00,1392.57,1392.57,1392.52,1392.52,-0.0,5.62,7813.02,-1
2026-06-29,2026-06-29 12:03:00,1392.52,1392.52,1392.48,1392.48,-0.0,5.62,7813.02,-1
2026-06-29,2026-06-29 12:04:00,1392.48,1392.48,1392.44,1392.44,-0.0,5.62,7813.02,-1
2026-06-29,2026-06-29 12:05:00,1392.44,1392.44,1392.39,1392.39,-0.0,5.62,7813.02,-1
2026-06-29,2026-06-29 12:06:00,1392.39,1392.39,1392.35,1392.35,-0.0,5.62,7813.02,-1
2026-06-29,2026-06-29 12:07:00,1392.35,1392.35,1392.31,1392.31,-0.0,5.62,7813.02,-1
2026-06-29,2026-06-29 12:08:00,1392.31,1392.31,1392.27,1392.27,-0.0,5.62,7813.02,-1
2026-06-29,2026-06-29 12:09:00,1392.27,1392.27,1392.23,1392.23,-0.0,5.62,7813.02,-1
2026-06-29,2026-06-29 12:10:00,1392.23,1392.23,1392.18,1392.18,-0.0,5.62,7813.02,-1
2026-06-29,2026-06-29 12:11:00,1392.18,1392.18,1392.14,1392.14,-0.0,5.62,7813.02,-1
2026-06-29,2026-06-29 12:12:00,1392.14,1392.14,1392.1,1392.1,-0.0,5.62,7813.02,-1
2026-06-29,2026-06-29 12:13:00,1392.1,1392.1,1392.06,1392.06,-0.0,5.62,7813.02,-1
2026-06-29,2026-06-29 12:14:00,1392.06,1392.06,1392.01,1392.01,-0.0,5.62,7813.02,-1
2026-06-29,2026-06-29 12:15:00,1392.01,1392.01,1391.97,1391.97,-0.0,5.62,7813.02,-1
2026-06-29,2026-06-29 12:16:00,1391.97,1391.97,1391.93,1391.93,-0.0,5.62,7813.02,-1
2026-06-29,2026-06-29 12:17:00,1391.93,1391.93,1391.88,1391.88,-0.0,5.62,7813.02,-1
2026-06-29,2026-06-29 12:18:00,1391.88,1391.88,1391.84,1391.84,-0.0,5.62,7813.02,-1
2026-06-29,2026-06-29 12:19:00,1391.84,1391.84,1391.8,1391.8,-0.0,5.62,7813.02,-1
2026-06-29,2026-06-29 12:20:00,1391.8,1391.8,1391.76,1391.76,-0.0,5.62,7813.02,-1
2026-06-29,2026-06-29 12:21:00,1391.76,1391.76,1391.71,1391.71,-0.0,5.62,7813.02,-1
2026-06-29,2026-06-29 12:22:00,1391.71,1391.71,1391.67,1391.67,-0.0,5.62,7813.02,-1
2026-06-29,2026-06-29 12:23:00,1391.67,1391.67,1391.63,1391.63,-0.0,5.62,7813.02,-1
2026-06-29,2026-06-29 12:24:00,1391.63,1391.63,1391.59,1391.59,-0.0,5.62,7813.02,-1
2026-06-29,2026-06-29 12:25:00,1391.59,1391.59,1391.55,1391.55,-0.0,5.62,7813.02,-1
2026-06-29,2026-06-29 12:26:00,1391.55,1391.55,1391.5,1391.5,-0.0,5.62,7813.02,-1
2026-06-29,2026-06-29 12:27:00,1391.5,1391.5,1391.46,1391.46,-0.0,5.62,7813.02,-1
2026-06-29,2026-06-29 12:28:00,1391.46,1391.46,1391.42,1391.42,-0.0,5.62,7813.02,-1
2026-06-29,2026-06-29 12:29:00,1391.42,1391.42,1391.38,1391.38,-0.0,5.62,7813.02,-1
2026-06-29,2026-06-29 12:30:00,1391.38,1391.38,1391.33,1391.33,-0.0,5.62,7813.02,-1
2026-06-29,2026-06-29 12:31:00,1391.33,1391.33,1391.29,1391.29,-0.0,5.62,7813.02,-1
2026-06-29,2026-06-29 12:32:00,1391.29,1391.29,1391.25,1391.25,-0.0,5.62,7813.02,-1
2026-06-29,2026-06-29 12:33:00,1391.25,1391.25,1391.2,1391.2,-0.0,5.62,7813.02,-1
2026-06-29,2026-06-29 12:34:00,1391.2,1391.2,1391.16,1391.16,-0.0,5.62,7813.02,-1
2026-06-29,2026-06-29 12:35:00,1391.16,1391.16,1391.12,1391.12,-0.0,5.62,7813.02,-1
2026-06-29,2026-06-29 12:36:00,1391.12,1391.12,1391.08,1391.08,-0.0,5.62,7813.02,-1
2026-06-29,2026-06-29 12:37:00,1391.08,1391.08,1391.04,1391.04,-0.0,5.62,7813.02,-1
2026-06-29,2026-06-29 12:38:00,1391.04,1391.04,1390.99,1390.99,-0.0,5.62,7813.02,-1
2026-06-29,2026-06-29 12:39:00,1390.99,1390.99,1390.95,1390.95,-0.0,5.62,7813.02,-1
2026-06-29,2026-06-29 12:40:00,1390.95,1390.95,1390.91,1390.91,-0.0,5.62,7813.02,-1
2026-06-29,2026-06-29 12:41:00,1390.91,1390.91,1390.87,1390.87,-0.0,5.62,7813.02,-1
2026-06-29,2026-06-29 12:42:00,1390.87,1390.87,1390.82,1390.82,-0.0,5.62,7813.02,-1
2026-06-29,2026-06-29 12:43:00,1390.82,1390.82,1390.78,1390.78,-0.0,5.62,7813.02,-1
2026-06-29,2026-06-29 12:44:00,1390.78,1390.78,1390.74,1390.74,-0.0,5.62,7813.02,-1
2026-06-29,2026-06-29 12:45:00,1390.74,1390.74,1390.69,1390.69,-0.0,5.62,7813.02,-1
2026-06-29,2026-06-29 12:46:00,1390.69,1390.69,1390.65,1390.65,-0.0,5.62,7813.02,-1
2026-06-29,2026-06-29 12:47:00,1390.65,1390.65,1390.61,1390.61,-0.0,5.62,7813.02,-1
2026-06-29,2026-06-29 12:48:00,1390.61,1390.61,1390.57,1390.57,-0.0,5.62,7813.02,-1
2026-06-29,2026-06-29 12:49:00,1390.57,1390.57,1390.53,1390.53,-0.0,5.62,7813.02,-1
2026-06-29,2026-06-29 12:50:00,1390.53,1390.53,1390.48,1390.48,-0.0,5.62,7813.02,-1
2026-06-29,2026-06-29 12:51:00,1390.48,1390.48,1390.44,1390.44,-0.0,5.62,7813.02,-1
2026-06-29,2026-06-29 12:52:00,1390.44,1390.44,1390.4,1390.4,-0.0,5.62,7813.02,-1
2026-06-29,2026-06-29 12:53:00,1390.4,1390.4,1390.36,1390.36,-0.0,5.62,7813.02,-1
2026-06-29,2026-06-29 12:54:00,1390.36,1390.36,1390.31,1390.31,-0.0,5.62,7813.02,-1
2026-06-29,2026-06-29 12:55:00,1390.31,1390.31,1390.27,1390.27,-0.0,5.62,7813.02,-1
2026-06-29,2026-06-29 12:56:00,1390.27,1390.27,1390.23,1390.23,-0.0,5.62,7813.02,-1
2026-06-29,2026-06-29 12:57:00,1390.23,1390.23,1390.18,1390.18,-0.0,5.62,7813.02,-1
2026-06-29,2026-06-29 12:58:00,1390.18,1390.18,1390.14,1390.14,-0.0,5.62,7813.02,-1
2026-06-29,2026-06-29 12:59:00,1390.14,1390.14,1390.1,1390.1,-0.0,5.62,7813.02,-1
2026-06-29,2026-06-29 13:00:00,1390.1,1410.0,1385.0,1390.06,-0.0,5.62,7813.02,-1
2026-06-29,2026-06-29 13:01:00,1390.06,1390.06,1390.02,1390.02,-0.0,5.62,7813.02,-1
2026-06-29,2026-06-29 13:02:00,1390.02,1390.02,1389.97,1389.97,-0.0,5.62,7813.02,-1
2026-06-29,2026-06-29 13:03:00,1389.97,1389.97,1389.93,1389.93,-0.0,5.62,7813.02,-1
2026-06-29,2026-06-29 13:04:00,1389.93,1389.93,1389.89,1389.89,-0.0,5.62,7813.02,-1
2026-06-29,2026-06-29 13:05:00,1389.89,1389.89,1389.85,1389.85,-0.0,5.62,7813.02,-1
2026-06-29,2026-06-29 13:06:00,1389.85,1389.85,1389.8,1389.8,-0.0,5.62,7813.02,-1
2026-06-29,2026-06-29 13:07:00,1389.8,1389.8,1389.76,1389.76,-0.0,5.62,7813.02,-1
2026-06-29,2026-06-29 13:08:00,1389.76,1389.76,1389.72,1389.72,-0.0,5.62,7813.02,-1
2026-06-29,2026-06-29 13:09:00,1389.72,1389.72,1389.67,1389.67,-0.0,5.62,7813.02,-1
2026-06-29,2026-06-29 13:10:00,1389.67,1389.67,1389.63,1389.63,-0.0,5.62,7813.02,-1
2026-06-29,2026-06-29 13:11:00,1389.63,1389.63,1389.59,1389.59,-0.0,5.62,7813.02,-1
2026-06-29,2026-06-29 13:12:00,1389.59,1389.59,1389.55,1389.55,-0.0,5.62,7813.02,-1
2026-06-29,2026-06-29 13:13:00,1389.55,1389.55,1389.51,1389.51,-0.0,5.62,7813.02,-1
2026-06-29,2026-06-29 13:14:00,1389.51,1389.51,1389.46,1389.46,-0.0,5.62,7813.02,-1
2026-06-29,2026-06-29 13:15:00,1389.46,1389.46,1389.42,1389.42,-0.0,5.62,7813.02,-1
2026-06-29,2026-06-29 13:16:00,1389.42,1389.42,1389.38,1389.38,-0.0,5.62,7813.02,-1
2026-06-29,2026-06-29 13:17:00,1389.38,1389.38,1389.34,1389.34,-0.0,5.62,7813.02,-1
2026-06-29,2026-06-29 13:18:00,1389.34,1389.34,1389.29,1389.29,-0.0,5.62,7813.02,-1
2026-06-29,2026-06-29 13:19:00,1389.29,1389.29,1389.25,1389.25,-0.0,5.62,7813.02,-1
2026-06-29,2026-06-29 13:20:00,1389.25,1389.25,1389.21,1389.21,-0.0,5.62,7813.02,-1
2026-06-29,2026-06-29 13:21:00,1389.21,1389.21,1389.16,1389.16,-0.0,5.62,7813.02,-1
2026-06-29,2026-06-29 13:22:00,1389.16,1389.16,1389.12,1389.12,-0.0,5.62,7813.02,-1
2026-06-29,2026-06-29 13:23:00,1389.12,1389.12,1389.08,1389.08,-0.0,5.62,7813.02,-1
2026-06-29,2026-06-29 13:24:00,1389.08,1389.08,1389.04,1389.04,-0.0,5.62,7813.02,-1
2026-06-29,2026-06-29 13:25:00,1389.04,1389.04,1389.0,1389.0,-0.0,5.62,7813.02,-1
2026-06-29,2026-06-29 13:26:00,1389.0,1389.0,1388.95,1388.95,-0.0,5.62,7813.02,-1
2026-06-29,2026-06-29 13:27:00,1388.95,1388.95,1388.91,1388.91,-0.0,5.62,7813.02,-1
2026-06-29,2026-06-29 13:28:00,1388.91,1388.91,1388.87,1388.87,-0.0,5.62,7813.02,-1
2026-06-29,2026-06-29 13:29:00,1388.87,1388.87,1388.83,1388.83,-0.0,5.62,7813.02,-1
2026-06-29,2026-06-29 13:30:00,1388.83,1388.83,1388.78,1388.78,-0.0,5.62,7813.02,-1
2026-06-29,2026-06-29 13:31:00,1388.78,1388.78,1388.74,1388.74,-0.0,5.62,7813.02,-1
2026-06-29,2026-06-29 13:32:00,1388.74,1388.74,1388.7,1388.7,-0.0,5.62,7813.02,-1
2026-06-29,2026-06-29 13:33:00,1388.7,1388.7,1388.65,1388.65,-0.0,5.62,7813.02,-1
2026-06-29,2026-06-29 13:34:00,1388.65,1388.65,1388.61,1388.61,-0.0,5.62,7813.02,-1
2026-06-29,2026-06-29 13:35:00,1388.61,1388.61,1388.57,1388.57,-0.0,5.62,7813.02,-1
2026-06-29,2026-06-29 13:36:00,1388.57,1388.57,1388.53,1388.53,-0.0,5.62,7813.02,-1
2026-06-29,2026-06-29 13:37:00,1388.53,1388.53,1388.49,1388.49,-0.0,5.62,7813.02,-1
2026-06-29,2026-06-29 13:38:00,1388.49,1388.49,1388.44,1388.44,-0.0,5.62,7813.02,-1
2026-06-29,2026-06-29 13:39:00,1388.44,1388.44,1388.4,1388.4,-0.0,5.62,7813.02,-1
2026-06-29,2026-06-29 13:40:00,1388.4,1388.4,1388.36,1388.36,-0.0,5.62,7813.02,-1
2026-06-29,2026-06-29 13:41:00,1388.36,1388.36,1388.32,1388.32,-0.0,5.62,7813.02,-1
2026-06-29,2026-06-29 13:42:00,1388.32,1388.32,1388.27,1388.27,-0.0,5.62,7813.02,-1
2026-06-29,2026-06-29 13:43:00,1388.27,1388.27,1388.23,1388.23,-0.0,5.62,7813.02,-1
2026-06-29,2026-06-29 13:44:00,1388.23,1388.23,1388.19,1388.19,-0.0,5.62,7813.02,-1
2026-06-29,2026-06-29 13:45:00,1388.19,1388.19,1388.14,1388.14,-0.0,5.62,7813.02,-1
2026-06-29,2026-06-29 13:46:00,1388.14,1388.14,1388.1,1388.1,-0.0,5.62,7813.02,-1
2026-06-29,2026-06-29 13:47:00,1388.1,1388.1,1388.06,1388.06,-0.0,5.62,7813.02,-1
2026-06-29,2026-06-29 13:48:00,1388.06,1388.06,1388.02,1388.02,-0.0,5.62,7813.02,-1
2026-06-29,2026-06-29 13:49:00,1388.02,1388.02,1387.97,1387.97,-0.0,5.62,7813.02,-1
2026-06-29,2026-06-29 13:50:00,1387.97,1387.97,1387.93,1387.93,-0.0,5.62,7813.02,-1
2026-06-29,2026-06-29 13:51:00,1387.93,1387.93,1387.89,1387.89,-0.0,5.62,7813.02,-1
2026-06-29,2026-06-29 13:52:00,1387.89,1387.89,1387.85,1387.85,-0.0,5.62,7813.02,-1
2026-06-29,2026-06-29 13:53:00,1387.85,1387.85,1387.81,1387.81,-0.0,5.62,7813.02,-1
2026-06-29,2026-06-29 13:54:00,1387.81,1387.81,1387.76,1387.76,-0.0,5.62,7813.02,-1
2026-06-29,2026-06-29 13:55:00,1387.76,1387.76,1387.72,1387.72,-0.0,5.62,7813.02,-1
2026-06-29,2026-06-29 13:56:00,1387.72,1387.72,1387.68,1387.68,-0.0,5.62,7813.02,-1
2026-06-29,2026-06-29 13:57:00,1387.68,1387.68,1387.63,1387.63,-0.0,5.62,7813.02,-1
2026-06-29,2026-06-29 13:58:00,1387.63,1387.63,1387.59,1387.59,-0.0,5.62,7813.02,-1
2026-06-29,2026-06-29 13:59:00,1387.59,1387.59,1387.55,1387.55,-0.0,5.62,7813.02,-1
2026-06-29,2026-06-29 14:00:00,1387.55,1387.55,1387.51,1387.51,-0.0,5.62,7813.02,-1
2026-06-29,2026-06-29 14:01:00,1387.51,1387.51,1387.46,1387.46,-0.0,5.62,7813.02,-1
2026-06-29,2026-06-29 14:02:00,1387.46,1387.46,1387.42,1387.42,-0.0,5.62,7813.02,-1
2026-06-29,2026-06-29 14:03:00,1387.42,1387.42,1387.38,1387.38,-0.0,5.62,7813.02,-1
2026-06-29,2026-06-29 14:04:00,1387.38,1387.38,1387.34,1387.34,-0.0,5.62,7813.02,-1
2026-06-29,2026-06-29 14:05:00,1387.34,1387.34,1387.3,1387.3,-0.0,5.62,7813.02,-1
2026-06-29,2026-06-29 14:06:00,1387.3,1387.3,1387.25,1387.25,-0.0,5.62,7813.02,-1
2026-06-29,2026-06-29 14:07:00,1387.25,1387.25,1387.21,1387.21,-0.0,5.62,7813.02,-1
2026-06-29,2026-06-29 14:08:00,1387.21,1387.21,1387.17,1387.17,-0.0,5.62,7813.02,-1
2026-06-29,2026-06-29 14:09:00,1387.17,1387.17,1387.12,1387.12,-0.0,5.62,7813.02,-1
2026-06-29,2026-06-29 14:10:00,1387.12,1387.12,1387.08,1387.08,-0.0,5.62,7813.02,-1
2026-06-29,2026-06-29 14:11:00,1387.08,1387.08,1387.04,1387.04,-0.0,5.62,7813.02,-1
2026-06-29,2026-06-29 14:12:00,1387.04,1387.04,1387.0,1387.0,-0.0,5.62,7813.02,-1
2026-06-29,2026-06-29 14:13:00,1387.0,1387.0,1386.95,1386.95,-0.0,5.62,7813.02,-1
2026-06-29,2026-06-29 14:14:00,1386.95,1386.95,1386.91,1386.91,-0.0,5.62,7813.02,-1
2026-06-29,2026-06-29 14:15:00,1386.91,1386.91,1386.87,1386.87,-0.0,5.62,7813.02,-1
2026-06-29,2026-06-29 14:16:00,1386.87,1386.87,1386.83,1386.83,-0.0,5.62,7813.02,-1
2026-06-29,2026-06-29 14:17:00,1386.83,1386.83,1386.79,1386.79,-0.0,5.62,7813.02,-1
2026-06-29,2026-06-29 14:18:00,1386.79,1386.79,1386.74,1386.74,-0.0,5.62,7813.02,-1
2026-06-29,2026-06-29 14:19:00,1386.74,1386.74,1386.7,1386.7,-0.0,5.62,7813.02,-1
2026-06-29,2026-06-29 14:20:00,1386.7,1386.7,1386.66,1386.66,-0.0,5.62,7813.02,-1
2026-06-29,2026-06-29 14:21:00,1386.66,1386.66,1386.62,1386.62,-0.0,5.62,7813.02,-1
2026-06-29,2026-06-29 14:22:00,1386.62,1386.62,1386.57,1386.57,-0.0,5.62,7813.02,-1
2026-06-29,2026-06-29 14:23:00,1386.57,1386.57,1386.53,1386.53,-0.0,5.62,7813.02,-1
2026-06-29,2026-06-29 14:24:00,1386.53,1386.53,1386.49,1386.49,-0.0,5.62,7813.02,-1
2026-06-29,2026-06-29 14:25:00,1386.49,1386.49,1386.44,1386.44,-0.0,5.62,7813.02,-1
2026-06-29,2026-06-29 14:26:00,1386.44,1386.44,1386.4,1386.4,-0.0,5.62,7813.02,-1
2026-06-29,2026-06-29 14:27:00,1386.4,1386.4,1386.36,1386.36,-0.0,5.62,7813.02,-1
2026-06-29,2026-06-29 14:28:00,1386.36,1386.36,1386.32,1386.32,-0.0,5.62,7813.02,-1
2026-06-29,2026-06-29 14:29:00,1386.32,1386.32,1386.28,1386.28,-0.0,5.62,7813.02,-1
2026-06-29,2026-06-29 14:30:00,1386.28,1386.28,1386.23,1386.23,-0.0,5.62,7813.02,-1
2026-06-29,2026-06-29 14:31:00,1386.23,1386.23,1386.19,1386.19,-0.0,5.62,7813.02,-1
2026-06-29,2026-06-29 14:32:00,1386.19,1386.19,1386.15,1386.15,-0.0,5.62,7813.02,-1
2026-06-29,2026-06-29 14:33:00,1386.15,1386.15,1386.11,1386.11,-0.0,5.62,7813.02,-1
2026-06-29,2026-06-29 14:34:00,1386.11,1386.11,1386.06,1386.06,-0.0,5.62,7813.02,-1
2026-06-29,2026-06-29 14:35:00,1386.06,1386.06,1386.02,1386.02,-0.0,5.62,7813.02,-1
2026-06-29,2026-06-29 14:36:00,1386.02,1386.02,1385.98,1385.98,-0.0,5.62,7813.02,-1
2026-06-29,2026-06-29 14:37:00,1385.98,1385.98,1385.93,1385.93,-0.0,5.62,7813.02,-1
2026-06-29,2026-06-29 14:38:00,1385.93,1385.93,1385.89,1385.89,-0.0,5.62,7813.02,-1
2026-06-29,2026-06-29 14:39:00,1385.89,1385.89,1385.85,1385.85,-0.0,5.62,7813.02,-1
2026-06-29,2026-06-29 14:40:00,1385.85,1385.85,1385.81,1385.81,-0.0,5.62,7813.02,-1
2026-06-29,2026-06-29 14:41:00,1385.81,1385.81,1385.77,1385.77,-0.0,5.62,7813.02,-1
2026-06-29,2026-06-29 14:42:00,1385.77,1385.77,1385.72,1385.72,-0.0,5.62,7813.02,-1
2026-06-29,2026-06-29 14:43:00,1385.72,1385.72,1385.68,1385.68,-0.0,5.62,7813.02,-1
2026-06-29,2026-06-29 14:44:00,1385.68,1385.68,1385.64,1385.64,-0.0,5.62,7813.02,-1
2026-06-29,2026-06-29 14:45:00,1385.64,1385.64,1385.6,1385.6,-0.0,5.62,7813.02,-1
2026-06-29,2026-06-29 14:46:00,1385.6,1385.6,1385.55,1385.55,-0.0,5.62,7813.02,-1
2026-06-29,2026-06-29 14:47:00,1385.55,1385.55,1385.51,1385.51,-0.0,5.62,7813.02,-1
2026-06-29,2026-06-29 14:48:00,1385.51,1385.51,1385.47,1385.47,-0.0,5.62,7813.02,-1
2026-06-29,2026-06-29 14:49:00,1385.47,1385.47,1385.42,1385.42,-0.0,5.62,7813.02,-1
2026-06-29,2026-06-29 14:50:00,1385.42,1385.42,1385.38,1385.38,-0.0,5.62,7813.02,-1
2026-06-29,2026-06-29 14:51:00,1385.38,1385.38,1385.34,1385.34,-0.0,5.62,7813.02,-1
2026-06-29,2026-06-29 14:52:00,1385.34,1385.34,1385.3,1385.3,-0.0,5.62,7813.02,-1
2026-06-29,2026-06-29 14:53:00,1385.3,1385.3,1385.26,1385.26,-0.0,5.62,7813.02,-1
2026-06-29,2026-06-29 14:54:00,1385.26,1385.26,1385.21,1385.21,-0.0,5.62,7813.02,-1
2026-06-29,2026-06-29 14:55:00,1385.21,1385.21,1385.17,1385.17,-0.0,5.62,7813.02,-1
2026-06-29,2026-06-29 14:56:00,1385.17,1385.17,1385.13,1385.13,-0.0,5.62,7813.02,-1
2026-06-29,2026-06-29 14:57:00,1385.13,1385.13,1385.09,1385.09,-0.0,5.62,7813.02,-1
2026-06-29,2026-06-29 14:58:00,1385.09,1385.09,1385.04,1385.04,-0.0,5.62,7813.02,-1
2026-06-29,2026-06-29 14:59:00,1385.04,1385.04,1385.0,1385.0,-0.0,5.62,7813.02,-1
2026-06-29,2026-06-29 15:00:00,1385.0,1410.0,1385.0,1385.0,0.0,5.62,7813.02,0
2026-06-30,2026-06-30 11:00:00,1385.0,1386.5,1374.5,1384.88,-0.01,3.58,4879.45,-1
2026-06-30,2026-06-30 11:01:00,1384.88,1384.88,1384.77,1384.77,-0.01,3.58,4879.45,-1
2026-06-30,2026-06-30 11:02:00,1384.77,1384.77,1384.65,1384.65,-0.01,3.58,4879.45,-1
2026-06-30,2026-06-30 11:03:00,1384.65,1384.65,1384.53,1384.53,-0.01,3.58,4879.45,-1
2026-06-30,2026-06-30 11:04:00,1384.53,1384.53,1384.42,1384.42,-0.01,3.58,4879.45,-1
2026-06-30,2026-06-30 11:05:00,1384.42,1384.42,1384.3,1384.3,-0.01,3.58,4879.45,-1
2026-06-30,2026-06-30 11:06:00,1384.3,1384.3,1384.18,1384.18,-0.01,3.58,4879.45,-1
2026-06-30,2026-06-30 11:07:00,1384.18,1384.18,1384.07,1384.07,-0.01,3.58,4879.45,-1
2026-06-30,2026-06-30 11:08:00,1384.07,1384.07,1383.95,1383.95,-0.01,3.58,4879.45,-1
2026-06-30,2026-06-30 11:09:00,1383.95,1383.95,1383.83,1383.83,-0.01,3.58,4879.45,-1
2026-06-30,2026-06-30 11:10:00,1383.83,1383.83,1383.72,1383.72,-0.01,3.58,4879.45,-1
2026-06-30,2026-06-30 11:11:00,1383.72,1383.72,1383.6,1383.6,-0.01,3.58,4879.45,-1
2026-06-30,2026-06-30 11:12:00,1383.6,1383.6,1383.48,1383.48,-0.01,3.58,4879.45,-1
2026-06-30,2026-06-30 11:13:00,1383.48,1383.48,1383.37,1383.37,-0.01,3.58,4879.45,-1
2026-06-30,2026-06-30 11:14:00,1383.37,1383.37,1383.25,1383.25,-0.01,3.58,4879.45,-1
2026-06-30,2026-06-30 11:15:00,1383.25,1383.25,1383.13,1383.13,-0.01,3.58,4879.45,-1
2026-06-30,2026-06-30 11:16:00,1383.13,1383.13,1383.02,1383.02,-0.01,3.58,4879.45,-1
2026-06-30,2026-06-30 11:17:00,1383.02,1383.02,1382.9,1382.9,-0.01,3.58,4879.45,-1
2026-06-30,2026-06-30 11:18:00,1382.9,1382.9,1382.78,1382.78,-0.01,3.58,4879.45,-1
2026-06-30,2026-06-30 11:19:00,1382.78,1382.78,1382.67,1382.67,-0.01,3.58,4879.45,-1
2026-06-30,2026-06-30 11:20:00,1382.67,1382.67,1382.55,1382.55,-0.01,3.58,4879.45,-1
2026-06-30,2026-06-30 11:21:00,1382.55,1382.55,1382.43,1382.43,-0.01,3.58,4879.45,-1
2026-06-30,2026-06-30 11:22:00,1382.43,1382.43,1382.32,1382.32,-0.01,3.58,4879.45,-1
2026-06-30,2026-06-30 11:23:00,1382.32,1382.32,1382.2,1382.2,-0.01,3.58,4879.45,-1
2026-06-30,2026-06-30 11:24:00,1382.2,1382.2,1382.08,1382.08,-0.01,3.58,4879.45,-1
2026-06-30,2026-06-30 11:25:00,1382.08,1382.08,1381.97,1381.97,-0.01,3.58,4879.45,-1
2026-06-30,2026-06-30 11:26:00,1381.97,1381.97,1381.85,1381.85,-0.01,3.58,4879.45,-1
2026-06-30,2026-06-30 11:27:00,1381.85,1381.85,1381.73,1381.73,-0.01,3.58,4879.45,-1
2026-06-30,2026-06-30 11:28:00,1381.73,1381.73,1381.62,1381.62,-0.01,3.58,4879.45,-1
2026-06-30,2026-06-30 11:29:00,1381.62,1381.62,1381.5,1381.5,-0.01,3.58,4879.45,-1
2026-06-30,2026-06-30 11:30:00,1381.5,1381.5,1381.38,1381.38,-0.01,3.58,4879.45,-1
2026-06-30,2026-06-30 11:31:00,1381.38,1381.38,1381.27,1381.27,-0.01,3.58,4879.45,-1
2026-06-30,2026-06-30 11:32:00,1381.27,1381.27,1381.15,1381.15,-0.01,3.58,4879.45,-1
2026-06-30,2026-06-30 11:33:00,1381.15,1381.15,1381.03,1381.03,-0.01,3.58,4879.45,-1
2026-06-30,2026-06-30 11:34:00,1381.03,1381.03,1380.92,1380.92,-0.01,3.58,4879.45,-1
2026-06-30,2026-06-30 11:35:00,1380.92,1380.92,1380.8,1380.8,-0.01,3.58,4879.45,-1
2026-06-30,2026-06-30 11:36:00,1380.8,1380.8,1380.68,1380.68,-0.01,3.58,4879.45,-1
2026-06-30,2026-06-30 11:37:00,1380.68,1380.68,1380.57,1380.57,-0.01,3.58,4879.45,-1
2026-06-30,2026-06-30 11:38:00,1380.57,1380.57,1380.45,1380.45,-0.01,3.58,4879.45,-1
2026-06-30,2026-06-30 11:39:00,1380.45,1380.45,1380.33,1380.33,-0.01,3.58,4879.45,-1
2026-06-30,2026-06-30 11:40:00,1380.33,1380.33,1380.22,1380.22,-0.01,3.58,4879.45,-1
2026-06-30,2026-06-30 11:41:00,1380.22,1380.22,1380.1,1380.1,-0.01,3.58,4879.45,-1
2026-06-30,2026-06-30 11:42:00,1380.1,1380.1,1379.98,1379.98,-0.01,3.58,4879.45,-1
2026-06-30,2026-06-30 11:43:00,1379.98,1379.98,1379.87,1379.87,-0.01,3.58,4879.45,-1
2026-06-30,2026-06-30 11:44:00,1379.87,1379.87,1379.75,1379.75,-0.01,3.58,4879.45,-1
2026-06-30,2026-06-30 11:45:00,1379.75,1379.75,1379.63,1379.63,-0.01,3.58,4879.45,-1
2026-06-30,2026-06-30 11:46:00,1379.63,1379.63,1379.52,1379.52,-0.01,3.58,4879.45,-1
2026-06-30,2026-06-30 11:47:00,1379.52,1379.52,1379.4,1379.4,-0.01,3.58,4879.45,-1
2026-06-30,2026-06-30 11:48:00,1379.4,1379.4,1379.28,1379.28,-0.01,3.58,4879.45,-1
2026-06-30,2026-06-30 11:49:00,1379.28,1379.28,1379.17,1379.17,-0.01,3.58,4879.45,-1
2026-06-30,2026-06-30 11:50:00,1379.17,1379.17,1379.05,1379.05,-0.01,3.58,4879.45,-1
2026-06-30,2026-06-30 11:51:00,1379.05,1379.05,1378.93,1378.93,-0.01,3.58,4879.45,-1
2026-06-30,2026-06-30 11:52:00,1378.93,1378.93,1378.82,1378.82,-0.01,3.58,4879.45,-1
2026-06-30,2026-06-30 11:53:00,1378.82,1378.82,1378.7,1378.7,-0.01,3.58,4879.45,-1
2026-06-30,2026-06-30 11:54:00,1378.7,1378.7,1378.58,1378.58,-0.01,3.58,4879.45,-1
2026-06-30,2026-06-30 11:55:00,1378.58,1378.58,1378.47,1378.47,-0.01,3.58,4879.45,-1
2026-06-30,2026-06-30 11:56:00,1378.47,1378.47,1378.35,1378.35,-0.01,3.58,4879.45,-1
2026-06-30,2026-06-30 11:57:00,1378.35,1378.35,1378.23,1378.23,-0.01,3.58,4879.45,-1
2026-06-30,2026-06-30 11:58:00,1378.23,1378.23,1378.12,1378.12,-0.01,3.58,4879.45,-1
2026-06-30,2026-06-30 11:59:00,1378.12,1378.12,1378.0,1378.0,-0.01,3.58,4879.45,-1
2026-06-30,2026-06-30 12:00:00,1378.0,1378.0,1377.88,1377.88,-0.01,3.58,4879.45,-1
2026-06-30,2026-06-30 12:01:00,1377.88,1377.88,1377.77,1377.77,-0.01,3.58,4879.45,-1
2026-06-30,2026-06-30 12:02:00,1377.77,1377.77,1377.65,1377.65,-0.01,3.58,4879.45,-1
2026-06-30,2026-06-30 12:03:00,1377.65,1377.65,1377.53,1377.53,-0.01,3.58,4879.45,-1
2026-06-30,2026-06-30 12:04:00,1377.53,1377.53,1377.42,1377.42,-0.01,3.58,4879.45,-1
2026-06-30,2026-06-30 12:05:00,1377.42,1377.42,1377.3,1377.3,-0.01,3.58,4879.45,-1
2026-06-30,2026-06-30 12:06:00,1377.3,1377.3,1377.18,1377.18,-0.01,3.58,4879.45,-1
2026-06-30,2026-06-30 12:07:00,1377.18,1377.18,1377.07,1377.07,-0.01,3.58,4879.45,-1
2026-06-30,2026-06-30 12:08:00,1377.07,1377.07,1376.95,1376.95,-0.01,3.58,4879.45,-1
2026-06-30,2026-06-30 12:09:00,1376.95,1376.95,1376.83,1376.83,-0.01,3.58,4879.45,-1
2026-06-30,2026-06-30 12:10:00,1376.83,1376.83,1376.72,1376.72,-0.01,3.58,4879.45,-1
2026-06-30,2026-06-30 12:11:00,1376.72,1376.72,1376.6,1376.6,-0.01,3.58,4879.45,-1
2026-06-30,2026-06-30 12:12:00,1376.6,1376.6,1376.48,1376.48,-0.01,3.58,4879.45,-1
2026-06-30,2026-06-30 12:13:00,1376.48,1376.48,1376.37,1376.37,-0.01,3.58,4879.45,-1
2026-06-30,2026-06-30 12:14:00,1376.37,1376.37,1376.25,1376.25,-0.01,3.58,4879.45,-1
2026-06-30,2026-06-30 12:15:00,1376.25,1376.25,1376.13,1376.13,-0.01,3.58,4879.45,-1
2026-06-30,2026-06-30 12:16:00,1376.13,1376.13,1376.02,1376.02,-0.01,3.58,4879.45,-1
2026-06-30,2026-06-30 12:17:00,1376.02,1376.02,1375.9,1375.9,-0.01,3.58,4879.45,-1
2026-06-30,2026-06-30 12:18:00,1375.9,1375.9,1375.78,1375.78,-0.01,3.58,4879.45,-1
2026-06-30,2026-06-30 12:19:00,1375.78,1375.78,1375.67,1375.67,-0.01,3.58,4879.45,-1
2026-06-30,2026-06-30 12:20:00,1375.67,1375.67,1375.55,1375.55,-0.01,3.58,4879.45,-1
2026-06-30,2026-06-30 12:21:00,1375.55,1375.55,1375.43,1375.43,-0.01,3.58,4879.45,-1
2026-06-30,2026-06-30 12:22:00,1375.43,1375.43,1375.32,1375.32,-0.01,3.58,4879.45,-1
2026-06-30,2026-06-30 12:23:00,1375.32,1375.32,1375.2,1375.2,-0.01,3.58,4879.45,-1
2026-06-30,2026-06-30 12:24:00,1375.2,1375.2,1375.08,1375.08,-0.01,3.58,4879.45,-1
2026-06-30,2026-06-30 12:25:00,1375.08,1375.08,1374.97,1374.97,-0.01,3.58,4879.45,-1
2026-06-30,2026-06-30 12:26:00,1374.97,1374.97,1374.85,1374.85,-0.01,3.58,4879.45,-1
2026-06-30,2026-06-30 12:27:00,1374.85,1374.85,1374.73,1374.73,-0.01,3.58,4879.45,-1
2026-06-30,2026-06-30 12:28:00,1374.73,1374.73,1374.62,1374.62,-0.01,3.58,4879.45,-1
2026-06-30,2026-06-30 12:29:00,1374.62,1374.62,1374.5,1374.5,-0.01,3.58,4879.45,-1
2026-06-30,2026-06-30 12:30:00,1374.5,1374.5,1374.38,1374.38,-0.01,3.58,4879.45,-1
2026-06-30,2026-06-30 12:31:00,1374.38,1374.38,1374.27,1374.27,-0.01,3.58,4879.45,-1
2026-06-30,2026-06-30 12:32:00,1374.27,1374.27,1374.15,1374.15,-0.01,3.58,4879.45,-1
2026-06-30,2026-06-30 12:33:00,1374.15,1374.15,1374.03,1374.03,-0.01,3.58,4879.45,-1
2026-06-30,2026-06-30 12:34:00,1374.03,1374.03,1373.92,1373.92,-0.01,3.58,4879.45,-1
2026-06-30,2026-06-30 12:35:00,1373.92,1373.92,1373.8,1373.8,-0.01,3.58,4879.45,-1
2026-06-30,2026-06-30 12:36:00,1373.8,1373.8,1373.68,1373.68,-0.01,3.58,4879.45,-1
2026-06-30,2026-06-30 12:37:00,1373.68,1373.68,1373.57,1373.57,-0.01,3.58,4879.45,-1
2026-06-30,2026-06-30 12:38:00,1373.57,1373.57,1373.45,1373.45,-0.01,3.58,4879.45,-1
2026-06-30,2026-06-30 12:39:00,1373.45,1373.45,1373.33,1373.33,-0.01,3.58,4879.45,-1
2026-06-30,2026-06-30 12:40:00,1373.33,1373.33,1373.22,1373.22,-0.01,3.58,4879.45,-1
2026-06-30,2026-06-30 12:41:00,1373.22,1373.22,1373.1,1373.1,-0.01,3.58,4879.45,-1
2026-06-30,2026-06-30 12:42:00,1373.1,1373.1,1372.98,1372.98,-0.01,3.58,4879.45,-1
2026-06-30,2026-06-30 12:43:00,1372.98,1372.98,1372.87,1372.87,-0.01,3.58,4879.45,-1
2026-06-30,2026-06-30 12:44:00,1372.87,1372.87,1372.75,1372.75,-0.01,3.58,4879.45,-1
2026-06-30,2026-06-30 12:45:00,1372.75,1372.75,1372.63,1372.63,-0.01,3.58,4879.45,-1
2026-06-30,2026-06-30 12:46:00,1372.63,1372.63,1372.52,1372.52,-0.01,3.58,4879.45,-1
2026-06-30,2026-06-30 12:47:00,1372.52,1372.52,1372.4,1372.4,-0.01,3.58,4879.45,-1
2026-06-30,2026-06-30 12:48:00,1372.4,1372.4,1372.28,1372.28,-0.01,3.58,4879.45,-1
2026-06-30,2026-06-30 12:49:00,1372.28,1372.28,1372.17,1372.17,-0.01,3.58,4879.45,-1
2026-06-30,2026-06-30 12:50:00,1372.17,1372.17,1372.05,1372.05,-0.01,3.58,4879.45,-1
2026-06-30,2026-06-30 12:51:00,1372.05,1372.05,1371.93,1371.93,-0.01,3.58,4879.45,-1
2026-06-30,2026-06-30 12:52:00,1371.93,1371.93,1371.82,1371.82,-0.01,3.58,4879.45,-1
2026-06-30,2026-06-30 12:53:00,1371.82,1371.82,1371.7,1371.7,-0.01,3.58,4879.45,-1
2026-06-30,2026-06-30 12:54:00,1371.7,1371.7,1371.58,1371.58,-0.01,3.58,4879.45,-1
2026-06-30,2026-06-30 12:55:00,1371.58,1371.58,1371.47,1371.47,-0.01,3.58,4879.45,-1
2026-06-30,2026-06-30 12:56:00,1371.47,1371.47,1371.35,1371.35,-0.01,3.58,4879.45,-1
2026-06-30,2026-06-30 12:57:00,1371.35,1371.35,1371.23,1371.23,-0.01,3.58,4879.45,-1
2026-06-30,2026-06-30 12:58:00,1371.23,1371.23,1371.12,1371.12,-0.01,3.58,4879.45,-1
2026-06-30,2026-06-30 12:59:00,1371.12,1371.12,1371.0,1371.0,-0.01,3.58,4879.45,-1
2026-06-30,2026-06-30 13:00:00,1371.0,1390.0,1350.0,1370.88,-0.01,3.58,4879.45,-1
2026-06-30,2026-06-30 13:01:00,1370.88,1370.88,1370.77,1370.77,-0.01,3.58,4879.45,-1
2026-06-30,2026-06-30 13:02:00,1370.77,1370.77,1370.65,1370.65,-0.01,3.58,4879.45,-1
2026-06-30,2026-06-30 13:03:00,1370.65,1370.65,1370.53,1370.53,-0.01,3.58,4879.45,-1
2026-06-30,2026-06-30 13:04:00,1370.53,1370.53,1370.42,1370.42,-0.01,3.58,4879.45,-1
2026-06-30,2026-06-30 13:05:00,1370.42,1370.42,1370.3,1370.3,-0.01,3.58,4879.45,-1
2026-06-30,2026-06-30 13:06:00,1370.3,1370.3,1370.18,1370.18,-0.01,3.58,4879.45,-1
2026-06-30,2026-06-30 13:07:00,1370.18,1370.18,1370.07,1370.07,-0.01,3.58,4879.45,-1
2026-06-30,2026-06-30 13:08:00,1370.07,1370.07,1369.95,1369.95,-0.01,3.58,4879.45,-1
2026-06-30,2026-06-30 13:09:00,1369.95,1369.95,1369.83,1369.83,-0.01,3.58,4879.45,-1
2026-06-30,2026-06-30 13:10:00,1369.83,1369.83,1369.72,1369.72,-0.01,3.58,4879.45,-1
2026-06-30,2026-06-30 13:11:00,1369.72,1369.72,1369.6,1369.6,-0.01,3.58,4879.45,-1
2026-06-30,2026-06-30 13:12:00,1369.6,1369.6,1369.48,1369.48,-0.01,3.58,4879.45,-1
2026-06-30,2026-06-30 13:13:00,1369.48,1369.48,1369.37,1369.37,-0.01,3.58,4879.45,-1
2026-06-30,2026-06-30 13:14:00,1369.37,1369.37,1369.25,1369.25,-0.01,3.58,4879.45,-1
2026-06-30,2026-06-30 13:15:00,1369.25,1369.25,1369.13,1369.13,-0.01,3.58,4879.45,-1
2026-06-30,2026-06-30 13:16:00,1369.13,1369.13,1369.02,1369.02,-0.01,3.58,4879.45,-1
2026-06-30,2026-06-30 13:17:00,1369.02,1369.02,1368.9,1368.9,-0.01,3.58,4879.45,-1
2026-06-30,2026-06-30 13:18:00,1368.9,1368.9,1368.78,1368.78,-0.01,3.58,4879.45,-1
2026-06-30,2026-06-30 13:19:00,1368.78,1368.78,1368.67,1368.67,-0.01,3.58,4879.45,-1
2026-06-30,2026-06-30 13:20:00,1368.67,1368.67,1368.55,1368.55,-0.01,3.58,4879.45,-1
2026-06-30,2026-06-30 13:21:00,1368.55,1368.55,1368.43,1368.43,-0.01,3.58,4879.45,-1
2026-06-30,2026-06-30 13:22:00,1368.43,1368.43,1368.32,1368.32,-0.01,3.58,4879.45,-1
2026-06-30,2026-06-30 13:23:00,1368.32,1368.32,1368.2,1368.2,-0.01,3.58,4879.45,-1
2026-06-30,2026-06-30 13:24:00,1368.2,1368.2,1368.08,1368.08,-0.01,3.58,4879.45,-1
2026-06-30,2026-06-30 13:25:00,1368.08,1368.08,1367.97,1367.97,-0.01,3.58,4879.45,-1
2026-06-30,2026-06-30 13:26:00,1367.97,1367.97,1367.85,1367.85,-0.01,3.58,4879.45,-1
2026-06-30,2026-06-30 13:27:00,1367.85,1367.85,1367.73,1367.73,-0.01,3.58,4879.45,-1
2026-06-30,2026-06-30 13:28:00,1367.73,1367.73,1367.62,1367.62,-0.01,3.58,4879.45,-1
2026-06-30,2026-06-30 13:29:00,1367.62,1367.62,1367.5,1367.5,-0.01,3.58,4879.45,-1
2026-06-30,2026-06-30 13:30:00,1367.5,1367.5,1367.38,1367.38,-0.01,3.58,4879.45,-1
2026-06-30,2026-06-30 13:31:00,1367.38,1367.38,1367.27,1367.27,-0.01,3.58,4879.45,-1
2026-06-30,2026-06-30 13:32:00,1367.27,1367.27,1367.15,1367.15,-0.01,3.58,4879.45,-1
2026-06-30,2026-06-30 13:33:00,1367.15,1367.15,1367.03,1367.03,-0.01,3.58,4879.45,-1
2026-06-30,2026-06-30 13:34:00,1367.03,1367.03,1366.92,1366.92,-0.01,3.58,4879.45,-1
2026-06-30,2026-06-30 13:35:00,1366.92,1366.92,1366.8,1366.8,-0.01,3.58,4879.45,-1
2026-06-30,2026-06-30 13:36:00,1366.8,1366.8,1366.68,1366.68,-0.01,3.58,4879.45,-1
2026-06-30,2026-06-30 13:37:00,1366.68,1366.68,1366.57,1366.57,-0.01,3.58,4879.45,-1
2026-06-30,2026-06-30 13:38:00,1366.57,1366.57,1366.45,1366.45,-0.01,3.58,4879.45,-1
2026-06-30,2026-06-30 13:39:00,1366.45,1366.45,1366.33,1366.33,-0.01,3.58,4879.45,-1
2026-06-30,2026-06-30 13:40:00,1366.33,1366.33,1366.22,1366.22,-0.01,3.58,4879.45,-1
2026-06-30,2026-06-30 13:41:00,1366.22,1366.22,1366.1,1366.1,-0.01,3.58,4879.45,-1
2026-06-30,2026-06-30 13:42:00,1366.1,1366.1,1365.98,1365.98,-0.01,3.58,4879.45,-1
2026-06-30,2026-06-30 13:43:00,1365.98,1365.98,1365.87,1365.87,-0.01,3.58,4879.45,-1
2026-06-30,2026-06-30 13:44:00,1365.87,1365.87,1365.75,1365.75,-0.01,3.58,4879.45,-1
2026-06-30,2026-06-30 13:45:00,1365.75,1365.75,1365.63,1365.63,-0.01,3.58,4879.45,-1
2026-06-30,2026-06-30 13:46:00,1365.63,1365.63,1365.52,1365.52,-0.01,3.58,4879.45,-1
2026-06-30,2026-06-30 13:47:00,1365.52,1365.52,1365.4,1365.4,-0.01,3.58,4879.45,-1
2026-06-30,2026-06-30 13:48:00,1365.4,1365.4,1365.28,1365.28,-0.01,3.58,4879.45,-1
2026-06-30,2026-06-30 13:49:00,1365.28,1365.28,1365.17,1365.17,-0.01,3.58,4879.45,-1
2026-06-30,2026-06-30 13:50:00,1365.17,1365.17,1365.05,1365.05,-0.01,3.58,4879.45,-1
2026-06-30,2026-06-30 13:51:00,1365.05,1365.05,1364.93,1364.93,-0.01,3.58,4879.45,-1
2026-06-30,2026-06-30 13:52:00,1364.93,1364.93,1364.82,1364.82,-0.01,3.58,4879.45,-1
2026-06-30,2026-06-30 13:53:00,1364.82,1364.82,1364.7,1364.7,-0.01,3.58,4879.45,-1
2026-06-30,2026-06-30 13:54:00,1364.7,1364.7,1364.58,1364.58,-0.01,3.58,4879.45,-1
2026-06-30,2026-06-30 13:55:00,1364.58,1364.58,1364.47,1364.47,-0.01,3.58,4879.45,-1
2026-06-30,2026-06-30 13:56:00,1364.47,1364.47,1364.35,1364.35,-0.01,3.58,4879.45,-1
2026-06-30,2026-06-30 13:57:00,1364.35,1364.35,1364.23,1364.23,-0.01,3.58,4879.45,-1
2026-06-30,2026-06-30 13:58:00,1364.23,1364.23,1364.12,1364.12,-0.01,3.58,4879.45,-1
2026-06-30,2026-06-30 13:59:00,1364.12,1364.12,1364.0,1364.0,-0.01,3.58,4879.45,-1
2026-06-30,2026-06-30 14:00:00,1364.0,1364.0,1363.88,1363.88,-0.01,3.58,4879.45,-1
2026-06-30,2026-06-30 14:01:00,1363.88,1363.88,1363.77,1363.77,-0.01,3.58,4879.45,-1
2026-06-30,2026-06-30 14:02:00,1363.77,1363.77,1363.65,1363.65,-0.01,3.58,4879.45,-1
2026-06-30,2026-06-30 14:03:00,1363.65,1363.65,1363.53,1363.53,-0.01,3.58,4879.45,-1
2026-06-30,2026-06-30 14:04:00,1363.53,1363.53,1363.42,1363.42,-0.01,3.58,4879.45,-1
2026-06-30,2026-06-30 14:05:00,1363.42,1363.42,1363.3,1363.3,-0.01,3.58,4879.45,-1
2026-06-30,2026-06-30 14:06:00,1363.3,1363.3,1363.18,1363.18,-0.01,3.58,4879.45,-1
2026-06-30,2026-06-30 14:07:00,1363.18,1363.18,1363.07,1363.07,-0.01,3.58,4879.45,-1
2026-06-30,2026-06-30 14:08:00,1363.07,1363.07,1362.95,1362.95,-0.01,3.58,4879.45,-1
2026-06-30,2026-06-30 14:09:00,1362.95,1362.95,1362.83,1362.83,-0.01,3.58,4879.45,-1
2026-06-30,2026-06-30 14:10:00,1362.83,1362.83,1362.72,1362.72,-0.01,3.58,4879.45,-1
2026-06-30,2026-06-30 14:11:00,1362.72,1362.72,1362.6,1362.6,-0.01,3.58,4879.45,-1
2026-06-30,2026-06-30 14:12:00,1362.6,1362.6,1362.48,1362.48,-0.01,3.58,4879.45,-1
2026-06-30,2026-06-30 14:13:00,1362.48,1362.48,1362.37,1362.37,-0.01,3.58,4879.45,-1
2026-06-30,2026-06-30 14:14:00,1362.37,1362.37,1362.25,1362.25,-0.01,3.58,4879.45,-1
2026-06-30,2026-06-30 14:15:00,1362.25,1362.25,1362.13,1362.13,-0.01,3.58,4879.45,-1
2026-06-30,2026-06-30 14:16:00,1362.13,1362.13,1362.02,1362.02,-0.01,3.58,4879.45,-1
2026-06-30,2026-06-30 14:17:00,1362.02,1362.02,1361.9,1361.9,-0.01,3.58,4879.45,-1
2026-06-30,2026-06-30 14:18:00,1361.9,1361.9,1361.78,1361.78,-0.01,3.58,4879.45,-1
2026-06-30,2026-06-30 14:19:00,1361.78,1361.78,1361.67,1361.67,-0.01,3.58,4879.45,-1
2026-06-30,2026-06-30 14:20:00,1361.67,1361.67,1361.55,1361.55,-0.01,3.58,4879.45,-1
2026-06-30,2026-06-30 14:21:00,1361.55,1361.55,1361.43,1361.43,-0.01,3.58,4879.45,-1
2026-06-30,2026-06-30 14:22:00,1361.43,1361.43,1361.32,1361.32,-0.01,3.58,4879.45,-1
2026-06-30,2026-06-30 14:23:00,1361.32,1361.32,1361.2,1361.2,-0.01,3.58,4879.45,-1
2026-06-30,2026-06-30 14:24:00,1361.2,1361.2,1361.08,1361.08,-0.01,3.58,4879.45,-1
2026-06-30,2026-06-30 14:25:00,1361.08,1361.08,1360.97,1360.97,-0.01,3.58,4879.45,-1
2026-06-30,2026-06-30 14:26:00,1360.97,1360.97,1360.85,1360.85,-0.01,3.58,4879.45,-1
2026-06-30,2026-06-30 14:27:00,1360.85,1360.85,1360.73,1360.73,-0.01,3.58,4879.45,-1
2026-06-30,2026-06-30 14:28:00,1360.73,1360.73,1360.62,1360.62,-0.01,3.58,4879.45,-1
2026-06-30,2026-06-30 14:29:00,1360.62,1360.62,1360.5,1360.5,-0.01,3.58,4879.45,-1
2026-06-30,2026-06-30 14:30:00,1360.5,1360.5,1360.38,1360.38,-0.01,3.58,4879.45,-1
2026-06-30,2026-06-30 14:31:00,1360.38,1360.38,1360.27,1360.27,-0.01,3.58,4879.45,-1
2026-06-30,2026-06-30 14:32:00,1360.27,1360.27,1360.15,1360.15,-0.01,3.58,4879.45,-1
2026-06-30,2026-06-30 14:33:00,1360.15,1360.15,1360.03,1360.03,-0.01,3.58,4879.45,-1
2026-06-30,2026-06-30 14:34:00,1360.03,1360.03,1359.92,1359.92,-0.01,3.58,4879.45,-1
2026-06-30,2026-06-30 14:35:00,1359.92,1359.92,1359.8,1359.8,-0.01,3.58,4879.45,-1
2026-06-30,2026-06-30 14:36:00,1359.8,1359.8,1359.68,1359.68,-0.01,3.58,4879.45,-1
2026-06-30,2026-06-30 14:37:00,1359.68,1359.68,1359.57,1359.57,-0.01,3.58,4879.45,-1
2026-06-30,2026-06-30 14:38:00,1359.57,1359.57,1359.45,1359.45,-0.01,3.58,4879.45,-1
2026-06-30,2026-06-30 14:39:00,1359.45,1359.45,1359.33,1359.33,-0.01,3.58,4879.45,-1
2026-06-30,2026-06-30 14:40:00,1359.33,1359.33,1359.22,1359.22,-0.01,3.58,4879.45,-1
2026-06-30,2026-06-30 14:41:00,1359.22,1359.22,1359.1,1359.1,-0.01,3.58,4879.45,-1
2026-06-30,2026-06-30 14:42:00,1359.1,1359.1,1358.98,1358.98,-0.01,3.58,4879.45,-1
2026-06-30,2026-06-30 14:43:00,1358.98,1358.98,1358.87,1358.87,-0.01,3.58,4879.45,-1
2026-06-30,2026-06-30 14:44:00,1358.87,1358.87,1358.75,1358.75,-0.01,3.58,4879.45,-1
2026-06-30,2026-06-30 14:45:00,1358.75,1358.75,1358.63,1358.63,-0.01,3.58,4879.45,-1
2026-06-30,2026-06-30 14:46:00,1358.63,1358.63,1358.52,1358.52,-0.01,3.58,4879.45,-1
2026-06-30,2026-06-30 14:47:00,1358.52,1358.52,1358.4,1358.4,-0.01,3.58,4879.45,-1
2026-06-30,2026-06-30 14:48:00,1358.4,1358.4,1358.28,1358.28,-0.01,3.58,4879.45,-1
2026-06-30,2026-06-30 14:49:00,1358.28,1358.28,1358.17,1358.17,-0.01,3.58,4879.45,-1
2026-06-30,2026-06-30 14:50:00,1358.17,1358.17,1358.05,1358.05,-0.01,3.58,4879.45,-1
2026-06-30,2026-06-30 14:51:00,1358.05,1358.05,1357.93,1357.93,-0.01,3.58,4879.45,-1
2026-06-30,2026-06-30 14:52:00,1357.93,1357.93,1357.82,1357.82,-0.01,3.58,4879.45,-1
2026-06-30,2026-06-30 14:53:00,1357.82,1357.82,1357.7,1357.7,-0.01,3.58,4879.45,-1
2026-06-30,2026-06-30 14:54:00,1357.7,1357.7,1357.58,1357.58,-0.01,3.58,4879.45,-1
2026-06-30,2026-06-30 14:55:00,1357.58,1357.58,1357.47,1357.47,-0.01,3.58,4879.45,-1
2026-06-30,2026-06-30 14:56:00,1357.47,1357.47,1357.35,1357.35,-0.01,3.58,4879.45,-1
2026-06-30,2026-06-30 14:57:00,1357.35,1357.35,1357.23,1357.23,-0.01,3.58,4879.45,-1
2026-06-30,2026-06-30 14:58:00,1357.23,1357.23,1357.12,1357.12,-0.01,3.58,4879.45,-1
2026-06-30,2026-06-30 14:59:00,1357.12,1357.12,1357.0,1357.0,-0.01,3.58,4879.45,-1
2026-06-30,2026-06-30 15:00:00,1357.0,1390.0,1350.0,1357.0,0.0,3.58,4879.45,0
2026-07-01,2026-07-01 11:00:00,1289.2,1368.25,1289.2,1290.29,0.08,14.32,19964.24,1
2026-07-01,2026-07-01 11:01:00,1290.29,1291.37,1290.29,1291.37,0.08,14.32,19964.24,1
2026-07-01,2026-07-01 11:02:00,1291.37,1292.46,1291.37,1292.46,0.08,14.32,19964.24,1
2026-07-01,2026-07-01 11:03:00,1292.46,1293.55,1292.46,1293.55,0.08,14.32,19964.24,1
2026-07-01,2026-07-01 11:04:00,1293.55,1294.63,1293.55,1294.63,0.08,14.32,19964.24,1
2026-07-01,2026-07-01 11:05:00,1294.63,1295.72,1294.63,1295.72,0.08,14.32,19964.24,1
2026-07-01,2026-07-01 11:06:00,1295.72,1296.81,1295.72,1296.81,0.08,14.32,19964.24,1
2026-07-01,2026-07-01 11:07:00,1296.81,1297.89,1296.81,1297.89,0.08,14.32,19964.24,1
2026-07-01,2026-07-01 11:08:00,1297.89,1298.98,1297.89,1298.98,0.08,14.32,19964.24,1
2026-07-01,2026-07-01 11:09:00,1298.98,1300.07,1298.98,1300.07,0.08,14.32,19964.24,1
2026-07-01,2026-07-01 11:10:00,1300.07,1301.15,1300.07,1301.15,0.08,14.32,19964.24,1
2026-07-01,2026-07-01 11:11:00,1301.15,1302.24,1301.15,1302.24,0.08,14.32,19964.24,1
2026-07-01,2026-07-01 11:12:00,1302.24,1303.33,1302.24,1303.33,0.08,14.32,19964.24,1
2026-07-01,2026-07-01 11:13:00,1303.33,1304.41,1303.33,1304.41,0.08,14.32,19964.24,1
2026-07-01,2026-07-01 11:14:00,1304.41,1305.5,1304.41,1305.5,0.08,14.32,19964.24,1
2026-07-01,2026-07-01 11:15:00,1305.5,1306.59,1305.5,1306.59,0.08,14.32,19964.24,1
2026-07-01,2026-07-01 11:16:00,1306.59,1307.67,1306.59,1307.67,0.08,14.32,19964.24,1
2026-07-01,2026-07-01 11:17:00,1307.67,1308.76,1307.67,1308.76,0.08,14.32,19964.24,1
2026-07-01,2026-07-01 11:18:00,1308.76,1309.85,1308.76,1309.85,0.08,14.32,19964.24,1
2026-07-01,2026-07-01 11:19:00,1309.85,1310.93,1309.85,1310.93,0.08,14.32,19964.24,1
2026-07-01,2026-07-01 11:20:00,1310.93,1312.02,1310.93,1312.02,0.08,14.32,19964.24,1
2026-07-01,2026-07-01 11:21:00,1312.02,1313.11,1312.02,1313.11,0.08,14.32,19964.24,1
2026-07-01,2026-07-01 11:22:00,1313.11,1314.19,1313.11,1314.19,0.08,14.32,19964.24,1
2026-07-01,2026-07-01 11:23:00,1314.19,1315.28,1314.19,1315.28,0.08,14.32,19964.24,1
2026-07-01,2026-07-01 11:24:00,1315.28,1316.37,1315.28,1316.37,0.08,14.32,19964.24,1
2026-07-01,2026-07-01 11:25:00,1316.37,1317.45,1316.37,1317.45,0.08,14.32,19964.24,1
2026-07-01,2026-07-01 11:26:00,1317.45,1318.54,1317.45,1318.54,0.08,14.32,19964.24,1
2026-07-01,2026-07-01 11:27:00,1318.54,1319.63,1318.54,1319.63,0.08,14.32,19964.24,1
2026-07-01,2026-07-01 11:28:00,1319.63,1320.71,1319.63,1320.71,0.08,14.32,19964.24,1
2026-07-01,2026-07-01 11:29:00,1320.71,1321.8,1320.71,1321.8,0.08,14.32,19964.24,1
2026-07-01,2026-07-01 11:30:00,1321.8,1322.89,1321.8,1322.89,0.08,14.32,19964.24,1
2026-07-01,2026-07-01 11:31:00,1322.89,1323.97,1322.89,1323.97,0.08,14.32,19964.24,1
2026-07-01,2026-07-01 11:32:00,1323.97,1325.06,1323.97,1325.06,0.08,14.32,19964.24,1
2026-07-01,2026-07-01 11:33:00,1325.06,1326.15,1325.06,1326.15,0.08,14.32,19964.24,1
2026-07-01,2026-07-01 11:34:00,1326.15,1327.23,1326.15,1327.23,0.08,14.32,19964.24,1
2026-07-01,2026-07-01 11:35:00,1327.23,1328.32,1327.23,1328.32,0.08,14.32,19964.24,1
2026-07-01,2026-07-01 11:36:00,1328.32,1329.41,1328.32,1329.41,0.08,14.32,19964.24,1
2026-07-01,2026-07-01 11:37:00,1329.41,1330.49,1329.41,1330.49,0.08,14.32,19964.24,1
2026-07-01,2026-07-01 11:38:00,1330.49,1331.58,1330.49,1331.58,0.08,14.32,19964.24,1
2026-07-01,2026-07-01 11:39:00,1331.58,1332.67,1331.58,1332.67,0.08,14.32,19964.24,1
2026-07-01,2026-07-01 11:40:00,1332.67,1333.75,1332.67,1333.75,0.08,14.32,19964.24,1
2026-07-01,2026-07-01 11:41:00,1333.75,1334.84,1333.75,1334.84,0.08,14.32,19964.24,1
2026-07-01,2026-07-01 11:42:00,1334.84,1335.93,1334.84,1335.93,0.08,14.32,19964.24,1
2026-07-01,2026-07-01 11:43:00,1335.93,1337.01,1335.93,1337.01,0.08,14.32,19964.24,1
2026-07-01,2026-07-01 11:44:00,1337.01,1338.1,1337.01,1338.1,0.08,14.32,19964.24,1
2026-07-01,2026-07-01 11:45:00,1338.1,1339.19,1338.1,1339.19,0.08,14.32,19964.24,1
2026-07-01,2026-07-01 11:46:00,1339.19,1340.27,1339.19,1340.27,0.08,14.32,19964.24,1
2026-07-01,2026-07-01 11:47:00,1340.27,1341.36,1340.27,1341.36,0.08,14.32,19964.24,1
2026-07-01,2026-07-01 11:48:00,1341.36,1342.45,1341.36,1342.45,0.08,14.32,19964.24,1
2026-07-01,2026-07-01 11:49:00,1342.45,1343.53,1342.45,1343.53,0.08,14.32,19964.24,1
2026-07-01,2026-07-01 11:50:00,1343.53,1344.62,1343.53,1344.62,0.08,14.32,19964.24,1
2026-07-01,2026-07-01 11:51:00,1344.62,1345.71,1344.62,1345.71,0.08,14.32,19964.24,1
2026-07-01,2026-07-01 11:52:00,1345.71,1346.79,1345.71,1346.79,0.08,14.32,19964.24,1
2026-07-01,2026-07-01 11:53:00,1346.79,1347.88,1346.79,1347.88,0.08,14.32,19964.24,1
2026-07-01,2026-07-01 11:54:00,1347.88,1348.97,1347.88,1348.97,0.08,14.32,19964.24,1
2026-07-01,2026-07-01 11:55:00,1348.97,1350.05,1348.97,1350.05,0.08,14.32,19964.24,1
2026-07-01,2026-07-01 11:56:00,1350.05,1351.14,1350.05,1351.14,0.08,14.32,19964.24,1
2026-07-01,2026-07-01 11:57:00,1351.14,1352.23,1351.14,1352.23,0.08,14.32,19964.24,1
2026-07-01,2026-07-01 11:58:00,1352.23,1353.31,1352.23,1353.31,0.08,14.32,19964.24,1
2026-07-01,2026-07-01 11:59:00,1353.31,1354.4,1353.31,1354.4,0.08,14.32,19964.24,1
2026-07-01,2026-07-01 12:00:00,1354.4,1355.49,1354.4,1355.49,0.08,14.32,19964.24,1
2026-07-01,2026-07-01 12:01:00,1355.49,1356.57,1355.49,1356.57,0.08,14.32,19964.24,1
2026-07-01,2026-07-01 12:02:00,1356.57,1357.66,1356.57,1357.66,0.08,14.32,19964.24,1
2026-07-01,2026-07-01 12:03:00,1357.66,1358.75,1357.66,1358.75,0.08,14.32,19964.24,1
2026-07-01,2026-07-01 12:04:00,1358.75,1359.83,1358.75,1359.83,0.08,14.32,19964.24,1
2026-07-01,2026-07-01 12:05:00,1359.83,1360.92,1359.83,1360.92,0.08,14.32,19964.24,1
2026-07-01,2026-07-01 12:06:00,1360.92,1362.01,1360.92,1362.01,0.08,14.32,19964.24,1
2026-07-01,2026-07-01 12:07:00,1362.01,1363.09,1362.01,1363.09,0.08,14.32,19964.24,1
2026-07-01,2026-07-01 12:08:00,1363.09,1364.18,1363.09,1364.18,0.08,14.32,19964.24,1
2026-07-01,2026-07-01 12:09:00,1364.18,1365.27,1364.18,1365.27,0.08,14.32,19964.24,1
2026-07-01,2026-07-01 12:10:00,1365.27,1366.35,1365.27,1366.35,0.08,14.32,19964.24,1
2026-07-01,2026-07-01 12:11:00,1366.35,1367.44,1366.35,1367.44,0.08,14.32,19964.24,1
2026-07-01,2026-07-01 12:12:00,1367.44,1368.53,1367.44,1368.53,0.08,14.32,19964.24,1
2026-07-01,2026-07-01 12:13:00,1368.53,1369.61,1368.53,1369.61,0.08,14.32,19964.24,1
2026-07-01,2026-07-01 12:14:00,1369.61,1370.7,1369.61,1370.7,0.08,14.32,19964.24,1
2026-07-01,2026-07-01 12:15:00,1370.7,1371.79,1370.7,1371.79,0.08,14.32,19964.24,1
2026-07-01,2026-07-01 12:16:00,1371.79,1372.87,1371.79,1372.87,0.08,14.32,19964.24,1
2026-07-01,2026-07-01 12:17:00,1372.87,1373.96,1372.87,1373.96,0.08,14.32,19964.24,1
2026-07-01,2026-07-01 12:18:00,1373.96,1375.05,1373.96,1375.05,0.08,14.32,19964.24,1
2026-07-01,2026-07-01 12:19:00,1375.05,1376.13,1375.05,1376.13,0.08,14.32,19964.24,1
2026-07-01,2026-07-01 12:20:00,1376.13,1377.22,1376.13,1377.22,0.08,14.32,19964.24,1
2026-07-01,2026-07-01 12:21:00,1377.22,1378.31,1377.22,1378.31,0.08,14.32,19964.24,1
2026-07-01,2026-07-01 12:22:00,1378.31,1379.39,1378.31,1379.39,0.08,14.32,19964.24,1
2026-07-01,2026-07-01 12:23:00,1379.39,1380.48,1379.39,1380.48,0.08,14.32,19964.24,1
2026-07-01,2026-07-01 12:24:00,1380.48,1381.57,1380.48,1381.57,0.08,14.32,19964.24,1
2026-07-01,2026-07-01 12:25:00,1381.57,1382.65,1381.57,1382.65,0.08,14.32,19964.24,1
2026-07-01,2026-07-01 12:26:00,1382.65,1383.74,1382.65,1383.74,0.08,14.32,19964.24,1
2026-07-01,2026-07-01 12:27:00,1383.74,1384.83,1383.74,1384.83,0.08,14.32,19964.24,1
2026-07-01,2026-07-01 12:28:00,1384.83,1385.91,1384.83,1385.91,0.08,14.32,19964.24,1
2026-07-01,2026-07-01 12:29:00,1385.91,1387.0,1385.91,1387.0,0.08,14.32,19964.24,1
2026-07-01,2026-07-01 12:30:00,1387.0,1388.09,1387.0,1388.09,0.08,14.32,19964.24,1
2026-07-01,2026-07-01 12:31:00,1388.09,1389.17,1388.09,1389.17,0.08,14.32,19964.24,1
2026-07-01,2026-07-01 12:32:00,1389.17,1390.26,1389.17,1390.26,0.08,14.32,19964.24,1
2026-07-01,2026-07-01 12:33:00,1390.26,1391.35,1390.26,1391.35,0.08,14.32,19964.24,1
2026-07-01,2026-07-01 12:34:00,1391.35,1392.43,1391.35,1392.43,0.08,14.32,19964.24,1
2026-07-01,2026-07-01 12:35:00,1392.43,1393.52,1392.43,1393.52,0.08,14.32,19964.24,1
2026-07-01,2026-07-01 12:36:00,1393.52,1394.61,1393.52,1394.61,0.08,14.32,19964.24,1
2026-07-01,2026-07-01 12:37:00,1394.61,1395.69,1394.61,1395.69,0.08,14.32,19964.24,1
2026-07-01,2026-07-01 12:38:00,1395.69,1396.78,1395.69,1396.78,0.08,14.32,19964.24,1
2026-07-01,2026-07-01 12:39:00,1396.78,1397.87,1396.78,1397.87,0.08,14.32,19964.24,1
2026-07-01,2026-07-01 12:40:00,1397.87,1398.95,1397.87,1398.95,0.08,14.32,19964.24,1
2026-07-01,2026-07-01 12:41:00,1398.95,1400.04,1398.95,1400.04,0.08,14.32,19964.24,1
2026-07-01,2026-07-01 12:42:00,1400.04,1401.13,1400.04,1401.13,0.08,14.32,19964.24,1
2026-07-01,2026-07-01 12:43:00,1401.13,1402.21,1401.13,1402.21,0.08,14.32,19964.24,1
2026-07-01,2026-07-01 12:44:00,1402.21,1403.3,1402.21,1403.3,0.08,14.32,19964.24,1
2026-07-01,2026-07-01 12:45:00,1403.3,1404.39,1403.3,1404.39,0.08,14.32,19964.24,1
2026-07-01,2026-07-01 12:46:00,1404.39,1405.47,1404.39,1405.47,0.08,14.32,19964.24,1
2026-07-01,2026-07-01 12:47:00,1405.47,1406.56,1405.47,1406.56,0.08,14.32,19964.24,1
2026-07-01,2026-07-01 12:48:00,1406.56,1407.65,1406.56,1407.65,0.08,14.32,19964.24,1
2026-07-01,2026-07-01 12:49:00,1407.65,1408.73,1407.65,1408.73,0.08,14.32,19964.24,1
2026-07-01,2026-07-01 12:50:00,1408.73,1409.82,1408.73,1409.82,0.08,14.32,19964.24,1
2026-07-01,2026-07-01 12:51:00,1409.82,1410.91,1409.82,1410.91,0.08,14.32,19964.24,1
2026-07-01,2026-07-01 12:52:00,1410.91,1411.99,1410.91,1411.99,0.08,14.32,19964.24,1
2026-07-01,2026-07-01 12:53:00,1411.99,1413.08,1411.99,1413.08,0.08,14.32,19964.24,1
2026-07-01,2026-07-01 12:54:00,1413.08,1414.17,1413.08,1414.17,0.08,14.32,19964.24,1
2026-07-01,2026-07-01 12:55:00,1414.17,1415.25,1414.17,1415.25,0.08,14.32,19964.24,1
2026-07-01,2026-07-01 12:56:00,1415.25,1416.34,1415.25,1416.34,0.08,14.32,19964.24,1
2026-07-01,2026-07-01 12:57:00,1416.34,1417.43,1416.34,1417.43,0.08,14.32,19964.24,1
2026-07-01,2026-07-01 12:58:00,1417.43,1418.51,1417.43,1418.51,0.08,14.32,19964.24,1
2026-07-01,2026-07-01 12:59:00,1418.51,1419.6,1418.51,1419.6,0.08,14.32,19964.24,1
2026-07-01,2026-07-01 13:00:00,1419.6,1552.7,1289.2,1420.69,0.08,14.32,19964.24,1
2026-07-01,2026-07-01 13:01:00,1420.69,1421.77,1420.69,1421.77,0.08,14.32,19964.24,1
2026-07-01,2026-07-01 13:02:00,1421.77,1422.86,1421.77,1422.86,0.08,14.32,19964.24,1
2026-07-01,2026-07-01 13:03:00,1422.86,1423.95,1422.86,1423.95,0.08,14.32,19964.24,1
2026-07-01,2026-07-01 13:04:00,1423.95,1425.03,1423.95,1425.03,0.08,14.32,19964.24,1
2026-07-01,2026-07-01 13:05:00,1425.03,1426.12,1425.03,1426.12,0.08,14.32,19964.24,1
2026-07-01,2026-07-01 13:06:00,1426.12,1427.21,1426.12,1427.21,0.08,14.32,19964.24,1
2026-07-01,2026-07-01 13:07:00,1427.21,1428.29,1427.21,1428.29,0.08,14.32,19964.24,1
2026-07-01,2026-07-01 13:08:00,1428.29,1429.38,1428.29,1429.38,0.08,14.32,19964.24,1
2026-07-01,2026-07-01 13:09:00,1429.38,1430.47,1429.38,1430.47,0.08,14.32,19964.24,1
2026-07-01,2026-07-01 13:10:00,1430.47,1431.55,1430.47,1431.55,0.08,14.32,19964.24,1
2026-07-01,2026-07-01 13:11:00,1431.55,1432.64,1431.55,1432.64,0.08,14.32,19964.24,1
2026-07-01,2026-07-01 13:12:00,1432.64,1433.73,1432.64,1433.73,0.08,14.32,19964.24,1
2026-07-01,2026-07-01 13:13:00,1433.73,1434.81,1433.73,1434.81,0.08,14.32,19964.24,1
2026-07-01,2026-07-01 13:14:00,1434.81,1435.9,1434.81,1435.9,0.08,14.32,19964.24,1
2026-07-01,2026-07-01 13:15:00,1435.9,1436.99,1435.9,1436.99,0.08,14.32,19964.24,1
2026-07-01,2026-07-01 13:16:00,1436.99,1438.07,1436.99,1438.07,0.08,14.32,19964.24,1
2026-07-01,2026-07-01 13:17:00,1438.07,1439.16,1438.07,1439.16,0.08,14.32,19964.24,1
2026-07-01,2026-07-01 13:18:00,1439.16,1440.25,1439.16,1440.25,0.08,14.32,19964.24,1
2026-07-01,2026-07-01 13:19:00,1440.25,1441.33,1440.25,1441.33,0.07,14.32,19964.24,1
2026-07-01,2026-07-01 13:20:00,1441.33,1442.42,1441.33,1442.42,0.08,14.32,19964.24,1
2026-07-01,2026-07-01 13:21:00,1442.42,1443.51,1442.42,1443.51,0.08,14.32,19964.24,1
2026-07-01,2026-07-01 13:22:00,1443.51,1444.59,1443.51,1444.59,0.07,14.32,19964.24,1
2026-07-01,2026-07-01 13:23:00,1444.59,1445.68,1444.59,1445.68,0.08,14.32,19964.24,1
2026-07-01,2026-07-01 13:24:00,1445.68,1446.77,1445.68,1446.77,0.08,14.32,19964.24,1
2026-07-01,2026-07-01 13:25:00,1446.77,1447.85,1446.77,1447.85,0.07,14.32,19964.24,1
2026-07-01,2026-07-01 13:26:00,1447.85,1448.94,1447.85,1448.94,0.08,14.32,19964.24,1
2026-07-01,2026-07-01 13:27:00,1448.94,1450.03,1448.94,1450.03,0.08,14.32,19964.24,1
2026-07-01,2026-07-01 13:28:00,1450.03,1451.11,1450.03,1451.11,0.07,14.32,19964.24,1
2026-07-01,2026-07-01 13:29:00,1451.11,1452.2,1451.11,1452.2,0.08,14.32,19964.24,1
2026-07-01,2026-07-01 13:30:00,1452.2,1453.29,1452.2,1453.29,0.08,14.32,19964.24,1
2026-07-01,2026-07-01 13:31:00,1453.29,1454.37,1453.29,1454.37,0.07,14.32,19964.24,1
2026-07-01,2026-07-01 13:32:00,1454.37,1455.46,1454.37,1455.46,0.07,14.32,19964.24,1
2026-07-01,2026-07-01 13:33:00,1455.46,1456.55,1455.46,1456.55,0.07,14.32,19964.24,1
2026-07-01,2026-07-01 13:34:00,1456.55,1457.63,1456.55,1457.63,0.07,14.32,19964.24,1
2026-07-01,2026-07-01 13:35:00,1457.63,1458.72,1457.63,1458.72,0.07,14.32,19964.24,1
2026-07-01,2026-07-01 13:36:00,1458.72,1459.81,1458.72,1459.81,0.07,14.32,19964.24,1
2026-07-01,2026-07-01 13:37:00,1459.81,1460.89,1459.81,1460.89,0.07,14.32,19964.24,1
2026-07-01,2026-07-01 13:38:00,1460.89,1461.98,1460.89,1461.98,0.07,14.32,19964.24,1
2026-07-01,2026-07-01 13:39:00,1461.98,1463.07,1461.98,1463.07,0.07,14.32,19964.24,1
2026-07-01,2026-07-01 13:40:00,1463.07,1464.15,1463.07,1464.15,0.07,14.32,19964.24,1
2026-07-01,2026-07-01 13:41:00,1464.15,1465.24,1464.15,1465.24,0.07,14.32,19964.24,1
2026-07-01,2026-07-01 13:42:00,1465.24,1466.33,1465.24,1466.33,0.07,14.32,19964.24,1
2026-07-01,2026-07-01 13:43:00,1466.33,1467.41,1466.33,1467.41,0.07,14.32,19964.24,1
2026-07-01,2026-07-01 13:44:00,1467.41,1468.5,1467.41,1468.5,0.07,14.32,19964.24,1
2026-07-01,2026-07-01 13:45:00,1468.5,1469.59,1468.5,1469.59,0.07,14.32,19964.24,1
2026-07-01,2026-07-01 13:46:00,1469.59,1470.67,1469.59,1470.67,0.07,14.32,19964.24,1
2026-07-01,2026-07-01 13:47:00,1470.67,1471.76,1470.67,1471.76,0.07,14.32,19964.24,1
2026-07-01,2026-07-01 13:48:00,1471.76,1472.85,1471.76,1472.85,0.07,14.32,19964.24,1
2026-07-01,2026-07-01 13:49:00,1472.85,1473.93,1472.85,1473.93,0.07,14.32,19964.24,1
2026-07-01,2026-07-01 13:50:00,1473.93,1475.02,1473.93,1475.02,0.07,14.32,19964.24,1
2026-07-01,2026-07-01 13:51:00,1475.02,1476.11,1475.02,1476.11,0.07,14.32,19964.24,1
2026-07-01,2026-07-01 13:52:00,1476.11,1477.19,1476.11,1477.19,0.07,14.32,19964.24,1
2026-07-01,2026-07-01 13:53:00,1477.19,1478.28,1477.19,1478.28,0.07,14.32,19964.24,1
2026-07-01,2026-07-01 13:54:00,1478.28,1479.37,1478.28,1479.37,0.07,14.32,19964.24,1
2026-07-01,2026-07-01 13:55:00,1479.37,1480.45,1479.37,1480.45,0.07,14.32,19964.24,1
2026-07-01,2026-07-01 13:56:00,1480.45,1481.54,1480.45,1481.54,0.07,14.32,19964.24,1
2026-07-01,2026-07-01 13:57:00,1481.54,1482.63,1481.54,1482.63,0.07,14.32,19964.24,1
2026-07-01,2026-07-01 13:58:00,1482.63,1483.71,1482.63,1483.71,0.07,14.32,19964.24,1
2026-07-01,2026-07-01 13:59:00,1483.71,1484.8,1483.71,1484.8,0.07,14.32,19964.24,1
2026-07-01,2026-07-01 14:00:00,1484.8,1485.89,1484.8,1485.89,0.07,14.32,19964.24,1
2026-07-01,2026-07-01 14:01:00,1485.89,1486.97,1485.89,1486.97,0.07,14.32,19964.24,1
2026-07-01,2026-07-01 14:02:00,1486.97,1488.06,1486.97,1488.06,0.07,14.32,19964.24,1
2026-07-01,2026-07-01 14:03:00,1488.06,1489.15,1488.06,1489.15,0.07,14.32,19964.24,1
2026-07-01,2026-07-01 14:04:00,1489.15,1490.23,1489.15,1490.23,0.07,14.32,19964.24,1
2026-07-01,2026-07-01 14:05:00,1490.23,1491.32,1490.23,1491.32,0.07,14.32,19964.24,1
2026-07-01,2026-07-01 14:06:00,1491.32,1492.41,1491.32,1492.41,0.07,14.32,19964.24,1
2026-07-01,2026-07-01 14:07:00,1492.41,1493.49,1492.41,1493.49,0.07,14.32,19964.24,1
2026-07-01,2026-07-01 14:08:00,1493.49,1494.58,1493.49,1494.58,0.07,14.32,19964.24,1
2026-07-01,2026-07-01 14:09:00,1494.58,1495.67,1494.58,1495.67,0.07,14.32,19964.24,1
2026-07-01,2026-07-01 14:10:00,1495.67,1496.75,1495.67,1496.75,0.07,14.32,19964.24,1
2026-07-01,2026-07-01 14:11:00,1496.75,1497.84,1496.75,1497.84,0.07,14.32,19964.24,1
2026-07-01,2026-07-01 14:12:00,1497.84,1498.93,1497.84,1498.93,0.07,14.32,19964.24,1
2026-07-01,2026-07-01 14:13:00,1498.93,1500.01,1498.93,1500.01,0.07,14.32,19964.24,1
2026-07-01,2026-07-01 14:14:00,1500.01,1501.1,1500.01,1501.1,0.07,14.32,19964.24,1
2026-07-01,2026-07-01 14:15:00,1501.1,1502.19,1501.1,1502.19,0.07,14.32,19964.24,1
2026-07-01,2026-07-01 14:16:00,1502.19,1503.27,1502.19,1503.27,0.07,14.32,19964.24,1
2026-07-01,2026-07-01 14:17:00,1503.27,1504.36,1503.27,1504.36,0.07,14.32,19964.24,1
2026-07-01,2026-07-01 14:18:00,1504.36,1505.45,1504.36,1505.45,0.07,14.32,19964.24,1
2026-07-01,2026-07-01 14:19:00,1505.45,1506.53,1505.45,1506.53,0.07,14.32,19964.24,1
2026-07-01,2026-07-01 14:20:00,1506.53,1507.62,1506.53,1507.62,0.07,14.32,19964.24,1
2026-07-01,2026-07-01 14:21:00,1507.62,1508.71,1507.62,1508.71,0.07,14.32,19964.24,1
2026-07-01,2026-07-01 14:22:00,1508.71,1509.79,1508.71,1509.79,0.07,14.32,19964.24,1
2026-07-01,2026-07-01 14:23:00,1509.79,1510.88,1509.79,1510.88,0.07,14.32,19964.24,1
2026-07-01,2026-07-01 14:24:00,1510.88,1511.97,1510.88,1511.97,0.07,14.32,19964.24,1
2026-07-01,2026-07-01 14:25:00,1511.97,1513.05,1511.97,1513.05,0.07,14.32,19964.24,1
2026-07-01,2026-07-01 14:26:00,1513.05,1514.14,1513.05,1514.14,0.07,14.32,19964.24,1
2026-07-01,2026-07-01 14:27:00,1514.14,1515.23,1514.14,1515.23,0.07,14.32,19964.24,1
2026-07-01,2026-07-01 14:28:00,1515.23,1516.31,1515.23,1516.31,0.07,14.32,19964.24,1
2026-07-01,2026-07-01 14:29:00,1516.31,1517.4,1516.31,1517.4,0.07,14.32,19964.24,1
2026-07-01,2026-07-01 14:30:00,1517.4,1518.49,1517.4,1518.49,0.07,14.32,19964.24,1
2026-07-01,2026-07-01 14:31:00,1518.49,1519.57,1518.49,1519.57,0.07,14.32,19964.24,1
2026-07-01,2026-07-01 14:32:00,1519.57,1520.66,1519.57,1520.66,0.07,14.32,19964.24,1
2026-07-01,2026-07-01 14:33:00,1520.66,1521.75,1520.66,1521.75,0.07,14.32,19964.24,1
2026-07-01,2026-07-01 14:34:00,1521.75,1522.83,1521.75,1522.83,0.07,14.32,19964.24,1
2026-07-01,2026-07-01 14:35:00,1522.83,1523.92,1522.83,1523.92,0.07,14.32,19964.24,1
2026-07-01,2026-07-01 14:36:00,1523.92,1525.01,1523.92,1525.01,0.07,14.32,19964.24,1
2026-07-01,2026-07-01 14:37:00,1525.01,1526.09,1525.01,1526.09,0.07,14.32,19964.24,1
2026-07-01,2026-07-01 14:38:00,1526.09,1527.18,1526.09,1527.18,0.07,14.32,19964.24,1
2026-07-01,2026-07-01 14:39:00,1527.18,1528.27,1527.18,1528.27,0.07,14.32,19964.24,1
2026-07-01,2026-07-01 14:40:00,1528.27,1529.35,1528.27,1529.35,0.07,14.32,19964.24,1
2026-07-01,2026-07-01 14:41:00,1529.35,1530.44,1529.35,1530.44,0.07,14.32,19964.24,1
2026-07-01,2026-07-01 14:42:00,1530.44,1531.53,1530.44,1531.53,0.07,14.32,19964.24,1
2026-07-01,2026-07-01 14:43:00,1531.53,1532.61,1531.53,1532.61,0.07,14.32,19964.24,1
2026-07-01,2026-07-01 14:44:00,1532.61,1533.7,1532.61,1533.7,0.07,14.32,19964.24,1
2026-07-01,2026-07-01 14:45:00,1533.7,1534.79,1533.7,1534.79,0.07,14.32,19964.24,1
2026-07-01,2026-07-01 14:46:00,1534.79,1535.87,1534.79,1535.87,0.07,14.32,19964.24,1
2026-07-01,2026-07-01 14:47:00,1535.87,1536.96,1535.87,1536.96,0.07,14.32,19964.24,1
2026-07-01,2026-07-01 14:48:00,1536.96,1538.05,1536.96,1538.05,0.07,14.32,19964.24,1
2026-07-01,2026-07-01 14:49:00,1538.05,1539.13,1538.05,1539.13,0.07,14.32,19964.24,1
2026-07-01,2026-07-01 14:50:00,1539.13,1540.22,1539.13,1540.22,0.07,14.32,19964.24,1
2026-07-01,2026-07-01 14:51:00,1540.22,1541.31,1540.22,1541.31,0.07,14.32,19964.24,1
2026-07-01,2026-07-01 14:52:00,1541.31,1542.39,1541.31,1542.39,0.07,14.32,19964.24,1
2026-07-01,2026-07-01 14:53:00,1542.39,1543.48,1542.39,1543.48,0.07,14.32,19964.24,1
2026-07-01,2026-07-01 14:54:00,1543.48,1544.57,1543.48,1544.57,0.07,14.32,19964.24,1
2026-07-01,2026-07-01 14:55:00,1544.57,1545.65,1544.57,1545.65,0.07,14.32,19964.24,1
2026-07-01,2026-07-01 14:56:00,1545.65,1546.74,1545.65,1546.74,0.07,14.32,19964.24,1
2026-07-01,2026-07-01 14:57:00,1546.74,1547.83,1546.74,1547.83,0.07,14.32,19964.24,1
2026-07-01,2026-07-01 14:58:00,1547.83,1548.91,1547.83,1548.91,0.07,14.32,19964.24,1
2026-07-01,2026-07-01 14:59:00,1548.91,1550.0,1548.91,1550.0,0.07,14.32,19964.24,1
2026-07-01,2026-07-01 15:00:00,1550.0,1552.7,1289.2,1550.0,0.0,14.32,19964.24,0
2026-07-02,2026-07-02 11:00:00,1503.5,1503.5,1469.48,1503.23,-0.02,8.17,11615.61,-1
2026-07-02,2026-07-02 11:01:00,1503.23,1503.23,1502.95,1502.95,-0.02,8.17,11615.61,-1
2026-07-02,2026-07-02 11:02:00,1502.95,1502.95,1502.68,1502.68,-0.02,8.17,11615.61,-1
2026-07-02,2026-07-02 11:03:00,1502.68,1502.68,1502.41,1502.41,-0.02,8.17,11615.61,-1
2026-07-02,2026-07-02 11:04:00,1502.41,1502.41,1502.13,1502.13,-0.02,8.17,11615.61,-1
2026-07-02,2026-07-02 11:05:00,1502.13,1502.13,1501.86,1501.86,-0.02,8.17,11615.61,-1
2026-07-02,2026-07-02 11:06:00,1501.86,1501.86,1501.59,1501.59,-0.02,8.17,11615.61,-1
2026-07-02,2026-07-02 11:07:00,1501.59,1501.59,1501.31,1501.31,-0.02,8.17,11615.61,-1
2026-07-02,2026-07-02 11:08:00,1501.31,1501.31,1501.04,1501.04,-0.02,8.17,11615.61,-1
2026-07-02,2026-07-02 11:09:00,1501.04,1501.04,1500.77,1500.77,-0.02,8.17,11615.61,-1
2026-07-02,2026-07-02 11:10:00,1500.77,1500.77,1500.49,1500.49,-0.02,8.17,11615.61,-1
2026-07-02,2026-07-02 11:11:00,1500.49,1500.49,1500.22,1500.22,-0.02,8.17,11615.61,-1
2026-07-02,2026-07-02 11:12:00,1500.22,1500.22,1499.95,1499.95,-0.02,8.17,11615.61,-1
2026-07-02,2026-07-02 11:13:00,1499.95,1499.95,1499.67,1499.67,-0.02,8.17,11615.61,-1
2026-07-02,2026-07-02 11:14:00,1499.67,1499.67,1499.4,1499.4,-0.02,8.17,11615.61,-1
2026-07-02,2026-07-02 11:15:00,1499.4,1499.4,1499.13,1499.13,-0.02,8.17,11615.61,-1
2026-07-02,2026-07-02 11:16:00,1499.13,1499.13,1498.85,1498.85,-0.02,8.17,11615.61,-1
2026-07-02,2026-07-02 11:17:00,1498.85,1498.85,1498.58,1498.58,-0.02,8.17,11615.61,-1
2026-07-02,2026-07-02 11:18:00,1498.58,1498.58,1498.31,1498.31,-0.02,8.17,11615.61,-1
2026-07-02,2026-07-02 11:19:00,1498.31,1498.31,1498.03,1498.03,-0.02,8.17,11615.61,-1
2026-07-02,2026-07-02 11:20:00,1498.03,1498.03,1497.76,1497.76,-0.02,8.17,11615.61,-1
2026-07-02,2026-07-02 11:21:00,1497.76,1497.76,1497.49,1497.49,-0.02,8.17,11615.61,-1
2026-07-02,2026-07-02 11:22:00,1497.49,1497.49,1497.21,1497.21,-0.02,8.17,11615.61,-1
2026-07-02,2026-07-02 11:23:00,1497.21,1497.21,1496.94,1496.94,-0.02,8.17,11615.61,-1
2026-07-02,2026-07-02 11:24:00,1496.94,1496.94,1496.67,1496.67,-0.02,8.17,11615.61,-1
2026-07-02,2026-07-02 11:25:00,1496.67,1496.67,1496.39,1496.39,-0.02,8.17,11615.61,-1
2026-07-02,2026-07-02 11:26:00,1496.39,1496.39,1496.12,1496.12,-0.02,8.17,11615.61,-1
2026-07-02,2026-07-02 11:27:00,1496.12,1496.12,1495.85,1495.85,-0.02,8.17,11615.61,-1
2026-07-02,2026-07-02 11:28:00,1495.85,1495.85,1495.57,1495.57,-0.02,8.17,11615.61,-1
2026-07-02,2026-07-02 11:29:00,1495.57,1495.57,1495.3,1495.3,-0.02,8.17,11615.61,-1
2026-07-02,2026-07-02 11:30:00,1495.3,1495.3,1495.03,1495.03,-0.02,8.17,11615.61,-1
2026-07-02,2026-07-02 11:31:00,1495.03,1495.03,1494.75,1494.75,-0.02,8.17,11615.61,-1
2026-07-02,2026-07-02 11:32:00,1494.75,1494.75,1494.48,1494.48,-0.02,8.17,11615.61,-1
2026-07-02,2026-07-02 11:33:00,1494.48,1494.48,1494.21,1494.21,-0.02,8.17,11615.61,-1
2026-07-02,2026-07-02 11:34:00,1494.21,1494.21,1493.93,1493.93,-0.02,8.17,11615.61,-1
2026-07-02,2026-07-02 11:35:00,1493.93,1493.93,1493.66,1493.66,-0.02,8.17,11615.61,-1
2026-07-02,2026-07-02 11:36:00,1493.66,1493.66,1493.39,1493.39,-0.02,8.17,11615.61,-1
2026-07-02,2026-07-02 11:37:00,1493.39,1493.39,1493.11,1493.11,-0.02,8.17,11615.61,-1
2026-07-02,2026-07-02 11:38:00,1493.11,1493.11,1492.84,1492.84,-0.02,8.17,11615.61,-1
2026-07-02,2026-07-02 11:39:00,1492.84,1492.84,1492.57,1492.57,-0.02,8.17,11615.61,-1
2026-07-02,2026-07-02 11:40:00,1492.57,1492.57,1492.29,1492.29,-0.02,8.17,11615.61,-1
2026-07-02,2026-07-02 11:41:00,1492.29,1492.29,1492.02,1492.02,-0.02,8.17,11615.61,-1
2026-07-02,2026-07-02 11:42:00,1492.02,1492.02,1491.75,1491.75,-0.02,8.17,11615.61,-1
2026-07-02,2026-07-02 11:43:00,1491.75,1491.75,1491.47,1491.47,-0.02,8.17,11615.61,-1
2026-07-02,2026-07-02 11:44:00,1491.47,1491.47,1491.2,1491.2,-0.02,8.17,11615.61,-1
2026-07-02,2026-07-02 11:45:00,1491.2,1491.2,1490.93,1490.93,-0.02,8.17,11615.61,-1
2026-07-02,2026-07-02 11:46:00,1490.93,1490.93,1490.65,1490.65,-0.02,8.17,11615.61,-1
2026-07-02,2026-07-02 11:47:00,1490.65,1490.65,1490.38,1490.38,-0.02,8.17,11615.61,-1
2026-07-02,2026-07-02 11:48:00,1490.38,1490.38,1490.11,1490.11,-0.02,8.17,11615.61,-1
2026-07-02,2026-07-02 11:49:00,1490.11,1490.11,1489.83,1489.83,-0.02,8.17,11615.61,-1
2026-07-02,2026-07-02 11:50:00,1489.83,1489.83,1489.56,1489.56,-0.02,8.17,11615.61,-1
2026-07-02,2026-07-02 11:51:00,1489.56,1489.56,1489.29,1489.29,-0.02,8.17,11615.61,-1
2026-07-02,2026-07-02 11:52:00,1489.29,1489.29,1489.01,1489.01,-0.02,8.17,11615.61,-1
2026-07-02,2026-07-02 11:53:00,1489.01,1489.01,1488.74,1488.74,-0.02,8.17,11615.61,-1
2026-07-02,2026-07-02 11:54:00,1488.74,1488.74,1488.47,1488.47,-0.02,8.17,11615.61,-1
2026-07-02,2026-07-02 11:55:00,1488.47,1488.47,1488.19,1488.19,-0.02,8.17,11615.61,-1
2026-07-02,2026-07-02 11:56:00,1488.19,1488.19,1487.92,1487.92,-0.02,8.17,11615.61,-1
2026-07-02,2026-07-02 11:57:00,1487.92,1487.92,1487.65,1487.65,-0.02,8.17,11615.61,-1
2026-07-02,2026-07-02 11:58:00,1487.65,1487.65,1487.37,1487.37,-0.02,8.17,11615.61,-1
2026-07-02,2026-07-02 11:59:00,1487.37,1487.37,1487.1,1487.1,-0.02,8.17,11615.61,-1
2026-07-02,2026-07-02 12:00:00,1487.1,1487.1,1486.83,1486.83,-0.02,8.17,11615.61,-1
2026-07-02,2026-07-02 12:01:00,1486.83,1486.83,1486.55,1486.55,-0.02,8.17,11615.61,-1
2026-07-02,2026-07-02 12:02:00,1486.55,1486.55,1486.28,1486.28,-0.02,8.17,11615.61,-1
2026-07-02,2026-07-02 12:03:00,1486.28,1486.28,1486.01,1486.01,-0.02,8.17,11615.61,-1
2026-07-02,2026-07-02 12:04:00,1486.01,1486.01,1485.73,1485.73,-0.02,8.17,11615.61,-1
2026-07-02,2026-07-02 12:05:00,1485.73,1485.73,1485.46,1485.46,-0.02,8.17,11615.61,-1
2026-07-02,2026-07-02 12:06:00,1485.46,1485.46,1485.19,1485.19,-0.02,8.17,11615.61,-1
2026-07-02,2026-07-02 12:07:00,1485.19,1485.19,1484.91,1484.91,-0.02,8.17,11615.61,-1
2026-07-02,2026-07-02 12:08:00,1484.91,1484.91,1484.64,1484.64,-0.02,8.17,11615.61,-1
2026-07-02,2026-07-02 12:09:00,1484.64,1484.64,1484.37,1484.37,-0.02,8.17,11615.61,-1
2026-07-02,2026-07-02 12:10:00,1484.37,1484.37,1484.09,1484.09,-0.02,8.17,11615.61,-1
2026-07-02,2026-07-02 12:11:00,1484.09,1484.09,1483.82,1483.82,-0.02,8.17,11615.61,-1
2026-07-02,2026-07-02 12:12:00,1483.82,1483.82,1483.55,1483.55,-0.02,8.17,11615.61,-1
2026-07-02,2026-07-02 12:13:00,1483.55,1483.55,1483.27,1483.27,-0.02,8.17,11615.61,-1
2026-07-02,2026-07-02 12:14:00,1483.27,1483.27,1483.0,1483.0,-0.02,8.17,11615.61,-1
2026-07-02,2026-07-02 12:15:00,1483.0,1483.0,1482.73,1482.73,-0.02,8.17,11615.61,-1
2026-07-02,2026-07-02 12:16:00,1482.73,1482.73,1482.45,1482.45,-0.02,8.17,11615.61,-1
2026-07-02,2026-07-02 12:17:00,1482.45,1482.45,1482.18,1482.18,-0.02,8.17,11615.61,-1
2026-07-02,2026-07-02 12:18:00,1482.18,1482.18,1481.91,1481.91,-0.02,8.17,11615.61,-1
2026-07-02,2026-07-02 12:19:00,1481.91,1481.91,1481.63,1481.63,-0.02,8.17,11615.61,-1
2026-07-02,2026-07-02 12:20:00,1481.63,1481.63,1481.36,1481.36,-0.02,8.17,11615.61,-1
2026-07-02,2026-07-02 12:21:00,1481.36,1481.36,1481.09,1481.09,-0.02,8.17,11615.61,-1
2026-07-02,2026-07-02 12:22:00,1481.09,1481.09,1480.81,1480.81,-0.02,8.17,11615.61,-1
2026-07-02,2026-07-02 12:23:00,1480.81,1480.81,1480.54,1480.54,-0.02,8.17,11615.61,-1
2026-07-02,2026-07-02 12:24:00,1480.54,1480.54,1480.27,1480.27,-0.02,8.17,11615.61,-1
2026-07-02,2026-07-02 12:25:00,1480.27,1480.27,1479.99,1479.99,-0.02,8.17,11615.61,-1
2026-07-02,2026-07-02 12:26:00,1479.99,1479.99,1479.72,1479.72,-0.02,8.17,11615.61,-1
2026-07-02,2026-07-02 12:27:00,1479.72,1479.72,1479.45,1479.45,-0.02,8.17,11615.61,-1
2026-07-02,2026-07-02 12:28:00,1479.45,1479.45,1479.17,1479.17,-0.02,8.17,11615.61,-1
2026-07-02,2026-07-02 12:29:00,1479.17,1479.17,1478.9,1478.9,-0.02,8.17,11615.61,-1
2026-07-02,2026-07-02 12:30:00,1478.9,1478.9,1478.63,1478.63,-0.02,8.17,11615.61,-1
2026-07-02,2026-07-02 12:31:00,1478.63,1478.63,1478.35,1478.35,-0.02,8.17,11615.61,-1
2026-07-02,2026-07-02 12:32:00,1478.35,1478.35,1478.08,1478.08,-0.02,8.17,11615.61,-1
2026-07-02,2026-07-02 12:33:00,1478.08,1478.08,1477.81,1477.81,-0.02,8.17,11615.61,-1
2026-07-02,2026-07-02 12:34:00,1477.81,1477.81,1477.53,1477.53,-0.02,8.17,11615.61,-1
2026-07-02,2026-07-02 12:35:00,1477.53,1477.53,1477.26,1477.26,-0.02,8.17,11615.61,-1
2026-07-02,2026-07-02 12:36:00,1477.26,1477.26,1476.99,1476.99,-0.02,8.17,11615.61,-1
2026-07-02,2026-07-02 12:37:00,1476.99,1476.99,1476.71,1476.71,-0.02,8.17,11615.61,-1
2026-07-02,2026-07-02 12:38:00,1476.71,1476.71,1476.44,1476.44,-0.02,8.17,11615.61,-1
2026-07-02,2026-07-02 12:39:00,1476.44,1476.44,1476.17,1476.17,-0.02,8.17,11615.61,-1
2026-07-02,2026-07-02 12:40:00,1476.17,1476.17,1475.89,1475.89,-0.02,8.17,11615.61,-1
2026-07-02,2026-07-02 12:41:00,1475.89,1475.89,1475.62,1475.62,-0.02,8.17,11615.61,-1
2026-07-02,2026-07-02 12:42:00,1475.62,1475.62,1475.35,1475.35,-0.02,8.17,11615.61,-1
2026-07-02,2026-07-02 12:43:00,1475.35,1475.35,1475.07,1475.07,-0.02,8.17,11615.61,-1
2026-07-02,2026-07-02 12:44:00,1475.07,1475.07,1474.8,1474.8,-0.02,8.17,11615.61,-1
2026-07-02,2026-07-02 12:45:00,1474.8,1474.8,1474.53,1474.53,-0.02,8.17,11615.61,-1
2026-07-02,2026-07-02 12:46:00,1474.53,1474.53,1474.25,1474.25,-0.02,8.17,11615.61,-1
2026-07-02,2026-07-02 12:47:00,1474.25,1474.25,1473.98,1473.98,-0.02,8.17,11615.61,-1
2026-07-02,2026-07-02 12:48:00,1473.98,1473.98,1473.71,1473.71,-0.02,8.17,11615.61,-1
2026-07-02,2026-07-02 12:49:00,1473.71,1473.71,1473.43,1473.43,-0.02,8.17,11615.61,-1
2026-07-02,2026-07-02 12:50:00,1473.43,1473.43,1473.16,1473.16,-0.02,8.17,11615.61,-1
2026-07-02,2026-07-02 12:51:00,1473.16,1473.16,1472.89,1472.89,-0.02,8.17,11615.61,-1
2026-07-02,2026-07-02 12:52:00,1472.89,1472.89,1472.61,1472.61,-0.02,8.17,11615.61,-1
2026-07-02,2026-07-02 12:53:00,1472.61,1472.61,1472.34,1472.34,-0.02,8.17,11615.61,-1
2026-07-02,2026-07-02 12:54:00,1472.34,1472.34,1472.07,1472.07,-0.02,8.17,11615.61,-1
2026-07-02,2026-07-02 12:55:00,1472.07,1472.07,1471.79,1471.79,-0.02,8.17,11615.61,-1
2026-07-02,2026-07-02 12:56:00,1471.79,1471.79,1471.52,1471.52,-0.02,8.17,11615.61,-1
2026-07-02,2026-07-02 12:57:00,1471.52,1471.52,1471.25,1471.25,-0.02,8.17,11615.61,-1
2026-07-02,2026-07-02 12:58:00,1471.25,1471.25,1470.97,1470.97,-0.02,8.17,11615.61,-1
2026-07-02,2026-07-02 12:59:00,1470.97,1470.97,1470.7,1470.7,-0.02,8.17,11615.61,-1
2026-07-02,2026-07-02 13:00:00,1470.7,1503.5,1390.1,1470.43,-0.02,8.17,11615.61,-1
2026-07-02,2026-07-02 13:01:00,1470.43,1470.43,1470.15,1470.15,-0.02,8.17,11615.61,-1
2026-07-02,2026-07-02 13:02:00,1470.15,1470.15,1469.88,1469.88,-0.02,8.17,11615.61,-1
2026-07-02,2026-07-02 13:03:00,1469.88,1469.88,1469.61,1469.61,-0.02,8.17,11615.61,-1
2026-07-02,2026-07-02 13:04:00,1469.61,1469.61,1469.33,1469.33,-0.02,8.17,11615.61,-1
2026-07-02,2026-07-02 13:05:00,1469.33,1469.33,1469.06,1469.06,-0.02,8.17,11615.61,-1
2026-07-02,2026-07-02 13:06:00,1469.06,1469.06,1468.79,1468.79,-0.02,8.17,11615.61,-1
2026-07-02,2026-07-02 13:07:00,1468.79,1468.79,1468.51,1468.51,-0.02,8.17,11615.61,-1
2026-07-02,2026-07-02 13:08:00,1468.51,1468.51,1468.24,1468.24,-0.02,8.17,11615.61,-1
2026-07-02,2026-07-02 13:09:00,1468.24,1468.24,1467.97,1467.97,-0.02,8.17,11615.61,-1
2026-07-02,2026-07-02 13:10:00,1467.97,1467.97,1467.69,1467.69,-0.02,8.17,11615.61,-1
2026-07-02,2026-07-02 13:11:00,1467.69,1467.69,1467.42,1467.42,-0.02,8.17,11615.61,-1
2026-07-02,2026-07-02 13:12:00,1467.42,1467.42,1467.15,1467.15,-0.02,8.17,11615.61,-1
2026-07-02,2026-07-02 13:13:00,1467.15,1467.15,1466.87,1466.87,-0.02,8.17,11615.61,-1
2026-07-02,2026-07-02 13:14:00,1466.87,1466.87,1466.6,1466.6,-0.02,8.17,11615.61,-1
2026-07-02,2026-07-02 13:15:00,1466.6,1466.6,1466.33,1466.33,-0.02,8.17,11615.61,-1
2026-07-02,2026-07-02 13:16:00,1466.33,1466.33,1466.05,1466.05,-0.02,8.17,11615.61,-1
2026-07-02,2026-07-02 13:17:00,1466.05,1466.05,1465.78,1465.78,-0.02,8.17,11615.61,-1
2026-07-02,2026-07-02 13:18:00,1465.78,1465.78,1465.51,1465.51,-0.02,8.17,11615.61,-1
2026-07-02,2026-07-02 13:19:00,1465.51,1465.51,1465.23,1465.23,-0.02,8.17,11615.61,-1
2026-07-02,2026-07-02 13:20:00,1465.23,1465.23,1464.96,1464.96,-0.02,8.17,11615.61,-1
2026-07-02,2026-07-02 13:21:00,1464.96,1464.96,1464.69,1464.69,-0.02,8.17,11615.61,-1
2026-07-02,2026-07-02 13:22:00,1464.69,1464.69,1464.41,1464.41,-0.02,8.17,11615.61,-1
2026-07-02,2026-07-02 13:23:00,1464.41,1464.41,1464.14,1464.14,-0.02,8.17,11615.61,-1
2026-07-02,2026-07-02 13:24:00,1464.14,1464.14,1463.87,1463.87,-0.02,8.17,11615.61,-1
2026-07-02,2026-07-02 13:25:00,1463.87,1463.87,1463.59,1463.59,-0.02,8.17,11615.61,-1
2026-07-02,2026-07-02 13:26:00,1463.59,1463.59,1463.32,1463.32,-0.02,8.17,11615.61,-1
2026-07-02,2026-07-02 13:27:00,1463.32,1463.32,1463.05,1463.05,-0.02,8.17,11615.61,-1
2026-07-02,2026-07-02 13:28:00,1463.05,1463.05,1462.77,1462.77,-0.02,8.17,11615.61,-1
2026-07-02,2026-07-02 13:29:00,1462.77,1462.77,1462.5,1462.5,-0.02,8.17,11615.61,-1
2026-07-02,2026-07-02 13:30:00,1462.5,1462.5,1462.23,1462.23,-0.02,8.17,11615.61,-1
2026-07-02,2026-07-02 13:31:00,1462.23,1462.23,1461.95,1461.95,-0.02,8.17,11615.61,-1
2026-07-02,2026-07-02 13:32:00,1461.95,1461.95,1461.68,1461.68,-0.02,8.17,11615.61,-1
2026-07-02,2026-07-02 13:33:00,1461.68,1461.68,1461.41,1461.41,-0.02,8.17,11615.61,-1
2026-07-02,2026-07-02 13:34:00,1461.41,1461.41,1461.13,1461.13,-0.02,8.17,11615.61,-1
2026-07-02,2026-07-02 13:35:00,1461.13,1461.13,1460.86,1460.86,-0.02,8.17,11615.61,-1
2026-07-02,2026-07-02 13:36:00,1460.86,1460.86,1460.59,1460.59,-0.02,8.17,11615.61,-1
2026-07-02,2026-07-02 13:37:00,1460.59,1460.59,1460.31,1460.31,-0.02,8.17,11615.61,-1
2026-07-02,2026-07-02 13:38:00,1460.31,1460.31,1460.04,1460.04,-0.02,8.17,11615.61,-1
2026-07-02,2026-07-02 13:39:00,1460.04,1460.04,1459.77,1459.77,-0.02,8.17,11615.61,-1
2026-07-02,2026-07-02 13:40:00,1459.77,1459.77,1459.49,1459.49,-0.02,8.17,11615.61,-1
2026-07-02,2026-07-02 13:41:00,1459.49,1459.49,1459.22,1459.22,-0.02,8.17,11615.61,-1
2026-07-02,2026-07-02 13:42:00,1459.22,1459.22,1458.95,1458.95,-0.02,8.17,11615.61,-1
2026-07-02,2026-07-02 13:43:00,1458.95,1458.95,1458.67,1458.67,-0.02,8.17,11615.61,-1
2026-07-02,2026-07-02 13:44:00,1458.67,1458.67,1458.4,1458.4,-0.02,8.17,11615.61,-1
2026-07-02,2026-07-02 13:45:00,1458.4,1458.4,1458.13,1458.13,-0.02,8.17,11615.61,-1
2026-07-02,2026-07-02 13:46:00,1458.13,1458.13,1457.85,1457.85,-0.02,8.17,11615.61,-1
2026-07-02,2026-07-02 13:47:00,1457.85,1457.85,1457.58,1457.58,-0.02,8.17,11615.61,-1
2026-07-02,2026-07-02 13:48:00,1457.58,1457.58,1457.31,1457.31,-0.02,8.17,11615.61,-1
2026-07-02,2026-07-02 13:49:00,1457.31,1457.31,1457.03,1457.03,-0.02,8.17,11615.61,-1
2026-07-02,2026-07-02 13:50:00,1457.03,1457.03,1456.76,1456.76,-0.02,8.17,11615.61,-1
2026-07-02,2026-07-02 13:51:00,1456.76,1456.76,1456.49,1456.49,-0.02,8.17,11615.61,-1
2026-07-02,2026-07-02 13:52:00,1456.49,1456.49,1456.21,1456.21,-0.02,8.17,11615.61,-1
2026-07-02,2026-07-02 13:53:00,1456.21,1456.21,1455.94,1455.94,-0.02,8.17,11615.61,-1
2026-07-02,2026-07-02 13:54:00,1455.94,1455.94,1455.67,1455.67,-0.02,8.17,11615.61,-1
2026-07-02,2026-07-02 13:55:00,1455.67,1455.67,1455.39,1455.39,-0.02,8.17,11615.61,-1
2026-07-02,2026-07-02 13:56:00,1455.39,1455.39,1455.12,1455.12,-0.02,8.17,11615.61,-1
2026-07-02,2026-07-02 13:57:00,1455.12,1455.12,1454.85,1454.85,-0.02,8.17,11615.61,-1
2026-07-02,2026-07-02 13:58:00,1454.85,1454.85,1454.57,1454.57,-0.02,8.17,11615.61,-1
2026-07-02,2026-07-02 13:59:00,1454.57,1454.57,1454.3,1454.3,-0.02,8.17,11615.61,-1
2026-07-02,2026-07-02 14:00:00,1454.3,1454.3,1454.03,1454.03,-0.02,8.17,11615.61,-1
2026-07-02,2026-07-02 14:01:00,1454.03,1454.03,1453.75,1453.75,-0.02,8.17,11615.61,-1
2026-07-02,2026-07-02 14:02:00,1453.75,1453.75,1453.48,1453.48,-0.02,8.17,11615.61,-1
2026-07-02,2026-07-02 14:03:00,1453.48,1453.48,1453.21,1453.21,-0.02,8.17,11615.61,-1
2026-07-02,2026-07-02 14:04:00,1453.21,1453.21,1452.93,1452.93,-0.02,8.17,11615.61,-1
2026-07-02,2026-07-02 14:05:00,1452.93,1452.93,1452.66,1452.66,-0.02,8.17,11615.61,-1
2026-07-02,2026-07-02 14:06:00,1452.66,1452.66,1452.39,1452.39,-0.02,8.17,11615.61,-1
2026-07-02,2026-07-02 14:07:00,1452.39,1452.39,1452.11,1452.11,-0.02,8.17,11615.61,-1
2026-07-02,2026-07-02 14:08:00,1452.11,1452.11,1451.84,1451.84,-0.02,8.17,11615.61,-1
2026-07-02,2026-07-02 14:09:00,1451.84,1451.84,1451.57,1451.57,-0.02,8.17,11615.61,-1
2026-07-02,2026-07-02 14:10:00,1451.57,1451.57,1451.29,1451.29,-0.02,8.17,11615.61,-1
2026-07-02,2026-07-02 14:11:00,1451.29,1451.29,1451.02,1451.02,-0.02,8.17,11615.61,-1
2026-07-02,2026-07-02 14:12:00,1451.02,1451.02,1450.75,1450.75,-0.02,8.17,11615.61,-1
2026-07-02,2026-07-02 14:13:00,1450.75,1450.75,1450.47,1450.47,-0.02,8.17,11615.61,-1
2026-07-02,2026-07-02 14:14:00,1450.47,1450.47,1450.2,1450.2,-0.02,8.17,11615.61,-1
2026-07-02,2026-07-02 14:15:00,1450.2,1450.2,1449.93,1449.93,-0.02,8.17,11615.61,-1
2026-07-02,2026-07-02 14:16:00,1449.93,1449.93,1449.65,1449.65,-0.02,8.17,11615.61,-1
2026-07-02,2026-07-02 14:17:00,1449.65,1449.65,1449.38,1449.38,-0.02,8.17,11615.61,-1
2026-07-02,2026-07-02 14:18:00,1449.38,1449.38,1449.11,1449.11,-0.02,8.17,11615.61,-1
2026-07-02,2026-07-02 14:19:00,1449.11,1449.11,1448.83,1448.83,-0.02,8.17,11615.61,-1
2026-07-02,2026-07-02 14:20:00,1448.83,1448.83,1448.56,1448.56,-0.02,8.17,11615.61,-1
2026-07-02,2026-07-02 14:21:00,1448.56,1448.56,1448.29,1448.29,-0.02,8.17,11615.61,-1
2026-07-02,2026-07-02 14:22:00,1448.29,1448.29,1448.01,1448.01,-0.02,8.17,11615.61,-1
2026-07-02,2026-07-02 14:23:00,1448.01,1448.01,1447.74,1447.74,-0.02,8.17,11615.61,-1
2026-07-02,2026-07-02 14:24:00,1447.74,1447.74,1447.47,1447.47,-0.02,8.17,11615.61,-1
2026-07-02,2026-07-02 14:25:00,1447.47,1447.47,1447.19,1447.19,-0.02,8.17,11615.61,-1
2026-07-02,2026-07-02 14:26:00,1447.19,1447.19,1446.92,1446.92,-0.02,8.17,11615.61,-1
2026-07-02,2026-07-02 14:27:00,1446.92,1446.92,1446.65,1446.65,-0.02,8.17,11615.61,-1
2026-07-02,2026-07-02 14:28:00,1446.65,1446.65,1446.37,1446.37,-0.02,8.17,11615.61,-1
2026-07-02,2026-07-02 14:29:00,1446.37,1446.37,1446.1,1446.1,-0.02,8.17,11615.61,-1
2026-07-02,2026-07-02 14:30:00,1446.1,1446.1,1445.83,1445.83,-0.02,8.17,11615.61,-1
2026-07-02,2026-07-02 14:31:00,1445.83,1445.83,1445.55,1445.55,-0.02,8.17,11615.61,-1
2026-07-02,2026-07-02 14:32:00,1445.55,1445.55,1445.28,1445.28,-0.02,8.17,11615.61,-1
2026-07-02,2026-07-02 14:33:00,1445.28,1445.28,1445.01,1445.01,-0.02,8.17,11615.61,-1
2026-07-02,2026-07-02 14:34:00,1445.01,1445.01,1444.73,1444.73,-0.02,8.17,11615.61,-1
2026-07-02,2026-07-02 14:35:00,1444.73,1444.73,1444.46,1444.46,-0.02,8.17,11615.61,-1
2026-07-02,2026-07-02 14:36:00,1444.46,1444.46,1444.19,1444.19,-0.02,8.17,11615.61,-1
2026-07-02,2026-07-02 14:37:00,1444.19,1444.19,1443.91,1443.91,-0.02,8.17,11615.61,-1
2026-07-02,2026-07-02 14:38:00,1443.91,1443.91,1443.64,1443.64,-0.02,8.17,11615.61,-1
2026-07-02,2026-07-02 14:39:00,1443.64,1443.64,1443.37,1443.37,-0.02,8.17,11615.61,-1
2026-07-02,2026-07-02 14:40:00,1443.37,1443.37,1443.09,1443.09,-0.02,8.17,11615.61,-1
2026-07-02,2026-07-02 14:41:00,1443.09,1443.09,1442.82,1442.82,-0.02,8.17,11615.61,-1
2026-07-02,2026-07-02 14:42:00,1442.82,1442.82,1442.55,1442.55,-0.02,8.17,11615.61,-1
2026-07-02,2026-07-02 14:43:00,1442.55,1442.55,1442.27,1442.27,-0.02,8.17,11615.61,-1
2026-07-02,2026-07-02 14:44:00,1442.27,1442.27,1442.0,1442.0,-0.02,8.17,11615.61,-1
2026-07-02,2026-07-02 14:45:00,1442.0,1442.0,1441.73,1441.73,-0.02,8.17,11615.61,-1
2026-07-02,2026-07-02 14:46:00,1441.73,1441.73,1441.45,1441.45,-0.02,8.17,11615.61,-1
2026-07-02,2026-07-02 14:47:00,1441.45,1441.45,1441.18,1441.18,-0.02,8.17,11615.61,-1
2026-07-02,2026-07-02 14:48:00,1441.18,1441.18,1440.91,1440.91,-0.02,8.17,11615.61,-1
2026-07-02,2026-07-02 14:49:00,1440.91,1440.91,1440.63,1440.63,-0.02,8.17,11615.61,-1
2026-07-02,2026-07-02 14:50:00,1440.63,1440.63,1440.36,1440.36,-0.02,8.17,11615.61,-1
2026-07-02,2026-07-02 14:51:00,1440.36,1440.36,1440.09,1440.09,-0.02,8.17,11615.61,-1
2026-07-02,2026-07-02 14:52:00,1440.09,1440.09,1439.81,1439.81,-0.02,8.17,11615.61,-1
2026-07-02,2026-07-02 14:53:00,1439.81,1439.81,1439.54,1439.54,-0.02,8.17,11615.61,-1
2026-07-02,2026-07-02 14:54:00,1439.54,1439.54,1439.27,1439.27,-0.02,8.17,11615.61,-1
2026-07-02,2026-07-02 14:55:00,1439.27,1439.27,1438.99,1438.99,-0.02,8.17,11615.61,-1
2026-07-02,2026-07-02 14:56:00,1438.99,1438.99,1438.72,1438.72,-0.02,8.17,11615.61,-1
2026-07-02,2026-07-02 14:57:00,1438.72,1438.72,1438.45,1438.45,-0.02,8.17,11615.61,-1
2026-07-02,2026-07-02 14:58:00,1438.45,1438.45,1438.17,1438.17,-0.02,8.17,11615.61,-1
2026-07-02,2026-07-02 14:59:00,1438.17,1438.17,1437.9,1437.9,-0.02,8.17,11615.61,-1
2026-07-02,2026-07-02 15:00:00,1437.9,1503.5,1390.1,1437.9,0.0,8.17,11615.61,0
2026-07-03,2026-07-03 11:00:00,1400.1,1409.07,1400.07,1400.22,0.01,5.13,7214.05,1
2026-07-03,2026-07-03 11:01:00,1400.22,1400.35,1400.22,1400.35,0.01,5.13,7214.05,1
2026-07-03,2026-07-03 11:02:00,1400.35,1400.47,1400.35,1400.47,0.01,5.13,7214.05,1
2026-07-03,2026-07-03 11:03:00,1400.47,1400.6,1400.47,1400.6,0.01,5.13,7214.05,1
2026-07-03,2026-07-03 11:04:00,1400.6,1400.72,1400.6,1400.72,0.01,5.13,7214.05,1
2026-07-03,2026-07-03 11:05:00,1400.72,1400.85,1400.72,1400.85,0.01,5.13,7214.05,1
2026-07-03,2026-07-03 11:06:00,1400.85,1400.97,1400.85,1400.97,0.01,5.13,7214.05,1
2026-07-03,2026-07-03 11:07:00,1400.97,1401.1,1400.97,1401.1,0.01,5.13,7214.05,1
2026-07-03,2026-07-03 11:08:00,1401.1,1401.22,1401.1,1401.22,0.01,5.13,7214.05,1
2026-07-03,2026-07-03 11:09:00,1401.22,1401.35,1401.22,1401.35,0.01,5.13,7214.05,1
2026-07-03,2026-07-03 11:10:00,1401.35,1401.47,1401.35,1401.47,0.01,5.13,7214.05,1
2026-07-03,2026-07-03 11:11:00,1401.47,1401.59,1401.47,1401.59,0.01,5.13,7214.05,1
2026-07-03,2026-07-03 11:12:00,1401.59,1401.72,1401.59,1401.72,0.01,5.13,7214.05,1
2026-07-03,2026-07-03 11:13:00,1401.72,1401.84,1401.72,1401.84,0.01,5.13,7214.05,1
2026-07-03,2026-07-03 11:14:00,1401.84,1401.97,1401.84,1401.97,0.01,5.13,7214.05,1
2026-07-03,2026-07-03 11:15:00,1401.97,1402.09,1401.97,1402.09,0.01,5.13,7214.05,1
2026-07-03,2026-07-03 11:16:00,1402.09,1402.22,1402.09,1402.22,0.01,5.13,7214.05,1
2026-07-03,2026-07-03 11:17:00,1402.22,1402.34,1402.22,1402.34,0.01,5.13,7214.05,1
2026-07-03,2026-07-03 11:18:00,1402.34,1402.47,1402.34,1402.47,0.01,5.13,7214.05,1
2026-07-03,2026-07-03 11:19:00,1402.47,1402.59,1402.47,1402.59,0.01,5.13,7214.05,1
2026-07-03,2026-07-03 11:20:00,1402.59,1402.72,1402.59,1402.72,0.01,5.13,7214.05,1
2026-07-03,2026-07-03 11:21:00,1402.72,1402.84,1402.72,1402.84,0.01,5.13,7214.05,1
2026-07-03,2026-07-03 11:22:00,1402.84,1402.97,1402.84,1402.97,0.01,5.13,7214.05,1
2026-07-03,2026-07-03 11:23:00,1402.97,1403.09,1402.97,1403.09,0.01,5.13,7214.05,1
2026-07-03,2026-07-03 11:24:00,1403.09,1403.21,1403.09,1403.21,0.01,5.13,7214.05,1
2026-07-03,2026-07-03 11:25:00,1403.21,1403.34,1403.21,1403.34,0.01,5.13,7214.05,1
2026-07-03,2026-07-03 11:26:00,1403.34,1403.46,1403.34,1403.46,0.01,5.13,7214.05,1
2026-07-03,2026-07-03 11:27:00,1403.46,1403.59,1403.46,1403.59,0.01,5.13,7214.05,1
2026-07-03,2026-07-03 11:28:00,1403.59,1403.71,1403.59,1403.71,0.01,5.13,7214.05,1
2026-07-03,2026-07-03 11:29:00,1403.71,1403.84,1403.71,1403.84,0.01,5.13,7214.05,1
2026-07-03,2026-07-03 11:30:00,1403.84,1403.96,1403.84,1403.96,0.01,5.13,7214.05,1
2026-07-03,2026-07-03 11:31:00,1403.96,1404.09,1403.96,1404.09,0.01,5.13,7214.05,1
2026-07-03,2026-07-03 11:32:00,1404.09,1404.21,1404.09,1404.21,0.01,5.13,7214.05,1
2026-07-03,2026-07-03 11:33:00,1404.21,1404.34,1404.21,1404.34,0.01,5.13,7214.05,1
2026-07-03,2026-07-03 11:34:00,1404.34,1404.46,1404.34,1404.46,0.01,5.13,7214.05,1
2026-07-03,2026-07-03 11:35:00,1404.46,1404.59,1404.46,1404.59,0.01,5.13,7214.05,1
2026-07-03,2026-07-03 11:36:00,1404.59,1404.71,1404.59,1404.71,0.01,5.13,7214.05,1
2026-07-03,2026-07-03 11:37:00,1404.71,1404.83,1404.71,1404.83,0.01,5.13,7214.05,1
2026-07-03,2026-07-03 11:38:00,1404.83,1404.96,1404.83,1404.96,0.01,5.13,7214.05,1
2026-07-03,2026-07-03 11:39:00,1404.96,1405.08,1404.96,1405.08,0.01,5.13,7214.05,1
2026-07-03,2026-07-03 11:40:00,1405.08,1405.21,1405.08,1405.21,0.01,5.13,7214.05,1
2026-07-03,2026-07-03 11:41:00,1405.21,1405.33,1405.21,1405.33,0.01,5.13,7214.05,1
2026-07-03,2026-07-03 11:42:00,1405.33,1405.46,1405.33,1405.46,0.01,5.13,7214.05,1
2026-07-03,2026-07-03 11:43:00,1405.46,1405.58,1405.46,1405.58,0.01,5.13,7214.05,1
2026-07-03,2026-07-03 11:44:00,1405.58,1405.71,1405.58,1405.71,0.01,5.13,7214.05,1
2026-07-03,2026-07-03 11:45:00,1405.71,1405.83,1405.71,1405.83,0.01,5.13,7214.05,1
2026-07-03,2026-07-03 11:46:00,1405.83,1405.96,1405.83,1405.96,0.01,5.13,7214.05,1
2026-07-03,2026-07-03 11:47:00,1405.96,1406.08,1405.96,1406.08,0.01,5.13,7214.05,1
2026-07-03,2026-07-03 11:48:00,1406.08,1406.2,1406.08,1406.2,0.01,5.13,7214.05,1
2026-07-03,2026-07-03 11:49:00,1406.2,1406.33,1406.2,1406.33,0.01,5.13,7214.05,1
2026-07-03,2026-07-03 11:50:00,1406.33,1406.45,1406.33,1406.45,0.01,5.13,7214.05,1
2026-07-03,2026-07-03 11:51:00,1406.45,1406.58,1406.45,1406.58,0.01,5.13,7214.05,1
2026-07-03,2026-07-03 11:52:00,1406.58,1406.7,1406.58,1406.7,0.01,5.13,7214.05,1
2026-07-03,2026-07-03 11:53:00,1406.7,1406.83,1406.7,1406.83,0.01,5.13,7214.05,1
2026-07-03,2026-07-03 11:54:00,1406.83,1406.95,1406.83,1406.95,0.01,5.13,7214.05,1
2026-07-03,2026-07-03 11:55:00,1406.95,1407.08,1406.95,1407.08,0.01,5.13,7214.05,1
2026-07-03,2026-07-03 11:56:00,1407.08,1407.2,1407.08,1407.2,0.01,5.13,7214.05,1
2026-07-03,2026-07-03 11:57:00,1407.2,1407.33,1407.2,1407.33,0.01,5.13,7214.05,1
2026-07-03,2026-07-03 11:58:00,1407.33,1407.45,1407.33,1407.45,0.01,5.13,7214.05,1
2026-07-03,2026-07-03 11:59:00,1407.45,1407.57,1407.45,1407.57,0.01,5.13,7214.05,1
2026-07-03,2026-07-03 12:00:00,1407.57,1407.7,1407.57,1407.7,0.01,5.13,7214.05,1
2026-07-03,2026-07-03 12:01:00,1407.7,1407.82,1407.7,1407.82,0.01,5.13,7214.05,1
2026-07-03,2026-07-03 12:02:00,1407.82,1407.95,1407.82,1407.95,0.01,5.13,7214.05,1
2026-07-03,2026-07-03 12:03:00,1407.95,1408.07,1407.95,1408.07,0.01,5.13,7214.05,1
2026-07-03,2026-07-03 12:04:00,1408.07,1408.2,1408.07,1408.2,0.01,5.13,7214.05,1
2026-07-03,2026-07-03 12:05:00,1408.2,1408.32,1408.2,1408.32,0.01,5.13,7214.05,1
2026-07-03,2026-07-03 12:06:00,1408.32,1408.45,1408.32,1408.45,0.01,5.13,7214.05,1
2026-07-03,2026-07-03 12:07:00,1408.45,1408.57,1408.45,1408.57,0.01,5.13,7214.05,1
2026-07-03,2026-07-03 12:08:00,1408.57,1408.7,1408.57,1408.7,0.01,5.13,7214.05,1
2026-07-03,2026-07-03 12:09:00,1408.7,1408.82,1408.7,1408.82,0.01,5.13,7214.05,1
2026-07-03,2026-07-03 12:10:00,1408.82,1408.95,1408.82,1408.95,0.01,5.13,7214.05,1
2026-07-03,2026-07-03 12:11:00,1408.95,1409.07,1408.95,1409.07,0.01,5.13,7214.05,1
2026-07-03,2026-07-03 12:12:00,1409.07,1409.19,1409.07,1409.19,0.01,5.13,7214.05,1
2026-07-03,2026-07-03 12:13:00,1409.19,1409.32,1409.19,1409.32,0.01,5.13,7214.05,1
2026-07-03,2026-07-03 12:14:00,1409.32,1409.44,1409.32,1409.44,0.01,5.13,7214.05,1
2026-07-03,2026-07-03 12:15:00,1409.44,1409.57,1409.44,1409.57,0.01,5.13,7214.05,1
2026-07-03,2026-07-03 12:16:00,1409.57,1409.69,1409.57,1409.69,0.01,5.13,7214.05,1
2026-07-03,2026-07-03 12:17:00,1409.69,1409.82,1409.69,1409.82,0.01,5.13,7214.05,1
2026-07-03,2026-07-03 12:18:00,1409.82,1409.94,1409.82,1409.94,0.01,5.13,7214.05,1
2026-07-03,2026-07-03 12:19:00,1409.94,1410.07,1409.94,1410.07,0.01,5.13,7214.05,1
2026-07-03,2026-07-03 12:20:00,1410.07,1410.19,1410.07,1410.19,0.01,5.13,7214.05,1
2026-07-03,2026-07-03 12:21:00,1410.19,1410.32,1410.19,1410.32,0.01,5.13,7214.05,1
2026-07-03,2026-07-03 12:22:00,1410.32,1410.44,1410.32,1410.44,0.01,5.13,7214.05,1
2026-07-03,2026-07-03 12:23:00,1410.44,1410.57,1410.44,1410.57,0.01,5.13,7214.05,1
2026-07-03,2026-07-03 12:24:00,1410.57,1410.69,1410.57,1410.69,0.01,5.13,7214.05,1
2026-07-03,2026-07-03 12:25:00,1410.69,1410.81,1410.69,1410.81,0.01,5.13,7214.05,1
2026-07-03,2026-07-03 12:26:00,1410.81,1410.94,1410.81,1410.94,0.01,5.13,7214.05,1
2026-07-03,2026-07-03 12:27:00,1410.94,1411.06,1410.94,1411.06,0.01,5.13,7214.05,1
2026-07-03,2026-07-03 12:28:00,1411.06,1411.19,1411.06,1411.19,0.01,5.13,7214.05,1
2026-07-03,2026-07-03 12:29:00,1411.19,1411.31,1411.19,1411.31,0.01,5.13,7214.05,1
2026-07-03,2026-07-03 12:30:00,1411.31,1411.44,1411.31,1411.44,0.01,5.13,7214.05,1
2026-07-03,2026-07-03 12:31:00,1411.44,1411.56,1411.44,1411.56,0.01,5.13,7214.05,1
2026-07-03,2026-07-03 12:32:00,1411.56,1411.69,1411.56,1411.69,0.01,5.13,7214.05,1
2026-07-03,2026-07-03 12:33:00,1411.69,1411.81,1411.69,1411.81,0.01,5.13,7214.05,1
2026-07-03,2026-07-03 12:34:00,1411.81,1411.94,1411.81,1411.94,0.01,5.13,7214.05,1
2026-07-03,2026-07-03 12:35:00,1411.94,1412.06,1411.94,1412.06,0.01,5.13,7214.05,1
2026-07-03,2026-07-03 12:36:00,1412.06,1412.18,1412.06,1412.18,0.01,5.13,7214.05,1
2026-07-03,2026-07-03 12:37:00,1412.18,1412.31,1412.18,1412.31,0.01,5.13,7214.05,1
2026-07-03,2026-07-03 12:38:00,1412.31,1412.43,1412.31,1412.43,0.01,5.13,7214.05,1
2026-07-03,2026-07-03 12:39:00,1412.43,1412.56,1412.43,1412.56,0.01,5.13,7214.05,1
2026-07-03,2026-07-03 12:40:00,1412.56,1412.68,1412.56,1412.68,0.01,5.13,7214.05,1
2026-07-03,2026-07-03 12:41:00,1412.68,1412.81,1412.68,1412.81,0.01,5.13,7214.05,1
2026-07-03,2026-07-03 12:42:00,1412.81,1412.93,1412.81,1412.93,0.01,5.13,7214.05,1
2026-07-03,2026-07-03 12:43:00,1412.93,1413.06,1412.93,1413.06,0.01,5.13,7214.05,1
2026-07-03,2026-07-03 12:44:00,1413.06,1413.18,1413.06,1413.18,0.01,5.13,7214.05,1
2026-07-03,2026-07-03 12:45:00,1413.18,1413.31,1413.18,1413.31,0.01,5.13,7214.05,1
2026-07-03,2026-07-03 12:46:00,1413.31,1413.43,1413.31,1413.43,0.01,5.13,7214.05,1
2026-07-03,2026-07-03 12:47:00,1413.43,1413.55,1413.43,1413.55,0.01,5.13,7214.05,1
2026-07-03,2026-07-03 12:48:00,1413.55,1413.68,1413.55,1413.68,0.01,5.13,7214.05,1
2026-07-03,2026-07-03 12:49:00,1413.68,1413.8,1413.68,1413.8,0.01,5.13,7214.05,1
2026-07-03,2026-07-03 12:50:00,1413.8,1413.93,1413.8,1413.93,0.01,5.13,7214.05,1
2026-07-03,2026-07-03 12:51:00,1413.93,1414.05,1413.93,1414.05,0.01,5.13,7214.05,1
2026-07-03,2026-07-03 12:52:00,1414.05,1414.18,1414.05,1414.18,0.01,5.13,7214.05,1
2026-07-03,2026-07-03 12:53:00,1414.18,1414.3,1414.18,1414.3,0.01,5.13,7214.05,1
2026-07-03,2026-07-03 12:54:00,1414.3,1414.43,1414.3,1414.43,0.01,5.13,7214.05,1
2026-07-03,2026-07-03 12:55:00,1414.43,1414.55,1414.43,1414.55,0.01,5.13,7214.05,1
2026-07-03,2026-07-03 12:56:00,1414.55,1414.68,1414.55,1414.68,0.01,5.13,7214.05,1
2026-07-03,2026-07-03 12:57:00,1414.68,1414.8,1414.68,1414.8,0.01,5.13,7214.05,1
2026-07-03,2026-07-03 12:58:00,1414.8,1414.93,1414.8,1414.93,0.01,5.13,7214.05,1
2026-07-03,2026-07-03 12:59:00,1414.93,1415.05,1414.93,1415.05,0.01,5.13,7214.05,1
2026-07-03,2026-07-03 13:00:00,1415.05,1430.0,1400.0,1415.17,0.01,5.13,7214.05,1
2026-07-03,2026-07-03 13:01:00,1415.17,1415.3,1415.17,1415.3,0.01,5.13,7214.05,1
2026-07-03,2026-07-03 13:02:00,1415.3,1415.42,1415.3,1415.42,0.01,5.13,7214.05,1
2026-07-03,2026-07-03 13:03:00,1415.42,1415.55,1415.42,1415.55,0.01,5.13,7214.05,1
2026-07-03,2026-07-03 13:04:00,1415.55,1415.67,1415.55,1415.67,0.01,5.13,7214.05,1
2026-07-03,2026-07-03 13:05:00,1415.67,1415.8,1415.67,1415.8,0.01,5.13,7214.05,1
2026-07-03,2026-07-03 13:06:00,1415.8,1415.92,1415.8,1415.92,0.01,5.13,7214.05,1
2026-07-03,2026-07-03 13:07:00,1415.92,1416.05,1415.92,1416.05,0.01,5.13,7214.05,1
2026-07-03,2026-07-03 13:08:00,1416.05,1416.17,1416.05,1416.17,0.01,5.13,7214.05,1
2026-07-03,2026-07-03 13:09:00,1416.17,1416.3,1416.17,1416.3,0.01,5.13,7214.05,1
2026-07-03,2026-07-03 13:10:00,1416.3,1416.42,1416.3,1416.42,0.01,5.13,7214.05,1
2026-07-03,2026-07-03 13:11:00,1416.42,1416.55,1416.42,1416.55,0.01,5.13,7214.05,1
2026-07-03,2026-07-03 13:12:00,1416.55,1416.67,1416.55,1416.67,0.01,5.13,7214.05,1
2026-07-03,2026-07-03 13:13:00,1416.67,1416.79,1416.67,1416.79,0.01,5.13,7214.05,1
2026-07-03,2026-07-03 13:14:00,1416.79,1416.92,1416.79,1416.92,0.01,5.13,7214.05,1
2026-07-03,2026-07-03 13:15:00,1416.92,1417.04,1416.92,1417.04,0.01,5.13,7214.05,1
2026-07-03,2026-07-03 13:16:00,1417.04,1417.17,1417.04,1417.17,0.01,5.13,7214.05,1
2026-07-03,2026-07-03 13:17:00,1417.17,1417.29,1417.17,1417.29,0.01,5.13,7214.05,1
2026-07-03,2026-07-03 13:18:00,1417.29,1417.42,1417.29,1417.42,0.01,5.13,7214.05,1
2026-07-03,2026-07-03 13:19:00,1417.42,1417.54,1417.42,1417.54,0.01,5.13,7214.05,1
2026-07-03,2026-07-03 13:20:00,1417.54,1417.67,1417.54,1417.67,0.01,5.13,7214.05,1
2026-07-03,2026-07-03 13:21:00,1417.67,1417.79,1417.67,1417.79,0.01,5.13,7214.05,1
2026-07-03,2026-07-03 13:22:00,1417.79,1417.92,1417.79,1417.92,0.01,5.13,7214.05,1
2026-07-03,2026-07-03 13:23:00,1417.92,1418.04,1417.92,1418.04,0.01,5.13,7214.05,1
2026-07-03,2026-07-03 13:24:00,1418.04,1418.16,1418.04,1418.16,0.01,5.13,7214.05,1
2026-07-03,2026-07-03 13:25:00,1418.16,1418.29,1418.16,1418.29,0.01,5.13,7214.05,1
2026-07-03,2026-07-03 13:26:00,1418.29,1418.41,1418.29,1418.41,0.01,5.13,7214.05,1
2026-07-03,2026-07-03 13:27:00,1418.41,1418.54,1418.41,1418.54,0.01,5.13,7214.05,1
2026-07-03,2026-07-03 13:28:00,1418.54,1418.66,1418.54,1418.66,0.01,5.13,7214.05,1
2026-07-03,2026-07-03 13:29:00,1418.66,1418.79,1418.66,1418.79,0.01,5.13,7214.05,1
2026-07-03,2026-07-03 13:30:00,1418.79,1418.91,1418.79,1418.91,0.01,5.13,7214.05,1
2026-07-03,2026-07-03 13:31:00,1418.91,1419.04,1418.91,1419.04,0.01,5.13,7214.05,1
2026-07-03,2026-07-03 13:32:00,1419.04,1419.16,1419.04,1419.16,0.01,5.13,7214.05,1
2026-07-03,2026-07-03 13:33:00,1419.16,1419.29,1419.16,1419.29,0.01,5.13,7214.05,1
2026-07-03,2026-07-03 13:34:00,1419.29,1419.41,1419.29,1419.41,0.01,5.13,7214.05,1
2026-07-03,2026-07-03 13:35:00,1419.41,1419.53,1419.41,1419.53,0.01,5.13,7214.05,1
2026-07-03,2026-07-03 13:36:00,1419.53,1419.66,1419.53,1419.66,0.01,5.13,7214.05,1
2026-07-03,2026-07-03 13:37:00,1419.66,1419.78,1419.66,1419.78,0.01,5.13,7214.05,1
2026-07-03,2026-07-03 13:38:00,1419.78,1419.91,1419.78,1419.91,0.01,5.13,7214.05,1
2026-07-03,2026-07-03 13:39:00,1419.91,1420.03,1419.91,1420.03,0.01,5.13,7214.05,1
2026-07-03,2026-07-03 13:40:00,1420.03,1420.16,1420.03,1420.16,0.01,5.13,7214.05,1
2026-07-03,2026-07-03 13:41:00,1420.16,1420.28,1420.16,1420.28,0.01,5.13,7214.05,1
2026-07-03,2026-07-03 13:42:00,1420.28,1420.41,1420.28,1420.41,0.01,5.13,7214.05,1
2026-07-03,2026-07-03 13:43:00,1420.41,1420.53,1420.41,1420.53,0.01,5.13,7214.05,1
2026-07-03,2026-07-03 13:44:00,1420.53,1420.66,1420.53,1420.66,0.01,5.13,7214.05,1
2026-07-03,2026-07-03 13:45:00,1420.66,1420.78,1420.66,1420.78,0.01,5.13,7214.05,1
2026-07-03,2026-07-03 13:46:00,1420.78,1420.91,1420.78,1420.91,0.01,5.13,7214.05,1
2026-07-03,2026-07-03 13:47:00,1420.91,1421.03,1420.91,1421.03,0.01,5.13,7214.05,1
2026-07-03,2026-07-03 13:48:00,1421.03,1421.15,1421.03,1421.15,0.01,5.13,7214.05,1
2026-07-03,2026-07-03 13:49:00,1421.15,1421.28,1421.15,1421.28,0.01,5.13,7214.05,1
2026-07-03,2026-07-03 13:50:00,1421.28,1421.4,1421.28,1421.4,0.01,5.13,7214.05,1
2026-07-03,2026-07-03 13:51:00,1421.4,1421.53,1421.4,1421.53,0.01,5.13,7214.05,1
2026-07-03,2026-07-03 13:52:00,1421.53,1421.65,1421.53,1421.65,0.01,5.13,7214.05,1
2026-07-03,2026-07-03 13:53:00,1421.65,1421.78,1421.65,1421.78,0.01,5.13,7214.05,1
2026-07-03,2026-07-03 13:54:00,1421.78,1421.9,1421.78,1421.9,0.01,5.13,7214.05,1
2026-07-03,2026-07-03 13:55:00,1421.9,1422.03,1421.9,1422.03,0.01,5.13,7214.05,1
2026-07-03,2026-07-03 13:56:00,1422.03,1422.15,1422.03,1422.15,0.01,5.13,7214.05,1
2026-07-03,2026-07-03 13:57:00,1422.15,1422.28,1422.15,1422.28,0.01,5.13,7214.05,1
2026-07-03,2026-07-03 13:58:00,1422.28,1422.4,1422.28,1422.4,0.01,5.13,7214.05,1
2026-07-03,2026-07-03 13:59:00,1422.4,1422.53,1422.4,1422.53,0.01,5.13,7214.05,1
2026-07-03,2026-07-03 14:00:00,1422.53,1422.65,1422.53,1422.65,0.01,5.13,7214.05,1
2026-07-03,2026-07-03 14:01:00,1422.65,1422.77,1422.65,1422.77,0.01,5.13,7214.05,1
2026-07-03,2026-07-03 14:02:00,1422.77,1422.9,1422.77,1422.9,0.01,5.13,7214.05,1
2026-07-03,2026-07-03 14:03:00,1422.9,1423.02,1422.9,1423.02,0.01,5.13,7214.05,1
2026-07-03,2026-07-03 14:04:00,1423.02,1423.15,1423.02,1423.15,0.01,5.13,7214.05,1
2026-07-03,2026-07-03 14:05:00,1423.15,1423.27,1423.15,1423.27,0.01,5.13,7214.05,1
2026-07-03,2026-07-03 14:06:00,1423.27,1423.4,1423.27,1423.4,0.01,5.13,7214.05,1
2026-07-03,2026-07-03 14:07:00,1423.4,1423.52,1423.4,1423.52,0.01,5.13,7214.05,1
2026-07-03,2026-07-03 14:08:00,1423.52,1423.65,1423.52,1423.65,0.01,5.13,7214.05,1
2026-07-03,2026-07-03 14:09:00,1423.65,1423.77,1423.65,1423.77,0.01,5.13,7214.05,1
2026-07-03,2026-07-03 14:10:00,1423.77,1423.9,1423.77,1423.9,0.01,5.13,7214.05,1
2026-07-03,2026-07-03 14:11:00,1423.9,1424.02,1423.9,1424.02,0.01,5.13,7214.05,1
2026-07-03,2026-07-03 14:12:00,1424.02,1424.14,1424.02,1424.14,0.01,5.13,7214.05,1
2026-07-03,2026-07-03 14:13:00,1424.14,1424.27,1424.14,1424.27,0.01,5.13,7214.05,1
2026-07-03,2026-07-03 14:14:00,1424.27,1424.39,1424.27,1424.39,0.01,5.13,7214.05,1
2026-07-03,2026-07-03 14:15:00,1424.39,1424.52,1424.39,1424.52,0.01,5.13,7214.05,1
2026-07-03,2026-07-03 14:16:00,1424.52,1424.64,1424.52,1424.64,0.01,5.13,7214.05,1
2026-07-03,2026-07-03 14:17:00,1424.64,1424.77,1424.64,1424.77,0.01,5.13,7214.05,1
2026-07-03,2026-07-03 14:18:00,1424.77,1424.89,1424.77,1424.89,0.01,5.13,7214.05,1
2026-07-03,2026-07-03 14:19:00,1424.89,1425.02,1424.89,1425.02,0.01,5.13,7214.05,1
2026-07-03,2026-07-03 14:20:00,1425.02,1425.14,1425.02,1425.14,0.01,5.13,7214.05,1
2026-07-03,2026-07-03 14:21:00,1425.14,1425.27,1425.14,1425.27,0.01,5.13,7214.05,1
2026-07-03,2026-07-03 14:22:00,1425.27,1425.39,1425.27,1425.39,0.01,5.13,7214.05,1
2026-07-03,2026-07-03 14:23:00,1425.39,1425.51,1425.39,1425.51,0.01,5.13,7214.05,1
2026-07-03,2026-07-03 14:24:00,1425.51,1425.64,1425.51,1425.64,0.01,5.13,7214.05,1
2026-07-03,2026-07-03 14:25:00,1425.64,1425.76,1425.64,1425.76,0.01,5.13,7214.05,1
2026-07-03,2026-07-03 14:26:00,1425.76,1425.89,1425.76,1425.89,0.01,5.13,7214.05,1
2026-07-03,2026-07-03 14:27:00,1425.89,1426.01,1425.89,1426.01,0.01,5.13,7214.05,1
2026-07-03,2026-07-03 14:28:00,1426.01,1426.14,1426.01,1426.14,0.01,5.13,7214.05,1
2026-07-03,2026-07-03 14:29:00,1426.14,1426.26,1426.14,1426.26,0.01,5.13,7214.05,1
2026-07-03,2026-07-03 14:30:00,1426.26,1426.39,1426.26,1426.39,0.01,5.13,7214.05,1
2026-07-03,2026-07-03 14:31:00,1426.39,1426.51,1426.39,1426.51,0.01,5.13,7214.05,1
2026-07-03,2026-07-03 14:32:00,1426.51,1426.64,1426.51,1426.64,0.01,5.13,7214.05,1
2026-07-03,2026-07-03 14:33:00,1426.64,1426.76,1426.64,1426.76,0.01,5.13,7214.05,1
2026-07-03,2026-07-03 14:34:00,1426.76,1426.89,1426.76,1426.89,0.01,5.13,7214.05,1
2026-07-03,2026-07-03 14:35:00,1426.89,1427.01,1426.89,1427.01,0.01,5.13,7214.05,1
2026-07-03,2026-07-03 14:36:00,1427.01,1427.13,1427.01,1427.13,0.01,5.13,7214.05,1
2026-07-03,2026-07-03 14:37:00,1427.13,1427.26,1427.13,1427.26,0.01,5.13,7214.05,1
2026-07-03,2026-07-03 14:38:00,1427.26,1427.38,1427.26,1427.38,0.01,5.13,7214.05,1
2026-07-03,2026-07-03 14:39:00,1427.38,1427.51,1427.38,1427.51,0.01,5.13,7214.05,1
2026-07-03,2026-07-03 14:40:00,1427.51,1427.63,1427.51,1427.63,0.01,5.13,7214.05,1
2026-07-03,2026-07-03 14:41:00,1427.63,1427.76,1427.63,1427.76,0.01,5.13,7214.05,1
2026-07-03,2026-07-03 14:42:00,1427.76,1427.88,1427.76,1427.88,0.01,5.13,7214.05,1
2026-07-03,2026-07-03 14:43:00,1427.88,1428.01,1427.88,1428.01,0.01,5.13,7214.05,1
2026-07-03,2026-07-03 14:44:00,1428.01,1428.13,1428.01,1428.13,0.01,5.13,7214.05,1
2026-07-03,2026-07-03 14:45:00,1428.13,1428.26,1428.13,1428.26,0.01,5.13,7214.05,1
2026-07-03,2026-07-03 14:46:00,1428.26,1428.38,1428.26,1428.38,0.01,5.13,7214.05,1
2026-07-03,2026-07-03 14:47:00,1428.38,1428.51,1428.38,1428.51,0.01,5.13,7214.05,1
2026-07-03,2026-07-03 14:48:00,1428.51,1428.63,1428.51,1428.63,0.01,5.13,7214.05,1
2026-07-03,2026-07-03 14:49:00,1428.63,1428.75,1428.63,1428.75,0.01,5.13,7214.05,1
2026-07-03,2026-07-03 14:50:00,1428.75,1428.88,1428.75,1428.88,0.01,5.13,7214.05,1
2026-07-03,2026-07-03 14:51:00,1428.88,1429.0,1428.88,1429.0,0.01,5.13,7214.05,1
2026-07-03,2026-07-03 14:52:00,1429.0,1429.13,1429.0,1429.13,0.01,5.13,7214.05,1
2026-07-03,2026-07-03 14:53:00,1429.13,1429.25,1429.13,1429.25,0.01,5.13,7214.05,1
2026-07-03,2026-07-03 14:54:00,1429.25,1429.38,1429.25,1429.38,0.01,5.13,7214.05,1
2026-07-03,2026-07-03 14:55:00,1429.38,1429.5,1429.38,1429.5,0.01,5.13,7214.05,1
2026-07-03,2026-07-03 14:56:00,1429.5,1429.63,1429.5,1429.63,0.01,5.13,7214.05,1
2026-07-03,2026-07-03 14:57:00,1429.63,1429.75,1429.63,1429.75,0.01,5.13,7214.05,1
2026-07-03,2026-07-03 14:58:00,1429.75,1429.88,1429.75,1429.88,0.01,5.13,7214.05,1
2026-07-03,2026-07-03 14:59:00,1429.88,1430.0,1429.88,1430.0,0.01,5.13,7214.05,1
2026-07-03,2026-07-03 15:00:00,1430.0,1430.0,1400.0,1430.0,0.0,5.13,7214.05,0
2026-07-06,2026-07-06 11:00:00,1400.0,1407.47,1384.52,1399.79,-0.02,10.48,14386.01,-1
2026-07-06,2026-07-06 11:01:00,1399.79,1399.79,1399.57,1399.57,-0.02,10.48,14386.01,-1
2026-07-06,2026-07-06 11:02:00,1399.57,1399.57,1399.36,1399.36,-0.02,10.48,14386.01,-1
2026-07-06,2026-07-06 11:03:00,1399.36,1399.36,1399.14,1399.14,-0.02,10.48,14386.01,-1
2026-07-06,2026-07-06 11:04:00,1399.14,1399.14,1398.92,1398.92,-0.02,10.48,14386.01,-1
2026-07-06,2026-07-06 11:05:00,1398.92,1398.92,1398.71,1398.71,-0.02,10.48,14386.01,-1
2026-07-06,2026-07-06 11:06:00,1398.71,1398.71,1398.49,1398.49,-0.02,10.48,14386.01,-1
2026-07-06,2026-07-06 11:07:00,1398.49,1398.49,1398.28,1398.28,-0.02,10.48,14386.01,-1
2026-07-06,2026-07-06 11:08:00,1398.28,1398.28,1398.07,1398.07,-0.02,10.48,14386.01,-1
2026-07-06,2026-07-06 11:09:00,1398.07,1398.07,1397.85,1397.85,-0.02,10.48,14386.01,-1
2026-07-06,2026-07-06 11:10:00,1397.85,1397.85,1397.63,1397.63,-0.02,10.48,14386.01,-1
2026-07-06,2026-07-06 11:11:00,1397.63,1397.63,1397.42,1397.42,-0.02,10.48,14386.01,-1
2026-07-06,2026-07-06 11:12:00,1397.42,1397.42,1397.2,1397.2,-0.02,10.48,14386.01,-1
2026-07-06,2026-07-06 11:13:00,1397.2,1397.2,1396.99,1396.99,-0.02,10.48,14386.01,-1
2026-07-06,2026-07-06 11:14:00,1396.99,1396.99,1396.78,1396.78,-0.02,10.48,14386.01,-1
2026-07-06,2026-07-06 11:15:00,1396.78,1396.78,1396.56,1396.56,-0.02,10.48,14386.01,-1
2026-07-06,2026-07-06 11:16:00,1396.56,1396.56,1396.35,1396.35,-0.02,10.48,14386.01,-1
2026-07-06,2026-07-06 11:17:00,1396.35,1396.35,1396.13,1396.13,-0.02,10.48,14386.01,-1
2026-07-06,2026-07-06 11:18:00,1396.13,1396.13,1395.91,1395.91,-0.02,10.48,14386.01,-1
2026-07-06,2026-07-06 11:19:00,1395.91,1395.91,1395.7,1395.7,-0.02,10.48,14386.01,-1
2026-07-06,2026-07-06 11:20:00,1395.7,1395.7,1395.48,1395.48,-0.02,10.48,14386.01,-1
2026-07-06,2026-07-06 11:21:00,1395.48,1395.48,1395.27,1395.27,-0.02,10.48,14386.01,-1
2026-07-06,2026-07-06 11:22:00,1395.27,1395.27,1395.06,1395.06,-0.02,10.48,14386.01,-1
2026-07-06,2026-07-06 11:23:00,1395.06,1395.06,1394.84,1394.84,-0.02,10.48,14386.01,-1
2026-07-06,2026-07-06 11:24:00,1394.84,1394.84,1394.62,1394.62,-0.02,10.48,14386.01,-1
2026-07-06,2026-07-06 11:25:00,1394.62,1394.62,1394.41,1394.41,-0.02,10.48,14386.01,-1
2026-07-06,2026-07-06 11:26:00,1394.41,1394.41,1394.19,1394.19,-0.02,10.48,14386.01,-1
2026-07-06,2026-07-06 11:27:00,1394.19,1394.19,1393.98,1393.98,-0.02,10.48,14386.01,-1
2026-07-06,2026-07-06 11:28:00,1393.98,1393.98,1393.77,1393.77,-0.02,10.48,14386.01,-1
2026-07-06,2026-07-06 11:29:00,1393.77,1393.77,1393.55,1393.55,-0.02,10.48,14386.01,-1
2026-07-06,2026-07-06 11:30:00,1393.55,1393.55,1393.34,1393.34,-0.02,10.48,14386.01,-1
2026-07-06,2026-07-06 11:31:00,1393.34,1393.34,1393.12,1393.12,-0.02,10.48,14386.01,-1
2026-07-06,2026-07-06 11:32:00,1393.12,1393.12,1392.9,1392.9,-0.02,10.48,14386.01,-1
2026-07-06,2026-07-06 11:33:00,1392.9,1392.9,1392.69,1392.69,-0.02,10.48,14386.01,-1
2026-07-06,2026-07-06 11:34:00,1392.69,1392.69,1392.47,1392.47,-0.02,10.48,14386.01,-1
2026-07-06,2026-07-06 11:35:00,1392.47,1392.47,1392.26,1392.26,-0.02,10.48,14386.01,-1
2026-07-06,2026-07-06 11:36:00,1392.26,1392.26,1392.05,1392.05,-0.02,10.48,14386.01,-1
2026-07-06,2026-07-06 11:37:00,1392.05,1392.05,1391.83,1391.83,-0.02,10.48,14386.01,-1
2026-07-06,2026-07-06 11:38:00,1391.83,1391.83,1391.62,1391.62,-0.02,10.48,14386.01,-1
2026-07-06,2026-07-06 11:39:00,1391.62,1391.62,1391.4,1391.4,-0.02,10.48,14386.01,-1
2026-07-06,2026-07-06 11:40:00,1391.4,1391.4,1391.18,1391.18,-0.02,10.48,14386.01,-1
2026-07-06,2026-07-06 11:41:00,1391.18,1391.18,1390.97,1390.97,-0.02,10.48,14386.01,-1
2026-07-06,2026-07-06 11:42:00,1390.97,1390.97,1390.76,1390.76,-0.02,10.48,14386.01,-1
2026-07-06,2026-07-06 11:43:00,1390.76,1390.76,1390.54,1390.54,-0.02,10.48,14386.01,-1
2026-07-06,2026-07-06 11:44:00,1390.54,1390.54,1390.33,1390.33,-0.02,10.48,14386.01,-1
2026-07-06,2026-07-06 11:45:00,1390.33,1390.33,1390.11,1390.11,-0.02,10.48,14386.01,-1
2026-07-06,2026-07-06 11:46:00,1390.11,1390.11,1389.89,1389.89,-0.02,10.48,14386.01,-1
2026-07-06,2026-07-06 11:47:00,1389.89,1389.89,1389.68,1389.68,-0.02,10.48,14386.01,-1
2026-07-06,2026-07-06 11:48:00,1389.68,1389.68,1389.46,1389.46,-0.02,10.48,14386.01,-1
2026-07-06,2026-07-06 11:49:00,1389.46,1389.46,1389.25,1389.25,-0.02,10.48,14386.01,-1
2026-07-06,2026-07-06 11:50:00,1389.25,1389.25,1389.04,1389.04,-0.02,10.48,14386.01,-1
2026-07-06,2026-07-06 11:51:00,1389.04,1389.04,1388.82,1388.82,-0.02,10.48,14386.01,-1
2026-07-06,2026-07-06 11:52:00,1388.82,1388.82,1388.61,1388.61,-0.02,10.48,14386.01,-1
2026-07-06,2026-07-06 11:53:00,1388.61,1388.61,1388.39,1388.39,-0.02,10.48,14386.01,-1
2026-07-06,2026-07-06 11:54:00,1388.39,1388.39,1388.17,1388.17,-0.02,10.48,14386.01,-1
2026-07-06,2026-07-06 11:55:00,1388.17,1388.17,1387.96,1387.96,-0.02,10.48,14386.01,-1
2026-07-06,2026-07-06 11:56:00,1387.96,1387.96,1387.75,1387.75,-0.02,10.48,14386.01,-1
2026-07-06,2026-07-06 11:57:00,1387.75,1387.75,1387.53,1387.53,-0.02,10.48,14386.01,-1
2026-07-06,2026-07-06 11:58:00,1387.53,1387.53,1387.32,1387.32,-0.02,10.48,14386.01,-1
2026-07-06,2026-07-06 11:59:00,1387.32,1387.32,1387.1,1387.1,-0.02,10.48,14386.01,-1
2026-07-06,2026-07-06 12:00:00,1387.1,1387.1,1386.88,1386.88,-0.02,10.48,14386.01,-1
2026-07-06,2026-07-06 12:01:00,1386.88,1386.88,1386.67,1386.67,-0.02,10.48,14386.01,-1
2026-07-06,2026-07-06 12:02:00,1386.67,1386.67,1386.45,1386.45,-0.02,10.48,14386.01,-1
2026-07-06,2026-07-06 12:03:00,1386.45,1386.45,1386.24,1386.24,-0.02,10.48,14386.01,-1
2026-07-06,2026-07-06 12:04:00,1386.24,1386.24,1386.03,1386.03,-0.02,10.48,14386.01,-1
2026-07-06,2026-07-06 12:05:00,1386.03,1386.03,1385.81,1385.81,-0.02,10.48,14386.01,-1
2026-07-06,2026-07-06 12:06:00,1385.81,1385.81,1385.6,1385.6,-0.02,10.48,14386.01,-1
2026-07-06,2026-07-06 12:07:00,1385.6,1385.6,1385.38,1385.38,-0.02,10.48,14386.01,-1
2026-07-06,2026-07-06 12:08:00,1385.38,1385.38,1385.16,1385.16,-0.02,10.48,14386.01,-1
2026-07-06,2026-07-06 12:09:00,1385.16,1385.16,1384.95,1384.95,-0.02,10.48,14386.01,-1
2026-07-06,2026-07-06 12:10:00,1384.95,1384.95,1384.74,1384.74,-0.02,10.48,14386.01,-1
2026-07-06,2026-07-06 12:11:00,1384.74,1384.74,1384.52,1384.52,-0.02,10.48,14386.01,-1
2026-07-06,2026-07-06 12:12:00,1384.52,1384.52,1384.31,1384.31,-0.02,10.48,14386.01,-1
2026-07-06,2026-07-06 12:13:00,1384.31,1384.31,1384.09,1384.09,-0.02,10.48,14386.01,-1
2026-07-06,2026-07-06 12:14:00,1384.09,1384.09,1383.88,1383.88,-0.02,10.48,14386.01,-1
2026-07-06,2026-07-06 12:15:00,1383.88,1383.88,1383.66,1383.66,-0.02,10.48,14386.01,-1
2026-07-06,2026-07-06 12:16:00,1383.66,1383.66,1383.44,1383.44,-0.02,10.48,14386.01,-1
2026-07-06,2026-07-06 12:17:00,1383.44,1383.44,1383.23,1383.23,-0.02,10.48,14386.01,-1
2026-07-06,2026-07-06 12:18:00,1383.23,1383.23,1383.02,1383.02,-0.02,10.48,14386.01,-1
2026-07-06,2026-07-06 12:19:00,1383.02,1383.02,1382.8,1382.8,-0.02,10.48,14386.01,-1
2026-07-06,2026-07-06 12:20:00,1382.8,1382.8,1382.59,1382.59,-0.02,10.48,14386.01,-1
2026-07-06,2026-07-06 12:21:00,1382.59,1382.59,1382.37,1382.37,-0.02,10.48,14386.01,-1
2026-07-06,2026-07-06 12:22:00,1382.37,1382.37,1382.15,1382.15,-0.02,10.48,14386.01,-1
2026-07-06,2026-07-06 12:23:00,1382.15,1382.15,1381.94,1381.94,-0.02,10.48,14386.01,-1
2026-07-06,2026-07-06 12:24:00,1381.94,1381.94,1381.73,1381.73,-0.02,10.48,14386.01,-1
2026-07-06,2026-07-06 12:25:00,1381.73,1381.73,1381.51,1381.51,-0.02,10.48,14386.01,-1
2026-07-06,2026-07-06 12:26:00,1381.51,1381.51,1381.3,1381.3,-0.02,10.48,14386.01,-1
2026-07-06,2026-07-06 12:27:00,1381.3,1381.3,1381.08,1381.08,-0.02,10.48,14386.01,-1
2026-07-06,2026-07-06 12:28:00,1381.08,1381.08,1380.87,1380.87,-0.02,10.48,14386.01,-1
2026-07-06,2026-07-06 12:29:00,1380.87,1380.87,1380.65,1380.65,-0.02,10.48,14386.01,-1
2026-07-06,2026-07-06 12:30:00,1380.65,1380.65,1380.43,1380.43,-0.02,10.48,14386.01,-1
2026-07-06,2026-07-06 12:31:00,1380.43,1380.43,1380.22,1380.22,-0.02,10.48,14386.01,-1
2026-07-06,2026-07-06 12:32:00,1380.22,1380.22,1380.01,1380.01,-0.02,10.48,14386.01,-1
2026-07-06,2026-07-06 12:33:00,1380.01,1380.01,1379.79,1379.79,-0.02,10.48,14386.01,-1
2026-07-06,2026-07-06 12:34:00,1379.79,1379.79,1379.58,1379.58,-0.02,10.48,14386.01,-1
2026-07-06,2026-07-06 12:35:00,1379.58,1379.58,1379.36,1379.36,-0.02,10.48,14386.01,-1
2026-07-06,2026-07-06 12:36:00,1379.36,1379.36,1379.14,1379.14,-0.02,10.48,14386.01,-1
2026-07-06,2026-07-06 12:37:00,1379.14,1379.14,1378.93,1378.93,-0.02,10.48,14386.01,-1
2026-07-06,2026-07-06 12:38:00,1378.93,1378.93,1378.72,1378.72,-0.02,10.48,14386.01,-1
2026-07-06,2026-07-06 12:39:00,1378.72,1378.72,1378.5,1378.5,-0.02,10.48,14386.01,-1
2026-07-06,2026-07-06 12:40:00,1378.5,1378.5,1378.29,1378.29,-0.02,10.48,14386.01,-1
2026-07-06,2026-07-06 12:41:00,1378.29,1378.29,1378.07,1378.07,-0.02,10.48,14386.01,-1
2026-07-06,2026-07-06 12:42:00,1378.07,1378.07,1377.86,1377.86,-0.02,10.48,14386.01,-1
2026-07-06,2026-07-06 12:43:00,1377.86,1377.86,1377.64,1377.64,-0.02,10.48,14386.01,-1
2026-07-06,2026-07-06 12:44:00,1377.64,1377.64,1377.42,1377.42,-0.02,10.48,14386.01,-1
2026-07-06,2026-07-06 12:45:00,1377.42,1377.42,1377.21,1377.21,-0.02,10.48,14386.01,-1
2026-07-06,2026-07-06 12:46:00,1377.21,1377.21,1377.0,1377.0,-0.02,10.48,14386.01,-1
2026-07-06,2026-07-06 12:47:00,1377.0,1377.0,1376.78,1376.78,-0.02,10.48,14386.01,-1
2026-07-06,2026-07-06 12:48:00,1376.78,1376.78,1376.57,1376.57,-0.02,10.48,14386.01,-1
2026-07-06,2026-07-06 12:49:00,1376.57,1376.57,1376.35,1376.35,-0.02,10.48,14386.01,-1
2026-07-06,2026-07-06 12:50:00,1376.35,1376.35,1376.13,1376.13,-0.02,10.48,14386.01,-1
2026-07-06,2026-07-06 12:51:00,1376.13,1376.13,1375.92,1375.92,-0.02,10.48,14386.01,-1
2026-07-06,2026-07-06 12:52:00,1375.92,1375.92,1375.71,1375.71,-0.02,10.48,14386.01,-1
2026-07-06,2026-07-06 12:53:00,1375.71,1375.71,1375.49,1375.49,-0.02,10.48,14386.01,-1
2026-07-06,2026-07-06 12:54:00,1375.49,1375.49,1375.28,1375.28,-0.02,10.48,14386.01,-1
2026-07-06,2026-07-06 12:55:00,1375.28,1375.28,1375.06,1375.06,-0.02,10.48,14386.01,-1
2026-07-06,2026-07-06 12:56:00,1375.06,1375.06,1374.85,1374.85,-0.02,10.48,14386.01,-1
2026-07-06,2026-07-06 12:57:00,1374.85,1374.85,1374.63,1374.63,-0.02,10.48,14386.01,-1
2026-07-06,2026-07-06 12:58:00,1374.63,1374.63,1374.41,1374.41,-0.02,10.48,14386.01,-1
2026-07-06,2026-07-06 12:59:00,1374.41,1374.41,1374.2,1374.2,-0.02,10.48,14386.01,-1
2026-07-06,2026-07-06 13:00:00,1374.2,1424.9,1348.4,1373.99,-0.02,10.48,14386.01,-1
2026-07-06,2026-07-06 13:01:00,1373.99,1373.99,1373.77,1373.77,-0.02,10.48,14386.01,-1
2026-07-06,2026-07-06 13:02:00,1373.77,1373.77,1373.56,1373.56,-0.02,10.48,14386.01,-1
2026-07-06,2026-07-06 13:03:00,1373.56,1373.56,1373.34,1373.34,-0.02,10.48,14386.01,-1
2026-07-06,2026-07-06 13:04:00,1373.34,1373.34,1373.12,1373.12,-0.02,10.48,14386.01,-1
2026-07-06,2026-07-06 13:05:00,1373.12,1373.12,1372.91,1372.91,-0.02,10.48,14386.01,-1
2026-07-06,2026-07-06 13:06:00,1372.91,1372.91,1372.69,1372.69,-0.02,10.48,14386.01,-1
2026-07-06,2026-07-06 13:07:00,1372.69,1372.69,1372.48,1372.48,-0.02,10.48,14386.01,-1
2026-07-06,2026-07-06 13:08:00,1372.48,1372.48,1372.27,1372.27,-0.02,10.48,14386.01,-1
2026-07-06,2026-07-06 13:09:00,1372.27,1372.27,1372.05,1372.05,-0.02,10.48,14386.01,-1
2026-07-06,2026-07-06 13:10:00,1372.05,1372.05,1371.84,1371.84,-0.02,10.48,14386.01,-1
2026-07-06,2026-07-06 13:11:00,1371.84,1371.84,1371.62,1371.62,-0.02,10.48,14386.01,-1
2026-07-06,2026-07-06 13:12:00,1371.62,1371.62,1371.4,1371.4,-0.02,10.48,14386.01,-1
2026-07-06,2026-07-06 13:13:00,1371.4,1371.4,1371.19,1371.19,-0.02,10.48,14386.01,-1
2026-07-06,2026-07-06 13:14:00,1371.19,1371.19,1370.98,1370.98,-0.02,10.48,14386.01,-1
2026-07-06,2026-07-06 13:15:00,1370.98,1370.98,1370.76,1370.76,-0.02,10.48,14386.01,-1
2026-07-06,2026-07-06 13:16:00,1370.76,1370.76,1370.55,1370.55,-0.02,10.48,14386.01,-1
2026-07-06,2026-07-06 13:17:00,1370.55,1370.55,1370.33,1370.33,-0.02,10.48,14386.01,-1
2026-07-06,2026-07-06 13:18:00,1370.33,1370.33,1370.12,1370.12,-0.02,10.48,14386.01,-1
2026-07-06,2026-07-06 13:19:00,1370.12,1370.12,1369.9,1369.9,-0.02,10.48,14386.01,-1
2026-07-06,2026-07-06 13:20:00,1369.9,1369.9,1369.68,1369.68,-0.02,10.48,14386.01,-1
2026-07-06,2026-07-06 13:21:00,1369.68,1369.68,1369.47,1369.47,-0.02,10.48,14386.01,-1
2026-07-06,2026-07-06 13:22:00,1369.47,1369.47,1369.26,1369.26,-0.02,10.48,14386.01,-1
2026-07-06,2026-07-06 13:23:00,1369.26,1369.26,1369.04,1369.04,-0.02,10.48,14386.01,-1
2026-07-06,2026-07-06 13:24:00,1369.04,1369.04,1368.83,1368.83,-0.02,10.48,14386.01,-1
2026-07-06,2026-07-06 13:25:00,1368.83,1368.83,1368.61,1368.61,-0.02,10.48,14386.01,-1
2026-07-06,2026-07-06 13:26:00,1368.61,1368.61,1368.39,1368.39,-0.02,10.48,14386.01,-1
2026-07-06,2026-07-06 13:27:00,1368.39,1368.39,1368.18,1368.18,-0.02,10.48,14386.01,-1
2026-07-06,2026-07-06 13:28:00,1368.18,1368.18,1367.97,1367.97,-0.02,10.48,14386.01,-1
2026-07-06,2026-07-06 13:29:00,1367.97,1367.97,1367.75,1367.75,-0.02,10.48,14386.01,-1
2026-07-06,2026-07-06 13:30:00,1367.75,1367.75,1367.54,1367.54,-0.02,10.48,14386.01,-1
2026-07-06,2026-07-06 13:31:00,1367.54,1367.54,1367.32,1367.32,-0.02,10.48,14386.01,-1
2026-07-06,2026-07-06 13:32:00,1367.32,1367.32,1367.11,1367.11,-0.02,10.48,14386.01,-1
2026-07-06,2026-07-06 13:33:00,1367.11,1367.11,1366.89,1366.89,-0.02,10.48,14386.01,-1
2026-07-06,2026-07-06 13:34:00,1366.89,1366.89,1366.67,1366.67,-0.02,10.48,14386.01,-1
2026-07-06,2026-07-06 13:35:00,1366.67,1366.67,1366.46,1366.46,-0.02,10.48,14386.01,-1
2026-07-06,2026-07-06 13:36:00,1366.46,1366.46,1366.25,1366.25,-0.02,10.48,14386.01,-1
2026-07-06,2026-07-06 13:37:00,1366.25,1366.25,1366.03,1366.03,-0.02,10.48,14386.01,-1
2026-07-06,2026-07-06 13:38:00,1366.03,1366.03,1365.82,1365.82,-0.02,10.48,14386.01,-1
2026-07-06,2026-07-06 13:39:00,1365.82,1365.82,1365.6,1365.6,-0.02,10.48,14386.01,-1
2026-07-06,2026-07-06 13:40:00,1365.6,1365.6,1365.38,1365.38,-0.02,10.48,14386.01,-1
2026-07-06,2026-07-06 13:41:00,1365.38,1365.38,1365.17,1365.17,-0.02,10.48,14386.01,-1
2026-07-06,2026-07-06 13:42:00,1365.17,1365.17,1364.96,1364.96,-0.02,10.48,14386.01,-1
2026-07-06,2026-07-06 13:43:00,1364.96,1364.96,1364.74,1364.74,-0.02,10.48,14386.01,-1
2026-07-06,2026-07-06 13:44:00,1364.74,1364.74,1364.53,1364.53,-0.02,10.48,14386.01,-1
2026-07-06,2026-07-06 13:45:00,1364.53,1364.53,1364.31,1364.31,-0.02,10.48,14386.01,-1
2026-07-06,2026-07-06 13:46:00,1364.31,1364.31,1364.1,1364.1,-0.02,10.48,14386.01,-1
2026-07-06,2026-07-06 13:47:00,1364.1,1364.1,1363.88,1363.88,-0.02,10.48,14386.01,-1
2026-07-06,2026-07-06 13:48:00,1363.88,1363.88,1363.66,1363.66,-0.02,10.48,14386.01,-1
2026-07-06,2026-07-06 13:49:00,1363.66,1363.66,1363.45,1363.45,-0.02,10.48,14386.01,-1
2026-07-06,2026-07-06 13:50:00,1363.45,1363.45,1363.24,1363.24,-0.02,10.48,14386.01,-1
2026-07-06,2026-07-06 13:51:00,1363.24,1363.24,1363.02,1363.02,-0.02,10.48,14386.01,-1
2026-07-06,2026-07-06 13:52:00,1363.02,1363.02,1362.81,1362.81,-0.02,10.48,14386.01,-1
2026-07-06,2026-07-06 13:53:00,1362.81,1362.81,1362.59,1362.59,-0.02,10.48,14386.01,-1
2026-07-06,2026-07-06 13:54:00,1362.59,1362.59,1362.38,1362.38,-0.02,10.48,14386.01,-1
2026-07-06,2026-07-06 13:55:00,1362.38,1362.38,1362.16,1362.16,-0.02,10.48,14386.01,-1
2026-07-06,2026-07-06 13:56:00,1362.16,1362.16,1361.95,1361.95,-0.02,10.48,14386.01,-1
2026-07-06,2026-07-06 13:57:00,1361.95,1361.95,1361.73,1361.73,-0.02,10.48,14386.01,-1
2026-07-06,2026-07-06 13:58:00,1361.73,1361.73,1361.52,1361.52,-0.02,10.48,14386.01,-1
2026-07-06,2026-07-06 13:59:00,1361.52,1361.52,1361.3,1361.3,-0.02,10.48,14386.01,-1
2026-07-06,2026-07-06 14:00:00,1361.3,1361.3,1361.09,1361.09,-0.02,10.48,14386.01,-1
2026-07-06,2026-07-06 14:01:00,1361.09,1361.09,1360.87,1360.87,-0.02,10.48,14386.01,-1
2026-07-06,2026-07-06 14:02:00,1360.87,1360.87,1360.65,1360.65,-0.02,10.48,14386.01,-1
2026-07-06,2026-07-06 14:03:00,1360.65,1360.65,1360.44,1360.44,-0.02,10.48,14386.01,-1
2026-07-06,2026-07-06 14:04:00,1360.44,1360.44,1360.23,1360.23,-0.02,10.48,14386.01,-1
2026-07-06,2026-07-06 14:05:00,1360.23,1360.23,1360.01,1360.01,-0.02,10.48,14386.01,-1
2026-07-06,2026-07-06 14:06:00,1360.01,1360.01,1359.8,1359.8,-0.02,10.48,14386.01,-1
2026-07-06,2026-07-06 14:07:00,1359.8,1359.8,1359.58,1359.58,-0.02,10.48,14386.01,-1
2026-07-06,2026-07-06 14:08:00,1359.58,1359.58,1359.37,1359.37,-0.02,10.48,14386.01,-1
2026-07-06,2026-07-06 14:09:00,1359.37,1359.37,1359.15,1359.15,-0.02,10.48,14386.01,-1
2026-07-06,2026-07-06 14:10:00,1359.15,1359.15,1358.94,1358.94,-0.02,10.48,14386.01,-1
2026-07-06,2026-07-06 14:11:00,1358.94,1358.94,1358.72,1358.72,-0.02,10.48,14386.01,-1
2026-07-06,2026-07-06 14:12:00,1358.72,1358.72,1358.51,1358.51,-0.02,10.48,14386.01,-1
2026-07-06,2026-07-06 14:13:00,1358.51,1358.51,1358.29,1358.29,-0.02,10.48,14386.01,-1
2026-07-06,2026-07-06 14:14:00,1358.29,1358.29,1358.08,1358.08,-0.02,10.48,14386.01,-1
2026-07-06,2026-07-06 14:15:00,1358.08,1358.08,1357.86,1357.86,-0.02,10.48,14386.01,-1
2026-07-06,2026-07-06 14:16:00,1357.86,1357.86,1357.64,1357.64,-0.02,10.48,14386.01,-1
2026-07-06,2026-07-06 14:17:00,1357.64,1357.64,1357.43,1357.43,-0.02,10.48,14386.01,-1
2026-07-06,2026-07-06 14:18:00,1357.43,1357.43,1357.22,1357.22,-0.02,10.48,14386.01,-1
2026-07-06,2026-07-06 14:19:00,1357.22,1357.22,1357.0,1357.0,-0.02,10.48,14386.01,-1
2026-07-06,2026-07-06 14:20:00,1357.0,1357.0,1356.79,1356.79,-0.02,10.48,14386.01,-1
2026-07-06,2026-07-06 14:21:00,1356.79,1356.79,1356.57,1356.57,-0.02,10.48,14386.01,-1
2026-07-06,2026-07-06 14:22:00,1356.57,1356.57,1356.36,1356.36,-0.02,10.48,14386.01,-1
2026-07-06,2026-07-06 14:23:00,1356.36,1356.36,1356.14,1356.14,-0.02,10.48,14386.01,-1
2026-07-06,2026-07-06 14:24:00,1356.14,1356.14,1355.93,1355.93,-0.02,10.48,14386.01,-1
2026-07-06,2026-07-06 14:25:00,1355.93,1355.93,1355.71,1355.71,-0.02,10.48,14386.01,-1
2026-07-06,2026-07-06 14:26:00,1355.71,1355.71,1355.5,1355.5,-0.02,10.48,14386.01,-1
2026-07-06,2026-07-06 14:27:00,1355.5,1355.5,1355.28,1355.28,-0.02,10.48,14386.01,-1
2026-07-06,2026-07-06 14:28:00,1355.28,1355.28,1355.07,1355.07,-0.02,10.48,14386.01,-1
2026-07-06,2026-07-06 14:29:00,1355.07,1355.07,1354.85,1354.85,-0.02,10.48,14386.01,-1
2026-07-06,2026-07-06 14:30:00,1354.85,1354.85,1354.63,1354.63,-0.02,10.48,14386.01,-1
2026-07-06,2026-07-06 14:31:00,1354.63,1354.63,1354.42,1354.42,-0.02,10.48,14386.01,-1
2026-07-06,2026-07-06 14:32:00,1354.42,1354.42,1354.21,1354.21,-0.02,10.48,14386.01,-1
2026-07-06,2026-07-06 14:33:00,1354.21,1354.21,1353.99,1353.99,-0.02,10.48,14386.01,-1
2026-07-06,2026-07-06 14:34:00,1353.99,1353.99,1353.78,1353.78,-0.02,10.48,14386.01,-1
2026-07-06,2026-07-06 14:35:00,1353.78,1353.78,1353.56,1353.56,-0.02,10.48,14386.01,-1
2026-07-06,2026-07-06 14:36:00,1353.56,1353.56,1353.35,1353.35,-0.02,10.48,14386.01,-1
2026-07-06,2026-07-06 14:37:00,1353.35,1353.35,1353.13,1353.13,-0.02,10.48,14386.01,-1
2026-07-06,2026-07-06 14:38:00,1353.13,1353.13,1352.92,1352.92,-0.02,10.48,14386.01,-1
2026-07-06,2026-07-06 14:39:00,1352.92,1352.92,1352.7,1352.7,-0.02,10.48,14386.01,-1
2026-07-06,2026-07-06 14:40:00,1352.7,1352.7,1352.49,1352.49,-0.02,10.48,14386.01,-1
2026-07-06,2026-07-06 14:41:00,1352.49,1352.49,1352.27,1352.27,-0.02,10.48,14386.01,-1
2026-07-06,2026-07-06 14:42:00,1352.27,1352.27,1352.06,1352.06,-0.02,10.48,14386.01,-1
2026-07-06,2026-07-06 14:43:00,1352.06,1352.06,1351.84,1351.84,-0.02,10.48,14386.01,-1
2026-07-06,2026-07-06 14:44:00,1351.84,1351.84,1351.62,1351.62,-0.02,10.48,14386.01,-1
2026-07-06,2026-07-06 14:45:00,1351.62,1351.62,1351.41,1351.41,-0.02,10.48,14386.01,-1
2026-07-06,2026-07-06 14:46:00,1351.41,1351.41,1351.2,1351.2,-0.02,10.48,14386.01,-1
2026-07-06,2026-07-06 14:47:00,1351.2,1351.2,1350.98,1350.98,-0.02,10.48,14386.01,-1
2026-07-06,2026-07-06 14:48:00,1350.98,1350.98,1350.77,1350.77,-0.02,10.48,14386.01,-1
2026-07-06,2026-07-06 14:49:00,1350.77,1350.77,1350.55,1350.55,-0.02,10.48,14386.01,-1
2026-07-06,2026-07-06 14:50:00,1350.55,1350.55,1350.34,1350.34,-0.02,10.48,14386.01,-1
2026-07-06,2026-07-06 14:51:00,1350.34,1350.34,1350.12,1350.12,-0.02,10.48,14386.01,-1
2026-07-06,2026-07-06 14:52:00,1350.12,1350.12,1349.91,1349.91,-0.02,10.48,14386.01,-1
2026-07-06,2026-07-06 14:53:00,1349.91,1349.91,1349.69,1349.69,-0.02,10.48,14386.01,-1
2026-07-06,2026-07-06 14:54:00,1349.69,1349.69,1349.48,1349.48,-0.02,10.48,14386.01,-1
2026-07-06,2026-07-06 14:55:00,1349.48,1349.48,1349.26,1349.26,-0.02,10.48,14386.01,-1
2026-07-06,2026-07-06 14:56:00,1349.26,1349.26,1349.05,1349.05,-0.02,10.48,14386.01,-1
2026-07-06,2026-07-06 14:57:00,1349.05,1349.05,1348.83,1348.83,-0.02,10.48,14386.01,-1
2026-07-06,2026-07-06 14:58:00,1348.83,1348.83,1348.62,1348.62,-0.02,10.48,14386.01,-1
2026-07-06,2026-07-06 14:59:00,1348.62,1348.62,1348.4,1348.4,-0.02,10.48,14386.01,-1
2026-07-06,2026-07-06 15:00:00,1348.4,1424.9,1348.4,1348.4,0.0,10.48,14386.01,0
2026-07-07,2026-07-07 11:00:00,1300.0,1336.0,1300.0,1300.42,0.03,4.41,6170.12,1
2026-07-07,2026-07-07 11:01:00,1300.42,1300.83,1300.42,1300.83,0.03,4.41,6170.12,1
2026-07-07,2026-07-07 11:02:00,1300.83,1301.25,1300.83,1301.25,0.03,4.41,6170.12,1
2026-07-07,2026-07-07 11:03:00,1301.25,1301.67,1301.25,1301.67,0.03,4.41,6170.12,1
2026-07-07,2026-07-07 11:04:00,1301.67,1302.08,1301.67,1302.08,0.03,4.41,6170.12,1
2026-07-07,2026-07-07 11:05:00,1302.08,1302.5,1302.08,1302.5,0.03,4.41,6170.12,1
2026-07-07,2026-07-07 11:06:00,1302.5,1302.92,1302.5,1302.92,0.03,4.41,6170.12,1
2026-07-07,2026-07-07 11:07:00,1302.92,1303.33,1302.92,1303.33,0.03,4.41,6170.12,1
2026-07-07,2026-07-07 11:08:00,1303.33,1303.75,1303.33,1303.75,0.03,4.41,6170.12,1
2026-07-07,2026-07-07 11:09:00,1303.75,1304.17,1303.75,1304.17,0.03,4.41,6170.12,1
2026-07-07,2026-07-07 11:10:00,1304.17,1304.58,1304.17,1304.58,0.03,4.41,6170.12,1
2026-07-07,2026-07-07 11:11:00,1304.58,1305.0,1304.58,1305.0,0.03,4.41,6170.12,1
2026-07-07,2026-07-07 11:12:00,1305.0,1305.42,1305.0,1305.42,0.03,4.41,6170.12,1
2026-07-07,2026-07-07 11:13:00,1305.42,1305.83,1305.42,1305.83,0.03,4.41,6170.12,1
2026-07-07,2026-07-07 11:14:00,1305.83,1306.25,1305.83,1306.25,0.03,4.41,6170.12,1
2026-07-07,2026-07-07 11:15:00,1306.25,1306.67,1306.25,1306.67,0.03,4.41,6170.12,1
2026-07-07,2026-07-07 11:16:00,1306.67,1307.08,1306.67,1307.08,0.03,4.41,6170.12,1
2026-07-07,2026-07-07 11:17:00,1307.08,1307.5,1307.08,1307.5,0.03,4.41,6170.12,1
2026-07-07,2026-07-07 11:18:00,1307.5,1307.92,1307.5,1307.92,0.03,4.41,6170.12,1
2026-07-07,2026-07-07 11:19:00,1307.92,1308.33,1307.92,1308.33,0.03,4.41,6170.12,1
2026-07-07,2026-07-07 11:20:00,1308.33,1308.75,1308.33,1308.75,0.03,4.41,6170.12,1
2026-07-07,2026-07-07 11:21:00,1308.75,1309.17,1308.75,1309.17,0.03,4.41,6170.12,1
2026-07-07,2026-07-07 11:22:00,1309.17,1309.58,1309.17,1309.58,0.03,4.41,6170.12,1
2026-07-07,2026-07-07 11:23:00,1309.58,1310.0,1309.58,1310.0,0.03,4.41,6170.12,1
2026-07-07,2026-07-07 11:24:00,1310.0,1310.42,1310.0,1310.42,0.03,4.41,6170.12,1
2026-07-07,2026-07-07 11:25:00,1310.42,1310.83,1310.42,1310.83,0.03,4.41,6170.12,1
2026-07-07,2026-07-07 11:26:00,1310.83,1311.25,1310.83,1311.25,0.03,4.41,6170.12,1
2026-07-07,2026-07-07 11:27:00,1311.25,1311.67,1311.25,1311.67,0.03,4.41,6170.12,1
2026-07-07,2026-07-07 11:28:00,1311.67,1312.08,1311.67,1312.08,0.03,4.41,6170.12,1
2026-07-07,2026-07-07 11:29:00,1312.08,1312.5,1312.08,1312.5,0.03,4.41,6170.12,1
2026-07-07,2026-07-07 11:30:00,1312.5,1312.92,1312.5,1312.92,0.03,4.41,6170.12,1
2026-07-07,2026-07-07 11:31:00,1312.92,1313.33,1312.92,1313.33,0.03,4.41,6170.12,1
2026-07-07,2026-07-07 11:32:00,1313.33,1313.75,1313.33,1313.75,0.03,4.41,6170.12,1
2026-07-07,2026-07-07 11:33:00,1313.75,1314.17,1313.75,1314.17,0.03,4.41,6170.12,1
2026-07-07,2026-07-07 11:34:00,1314.17,1314.58,1314.17,1314.58,0.03,4.41,6170.12,1
2026-07-07,2026-07-07 11:35:00,1314.58,1315.0,1314.58,1315.0,0.03,4.41,6170.12,1
2026-07-07,2026-07-07 11:36:00,1315.0,1315.42,1315.0,1315.42,0.03,4.41,6170.12,1
2026-07-07,2026-07-07 11:37:00,1315.42,1315.83,1315.42,1315.83,0.03,4.41,6170.12,1
2026-07-07,2026-07-07 11:38:00,1315.83,1316.25,1315.83,1316.25,0.03,4.41,6170.12,1
2026-07-07,2026-07-07 11:39:00,1316.25,1316.67,1316.25,1316.67,0.03,4.41,6170.12,1
2026-07-07,2026-07-07 11:40:00,1316.67,1317.08,1316.67,1317.08,0.03,4.41,6170.12,1
2026-07-07,2026-07-07 11:41:00,1317.08,1317.5,1317.08,1317.5,0.03,4.41,6170.12,1
2026-07-07,2026-07-07 11:42:00,1317.5,1317.92,1317.5,1317.92,0.03,4.41,6170.12,1
2026-07-07,2026-07-07 11:43:00,1317.92,1318.33,1317.92,1318.33,0.03,4.41,6170.12,1
2026-07-07,2026-07-07 11:44:00,1318.33,1318.75,1318.33,1318.75,0.03,4.41,6170.12,1
2026-07-07,2026-07-07 11:45:00,1318.75,1319.17,1318.75,1319.17,0.03,4.41,6170.12,1
2026-07-07,2026-07-07 11:46:00,1319.17,1319.58,1319.17,1319.58,0.03,4.41,6170.12,1
2026-07-07,2026-07-07 11:47:00,1319.58,1320.0,1319.58,1320.0,0.03,4.41,6170.12,1
2026-07-07,2026-07-07 11:48:00,1320.0,1320.42,1320.0,1320.42,0.03,4.41,6170.12,1
2026-07-07,2026-07-07 11:49:00,1320.42,1320.83,1320.42,1320.83,0.03,4.41,6170.12,1
2026-07-07,2026-07-07 11:50:00,1320.83,1321.25,1320.83,1321.25,0.03,4.41,6170.12,1
2026-07-07,2026-07-07 11:51:00,1321.25,1321.67,1321.25,1321.67,0.03,4.41,6170.12,1
2026-07-07,2026-07-07 11:52:00,1321.67,1322.08,1321.67,1322.08,0.03,4.41,6170.12,1
2026-07-07,2026-07-07 11:53:00,1322.08,1322.5,1322.08,1322.5,0.03,4.41,6170.12,1
2026-07-07,2026-07-07 11:54:00,1322.5,1322.92,1322.5,1322.92,0.03,4.41,6170.12,1
2026-07-07,2026-07-07 11:55:00,1322.92,1323.33,1322.92,1323.33,0.03,4.41,6170.12,1
2026-07-07,2026-07-07 11:56:00,1323.33,1323.75,1323.33,1323.75,0.03,4.41,6170.12,1
2026-07-07,2026-07-07 11:57:00,1323.75,1324.17,1323.75,1324.17,0.03,4.41,6170.12,1
2026-07-07,2026-07-07 11:58:00,1324.17,1324.58,1324.17,1324.58,0.03,4.41,6170.12,1
2026-07-07,2026-07-07 11:59:00,1324.58,1325.0,1324.58,1325.0,0.03,4.41,6170.12,1
2026-07-07,2026-07-07 12:00:00,1325.0,1325.42,1325.0,1325.42,0.03,4.41,6170.12,1
2026-07-07,2026-07-07 12:01:00,1325.42,1325.83,1325.42,1325.83,0.03,4.41,6170.12,1
2026-07-07,2026-07-07 12:02:00,1325.83,1326.25,1325.83,1326.25,0.03,4.41,6170.12,1
2026-07-07,2026-07-07 12:03:00,1326.25,1326.67,1326.25,1326.67,0.03,4.41,6170.12,1
2026-07-07,2026-07-07 12:04:00,1326.67,1327.08,1326.67,1327.08,0.03,4.41,6170.12,1
2026-07-07,2026-07-07 12:05:00,1327.08,1327.5,1327.08,1327.5,0.03,4.41,6170.12,1
2026-07-07,2026-07-07 12:06:00,1327.5,1327.92,1327.5,1327.92,0.03,4.41,6170.12,1
2026-07-07,2026-07-07 12:07:00,1327.92,1328.33,1327.92,1328.33,0.03,4.41,6170.12,1
2026-07-07,2026-07-07 12:08:00,1328.33,1328.75,1328.33,1328.75,0.03,4.41,6170.12,1
2026-07-07,2026-07-07 12:09:00,1328.75,1329.17,1328.75,1329.17,0.03,4.41,6170.12,1
2026-07-07,2026-07-07 12:10:00,1329.17,1329.58,1329.17,1329.58,0.03,4.41,6170.12,1
2026-07-07,2026-07-07 12:11:00,1329.58,1330.0,1329.58,1330.0,0.03,4.41,6170.12,1
2026-07-07,2026-07-07 12:12:00,1330.0,1330.42,1330.0,1330.42,0.03,4.41,6170.12,1
2026-07-07,2026-07-07 12:13:00,1330.42,1330.83,1330.42,1330.83,0.03,4.41,6170.12,1
2026-07-07,2026-07-07 12:14:00,1330.83,1331.25,1330.83,1331.25,0.03,4.41,6170.12,1
2026-07-07,2026-07-07 12:15:00,1331.25,1331.67,1331.25,1331.67,0.03,4.41,6170.12,1
2026-07-07,2026-07-07 12:16:00,1331.67,1332.08,1331.67,1332.08,0.03,4.41,6170.12,1
2026-07-07,2026-07-07 12:17:00,1332.08,1332.5,1332.08,1332.5,0.03,4.41,6170.12,1
2026-07-07,2026-07-07 12:18:00,1332.5,1332.92,1332.5,1332.92,0.03,4.41,6170.12,1
2026-07-07,2026-07-07 12:19:00,1332.92,1333.33,1332.92,1333.33,0.03,4.41,6170.12,1
2026-07-07,2026-07-07 12:20:00,1333.33,1333.75,1333.33,1333.75,0.03,4.41,6170.12,1
2026-07-07,2026-07-07 12:21:00,1333.75,1334.17,1333.75,1334.17,0.03,4.41,6170.12,1
2026-07-07,2026-07-07 12:22:00,1334.17,1334.58,1334.17,1334.58,0.03,4.41,6170.12,1
2026-07-07,2026-07-07 12:23:00,1334.58,1335.0,1334.58,1335.0,0.03,4.41,6170.12,1
2026-07-07,2026-07-07 12:24:00,1335.0,1335.42,1335.0,1335.42,0.03,4.41,6170.12,1
2026-07-07,2026-07-07 12:25:00,1335.42,1335.83,1335.42,1335.83,0.03,4.41,6170.12,1
2026-07-07,2026-07-07 12:26:00,1335.83,1336.25,1335.83,1336.25,0.03,4.41,6170.12,1
2026-07-07,2026-07-07 12:27:00,1336.25,1336.67,1336.25,1336.67,0.03,4.41,6170.12,1
2026-07-07,2026-07-07 12:28:00,1336.67,1337.08,1336.67,1337.08,0.03,4.41,6170.12,1
2026-07-07,2026-07-07 12:29:00,1337.08,1337.5,1337.08,1337.5,0.03,4.41,6170.12,1
2026-07-07,2026-07-07 12:30:00,1337.5,1337.92,1337.5,1337.92,0.03,4.41,6170.12,1
2026-07-07,2026-07-07 12:31:00,1337.92,1338.33,1337.92,1338.33,0.03,4.41,6170.12,1
2026-07-07,2026-07-07 12:32:00,1338.33,1338.75,1338.33,1338.75,0.03,4.41,6170.12,1
2026-07-07,2026-07-07 12:33:00,1338.75,1339.17,1338.75,1339.17,0.03,4.41,6170.12,1
2026-07-07,2026-07-07 12:34:00,1339.17,1339.58,1339.17,1339.58,0.03,4.41,6170.12,1
2026-07-07,2026-07-07 12:35:00,1339.58,1340.0,1339.58,1340.0,0.03,4.41,6170.12,1
2026-07-07,2026-07-07 12:36:00,1340.0,1340.42,1340.0,1340.42,0.03,4.41,6170.12,1
2026-07-07,2026-07-07 12:37:00,1340.42,1340.83,1340.42,1340.83,0.03,4.41,6170.12,1
2026-07-07,2026-07-07 12:38:00,1340.83,1341.25,1340.83,1341.25,0.03,4.41,6170.12,1
2026-07-07,2026-07-07 12:39:00,1341.25,1341.67,1341.25,1341.67,0.03,4.41,6170.12,1
2026-07-07,2026-07-07 12:40:00,1341.67,1342.08,1341.67,1342.08,0.03,4.41,6170.12,1
2026-07-07,2026-07-07 12:41:00,1342.08,1342.5,1342.08,1342.5,0.03,4.41,6170.12,1
2026-07-07,2026-07-07 12:42:00,1342.5,1342.92,1342.5,1342.92,0.03,4.41,6170.12,1
2026-07-07,2026-07-07 12:43:00,1342.92,1343.33,1342.92,1343.33,0.03,4.41,6170.12,1
2026-07-07,2026-07-07 12:44:00,1343.33,1343.75,1343.33,1343.75,0.03,4.41,6170.12,1
2026-07-07,2026-07-07 12:45:00,1343.75,1344.17,1343.75,1344.17,0.03,4.41,6170.12,1
2026-07-07,2026-07-07 12:46:00,1344.17,1344.58,1344.17,1344.58,0.03,4.41,6170.12,1
2026-07-07,2026-07-07 12:47:00,1344.58,1345.0,1344.58,1345.0,0.03,4.41,6170.12,1
2026-07-07,2026-07-07 12:48:00,1345.0,1345.42,1345.0,1345.42,0.03,4.41,6170.12,1
2026-07-07,2026-07-07 12:49:00,1345.42,1345.83,1345.42,1345.83,0.03,4.41,6170.12,1
2026-07-07,2026-07-07 12:50:00,1345.83,1346.25,1345.83,1346.25,0.03,4.41,6170.12,1
2026-07-07,2026-07-07 12:51:00,1346.25,1346.67,1346.25,1346.67,0.03,4.41,6170.12,1
2026-07-07,2026-07-07 12:52:00,1346.67,1347.08,1346.67,1347.08,0.03,4.41,6170.12,1
2026-07-07,2026-07-07 12:53:00,1347.08,1347.5,1347.08,1347.5,0.03,4.41,6170.12,1
2026-07-07,2026-07-07 12:54:00,1347.5,1347.92,1347.5,1347.92,0.03,4.41,6170.12,1
2026-07-07,2026-07-07 12:55:00,1347.92,1348.33,1347.92,1348.33,0.03,4.41,6170.12,1
2026-07-07,2026-07-07 12:56:00,1348.33,1348.75,1348.33,1348.75,0.03,4.41,6170.12,1
2026-07-07,2026-07-07 12:57:00,1348.75,1349.17,1348.75,1349.17,0.03,4.41,6170.12,1
2026-07-07,2026-07-07 12:58:00,1349.17,1349.58,1349.17,1349.58,0.03,4.41,6170.12,1
2026-07-07,2026-07-07 12:59:00,1349.58,1350.0,1349.58,1350.0,0.03,4.41,6170.12,1
2026-07-07,2026-07-07 13:00:00,1350.0,1420.0,1300.0,1350.42,0.03,4.41,6170.12,1
2026-07-07,2026-07-07 13:01:00,1350.42,1350.83,1350.42,1350.83,0.03,4.41,6170.12,1
2026-07-07,2026-07-07 13:02:00,1350.83,1351.25,1350.83,1351.25,0.03,4.41,6170.12,1
2026-07-07,2026-07-07 13:03:00,1351.25,1351.67,1351.25,1351.67,0.03,4.41,6170.12,1
2026-07-07,2026-07-07 13:04:00,1351.67,1352.08,1351.67,1352.08,0.03,4.41,6170.12,1
2026-07-07,2026-07-07 13:05:00,1352.08,1352.5,1352.08,1352.5,0.03,4.41,6170.12,1
2026-07-07,2026-07-07 13:06:00,1352.5,1352.92,1352.5,1352.92,0.03,4.41,6170.12,1
2026-07-07,2026-07-07 13:07:00,1352.92,1353.33,1352.92,1353.33,0.03,4.41,6170.12,1
2026-07-07,2026-07-07 13:08:00,1353.33,1353.75,1353.33,1353.75,0.03,4.41,6170.12,1
2026-07-07,2026-07-07 13:09:00,1353.75,1354.17,1353.75,1354.17,0.03,4.41,6170.12,1
2026-07-07,2026-07-07 13:10:00,1354.17,1354.58,1354.17,1354.58,0.03,4.41,6170.12,1
2026-07-07,2026-07-07 13:11:00,1354.58,1355.0,1354.58,1355.0,0.03,4.41,6170.12,1
2026-07-07,2026-07-07 13:12:00,1355.0,1355.42,1355.0,1355.42,0.03,4.41,6170.12,1
2026-07-07,2026-07-07 13:13:00,1355.42,1355.83,1355.42,1355.83,0.03,4.41,6170.12,1
2026-07-07,2026-07-07 13:14:00,1355.83,1356.25,1355.83,1356.25,0.03,4.41,6170.12,1
2026-07-07,2026-07-07 13:15:00,1356.25,1356.67,1356.25,1356.67,0.03,4.41,6170.12,1
2026-07-07,2026-07-07 13:16:00,1356.67,1357.08,1356.67,1357.08,0.03,4.41,6170.12,1
2026-07-07,2026-07-07 13:17:00,1357.08,1357.5,1357.08,1357.5,0.03,4.41,6170.12,1
2026-07-07,2026-07-07 13:18:00,1357.5,1357.92,1357.5,1357.92,0.03,4.41,6170.12,1
2026-07-07,2026-07-07 13:19:00,1357.92,1358.33,1357.92,1358.33,0.03,4.41,6170.12,1
2026-07-07,2026-07-07 13:20:00,1358.33,1358.75,1358.33,1358.75,0.03,4.41,6170.12,1
2026-07-07,2026-07-07 13:21:00,1358.75,1359.17,1358.75,1359.17,0.03,4.41,6170.12,1
2026-07-07,2026-07-07 13:22:00,1359.17,1359.58,1359.17,1359.58,0.03,4.41,6170.12,1
2026-07-07,2026-07-07 13:23:00,1359.58,1360.0,1359.58,1360.0,0.03,4.41,6170.12,1
2026-07-07,2026-07-07 13:24:00,1360.0,1360.42,1360.0,1360.42,0.03,4.41,6170.12,1
2026-07-07,2026-07-07 13:25:00,1360.42,1360.83,1360.42,1360.83,0.03,4.41,6170.12,1
2026-07-07,2026-07-07 13:26:00,1360.83,1361.25,1360.83,1361.25,0.03,4.41,6170.12,1
2026-07-07,2026-07-07 13:27:00,1361.25,1361.67,1361.25,1361.67,0.03,4.41,6170.12,1
2026-07-07,2026-07-07 13:28:00,1361.67,1362.08,1361.67,1362.08,0.03,4.41,6170.12,1
2026-07-07,2026-07-07 13:29:00,1362.08,1362.5,1362.08,1362.5,0.03,4.41,6170.12,1
2026-07-07,2026-07-07 13:30:00,1362.5,1362.92,1362.5,1362.92,0.03,4.41,6170.12,1
2026-07-07,2026-07-07 13:31:00,1362.92,1363.33,1362.92,1363.33,0.03,4.41,6170.12,1
2026-07-07,2026-07-07 13:32:00,1363.33,1363.75,1363.33,1363.75,0.03,4.41,6170.12,1
2026-07-07,2026-07-07 13:33:00,1363.75,1364.17,1363.75,1364.17,0.03,4.41,6170.12,1
2026-07-07,2026-07-07 13:34:00,1364.17,1364.58,1364.17,1364.58,0.03,4.41,6170.12,1
2026-07-07,2026-07-07 13:35:00,1364.58,1365.0,1364.58,1365.0,0.03,4.41,6170.12,1
2026-07-07,2026-07-07 13:36:00,1365.0,1365.42,1365.0,1365.42,0.03,4.41,6170.12,1
2026-07-07,2026-07-07 13:37:00,1365.42,1365.83,1365.42,1365.83,0.03,4.41,6170.12,1
2026-07-07,2026-07-07 13:38:00,1365.83,1366.25,1365.83,1366.25,0.03,4.41,6170.12,1
2026-07-07,2026-07-07 13:39:00,1366.25,1366.67,1366.25,1366.67,0.03,4.41,6170.12,1
2026-07-07,2026-07-07 13:40:00,1366.67,1367.08,1366.67,1367.08,0.03,4.41,6170.12,1
2026-07-07,2026-07-07 13:41:00,1367.08,1367.5,1367.08,1367.5,0.03,4.41,6170.12,1
2026-07-07,2026-07-07 13:42:00,1367.5,1367.92,1367.5,1367.92,0.03,4.41,6170.12,1
2026-07-07,2026-07-07 13:43:00,1367.92,1368.33,1367.92,1368.33,0.03,4.41,6170.12,1
2026-07-07,2026-07-07 13:44:00,1368.33,1368.75,1368.33,1368.75,0.03,4.41,6170.12,1
2026-07-07,2026-07-07 13:45:00,1368.75,1369.17,1368.75,1369.17,0.03,4.41,6170.12,1
2026-07-07,2026-07-07 13:46:00,1369.17,1369.58,1369.17,1369.58,0.03,4.41,6170.12,1
2026-07-07,2026-07-07 13:47:00,1369.58,1370.0,1369.58,1370.0,0.03,4.41,6170.12,1
2026-07-07,2026-07-07 13:48:00,1370.0,1370.42,1370.0,1370.42,0.03,4.41,6170.12,1
2026-07-07,2026-07-07 13:49:00,1370.42,1370.83,1370.42,1370.83,0.03,4.41,6170.12,1
2026-07-07,2026-07-07 13:50:00,1370.83,1371.25,1370.83,1371.25,0.03,4.41,6170.12,1
2026-07-07,2026-07-07 13:51:00,1371.25,1371.67,1371.25,1371.67,0.03,4.41,6170.12,1
2026-07-07,2026-07-07 13:52:00,1371.67,1372.08,1371.67,1372.08,0.03,4.41,6170.12,1
2026-07-07,2026-07-07 13:53:00,1372.08,1372.5,1372.08,1372.5,0.03,4.41,6170.12,1
2026-07-07,2026-07-07 13:54:00,1372.5,1372.92,1372.5,1372.92,0.03,4.41,6170.12,1
2026-07-07,2026-07-07 13:55:00,1372.92,1373.33,1372.92,1373.33,0.03,4.41,6170.12,1
2026-07-07,2026-07-07 13:56:00,1373.33,1373.75,1373.33,1373.75,0.03,4.41,6170.12,1
2026-07-07,2026-07-07 13:57:00,1373.75,1374.17,1373.75,1374.17,0.03,4.41,6170.12,1
2026-07-07,2026-07-07 13:58:00,1374.17,1374.58,1374.17,1374.58,0.03,4.41,6170.12,1
2026-07-07,2026-07-07 13:59:00,1374.58,1375.0,1374.58,1375.0,0.03,4.41,6170.12,1
2026-07-07,2026-07-07 14:00:00,1375.0,1375.42,1375.0,1375.42,0.03,4.41,6170.12,1
2026-07-07,2026-07-07 14:01:00,1375.42,1375.83,1375.42,1375.83,0.03,4.41,6170.12,1
2026-07-07,2026-07-07 14:02:00,1375.83,1376.25,1375.83,1376.25,0.03,4.41,6170.12,1
2026-07-07,2026-07-07 14:03:00,1376.25,1376.67,1376.25,1376.67,0.03,4.41,6170.12,1
2026-07-07,2026-07-07 14:04:00,1376.67,1377.08,1376.67,1377.08,0.03,4.41,6170.12,1
2026-07-07,2026-07-07 14:05:00,1377.08,1377.5,1377.08,1377.5,0.03,4.41,6170.12,1
2026-07-07,2026-07-07 14:06:00,1377.5,1377.92,1377.5,1377.92,0.03,4.41,6170.12,1
2026-07-07,2026-07-07 14:07:00,1377.92,1378.33,1377.92,1378.33,0.03,4.41,6170.12,1
2026-07-07,2026-07-07 14:08:00,1378.33,1378.75,1378.33,1378.75,0.03,4.41,6170.12,1
2026-07-07,2026-07-07 14:09:00,1378.75,1379.17,1378.75,1379.17,0.03,4.41,6170.12,1
2026-07-07,2026-07-07 14:10:00,1379.17,1379.58,1379.17,1379.58,0.03,4.41,6170.12,1
2026-07-07,2026-07-07 14:11:00,1379.58,1380.0,1379.58,1380.0,0.03,4.41,6170.12,1
2026-07-07,2026-07-07 14:12:00,1380.0,1380.42,1380.0,1380.42,0.03,4.41,6170.12,1
2026-07-07,2026-07-07 14:13:00,1380.42,1380.83,1380.42,1380.83,0.03,4.41,6170.12,1
2026-07-07,2026-07-07 14:14:00,1380.83,1381.25,1380.83,1381.25,0.03,4.41,6170.12,1
2026-07-07,2026-07-07 14:15:00,1381.25,1381.67,1381.25,1381.67,0.03,4.41,6170.12,1
2026-07-07,2026-07-07 14:16:00,1381.67,1382.08,1381.67,1382.08,0.03,4.41,6170.12,1
2026-07-07,2026-07-07 14:17:00,1382.08,1382.5,1382.08,1382.5,0.03,4.41,6170.12,1
2026-07-07,2026-07-07 14:18:00,1382.5,1382.92,1382.5,1382.92,0.03,4.41,6170.12,1
2026-07-07,2026-07-07 14:19:00,1382.92,1383.33,1382.92,1383.33,0.03,4.41,6170.12,1
2026-07-07,2026-07-07 14:20:00,1383.33,1383.75,1383.33,1383.75,0.03,4.41,6170.12,1
2026-07-07,2026-07-07 14:21:00,1383.75,1384.17,1383.75,1384.17,0.03,4.41,6170.12,1
2026-07-07,2026-07-07 14:22:00,1384.17,1384.58,1384.17,1384.58,0.03,4.41,6170.12,1
2026-07-07,2026-07-07 14:23:00,1384.58,1385.0,1384.58,1385.0,0.03,4.41,6170.12,1
2026-07-07,2026-07-07 14:24:00,1385.0,1385.42,1385.0,1385.42,0.03,4.41,6170.12,1
2026-07-07,2026-07-07 14:25:00,1385.42,1385.83,1385.42,1385.83,0.03,4.41,6170.12,1
2026-07-07,2026-07-07 14:26:00,1385.83,1386.25,1385.83,1386.25,0.03,4.41,6170.12,1
2026-07-07,2026-07-07 14:27:00,1386.25,1386.67,1386.25,1386.67,0.03,4.41,6170.12,1
2026-07-07,2026-07-07 14:28:00,1386.67,1387.08,1386.67,1387.08,0.03,4.41,6170.12,1
2026-07-07,2026-07-07 14:29:00,1387.08,1387.5,1387.08,1387.5,0.03,4.41,6170.12,1
2026-07-07,2026-07-07 14:30:00,1387.5,1387.92,1387.5,1387.92,0.03,4.41,6170.12,1
2026-07-07,2026-07-07 14:31:00,1387.92,1388.33,1387.92,1388.33,0.03,4.41,6170.12,1
2026-07-07,2026-07-07 14:32:00,1388.33,1388.75,1388.33,1388.75,0.03,4.41,6170.12,1
2026-07-07,2026-07-07 14:33:00,1388.75,1389.17,1388.75,1389.17,0.03,4.41,6170.12,1
2026-07-07,2026-07-07 14:34:00,1389.17,1389.58,1389.17,1389.58,0.03,4.41,6170.12,1
2026-07-07,2026-07-07 14:35:00,1389.58,1390.0,1389.58,1390.0,0.03,4.41,6170.12,1
2026-07-07,2026-07-07 14:36:00,1390.0,1390.42,1390.0,1390.42,0.03,4.41,6170.12,1
2026-07-07,2026-07-07 14:37:00,1390.42,1390.83,1390.42,1390.83,0.03,4.41,6170.12,1
2026-07-07,2026-07-07 14:38:00,1390.83,1391.25,1390.83,1391.25,0.03,4.41,6170.12,1
2026-07-07,2026-07-07 14:39:00,1391.25,1391.67,1391.25,1391.67,0.03,4.41,6170.12,1
2026-07-07,2026-07-07 14:40:00,1391.67,1392.08,1391.67,1392.08,0.03,4.41,6170.12,1
2026-07-07,2026-07-07 14:41:00,1392.08,1392.5,1392.08,1392.5,0.03,4.41,6170.12,1
2026-07-07,2026-07-07 14:42:00,1392.5,1392.92,1392.5,1392.92,0.03,4.41,6170.12,1
2026-07-07,2026-07-07 14:43:00,1392.92,1393.33,1392.92,1393.33,0.03,4.41,6170.12,1
2026-07-07,2026-07-07 14:44:00,1393.33,1393.75,1393.33,1393.75,0.03,4.41,6170.12,1
2026-07-07,2026-07-07 14:45:00,1393.75,1394.17,1393.75,1394.17,0.03,4.41,6170.12,1
2026-07-07,2026-07-07 14:46:00,1394.17,1394.58,1394.17,1394.58,0.03,4.41,6170.12,1
2026-07-07,2026-07-07 14:47:00,1394.58,1395.0,1394.58,1395.0,0.03,4.41,6170.12,1
2026-07-07,2026-07-07 14:48:00,1395.0,1395.42,1395.0,1395.42,0.03,4.41,6170.12,1
2026-07-07,2026-07-07 14:49:00,1395.42,1395.83,1395.42,1395.83,0.03,4.41,6170.12,1
2026-07-07,2026-07-07 14:50:00,1395.83,1396.25,1395.83,1396.25,0.03,4.41,6170.12,1
2026-07-07,2026-07-07 14:51:00,1396.25,1396.67,1396.25,1396.67,0.03,4.41,6170.12,1
2026-07-07,2026-07-07 14:52:00,1396.67,1397.08,1396.67,1397.08,0.03,4.41,6170.12,1
2026-07-07,2026-07-07 14:53:00,1397.08,1397.5,1397.08,1397.5,0.03,4.41,6170.12,1
2026-07-07,2026-07-07 14:54:00,1397.5,1397.92,1397.5,1397.92,0.03,4.41,6170.12,1
2026-07-07,2026-07-07 14:55:00,1397.92,1398.33,1397.92,1398.33,0.03,4.41,6170.12,1
2026-07-07,2026-07-07 14:56:00,1398.33,1398.75,1398.33,1398.75,0.03,4.41,6170.12,1
2026-07-07,2026-07-07 14:57:00,1398.75,1399.17,1398.75,1399.17,0.03,4.41,6170.12,1
2026-07-07,2026-07-07 14:58:00,1399.17,1399.58,1399.17,1399.58,0.03,4.41,6170.12,1
2026-07-07,2026-07-07 14:59:00,1399.58,1400.0,1399.58,1400.0,0.03,4.41,6170.12,1
2026-07-07,2026-07-07 15:00:00,1400.0,1420.0,1300.0,1400.0,0.0,4.41,6170.12,0
2026-07-08,2026-07-08 11:00:00,1400.0,1403.57,1387.4,1399.92,-0.01,3.72,5097.87,-1
2026-07-08,2026-07-08 11:01:00,1399.92,1399.92,1399.83,1399.83,-0.01,3.72,5097.87,-1
2026-07-08,2026-07-08 11:02:00,1399.83,1399.83,1399.75,1399.75,-0.01,3.72,5097.87,-1
2026-07-08,2026-07-08 11:03:00,1399.75,1399.75,1399.67,1399.67,-0.01,3.72,5097.87,-1
2026-07-08,2026-07-08 11:04:00,1399.67,1399.67,1399.58,1399.58,-0.01,3.72,5097.87,-1
2026-07-08,2026-07-08 11:05:00,1399.58,1399.58,1399.5,1399.5,-0.01,3.72,5097.87,-1
2026-07-08,2026-07-08 11:06:00,1399.5,1399.5,1399.42,1399.42,-0.01,3.72,5097.87,-1
2026-07-08,2026-07-08 11:07:00,1399.42,1399.42,1399.33,1399.33,-0.01,3.72,5097.87,-1
2026-07-08,2026-07-08 11:08:00,1399.33,1399.33,1399.25,1399.25,-0.01,3.72,5097.87,-1
2026-07-08,2026-07-08 11:09:00,1399.25,1399.25,1399.17,1399.17,-0.01,3.72,5097.87,-1
2026-07-08,2026-07-08 11:10:00,1399.17,1399.17,1399.08,1399.08,-0.01,3.72,5097.87,-1
2026-07-08,2026-07-08 11:11:00,1399.08,1399.08,1399.0,1399.0,-0.01,3.72,5097.87,-1
2026-07-08,2026-07-08 11:12:00,1399.0,1399.0,1398.92,1398.92,-0.01,3.72,5097.87,-1
2026-07-08,2026-07-08 11:13:00,1398.92,1398.92,1398.83,1398.83,-0.01,3.72,5097.87,-1
2026-07-08,2026-07-08 11:14:00,1398.83,1398.83,1398.75,1398.75,-0.01,3.72,5097.87,-1
2026-07-08,2026-07-08 11:15:00,1398.75,1398.75,1398.67,1398.67,-0.01,3.72,5097.87,-1
2026-07-08,2026-07-08 11:16:00,1398.67,1398.67,1398.58,1398.58,-0.01,3.72,5097.87,-1
2026-07-08,2026-07-08 11:17:00,1398.58,1398.58,1398.5,1398.5,-0.01,3.72,5097.87,-1
2026-07-08,2026-07-08 11:18:00,1398.5,1398.5,1398.42,1398.42,-0.01,3.72,5097.87,-1
2026-07-08,2026-07-08 11:19:00,1398.42,1398.42,1398.33,1398.33,-0.01,3.72,5097.87,-1
2026-07-08,2026-07-08 11:20:00,1398.33,1398.33,1398.25,1398.25,-0.01,3.72,5097.87,-1
2026-07-08,2026-07-08 11:21:00,1398.25,1398.25,1398.17,1398.17,-0.01,3.72,5097.87,-1
2026-07-08,2026-07-08 11:22:00,1398.17,1398.17,1398.08,1398.08,-0.01,3.72,5097.87,-1
2026-07-08,2026-07-08 11:23:00,1398.08,1398.08,1398.0,1398.0,-0.01,3.72,5097.87,-1
2026-07-08,2026-07-08 11:24:00,1398.0,1398.0,1397.92,1397.92,-0.01,3.72,5097.87,-1
2026-07-08,2026-07-08 11:25:00,1397.92,1397.92,1397.83,1397.83,-0.01,3.72,5097.87,-1
2026-07-08,2026-07-08 11:26:00,1397.83,1397.83,1397.75,1397.75,-0.01,3.72,5097.87,-1
2026-07-08,2026-07-08 11:27:00,1397.75,1397.75,1397.67,1397.67,-0.01,3.72,5097.87,-1
2026-07-08,2026-07-08 11:28:00,1397.67,1397.67,1397.58,1397.58,-0.01,3.72,5097.87,-1
2026-07-08,2026-07-08 11:29:00,1397.58,1397.58,1397.5,1397.5,-0.01,3.72,5097.87,-1
2026-07-08,2026-07-08 11:30:00,1397.5,1397.5,1397.42,1397.42,-0.01,3.72,5097.87,-1
2026-07-08,2026-07-08 11:31:00,1397.42,1397.42,1397.33,1397.33,-0.01,3.72,5097.87,-1
2026-07-08,2026-07-08 11:32:00,1397.33,1397.33,1397.25,1397.25,-0.01,3.72,5097.87,-1
2026-07-08,2026-07-08 11:33:00,1397.25,1397.25,1397.17,1397.17,-0.01,3.72,5097.87,-1
2026-07-08,2026-07-08 11:34:00,1397.17,1397.17,1397.08,1397.08,-0.01,3.72,5097.87,-1
2026-07-08,2026-07-08 11:35:00,1397.08,1397.08,1397.0,1397.0,-0.01,3.72,5097.87,-1
2026-07-08,2026-07-08 11:36:00,1397.0,1397.0,1396.92,1396.92,-0.01,3.72,5097.87,-1
2026-07-08,2026-07-08 11:37:00,1396.92,1396.92,1396.83,1396.83,-0.01,3.72,5097.87,-1
2026-07-08,2026-07-08 11:38:00,1396.83,1396.83,1396.75,1396.75,-0.01,3.72,5097.87,-1
2026-07-08,2026-07-08 11:39:00,1396.75,1396.75,1396.67,1396.67,-0.01,3.72,5097.87,-1
2026-07-08,2026-07-08 11:40:00,1396.67,1396.67,1396.58,1396.58,-0.01,3.72,5097.87,-1
2026-07-08,2026-07-08 11:41:00,1396.58,1396.58,1396.5,1396.5,-0.01,3.72,5097.87,-1
2026-07-08,2026-07-08 11:42:00,1396.5,1396.5,1396.42,1396.42,-0.01,3.72,5097.87,-1
2026-07-08,2026-07-08 11:43:00,1396.42,1396.42,1396.33,1396.33,-0.01,3.72,5097.87,-1
2026-07-08,2026-07-08 11:44:00,1396.33,1396.33,1396.25,1396.25,-0.01,3.72,5097.87,-1
2026-07-08,2026-07-08 11:45:00,1396.25,1396.25,1396.17,1396.17,-0.01,3.72,5097.87,-1
2026-07-08,2026-07-08 11:46:00,1396.17,1396.17,1396.08,1396.08,-0.01,3.72,5097.87,-1
2026-07-08,2026-07-08 11:47:00,1396.08,1396.08,1396.0,1396.0,-0.01,3.72,5097.87,-1
2026-07-08,2026-07-08 11:48:00,1396.0,1396.0,1395.92,1395.92,-0.01,3.72,5097.87,-1
2026-07-08,2026-07-08 11:49:00,1395.92,1395.92,1395.83,1395.83,-0.01,3.72,5097.87,-1
2026-07-08,2026-07-08 11:50:00,1395.83,1395.83,1395.75,1395.75,-0.01,3.72,5097.87,-1
2026-07-08,2026-07-08 11:51:00,1395.75,1395.75,1395.67,1395.67,-0.01,3.72,5097.87,-1
2026-07-08,2026-07-08 11:52:00,1395.67,1395.67,1395.58,1395.58,-0.01,3.72,5097.87,-1
2026-07-08,2026-07-08 11:53:00,1395.58,1395.58,1395.5,1395.5,-0.01,3.72,5097.87,-1
2026-07-08,2026-07-08 11:54:00,1395.5,1395.5,1395.42,1395.42,-0.01,3.72,5097.87,-1
2026-07-08,2026-07-08 11:55:00,1395.42,1395.42,1395.33,1395.33,-0.01,3.72,5097.87,-1
2026-07-08,2026-07-08 11:56:00,1395.33,1395.33,1395.25,1395.25,-0.01,3.72,5097.87,-1
2026-07-08,2026-07-08 11:57:00,1395.25,1395.25,1395.17,1395.17,-0.01,3.72,5097.87,-1
2026-07-08,2026-07-08 11:58:00,1395.17,1395.17,1395.08,1395.08,-0.01,3.72,5097.87,-1
2026-07-08,2026-07-08 11:59:00,1395.08,1395.08,1395.0,1395.0,-0.01,3.72,5097.87,-1
2026-07-08,2026-07-08 12:00:00,1395.0,1395.0,1394.92,1394.92,-0.01,3.72,5097.87,-1
2026-07-08,2026-07-08 12:01:00,1394.92,1394.92,1394.83,1394.83,-0.01,3.72,5097.87,-1
2026-07-08,2026-07-08 12:02:00,1394.83,1394.83,1394.75,1394.75,-0.01,3.72,5097.87,-1
2026-07-08,2026-07-08 12:03:00,1394.75,1394.75,1394.67,1394.67,-0.01,3.72,5097.87,-1
2026-07-08,2026-07-08 12:04:00,1394.67,1394.67,1394.58,1394.58,-0.01,3.72,5097.87,-1
2026-07-08,2026-07-08 12:05:00,1394.58,1394.58,1394.5,1394.5,-0.01,3.72,5097.87,-1
2026-07-08,2026-07-08 12:06:00,1394.5,1394.5,1394.42,1394.42,-0.01,3.72,5097.87,-1
2026-07-08,2026-07-08 12:07:00,1394.42,1394.42,1394.33,1394.33,-0.01,3.72,5097.87,-1
2026-07-08,2026-07-08 12:08:00,1394.33,1394.33,1394.25,1394.25,-0.01,3.72,5097.87,-1
2026-07-08,2026-07-08 12:09:00,1394.25,1394.25,1394.17,1394.17,-0.01,3.72,5097.87,-1
2026-07-08,2026-07-08 12:10:00,1394.17,1394.17,1394.08,1394.08,-0.01,3.72,5097.87,-1
2026-07-08,2026-07-08 12:11:00,1394.08,1394.08,1394.0,1394.0,-0.01,3.72,5097.87,-1
2026-07-08,2026-07-08 12:12:00,1394.0,1394.0,1393.92,1393.92,-0.01,3.72,5097.87,-1
2026-07-08,2026-07-08 12:13:00,1393.92,1393.92,1393.83,1393.83,-0.01,3.72,5097.87,-1
2026-07-08,2026-07-08 12:14:00,1393.83,1393.83,1393.75,1393.75,-0.01,3.72,5097.87,-1
2026-07-08,2026-07-08 12:15:00,1393.75,1393.75,1393.67,1393.67,-0.01,3.72,5097.87,-1
2026-07-08,2026-07-08 12:16:00,1393.67,1393.67,1393.58,1393.58,-0.01,3.72,5097.87,-1
2026-07-08,2026-07-08 12:17:00,1393.58,1393.58,1393.5,1393.5,-0.01,3.72,5097.87,-1
2026-07-08,2026-07-08 12:18:00,1393.5,1393.5,1393.42,1393.42,-0.01,3.72,5097.87,-1
2026-07-08,2026-07-08 12:19:00,1393.42,1393.42,1393.33,1393.33,-0.01,3.72,5097.87,-1
2026-07-08,2026-07-08 12:20:00,1393.33,1393.33,1393.25,1393.25,-0.01,3.72,5097.87,-1
2026-07-08,2026-07-08 12:21:00,1393.25,1393.25,1393.17,1393.17,-0.01,3.72,5097.87,-1
2026-07-08,2026-07-08 12:22:00,1393.17,1393.17,1393.08,1393.08,-0.01,3.72,5097.87,-1
2026-07-08,2026-07-08 12:23:00,1393.08,1393.08,1393.0,1393.0,-0.01,3.72,5097.87,-1
2026-07-08,2026-07-08 12:24:00,1393.0,1393.0,1392.92,1392.92,-0.01,3.72,5097.87,-1
2026-07-08,2026-07-08 12:25:00,1392.92,1392.92,1392.83,1392.83,-0.01,3.72,5097.87,-1
2026-07-08,2026-07-08 12:26:00,1392.83,1392.83,1392.75,1392.75,-0.01,3.72,5097.87,-1
2026-07-08,2026-07-08 12:27:00,1392.75,1392.75,1392.67,1392.67,-0.01,3.72,5097.87,-1
2026-07-08,2026-07-08 12:28:00,1392.67,1392.67,1392.58,1392.58,-0.01,3.72,5097.87,-1
2026-07-08,2026-07-08 12:29:00,1392.58,1392.58,1392.5,1392.5,-0.01,3.72,5097.87,-1
2026-07-08,2026-07-08 12:30:00,1392.5,1392.5,1392.42,1392.42,-0.01,3.72,5097.87,-1
2026-07-08,2026-07-08 12:31:00,1392.42,1392.42,1392.33,1392.33,-0.01,3.72,5097.87,-1
2026-07-08,2026-07-08 12:32:00,1392.33,1392.33,1392.25,1392.25,-0.01,3.72,5097.87,-1
2026-07-08,2026-07-08 12:33:00,1392.25,1392.25,1392.17,1392.17,-0.01,3.72,5097.87,-1
2026-07-08,2026-07-08 12:34:00,1392.17,1392.17,1392.08,1392.08,-0.01,3.72,5097.87,-1
2026-07-08,2026-07-08 12:35:00,1392.08,1392.08,1392.0,1392.0,-0.01,3.72,5097.87,-1
2026-07-08,2026-07-08 12:36:00,1392.0,1392.0,1391.92,1391.92,-0.01,3.72,5097.87,-1
2026-07-08,2026-07-08 12:37:00,1391.92,1391.92,1391.83,1391.83,-0.01,3.72,5097.87,-1
2026-07-08,2026-07-08 12:38:00,1391.83,1391.83,1391.75,1391.75,-0.01,3.72,5097.87,-1
2026-07-08,2026-07-08 12:39:00,1391.75,1391.75,1391.67,1391.67,-0.01,3.72,5097.87,-1
2026-07-08,2026-07-08 12:40:00,1391.67,1391.67,1391.58,1391.58,-0.01,3.72,5097.87,-1
2026-07-08,2026-07-08 12:41:00,1391.58,1391.58,1391.5,1391.5,-0.01,3.72,5097.87,-1
2026-07-08,2026-07-08 12:42:00,1391.5,1391.5,1391.42,1391.42,-0.01,3.72,5097.87,-1
2026-07-08,2026-07-08 12:43:00,1391.42,1391.42,1391.33,1391.33,-0.01,3.72,5097.87,-1
2026-07-08,2026-07-08 12:44:00,1391.33,1391.33,1391.25,1391.25,-0.01,3.72,5097.87,-1
2026-07-08,2026-07-08 12:45:00,1391.25,1391.25,1391.17,1391.17,-0.01,3.72,5097.87,-1
2026-07-08,2026-07-08 12:46:00,1391.17,1391.17,1391.08,1391.08,-0.01,3.72,5097.87,-1
2026-07-08,2026-07-08 12:47:00,1391.08,1391.08,1391.0,1391.0,-0.01,3.72,5097.87,-1
2026-07-08,2026-07-08 12:48:00,1391.0,1391.0,1390.92,1390.92,-0.01,3.72,5097.87,-1
2026-07-08,2026-07-08 12:49:00,1390.92,1390.92,1390.83,1390.83,-0.01,3.72,5097.87,-1
2026-07-08,2026-07-08 12:50:00,1390.83,1390.83,1390.75,1390.75,-0.01,3.72,5097.87,-1
2026-07-08,2026-07-08 12:51:00,1390.75,1390.75,1390.67,1390.67,-0.01,3.72,5097.87,-1
2026-07-08,2026-07-08 12:52:00,1390.67,1390.67,1390.58,1390.58,-0.01,3.72,5097.87,-1
2026-07-08,2026-07-08 12:53:00,1390.58,1390.58,1390.5,1390.5,-0.01,3.72,5097.87,-1
2026-07-08,2026-07-08 12:54:00,1390.5,1390.5,1390.42,1390.42,-0.01,3.72,5097.87,-1
2026-07-08,2026-07-08 12:55:00,1390.42,1390.42,1390.33,1390.33,-0.01,3.72,5097.87,-1
2026-07-08,2026-07-08 12:56:00,1390.33,1390.33,1390.25,1390.25,-0.01,3.72,5097.87,-1
2026-07-08,2026-07-08 12:57:00,1390.25,1390.25,1390.17,1390.17,-0.01,3.72,5097.87,-1
2026-07-08,2026-07-08 12:58:00,1390.17,1390.17,1390.08,1390.08,-0.01,3.72,5097.87,-1
2026-07-08,2026-07-08 12:59:00,1390.08,1390.08,1390.0,1390.0,-0.01,3.72,5097.87,-1
2026-07-08,2026-07-08 13:00:00,1390.0,1411.9,1358.0,1389.92,-0.01,3.72,5097.87,-1
2026-07-08,2026-07-08 13:01:00,1389.92,1389.92,1389.83,1389.83,-0.01,3.72,5097.87,-1
2026-07-08,2026-07-08 13:02:00,1389.83,1389.83,1389.75,1389.75,-0.01,3.72,5097.87,-1
2026-07-08,2026-07-08 13:03:00,1389.75,1389.75,1389.67,1389.67,-0.01,3.72,5097.87,-1
2026-07-08,2026-07-08 13:04:00,1389.67,1389.67,1389.58,1389.58,-0.01,3.72,5097.87,-1
2026-07-08,2026-07-08 13:05:00,1389.58,1389.58,1389.5,1389.5,-0.01,3.72,5097.87,-1
2026-07-08,2026-07-08 13:06:00,1389.5,1389.5,1389.42,1389.42,-0.01,3.72,5097.87,-1
2026-07-08,2026-07-08 13:07:00,1389.42,1389.42,1389.33,1389.33,-0.01,3.72,5097.87,-1
2026-07-08,2026-07-08 13:08:00,1389.33,1389.33,1389.25,1389.25,-0.01,3.72,5097.87,-1
2026-07-08,2026-07-08 13:09:00,1389.25,1389.25,1389.17,1389.17,-0.01,3.72,5097.87,-1
2026-07-08,2026-07-08 13:10:00,1389.17,1389.17,1389.08,1389.08,-0.01,3.72,5097.87,-1
2026-07-08,2026-07-08 13:11:00,1389.08,1389.08,1389.0,1389.0,-0.01,3.72,5097.87,-1
2026-07-08,2026-07-08 13:12:00,1389.0,1389.0,1388.92,1388.92,-0.01,3.72,5097.87,-1
2026-07-08,2026-07-08 13:13:00,1388.92,1388.92,1388.83,1388.83,-0.01,3.72,5097.87,-1
2026-07-08,2026-07-08 13:14:00,1388.83,1388.83,1388.75,1388.75,-0.01,3.72,5097.87,-1
2026-07-08,2026-07-08 13:15:00,1388.75,1388.75,1388.67,1388.67,-0.01,3.72,5097.87,-1
2026-07-08,2026-07-08 13:16:00,1388.67,1388.67,1388.58,1388.58,-0.01,3.72,5097.87,-1
2026-07-08,2026-07-08 13:17:00,1388.58,1388.58,1388.5,1388.5,-0.01,3.72,5097.87,-1
2026-07-08,2026-07-08 13:18:00,1388.5,1388.5,1388.42,1388.42,-0.01,3.72,5097.87,-1
2026-07-08,2026-07-08 13:19:00,1388.42,1388.42,1388.33,1388.33,-0.01,3.72,5097.87,-1
2026-07-08,2026-07-08 13:20:00,1388.33,1388.33,1388.25,1388.25,-0.01,3.72,5097.87,-1
2026-07-08,2026-07-08 13:21:00,1388.25,1388.25,1388.17,1388.17,-0.01,3.72,5097.87,-1
2026-07-08,2026-07-08 13:22:00,1388.17,1388.17,1388.08,1388.08,-0.01,3.72,5097.87,-1
2026-07-08,2026-07-08 13:23:00,1388.08,1388.08,1388.0,1388.0,-0.01,3.72,5097.87,-1
2026-07-08,2026-07-08 13:24:00,1388.0,1388.0,1387.92,1387.92,-0.01,3.72,5097.87,-1
2026-07-08,2026-07-08 13:25:00,1387.92,1387.92,1387.83,1387.83,-0.01,3.72,5097.87,-1
2026-07-08,2026-07-08 13:26:00,1387.83,1387.83,1387.75,1387.75,-0.01,3.72,5097.87,-1
2026-07-08,2026-07-08 13:27:00,1387.75,1387.75,1387.67,1387.67,-0.01,3.72,5097.87,-1
2026-07-08,2026-07-08 13:28:00,1387.67,1387.67,1387.58,1387.58,-0.01,3.72,5097.87,-1
2026-07-08,2026-07-08 13:29:00,1387.58,1387.58,1387.5,1387.5,-0.01,3.72,5097.87,-1
2026-07-08,2026-07-08 13:30:00,1387.5,1387.5,1387.42,1387.42,-0.01,3.72,5097.87,-1
2026-07-08,2026-07-08 13:31:00,1387.42,1387.42,1387.33,1387.33,-0.01,3.72,5097.87,-1
2026-07-08,2026-07-08 13:32:00,1387.33,1387.33,1387.25,1387.25,-0.01,3.72,5097.87,-1
2026-07-08,2026-07-08 13:33:00,1387.25,1387.25,1387.17,1387.17,-0.01,3.72,5097.87,-1
2026-07-08,2026-07-08 13:34:00,1387.17,1387.17,1387.08,1387.08,-0.01,3.72,5097.87,-1
2026-07-08,2026-07-08 13:35:00,1387.08,1387.08,1387.0,1387.0,-0.01,3.72,5097.87,-1
2026-07-08,2026-07-08 13:36:00,1387.0,1387.0,1386.92,1386.92,-0.01,3.72,5097.87,-1
2026-07-08,2026-07-08 13:37:00,1386.92,1386.92,1386.83,1386.83,-0.01,3.72,5097.87,-1
2026-07-08,2026-07-08 13:38:00,1386.83,1386.83,1386.75,1386.75,-0.01,3.72,5097.87,-1
2026-07-08,2026-07-08 13:39:00,1386.75,1386.75,1386.67,1386.67,-0.01,3.72,5097.87,-1
2026-07-08,2026-07-08 13:40:00,1386.67,1386.67,1386.58,1386.58,-0.01,3.72,5097.87,-1
2026-07-08,2026-07-08 13:41:00,1386.58,1386.58,1386.5,1386.5,-0.01,3.72,5097.87,-1
2026-07-08,2026-07-08 13:42:00,1386.5,1386.5,1386.42,1386.42,-0.01,3.72,5097.87,-1
2026-07-08,2026-07-08 13:43:00,1386.42,1386.42,1386.33,1386.33,-0.01,3.72,5097.87,-1
2026-07-08,2026-07-08 13:44:00,1386.33,1386.33,1386.25,1386.25,-0.01,3.72,5097.87,-1
2026-07-08,2026-07-08 13:45:00,1386.25,1386.25,1386.17,1386.17,-0.01,3.72,5097.87,-1
2026-07-08,2026-07-08 13:46:00,1386.17,1386.17,1386.08,1386.08,-0.01,3.72,5097.87,-1
2026-07-08,2026-07-08 13:47:00,1386.08,1386.08,1386.0,1386.0,-0.01,3.72,5097.87,-1
2026-07-08,2026-07-08 13:48:00,1386.0,1386.0,1385.92,1385.92,-0.01,3.72,5097.87,-1
2026-07-08,2026-07-08 13:49:00,1385.92,1385.92,1385.83,1385.83,-0.01,3.72,5097.87,-1
2026-07-08,2026-07-08 13:50:00,1385.83,1385.83,1385.75,1385.75,-0.01,3.72,5097.87,-1
2026-07-08,2026-07-08 13:51:00,1385.75,1385.75,1385.67,1385.67,-0.01,3.72,5097.87,-1
2026-07-08,2026-07-08 13:52:00,1385.67,1385.67,1385.58,1385.58,-0.01,3.72,5097.87,-1
2026-07-08,2026-07-08 13:53:00,1385.58,1385.58,1385.5,1385.5,-0.01,3.72,5097.87,-1
2026-07-08,2026-07-08 13:54:00,1385.5,1385.5,1385.42,1385.42,-0.01,3.72,5097.87,-1
2026-07-08,2026-07-08 13:55:00,1385.42,1385.42,1385.33,1385.33,-0.01,3.72,5097.87,-1
2026-07-08,2026-07-08 13:56:00,1385.33,1385.33,1385.25,1385.25,-0.01,3.72,5097.87,-1
2026-07-08,2026-07-08 13:57:00,1385.25,1385.25,1385.17,1385.17,-0.01,3.72,5097.87,-1
2026-07-08,2026-07-08 13:58:00,1385.17,1385.17,1385.08,1385.08,-0.01,3.72,5097.87,-1
2026-07-08,2026-07-08 13:59:00,1385.08,1385.08,1385.0,1385.0,-0.01,3.72,5097.87,-1
2026-07-08,2026-07-08 14:00:00,1385.0,1385.0,1384.92,1384.92,-0.01,3.72,5097.87,-1
2026-07-08,2026-07-08 14:01:00,1384.92,1384.92,1384.83,1384.83,-0.01,3.72,5097.87,-1
2026-07-08,2026-07-08 14:02:00,1384.83,1384.83,1384.75,1384.75,-0.01,3.72,5097.87,-1
2026-07-08,2026-07-08 14:03:00,1384.75,1384.75,1384.67,1384.67,-0.01,3.72,5097.87,-1
2026-07-08,2026-07-08 14:04:00,1384.67,1384.67,1384.58,1384.58,-0.01,3.72,5097.87,-1
2026-07-08,2026-07-08 14:05:00,1384.58,1384.58,1384.5,1384.5,-0.01,3.72,5097.87,-1
2026-07-08,2026-07-08 14:06:00,1384.5,1384.5,1384.42,1384.42,-0.01,3.72,5097.87,-1
2026-07-08,2026-07-08 14:07:00,1384.42,1384.42,1384.33,1384.33,-0.01,3.72,5097.87,-1
2026-07-08,2026-07-08 14:08:00,1384.33,1384.33,1384.25,1384.25,-0.01,3.72,5097.87,-1
2026-07-08,2026-07-08 14:09:00,1384.25,1384.25,1384.17,1384.17,-0.01,3.72,5097.87,-1
2026-07-08,2026-07-08 14:10:00,1384.17,1384.17,1384.08,1384.08,-0.01,3.72,5097.87,-1
2026-07-08,2026-07-08 14:11:00,1384.08,1384.08,1384.0,1384.0,-0.01,3.72,5097.87,-1
2026-07-08,2026-07-08 14:12:00,1384.0,1384.0,1383.92,1383.92,-0.01,3.72,5097.87,-1
2026-07-08,2026-07-08 14:13:00,1383.92,1383.92,1383.83,1383.83,-0.01,3.72,5097.87,-1
2026-07-08,2026-07-08 14:14:00,1383.83,1383.83,1383.75,1383.75,-0.01,3.72,5097.87,-1
2026-07-08,2026-07-08 14:15:00,1383.75,1383.75,1383.67,1383.67,-0.01,3.72,5097.87,-1
2026-07-08,2026-07-08 14:16:00,1383.67,1383.67,1383.58,1383.58,-0.01,3.72,5097.87,-1
2026-07-08,2026-07-08 14:17:00,1383.58,1383.58,1383.5,1383.5,-0.01,3.72,5097.87,-1
2026-07-08,2026-07-08 14:18:00,1383.5,1383.5,1383.42,1383.42,-0.01,3.72,5097.87,-1
2026-07-08,2026-07-08 14:19:00,1383.42,1383.42,1383.33,1383.33,-0.01,3.72,5097.87,-1
2026-07-08,2026-07-08 14:20:00,1383.33,1383.33,1383.25,1383.25,-0.01,3.72,5097.87,-1
2026-07-08,2026-07-08 14:21:00,1383.25,1383.25,1383.17,1383.17,-0.01,3.72,5097.87,-1
2026-07-08,2026-07-08 14:22:00,1383.17,1383.17,1383.08,1383.08,-0.01,3.72,5097.87,-1
2026-07-08,2026-07-08 14:23:00,1383.08,1383.08,1383.0,1383.0,-0.01,3.72,5097.87,-1
2026-07-08,2026-07-08 14:24:00,1383.0,1383.0,1382.92,1382.92,-0.01,3.72,5097.87,-1
2026-07-08,2026-07-08 14:25:00,1382.92,1382.92,1382.83,1382.83,-0.01,3.72,5097.87,-1
2026-07-08,2026-07-08 14:26:00,1382.83,1382.83,1382.75,1382.75,-0.01,3.72,5097.87,-1
2026-07-08,2026-07-08 14:27:00,1382.75,1382.75,1382.67,1382.67,-0.01,3.72,5097.87,-1
2026-07-08,2026-07-08 14:28:00,1382.67,1382.67,1382.58,1382.58,-0.01,3.72,5097.87,-1
2026-07-08,2026-07-08 14:29:00,1382.58,1382.58,1382.5,1382.5,-0.01,3.72,5097.87,-1
2026-07-08,2026-07-08 14:30:00,1382.5,1382.5,1382.42,1382.42,-0.01,3.72,5097.87,-1
2026-07-08,2026-07-08 14:31:00,1382.42,1382.42,1382.33,1382.33,-0.01,3.72,5097.87,-1
2026-07-08,2026-07-08 14:32:00,1382.33,1382.33,1382.25,1382.25,-0.01,3.72,5097.87,-1
2026-07-08,2026-07-08 14:33:00,1382.25,1382.25,1382.17,1382.17,-0.01,3.72,5097.87,-1
2026-07-08,2026-07-08 14:34:00,1382.17,1382.17,1382.08,1382.08,-0.01,3.72,5097.87,-1
2026-07-08,2026-07-08 14:35:00,1382.08,1382.08,1382.0,1382.0,-0.01,3.72,5097.87,-1
2026-07-08,2026-07-08 14:36:00,1382.0,1382.0,1381.92,1381.92,-0.01,3.72,5097.87,-1
2026-07-08,2026-07-08 14:37:00,1381.92,1381.92,1381.83,1381.83,-0.01,3.72,5097.87,-1
2026-07-08,2026-07-08 14:38:00,1381.83,1381.83,1381.75,1381.75,-0.01,3.72,5097.87,-1
2026-07-08,2026-07-08 14:39:00,1381.75,1381.75,1381.67,1381.67,-0.01,3.72,5097.87,-1
2026-07-08,2026-07-08 14:40:00,1381.67,1381.67,1381.58,1381.58,-0.01,3.72,5097.87,-1
2026-07-08,2026-07-08 14:41:00,1381.58,1381.58,1381.5,1381.5,-0.01,3.72,5097.87,-1
2026-07-08,2026-07-08 14:42:00,1381.5,1381.5,1381.42,1381.42,-0.01,3.72,5097.87,-1
2026-07-08,2026-07-08 14:43:00,1381.42,1381.42,1381.33,1381.33,-0.01,3.72,5097.87,-1
2026-07-08,2026-07-08 14:44:00,1381.33,1381.33,1381.25,1381.25,-0.01,3.72,5097.87,-1
2026-07-08,2026-07-08 14:45:00,1381.25,1381.25,1381.17,1381.17,-0.01,3.72,5097.87,-1
2026-07-08,2026-07-08 14:46:00,1381.17,1381.17,1381.08,1381.08,-0.01,3.72,5097.87,-1
2026-07-08,2026-07-08 14:47:00,1381.08,1381.08,1381.0,1381.0,-0.01,3.72,5097.87,-1
2026-07-08,2026-07-08 14:48:00,1381.0,1381.0,1380.92,1380.92,-0.01,3.72,5097.87,-1
2026-07-08,2026-07-08 14:49:00,1380.92,1380.92,1380.83,1380.83,-0.01,3.72,5097.87,-1
2026-07-08,2026-07-08 14:50:00,1380.83,1380.83,1380.75,1380.75,-0.01,3.72,5097.87,-1
2026-07-08,2026-07-08 14:51:00,1380.75,1380.75,1380.67,1380.67,-0.01,3.72,5097.87,-1
2026-07-08,2026-07-08 14:52:00,1380.67,1380.67,1380.58,1380.58,-0.01,3.72,5097.87,-1
2026-07-08,2026-07-08 14:53:00,1380.58,1380.58,1380.5,1380.5,-0.01,3.72,5097.87,-1
2026-07-08,2026-07-08 14:54:00,1380.5,1380.5,1380.42,1380.42,-0.01,3.72,5097.87,-1
2026-07-08,2026-07-08 14:55:00,1380.42,1380.42,1380.33,1380.33,-0.01,3.72,5097.87,-1
2026-07-08,2026-07-08 14:56:00,1380.33,1380.33,1380.25,1380.25,-0.01,3.72,5097.87,-1
2026-07-08,2026-07-08 14:57:00,1380.25,1380.25,1380.17,1380.17,-0.01,3.72,5097.87,-1
2026-07-08,2026-07-08 14:58:00,1380.17,1380.17,1380.08,1380.08,-0.01,3.72,5097.87,-1
2026-07-08,2026-07-08 14:59:00,1380.08,1380.08,1380.0,1380.0,-0.01,3.72,5097.87,-1
2026-07-08,2026-07-08 15:00:00,1380.0,1411.9,1358.0,1380.0,0.0,3.72,5097.87,0
2026-07-09,2026-07-09 11:00:00,1351.1,1362.77,1338.62,1351.22,0.01,8.17,10977.74,1
2026-07-09,2026-07-09 11:01:00,1351.22,1351.34,1351.22,1351.34,0.01,8.17,10977.74,1
2026-07-09,2026-07-09 11:02:00,1351.34,1351.46,1351.34,1351.46,0.01,8.17,10977.74,1
2026-07-09,2026-07-09 11:03:00,1351.46,1351.58,1351.46,1351.58,0.01,8.17,10977.74,1
2026-07-09,2026-07-09 11:04:00,1351.58,1351.7,1351.58,1351.7,0.01,8.17,10977.74,1
2026-07-09,2026-07-09 11:05:00,1351.7,1351.82,1351.7,1351.82,0.01,8.17,10977.74,1
2026-07-09,2026-07-09 11:06:00,1351.82,1351.94,1351.82,1351.94,0.01,8.17,10977.74,1
2026-07-09,2026-07-09 11:07:00,1351.94,1352.06,1351.94,1352.06,0.01,8.17,10977.74,1
2026-07-09,2026-07-09 11:08:00,1352.06,1352.18,1352.06,1352.18,0.01,8.17,10977.74,1
2026-07-09,2026-07-09 11:09:00,1352.18,1352.3,1352.18,1352.3,0.01,8.17,10977.74,1
2026-07-09,2026-07-09 11:10:00,1352.3,1352.42,1352.3,1352.42,0.01,8.17,10977.74,1
2026-07-09,2026-07-09 11:11:00,1352.42,1352.54,1352.42,1352.54,0.01,8.17,10977.74,1
2026-07-09,2026-07-09 11:12:00,1352.54,1352.66,1352.54,1352.66,0.01,8.17,10977.74,1
2026-07-09,2026-07-09 11:13:00,1352.66,1352.78,1352.66,1352.78,0.01,8.17,10977.74,1
2026-07-09,2026-07-09 11:14:00,1352.78,1352.9,1352.78,1352.9,0.01,8.17,10977.74,1
2026-07-09,2026-07-09 11:15:00,1352.9,1353.02,1352.9,1353.02,0.01,8.17,10977.74,1
2026-07-09,2026-07-09 11:16:00,1353.02,1353.14,1353.02,1353.14,0.01,8.17,10977.74,1
2026-07-09,2026-07-09 11:17:00,1353.14,1353.26,1353.14,1353.26,0.01,8.17,10977.74,1
2026-07-09,2026-07-09 11:18:00,1353.26,1353.38,1353.26,1353.38,0.01,8.17,10977.74,1
2026-07-09,2026-07-09 11:19:00,1353.38,1353.5,1353.38,1353.5,0.01,8.17,10977.74,1
2026-07-09,2026-07-09 11:20:00,1353.5,1353.62,1353.5,1353.62,0.01,8.17,10977.74,1
2026-07-09,2026-07-09 11:21:00,1353.62,1353.74,1353.62,1353.74,0.01,8.17,10977.74,1
2026-07-09,2026-07-09 11:22:00,1353.74,1353.86,1353.74,1353.86,0.01,8.17,10977.74,1
2026-07-09,2026-07-09 11:23:00,1353.86,1353.98,1353.86,1353.98,0.01,8.17,10977.74,1
2026-07-09,2026-07-09 11:24:00,1353.98,1354.1,1353.98,1354.1,0.01,8.17,10977.74,1
2026-07-09,2026-07-09 11:25:00,1354.1,1354.22,1354.1,1354.22,0.01,8.17,10977.74,1
2026-07-09,2026-07-09 11:26:00,1354.22,1354.34,1354.22,1354.34,0.01,8.17,10977.74,1
2026-07-09,2026-07-09 11:27:00,1354.34,1354.46,1354.34,1354.46,0.01,8.17,10977.74,1
2026-07-09,2026-07-09 11:28:00,1354.46,1354.58,1354.46,1354.58,0.01,8.17,10977.74,1
2026-07-09,2026-07-09 11:29:00,1354.58,1354.7,1354.58,1354.7,0.01,8.17,10977.74,1
2026-07-09,2026-07-09 11:30:00,1354.7,1354.82,1354.7,1354.82,0.01,8.17,10977.74,1
2026-07-09,2026-07-09 11:31:00,1354.82,1354.94,1354.82,1354.94,0.01,8.17,10977.74,1
2026-07-09,2026-07-09 11:32:00,1354.94,1355.06,1354.94,1355.06,0.01,8.17,10977.74,1
2026-07-09,2026-07-09 11:33:00,1355.06,1355.18,1355.06,1355.18,0.01,8.17,10977.74,1
2026-07-09,2026-07-09 11:34:00,1355.18,1355.3,1355.18,1355.3,0.01,8.17,10977.74,1
2026-07-09,2026-07-09 11:35:00,1355.3,1355.42,1355.3,1355.42,0.01,8.17,10977.74,1
2026-07-09,2026-07-09 11:36:00,1355.42,1355.54,1355.42,1355.54,0.01,8.17,10977.74,1
2026-07-09,2026-07-09 11:37:00,1355.54,1355.66,1355.54,1355.66,0.01,8.17,10977.74,1
2026-07-09,2026-07-09 11:38:00,1355.66,1355.78,1355.66,1355.78,0.01,8.17,10977.74,1
2026-07-09,2026-07-09 11:39:00,1355.78,1355.9,1355.78,1355.9,0.01,8.17,10977.74,1
2026-07-09,2026-07-09 11:40:00,1355.9,1356.02,1355.9,1356.02,0.01,8.17,10977.74,1
2026-07-09,2026-07-09 11:41:00,1356.02,1356.14,1356.02,1356.14,0.01,8.17,10977.74,1
2026-07-09,2026-07-09 11:42:00,1356.14,1356.26,1356.14,1356.26,0.01,8.17,10977.74,1
2026-07-09,2026-07-09 11:43:00,1356.26,1356.38,1356.26,1356.38,0.01,8.17,10977.74,1
2026-07-09,2026-07-09 11:44:00,1356.38,1356.5,1356.38,1356.5,0.01,8.17,10977.74,1
2026-07-09,2026-07-09 11:45:00,1356.5,1356.62,1356.5,1356.62,0.01,8.17,10977.74,1
2026-07-09,2026-07-09 11:46:00,1356.62,1356.74,1356.62,1356.74,0.01,8.17,10977.74,1
2026-07-09,2026-07-09 11:47:00,1356.74,1356.86,1356.74,1356.86,0.01,8.17,10977.74,1
2026-07-09,2026-07-09 11:48:00,1356.86,1356.98,1356.86,1356.98,0.01,8.17,10977.74,1
2026-07-09,2026-07-09 11:49:00,1356.98,1357.1,1356.98,1357.1,0.01,8.17,10977.74,1
2026-07-09,2026-07-09 11:50:00,1357.1,1357.22,1357.1,1357.22,0.01,8.17,10977.74,1
2026-07-09,2026-07-09 11:51:00,1357.22,1357.34,1357.22,1357.34,0.01,8.17,10977.74,1
2026-07-09,2026-07-09 11:52:00,1357.34,1357.46,1357.34,1357.46,0.01,8.17,10977.74,1
2026-07-09,2026-07-09 11:53:00,1357.46,1357.58,1357.46,1357.58,0.01,8.17,10977.74,1
2026-07-09,2026-07-09 11:54:00,1357.58,1357.7,1357.58,1357.7,0.01,8.17,10977.74,1
2026-07-09,2026-07-09 11:55:00,1357.7,1357.82,1357.7,1357.82,0.01,8.17,10977.74,1
2026-07-09,2026-07-09 11:56:00,1357.82,1357.94,1357.82,1357.94,0.01,8.17,10977.74,1
2026-07-09,2026-07-09 11:57:00,1357.94,1358.06,1357.94,1358.06,0.01,8.17,10977.74,1
2026-07-09,2026-07-09 11:58:00,1358.06,1358.18,1358.06,1358.18,0.01,8.17,10977.74,1
2026-07-09,2026-07-09 11:59:00,1358.18,1358.3,1358.18,1358.3,0.01,8.17,10977.74,1
2026-07-09,2026-07-09 12:00:00,1358.3,1358.42,1358.3,1358.42,0.01,8.17,10977.74,1
2026-07-09,2026-07-09 12:01:00,1358.42,1358.54,1358.42,1358.54,0.01,8.17,10977.74,1
2026-07-09,2026-07-09 12:02:00,1358.54,1358.66,1358.54,1358.66,0.01,8.17,10977.74,1
2026-07-09,2026-07-09 12:03:00,1358.66,1358.78,1358.66,1358.78,0.01,8.17,10977.74,1
2026-07-09,2026-07-09 12:04:00,1358.78,1358.9,1358.78,1358.9,0.01,8.17,10977.74,1
2026-07-09,2026-07-09 12:05:00,1358.9,1359.02,1358.9,1359.02,0.01,8.17,10977.74,1
2026-07-09,2026-07-09 12:06:00,1359.02,1359.14,1359.02,1359.14,0.01,8.17,10977.74,1
2026-07-09,2026-07-09 12:07:00,1359.14,1359.26,1359.14,1359.26,0.01,8.17,10977.74,1
2026-07-09,2026-07-09 12:08:00,1359.26,1359.38,1359.26,1359.38,0.01,8.17,10977.74,1
2026-07-09,2026-07-09 12:09:00,1359.38,1359.5,1359.38,1359.5,0.01,8.17,10977.74,1
2026-07-09,2026-07-09 12:10:00,1359.5,1359.62,1359.5,1359.62,0.01,8.17,10977.74,1
2026-07-09,2026-07-09 12:11:00,1359.62,1359.74,1359.62,1359.74,0.01,8.17,10977.74,1
2026-07-09,2026-07-09 12:12:00,1359.74,1359.86,1359.74,1359.86,0.01,8.17,10977.74,1
2026-07-09,2026-07-09 12:13:00,1359.86,1359.98,1359.86,1359.98,0.01,8.17,10977.74,1
2026-07-09,2026-07-09 12:14:00,1359.98,1360.1,1359.98,1360.1,0.01,8.17,10977.74,1
2026-07-09,2026-07-09 12:15:00,1360.1,1360.22,1360.1,1360.22,0.01,8.17,10977.74,1
2026-07-09,2026-07-09 12:16:00,1360.22,1360.34,1360.22,1360.34,0.01,8.17,10977.74,1
2026-07-09,2026-07-09 12:17:00,1360.34,1360.46,1360.34,1360.46,0.01,8.17,10977.74,1
2026-07-09,2026-07-09 12:18:00,1360.46,1360.58,1360.46,1360.58,0.01,8.17,10977.74,1
2026-07-09,2026-07-09 12:19:00,1360.58,1360.7,1360.58,1360.7,0.01,8.17,10977.74,1
2026-07-09,2026-07-09 12:20:00,1360.7,1360.82,1360.7,1360.82,0.01,8.17,10977.74,1
2026-07-09,2026-07-09 12:21:00,1360.82,1360.94,1360.82,1360.94,0.01,8.17,10977.74,1
2026-07-09,2026-07-09 12:22:00,1360.94,1361.06,1360.94,1361.06,0.01,8.17,10977.74,1
2026-07-09,2026-07-09 12:23:00,1361.06,1361.18,1361.06,1361.18,0.01,8.17,10977.74,1
2026-07-09,2026-07-09 12:24:00,1361.18,1361.3,1361.18,1361.3,0.01,8.17,10977.74,1
2026-07-09,2026-07-09 12:25:00,1361.3,1361.42,1361.3,1361.42,0.01,8.17,10977.74,1
2026-07-09,2026-07-09 12:26:00,1361.42,1361.54,1361.42,1361.54,0.01,8.17,10977.74,1
2026-07-09,2026-07-09 12:27:00,1361.54,1361.66,1361.54,1361.66,0.01,8.17,10977.74,1
2026-07-09,2026-07-09 12:28:00,1361.66,1361.78,1361.66,1361.78,0.01,8.17,10977.74,1
2026-07-09,2026-07-09 12:29:00,1361.78,1361.9,1361.78,1361.9,0.01,8.17,10977.74,1
2026-07-09,2026-07-09 12:30:00,1361.9,1362.02,1361.9,1362.02,0.01,8.17,10977.74,1
2026-07-09,2026-07-09 12:31:00,1362.02,1362.14,1362.02,1362.14,0.01,8.17,10977.74,1
2026-07-09,2026-07-09 12:32:00,1362.14,1362.26,1362.14,1362.26,0.01,8.17,10977.74,1
2026-07-09,2026-07-09 12:33:00,1362.26,1362.38,1362.26,1362.38,0.01,8.17,10977.74,1
2026-07-09,2026-07-09 12:34:00,1362.38,1362.5,1362.38,1362.5,0.01,8.17,10977.74,1
2026-07-09,2026-07-09 12:35:00,1362.5,1362.62,1362.5,1362.62,0.01,8.17,10977.74,1
2026-07-09,2026-07-09 12:36:00,1362.62,1362.74,1362.62,1362.74,0.01,8.17,10977.74,1
2026-07-09,2026-07-09 12:37:00,1362.74,1362.86,1362.74,1362.86,0.01,8.17,10977.74,1
2026-07-09,2026-07-09 12:38:00,1362.86,1362.98,1362.86,1362.98,0.01,8.17,10977.74,1
2026-07-09,2026-07-09 12:39:00,1362.98,1363.1,1362.98,1363.1,0.01,8.17,10977.74,1
2026-07-09,2026-07-09 12:40:00,1363.1,1363.22,1363.1,1363.22,0.01,8.17,10977.74,1
2026-07-09,2026-07-09 12:41:00,1363.22,1363.34,1363.22,1363.34,0.01,8.17,10977.74,1
2026-07-09,2026-07-09 12:42:00,1363.34,1363.46,1363.34,1363.46,0.01,8.17,10977.74,1
2026-07-09,2026-07-09 12:43:00,1363.46,1363.58,1363.46,1363.58,0.01,8.17,10977.74,1
2026-07-09,2026-07-09 12:44:00,1363.58,1363.7,1363.58,1363.7,0.01,8.17,10977.74,1
2026-07-09,2026-07-09 12:45:00,1363.7,1363.82,1363.7,1363.82,0.01,8.17,10977.74,1
2026-07-09,2026-07-09 12:46:00,1363.82,1363.94,1363.82,1363.94,0.01,8.17,10977.74,1
2026-07-09,2026-07-09 12:47:00,1363.94,1364.06,1363.94,1364.06,0.01,8.17,10977.74,1
2026-07-09,2026-07-09 12:48:00,1364.06,1364.18,1364.06,1364.18,0.01,8.17,10977.74,1
2026-07-09,2026-07-09 12:49:00,1364.18,1364.3,1364.18,1364.3,0.01,8.17,10977.74,1
2026-07-09,2026-07-09 12:50:00,1364.3,1364.42,1364.3,1364.42,0.01,8.17,10977.74,1
2026-07-09,2026-07-09 12:51:00,1364.42,1364.54,1364.42,1364.54,0.01,8.17,10977.74,1
2026-07-09,2026-07-09 12:52:00,1364.54,1364.66,1364.54,1364.66,0.01,8.17,10977.74,1
2026-07-09,2026-07-09 12:53:00,1364.66,1364.78,1364.66,1364.78,0.01,8.17,10977.74,1
2026-07-09,2026-07-09 12:54:00,1364.78,1364.9,1364.78,1364.9,0.01,8.17,10977.74,1
2026-07-09,2026-07-09 12:55:00,1364.9,1365.02,1364.9,1365.02,0.01,8.17,10977.74,1
2026-07-09,2026-07-09 12:56:00,1365.02,1365.14,1365.02,1365.14,0.01,8.17,10977.74,1
2026-07-09,2026-07-09 12:57:00,1365.14,1365.26,1365.14,1365.26,0.01,8.17,10977.74,1
2026-07-09,2026-07-09 12:58:00,1365.26,1365.38,1365.26,1365.38,0.01,8.17,10977.74,1
2026-07-09,2026-07-09 12:59:00,1365.38,1365.5,1365.38,1365.5,0.01,8.17,10977.74,1
2026-07-09,2026-07-09 13:00:00,1365.5,1390.0,1309.5,1365.62,0.01,8.17,10977.74,1
2026-07-09,2026-07-09 13:01:00,1365.62,1365.74,1365.62,1365.74,0.01,8.17,10977.74,1
2026-07-09,2026-07-09 13:02:00,1365.74,1365.86,1365.74,1365.86,0.01,8.17,10977.74,1
2026-07-09,2026-07-09 13:03:00,1365.86,1365.98,1365.86,1365.98,0.01,8.17,10977.74,1
2026-07-09,2026-07-09 13:04:00,1365.98,1366.1,1365.98,1366.1,0.01,8.17,10977.74,1
2026-07-09,2026-07-09 13:05:00,1366.1,1366.22,1366.1,1366.22,0.01,8.17,10977.74,1
2026-07-09,2026-07-09 13:06:00,1366.22,1366.34,1366.22,1366.34,0.01,8.17,10977.74,1
2026-07-09,2026-07-09 13:07:00,1366.34,1366.46,1366.34,1366.46,0.01,8.17,10977.74,1
2026-07-09,2026-07-09 13:08:00,1366.46,1366.58,1366.46,1366.58,0.01,8.17,10977.74,1
2026-07-09,2026-07-09 13:09:00,1366.58,1366.7,1366.58,1366.7,0.01,8.17,10977.74,1
2026-07-09,2026-07-09 13:10:00,1366.7,1366.82,1366.7,1366.82,0.01,8.17,10977.74,1
2026-07-09,2026-07-09 13:11:00,1366.82,1366.94,1366.82,1366.94,0.01,8.17,10977.74,1
2026-07-09,2026-07-09 13:12:00,1366.94,1367.06,1366.94,1367.06,0.01,8.17,10977.74,1
2026-07-09,2026-07-09 13:13:00,1367.06,1367.18,1367.06,1367.18,0.01,8.17,10977.74,1
2026-07-09,2026-07-09 13:14:00,1367.18,1367.3,1367.18,1367.3,0.01,8.17,10977.74,1
2026-07-09,2026-07-09 13:15:00,1367.3,1367.42,1367.3,1367.42,0.01,8.17,10977.74,1
2026-07-09,2026-07-09 13:16:00,1367.42,1367.54,1367.42,1367.54,0.01,8.17,10977.74,1
2026-07-09,2026-07-09 13:17:00,1367.54,1367.66,1367.54,1367.66,0.01,8.17,10977.74,1
2026-07-09,2026-07-09 13:18:00,1367.66,1367.78,1367.66,1367.78,0.01,8.17,10977.74,1
2026-07-09,2026-07-09 13:19:00,1367.78,1367.9,1367.78,1367.9,0.01,8.17,10977.74,1
2026-07-09,2026-07-09 13:20:00,1367.9,1368.02,1367.9,1368.02,0.01,8.17,10977.74,1
2026-07-09,2026-07-09 13:21:00,1368.02,1368.14,1368.02,1368.14,0.01,8.17,10977.74,1
2026-07-09,2026-07-09 13:22:00,1368.14,1368.26,1368.14,1368.26,0.01,8.17,10977.74,1
2026-07-09,2026-07-09 13:23:00,1368.26,1368.38,1368.26,1368.38,0.01,8.17,10977.74,1
2026-07-09,2026-07-09 13:24:00,1368.38,1368.5,1368.38,1368.5,0.01,8.17,10977.74,1
2026-07-09,2026-07-09 13:25:00,1368.5,1368.62,1368.5,1368.62,0.01,8.17,10977.74,1
2026-07-09,2026-07-09 13:26:00,1368.62,1368.74,1368.62,1368.74,0.01,8.17,10977.74,1
2026-07-09,2026-07-09 13:27:00,1368.74,1368.86,1368.74,1368.86,0.01,8.17,10977.74,1
2026-07-09,2026-07-09 13:28:00,1368.86,1368.98,1368.86,1368.98,0.01,8.17,10977.74,1
2026-07-09,2026-07-09 13:29:00,1368.98,1369.1,1368.98,1369.1,0.01,8.17,10977.74,1
2026-07-09,2026-07-09 13:30:00,1369.1,1369.22,1369.1,1369.22,0.01,8.17,10977.74,1
2026-07-09,2026-07-09 13:31:00,1369.22,1369.34,1369.22,1369.34,0.01,8.17,10977.74,1
2026-07-09,2026-07-09 13:32:00,1369.34,1369.46,1369.34,1369.46,0.01,8.17,10977.74,1
2026-07-09,2026-07-09 13:33:00,1369.46,1369.58,1369.46,1369.58,0.01,8.17,10977.74,1
2026-07-09,2026-07-09 13:34:00,1369.58,1369.7,1369.58,1369.7,0.01,8.17,10977.74,1
2026-07-09,2026-07-09 13:35:00,1369.7,1369.82,1369.7,1369.82,0.01,8.17,10977.74,1
2026-07-09,2026-07-09 13:36:00,1369.82,1369.94,1369.82,1369.94,0.01,8.17,10977.74,1
2026-07-09,2026-07-09 13:37:00,1369.94,1370.06,1369.94,1370.06,0.01,8.17,10977.74,1
2026-07-09,2026-07-09 13:38:00,1370.06,1370.18,1370.06,1370.18,0.01,8.17,10977.74,1
2026-07-09,2026-07-09 13:39:00,1370.18,1370.3,1370.18,1370.3,0.01,8.17,10977.74,1
2026-07-09,2026-07-09 13:40:00,1370.3,1370.42,1370.3,1370.42,0.01,8.17,10977.74,1
2026-07-09,2026-07-09 13:41:00,1370.42,1370.54,1370.42,1370.54,0.01,8.17,10977.74,1
2026-07-09,2026-07-09 13:42:00,1370.54,1370.66,1370.54,1370.66,0.01,8.17,10977.74,1
2026-07-09,2026-07-09 13:43:00,1370.66,1370.78,1370.66,1370.78,0.01,8.17,10977.74,1
2026-07-09,2026-07-09 13:44:00,1370.78,1370.9,1370.78,1370.9,0.01,8.17,10977.74,1
2026-07-09,2026-07-09 13:45:00,1370.9,1371.02,1370.9,1371.02,0.01,8.17,10977.74,1
2026-07-09,2026-07-09 13:46:00,1371.02,1371.14,1371.02,1371.14,0.01,8.17,10977.74,1
2026-07-09,2026-07-09 13:47:00,1371.14,1371.26,1371.14,1371.26,0.01,8.17,10977.74,1
2026-07-09,2026-07-09 13:48:00,1371.26,1371.38,1371.26,1371.38,0.01,8.17,10977.74,1
2026-07-09,2026-07-09 13:49:00,1371.38,1371.5,1371.38,1371.5,0.01,8.17,10977.74,1
2026-07-09,2026-07-09 13:50:00,1371.5,1371.62,1371.5,1371.62,0.01,8.17,10977.74,1
2026-07-09,2026-07-09 13:51:00,1371.62,1371.74,1371.62,1371.74,0.01,8.17,10977.74,1
2026-07-09,2026-07-09 13:52:00,1371.74,1371.86,1371.74,1371.86,0.01,8.17,10977.74,1
2026-07-09,2026-07-09 13:53:00,1371.86,1371.98,1371.86,1371.98,0.01,8.17,10977.74,1
2026-07-09,2026-07-09 13:54:00,1371.98,1372.1,1371.98,1372.1,0.01,8.17,10977.74,1
2026-07-09,2026-07-09 13:55:00,1372.1,1372.22,1372.1,1372.22,0.01,8.17,10977.74,1
2026-07-09,2026-07-09 13:56:00,1372.22,1372.34,1372.22,1372.34,0.01,8.17,10977.74,1
2026-07-09,2026-07-09 13:57:00,1372.34,1372.46,1372.34,1372.46,0.01,8.17,10977.74,1
2026-07-09,2026-07-09 13:58:00,1372.46,1372.58,1372.46,1372.58,0.01,8.17,10977.74,1
2026-07-09,2026-07-09 13:59:00,1372.58,1372.7,1372.58,1372.7,0.01,8.17,10977.74,1
2026-07-09,2026-07-09 14:00:00,1372.7,1372.82,1372.7,1372.82,0.01,8.17,10977.74,1
2026-07-09,2026-07-09 14:01:00,1372.82,1372.94,1372.82,1372.94,0.01,8.17,10977.74,1
2026-07-09,2026-07-09 14:02:00,1372.94,1373.06,1372.94,1373.06,0.01,8.17,10977.74,1
2026-07-09,2026-07-09 14:03:00,1373.06,1373.18,1373.06,1373.18,0.01,8.17,10977.74,1
2026-07-09,2026-07-09 14:04:00,1373.18,1373.3,1373.18,1373.3,0.01,8.17,10977.74,1
2026-07-09,2026-07-09 14:05:00,1373.3,1373.42,1373.3,1373.42,0.01,8.17,10977.74,1
2026-07-09,2026-07-09 14:06:00,1373.42,1373.54,1373.42,1373.54,0.01,8.17,10977.74,1
2026-07-09,2026-07-09 14:07:00,1373.54,1373.66,1373.54,1373.66,0.01,8.17,10977.74,1
2026-07-09,2026-07-09 14:08:00,1373.66,1373.78,1373.66,1373.78,0.01,8.17,10977.74,1
2026-07-09,2026-07-09 14:09:00,1373.78,1373.9,1373.78,1373.9,0.01,8.17,10977.74,1
2026-07-09,2026-07-09 14:10:00,1373.9,1374.02,1373.9,1374.02,0.01,8.17,10977.74,1
2026-07-09,2026-07-09 14:11:00,1374.02,1374.14,1374.02,1374.14,0.01,8.17,10977.74,1
2026-07-09,2026-07-09 14:12:00,1374.14,1374.26,1374.14,1374.26,0.01,8.17,10977.74,1
2026-07-09,2026-07-09 14:13:00,1374.26,1374.38,1374.26,1374.38,0.01,8.17,10977.74,1
2026-07-09,2026-07-09 14:14:00,1374.38,1374.5,1374.38,1374.5,0.01,8.17,10977.74,1
2026-07-09,2026-07-09 14:15:00,1374.5,1374.62,1374.5,1374.62,0.01,8.17,10977.74,1
2026-07-09,2026-07-09 14:16:00,1374.62,1374.74,1374.62,1374.74,0.01,8.17,10977.74,1
2026-07-09,2026-07-09 14:17:00,1374.74,1374.86,1374.74,1374.86,0.01,8.17,10977.74,1
2026-07-09,2026-07-09 14:18:00,1374.86,1374.98,1374.86,1374.98,0.01,8.17,10977.74,1
2026-07-09,2026-07-09 14:19:00,1374.98,1375.1,1374.98,1375.1,0.01,8.17,10977.74,1
2026-07-09,2026-07-09 14:20:00,1375.1,1375.22,1375.1,1375.22,0.01,8.17,10977.74,1
2026-07-09,2026-07-09 14:21:00,1375.22,1375.34,1375.22,1375.34,0.01,8.17,10977.74,1
2026-07-09,2026-07-09 14:22:00,1375.34,1375.46,1375.34,1375.46,0.01,8.17,10977.74,1
2026-07-09,2026-07-09 14:23:00,1375.46,1375.58,1375.46,1375.58,0.01,8.17,10977.74,1
2026-07-09,2026-07-09 14:24:00,1375.58,1375.7,1375.58,1375.7,0.01,8.17,10977.74,1
2026-07-09,2026-07-09 14:25:00,1375.7,1375.82,1375.7,1375.82,0.01,8.17,10977.74,1
2026-07-09,2026-07-09 14:26:00,1375.82,1375.94,1375.82,1375.94,0.01,8.17,10977.74,1
2026-07-09,2026-07-09 14:27:00,1375.94,1376.06,1375.94,1376.06,0.01,8.17,10977.74,1
2026-07-09,2026-07-09 14:28:00,1376.06,1376.18,1376.06,1376.18,0.01,8.17,10977.74,1
2026-07-09,2026-07-09 14:29:00,1376.18,1376.3,1376.18,1376.3,0.01,8.17,10977.74,1
2026-07-09,2026-07-09 14:30:00,1376.3,1376.42,1376.3,1376.42,0.01,8.17,10977.74,1
2026-07-09,2026-07-09 14:31:00,1376.42,1376.54,1376.42,1376.54,0.01,8.17,10977.74,1
2026-07-09,2026-07-09 14:32:00,1376.54,1376.66,1376.54,1376.66,0.01,8.17,10977.74,1
2026-07-09,2026-07-09 14:33:00,1376.66,1376.78,1376.66,1376.78,0.01,8.17,10977.74,1
2026-07-09,2026-07-09 14:34:00,1376.78,1376.9,1376.78,1376.9,0.01,8.17,10977.74,1
2026-07-09,2026-07-09 14:35:00,1376.9,1377.02,1376.9,1377.02,0.01,8.17,10977.74,1
2026-07-09,2026-07-09 14:36:00,1377.02,1377.14,1377.02,1377.14,0.01,8.17,10977.74,1
2026-07-09,2026-07-09 14:37:00,1377.14,1377.26,1377.14,1377.26,0.01,8.17,10977.74,1
2026-07-09,2026-07-09 14:38:00,1377.26,1377.38,1377.26,1377.38,0.01,8.17,10977.74,1
2026-07-09,2026-07-09 14:39:00,1377.38,1377.5,1377.38,1377.5,0.01,8.17,10977.74,1
2026-07-09,2026-07-09 14:40:00,1377.5,1377.62,1377.5,1377.62,0.01,8.17,10977.74,1
2026-07-09,2026-07-09 14:41:00,1377.62,1377.74,1377.62,1377.74,0.01,8.17,10977.74,1
2026-07-09,2026-07-09 14:42:00,1377.74,1377.86,1377.74,1377.86,0.01,8.17,10977.74,1
2026-07-09,2026-07-09 14:43:00,1377.86,1377.98,1377.86,1377.98,0.01,8.17,10977.74,1
2026-07-09,2026-07-09 14:44:00,1377.98,1378.1,1377.98,1378.1,0.01,8.17,10977.74,1
2026-07-09,2026-07-09 14:45:00,1378.1,1378.22,1378.1,1378.22,0.01,8.17,10977.74,1
2026-07-09,2026-07-09 14:46:00,1378.22,1378.34,1378.22,1378.34,0.01,8.17,10977.74,1
2026-07-09,2026-07-09 14:47:00,1378.34,1378.46,1378.34,1378.46,0.01,8.17,10977.74,1
2026-07-09,2026-07-09 14:48:00,1378.46,1378.58,1378.46,1378.58,0.01,8.17,10977.74,1
2026-07-09,2026-07-09 14:49:00,1378.58,1378.7,1378.58,1378.7,0.01,8.17,10977.74,1
2026-07-09,2026-07-09 14:50:00,1378.7,1378.82,1378.7,1378.82,0.01,8.17,10977.74,1
2026-07-09,2026-07-09 14:51:00,1378.82,1378.94,1378.82,1378.94,0.01,8.17,10977.74,1
2026-07-09,2026-07-09 14:52:00,1378.94,1379.06,1378.94,1379.06,0.01,8.17,10977.74,1
2026-07-09,2026-07-09 14:53:00,1379.06,1379.18,1379.06,1379.18,0.01,8.17,10977.74,1
2026-07-09,2026-07-09 14:54:00,1379.18,1379.3,1379.18,1379.3,0.01,8.17,10977.74,1
2026-07-09,2026-07-09 14:55:00,1379.3,1379.42,1379.3,1379.42,0.01,8.17,10977.74,1
2026-07-09,2026-07-09 14:56:00,1379.42,1379.54,1379.42,1379.54,0.01,8.17,10977.74,1
2026-07-09,2026-07-09 14:57:00,1379.54,1379.66,1379.54,1379.66,0.01,8.17,10977.74,1
2026-07-09,2026-07-09 14:58:00,1379.66,1379.78,1379.66,1379.78,0.01,8.17,10977.74,1
2026-07-09,2026-07-09 14:59:00,1379.78,1379.9,1379.78,1379.9,0.01,8.17,10977.74,1
2026-07-09,2026-07-09 15:00:00,1379.9,1390.0,1309.5,1379.9,0.0,8.17,10977.74,0
2026-07-10,2026-07-10 11:00:00,1348.8,1358.16,1337.46,1348.68,-0.01,6.7,8909.69,-1
2026-07-10,2026-07-10 11:01:00,1348.68,1348.68,1348.56,1348.56,-0.01,6.7,8909.69,-1
2026-07-10,2026-07-10 11:02:00,1348.56,1348.56,1348.44,1348.44,-0.01,6.7,8909.69,-1
2026-07-10,2026-07-10 11:03:00,1348.44,1348.44,1348.32,1348.32,-0.01,6.7,8909.69,-1
2026-07-10,2026-07-10 11:04:00,1348.32,1348.32,1348.2,1348.2,-0.01,6.7,8909.69,-1
2026-07-10,2026-07-10 11:05:00,1348.2,1348.2,1348.08,1348.08,-0.01,6.7,8909.69,-1
2026-07-10,2026-07-10 11:06:00,1348.08,1348.08,1347.96,1347.96,-0.01,6.7,8909.69,-1
2026-07-10,2026-07-10 11:07:00,1347.96,1347.96,1347.84,1347.84,-0.01,6.7,8909.69,-1
2026-07-10,2026-07-10 11:08:00,1347.84,1347.84,1347.72,1347.72,-0.01,6.7,8909.69,-1
2026-07-10,2026-07-10 11:09:00,1347.72,1347.72,1347.6,1347.6,-0.01,6.7,8909.69,-1
2026-07-10,2026-07-10 11:10:00,1347.6,1347.6,1347.48,1347.48,-0.01,6.7,8909.69,-1
2026-07-10,2026-07-10 11:11:00,1347.48,1347.48,1347.36,1347.36,-0.01,6.7,8909.69,-1
2026-07-10,2026-07-10 11:12:00,1347.36,1347.36,1347.24,1347.24,-0.01,6.7,8909.69,-1
2026-07-10,2026-07-10 11:13:00,1347.24,1347.24,1347.12,1347.12,-0.01,6.7,8909.69,-1
2026-07-10,2026-07-10 11:14:00,1347.12,1347.12,1347.0,1347.0,-0.01,6.7,8909.69,-1
2026-07-10,2026-07-10 11:15:00,1347.0,1347.0,1346.88,1346.88,-0.01,6.7,8909.69,-1
2026-07-10,2026-07-10 11:16:00,1346.88,1346.88,1346.76,1346.76,-0.01,6.7,8909.69,-1
2026-07-10,2026-07-10 11:17:00,1346.76,1346.76,1346.64,1346.64,-0.01,6.7,8909.69,-1
2026-07-10,2026-07-10 11:18:00,1346.64,1346.64,1346.52,1346.52,-0.01,6.7,8909.69,-1
2026-07-10,2026-07-10 11:19:00,1346.52,1346.52,1346.4,1346.4,-0.01,6.7,8909.69,-1
2026-07-10,2026-07-10 11:20:00,1346.4,1346.4,1346.28,1346.28,-0.01,6.7,8909.69,-1
2026-07-10,2026-07-10 11:21:00,1346.28,1346.28,1346.16,1346.16,-0.01,6.7,8909.69,-1
2026-07-10,2026-07-10 11:22:00,1346.16,1346.16,1346.04,1346.04,-0.01,6.7,8909.69,-1
2026-07-10,2026-07-10 11:23:00,1346.04,1346.04,1345.92,1345.92,-0.01,6.7,8909.69,-1
2026-07-10,2026-07-10 11:24:00,1345.92,1345.92,1345.8,1345.8,-0.01,6.7,8909.69,-1
2026-07-10,2026-07-10 11:25:00,1345.8,1345.8,1345.68,1345.68,-0.01,6.7,8909.69,-1
2026-07-10,2026-07-10 11:26:00,1345.68,1345.68,1345.56,1345.56,-0.01,6.7,8909.69,-1
2026-07-10,2026-07-10 11:27:00,1345.56,1345.56,1345.44,1345.44,-0.01,6.7,8909.69,-1
2026-07-10,2026-07-10 11:28:00,1345.44,1345.44,1345.32,1345.32,-0.01,6.7,8909.69,-1
2026-07-10,2026-07-10 11:29:00,1345.32,1345.32,1345.2,1345.2,-0.01,6.7,8909.69,-1
2026-07-10,2026-07-10 11:30:00,1345.2,1345.2,1345.08,1345.08,-0.01,6.7,8909.69,-1
2026-07-10,2026-07-10 11:31:00,1345.08,1345.08,1344.96,1344.96,-0.01,6.7,8909.69,-1
2026-07-10,2026-07-10 11:32:00,1344.96,1344.96,1344.84,1344.84,-0.01,6.7,8909.69,-1
2026-07-10,2026-07-10 11:33:00,1344.84,1344.84,1344.72,1344.72,-0.01,6.7,8909.69,-1
2026-07-10,2026-07-10 11:34:00,1344.72,1344.72,1344.6,1344.6,-0.01,6.7,8909.69,-1
2026-07-10,2026-07-10 11:35:00,1344.6,1344.6,1344.48,1344.48,-0.01,6.7,8909.69,-1
2026-07-10,2026-07-10 11:36:00,1344.48,1344.48,1344.36,1344.36,-0.01,6.7,8909.69,-1
2026-07-10,2026-07-10 11:37:00,1344.36,1344.36,1344.24,1344.24,-0.01,6.7,8909.69,-1
2026-07-10,2026-07-10 11:38:00,1344.24,1344.24,1344.12,1344.12,-0.01,6.7,8909.69,-1
2026-07-10,2026-07-10 11:39:00,1344.12,1344.12,1344.0,1344.0,-0.01,6.7,8909.69,-1
2026-07-10,2026-07-10 11:40:00,1344.0,1344.0,1343.88,1343.88,-0.01,6.7,8909.69,-1
2026-07-10,2026-07-10 11:41:00,1343.88,1343.88,1343.76,1343.76,-0.01,6.7,8909.69,-1
2026-07-10,2026-07-10 11:42:00,1343.76,1343.76,1343.64,1343.64,-0.01,6.7,8909.69,-1
2026-07-10,2026-07-10 11:43:00,1343.64,1343.64,1343.52,1343.52,-0.01,6.7,8909.69,-1
2026-07-10,2026-07-10 11:44:00,1343.52,1343.52,1343.4,1343.4,-0.01,6.7,8909.69,-1
2026-07-10,2026-07-10 11:45:00,1343.4,1343.4,1343.28,1343.28,-0.01,6.7,8909.69,-1
2026-07-10,2026-07-10 11:46:00,1343.28,1343.28,1343.16,1343.16,-0.01,6.7,8909.69,-1
2026-07-10,2026-07-10 11:47:00,1343.16,1343.16,1343.04,1343.04,-0.01,6.7,8909.69,-1
2026-07-10,2026-07-10 11:48:00,1343.04,1343.04,1342.92,1342.92,-0.01,6.7,8909.69,-1
2026-07-10,2026-07-10 11:49:00,1342.92,1342.92,1342.8,1342.8,-0.01,6.7,8909.69,-1
2026-07-10,2026-07-10 11:50:00,1342.8,1342.8,1342.68,1342.68,-0.01,6.7,8909.69,-1
2026-07-10,2026-07-10 11:51:00,1342.68,1342.68,1342.56,1342.56,-0.01,6.7,8909.69,-1
2026-07-10,2026-07-10 11:52:00,1342.56,1342.56,1342.44,1342.44,-0.01,6.7,8909.69,-1
2026-07-10,2026-07-10 11:53:00,1342.44,1342.44,1342.32,1342.32,-0.01,6.7,8909.69,-1
2026-07-10,2026-07-10 11:54:00,1342.32,1342.32,1342.2,1342.2,-0.01,6.7,8909.69,-1
2026-07-10,2026-07-10 11:55:00,1342.2,1342.2,1342.08,1342.08,-0.01,6.7,8909.69,-1
2026-07-10,2026-07-10 11:56:00,1342.08,1342.08,1341.96,1341.96,-0.01,6.7,8909.69,-1
2026-07-10,2026-07-10 11:57:00,1341.96,1341.96,1341.84,1341.84,-0.01,6.7,8909.69,-1
2026-07-10,2026-07-10 11:58:00,1341.84,1341.84,1341.72,1341.72,-0.01,6.7,8909.69,-1
2026-07-10,2026-07-10 11:59:00,1341.72,1341.72,1341.6,1341.6,-0.01,6.7,8909.69,-1
2026-07-10,2026-07-10 12:00:00,1341.6,1341.6,1341.48,1341.48,-0.01,6.7,8909.69,-1
2026-07-10,2026-07-10 12:01:00,1341.48,1341.48,1341.36,1341.36,-0.01,6.7,8909.69,-1
2026-07-10,2026-07-10 12:02:00,1341.36,1341.36,1341.24,1341.24,-0.01,6.7,8909.69,-1
2026-07-10,2026-07-10 12:03:00,1341.24,1341.24,1341.12,1341.12,-0.01,6.7,8909.69,-1
2026-07-10,2026-07-10 12:04:00,1341.12,1341.12,1341.0,1341.0,-0.01,6.7,8909.69,-1
2026-07-10,2026-07-10 12:05:00,1341.0,1341.0,1340.88,1340.88,-0.01,6.7,8909.69,-1
2026-07-10,2026-07-10 12:06:00,1340.88,1340.88,1340.76,1340.76,-0.01,6.7,8909.69,-1
2026-07-10,2026-07-10 12:07:00,1340.76,1340.76,1340.64,1340.64,-0.01,6.7,8909.69,-1
2026-07-10,2026-07-10 12:08:00,1340.64,1340.64,1340.52,1340.52,-0.01,6.7,8909.69,-1
2026-07-10,2026-07-10 12:09:00,1340.52,1340.52,1340.4,1340.4,-0.01,6.7,8909.69,-1
2026-07-10,2026-07-10 12:10:00,1340.4,1340.4,1340.28,1340.28,-0.01,6.7,8909.69,-1
2026-07-10,2026-07-10 12:11:00,1340.28,1340.28,1340.16,1340.16,-0.01,6.7,8909.69,-1
2026-07-10,2026-07-10 12:12:00,1340.16,1340.16,1340.04,1340.04,-0.01,6.7,8909.69,-1
2026-07-10,2026-07-10 12:13:00,1340.04,1340.04,1339.92,1339.92,-0.01,6.7,8909.69,-1
2026-07-10,2026-07-10 12:14:00,1339.92,1339.92,1339.8,1339.8,-0.01,6.7,8909.69,-1
2026-07-10,2026-07-10 12:15:00,1339.8,1339.8,1339.68,1339.68,-0.01,6.7,8909.69,-1
2026-07-10,2026-07-10 12:16:00,1339.68,1339.68,1339.56,1339.56,-0.01,6.7,8909.69,-1
2026-07-10,2026-07-10 12:17:00,1339.56,1339.56,1339.44,1339.44,-0.01,6.7,8909.69,-1
2026-07-10,2026-07-10 12:18:00,1339.44,1339.44,1339.32,1339.32,-0.01,6.7,8909.69,-1
2026-07-10,2026-07-10 12:19:00,1339.32,1339.32,1339.2,1339.2,-0.01,6.7,8909.69,-1
2026-07-10,2026-07-10 12:20:00,1339.2,1339.2,1339.08,1339.08,-0.01,6.7,8909.69,-1
2026-07-10,2026-07-10 12:21:00,1339.08,1339.08,1338.96,1338.96,-0.01,6.7,8909.69,-1
2026-07-10,2026-07-10 12:22:00,1338.96,1338.96,1338.84,1338.84,-0.01,6.7,8909.69,-1
2026-07-10,2026-07-10 12:23:00,1338.84,1338.84,1338.72,1338.72,-0.01,6.7,8909.69,-1
2026-07-10,2026-07-10 12:24:00,1338.72,1338.72,1338.6,1338.6,-0.01,6.7,8909.69,-1
2026-07-10,2026-07-10 12:25:00,1338.6,1338.6,1338.48,1338.48,-0.01,6.7,8909.69,-1
2026-07-10,2026-07-10 12:26:00,1338.48,1338.48,1338.36,1338.36,-0.01,6.7,8909.69,-1
2026-07-10,2026-07-10 12:27:00,1338.36,1338.36,1338.24,1338.24,-0.01,6.7,8909.69,-1
2026-07-10,2026-07-10 12:28:00,1338.24,1338.24,1338.12,1338.12,-0.01,6.7,8909.69,-1
2026-07-10,2026-07-10 12:29:00,1338.12,1338.12,1338.0,1338.0,-0.01,6.7,8909.69,-1
2026-07-10,2026-07-10 12:30:00,1338.0,1338.0,1337.88,1337.88,-0.01,6.7,8909.69,-1
2026-07-10,2026-07-10 12:31:00,1337.88,1337.88,1337.76,1337.76,-0.01,6.7,8909.69,-1
2026-07-10,2026-07-10 12:32:00,1337.76,1337.76,1337.64,1337.64,-0.01,6.7,8909.69,-1
2026-07-10,2026-07-10 12:33:00,1337.64,1337.64,1337.52,1337.52,-0.01,6.7,8909.69,-1
2026-07-10,2026-07-10 12:34:00,1337.52,1337.52,1337.4,1337.4,-0.01,6.7,8909.69,-1
2026-07-10,2026-07-10 12:35:00,1337.4,1337.4,1337.28,1337.28,-0.01,6.7,8909.69,-1
2026-07-10,2026-07-10 12:36:00,1337.28,1337.28,1337.16,1337.16,-0.01,6.7,8909.69,-1
2026-07-10,2026-07-10 12:37:00,1337.16,1337.16,1337.04,1337.04,-0.01,6.7,8909.69,-1
2026-07-10,2026-07-10 12:38:00,1337.04,1337.04,1336.92,1336.92,-0.01,6.7,8909.69,-1
2026-07-10,2026-07-10 12:39:00,1336.92,1336.92,1336.8,1336.8,-0.01,6.7,8909.69,-1
2026-07-10,2026-07-10 12:40:00,1336.8,1336.8,1336.68,1336.68,-0.01,6.7,8909.69,-1
2026-07-10,2026-07-10 12:41:00,1336.68,1336.68,1336.56,1336.56,-0.01,6.7,8909.69,-1
2026-07-10,2026-07-10 12:42:00,1336.56,1336.56,1336.44,1336.44,-0.01,6.7,8909.69,-1
2026-07-10,2026-07-10 12:43:00,1336.44,1336.44,1336.32,1336.32,-0.01,6.7,8909.69,-1
2026-07-10,2026-07-10 12:44:00,1336.32,1336.32,1336.2,1336.2,-0.01,6.7,8909.69,-1
2026-07-10,2026-07-10 12:45:00,1336.2,1336.2,1336.08,1336.08,-0.01,6.7,8909.69,-1
2026-07-10,2026-07-10 12:46:00,1336.08,1336.08,1335.96,1335.96,-0.01,6.7,8909.69,-1
2026-07-10,2026-07-10 12:47:00,1335.96,1335.96,1335.84,1335.84,-0.01,6.7,8909.69,-1
2026-07-10,2026-07-10 12:48:00,1335.84,1335.84,1335.72,1335.72,-0.01,6.7,8909.69,-1
2026-07-10,2026-07-10 12:49:00,1335.72,1335.72,1335.6,1335.6,-0.01,6.7,8909.69,-1
2026-07-10,2026-07-10 12:50:00,1335.6,1335.6,1335.48,1335.48,-0.01,6.7,8909.69,-1
2026-07-10,2026-07-10 12:51:00,1335.48,1335.48,1335.36,1335.36,-0.01,6.7,8909.69,-1
2026-07-10,2026-07-10 12:52:00,1335.36,1335.36,1335.24,1335.24,-0.01,6.7,8909.69,-1
2026-07-10,2026-07-10 12:53:00,1335.24,1335.24,1335.12,1335.12,-0.01,6.7,8909.69,-1
2026-07-10,2026-07-10 12:54:00,1335.12,1335.12,1335.0,1335.0,-0.01,6.7,8909.69,-1
2026-07-10,2026-07-10 12:55:00,1335.0,1335.0,1334.88,1334.88,-0.01,6.7,8909.69,-1
2026-07-10,2026-07-10 12:56:00,1334.88,1334.88,1334.76,1334.76,-0.01,6.7,8909.69,-1
2026-07-10,2026-07-10 12:57:00,1334.76,1334.76,1334.64,1334.64,-0.01,6.7,8909.69,-1
2026-07-10,2026-07-10 12:58:00,1334.64,1334.64,1334.52,1334.52,-0.01,6.7,8909.69,-1
2026-07-10,2026-07-10 12:59:00,1334.52,1334.52,1334.4,1334.4,-0.01,6.7,8909.69,-1
2026-07-10,2026-07-10 13:00:00,1334.4,1380.0,1311.0,1334.28,-0.01,6.7,8909.69,-1
2026-07-10,2026-07-10 13:01:00,1334.28,1334.28,1334.16,1334.16,-0.01,6.7,8909.69,-1
2026-07-10,2026-07-10 13:02:00,1334.16,1334.16,1334.04,1334.04,-0.01,6.7,8909.69,-1
2026-07-10,2026-07-10 13:03:00,1334.04,1334.04,1333.92,1333.92,-0.01,6.7,8909.69,-1
2026-07-10,2026-07-10 13:04:00,1333.92,1333.92,1333.8,1333.8,-0.01,6.7,8909.69,-1
2026-07-10,2026-07-10 13:05:00,1333.8,1333.8,1333.68,1333.68,-0.01,6.7,8909.69,-1
2026-07-10,2026-07-10 13:06:00,1333.68,1333.68,1333.56,1333.56,-0.01,6.7,8909.69,-1
2026-07-10,2026-07-10 13:07:00,1333.56,1333.56,1333.44,1333.44,-0.01,6.7,8909.69,-1
2026-07-10,2026-07-10 13:08:00,1333.44,1333.44,1333.32,1333.32,-0.01,6.7,8909.69,-1
2026-07-10,2026-07-10 13:09:00,1333.32,1333.32,1333.2,1333.2,-0.01,6.7,8909.69,-1
2026-07-10,2026-07-10 13:10:00,1333.2,1333.2,1333.08,1333.08,-0.01,6.7,8909.69,-1
2026-07-10,2026-07-10 13:11:00,1333.08,1333.08,1332.96,1332.96,-0.01,6.7,8909.69,-1
2026-07-10,2026-07-10 13:12:00,1332.96,1332.96,1332.84,1332.84,-0.01,6.7,8909.69,-1
2026-07-10,2026-07-10 13:13:00,1332.84,1332.84,1332.72,1332.72,-0.01,6.7,8909.69,-1
2026-07-10,2026-07-10 13:14:00,1332.72,1332.72,1332.6,1332.6,-0.01,6.7,8909.69,-1
2026-07-10,2026-07-10 13:15:00,1332.6,1332.6,1332.48,1332.48,-0.01,6.7,8909.69,-1
2026-07-10,2026-07-10 13:16:00,1332.48,1332.48,1332.36,1332.36,-0.01,6.7,8909.69,-1
2026-07-10,2026-07-10 13:17:00,1332.36,1332.36,1332.24,1332.24,-0.01,6.7,8909.69,-1
2026-07-10,2026-07-10 13:18:00,1332.24,1332.24,1332.12,1332.12,-0.01,6.7,8909.69,-1
2026-07-10,2026-07-10 13:19:00,1332.12,1332.12,1332.0,1332.0,-0.01,6.7,8909.69,-1
2026-07-10,2026-07-10 13:20:00,1332.0,1332.0,1331.88,1331.88,-0.01,6.7,8909.69,-1
2026-07-10,2026-07-10 13:21:00,1331.88,1331.88,1331.76,1331.76,-0.01,6.7,8909.69,-1
2026-07-10,2026-07-10 13:22:00,1331.76,1331.76,1331.64,1331.64,-0.01,6.7,8909.69,-1
2026-07-10,2026-07-10 13:23:00,1331.64,1331.64,1331.52,1331.52,-0.01,6.7,8909.69,-1
2026-07-10,2026-07-10 13:24:00,1331.52,1331.52,1331.4,1331.4,-0.01,6.7,8909.69,-1
2026-07-10,2026-07-10 13:25:00,1331.4,1331.4,1331.28,1331.28,-0.01,6.7,8909.69,-1
2026-07-10,2026-07-10 13:26:00,1331.28,1331.28,1331.16,1331.16,-0.01,6.7,8909.69,-1
2026-07-10,2026-07-10 13:27:00,1331.16,1331.16,1331.04,1331.04,-0.01,6.7,8909.69,-1
2026-07-10,2026-07-10 13:28:00,1331.04,1331.04,1330.92,1330.92,-0.01,6.7,8909.69,-1
2026-07-10,2026-07-10 13:29:00,1330.92,1330.92,1330.8,1330.8,-0.01,6.7,8909.69,-1
2026-07-10,2026-07-10 13:30:00,1330.8,1330.8,1330.68,1330.68,-0.01,6.7,8909.69,-1
2026-07-10,2026-07-10 13:31:00,1330.68,1330.68,1330.56,1330.56,-0.01,6.7,8909.69,-1
2026-07-10,2026-07-10 13:32:00,1330.56,1330.56,1330.44,1330.44,-0.01,6.7,8909.69,-1
2026-07-10,2026-07-10 13:33:00,1330.44,1330.44,1330.32,1330.32,-0.01,6.7,8909.69,-1
2026-07-10,2026-07-10 13:34:00,1330.32,1330.32,1330.2,1330.2,-0.01,6.7,8909.69,-1
2026-07-10,2026-07-10 13:35:00,1330.2,1330.2,1330.08,1330.08,-0.01,6.7,8909.69,-1
2026-07-10,2026-07-10 13:36:00,1330.08,1330.08,1329.96,1329.96,-0.01,6.7,8909.69,-1
2026-07-10,2026-07-10 13:37:00,1329.96,1329.96,1329.84,1329.84,-0.01,6.7,8909.69,-1
2026-07-10,2026-07-10 13:38:00,1329.84,1329.84,1329.72,1329.72,-0.01,6.7,8909.69,-1
2026-07-10,2026-07-10 13:39:00,1329.72,1329.72,1329.6,1329.6,-0.01,6.7,8909.69,-1
2026-07-10,2026-07-10 13:40:00,1329.6,1329.6,1329.48,1329.48,-0.01,6.7,8909.69,-1
2026-07-10,2026-07-10 13:41:00,1329.48,1329.48,1329.36,1329.36,-0.01,6.7,8909.69,-1
2026-07-10,2026-07-10 13:42:00,1329.36,1329.36,1329.24,1329.24,-0.01,6.7,8909.69,-1
2026-07-10,2026-07-10 13:43:00,1329.24,1329.24,1329.12,1329.12,-0.01,6.7,8909.69,-1
2026-07-10,2026-07-10 13:44:00,1329.12,1329.12,1329.0,1329.0,-0.01,6.7,8909.69,-1
2026-07-10,2026-07-10 13:45:00,1329.0,1329.0,1328.88,1328.88,-0.01,6.7,8909.69,-1
2026-07-10,2026-07-10 13:46:00,1328.88,1328.88,1328.76,1328.76,-0.01,6.7,8909.69,-1
2026-07-10,2026-07-10 13:47:00,1328.76,1328.76,1328.64,1328.64,-0.01,6.7,8909.69,-1
2026-07-10,2026-07-10 13:48:00,1328.64,1328.64,1328.52,1328.52,-0.01,6.7,8909.69,-1
2026-07-10,2026-07-10 13:49:00,1328.52,1328.52,1328.4,1328.4,-0.01,6.7,8909.69,-1
2026-07-10,2026-07-10 13:50:00,1328.4,1328.4,1328.28,1328.28,-0.01,6.7,8909.69,-1
2026-07-10,2026-07-10 13:51:00,1328.28,1328.28,1328.16,1328.16,-0.01,6.7,8909.69,-1
2026-07-10,2026-07-10 13:52:00,1328.16,1328.16,1328.04,1328.04,-0.01,6.7,8909.69,-1
2026-07-10,2026-07-10 13:53:00,1328.04,1328.04,1327.92,1327.92,-0.01,6.7,8909.69,-1
2026-07-10,2026-07-10 13:54:00,1327.92,1327.92,1327.8,1327.8,-0.01,6.7,8909.69,-1
2026-07-10,2026-07-10 13:55:00,1327.8,1327.8,1327.68,1327.68,-0.01,6.7,8909.69,-1
2026-07-10,2026-07-10 13:56:00,1327.68,1327.68,1327.56,1327.56,-0.01,6.7,8909.69,-1
2026-07-10,2026-07-10 13:57:00,1327.56,1327.56,1327.44,1327.44,-0.01,6.7,8909.69,-1
2026-07-10,2026-07-10 13:58:00,1327.44,1327.44,1327.32,1327.32,-0.01,6.7,8909.69,-1
2026-07-10,2026-07-10 13:59:00,1327.32,1327.32,1327.2,1327.2,-0.01,6.7,8909.69,-1
2026-07-10,2026-07-10 14:00:00,1327.2,1327.2,1327.08,1327.08,-0.01,6.7,8909.69,-1
2026-07-10,2026-07-10 14:01:00,1327.08,1327.08,1326.96,1326.96,-0.01,6.7,8909.69,-1
2026-07-10,2026-07-10 14:02:00,1326.96,1326.96,1326.84,1326.84,-0.01,6.7,8909.69,-1
2026-07-10,2026-07-10 14:03:00,1326.84,1326.84,1326.72,1326.72,-0.01,6.7,8909.69,-1
2026-07-10,2026-07-10 14:04:00,1326.72,1326.72,1326.6,1326.6,-0.01,6.7,8909.69,-1
2026-07-10,2026-07-10 14:05:00,1326.6,1326.6,1326.48,1326.48,-0.01,6.7,8909.69,-1
2026-07-10,2026-07-10 14:06:00,1326.48,1326.48,1326.36,1326.36,-0.01,6.7,8909.69,-1
2026-07-10,2026-07-10 14:07:00,1326.36,1326.36,1326.24,1326.24,-0.01,6.7,8909.69,-1
2026-07-10,2026-07-10 14:08:00,1326.24,1326.24,1326.12,1326.12,-0.01,6.7,8909.69,-1
2026-07-10,2026-07-10 14:09:00,1326.12,1326.12,1326.0,1326.0,-0.01,6.7,8909.69,-1
2026-07-10,2026-07-10 14:10:00,1326.0,1326.0,1325.88,1325.88,-0.01,6.7,8909.69,-1
2026-07-10,2026-07-10 14:11:00,1325.88,1325.88,1325.76,1325.76,-0.01,6.7,8909.69,-1
2026-07-10,2026-07-10 14:12:00,1325.76,1325.76,1325.64,1325.64,-0.01,6.7,8909.69,-1
2026-07-10,2026-07-10 14:13:00,1325.64,1325.64,1325.52,1325.52,-0.01,6.7,8909.69,-1
2026-07-10,2026-07-10 14:14:00,1325.52,1325.52,1325.4,1325.4,-0.01,6.7,8909.69,-1
2026-07-10,2026-07-10 14:15:00,1325.4,1325.4,1325.28,1325.28,-0.01,6.7,8909.69,-1
2026-07-10,2026-07-10 14:16:00,1325.28,1325.28,1325.16,1325.16,-0.01,6.7,8909.69,-1
2026-07-10,2026-07-10 14:17:00,1325.16,1325.16,1325.04,1325.04,-0.01,6.7,8909.69,-1
2026-07-10,2026-07-10 14:18:00,1325.04,1325.04,1324.92,1324.92,-0.01,6.7,8909.69,-1
2026-07-10,2026-07-10 14:19:00,1324.92,1324.92,1324.8,1324.8,-0.01,6.7,8909.69,-1
2026-07-10,2026-07-10 14:20:00,1324.8,1324.8,1324.68,1324.68,-0.01,6.7,8909.69,-1
2026-07-10,2026-07-10 14:21:00,1324.68,1324.68,1324.56,1324.56,-0.01,6.7,8909.69,-1
2026-07-10,2026-07-10 14:22:00,1324.56,1324.56,1324.44,1324.44,-0.01,6.7,8909.69,-1
2026-07-10,2026-07-10 14:23:00,1324.44,1324.44,1324.32,1324.32,-0.01,6.7,8909.69,-1
2026-07-10,2026-07-10 14:24:00,1324.32,1324.32,1324.2,1324.2,-0.01,6.7,8909.69,-1
2026-07-10,2026-07-10 14:25:00,1324.2,1324.2,1324.08,1324.08,-0.01,6.7,8909.69,-1
2026-07-10,2026-07-10 14:26:00,1324.08,1324.08,1323.96,1323.96,-0.01,6.7,8909.69,-1
2026-07-10,2026-07-10 14:27:00,1323.96,1323.96,1323.84,1323.84,-0.01,6.7,8909.69,-1
2026-07-10,2026-07-10 14:28:00,1323.84,1323.84,1323.72,1323.72,-0.01,6.7,8909.69,-1
2026-07-10,2026-07-10 14:29:00,1323.72,1323.72,1323.6,1323.6,-0.01,6.7,8909.69,-1
2026-07-10,2026-07-10 14:30:00,1323.6,1323.6,1323.48,1323.48,-0.01,6.7,8909.69,-1
2026-07-10,2026-07-10 14:31:00,1323.48,1323.48,1323.36,1323.36,-0.01,6.7,8909.69,-1
2026-07-10,2026-07-10 14:32:00,1323.36,1323.36,1323.24,1323.24,-0.01,6.7,8909.69,-1
2026-07-10,2026-07-10 14:33:00,1323.24,1323.24,1323.12,1323.12,-0.01,6.7,8909.69,-1
2026-07-10,2026-07-10 14:34:00,1323.12,1323.12,1323.0,1323.0,-0.01,6.7,8909.69,-1
2026-07-10,2026-07-10 14:35:00,1323.0,1323.0,1322.88,1322.88,-0.01,6.7,8909.69,-1
2026-07-10,2026-07-10 14:36:00,1322.88,1322.88,1322.76,1322.76,-0.01,6.7,8909.69,-1
2026-07-10,2026-07-10 14:37:00,1322.76,1322.76,1322.64,1322.64,-0.01,6.7,8909.69,-1
2026-07-10,2026-07-10 14:38:00,1322.64,1322.64,1322.52,1322.52,-0.01,6.7,8909.69,-1
2026-07-10,2026-07-10 14:39:00,1322.52,1322.52,1322.4,1322.4,-0.01,6.7,8909.69,-1
2026-07-10,2026-07-10 14:40:00,1322.4,1322.4,1322.28,1322.28,-0.01,6.7,8909.69,-1
2026-07-10,2026-07-10 14:41:00,1322.28,1322.28,1322.16,1322.16,-0.01,6.7,8909.69,-1
2026-07-10,2026-07-10 14:42:00,1322.16,1322.16,1322.04,1322.04,-0.01,6.7,8909.69,-1
2026-07-10,2026-07-10 14:43:00,1322.04,1322.04,1321.92,1321.92,-0.01,6.7,8909.69,-1
2026-07-10,2026-07-10 14:44:00,1321.92,1321.92,1321.8,1321.8,-0.01,6.7,8909.69,-1
2026-07-10,2026-07-10 14:45:00,1321.8,1321.8,1321.68,1321.68,-0.01,6.7,8909.69,-1
2026-07-10,2026-07-10 14:46:00,1321.68,1321.68,1321.56,1321.56,-0.01,6.7,8909.69,-1
2026-07-10,2026-07-10 14:47:00,1321.56,1321.56,1321.44,1321.44,-0.01,6.7,8909.69,-1
2026-07-10,2026-07-10 14:48:00,1321.44,1321.44,1321.32,1321.32,-0.01,6.7,8909.69,-1
2026-07-10,2026-07-10 14:49:00,1321.32,1321.32,1321.2,1321.2,-0.01,6.7,8909.69,-1
2026-07-10,2026-07-10 14:50:00,1321.2,1321.2,1321.08,1321.08,-0.01,6.7,8909.69,-1
2026-07-10,2026-07-10 14:51:00,1321.08,1321.08,1320.96,1320.96,-0.01,6.7,8909.69,-1
2026-07-10,2026-07-10 14:52:00,1320.96,1320.96,1320.84,1320.84,-0.01,6.7,8909.69,-1
2026-07-10,2026-07-10 14:53:00,1320.84,1320.84,1320.72,1320.72,-0.01,6.7,8909.69,-1
2026-07-10,2026-07-10 14:54:00,1320.72,1320.72,1320.6,1320.6,-0.01,6.7,8909.69,-1
2026-07-10,2026-07-10 14:55:00,1320.6,1320.6,1320.48,1320.48,-0.01,6.7,8909.69,-1
2026-07-10,2026-07-10 14:56:00,1320.48,1320.48,1320.36,1320.36,-0.01,6.7,8909.69,-1
2026-07-10,2026-07-10 14:57:00,1320.36,1320.36,1320.24,1320.24,-0.01,6.7,8909.69,-1
2026-07-10,2026-07-10 14:58:00,1320.24,1320.24,1320.12,1320.12,-0.01,6.7,8909.69,-1
2026-07-10,2026-07-10 14:59:00,1320.12,1320.12,1320.0,1320.0,-0.01,6.7,8909.69,-1
2026-07-10,2026-07-10 15:00:00,1320.0,1380.0,1311.0,1320.0,0.0,6.7,8909.69,0
2026-07-13,2026-07-13 11:00:00,1301.1,1311.27,1294.77,1301.22,0.01,7.55,9795.33,1
2026-07-13,2026-07-13 11:01:00,1301.22,1301.34,1301.22,1301.34,0.01,7.55,9795.33,1
2026-07-13,2026-07-13 11:02:00,1301.34,1301.46,1301.34,1301.46,0.01,7.55,9795.33,1
2026-07-13,2026-07-13 11:03:00,1301.46,1301.58,1301.46,1301.58,0.01,7.55,9795.33,1
2026-07-13,2026-07-13 11:04:00,1301.58,1301.7,1301.58,1301.7,0.01,7.55,9795.33,1
2026-07-13,2026-07-13 11:05:00,1301.7,1301.82,1301.7,1301.82,0.01,7.55,9795.33,1
2026-07-13,2026-07-13 11:06:00,1301.82,1301.94,1301.82,1301.94,0.01,7.55,9795.33,1
2026-07-13,2026-07-13 11:07:00,1301.94,1302.06,1301.94,1302.06,0.01,7.55,9795.33,1
2026-07-13,2026-07-13 11:08:00,1302.06,1302.18,1302.06,1302.18,0.01,7.55,9795.33,1
2026-07-13,2026-07-13 11:09:00,1302.18,1302.3,1302.18,1302.3,0.01,7.55,9795.33,1
2026-07-13,2026-07-13 11:10:00,1302.3,1302.42,1302.3,1302.42,0.01,7.55,9795.33,1
2026-07-13,2026-07-13 11:11:00,1302.42,1302.54,1302.42,1302.54,0.01,7.55,9795.33,1
2026-07-13,2026-07-13 11:12:00,1302.54,1302.67,1302.54,1302.67,0.01,7.55,9795.33,1
2026-07-13,2026-07-13 11:13:00,1302.67,1302.79,1302.67,1302.79,0.01,7.55,9795.33,1
2026-07-13,2026-07-13 11:14:00,1302.79,1302.91,1302.79,1302.91,0.01,7.55,9795.33,1
2026-07-13,2026-07-13 11:15:00,1302.91,1303.03,1302.91,1303.03,0.01,7.55,9795.33,1
2026-07-13,2026-07-13 11:16:00,1303.03,1303.15,1303.03,1303.15,0.01,7.55,9795.33,1
2026-07-13,2026-07-13 11:17:00,1303.15,1303.27,1303.15,1303.27,0.01,7.55,9795.33,1
2026-07-13,2026-07-13 11:18:00,1303.27,1303.39,1303.27,1303.39,0.01,7.55,9795.33,1
2026-07-13,2026-07-13 11:19:00,1303.39,1303.51,1303.39,1303.51,0.01,7.55,9795.33,1
2026-07-13,2026-07-13 11:20:00,1303.51,1303.63,1303.51,1303.63,0.01,7.55,9795.33,1
2026-07-13,2026-07-13 11:21:00,1303.63,1303.75,1303.63,1303.75,0.01,7.55,9795.33,1
2026-07-13,2026-07-13 11:22:00,1303.75,1303.87,1303.75,1303.87,0.01,7.55,9795.33,1
2026-07-13,2026-07-13 11:23:00,1303.87,1303.99,1303.87,1303.99,0.01,7.55,9795.33,1
2026-07-13,2026-07-13 11:24:00,1303.99,1304.11,1303.99,1304.11,0.01,7.55,9795.33,1
2026-07-13,2026-07-13 11:25:00,1304.11,1304.23,1304.11,1304.23,0.01,7.55,9795.33,1
2026-07-13,2026-07-13 11:26:00,1304.23,1304.35,1304.23,1304.35,0.01,7.55,9795.33,1
2026-07-13,2026-07-13 11:27:00,1304.35,1304.47,1304.35,1304.47,0.01,7.55,9795.33,1
2026-07-13,2026-07-13 11:28:00,1304.47,1304.59,1304.47,1304.59,0.01,7.55,9795.33,1
2026-07-13,2026-07-13 11:29:00,1304.59,1304.71,1304.59,1304.71,0.01,7.55,9795.33,1
2026-07-13,2026-07-13 11:30:00,1304.71,1304.83,1304.71,1304.83,0.01,7.55,9795.33,1
2026-07-13,2026-07-13 11:31:00,1304.83,1304.95,1304.83,1304.95,0.01,7.55,9795.33,1
2026-07-13,2026-07-13 11:32:00,1304.95,1305.07,1304.95,1305.07,0.01,7.55,9795.33,1
2026-07-13,2026-07-13 11:33:00,1305.07,1305.19,1305.07,1305.19,0.01,7.55,9795.33,1
2026-07-13,2026-07-13 11:34:00,1305.19,1305.31,1305.19,1305.31,0.01,7.55,9795.33,1
2026-07-13,2026-07-13 11:35:00,1305.31,1305.43,1305.31,1305.43,0.01,7.55,9795.33,1
2026-07-13,2026-07-13 11:36:00,1305.43,1305.56,1305.43,1305.56,0.01,7.55,9795.33,1
2026-07-13,2026-07-13 11:37:00,1305.56,1305.68,1305.56,1305.68,0.01,7.55,9795.33,1
2026-07-13,2026-07-13 11:38:00,1305.68,1305.8,1305.68,1305.8,0.01,7.55,9795.33,1
2026-07-13,2026-07-13 11:39:00,1305.8,1305.92,1305.8,1305.92,0.01,7.55,9795.33,1
2026-07-13,2026-07-13 11:40:00,1305.92,1306.04,1305.92,1306.04,0.01,7.55,9795.33,1
2026-07-13,2026-07-13 11:41:00,1306.04,1306.16,1306.04,1306.16,0.01,7.55,9795.33,1
2026-07-13,2026-07-13 11:42:00,1306.16,1306.28,1306.16,1306.28,0.01,7.55,9795.33,1
2026-07-13,2026-07-13 11:43:00,1306.28,1306.4,1306.28,1306.4,0.01,7.55,9795.33,1
2026-07-13,2026-07-13 11:44:00,1306.4,1306.52,1306.4,1306.52,0.01,7.55,9795.33,1
2026-07-13,2026-07-13 11:45:00,1306.52,1306.64,1306.52,1306.64,0.01,7.55,9795.33,1
2026-07-13,2026-07-13 11:46:00,1306.64,1306.76,1306.64,1306.76,0.01,7.55,9795.33,1
2026-07-13,2026-07-13 11:47:00,1306.76,1306.88,1306.76,1306.88,0.01,7.55,9795.33,1
2026-07-13,2026-07-13 11:48:00,1306.88,1307.0,1306.88,1307.0,0.01,7.55,9795.33,1
2026-07-13,2026-07-13 11:49:00,1307.0,1307.12,1307.0,1307.12,0.01,7.55,9795.33,1
2026-07-13,2026-07-13 11:50:00,1307.12,1307.24,1307.12,1307.24,0.01,7.55,9795.33,1
2026-07-13,2026-07-13 11:51:00,1307.24,1307.36,1307.24,1307.36,0.01,7.55,9795.33,1
2026-07-13,2026-07-13 11:52:00,1307.36,1307.48,1307.36,1307.48,0.01,7.55,9795.33,1
2026-07-13,2026-07-13 11:53:00,1307.48,1307.6,1307.48,1307.6,0.01,7.55,9795.33,1
2026-07-13,2026-07-13 11:54:00,1307.6,1307.72,1307.6,1307.72,0.01,7.55,9795.33,1
2026-07-13,2026-07-13 11:55:00,1307.72,1307.84,1307.72,1307.84,0.01,7.55,9795.33,1
2026-07-13,2026-07-13 11:56:00,1307.84,1307.96,1307.84,1307.96,0.01,7.55,9795.33,1
2026-07-13,2026-07-13 11:57:00,1307.96,1308.08,1307.96,1308.08,0.01,7.55,9795.33,1
2026-07-13,2026-07-13 11:58:00,1308.08,1308.2,1308.08,1308.2,0.01,7.55,9795.33,1
2026-07-13,2026-07-13 11:59:00,1308.2,1308.32,1308.2,1308.32,0.01,7.55,9795.33,1
2026-07-13,2026-07-13 12:00:00,1308.32,1308.45,1308.32,1308.45,0.01,7.55,9795.33,1
2026-07-13,2026-07-13 12:01:00,1308.45,1308.57,1308.45,1308.57,0.01,7.55,9795.33,1
2026-07-13,2026-07-13 12:02:00,1308.57,1308.69,1308.57,1308.69,0.01,7.55,9795.33,1
2026-07-13,2026-07-13 12:03:00,1308.69,1308.81,1308.69,1308.81,0.01,7.55,9795.33,1
2026-07-13,2026-07-13 12:04:00,1308.81,1308.93,1308.81,1308.93,0.01,7.55,9795.33,1
2026-07-13,2026-07-13 12:05:00,1308.93,1309.05,1308.93,1309.05,0.01,7.55,9795.33,1
2026-07-13,2026-07-13 12:06:00,1309.05,1309.17,1309.05,1309.17,0.01,7.55,9795.33,1
2026-07-13,2026-07-13 12:07:00,1309.17,1309.29,1309.17,1309.29,0.01,7.55,9795.33,1
2026-07-13,2026-07-13 12:08:00,1309.29,1309.41,1309.29,1309.41,0.01,7.55,9795.33,1
2026-07-13,2026-07-13 12:09:00,1309.41,1309.53,1309.41,1309.53,0.01,7.55,9795.33,1
2026-07-13,2026-07-13 12:10:00,1309.53,1309.65,1309.53,1309.65,0.01,7.55,9795.33,1
2026-07-13,2026-07-13 12:11:00,1309.65,1309.77,1309.65,1309.77,0.01,7.55,9795.33,1
2026-07-13,2026-07-13 12:12:00,1309.77,1309.89,1309.77,1309.89,0.01,7.55,9795.33,1
2026-07-13,2026-07-13 12:13:00,1309.89,1310.01,1309.89,1310.01,0.01,7.55,9795.33,1
2026-07-13,2026-07-13 12:14:00,1310.01,1310.13,1310.01,1310.13,0.01,7.55,9795.33,1
2026-07-13,2026-07-13 12:15:00,1310.13,1310.25,1310.13,1310.25,0.01,7.55,9795.33,1
2026-07-13,2026-07-13 12:16:00,1310.25,1310.37,1310.25,1310.37,0.01,7.55,9795.33,1
2026-07-13,2026-07-13 12:17:00,1310.37,1310.49,1310.37,1310.49,0.01,7.55,9795.33,1
2026-07-13,2026-07-13 12:18:00,1310.49,1310.61,1310.49,1310.61,0.01,7.55,9795.33,1
2026-07-13,2026-07-13 12:19:00,1310.61,1310.73,1310.61,1310.73,0.01,7.55,9795.33,1
2026-07-13,2026-07-13 12:20:00,1310.73,1310.85,1310.73,1310.85,0.01,7.55,9795.33,1
2026-07-13,2026-07-13 12:21:00,1310.85,1310.97,1310.85,1310.97,0.01,7.55,9795.33,1
2026-07-13,2026-07-13 12:22:00,1310.97,1311.09,1310.97,1311.09,0.01,7.55,9795.33,1
2026-07-13,2026-07-13 12:23:00,1311.09,1311.21,1311.09,1311.21,0.01,7.55,9795.33,1
2026-07-13,2026-07-13 12:24:00,1311.21,1311.34,1311.21,1311.34,0.01,7.55,9795.33,1
2026-07-13,2026-07-13 12:25:00,1311.34,1311.46,1311.34,1311.46,0.01,7.55,9795.33,1
2026-07-13,2026-07-13 12:26:00,1311.46,1311.58,1311.46,1311.58,0.01,7.55,9795.33,1
2026-07-13,2026-07-13 12:27:00,1311.58,1311.7,1311.58,1311.7,0.01,7.55,9795.33,1
2026-07-13,2026-07-13 12:28:00,1311.7,1311.82,1311.7,1311.82,0.01,7.55,9795.33,1
2026-07-13,2026-07-13 12:29:00,1311.82,1311.94,1311.82,1311.94,0.01,7.55,9795.33,1
2026-07-13,2026-07-13 12:30:00,1311.94,1312.06,1311.94,1312.06,0.01,7.55,9795.33,1
2026-07-13,2026-07-13 12:31:00,1312.06,1312.18,1312.06,1312.18,0.01,7.55,9795.33,1
2026-07-13,2026-07-13 12:32:00,1312.18,1312.3,1312.18,1312.3,0.01,7.55,9795.33,1
2026-07-13,2026-07-13 12:33:00,1312.3,1312.42,1312.3,1312.42,0.01,7.55,9795.33,1
2026-07-13,2026-07-13 12:34:00,1312.42,1312.54,1312.42,1312.54,0.01,7.55,9795.33,1
2026-07-13,2026-07-13 12:35:00,1312.54,1312.66,1312.54,1312.66,0.01,7.55,9795.33,1
2026-07-13,2026-07-13 12:36:00,1312.66,1312.78,1312.66,1312.78,0.01,7.55,9795.33,1
2026-07-13,2026-07-13 12:37:00,1312.78,1312.9,1312.78,1312.9,0.01,7.55,9795.33,1
2026-07-13,2026-07-13 12:38:00,1312.9,1313.02,1312.9,1313.02,0.01,7.55,9795.33,1
2026-07-13,2026-07-13 12:39:00,1313.02,1313.14,1313.02,1313.14,0.01,7.55,9795.33,1
2026-07-13,2026-07-13 12:40:00,1313.14,1313.26,1313.14,1313.26,0.01,7.55,9795.33,1
2026-07-13,2026-07-13 12:41:00,1313.26,1313.38,1313.26,1313.38,0.01,7.55,9795.33,1
2026-07-13,2026-07-13 12:42:00,1313.38,1313.5,1313.38,1313.5,0.01,7.55,9795.33,1
2026-07-13,2026-07-13 12:43:00,1313.5,1313.62,1313.5,1313.62,0.01,7.55,9795.33,1
2026-07-13,2026-07-13 12:44:00,1313.62,1313.74,1313.62,1313.74,0.01,7.55,9795.33,1
2026-07-13,2026-07-13 12:45:00,1313.74,1313.86,1313.74,1313.86,0.01,7.55,9795.33,1
2026-07-13,2026-07-13 12:46:00,1313.86,1313.98,1313.86,1313.98,0.01,7.55,9795.33,1
2026-07-13,2026-07-13 12:47:00,1313.98,1314.11,1313.98,1314.11,0.01,7.55,9795.33,1
2026-07-13,2026-07-13 12:48:00,1314.11,1314.23,1314.11,1314.23,0.01,7.55,9795.33,1
2026-07-13,2026-07-13 12:49:00,1314.23,1314.35,1314.23,1314.35,0.01,7.55,9795.33,1
2026-07-13,2026-07-13 12:50:00,1314.35,1314.47,1314.35,1314.47,0.01,7.55,9795.33,1
2026-07-13,2026-07-13 12:51:00,1314.47,1314.59,1314.47,1314.59,0.01,7.55,9795.33,1
2026-07-13,2026-07-13 12:52:00,1314.59,1314.71,1314.59,1314.71,0.01,7.55,9795.33,1
2026-07-13,2026-07-13 12:53:00,1314.71,1314.83,1314.71,1314.83,0.01,7.55,9795.33,1
2026-07-13,2026-07-13 12:54:00,1314.83,1314.95,1314.83,1314.95,0.01,7.55,9795.33,1
2026-07-13,2026-07-13 12:55:00,1314.95,1315.07,1314.95,1315.07,0.01,7.55,9795.33,1
2026-07-13,2026-07-13 12:56:00,1315.07,1315.19,1315.07,1315.19,0.01,7.55,9795.33,1
2026-07-13,2026-07-13 12:57:00,1315.19,1315.31,1315.19,1315.31,0.01,7.55,9795.33,1
2026-07-13,2026-07-13 12:58:00,1315.31,1315.43,1315.31,1315.43,0.01,7.55,9795.33,1
2026-07-13,2026-07-13 12:59:00,1315.43,1315.55,1315.43,1315.55,0.01,7.55,9795.33,1
2026-07-13,2026-07-13 13:00:00,1315.55,1335.0,1280.0,1315.67,0.01,7.55,9795.33,1
2026-07-13,2026-07-13 13:01:00,1315.67,1315.79,1315.67,1315.79,0.01,7.55,9795.33,1
2026-07-13,2026-07-13 13:02:00,1315.79,1315.91,1315.79,1315.91,0.01,7.55,9795.33,1
2026-07-13,2026-07-13 13:03:00,1315.91,1316.03,1315.91,1316.03,0.01,7.55,9795.33,1
2026-07-13,2026-07-13 13:04:00,1316.03,1316.15,1316.03,1316.15,0.01,7.55,9795.33,1
2026-07-13,2026-07-13 13:05:00,1316.15,1316.27,1316.15,1316.27,0.01,7.55,9795.33,1
2026-07-13,2026-07-13 13:06:00,1316.27,1316.39,1316.27,1316.39,0.01,7.55,9795.33,1
2026-07-13,2026-07-13 13:07:00,1316.39,1316.51,1316.39,1316.51,0.01,7.55,9795.33,1
2026-07-13,2026-07-13 13:08:00,1316.51,1316.63,1316.51,1316.63,0.01,7.55,9795.33,1
2026-07-13,2026-07-13 13:09:00,1316.63,1316.75,1316.63,1316.75,0.01,7.55,9795.33,1
2026-07-13,2026-07-13 13:10:00,1316.75,1316.87,1316.75,1316.87,0.01,7.55,9795.33,1
2026-07-13,2026-07-13 13:11:00,1316.87,1316.99,1316.87,1316.99,0.01,7.55,9795.33,1
2026-07-13,2026-07-13 13:12:00,1316.99,1317.12,1316.99,1317.12,0.01,7.55,9795.33,1
2026-07-13,2026-07-13 13:13:00,1317.12,1317.24,1317.12,1317.24,0.01,7.55,9795.33,1
2026-07-13,2026-07-13 13:14:00,1317.24,1317.36,1317.24,1317.36,0.01,7.55,9795.33,1
2026-07-13,2026-07-13 13:15:00,1317.36,1317.48,1317.36,1317.48,0.01,7.55,9795.33,1
2026-07-13,2026-07-13 13:16:00,1317.48,1317.6,1317.48,1317.6,0.01,7.55,9795.33,1
2026-07-13,2026-07-13 13:17:00,1317.6,1317.72,1317.6,1317.72,0.01,7.55,9795.33,1
2026-07-13,2026-07-13 13:18:00,1317.72,1317.84,1317.72,1317.84,0.01,7.55,9795.33,1
2026-07-13,2026-07-13 13:19:00,1317.84,1317.96,1317.84,1317.96,0.01,7.55,9795.33,1
2026-07-13,2026-07-13 13:20:00,1317.96,1318.08,1317.96,1318.08,0.01,7.55,9795.33,1
2026-07-13,2026-07-13 13:21:00,1318.08,1318.2,1318.08,1318.2,0.01,7.55,9795.33,1
2026-07-13,2026-07-13 13:22:00,1318.2,1318.32,1318.2,1318.32,0.01,7.55,9795.33,1
2026-07-13,2026-07-13 13:23:00,1318.32,1318.44,1318.32,1318.44,0.01,7.55,9795.33,1
2026-07-13,2026-07-13 13:24:00,1318.44,1318.56,1318.44,1318.56,0.01,7.55,9795.33,1
2026-07-13,2026-07-13 13:25:00,1318.56,1318.68,1318.56,1318.68,0.01,7.55,9795.33,1
2026-07-13,2026-07-13 13:26:00,1318.68,1318.8,1318.68,1318.8,0.01,7.55,9795.33,1
2026-07-13,2026-07-13 13:27:00,1318.8,1318.92,1318.8,1318.92,0.01,7.55,9795.33,1
2026-07-13,2026-07-13 13:28:00,1318.92,1319.04,1318.92,1319.04,0.01,7.55,9795.33,1
2026-07-13,2026-07-13 13:29:00,1319.04,1319.16,1319.04,1319.16,0.01,7.55,9795.33,1
2026-07-13,2026-07-13 13:30:00,1319.16,1319.28,1319.16,1319.28,0.01,7.55,9795.33,1
2026-07-13,2026-07-13 13:31:00,1319.28,1319.4,1319.28,1319.4,0.01,7.55,9795.33,1
2026-07-13,2026-07-13 13:32:00,1319.4,1319.52,1319.4,1319.52,0.01,7.55,9795.33,1
2026-07-13,2026-07-13 13:33:00,1319.52,1319.64,1319.52,1319.64,0.01,7.55,9795.33,1
2026-07-13,2026-07-13 13:34:00,1319.64,1319.76,1319.64,1319.76,0.01,7.55,9795.33,1
2026-07-13,2026-07-13 13:35:00,1319.76,1319.88,1319.76,1319.88,0.01,7.55,9795.33,1
2026-07-13,2026-07-13 13:36:00,1319.88,1320.01,1319.88,1320.01,0.01,7.55,9795.33,1
2026-07-13,2026-07-13 13:37:00,1320.01,1320.13,1320.01,1320.13,0.01,7.55,9795.33,1
2026-07-13,2026-07-13 13:38:00,1320.13,1320.25,1320.13,1320.25,0.01,7.55,9795.33,1
2026-07-13,2026-07-13 13:39:00,1320.25,1320.37,1320.25,1320.37,0.01,7.55,9795.33,1
2026-07-13,2026-07-13 13:40:00,1320.37,1320.49,1320.37,1320.49,0.01,7.55,9795.33,1
2026-07-13,2026-07-13 13:41:00,1320.49,1320.61,1320.49,1320.61,0.01,7.55,9795.33,1
2026-07-13,2026-07-13 13:42:00,1320.61,1320.73,1320.61,1320.73,0.01,7.55,9795.33,1
2026-07-13,2026-07-13 13:43:00,1320.73,1320.85,1320.73,1320.85,0.01,7.55,9795.33,1
2026-07-13,2026-07-13 13:44:00,1320.85,1320.97,1320.85,1320.97,0.01,7.55,9795.33,1
2026-07-13,2026-07-13 13:45:00,1320.97,1321.09,1320.97,1321.09,0.01,7.55,9795.33,1
2026-07-13,2026-07-13 13:46:00,1321.09,1321.21,1321.09,1321.21,0.01,7.55,9795.33,1
2026-07-13,2026-07-13 13:47:00,1321.21,1321.33,1321.21,1321.33,0.01,7.55,9795.33,1
2026-07-13,2026-07-13 13:48:00,1321.33,1321.45,1321.33,1321.45,0.01,7.55,9795.33,1
2026-07-13,2026-07-13 13:49:00,1321.45,1321.57,1321.45,1321.57,0.01,7.55,9795.33,1
2026-07-13,2026-07-13 13:50:00,1321.57,1321.69,1321.57,1321.69,0.01,7.55,9795.33,1
2026-07-13,2026-07-13 13:51:00,1321.69,1321.81,1321.69,1321.81,0.01,7.55,9795.33,1
2026-07-13,2026-07-13 13:52:00,1321.81,1321.93,1321.81,1321.93,0.01,7.55,9795.33,1
2026-07-13,2026-07-13 13:53:00,1321.93,1322.05,1321.93,1322.05,0.01,7.55,9795.33,1
2026-07-13,2026-07-13 13:54:00,1322.05,1322.17,1322.05,1322.17,0.01,7.55,9795.33,1
2026-07-13,2026-07-13 13:55:00,1322.17,1322.29,1322.17,1322.29,0.01,7.55,9795.33,1
2026-07-13,2026-07-13 13:56:00,1322.29,1322.41,1322.29,1322.41,0.01,7.55,9795.33,1
2026-07-13,2026-07-13 13:57:00,1322.41,1322.53,1322.41,1322.53,0.01,7.55,9795.33,1
2026-07-13,2026-07-13 13:58:00,1322.53,1322.65,1322.53,1322.65,0.01,7.55,9795.33,1
2026-07-13,2026-07-13 13:59:00,1322.65,1322.78,1322.65,1322.78,0.01,7.55,9795.33,1
2026-07-13,2026-07-13 14:00:00,1322.78,1322.9,1322.78,1322.9,0.01,7.55,9795.33,1
2026-07-13,2026-07-13 14:01:00,1322.9,1323.02,1322.9,1323.02,0.01,7.55,9795.33,1
2026-07-13,2026-07-13 14:02:00,1323.02,1323.14,1323.02,1323.14,0.01,7.55,9795.33,1
2026-07-13,2026-07-13 14:03:00,1323.14,1323.26,1323.14,1323.26,0.01,7.55,9795.33,1
2026-07-13,2026-07-13 14:04:00,1323.26,1323.38,1323.26,1323.38,0.01,7.55,9795.33,1
2026-07-13,2026-07-13 14:05:00,1323.38,1323.5,1323.38,1323.5,0.01,7.55,9795.33,1
2026-07-13,2026-07-13 14:06:00,1323.5,1323.62,1323.5,1323.62,0.01,7.55,9795.33,1
2026-07-13,2026-07-13 14:07:00,1323.62,1323.74,1323.62,1323.74,0.01,7.55,9795.33,1
2026-07-13,2026-07-13 14:08:00,1323.74,1323.86,1323.74,1323.86,0.01,7.55,9795.33,1
2026-07-13,2026-07-13 14:09:00,1323.86,1323.98,1323.86,1323.98,0.01,7.55,9795.33,1
2026-07-13,2026-07-13 14:10:00,1323.98,1324.1,1323.98,1324.1,0.01,7.55,9795.33,1
2026-07-13,2026-07-13 14:11:00,1324.1,1324.22,1324.1,1324.22,0.01,7.55,9795.33,1
2026-07-13,2026-07-13 14:12:00,1324.22,1324.34,1324.22,1324.34,0.01,7.55,9795.33,1
2026-07-13,2026-07-13 14:13:00,1324.34,1324.46,1324.34,1324.46,0.01,7.55,9795.33,1
2026-07-13,2026-07-13 14:14:00,1324.46,1324.58,1324.46,1324.58,0.01,7.55,9795.33,1
2026-07-13,2026-07-13 14:15:00,1324.58,1324.7,1324.58,1324.7,0.01,7.55,9795.33,1
2026-07-13,2026-07-13 14:16:00,1324.7,1324.82,1324.7,1324.82,0.01,7.55,9795.33,1
2026-07-13,2026-07-13 14:17:00,1324.82,1324.94,1324.82,1324.94,0.01,7.55,9795.33,1
2026-07-13,2026-07-13 14:18:00,1324.94,1325.06,1324.94,1325.06,0.01,7.55,9795.33,1
2026-07-13,2026-07-13 14:19:00,1325.06,1325.18,1325.06,1325.18,0.01,7.55,9795.33,1
2026-07-13,2026-07-13 14:20:00,1325.18,1325.3,1325.18,1325.3,0.01,7.55,9795.33,1
2026-07-13,2026-07-13 14:21:00,1325.3,1325.42,1325.3,1325.42,0.01,7.55,9795.33,1
2026-07-13,2026-07-13 14:22:00,1325.42,1325.54,1325.42,1325.54,0.01,7.55,9795.33,1
2026-07-13,2026-07-13 14:23:00,1325.54,1325.66,1325.54,1325.66,0.01,7.55,9795.33,1
2026-07-13,2026-07-13 14:24:00,1325.66,1325.79,1325.66,1325.79,0.01,7.55,9795.33,1
2026-07-13,2026-07-13 14:25:00,1325.79,1325.91,1325.79,1325.91,0.01,7.55,9795.33,1
2026-07-13,2026-07-13 14:26:00,1325.91,1326.03,1325.91,1326.03,0.01,7.55,9795.33,1
2026-07-13,2026-07-13 14:27:00,1326.03,1326.15,1326.03,1326.15,0.01,7.55,9795.33,1
2026-07-13,2026-07-13 14:28:00,1326.15,1326.27,1326.15,1326.27,0.01,7.55,9795.33,1
2026-07-13,2026-07-13 14:29:00,1326.27,1326.39,1326.27,1326.39,0.01,7.55,9795.33,1
2026-07-13,2026-07-13 14:30:00,1326.39,1326.51,1326.39,1326.51,0.01,7.55,9795.33,1
2026-07-13,2026-07-13 14:31:00,1326.51,1326.63,1326.51,1326.63,0.01,7.55,9795.33,1
2026-07-13,2026-07-13 14:32:00,1326.63,1326.75,1326.63,1326.75,0.01,7.55,9795.33,1
2026-07-13,2026-07-13 14:33:00,1326.75,1326.87,1326.75,1326.87,0.01,7.55,9795.33,1
2026-07-13,2026-07-13 14:34:00,1326.87,1326.99,1326.87,1326.99,0.01,7.55,9795.33,1
2026-07-13,2026-07-13 14:35:00,1326.99,1327.11,1326.99,1327.11,0.01,7.55,9795.33,1
2026-07-13,2026-07-13 14:36:00,1327.11,1327.23,1327.11,1327.23,0.01,7.55,9795.33,1
2026-07-13,2026-07-13 14:37:00,1327.23,1327.35,1327.23,1327.35,0.01,7.55,9795.33,1
2026-07-13,2026-07-13 14:38:00,1327.35,1327.47,1327.35,1327.47,0.01,7.55,9795.33,1
2026-07-13,2026-07-13 14:39:00,1327.47,1327.59,1327.47,1327.59,0.01,7.55,9795.33,1
2026-07-13,2026-07-13 14:40:00,1327.59,1327.71,1327.59,1327.71,0.01,7.55,9795.33,1
2026-07-13,2026-07-13 14:41:00,1327.71,1327.83,1327.71,1327.83,0.01,7.55,9795.33,1
2026-07-13,2026-07-13 14:42:00,1327.83,1327.95,1327.83,1327.95,0.01,7.55,9795.33,1
2026-07-13,2026-07-13 14:43:00,1327.95,1328.07,1327.95,1328.07,0.01,7.55,9795.33,1
2026-07-13,2026-07-13 14:44:00,1328.07,1328.19,1328.07,1328.19,0.01,7.55,9795.33,1
2026-07-13,2026-07-13 14:45:00,1328.19,1328.31,1328.19,1328.31,0.01,7.55,9795.33,1
2026-07-13,2026-07-13 14:46:00,1328.31,1328.43,1328.31,1328.43,0.01,7.55,9795.33,1
2026-07-13,2026-07-13 14:47:00,1328.43,1328.56,1328.43,1328.56,0.01,7.55,9795.33,1
2026-07-13,2026-07-13 14:48:00,1328.56,1328.68,1328.56,1328.68,0.01,7.55,9795.33,1
2026-07-13,2026-07-13 14:49:00,1328.68,1328.8,1328.68,1328.8,0.01,7.55,9795.33,1
2026-07-13,2026-07-13 14:50:00,1328.8,1328.92,1328.8,1328.92,0.01,7.55,9795.33,1
2026-07-13,2026-07-13 14:51:00,1328.92,1329.04,1328.92,1329.04,0.01,7.55,9795.33,1
2026-07-13,2026-07-13 14:52:00,1329.04,1329.16,1329.04,1329.16,0.01,7.55,9795.33,1
2026-07-13,2026-07-13 14:53:00,1329.16,1329.28,1329.16,1329.28,0.01,7.55,9795.33,1
2026-07-13,2026-07-13 14:54:00,1329.28,1329.4,1329.28,1329.4,0.01,7.55,9795.33,1
2026-07-13,2026-07-13 14:55:00,1329.4,1329.52,1329.4,1329.52,0.01,7.55,9795.33,1
2026-07-13,2026-07-13 14:56:00,1329.52,1329.64,1329.52,1329.64,0.01,7.55,9795.33,1
2026-07-13,2026-07-13 14:57:00,1329.64,1329.76,1329.64,1329.76,0.01,7.55,9795.33,1
2026-07-13,2026-07-13 14:58:00,1329.76,1329.88,1329.76,1329.88,0.01,7.55,9795.33,1
2026-07-13,2026-07-13 14:59:00,1329.88,1330.0,1329.88,1330.0,0.01,7.55,9795.33,1
2026-07-13,2026-07-13 15:00:00,1330.0,1335.0,1280.0,1330.0,0.0,7.55,9795.33,0
2026-07-14,2026-07-14 11:00:00,1300.1,1313.27,1300.07,1300.28,0.01,5.47,7156.52,1
2026-07-14,2026-07-14 11:01:00,1300.28,1300.47,1300.28,1300.47,0.01,5.47,7156.52,1
2026-07-14,2026-07-14 11:02:00,1300.47,1300.65,1300.47,1300.65,0.01,5.47,7156.52,1
2026-07-14,2026-07-14 11:03:00,1300.65,1300.83,1300.65,1300.83,0.01,5.47,7156.52,1
2026-07-14,2026-07-14 11:04:00,1300.83,1301.01,1300.83,1301.01,0.01,5.47,7156.52,1
2026-07-14,2026-07-14 11:05:00,1301.01,1301.2,1301.01,1301.2,0.01,5.47,7156.52,1
2026-07-14,2026-07-14 11:06:00,1301.2,1301.38,1301.2,1301.38,0.01,5.47,7156.52,1
2026-07-14,2026-07-14 11:07:00,1301.38,1301.56,1301.38,1301.56,0.01,5.47,7156.52,1
2026-07-14,2026-07-14 11:08:00,1301.56,1301.75,1301.56,1301.75,0.01,5.47,7156.52,1
2026-07-14,2026-07-14 11:09:00,1301.75,1301.93,1301.75,1301.93,0.01,5.47,7156.52,1
2026-07-14,2026-07-14 11:10:00,1301.93,1302.11,1301.93,1302.11,0.01,5.47,7156.52,1
2026-07-14,2026-07-14 11:11:00,1302.11,1302.29,1302.11,1302.29,0.01,5.47,7156.52,1
2026-07-14,2026-07-14 11:12:00,1302.29,1302.48,1302.29,1302.48,0.01,5.47,7156.52,1
2026-07-14,2026-07-14 11:13:00,1302.48,1302.66,1302.48,1302.66,0.01,5.47,7156.52,1
2026-07-14,2026-07-14 11:14:00,1302.66,1302.84,1302.66,1302.84,0.01,5.47,7156.52,1
2026-07-14,2026-07-14 11:15:00,1302.84,1303.03,1302.84,1303.03,0.01,5.47,7156.52,1
2026-07-14,2026-07-14 11:16:00,1303.03,1303.21,1303.03,1303.21,0.01,5.47,7156.52,1
2026-07-14,2026-07-14 11:17:00,1303.21,1303.39,1303.21,1303.39,0.01,5.47,7156.52,1
2026-07-14,2026-07-14 11:18:00,1303.39,1303.58,1303.39,1303.58,0.01,5.47,7156.52,1
2026-07-14,2026-07-14 11:19:00,1303.58,1303.76,1303.58,1303.76,0.01,5.47,7156.52,1
2026-07-14,2026-07-14 11:20:00,1303.76,1303.94,1303.76,1303.94,0.01,5.47,7156.52,1
2026-07-14,2026-07-14 11:21:00,1303.94,1304.12,1303.94,1304.12,0.01,5.47,7156.52,1
2026-07-14,2026-07-14 11:22:00,1304.12,1304.31,1304.12,1304.31,0.01,5.47,7156.52,1
2026-07-14,2026-07-14 11:23:00,1304.31,1304.49,1304.31,1304.49,0.01,5.47,7156.52,1
2026-07-14,2026-07-14 11:24:00,1304.49,1304.67,1304.49,1304.67,0.01,5.47,7156.52,1
2026-07-14,2026-07-14 11:25:00,1304.67,1304.86,1304.67,1304.86,0.01,5.47,7156.52,1
2026-07-14,2026-07-14 11:26:00,1304.86,1305.04,1304.86,1305.04,0.01,5.47,7156.52,1
2026-07-14,2026-07-14 11:27:00,1305.04,1305.22,1305.04,1305.22,0.01,5.47,7156.52,1
2026-07-14,2026-07-14 11:28:00,1305.22,1305.4,1305.22,1305.4,0.01,5.47,7156.52,1
2026-07-14,2026-07-14 11:29:00,1305.4,1305.59,1305.4,1305.59,0.01,5.47,7156.52,1
2026-07-14,2026-07-14 11:30:00,1305.59,1305.77,1305.59,1305.77,0.01,5.47,7156.52,1
2026-07-14,2026-07-14 11:31:00,1305.77,1305.95,1305.77,1305.95,0.01,5.47,7156.52,1
2026-07-14,2026-07-14 11:32:00,1305.95,1306.14,1305.95,1306.14,0.01,5.47,7156.52,1
2026-07-14,2026-07-14 11:33:00,1306.14,1306.32,1306.14,1306.32,0.01,5.47,7156.52,1
2026-07-14,2026-07-14 11:34:00,1306.32,1306.5,1306.32,1306.5,0.01,5.47,7156.52,1
2026-07-14,2026-07-14 11:35:00,1306.5,1306.68,1306.5,1306.68,0.01,5.47,7156.52,1
2026-07-14,2026-07-14 11:36:00,1306.68,1306.87,1306.68,1306.87,0.01,5.47,7156.52,1
2026-07-14,2026-07-14 11:37:00,1306.87,1307.05,1306.87,1307.05,0.01,5.47,7156.52,1
2026-07-14,2026-07-14 11:38:00,1307.05,1307.23,1307.05,1307.23,0.01,5.47,7156.52,1
2026-07-14,2026-07-14 11:39:00,1307.23,1307.42,1307.23,1307.42,0.01,5.47,7156.52,1
2026-07-14,2026-07-14 11:40:00,1307.42,1307.6,1307.42,1307.6,0.01,5.47,7156.52,1
2026-07-14,2026-07-14 11:41:00,1307.6,1307.78,1307.6,1307.78,0.01,5.47,7156.52,1
2026-07-14,2026-07-14 11:42:00,1307.78,1307.97,1307.78,1307.97,0.01,5.47,7156.52,1
2026-07-14,2026-07-14 11:43:00,1307.97,1308.15,1307.97,1308.15,0.01,5.47,7156.52,1
2026-07-14,2026-07-14 11:44:00,1308.15,1308.33,1308.15,1308.33,0.01,5.47,7156.52,1
2026-07-14,2026-07-14 11:45:00,1308.33,1308.51,1308.33,1308.51,0.01,5.47,7156.52,1
2026-07-14,2026-07-14 11:46:00,1308.51,1308.7,1308.51,1308.7,0.01,5.47,7156.52,1
2026-07-14,2026-07-14 11:47:00,1308.7,1308.88,1308.7,1308.88,0.01,5.47,7156.52,1
2026-07-14,2026-07-14 11:48:00,1308.88,1309.06,1308.88,1309.06,0.01,5.47,7156.52,1
2026-07-14,2026-07-14 11:49:00,1309.06,1309.25,1309.06,1309.25,0.01,5.47,7156.52,1
2026-07-14,2026-07-14 11:50:00,1309.25,1309.43,1309.25,1309.43,0.01,5.47,7156.52,1
2026-07-14,2026-07-14 11:51:00,1309.43,1309.61,1309.43,1309.61,0.01,5.47,7156.52,1
2026-07-14,2026-07-14 11:52:00,1309.61,1309.79,1309.61,1309.79,0.01,5.47,7156.52,1
2026-07-14,2026-07-14 11:53:00,1309.79,1309.98,1309.79,1309.98,0.01,5.47,7156.52,1
2026-07-14,2026-07-14 11:54:00,1309.98,1310.16,1309.98,1310.16,0.01,5.47,7156.52,1
2026-07-14,2026-07-14 11:55:00,1310.16,1310.34,1310.16,1310.34,0.01,5.47,7156.52,1
2026-07-14,2026-07-14 11:56:00,1310.34,1310.53,1310.34,1310.53,0.01,5.47,7156.52,1
2026-07-14,2026-07-14 11:57:00,1310.53,1310.71,1310.53,1310.71,0.01,5.47,7156.52,1
2026-07-14,2026-07-14 11:58:00,1310.71,1310.89,1310.71,1310.89,0.01,5.47,7156.52,1
2026-07-14,2026-07-14 11:59:00,1310.89,1311.07,1310.89,1311.07,0.01,5.47,7156.52,1
2026-07-14,2026-07-14 12:00:00,1311.07,1311.26,1311.07,1311.26,0.01,5.47,7156.52,1
2026-07-14,2026-07-14 12:01:00,1311.26,1311.44,1311.26,1311.44,0.01,5.47,7156.52,1
2026-07-14,2026-07-14 12:02:00,1311.44,1311.62,1311.44,1311.62,0.01,5.47,7156.52,1
2026-07-14,2026-07-14 12:03:00,1311.62,1311.81,1311.62,1311.81,0.01,5.47,7156.52,1
2026-07-14,2026-07-14 12:04:00,1311.81,1311.99,1311.81,1311.99,0.01,5.47,7156.52,1
2026-07-14,2026-07-14 12:05:00,1311.99,1312.17,1311.99,1312.17,0.01,5.47,7156.52,1
2026-07-14,2026-07-14 12:06:00,1312.17,1312.36,1312.17,1312.36,0.01,5.47,7156.52,1
2026-07-14,2026-07-14 12:07:00,1312.36,1312.54,1312.36,1312.54,0.01,5.47,7156.52,1
2026-07-14,2026-07-14 12:08:00,1312.54,1312.72,1312.54,1312.72,0.01,5.47,7156.52,1
2026-07-14,2026-07-14 12:09:00,1312.72,1312.9,1312.72,1312.9,0.01,5.47,7156.52,1
2026-07-14,2026-07-14 12:10:00,1312.9,1313.09,1312.9,1313.09,0.01,5.47,7156.52,1
2026-07-14,2026-07-14 12:11:00,1313.09,1313.27,1313.09,1313.27,0.01,5.47,7156.52,1
2026-07-14,2026-07-14 12:12:00,1313.27,1313.45,1313.27,1313.45,0.01,5.47,7156.52,1
2026-07-14,2026-07-14 12:13:00,1313.45,1313.64,1313.45,1313.64,0.01,5.47,7156.52,1
2026-07-14,2026-07-14 12:14:00,1313.64,1313.82,1313.64,1313.82,0.01,5.47,7156.52,1
2026-07-14,2026-07-14 12:15:00,1313.82,1314.0,1313.82,1314.0,0.01,5.47,7156.52,1
2026-07-14,2026-07-14 12:16:00,1314.0,1314.18,1314.0,1314.18,0.01,5.47,7156.52,1
2026-07-14,2026-07-14 12:17:00,1314.18,1314.37,1314.18,1314.37,0.01,5.47,7156.52,1
2026-07-14,2026-07-14 12:18:00,1314.37,1314.55,1314.37,1314.55,0.01,5.47,7156.52,1
2026-07-14,2026-07-14 12:19:00,1314.55,1314.73,1314.55,1314.73,0.01,5.47,7156.52,1
2026-07-14,2026-07-14 12:20:00,1314.73,1314.92,1314.73,1314.92,0.01,5.47,7156.52,1
2026-07-14,2026-07-14 12:21:00,1314.92,1315.1,1314.92,1315.1,0.01,5.47,7156.52,1
2026-07-14,2026-07-14 12:22:00,1315.1,1315.28,1315.1,1315.28,0.01,5.47,7156.52,1
2026-07-14,2026-07-14 12:23:00,1315.28,1315.46,1315.28,1315.46,0.01,5.47,7156.52,1
2026-07-14,2026-07-14 12:24:00,1315.46,1315.65,1315.46,1315.65,0.01,5.47,7156.52,1
2026-07-14,2026-07-14 12:25:00,1315.65,1315.83,1315.65,1315.83,0.01,5.47,7156.52,1
2026-07-14,2026-07-14 12:26:00,1315.83,1316.01,1315.83,1316.01,0.01,5.47,7156.52,1
2026-07-14,2026-07-14 12:27:00,1316.01,1316.2,1316.01,1316.2,0.01,5.47,7156.52,1
2026-07-14,2026-07-14 12:28:00,1316.2,1316.38,1316.2,1316.38,0.01,5.47,7156.52,1
2026-07-14,2026-07-14 12:29:00,1316.38,1316.56,1316.38,1316.56,0.01,5.47,7156.52,1
2026-07-14,2026-07-14 12:30:00,1316.56,1316.75,1316.56,1316.75,0.01,5.47,7156.52,1
2026-07-14,2026-07-14 12:31:00,1316.75,1316.93,1316.75,1316.93,0.01,5.47,7156.52,1
2026-07-14,2026-07-14 12:32:00,1316.93,1317.11,1316.93,1317.11,0.01,5.47,7156.52,1
2026-07-14,2026-07-14 12:33:00,1317.11,1317.29,1317.11,1317.29,0.01,5.47,7156.52,1
2026-07-14,2026-07-14 12:34:00,1317.29,1317.48,1317.29,1317.48,0.01,5.47,7156.52,1
2026-07-14,2026-07-14 12:35:00,1317.48,1317.66,1317.48,1317.66,0.01,5.47,7156.52,1
2026-07-14,2026-07-14 12:36:00,1317.66,1317.84,1317.66,1317.84,0.01,5.47,7156.52,1
2026-07-14,2026-07-14 12:37:00,1317.84,1318.03,1317.84,1318.03,0.01,5.47,7156.52,1
2026-07-14,2026-07-14 12:38:00,1318.03,1318.21,1318.03,1318.21,0.01,5.47,7156.52,1
2026-07-14,2026-07-14 12:39:00,1318.21,1318.39,1318.21,1318.39,0.01,5.47,7156.52,1
2026-07-14,2026-07-14 12:40:00,1318.39,1318.57,1318.39,1318.57,0.01,5.47,7156.52,1
2026-07-14,2026-07-14 12:41:00,1318.57,1318.76,1318.57,1318.76,0.01,5.47,7156.52,1
2026-07-14,2026-07-14 12:42:00,1318.76,1318.94,1318.76,1318.94,0.01,5.47,7156.52,1
2026-07-14,2026-07-14 12:43:00,1318.94,1319.12,1318.94,1319.12,0.01,5.47,7156.52,1
2026-07-14,2026-07-14 12:44:00,1319.12,1319.31,1319.12,1319.31,0.01,5.47,7156.52,1
2026-07-14,2026-07-14 12:45:00,1319.31,1319.49,1319.31,1319.49,0.01,5.47,7156.52,1
2026-07-14,2026-07-14 12:46:00,1319.49,1319.67,1319.49,1319.67,0.01,5.47,7156.52,1
2026-07-14,2026-07-14 12:47:00,1319.67,1319.86,1319.67,1319.86,0.01,5.47,7156.52,1
2026-07-14,2026-07-14 12:48:00,1319.86,1320.04,1319.86,1320.04,0.01,5.47,7156.52,1
2026-07-14,2026-07-14 12:49:00,1320.04,1320.22,1320.04,1320.22,0.01,5.47,7156.52,1
2026-07-14,2026-07-14 12:50:00,1320.22,1320.4,1320.22,1320.4,0.01,5.47,7156.52,1
2026-07-14,2026-07-14 12:51:00,1320.4,1320.59,1320.4,1320.59,0.01,5.47,7156.52,1
2026-07-14,2026-07-14 12:52:00,1320.59,1320.77,1320.59,1320.77,0.01,5.47,7156.52,1
2026-07-14,2026-07-14 12:53:00,1320.77,1320.95,1320.77,1320.95,0.01,5.47,7156.52,1
2026-07-14,2026-07-14 12:54:00,1320.95,1321.14,1320.95,1321.14,0.01,5.47,7156.52,1
2026-07-14,2026-07-14 12:55:00,1321.14,1321.32,1321.14,1321.32,0.01,5.47,7156.52,1
2026-07-14,2026-07-14 12:56:00,1321.32,1321.5,1321.32,1321.5,0.01,5.47,7156.52,1
2026-07-14,2026-07-14 12:57:00,1321.5,1321.68,1321.5,1321.68,0.01,5.47,7156.52,1
2026-07-14,2026-07-14 12:58:00,1321.68,1321.87,1321.68,1321.87,0.01,5.47,7156.52,1
2026-07-14,2026-07-14 12:59:00,1321.87,1322.05,1321.87,1322.05,0.01,5.47,7156.52,1
2026-07-14,2026-07-14 13:00:00,1322.05,1344.0,1300.0,1322.23,0.01,5.47,7156.52,1
2026-07-14,2026-07-14 13:01:00,1322.23,1322.42,1322.23,1322.42,0.01,5.47,7156.52,1
2026-07-14,2026-07-14 13:02:00,1322.42,1322.6,1322.42,1322.6,0.01,5.47,7156.52,1
2026-07-14,2026-07-14 13:03:00,1322.6,1322.78,1322.6,1322.78,0.01,5.47,7156.52,1
2026-07-14,2026-07-14 13:04:00,1322.78,1322.96,1322.78,1322.96,0.01,5.47,7156.52,1
2026-07-14,2026-07-14 13:05:00,1322.96,1323.15,1322.96,1323.15,0.01,5.47,7156.52,1
2026-07-14,2026-07-14 13:06:00,1323.15,1323.33,1323.15,1323.33,0.01,5.47,7156.52,1
2026-07-14,2026-07-14 13:07:00,1323.33,1323.51,1323.33,1323.51,0.01,5.47,7156.52,1
2026-07-14,2026-07-14 13:08:00,1323.51,1323.7,1323.51,1323.7,0.01,5.47,7156.52,1
2026-07-14,2026-07-14 13:09:00,1323.7,1323.88,1323.7,1323.88,0.01,5.47,7156.52,1
2026-07-14,2026-07-14 13:10:00,1323.88,1324.06,1323.88,1324.06,0.01,5.47,7156.52,1
2026-07-14,2026-07-14 13:11:00,1324.06,1324.24,1324.06,1324.24,0.01,5.47,7156.52,1
2026-07-14,2026-07-14 13:12:00,1324.24,1324.43,1324.24,1324.43,0.01,5.47,7156.52,1
2026-07-14,2026-07-14 13:13:00,1324.43,1324.61,1324.43,1324.61,0.01,5.47,7156.52,1
2026-07-14,2026-07-14 13:14:00,1324.61,1324.79,1324.61,1324.79,0.01,5.47,7156.52,1
2026-07-14,2026-07-14 13:15:00,1324.79,1324.98,1324.79,1324.98,0.01,5.47,7156.52,1
2026-07-14,2026-07-14 13:16:00,1324.98,1325.16,1324.98,1325.16,0.01,5.47,7156.52,1
2026-07-14,2026-07-14 13:17:00,1325.16,1325.34,1325.16,1325.34,0.01,5.47,7156.52,1
2026-07-14,2026-07-14 13:18:00,1325.34,1325.53,1325.34,1325.53,0.01,5.47,7156.52,1
2026-07-14,2026-07-14 13:19:00,1325.53,1325.71,1325.53,1325.71,0.01,5.47,7156.52,1
2026-07-14,2026-07-14 13:20:00,1325.71,1325.89,1325.71,1325.89,0.01,5.47,7156.52,1
2026-07-14,2026-07-14 13:21:00,1325.89,1326.07,1325.89,1326.07,0.01,5.47,7156.52,1
2026-07-14,2026-07-14 13:22:00,1326.07,1326.26,1326.07,1326.26,0.01,5.47,7156.52,1
2026-07-14,2026-07-14 13:23:00,1326.26,1326.44,1326.26,1326.44,0.01,5.47,7156.52,1
2026-07-14,2026-07-14 13:24:00,1326.44,1326.62,1326.44,1326.62,0.01,5.47,7156.52,1
2026-07-14,2026-07-14 13:25:00,1326.62,1326.81,1326.62,1326.81,0.01,5.47,7156.52,1
2026-07-14,2026-07-14 13:26:00,1326.81,1326.99,1326.81,1326.99,0.01,5.47,7156.52,1
2026-07-14,2026-07-14 13:27:00,1326.99,1327.17,1326.99,1327.17,0.01,5.47,7156.52,1
2026-07-14,2026-07-14 13:28:00,1327.17,1327.35,1327.17,1327.35,0.01,5.47,7156.52,1
2026-07-14,2026-07-14 13:29:00,1327.35,1327.54,1327.35,1327.54,0.01,5.47,7156.52,1
2026-07-14,2026-07-14 13:30:00,1327.54,1327.72,1327.54,1327.72,0.01,5.47,7156.52,1
2026-07-14,2026-07-14 13:31:00,1327.72,1327.9,1327.72,1327.9,0.01,5.47,7156.52,1
2026-07-14,2026-07-14 13:32:00,1327.9,1328.09,1327.9,1328.09,0.01,5.47,7156.52,1
2026-07-14,2026-07-14 13:33:00,1328.09,1328.27,1328.09,1328.27,0.01,5.47,7156.52,1
2026-07-14,2026-07-14 13:34:00,1328.27,1328.45,1328.27,1328.45,0.01,5.47,7156.52,1
2026-07-14,2026-07-14 13:35:00,1328.45,1328.63,1328.45,1328.63,0.01,5.47,7156.52,1
2026-07-14,2026-07-14 13:36:00,1328.63,1328.82,1328.63,1328.82,0.01,5.47,7156.52,1
2026-07-14,2026-07-14 13:37:00,1328.82,1329.0,1328.82,1329.0,0.01,5.47,7156.52,1
2026-07-14,2026-07-14 13:38:00,1329.0,1329.18,1329.0,1329.18,0.01,5.47,7156.52,1
2026-07-14,2026-07-14 13:39:00,1329.18,1329.37,1329.18,1329.37,0.01,5.47,7156.52,1
2026-07-14,2026-07-14 13:40:00,1329.37,1329.55,1329.37,1329.55,0.01,5.47,7156.52,1
2026-07-14,2026-07-14 13:41:00,1329.55,1329.73,1329.55,1329.73,0.01,5.47,7156.52,1
2026-07-14,2026-07-14 13:42:00,1329.73,1329.92,1329.73,1329.92,0.01,5.47,7156.52,1
2026-07-14,2026-07-14 13:43:00,1329.92,1330.1,1329.92,1330.1,0.01,5.47,7156.52,1
2026-07-14,2026-07-14 13:44:00,1330.1,1330.28,1330.1,1330.28,0.01,5.47,7156.52,1
2026-07-14,2026-07-14 13:45:00,1330.28,1330.46,1330.28,1330.46,0.01,5.47,7156.52,1
2026-07-14,2026-07-14 13:46:00,1330.46,1330.65,1330.46,1330.65,0.01,5.47,7156.52,1
2026-07-14,2026-07-14 13:47:00,1330.65,1330.83,1330.65,1330.83,0.01,5.47,7156.52,1
2026-07-14,2026-07-14 13:48:00,1330.83,1331.01,1330.83,1331.01,0.01,5.47,7156.52,1
2026-07-14,2026-07-14 13:49:00,1331.01,1331.2,1331.01,1331.2,0.01,5.47,7156.52,1
2026-07-14,2026-07-14 13:50:00,1331.2,1331.38,1331.2,1331.38,0.01,5.47,7156.52,1
2026-07-14,2026-07-14 13:51:00,1331.38,1331.56,1331.38,1331.56,0.01,5.47,7156.52,1
2026-07-14,2026-07-14 13:52:00,1331.56,1331.74,1331.56,1331.74,0.01,5.47,7156.52,1
2026-07-14,2026-07-14 13:53:00,1331.74,1331.93,1331.74,1331.93,0.01,5.47,7156.52,1
2026-07-14,2026-07-14 13:54:00,1331.93,1332.11,1331.93,1332.11,0.01,5.47,7156.52,1
2026-07-14,2026-07-14 13:55:00,1332.11,1332.29,1332.11,1332.29,0.01,5.47,7156.52,1
2026-07-14,2026-07-14 13:56:00,1332.29,1332.48,1332.29,1332.48,0.01,5.47,7156.52,1
2026-07-14,2026-07-14 13:57:00,1332.48,1332.66,1332.48,1332.66,0.01,5.47,7156.52,1
2026-07-14,2026-07-14 13:58:00,1332.66,1332.84,1332.66,1332.84,0.01,5.47,7156.52,1
2026-07-14,2026-07-14 13:59:00,1332.84,1333.03,1332.84,1333.03,0.01,5.47,7156.52,1
2026-07-14,2026-07-14 14:00:00,1333.03,1333.21,1333.03,1333.21,0.01,5.47,7156.52,1
2026-07-14,2026-07-14 14:01:00,1333.21,1333.39,1333.21,1333.39,0.01,5.47,7156.52,1
2026-07-14,2026-07-14 14:02:00,1333.39,1333.57,1333.39,1333.57,0.01,5.47,7156.52,1
2026-07-14,2026-07-14 14:03:00,1333.57,1333.76,1333.57,1333.76,0.01,5.47,7156.52,1
2026-07-14,2026-07-14 14:04:00,1333.76,1333.94,1333.76,1333.94,0.01,5.47,7156.52,1
2026-07-14,2026-07-14 14:05:00,1333.94,1334.12,1333.94,1334.12,0.01,5.47,7156.52,1
2026-07-14,2026-07-14 14:06:00,1334.12,1334.31,1334.12,1334.31,0.01,5.47,7156.52,1
2026-07-14,2026-07-14 14:07:00,1334.31,1334.49,1334.31,1334.49,0.01,5.47,7156.52,1
2026-07-14,2026-07-14 14:08:00,1334.49,1334.67,1334.49,1334.67,0.01,5.47,7156.52,1
2026-07-14,2026-07-14 14:09:00,1334.67,1334.85,1334.67,1334.85,0.01,5.47,7156.52,1
2026-07-14,2026-07-14 14:10:00,1334.85,1335.04,1334.85,1335.04,0.01,5.47,7156.52,1
2026-07-14,2026-07-14 14:11:00,1335.04,1335.22,1335.04,1335.22,0.01,5.47,7156.52,1
2026-07-14,2026-07-14 14:12:00,1335.22,1335.4,1335.22,1335.4,0.01,5.47,7156.52,1
2026-07-14,2026-07-14 14:13:00,1335.4,1335.59,1335.4,1335.59,0.01,5.47,7156.52,1
2026-07-14,2026-07-14 14:14:00,1335.59,1335.77,1335.59,1335.77,0.01,5.47,7156.52,1
2026-07-14,2026-07-14 14:15:00,1335.77,1335.95,1335.77,1335.95,0.01,5.47,7156.52,1
2026-07-14,2026-07-14 14:16:00,1335.95,1336.13,1335.95,1336.13,0.01,5.47,7156.52,1
2026-07-14,2026-07-14 14:17:00,1336.13,1336.32,1336.13,1336.32,0.01,5.47,7156.52,1
2026-07-14,2026-07-14 14:18:00,1336.32,1336.5,1336.32,1336.5,0.01,5.47,7156.52,1
2026-07-14,2026-07-14 14:19:00,1336.5,1336.68,1336.5,1336.68,0.01,5.47,7156.52,1
2026-07-14,2026-07-14 14:20:00,1336.68,1336.87,1336.68,1336.87,0.01,5.47,7156.52,1
2026-07-14,2026-07-14 14:21:00,1336.87,1337.05,1336.87,1337.05,0.01,5.47,7156.52,1
2026-07-14,2026-07-14 14:22:00,1337.05,1337.23,1337.05,1337.23,0.01,5.47,7156.52,1
2026-07-14,2026-07-14 14:23:00,1337.23,1337.41,1337.23,1337.41,0.01,5.47,7156.52,1
2026-07-14,2026-07-14 14:24:00,1337.41,1337.6,1337.41,1337.6,0.01,5.47,7156.52,1
2026-07-14,2026-07-14 14:25:00,1337.6,1337.78,1337.6,1337.78,0.01,5.47,7156.52,1
2026-07-14,2026-07-14 14:26:00,1337.78,1337.96,1337.78,1337.96,0.01,5.47,7156.52,1
2026-07-14,2026-07-14 14:27:00,1337.96,1338.15,1337.96,1338.15,0.01,5.47,7156.52,1
2026-07-14,2026-07-14 14:28:00,1338.15,1338.33,1338.15,1338.33,0.01,5.47,7156.52,1
2026-07-14,2026-07-14 14:29:00,1338.33,1338.51,1338.33,1338.51,0.01,5.47,7156.52,1
2026-07-14,2026-07-14 14:30:00,1338.51,1338.7,1338.51,1338.7,0.01,5.47,7156.52,1
2026-07-14,2026-07-14 14:31:00,1338.7,1338.88,1338.7,1338.88,0.01,5.47,7156.52,1
2026-07-14,2026-07-14 14:32:00,1338.88,1339.06,1338.88,1339.06,0.01,5.47,7156.52,1
2026-07-14,2026-07-14 14:33:00,1339.06,1339.24,1339.06,1339.24,0.01,5.47,7156.52,1
2026-07-14,2026-07-14 14:34:00,1339.24,1339.43,1339.24,1339.43,0.01,5.47,7156.52,1
2026-07-14,2026-07-14 14:35:00,1339.43,1339.61,1339.43,1339.61,0.01,5.47,7156.52,1
2026-07-14,2026-07-14 14:36:00,1339.61,1339.79,1339.61,1339.79,0.01,5.47,7156.52,1
2026-07-14,2026-07-14 14:37:00,1339.79,1339.98,1339.79,1339.98,0.01,5.47,7156.52,1
2026-07-14,2026-07-14 14:38:00,1339.98,1340.16,1339.98,1340.16,0.01,5.47,7156.52,1
2026-07-14,2026-07-14 14:39:00,1340.16,1340.34,1340.16,1340.34,0.01,5.47,7156.52,1
2026-07-14,2026-07-14 14:40:00,1340.34,1340.52,1340.34,1340.52,0.01,5.47,7156.52,1
2026-07-14,2026-07-14 14:41:00,1340.52,1340.71,1340.52,1340.71,0.01,5.47,7156.52,1
2026-07-14,2026-07-14 14:42:00,1340.71,1340.89,1340.71,1340.89,0.01,5.47,7156.52,1
2026-07-14,2026-07-14 14:43:00,1340.89,1341.07,1340.89,1341.07,0.01,5.47,7156.52,1
2026-07-14,2026-07-14 14:44:00,1341.07,1341.26,1341.07,1341.26,0.01,5.47,7156.52,1
2026-07-14,2026-07-14 14:45:00,1341.26,1341.44,1341.26,1341.44,0.01,5.47,7156.52,1
2026-07-14,2026-07-14 14:46:00,1341.44,1341.62,1341.44,1341.62,0.01,5.47,7156.52,1
2026-07-14,2026-07-14 14:47:00,1341.62,1341.81,1341.62,1341.81,0.01,5.47,7156.52,1
2026-07-14,2026-07-14 14:48:00,1341.81,1341.99,1341.81,1341.99,0.01,5.47,7156.52,1
2026-07-14,2026-07-14 14:49:00,1341.99,1342.17,1341.99,1342.17,0.01,5.47,7156.52,1
2026-07-14,2026-07-14 14:50:00,1342.17,1342.35,1342.17,1342.35,0.01,5.47,7156.52,1
2026-07-14,2026-07-14 14:51:00,1342.35,1342.54,1342.35,1342.54,0.01,5.47,7156.52,1
2026-07-14,2026-07-14 14:52:00,1342.54,1342.72,1342.54,1342.72,0.01,5.47,7156.52,1
2026-07-14,2026-07-14 14:53:00,1342.72,1342.9,1342.72,1342.9,0.01,5.47,7156.52,1
2026-07-14,2026-07-14 14:54:00,1342.9,1343.09,1342.9,1343.09,0.01,5.47,7156.52,1
2026-07-14,2026-07-14 14:55:00,1343.09,1343.27,1343.09,1343.27,0.01,5.47,7156.52,1
2026-07-14,2026-07-14 14:56:00,1343.27,1343.45,1343.27,1343.45,0.01,5.47,7156.52,1
2026-07-14,2026-07-14 14:57:00,1343.45,1343.63,1343.45,1343.63,0.01,5.47,7156.52,1
2026-07-14,2026-07-14 14:58:00,1343.63,1343.82,1343.63,1343.82,0.01,5.47,7156.52,1
2026-07-14,2026-07-14 14:59:00,1343.82,1344.0,1343.82,1344.0,0.01,5.47,7156.52,1
2026-07-14,2026-07-14 15:00:00,1344.0,1344.0,1300.0,1344.0,0.0,5.47,7156.52,0
2026-07-15,2026-07-15 11:00:00,1335.0,1336.5,1327.65,1334.9,-0.01,2.8,3687.45,-1
2026-07-15,2026-07-15 11:01:00,1334.9,1334.9,1334.8,1334.8,-0.01,2.8,3687.45,-1
2026-07-15,2026-07-15 11:02:00,1334.8,1334.8,1334.69,1334.69,-0.01,2.8,3687.45,-1
2026-07-15,2026-07-15 11:03:00,1334.69,1334.69,1334.59,1334.59,-0.01,2.8,3687.45,-1
2026-07-15,2026-07-15 11:04:00,1334.59,1334.59,1334.49,1334.49,-0.01,2.8,3687.45,-1
2026-07-15,2026-07-15 11:05:00,1334.49,1334.49,1334.39,1334.39,-0.01,2.8,3687.45,-1
2026-07-15,2026-07-15 11:06:00,1334.39,1334.39,1334.29,1334.29,-0.01,2.8,3687.45,-1
2026-07-15,2026-07-15 11:07:00,1334.29,1334.29,1334.18,1334.18,-0.01,2.8,3687.45,-1
2026-07-15,2026-07-15 11:08:00,1334.18,1334.18,1334.08,1334.08,-0.01,2.8,3687.45,-1
2026-07-15,2026-07-15 11:09:00,1334.08,1334.08,1333.98,1333.98,-0.01,2.8,3687.45,-1
2026-07-15,2026-07-15 11:10:00,1333.98,1333.98,1333.88,1333.88,-0.01,2.8,3687.45,-1
2026-07-15,2026-07-15 11:11:00,1333.88,1333.88,1333.78,1333.78,-0.01,2.8,3687.45,-1
2026-07-15,2026-07-15 11:12:00,1333.78,1333.78,1333.67,1333.67,-0.01,2.8,3687.45,-1
2026-07-15,2026-07-15 11:13:00,1333.67,1333.67,1333.57,1333.57,-0.01,2.8,3687.45,-1
2026-07-15,2026-07-15 11:14:00,1333.57,1333.57,1333.47,1333.47,-0.01,2.8,3687.45,-1
2026-07-15,2026-07-15 11:15:00,1333.47,1333.47,1333.37,1333.37,-0.01,2.8,3687.45,-1
2026-07-15,2026-07-15 11:16:00,1333.37,1333.37,1333.26,1333.26,-0.01,2.8,3687.45,-1
2026-07-15,2026-07-15 11:17:00,1333.26,1333.26,1333.16,1333.16,-0.01,2.8,3687.45,-1
2026-07-15,2026-07-15 11:18:00,1333.16,1333.16,1333.06,1333.06,-0.01,2.8,3687.45,-1
2026-07-15,2026-07-15 11:19:00,1333.06,1333.06,1332.96,1332.96,-0.01,2.8,3687.45,-1
2026-07-15,2026-07-15 11:20:00,1332.96,1332.96,1332.86,1332.86,-0.01,2.8,3687.45,-1
2026-07-15,2026-07-15 11:21:00,1332.86,1332.86,1332.75,1332.75,-0.01,2.8,3687.45,-1
2026-07-15,2026-07-15 11:22:00,1332.75,1332.75,1332.65,1332.65,-0.01,2.8,3687.45,-1
2026-07-15,2026-07-15 11:23:00,1332.65,1332.65,1332.55,1332.55,-0.01,2.8,3687.45,-1
2026-07-15,2026-07-15 11:24:00,1332.55,1332.55,1332.45,1332.45,-0.01,2.8,3687.45,-1
2026-07-15,2026-07-15 11:25:00,1332.45,1332.45,1332.35,1332.35,-0.01,2.8,3687.45,-1
2026-07-15,2026-07-15 11:26:00,1332.35,1332.35,1332.24,1332.24,-0.01,2.8,3687.45,-1
2026-07-15,2026-07-15 11:27:00,1332.24,1332.24,1332.14,1332.14,-0.01,2.8,3687.45,-1
2026-07-15,2026-07-15 11:28:00,1332.14,1332.14,1332.04,1332.04,-0.01,2.8,3687.45,-1
2026-07-15,2026-07-15 11:29:00,1332.04,1332.04,1331.94,1331.94,-0.01,2.8,3687.45,-1
2026-07-15,2026-07-15 11:30:00,1331.94,1331.94,1331.84,1331.84,-0.01,2.8,3687.45,-1
2026-07-15,2026-07-15 11:31:00,1331.84,1331.84,1331.73,1331.73,-0.01,2.8,3687.45,-1
2026-07-15,2026-07-15 11:32:00,1331.73,1331.73,1331.63,1331.63,-0.01,2.8,3687.45,-1
2026-07-15,2026-07-15 11:33:00,1331.63,1331.63,1331.53,1331.53,-0.01,2.8,3687.45,-1
2026-07-15,2026-07-15 11:34:00,1331.53,1331.53,1331.43,1331.43,-0.01,2.8,3687.45,-1
2026-07-15,2026-07-15 11:35:00,1331.43,1331.43,1331.33,1331.33,-0.01,2.8,3687.45,-1
2026-07-15,2026-07-15 11:36:00,1331.33,1331.33,1331.22,1331.22,-0.01,2.8,3687.45,-1
2026-07-15,2026-07-15 11:37:00,1331.22,1331.22,1331.12,1331.12,-0.01,2.8,3687.45,-1
2026-07-15,2026-07-15 11:38:00,1331.12,1331.12,1331.02,1331.02,-0.01,2.8,3687.45,-1
2026-07-15,2026-07-15 11:39:00,1331.02,1331.02,1330.92,1330.92,-0.01,2.8,3687.45,-1
2026-07-15,2026-07-15 11:40:00,1330.92,1330.92,1330.81,1330.81,-0.01,2.8,3687.45,-1
2026-07-15,2026-07-15 11:41:00,1330.81,1330.81,1330.71,1330.71,-0.01,2.8,3687.45,-1
2026-07-15,2026-07-15 11:42:00,1330.71,1330.71,1330.61,1330.61,-0.01,2.8,3687.45,-1
2026-07-15,2026-07-15 11:43:00,1330.61,1330.61,1330.51,1330.51,-0.01,2.8,3687.45,-1
2026-07-15,2026-07-15 11:44:00,1330.51,1330.51,1330.41,1330.41,-0.01,2.8,3687.45,-1
2026-07-15,2026-07-15 11:45:00,1330.41,1330.41,1330.3,1330.3,-0.01,2.8,3687.45,-1
2026-07-15,2026-07-15 11:46:00,1330.3,1330.3,1330.2,1330.2,-0.01,2.8,3687.45,-1
2026-07-15,2026-07-15 11:47:00,1330.2,1330.2,1330.1,1330.1,-0.01,2.8,3687.45,-1
2026-07-15,2026-07-15 11:48:00,1330.1,1330.1,1330.0,1330.0,-0.01,2.8,3687.45,-1
2026-07-15,2026-07-15 11:49:00,1330.0,1330.0,1329.9,1329.9,-0.01,2.8,3687.45,-1
2026-07-15,2026-07-15 11:50:00,1329.9,1329.9,1329.79,1329.79,-0.01,2.8,3687.45,-1
2026-07-15,2026-07-15 11:51:00,1329.79,1329.79,1329.69,1329.69,-0.01,2.8,3687.45,-1
2026-07-15,2026-07-15 11:52:00,1329.69,1329.69,1329.59,1329.59,-0.01,2.8,3687.45,-1
2026-07-15,2026-07-15 11:53:00,1329.59,1329.59,1329.49,1329.49,-0.01,2.8,3687.45,-1
2026-07-15,2026-07-15 11:54:00,1329.49,1329.49,1329.39,1329.39,-0.01,2.8,3687.45,-1
2026-07-15,2026-07-15 11:55:00,1329.39,1329.39,1329.28,1329.28,-0.01,2.8,3687.45,-1
2026-07-15,2026-07-15 11:56:00,1329.28,1329.28,1329.18,1329.18,-0.01,2.8,3687.45,-1
2026-07-15,2026-07-15 11:57:00,1329.18,1329.18,1329.08,1329.08,-0.01,2.8,3687.45,-1
2026-07-15,2026-07-15 11:58:00,1329.08,1329.08,1328.98,1328.98,-0.01,2.8,3687.45,-1
2026-07-15,2026-07-15 11:59:00,1328.98,1328.98,1328.88,1328.88,-0.01,2.8,3687.45,-1
2026-07-15,2026-07-15 12:00:00,1328.88,1328.88,1328.77,1328.77,-0.01,2.8,3687.45,-1
2026-07-15,2026-07-15 12:01:00,1328.77,1328.77,1328.67,1328.67,-0.01,2.8,3687.45,-1
2026-07-15,2026-07-15 12:02:00,1328.67,1328.67,1328.57,1328.57,-0.01,2.8,3687.45,-1
2026-07-15,2026-07-15 12:03:00,1328.57,1328.57,1328.47,1328.47,-0.01,2.8,3687.45,-1
2026-07-15,2026-07-15 12:04:00,1328.47,1328.47,1328.36,1328.36,-0.01,2.8,3687.45,-1
2026-07-15,2026-07-15 12:05:00,1328.36,1328.36,1328.26,1328.26,-0.01,2.8,3687.45,-1
2026-07-15,2026-07-15 12:06:00,1328.26,1328.26,1328.16,1328.16,-0.01,2.8,3687.45,-1
2026-07-15,2026-07-15 12:07:00,1328.16,1328.16,1328.06,1328.06,-0.01,2.8,3687.45,-1
2026-07-15,2026-07-15 12:08:00,1328.06,1328.06,1327.96,1327.96,-0.01,2.8,3687.45,-1
2026-07-15,2026-07-15 12:09:00,1327.96,1327.96,1327.85,1327.85,-0.01,2.8,3687.45,-1
2026-07-15,2026-07-15 12:10:00,1327.85,1327.85,1327.75,1327.75,-0.01,2.8,3687.45,-1
2026-07-15,2026-07-15 12:11:00,1327.75,1327.75,1327.65,1327.65,-0.01,2.8,3687.45,-1
2026-07-15,2026-07-15 12:12:00,1327.65,1327.65,1327.55,1327.55,-0.01,2.8,3687.45,-1
2026-07-15,2026-07-15 12:13:00,1327.55,1327.55,1327.45,1327.45,-0.01,2.8,3687.45,-1
2026-07-15,2026-07-15 12:14:00,1327.45,1327.45,1327.34,1327.34,-0.01,2.8,3687.45,-1
2026-07-15,2026-07-15 12:15:00,1327.34,1327.34,1327.24,1327.24,-0.01,2.8,3687.45,-1
2026-07-15,2026-07-15 12:16:00,1327.24,1327.24,1327.14,1327.14,-0.01,2.8,3687.45,-1
2026-07-15,2026-07-15 12:17:00,1327.14,1327.14,1327.04,1327.04,-0.01,2.8,3687.45,-1
2026-07-15,2026-07-15 12:18:00,1327.04,1327.04,1326.94,1326.94,-0.01,2.8,3687.45,-1
2026-07-15,2026-07-15 12:19:00,1326.94,1326.94,1326.83,1326.83,-0.01,2.8,3687.45,-1
2026-07-15,2026-07-15 12:20:00,1326.83,1326.83,1326.73,1326.73,-0.01,2.8,3687.45,-1
2026-07-15,2026-07-15 12:21:00,1326.73,1326.73,1326.63,1326.63,-0.01,2.8,3687.45,-1
2026-07-15,2026-07-15 12:22:00,1326.63,1326.63,1326.53,1326.53,-0.01,2.8,3687.45,-1
2026-07-15,2026-07-15 12:23:00,1326.53,1326.53,1326.42,1326.42,-0.01,2.8,3687.45,-1
2026-07-15,2026-07-15 12:24:00,1326.42,1326.42,1326.32,1326.32,-0.01,2.8,3687.45,-1
2026-07-15,2026-07-15 12:25:00,1326.32,1326.32,1326.22,1326.22,-0.01,2.8,3687.45,-1
2026-07-15,2026-07-15 12:26:00,1326.22,1326.22,1326.12,1326.12,-0.01,2.8,3687.45,-1
2026-07-15,2026-07-15 12:27:00,1326.12,1326.12,1326.02,1326.02,-0.01,2.8,3687.45,-1
2026-07-15,2026-07-15 12:28:00,1326.02,1326.02,1325.91,1325.91,-0.01,2.8,3687.45,-1
2026-07-15,2026-07-15 12:29:00,1325.91,1325.91,1325.81,1325.81,-0.01,2.8,3687.45,-1
2026-07-15,2026-07-15 12:30:00,1325.81,1325.81,1325.71,1325.71,-0.01,2.8,3687.45,-1
2026-07-15,2026-07-15 12:31:00,1325.71,1325.71,1325.61,1325.61,-0.01,2.8,3687.45,-1
2026-07-15,2026-07-15 12:32:00,1325.61,1325.61,1325.51,1325.51,-0.01,2.8,3687.45,-1
2026-07-15,2026-07-15 12:33:00,1325.51,1325.51,1325.4,1325.4,-0.01,2.8,3687.45,-1
2026-07-15,2026-07-15 12:34:00,1325.4,1325.4,1325.3,1325.3,-0.01,2.8,3687.45,-1
2026-07-15,2026-07-15 12:35:00,1325.3,1325.3,1325.2,1325.2,-0.01,2.8,3687.45,-1
2026-07-15,2026-07-15 12:36:00,1325.2,1325.2,1325.1,1325.1,-0.01,2.8,3687.45,-1
2026-07-15,2026-07-15 12:37:00,1325.1,1325.1,1325.0,1325.0,-0.01,2.8,3687.45,-1
2026-07-15,2026-07-15 12:38:00,1325.0,1325.0,1324.89,1324.89,-0.01,2.8,3687.45,-1
2026-07-15,2026-07-15 12:39:00,1324.89,1324.89,1324.79,1324.79,-0.01,2.8,3687.45,-1
2026-07-15,2026-07-15 12:40:00,1324.79,1324.79,1324.69,1324.69,-0.01,2.8,3687.45,-1
2026-07-15,2026-07-15 12:41:00,1324.69,1324.69,1324.59,1324.59,-0.01,2.8,3687.45,-1
2026-07-15,2026-07-15 12:42:00,1324.59,1324.59,1324.49,1324.49,-0.01,2.8,3687.45,-1
2026-07-15,2026-07-15 12:43:00,1324.49,1324.49,1324.38,1324.38,-0.01,2.8,3687.45,-1
2026-07-15,2026-07-15 12:44:00,1324.38,1324.38,1324.28,1324.28,-0.01,2.8,3687.45,-1
2026-07-15,2026-07-15 12:45:00,1324.28,1324.28,1324.18,1324.18,-0.01,2.8,3687.45,-1
2026-07-15,2026-07-15 12:46:00,1324.18,1324.18,1324.08,1324.08,-0.01,2.8,3687.45,-1
2026-07-15,2026-07-15 12:47:00,1324.08,1324.08,1323.97,1323.97,-0.01,2.8,3687.45,-1
2026-07-15,2026-07-15 12:48:00,1323.97,1323.97,1323.87,1323.87,-0.01,2.8,3687.45,-1
2026-07-15,2026-07-15 12:49:00,1323.87,1323.87,1323.77,1323.77,-0.01,2.8,3687.45,-1
2026-07-15,2026-07-15 12:50:00,1323.77,1323.77,1323.67,1323.67,-0.01,2.8,3687.45,-1
2026-07-15,2026-07-15 12:51:00,1323.67,1323.67,1323.57,1323.57,-0.01,2.8,3687.45,-1
2026-07-15,2026-07-15 12:52:00,1323.57,1323.57,1323.46,1323.46,-0.01,2.8,3687.45,-1
2026-07-15,2026-07-15 12:53:00,1323.46,1323.46,1323.36,1323.36,-0.01,2.8,3687.45,-1
2026-07-15,2026-07-15 12:54:00,1323.36,1323.36,1323.26,1323.26,-0.01,2.8,3687.45,-1
2026-07-15,2026-07-15 12:55:00,1323.26,1323.26,1323.16,1323.16,-0.01,2.8,3687.45,-1
2026-07-15,2026-07-15 12:56:00,1323.16,1323.16,1323.06,1323.06,-0.01,2.8,3687.45,-1
2026-07-15,2026-07-15 12:57:00,1323.06,1323.06,1322.95,1322.95,-0.01,2.8,3687.45,-1
2026-07-15,2026-07-15 12:58:00,1322.95,1322.95,1322.85,1322.85,-0.01,2.8,3687.45,-1
2026-07-15,2026-07-15 12:59:00,1322.85,1322.85,1322.75,1322.75,-0.01,2.8,3687.45,-1
2026-07-15,2026-07-15 13:00:00,1322.75,1340.0,1310.5,1322.65,-0.01,2.8,3687.45,-1
2026-07-15,2026-07-15 13:01:00,1322.65,1322.65,1322.55,1322.55,-0.01,2.8,3687.45,-1
2026-07-15,2026-07-15 13:02:00,1322.55,1322.55,1322.44,1322.44,-0.01,2.8,3687.45,-1
2026-07-15,2026-07-15 13:03:00,1322.44,1322.44,1322.34,1322.34,-0.01,2.8,3687.45,-1
2026-07-15,2026-07-15 13:04:00,1322.34,1322.34,1322.24,1322.24,-0.01,2.8,3687.45,-1
2026-07-15,2026-07-15 13:05:00,1322.24,1322.24,1322.14,1322.14,-0.01,2.8,3687.45,-1
2026-07-15,2026-07-15 13:06:00,1322.14,1322.14,1322.04,1322.04,-0.01,2.8,3687.45,-1
2026-07-15,2026-07-15 13:07:00,1322.04,1322.04,1321.93,1321.93,-0.01,2.8,3687.45,-1
2026-07-15,2026-07-15 13:08:00,1321.93,1321.93,1321.83,1321.83,-0.01,2.8,3687.45,-1
2026-07-15,2026-07-15 13:09:00,1321.83,1321.83,1321.73,1321.73,-0.01,2.8,3687.45,-1
2026-07-15,2026-07-15 13:10:00,1321.73,1321.73,1321.63,1321.63,-0.01,2.8,3687.45,-1
2026-07-15,2026-07-15 13:11:00,1321.63,1321.63,1321.53,1321.53,-0.01,2.8,3687.45,-1
2026-07-15,2026-07-15 13:12:00,1321.53,1321.53,1321.42,1321.42,-0.01,2.8,3687.45,-1
2026-07-15,2026-07-15 13:13:00,1321.42,1321.42,1321.32,1321.32,-0.01,2.8,3687.45,-1
2026-07-15,2026-07-15 13:14:00,1321.32,1321.32,1321.22,1321.22,-0.01,2.8,3687.45,-1
2026-07-15,2026-07-15 13:15:00,1321.22,1321.22,1321.12,1321.12,-0.01,2.8,3687.45,-1
2026-07-15,2026-07-15 13:16:00,1321.12,1321.12,1321.01,1321.01,-0.01,2.8,3687.45,-1
2026-07-15,2026-07-15 13:17:00,1321.01,1321.01,1320.91,1320.91,-0.01,2.8,3687.45,-1
2026-07-15,2026-07-15 13:18:00,1320.91,1320.91,1320.81,1320.81,-0.01,2.8,3687.45,-1
2026-07-15,2026-07-15 13:19:00,1320.81,1320.81,1320.71,1320.71,-0.01,2.8,3687.45,-1
2026-07-15,2026-07-15 13:20:00,1320.71,1320.71,1320.61,1320.61,-0.01,2.8,3687.45,-1
2026-07-15,2026-07-15 13:21:00,1320.61,1320.61,1320.5,1320.5,-0.01,2.8,3687.45,-1
2026-07-15,2026-07-15 13:22:00,1320.5,1320.5,1320.4,1320.4,-0.01,2.8,3687.45,-1
2026-07-15,2026-07-15 13:23:00,1320.4,1320.4,1320.3,1320.3,-0.01,2.8,3687.45,-1
2026-07-15,2026-07-15 13:24:00,1320.3,1320.3,1320.2,1320.2,-0.01,2.8,3687.45,-1
2026-07-15,2026-07-15 13:25:00,1320.2,1320.2,1320.1,1320.1,-0.01,2.8,3687.45,-1
2026-07-15,2026-07-15 13:26:00,1320.1,1320.1,1319.99,1319.99,-0.01,2.8,3687.45,-1
2026-07-15,2026-07-15 13:27:00,1319.99,1319.99,1319.89,1319.89,-0.01,2.8,3687.45,-1
2026-07-15,2026-07-15 13:28:00,1319.89,1319.89,1319.79,1319.79,-0.01,2.8,3687.45,-1
2026-07-15,2026-07-15 13:29:00,1319.79,1319.79,1319.69,1319.69,-0.01,2.8,3687.45,-1
2026-07-15,2026-07-15 13:30:00,1319.69,1319.69,1319.59,1319.59,-0.01,2.8,3687.45,-1
2026-07-15,2026-07-15 13:31:00,1319.59,1319.59,1319.48,1319.48,-0.01,2.8,3687.45,-1
2026-07-15,2026-07-15 13:32:00,1319.48,1319.48,1319.38,1319.38,-0.01,2.8,3687.45,-1
2026-07-15,2026-07-15 13:33:00,1319.38,1319.38,1319.28,1319.28,-0.01,2.8,3687.45,-1
2026-07-15,2026-07-15 13:34:00,1319.28,1319.28,1319.18,1319.18,-0.01,2.8,3687.45,-1
2026-07-15,2026-07-15 13:35:00,1319.18,1319.18,1319.08,1319.08,-0.01,2.8,3687.45,-1
2026-07-15,2026-07-15 13:36:00,1319.08,1319.08,1318.97,1318.97,-0.01,2.8,3687.45,-1
2026-07-15,2026-07-15 13:37:00,1318.97,1318.97,1318.87,1318.87,-0.01,2.8,3687.45,-1
2026-07-15,2026-07-15 13:38:00,1318.87,1318.87,1318.77,1318.77,-0.01,2.8,3687.45,-1
2026-07-15,2026-07-15 13:39:00,1318.77,1318.77,1318.67,1318.67,-0.01,2.8,3687.45,-1
2026-07-15,2026-07-15 13:40:00,1318.67,1318.67,1318.56,1318.56,-0.01,2.8,3687.45,-1
2026-07-15,2026-07-15 13:41:00,1318.56,1318.56,1318.46,1318.46,-0.01,2.8,3687.45,-1
2026-07-15,2026-07-15 13:42:00,1318.46,1318.46,1318.36,1318.36,-0.01,2.8,3687.45,-1
2026-07-15,2026-07-15 13:43:00,1318.36,1318.36,1318.26,1318.26,-0.01,2.8,3687.45,-1
2026-07-15,2026-07-15 13:44:00,1318.26,1318.26,1318.16,1318.16,-0.01,2.8,3687.45,-1
2026-07-15,2026-07-15 13:45:00,1318.16,1318.16,1318.05,1318.05,-0.01,2.8,3687.45,-1
2026-07-15,2026-07-15 13:46:00,1318.05,1318.05,1317.95,1317.95,-0.01,2.8,3687.45,-1
2026-07-15,2026-07-15 13:47:00,1317.95,1317.95,1317.85,1317.85,-0.01,2.8,3687.45,-1
2026-07-15,2026-07-15 13:48:00,1317.85,1317.85,1317.75,1317.75,-0.01,2.8,3687.45,-1
2026-07-15,2026-07-15 13:49:00,1317.75,1317.75,1317.65,1317.65,-0.01,2.8,3687.45,-1
2026-07-15,2026-07-15 13:50:00,1317.65,1317.65,1317.54,1317.54,-0.01,2.8,3687.45,-1
2026-07-15,2026-07-15 13:51:00,1317.54,1317.54,1317.44,1317.44,-0.01,2.8,3687.45,-1
2026-07-15,2026-07-15 13:52:00,1317.44,1317.44,1317.34,1317.34,-0.01,2.8,3687.45,-1
2026-07-15,2026-07-15 13:53:00,1317.34,1317.34,1317.24,1317.24,-0.01,2.8,3687.45,-1
2026-07-15,2026-07-15 13:54:00,1317.24,1317.24,1317.14,1317.14,-0.01,2.8,3687.45,-1
2026-07-15,2026-07-15 13:55:00,1317.14,1317.14,1317.03,1317.03,-0.01,2.8,3687.45,-1
2026-07-15,2026-07-15 13:56:00,1317.03,1317.03,1316.93,1316.93,-0.01,2.8,3687.45,-1
2026-07-15,2026-07-15 13:57:00,1316.93,1316.93,1316.83,1316.83,-0.01,2.8,3687.45,-1
2026-07-15,2026-07-15 13:58:00,1316.83,1316.83,1316.73,1316.73,-0.01,2.8,3687.45,-1
2026-07-15,2026-07-15 13:59:00,1316.73,1316.73,1316.62,1316.62,-0.01,2.8,3687.45,-1
2026-07-15,2026-07-15 14:00:00,1316.62,1316.62,1316.52,1316.52,-0.01,2.8,3687.45,-1
2026-07-15,2026-07-15 14:01:00,1316.52,1316.52,1316.42,1316.42,-0.01,2.8,3687.45,-1
2026-07-15,2026-07-15 14:02:00,1316.42,1316.42,1316.32,1316.32,-0.01,2.8,3687.45,-1
2026-07-15,2026-07-15 14:03:00,1316.32,1316.32,1316.22,1316.22,-0.01,2.8,3687.45,-1
2026-07-15,2026-07-15 14:04:00,1316.22,1316.22,1316.11,1316.11,-0.01,2.8,3687.45,-1
2026-07-15,2026-07-15 14:05:00,1316.11,1316.11,1316.01,1316.01,-0.01,2.8,3687.45,-1
2026-07-15,2026-07-15 14:06:00,1316.01,1316.01,1315.91,1315.91,-0.01,2.8,3687.45,-1
2026-07-15,2026-07-15 14:07:00,1315.91,1315.91,1315.81,1315.81,-0.01,2.8,3687.45,-1
2026-07-15,2026-07-15 14:08:00,1315.81,1315.81,1315.71,1315.71,-0.01,2.8,3687.45,-1
2026-07-15,2026-07-15 14:09:00,1315.71,1315.71,1315.6,1315.6,-0.01,2.8,3687.45,-1
2026-07-15,2026-07-15 14:10:00,1315.6,1315.6,1315.5,1315.5,-0.01,2.8,3687.45,-1
2026-07-15,2026-07-15 14:11:00,1315.5,1315.5,1315.4,1315.4,-0.01,2.8,3687.45,-1
2026-07-15,2026-07-15 14:12:00,1315.4,1315.4,1315.3,1315.3,-0.01,2.8,3687.45,-1
2026-07-15,2026-07-15 14:13:00,1315.3,1315.3,1315.2,1315.2,-0.01,2.8,3687.45,-1
2026-07-15,2026-07-15 14:14:00,1315.2,1315.2,1315.09,1315.09,-0.01,2.8,3687.45,-1
2026-07-15,2026-07-15 14:15:00,1315.09,1315.09,1314.99,1314.99,-0.01,2.8,3687.45,-1
2026-07-15,2026-07-15 14:16:00,1314.99,1314.99,1314.89,1314.89,-0.01,2.8,3687.45,-1
2026-07-15,2026-07-15 14:17:00,1314.89,1314.89,1314.79,1314.79,-0.01,2.8,3687.45,-1
2026-07-15,2026-07-15 14:18:00,1314.79,1314.79,1314.69,1314.69,-0.01,2.8,3687.45,-1
2026-07-15,2026-07-15 14:19:00,1314.69,1314.69,1314.58,1314.58,-0.01,2.8,3687.45,-1
2026-07-15,2026-07-15 14:20:00,1314.58,1314.58,1314.48,1314.48,-0.01,2.8,3687.45,-1
2026-07-15,2026-07-15 14:21:00,1314.48,1314.48,1314.38,1314.38,-0.01,2.8,3687.45,-1
2026-07-15,2026-07-15 14:22:00,1314.38,1314.38,1314.28,1314.28,-0.01,2.8,3687.45,-1
2026-07-15,2026-07-15 14:23:00,1314.28,1314.28,1314.17,1314.17,-0.01,2.8,3687.45,-1
2026-07-15,2026-07-15 14:24:00,1314.17,1314.17,1314.07,1314.07,-0.01,2.8,3687.45,-1
2026-07-15,2026-07-15 14:25:00,1314.07,1314.07,1313.97,1313.97,-0.01,2.8,3687.45,-1
2026-07-15,2026-07-15 14:26:00,1313.97,1313.97,1313.87,1313.87,-0.01,2.8,3687.45,-1
2026-07-15,2026-07-15 14:27:00,1313.87,1313.87,1313.77,1313.77,-0.01,2.8,3687.45,-1
2026-07-15,2026-07-15 14:28:00,1313.77,1313.77,1313.66,1313.66,-0.01,2.8,3687.45,-1
2026-07-15,2026-07-15 14:29:00,1313.66,1313.66,1313.56,1313.56,-0.01,2.8,3687.45,-1
2026-07-15,2026-07-15 14:30:00,1313.56,1313.56,1313.46,1313.46,-0.01,2.8,3687.45,-1
2026-07-15,2026-07-15 14:31:00,1313.46,1313.46,1313.36,1313.36,-0.01,2.8,3687.45,-1
2026-07-15,2026-07-15 14:32:00,1313.36,1313.36,1313.26,1313.26,-0.01,2.8,3687.45,-1
2026-07-15,2026-07-15 14:33:00,1313.26,1313.26,1313.15,1313.15,-0.01,2.8,3687.45,-1
2026-07-15,2026-07-15 14:34:00,1313.15,1313.15,1313.05,1313.05,-0.01,2.8,3687.45,-1
2026-07-15,2026-07-15 14:35:00,1313.05,1313.05,1312.95,1312.95,-0.01,2.8,3687.45,-1
2026-07-15,2026-07-15 14:36:00,1312.95,1312.95,1312.85,1312.85,-0.01,2.8,3687.45,-1
2026-07-15,2026-07-15 14:37:00,1312.85,1312.85,1312.75,1312.75,-0.01,2.8,3687.45,-1
2026-07-15,2026-07-15 14:38:00,1312.75,1312.75,1312.64,1312.64,-0.01,2.8,3687.45,-1
2026-07-15,2026-07-15 14:39:00,1312.64,1312.64,1312.54,1312.54,-0.01,2.8,3687.45,-1
2026-07-15,2026-07-15 14:40:00,1312.54,1312.54,1312.44,1312.44,-0.01,2.8,3687.45,-1
2026-07-15,2026-07-15 14:41:00,1312.44,1312.44,1312.34,1312.34,-0.01,2.8,3687.45,-1
2026-07-15,2026-07-15 14:42:00,1312.34,1312.34,1312.24,1312.24,-0.01,2.8,3687.45,-1
2026-07-15,2026-07-15 14:43:00,1312.24,1312.24,1312.13,1312.13,-0.01,2.8,3687.45,-1
2026-07-15,2026-07-15 14:44:00,1312.13,1312.13,1312.03,1312.03,-0.01,2.8,3687.45,-1
2026-07-15,2026-07-15 14:45:00,1312.03,1312.03,1311.93,1311.93,-0.01,2.8,3687.45,-1
2026-07-15,2026-07-15 14:46:00,1311.93,1311.93,1311.83,1311.83,-0.01,2.8,3687.45,-1
2026-07-15,2026-07-15 14:47:00,1311.83,1311.83,1311.72,1311.72,-0.01,2.8,3687.45,-1
2026-07-15,2026-07-15 14:48:00,1311.72,1311.72,1311.62,1311.62,-0.01,2.8,3687.45,-1
2026-07-15,2026-07-15 14:49:00,1311.62,1311.62,1311.52,1311.52,-0.01,2.8,3687.45,-1
2026-07-15,2026-07-15 14:50:00,1311.52,1311.52,1311.42,1311.42,-0.01,2.8,3687.45,-1
2026-07-15,2026-07-15 14:51:00,1311.42,1311.42,1311.32,1311.32,-0.01,2.8,3687.45,-1
2026-07-15,2026-07-15 14:52:00,1311.32,1311.32,1311.21,1311.21,-0.01,2.8,3687.45,-1
2026-07-15,2026-07-15 14:53:00,1311.21,1311.21,1311.11,1311.11,-0.01,2.8,3687.45,-1
2026-07-15,2026-07-15 14:54:00,1311.11,1311.11,1311.01,1311.01,-0.01,2.8,3687.45,-1
2026-07-15,2026-07-15 14:55:00,1311.01,1311.01,1310.91,1310.91,-0.01,2.8,3687.45,-1
2026-07-15,2026-07-15 14:56:00,1310.91,1310.91,1310.81,1310.81,-0.01,2.8,3687.45,-1
2026-07-15,2026-07-15 14:57:00,1310.81,1310.81,1310.7,1310.7,-0.01,2.8,3687.45,-1
2026-07-15,2026-07-15 14:58:00,1310.7,1310.7,1310.6,1310.6,-0.01,2.8,3687.45,-1
2026-07-15,2026-07-15 14:59:00,1310.6,1310.6,1310.5,1310.5,-0.01,2.8,3687.45,-1
2026-07-15,2026-07-15 15:00:00,1310.5,1340.0,1310.5,1310.5,0.0,2.8,3687.45,0
2026-07-16,2026-07-16 11:00:00,1320.0,1323.0,1314.09,1320.03,0.0,1.59,2087.37,1
2026-07-16,2026-07-16 11:01:00,1320.03,1320.07,1320.03,1320.07,0.0,1.59,2087.37,1
2026-07-16,2026-07-16 11:02:00,1320.07,1320.1,1320.07,1320.1,0.0,1.59,2087.37,1
2026-07-16,2026-07-16 11:03:00,1320.1,1320.13,1320.1,1320.13,0.0,1.59,2087.37,1
2026-07-16,2026-07-16 11:04:00,1320.13,1320.17,1320.13,1320.17,0.0,1.59,2087.37,1
2026-07-16,2026-07-16 11:05:00,1320.17,1320.2,1320.17,1320.2,0.0,1.59,2087.37,1
2026-07-16,2026-07-16 11:06:00,1320.2,1320.23,1320.2,1320.23,0.0,1.59,2087.37,1
2026-07-16,2026-07-16 11:07:00,1320.23,1320.27,1320.23,1320.27,0.0,1.59,2087.37,1
2026-07-16,2026-07-16 11:08:00,1320.27,1320.3,1320.27,1320.3,0.0,1.59,2087.37,1
2026-07-16,2026-07-16 11:09:00,1320.3,1320.33,1320.3,1320.33,0.0,1.59,2087.37,1
2026-07-16,2026-07-16 11:10:00,1320.33,1320.37,1320.33,1320.37,0.0,1.59,2087.37,1
2026-07-16,2026-07-16 11:11:00,1320.37,1320.4,1320.37,1320.4,0.0,1.59,2087.37,1
2026-07-16,2026-07-16 11:12:00,1320.4,1320.43,1320.4,1320.43,0.0,1.59,2087.37,1
2026-07-16,2026-07-16 11:13:00,1320.43,1320.47,1320.43,1320.47,0.0,1.59,2087.37,1
2026-07-16,2026-07-16 11:14:00,1320.47,1320.5,1320.47,1320.5,0.0,1.59,2087.37,1
2026-07-16,2026-07-16 11:15:00,1320.5,1320.53,1320.5,1320.53,0.0,1.59,2087.37,1
2026-07-16,2026-07-16 11:16:00,1320.53,1320.57,1320.53,1320.57,0.0,1.59,2087.37,1
2026-07-16,2026-07-16 11:17:00,1320.57,1320.6,1320.57,1320.6,0.0,1.59,2087.37,1
2026-07-16,2026-07-16 11:18:00,1320.6,1320.63,1320.6,1320.63,0.0,1.59,2087.37,1
2026-07-16,2026-07-16 11:19:00,1320.63,1320.67,1320.63,1320.67,0.0,1.59,2087.37,1
2026-07-16,2026-07-16 11:20:00,1320.67,1320.7,1320.67,1320.7,0.0,1.59,2087.37,1
2026-07-16,2026-07-16 11:21:00,1320.7,1320.73,1320.7,1320.73,0.0,1.59,2087.37,1
2026-07-16,2026-07-16 11:22:00,1320.73,1320.77,1320.73,1320.77,0.0,1.59,2087.37,1
2026-07-16,2026-07-16 11:23:00,1320.77,1320.8,1320.77,1320.8,0.0,1.59,2087.37,1
2026-07-16,2026-07-16 11:24:00,1320.8,1320.83,1320.8,1320.83,0.0,1.59,2087.37,1
2026-07-16,2026-07-16 11:25:00,1320.83,1320.87,1320.83,1320.87,0.0,1.59,2087.37,1
2026-07-16,2026-07-16 11:26:00,1320.87,1320.9,1320.87,1320.9,0.0,1.59,2087.37,1
2026-07-16,2026-07-16 11:27:00,1320.9,1320.93,1320.9,1320.93,0.0,1.59,2087.37,1
2026-07-16,2026-07-16 11:28:00,1320.93,1320.97,1320.93,1320.97,0.0,1.59,2087.37,1
2026-07-16,2026-07-16 11:29:00,1320.97,1321.0,1320.97,1321.0,0.0,1.59,2087.37,1
2026-07-16,2026-07-16 11:30:00,1321.0,1321.03,1321.0,1321.03,0.0,1.59,2087.37,1
2026-07-16,2026-07-16 11:31:00,1321.03,1321.07,1321.03,1321.07,0.0,1.59,2087.37,1
2026-07-16,2026-07-16 11:32:00,1321.07,1321.1,1321.07,1321.1,0.0,1.59,2087.37,1
2026-07-16,2026-07-16 11:33:00,1321.1,1321.13,1321.1,1321.13,0.0,1.59,2087.37,1
2026-07-16,2026-07-16 11:34:00,1321.13,1321.17,1321.13,1321.17,0.0,1.59,2087.37,1
2026-07-16,2026-07-16 11:35:00,1321.17,1321.2,1321.17,1321.2,0.0,1.59,2087.37,1
2026-07-16,2026-07-16 11:36:00,1321.2,1321.23,1321.2,1321.23,0.0,1.59,2087.37,1
2026-07-16,2026-07-16 11:37:00,1321.23,1321.27,1321.23,1321.27,0.0,1.59,2087.37,1
2026-07-16,2026-07-16 11:38:00,1321.27,1321.3,1321.27,1321.3,0.0,1.59,2087.37,1
2026-07-16,2026-07-16 11:39:00,1321.3,1321.33,1321.3,1321.33,0.0,1.59,2087.37,1
2026-07-16,2026-07-16 11:40:00,1321.33,1321.37,1321.33,1321.37,0.0,1.59,2087.37,1
2026-07-16,2026-07-16 11:41:00,1321.37,1321.4,1321.37,1321.4,0.0,1.59,2087.37,1
2026-07-16,2026-07-16 11:42:00,1321.4,1321.43,1321.4,1321.43,0.0,1.59,2087.37,1
2026-07-16,2026-07-16 11:43:00,1321.43,1321.47,1321.43,1321.47,0.0,1.59,2087.37,1
2026-07-16,2026-07-16 11:44:00,1321.47,1321.5,1321.47,1321.5,0.0,1.59,2087.37,1
2026-07-16,2026-07-16 11:45:00,1321.5,1321.53,1321.5,1321.53,0.0,1.59,2087.37,1
2026-07-16,2026-07-16 11:46:00,1321.53,1321.57,1321.53,1321.57,0.0,1.59,2087.37,1
2026-07-16,2026-07-16 11:47:00,1321.57,1321.6,1321.57,1321.6,0.0,1.59,2087.37,1
2026-07-16,2026-07-16 11:48:00,1321.6,1321.63,1321.6,1321.63,0.0,1.59,2087.37,1
2026-07-16,2026-07-16 11:49:00,1321.63,1321.67,1321.63,1321.67,0.0,1.59,2087.37,1
2026-07-16,2026-07-16 11:50:00,1321.67,1321.7,1321.67,1321.7,0.0,1.59,2087.37,1
2026-07-16,2026-07-16 11:51:00,1321.7,1321.73,1321.7,1321.73,0.0,1.59,2087.37,1
2026-07-16,2026-07-16 11:52:00,1321.73,1321.77,1321.73,1321.77,0.0,1.59,2087.37,1
2026-07-16,2026-07-16 11:53:00,1321.77,1321.8,1321.77,1321.8,0.0,1.59,2087.37,1
2026-07-16,2026-07-16 11:54:00,1321.8,1321.83,1321.8,1321.83,0.0,1.59,2087.37,1
2026-07-16,2026-07-16 11:55:00,1321.83,1321.87,1321.83,1321.87,0.0,1.59,2087.37,1
2026-07-16,2026-07-16 11:56:00,1321.87,1321.9,1321.87,1321.9,0.0,1.59,2087.37,1
2026-07-16,2026-07-16 11:57:00,1321.9,1321.93,1321.9,1321.93,0.0,1.59,2087.37,1
2026-07-16,2026-07-16 11:58:00,1321.93,1321.97,1321.93,1321.97,0.0,1.59,2087.37,1
2026-07-16,2026-07-16 11:59:00,1321.97,1322.0,1321.97,1322.0,0.0,1.59,2087.37,1
2026-07-16,2026-07-16 12:00:00,1322.0,1322.03,1322.0,1322.03,0.0,1.59,2087.37,1
2026-07-16,2026-07-16 12:01:00,1322.03,1322.07,1322.03,1322.07,0.0,1.59,2087.37,1
2026-07-16,2026-07-16 12:02:00,1322.07,1322.1,1322.07,1322.1,0.0,1.59,2087.37,1
2026-07-16,2026-07-16 12:03:00,1322.1,1322.13,1322.1,1322.13,0.0,1.59,2087.37,1
2026-07-16,2026-07-16 12:04:00,1322.13,1322.17,1322.13,1322.17,0.0,1.59,2087.37,1
2026-07-16,2026-07-16 12:05:00,1322.17,1322.2,1322.17,1322.2,0.0,1.59,2087.37,1
2026-07-16,2026-07-16 12:06:00,1322.2,1322.23,1322.2,1322.23,0.0,1.59,2087.37,1
2026-07-16,2026-07-16 12:07:00,1322.23,1322.27,1322.23,1322.27,0.0,1.59,2087.37,1
2026-07-16,2026-07-16 12:08:00,1322.27,1322.3,1322.27,1322.3,0.0,1.59,2087.37,1
2026-07-16,2026-07-16 12:09:00,1322.3,1322.33,1322.3,1322.33,0.0,1.59,2087.37,1
2026-07-16,2026-07-16 12:10:00,1322.33,1322.37,1322.33,1322.37,0.0,1.59,2087.37,1
2026-07-16,2026-07-16 12:11:00,1322.37,1322.4,1322.37,1322.4,0.0,1.59,2087.37,1
2026-07-16,2026-07-16 12:12:00,1322.4,1322.43,1322.4,1322.43,0.0,1.59,2087.37,1
2026-07-16,2026-07-16 12:13:00,1322.43,1322.47,1322.43,1322.47,0.0,1.59,2087.37,1
2026-07-16,2026-07-16 12:14:00,1322.47,1322.5,1322.47,1322.5,0.0,1.59,2087.37,1
2026-07-16,2026-07-16 12:15:00,1322.5,1322.53,1322.5,1322.53,0.0,1.59,2087.37,1
2026-07-16,2026-07-16 12:16:00,1322.53,1322.57,1322.53,1322.57,0.0,1.59,2087.37,1
2026-07-16,2026-07-16 12:17:00,1322.57,1322.6,1322.57,1322.6,0.0,1.59,2087.37,1
2026-07-16,2026-07-16 12:18:00,1322.6,1322.63,1322.6,1322.63,0.0,1.59,2087.37,1
2026-07-16,2026-07-16 12:19:00,1322.63,1322.67,1322.63,1322.67,0.0,1.59,2087.37,1
2026-07-16,2026-07-16 12:20:00,1322.67,1322.7,1322.67,1322.7,0.0,1.59,2087.37,1
2026-07-16,2026-07-16 12:21:00,1322.7,1322.73,1322.7,1322.73,0.0,1.59,2087.37,1
2026-07-16,2026-07-16 12:22:00,1322.73,1322.77,1322.73,1322.77,0.0,1.59,2087.37,1
2026-07-16,2026-07-16 12:23:00,1322.77,1322.8,1322.77,1322.8,0.0,1.59,2087.37,1
2026-07-16,2026-07-16 12:24:00,1322.8,1322.83,1322.8,1322.83,0.0,1.59,2087.37,1
2026-07-16,2026-07-16 12:25:00,1322.83,1322.87,1322.83,1322.87,0.0,1.59,2087.37,1
2026-07-16,2026-07-16 12:26:00,1322.87,1322.9,1322.87,1322.9,0.0,1.59,2087.37,1
2026-07-16,2026-07-16 12:27:00,1322.9,1322.93,1322.9,1322.93,0.0,1.59,2087.37,1
2026-07-16,2026-07-16 12:28:00,1322.93,1322.97,1322.93,1322.97,0.0,1.59,2087.37,1
2026-07-16,2026-07-16 12:29:00,1322.97,1323.0,1322.97,1323.0,0.0,1.59,2087.37,1
2026-07-16,2026-07-16 12:30:00,1323.0,1323.03,1323.0,1323.03,0.0,1.59,2087.37,1
2026-07-16,2026-07-16 12:31:00,1323.03,1323.07,1323.03,1323.07,0.0,1.59,2087.37,1
2026-07-16,2026-07-16 12:32:00,1323.07,1323.1,1323.07,1323.1,0.0,1.59,2087.37,1
2026-07-16,2026-07-16 12:33:00,1323.1,1323.13,1323.1,1323.13,0.0,1.59,2087.37,1
2026-07-16,2026-07-16 12:34:00,1323.13,1323.17,1323.13,1323.17,0.0,1.59,2087.37,1
2026-07-16,2026-07-16 12:35:00,1323.17,1323.2,1323.17,1323.2,0.0,1.59,2087.37,1
2026-07-16,2026-07-16 12:36:00,1323.2,1323.23,1323.2,1323.23,0.0,1.59,2087.37,1
2026-07-16,2026-07-16 12:37:00,1323.23,1323.27,1323.23,1323.27,0.0,1.59,2087.37,1
2026-07-16,2026-07-16 12:38:00,1323.27,1323.3,1323.27,1323.3,0.0,1.59,2087.37,1
2026-07-16,2026-07-16 12:39:00,1323.3,1323.33,1323.3,1323.33,0.0,1.59,2087.37,1
2026-07-16,2026-07-16 12:40:00,1323.33,1323.37,1323.33,1323.37,0.0,1.59,2087.37,1
2026-07-16,2026-07-16 12:41:00,1323.37,1323.4,1323.37,1323.4,0.0,1.59,2087.37,1
2026-07-16,2026-07-16 12:42:00,1323.4,1323.43,1323.4,1323.43,0.0,1.59,2087.37,1
2026-07-16,2026-07-16 12:43:00,1323.43,1323.47,1323.43,1323.47,0.0,1.59,2087.37,1
2026-07-16,2026-07-16 12:44:00,1323.47,1323.5,1323.47,1323.5,0.0,1.59,2087.37,1
2026-07-16,2026-07-16 12:45:00,1323.5,1323.53,1323.5,1323.53,0.0,1.59,2087.37,1
2026-07-16,2026-07-16 12:46:00,1323.53,1323.57,1323.53,1323.57,0.0,1.59,2087.37,1
2026-07-16,2026-07-16 12:47:00,1323.57,1323.6,1323.57,1323.6,0.0,1.59,2087.37,1
2026-07-16,2026-07-16 12:48:00,1323.6,1323.63,1323.6,1323.63,0.0,1.59,2087.37,1
2026-07-16,2026-07-16 12:49:00,1323.63,1323.67,1323.63,1323.67,0.0,1.59,2087.37,1
2026-07-16,2026-07-16 12:50:00,1323.67,1323.7,1323.67,1323.7,0.0,1.59,2087.37,1
2026-07-16,2026-07-16 12:51:00,1323.7,1323.73,1323.7,1323.73,0.0,1.59,2087.37,1
2026-07-16,2026-07-16 12:52:00,1323.73,1323.77,1323.73,1323.77,0.0,1.59,2087.37,1
2026-07-16,2026-07-16 12:53:00,1323.77,1323.8,1323.77,1323.8,0.0,1.59,2087.37,1
2026-07-16,2026-07-16 12:54:00,1323.8,1323.83,1323.8,1323.83,0.0,1.59,2087.37,1
2026-07-16,2026-07-16 12:55:00,1323.83,1323.87,1323.83,1323.87,0.0,1.59,2087.37,1
2026-07-16,2026-07-16 12:56:00,1323.87,1323.9,1323.87,1323.9,0.0,1.59,2087.37,1
2026-07-16,2026-07-16 12:57:00,1323.9,1323.93,1323.9,1323.93,0.0,1.59,2087.37,1
2026-07-16,2026-07-16 12:58:00,1323.93,1323.97,1323.93,1323.97,0.0,1.59,2087.37,1
2026-07-16,2026-07-16 12:59:00,1323.97,1324.0,1323.97,1324.0,0.0,1.59,2087.37,1
2026-07-16,2026-07-16 13:00:00,1324.0,1330.0,1300.3,1324.03,0.0,1.59,2087.37,1
2026-07-16,2026-07-16 13:01:00,1324.03,1324.07,1324.03,1324.07,0.0,1.59,2087.37,1
2026-07-16,2026-07-16 13:02:00,1324.07,1324.1,1324.07,1324.1,0.0,1.59,2087.37,1
2026-07-16,2026-07-16 13:03:00,1324.1,1324.13,1324.1,1324.13,0.0,1.59,2087.37,1
2026-07-16,2026-07-16 13:04:00,1324.13,1324.17,1324.13,1324.17,0.0,1.59,2087.37,1
2026-07-16,2026-07-16 13:05:00,1324.17,1324.2,1324.17,1324.2,0.0,1.59,2087.37,1
2026-07-16,2026-07-16 13:06:00,1324.2,1324.23,1324.2,1324.23,0.0,1.59,2087.37,1
2026-07-16,2026-07-16 13:07:00,1324.23,1324.27,1324.23,1324.27,0.0,1.59,2087.37,1
2026-07-16,2026-07-16 13:08:00,1324.27,1324.3,1324.27,1324.3,0.0,1.59,2087.37,1
2026-07-16,2026-07-16 13:09:00,1324.3,1324.33,1324.3,1324.33,0.0,1.59,2087.37,1
2026-07-16,2026-07-16 13:10:00,1324.33,1324.37,1324.33,1324.37,0.0,1.59,2087.37,1
2026-07-16,2026-07-16 13:11:00,1324.37,1324.4,1324.37,1324.4,0.0,1.59,2087.37,1
2026-07-16,2026-07-16 13:12:00,1324.4,1324.43,1324.4,1324.43,0.0,1.59,2087.37,1
2026-07-16,2026-07-16 13:13:00,1324.43,1324.47,1324.43,1324.47,0.0,1.59,2087.37,1
2026-07-16,2026-07-16 13:14:00,1324.47,1324.5,1324.47,1324.5,0.0,1.59,2087.37,1
2026-07-16,2026-07-16 13:15:00,1324.5,1324.53,1324.5,1324.53,0.0,1.59,2087.37,1
2026-07-16,2026-07-16 13:16:00,1324.53,1324.57,1324.53,1324.57,0.0,1.59,2087.37,1
2026-07-16,2026-07-16 13:17:00,1324.57,1324.6,1324.57,1324.6,0.0,1.59,2087.37,1
2026-07-16,2026-07-16 13:18:00,1324.6,1324.63,1324.6,1324.63,0.0,1.59,2087.37,1
2026-07-16,2026-07-16 13:19:00,1324.63,1324.67,1324.63,1324.67,0.0,1.59,2087.37,1
2026-07-16,2026-07-16 13:20:00,1324.67,1324.7,1324.67,1324.7,0.0,1.59,2087.37,1
2026-07-16,2026-07-16 13:21:00,1324.7,1324.73,1324.7,1324.73,0.0,1.59,2087.37,1
2026-07-16,2026-07-16 13:22:00,1324.73,1324.77,1324.73,1324.77,0.0,1.59,2087.37,1
2026-07-16,2026-07-16 13:23:00,1324.77,1324.8,1324.77,1324.8,0.0,1.59,2087.37,1
2026-07-16,2026-07-16 13:24:00,1324.8,1324.83,1324.8,1324.83,0.0,1.59,2087.37,1
2026-07-16,2026-07-16 13:25:00,1324.83,1324.87,1324.83,1324.87,0.0,1.59,2087.37,1
2026-07-16,2026-07-16 13:26:00,1324.87,1324.9,1324.87,1324.9,0.0,1.59,2087.37,1
2026-07-16,2026-07-16 13:27:00,1324.9,1324.93,1324.9,1324.93,0.0,1.59,2087.37,1
2026-07-16,2026-07-16 13:28:00,1324.93,1324.97,1324.93,1324.97,0.0,1.59,2087.37,1
2026-07-16,2026-07-16 13:29:00,1324.97,1325.0,1324.97,1325.0,0.0,1.59,2087.37,1
2026-07-16,2026-07-16 13:30:00,1325.0,1325.03,1325.0,1325.03,0.0,1.59,2087.37,1
2026-07-16,2026-07-16 13:31:00,1325.03,1325.07,1325.03,1325.07,0.0,1.59,2087.37,1
2026-07-16,2026-07-16 13:32:00,1325.07,1325.1,1325.07,1325.1,0.0,1.59,2087.37,1
2026-07-16,2026-07-16 13:33:00,1325.1,1325.13,1325.1,1325.13,0.0,1.59,2087.37,1
2026-07-16,2026-07-16 13:34:00,1325.13,1325.17,1325.13,1325.17,0.0,1.59,2087.37,1
2026-07-16,2026-07-16 13:35:00,1325.17,1325.2,1325.17,1325.2,0.0,1.59,2087.37,1
2026-07-16,2026-07-16 13:36:00,1325.2,1325.23,1325.2,1325.23,0.0,1.59,2087.37,1
2026-07-16,2026-07-16 13:37:00,1325.23,1325.27,1325.23,1325.27,0.0,1.59,2087.37,1
2026-07-16,2026-07-16 13:38:00,1325.27,1325.3,1325.27,1325.3,0.0,1.59,2087.37,1
2026-07-16,2026-07-16 13:39:00,1325.3,1325.33,1325.3,1325.33,0.0,1.59,2087.37,1
2026-07-16,2026-07-16 13:40:00,1325.33,1325.37,1325.33,1325.37,0.0,1.59,2087.37,1
2026-07-16,2026-07-16 13:41:00,1325.37,1325.4,1325.37,1325.4,0.0,1.59,2087.37,1
2026-07-16,2026-07-16 13:42:00,1325.4,1325.43,1325.4,1325.43,0.0,1.59,2087.37,1
2026-07-16,2026-07-16 13:43:00,1325.43,1325.47,1325.43,1325.47,0.0,1.59,2087.37,1
2026-07-16,2026-07-16 13:44:00,1325.47,1325.5,1325.47,1325.5,0.0,1.59,2087.37,1
2026-07-16,2026-07-16 13:45:00,1325.5,1325.53,1325.5,1325.53,0.0,1.59,2087.37,1
2026-07-16,2026-07-16 13:46:00,1325.53,1325.57,1325.53,1325.57,0.0,1.59,2087.37,1
2026-07-16,2026-07-16 13:47:00,1325.57,1325.6,1325.57,1325.6,0.0,1.59,2087.37,1
2026-07-16,2026-07-16 13:48:00,1325.6,1325.63,1325.6,1325.63,0.0,1.59,2087.37,1
2026-07-16,2026-07-16 13:49:00,1325.63,1325.67,1325.63,1325.67,0.0,1.59,2087.37,1
2026-07-16,2026-07-16 13:50:00,1325.67,1325.7,1325.67,1325.7,0.0,1.59,2087.37,1
2026-07-16,2026-07-16 13:51:00,1325.7,1325.73,1325.7,1325.73,0.0,1.59,2087.37,1
2026-07-16,2026-07-16 13:52:00,1325.73,1325.77,1325.73,1325.77,0.0,1.59,2087.37,1
2026-07-16,2026-07-16 13:53:00,1325.77,1325.8,1325.77,1325.8,0.0,1.59,2087.37,1
2026-07-16,2026-07-16 13:54:00,1325.8,1325.83,1325.8,1325.83,0.0,1.59,2087.37,1
2026-07-16,2026-07-16 13:55:00,1325.83,1325.87,1325.83,1325.87,0.0,1.59,2087.37,1
2026-07-16,2026-07-16 13:56:00,1325.87,1325.9,1325.87,1325.9,0.0,1.59,2087.37,1
2026-07-16,2026-07-16 13:57:00,1325.9,1325.93,1325.9,1325.93,0.0,1.59,2087.37,1
2026-07-16,2026-07-16 13:58:00,1325.93,1325.97,1325.93,1325.97,0.0,1.59,2087.37,1
2026-07-16,2026-07-16 13:59:00,1325.97,1326.0,1325.97,1326.0,0.0,1.59,2087.37,1
2026-07-16,2026-07-16 14:00:00,1326.0,1326.03,1326.0,1326.03,0.0,1.59,2087.37,1
2026-07-16,2026-07-16 14:01:00,1326.03,1326.07,1326.03,1326.07,0.0,1.59,2087.37,1
2026-07-16,2026-07-16 14:02:00,1326.07,1326.1,1326.07,1326.1,0.0,1.59,2087.37,1
2026-07-16,2026-07-16 14:03:00,1326.1,1326.13,1326.1,1326.13,0.0,1.59,2087.37,1
2026-07-16,2026-07-16 14:04:00,1326.13,1326.17,1326.13,1326.17,0.0,1.59,2087.37,1
2026-07-16,2026-07-16 14:05:00,1326.17,1326.2,1326.17,1326.2,0.0,1.59,2087.37,1
2026-07-16,2026-07-16 14:06:00,1326.2,1326.23,1326.2,1326.23,0.0,1.59,2087.37,1
2026-07-16,2026-07-16 14:07:00,1326.23,1326.27,1326.23,1326.27,0.0,1.59,2087.37,1
2026-07-16,2026-07-16 14:08:00,1326.27,1326.3,1326.27,1326.3,0.0,1.59,2087.37,1
2026-07-16,2026-07-16 14:09:00,1326.3,1326.33,1326.3,1326.33,0.0,1.59,2087.37,1
2026-07-16,2026-07-16 14:10:00,1326.33,1326.37,1326.33,1326.37,0.0,1.59,2087.37,1
2026-07-16,2026-07-16 14:11:00,1326.37,1326.4,1326.37,1326.4,0.0,1.59,2087.37,1
2026-07-16,2026-07-16 14:12:00,1326.4,1326.43,1326.4,1326.43,0.0,1.59,2087.37,1
2026-07-16,2026-07-16 14:13:00,1326.43,1326.47,1326.43,1326.47,0.0,1.59,2087.37,1
2026-07-16,2026-07-16 14:14:00,1326.47,1326.5,1326.47,1326.5,0.0,1.59,2087.37,1
2026-07-16,2026-07-16 14:15:00,1326.5,1326.53,1326.5,1326.53,0.0,1.59,2087.37,1
2026-07-16,2026-07-16 14:16:00,1326.53,1326.57,1326.53,1326.57,0.0,1.59,2087.37,1
2026-07-16,2026-07-16 14:17:00,1326.57,1326.6,1326.57,1326.6,0.0,1.59,2087.37,1
2026-07-16,2026-07-16 14:18:00,1326.6,1326.63,1326.6,1326.63,0.0,1.59,2087.37,1
2026-07-16,2026-07-16 14:19:00,1326.63,1326.67,1326.63,1326.67,0.0,1.59,2087.37,1
2026-07-16,2026-07-16 14:20:00,1326.67,1326.7,1326.67,1326.7,0.0,1.59,2087.37,1
2026-07-16,2026-07-16 14:21:00,1326.7,1326.73,1326.7,1326.73,0.0,1.59,2087.37,1
2026-07-16,2026-07-16 14:22:00,1326.73,1326.77,1326.73,1326.77,0.0,1.59,2087.37,1
2026-07-16,2026-07-16 14:23:00,1326.77,1326.8,1326.77,1326.8,0.0,1.59,2087.37,1
2026-07-16,2026-07-16 14:24:00,1326.8,1326.83,1326.8,1326.83,0.0,1.59,2087.37,1
2026-07-16,2026-07-16 14:25:00,1326.83,1326.87,1326.83,1326.87,0.0,1.59,2087.37,1
2026-07-16,2026-07-16 14:26:00,1326.87,1326.9,1326.87,1326.9,0.0,1.59,2087.37,1
2026-07-16,2026-07-16 14:27:00,1326.9,1326.93,1326.9,1326.93,0.0,1.59,2087.37,1
2026-07-16,2026-07-16 14:28:00,1326.93,1326.97,1326.93,1326.97,0.0,1.59,2087.37,1
2026-07-16,2026-07-16 14:29:00,1326.97,1327.0,1326.97,1327.0,0.0,1.59,2087.37,1
2026-07-16,2026-07-16 14:30:00,1327.0,1327.03,1327.0,1327.03,0.0,1.59,2087.37,1
2026-07-16,2026-07-16 14:31:00,1327.03,1327.07,1327.03,1327.07,0.0,1.59,2087.37,1
2026-07-16,2026-07-16 14:32:00,1327.07,1327.1,1327.07,1327.1,0.0,1.59,2087.37,1
2026-07-16,2026-07-16 14:33:00,1327.1,1327.13,1327.1,1327.13,0.0,1.59,2087.37,1
2026-07-16,2026-07-16 14:34:00,1327.13,1327.17,1327.13,1327.17,0.0,1.59,2087.37,1
2026-07-16,2026-07-16 14:35:00,1327.17,1327.2,1327.17,1327.2,0.0,1.59,2087.37,1
2026-07-16,2026-07-16 14:36:00,1327.2,1327.23,1327.2,1327.23,0.0,1.59,2087.37,1
2026-07-16,2026-07-16 14:37:00,1327.23,1327.27,1327.23,1327.27,0.0,1.59,2087.37,1
2026-07-16,2026-07-16 14:38:00,1327.27,1327.3,1327.27,1327.3,0.0,1.59,2087.37,1
2026-07-16,2026-07-16 14:39:00,1327.3,1327.33,1327.3,1327.33,0.0,1.59,2087.37,1
2026-07-16,2026-07-16 14:40:00,1327.33,1327.37,1327.33,1327.37,0.0,1.59,2087.37,1
2026-07-16,2026-07-16 14:41:00,1327.37,1327.4,1327.37,1327.4,0.0,1.59,2087.37,1
2026-07-16,2026-07-16 14:42:00,1327.4,1327.43,1327.4,1327.43,0.0,1.59,2087.37,1
2026-07-16,2026-07-16 14:43:00,1327.43,1327.47,1327.43,1327.47,0.0,1.59,2087.37,1
2026-07-16,2026-07-16 14:44:00,1327.47,1327.5,1327.47,1327.5,0.0,1.59,2087.37,1
2026-07-16,2026-07-16 14:45:00,1327.5,1327.53,1327.5,1327.53,0.0,1.59,2087.37,1
2026-07-16,2026-07-16 14:46:00,1327.53,1327.57,1327.53,1327.57,0.0,1.59,2087.37,1
2026-07-16,2026-07-16 14:47:00,1327.57,1327.6,1327.57,1327.6,0.0,1.59,2087.37,1
2026-07-16,2026-07-16 14:48:00,1327.6,1327.63,1327.6,1327.63,0.0,1.59,2087.37,1
2026-07-16,2026-07-16 14:49:00,1327.63,1327.67,1327.63,1327.67,0.0,1.59,2087.37,1
2026-07-16,2026-07-16 14:50:00,1327.67,1327.7,1327.67,1327.7,0.0,1.59,2087.37,1
2026-07-16,2026-07-16 14:51:00,1327.7,1327.73,1327.7,1327.73,0.0,1.59,2087.37,1
2026-07-16,2026-07-16 14:52:00,1327.73,1327.77,1327.73,1327.77,0.0,1.59,2087.37,1
2026-07-16,2026-07-16 14:53:00,1327.77,1327.8,1327.77,1327.8,0.0,1.59,2087.37,1
2026-07-16,2026-07-16 14:54:00,1327.8,1327.83,1327.8,1327.83,0.0,1.59,2087.37,1
2026-07-16,2026-07-16 14:55:00,1327.83,1327.87,1327.83,1327.87,0.0,1.59,2087.37,1
2026-07-16,2026-07-16 14:56:00,1327.87,1327.9,1327.87,1327.9,0.0,1.59,2087.37,1
2026-07-16,2026-07-16 14:57:00,1327.9,1327.93,1327.9,1327.93,0.0,1.59,2087.37,1
2026-07-16,2026-07-16 14:58:00,1327.93,1327.97,1327.93,1327.97,0.0,1.59,2087.37,1
2026-07-16,2026-07-16 14:59:00,1327.97,1328.0,1327.97,1328.0,0.0,1.59,2087.37,1
2026-07-16,2026-07-16 15:00:00,1328.0,1330.0,1300.3,1328.0,0.0,1.59,2087.37,0
2026-07-17,2026-07-17 11:00:00,1328.0,1346.6,1328.0,1328.13,0.01,5.1,6892.82,1
2026-07-17,2026-07-17 11:01:00,1328.13,1328.27,1328.13,1328.27,0.01,5.1,6892.82,1
2026-07-17,2026-07-17 11:02:00,1328.27,1328.4,1328.27,1328.4,0.01,5.1,6892.82,1
2026-07-17,2026-07-17 11:03:00,1328.4,1328.53,1328.4,1328.53,0.01,5.1,6892.82,1
2026-07-17,2026-07-17 11:04:00,1328.53,1328.67,1328.53,1328.67,0.01,5.1,6892.82,1
2026-07-17,2026-07-17 11:05:00,1328.67,1328.8,1328.67,1328.8,0.01,5.1,6892.82,1
2026-07-17,2026-07-17 11:06:00,1328.8,1328.93,1328.8,1328.93,0.01,5.1,6892.82,1
2026-07-17,2026-07-17 11:07:00,1328.93,1329.07,1328.93,1329.07,0.01,5.1,6892.82,1
2026-07-17,2026-07-17 11:08:00,1329.07,1329.2,1329.07,1329.2,0.01,5.1,6892.82,1
2026-07-17,2026-07-17 11:09:00,1329.2,1329.33,1329.2,1329.33,0.01,5.1,6892.82,1
2026-07-17,2026-07-17 11:10:00,1329.33,1329.47,1329.33,1329.47,0.01,5.1,6892.82,1
2026-07-17,2026-07-17 11:11:00,1329.47,1329.6,1329.47,1329.6,0.01,5.1,6892.82,1
2026-07-17,2026-07-17 11:12:00,1329.6,1329.73,1329.6,1329.73,0.01,5.1,6892.82,1
2026-07-17,2026-07-17 11:13:00,1329.73,1329.87,1329.73,1329.87,0.01,5.1,6892.82,1
2026-07-17,2026-07-17 11:14:00,1329.87,1330.0,1329.87,1330.0,0.01,5.1,6892.82,1
2026-07-17,2026-07-17 11:15:00,1330.0,1330.13,1330.0,1330.13,0.01,5.1,6892.82,1
2026-07-17,2026-07-17 11:16:00,1330.13,1330.27,1330.13,1330.27,0.01,5.1,6892.82,1
2026-07-17,2026-07-17 11:17:00,1330.27,1330.4,1330.27,1330.4,0.01,5.1,6892.82,1
2026-07-17,2026-07-17 11:18:00,1330.4,1330.53,1330.4,1330.53,0.01,5.1,6892.82,1
2026-07-17,2026-07-17 11:19:00,1330.53,1330.67,1330.53,1330.67,0.01,5.1,6892.82,1
2026-07-17,2026-07-17 11:20:00,1330.67,1330.8,1330.67,1330.8,0.01,5.1,6892.82,1
2026-07-17,2026-07-17 11:21:00,1330.8,1330.93,1330.8,1330.93,0.01,5.1,6892.82,1
2026-07-17,2026-07-17 11:22:00,1330.93,1331.07,1330.93,1331.07,0.01,5.1,6892.82,1
2026-07-17,2026-07-17 11:23:00,1331.07,1331.2,1331.07,1331.2,0.01,5.1,6892.82,1
2026-07-17,2026-07-17 11:24:00,1331.2,1331.33,1331.2,1331.33,0.01,5.1,6892.82,1
2026-07-17,2026-07-17 11:25:00,1331.33,1331.47,1331.33,1331.47,0.01,5.1,6892.82,1
2026-07-17,2026-07-17 11:26:00,1331.47,1331.6,1331.47,1331.6,0.01,5.1,6892.82,1
2026-07-17,2026-07-17 11:27:00,1331.6,1331.73,1331.6,1331.73,0.01,5.1,6892.82,1
2026-07-17,2026-07-17 11:28:00,1331.73,1331.87,1331.73,1331.87,0.01,5.1,6892.82,1
2026-07-17,2026-07-17 11:29:00,1331.87,1332.0,1331.87,1332.0,0.01,5.1,6892.82,1
2026-07-17,2026-07-17 11:30:00,1332.0,1332.13,1332.0,1332.13,0.01,5.1,6892.82,1
2026-07-17,2026-07-17 11:31:00,1332.13,1332.27,1332.13,1332.27,0.01,5.1,6892.82,1
2026-07-17,2026-07-17 11:32:00,1332.27,1332.4,1332.27,1332.4,0.01,5.1,6892.82,1
2026-07-17,2026-07-17 11:33:00,1332.4,1332.53,1332.4,1332.53,0.01,5.1,6892.82,1
2026-07-17,2026-07-17 11:34:00,1332.53,1332.67,1332.53,1332.67,0.01,5.1,6892.82,1
2026-07-17,2026-07-17 11:35:00,1332.67,1332.8,1332.67,1332.8,0.01,5.1,6892.82,1
2026-07-17,2026-07-17 11:36:00,1332.8,1332.93,1332.8,1332.93,0.01,5.1,6892.82,1
2026-07-17,2026-07-17 11:37:00,1332.93,1333.07,1332.93,1333.07,0.01,5.1,6892.82,1
2026-07-17,2026-07-17 11:38:00,1333.07,1333.2,1333.07,1333.2,0.01,5.1,6892.82,1
2026-07-17,2026-07-17 11:39:00,1333.2,1333.33,1333.2,1333.33,0.01,5.1,6892.82,1
2026-07-17,2026-07-17 11:40:00,1333.33,1333.47,1333.33,1333.47,0.01,5.1,6892.82,1
2026-07-17,2026-07-17 11:41:00,1333.47,1333.6,1333.47,1333.6,0.01,5.1,6892.82,1
2026-07-17,2026-07-17 11:42:00,1333.6,1333.73,1333.6,1333.73,0.01,5.1,6892.82,1
2026-07-17,2026-07-17 11:43:00,1333.73,1333.87,1333.73,1333.87,0.01,5.1,6892.82,1
2026-07-17,2026-07-17 11:44:00,1333.87,1334.0,1333.87,1334.0,0.01,5.1,6892.82,1
2026-07-17,2026-07-17 11:45:00,1334.0,1334.13,1334.0,1334.13,0.01,5.1,6892.82,1
2026-07-17,2026-07-17 11:46:00,1334.13,1334.27,1334.13,1334.27,0.01,5.1,6892.82,1
2026-07-17,2026-07-17 11:47:00,1334.27,1334.4,1334.27,1334.4,0.01,5.1,6892.82,1
2026-07-17,2026-07-17 11:48:00,1334.4,1334.53,1334.4,1334.53,0.01,5.1,6892.82,1
2026-07-17,2026-07-17 11:49:00,1334.53,1334.67,1334.53,1334.67,0.01,5.1,6892.82,1
2026-07-17,2026-07-17 11:50:00,1334.67,1334.8,1334.67,1334.8,0.01,5.1,6892.82,1
2026-07-17,2026-07-17 11:51:00,1334.8,1334.93,1334.8,1334.93,0.01,5.1,6892.82,1
2026-07-17,2026-07-17 11:52:00,1334.93,1335.07,1334.93,1335.07,0.01,5.1,6892.82,1
2026-07-17,2026-07-17 11:53:00,1335.07,1335.2,1335.07,1335.2,0.01,5.1,6892.82,1
2026-07-17,2026-07-17 11:54:00,1335.2,1335.33,1335.2,1335.33,0.01,5.1,6892.82,1
2026-07-17,2026-07-17 11:55:00,1335.33,1335.47,1335.33,1335.47,0.01,5.1,6892.82,1
2026-07-17,2026-07-17 11:56:00,1335.47,1335.6,1335.47,1335.6,0.01,5.1,6892.82,1
2026-07-17,2026-07-17 11:57:00,1335.6,1335.73,1335.6,1335.73,0.01,5.1,6892.82,1
2026-07-17,2026-07-17 11:58:00,1335.73,1335.87,1335.73,1335.87,0.01,5.1,6892.82,1
2026-07-17,2026-07-17 11:59:00,1335.87,1336.0,1335.87,1336.0,0.01,5.1,6892.82,1
2026-07-17,2026-07-17 12:00:00,1336.0,1336.13,1336.0,1336.13,0.01,5.1,6892.82,1
2026-07-17,2026-07-17 12:01:00,1336.13,1336.27,1336.13,1336.27,0.01,5.1,6892.82,1
2026-07-17,2026-07-17 12:02:00,1336.27,1336.4,1336.27,1336.4,0.01,5.1,6892.82,1
2026-07-17,2026-07-17 12:03:00,1336.4,1336.53,1336.4,1336.53,0.01,5.1,6892.82,1
2026-07-17,2026-07-17 12:04:00,1336.53,1336.67,1336.53,1336.67,0.01,5.1,6892.82,1
2026-07-17,2026-07-17 12:05:00,1336.67,1336.8,1336.67,1336.8,0.01,5.1,6892.82,1
2026-07-17,2026-07-17 12:06:00,1336.8,1336.93,1336.8,1336.93,0.01,5.1,6892.82,1
2026-07-17,2026-07-17 12:07:00,1336.93,1337.07,1336.93,1337.07,0.01,5.1,6892.82,1
2026-07-17,2026-07-17 12:08:00,1337.07,1337.2,1337.07,1337.2,0.01,5.1,6892.82,1
2026-07-17,2026-07-17 12:09:00,1337.2,1337.33,1337.2,1337.33,0.01,5.1,6892.82,1
2026-07-17,2026-07-17 12:10:00,1337.33,1337.47,1337.33,1337.47,0.01,5.1,6892.82,1
2026-07-17,2026-07-17 12:11:00,1337.47,1337.6,1337.47,1337.6,0.01,5.1,6892.82,1
2026-07-17,2026-07-17 12:12:00,1337.6,1337.73,1337.6,1337.73,0.01,5.1,6892.82,1
2026-07-17,2026-07-17 12:13:00,1337.73,1337.87,1337.73,1337.87,0.01,5.1,6892.82,1
2026-07-17,2026-07-17 12:14:00,1337.87,1338.0,1337.87,1338.0,0.01,5.1,6892.82,1
2026-07-17,2026-07-17 12:15:00,1338.0,1338.13,1338.0,1338.13,0.01,5.1,6892.82,1
2026-07-17,2026-07-17 12:16:00,1338.13,1338.27,1338.13,1338.27,0.01,5.1,6892.82,1
2026-07-17,2026-07-17 12:17:00,1338.27,1338.4,1338.27,1338.4,0.01,5.1,6892.82,1
2026-07-17,2026-07-17 12:18:00,1338.4,1338.53,1338.4,1338.53,0.01,5.1,6892.82,1
2026-07-17,2026-07-17 12:19:00,1338.53,1338.67,1338.53,1338.67,0.01,5.1,6892.82,1
2026-07-17,2026-07-17 12:20:00,1338.67,1338.8,1338.67,1338.8,0.01,5.1,6892.82,1
2026-07-17,2026-07-17 12:21:00,1338.8,1338.93,1338.8,1338.93,0.01,5.1,6892.82,1
2026-07-17,2026-07-17 12:22:00,1338.93,1339.07,1338.93,1339.07,0.01,5.1,6892.82,1
2026-07-17,2026-07-17 12:23:00,1339.07,1339.2,1339.07,1339.2,0.01,5.1,6892.82,1
2026-07-17,2026-07-17 12:24:00,1339.2,1339.33,1339.2,1339.33,0.01,5.1,6892.82,1
2026-07-17,2026-07-17 12:25:00,1339.33,1339.47,1339.33,1339.47,0.01,5.1,6892.82,1
2026-07-17,2026-07-17 12:26:00,1339.47,1339.6,1339.47,1339.6,0.01,5.1,6892.82,1
2026-07-17,2026-07-17 12:27:00,1339.6,1339.73,1339.6,1339.73,0.01,5.1,6892.82,1
2026-07-17,2026-07-17 12:28:00,1339.73,1339.87,1339.73,1339.87,0.01,5.1,6892.82,1
2026-07-17,2026-07-17 12:29:00,1339.87,1340.0,1339.87,1340.0,0.01,5.1,6892.82,1
2026-07-17,2026-07-17 12:30:00,1340.0,1340.13,1340.0,1340.13,0.01,5.1,6892.82,1
2026-07-17,2026-07-17 12:31:00,1340.13,1340.27,1340.13,1340.27,0.01,5.1,6892.82,1
2026-07-17,2026-07-17 12:32:00,1340.27,1340.4,1340.27,1340.4,0.01,5.1,6892.82,1
2026-07-17,2026-07-17 12:33:00,1340.4,1340.53,1340.4,1340.53,0.01,5.1,6892.82,1
2026-07-17,2026-07-17 12:34:00,1340.53,1340.67,1340.53,1340.67,0.01,5.1,6892.82,1
2026-07-17,2026-07-17 12:35:00,1340.67,1340.8,1340.67,1340.8,0.01,5.1,6892.82,1
2026-07-17,2026-07-17 12:36:00,1340.8,1340.93,1340.8,1340.93,0.01,5.1,6892.82,1
2026-07-17,2026-07-17 12:37:00,1340.93,1341.07,1340.93,1341.07,0.01,5.1,6892.82,1
2026-07-17,2026-07-17 12:38:00,1341.07,1341.2,1341.07,1341.2,0.01,5.1,6892.82,1
2026-07-17,2026-07-17 12:39:00,1341.2,1341.33,1341.2,1341.33,0.01,5.1,6892.82,1
2026-07-17,2026-07-17 12:40:00,1341.33,1341.47,1341.33,1341.47,0.01,5.1,6892.82,1
2026-07-17,2026-07-17 12:41:00,1341.47,1341.6,1341.47,1341.6,0.01,5.1,6892.82,1
2026-07-17,2026-07-17 12:42:00,1341.6,1341.73,1341.6,1341.73,0.01,5.1,6892.82,1
2026-07-17,2026-07-17 12:43:00,1341.73,1341.87,1341.73,1341.87,0.01,5.1,6892.82,1
2026-07-17,2026-07-17 12:44:00,1341.87,1342.0,1341.87,1342.0,0.01,5.1,6892.82,1
2026-07-17,2026-07-17 12:45:00,1342.0,1342.13,1342.0,1342.13,0.01,5.1,6892.82,1
2026-07-17,2026-07-17 12:46:00,1342.13,1342.27,1342.13,1342.27,0.01,5.1,6892.82,1
2026-07-17,2026-07-17 12:47:00,1342.27,1342.4,1342.27,1342.4,0.01,5.1,6892.82,1
2026-07-17,2026-07-17 12:48:00,1342.4,1342.53,1342.4,1342.53,0.01,5.1,6892.82,1
2026-07-17,2026-07-17 12:49:00,1342.53,1342.67,1342.53,1342.67,0.01,5.1,6892.82,1
2026-07-17,2026-07-17 12:50:00,1342.67,1342.8,1342.67,1342.8,0.01,5.1,6892.82,1
2026-07-17,2026-07-17 12:51:00,1342.8,1342.93,1342.8,1342.93,0.01,5.1,6892.82,1
2026-07-17,2026-07-17 12:52:00,1342.93,1343.07,1342.93,1343.07,0.01,5.1,6892.82,1
2026-07-17,2026-07-17 12:53:00,1343.07,1343.2,1343.07,1343.2,0.01,5.1,6892.82,1
2026-07-17,2026-07-17 12:54:00,1343.2,1343.33,1343.2,1343.33,0.01,5.1,6892.82,1
2026-07-17,2026-07-17 12:55:00,1343.33,1343.47,1343.33,1343.47,0.01,5.1,6892.82,1
2026-07-17,2026-07-17 12:56:00,1343.47,1343.6,1343.47,1343.6,0.01,5.1,6892.82,1
2026-07-17,2026-07-17 12:57:00,1343.6,1343.73,1343.6,1343.73,0.01,5.1,6892.82,1
2026-07-17,2026-07-17 12:58:00,1343.73,1343.87,1343.73,1343.87,0.01,5.1,6892.82,1
2026-07-17,2026-07-17 12:59:00,1343.87,1344.0,1343.87,1344.0,0.01,5.1,6892.82,1
2026-07-17,2026-07-17 13:00:00,1344.0,1390.0,1328.0,1344.13,0.01,5.1,6892.82,1
2026-07-17,2026-07-17 13:01:00,1344.13,1344.27,1344.13,1344.27,0.01,5.1,6892.82,1
2026-07-17,2026-07-17 13:02:00,1344.27,1344.4,1344.27,1344.4,0.01,5.1,6892.82,1
2026-07-17,2026-07-17 13:03:00,1344.4,1344.53,1344.4,1344.53,0.01,5.1,6892.82,1
2026-07-17,2026-07-17 13:04:00,1344.53,1344.67,1344.53,1344.67,0.01,5.1,6892.82,1
2026-07-17,2026-07-17 13:05:00,1344.67,1344.8,1344.67,1344.8,0.01,5.1,6892.82,1
2026-07-17,2026-07-17 13:06:00,1344.8,1344.93,1344.8,1344.93,0.01,5.1,6892.82,1
2026-07-17,2026-07-17 13:07:00,1344.93,1345.07,1344.93,1345.07,0.01,5.1,6892.82,1
2026-07-17,2026-07-17 13:08:00,1345.07,1345.2,1345.07,1345.2,0.01,5.1,6892.82,1
2026-07-17,2026-07-17 13:09:00,1345.2,1345.33,1345.2,1345.33,0.01,5.1,6892.82,1
2026-07-17,2026-07-17 13:10:00,1345.33,1345.47,1345.33,1345.47,0.01,5.1,6892.82,1
2026-07-17,2026-07-17 13:11:00,1345.47,1345.6,1345.47,1345.6,0.01,5.1,6892.82,1
2026-07-17,2026-07-17 13:12:00,1345.6,1345.73,1345.6,1345.73,0.01,5.1,6892.82,1
2026-07-17,2026-07-17 13:13:00,1345.73,1345.87,1345.73,1345.87,0.01,5.1,6892.82,1
2026-07-17,2026-07-17 13:14:00,1345.87,1346.0,1345.87,1346.0,0.01,5.1,6892.82,1
2026-07-17,2026-07-17 13:15:00,1346.0,1346.13,1346.0,1346.13,0.01,5.1,6892.82,1
2026-07-17,2026-07-17 13:16:00,1346.13,1346.27,1346.13,1346.27,0.01,5.1,6892.82,1
2026-07-17,2026-07-17 13:17:00,1346.27,1346.4,1346.27,1346.4,0.01,5.1,6892.82,1
2026-07-17,2026-07-17 13:18:00,1346.4,1346.53,1346.4,1346.53,0.01,5.1,6892.82,1
2026-07-17,2026-07-17 13:19:00,1346.53,1346.67,1346.53,1346.67,0.01,5.1,6892.82,1
2026-07-17,2026-07-17 13:20:00,1346.67,1346.8,1346.67,1346.8,0.01,5.1,6892.82,1
2026-07-17,2026-07-17 13:21:00,1346.8,1346.93,1346.8,1346.93,0.01,5.1,6892.82,1
2026-07-17,2026-07-17 13:22:00,1346.93,1347.07,1346.93,1347.07,0.01,5.1,6892.82,1
2026-07-17,2026-07-17 13:23:00,1347.07,1347.2,1347.07,1347.2,0.01,5.1,6892.82,1
2026-07-17,2026-07-17 13:24:00,1347.2,1347.33,1347.2,1347.33,0.01,5.1,6892.82,1
2026-07-17,2026-07-17 13:25:00,1347.33,1347.47,1347.33,1347.47,0.01,5.1,6892.82,1
2026-07-17,2026-07-17 13:26:00,1347.47,1347.6,1347.47,1347.6,0.01,5.1,6892.82,1
2026-07-17,2026-07-17 13:27:00,1347.6,1347.73,1347.6,1347.73,0.01,5.1,6892.82,1
2026-07-17,2026-07-17 13:28:00,1347.73,1347.87,1347.73,1347.87,0.01,5.1,6892.82,1
2026-07-17,2026-07-17 13:29:00,1347.87,1348.0,1347.87,1348.0,0.01,5.1,6892.82,1
2026-07-17,2026-07-17 13:30:00,1348.0,1348.13,1348.0,1348.13,0.01,5.1,6892.82,1
2026-07-17,2026-07-17 13:31:00,1348.13,1348.27,1348.13,1348.27,0.01,5.1,6892.82,1
2026-07-17,2026-07-17 13:32:00,1348.27,1348.4,1348.27,1348.4,0.01,5.1,6892.82,1
2026-07-17,2026-07-17 13:33:00,1348.4,1348.53,1348.4,1348.53,0.01,5.1,6892.82,1
2026-07-17,2026-07-17 13:34:00,1348.53,1348.67,1348.53,1348.67,0.01,5.1,6892.82,1
2026-07-17,2026-07-17 13:35:00,1348.67,1348.8,1348.67,1348.8,0.01,5.1,6892.82,1
2026-07-17,2026-07-17 13:36:00,1348.8,1348.93,1348.8,1348.93,0.01,5.1,6892.82,1
2026-07-17,2026-07-17 13:37:00,1348.93,1349.07,1348.93,1349.07,0.01,5.1,6892.82,1
2026-07-17,2026-07-17 13:38:00,1349.07,1349.2,1349.07,1349.2,0.01,5.1,6892.82,1
2026-07-17,2026-07-17 13:39:00,1349.2,1349.33,1349.2,1349.33,0.01,5.1,6892.82,1
2026-07-17,2026-07-17 13:40:00,1349.33,1349.47,1349.33,1349.47,0.01,5.1,6892.82,1
2026-07-17,2026-07-17 13:41:00,1349.47,1349.6,1349.47,1349.6,0.01,5.1,6892.82,1
2026-07-17,2026-07-17 13:42:00,1349.6,1349.73,1349.6,1349.73,0.01,5.1,6892.82,1
2026-07-17,2026-07-17 13:43:00,1349.73,1349.87,1349.73,1349.87,0.01,5.1,6892.82,1
2026-07-17,2026-07-17 13:44:00,1349.87,1350.0,1349.87,1350.0,0.01,5.1,6892.82,1
2026-07-17,2026-07-17 13:45:00,1350.0,1350.13,1350.0,1350.13,0.01,5.1,6892.82,1
2026-07-17,2026-07-17 13:46:00,1350.13,1350.27,1350.13,1350.27,0.01,5.1,6892.82,1
2026-07-17,2026-07-17 13:47:00,1350.27,1350.4,1350.27,1350.4,0.01,5.1,6892.82,1
2026-07-17,2026-07-17 13:48:00,1350.4,1350.53,1350.4,1350.53,0.01,5.1,6892.82,1
2026-07-17,2026-07-17 13:49:00,1350.53,1350.67,1350.53,1350.67,0.01,5.1,6892.82,1
2026-07-17,2026-07-17 13:50:00,1350.67,1350.8,1350.67,1350.8,0.01,5.1,6892.82,1
2026-07-17,2026-07-17 13:51:00,1350.8,1350.93,1350.8,1350.93,0.01,5.1,6892.82,1
2026-07-17,2026-07-17 13:52:00,1350.93,1351.07,1350.93,1351.07,0.01,5.1,6892.82,1
2026-07-17,2026-07-17 13:53:00,1351.07,1351.2,1351.07,1351.2,0.01,5.1,6892.82,1
2026-07-17,2026-07-17 13:54:00,1351.2,1351.33,1351.2,1351.33,0.01,5.1,6892.82,1
2026-07-17,2026-07-17 13:55:00,1351.33,1351.47,1351.33,1351.47,0.01,5.1,6892.82,1
2026-07-17,2026-07-17 13:56:00,1351.47,1351.6,1351.47,1351.6,0.01,5.1,6892.82,1
2026-07-17,2026-07-17 13:57:00,1351.6,1351.73,1351.6,1351.73,0.01,5.1,6892.82,1
2026-07-17,2026-07-17 13:58:00,1351.73,1351.87,1351.73,1351.87,0.01,5.1,6892.82,1
2026-07-17,2026-07-17 13:59:00,1351.87,1352.0,1351.87,1352.0,0.01,5.1,6892.82,1
2026-07-17,2026-07-17 14:00:00,1352.0,1352.13,1352.0,1352.13,0.01,5.1,6892.82,1
2026-07-17,2026-07-17 14:01:00,1352.13,1352.27,1352.13,1352.27,0.01,5.1,6892.82,1
2026-07-17,2026-07-17 14:02:00,1352.27,1352.4,1352.27,1352.4,0.01,5.1,6892.82,1
2026-07-17,2026-07-17 14:03:00,1352.4,1352.53,1352.4,1352.53,0.01,5.1,6892.82,1
2026-07-17,2026-07-17 14:04:00,1352.53,1352.67,1352.53,1352.67,0.01,5.1,6892.82,1
2026-07-17,2026-07-17 14:05:00,1352.67,1352.8,1352.67,1352.8,0.01,5.1,6892.82,1
2026-07-17,2026-07-17 14:06:00,1352.8,1352.93,1352.8,1352.93,0.01,5.1,6892.82,1
2026-07-17,2026-07-17 14:07:00,1352.93,1353.07,1352.93,1353.07,0.01,5.1,6892.82,1
2026-07-17,2026-07-17 14:08:00,1353.07,1353.2,1353.07,1353.2,0.01,5.1,6892.82,1
2026-07-17,2026-07-17 14:09:00,1353.2,1353.33,1353.2,1353.33,0.01,5.1,6892.82,1
2026-07-17,2026-07-17 14:10:00,1353.33,1353.47,1353.33,1353.47,0.01,5.1,6892.82,1
2026-07-17,2026-07-17 14:11:00,1353.47,1353.6,1353.47,1353.6,0.01,5.1,6892.82,1
2026-07-17,2026-07-17 14:12:00,1353.6,1353.73,1353.6,1353.73,0.01,5.1,6892.82,1
2026-07-17,2026-07-17 14:13:00,1353.73,1353.87,1353.73,1353.87,0.01,5.1,6892.82,1
2026-07-17,2026-07-17 14:14:00,1353.87,1354.0,1353.87,1354.0,0.01,5.1,6892.82,1
2026-07-17,2026-07-17 14:15:00,1354.0,1354.13,1354.0,1354.13,0.01,5.1,6892.82,1
2026-07-17,2026-07-17 14:16:00,1354.13,1354.27,1354.13,1354.27,0.01,5.1,6892.82,1
2026-07-17,2026-07-17 14:17:00,1354.27,1354.4,1354.27,1354.4,0.01,5.1,6892.82,1
2026-07-17,2026-07-17 14:18:00,1354.4,1354.53,1354.4,1354.53,0.01,5.1,6892.82,1
2026-07-17,2026-07-17 14:19:00,1354.53,1354.67,1354.53,1354.67,0.01,5.1,6892.82,1
2026-07-17,2026-07-17 14:20:00,1354.67,1354.8,1354.67,1354.8,0.01,5.1,6892.82,1
2026-07-17,2026-07-17 14:21:00,1354.8,1354.93,1354.8,1354.93,0.01,5.1,6892.82,1
2026-07-17,2026-07-17 14:22:00,1354.93,1355.07,1354.93,1355.07,0.01,5.1,6892.82,1
2026-07-17,2026-07-17 14:23:00,1355.07,1355.2,1355.07,1355.2,0.01,5.1,6892.82,1
2026-07-17,2026-07-17 14:24:00,1355.2,1355.33,1355.2,1355.33,0.01,5.1,6892.82,1
2026-07-17,2026-07-17 14:25:00,1355.33,1355.47,1355.33,1355.47,0.01,5.1,6892.82,1
2026-07-17,2026-07-17 14:26:00,1355.47,1355.6,1355.47,1355.6,0.01,5.1,6892.82,1
2026-07-17,2026-07-17 14:27:00,1355.6,1355.73,1355.6,1355.73,0.01,5.1,6892.82,1
2026-07-17,2026-07-17 14:28:00,1355.73,1355.87,1355.73,1355.87,0.01,5.1,6892.82,1
2026-07-17,2026-07-17 14:29:00,1355.87,1356.0,1355.87,1356.0,0.01,5.1,6892.82,1
2026-07-17,2026-07-17 14:30:00,1356.0,1356.13,1356.0,1356.13,0.01,5.1,6892.82,1
2026-07-17,2026-07-17 14:31:00,1356.13,1356.27,1356.13,1356.27,0.01,5.1,6892.82,1
2026-07-17,2026-07-17 14:32:00,1356.27,1356.4,1356.27,1356.4,0.01,5.1,6892.82,1
2026-07-17,2026-07-17 14:33:00,1356.4,1356.53,1356.4,1356.53,0.01,5.1,6892.82,1
2026-07-17,2026-07-17 14:34:00,1356.53,1356.67,1356.53,1356.67,0.01,5.1,6892.82,1
2026-07-17,2026-07-17 14:35:00,1356.67,1356.8,1356.67,1356.8,0.01,5.1,6892.82,1
2026-07-17,2026-07-17 14:36:00,1356.8,1356.93,1356.8,1356.93,0.01,5.1,6892.82,1
2026-07-17,2026-07-17 14:37:00,1356.93,1357.07,1356.93,1357.07,0.01,5.1,6892.82,1
2026-07-17,2026-07-17 14:38:00,1357.07,1357.2,1357.07,1357.2,0.01,5.1,6892.82,1
2026-07-17,2026-07-17 14:39:00,1357.2,1357.33,1357.2,1357.33,0.01,5.1,6892.82,1
2026-07-17,2026-07-17 14:40:00,1357.33,1357.47,1357.33,1357.47,0.01,5.1,6892.82,1
2026-07-17,2026-07-17 14:41:00,1357.47,1357.6,1357.47,1357.6,0.01,5.1,6892.82,1
2026-07-17,2026-07-17 14:42:00,1357.6,1357.73,1357.6,1357.73,0.01,5.1,6892.82,1
2026-07-17,2026-07-17 14:43:00,1357.73,1357.87,1357.73,1357.87,0.01,5.1,6892.82,1
2026-07-17,2026-07-17 14:44:00,1357.87,1358.0,1357.87,1358.0,0.01,5.1,6892.82,1
2026-07-17,2026-07-17 14:45:00,1358.0,1358.13,1358.0,1358.13,0.01,5.1,6892.82,1
2026-07-17,2026-07-17 14:46:00,1358.13,1358.27,1358.13,1358.27,0.01,5.1,6892.82,1
2026-07-17,2026-07-17 14:47:00,1358.27,1358.4,1358.27,1358.4,0.01,5.1,6892.82,1
2026-07-17,2026-07-17 14:48:00,1358.4,1358.53,1358.4,1358.53,0.01,5.1,6892.82,1
2026-07-17,2026-07-17 14:49:00,1358.53,1358.67,1358.53,1358.67,0.01,5.1,6892.82,1
2026-07-17,2026-07-17 14:50:00,1358.67,1358.8,1358.67,1358.8,0.01,5.1,6892.82,1
2026-07-17,2026-07-17 14:51:00,1358.8,1358.93,1358.8,1358.93,0.01,5.1,6892.82,1
2026-07-17,2026-07-17 14:52:00,1358.93,1359.07,1358.93,1359.07,0.01,5.1,6892.82,1
2026-07-17,2026-07-17 14:53:00,1359.07,1359.2,1359.07,1359.2,0.01,5.1,6892.82,1
2026-07-17,2026-07-17 14:54:00,1359.2,1359.33,1359.2,1359.33,0.01,5.1,6892.82,1
2026-07-17,2026-07-17 14:55:00,1359.33,1359.47,1359.33,1359.47,0.01,5.1,6892.82,1
2026-07-17,2026-07-17 14:56:00,1359.47,1359.6,1359.47,1359.6,0.01,5.1,6892.82,1
2026-07-17,2026-07-17 14:57:00,1359.6,1359.73,1359.6,1359.73,0.01,5.1,6892.82,1
2026-07-17,2026-07-17 14:58:00,1359.73,1359.87,1359.73,1359.87,0.01,5.1,6892.82,1
2026-07-17,2026-07-17 14:59:00,1359.87,1360.0,1359.87,1360.0,0.01,5.1,6892.82,1
2026-07-17,2026-07-17 15:00:00,1360.0,1390.0,1328.0,1360.0,0.0,5.1,6892.82,0
2026-07-20,2026-07-20 11:00:00,1378.9,1379.23,1369.18,1378.82,-0.01,3.97,5380.54,-1
2026-07-20,2026-07-20 11:01:00,1378.82,1378.82,1378.74,1378.74,-0.01,3.97,5380.54,-1
2026-07-20,2026-07-20 11:02:00,1378.74,1378.74,1378.66,1378.66,-0.01,3.97,5380.54,-1
2026-07-20,2026-07-20 11:03:00,1378.66,1378.66,1378.59,1378.59,-0.01,3.97,5380.54,-1
2026-07-20,2026-07-20 11:04:00,1378.59,1378.59,1378.51,1378.51,-0.01,3.97,5380.54,-1
2026-07-20,2026-07-20 11:05:00,1378.51,1378.51,1378.43,1378.43,-0.01,3.97,5380.54,-1
2026-07-20,2026-07-20 11:06:00,1378.43,1378.43,1378.35,1378.35,-0.01,3.97,5380.54,-1
2026-07-20,2026-07-20 11:07:00,1378.35,1378.35,1378.27,1378.27,-0.01,3.97,5380.54,-1
2026-07-20,2026-07-20 11:08:00,1378.27,1378.27,1378.19,1378.19,-0.01,3.97,5380.54,-1
2026-07-20,2026-07-20 11:09:00,1378.19,1378.19,1378.11,1378.11,-0.01,3.97,5380.54,-1
2026-07-20,2026-07-20 11:10:00,1378.11,1378.11,1378.03,1378.03,-0.01,3.97,5380.54,-1
2026-07-20,2026-07-20 11:11:00,1378.03,1378.03,1377.96,1377.96,-0.01,3.97,5380.54,-1
2026-07-20,2026-07-20 11:12:00,1377.96,1377.96,1377.88,1377.88,-0.01,3.97,5380.54,-1
2026-07-20,2026-07-20 11:13:00,1377.88,1377.88,1377.8,1377.8,-0.01,3.97,5380.54,-1
2026-07-20,2026-07-20 11:14:00,1377.8,1377.8,1377.72,1377.72,-0.01,3.97,5380.54,-1
2026-07-20,2026-07-20 11:15:00,1377.72,1377.72,1377.64,1377.64,-0.01,3.97,5380.54,-1
2026-07-20,2026-07-20 11:16:00,1377.64,1377.64,1377.56,1377.56,-0.01,3.97,5380.54,-1
2026-07-20,2026-07-20 11:17:00,1377.56,1377.56,1377.48,1377.48,-0.01,3.97,5380.54,-1
2026-07-20,2026-07-20 11:18:00,1377.48,1377.48,1377.4,1377.4,-0.01,3.97,5380.54,-1
2026-07-20,2026-07-20 11:19:00,1377.4,1377.4,1377.33,1377.33,-0.01,3.97,5380.54,-1
2026-07-20,2026-07-20 11:20:00,1377.33,1377.33,1377.25,1377.25,-0.01,3.97,5380.54,-1
2026-07-20,2026-07-20 11:21:00,1377.25,1377.25,1377.17,1377.17,-0.01,3.97,5380.54,-1
2026-07-20,2026-07-20 11:22:00,1377.17,1377.17,1377.09,1377.09,-0.01,3.97,5380.54,-1
2026-07-20,2026-07-20 11:23:00,1377.09,1377.09,1377.01,1377.01,-0.01,3.97,5380.54,-1
2026-07-20,2026-07-20 11:24:00,1377.01,1377.01,1376.93,1376.93,-0.01,3.97,5380.54,-1
2026-07-20,2026-07-20 11:25:00,1376.93,1376.93,1376.85,1376.85,-0.01,3.97,5380.54,-1
2026-07-20,2026-07-20 11:26:00,1376.85,1376.85,1376.77,1376.77,-0.01,3.97,5380.54,-1
2026-07-20,2026-07-20 11:27:00,1376.77,1376.77,1376.7,1376.7,-0.01,3.97,5380.54,-1
2026-07-20,2026-07-20 11:28:00,1376.7,1376.7,1376.62,1376.62,-0.01,3.97,5380.54,-1
2026-07-20,2026-07-20 11:29:00,1376.62,1376.62,1376.54,1376.54,-0.01,3.97,5380.54,-1
2026-07-20,2026-07-20 11:30:00,1376.54,1376.54,1376.46,1376.46,-0.01,3.97,5380.54,-1
2026-07-20,2026-07-20 11:31:00,1376.46,1376.46,1376.38,1376.38,-0.01,3.97,5380.54,-1
2026-07-20,2026-07-20 11:32:00,1376.38,1376.38,1376.3,1376.3,-0.01,3.97,5380.54,-1
2026-07-20,2026-07-20 11:33:00,1376.3,1376.3,1376.22,1376.22,-0.01,3.97,5380.54,-1
2026-07-20,2026-07-20 11:34:00,1376.22,1376.22,1376.14,1376.14,-0.01,3.97,5380.54,-1
2026-07-20,2026-07-20 11:35:00,1376.14,1376.14,1376.07,1376.07,-0.01,3.97,5380.54,-1
2026-07-20,2026-07-20 11:36:00,1376.07,1376.07,1375.99,1375.99,-0.01,3.97,5380.54,-1
2026-07-20,2026-07-20 11:37:00,1375.99,1375.99,1375.91,1375.91,-0.01,3.97,5380.54,-1
2026-07-20,2026-07-20 11:38:00,1375.91,1375.91,1375.83,1375.83,-0.01,3.97,5380.54,-1
2026-07-20,2026-07-20 11:39:00,1375.83,1375.83,1375.75,1375.75,-0.01,3.97,5380.54,-1
2026-07-20,2026-07-20 11:40:00,1375.75,1375.75,1375.67,1375.67,-0.01,3.97,5380.54,-1
2026-07-20,2026-07-20 11:41:00,1375.67,1375.67,1375.59,1375.59,-0.01,3.97,5380.54,-1
2026-07-20,2026-07-20 11:42:00,1375.59,1375.59,1375.51,1375.51,-0.01,3.97,5380.54,-1
2026-07-20,2026-07-20 11:43:00,1375.51,1375.51,1375.44,1375.44,-0.01,3.97,5380.54,-1
2026-07-20,2026-07-20 11:44:00,1375.44,1375.44,1375.36,1375.36,-0.01,3.97,5380.54,-1
2026-07-20,2026-07-20 11:45:00,1375.36,1375.36,1375.28,1375.28,-0.01,3.97,5380.54,-1
2026-07-20,2026-07-20 11:46:00,1375.28,1375.28,1375.2,1375.2,-0.01,3.97,5380.54,-1
2026-07-20,2026-07-20 11:47:00,1375.2,1375.2,1375.12,1375.12,-0.01,3.97,5380.54,-1
2026-07-20,2026-07-20 11:48:00,1375.12,1375.12,1375.04,1375.04,-0.01,3.97,5380.54,-1
2026-07-20,2026-07-20 11:49:00,1375.04,1375.04,1374.96,1374.96,-0.01,3.97,5380.54,-1
2026-07-20,2026-07-20 11:50:00,1374.96,1374.96,1374.88,1374.88,-0.01,3.97,5380.54,-1
2026-07-20,2026-07-20 11:51:00,1374.88,1374.88,1374.81,1374.81,-0.01,3.97,5380.54,-1
2026-07-20,2026-07-20 11:52:00,1374.81,1374.81,1374.73,1374.73,-0.01,3.97,5380.54,-1
2026-07-20,2026-07-20 11:53:00,1374.73,1374.73,1374.65,1374.65,-0.01,3.97,5380.54,-1
2026-07-20,2026-07-20 11:54:00,1374.65,1374.65,1374.57,1374.57,-0.01,3.97,5380.54,-1
2026-07-20,2026-07-20 11:55:00,1374.57,1374.57,1374.49,1374.49,-0.01,3.97,5380.54,-1
2026-07-20,2026-07-20 11:56:00,1374.49,1374.49,1374.41,1374.41,-0.01,3.97,5380.54,-1
2026-07-20,2026-07-20 11:57:00,1374.41,1374.41,1374.33,1374.33,-0.01,3.97,5380.54,-1
2026-07-20,2026-07-20 11:58:00,1374.33,1374.33,1374.25,1374.25,-0.01,3.97,5380.54,-1
2026-07-20,2026-07-20 11:59:00,1374.25,1374.25,1374.18,1374.18,-0.01,3.97,5380.54,-1
2026-07-20,2026-07-20 12:00:00,1374.18,1374.18,1374.1,1374.1,-0.01,3.97,5380.54,-1
2026-07-20,2026-07-20 12:01:00,1374.1,1374.1,1374.02,1374.02,-0.01,3.97,5380.54,-1
2026-07-20,2026-07-20 12:02:00,1374.02,1374.02,1373.94,1373.94,-0.01,3.97,5380.54,-1
2026-07-20,2026-07-20 12:03:00,1373.94,1373.94,1373.86,1373.86,-0.01,3.97,5380.54,-1
2026-07-20,2026-07-20 12:04:00,1373.86,1373.86,1373.78,1373.78,-0.01,3.97,5380.54,-1
2026-07-20,2026-07-20 12:05:00,1373.78,1373.78,1373.7,1373.7,-0.01,3.97,5380.54,-1
2026-07-20,2026-07-20 12:06:00,1373.7,1373.7,1373.62,1373.62,-0.01,3.97,5380.54,-1
2026-07-20,2026-07-20 12:07:00,1373.62,1373.62,1373.55,1373.55,-0.01,3.97,5380.54,-1
2026-07-20,2026-07-20 12:08:00,1373.55,1373.55,1373.47,1373.47,-0.01,3.97,5380.54,-1
2026-07-20,2026-07-20 12:09:00,1373.47,1373.47,1373.39,1373.39,-0.01,3.97,5380.54,-1
2026-07-20,2026-07-20 12:10:00,1373.39,1373.39,1373.31,1373.31,-0.01,3.97,5380.54,-1
2026-07-20,2026-07-20 12:11:00,1373.31,1373.31,1373.23,1373.23,-0.01,3.97,5380.54,-1
2026-07-20,2026-07-20 12:12:00,1373.23,1373.23,1373.15,1373.15,-0.01,3.97,5380.54,-1
2026-07-20,2026-07-20 12:13:00,1373.15,1373.15,1373.07,1373.07,-0.01,3.97,5380.54,-1
2026-07-20,2026-07-20 12:14:00,1373.07,1373.07,1372.99,1372.99,-0.01,3.97,5380.54,-1
2026-07-20,2026-07-20 12:15:00,1372.99,1372.99,1372.91,1372.91,-0.01,3.97,5380.54,-1
2026-07-20,2026-07-20 12:16:00,1372.91,1372.91,1372.84,1372.84,-0.01,3.97,5380.54,-1
2026-07-20,2026-07-20 12:17:00,1372.84,1372.84,1372.76,1372.76,-0.01,3.97,5380.54,-1
2026-07-20,2026-07-20 12:18:00,1372.76,1372.76,1372.68,1372.68,-0.01,3.97,5380.54,-1
2026-07-20,2026-07-20 12:19:00,1372.68,1372.68,1372.6,1372.6,-0.01,3.97,5380.54,-1
2026-07-20,2026-07-20 12:20:00,1372.6,1372.6,1372.52,1372.52,-0.01,3.97,5380.54,-1
2026-07-20,2026-07-20 12:21:00,1372.52,1372.52,1372.44,1372.44,-0.01,3.97,5380.54,-1
2026-07-20,2026-07-20 12:22:00,1372.44,1372.44,1372.36,1372.36,-0.01,3.97,5380.54,-1
2026-07-20,2026-07-20 12:23:00,1372.36,1372.36,1372.29,1372.29,-0.01,3.97,5380.54,-1
2026-07-20,2026-07-20 12:24:00,1372.29,1372.29,1372.21,1372.21,-0.01,3.97,5380.54,-1
2026-07-20,2026-07-20 12:25:00,1372.21,1372.21,1372.13,1372.13,-0.01,3.97,5380.54,-1
2026-07-20,2026-07-20 12:26:00,1372.13,1372.13,1372.05,1372.05,-0.01,3.97,5380.54,-1
2026-07-20,2026-07-20 12:27:00,1372.05,1372.05,1371.97,1371.97,-0.01,3.97,5380.54,-1
2026-07-20,2026-07-20 12:28:00,1371.97,1371.97,1371.89,1371.89,-0.01,3.97,5380.54,-1
2026-07-20,2026-07-20 12:29:00,1371.89,1371.89,1371.81,1371.81,-0.01,3.97,5380.54,-1
2026-07-20,2026-07-20 12:30:00,1371.81,1371.81,1371.73,1371.73,-0.01,3.97,5380.54,-1
2026-07-20,2026-07-20 12:31:00,1371.73,1371.73,1371.65,1371.65,-0.01,3.97,5380.54,-1
2026-07-20,2026-07-20 12:32:00,1371.65,1371.65,1371.58,1371.58,-0.01,3.97,5380.54,-1
2026-07-20,2026-07-20 12:33:00,1371.58,1371.58,1371.5,1371.5,-0.01,3.97,5380.54,-1
2026-07-20,2026-07-20 12:34:00,1371.5,1371.5,1371.42,1371.42,-0.01,3.97,5380.54,-1
2026-07-20,2026-07-20 12:35:00,1371.42,1371.42,1371.34,1371.34,-0.01,3.97,5380.54,-1
2026-07-20,2026-07-20 12:36:00,1371.34,1371.34,1371.26,1371.26,-0.01,3.97,5380.54,-1
2026-07-20,2026-07-20 12:37:00,1371.26,1371.26,1371.18,1371.18,-0.01,3.97,5380.54,-1
2026-07-20,2026-07-20 12:38:00,1371.18,1371.18,1371.1,1371.1,-0.01,3.97,5380.54,-1
2026-07-20,2026-07-20 12:39:00,1371.1,1371.1,1371.03,1371.03,-0.01,3.97,5380.54,-1
2026-07-20,2026-07-20 12:40:00,1371.03,1371.03,1370.95,1370.95,-0.01,3.97,5380.54,-1
2026-07-20,2026-07-20 12:41:00,1370.95,1370.95,1370.87,1370.87,-0.01,3.97,5380.54,-1
2026-07-20,2026-07-20 12:42:00,1370.87,1370.87,1370.79,1370.79,-0.01,3.97,5380.54,-1
2026-07-20,2026-07-20 12:43:00,1370.79,1370.79,1370.71,1370.71,-0.01,3.97,5380.54,-1
2026-07-20,2026-07-20 12:44:00,1370.71,1370.71,1370.63,1370.63,-0.01,3.97,5380.54,-1
2026-07-20,2026-07-20 12:45:00,1370.63,1370.63,1370.55,1370.55,-0.01,3.97,5380.54,-1
2026-07-20,2026-07-20 12:46:00,1370.55,1370.55,1370.47,1370.47,-0.01,3.97,5380.54,-1
2026-07-20,2026-07-20 12:47:00,1370.47,1370.47,1370.39,1370.39,-0.01,3.97,5380.54,-1
2026-07-20,2026-07-20 12:48:00,1370.39,1370.39,1370.32,1370.32,-0.01,3.97,5380.54,-1
2026-07-20,2026-07-20 12:49:00,1370.32,1370.32,1370.24,1370.24,-0.01,3.97,5380.54,-1
2026-07-20,2026-07-20 12:50:00,1370.24,1370.24,1370.16,1370.16,-0.01,3.97,5380.54,-1
2026-07-20,2026-07-20 12:51:00,1370.16,1370.16,1370.08,1370.08,-0.01,3.97,5380.54,-1
2026-07-20,2026-07-20 12:52:00,1370.08,1370.08,1370.0,1370.0,-0.01,3.97,5380.54,-1
2026-07-20,2026-07-20 12:53:00,1370.0,1370.0,1369.92,1369.92,-0.01,3.97,5380.54,-1
2026-07-20,2026-07-20 12:54:00,1369.92,1369.92,1369.84,1369.84,-0.01,3.97,5380.54,-1
2026-07-20,2026-07-20 12:55:00,1369.84,1369.84,1369.77,1369.77,-0.01,3.97,5380.54,-1
2026-07-20,2026-07-20 12:56:00,1369.77,1369.77,1369.69,1369.69,-0.01,3.97,5380.54,-1
2026-07-20,2026-07-20 12:57:00,1369.69,1369.69,1369.61,1369.61,-0.01,3.97,5380.54,-1
2026-07-20,2026-07-20 12:58:00,1369.61,1369.61,1369.53,1369.53,-0.01,3.97,5380.54,-1
2026-07-20,2026-07-20 12:59:00,1369.53,1369.53,1369.45,1369.45,-0.01,3.97,5380.54,-1
2026-07-20,2026-07-20 13:00:00,1369.45,1380.0,1346.5,1369.37,-0.01,3.97,5380.54,-1
2026-07-20,2026-07-20 13:01:00,1369.37,1369.37,1369.29,1369.29,-0.01,3.97,5380.54,-1
2026-07-20,2026-07-20 13:02:00,1369.29,1369.29,1369.21,1369.21,-0.01,3.97,5380.54,-1
2026-07-20,2026-07-20 13:03:00,1369.21,1369.21,1369.13,1369.13,-0.01,3.97,5380.54,-1
2026-07-20,2026-07-20 13:04:00,1369.13,1369.13,1369.06,1369.06,-0.01,3.97,5380.54,-1
2026-07-20,2026-07-20 13:05:00,1369.06,1369.06,1368.98,1368.98,-0.01,3.97,5380.54,-1
2026-07-20,2026-07-20 13:06:00,1368.98,1368.98,1368.9,1368.9,-0.01,3.97,5380.54,-1
2026-07-20,2026-07-20 13:07:00,1368.9,1368.9,1368.82,1368.82,-0.01,3.97,5380.54,-1
2026-07-20,2026-07-20 13:08:00,1368.82,1368.82,1368.74,1368.74,-0.01,3.97,5380.54,-1
2026-07-20,2026-07-20 13:09:00,1368.74,1368.74,1368.66,1368.66,-0.01,3.97,5380.54,-1
2026-07-20,2026-07-20 13:10:00,1368.66,1368.66,1368.58,1368.58,-0.01,3.97,5380.54,-1
2026-07-20,2026-07-20 13:11:00,1368.58,1368.58,1368.51,1368.51,-0.01,3.97,5380.54,-1
2026-07-20,2026-07-20 13:12:00,1368.51,1368.51,1368.43,1368.43,-0.01,3.97,5380.54,-1
2026-07-20,2026-07-20 13:13:00,1368.43,1368.43,1368.35,1368.35,-0.01,3.97,5380.54,-1
2026-07-20,2026-07-20 13:14:00,1368.35,1368.35,1368.27,1368.27,-0.01,3.97,5380.54,-1
2026-07-20,2026-07-20 13:15:00,1368.27,1368.27,1368.19,1368.19,-0.01,3.97,5380.54,-1
2026-07-20,2026-07-20 13:16:00,1368.19,1368.19,1368.11,1368.11,-0.01,3.97,5380.54,-1
2026-07-20,2026-07-20 13:17:00,1368.11,1368.11,1368.03,1368.03,-0.01,3.97,5380.54,-1
2026-07-20,2026-07-20 13:18:00,1368.03,1368.03,1367.95,1367.95,-0.01,3.97,5380.54,-1
2026-07-20,2026-07-20 13:19:00,1367.95,1367.95,1367.88,1367.88,-0.01,3.97,5380.54,-1
2026-07-20,2026-07-20 13:20:00,1367.88,1367.88,1367.8,1367.8,-0.01,3.97,5380.54,-1
2026-07-20,2026-07-20 13:21:00,1367.8,1367.8,1367.72,1367.72,-0.01,3.97,5380.54,-1
2026-07-20,2026-07-20 13:22:00,1367.72,1367.72,1367.64,1367.64,-0.01,3.97,5380.54,-1
2026-07-20,2026-07-20 13:23:00,1367.64,1367.64,1367.56,1367.56,-0.01,3.97,5380.54,-1
2026-07-20,2026-07-20 13:24:00,1367.56,1367.56,1367.48,1367.48,-0.01,3.97,5380.54,-1
2026-07-20,2026-07-20 13:25:00,1367.48,1367.48,1367.4,1367.4,-0.01,3.97,5380.54,-1
2026-07-20,2026-07-20 13:26:00,1367.4,1367.4,1367.32,1367.32,-0.01,3.97,5380.54,-1
2026-07-20,2026-07-20 13:27:00,1367.32,1367.32,1367.25,1367.25,-0.01,3.97,5380.54,-1
2026-07-20,2026-07-20 13:28:00,1367.25,1367.25,1367.17,1367.17,-0.01,3.97,5380.54,-1
2026-07-20,2026-07-20 13:29:00,1367.17,1367.17,1367.09,1367.09,-0.01,3.97,5380.54,-1
2026-07-20,2026-07-20 13:30:00,1367.09,1367.09,1367.01,1367.01,-0.01,3.97,5380.54,-1
2026-07-20,2026-07-20 13:31:00,1367.01,1367.01,1366.93,1366.93,-0.01,3.97,5380.54,-1
2026-07-20,2026-07-20 13:32:00,1366.93,1366.93,1366.85,1366.85,-0.01,3.97,5380.54,-1
2026-07-20,2026-07-20 13:33:00,1366.85,1366.85,1366.77,1366.77,-0.01,3.97,5380.54,-1
2026-07-20,2026-07-20 13:34:00,1366.77,1366.77,1366.69,1366.69,-0.01,3.97,5380.54,-1
2026-07-20,2026-07-20 13:35:00,1366.69,1366.69,1366.62,1366.62,-0.01,3.97,5380.54,-1
2026-07-20,2026-07-20 13:36:00,1366.62,1366.62,1366.54,1366.54,-0.01,3.97,5380.54,-1
2026-07-20,2026-07-20 13:37:00,1366.54,1366.54,1366.46,1366.46,-0.01,3.97,5380.54,-1
2026-07-20,2026-07-20 13:38:00,1366.46,1366.46,1366.38,1366.38,-0.01,3.97,5380.54,-1
2026-07-20,2026-07-20 13:39:00,1366.38,1366.38,1366.3,1366.3,-0.01,3.97,5380.54,-1
2026-07-20,2026-07-20 13:40:00,1366.3,1366.3,1366.22,1366.22,-0.01,3.97,5380.54,-1
2026-07-20,2026-07-20 13:41:00,1366.22,1366.22,1366.14,1366.14,-0.01,3.97,5380.54,-1
2026-07-20,2026-07-20 13:42:00,1366.14,1366.14,1366.06,1366.06,-0.01,3.97,5380.54,-1
2026-07-20,2026-07-20 13:43:00,1366.06,1366.06,1365.99,1365.99,-0.01,3.97,5380.54,-1
2026-07-20,2026-07-20 13:44:00,1365.99,1365.99,1365.91,1365.91,-0.01,3.97,5380.54,-1
2026-07-20,2026-07-20 13:45:00,1365.91,1365.91,1365.83,1365.83,-0.01,3.97,5380.54,-1
2026-07-20,2026-07-20 13:46:00,1365.83,1365.83,1365.75,1365.75,-0.01,3.97,5380.54,-1
2026-07-20,2026-07-20 13:47:00,1365.75,1365.75,1365.67,1365.67,-0.01,3.97,5380.54,-1
2026-07-20,2026-07-20 13:48:00,1365.67,1365.67,1365.59,1365.59,-0.01,3.97,5380.54,-1
2026-07-20,2026-07-20 13:49:00,1365.59,1365.59,1365.51,1365.51,-0.01,3.97,5380.54,-1
2026-07-20,2026-07-20 13:50:00,1365.51,1365.51,1365.43,1365.43,-0.01,3.97,5380.54,-1
2026-07-20,2026-07-20 13:51:00,1365.43,1365.43,1365.36,1365.36,-0.01,3.97,5380.54,-1
2026-07-20,2026-07-20 13:52:00,1365.36,1365.36,1365.28,1365.28,-0.01,3.97,5380.54,-1
2026-07-20,2026-07-20 13:53:00,1365.28,1365.28,1365.2,1365.2,-0.01,3.97,5380.54,-1
2026-07-20,2026-07-20 13:54:00,1365.2,1365.2,1365.12,1365.12,-0.01,3.97,5380.54,-1
2026-07-20,2026-07-20 13:55:00,1365.12,1365.12,1365.04,1365.04,-0.01,3.97,5380.54,-1
2026-07-20,2026-07-20 13:56:00,1365.04,1365.04,1364.96,1364.96,-0.01,3.97,5380.54,-1
2026-07-20,2026-07-20 13:57:00,1364.96,1364.96,1364.88,1364.88,-0.01,3.97,5380.54,-1
2026-07-20,2026-07-20 13:58:00,1364.88,1364.88,1364.8,1364.8,-0.01,3.97,5380.54,-1
2026-07-20,2026-07-20 13:59:00,1364.8,1364.8,1364.72,1364.72,-0.01,3.97,5380.54,-1
2026-07-20,2026-07-20 14:00:00,1364.72,1364.72,1364.65,1364.65,-0.01,3.97,5380.54,-1
2026-07-20,2026-07-20 14:01:00,1364.65,1364.65,1364.57,1364.57,-0.01,3.97,5380.54,-1
2026-07-20,2026-07-20 14:02:00,1364.57,1364.57,1364.49,1364.49,-0.01,3.97,5380.54,-1
2026-07-20,2026-07-20 14:03:00,1364.49,1364.49,1364.41,1364.41,-0.01,3.97,5380.54,-1
2026-07-20,2026-07-20 14:04:00,1364.41,1364.41,1364.33,1364.33,-0.01,3.97,5380.54,-1
2026-07-20,2026-07-20 14:05:00,1364.33,1364.33,1364.25,1364.25,-0.01,3.97,5380.54,-1
2026-07-20,2026-07-20 14:06:00,1364.25,1364.25,1364.17,1364.17,-0.01,3.97,5380.54,-1
2026-07-20,2026-07-20 14:07:00,1364.17,1364.17,1364.1,1364.1,-0.01,3.97,5380.54,-1
2026-07-20,2026-07-20 14:08:00,1364.1,1364.1,1364.02,1364.02,-0.01,3.97,5380.54,-1
2026-07-20,2026-07-20 14:09:00,1364.02,1364.02,1363.94,1363.94,-0.01,3.97,5380.54,-1
2026-07-20,2026-07-20 14:10:00,1363.94,1363.94,1363.86,1363.86,-0.01,3.97,5380.54,-1
2026-07-20,2026-07-20 14:11:00,1363.86,1363.86,1363.78,1363.78,-0.01,3.97,5380.54,-1
2026-07-20,2026-07-20 14:12:00,1363.78,1363.78,1363.7,1363.7,-0.01,3.97,5380.54,-1
2026-07-20,2026-07-20 14:13:00,1363.7,1363.7,1363.62,1363.62,-0.01,3.97,5380.54,-1
2026-07-20,2026-07-20 14:14:00,1363.62,1363.62,1363.54,1363.54,-0.01,3.97,5380.54,-1
2026-07-20,2026-07-20 14:15:00,1363.54,1363.54,1363.46,1363.46,-0.01,3.97,5380.54,-1
2026-07-20,2026-07-20 14:16:00,1363.46,1363.46,1363.39,1363.39,-0.01,3.97,5380.54,-1
2026-07-20,2026-07-20 14:17:00,1363.39,1363.39,1363.31,1363.31,-0.01,3.97,5380.54,-1
2026-07-20,2026-07-20 14:18:00,1363.31,1363.31,1363.23,1363.23,-0.01,3.97,5380.54,-1
2026-07-20,2026-07-20 14:19:00,1363.23,1363.23,1363.15,1363.15,-0.01,3.97,5380.54,-1
2026-07-20,2026-07-20 14:20:00,1363.15,1363.15,1363.07,1363.07,-0.01,3.97,5380.54,-1
2026-07-20,2026-07-20 14:21:00,1363.07,1363.07,1362.99,1362.99,-0.01,3.97,5380.54,-1
2026-07-20,2026-07-20 14:22:00,1362.99,1362.99,1362.91,1362.91,-0.01,3.97,5380.54,-1
2026-07-20,2026-07-20 14:23:00,1362.91,1362.91,1362.84,1362.84,-0.01,3.97,5380.54,-1
2026-07-20,2026-07-20 14:24:00,1362.84,1362.84,1362.76,1362.76,-0.01,3.97,5380.54,-1
2026-07-20,2026-07-20 14:25:00,1362.76,1362.76,1362.68,1362.68,-0.01,3.97,5380.54,-1
2026-07-20,2026-07-20 14:26:00,1362.68,1362.68,1362.6,1362.6,-0.01,3.97,5380.54,-1
2026-07-20,2026-07-20 14:27:00,1362.6,1362.6,1362.52,1362.52,-0.01,3.97,5380.54,-1
2026-07-20,2026-07-20 14:28:00,1362.52,1362.52,1362.44,1362.44,-0.01,3.97,5380.54,-1
2026-07-20,2026-07-20 14:29:00,1362.44,1362.44,1362.36,1362.36,-0.01,3.97,5380.54,-1
2026-07-20,2026-07-20 14:30:00,1362.36,1362.36,1362.28,1362.28,-0.01,3.97,5380.54,-1
2026-07-20,2026-07-20 14:31:00,1362.28,1362.28,1362.2,1362.2,-0.01,3.97,5380.54,-1
2026-07-20,2026-07-20 14:32:00,1362.2,1362.2,1362.13,1362.13,-0.01,3.97,5380.54,-1
2026-07-20,2026-07-20 14:33:00,1362.13,1362.13,1362.05,1362.05,-0.01,3.97,5380.54,-1
2026-07-20,2026-07-20 14:34:00,1362.05,1362.05,1361.97,1361.97,-0.01,3.97,5380.54,-1
2026-07-20,2026-07-20 14:35:00,1361.97,1361.97,1361.89,1361.89,-0.01,3.97,5380.54,-1
2026-07-20,2026-07-20 14:36:00,1361.89,1361.89,1361.81,1361.81,-0.01,3.97,5380.54,-1
2026-07-20,2026-07-20 14:37:00,1361.81,1361.81,1361.73,1361.73,-0.01,3.97,5380.54,-1
2026-07-20,2026-07-20 14:38:00,1361.73,1361.73,1361.65,1361.65,-0.01,3.97,5380.54,-1
2026-07-20,2026-07-20 14:39:00,1361.65,1361.65,1361.58,1361.58,-0.01,3.97,5380.54,-1
2026-07-20,2026-07-20 14:40:00,1361.58,1361.58,1361.5,1361.5,-0.01,3.97,5380.54,-1
2026-07-20,2026-07-20 14:41:00,1361.5,1361.5,1361.42,1361.42,-0.01,3.97,5380.54,-1
2026-07-20,2026-07-20 14:42:00,1361.42,1361.42,1361.34,1361.34,-0.01,3.97,5380.54,-1
2026-07-20,2026-07-20 14:43:00,1361.34,1361.34,1361.26,1361.26,-0.01,3.97,5380.54,-1
2026-07-20,2026-07-20 14:44:00,1361.26,1361.26,1361.18,1361.18,-0.01,3.97,5380.54,-1
2026-07-20,2026-07-20 14:45:00,1361.18,1361.18,1361.1,1361.1,-0.01,3.97,5380.54,-1
2026-07-20,2026-07-20 14:46:00,1361.1,1361.1,1361.02,1361.02,-0.01,3.97,5380.54,-1
2026-07-20,2026-07-20 14:47:00,1361.02,1361.02,1360.94,1360.94,-0.01,3.97,5380.54,-1
2026-07-20,2026-07-20 14:48:00,1360.94,1360.94,1360.87,1360.87,-0.01,3.97,5380.54,-1
2026-07-20,2026-07-20 14:49:00,1360.87,1360.87,1360.79,1360.79,-0.01,3.97,5380.54,-1
2026-07-20,2026-07-20 14:50:00,1360.79,1360.79,1360.71,1360.71,-0.01,3.97,5380.54,-1
2026-07-20,2026-07-20 14:51:00,1360.71,1360.71,1360.63,1360.63,-0.01,3.97,5380.54,-1
2026-07-20,2026-07-20 14:52:00,1360.63,1360.63,1360.55,1360.55,-0.01,3.97,5380.54,-1
2026-07-20,2026-07-20 14:53:00,1360.55,1360.55,1360.47,1360.47,-0.01,3.97,5380.54,-1
2026-07-20,2026-07-20 14:54:00,1360.47,1360.47,1360.39,1360.39,-0.01,3.97,5380.54,-1
2026-07-20,2026-07-20 14:55:00,1360.39,1360.39,1360.32,1360.32,-0.01,3.97,5380.54,-1
2026-07-20,2026-07-20 14:56:00,1360.32,1360.32,1360.24,1360.24,-0.01,3.97,5380.54,-1
2026-07-20,2026-07-20 14:57:00,1360.24,1360.24,1360.16,1360.16,-0.01,3.97,5380.54,-1
2026-07-20,2026-07-20 14:58:00,1360.16,1360.16,1360.08,1360.08,-0.01,3.97,5380.54,-1
2026-07-20,2026-07-20 14:59:00,1360.08,1360.08,1360.0,1360.0,-0.01,3.97,5380.54,-1
2026-07-20,2026-07-20 15:00:00,1360.0,1380.0,1346.5,1360.0,0.0,3.97,5380.54,0
2026-07-21,2026-07-21 11:00:00,1337.0,1355.87,1337.0,1337.2,0.01,4.34,5976.81,1
2026-07-21,2026-07-21 11:01:00,1337.2,1337.4,1337.2,1337.4,0.01,4.34,5976.81,1
2026-07-21,2026-07-21 11:02:00,1337.4,1337.6,1337.4,1337.6,0.01,4.34,5976.81,1
2026-07-21,2026-07-21 11:03:00,1337.6,1337.8,1337.6,1337.8,0.01,4.34,5976.81,1
2026-07-21,2026-07-21 11:04:00,1337.8,1338.0,1337.8,1338.0,0.01,4.34,5976.81,1
2026-07-21,2026-07-21 11:05:00,1338.0,1338.2,1338.0,1338.2,0.01,4.34,5976.81,1
2026-07-21,2026-07-21 11:06:00,1338.2,1338.4,1338.2,1338.4,0.01,4.34,5976.81,1
2026-07-21,2026-07-21 11:07:00,1338.4,1338.6,1338.4,1338.6,0.01,4.34,5976.81,1
2026-07-21,2026-07-21 11:08:00,1338.6,1338.8,1338.6,1338.8,0.01,4.34,5976.81,1
2026-07-21,2026-07-21 11:09:00,1338.8,1339.0,1338.8,1339.0,0.01,4.34,5976.81,1
2026-07-21,2026-07-21 11:10:00,1339.0,1339.2,1339.0,1339.2,0.01,4.34,5976.81,1
2026-07-21,2026-07-21 11:11:00,1339.2,1339.4,1339.2,1339.4,0.01,4.34,5976.81,1
2026-07-21,2026-07-21 11:12:00,1339.4,1339.6,1339.4,1339.6,0.01,4.34,5976.81,1
2026-07-21,2026-07-21 11:13:00,1339.6,1339.8,1339.6,1339.8,0.01,4.34,5976.81,1
2026-07-21,2026-07-21 11:14:00,1339.8,1340.0,1339.8,1340.0,0.01,4.34,5976.81,1
2026-07-21,2026-07-21 11:15:00,1340.0,1340.2,1340.0,1340.2,0.01,4.34,5976.81,1
2026-07-21,2026-07-21 11:16:00,1340.2,1340.4,1340.2,1340.4,0.01,4.34,5976.81,1
2026-07-21,2026-07-21 11:17:00,1340.4,1340.6,1340.4,1340.6,0.01,4.34,5976.81,1
2026-07-21,2026-07-21 11:18:00,1340.6,1340.8,1340.6,1340.8,0.01,4.34,5976.81,1
2026-07-21,2026-07-21 11:19:00,1340.8,1341.0,1340.8,1341.0,0.01,4.34,5976.81,1
2026-07-21,2026-07-21 11:20:00,1341.0,1341.2,1341.0,1341.2,0.01,4.34,5976.81,1
2026-07-21,2026-07-21 11:21:00,1341.2,1341.4,1341.2,1341.4,0.01,4.34,5976.81,1
2026-07-21,2026-07-21 11:22:00,1341.4,1341.6,1341.4,1341.6,0.01,4.34,5976.81,1
2026-07-21,2026-07-21 11:23:00,1341.6,1341.8,1341.6,1341.8,0.01,4.34,5976.81,1
2026-07-21,2026-07-21 11:24:00,1341.8,1342.0,1341.8,1342.0,0.01,4.34,5976.81,1
2026-07-21,2026-07-21 11:25:00,1342.0,1342.2,1342.0,1342.2,0.01,4.34,5976.81,1
2026-07-21,2026-07-21 11:26:00,1342.2,1342.4,1342.2,1342.4,0.01,4.34,5976.81,1
2026-07-21,2026-07-21 11:27:00,1342.4,1342.6,1342.4,1342.6,0.01,4.34,5976.81,1
2026-07-21,2026-07-21 11:28:00,1342.6,1342.8,1342.6,1342.8,0.01,4.34,5976.81,1
2026-07-21,2026-07-21 11:29:00,1342.8,1343.0,1342.8,1343.0,0.01,4.34,5976.81,1
2026-07-21,2026-07-21 11:30:00,1343.0,1343.2,1343.0,1343.2,0.01,4.34,5976.81,1
2026-07-21,2026-07-21 11:31:00,1343.2,1343.4,1343.2,1343.4,0.01,4.34,5976.81,1
2026-07-21,2026-07-21 11:32:00,1343.4,1343.6,1343.4,1343.6,0.01,4.34,5976.81,1
2026-07-21,2026-07-21 11:33:00,1343.6,1343.8,1343.6,1343.8,0.01,4.34,5976.81,1
2026-07-21,2026-07-21 11:34:00,1343.8,1344.0,1343.8,1344.0,0.01,4.34,5976.81,1
2026-07-21,2026-07-21 11:35:00,1344.0,1344.2,1344.0,1344.2,0.01,4.34,5976.81,1
2026-07-21,2026-07-21 11:36:00,1344.2,1344.4,1344.2,1344.4,0.01,4.34,5976.81,1
2026-07-21,2026-07-21 11:37:00,1344.4,1344.6,1344.4,1344.6,0.01,4.34,5976.81,1
2026-07-21,2026-07-21 11:38:00,1344.6,1344.8,1344.6,1344.8,0.01,4.34,5976.81,1
2026-07-21,2026-07-21 11:39:00,1344.8,1345.0,1344.8,1345.0,0.01,4.34,5976.81,1
2026-07-21,2026-07-21 11:40:00,1345.0,1345.2,1345.0,1345.2,0.01,4.34,5976.81,1
2026-07-21,2026-07-21 11:41:00,1345.2,1345.4,1345.2,1345.4,0.01,4.34,5976.81,1
2026-07-21,2026-07-21 11:42:00,1345.4,1345.6,1345.4,1345.6,0.01,4.34,5976.81,1
2026-07-21,2026-07-21 11:43:00,1345.6,1345.8,1345.6,1345.8,0.01,4.34,5976.81,1
2026-07-21,2026-07-21 11:44:00,1345.8,1346.0,1345.8,1346.0,0.01,4.34,5976.81,1
2026-07-21,2026-07-21 11:45:00,1346.0,1346.2,1346.0,1346.2,0.01,4.34,5976.81,1
2026-07-21,2026-07-21 11:46:00,1346.2,1346.4,1346.2,1346.4,0.01,4.34,5976.81,1
2026-07-21,2026-07-21 11:47:00,1346.4,1346.6,1346.4,1346.6,0.01,4.34,5976.81,1
2026-07-21,2026-07-21 11:48:00,1346.6,1346.8,1346.6,1346.8,0.01,4.34,5976.81,1
2026-07-21,2026-07-21 11:49:00,1346.8,1347.0,1346.8,1347.0,0.01,4.34,5976.81,1
2026-07-21,2026-07-21 11:50:00,1347.0,1347.2,1347.0,1347.2,0.01,4.34,5976.81,1
2026-07-21,2026-07-21 11:51:00,1347.2,1347.4,1347.2,1347.4,0.01,4.34,5976.81,1
2026-07-21,2026-07-21 11:52:00,1347.4,1347.6,1347.4,1347.6,0.01,4.34,5976.81,1
2026-07-21,2026-07-21 11:53:00,1347.6,1347.8,1347.6,1347.8,0.01,4.34,5976.81,1
2026-07-21,2026-07-21 11:54:00,1347.8,1348.0,1347.8,1348.0,0.01,4.34,5976.81,1
2026-07-21,2026-07-21 11:55:00,1348.0,1348.2,1348.0,1348.2,0.01,4.34,5976.81,1
2026-07-21,2026-07-21 11:56:00,1348.2,1348.4,1348.2,1348.4,0.01,4.34,5976.81,1
2026-07-21,2026-07-21 11:57:00,1348.4,1348.6,1348.4,1348.6,0.01,4.34,5976.81,1
2026-07-21,2026-07-21 11:58:00,1348.6,1348.8,1348.6,1348.8,0.01,4.34,5976.81,1
2026-07-21,2026-07-21 11:59:00,1348.8,1349.0,1348.8,1349.0,0.01,4.34,5976.81,1
2026-07-21,2026-07-21 12:00:00,1349.0,1349.2,1349.0,1349.2,0.01,4.34,5976.81,1
2026-07-21,2026-07-21 12:01:00,1349.2,1349.4,1349.2,1349.4,0.01,4.34,5976.81,1
2026-07-21,2026-07-21 12:02:00,1349.4,1349.6,1349.4,1349.6,0.01,4.34,5976.81,1
2026-07-21,2026-07-21 12:03:00,1349.6,1349.8,1349.6,1349.8,0.01,4.34,5976.81,1
2026-07-21,2026-07-21 12:04:00,1349.8,1350.0,1349.8,1350.0,0.01,4.34,5976.81,1
2026-07-21,2026-07-21 12:05:00,1350.0,1350.2,1350.0,1350.2,0.01,4.34,5976.81,1
2026-07-21,2026-07-21 12:06:00,1350.2,1350.4,1350.2,1350.4,0.01,4.34,5976.81,1
2026-07-21,2026-07-21 12:07:00,1350.4,1350.6,1350.4,1350.6,0.01,4.34,5976.81,1
2026-07-21,2026-07-21 12:08:00,1350.6,1350.8,1350.6,1350.8,0.01,4.34,5976.81,1
2026-07-21,2026-07-21 12:09:00,1350.8,1351.0,1350.8,1351.0,0.01,4.34,5976.81,1
2026-07-21,2026-07-21 12:10:00,1351.0,1351.2,1351.0,1351.2,0.01,4.34,5976.81,1
2026-07-21,2026-07-21 12:11:00,1351.2,1351.4,1351.2,1351.4,0.01,4.34,5976.81,1
2026-07-21,2026-07-21 12:12:00,1351.4,1351.6,1351.4,1351.6,0.01,4.34,5976.81,1
2026-07-21,2026-07-21 12:13:00,1351.6,1351.8,1351.6,1351.8,0.01,4.34,5976.81,1
2026-07-21,2026-07-21 12:14:00,1351.8,1352.0,1351.8,1352.0,0.01,4.34,5976.81,1
2026-07-21,2026-07-21 12:15:00,1352.0,1352.2,1352.0,1352.2,0.01,4.34,5976.81,1
2026-07-21,2026-07-21 12:16:00,1352.2,1352.4,1352.2,1352.4,0.01,4.34,5976.81,1
2026-07-21,2026-07-21 12:17:00,1352.4,1352.6,1352.4,1352.6,0.01,4.34,5976.81,1
2026-07-21,2026-07-21 12:18:00,1352.6,1352.8,1352.6,1352.8,0.01,4.34,5976.81,1
2026-07-21,2026-07-21 12:19:00,1352.8,1353.0,1352.8,1353.0,0.01,4.34,5976.81,1
2026-07-21,2026-07-21 12:20:00,1353.0,1353.2,1353.0,1353.2,0.01,4.34,5976.81,1
2026-07-21,2026-07-21 12:21:00,1353.2,1353.4,1353.2,1353.4,0.01,4.34,5976.81,1
2026-07-21,2026-07-21 12:22:00,1353.4,1353.6,1353.4,1353.6,0.01,4.34,5976.81,1
2026-07-21,2026-07-21 12:23:00,1353.6,1353.8,1353.6,1353.8,0.01,4.34,5976.81,1
2026-07-21,2026-07-21 12:24:00,1353.8,1354.0,1353.8,1354.0,0.01,4.34,5976.81,1
2026-07-21,2026-07-21 12:25:00,1354.0,1354.2,1354.0,1354.2,0.01,4.34,5976.81,1
2026-07-21,2026-07-21 12:26:00,1354.2,1354.4,1354.2,1354.4,0.01,4.34,5976.81,1
2026-07-21,2026-07-21 12:27:00,1354.4,1354.6,1354.4,1354.6,0.01,4.34,5976.81,1
2026-07-21,2026-07-21 12:28:00,1354.6,1354.8,1354.6,1354.8,0.01,4.34,5976.81,1
2026-07-21,2026-07-21 12:29:00,1354.8,1355.0,1354.8,1355.0,0.01,4.34,5976.81,1
2026-07-21,2026-07-21 12:30:00,1355.0,1355.2,1355.0,1355.2,0.01,4.34,5976.81,1
2026-07-21,2026-07-21 12:31:00,1355.2,1355.4,1355.2,1355.4,0.01,4.34,5976.81,1
2026-07-21,2026-07-21 12:32:00,1355.4,1355.6,1355.4,1355.6,0.01,4.34,5976.81,1
2026-07-21,2026-07-21 12:33:00,1355.6,1355.8,1355.6,1355.8,0.01,4.34,5976.81,1
2026-07-21,2026-07-21 12:34:00,1355.8,1356.0,1355.8,1356.0,0.01,4.34,5976.81,1
2026-07-21,2026-07-21 12:35:00,1356.0,1356.2,1356.0,1356.2,0.01,4.34,5976.81,1
2026-07-21,2026-07-21 12:36:00,1356.2,1356.4,1356.2,1356.4,0.01,4.34,5976.81,1
2026-07-21,2026-07-21 12:37:00,1356.4,1356.6,1356.4,1356.6,0.01,4.34,5976.81,1
2026-07-21,2026-07-21 12:38:00,1356.6,1356.8,1356.6,1356.8,0.01,4.34,5976.81,1
2026-07-21,2026-07-21 12:39:00,1356.8,1357.0,1356.8,1357.0,0.01,4.34,5976.81,1
2026-07-21,2026-07-21 12:40:00,1357.0,1357.2,1357.0,1357.2,0.01,4.34,5976.81,1
2026-07-21,2026-07-21 12:41:00,1357.2,1357.4,1357.2,1357.4,0.01,4.34,5976.81,1
2026-07-21,2026-07-21 12:42:00,1357.4,1357.6,1357.4,1357.6,0.01,4.34,5976.81,1
2026-07-21,2026-07-21 12:43:00,1357.6,1357.8,1357.6,1357.8,0.01,4.34,5976.81,1
2026-07-21,2026-07-21 12:44:00,1357.8,1358.0,1357.8,1358.0,0.01,4.34,5976.81,1
2026-07-21,2026-07-21 12:45:00,1358.0,1358.2,1358.0,1358.2,0.01,4.34,5976.81,1
2026-07-21,2026-07-21 12:46:00,1358.2,1358.4,1358.2,1358.4,0.01,4.34,5976.81,1
2026-07-21,2026-07-21 12:47:00,1358.4,1358.6,1358.4,1358.6,0.01,4.34,5976.81,1
2026-07-21,2026-07-21 12:48:00,1358.6,1358.8,1358.6,1358.8,0.01,4.34,5976.81,1
2026-07-21,2026-07-21 12:49:00,1358.8,1359.0,1358.8,1359.0,0.01,4.34,5976.81,1
2026-07-21,2026-07-21 12:50:00,1359.0,1359.2,1359.0,1359.2,0.01,4.34,5976.81,1
2026-07-21,2026-07-21 12:51:00,1359.2,1359.4,1359.2,1359.4,0.01,4.34,5976.81,1
2026-07-21,2026-07-21 12:52:00,1359.4,1359.6,1359.4,1359.6,0.01,4.34,5976.81,1
2026-07-21,2026-07-21 12:53:00,1359.6,1359.8,1359.6,1359.8,0.01,4.34,5976.81,1
2026-07-21,2026-07-21 12:54:00,1359.8,1360.0,1359.8,1360.0,0.01,4.34,5976.81,1
2026-07-21,2026-07-21 12:55:00,1360.0,1360.2,1360.0,1360.2,0.01,4.34,5976.81,1
2026-07-21,2026-07-21 12:56:00,1360.2,1360.4,1360.2,1360.4,0.01,4.34,5976.81,1
2026-07-21,2026-07-21 12:57:00,1360.4,1360.6,1360.4,1360.6,0.01,4.34,5976.81,1
2026-07-21,2026-07-21 12:58:00,1360.6,1360.8,1360.6,1360.8,0.01,4.34,5976.81,1
2026-07-21,2026-07-21 12:59:00,1360.8,1361.0,1360.8,1361.0,0.01,4.34,5976.81,1
2026-07-21,2026-07-21 13:00:00,1361.0,1399.9,1337.0,1361.2,0.01,4.34,5976.81,1
2026-07-21,2026-07-21 13:01:00,1361.2,1361.4,1361.2,1361.4,0.01,4.34,5976.81,1
2026-07-21,2026-07-21 13:02:00,1361.4,1361.6,1361.4,1361.6,0.01,4.34,5976.81,1
2026-07-21,2026-07-21 13:03:00,1361.6,1361.8,1361.6,1361.8,0.01,4.34,5976.81,1
2026-07-21,2026-07-21 13:04:00,1361.8,1362.0,1361.8,1362.0,0.01,4.34,5976.81,1
2026-07-21,2026-07-21 13:05:00,1362.0,1362.2,1362.0,1362.2,0.01,4.34,5976.81,1
2026-07-21,2026-07-21 13:06:00,1362.2,1362.4,1362.2,1362.4,0.01,4.34,5976.81,1
2026-07-21,2026-07-21 13:07:00,1362.4,1362.6,1362.4,1362.6,0.01,4.34,5976.81,1
2026-07-21,2026-07-21 13:08:00,1362.6,1362.8,1362.6,1362.8,0.01,4.34,5976.81,1
2026-07-21,2026-07-21 13:09:00,1362.8,1363.0,1362.8,1363.0,0.01,4.34,5976.81,1
2026-07-21,2026-07-21 13:10:00,1363.0,1363.2,1363.0,1363.2,0.01,4.34,5976.81,1
2026-07-21,2026-07-21 13:11:00,1363.2,1363.4,1363.2,1363.4,0.01,4.34,5976.81,1
2026-07-21,2026-07-21 13:12:00,1363.4,1363.6,1363.4,1363.6,0.01,4.34,5976.81,1
2026-07-21,2026-07-21 13:13:00,1363.6,1363.8,1363.6,1363.8,0.01,4.34,5976.81,1
2026-07-21,2026-07-21 13:14:00,1363.8,1364.0,1363.8,1364.0,0.01,4.34,5976.81,1
2026-07-21,2026-07-21 13:15:00,1364.0,1364.2,1364.0,1364.2,0.01,4.34,5976.81,1
2026-07-21,2026-07-21 13:16:00,1364.2,1364.4,1364.2,1364.4,0.01,4.34,5976.81,1
2026-07-21,2026-07-21 13:17:00,1364.4,1364.6,1364.4,1364.6,0.01,4.34,5976.81,1
2026-07-21,2026-07-21 13:18:00,1364.6,1364.8,1364.6,1364.8,0.01,4.34,5976.81,1
2026-07-21,2026-07-21 13:19:00,1364.8,1365.0,1364.8,1365.0,0.01,4.34,5976.81,1
2026-07-21,2026-07-21 13:20:00,1365.0,1365.2,1365.0,1365.2,0.01,4.34,5976.81,1
2026-07-21,2026-07-21 13:21:00,1365.2,1365.4,1365.2,1365.4,0.01,4.34,5976.81,1
2026-07-21,2026-07-21 13:22:00,1365.4,1365.6,1365.4,1365.6,0.01,4.34,5976.81,1
2026-07-21,2026-07-21 13:23:00,1365.6,1365.8,1365.6,1365.8,0.01,4.34,5976.81,1
2026-07-21,2026-07-21 13:24:00,1365.8,1366.0,1365.8,1366.0,0.01,4.34,5976.81,1
2026-07-21,2026-07-21 13:25:00,1366.0,1366.2,1366.0,1366.2,0.01,4.34,5976.81,1
2026-07-21,2026-07-21 13:26:00,1366.2,1366.4,1366.2,1366.4,0.01,4.34,5976.81,1
2026-07-21,2026-07-21 13:27:00,1366.4,1366.6,1366.4,1366.6,0.01,4.34,5976.81,1
2026-07-21,2026-07-21 13:28:00,1366.6,1366.8,1366.6,1366.8,0.01,4.34,5976.81,1
2026-07-21,2026-07-21 13:29:00,1366.8,1367.0,1366.8,1367.0,0.01,4.34,5976.81,1
2026-07-21,2026-07-21 13:30:00,1367.0,1367.2,1367.0,1367.2,0.01,4.34,5976.81,1
2026-07-21,2026-07-21 13:31:00,1367.2,1367.4,1367.2,1367.4,0.01,4.34,5976.81,1
2026-07-21,2026-07-21 13:32:00,1367.4,1367.6,1367.4,1367.6,0.01,4.34,5976.81,1
2026-07-21,2026-07-21 13:33:00,1367.6,1367.8,1367.6,1367.8,0.01,4.34,5976.81,1
2026-07-21,2026-07-21 13:34:00,1367.8,1368.0,1367.8,1368.0,0.01,4.34,5976.81,1
2026-07-21,2026-07-21 13:35:00,1368.0,1368.2,1368.0,1368.2,0.01,4.34,5976.81,1
2026-07-21,2026-07-21 13:36:00,1368.2,1368.4,1368.2,1368.4,0.01,4.34,5976.81,1
2026-07-21,2026-07-21 13:37:00,1368.4,1368.6,1368.4,1368.6,0.01,4.34,5976.81,1
2026-07-21,2026-07-21 13:38:00,1368.6,1368.8,1368.6,1368.8,0.01,4.34,5976.81,1
2026-07-21,2026-07-21 13:39:00,1368.8,1369.0,1368.8,1369.0,0.01,4.34,5976.81,1
2026-07-21,2026-07-21 13:40:00,1369.0,1369.2,1369.0,1369.2,0.01,4.34,5976.81,1
2026-07-21,2026-07-21 13:41:00,1369.2,1369.4,1369.2,1369.4,0.01,4.34,5976.81,1
2026-07-21,2026-07-21 13:42:00,1369.4,1369.6,1369.4,1369.6,0.01,4.34,5976.81,1
2026-07-21,2026-07-21 13:43:00,1369.6,1369.8,1369.6,1369.8,0.01,4.34,5976.81,1
2026-07-21,2026-07-21 13:44:00,1369.8,1370.0,1369.8,1370.0,0.01,4.34,5976.81,1
2026-07-21,2026-07-21 13:45:00,1370.0,1370.2,1370.0,1370.2,0.01,4.34,5976.81,1
2026-07-21,2026-07-21 13:46:00,1370.2,1370.4,1370.2,1370.4,0.01,4.34,5976.81,1
2026-07-21,2026-07-21 13:47:00,1370.4,1370.6,1370.4,1370.6,0.01,4.34,5976.81,1
2026-07-21,2026-07-21 13:48:00,1370.6,1370.8,1370.6,1370.8,0.01,4.34,5976.81,1
2026-07-21,2026-07-21 13:49:00,1370.8,1371.0,1370.8,1371.0,0.01,4.34,5976.81,1
2026-07-21,2026-07-21 13:50:00,1371.0,1371.2,1371.0,1371.2,0.01,4.34,5976.81,1
2026-07-21,2026-07-21 13:51:00,1371.2,1371.4,1371.2,1371.4,0.01,4.34,5976.81,1
2026-07-21,2026-07-21 13:52:00,1371.4,1371.6,1371.4,1371.6,0.01,4.34,5976.81,1
2026-07-21,2026-07-21 13:53:00,1371.6,1371.8,1371.6,1371.8,0.01,4.34,5976.81,1
2026-07-21,2026-07-21 13:54:00,1371.8,1372.0,1371.8,1372.0,0.01,4.34,5976.81,1
2026-07-21,2026-07-21 13:55:00,1372.0,1372.2,1372.0,1372.2,0.01,4.34,5976.81,1
2026-07-21,2026-07-21 13:56:00,1372.2,1372.4,1372.2,1372.4,0.01,4.34,5976.81,1
2026-07-21,2026-07-21 13:57:00,1372.4,1372.6,1372.4,1372.6,0.01,4.34,5976.81,1
2026-07-21,2026-07-21 13:58:00,1372.6,1372.8,1372.6,1372.8,0.01,4.34,5976.81,1
2026-07-21,2026-07-21 13:59:00,1372.8,1373.0,1372.8,1373.0,0.01,4.34,5976.81,1
2026-07-21,2026-07-21 14:00:00,1373.0,1373.2,1373.0,1373.2,0.01,4.34,5976.81,1
2026-07-21,2026-07-21 14:01:00,1373.2,1373.4,1373.2,1373.4,0.01,4.34,5976.81,1
2026-07-21,2026-07-21 14:02:00,1373.4,1373.6,1373.4,1373.6,0.01,4.34,5976.81,1
2026-07-21,2026-07-21 14:03:00,1373.6,1373.8,1373.6,1373.8,0.01,4.34,5976.81,1
2026-07-21,2026-07-21 14:04:00,1373.8,1374.0,1373.8,1374.0,0.01,4.34,5976.81,1
2026-07-21,2026-07-21 14:05:00,1374.0,1374.2,1374.0,1374.2,0.01,4.34,5976.81,1
2026-07-21,2026-07-21 14:06:00,1374.2,1374.4,1374.2,1374.4,0.01,4.34,5976.81,1
2026-07-21,2026-07-21 14:07:00,1374.4,1374.6,1374.4,1374.6,0.01,4.34,5976.81,1
2026-07-21,2026-07-21 14:08:00,1374.6,1374.8,1374.6,1374.8,0.01,4.34,5976.81,1
2026-07-21,2026-07-21 14:09:00,1374.8,1375.0,1374.8,1375.0,0.01,4.34,5976.81,1
2026-07-21,2026-07-21 14:10:00,1375.0,1375.2,1375.0,1375.2,0.01,4.34,5976.81,1
2026-07-21,2026-07-21 14:11:00,1375.2,1375.4,1375.2,1375.4,0.01,4.34,5976.81,1
2026-07-21,2026-07-21 14:12:00,1375.4,1375.6,1375.4,1375.6,0.01,4.34,5976.81,1
2026-07-21,2026-07-21 14:13:00,1375.6,1375.8,1375.6,1375.8,0.01,4.34,5976.81,1
2026-07-21,2026-07-21 14:14:00,1375.8,1376.0,1375.8,1376.0,0.01,4.34,5976.81,1
2026-07-21,2026-07-21 14:15:00,1376.0,1376.2,1376.0,1376.2,0.01,4.34,5976.81,1
2026-07-21,2026-07-21 14:16:00,1376.2,1376.4,1376.2,1376.4,0.01,4.34,5976.81,1
2026-07-21,2026-07-21 14:17:00,1376.4,1376.6,1376.4,1376.6,0.01,4.34,5976.81,1
2026-07-21,2026-07-21 14:18:00,1376.6,1376.8,1376.6,1376.8,0.01,4.34,5976.81,1
2026-07-21,2026-07-21 14:19:00,1376.8,1377.0,1376.8,1377.0,0.01,4.34,5976.81,1
2026-07-21,2026-07-21 14:20:00,1377.0,1377.2,1377.0,1377.2,0.01,4.34,5976.81,1
2026-07-21,2026-07-21 14:21:00,1377.2,1377.4,1377.2,1377.4,0.01,4.34,5976.81,1
2026-07-21,2026-07-21 14:22:00,1377.4,1377.6,1377.4,1377.6,0.01,4.34,5976.81,1
2026-07-21,2026-07-21 14:23:00,1377.6,1377.8,1377.6,1377.8,0.01,4.34,5976.81,1
2026-07-21,2026-07-21 14:24:00,1377.8,1378.0,1377.8,1378.0,0.01,4.34,5976.81,1
2026-07-21,2026-07-21 14:25:00,1378.0,1378.2,1378.0,1378.2,0.01,4.34,5976.81,1
2026-07-21,2026-07-21 14:26:00,1378.2,1378.4,1378.2,1378.4,0.01,4.34,5976.81,1
2026-07-21,2026-07-21 14:27:00,1378.4,1378.6,1378.4,1378.6,0.01,4.34,5976.81,1
2026-07-21,2026-07-21 14:28:00,1378.6,1378.8,1378.6,1378.8,0.01,4.34,5976.81,1
2026-07-21,2026-07-21 14:29:00,1378.8,1379.0,1378.8,1379.0,0.01,4.34,5976.81,1
2026-07-21,2026-07-21 14:30:00,1379.0,1379.2,1379.0,1379.2,0.01,4.34,5976.81,1
2026-07-21,2026-07-21 14:31:00,1379.2,1379.4,1379.2,1379.4,0.01,4.34,5976.81,1
2026-07-21,2026-07-21 14:32:00,1379.4,1379.6,1379.4,1379.6,0.01,4.34,5976.81,1
2026-07-21,2026-07-21 14:33:00,1379.6,1379.8,1379.6,1379.8,0.01,4.34,5976.81,1
2026-07-21,2026-07-21 14:34:00,1379.8,1380.0,1379.8,1380.0,0.01,4.34,5976.81,1
2026-07-21,2026-07-21 14:35:00,1380.0,1380.2,1380.0,1380.2,0.01,4.34,5976.81,1
2026-07-21,2026-07-21 14:36:00,1380.2,1380.4,1380.2,1380.4,0.01,4.34,5976.81,1
2026-07-21,2026-07-21 14:37:00,1380.4,1380.6,1380.4,1380.6,0.01,4.34,5976.81,1
2026-07-21,2026-07-21 14:38:00,1380.6,1380.8,1380.6,1380.8,0.01,4.34,5976.81,1
2026-07-21,2026-07-21 14:39:00,1380.8,1381.0,1380.8,1381.0,0.01,4.34,5976.81,1
2026-07-21,2026-07-21 14:40:00,1381.0,1381.2,1381.0,1381.2,0.01,4.34,5976.81,1
2026-07-21,2026-07-21 14:41:00,1381.2,1381.4,1381.2,1381.4,0.01,4.34,5976.81,1
2026-07-21,2026-07-21 14:42:00,1381.4,1381.6,1381.4,1381.6,0.01,4.34,5976.81,1
2026-07-21,2026-07-21 14:43:00,1381.6,1381.8,1381.6,1381.8,0.01,4.34,5976.81,1
2026-07-21,2026-07-21 14:44:00,1381.8,1382.0,1381.8,1382.0,0.01,4.34,5976.81,1
2026-07-21,2026-07-21 14:45:00,1382.0,1382.2,1382.0,1382.2,0.01,4.34,5976.81,1
2026-07-21,2026-07-21 14:46:00,1382.2,1382.4,1382.2,1382.4,0.01,4.34,5976.81,1
2026-07-21,2026-07-21 14:47:00,1382.4,1382.6,1382.4,1382.6,0.01,4.34,5976.81,1
2026-07-21,2026-07-21 14:48:00,1382.6,1382.8,1382.6,1382.8,0.01,4.34,5976.81,1
2026-07-21,2026-07-21 14:49:00,1382.8,1383.0,1382.8,1383.0,0.01,4.34,5976.81,1
2026-07-21,2026-07-21 14:50:00,1383.0,1383.2,1383.0,1383.2,0.01,4.34,5976.81,1
2026-07-21,2026-07-21 14:51:00,1383.2,1383.4,1383.2,1383.4,0.01,4.34,5976.81,1
2026-07-21,2026-07-21 14:52:00,1383.4,1383.6,1383.4,1383.6,0.01,4.34,5976.81,1
2026-07-21,2026-07-21 14:53:00,1383.6,1383.8,1383.6,1383.8,0.01,4.34,5976.81,1
2026-07-21,2026-07-21 14:54:00,1383.8,1384.0,1383.8,1384.0,0.01,4.34,5976.81,1
2026-07-21,2026-07-21 14:55:00,1384.0,1384.2,1384.0,1384.2,0.01,4.34,5976.81,1
2026-07-21,2026-07-21 14:56:00,1384.2,1384.4,1384.2,1384.4,0.01,4.34,5976.81,1
2026-07-21,2026-07-21 14:57:00,1384.4,1384.6,1384.4,1384.6,0.01,4.34,5976.81,1
2026-07-21,2026-07-21 14:58:00,1384.6,1384.8,1384.6,1384.8,0.01,4.34,5976.81,1
2026-07-21,2026-07-21 14:59:00,1384.8,1385.0,1384.8,1385.0,0.01,4.34,5976.81,1
2026-07-21,2026-07-21 15:00:00,1385.0,1399.9,1337.0,1385.0,0.0,4.34,5976.81,0
2026-07-22,2026-07-22 11:00:00,1356.0,1361.7,1354.2,1356.08,0.01,1.66,2249.19,1
2026-07-22,2026-07-22 11:01:00,1356.08,1356.16,1356.08,1356.16,0.01,1.66,2249.19,1
2026-07-22,2026-07-22 11:02:00,1356.16,1356.24,1356.16,1356.24,0.01,1.66,2249.19,1
2026-07-22,2026-07-22 11:03:00,1356.24,1356.32,1356.24,1356.32,0.01,1.66,2249.19,1
2026-07-22,2026-07-22 11:04:00,1356.32,1356.4,1356.32,1356.4,0.01,1.66,2249.19,1
2026-07-22,2026-07-22 11:05:00,1356.4,1356.47,1356.4,1356.47,0.01,1.66,2249.19,1
2026-07-22,2026-07-22 11:06:00,1356.47,1356.55,1356.47,1356.55,0.01,1.66,2249.19,1
2026-07-22,2026-07-22 11:07:00,1356.55,1356.63,1356.55,1356.63,0.01,1.66,2249.19,1
2026-07-22,2026-07-22 11:08:00,1356.63,1356.71,1356.63,1356.71,0.01,1.66,2249.19,1
2026-07-22,2026-07-22 11:09:00,1356.71,1356.79,1356.71,1356.79,0.01,1.66,2249.19,1
2026-07-22,2026-07-22 11:10:00,1356.79,1356.87,1356.79,1356.87,0.01,1.66,2249.19,1
2026-07-22,2026-07-22 11:11:00,1356.87,1356.95,1356.87,1356.95,0.01,1.66,2249.19,1
2026-07-22,2026-07-22 11:12:00,1356.95,1357.03,1356.95,1357.03,0.01,1.66,2249.19,1
2026-07-22,2026-07-22 11:13:00,1357.03,1357.11,1357.03,1357.11,0.01,1.66,2249.19,1
2026-07-22,2026-07-22 11:14:00,1357.11,1357.19,1357.11,1357.19,0.01,1.66,2249.19,1
2026-07-22,2026-07-22 11:15:00,1357.19,1357.27,1357.19,1357.27,0.01,1.66,2249.19,1
2026-07-22,2026-07-22 11:16:00,1357.27,1357.35,1357.27,1357.35,0.01,1.66,2249.19,1
2026-07-22,2026-07-22 11:17:00,1357.35,1357.42,1357.35,1357.42,0.01,1.66,2249.19,1
2026-07-22,2026-07-22 11:18:00,1357.42,1357.5,1357.42,1357.5,0.01,1.66,2249.19,1
2026-07-22,2026-07-22 11:19:00,1357.5,1357.58,1357.5,1357.58,0.01,1.66,2249.19,1
2026-07-22,2026-07-22 11:20:00,1357.58,1357.66,1357.58,1357.66,0.01,1.66,2249.19,1
2026-07-22,2026-07-22 11:21:00,1357.66,1357.74,1357.66,1357.74,0.01,1.66,2249.19,1
2026-07-22,2026-07-22 11:22:00,1357.74,1357.82,1357.74,1357.82,0.01,1.66,2249.19,1
2026-07-22,2026-07-22 11:23:00,1357.82,1357.9,1357.82,1357.9,0.01,1.66,2249.19,1
2026-07-22,2026-07-22 11:24:00,1357.9,1357.98,1357.9,1357.98,0.01,1.66,2249.19,1
2026-07-22,2026-07-22 11:25:00,1357.98,1358.06,1357.98,1358.06,0.01,1.66,2249.19,1
2026-07-22,2026-07-22 11:26:00,1358.06,1358.14,1358.06,1358.14,0.01,1.66,2249.19,1
2026-07-22,2026-07-22 11:27:00,1358.14,1358.22,1358.14,1358.22,0.01,1.66,2249.19,1
2026-07-22,2026-07-22 11:28:00,1358.22,1358.3,1358.22,1358.3,0.01,1.66,2249.19,1
2026-07-22,2026-07-22 11:29:00,1358.3,1358.38,1358.3,1358.38,0.01,1.66,2249.19,1
2026-07-22,2026-07-22 11:30:00,1358.38,1358.45,1358.38,1358.45,0.01,1.66,2249.19,1
2026-07-22,2026-07-22 11:31:00,1358.45,1358.53,1358.45,1358.53,0.01,1.66,2249.19,1
2026-07-22,2026-07-22 11:32:00,1358.53,1358.61,1358.53,1358.61,0.01,1.66,2249.19,1
2026-07-22,2026-07-22 11:33:00,1358.61,1358.69,1358.61,1358.69,0.01,1.66,2249.19,1
2026-07-22,2026-07-22 11:34:00,1358.69,1358.77,1358.69,1358.77,0.01,1.66,2249.19,1
2026-07-22,2026-07-22 11:35:00,1358.77,1358.85,1358.77,1358.85,0.01,1.66,2249.19,1
2026-07-22,2026-07-22 11:36:00,1358.85,1358.93,1358.85,1358.93,0.01,1.66,2249.19,1
2026-07-22,2026-07-22 11:37:00,1358.93,1359.01,1358.93,1359.01,0.01,1.66,2249.19,1
2026-07-22,2026-07-22 11:38:00,1359.01,1359.09,1359.01,1359.09,0.01,1.66,2249.19,1
2026-07-22,2026-07-22 11:39:00,1359.09,1359.17,1359.09,1359.17,0.01,1.66,2249.19,1
2026-07-22,2026-07-22 11:40:00,1359.17,1359.25,1359.17,1359.25,0.01,1.66,2249.19,1
2026-07-22,2026-07-22 11:41:00,1359.25,1359.33,1359.25,1359.33,0.01,1.66,2249.19,1
2026-07-22,2026-07-22 11:42:00,1359.33,1359.4,1359.33,1359.4,0.01,1.66,2249.19,1
2026-07-22,2026-07-22 11:43:00,1359.4,1359.48,1359.4,1359.48,0.01,1.66,2249.19,1
2026-07-22,2026-07-22 11:44:00,1359.48,1359.56,1359.48,1359.56,0.01,1.66,2249.19,1
2026-07-22,2026-07-22 11:45:00,1359.56,1359.64,1359.56,1359.64,0.01,1.66,2249.19,1
2026-07-22,2026-07-22 11:46:00,1359.64,1359.72,1359.64,1359.72,0.01,1.66,2249.19,1
2026-07-22,2026-07-22 11:47:00,1359.72,1359.8,1359.72,1359.8,0.01,1.66,2249.19,1
2026-07-22,2026-07-22 11:48:00,1359.8,1359.88,1359.8,1359.88,0.01,1.66,2249.19,1
2026-07-22,2026-07-22 11:49:00,1359.88,1359.96,1359.88,1359.96,0.01,1.66,2249.19,1
2026-07-22,2026-07-22 11:50:00,1359.96,1360.04,1359.96,1360.04,0.01,1.66,2249.19,1
2026-07-22,2026-07-22 11:51:00,1360.04,1360.12,1360.04,1360.12,0.01,1.66,2249.19,1
2026-07-22,2026-07-22 11:52:00,1360.12,1360.2,1360.12,1360.2,0.01,1.66,2249.19,1
2026-07-22,2026-07-22 11:53:00,1360.2,1360.28,1360.2,1360.28,0.01,1.66,2249.19,1
2026-07-22,2026-07-22 11:54:00,1360.28,1360.35,1360.28,1360.35,0.01,1.66,2249.19,1
2026-07-22,2026-07-22 11:55:00,1360.35,1360.43,1360.35,1360.43,0.01,1.66,2249.19,1
2026-07-22,2026-07-22 11:56:00,1360.43,1360.51,1360.43,1360.51,0.01,1.66,2249.19,1
2026-07-22,2026-07-22 11:57:00,1360.51,1360.59,1360.51,1360.59,0.01,1.66,2249.19,1
2026-07-22,2026-07-22 11:58:00,1360.59,1360.67,1360.59,1360.67,0.01,1.66,2249.19,1
2026-07-22,2026-07-22 11:59:00,1360.67,1360.75,1360.67,1360.75,0.01,1.66,2249.19,1
2026-07-22,2026-07-22 12:00:00,1360.75,1360.83,1360.75,1360.83,0.01,1.66,2249.19,1
2026-07-22,2026-07-22 12:01:00,1360.83,1360.91,1360.83,1360.91,0.01,1.66,2249.19,1
2026-07-22,2026-07-22 12:02:00,1360.91,1360.99,1360.91,1360.99,0.01,1.66,2249.19,1
2026-07-22,2026-07-22 12:03:00,1360.99,1361.07,1360.99,1361.07,0.01,1.66,2249.19,1
2026-07-22,2026-07-22 12:04:00,1361.07,1361.15,1361.07,1361.15,0.01,1.66,2249.19,1
2026-07-22,2026-07-22 12:05:00,1361.15,1361.22,1361.15,1361.22,0.01,1.66,2249.19,1
2026-07-22,2026-07-22 12:06:00,1361.22,1361.3,1361.22,1361.3,0.01,1.66,2249.19,1
2026-07-22,2026-07-22 12:07:00,1361.3,1361.38,1361.3,1361.38,0.01,1.66,2249.19,1
2026-07-22,2026-07-22 12:08:00,1361.38,1361.46,1361.38,1361.46,0.01,1.66,2249.19,1
2026-07-22,2026-07-22 12:09:00,1361.46,1361.54,1361.46,1361.54,0.01,1.66,2249.19,1
2026-07-22,2026-07-22 12:10:00,1361.54,1361.62,1361.54,1361.62,0.01,1.66,2249.19,1
2026-07-22,2026-07-22 12:11:00,1361.62,1361.7,1361.62,1361.7,0.01,1.66,2249.19,1
2026-07-22,2026-07-22 12:12:00,1361.7,1361.78,1361.7,1361.78,0.01,1.66,2249.19,1
2026-07-22,2026-07-22 12:13:00,1361.78,1361.86,1361.78,1361.86,0.01,1.66,2249.19,1
2026-07-22,2026-07-22 12:14:00,1361.86,1361.94,1361.86,1361.94,0.01,1.66,2249.19,1
2026-07-22,2026-07-22 12:15:00,1361.94,1362.02,1361.94,1362.02,0.01,1.66,2249.19,1
2026-07-22,2026-07-22 12:16:00,1362.02,1362.1,1362.02,1362.1,0.01,1.66,2249.19,1
2026-07-22,2026-07-22 12:17:00,1362.1,1362.17,1362.1,1362.17,0.01,1.66,2249.19,1
2026-07-22,2026-07-22 12:18:00,1362.17,1362.25,1362.17,1362.25,0.01,1.66,2249.19,1
2026-07-22,2026-07-22 12:19:00,1362.25,1362.33,1362.25,1362.33,0.01,1.66,2249.19,1
2026-07-22,2026-07-22 12:20:00,1362.33,1362.41,1362.33,1362.41,0.01,1.66,2249.19,1
2026-07-22,2026-07-22 12:21:00,1362.41,1362.49,1362.41,1362.49,0.01,1.66,2249.19,1
2026-07-22,2026-07-22 12:22:00,1362.49,1362.57,1362.49,1362.57,0.01,1.66,2249.19,1
2026-07-22,2026-07-22 12:23:00,1362.57,1362.65,1362.57,1362.65,0.01,1.66,2249.19,1
2026-07-22,2026-07-22 12:24:00,1362.65,1362.73,1362.65,1362.73,0.01,1.66,2249.19,1
2026-07-22,2026-07-22 12:25:00,1362.73,1362.81,1362.73,1362.81,0.01,1.66,2249.19,1
2026-07-22,2026-07-22 12:26:00,1362.81,1362.89,1362.81,1362.89,0.01,1.66,2249.19,1
2026-07-22,2026-07-22 12:27:00,1362.89,1362.97,1362.89,1362.97,0.01,1.66,2249.19,1
2026-07-22,2026-07-22 12:28:00,1362.97,1363.05,1362.97,1363.05,0.01,1.66,2249.19,1
2026-07-22,2026-07-22 12:29:00,1363.05,1363.12,1363.05,1363.12,0.01,1.66,2249.19,1
2026-07-22,2026-07-22 12:30:00,1363.12,1363.2,1363.12,1363.2,0.01,1.66,2249.19,1
2026-07-22,2026-07-22 12:31:00,1363.2,1363.28,1363.2,1363.28,0.01,1.66,2249.19,1
2026-07-22,2026-07-22 12:32:00,1363.28,1363.36,1363.28,1363.36,0.01,1.66,2249.19,1
2026-07-22,2026-07-22 12:33:00,1363.36,1363.44,1363.36,1363.44,0.01,1.66,2249.19,1
2026-07-22,2026-07-22 12:34:00,1363.44,1363.52,1363.44,1363.52,0.01,1.66,2249.19,1
2026-07-22,2026-07-22 12:35:00,1363.52,1363.6,1363.52,1363.6,0.01,1.66,2249.19,1
2026-07-22,2026-07-22 12:36:00,1363.6,1363.68,1363.6,1363.68,0.01,1.66,2249.19,1
2026-07-22,2026-07-22 12:37:00,1363.68,1363.76,1363.68,1363.76,0.01,1.66,2249.19,1
2026-07-22,2026-07-22 12:38:00,1363.76,1363.84,1363.76,1363.84,0.01,1.66,2249.19,1
2026-07-22,2026-07-22 12:39:00,1363.84,1363.92,1363.84,1363.92,0.01,1.66,2249.19,1
2026-07-22,2026-07-22 12:40:00,1363.92,1364.0,1363.92,1364.0,0.01,1.66,2249.19,1
2026-07-22,2026-07-22 12:41:00,1364.0,1364.08,1364.0,1364.08,0.01,1.66,2249.19,1
2026-07-22,2026-07-22 12:42:00,1364.08,1364.15,1364.08,1364.15,0.01,1.66,2249.19,1
2026-07-22,2026-07-22 12:43:00,1364.15,1364.23,1364.15,1364.23,0.01,1.66,2249.19,1
2026-07-22,2026-07-22 12:44:00,1364.23,1364.31,1364.23,1364.31,0.01,1.66,2249.19,1
2026-07-22,2026-07-22 12:45:00,1364.31,1364.39,1364.31,1364.39,0.01,1.66,2249.19,1
2026-07-22,2026-07-22 12:46:00,1364.39,1364.47,1364.39,1364.47,0.01,1.66,2249.19,1
2026-07-22,2026-07-22 12:47:00,1364.47,1364.55,1364.47,1364.55,0.01,1.66,2249.19,1
2026-07-22,2026-07-22 12:48:00,1364.55,1364.63,1364.55,1364.63,0.01,1.66,2249.19,1
2026-07-22,2026-07-22 12:49:00,1364.63,1364.71,1364.63,1364.71,0.01,1.66,2249.19,1
2026-07-22,2026-07-22 12:50:00,1364.71,1364.79,1364.71,1364.79,0.01,1.66,2249.19,1
2026-07-22,2026-07-22 12:51:00,1364.79,1364.87,1364.79,1364.87,0.01,1.66,2249.19,1
2026-07-22,2026-07-22 12:52:00,1364.87,1364.95,1364.87,1364.95,0.01,1.66,2249.19,1
2026-07-22,2026-07-22 12:53:00,1364.95,1365.03,1364.95,1365.03,0.01,1.66,2249.19,1
2026-07-22,2026-07-22 12:54:00,1365.03,1365.1,1365.03,1365.1,0.01,1.66,2249.19,1
2026-07-22,2026-07-22 12:55:00,1365.1,1365.18,1365.1,1365.18,0.01,1.66,2249.19,1
2026-07-22,2026-07-22 12:56:00,1365.18,1365.26,1365.18,1365.26,0.01,1.66,2249.19,1
2026-07-22,2026-07-22 12:57:00,1365.26,1365.34,1365.26,1365.34,0.01,1.66,2249.19,1
2026-07-22,2026-07-22 12:58:00,1365.34,1365.42,1365.34,1365.42,0.01,1.66,2249.19,1
2026-07-22,2026-07-22 12:59:00,1365.42,1365.5,1365.42,1365.5,0.01,1.66,2249.19,1
2026-07-22,2026-07-22 13:00:00,1365.5,1375.0,1350.0,1365.58,0.01,1.66,2249.19,1
2026-07-22,2026-07-22 13:01:00,1365.58,1365.66,1365.58,1365.66,0.01,1.66,2249.19,1
2026-07-22,2026-07-22 13:02:00,1365.66,1365.74,1365.66,1365.74,0.01,1.66,2249.19,1
2026-07-22,2026-07-22 13:03:00,1365.74,1365.82,1365.74,1365.82,0.01,1.66,2249.19,1
2026-07-22,2026-07-22 13:04:00,1365.82,1365.9,1365.82,1365.9,0.01,1.66,2249.19,1
2026-07-22,2026-07-22 13:05:00,1365.9,1365.97,1365.9,1365.97,0.01,1.66,2249.19,1
2026-07-22,2026-07-22 13:06:00,1365.97,1366.05,1365.97,1366.05,0.01,1.66,2249.19,1
2026-07-22,2026-07-22 13:07:00,1366.05,1366.13,1366.05,1366.13,0.01,1.66,2249.19,1
2026-07-22,2026-07-22 13:08:00,1366.13,1366.21,1366.13,1366.21,0.01,1.66,2249.19,1
2026-07-22,2026-07-22 13:09:00,1366.21,1366.29,1366.21,1366.29,0.01,1.66,2249.19,1
2026-07-22,2026-07-22 13:10:00,1366.29,1366.37,1366.29,1366.37,0.01,1.66,2249.19,1
2026-07-22,2026-07-22 13:11:00,1366.37,1366.45,1366.37,1366.45,0.01,1.66,2249.19,1
2026-07-22,2026-07-22 13:12:00,1366.45,1366.53,1366.45,1366.53,0.01,1.66,2249.19,1
2026-07-22,2026-07-22 13:13:00,1366.53,1366.61,1366.53,1366.61,0.01,1.66,2249.19,1
2026-07-22,2026-07-22 13:14:00,1366.61,1366.69,1366.61,1366.69,0.01,1.66,2249.19,1
2026-07-22,2026-07-22 13:15:00,1366.69,1366.77,1366.69,1366.77,0.01,1.66,2249.19,1
2026-07-22,2026-07-22 13:16:00,1366.77,1366.85,1366.77,1366.85,0.01,1.66,2249.19,1
2026-07-22,2026-07-22 13:17:00,1366.85,1366.92,1366.85,1366.92,0.01,1.66,2249.19,1
2026-07-22,2026-07-22 13:18:00,1366.92,1367.0,1366.92,1367.0,0.01,1.66,2249.19,1
2026-07-22,2026-07-22 13:19:00,1367.0,1367.08,1367.0,1367.08,0.01,1.66,2249.19,1
2026-07-22,2026-07-22 13:20:00,1367.08,1367.16,1367.08,1367.16,0.01,1.66,2249.19,1
2026-07-22,2026-07-22 13:21:00,1367.16,1367.24,1367.16,1367.24,0.01,1.66,2249.19,1
2026-07-22,2026-07-22 13:22:00,1367.24,1367.32,1367.24,1367.32,0.01,1.66,2249.19,1
2026-07-22,2026-07-22 13:23:00,1367.32,1367.4,1367.32,1367.4,0.01,1.66,2249.19,1
2026-07-22,2026-07-22 13:24:00,1367.4,1367.48,1367.4,1367.48,0.01,1.66,2249.19,1
2026-07-22,2026-07-22 13:25:00,1367.48,1367.56,1367.48,1367.56,0.01,1.66,2249.19,1
2026-07-22,2026-07-22 13:26:00,1367.56,1367.64,1367.56,1367.64,0.01,1.66,2249.19,1
2026-07-22,2026-07-22 13:27:00,1367.64,1367.72,1367.64,1367.72,0.01,1.66,2249.19,1
2026-07-22,2026-07-22 13:28:00,1367.72,1367.8,1367.72,1367.8,0.01,1.66,2249.19,1
2026-07-22,2026-07-22 13:29:00,1367.8,1367.88,1367.8,1367.88,0.01,1.66,2249.19,1
2026-07-22,2026-07-22 13:30:00,1367.88,1367.95,1367.88,1367.95,0.01,1.66,2249.19,1
2026-07-22,2026-07-22 13:31:00,1367.95,1368.03,1367.95,1368.03,0.01,1.66,2249.19,1
2026-07-22,2026-07-22 13:32:00,1368.03,1368.11,1368.03,1368.11,0.01,1.66,2249.19,1
2026-07-22,2026-07-22 13:33:00,1368.11,1368.19,1368.11,1368.19,0.01,1.66,2249.19,1
2026-07-22,2026-07-22 13:34:00,1368.19,1368.27,1368.19,1368.27,0.01,1.66,2249.19,1
2026-07-22,2026-07-22 13:35:00,1368.27,1368.35,1368.27,1368.35,0.01,1.66,2249.19,1
2026-07-22,2026-07-22 13:36:00,1368.35,1368.43,1368.35,1368.43,0.01,1.66,2249.19,1
2026-07-22,2026-07-22 13:37:00,1368.43,1368.51,1368.43,1368.51,0.01,1.66,2249.19,1
2026-07-22,2026-07-22 13:38:00,1368.51,1368.59,1368.51,1368.59,0.01,1.66,2249.19,1
2026-07-22,2026-07-22 13:39:00,1368.59,1368.67,1368.59,1368.67,0.01,1.66,2249.19,1
2026-07-22,2026-07-22 13:40:00,1368.67,1368.75,1368.67,1368.75,0.01,1.66,2249.19,1
2026-07-22,2026-07-22 13:41:00,1368.75,1368.83,1368.75,1368.83,0.01,1.66,2249.19,1
2026-07-22,2026-07-22 13:42:00,1368.83,1368.9,1368.83,1368.9,0.01,1.66,2249.19,1
2026-07-22,2026-07-22 13:43:00,1368.9,1368.98,1368.9,1368.98,0.01,1.66,2249.19,1
2026-07-22,2026-07-22 13:44:00,1368.98,1369.06,1368.98,1369.06,0.01,1.66,2249.19,1
2026-07-22,2026-07-22 13:45:00,1369.06,1369.14,1369.06,1369.14,0.01,1.66,2249.19,1
2026-07-22,2026-07-22 13:46:00,1369.14,1369.22,1369.14,1369.22,0.01,1.66,2249.19,1
2026-07-22,2026-07-22 13:47:00,1369.22,1369.3,1369.22,1369.3,0.01,1.66,2249.19,1
2026-07-22,2026-07-22 13:48:00,1369.3,1369.38,1369.3,1369.38,0.01,1.66,2249.19,1
2026-07-22,2026-07-22 13:49:00,1369.38,1369.46,1369.38,1369.46,0.01,1.66,2249.19,1
2026-07-22,2026-07-22 13:50:00,1369.46,1369.54,1369.46,1369.54,0.01,1.66,2249.19,1
2026-07-22,2026-07-22 13:51:00,1369.54,1369.62,1369.54,1369.62,0.01,1.66,2249.19,1
2026-07-22,2026-07-22 13:52:00,1369.62,1369.7,1369.62,1369.7,0.01,1.66,2249.19,1
2026-07-22,2026-07-22 13:53:00,1369.7,1369.78,1369.7,1369.78,0.01,1.66,2249.19,1
2026-07-22,2026-07-22 13:54:00,1369.78,1369.85,1369.78,1369.85,0.01,1.66,2249.19,1
2026-07-22,2026-07-22 13:55:00,1369.85,1369.93,1369.85,1369.93,0.01,1.66,2249.19,1
2026-07-22,2026-07-22 13:56:00,1369.93,1370.01,1369.93,1370.01,0.01,1.66,2249.19,1
2026-07-22,2026-07-22 13:57:00,1370.01,1370.09,1370.01,1370.09,0.01,1.66,2249.19,1
2026-07-22,2026-07-22 13:58:00,1370.09,1370.17,1370.09,1370.17,0.01,1.66,2249.19,1
2026-07-22,2026-07-22 13:59:00,1370.17,1370.25,1370.17,1370.25,0.01,1.66,2249.19,1
2026-07-22,2026-07-22 14:00:00,1370.25,1370.33,1370.25,1370.33,0.01,1.66,2249.19,1
2026-07-22,2026-07-22 14:01:00,1370.33,1370.41,1370.33,1370.41,0.01,1.66,2249.19,1
2026-07-22,2026-07-22 14:02:00,1370.41,1370.49,1370.41,1370.49,0.01,1.66,2249.19,1
2026-07-22,2026-07-22 14:03:00,1370.49,1370.57,1370.49,1370.57,0.01,1.66,2249.19,1
2026-07-22,2026-07-22 14:04:00,1370.57,1370.65,1370.57,1370.65,0.01,1.66,2249.19,1
2026-07-22,2026-07-22 14:05:00,1370.65,1370.72,1370.65,1370.72,0.01,1.66,2249.19,1
2026-07-22,2026-07-22 14:06:00,1370.72,1370.8,1370.72,1370.8,0.01,1.66,2249.19,1
2026-07-22,2026-07-22 14:07:00,1370.8,1370.88,1370.8,1370.88,0.01,1.66,2249.19,1
2026-07-22,2026-07-22 14:08:00,1370.88,1370.96,1370.88,1370.96,0.01,1.66,2249.19,1
2026-07-22,2026-07-22 14:09:00,1370.96,1371.04,1370.96,1371.04,0.01,1.66,2249.19,1
2026-07-22,2026-07-22 14:10:00,1371.04,1371.12,1371.04,1371.12,0.01,1.66,2249.19,1
2026-07-22,2026-07-22 14:11:00,1371.12,1371.2,1371.12,1371.2,0.01,1.66,2249.19,1
2026-07-22,2026-07-22 14:12:00,1371.2,1371.28,1371.2,1371.28,0.01,1.66,2249.19,1
2026-07-22,2026-07-22 14:13:00,1371.28,1371.36,1371.28,1371.36,0.01,1.66,2249.19,1
2026-07-22,2026-07-22 14:14:00,1371.36,1371.44,1371.36,1371.44,0.01,1.66,2249.19,1
2026-07-22,2026-07-22 14:15:00,1371.44,1371.52,1371.44,1371.52,0.01,1.66,2249.19,1
2026-07-22,2026-07-22 14:16:00,1371.52,1371.6,1371.52,1371.6,0.01,1.66,2249.19,1
2026-07-22,2026-07-22 14:17:00,1371.6,1371.67,1371.6,1371.67,0.01,1.66,2249.19,1
2026-07-22,2026-07-22 14:18:00,1371.67,1371.75,1371.67,1371.75,0.01,1.66,2249.19,1
2026-07-22,2026-07-22 14:19:00,1371.75,1371.83,1371.75,1371.83,0.01,1.66,2249.19,1
2026-07-22,2026-07-22 14:20:00,1371.83,1371.91,1371.83,1371.91,0.01,1.66,2249.19,1
2026-07-22,2026-07-22 14:21:00,1371.91,1371.99,1371.91,1371.99,0.01,1.66,2249.19,1
2026-07-22,2026-07-22 14:22:00,1371.99,1372.07,1371.99,1372.07,0.01,1.66,2249.19,1
2026-07-22,2026-07-22 14:23:00,1372.07,1372.15,1372.07,1372.15,0.01,1.66,2249.19,1
2026-07-22,2026-07-22 14:24:00,1372.15,1372.23,1372.15,1372.23,0.01,1.66,2249.19,1
2026-07-22,2026-07-22 14:25:00,1372.23,1372.31,1372.23,1372.31,0.01,1.66,2249.19,1
2026-07-22,2026-07-22 14:26:00,1372.31,1372.39,1372.31,1372.39,0.01,1.66,2249.19,1
2026-07-22,2026-07-22 14:27:00,1372.39,1372.47,1372.39,1372.47,0.01,1.66,2249.19,1
2026-07-22,2026-07-22 14:28:00,1372.47,1372.55,1372.47,1372.55,0.01,1.66,2249.19,1
2026-07-22,2026-07-22 14:29:00,1372.55,1372.62,1372.55,1372.62,0.01,1.66,2249.19,1
2026-07-22,2026-07-22 14:30:00,1372.62,1372.7,1372.62,1372.7,0.01,1.66,2249.19,1
2026-07-22,2026-07-22 14:31:00,1372.7,1372.78,1372.7,1372.78,0.01,1.66,2249.19,1
2026-07-22,2026-07-22 14:32:00,1372.78,1372.86,1372.78,1372.86,0.01,1.66,2249.19,1
2026-07-22,2026-07-22 14:33:00,1372.86,1372.94,1372.86,1372.94,0.01,1.66,2249.19,1
2026-07-22,2026-07-22 14:34:00,1372.94,1373.02,1372.94,1373.02,0.01,1.66,2249.19,1
2026-07-22,2026-07-22 14:35:00,1373.02,1373.1,1373.02,1373.1,0.01,1.66,2249.19,1
2026-07-22,2026-07-22 14:36:00,1373.1,1373.18,1373.1,1373.18,0.01,1.66,2249.19,1
2026-07-22,2026-07-22 14:37:00,1373.18,1373.26,1373.18,1373.26,0.01,1.66,2249.19,1
2026-07-22,2026-07-22 14:38:00,1373.26,1373.34,1373.26,1373.34,0.01,1.66,2249.19,1
2026-07-22,2026-07-22 14:39:00,1373.34,1373.42,1373.34,1373.42,0.01,1.66,2249.19,1
2026-07-22,2026-07-22 14:40:00,1373.42,1373.5,1373.42,1373.5,0.01,1.66,2249.19,1
2026-07-22,2026-07-22 14:41:00,1373.5,1373.58,1373.5,1373.58,0.01,1.66,2249.19,1
2026-07-22,2026-07-22 14:42:00,1373.58,1373.65,1373.58,1373.65,0.01,1.66,2249.19,1
2026-07-22,2026-07-22 14:43:00,1373.65,1373.73,1373.65,1373.73,0.01,1.66,2249.19,1
2026-07-22,2026-07-22 14:44:00,1373.73,1373.81,1373.73,1373.81,0.01,1.66,2249.19,1
2026-07-22,2026-07-22 14:45:00,1373.81,1373.89,1373.81,1373.89,0.01,1.66,2249.19,1
2026-07-22,2026-07-22 14:46:00,1373.89,1373.97,1373.89,1373.97,0.01,1.66,2249.19,1
2026-07-22,2026-07-22 14:47:00,1373.97,1374.05,1373.97,1374.05,0.01,1.66,2249.19,1
2026-07-22,2026-07-22 14:48:00,1374.05,1374.13,1374.05,1374.13,0.01,1.66,2249.19,1
2026-07-22,2026-07-22 14:49:00,1374.13,1374.21,1374.13,1374.21,0.01,1.66,2249.19,1
2026-07-22,2026-07-22 14:50:00,1374.21,1374.29,1374.21,1374.29,0.01,1.66,2249.19,1
2026-07-22,2026-07-22 14:51:00,1374.29,1374.37,1374.29,1374.37,0.01,1.66,2249.19,1
2026-07-22,2026-07-22 14:52:00,1374.37,1374.45,1374.37,1374.45,0.01,1.66,2249.19,1
2026-07-22,2026-07-22 14:53:00,1374.45,1374.53,1374.45,1374.53,0.01,1.66,2249.19,1
2026-07-22,2026-07-22 14:54:00,1374.53,1374.6,1374.53,1374.6,0.01,1.66,2249.19,1
2026-07-22,2026-07-22 14:55:00,1374.6,1374.68,1374.6,1374.68,0.01,1.66,2249.19,1
2026-07-22,2026-07-22 14:56:00,1374.68,1374.76,1374.68,1374.76,0.01,1.66,2249.19,1
2026-07-22,2026-07-22 14:57:00,1374.76,1374.84,1374.76,1374.84,0.01,1.66,2249.19,1
2026-07-22,2026-07-22 14:58:00,1374.84,1374.92,1374.84,1374.92,0.01,1.66,2249.19,1
2026-07-22,2026-07-22 14:59:00,1374.92,1375.0,1374.92,1375.0,0.01,1.66,2249.19,1
2026-07-22,2026-07-22 15:00:00,1375.0,1375.0,1350.0,1375.0,0.0,1.66,2249.19,0
2026-07-23,2026-07-23 11:00:00,1397.9,1397.9,1382.03,1397.78,-0.01,2.92,3951.96,-1
2026-07-23,2026-07-23 11:01:00,1397.78,1397.78,1397.67,1397.67,-0.01,2.92,3951.96,-1
2026-07-23,2026-07-23 11:02:00,1397.67,1397.67,1397.55,1397.55,-0.01,2.92,3951.96,-1
2026-07-23,2026-07-23 11:03:00,1397.55,1397.55,1397.44,1397.44,-0.01,2.92,3951.96,-1
2026-07-23,2026-07-23 11:04:00,1397.44,1397.44,1397.32,1397.32,-0.01,2.92,3951.96,-1
2026-07-23,2026-07-23 11:05:00,1397.32,1397.32,1397.2,1397.2,-0.01,2.92,3951.96,-1
2026-07-23,2026-07-23 11:06:00,1397.2,1397.2,1397.09,1397.09,-0.01,2.92,3951.96,-1
2026-07-23,2026-07-23 11:07:00,1397.09,1397.09,1396.97,1396.97,-0.01,2.92,3951.96,-1
2026-07-23,2026-07-23 11:08:00,1396.97,1396.97,1396.85,1396.85,-0.01,2.92,3951.96,-1
2026-07-23,2026-07-23 11:09:00,1396.85,1396.85,1396.74,1396.74,-0.01,2.92,3951.96,-1
2026-07-23,2026-07-23 11:10:00,1396.74,1396.74,1396.62,1396.62,-0.01,2.92,3951.96,-1
2026-07-23,2026-07-23 11:11:00,1396.62,1396.62,1396.51,1396.51,-0.01,2.92,3951.96,-1
2026-07-23,2026-07-23 11:12:00,1396.51,1396.51,1396.39,1396.39,-0.01,2.92,3951.96,-1
2026-07-23,2026-07-23 11:13:00,1396.39,1396.39,1396.27,1396.27,-0.01,2.92,3951.96,-1
2026-07-23,2026-07-23 11:14:00,1396.27,1396.27,1396.16,1396.16,-0.01,2.92,3951.96,-1
2026-07-23,2026-07-23 11:15:00,1396.16,1396.16,1396.04,1396.04,-0.01,2.92,3951.96,-1
2026-07-23,2026-07-23 11:16:00,1396.04,1396.04,1395.92,1395.92,-0.01,2.92,3951.96,-1
2026-07-23,2026-07-23 11:17:00,1395.92,1395.92,1395.81,1395.81,-0.01,2.92,3951.96,-1
2026-07-23,2026-07-23 11:18:00,1395.81,1395.81,1395.69,1395.69,-0.01,2.92,3951.96,-1
2026-07-23,2026-07-23 11:19:00,1395.69,1395.69,1395.58,1395.58,-0.01,2.92,3951.96,-1
2026-07-23,2026-07-23 11:20:00,1395.58,1395.58,1395.46,1395.46,-0.01,2.92,3951.96,-1
2026-07-23,2026-07-23 11:21:00,1395.46,1395.46,1395.34,1395.34,-0.01,2.92,3951.96,-1
2026-07-23,2026-07-23 11:22:00,1395.34,1395.34,1395.23,1395.23,-0.01,2.92,3951.96,-1
2026-07-23,2026-07-23 11:23:00,1395.23,1395.23,1395.11,1395.11,-0.01,2.92,3951.96,-1
2026-07-23,2026-07-23 11:24:00,1395.11,1395.11,1394.99,1394.99,-0.01,2.92,3951.96,-1
2026-07-23,2026-07-23 11:25:00,1394.99,1394.99,1394.88,1394.88,-0.01,2.92,3951.96,-1
2026-07-23,2026-07-23 11:26:00,1394.88,1394.88,1394.76,1394.76,-0.01,2.92,3951.96,-1
2026-07-23,2026-07-23 11:27:00,1394.76,1394.76,1394.64,1394.64,-0.01,2.92,3951.96,-1
2026-07-23,2026-07-23 11:28:00,1394.64,1394.64,1394.53,1394.53,-0.01,2.92,3951.96,-1
2026-07-23,2026-07-23 11:29:00,1394.53,1394.53,1394.41,1394.41,-0.01,2.92,3951.96,-1
2026-07-23,2026-07-23 11:30:00,1394.41,1394.41,1394.3,1394.3,-0.01,2.92,3951.96,-1
2026-07-23,2026-07-23 11:31:00,1394.3,1394.3,1394.18,1394.18,-0.01,2.92,3951.96,-1
2026-07-23,2026-07-23 11:32:00,1394.18,1394.18,1394.06,1394.06,-0.01,2.92,3951.96,-1
2026-07-23,2026-07-23 11:33:00,1394.06,1394.06,1393.95,1393.95,-0.01,2.92,3951.96,-1
2026-07-23,2026-07-23 11:34:00,1393.95,1393.95,1393.83,1393.83,-0.01,2.92,3951.96,-1
2026-07-23,2026-07-23 11:35:00,1393.83,1393.83,1393.72,1393.72,-0.01,2.92,3951.96,-1
2026-07-23,2026-07-23 11:36:00,1393.72,1393.72,1393.6,1393.6,-0.01,2.92,3951.96,-1
2026-07-23,2026-07-23 11:37:00,1393.6,1393.6,1393.48,1393.48,-0.01,2.92,3951.96,-1
2026-07-23,2026-07-23 11:38:00,1393.48,1393.48,1393.37,1393.37,-0.01,2.92,3951.96,-1
2026-07-23,2026-07-23 11:39:00,1393.37,1393.37,1393.25,1393.25,-0.01,2.92,3951.96,-1
2026-07-23,2026-07-23 11:40:00,1393.25,1393.25,1393.13,1393.13,-0.01,2.92,3951.96,-1
2026-07-23,2026-07-23 11:41:00,1393.13,1393.13,1393.02,1393.02,-0.01,2.92,3951.96,-1
2026-07-23,2026-07-23 11:42:00,1393.02,1393.02,1392.9,1392.9,-0.01,2.92,3951.96,-1
2026-07-23,2026-07-23 11:43:00,1392.9,1392.9,1392.79,1392.79,-0.01,2.92,3951.96,-1
2026-07-23,2026-07-23 11:44:00,1392.79,1392.79,1392.67,1392.67,-0.01,2.92,3951.96,-1
2026-07-23,2026-07-23 11:45:00,1392.67,1392.67,1392.55,1392.55,-0.01,2.92,3951.96,-1
2026-07-23,2026-07-23 11:46:00,1392.55,1392.55,1392.44,1392.44,-0.01,2.92,3951.96,-1
2026-07-23,2026-07-23 11:47:00,1392.44,1392.44,1392.32,1392.32,-0.01,2.92,3951.96,-1
2026-07-23,2026-07-23 11:48:00,1392.32,1392.32,1392.2,1392.2,-0.01,2.92,3951.96,-1
2026-07-23,2026-07-23 11:49:00,1392.2,1392.2,1392.09,1392.09,-0.01,2.92,3951.96,-1
2026-07-23,2026-07-23 11:50:00,1392.09,1392.09,1391.97,1391.97,-0.01,2.92,3951.96,-1
2026-07-23,2026-07-23 11:51:00,1391.97,1391.97,1391.86,1391.86,-0.01,2.92,3951.96,-1
2026-07-23,2026-07-23 11:52:00,1391.86,1391.86,1391.74,1391.74,-0.01,2.92,3951.96,-1
2026-07-23,2026-07-23 11:53:00,1391.74,1391.74,1391.62,1391.62,-0.01,2.92,3951.96,-1
2026-07-23,2026-07-23 11:54:00,1391.62,1391.62,1391.51,1391.51,-0.01,2.92,3951.96,-1
2026-07-23,2026-07-23 11:55:00,1391.51,1391.51,1391.39,1391.39,-0.01,2.92,3951.96,-1
2026-07-23,2026-07-23 11:56:00,1391.39,1391.39,1391.27,1391.27,-0.01,2.92,3951.96,-1
2026-07-23,2026-07-23 11:57:00,1391.27,1391.27,1391.16,1391.16,-0.01,2.92,3951.96,-1
2026-07-23,2026-07-23 11:58:00,1391.16,1391.16,1391.04,1391.04,-0.01,2.92,3951.96,-1
2026-07-23,2026-07-23 11:59:00,1391.04,1391.04,1390.93,1390.93,-0.01,2.92,3951.96,-1
2026-07-23,2026-07-23 12:00:00,1390.93,1390.93,1390.81,1390.81,-0.01,2.92,3951.96,-1
2026-07-23,2026-07-23 12:01:00,1390.81,1390.81,1390.69,1390.69,-0.01,2.92,3951.96,-1
2026-07-23,2026-07-23 12:02:00,1390.69,1390.69,1390.58,1390.58,-0.01,2.92,3951.96,-1
2026-07-23,2026-07-23 12:03:00,1390.58,1390.58,1390.46,1390.46,-0.01,2.92,3951.96,-1
2026-07-23,2026-07-23 12:04:00,1390.46,1390.46,1390.34,1390.34,-0.01,2.92,3951.96,-1
2026-07-23,2026-07-23 12:05:00,1390.34,1390.34,1390.23,1390.23,-0.01,2.92,3951.96,-1
2026-07-23,2026-07-23 12:06:00,1390.23,1390.23,1390.11,1390.11,-0.01,2.92,3951.96,-1
2026-07-23,2026-07-23 12:07:00,1390.11,1390.11,1390.0,1390.0,-0.01,2.92,3951.96,-1
2026-07-23,2026-07-23 12:08:00,1390.0,1390.0,1389.88,1389.88,-0.01,2.92,3951.96,-1
2026-07-23,2026-07-23 12:09:00,1389.88,1389.88,1389.76,1389.76,-0.01,2.92,3951.96,-1
2026-07-23,2026-07-23 12:10:00,1389.76,1389.76,1389.65,1389.65,-0.01,2.92,3951.96,-1
2026-07-23,2026-07-23 12:11:00,1389.65,1389.65,1389.53,1389.53,-0.01,2.92,3951.96,-1
2026-07-23,2026-07-23 12:12:00,1389.53,1389.53,1389.41,1389.41,-0.01,2.92,3951.96,-1
2026-07-23,2026-07-23 12:13:00,1389.41,1389.41,1389.3,1389.3,-0.01,2.92,3951.96,-1
2026-07-23,2026-07-23 12:14:00,1389.3,1389.3,1389.18,1389.18,-0.01,2.92,3951.96,-1
2026-07-23,2026-07-23 12:15:00,1389.18,1389.18,1389.07,1389.07,-0.01,2.92,3951.96,-1
2026-07-23,2026-07-23 12:16:00,1389.07,1389.07,1388.95,1388.95,-0.01,2.92,3951.96,-1
2026-07-23,2026-07-23 12:17:00,1388.95,1388.95,1388.83,1388.83,-0.01,2.92,3951.96,-1
2026-07-23,2026-07-23 12:18:00,1388.83,1388.83,1388.72,1388.72,-0.01,2.92,3951.96,-1
2026-07-23,2026-07-23 12:19:00,1388.72,1388.72,1388.6,1388.6,-0.01,2.92,3951.96,-1
2026-07-23,2026-07-23 12:20:00,1388.6,1388.6,1388.48,1388.48,-0.01,2.92,3951.96,-1
2026-07-23,2026-07-23 12:21:00,1388.48,1388.48,1388.37,1388.37,-0.01,2.92,3951.96,-1
2026-07-23,2026-07-23 12:22:00,1388.37,1388.37,1388.25,1388.25,-0.01,2.92,3951.96,-1
2026-07-23,2026-07-23 12:23:00,1388.25,1388.25,1388.13,1388.13,-0.01,2.92,3951.96,-1
2026-07-23,2026-07-23 12:24:00,1388.13,1388.13,1388.02,1388.02,-0.01,2.92,3951.96,-1
2026-07-23,2026-07-23 12:25:00,1388.02,1388.02,1387.9,1387.9,-0.01,2.92,3951.96,-1
2026-07-23,2026-07-23 12:26:00,1387.9,1387.9,1387.79,1387.79,-0.01,2.92,3951.96,-1
2026-07-23,2026-07-23 12:27:00,1387.79,1387.79,1387.67,1387.67,-0.01,2.92,3951.96,-1
2026-07-23,2026-07-23 12:28:00,1387.67,1387.67,1387.55,1387.55,-0.01,2.92,3951.96,-1
2026-07-23,2026-07-23 12:29:00,1387.55,1387.55,1387.44,1387.44,-0.01,2.92,3951.96,-1
2026-07-23,2026-07-23 12:30:00,1387.44,1387.44,1387.32,1387.32,-0.01,2.92,3951.96,-1
2026-07-23,2026-07-23 12:31:00,1387.32,1387.32,1387.21,1387.21,-0.01,2.92,3951.96,-1
2026-07-23,2026-07-23 12:32:00,1387.21,1387.21,1387.09,1387.09,-0.01,2.92,3951.96,-1
2026-07-23,2026-07-23 12:33:00,1387.09,1387.09,1386.97,1386.97,-0.01,2.92,3951.96,-1
2026-07-23,2026-07-23 12:34:00,1386.97,1386.97,1386.86,1386.86,-0.01,2.92,3951.96,-1
2026-07-23,2026-07-23 12:35:00,1386.86,1386.86,1386.74,1386.74,-0.01,2.92,3951.96,-1
2026-07-23,2026-07-23 12:36:00,1386.74,1386.74,1386.62,1386.62,-0.01,2.92,3951.96,-1
2026-07-23,2026-07-23 12:37:00,1386.62,1386.62,1386.51,1386.51,-0.01,2.92,3951.96,-1
2026-07-23,2026-07-23 12:38:00,1386.51,1386.51,1386.39,1386.39,-0.01,2.92,3951.96,-1
2026-07-23,2026-07-23 12:39:00,1386.39,1386.39,1386.28,1386.28,-0.01,2.92,3951.96,-1
2026-07-23,2026-07-23 12:40:00,1386.28,1386.28,1386.16,1386.16,-0.01,2.92,3951.96,-1
2026-07-23,2026-07-23 12:41:00,1386.16,1386.16,1386.04,1386.04,-0.01,2.92,3951.96,-1
2026-07-23,2026-07-23 12:42:00,1386.04,1386.04,1385.93,1385.93,-0.01,2.92,3951.96,-1
2026-07-23,2026-07-23 12:43:00,1385.93,1385.93,1385.81,1385.81,-0.01,2.92,3951.96,-1
2026-07-23,2026-07-23 12:44:00,1385.81,1385.81,1385.69,1385.69,-0.01,2.92,3951.96,-1
2026-07-23,2026-07-23 12:45:00,1385.69,1385.69,1385.58,1385.58,-0.01,2.92,3951.96,-1
2026-07-23,2026-07-23 12:46:00,1385.58,1385.58,1385.46,1385.46,-0.01,2.92,3951.96,-1
2026-07-23,2026-07-23 12:47:00,1385.46,1385.46,1385.35,1385.35,-0.01,2.92,3951.96,-1
2026-07-23,2026-07-23 12:48:00,1385.35,1385.35,1385.23,1385.23,-0.01,2.92,3951.96,-1
2026-07-23,2026-07-23 12:49:00,1385.23,1385.23,1385.11,1385.11,-0.01,2.92,3951.96,-1
2026-07-23,2026-07-23 12:50:00,1385.11,1385.11,1385.0,1385.0,-0.01,2.92,3951.96,-1
2026-07-23,2026-07-23 12:51:00,1385.0,1385.0,1384.88,1384.88,-0.01,2.92,3951.96,-1
2026-07-23,2026-07-23 12:52:00,1384.88,1384.88,1384.76,1384.76,-0.01,2.92,3951.96,-1
2026-07-23,2026-07-23 12:53:00,1384.76,1384.76,1384.65,1384.65,-0.01,2.92,3951.96,-1
2026-07-23,2026-07-23 12:54:00,1384.65,1384.65,1384.53,1384.53,-0.01,2.92,3951.96,-1
2026-07-23,2026-07-23 12:55:00,1384.53,1384.53,1384.41,1384.41,-0.01,2.92,3951.96,-1
2026-07-23,2026-07-23 12:56:00,1384.41,1384.41,1384.3,1384.3,-0.01,2.92,3951.96,-1
2026-07-23,2026-07-23 12:57:00,1384.3,1384.3,1384.18,1384.18,-0.01,2.92,3951.96,-1
2026-07-23,2026-07-23 12:58:00,1384.18,1384.18,1384.07,1384.07,-0.01,2.92,3951.96,-1
2026-07-23,2026-07-23 12:59:00,1384.07,1384.07,1383.95,1383.95,-0.01,2.92,3951.96,-1
2026-07-23,2026-07-23 13:00:00,1383.95,1397.9,1345.0,1383.83,-0.01,2.92,3951.96,-1
2026-07-23,2026-07-23 13:01:00,1383.83,1383.83,1383.72,1383.72,-0.01,2.92,3951.96,-1
2026-07-23,2026-07-23 13:02:00,1383.72,1383.72,1383.6,1383.6,-0.01,2.92,3951.96,-1
2026-07-23,2026-07-23 13:03:00,1383.6,1383.6,1383.49,1383.49,-0.01,2.92,3951.96,-1
2026-07-23,2026-07-23 13:04:00,1383.49,1383.49,1383.37,1383.37,-0.01,2.92,3951.96,-1
2026-07-23,2026-07-23 13:05:00,1383.37,1383.37,1383.25,1383.25,-0.01,2.92,3951.96,-1
2026-07-23,2026-07-23 13:06:00,1383.25,1383.25,1383.14,1383.14,-0.01,2.92,3951.96,-1
2026-07-23,2026-07-23 13:07:00,1383.14,1383.14,1383.02,1383.02,-0.01,2.92,3951.96,-1
2026-07-23,2026-07-23 13:08:00,1383.02,1383.02,1382.9,1382.9,-0.01,2.92,3951.96,-1
2026-07-23,2026-07-23 13:09:00,1382.9,1382.9,1382.79,1382.79,-0.01,2.92,3951.96,-1
2026-07-23,2026-07-23 13:10:00,1382.79,1382.79,1382.67,1382.67,-0.01,2.92,3951.96,-1
2026-07-23,2026-07-23 13:11:00,1382.67,1382.67,1382.56,1382.56,-0.01,2.92,3951.96,-1
2026-07-23,2026-07-23 13:12:00,1382.56,1382.56,1382.44,1382.44,-0.01,2.92,3951.96,-1
2026-07-23,2026-07-23 13:13:00,1382.44,1382.44,1382.32,1382.32,-0.01,2.92,3951.96,-1
2026-07-23,2026-07-23 13:14:00,1382.32,1382.32,1382.21,1382.21,-0.01,2.92,3951.96,-1
2026-07-23,2026-07-23 13:15:00,1382.21,1382.21,1382.09,1382.09,-0.01,2.92,3951.96,-1
2026-07-23,2026-07-23 13:16:00,1382.09,1382.09,1381.97,1381.97,-0.01,2.92,3951.96,-1
2026-07-23,2026-07-23 13:17:00,1381.97,1381.97,1381.86,1381.86,-0.01,2.92,3951.96,-1
2026-07-23,2026-07-23 13:18:00,1381.86,1381.86,1381.74,1381.74,-0.01,2.92,3951.96,-1
2026-07-23,2026-07-23 13:19:00,1381.74,1381.74,1381.62,1381.62,-0.01,2.92,3951.96,-1
2026-07-23,2026-07-23 13:20:00,1381.62,1381.62,1381.51,1381.51,-0.01,2.92,3951.96,-1
2026-07-23,2026-07-23 13:21:00,1381.51,1381.51,1381.39,1381.39,-0.01,2.92,3951.96,-1
2026-07-23,2026-07-23 13:22:00,1381.39,1381.39,1381.28,1381.28,-0.01,2.92,3951.96,-1
2026-07-23,2026-07-23 13:23:00,1381.28,1381.28,1381.16,1381.16,-0.01,2.92,3951.96,-1
2026-07-23,2026-07-23 13:24:00,1381.16,1381.16,1381.04,1381.04,-0.01,2.92,3951.96,-1
2026-07-23,2026-07-23 13:25:00,1381.04,1381.04,1380.93,1380.93,-0.01,2.92,3951.96,-1
2026-07-23,2026-07-23 13:26:00,1380.93,1380.93,1380.81,1380.81,-0.01,2.92,3951.96,-1
2026-07-23,2026-07-23 13:27:00,1380.81,1380.81,1380.69,1380.69,-0.01,2.92,3951.96,-1
2026-07-23,2026-07-23 13:28:00,1380.69,1380.69,1380.58,1380.58,-0.01,2.92,3951.96,-1
2026-07-23,2026-07-23 13:29:00,1380.58,1380.58,1380.46,1380.46,-0.01,2.92,3951.96,-1
2026-07-23,2026-07-23 13:30:00,1380.46,1380.46,1380.35,1380.35,-0.01,2.92,3951.96,-1
2026-07-23,2026-07-23 13:31:00,1380.35,1380.35,1380.23,1380.23,-0.01,2.92,3951.96,-1
2026-07-23,2026-07-23 13:32:00,1380.23,1380.23,1380.11,1380.11,-0.01,2.92,3951.96,-1
2026-07-23,2026-07-23 13:33:00,1380.11,1380.11,1380.0,1380.0,-0.01,2.92,3951.96,-1
2026-07-23,2026-07-23 13:34:00,1380.0,1380.0,1379.88,1379.88,-0.01,2.92,3951.96,-1
2026-07-23,2026-07-23 13:35:00,1379.88,1379.88,1379.77,1379.77,-0.01,2.92,3951.96,-1
2026-07-23,2026-07-23 13:36:00,1379.77,1379.77,1379.65,1379.65,-0.01,2.92,3951.96,-1
2026-07-23,2026-07-23 13:37:00,1379.65,1379.65,1379.53,1379.53,-0.01,2.92,3951.96,-1
2026-07-23,2026-07-23 13:38:00,1379.53,1379.53,1379.42,1379.42,-0.01,2.92,3951.96,-1
2026-07-23,2026-07-23 13:39:00,1379.42,1379.42,1379.3,1379.3,-0.01,2.92,3951.96,-1
2026-07-23,2026-07-23 13:40:00,1379.3,1379.3,1379.18,1379.18,-0.01,2.92,3951.96,-1
2026-07-23,2026-07-23 13:41:00,1379.18,1379.18,1379.07,1379.07,-0.01,2.92,3951.96,-1
2026-07-23,2026-07-23 13:42:00,1379.07,1379.07,1378.95,1378.95,-0.01,2.92,3951.96,-1
2026-07-23,2026-07-23 13:43:00,1378.95,1378.95,1378.84,1378.84,-0.01,2.92,3951.96,-1
2026-07-23,2026-07-23 13:44:00,1378.84,1378.84,1378.72,1378.72,-0.01,2.92,3951.96,-1
2026-07-23,2026-07-23 13:45:00,1378.72,1378.72,1378.6,1378.6,-0.01,2.92,3951.96,-1
2026-07-23,2026-07-23 13:46:00,1378.6,1378.6,1378.49,1378.49,-0.01,2.92,3951.96,-1
2026-07-23,2026-07-23 13:47:00,1378.49,1378.49,1378.37,1378.37,-0.01,2.92,3951.96,-1
2026-07-23,2026-07-23 13:48:00,1378.37,1378.37,1378.25,1378.25,-0.01,2.92,3951.96,-1
2026-07-23,2026-07-23 13:49:00,1378.25,1378.25,1378.14,1378.14,-0.01,2.92,3951.96,-1
2026-07-23,2026-07-23 13:50:00,1378.14,1378.14,1378.02,1378.02,-0.01,2.92,3951.96,-1
2026-07-23,2026-07-23 13:51:00,1378.02,1378.02,1377.9,1377.9,-0.01,2.92,3951.96,-1
2026-07-23,2026-07-23 13:52:00,1377.9,1377.9,1377.79,1377.79,-0.01,2.92,3951.96,-1
2026-07-23,2026-07-23 13:53:00,1377.79,1377.79,1377.67,1377.67,-0.01,2.92,3951.96,-1
2026-07-23,2026-07-23 13:54:00,1377.67,1377.67,1377.56,1377.56,-0.01,2.92,3951.96,-1
2026-07-23,2026-07-23 13:55:00,1377.56,1377.56,1377.44,1377.44,-0.01,2.92,3951.96,-1
2026-07-23,2026-07-23 13:56:00,1377.44,1377.44,1377.32,1377.32,-0.01,2.92,3951.96,-1
2026-07-23,2026-07-23 13:57:00,1377.32,1377.32,1377.21,1377.21,-0.01,2.92,3951.96,-1
2026-07-23,2026-07-23 13:58:00,1377.21,1377.21,1377.09,1377.09,-0.01,2.92,3951.96,-1
2026-07-23,2026-07-23 13:59:00,1377.09,1377.09,1376.97,1376.97,-0.01,2.92,3951.96,-1
2026-07-23,2026-07-23 14:00:00,1376.97,1376.97,1376.86,1376.86,-0.01,2.92,3951.96,-1
2026-07-23,2026-07-23 14:01:00,1376.86,1376.86,1376.74,1376.74,-0.01,2.92,3951.96,-1
2026-07-23,2026-07-23 14:02:00,1376.74,1376.74,1376.63,1376.63,-0.01,2.92,3951.96,-1
2026-07-23,2026-07-23 14:03:00,1376.63,1376.63,1376.51,1376.51,-0.01,2.92,3951.96,-1
2026-07-23,2026-07-23 14:04:00,1376.51,1376.51,1376.39,1376.39,-0.01,2.92,3951.96,-1
2026-07-23,2026-07-23 14:05:00,1376.39,1376.39,1376.28,1376.28,-0.01,2.92,3951.96,-1
2026-07-23,2026-07-23 14:06:00,1376.28,1376.28,1376.16,1376.16,-0.01,2.92,3951.96,-1
2026-07-23,2026-07-23 14:07:00,1376.16,1376.16,1376.05,1376.05,-0.01,2.92,3951.96,-1
2026-07-23,2026-07-23 14:08:00,1376.05,1376.05,1375.93,1375.93,-0.01,2.92,3951.96,-1
2026-07-23,2026-07-23 14:09:00,1375.93,1375.93,1375.81,1375.81,-0.01,2.92,3951.96,-1
2026-07-23,2026-07-23 14:10:00,1375.81,1375.81,1375.7,1375.7,-0.01,2.92,3951.96,-1
2026-07-23,2026-07-23 14:11:00,1375.7,1375.7,1375.58,1375.58,-0.01,2.92,3951.96,-1
2026-07-23,2026-07-23 14:12:00,1375.58,1375.58,1375.46,1375.46,-0.01,2.92,3951.96,-1
2026-07-23,2026-07-23 14:13:00,1375.46,1375.46,1375.35,1375.35,-0.01,2.92,3951.96,-1
2026-07-23,2026-07-23 14:14:00,1375.35,1375.35,1375.23,1375.23,-0.01,2.92,3951.96,-1
2026-07-23,2026-07-23 14:15:00,1375.23,1375.23,1375.12,1375.12,-0.01,2.92,3951.96,-1
2026-07-23,2026-07-23 14:16:00,1375.12,1375.12,1375.0,1375.0,-0.01,2.92,3951.96,-1
2026-07-23,2026-07-23 14:17:00,1375.0,1375.0,1374.88,1374.88,-0.01,2.92,3951.96,-1
2026-07-23,2026-07-23 14:18:00,1374.88,1374.88,1374.77,1374.77,-0.01,2.92,3951.96,-1
2026-07-23,2026-07-23 14:19:00,1374.77,1374.77,1374.65,1374.65,-0.01,2.92,3951.96,-1
2026-07-23,2026-07-23 14:20:00,1374.65,1374.65,1374.53,1374.53,-0.01,2.92,3951.96,-1
2026-07-23,2026-07-23 14:21:00,1374.53,1374.53,1374.42,1374.42,-0.01,2.92,3951.96,-1
2026-07-23,2026-07-23 14:22:00,1374.42,1374.42,1374.3,1374.3,-0.01,2.92,3951.96,-1
2026-07-23,2026-07-23 14:23:00,1374.3,1374.3,1374.18,1374.18,-0.01,2.92,3951.96,-1
2026-07-23,2026-07-23 14:24:00,1374.18,1374.18,1374.07,1374.07,-0.01,2.92,3951.96,-1
2026-07-23,2026-07-23 14:25:00,1374.07,1374.07,1373.95,1373.95,-0.01,2.92,3951.96,-1
2026-07-23,2026-07-23 14:26:00,1373.95,1373.95,1373.84,1373.84,-0.01,2.92,3951.96,-1
2026-07-23,2026-07-23 14:27:00,1373.84,1373.84,1373.72,1373.72,-0.01,2.92,3951.96,-1
2026-07-23,2026-07-23 14:28:00,1373.72,1373.72,1373.6,1373.6,-0.01,2.92,3951.96,-1
2026-07-23,2026-07-23 14:29:00,1373.6,1373.6,1373.49,1373.49,-0.01,2.92,3951.96,-1
2026-07-23,2026-07-23 14:30:00,1373.49,1373.49,1373.37,1373.37,-0.01,2.92,3951.96,-1
2026-07-23,2026-07-23 14:31:00,1373.37,1373.37,1373.26,1373.26,-0.01,2.92,3951.96,-1
2026-07-23,2026-07-23 14:32:00,1373.26,1373.26,1373.14,1373.14,-0.01,2.92,3951.96,-1
2026-07-23,2026-07-23 14:33:00,1373.14,1373.14,1373.02,1373.02,-0.01,2.92,3951.96,-1
2026-07-23,2026-07-23 14:34:00,1373.02,1373.02,1372.91,1372.91,-0.01,2.92,3951.96,-1
2026-07-23,2026-07-23 14:35:00,1372.91,1372.91,1372.79,1372.79,-0.01,2.92,3951.96,-1
2026-07-23,2026-07-23 14:36:00,1372.79,1372.79,1372.67,1372.67,-0.01,2.92,3951.96,-1
2026-07-23,2026-07-23 14:37:00,1372.67,1372.67,1372.56,1372.56,-0.01,2.92,3951.96,-1
2026-07-23,2026-07-23 14:38:00,1372.56,1372.56,1372.44,1372.44,-0.01,2.92,3951.96,-1
2026-07-23,2026-07-23 14:39:00,1372.44,1372.44,1372.33,1372.33,-0.01,2.92,3951.96,-1
2026-07-23,2026-07-23 14:40:00,1372.33,1372.33,1372.21,1372.21,-0.01,2.92,3951.96,-1
2026-07-23,2026-07-23 14:41:00,1372.21,1372.21,1372.09,1372.09,-0.01,2.92,3951.96,-1
2026-07-23,2026-07-23 14:42:00,1372.09,1372.09,1371.98,1371.98,-0.01,2.92,3951.96,-1
2026-07-23,2026-07-23 14:43:00,1371.98,1371.98,1371.86,1371.86,-0.01,2.92,3951.96,-1
2026-07-23,2026-07-23 14:44:00,1371.86,1371.86,1371.74,1371.74,-0.01,2.92,3951.96,-1
2026-07-23,2026-07-23 14:45:00,1371.74,1371.74,1371.63,1371.63,-0.01,2.92,3951.96,-1
2026-07-23,2026-07-23 14:46:00,1371.63,1371.63,1371.51,1371.51,-0.01,2.92,3951.96,-1
2026-07-23,2026-07-23 14:47:00,1371.51,1371.51,1371.39,1371.39,-0.01,2.92,3951.96,-1
2026-07-23,2026-07-23 14:48:00,1371.39,1371.39,1371.28,1371.28,-0.01,2.92,3951.96,-1
2026-07-23,2026-07-23 14:49:00,1371.28,1371.28,1371.16,1371.16,-0.01,2.92,3951.96,-1
2026-07-23,2026-07-23 14:50:00,1371.16,1371.16,1371.05,1371.05,-0.01,2.92,3951.96,-1
2026-07-23,2026-07-23 14:51:00,1371.05,1371.05,1370.93,1370.93,-0.01,2.92,3951.96,-1
2026-07-23,2026-07-23 14:52:00,1370.93,1370.93,1370.81,1370.81,-0.01,2.92,3951.96,-1
2026-07-23,2026-07-23 14:53:00,1370.81,1370.81,1370.7,1370.7,-0.01,2.92,3951.96,-1
2026-07-23,2026-07-23 14:54:00,1370.7,1370.7,1370.58,1370.58,-0.01,2.92,3951.96,-1
2026-07-23,2026-07-23 14:55:00,1370.58,1370.58,1370.46,1370.46,-0.01,2.92,3951.96,-1
2026-07-23,2026-07-23 14:56:00,1370.46,1370.46,1370.35,1370.35,-0.01,2.92,3951.96,-1
2026-07-23,2026-07-23 14:57:00,1370.35,1370.35,1370.23,1370.23,-0.01,2.92,3951.96,-1
2026-07-23,2026-07-23 14:58:00,1370.23,1370.23,1370.12,1370.12,-0.01,2.92,3951.96,-1
2026-07-23,2026-07-23 14:59:00,1370.12,1370.12,1370.0,1370.0,-0.01,2.92,3951.96,-1
2026-07-23,2026-07-23 15:00:00,1370.0,1397.9,1345.0,1370.0,0.0,2.92,3951.96,0
2026-07-24,2026-07-24 11:00:00,1370.0,1377.2,1365.5,1370.03,0.0,4.56,6187.54,1
2026-07-24,2026-07-24 11:01:00,1370.03,1370.05,1370.03,1370.05,0.0,4.56,6187.54,1
2026-07-24,2026-07-24 11:02:00,1370.05,1370.08,1370.05,1370.08,0.0,4.56,6187.54,1
2026-07-24,2026-07-24 11:03:00,1370.08,1370.1,1370.08,1370.1,0.0,4.56,6187.54,1
2026-07-24,2026-07-24 11:04:00,1370.1,1370.12,1370.1,1370.12,0.0,4.56,6187.54,1
2026-07-24,2026-07-24 11:05:00,1370.12,1370.15,1370.12,1370.15,0.0,4.56,6187.54,1
2026-07-24,2026-07-24 11:06:00,1370.15,1370.17,1370.15,1370.17,0.0,4.56,6187.54,1
2026-07-24,2026-07-24 11:07:00,1370.17,1370.2,1370.17,1370.2,0.0,4.56,6187.54,1
2026-07-24,2026-07-24 11:08:00,1370.2,1370.22,1370.2,1370.22,0.0,4.56,6187.54,1
2026-07-24,2026-07-24 11:09:00,1370.22,1370.25,1370.22,1370.25,0.0,4.56,6187.54,1
2026-07-24,2026-07-24 11:10:00,1370.25,1370.28,1370.25,1370.28,0.0,4.56,6187.54,1
2026-07-24,2026-07-24 11:11:00,1370.28,1370.3,1370.28,1370.3,0.0,4.56,6187.54,1
2026-07-24,2026-07-24 11:12:00,1370.3,1370.33,1370.3,1370.33,0.0,4.56,6187.54,1
2026-07-24,2026-07-24 11:13:00,1370.33,1370.35,1370.33,1370.35,0.0,4.56,6187.54,1
2026-07-24,2026-07-24 11:14:00,1370.35,1370.38,1370.35,1370.38,0.0,4.56,6187.54,1
2026-07-24,2026-07-24 11:15:00,1370.38,1370.4,1370.38,1370.4,0.0,4.56,6187.54,1
2026-07-24,2026-07-24 11:16:00,1370.4,1370.42,1370.4,1370.42,0.0,4.56,6187.54,1
2026-07-24,2026-07-24 11:17:00,1370.42,1370.45,1370.42,1370.45,0.0,4.56,6187.54,1
2026-07-24,2026-07-24 11:18:00,1370.45,1370.47,1370.45,1370.47,0.0,4.56,6187.54,1
2026-07-24,2026-07-24 11:19:00,1370.47,1370.5,1370.47,1370.5,0.0,4.56,6187.54,1
2026-07-24,2026-07-24 11:20:00,1370.5,1370.53,1370.5,1370.53,0.0,4.56,6187.54,1
2026-07-24,2026-07-24 11:21:00,1370.53,1370.55,1370.53,1370.55,0.0,4.56,6187.54,1
2026-07-24,2026-07-24 11:22:00,1370.55,1370.58,1370.55,1370.58,0.0,4.56,6187.54,1
2026-07-24,2026-07-24 11:23:00,1370.58,1370.6,1370.58,1370.6,0.0,4.56,6187.54,1
2026-07-24,2026-07-24 11:24:00,1370.6,1370.62,1370.6,1370.62,0.0,4.56,6187.54,1
2026-07-24,2026-07-24 11:25:00,1370.62,1370.65,1370.62,1370.65,0.0,4.56,6187.54,1
2026-07-24,2026-07-24 11:26:00,1370.65,1370.67,1370.65,1370.67,0.0,4.56,6187.54,1
2026-07-24,2026-07-24 11:27:00,1370.67,1370.7,1370.67,1370.7,0.0,4.56,6187.54,1
2026-07-24,2026-07-24 11:28:00,1370.7,1370.72,1370.7,1370.72,0.0,4.56,6187.54,1
2026-07-24,2026-07-24 11:29:00,1370.72,1370.75,1370.72,1370.75,0.0,4.56,6187.54,1
2026-07-24,2026-07-24 11:30:00,1370.75,1370.78,1370.75,1370.78,0.0,4.56,6187.54,1
2026-07-24,2026-07-24 11:31:00,1370.78,1370.8,1370.78,1370.8,0.0,4.56,6187.54,1
2026-07-24,2026-07-24 11:32:00,1370.8,1370.83,1370.8,1370.83,0.0,4.56,6187.54,1
2026-07-24,2026-07-24 11:33:00,1370.83,1370.85,1370.83,1370.85,0.0,4.56,6187.54,1
2026-07-24,2026-07-24 11:34:00,1370.85,1370.88,1370.85,1370.88,0.0,4.56,6187.54,1
2026-07-24,2026-07-24 11:35:00,1370.88,1370.9,1370.88,1370.9,0.0,4.56,6187.54,1
2026-07-24,2026-07-24 11:36:00,1370.9,1370.92,1370.9,1370.92,0.0,4.56,6187.54,1
2026-07-24,2026-07-24 11:37:00,1370.92,1370.95,1370.92,1370.95,0.0,4.56,6187.54,1
2026-07-24,2026-07-24 11:38:00,1370.95,1370.97,1370.95,1370.97,0.0,4.56,6187.54,1
2026-07-24,2026-07-24 11:39:00,1370.97,1371.0,1370.97,1371.0,0.0,4.56,6187.54,1
2026-07-24,2026-07-24 11:40:00,1371.0,1371.03,1371.0,1371.03,0.0,4.56,6187.54,1
2026-07-24,2026-07-24 11:41:00,1371.03,1371.05,1371.03,1371.05,0.0,4.56,6187.54,1
2026-07-24,2026-07-24 11:42:00,1371.05,1371.08,1371.05,1371.08,0.0,4.56,6187.54,1
2026-07-24,2026-07-24 11:43:00,1371.08,1371.1,1371.08,1371.1,0.0,4.56,6187.54,1
2026-07-24,2026-07-24 11:44:00,1371.1,1371.12,1371.1,1371.12,0.0,4.56,6187.54,1
2026-07-24,2026-07-24 11:45:00,1371.12,1371.15,1371.12,1371.15,0.0,4.56,6187.54,1
2026-07-24,2026-07-24 11:46:00,1371.15,1371.17,1371.15,1371.17,0.0,4.56,6187.54,1
2026-07-24,2026-07-24 11:47:00,1371.17,1371.2,1371.17,1371.2,0.0,4.56,6187.54,1
2026-07-24,2026-07-24 11:48:00,1371.2,1371.22,1371.2,1371.22,0.0,4.56,6187.54,1
2026-07-24,2026-07-24 11:49:00,1371.22,1371.25,1371.22,1371.25,0.0,4.56,6187.54,1
2026-07-24,2026-07-24 11:50:00,1371.25,1371.28,1371.25,1371.28,0.0,4.56,6187.54,1
2026-07-24,2026-07-24 11:51:00,1371.28,1371.3,1371.28,1371.3,0.0,4.56,6187.54,1
2026-07-24,2026-07-24 11:52:00,1371.3,1371.33,1371.3,1371.33,0.0,4.56,6187.54,1
2026-07-24,2026-07-24 11:53:00,1371.33,1371.35,1371.33,1371.35,0.0,4.56,6187.54,1
2026-07-24,2026-07-24 11:54:00,1371.35,1371.38,1371.35,1371.38,0.0,4.56,6187.54,1
2026-07-24,2026-07-24 11:55:00,1371.38,1371.4,1371.38,1371.4,0.0,4.56,6187.54,1
2026-07-24,2026-07-24 11:56:00,1371.4,1371.42,1371.4,1371.42,0.0,4.56,6187.54,1
2026-07-24,2026-07-24 11:57:00,1371.42,1371.45,1371.42,1371.45,0.0,4.56,6187.54,1
2026-07-24,2026-07-24 11:58:00,1371.45,1371.47,1371.45,1371.47,0.0,4.56,6187.54,1
2026-07-24,2026-07-24 11:59:00,1371.47,1371.5,1371.47,1371.5,0.0,4.56,6187.54,1
2026-07-24,2026-07-24 12:00:00,1371.5,1371.53,1371.5,1371.53,0.0,4.56,6187.54,1
2026-07-24,2026-07-24 12:01:00,1371.53,1371.55,1371.53,1371.55,0.0,4.56,6187.54,1
2026-07-24,2026-07-24 12:02:00,1371.55,1371.58,1371.55,1371.58,0.0,4.56,6187.54,1
2026-07-24,2026-07-24 12:03:00,1371.58,1371.6,1371.58,1371.6,0.0,4.56,6187.54,1
2026-07-24,2026-07-24 12:04:00,1371.6,1371.62,1371.6,1371.62,0.0,4.56,6187.54,1
2026-07-24,2026-07-24 12:05:00,1371.62,1371.65,1371.62,1371.65,0.0,4.56,6187.54,1
2026-07-24,2026-07-24 12:06:00,1371.65,1371.67,1371.65,1371.67,0.0,4.56,6187.54,1
2026-07-24,2026-07-24 12:07:00,1371.67,1371.7,1371.67,1371.7,0.0,4.56,6187.54,1
2026-07-24,2026-07-24 12:08:00,1371.7,1371.72,1371.7,1371.72,0.0,4.56,6187.54,1
2026-07-24,2026-07-24 12:09:00,1371.72,1371.75,1371.72,1371.75,0.0,4.56,6187.54,1
2026-07-24,2026-07-24 12:10:00,1371.75,1371.78,1371.75,1371.78,0.0,4.56,6187.54,1
2026-07-24,2026-07-24 12:11:00,1371.78,1371.8,1371.78,1371.8,0.0,4.56,6187.54,1
2026-07-24,2026-07-24 12:12:00,1371.8,1371.83,1371.8,1371.83,0.0,4.56,6187.54,1
2026-07-24,2026-07-24 12:13:00,1371.83,1371.85,1371.83,1371.85,0.0,4.56,6187.54,1
2026-07-24,2026-07-24 12:14:00,1371.85,1371.88,1371.85,1371.88,0.0,4.56,6187.54,1
2026-07-24,2026-07-24 12:15:00,1371.88,1371.9,1371.88,1371.9,0.0,4.56,6187.54,1
2026-07-24,2026-07-24 12:16:00,1371.9,1371.92,1371.9,1371.92,0.0,4.56,6187.54,1
2026-07-24,2026-07-24 12:17:00,1371.92,1371.95,1371.92,1371.95,0.0,4.56,6187.54,1
2026-07-24,2026-07-24 12:18:00,1371.95,1371.97,1371.95,1371.97,0.0,4.56,6187.54,1
2026-07-24,2026-07-24 12:19:00,1371.97,1372.0,1371.97,1372.0,0.0,4.56,6187.54,1
2026-07-24,2026-07-24 12:20:00,1372.0,1372.03,1372.0,1372.03,0.0,4.56,6187.54,1
2026-07-24,2026-07-24 12:21:00,1372.03,1372.05,1372.03,1372.05,0.0,4.56,6187.54,1
2026-07-24,2026-07-24 12:22:00,1372.05,1372.08,1372.05,1372.08,0.0,4.56,6187.54,1
2026-07-24,2026-07-24 12:23:00,1372.08,1372.1,1372.08,1372.1,0.0,4.56,6187.54,1
2026-07-24,2026-07-24 12:24:00,1372.1,1372.12,1372.1,1372.12,0.0,4.56,6187.54,1
2026-07-24,2026-07-24 12:25:00,1372.12,1372.15,1372.12,1372.15,0.0,4.56,6187.54,1
2026-07-24,2026-07-24 12:26:00,1372.15,1372.17,1372.15,1372.17,0.0,4.56,6187.54,1
2026-07-24,2026-07-24 12:27:00,1372.17,1372.2,1372.17,1372.2,0.0,4.56,6187.54,1
2026-07-24,2026-07-24 12:28:00,1372.2,1372.22,1372.2,1372.22,0.0,4.56,6187.54,1
2026-07-24,2026-07-24 12:29:00,1372.22,1372.25,1372.22,1372.25,0.0,4.56,6187.54,1
2026-07-24,2026-07-24 12:30:00,1372.25,1372.28,1372.25,1372.28,0.0,4.56,6187.54,1
2026-07-24,2026-07-24 12:31:00,1372.28,1372.3,1372.28,1372.3,0.0,4.56,6187.54,1
2026-07-24,2026-07-24 12:32:00,1372.3,1372.33,1372.3,1372.33,0.0,4.56,6187.54,1
2026-07-24,2026-07-24 12:33:00,1372.33,1372.35,1372.33,1372.35,0.0,4.56,6187.54,1
2026-07-24,2026-07-24 12:34:00,1372.35,1372.38,1372.35,1372.38,0.0,4.56,6187.54,1
2026-07-24,2026-07-24 12:35:00,1372.38,1372.4,1372.38,1372.4,0.0,4.56,6187.54,1
2026-07-24,2026-07-24 12:36:00,1372.4,1372.42,1372.4,1372.42,0.0,4.56,6187.54,1
2026-07-24,2026-07-24 12:37:00,1372.42,1372.45,1372.42,1372.45,0.0,4.56,6187.54,1
2026-07-24,2026-07-24 12:38:00,1372.45,1372.47,1372.45,1372.47,0.0,4.56,6187.54,1
2026-07-24,2026-07-24 12:39:00,1372.47,1372.5,1372.47,1372.5,0.0,4.56,6187.54,1
2026-07-24,2026-07-24 12:40:00,1372.5,1372.53,1372.5,1372.53,0.0,4.56,6187.54,1
2026-07-24,2026-07-24 12:41:00,1372.53,1372.55,1372.53,1372.55,0.0,4.56,6187.54,1
2026-07-24,2026-07-24 12:42:00,1372.55,1372.58,1372.55,1372.58,0.0,4.56,6187.54,1
2026-07-24,2026-07-24 12:43:00,1372.58,1372.6,1372.58,1372.6,0.0,4.56,6187.54,1
2026-07-24,2026-07-24 12:44:00,1372.6,1372.62,1372.6,1372.62,0.0,4.56,6187.54,1
2026-07-24,2026-07-24 12:45:00,1372.62,1372.65,1372.62,1372.65,0.0,4.56,6187.54,1
2026-07-24,2026-07-24 12:46:00,1372.65,1372.67,1372.65,1372.67,0.0,4.56,6187.54,1
2026-07-24,2026-07-24 12:47:00,1372.67,1372.7,1372.67,1372.7,0.0,4.56,6187.54,1
2026-07-24,2026-07-24 12:48:00,1372.7,1372.72,1372.7,1372.72,0.0,4.56,6187.54,1
2026-07-24,2026-07-24 12:49:00,1372.72,1372.75,1372.72,1372.75,0.0,4.56,6187.54,1
2026-07-24,2026-07-24 12:50:00,1372.75,1372.78,1372.75,1372.78,0.0,4.56,6187.54,1
2026-07-24,2026-07-24 12:51:00,1372.78,1372.8,1372.78,1372.8,0.0,4.56,6187.54,1
2026-07-24,2026-07-24 12:52:00,1372.8,1372.83,1372.8,1372.83,0.0,4.56,6187.54,1
2026-07-24,2026-07-24 12:53:00,1372.83,1372.85,1372.83,1372.85,0.0,4.56,6187.54,1
2026-07-24,2026-07-24 12:54:00,1372.85,1372.88,1372.85,1372.88,0.0,4.56,6187.54,1
2026-07-24,2026-07-24 12:55:00,1372.88,1372.9,1372.88,1372.9,0.0,4.56,6187.54,1
2026-07-24,2026-07-24 12:56:00,1372.9,1372.92,1372.9,1372.92,0.0,4.56,6187.54,1
2026-07-24,2026-07-24 12:57:00,1372.92,1372.95,1372.92,1372.95,0.0,4.56,6187.54,1
2026-07-24,2026-07-24 12:58:00,1372.95,1372.97,1372.95,1372.97,0.0,4.56,6187.54,1
2026-07-24,2026-07-24 12:59:00,1372.97,1373.0,1372.97,1373.0,0.0,4.56,6187.54,1
2026-07-24,2026-07-24 13:00:00,1373.0,1394.0,1355.0,1373.03,0.0,4.56,6187.54,1
2026-07-24,2026-07-24 13:01:00,1373.03,1373.05,1373.03,1373.05,0.0,4.56,6187.54,1
2026-07-24,2026-07-24 13:02:00,1373.05,1373.08,1373.05,1373.08,0.0,4.56,6187.54,1
2026-07-24,2026-07-24 13:03:00,1373.08,1373.1,1373.08,1373.1,0.0,4.56,6187.54,1
2026-07-24,2026-07-24 13:04:00,1373.1,1373.12,1373.1,1373.12,0.0,4.56,6187.54,1
2026-07-24,2026-07-24 13:05:00,1373.12,1373.15,1373.12,1373.15,0.0,4.56,6187.54,1
2026-07-24,2026-07-24 13:06:00,1373.15,1373.17,1373.15,1373.17,0.0,4.56,6187.54,1
2026-07-24,2026-07-24 13:07:00,1373.17,1373.2,1373.17,1373.2,0.0,4.56,6187.54,1
2026-07-24,2026-07-24 13:08:00,1373.2,1373.22,1373.2,1373.22,0.0,4.56,6187.54,1
2026-07-24,2026-07-24 13:09:00,1373.22,1373.25,1373.22,1373.25,0.0,4.56,6187.54,1
2026-07-24,2026-07-24 13:10:00,1373.25,1373.28,1373.25,1373.28,0.0,4.56,6187.54,1
2026-07-24,2026-07-24 13:11:00,1373.28,1373.3,1373.28,1373.3,0.0,4.56,6187.54,1
2026-07-24,2026-07-24 13:12:00,1373.3,1373.33,1373.3,1373.33,0.0,4.56,6187.54,1
2026-07-24,2026-07-24 13:13:00,1373.33,1373.35,1373.33,1373.35,0.0,4.56,6187.54,1
2026-07-24,2026-07-24 13:14:00,1373.35,1373.38,1373.35,1373.38,0.0,4.56,6187.54,1
2026-07-24,2026-07-24 13:15:00,1373.38,1373.4,1373.38,1373.4,0.0,4.56,6187.54,1
2026-07-24,2026-07-24 13:16:00,1373.4,1373.42,1373.4,1373.42,0.0,4.56,6187.54,1
2026-07-24,2026-07-24 13:17:00,1373.42,1373.45,1373.42,1373.45,0.0,4.56,6187.54,1
2026-07-24,2026-07-24 13:18:00,1373.45,1373.47,1373.45,1373.47,0.0,4.56,6187.54,1
2026-07-24,2026-07-24 13:19:00,1373.47,1373.5,1373.47,1373.5,0.0,4.56,6187.54,1
2026-07-24,2026-07-24 13:20:00,1373.5,1373.53,1373.5,1373.53,0.0,4.56,6187.54,1
2026-07-24,2026-07-24 13:21:00,1373.53,1373.55,1373.53,1373.55,0.0,4.56,6187.54,1
2026-07-24,2026-07-24 13:22:00,1373.55,1373.58,1373.55,1373.58,0.0,4.56,6187.54,1
2026-07-24,2026-07-24 13:23:00,1373.58,1373.6,1373.58,1373.6,0.0,4.56,6187.54,1
2026-07-24,2026-07-24 13:24:00,1373.6,1373.62,1373.6,1373.62,0.0,4.56,6187.54,1
2026-07-24,2026-07-24 13:25:00,1373.62,1373.65,1373.62,1373.65,0.0,4.56,6187.54,1
2026-07-24,2026-07-24 13:26:00,1373.65,1373.67,1373.65,1373.67,0.0,4.56,6187.54,1
2026-07-24,2026-07-24 13:27:00,1373.67,1373.7,1373.67,1373.7,0.0,4.56,6187.54,1
2026-07-24,2026-07-24 13:28:00,1373.7,1373.72,1373.7,1373.72,0.0,4.56,6187.54,1
2026-07-24,2026-07-24 13:29:00,1373.72,1373.75,1373.72,1373.75,0.0,4.56,6187.54,1
2026-07-24,2026-07-24 13:30:00,1373.75,1373.78,1373.75,1373.78,0.0,4.56,6187.54,1
2026-07-24,2026-07-24 13:31:00,1373.78,1373.8,1373.78,1373.8,0.0,4.56,6187.54,1
2026-07-24,2026-07-24 13:32:00,1373.8,1373.83,1373.8,1373.83,0.0,4.56,6187.54,1
2026-07-24,2026-07-24 13:33:00,1373.83,1373.85,1373.83,1373.85,0.0,4.56,6187.54,1
2026-07-24,2026-07-24 13:34:00,1373.85,1373.88,1373.85,1373.88,0.0,4.56,6187.54,1
2026-07-24,2026-07-24 13:35:00,1373.88,1373.9,1373.88,1373.9,0.0,4.56,6187.54,1
2026-07-24,2026-07-24 13:36:00,1373.9,1373.92,1373.9,1373.92,0.0,4.56,6187.54,1
2026-07-24,2026-07-24 13:37:00,1373.92,1373.95,1373.92,1373.95,0.0,4.56,6187.54,1
2026-07-24,2026-07-24 13:38:00,1373.95,1373.97,1373.95,1373.97,0.0,4.56,6187.54,1
2026-07-24,2026-07-24 13:39:00,1373.97,1374.0,1373.97,1374.0,0.0,4.56,6187.54,1
2026-07-24,2026-07-24 13:40:00,1374.0,1374.03,1374.0,1374.03,0.0,4.56,6187.54,1
2026-07-24,2026-07-24 13:41:00,1374.03,1374.05,1374.03,1374.05,0.0,4.56,6187.54,1
2026-07-24,2026-07-24 13:42:00,1374.05,1374.08,1374.05,1374.08,0.0,4.56,6187.54,1
2026-07-24,2026-07-24 13:43:00,1374.08,1374.1,1374.08,1374.1,0.0,4.56,6187.54,1
2026-07-24,2026-07-24 13:44:00,1374.1,1374.12,1374.1,1374.12,0.0,4.56,6187.54,1
2026-07-24,2026-07-24 13:45:00,1374.12,1374.15,1374.12,1374.15,0.0,4.56,6187.54,1
2026-07-24,2026-07-24 13:46:00,1374.15,1374.17,1374.15,1374.17,0.0,4.56,6187.54,1
2026-07-24,2026-07-24 13:47:00,1374.17,1374.2,1374.17,1374.2,0.0,4.56,6187.54,1
2026-07-24,2026-07-24 13:48:00,1374.2,1374.22,1374.2,1374.22,0.0,4.56,6187.54,1
2026-07-24,2026-07-24 13:49:00,1374.22,1374.25,1374.22,1374.25,0.0,4.56,6187.54,1
2026-07-24,2026-07-24 13:50:00,1374.25,1374.28,1374.25,1374.28,0.0,4.56,6187.54,1
2026-07-24,2026-07-24 13:51:00,1374.28,1374.3,1374.28,1374.3,0.0,4.56,6187.54,1
2026-07-24,2026-07-24 13:52:00,1374.3,1374.33,1374.3,1374.33,0.0,4.56,6187.54,1
2026-07-24,2026-07-24 13:53:00,1374.33,1374.35,1374.33,1374.35,0.0,4.56,6187.54,1
2026-07-24,2026-07-24 13:54:00,1374.35,1374.38,1374.35,1374.38,0.0,4.56,6187.54,1
2026-07-24,2026-07-24 13:55:00,1374.38,1374.4,1374.38,1374.4,0.0,4.56,6187.54,1
2026-07-24,2026-07-24 13:56:00,1374.4,1374.42,1374.4,1374.42,0.0,4.56,6187.54,1
2026-07-24,2026-07-24 13:57:00,1374.42,1374.45,1374.42,1374.45,0.0,4.56,6187.54,1
2026-07-24,2026-07-24 13:58:00,1374.45,1374.47,1374.45,1374.47,0.0,4.56,6187.54,1
2026-07-24,2026-07-24 13:59:00,1374.47,1374.5,1374.47,1374.5,0.0,4.56,6187.54,1
2026-07-24,2026-07-24 14:00:00,1374.5,1374.53,1374.5,1374.53,0.0,4.56,6187.54,1
2026-07-24,2026-07-24 14:01:00,1374.53,1374.55,1374.53,1374.55,0.0,4.56,6187.54,1
2026-07-24,2026-07-24 14:02:00,1374.55,1374.58,1374.55,1374.58,0.0,4.56,6187.54,1
2026-07-24,2026-07-24 14:03:00,1374.58,1374.6,1374.58,1374.6,0.0,4.56,6187.54,1
2026-07-24,2026-07-24 14:04:00,1374.6,1374.62,1374.6,1374.62,0.0,4.56,6187.54,1
2026-07-24,2026-07-24 14:05:00,1374.62,1374.65,1374.62,1374.65,0.0,4.56,6187.54,1
2026-07-24,2026-07-24 14:06:00,1374.65,1374.67,1374.65,1374.67,0.0,4.56,6187.54,1
2026-07-24,2026-07-24 14:07:00,1374.67,1374.7,1374.67,1374.7,0.0,4.56,6187.54,1
2026-07-24,2026-07-24 14:08:00,1374.7,1374.72,1374.7,1374.72,0.0,4.56,6187.54,1
2026-07-24,2026-07-24 14:09:00,1374.72,1374.75,1374.72,1374.75,0.0,4.56,6187.54,1
2026-07-24,2026-07-24 14:10:00,1374.75,1374.78,1374.75,1374.78,0.0,4.56,6187.54,1
2026-07-24,2026-07-24 14:11:00,1374.78,1374.8,1374.78,1374.8,0.0,4.56,6187.54,1
2026-07-24,2026-07-24 14:12:00,1374.8,1374.83,1374.8,1374.83,0.0,4.56,6187.54,1
2026-07-24,2026-07-24 14:13:00,1374.83,1374.85,1374.83,1374.85,0.0,4.56,6187.54,1
2026-07-24,2026-07-24 14:14:00,1374.85,1374.88,1374.85,1374.88,0.0,4.56,6187.54,1
2026-07-24,2026-07-24 14:15:00,1374.88,1374.9,1374.88,1374.9,0.0,4.56,6187.54,1
2026-07-24,2026-07-24 14:16:00,1374.9,1374.92,1374.9,1374.92,0.0,4.56,6187.54,1
2026-07-24,2026-07-24 14:17:00,1374.92,1374.95,1374.92,1374.95,0.0,4.56,6187.54,1
2026-07-24,2026-07-24 14:18:00,1374.95,1374.97,1374.95,1374.97,0.0,4.56,6187.54,1
2026-07-24,2026-07-24 14:19:00,1374.97,1375.0,1374.97,1375.0,0.0,4.56,6187.54,1
2026-07-24,2026-07-24 14:20:00,1375.0,1375.03,1375.0,1375.03,0.0,4.56,6187.54,1
2026-07-24,2026-07-24 14:21:00,1375.03,1375.05,1375.03,1375.05,0.0,4.56,6187.54,1
2026-07-24,2026-07-24 14:22:00,1375.05,1375.08,1375.05,1375.08,0.0,4.56,6187.54,1
2026-07-24,2026-07-24 14:23:00,1375.08,1375.1,1375.08,1375.1,0.0,4.56,6187.54,1
2026-07-24,2026-07-24 14:24:00,1375.1,1375.12,1375.1,1375.12,0.0,4.56,6187.54,1
2026-07-24,2026-07-24 14:25:00,1375.12,1375.15,1375.12,1375.15,0.0,4.56,6187.54,1
2026-07-24,2026-07-24 14:26:00,1375.15,1375.17,1375.15,1375.17,0.0,4.56,6187.54,1
2026-07-24,2026-07-24 14:27:00,1375.17,1375.2,1375.17,1375.2,0.0,4.56,6187.54,1
2026-07-24,2026-07-24 14:28:00,1375.2,1375.22,1375.2,1375.22,0.0,4.56,6187.54,1
2026-07-24,2026-07-24 14:29:00,1375.22,1375.25,1375.22,1375.25,0.0,4.56,6187.54,1
2026-07-24,2026-07-24 14:30:00,1375.25,1375.28,1375.25,1375.28,0.0,4.56,6187.54,1
2026-07-24,2026-07-24 14:31:00,1375.28,1375.3,1375.28,1375.3,0.0,4.56,6187.54,1
2026-07-24,2026-07-24 14:32:00,1375.3,1375.33,1375.3,1375.33,0.0,4.56,6187.54,1
2026-07-24,2026-07-24 14:33:00,1375.33,1375.35,1375.33,1375.35,0.0,4.56,6187.54,1
2026-07-24,2026-07-24 14:34:00,1375.35,1375.38,1375.35,1375.38,0.0,4.56,6187.54,1
2026-07-24,2026-07-24 14:35:00,1375.38,1375.4,1375.38,1375.4,0.0,4.56,6187.54,1
2026-07-24,2026-07-24 14:36:00,1375.4,1375.42,1375.4,1375.42,0.0,4.56,6187.54,1
2026-07-24,2026-07-24 14:37:00,1375.42,1375.45,1375.42,1375.45,0.0,4.56,6187.54,1
2026-07-24,2026-07-24 14:38:00,1375.45,1375.47,1375.45,1375.47,0.0,4.56,6187.54,1
2026-07-24,2026-07-24 14:39:00,1375.47,1375.5,1375.47,1375.5,0.0,4.56,6187.54,1
2026-07-24,2026-07-24 14:40:00,1375.5,1375.53,1375.5,1375.53,0.0,4.56,6187.54,1
2026-07-24,2026-07-24 14:41:00,1375.53,1375.55,1375.53,1375.55,0.0,4.56,6187.54,1
2026-07-24,2026-07-24 14:42:00,1375.55,1375.58,1375.55,1375.58,0.0,4.56,6187.54,1
2026-07-24,2026-07-24 14:43:00,1375.58,1375.6,1375.58,1375.6,0.0,4.56,6187.54,1
2026-07-24,2026-07-24 14:44:00,1375.6,1375.62,1375.6,1375.62,0.0,4.56,6187.54,1
2026-07-24,2026-07-24 14:45:00,1375.62,1375.65,1375.62,1375.65,0.0,4.56,6187.54,1
2026-07-24,2026-07-24 14:46:00,1375.65,1375.67,1375.65,1375.67,0.0,4.56,6187.54,1
2026-07-24,2026-07-24 14:47:00,1375.67,1375.7,1375.67,1375.7,0.0,4.56,6187.54,1
2026-07-24,2026-07-24 14:48:00,1375.7,1375.72,1375.7,1375.72,0.0,4.56,6187.54,1
2026-07-24,2026-07-24 14:49:00,1375.72,1375.75,1375.72,1375.75,0.0,4.56,6187.54,1
2026-07-24,2026-07-24 14:50:00,1375.75,1375.78,1375.75,1375.78,0.0,4.56,6187.54,1
2026-07-24,2026-07-24 14:51:00,1375.78,1375.8,1375.78,1375.8,0.0,4.56,6187.54,1
2026-07-24,2026-07-24 14:52:00,1375.8,1375.83,1375.8,1375.83,0.0,4.56,6187.54,1
2026-07-24,2026-07-24 14:53:00,1375.83,1375.85,1375.83,1375.85,0.0,4.56,6187.54,1
2026-07-24,2026-07-24 14:54:00,1375.85,1375.88,1375.85,1375.88,0.0,4.56,6187.54,1
2026-07-24,2026-07-24 14:55:00,1375.88,1375.9,1375.88,1375.9,0.0,4.56,6187.54,1
2026-07-24,2026-07-24 14:56:00,1375.9,1375.92,1375.9,1375.92,0.0,4.56,6187.54,1
2026-07-24,2026-07-24 14:57:00,1375.92,1375.95,1375.92,1375.95,0.0,4.56,6187.54,1
2026-07-24,2026-07-24 14:58:00,1375.95,1375.97,1375.95,1375.97,0.0,4.56,6187.54,1
2026-07-24,2026-07-24 14:59:00,1375.97,1376.0,1375.97,1376.0,0.0,4.56,6187.54,1
2026-07-24,2026-07-24 15:00:00,1376.0,1394.0,1355.0,1376.0,0.0,4.56,6187.54,0
2026-07-27,2026-07-27 11:00:00,1345.0,1352.17,1345.0,1345.04,0.0,2.61,3520.52,1
2026-07-27,2026-07-27 11:01:00,1345.04,1345.08,1345.04,1345.08,0.0,2.61,3520.52,1
2026-07-27,2026-07-27 11:02:00,1345.08,1345.12,1345.08,1345.12,0.0,2.61,3520.52,1
2026-07-27,2026-07-27 11:03:00,1345.12,1345.17,1345.12,1345.17,0.0,2.61,3520.52,1
2026-07-27,2026-07-27 11:04:00,1345.17,1345.21,1345.17,1345.21,0.0,2.61,3520.52,1
2026-07-27,2026-07-27 11:05:00,1345.21,1345.25,1345.21,1345.25,0.0,2.61,3520.52,1
2026-07-27,2026-07-27 11:06:00,1345.25,1345.29,1345.25,1345.29,0.0,2.61,3520.52,1
2026-07-27,2026-07-27 11:07:00,1345.29,1345.33,1345.29,1345.33,0.0,2.61,3520.52,1
2026-07-27,2026-07-27 11:08:00,1345.33,1345.38,1345.33,1345.38,0.0,2.61,3520.52,1
2026-07-27,2026-07-27 11:09:00,1345.38,1345.42,1345.38,1345.42,0.0,2.61,3520.52,1
2026-07-27,2026-07-27 11:10:00,1345.42,1345.46,1345.42,1345.46,0.0,2.61,3520.52,1
2026-07-27,2026-07-27 11:11:00,1345.46,1345.5,1345.46,1345.5,0.0,2.61,3520.52,1
2026-07-27,2026-07-27 11:12:00,1345.5,1345.54,1345.5,1345.54,0.0,2.61,3520.52,1
2026-07-27,2026-07-27 11:13:00,1345.54,1345.58,1345.54,1345.58,0.0,2.61,3520.52,1
2026-07-27,2026-07-27 11:14:00,1345.58,1345.62,1345.58,1345.62,0.0,2.61,3520.52,1
2026-07-27,2026-07-27 11:15:00,1345.62,1345.67,1345.62,1345.67,0.0,2.61,3520.52,1
2026-07-27,2026-07-27 11:16:00,1345.67,1345.71,1345.67,1345.71,0.0,2.61,3520.52,1
2026-07-27,2026-07-27 11:17:00,1345.71,1345.75,1345.71,1345.75,0.0,2.61,3520.52,1
2026-07-27,2026-07-27 11:18:00,1345.75,1345.79,1345.75,1345.79,0.0,2.61,3520.52,1
2026-07-27,2026-07-27 11:19:00,1345.79,1345.83,1345.79,1345.83,0.0,2.61,3520.52,1
2026-07-27,2026-07-27 11:20:00,1345.83,1345.88,1345.83,1345.88,0.0,2.61,3520.52,1
2026-07-27,2026-07-27 11:21:00,1345.88,1345.92,1345.88,1345.92,0.0,2.61,3520.52,1
2026-07-27,2026-07-27 11:22:00,1345.92,1345.96,1345.92,1345.96,0.0,2.61,3520.52,1
2026-07-27,2026-07-27 11:23:00,1345.96,1346.0,1345.96,1346.0,0.0,2.61,3520.52,1
2026-07-27,2026-07-27 11:24:00,1346.0,1346.04,1346.0,1346.04,0.0,2.61,3520.52,1
2026-07-27,2026-07-27 11:25:00,1346.04,1346.08,1346.04,1346.08,0.0,2.61,3520.52,1
2026-07-27,2026-07-27 11:26:00,1346.08,1346.12,1346.08,1346.12,0.0,2.61,3520.52,1
2026-07-27,2026-07-27 11:27:00,1346.12,1346.17,1346.12,1346.17,0.0,2.61,3520.52,1
2026-07-27,2026-07-27 11:28:00,1346.17,1346.21,1346.17,1346.21,0.0,2.61,3520.52,1
2026-07-27,2026-07-27 11:29:00,1346.21,1346.25,1346.21,1346.25,0.0,2.61,3520.52,1
2026-07-27,2026-07-27 11:30:00,1346.25,1346.29,1346.25,1346.29,0.0,2.61,3520.52,1
2026-07-27,2026-07-27 11:31:00,1346.29,1346.33,1346.29,1346.33,0.0,2.61,3520.52,1
2026-07-27,2026-07-27 11:32:00,1346.33,1346.38,1346.33,1346.38,0.0,2.61,3520.52,1
2026-07-27,2026-07-27 11:33:00,1346.38,1346.42,1346.38,1346.42,0.0,2.61,3520.52,1
2026-07-27,2026-07-27 11:34:00,1346.42,1346.46,1346.42,1346.46,0.0,2.61,3520.52,1
2026-07-27,2026-07-27 11:35:00,1346.46,1346.5,1346.46,1346.5,0.0,2.61,3520.52,1
2026-07-27,2026-07-27 11:36:00,1346.5,1346.54,1346.5,1346.54,0.0,2.61,3520.52,1
2026-07-27,2026-07-27 11:37:00,1346.54,1346.58,1346.54,1346.58,0.0,2.61,3520.52,1
2026-07-27,2026-07-27 11:38:00,1346.58,1346.62,1346.58,1346.62,0.0,2.61,3520.52,1
2026-07-27,2026-07-27 11:39:00,1346.62,1346.67,1346.62,1346.67,0.0,2.61,3520.52,1
2026-07-27,2026-07-27 11:40:00,1346.67,1346.71,1346.67,1346.71,0.0,2.61,3520.52,1
2026-07-27,2026-07-27 11:41:00,1346.71,1346.75,1346.71,1346.75,0.0,2.61,3520.52,1
2026-07-27,2026-07-27 11:42:00,1346.75,1346.79,1346.75,1346.79,0.0,2.61,3520.52,1
2026-07-27,2026-07-27 11:43:00,1346.79,1346.83,1346.79,1346.83,0.0,2.61,3520.52,1
2026-07-27,2026-07-27 11:44:00,1346.83,1346.88,1346.83,1346.88,0.0,2.61,3520.52,1
2026-07-27,2026-07-27 11:45:00,1346.88,1346.92,1346.88,1346.92,0.0,2.61,3520.52,1
2026-07-27,2026-07-27 11:46:00,1346.92,1346.96,1346.92,1346.96,0.0,2.61,3520.52,1
2026-07-27,2026-07-27 11:47:00,1346.96,1347.0,1346.96,1347.0,0.0,2.61,3520.52,1
2026-07-27,2026-07-27 11:48:00,1347.0,1347.04,1347.0,1347.04,0.0,2.61,3520.52,1
2026-07-27,2026-07-27 11:49:00,1347.04,1347.08,1347.04,1347.08,0.0,2.61,3520.52,1
2026-07-27,2026-07-27 11:50:00,1347.08,1347.12,1347.08,1347.12,0.0,2.61,3520.52,1
2026-07-27,2026-07-27 11:51:00,1347.12,1347.17,1347.12,1347.17,0.0,2.61,3520.52,1
2026-07-27,2026-07-27 11:52:00,1347.17,1347.21,1347.17,1347.21,0.0,2.61,3520.52,1
2026-07-27,2026-07-27 11:53:00,1347.21,1347.25,1347.21,1347.25,0.0,2.61,3520.52,1
2026-07-27,2026-07-27 11:54:00,1347.25,1347.29,1347.25,1347.29,0.0,2.61,3520.52,1
2026-07-27,2026-07-27 11:55:00,1347.29,1347.33,1347.29,1347.33,0.0,2.61,3520.52,1
2026-07-27,2026-07-27 11:56:00,1347.33,1347.38,1347.33,1347.38,0.0,2.61,3520.52,1
2026-07-27,2026-07-27 11:57:00,1347.38,1347.42,1347.38,1347.42,0.0,2.61,3520.52,1
2026-07-27,2026-07-27 11:58:00,1347.42,1347.46,1347.42,1347.46,0.0,2.61,3520.52,1
2026-07-27,2026-07-27 11:59:00,1347.46,1347.5,1347.46,1347.5,0.0,2.61,3520.52,1
2026-07-27,2026-07-27 12:00:00,1347.5,1347.54,1347.5,1347.54,0.0,2.61,3520.52,1
2026-07-27,2026-07-27 12:01:00,1347.54,1347.58,1347.54,1347.58,0.0,2.61,3520.52,1
2026-07-27,2026-07-27 12:02:00,1347.58,1347.62,1347.58,1347.62,0.0,2.61,3520.52,1
2026-07-27,2026-07-27 12:03:00,1347.62,1347.67,1347.62,1347.67,0.0,2.61,3520.52,1
2026-07-27,2026-07-27 12:04:00,1347.67,1347.71,1347.67,1347.71,0.0,2.61,3520.52,1
2026-07-27,2026-07-27 12:05:00,1347.71,1347.75,1347.71,1347.75,0.0,2.61,3520.52,1
2026-07-27,2026-07-27 12:06:00,1347.75,1347.79,1347.75,1347.79,0.0,2.61,3520.52,1
2026-07-27,2026-07-27 12:07:00,1347.79,1347.83,1347.79,1347.83,0.0,2.61,3520.52,1
2026-07-27,2026-07-27 12:08:00,1347.83,1347.88,1347.83,1347.88,0.0,2.61,3520.52,1
2026-07-27,2026-07-27 12:09:00,1347.88,1347.92,1347.88,1347.92,0.0,2.61,3520.52,1
2026-07-27,2026-07-27 12:10:00,1347.92,1347.96,1347.92,1347.96,0.0,2.61,3520.52,1
2026-07-27,2026-07-27 12:11:00,1347.96,1348.0,1347.96,1348.0,0.0,2.61,3520.52,1
2026-07-27,2026-07-27 12:12:00,1348.0,1348.04,1348.0,1348.04,0.0,2.61,3520.52,1
2026-07-27,2026-07-27 12:13:00,1348.04,1348.08,1348.04,1348.08,0.0,2.61,3520.52,1
2026-07-27,2026-07-27 12:14:00,1348.08,1348.12,1348.08,1348.12,0.0,2.61,3520.52,1
2026-07-27,2026-07-27 12:15:00,1348.12,1348.17,1348.12,1348.17,0.0,2.61,3520.52,1
2026-07-27,2026-07-27 12:16:00,1348.17,1348.21,1348.17,1348.21,0.0,2.61,3520.52,1
2026-07-27,2026-07-27 12:17:00,1348.21,1348.25,1348.21,1348.25,0.0,2.61,3520.52,1
2026-07-27,2026-07-27 12:18:00,1348.25,1348.29,1348.25,1348.29,0.0,2.61,3520.52,1
2026-07-27,2026-07-27 12:19:00,1348.29,1348.33,1348.29,1348.33,0.0,2.61,3520.52,1
2026-07-27,2026-07-27 12:20:00,1348.33,1348.38,1348.33,1348.38,0.0,2.61,3520.52,1
2026-07-27,2026-07-27 12:21:00,1348.38,1348.42,1348.38,1348.42,0.0,2.61,3520.52,1
2026-07-27,2026-07-27 12:22:00,1348.42,1348.46,1348.42,1348.46,0.0,2.61,3520.52,1
2026-07-27,2026-07-27 12:23:00,1348.46,1348.5,1348.46,1348.5,0.0,2.61,3520.52,1
2026-07-27,2026-07-27 12:24:00,1348.5,1348.54,1348.5,1348.54,0.0,2.61,3520.52,1
2026-07-27,2026-07-27 12:25:00,1348.54,1348.58,1348.54,1348.58,0.0,2.61,3520.52,1
2026-07-27,2026-07-27 12:26:00,1348.58,1348.62,1348.58,1348.62,0.0,2.61,3520.52,1
2026-07-27,2026-07-27 12:27:00,1348.62,1348.67,1348.62,1348.67,0.0,2.61,3520.52,1
2026-07-27,2026-07-27 12:28:00,1348.67,1348.71,1348.67,1348.71,0.0,2.61,3520.52,1
2026-07-27,2026-07-27 12:29:00,1348.71,1348.75,1348.71,1348.75,0.0,2.61,3520.52,1
2026-07-27,2026-07-27 12:30:00,1348.75,1348.79,1348.75,1348.79,0.0,2.61,3520.52,1
2026-07-27,2026-07-27 12:31:00,1348.79,1348.83,1348.79,1348.83,0.0,2.61,3520.52,1
2026-07-27,2026-07-27 12:32:00,1348.83,1348.88,1348.83,1348.88,0.0,2.61,3520.52,1
2026-07-27,2026-07-27 12:33:00,1348.88,1348.92,1348.88,1348.92,0.0,2.61,3520.52,1
2026-07-27,2026-07-27 12:34:00,1348.92,1348.96,1348.92,1348.96,0.0,2.61,3520.52,1
2026-07-27,2026-07-27 12:35:00,1348.96,1349.0,1348.96,1349.0,0.0,2.61,3520.52,1
2026-07-27,2026-07-27 12:36:00,1349.0,1349.04,1349.0,1349.04,0.0,2.61,3520.52,1
2026-07-27,2026-07-27 12:37:00,1349.04,1349.08,1349.04,1349.08,0.0,2.61,3520.52,1
2026-07-27,2026-07-27 12:38:00,1349.08,1349.12,1349.08,1349.12,0.0,2.61,3520.52,1
2026-07-27,2026-07-27 12:39:00,1349.12,1349.17,1349.12,1349.17,0.0,2.61,3520.52,1
2026-07-27,2026-07-27 12:40:00,1349.17,1349.21,1349.17,1349.21,0.0,2.61,3520.52,1
2026-07-27,2026-07-27 12:41:00,1349.21,1349.25,1349.21,1349.25,0.0,2.61,3520.52,1
2026-07-27,2026-07-27 12:42:00,1349.25,1349.29,1349.25,1349.29,0.0,2.61,3520.52,1
2026-07-27,2026-07-27 12:43:00,1349.29,1349.33,1349.29,1349.33,0.0,2.61,3520.52,1
2026-07-27,2026-07-27 12:44:00,1349.33,1349.38,1349.33,1349.38,0.0,2.61,3520.52,1
2026-07-27,2026-07-27 12:45:00,1349.38,1349.42,1349.38,1349.42,0.0,2.61,3520.52,1
2026-07-27,2026-07-27 12:46:00,1349.42,1349.46,1349.42,1349.46,0.0,2.61,3520.52,1
2026-07-27,2026-07-27 12:47:00,1349.46,1349.5,1349.46,1349.5,0.0,2.61,3520.52,1
2026-07-27,2026-07-27 12:48:00,1349.5,1349.54,1349.5,1349.54,0.0,2.61,3520.52,1
2026-07-27,2026-07-27 12:49:00,1349.54,1349.58,1349.54,1349.58,0.0,2.61,3520.52,1
2026-07-27,2026-07-27 12:50:00,1349.58,1349.62,1349.58,1349.62,0.0,2.61,3520.52,1
2026-07-27,2026-07-27 12:51:00,1349.62,1349.67,1349.62,1349.67,0.0,2.61,3520.52,1
2026-07-27,2026-07-27 12:52:00,1349.67,1349.71,1349.67,1349.71,0.0,2.61,3520.52,1
2026-07-27,2026-07-27 12:53:00,1349.71,1349.75,1349.71,1349.75,0.0,2.61,3520.52,1
2026-07-27,2026-07-27 12:54:00,1349.75,1349.79,1349.75,1349.79,0.0,2.61,3520.52,1
2026-07-27,2026-07-27 12:55:00,1349.79,1349.83,1349.79,1349.83,0.0,2.61,3520.52,1
2026-07-27,2026-07-27 12:56:00,1349.83,1349.88,1349.83,1349.88,0.0,2.61,3520.52,1
2026-07-27,2026-07-27 12:57:00,1349.88,1349.92,1349.88,1349.92,0.0,2.61,3520.52,1
2026-07-27,2026-07-27 12:58:00,1349.92,1349.96,1349.92,1349.96,0.0,2.61,3520.52,1
2026-07-27,2026-07-27 12:59:00,1349.96,1350.0,1349.96,1350.0,0.0,2.61,3520.52,1
2026-07-27,2026-07-27 13:00:00,1350.0,1368.9,1345.0,1350.04,0.0,2.61,3520.52,1
2026-07-27,2026-07-27 13:01:00,1350.04,1350.08,1350.04,1350.08,0.0,2.61,3520.52,1
2026-07-27,2026-07-27 13:02:00,1350.08,1350.12,1350.08,1350.12,0.0,2.61,3520.52,1
2026-07-27,2026-07-27 13:03:00,1350.12,1350.17,1350.12,1350.17,0.0,2.61,3520.52,1
2026-07-27,2026-07-27 13:04:00,1350.17,1350.21,1350.17,1350.21,0.0,2.61,3520.52,1
2026-07-27,2026-07-27 13:05:00,1350.21,1350.25,1350.21,1350.25,0.0,2.61,3520.52,1
2026-07-27,2026-07-27 13:06:00,1350.25,1350.29,1350.25,1350.29,0.0,2.61,3520.52,1
2026-07-27,2026-07-27 13:07:00,1350.29,1350.33,1350.29,1350.33,0.0,2.61,3520.52,1
2026-07-27,2026-07-27 13:08:00,1350.33,1350.38,1350.33,1350.38,0.0,2.61,3520.52,1
2026-07-27,2026-07-27 13:09:00,1350.38,1350.42,1350.38,1350.42,0.0,2.61,3520.52,1
2026-07-27,2026-07-27 13:10:00,1350.42,1350.46,1350.42,1350.46,0.0,2.61,3520.52,1
2026-07-27,2026-07-27 13:11:00,1350.46,1350.5,1350.46,1350.5,0.0,2.61,3520.52,1
2026-07-27,2026-07-27 13:12:00,1350.5,1350.54,1350.5,1350.54,0.0,2.61,3520.52,1
2026-07-27,2026-07-27 13:13:00,1350.54,1350.58,1350.54,1350.58,0.0,2.61,3520.52,1
2026-07-27,2026-07-27 13:14:00,1350.58,1350.62,1350.58,1350.62,0.0,2.61,3520.52,1
2026-07-27,2026-07-27 13:15:00,1350.62,1350.67,1350.62,1350.67,0.0,2.61,3520.52,1
2026-07-27,2026-07-27 13:16:00,1350.67,1350.71,1350.67,1350.71,0.0,2.61,3520.52,1
2026-07-27,2026-07-27 13:17:00,1350.71,1350.75,1350.71,1350.75,0.0,2.61,3520.52,1
2026-07-27,2026-07-27 13:18:00,1350.75,1350.79,1350.75,1350.79,0.0,2.61,3520.52,1
2026-07-27,2026-07-27 13:19:00,1350.79,1350.83,1350.79,1350.83,0.0,2.61,3520.52,1
2026-07-27,2026-07-27 13:20:00,1350.83,1350.88,1350.83,1350.88,0.0,2.61,3520.52,1
2026-07-27,2026-07-27 13:21:00,1350.88,1350.92,1350.88,1350.92,0.0,2.61,3520.52,1
2026-07-27,2026-07-27 13:22:00,1350.92,1350.96,1350.92,1350.96,0.0,2.61,3520.52,1
2026-07-27,2026-07-27 13:23:00,1350.96,1351.0,1350.96,1351.0,0.0,2.61,3520.52,1
2026-07-27,2026-07-27 13:24:00,1351.0,1351.04,1351.0,1351.04,0.0,2.61,3520.52,1
2026-07-27,2026-07-27 13:25:00,1351.04,1351.08,1351.04,1351.08,0.0,2.61,3520.52,1
2026-07-27,2026-07-27 13:26:00,1351.08,1351.12,1351.08,1351.12,0.0,2.61,3520.52,1
2026-07-27,2026-07-27 13:27:00,1351.12,1351.17,1351.12,1351.17,0.0,2.61,3520.52,1
2026-07-27,2026-07-27 13:28:00,1351.17,1351.21,1351.17,1351.21,0.0,2.61,3520.52,1
2026-07-27,2026-07-27 13:29:00,1351.21,1351.25,1351.21,1351.25,0.0,2.61,3520.52,1
2026-07-27,2026-07-27 13:30:00,1351.25,1351.29,1351.25,1351.29,0.0,2.61,3520.52,1
2026-07-27,2026-07-27 13:31:00,1351.29,1351.33,1351.29,1351.33,0.0,2.61,3520.52,1
2026-07-27,2026-07-27 13:32:00,1351.33,1351.38,1351.33,1351.38,0.0,2.61,3520.52,1
2026-07-27,2026-07-27 13:33:00,1351.38,1351.42,1351.38,1351.42,0.0,2.61,3520.52,1
2026-07-27,2026-07-27 13:34:00,1351.42,1351.46,1351.42,1351.46,0.0,2.61,3520.52,1
2026-07-27,2026-07-27 13:35:00,1351.46,1351.5,1351.46,1351.5,0.0,2.61,3520.52,1
2026-07-27,2026-07-27 13:36:00,1351.5,1351.54,1351.5,1351.54,0.0,2.61,3520.52,1
2026-07-27,2026-07-27 13:37:00,1351.54,1351.58,1351.54,1351.58,0.0,2.61,3520.52,1
2026-07-27,2026-07-27 13:38:00,1351.58,1351.62,1351.58,1351.62,0.0,2.61,3520.52,1
2026-07-27,2026-07-27 13:39:00,1351.62,1351.67,1351.62,1351.67,0.0,2.61,3520.52,1
2026-07-27,2026-07-27 13:40:00,1351.67,1351.71,1351.67,1351.71,0.0,2.61,3520.52,1
2026-07-27,2026-07-27 13:41:00,1351.71,1351.75,1351.71,1351.75,0.0,2.61,3520.52,1
2026-07-27,2026-07-27 13:42:00,1351.75,1351.79,1351.75,1351.79,0.0,2.61,3520.52,1
2026-07-27,2026-07-27 13:43:00,1351.79,1351.83,1351.79,1351.83,0.0,2.61,3520.52,1
2026-07-27,2026-07-27 13:44:00,1351.83,1351.88,1351.83,1351.88,0.0,2.61,3520.52,1
2026-07-27,2026-07-27 13:45:00,1351.88,1351.92,1351.88,1351.92,0.0,2.61,3520.52,1
2026-07-27,2026-07-27 13:46:00,1351.92,1351.96,1351.92,1351.96,0.0,2.61,3520.52,1
2026-07-27,2026-07-27 13:47:00,1351.96,1352.0,1351.96,1352.0,0.0,2.61,3520.52,1
2026-07-27,2026-07-27 13:48:00,1352.0,1352.04,1352.0,1352.04,0.0,2.61,3520.52,1
2026-07-27,2026-07-27 13:49:00,1352.04,1352.08,1352.04,1352.08,0.0,2.61,3520.52,1
2026-07-27,2026-07-27 13:50:00,1352.08,1352.12,1352.08,1352.12,0.0,2.61,3520.52,1
2026-07-27,2026-07-27 13:51:00,1352.12,1352.17,1352.12,1352.17,0.0,2.61,3520.52,1
2026-07-27,2026-07-27 13:52:00,1352.17,1352.21,1352.17,1352.21,0.0,2.61,3520.52,1
2026-07-27,2026-07-27 13:53:00,1352.21,1352.25,1352.21,1352.25,0.0,2.61,3520.52,1
2026-07-27,2026-07-27 13:54:00,1352.25,1352.29,1352.25,1352.29,0.0,2.61,3520.52,1
2026-07-27,2026-07-27 13:55:00,1352.29,1352.33,1352.29,1352.33,0.0,2.61,3520.52,1
2026-07-27,2026-07-27 13:56:00,1352.33,1352.38,1352.33,1352.38,0.0,2.61,3520.52,1
2026-07-27,2026-07-27 13:57:00,1352.38,1352.42,1352.38,1352.42,0.0,2.61,3520.52,1
2026-07-27,2026-07-27 13:58:00,1352.42,1352.46,1352.42,1352.46,0.0,2.61,3520.52,1
2026-07-27,2026-07-27 13:59:00,1352.46,1352.5,1352.46,1352.5,0.0,2.61,3520.52,1
2026-07-27,2026-07-27 14:00:00,1352.5,1352.54,1352.5,1352.54,0.0,2.61,3520.52,1
2026-07-27,2026-07-27 14:01:00,1352.54,1352.58,1352.54,1352.58,0.0,2.61,3520.52,1
2026-07-27,2026-07-27 14:02:00,1352.58,1352.62,1352.58,1352.62,0.0,2.61,3520.52,1
2026-07-27,2026-07-27 14:03:00,1352.62,1352.67,1352.62,1352.67,0.0,2.61,3520.52,1
2026-07-27,2026-07-27 14:04:00,1352.67,1352.71,1352.67,1352.71,0.0,2.61,3520.52,1
2026-07-27,2026-07-27 14:05:00,1352.71,1352.75,1352.71,1352.75,0.0,2.61,3520.52,1
2026-07-27,2026-07-27 14:06:00,1352.75,1352.79,1352.75,1352.79,0.0,2.61,3520.52,1
2026-07-27,2026-07-27 14:07:00,1352.79,1352.83,1352.79,1352.83,0.0,2.61,3520.52,1
2026-07-27,2026-07-27 14:08:00,1352.83,1352.88,1352.83,1352.88,0.0,2.61,3520.52,1
2026-07-27,2026-07-27 14:09:00,1352.88,1352.92,1352.88,1352.92,0.0,2.61,3520.52,1
2026-07-27,2026-07-27 14:10:00,1352.92,1352.96,1352.92,1352.96,0.0,2.61,3520.52,1
2026-07-27,2026-07-27 14:11:00,1352.96,1353.0,1352.96,1353.0,0.0,2.61,3520.52,1
2026-07-27,2026-07-27 14:12:00,1353.0,1353.04,1353.0,1353.04,0.0,2.61,3520.52,1
2026-07-27,2026-07-27 14:13:00,1353.04,1353.08,1353.04,1353.08,0.0,2.61,3520.52,1
2026-07-27,2026-07-27 14:14:00,1353.08,1353.12,1353.08,1353.12,0.0,2.61,3520.52,1
2026-07-27,2026-07-27 14:15:00,1353.12,1353.17,1353.12,1353.17,0.0,2.61,3520.52,1
2026-07-27,2026-07-27 14:16:00,1353.17,1353.21,1353.17,1353.21,0.0,2.61,3520.52,1
2026-07-27,2026-07-27 14:17:00,1353.21,1353.25,1353.21,1353.25,0.0,2.61,3520.52,1
2026-07-27,2026-07-27 14:18:00,1353.25,1353.29,1353.25,1353.29,0.0,2.61,3520.52,1
2026-07-27,2026-07-27 14:19:00,1353.29,1353.33,1353.29,1353.33,0.0,2.61,3520.52,1
2026-07-27,2026-07-27 14:20:00,1353.33,1353.38,1353.33,1353.38,0.0,2.61,3520.52,1
2026-07-27,2026-07-27 14:21:00,1353.38,1353.42,1353.38,1353.42,0.0,2.61,3520.52,1
2026-07-27,2026-07-27 14:22:00,1353.42,1353.46,1353.42,1353.46,0.0,2.61,3520.52,1
2026-07-27,2026-07-27 14:23:00,1353.46,1353.5,1353.46,1353.5,0.0,2.61,3520.52,1
2026-07-27,2026-07-27 14:24:00,1353.5,1353.54,1353.5,1353.54,0.0,2.61,3520.52,1
2026-07-27,2026-07-27 14:25:00,1353.54,1353.58,1353.54,1353.58,0.0,2.61,3520.52,1
2026-07-27,2026-07-27 14:26:00,1353.58,1353.62,1353.58,1353.62,0.0,2.61,3520.52,1
2026-07-27,2026-07-27 14:27:00,1353.62,1353.67,1353.62,1353.67,0.0,2.61,3520.52,1
2026-07-27,2026-07-27 14:28:00,1353.67,1353.71,1353.67,1353.71,0.0,2.61,3520.52,1
2026-07-27,2026-07-27 14:29:00,1353.71,1353.75,1353.71,1353.75,0.0,2.61,3520.52,1
2026-07-27,2026-07-27 14:30:00,1353.75,1353.79,1353.75,1353.79,0.0,2.61,3520.52,1
2026-07-27,2026-07-27 14:31:00,1353.79,1353.83,1353.79,1353.83,0.0,2.61,3520.52,1
2026-07-27,2026-07-27 14:32:00,1353.83,1353.88,1353.83,1353.88,0.0,2.61,3520.52,1
2026-07-27,2026-07-27 14:33:00,1353.88,1353.92,1353.88,1353.92,0.0,2.61,3520.52,1
2026-07-27,2026-07-27 14:34:00,1353.92,1353.96,1353.92,1353.96,0.0,2.61,3520.52,1
2026-07-27,2026-07-27 14:35:00,1353.96,1354.0,1353.96,1354.0,0.0,2.61,3520.52,1
2026-07-27,2026-07-27 14:36:00,1354.0,1354.04,1354.0,1354.04,0.0,2.61,3520.52,1
2026-07-27,2026-07-27 14:37:00,1354.04,1354.08,1354.04,1354.08,0.0,2.61,3520.52,1
2026-07-27,2026-07-27 14:38:00,1354.08,1354.12,1354.08,1354.12,0.0,2.61,3520.52,1
2026-07-27,2026-07-27 14:39:00,1354.12,1354.17,1354.12,1354.17,0.0,2.61,3520.52,1
2026-07-27,2026-07-27 14:40:00,1354.17,1354.21,1354.17,1354.21,0.0,2.61,3520.52,1
2026-07-27,2026-07-27 14:41:00,1354.21,1354.25,1354.21,1354.25,0.0,2.61,3520.52,1
2026-07-27,2026-07-27 14:42:00,1354.25,1354.29,1354.25,1354.29,0.0,2.61,3520.52,1
2026-07-27,2026-07-27 14:43:00,1354.29,1354.33,1354.29,1354.33,0.0,2.61,3520.52,1
2026-07-27,2026-07-27 14:44:00,1354.33,1354.38,1354.33,1354.38,0.0,2.61,3520.52,1
2026-07-27,2026-07-27 14:45:00,1354.38,1354.42,1354.38,1354.42,0.0,2.61,3520.52,1
2026-07-27,2026-07-27 14:46:00,1354.42,1354.46,1354.42,1354.46,0.0,2.61,3520.52,1
2026-07-27,2026-07-27 14:47:00,1354.46,1354.5,1354.46,1354.5,0.0,2.61,3520.52,1
2026-07-27,2026-07-27 14:48:00,1354.5,1354.54,1354.5,1354.54,0.0,2.61,3520.52,1
2026-07-27,2026-07-27 14:49:00,1354.54,1354.58,1354.54,1354.58,0.0,2.61,3520.52,1
2026-07-27,2026-07-27 14:50:00,1354.58,1354.62,1354.58,1354.62,0.0,2.61,3520.52,1
2026-07-27,2026-07-27 14:51:00,1354.62,1354.67,1354.62,1354.67,0.0,2.61,3520.52,1
2026-07-27,2026-07-27 14:52:00,1354.67,1354.71,1354.67,1354.71,0.0,2.61,3520.52,1
2026-07-27,2026-07-27 14:53:00,1354.71,1354.75,1354.71,1354.75,0.0,2.61,3520.52,1
2026-07-27,2026-07-27 14:54:00,1354.75,1354.79,1354.75,1354.79,0.0,2.61,3520.52,1
2026-07-27,2026-07-27 14:55:00,1354.79,1354.83,1354.79,1354.83,0.0,2.61,3520.52,1
2026-07-27,2026-07-27 14:56:00,1354.83,1354.88,1354.83,1354.88,0.0,2.61,3520.52,1
2026-07-27,2026-07-27 14:57:00,1354.88,1354.92,1354.88,1354.92,0.0,2.61,3520.52,1
2026-07-27,2026-07-27 14:58:00,1354.92,1354.96,1354.92,1354.96,0.0,2.61,3520.52,1
2026-07-27,2026-07-27 14:59:00,1354.96,1355.0,1354.96,1355.0,0.0,2.61,3520.52,1
2026-07-27,2026-07-27 15:00:00,1355.0,1368.9,1345.0,1355.0,0.0,2.61,3520.52,0
2026-07-28,2026-07-28 11:00:00,1391.0,1391.6,1375.7,1390.87,-0.01,2.41,3267.58,-1
2026-07-28,2026-07-28 11:01:00,1390.87,1390.87,1390.74,1390.74,-0.01,2.41,3267.58,-1
2026-07-28,2026-07-28 11:02:00,1390.74,1390.74,1390.61,1390.61,-0.01,2.41,3267.58,-1
2026-07-28,2026-07-28 11:03:00,1390.61,1390.61,1390.48,1390.48,-0.01,2.41,3267.58,-1
2026-07-28,2026-07-28 11:04:00,1390.48,1390.48,1390.35,1390.35,-0.01,2.41,3267.58,-1
2026-07-28,2026-07-28 11:05:00,1390.35,1390.35,1390.22,1390.22,-0.01,2.41,3267.58,-1
2026-07-28,2026-07-28 11:06:00,1390.22,1390.22,1390.1,1390.1,-0.01,2.41,3267.58,-1
2026-07-28,2026-07-28 11:07:00,1390.1,1390.1,1389.97,1389.97,-0.01,2.41,3267.58,-1
2026-07-28,2026-07-28 11:08:00,1389.97,1389.97,1389.84,1389.84,-0.01,2.41,3267.58,-1
2026-07-28,2026-07-28 11:09:00,1389.84,1389.84,1389.71,1389.71,-0.01,2.41,3267.58,-1
2026-07-28,2026-07-28 11:10:00,1389.71,1389.71,1389.58,1389.58,-0.01,2.41,3267.58,-1
2026-07-28,2026-07-28 11:11:00,1389.58,1389.58,1389.45,1389.45,-0.01,2.41,3267.58,-1
2026-07-28,2026-07-28 11:12:00,1389.45,1389.45,1389.32,1389.32,-0.01,2.41,3267.58,-1
2026-07-28,2026-07-28 11:13:00,1389.32,1389.32,1389.19,1389.19,-0.01,2.41,3267.58,-1
2026-07-28,2026-07-28 11:14:00,1389.19,1389.19,1389.06,1389.06,-0.01,2.41,3267.58,-1
2026-07-28,2026-07-28 11:15:00,1389.06,1389.06,1388.93,1388.93,-0.01,2.41,3267.58,-1
2026-07-28,2026-07-28 11:16:00,1388.93,1388.93,1388.8,1388.8,-0.01,2.41,3267.58,-1
2026-07-28,2026-07-28 11:17:00,1388.8,1388.8,1388.67,1388.67,-0.01,2.41,3267.58,-1
2026-07-28,2026-07-28 11:18:00,1388.67,1388.67,1388.55,1388.55,-0.01,2.41,3267.58,-1
2026-07-28,2026-07-28 11:19:00,1388.55,1388.55,1388.42,1388.42,-0.01,2.41,3267.58,-1
2026-07-28,2026-07-28 11:20:00,1388.42,1388.42,1388.29,1388.29,-0.01,2.41,3267.58,-1
2026-07-28,2026-07-28 11:21:00,1388.29,1388.29,1388.16,1388.16,-0.01,2.41,3267.58,-1
2026-07-28,2026-07-28 11:22:00,1388.16,1388.16,1388.03,1388.03,-0.01,2.41,3267.58,-1
2026-07-28,2026-07-28 11:23:00,1388.03,1388.03,1387.9,1387.9,-0.01,2.41,3267.58,-1
2026-07-28,2026-07-28 11:24:00,1387.9,1387.9,1387.77,1387.77,-0.01,2.41,3267.58,-1
2026-07-28,2026-07-28 11:25:00,1387.77,1387.77,1387.64,1387.64,-0.01,2.41,3267.58,-1
2026-07-28,2026-07-28 11:26:00,1387.64,1387.64,1387.51,1387.51,-0.01,2.41,3267.58,-1
2026-07-28,2026-07-28 11:27:00,1387.51,1387.51,1387.38,1387.38,-0.01,2.41,3267.58,-1
2026-07-28,2026-07-28 11:28:00,1387.38,1387.38,1387.25,1387.25,-0.01,2.41,3267.58,-1
2026-07-28,2026-07-28 11:29:00,1387.25,1387.25,1387.12,1387.12,-0.01,2.41,3267.58,-1
2026-07-28,2026-07-28 11:30:00,1387.12,1387.12,1387.0,1387.0,-0.01,2.41,3267.58,-1
2026-07-28,2026-07-28 11:31:00,1387.0,1387.0,1386.87,1386.87,-0.01,2.41,3267.58,-1
2026-07-28,2026-07-28 11:32:00,1386.87,1386.87,1386.74,1386.74,-0.01,2.41,3267.58,-1
2026-07-28,2026-07-28 11:33:00,1386.74,1386.74,1386.61,1386.61,-0.01,2.41,3267.58,-1
2026-07-28,2026-07-28 11:34:00,1386.61,1386.61,1386.48,1386.48,-0.01,2.41,3267.58,-1
2026-07-28,2026-07-28 11:35:00,1386.48,1386.48,1386.35,1386.35,-0.01,2.41,3267.58,-1
2026-07-28,2026-07-28 11:36:00,1386.35,1386.35,1386.22,1386.22,-0.01,2.41,3267.58,-1
2026-07-28,2026-07-28 11:37:00,1386.22,1386.22,1386.09,1386.09,-0.01,2.41,3267.58,-1
2026-07-28,2026-07-28 11:38:00,1386.09,1386.09,1385.96,1385.96,-0.01,2.41,3267.58,-1
2026-07-28,2026-07-28 11:39:00,1385.96,1385.96,1385.83,1385.83,-0.01,2.41,3267.58,-1
2026-07-28,2026-07-28 11:40:00,1385.83,1385.83,1385.7,1385.7,-0.01,2.41,3267.58,-1
2026-07-28,2026-07-28 11:41:00,1385.7,1385.7,1385.58,1385.58,-0.01,2.41,3267.58,-1
2026-07-28,2026-07-28 11:42:00,1385.58,1385.58,1385.45,1385.45,-0.01,2.41,3267.58,-1
2026-07-28,2026-07-28 11:43:00,1385.45,1385.45,1385.32,1385.32,-0.01,2.41,3267.58,-1
2026-07-28,2026-07-28 11:44:00,1385.32,1385.32,1385.19,1385.19,-0.01,2.41,3267.58,-1
2026-07-28,2026-07-28 11:45:00,1385.19,1385.19,1385.06,1385.06,-0.01,2.41,3267.58,-1
2026-07-28,2026-07-28 11:46:00,1385.06,1385.06,1384.93,1384.93,-0.01,2.41,3267.58,-1
2026-07-28,2026-07-28 11:47:00,1384.93,1384.93,1384.8,1384.8,-0.01,2.41,3267.58,-1
2026-07-28,2026-07-28 11:48:00,1384.8,1384.8,1384.67,1384.67,-0.01,2.41,3267.58,-1
2026-07-28,2026-07-28 11:49:00,1384.67,1384.67,1384.54,1384.54,-0.01,2.41,3267.58,-1
2026-07-28,2026-07-28 11:50:00,1384.54,1384.54,1384.41,1384.41,-0.01,2.41,3267.58,-1
2026-07-28,2026-07-28 11:51:00,1384.41,1384.41,1384.28,1384.28,-0.01,2.41,3267.58,-1
2026-07-28,2026-07-28 11:52:00,1384.28,1384.28,1384.15,1384.15,-0.01,2.41,3267.58,-1
2026-07-28,2026-07-28 11:53:00,1384.15,1384.15,1384.03,1384.03,-0.01,2.41,3267.58,-1
2026-07-28,2026-07-28 11:54:00,1384.03,1384.03,1383.9,1383.9,-0.01,2.41,3267.58,-1
2026-07-28,2026-07-28 11:55:00,1383.9,1383.9,1383.77,1383.77,-0.01,2.41,3267.58,-1
2026-07-28,2026-07-28 11:56:00,1383.77,1383.77,1383.64,1383.64,-0.01,2.41,3267.58,-1
2026-07-28,2026-07-28 11:57:00,1383.64,1383.64,1383.51,1383.51,-0.01,2.41,3267.58,-1
2026-07-28,2026-07-28 11:58:00,1383.51,1383.51,1383.38,1383.38,-0.01,2.41,3267.58,-1
2026-07-28,2026-07-28 11:59:00,1383.38,1383.38,1383.25,1383.25,-0.01,2.41,3267.58,-1
2026-07-28,2026-07-28 12:00:00,1383.25,1383.25,1383.12,1383.12,-0.01,2.41,3267.58,-1
2026-07-28,2026-07-28 12:01:00,1383.12,1383.12,1382.99,1382.99,-0.01,2.41,3267.58,-1
2026-07-28,2026-07-28 12:02:00,1382.99,1382.99,1382.86,1382.86,-0.01,2.41,3267.58,-1
2026-07-28,2026-07-28 12:03:00,1382.86,1382.86,1382.73,1382.73,-0.01,2.41,3267.58,-1
2026-07-28,2026-07-28 12:04:00,1382.73,1382.73,1382.6,1382.6,-0.01,2.41,3267.58,-1
2026-07-28,2026-07-28 12:05:00,1382.6,1382.6,1382.47,1382.47,-0.01,2.41,3267.58,-1
2026-07-28,2026-07-28 12:06:00,1382.47,1382.47,1382.35,1382.35,-0.01,2.41,3267.58,-1
2026-07-28,2026-07-28 12:07:00,1382.35,1382.35,1382.22,1382.22,-0.01,2.41,3267.58,-1
2026-07-28,2026-07-28 12:08:00,1382.22,1382.22,1382.09,1382.09,-0.01,2.41,3267.58,-1
2026-07-28,2026-07-28 12:09:00,1382.09,1382.09,1381.96,1381.96,-0.01,2.41,3267.58,-1
2026-07-28,2026-07-28 12:10:00,1381.96,1381.96,1381.83,1381.83,-0.01,2.41,3267.58,-1
2026-07-28,2026-07-28 12:11:00,1381.83,1381.83,1381.7,1381.7,-0.01,2.41,3267.58,-1
2026-07-28,2026-07-28 12:12:00,1381.7,1381.7,1381.57,1381.57,-0.01,2.41,3267.58,-1
2026-07-28,2026-07-28 12:13:00,1381.57,1381.57,1381.44,1381.44,-0.01,2.41,3267.58,-1
2026-07-28,2026-07-28 12:14:00,1381.44,1381.44,1381.31,1381.31,-0.01,2.41,3267.58,-1
2026-07-28,2026-07-28 12:15:00,1381.31,1381.31,1381.18,1381.18,-0.01,2.41,3267.58,-1
2026-07-28,2026-07-28 12:16:00,1381.18,1381.18,1381.05,1381.05,-0.01,2.41,3267.58,-1
2026-07-28,2026-07-28 12:17:00,1381.05,1381.05,1380.92,1380.92,-0.01,2.41,3267.58,-1
2026-07-28,2026-07-28 12:18:00,1380.92,1380.92,1380.8,1380.8,-0.01,2.41,3267.58,-1
2026-07-28,2026-07-28 12:19:00,1380.8,1380.8,1380.67,1380.67,-0.01,2.41,3267.58,-1
2026-07-28,2026-07-28 12:20:00,1380.67,1380.67,1380.54,1380.54,-0.01,2.41,3267.58,-1
2026-07-28,2026-07-28 12:21:00,1380.54,1380.54,1380.41,1380.41,-0.01,2.41,3267.58,-1
2026-07-28,2026-07-28 12:22:00,1380.41,1380.41,1380.28,1380.28,-0.01,2.41,3267.58,-1
2026-07-28,2026-07-28 12:23:00,1380.28,1380.28,1380.15,1380.15,-0.01,2.41,3267.58,-1
2026-07-28,2026-07-28 12:24:00,1380.15,1380.15,1380.02,1380.02,-0.01,2.41,3267.58,-1
2026-07-28,2026-07-28 12:25:00,1380.02,1380.02,1379.89,1379.89,-0.01,2.41,3267.58,-1
2026-07-28,2026-07-28 12:26:00,1379.89,1379.89,1379.76,1379.76,-0.01,2.41,3267.58,-1
2026-07-28,2026-07-28 12:27:00,1379.76,1379.76,1379.63,1379.63,-0.01,2.41,3267.58,-1
2026-07-28,2026-07-28 12:28:00,1379.63,1379.63,1379.5,1379.5,-0.01,2.41,3267.58,-1
2026-07-28,2026-07-28 12:29:00,1379.5,1379.5,1379.38,1379.38,-0.01,2.41,3267.58,-1
2026-07-28,2026-07-28 12:30:00,1379.38,1379.38,1379.25,1379.25,-0.01,2.41,3267.58,-1
2026-07-28,2026-07-28 12:31:00,1379.25,1379.25,1379.12,1379.12,-0.01,2.41,3267.58,-1
2026-07-28,2026-07-28 12:32:00,1379.12,1379.12,1378.99,1378.99,-0.01,2.41,3267.58,-1
2026-07-28,2026-07-28 12:33:00,1378.99,1378.99,1378.86,1378.86,-0.01,2.41,3267.58,-1
2026-07-28,2026-07-28 12:34:00,1378.86,1378.86,1378.73,1378.73,-0.01,2.41,3267.58,-1
2026-07-28,2026-07-28 12:35:00,1378.73,1378.73,1378.6,1378.6,-0.01,2.41,3267.58,-1
2026-07-28,2026-07-28 12:36:00,1378.6,1378.6,1378.47,1378.47,-0.01,2.41,3267.58,-1
2026-07-28,2026-07-28 12:37:00,1378.47,1378.47,1378.34,1378.34,-0.01,2.41,3267.58,-1
2026-07-28,2026-07-28 12:38:00,1378.34,1378.34,1378.21,1378.21,-0.01,2.41,3267.58,-1
2026-07-28,2026-07-28 12:39:00,1378.21,1378.21,1378.08,1378.08,-0.01,2.41,3267.58,-1
2026-07-28,2026-07-28 12:40:00,1378.08,1378.08,1377.95,1377.95,-0.01,2.41,3267.58,-1
2026-07-28,2026-07-28 12:41:00,1377.95,1377.95,1377.83,1377.83,-0.01,2.41,3267.58,-1
2026-07-28,2026-07-28 12:42:00,1377.83,1377.83,1377.7,1377.7,-0.01,2.41,3267.58,-1
2026-07-28,2026-07-28 12:43:00,1377.7,1377.7,1377.57,1377.57,-0.01,2.41,3267.58,-1
2026-07-28,2026-07-28 12:44:00,1377.57,1377.57,1377.44,1377.44,-0.01,2.41,3267.58,-1
2026-07-28,2026-07-28 12:45:00,1377.44,1377.44,1377.31,1377.31,-0.01,2.41,3267.58,-1
2026-07-28,2026-07-28 12:46:00,1377.31,1377.31,1377.18,1377.18,-0.01,2.41,3267.58,-1
2026-07-28,2026-07-28 12:47:00,1377.18,1377.18,1377.05,1377.05,-0.01,2.41,3267.58,-1
2026-07-28,2026-07-28 12:48:00,1377.05,1377.05,1376.92,1376.92,-0.01,2.41,3267.58,-1
2026-07-28,2026-07-28 12:49:00,1376.92,1376.92,1376.79,1376.79,-0.01,2.41,3267.58,-1
2026-07-28,2026-07-28 12:50:00,1376.79,1376.79,1376.66,1376.66,-0.01,2.41,3267.58,-1
2026-07-28,2026-07-28 12:51:00,1376.66,1376.66,1376.53,1376.53,-0.01,2.41,3267.58,-1
2026-07-28,2026-07-28 12:52:00,1376.53,1376.53,1376.4,1376.4,-0.01,2.41,3267.58,-1
2026-07-28,2026-07-28 12:53:00,1376.4,1376.4,1376.28,1376.28,-0.01,2.41,3267.58,-1
2026-07-28,2026-07-28 12:54:00,1376.28,1376.28,1376.15,1376.15,-0.01,2.41,3267.58,-1
2026-07-28,2026-07-28 12:55:00,1376.15,1376.15,1376.02,1376.02,-0.01,2.41,3267.58,-1
2026-07-28,2026-07-28 12:56:00,1376.02,1376.02,1375.89,1375.89,-0.01,2.41,3267.58,-1
2026-07-28,2026-07-28 12:57:00,1375.89,1375.89,1375.76,1375.76,-0.01,2.41,3267.58,-1
2026-07-28,2026-07-28 12:58:00,1375.76,1375.76,1375.63,1375.63,-0.01,2.41,3267.58,-1
2026-07-28,2026-07-28 12:59:00,1375.63,1375.63,1375.5,1375.5,-0.01,2.41,3267.58,-1
2026-07-28,2026-07-28 13:00:00,1375.5,1393.0,1340.0,1375.37,-0.01,2.41,3267.58,-1
2026-07-28,2026-07-28 13:01:00,1375.37,1375.37,1375.24,1375.24,-0.01,2.41,3267.58,-1
2026-07-28,2026-07-28 13:02:00,1375.24,1375.24,1375.11,1375.11,-0.01,2.41,3267.58,-1
2026-07-28,2026-07-28 13:03:00,1375.11,1375.11,1374.98,1374.98,-0.01,2.41,3267.58,-1
2026-07-28,2026-07-28 13:04:00,1374.98,1374.98,1374.85,1374.85,-0.01,2.41,3267.58,-1
2026-07-28,2026-07-28 13:05:00,1374.85,1374.85,1374.72,1374.72,-0.01,2.41,3267.58,-1
2026-07-28,2026-07-28 13:06:00,1374.72,1374.72,1374.6,1374.6,-0.01,2.41,3267.58,-1
2026-07-28,2026-07-28 13:07:00,1374.6,1374.6,1374.47,1374.47,-0.01,2.41,3267.58,-1
2026-07-28,2026-07-28 13:08:00,1374.47,1374.47,1374.34,1374.34,-0.01,2.41,3267.58,-1
2026-07-28,2026-07-28 13:09:00,1374.34,1374.34,1374.21,1374.21,-0.01,2.41,3267.58,-1
2026-07-28,2026-07-28 13:10:00,1374.21,1374.21,1374.08,1374.08,-0.01,2.41,3267.58,-1
2026-07-28,2026-07-28 13:11:00,1374.08,1374.08,1373.95,1373.95,-0.01,2.41,3267.58,-1
2026-07-28,2026-07-28 13:12:00,1373.95,1373.95,1373.82,1373.82,-0.01,2.41,3267.58,-1
2026-07-28,2026-07-28 13:13:00,1373.82,1373.82,1373.69,1373.69,-0.01,2.41,3267.58,-1
2026-07-28,2026-07-28 13:14:00,1373.69,1373.69,1373.56,1373.56,-0.01,2.41,3267.58,-1
2026-07-28,2026-07-28 13:15:00,1373.56,1373.56,1373.43,1373.43,-0.01,2.41,3267.58,-1
2026-07-28,2026-07-28 13:16:00,1373.43,1373.43,1373.3,1373.3,-0.01,2.41,3267.58,-1
2026-07-28,2026-07-28 13:17:00,1373.3,1373.3,1373.17,1373.17,-0.01,2.41,3267.58,-1
2026-07-28,2026-07-28 13:18:00,1373.17,1373.17,1373.05,1373.05,-0.01,2.41,3267.58,-1
2026-07-28,2026-07-28 13:19:00,1373.05,1373.05,1372.92,1372.92,-0.01,2.41,3267.58,-1
2026-07-28,2026-07-28 13:20:00,1372.92,1372.92,1372.79,1372.79,-0.01,2.41,3267.58,-1
2026-07-28,2026-07-28 13:21:00,1372.79,1372.79,1372.66,1372.66,-0.01,2.41,3267.58,-1
2026-07-28,2026-07-28 13:22:00,1372.66,1372.66,1372.53,1372.53,-0.01,2.41,3267.58,-1
2026-07-28,2026-07-28 13:23:00,1372.53,1372.53,1372.4,1372.4,-0.01,2.41,3267.58,-1
2026-07-28,2026-07-28 13:24:00,1372.4,1372.4,1372.27,1372.27,-0.01,2.41,3267.58,-1
2026-07-28,2026-07-28 13:25:00,1372.27,1372.27,1372.14,1372.14,-0.01,2.41,3267.58,-1
2026-07-28,2026-07-28 13:26:00,1372.14,1372.14,1372.01,1372.01,-0.01,2.41,3267.58,-1
2026-07-28,2026-07-28 13:27:00,1372.01,1372.01,1371.88,1371.88,-0.01,2.41,3267.58,-1
2026-07-28,2026-07-28 13:28:00,1371.88,1371.88,1371.75,1371.75,-0.01,2.41,3267.58,-1
2026-07-28,2026-07-28 13:29:00,1371.75,1371.75,1371.62,1371.62,-0.01,2.41,3267.58,-1
2026-07-28,2026-07-28 13:30:00,1371.62,1371.62,1371.5,1371.5,-0.01,2.41,3267.58,-1
2026-07-28,2026-07-28 13:31:00,1371.5,1371.5,1371.37,1371.37,-0.01,2.41,3267.58,-1
2026-07-28,2026-07-28 13:32:00,1371.37,1371.37,1371.24,1371.24,-0.01,2.41,3267.58,-1
2026-07-28,2026-07-28 13:33:00,1371.24,1371.24,1371.11,1371.11,-0.01,2.41,3267.58,-1
2026-07-28,2026-07-28 13:34:00,1371.11,1371.11,1370.98,1370.98,-0.01,2.41,3267.58,-1
2026-07-28,2026-07-28 13:35:00,1370.98,1370.98,1370.85,1370.85,-0.01,2.41,3267.58,-1
2026-07-28,2026-07-28 13:36:00,1370.85,1370.85,1370.72,1370.72,-0.01,2.41,3267.58,-1
2026-07-28,2026-07-28 13:37:00,1370.72,1370.72,1370.59,1370.59,-0.01,2.41,3267.58,-1
2026-07-28,2026-07-28 13:38:00,1370.59,1370.59,1370.46,1370.46,-0.01,2.41,3267.58,-1
2026-07-28,2026-07-28 13:39:00,1370.46,1370.46,1370.33,1370.33,-0.01,2.41,3267.58,-1
2026-07-28,2026-07-28 13:40:00,1370.33,1370.33,1370.2,1370.2,-0.01,2.41,3267.58,-1
2026-07-28,2026-07-28 13:41:00,1370.2,1370.2,1370.08,1370.08,-0.01,2.41,3267.58,-1
2026-07-28,2026-07-28 13:42:00,1370.08,1370.08,1369.95,1369.95,-0.01,2.41,3267.58,-1
2026-07-28,2026-07-28 13:43:00,1369.95,1369.95,1369.82,1369.82,-0.01,2.41,3267.58,-1
2026-07-28,2026-07-28 13:44:00,1369.82,1369.82,1369.69,1369.69,-0.01,2.41,3267.58,-1
2026-07-28,2026-07-28 13:45:00,1369.69,1369.69,1369.56,1369.56,-0.01,2.41,3267.58,-1
2026-07-28,2026-07-28 13:46:00,1369.56,1369.56,1369.43,1369.43,-0.01,2.41,3267.58,-1
2026-07-28,2026-07-28 13:47:00,1369.43,1369.43,1369.3,1369.3,-0.01,2.41,3267.58,-1
2026-07-28,2026-07-28 13:48:00,1369.3,1369.3,1369.17,1369.17,-0.01,2.41,3267.58,-1
2026-07-28,2026-07-28 13:49:00,1369.17,1369.17,1369.04,1369.04,-0.01,2.41,3267.58,-1
2026-07-28,2026-07-28 13:50:00,1369.04,1369.04,1368.91,1368.91,-0.01,2.41,3267.58,-1
2026-07-28,2026-07-28 13:51:00,1368.91,1368.91,1368.78,1368.78,-0.01,2.41,3267.58,-1
2026-07-28,2026-07-28 13:52:00,1368.78,1368.78,1368.65,1368.65,-0.01,2.41,3267.58,-1
2026-07-28,2026-07-28 13:53:00,1368.65,1368.65,1368.53,1368.53,-0.01,2.41,3267.58,-1
2026-07-28,2026-07-28 13:54:00,1368.53,1368.53,1368.4,1368.4,-0.01,2.41,3267.58,-1
2026-07-28,2026-07-28 13:55:00,1368.4,1368.4,1368.27,1368.27,-0.01,2.41,3267.58,-1
2026-07-28,2026-07-28 13:56:00,1368.27,1368.27,1368.14,1368.14,-0.01,2.41,3267.58,-1
2026-07-28,2026-07-28 13:57:00,1368.14,1368.14,1368.01,1368.01,-0.01,2.41,3267.58,-1
2026-07-28,2026-07-28 13:58:00,1368.01,1368.01,1367.88,1367.88,-0.01,2.41,3267.58,-1
2026-07-28,2026-07-28 13:59:00,1367.88,1367.88,1367.75,1367.75,-0.01,2.41,3267.58,-1
2026-07-28,2026-07-28 14:00:00,1367.75,1367.75,1367.62,1367.62,-0.01,2.41,3267.58,-1
2026-07-28,2026-07-28 14:01:00,1367.62,1367.62,1367.49,1367.49,-0.01,2.41,3267.58,-1
2026-07-28,2026-07-28 14:02:00,1367.49,1367.49,1367.36,1367.36,-0.01,2.41,3267.58,-1
2026-07-28,2026-07-28 14:03:00,1367.36,1367.36,1367.23,1367.23,-0.01,2.41,3267.58,-1
2026-07-28,2026-07-28 14:04:00,1367.23,1367.23,1367.1,1367.1,-0.01,2.41,3267.58,-1
2026-07-28,2026-07-28 14:05:00,1367.1,1367.1,1366.97,1366.97,-0.01,2.41,3267.58,-1
2026-07-28,2026-07-28 14:06:00,1366.97,1366.97,1366.85,1366.85,-0.01,2.41,3267.58,-1
2026-07-28,2026-07-28 14:07:00,1366.85,1366.85,1366.72,1366.72,-0.01,2.41,3267.58,-1
2026-07-28,2026-07-28 14:08:00,1366.72,1366.72,1366.59,1366.59,-0.01,2.41,3267.58,-1
2026-07-28,2026-07-28 14:09:00,1366.59,1366.59,1366.46,1366.46,-0.01,2.41,3267.58,-1
2026-07-28,2026-07-28 14:10:00,1366.46,1366.46,1366.33,1366.33,-0.01,2.41,3267.58,-1
2026-07-28,2026-07-28 14:11:00,1366.33,1366.33,1366.2,1366.2,-0.01,2.41,3267.58,-1
2026-07-28,2026-07-28 14:12:00,1366.2,1366.2,1366.07,1366.07,-0.01,2.41,3267.58,-1
2026-07-28,2026-07-28 14:13:00,1366.07,1366.07,1365.94,1365.94,-0.01,2.41,3267.58,-1
2026-07-28,2026-07-28 14:14:00,1365.94,1365.94,1365.81,1365.81,-0.01,2.41,3267.58,-1
2026-07-28,2026-07-28 14:15:00,1365.81,1365.81,1365.68,1365.68,-0.01,2.41,3267.58,-1
2026-07-28,2026-07-28 14:16:00,1365.68,1365.68,1365.55,1365.55,-0.01,2.41,3267.58,-1
2026-07-28,2026-07-28 14:17:00,1365.55,1365.55,1365.42,1365.42,-0.01,2.41,3267.58,-1
2026-07-28,2026-07-28 14:18:00,1365.42,1365.42,1365.3,1365.3,-0.01,2.41,3267.58,-1
2026-07-28,2026-07-28 14:19:00,1365.3,1365.3,1365.17,1365.17,-0.01,2.41,3267.58,-1
2026-07-28,2026-07-28 14:20:00,1365.17,1365.17,1365.04,1365.04,-0.01,2.41,3267.58,-1
2026-07-28,2026-07-28 14:21:00,1365.04,1365.04,1364.91,1364.91,-0.01,2.41,3267.58,-1
2026-07-28,2026-07-28 14:22:00,1364.91,1364.91,1364.78,1364.78,-0.01,2.41,3267.58,-1
2026-07-28,2026-07-28 14:23:00,1364.78,1364.78,1364.65,1364.65,-0.01,2.41,3267.58,-1
2026-07-28,2026-07-28 14:24:00,1364.65,1364.65,1364.52,1364.52,-0.01,2.41,3267.58,-1
2026-07-28,2026-07-28 14:25:00,1364.52,1364.52,1364.39,1364.39,-0.01,2.41,3267.58,-1
2026-07-28,2026-07-28 14:26:00,1364.39,1364.39,1364.26,1364.26,-0.01,2.41,3267.58,-1
2026-07-28,2026-07-28 14:27:00,1364.26,1364.26,1364.13,1364.13,-0.01,2.41,3267.58,-1
2026-07-28,2026-07-28 14:28:00,1364.13,1364.13,1364.0,1364.0,-0.01,2.41,3267.58,-1
2026-07-28,2026-07-28 14:29:00,1364.0,1364.0,1363.88,1363.88,-0.01,2.41,3267.58,-1
2026-07-28,2026-07-28 14:30:00,1363.88,1363.88,1363.75,1363.75,-0.01,2.41,3267.58,-1
2026-07-28,2026-07-28 14:31:00,1363.75,1363.75,1363.62,1363.62,-0.01,2.41,3267.58,-1
2026-07-28,2026-07-28 14:32:00,1363.62,1363.62,1363.49,1363.49,-0.01,2.41,3267.58,-1
2026-07-28,2026-07-28 14:33:00,1363.49,1363.49,1363.36,1363.36,-0.01,2.41,3267.58,-1
2026-07-28,2026-07-28 14:34:00,1363.36,1363.36,1363.23,1363.23,-0.01,2.41,3267.58,-1
2026-07-28,2026-07-28 14:35:00,1363.23,1363.23,1363.1,1363.1,-0.01,2.41,3267.58,-1
2026-07-28,2026-07-28 14:36:00,1363.1,1363.1,1362.97,1362.97,-0.01,2.41,3267.58,-1
2026-07-28,2026-07-28 14:37:00,1362.97,1362.97,1362.84,1362.84,-0.01,2.41,3267.58,-1
2026-07-28,2026-07-28 14:38:00,1362.84,1362.84,1362.71,1362.71,-0.01,2.41,3267.58,-1
2026-07-28,2026-07-28 14:39:00,1362.71,1362.71,1362.58,1362.58,-0.01,2.41,3267.58,-1
2026-07-28,2026-07-28 14:40:00,1362.58,1362.58,1362.45,1362.45,-0.01,2.41,3267.58,-1
2026-07-28,2026-07-28 14:41:00,1362.45,1362.45,1362.33,1362.33,-0.01,2.41,3267.58,-1
2026-07-28,2026-07-28 14:42:00,1362.33,1362.33,1362.2,1362.2,-0.01,2.41,3267.58,-1
2026-07-28,2026-07-28 14:43:00,1362.2,1362.2,1362.07,1362.07,-0.01,2.41,3267.58,-1
2026-07-28,2026-07-28 14:44:00,1362.07,1362.07,1361.94,1361.94,-0.01,2.41,3267.58,-1
2026-07-28,2026-07-28 14:45:00,1361.94,1361.94,1361.81,1361.81,-0.01,2.41,3267.58,-1
2026-07-28,2026-07-28 14:46:00,1361.81,1361.81,1361.68,1361.68,-0.01,2.41,3267.58,-1
2026-07-28,2026-07-28 14:47:00,1361.68,1361.68,1361.55,1361.55,-0.01,2.41,3267.58,-1
2026-07-28,2026-07-28 14:48:00,1361.55,1361.55,1361.42,1361.42,-0.01,2.41,3267.58,-1
2026-07-28,2026-07-28 14:49:00,1361.42,1361.42,1361.29,1361.29,-0.01,2.41,3267.58,-1
2026-07-28,2026-07-28 14:50:00,1361.29,1361.29,1361.16,1361.16,-0.01,2.41,3267.58,-1
2026-07-28,2026-07-28 14:51:00,1361.16,1361.16,1361.03,1361.03,-0.01,2.41,3267.58,-1
2026-07-28,2026-07-28 14:52:00,1361.03,1361.03,1360.9,1360.9,-0.01,2.41,3267.58,-1
2026-07-28,2026-07-28 14:53:00,1360.9,1360.9,1360.78,1360.78,-0.01,2.41,3267.58,-1
2026-07-28,2026-07-28 14:54:00,1360.78,1360.78,1360.65,1360.65,-0.01,2.41,3267.58,-1
2026-07-28,2026-07-28 14:55:00,1360.65,1360.65,1360.52,1360.52,-0.01,2.41,3267.58,-1
2026-07-28,2026-07-28 14:56:00,1360.52,1360.52,1360.39,1360.39,-0.01,2.41,3267.58,-1
2026-07-28,2026-07-28 14:57:00,1360.39,1360.39,1360.26,1360.26,-0.01,2.41,3267.58,-1
2026-07-28,2026-07-28 14:58:00,1360.26,1360.26,1360.13,1360.13,-0.01,2.41,3267.58,-1
2026-07-28,2026-07-28 14:59:00,1360.13,1360.13,1360.0,1360.0,-0.01,2.41,3267.58,-1
2026-07-28,2026-07-28 15:00:00,1360.0,1393.0,1340.0,1360.0,0.0,2.41,3267.58,0
2026-07-29,2026-07-29 11:00:00,1360.0,1360.0,1350.1,1359.86,-0.01,2.76,3678.32,-1
2026-07-29,2026-07-29 11:01:00,1359.86,1359.86,1359.72,1359.72,-0.01,2.76,3678.32,-1
2026-07-29,2026-07-29 11:02:00,1359.72,1359.72,1359.59,1359.59,-0.01,2.76,3678.32,-1
2026-07-29,2026-07-29 11:03:00,1359.59,1359.59,1359.45,1359.45,-0.01,2.76,3678.32,-1
2026-07-29,2026-07-29 11:04:00,1359.45,1359.45,1359.31,1359.31,-0.01,2.76,3678.32,-1
2026-07-29,2026-07-29 11:05:00,1359.31,1359.31,1359.17,1359.17,-0.01,2.76,3678.32,-1
2026-07-29,2026-07-29 11:06:00,1359.17,1359.17,1359.04,1359.04,-0.01,2.76,3678.32,-1
2026-07-29,2026-07-29 11:07:00,1359.04,1359.04,1358.9,1358.9,-0.01,2.76,3678.32,-1
2026-07-29,2026-07-29 11:08:00,1358.9,1358.9,1358.76,1358.76,-0.01,2.76,3678.32,-1
2026-07-29,2026-07-29 11:09:00,1358.76,1358.76,1358.62,1358.62,-0.01,2.76,3678.32,-1
2026-07-29,2026-07-29 11:10:00,1358.62,1358.62,1358.49,1358.49,-0.01,2.76,3678.32,-1
2026-07-29,2026-07-29 11:11:00,1358.49,1358.49,1358.35,1358.35,-0.01,2.76,3678.32,-1
2026-07-29,2026-07-29 11:12:00,1358.35,1358.35,1358.21,1358.21,-0.01,2.76,3678.32,-1
2026-07-29,2026-07-29 11:13:00,1358.21,1358.21,1358.08,1358.08,-0.01,2.76,3678.32,-1
2026-07-29,2026-07-29 11:14:00,1358.08,1358.08,1357.94,1357.94,-0.01,2.76,3678.32,-1
2026-07-29,2026-07-29 11:15:00,1357.94,1357.94,1357.8,1357.8,-0.01,2.76,3678.32,-1
2026-07-29,2026-07-29 11:16:00,1357.8,1357.8,1357.66,1357.66,-0.01,2.76,3678.32,-1
2026-07-29,2026-07-29 11:17:00,1357.66,1357.66,1357.53,1357.53,-0.01,2.76,3678.32,-1
2026-07-29,2026-07-29 11:18:00,1357.53,1357.53,1357.39,1357.39,-0.01,2.76,3678.32,-1
2026-07-29,2026-07-29 11:19:00,1357.39,1357.39,1357.25,1357.25,-0.01,2.76,3678.32,-1
2026-07-29,2026-07-29 11:20:00,1357.25,1357.25,1357.11,1357.11,-0.01,2.76,3678.32,-1
2026-07-29,2026-07-29 11:21:00,1357.11,1357.11,1356.97,1356.97,-0.01,2.76,3678.32,-1
2026-07-29,2026-07-29 11:22:00,1356.97,1356.97,1356.84,1356.84,-0.01,2.76,3678.32,-1
2026-07-29,2026-07-29 11:23:00,1356.84,1356.84,1356.7,1356.7,-0.01,2.76,3678.32,-1
2026-07-29,2026-07-29 11:24:00,1356.7,1356.7,1356.56,1356.56,-0.01,2.76,3678.32,-1
2026-07-29,2026-07-29 11:25:00,1356.56,1356.56,1356.42,1356.42,-0.01,2.76,3678.32,-1
2026-07-29,2026-07-29 11:26:00,1356.42,1356.42,1356.29,1356.29,-0.01,2.76,3678.32,-1
2026-07-29,2026-07-29 11:27:00,1356.29,1356.29,1356.15,1356.15,-0.01,2.76,3678.32,-1
2026-07-29,2026-07-29 11:28:00,1356.15,1356.15,1356.01,1356.01,-0.01,2.76,3678.32,-1
2026-07-29,2026-07-29 11:29:00,1356.01,1356.01,1355.88,1355.88,-0.01,2.76,3678.32,-1
2026-07-29,2026-07-29 11:30:00,1355.88,1355.88,1355.74,1355.74,-0.01,2.76,3678.32,-1
2026-07-29,2026-07-29 11:31:00,1355.74,1355.74,1355.6,1355.6,-0.01,2.76,3678.32,-1
2026-07-29,2026-07-29 11:32:00,1355.6,1355.6,1355.46,1355.46,-0.01,2.76,3678.32,-1
2026-07-29,2026-07-29 11:33:00,1355.46,1355.46,1355.33,1355.33,-0.01,2.76,3678.32,-1
2026-07-29,2026-07-29 11:34:00,1355.33,1355.33,1355.19,1355.19,-0.01,2.76,3678.32,-1
2026-07-29,2026-07-29 11:35:00,1355.19,1355.19,1355.05,1355.05,-0.01,2.76,3678.32,-1
2026-07-29,2026-07-29 11:36:00,1355.05,1355.05,1354.91,1354.91,-0.01,2.76,3678.32,-1
2026-07-29,2026-07-29 11:37:00,1354.91,1354.91,1354.78,1354.78,-0.01,2.76,3678.32,-1
2026-07-29,2026-07-29 11:38:00,1354.78,1354.78,1354.64,1354.64,-0.01,2.76,3678.32,-1
2026-07-29,2026-07-29 11:39:00,1354.64,1354.64,1354.5,1354.5,-0.01,2.76,3678.32,-1
2026-07-29,2026-07-29 11:40:00,1354.5,1354.5,1354.36,1354.36,-0.01,2.76,3678.32,-1
2026-07-29,2026-07-29 11:41:00,1354.36,1354.36,1354.22,1354.22,-0.01,2.76,3678.32,-1
2026-07-29,2026-07-29 11:42:00,1354.22,1354.22,1354.09,1354.09,-0.01,2.76,3678.32,-1
2026-07-29,2026-07-29 11:43:00,1354.09,1354.09,1353.95,1353.95,-0.01,2.76,3678.32,-1
2026-07-29,2026-07-29 11:44:00,1353.95,1353.95,1353.81,1353.81,-0.01,2.76,3678.32,-1
2026-07-29,2026-07-29 11:45:00,1353.81,1353.81,1353.67,1353.67,-0.01,2.76,3678.32,-1
2026-07-29,2026-07-29 11:46:00,1353.67,1353.67,1353.54,1353.54,-0.01,2.76,3678.32,-1
2026-07-29,2026-07-29 11:47:00,1353.54,1353.54,1353.4,1353.4,-0.01,2.76,3678.32,-1
2026-07-29,2026-07-29 11:48:00,1353.4,1353.4,1353.26,1353.26,-0.01,2.76,3678.32,-1
2026-07-29,2026-07-29 11:49:00,1353.26,1353.26,1353.12,1353.12,-0.01,2.76,3678.32,-1
2026-07-29,2026-07-29 11:50:00,1353.12,1353.12,1352.99,1352.99,-0.01,2.76,3678.32,-1
2026-07-29,2026-07-29 11:51:00,1352.99,1352.99,1352.85,1352.85,-0.01,2.76,3678.32,-1
2026-07-29,2026-07-29 11:52:00,1352.85,1352.85,1352.71,1352.71,-0.01,2.76,3678.32,-1
2026-07-29,2026-07-29 11:53:00,1352.71,1352.71,1352.58,1352.58,-0.01,2.76,3678.32,-1
2026-07-29,2026-07-29 11:54:00,1352.58,1352.58,1352.44,1352.44,-0.01,2.76,3678.32,-1
2026-07-29,2026-07-29 11:55:00,1352.44,1352.44,1352.3,1352.3,-0.01,2.76,3678.32,-1
2026-07-29,2026-07-29 11:56:00,1352.3,1352.3,1352.16,1352.16,-0.01,2.76,3678.32,-1
2026-07-29,2026-07-29 11:57:00,1352.16,1352.16,1352.03,1352.03,-0.01,2.76,3678.32,-1
2026-07-29,2026-07-29 11:58:00,1352.03,1352.03,1351.89,1351.89,-0.01,2.76,3678.32,-1
2026-07-29,2026-07-29 11:59:00,1351.89,1351.89,1351.75,1351.75,-0.01,2.76,3678.32,-1
2026-07-29,2026-07-29 12:00:00,1351.75,1351.75,1351.61,1351.61,-0.01,2.76,3678.32,-1
2026-07-29,2026-07-29 12:01:00,1351.61,1351.61,1351.47,1351.47,-0.01,2.76,3678.32,-1
2026-07-29,2026-07-29 12:02:00,1351.47,1351.47,1351.34,1351.34,-0.01,2.76,3678.32,-1
2026-07-29,2026-07-29 12:03:00,1351.34,1351.34,1351.2,1351.2,-0.01,2.76,3678.32,-1
2026-07-29,2026-07-29 12:04:00,1351.2,1351.2,1351.06,1351.06,-0.01,2.76,3678.32,-1
2026-07-29,2026-07-29 12:05:00,1351.06,1351.06,1350.92,1350.92,-0.01,2.76,3678.32,-1
2026-07-29,2026-07-29 12:06:00,1350.92,1350.92,1350.79,1350.79,-0.01,2.76,3678.32,-1
2026-07-29,2026-07-29 12:07:00,1350.79,1350.79,1350.65,1350.65,-0.01,2.76,3678.32,-1
2026-07-29,2026-07-29 12:08:00,1350.65,1350.65,1350.51,1350.51,-0.01,2.76,3678.32,-1
2026-07-29,2026-07-29 12:09:00,1350.51,1350.51,1350.38,1350.38,-0.01,2.76,3678.32,-1
2026-07-29,2026-07-29 12:10:00,1350.38,1350.38,1350.24,1350.24,-0.01,2.76,3678.32,-1
2026-07-29,2026-07-29 12:11:00,1350.24,1350.24,1350.1,1350.1,-0.01,2.76,3678.32,-1
2026-07-29,2026-07-29 12:12:00,1350.1,1350.1,1349.96,1349.96,-0.01,2.76,3678.32,-1
2026-07-29,2026-07-29 12:13:00,1349.96,1349.96,1349.83,1349.83,-0.01,2.76,3678.32,-1
2026-07-29,2026-07-29 12:14:00,1349.83,1349.83,1349.69,1349.69,-0.01,2.76,3678.32,-1
2026-07-29,2026-07-29 12:15:00,1349.69,1349.69,1349.55,1349.55,-0.01,2.76,3678.32,-1
2026-07-29,2026-07-29 12:16:00,1349.55,1349.55,1349.41,1349.41,-0.01,2.76,3678.32,-1
2026-07-29,2026-07-29 12:17:00,1349.41,1349.41,1349.28,1349.28,-0.01,2.76,3678.32,-1
2026-07-29,2026-07-29 12:18:00,1349.28,1349.28,1349.14,1349.14,-0.01,2.76,3678.32,-1
2026-07-29,2026-07-29 12:19:00,1349.14,1349.14,1349.0,1349.0,-0.01,2.76,3678.32,-1
2026-07-29,2026-07-29 12:20:00,1349.0,1349.0,1348.86,1348.86,-0.01,2.76,3678.32,-1
2026-07-29,2026-07-29 12:21:00,1348.86,1348.86,1348.72,1348.72,-0.01,2.76,3678.32,-1
2026-07-29,2026-07-29 12:22:00,1348.72,1348.72,1348.59,1348.59,-0.01,2.76,3678.32,-1
2026-07-29,2026-07-29 12:23:00,1348.59,1348.59,1348.45,1348.45,-0.01,2.76,3678.32,-1
2026-07-29,2026-07-29 12:24:00,1348.45,1348.45,1348.31,1348.31,-0.01,2.76,3678.32,-1
2026-07-29,2026-07-29 12:25:00,1348.31,1348.31,1348.17,1348.17,-0.01,2.76,3678.32,-1
2026-07-29,2026-07-29 12:26:00,1348.17,1348.17,1348.04,1348.04,-0.01,2.76,3678.32,-1
2026-07-29,2026-07-29 12:27:00,1348.04,1348.04,1347.9,1347.9,-0.01,2.76,3678.32,-1
2026-07-29,2026-07-29 12:28:00,1347.9,1347.9,1347.76,1347.76,-0.01,2.76,3678.32,-1
2026-07-29,2026-07-29 12:29:00,1347.76,1347.76,1347.62,1347.62,-0.01,2.76,3678.32,-1
2026-07-29,2026-07-29 12:30:00,1347.62,1347.62,1347.49,1347.49,-0.01,2.76,3678.32,-1
2026-07-29,2026-07-29 12:31:00,1347.49,1347.49,1347.35,1347.35,-0.01,2.76,3678.32,-1
2026-07-29,2026-07-29 12:32:00,1347.35,1347.35,1347.21,1347.21,-0.01,2.76,3678.32,-1
2026-07-29,2026-07-29 12:33:00,1347.21,1347.21,1347.08,1347.08,-0.01,2.76,3678.32,-1
2026-07-29,2026-07-29 12:34:00,1347.08,1347.08,1346.94,1346.94,-0.01,2.76,3678.32,-1
2026-07-29,2026-07-29 12:35:00,1346.94,1346.94,1346.8,1346.8,-0.01,2.76,3678.32,-1
2026-07-29,2026-07-29 12:36:00,1346.8,1346.8,1346.66,1346.66,-0.01,2.76,3678.32,-1
2026-07-29,2026-07-29 12:37:00,1346.66,1346.66,1346.53,1346.53,-0.01,2.76,3678.32,-1
2026-07-29,2026-07-29 12:38:00,1346.53,1346.53,1346.39,1346.39,-0.01,2.76,3678.32,-1
2026-07-29,2026-07-29 12:39:00,1346.39,1346.39,1346.25,1346.25,-0.01,2.76,3678.32,-1
2026-07-29,2026-07-29 12:40:00,1346.25,1346.25,1346.11,1346.11,-0.01,2.76,3678.32,-1
2026-07-29,2026-07-29 12:41:00,1346.11,1346.11,1345.97,1345.97,-0.01,2.76,3678.32,-1
2026-07-29,2026-07-29 12:42:00,1345.97,1345.97,1345.84,1345.84,-0.01,2.76,3678.32,-1
2026-07-29,2026-07-29 12:43:00,1345.84,1345.84,1345.7,1345.7,-0.01,2.76,3678.32,-1
2026-07-29,2026-07-29 12:44:00,1345.7,1345.7,1345.56,1345.56,-0.01,2.76,3678.32,-1
2026-07-29,2026-07-29 12:45:00,1345.56,1345.56,1345.42,1345.42,-0.01,2.76,3678.32,-1
2026-07-29,2026-07-29 12:46:00,1345.42,1345.42,1345.29,1345.29,-0.01,2.76,3678.32,-1
2026-07-29,2026-07-29 12:47:00,1345.29,1345.29,1345.15,1345.15,-0.01,2.76,3678.32,-1
2026-07-29,2026-07-29 12:48:00,1345.15,1345.15,1345.01,1345.01,-0.01,2.76,3678.32,-1
2026-07-29,2026-07-29 12:49:00,1345.01,1345.01,1344.88,1344.88,-0.01,2.76,3678.32,-1
2026-07-29,2026-07-29 12:50:00,1344.88,1344.88,1344.74,1344.74,-0.01,2.76,3678.32,-1
2026-07-29,2026-07-29 12:51:00,1344.74,1344.74,1344.6,1344.6,-0.01,2.76,3678.32,-1
2026-07-29,2026-07-29 12:52:00,1344.6,1344.6,1344.46,1344.46,-0.01,2.76,3678.32,-1
2026-07-29,2026-07-29 12:53:00,1344.46,1344.46,1344.33,1344.33,-0.01,2.76,3678.32,-1
2026-07-29,2026-07-29 12:54:00,1344.33,1344.33,1344.19,1344.19,-0.01,2.76,3678.32,-1
2026-07-29,2026-07-29 12:55:00,1344.19,1344.19,1344.05,1344.05,-0.01,2.76,3678.32,-1
2026-07-29,2026-07-29 12:56:00,1344.05,1344.05,1343.91,1343.91,-0.01,2.76,3678.32,-1
2026-07-29,2026-07-29 12:57:00,1343.91,1343.91,1343.78,1343.78,-0.01,2.76,3678.32,-1
2026-07-29,2026-07-29 12:58:00,1343.78,1343.78,1343.64,1343.64,-0.01,2.76,3678.32,-1
2026-07-29,2026-07-29 12:59:00,1343.64,1343.64,1343.5,1343.5,-0.01,2.76,3678.32,-1
2026-07-29,2026-07-29 13:00:00,1343.5,1360.0,1327.0,1343.36,-0.01,2.76,3678.32,-1
2026-07-29,2026-07-29 13:01:00,1343.36,1343.36,1343.22,1343.22,-0.01,2.76,3678.32,-1
2026-07-29,2026-07-29 13:02:00,1343.22,1343.22,1343.09,1343.09,-0.01,2.76,3678.32,-1
2026-07-29,2026-07-29 13:03:00,1343.09,1343.09,1342.95,1342.95,-0.01,2.76,3678.32,-1
2026-07-29,2026-07-29 13:04:00,1342.95,1342.95,1342.81,1342.81,-0.01,2.76,3678.32,-1
2026-07-29,2026-07-29 13:05:00,1342.81,1342.81,1342.67,1342.67,-0.01,2.76,3678.32,-1
2026-07-29,2026-07-29 13:06:00,1342.67,1342.67,1342.54,1342.54,-0.01,2.76,3678.32,-1
2026-07-29,2026-07-29 13:07:00,1342.54,1342.54,1342.4,1342.4,-0.01,2.76,3678.32,-1
2026-07-29,2026-07-29 13:08:00,1342.4,1342.4,1342.26,1342.26,-0.01,2.76,3678.32,-1
2026-07-29,2026-07-29 13:09:00,1342.26,1342.26,1342.12,1342.12,-0.01,2.76,3678.32,-1
2026-07-29,2026-07-29 13:10:00,1342.12,1342.12,1341.99,1341.99,-0.01,2.76,3678.32,-1
2026-07-29,2026-07-29 13:11:00,1341.99,1341.99,1341.85,1341.85,-0.01,2.76,3678.32,-1
2026-07-29,2026-07-29 13:12:00,1341.85,1341.85,1341.71,1341.71,-0.01,2.76,3678.32,-1
2026-07-29,2026-07-29 13:13:00,1341.71,1341.71,1341.58,1341.58,-0.01,2.76,3678.32,-1
2026-07-29,2026-07-29 13:14:00,1341.58,1341.58,1341.44,1341.44,-0.01,2.76,3678.32,-1
2026-07-29,2026-07-29 13:15:00,1341.44,1341.44,1341.3,1341.3,-0.01,2.76,3678.32,-1
2026-07-29,2026-07-29 13:16:00,1341.3,1341.3,1341.16,1341.16,-0.01,2.76,3678.32,-1
2026-07-29,2026-07-29 13:17:00,1341.16,1341.16,1341.03,1341.03,-0.01,2.76,3678.32,-1
2026-07-29,2026-07-29 13:18:00,1341.03,1341.03,1340.89,1340.89,-0.01,2.76,3678.32,-1
2026-07-29,2026-07-29 13:19:00,1340.89,1340.89,1340.75,1340.75,-0.01,2.76,3678.32,-1
2026-07-29,2026-07-29 13:20:00,1340.75,1340.75,1340.61,1340.61,-0.01,2.76,3678.32,-1
2026-07-29,2026-07-29 13:21:00,1340.61,1340.61,1340.47,1340.47,-0.01,2.76,3678.32,-1
2026-07-29,2026-07-29 13:22:00,1340.47,1340.47,1340.34,1340.34,-0.01,2.76,3678.32,-1
2026-07-29,2026-07-29 13:23:00,1340.34,1340.34,1340.2,1340.2,-0.01,2.76,3678.32,-1
2026-07-29,2026-07-29 13:24:00,1340.2,1340.2,1340.06,1340.06,-0.01,2.76,3678.32,-1
2026-07-29,2026-07-29 13:25:00,1340.06,1340.06,1339.92,1339.92,-0.01,2.76,3678.32,-1
2026-07-29,2026-07-29 13:26:00,1339.92,1339.92,1339.79,1339.79,-0.01,2.76,3678.32,-1
2026-07-29,2026-07-29 13:27:00,1339.79,1339.79,1339.65,1339.65,-0.01,2.76,3678.32,-1
2026-07-29,2026-07-29 13:28:00,1339.65,1339.65,1339.51,1339.51,-0.01,2.76,3678.32,-1
2026-07-29,2026-07-29 13:29:00,1339.51,1339.51,1339.38,1339.38,-0.01,2.76,3678.32,-1
2026-07-29,2026-07-29 13:30:00,1339.38,1339.38,1339.24,1339.24,-0.01,2.76,3678.32,-1
2026-07-29,2026-07-29 13:31:00,1339.24,1339.24,1339.1,1339.1,-0.01,2.76,3678.32,-1
2026-07-29,2026-07-29 13:32:00,1339.1,1339.1,1338.96,1338.96,-0.01,2.76,3678.32,-1
2026-07-29,2026-07-29 13:33:00,1338.96,1338.96,1338.83,1338.83,-0.01,2.76,3678.32,-1
2026-07-29,2026-07-29 13:34:00,1338.83,1338.83,1338.69,1338.69,-0.01,2.76,3678.32,-1
2026-07-29,2026-07-29 13:35:00,1338.69,1338.69,1338.55,1338.55,-0.01,2.76,3678.32,-1
2026-07-29,2026-07-29 13:36:00,1338.55,1338.55,1338.41,1338.41,-0.01,2.76,3678.32,-1
2026-07-29,2026-07-29 13:37:00,1338.41,1338.41,1338.28,1338.28,-0.01,2.76,3678.32,-1
2026-07-29,2026-07-29 13:38:00,1338.28,1338.28,1338.14,1338.14,-0.01,2.76,3678.32,-1
2026-07-29,2026-07-29 13:39:00,1338.14,1338.14,1338.0,1338.0,-0.01,2.76,3678.32,-1
2026-07-29,2026-07-29 13:40:00,1338.0,1338.0,1337.86,1337.86,-0.01,2.76,3678.32,-1
2026-07-29,2026-07-29 13:41:00,1337.86,1337.86,1337.72,1337.72,-0.01,2.76,3678.32,-1
2026-07-29,2026-07-29 13:42:00,1337.72,1337.72,1337.59,1337.59,-0.01,2.76,3678.32,-1
2026-07-29,2026-07-29 13:43:00,1337.59,1337.59,1337.45,1337.45,-0.01,2.76,3678.32,-1
2026-07-29,2026-07-29 13:44:00,1337.45,1337.45,1337.31,1337.31,-0.01,2.76,3678.32,-1
2026-07-29,2026-07-29 13:45:00,1337.31,1337.31,1337.17,1337.17,-0.01,2.76,3678.32,-1
2026-07-29,2026-07-29 13:46:00,1337.17,1337.17,1337.04,1337.04,-0.01,2.76,3678.32,-1
2026-07-29,2026-07-29 13:47:00,1337.04,1337.04,1336.9,1336.9,-0.01,2.76,3678.32,-1
2026-07-29,2026-07-29 13:48:00,1336.9,1336.9,1336.76,1336.76,-0.01,2.76,3678.32,-1
2026-07-29,2026-07-29 13:49:00,1336.76,1336.76,1336.62,1336.62,-0.01,2.76,3678.32,-1
2026-07-29,2026-07-29 13:50:00,1336.62,1336.62,1336.49,1336.49,-0.01,2.76,3678.32,-1
2026-07-29,2026-07-29 13:51:00,1336.49,1336.49,1336.35,1336.35,-0.01,2.76,3678.32,-1
2026-07-29,2026-07-29 13:52:00,1336.35,1336.35,1336.21,1336.21,-0.01,2.76,3678.32,-1
2026-07-29,2026-07-29 13:53:00,1336.21,1336.21,1336.08,1336.08,-0.01,2.76,3678.32,-1
2026-07-29,2026-07-29 13:54:00,1336.08,1336.08,1335.94,1335.94,-0.01,2.76,3678.32,-1
2026-07-29,2026-07-29 13:55:00,1335.94,1335.94,1335.8,1335.8,-0.01,2.76,3678.32,-1
2026-07-29,2026-07-29 13:56:00,1335.8,1335.8,1335.66,1335.66,-0.01,2.76,3678.32,-1
2026-07-29,2026-07-29 13:57:00,1335.66,1335.66,1335.53,1335.53,-0.01,2.76,3678.32,-1
2026-07-29,2026-07-29 13:58:00,1335.53,1335.53,1335.39,1335.39,-0.01,2.76,3678.32,-1
2026-07-29,2026-07-29 13:59:00,1335.39,1335.39,1335.25,1335.25,-0.01,2.76,3678.32,-1
2026-07-29,2026-07-29 14:00:00,1335.25,1335.25,1335.11,1335.11,-0.01,2.76,3678.32,-1
2026-07-29,2026-07-29 14:01:00,1335.11,1335.11,1334.97,1334.97,-0.01,2.76,3678.32,-1
2026-07-29,2026-07-29 14:02:00,1334.97,1334.97,1334.84,1334.84,-0.01,2.76,3678.32,-1
2026-07-29,2026-07-29 14:03:00,1334.84,1334.84,1334.7,1334.7,-0.01,2.76,3678.32,-1
2026-07-29,2026-07-29 14:04:00,1334.7,1334.7,1334.56,1334.56,-0.01,2.76,3678.32,-1
2026-07-29,2026-07-29 14:05:00,1334.56,1334.56,1334.42,1334.42,-0.01,2.76,3678.32,-1
2026-07-29,2026-07-29 14:06:00,1334.42,1334.42,1334.29,1334.29,-0.01,2.76,3678.32,-1
2026-07-29,2026-07-29 14:07:00,1334.29,1334.29,1334.15,1334.15,-0.01,2.76,3678.32,-1
2026-07-29,2026-07-29 14:08:00,1334.15,1334.15,1334.01,1334.01,-0.01,2.76,3678.32,-1
2026-07-29,2026-07-29 14:09:00,1334.01,1334.01,1333.88,1333.88,-0.01,2.76,3678.32,-1
2026-07-29,2026-07-29 14:10:00,1333.88,1333.88,1333.74,1333.74,-0.01,2.76,3678.32,-1
2026-07-29,2026-07-29 14:11:00,1333.74,1333.74,1333.6,1333.6,-0.01,2.76,3678.32,-1
2026-07-29,2026-07-29 14:12:00,1333.6,1333.6,1333.46,1333.46,-0.01,2.76,3678.32,-1
2026-07-29,2026-07-29 14:13:00,1333.46,1333.46,1333.33,1333.33,-0.01,2.76,3678.32,-1
2026-07-29,2026-07-29 14:14:00,1333.33,1333.33,1333.19,1333.19,-0.01,2.76,3678.32,-1
2026-07-29,2026-07-29 14:15:00,1333.19,1333.19,1333.05,1333.05,-0.01,2.76,3678.32,-1
2026-07-29,2026-07-29 14:16:00,1333.05,1333.05,1332.91,1332.91,-0.01,2.76,3678.32,-1
2026-07-29,2026-07-29 14:17:00,1332.91,1332.91,1332.78,1332.78,-0.01,2.76,3678.32,-1
2026-07-29,2026-07-29 14:18:00,1332.78,1332.78,1332.64,1332.64,-0.01,2.76,3678.32,-1
2026-07-29,2026-07-29 14:19:00,1332.64,1332.64,1332.5,1332.5,-0.01,2.76,3678.32,-1
2026-07-29,2026-07-29 14:20:00,1332.5,1332.5,1332.36,1332.36,-0.01,2.76,3678.32,-1
2026-07-29,2026-07-29 14:21:00,1332.36,1332.36,1332.22,1332.22,-0.01,2.76,3678.32,-1
2026-07-29,2026-07-29 14:22:00,1332.22,1332.22,1332.09,1332.09,-0.01,2.76,3678.32,-1
2026-07-29,2026-07-29 14:23:00,1332.09,1332.09,1331.95,1331.95,-0.01,2.76,3678.32,-1
2026-07-29,2026-07-29 14:24:00,1331.95,1331.95,1331.81,1331.81,-0.01,2.76,3678.32,-1
2026-07-29,2026-07-29 14:25:00,1331.81,1331.81,1331.67,1331.67,-0.01,2.76,3678.32,-1
2026-07-29,2026-07-29 14:26:00,1331.67,1331.67,1331.54,1331.54,-0.01,2.76,3678.32,-1
2026-07-29,2026-07-29 14:27:00,1331.54,1331.54,1331.4,1331.4,-0.01,2.76,3678.32,-1
2026-07-29,2026-07-29 14:28:00,1331.4,1331.4,1331.26,1331.26,-0.01,2.76,3678.32,-1
2026-07-29,2026-07-29 14:29:00,1331.26,1331.26,1331.12,1331.12,-0.01,2.76,3678.32,-1
2026-07-29,2026-07-29 14:30:00,1331.12,1331.12,1330.99,1330.99,-0.01,2.76,3678.32,-1
2026-07-29,2026-07-29 14:31:00,1330.99,1330.99,1330.85,1330.85,-0.01,2.76,3678.32,-1
2026-07-29,2026-07-29 14:32:00,1330.85,1330.85,1330.71,1330.71,-0.01,2.76,3678.32,-1
2026-07-29,2026-07-29 14:33:00,1330.71,1330.71,1330.58,1330.58,-0.01,2.76,3678.32,-1
2026-07-29,2026-07-29 14:34:00,1330.58,1330.58,1330.44,1330.44,-0.01,2.76,3678.32,-1
2026-07-29,2026-07-29 14:35:00,1330.44,1330.44,1330.3,1330.3,-0.01,2.76,3678.32,-1
2026-07-29,2026-07-29 14:36:00,1330.3,1330.3,1330.16,1330.16,-0.01,2.76,3678.32,-1
2026-07-29,2026-07-29 14:37:00,1330.16,1330.16,1330.03,1330.03,-0.01,2.76,3678.32,-1
2026-07-29,2026-07-29 14:38:00,1330.03,1330.03,1329.89,1329.89,-0.01,2.76,3678.32,-1
2026-07-29,2026-07-29 14:39:00,1329.89,1329.89,1329.75,1329.75,-0.01,2.76,3678.32,-1
2026-07-29,2026-07-29 14:40:00,1329.75,1329.75,1329.61,1329.61,-0.01,2.76,3678.32,-1
2026-07-29,2026-07-29 14:41:00,1329.61,1329.61,1329.47,1329.47,-0.01,2.76,3678.32,-1
2026-07-29,2026-07-29 14:42:00,1329.47,1329.47,1329.34,1329.34,-0.01,2.76,3678.32,-1
2026-07-29,2026-07-29 14:43:00,1329.34,1329.34,1329.2,1329.2,-0.01,2.76,3678.32,-1
2026-07-29,2026-07-29 14:44:00,1329.2,1329.2,1329.06,1329.06,-0.01,2.76,3678.32,-1
2026-07-29,2026-07-29 14:45:00,1329.06,1329.06,1328.92,1328.92,-0.01,2.76,3678.32,-1
2026-07-29,2026-07-29 14:46:00,1328.92,1328.92,1328.79,1328.79,-0.01,2.76,3678.32,-1
2026-07-29,2026-07-29 14:47:00,1328.79,1328.79,1328.65,1328.65,-0.01,2.76,3678.32,-1
2026-07-29,2026-07-29 14:48:00,1328.65,1328.65,1328.51,1328.51,-0.01,2.76,3678.32,-1
2026-07-29,2026-07-29 14:49:00,1328.51,1328.51,1328.38,1328.38,-0.01,2.76,3678.32,-1
2026-07-29,2026-07-29 14:50:00,1328.38,1328.38,1328.24,1328.24,-0.01,2.76,3678.32,-1
2026-07-29,2026-07-29 14:51:00,1328.24,1328.24,1328.1,1328.1,-0.01,2.76,3678.32,-1
2026-07-29,2026-07-29 14:52:00,1328.1,1328.1,1327.96,1327.96,-0.01,2.76,3678.32,-1
2026-07-29,2026-07-29 14:53:00,1327.96,1327.96,1327.83,1327.83,-0.01,2.76,3678.32,-1
2026-07-29,2026-07-29 14:54:00,1327.83,1327.83,1327.69,1327.69,-0.01,2.76,3678.32,-1
2026-07-29,2026-07-29 14:55:00,1327.69,1327.69,1327.55,1327.55,-0.01,2.76,3678.32,-1
2026-07-29,2026-07-29 14:56:00,1327.55,1327.55,1327.41,1327.41,-0.01,2.76,3678.32,-1
2026-07-29,2026-07-29 14:57:00,1327.41,1327.41,1327.28,1327.28,-0.01,2.76,3678.32,-1
2026-07-29,2026-07-29 14:58:00,1327.28,1327.28,1327.14,1327.14,-0.01,2.76,3678.32,-1
2026-07-29,2026-07-29 14:59:00,1327.14,1327.14,1327.0,1327.0,-0.01,2.76,3678.32,-1
2026-07-29,2026-07-29 15:00:00,1327.0,1360.0,1327.0,1327.0,0.0,2.76,3678.32,0
2026-07-30,2026-07-30 11:00:00,1340.0,1340.0,1328.0,1339.83,-0.01,4.38,5779.42,-1
2026-07-30,2026-07-30 11:01:00,1339.83,1339.83,1339.67,1339.67,-0.01,4.38,5779.42,-1
2026-07-30,2026-07-30 11:02:00,1339.67,1339.67,1339.5,1339.5,-0.01,4.38,5779.42,-1
2026-07-30,2026-07-30 11:03:00,1339.5,1339.5,1339.33,1339.33,-0.01,4.38,5779.42,-1
2026-07-30,2026-07-30 11:04:00,1339.33,1339.33,1339.17,1339.17,-0.01,4.38,5779.42,-1
2026-07-30,2026-07-30 11:05:00,1339.17,1339.17,1339.0,1339.0,-0.01,4.38,5779.42,-1
2026-07-30,2026-07-30 11:06:00,1339.0,1339.0,1338.83,1338.83,-0.01,4.38,5779.42,-1
2026-07-30,2026-07-30 11:07:00,1338.83,1338.83,1338.67,1338.67,-0.01,4.38,5779.42,-1
2026-07-30,2026-07-30 11:08:00,1338.67,1338.67,1338.5,1338.5,-0.01,4.38,5779.42,-1
2026-07-30,2026-07-30 11:09:00,1338.5,1338.5,1338.33,1338.33,-0.01,4.38,5779.42,-1
2026-07-30,2026-07-30 11:10:00,1338.33,1338.33,1338.17,1338.17,-0.01,4.38,5779.42,-1
2026-07-30,2026-07-30 11:11:00,1338.17,1338.17,1338.0,1338.0,-0.01,4.38,5779.42,-1
2026-07-30,2026-07-30 11:12:00,1338.0,1338.0,1337.83,1337.83,-0.01,4.38,5779.42,-1
2026-07-30,2026-07-30 11:13:00,1337.83,1337.83,1337.67,1337.67,-0.01,4.38,5779.42,-1
2026-07-30,2026-07-30 11:14:00,1337.67,1337.67,1337.5,1337.5,-0.01,4.38,5779.42,-1
2026-07-30,2026-07-30 11:15:00,1337.5,1337.5,1337.33,1337.33,-0.01,4.38,5779.42,-1
2026-07-30,2026-07-30 11:16:00,1337.33,1337.33,1337.17,1337.17,-0.01,4.38,5779.42,-1
2026-07-30,2026-07-30 11:17:00,1337.17,1337.17,1337.0,1337.0,-0.01,4.38,5779.42,-1
2026-07-30,2026-07-30 11:18:00,1337.0,1337.0,1336.83,1336.83,-0.01,4.38,5779.42,-1
2026-07-30,2026-07-30 11:19:00,1336.83,1336.83,1336.67,1336.67,-0.01,4.38,5779.42,-1
2026-07-30,2026-07-30 11:20:00,1336.67,1336.67,1336.5,1336.5,-0.01,4.38,5779.42,-1
2026-07-30,2026-07-30 11:21:00,1336.5,1336.5,1336.33,1336.33,-0.01,4.38,5779.42,-1
2026-07-30,2026-07-30 11:22:00,1336.33,1336.33,1336.17,1336.17,-0.01,4.38,5779.42,-1
2026-07-30,2026-07-30 11:23:00,1336.17,1336.17,1336.0,1336.0,-0.01,4.38,5779.42,-1
2026-07-30,2026-07-30 11:24:00,1336.0,1336.0,1335.83,1335.83,-0.01,4.38,5779.42,-1
2026-07-30,2026-07-30 11:25:00,1335.83,1335.83,1335.67,1335.67,-0.01,4.38,5779.42,-1
2026-07-30,2026-07-30 11:26:00,1335.67,1335.67,1335.5,1335.5,-0.01,4.38,5779.42,-1
2026-07-30,2026-07-30 11:27:00,1335.5,1335.5,1335.33,1335.33,-0.01,4.38,5779.42,-1
2026-07-30,2026-07-30 11:28:00,1335.33,1335.33,1335.17,1335.17,-0.01,4.38,5779.42,-1
2026-07-30,2026-07-30 11:29:00,1335.17,1335.17,1335.0,1335.0,-0.01,4.38,5779.42,-1
2026-07-30,2026-07-30 11:30:00,1335.0,1335.0,1334.83,1334.83,-0.01,4.38,5779.42,-1
2026-07-30,2026-07-30 11:31:00,1334.83,1334.83,1334.67,1334.67,-0.01,4.38,5779.42,-1
2026-07-30,2026-07-30 11:32:00,1334.67,1334.67,1334.5,1334.5,-0.01,4.38,5779.42,-1
2026-07-30,2026-07-30 11:33:00,1334.5,1334.5,1334.33,1334.33,-0.01,4.38,5779.42,-1
2026-07-30,2026-07-30 11:34:00,1334.33,1334.33,1334.17,1334.17,-0.01,4.38,5779.42,-1
2026-07-30,2026-07-30 11:35:00,1334.17,1334.17,1334.0,1334.0,-0.01,4.38,5779.42,-1
2026-07-30,2026-07-30 11:36:00,1334.0,1334.0,1333.83,1333.83,-0.01,4.38,5779.42,-1
2026-07-30,2026-07-30 11:37:00,1333.83,1333.83,1333.67,1333.67,-0.01,4.38,5779.42,-1
2026-07-30,2026-07-30 11:38:00,1333.67,1333.67,1333.5,1333.5,-0.01,4.38,5779.42,-1
2026-07-30,2026-07-30 11:39:00,1333.5,1333.5,1333.33,1333.33,-0.01,4.38,5779.42,-1
2026-07-30,2026-07-30 11:40:00,1333.33,1333.33,1333.17,1333.17,-0.01,4.38,5779.42,-1
2026-07-30,2026-07-30 11:41:00,1333.17,1333.17,1333.0,1333.0,-0.01,4.38,5779.42,-1
2026-07-30,2026-07-30 11:42:00,1333.0,1333.0,1332.83,1332.83,-0.01,4.38,5779.42,-1
2026-07-30,2026-07-30 11:43:00,1332.83,1332.83,1332.67,1332.67,-0.01,4.38,5779.42,-1
2026-07-30,2026-07-30 11:44:00,1332.67,1332.67,1332.5,1332.5,-0.01,4.38,5779.42,-1
2026-07-30,2026-07-30 11:45:00,1332.5,1332.5,1332.33,1332.33,-0.01,4.38,5779.42,-1
2026-07-30,2026-07-30 11:46:00,1332.33,1332.33,1332.17,1332.17,-0.01,4.38,5779.42,-1
2026-07-30,2026-07-30 11:47:00,1332.17,1332.17,1332.0,1332.0,-0.01,4.38,5779.42,-1
2026-07-30,2026-07-30 11:48:00,1332.0,1332.0,1331.83,1331.83,-0.01,4.38,5779.42,-1
2026-07-30,2026-07-30 11:49:00,1331.83,1331.83,1331.67,1331.67,-0.01,4.38,5779.42,-1
2026-07-30,2026-07-30 11:50:00,1331.67,1331.67,1331.5,1331.5,-0.01,4.38,5779.42,-1
2026-07-30,2026-07-30 11:51:00,1331.5,1331.5,1331.33,1331.33,-0.01,4.38,5779.42,-1
2026-07-30,2026-07-30 11:52:00,1331.33,1331.33,1331.17,1331.17,-0.01,4.38,5779.42,-1
2026-07-30,2026-07-30 11:53:00,1331.17,1331.17,1331.0,1331.0,-0.01,4.38,5779.42,-1
2026-07-30,2026-07-30 11:54:00,1331.0,1331.0,1330.83,1330.83,-0.01,4.38,5779.42,-1
2026-07-30,2026-07-30 11:55:00,1330.83,1330.83,1330.67,1330.67,-0.01,4.38,5779.42,-1
2026-07-30,2026-07-30 11:56:00,1330.67,1330.67,1330.5,1330.5,-0.01,4.38,5779.42,-1
2026-07-30,2026-07-30 11:57:00,1330.5,1330.5,1330.33,1330.33,-0.01,4.38,5779.42,-1
2026-07-30,2026-07-30 11:58:00,1330.33,1330.33,1330.17,1330.17,-0.01,4.38,5779.42,-1
2026-07-30,2026-07-30 11:59:00,1330.17,1330.17,1330.0,1330.0,-0.01,4.38,5779.42,-1
2026-07-30,2026-07-30 12:00:00,1330.0,1330.0,1329.83,1329.83,-0.01,4.38,5779.42,-1
2026-07-30,2026-07-30 12:01:00,1329.83,1329.83,1329.67,1329.67,-0.01,4.38,5779.42,-1
2026-07-30,2026-07-30 12:02:00,1329.67,1329.67,1329.5,1329.5,-0.01,4.38,5779.42,-1
2026-07-30,2026-07-30 12:03:00,1329.5,1329.5,1329.33,1329.33,-0.01,4.38,5779.42,-1
2026-07-30,2026-07-30 12:04:00,1329.33,1329.33,1329.17,1329.17,-0.01,4.38,5779.42,-1
2026-07-30,2026-07-30 12:05:00,1329.17,1329.17,1329.0,1329.0,-0.01,4.38,5779.42,-1
2026-07-30,2026-07-30 12:06:00,1329.0,1329.0,1328.83,1328.83,-0.01,4.38,5779.42,-1
2026-07-30,2026-07-30 12:07:00,1328.83,1328.83,1328.67,1328.67,-0.01,4.38,5779.42,-1
2026-07-30,2026-07-30 12:08:00,1328.67,1328.67,1328.5,1328.5,-0.01,4.38,5779.42,-1
2026-07-30,2026-07-30 12:09:00,1328.5,1328.5,1328.33,1328.33,-0.01,4.38,5779.42,-1
2026-07-30,2026-07-30 12:10:00,1328.33,1328.33,1328.17,1328.17,-0.01,4.38,5779.42,-1
2026-07-30,2026-07-30 12:11:00,1328.17,1328.17,1328.0,1328.0,-0.01,4.38,5779.42,-1
2026-07-30,2026-07-30 12:12:00,1328.0,1328.0,1327.83,1327.83,-0.01,4.38,5779.42,-1
2026-07-30,2026-07-30 12:13:00,1327.83,1327.83,1327.67,1327.67,-0.01,4.38,5779.42,-1
2026-07-30,2026-07-30 12:14:00,1327.67,1327.67,1327.5,1327.5,-0.01,4.38,5779.42,-1
2026-07-30,2026-07-30 12:15:00,1327.5,1327.5,1327.33,1327.33,-0.01,4.38,5779.42,-1
2026-07-30,2026-07-30 12:16:00,1327.33,1327.33,1327.17,1327.17,-0.01,4.38,5779.42,-1
2026-07-30,2026-07-30 12:17:00,1327.17,1327.17,1327.0,1327.0,-0.01,4.38,5779.42,-1
2026-07-30,2026-07-30 12:18:00,1327.0,1327.0,1326.83,1326.83,-0.01,4.38,5779.42,-1
2026-07-30,2026-07-30 12:19:00,1326.83,1326.83,1326.67,1326.67,-0.01,4.38,5779.42,-1
2026-07-30,2026-07-30 12:20:00,1326.67,1326.67,1326.5,1326.5,-0.01,4.38,5779.42,-1
2026-07-30,2026-07-30 12:21:00,1326.5,1326.5,1326.33,1326.33,-0.01,4.38,5779.42,-1
2026-07-30,2026-07-30 12:22:00,1326.33,1326.33,1326.17,1326.17,-0.01,4.38,5779.42,-1
2026-07-30,2026-07-30 12:23:00,1326.17,1326.17,1326.0,1326.0,-0.01,4.38,5779.42,-1
2026-07-30,2026-07-30 12:24:00,1326.0,1326.0,1325.83,1325.83,-0.01,4.38,5779.42,-1
2026-07-30,2026-07-30 12:25:00,1325.83,1325.83,1325.67,1325.67,-0.01,4.38,5779.42,-1
2026-07-30,2026-07-30 12:26:00,1325.67,1325.67,1325.5,1325.5,-0.01,4.38,5779.42,-1
2026-07-30,2026-07-30 12:27:00,1325.5,1325.5,1325.33,1325.33,-0.01,4.38,5779.42,-1
2026-07-30,2026-07-30 12:28:00,1325.33,1325.33,1325.17,1325.17,-0.01,4.38,5779.42,-1
2026-07-30,2026-07-30 12:29:00,1325.17,1325.17,1325.0,1325.0,-0.01,4.38,5779.42,-1
2026-07-30,2026-07-30 12:30:00,1325.0,1325.0,1324.83,1324.83,-0.01,4.38,5779.42,-1
2026-07-30,2026-07-30 12:31:00,1324.83,1324.83,1324.67,1324.67,-0.01,4.38,5779.42,-1
2026-07-30,2026-07-30 12:32:00,1324.67,1324.67,1324.5,1324.5,-0.01,4.38,5779.42,-1
2026-07-30,2026-07-30 12:33:00,1324.5,1324.5,1324.33,1324.33,-0.01,4.38,5779.42,-1
2026-07-30,2026-07-30 12:34:00,1324.33,1324.33,1324.17,1324.17,-0.01,4.38,5779.42,-1
2026-07-30,2026-07-30 12:35:00,1324.17,1324.17,1324.0,1324.0,-0.01,4.38,5779.42,-1
2026-07-30,2026-07-30 12:36:00,1324.0,1324.0,1323.83,1323.83,-0.01,4.38,5779.42,-1
2026-07-30,2026-07-30 12:37:00,1323.83,1323.83,1323.67,1323.67,-0.01,4.38,5779.42,-1
2026-07-30,2026-07-30 12:38:00,1323.67,1323.67,1323.5,1323.5,-0.01,4.38,5779.42,-1
2026-07-30,2026-07-30 12:39:00,1323.5,1323.5,1323.33,1323.33,-0.01,4.38,5779.42,-1
2026-07-30,2026-07-30 12:40:00,1323.33,1323.33,1323.17,1323.17,-0.01,4.38,5779.42,-1
2026-07-30,2026-07-30 12:41:00,1323.17,1323.17,1323.0,1323.0,-0.01,4.38,5779.42,-1
2026-07-30,2026-07-30 12:42:00,1323.0,1323.0,1322.83,1322.83,-0.01,4.38,5779.42,-1
2026-07-30,2026-07-30 12:43:00,1322.83,1322.83,1322.67,1322.67,-0.01,4.38,5779.42,-1
2026-07-30,2026-07-30 12:44:00,1322.67,1322.67,1322.5,1322.5,-0.01,4.38,5779.42,-1
2026-07-30,2026-07-30 12:45:00,1322.5,1322.5,1322.33,1322.33,-0.01,4.38,5779.42,-1
2026-07-30,2026-07-30 12:46:00,1322.33,1322.33,1322.17,1322.17,-0.01,4.38,5779.42,-1
2026-07-30,2026-07-30 12:47:00,1322.17,1322.17,1322.0,1322.0,-0.01,4.38,5779.42,-1
2026-07-30,2026-07-30 12:48:00,1322.0,1322.0,1321.83,1321.83,-0.01,4.38,5779.42,-1
2026-07-30,2026-07-30 12:49:00,1321.83,1321.83,1321.67,1321.67,-0.01,4.38,5779.42,-1
2026-07-30,2026-07-30 12:50:00,1321.67,1321.67,1321.5,1321.5,-0.01,4.38,5779.42,-1
2026-07-30,2026-07-30 12:51:00,1321.5,1321.5,1321.33,1321.33,-0.01,4.38,5779.42,-1
2026-07-30,2026-07-30 12:52:00,1321.33,1321.33,1321.17,1321.17,-0.01,4.38,5779.42,-1
2026-07-30,2026-07-30 12:53:00,1321.17,1321.17,1321.0,1321.0,-0.01,4.38,5779.42,-1
2026-07-30,2026-07-30 12:54:00,1321.0,1321.0,1320.83,1320.83,-0.01,4.38,5779.42,-1
2026-07-30,2026-07-30 12:55:00,1320.83,1320.83,1320.67,1320.67,-0.01,4.38,5779.42,-1
2026-07-30,2026-07-30 12:56:00,1320.67,1320.67,1320.5,1320.5,-0.01,4.38,5779.42,-1
2026-07-30,2026-07-30 12:57:00,1320.5,1320.5,1320.33,1320.33,-0.01,4.38,5779.42,-1
2026-07-30,2026-07-30 12:58:00,1320.33,1320.33,1320.17,1320.17,-0.01,4.38,5779.42,-1
2026-07-30,2026-07-30 12:59:00,1320.17,1320.17,1320.0,1320.0,-0.01,4.38,5779.42,-1
2026-07-30,2026-07-30 13:00:00,1320.0,1340.0,1300.0,1319.83,-0.01,4.38,5779.42,-1
2026-07-30,2026-07-30 13:01:00,1319.83,1319.83,1319.67,1319.67,-0.01,4.38,5779.42,-1
2026-07-30,2026-07-30 13:02:00,1319.67,1319.67,1319.5,1319.5,-0.01,4.38,5779.42,-1
2026-07-30,2026-07-30 13:03:00,1319.5,1319.5,1319.33,1319.33,-0.01,4.38,5779.42,-1
2026-07-30,2026-07-30 13:04:00,1319.33,1319.33,1319.17,1319.17,-0.01,4.38,5779.42,-1
2026-07-30,2026-07-30 13:05:00,1319.17,1319.17,1319.0,1319.0,-0.01,4.38,5779.42,-1
2026-07-30,2026-07-30 13:06:00,1319.0,1319.0,1318.83,1318.83,-0.01,4.38,5779.42,-1
2026-07-30,2026-07-30 13:07:00,1318.83,1318.83,1318.67,1318.67,-0.01,4.38,5779.42,-1
2026-07-30,2026-07-30 13:08:00,1318.67,1318.67,1318.5,1318.5,-0.01,4.38,5779.42,-1
2026-07-30,2026-07-30 13:09:00,1318.5,1318.5,1318.33,1318.33,-0.01,4.38,5779.42,-1
2026-07-30,2026-07-30 13:10:00,1318.33,1318.33,1318.17,1318.17,-0.01,4.38,5779.42,-1
2026-07-30,2026-07-30 13:11:00,1318.17,1318.17,1318.0,1318.0,-0.01,4.38,5779.42,-1
2026-07-30,2026-07-30 13:12:00,1318.0,1318.0,1317.83,1317.83,-0.01,4.38,5779.42,-1
2026-07-30,2026-07-30 13:13:00,1317.83,1317.83,1317.67,1317.67,-0.01,4.38,5779.42,-1
2026-07-30,2026-07-30 13:14:00,1317.67,1317.67,1317.5,1317.5,-0.01,4.38,5779.42,-1
2026-07-30,2026-07-30 13:15:00,1317.5,1317.5,1317.33,1317.33,-0.01,4.38,5779.42,-1
2026-07-30,2026-07-30 13:16:00,1317.33,1317.33,1317.17,1317.17,-0.01,4.38,5779.42,-1
2026-07-30,2026-07-30 13:17:00,1317.17,1317.17,1317.0,1317.0,-0.01,4.38,5779.42,-1
2026-07-30,2026-07-30 13:18:00,1317.0,1317.0,1316.83,1316.83,-0.01,4.38,5779.42,-1
2026-07-30,2026-07-30 13:19:00,1316.83,1316.83,1316.67,1316.67,-0.01,4.38,5779.42,-1
2026-07-30,2026-07-30 13:20:00,1316.67,1316.67,1316.5,1316.5,-0.01,4.38,5779.42,-1
2026-07-30,2026-07-30 13:21:00,1316.5,1316.5,1316.33,1316.33,-0.01,4.38,5779.42,-1
2026-07-30,2026-07-30 13:22:00,1316.33,1316.33,1316.17,1316.17,-0.01,4.38,5779.42,-1
2026-07-30,2026-07-30 13:23:00,1316.17,1316.17,1316.0,1316.0,-0.01,4.38,5779.42,-1
2026-07-30,2026-07-30 13:24:00,1316.0,1316.0,1315.83,1315.83,-0.01,4.38,5779.42,-1
2026-07-30,2026-07-30 13:25:00,1315.83,1315.83,1315.67,1315.67,-0.01,4.38,5779.42,-1
2026-07-30,2026-07-30 13:26:00,1315.67,1315.67,1315.5,1315.5,-0.01,4.38,5779.42,-1
2026-07-30,2026-07-30 13:27:00,1315.5,1315.5,1315.33,1315.33,-0.01,4.38,5779.42,-1
2026-07-30,2026-07-30 13:28:00,1315.33,1315.33,1315.17,1315.17,-0.01,4.38,5779.42,-1
2026-07-30,2026-07-30 13:29:00,1315.17,1315.17,1315.0,1315.0,-0.01,4.38,5779.42,-1
2026-07-30,2026-07-30 13:30:00,1315.0,1315.0,1314.83,1314.83,-0.01,4.38,5779.42,-1
2026-07-30,2026-07-30 13:31:00,1314.83,1314.83,1314.67,1314.67,-0.01,4.38,5779.42,-1
2026-07-30,2026-07-30 13:32:00,1314.67,1314.67,1314.5,1314.5,-0.01,4.38,5779.42,-1
2026-07-30,2026-07-30 13:33:00,1314.5,1314.5,1314.33,1314.33,-0.01,4.38,5779.42,-1
2026-07-30,2026-07-30 13:34:00,1314.33,1314.33,1314.17,1314.17,-0.01,4.38,5779.42,-1
2026-07-30,2026-07-30 13:35:00,1314.17,1314.17,1314.0,1314.0,-0.01,4.38,5779.42,-1
2026-07-30,2026-07-30 13:36:00,1314.0,1314.0,1313.83,1313.83,-0.01,4.38,5779.42,-1
2026-07-30,2026-07-30 13:37:00,1313.83,1313.83,1313.67,1313.67,-0.01,4.38,5779.42,-1
2026-07-30,2026-07-30 13:38:00,1313.67,1313.67,1313.5,1313.5,-0.01,4.38,5779.42,-1
2026-07-30,2026-07-30 13:39:00,1313.5,1313.5,1313.33,1313.33,-0.01,4.38,5779.42,-1
2026-07-30,2026-07-30 13:40:00,1313.33,1313.33,1313.17,1313.17,-0.01,4.38,5779.42,-1
2026-07-30,2026-07-30 13:41:00,1313.17,1313.17,1313.0,1313.0,-0.01,4.38,5779.42,-1
2026-07-30,2026-07-30 13:42:00,1313.0,1313.0,1312.83,1312.83,-0.01,4.38,5779.42,-1
2026-07-30,2026-07-30 13:43:00,1312.83,1312.83,1312.67,1312.67,-0.01,4.38,5779.42,-1
2026-07-30,2026-07-30 13:44:00,1312.67,1312.67,1312.5,1312.5,-0.01,4.38,5779.42,-1
2026-07-30,2026-07-30 13:45:00,1312.5,1312.5,1312.33,1312.33,-0.01,4.38,5779.42,-1
2026-07-30,2026-07-30 13:46:00,1312.33,1312.33,1312.17,1312.17,-0.01,4.38,5779.42,-1
2026-07-30,2026-07-30 13:47:00,1312.17,1312.17,1312.0,1312.0,-0.01,4.38,5779.42,-1
2026-07-30,2026-07-30 13:48:00,1312.0,1312.0,1311.83,1311.83,-0.01,4.38,5779.42,-1
2026-07-30,2026-07-30 13:49:00,1311.83,1311.83,1311.67,1311.67,-0.01,4.38,5779.42,-1
2026-07-30,2026-07-30 13:50:00,1311.67,1311.67,1311.5,1311.5,-0.01,4.38,5779.42,-1
2026-07-30,2026-07-30 13:51:00,1311.5,1311.5,1311.33,1311.33,-0.01,4.38,5779.42,-1
2026-07-30,2026-07-30 13:52:00,1311.33,1311.33,1311.17,1311.17,-0.01,4.38,5779.42,-1
2026-07-30,2026-07-30 13:53:00,1311.17,1311.17,1311.0,1311.0,-0.01,4.38,5779.42,-1
2026-07-30,2026-07-30 13:54:00,1311.0,1311.0,1310.83,1310.83,-0.01,4.38,5779.42,-1
2026-07-30,2026-07-30 13:55:00,1310.83,1310.83,1310.67,1310.67,-0.01,4.38,5779.42,-1
2026-07-30,2026-07-30 13:56:00,1310.67,1310.67,1310.5,1310.5,-0.01,4.38,5779.42,-1
2026-07-30,2026-07-30 13:57:00,1310.5,1310.5,1310.33,1310.33,-0.01,4.38,5779.42,-1
2026-07-30,2026-07-30 13:58:00,1310.33,1310.33,1310.17,1310.17,-0.01,4.38,5779.42,-1
2026-07-30,2026-07-30 13:59:00,1310.17,1310.17,1310.0,1310.0,-0.01,4.38,5779.42,-1
2026-07-30,2026-07-30 14:00:00,1310.0,1310.0,1309.83,1309.83,-0.01,4.38,5779.42,-1
2026-07-30,2026-07-30 14:01:00,1309.83,1309.83,1309.67,1309.67,-0.01,4.38,5779.42,-1
2026-07-30,2026-07-30 14:02:00,1309.67,1309.67,1309.5,1309.5,-0.01,4.38,5779.42,-1
2026-07-30,2026-07-30 14:03:00,1309.5,1309.5,1309.33,1309.33,-0.01,4.38,5779.42,-1
2026-07-30,2026-07-30 14:04:00,1309.33,1309.33,1309.17,1309.17,-0.01,4.38,5779.42,-1
2026-07-30,2026-07-30 14:05:00,1309.17,1309.17,1309.0,1309.0,-0.01,4.38,5779.42,-1
2026-07-30,2026-07-30 14:06:00,1309.0,1309.0,1308.83,1308.83,-0.01,4.38,5779.42,-1
2026-07-30,2026-07-30 14:07:00,1308.83,1308.83,1308.67,1308.67,-0.01,4.38,5779.42,-1
2026-07-30,2026-07-30 14:08:00,1308.67,1308.67,1308.5,1308.5,-0.01,4.38,5779.42,-1
2026-07-30,2026-07-30 14:09:00,1308.5,1308.5,1308.33,1308.33,-0.01,4.38,5779.42,-1
2026-07-30,2026-07-30 14:10:00,1308.33,1308.33,1308.17,1308.17,-0.01,4.38,5779.42,-1
2026-07-30,2026-07-30 14:11:00,1308.17,1308.17,1308.0,1308.0,-0.01,4.38,5779.42,-1
2026-07-30,2026-07-30 14:12:00,1308.0,1308.0,1307.83,1307.83,-0.01,4.38,5779.42,-1
2026-07-30,2026-07-30 14:13:00,1307.83,1307.83,1307.67,1307.67,-0.01,4.38,5779.42,-1
2026-07-30,2026-07-30 14:14:00,1307.67,1307.67,1307.5,1307.5,-0.01,4.38,5779.42,-1
2026-07-30,2026-07-30 14:15:00,1307.5,1307.5,1307.33,1307.33,-0.01,4.38,5779.42,-1
2026-07-30,2026-07-30 14:16:00,1307.33,1307.33,1307.17,1307.17,-0.01,4.38,5779.42,-1
2026-07-30,2026-07-30 14:17:00,1307.17,1307.17,1307.0,1307.0,-0.01,4.38,5779.42,-1
2026-07-30,2026-07-30 14:18:00,1307.0,1307.0,1306.83,1306.83,-0.01,4.38,5779.42,-1
2026-07-30,2026-07-30 14:19:00,1306.83,1306.83,1306.67,1306.67,-0.01,4.38,5779.42,-1
2026-07-30,2026-07-30 14:20:00,1306.67,1306.67,1306.5,1306.5,-0.01,4.38,5779.42,-1
2026-07-30,2026-07-30 14:21:00,1306.5,1306.5,1306.33,1306.33,-0.01,4.38,5779.42,-1
2026-07-30,2026-07-30 14:22:00,1306.33,1306.33,1306.17,1306.17,-0.01,4.38,5779.42,-1
2026-07-30,2026-07-30 14:23:00,1306.17,1306.17,1306.0,1306.0,-0.01,4.38,5779.42,-1
2026-07-30,2026-07-30 14:24:00,1306.0,1306.0,1305.83,1305.83,-0.01,4.38,5779.42,-1
2026-07-30,2026-07-30 14:25:00,1305.83,1305.83,1305.67,1305.67,-0.01,4.38,5779.42,-1
2026-07-30,2026-07-30 14:26:00,1305.67,1305.67,1305.5,1305.5,-0.01,4.38,5779.42,-1
2026-07-30,2026-07-30 14:27:00,1305.5,1305.5,1305.33,1305.33,-0.01,4.38,5779.42,-1
2026-07-30,2026-07-30 14:28:00,1305.33,1305.33,1305.17,1305.17,-0.01,4.38,5779.42,-1
2026-07-30,2026-07-30 14:29:00,1305.17,1305.17,1305.0,1305.0,-0.01,4.38,5779.42,-1
2026-07-30,2026-07-30 14:30:00,1305.0,1305.0,1304.83,1304.83,-0.01,4.38,5779.42,-1
2026-07-30,2026-07-30 14:31:00,1304.83,1304.83,1304.67,1304.67,-0.01,4.38,5779.42,-1
2026-07-30,2026-07-30 14:32:00,1304.67,1304.67,1304.5,1304.5,-0.01,4.38,5779.42,-1
2026-07-30,2026-07-30 14:33:00,1304.5,1304.5,1304.33,1304.33,-0.01,4.38,5779.42,-1
2026-07-30,2026-07-30 14:34:00,1304.33,1304.33,1304.17,1304.17,-0.01,4.38,5779.42,-1
2026-07-30,2026-07-30 14:35:00,1304.17,1304.17,1304.0,1304.0,-0.01,4.38,5779.42,-1
2026-07-30,2026-07-30 14:36:00,1304.0,1304.0,1303.83,1303.83,-0.01,4.38,5779.42,-1
2026-07-30,2026-07-30 14:37:00,1303.83,1303.83,1303.67,1303.67,-0.01,4.38,5779.42,-1
2026-07-30,2026-07-30 14:38:00,1303.67,1303.67,1303.5,1303.5,-0.01,4.38,5779.42,-1
2026-07-30,2026-07-30 14:39:00,1303.5,1303.5,1303.33,1303.33,-0.01,4.38,5779.42,-1
2026-07-30,2026-07-30 14:40:00,1303.33,1303.33,1303.17,1303.17,-0.01,4.38,5779.42,-1
2026-07-30,2026-07-30 14:41:00,1303.17,1303.17,1303.0,1303.0,-0.01,4.38,5779.42,-1
2026-07-30,2026-07-30 14:42:00,1303.0,1303.0,1302.83,1302.83,-0.01,4.38,5779.42,-1
2026-07-30,2026-07-30 14:43:00,1302.83,1302.83,1302.67,1302.67,-0.01,4.38,5779.42,-1
2026-07-30,2026-07-30 14:44:00,1302.67,1302.67,1302.5,1302.5,-0.01,4.38,5779.42,-1
2026-07-30,2026-07-30 14:45:00,1302.5,1302.5,1302.33,1302.33,-0.01,4.38,5779.42,-1
2026-07-30,2026-07-30 14:46:00,1302.33,1302.33,1302.17,1302.17,-0.01,4.38,5779.42,-1
2026-07-30,2026-07-30 14:47:00,1302.17,1302.17,1302.0,1302.0,-0.01,4.38,5779.42,-1
2026-07-30,2026-07-30 14:48:00,1302.0,1302.0,1301.83,1301.83,-0.01,4.38,5779.42,-1
2026-07-30,2026-07-30 14:49:00,1301.83,1301.83,1301.67,1301.67,-0.01,4.38,5779.42,-1
2026-07-30,2026-07-30 14:50:00,1301.67,1301.67,1301.5,1301.5,-0.01,4.38,5779.42,-1
2026-07-30,2026-07-30 14:51:00,1301.5,1301.5,1301.33,1301.33,-0.01,4.38,5779.42,-1
2026-07-30,2026-07-30 14:52:00,1301.33,1301.33,1301.17,1301.17,-0.01,4.38,5779.42,-1
2026-07-30,2026-07-30 14:53:00,1301.17,1301.17,1301.0,1301.0,-0.01,4.38,5779.42,-1
2026-07-30,2026-07-30 14:54:00,1301.0,1301.0,1300.83,1300.83,-0.01,4.38,5779.42,-1
2026-07-30,2026-07-30 14:55:00,1300.83,1300.83,1300.67,1300.67,-0.01,4.38,5779.42,-1
2026-07-30,2026-07-30 14:56:00,1300.67,1300.67,1300.5,1300.5,-0.01,4.38,5779.42,-1
2026-07-30,2026-07-30 14:57:00,1300.5,1300.5,1300.33,1300.33,-0.01,4.38,5779.42,-1
2026-07-30,2026-07-30 14:58:00,1300.33,1300.33,1300.17,1300.17,-0.01,4.38,5779.42,-1
2026-07-30,2026-07-30 14:59:00,1300.17,1300.17,1300.0,1300.0,-0.01,4.38,5779.42,-1
2026-07-30,2026-07-30 15:00:00,1300.0,1340.0,1300.0,1300.0,0.0,4.38,5779.42,0
2026-07-31,2026-07-31 11:00:00,1300.1,1304.57,1300.07,1300.14,0.0,3.56,4633.37,1
2026-07-31,2026-07-31 11:01:00,1300.14,1300.18,1300.14,1300.18,0.0,3.56,4633.37,1
2026-07-31,2026-07-31 11:02:00,1300.18,1300.22,1300.18,1300.22,0.0,3.56,4633.37,1
2026-07-31,2026-07-31 11:03:00,1300.22,1300.26,1300.22,1300.26,0.0,3.56,4633.37,1
2026-07-31,2026-07-31 11:04:00,1300.26,1300.31,1300.26,1300.31,0.0,3.56,4633.37,1
2026-07-31,2026-07-31 11:05:00,1300.31,1300.35,1300.31,1300.35,0.0,3.56,4633.37,1
2026-07-31,2026-07-31 11:06:00,1300.35,1300.39,1300.35,1300.39,0.0,3.56,4633.37,1
2026-07-31,2026-07-31 11:07:00,1300.39,1300.43,1300.39,1300.43,0.0,3.56,4633.37,1
2026-07-31,2026-07-31 11:08:00,1300.43,1300.47,1300.43,1300.47,0.0,3.56,4633.37,1
2026-07-31,2026-07-31 11:09:00,1300.47,1300.51,1300.47,1300.51,0.0,3.56,4633.37,1
2026-07-31,2026-07-31 11:10:00,1300.51,1300.55,1300.51,1300.55,0.0,3.56,4633.37,1
2026-07-31,2026-07-31 11:11:00,1300.55,1300.59,1300.55,1300.59,0.0,3.56,4633.37,1
2026-07-31,2026-07-31 11:12:00,1300.59,1300.64,1300.59,1300.64,0.0,3.56,4633.37,1
2026-07-31,2026-07-31 11:13:00,1300.64,1300.68,1300.64,1300.68,0.0,3.56,4633.37,1
2026-07-31,2026-07-31 11:14:00,1300.68,1300.72,1300.68,1300.72,0.0,3.56,4633.37,1
2026-07-31,2026-07-31 11:15:00,1300.72,1300.76,1300.72,1300.76,0.0,3.56,4633.37,1
2026-07-31,2026-07-31 11:16:00,1300.76,1300.8,1300.76,1300.8,0.0,3.56,4633.37,1
2026-07-31,2026-07-31 11:17:00,1300.8,1300.84,1300.8,1300.84,0.0,3.56,4633.37,1
2026-07-31,2026-07-31 11:18:00,1300.84,1300.88,1300.84,1300.88,0.0,3.56,4633.37,1
2026-07-31,2026-07-31 11:19:00,1300.88,1300.92,1300.88,1300.92,0.0,3.56,4633.37,1
2026-07-31,2026-07-31 11:20:00,1300.92,1300.97,1300.92,1300.97,0.0,3.56,4633.37,1
2026-07-31,2026-07-31 11:21:00,1300.97,1301.01,1300.97,1301.01,0.0,3.56,4633.37,1
2026-07-31,2026-07-31 11:22:00,1301.01,1301.05,1301.01,1301.05,0.0,3.56,4633.37,1
2026-07-31,2026-07-31 11:23:00,1301.05,1301.09,1301.05,1301.09,0.0,3.56,4633.37,1
2026-07-31,2026-07-31 11:24:00,1301.09,1301.13,1301.09,1301.13,0.0,3.56,4633.37,1
2026-07-31,2026-07-31 11:25:00,1301.13,1301.17,1301.13,1301.17,0.0,3.56,4633.37,1
2026-07-31,2026-07-31 11:26:00,1301.17,1301.21,1301.17,1301.21,0.0,3.56,4633.37,1
2026-07-31,2026-07-31 11:27:00,1301.21,1301.25,1301.21,1301.25,0.0,3.56,4633.37,1
2026-07-31,2026-07-31 11:28:00,1301.25,1301.3,1301.25,1301.3,0.0,3.56,4633.37,1
2026-07-31,2026-07-31 11:29:00,1301.3,1301.34,1301.3,1301.34,0.0,3.56,4633.37,1
2026-07-31,2026-07-31 11:30:00,1301.34,1301.38,1301.34,1301.38,0.0,3.56,4633.37,1
2026-07-31,2026-07-31 11:31:00,1301.38,1301.42,1301.38,1301.42,0.0,3.56,4633.37,1
2026-07-31,2026-07-31 11:32:00,1301.42,1301.46,1301.42,1301.46,0.0,3.56,4633.37,1
2026-07-31,2026-07-31 11:33:00,1301.46,1301.5,1301.46,1301.5,0.0,3.56,4633.37,1
2026-07-31,2026-07-31 11:34:00,1301.5,1301.54,1301.5,1301.54,0.0,3.56,4633.37,1
2026-07-31,2026-07-31 11:35:00,1301.54,1301.59,1301.54,1301.59,0.0,3.56,4633.37,1
2026-07-31,2026-07-31 11:36:00,1301.59,1301.63,1301.59,1301.63,0.0,3.56,4633.37,1
2026-07-31,2026-07-31 11:37:00,1301.63,1301.67,1301.63,1301.67,0.0,3.56,4633.37,1
2026-07-31,2026-07-31 11:38:00,1301.67,1301.71,1301.67,1301.71,0.0,3.56,4633.37,1
2026-07-31,2026-07-31 11:39:00,1301.71,1301.75,1301.71,1301.75,0.0,3.56,4633.37,1
2026-07-31,2026-07-31 11:40:00,1301.75,1301.79,1301.75,1301.79,0.0,3.56,4633.37,1
2026-07-31,2026-07-31 11:41:00,1301.79,1301.83,1301.79,1301.83,0.0,3.56,4633.37,1
2026-07-31,2026-07-31 11:42:00,1301.83,1301.87,1301.83,1301.87,0.0,3.56,4633.37,1
2026-07-31,2026-07-31 11:43:00,1301.87,1301.91,1301.87,1301.91,0.0,3.56,4633.37,1
2026-07-31,2026-07-31 11:44:00,1301.91,1301.96,1301.91,1301.96,0.0,3.56,4633.37,1
2026-07-31,2026-07-31 11:45:00,1301.96,1302.0,1301.96,1302.0,0.0,3.56,4633.37,1
2026-07-31,2026-07-31 11:46:00,1302.0,1302.04,1302.0,1302.04,0.0,3.56,4633.37,1
2026-07-31,2026-07-31 11:47:00,1302.04,1302.08,1302.04,1302.08,0.0,3.56,4633.37,1
2026-07-31,2026-07-31 11:48:00,1302.08,1302.12,1302.08,1302.12,0.0,3.56,4633.37,1
2026-07-31,2026-07-31 11:49:00,1302.12,1302.16,1302.12,1302.16,0.0,3.56,4633.37,1
2026-07-31,2026-07-31 11:50:00,1302.16,1302.2,1302.16,1302.2,0.0,3.56,4633.37,1
2026-07-31,2026-07-31 11:51:00,1302.2,1302.24,1302.2,1302.24,0.0,3.56,4633.37,1
2026-07-31,2026-07-31 11:52:00,1302.24,1302.29,1302.24,1302.29,0.0,3.56,4633.37,1
2026-07-31,2026-07-31 11:53:00,1302.29,1302.33,1302.29,1302.33,0.0,3.56,4633.37,1
2026-07-31,2026-07-31 11:54:00,1302.33,1302.37,1302.33,1302.37,0.0,3.56,4633.37,1
2026-07-31,2026-07-31 11:55:00,1302.37,1302.41,1302.37,1302.41,0.0,3.56,4633.37,1
2026-07-31,2026-07-31 11:56:00,1302.41,1302.45,1302.41,1302.45,0.0,3.56,4633.37,1
2026-07-31,2026-07-31 11:57:00,1302.45,1302.49,1302.45,1302.49,0.0,3.56,4633.37,1
2026-07-31,2026-07-31 11:58:00,1302.49,1302.53,1302.49,1302.53,0.0,3.56,4633.37,1
2026-07-31,2026-07-31 11:59:00,1302.53,1302.57,1302.53,1302.57,0.0,3.56,4633.37,1
2026-07-31,2026-07-31 12:00:00,1302.57,1302.62,1302.57,1302.62,0.0,3.56,4633.37,1
2026-07-31,2026-07-31 12:01:00,1302.62,1302.66,1302.62,1302.66,0.0,3.56,4633.37,1
2026-07-31,2026-07-31 12:02:00,1302.66,1302.7,1302.66,1302.7,0.0,3.56,4633.37,1
2026-07-31,2026-07-31 12:03:00,1302.7,1302.74,1302.7,1302.74,0.0,3.56,4633.37,1
2026-07-31,2026-07-31 12:04:00,1302.74,1302.78,1302.74,1302.78,0.0,3.56,4633.37,1
2026-07-31,2026-07-31 12:05:00,1302.78,1302.82,1302.78,1302.82,0.0,3.56,4633.37,1
2026-07-31,2026-07-31 12:06:00,1302.82,1302.86,1302.82,1302.86,0.0,3.56,4633.37,1
2026-07-31,2026-07-31 12:07:00,1302.86,1302.9,1302.86,1302.9,0.0,3.56,4633.37,1
2026-07-31,2026-07-31 12:08:00,1302.9,1302.95,1302.9,1302.95,0.0,3.56,4633.37,1
2026-07-31,2026-07-31 12:09:00,1302.95,1302.99,1302.95,1302.99,0.0,3.56,4633.37,1
2026-07-31,2026-07-31 12:10:00,1302.99,1303.03,1302.99,1303.03,0.0,3.56,4633.37,1
2026-07-31,2026-07-31 12:11:00,1303.03,1303.07,1303.03,1303.07,0.0,3.56,4633.37,1
2026-07-31,2026-07-31 12:12:00,1303.07,1303.11,1303.07,1303.11,0.0,3.56,4633.37,1
2026-07-31,2026-07-31 12:13:00,1303.11,1303.15,1303.11,1303.15,0.0,3.56,4633.37,1
2026-07-31,2026-07-31 12:14:00,1303.15,1303.19,1303.15,1303.19,0.0,3.56,4633.37,1
2026-07-31,2026-07-31 12:15:00,1303.19,1303.23,1303.19,1303.23,0.0,3.56,4633.37,1
2026-07-31,2026-07-31 12:16:00,1303.23,1303.28,1303.23,1303.28,0.0,3.56,4633.37,1
2026-07-31,2026-07-31 12:17:00,1303.28,1303.32,1303.28,1303.32,0.0,3.56,4633.37,1
2026-07-31,2026-07-31 12:18:00,1303.32,1303.36,1303.32,1303.36,0.0,3.56,4633.37,1
2026-07-31,2026-07-31 12:19:00,1303.36,1303.4,1303.36,1303.4,0.0,3.56,4633.37,1
2026-07-31,2026-07-31 12:20:00,1303.4,1303.44,1303.4,1303.44,0.0,3.56,4633.37,1
2026-07-31,2026-07-31 12:21:00,1303.44,1303.48,1303.44,1303.48,0.0,3.56,4633.37,1
2026-07-31,2026-07-31 12:22:00,1303.48,1303.52,1303.48,1303.52,0.0,3.56,4633.37,1
2026-07-31,2026-07-31 12:23:00,1303.52,1303.57,1303.52,1303.57,0.0,3.56,4633.37,1
2026-07-31,2026-07-31 12:24:00,1303.57,1303.61,1303.57,1303.61,0.0,3.56,4633.37,1
2026-07-31,2026-07-31 12:25:00,1303.61,1303.65,1303.61,1303.65,0.0,3.56,4633.37,1
2026-07-31,2026-07-31 12:26:00,1303.65,1303.69,1303.65,1303.69,0.0,3.56,4633.37,1
2026-07-31,2026-07-31 12:27:00,1303.69,1303.73,1303.69,1303.73,0.0,3.56,4633.37,1
2026-07-31,2026-07-31 12:28:00,1303.73,1303.77,1303.73,1303.77,0.0,3.56,4633.37,1
2026-07-31,2026-07-31 12:29:00,1303.77,1303.81,1303.77,1303.81,0.0,3.56,4633.37,1
2026-07-31,2026-07-31 12:30:00,1303.81,1303.85,1303.81,1303.85,0.0,3.56,4633.37,1
2026-07-31,2026-07-31 12:31:00,1303.85,1303.89,1303.85,1303.89,0.0,3.56,4633.37,1
2026-07-31,2026-07-31 12:32:00,1303.89,1303.94,1303.89,1303.94,0.0,3.56,4633.37,1
2026-07-31,2026-07-31 12:33:00,1303.94,1303.98,1303.94,1303.98,0.0,3.56,4633.37,1
2026-07-31,2026-07-31 12:34:00,1303.98,1304.02,1303.98,1304.02,0.0,3.56,4633.37,1
2026-07-31,2026-07-31 12:35:00,1304.02,1304.06,1304.02,1304.06,0.0,3.56,4633.37,1
2026-07-31,2026-07-31 12:36:00,1304.06,1304.1,1304.06,1304.1,0.0,3.56,4633.37,1
2026-07-31,2026-07-31 12:37:00,1304.1,1304.14,1304.1,1304.14,0.0,3.56,4633.37,1
2026-07-31,2026-07-31 12:38:00,1304.14,1304.18,1304.14,1304.18,0.0,3.56,4633.37,1
2026-07-31,2026-07-31 12:39:00,1304.18,1304.22,1304.18,1304.22,0.0,3.56,4633.37,1
2026-07-31,2026-07-31 12:40:00,1304.22,1304.27,1304.22,1304.27,0.0,3.56,4633.37,1
2026-07-31,2026-07-31 12:41:00,1304.27,1304.31,1304.27,1304.31,0.0,3.56,4633.37,1
2026-07-31,2026-07-31 12:42:00,1304.31,1304.35,1304.31,1304.35,0.0,3.56,4633.37,1
2026-07-31,2026-07-31 12:43:00,1304.35,1304.39,1304.35,1304.39,0.0,3.56,4633.37,1
2026-07-31,2026-07-31 12:44:00,1304.39,1304.43,1304.39,1304.43,0.0,3.56,4633.37,1
2026-07-31,2026-07-31 12:45:00,1304.43,1304.47,1304.43,1304.47,0.0,3.56,4633.37,1
2026-07-31,2026-07-31 12:46:00,1304.47,1304.51,1304.47,1304.51,0.0,3.56,4633.37,1
2026-07-31,2026-07-31 12:47:00,1304.51,1304.55,1304.51,1304.55,0.0,3.56,4633.37,1
2026-07-31,2026-07-31 12:48:00,1304.55,1304.6,1304.55,1304.6,0.0,3.56,4633.37,1
2026-07-31,2026-07-31 12:49:00,1304.6,1304.64,1304.6,1304.64,0.0,3.56,4633.37,1
2026-07-31,2026-07-31 12:50:00,1304.64,1304.68,1304.64,1304.68,0.0,3.56,4633.37,1
2026-07-31,2026-07-31 12:51:00,1304.68,1304.72,1304.68,1304.72,0.0,3.56,4633.37,1
2026-07-31,2026-07-31 12:52:00,1304.72,1304.76,1304.72,1304.76,0.0,3.56,4633.37,1
2026-07-31,2026-07-31 12:53:00,1304.76,1304.8,1304.76,1304.8,0.0,3.56,4633.37,1
2026-07-31,2026-07-31 12:54:00,1304.8,1304.84,1304.8,1304.84,0.0,3.56,4633.37,1
2026-07-31,2026-07-31 12:55:00,1304.84,1304.88,1304.84,1304.88,0.0,3.56,4633.37,1
2026-07-31,2026-07-31 12:56:00,1304.88,1304.93,1304.88,1304.93,0.0,3.56,4633.37,1
2026-07-31,2026-07-31 12:57:00,1304.93,1304.97,1304.93,1304.97,0.0,3.56,4633.37,1
2026-07-31,2026-07-31 12:58:00,1304.97,1305.01,1304.97,1305.01,0.0,3.56,4633.37,1
2026-07-31,2026-07-31 12:59:00,1305.01,1305.05,1305.01,1305.05,0.0,3.56,4633.37,1
2026-07-31,2026-07-31 13:00:00,1305.05,1315.0,1300.0,1305.09,0.0,3.56,4633.37,1
2026-07-31,2026-07-31 13:01:00,1305.09,1305.13,1305.09,1305.13,0.0,3.56,4633.37,1
2026-07-31,2026-07-31 13:02:00,1305.13,1305.17,1305.13,1305.17,0.0,3.56,4633.37,1
2026-07-31,2026-07-31 13:03:00,1305.17,1305.21,1305.17,1305.21,0.0,3.56,4633.37,1
2026-07-31,2026-07-31 13:04:00,1305.21,1305.26,1305.21,1305.26,0.0,3.56,4633.37,1
2026-07-31,2026-07-31 13:05:00,1305.26,1305.3,1305.26,1305.3,0.0,3.56,4633.37,1
2026-07-31,2026-07-31 13:06:00,1305.3,1305.34,1305.3,1305.34,0.0,3.56,4633.37,1
2026-07-31,2026-07-31 13:07:00,1305.34,1305.38,1305.34,1305.38,0.0,3.56,4633.37,1
2026-07-31,2026-07-31 13:08:00,1305.38,1305.42,1305.38,1305.42,0.0,3.56,4633.37,1
2026-07-31,2026-07-31 13:09:00,1305.42,1305.46,1305.42,1305.46,0.0,3.56,4633.37,1
2026-07-31,2026-07-31 13:10:00,1305.46,1305.5,1305.46,1305.5,0.0,3.56,4633.37,1
2026-07-31,2026-07-31 13:11:00,1305.5,1305.55,1305.5,1305.55,0.0,3.56,4633.37,1
2026-07-31,2026-07-31 13:12:00,1305.55,1305.59,1305.55,1305.59,0.0,3.56,4633.37,1
2026-07-31,2026-07-31 13:13:00,1305.59,1305.63,1305.59,1305.63,0.0,3.56,4633.37,1
2026-07-31,2026-07-31 13:14:00,1305.63,1305.67,1305.63,1305.67,0.0,3.56,4633.37,1
2026-07-31,2026-07-31 13:15:00,1305.67,1305.71,1305.67,1305.71,0.0,3.56,4633.37,1
2026-07-31,2026-07-31 13:16:00,1305.71,1305.75,1305.71,1305.75,0.0,3.56,4633.37,1
2026-07-31,2026-07-31 13:17:00,1305.75,1305.79,1305.75,1305.79,0.0,3.56,4633.37,1
2026-07-31,2026-07-31 13:18:00,1305.79,1305.83,1305.79,1305.83,0.0,3.56,4633.37,1
2026-07-31,2026-07-31 13:19:00,1305.83,1305.88,1305.83,1305.88,0.0,3.56,4633.37,1
2026-07-31,2026-07-31 13:20:00,1305.88,1305.92,1305.88,1305.92,0.0,3.56,4633.37,1
2026-07-31,2026-07-31 13:21:00,1305.92,1305.96,1305.92,1305.96,0.0,3.56,4633.37,1
2026-07-31,2026-07-31 13:22:00,1305.96,1306.0,1305.96,1306.0,0.0,3.56,4633.37,1
2026-07-31,2026-07-31 13:23:00,1306.0,1306.04,1306.0,1306.04,0.0,3.56,4633.37,1
2026-07-31,2026-07-31 13:24:00,1306.04,1306.08,1306.04,1306.08,0.0,3.56,4633.37,1
2026-07-31,2026-07-31 13:25:00,1306.08,1306.12,1306.08,1306.12,0.0,3.56,4633.37,1
2026-07-31,2026-07-31 13:26:00,1306.12,1306.16,1306.12,1306.16,0.0,3.56,4633.37,1
2026-07-31,2026-07-31 13:27:00,1306.16,1306.2,1306.16,1306.2,0.0,3.56,4633.37,1
2026-07-31,2026-07-31 13:28:00,1306.2,1306.25,1306.2,1306.25,0.0,3.56,4633.37,1
2026-07-31,2026-07-31 13:29:00,1306.25,1306.29,1306.25,1306.29,0.0,3.56,4633.37,1
2026-07-31,2026-07-31 13:30:00,1306.29,1306.33,1306.29,1306.33,0.0,3.56,4633.37,1
2026-07-31,2026-07-31 13:31:00,1306.33,1306.37,1306.33,1306.37,0.0,3.56,4633.37,1
2026-07-31,2026-07-31 13:32:00,1306.37,1306.41,1306.37,1306.41,0.0,3.56,4633.37,1
2026-07-31,2026-07-31 13:33:00,1306.41,1306.45,1306.41,1306.45,0.0,3.56,4633.37,1
2026-07-31,2026-07-31 13:34:00,1306.45,1306.49,1306.45,1306.49,0.0,3.56,4633.37,1
2026-07-31,2026-07-31 13:35:00,1306.49,1306.53,1306.49,1306.53,0.0,3.56,4633.37,1
2026-07-31,2026-07-31 13:36:00,1306.53,1306.58,1306.53,1306.58,0.0,3.56,4633.37,1
2026-07-31,2026-07-31 13:37:00,1306.58,1306.62,1306.58,1306.62,0.0,3.56,4633.37,1
2026-07-31,2026-07-31 13:38:00,1306.62,1306.66,1306.62,1306.66,0.0,3.56,4633.37,1
2026-07-31,2026-07-31 13:39:00,1306.66,1306.7,1306.66,1306.7,0.0,3.56,4633.37,1
2026-07-31,2026-07-31 13:40:00,1306.7,1306.74,1306.7,1306.74,0.0,3.56,4633.37,1
2026-07-31,2026-07-31 13:41:00,1306.74,1306.78,1306.74,1306.78,0.0,3.56,4633.37,1
2026-07-31,2026-07-31 13:42:00,1306.78,1306.82,1306.78,1306.82,0.0,3.56,4633.37,1
2026-07-31,2026-07-31 13:43:00,1306.82,1306.87,1306.82,1306.87,0.0,3.56,4633.37,1
2026-07-31,2026-07-31 13:44:00,1306.87,1306.91,1306.87,1306.91,0.0,3.56,4633.37,1
2026-07-31,2026-07-31 13:45:00,1306.91,1306.95,1306.91,1306.95,0.0,3.56,4633.37,1
2026-07-31,2026-07-31 13:46:00,1306.95,1306.99,1306.95,1306.99,0.0,3.56,4633.37,1
2026-07-31,2026-07-31 13:47:00,1306.99,1307.03,1306.99,1307.03,0.0,3.56,4633.37,1
2026-07-31,2026-07-31 13:48:00,1307.03,1307.07,1307.03,1307.07,0.0,3.56,4633.37,1
2026-07-31,2026-07-31 13:49:00,1307.07,1307.11,1307.07,1307.11,0.0,3.56,4633.37,1
2026-07-31,2026-07-31 13:50:00,1307.11,1307.15,1307.11,1307.15,0.0,3.56,4633.37,1
2026-07-31,2026-07-31 13:51:00,1307.15,1307.19,1307.15,1307.19,0.0,3.56,4633.37,1
2026-07-31,2026-07-31 13:52:00,1307.19,1307.24,1307.19,1307.24,0.0,3.56,4633.37,1
2026-07-31,2026-07-31 13:53:00,1307.24,1307.28,1307.24,1307.28,0.0,3.56,4633.37,1
2026-07-31,2026-07-31 13:54:00,1307.28,1307.32,1307.28,1307.32,0.0,3.56,4633.37,1
2026-07-31,2026-07-31 13:55:00,1307.32,1307.36,1307.32,1307.36,0.0,3.56,4633.37,1
2026-07-31,2026-07-31 13:56:00,1307.36,1307.4,1307.36,1307.4,0.0,3.56,4633.37,1
2026-07-31,2026-07-31 13:57:00,1307.4,1307.44,1307.4,1307.44,0.0,3.56,4633.37,1
2026-07-31,2026-07-31 13:58:00,1307.44,1307.48,1307.44,1307.48,0.0,3.56,4633.37,1
2026-07-31,2026-07-31 13:59:00,1307.48,1307.53,1307.48,1307.53,0.0,3.56,4633.37,1
2026-07-31,2026-07-31 14:00:00,1307.53,1307.57,1307.53,1307.57,0.0,3.56,4633.37,1
2026-07-31,2026-07-31 14:01:00,1307.57,1307.61,1307.57,1307.61,0.0,3.56,4633.37,1
2026-07-31,2026-07-31 14:02:00,1307.61,1307.65,1307.61,1307.65,0.0,3.56,4633.37,1
2026-07-31,2026-07-31 14:03:00,1307.65,1307.69,1307.65,1307.69,0.0,3.56,4633.37,1
2026-07-31,2026-07-31 14:04:00,1307.69,1307.73,1307.69,1307.73,0.0,3.56,4633.37,1
2026-07-31,2026-07-31 14:05:00,1307.73,1307.77,1307.73,1307.77,0.0,3.56,4633.37,1
2026-07-31,2026-07-31 14:06:00,1307.77,1307.81,1307.77,1307.81,0.0,3.56,4633.37,1
2026-07-31,2026-07-31 14:07:00,1307.81,1307.86,1307.81,1307.86,0.0,3.56,4633.37,1
2026-07-31,2026-07-31 14:08:00,1307.86,1307.9,1307.86,1307.9,0.0,3.56,4633.37,1
2026-07-31,2026-07-31 14:09:00,1307.9,1307.94,1307.9,1307.94,0.0,3.56,4633.37,1
2026-07-31,2026-07-31 14:10:00,1307.94,1307.98,1307.94,1307.98,0.0,3.56,4633.37,1
2026-07-31,2026-07-31 14:11:00,1307.98,1308.02,1307.98,1308.02,0.0,3.56,4633.37,1
2026-07-31,2026-07-31 14:12:00,1308.02,1308.06,1308.02,1308.06,0.0,3.56,4633.37,1
2026-07-31,2026-07-31 14:13:00,1308.06,1308.1,1308.06,1308.1,0.0,3.56,4633.37,1
2026-07-31,2026-07-31 14:14:00,1308.1,1308.14,1308.1,1308.14,0.0,3.56,4633.37,1
2026-07-31,2026-07-31 14:15:00,1308.14,1308.18,1308.14,1308.18,0.0,3.56,4633.37,1
2026-07-31,2026-07-31 14:16:00,1308.18,1308.23,1308.18,1308.23,0.0,3.56,4633.37,1
2026-07-31,2026-07-31 14:17:00,1308.23,1308.27,1308.23,1308.27,0.0,3.56,4633.37,1
2026-07-31,2026-07-31 14:18:00,1308.27,1308.31,1308.27,1308.31,0.0,3.56,4633.37,1
2026-07-31,2026-07-31 14:19:00,1308.31,1308.35,1308.31,1308.35,0.0,3.56,4633.37,1
2026-07-31,2026-07-31 14:20:00,1308.35,1308.39,1308.35,1308.39,0.0,3.56,4633.37,1
2026-07-31,2026-07-31 14:21:00,1308.39,1308.43,1308.39,1308.43,0.0,3.56,4633.37,1
2026-07-31,2026-07-31 14:22:00,1308.43,1308.47,1308.43,1308.47,0.0,3.56,4633.37,1
2026-07-31,2026-07-31 14:23:00,1308.47,1308.51,1308.47,1308.51,0.0,3.56,4633.37,1
2026-07-31,2026-07-31 14:24:00,1308.51,1308.56,1308.51,1308.56,0.0,3.56,4633.37,1
2026-07-31,2026-07-31 14:25:00,1308.56,1308.6,1308.56,1308.6,0.0,3.56,4633.37,1
2026-07-31,2026-07-31 14:26:00,1308.6,1308.64,1308.6,1308.64,0.0,3.56,4633.37,1
2026-07-31,2026-07-31 14:27:00,1308.64,1308.68,1308.64,1308.68,0.0,3.56,4633.37,1
2026-07-31,2026-07-31 14:28:00,1308.68,1308.72,1308.68,1308.72,0.0,3.56,4633.37,1
2026-07-31,2026-07-31 14:29:00,1308.72,1308.76,1308.72,1308.76,0.0,3.56,4633.37,1
2026-07-31,2026-07-31 14:30:00,1308.76,1308.8,1308.76,1308.8,0.0,3.56,4633.37,1
2026-07-31,2026-07-31 14:31:00,1308.8,1308.85,1308.8,1308.85,0.0,3.56,4633.37,1
2026-07-31,2026-07-31 14:32:00,1308.85,1308.89,1308.85,1308.89,0.0,3.56,4633.37,1
2026-07-31,2026-07-31 14:33:00,1308.89,1308.93,1308.89,1308.93,0.0,3.56,4633.37,1
2026-07-31,2026-07-31 14:34:00,1308.93,1308.97,1308.93,1308.97,0.0,3.56,4633.37,1
2026-07-31,2026-07-31 14:35:00,1308.97,1309.01,1308.97,1309.01,0.0,3.56,4633.37,1
2026-07-31,2026-07-31 14:36:00,1309.01,1309.05,1309.01,1309.05,0.0,3.56,4633.37,1
2026-07-31,2026-07-31 14:37:00,1309.05,1309.09,1309.05,1309.09,0.0,3.56,4633.37,1
2026-07-31,2026-07-31 14:38:00,1309.09,1309.13,1309.09,1309.13,0.0,3.56,4633.37,1
2026-07-31,2026-07-31 14:39:00,1309.13,1309.17,1309.13,1309.17,0.0,3.56,4633.37,1
2026-07-31,2026-07-31 14:40:00,1309.17,1309.22,1309.17,1309.22,0.0,3.56,4633.37,1
2026-07-31,2026-07-31 14:41:00,1309.22,1309.26,1309.22,1309.26,0.0,3.56,4633.37,1
2026-07-31,2026-07-31 14:42:00,1309.26,1309.3,1309.26,1309.3,0.0,3.56,4633.37,1
2026-07-31,2026-07-31 14:43:00,1309.3,1309.34,1309.3,1309.34,0.0,3.56,4633.37,1
2026-07-31,2026-07-31 14:44:00,1309.34,1309.38,1309.34,1309.38,0.0,3.56,4633.37,1
2026-07-31,2026-07-31 14:45:00,1309.38,1309.42,1309.38,1309.42,0.0,3.56,4633.37,1
2026-07-31,2026-07-31 14:46:00,1309.42,1309.46,1309.42,1309.46,0.0,3.56,4633.37,1
2026-07-31,2026-07-31 14:47:00,1309.46,1309.51,1309.46,1309.51,0.0,3.56,4633.37,1
2026-07-31,2026-07-31 14:48:00,1309.51,1309.55,1309.51,1309.55,0.0,3.56,4633.37,1
2026-07-31,2026-07-31 14:49:00,1309.55,1309.59,1309.55,1309.59,0.0,3.56,4633.37,1
2026-07-31,2026-07-31 14:50:00,1309.59,1309.63,1309.59,1309.63,0.0,3.56,4633.37,1
2026-07-31,2026-07-31 14:51:00,1309.63,1309.67,1309.63,1309.67,0.0,3.56,4633.37,1
2026-07-31,2026-07-31 14:52:00,1309.67,1309.71,1309.67,1309.71,0.0,3.56,4633.37,1
2026-07-31,2026-07-31 14:53:00,1309.71,1309.75,1309.71,1309.75,0.0,3.56,4633.37,1
2026-07-31,2026-07-31 14:54:00,1309.75,1309.79,1309.75,1309.79,0.0,3.56,4633.37,1
2026-07-31,2026-07-31 14:55:00,1309.79,1309.84,1309.79,1309.84,0.0,3.56,4633.37,1
2026-07-31,2026-07-31 14:56:00,1309.84,1309.88,1309.84,1309.88,0.0,3.56,4633.37,1
2026-07-31,2026-07-31 14:57:00,1309.88,1309.92,1309.88,1309.92,0.0,3.56,4633.37,1
2026-07-31,2026-07-31 14:58:00,1309.92,1309.96,1309.92,1309.96,0.0,3.56,4633.37,1
2026-07-31,2026-07-31 14:59:00,1309.96,1310.0,1309.96,1310.0,0.0,3.56,4633.37,1
2026-07-31,2026-07-31 15:00:00,1310.0,1315.0,1300.0,1310.0,0.0,3.56,4633.37,0
2026-08-03,2026-08-03 11:00:00,1301.0,1309.7,1300.7,1301.0,0.0,8.13,10598.67,0
2026-08-03,2026-08-03 11:01:00,1301.0,1301.0,1300.99,1300.99,-0.0,8.13,10598.67,-1
2026-08-03,2026-08-03 11:02:00,1300.99,1300.99,1300.99,1300.99,0.0,8.13,10598.67,0
2026-08-03,2026-08-03 11:03:00,1300.99,1300.99,1300.98,1300.98,-0.0,8.13,10598.67,-1
2026-08-03,2026-08-03 11:04:00,1300.98,1300.98,1300.98,1300.98,0.0,8.13,10598.67,0
2026-08-03,2026-08-03 11:05:00,1300.98,1300.98,1300.97,1300.97,-0.0,8.13,10598.67,-1
2026-08-03,2026-08-03 11:06:00,1300.97,1300.97,1300.97,1300.97,0.0,8.13,10598.67,0
2026-08-03,2026-08-03 11:07:00,1300.97,1300.97,1300.97,1300.97,0.0,8.13,10598.67,0
2026-08-03,2026-08-03 11:08:00,1300.97,1300.97,1300.96,1300.96,-0.0,8.13,10598.67,-1
2026-08-03,2026-08-03 11:09:00,1300.96,1300.96,1300.96,1300.96,0.0,8.13,10598.67,0
2026-08-03,2026-08-03 11:10:00,1300.96,1300.96,1300.95,1300.95,-0.0,8.13,10598.67,-1
2026-08-03,2026-08-03 11:11:00,1300.95,1300.95,1300.95,1300.95,0.0,8.13,10598.67,0
2026-08-03,2026-08-03 11:12:00,1300.95,1300.95,1300.95,1300.95,0.0,8.13,10598.67,0
2026-08-03,2026-08-03 11:13:00,1300.95,1300.95,1300.94,1300.94,-0.0,8.13,10598.67,-1
2026-08-03,2026-08-03 11:14:00,1300.94,1300.94,1300.94,1300.94,0.0,8.13,10598.67,0
2026-08-03,2026-08-03 11:15:00,1300.94,1300.94,1300.93,1300.93,-0.0,8.13,10598.67,-1
2026-08-03,2026-08-03 11:16:00,1300.93,1300.93,1300.93,1300.93,0.0,8.13,10598.67,0
2026-08-03,2026-08-03 11:17:00,1300.93,1300.93,1300.92,1300.92,-0.0,8.13,10598.67,-1
2026-08-03,2026-08-03 11:18:00,1300.92,1300.92,1300.92,1300.92,0.0,8.13,10598.67,0
2026-08-03,2026-08-03 11:19:00,1300.92,1300.92,1300.92,1300.92,0.0,8.13,10598.67,0
2026-08-03,2026-08-03 11:20:00,1300.92,1300.92,1300.91,1300.91,-0.0,8.13,10598.67,-1
2026-08-03,2026-08-03 11:21:00,1300.91,1300.91,1300.91,1300.91,0.0,8.13,10598.67,0
2026-08-03,2026-08-03 11:22:00,1300.91,1300.91,1300.9,1300.9,-0.0,8.13,10598.67,-1
2026-08-03,2026-08-03 11:23:00,1300.9,1300.9,1300.9,1300.9,0.0,8.13,10598.67,0
2026-08-03,2026-08-03 11:24:00,1300.9,1300.9,1300.9,1300.9,0.0,8.13,10598.67,0
2026-08-03,2026-08-03 11:25:00,1300.9,1300.9,1300.89,1300.89,-0.0,8.13,10598.67,-1
2026-08-03,2026-08-03 11:26:00,1300.89,1300.89,1300.89,1300.89,0.0,8.13,10598.67,0
2026-08-03,2026-08-03 11:27:00,1300.89,1300.89,1300.88,1300.88,-0.0,8.13,10598.67,-1
2026-08-03,2026-08-03 11:28:00,1300.88,1300.88,1300.88,1300.88,0.0,8.13,10598.67,0
2026-08-03,2026-08-03 11:29:00,1300.88,1300.88,1300.88,1300.88,0.0,8.13,10598.67,0
2026-08-03,2026-08-03 11:30:00,1300.88,1300.88,1300.87,1300.87,-0.0,8.13,10598.67,-1
2026-08-03,2026-08-03 11:31:00,1300.87,1300.87,1300.87,1300.87,0.0,8.13,10598.67,0
2026-08-03,2026-08-03 11:32:00,1300.87,1300.87,1300.86,1300.86,-0.0,8.13,10598.67,-1
2026-08-03,2026-08-03 11:33:00,1300.86,1300.86,1300.86,1300.86,0.0,8.13,10598.67,0
2026-08-03,2026-08-03 11:34:00,1300.86,1300.86,1300.85,1300.85,-0.0,8.13,10598.67,-1
2026-08-03,2026-08-03 11:35:00,1300.85,1300.85,1300.85,1300.85,0.0,8.13,10598.67,0
2026-08-03,2026-08-03 11:36:00,1300.85,1300.85,1300.85,1300.85,0.0,8.13,10598.67,0
2026-08-03,2026-08-03 11:37:00,1300.85,1300.85,1300.84,1300.84,-0.0,8.13,10598.67,-1
2026-08-03,2026-08-03 11:38:00,1300.84,1300.84,1300.84,1300.84,0.0,8.13,10598.67,0
2026-08-03,2026-08-03 11:39:00,1300.84,1300.84,1300.83,1300.83,-0.0,8.13,10598.67,-1
2026-08-03,2026-08-03 11:40:00,1300.83,1300.83,1300.83,1300.83,0.0,8.13,10598.67,0
2026-08-03,2026-08-03 11:41:00,1300.83,1300.83,1300.83,1300.83,0.0,8.13,10598.67,0
2026-08-03,2026-08-03 11:42:00,1300.83,1300.83,1300.82,1300.82,-0.0,8.13,10598.67,-1
2026-08-03,2026-08-03 11:43:00,1300.82,1300.82,1300.82,1300.82,0.0,8.13,10598.67,0
2026-08-03,2026-08-03 11:44:00,1300.82,1300.82,1300.81,1300.81,-0.0,8.13,10598.67,-1
2026-08-03,2026-08-03 11:45:00,1300.81,1300.81,1300.81,1300.81,0.0,8.13,10598.67,0
2026-08-03,2026-08-03 11:46:00,1300.81,1300.81,1300.8,1300.8,-0.0,8.13,10598.67,-1
2026-08-03,2026-08-03 11:47:00,1300.8,1300.8,1300.8,1300.8,0.0,8.13,10598.67,0
2026-08-03,2026-08-03 11:48:00,1300.8,1300.8,1300.8,1300.8,0.0,8.13,10598.67,0
2026-08-03,2026-08-03 11:49:00,1300.8,1300.8,1300.79,1300.79,-0.0,8.13,10598.67,-1
2026-08-03,2026-08-03 11:50:00,1300.79,1300.79,1300.79,1300.79,0.0,8.13,10598.67,0
2026-08-03,2026-08-03 11:51:00,1300.79,1300.79,1300.78,1300.78,-0.0,8.13,10598.67,-1
2026-08-03,2026-08-03 11:52:00,1300.78,1300.78,1300.78,1300.78,0.0,8.13,10598.67,0
2026-08-03,2026-08-03 11:53:00,1300.78,1300.78,1300.78,1300.78,0.0,8.13,10598.67,0
2026-08-03,2026-08-03 11:54:00,1300.78,1300.78,1300.77,1300.77,-0.0,8.13,10598.67,-1
2026-08-03,2026-08-03 11:55:00,1300.77,1300.77,1300.77,1300.77,0.0,8.13,10598.67,0
2026-08-03,2026-08-03 11:56:00,1300.77,1300.77,1300.76,1300.76,-0.0,8.13,10598.67,-1
2026-08-03,2026-08-03 11:57:00,1300.76,1300.76,1300.76,1300.76,0.0,8.13,10598.67,0
2026-08-03,2026-08-03 11:58:00,1300.76,1300.76,1300.75,1300.75,-0.0,8.13,10598.67,-1
2026-08-03,2026-08-03 11:59:00,1300.75,1300.75,1300.75,1300.75,0.0,8.13,10598.67,0
2026-08-03,2026-08-03 12:00:00,1300.75,1300.75,1300.75,1300.75,0.0,8.13,10598.67,0
2026-08-03,2026-08-03 12:01:00,1300.75,1300.75,1300.74,1300.74,-0.0,8.13,10598.67,-1
2026-08-03,2026-08-03 12:02:00,1300.74,1300.74,1300.74,1300.74,0.0,8.13,10598.67,0
2026-08-03,2026-08-03 12:03:00,1300.74,1300.74,1300.73,1300.73,-0.0,8.13,10598.67,-1
2026-08-03,2026-08-03 12:04:00,1300.73,1300.73,1300.73,1300.73,0.0,8.13,10598.67,0
2026-08-03,2026-08-03 12:05:00,1300.73,1300.73,1300.72,1300.72,-0.0,8.13,10598.67,-1
2026-08-03,2026-08-03 12:06:00,1300.72,1300.72,1300.72,1300.72,0.0,8.13,10598.67,0
2026-08-03,2026-08-03 12:07:00,1300.72,1300.72,1300.72,1300.72,0.0,8.13,10598.67,0
2026-08-03,2026-08-03 12:08:00,1300.72,1300.72,1300.71,1300.71,-0.0,8.13,10598.67,-1
2026-08-03,2026-08-03 12:09:00,1300.71,1300.71,1300.71,1300.71,0.0,8.13,10598.67,0
2026-08-03,2026-08-03 12:10:00,1300.71,1300.71,1300.7,1300.7,-0.0,8.13,10598.67,-1
2026-08-03,2026-08-03 12:11:00,1300.7,1300.7,1300.7,1300.7,0.0,8.13,10598.67,0
2026-08-03,2026-08-03 12:12:00,1300.7,1300.7,1300.7,1300.7,0.0,8.13,10598.67,0
2026-08-03,2026-08-03 12:13:00,1300.7,1300.7,1300.69,1300.69,-0.0,8.13,10598.67,-1
2026-08-03,2026-08-03 12:14:00,1300.69,1300.69,1300.69,1300.69,0.0,8.13,10598.67,0
2026-08-03,2026-08-03 12:15:00,1300.69,1300.69,1300.68,1300.68,-0.0,8.13,10598.67,-1
2026-08-03,2026-08-03 12:16:00,1300.68,1300.68,1300.68,1300.68,0.0,8.13,10598.67,0
2026-08-03,2026-08-03 12:17:00,1300.68,1300.68,1300.67,1300.67,-0.0,8.13,10598.67,-1
2026-08-03,2026-08-03 12:18:00,1300.67,1300.67,1300.67,1300.67,0.0,8.13,10598.67,0
2026-08-03,2026-08-03 12:19:00,1300.67,1300.67,1300.67,1300.67,0.0,8.13,10598.67,0
2026-08-03,2026-08-03 12:20:00,1300.67,1300.67,1300.66,1300.66,-0.0,8.13,10598.67,-1
2026-08-03,2026-08-03 12:21:00,1300.66,1300.66,1300.66,1300.66,0.0,8.13,10598.67,0
2026-08-03,2026-08-03 12:22:00,1300.66,1300.66,1300.65,1300.65,-0.0,8.13,10598.67,-1
2026-08-03,2026-08-03 12:23:00,1300.65,1300.65,1300.65,1300.65,0.0,8.13,10598.67,0
2026-08-03,2026-08-03 12:24:00,1300.65,1300.65,1300.65,1300.65,0.0,8.13,10598.67,0
2026-08-03,2026-08-03 12:25:00,1300.65,1300.65,1300.64,1300.64,-0.0,8.13,10598.67,-1
2026-08-03,2026-08-03 12:26:00,1300.64,1300.64,1300.64,1300.64,0.0,8.13,10598.67,0
2026-08-03,2026-08-03 12:27:00,1300.64,1300.64,1300.63,1300.63,-0.0,8.13,10598.67,-1
2026-08-03,2026-08-03 12:28:00,1300.63,1300.63,1300.63,1300.63,0.0,8.13,10598.67,0
2026-08-03,2026-08-03 12:29:00,1300.63,1300.63,1300.62,1300.62,-0.0,8.13,10598.67,-1
2026-08-03,2026-08-03 12:30:00,1300.62,1300.62,1300.62,1300.62,0.0,8.13,10598.67,0
2026-08-03,2026-08-03 12:31:00,1300.62,1300.62,1300.62,1300.62,0.0,8.13,10598.67,0
2026-08-03,2026-08-03 12:32:00,1300.62,1300.62,1300.61,1300.61,-0.0,8.13,10598.67,-1
2026-08-03,2026-08-03 12:33:00,1300.61,1300.61,1300.61,1300.61,0.0,8.13,10598.67,0
2026-08-03,2026-08-03 12:34:00,1300.61,1300.61,1300.6,1300.6,-0.0,8.13,10598.67,-1
2026-08-03,2026-08-03 12:35:00,1300.6,1300.6,1300.6,1300.6,0.0,8.13,10598.67,0
2026-08-03,2026-08-03 12:36:00,1300.6,1300.6,1300.6,1300.6,0.0,8.13,10598.67,0
2026-08-03,2026-08-03 12:37:00,1300.6,1300.6,1300.59,1300.59,-0.0,8.13,10598.67,-1
2026-08-03,2026-08-03 12:38:00,1300.59,1300.59,1300.59,1300.59,0.0,8.13,10598.67,0
2026-08-03,2026-08-03 12:39:00,1300.59,1300.59,1300.58,1300.58,-0.0,8.13,10598.67,-1
2026-08-03,2026-08-03 12:40:00,1300.58,1300.58,1300.58,1300.58,0.0,8.13,10598.67,0
2026-08-03,2026-08-03 12:41:00,1300.58,1300.58,1300.58,1300.58,0.0,8.13,10598.67,0
2026-08-03,2026-08-03 12:42:00,1300.58,1300.58,1300.57,1300.57,-0.0,8.13,10598.67,-1
2026-08-03,2026-08-03 12:43:00,1300.57,1300.57,1300.57,1300.57,0.0,8.13,10598.67,0
2026-08-03,2026-08-03 12:44:00,1300.57,1300.57,1300.56,1300.56,-0.0,8.13,10598.67,-1
2026-08-03,2026-08-03 12:45:00,1300.56,1300.56,1300.56,1300.56,0.0,8.13,10598.67,0
2026-08-03,2026-08-03 12:46:00,1300.56,1300.56,1300.55,1300.55,-0.0,8.13,10598.67,-1
2026-08-03,2026-08-03 12:47:00,1300.55,1300.55,1300.55,1300.55,0.0,8.13,10598.67,0
2026-08-03,2026-08-03 12:48:00,1300.55,1300.55,1300.55,1300.55,0.0,8.13,10598.67,0
2026-08-03,2026-08-03 12:49:00,1300.55,1300.55,1300.54,1300.54,-0.0,8.13,10598.67,-1
2026-08-03,2026-08-03 12:50:00,1300.54,1300.54,1300.54,1300.54,0.0,8.13,10598.67,0
2026-08-03,2026-08-03 12:51:00,1300.54,1300.54,1300.53,1300.53,-0.0,8.13,10598.67,-1
2026-08-03,2026-08-03 12:52:00,1300.53,1300.53,1300.53,1300.53,0.0,8.13,10598.67,0
2026-08-03,2026-08-03 12:53:00,1300.53,1300.53,1300.53,1300.53,0.0,8.13,10598.67,0
2026-08-03,2026-08-03 12:54:00,1300.53,1300.53,1300.52,1300.52,-0.0,8.13,10598.67,-1
2026-08-03,2026-08-03 12:55:00,1300.52,1300.52,1300.52,1300.52,0.0,8.13,10598.67,0
2026-08-03,2026-08-03 12:56:00,1300.52,1300.52,1300.51,1300.51,-0.0,8.13,10598.67,-1
2026-08-03,2026-08-03 12:57:00,1300.51,1300.51,1300.51,1300.51,0.0,8.13,10598.67,0
2026-08-03,2026-08-03 12:58:00,1300.51,1300.51,1300.5,1300.5,-0.0,8.13,10598.67,-1
2026-08-03,2026-08-03 12:59:00,1300.5,1300.5,1300.5,1300.5,0.0,8.13,10598.67,0
2026-08-03,2026-08-03 13:00:00,1300.5,1330.0,1300.0,1300.5,0.0,8.13,10598.67,0
2026-08-03,2026-08-03 13:01:00,1300.5,1300.5,1300.49,1300.49,-0.0,8.13,10598.67,-1
2026-08-03,2026-08-03 13:02:00,1300.49,1300.49,1300.49,1300.49,0.0,8.13,10598.67,0
2026-08-03,2026-08-03 13:03:00,1300.49,1300.49,1300.48,1300.48,-0.0,8.13,10598.67,-1
2026-08-03,2026-08-03 13:04:00,1300.48,1300.48,1300.48,1300.48,0.0,8.13,10598.67,0
2026-08-03,2026-08-03 13:05:00,1300.48,1300.48,1300.47,1300.47,-0.0,8.13,10598.67,-1
2026-08-03,2026-08-03 13:06:00,1300.47,1300.47,1300.47,1300.47,0.0,8.13,10598.67,0
2026-08-03,2026-08-03 13:07:00,1300.47,1300.47,1300.47,1300.47,0.0,8.13,10598.67,0
2026-08-03,2026-08-03 13:08:00,1300.47,1300.47,1300.46,1300.46,-0.0,8.13,10598.67,-1
2026-08-03,2026-08-03 13:09:00,1300.46,1300.46,1300.46,1300.46,0.0,8.13,10598.67,0
2026-08-03,2026-08-03 13:10:00,1300.46,1300.46,1300.45,1300.45,-0.0,8.13,10598.67,-1
2026-08-03,2026-08-03 13:11:00,1300.45,1300.45,1300.45,1300.45,0.0,8.13,10598.67,0
2026-08-03,2026-08-03 13:12:00,1300.45,1300.45,1300.45,1300.45,0.0,8.13,10598.67,0
2026-08-03,2026-08-03 13:13:00,1300.45,1300.45,1300.44,1300.44,-0.0,8.13,10598.67,-1
2026-08-03,2026-08-03 13:14:00,1300.44,1300.44,1300.44,1300.44,0.0,8.13,10598.67,0
2026-08-03,2026-08-03 13:15:00,1300.44,1300.44,1300.43,1300.43,-0.0,8.13,10598.67,-1
2026-08-03,2026-08-03 13:16:00,1300.43,1300.43,1300.43,1300.43,0.0,8.13,10598.67,0
2026-08-03,2026-08-03 13:17:00,1300.43,1300.43,1300.42,1300.42,-0.0,8.13,10598.67,-1
2026-08-03,2026-08-03 13:18:00,1300.42,1300.42,1300.42,1300.42,0.0,8.13,10598.67,0
2026-08-03,2026-08-03 13:19:00,1300.42,1300.42,1300.42,1300.42,0.0,8.13,10598.67,0
2026-08-03,2026-08-03 13:20:00,1300.42,1300.42,1300.41,1300.41,-0.0,8.13,10598.67,-1
2026-08-03,2026-08-03 13:21:00,1300.41,1300.41,1300.41,1300.41,0.0,8.13,10598.67,0
2026-08-03,2026-08-03 13:22:00,1300.41,1300.41,1300.4,1300.4,-0.0,8.13,10598.67,-1
2026-08-03,2026-08-03 13:23:00,1300.4,1300.4,1300.4,1300.4,0.0,8.13,10598.67,0
2026-08-03,2026-08-03 13:24:00,1300.4,1300.4,1300.4,1300.4,0.0,8.13,10598.67,0
2026-08-03,2026-08-03 13:25:00,1300.4,1300.4,1300.39,1300.39,-0.0,8.13,10598.67,-1
2026-08-03,2026-08-03 13:26:00,1300.39,1300.39,1300.39,1300.39,0.0,8.13,10598.67,0
2026-08-03,2026-08-03 13:27:00,1300.39,1300.39,1300.38,1300.38,-0.0,8.13,10598.67,-1
2026-08-03,2026-08-03 13:28:00,1300.38,1300.38,1300.38,1300.38,0.0,8.13,10598.67,0
2026-08-03,2026-08-03 13:29:00,1300.38,1300.38,1300.38,1300.38,0.0,8.13,10598.67,0
2026-08-03,2026-08-03 13:30:00,1300.38,1300.38,1300.37,1300.37,-0.0,8.13,10598.67,-1
2026-08-03,2026-08-03 13:31:00,1300.37,1300.37,1300.37,1300.37,0.0,8.13,10598.67,0
2026-08-03,2026-08-03 13:32:00,1300.37,1300.37,1300.36,1300.36,-0.0,8.13,10598.67,-1
2026-08-03,2026-08-03 13:33:00,1300.36,1300.36,1300.36,1300.36,0.0,8.13,10598.67,0
2026-08-03,2026-08-03 13:34:00,1300.36,1300.36,1300.35,1300.35,-0.0,8.13,10598.67,-1
2026-08-03,2026-08-03 13:35:00,1300.35,1300.35,1300.35,1300.35,0.0,8.13,10598.67,0
2026-08-03,2026-08-03 13:36:00,1300.35,1300.35,1300.35,1300.35,0.0,8.13,10598.67,0
2026-08-03,2026-08-03 13:37:00,1300.35,1300.35,1300.34,1300.34,-0.0,8.13,10598.67,-1
2026-08-03,2026-08-03 13:38:00,1300.34,1300.34,1300.34,1300.34,0.0,8.13,10598.67,0
2026-08-03,2026-08-03 13:39:00,1300.34,1300.34,1300.33,1300.33,-0.0,8.13,10598.67,-1
2026-08-03,2026-08-03 13:40:00,1300.33,1300.33,1300.33,1300.33,0.0,8.13,10598.67,0
2026-08-03,2026-08-03 13:41:00,1300.33,1300.33,1300.33,1300.33,0.0,8.13,10598.67,0
2026-08-03,2026-08-03 13:42:00,1300.33,1300.33,1300.32,1300.32,-0.0,8.13,10598.67,-1
2026-08-03,2026-08-03 13:43:00,1300.32,1300.32,1300.32,1300.32,0.0,8.13,10598.67,0
2026-08-03,2026-08-03 13:44:00,1300.32,1300.32,1300.31,1300.31,-0.0,8.13,10598.67,-1
2026-08-03,2026-08-03 13:45:00,1300.31,1300.31,1300.31,1300.31,0.0,8.13,10598.67,0
2026-08-03,2026-08-03 13:46:00,1300.31,1300.31,1300.3,1300.3,-0.0,8.13,10598.67,-1
2026-08-03,2026-08-03 13:47:00,1300.3,1300.3,1300.3,1300.3,0.0,8.13,10598.67,0
2026-08-03,2026-08-03 13:48:00,1300.3,1300.3,1300.3,1300.3,0.0,8.13,10598.67,0
2026-08-03,2026-08-03 13:49:00,1300.3,1300.3,1300.29,1300.29,-0.0,8.13,10598.67,-1
2026-08-03,2026-08-03 13:50:00,1300.29,1300.29,1300.29,1300.29,0.0,8.13,10598.67,0
2026-08-03,2026-08-03 13:51:00,1300.29,1300.29,1300.28,1300.28,-0.0,8.13,10598.67,-1
2026-08-03,2026-08-03 13:52:00,1300.28,1300.28,1300.28,1300.28,0.0,8.13,10598.67,0
2026-08-03,2026-08-03 13:53:00,1300.28,1300.28,1300.28,1300.28,0.0,8.13,10598.67,0
2026-08-03,2026-08-03 13:54:00,1300.28,1300.28,1300.27,1300.27,-0.0,8.13,10598.67,-1
2026-08-03,2026-08-03 13:55:00,1300.27,1300.27,1300.27,1300.27,0.0,8.13,10598.67,0
2026-08-03,2026-08-03 13:56:00,1300.27,1300.27,1300.26,1300.26,-0.0,8.13,10598.67,-1
2026-08-03,2026-08-03 13:57:00,1300.26,1300.26,1300.26,1300.26,0.0,8.13,10598.67,0
2026-08-03,2026-08-03 13:58:00,1300.26,1300.26,1300.25,1300.25,-0.0,8.13,10598.67,-1
2026-08-03,2026-08-03 13:59:00,1300.25,1300.25,1300.25,1300.25,0.0,8.13,10598.67,0
2026-08-03,2026-08-03 14:00:00,1300.25,1300.25,1300.25,1300.25,0.0,8.13,10598.67,0
2026-08-03,2026-08-03 14:01:00,1300.25,1300.25,1300.24,1300.24,-0.0,8.13,10598.67,-1
2026-08-03,2026-08-03 14:02:00,1300.24,1300.24,1300.24,1300.24,0.0,8.13,10598.67,0
2026-08-03,2026-08-03 14:03:00,1300.24,1300.24,1300.23,1300.23,-0.0,8.13,10598.67,-1
2026-08-03,2026-08-03 14:04:00,1300.23,1300.23,1300.23,1300.23,0.0,8.13,10598.67,0
2026-08-03,2026-08-03 14:05:00,1300.23,1300.23,1300.22,1300.22,-0.0,8.13,10598.67,-1
2026-08-03,2026-08-03 14:06:00,1300.22,1300.22,1300.22,1300.22,0.0,8.13,10598.67,0
2026-08-03,2026-08-03 14:07:00,1300.22,1300.22,1300.22,1300.22,0.0,8.13,10598.67,0
2026-08-03,2026-08-03 14:08:00,1300.22,1300.22,1300.21,1300.21,-0.0,8.13,10598.67,-1
2026-08-03,2026-08-03 14:09:00,1300.21,1300.21,1300.21,1300.21,0.0,8.13,10598.67,0
2026-08-03,2026-08-03 14:10:00,1300.21,1300.21,1300.2,1300.2,-0.0,8.13,10598.67,-1
2026-08-03,2026-08-03 14:11:00,1300.2,1300.2,1300.2,1300.2,0.0,8.13,10598.67,0
2026-08-03,2026-08-03 14:12:00,1300.2,1300.2,1300.2,1300.2,0.0,8.13,10598.67,0
2026-08-03,2026-08-03 14:13:00,1300.2,1300.2,1300.19,1300.19,-0.0,8.13,10598.67,-1
2026-08-03,2026-08-03 14:14:00,1300.19,1300.19,1300.19,1300.19,0.0,8.13,10598.67,0
2026-08-03,2026-08-03 14:15:00,1300.19,1300.19,1300.18,1300.18,-0.0,8.13,10598.67,-1
2026-08-03,2026-08-03 14:16:00,1300.18,1300.18,1300.18,1300.18,0.0,8.13,10598.67,0
2026-08-03,2026-08-03 14:17:00,1300.18,1300.18,1300.17,1300.17,-0.0,8.13,10598.67,-1
2026-08-03,2026-08-03 14:18:00,1300.17,1300.17,1300.17,1300.17,0.0,8.13,10598.67,0
2026-08-03,2026-08-03 14:19:00,1300.17,1300.17,1300.17,1300.17,0.0,8.13,10598.67,0
2026-08-03,2026-08-03 14:20:00,1300.17,1300.17,1300.16,1300.16,-0.0,8.13,10598.67,-1
2026-08-03,2026-08-03 14:21:00,1300.16,1300.16,1300.16,1300.16,0.0,8.13,10598.67,0
2026-08-03,2026-08-03 14:22:00,1300.16,1300.16,1300.15,1300.15,-0.0,8.13,10598.67,-1
2026-08-03,2026-08-03 14:23:00,1300.15,1300.15,1300.15,1300.15,0.0,8.13,10598.67,0
2026-08-03,2026-08-03 14:24:00,1300.15,1300.15,1300.15,1300.15,0.0,8.13,10598.67,0
2026-08-03,2026-08-03 14:25:00,1300.15,1300.15,1300.14,1300.14,-0.0,8.13,10598.67,-1
2026-08-03,2026-08-03 14:26:00,1300.14,1300.14,1300.14,1300.14,0.0,8.13,10598.67,0
2026-08-03,2026-08-03 14:27:00,1300.14,1300.14,1300.13,1300.13,-0.0,8.13,10598.67,-1
2026-08-03,2026-08-03 14:28:00,1300.13,1300.13,1300.13,1300.13,0.0,8.13,10598.67,0
2026-08-03,2026-08-03 14:29:00,1300.13,1300.13,1300.12,1300.12,-0.0,8.13,10598.67,-1
2026-08-03,2026-08-03 14:30:00,1300.12,1300.12,1300.12,1300.12,0.0,8.13,10598.67,0
2026-08-03,2026-08-03 14:31:00,1300.12,1300.12,1300.12,1300.12,0.0,8.13,10598.67,0
2026-08-03,2026-08-03 14:32:00,1300.12,1300.12,1300.11,1300.11,-0.0,8.13,10598.67,-1
2026-08-03,2026-08-03 14:33:00,1300.11,1300.11,1300.11,1300.11,0.0,8.13,10598.67,0
2026-08-03,2026-08-03 14:34:00,1300.11,1300.11,1300.1,1300.1,-0.0,8.13,10598.67,-1
2026-08-03,2026-08-03 14:35:00,1300.1,1300.1,1300.1,1300.1,0.0,8.13,10598.67,0
2026-08-03,2026-08-03 14:36:00,1300.1,1300.1,1300.1,1300.1,0.0,8.13,10598.67,0
2026-08-03,2026-08-03 14:37:00,1300.1,1300.1,1300.09,1300.09,-0.0,8.13,10598.67,-1
2026-08-03,2026-08-03 14:38:00,1300.09,1300.09,1300.09,1300.09,0.0,8.13,10598.67,0
2026-08-03,2026-08-03 14:39:00,1300.09,1300.09,1300.08,1300.08,-0.0,8.13,10598.67,-1
2026-08-03,2026-08-03 14:40:00,1300.08,1300.08,1300.08,1300.08,0.0,8.13,10598.67,0
2026-08-03,2026-08-03 14:41:00,1300.08,1300.08,1300.08,1300.08,0.0,8.13,10598.67,0
2026-08-03,2026-08-03 14:42:00,1300.08,1300.08,1300.07,1300.07,-0.0,8.13,10598.67,-1
2026-08-03,2026-08-03 14:43:00,1300.07,1300.07,1300.07,1300.07,0.0,8.13,10598.67,0
2026-08-03,2026-08-03 14:44:00,1300.07,1300.07,1300.06,1300.06,-0.0,8.13,10598.67,-1
2026-08-03,2026-08-03 14:45:00,1300.06,1300.06,1300.06,1300.06,0.0,8.13,10598.67,0
2026-08-03,2026-08-03 14:46:00,1300.06,1300.06,1300.05,1300.05,-0.0,8.13,10598.67,-1
2026-08-03,2026-08-03 14:47:00,1300.05,1300.05,1300.05,1300.05,0.0,8.13,10598.67,0
2026-08-03,2026-08-03 14:48:00,1300.05,1300.05,1300.05,1300.05,0.0,8.13,10598.67,0
2026-08-03,2026-08-03 14:49:00,1300.05,1300.05,1300.04,1300.04,-0.0,8.13,10598.67,-1
2026-08-03,2026-08-03 14:50:00,1300.04,1300.04,1300.04,1300.04,0.0,8.13,10598.67,0
2026-08-03,2026-08-03 14:51:00,1300.04,1300.04,1300.03,1300.03,-0.0,8.13,10598.67,-1
2026-08-03,2026-08-03 14:52:00,1300.03,1300.03,1300.03,1300.03,0.0,8.13,10598.67,0
2026-08-03,2026-08-03 14:53:00,1300.03,1300.03,1300.03,1300.03,0.0,8.13,10598.67,0
2026-08-03,2026-08-03 14:54:00,1300.03,1300.03,1300.02,1300.02,-0.0,8.13,10598.67,-1
2026-08-03,2026-08-03 14:55:00,1300.02,1300.02,1300.02,1300.02,0.0,8.13,10598.67,0
2026-08-03,2026-08-03 14:56:00,1300.02,1300.02,1300.01,1300.01,-0.0,8.13,10598.67,-1
2026-08-03,2026-08-03 14:57:00,1300.01,1300.01,1300.01,1300.01,0.0,8.13,10598.67,0
2026-08-03,2026-08-03 14:58:00,1300.01,1300.01,1300.0,1300.0,-0.0,8.13,10598.67,-1
2026-08-03,2026-08-03 14:59:00,1300.0,1300.0,1300.0,1300.0,0.0,8.13,10598.67,0
2026-08-03,2026-08-03 15:00:00,1300.0,1330.0,1300.0,1300.0,0.0,8.13,10598.67,0
2026-08-04,2026-08-04 11:00:00,1295.0,1303.07,1290.8,1295.02,0.0,5.61,7301.04,1
2026-08-04,2026-08-04 11:01:00,1295.02,1295.04,1295.02,1295.04,0.0,5.61,7301.04,1
2026-08-04,2026-08-04 11:02:00,1295.04,1295.06,1295.04,1295.06,0.0,5.61,7301.04,1
2026-08-04,2026-08-04 11:03:00,1295.06,1295.08,1295.06,1295.08,0.0,5.61,7301.04,1
2026-08-04,2026-08-04 11:04:00,1295.08,1295.1,1295.08,1295.1,0.0,5.61,7301.04,1
2026-08-04,2026-08-04 11:05:00,1295.1,1295.12,1295.1,1295.12,0.0,5.61,7301.04,1
2026-08-04,2026-08-04 11:06:00,1295.12,1295.15,1295.12,1295.15,0.0,5.61,7301.04,1
2026-08-04,2026-08-04 11:07:00,1295.15,1295.17,1295.15,1295.17,0.0,5.61,7301.04,1
2026-08-04,2026-08-04 11:08:00,1295.17,1295.19,1295.17,1295.19,0.0,5.61,7301.04,1
2026-08-04,2026-08-04 11:09:00,1295.19,1295.21,1295.19,1295.21,0.0,5.61,7301.04,1
2026-08-04,2026-08-04 11:10:00,1295.21,1295.23,1295.21,1295.23,0.0,5.61,7301.04,1
2026-08-04,2026-08-04 11:11:00,1295.23,1295.25,1295.23,1295.25,0.0,5.61,7301.04,1
2026-08-04,2026-08-04 11:12:00,1295.25,1295.27,1295.25,1295.27,0.0,5.61,7301.04,1
2026-08-04,2026-08-04 11:13:00,1295.27,1295.29,1295.27,1295.29,0.0,5.61,7301.04,1
2026-08-04,2026-08-04 11:14:00,1295.29,1295.31,1295.29,1295.31,0.0,5.61,7301.04,1
2026-08-04,2026-08-04 11:15:00,1295.31,1295.33,1295.31,1295.33,0.0,5.61,7301.04,1
2026-08-04,2026-08-04 11:16:00,1295.33,1295.35,1295.33,1295.35,0.0,5.61,7301.04,1
2026-08-04,2026-08-04 11:17:00,1295.35,1295.38,1295.35,1295.38,0.0,5.61,7301.04,1
2026-08-04,2026-08-04 11:18:00,1295.38,1295.4,1295.38,1295.4,0.0,5.61,7301.04,1
2026-08-04,2026-08-04 11:19:00,1295.4,1295.42,1295.4,1295.42,0.0,5.61,7301.04,1
2026-08-04,2026-08-04 11:20:00,1295.42,1295.44,1295.42,1295.44,0.0,5.61,7301.04,1
2026-08-04,2026-08-04 11:21:00,1295.44,1295.46,1295.44,1295.46,0.0,5.61,7301.04,1
2026-08-04,2026-08-04 11:22:00,1295.46,1295.48,1295.46,1295.48,0.0,5.61,7301.04,1
2026-08-04,2026-08-04 11:23:00,1295.48,1295.5,1295.48,1295.5,0.0,5.61,7301.04,1
2026-08-04,2026-08-04 11:24:00,1295.5,1295.52,1295.5,1295.52,0.0,5.61,7301.04,1
2026-08-04,2026-08-04 11:25:00,1295.52,1295.54,1295.52,1295.54,0.0,5.61,7301.04,1
2026-08-04,2026-08-04 11:26:00,1295.54,1295.56,1295.54,1295.56,0.0,5.61,7301.04,1
2026-08-04,2026-08-04 11:27:00,1295.56,1295.58,1295.56,1295.58,0.0,5.61,7301.04,1
2026-08-04,2026-08-04 11:28:00,1295.58,1295.6,1295.58,1295.6,0.0,5.61,7301.04,1
2026-08-04,2026-08-04 11:29:00,1295.6,1295.62,1295.6,1295.62,0.0,5.61,7301.04,1
2026-08-04,2026-08-04 11:30:00,1295.62,1295.65,1295.62,1295.65,0.0,5.61,7301.04,1
2026-08-04,2026-08-04 11:31:00,1295.65,1295.67,1295.65,1295.67,0.0,5.61,7301.04,1
2026-08-04,2026-08-04 11:32:00,1295.67,1295.69,1295.67,1295.69,0.0,5.61,7301.04,1
2026-08-04,2026-08-04 11:33:00,1295.69,1295.71,1295.69,1295.71,0.0,5.61,7301.04,1
2026-08-04,2026-08-04 11:34:00,1295.71,1295.73,1295.71,1295.73,0.0,5.61,7301.04,1
2026-08-04,2026-08-04 11:35:00,1295.73,1295.75,1295.73,1295.75,0.0,5.61,7301.04,1
2026-08-04,2026-08-04 11:36:00,1295.75,1295.77,1295.75,1295.77,0.0,5.61,7301.04,1
2026-08-04,2026-08-04 11:37:00,1295.77,1295.79,1295.77,1295.79,0.0,5.61,7301.04,1
2026-08-04,2026-08-04 11:38:00,1295.79,1295.81,1295.79,1295.81,0.0,5.61,7301.04,1
2026-08-04,2026-08-04 11:39:00,1295.81,1295.83,1295.81,1295.83,0.0,5.61,7301.04,1
2026-08-04,2026-08-04 11:40:00,1295.83,1295.85,1295.83,1295.85,0.0,5.61,7301.04,1
2026-08-04,2026-08-04 11:41:00,1295.85,1295.88,1295.85,1295.88,0.0,5.61,7301.04,1
2026-08-04,2026-08-04 11:42:00,1295.88,1295.9,1295.88,1295.9,0.0,5.61,7301.04,1
2026-08-04,2026-08-04 11:43:00,1295.9,1295.92,1295.9,1295.92,0.0,5.61,7301.04,1
2026-08-04,2026-08-04 11:44:00,1295.92,1295.94,1295.92,1295.94,0.0,5.61,7301.04,1
2026-08-04,2026-08-04 11:45:00,1295.94,1295.96,1295.94,1295.96,0.0,5.61,7301.04,1
2026-08-04,2026-08-04 11:46:00,1295.96,1295.98,1295.96,1295.98,0.0,5.61,7301.04,1
2026-08-04,2026-08-04 11:47:00,1295.98,1296.0,1295.98,1296.0,0.0,5.61,7301.04,1
2026-08-04,2026-08-04 11:48:00,1296.0,1296.02,1296.0,1296.02,0.0,5.61,7301.04,1
2026-08-04,2026-08-04 11:49:00,1296.02,1296.04,1296.02,1296.04,0.0,5.61,7301.04,1
2026-08-04,2026-08-04 11:50:00,1296.04,1296.06,1296.04,1296.06,0.0,5.61,7301.04,1
2026-08-04,2026-08-04 11:51:00,1296.06,1296.08,1296.06,1296.08,0.0,5.61,7301.04,1
2026-08-04,2026-08-04 11:52:00,1296.08,1296.1,1296.08,1296.1,0.0,5.61,7301.04,1
2026-08-04,2026-08-04 11:53:00,1296.1,1296.12,1296.1,1296.12,0.0,5.61,7301.04,1
2026-08-04,2026-08-04 11:54:00,1296.12,1296.15,1296.12,1296.15,0.0,5.61,7301.04,1
2026-08-04,2026-08-04 11:55:00,1296.15,1296.17,1296.15,1296.17,0.0,5.61,7301.04,1
2026-08-04,2026-08-04 11:56:00,1296.17,1296.19,1296.17,1296.19,0.0,5.61,7301.04,1
2026-08-04,2026-08-04 11:57:00,1296.19,1296.21,1296.19,1296.21,0.0,5.61,7301.04,1
2026-08-04,2026-08-04 11:58:00,1296.21,1296.23,1296.21,1296.23,0.0,5.61,7301.04,1
2026-08-04,2026-08-04 11:59:00,1296.23,1296.25,1296.23,1296.25,0.0,5.61,7301.04,1
2026-08-04,2026-08-04 12:00:00,1296.25,1296.27,1296.25,1296.27,0.0,5.61,7301.04,1
2026-08-04,2026-08-04 12:01:00,1296.27,1296.29,1296.27,1296.29,0.0,5.61,7301.04,1
2026-08-04,2026-08-04 12:02:00,1296.29,1296.31,1296.29,1296.31,0.0,5.61,7301.04,1
2026-08-04,2026-08-04 12:03:00,1296.31,1296.33,1296.31,1296.33,0.0,5.61,7301.04,1
2026-08-04,2026-08-04 12:04:00,1296.33,1296.35,1296.33,1296.35,0.0,5.61,7301.04,1
2026-08-04,2026-08-04 12:05:00,1296.35,1296.38,1296.35,1296.38,0.0,5.61,7301.04,1
2026-08-04,2026-08-04 12:06:00,1296.38,1296.4,1296.38,1296.4,0.0,5.61,7301.04,1
2026-08-04,2026-08-04 12:07:00,1296.4,1296.42,1296.4,1296.42,0.0,5.61,7301.04,1
2026-08-04,2026-08-04 12:08:00,1296.42,1296.44,1296.42,1296.44,0.0,5.61,7301.04,1
2026-08-04,2026-08-04 12:09:00,1296.44,1296.46,1296.44,1296.46,0.0,5.61,7301.04,1
2026-08-04,2026-08-04 12:10:00,1296.46,1296.48,1296.46,1296.48,0.0,5.61,7301.04,1
2026-08-04,2026-08-04 12:11:00,1296.48,1296.5,1296.48,1296.5,0.0,5.61,7301.04,1
2026-08-04,2026-08-04 12:12:00,1296.5,1296.52,1296.5,1296.52,0.0,5.61,7301.04,1
2026-08-04,2026-08-04 12:13:00,1296.52,1296.54,1296.52,1296.54,0.0,5.61,7301.04,1
2026-08-04,2026-08-04 12:14:00,1296.54,1296.56,1296.54,1296.56,0.0,5.61,7301.04,1
2026-08-04,2026-08-04 12:15:00,1296.56,1296.58,1296.56,1296.58,0.0,5.61,7301.04,1
2026-08-04,2026-08-04 12:16:00,1296.58,1296.6,1296.58,1296.6,0.0,5.61,7301.04,1
2026-08-04,2026-08-04 12:17:00,1296.6,1296.62,1296.6,1296.62,0.0,5.61,7301.04,1
2026-08-04,2026-08-04 12:18:00,1296.62,1296.65,1296.62,1296.65,0.0,5.61,7301.04,1
2026-08-04,2026-08-04 12:19:00,1296.65,1296.67,1296.65,1296.67,0.0,5.61,7301.04,1
2026-08-04,2026-08-04 12:20:00,1296.67,1296.69,1296.67,1296.69,0.0,5.61,7301.04,1
2026-08-04,2026-08-04 12:21:00,1296.69,1296.71,1296.69,1296.71,0.0,5.61,7301.04,1
2026-08-04,2026-08-04 12:22:00,1296.71,1296.73,1296.71,1296.73,0.0,5.61,7301.04,1
2026-08-04,2026-08-04 12:23:00,1296.73,1296.75,1296.73,1296.75,0.0,5.61,7301.04,1
2026-08-04,2026-08-04 12:24:00,1296.75,1296.77,1296.75,1296.77,0.0,5.61,7301.04,1
2026-08-04,2026-08-04 12:25:00,1296.77,1296.79,1296.77,1296.79,0.0,5.61,7301.04,1
2026-08-04,2026-08-04 12:26:00,1296.79,1296.81,1296.79,1296.81,0.0,5.61,7301.04,1
2026-08-04,2026-08-04 12:27:00,1296.81,1296.83,1296.81,1296.83,0.0,5.61,7301.04,1
2026-08-04,2026-08-04 12:28:00,1296.83,1296.85,1296.83,1296.85,0.0,5.61,7301.04,1
2026-08-04,2026-08-04 12:29:00,1296.85,1296.88,1296.85,1296.88,0.0,5.61,7301.04,1
2026-08-04,2026-08-04 12:30:00,1296.88,1296.9,1296.88,1296.9,0.0,5.61,7301.04,1
2026-08-04,2026-08-04 12:31:00,1296.9,1296.92,1296.9,1296.92,0.0,5.61,7301.04,1
2026-08-04,2026-08-04 12:32:00,1296.92,1296.94,1296.92,1296.94,0.0,5.61,7301.04,1
2026-08-04,2026-08-04 12:33:00,1296.94,1296.96,1296.94,1296.96,0.0,5.61,7301.04,1
2026-08-04,2026-08-04 12:34:00,1296.96,1296.98,1296.96,1296.98,0.0,5.61,7301.04,1
2026-08-04,2026-08-04 12:35:00,1296.98,1297.0,1296.98,1297.0,0.0,5.61,7301.04,1
2026-08-04,2026-08-04 12:36:00,1297.0,1297.02,1297.0,1297.02,0.0,5.61,7301.04,1
2026-08-04,2026-08-04 12:37:00,1297.02,1297.04,1297.02,1297.04,0.0,5.61,7301.04,1
2026-08-04,2026-08-04 12:38:00,1297.04,1297.06,1297.04,1297.06,0.0,5.61,7301.04,1
2026-08-04,2026-08-04 12:39:00,1297.06,1297.08,1297.06,1297.08,0.0,5.61,7301.04,1
2026-08-04,2026-08-04 12:40:00,1297.08,1297.1,1297.08,1297.1,0.0,5.61,7301.04,1
2026-08-04,2026-08-04 12:41:00,1297.1,1297.12,1297.1,1297.12,0.0,5.61,7301.04,1
2026-08-04,2026-08-04 12:42:00,1297.12,1297.15,1297.12,1297.15,0.0,5.61,7301.04,1
2026-08-04,2026-08-04 12:43:00,1297.15,1297.17,1297.15,1297.17,0.0,5.61,7301.04,1
2026-08-04,2026-08-04 12:44:00,1297.17,1297.19,1297.17,1297.19,0.0,5.61,7301.04,1
2026-08-04,2026-08-04 12:45:00,1297.19,1297.21,1297.19,1297.21,0.0,5.61,7301.04,1
2026-08-04,2026-08-04 12:46:00,1297.21,1297.23,1297.21,1297.23,0.0,5.61,7301.04,1
2026-08-04,2026-08-04 12:47:00,1297.23,1297.25,1297.23,1297.25,0.0,5.61,7301.04,1
2026-08-04,2026-08-04 12:48:00,1297.25,1297.27,1297.25,1297.27,0.0,5.61,7301.04,1
2026-08-04,2026-08-04 12:49:00,1297.27,1297.29,1297.27,1297.29,0.0,5.61,7301.04,1
2026-08-04,2026-08-04 12:50:00,1297.29,1297.31,1297.29,1297.31,0.0,5.61,7301.04,1
2026-08-04,2026-08-04 12:51:00,1297.31,1297.33,1297.31,1297.33,0.0,5.61,7301.04,1
2026-08-04,2026-08-04 12:52:00,1297.33,1297.35,1297.33,1297.35,0.0,5.61,7301.04,1
2026-08-04,2026-08-04 12:53:00,1297.35,1297.38,1297.35,1297.38,0.0,5.61,7301.04,1
2026-08-04,2026-08-04 12:54:00,1297.38,1297.4,1297.38,1297.4,0.0,5.61,7301.04,1
2026-08-04,2026-08-04 12:55:00,1297.4,1297.42,1297.4,1297.42,0.0,5.61,7301.04,1
2026-08-04,2026-08-04 12:56:00,1297.42,1297.44,1297.42,1297.44,0.0,5.61,7301.04,1
2026-08-04,2026-08-04 12:57:00,1297.44,1297.46,1297.44,1297.46,0.0,5.61,7301.04,1
2026-08-04,2026-08-04 12:58:00,1297.46,1297.48,1297.46,1297.48,0.0,5.61,7301.04,1
2026-08-04,2026-08-04 12:59:00,1297.48,1297.5,1297.48,1297.5,0.0,5.61,7301.04,1
2026-08-04,2026-08-04 13:00:00,1297.5,1321.9,1281.0,1297.52,0.0,5.61,7301.04,1
2026-08-04,2026-08-04 13:01:00,1297.52,1297.54,1297.52,1297.54,0.0,5.61,7301.04,1
2026-08-04,2026-08-04 13:02:00,1297.54,1297.56,1297.54,1297.56,0.0,5.61,7301.04,1
2026-08-04,2026-08-04 13:03:00,1297.56,1297.58,1297.56,1297.58,0.0,5.61,7301.04,1
2026-08-04,2026-08-04 13:04:00,1297.58,1297.6,1297.58,1297.6,0.0,5.61,7301.04,1
2026-08-04,2026-08-04 13:05:00,1297.6,1297.62,1297.6,1297.62,0.0,5.61,7301.04,1
2026-08-04,2026-08-04 13:06:00,1297.62,1297.65,1297.62,1297.65,0.0,5.61,7301.04,1
2026-08-04,2026-08-04 13:07:00,1297.65,1297.67,1297.65,1297.67,0.0,5.61,7301.04,1
2026-08-04,2026-08-04 13:08:00,1297.67,1297.69,1297.67,1297.69,0.0,5.61,7301.04,1
2026-08-04,2026-08-04 13:09:00,1297.69,1297.71,1297.69,1297.71,0.0,5.61,7301.04,1
2026-08-04,2026-08-04 13:10:00,1297.71,1297.73,1297.71,1297.73,0.0,5.61,7301.04,1
2026-08-04,2026-08-04 13:11:00,1297.73,1297.75,1297.73,1297.75,0.0,5.61,7301.04,1
2026-08-04,2026-08-04 13:12:00,1297.75,1297.77,1297.75,1297.77,0.0,5.61,7301.04,1
2026-08-04,2026-08-04 13:13:00,1297.77,1297.79,1297.77,1297.79,0.0,5.61,7301.04,1
2026-08-04,2026-08-04 13:14:00,1297.79,1297.81,1297.79,1297.81,0.0,5.61,7301.04,1
2026-08-04,2026-08-04 13:15:00,1297.81,1297.83,1297.81,1297.83,0.0,5.61,7301.04,1
2026-08-04,2026-08-04 13:16:00,1297.83,1297.85,1297.83,1297.85,0.0,5.61,7301.04,1
2026-08-04,2026-08-04 13:17:00,1297.85,1297.88,1297.85,1297.88,0.0,5.61,7301.04,1
2026-08-04,2026-08-04 13:18:00,1297.88,1297.9,1297.88,1297.9,0.0,5.61,7301.04,1
2026-08-04,2026-08-04 13:19:00,1297.9,1297.92,1297.9,1297.92,0.0,5.61,7301.04,1
2026-08-04,2026-08-04 13:20:00,1297.92,1297.94,1297.92,1297.94,0.0,5.61,7301.04,1
2026-08-04,2026-08-04 13:21:00,1297.94,1297.96,1297.94,1297.96,0.0,5.61,7301.04,1
2026-08-04,2026-08-04 13:22:00,1297.96,1297.98,1297.96,1297.98,0.0,5.61,7301.04,1
2026-08-04,2026-08-04 13:23:00,1297.98,1298.0,1297.98,1298.0,0.0,5.61,7301.04,1
2026-08-04,2026-08-04 13:24:00,1298.0,1298.02,1298.0,1298.02,0.0,5.61,7301.04,1
2026-08-04,2026-08-04 13:25:00,1298.02,1298.04,1298.02,1298.04,0.0,5.61,7301.04,1
2026-08-04,2026-08-04 13:26:00,1298.04,1298.06,1298.04,1298.06,0.0,5.61,7301.04,1
2026-08-04,2026-08-04 13:27:00,1298.06,1298.08,1298.06,1298.08,0.0,5.61,7301.04,1
2026-08-04,2026-08-04 13:28:00,1298.08,1298.1,1298.08,1298.1,0.0,5.61,7301.04,1
2026-08-04,2026-08-04 13:29:00,1298.1,1298.12,1298.1,1298.12,0.0,5.61,7301.04,1
2026-08-04,2026-08-04 13:30:00,1298.12,1298.15,1298.12,1298.15,0.0,5.61,7301.04,1
2026-08-04,2026-08-04 13:31:00,1298.15,1298.17,1298.15,1298.17,0.0,5.61,7301.04,1
2026-08-04,2026-08-04 13:32:00,1298.17,1298.19,1298.17,1298.19,0.0,5.61,7301.04,1
2026-08-04,2026-08-04 13:33:00,1298.19,1298.21,1298.19,1298.21,0.0,5.61,7301.04,1
2026-08-04,2026-08-04 13:34:00,1298.21,1298.23,1298.21,1298.23,0.0,5.61,7301.04,1
2026-08-04,2026-08-04 13:35:00,1298.23,1298.25,1298.23,1298.25,0.0,5.61,7301.04,1
2026-08-04,2026-08-04 13:36:00,1298.25,1298.27,1298.25,1298.27,0.0,5.61,7301.04,1
2026-08-04,2026-08-04 13:37:00,1298.27,1298.29,1298.27,1298.29,0.0,5.61,7301.04,1
2026-08-04,2026-08-04 13:38:00,1298.29,1298.31,1298.29,1298.31,0.0,5.61,7301.04,1
2026-08-04,2026-08-04 13:39:00,1298.31,1298.33,1298.31,1298.33,0.0,5.61,7301.04,1
2026-08-04,2026-08-04 13:40:00,1298.33,1298.35,1298.33,1298.35,0.0,5.61,7301.04,1
2026-08-04,2026-08-04 13:41:00,1298.35,1298.38,1298.35,1298.38,0.0,5.61,7301.04,1
2026-08-04,2026-08-04 13:42:00,1298.38,1298.4,1298.38,1298.4,0.0,5.61,7301.04,1
2026-08-04,2026-08-04 13:43:00,1298.4,1298.42,1298.4,1298.42,0.0,5.61,7301.04,1
2026-08-04,2026-08-04 13:44:00,1298.42,1298.44,1298.42,1298.44,0.0,5.61,7301.04,1
2026-08-04,2026-08-04 13:45:00,1298.44,1298.46,1298.44,1298.46,0.0,5.61,7301.04,1
2026-08-04,2026-08-04 13:46:00,1298.46,1298.48,1298.46,1298.48,0.0,5.61,7301.04,1
2026-08-04,2026-08-04 13:47:00,1298.48,1298.5,1298.48,1298.5,0.0,5.61,7301.04,1
2026-08-04,2026-08-04 13:48:00,1298.5,1298.52,1298.5,1298.52,0.0,5.61,7301.04,1
2026-08-04,2026-08-04 13:49:00,1298.52,1298.54,1298.52,1298.54,0.0,5.61,7301.04,1
2026-08-04,2026-08-04 13:50:00,1298.54,1298.56,1298.54,1298.56,0.0,5.61,7301.04,1
2026-08-04,2026-08-04 13:51:00,1298.56,1298.58,1298.56,1298.58,0.0,5.61,7301.04,1
2026-08-04,2026-08-04 13:52:00,1298.58,1298.6,1298.58,1298.6,0.0,5.61,7301.04,1
2026-08-04,2026-08-04 13:53:00,1298.6,1298.62,1298.6,1298.62,0.0,5.61,7301.04,1
2026-08-04,2026-08-04 13:54:00,1298.62,1298.65,1298.62,1298.65,0.0,5.61,7301.04,1
2026-08-04,2026-08-04 13:55:00,1298.65,1298.67,1298.65,1298.67,0.0,5.61,7301.04,1
2026-08-04,2026-08-04 13:56:00,1298.67,1298.69,1298.67,1298.69,0.0,5.61,7301.04,1
2026-08-04,2026-08-04 13:57:00,1298.69,1298.71,1298.69,1298.71,0.0,5.61,7301.04,1
2026-08-04,2026-08-04 13:58:00,1298.71,1298.73,1298.71,1298.73,0.0,5.61,7301.04,1
2026-08-04,2026-08-04 13:59:00,1298.73,1298.75,1298.73,1298.75,0.0,5.61,7301.04,1
2026-08-04,2026-08-04 14:00:00,1298.75,1298.77,1298.75,1298.77,0.0,5.61,7301.04,1
2026-08-04,2026-08-04 14:01:00,1298.77,1298.79,1298.77,1298.79,0.0,5.61,7301.04,1
2026-08-04,2026-08-04 14:02:00,1298.79,1298.81,1298.79,1298.81,0.0,5.61,7301.04,1
2026-08-04,2026-08-04 14:03:00,1298.81,1298.83,1298.81,1298.83,0.0,5.61,7301.04,1
2026-08-04,2026-08-04 14:04:00,1298.83,1298.85,1298.83,1298.85,0.0,5.61,7301.04,1
2026-08-04,2026-08-04 14:05:00,1298.85,1298.88,1298.85,1298.88,0.0,5.61,7301.04,1
2026-08-04,2026-08-04 14:06:00,1298.88,1298.9,1298.88,1298.9,0.0,5.61,7301.04,1
2026-08-04,2026-08-04 14:07:00,1298.9,1298.92,1298.9,1298.92,0.0,5.61,7301.04,1
2026-08-04,2026-08-04 14:08:00,1298.92,1298.94,1298.92,1298.94,0.0,5.61,7301.04,1
2026-08-04,2026-08-04 14:09:00,1298.94,1298.96,1298.94,1298.96,0.0,5.61,7301.04,1
2026-08-04,2026-08-04 14:10:00,1298.96,1298.98,1298.96,1298.98,0.0,5.61,7301.04,1
2026-08-04,2026-08-04 14:11:00,1298.98,1299.0,1298.98,1299.0,0.0,5.61,7301.04,1
2026-08-04,2026-08-04 14:12:00,1299.0,1299.02,1299.0,1299.02,0.0,5.61,7301.04,1
2026-08-04,2026-08-04 14:13:00,1299.02,1299.04,1299.02,1299.04,0.0,5.61,7301.04,1
2026-08-04,2026-08-04 14:14:00,1299.04,1299.06,1299.04,1299.06,0.0,5.61,7301.04,1
2026-08-04,2026-08-04 14:15:00,1299.06,1299.08,1299.06,1299.08,0.0,5.61,7301.04,1
2026-08-04,2026-08-04 14:16:00,1299.08,1299.1,1299.08,1299.1,0.0,5.61,7301.04,1
2026-08-04,2026-08-04 14:17:00,1299.1,1299.12,1299.1,1299.12,0.0,5.61,7301.04,1
2026-08-04,2026-08-04 14:18:00,1299.12,1299.15,1299.12,1299.15,0.0,5.61,7301.04,1
2026-08-04,2026-08-04 14:19:00,1299.15,1299.17,1299.15,1299.17,0.0,5.61,7301.04,1
2026-08-04,2026-08-04 14:20:00,1299.17,1299.19,1299.17,1299.19,0.0,5.61,7301.04,1
2026-08-04,2026-08-04 14:21:00,1299.19,1299.21,1299.19,1299.21,0.0,5.61,7301.04,1
2026-08-04,2026-08-04 14:22:00,1299.21,1299.23,1299.21,1299.23,0.0,5.61,7301.04,1
2026-08-04,2026-08-04 14:23:00,1299.23,1299.25,1299.23,1299.25,0.0,5.61,7301.04,1
2026-08-04,2026-08-04 14:24:00,1299.25,1299.27,1299.25,1299.27,0.0,5.61,7301.04,1
2026-08-04,2026-08-04 14:25:00,1299.27,1299.29,1299.27,1299.29,0.0,5.61,7301.04,1
2026-08-04,2026-08-04 14:26:00,1299.29,1299.31,1299.29,1299.31,0.0,5.61,7301.04,1
2026-08-04,2026-08-04 14:27:00,1299.31,1299.33,1299.31,1299.33,0.0,5.61,7301.04,1
2026-08-04,2026-08-04 14:28:00,1299.33,1299.35,1299.33,1299.35,0.0,5.61,7301.04,1
2026-08-04,2026-08-04 14:29:00,1299.35,1299.38,1299.35,1299.38,0.0,5.61,7301.04,1
2026-08-04,2026-08-04 14:30:00,1299.38,1299.4,1299.38,1299.4,0.0,5.61,7301.04,1
2026-08-04,2026-08-04 14:31:00,1299.4,1299.42,1299.4,1299.42,0.0,5.61,7301.04,1
2026-08-04,2026-08-04 14:32:00,1299.42,1299.44,1299.42,1299.44,0.0,5.61,7301.04,1
2026-08-04,2026-08-04 14:33:00,1299.44,1299.46,1299.44,1299.46,0.0,5.61,7301.04,1
2026-08-04,2026-08-04 14:34:00,1299.46,1299.48,1299.46,1299.48,0.0,5.61,7301.04,1
2026-08-04,2026-08-04 14:35:00,1299.48,1299.5,1299.48,1299.5,0.0,5.61,7301.04,1
2026-08-04,2026-08-04 14:36:00,1299.5,1299.52,1299.5,1299.52,0.0,5.61,7301.04,1
2026-08-04,2026-08-04 14:37:00,1299.52,1299.54,1299.52,1299.54,0.0,5.61,7301.04,1
2026-08-04,2026-08-04 14:38:00,1299.54,1299.56,1299.54,1299.56,0.0,5.61,7301.04,1
2026-08-04,2026-08-04 14:39:00,1299.56,1299.58,1299.56,1299.58,0.0,5.61,7301.04,1
2026-08-04,2026-08-04 14:40:00,1299.58,1299.6,1299.58,1299.6,0.0,5.61,7301.04,1
2026-08-04,2026-08-04 14:41:00,1299.6,1299.62,1299.6,1299.62,0.0,5.61,7301.04,1
2026-08-04,2026-08-04 14:42:00,1299.62,1299.65,1299.62,1299.65,0.0,5.61,7301.04,1
2026-08-04,2026-08-04 14:43:00,1299.65,1299.67,1299.65,1299.67,0.0,5.61,7301.04,1
2026-08-04,2026-08-04 14:44:00,1299.67,1299.69,1299.67,1299.69,0.0,5.61,7301.04,1
2026-08-04,2026-08-04 14:45:00,1299.69,1299.71,1299.69,1299.71,0.0,5.61,7301.04,1
2026-08-04,2026-08-04 14:46:00,1299.71,1299.73,1299.71,1299.73,0.0,5.61,7301.04,1
2026-08-04,2026-08-04 14:47:00,1299.73,1299.75,1299.73,1299.75,0.0,5.61,7301.04,1
2026-08-04,2026-08-04 14:48:00,1299.75,1299.77,1299.75,1299.77,0.0,5.61,7301.04,1
2026-08-04,2026-08-04 14:49:00,1299.77,1299.79,1299.77,1299.79,0.0,5.61,7301.04,1
2026-08-04,2026-08-04 14:50:00,1299.79,1299.81,1299.79,1299.81,0.0,5.61,7301.04,1
2026-08-04,2026-08-04 14:51:00,1299.81,1299.83,1299.81,1299.83,0.0,5.61,7301.04,1
2026-08-04,2026-08-04 14:52:00,1299.83,1299.85,1299.83,1299.85,0.0,5.61,7301.04,1
2026-08-04,2026-08-04 14:53:00,1299.85,1299.88,1299.85,1299.88,0.0,5.61,7301.04,1
2026-08-04,2026-08-04 14:54:00,1299.88,1299.9,1299.88,1299.9,0.0,5.61,7301.04,1
2026-08-04,2026-08-04 14:55:00,1299.9,1299.92,1299.9,1299.92,0.0,5.61,7301.04,1
2026-08-04,2026-08-04 14:56:00,1299.92,1299.94,1299.92,1299.94,0.0,5.61,7301.04,1
2026-08-04,2026-08-04 14:57:00,1299.94,1299.96,1299.94,1299.96,0.0,5.61,7301.04,1
2026-08-04,2026-08-04 14:58:00,1299.96,1299.98,1299.96,1299.98,0.0,5.61,7301.04,1
2026-08-04,2026-08-04 14:59:00,1299.98,1300.0,1299.98,1300.0,0.0,5.61,7301.04,1
2026-08-04,2026-08-04 15:00:00,1300.0,1321.9,1281.0,1300.0,0.0,5.61,7301.04,0
2026-08-05,2026-08-05 11:00:00,1282.2,1290.54,1281.57,1282.31,0.01,5.04,6484.8,1
2026-08-05,2026-08-05 11:01:00,1282.31,1282.41,1282.31,1282.41,0.01,5.04,6484.8,1
2026-08-05,2026-08-05 11:02:00,1282.41,1282.52,1282.41,1282.52,0.01,5.04,6484.8,1
2026-08-05,2026-08-05 11:03:00,1282.52,1282.63,1282.52,1282.63,0.01,5.04,6484.8,1
2026-08-05,2026-08-05 11:04:00,1282.63,1282.74,1282.63,1282.74,0.01,5.04,6484.8,1
2026-08-05,2026-08-05 11:05:00,1282.74,1282.85,1282.74,1282.85,0.01,5.04,6484.8,1
2026-08-05,2026-08-05 11:06:00,1282.85,1282.95,1282.85,1282.95,0.01,5.04,6484.8,1
2026-08-05,2026-08-05 11:07:00,1282.95,1283.06,1282.95,1283.06,0.01,5.04,6484.8,1
2026-08-05,2026-08-05 11:08:00,1283.06,1283.17,1283.06,1283.17,0.01,5.04,6484.8,1
2026-08-05,2026-08-05 11:09:00,1283.17,1283.28,1283.17,1283.28,0.01,5.04,6484.8,1
2026-08-05,2026-08-05 11:10:00,1283.28,1283.38,1283.28,1283.38,0.01,5.04,6484.8,1
2026-08-05,2026-08-05 11:11:00,1283.38,1283.49,1283.38,1283.49,0.01,5.04,6484.8,1
2026-08-05,2026-08-05 11:12:00,1283.49,1283.6,1283.49,1283.6,0.01,5.04,6484.8,1
2026-08-05,2026-08-05 11:13:00,1283.6,1283.71,1283.6,1283.71,0.01,5.04,6484.8,1
2026-08-05,2026-08-05 11:14:00,1283.71,1283.81,1283.71,1283.81,0.01,5.04,6484.8,1
2026-08-05,2026-08-05 11:15:00,1283.81,1283.92,1283.81,1283.92,0.01,5.04,6484.8,1
2026-08-05,2026-08-05 11:16:00,1283.92,1284.03,1283.92,1284.03,0.01,5.04,6484.8,1
2026-08-05,2026-08-05 11:17:00,1284.03,1284.13,1284.03,1284.13,0.01,5.04,6484.8,1
2026-08-05,2026-08-05 11:18:00,1284.13,1284.24,1284.13,1284.24,0.01,5.04,6484.8,1
2026-08-05,2026-08-05 11:19:00,1284.24,1284.35,1284.24,1284.35,0.01,5.04,6484.8,1
2026-08-05,2026-08-05 11:20:00,1284.35,1284.46,1284.35,1284.46,0.01,5.04,6484.8,1
2026-08-05,2026-08-05 11:21:00,1284.46,1284.57,1284.46,1284.57,0.01,5.04,6484.8,1
2026-08-05,2026-08-05 11:22:00,1284.57,1284.67,1284.57,1284.67,0.01,5.04,6484.8,1
2026-08-05,2026-08-05 11:23:00,1284.67,1284.78,1284.67,1284.78,0.01,5.04,6484.8,1
2026-08-05,2026-08-05 11:24:00,1284.78,1284.89,1284.78,1284.89,0.01,5.04,6484.8,1
2026-08-05,2026-08-05 11:25:00,1284.89,1285.0,1284.89,1285.0,0.01,5.04,6484.8,1
2026-08-05,2026-08-05 11:26:00,1285.0,1285.1,1285.0,1285.1,0.01,5.04,6484.8,1
2026-08-05,2026-08-05 11:27:00,1285.1,1285.21,1285.1,1285.21,0.01,5.04,6484.8,1
2026-08-05,2026-08-05 11:28:00,1285.21,1285.32,1285.21,1285.32,0.01,5.04,6484.8,1
2026-08-05,2026-08-05 11:29:00,1285.32,1285.42,1285.32,1285.42,0.01,5.04,6484.8,1
2026-08-05,2026-08-05 11:30:00,1285.42,1285.53,1285.42,1285.53,0.01,5.04,6484.8,1
2026-08-05,2026-08-05 11:31:00,1285.53,1285.64,1285.53,1285.64,0.01,5.04,6484.8,1
2026-08-05,2026-08-05 11:32:00,1285.64,1285.75,1285.64,1285.75,0.01,5.04,6484.8,1
2026-08-05,2026-08-05 11:33:00,1285.75,1285.86,1285.75,1285.86,0.01,5.04,6484.8,1
2026-08-05,2026-08-05 11:34:00,1285.86,1285.96,1285.86,1285.96,0.01,5.04,6484.8,1
2026-08-05,2026-08-05 11:35:00,1285.96,1286.07,1285.96,1286.07,0.01,5.04,6484.8,1
2026-08-05,2026-08-05 11:36:00,1286.07,1286.18,1286.07,1286.18,0.01,5.04,6484.8,1
2026-08-05,2026-08-05 11:37:00,1286.18,1286.29,1286.18,1286.29,0.01,5.04,6484.8,1
2026-08-05,2026-08-05 11:38:00,1286.29,1286.39,1286.29,1286.39,0.01,5.04,6484.8,1
2026-08-05,2026-08-05 11:39:00,1286.39,1286.5,1286.39,1286.5,0.01,5.04,6484.8,1
2026-08-05,2026-08-05 11:40:00,1286.5,1286.61,1286.5,1286.61,0.01,5.04,6484.8,1
2026-08-05,2026-08-05 11:41:00,1286.61,1286.72,1286.61,1286.72,0.01,5.04,6484.8,1
2026-08-05,2026-08-05 11:42:00,1286.72,1286.82,1286.72,1286.82,0.01,5.04,6484.8,1
2026-08-05,2026-08-05 11:43:00,1286.82,1286.93,1286.82,1286.93,0.01,5.04,6484.8,1
2026-08-05,2026-08-05 11:44:00,1286.93,1287.04,1286.93,1287.04,0.01,5.04,6484.8,1
2026-08-05,2026-08-05 11:45:00,1287.04,1287.14,1287.04,1287.14,0.01,5.04,6484.8,1
2026-08-05,2026-08-05 11:46:00,1287.14,1287.25,1287.14,1287.25,0.01,5.04,6484.8,1
2026-08-05,2026-08-05 11:47:00,1287.25,1287.36,1287.25,1287.36,0.01,5.04,6484.8,1
2026-08-05,2026-08-05 11:48:00,1287.36,1287.47,1287.36,1287.47,0.01,5.04,6484.8,1
2026-08-05,2026-08-05 11:49:00,1287.47,1287.58,1287.47,1287.58,0.01,5.04,6484.8,1
2026-08-05,2026-08-05 11:50:00,1287.58,1287.68,1287.58,1287.68,0.01,5.04,6484.8,1
2026-08-05,2026-08-05 11:51:00,1287.68,1287.79,1287.68,1287.79,0.01,5.04,6484.8,1
2026-08-05,2026-08-05 11:52:00,1287.79,1287.9,1287.79,1287.9,0.01,5.04,6484.8,1
2026-08-05,2026-08-05 11:53:00,1287.9,1288.01,1287.9,1288.01,0.01,5.04,6484.8,1
2026-08-05,2026-08-05 11:54:00,1288.01,1288.11,1288.01,1288.11,0.01,5.04,6484.8,1
2026-08-05,2026-08-05 11:55:00,1288.11,1288.22,1288.11,1288.22,0.01,5.04,6484.8,1
2026-08-05,2026-08-05 11:56:00,1288.22,1288.33,1288.22,1288.33,0.01,5.04,6484.8,1
2026-08-05,2026-08-05 11:57:00,1288.33,1288.43,1288.33,1288.43,0.01,5.04,6484.8,1
2026-08-05,2026-08-05 11:58:00,1288.43,1288.54,1288.43,1288.54,0.01,5.04,6484.8,1
2026-08-05,2026-08-05 11:59:00,1288.54,1288.65,1288.54,1288.65,0.01,5.04,6484.8,1
2026-08-05,2026-08-05 12:00:00,1288.65,1288.76,1288.65,1288.76,0.01,5.04,6484.8,1
2026-08-05,2026-08-05 12:01:00,1288.76,1288.87,1288.76,1288.87,0.01,5.04,6484.8,1
2026-08-05,2026-08-05 12:02:00,1288.87,1288.97,1288.87,1288.97,0.01,5.04,6484.8,1
2026-08-05,2026-08-05 12:03:00,1288.97,1289.08,1288.97,1289.08,0.01,5.04,6484.8,1
2026-08-05,2026-08-05 12:04:00,1289.08,1289.19,1289.08,1289.19,0.01,5.04,6484.8,1
2026-08-05,2026-08-05 12:05:00,1289.19,1289.3,1289.19,1289.3,0.01,5.04,6484.8,1
2026-08-05,2026-08-05 12:06:00,1289.3,1289.4,1289.3,1289.4,0.01,5.04,6484.8,1
2026-08-05,2026-08-05 12:07:00,1289.4,1289.51,1289.4,1289.51,0.01,5.04,6484.8,1
2026-08-05,2026-08-05 12:08:00,1289.51,1289.62,1289.51,1289.62,0.01,5.04,6484.8,1
2026-08-05,2026-08-05 12:09:00,1289.62,1289.73,1289.62,1289.73,0.01,5.04,6484.8,1
2026-08-05,2026-08-05 12:10:00,1289.73,1289.83,1289.73,1289.83,0.01,5.04,6484.8,1
2026-08-05,2026-08-05 12:11:00,1289.83,1289.94,1289.83,1289.94,0.01,5.04,6484.8,1
2026-08-05,2026-08-05 12:12:00,1289.94,1290.05,1289.94,1290.05,0.01,5.04,6484.8,1
2026-08-05,2026-08-05 12:13:00,1290.05,1290.15,1290.05,1290.15,0.01,5.04,6484.8,1
2026-08-05,2026-08-05 12:14:00,1290.15,1290.26,1290.15,1290.26,0.01,5.04,6484.8,1
2026-08-05,2026-08-05 12:15:00,1290.26,1290.37,1290.26,1290.37,0.01,5.04,6484.8,1
2026-08-05,2026-08-05 12:16:00,1290.37,1290.48,1290.37,1290.48,0.01,5.04,6484.8,1
2026-08-05,2026-08-05 12:17:00,1290.48,1290.59,1290.48,1290.59,0.01,5.04,6484.8,1
2026-08-05,2026-08-05 12:18:00,1290.59,1290.69,1290.59,1290.69,0.01,5.04,6484.8,1
2026-08-05,2026-08-05 12:19:00,1290.69,1290.8,1290.69,1290.8,0.01,5.04,6484.8,1
2026-08-05,2026-08-05 12:20:00,1290.8,1290.91,1290.8,1290.91,0.01,5.04,6484.8,1
2026-08-05,2026-08-05 12:21:00,1290.91,1291.02,1290.91,1291.02,0.01,5.04,6484.8,1
2026-08-05,2026-08-05 12:22:00,1291.02,1291.12,1291.02,1291.12,0.01,5.04,6484.8,1
2026-08-05,2026-08-05 12:23:00,1291.12,1291.23,1291.12,1291.23,0.01,5.04,6484.8,1
2026-08-05,2026-08-05 12:24:00,1291.23,1291.34,1291.23,1291.34,0.01,5.04,6484.8,1
2026-08-05,2026-08-05 12:25:00,1291.34,1291.44,1291.34,1291.44,0.01,5.04,6484.8,1
2026-08-05,2026-08-05 12:26:00,1291.44,1291.55,1291.44,1291.55,0.01,5.04,6484.8,1
2026-08-05,2026-08-05 12:27:00,1291.55,1291.66,1291.55,1291.66,0.01,5.04,6484.8,1
2026-08-05,2026-08-05 12:28:00,1291.66,1291.77,1291.66,1291.77,0.01,5.04,6484.8,1
2026-08-05,2026-08-05 12:29:00,1291.77,1291.88,1291.77,1291.88,0.01,5.04,6484.8,1
2026-08-05,2026-08-05 12:30:00,1291.88,1291.98,1291.88,1291.98,0.01,5.04,6484.8,1
2026-08-05,2026-08-05 12:31:00,1291.98,1292.09,1291.98,1292.09,0.01,5.04,6484.8,1
2026-08-05,2026-08-05 12:32:00,1292.09,1292.2,1292.09,1292.2,0.01,5.04,6484.8,1
2026-08-05,2026-08-05 12:33:00,1292.2,1292.31,1292.2,1292.31,0.01,5.04,6484.8,1
2026-08-05,2026-08-05 12:34:00,1292.31,1292.41,1292.31,1292.41,0.01,5.04,6484.8,1
2026-08-05,2026-08-05 12:35:00,1292.41,1292.52,1292.41,1292.52,0.01,5.04,6484.8,1
2026-08-05,2026-08-05 12:36:00,1292.52,1292.63,1292.52,1292.63,0.01,5.04,6484.8,1
2026-08-05,2026-08-05 12:37:00,1292.63,1292.74,1292.63,1292.74,0.01,5.04,6484.8,1
2026-08-05,2026-08-05 12:38:00,1292.74,1292.84,1292.74,1292.84,0.01,5.04,6484.8,1
2026-08-05,2026-08-05 12:39:00,1292.84,1292.95,1292.84,1292.95,0.01,5.04,6484.8,1
2026-08-05,2026-08-05 12:40:00,1292.95,1293.06,1292.95,1293.06,0.01,5.04,6484.8,1
2026-08-05,2026-08-05 12:41:00,1293.06,1293.16,1293.06,1293.16,0.01,5.04,6484.8,1
2026-08-05,2026-08-05 12:42:00,1293.16,1293.27,1293.16,1293.27,0.01,5.04,6484.8,1
2026-08-05,2026-08-05 12:43:00,1293.27,1293.38,1293.27,1293.38,0.01,5.04,6484.8,1
2026-08-05,2026-08-05 12:44:00,1293.38,1293.49,1293.38,1293.49,0.01,5.04,6484.8,1
2026-08-05,2026-08-05 12:45:00,1293.49,1293.6,1293.49,1293.6,0.01,5.04,6484.8,1
2026-08-05,2026-08-05 12:46:00,1293.6,1293.7,1293.6,1293.7,0.01,5.04,6484.8,1
2026-08-05,2026-08-05 12:47:00,1293.7,1293.81,1293.7,1293.81,0.01,5.04,6484.8,1
2026-08-05,2026-08-05 12:48:00,1293.81,1293.92,1293.81,1293.92,0.01,5.04,6484.8,1
2026-08-05,2026-08-05 12:49:00,1293.92,1294.03,1293.92,1294.03,0.01,5.04,6484.8,1
2026-08-05,2026-08-05 12:50:00,1294.03,1294.13,1294.03,1294.13,0.01,5.04,6484.8,1
2026-08-05,2026-08-05 12:51:00,1294.13,1294.24,1294.13,1294.24,0.01,5.04,6484.8,1
2026-08-05,2026-08-05 12:52:00,1294.24,1294.35,1294.24,1294.35,0.01,5.04,6484.8,1
2026-08-05,2026-08-05 12:53:00,1294.35,1294.45,1294.35,1294.45,0.01,5.04,6484.8,1
2026-08-05,2026-08-05 12:54:00,1294.45,1294.56,1294.45,1294.56,0.01,5.04,6484.8,1
2026-08-05,2026-08-05 12:55:00,1294.56,1294.67,1294.56,1294.67,0.01,5.04,6484.8,1
2026-08-05,2026-08-05 12:56:00,1294.67,1294.78,1294.67,1294.78,0.01,5.04,6484.8,1
2026-08-05,2026-08-05 12:57:00,1294.78,1294.88,1294.78,1294.88,0.01,5.04,6484.8,1
2026-08-05,2026-08-05 12:58:00,1294.88,1294.99,1294.88,1294.99,0.01,5.04,6484.8,1
2026-08-05,2026-08-05 12:59:00,1294.99,1295.1,1294.99,1295.1,0.01,5.04,6484.8,1
2026-08-05,2026-08-05 13:00:00,1295.1,1310.0,1280.1,1295.21,0.01,5.04,6484.8,1
2026-08-05,2026-08-05 13:01:00,1295.21,1295.32,1295.21,1295.32,0.01,5.04,6484.8,1
2026-08-05,2026-08-05 13:02:00,1295.32,1295.42,1295.32,1295.42,0.01,5.04,6484.8,1
2026-08-05,2026-08-05 13:03:00,1295.42,1295.53,1295.42,1295.53,0.01,5.04,6484.8,1
2026-08-05,2026-08-05 13:04:00,1295.53,1295.64,1295.53,1295.64,0.01,5.04,6484.8,1
2026-08-05,2026-08-05 13:05:00,1295.64,1295.75,1295.64,1295.75,0.01,5.04,6484.8,1
2026-08-05,2026-08-05 13:06:00,1295.75,1295.85,1295.75,1295.85,0.01,5.04,6484.8,1
2026-08-05,2026-08-05 13:07:00,1295.85,1295.96,1295.85,1295.96,0.01,5.04,6484.8,1
2026-08-05,2026-08-05 13:08:00,1295.96,1296.07,1295.96,1296.07,0.01,5.04,6484.8,1
2026-08-05,2026-08-05 13:09:00,1296.07,1296.17,1296.07,1296.17,0.01,5.04,6484.8,1
2026-08-05,2026-08-05 13:10:00,1296.17,1296.28,1296.17,1296.28,0.01,5.04,6484.8,1
2026-08-05,2026-08-05 13:11:00,1296.28,1296.39,1296.28,1296.39,0.01,5.04,6484.8,1
2026-08-05,2026-08-05 13:12:00,1296.39,1296.5,1296.39,1296.5,0.01,5.04,6484.8,1
2026-08-05,2026-08-05 13:13:00,1296.5,1296.61,1296.5,1296.61,0.01,5.04,6484.8,1
2026-08-05,2026-08-05 13:14:00,1296.61,1296.71,1296.61,1296.71,0.01,5.04,6484.8,1
2026-08-05,2026-08-05 13:15:00,1296.71,1296.82,1296.71,1296.82,0.01,5.04,6484.8,1
2026-08-05,2026-08-05 13:16:00,1296.82,1296.93,1296.82,1296.93,0.01,5.04,6484.8,1
2026-08-05,2026-08-05 13:17:00,1296.93,1297.04,1296.93,1297.04,0.01,5.04,6484.8,1
2026-08-05,2026-08-05 13:18:00,1297.04,1297.14,1297.04,1297.14,0.01,5.04,6484.8,1
2026-08-05,2026-08-05 13:19:00,1297.14,1297.25,1297.14,1297.25,0.01,5.04,6484.8,1
2026-08-05,2026-08-05 13:20:00,1297.25,1297.36,1297.25,1297.36,0.01,5.04,6484.8,1
2026-08-05,2026-08-05 13:21:00,1297.36,1297.46,1297.36,1297.46,0.01,5.04,6484.8,1
2026-08-05,2026-08-05 13:22:00,1297.46,1297.57,1297.46,1297.57,0.01,5.04,6484.8,1
2026-08-05,2026-08-05 13:23:00,1297.57,1297.68,1297.57,1297.68,0.01,5.04,6484.8,1
2026-08-05,2026-08-05 13:24:00,1297.68,1297.79,1297.68,1297.79,0.01,5.04,6484.8,1
2026-08-05,2026-08-05 13:25:00,1297.79,1297.89,1297.79,1297.89,0.01,5.04,6484.8,1
2026-08-05,2026-08-05 13:26:00,1297.89,1298.0,1297.89,1298.0,0.01,5.04,6484.8,1
2026-08-05,2026-08-05 13:27:00,1298.0,1298.11,1298.0,1298.11,0.01,5.04,6484.8,1
2026-08-05,2026-08-05 13:28:00,1298.11,1298.22,1298.11,1298.22,0.01,5.04,6484.8,1
2026-08-05,2026-08-05 13:29:00,1298.22,1298.33,1298.22,1298.33,0.01,5.04,6484.8,1
2026-08-05,2026-08-05 13:30:00,1298.33,1298.43,1298.33,1298.43,0.01,5.04,6484.8,1
2026-08-05,2026-08-05 13:31:00,1298.43,1298.54,1298.43,1298.54,0.01,5.04,6484.8,1
2026-08-05,2026-08-05 13:32:00,1298.54,1298.65,1298.54,1298.65,0.01,5.04,6484.8,1
2026-08-05,2026-08-05 13:33:00,1298.65,1298.76,1298.65,1298.76,0.01,5.04,6484.8,1
2026-08-05,2026-08-05 13:34:00,1298.76,1298.86,1298.76,1298.86,0.01,5.04,6484.8,1
2026-08-05,2026-08-05 13:35:00,1298.86,1298.97,1298.86,1298.97,0.01,5.04,6484.8,1
2026-08-05,2026-08-05 13:36:00,1298.97,1299.08,1298.97,1299.08,0.01,5.04,6484.8,1
2026-08-05,2026-08-05 13:37:00,1299.08,1299.18,1299.08,1299.18,0.01,5.04,6484.8,1
2026-08-05,2026-08-05 13:38:00,1299.18,1299.29,1299.18,1299.29,0.01,5.04,6484.8,1
2026-08-05,2026-08-05 13:39:00,1299.29,1299.4,1299.29,1299.4,0.01,5.04,6484.8,1
2026-08-05,2026-08-05 13:40:00,1299.4,1299.51,1299.4,1299.51,0.01,5.04,6484.8,1
2026-08-05,2026-08-05 13:41:00,1299.51,1299.62,1299.51,1299.62,0.01,5.04,6484.8,1
2026-08-05,2026-08-05 13:42:00,1299.62,1299.72,1299.62,1299.72,0.01,5.04,6484.8,1
2026-08-05,2026-08-05 13:43:00,1299.72,1299.83,1299.72,1299.83,0.01,5.04,6484.8,1
2026-08-05,2026-08-05 13:44:00,1299.83,1299.94,1299.83,1299.94,0.01,5.04,6484.8,1
2026-08-05,2026-08-05 13:45:00,1299.94,1300.05,1299.94,1300.05,0.01,5.04,6484.8,1
2026-08-05,2026-08-05 13:46:00,1300.05,1300.15,1300.05,1300.15,0.01,5.04,6484.8,1
2026-08-05,2026-08-05 13:47:00,1300.15,1300.26,1300.15,1300.26,0.01,5.04,6484.8,1
2026-08-05,2026-08-05 13:48:00,1300.26,1300.37,1300.26,1300.37,0.01,5.04,6484.8,1
2026-08-05,2026-08-05 13:49:00,1300.37,1300.47,1300.37,1300.47,0.01,5.04,6484.8,1
2026-08-05,2026-08-05 13:50:00,1300.47,1300.58,1300.47,1300.58,0.01,5.04,6484.8,1
2026-08-05,2026-08-05 13:51:00,1300.58,1300.69,1300.58,1300.69,0.01,5.04,6484.8,1
2026-08-05,2026-08-05 13:52:00,1300.69,1300.8,1300.69,1300.8,0.01,5.04,6484.8,1
2026-08-05,2026-08-05 13:53:00,1300.8,1300.9,1300.8,1300.9,0.01,5.04,6484.8,1
2026-08-05,2026-08-05 13:54:00,1300.9,1301.01,1300.9,1301.01,0.01,5.04,6484.8,1
2026-08-05,2026-08-05 13:55:00,1301.01,1301.12,1301.01,1301.12,0.01,5.04,6484.8,1
2026-08-05,2026-08-05 13:56:00,1301.12,1301.23,1301.12,1301.23,0.01,5.04,6484.8,1
2026-08-05,2026-08-05 13:57:00,1301.23,1301.34,1301.23,1301.34,0.01,5.04,6484.8,1
2026-08-05,2026-08-05 13:58:00,1301.34,1301.44,1301.34,1301.44,0.01,5.04,6484.8,1
2026-08-05,2026-08-05 13:59:00,1301.44,1301.55,1301.44,1301.55,0.01,5.04,6484.8,1
2026-08-05,2026-08-05 14:00:00,1301.55,1301.66,1301.55,1301.66,0.01,5.04,6484.8,1
2026-08-05,2026-08-05 14:01:00,1301.66,1301.77,1301.66,1301.77,0.01,5.04,6484.8,1
2026-08-05,2026-08-05 14:02:00,1301.77,1301.87,1301.77,1301.87,0.01,5.04,6484.8,1
2026-08-05,2026-08-05 14:03:00,1301.87,1301.98,1301.87,1301.98,0.01,5.04,6484.8,1
2026-08-05,2026-08-05 14:04:00,1301.98,1302.09,1301.98,1302.09,0.01,5.04,6484.8,1
2026-08-05,2026-08-05 14:05:00,1302.09,1302.19,1302.09,1302.19,0.01,5.04,6484.8,1
2026-08-05,2026-08-05 14:06:00,1302.19,1302.3,1302.19,1302.3,0.01,5.04,6484.8,1
2026-08-05,2026-08-05 14:07:00,1302.3,1302.41,1302.3,1302.41,0.01,5.04,6484.8,1
2026-08-05,2026-08-05 14:08:00,1302.41,1302.52,1302.41,1302.52,0.01,5.04,6484.8,1
2026-08-05,2026-08-05 14:09:00,1302.52,1302.62,1302.52,1302.62,0.01,5.04,6484.8,1
2026-08-05,2026-08-05 14:10:00,1302.62,1302.73,1302.62,1302.73,0.01,5.04,6484.8,1
2026-08-05,2026-08-05 14:11:00,1302.73,1302.84,1302.73,1302.84,0.01,5.04,6484.8,1
2026-08-05,2026-08-05 14:12:00,1302.84,1302.95,1302.84,1302.95,0.01,5.04,6484.8,1
2026-08-05,2026-08-05 14:13:00,1302.95,1303.06,1302.95,1303.06,0.01,5.04,6484.8,1
2026-08-05,2026-08-05 14:14:00,1303.06,1303.16,1303.06,1303.16,0.01,5.04,6484.8,1
2026-08-05,2026-08-05 14:15:00,1303.16,1303.27,1303.16,1303.27,0.01,5.04,6484.8,1
2026-08-05,2026-08-05 14:16:00,1303.27,1303.38,1303.27,1303.38,0.01,5.04,6484.8,1
2026-08-05,2026-08-05 14:17:00,1303.38,1303.48,1303.38,1303.48,0.01,5.04,6484.8,1
2026-08-05,2026-08-05 14:18:00,1303.48,1303.59,1303.48,1303.59,0.01,5.04,6484.8,1
2026-08-05,2026-08-05 14:19:00,1303.59,1303.7,1303.59,1303.7,0.01,5.04,6484.8,1
2026-08-05,2026-08-05 14:20:00,1303.7,1303.81,1303.7,1303.81,0.01,5.04,6484.8,1
2026-08-05,2026-08-05 14:21:00,1303.81,1303.91,1303.81,1303.91,0.01,5.04,6484.8,1
2026-08-05,2026-08-05 14:22:00,1303.91,1304.02,1303.91,1304.02,0.01,5.04,6484.8,1
2026-08-05,2026-08-05 14:23:00,1304.02,1304.13,1304.02,1304.13,0.01,5.04,6484.8,1
2026-08-05,2026-08-05 14:24:00,1304.13,1304.24,1304.13,1304.24,0.01,5.04,6484.8,1
2026-08-05,2026-08-05 14:25:00,1304.24,1304.35,1304.24,1304.35,0.01,5.04,6484.8,1
2026-08-05,2026-08-05 14:26:00,1304.35,1304.45,1304.35,1304.45,0.01,5.04,6484.8,1
2026-08-05,2026-08-05 14:27:00,1304.45,1304.56,1304.45,1304.56,0.01,5.04,6484.8,1
2026-08-05,2026-08-05 14:28:00,1304.56,1304.67,1304.56,1304.67,0.01,5.04,6484.8,1
2026-08-05,2026-08-05 14:29:00,1304.67,1304.78,1304.67,1304.78,0.01,5.04,6484.8,1
2026-08-05,2026-08-05 14:30:00,1304.78,1304.88,1304.78,1304.88,0.01,5.04,6484.8,1
2026-08-05,2026-08-05 14:31:00,1304.88,1304.99,1304.88,1304.99,0.01,5.04,6484.8,1
2026-08-05,2026-08-05 14:32:00,1304.99,1305.1,1304.99,1305.1,0.01,5.04,6484.8,1
2026-08-05,2026-08-05 14:33:00,1305.1,1305.2,1305.1,1305.2,0.01,5.04,6484.8,1
2026-08-05,2026-08-05 14:34:00,1305.2,1305.31,1305.2,1305.31,0.01,5.04,6484.8,1
2026-08-05,2026-08-05 14:35:00,1305.31,1305.42,1305.31,1305.42,0.01,5.04,6484.8,1
2026-08-05,2026-08-05 14:36:00,1305.42,1305.53,1305.42,1305.53,0.01,5.04,6484.8,1
2026-08-05,2026-08-05 14:37:00,1305.53,1305.63,1305.53,1305.63,0.01,5.04,6484.8,1
2026-08-05,2026-08-05 14:38:00,1305.63,1305.74,1305.63,1305.74,0.01,5.04,6484.8,1
2026-08-05,2026-08-05 14:39:00,1305.74,1305.85,1305.74,1305.85,0.01,5.04,6484.8,1
2026-08-05,2026-08-05 14:40:00,1305.85,1305.96,1305.85,1305.96,0.01,5.04,6484.8,1
2026-08-05,2026-08-05 14:41:00,1305.96,1306.07,1305.96,1306.07,0.01,5.04,6484.8,1
2026-08-05,2026-08-05 14:42:00,1306.07,1306.17,1306.07,1306.17,0.01,5.04,6484.8,1
2026-08-05,2026-08-05 14:43:00,1306.17,1306.28,1306.17,1306.28,0.01,5.04,6484.8,1
2026-08-05,2026-08-05 14:44:00,1306.28,1306.39,1306.28,1306.39,0.01,5.04,6484.8,1
2026-08-05,2026-08-05 14:45:00,1306.39,1306.49,1306.39,1306.49,0.01,5.04,6484.8,1
2026-08-05,2026-08-05 14:46:00,1306.49,1306.6,1306.49,1306.6,0.01,5.04,6484.8,1
2026-08-05,2026-08-05 14:47:00,1306.6,1306.71,1306.6,1306.71,0.01,5.04,6484.8,1
2026-08-05,2026-08-05 14:48:00,1306.71,1306.82,1306.71,1306.82,0.01,5.04,6484.8,1
2026-08-05,2026-08-05 14:49:00,1306.82,1306.92,1306.82,1306.92,0.01,5.04,6484.8,1
2026-08-05,2026-08-05 14:50:00,1306.92,1307.03,1306.92,1307.03,0.01,5.04,6484.8,1
2026-08-05,2026-08-05 14:51:00,1307.03,1307.14,1307.03,1307.14,0.01,5.04,6484.8,1
2026-08-05,2026-08-05 14:52:00,1307.14,1307.25,1307.14,1307.25,0.01,5.04,6484.8,1
2026-08-05,2026-08-05 14:53:00,1307.25,1307.36,1307.25,1307.36,0.01,5.04,6484.8,1
2026-08-05,2026-08-05 14:54:00,1307.36,1307.46,1307.36,1307.46,0.01,5.04,6484.8,1
2026-08-05,2026-08-05 14:55:00,1307.46,1307.57,1307.46,1307.57,0.01,5.04,6484.8,1
2026-08-05,2026-08-05 14:56:00,1307.57,1307.68,1307.57,1307.68,0.01,5.04,6484.8,1
2026-08-05,2026-08-05 14:57:00,1307.68,1307.79,1307.68,1307.79,0.01,5.04,6484.8,1
2026-08-05,2026-08-05 14:58:00,1307.79,1307.89,1307.79,1307.89,0.01,5.04,6484.8,1
2026-08-05,2026-08-05 14:59:00,1307.89,1308.0,1307.89,1308.0,0.01,5.04,6484.8,1
2026-08-05,2026-08-05 15:00:00,1308.0,1310.0,1280.1,1308.0,0.0,5.04,6484.8,0
2026-08-06,2026-08-06 11:00:00,1299.0,1302.0,1293.6,1298.96,-0.0,1.61,2088.9,-1
2026-08-06,2026-08-06 11:01:00,1298.96,1298.96,1298.92,1298.92,-0.0,1.61,2088.9,-1
2026-08-06,2026-08-06 11:02:00,1298.92,1298.92,1298.89,1298.89,-0.0,1.61,2088.9,-1
2026-08-06,2026-08-06 11:03:00,1298.89,1298.89,1298.85,1298.85,-0.0,1.61,2088.9,-1
2026-08-06,2026-08-06 11:04:00,1298.85,1298.85,1298.81,1298.81,-0.0,1.61,2088.9,-1
2026-08-06,2026-08-06 11:05:00,1298.81,1298.81,1298.78,1298.78,-0.0,1.61,2088.9,-1
2026-08-06,2026-08-06 11:06:00,1298.78,1298.78,1298.74,1298.74,-0.0,1.61,2088.9,-1
2026-08-06,2026-08-06 11:07:00,1298.74,1298.74,1298.7,1298.7,-0.0,1.61,2088.9,-1
2026-08-06,2026-08-06 11:08:00,1298.7,1298.7,1298.66,1298.66,-0.0,1.61,2088.9,-1
2026-08-06,2026-08-06 11:09:00,1298.66,1298.66,1298.62,1298.62,-0.0,1.61,2088.9,-1
2026-08-06,2026-08-06 11:10:00,1298.62,1298.62,1298.59,1298.59,-0.0,1.61,2088.9,-1
2026-08-06,2026-08-06 11:11:00,1298.59,1298.59,1298.55,1298.55,-0.0,1.61,2088.9,-1
2026-08-06,2026-08-06 11:12:00,1298.55,1298.55,1298.51,1298.51,-0.0,1.61,2088.9,-1
2026-08-06,2026-08-06 11:13:00,1298.51,1298.51,1298.47,1298.47,-0.0,1.61,2088.9,-1
2026-08-06,2026-08-06 11:14:00,1298.47,1298.47,1298.44,1298.44,-0.0,1.61,2088.9,-1
2026-08-06,2026-08-06 11:15:00,1298.44,1298.44,1298.4,1298.4,-0.0,1.61,2088.9,-1
2026-08-06,2026-08-06 11:16:00,1298.4,1298.4,1298.36,1298.36,-0.0,1.61,2088.9,-1
2026-08-06,2026-08-06 11:17:00,1298.36,1298.36,1298.33,1298.33,-0.0,1.61,2088.9,-1
2026-08-06,2026-08-06 11:18:00,1298.33,1298.33,1298.29,1298.29,-0.0,1.61,2088.9,-1
2026-08-06,2026-08-06 11:19:00,1298.29,1298.29,1298.25,1298.25,-0.0,1.61,2088.9,-1
2026-08-06,2026-08-06 11:20:00,1298.25,1298.25,1298.21,1298.21,-0.0,1.61,2088.9,-1
2026-08-06,2026-08-06 11:21:00,1298.21,1298.21,1298.17,1298.17,-0.0,1.61,2088.9,-1
2026-08-06,2026-08-06 11:22:00,1298.17,1298.17,1298.14,1298.14,-0.0,1.61,2088.9,-1
2026-08-06,2026-08-06 11:23:00,1298.14,1298.14,1298.1,1298.1,-0.0,1.61,2088.9,-1
2026-08-06,2026-08-06 11:24:00,1298.1,1298.1,1298.06,1298.06,-0.0,1.61,2088.9,-1
2026-08-06,2026-08-06 11:25:00,1298.06,1298.06,1298.03,1298.03,-0.0,1.61,2088.9,-1
2026-08-06,2026-08-06 11:26:00,1298.03,1298.03,1297.99,1297.99,-0.0,1.61,2088.9,-1
2026-08-06,2026-08-06 11:27:00,1297.99,1297.99,1297.95,1297.95,-0.0,1.61,2088.9,-1
2026-08-06,2026-08-06 11:28:00,1297.95,1297.95,1297.91,1297.91,-0.0,1.61,2088.9,-1
2026-08-06,2026-08-06 11:29:00,1297.91,1297.91,1297.88,1297.88,-0.0,1.61,2088.9,-1
2026-08-06,2026-08-06 11:30:00,1297.88,1297.88,1297.84,1297.84,-0.0,1.61,2088.9,-1
2026-08-06,2026-08-06 11:31:00,1297.84,1297.84,1297.8,1297.8,-0.0,1.61,2088.9,-1
2026-08-06,2026-08-06 11:32:00,1297.8,1297.8,1297.76,1297.76,-0.0,1.61,2088.9,-1
2026-08-06,2026-08-06 11:33:00,1297.76,1297.76,1297.72,1297.72,-0.0,1.61,2088.9,-1
2026-08-06,2026-08-06 11:34:00,1297.72,1297.72,1297.69,1297.69,-0.0,1.61,2088.9,-1
2026-08-06,2026-08-06 11:35:00,1297.69,1297.69,1297.65,1297.65,-0.0,1.61,2088.9,-1
2026-08-06,2026-08-06 11:36:00,1297.65,1297.65,1297.61,1297.61,-0.0,1.61,2088.9,-1
2026-08-06,2026-08-06 11:37:00,1297.61,1297.61,1297.58,1297.58,-0.0,1.61,2088.9,-1
2026-08-06,2026-08-06 11:38:00,1297.58,1297.58,1297.54,1297.54,-0.0,1.61,2088.9,-1
2026-08-06,2026-08-06 11:39:00,1297.54,1297.54,1297.5,1297.5,-0.0,1.61,2088.9,-1
2026-08-06,2026-08-06 11:40:00,1297.5,1297.5,1297.46,1297.46,-0.0,1.61,2088.9,-1
2026-08-06,2026-08-06 11:41:00,1297.46,1297.46,1297.42,1297.42,-0.0,1.61,2088.9,-1
2026-08-06,2026-08-06 11:42:00,1297.42,1297.42,1297.39,1297.39,-0.0,1.61,2088.9,-1
2026-08-06,2026-08-06 11:43:00,1297.39,1297.39,1297.35,1297.35,-0.0,1.61,2088.9,-1
2026-08-06,2026-08-06 11:44:00,1297.35,1297.35,1297.31,1297.31,-0.0,1.61,2088.9,-1
2026-08-06,2026-08-06 11:45:00,1297.31,1297.31,1297.28,1297.28,-0.0,1.61,2088.9,-1
2026-08-06,2026-08-06 11:46:00,1297.28,1297.28,1297.24,1297.24,-0.0,1.61,2088.9,-1
2026-08-06,2026-08-06 11:47:00,1297.24,1297.24,1297.2,1297.2,-0.0,1.61,2088.9,-1
2026-08-06,2026-08-06 11:48:00,1297.2,1297.2,1297.16,1297.16,-0.0,1.61,2088.9,-1
2026-08-06,2026-08-06 11:49:00,1297.16,1297.16,1297.12,1297.12,-0.0,1.61,2088.9,-1
2026-08-06,2026-08-06 11:50:00,1297.12,1297.12,1297.09,1297.09,-0.0,1.61,2088.9,-1
2026-08-06,2026-08-06 11:51:00,1297.09,1297.09,1297.05,1297.05,-0.0,1.61,2088.9,-1
2026-08-06,2026-08-06 11:52:00,1297.05,1297.05,1297.01,1297.01,-0.0,1.61,2088.9,-1
2026-08-06,2026-08-06 11:53:00,1297.01,1297.01,1296.97,1296.97,-0.0,1.61,2088.9,-1
2026-08-06,2026-08-06 11:54:00,1296.97,1296.97,1296.94,1296.94,-0.0,1.61,2088.9,-1
2026-08-06,2026-08-06 11:55:00,1296.94,1296.94,1296.9,1296.9,-0.0,1.61,2088.9,-1
2026-08-06,2026-08-06 11:56:00,1296.9,1296.9,1296.86,1296.86,-0.0,1.61,2088.9,-1
2026-08-06,2026-08-06 11:57:00,1296.86,1296.86,1296.83,1296.83,-0.0,1.61,2088.9,-1
2026-08-06,2026-08-06 11:58:00,1296.83,1296.83,1296.79,1296.79,-0.0,1.61,2088.9,-1
2026-08-06,2026-08-06 11:59:00,1296.79,1296.79,1296.75,1296.75,-0.0,1.61,2088.9,-1
2026-08-06,2026-08-06 12:00:00,1296.75,1296.75,1296.71,1296.71,-0.0,1.61,2088.9,-1
2026-08-06,2026-08-06 12:01:00,1296.71,1296.71,1296.67,1296.67,-0.0,1.61,2088.9,-1
2026-08-06,2026-08-06 12:02:00,1296.67,1296.67,1296.64,1296.64,-0.0,1.61,2088.9,-1
2026-08-06,2026-08-06 12:03:00,1296.64,1296.64,1296.6,1296.6,-0.0,1.61,2088.9,-1
2026-08-06,2026-08-06 12:04:00,1296.6,1296.6,1296.56,1296.56,-0.0,1.61,2088.9,-1
2026-08-06,2026-08-06 12:05:00,1296.56,1296.56,1296.53,1296.53,-0.0,1.61,2088.9,-1
2026-08-06,2026-08-06 12:06:00,1296.53,1296.53,1296.49,1296.49,-0.0,1.61,2088.9,-1
2026-08-06,2026-08-06 12:07:00,1296.49,1296.49,1296.45,1296.45,-0.0,1.61,2088.9,-1
2026-08-06,2026-08-06 12:08:00,1296.45,1296.45,1296.41,1296.41,-0.0,1.61,2088.9,-1
2026-08-06,2026-08-06 12:09:00,1296.41,1296.41,1296.38,1296.38,-0.0,1.61,2088.9,-1
2026-08-06,2026-08-06 12:10:00,1296.38,1296.38,1296.34,1296.34,-0.0,1.61,2088.9,-1
2026-08-06,2026-08-06 12:11:00,1296.34,1296.34,1296.3,1296.3,-0.0,1.61,2088.9,-1
2026-08-06,2026-08-06 12:12:00,1296.3,1296.3,1296.26,1296.26,-0.0,1.61,2088.9,-1
2026-08-06,2026-08-06 12:13:00,1296.26,1296.26,1296.22,1296.22,-0.0,1.61,2088.9,-1
2026-08-06,2026-08-06 12:14:00,1296.22,1296.22,1296.19,1296.19,-0.0,1.61,2088.9,-1
2026-08-06,2026-08-06 12:15:00,1296.19,1296.19,1296.15,1296.15,-0.0,1.61,2088.9,-1
2026-08-06,2026-08-06 12:16:00,1296.15,1296.15,1296.11,1296.11,-0.0,1.61,2088.9,-1
2026-08-06,2026-08-06 12:17:00,1296.11,1296.11,1296.08,1296.08,-0.0,1.61,2088.9,-1
2026-08-06,2026-08-06 12:18:00,1296.08,1296.08,1296.04,1296.04,-0.0,1.61,2088.9,-1
2026-08-06,2026-08-06 12:19:00,1296.04,1296.04,1296.0,1296.0,-0.0,1.61,2088.9,-1
2026-08-06,2026-08-06 12:20:00,1296.0,1296.0,1295.96,1295.96,-0.0,1.61,2088.9,-1
2026-08-06,2026-08-06 12:21:00,1295.96,1295.96,1295.92,1295.92,-0.0,1.61,2088.9,-1
2026-08-06,2026-08-06 12:22:00,1295.92,1295.92,1295.89,1295.89,-0.0,1.61,2088.9,-1
2026-08-06,2026-08-06 12:23:00,1295.89,1295.89,1295.85,1295.85,-0.0,1.61,2088.9,-1
2026-08-06,2026-08-06 12:24:00,1295.85,1295.85,1295.81,1295.81,-0.0,1.61,2088.9,-1
2026-08-06,2026-08-06 12:25:00,1295.81,1295.81,1295.78,1295.78,-0.0,1.61,2088.9,-1
2026-08-06,2026-08-06 12:26:00,1295.78,1295.78,1295.74,1295.74,-0.0,1.61,2088.9,-1
2026-08-06,2026-08-06 12:27:00,1295.74,1295.74,1295.7,1295.7,-0.0,1.61,2088.9,-1
2026-08-06,2026-08-06 12:28:00,1295.7,1295.7,1295.66,1295.66,-0.0,1.61,2088.9,-1
2026-08-06,2026-08-06 12:29:00,1295.66,1295.66,1295.62,1295.62,-0.0,1.61,2088.9,-1
2026-08-06,2026-08-06 12:30:00,1295.62,1295.62,1295.59,1295.59,-0.0,1.61,2088.9,-1
2026-08-06,2026-08-06 12:31:00,1295.59,1295.59,1295.55,1295.55,-0.0,1.61,2088.9,-1
2026-08-06,2026-08-06 12:32:00,1295.55,1295.55,1295.51,1295.51,-0.0,1.61,2088.9,-1
2026-08-06,2026-08-06 12:33:00,1295.51,1295.51,1295.47,1295.47,-0.0,1.61,2088.9,-1
2026-08-06,2026-08-06 12:34:00,1295.47,1295.47,1295.44,1295.44,-0.0,1.61,2088.9,-1
2026-08-06,2026-08-06 12:35:00,1295.44,1295.44,1295.4,1295.4,-0.0,1.61,2088.9,-1
2026-08-06,2026-08-06 12:36:00,1295.4,1295.4,1295.36,1295.36,-0.0,1.61,2088.9,-1
2026-08-06,2026-08-06 12:37:00,1295.36,1295.36,1295.33,1295.33,-0.0,1.61,2088.9,-1
2026-08-06,2026-08-06 12:38:00,1295.33,1295.33,1295.29,1295.29,-0.0,1.61,2088.9,-1
2026-08-06,2026-08-06 12:39:00,1295.29,1295.29,1295.25,1295.25,-0.0,1.61,2088.9,-1
2026-08-06,2026-08-06 12:40:00,1295.25,1295.25,1295.21,1295.21,-0.0,1.61,2088.9,-1
2026-08-06,2026-08-06 12:41:00,1295.21,1295.21,1295.17,1295.17,-0.0,1.61,2088.9,-1
2026-08-06,2026-08-06 12:42:00,1295.17,1295.17,1295.14,1295.14,-0.0,1.61,2088.9,-1
2026-08-06,2026-08-06 12:43:00,1295.14,1295.14,1295.1,1295.1,-0.0,1.61,2088.9,-1
2026-08-06,2026-08-06 12:44:00,1295.1,1295.1,1295.06,1295.06,-0.0,1.61,2088.9,-1
2026-08-06,2026-08-06 12:45:00,1295.06,1295.06,1295.03,1295.03,-0.0,1.61,2088.9,-1
2026-08-06,2026-08-06 12:46:00,1295.03,1295.03,1294.99,1294.99,-0.0,1.61,2088.9,-1
2026-08-06,2026-08-06 12:47:00,1294.99,1294.99,1294.95,1294.95,-0.0,1.61,2088.9,-1
2026-08-06,2026-08-06 12:48:00,1294.95,1294.95,1294.91,1294.91,-0.0,1.61,2088.9,-1
2026-08-06,2026-08-06 12:49:00,1294.91,1294.91,1294.88,1294.88,-0.0,1.61,2088.9,-1
2026-08-06,2026-08-06 12:50:00,1294.88,1294.88,1294.84,1294.84,-0.0,1.61,2088.9,-1
2026-08-06,2026-08-06 12:51:00,1294.84,1294.84,1294.8,1294.8,-0.0,1.61,2088.9,-1
2026-08-06,2026-08-06 12:52:00,1294.8,1294.8,1294.76,1294.76,-0.0,1.61,2088.9,-1
2026-08-06,2026-08-06 12:53:00,1294.76,1294.76,1294.72,1294.72,-0.0,1.61,2088.9,-1
2026-08-06,2026-08-06 12:54:00,1294.72,1294.72,1294.69,1294.69,-0.0,1.61,2088.9,-1
2026-08-06,2026-08-06 12:55:00,1294.69,1294.69,1294.65,1294.65,-0.0,1.61,2088.9,-1
2026-08-06,2026-08-06 12:56:00,1294.65,1294.65,1294.61,1294.61,-0.0,1.61,2088.9,-1
2026-08-06,2026-08-06 12:57:00,1294.61,1294.61,1294.58,1294.58,-0.0,1.61,2088.9,-1
2026-08-06,2026-08-06 12:58:00,1294.58,1294.58,1294.54,1294.54,-0.0,1.61,2088.9,-1
2026-08-06,2026-08-06 12:59:00,1294.54,1294.54,1294.5,1294.5,-0.0,1.61,2088.9,-1
2026-08-06,2026-08-06 13:00:00,1294.5,1309.0,1281.0,1294.46,-0.0,1.61,2088.9,-1
2026-08-06,2026-08-06 13:01:00,1294.46,1294.46,1294.42,1294.42,-0.0,1.61,2088.9,-1
2026-08-06,2026-08-06 13:02:00,1294.42,1294.42,1294.39,1294.39,-0.0,1.61,2088.9,-1
2026-08-06,2026-08-06 13:03:00,1294.39,1294.39,1294.35,1294.35,-0.0,1.61,2088.9,-1
2026-08-06,2026-08-06 13:04:00,1294.35,1294.35,1294.31,1294.31,-0.0,1.61,2088.9,-1
2026-08-06,2026-08-06 13:05:00,1294.31,1294.31,1294.28,1294.28,-0.0,1.61,2088.9,-1
2026-08-06,2026-08-06 13:06:00,1294.28,1294.28,1294.24,1294.24,-0.0,1.61,2088.9,-1
2026-08-06,2026-08-06 13:07:00,1294.24,1294.24,1294.2,1294.2,-0.0,1.61,2088.9,-1
2026-08-06,2026-08-06 13:08:00,1294.2,1294.2,1294.16,1294.16,-0.0,1.61,2088.9,-1
2026-08-06,2026-08-06 13:09:00,1294.16,1294.16,1294.12,1294.12,-0.0,1.61,2088.9,-1
2026-08-06,2026-08-06 13:10:00,1294.12,1294.12,1294.09,1294.09,-0.0,1.61,2088.9,-1
2026-08-06,2026-08-06 13:11:00,1294.09,1294.09,1294.05,1294.05,-0.0,1.61,2088.9,-1
2026-08-06,2026-08-06 13:12:00,1294.05,1294.05,1294.01,1294.01,-0.0,1.61,2088.9,-1
2026-08-06,2026-08-06 13:13:00,1294.01,1294.01,1293.97,1293.97,-0.0,1.61,2088.9,-1
2026-08-06,2026-08-06 13:14:00,1293.97,1293.97,1293.94,1293.94,-0.0,1.61,2088.9,-1
2026-08-06,2026-08-06 13:15:00,1293.94,1293.94,1293.9,1293.9,-0.0,1.61,2088.9,-1
2026-08-06,2026-08-06 13:16:00,1293.9,1293.9,1293.86,1293.86,-0.0,1.61,2088.9,-1
2026-08-06,2026-08-06 13:17:00,1293.86,1293.86,1293.83,1293.83,-0.0,1.61,2088.9,-1
2026-08-06,2026-08-06 13:18:00,1293.83,1293.83,1293.79,1293.79,-0.0,1.61,2088.9,-1
2026-08-06,2026-08-06 13:19:00,1293.79,1293.79,1293.75,1293.75,-0.0,1.61,2088.9,-1
2026-08-06,2026-08-06 13:20:00,1293.75,1293.75,1293.71,1293.71,-0.0,1.61,2088.9,-1
2026-08-06,2026-08-06 13:21:00,1293.71,1293.71,1293.67,1293.67,-0.0,1.61,2088.9,-1
2026-08-06,2026-08-06 13:22:00,1293.67,1293.67,1293.64,1293.64,-0.0,1.61,2088.9,-1
2026-08-06,2026-08-06 13:23:00,1293.64,1293.64,1293.6,1293.6,-0.0,1.61,2088.9,-1
2026-08-06,2026-08-06 13:24:00,1293.6,1293.6,1293.56,1293.56,-0.0,1.61,2088.9,-1
2026-08-06,2026-08-06 13:25:00,1293.56,1293.56,1293.53,1293.53,-0.0,1.61,2088.9,-1
2026-08-06,2026-08-06 13:26:00,1293.53,1293.53,1293.49,1293.49,-0.0,1.61,2088.9,-1
2026-08-06,2026-08-06 13:27:00,1293.49,1293.49,1293.45,1293.45,-0.0,1.61,2088.9,-1
2026-08-06,2026-08-06 13:28:00,1293.45,1293.45,1293.41,1293.41,-0.0,1.61,2088.9,-1
2026-08-06,2026-08-06 13:29:00,1293.41,1293.41,1293.38,1293.38,-0.0,1.61,2088.9,-1
2026-08-06,2026-08-06 13:30:00,1293.38,1293.38,1293.34,1293.34,-0.0,1.61,2088.9,-1
2026-08-06,2026-08-06 13:31:00,1293.34,1293.34,1293.3,1293.3,-0.0,1.61,2088.9,-1
2026-08-06,2026-08-06 13:32:00,1293.3,1293.3,1293.26,1293.26,-0.0,1.61,2088.9,-1
2026-08-06,2026-08-06 13:33:00,1293.26,1293.26,1293.22,1293.22,-0.0,1.61,2088.9,-1
2026-08-06,2026-08-06 13:34:00,1293.22,1293.22,1293.19,1293.19,-0.0,1.61,2088.9,-1
2026-08-06,2026-08-06 13:35:00,1293.19,1293.19,1293.15,1293.15,-0.0,1.61,2088.9,-1
2026-08-06,2026-08-06 13:36:00,1293.15,1293.15,1293.11,1293.11,-0.0,1.61,2088.9,-1
2026-08-06,2026-08-06 13:37:00,1293.11,1293.11,1293.08,1293.08,-0.0,1.61,2088.9,-1
2026-08-06,2026-08-06 13:38:00,1293.08,1293.08,1293.04,1293.04,-0.0,1.61,2088.9,-1
2026-08-06,2026-08-06 13:39:00,1293.04,1293.04,1293.0,1293.0,-0.0,1.61,2088.9,-1
2026-08-06,2026-08-06 13:40:00,1293.0,1293.0,1292.96,1292.96,-0.0,1.61,2088.9,-1
2026-08-06,2026-08-06 13:41:00,1292.96,1292.96,1292.92,1292.92,-0.0,1.61,2088.9,-1
2026-08-06,2026-08-06 13:42:00,1292.92,1292.92,1292.89,1292.89,-0.0,1.61,2088.9,-1
2026-08-06,2026-08-06 13:43:00,1292.89,1292.89,1292.85,1292.85,-0.0,1.61,2088.9,-1
2026-08-06,2026-08-06 13:44:00,1292.85,1292.85,1292.81,1292.81,-0.0,1.61,2088.9,-1
2026-08-06,2026-08-06 13:45:00,1292.81,1292.81,1292.78,1292.78,-0.0,1.61,2088.9,-1
2026-08-06,2026-08-06 13:46:00,1292.78,1292.78,1292.74,1292.74,-0.0,1.61,2088.9,-1
2026-08-06,2026-08-06 13:47:00,1292.74,1292.74,1292.7,1292.7,-0.0,1.61,2088.9,-1
2026-08-06,2026-08-06 13:48:00,1292.7,1292.7,1292.66,1292.66,-0.0,1.61,2088.9,-1
2026-08-06,2026-08-06 13:49:00,1292.66,1292.66,1292.62,1292.62,-0.0,1.61,2088.9,-1
2026-08-06,2026-08-06 13:50:00,1292.62,1292.62,1292.59,1292.59,-0.0,1.61,2088.9,-1
2026-08-06,2026-08-06 13:51:00,1292.59,1292.59,1292.55,1292.55,-0.0,1.61,2088.9,-1
2026-08-06,2026-08-06 13:52:00,1292.55,1292.55,1292.51,1292.51,-0.0,1.61,2088.9,-1
2026-08-06,2026-08-06 13:53:00,1292.51,1292.51,1292.47,1292.47,-0.0,1.61,2088.9,-1
2026-08-06,2026-08-06 13:54:00,1292.47,1292.47,1292.44,1292.44,-0.0,1.61,2088.9,-1
2026-08-06,2026-08-06 13:55:00,1292.44,1292.44,1292.4,1292.4,-0.0,1.61,2088.9,-1
2026-08-06,2026-08-06 13:56:00,1292.4,1292.4,1292.36,1292.36,-0.0,1.61,2088.9,-1
2026-08-06,2026-08-06 13:57:00,1292.36,1292.36,1292.33,1292.33,-0.0,1.61,2088.9,-1
2026-08-06,2026-08-06 13:58:00,1292.33,1292.33,1292.29,1292.29,-0.0,1.61,2088.9,-1
2026-08-06,2026-08-06 13:59:00,1292.29,1292.29,1292.25,1292.25,-0.0,1.61,2088.9,-1
2026-08-06,2026-08-06 14:00:00,1292.25,1292.25,1292.21,1292.21,-0.0,1.61,2088.9,-1
2026-08-06,2026-08-06 14:01:00,1292.21,1292.21,1292.17,1292.17,-0.0,1.61,2088.9,-1
2026-08-06,2026-08-06 14:02:00,1292.17,1292.17,1292.14,1292.14,-0.0,1.61,2088.9,-1
2026-08-06,2026-08-06 14:03:00,1292.14,1292.14,1292.1,1292.1,-0.0,1.61,2088.9,-1
2026-08-06,2026-08-06 14:04:00,1292.1,1292.1,1292.06,1292.06,-0.0,1.61,2088.9,-1
2026-08-06,2026-08-06 14:05:00,1292.06,1292.06,1292.03,1292.03,-0.0,1.61,2088.9,-1
2026-08-06,2026-08-06 14:06:00,1292.03,1292.03,1291.99,1291.99,-0.0,1.61,2088.9,-1
2026-08-06,2026-08-06 14:07:00,1291.99,1291.99,1291.95,1291.95,-0.0,1.61,2088.9,-1
2026-08-06,2026-08-06 14:08:00,1291.95,1291.95,1291.91,1291.91,-0.0,1.61,2088.9,-1
2026-08-06,2026-08-06 14:09:00,1291.91,1291.91,1291.88,1291.88,-0.0,1.61,2088.9,-1
2026-08-06,2026-08-06 14:10:00,1291.88,1291.88,1291.84,1291.84,-0.0,1.61,2088.9,-1
2026-08-06,2026-08-06 14:11:00,1291.84,1291.84,1291.8,1291.8,-0.0,1.61,2088.9,-1
2026-08-06,2026-08-06 14:12:00,1291.8,1291.8,1291.76,1291.76,-0.0,1.61,2088.9,-1
2026-08-06,2026-08-06 14:13:00,1291.76,1291.76,1291.72,1291.72,-0.0,1.61,2088.9,-1
2026-08-06,2026-08-06 14:14:00,1291.72,1291.72,1291.69,1291.69,-0.0,1.61,2088.9,-1
2026-08-06,2026-08-06 14:15:00,1291.69,1291.69,1291.65,1291.65,-0.0,1.61,2088.9,-1
2026-08-06,2026-08-06 14:16:00,1291.65,1291.65,1291.61,1291.61,-0.0,1.61,2088.9,-1
2026-08-06,2026-08-06 14:17:00,1291.61,1291.61,1291.58,1291.58,-0.0,1.61,2088.9,-1
2026-08-06,2026-08-06 14:18:00,1291.58,1291.58,1291.54,1291.54,-0.0,1.61,2088.9,-1
2026-08-06,2026-08-06 14:19:00,1291.54,1291.54,1291.5,1291.5,-0.0,1.61,2088.9,-1
2026-08-06,2026-08-06 14:20:00,1291.5,1291.5,1291.46,1291.46,-0.0,1.61,2088.9,-1
2026-08-06,2026-08-06 14:21:00,1291.46,1291.46,1291.42,1291.42,-0.0,1.61,2088.9,-1
2026-08-06,2026-08-06 14:22:00,1291.42,1291.42,1291.39,1291.39,-0.0,1.61,2088.9,-1
2026-08-06,2026-08-06 14:23:00,1291.39,1291.39,1291.35,1291.35,-0.0,1.61,2088.9,-1
2026-08-06,2026-08-06 14:24:00,1291.35,1291.35,1291.31,1291.31,-0.0,1.61,2088.9,-1
2026-08-06,2026-08-06 14:25:00,1291.31,1291.31,1291.28,1291.28,-0.0,1.61,2088.9,-1
2026-08-06,2026-08-06 14:26:00,1291.28,1291.28,1291.24,1291.24,-0.0,1.61,2088.9,-1
2026-08-06,2026-08-06 14:27:00,1291.24,1291.24,1291.2,1291.2,-0.0,1.61,2088.9,-1
2026-08-06,2026-08-06 14:28:00,1291.2,1291.2,1291.16,1291.16,-0.0,1.61,2088.9,-1
2026-08-06,2026-08-06 14:29:00,1291.16,1291.16,1291.12,1291.12,-0.0,1.61,2088.9,-1
2026-08-06,2026-08-06 14:30:00,1291.12,1291.12,1291.09,1291.09,-0.0,1.61,2088.9,-1
2026-08-06,2026-08-06 14:31:00,1291.09,1291.09,1291.05,1291.05,-0.0,1.61,2088.9,-1
2026-08-06,2026-08-06 14:32:00,1291.05,1291.05,1291.01,1291.01,-0.0,1.61,2088.9,-1
2026-08-06,2026-08-06 14:33:00,1291.01,1291.01,1290.97,1290.97,-0.0,1.61,2088.9,-1
2026-08-06,2026-08-06 14:34:00,1290.97,1290.97,1290.94,1290.94,-0.0,1.61,2088.9,-1
2026-08-06,2026-08-06 14:35:00,1290.94,1290.94,1290.9,1290.9,-0.0,1.61,2088.9,-1
2026-08-06,2026-08-06 14:36:00,1290.9,1290.9,1290.86,1290.86,-0.0,1.61,2088.9,-1
2026-08-06,2026-08-06 14:37:00,1290.86,1290.86,1290.83,1290.83,-0.0,1.61,2088.9,-1
2026-08-06,2026-08-06 14:38:00,1290.83,1290.83,1290.79,1290.79,-0.0,1.61,2088.9,-1
2026-08-06,2026-08-06 14:39:00,1290.79,1290.79,1290.75,1290.75,-0.0,1.61,2088.9,-1
2026-08-06,2026-08-06 14:40:00,1290.75,1290.75,1290.71,1290.71,-0.0,1.61,2088.9,-1
2026-08-06,2026-08-06 14:41:00,1290.71,1290.71,1290.67,1290.67,-0.0,1.61,2088.9,-1
2026-08-06,2026-08-06 14:42:00,1290.67,1290.67,1290.64,1290.64,-0.0,1.61,2088.9,-1
2026-08-06,2026-08-06 14:43:00,1290.64,1290.64,1290.6,1290.6,-0.0,1.61,2088.9,-1
2026-08-06,2026-08-06 14:44:00,1290.6,1290.6,1290.56,1290.56,-0.0,1.61,2088.9,-1
2026-08-06,2026-08-06 14:45:00,1290.56,1290.56,1290.53,1290.53,-0.0,1.61,2088.9,-1
2026-08-06,2026-08-06 14:46:00,1290.53,1290.53,1290.49,1290.49,-0.0,1.61,2088.9,-1
2026-08-06,2026-08-06 14:47:00,1290.49,1290.49,1290.45,1290.45,-0.0,1.61,2088.9,-1
2026-08-06,2026-08-06 14:48:00,1290.45,1290.45,1290.41,1290.41,-0.0,1.61,2088.9,-1
2026-08-06,2026-08-06 14:49:00,1290.41,1290.41,1290.38,1290.38,-0.0,1.61,2088.9,-1
2026-08-06,2026-08-06 14:50:00,1290.38,1290.38,1290.34,1290.34,-0.0,1.61,2088.9,-1
2026-08-06,2026-08-06 14:51:00,1290.34,1290.34,1290.3,1290.3,-0.0,1.61,2088.9,-1
2026-08-06,2026-08-06 14:52:00,1290.3,1290.3,1290.26,1290.26,-0.0,1.61,2088.9,-1
2026-08-06,2026-08-06 14:53:00,1290.26,1290.26,1290.22,1290.22,-0.0,1.61,2088.9,-1
2026-08-06,2026-08-06 14:54:00,1290.22,1290.22,1290.19,1290.19,-0.0,1.61,2088.9,-1
2026-08-06,2026-08-06 14:55:00,1290.19,1290.19,1290.15,1290.15,-0.0,1.61,2088.9,-1
2026-08-06,2026-08-06 14:56:00,1290.15,1290.15,1290.11,1290.11,-0.0,1.61,2088.9,-1
2026-08-06,2026-08-06 14:57:00,1290.11,1290.11,1290.08,1290.08,-0.0,1.61,2088.9,-1
2026-08-06,2026-08-06 14:58:00,1290.08,1290.08,1290.04,1290.04,-0.0,1.61,2088.9,-1
2026-08-06,2026-08-06 14:59:00,1290.04,1290.04,1290.0,1290.0,-0.0,1.61,2088.9,-1
2026-08-06,2026-08-06 15:00:00,1290.0,1309.0,1281.0,1290.0,0.0,1.61,2088.9,0
2026-08-07,2026-08-07 11:00:00,1282.0,1289.8,1281.4,1281.99,-0.0,5.01,6443.56,-1
2026-08-07,2026-08-07 11:01:00,1281.99,1281.99,1281.98,1281.98,-0.0,5.01,6443.56,-1
2026-08-07,2026-08-07 11:02:00,1281.98,1281.98,1281.97,1281.97,-0.0,5.01,6443.56,-1
2026-08-07,2026-08-07 11:03:00,1281.97,1281.97,1281.97,1281.97,0.0,5.01,6443.56,0
2026-08-07,2026-08-07 11:04:00,1281.97,1281.97,1281.96,1281.96,-0.0,5.01,6443.56,-1
2026-08-07,2026-08-07 11:05:00,1281.96,1281.96,1281.95,1281.95,-0.0,5.01,6443.56,-1
2026-08-07,2026-08-07 11:06:00,1281.95,1281.95,1281.94,1281.94,-0.0,5.01,6443.56,-1
2026-08-07,2026-08-07 11:07:00,1281.94,1281.94,1281.93,1281.93,-0.0,5.01,6443.56,-1
2026-08-07,2026-08-07 11:08:00,1281.93,1281.93,1281.92,1281.92,-0.0,5.01,6443.56,-1
2026-08-07,2026-08-07 11:09:00,1281.92,1281.92,1281.92,1281.92,0.0,5.01,6443.56,0
2026-08-07,2026-08-07 11:10:00,1281.92,1281.92,1281.91,1281.91,-0.0,5.01,6443.56,-1
2026-08-07,2026-08-07 11:11:00,1281.91,1281.91,1281.9,1281.9,-0.0,5.01,6443.56,-1
2026-08-07,2026-08-07 11:12:00,1281.9,1281.9,1281.89,1281.89,-0.0,5.01,6443.56,-1
2026-08-07,2026-08-07 11:13:00,1281.89,1281.89,1281.88,1281.88,-0.0,5.01,6443.56,-1
2026-08-07,2026-08-07 11:14:00,1281.88,1281.88,1281.88,1281.88,0.0,5.01,6443.56,0
2026-08-07,2026-08-07 11:15:00,1281.88,1281.88,1281.87,1281.87,-0.0,5.01,6443.56,-1
2026-08-07,2026-08-07 11:16:00,1281.87,1281.87,1281.86,1281.86,-0.0,5.01,6443.56,-1
2026-08-07,2026-08-07 11:17:00,1281.86,1281.86,1281.85,1281.85,-0.0,5.01,6443.56,-1
2026-08-07,2026-08-07 11:18:00,1281.85,1281.85,1281.84,1281.84,-0.0,5.01,6443.56,-1
2026-08-07,2026-08-07 11:19:00,1281.84,1281.84,1281.83,1281.83,-0.0,5.01,6443.56,-1
2026-08-07,2026-08-07 11:20:00,1281.83,1281.83,1281.83,1281.83,0.0,5.01,6443.56,0
2026-08-07,2026-08-07 11:21:00,1281.83,1281.83,1281.82,1281.82,-0.0,5.01,6443.56,-1
2026-08-07,2026-08-07 11:22:00,1281.82,1281.82,1281.81,1281.81,-0.0,5.01,6443.56,-1
2026-08-07,2026-08-07 11:23:00,1281.81,1281.81,1281.8,1281.8,-0.0,5.01,6443.56,-1
2026-08-07,2026-08-07 11:24:00,1281.8,1281.8,1281.79,1281.79,-0.0,5.01,6443.56,-1
2026-08-07,2026-08-07 11:25:00,1281.79,1281.79,1281.78,1281.78,-0.0,5.01,6443.56,-1
2026-08-07,2026-08-07 11:26:00,1281.78,1281.78,1281.78,1281.78,0.0,5.01,6443.56,0
2026-08-07,2026-08-07 11:27:00,1281.78,1281.78,1281.77,1281.77,-0.0,5.01,6443.56,-1
2026-08-07,2026-08-07 11:28:00,1281.77,1281.77,1281.76,1281.76,-0.0,5.01,6443.56,-1
2026-08-07,2026-08-07 11:29:00,1281.76,1281.76,1281.75,1281.75,-0.0,5.01,6443.56,-1
2026-08-07,2026-08-07 11:30:00,1281.75,1281.75,1281.74,1281.74,-0.0,5.01,6443.56,-1
2026-08-07,2026-08-07 11:31:00,1281.74,1281.74,1281.73,1281.73,-0.0,5.01,6443.56,-1
2026-08-07,2026-08-07 11:32:00,1281.73,1281.73,1281.72,1281.72,-0.0,5.01,6443.56,-1
2026-08-07,2026-08-07 11:33:00,1281.72,1281.72,1281.72,1281.72,0.0,5.01,6443.56,0
2026-08-07,2026-08-07 11:34:00,1281.72,1281.72,1281.71,1281.71,-0.0,5.01,6443.56,-1
2026-08-07,2026-08-07 11:35:00,1281.71,1281.71,1281.7,1281.7,-0.0,5.01,6443.56,-1
2026-08-07,2026-08-07 11:36:00,1281.7,1281.7,1281.69,1281.69,-0.0,5.01,6443.56,-1
2026-08-07,2026-08-07 11:37:00,1281.69,1281.69,1281.68,1281.68,-0.0,5.01,6443.56,-1
2026-08-07,2026-08-07 11:38:00,1281.68,1281.68,1281.67,1281.67,-0.0,5.01,6443.56,-1
2026-08-07,2026-08-07 11:39:00,1281.67,1281.67,1281.67,1281.67,0.0,5.01,6443.56,0
2026-08-07,2026-08-07 11:40:00,1281.67,1281.67,1281.66,1281.66,-0.0,5.01,6443.56,-1
2026-08-07,2026-08-07 11:41:00,1281.66,1281.66,1281.65,1281.65,-0.0,5.01,6443.56,-1
2026-08-07,2026-08-07 11:42:00,1281.65,1281.65,1281.64,1281.64,-0.0,5.01,6443.56,-1
2026-08-07,2026-08-07 11:43:00,1281.64,1281.64,1281.63,1281.63,-0.0,5.01,6443.56,-1
2026-08-07,2026-08-07 11:44:00,1281.63,1281.63,1281.62,1281.62,-0.0,5.01,6443.56,-1
2026-08-07,2026-08-07 11:45:00,1281.62,1281.62,1281.62,1281.62,0.0,5.01,6443.56,0
2026-08-07,2026-08-07 11:46:00,1281.62,1281.62,1281.61,1281.61,-0.0,5.01,6443.56,-1
2026-08-07,2026-08-07 11:47:00,1281.61,1281.61,1281.6,1281.6,-0.0,5.01,6443.56,-1
2026-08-07,2026-08-07 11:48:00,1281.6,1281.6,1281.59,1281.59,-0.0,5.01,6443.56,-1
2026-08-07,2026-08-07 11:49:00,1281.59,1281.59,1281.58,1281.58,-0.0,5.01,6443.56,-1
2026-08-07,2026-08-07 11:50:00,1281.58,1281.58,1281.58,1281.58,0.0,5.01,6443.56,0
2026-08-07,2026-08-07 11:51:00,1281.58,1281.58,1281.57,1281.57,-0.0,5.01,6443.56,-1
2026-08-07,2026-08-07 11:52:00,1281.57,1281.57,1281.56,1281.56,-0.0,5.01,6443.56,-1
2026-08-07,2026-08-07 11:53:00,1281.56,1281.56,1281.55,1281.55,-0.0,5.01,6443.56,-1
2026-08-07,2026-08-07 11:54:00,1281.55,1281.55,1281.54,1281.54,-0.0,5.01,6443.56,-1
2026-08-07,2026-08-07 11:55:00,1281.54,1281.54,1281.53,1281.53,-0.0,5.01,6443.56,-1
2026-08-07,2026-08-07 11:56:00,1281.53,1281.53,1281.53,1281.53,0.0,5.01,6443.56,0
2026-08-07,2026-08-07 11:57:00,1281.53,1281.53,1281.52,1281.52,-0.0,5.01,6443.56,-1
2026-08-07,2026-08-07 11:58:00,1281.52,1281.52,1281.51,1281.51,-0.0,5.01,6443.56,-1
2026-08-07,2026-08-07 11:59:00,1281.51,1281.51,1281.5,1281.5,-0.0,5.01,6443.56,-1
2026-08-07,2026-08-07 12:00:00,1281.5,1281.5,1281.49,1281.49,-0.0,5.01,6443.56,-1
2026-08-07,2026-08-07 12:01:00,1281.49,1281.49,1281.48,1281.48,-0.0,5.01,6443.56,-1
2026-08-07,2026-08-07 12:02:00,1281.48,1281.48,1281.47,1281.47,-0.0,5.01,6443.56,-1
2026-08-07,2026-08-07 12:03:00,1281.47,1281.47,1281.47,1281.47,0.0,5.01,6443.56,0
2026-08-07,2026-08-07 12:04:00,1281.47,1281.47,1281.46,1281.46,-0.0,5.01,6443.56,-1
2026-08-07,2026-08-07 12:05:00,1281.46,1281.46,1281.45,1281.45,-0.0,5.01,6443.56,-1
2026-08-07,2026-08-07 12:06:00,1281.45,1281.45,1281.44,1281.44,-0.0,5.01,6443.56,-1
2026-08-07,2026-08-07 12:07:00,1281.44,1281.44,1281.43,1281.43,-0.0,5.01,6443.56,-1
2026-08-07,2026-08-07 12:08:00,1281.43,1281.43,1281.42,1281.42,-0.0,5.01,6443.56,-1
2026-08-07,2026-08-07 12:09:00,1281.42,1281.42,1281.42,1281.42,0.0,5.01,6443.56,0
2026-08-07,2026-08-07 12:10:00,1281.42,1281.42,1281.41,1281.41,-0.0,5.01,6443.56,-1
2026-08-07,2026-08-07 12:11:00,1281.41,1281.41,1281.4,1281.4,-0.0,5.01,6443.56,-1
2026-08-07,2026-08-07 12:12:00,1281.4,1281.4,1281.39,1281.39,-0.0,5.01,6443.56,-1
2026-08-07,2026-08-07 12:13:00,1281.39,1281.39,1281.38,1281.38,-0.0,5.01,6443.56,-1
2026-08-07,2026-08-07 12:14:00,1281.38,1281.38,1281.38,1281.38,0.0,5.01,6443.56,0
2026-08-07,2026-08-07 12:15:00,1281.38,1281.38,1281.37,1281.37,-0.0,5.01,6443.56,-1
2026-08-07,2026-08-07 12:16:00,1281.37,1281.37,1281.36,1281.36,-0.0,5.01,6443.56,-1
2026-08-07,2026-08-07 12:17:00,1281.36,1281.36,1281.35,1281.35,-0.0,5.01,6443.56,-1
2026-08-07,2026-08-07 12:18:00,1281.35,1281.35,1281.34,1281.34,-0.0,5.01,6443.56,-1
2026-08-07,2026-08-07 12:19:00,1281.34,1281.34,1281.33,1281.33,-0.0,5.01,6443.56,-1
2026-08-07,2026-08-07 12:20:00,1281.33,1281.33,1281.33,1281.33,0.0,5.01,6443.56,0
2026-08-07,2026-08-07 12:21:00,1281.33,1281.33,1281.32,1281.32,-0.0,5.01,6443.56,-1
2026-08-07,2026-08-07 12:22:00,1281.32,1281.32,1281.31,1281.31,-0.0,5.01,6443.56,-1
2026-08-07,2026-08-07 12:23:00,1281.31,1281.31,1281.3,1281.3,-0.0,5.01,6443.56,-1
2026-08-07,2026-08-07 12:24:00,1281.3,1281.3,1281.29,1281.29,-0.0,5.01,6443.56,-1
2026-08-07,2026-08-07 12:25:00,1281.29,1281.29,1281.28,1281.28,-0.0,5.01,6443.56,-1
2026-08-07,2026-08-07 12:26:00,1281.28,1281.28,1281.28,1281.28,0.0,5.01,6443.56,0
2026-08-07,2026-08-07 12:27:00,1281.28,1281.28,1281.27,1281.27,-0.0,5.01,6443.56,-1
2026-08-07,2026-08-07 12:28:00,1281.27,1281.27,1281.26,1281.26,-0.0,5.01,6443.56,-1
2026-08-07,2026-08-07 12:29:00,1281.26,1281.26,1281.25,1281.25,-0.0,5.01,6443.56,-1
2026-08-07,2026-08-07 12:30:00,1281.25,1281.25,1281.24,1281.24,-0.0,5.01,6443.56,-1
2026-08-07,2026-08-07 12:31:00,1281.24,1281.24,1281.23,1281.23,-0.0,5.01,6443.56,-1
2026-08-07,2026-08-07 12:32:00,1281.23,1281.23,1281.22,1281.22,-0.0,5.01,6443.56,-1
2026-08-07,2026-08-07 12:33:00,1281.22,1281.22,1281.22,1281.22,0.0,5.01,6443.56,0
2026-08-07,2026-08-07 12:34:00,1281.22,1281.22,1281.21,1281.21,-0.0,5.01,6443.56,-1
2026-08-07,2026-08-07 12:35:00,1281.21,1281.21,1281.2,1281.2,-0.0,5.01,6443.56,-1
2026-08-07,2026-08-07 12:36:00,1281.2,1281.2,1281.19,1281.19,-0.0,5.01,6443.56,-1
2026-08-07,2026-08-07 12:37:00,1281.19,1281.19,1281.18,1281.18,-0.0,5.01,6443.56,-1
2026-08-07,2026-08-07 12:38:00,1281.18,1281.18,1281.17,1281.17,-0.0,5.01,6443.56,-1
2026-08-07,2026-08-07 12:39:00,1281.17,1281.17,1281.17,1281.17,0.0,5.01,6443.56,0
2026-08-07,2026-08-07 12:40:00,1281.17,1281.17,1281.16,1281.16,-0.0,5.01,6443.56,-1
2026-08-07,2026-08-07 12:41:00,1281.16,1281.16,1281.15,1281.15,-0.0,5.01,6443.56,-1
2026-08-07,2026-08-07 12:42:00,1281.15,1281.15,1281.14,1281.14,-0.0,5.01,6443.56,-1
2026-08-07,2026-08-07 12:43:00,1281.14,1281.14,1281.13,1281.13,-0.0,5.01,6443.56,-1
2026-08-07,2026-08-07 12:44:00,1281.13,1281.13,1281.12,1281.12,-0.0,5.01,6443.56,-1
2026-08-07,2026-08-07 12:45:00,1281.12,1281.12,1281.12,1281.12,0.0,5.01,6443.56,0
2026-08-07,2026-08-07 12:46:00,1281.12,1281.12,1281.11,1281.11,-0.0,5.01,6443.56,-1
2026-08-07,2026-08-07 12:47:00,1281.11,1281.11,1281.1,1281.1,-0.0,5.01,6443.56,-1
2026-08-07,2026-08-07 12:48:00,1281.1,1281.1,1281.09,1281.09,-0.0,5.01,6443.56,-1
2026-08-07,2026-08-07 12:49:00,1281.09,1281.09,1281.08,1281.08,-0.0,5.01,6443.56,-1
2026-08-07,2026-08-07 12:50:00,1281.08,1281.08,1281.08,1281.08,0.0,5.01,6443.56,0
2026-08-07,2026-08-07 12:51:00,1281.08,1281.08,1281.07,1281.07,-0.0,5.01,6443.56,-1
2026-08-07,2026-08-07 12:52:00,1281.07,1281.07,1281.06,1281.06,-0.0,5.01,6443.56,-1
2026-08-07,2026-08-07 12:53:00,1281.06,1281.06,1281.05,1281.05,-0.0,5.01,6443.56,-1
2026-08-07,2026-08-07 12:54:00,1281.05,1281.05,1281.04,1281.04,-0.0,5.01,6443.56,-1
2026-08-07,2026-08-07 12:55:00,1281.04,1281.04,1281.03,1281.03,-0.0,5.01,6443.56,-1
2026-08-07,2026-08-07 12:56:00,1281.03,1281.03,1281.03,1281.03,0.0,5.01,6443.56,0
2026-08-07,2026-08-07 12:57:00,1281.03,1281.03,1281.02,1281.02,-0.0,5.01,6443.56,-1
2026-08-07,2026-08-07 12:58:00,1281.02,1281.02,1281.01,1281.01,-0.0,5.01,6443.56,-1
2026-08-07,2026-08-07 12:59:00,1281.01,1281.01,1281.0,1281.0,-0.0,5.01,6443.56,-1
2026-08-07,2026-08-07 13:00:00,1281.0,1308.0,1280.0,1280.99,-0.0,5.01,6443.56,-1
2026-08-07,2026-08-07 13:01:00,1280.99,1280.99,1280.98,1280.98,-0.0,5.01,6443.56,-1
2026-08-07,2026-08-07 13:02:00,1280.98,1280.98,1280.97,1280.97,-0.0,5.01,6443.56,-1
2026-08-07,2026-08-07 13:03:00,1280.97,1280.97,1280.97,1280.97,0.0,5.01,6443.56,0
2026-08-07,2026-08-07 13:04:00,1280.97,1280.97,1280.96,1280.96,-0.0,5.01,6443.56,-1
2026-08-07,2026-08-07 13:05:00,1280.96,1280.96,1280.95,1280.95,-0.0,5.01,6443.56,-1
2026-08-07,2026-08-07 13:06:00,1280.95,1280.95,1280.94,1280.94,-0.0,5.01,6443.56,-1
2026-08-07,2026-08-07 13:07:00,1280.94,1280.94,1280.93,1280.93,-0.0,5.01,6443.56,-1
2026-08-07,2026-08-07 13:08:00,1280.93,1280.93,1280.92,1280.92,-0.0,5.01,6443.56,-1
2026-08-07,2026-08-07 13:09:00,1280.92,1280.92,1280.92,1280.92,0.0,5.01,6443.56,0
2026-08-07,2026-08-07 13:10:00,1280.92,1280.92,1280.91,1280.91,-0.0,5.01,6443.56,-1
2026-08-07,2026-08-07 13:11:00,1280.91,1280.91,1280.9,1280.9,-0.0,5.01,6443.56,-1
2026-08-07,2026-08-07 13:12:00,1280.9,1280.9,1280.89,1280.89,-0.0,5.01,6443.56,-1
2026-08-07,2026-08-07 13:13:00,1280.89,1280.89,1280.88,1280.88,-0.0,5.01,6443.56,-1
2026-08-07,2026-08-07 13:14:00,1280.88,1280.88,1280.88,1280.88,0.0,5.01,6443.56,0
2026-08-07,2026-08-07 13:15:00,1280.88,1280.88,1280.87,1280.87,-0.0,5.01,6443.56,-1
2026-08-07,2026-08-07 13:16:00,1280.87,1280.87,1280.86,1280.86,-0.0,5.01,6443.56,-1
2026-08-07,2026-08-07 13:17:00,1280.86,1280.86,1280.85,1280.85,-0.0,5.01,6443.56,-1
2026-08-07,2026-08-07 13:18:00,1280.85,1280.85,1280.84,1280.84,-0.0,5.01,6443.56,-1
2026-08-07,2026-08-07 13:19:00,1280.84,1280.84,1280.83,1280.83,-0.0,5.01,6443.56,-1
2026-08-07,2026-08-07 13:20:00,1280.83,1280.83,1280.83,1280.83,0.0,5.01,6443.56,0
2026-08-07,2026-08-07 13:21:00,1280.83,1280.83,1280.82,1280.82,-0.0,5.01,6443.56,-1
2026-08-07,2026-08-07 13:22:00,1280.82,1280.82,1280.81,1280.81,-0.0,5.01,6443.56,-1
2026-08-07,2026-08-07 13:23:00,1280.81,1280.81,1280.8,1280.8,-0.0,5.01,6443.56,-1
2026-08-07,2026-08-07 13:24:00,1280.8,1280.8,1280.79,1280.79,-0.0,5.01,6443.56,-1
2026-08-07,2026-08-07 13:25:00,1280.79,1280.79,1280.78,1280.78,-0.0,5.01,6443.56,-1
2026-08-07,2026-08-07 13:26:00,1280.78,1280.78,1280.78,1280.78,0.0,5.01,6443.56,0
2026-08-07,2026-08-07 13:27:00,1280.78,1280.78,1280.77,1280.77,-0.0,5.01,6443.56,-1
2026-08-07,2026-08-07 13:28:00,1280.77,1280.77,1280.76,1280.76,-0.0,5.01,6443.56,-1
2026-08-07,2026-08-07 13:29:00,1280.76,1280.76,1280.75,1280.75,-0.0,5.01,6443.56,-1
2026-08-07,2026-08-07 13:30:00,1280.75,1280.75,1280.74,1280.74,-0.0,5.01,6443.56,-1
2026-08-07,2026-08-07 13:31:00,1280.74,1280.74,1280.73,1280.73,-0.0,5.01,6443.56,-1
2026-08-07,2026-08-07 13:32:00,1280.73,1280.73,1280.72,1280.72,-0.0,5.01,6443.56,-1
2026-08-07,2026-08-07 13:33:00,1280.72,1280.72,1280.72,1280.72,0.0,5.01,6443.56,0
2026-08-07,2026-08-07 13:34:00,1280.72,1280.72,1280.71,1280.71,-0.0,5.01,6443.56,-1
2026-08-07,2026-08-07 13:35:00,1280.71,1280.71,1280.7,1280.7,-0.0,5.01,6443.56,-1
2026-08-07,2026-08-07 13:36:00,1280.7,1280.7,1280.69,1280.69,-0.0,5.01,6443.56,-1
2026-08-07,2026-08-07 13:37:00,1280.69,1280.69,1280.68,1280.68,-0.0,5.01,6443.56,-1
2026-08-07,2026-08-07 13:38:00,1280.68,1280.68,1280.67,1280.67,-0.0,5.01,6443.56,-1
2026-08-07,2026-08-07 13:39:00,1280.67,1280.67,1280.67,1280.67,0.0,5.01,6443.56,0
2026-08-07,2026-08-07 13:40:00,1280.67,1280.67,1280.66,1280.66,-0.0,5.01,6443.56,-1
2026-08-07,2026-08-07 13:41:00,1280.66,1280.66,1280.65,1280.65,-0.0,5.01,6443.56,-1
2026-08-07,2026-08-07 13:42:00,1280.65,1280.65,1280.64,1280.64,-0.0,5.01,6443.56,-1
2026-08-07,2026-08-07 13:43:00,1280.64,1280.64,1280.63,1280.63,-0.0,5.01,6443.56,-1
2026-08-07,2026-08-07 13:44:00,1280.63,1280.63,1280.62,1280.62,-0.0,5.01,6443.56,-1
2026-08-07,2026-08-07 13:45:00,1280.62,1280.62,1280.62,1280.62,0.0,5.01,6443.56,0
2026-08-07,2026-08-07 13:46:00,1280.62,1280.62,1280.61,1280.61,-0.0,5.01,6443.56,-1
2026-08-07,2026-08-07 13:47:00,1280.61,1280.61,1280.6,1280.6,-0.0,5.01,6443.56,-1
2026-08-07,2026-08-07 13:48:00,1280.6,1280.6,1280.59,1280.59,-0.0,5.01,6443.56,-1
2026-08-07,2026-08-07 13:49:00,1280.59,1280.59,1280.58,1280.58,-0.0,5.01,6443.56,-1
2026-08-07,2026-08-07 13:50:00,1280.58,1280.58,1280.58,1280.58,0.0,5.01,6443.56,0
2026-08-07,2026-08-07 13:51:00,1280.58,1280.58,1280.57,1280.57,-0.0,5.01,6443.56,-1
2026-08-07,2026-08-07 13:52:00,1280.57,1280.57,1280.56,1280.56,-0.0,5.01,6443.56,-1
2026-08-07,2026-08-07 13:53:00,1280.56,1280.56,1280.55,1280.55,-0.0,5.01,6443.56,-1
2026-08-07,2026-08-07 13:54:00,1280.55,1280.55,1280.54,1280.54,-0.0,5.01,6443.56,-1
2026-08-07,2026-08-07 13:55:00,1280.54,1280.54,1280.53,1280.53,-0.0,5.01,6443.56,-1
2026-08-07,2026-08-07 13:56:00,1280.53,1280.53,1280.53,1280.53,0.0,5.01,6443.56,0
2026-08-07,2026-08-07 13:57:00,1280.53,1280.53,1280.52,1280.52,-0.0,5.01,6443.56,-1
2026-08-07,2026-08-07 13:58:00,1280.52,1280.52,1280.51,1280.51,-0.0,5.01,6443.56,-1
2026-08-07,2026-08-07 13:59:00,1280.51,1280.51,1280.5,1280.5,-0.0,5.01,6443.56,-1
2026-08-07,2026-08-07 14:00:00,1280.5,1280.5,1280.49,1280.49,-0.0,5.01,6443.56,-1
2026-08-07,2026-08-07 14:01:00,1280.49,1280.49,1280.48,1280.48,-0.0,5.01,6443.56,-1
2026-08-07,2026-08-07 14:02:00,1280.48,1280.48,1280.47,1280.47,-0.0,5.01,6443.56,-1
2026-08-07,2026-08-07 14:03:00,1280.47,1280.47,1280.47,1280.47,0.0,5.01,6443.56,0
2026-08-07,2026-08-07 14:04:00,1280.47,1280.47,1280.46,1280.46,-0.0,5.01,6443.56,-1
2026-08-07,2026-08-07 14:05:00,1280.46,1280.46,1280.45,1280.45,-0.0,5.01,6443.56,-1
2026-08-07,2026-08-07 14:06:00,1280.45,1280.45,1280.44,1280.44,-0.0,5.01,6443.56,-1
2026-08-07,2026-08-07 14:07:00,1280.44,1280.44,1280.43,1280.43,-0.0,5.01,6443.56,-1
2026-08-07,2026-08-07 14:08:00,1280.43,1280.43,1280.42,1280.42,-0.0,5.01,6443.56,-1
2026-08-07,2026-08-07 14:09:00,1280.42,1280.42,1280.42,1280.42,0.0,5.01,6443.56,0
2026-08-07,2026-08-07 14:10:00,1280.42,1280.42,1280.41,1280.41,-0.0,5.01,6443.56,-1
2026-08-07,2026-08-07 14:11:00,1280.41,1280.41,1280.4,1280.4,-0.0,5.01,6443.56,-1
2026-08-07,2026-08-07 14:12:00,1280.4,1280.4,1280.39,1280.39,-0.0,5.01,6443.56,-1
2026-08-07,2026-08-07 14:13:00,1280.39,1280.39,1280.38,1280.38,-0.0,5.01,6443.56,-1
2026-08-07,2026-08-07 14:14:00,1280.38,1280.38,1280.38,1280.38,0.0,5.01,6443.56,0
2026-08-07,2026-08-07 14:15:00,1280.38,1280.38,1280.37,1280.37,-0.0,5.01,6443.56,-1
2026-08-07,2026-08-07 14:16:00,1280.37,1280.37,1280.36,1280.36,-0.0,5.01,6443.56,-1
2026-08-07,2026-08-07 14:17:00,1280.36,1280.36,1280.35,1280.35,-0.0,5.01,6443.56,-1
2026-08-07,2026-08-07 14:18:00,1280.35,1280.35,1280.34,1280.34,-0.0,5.01,6443.56,-1
2026-08-07,2026-08-07 14:19:00,1280.34,1280.34,1280.33,1280.33,-0.0,5.01,6443.56,-1
2026-08-07,2026-08-07 14:20:00,1280.33,1280.33,1280.33,1280.33,0.0,5.01,6443.56,0
2026-08-07,2026-08-07 14:21:00,1280.33,1280.33,1280.32,1280.32,-0.0,5.01,6443.56,-1
2026-08-07,2026-08-07 14:22:00,1280.32,1280.32,1280.31,1280.31,-0.0,5.01,6443.56,-1
2026-08-07,2026-08-07 14:23:00,1280.31,1280.31,1280.3,1280.3,-0.0,5.01,6443.56,-1
2026-08-07,2026-08-07 14:24:00,1280.3,1280.3,1280.29,1280.29,-0.0,5.01,6443.56,-1
2026-08-07,2026-08-07 14:25:00,1280.29,1280.29,1280.28,1280.28,-0.0,5.01,6443.56,-1
2026-08-07,2026-08-07 14:26:00,1280.28,1280.28,1280.28,1280.28,0.0,5.01,6443.56,0
2026-08-07,2026-08-07 14:27:00,1280.28,1280.28,1280.27,1280.27,-0.0,5.01,6443.56,-1
2026-08-07,2026-08-07 14:28:00,1280.27,1280.27,1280.26,1280.26,-0.0,5.01,6443.56,-1
2026-08-07,2026-08-07 14:29:00,1280.26,1280.26,1280.25,1280.25,-0.0,5.01,6443.56,-1
2026-08-07,2026-08-07 14:30:00,1280.25,1280.25,1280.24,1280.24,-0.0,5.01,6443.56,-1
2026-08-07,2026-08-07 14:31:00,1280.24,1280.24,1280.23,1280.23,-0.0,5.01,6443.56,-1
2026-08-07,2026-08-07 14:32:00,1280.23,1280.23,1280.22,1280.22,-0.0,5.01,6443.56,-1
2026-08-07,2026-08-07 14:33:00,1280.22,1280.22,1280.22,1280.22,0.0,5.01,6443.56,0
2026-08-07,2026-08-07 14:34:00,1280.22,1280.22,1280.21,1280.21,-0.0,5.01,6443.56,-1
2026-08-07,2026-08-07 14:35:00,1280.21,1280.21,1280.2,1280.2,-0.0,5.01,6443.56,-1
2026-08-07,2026-08-07 14:36:00,1280.2,1280.2,1280.19,1280.19,-0.0,5.01,6443.56,-1
2026-08-07,2026-08-07 14:37:00,1280.19,1280.19,1280.18,1280.18,-0.0,5.01,6443.56,-1
2026-08-07,2026-08-07 14:38:00,1280.18,1280.18,1280.17,1280.17,-0.0,5.01,6443.56,-1
2026-08-07,2026-08-07 14:39:00,1280.17,1280.17,1280.17,1280.17,0.0,5.01,6443.56,0
2026-08-07,2026-08-07 14:40:00,1280.17,1280.17,1280.16,1280.16,-0.0,5.01,6443.56,-1
2026-08-07,2026-08-07 14:41:00,1280.16,1280.16,1280.15,1280.15,-0.0,5.01,6443.56,-1
2026-08-07,2026-08-07 14:42:00,1280.15,1280.15,1280.14,1280.14,-0.0,5.01,6443.56,-1
2026-08-07,2026-08-07 14:43:00,1280.14,1280.14,1280.13,1280.13,-0.0,5.01,6443.56,-1
2026-08-07,2026-08-07 14:44:00,1280.13,1280.13,1280.12,1280.12,-0.0,5.01,6443.56,-1
2026-08-07,2026-08-07 14:45:00,1280.12,1280.12,1280.12,1280.12,0.0,5.01,6443.56,0
2026-08-07,2026-08-07 14:46:00,1280.12,1280.12,1280.11,1280.11,-0.0,5.01,6443.56,-1
2026-08-07,2026-08-07 14:47:00,1280.11,1280.11,1280.1,1280.1,-0.0,5.01,6443.56,-1
2026-08-07,2026-08-07 14:48:00,1280.1,1280.1,1280.09,1280.09,-0.0,5.01,6443.56,-1
2026-08-07,2026-08-07 14:49:00,1280.09,1280.09,1280.08,1280.08,-0.0,5.01,6443.56,-1
2026-08-07,2026-08-07 14:50:00,1280.08,1280.08,1280.08,1280.08,0.0,5.01,6443.56,0
2026-08-07,2026-08-07 14:51:00,1280.08,1280.08,1280.07,1280.07,-0.0,5.01,6443.56,-1
2026-08-07,2026-08-07 14:52:00,1280.07,1280.07,1280.06,1280.06,-0.0,5.01,6443.56,-1
2026-08-07,2026-08-07 14:53:00,1280.06,1280.06,1280.05,1280.05,-0.0,5.01,6443.56,-1
2026-08-07,2026-08-07 14:54:00,1280.05,1280.05,1280.04,1280.04,-0.0,5.01,6443.56,-1
2026-08-07,2026-08-07 14:55:00,1280.04,1280.04,1280.03,1280.03,-0.0,5.01,6443.56,-1
2026-08-07,2026-08-07 14:56:00,1280.03,1280.03,1280.03,1280.03,0.0,5.01,6443.56,0
2026-08-07,2026-08-07 14:57:00,1280.03,1280.03,1280.02,1280.02,-0.0,5.01,6443.56,-1
2026-08-07,2026-08-07 14:58:00,1280.02,1280.02,1280.01,1280.01,-0.0,5.01,6443.56,-1
2026-08-07,2026-08-07 14:59:00,1280.01,1280.01,1280.0,1280.0,-0.0,5.01,6443.56,-1
2026-08-07,2026-08-07 15:00:00,1280.0,1308.0,1280.0,1280.0,0.0,5.01,6443.56,0
2026-08-10,2026-08-10 11:00:00,1216.0,1240.54,1216.0,1216.26,0.02,5.39,6891.14,1
2026-08-10,2026-08-10 11:01:00,1216.26,1216.52,1216.26,1216.52,0.02,5.39,6891.14,1
2026-08-10,2026-08-10 11:02:00,1216.52,1216.78,1216.52,1216.78,0.02,5.39,6891.14,1
2026-08-10,2026-08-10 11:03:00,1216.78,1217.03,1216.78,1217.03,0.02,5.39,6891.14,1
2026-08-10,2026-08-10 11:04:00,1217.03,1217.29,1217.03,1217.29,0.02,5.39,6891.14,1
2026-08-10,2026-08-10 11:05:00,1217.29,1217.55,1217.29,1217.55,0.02,5.39,6891.14,1
2026-08-10,2026-08-10 11:06:00,1217.55,1217.81,1217.55,1217.81,0.02,5.39,6891.14,1
2026-08-10,2026-08-10 11:07:00,1217.81,1218.07,1217.81,1218.07,0.02,5.39,6891.14,1
2026-08-10,2026-08-10 11:08:00,1218.07,1218.33,1218.07,1218.33,0.02,5.39,6891.14,1
2026-08-10,2026-08-10 11:09:00,1218.33,1218.58,1218.33,1218.58,0.02,5.39,6891.14,1
2026-08-10,2026-08-10 11:10:00,1218.58,1218.84,1218.58,1218.84,0.02,5.39,6891.14,1
2026-08-10,2026-08-10 11:11:00,1218.84,1219.1,1218.84,1219.1,0.02,5.39,6891.14,1
2026-08-10,2026-08-10 11:12:00,1219.1,1219.36,1219.1,1219.36,0.02,5.39,6891.14,1
2026-08-10,2026-08-10 11:13:00,1219.36,1219.62,1219.36,1219.62,0.02,5.39,6891.14,1
2026-08-10,2026-08-10 11:14:00,1219.62,1219.88,1219.62,1219.88,0.02,5.39,6891.14,1
2026-08-10,2026-08-10 11:15:00,1219.88,1220.13,1219.88,1220.13,0.02,5.39,6891.14,1
2026-08-10,2026-08-10 11:16:00,1220.13,1220.39,1220.13,1220.39,0.02,5.39,6891.14,1
2026-08-10,2026-08-10 11:17:00,1220.39,1220.65,1220.39,1220.65,0.02,5.39,6891.14,1
2026-08-10,2026-08-10 11:18:00,1220.65,1220.91,1220.65,1220.91,0.02,5.39,6891.14,1
2026-08-10,2026-08-10 11:19:00,1220.91,1221.17,1220.91,1221.17,0.02,5.39,6891.14,1
2026-08-10,2026-08-10 11:20:00,1221.17,1221.42,1221.17,1221.42,0.02,5.39,6891.14,1
2026-08-10,2026-08-10 11:21:00,1221.42,1221.68,1221.42,1221.68,0.02,5.39,6891.14,1
2026-08-10,2026-08-10 11:22:00,1221.68,1221.94,1221.68,1221.94,0.02,5.39,6891.14,1
2026-08-10,2026-08-10 11:23:00,1221.94,1222.2,1221.94,1222.2,0.02,5.39,6891.14,1
2026-08-10,2026-08-10 11:24:00,1222.2,1222.46,1222.2,1222.46,0.02,5.39,6891.14,1
2026-08-10,2026-08-10 11:25:00,1222.46,1222.72,1222.46,1222.72,0.02,5.39,6891.14,1
2026-08-10,2026-08-10 11:26:00,1222.72,1222.97,1222.72,1222.97,0.02,5.39,6891.14,1
2026-08-10,2026-08-10 11:27:00,1222.97,1223.23,1222.97,1223.23,0.02,5.39,6891.14,1
2026-08-10,2026-08-10 11:28:00,1223.23,1223.49,1223.23,1223.49,0.02,5.39,6891.14,1
2026-08-10,2026-08-10 11:29:00,1223.49,1223.75,1223.49,1223.75,0.02,5.39,6891.14,1
2026-08-10,2026-08-10 11:30:00,1223.75,1224.01,1223.75,1224.01,0.02,5.39,6891.14,1
2026-08-10,2026-08-10 11:31:00,1224.01,1224.27,1224.01,1224.27,0.02,5.39,6891.14,1
2026-08-10,2026-08-10 11:32:00,1224.27,1224.53,1224.27,1224.53,0.02,5.39,6891.14,1
2026-08-10,2026-08-10 11:33:00,1224.53,1224.78,1224.53,1224.78,0.02,5.39,6891.14,1
2026-08-10,2026-08-10 11:34:00,1224.78,1225.04,1224.78,1225.04,0.02,5.39,6891.14,1
2026-08-10,2026-08-10 11:35:00,1225.04,1225.3,1225.04,1225.3,0.02,5.39,6891.14,1
2026-08-10,2026-08-10 11:36:00,1225.3,1225.56,1225.3,1225.56,0.02,5.39,6891.14,1
2026-08-10,2026-08-10 11:37:00,1225.56,1225.82,1225.56,1225.82,0.02,5.39,6891.14,1
2026-08-10,2026-08-10 11:38:00,1225.82,1226.08,1225.82,1226.08,0.02,5.39,6891.14,1
2026-08-10,2026-08-10 11:39:00,1226.08,1226.33,1226.08,1226.33,0.02,5.39,6891.14,1
2026-08-10,2026-08-10 11:40:00,1226.33,1226.59,1226.33,1226.59,0.02,5.39,6891.14,1
2026-08-10,2026-08-10 11:41:00,1226.59,1226.85,1226.59,1226.85,0.02,5.39,6891.14,1
2026-08-10,2026-08-10 11:42:00,1226.85,1227.11,1226.85,1227.11,0.02,5.39,6891.14,1
2026-08-10,2026-08-10 11:43:00,1227.11,1227.37,1227.11,1227.37,0.02,5.39,6891.14,1
2026-08-10,2026-08-10 11:44:00,1227.37,1227.62,1227.37,1227.62,0.02,5.39,6891.14,1
2026-08-10,2026-08-10 11:45:00,1227.62,1227.88,1227.62,1227.88,0.02,5.39,6891.14,1
2026-08-10,2026-08-10 11:46:00,1227.88,1228.14,1227.88,1228.14,0.02,5.39,6891.14,1
2026-08-10,2026-08-10 11:47:00,1228.14,1228.4,1228.14,1228.4,0.02,5.39,6891.14,1
2026-08-10,2026-08-10 11:48:00,1228.4,1228.66,1228.4,1228.66,0.02,5.39,6891.14,1
2026-08-10,2026-08-10 11:49:00,1228.66,1228.92,1228.66,1228.92,0.02,5.39,6891.14,1
2026-08-10,2026-08-10 11:50:00,1228.92,1229.17,1228.92,1229.17,0.02,5.39,6891.14,1
2026-08-10,2026-08-10 11:51:00,1229.17,1229.43,1229.17,1229.43,0.02,5.39,6891.14,1
2026-08-10,2026-08-10 11:52:00,1229.43,1229.69,1229.43,1229.69,0.02,5.39,6891.14,1
2026-08-10,2026-08-10 11:53:00,1229.69,1229.95,1229.69,1229.95,0.02,5.39,6891.14,1
2026-08-10,2026-08-10 11:54:00,1229.95,1230.21,1229.95,1230.21,0.02,5.39,6891.14,1
2026-08-10,2026-08-10 11:55:00,1230.21,1230.47,1230.21,1230.47,0.02,5.39,6891.14,1
2026-08-10,2026-08-10 11:56:00,1230.47,1230.72,1230.47,1230.72,0.02,5.39,6891.14,1
2026-08-10,2026-08-10 11:57:00,1230.72,1230.98,1230.72,1230.98,0.02,5.39,6891.14,1
2026-08-10,2026-08-10 11:58:00,1230.98,1231.24,1230.98,1231.24,0.02,5.39,6891.14,1
2026-08-10,2026-08-10 11:59:00,1231.24,1231.5,1231.24,1231.5,0.02,5.39,6891.14,1
2026-08-10,2026-08-10 12:00:00,1231.5,1231.76,1231.5,1231.76,0.02,5.39,6891.14,1
2026-08-10,2026-08-10 12:01:00,1231.76,1232.02,1231.76,1232.02,0.02,5.39,6891.14,1
2026-08-10,2026-08-10 12:02:00,1232.02,1232.28,1232.02,1232.28,0.02,5.39,6891.14,1
2026-08-10,2026-08-10 12:03:00,1232.28,1232.53,1232.28,1232.53,0.02,5.39,6891.14,1
2026-08-10,2026-08-10 12:04:00,1232.53,1232.79,1232.53,1232.79,0.02,5.39,6891.14,1
2026-08-10,2026-08-10 12:05:00,1232.79,1233.05,1232.79,1233.05,0.02,5.39,6891.14,1
2026-08-10,2026-08-10 12:06:00,1233.05,1233.31,1233.05,1233.31,0.02,5.39,6891.14,1
2026-08-10,2026-08-10 12:07:00,1233.31,1233.57,1233.31,1233.57,0.02,5.39,6891.14,1
2026-08-10,2026-08-10 12:08:00,1233.57,1233.83,1233.57,1233.83,0.02,5.39,6891.14,1
2026-08-10,2026-08-10 12:09:00,1233.83,1234.08,1233.83,1234.08,0.02,5.39,6891.14,1
2026-08-10,2026-08-10 12:10:00,1234.08,1234.34,1234.08,1234.34,0.02,5.39,6891.14,1
2026-08-10,2026-08-10 12:11:00,1234.34,1234.6,1234.34,1234.6,0.02,5.39,6891.14,1
2026-08-10,2026-08-10 12:12:00,1234.6,1234.86,1234.6,1234.86,0.02,5.39,6891.14,1
2026-08-10,2026-08-10 12:13:00,1234.86,1235.12,1234.86,1235.12,0.02,5.39,6891.14,1
2026-08-10,2026-08-10 12:14:00,1235.12,1235.38,1235.12,1235.38,0.02,5.39,6891.14,1
2026-08-10,2026-08-10 12:15:00,1235.38,1235.63,1235.38,1235.63,0.02,5.39,6891.14,1
2026-08-10,2026-08-10 12:16:00,1235.63,1235.89,1235.63,1235.89,0.02,5.39,6891.14,1
2026-08-10,2026-08-10 12:17:00,1235.89,1236.15,1235.89,1236.15,0.02,5.39,6891.14,1
2026-08-10,2026-08-10 12:18:00,1236.15,1236.41,1236.15,1236.41,0.02,5.39,6891.14,1
2026-08-10,2026-08-10 12:19:00,1236.41,1236.67,1236.41,1236.67,0.02,5.39,6891.14,1
2026-08-10,2026-08-10 12:20:00,1236.67,1236.92,1236.67,1236.92,0.02,5.39,6891.14,1
2026-08-10,2026-08-10 12:21:00,1236.92,1237.18,1236.92,1237.18,0.02,5.39,6891.14,1
2026-08-10,2026-08-10 12:22:00,1237.18,1237.44,1237.18,1237.44,0.02,5.39,6891.14,1
2026-08-10,2026-08-10 12:23:00,1237.44,1237.7,1237.44,1237.7,0.02,5.39,6891.14,1
2026-08-10,2026-08-10 12:24:00,1237.7,1237.96,1237.7,1237.96,0.02,5.39,6891.14,1
2026-08-10,2026-08-10 12:25:00,1237.96,1238.22,1237.96,1238.22,0.02,5.39,6891.14,1
2026-08-10,2026-08-10 12:26:00,1238.22,1238.47,1238.22,1238.47,0.02,5.39,6891.14,1
2026-08-10,2026-08-10 12:27:00,1238.47,1238.73,1238.47,1238.73,0.02,5.39,6891.14,1
2026-08-10,2026-08-10 12:28:00,1238.73,1238.99,1238.73,1238.99,0.02,5.39,6891.14,1
2026-08-10,2026-08-10 12:29:00,1238.99,1239.25,1238.99,1239.25,0.02,5.39,6891.14,1
2026-08-10,2026-08-10 12:30:00,1239.25,1239.51,1239.25,1239.51,0.02,5.39,6891.14,1
2026-08-10,2026-08-10 12:31:00,1239.51,1239.77,1239.51,1239.77,0.02,5.39,6891.14,1
2026-08-10,2026-08-10 12:32:00,1239.77,1240.03,1239.77,1240.03,0.02,5.39,6891.14,1
2026-08-10,2026-08-10 12:33:00,1240.03,1240.28,1240.03,1240.28,0.02,5.39,6891.14,1
2026-08-10,2026-08-10 12:34:00,1240.28,1240.54,1240.28,1240.54,0.02,5.39,6891.14,1
2026-08-10,2026-08-10 12:35:00,1240.54,1240.8,1240.54,1240.8,0.02,5.39,6891.14,1
2026-08-10,2026-08-10 12:36:00,1240.8,1241.06,1240.8,1241.06,0.02,5.39,6891.14,1
2026-08-10,2026-08-10 12:37:00,1241.06,1241.32,1241.06,1241.32,0.02,5.39,6891.14,1
2026-08-10,2026-08-10 12:38:00,1241.32,1241.58,1241.32,1241.58,0.02,5.39,6891.14,1
2026-08-10,2026-08-10 12:39:00,1241.58,1241.83,1241.58,1241.83,0.02,5.39,6891.14,1
2026-08-10,2026-08-10 12:40:00,1241.83,1242.09,1241.83,1242.09,0.02,5.39,6891.14,1
2026-08-10,2026-08-10 12:41:00,1242.09,1242.35,1242.09,1242.35,0.02,5.39,6891.14,1
2026-08-10,2026-08-10 12:42:00,1242.35,1242.61,1242.35,1242.61,0.02,5.39,6891.14,1
2026-08-10,2026-08-10 12:43:00,1242.61,1242.87,1242.61,1242.87,0.02,5.39,6891.14,1
2026-08-10,2026-08-10 12:44:00,1242.87,1243.12,1242.87,1243.12,0.02,5.39,6891.14,1
2026-08-10,2026-08-10 12:45:00,1243.12,1243.38,1243.12,1243.38,0.02,5.39,6891.14,1
2026-08-10,2026-08-10 12:46:00,1243.38,1243.64,1243.38,1243.64,0.02,5.39,6891.14,1
2026-08-10,2026-08-10 12:47:00,1243.64,1243.9,1243.64,1243.9,0.02,5.39,6891.14,1
2026-08-10,2026-08-10 12:48:00,1243.9,1244.16,1243.9,1244.16,0.02,5.39,6891.14,1
2026-08-10,2026-08-10 12:49:00,1244.16,1244.42,1244.16,1244.42,0.02,5.39,6891.14,1
2026-08-10,2026-08-10 12:50:00,1244.42,1244.67,1244.42,1244.67,0.02,5.39,6891.14,1
2026-08-10,2026-08-10 12:51:00,1244.67,1244.93,1244.67,1244.93,0.02,5.39,6891.14,1
2026-08-10,2026-08-10 12:52:00,1244.93,1245.19,1244.93,1245.19,0.02,5.39,6891.14,1
2026-08-10,2026-08-10 12:53:00,1245.19,1245.45,1245.19,1245.45,0.02,5.39,6891.14,1
2026-08-10,2026-08-10 12:54:00,1245.45,1245.71,1245.45,1245.71,0.02,5.39,6891.14,1
2026-08-10,2026-08-10 12:55:00,1245.71,1245.97,1245.71,1245.97,0.02,5.39,6891.14,1
2026-08-10,2026-08-10 12:56:00,1245.97,1246.22,1245.97,1246.22,0.02,5.39,6891.14,1
2026-08-10,2026-08-10 12:57:00,1246.22,1246.48,1246.22,1246.48,0.02,5.39,6891.14,1
2026-08-10,2026-08-10 12:58:00,1246.48,1246.74,1246.48,1246.74,0.02,5.39,6891.14,1
2026-08-10,2026-08-10 12:59:00,1246.74,1247.0,1246.74,1247.0,0.02,5.39,6891.14,1
2026-08-10,2026-08-10 13:00:00,1247.0,1297.8,1216.0,1247.26,0.02,5.39,6891.14,1
2026-08-10,2026-08-10 13:01:00,1247.26,1247.52,1247.26,1247.52,0.02,5.39,6891.14,1
2026-08-10,2026-08-10 13:02:00,1247.52,1247.78,1247.52,1247.78,0.02,5.39,6891.14,1
2026-08-10,2026-08-10 13:03:00,1247.78,1248.03,1247.78,1248.03,0.02,5.39,6891.14,1
2026-08-10,2026-08-10 13:04:00,1248.03,1248.29,1248.03,1248.29,0.02,5.39,6891.14,1
2026-08-10,2026-08-10 13:05:00,1248.29,1248.55,1248.29,1248.55,0.02,5.39,6891.14,1
2026-08-10,2026-08-10 13:06:00,1248.55,1248.81,1248.55,1248.81,0.02,5.39,6891.14,1
2026-08-10,2026-08-10 13:07:00,1248.81,1249.07,1248.81,1249.07,0.02,5.39,6891.14,1
2026-08-10,2026-08-10 13:08:00,1249.07,1249.33,1249.07,1249.33,0.02,5.39,6891.14,1
2026-08-10,2026-08-10 13:09:00,1249.33,1249.58,1249.33,1249.58,0.02,5.39,6891.14,1
2026-08-10,2026-08-10 13:10:00,1249.58,1249.84,1249.58,1249.84,0.02,5.39,6891.14,1
2026-08-10,2026-08-10 13:11:00,1249.84,1250.1,1249.84,1250.1,0.02,5.39,6891.14,1
2026-08-10,2026-08-10 13:12:00,1250.1,1250.36,1250.1,1250.36,0.02,5.39,6891.14,1
2026-08-10,2026-08-10 13:13:00,1250.36,1250.62,1250.36,1250.62,0.02,5.39,6891.14,1
2026-08-10,2026-08-10 13:14:00,1250.62,1250.88,1250.62,1250.88,0.02,5.39,6891.14,1
2026-08-10,2026-08-10 13:15:00,1250.88,1251.13,1250.88,1251.13,0.02,5.39,6891.14,1
2026-08-10,2026-08-10 13:16:00,1251.13,1251.39,1251.13,1251.39,0.02,5.39,6891.14,1
2026-08-10,2026-08-10 13:17:00,1251.39,1251.65,1251.39,1251.65,0.02,5.39,6891.14,1
2026-08-10,2026-08-10 13:18:00,1251.65,1251.91,1251.65,1251.91,0.02,5.39,6891.14,1
2026-08-10,2026-08-10 13:19:00,1251.91,1252.17,1251.91,1252.17,0.02,5.39,6891.14,1
2026-08-10,2026-08-10 13:20:00,1252.17,1252.42,1252.17,1252.42,0.02,5.39,6891.14,1
2026-08-10,2026-08-10 13:21:00,1252.42,1252.68,1252.42,1252.68,0.02,5.39,6891.14,1
2026-08-10,2026-08-10 13:22:00,1252.68,1252.94,1252.68,1252.94,0.02,5.39,6891.14,1
2026-08-10,2026-08-10 13:23:00,1252.94,1253.2,1252.94,1253.2,0.02,5.39,6891.14,1
2026-08-10,2026-08-10 13:24:00,1253.2,1253.46,1253.2,1253.46,0.02,5.39,6891.14,1
2026-08-10,2026-08-10 13:25:00,1253.46,1253.72,1253.46,1253.72,0.02,5.39,6891.14,1
2026-08-10,2026-08-10 13:26:00,1253.72,1253.97,1253.72,1253.97,0.02,5.39,6891.14,1
2026-08-10,2026-08-10 13:27:00,1253.97,1254.23,1253.97,1254.23,0.02,5.39,6891.14,1
2026-08-10,2026-08-10 13:28:00,1254.23,1254.49,1254.23,1254.49,0.02,5.39,6891.14,1
2026-08-10,2026-08-10 13:29:00,1254.49,1254.75,1254.49,1254.75,0.02,5.39,6891.14,1
2026-08-10,2026-08-10 13:30:00,1254.75,1255.01,1254.75,1255.01,0.02,5.39,6891.14,1
2026-08-10,2026-08-10 13:31:00,1255.01,1255.27,1255.01,1255.27,0.02,5.39,6891.14,1
2026-08-10,2026-08-10 13:32:00,1255.27,1255.53,1255.27,1255.53,0.02,5.39,6891.14,1
2026-08-10,2026-08-10 13:33:00,1255.53,1255.78,1255.53,1255.78,0.02,5.39,6891.14,1
2026-08-10,2026-08-10 13:34:00,1255.78,1256.04,1255.78,1256.04,0.02,5.39,6891.14,1
2026-08-10,2026-08-10 13:35:00,1256.04,1256.3,1256.04,1256.3,0.02,5.39,6891.14,1
2026-08-10,2026-08-10 13:36:00,1256.3,1256.56,1256.3,1256.56,0.02,5.39,6891.14,1
2026-08-10,2026-08-10 13:37:00,1256.56,1256.82,1256.56,1256.82,0.02,5.39,6891.14,1
2026-08-10,2026-08-10 13:38:00,1256.82,1257.08,1256.82,1257.08,0.02,5.39,6891.14,1
2026-08-10,2026-08-10 13:39:00,1257.08,1257.33,1257.08,1257.33,0.02,5.39,6891.14,1
2026-08-10,2026-08-10 13:40:00,1257.33,1257.59,1257.33,1257.59,0.02,5.39,6891.14,1
2026-08-10,2026-08-10 13:41:00,1257.59,1257.85,1257.59,1257.85,0.02,5.39,6891.14,1
2026-08-10,2026-08-10 13:42:00,1257.85,1258.11,1257.85,1258.11,0.02,5.39,6891.14,1
2026-08-10,2026-08-10 13:43:00,1258.11,1258.37,1258.11,1258.37,0.02,5.39,6891.14,1
2026-08-10,2026-08-10 13:44:00,1258.37,1258.62,1258.37,1258.62,0.02,5.39,6891.14,1
2026-08-10,2026-08-10 13:45:00,1258.62,1258.88,1258.62,1258.88,0.02,5.39,6891.14,1
2026-08-10,2026-08-10 13:46:00,1258.88,1259.14,1258.88,1259.14,0.02,5.39,6891.14,1
2026-08-10,2026-08-10 13:47:00,1259.14,1259.4,1259.14,1259.4,0.02,5.39,6891.14,1
2026-08-10,2026-08-10 13:48:00,1259.4,1259.66,1259.4,1259.66,0.02,5.39,6891.14,1
2026-08-10,2026-08-10 13:49:00,1259.66,1259.92,1259.66,1259.92,0.02,5.39,6891.14,1
2026-08-10,2026-08-10 13:50:00,1259.92,1260.17,1259.92,1260.17,0.02,5.39,6891.14,1
2026-08-10,2026-08-10 13:51:00,1260.17,1260.43,1260.17,1260.43,0.02,5.39,6891.14,1
2026-08-10,2026-08-10 13:52:00,1260.43,1260.69,1260.43,1260.69,0.02,5.39,6891.14,1
2026-08-10,2026-08-10 13:53:00,1260.69,1260.95,1260.69,1260.95,0.02,5.39,6891.14,1
2026-08-10,2026-08-10 13:54:00,1260.95,1261.21,1260.95,1261.21,0.02,5.39,6891.14,1
2026-08-10,2026-08-10 13:55:00,1261.21,1261.47,1261.21,1261.47,0.02,5.39,6891.14,1
2026-08-10,2026-08-10 13:56:00,1261.47,1261.72,1261.47,1261.72,0.02,5.39,6891.14,1
2026-08-10,2026-08-10 13:57:00,1261.72,1261.98,1261.72,1261.98,0.02,5.39,6891.14,1
2026-08-10,2026-08-10 13:58:00,1261.98,1262.24,1261.98,1262.24,0.02,5.39,6891.14,1
2026-08-10,2026-08-10 13:59:00,1262.24,1262.5,1262.24,1262.5,0.02,5.39,6891.14,1
2026-08-10,2026-08-10 14:00:00,1262.5,1262.76,1262.5,1262.76,0.02,5.39,6891.14,1
2026-08-10,2026-08-10 14:01:00,1262.76,1263.02,1262.76,1263.02,0.02,5.39,6891.14,1
2026-08-10,2026-08-10 14:02:00,1263.02,1263.28,1263.02,1263.28,0.02,5.39,6891.14,1
2026-08-10,2026-08-10 14:03:00,1263.28,1263.53,1263.28,1263.53,0.02,5.39,6891.14,1
2026-08-10,2026-08-10 14:04:00,1263.53,1263.79,1263.53,1263.79,0.02,5.39,6891.14,1
2026-08-10,2026-08-10 14:05:00,1263.79,1264.05,1263.79,1264.05,0.02,5.39,6891.14,1
2026-08-10,2026-08-10 14:06:00,1264.05,1264.31,1264.05,1264.31,0.02,5.39,6891.14,1
2026-08-10,2026-08-10 14:07:00,1264.31,1264.57,1264.31,1264.57,0.02,5.39,6891.14,1
2026-08-10,2026-08-10 14:08:00,1264.57,1264.83,1264.57,1264.83,0.02,5.39,6891.14,1
2026-08-10,2026-08-10 14:09:00,1264.83,1265.08,1264.83,1265.08,0.02,5.39,6891.14,1
2026-08-10,2026-08-10 14:10:00,1265.08,1265.34,1265.08,1265.34,0.02,5.39,6891.14,1
2026-08-10,2026-08-10 14:11:00,1265.34,1265.6,1265.34,1265.6,0.02,5.39,6891.14,1
2026-08-10,2026-08-10 14:12:00,1265.6,1265.86,1265.6,1265.86,0.02,5.39,6891.14,1
2026-08-10,2026-08-10 14:13:00,1265.86,1266.12,1265.86,1266.12,0.02,5.39,6891.14,1
2026-08-10,2026-08-10 14:14:00,1266.12,1266.38,1266.12,1266.38,0.02,5.39,6891.14,1
2026-08-10,2026-08-10 14:15:00,1266.38,1266.63,1266.38,1266.63,0.02,5.39,6891.14,1
2026-08-10,2026-08-10 14:16:00,1266.63,1266.89,1266.63,1266.89,0.02,5.39,6891.14,1
2026-08-10,2026-08-10 14:17:00,1266.89,1267.15,1266.89,1267.15,0.02,5.39,6891.14,1
2026-08-10,2026-08-10 14:18:00,1267.15,1267.41,1267.15,1267.41,0.02,5.39,6891.14,1
2026-08-10,2026-08-10 14:19:00,1267.41,1267.67,1267.41,1267.67,0.02,5.39,6891.14,1
2026-08-10,2026-08-10 14:20:00,1267.67,1267.92,1267.67,1267.92,0.02,5.39,6891.14,1
2026-08-10,2026-08-10 14:21:00,1267.92,1268.18,1267.92,1268.18,0.02,5.39,6891.14,1
2026-08-10,2026-08-10 14:22:00,1268.18,1268.44,1268.18,1268.44,0.02,5.39,6891.14,1
2026-08-10,2026-08-10 14:23:00,1268.44,1268.7,1268.44,1268.7,0.02,5.39,6891.14,1
2026-08-10,2026-08-10 14:24:00,1268.7,1268.96,1268.7,1268.96,0.02,5.39,6891.14,1
2026-08-10,2026-08-10 14:25:00,1268.96,1269.22,1268.96,1269.22,0.02,5.39,6891.14,1
2026-08-10,2026-08-10 14:26:00,1269.22,1269.47,1269.22,1269.47,0.02,5.39,6891.14,1
2026-08-10,2026-08-10 14:27:00,1269.47,1269.73,1269.47,1269.73,0.02,5.39,6891.14,1
2026-08-10,2026-08-10 14:28:00,1269.73,1269.99,1269.73,1269.99,0.02,5.39,6891.14,1
2026-08-10,2026-08-10 14:29:00,1269.99,1270.25,1269.99,1270.25,0.02,5.39,6891.14,1
2026-08-10,2026-08-10 14:30:00,1270.25,1270.51,1270.25,1270.51,0.02,5.39,6891.14,1
2026-08-10,2026-08-10 14:31:00,1270.51,1270.77,1270.51,1270.77,0.02,5.39,6891.14,1
2026-08-10,2026-08-10 14:32:00,1270.77,1271.03,1270.77,1271.03,0.02,5.39,6891.14,1
2026-08-10,2026-08-10 14:33:00,1271.03,1271.28,1271.03,1271.28,0.02,5.39,6891.14,1
2026-08-10,2026-08-10 14:34:00,1271.28,1271.54,1271.28,1271.54,0.02,5.39,6891.14,1
2026-08-10,2026-08-10 14:35:00,1271.54,1271.8,1271.54,1271.8,0.02,5.39,6891.14,1
2026-08-10,2026-08-10 14:36:00,1271.8,1272.06,1271.8,1272.06,0.02,5.39,6891.14,1
2026-08-10,2026-08-10 14:37:00,1272.06,1272.32,1272.06,1272.32,0.02,5.39,6891.14,1
2026-08-10,2026-08-10 14:38:00,1272.32,1272.58,1272.32,1272.58,0.02,5.39,6891.14,1
2026-08-10,2026-08-10 14:39:00,1272.58,1272.83,1272.58,1272.83,0.02,5.39,6891.14,1
2026-08-10,2026-08-10 14:40:00,1272.83,1273.09,1272.83,1273.09,0.02,5.39,6891.14,1
2026-08-10,2026-08-10 14:41:00,1273.09,1273.35,1273.09,1273.35,0.02,5.39,6891.14,1
2026-08-10,2026-08-10 14:42:00,1273.35,1273.61,1273.35,1273.61,0.02,5.39,6891.14,1
2026-08-10,2026-08-10 14:43:00,1273.61,1273.87,1273.61,1273.87,0.02,5.39,6891.14,1
2026-08-10,2026-08-10 14:44:00,1273.87,1274.12,1273.87,1274.12,0.02,5.39,6891.14,1
2026-08-10,2026-08-10 14:45:00,1274.12,1274.38,1274.12,1274.38,0.02,5.39,6891.14,1
2026-08-10,2026-08-10 14:46:00,1274.38,1274.64,1274.38,1274.64,0.02,5.39,6891.14,1
2026-08-10,2026-08-10 14:47:00,1274.64,1274.9,1274.64,1274.9,0.02,5.39,6891.14,1
2026-08-10,2026-08-10 14:48:00,1274.9,1275.16,1274.9,1275.16,0.02,5.39,6891.14,1
2026-08-10,2026-08-10 14:49:00,1275.16,1275.42,1275.16,1275.42,0.02,5.39,6891.14,1
2026-08-10,2026-08-10 14:50:00,1275.42,1275.67,1275.42,1275.67,0.02,5.39,6891.14,1
2026-08-10,2026-08-10 14:51:00,1275.67,1275.93,1275.67,1275.93,0.02,5.39,6891.14,1
2026-08-10,2026-08-10 14:52:00,1275.93,1276.19,1275.93,1276.19,0.02,5.39,6891.14,1
2026-08-10,2026-08-10 14:53:00,1276.19,1276.45,1276.19,1276.45,0.02,5.39,6891.14,1
2026-08-10,2026-08-10 14:54:00,1276.45,1276.71,1276.45,1276.71,0.02,5.39,6891.14,1
2026-08-10,2026-08-10 14:55:00,1276.71,1276.97,1276.71,1276.97,0.02,5.39,6891.14,1
2026-08-10,2026-08-10 14:56:00,1276.97,1277.22,1276.97,1277.22,0.02,5.39,6891.14,1
2026-08-10,2026-08-10 14:57:00,1277.22,1277.48,1277.22,1277.48,0.02,5.39,6891.14,1
2026-08-10,2026-08-10 14:58:00,1277.48,1277.74,1277.48,1277.74,0.02,5.39,6891.14,1
2026-08-10,2026-08-10 14:59:00,1277.74,1278.0,1277.74,1278.0,0.02,5.39,6891.14,1
2026-08-10,2026-08-10 15:00:00,1278.0,1297.8,1216.0,1278.0,0.0,5.39,6891.14,0
2026-08-11,2026-08-11 11:00:00,1271.0,1278.2,1269.2,1270.97,-0.0,1.39,1763.95,-1
2026-08-11,2026-08-11 11:01:00,1270.97,1270.97,1270.95,1270.95,-0.0,1.39,1763.95,-1
2026-08-11,2026-08-11 11:02:00,1270.95,1270.95,1270.92,1270.92,-0.0,1.39,1763.95,-1
2026-08-11,2026-08-11 11:03:00,1270.92,1270.92,1270.9,1270.9,-0.0,1.39,1763.95,-1
2026-08-11,2026-08-11 11:04:00,1270.9,1270.9,1270.88,1270.88,-0.0,1.39,1763.95,-1
2026-08-11,2026-08-11 11:05:00,1270.88,1270.88,1270.85,1270.85,-0.0,1.39,1763.95,-1
2026-08-11,2026-08-11 11:06:00,1270.85,1270.85,1270.83,1270.83,-0.0,1.39,1763.95,-1
2026-08-11,2026-08-11 11:07:00,1270.83,1270.83,1270.8,1270.8,-0.0,1.39,1763.95,-1
2026-08-11,2026-08-11 11:08:00,1270.8,1270.8,1270.78,1270.78,-0.0,1.39,1763.95,-1
2026-08-11,2026-08-11 11:09:00,1270.78,1270.78,1270.75,1270.75,-0.0,1.39,1763.95,-1
2026-08-11,2026-08-11 11:10:00,1270.75,1270.75,1270.72,1270.72,-0.0,1.39,1763.95,-1
2026-08-11,2026-08-11 11:11:00,1270.72,1270.72,1270.7,1270.7,-0.0,1.39,1763.95,-1
2026-08-11,2026-08-11 11:12:00,1270.7,1270.7,1270.67,1270.67,-0.0,1.39,1763.95,-1
2026-08-11,2026-08-11 11:13:00,1270.67,1270.67,1270.65,1270.65,-0.0,1.39,1763.95,-1
2026-08-11,2026-08-11 11:14:00,1270.65,1270.65,1270.62,1270.62,-0.0,1.39,1763.95,-1
2026-08-11,2026-08-11 11:15:00,1270.62,1270.62,1270.6,1270.6,-0.0,1.39,1763.95,-1
2026-08-11,2026-08-11 11:16:00,1270.6,1270.6,1270.58,1270.58,-0.0,1.39,1763.95,-1
2026-08-11,2026-08-11 11:17:00,1270.58,1270.58,1270.55,1270.55,-0.0,1.39,1763.95,-1
2026-08-11,2026-08-11 11:18:00,1270.55,1270.55,1270.53,1270.53,-0.0,1.39,1763.95,-1
2026-08-11,2026-08-11 11:19:00,1270.53,1270.53,1270.5,1270.5,-0.0,1.39,1763.95,-1
2026-08-11,2026-08-11 11:20:00,1270.5,1270.5,1270.47,1270.47,-0.0,1.39,1763.95,-1
2026-08-11,2026-08-11 11:21:00,1270.47,1270.47,1270.45,1270.45,-0.0,1.39,1763.95,-1
2026-08-11,2026-08-11 11:22:00,1270.45,1270.45,1270.42,1270.42,-0.0,1.39,1763.95,-1
2026-08-11,2026-08-11 11:23:00,1270.42,1270.42,1270.4,1270.4,-0.0,1.39,1763.95,-1
2026-08-11,2026-08-11 11:24:00,1270.4,1270.4,1270.38,1270.38,-0.0,1.39,1763.95,-1
2026-08-11,2026-08-11 11:25:00,1270.38,1270.38,1270.35,1270.35,-0.0,1.39,1763.95,-1
2026-08-11,2026-08-11 11:26:00,1270.35,1270.35,1270.33,1270.33,-0.0,1.39,1763.95,-1
2026-08-11,2026-08-11 11:27:00,1270.33,1270.33,1270.3,1270.3,-0.0,1.39,1763.95,-1
2026-08-11,2026-08-11 11:28:00,1270.3,1270.3,1270.28,1270.28,-0.0,1.39,1763.95,-1
2026-08-11,2026-08-11 11:29:00,1270.28,1270.28,1270.25,1270.25,-0.0,1.39,1763.95,-1
2026-08-11,2026-08-11 11:30:00,1270.25,1270.25,1270.22,1270.22,-0.0,1.39,1763.95,-1
2026-08-11,2026-08-11 11:31:00,1270.22,1270.22,1270.2,1270.2,-0.0,1.39,1763.95,-1
2026-08-11,2026-08-11 11:32:00,1270.2,1270.2,1270.17,1270.17,-0.0,1.39,1763.95,-1
2026-08-11,2026-08-11 11:33:00,1270.17,1270.17,1270.15,1270.15,-0.0,1.39,1763.95,-1
2026-08-11,2026-08-11 11:34:00,1270.15,1270.15,1270.12,1270.12,-0.0,1.39,1763.95,-1
2026-08-11,2026-08-11 11:35:00,1270.12,1270.12,1270.1,1270.1,-0.0,1.39,1763.95,-1
2026-08-11,2026-08-11 11:36:00,1270.1,1270.1,1270.08,1270.08,-0.0,1.39,1763.95,-1
2026-08-11,2026-08-11 11:37:00,1270.08,1270.08,1270.05,1270.05,-0.0,1.39,1763.95,-1
2026-08-11,2026-08-11 11:38:00,1270.05,1270.05,1270.03,1270.03,-0.0,1.39,1763.95,-1
2026-08-11,2026-08-11 11:39:00,1270.03,1270.03,1270.0,1270.0,-0.0,1.39,1763.95,-1
2026-08-11,2026-08-11 11:40:00,1270.0,1270.0,1269.97,1269.97,-0.0,1.39,1763.95,-1
2026-08-11,2026-08-11 11:41:00,1269.97,1269.97,1269.95,1269.95,-0.0,1.39,1763.95,-1
2026-08-11,2026-08-11 11:42:00,1269.95,1269.95,1269.92,1269.92,-0.0,1.39,1763.95,-1
2026-08-11,2026-08-11 11:43:00,1269.92,1269.92,1269.9,1269.9,-0.0,1.39,1763.95,-1
2026-08-11,2026-08-11 11:44:00,1269.9,1269.9,1269.88,1269.88,-0.0,1.39,1763.95,-1
2026-08-11,2026-08-11 11:45:00,1269.88,1269.88,1269.85,1269.85,-0.0,1.39,1763.95,-1
2026-08-11,2026-08-11 11:46:00,1269.85,1269.85,1269.83,1269.83,-0.0,1.39,1763.95,-1
2026-08-11,2026-08-11 11:47:00,1269.83,1269.83,1269.8,1269.8,-0.0,1.39,1763.95,-1
2026-08-11,2026-08-11 11:48:00,1269.8,1269.8,1269.78,1269.78,-0.0,1.39,1763.95,-1
2026-08-11,2026-08-11 11:49:00,1269.78,1269.78,1269.75,1269.75,-0.0,1.39,1763.95,-1
2026-08-11,2026-08-11 11:50:00,1269.75,1269.75,1269.72,1269.72,-0.0,1.39,1763.95,-1
2026-08-11,2026-08-11 11:51:00,1269.72,1269.72,1269.7,1269.7,-0.0,1.39,1763.95,-1
2026-08-11,2026-08-11 11:52:00,1269.7,1269.7,1269.67,1269.67,-0.0,1.39,1763.95,-1
2026-08-11,2026-08-11 11:53:00,1269.67,1269.67,1269.65,1269.65,-0.0,1.39,1763.95,-1
2026-08-11,2026-08-11 11:54:00,1269.65,1269.65,1269.62,1269.62,-0.0,1.39,1763.95,-1
2026-08-11,2026-08-11 11:55:00,1269.62,1269.62,1269.6,1269.6,-0.0,1.39,1763.95,-1
2026-08-11,2026-08-11 11:56:00,1269.6,1269.6,1269.58,1269.58,-0.0,1.39,1763.95,-1
2026-08-11,2026-08-11 11:57:00,1269.58,1269.58,1269.55,1269.55,-0.0,1.39,1763.95,-1
2026-08-11,2026-08-11 11:58:00,1269.55,1269.55,1269.53,1269.53,-0.0,1.39,1763.95,-1
2026-08-11,2026-08-11 11:59:00,1269.53,1269.53,1269.5,1269.5,-0.0,1.39,1763.95,-1
2026-08-11,2026-08-11 12:00:00,1269.5,1269.5,1269.47,1269.47,-0.0,1.39,1763.95,-1
2026-08-11,2026-08-11 12:01:00,1269.47,1269.47,1269.45,1269.45,-0.0,1.39,1763.95,-1
2026-08-11,2026-08-11 12:02:00,1269.45,1269.45,1269.42,1269.42,-0.0,1.39,1763.95,-1
2026-08-11,2026-08-11 12:03:00,1269.42,1269.42,1269.4,1269.4,-0.0,1.39,1763.95,-1
2026-08-11,2026-08-11 12:04:00,1269.4,1269.4,1269.38,1269.38,-0.0,1.39,1763.95,-1
2026-08-11,2026-08-11 12:05:00,1269.38,1269.38,1269.35,1269.35,-0.0,1.39,1763.95,-1
2026-08-11,2026-08-11 12:06:00,1269.35,1269.35,1269.33,1269.33,-0.0,1.39,1763.95,-1
2026-08-11,2026-08-11 12:07:00,1269.33,1269.33,1269.3,1269.3,-0.0,1.39,1763.95,-1
2026-08-11,2026-08-11 12:08:00,1269.3,1269.3,1269.28,1269.28,-0.0,1.39,1763.95,-1
2026-08-11,2026-08-11 12:09:00,1269.28,1269.28,1269.25,1269.25,-0.0,1.39,1763.95,-1
2026-08-11,2026-08-11 12:10:00,1269.25,1269.25,1269.22,1269.22,-0.0,1.39,1763.95,-1
2026-08-11,2026-08-11 12:11:00,1269.22,1269.22,1269.2,1269.2,-0.0,1.39,1763.95,-1
2026-08-11,2026-08-11 12:12:00,1269.2,1269.2,1269.17,1269.17,-0.0,1.39,1763.95,-1
2026-08-11,2026-08-11 12:13:00,1269.17,1269.17,1269.15,1269.15,-0.0,1.39,1763.95,-1
2026-08-11,2026-08-11 12:14:00,1269.15,1269.15,1269.12,1269.12,-0.0,1.39,1763.95,-1
2026-08-11,2026-08-11 12:15:00,1269.12,1269.12,1269.1,1269.1,-0.0,1.39,1763.95,-1
2026-08-11,2026-08-11 12:16:00,1269.1,1269.1,1269.08,1269.08,-0.0,1.39,1763.95,-1
2026-08-11,2026-08-11 12:17:00,1269.08,1269.08,1269.05,1269.05,-0.0,1.39,1763.95,-1
2026-08-11,2026-08-11 12:18:00,1269.05,1269.05,1269.03,1269.03,-0.0,1.39,1763.95,-1
2026-08-11,2026-08-11 12:19:00,1269.03,1269.03,1269.0,1269.0,-0.0,1.39,1763.95,-1
2026-08-11,2026-08-11 12:20:00,1269.0,1269.0,1268.97,1268.97,-0.0,1.39,1763.95,-1
2026-08-11,2026-08-11 12:21:00,1268.97,1268.97,1268.95,1268.95,-0.0,1.39,1763.95,-1
2026-08-11,2026-08-11 12:22:00,1268.95,1268.95,1268.92,1268.92,-0.0,1.39,1763.95,-1
2026-08-11,2026-08-11 12:23:00,1268.92,1268.92,1268.9,1268.9,-0.0,1.39,1763.95,-1
2026-08-11,2026-08-11 12:24:00,1268.9,1268.9,1268.88,1268.88,-0.0,1.39,1763.95,-1
2026-08-11,2026-08-11 12:25:00,1268.88,1268.88,1268.85,1268.85,-0.0,1.39,1763.95,-1
2026-08-11,2026-08-11 12:26:00,1268.85,1268.85,1268.83,1268.83,-0.0,1.39,1763.95,-1
2026-08-11,2026-08-11 12:27:00,1268.83,1268.83,1268.8,1268.8,-0.0,1.39,1763.95,-1
2026-08-11,2026-08-11 12:28:00,1268.8,1268.8,1268.78,1268.78,-0.0,1.39,1763.95,-1
2026-08-11,2026-08-11 12:29:00,1268.78,1268.78,1268.75,1268.75,-0.0,1.39,1763.95,-1
2026-08-11,2026-08-11 12:30:00,1268.75,1268.75,1268.72,1268.72,-0.0,1.39,1763.95,-1
2026-08-11,2026-08-11 12:31:00,1268.72,1268.72,1268.7,1268.7,-0.0,1.39,1763.95,-1
2026-08-11,2026-08-11 12:32:00,1268.7,1268.7,1268.67,1268.67,-0.0,1.39,1763.95,-1
2026-08-11,2026-08-11 12:33:00,1268.67,1268.67,1268.65,1268.65,-0.0,1.39,1763.95,-1
2026-08-11,2026-08-11 12:34:00,1268.65,1268.65,1268.62,1268.62,-0.0,1.39,1763.95,-1
2026-08-11,2026-08-11 12:35:00,1268.62,1268.62,1268.6,1268.6,-0.0,1.39,1763.95,-1
2026-08-11,2026-08-11 12:36:00,1268.6,1268.6,1268.58,1268.58,-0.0,1.39,1763.95,-1
2026-08-11,2026-08-11 12:37:00,1268.58,1268.58,1268.55,1268.55,-0.0,1.39,1763.95,-1
2026-08-11,2026-08-11 12:38:00,1268.55,1268.55,1268.53,1268.53,-0.0,1.39,1763.95,-1
2026-08-11,2026-08-11 12:39:00,1268.53,1268.53,1268.5,1268.5,-0.0,1.39,1763.95,-1
2026-08-11,2026-08-11 12:40:00,1268.5,1268.5,1268.47,1268.47,-0.0,1.39,1763.95,-1
2026-08-11,2026-08-11 12:41:00,1268.47,1268.47,1268.45,1268.45,-0.0,1.39,1763.95,-1
2026-08-11,2026-08-11 12:42:00,1268.45,1268.45,1268.42,1268.42,-0.0,1.39,1763.95,-1
2026-08-11,2026-08-11 12:43:00,1268.42,1268.42,1268.4,1268.4,-0.0,1.39,1763.95,-1
2026-08-11,2026-08-11 12:44:00,1268.4,1268.4,1268.38,1268.38,-0.0,1.39,1763.95,-1
2026-08-11,2026-08-11 12:45:00,1268.38,1268.38,1268.35,1268.35,-0.0,1.39,1763.95,-1
2026-08-11,2026-08-11 12:46:00,1268.35,1268.35,1268.33,1268.33,-0.0,1.39,1763.95,-1
2026-08-11,2026-08-11 12:47:00,1268.33,1268.33,1268.3,1268.3,-0.0,1.39,1763.95,-1
2026-08-11,2026-08-11 12:48:00,1268.3,1268.3,1268.28,1268.28,-0.0,1.39,1763.95,-1
2026-08-11,2026-08-11 12:49:00,1268.28,1268.28,1268.25,1268.25,-0.0,1.39,1763.95,-1
2026-08-11,2026-08-11 12:50:00,1268.25,1268.25,1268.22,1268.22,-0.0,1.39,1763.95,-1
2026-08-11,2026-08-11 12:51:00,1268.22,1268.22,1268.2,1268.2,-0.0,1.39,1763.95,-1
2026-08-11,2026-08-11 12:52:00,1268.2,1268.2,1268.17,1268.17,-0.0,1.39,1763.95,-1
2026-08-11,2026-08-11 12:53:00,1268.17,1268.17,1268.15,1268.15,-0.0,1.39,1763.95,-1
2026-08-11,2026-08-11 12:54:00,1268.15,1268.15,1268.12,1268.12,-0.0,1.39,1763.95,-1
2026-08-11,2026-08-11 12:55:00,1268.12,1268.12,1268.1,1268.1,-0.0,1.39,1763.95,-1
2026-08-11,2026-08-11 12:56:00,1268.1,1268.1,1268.08,1268.08,-0.0,1.39,1763.95,-1
2026-08-11,2026-08-11 12:57:00,1268.08,1268.08,1268.05,1268.05,-0.0,1.39,1763.95,-1
2026-08-11,2026-08-11 12:58:00,1268.05,1268.05,1268.03,1268.03,-0.0,1.39,1763.95,-1
2026-08-11,2026-08-11 12:59:00,1268.03,1268.03,1268.0,1268.0,-0.0,1.39,1763.95,-1
2026-08-11,2026-08-11 13:00:00,1268.0,1295.0,1265.0,1267.97,-0.0,1.39,1763.95,-1
2026-08-11,2026-08-11 13:01:00,1267.97,1267.97,1267.95,1267.95,-0.0,1.39,1763.95,-1
2026-08-11,2026-08-11 13:02:00,1267.95,1267.95,1267.92,1267.92,-0.0,1.39,1763.95,-1
2026-08-11,2026-08-11 13:03:00,1267.92,1267.92,1267.9,1267.9,-0.0,1.39,1763.95,-1
2026-08-11,2026-08-11 13:04:00,1267.9,1267.9,1267.88,1267.88,-0.0,1.39,1763.95,-1
2026-08-11,2026-08-11 13:05:00,1267.88,1267.88,1267.85,1267.85,-0.0,1.39,1763.95,-1
2026-08-11,2026-08-11 13:06:00,1267.85,1267.85,1267.83,1267.83,-0.0,1.39,1763.95,-1
2026-08-11,2026-08-11 13:07:00,1267.83,1267.83,1267.8,1267.8,-0.0,1.39,1763.95,-1
2026-08-11,2026-08-11 13:08:00,1267.8,1267.8,1267.78,1267.78,-0.0,1.39,1763.95,-1
2026-08-11,2026-08-11 13:09:00,1267.78,1267.78,1267.75,1267.75,-0.0,1.39,1763.95,-1
2026-08-11,2026-08-11 13:10:00,1267.75,1267.75,1267.72,1267.72,-0.0,1.39,1763.95,-1
2026-08-11,2026-08-11 13:11:00,1267.72,1267.72,1267.7,1267.7,-0.0,1.39,1763.95,-1
2026-08-11,2026-08-11 13:12:00,1267.7,1267.7,1267.67,1267.67,-0.0,1.39,1763.95,-1
2026-08-11,2026-08-11 13:13:00,1267.67,1267.67,1267.65,1267.65,-0.0,1.39,1763.95,-1
2026-08-11,2026-08-11 13:14:00,1267.65,1267.65,1267.62,1267.62,-0.0,1.39,1763.95,-1
2026-08-11,2026-08-11 13:15:00,1267.62,1267.62,1267.6,1267.6,-0.0,1.39,1763.95,-1
2026-08-11,2026-08-11 13:16:00,1267.6,1267.6,1267.58,1267.58,-0.0,1.39,1763.95,-1
2026-08-11,2026-08-11 13:17:00,1267.58,1267.58,1267.55,1267.55,-0.0,1.39,1763.95,-1
2026-08-11,2026-08-11 13:18:00,1267.55,1267.55,1267.53,1267.53,-0.0,1.39,1763.95,-1
2026-08-11,2026-08-11 13:19:00,1267.53,1267.53,1267.5,1267.5,-0.0,1.39,1763.95,-1
2026-08-11,2026-08-11 13:20:00,1267.5,1267.5,1267.47,1267.47,-0.0,1.39,1763.95,-1
2026-08-11,2026-08-11 13:21:00,1267.47,1267.47,1267.45,1267.45,-0.0,1.39,1763.95,-1
2026-08-11,2026-08-11 13:22:00,1267.45,1267.45,1267.42,1267.42,-0.0,1.39,1763.95,-1
2026-08-11,2026-08-11 13:23:00,1267.42,1267.42,1267.4,1267.4,-0.0,1.39,1763.95,-1
2026-08-11,2026-08-11 13:24:00,1267.4,1267.4,1267.38,1267.38,-0.0,1.39,1763.95,-1
2026-08-11,2026-08-11 13:25:00,1267.38,1267.38,1267.35,1267.35,-0.0,1.39,1763.95,-1
2026-08-11,2026-08-11 13:26:00,1267.35,1267.35,1267.33,1267.33,-0.0,1.39,1763.95,-1
2026-08-11,2026-08-11 13:27:00,1267.33,1267.33,1267.3,1267.3,-0.0,1.39,1763.95,-1
2026-08-11,2026-08-11 13:28:00,1267.3,1267.3,1267.28,1267.28,-0.0,1.39,1763.95,-1
2026-08-11,2026-08-11 13:29:00,1267.28,1267.28,1267.25,1267.25,-0.0,1.39,1763.95,-1
2026-08-11,2026-08-11 13:30:00,1267.25,1267.25,1267.22,1267.22,-0.0,1.39,1763.95,-1
2026-08-11,2026-08-11 13:31:00,1267.22,1267.22,1267.2,1267.2,-0.0,1.39,1763.95,-1
2026-08-11,2026-08-11 13:32:00,1267.2,1267.2,1267.17,1267.17,-0.0,1.39,1763.95,-1
2026-08-11,2026-08-11 13:33:00,1267.17,1267.17,1267.15,1267.15,-0.0,1.39,1763.95,-1
2026-08-11,2026-08-11 13:34:00,1267.15,1267.15,1267.12,1267.12,-0.0,1.39,1763.95,-1
2026-08-11,2026-08-11 13:35:00,1267.12,1267.12,1267.1,1267.1,-0.0,1.39,1763.95,-1
2026-08-11,2026-08-11 13:36:00,1267.1,1267.1,1267.08,1267.08,-0.0,1.39,1763.95,-1
2026-08-11,2026-08-11 13:37:00,1267.08,1267.08,1267.05,1267.05,-0.0,1.39,1763.95,-1
2026-08-11,2026-08-11 13:38:00,1267.05,1267.05,1267.03,1267.03,-0.0,1.39,1763.95,-1
2026-08-11,2026-08-11 13:39:00,1267.03,1267.03,1267.0,1267.0,-0.0,1.39,1763.95,-1
2026-08-11,2026-08-11 13:40:00,1267.0,1267.0,1266.97,1266.97,-0.0,1.39,1763.95,-1
2026-08-11,2026-08-11 13:41:00,1266.97,1266.97,1266.95,1266.95,-0.0,1.39,1763.95,-1
2026-08-11,2026-08-11 13:42:00,1266.95,1266.95,1266.92,1266.92,-0.0,1.39,1763.95,-1
2026-08-11,2026-08-11 13:43:00,1266.92,1266.92,1266.9,1266.9,-0.0,1.39,1763.95,-1
2026-08-11,2026-08-11 13:44:00,1266.9,1266.9,1266.88,1266.88,-0.0,1.39,1763.95,-1
2026-08-11,2026-08-11 13:45:00,1266.88,1266.88,1266.85,1266.85,-0.0,1.39,1763.95,-1
2026-08-11,2026-08-11 13:46:00,1266.85,1266.85,1266.83,1266.83,-0.0,1.39,1763.95,-1
2026-08-11,2026-08-11 13:47:00,1266.83,1266.83,1266.8,1266.8,-0.0,1.39,1763.95,-1
2026-08-11,2026-08-11 13:48:00,1266.8,1266.8,1266.78,1266.78,-0.0,1.39,1763.95,-1
2026-08-11,2026-08-11 13:49:00,1266.78,1266.78,1266.75,1266.75,-0.0,1.39,1763.95,-1
2026-08-11,2026-08-11 13:50:00,1266.75,1266.75,1266.72,1266.72,-0.0,1.39,1763.95,-1
2026-08-11,2026-08-11 13:51:00,1266.72,1266.72,1266.7,1266.7,-0.0,1.39,1763.95,-1
2026-08-11,2026-08-11 13:52:00,1266.7,1266.7,1266.67,1266.67,-0.0,1.39,1763.95,-1
2026-08-11,2026-08-11 13:53:00,1266.67,1266.67,1266.65,1266.65,-0.0,1.39,1763.95,-1
2026-08-11,2026-08-11 13:54:00,1266.65,1266.65,1266.62,1266.62,-0.0,1.39,1763.95,-1
2026-08-11,2026-08-11 13:55:00,1266.62,1266.62,1266.6,1266.6,-0.0,1.39,1763.95,-1
2026-08-11,2026-08-11 13:56:00,1266.6,1266.6,1266.58,1266.58,-0.0,1.39,1763.95,-1
2026-08-11,2026-08-11 13:57:00,1266.58,1266.58,1266.55,1266.55,-0.0,1.39,1763.95,-1
2026-08-11,2026-08-11 13:58:00,1266.55,1266.55,1266.53,1266.53,-0.0,1.39,1763.95,-1
2026-08-11,2026-08-11 13:59:00,1266.53,1266.53,1266.5,1266.5,-0.0,1.39,1763.95,-1
2026-08-11,2026-08-11 14:00:00,1266.5,1266.5,1266.47,1266.47,-0.0,1.39,1763.95,-1
2026-08-11,2026-08-11 14:01:00,1266.47,1266.47,1266.45,1266.45,-0.0,1.39,1763.95,-1
2026-08-11,2026-08-11 14:02:00,1266.45,1266.45,1266.42,1266.42,-0.0,1.39,1763.95,-1
2026-08-11,2026-08-11 14:03:00,1266.42,1266.42,1266.4,1266.4,-0.0,1.39,1763.95,-1
2026-08-11,2026-08-11 14:04:00,1266.4,1266.4,1266.38,1266.38,-0.0,1.39,1763.95,-1
2026-08-11,2026-08-11 14:05:00,1266.38,1266.38,1266.35,1266.35,-0.0,1.39,1763.95,-1
2026-08-11,2026-08-11 14:06:00,1266.35,1266.35,1266.33,1266.33,-0.0,1.39,1763.95,-1
2026-08-11,2026-08-11 14:07:00,1266.33,1266.33,1266.3,1266.3,-0.0,1.39,1763.95,-1
2026-08-11,2026-08-11 14:08:00,1266.3,1266.3,1266.28,1266.28,-0.0,1.39,1763.95,-1
2026-08-11,2026-08-11 14:09:00,1266.28,1266.28,1266.25,1266.25,-0.0,1.39,1763.95,-1
2026-08-11,2026-08-11 14:10:00,1266.25,1266.25,1266.22,1266.22,-0.0,1.39,1763.95,-1
2026-08-11,2026-08-11 14:11:00,1266.22,1266.22,1266.2,1266.2,-0.0,1.39,1763.95,-1
2026-08-11,2026-08-11 14:12:00,1266.2,1266.2,1266.17,1266.17,-0.0,1.39,1763.95,-1
2026-08-11,2026-08-11 14:13:00,1266.17,1266.17,1266.15,1266.15,-0.0,1.39,1763.95,-1
2026-08-11,2026-08-11 14:14:00,1266.15,1266.15,1266.12,1266.12,-0.0,1.39,1763.95,-1
2026-08-11,2026-08-11 14:15:00,1266.12,1266.12,1266.1,1266.1,-0.0,1.39,1763.95,-1
2026-08-11,2026-08-11 14:16:00,1266.1,1266.1,1266.08,1266.08,-0.0,1.39,1763.95,-1
2026-08-11,2026-08-11 14:17:00,1266.08,1266.08,1266.05,1266.05,-0.0,1.39,1763.95,-1
2026-08-11,2026-08-11 14:18:00,1266.05,1266.05,1266.03,1266.03,-0.0,1.39,1763.95,-1
2026-08-11,2026-08-11 14:19:00,1266.03,1266.03,1266.0,1266.0,-0.0,1.39,1763.95,-1
2026-08-11,2026-08-11 14:20:00,1266.0,1266.0,1265.97,1265.97,-0.0,1.39,1763.95,-1
2026-08-11,2026-08-11 14:21:00,1265.97,1265.97,1265.95,1265.95,-0.0,1.39,1763.95,-1
2026-08-11,2026-08-11 14:22:00,1265.95,1265.95,1265.92,1265.92,-0.0,1.39,1763.95,-1
2026-08-11,2026-08-11 14:23:00,1265.92,1265.92,1265.9,1265.9,-0.0,1.39,1763.95,-1
2026-08-11,2026-08-11 14:24:00,1265.9,1265.9,1265.88,1265.88,-0.0,1.39,1763.95,-1
2026-08-11,2026-08-11 14:25:00,1265.88,1265.88,1265.85,1265.85,-0.0,1.39,1763.95,-1
2026-08-11,2026-08-11 14:26:00,1265.85,1265.85,1265.83,1265.83,-0.0,1.39,1763.95,-1
2026-08-11,2026-08-11 14:27:00,1265.83,1265.83,1265.8,1265.8,-0.0,1.39,1763.95,-1
2026-08-11,2026-08-11 14:28:00,1265.8,1265.8,1265.78,1265.78,-0.0,1.39,1763.95,-1
2026-08-11,2026-08-11 14:29:00,1265.78,1265.78,1265.75,1265.75,-0.0,1.39,1763.95,-1
2026-08-11,2026-08-11 14:30:00,1265.75,1265.75,1265.72,1265.72,-0.0,1.39,1763.95,-1
2026-08-11,2026-08-11 14:31:00,1265.72,1265.72,1265.7,1265.7,-0.0,1.39,1763.95,-1
2026-08-11,2026-08-11 14:32:00,1265.7,1265.7,1265.67,1265.67,-0.0,1.39,1763.95,-1
2026-08-11,2026-08-11 14:33:00,1265.67,1265.67,1265.65,1265.65,-0.0,1.39,1763.95,-1
2026-08-11,2026-08-11 14:34:00,1265.65,1265.65,1265.62,1265.62,-0.0,1.39,1763.95,-1
2026-08-11,2026-08-11 14:35:00,1265.62,1265.62,1265.6,1265.6,-0.0,1.39,1763.95,-1
2026-08-11,2026-08-11 14:36:00,1265.6,1265.6,1265.58,1265.58,-0.0,1.39,1763.95,-1
2026-08-11,2026-08-11 14:37:00,1265.58,1265.58,1265.55,1265.55,-0.0,1.39,1763.95,-1
2026-08-11,2026-08-11 14:38:00,1265.55,1265.55,1265.53,1265.53,-0.0,1.39,1763.95,-1
2026-08-11,2026-08-11 14:39:00,1265.53,1265.53,1265.5,1265.5,-0.0,1.39,1763.95,-1
2026-08-11,2026-08-11 14:40:00,1265.5,1265.5,1265.47,1265.47,-0.0,1.39,1763.95,-1
2026-08-11,2026-08-11 14:41:00,1265.47,1265.47,1265.45,1265.45,-0.0,1.39,1763.95,-1
2026-08-11,2026-08-11 14:42:00,1265.45,1265.45,1265.42,1265.42,-0.0,1.39,1763.95,-1
2026-08-11,2026-08-11 14:43:00,1265.42,1265.42,1265.4,1265.4,-0.0,1.39,1763.95,-1
2026-08-11,2026-08-11 14:44:00,1265.4,1265.4,1265.38,1265.38,-0.0,1.39,1763.95,-1
2026-08-11,2026-08-11 14:45:00,1265.38,1265.38,1265.35,1265.35,-0.0,1.39,1763.95,-1
2026-08-11,2026-08-11 14:46:00,1265.35,1265.35,1265.33,1265.33,-0.0,1.39,1763.95,-1
2026-08-11,2026-08-11 14:47:00,1265.33,1265.33,1265.3,1265.3,-0.0,1.39,1763.95,-1
2026-08-11,2026-08-11 14:48:00,1265.3,1265.3,1265.28,1265.28,-0.0,1.39,1763.95,-1
2026-08-11,2026-08-11 14:49:00,1265.28,1265.28,1265.25,1265.25,-0.0,1.39,1763.95,-1
2026-08-11,2026-08-11 14:50:00,1265.25,1265.25,1265.22,1265.22,-0.0,1.39,1763.95,-1
2026-08-11,2026-08-11 14:51:00,1265.22,1265.22,1265.2,1265.2,-0.0,1.39,1763.95,-1
2026-08-11,2026-08-11 14:52:00,1265.2,1265.2,1265.17,1265.17,-0.0,1.39,1763.95,-1
2026-08-11,2026-08-11 14:53:00,1265.17,1265.17,1265.15,1265.15,-0.0,1.39,1763.95,-1
2026-08-11,2026-08-11 14:54:00,1265.15,1265.15,1265.12,1265.12,-0.0,1.39,1763.95,-1
2026-08-11,2026-08-11 14:55:00,1265.12,1265.12,1265.1,1265.1,-0.0,1.39,1763.95,-1
2026-08-11,2026-08-11 14:56:00,1265.1,1265.1,1265.08,1265.08,-0.0,1.39,1763.95,-1
2026-08-11,2026-08-11 14:57:00,1265.08,1265.08,1265.05,1265.05,-0.0,1.39,1763.95,-1
2026-08-11,2026-08-11 14:58:00,1265.05,1265.05,1265.03,1265.03,-0.0,1.39,1763.95,-1
2026-08-11,2026-08-11 14:59:00,1265.03,1265.03,1265.0,1265.0,-0.0,1.39,1763.95,-1
2026-08-11,2026-08-11 15:00:00,1265.0,1295.0,1265.0,1265.0,0.0,1.39,1763.95,0
2026-08-12,2026-08-12 11:00:00,1265.1,1265.37,1251.9,1264.98,-0.01,11.02,13702.91,-1
2026-08-12,2026-08-12 11:01:00,1264.98,1264.98,1264.87,1264.87,-0.01,11.02,13702.91,-1
2026-08-12,2026-08-12 11:02:00,1264.87,1264.87,1264.75,1264.75,-0.01,11.02,13702.91,-1
2026-08-12,2026-08-12 11:03:00,1264.75,1264.75,1264.63,1264.63,-0.01,11.02,13702.91,-1
2026-08-12,2026-08-12 11:04:00,1264.63,1264.63,1264.51,1264.51,-0.01,11.02,13702.91,-1
2026-08-12,2026-08-12 11:05:00,1264.51,1264.51,1264.4,1264.4,-0.01,11.02,13702.91,-1
2026-08-12,2026-08-12 11:06:00,1264.4,1264.4,1264.28,1264.28,-0.01,11.02,13702.91,-1
2026-08-12,2026-08-12 11:07:00,1264.28,1264.28,1264.16,1264.16,-0.01,11.02,13702.91,-1
2026-08-12,2026-08-12 11:08:00,1264.16,1264.16,1264.05,1264.05,-0.01,11.02,13702.91,-1
2026-08-12,2026-08-12 11:09:00,1264.05,1264.05,1263.93,1263.93,-0.01,11.02,13702.91,-1
2026-08-12,2026-08-12 11:10:00,1263.93,1263.93,1263.81,1263.81,-0.01,11.02,13702.91,-1
2026-08-12,2026-08-12 11:11:00,1263.81,1263.81,1263.69,1263.69,-0.01,11.02,13702.91,-1
2026-08-12,2026-08-12 11:12:00,1263.69,1263.69,1263.58,1263.58,-0.01,11.02,13702.91,-1
2026-08-12,2026-08-12 11:13:00,1263.58,1263.58,1263.46,1263.46,-0.01,11.02,13702.91,-1
2026-08-12,2026-08-12 11:14:00,1263.46,1263.46,1263.34,1263.34,-0.01,11.02,13702.91,-1
2026-08-12,2026-08-12 11:15:00,1263.34,1263.34,1263.23,1263.23,-0.01,11.02,13702.91,-1
2026-08-12,2026-08-12 11:16:00,1263.23,1263.23,1263.11,1263.11,-0.01,11.02,13702.91,-1
2026-08-12,2026-08-12 11:17:00,1263.11,1263.11,1262.99,1262.99,-0.01,11.02,13702.91,-1
2026-08-12,2026-08-12 11:18:00,1262.99,1262.99,1262.88,1262.88,-0.01,11.02,13702.91,-1
2026-08-12,2026-08-12 11:19:00,1262.88,1262.88,1262.76,1262.76,-0.01,11.02,13702.91,-1
2026-08-12,2026-08-12 11:20:00,1262.76,1262.76,1262.64,1262.64,-0.01,11.02,13702.91,-1
2026-08-12,2026-08-12 11:21:00,1262.64,1262.64,1262.52,1262.52,-0.01,11.02,13702.91,-1
2026-08-12,2026-08-12 11:22:00,1262.52,1262.52,1262.41,1262.41,-0.01,11.02,13702.91,-1
2026-08-12,2026-08-12 11:23:00,1262.41,1262.41,1262.29,1262.29,-0.01,11.02,13702.91,-1
2026-08-12,2026-08-12 11:24:00,1262.29,1262.29,1262.17,1262.17,-0.01,11.02,13702.91,-1
2026-08-12,2026-08-12 11:25:00,1262.17,1262.17,1262.06,1262.06,-0.01,11.02,13702.91,-1
2026-08-12,2026-08-12 11:26:00,1262.06,1262.06,1261.94,1261.94,-0.01,11.02,13702.91,-1
2026-08-12,2026-08-12 11:27:00,1261.94,1261.94,1261.82,1261.82,-0.01,11.02,13702.91,-1
2026-08-12,2026-08-12 11:28:00,1261.82,1261.82,1261.7,1261.7,-0.01,11.02,13702.91,-1
2026-08-12,2026-08-12 11:29:00,1261.7,1261.7,1261.59,1261.59,-0.01,11.02,13702.91,-1
2026-08-12,2026-08-12 11:30:00,1261.59,1261.59,1261.47,1261.47,-0.01,11.02,13702.91,-1
2026-08-12,2026-08-12 11:31:00,1261.47,1261.47,1261.35,1261.35,-0.01,11.02,13702.91,-1
2026-08-12,2026-08-12 11:32:00,1261.35,1261.35,1261.24,1261.24,-0.01,11.02,13702.91,-1
2026-08-12,2026-08-12 11:33:00,1261.24,1261.24,1261.12,1261.12,-0.01,11.02,13702.91,-1
2026-08-12,2026-08-12 11:34:00,1261.12,1261.12,1261.0,1261.0,-0.01,11.02,13702.91,-1
2026-08-12,2026-08-12 11:35:00,1261.0,1261.0,1260.88,1260.88,-0.01,11.02,13702.91,-1
2026-08-12,2026-08-12 11:36:00,1260.88,1260.88,1260.77,1260.77,-0.01,11.02,13702.91,-1
2026-08-12,2026-08-12 11:37:00,1260.77,1260.77,1260.65,1260.65,-0.01,11.02,13702.91,-1
2026-08-12,2026-08-12 11:38:00,1260.65,1260.65,1260.53,1260.53,-0.01,11.02,13702.91,-1
2026-08-12,2026-08-12 11:39:00,1260.53,1260.53,1260.42,1260.42,-0.01,11.02,13702.91,-1
2026-08-12,2026-08-12 11:40:00,1260.42,1260.42,1260.3,1260.3,-0.01,11.02,13702.91,-1
2026-08-12,2026-08-12 11:41:00,1260.3,1260.3,1260.18,1260.18,-0.01,11.02,13702.91,-1
2026-08-12,2026-08-12 11:42:00,1260.18,1260.18,1260.07,1260.07,-0.01,11.02,13702.91,-1
2026-08-12,2026-08-12 11:43:00,1260.07,1260.07,1259.95,1259.95,-0.01,11.02,13702.91,-1
2026-08-12,2026-08-12 11:44:00,1259.95,1259.95,1259.83,1259.83,-0.01,11.02,13702.91,-1
2026-08-12,2026-08-12 11:45:00,1259.83,1259.83,1259.71,1259.71,-0.01,11.02,13702.91,-1
2026-08-12,2026-08-12 11:46:00,1259.71,1259.71,1259.6,1259.6,-0.01,11.02,13702.91,-1
2026-08-12,2026-08-12 11:47:00,1259.6,1259.6,1259.48,1259.48,-0.01,11.02,13702.91,-1
2026-08-12,2026-08-12 11:48:00,1259.48,1259.48,1259.36,1259.36,-0.01,11.02,13702.91,-1
2026-08-12,2026-08-12 11:49:00,1259.36,1259.36,1259.25,1259.25,-0.01,11.02,13702.91,-1
2026-08-12,2026-08-12 11:50:00,1259.25,1259.25,1259.13,1259.13,-0.01,11.02,13702.91,-1
2026-08-12,2026-08-12 11:51:00,1259.13,1259.13,1259.01,1259.01,-0.01,11.02,13702.91,-1
2026-08-12,2026-08-12 11:52:00,1259.01,1259.01,1258.89,1258.89,-0.01,11.02,13702.91,-1
2026-08-12,2026-08-12 11:53:00,1258.89,1258.89,1258.78,1258.78,-0.01,11.02,13702.91,-1
2026-08-12,2026-08-12 11:54:00,1258.78,1258.78,1258.66,1258.66,-0.01,11.02,13702.91,-1
2026-08-12,2026-08-12 11:55:00,1258.66,1258.66,1258.54,1258.54,-0.01,11.02,13702.91,-1
2026-08-12,2026-08-12 11:56:00,1258.54,1258.54,1258.43,1258.43,-0.01,11.02,13702.91,-1
2026-08-12,2026-08-12 11:57:00,1258.43,1258.43,1258.31,1258.31,-0.01,11.02,13702.91,-1
2026-08-12,2026-08-12 11:58:00,1258.31,1258.31,1258.19,1258.19,-0.01,11.02,13702.91,-1
2026-08-12,2026-08-12 11:59:00,1258.19,1258.19,1258.07,1258.07,-0.01,11.02,13702.91,-1
2026-08-12,2026-08-12 12:00:00,1258.07,1258.07,1257.96,1257.96,-0.01,11.02,13702.91,-1
2026-08-12,2026-08-12 12:01:00,1257.96,1257.96,1257.84,1257.84,-0.01,11.02,13702.91,-1
2026-08-12,2026-08-12 12:02:00,1257.84,1257.84,1257.72,1257.72,-0.01,11.02,13702.91,-1
2026-08-12,2026-08-12 12:03:00,1257.72,1257.72,1257.61,1257.61,-0.01,11.02,13702.91,-1
2026-08-12,2026-08-12 12:04:00,1257.61,1257.61,1257.49,1257.49,-0.01,11.02,13702.91,-1
2026-08-12,2026-08-12 12:05:00,1257.49,1257.49,1257.37,1257.37,-0.01,11.02,13702.91,-1
2026-08-12,2026-08-12 12:06:00,1257.37,1257.37,1257.26,1257.26,-0.01,11.02,13702.91,-1
2026-08-12,2026-08-12 12:07:00,1257.26,1257.26,1257.14,1257.14,-0.01,11.02,13702.91,-1
2026-08-12,2026-08-12 12:08:00,1257.14,1257.14,1257.02,1257.02,-0.01,11.02,13702.91,-1
2026-08-12,2026-08-12 12:09:00,1257.02,1257.02,1256.9,1256.9,-0.01,11.02,13702.91,-1
2026-08-12,2026-08-12 12:10:00,1256.9,1256.9,1256.79,1256.79,-0.01,11.02,13702.91,-1
2026-08-12,2026-08-12 12:11:00,1256.79,1256.79,1256.67,1256.67,-0.01,11.02,13702.91,-1
2026-08-12,2026-08-12 12:12:00,1256.67,1256.67,1256.55,1256.55,-0.01,11.02,13702.91,-1
2026-08-12,2026-08-12 12:13:00,1256.55,1256.55,1256.44,1256.44,-0.01,11.02,13702.91,-1
2026-08-12,2026-08-12 12:14:00,1256.44,1256.44,1256.32,1256.32,-0.01,11.02,13702.91,-1
2026-08-12,2026-08-12 12:15:00,1256.32,1256.32,1256.2,1256.2,-0.01,11.02,13702.91,-1
2026-08-12,2026-08-12 12:16:00,1256.2,1256.2,1256.08,1256.08,-0.01,11.02,13702.91,-1
2026-08-12,2026-08-12 12:17:00,1256.08,1256.08,1255.97,1255.97,-0.01,11.02,13702.91,-1
2026-08-12,2026-08-12 12:18:00,1255.97,1255.97,1255.85,1255.85,-0.01,11.02,13702.91,-1
2026-08-12,2026-08-12 12:19:00,1255.85,1255.85,1255.73,1255.73,-0.01,11.02,13702.91,-1
2026-08-12,2026-08-12 12:20:00,1255.73,1255.73,1255.62,1255.62,-0.01,11.02,13702.91,-1
2026-08-12,2026-08-12 12:21:00,1255.62,1255.62,1255.5,1255.5,-0.01,11.02,13702.91,-1
2026-08-12,2026-08-12 12:22:00,1255.5,1255.5,1255.38,1255.38,-0.01,11.02,13702.91,-1
2026-08-12,2026-08-12 12:23:00,1255.38,1255.38,1255.26,1255.26,-0.01,11.02,13702.91,-1
2026-08-12,2026-08-12 12:24:00,1255.26,1255.26,1255.15,1255.15,-0.01,11.02,13702.91,-1
2026-08-12,2026-08-12 12:25:00,1255.15,1255.15,1255.03,1255.03,-0.01,11.02,13702.91,-1
2026-08-12,2026-08-12 12:26:00,1255.03,1255.03,1254.91,1254.91,-0.01,11.02,13702.91,-1
2026-08-12,2026-08-12 12:27:00,1254.91,1254.91,1254.8,1254.8,-0.01,11.02,13702.91,-1
2026-08-12,2026-08-12 12:28:00,1254.8,1254.8,1254.68,1254.68,-0.01,11.02,13702.91,-1
2026-08-12,2026-08-12 12:29:00,1254.68,1254.68,1254.56,1254.56,-0.01,11.02,13702.91,-1
2026-08-12,2026-08-12 12:30:00,1254.56,1254.56,1254.45,1254.45,-0.01,11.02,13702.91,-1
2026-08-12,2026-08-12 12:31:00,1254.45,1254.45,1254.33,1254.33,-0.01,11.02,13702.91,-1
2026-08-12,2026-08-12 12:32:00,1254.33,1254.33,1254.21,1254.21,-0.01,11.02,13702.91,-1
2026-08-12,2026-08-12 12:33:00,1254.21,1254.21,1254.09,1254.09,-0.01,11.02,13702.91,-1
2026-08-12,2026-08-12 12:34:00,1254.09,1254.09,1253.98,1253.98,-0.01,11.02,13702.91,-1
2026-08-12,2026-08-12 12:35:00,1253.98,1253.98,1253.86,1253.86,-0.01,11.02,13702.91,-1
2026-08-12,2026-08-12 12:36:00,1253.86,1253.86,1253.74,1253.74,-0.01,11.02,13702.91,-1
2026-08-12,2026-08-12 12:37:00,1253.74,1253.74,1253.63,1253.63,-0.01,11.02,13702.91,-1
2026-08-12,2026-08-12 12:38:00,1253.63,1253.63,1253.51,1253.51,-0.01,11.02,13702.91,-1
2026-08-12,2026-08-12 12:39:00,1253.51,1253.51,1253.39,1253.39,-0.01,11.02,13702.91,-1
2026-08-12,2026-08-12 12:40:00,1253.39,1253.39,1253.27,1253.27,-0.01,11.02,13702.91,-1
2026-08-12,2026-08-12 12:41:00,1253.27,1253.27,1253.16,1253.16,-0.01,11.02,13702.91,-1
2026-08-12,2026-08-12 12:42:00,1253.16,1253.16,1253.04,1253.04,-0.01,11.02,13702.91,-1
2026-08-12,2026-08-12 12:43:00,1253.04,1253.04,1252.92,1252.92,-0.01,11.02,13702.91,-1
2026-08-12,2026-08-12 12:44:00,1252.92,1252.92,1252.81,1252.81,-0.01,11.02,13702.91,-1
2026-08-12,2026-08-12 12:45:00,1252.81,1252.81,1252.69,1252.69,-0.01,11.02,13702.91,-1
2026-08-12,2026-08-12 12:46:00,1252.69,1252.69,1252.57,1252.57,-0.01,11.02,13702.91,-1
2026-08-12,2026-08-12 12:47:00,1252.57,1252.57,1252.45,1252.45,-0.01,11.02,13702.91,-1
2026-08-12,2026-08-12 12:48:00,1252.45,1252.45,1252.34,1252.34,-0.01,11.02,13702.91,-1
2026-08-12,2026-08-12 12:49:00,1252.34,1252.34,1252.22,1252.22,-0.01,11.02,13702.91,-1
2026-08-12,2026-08-12 12:50:00,1252.22,1252.22,1252.1,1252.1,-0.01,11.02,13702.91,-1
2026-08-12,2026-08-12 12:51:00,1252.1,1252.1,1251.99,1251.99,-0.01,11.02,13702.91,-1
2026-08-12,2026-08-12 12:52:00,1251.99,1251.99,1251.87,1251.87,-0.01,11.02,13702.91,-1
2026-08-12,2026-08-12 12:53:00,1251.87,1251.87,1251.75,1251.75,-0.01,11.02,13702.91,-1
2026-08-12,2026-08-12 12:54:00,1251.75,1251.75,1251.64,1251.64,-0.01,11.02,13702.91,-1
2026-08-12,2026-08-12 12:55:00,1251.64,1251.64,1251.52,1251.52,-0.01,11.02,13702.91,-1
2026-08-12,2026-08-12 12:56:00,1251.52,1251.52,1251.4,1251.4,-0.01,11.02,13702.91,-1
2026-08-12,2026-08-12 12:57:00,1251.4,1251.4,1251.28,1251.28,-0.01,11.02,13702.91,-1
2026-08-12,2026-08-12 12:58:00,1251.28,1251.28,1251.17,1251.17,-0.01,11.02,13702.91,-1
2026-08-12,2026-08-12 12:59:00,1251.17,1251.17,1251.05,1251.05,-0.01,11.02,13702.91,-1
2026-08-12,2026-08-12 13:00:00,1251.05,1266.0,1221.1,1250.93,-0.01,11.02,13702.91,-1
2026-08-12,2026-08-12 13:01:00,1250.93,1250.93,1250.82,1250.82,-0.01,11.02,13702.91,-1
2026-08-12,2026-08-12 13:02:00,1250.82,1250.82,1250.7,1250.7,-0.01,11.02,13702.91,-1
2026-08-12,2026-08-12 13:03:00,1250.7,1250.7,1250.58,1250.58,-0.01,11.02,13702.91,-1
2026-08-12,2026-08-12 13:04:00,1250.58,1250.58,1250.46,1250.46,-0.01,11.02,13702.91,-1
2026-08-12,2026-08-12 13:05:00,1250.46,1250.46,1250.35,1250.35,-0.01,11.02,13702.91,-1
2026-08-12,2026-08-12 13:06:00,1250.35,1250.35,1250.23,1250.23,-0.01,11.02,13702.91,-1
2026-08-12,2026-08-12 13:07:00,1250.23,1250.23,1250.11,1250.11,-0.01,11.02,13702.91,-1
2026-08-12,2026-08-12 13:08:00,1250.11,1250.11,1250.0,1250.0,-0.01,11.02,13702.91,-1
2026-08-12,2026-08-12 13:09:00,1250.0,1250.0,1249.88,1249.88,-0.01,11.02,13702.91,-1
2026-08-12,2026-08-12 13:10:00,1249.88,1249.88,1249.76,1249.76,-0.01,11.02,13702.91,-1
2026-08-12,2026-08-12 13:11:00,1249.76,1249.76,1249.64,1249.64,-0.01,11.02,13702.91,-1
2026-08-12,2026-08-12 13:12:00,1249.64,1249.64,1249.53,1249.53,-0.01,11.02,13702.91,-1
2026-08-12,2026-08-12 13:13:00,1249.53,1249.53,1249.41,1249.41,-0.01,11.02,13702.91,-1
2026-08-12,2026-08-12 13:14:00,1249.41,1249.41,1249.29,1249.29,-0.01,11.02,13702.91,-1
2026-08-12,2026-08-12 13:15:00,1249.29,1249.29,1249.18,1249.18,-0.01,11.02,13702.91,-1
2026-08-12,2026-08-12 13:16:00,1249.18,1249.18,1249.06,1249.06,-0.01,11.02,13702.91,-1
2026-08-12,2026-08-12 13:17:00,1249.06,1249.06,1248.94,1248.94,-0.01,11.02,13702.91,-1
2026-08-12,2026-08-12 13:18:00,1248.94,1248.94,1248.83,1248.83,-0.01,11.02,13702.91,-1
2026-08-12,2026-08-12 13:19:00,1248.83,1248.83,1248.71,1248.71,-0.01,11.02,13702.91,-1
2026-08-12,2026-08-12 13:20:00,1248.71,1248.71,1248.59,1248.59,-0.01,11.02,13702.91,-1
2026-08-12,2026-08-12 13:21:00,1248.59,1248.59,1248.47,1248.47,-0.01,11.02,13702.91,-1
2026-08-12,2026-08-12 13:22:00,1248.47,1248.47,1248.36,1248.36,-0.01,11.02,13702.91,-1
2026-08-12,2026-08-12 13:23:00,1248.36,1248.36,1248.24,1248.24,-0.01,11.02,13702.91,-1
2026-08-12,2026-08-12 13:24:00,1248.24,1248.24,1248.12,1248.12,-0.01,11.02,13702.91,-1
2026-08-12,2026-08-12 13:25:00,1248.12,1248.12,1248.01,1248.01,-0.01,11.02,13702.91,-1
2026-08-12,2026-08-12 13:26:00,1248.01,1248.01,1247.89,1247.89,-0.01,11.02,13702.91,-1
2026-08-12,2026-08-12 13:27:00,1247.89,1247.89,1247.77,1247.77,-0.01,11.02,13702.91,-1
2026-08-12,2026-08-12 13:28:00,1247.77,1247.77,1247.65,1247.65,-0.01,11.02,13702.91,-1
2026-08-12,2026-08-12 13:29:00,1247.65,1247.65,1247.54,1247.54,-0.01,11.02,13702.91,-1
2026-08-12,2026-08-12 13:30:00,1247.54,1247.54,1247.42,1247.42,-0.01,11.02,13702.91,-1
2026-08-12,2026-08-12 13:31:00,1247.42,1247.42,1247.3,1247.3,-0.01,11.02,13702.91,-1
2026-08-12,2026-08-12 13:32:00,1247.3,1247.3,1247.19,1247.19,-0.01,11.02,13702.91,-1
2026-08-12,2026-08-12 13:33:00,1247.19,1247.19,1247.07,1247.07,-0.01,11.02,13702.91,-1
2026-08-12,2026-08-12 13:34:00,1247.07,1247.07,1246.95,1246.95,-0.01,11.02,13702.91,-1
2026-08-12,2026-08-12 13:35:00,1246.95,1246.95,1246.84,1246.84,-0.01,11.02,13702.91,-1
2026-08-12,2026-08-12 13:36:00,1246.84,1246.84,1246.72,1246.72,-0.01,11.02,13702.91,-1
2026-08-12,2026-08-12 13:37:00,1246.72,1246.72,1246.6,1246.6,-0.01,11.02,13702.91,-1
2026-08-12,2026-08-12 13:38:00,1246.6,1246.6,1246.48,1246.48,-0.01,11.02,13702.91,-1
2026-08-12,2026-08-12 13:39:00,1246.48,1246.48,1246.37,1246.37,-0.01,11.02,13702.91,-1
2026-08-12,2026-08-12 13:40:00,1246.37,1246.37,1246.25,1246.25,-0.01,11.02,13702.91,-1
2026-08-12,2026-08-12 13:41:00,1246.25,1246.25,1246.13,1246.13,-0.01,11.02,13702.91,-1
2026-08-12,2026-08-12 13:42:00,1246.13,1246.13,1246.02,1246.02,-0.01,11.02,13702.91,-1
2026-08-12,2026-08-12 13:43:00,1246.02,1246.02,1245.9,1245.9,-0.01,11.02,13702.91,-1
2026-08-12,2026-08-12 13:44:00,1245.9,1245.9,1245.78,1245.78,-0.01,11.02,13702.91,-1
2026-08-12,2026-08-12 13:45:00,1245.78,1245.78,1245.66,1245.66,-0.01,11.02,13702.91,-1
2026-08-12,2026-08-12 13:46:00,1245.66,1245.66,1245.55,1245.55,-0.01,11.02,13702.91,-1
2026-08-12,2026-08-12 13:47:00,1245.55,1245.55,1245.43,1245.43,-0.01,11.02,13702.91,-1
2026-08-12,2026-08-12 13:48:00,1245.43,1245.43,1245.31,1245.31,-0.01,11.02,13702.91,-1
2026-08-12,2026-08-12 13:49:00,1245.31,1245.31,1245.2,1245.2,-0.01,11.02,13702.91,-1
2026-08-12,2026-08-12 13:50:00,1245.2,1245.2,1245.08,1245.08,-0.01,11.02,13702.91,-1
2026-08-12,2026-08-12 13:51:00,1245.08,1245.08,1244.96,1244.96,-0.01,11.02,13702.91,-1
2026-08-12,2026-08-12 13:52:00,1244.96,1244.96,1244.84,1244.84,-0.01,11.02,13702.91,-1
2026-08-12,2026-08-12 13:53:00,1244.84,1244.84,1244.73,1244.73,-0.01,11.02,13702.91,-1
2026-08-12,2026-08-12 13:54:00,1244.73,1244.73,1244.61,1244.61,-0.01,11.02,13702.91,-1
2026-08-12,2026-08-12 13:55:00,1244.61,1244.61,1244.49,1244.49,-0.01,11.02,13702.91,-1
2026-08-12,2026-08-12 13:56:00,1244.49,1244.49,1244.38,1244.38,-0.01,11.02,13702.91,-1
2026-08-12,2026-08-12 13:57:00,1244.38,1244.38,1244.26,1244.26,-0.01,11.02,13702.91,-1
2026-08-12,2026-08-12 13:58:00,1244.26,1244.26,1244.14,1244.14,-0.01,11.02,13702.91,-1
2026-08-12,2026-08-12 13:59:00,1244.14,1244.14,1244.03,1244.03,-0.01,11.02,13702.91,-1
2026-08-12,2026-08-12 14:00:00,1244.03,1244.03,1243.91,1243.91,-0.01,11.02,13702.91,-1
2026-08-12,2026-08-12 14:01:00,1243.91,1243.91,1243.79,1243.79,-0.01,11.02,13702.91,-1
2026-08-12,2026-08-12 14:02:00,1243.79,1243.79,1243.67,1243.67,-0.01,11.02,13702.91,-1
2026-08-12,2026-08-12 14:03:00,1243.67,1243.67,1243.56,1243.56,-0.01,11.02,13702.91,-1
2026-08-12,2026-08-12 14:04:00,1243.56,1243.56,1243.44,1243.44,-0.01,11.02,13702.91,-1
2026-08-12,2026-08-12 14:05:00,1243.44,1243.44,1243.32,1243.32,-0.01,11.02,13702.91,-1
2026-08-12,2026-08-12 14:06:00,1243.32,1243.32,1243.21,1243.21,-0.01,11.02,13702.91,-1
2026-08-12,2026-08-12 14:07:00,1243.21,1243.21,1243.09,1243.09,-0.01,11.02,13702.91,-1
2026-08-12,2026-08-12 14:08:00,1243.09,1243.09,1242.97,1242.97,-0.01,11.02,13702.91,-1
2026-08-12,2026-08-12 14:09:00,1242.97,1242.97,1242.85,1242.85,-0.01,11.02,13702.91,-1
2026-08-12,2026-08-12 14:10:00,1242.85,1242.85,1242.74,1242.74,-0.01,11.02,13702.91,-1
2026-08-12,2026-08-12 14:11:00,1242.74,1242.74,1242.62,1242.62,-0.01,11.02,13702.91,-1
2026-08-12,2026-08-12 14:12:00,1242.62,1242.62,1242.5,1242.5,-0.01,11.02,13702.91,-1
2026-08-12,2026-08-12 14:13:00,1242.5,1242.5,1242.39,1242.39,-0.01,11.02,13702.91,-1
2026-08-12,2026-08-12 14:14:00,1242.39,1242.39,1242.27,1242.27,-0.01,11.02,13702.91,-1
2026-08-12,2026-08-12 14:15:00,1242.27,1242.27,1242.15,1242.15,-0.01,11.02,13702.91,-1
2026-08-12,2026-08-12 14:16:00,1242.15,1242.15,1242.03,1242.03,-0.01,11.02,13702.91,-1
2026-08-12,2026-08-12 14:17:00,1242.03,1242.03,1241.92,1241.92,-0.01,11.02,13702.91,-1
2026-08-12,2026-08-12 14:18:00,1241.92,1241.92,1241.8,1241.8,-0.01,11.02,13702.91,-1
2026-08-12,2026-08-12 14:19:00,1241.8,1241.8,1241.68,1241.68,-0.01,11.02,13702.91,-1
2026-08-12,2026-08-12 14:20:00,1241.68,1241.68,1241.57,1241.57,-0.01,11.02,13702.91,-1
2026-08-12,2026-08-12 14:21:00,1241.57,1241.57,1241.45,1241.45,-0.01,11.02,13702.91,-1
2026-08-12,2026-08-12 14:22:00,1241.45,1241.45,1241.33,1241.33,-0.01,11.02,13702.91,-1
2026-08-12,2026-08-12 14:23:00,1241.33,1241.33,1241.21,1241.21,-0.01,11.02,13702.91,-1
2026-08-12,2026-08-12 14:24:00,1241.21,1241.21,1241.1,1241.1,-0.01,11.02,13702.91,-1
2026-08-12,2026-08-12 14:25:00,1241.1,1241.1,1240.98,1240.98,-0.01,11.02,13702.91,-1
2026-08-12,2026-08-12 14:26:00,1240.98,1240.98,1240.86,1240.86,-0.01,11.02,13702.91,-1
2026-08-12,2026-08-12 14:27:00,1240.86,1240.86,1240.75,1240.75,-0.01,11.02,13702.91,-1
2026-08-12,2026-08-12 14:28:00,1240.75,1240.75,1240.63,1240.63,-0.01,11.02,13702.91,-1
2026-08-12,2026-08-12 14:29:00,1240.63,1240.63,1240.51,1240.51,-0.01,11.02,13702.91,-1
2026-08-12,2026-08-12 14:30:00,1240.51,1240.51,1240.4,1240.4,-0.01,11.02,13702.91,-1
2026-08-12,2026-08-12 14:31:00,1240.4,1240.4,1240.28,1240.28,-0.01,11.02,13702.91,-1
2026-08-12,2026-08-12 14:32:00,1240.28,1240.28,1240.16,1240.16,-0.01,11.02,13702.91,-1
2026-08-12,2026-08-12 14:33:00,1240.16,1240.16,1240.04,1240.04,-0.01,11.02,13702.91,-1
2026-08-12,2026-08-12 14:34:00,1240.04,1240.04,1239.93,1239.93,-0.01,11.02,13702.91,-1
2026-08-12,2026-08-12 14:35:00,1239.93,1239.93,1239.81,1239.81,-0.01,11.02,13702.91,-1
2026-08-12,2026-08-12 14:36:00,1239.81,1239.81,1239.69,1239.69,-0.01,11.02,13702.91,-1
2026-08-12,2026-08-12 14:37:00,1239.69,1239.69,1239.58,1239.58,-0.01,11.02,13702.91,-1
2026-08-12,2026-08-12 14:38:00,1239.58,1239.58,1239.46,1239.46,-0.01,11.02,13702.91,-1
2026-08-12,2026-08-12 14:39:00,1239.46,1239.46,1239.34,1239.34,-0.01,11.02,13702.91,-1
2026-08-12,2026-08-12 14:40:00,1239.34,1239.34,1239.22,1239.22,-0.01,11.02,13702.91,-1
2026-08-12,2026-08-12 14:41:00,1239.22,1239.22,1239.11,1239.11,-0.01,11.02,13702.91,-1
2026-08-12,2026-08-12 14:42:00,1239.11,1239.11,1238.99,1238.99,-0.01,11.02,13702.91,-1
2026-08-12,2026-08-12 14:43:00,1238.99,1238.99,1238.87,1238.87,-0.01,11.02,13702.91,-1
2026-08-12,2026-08-12 14:44:00,1238.87,1238.87,1238.76,1238.76,-0.01,11.02,13702.91,-1
2026-08-12,2026-08-12 14:45:00,1238.76,1238.76,1238.64,1238.64,-0.01,11.02,13702.91,-1
2026-08-12,2026-08-12 14:46:00,1238.64,1238.64,1238.52,1238.52,-0.01,11.02,13702.91,-1
2026-08-12,2026-08-12 14:47:00,1238.52,1238.52,1238.4,1238.4,-0.01,11.02,13702.91,-1
2026-08-12,2026-08-12 14:48:00,1238.4,1238.4,1238.29,1238.29,-0.01,11.02,13702.91,-1
2026-08-12,2026-08-12 14:49:00,1238.29,1238.29,1238.17,1238.17,-0.01,11.02,13702.91,-1
2026-08-12,2026-08-12 14:50:00,1238.17,1238.17,1238.05,1238.05,-0.01,11.02,13702.91,-1
2026-08-12,2026-08-12 14:51:00,1238.05,1238.05,1237.94,1237.94,-0.01,11.02,13702.91,-1
2026-08-12,2026-08-12 14:52:00,1237.94,1237.94,1237.82,1237.82,-0.01,11.02,13702.91,-1
2026-08-12,2026-08-12 14:53:00,1237.82,1237.82,1237.7,1237.7,-0.01,11.02,13702.91,-1
2026-08-12,2026-08-12 14:54:00,1237.7,1237.7,1237.59,1237.59,-0.01,11.02,13702.91,-1
2026-08-12,2026-08-12 14:55:00,1237.59,1237.59,1237.47,1237.47,-0.01,11.02,13702.91,-1
2026-08-12,2026-08-12 14:56:00,1237.47,1237.47,1237.35,1237.35,-0.01,11.02,13702.91,-1
2026-08-12,2026-08-12 14:57:00,1237.35,1237.35,1237.23,1237.23,-0.01,11.02,13702.91,-1
2026-08-12,2026-08-12 14:58:00,1237.23,1237.23,1237.12,1237.12,-0.01,11.02,13702.91,-1
2026-08-12,2026-08-12 14:59:00,1237.12,1237.12,1237.0,1237.0,-0.01,11.02,13702.91,-1
2026-08-12,2026-08-12 15:00:00,1237.0,1266.0,1221.1,1237.0,0.0,11.02,13702.91,0
2026-08-13,2026-08-13 11:00:00,1298.8,1305.16,1284.16,1298.81,0.0,23.28,29977.89,1
2026-08-13,2026-08-13 11:01:00,1298.81,1298.81,1298.81,1298.81,0.0,23.28,29977.89,0
2026-08-13,2026-08-13 11:02:00,1298.81,1298.82,1298.81,1298.82,0.0,23.28,29977.89,1
2026-08-13,2026-08-13 11:03:00,1298.82,1298.82,1298.82,1298.82,0.0,23.28,29977.89,0
2026-08-13,2026-08-13 11:04:00,1298.82,1298.83,1298.82,1298.83,0.0,23.28,29977.89,1
2026-08-13,2026-08-13 11:05:00,1298.83,1298.83,1298.83,1298.83,0.0,23.28,29977.89,0
2026-08-13,2026-08-13 11:06:00,1298.83,1298.84,1298.83,1298.84,0.0,23.28,29977.89,1
2026-08-13,2026-08-13 11:07:00,1298.84,1298.84,1298.84,1298.84,0.0,23.28,29977.89,0
2026-08-13,2026-08-13 11:08:00,1298.84,1298.85,1298.84,1298.85,0.0,23.28,29977.89,1
2026-08-13,2026-08-13 11:09:00,1298.85,1298.85,1298.85,1298.85,0.0,23.28,29977.89,0
2026-08-13,2026-08-13 11:10:00,1298.85,1298.86,1298.85,1298.86,0.0,23.28,29977.89,1
2026-08-13,2026-08-13 11:11:00,1298.86,1298.86,1298.86,1298.86,0.0,23.28,29977.89,0
2026-08-13,2026-08-13 11:12:00,1298.86,1298.87,1298.86,1298.87,0.0,23.28,29977.89,1
2026-08-13,2026-08-13 11:13:00,1298.87,1298.87,1298.87,1298.87,0.0,23.28,29977.89,0
2026-08-13,2026-08-13 11:14:00,1298.87,1298.88,1298.87,1298.88,0.0,23.28,29977.89,1
2026-08-13,2026-08-13 11:15:00,1298.88,1298.88,1298.88,1298.88,0.0,23.28,29977.89,0
2026-08-13,2026-08-13 11:16:00,1298.88,1298.88,1298.88,1298.88,0.0,23.28,29977.89,0
2026-08-13,2026-08-13 11:17:00,1298.88,1298.89,1298.88,1298.89,0.0,23.28,29977.89,1
2026-08-13,2026-08-13 11:18:00,1298.89,1298.89,1298.89,1298.89,0.0,23.28,29977.89,0
2026-08-13,2026-08-13 11:19:00,1298.89,1298.9,1298.89,1298.9,0.0,23.28,29977.89,1
2026-08-13,2026-08-13 11:20:00,1298.9,1298.9,1298.9,1298.9,0.0,23.28,29977.89,0
2026-08-13,2026-08-13 11:21:00,1298.9,1298.91,1298.9,1298.91,0.0,23.28,29977.89,1
2026-08-13,2026-08-13 11:22:00,1298.91,1298.91,1298.91,1298.91,0.0,23.28,29977.89,0
2026-08-13,2026-08-13 11:23:00,1298.91,1298.92,1298.91,1298.92,0.0,23.28,29977.89,1
2026-08-13,2026-08-13 11:24:00,1298.92,1298.92,1298.92,1298.92,0.0,23.28,29977.89,0
2026-08-13,2026-08-13 11:25:00,1298.92,1298.93,1298.92,1298.93,0.0,23.28,29977.89,1
2026-08-13,2026-08-13 11:26:00,1298.93,1298.93,1298.93,1298.93,0.0,23.28,29977.89,0
2026-08-13,2026-08-13 11:27:00,1298.93,1298.94,1298.93,1298.94,0.0,23.28,29977.89,1
2026-08-13,2026-08-13 11:28:00,1298.94,1298.94,1298.94,1298.94,0.0,23.28,29977.89,0
2026-08-13,2026-08-13 11:29:00,1298.94,1298.95,1298.94,1298.95,0.0,23.28,29977.89,1
2026-08-13,2026-08-13 11:30:00,1298.95,1298.95,1298.95,1298.95,0.0,23.28,29977.89,0
2026-08-13,2026-08-13 11:31:00,1298.95,1298.96,1298.95,1298.96,0.0,23.28,29977.89,1
2026-08-13,2026-08-13 11:32:00,1298.96,1298.96,1298.96,1298.96,0.0,23.28,29977.89,0
2026-08-13,2026-08-13 11:33:00,1298.96,1298.97,1298.96,1298.97,0.0,23.28,29977.89,1
2026-08-13,2026-08-13 11:34:00,1298.97,1298.97,1298.97,1298.97,0.0,23.28,29977.89,0
2026-08-13,2026-08-13 11:35:00,1298.97,1298.98,1298.97,1298.98,0.0,23.28,29977.89,1
2026-08-13,2026-08-13 11:36:00,1298.98,1298.98,1298.98,1298.98,0.0,23.28,29977.89,0
2026-08-13,2026-08-13 11:37:00,1298.98,1298.99,1298.98,1298.99,0.0,23.28,29977.89,1
2026-08-13,2026-08-13 11:38:00,1298.99,1298.99,1298.99,1298.99,0.0,23.28,29977.89,0
2026-08-13,2026-08-13 11:39:00,1298.99,1299.0,1298.99,1299.0,0.0,23.28,29977.89,1
2026-08-13,2026-08-13 11:40:00,1299.0,1299.0,1299.0,1299.0,0.0,23.28,29977.89,0
2026-08-13,2026-08-13 11:41:00,1299.0,1299.01,1299.0,1299.01,0.0,23.28,29977.89,1
2026-08-13,2026-08-13 11:42:00,1299.01,1299.01,1299.01,1299.01,0.0,23.28,29977.89,0
2026-08-13,2026-08-13 11:43:00,1299.01,1299.02,1299.01,1299.02,0.0,23.28,29977.89,1
2026-08-13,2026-08-13 11:44:00,1299.02,1299.02,1299.02,1299.02,0.0,23.28,29977.89,0
2026-08-13,2026-08-13 11:45:00,1299.02,1299.03,1299.02,1299.03,0.0,23.28,29977.89,1
2026-08-13,2026-08-13 11:46:00,1299.03,1299.03,1299.03,1299.03,0.0,23.28,29977.89,0
2026-08-13,2026-08-13 11:47:00,1299.03,1299.04,1299.03,1299.04,0.0,23.28,29977.89,1
2026-08-13,2026-08-13 11:48:00,1299.04,1299.05,1299.04,1299.05,0.0,23.28,29977.89,1
2026-08-13,2026-08-13 11:49:00,1299.05,1299.05,1299.05,1299.05,0.0,23.28,29977.89,0
2026-08-13,2026-08-13 11:50:00,1299.05,1299.06,1299.05,1299.06,0.0,23.28,29977.89,1
2026-08-13,2026-08-13 11:51:00,1299.06,1299.06,1299.06,1299.06,0.0,23.28,29977.89,0
2026-08-13,2026-08-13 11:52:00,1299.06,1299.07,1299.06,1299.07,0.0,23.28,29977.89,1
2026-08-13,2026-08-13 11:53:00,1299.07,1299.07,1299.07,1299.07,0.0,23.28,29977.89,0
2026-08-13,2026-08-13 11:54:00,1299.07,1299.08,1299.07,1299.08,0.0,23.28,29977.89,1
2026-08-13,2026-08-13 11:55:00,1299.08,1299.08,1299.08,1299.08,0.0,23.28,29977.89,0
2026-08-13,2026-08-13 11:56:00,1299.08,1299.09,1299.08,1299.09,0.0,23.28,29977.89,1
2026-08-13,2026-08-13 11:57:00,1299.09,1299.09,1299.09,1299.09,0.0,23.28,29977.89,0
2026-08-13,2026-08-13 11:58:00,1299.09,1299.1,1299.09,1299.1,0.0,23.28,29977.89,1
2026-08-13,2026-08-13 11:59:00,1299.1,1299.1,1299.1,1299.1,0.0,23.28,29977.89,0
2026-08-13,2026-08-13 12:00:00,1299.1,1299.11,1299.1,1299.11,0.0,23.28,29977.89,1
2026-08-13,2026-08-13 12:01:00,1299.11,1299.11,1299.11,1299.11,0.0,23.28,29977.89,0
2026-08-13,2026-08-13 12:02:00,1299.11,1299.12,1299.11,1299.12,0.0,23.28,29977.89,1
2026-08-13,2026-08-13 12:03:00,1299.12,1299.12,1299.12,1299.12,0.0,23.28,29977.89,0
2026-08-13,2026-08-13 12:04:00,1299.12,1299.12,1299.12,1299.12,0.0,23.28,29977.89,0
2026-08-13,2026-08-13 12:05:00,1299.12,1299.13,1299.12,1299.13,0.0,23.28,29977.89,1
2026-08-13,2026-08-13 12:06:00,1299.13,1299.13,1299.13,1299.13,0.0,23.28,29977.89,0
2026-08-13,2026-08-13 12:07:00,1299.13,1299.14,1299.13,1299.14,0.0,23.28,29977.89,1
2026-08-13,2026-08-13 12:08:00,1299.14,1299.14,1299.14,1299.14,0.0,23.28,29977.89,0
2026-08-13,2026-08-13 12:09:00,1299.14,1299.15,1299.14,1299.15,0.0,23.28,29977.89,1
2026-08-13,2026-08-13 12:10:00,1299.15,1299.15,1299.15,1299.15,0.0,23.28,29977.89,0
2026-08-13,2026-08-13 12:11:00,1299.15,1299.16,1299.15,1299.16,0.0,23.28,29977.89,1
2026-08-13,2026-08-13 12:12:00,1299.16,1299.16,1299.16,1299.16,0.0,23.28,29977.89,0
2026-08-13,2026-08-13 12:13:00,1299.16,1299.17,1299.16,1299.17,0.0,23.28,29977.89,1
2026-08-13,2026-08-13 12:14:00,1299.17,1299.17,1299.17,1299.17,0.0,23.28,29977.89,0
2026-08-13,2026-08-13 12:15:00,1299.17,1299.18,1299.17,1299.18,0.0,23.28,29977.89,1
2026-08-13,2026-08-13 12:16:00,1299.18,1299.18,1299.18,1299.18,0.0,23.28,29977.89,0
2026-08-13,2026-08-13 12:17:00,1299.18,1299.19,1299.18,1299.19,0.0,23.28,29977.89,1
2026-08-13,2026-08-13 12:18:00,1299.19,1299.19,1299.19,1299.19,0.0,23.28,29977.89,0
2026-08-13,2026-08-13 12:19:00,1299.19,1299.2,1299.19,1299.2,0.0,23.28,29977.89,1
2026-08-13,2026-08-13 12:20:00,1299.2,1299.2,1299.2,1299.2,0.0,23.28,29977.89,0
2026-08-13,2026-08-13 12:21:00,1299.2,1299.21,1299.2,1299.21,0.0,23.28,29977.89,1
2026-08-13,2026-08-13 12:22:00,1299.21,1299.21,1299.21,1299.21,0.0,23.28,29977.89,0
2026-08-13,2026-08-13 12:23:00,1299.21,1299.22,1299.21,1299.22,0.0,23.28,29977.89,1
2026-08-13,2026-08-13 12:24:00,1299.22,1299.22,1299.22,1299.22,0.0,23.28,29977.89,0
2026-08-13,2026-08-13 12:25:00,1299.22,1299.23,1299.22,1299.23,0.0,23.28,29977.89,1
2026-08-13,2026-08-13 12:26:00,1299.23,1299.23,1299.23,1299.23,0.0,23.28,29977.89,0
2026-08-13,2026-08-13 12:27:00,1299.23,1299.24,1299.23,1299.24,0.0,23.28,29977.89,1
2026-08-13,2026-08-13 12:28:00,1299.24,1299.24,1299.24,1299.24,0.0,23.28,29977.89,0
2026-08-13,2026-08-13 12:29:00,1299.24,1299.25,1299.24,1299.25,0.0,23.28,29977.89,1
2026-08-13,2026-08-13 12:30:00,1299.25,1299.25,1299.25,1299.25,0.0,23.28,29977.89,0
2026-08-13,2026-08-13 12:31:00,1299.25,1299.26,1299.25,1299.26,0.0,23.28,29977.89,1
2026-08-13,2026-08-13 12:32:00,1299.26,1299.26,1299.26,1299.26,0.0,23.28,29977.89,0
2026-08-13,2026-08-13 12:33:00,1299.26,1299.27,1299.26,1299.27,0.0,23.28,29977.89,1
2026-08-13,2026-08-13 12:34:00,1299.27,1299.27,1299.27,1299.27,0.0,23.28,29977.89,0
2026-08-13,2026-08-13 12:35:00,1299.27,1299.28,1299.27,1299.28,0.0,23.28,29977.89,1
2026-08-13,2026-08-13 12:36:00,1299.28,1299.29,1299.28,1299.29,0.0,23.28,29977.89,1
2026-08-13,2026-08-13 12:37:00,1299.29,1299.29,1299.29,1299.29,0.0,23.28,29977.89,0
2026-08-13,2026-08-13 12:38:00,1299.29,1299.3,1299.29,1299.3,0.0,23.28,29977.89,1
2026-08-13,2026-08-13 12:39:00,1299.3,1299.3,1299.3,1299.3,0.0,23.28,29977.89,0
2026-08-13,2026-08-13 12:40:00,1299.3,1299.31,1299.3,1299.31,0.0,23.28,29977.89,1
2026-08-13,2026-08-13 12:41:00,1299.31,1299.31,1299.31,1299.31,0.0,23.28,29977.89,0
2026-08-13,2026-08-13 12:42:00,1299.31,1299.32,1299.31,1299.32,0.0,23.28,29977.89,1
2026-08-13,2026-08-13 12:43:00,1299.32,1299.32,1299.32,1299.32,0.0,23.28,29977.89,0
2026-08-13,2026-08-13 12:44:00,1299.32,1299.33,1299.32,1299.33,0.0,23.28,29977.89,1
2026-08-13,2026-08-13 12:45:00,1299.33,1299.33,1299.33,1299.33,0.0,23.28,29977.89,0
2026-08-13,2026-08-13 12:46:00,1299.33,1299.34,1299.33,1299.34,0.0,23.28,29977.89,1
2026-08-13,2026-08-13 12:47:00,1299.34,1299.34,1299.34,1299.34,0.0,23.28,29977.89,0
2026-08-13,2026-08-13 12:48:00,1299.34,1299.35,1299.34,1299.35,0.0,23.28,29977.89,1
2026-08-13,2026-08-13 12:49:00,1299.35,1299.35,1299.35,1299.35,0.0,23.28,29977.89,0
2026-08-13,2026-08-13 12:50:00,1299.35,1299.36,1299.35,1299.36,0.0,23.28,29977.89,1
2026-08-13,2026-08-13 12:51:00,1299.36,1299.36,1299.36,1299.36,0.0,23.28,29977.89,0
2026-08-13,2026-08-13 12:52:00,1299.36,1299.37,1299.36,1299.37,0.0,23.28,29977.89,1
2026-08-13,2026-08-13 12:53:00,1299.37,1299.37,1299.37,1299.37,0.0,23.28,29977.89,0
2026-08-13,2026-08-13 12:54:00,1299.37,1299.38,1299.37,1299.38,0.0,23.28,29977.89,1
2026-08-13,2026-08-13 12:55:00,1299.38,1299.38,1299.38,1299.38,0.0,23.28,29977.89,0
2026-08-13,2026-08-13 12:56:00,1299.38,1299.38,1299.38,1299.38,0.0,23.28,29977.89,0
2026-08-13,2026-08-13 12:57:00,1299.38,1299.39,1299.38,1299.39,0.0,23.28,29977.89,1
2026-08-13,2026-08-13 12:58:00,1299.39,1299.39,1299.39,1299.39,0.0,23.28,29977.89,0
2026-08-13,2026-08-13 12:59:00,1299.39,1299.4,1299.39,1299.4,0.0,23.28,29977.89,1
2026-08-13,2026-08-13 13:00:00,1299.4,1320.0,1250.0,1299.4,0.0,23.28,29977.89,0
2026-08-13,2026-08-13 13:01:00,1299.4,1299.41,1299.4,1299.41,0.0,23.28,29977.89,1
2026-08-13,2026-08-13 13:02:00,1299.41,1299.41,1299.41,1299.41,0.0,23.28,29977.89,0
2026-08-13,2026-08-13 13:03:00,1299.41,1299.42,1299.41,1299.42,0.0,23.28,29977.89,1
2026-08-13,2026-08-13 13:04:00,1299.42,1299.42,1299.42,1299.42,0.0,23.28,29977.89,0
2026-08-13,2026-08-13 13:05:00,1299.42,1299.43,1299.42,1299.43,0.0,23.28,29977.89,1
2026-08-13,2026-08-13 13:06:00,1299.43,1299.43,1299.43,1299.43,0.0,23.28,29977.89,0
2026-08-13,2026-08-13 13:07:00,1299.43,1299.44,1299.43,1299.44,0.0,23.28,29977.89,1
2026-08-13,2026-08-13 13:08:00,1299.44,1299.44,1299.44,1299.44,0.0,23.28,29977.89,0
2026-08-13,2026-08-13 13:09:00,1299.44,1299.45,1299.44,1299.45,0.0,23.28,29977.89,1
2026-08-13,2026-08-13 13:10:00,1299.45,1299.45,1299.45,1299.45,0.0,23.28,29977.89,0
2026-08-13,2026-08-13 13:11:00,1299.45,1299.46,1299.45,1299.46,0.0,23.28,29977.89,1
2026-08-13,2026-08-13 13:12:00,1299.46,1299.46,1299.46,1299.46,0.0,23.28,29977.89,0
2026-08-13,2026-08-13 13:13:00,1299.46,1299.47,1299.46,1299.47,0.0,23.28,29977.89,1
2026-08-13,2026-08-13 13:14:00,1299.47,1299.47,1299.47,1299.47,0.0,23.28,29977.89,0
2026-08-13,2026-08-13 13:15:00,1299.47,1299.48,1299.47,1299.48,0.0,23.28,29977.89,1
2026-08-13,2026-08-13 13:16:00,1299.48,1299.48,1299.48,1299.48,0.0,23.28,29977.89,0
2026-08-13,2026-08-13 13:17:00,1299.48,1299.49,1299.48,1299.49,0.0,23.28,29977.89,1
2026-08-13,2026-08-13 13:18:00,1299.49,1299.49,1299.49,1299.49,0.0,23.28,29977.89,0
2026-08-13,2026-08-13 13:19:00,1299.49,1299.5,1299.49,1299.5,0.0,23.28,29977.89,1
2026-08-13,2026-08-13 13:20:00,1299.5,1299.5,1299.5,1299.5,0.0,23.28,29977.89,0
2026-08-13,2026-08-13 13:21:00,1299.5,1299.51,1299.5,1299.51,0.0,23.28,29977.89,1
2026-08-13,2026-08-13 13:22:00,1299.51,1299.51,1299.51,1299.51,0.0,23.28,29977.89,0
2026-08-13,2026-08-13 13:23:00,1299.51,1299.52,1299.51,1299.52,0.0,23.28,29977.89,1
2026-08-13,2026-08-13 13:24:00,1299.52,1299.53,1299.52,1299.53,0.0,23.28,29977.89,1
2026-08-13,2026-08-13 13:25:00,1299.53,1299.53,1299.53,1299.53,0.0,23.28,29977.89,0
2026-08-13,2026-08-13 13:26:00,1299.53,1299.54,1299.53,1299.54,0.0,23.28,29977.89,1
2026-08-13,2026-08-13 13:27:00,1299.54,1299.54,1299.54,1299.54,0.0,23.28,29977.89,0
2026-08-13,2026-08-13 13:28:00,1299.54,1299.55,1299.54,1299.55,0.0,23.28,29977.89,1
2026-08-13,2026-08-13 13:29:00,1299.55,1299.55,1299.55,1299.55,0.0,23.28,29977.89,0
2026-08-13,2026-08-13 13:30:00,1299.55,1299.56,1299.55,1299.56,0.0,23.28,29977.89,1
2026-08-13,2026-08-13 13:31:00,1299.56,1299.56,1299.56,1299.56,0.0,23.28,29977.89,0
2026-08-13,2026-08-13 13:32:00,1299.56,1299.57,1299.56,1299.57,0.0,23.28,29977.89,1
2026-08-13,2026-08-13 13:33:00,1299.57,1299.57,1299.57,1299.57,0.0,23.28,29977.89,0
2026-08-13,2026-08-13 13:34:00,1299.57,1299.58,1299.57,1299.58,0.0,23.28,29977.89,1
2026-08-13,2026-08-13 13:35:00,1299.58,1299.58,1299.58,1299.58,0.0,23.28,29977.89,0
2026-08-13,2026-08-13 13:36:00,1299.58,1299.59,1299.58,1299.59,0.0,23.28,29977.89,1
2026-08-13,2026-08-13 13:37:00,1299.59,1299.59,1299.59,1299.59,0.0,23.28,29977.89,0
2026-08-13,2026-08-13 13:38:00,1299.59,1299.6,1299.59,1299.6,0.0,23.28,29977.89,1
2026-08-13,2026-08-13 13:39:00,1299.6,1299.6,1299.6,1299.6,0.0,23.28,29977.89,0
2026-08-13,2026-08-13 13:40:00,1299.6,1299.61,1299.6,1299.61,0.0,23.28,29977.89,1
2026-08-13,2026-08-13 13:41:00,1299.61,1299.61,1299.61,1299.61,0.0,23.28,29977.89,0
2026-08-13,2026-08-13 13:42:00,1299.61,1299.62,1299.61,1299.62,0.0,23.28,29977.89,1
2026-08-13,2026-08-13 13:43:00,1299.62,1299.62,1299.62,1299.62,0.0,23.28,29977.89,0
2026-08-13,2026-08-13 13:44:00,1299.62,1299.62,1299.62,1299.62,0.0,23.28,29977.89,0
2026-08-13,2026-08-13 13:45:00,1299.62,1299.63,1299.62,1299.63,0.0,23.28,29977.89,1
2026-08-13,2026-08-13 13:46:00,1299.63,1299.63,1299.63,1299.63,0.0,23.28,29977.89,0
2026-08-13,2026-08-13 13:47:00,1299.63,1299.64,1299.63,1299.64,0.0,23.28,29977.89,1
2026-08-13,2026-08-13 13:48:00,1299.64,1299.64,1299.64,1299.64,0.0,23.28,29977.89,0
2026-08-13,2026-08-13 13:49:00,1299.64,1299.65,1299.64,1299.65,0.0,23.28,29977.89,1
2026-08-13,2026-08-13 13:50:00,1299.65,1299.65,1299.65,1299.65,0.0,23.28,29977.89,0
2026-08-13,2026-08-13 13:51:00,1299.65,1299.66,1299.65,1299.66,0.0,23.28,29977.89,1
2026-08-13,2026-08-13 13:52:00,1299.66,1299.66,1299.66,1299.66,0.0,23.28,29977.89,0
2026-08-13,2026-08-13 13:53:00,1299.66,1299.67,1299.66,1299.67,0.0,23.28,29977.89,1
2026-08-13,2026-08-13 13:54:00,1299.67,1299.67,1299.67,1299.67,0.0,23.28,29977.89,0
2026-08-13,2026-08-13 13:55:00,1299.67,1299.68,1299.67,1299.68,0.0,23.28,29977.89,1
2026-08-13,2026-08-13 13:56:00,1299.68,1299.68,1299.68,1299.68,0.0,23.28,29977.89,0
2026-08-13,2026-08-13 13:57:00,1299.68,1299.69,1299.68,1299.69,0.0,23.28,29977.89,1
2026-08-13,2026-08-13 13:58:00,1299.69,1299.69,1299.69,1299.69,0.0,23.28,29977.89,0
2026-08-13,2026-08-13 13:59:00,1299.69,1299.7,1299.69,1299.7,0.0,23.28,29977.89,1
2026-08-13,2026-08-13 14:00:00,1299.7,1299.7,1299.7,1299.7,0.0,23.28,29977.89,0
2026-08-13,2026-08-13 14:01:00,1299.7,1299.71,1299.7,1299.71,0.0,23.28,29977.89,1
2026-08-13,2026-08-13 14:02:00,1299.71,1299.71,1299.71,1299.71,0.0,23.28,29977.89,0
2026-08-13,2026-08-13 14:03:00,1299.71,1299.72,1299.71,1299.72,0.0,23.28,29977.89,1
2026-08-13,2026-08-13 14:04:00,1299.72,1299.72,1299.72,1299.72,0.0,23.28,29977.89,0
2026-08-13,2026-08-13 14:05:00,1299.72,1299.73,1299.72,1299.73,0.0,23.28,29977.89,1
2026-08-13,2026-08-13 14:06:00,1299.73,1299.73,1299.73,1299.73,0.0,23.28,29977.89,0
2026-08-13,2026-08-13 14:07:00,1299.73,1299.74,1299.73,1299.74,0.0,23.28,29977.89,1
2026-08-13,2026-08-13 14:08:00,1299.74,1299.74,1299.74,1299.74,0.0,23.28,29977.89,0
2026-08-13,2026-08-13 14:09:00,1299.74,1299.75,1299.74,1299.75,0.0,23.28,29977.89,1
2026-08-13,2026-08-13 14:10:00,1299.75,1299.75,1299.75,1299.75,0.0,23.28,29977.89,0
2026-08-13,2026-08-13 14:11:00,1299.75,1299.76,1299.75,1299.76,0.0,23.28,29977.89,1
2026-08-13,2026-08-13 14:12:00,1299.76,1299.77,1299.76,1299.77,0.0,23.28,29977.89,1
2026-08-13,2026-08-13 14:13:00,1299.77,1299.77,1299.77,1299.77,0.0,23.28,29977.89,0
2026-08-13,2026-08-13 14:14:00,1299.77,1299.78,1299.77,1299.78,0.0,23.28,29977.89,1
2026-08-13,2026-08-13 14:15:00,1299.78,1299.78,1299.78,1299.78,0.0,23.28,29977.89,0
2026-08-13,2026-08-13 14:16:00,1299.78,1299.79,1299.78,1299.79,0.0,23.28,29977.89,1
2026-08-13,2026-08-13 14:17:00,1299.79,1299.79,1299.79,1299.79,0.0,23.28,29977.89,0
2026-08-13,2026-08-13 14:18:00,1299.79,1299.8,1299.79,1299.8,0.0,23.28,29977.89,1
2026-08-13,2026-08-13 14:19:00,1299.8,1299.8,1299.8,1299.8,0.0,23.28,29977.89,0
2026-08-13,2026-08-13 14:20:00,1299.8,1299.81,1299.8,1299.81,0.0,23.28,29977.89,1
2026-08-13,2026-08-13 14:21:00,1299.81,1299.81,1299.81,1299.81,0.0,23.28,29977.89,0
2026-08-13,2026-08-13 14:22:00,1299.81,1299.82,1299.81,1299.82,0.0,23.28,29977.89,1
2026-08-13,2026-08-13 14:23:00,1299.82,1299.82,1299.82,1299.82,0.0,23.28,29977.89,0
2026-08-13,2026-08-13 14:24:00,1299.82,1299.83,1299.82,1299.83,0.0,23.28,29977.89,1
2026-08-13,2026-08-13 14:25:00,1299.83,1299.83,1299.83,1299.83,0.0,23.28,29977.89,0
2026-08-13,2026-08-13 14:26:00,1299.83,1299.84,1299.83,1299.84,0.0,23.28,29977.89,1
2026-08-13,2026-08-13 14:27:00,1299.84,1299.84,1299.84,1299.84,0.0,23.28,29977.89,0
2026-08-13,2026-08-13 14:28:00,1299.84,1299.85,1299.84,1299.85,0.0,23.28,29977.89,1
2026-08-13,2026-08-13 14:29:00,1299.85,1299.85,1299.85,1299.85,0.0,23.28,29977.89,0
2026-08-13,2026-08-13 14:30:00,1299.85,1299.86,1299.85,1299.86,0.0,23.28,29977.89,1
2026-08-13,2026-08-13 14:31:00,1299.86,1299.86,1299.86,1299.86,0.0,23.28,29977.89,0
2026-08-13,2026-08-13 14:32:00,1299.86,1299.87,1299.86,1299.87,0.0,23.28,29977.89,1
2026-08-13,2026-08-13 14:33:00,1299.87,1299.87,1299.87,1299.87,0.0,23.28,29977.89,0
2026-08-13,2026-08-13 14:34:00,1299.87,1299.88,1299.87,1299.88,0.0,23.28,29977.89,1
2026-08-13,2026-08-13 14:35:00,1299.88,1299.88,1299.88,1299.88,0.0,23.28,29977.89,0
2026-08-13,2026-08-13 14:36:00,1299.88,1299.88,1299.88,1299.88,0.0,23.28,29977.89,0
2026-08-13,2026-08-13 14:37:00,1299.88,1299.89,1299.88,1299.89,0.0,23.28,29977.89,1
2026-08-13,2026-08-13 14:38:00,1299.89,1299.89,1299.89,1299.89,0.0,23.28,29977.89,0
2026-08-13,2026-08-13 14:39:00,1299.89,1299.9,1299.89,1299.9,0.0,23.28,29977.89,1
2026-08-13,2026-08-13 14:40:00,1299.9,1299.9,1299.9,1299.9,0.0,23.28,29977.89,0
2026-08-13,2026-08-13 14:41:00,1299.9,1299.91,1299.9,1299.91,0.0,23.28,29977.89,1
2026-08-13,2026-08-13 14:42:00,1299.91,1299.91,1299.91,1299.91,0.0,23.28,29977.89,0
2026-08-13,2026-08-13 14:43:00,1299.91,1299.92,1299.91,1299.92,0.0,23.28,29977.89,1
2026-08-13,2026-08-13 14:44:00,1299.92,1299.92,1299.92,1299.92,0.0,23.28,29977.89,0
2026-08-13,2026-08-13 14:45:00,1299.92,1299.93,1299.92,1299.93,0.0,23.28,29977.89,1
2026-08-13,2026-08-13 14:46:00,1299.93,1299.93,1299.93,1299.93,0.0,23.28,29977.89,0
2026-08-13,2026-08-13 14:47:00,1299.93,1299.94,1299.93,1299.94,0.0,23.28,29977.89,1
2026-08-13,2026-08-13 14:48:00,1299.94,1299.94,1299.94,1299.94,0.0,23.28,29977.89,0
2026-08-13,2026-08-13 14:49:00,1299.94,1299.95,1299.94,1299.95,0.0,23.28,29977.89,1
2026-08-13,2026-08-13 14:50:00,1299.95,1299.95,1299.95,1299.95,0.0,23.28,29977.89,0
2026-08-13,2026-08-13 14:51:00,1299.95,1299.96,1299.95,1299.96,0.0,23.28,29977.89,1
2026-08-13,2026-08-13 14:52:00,1299.96,1299.96,1299.96,1299.96,0.0,23.28,29977.89,0
2026-08-13,2026-08-13 14:53:00,1299.96,1299.97,1299.96,1299.97,0.0,23.28,29977.89,1
2026-08-13,2026-08-13 14:54:00,1299.97,1299.97,1299.97,1299.97,0.0,23.28,29977.89,0
2026-08-13,2026-08-13 14:55:00,1299.97,1299.98,1299.97,1299.98,0.0,23.28,29977.89,1
2026-08-13,2026-08-13 14:56:00,1299.98,1299.98,1299.98,1299.98,0.0,23.28,29977.89,0
2026-08-13,2026-08-13 14:57:00,1299.98,1299.99,1299.98,1299.99,0.0,23.28,29977.89,1
2026-08-13,2026-08-13 14:58:00,1299.99,1299.99,1299.99,1299.99,0.0,23.28,29977.89,0
2026-08-13,2026-08-13 14:59:00,1299.99,1300.0,1299.99,1300.0,0.0,23.28,29977.89,1
2026-08-13,2026-08-13 15:00:00,1300.0,1320.0,1250.0,1300.0,0.0,23.28,29977.89,0
2026-08-14,2026-08-14 11:00:00,1235.0,1280.6,1235.0,1235.5,0.04,36.9,49974.53,1
2026-08-14,2026-08-14 11:01:00,1235.5,1236.0,1235.5,1236.0,0.04,36.9,49974.53,1
2026-08-14,2026-08-14 11:02:00,1236.0,1236.5,1236.0,1236.5,0.04,36.9,49974.53,1
2026-08-14,2026-08-14 11:03:00,1236.5,1237.0,1236.5,1237.0,0.04,36.9,49974.53,1
2026-08-14,2026-08-14 11:04:00,1237.0,1237.5,1237.0,1237.5,0.04,36.9,49974.53,1
2026-08-14,2026-08-14 11:05:00,1237.5,1238.0,1237.5,1238.0,0.04,36.9,49974.53,1
2026-08-14,2026-08-14 11:06:00,1238.0,1238.5,1238.0,1238.5,0.04,36.9,49974.53,1
2026-08-14,2026-08-14 11:07:00,1238.5,1239.0,1238.5,1239.0,0.04,36.9,49974.53,1
2026-08-14,2026-08-14 11:08:00,1239.0,1239.5,1239.0,1239.5,0.04,36.9,49974.53,1
2026-08-14,2026-08-14 11:09:00,1239.5,1240.0,1239.5,1240.0,0.04,36.9,49974.53,1
2026-08-14,2026-08-14 11:10:00,1240.0,1240.5,1240.0,1240.5,0.04,36.9,49974.53,1
2026-08-14,2026-08-14 11:11:00,1240.5,1241.0,1240.5,1241.0,0.04,36.9,49974.53,1
2026-08-14,2026-08-14 11:12:00,1241.0,1241.5,1241.0,1241.5,0.04,36.9,49974.53,1
2026-08-14,2026-08-14 11:13:00,1241.5,1242.0,1241.5,1242.0,0.04,36.9,49974.53,1
2026-08-14,2026-08-14 11:14:00,1242.0,1242.5,1242.0,1242.5,0.04,36.9,49974.53,1
2026-08-14,2026-08-14 11:15:00,1242.5,1243.0,1242.5,1243.0,0.04,36.9,49974.53,1
2026-08-14,2026-08-14 11:16:00,1243.0,1243.5,1243.0,1243.5,0.04,36.9,49974.53,1
2026-08-14,2026-08-14 11:17:00,1243.5,1244.0,1243.5,1244.0,0.04,36.9,49974.53,1
2026-08-14,2026-08-14 11:18:00,1244.0,1244.5,1244.0,1244.5,0.04,36.9,49974.53,1
2026-08-14,2026-08-14 11:19:00,1244.5,1245.0,1244.5,1245.0,0.04,36.9,49974.53,1
2026-08-14,2026-08-14 11:20:00,1245.0,1245.5,1245.0,1245.5,0.04,36.9,49974.53,1
2026-08-14,2026-08-14 11:21:00,1245.5,1246.0,1245.5,1246.0,0.04,36.9,49974.53,1
2026-08-14,2026-08-14 11:22:00,1246.0,1246.5,1246.0,1246.5,0.04,36.9,49974.53,1
2026-08-14,2026-08-14 11:23:00,1246.5,1247.0,1246.5,1247.0,0.04,36.9,49974.53,1
2026-08-14,2026-08-14 11:24:00,1247.0,1247.5,1247.0,1247.5,0.04,36.9,49974.53,1
2026-08-14,2026-08-14 11:25:00,1247.5,1248.0,1247.5,1248.0,0.04,36.9,49974.53,1
2026-08-14,2026-08-14 11:26:00,1248.0,1248.5,1248.0,1248.5,0.04,36.9,49974.53,1
2026-08-14,2026-08-14 11:27:00,1248.5,1249.0,1248.5,1249.0,0.04,36.9,49974.53,1
2026-08-14,2026-08-14 11:28:00,1249.0,1249.5,1249.0,1249.5,0.04,36.9,49974.53,1
2026-08-14,2026-08-14 11:29:00,1249.5,1250.0,1249.5,1250.0,0.04,36.9,49974.53,1
2026-08-14,2026-08-14 11:30:00,1250.0,1250.5,1250.0,1250.5,0.04,36.9,49974.53,1
2026-08-14,2026-08-14 11:31:00,1250.5,1251.0,1250.5,1251.0,0.04,36.9,49974.53,1
2026-08-14,2026-08-14 11:32:00,1251.0,1251.5,1251.0,1251.5,0.04,36.9,49974.53,1
2026-08-14,2026-08-14 11:33:00,1251.5,1252.0,1251.5,1252.0,0.04,36.9,49974.53,1
2026-08-14,2026-08-14 11:34:00,1252.0,1252.5,1252.0,1252.5,0.04,36.9,49974.53,1
2026-08-14,2026-08-14 11:35:00,1252.5,1253.0,1252.5,1253.0,0.04,36.9,49974.53,1
2026-08-14,2026-08-14 11:36:00,1253.0,1253.5,1253.0,1253.5,0.04,36.9,49974.53,1
2026-08-14,2026-08-14 11:37:00,1253.5,1254.0,1253.5,1254.0,0.04,36.9,49974.53,1
2026-08-14,2026-08-14 11:38:00,1254.0,1254.5,1254.0,1254.5,0.04,36.9,49974.53,1
2026-08-14,2026-08-14 11:39:00,1254.5,1255.0,1254.5,1255.0,0.04,36.9,49974.53,1
2026-08-14,2026-08-14 11:40:00,1255.0,1255.5,1255.0,1255.5,0.04,36.9,49974.53,1
2026-08-14,2026-08-14 11:41:00,1255.5,1256.0,1255.5,1256.0,0.04,36.9,49974.53,1
2026-08-14,2026-08-14 11:42:00,1256.0,1256.5,1256.0,1256.5,0.04,36.9,49974.53,1
2026-08-14,2026-08-14 11:43:00,1256.5,1257.0,1256.5,1257.0,0.04,36.9,49974.53,1
2026-08-14,2026-08-14 11:44:00,1257.0,1257.5,1257.0,1257.5,0.04,36.9,49974.53,1
2026-08-14,2026-08-14 11:45:00,1257.5,1258.0,1257.5,1258.0,0.04,36.9,49974.53,1
2026-08-14,2026-08-14 11:46:00,1258.0,1258.5,1258.0,1258.5,0.04,36.9,49974.53,1
2026-08-14,2026-08-14 11:47:00,1258.5,1259.0,1258.5,1259.0,0.04,36.9,49974.53,1
2026-08-14,2026-08-14 11:48:00,1259.0,1259.5,1259.0,1259.5,0.04,36.9,49974.53,1
2026-08-14,2026-08-14 11:49:00,1259.5,1260.0,1259.5,1260.0,0.04,36.9,49974.53,1
2026-08-14,2026-08-14 11:50:00,1260.0,1260.5,1260.0,1260.5,0.04,36.9,49974.53,1
2026-08-14,2026-08-14 11:51:00,1260.5,1261.0,1260.5,1261.0,0.04,36.9,49974.53,1
2026-08-14,2026-08-14 11:52:00,1261.0,1261.5,1261.0,1261.5,0.04,36.9,49974.53,1
2026-08-14,2026-08-14 11:53:00,1261.5,1262.0,1261.5,1262.0,0.04,36.9,49974.53,1
2026-08-14,2026-08-14 11:54:00,1262.0,1262.5,1262.0,1262.5,0.04,36.9,49974.53,1
2026-08-14,2026-08-14 11:55:00,1262.5,1263.0,1262.5,1263.0,0.04,36.9,49974.53,1
2026-08-14,2026-08-14 11:56:00,1263.0,1263.5,1263.0,1263.5,0.04,36.9,49974.53,1
2026-08-14,2026-08-14 11:57:00,1263.5,1264.0,1263.5,1264.0,0.04,36.9,49974.53,1
2026-08-14,2026-08-14 11:58:00,1264.0,1264.5,1264.0,1264.5,0.04,36.9,49974.53,1
2026-08-14,2026-08-14 11:59:00,1264.5,1265.0,1264.5,1265.0,0.04,36.9,49974.53,1
2026-08-14,2026-08-14 12:00:00,1265.0,1265.5,1265.0,1265.5,0.04,36.9,49974.53,1
2026-08-14,2026-08-14 12:01:00,1265.5,1266.0,1265.5,1266.0,0.04,36.9,49974.53,1
2026-08-14,2026-08-14 12:02:00,1266.0,1266.5,1266.0,1266.5,0.04,36.9,49974.53,1
2026-08-14,2026-08-14 12:03:00,1266.5,1267.0,1266.5,1267.0,0.04,36.9,49974.53,1
2026-08-14,2026-08-14 12:04:00,1267.0,1267.5,1267.0,1267.5,0.04,36.9,49974.53,1
2026-08-14,2026-08-14 12:05:00,1267.5,1268.0,1267.5,1268.0,0.04,36.9,49974.53,1
2026-08-14,2026-08-14 12:06:00,1268.0,1268.5,1268.0,1268.5,0.04,36.9,49974.53,1
2026-08-14,2026-08-14 12:07:00,1268.5,1269.0,1268.5,1269.0,0.04,36.9,49974.53,1
2026-08-14,2026-08-14 12:08:00,1269.0,1269.5,1269.0,1269.5,0.04,36.9,49974.53,1
2026-08-14,2026-08-14 12:09:00,1269.5,1270.0,1269.5,1270.0,0.04,36.9,49974.53,1
2026-08-14,2026-08-14 12:10:00,1270.0,1270.5,1270.0,1270.5,0.04,36.9,49974.53,1
2026-08-14,2026-08-14 12:11:00,1270.5,1271.0,1270.5,1271.0,0.04,36.9,49974.53,1
2026-08-14,2026-08-14 12:12:00,1271.0,1271.5,1271.0,1271.5,0.04,36.9,49974.53,1
2026-08-14,2026-08-14 12:13:00,1271.5,1272.0,1271.5,1272.0,0.04,36.9,49974.53,1
2026-08-14,2026-08-14 12:14:00,1272.0,1272.5,1272.0,1272.5,0.04,36.9,49974.53,1
2026-08-14,2026-08-14 12:15:00,1272.5,1273.0,1272.5,1273.0,0.04,36.9,49974.53,1
2026-08-14,2026-08-14 12:16:00,1273.0,1273.5,1273.0,1273.5,0.04,36.9,49974.53,1
2026-08-14,2026-08-14 12:17:00,1273.5,1274.0,1273.5,1274.0,0.04,36.9,49974.53,1
2026-08-14,2026-08-14 12:18:00,1274.0,1274.5,1274.0,1274.5,0.04,36.9,49974.53,1
2026-08-14,2026-08-14 12:19:00,1274.5,1275.0,1274.5,1275.0,0.04,36.9,49974.53,1
2026-08-14,2026-08-14 12:20:00,1275.0,1275.5,1275.0,1275.5,0.04,36.9,49974.53,1
2026-08-14,2026-08-14 12:21:00,1275.5,1276.0,1275.5,1276.0,0.04,36.9,49974.53,1
2026-08-14,2026-08-14 12:22:00,1276.0,1276.5,1276.0,1276.5,0.04,36.9,49974.53,1
2026-08-14,2026-08-14 12:23:00,1276.5,1277.0,1276.5,1277.0,0.04,36.9,49974.53,1
2026-08-14,2026-08-14 12:24:00,1277.0,1277.5,1277.0,1277.5,0.04,36.9,49974.53,1
2026-08-14,2026-08-14 12:25:00,1277.5,1278.0,1277.5,1278.0,0.04,36.9,49974.53,1
2026-08-14,2026-08-14 12:26:00,1278.0,1278.5,1278.0,1278.5,0.04,36.9,49974.53,1
2026-08-14,2026-08-14 12:27:00,1278.5,1279.0,1278.5,1279.0,0.04,36.9,49974.53,1
2026-08-14,2026-08-14 12:28:00,1279.0,1279.5,1279.0,1279.5,0.04,36.9,49974.53,1
2026-08-14,2026-08-14 12:29:00,1279.5,1280.0,1279.5,1280.0,0.04,36.9,49974.53,1
2026-08-14,2026-08-14 12:30:00,1280.0,1280.5,1280.0,1280.5,0.04,36.9,49974.53,1
2026-08-14,2026-08-14 12:31:00,1280.5,1281.0,1280.5,1281.0,0.04,36.9,49974.53,1
2026-08-14,2026-08-14 12:32:00,1281.0,1281.5,1281.0,1281.5,0.04,36.9,49974.53,1
2026-08-14,2026-08-14 12:33:00,1281.5,1282.0,1281.5,1282.0,0.04,36.9,49974.53,1
2026-08-14,2026-08-14 12:34:00,1282.0,1282.5,1282.0,1282.5,0.04,36.9,49974.53,1
2026-08-14,2026-08-14 12:35:00,1282.5,1283.0,1282.5,1283.0,0.04,36.9,49974.53,1
2026-08-14,2026-08-14 12:36:00,1283.0,1283.5,1283.0,1283.5,0.04,36.9,49974.53,1
2026-08-14,2026-08-14 12:37:00,1283.5,1284.0,1283.5,1284.0,0.04,36.9,49974.53,1
2026-08-14,2026-08-14 12:38:00,1284.0,1284.5,1284.0,1284.5,0.04,36.9,49974.53,1
2026-08-14,2026-08-14 12:39:00,1284.5,1285.0,1284.5,1285.0,0.04,36.9,49974.53,1
2026-08-14,2026-08-14 12:40:00,1285.0,1285.5,1285.0,1285.5,0.04,36.9,49974.53,1
2026-08-14,2026-08-14 12:41:00,1285.5,1286.0,1285.5,1286.0,0.04,36.9,49974.53,1
2026-08-14,2026-08-14 12:42:00,1286.0,1286.5,1286.0,1286.5,0.04,36.9,49974.53,1
2026-08-14,2026-08-14 12:43:00,1286.5,1287.0,1286.5,1287.0,0.04,36.9,49974.53,1
2026-08-14,2026-08-14 12:44:00,1287.0,1287.5,1287.0,1287.5,0.04,36.9,49974.53,1
2026-08-14,2026-08-14 12:45:00,1287.5,1288.0,1287.5,1288.0,0.04,36.9,49974.53,1
2026-08-14,2026-08-14 12:46:00,1288.0,1288.5,1288.0,1288.5,0.04,36.9,49974.53,1
2026-08-14,2026-08-14 12:47:00,1288.5,1289.0,1288.5,1289.0,0.04,36.9,49974.53,1
2026-08-14,2026-08-14 12:48:00,1289.0,1289.5,1289.0,1289.5,0.04,36.9,49974.53,1
2026-08-14,2026-08-14 12:49:00,1289.5,1290.0,1289.5,1290.0,0.04,36.9,49974.53,1
2026-08-14,2026-08-14 12:50:00,1290.0,1290.5,1290.0,1290.5,0.04,36.9,49974.53,1
2026-08-14,2026-08-14 12:51:00,1290.5,1291.0,1290.5,1291.0,0.04,36.9,49974.53,1
2026-08-14,2026-08-14 12:52:00,1291.0,1291.5,1291.0,1291.5,0.04,36.9,49974.53,1
2026-08-14,2026-08-14 12:53:00,1291.5,1292.0,1291.5,1292.0,0.04,36.9,49974.53,1
2026-08-14,2026-08-14 12:54:00,1292.0,1292.5,1292.0,1292.5,0.04,36.9,49974.53,1
2026-08-14,2026-08-14 12:55:00,1292.5,1293.0,1292.5,1293.0,0.04,36.9,49974.53,1
2026-08-14,2026-08-14 12:56:00,1293.0,1293.5,1293.0,1293.5,0.04,36.9,49974.53,1
2026-08-14,2026-08-14 12:57:00,1293.5,1294.0,1293.5,1294.0,0.04,36.9,49974.53,1
2026-08-14,2026-08-14 12:58:00,1294.0,1294.5,1294.0,1294.5,0.04,36.9,49974.53,1
2026-08-14,2026-08-14 12:59:00,1294.5,1295.0,1294.5,1295.0,0.04,36.9,49974.53,1
2026-08-14,2026-08-14 13:00:00,1295.0,1387.0,1235.0,1295.5,0.04,36.9,49974.53,1
2026-08-14,2026-08-14 13:01:00,1295.5,1296.0,1295.5,1296.0,0.04,36.9,49974.53,1
2026-08-14,2026-08-14 13:02:00,1296.0,1296.5,1296.0,1296.5,0.04,36.9,49974.53,1
2026-08-14,2026-08-14 13:03:00,1296.5,1297.0,1296.5,1297.0,0.04,36.9,49974.53,1
2026-08-14,2026-08-14 13:04:00,1297.0,1297.5,1297.0,1297.5,0.04,36.9,49974.53,1
2026-08-14,2026-08-14 13:05:00,1297.5,1298.0,1297.5,1298.0,0.04,36.9,49974.53,1
2026-08-14,2026-08-14 13:06:00,1298.0,1298.5,1298.0,1298.5,0.04,36.9,49974.53,1
2026-08-14,2026-08-14 13:07:00,1298.5,1299.0,1298.5,1299.0,0.04,36.9,49974.53,1
2026-08-14,2026-08-14 13:08:00,1299.0,1299.5,1299.0,1299.5,0.04,36.9,49974.53,1
2026-08-14,2026-08-14 13:09:00,1299.5,1300.0,1299.5,1300.0,0.04,36.9,49974.53,1
2026-08-14,2026-08-14 13:10:00,1300.0,1300.5,1300.0,1300.5,0.04,36.9,49974.53,1
2026-08-14,2026-08-14 13:11:00,1300.5,1301.0,1300.5,1301.0,0.04,36.9,49974.53,1
2026-08-14,2026-08-14 13:12:00,1301.0,1301.5,1301.0,1301.5,0.04,36.9,49974.53,1
2026-08-14,2026-08-14 13:13:00,1301.5,1302.0,1301.5,1302.0,0.04,36.9,49974.53,1
2026-08-14,2026-08-14 13:14:00,1302.0,1302.5,1302.0,1302.5,0.04,36.9,49974.53,1
2026-08-14,2026-08-14 13:15:00,1302.5,1303.0,1302.5,1303.0,0.04,36.9,49974.53,1
2026-08-14,2026-08-14 13:16:00,1303.0,1303.5,1303.0,1303.5,0.04,36.9,49974.53,1
2026-08-14,2026-08-14 13:17:00,1303.5,1304.0,1303.5,1304.0,0.04,36.9,49974.53,1
2026-08-14,2026-08-14 13:18:00,1304.0,1304.5,1304.0,1304.5,0.04,36.9,49974.53,1
2026-08-14,2026-08-14 13:19:00,1304.5,1305.0,1304.5,1305.0,0.04,36.9,49974.53,1
2026-08-14,2026-08-14 13:20:00,1305.0,1305.5,1305.0,1305.5,0.04,36.9,49974.53,1
2026-08-14,2026-08-14 13:21:00,1305.5,1306.0,1305.5,1306.0,0.04,36.9,49974.53,1
2026-08-14,2026-08-14 13:22:00,1306.0,1306.5,1306.0,1306.5,0.04,36.9,49974.53,1
2026-08-14,2026-08-14 13:23:00,1306.5,1307.0,1306.5,1307.0,0.04,36.9,49974.53,1
2026-08-14,2026-08-14 13:24:00,1307.0,1307.5,1307.0,1307.5,0.04,36.9,49974.53,1
2026-08-14,2026-08-14 13:25:00,1307.5,1308.0,1307.5,1308.0,0.04,36.9,49974.53,1
2026-08-14,2026-08-14 13:26:00,1308.0,1308.5,1308.0,1308.5,0.04,36.9,49974.53,1
2026-08-14,2026-08-14 13:27:00,1308.5,1309.0,1308.5,1309.0,0.04,36.9,49974.53,1
2026-08-14,2026-08-14 13:28:00,1309.0,1309.5,1309.0,1309.5,0.04,36.9,49974.53,1
2026-08-14,2026-08-14 13:29:00,1309.5,1310.0,1309.5,1310.0,0.04,36.9,49974.53,1
2026-08-14,2026-08-14 13:30:00,1310.0,1310.5,1310.0,1310.5,0.04,36.9,49974.53,1
2026-08-14,2026-08-14 13:31:00,1310.5,1311.0,1310.5,1311.0,0.04,36.9,49974.53,1
2026-08-14,2026-08-14 13:32:00,1311.0,1311.5,1311.0,1311.5,0.04,36.9,49974.53,1
2026-08-14,2026-08-14 13:33:00,1311.5,1312.0,1311.5,1312.0,0.04,36.9,49974.53,1
2026-08-14,2026-08-14 13:34:00,1312.0,1312.5,1312.0,1312.5,0.04,36.9,49974.53,1
2026-08-14,2026-08-14 13:35:00,1312.5,1313.0,1312.5,1313.0,0.04,36.9,49974.53,1
2026-08-14,2026-08-14 13:36:00,1313.0,1313.5,1313.0,1313.5,0.04,36.9,49974.53,1
2026-08-14,2026-08-14 13:37:00,1313.5,1314.0,1313.5,1314.0,0.04,36.9,49974.53,1
2026-08-14,2026-08-14 13:38:00,1314.0,1314.5,1314.0,1314.5,0.04,36.9,49974.53,1
2026-08-14,2026-08-14 13:39:00,1314.5,1315.0,1314.5,1315.0,0.04,36.9,49974.53,1
2026-08-14,2026-08-14 13:40:00,1315.0,1315.5,1315.0,1315.5,0.04,36.9,49974.53,1
2026-08-14,2026-08-14 13:41:00,1315.5,1316.0,1315.5,1316.0,0.04,36.9,49974.53,1
2026-08-14,2026-08-14 13:42:00,1316.0,1316.5,1316.0,1316.5,0.04,36.9,49974.53,1
2026-08-14,2026-08-14 13:43:00,1316.5,1317.0,1316.5,1317.0,0.04,36.9,49974.53,1
2026-08-14,2026-08-14 13:44:00,1317.0,1317.5,1317.0,1317.5,0.04,36.9,49974.53,1
2026-08-14,2026-08-14 13:45:00,1317.5,1318.0,1317.5,1318.0,0.04,36.9,49974.53,1
2026-08-14,2026-08-14 13:46:00,1318.0,1318.5,1318.0,1318.5,0.04,36.9,49974.53,1
2026-08-14,2026-08-14 13:47:00,1318.5,1319.0,1318.5,1319.0,0.04,36.9,49974.53,1
2026-08-14,2026-08-14 13:48:00,1319.0,1319.5,1319.0,1319.5,0.04,36.9,49974.53,1
2026-08-14,2026-08-14 13:49:00,1319.5,1320.0,1319.5,1320.0,0.04,36.9,49974.53,1
2026-08-14,2026-08-14 13:50:00,1320.0,1320.5,1320.0,1320.5,0.04,36.9,49974.53,1
2026-08-14,2026-08-14 13:51:00,1320.5,1321.0,1320.5,1321.0,0.04,36.9,49974.53,1
2026-08-14,2026-08-14 13:52:00,1321.0,1321.5,1321.0,1321.5,0.04,36.9,49974.53,1
2026-08-14,2026-08-14 13:53:00,1321.5,1322.0,1321.5,1322.0,0.04,36.9,49974.53,1
2026-08-14,2026-08-14 13:54:00,1322.0,1322.5,1322.0,1322.5,0.04,36.9,49974.53,1
2026-08-14,2026-08-14 13:55:00,1322.5,1323.0,1322.5,1323.0,0.04,36.9,49974.53,1
2026-08-14,2026-08-14 13:56:00,1323.0,1323.5,1323.0,1323.5,0.04,36.9,49974.53,1
2026-08-14,2026-08-14 13:57:00,1323.5,1324.0,1323.5,1324.0,0.04,36.9,49974.53,1
2026-08-14,2026-08-14 13:58:00,1324.0,1324.5,1324.0,1324.5,0.04,36.9,49974.53,1
2026-08-14,2026-08-14 13:59:00,1324.5,1325.0,1324.5,1325.0,0.04,36.9,49974.53,1
2026-08-14,2026-08-14 14:00:00,1325.0,1325.5,1325.0,1325.5,0.04,36.9,49974.53,1
2026-08-14,2026-08-14 14:01:00,1325.5,1326.0,1325.5,1326.0,0.04,36.9,49974.53,1
2026-08-14,2026-08-14 14:02:00,1326.0,1326.5,1326.0,1326.5,0.04,36.9,49974.53,1
2026-08-14,2026-08-14 14:03:00,1326.5,1327.0,1326.5,1327.0,0.04,36.9,49974.53,1
2026-08-14,2026-08-14 14:04:00,1327.0,1327.5,1327.0,1327.5,0.04,36.9,49974.53,1
2026-08-14,2026-08-14 14:05:00,1327.5,1328.0,1327.5,1328.0,0.04,36.9,49974.53,1
2026-08-14,2026-08-14 14:06:00,1328.0,1328.5,1328.0,1328.5,0.04,36.9,49974.53,1
2026-08-14,2026-08-14 14:07:00,1328.5,1329.0,1328.5,1329.0,0.04,36.9,49974.53,1
2026-08-14,2026-08-14 14:08:00,1329.0,1329.5,1329.0,1329.5,0.04,36.9,49974.53,1
2026-08-14,2026-08-14 14:09:00,1329.5,1330.0,1329.5,1330.0,0.04,36.9,49974.53,1
2026-08-14,2026-08-14 14:10:00,1330.0,1330.5,1330.0,1330.5,0.04,36.9,49974.53,1
2026-08-14,2026-08-14 14:11:00,1330.5,1331.0,1330.5,1331.0,0.04,36.9,49974.53,1
2026-08-14,2026-08-14 14:12:00,1331.0,1331.5,1331.0,1331.5,0.04,36.9,49974.53,1
2026-08-14,2026-08-14 14:13:00,1331.5,1332.0,1331.5,1332.0,0.04,36.9,49974.53,1
2026-08-14,2026-08-14 14:14:00,1332.0,1332.5,1332.0,1332.5,0.04,36.9,49974.53,1
2026-08-14,2026-08-14 14:15:00,1332.5,1333.0,1332.5,1333.0,0.04,36.9,49974.53,1
2026-08-14,2026-08-14 14:16:00,1333.0,1333.5,1333.0,1333.5,0.04,36.9,49974.53,1
2026-08-14,2026-08-14 14:17:00,1333.5,1334.0,1333.5,1334.0,0.04,36.9,49974.53,1
2026-08-14,2026-08-14 14:18:00,1334.0,1334.5,1334.0,1334.5,0.04,36.9,49974.53,1
2026-08-14,2026-08-14 14:19:00,1334.5,1335.0,1334.5,1335.0,0.04,36.9,49974.53,1
2026-08-14,2026-08-14 14:20:00,1335.0,1335.5,1335.0,1335.5,0.04,36.9,49974.53,1
2026-08-14,2026-08-14 14:21:00,1335.5,1336.0,1335.5,1336.0,0.04,36.9,49974.53,1
2026-08-14,2026-08-14 14:22:00,1336.0,1336.5,1336.0,1336.5,0.04,36.9,49974.53,1
2026-08-14,2026-08-14 14:23:00,1336.5,1337.0,1336.5,1337.0,0.04,36.9,49974.53,1
2026-08-14,2026-08-14 14:24:00,1337.0,1337.5,1337.0,1337.5,0.04,36.9,49974.53,1
2026-08-14,2026-08-14 14:25:00,1337.5,1338.0,1337.5,1338.0,0.04,36.9,49974.53,1
2026-08-14,2026-08-14 14:26:00,1338.0,1338.5,1338.0,1338.5,0.04,36.9,49974.53,1
2026-08-14,2026-08-14 14:27:00,1338.5,1339.0,1338.5,1339.0,0.04,36.9,49974.53,1
2026-08-14,2026-08-14 14:28:00,1339.0,1339.5,1339.0,1339.5,0.04,36.9,49974.53,1
2026-08-14,2026-08-14 14:29:00,1339.5,1340.0,1339.5,1340.0,0.04,36.9,49974.53,1
2026-08-14,2026-08-14 14:30:00,1340.0,1340.5,1340.0,1340.5,0.04,36.9,49974.53,1
2026-08-14,2026-08-14 14:31:00,1340.5,1341.0,1340.5,1341.0,0.04,36.9,49974.53,1
2026-08-14,2026-08-14 14:32:00,1341.0,1341.5,1341.0,1341.5,0.04,36.9,49974.53,1
2026-08-14,2026-08-14 14:33:00,1341.5,1342.0,1341.5,1342.0,0.04,36.9,49974.53,1
2026-08-14,2026-08-14 14:34:00,1342.0,1342.5,1342.0,1342.5,0.04,36.9,49974.53,1
2026-08-14,2026-08-14 14:35:00,1342.5,1343.0,1342.5,1343.0,0.04,36.9,49974.53,1
2026-08-14,2026-08-14 14:36:00,1343.0,1343.5,1343.0,1343.5,0.04,36.9,49974.53,1
2026-08-14,2026-08-14 14:37:00,1343.5,1344.0,1343.5,1344.0,0.04,36.9,49974.53,1
2026-08-14,2026-08-14 14:38:00,1344.0,1344.5,1344.0,1344.5,0.04,36.9,49974.53,1
2026-08-14,2026-08-14 14:39:00,1344.5,1345.0,1344.5,1345.0,0.04,36.9,49974.53,1
2026-08-14,2026-08-14 14:40:00,1345.0,1345.5,1345.0,1345.5,0.04,36.9,49974.53,1
2026-08-14,2026-08-14 14:41:00,1345.5,1346.0,1345.5,1346.0,0.04,36.9,49974.53,1
2026-08-14,2026-08-14 14:42:00,1346.0,1346.5,1346.0,1346.5,0.04,36.9,49974.53,1
2026-08-14,2026-08-14 14:43:00,1346.5,1347.0,1346.5,1347.0,0.04,36.9,49974.53,1
2026-08-14,2026-08-14 14:44:00,1347.0,1347.5,1347.0,1347.5,0.04,36.9,49974.53,1
2026-08-14,2026-08-14 14:45:00,1347.5,1348.0,1347.5,1348.0,0.04,36.9,49974.53,1
2026-08-14,2026-08-14 14:46:00,1348.0,1348.5,1348.0,1348.5,0.04,36.9,49974.53,1
2026-08-14,2026-08-14 14:47:00,1348.5,1349.0,1348.5,1349.0,0.04,36.9,49974.53,1
2026-08-14,2026-08-14 14:48:00,1349.0,1349.5,1349.0,1349.5,0.04,36.9,49974.53,1
2026-08-14,2026-08-14 14:49:00,1349.5,1350.0,1349.5,1350.0,0.04,36.9,49974.53,1
2026-08-14,2026-08-14 14:50:00,1350.0,1350.5,1350.0,1350.5,0.04,36.9,49974.53,1
2026-08-14,2026-08-14 14:51:00,1350.5,1351.0,1350.5,1351.0,0.04,36.9,49974.53,1
2026-08-14,2026-08-14 14:52:00,1351.0,1351.5,1351.0,1351.5,0.04,36.9,49974.53,1
2026-08-14,2026-08-14 14:53:00,1351.5,1352.0,1351.5,1352.0,0.04,36.9,49974.53,1
2026-08-14,2026-08-14 14:54:00,1352.0,1352.5,1352.0,1352.5,0.04,36.9,49974.53,1
2026-08-14,2026-08-14 14:55:00,1352.5,1353.0,1352.5,1353.0,0.04,36.9,49974.53,1
2026-08-14,2026-08-14 14:56:00,1353.0,1353.5,1353.0,1353.5,0.04,36.9,49974.53,1
2026-08-14,2026-08-14 14:57:00,1353.5,1354.0,1353.5,1354.0,0.04,36.9,49974.53,1
2026-08-14,2026-08-14 14:58:00,1354.0,1354.5,1354.0,1354.5,0.04,36.9,49974.53,1
2026-08-14,2026-08-14 14:59:00,1354.5,1355.0,1354.5,1355.0,0.04,36.9,49974.53,1
2026-08-14,2026-08-14 15:00:00,1355.0,1387.0,1235.0,1355.0,0.0,36.9,49974.53,0
2026-08-17,2026-08-17 11:00:00,1300.0,1366.0,1300.0,1300.67,0.05,74.67,107783.42,1
2026-08-17,2026-08-17 11:01:00,1300.67,1301.33,1300.67,1301.33,0.05,74.67,107783.42,1
2026-08-17,2026-08-17 11:02:00,1301.33,1302.0,1301.33,1302.0,0.05,74.67,107783.42,1
2026-08-17,2026-08-17 11:03:00,1302.0,1302.67,1302.0,1302.67,0.05,74.67,107783.42,1
2026-08-17,2026-08-17 11:04:00,1302.67,1303.33,1302.67,1303.33,0.05,74.67,107783.42,1
2026-08-17,2026-08-17 11:05:00,1303.33,1304.0,1303.33,1304.0,0.05,74.67,107783.42,1
2026-08-17,2026-08-17 11:06:00,1304.0,1304.67,1304.0,1304.67,0.05,74.67,107783.42,1
2026-08-17,2026-08-17 11:07:00,1304.67,1305.33,1304.67,1305.33,0.05,74.67,107783.42,1
2026-08-17,2026-08-17 11:08:00,1305.33,1306.0,1305.33,1306.0,0.05,74.67,107783.42,1
2026-08-17,2026-08-17 11:09:00,1306.0,1306.67,1306.0,1306.67,0.05,74.67,107783.42,1
2026-08-17,2026-08-17 11:10:00,1306.67,1307.33,1306.67,1307.33,0.05,74.67,107783.42,1
2026-08-17,2026-08-17 11:11:00,1307.33,1308.0,1307.33,1308.0,0.05,74.67,107783.42,1
2026-08-17,2026-08-17 11:12:00,1308.0,1308.67,1308.0,1308.67,0.05,74.67,107783.42,1
2026-08-17,2026-08-17 11:13:00,1308.67,1309.33,1308.67,1309.33,0.05,74.67,107783.42,1
2026-08-17,2026-08-17 11:14:00,1309.33,1310.0,1309.33,1310.0,0.05,74.67,107783.42,1
2026-08-17,2026-08-17 11:15:00,1310.0,1310.67,1310.0,1310.67,0.05,74.67,107783.42,1
2026-08-17,2026-08-17 11:16:00,1310.67,1311.33,1310.67,1311.33,0.05,74.67,107783.42,1
2026-08-17,2026-08-17 11:17:00,1311.33,1312.0,1311.33,1312.0,0.05,74.67,107783.42,1
2026-08-17,2026-08-17 11:18:00,1312.0,1312.67,1312.0,1312.67,0.05,74.67,107783.42,1
2026-08-17,2026-08-17 11:19:00,1312.67,1313.33,1312.67,1313.33,0.05,74.67,107783.42,1
2026-08-17,2026-08-17 11:20:00,1313.33,1314.0,1313.33,1314.0,0.05,74.67,107783.42,1
2026-08-17,2026-08-17 11:21:00,1314.0,1314.67,1314.0,1314.67,0.05,74.67,107783.42,1
2026-08-17,2026-08-17 11:22:00,1314.67,1315.33,1314.67,1315.33,0.05,74.67,107783.42,1
2026-08-17,2026-08-17 11:23:00,1315.33,1316.0,1315.33,1316.0,0.05,74.67,107783.42,1
2026-08-17,2026-08-17 11:24:00,1316.0,1316.67,1316.0,1316.67,0.05,74.67,107783.42,1
2026-08-17,2026-08-17 11:25:00,1316.67,1317.33,1316.67,1317.33,0.05,74.67,107783.42,1
2026-08-17,2026-08-17 11:26:00,1317.33,1318.0,1317.33,1318.0,0.05,74.67,107783.42,1
2026-08-17,2026-08-17 11:27:00,1318.0,1318.67,1318.0,1318.67,0.05,74.67,107783.42,1
2026-08-17,2026-08-17 11:28:00,1318.67,1319.33,1318.67,1319.33,0.05,74.67,107783.42,1
2026-08-17,2026-08-17 11:29:00,1319.33,1320.0,1319.33,1320.0,0.05,74.67,107783.42,1
2026-08-17,2026-08-17 11:30:00,1320.0,1320.67,1320.0,1320.67,0.05,74.67,107783.42,1
2026-08-17,2026-08-17 11:31:00,1320.67,1321.33,1320.67,1321.33,0.05,74.67,107783.42,1
2026-08-17,2026-08-17 11:32:00,1321.33,1322.0,1321.33,1322.0,0.05,74.67,107783.42,1
2026-08-17,2026-08-17 11:33:00,1322.0,1322.67,1322.0,1322.67,0.05,74.67,107783.42,1
2026-08-17,2026-08-17 11:34:00,1322.67,1323.33,1322.67,1323.33,0.05,74.67,107783.42,1
2026-08-17,2026-08-17 11:35:00,1323.33,1324.0,1323.33,1324.0,0.05,74.67,107783.42,1
2026-08-17,2026-08-17 11:36:00,1324.0,1324.67,1324.0,1324.67,0.05,74.67,107783.42,1
2026-08-17,2026-08-17 11:37:00,1324.67,1325.33,1324.67,1325.33,0.05,74.67,107783.42,1
2026-08-17,2026-08-17 11:38:00,1325.33,1326.0,1325.33,1326.0,0.05,74.67,107783.42,1
2026-08-17,2026-08-17 11:39:00,1326.0,1326.67,1326.0,1326.67,0.05,74.67,107783.42,1
2026-08-17,2026-08-17 11:40:00,1326.67,1327.33,1326.67,1327.33,0.05,74.67,107783.42,1
2026-08-17,2026-08-17 11:41:00,1327.33,1328.0,1327.33,1328.0,0.05,74.67,107783.42,1
2026-08-17,2026-08-17 11:42:00,1328.0,1328.67,1328.0,1328.67,0.05,74.67,107783.42,1
2026-08-17,2026-08-17 11:43:00,1328.67,1329.33,1328.67,1329.33,0.05,74.67,107783.42,1
2026-08-17,2026-08-17 11:44:00,1329.33,1330.0,1329.33,1330.0,0.05,74.67,107783.42,1
2026-08-17,2026-08-17 11:45:00,1330.0,1330.67,1330.0,1330.67,0.05,74.67,107783.42,1
2026-08-17,2026-08-17 11:46:00,1330.67,1331.33,1330.67,1331.33,0.05,74.67,107783.42,1
2026-08-17,2026-08-17 11:47:00,1331.33,1332.0,1331.33,1332.0,0.05,74.67,107783.42,1
2026-08-17,2026-08-17 11:48:00,1332.0,1332.67,1332.0,1332.67,0.05,74.67,107783.42,1
2026-08-17,2026-08-17 11:49:00,1332.67,1333.33,1332.67,1333.33,0.05,74.67,107783.42,1
2026-08-17,2026-08-17 11:50:00,1333.33,1334.0,1333.33,1334.0,0.05,74.67,107783.42,1
2026-08-17,2026-08-17 11:51:00,1334.0,1334.67,1334.0,1334.67,0.05,74.67,107783.42,1
2026-08-17,2026-08-17 11:52:00,1334.67,1335.33,1334.67,1335.33,0.05,74.67,107783.42,1
2026-08-17,2026-08-17 11:53:00,1335.33,1336.0,1335.33,1336.0,0.05,74.67,107783.42,1
2026-08-17,2026-08-17 11:54:00,1336.0,1336.67,1336.0,1336.67,0.05,74.67,107783.42,1
2026-08-17,2026-08-17 11:55:00,1336.67,1337.33,1336.67,1337.33,0.05,74.67,107783.42,1
2026-08-17,2026-08-17 11:56:00,1337.33,1338.0,1337.33,1338.0,0.05,74.67,107783.42,1
2026-08-17,2026-08-17 11:57:00,1338.0,1338.67,1338.0,1338.67,0.05,74.67,107783.42,1
2026-08-17,2026-08-17 11:58:00,1338.67,1339.33,1338.67,1339.33,0.05,74.67,107783.42,1
2026-08-17,2026-08-17 11:59:00,1339.33,1340.0,1339.33,1340.0,0.05,74.67,107783.42,1
2026-08-17,2026-08-17 12:00:00,1340.0,1340.67,1340.0,1340.67,0.05,74.67,107783.42,1
2026-08-17,2026-08-17 12:01:00,1340.67,1341.33,1340.67,1341.33,0.05,74.67,107783.42,1
2026-08-17,2026-08-17 12:02:00,1341.33,1342.0,1341.33,1342.0,0.05,74.67,107783.42,1
2026-08-17,2026-08-17 12:03:00,1342.0,1342.67,1342.0,1342.67,0.05,74.67,107783.42,1
2026-08-17,2026-08-17 12:04:00,1342.67,1343.33,1342.67,1343.33,0.05,74.67,107783.42,1
2026-08-17,2026-08-17 12:05:00,1343.33,1344.0,1343.33,1344.0,0.05,74.67,107783.42,1
2026-08-17,2026-08-17 12:06:00,1344.0,1344.67,1344.0,1344.67,0.05,74.67,107783.42,1
2026-08-17,2026-08-17 12:07:00,1344.67,1345.33,1344.67,1345.33,0.05,74.67,107783.42,1
2026-08-17,2026-08-17 12:08:00,1345.33,1346.0,1345.33,1346.0,0.05,74.67,107783.42,1
2026-08-17,2026-08-17 12:09:00,1346.0,1346.67,1346.0,1346.67,0.05,74.67,107783.42,1
2026-08-17,2026-08-17 12:10:00,1346.67,1347.33,1346.67,1347.33,0.05,74.67,107783.42,1
2026-08-17,2026-08-17 12:11:00,1347.33,1348.0,1347.33,1348.0,0.05,74.67,107783.42,1
2026-08-17,2026-08-17 12:12:00,1348.0,1348.67,1348.0,1348.67,0.05,74.67,107783.42,1
2026-08-17,2026-08-17 12:13:00,1348.67,1349.33,1348.67,1349.33,0.05,74.67,107783.42,1
2026-08-17,2026-08-17 12:14:00,1349.33,1350.0,1349.33,1350.0,0.05,74.67,107783.42,1
2026-08-17,2026-08-17 12:15:00,1350.0,1350.67,1350.0,1350.67,0.05,74.67,107783.42,1
2026-08-17,2026-08-17 12:16:00,1350.67,1351.33,1350.67,1351.33,0.05,74.67,107783.42,1
2026-08-17,2026-08-17 12:17:00,1351.33,1352.0,1351.33,1352.0,0.05,74.67,107783.42,1
2026-08-17,2026-08-17 12:18:00,1352.0,1352.67,1352.0,1352.67,0.05,74.67,107783.42,1
2026-08-17,2026-08-17 12:19:00,1352.67,1353.33,1352.67,1353.33,0.05,74.67,107783.42,1
2026-08-17,2026-08-17 12:20:00,1353.33,1354.0,1353.33,1354.0,0.05,74.67,107783.42,1
2026-08-17,2026-08-17 12:21:00,1354.0,1354.67,1354.0,1354.67,0.05,74.67,107783.42,1
2026-08-17,2026-08-17 12:22:00,1354.67,1355.33,1354.67,1355.33,0.05,74.67,107783.42,1
2026-08-17,2026-08-17 12:23:00,1355.33,1356.0,1355.33,1356.0,0.05,74.67,107783.42,1
2026-08-17,2026-08-17 12:24:00,1356.0,1356.67,1356.0,1356.67,0.05,74.67,107783.42,1
2026-08-17,2026-08-17 12:25:00,1356.67,1357.33,1356.67,1357.33,0.05,74.67,107783.42,1
2026-08-17,2026-08-17 12:26:00,1357.33,1358.0,1357.33,1358.0,0.05,74.67,107783.42,1
2026-08-17,2026-08-17 12:27:00,1358.0,1358.67,1358.0,1358.67,0.05,74.67,107783.42,1
2026-08-17,2026-08-17 12:28:00,1358.67,1359.33,1358.67,1359.33,0.05,74.67,107783.42,1
2026-08-17,2026-08-17 12:29:00,1359.33,1360.0,1359.33,1360.0,0.05,74.67,107783.42,1
2026-08-17,2026-08-17 12:30:00,1360.0,1360.67,1360.0,1360.67,0.05,74.67,107783.42,1
2026-08-17,2026-08-17 12:31:00,1360.67,1361.33,1360.67,1361.33,0.05,74.67,107783.42,1
2026-08-17,2026-08-17 12:32:00,1361.33,1362.0,1361.33,1362.0,0.05,74.67,107783.42,1
2026-08-17,2026-08-17 12:33:00,1362.0,1362.67,1362.0,1362.67,0.05,74.67,107783.42,1
2026-08-17,2026-08-17 12:34:00,1362.67,1363.33,1362.67,1363.33,0.05,74.67,107783.42,1
2026-08-17,2026-08-17 12:35:00,1363.33,1364.0,1363.33,1364.0,0.05,74.67,107783.42,1
2026-08-17,2026-08-17 12:36:00,1364.0,1364.67,1364.0,1364.67,0.05,74.67,107783.42,1
2026-08-17,2026-08-17 12:37:00,1364.67,1365.33,1364.67,1365.33,0.05,74.67,107783.42,1
2026-08-17,2026-08-17 12:38:00,1365.33,1366.0,1365.33,1366.0,0.05,74.67,107783.42,1
2026-08-17,2026-08-17 12:39:00,1366.0,1366.67,1366.0,1366.67,0.05,74.67,107783.42,1
2026-08-17,2026-08-17 12:40:00,1366.67,1367.33,1366.67,1367.33,0.05,74.67,107783.42,1
2026-08-17,2026-08-17 12:41:00,1367.33,1368.0,1367.33,1368.0,0.05,74.67,107783.42,1
2026-08-17,2026-08-17 12:42:00,1368.0,1368.67,1368.0,1368.67,0.05,74.67,107783.42,1
2026-08-17,2026-08-17 12:43:00,1368.67,1369.33,1368.67,1369.33,0.05,74.67,107783.42,1
2026-08-17,2026-08-17 12:44:00,1369.33,1370.0,1369.33,1370.0,0.05,74.67,107783.42,1
2026-08-17,2026-08-17 12:45:00,1370.0,1370.67,1370.0,1370.67,0.05,74.67,107783.42,1
2026-08-17,2026-08-17 12:46:00,1370.67,1371.33,1370.67,1371.33,0.05,74.67,107783.42,1
2026-08-17,2026-08-17 12:47:00,1371.33,1372.0,1371.33,1372.0,0.05,74.67,107783.42,1
2026-08-17,2026-08-17 12:48:00,1372.0,1372.67,1372.0,1372.67,0.05,74.67,107783.42,1
2026-08-17,2026-08-17 12:49:00,1372.67,1373.33,1372.67,1373.33,0.05,74.67,107783.42,1
2026-08-17,2026-08-17 12:50:00,1373.33,1374.0,1373.33,1374.0,0.05,74.67,107783.42,1
2026-08-17,2026-08-17 12:51:00,1374.0,1374.67,1374.0,1374.67,0.05,74.67,107783.42,1
2026-08-17,2026-08-17 12:52:00,1374.67,1375.33,1374.67,1375.33,0.05,74.67,107783.42,1
2026-08-17,2026-08-17 12:53:00,1375.33,1376.0,1375.33,1376.0,0.05,74.67,107783.42,1
2026-08-17,2026-08-17 12:54:00,1376.0,1376.67,1376.0,1376.67,0.05,74.67,107783.42,1
2026-08-17,2026-08-17 12:55:00,1376.67,1377.33,1376.67,1377.33,0.05,74.67,107783.42,1
2026-08-17,2026-08-17 12:56:00,1377.33,1378.0,1377.33,1378.0,0.05,74.67,107783.42,1
2026-08-17,2026-08-17 12:57:00,1378.0,1378.67,1378.0,1378.67,0.05,74.67,107783.42,1
2026-08-17,2026-08-17 12:58:00,1378.67,1379.33,1378.67,1379.33,0.05,74.67,107783.42,1
2026-08-17,2026-08-17 12:59:00,1379.33,1380.0,1379.33,1380.0,0.05,74.67,107783.42,1
2026-08-17,2026-08-17 13:00:00,1380.0,1520.0,1300.0,1380.67,0.05,74.67,107783.42,1
2026-08-17,2026-08-17 13:01:00,1380.67,1381.33,1380.67,1381.33,0.05,74.67,107783.42,1
2026-08-17,2026-08-17 13:02:00,1381.33,1382.0,1381.33,1382.0,0.05,74.67,107783.42,1
2026-08-17,2026-08-17 13:03:00,1382.0,1382.67,1382.0,1382.67,0.05,74.67,107783.42,1
2026-08-17,2026-08-17 13:04:00,1382.67,1383.33,1382.67,1383.33,0.05,74.67,107783.42,1
2026-08-17,2026-08-17 13:05:00,1383.33,1384.0,1383.33,1384.0,0.05,74.67,107783.42,1
2026-08-17,2026-08-17 13:06:00,1384.0,1384.67,1384.0,1384.67,0.05,74.67,107783.42,1
2026-08-17,2026-08-17 13:07:00,1384.67,1385.33,1384.67,1385.33,0.05,74.67,107783.42,1
2026-08-17,2026-08-17 13:08:00,1385.33,1386.0,1385.33,1386.0,0.05,74.67,107783.42,1
2026-08-17,2026-08-17 13:09:00,1386.0,1386.67,1386.0,1386.67,0.05,74.67,107783.42,1
2026-08-17,2026-08-17 13:10:00,1386.67,1387.33,1386.67,1387.33,0.05,74.67,107783.42,1
2026-08-17,2026-08-17 13:11:00,1387.33,1388.0,1387.33,1388.0,0.05,74.67,107783.42,1
2026-08-17,2026-08-17 13:12:00,1388.0,1388.67,1388.0,1388.67,0.05,74.67,107783.42,1
2026-08-17,2026-08-17 13:13:00,1388.67,1389.33,1388.67,1389.33,0.05,74.67,107783.42,1
2026-08-17,2026-08-17 13:14:00,1389.33,1390.0,1389.33,1390.0,0.05,74.67,107783.42,1
2026-08-17,2026-08-17 13:15:00,1390.0,1390.67,1390.0,1390.67,0.05,74.67,107783.42,1
2026-08-17,2026-08-17 13:16:00,1390.67,1391.33,1390.67,1391.33,0.05,74.67,107783.42,1
2026-08-17,2026-08-17 13:17:00,1391.33,1392.0,1391.33,1392.0,0.05,74.67,107783.42,1
2026-08-17,2026-08-17 13:18:00,1392.0,1392.67,1392.0,1392.67,0.05,74.67,107783.42,1
2026-08-17,2026-08-17 13:19:00,1392.67,1393.33,1392.67,1393.33,0.05,74.67,107783.42,1
2026-08-17,2026-08-17 13:20:00,1393.33,1394.0,1393.33,1394.0,0.05,74.67,107783.42,1
2026-08-17,2026-08-17 13:21:00,1394.0,1394.67,1394.0,1394.67,0.05,74.67,107783.42,1
2026-08-17,2026-08-17 13:22:00,1394.67,1395.33,1394.67,1395.33,0.05,74.67,107783.42,1
2026-08-17,2026-08-17 13:23:00,1395.33,1396.0,1395.33,1396.0,0.05,74.67,107783.42,1
2026-08-17,2026-08-17 13:24:00,1396.0,1396.67,1396.0,1396.67,0.05,74.67,107783.42,1
2026-08-17,2026-08-17 13:25:00,1396.67,1397.33,1396.67,1397.33,0.05,74.67,107783.42,1
2026-08-17,2026-08-17 13:26:00,1397.33,1398.0,1397.33,1398.0,0.05,74.67,107783.42,1
2026-08-17,2026-08-17 13:27:00,1398.0,1398.67,1398.0,1398.67,0.05,74.67,107783.42,1
2026-08-17,2026-08-17 13:28:00,1398.67,1399.33,1398.67,1399.33,0.05,74.67,107783.42,1
2026-08-17,2026-08-17 13:29:00,1399.33,1400.0,1399.33,1400.0,0.05,74.67,107783.42,1
2026-08-17,2026-08-17 13:30:00,1400.0,1400.67,1400.0,1400.67,0.05,74.67,107783.42,1
2026-08-17,2026-08-17 13:31:00,1400.67,1401.33,1400.67,1401.33,0.05,74.67,107783.42,1
2026-08-17,2026-08-17 13:32:00,1401.33,1402.0,1401.33,1402.0,0.05,74.67,107783.42,1
2026-08-17,2026-08-17 13:33:00,1402.0,1402.67,1402.0,1402.67,0.05,74.67,107783.42,1
2026-08-17,2026-08-17 13:34:00,1402.67,1403.33,1402.67,1403.33,0.05,74.67,107783.42,1
2026-08-17,2026-08-17 13:35:00,1403.33,1404.0,1403.33,1404.0,0.05,74.67,107783.42,1
2026-08-17,2026-08-17 13:36:00,1404.0,1404.67,1404.0,1404.67,0.05,74.67,107783.42,1
2026-08-17,2026-08-17 13:37:00,1404.67,1405.33,1404.67,1405.33,0.05,74.67,107783.42,1
2026-08-17,2026-08-17 13:38:00,1405.33,1406.0,1405.33,1406.0,0.05,74.67,107783.42,1
2026-08-17,2026-08-17 13:39:00,1406.0,1406.67,1406.0,1406.67,0.05,74.67,107783.42,1
2026-08-17,2026-08-17 13:40:00,1406.67,1407.33,1406.67,1407.33,0.05,74.67,107783.42,1
2026-08-17,2026-08-17 13:41:00,1407.33,1408.0,1407.33,1408.0,0.05,74.67,107783.42,1
2026-08-17,2026-08-17 13:42:00,1408.0,1408.67,1408.0,1408.67,0.05,74.67,107783.42,1
2026-08-17,2026-08-17 13:43:00,1408.67,1409.33,1408.67,1409.33,0.05,74.67,107783.42,1
2026-08-17,2026-08-17 13:44:00,1409.33,1410.0,1409.33,1410.0,0.05,74.67,107783.42,1
2026-08-17,2026-08-17 13:45:00,1410.0,1410.67,1410.0,1410.67,0.05,74.67,107783.42,1
2026-08-17,2026-08-17 13:46:00,1410.67,1411.33,1410.67,1411.33,0.05,74.67,107783.42,1
2026-08-17,2026-08-17 13:47:00,1411.33,1412.0,1411.33,1412.0,0.05,74.67,107783.42,1
2026-08-17,2026-08-17 13:48:00,1412.0,1412.67,1412.0,1412.67,0.05,74.67,107783.42,1
2026-08-17,2026-08-17 13:49:00,1412.67,1413.33,1412.67,1413.33,0.05,74.67,107783.42,1
2026-08-17,2026-08-17 13:50:00,1413.33,1414.0,1413.33,1414.0,0.05,74.67,107783.42,1
2026-08-17,2026-08-17 13:51:00,1414.0,1414.67,1414.0,1414.67,0.05,74.67,107783.42,1
2026-08-17,2026-08-17 13:52:00,1414.67,1415.33,1414.67,1415.33,0.05,74.67,107783.42,1
2026-08-17,2026-08-17 13:53:00,1415.33,1416.0,1415.33,1416.0,0.05,74.67,107783.42,1
2026-08-17,2026-08-17 13:54:00,1416.0,1416.67,1416.0,1416.67,0.05,74.67,107783.42,1
2026-08-17,2026-08-17 13:55:00,1416.67,1417.33,1416.67,1417.33,0.05,74.67,107783.42,1
2026-08-17,2026-08-17 13:56:00,1417.33,1418.0,1417.33,1418.0,0.05,74.67,107783.42,1
2026-08-17,2026-08-17 13:57:00,1418.0,1418.67,1418.0,1418.67,0.05,74.67,107783.42,1
2026-08-17,2026-08-17 13:58:00,1418.67,1419.33,1418.67,1419.33,0.05,74.67,107783.42,1
2026-08-17,2026-08-17 13:59:00,1419.33,1420.0,1419.33,1420.0,0.05,74.67,107783.42,1
2026-08-17,2026-08-17 14:00:00,1420.0,1420.67,1420.0,1420.67,0.05,74.67,107783.42,1
2026-08-17,2026-08-17 14:01:00,1420.67,1421.33,1420.67,1421.33,0.05,74.67,107783.42,1
2026-08-17,2026-08-17 14:02:00,1421.33,1422.0,1421.33,1422.0,0.05,74.67,107783.42,1
2026-08-17,2026-08-17 14:03:00,1422.0,1422.67,1422.0,1422.67,0.05,74.67,107783.42,1
2026-08-17,2026-08-17 14:04:00,1422.67,1423.33,1422.67,1423.33,0.05,74.67,107783.42,1
2026-08-17,2026-08-17 14:05:00,1423.33,1424.0,1423.33,1424.0,0.05,74.67,107783.42,1
2026-08-17,2026-08-17 14:06:00,1424.0,1424.67,1424.0,1424.67,0.05,74.67,107783.42,1
2026-08-17,2026-08-17 14:07:00,1424.67,1425.33,1424.67,1425.33,0.05,74.67,107783.42,1
2026-08-17,2026-08-17 14:08:00,1425.33,1426.0,1425.33,1426.0,0.05,74.67,107783.42,1
2026-08-17,2026-08-17 14:09:00,1426.0,1426.67,1426.0,1426.67,0.05,74.67,107783.42,1
2026-08-17,2026-08-17 14:10:00,1426.67,1427.33,1426.67,1427.33,0.05,74.67,107783.42,1
2026-08-17,2026-08-17 14:11:00,1427.33,1428.0,1427.33,1428.0,0.05,74.67,107783.42,1
2026-08-17,2026-08-17 14:12:00,1428.0,1428.67,1428.0,1428.67,0.05,74.67,107783.42,1
2026-08-17,2026-08-17 14:13:00,1428.67,1429.33,1428.67,1429.33,0.05,74.67,107783.42,1
2026-08-17,2026-08-17 14:14:00,1429.33,1430.0,1429.33,1430.0,0.05,74.67,107783.42,1
2026-08-17,2026-08-17 14:15:00,1430.0,1430.67,1430.0,1430.67,0.05,74.67,107783.42,1
2026-08-17,2026-08-17 14:16:00,1430.67,1431.33,1430.67,1431.33,0.05,74.67,107783.42,1
2026-08-17,2026-08-17 14:17:00,1431.33,1432.0,1431.33,1432.0,0.05,74.67,107783.42,1
2026-08-17,2026-08-17 14:18:00,1432.0,1432.67,1432.0,1432.67,0.05,74.67,107783.42,1
2026-08-17,2026-08-17 14:19:00,1432.67,1433.33,1432.67,1433.33,0.05,74.67,107783.42,1
2026-08-17,2026-08-17 14:20:00,1433.33,1434.0,1433.33,1434.0,0.05,74.67,107783.42,1
2026-08-17,2026-08-17 14:21:00,1434.0,1434.67,1434.0,1434.67,0.05,74.67,107783.42,1
2026-08-17,2026-08-17 14:22:00,1434.67,1435.33,1434.67,1435.33,0.05,74.67,107783.42,1
2026-08-17,2026-08-17 14:23:00,1435.33,1436.0,1435.33,1436.0,0.05,74.67,107783.42,1
2026-08-17,2026-08-17 14:24:00,1436.0,1436.67,1436.0,1436.67,0.05,74.67,107783.42,1
2026-08-17,2026-08-17 14:25:00,1436.67,1437.33,1436.67,1437.33,0.05,74.67,107783.42,1
2026-08-17,2026-08-17 14:26:00,1437.33,1438.0,1437.33,1438.0,0.05,74.67,107783.42,1
2026-08-17,2026-08-17 14:27:00,1438.0,1438.67,1438.0,1438.67,0.05,74.67,107783.42,1
2026-08-17,2026-08-17 14:28:00,1438.67,1439.33,1438.67,1439.33,0.05,74.67,107783.42,1
2026-08-17,2026-08-17 14:29:00,1439.33,1440.0,1439.33,1440.0,0.05,74.67,107783.42,1
2026-08-17,2026-08-17 14:30:00,1440.0,1440.67,1440.0,1440.67,0.05,74.67,107783.42,1
2026-08-17,2026-08-17 14:31:00,1440.67,1441.33,1440.67,1441.33,0.05,74.67,107783.42,1
2026-08-17,2026-08-17 14:32:00,1441.33,1442.0,1441.33,1442.0,0.05,74.67,107783.42,1
2026-08-17,2026-08-17 14:33:00,1442.0,1442.67,1442.0,1442.67,0.05,74.67,107783.42,1
2026-08-17,2026-08-17 14:34:00,1442.67,1443.33,1442.67,1443.33,0.05,74.67,107783.42,1
2026-08-17,2026-08-17 14:35:00,1443.33,1444.0,1443.33,1444.0,0.05,74.67,107783.42,1
2026-08-17,2026-08-17 14:36:00,1444.0,1444.67,1444.0,1444.67,0.05,74.67,107783.42,1
2026-08-17,2026-08-17 14:37:00,1444.67,1445.33,1444.67,1445.33,0.05,74.67,107783.42,1
2026-08-17,2026-08-17 14:38:00,1445.33,1446.0,1445.33,1446.0,0.05,74.67,107783.42,1
2026-08-17,2026-08-17 14:39:00,1446.0,1446.67,1446.0,1446.67,0.05,74.67,107783.42,1
2026-08-17,2026-08-17 14:40:00,1446.67,1447.33,1446.67,1447.33,0.05,74.67,107783.42,1
2026-08-17,2026-08-17 14:41:00,1447.33,1448.0,1447.33,1448.0,0.05,74.67,107783.42,1
2026-08-17,2026-08-17 14:42:00,1448.0,1448.67,1448.0,1448.67,0.05,74.67,107783.42,1
2026-08-17,2026-08-17 14:43:00,1448.67,1449.33,1448.67,1449.33,0.05,74.67,107783.42,1
2026-08-17,2026-08-17 14:44:00,1449.33,1450.0,1449.33,1450.0,0.05,74.67,107783.42,1
2026-08-17,2026-08-17 14:45:00,1450.0,1450.67,1450.0,1450.67,0.05,74.67,107783.42,1
2026-08-17,2026-08-17 14:46:00,1450.67,1451.33,1450.67,1451.33,0.05,74.67,107783.42,1
2026-08-17,2026-08-17 14:47:00,1451.33,1452.0,1451.33,1452.0,0.05,74.67,107783.42,1
2026-08-17,2026-08-17 14:48:00,1452.0,1452.67,1452.0,1452.67,0.05,74.67,107783.42,1
2026-08-17,2026-08-17 14:49:00,1452.67,1453.33,1452.67,1453.33,0.05,74.67,107783.42,1
2026-08-17,2026-08-17 14:50:00,1453.33,1454.0,1453.33,1454.0,0.05,74.67,107783.42,1
2026-08-17,2026-08-17 14:51:00,1454.0,1454.67,1454.0,1454.67,0.05,74.67,107783.42,1
2026-08-17,2026-08-17 14:52:00,1454.67,1455.33,1454.67,1455.33,0.05,74.67,107783.42,1
2026-08-17,2026-08-17 14:53:00,1455.33,1456.0,1455.33,1456.0,0.05,74.67,107783.42,1
2026-08-17,2026-08-17 14:54:00,1456.0,1456.67,1456.0,1456.67,0.05,74.67,107783.42,1
2026-08-17,2026-08-17 14:55:00,1456.67,1457.33,1456.67,1457.33,0.05,74.67,107783.42,1
2026-08-17,2026-08-17 14:56:00,1457.33,1458.0,1457.33,1458.0,0.05,74.67,107783.42,1
2026-08-17,2026-08-17 14:57:00,1458.0,1458.67,1458.0,1458.67,0.05,74.67,107783.42,1
2026-08-17,2026-08-17 14:58:00,1458.67,1459.33,1458.67,1459.33,0.05,74.67,107783.42,1
2026-08-17,2026-08-17 14:59:00,1459.33,1460.0,1459.33,1460.0,0.05,74.67,107783.42,1
2026-08-17,2026-08-17 15:00:00,1460.0,1520.0,1300.0,1460.0,0.0,74.67,107783.42,0
2026-08-18,2026-08-18 11:00:00,1387.0,1429.6,1387.0,1387.43,0.03,46.02,68877.36,1
2026-08-18,2026-08-18 11:01:00,1387.43,1387.86,1387.43,1387.86,0.03,46.02,68877.36,1
2026-08-18,2026-08-18 11:02:00,1387.86,1388.29,1387.86,1388.29,0.03,46.02,68877.36,1
2026-08-18,2026-08-18 11:03:00,1388.29,1388.72,1388.29,1388.72,0.03,46.02,68877.36,1
2026-08-18,2026-08-18 11:04:00,1388.72,1389.15,1388.72,1389.15,0.03,46.02,68877.36,1
2026-08-18,2026-08-18 11:05:00,1389.15,1389.58,1389.15,1389.58,0.03,46.02,68877.36,1
2026-08-18,2026-08-18 11:06:00,1389.58,1390.0,1389.58,1390.0,0.03,46.02,68877.36,1
2026-08-18,2026-08-18 11:07:00,1390.0,1390.43,1390.0,1390.43,0.03,46.02,68877.36,1
2026-08-18,2026-08-18 11:08:00,1390.43,1390.86,1390.43,1390.86,0.03,46.02,68877.36,1
2026-08-18,2026-08-18 11:09:00,1390.86,1391.29,1390.86,1391.29,0.03,46.02,68877.36,1
2026-08-18,2026-08-18 11:10:00,1391.29,1391.72,1391.29,1391.72,0.03,46.02,68877.36,1
2026-08-18,2026-08-18 11:11:00,1391.72,1392.15,1391.72,1392.15,0.03,46.02,68877.36,1
2026-08-18,2026-08-18 11:12:00,1392.15,1392.58,1392.15,1392.58,0.03,46.02,68877.36,1
2026-08-18,2026-08-18 11:13:00,1392.58,1393.01,1392.58,1393.01,0.03,46.02,68877.36,1
2026-08-18,2026-08-18 11:14:00,1393.01,1393.44,1393.01,1393.44,0.03,46.02,68877.36,1
2026-08-18,2026-08-18 11:15:00,1393.44,1393.87,1393.44,1393.87,0.03,46.02,68877.36,1
2026-08-18,2026-08-18 11:16:00,1393.87,1394.3,1393.87,1394.3,0.03,46.02,68877.36,1
2026-08-18,2026-08-18 11:17:00,1394.3,1394.72,1394.3,1394.72,0.03,46.02,68877.36,1
2026-08-18,2026-08-18 11:18:00,1394.72,1395.15,1394.72,1395.15,0.03,46.02,68877.36,1
2026-08-18,2026-08-18 11:19:00,1395.15,1395.58,1395.15,1395.58,0.03,46.02,68877.36,1
2026-08-18,2026-08-18 11:20:00,1395.58,1396.01,1395.58,1396.01,0.03,46.02,68877.36,1
2026-08-18,2026-08-18 11:21:00,1396.01,1396.44,1396.01,1396.44,0.03,46.02,68877.36,1
2026-08-18,2026-08-18 11:22:00,1396.44,1396.87,1396.44,1396.87,0.03,46.02,68877.36,1
2026-08-18,2026-08-18 11:23:00,1396.87,1397.3,1396.87,1397.3,0.03,46.02,68877.36,1
2026-08-18,2026-08-18 11:24:00,1397.3,1397.73,1397.3,1397.73,0.03,46.02,68877.36,1
2026-08-18,2026-08-18 11:25:00,1397.73,1398.16,1397.73,1398.16,0.03,46.02,68877.36,1
2026-08-18,2026-08-18 11:26:00,1398.16,1398.59,1398.16,1398.59,0.03,46.02,68877.36,1
2026-08-18,2026-08-18 11:27:00,1398.59,1399.02,1398.59,1399.02,0.03,46.02,68877.36,1
2026-08-18,2026-08-18 11:28:00,1399.02,1399.45,1399.02,1399.45,0.03,46.02,68877.36,1
2026-08-18,2026-08-18 11:29:00,1399.45,1399.88,1399.45,1399.88,0.03,46.02,68877.36,1
2026-08-18,2026-08-18 11:30:00,1399.88,1400.3,1399.88,1400.3,0.03,46.02,68877.36,1
2026-08-18,2026-08-18 11:31:00,1400.3,1400.73,1400.3,1400.73,0.03,46.02,68877.36,1
2026-08-18,2026-08-18 11:32:00,1400.73,1401.16,1400.73,1401.16,0.03,46.02,68877.36,1
2026-08-18,2026-08-18 11:33:00,1401.16,1401.59,1401.16,1401.59,0.03,46.02,68877.36,1
2026-08-18,2026-08-18 11:34:00,1401.59,1402.02,1401.59,1402.02,0.03,46.02,68877.36,1
2026-08-18,2026-08-18 11:35:00,1402.02,1402.45,1402.02,1402.45,0.03,46.02,68877.36,1
2026-08-18,2026-08-18 11:36:00,1402.45,1402.88,1402.45,1402.88,0.03,46.02,68877.36,1
2026-08-18,2026-08-18 11:37:00,1402.88,1403.31,1402.88,1403.31,0.03,46.02,68877.36,1
2026-08-18,2026-08-18 11:38:00,1403.31,1403.74,1403.31,1403.74,0.03,46.02,68877.36,1
2026-08-18,2026-08-18 11:39:00,1403.74,1404.17,1403.74,1404.17,0.03,46.02,68877.36,1
2026-08-18,2026-08-18 11:40:00,1404.17,1404.6,1404.17,1404.6,0.03,46.02,68877.36,1
2026-08-18,2026-08-18 11:41:00,1404.6,1405.03,1404.6,1405.03,0.03,46.02,68877.36,1
2026-08-18,2026-08-18 11:42:00,1405.03,1405.45,1405.03,1405.45,0.03,46.02,68877.36,1
2026-08-18,2026-08-18 11:43:00,1405.45,1405.88,1405.45,1405.88,0.03,46.02,68877.36,1
2026-08-18,2026-08-18 11:44:00,1405.88,1406.31,1405.88,1406.31,0.03,46.02,68877.36,1
2026-08-18,2026-08-18 11:45:00,1406.31,1406.74,1406.31,1406.74,0.03,46.02,68877.36,1
2026-08-18,2026-08-18 11:46:00,1406.74,1407.17,1406.74,1407.17,0.03,46.02,68877.36,1
2026-08-18,2026-08-18 11:47:00,1407.17,1407.6,1407.17,1407.6,0.03,46.02,68877.36,1
2026-08-18,2026-08-18 11:48:00,1407.6,1408.03,1407.6,1408.03,0.03,46.02,68877.36,1
2026-08-18,2026-08-18 11:49:00,1408.03,1408.46,1408.03,1408.46,0.03,46.02,68877.36,1
2026-08-18,2026-08-18 11:50:00,1408.46,1408.89,1408.46,1408.89,0.03,46.02,68877.36,1
2026-08-18,2026-08-18 11:51:00,1408.89,1409.32,1408.89,1409.32,0.03,46.02,68877.36,1
2026-08-18,2026-08-18 11:52:00,1409.32,1409.75,1409.32,1409.75,0.03,46.02,68877.36,1
2026-08-18,2026-08-18 11:53:00,1409.75,1410.17,1409.75,1410.17,0.03,46.02,68877.36,1
2026-08-18,2026-08-18 11:54:00,1410.17,1410.6,1410.17,1410.6,0.03,46.02,68877.36,1
2026-08-18,2026-08-18 11:55:00,1410.6,1411.03,1410.6,1411.03,0.03,46.02,68877.36,1
2026-08-18,2026-08-18 11:56:00,1411.03,1411.46,1411.03,1411.46,0.03,46.02,68877.36,1
2026-08-18,2026-08-18 11:57:00,1411.46,1411.89,1411.46,1411.89,0.03,46.02,68877.36,1
2026-08-18,2026-08-18 11:58:00,1411.89,1412.32,1411.89,1412.32,0.03,46.02,68877.36,1
2026-08-18,2026-08-18 11:59:00,1412.32,1412.75,1412.32,1412.75,0.03,46.02,68877.36,1
2026-08-18,2026-08-18 12:00:00,1412.75,1413.18,1412.75,1413.18,0.03,46.02,68877.36,1
2026-08-18,2026-08-18 12:01:00,1413.18,1413.61,1413.18,1413.61,0.03,46.02,68877.36,1
2026-08-18,2026-08-18 12:02:00,1413.61,1414.04,1413.61,1414.04,0.03,46.02,68877.36,1
2026-08-18,2026-08-18 12:03:00,1414.04,1414.47,1414.04,1414.47,0.03,46.02,68877.36,1
2026-08-18,2026-08-18 12:04:00,1414.47,1414.9,1414.47,1414.9,0.03,46.02,68877.36,1
2026-08-18,2026-08-18 12:05:00,1414.9,1415.33,1414.9,1415.33,0.03,46.02,68877.36,1
2026-08-18,2026-08-18 12:06:00,1415.33,1415.75,1415.33,1415.75,0.03,46.02,68877.36,1
2026-08-18,2026-08-18 12:07:00,1415.75,1416.18,1415.75,1416.18,0.03,46.02,68877.36,1
2026-08-18,2026-08-18 12:08:00,1416.18,1416.61,1416.18,1416.61,0.03,46.02,68877.36,1
2026-08-18,2026-08-18 12:09:00,1416.61,1417.04,1416.61,1417.04,0.03,46.02,68877.36,1
2026-08-18,2026-08-18 12:10:00,1417.04,1417.47,1417.04,1417.47,0.03,46.02,68877.36,1
2026-08-18,2026-08-18 12:11:00,1417.47,1417.9,1417.47,1417.9,0.03,46.02,68877.36,1
2026-08-18,2026-08-18 12:12:00,1417.9,1418.33,1417.9,1418.33,0.03,46.02,68877.36,1
2026-08-18,2026-08-18 12:13:00,1418.33,1418.76,1418.33,1418.76,0.03,46.02,68877.36,1
2026-08-18,2026-08-18 12:14:00,1418.76,1419.19,1418.76,1419.19,0.03,46.02,68877.36,1
2026-08-18,2026-08-18 12:15:00,1419.19,1419.62,1419.19,1419.62,0.03,46.02,68877.36,1
2026-08-18,2026-08-18 12:16:00,1419.62,1420.05,1419.62,1420.05,0.03,46.02,68877.36,1
2026-08-18,2026-08-18 12:17:00,1420.05,1420.47,1420.05,1420.47,0.03,46.02,68877.36,1
2026-08-18,2026-08-18 12:18:00,1420.47,1420.9,1420.47,1420.9,0.03,46.02,68877.36,1
2026-08-18,2026-08-18 12:19:00,1420.9,1421.33,1420.9,1421.33,0.03,46.02,68877.36,1
2026-08-18,2026-08-18 12:20:00,1421.33,1421.76,1421.33,1421.76,0.03,46.02,68877.36,1
2026-08-18,2026-08-18 12:21:00,1421.76,1422.19,1421.76,1422.19,0.03,46.02,68877.36,1
2026-08-18,2026-08-18 12:22:00,1422.19,1422.62,1422.19,1422.62,0.03,46.02,68877.36,1
2026-08-18,2026-08-18 12:23:00,1422.62,1423.05,1422.62,1423.05,0.03,46.02,68877.36,1
2026-08-18,2026-08-18 12:24:00,1423.05,1423.48,1423.05,1423.48,0.03,46.02,68877.36,1
2026-08-18,2026-08-18 12:25:00,1423.48,1423.91,1423.48,1423.91,0.03,46.02,68877.36,1
2026-08-18,2026-08-18 12:26:00,1423.91,1424.34,1423.91,1424.34,0.03,46.02,68877.36,1
2026-08-18,2026-08-18 12:27:00,1424.34,1424.77,1424.34,1424.77,0.03,46.02,68877.36,1
2026-08-18,2026-08-18 12:28:00,1424.77,1425.2,1424.77,1425.2,0.03,46.02,68877.36,1
2026-08-18,2026-08-18 12:29:00,1425.2,1425.62,1425.2,1425.62,0.03,46.02,68877.36,1
2026-08-18,2026-08-18 12:30:00,1425.62,1426.05,1425.62,1426.05,0.03,46.02,68877.36,1
2026-08-18,2026-08-18 12:31:00,1426.05,1426.48,1426.05,1426.48,0.03,46.02,68877.36,1
2026-08-18,2026-08-18 12:32:00,1426.48,1426.91,1426.48,1426.91,0.03,46.02,68877.36,1
2026-08-18,2026-08-18 12:33:00,1426.91,1427.34,1426.91,1427.34,0.03,46.02,68877.36,1
2026-08-18,2026-08-18 12:34:00,1427.34,1427.77,1427.34,1427.77,0.03,46.02,68877.36,1
2026-08-18,2026-08-18 12:35:00,1427.77,1428.2,1427.77,1428.2,0.03,46.02,68877.36,1
2026-08-18,2026-08-18 12:36:00,1428.2,1428.63,1428.2,1428.63,0.03,46.02,68877.36,1
2026-08-18,2026-08-18 12:37:00,1428.63,1429.06,1428.63,1429.06,0.03,46.02,68877.36,1
2026-08-18,2026-08-18 12:38:00,1429.06,1429.49,1429.06,1429.49,0.03,46.02,68877.36,1
2026-08-18,2026-08-18 12:39:00,1429.49,1429.92,1429.49,1429.92,0.03,46.02,68877.36,1
2026-08-18,2026-08-18 12:40:00,1429.92,1430.35,1429.92,1430.35,0.03,46.02,68877.36,1
2026-08-18,2026-08-18 12:41:00,1430.35,1430.78,1430.35,1430.78,0.03,46.02,68877.36,1
2026-08-18,2026-08-18 12:42:00,1430.78,1431.2,1430.78,1431.2,0.03,46.02,68877.36,1
2026-08-18,2026-08-18 12:43:00,1431.2,1431.63,1431.2,1431.63,0.03,46.02,68877.36,1
2026-08-18,2026-08-18 12:44:00,1431.63,1432.06,1431.63,1432.06,0.03,46.02,68877.36,1
2026-08-18,2026-08-18 12:45:00,1432.06,1432.49,1432.06,1432.49,0.03,46.02,68877.36,1
2026-08-18,2026-08-18 12:46:00,1432.49,1432.92,1432.49,1432.92,0.03,46.02,68877.36,1
2026-08-18,2026-08-18 12:47:00,1432.92,1433.35,1432.92,1433.35,0.03,46.02,68877.36,1
2026-08-18,2026-08-18 12:48:00,1433.35,1433.78,1433.35,1433.78,0.03,46.02,68877.36,1
2026-08-18,2026-08-18 12:49:00,1433.78,1434.21,1433.78,1434.21,0.03,46.02,68877.36,1
2026-08-18,2026-08-18 12:50:00,1434.21,1434.64,1434.21,1434.64,0.03,46.02,68877.36,1
2026-08-18,2026-08-18 12:51:00,1434.64,1435.07,1434.64,1435.07,0.03,46.02,68877.36,1
2026-08-18,2026-08-18 12:52:00,1435.07,1435.5,1435.07,1435.5,0.03,46.02,68877.36,1
2026-08-18,2026-08-18 12:53:00,1435.5,1435.92,1435.5,1435.92,0.03,46.02,68877.36,1
2026-08-18,2026-08-18 12:54:00,1435.92,1436.35,1435.92,1436.35,0.03,46.02,68877.36,1
2026-08-18,2026-08-18 12:55:00,1436.35,1436.78,1436.35,1436.78,0.03,46.02,68877.36,1
2026-08-18,2026-08-18 12:56:00,1436.78,1437.21,1436.78,1437.21,0.03,46.02,68877.36,1
2026-08-18,2026-08-18 12:57:00,1437.21,1437.64,1437.21,1437.64,0.03,46.02,68877.36,1
2026-08-18,2026-08-18 12:58:00,1437.64,1438.07,1437.64,1438.07,0.03,46.02,68877.36,1
2026-08-18,2026-08-18 12:59:00,1438.07,1438.5,1438.07,1438.5,0.03,46.02,68877.36,1
2026-08-18,2026-08-18 13:00:00,1438.5,1529.0,1387.0,1438.93,0.03,46.02,68877.36,1
2026-08-18,2026-08-18 13:01:00,1438.93,1439.36,1438.93,1439.36,0.03,46.02,68877.36,1
2026-08-18,2026-08-18 13:02:00,1439.36,1439.79,1439.36,1439.79,0.03,46.02,68877.36,1
2026-08-18,2026-08-18 13:03:00,1439.79,1440.22,1439.79,1440.22,0.03,46.02,68877.36,1
2026-08-18,2026-08-18 13:04:00,1440.22,1440.65,1440.22,1440.65,0.03,46.02,68877.36,1
2026-08-18,2026-08-18 13:05:00,1440.65,1441.08,1440.65,1441.08,0.03,46.02,68877.36,1
2026-08-18,2026-08-18 13:06:00,1441.08,1441.5,1441.08,1441.5,0.03,46.02,68877.36,1
2026-08-18,2026-08-18 13:07:00,1441.5,1441.93,1441.5,1441.93,0.03,46.02,68877.36,1
2026-08-18,2026-08-18 13:08:00,1441.93,1442.36,1441.93,1442.36,0.03,46.02,68877.36,1
2026-08-18,2026-08-18 13:09:00,1442.36,1442.79,1442.36,1442.79,0.03,46.02,68877.36,1
2026-08-18,2026-08-18 13:10:00,1442.79,1443.22,1442.79,1443.22,0.03,46.02,68877.36,1
2026-08-18,2026-08-18 13:11:00,1443.22,1443.65,1443.22,1443.65,0.03,46.02,68877.36,1
2026-08-18,2026-08-18 13:12:00,1443.65,1444.08,1443.65,1444.08,0.03,46.02,68877.36,1
2026-08-18,2026-08-18 13:13:00,1444.08,1444.51,1444.08,1444.51,0.03,46.02,68877.36,1
2026-08-18,2026-08-18 13:14:00,1444.51,1444.94,1444.51,1444.94,0.03,46.02,68877.36,1
2026-08-18,2026-08-18 13:15:00,1444.94,1445.37,1444.94,1445.37,0.03,46.02,68877.36,1
2026-08-18,2026-08-18 13:16:00,1445.37,1445.8,1445.37,1445.8,0.03,46.02,68877.36,1
2026-08-18,2026-08-18 13:17:00,1445.8,1446.22,1445.8,1446.22,0.03,46.02,68877.36,1
2026-08-18,2026-08-18 13:18:00,1446.22,1446.65,1446.22,1446.65,0.03,46.02,68877.36,1
2026-08-18,2026-08-18 13:19:00,1446.65,1447.08,1446.65,1447.08,0.03,46.02,68877.36,1
2026-08-18,2026-08-18 13:20:00,1447.08,1447.51,1447.08,1447.51,0.03,46.02,68877.36,1
2026-08-18,2026-08-18 13:21:00,1447.51,1447.94,1447.51,1447.94,0.03,46.02,68877.36,1
2026-08-18,2026-08-18 13:22:00,1447.94,1448.37,1447.94,1448.37,0.03,46.02,68877.36,1
2026-08-18,2026-08-18 13:23:00,1448.37,1448.8,1448.37,1448.8,0.03,46.02,68877.36,1
2026-08-18,2026-08-18 13:24:00,1448.8,1449.23,1448.8,1449.23,0.03,46.02,68877.36,1
2026-08-18,2026-08-18 13:25:00,1449.23,1449.66,1449.23,1449.66,0.03,46.02,68877.36,1
2026-08-18,2026-08-18 13:26:00,1449.66,1450.09,1449.66,1450.09,0.03,46.02,68877.36,1
2026-08-18,2026-08-18 13:27:00,1450.09,1450.52,1450.09,1450.52,0.03,46.02,68877.36,1
2026-08-18,2026-08-18 13:28:00,1450.52,1450.95,1450.52,1450.95,0.03,46.02,68877.36,1
2026-08-18,2026-08-18 13:29:00,1450.95,1451.38,1450.95,1451.38,0.03,46.02,68877.36,1
2026-08-18,2026-08-18 13:30:00,1451.38,1451.8,1451.38,1451.8,0.03,46.02,68877.36,1
2026-08-18,2026-08-18 13:31:00,1451.8,1452.23,1451.8,1452.23,0.03,46.02,68877.36,1
2026-08-18,2026-08-18 13:32:00,1452.23,1452.66,1452.23,1452.66,0.03,46.02,68877.36,1
2026-08-18,2026-08-18 13:33:00,1452.66,1453.09,1452.66,1453.09,0.03,46.02,68877.36,1
2026-08-18,2026-08-18 13:34:00,1453.09,1453.52,1453.09,1453.52,0.03,46.02,68877.36,1
2026-08-18,2026-08-18 13:35:00,1453.52,1453.95,1453.52,1453.95,0.03,46.02,68877.36,1
2026-08-18,2026-08-18 13:36:00,1453.95,1454.38,1453.95,1454.38,0.03,46.02,68877.36,1
2026-08-18,2026-08-18 13:37:00,1454.38,1454.81,1454.38,1454.81,0.03,46.02,68877.36,1
2026-08-18,2026-08-18 13:38:00,1454.81,1455.24,1454.81,1455.24,0.03,46.02,68877.36,1
2026-08-18,2026-08-18 13:39:00,1455.24,1455.67,1455.24,1455.67,0.03,46.02,68877.36,1
2026-08-18,2026-08-18 13:40:00,1455.67,1456.1,1455.67,1456.1,0.03,46.02,68877.36,1
2026-08-18,2026-08-18 13:41:00,1456.1,1456.53,1456.1,1456.53,0.03,46.02,68877.36,1
2026-08-18,2026-08-18 13:42:00,1456.53,1456.95,1456.53,1456.95,0.03,46.02,68877.36,1
2026-08-18,2026-08-18 13:43:00,1456.95,1457.38,1456.95,1457.38,0.03,46.02,68877.36,1
2026-08-18,2026-08-18 13:44:00,1457.38,1457.81,1457.38,1457.81,0.03,46.02,68877.36,1
2026-08-18,2026-08-18 13:45:00,1457.81,1458.24,1457.81,1458.24,0.03,46.02,68877.36,1
2026-08-18,2026-08-18 13:46:00,1458.24,1458.67,1458.24,1458.67,0.03,46.02,68877.36,1
2026-08-18,2026-08-18 13:47:00,1458.67,1459.1,1458.67,1459.1,0.03,46.02,68877.36,1
2026-08-18,2026-08-18 13:48:00,1459.1,1459.53,1459.1,1459.53,0.03,46.02,68877.36,1
2026-08-18,2026-08-18 13:49:00,1459.53,1459.96,1459.53,1459.96,0.03,46.02,68877.36,1
2026-08-18,2026-08-18 13:50:00,1459.96,1460.39,1459.96,1460.39,0.03,46.02,68877.36,1
2026-08-18,2026-08-18 13:51:00,1460.39,1460.82,1460.39,1460.82,0.03,46.02,68877.36,1
2026-08-18,2026-08-18 13:52:00,1460.82,1461.25,1460.82,1461.25,0.03,46.02,68877.36,1
2026-08-18,2026-08-18 13:53:00,1461.25,1461.67,1461.25,1461.67,0.03,46.02,68877.36,1
2026-08-18,2026-08-18 13:54:00,1461.67,1462.1,1461.67,1462.1,0.03,46.02,68877.36,1
2026-08-18,2026-08-18 13:55:00,1462.1,1462.53,1462.1,1462.53,0.03,46.02,68877.36,1
2026-08-18,2026-08-18 13:56:00,1462.53,1462.96,1462.53,1462.96,0.03,46.02,68877.36,1
2026-08-18,2026-08-18 13:57:00,1462.96,1463.39,1462.96,1463.39,0.03,46.02,68877.36,1
2026-08-18,2026-08-18 13:58:00,1463.39,1463.82,1463.39,1463.82,0.03,46.02,68877.36,1
2026-08-18,2026-08-18 13:59:00,1463.82,1464.25,1463.82,1464.25,0.03,46.02,68877.36,1
2026-08-18,2026-08-18 14:00:00,1464.25,1464.68,1464.25,1464.68,0.03,46.02,68877.36,1
2026-08-18,2026-08-18 14:01:00,1464.68,1465.11,1464.68,1465.11,0.03,46.02,68877.36,1
2026-08-18,2026-08-18 14:02:00,1465.11,1465.54,1465.11,1465.54,0.03,46.02,68877.36,1
2026-08-18,2026-08-18 14:03:00,1465.54,1465.97,1465.54,1465.97,0.03,46.02,68877.36,1
2026-08-18,2026-08-18 14:04:00,1465.97,1466.4,1465.97,1466.4,0.03,46.02,68877.36,1
2026-08-18,2026-08-18 14:05:00,1466.4,1466.83,1466.4,1466.83,0.03,46.02,68877.36,1
2026-08-18,2026-08-18 14:06:00,1466.83,1467.25,1466.83,1467.25,0.03,46.02,68877.36,1
2026-08-18,2026-08-18 14:07:00,1467.25,1467.68,1467.25,1467.68,0.03,46.02,68877.36,1
2026-08-18,2026-08-18 14:08:00,1467.68,1468.11,1467.68,1468.11,0.03,46.02,68877.36,1
2026-08-18,2026-08-18 14:09:00,1468.11,1468.54,1468.11,1468.54,0.03,46.02,68877.36,1
2026-08-18,2026-08-18 14:10:00,1468.54,1468.97,1468.54,1468.97,0.03,46.02,68877.36,1
2026-08-18,2026-08-18 14:11:00,1468.97,1469.4,1468.97,1469.4,0.03,46.02,68877.36,1
2026-08-18,2026-08-18 14:12:00,1469.4,1469.83,1469.4,1469.83,0.03,46.02,68877.36,1
2026-08-18,2026-08-18 14:13:00,1469.83,1470.26,1469.83,1470.26,0.03,46.02,68877.36,1
2026-08-18,2026-08-18 14:14:00,1470.26,1470.69,1470.26,1470.69,0.03,46.02,68877.36,1
2026-08-18,2026-08-18 14:15:00,1470.69,1471.12,1470.69,1471.12,0.03,46.02,68877.36,1
2026-08-18,2026-08-18 14:16:00,1471.12,1471.55,1471.12,1471.55,0.03,46.02,68877.36,1
2026-08-18,2026-08-18 14:17:00,1471.55,1471.97,1471.55,1471.97,0.03,46.02,68877.36,1
2026-08-18,2026-08-18 14:18:00,1471.97,1472.4,1471.97,1472.4,0.03,46.02,68877.36,1
2026-08-18,2026-08-18 14:19:00,1472.4,1472.83,1472.4,1472.83,0.03,46.02,68877.36,1
2026-08-18,2026-08-18 14:20:00,1472.83,1473.26,1472.83,1473.26,0.03,46.02,68877.36,1
2026-08-18,2026-08-18 14:21:00,1473.26,1473.69,1473.26,1473.69,0.03,46.02,68877.36,1
2026-08-18,2026-08-18 14:22:00,1473.69,1474.12,1473.69,1474.12,0.03,46.02,68877.36,1
2026-08-18,2026-08-18 14:23:00,1474.12,1474.55,1474.12,1474.55,0.03,46.02,68877.36,1
2026-08-18,2026-08-18 14:24:00,1474.55,1474.98,1474.55,1474.98,0.03,46.02,68877.36,1
2026-08-18,2026-08-18 14:25:00,1474.98,1475.41,1474.98,1475.41,0.03,46.02,68877.36,1
2026-08-18,2026-08-18 14:26:00,1475.41,1475.84,1475.41,1475.84,0.03,46.02,68877.36,1
2026-08-18,2026-08-18 14:27:00,1475.84,1476.27,1475.84,1476.27,0.03,46.02,68877.36,1
2026-08-18,2026-08-18 14:28:00,1476.27,1476.7,1476.27,1476.7,0.03,46.02,68877.36,1
2026-08-18,2026-08-18 14:29:00,1476.7,1477.12,1476.7,1477.12,0.03,46.02,68877.36,1
2026-08-18,2026-08-18 14:30:00,1477.12,1477.55,1477.12,1477.55,0.03,46.02,68877.36,1
2026-08-18,2026-08-18 14:31:00,1477.55,1477.98,1477.55,1477.98,0.03,46.02,68877.36,1
2026-08-18,2026-08-18 14:32:00,1477.98,1478.41,1477.98,1478.41,0.03,46.02,68877.36,1
2026-08-18,2026-08-18 14:33:00,1478.41,1478.84,1478.41,1478.84,0.03,46.02,68877.36,1
2026-08-18,2026-08-18 14:34:00,1478.84,1479.27,1478.84,1479.27,0.03,46.02,68877.36,1
2026-08-18,2026-08-18 14:35:00,1479.27,1479.7,1479.27,1479.7,0.03,46.02,68877.36,1
2026-08-18,2026-08-18 14:36:00,1479.7,1480.13,1479.7,1480.13,0.03,46.02,68877.36,1
2026-08-18,2026-08-18 14:37:00,1480.13,1480.56,1480.13,1480.56,0.03,46.02,68877.36,1
2026-08-18,2026-08-18 14:38:00,1480.56,1480.99,1480.56,1480.99,0.03,46.02,68877.36,1
2026-08-18,2026-08-18 14:39:00,1480.99,1481.42,1480.99,1481.42,0.03,46.02,68877.36,1
2026-08-18,2026-08-18 14:40:00,1481.42,1481.85,1481.42,1481.85,0.03,46.02,68877.36,1
2026-08-18,2026-08-18 14:41:00,1481.85,1482.28,1481.85,1482.28,0.03,46.02,68877.36,1
2026-08-18,2026-08-18 14:42:00,1482.28,1482.7,1482.28,1482.7,0.03,46.02,68877.36,1
2026-08-18,2026-08-18 14:43:00,1482.7,1483.13,1482.7,1483.13,0.03,46.02,68877.36,1
2026-08-18,2026-08-18 14:44:00,1483.13,1483.56,1483.13,1483.56,0.03,46.02,68877.36,1
2026-08-18,2026-08-18 14:45:00,1483.56,1483.99,1483.56,1483.99,0.03,46.02,68877.36,1
2026-08-18,2026-08-18 14:46:00,1483.99,1484.42,1483.99,1484.42,0.03,46.02,68877.36,1
2026-08-18,2026-08-18 14:47:00,1484.42,1484.85,1484.42,1484.85,0.03,46.02,68877.36,1
2026-08-18,2026-08-18 14:48:00,1484.85,1485.28,1484.85,1485.28,0.03,46.02,68877.36,1
2026-08-18,2026-08-18 14:49:00,1485.28,1485.71,1485.28,1485.71,0.03,46.02,68877.36,1
2026-08-18,2026-08-18 14:50:00,1485.71,1486.14,1485.71,1486.14,0.03,46.02,68877.36,1
2026-08-18,2026-08-18 14:51:00,1486.14,1486.57,1486.14,1486.57,0.03,46.02,68877.36,1
2026-08-18,2026-08-18 14:52:00,1486.57,1487.0,1486.57,1487.0,0.03,46.02,68877.36,1
2026-08-18,2026-08-18 14:53:00,1487.0,1487.42,1487.0,1487.42,0.03,46.02,68877.36,1
2026-08-18,2026-08-18 14:54:00,1487.42,1487.85,1487.42,1487.85,0.03,46.02,68877.36,1
2026-08-18,2026-08-18 14:55:00,1487.85,1488.28,1487.85,1488.28,0.03,46.02,68877.36,1
2026-08-18,2026-08-18 14:56:00,1488.28,1488.71,1488.28,1488.71,0.03,46.02,68877.36,1
2026-08-18,2026-08-18 14:57:00,1488.71,1489.14,1488.71,1489.14,0.03,46.02,68877.36,1
2026-08-18,2026-08-18 14:58:00,1489.14,1489.57,1489.14,1489.57,0.03,46.02,68877.36,1
2026-08-18,2026-08-18 14:59:00,1489.57,1490.0,1489.57,1490.0,0.03,46.02,68877.36,1
2026-08-18,2026-08-18 15:00:00,1490.0,1529.0,1387.0,1490.0,0.0,46.02,68877.36,0
2026-08-19,2026-08-19 11:00:00,1415.5,1456.18,1415.5,1415.85,0.02,47.22,71595.03,1
2026-08-19,2026-08-19 11:01:00,1415.85,1416.2,1415.85,1416.2,0.02,47.22,71595.03,1
2026-08-19,2026-08-19 11:02:00,1416.2,1416.56,1416.2,1416.56,0.03,47.22,71595.03,1
2026-08-19,2026-08-19 11:03:00,1416.56,1416.91,1416.56,1416.91,0.02,47.22,71595.03,1
2026-08-19,2026-08-19 11:04:00,1416.91,1417.26,1416.91,1417.26,0.02,47.22,71595.03,1
2026-08-19,2026-08-19 11:05:00,1417.26,1417.61,1417.26,1417.61,0.02,47.22,71595.03,1
2026-08-19,2026-08-19 11:06:00,1417.61,1417.96,1417.61,1417.96,0.02,47.22,71595.03,1
2026-08-19,2026-08-19 11:07:00,1417.96,1418.32,1417.96,1418.32,0.03,47.22,71595.03,1
2026-08-19,2026-08-19 11:08:00,1418.32,1418.67,1418.32,1418.67,0.02,47.22,71595.03,1
2026-08-19,2026-08-19 11:09:00,1418.67,1419.02,1418.67,1419.02,0.02,47.22,71595.03,1
2026-08-19,2026-08-19 11:10:00,1419.02,1419.37,1419.02,1419.37,0.02,47.22,71595.03,1
2026-08-19,2026-08-19 11:11:00,1419.37,1419.72,1419.37,1419.72,0.02,47.22,71595.03,1
2026-08-19,2026-08-19 11:12:00,1419.72,1420.08,1419.72,1420.08,0.03,47.22,71595.03,1
2026-08-19,2026-08-19 11:13:00,1420.08,1420.43,1420.08,1420.43,0.02,47.22,71595.03,1
2026-08-19,2026-08-19 11:14:00,1420.43,1420.78,1420.43,1420.78,0.02,47.22,71595.03,1
2026-08-19,2026-08-19 11:15:00,1420.78,1421.13,1420.78,1421.13,0.02,47.22,71595.03,1
2026-08-19,2026-08-19 11:16:00,1421.13,1421.49,1421.13,1421.49,0.03,47.22,71595.03,1
2026-08-19,2026-08-19 11:17:00,1421.49,1421.84,1421.49,1421.84,0.02,47.22,71595.03,1
2026-08-19,2026-08-19 11:18:00,1421.84,1422.19,1421.84,1422.19,0.02,47.22,71595.03,1
2026-08-19,2026-08-19 11:19:00,1422.19,1422.54,1422.19,1422.54,0.02,47.22,71595.03,1
2026-08-19,2026-08-19 11:20:00,1422.54,1422.89,1422.54,1422.89,0.02,47.22,71595.03,1
2026-08-19,2026-08-19 11:21:00,1422.89,1423.25,1422.89,1423.25,0.03,47.22,71595.03,1
2026-08-19,2026-08-19 11:22:00,1423.25,1423.6,1423.25,1423.6,0.02,47.22,71595.03,1
2026-08-19,2026-08-19 11:23:00,1423.6,1423.95,1423.6,1423.95,0.02,47.22,71595.03,1
2026-08-19,2026-08-19 11:24:00,1423.95,1424.3,1423.95,1424.3,0.02,47.22,71595.03,1
2026-08-19,2026-08-19 11:25:00,1424.3,1424.65,1424.3,1424.65,0.02,47.22,71595.03,1
2026-08-19,2026-08-19 11:26:00,1424.65,1425.01,1424.65,1425.01,0.03,47.22,71595.03,1
2026-08-19,2026-08-19 11:27:00,1425.01,1425.36,1425.01,1425.36,0.02,47.22,71595.03,1
2026-08-19,2026-08-19 11:28:00,1425.36,1425.71,1425.36,1425.71,0.02,47.22,71595.03,1
2026-08-19,2026-08-19 11:29:00,1425.71,1426.06,1425.71,1426.06,0.02,47.22,71595.03,1
2026-08-19,2026-08-19 11:30:00,1426.06,1426.41,1426.06,1426.41,0.02,47.22,71595.03,1
2026-08-19,2026-08-19 11:31:00,1426.41,1426.77,1426.41,1426.77,0.03,47.22,71595.03,1
2026-08-19,2026-08-19 11:32:00,1426.77,1427.12,1426.77,1427.12,0.02,47.22,71595.03,1
2026-08-19,2026-08-19 11:33:00,1427.12,1427.47,1427.12,1427.47,0.02,47.22,71595.03,1
2026-08-19,2026-08-19 11:34:00,1427.47,1427.82,1427.47,1427.82,0.02,47.22,71595.03,1
2026-08-19,2026-08-19 11:35:00,1427.82,1428.17,1427.82,1428.17,0.02,47.22,71595.03,1
2026-08-19,2026-08-19 11:36:00,1428.17,1428.53,1428.17,1428.53,0.03,47.22,71595.03,1
2026-08-19,2026-08-19 11:37:00,1428.53,1428.88,1428.53,1428.88,0.02,47.22,71595.03,1
2026-08-19,2026-08-19 11:38:00,1428.88,1429.23,1428.88,1429.23,0.02,47.22,71595.03,1
2026-08-19,2026-08-19 11:39:00,1429.23,1429.58,1429.23,1429.58,0.02,47.22,71595.03,1
2026-08-19,2026-08-19 11:40:00,1429.58,1429.94,1429.58,1429.94,0.03,47.22,71595.03,1
2026-08-19,2026-08-19 11:41:00,1429.94,1430.29,1429.94,1430.29,0.02,47.22,71595.03,1
2026-08-19,2026-08-19 11:42:00,1430.29,1430.64,1430.29,1430.64,0.02,47.22,71595.03,1
2026-08-19,2026-08-19 11:43:00,1430.64,1430.99,1430.64,1430.99,0.02,47.22,71595.03,1
2026-08-19,2026-08-19 11:44:00,1430.99,1431.34,1430.99,1431.34,0.02,47.22,71595.03,1
2026-08-19,2026-08-19 11:45:00,1431.34,1431.7,1431.34,1431.7,0.03,47.22,71595.03,1
2026-08-19,2026-08-19 11:46:00,1431.7,1432.05,1431.7,1432.05,0.02,47.22,71595.03,1
2026-08-19,2026-08-19 11:47:00,1432.05,1432.4,1432.05,1432.4,0.02,47.22,71595.03,1
2026-08-19,2026-08-19 11:48:00,1432.4,1432.75,1432.4,1432.75,0.02,47.22,71595.03,1
2026-08-19,2026-08-19 11:49:00,1432.75,1433.1,1432.75,1433.1,0.02,47.22,71595.03,1
2026-08-19,2026-08-19 11:50:00,1433.1,1433.46,1433.1,1433.46,0.03,47.22,71595.03,1
2026-08-19,2026-08-19 11:51:00,1433.46,1433.81,1433.46,1433.81,0.02,47.22,71595.03,1
2026-08-19,2026-08-19 11:52:00,1433.81,1434.16,1433.81,1434.16,0.02,47.22,71595.03,1
2026-08-19,2026-08-19 11:53:00,1434.16,1434.51,1434.16,1434.51,0.02,47.22,71595.03,1
2026-08-19,2026-08-19 11:54:00,1434.51,1434.86,1434.51,1434.86,0.02,47.22,71595.03,1
2026-08-19,2026-08-19 11:55:00,1434.86,1435.22,1434.86,1435.22,0.03,47.22,71595.03,1
2026-08-19,2026-08-19 11:56:00,1435.22,1435.57,1435.22,1435.57,0.02,47.22,71595.03,1
2026-08-19,2026-08-19 11:57:00,1435.57,1435.92,1435.57,1435.92,0.02,47.22,71595.03,1
2026-08-19,2026-08-19 11:58:00,1435.92,1436.27,1435.92,1436.27,0.02,47.22,71595.03,1
2026-08-19,2026-08-19 11:59:00,1436.27,1436.62,1436.27,1436.62,0.02,47.22,71595.03,1
2026-08-19,2026-08-19 12:00:00,1436.62,1436.98,1436.62,1436.98,0.03,47.22,71595.03,1
2026-08-19,2026-08-19 12:01:00,1436.98,1437.33,1436.98,1437.33,0.02,47.22,71595.03,1
2026-08-19,2026-08-19 12:02:00,1437.33,1437.68,1437.33,1437.68,0.02,47.22,71595.03,1
2026-08-19,2026-08-19 12:03:00,1437.68,1438.03,1437.68,1438.03,0.02,47.22,71595.03,1
2026-08-19,2026-08-19 12:04:00,1438.03,1438.39,1438.03,1438.39,0.03,47.22,71595.03,1
2026-08-19,2026-08-19 12:05:00,1438.39,1438.74,1438.39,1438.74,0.02,47.22,71595.03,1
2026-08-19,2026-08-19 12:06:00,1438.74,1439.09,1438.74,1439.09,0.02,47.22,71595.03,1
2026-08-19,2026-08-19 12:07:00,1439.09,1439.44,1439.09,1439.44,0.02,47.22,71595.03,1
2026-08-19,2026-08-19 12:08:00,1439.44,1439.79,1439.44,1439.79,0.02,47.22,71595.03,1
2026-08-19,2026-08-19 12:09:00,1439.79,1440.15,1439.79,1440.15,0.03,47.22,71595.03,1
2026-08-19,2026-08-19 12:10:00,1440.15,1440.5,1440.15,1440.5,0.02,47.22,71595.03,1
2026-08-19,2026-08-19 12:11:00,1440.5,1440.85,1440.5,1440.85,0.02,47.22,71595.03,1
2026-08-19,2026-08-19 12:12:00,1440.85,1441.2,1440.85,1441.2,0.02,47.22,71595.03,1
2026-08-19,2026-08-19 12:13:00,1441.2,1441.55,1441.2,1441.55,0.02,47.22,71595.03,1
2026-08-19,2026-08-19 12:14:00,1441.55,1441.91,1441.55,1441.91,0.02,47.22,71595.03,1
2026-08-19,2026-08-19 12:15:00,1441.91,1442.26,1441.91,1442.26,0.02,47.22,71595.03,1
2026-08-19,2026-08-19 12:16:00,1442.26,1442.61,1442.26,1442.61,0.02,47.22,71595.03,1
2026-08-19,2026-08-19 12:17:00,1442.61,1442.96,1442.61,1442.96,0.02,47.22,71595.03,1
2026-08-19,2026-08-19 12:18:00,1442.96,1443.31,1442.96,1443.31,0.02,47.22,71595.03,1
2026-08-19,2026-08-19 12:19:00,1443.31,1443.67,1443.31,1443.67,0.02,47.22,71595.03,1
2026-08-19,2026-08-19 12:20:00,1443.67,1444.02,1443.67,1444.02,0.02,47.22,71595.03,1
2026-08-19,2026-08-19 12:21:00,1444.02,1444.37,1444.02,1444.37,0.02,47.22,71595.03,1
2026-08-19,2026-08-19 12:22:00,1444.37,1444.72,1444.37,1444.72,0.02,47.22,71595.03,1
2026-08-19,2026-08-19 12:23:00,1444.72,1445.08,1444.72,1445.08,0.02,47.22,71595.03,1
2026-08-19,2026-08-19 12:24:00,1445.08,1445.43,1445.08,1445.43,0.02,47.22,71595.03,1
2026-08-19,2026-08-19 12:25:00,1445.43,1445.78,1445.43,1445.78,0.02,47.22,71595.03,1
2026-08-19,2026-08-19 12:26:00,1445.78,1446.13,1445.78,1446.13,0.02,47.22,71595.03,1
2026-08-19,2026-08-19 12:27:00,1446.13,1446.48,1446.13,1446.48,0.02,47.22,71595.03,1
2026-08-19,2026-08-19 12:28:00,1446.48,1446.84,1446.48,1446.84,0.02,47.22,71595.03,1
2026-08-19,2026-08-19 12:29:00,1446.84,1447.19,1446.84,1447.19,0.02,47.22,71595.03,1
2026-08-19,2026-08-19 12:30:00,1447.19,1447.54,1447.19,1447.54,0.02,47.22,71595.03,1
2026-08-19,2026-08-19 12:31:00,1447.54,1447.89,1447.54,1447.89,0.02,47.22,71595.03,1
2026-08-19,2026-08-19 12:32:00,1447.89,1448.24,1447.89,1448.24,0.02,47.22,71595.03,1
2026-08-19,2026-08-19 12:33:00,1448.24,1448.6,1448.24,1448.6,0.02,47.22,71595.03,1
2026-08-19,2026-08-19 12:34:00,1448.6,1448.95,1448.6,1448.95,0.02,47.22,71595.03,1
2026-08-19,2026-08-19 12:35:00,1448.95,1449.3,1448.95,1449.3,0.02,47.22,71595.03,1
2026-08-19,2026-08-19 12:36:00,1449.3,1449.65,1449.3,1449.65,0.02,47.22,71595.03,1
2026-08-19,2026-08-19 12:37:00,1449.65,1450.0,1449.65,1450.0,0.02,47.22,71595.03,1
2026-08-19,2026-08-19 12:38:00,1450.0,1450.36,1450.0,1450.36,0.02,47.22,71595.03,1
2026-08-19,2026-08-19 12:39:00,1450.36,1450.71,1450.36,1450.71,0.02,47.22,71595.03,1
2026-08-19,2026-08-19 12:40:00,1450.71,1451.06,1450.71,1451.06,0.02,47.22,71595.03,1
2026-08-19,2026-08-19 12:41:00,1451.06,1451.41,1451.06,1451.41,0.02,47.22,71595.03,1
2026-08-19,2026-08-19 12:42:00,1451.41,1451.76,1451.41,1451.76,0.02,47.22,71595.03,1
2026-08-19,2026-08-19 12:43:00,1451.76,1452.12,1451.76,1452.12,0.02,47.22,71595.03,1
2026-08-19,2026-08-19 12:44:00,1452.12,1452.47,1452.12,1452.47,0.02,47.22,71595.03,1
2026-08-19,2026-08-19 12:45:00,1452.47,1452.82,1452.47,1452.82,0.02,47.22,71595.03,1
2026-08-19,2026-08-19 12:46:00,1452.82,1453.17,1452.82,1453.17,0.02,47.22,71595.03,1
2026-08-19,2026-08-19 12:47:00,1453.17,1453.53,1453.17,1453.53,0.02,47.22,71595.03,1
2026-08-19,2026-08-19 12:48:00,1453.53,1453.88,1453.53,1453.88,0.02,47.22,71595.03,1
2026-08-19,2026-08-19 12:49:00,1453.88,1454.23,1453.88,1454.23,0.02,47.22,71595.03,1
2026-08-19,2026-08-19 12:50:00,1454.23,1454.58,1454.23,1454.58,0.02,47.22,71595.03,1
2026-08-19,2026-08-19 12:51:00,1454.58,1454.93,1454.58,1454.93,0.02,47.22,71595.03,1
2026-08-19,2026-08-19 12:52:00,1454.93,1455.29,1454.93,1455.29,0.02,47.22,71595.03,1
2026-08-19,2026-08-19 12:53:00,1455.29,1455.64,1455.29,1455.64,0.02,47.22,71595.03,1
2026-08-19,2026-08-19 12:54:00,1455.64,1455.99,1455.64,1455.99,0.02,47.22,71595.03,1
2026-08-19,2026-08-19 12:55:00,1455.99,1456.34,1455.99,1456.34,0.02,47.22,71595.03,1
2026-08-19,2026-08-19 12:56:00,1456.34,1456.69,1456.34,1456.69,0.02,47.22,71595.03,1
2026-08-19,2026-08-19 12:57:00,1456.69,1457.05,1456.69,1457.05,0.02,47.22,71595.03,1
2026-08-19,2026-08-19 12:58:00,1457.05,1457.4,1457.05,1457.4,0.02,47.22,71595.03,1
2026-08-19,2026-08-19 12:59:00,1457.4,1457.75,1457.4,1457.75,0.02,47.22,71595.03,1
2026-08-19,2026-08-19 13:00:00,1457.75,1551.1,1415.5,1458.1,0.02,47.22,71595.03,1
2026-08-19,2026-08-19 13:01:00,1458.1,1458.45,1458.1,1458.45,0.02,47.22,71595.03,1
2026-08-19,2026-08-19 13:02:00,1458.45,1458.81,1458.45,1458.81,0.02,47.22,71595.03,1
2026-08-19,2026-08-19 13:03:00,1458.81,1459.16,1458.81,1459.16,0.02,47.22,71595.03,1
2026-08-19,2026-08-19 13:04:00,1459.16,1459.51,1459.16,1459.51,0.02,47.22,71595.03,1
2026-08-19,2026-08-19 13:05:00,1459.51,1459.86,1459.51,1459.86,0.02,47.22,71595.03,1
2026-08-19,2026-08-19 13:06:00,1459.86,1460.21,1459.86,1460.21,0.02,47.22,71595.03,1
2026-08-19,2026-08-19 13:07:00,1460.21,1460.57,1460.21,1460.57,0.02,47.22,71595.03,1
2026-08-19,2026-08-19 13:08:00,1460.57,1460.92,1460.57,1460.92,0.02,47.22,71595.03,1
2026-08-19,2026-08-19 13:09:00,1460.92,1461.27,1460.92,1461.27,0.02,47.22,71595.03,1
2026-08-19,2026-08-19 13:10:00,1461.27,1461.62,1461.27,1461.62,0.02,47.22,71595.03,1
2026-08-19,2026-08-19 13:11:00,1461.62,1461.97,1461.62,1461.97,0.02,47.22,71595.03,1
2026-08-19,2026-08-19 13:12:00,1461.97,1462.33,1461.97,1462.33,0.02,47.22,71595.03,1
2026-08-19,2026-08-19 13:13:00,1462.33,1462.68,1462.33,1462.68,0.02,47.22,71595.03,1
2026-08-19,2026-08-19 13:14:00,1462.68,1463.03,1462.68,1463.03,0.02,47.22,71595.03,1
2026-08-19,2026-08-19 13:15:00,1463.03,1463.38,1463.03,1463.38,0.02,47.22,71595.03,1
2026-08-19,2026-08-19 13:16:00,1463.38,1463.74,1463.38,1463.74,0.02,47.22,71595.03,1
2026-08-19,2026-08-19 13:17:00,1463.74,1464.09,1463.74,1464.09,0.02,47.22,71595.03,1
2026-08-19,2026-08-19 13:18:00,1464.09,1464.44,1464.09,1464.44,0.02,47.22,71595.03,1
2026-08-19,2026-08-19 13:19:00,1464.44,1464.79,1464.44,1464.79,0.02,47.22,71595.03,1
2026-08-19,2026-08-19 13:20:00,1464.79,1465.14,1464.79,1465.14,0.02,47.22,71595.03,1
2026-08-19,2026-08-19 13:21:00,1465.14,1465.5,1465.14,1465.5,0.02,47.22,71595.03,1
2026-08-19,2026-08-19 13:22:00,1465.5,1465.85,1465.5,1465.85,0.02,47.22,71595.03,1
2026-08-19,2026-08-19 13:23:00,1465.85,1466.2,1465.85,1466.2,0.02,47.22,71595.03,1
2026-08-19,2026-08-19 13:24:00,1466.2,1466.55,1466.2,1466.55,0.02,47.22,71595.03,1
2026-08-19,2026-08-19 13:25:00,1466.55,1466.9,1466.55,1466.9,0.02,47.22,71595.03,1
2026-08-19,2026-08-19 13:26:00,1466.9,1467.26,1466.9,1467.26,0.02,47.22,71595.03,1
2026-08-19,2026-08-19 13:27:00,1467.26,1467.61,1467.26,1467.61,0.02,47.22,71595.03,1
2026-08-19,2026-08-19 13:28:00,1467.61,1467.96,1467.61,1467.96,0.02,47.22,71595.03,1
2026-08-19,2026-08-19 13:29:00,1467.96,1468.31,1467.96,1468.31,0.02,47.22,71595.03,1
2026-08-19,2026-08-19 13:30:00,1468.31,1468.66,1468.31,1468.66,0.02,47.22,71595.03,1
2026-08-19,2026-08-19 13:31:00,1468.66,1469.02,1468.66,1469.02,0.02,47.22,71595.03,1
2026-08-19,2026-08-19 13:32:00,1469.02,1469.37,1469.02,1469.37,0.02,47.22,71595.03,1
2026-08-19,2026-08-19 13:33:00,1469.37,1469.72,1469.37,1469.72,0.02,47.22,71595.03,1
2026-08-19,2026-08-19 13:34:00,1469.72,1470.07,1469.72,1470.07,0.02,47.22,71595.03,1
2026-08-19,2026-08-19 13:35:00,1470.07,1470.42,1470.07,1470.42,0.02,47.22,71595.03,1
2026-08-19,2026-08-19 13:36:00,1470.42,1470.78,1470.42,1470.78,0.02,47.22,71595.03,1
2026-08-19,2026-08-19 13:37:00,1470.78,1471.13,1470.78,1471.13,0.02,47.22,71595.03,1
2026-08-19,2026-08-19 13:38:00,1471.13,1471.48,1471.13,1471.48,0.02,47.22,71595.03,1
2026-08-19,2026-08-19 13:39:00,1471.48,1471.83,1471.48,1471.83,0.02,47.22,71595.03,1
2026-08-19,2026-08-19 13:40:00,1471.83,1472.19,1471.83,1472.19,0.02,47.22,71595.03,1
2026-08-19,2026-08-19 13:41:00,1472.19,1472.54,1472.19,1472.54,0.02,47.22,71595.03,1
2026-08-19,2026-08-19 13:42:00,1472.54,1472.89,1472.54,1472.89,0.02,47.22,71595.03,1
2026-08-19,2026-08-19 13:43:00,1472.89,1473.24,1472.89,1473.24,0.02,47.22,71595.03,1
2026-08-19,2026-08-19 13:44:00,1473.24,1473.59,1473.24,1473.59,0.02,47.22,71595.03,1
2026-08-19,2026-08-19 13:45:00,1473.59,1473.95,1473.59,1473.95,0.02,47.22,71595.03,1
2026-08-19,2026-08-19 13:46:00,1473.95,1474.3,1473.95,1474.3,0.02,47.22,71595.03,1
2026-08-19,2026-08-19 13:47:00,1474.3,1474.65,1474.3,1474.65,0.02,47.22,71595.03,1
2026-08-19,2026-08-19 13:48:00,1474.65,1475.0,1474.65,1475.0,0.02,47.22,71595.03,1
2026-08-19,2026-08-19 13:49:00,1475.0,1475.35,1475.0,1475.35,0.02,47.22,71595.03,1
2026-08-19,2026-08-19 13:50:00,1475.35,1475.71,1475.35,1475.71,0.02,47.22,71595.03,1
2026-08-19,2026-08-19 13:51:00,1475.71,1476.06,1475.71,1476.06,0.02,47.22,71595.03,1
2026-08-19,2026-08-19 13:52:00,1476.06,1476.41,1476.06,1476.41,0.02,47.22,71595.03,1
2026-08-19,2026-08-19 13:53:00,1476.41,1476.76,1476.41,1476.76,0.02,47.22,71595.03,1
2026-08-19,2026-08-19 13:54:00,1476.76,1477.11,1476.76,1477.11,0.02,47.22,71595.03,1
2026-08-19,2026-08-19 13:55:00,1477.11,1477.47,1477.11,1477.47,0.02,47.22,71595.03,1
2026-08-19,2026-08-19 13:56:00,1477.47,1477.82,1477.47,1477.82,0.02,47.22,71595.03,1
2026-08-19,2026-08-19 13:57:00,1477.82,1478.17,1477.82,1478.17,0.02,47.22,71595.03,1
2026-08-19,2026-08-19 13:58:00,1478.17,1478.52,1478.17,1478.52,0.02,47.22,71595.03,1
2026-08-19,2026-08-19 13:59:00,1478.52,1478.88,1478.52,1478.88,0.02,47.22,71595.03,1
2026-08-19,2026-08-19 14:00:00,1478.88,1479.23,1478.88,1479.23,0.02,47.22,71595.03,1
2026-08-19,2026-08-19 14:01:00,1479.23,1479.58,1479.23,1479.58,0.02,47.22,71595.03,1
2026-08-19,2026-08-19 14:02:00,1479.58,1479.93,1479.58,1479.93,0.02,47.22,71595.03,1
2026-08-19,2026-08-19 14:03:00,1479.93,1480.28,1479.93,1480.28,0.02,47.22,71595.03,1
2026-08-19,2026-08-19 14:04:00,1480.28,1480.64,1480.28,1480.64,0.02,47.22,71595.03,1
2026-08-19,2026-08-19 14:05:00,1480.64,1480.99,1480.64,1480.99,0.02,47.22,71595.03,1
2026-08-19,2026-08-19 14:06:00,1480.99,1481.34,1480.99,1481.34,0.02,47.22,71595.03,1
2026-08-19,2026-08-19 14:07:00,1481.34,1481.69,1481.34,1481.69,0.02,47.22,71595.03,1
2026-08-19,2026-08-19 14:08:00,1481.69,1482.04,1481.69,1482.04,0.02,47.22,71595.03,1
2026-08-19,2026-08-19 14:09:00,1482.04,1482.4,1482.04,1482.4,0.02,47.22,71595.03,1
2026-08-19,2026-08-19 14:10:00,1482.4,1482.75,1482.4,1482.75,0.02,47.22,71595.03,1
2026-08-19,2026-08-19 14:11:00,1482.75,1483.1,1482.75,1483.1,0.02,47.22,71595.03,1
2026-08-19,2026-08-19 14:12:00,1483.1,1483.45,1483.1,1483.45,0.02,47.22,71595.03,1
2026-08-19,2026-08-19 14:13:00,1483.45,1483.8,1483.45,1483.8,0.02,47.22,71595.03,1
2026-08-19,2026-08-19 14:14:00,1483.8,1484.16,1483.8,1484.16,0.02,47.22,71595.03,1
2026-08-19,2026-08-19 14:15:00,1484.16,1484.51,1484.16,1484.51,0.02,47.22,71595.03,1
2026-08-19,2026-08-19 14:16:00,1484.51,1484.86,1484.51,1484.86,0.02,47.22,71595.03,1
2026-08-19,2026-08-19 14:17:00,1484.86,1485.21,1484.86,1485.21,0.02,47.22,71595.03,1
2026-08-19,2026-08-19 14:18:00,1485.21,1485.56,1485.21,1485.56,0.02,47.22,71595.03,1
2026-08-19,2026-08-19 14:19:00,1485.56,1485.92,1485.56,1485.92,0.02,47.22,71595.03,1
2026-08-19,2026-08-19 14:20:00,1485.92,1486.27,1485.92,1486.27,0.02,47.22,71595.03,1
2026-08-19,2026-08-19 14:21:00,1486.27,1486.62,1486.27,1486.62,0.02,47.22,71595.03,1
2026-08-19,2026-08-19 14:22:00,1486.62,1486.97,1486.62,1486.97,0.02,47.22,71595.03,1
2026-08-19,2026-08-19 14:23:00,1486.97,1487.33,1486.97,1487.33,0.02,47.22,71595.03,1
2026-08-19,2026-08-19 14:24:00,1487.33,1487.68,1487.33,1487.68,0.02,47.22,71595.03,1
2026-08-19,2026-08-19 14:25:00,1487.68,1488.03,1487.68,1488.03,0.02,47.22,71595.03,1
2026-08-19,2026-08-19 14:26:00,1488.03,1488.38,1488.03,1488.38,0.02,47.22,71595.03,1
2026-08-19,2026-08-19 14:27:00,1488.38,1488.73,1488.38,1488.73,0.02,47.22,71595.03,1
2026-08-19,2026-08-19 14:28:00,1488.73,1489.09,1488.73,1489.09,0.02,47.22,71595.03,1
2026-08-19,2026-08-19 14:29:00,1489.09,1489.44,1489.09,1489.44,0.02,47.22,71595.03,1
2026-08-19,2026-08-19 14:30:00,1489.44,1489.79,1489.44,1489.79,0.02,47.22,71595.03,1
2026-08-19,2026-08-19 14:31:00,1489.79,1490.14,1489.79,1490.14,0.02,47.22,71595.03,1
2026-08-19,2026-08-19 14:32:00,1490.14,1490.49,1490.14,1490.49,0.02,47.22,71595.03,1
2026-08-19,2026-08-19 14:33:00,1490.49,1490.85,1490.49,1490.85,0.02,47.22,71595.03,1
2026-08-19,2026-08-19 14:34:00,1490.85,1491.2,1490.85,1491.2,0.02,47.22,71595.03,1
2026-08-19,2026-08-19 14:35:00,1491.2,1491.55,1491.2,1491.55,0.02,47.22,71595.03,1
2026-08-19,2026-08-19 14:36:00,1491.55,1491.9,1491.55,1491.9,0.02,47.22,71595.03,1
2026-08-19,2026-08-19 14:37:00,1491.9,1492.25,1491.9,1492.25,0.02,47.22,71595.03,1
2026-08-19,2026-08-19 14:38:00,1492.25,1492.61,1492.25,1492.61,0.02,47.22,71595.03,1
2026-08-19,2026-08-19 14:39:00,1492.61,1492.96,1492.61,1492.96,0.02,47.22,71595.03,1
2026-08-19,2026-08-19 14:40:00,1492.96,1493.31,1492.96,1493.31,0.02,47.22,71595.03,1
2026-08-19,2026-08-19 14:41:00,1493.31,1493.66,1493.31,1493.66,0.02,47.22,71595.03,1
2026-08-19,2026-08-19 14:42:00,1493.66,1494.01,1493.66,1494.01,0.02,47.22,71595.03,1
2026-08-19,2026-08-19 14:43:00,1494.01,1494.37,1494.01,1494.37,0.02,47.22,71595.03,1
2026-08-19,2026-08-19 14:44:00,1494.37,1494.72,1494.37,1494.72,0.02,47.22,71595.03,1
2026-08-19,2026-08-19 14:45:00,1494.72,1495.07,1494.72,1495.07,0.02,47.22,71595.03,1
2026-08-19,2026-08-19 14:46:00,1495.07,1495.42,1495.07,1495.42,0.02,47.22,71595.03,1
2026-08-19,2026-08-19 14:47:00,1495.42,1495.78,1495.42,1495.78,0.02,47.22,71595.03,1
2026-08-19,2026-08-19 14:48:00,1495.78,1496.13,1495.78,1496.13,0.02,47.22,71595.03,1
2026-08-19,2026-08-19 14:49:00,1496.13,1496.48,1496.13,1496.48,0.02,47.22,71595.03,1
2026-08-19,2026-08-19 14:50:00,1496.48,1496.83,1496.48,1496.83,0.02,47.22,71595.03,1
2026-08-19,2026-08-19 14:51:00,1496.83,1497.18,1496.83,1497.18,0.02,47.22,71595.03,1
2026-08-19,2026-08-19 14:52:00,1497.18,1497.54,1497.18,1497.54,0.02,47.22,71595.03,1
2026-08-19,2026-08-19 14:53:00,1497.54,1497.89,1497.54,1497.89,0.02,47.22,71595.03,1
2026-08-19,2026-08-19 14:54:00,1497.89,1498.24,1497.89,1498.24,0.02,47.22,71595.03,1
2026-08-19,2026-08-19 14:55:00,1498.24,1498.59,1498.24,1498.59,0.02,47.22,71595.03,1
2026-08-19,2026-08-19 14:56:00,1498.59,1498.94,1498.59,1498.94,0.02,47.22,71595.03,1
2026-08-19,2026-08-19 14:57:00,1498.94,1499.3,1498.94,1499.3,0.02,47.22,71595.03,1
2026-08-19,2026-08-19 14:58:00,1499.3,1499.65,1499.3,1499.65,0.02,47.22,71595.03,1
2026-08-19,2026-08-19 14:59:00,1499.65,1500.0,1499.65,1500.0,0.02,47.22,71595.03,1
2026-08-19,2026-08-19 15:00:00,1500.0,1551.1,1415.5,1500.0,0.0,47.22,71595.03,0
2026-08-20,2026-08-20 11:00:00,1425.0,1462.47,1425.0,1425.12,0.01,32.66,48466.29,1
2026-08-20,2026-08-20 11:01:00,1425.12,1425.25,1425.12,1425.25,0.01,32.66,48466.29,1
2026-08-20,2026-08-20 11:02:00,1425.25,1425.38,1425.25,1425.38,0.01,32.66,48466.29,1
2026-08-20,2026-08-20 11:03:00,1425.38,1425.5,1425.38,1425.5,0.01,32.66,48466.29,1
2026-08-20,2026-08-20 11:04:00,1425.5,1425.62,1425.5,1425.62,0.01,32.66,48466.29,1
2026-08-20,2026-08-20 11:05:00,1425.62,1425.75,1425.62,1425.75,0.01,32.66,48466.29,1
2026-08-20,2026-08-20 11:06:00,1425.75,1425.88,1425.75,1425.88,0.01,32.66,48466.29,1
2026-08-20,2026-08-20 11:07:00,1425.88,1426.0,1425.88,1426.0,0.01,32.66,48466.29,1
2026-08-20,2026-08-20 11:08:00,1426.0,1426.12,1426.0,1426.12,0.01,32.66,48466.29,1
2026-08-20,2026-08-20 11:09:00,1426.12,1426.25,1426.12,1426.25,0.01,32.66,48466.29,1
2026-08-20,2026-08-20 11:10:00,1426.25,1426.38,1426.25,1426.38,0.01,32.66,48466.29,1
2026-08-20,2026-08-20 11:11:00,1426.38,1426.5,1426.38,1426.5,0.01,32.66,48466.29,1
2026-08-20,2026-08-20 11:12:00,1426.5,1426.62,1426.5,1426.62,0.01,32.66,48466.29,1
2026-08-20,2026-08-20 11:13:00,1426.62,1426.75,1426.62,1426.75,0.01,32.66,48466.29,1
2026-08-20,2026-08-20 11:14:00,1426.75,1426.88,1426.75,1426.88,0.01,32.66,48466.29,1
2026-08-20,2026-08-20 11:15:00,1426.88,1427.0,1426.88,1427.0,0.01,32.66,48466.29,1
2026-08-20,2026-08-20 11:16:00,1427.0,1427.12,1427.0,1427.12,0.01,32.66,48466.29,1
2026-08-20,2026-08-20 11:17:00,1427.12,1427.25,1427.12,1427.25,0.01,32.66,48466.29,1
2026-08-20,2026-08-20 11:18:00,1427.25,1427.38,1427.25,1427.38,0.01,32.66,48466.29,1
2026-08-20,2026-08-20 11:19:00,1427.38,1427.5,1427.38,1427.5,0.01,32.66,48466.29,1
2026-08-20,2026-08-20 11:20:00,1427.5,1427.62,1427.5,1427.62,0.01,32.66,48466.29,1
2026-08-20,2026-08-20 11:21:00,1427.62,1427.75,1427.62,1427.75,0.01,32.66,48466.29,1
2026-08-20,2026-08-20 11:22:00,1427.75,1427.88,1427.75,1427.88,0.01,32.66,48466.29,1
2026-08-20,2026-08-20 11:23:00,1427.88,1428.0,1427.88,1428.0,0.01,32.66,48466.29,1
2026-08-20,2026-08-20 11:24:00,1428.0,1428.12,1428.0,1428.12,0.01,32.66,48466.29,1
2026-08-20,2026-08-20 11:25:00,1428.12,1428.25,1428.12,1428.25,0.01,32.66,48466.29,1
2026-08-20,2026-08-20 11:26:00,1428.25,1428.38,1428.25,1428.38,0.01,32.66,48466.29,1
2026-08-20,2026-08-20 11:27:00,1428.38,1428.5,1428.38,1428.5,0.01,32.66,48466.29,1
2026-08-20,2026-08-20 11:28:00,1428.5,1428.62,1428.5,1428.62,0.01,32.66,48466.29,1
2026-08-20,2026-08-20 11:29:00,1428.62,1428.75,1428.62,1428.75,0.01,32.66,48466.29,1
2026-08-20,2026-08-20 11:30:00,1428.75,1428.88,1428.75,1428.88,0.01,32.66,48466.29,1
2026-08-20,2026-08-20 11:31:00,1428.88,1429.0,1428.88,1429.0,0.01,32.66,48466.29,1
2026-08-20,2026-08-20 11:32:00,1429.0,1429.12,1429.0,1429.12,0.01,32.66,48466.29,1
2026-08-20,2026-08-20 11:33:00,1429.12,1429.25,1429.12,1429.25,0.01,32.66,48466.29,1
2026-08-20,2026-08-20 11:34:00,1429.25,1429.38,1429.25,1429.38,0.01,32.66,48466.29,1
2026-08-20,2026-08-20 11:35:00,1429.38,1429.5,1429.38,1429.5,0.01,32.66,48466.29,1
2026-08-20,2026-08-20 11:36:00,1429.5,1429.62,1429.5,1429.62,0.01,32.66,48466.29,1
2026-08-20,2026-08-20 11:37:00,1429.62,1429.75,1429.62,1429.75,0.01,32.66,48466.29,1
2026-08-20,2026-08-20 11:38:00,1429.75,1429.88,1429.75,1429.88,0.01,32.66,48466.29,1
2026-08-20,2026-08-20 11:39:00,1429.88,1430.0,1429.88,1430.0,0.01,32.66,48466.29,1
2026-08-20,2026-08-20 11:40:00,1430.0,1430.12,1430.0,1430.12,0.01,32.66,48466.29,1
2026-08-20,2026-08-20 11:41:00,1430.12,1430.25,1430.12,1430.25,0.01,32.66,48466.29,1
2026-08-20,2026-08-20 11:42:00,1430.25,1430.38,1430.25,1430.38,0.01,32.66,48466.29,1
2026-08-20,2026-08-20 11:43:00,1430.38,1430.5,1430.38,1430.5,0.01,32.66,48466.29,1
2026-08-20,2026-08-20 11:44:00,1430.5,1430.62,1430.5,1430.62,0.01,32.66,48466.29,1
2026-08-20,2026-08-20 11:45:00,1430.62,1430.75,1430.62,1430.75,0.01,32.66,48466.29,1
2026-08-20,2026-08-20 11:46:00,1430.75,1430.88,1430.75,1430.88,0.01,32.66,48466.29,1
2026-08-20,2026-08-20 11:47:00,1430.88,1431.0,1430.88,1431.0,0.01,32.66,48466.29,1
2026-08-20,2026-08-20 11:48:00,1431.0,1431.12,1431.0,1431.12,0.01,32.66,48466.29,1
2026-08-20,2026-08-20 11:49:00,1431.12,1431.25,1431.12,1431.25,0.01,32.66,48466.29,1
2026-08-20,2026-08-20 11:50:00,1431.25,1431.38,1431.25,1431.38,0.01,32.66,48466.29,1
2026-08-20,2026-08-20 11:51:00,1431.38,1431.5,1431.38,1431.5,0.01,32.66,48466.29,1
2026-08-20,2026-08-20 11:52:00,1431.5,1431.62,1431.5,1431.62,0.01,32.66,48466.29,1
2026-08-20,2026-08-20 11:53:00,1431.62,1431.75,1431.62,1431.75,0.01,32.66,48466.29,1
2026-08-20,2026-08-20 11:54:00,1431.75,1431.88,1431.75,1431.88,0.01,32.66,48466.29,1
2026-08-20,2026-08-20 11:55:00,1431.88,1432.0,1431.88,1432.0,0.01,32.66,48466.29,1
2026-08-20,2026-08-20 11:56:00,1432.0,1432.12,1432.0,1432.12,0.01,32.66,48466.29,1
2026-08-20,2026-08-20 11:57:00,1432.12,1432.25,1432.12,1432.25,0.01,32.66,48466.29,1
2026-08-20,2026-08-20 11:58:00,1432.25,1432.38,1432.25,1432.38,0.01,32.66,48466.29,1
2026-08-20,2026-08-20 11:59:00,1432.38,1432.5,1432.38,1432.5,0.01,32.66,48466.29,1
2026-08-20,2026-08-20 12:00:00,1432.5,1432.62,1432.5,1432.62,0.01,32.66,48466.29,1
2026-08-20,2026-08-20 12:01:00,1432.62,1432.75,1432.62,1432.75,0.01,32.66,48466.29,1
2026-08-20,2026-08-20 12:02:00,1432.75,1432.88,1432.75,1432.88,0.01,32.66,48466.29,1
2026-08-20,2026-08-20 12:03:00,1432.88,1433.0,1432.88,1433.0,0.01,32.66,48466.29,1
2026-08-20,2026-08-20 12:04:00,1433.0,1433.12,1433.0,1433.12,0.01,32.66,48466.29,1
2026-08-20,2026-08-20 12:05:00,1433.12,1433.25,1433.12,1433.25,0.01,32.66,48466.29,1
2026-08-20,2026-08-20 12:06:00,1433.25,1433.38,1433.25,1433.38,0.01,32.66,48466.29,1
2026-08-20,2026-08-20 12:07:00,1433.38,1433.5,1433.38,1433.5,0.01,32.66,48466.29,1
2026-08-20,2026-08-20 12:08:00,1433.5,1433.62,1433.5,1433.62,0.01,32.66,48466.29,1
2026-08-20,2026-08-20 12:09:00,1433.62,1433.75,1433.62,1433.75,0.01,32.66,48466.29,1
2026-08-20,2026-08-20 12:10:00,1433.75,1433.88,1433.75,1433.88,0.01,32.66,48466.29,1
2026-08-20,2026-08-20 12:11:00,1433.88,1434.0,1433.88,1434.0,0.01,32.66,48466.29,1
2026-08-20,2026-08-20 12:12:00,1434.0,1434.12,1434.0,1434.12,0.01,32.66,48466.29,1
2026-08-20,2026-08-20 12:13:00,1434.12,1434.25,1434.12,1434.25,0.01,32.66,48466.29,1
2026-08-20,2026-08-20 12:14:00,1434.25,1434.38,1434.25,1434.38,0.01,32.66,48466.29,1
2026-08-20,2026-08-20 12:15:00,1434.38,1434.5,1434.38,1434.5,0.01,32.66,48466.29,1
2026-08-20,2026-08-20 12:16:00,1434.5,1434.62,1434.5,1434.62,0.01,32.66,48466.29,1
2026-08-20,2026-08-20 12:17:00,1434.62,1434.75,1434.62,1434.75,0.01,32.66,48466.29,1
2026-08-20,2026-08-20 12:18:00,1434.75,1434.88,1434.75,1434.88,0.01,32.66,48466.29,1
2026-08-20,2026-08-20 12:19:00,1434.88,1435.0,1434.88,1435.0,0.01,32.66,48466.29,1
2026-08-20,2026-08-20 12:20:00,1435.0,1435.12,1435.0,1435.12,0.01,32.66,48466.29,1
2026-08-20,2026-08-20 12:21:00,1435.12,1435.25,1435.12,1435.25,0.01,32.66,48466.29,1
2026-08-20,2026-08-20 12:22:00,1435.25,1435.38,1435.25,1435.38,0.01,32.66,48466.29,1
2026-08-20,2026-08-20 12:23:00,1435.38,1435.5,1435.38,1435.5,0.01,32.66,48466.29,1
2026-08-20,2026-08-20 12:24:00,1435.5,1435.62,1435.5,1435.62,0.01,32.66,48466.29,1
2026-08-20,2026-08-20 12:25:00,1435.62,1435.75,1435.62,1435.75,0.01,32.66,48466.29,1
2026-08-20,2026-08-20 12:26:00,1435.75,1435.88,1435.75,1435.88,0.01,32.66,48466.29,1
2026-08-20,2026-08-20 12:27:00,1435.88,1436.0,1435.88,1436.0,0.01,32.66,48466.29,1
2026-08-20,2026-08-20 12:28:00,1436.0,1436.12,1436.0,1436.12,0.01,32.66,48466.29,1
2026-08-20,2026-08-20 12:29:00,1436.12,1436.25,1436.12,1436.25,0.01,32.66,48466.29,1
2026-08-20,2026-08-20 12:30:00,1436.25,1436.38,1436.25,1436.38,0.01,32.66,48466.29,1
2026-08-20,2026-08-20 12:31:00,1436.38,1436.5,1436.38,1436.5,0.01,32.66,48466.29,1
2026-08-20,2026-08-20 12:32:00,1436.5,1436.62,1436.5,1436.62,0.01,32.66,48466.29,1
2026-08-20,2026-08-20 12:33:00,1436.62,1436.75,1436.62,1436.75,0.01,32.66,48466.29,1
2026-08-20,2026-08-20 12:34:00,1436.75,1436.88,1436.75,1436.88,0.01,32.66,48466.29,1
2026-08-20,2026-08-20 12:35:00,1436.88,1437.0,1436.88,1437.0,0.01,32.66,48466.29,1
2026-08-20,2026-08-20 12:36:00,1437.0,1437.12,1437.0,1437.12,0.01,32.66,48466.29,1
2026-08-20,2026-08-20 12:37:00,1437.12,1437.25,1437.12,1437.25,0.01,32.66,48466.29,1
2026-08-20,2026-08-20 12:38:00,1437.25,1437.38,1437.25,1437.38,0.01,32.66,48466.29,1
2026-08-20,2026-08-20 12:39:00,1437.38,1437.5,1437.38,1437.5,0.01,32.66,48466.29,1
2026-08-20,2026-08-20 12:40:00,1437.5,1437.62,1437.5,1437.62,0.01,32.66,48466.29,1
2026-08-20,2026-08-20 12:41:00,1437.62,1437.75,1437.62,1437.75,0.01,32.66,48466.29,1
2026-08-20,2026-08-20 12:42:00,1437.75,1437.88,1437.75,1437.88,0.01,32.66,48466.29,1
2026-08-20,2026-08-20 12:43:00,1437.88,1438.0,1437.88,1438.0,0.01,32.66,48466.29,1
2026-08-20,2026-08-20 12:44:00,1438.0,1438.12,1438.0,1438.12,0.01,32.66,48466.29,1
2026-08-20,2026-08-20 12:45:00,1438.12,1438.25,1438.12,1438.25,0.01,32.66,48466.29,1
2026-08-20,2026-08-20 12:46:00,1438.25,1438.38,1438.25,1438.38,0.01,32.66,48466.29,1
2026-08-20,2026-08-20 12:47:00,1438.38,1438.5,1438.38,1438.5,0.01,32.66,48466.29,1
2026-08-20,2026-08-20 12:48:00,1438.5,1438.62,1438.5,1438.62,0.01,32.66,48466.29,1
2026-08-20,2026-08-20 12:49:00,1438.62,1438.75,1438.62,1438.75,0.01,32.66,48466.29,1
2026-08-20,2026-08-20 12:50:00,1438.75,1438.88,1438.75,1438.88,0.01,32.66,48466.29,1
2026-08-20,2026-08-20 12:51:00,1438.88,1439.0,1438.88,1439.0,0.01,32.66,48466.29,1
2026-08-20,2026-08-20 12:52:00,1439.0,1439.12,1439.0,1439.12,0.01,32.66,48466.29,1
2026-08-20,2026-08-20 12:53:00,1439.12,1439.25,1439.12,1439.25,0.01,32.66,48466.29,1
2026-08-20,2026-08-20 12:54:00,1439.25,1439.38,1439.25,1439.38,0.01,32.66,48466.29,1
2026-08-20,2026-08-20 12:55:00,1439.38,1439.5,1439.38,1439.5,0.01,32.66,48466.29,1
2026-08-20,2026-08-20 12:56:00,1439.5,1439.62,1439.5,1439.62,0.01,32.66,48466.29,1
2026-08-20,2026-08-20 12:57:00,1439.62,1439.75,1439.62,1439.75,0.01,32.66,48466.29,1
2026-08-20,2026-08-20 12:58:00,1439.75,1439.88,1439.75,1439.88,0.01,32.66,48466.29,1
2026-08-20,2026-08-20 12:59:00,1439.88,1440.0,1439.88,1440.0,0.01,32.66,48466.29,1
2026-08-20,2026-08-20 13:00:00,1440.0,1549.9,1425.0,1440.12,0.01,32.66,48466.29,1
2026-08-20,2026-08-20 13:01:00,1440.12,1440.25,1440.12,1440.25,0.01,32.66,48466.29,1
2026-08-20,2026-08-20 13:02:00,1440.25,1440.38,1440.25,1440.38,0.01,32.66,48466.29,1
2026-08-20,2026-08-20 13:03:00,1440.38,1440.5,1440.38,1440.5,0.01,32.66,48466.29,1
2026-08-20,2026-08-20 13:04:00,1440.5,1440.62,1440.5,1440.62,0.01,32.66,48466.29,1
2026-08-20,2026-08-20 13:05:00,1440.62,1440.75,1440.62,1440.75,0.01,32.66,48466.29,1
2026-08-20,2026-08-20 13:06:00,1440.75,1440.88,1440.75,1440.88,0.01,32.66,48466.29,1
2026-08-20,2026-08-20 13:07:00,1440.88,1441.0,1440.88,1441.0,0.01,32.66,48466.29,1
2026-08-20,2026-08-20 13:08:00,1441.0,1441.12,1441.0,1441.12,0.01,32.66,48466.29,1
2026-08-20,2026-08-20 13:09:00,1441.12,1441.25,1441.12,1441.25,0.01,32.66,48466.29,1
2026-08-20,2026-08-20 13:10:00,1441.25,1441.38,1441.25,1441.38,0.01,32.66,48466.29,1
2026-08-20,2026-08-20 13:11:00,1441.38,1441.5,1441.38,1441.5,0.01,32.66,48466.29,1
2026-08-20,2026-08-20 13:12:00,1441.5,1441.62,1441.5,1441.62,0.01,32.66,48466.29,1
2026-08-20,2026-08-20 13:13:00,1441.62,1441.75,1441.62,1441.75,0.01,32.66,48466.29,1
2026-08-20,2026-08-20 13:14:00,1441.75,1441.88,1441.75,1441.88,0.01,32.66,48466.29,1
2026-08-20,2026-08-20 13:15:00,1441.88,1442.0,1441.88,1442.0,0.01,32.66,48466.29,1
2026-08-20,2026-08-20 13:16:00,1442.0,1442.12,1442.0,1442.12,0.01,32.66,48466.29,1
2026-08-20,2026-08-20 13:17:00,1442.12,1442.25,1442.12,1442.25,0.01,32.66,48466.29,1
2026-08-20,2026-08-20 13:18:00,1442.25,1442.38,1442.25,1442.38,0.01,32.66,48466.29,1
2026-08-20,2026-08-20 13:19:00,1442.38,1442.5,1442.38,1442.5,0.01,32.66,48466.29,1
2026-08-20,2026-08-20 13:20:00,1442.5,1442.62,1442.5,1442.62,0.01,32.66,48466.29,1
2026-08-20,2026-08-20 13:21:00,1442.62,1442.75,1442.62,1442.75,0.01,32.66,48466.29,1
2026-08-20,2026-08-20 13:22:00,1442.75,1442.88,1442.75,1442.88,0.01,32.66,48466.29,1
2026-08-20,2026-08-20 13:23:00,1442.88,1443.0,1442.88,1443.0,0.01,32.66,48466.29,1
2026-08-20,2026-08-20 13:24:00,1443.0,1443.12,1443.0,1443.12,0.01,32.66,48466.29,1
2026-08-20,2026-08-20 13:25:00,1443.12,1443.25,1443.12,1443.25,0.01,32.66,48466.29,1
2026-08-20,2026-08-20 13:26:00,1443.25,1443.38,1443.25,1443.38,0.01,32.66,48466.29,1
2026-08-20,2026-08-20 13:27:00,1443.38,1443.5,1443.38,1443.5,0.01,32.66,48466.29,1
2026-08-20,2026-08-20 13:28:00,1443.5,1443.62,1443.5,1443.62,0.01,32.66,48466.29,1
2026-08-20,2026-08-20 13:29:00,1443.62,1443.75,1443.62,1443.75,0.01,32.66,48466.29,1
2026-08-20,2026-08-20 13:30:00,1443.75,1443.88,1443.75,1443.88,0.01,32.66,48466.29,1
2026-08-20,2026-08-20 13:31:00,1443.88,1444.0,1443.88,1444.0,0.01,32.66,48466.29,1
2026-08-20,2026-08-20 13:32:00,1444.0,1444.12,1444.0,1444.12,0.01,32.66,48466.29,1
2026-08-20,2026-08-20 13:33:00,1444.12,1444.25,1444.12,1444.25,0.01,32.66,48466.29,1
2026-08-20,2026-08-20 13:34:00,1444.25,1444.38,1444.25,1444.38,0.01,32.66,48466.29,1
2026-08-20,2026-08-20 13:35:00,1444.38,1444.5,1444.38,1444.5,0.01,32.66,48466.29,1
2026-08-20,2026-08-20 13:36:00,1444.5,1444.62,1444.5,1444.62,0.01,32.66,48466.29,1
2026-08-20,2026-08-20 13:37:00,1444.62,1444.75,1444.62,1444.75,0.01,32.66,48466.29,1
2026-08-20,2026-08-20 13:38:00,1444.75,1444.88,1444.75,1444.88,0.01,32.66,48466.29,1
2026-08-20,2026-08-20 13:39:00,1444.88,1445.0,1444.88,1445.0,0.01,32.66,48466.29,1
2026-08-20,2026-08-20 13:40:00,1445.0,1445.12,1445.0,1445.12,0.01,32.66,48466.29,1
2026-08-20,2026-08-20 13:41:00,1445.12,1445.25,1445.12,1445.25,0.01,32.66,48466.29,1
2026-08-20,2026-08-20 13:42:00,1445.25,1445.38,1445.25,1445.38,0.01,32.66,48466.29,1
2026-08-20,2026-08-20 13:43:00,1445.38,1445.5,1445.38,1445.5,0.01,32.66,48466.29,1
2026-08-20,2026-08-20 13:44:00,1445.5,1445.62,1445.5,1445.62,0.01,32.66,48466.29,1
2026-08-20,2026-08-20 13:45:00,1445.62,1445.75,1445.62,1445.75,0.01,32.66,48466.29,1
2026-08-20,2026-08-20 13:46:00,1445.75,1445.88,1445.75,1445.88,0.01,32.66,48466.29,1
2026-08-20,2026-08-20 13:47:00,1445.88,1446.0,1445.88,1446.0,0.01,32.66,48466.29,1
2026-08-20,2026-08-20 13:48:00,1446.0,1446.12,1446.0,1446.12,0.01,32.66,48466.29,1
2026-08-20,2026-08-20 13:49:00,1446.12,1446.25,1446.12,1446.25,0.01,32.66,48466.29,1
2026-08-20,2026-08-20 13:50:00,1446.25,1446.38,1446.25,1446.38,0.01,32.66,48466.29,1
2026-08-20,2026-08-20 13:51:00,1446.38,1446.5,1446.38,1446.5,0.01,32.66,48466.29,1
2026-08-20,2026-08-20 13:52:00,1446.5,1446.62,1446.5,1446.62,0.01,32.66,48466.29,1
2026-08-20,2026-08-20 13:53:00,1446.62,1446.75,1446.62,1446.75,0.01,32.66,48466.29,1
2026-08-20,2026-08-20 13:54:00,1446.75,1446.88,1446.75,1446.88,0.01,32.66,48466.29,1
2026-08-20,2026-08-20 13:55:00,1446.88,1447.0,1446.88,1447.0,0.01,32.66,48466.29,1
2026-08-20,2026-08-20 13:56:00,1447.0,1447.12,1447.0,1447.12,0.01,32.66,48466.29,1
2026-08-20,2026-08-20 13:57:00,1447.12,1447.25,1447.12,1447.25,0.01,32.66,48466.29,1
2026-08-20,2026-08-20 13:58:00,1447.25,1447.38,1447.25,1447.38,0.01,32.66,48466.29,1
2026-08-20,2026-08-20 13:59:00,1447.38,1447.5,1447.38,1447.5,0.01,32.66,48466.29,1
2026-08-20,2026-08-20 14:00:00,1447.5,1447.62,1447.5,1447.62,0.01,32.66,48466.29,1
2026-08-20,2026-08-20 14:01:00,1447.62,1447.75,1447.62,1447.75,0.01,32.66,48466.29,1
2026-08-20,2026-08-20 14:02:00,1447.75,1447.88,1447.75,1447.88,0.01,32.66,48466.29,1
2026-08-20,2026-08-20 14:03:00,1447.88,1448.0,1447.88,1448.0,0.01,32.66,48466.29,1
2026-08-20,2026-08-20 14:04:00,1448.0,1448.12,1448.0,1448.12,0.01,32.66,48466.29,1
2026-08-20,2026-08-20 14:05:00,1448.12,1448.25,1448.12,1448.25,0.01,32.66,48466.29,1
2026-08-20,2026-08-20 14:06:00,1448.25,1448.38,1448.25,1448.38,0.01,32.66,48466.29,1
2026-08-20,2026-08-20 14:07:00,1448.38,1448.5,1448.38,1448.5,0.01,32.66,48466.29,1
2026-08-20,2026-08-20 14:08:00,1448.5,1448.62,1448.5,1448.62,0.01,32.66,48466.29,1
2026-08-20,2026-08-20 14:09:00,1448.62,1448.75,1448.62,1448.75,0.01,32.66,48466.29,1
2026-08-20,2026-08-20 14:10:00,1448.75,1448.88,1448.75,1448.88,0.01,32.66,48466.29,1
2026-08-20,2026-08-20 14:11:00,1448.88,1449.0,1448.88,1449.0,0.01,32.66,48466.29,1
2026-08-20,2026-08-20 14:12:00,1449.0,1449.12,1449.0,1449.12,0.01,32.66,48466.29,1
2026-08-20,2026-08-20 14:13:00,1449.12,1449.25,1449.12,1449.25,0.01,32.66,48466.29,1
2026-08-20,2026-08-20 14:14:00,1449.25,1449.38,1449.25,1449.38,0.01,32.66,48466.29,1
2026-08-20,2026-08-20 14:15:00,1449.38,1449.5,1449.38,1449.5,0.01,32.66,48466.29,1
2026-08-20,2026-08-20 14:16:00,1449.5,1449.62,1449.5,1449.62,0.01,32.66,48466.29,1
2026-08-20,2026-08-20 14:17:00,1449.62,1449.75,1449.62,1449.75,0.01,32.66,48466.29,1
2026-08-20,2026-08-20 14:18:00,1449.75,1449.88,1449.75,1449.88,0.01,32.66,48466.29,1
2026-08-20,2026-08-20 14:19:00,1449.88,1450.0,1449.88,1450.0,0.01,32.66,48466.29,1
2026-08-20,2026-08-20 14:20:00,1450.0,1450.12,1450.0,1450.12,0.01,32.66,48466.29,1
2026-08-20,2026-08-20 14:21:00,1450.12,1450.25,1450.12,1450.25,0.01,32.66,48466.29,1
2026-08-20,2026-08-20 14:22:00,1450.25,1450.38,1450.25,1450.38,0.01,32.66,48466.29,1
2026-08-20,2026-08-20 14:23:00,1450.38,1450.5,1450.38,1450.5,0.01,32.66,48466.29,1
2026-08-20,2026-08-20 14:24:00,1450.5,1450.62,1450.5,1450.62,0.01,32.66,48466.29,1
2026-08-20,2026-08-20 14:25:00,1450.62,1450.75,1450.62,1450.75,0.01,32.66,48466.29,1
2026-08-20,2026-08-20 14:26:00,1450.75,1450.88,1450.75,1450.88,0.01,32.66,48466.29,1
2026-08-20,2026-08-20 14:27:00,1450.88,1451.0,1450.88,1451.0,0.01,32.66,48466.29,1
2026-08-20,2026-08-20 14:28:00,1451.0,1451.12,1451.0,1451.12,0.01,32.66,48466.29,1
2026-08-20,2026-08-20 14:29:00,1451.12,1451.25,1451.12,1451.25,0.01,32.66,48466.29,1
2026-08-20,2026-08-20 14:30:00,1451.25,1451.38,1451.25,1451.38,0.01,32.66,48466.29,1
2026-08-20,2026-08-20 14:31:00,1451.38,1451.5,1451.38,1451.5,0.01,32.66,48466.29,1
2026-08-20,2026-08-20 14:32:00,1451.5,1451.62,1451.5,1451.62,0.01,32.66,48466.29,1
2026-08-20,2026-08-20 14:33:00,1451.62,1451.75,1451.62,1451.75,0.01,32.66,48466.29,1
2026-08-20,2026-08-20 14:34:00,1451.75,1451.88,1451.75,1451.88,0.01,32.66,48466.29,1
2026-08-20,2026-08-20 14:35:00,1451.88,1452.0,1451.88,1452.0,0.01,32.66,48466.29,1
2026-08-20,2026-08-20 14:36:00,1452.0,1452.12,1452.0,1452.12,0.01,32.66,48466.29,1
2026-08-20,2026-08-20 14:37:00,1452.12,1452.25,1452.12,1452.25,0.01,32.66,48466.29,1
2026-08-20,2026-08-20 14:38:00,1452.25,1452.38,1452.25,1452.38,0.01,32.66,48466.29,1
2026-08-20,2026-08-20 14:39:00,1452.38,1452.5,1452.38,1452.5,0.01,32.66,48466.29,1
2026-08-20,2026-08-20 14:40:00,1452.5,1452.62,1452.5,1452.62,0.01,32.66,48466.29,1
2026-08-20,2026-08-20 14:41:00,1452.62,1452.75,1452.62,1452.75,0.01,32.66,48466.29,1
2026-08-20,2026-08-20 14:42:00,1452.75,1452.88,1452.75,1452.88,0.01,32.66,48466.29,1
2026-08-20,2026-08-20 14:43:00,1452.88,1453.0,1452.88,1453.0,0.01,32.66,48466.29,1
2026-08-20,2026-08-20 14:44:00,1453.0,1453.12,1453.0,1453.12,0.01,32.66,48466.29,1
2026-08-20,2026-08-20 14:45:00,1453.12,1453.25,1453.12,1453.25,0.01,32.66,48466.29,1
2026-08-20,2026-08-20 14:46:00,1453.25,1453.38,1453.25,1453.38,0.01,32.66,48466.29,1
2026-08-20,2026-08-20 14:47:00,1453.38,1453.5,1453.38,1453.5,0.01,32.66,48466.29,1
2026-08-20,2026-08-20 14:48:00,1453.5,1453.62,1453.5,1453.62,0.01,32.66,48466.29,1
2026-08-20,2026-08-20 14:49:00,1453.62,1453.75,1453.62,1453.75,0.01,32.66,48466.29,1
2026-08-20,2026-08-20 14:50:00,1453.75,1453.88,1453.75,1453.88,0.01,32.66,48466.29,1
2026-08-20,2026-08-20 14:51:00,1453.88,1454.0,1453.88,1454.0,0.01,32.66,48466.29,1
2026-08-20,2026-08-20 14:52:00,1454.0,1454.12,1454.0,1454.12,0.01,32.66,48466.29,1
2026-08-20,2026-08-20 14:53:00,1454.12,1454.25,1454.12,1454.25,0.01,32.66,48466.29,1
2026-08-20,2026-08-20 14:54:00,1454.25,1454.38,1454.25,1454.38,0.01,32.66,48466.29,1
2026-08-20,2026-08-20 14:55:00,1454.38,1454.5,1454.38,1454.5,0.01,32.66,48466.29,1
2026-08-20,2026-08-20 14:56:00,1454.5,1454.62,1454.5,1454.62,0.01,32.66,48466.29,1
2026-08-20,2026-08-20 14:57:00,1454.62,1454.75,1454.62,1454.75,0.01,32.66,48466.29,1
2026-08-20,2026-08-20 14:58:00,1454.75,1454.88,1454.75,1454.88,0.01,32.66,48466.29,1
2026-08-20,2026-08-20 14:59:00,1454.88,1455.0,1454.88,1455.0,0.01,32.66,48466.29,1
2026-08-20,2026-08-20 15:00:00,1455.0,1549.9,1425.0,1455.0,0.0,32.66,48466.29,0
2026-08-21,2026-08-21 11:00:00,1382.3,1431.08,1382.3,1382.65,0.03,74.18,108644.88,1
2026-08-21,2026-08-21 11:01:00,1382.65,1383.0,1382.65,1383.0,0.03,74.18,108644.88,1
2026-08-21,2026-08-21 11:02:00,1383.0,1383.35,1383.0,1383.35,0.03,74.18,108644.88,1
2026-08-21,2026-08-21 11:03:00,1383.35,1383.69,1383.35,1383.69,0.02,74.18,108644.88,1
2026-08-21,2026-08-21 11:04:00,1383.69,1384.04,1383.69,1384.04,0.03,74.18,108644.88,1
2026-08-21,2026-08-21 11:05:00,1384.04,1384.39,1384.04,1384.39,0.03,74.18,108644.88,1
2026-08-21,2026-08-21 11:06:00,1384.39,1384.74,1384.39,1384.74,0.03,74.18,108644.88,1
2026-08-21,2026-08-21 11:07:00,1384.74,1385.09,1384.74,1385.09,0.03,74.18,108644.88,1
2026-08-21,2026-08-21 11:08:00,1385.09,1385.44,1385.09,1385.44,0.03,74.18,108644.88,1
2026-08-21,2026-08-21 11:09:00,1385.44,1385.79,1385.44,1385.79,0.03,74.18,108644.88,1
2026-08-21,2026-08-21 11:10:00,1385.79,1386.14,1385.79,1386.14,0.03,74.18,108644.88,1
2026-08-21,2026-08-21 11:11:00,1386.14,1386.48,1386.14,1386.48,0.02,74.18,108644.88,1
2026-08-21,2026-08-21 11:12:00,1386.48,1386.83,1386.48,1386.83,0.03,74.18,108644.88,1
2026-08-21,2026-08-21 11:13:00,1386.83,1387.18,1386.83,1387.18,0.03,74.18,108644.88,1
2026-08-21,2026-08-21 11:14:00,1387.18,1387.53,1387.18,1387.53,0.03,74.18,108644.88,1
2026-08-21,2026-08-21 11:15:00,1387.53,1387.88,1387.53,1387.88,0.03,74.18,108644.88,1
2026-08-21,2026-08-21 11:16:00,1387.88,1388.23,1387.88,1388.23,0.03,74.18,108644.88,1
2026-08-21,2026-08-21 11:17:00,1388.23,1388.58,1388.23,1388.58,0.03,74.18,108644.88,1
2026-08-21,2026-08-21 11:18:00,1388.58,1388.93,1388.58,1388.93,0.03,74.18,108644.88,1
2026-08-21,2026-08-21 11:19:00,1388.93,1389.27,1388.93,1389.27,0.02,74.18,108644.88,1
2026-08-21,2026-08-21 11:20:00,1389.27,1389.62,1389.27,1389.62,0.03,74.18,108644.88,1
2026-08-21,2026-08-21 11:21:00,1389.62,1389.97,1389.62,1389.97,0.03,74.18,108644.88,1
2026-08-21,2026-08-21 11:22:00,1389.97,1390.32,1389.97,1390.32,0.03,74.18,108644.88,1
2026-08-21,2026-08-21 11:23:00,1390.32,1390.67,1390.32,1390.67,0.03,74.18,108644.88,1
2026-08-21,2026-08-21 11:24:00,1390.67,1391.02,1390.67,1391.02,0.03,74.18,108644.88,1
2026-08-21,2026-08-21 11:25:00,1391.02,1391.37,1391.02,1391.37,0.03,74.18,108644.88,1
2026-08-21,2026-08-21 11:26:00,1391.37,1391.72,1391.37,1391.72,0.03,74.18,108644.88,1
2026-08-21,2026-08-21 11:27:00,1391.72,1392.07,1391.72,1392.07,0.03,74.18,108644.88,1
2026-08-21,2026-08-21 11:28:00,1392.07,1392.41,1392.07,1392.41,0.02,74.18,108644.88,1
2026-08-21,2026-08-21 11:29:00,1392.41,1392.76,1392.41,1392.76,0.03,74.18,108644.88,1
2026-08-21,2026-08-21 11:30:00,1392.76,1393.11,1392.76,1393.11,0.03,74.18,108644.88,1
2026-08-21,2026-08-21 11:31:00,1393.11,1393.46,1393.11,1393.46,0.03,74.18,108644.88,1
2026-08-21,2026-08-21 11:32:00,1393.46,1393.81,1393.46,1393.81,0.03,74.18,108644.88,1
2026-08-21,2026-08-21 11:33:00,1393.81,1394.16,1393.81,1394.16,0.03,74.18,108644.88,1
2026-08-21,2026-08-21 11:34:00,1394.16,1394.51,1394.16,1394.51,0.03,74.18,108644.88,1
2026-08-21,2026-08-21 11:35:00,1394.51,1394.86,1394.51,1394.86,0.03,74.18,108644.88,1
2026-08-21,2026-08-21 11:36:00,1394.86,1395.2,1394.86,1395.2,0.02,74.18,108644.88,1
2026-08-21,2026-08-21 11:37:00,1395.2,1395.55,1395.2,1395.55,0.03,74.18,108644.88,1
2026-08-21,2026-08-21 11:38:00,1395.55,1395.9,1395.55,1395.9,0.03,74.18,108644.88,1
2026-08-21,2026-08-21 11:39:00,1395.9,1396.25,1395.9,1396.25,0.03,74.18,108644.88,1
2026-08-21,2026-08-21 11:40:00,1396.25,1396.6,1396.25,1396.6,0.03,74.18,108644.88,1
2026-08-21,2026-08-21 11:41:00,1396.6,1396.95,1396.6,1396.95,0.03,74.18,108644.88,1
2026-08-21,2026-08-21 11:42:00,1396.95,1397.3,1396.95,1397.3,0.03,74.18,108644.88,1
2026-08-21,2026-08-21 11:43:00,1397.3,1397.64,1397.3,1397.64,0.02,74.18,108644.88,1
2026-08-21,2026-08-21 11:44:00,1397.64,1397.99,1397.64,1397.99,0.03,74.18,108644.88,1
2026-08-21,2026-08-21 11:45:00,1397.99,1398.34,1397.99,1398.34,0.03,74.18,108644.88,1
2026-08-21,2026-08-21 11:46:00,1398.34,1398.69,1398.34,1398.69,0.03,74.18,108644.88,1
2026-08-21,2026-08-21 11:47:00,1398.69,1399.04,1398.69,1399.04,0.03,74.18,108644.88,1
2026-08-21,2026-08-21 11:48:00,1399.04,1399.39,1399.04,1399.39,0.03,74.18,108644.88,1
2026-08-21,2026-08-21 11:49:00,1399.39,1399.74,1399.39,1399.74,0.03,74.18,108644.88,1
2026-08-21,2026-08-21 11:50:00,1399.74,1400.09,1399.74,1400.09,0.03,74.18,108644.88,1
2026-08-21,2026-08-21 11:51:00,1400.09,1400.43,1400.09,1400.43,0.02,74.18,108644.88,1
2026-08-21,2026-08-21 11:52:00,1400.43,1400.78,1400.43,1400.78,0.02,74.18,108644.88,1
2026-08-21,2026-08-21 11:53:00,1400.78,1401.13,1400.78,1401.13,0.02,74.18,108644.88,1
2026-08-21,2026-08-21 11:54:00,1401.13,1401.48,1401.13,1401.48,0.02,74.18,108644.88,1
2026-08-21,2026-08-21 11:55:00,1401.48,1401.83,1401.48,1401.83,0.02,74.18,108644.88,1
2026-08-21,2026-08-21 11:56:00,1401.83,1402.18,1401.83,1402.18,0.02,74.18,108644.88,1
2026-08-21,2026-08-21 11:57:00,1402.18,1402.53,1402.18,1402.53,0.02,74.18,108644.88,1
2026-08-21,2026-08-21 11:58:00,1402.53,1402.88,1402.53,1402.88,0.02,74.18,108644.88,1
2026-08-21,2026-08-21 11:59:00,1402.88,1403.22,1402.88,1403.22,0.02,74.18,108644.88,1
2026-08-21,2026-08-21 12:00:00,1403.22,1403.57,1403.22,1403.57,0.02,74.18,108644.88,1
2026-08-21,2026-08-21 12:01:00,1403.57,1403.92,1403.57,1403.92,0.02,74.18,108644.88,1
2026-08-21,2026-08-21 12:02:00,1403.92,1404.27,1403.92,1404.27,0.02,74.18,108644.88,1
2026-08-21,2026-08-21 12:03:00,1404.27,1404.62,1404.27,1404.62,0.02,74.18,108644.88,1
2026-08-21,2026-08-21 12:04:00,1404.62,1404.97,1404.62,1404.97,0.02,74.18,108644.88,1
2026-08-21,2026-08-21 12:05:00,1404.97,1405.32,1404.97,1405.32,0.02,74.18,108644.88,1
2026-08-21,2026-08-21 12:06:00,1405.32,1405.67,1405.32,1405.67,0.02,74.18,108644.88,1
2026-08-21,2026-08-21 12:07:00,1405.67,1406.01,1405.67,1406.01,0.02,74.18,108644.88,1
2026-08-21,2026-08-21 12:08:00,1406.01,1406.36,1406.01,1406.36,0.02,74.18,108644.88,1
2026-08-21,2026-08-21 12:09:00,1406.36,1406.71,1406.36,1406.71,0.02,74.18,108644.88,1
2026-08-21,2026-08-21 12:10:00,1406.71,1407.06,1406.71,1407.06,0.02,74.18,108644.88,1
2026-08-21,2026-08-21 12:11:00,1407.06,1407.41,1407.06,1407.41,0.02,74.18,108644.88,1
2026-08-21,2026-08-21 12:12:00,1407.41,1407.76,1407.41,1407.76,0.02,74.18,108644.88,1
2026-08-21,2026-08-21 12:13:00,1407.76,1408.11,1407.76,1408.11,0.02,74.18,108644.88,1
2026-08-21,2026-08-21 12:14:00,1408.11,1408.46,1408.11,1408.46,0.02,74.18,108644.88,1
2026-08-21,2026-08-21 12:15:00,1408.46,1408.81,1408.46,1408.81,0.02,74.18,108644.88,1
2026-08-21,2026-08-21 12:16:00,1408.81,1409.15,1408.81,1409.15,0.02,74.18,108644.88,1
2026-08-21,2026-08-21 12:17:00,1409.15,1409.5,1409.15,1409.5,0.02,74.18,108644.88,1
2026-08-21,2026-08-21 12:18:00,1409.5,1409.85,1409.5,1409.85,0.02,74.18,108644.88,1
2026-08-21,2026-08-21 12:19:00,1409.85,1410.2,1409.85,1410.2,0.02,74.18,108644.88,1
2026-08-21,2026-08-21 12:20:00,1410.2,1410.55,1410.2,1410.55,0.02,74.18,108644.88,1
2026-08-21,2026-08-21 12:21:00,1410.55,1410.9,1410.55,1410.9,0.02,74.18,108644.88,1
2026-08-21,2026-08-21 12:22:00,1410.9,1411.25,1410.9,1411.25,0.02,74.18,108644.88,1
2026-08-21,2026-08-21 12:23:00,1411.25,1411.6,1411.25,1411.6,0.02,74.18,108644.88,1
2026-08-21,2026-08-21 12:24:00,1411.6,1411.94,1411.6,1411.94,0.02,74.18,108644.88,1
2026-08-21,2026-08-21 12:25:00,1411.94,1412.29,1411.94,1412.29,0.02,74.18,108644.88,1
2026-08-21,2026-08-21 12:26:00,1412.29,1412.64,1412.29,1412.64,0.02,74.18,108644.88,1
2026-08-21,2026-08-21 12:27:00,1412.64,1412.99,1412.64,1412.99,0.02,74.18,108644.88,1
2026-08-21,2026-08-21 12:28:00,1412.99,1413.34,1412.99,1413.34,0.02,74.18,108644.88,1
2026-08-21,2026-08-21 12:29:00,1413.34,1413.69,1413.34,1413.69,0.02,74.18,108644.88,1
2026-08-21,2026-08-21 12:30:00,1413.69,1414.04,1413.69,1414.04,0.02,74.18,108644.88,1
2026-08-21,2026-08-21 12:31:00,1414.04,1414.38,1414.04,1414.38,0.02,74.18,108644.88,1
2026-08-21,2026-08-21 12:32:00,1414.38,1414.73,1414.38,1414.73,0.02,74.18,108644.88,1
2026-08-21,2026-08-21 12:33:00,1414.73,1415.08,1414.73,1415.08,0.02,74.18,108644.88,1
2026-08-21,2026-08-21 12:34:00,1415.08,1415.43,1415.08,1415.43,0.02,74.18,108644.88,1
2026-08-21,2026-08-21 12:35:00,1415.43,1415.78,1415.43,1415.78,0.02,74.18,108644.88,1
2026-08-21,2026-08-21 12:36:00,1415.78,1416.13,1415.78,1416.13,0.02,74.18,108644.88,1
2026-08-21,2026-08-21 12:37:00,1416.13,1416.48,1416.13,1416.48,0.02,74.18,108644.88,1
2026-08-21,2026-08-21 12:38:00,1416.48,1416.83,1416.48,1416.83,0.02,74.18,108644.88,1
2026-08-21,2026-08-21 12:39:00,1416.83,1417.17,1416.83,1417.17,0.02,74.18,108644.88,1
2026-08-21,2026-08-21 12:40:00,1417.17,1417.52,1417.17,1417.52,0.02,74.18,108644.88,1
2026-08-21,2026-08-21 12:41:00,1417.52,1417.87,1417.52,1417.87,0.02,74.18,108644.88,1
2026-08-21,2026-08-21 12:42:00,1417.87,1418.22,1417.87,1418.22,0.02,74.18,108644.88,1
2026-08-21,2026-08-21 12:43:00,1418.22,1418.57,1418.22,1418.57,0.02,74.18,108644.88,1
2026-08-21,2026-08-21 12:44:00,1418.57,1418.92,1418.57,1418.92,0.02,74.18,108644.88,1
2026-08-21,2026-08-21 12:45:00,1418.92,1419.27,1418.92,1419.27,0.02,74.18,108644.88,1
2026-08-21,2026-08-21 12:46:00,1419.27,1419.62,1419.27,1419.62,0.02,74.18,108644.88,1
2026-08-21,2026-08-21 12:47:00,1419.62,1419.96,1419.62,1419.96,0.02,74.18,108644.88,1
2026-08-21,2026-08-21 12:48:00,1419.96,1420.31,1419.96,1420.31,0.02,74.18,108644.88,1
2026-08-21,2026-08-21 12:49:00,1420.31,1420.66,1420.31,1420.66,0.02,74.18,108644.88,1
2026-08-21,2026-08-21 12:50:00,1420.66,1421.01,1420.66,1421.01,0.02,74.18,108644.88,1
2026-08-21,2026-08-21 12:51:00,1421.01,1421.36,1421.01,1421.36,0.02,74.18,108644.88,1
2026-08-21,2026-08-21 12:52:00,1421.36,1421.71,1421.36,1421.71,0.02,74.18,108644.88,1
2026-08-21,2026-08-21 12:53:00,1421.71,1422.06,1421.71,1422.06,0.02,74.18,108644.88,1
2026-08-21,2026-08-21 12:54:00,1422.06,1422.41,1422.06,1422.41,0.02,74.18,108644.88,1
2026-08-21,2026-08-21 12:55:00,1422.41,1422.75,1422.41,1422.75,0.02,74.18,108644.88,1
2026-08-21,2026-08-21 12:56:00,1422.75,1423.1,1422.75,1423.1,0.02,74.18,108644.88,1
2026-08-21,2026-08-21 12:57:00,1423.1,1423.45,1423.1,1423.45,0.02,74.18,108644.88,1
2026-08-21,2026-08-21 12:58:00,1423.45,1423.8,1423.45,1423.8,0.02,74.18,108644.88,1
2026-08-21,2026-08-21 12:59:00,1423.8,1424.15,1423.8,1424.15,0.02,74.18,108644.88,1
2026-08-21,2026-08-21 13:00:00,1424.15,1544.9,1382.3,1424.5,0.02,74.18,108644.88,1
2026-08-21,2026-08-21 13:01:00,1424.5,1424.85,1424.5,1424.85,0.02,74.18,108644.88,1
2026-08-21,2026-08-21 13:02:00,1424.85,1425.2,1424.85,1425.2,0.02,74.18,108644.88,1
2026-08-21,2026-08-21 13:03:00,1425.2,1425.55,1425.2,1425.55,0.02,74.18,108644.88,1
2026-08-21,2026-08-21 13:04:00,1425.55,1425.89,1425.55,1425.89,0.02,74.18,108644.88,1
2026-08-21,2026-08-21 13:05:00,1425.89,1426.24,1425.89,1426.24,0.02,74.18,108644.88,1
2026-08-21,2026-08-21 13:06:00,1426.24,1426.59,1426.24,1426.59,0.02,74.18,108644.88,1
2026-08-21,2026-08-21 13:07:00,1426.59,1426.94,1426.59,1426.94,0.02,74.18,108644.88,1
2026-08-21,2026-08-21 13:08:00,1426.94,1427.29,1426.94,1427.29,0.02,74.18,108644.88,1
2026-08-21,2026-08-21 13:09:00,1427.29,1427.64,1427.29,1427.64,0.02,74.18,108644.88,1
2026-08-21,2026-08-21 13:10:00,1427.64,1427.99,1427.64,1427.99,0.02,74.18,108644.88,1
2026-08-21,2026-08-21 13:11:00,1427.99,1428.34,1427.99,1428.34,0.02,74.18,108644.88,1
2026-08-21,2026-08-21 13:12:00,1428.34,1428.68,1428.34,1428.68,0.02,74.18,108644.88,1
2026-08-21,2026-08-21 13:13:00,1428.68,1429.03,1428.68,1429.03,0.02,74.18,108644.88,1
2026-08-21,2026-08-21 13:14:00,1429.03,1429.38,1429.03,1429.38,0.02,74.18,108644.88,1
2026-08-21,2026-08-21 13:15:00,1429.38,1429.73,1429.38,1429.73,0.02,74.18,108644.88,1
2026-08-21,2026-08-21 13:16:00,1429.73,1430.08,1429.73,1430.08,0.02,74.18,108644.88,1
2026-08-21,2026-08-21 13:17:00,1430.08,1430.43,1430.08,1430.43,0.02,74.18,108644.88,1
2026-08-21,2026-08-21 13:18:00,1430.43,1430.78,1430.43,1430.78,0.02,74.18,108644.88,1
2026-08-21,2026-08-21 13:19:00,1430.78,1431.12,1430.78,1431.12,0.02,74.18,108644.88,1
2026-08-21,2026-08-21 13:20:00,1431.12,1431.47,1431.12,1431.47,0.02,74.18,108644.88,1
2026-08-21,2026-08-21 13:21:00,1431.47,1431.82,1431.47,1431.82,0.02,74.18,108644.88,1
2026-08-21,2026-08-21 13:22:00,1431.82,1432.17,1431.82,1432.17,0.02,74.18,108644.88,1
2026-08-21,2026-08-21 13:23:00,1432.17,1432.52,1432.17,1432.52,0.02,74.18,108644.88,1
2026-08-21,2026-08-21 13:24:00,1432.52,1432.87,1432.52,1432.87,0.02,74.18,108644.88,1
2026-08-21,2026-08-21 13:25:00,1432.87,1433.22,1432.87,1433.22,0.02,74.18,108644.88,1
2026-08-21,2026-08-21 13:26:00,1433.22,1433.57,1433.22,1433.57,0.02,74.18,108644.88,1
2026-08-21,2026-08-21 13:27:00,1433.57,1433.91,1433.57,1433.91,0.02,74.18,108644.88,1
2026-08-21,2026-08-21 13:28:00,1433.91,1434.26,1433.91,1434.26,0.02,74.18,108644.88,1
2026-08-21,2026-08-21 13:29:00,1434.26,1434.61,1434.26,1434.61,0.02,74.18,108644.88,1
2026-08-21,2026-08-21 13:30:00,1434.61,1434.96,1434.61,1434.96,0.02,74.18,108644.88,1
2026-08-21,2026-08-21 13:31:00,1434.96,1435.31,1434.96,1435.31,0.02,74.18,108644.88,1
2026-08-21,2026-08-21 13:32:00,1435.31,1435.66,1435.31,1435.66,0.02,74.18,108644.88,1
2026-08-21,2026-08-21 13:33:00,1435.66,1436.01,1435.66,1436.01,0.02,74.18,108644.88,1
2026-08-21,2026-08-21 13:34:00,1436.01,1436.36,1436.01,1436.36,0.02,74.18,108644.88,1
2026-08-21,2026-08-21 13:35:00,1436.36,1436.7,1436.36,1436.7,0.02,74.18,108644.88,1
2026-08-21,2026-08-21 13:36:00,1436.7,1437.05,1436.7,1437.05,0.02,74.18,108644.88,1
2026-08-21,2026-08-21 13:37:00,1437.05,1437.4,1437.05,1437.4,0.02,74.18,108644.88,1
2026-08-21,2026-08-21 13:38:00,1437.4,1437.75,1437.4,1437.75,0.02,74.18,108644.88,1
2026-08-21,2026-08-21 13:39:00,1437.75,1438.1,1437.75,1438.1,0.02,74.18,108644.88,1
2026-08-21,2026-08-21 13:40:00,1438.1,1438.45,1438.1,1438.45,0.02,74.18,108644.88,1
2026-08-21,2026-08-21 13:41:00,1438.45,1438.8,1438.45,1438.8,0.02,74.18,108644.88,1
2026-08-21,2026-08-21 13:42:00,1438.8,1439.15,1438.8,1439.15,0.02,74.18,108644.88,1
2026-08-21,2026-08-21 13:43:00,1439.15,1439.49,1439.15,1439.49,0.02,74.18,108644.88,1
2026-08-21,2026-08-21 13:44:00,1439.49,1439.84,1439.49,1439.84,0.02,74.18,108644.88,1
2026-08-21,2026-08-21 13:45:00,1439.84,1440.19,1439.84,1440.19,0.02,74.18,108644.88,1
2026-08-21,2026-08-21 13:46:00,1440.19,1440.54,1440.19,1440.54,0.02,74.18,108644.88,1
2026-08-21,2026-08-21 13:47:00,1440.54,1440.89,1440.54,1440.89,0.02,74.18,108644.88,1
2026-08-21,2026-08-21 13:48:00,1440.89,1441.24,1440.89,1441.24,0.02,74.18,108644.88,1
2026-08-21,2026-08-21 13:49:00,1441.24,1441.59,1441.24,1441.59,0.02,74.18,108644.88,1
2026-08-21,2026-08-21 13:50:00,1441.59,1441.94,1441.59,1441.94,0.02,74.18,108644.88,1
2026-08-21,2026-08-21 13:51:00,1441.94,1442.29,1441.94,1442.29,0.02,74.18,108644.88,1
2026-08-21,2026-08-21 13:52:00,1442.29,1442.63,1442.29,1442.63,0.02,74.18,108644.88,1
2026-08-21,2026-08-21 13:53:00,1442.63,1442.98,1442.63,1442.98,0.02,74.18,108644.88,1
2026-08-21,2026-08-21 13:54:00,1442.98,1443.33,1442.98,1443.33,0.02,74.18,108644.88,1
2026-08-21,2026-08-21 13:55:00,1443.33,1443.68,1443.33,1443.68,0.02,74.18,108644.88,1
2026-08-21,2026-08-21 13:56:00,1443.68,1444.03,1443.68,1444.03,0.02,74.18,108644.88,1
2026-08-21,2026-08-21 13:57:00,1444.03,1444.38,1444.03,1444.38,0.02,74.18,108644.88,1
2026-08-21,2026-08-21 13:58:00,1444.38,1444.73,1444.38,1444.73,0.02,74.18,108644.88,1
2026-08-21,2026-08-21 13:59:00,1444.73,1445.08,1444.73,1445.08,0.02,74.18,108644.88,1
2026-08-21,2026-08-21 14:00:00,1445.08,1445.42,1445.08,1445.42,0.02,74.18,108644.88,1
2026-08-21,2026-08-21 14:01:00,1445.42,1445.77,1445.42,1445.77,0.02,74.18,108644.88,1
2026-08-21,2026-08-21 14:02:00,1445.77,1446.12,1445.77,1446.12,0.02,74.18,108644.88,1
2026-08-21,2026-08-21 14:03:00,1446.12,1446.47,1446.12,1446.47,0.02,74.18,108644.88,1
2026-08-21,2026-08-21 14:04:00,1446.47,1446.82,1446.47,1446.82,0.02,74.18,108644.88,1
2026-08-21,2026-08-21 14:05:00,1446.82,1447.17,1446.82,1447.17,0.02,74.18,108644.88,1
2026-08-21,2026-08-21 14:06:00,1447.17,1447.52,1447.17,1447.52,0.02,74.18,108644.88,1
2026-08-21,2026-08-21 14:07:00,1447.52,1447.87,1447.52,1447.87,0.02,74.18,108644.88,1
2026-08-21,2026-08-21 14:08:00,1447.87,1448.21,1447.87,1448.21,0.02,74.18,108644.88,1
2026-08-21,2026-08-21 14:09:00,1448.21,1448.56,1448.21,1448.56,0.02,74.18,108644.88,1
2026-08-21,2026-08-21 14:10:00,1448.56,1448.91,1448.56,1448.91,0.02,74.18,108644.88,1
2026-08-21,2026-08-21 14:11:00,1448.91,1449.26,1448.91,1449.26,0.02,74.18,108644.88,1
2026-08-21,2026-08-21 14:12:00,1449.26,1449.61,1449.26,1449.61,0.02,74.18,108644.88,1
2026-08-21,2026-08-21 14:13:00,1449.61,1449.96,1449.61,1449.96,0.02,74.18,108644.88,1
2026-08-21,2026-08-21 14:14:00,1449.96,1450.31,1449.96,1450.31,0.02,74.18,108644.88,1
2026-08-21,2026-08-21 14:15:00,1450.31,1450.65,1450.31,1450.65,0.02,74.18,108644.88,1
2026-08-21,2026-08-21 14:16:00,1450.65,1451.0,1450.65,1451.0,0.02,74.18,108644.88,1
2026-08-21,2026-08-21 14:17:00,1451.0,1451.35,1451.0,1451.35,0.02,74.18,108644.88,1
2026-08-21,2026-08-21 14:18:00,1451.35,1451.7,1451.35,1451.7,0.02,74.18,108644.88,1
2026-08-21,2026-08-21 14:19:00,1451.7,1452.05,1451.7,1452.05,0.02,74.18,108644.88,1
2026-08-21,2026-08-21 14:20:00,1452.05,1452.4,1452.05,1452.4,0.02,74.18,108644.88,1
2026-08-21,2026-08-21 14:21:00,1452.4,1452.75,1452.4,1452.75,0.02,74.18,108644.88,1
2026-08-21,2026-08-21 14:22:00,1452.75,1453.1,1452.75,1453.1,0.02,74.18,108644.88,1
2026-08-21,2026-08-21 14:23:00,1453.1,1453.44,1453.1,1453.44,0.02,74.18,108644.88,1
2026-08-21,2026-08-21 14:24:00,1453.44,1453.79,1453.44,1453.79,0.02,74.18,108644.88,1
2026-08-21,2026-08-21 14:25:00,1453.79,1454.14,1453.79,1454.14,0.02,74.18,108644.88,1
2026-08-21,2026-08-21 14:26:00,1454.14,1454.49,1454.14,1454.49,0.02,74.18,108644.88,1
2026-08-21,2026-08-21 14:27:00,1454.49,1454.84,1454.49,1454.84,0.02,74.18,108644.88,1
2026-08-21,2026-08-21 14:28:00,1454.84,1455.19,1454.84,1455.19,0.02,74.18,108644.88,1
2026-08-21,2026-08-21 14:29:00,1455.19,1455.54,1455.19,1455.54,0.02,74.18,108644.88,1
2026-08-21,2026-08-21 14:30:00,1455.54,1455.89,1455.54,1455.89,0.02,74.18,108644.88,1
2026-08-21,2026-08-21 14:31:00,1455.89,1456.23,1455.89,1456.23,0.02,74.18,108644.88,1
2026-08-21,2026-08-21 14:32:00,1456.23,1456.58,1456.23,1456.58,0.02,74.18,108644.88,1
2026-08-21,2026-08-21 14:33:00,1456.58,1456.93,1456.58,1456.93,0.02,74.18,108644.88,1
2026-08-21,2026-08-21 14:34:00,1456.93,1457.28,1456.93,1457.28,0.02,74.18,108644.88,1
2026-08-21,2026-08-21 14:35:00,1457.28,1457.63,1457.28,1457.63,0.02,74.18,108644.88,1
2026-08-21,2026-08-21 14:36:00,1457.63,1457.98,1457.63,1457.98,0.02,74.18,108644.88,1
2026-08-21,2026-08-21 14:37:00,1457.98,1458.33,1457.98,1458.33,0.02,74.18,108644.88,1
2026-08-21,2026-08-21 14:38:00,1458.33,1458.68,1458.33,1458.68,0.02,74.18,108644.88,1
2026-08-21,2026-08-21 14:39:00,1458.68,1459.03,1458.68,1459.03,0.02,74.18,108644.88,1
2026-08-21,2026-08-21 14:40:00,1459.03,1459.37,1459.03,1459.37,0.02,74.18,108644.88,1
2026-08-21,2026-08-21 14:41:00,1459.37,1459.72,1459.37,1459.72,0.02,74.18,108644.88,1
2026-08-21,2026-08-21 14:42:00,1459.72,1460.07,1459.72,1460.07,0.02,74.18,108644.88,1
2026-08-21,2026-08-21 14:43:00,1460.07,1460.42,1460.07,1460.42,0.02,74.18,108644.88,1
2026-08-21,2026-08-21 14:44:00,1460.42,1460.77,1460.42,1460.77,0.02,74.18,108644.88,1
2026-08-21,2026-08-21 14:45:00,1460.77,1461.12,1460.77,1461.12,0.02,74.18,108644.88,1
2026-08-21,2026-08-21 14:46:00,1461.12,1461.47,1461.12,1461.47,0.02,74.18,108644.88,1
2026-08-21,2026-08-21 14:47:00,1461.47,1461.82,1461.47,1461.82,0.02,74.18,108644.88,1
2026-08-21,2026-08-21 14:48:00,1461.82,1462.16,1461.82,1462.16,0.02,74.18,108644.88,1
2026-08-21,2026-08-21 14:49:00,1462.16,1462.51,1462.16,1462.51,0.02,74.18,108644.88,1
2026-08-21,2026-08-21 14:50:00,1462.51,1462.86,1462.51,1462.86,0.02,74.18,108644.88,1
2026-08-21,2026-08-21 14:51:00,1462.86,1463.21,1462.86,1463.21,0.02,74.18,108644.88,1
2026-08-21,2026-08-21 14:52:00,1463.21,1463.56,1463.21,1463.56,0.02,74.18,108644.88,1
2026-08-21,2026-08-21 14:53:00,1463.56,1463.91,1463.56,1463.91,0.02,74.18,108644.88,1
2026-08-21,2026-08-21 14:54:00,1463.91,1464.26,1463.91,1464.26,0.02,74.18,108644.88,1
2026-08-21,2026-08-21 14:55:00,1464.26,1464.61,1464.26,1464.61,0.02,74.18,108644.88,1
2026-08-21,2026-08-21 14:56:00,1464.61,1464.95,1464.61,1464.95,0.02,74.18,108644.88,1
2026-08-21,2026-08-21 14:57:00,1464.95,1465.3,1464.95,1465.3,0.02,74.18,108644.88,1
2026-08-21,2026-08-21 14:58:00,1465.3,1465.65,1465.3,1465.65,0.02,74.18,108644.88,1
2026-08-21,2026-08-21 14:59:00,1465.65,1466.0,1465.65,1466.0,0.02,74.18,108644.88,1
2026-08-21,2026-08-21 15:00:00,1466.0,1544.9,1382.3,1466.0,0.0,74.18,108644.88,0
2026-08-24,2026-08-24 11:00:00,1392.7,1454.89,1392.7,1393.56,0.06,116.27,177814.47,1
2026-08-24,2026-08-24 11:01:00,1393.56,1394.43,1393.56,1394.43,0.06,116.27,177814.47,1
2026-08-24,2026-08-24 11:02:00,1394.43,1395.29,1394.43,1395.29,0.06,116.27,177814.47,1
2026-08-24,2026-08-24 11:03:00,1395.29,1396.15,1395.29,1396.15,0.06,116.27,177814.47,1
2026-08-24,2026-08-24 11:04:00,1396.15,1397.02,1396.15,1397.02,0.06,116.27,177814.47,1
2026-08-24,2026-08-24 11:05:00,1397.02,1397.88,1397.02,1397.88,0.06,116.27,177814.47,1
2026-08-24,2026-08-24 11:06:00,1397.88,1398.75,1397.88,1398.75,0.06,116.27,177814.47,1
2026-08-24,2026-08-24 11:07:00,1398.75,1399.61,1398.75,1399.61,0.06,116.27,177814.47,1
2026-08-24,2026-08-24 11:08:00,1399.61,1400.47,1399.61,1400.47,0.06,116.27,177814.47,1
2026-08-24,2026-08-24 11:09:00,1400.47,1401.34,1400.47,1401.34,0.06,116.27,177814.47,1
2026-08-24,2026-08-24 11:10:00,1401.34,1402.2,1401.34,1402.2,0.06,116.27,177814.47,1
2026-08-24,2026-08-24 11:11:00,1402.2,1403.07,1402.2,1403.07,0.06,116.27,177814.47,1
2026-08-24,2026-08-24 11:12:00,1403.07,1403.93,1403.07,1403.93,0.06,116.27,177814.47,1
2026-08-24,2026-08-24 11:13:00,1403.93,1404.79,1403.93,1404.79,0.06,116.27,177814.47,1
2026-08-24,2026-08-24 11:14:00,1404.79,1405.66,1404.79,1405.66,0.06,116.27,177814.47,1
2026-08-24,2026-08-24 11:15:00,1405.66,1406.52,1405.66,1406.52,0.06,116.27,177814.47,1
2026-08-24,2026-08-24 11:16:00,1406.52,1407.38,1406.52,1407.38,0.06,116.27,177814.47,1
2026-08-24,2026-08-24 11:17:00,1407.38,1408.25,1407.38,1408.25,0.06,116.27,177814.47,1
2026-08-24,2026-08-24 11:18:00,1408.25,1409.11,1408.25,1409.11,0.06,116.27,177814.47,1
2026-08-24,2026-08-24 11:19:00,1409.11,1409.98,1409.11,1409.98,0.06,116.27,177814.47,1
2026-08-24,2026-08-24 11:20:00,1409.98,1410.84,1409.98,1410.84,0.06,116.27,177814.47,1
2026-08-24,2026-08-24 11:21:00,1410.84,1411.7,1410.84,1411.7,0.06,116.27,177814.47,1
2026-08-24,2026-08-24 11:22:00,1411.7,1412.57,1411.7,1412.57,0.06,116.27,177814.47,1
2026-08-24,2026-08-24 11:23:00,1412.57,1413.43,1412.57,1413.43,0.06,116.27,177814.47,1
2026-08-24,2026-08-24 11:24:00,1413.43,1414.29,1413.43,1414.29,0.06,116.27,177814.47,1
2026-08-24,2026-08-24 11:25:00,1414.29,1415.16,1414.29,1415.16,0.06,116.27,177814.47,1
2026-08-24,2026-08-24 11:26:00,1415.16,1416.02,1415.16,1416.02,0.06,116.27,177814.47,1
2026-08-24,2026-08-24 11:27:00,1416.02,1416.88,1416.02,1416.88,0.06,116.27,177814.47,1
2026-08-24,2026-08-24 11:28:00,1416.88,1417.75,1416.88,1417.75,0.06,116.27,177814.47,1
2026-08-24,2026-08-24 11:29:00,1417.75,1418.61,1417.75,1418.61,0.06,116.27,177814.47,1
2026-08-24,2026-08-24 11:30:00,1418.61,1419.48,1418.61,1419.48,0.06,116.27,177814.47,1
2026-08-24,2026-08-24 11:31:00,1419.48,1420.34,1419.48,1420.34,0.06,116.27,177814.47,1
2026-08-24,2026-08-24 11:32:00,1420.34,1421.2,1420.34,1421.2,0.06,116.27,177814.47,1
2026-08-24,2026-08-24 11:33:00,1421.2,1422.07,1421.2,1422.07,0.06,116.27,177814.47,1
2026-08-24,2026-08-24 11:34:00,1422.07,1422.93,1422.07,1422.93,0.06,116.27,177814.47,1
2026-08-24,2026-08-24 11:35:00,1422.93,1423.8,1422.93,1423.8,0.06,116.27,177814.47,1
2026-08-24,2026-08-24 11:36:00,1423.8,1424.66,1423.8,1424.66,0.06,116.27,177814.47,1
2026-08-24,2026-08-24 11:37:00,1424.66,1425.52,1424.66,1425.52,0.06,116.27,177814.47,1
2026-08-24,2026-08-24 11:38:00,1425.52,1426.39,1425.52,1426.39,0.06,116.27,177814.47,1
2026-08-24,2026-08-24 11:39:00,1426.39,1427.25,1426.39,1427.25,0.06,116.27,177814.47,1
2026-08-24,2026-08-24 11:40:00,1427.25,1428.11,1427.25,1428.11,0.06,116.27,177814.47,1
2026-08-24,2026-08-24 11:41:00,1428.11,1428.98,1428.11,1428.98,0.06,116.27,177814.47,1
2026-08-24,2026-08-24 11:42:00,1428.98,1429.84,1428.98,1429.84,0.06,116.27,177814.47,1
2026-08-24,2026-08-24 11:43:00,1429.84,1430.7,1429.84,1430.7,0.06,116.27,177814.47,1
2026-08-24,2026-08-24 11:44:00,1430.7,1431.57,1430.7,1431.57,0.06,116.27,177814.47,1
2026-08-24,2026-08-24 11:45:00,1431.57,1432.43,1431.57,1432.43,0.06,116.27,177814.47,1
2026-08-24,2026-08-24 11:46:00,1432.43,1433.3,1432.43,1433.3,0.06,116.27,177814.47,1
2026-08-24,2026-08-24 11:47:00,1433.3,1434.16,1433.3,1434.16,0.06,116.27,177814.47,1
2026-08-24,2026-08-24 11:48:00,1434.16,1435.02,1434.16,1435.02,0.06,116.27,177814.47,1
2026-08-24,2026-08-24 11:49:00,1435.02,1435.89,1435.02,1435.89,0.06,116.27,177814.47,1
2026-08-24,2026-08-24 11:50:00,1435.89,1436.75,1435.89,1436.75,0.06,116.27,177814.47,1
2026-08-24,2026-08-24 11:51:00,1436.75,1437.62,1436.75,1437.62,0.06,116.27,177814.47,1
2026-08-24,2026-08-24 11:52:00,1437.62,1438.48,1437.62,1438.48,0.06,116.27,177814.47,1
2026-08-24,2026-08-24 11:53:00,1438.48,1439.34,1438.48,1439.34,0.06,116.27,177814.47,1
2026-08-24,2026-08-24 11:54:00,1439.34,1440.21,1439.34,1440.21,0.06,116.27,177814.47,1
2026-08-24,2026-08-24 11:55:00,1440.21,1441.07,1440.21,1441.07,0.06,116.27,177814.47,1
2026-08-24,2026-08-24 11:56:00,1441.07,1441.93,1441.07,1441.93,0.06,116.27,177814.47,1
2026-08-24,2026-08-24 11:57:00,1441.93,1442.8,1441.93,1442.8,0.06,116.27,177814.47,1
2026-08-24,2026-08-24 11:58:00,1442.8,1443.66,1442.8,1443.66,0.06,116.27,177814.47,1
2026-08-24,2026-08-24 11:59:00,1443.66,1444.53,1443.66,1444.53,0.06,116.27,177814.47,1
2026-08-24,2026-08-24 12:00:00,1444.53,1445.39,1444.53,1445.39,0.06,116.27,177814.47,1
2026-08-24,2026-08-24 12:01:00,1445.39,1446.25,1445.39,1446.25,0.06,116.27,177814.47,1
2026-08-24,2026-08-24 12:02:00,1446.25,1447.12,1446.25,1447.12,0.06,116.27,177814.47,1
2026-08-24,2026-08-24 12:03:00,1447.12,1447.98,1447.12,1447.98,0.06,116.27,177814.47,1
2026-08-24,2026-08-24 12:04:00,1447.98,1448.84,1447.98,1448.84,0.06,116.27,177814.47,1
2026-08-24,2026-08-24 12:05:00,1448.84,1449.71,1448.84,1449.71,0.06,116.27,177814.47,1
2026-08-24,2026-08-24 12:06:00,1449.71,1450.57,1449.71,1450.57,0.06,116.27,177814.47,1
2026-08-24,2026-08-24 12:07:00,1450.57,1451.43,1450.57,1451.43,0.06,116.27,177814.47,1
2026-08-24,2026-08-24 12:08:00,1451.43,1452.3,1451.43,1452.3,0.06,116.27,177814.47,1
2026-08-24,2026-08-24 12:09:00,1452.3,1453.16,1452.3,1453.16,0.06,116.27,177814.47,1
2026-08-24,2026-08-24 12:10:00,1453.16,1454.03,1453.16,1454.03,0.06,116.27,177814.47,1
2026-08-24,2026-08-24 12:11:00,1454.03,1454.89,1454.03,1454.89,0.06,116.27,177814.47,1
2026-08-24,2026-08-24 12:12:00,1454.89,1455.75,1454.89,1455.75,0.06,116.27,177814.47,1
2026-08-24,2026-08-24 12:13:00,1455.75,1456.62,1455.75,1456.62,0.06,116.27,177814.47,1
2026-08-24,2026-08-24 12:14:00,1456.62,1457.48,1456.62,1457.48,0.06,116.27,177814.47,1
2026-08-24,2026-08-24 12:15:00,1457.48,1458.35,1457.48,1458.35,0.06,116.27,177814.47,1
2026-08-24,2026-08-24 12:16:00,1458.35,1459.21,1458.35,1459.21,0.06,116.27,177814.47,1
2026-08-24,2026-08-24 12:17:00,1459.21,1460.07,1459.21,1460.07,0.06,116.27,177814.47,1
2026-08-24,2026-08-24 12:18:00,1460.07,1460.94,1460.07,1460.94,0.06,116.27,177814.47,1
2026-08-24,2026-08-24 12:19:00,1460.94,1461.8,1460.94,1461.8,0.06,116.27,177814.47,1
2026-08-24,2026-08-24 12:20:00,1461.8,1462.66,1461.8,1462.66,0.06,116.27,177814.47,1
2026-08-24,2026-08-24 12:21:00,1462.66,1463.53,1462.66,1463.53,0.06,116.27,177814.47,1
2026-08-24,2026-08-24 12:22:00,1463.53,1464.39,1463.53,1464.39,0.06,116.27,177814.47,1
2026-08-24,2026-08-24 12:23:00,1464.39,1465.26,1464.39,1465.26,0.06,116.27,177814.47,1
2026-08-24,2026-08-24 12:24:00,1465.26,1466.12,1465.26,1466.12,0.06,116.27,177814.47,1
2026-08-24,2026-08-24 12:25:00,1466.12,1466.98,1466.12,1466.98,0.06,116.27,177814.47,1
2026-08-24,2026-08-24 12:26:00,1466.98,1467.85,1466.98,1467.85,0.06,116.27,177814.47,1
2026-08-24,2026-08-24 12:27:00,1467.85,1468.71,1467.85,1468.71,0.06,116.27,177814.47,1
2026-08-24,2026-08-24 12:28:00,1468.71,1469.57,1468.71,1469.57,0.06,116.27,177814.47,1
2026-08-24,2026-08-24 12:29:00,1469.57,1470.44,1469.57,1470.44,0.06,116.27,177814.47,1
2026-08-24,2026-08-24 12:30:00,1470.44,1471.3,1470.44,1471.3,0.06,116.27,177814.47,1
2026-08-24,2026-08-24 12:31:00,1471.3,1472.16,1471.3,1472.16,0.06,116.27,177814.47,1
2026-08-24,2026-08-24 12:32:00,1472.16,1473.03,1472.16,1473.03,0.06,116.27,177814.47,1
2026-08-24,2026-08-24 12:33:00,1473.03,1473.89,1473.03,1473.89,0.06,116.27,177814.47,1
2026-08-24,2026-08-24 12:34:00,1473.89,1474.76,1473.89,1474.76,0.06,116.27,177814.47,1
2026-08-24,2026-08-24 12:35:00,1474.76,1475.62,1474.76,1475.62,0.06,116.27,177814.47,1
2026-08-24,2026-08-24 12:36:00,1475.62,1476.48,1475.62,1476.48,0.06,116.27,177814.47,1
2026-08-24,2026-08-24 12:37:00,1476.48,1477.35,1476.48,1477.35,0.06,116.27,177814.47,1
2026-08-24,2026-08-24 12:38:00,1477.35,1478.21,1477.35,1478.21,0.06,116.27,177814.47,1
2026-08-24,2026-08-24 12:39:00,1478.21,1479.08,1478.21,1479.08,0.06,116.27,177814.47,1
2026-08-24,2026-08-24 12:40:00,1479.08,1479.94,1479.08,1479.94,0.06,116.27,177814.47,1
2026-08-24,2026-08-24 12:41:00,1479.94,1480.8,1479.94,1480.8,0.06,116.27,177814.47,1
2026-08-24,2026-08-24 12:42:00,1480.8,1481.67,1480.8,1481.67,0.06,116.27,177814.47,1
2026-08-24,2026-08-24 12:43:00,1481.67,1482.53,1481.67,1482.53,0.06,116.27,177814.47,1
2026-08-24,2026-08-24 12:44:00,1482.53,1483.39,1482.53,1483.39,0.06,116.27,177814.47,1
2026-08-24,2026-08-24 12:45:00,1483.39,1484.26,1483.39,1484.26,0.06,116.27,177814.47,1
2026-08-24,2026-08-24 12:46:00,1484.26,1485.12,1484.26,1485.12,0.06,116.27,177814.47,1
2026-08-24,2026-08-24 12:47:00,1485.12,1485.99,1485.12,1485.99,0.06,116.27,177814.47,1
2026-08-24,2026-08-24 12:48:00,1485.99,1486.85,1485.99,1486.85,0.06,116.27,177814.47,1
2026-08-24,2026-08-24 12:49:00,1486.85,1487.71,1486.85,1487.71,0.06,116.27,177814.47,1
2026-08-24,2026-08-24 12:50:00,1487.71,1488.58,1487.71,1488.58,0.06,116.27,177814.47,1
2026-08-24,2026-08-24 12:51:00,1488.58,1489.44,1488.58,1489.44,0.06,116.27,177814.47,1
2026-08-24,2026-08-24 12:52:00,1489.44,1490.3,1489.44,1490.3,0.06,116.27,177814.47,1
2026-08-24,2026-08-24 12:53:00,1490.3,1491.17,1490.3,1491.17,0.06,116.27,177814.47,1
2026-08-24,2026-08-24 12:54:00,1491.17,1492.03,1491.17,1492.03,0.06,116.27,177814.47,1
2026-08-24,2026-08-24 12:55:00,1492.03,1492.89,1492.03,1492.89,0.06,116.27,177814.47,1
2026-08-24,2026-08-24 12:56:00,1492.89,1493.76,1492.89,1493.76,0.06,116.27,177814.47,1
2026-08-24,2026-08-24 12:57:00,1493.76,1494.62,1493.76,1494.62,0.06,116.27,177814.47,1
2026-08-24,2026-08-24 12:58:00,1494.62,1495.49,1494.62,1495.49,0.06,116.27,177814.47,1
2026-08-24,2026-08-24 12:59:00,1495.49,1496.35,1495.49,1496.35,0.06,116.27,177814.47,1
2026-08-24,2026-08-24 13:00:00,1496.35,1600.0,1392.7,1497.21,0.06,116.27,177814.47,1
2026-08-24,2026-08-24 13:01:00,1497.21,1498.08,1497.21,1498.08,0.06,116.27,177814.47,1
2026-08-24,2026-08-24 13:02:00,1498.08,1498.94,1498.08,1498.94,0.06,116.27,177814.47,1
2026-08-24,2026-08-24 13:03:00,1498.94,1499.81,1498.94,1499.81,0.06,116.27,177814.47,1
2026-08-24,2026-08-24 13:04:00,1499.81,1500.67,1499.81,1500.67,0.06,116.27,177814.47,1
2026-08-24,2026-08-24 13:05:00,1500.67,1501.53,1500.67,1501.53,0.06,116.27,177814.47,1
2026-08-24,2026-08-24 13:06:00,1501.53,1502.4,1501.53,1502.4,0.06,116.27,177814.47,1
2026-08-24,2026-08-24 13:07:00,1502.4,1503.26,1502.4,1503.26,0.06,116.27,177814.47,1
2026-08-24,2026-08-24 13:08:00,1503.26,1504.12,1503.26,1504.12,0.06,116.27,177814.47,1
2026-08-24,2026-08-24 13:09:00,1504.12,1504.99,1504.12,1504.99,0.06,116.27,177814.47,1
2026-08-24,2026-08-24 13:10:00,1504.99,1505.85,1504.99,1505.85,0.06,116.27,177814.47,1
2026-08-24,2026-08-24 13:11:00,1505.85,1506.72,1505.85,1506.72,0.06,116.27,177814.47,1
2026-08-24,2026-08-24 13:12:00,1506.72,1507.58,1506.72,1507.58,0.06,116.27,177814.47,1
2026-08-24,2026-08-24 13:13:00,1507.58,1508.44,1507.58,1508.44,0.06,116.27,177814.47,1
2026-08-24,2026-08-24 13:14:00,1508.44,1509.31,1508.44,1509.31,0.06,116.27,177814.47,1
2026-08-24,2026-08-24 13:15:00,1509.31,1510.17,1509.31,1510.17,0.06,116.27,177814.47,1
2026-08-24,2026-08-24 13:16:00,1510.17,1511.03,1510.17,1511.03,0.06,116.27,177814.47,1
2026-08-24,2026-08-24 13:17:00,1511.03,1511.9,1511.03,1511.9,0.06,116.27,177814.47,1
2026-08-24,2026-08-24 13:18:00,1511.9,1512.76,1511.9,1512.76,0.06,116.27,177814.47,1
2026-08-24,2026-08-24 13:19:00,1512.76,1513.62,1512.76,1513.62,0.06,116.27,177814.47,1
2026-08-24,2026-08-24 13:20:00,1513.62,1514.49,1513.62,1514.49,0.06,116.27,177814.47,1
2026-08-24,2026-08-24 13:21:00,1514.49,1515.35,1514.49,1515.35,0.06,116.27,177814.47,1
2026-08-24,2026-08-24 13:22:00,1515.35,1516.22,1515.35,1516.22,0.06,116.27,177814.47,1
2026-08-24,2026-08-24 13:23:00,1516.22,1517.08,1516.22,1517.08,0.06,116.27,177814.47,1
2026-08-24,2026-08-24 13:24:00,1517.08,1517.94,1517.08,1517.94,0.06,116.27,177814.47,1
2026-08-24,2026-08-24 13:25:00,1517.94,1518.81,1517.94,1518.81,0.06,116.27,177814.47,1
2026-08-24,2026-08-24 13:26:00,1518.81,1519.67,1518.81,1519.67,0.06,116.27,177814.47,1
2026-08-24,2026-08-24 13:27:00,1519.67,1520.54,1519.67,1520.54,0.06,116.27,177814.47,1
2026-08-24,2026-08-24 13:28:00,1520.54,1521.4,1520.54,1521.4,0.06,116.27,177814.47,1
2026-08-24,2026-08-24 13:29:00,1521.4,1522.26,1521.4,1522.26,0.06,116.27,177814.47,1
2026-08-24,2026-08-24 13:30:00,1522.26,1523.13,1522.26,1523.13,0.06,116.27,177814.47,1
2026-08-24,2026-08-24 13:31:00,1523.13,1523.99,1523.13,1523.99,0.06,116.27,177814.47,1
2026-08-24,2026-08-24 13:32:00,1523.99,1524.85,1523.99,1524.85,0.06,116.27,177814.47,1
2026-08-24,2026-08-24 13:33:00,1524.85,1525.72,1524.85,1525.72,0.06,116.27,177814.47,1
2026-08-24,2026-08-24 13:34:00,1525.72,1526.58,1525.72,1526.58,0.06,116.27,177814.47,1
2026-08-24,2026-08-24 13:35:00,1526.58,1527.44,1526.58,1527.44,0.06,116.27,177814.47,1
2026-08-24,2026-08-24 13:36:00,1527.44,1528.31,1527.44,1528.31,0.06,116.27,177814.47,1
2026-08-24,2026-08-24 13:37:00,1528.31,1529.17,1528.31,1529.17,0.06,116.27,177814.47,1
2026-08-24,2026-08-24 13:38:00,1529.17,1530.04,1529.17,1530.04,0.06,116.27,177814.47,1
2026-08-24,2026-08-24 13:39:00,1530.04,1530.9,1530.04,1530.9,0.06,116.27,177814.47,1
2026-08-24,2026-08-24 13:40:00,1530.9,1531.76,1530.9,1531.76,0.06,116.27,177814.47,1
2026-08-24,2026-08-24 13:41:00,1531.76,1532.63,1531.76,1532.63,0.06,116.27,177814.47,1
2026-08-24,2026-08-24 13:42:00,1532.63,1533.49,1532.63,1533.49,0.06,116.27,177814.47,1
2026-08-24,2026-08-24 13:43:00,1533.49,1534.36,1533.49,1534.36,0.06,116.27,177814.47,1
2026-08-24,2026-08-24 13:44:00,1534.36,1535.22,1534.36,1535.22,0.06,116.27,177814.47,1
2026-08-24,2026-08-24 13:45:00,1535.22,1536.08,1535.22,1536.08,0.06,116.27,177814.47,1
2026-08-24,2026-08-24 13:46:00,1536.08,1536.95,1536.08,1536.95,0.06,116.27,177814.47,1
2026-08-24,2026-08-24 13:47:00,1536.95,1537.81,1536.95,1537.81,0.06,116.27,177814.47,1
2026-08-24,2026-08-24 13:48:00,1537.81,1538.67,1537.81,1538.67,0.06,116.27,177814.47,1
2026-08-24,2026-08-24 13:49:00,1538.67,1539.54,1538.67,1539.54,0.06,116.27,177814.47,1
2026-08-24,2026-08-24 13:50:00,1539.54,1540.4,1539.54,1540.4,0.06,116.27,177814.47,1
2026-08-24,2026-08-24 13:51:00,1540.4,1541.27,1540.4,1541.27,0.06,116.27,177814.47,1
2026-08-24,2026-08-24 13:52:00,1541.27,1542.13,1541.27,1542.13,0.06,116.27,177814.47,1
2026-08-24,2026-08-24 13:53:00,1542.13,1542.99,1542.13,1542.99,0.06,116.27,177814.47,1
2026-08-24,2026-08-24 13:54:00,1542.99,1543.86,1542.99,1543.86,0.06,116.27,177814.47,1
2026-08-24,2026-08-24 13:55:00,1543.86,1544.72,1543.86,1544.72,0.06,116.27,177814.47,1
2026-08-24,2026-08-24 13:56:00,1544.72,1545.58,1544.72,1545.58,0.06,116.27,177814.47,1
2026-08-24,2026-08-24 13:57:00,1545.58,1546.45,1545.58,1546.45,0.06,116.27,177814.47,1
2026-08-24,2026-08-24 13:58:00,1546.45,1547.31,1546.45,1547.31,0.06,116.27,177814.47,1
2026-08-24,2026-08-24 13:59:00,1547.31,1548.17,1547.31,1548.17,0.06,116.27,177814.47,1
2026-08-24,2026-08-24 14:00:00,1548.17,1549.04,1548.17,1549.04,0.06,116.27,177814.47,1
2026-08-24,2026-08-24 14:01:00,1549.04,1549.9,1549.04,1549.9,0.06,116.27,177814.47,1
2026-08-24,2026-08-24 14:02:00,1549.9,1550.77,1549.9,1550.77,0.06,116.27,177814.47,1
2026-08-24,2026-08-24 14:03:00,1550.77,1551.63,1550.77,1551.63,0.06,116.27,177814.47,1
2026-08-24,2026-08-24 14:04:00,1551.63,1552.49,1551.63,1552.49,0.06,116.27,177814.47,1
2026-08-24,2026-08-24 14:05:00,1552.49,1553.36,1552.49,1553.36,0.06,116.27,177814.47,1
2026-08-24,2026-08-24 14:06:00,1553.36,1554.22,1553.36,1554.22,0.06,116.27,177814.47,1
2026-08-24,2026-08-24 14:07:00,1554.22,1555.09,1554.22,1555.09,0.06,116.27,177814.47,1
2026-08-24,2026-08-24 14:08:00,1555.09,1555.95,1555.09,1555.95,0.06,116.27,177814.47,1
2026-08-24,2026-08-24 14:09:00,1555.95,1556.81,1555.95,1556.81,0.06,116.27,177814.47,1
2026-08-24,2026-08-24 14:10:00,1556.81,1557.68,1556.81,1557.68,0.06,116.27,177814.47,1
2026-08-24,2026-08-24 14:11:00,1557.68,1558.54,1557.68,1558.54,0.06,116.27,177814.47,1
2026-08-24,2026-08-24 14:12:00,1558.54,1559.4,1558.54,1559.4,0.06,116.27,177814.47,1
2026-08-24,2026-08-24 14:13:00,1559.4,1560.27,1559.4,1560.27,0.06,116.27,177814.47,1
2026-08-24,2026-08-24 14:14:00,1560.27,1561.13,1560.27,1561.13,0.06,116.27,177814.47,1
2026-08-24,2026-08-24 14:15:00,1561.13,1561.99,1561.13,1561.99,0.06,116.27,177814.47,1
2026-08-24,2026-08-24 14:16:00,1561.99,1562.86,1561.99,1562.86,0.06,116.27,177814.47,1
2026-08-24,2026-08-24 14:17:00,1562.86,1563.72,1562.86,1563.72,0.06,116.27,177814.47,1
2026-08-24,2026-08-24 14:18:00,1563.72,1564.59,1563.72,1564.59,0.06,116.27,177814.47,1
2026-08-24,2026-08-24 14:19:00,1564.59,1565.45,1564.59,1565.45,0.05,116.27,177814.47,1
2026-08-24,2026-08-24 14:20:00,1565.45,1566.31,1565.45,1566.31,0.05,116.27,177814.47,1
2026-08-24,2026-08-24 14:21:00,1566.31,1567.18,1566.31,1567.18,0.06,116.27,177814.47,1
2026-08-24,2026-08-24 14:22:00,1567.18,1568.04,1567.18,1568.04,0.05,116.27,177814.47,1
2026-08-24,2026-08-24 14:23:00,1568.04,1568.9,1568.04,1568.9,0.05,116.27,177814.47,1
2026-08-24,2026-08-24 14:24:00,1568.9,1569.77,1568.9,1569.77,0.06,116.27,177814.47,1
2026-08-24,2026-08-24 14:25:00,1569.77,1570.63,1569.77,1570.63,0.05,116.27,177814.47,1
2026-08-24,2026-08-24 14:26:00,1570.63,1571.5,1570.63,1571.5,0.06,116.27,177814.47,1
2026-08-24,2026-08-24 14:27:00,1571.5,1572.36,1571.5,1572.36,0.05,116.27,177814.47,1
2026-08-24,2026-08-24 14:28:00,1572.36,1573.22,1572.36,1573.22,0.05,116.27,177814.47,1
2026-08-24,2026-08-24 14:29:00,1573.22,1574.09,1573.22,1574.09,0.06,116.27,177814.47,1
2026-08-24,2026-08-24 14:30:00,1574.09,1574.95,1574.09,1574.95,0.05,116.27,177814.47,1
2026-08-24,2026-08-24 14:31:00,1574.95,1575.82,1574.95,1575.82,0.06,116.27,177814.47,1
2026-08-24,2026-08-24 14:32:00,1575.82,1576.68,1575.82,1576.68,0.05,116.27,177814.47,1
2026-08-24,2026-08-24 14:33:00,1576.68,1577.54,1576.68,1577.54,0.05,116.27,177814.47,1
2026-08-24,2026-08-24 14:34:00,1577.54,1578.41,1577.54,1578.41,0.06,116.27,177814.47,1
2026-08-24,2026-08-24 14:35:00,1578.41,1579.27,1578.41,1579.27,0.05,116.27,177814.47,1
2026-08-24,2026-08-24 14:36:00,1579.27,1580.13,1579.27,1580.13,0.05,116.27,177814.47,1
2026-08-24,2026-08-24 14:37:00,1580.13,1581.0,1580.13,1581.0,0.06,116.27,177814.47,1
2026-08-24,2026-08-24 14:38:00,1581.0,1581.86,1581.0,1581.86,0.05,116.27,177814.47,1
2026-08-24,2026-08-24 14:39:00,1581.86,1582.72,1581.86,1582.72,0.05,116.27,177814.47,1
2026-08-24,2026-08-24 14:40:00,1582.72,1583.59,1582.72,1583.59,0.05,116.27,177814.47,1
2026-08-24,2026-08-24 14:41:00,1583.59,1584.45,1583.59,1584.45,0.05,116.27,177814.47,1
2026-08-24,2026-08-24 14:42:00,1584.45,1585.32,1584.45,1585.32,0.05,116.27,177814.47,1
2026-08-24,2026-08-24 14:43:00,1585.32,1586.18,1585.32,1586.18,0.05,116.27,177814.47,1
2026-08-24,2026-08-24 14:44:00,1586.18,1587.04,1586.18,1587.04,0.05,116.27,177814.47,1
2026-08-24,2026-08-24 14:45:00,1587.04,1587.91,1587.04,1587.91,0.05,116.27,177814.47,1
2026-08-24,2026-08-24 14:46:00,1587.91,1588.77,1587.91,1588.77,0.05,116.27,177814.47,1
2026-08-24,2026-08-24 14:47:00,1588.77,1589.63,1588.77,1589.63,0.05,116.27,177814.47,1
2026-08-24,2026-08-24 14:48:00,1589.63,1590.5,1589.63,1590.5,0.05,116.27,177814.47,1
2026-08-24,2026-08-24 14:49:00,1590.5,1591.36,1590.5,1591.36,0.05,116.27,177814.47,1
2026-08-24,2026-08-24 14:50:00,1591.36,1592.23,1591.36,1592.23,0.05,116.27,177814.47,1
2026-08-24,2026-08-24 14:51:00,1592.23,1593.09,1592.23,1593.09,0.05,116.27,177814.47,1
2026-08-24,2026-08-24 14:52:00,1593.09,1593.95,1593.09,1593.95,0.05,116.27,177814.47,1
2026-08-24,2026-08-24 14:53:00,1593.95,1594.82,1593.95,1594.82,0.05,116.27,177814.47,1
2026-08-24,2026-08-24 14:54:00,1594.82,1595.68,1594.82,1595.68,0.05,116.27,177814.47,1
2026-08-24,2026-08-24 14:55:00,1595.68,1596.55,1595.68,1596.55,0.05,116.27,177814.47,1
2026-08-24,2026-08-24 14:56:00,1596.55,1597.41,1596.55,1597.41,0.05,116.27,177814.47,1
2026-08-24,2026-08-24 14:57:00,1597.41,1598.27,1597.41,1598.27,0.05,116.27,177814.47,1
2026-08-24,2026-08-24 14:58:00,1598.27,1599.14,1598.27,1599.14,0.05,116.27,177814.47,1
2026-08-24,2026-08-24 14:59:00,1599.14,1600.0,1599.14,1600.0,0.05,116.27,177814.47,1
2026-08-24,2026-08-24 15:00:00,1600.0,1600.0,1392.7,1600.0,0.0,116.27,177814.47,0
2026-08-25,2026-08-25 12:16:00,1520.0,1633.0,1520.0,1596.0,-0.25,30200.0,47339916.7,1
2026-08-25,2026-08-25 13:13:00,1520.0,1633.0,1520.0,1596.0,-0.25,30200.0,47339916.7,1
2026-08-25,2026-08-25 13:46:00,1520.0,1633.0,1520.0,1596.0,-0.25,30200.0,47339916.7,1
2026-08-25,2026-08-25 14:16:00,1520.0,1633.0,1520.0,1596.0,-0.25,30200.0,47339916.7,1
2026-08-26,2026-08-26 13:43:00,1516.2,1650.0,1500.0,1609.0,0.81,20879.0,32370752.1,1
2026-08-27,2026-08-27 20:51:00,1528.6,1650.0,1528.6,1612.0,0.19,14132.0,22302907.4,1
2026-09-01,2026-09-01 03:37:00,1534.3,1697.0,1521.0,1528.0,-5.39,5065.0,7877039.8,-1
2026-09-02,2026-09-02 14:48:00,1500.0,1642.0,1500.0,1574.9,3.07,8606.0,13419362.1,1
2026-09-03,2026-09-03 14:49:00,1559.3,1638.0,1515.1,1599.9,1.59,12853.0,20170433.2,1
2026-09-07,2026-09-07 16:09:00,1569.3,1647.0,1510.1,1584.0,-0.99,13229.0,20400774.7,1
2026-09-09,2026-09-09 15:27:00,1504.8,1619.0,1504.8,1550.0,-2.15,3748.0,5769202.3,1
2026-09-10,2026-09-10 14:45:00,1520.0,1595.0,1462.0,1520.0,-1.94,17391.0,26187146.5,0
2026-09-11,2026-09-11 14:44:00,1450.0,1554.0,1450.0,1513.0,-0.46,4576.0,6749497.6,1
2026-09-11,2026-09-11 14:47:00,1450.0,1554.0,1450.0,1513.0,-0.46,4576.0,6749497.6,1
2026-09-14,2026-09-14 17:01:00,1450.0,1559.0,1380.0,1500.0,-0.86,10053.0,14646266.3,1
2026-09-15,2026-09-15 15:53:00,1574.0,1574.0,1450.0,1490.0,-0.67,6753.0,10095537.0,-1
2026-09-16,2026-09-16 15:17:00,1465.0,1500.0,1407.6,1500.0,0.67,11242.0,16468217.6,1
2026-09-17,2026-09-17 15:53:00,1496.9,1544.0,1420.0,1458.0,-2.8,5738.0,8484718.4,-1
2026-09-18,2026-09-18 14:46:00,1450.0,1530.0,1421.1,1490.0,2.19,12171.0,17795797.7,1
2026-09-18,2026-09-18 16:42:00,1450.0,1530.0,1421.1,1490.0,2.19,12171.0,17795797.7,1
2026-09-22,2026-09-22 15:40:00,1482.0,1675.0,1406.0,1452.0,-2.55,25904.0,38533533.3,-1
2026-09-23,2026-09-23 15:21:00,1441.0,1585.0,1431.0,1531.0,5.44,11277.0,16854638.6,1
2026-09-24,2026-09-24 16:03:00,1494.6,1630.0,1470.0,1630.0,6.47,27028.0,41168668.7,1
2026-09-28,2026-09-28 18:24:00,1548.5,1596.0,1510.0,1570.0,-3.68,12033.0,18656715.0,1
2026-09-29,2026-09-29 17:20:00,1491.5,1617.2,1491.5,1547.0,-1.46,10294.0,15628274.5,1
2026-09-30,2026-09-30 16:01:00,1501.0,1590.0,1470.0,1516.9,-1.95,7829.0,11813069.5,1
2026-10-01,2026-10-01 18:09:00,1501.0,1549.0,1462.0,1524.9,0.53,5801.0,8711378.0,1
2026-10-02,2026-10-02 16:56:00,1509.0,1575.0,1450.0,1544.0,1.25,27220.0,40605010.1,1
2026-10-05,2026-10-05 20:03:00,1509.5,1519.0,1450.0,1519.0,-1.62,12648.0,18580349.1,1
2026-10-06,2026-10-06 17:33:00,1470.0,1557.0,1450.0,1535.0,1.05,14293.0,21121741.3,1
2026-10-07,2026-10-07 18:28:00,1489.0,1500.0,1450.0,1485.0,-3.26,8397.0,12216316.2,-1
2026-10-08,2026-10-08 18:09:00,1410.8,1530.0,1410.8,1450.2,-2.34,10019.0,14671775.8,1
2026-10-09,2026-10-09 17:41:00,1425.0,1487.0,1425.0,1482.9,2.25,15987.0,23183268.9,1
